month,year,phase,iqd_per_usd,capex_usd,eligible_chinese_invoices_usd,government_capital_scheduled_usd,government_capital_received_usd,imported_purchases_usd,government_capital_usd_cash,government_capital_iqd_cash,chinese_export_credit_draw_usd,chinese_export_credit_draw_native,chinese_export_credit_interest_native,chinese_export_credit_principal_native,chinese_export_credit_closing_balance_native,chinese_export_credit_debt_service_usd,chinese_export_credit_fees_usd,domestic_bonds_draw_usd,domestic_bonds_draw_native,domestic_bonds_interest_native,domestic_bonds_principal_native,domestic_bonds_closing_balance_native,domestic_bonds_debt_service_usd,domestic_bonds_fees_usd,bank_credit_draw_usd,bank_credit_draw_native,bank_credit_interest_native,bank_credit_principal_native,bank_credit_closing_balance_native,bank_credit_debt_service_usd,bank_credit_fees_usd,revenue_usd,opex_usd,cfads_usd,debt_service_usd,fees_usd,government_operations_and_debt_support_usd,reserve_deposit_usd,reserve_release_usd,closing_restricted_reserve_usd,closing_cash_usd,unfunded_capital_cash_usd,closing_unfunded_capital_usd,government_total_cash_usd,government_total_cash_iqd,cash_balance_residual_usd
0,1,construction,1300.0,0,0,0.0,0.0,0,0.0,0.0,0.0,0.0,0.0,0.0,0,0.0,0.0,0.0,0.0,0.0,0.0,0,0.0,0.0,0.0,0.0,0.0,0.0,0,0.0,0.0,0.0,0.0,0.0,0.0,0.0,0,0,0,0.0,0,0.0,0,0.0,0.0,0.0
1,1,construction,1300.0,0,0,0.0,0.0,0,0.0,0.0,0.0,0.0,0.0,0.0,0,0.0,0.0,0.0,0.0,0.0,0.0,0,0.0,0.0,0.0,0.0,0.0,0.0,0,0.0,0.0,0.0,0.0,0.0,0.0,0.0,0,0,0,0.0,0,0.0,0,0.0,0.0,0.0
2,1,construction,1300.0,0,0,0.0,0.0,0,0.0,0.0,0.0,0.0,0.0,0.0,0,0.0,0.0,0.0,0.0,0.0,0.0,0,0.0,0.0,0.0,0.0,0.0,0.0,0,0.0,0.0,0.0,0.0,0.0,0.0,0.0,0,0,0,0.0,0,0.0,0,0.0,0.0,0.0
3,1,construction,1300.0,0,0,0.0,0.0,0,0.0,0.0,0.0,0.0,0.0,0.0,0,0.0,0.0,0.0,0.0,0.0,0.0,0,0.0,0.0,0.0,0.0,0.0,0.0,0,0.0,0.0,0.0,0.0,0.0,0.0,0.0,0,0,0,0.0,0,0.0,0,0.0,0.0,0.0
4,1,construction,1300.0,0,0,0.0,0.0,0,0.0,0.0,0.0,0.0,0.0,0.0,0,0.0,0.0,0.0,0.0,0.0,0.0,0,0.0,0.0,0.0,0.0,0.0,0.0,0,0.0,0.0,0.0,0.0,0.0,0.0,0.0,0,0,0,0.0,0,0.0,0,0.0,0.0,0.0
5,1,construction,1300.0,0,0,0.0,0.0,0,0.0,0.0,0.0,0.0,0.0,0.0,0,0.0,0.0,0.0,0.0,0.0,0.0,0,0.0,0.0,0.0,0.0,0.0,0.0,0,0.0,0.0,0.0,0.0,0.0,0.0,0.0,0,0,0,0.0,0,0.0,0,0.0,0.0,0.0
6,1,construction,1300.0,0,0,0.0,0.0,0,0.0,0.0,0.0,0.0,0.0,0.0,0,0.0,0.0,0.0,0.0,0.0,0.0,0,0.0,0.0,0.0,0.0,0.0,0.0,0,0.0,0.0,0.0,0.0,0.0,0.0,0.0,0,0,0,0.0,0,0.0,0,0.0,0.0,0.0
7,1,construction,1300.0,0,0,0.0,0.0,0,0.0,0.0,0.0,0.0,0.0,0.0,0,0.0,0.0,0.0,0.0,0.0,0.0,0,0.0,0.0,0.0,0.0,0.0,0.0,0,0.0,0.0,0.0,0.0,0.0,0.0,0.0,0,0,0,0.0,0,0.0,0,0.0,0.0,0.0
8,1,construction,1300.0,0,0,0.0,0.0,0,0.0,0.0,0.0,0.0,0.0,0.0,0,0.0,0.0,0.0,0.0,0.0,0.0,0,0.0,0.0,0.0,0.0,0.0,0.0,0,0.0,0.0,0.0,0.0,0.0,0.0,0.0,0,0,0,0.0,0,0.0,0,0.0,0.0,0.0
9,1,construction,1300.0,0,0,0.0,0.0,0,0.0,0.0,0.0,0.0,0.0,0.0,0,0.0,0.0,0.0,0.0,0.0,0.0,0,0.0,0.0,0.0,0.0,0.0,0.0,0,0.0,0.0,0.0,0.0,0.0,0.0,0.0,0,0,0,0.0,0,0.0,0,0.0,0.0,0.0
10,1,construction,1300.0,0,0,0.0,0.0,0,0.0,0.0,0.0,0.0,0.0,0.0,0,0.0,0.0,0.0,0.0,0.0,0.0,0,0.0,0.0,0.0,0.0,0.0,0.0,0,0.0,0.0,0.0,0.0,0.0,0.0,0.0,0,0,0,0.0,0,0.0,0,0.0,0.0,0.0
11,1,construction,1300.0,0,0,0.0,0.0,0,0.0,0.0,0.0,0.0,0.0,0.0,0,0.0,0.0,0.0,0.0,0.0,0.0,0,0.0,0.0,0.0,0.0,0.0,0.0,0,0.0,0.0,0.0,0.0,0.0,0.0,0.0,0,0,0,0.0,0,0.0,0,0.0,0.0,0.0
12,2,construction,1300.0,0,0,0.0,0.0,0,0.0,0.0,0.0,0.0,0.0,0.0,0,0.0,0.0,0.0,0.0,0.0,0.0,0,0.0,0.0,0.0,0.0,0.0,0.0,0,0.0,0.0,0.0,0.0,0.0,0.0,0.0,0,0,0,0.0,0,0.0,0,0.0,0.0,0.0
13,2,construction,1300.0,0,0,0.0,0.0,0,0.0,0.0,0.0,0.0,0.0,0.0,0,0.0,0.0,0.0,0.0,0.0,0.0,0,0.0,0.0,0.0,0.0,0.0,0.0,0,0.0,0.0,0.0,0.0,0.0,0.0,0.0,0,0,0,0.0,0,0.0,0,0.0,0.0,0.0
14,2,construction,1300.0,0,0,0.0,0.0,0,0.0,0.0,0.0,0.0,0.0,0.0,0,0.0,0.0,0.0,0.0,0.0,0.0,0,0.0,0.0,0.0,0.0,0.0,0.0,0,0.0,0.0,0.0,0.0,0.0,0.0,0.0,0,0,0,0.0,0,0.0,0,0.0,0.0,0.0
15,2,construction,1300.0,0,0,0.0,0.0,0,0.0,0.0,0.0,0.0,0.0,0.0,0,0.0,0.0,0.0,0.0,0.0,0.0,0,0.0,0.0,0.0,0.0,0.0,0.0,0,0.0,0.0,0.0,0.0,0.0,0.0,0.0,0,0,0,0.0,0,0.0,0,0.0,0.0,0.0
16,2,construction,1300.0,0,0,0.0,0.0,0,0.0,0.0,0.0,0.0,0.0,0.0,0,0.0,0.0,0.0,0.0,0.0,0.0,0,0.0,0.0,0.0,0.0,0.0,0.0,0,0.0,0.0,0.0,0.0,0.0,0.0,0.0,0,0,0,0.0,0,0.0,0,0.0,0.0,0.0
17,2,construction,1300.0,0,0,0.0,0.0,0,0.0,0.0,0.0,0.0,0.0,0.0,0,0.0,0.0,0.0,0.0,0.0,0.0,0,0.0,0.0,0.0,0.0,0.0,0.0,0,0.0,0.0,0.0,0.0,0.0,0.0,0.0,0,0,0,0.0,0,0.0,0,0.0,0.0,0.0
18,2,construction,1300.0,29806.057,8301.31505,13649.963524499999,13649.963524499999,10051.62455,0.0,17744952.58185,7056.117792499999,7056.117792499999,14.700245401041665,0.0,7056.117792499999,14.700245401041665,151.50161923367187,6824.9817622499995,8872476.290925,29574.92096975,0.0,8872476.290925,22.749939207500002,34.124908811249995,2274.99392075,2957492.096975,11090.59536365625,0.0,2957492.096975,8.5312272028125,22.749939207500002,0.0,0.0,0.0,45.98141181135417,208.3764672524219,254.35787906377607,0,0,0.0,0,3.637978807091713e-12,3.637978807091713e-12,13904.321403563776,18075617.82463291,0.0
19,2,construction,1300.0,41547.8335,11571.529655,19027.21997595,19027.21997595,14011.354625,0.0,24735385.968735,9835.80020675,9835.80020675,49.89174123281249,0.0,16891.91799925,49.89174123281249,175.20019329002605,9513.609987975,12367692.9843675,100375.48522072501,0.0,21240169.2752925,77.21191170825,47.568049939875,3171.2033293250006,4122564.328122501,37640.80695777188,25402.131074363515,7054654.294023138,48.49456771702723,31.712033293250006,0.0,0.0,0.0,175.59822065808973,254.48027652315108,430.0784971812408,0,0,0.0,0,0.0,3.637978807091713e-12,19457.29847313124,25294488.01507061,0.0
20,2,construction,1300.0,247028.99200000003,68800.293275,113129.24562975,113129.24562975,83306.6468,0.0,147068019.318675,58480.24928375,58480.24928375,192.21684433802085,0.0,75372.167283,192.21684433802085,637.2779135251302,56564.622814875,73534009.6593375,386714.49403307505,0.0,94774178.93463,297.47268771775003,282.82311407437504,18854.874271625,24511336.553112503,144827.41927934543,61001.67470370825,31504989.17243193,158.3300722946567,188.54874271625002,0.0,0.0,0.0,648.0196043504276,1108.6497703157552,1756.6693746661826,0,0,0.0,0,1.4551915228366852e-11,1.8189894035458565e-11,114885.91500441618,149351689.50574103,-2.9103830456733704e-11
21,2,construction,1300.0,4336120.725,36852.806401249996,2582877.5037353626,2582877.5037353626,675193.1046499999,0.0,3357740754.8559713,31324.885441062495,31324.885441062495,379.31087501471353,0.0,106697.0527240625,379.31087501471353,352.6722394978125,1291438.7518676813,1678870377.4279857,6228062.450990819,0.0,1773644556.3626156,4790.817269992938,6457.193759338406,430479.58395589376,559623459.1426619,2334875.390578222,271988.97517681064,590856459.3399171,2005.2802813500252,4304.795839558938,0.0,0.0,0.0,7175.408426357677,11114.661838395157,18290.070264752834,0,0,0.0,0,-4.656612873077393e-10,0,2601167.5740001155,3381517846.20015,0.0
22,2,construction,1300.0,4238657.725500002,70183.84603125,2507400.873824063,2507400.873824063,755861.833625,0.0,3259621135.971282,59656.269126562496,59656.269126562496,568.854947030599,0.0,166353.32185062498,568.854947030599,611.129297550078,1253700.4369120316,1629810567.985641,17256998.93570291,0.0,3403455124.3482566,13274.614565925314,6268.502184560159,417900.1456373439,543270189.3285471,6468686.65503143,5080678.579220395,1129045970.0892437,8884.127103270634,4179.001456373439,0.0,0.0,0.0,22727.596616226547,11058.632938483675,33786.229554710226,0,0,0.0,0,4.656612873077393e-10,1.8189894035458565e-11,2541187.1033787737,3303543234.392406,0.0
23,2,construction,1300.0,53941583.458999984,41129.24127375,32343974.162350375,32343974.162350375,8650441.097549988,0.0,42047166411.05549,34959.8550826875,34959.8550826875,765.9718724665364,0.0,201313.1769333125,765.9718724665364,349.598550826875,16171987.081175188,21023583205.527744,92768311.51408085,0.0,24427038329.876,71360.23962621605,80859.93540587593,5390662.3603917295,7007861068.509249,34747323.78257901,9784973.841053348,8127122064.75744,34255.61355664027,53906.623603917295,0.0,0.0,0.0,106381.82505532287,135116.1575606201,241497.98261594298,0,0,0.0,0,3.725290298461914e-09,3.743480192497373e-09,32585472.14496632,42361113788.456215,0.0
24,3,construction,1300.0,62883255.745,185323.04250000004,37635438.695324995,37635438.695324995,10289627.53342499,0.0,48926070303.92249,157524.58612500003,157524.58612500003,1166.981124982552,0.0,358837.7630583125,1166.981124982552,17600.156988605515,18817719.347662497,24463035151.961246,244390372.70571083,0.0,48890073481.83725,187992.59438900833,94088.5967383125,6272573.1158875,8154345050.65375,91532209.42563236,70049428.29776391,16211417687.113426,124293.56747953559,62725.731158875,0.0,0.0,0.0,313453.1429935265,174414.484885793,487867.6278793195,0,0,0.0,0,7.450580596923828e-09,1.11940607894212e-08,38123306.323204316,49560298220.16561,7.450580596923828e-09
25,3,construction,1300.0,93850579.00849986,684050.3767825,55961481.712940834,55961481.712940834,15854237.325124985,0.0,72749926226.82309,581442.8202651249,581442.8202651249,2706.496554961979,0.0,940280.5833234374,2706.496554961979,21597.071488229627,27980740.856470417,36374963113.411545,447183700.2569535,0.0,85265036595.2488,343987.4617361181,139903.7042823521,9326913.618823474,12124987704.470516,167054336.5451151,140613106.80941945,28195792284.77452,236667.26411887276,93269.13618823474,0.0,0.0,0.0,583361.2224099528,254769.91195881646,838131.1343687692,0,0,0.0,0,7.450580596923828e-09,1.864464138634503e-08,56799612.847309604,73839496701.50249,1.4901161193847656e-08
26,3,construction,1300.0,103637220.12249984,1821514.9503587496,61253359.44881694,61253359.44881694,18082184.926224966,0.0,79629367283.46202,1548287.7078049371,1548287.7078049371,7143.435155107942,0.0,2488568.2911283746,7143.435155107942,30620.400485375692,30626679.72440847,39814683641.73101,701149189.440762,0.0,125079720236.9798,539345.5303390478,153133.39862204235,10208893.241469491,13271561213.91034,261236796.6879727,245810173.40619138,41221543325.27867,390036.1308416647,102088.93241469492,0.0,0.0,0.0,936525.0963358204,285842.73152211297,1222367.8278579335,0,0,0.0,0,0.0,1.864464138634503e-08,62475727.276674874,81218445459.67734,0.0
27,3,construction,1300.0,87060341.51299994,2583021.45492875,50918863.9657863,50918863.9657863,16366690.375924984,0.0,66194523155.522194,2195568.2366894376,2195568.2366894376,14943.135039471223,0.0,4684136.527817812,14943.135039471223,36178.3856756001,25459431.98289315,33097261577.761097,944189006.8390691,0.0,158176981814.7409,726299.2360300532,127297.15991446575,8486477.32763105,11032420525.920366,350533151.9117914,361644227.6059047,51892319623.59313,547828.7534751509,84864.77327631052,0.0,0.0,0.0,1289071.1245446755,248340.31886637636,1537411.4434110518,0,0,0.0,0,0.0,1.864464138634503e-08,52456275.40919735,68193158031.95656,0.0
28,3,construction,1300.0,87893010.68699995,4460578.460422506,50460911.39738449,50460911.39738449,18070313.899399985,0.0,65599184816.59983,3791491.6913591297,3791491.6913591297,27416.176556239072,0.0,8475628.219176942,27416.176556239072,50557.83201756405,25230455.698692244,32799592408.299915,1163845186.7926059,0.0,190976574223.0408,895265.5283020046,126152.27849346121,8410151.899564082,10933197469.433306,430191887.6873234,459114882.60773367,62366402210.4187,684082.1309961977,84101.51899564081,0.0,0.0,0.0,1606763.8358544414,260811.6295066661,1867575.4653611076,0,0,0.0,0,7.450580596923828e-09,2.6095221983268857e-08,52328486.8627456,68027032921.569275,1.4901161193847656e-08
29,3,construction,1300.0,94835222.63799986,5376725.462432502,54159003.59695934,54159003.59695934,19461512.332549985,0.0,70406704676.04713,4570216.643067626,4570216.643067626,44836.40225296148,0.0,13045844.862244569,44836.40225296148,56440.8246000375,27079501.79847967,35203352338.02357,1390521669.280351,0.0,226179926561.0644,1069632.0532925776,135397.50899239833,9026500.599493224,11734450779.341192,511752207.0006697,556464332.9247086,73544388656.83519,821705.0307118294,90265.00599493225,0.0,0.0,0.0,1936173.4862573685,282103.3395873681,2218276.825844737,0,0,0.0,0,7.450580596923828e-09,3.3545802580192685e-08,56377280.42280407,73290464549.6453,0.0
30,3,construction,1300.0,120943150.65899937,7326471.573536262,68829389.89289613,68829389.89289613,23928747.50237501,0.0,89478206860.76497,6227500.837505822,6227500.837505822,67331.64700415617,0.0,19273345.69975039,67331.64700415617,70418.87452879203,34414694.946448065,44739103430.382484,1656996521.8417044,0.0,270919029991.44687,1274612.7091090034,172073.47473224034,11471564.982149355,14913034476.79416,607506794.214242,661425931.5039747,87795997202.12538,976102.0967063205,114715.64982149356,0.0,0.0,0.0,2318046.45281948,357207.9990825259,2675254.451902006,0,0,0.0,0,-1.4901161193847656e-08,1.864464138634503e-08,71504644.34479813,92956037648.23758,0.0
31,3,construction,1300.0,74684476.41549988,8320008.250768767,40567481.641407855,40567481.641407855,17569086.06894997,0.0,52737726133.83021,7072007.0131534515,7072007.0131534515,95038.955026363,0.0,26345352.712903842,95038.955026363,75917.2666964544,20283740.820703927,26368863066.915104,1894023076.8326962,0.0,297287893058.362,1456940.8283328433,101418.70410351965,6761246.940234643,8789621022.305037,691431057.8495842,794475846.2060912,95791142378.22432,1143005.3108120582,67612.46940234644,0.0,0.0,0.0,2694985.094171264,244948.4402023205,2939933.5343735847,0,0,0.0,0,7.450580596923828e-09,2.6095221983268857e-08,43507415.175781436,56559639728.51587,-2.9802322387695312e-08
32,3,construction,1300.0,23045575.01350006,5745896.7229362605,10896937.679402545,10896937.679402545,7414343.912575008,0.0,14166018983.223309,4884012.214495821,4884012.214495821,119947.32841729897,0.0,31229364.92739966,119947.32841729897,52002.31362050482,5448468.839701273,7083009491.611654,2005529318.694452,0.0,304370902549.97363,1542714.860534194,27242.344198506362,1816156.2799004242,2361003163.8705516,727287329.701197,875929157.8892941,97276216384.20558,1233243.4519926857,18161.56279900424,0.0,0.0,0.0,2895905.640944178,97406.22061801543,2993311.861562194,0,0,0.0,0,-1.862645149230957e-09,2.42325768340379e-08,13890249.54096474,18057324403.25416,0.0
33,3,construction,1300.0,20807221.535500012,4609500.301047507,10133487.767765779,10133487.767765779,6337679.535650008,0.0,13173534098.095512,3918075.2558903806,3918075.2558903806,138285.01064727022,0.0,35147440.18329004,138285.01064727022,40710.41267782943,5066743.8838828895,6586767049.047756,2051095240.49665,0.0,310957669599.02136,1577765.5696128076,25333.719419414447,1688914.6279609632,2195589016.349252,737805081.6928515,902777467.5201465,98569027933.03468,1261986.5763176908,16889.14627960963,0.0,0.0,0.0,2978037.1565777687,82933.27837685352,3060970.4349546223,0,0,0.0,0,0.0,2.42325768340379e-08,13194458.202720402,17152795663.536522,-3.725290298461914e-09
34,3,construction,1300.0,15874764.798499981,2905086.11230875,8043264.961822526,8043264.961822526,4393859.684500001,0.0,10456244450.369284,2469323.1954624373,2469323.1954624373,151592.09075425524,0.0,37616763.37875248,151592.09075425524,25194.007408773985,4021632.480911263,5228122225.184642,2090478204.7440915,0.0,316185791824.206,1608060.1574954551,20108.162404556315,1340544.1603037545,1742707408.3948808,745802862.279241,928406384.414852,99383328957.01471,1287853.2666877639,13405.441603037545,0.0,0.0,0.0,3047505.5149374744,58707.61141636784,3106213.126353842,0,0,0.0,0,9.313225746154785e-10,2.516389940865338e-08,11149478.088176368,14494321514.629278,-3.725290298461914e-09
35,3,construction,1300.0,8224559.228000003,1413954.2234812495,4213618.882824564,4213618.882824564,2217581.015849999,0.0,5477704547.671934,1201861.0899590622,1201861.0899590622,159240.3913488834,0.0,38818624.46871154,159240.3913488834,12018.610899590622,2106809.441412282,2738852273.835967,2117034786.4074936,0.0,318924644098.042,1628488.2972365336,10534.04720706141,702269.8138040942,912950757.9453225,748798532.5199053,950337682.6130159,99345942032.34702,1307027.8577945547,7022.6981380409425,0.0,0.0,0.0,3094756.5463799713,29575.35624469297,3124331.9026246644,0,0,0.0,0,0.0,2.516389940865338e-08,7337950.785449229,9539336021.083998,0.0
36,4,construction,1300.0,1805407.3104999987,445421.1889362497,856079.5799425119,856079.5799425119,582267.094524999,0.0,1112903453.9252653,378608.01059581223,378608.01059581223,162533.03530837272,0.0,39197232.47930735,162533.03530837272,3989.6562304067247,428039.78997125593,556451726.9626327,2128019133.0768223,0.0,319481095825.00464,1636937.7946744787,2140.19894985628,142679.92999041866,185483908.98754427,745790129.9013059,965306620.7401673,98566119320.59439,1316228.2697242103,1426.7992999041867,0.0,0.0,0.0,3115699.0997070614,7556.654480167192,3123255.7541872286,0,0,0.0,0,0.0,2.516389940865338e-08,3979335.3341297405,5173135934.368663,9.313225746154785e-10
37,4,construction,1300.0,954245.4465000001,265767.85448499996,437005.66211265005,437005.66211265005,321804.2821749998,0.0,568107360.7464451,225902.67631224997,225902.67631224997,163792.43257276452,0.0,39423135.15561961,163792.43257276452,2368.476772440998,218502.83105632503,284053680.37322253,2130820817.7679417,0.0,319765149505.37787,1639092.9367445705,1092.514155281625,72834.27701877501,94684560.12440751,739600962.0049243,974139556.2059903,97686664324.51282,1318261.9370853188,728.3427701877501,0.0,0.0,0.0,3121147.306402654,4189.333697910373,3125336.6401005643,0,0,0.0,0,0.0,2.516389940865338e-08,3562342.3022132143,4631044992.877178,0.0
38,4,construction,1300.0,692765.0305,192942.6822225001,317258.25036652497,317258.25036652497,233624.12077500002,0.0,412435725.47648245,164001.2798891251,164001.2798891251,164604.7324815174,0.0,39587136.43550873,164604.7324815174,1681.1289415892804,158629.12518326248,206217862.73824123,2132455056.24498,0.0,319971367368.1161,1640350.0432653693,793.1456259163124,52876.3750610875,68739287.57941376,732907754.7622689,982258855.9744613,96773144756.11777,1319358.9313359463,528.763750610875,0.0,0.0,0.0,3124313.707082833,3003.038318116468,3127316.74540095,0,0,0.0,0,-5.820766091346741e-11,2.510569174773991e-08,3444574.9957674746,4477947494.497717,0.0
39,4,construction,1300.0,376188.57149999996,104772.65437624998,172279.08916811246,172279.08916811246,126863.68362499995,0.0,223962815.9185462,89056.75621981248,89056.75621981248,165131.936723411,0.0,39676193.19172854,165131.936723411,894.5767231378992,86139.54458405623,111981407.9592731,2133515720.4806385,0.0,320083348776.0754,1641165.9388312604,430.6977229202812,28713.181528018747,37327135.98642437,725938562.4308321,990216204.5148286,95820255687.58936,1320119.051496662,287.1318152801875,0.0,0.0,0.0,3126416.9270513337,1612.4062613383678,3128029.333312672,0,0,0.0,0,2.9103830456733704e-11,2.5134795578196645e-08,3300308.4224807844,4290400949.2250195,0.0
40,4,construction,1300.0,40644.65620127201,11319.983829951025,18613.601967488183,18613.601967488183,13706.771590107488,0.0,24197682.55773464,9621.98625545837,9621.98625545837,165337.51743690114,0.0,39685815.177984,165337.51743690114,96.21986255458371,9306.800983744091,12098841.27886732,2133929321.3114324,0.0,320095447617.35425,1641484.0933164863,46.534004918720456,3102.266994581364,4032947.092955773,718667041.2085185,997963431.7409004,94826325202.94142,1320484.9791918609,31.022669945813643,0.0,0.0,0.0,3127306.5899452483,173.77653741911783,3127480.3664826676,0,0,0.0,0,0.0,2.5134795578196645e-08,3146093.968450156,4089922158.985203,0.0
41,4,operations,1300.0,0,0,0.0,0.0,0,0.0,0.0,0.0,0.0,165357.56324160003,0.0,39685815.177984,165357.56324160003,0.0,0.0,0.0,2133969650.7823617,0.0,320095447617.35425,1641515.1159864322,0.0,0.0,0.0,711197439.0220605,1005482796.7771567,93820842406.16426,1320523.2583070903,0.0,3226092.992,2016873.3431306668,1209219.6488693333,3127395.9375351225,0.0,20682551.913876526,18764375.625210736,0,18764375.625210736,0,0.0,2.5134795578196645e-08,20682551.913876526,26887317488.039482,0.0
42,4,operations,1300.0,0,0,0.0,0.0,0,0.0,0.0,0.0,0.0,165357.56324160003,0.0,39685815.177984,165357.56324160003,0.0,0.0,0.0,2133969650.7823617,0.0,320095447617.35425,1641515.1159864322,0.0,0.0,0.0,703656318.046232,1013023917.7529857,92807818488.41127,1320523.2583070905,0.0,3226092.992,2016873.3431306668,1209219.6488693333,3127395.937535123,0.0,1918176.2886657934,3.725290298461914e-09,0,18764375.62521074,0,0.0,2.5134795578196645e-08,1918176.2886657934,2493629175.2655315,0.0
43,4,operations,1300.0,0,0,0.0,0.0,0,0.0,0.0,0.0,0.0,165357.56324160003,0.0,39685815.177984,165357.56324160003,0.0,0.0,0.0,2133969650.7823617,25640.162666441458,320095421977.1916,1641534.8391884833,0.0,0.0,0.0,696058638.6630845,1020621597.1361331,91787196891.27515,1320523.2583070905,0.0,3226092.992,2016873.3431306668,1209219.6488693333,3127415.6607371736,0.0,1918314.3510801424,118.33921230211854,0,18764493.96442304,0,0.0,2.5134795578196645e-08,1918314.3510801424,2493808656.4041853,0.0
44,4,operations,1300.0,0,0,0.0,0.0,0,0.0,0.0,0.0,0.0,165357.56324160003,0.0,39685815.177984,165357.56324160003,0.0,0.0,0.0,2133969479.847944,61551.926310455005,320095360425.26526,1641562.332134042,0.0,0.0,0.0,688403976.6845635,1028276259.114654,90758920632.16049,1320523.2583070903,0.0,3226092.992,2016873.3431306668,1209219.6488693333,3127443.153682732,0.0,1918388.462486751,164.9576733522117,0,18764658.922096394,0,0.0,2.5134795578196645e-08,1918388.462486751,2493905001.232776,0.0
45,4,operations,1300.0,0,0,0.0,0.0,0,0.0,0.0,0.0,0.0,165357.56324160003,0.0,39685815.177984,165357.56324160003,0.0,0.0,0.0,2133969069.5017686,274464.83742475254,320095085960.4278,1641725.7956455334,0.0,0.0,0.0,680691904.7412037,1035988331.0580139,89722932301.10248,1320523.2583070905,0.0,3226092.992,2016873.3431306668,1209219.6488693333,3127606.617194224,0.0,1919367.7493938417,980.7810689508915,0,18765639.703165345,0,0.0,2.5134795578196645e-08,1919367.7493938417,2495178074.211994,0.0
46,4,operations,1300.0,0,0,0.0,0.0,0,0.0,0.0,0.0,0.0,165357.56324160003,0.0,39685815.177984,165357.56324160003,0.0,0.0,0.0,2133967239.7361858,5127985.175249812,320089957975.25256,1645457.865316489,0.0,0.0,0.0,672921992.2582685,1043758243.5409489,88679174057.56152,1320523.2583070903,0.0,3226092.992,2016873.3431306668,1209219.6488693333,3131338.6868651793,0.0,1944511.456021578,22392.41802573204,0,18788032.121191077,0,0.0,2.5134795578196645e-08,1944511.456021578,2527864892.8280516,0.0
47,4,operations,1300.0,0,0,0.0,0.0,0,0.0,0.0,0.0,0.0,165357.56324160003,0.0,39685815.177984,165357.56324160003,0.0,0.0,0.0,2133933053.1683507,9872086.62010507,320080085888.63245,1649080.8767603505,0.0,0.0,0.0,665093805.4317114,1051586430.3675063,87627587627.19402,1320523.2583070905,0.0,3226092.992,2016873.3431306668,1209219.6488693333,3134961.698309041,0.0,1947480.1181028765,21738.0686631687,0,18809770.189854246,0,0.0,2.5134795578196645e-08,1947480.1181028765,2531724153.5337396,0.0
48,5,operations,1300.0,0,0,0.0,0.0,0,0.0,0.0,0.0,0.0,165357.56324160003,0.0,39685815.177984,165357.56324160003,0.0,0.0,0.0,2133867239.25755,70692990.26527344,320009392898.3672,1695815.5611714025,0.0,0.0,0.0,657206907.203955,1059473328.5952625,86568114298.59875,1320523.2583070905,0.0,3226092.992,2016873.3431306668,1209219.6488693333,3181696.3827200932,0.0,2252884.840317072,280408.10646631196,0,19090178.296320558,0,0.0,2.5134795578196645e-08,2252884.840317072,2928750292.4121933,0.0
49,5,operations,1300.0,0,0,0.0,0.0,0,0.0,0.0,0.0,0.0,165357.56324160003,0.0,39685815.177984,165357.56324160003,0.0,0.0,0.0,2133395952.6557815,141858881.17415237,319867534017.19305,1750196.0260230263,0.0,0.0,0.0,649260857.2394905,1067419378.5597266,85500694920.03902,1320523.2583070903,0.0,3226092.992,2016873.3431306668,1209219.6488693333,3236076.8475717166,0.0,2353139.9878121275,326282.78910974413,0,19416461.0854303,0,0.0,2.5134795578196645e-08,2353139.9878121275,3059081984.1557655,0.0
50,5,operations,1300.0,0,0,0.0,0.0,0,0.0,0.0,0.0,0.0,165357.56324160003,0.0,39685815.177984,165357.56324160003,0.0,0.0,0.0,2132450226.7812872,247922946.12695217,319619611071.0661,1831056.2868524918,0.0,0.0,0.0,641255211.9002925,1075425023.898925,84425269896.14009,1320523.2583070905,0.0,3226092.992,2016873.3431306668,1209219.6488693333,3316937.108401182,0.0,2592879.024508638,485161.56497678906,0,19901622.65040709,0,0.0,2.5134795578196645e-08,2592879.024508638,3370742731.8612294,0.0
51,5,operations,1300.0,0,0,0.0,0.0,0,0.0,0.0,0.0,0.0,165357.56324160003,0.0,39685815.177984,165357.56324160003,0.0,0.0,0.0,2130797407.1404407,364634395.5813316,319254976675.48474,1919562.925170594,0.0,0.0,0.0,633189524.2210506,1083490711.5781674,83341779184.56194,1320523.258307091,0.0,3226092.992,2016873.3431306668,1209219.6488693333,3405443.746719285,0.0,2727263.9277585684,531039.8299086168,0,20432662.480315708,0,0.0,2.5134795578196645e-08,2727263.9277585684,3545443106.0861387,0.0
52,5,operations,1300.0,0,0,0.0,0.0,0,0.0,0.0,0.0,0.0,165357.56324160003,0.0,39685815.177984,165357.56324160003,0.0,0.0,0.0,2128366511.1698985,462711551.15761065,318792265124.32715,1993136.9710211607,0.0,0.0,0.0,625063343.8842145,1091616891.9150033,82250162292.64693,1320523.2583070905,0.0,3226092.992,2016873.3431306668,1209219.6488693333,3479017.792569851,0.0,2711242.4188039154,441444.27510339767,0,20874106.755419105,0,0.0,2.5134795578196645e-08,2711242.4188039154,3524615144.44509,0.0
53,5,operations,1300.0,0,0,0.0,0.0,0,0.0,0.0,0.0,0.0,165357.56324160003,0.0,39685815.177984,165357.56324160003,0.0,0.0,0.0,2125281767.4955144,560582333.9451082,318231682790.382,2066049.3088004787,0.0,0.0,0.0,616876217.1948519,1099804018.6043656,81150358274.04257,1320523.2583070903,0.0,4839139.488,2016873.3431306668,2822266.144869333,3551930.1303491686,0.0,1167138.0121557415,437474.02667590603,0,21311580.78209501,0,0.0,2.5134795578196645e-08,1167138.0121557415,1517279415.802464,0.0
54,5,operations,1300.0,0,0,0.0,0.0,0,0.0,0.0,0.0,0.0,165357.56324160003,0.0,39685815.177984,165357.56324160003,0.0,0.0,0.0,2121544551.9358802,666052104.2903999,317565630686.0916,2144305.1201740615,0.0,0.0,0.0,608627687.0553191,1108052548.7438984,80042305725.29868,1320523.2583070903,0.0,4839139.488,2016873.3431306668,2822266.144869333,3630185.9417227516,0.0,1277454.6650949186,469534.8682415001,0,21781115.65033651,0,0.0,2.5134795578196645e-08,1277454.6650949186,1660691064.6233943,0.0
55,5,operations,1300.0,0,0,0.0,0.0,0,0.0,0.0,0.0,0.0,165357.56324160003,0.0,39685815.177984,165357.56324160003,0.0,0.0,0.0,2117104204.5739443,799781936.559617,316765848749.53204,2243758.570102739,0.0,0.0,0.0,600317292.9397398,1116362942.859478,78925942782.4392,1320523.2583070905,0.0,4839139.488,2016873.3431306668,2822266.144869333,3729639.3916514297,0.0,1504093.9463541643,596720.6995720677,0,22377836.34990858,0,0.0,2.5134795578196645e-08,1504093.9463541643,1955322130.2604136,0.0
56,5,operations,1300.0,0,0,0.0,0.0,0,0.0,0.0,0.0,0.0,165357.56324160003,0.0,39685815.177984,165357.56324160003,0.0,0.0,0.0,2111772324.9968803,881315985.2037721,315884532764.32825,2302375.623231271,0.0,0.0,0.0,591944570.868294,1124735664.9309235,77801207117.50827,1320523.2583070903,0.0,4839139.488,2016873.3431306668,2822266.144869333,3788256.4447799614,0.0,1317692.6186818155,351702.3187711872,0,22729538.668679766,0,0.0,2.5134795578196645e-08,1317692.6186818155,1713000404.28636,0.0
57,5,operations,1300.0,0,0,0.0,0.0,0,0.0,0.0,0.0,0.0,165357.56324160003,0.0,39685815.177984,165357.56324160003,0.0,0.0,0.0,2105896885.0955217,907660289.6676232,314976872474.66064,2318120.9036639575,0.0,0.0,0.0,583509053.3813121,1133171182.4179056,76668035935.09036,1320523.2583070905,0.0,4839139.488,2016873.3431306668,2822266.144869333,3804001.725212648,0.0,1076207.262939436,94471.68259612098,0,22824010.351275887,0,0.0,2.5134795578196645e-08,1076207.262939436,1399069441.8212667,0.0
58,5,operations,1300.0,0,0,0.0,0.0,0,0.0,0.0,0.0,0.0,165357.56324160003,0.0,39685815.177984,165357.56324160003,0.0,0.0,0.0,2099845816.497738,932746154.5326324,314044126320.128,2332763.054638746,0.0,0.0,0.0,575010269.5131776,1141669966.2860394,75526365968.80432,1320523.25830709,0.0,4839139.488,2016873.3431306668,2822266.144869333,3818643.8761874363,0.0,1084230.6371668335,87852.90584873036,0,22911863.257124618,0,0.0,2.5134795578196645e-08,1084230.6371668335,1409499828.3168836,0.0
59,5,operations,1300.0,0,0,0.0,0.0,0,0.0,0.0,0.0,0.0,165357.56324160003,0.0,39685815.177984,165357.56324160003,0.0,0.0,0.0,2093627508.8008535,954072973.0779346,313090053347.05005,2344384.9860606063,0.0,0.0,0.0,566447744.7660322,1150232491.0331855,74376133477.77113,1320523.2583070905,0.0,4839139.488,2016873.3431306668,2822266.144869333,3830265.807609297,0.0,1077731.2512711263,69731.58853116259,0,22981594.84565578,0,0.0,2.5134795578196645e-08,1077731.2512711263,1401050626.6524642,0.0
60,6,operations,1300.0,0,0,0.0,0.0,0,0.0,0.0,0.0,0.0,165357.56324160003,0.0,39685815.177984,165357.56324160003,0.0,0.0,0.0,2087267022.3136675,968348343.2478571,312121705003.8022,2350473.3581242496,0.0,0.0,0.0,557821001.0832833,1158859234.7159345,73217274243.0552,1320523.2583070905,0.0,4839139.488,2016873.3431306668,2822266.144869333,3836354.17967294,0.0,1050618.2671854687,36530.23238186166,0,23018125.078037642,0,0.0,2.5134795578196645e-08,1050618.2671854687,1365803747.3411093,0.0
61,6,operations,1300.0,0,0,0.0,0.0,0,0.0,0.0,0.0,0.0,165357.56324160003,0.0,39685815.177984,165357.56324160003,0.0,0.0,0.0,2080811366.6920152,976412063.2167691,311145292940.58545,2351710.330699065,0.0,0.0,0.0,549129556.822914,1167550678.9763033,72049723564.0789,1320523.2583070903,0.0,4839139.488,2016873.3431306668,2822266.144869333,3837591.152247755,0.0,1022746.8428273089,7421.835448887199,0,23025546.91348653,0,0.0,2.5134795578196645e-08,1022746.8428273089,1329570895.6755016,0.0
62,6,operations,1300.0,0,0,0.0,0.0,0,0.0,0.0,0.0,0.0,165357.56324160003,0.0,39685815.177984,165357.56324160003,0.0,0.0,0.0,2074301952.9372363,983742350.6861634,310161550589.8993,2352341.772018,0.0,0.0,0.0,540372926.7305915,1176307309.0686262,70873416255.01027,1320523.2583070905,0.0,4839139.488,2016873.3431306668,2822266.144869333,3838222.5935666906,0.0,1019745.0966109736,3788.6479136161506,0,23029335.561400145,0,0.0,2.5134795578196645e-08,1019745.0966109736,1325668625.5942657,0.0
63,6,operations,1300.0,0,0,0.0,0.0,0,0.0,0.0,0.0,0.0,165357.56324160003,0.0,39685815.177984,165357.56324160003,0.0,0.0,0.0,2067743670.5993285,990896572.5760024,309170654017.32324,2352800.187057947,0.0,0.0,0.0,531550621.912577,1185129613.8866405,69688286641.12363,1320523.2583070903,0.0,4839139.488,2016873.3431306668,2822266.144869333,3838681.008606637,0.0,1019165.3539769799,2750.490239676088,0,23032086.05163982,0,0.0,2.5134795578196645e-08,1019165.3539769799,1324914960.1700737,0.0
64,6,operations,1300.0,0,0,0.0,0.0,0,0.0,0.0,0.0,0.0,165357.56324160003,0.0,39685815.177984,165357.56324160003,0.0,0.0,0.0,2061137693.448822,997826159.6660058,308172827857.6573,2353049.117780637,0.0,0.0,0.0,522662149.8084272,1194018085.9907908,68494268555.13284,1320523.258307091,0.0,4839139.488,2016873.3431306668,2822266.144869333,3838929.939329328,0.0,1018157.3787961416,1493.5843361467123,0,23033579.635975968,0,0.0,2.5134795578196645e-08,1018157.3787961416,1323604592.434984,0.0
65,6,operations,1300.0,0,0,0.0,0.0,0,0.0,0.0,0.0,0.0,165357.56324160003,0.0,39685815.177984,165357.56324160003,0.0,0.0,0.0,2054485519.0510485,1004513297.9507815,307168314559.7065,2353076.013078331,0.0,0.0,0.0,513707014.1634963,1202973221.6357217,67291295333.497116,1320523.2583070907,0.0,6452185.984,2016873.3431306668,4435312.640869333,3838956.834627022,0.0,0,161.37178616598248,0,23033741.007762134,596194.4344561454,0.0,2.5134795578196645e-08,0.0,0.0,0.0
66,6,operations,1300.0,0,0,0.0,0.0,0,0.0,0.0,0.0,0.0,165357.56324160003,0.0,39685815.177984,165357.56324160003,0.0,0.0,0.0,2047788763.7313766,1011210053.2704531,306157104506.43604,2353076.0130783306,0.0,0.0,0.0,504684715.00122833,1211995520.797989,66079299812.69913,1320523.2583070903,0.0,6452185.984,2016873.3431306668,4435312.640869333,3838956.834627021,0.0,0,0,7.450580596923828e-09,23033741.007762127,1192550.2406984651,0.0,2.5134795578196645e-08,0.0,0.0,0.0
67,6,operations,1300.0,0,0,0.0,0.0,0,0.0,0.0,0.0,0.0,165357.56324160003,26.39883899638296,39685788.779145,165383.96208059642,0.0,0.0,0.0,2041047363.3762407,1017951453.6255896,305139153052.8104,2353076.013078331,0.0,0.0,0.0,495594748.5952435,1221085487.2039742,64858214325.495155,1320523.2583070905,0.0,6452185.984,2016873.3431306668,4435312.640869333,3838983.233466018,0.0,0,158.39303398132324,0,23033899.400796108,1788721.2550677992,0.0,2.5134795578196645e-08,0.0,0.0,0.0
68,6,operations,1300.0,0,0,0.0,0.0,0,0.0,0.0,0.0,0.0,165357.45324643757,63.307214471420394,39685725.47193053,165420.760460909,0.0,0.0,0.0,2034261020.3520699,1024737796.64976,304114415256.1607,2353076.013078331,0.0,0.0,0.0,486436607.4412137,1230243628.358004,63627970697.137146,1320523.2583070905,0.0,6452185.984,2016873.3431306668,4435312.640869333,3839020.0318463305,0.0,0,220.79028187692165,0,23034120.191077985,2384793.073808925,0.0,2.5134795578196645e-08,0.0,0.0,0.0
69,6,operations,1300.0,0,0,0.0,0.0,0,0.0,0.0,0.0,0.0,165357.18946637725,282.3613734212235,39685443.11055711,165639.55083979847,0.0,0.0,0.0,2027429435.0410714,1031569381.9607583,303082845874.19995,2353076.0130783306,0.0,0.0,0.0,477209780.22852856,1239470455.5706885,62388500241.56646,1320523.25830709,0.0,6452185.984,2016873.3431306668,4435312.640869333,3839238.822225219,0.0,0,1312.7422733306885,0,23035432.933351316,2979554.150179709,0.0,2.5134795578196645e-08,0.0,0.0,-4.656612873077393e-10
70,6,operations,1300.0,0,0,0.0,0.0,0,0.0,0.0,0.0,0.0,165356.01296065465,400.7327207913977,39685042.37783632,165756.74568144605,0.0,0.0,0.0,2020552305.828,1038446511.1738303,302044399363.0261,2353076.013078331,0.0,0.0,0.0,467913751.81174845,1248766483.9874692,61139733757.578995,1320523.2583070905,0.0,6452185.984,2016873.3431306668,4435312.640869333,3839356.0170668676,0.0,0,703.1690498888493,0,23036136.102401204,3574807.6049322863,0.0,2.5134795578196645e-08,0.0,0.0,-4.656612873077393e-10
71,6,operations,1300.0,0,0,0.0,0.0,0,0.0,0.0,0.0,0.0,165354.34324098472,625.5926266386591,39684416.785209686,165979.93586762337,0.0,0.0,0.0,2013629329.0868409,1045369487.9149889,300999029875.11115,2353076.0130783306,0.0,0.0,0.0,458548003.1818424,1258132232.6173751,59881601524.96162,1320523.2583070903,0.0,6452185.984,2016873.3431306668,4435312.640869333,3839579.2072530445,0.0,0,1339.1411170624197,0,23037475.243518267,4169201.8974315133,0.0,2.5134795578196645e-08,0.0,0.0,0.0
72,7,operations,1300.0,0,0,0.0,0.0,0,0.0,0.0,0.0,0.0,165351.73660504038,758.9935056504289,39683657.79170403,166110.7301106908,0.0,0.0,0.0,2006660199.1674075,1052338617.8344222,299946691257.2767,2353076.0130783306,0.0,0.0,0.0,449112011.43721217,1267568224.362005,58614033300.59961,1320523.2583070903,0.0,6452185.984,2016873.3431306668,4435312.640869333,3839710.001496112,0.0,0,784.7654584050179,0,23038260.00897667,4764019.771346329,0.0,2.5134795578196645e-08,0.0,0.0,0.0
73,7,operations,1300.0,0,0,0.0,0.0,0,0.0,0.0,0.0,0.0,165348.57413210016,1351.4979240306375,39682306.29378,166700.0720561308,0.0,0.0,0.0,1999644608.3818448,1059354208.6199852,298887337048.65674,2353076.013078331,0.0,0.0,0.0,439605249.75449705,1277074986.0447204,57336958314.554886,1320523.2583070903,0.0,6452185.984,2016873.3431306668,4435312.640869333,3840299.3434415525,0.0,0,3536.051672641188,0,23041796.060649313,5355497.017101468,0.0,2.5134795578196645e-08,0.0,0.0,0.0
74,7,operations,1300.0,0,0,0.0,0.0,0,0.0,0.0,0.0,0.0,165342.94289075004,3532.4635134123237,39678773.83026659,168875.40640416235,0.0,0.0,0.0,1992582246.9910443,1066416570.0107851,297820920478.64594,2353076.01307833,0.0,0.0,0.0,430027187.3591617,1286653048.440056,56050305266.11483,1320523.2583070905,0.0,6452185.984,2016873.3431306668,4435312.640869333,3842474.677789583,0.0,0,13052.00608818233,0,23054848.066737495,5935282.974093036,0.0,2.5134795578196645e-08,0.0,0.0,0.0
75,7,operations,1300.0,0,0,0.0,0.0,0,0.0,0.0,0.0,0.0,165328.22429277748,9339.743845808523,39669434.08642078,174667.968138586,0.0,0.0,0.0,1985472803.1909733,1073526013.8108569,296747394464.8351,2353076.013078331,0.0,0.0,0.0,420377289.49586123,1296302946.3033562,54754002319.81148,1320523.2583070903,0.0,6452185.984,2016873.3431306668,4435312.640869333,3848267.239524007,0.0,0,34755.3704065457,0,23089603.43714404,6487573.005031817,0.0,2.5134795578196645e-08,0.0,0.0,0.0
76,7,operations,1300.0,0,0,0.0,0.0,0,0.0,0.0,0.0,0.0,165289.30869341994,17592.872145461894,39651841.214275315,182882.18083888182,0.0,0.0,0.0,1978315963.0989006,1080682853.9029293,295666711610.9321,2353076.013078331,0.0,0.0,0.0,410655017.3985861,1306025218.4006314,53447977101.41084,1320523.2583070903,0.0,6452185.984,2016873.3431306668,4435312.640869333,3856481.452224303,0.0,0,49285.27620177716,0,23138888.71334582,7017118.917475071,0.0,2.5134795578196645e-08,0.0,0.0,0.0
77,7,operations,1300.0,0,0,0.0,0.0,0,0.0,0.0,0.0,0.0,165216.00505948052,31851.168385774872,39619990.04588954,197067.17344525538,0.0,0.0,0.0,1971111410.7395477,1087887406.2622821,294578824204.66986,2353076.013078331,0.0,0.0,0.0,400859828.2605813,1315820407.5386364,52132156693.87221,1320523.2583070905,0.0,6452185.984,2016873.3431306668,4435312.640869333,3870666.444830677,0.0,0,85109.95563824475,0,23223998.668984063,7496655.157875484,0.0,2.5134795578196645e-08,0.0,0.0,0.0
78,7,operations,1300.0,0,0,0.0,0.0,0,0.0,0.0,0.0,0.0,165083.29185787312,49082.2941829274,39570907.751706615,214165.58604080052,0.0,0.0,0.0,1963858828.0311327,1095139988.9706979,293483684215.69916,2353076.013078331,0.0,0.0,0.0,390991175.20404154,1325689060.5951767,50806467633.27703,1320523.258307091,0.0,6452185.984,2016873.3431306668,4435312.640869333,3887764.8574262224,0.0,0,102590.47557327151,0,23326589.144557334,7941612.465745322,0.0,2.5134795578196645e-08,0.0,0.0,0.0
79,7,operations,1300.0,0,0,0.0,0.0,0,0.0,0.0,0.0,0.0,164878.7822987776,72585.56331402113,39498322.188392594,237464.34561279873,0.0,0.0,0.0,1956557894.771328,1102440922.2305017,292381243293.4686,2353076.0130783306,0.0,0.0,0.0,381048507.24957776,1335631728.54964,49470835904.727394,1320523.2583070905,0.0,6452185.984,2016873.3431306668,4435312.640869333,3911063.61699822,0.0,0,139792.5574319847,0,23466381.70198932,8326068.932184452,0.0,2.5134795578196645e-08,0.0,0.0,0.0
80,7,operations,1300.0,0,0,0.0,0.0,0,0.0,0.0,0.0,0.0,164576.34245163584,99346.2880157562,39398975.90037684,263922.63046739204,0.0,0.0,0.0,1949208288.6231246,1109790528.3787057,291271452765.08997,2353076.013078331,0.0,0.0,0.0,371031269.2854554,1345648966.513762,48125186938.21363,1320523.2583070903,0.0,6452185.984,2016873.3431306668,4435312.640869333,3937521.9018528135,0.0,0,158749.70912756398,0,23625131.411116883,8665109.962073408,0.0,2.5134795578196645e-08,0.0,0.0,0.0
81,7,operations,1300.0,0,0,0.0,0.0,0,0.0,0.0,0.0,0.0,164162.39958490353,118032.63731026756,39280943.26306657,282195.0368951711,0.0,0.0,0.0,1941809685.1005995,1117189131.90123,290154263633.1887,2353076.0130783306,0.0,0.0,0.0,360938902.0366022,1355741333.7626152,46769445604.45101,1320523.2583070903,0.0,6452185.984,2016873.3431306668,4435312.640869333,3955794.308280592,0.0,0,109634.43856666982,0,23734765.849683553,9034993.856095482,0.0,2.5134795578196645e-08,0.0,0.0,0.0
82,7,operations,1300.0,0,0,0.0,0.0,0,0.0,0.0,0.0,0.0,163670.5969294441,133183.01581403575,39147760.24725254,296853.61274347984,0.0,0.0,0.0,1934361757.5545917,1124637059.4472384,289029626573.74146,2353076.013078331,0.0,0.0,0.0,350770842.0333827,1365909393.7658348,45403536210.68518,1320523.2583070903,0.0,6452185.984,2016873.3431306668,4435312.640869333,3970452.884128901,0.0,0,87951.45508985221,0,23822717.304773405,9411902.157746062,0.0,2.5134795578196645e-08,0.0,0.0,0.0
83,7,operations,1300.0,0,0,0.0,0.0,0,0.0,0.0,0.0,0.0,163115.6676968856,142976.34885220174,39004783.89840034,306092.01654908736,0.0,0.0,0.0,1926864177.1582768,1132134639.8435533,287897491933.89795,2353076.013078331,0.0,0.0,0.0,340526521.58013886,1376153714.2190788,44027382496.4661,1320523.2583070905,0.0,6452185.984,2016873.3431306668,4435312.640869333,3979691.2879345086,0.0,0,55430.42283364758,0,23878147.727607053,9812093.08784724,0.0,2.5134795578196645e-08,0.0,0.0,0.0
84,8,operations,1300.0,0,0,0.0,0.0,0,0.0,0.0,0.0,0.0,162519.9329100014,148068.56999927256,38856715.32840106,310588.50290927396,0.0,0.0,0.0,1919316612.8926528,1139682204.1091769,286757809729.78876,2353076.0130783306,0.0,0.0,0.0,330205368.72349566,1386474867.0757222,42640907629.39038,1320523.2583070907,0.0,6452185.984,2016873.3431306668,4435312.640869333,3984187.774294695,0.0,0,26978.91816111654,0,23905126.64576817,10236239.036260763,0.0,2.5134795578196645e-08,0.0,0.0,0.0
85,8,operations,1300.0,0,0,0.0,0.0,0,0.0,0.0,0.0,0.0,161902.98053500443,150101.99701491164,38706613.33138615,312004.9775499161,0.0,0.0,0.0,1911718731.5319247,1147280085.469905,285610529644.31885,2353076.0130783306,0.0,0.0,0.0,319806807.2204278,1396873428.5787897,41244034200.81159,1320523.2583070903,0.0,6452185.984,2016873.3431306668,4435312.640869333,3985604.248935337,0.0,0,8498.847843851894,0,23913625.49361202,10677448.580350906,0.0,2.5134795578196645e-08,0.0,0.0,0.0
86,8,operations,1300.0,0,0,0.0,0.0,0,0.0,0.0,0.0,0.0,161277.5555474423,151572.58481808854,38555040.74656806,312850.14036553085,0.0,0.0,0.0,1904070197.6287923,1154928619.3730376,284455601024.9458,2353076.013078331,0.0,0.0,0.0,309330256.50608695,1407349979.2931306,39836684221.51846,1320523.2583070905,0.0,6452185.984,2016873.3431306668,4435312.640869333,3986449.4117509522,0.0,0,5070.976893693209,0,23918696.470505714,11121240.832575595,0.0,2.5134795578196645e-08,0.0,0.0,0.0
87,8,operations,1300.0,0,0,0.0,0.0,0,0.0,0.0,0.0,0.0,160646.00311070026,152817.71025776368,38402223.0363103,313463.7133684639,0.0,0.0,0.0,1896370673.4996386,1162628143.502191,283292972881.4436,2353076.0130783306,0.0,0.0,0.0,298775131.6613884,1417905104.137829,38418779117.38063,1320523.2583070903,0.0,6452185.984,2016873.3431306668,4435312.640869333,3987062.9847538844,0.0,0,3681.438017591834,0,23922377.908523306,11565809.050673451,0.0,2.5134795578196645e-08,0.0,0.0,0.0
88,8,operations,1300.0,0,0,0.0,0.0,0,0.0,0.0,0.0,0.0,160009.26265129296,153787.63605195752,38248435.40025834,313796.89870325045,0.0,0.0,0.0,1888619819.2096243,1170378997.7922056,282122593883.6514,2353076.013078331,0.0,0.0,0.0,288140843.38035476,1428539392.4188623,36990239724.96177,1320523.2583070903,0.0,6452185.984,2016873.3431306668,4435312.640869333,3987396.170088672,0.0,0,1999.112008728087,0,23924377.020532034,12011726.409445386,0.0,2.5134795578196645e-08,0.0,0.0,0.0
89,8,operations,1300.0,0,0,0.0,0.0,0,0.0,0.0,0.0,0.0,159368.48083440977,154464.41631351705,38093970.983944826,313832.89714792685,0.0,0.0,0.0,1880817292.557676,1178181524.4441535,280944412359.2073,2353076.0130783306,0.0,0.0,0.0,277426797.93721324,1439253437.862004,35550986287.09976,1320523.2583070903,0.0,6452185.984,2016873.3431306668,4435312.640869333,3987432.1685333475,0.0,0,215.9906680509448,0,23924593.011200085,12459390.891113322,0.0,2.5134795578196645e-08,0.0,0.0,0.0
90,8,operations,1300.0,0,0,0.0,0.0,0,0.0,0.0,0.0,0.0,158724.8790997701,155108.01804815672,37938862.965896666,313832.89714792685,0.0,0.0,0.0,1872962749.0613818,1186036067.940448,279758376291.2668,2353076.013078331,0.0,0.0,0.0,266632397.15324828,1450047838.6459696,34100938448.453796,1320523.2583070907,0.0,6452185.984,2016873.3431306668,4435312.640869333,3987432.1685333485,0.0,0,7.450580596923828e-09,0,23924593.011200093,12907271.363449302,0.0,2.5134795578196645e-08,0.0,0.0,0.0
91,8,operations,1300.0,0,0,0.0,0.0,0,0.0,0.0,0.0,0.0,158078.59569123614,155754.30145669065,37783108.664439976,313832.8971479268,0.0,0.0,0.0,1865055841.941779,1193942975.060051,278564433316.2068,2353076.013078331,0.0,0.0,0.0,255757038.36340347,1460923197.4358144,32640015251.017982,1320523.2583070907,0.0,6452185.984,2016873.3431306668,4435312.640869333,3987432.1685333485,0.0,0,0,0,23924593.011200093,13355151.835785288,0.0,2.5134795578196645e-08,0.0,0.0,0.0
92,8,operations,1300.0,0,0,0.0,0.0,0,0.0,0.0,0.0,0.0,157429.61943516662,156403.27771276023,37626705.386727214,313832.89714792685,0.0,0.0,0.0,1857096222.1080449,1201902594.893785,277362530721.313,2353076.013078331,0.0,0.0,0.0,244800114.38263485,1471880121.4165828,31168135129.6014,1320523.2583070905,0.0,6452185.984,2016873.3431306668,4435312.640869333,3987432.1685333485,0.0,0,0,0,23924593.011200093,13803032.308121275,0.0,2.5134795578196645e-08,0.0,0.0,0.0
93,8,operations,1300.0,0,0,0.0,0.0,0,0.0,0.0,0.0,0.0,156777.93911136338,157054.9580365634,37469650.42869066,313832.89714792673,0.0,0.0,0.0,1849083538.1420867,1209915278.8597434,276152615442.45325,2353076.013078331,0.0,0.0,0.0,233761013.4720105,1482919222.3272073,29685215907.274193,1320523.2583070905,0.0,6452185.984,2016873.3431306668,4435312.640869333,3987432.168533348,0.0,0,0,3.725290298461914e-09,23924593.01120009,14250912.780457266,0.0,2.5134795578196645e-08,0.0,0.0,0.0
94,8,operations,1300.0,0,0,0.0,0.0,0,0.0,0.0,0.0,0.0,156123.54345287776,157709.35369504907,37311941.07499561,313832.89714792685,0.0,0.0,0.0,1841017436.2830215,1217981380.7188084,274934634061.73444,2353076.013078331,0.0,0.0,0.0,222639119.3045564,1494041116.4946609,28191174790.77953,1320523.2583070903,0.0,6452185.984,2016873.3431306668,4435312.640869333,3987432.1685333485,0.0,0,3.725290298461914e-09,0,23924593.011200093,14698793.252793249,0.0,2.5134795578196645e-08,0.0,0.0,0.0
95,8,operations,1300.0,0,0,0.0,0.0,0,0.0,0.0,0.0,0.0,155466.42114581502,158366.4760021118,37153574.598993495,313832.89714792685,0.0,0.0,0.0,1832897560.4115624,1226101256.5902672,273708532805.14413,2353076.0130783306,0.0,0.0,0.0,211433810.93084642,1505246424.868371,26685928365.91116,1320523.2583070903,0.0,6452185.984,2016873.3431306668,4435312.640869333,3987432.1685333475,0.0,0,0,7.450580596923828e-09,23924593.011200085,15146673.725129243,0.0,2.5134795578196645e-08,0.0,0.0,0.0
96,9,operations,1300.0,0,0,0.0,0.0,0,0.0,0.0,0.0,0.0,154806.56082913955,159026.33631878727,36994548.262674704,313832.89714792685,0.0,0.0,0.0,1824723552.0342948,1234275264.9675355,272474257540.1766,2353076.013078331,0.0,0.0,0.0,200144462.74433365,1516535773.054884,25169392592.856274,1320523.2583070905,0.0,6452185.984,2016873.3431306668,4435312.640869333,3987432.1685333485,0.0,0,7.450580596923828e-09,0,23924593.011200093,15594554.197465222,0.0,2.5134795578196645e-08,0.0,0.0,0.0
97,9,operations,1300.0,0,0,0.0,0.0,0,0.0,0.0,0.0,0.0,154143.95109447796,159688.94605344886,36834859.31662126,313832.89714792685,0.0,0.0,0.0,1816495050.267844,1242503766.7339864,271231753773.44263,2353076.013078331,0.0,0.0,0.0,188770444.4464221,1527909791.3527956,23641482801.50348,1320523.2583070905,0.0,6452185.984,2016873.3431306668,4435312.640869333,3987432.1685333485,0.0,0,0,0,23924593.011200093,16042434.66980121,0.0,2.5134795578196645e-08,0.0,0.0,0.0
98,9,operations,1300.0,0,0,0.0,0.0,0,0.0,0.0,0.0,0.0,153478.58048592194,160354.3166620049,36674504.99995925,313832.89714792685,0.0,0.0,0.0,1808211691.8229508,1250787125.1788793,269980966648.26373,2353076.013078331,0.0,0.0,0.0,177311121.01127613,1539369114.7879417,22102113686.715538,1320523.2583070905,0.0,6452185.984,2016873.3431306668,4435312.640869333,3987432.1685333485,0.0,0,0,0,23924593.011200093,16490315.142137196,0.0,2.5134795578196645e-08,0.0,0.0,0.0
99,9,operations,1300.0,0,0,0.0,0.0,0,0.0,0.0,0.0,0.0,152810.43749983024,161022.45964809658,36513482.54031116,313832.89714792685,0.0,0.0,0.0,1799873110.988425,1259125706.0134046,268721840942.25034,2353076.0130783306,0.0,0.0,0.0,165765852.65036654,1550914383.1488512,20551199303.56669,1320523.2583070905,0.0,6452185.984,2016873.3431306668,4435312.640869333,3987432.168533348,0.0,0,0,3.725290298461914e-09,23924593.01120009,16938195.614473186,0.0,2.5134795578196645e-08,0.0,0.0,0.0
100,9,operations,1300.0,0,0,0.0,0.0,0,0.0,0.0,0.0,0.0,152139.5105846298,161693.38656329695,36351789.15374786,313832.89714792673,0.0,0.0,0.0,1791478939.6150024,1267519877.3868277,267454321064.8635,2353076.013078331,0.0,0.0,0.0,154133994.77675012,1562546241.0224674,18988653062.54422,1320523.2583070903,0.0,6452185.984,2016873.3431306668,4435312.640869333,3987432.1685333475,0.0,0,0,3.725290298461914e-09,23924593.011200085,17386076.086809177,0.0,2.5134795578196645e-08,0.0,0.0,0.0
101,9,operations,1300.0,0,0,0.0,0.0,0,0.0,0.0,0.0,0.0,151465.78814061612,162367.10900731068,36189422.04474055,313832.8971479268,0.0,0.0,0.0,1783028807.0990899,1275970009.90274,266178351054.96075,2353076.013078331,0.0,0.0,0.0,142414897.96908164,1574265337.8301358,17414387724.714085,1320523.2583070903,0.0,6452185.984,2016873.3431306668,4435312.640869333,3987432.1685333485,0.0,0,7.450580596923828e-09,0,23924593.011200093,17833956.559145156,0.0,2.5134795578196645e-08,0.0,0.0,0.0
102,9,operations,1300.0,0,0,0.0,0.0,0,0.0,0.0,0.0,0.0,150789.25851975227,163043.63862817455,36026378.40611237,313832.89714792685,0.0,0.0,0.0,1774522340.3664045,1284476476.6354246,264893874578.32535,2353076.01307833,0.0,0.0,0.0,130607907.93535565,1586072327.8638623,15828315396.850222,1320523.2583070907,0.0,6452185.984,2016873.3431306668,4435312.640869333,3987432.1685333475,0.0,0,0,7.450580596923828e-09,23924593.011200085,18281837.03148115,0.0,2.5134795578196645e-08,0.0,0.0,0.0
103,9,operations,1300.0,0,0,0.0,0.0,0,0.0,0.0,0.0,0.0,150109.91002546824,163722.98712245852,35862655.41898991,313832.89714792673,0.0,0.0,0.0,1765959163.8555028,1293039653.1463277,263600834925.17902,2353076.013078331,0.0,0.0,0.0,118712365.47637667,1597920287.001039,14230395109.849182,1320486.6557518584,0.0,6452185.984,2016873.3431306668,4435312.640869333,3987395.565978116,0.0,0,0,219.61533138900995,23924373.395868696,18729973.721703757,0.0,2.5134795578196645e-08,0.0,0.0,3.725290298461914e-09
104,9,operations,1300.0,0,0,0.0,0.0,0,0.0,0.0,0.0,0.0,149427.73091245798,164405.16623546885,35698250.25275444,313832.89714792685,0.0,0.0,0.0,1757338899.5011933,1301659917.5006366,262299175007.67838,2353076.013078331,0.0,0.0,0.0,106727963.32386886,1609838360.89344,12620556748.955744,1320435.6340133145,0.0,6452185.984,2016873.3431306668,4435312.640869333,3987344.5442395722,0.0,0,0,306.1304312646389,23924067.26543743,19178247.948764782,0.0,2.5134795578196645e-08,0.0,0.0,0.0
105,9,operations,1300.0,0,0,0.0,0.0,0,0.0,0.0,0.0,0.0,148742.70938647687,165090.18776144995,35533160.064992994,313832.89714792685,0.0,0.0,0.0,1748661166.7178557,1310337650.2839742,260988837357.3944,2353076.013078331,0.0,0.0,0.0,94654175.61716807,1621517783.7880797,10999038965.167664,1320132.2764655752,0.0,6452185.984,2016873.3431306668,4435312.640869333,3987041.186691833,0.0,0,0,1820.1452864333987,23922247.120151,19628339.54822872,0.0,2.5134795578196645e-08,0.0,0.0,0.0
106,9,operations,1300.0,0,0,0.0,0.0,0,0.0,0.0,0.0,0.0,148054.83360413747,165778.06354378932,35367382.001449205,313832.8971479268,0.0,0.0,0.0,1739925582.3826296,1319073234.6192007,259669764122.7752,2353076.013078331,0.0,0.0,0.0,82492792.23875749,1624675341.5361965,9374363623.631468,1313206.2567499646,0.0,6452185.984,2016873.3431306668,4435312.640869333,3980115.166976223,0.0,0,0,41556.118293661624,23880691.001857337,20125093.140415493,0.0,2.5134795578196645e-08,0.0,0.0,-3.725290298461914e-09
107,9,operations,1300.0,0,0,0.0,0.0,0,0.0,0.0,0.0,0.0,147364.09167270502,166468.8054752218,35200913.195973985,313832.89714792685,0.0,0.0,0.0,1731131760.8185017,1327867056.1833286,258341897066.59186,2353076.013078331,0.0,0.0,0.0,70307727.17723599,1628119690.0052652,7746243933.626202,1306482.628601924,0.0,6452185.984,2016873.3431306668,4435312.640869333,3973391.538828182,0.0,0,0,40341.76888824627,23840349.23296909,20627356.01134489,0.0,2.5134795578196645e-08,0.0,0.0,0.0
108,10,operations,1300.0,0,0,0.0,0.0,0,0.0,0.0,0.0,0.0,146670.47164989158,167162.42549803518,35033750.77047595,313832.89714792673,0.0,0.0,0.0,1722279313.7772794,1336719503.2245505,257005177563.3673,2353076.013078331,0.0,0.0,0.0,58096829.50219652,1527580562.5136552,6218663371.112547,1219751.8400121937,0.0,6452185.984,2016873.3431306668,4435312.640869333,3886660.750238451,0.0,0,0,520384.73153838515,23319964.501430705,21696392.63351416,0.0,2.5134795578196645e-08,0.0,0.0,0.0
109,10,operations,1300.0,0,0,0.0,0.0,0,0.0,0.0,0.0,0.0,145973.96154364978,167858.935604277,34865891.83487167,313832.8971479268,0.0,0.0,0.0,1713367850.4224484,1345630966.5793812,255659546596.78793,2353076.0130783306,0.0,0.0,0.0,46639975.28334409,1407841521.0532012,4810821850.059346,1118831.920258881,0.0,6452185.984,2016873.3431306668,4435312.640869333,3785740.8304851386,0.0,0,0,605519.5185198747,22714444.98291083,22951483.96241823,0.0,2.5134795578196645e-08,0.0,0.0,0.0
110,10,operations,1300.0,0,0,0.0,0.0,0,0.0,0.0,0.0,0.0,145274.54931196533,168558.3478359615,34697333.487035714,313832.89714792685,0.0,0.0,0.0,1704396977.3119195,1354601839.6899104,254304944757.09802,2353076.013078331,0.0,0.0,0.0,36081163.8754451,1223320456.3819108,3587501393.6774344,968770.477121043,0.0,6452185.984,2016873.3431306668,4435312.640869333,3635679.387347301,0.0,0,0,900368.6588270254,21814076.324083805,24651485.87476729,0.0,2.5134795578196645e-08,0.0,0.0,0.0
111,10,operations,1300.0,0,0,0.0,0.0,0,0.0,0.0,0.0,0.0,144572.22286264878,169260.67428527796,34528072.81275044,313832.89714792673,0.0,0.0,0.0,1695366298.3806534,1363632518.6211762,252941312238.47687,2353076.0130783306,0.0,0.0,0.0,26906260.452580757,1018968172.801296,2568533220.8761387,804518.7948106745,0.0,6452185.984,2016873.3431306668,4435312.640869333,3471427.705036932,0.0,0,0,985510.0938622132,20828566.230221592,26600880.904461905,0.0,2.5134795578196645e-08,0.0,0.0,0.0
112,10,operations,1300.0,0,0,0.0,0.0,0,0.0,0.0,0.0,0.0,143866.9700531268,169965.92709479996,34358106.885655634,313832.89714792673,0.0,0.0,0.0,1686275414.9231791,1372723402.0786507,251568588836.39822,2353076.013078331,0.0,0.0,0.0,19263999.156571038,849108956.8580893,1719424264.0180492,667979.1969343541,0.0,6452185.984,2016873.3431306668,4435312.640869333,3334888.1071606115,0.0,0,0,819237.5872579217,20009328.64296367,28520543.02542855,0.0,2.5134795578196645e-08,0.0,0.0,0.0
113,10,operations,1300.0,0,0,0.0,0.0,0,0.0,0.0,0.0,0.0,143158.7786902318,170674.11845769497,34187432.76719794,313832.89714792673,0.0,0.0,0.0,1677123925.5759878,1381874891.425842,250186713944.97238,2353076.013078331,0.0,0.0,0.0,12895681.98013537,679572204.3163576,1039852059.7016915,532667.6048434561,0.0,6452185.984,2016873.3431306668,4435312.640869333,3199576.515069714,0.0,0,0,811869.5525453873,19197459.090418283,30568148.703773554,0.0,2.5134795578196645e-08,0.0,0.0,3.725290298461914e-09
114,10,operations,1300.0,0,0,0.0,0.0,0,0.0,0.0,0.0,0.0,142447.63652999137,171385.2606179354,34016047.50658,313832.89714792673,0.0,0.0,0.0,1667911426.2998161,1391087390.702014,248795626554.27036,2353076.013078331,0.0,0.0,0.0,7798890.447762687,495872498.92135596,543979560.7803357,387439.5302839374,0.0,6452185.984,2016873.3431306668,4435312.640869333,3054348.4405101947,0.0,0,0,871368.4473571144,18326090.64306117,32820481.351489805,0.0,2.5134795578196645e-08,0.0,0.0,0.0
115,10,operations,1300.0,0,0,0.0,0.0,0,0.0,0.0,0.0,0.0,141733.53127741665,172099.36587051014,33843948.14070949,313832.8971479268,0.0,0.0,0.0,1658637510.3618026,1400361306.6400273,247395265247.6303,2353076.013078331,0.0,0.0,0.0,4079846.705852517,259654563.87149313,284324996.9088425,202872.6235210351,0.0,6452185.984,2016873.3431306668,4435312.640869333,2869781.533747293,0.0,0,0,1107401.4405774102,17218689.20248376,35493413.899189256,0.0,2.5134795578196645e-08,0.0,0.0,-7.450580596923828e-09
116,10,operations,1300.0,0,0,0.0,0.0,0,0.0,0.0,0.0,0.0,141016.45058628952,172816.44656163722,33671131.694147855,313832.89714792673,0.0,0.0,0.0,1649301768.3175356,1409697048.6842945,245985568198.946,2353076.013078331,0.0,0.0,0.0,2132437.4768163185,120185072.59652038,164139924.3123221,94090.39236410515,0.0,6452185.984,2016873.3431306668,4435312.640869333,2760999.3025903627,0.0,0,0,652693.386941582,16565995.815542176,37820420.62440981,0.0,2.5134795578196645e-08,0.0,0.0,0.0
117,10,operations,1300.0,0,0,0.0,0.0,0,0.0,0.0,0.0,0.0,140296.38205894938,173536.51508897735,33497595.179058876,313832.89714792673,0.0,0.0,0.0,1639903787.992974,1419095029.0088558,244566473169.93716,2353076.013078331,0.0,0.0,0.0,1231049.432342416,83100095.96521385,81039828.34710829,64870.11184427405,0.0,6452185.984,2016873.3431306668,4435312.640869333,2731779.0220705317,0.0,0,0,175321.68311898597,16390674.13242319,39699275.92632759,0.0,2.5134795578196645e-08,0.0,0.0,7.450580596923828e-09
118,10,operations,1300.0,0,0,0.0,0.0,0,0.0,0.0,0.0,0.0,139573.31324607864,174259.58390184812,33323335.595157027,313832.89714792673,0.0,0.0,0.0,1630443154.4662478,1428555662.5355818,243137917507.40158,2353076.0130783306,0.0,0.0,0.0,607798.7126033123,48398343.17402781,32641485.173080485,37697.03222048548,0.0,6452185.984,2016873.3431306668,4435312.640869333,2704605.942446743,0.0,0,0,163038.47774273157,16227635.654680459,41593021.10249291,0.0,2.5134795578196645e-08,0.0,0.0,0.0
119,10,operations,1300.0,0,0,0.0,0.0,0,0.0,0.0,0.0,0.0,138847.2316464876,174985.6655014392,33148349.92965559,313832.8971479268,0.0,0.0,0.0,1620919450.0493438,1438079366.9524858,241699838140.4491,2353076.0130783306,0.0,0.0,0.0,244811.13879810364,20722774.869812813,11918710.303267676,16128.912314316089,0.0,6452185.984,2016873.3431306668,4435312.640869333,2683037.822540574,0.0,0,0,129408.71943701617,16098226.935243443,43474704.64025869,0.0,2.5134795578196645e-08,0.0,0.0,-7.450580596923828e-09
120,11,operations,1300.0,0,0,0.0,0.0,0,0.0,0.0,0.0,0.0,138118.1247068983,175714.7724410285,32972635.15721456,313832.8971479268,0.0,0.0,0.0,1611332254.269661,1447666562.7321692,240252171577.71695,2353076.013078331,0.0,0.0,0.0,89390.32727450757,6189659.489184077,5729050.8140835995,4830.038320352757,0.0,6452185.984,2016873.3431306668,4435312.640869333,2671738.948546611,0.0,0,0,67793.24396377802,16030433.691279665,45306071.576545194,0.0,2.5134795578196645e-08,0.0,0.0,0.0
121,11,operations,1300.0,0,0,0.0,0.0,0,0.0,0.0,0.0,0.0,137385.97982172732,176446.91732619944,32796188.23988836,313832.89714792673,0.0,0.0,0.0,1601681143.8514464,1457317673.1503837,238794853904.56656,2353076.013078331,0.0,0.0,0.0,42967.88110562699,3251816.8076658384,2477234.006417761,2534.449760593435,0.0,6452185.984,2016873.3431306668,4435312.640869333,2669443.359986851,0.0,0,0,13773.531358558685,16016660.159921106,47085714.38878624,0.0,2.5134795578196645e-08,0.0,0.0,-7.450580596923828e-09
122,11,operations,1300.0,0,0,0.0,0.0,0,0.0,0.0,0.0,0.0,136650.78433286815,177182.11281505862,32619006.127073303,313832.89714792673,0.0,0.0,0.0,1591965692.6971104,1467033124.3047192,237327820780.26184,2353076.0130783306,0.0,0.0,0.0,18579.255048133207,1752818.1358632506,724415.8705545105,1362.6133776241413,0.0,6452185.984,2016873.3431306668,4435312.640869333,2668271.5236038817,0.0,0,0,7031.018297815695,16009629.14162329,48859786.52434951,0.0,2.5134795578196645e-08,0.0,0.0,0.0
123,11,operations,1300.0,0,0,0.0,0.0,0,0.0,0.0,0.0,0.0,135912.5255294721,177920.37161845472,32441085.75545485,313832.89714792685,0.0,0.0,0.0,1582185471.8684127,1476813345.1334176,235851007435.12842,2353076.013078331,0.0,0.0,0.0,5433.119029158828,660012.4944774685,64403.37607704189,511.88124115894414,0.0,6452185.984,2016873.3431306668,4435312.640869333,2667420.791467417,0.0,0,0,5104.3928187880665,16004524.748804502,50632782.76657022,0.0,2.5134795578196645e-08,0.0,0.0,0.0
124,11,operations,1300.0,0,0,0.0,0.0,0,0.0,0.0,0.0,0.0,135171.1906477285,178661.70650019828,32262424.04895465,313832.8971479268,0.0,0.0,0.0,1572340049.5675228,1486658767.4343069,234364348667.69412,2353076.0130783306,0.0,0.0,0.0,483.0253205778141,64403.37607699576,4.612957127392292e-08,49.91261645967198,0.0,6452185.984,2016873.3431306668,4435312.640869333,2666958.822842717,0.0,0,0,2771.811748199165,16001752.937056303,52403908.396345034,0.0,2.5134795578196645e-08,0.0,0.0,0.0
125,11,operations,1300.0,0,0,0.0,0.0,0,0.0,0.0,0.0,0.0,134426.76687064438,179406.13027728238,32083017.918677367,313832.89714792673,0.0,0.0,0.0,1562428991.1179607,1496569825.8838692,232867778841.81024,2353076.013078331,0.0,0.0,0.0,3.459717845544219e-10,4.612957127392292e-08,0,3.575041773729026e-11,0.0,6452185.984,2016873.3431306668,4435312.640869333,2666908.9102262575,0.0,0,0,299.4756987579167,16001453.461357545,54172611.60268687,0.0,2.5134795578196645e-08,0.0,0.0,0.0
126,11,operations,1300.0,0,0,0.0,0.0,0,0.0,0.0,0.0,0.0,133679.24132782235,180153.65582010438,31902864.262857262,313832.89714792673,0.0,0.0,0.0,1552451858.9454014,1506546958.0564282,231361231883.7538,2353076.0130783306,0.0,0.0,0.0,0.0,0.0,0,0.0,0.0,6452185.984,2016873.3431306668,4435312.640869333,2666908.9102262575,0.0,0,0,0,16001453.461357545,55941015.333329946,0.0,2.5134795578196645e-08,0.0,0.0,-7.450580596923828e-09
127,11,operations,1300.0,0,0,0.0,0.0,0,0.0,0.0,0.0,0.0,132928.60109523864,180904.2960526882,31721959.966804575,313832.89714792685,0.0,0.0,0.0,1542408212.5583594,1516590604.4434712,229844641279.31036,2353076.013078331,0.0,0.0,0.0,0.0,0.0,0,0.0,0.0,6452185.984,2016873.3431306668,4435312.640869333,2666908.910226258,0.0,0,3.725290298461914e-09,0,16001453.461357549,57709419.063973024,0.0,2.5134795578196645e-08,0.0,0.0,-7.450580596923828e-09
128,11,operations,1300.0,0,0,0.0,0.0,0,0.0,0.0,0.0,0.0,132174.83319501905,181658.06395290772,31540301.902851667,313832.89714792673,0.0,0.0,0.0,1532297608.5287356,1526701208.4730945,228317940070.83725,2353076.013078331,0.0,0.0,0.0,0.0,0.0,0,0.0,0.0,6452185.984,2016873.3431306668,4435312.640869333,2666908.9102262575,0.0,0,0,3.725290298461914e-09,16001453.461357545,59477822.7946161,0.0,2.5134795578196645e-08,0.0,0.0,0.0
129,11,operations,1300.0,0,0,0.0,0.0,0,0.0,0.0,0.0,0.0,131417.92459521527,182414.9725527115,31357886.930298954,313832.89714792673,0.0,0.0,0.0,1522119600.4722488,1536879216.5295815,226781060854.30768,2353076.013078331,0.0,0.0,0.0,0.0,0.0,0,0.0,0.0,6452185.984,2016873.3431306668,4435312.640869333,2666908.9102262575,0.0,0,0,0,16001453.461357545,61246226.52525918,0.0,2.5134795578196645e-08,0.0,0.0,-7.450580596923828e-09
130,11,operations,1300.0,0,0,0.0,0.0,0,0.0,0.0,0.0,0.0,130657.86220957896,183175.0349383478,31174711.895360608,313832.89714792673,0.0,0.0,0.0,1511873739.028718,1547125077.9731119,225233935776.33456,2353076.013078331,0.0,0.0,0.0,0.0,0.0,0,0.0,0.0,6452185.984,2016873.3431306668,4435312.640869333,2666908.9102262575,0.0,0,0,0,16001453.461357545,63014630.25590226,0.0,2.5134795578196645e-08,0.0,0.0,-7.450580596923828e-09
131,11,operations,1300.0,0,0,0.0,0.0,0,0.0,0.0,0.0,0.0,129894.63289733586,183938.2642505909,30990773.631110016,313832.89714792673,0.0,0.0,0.0,1501559571.842231,1557439245.1596,223676496531.17496,2353076.0130783315,0.0,0.0,0.0,0.0,0.0,0,0.0,0.0,6452185.984,2016873.3431306668,4435312.640869333,2666908.9102262584,0.0,0,5.587935447692871e-09,0,16001453.46135755,64783033.98654533,0.0,2.5134795578196645e-08,0.0,0.0,-7.450580596923828e-09
132,12,operations,1300.0,0,0,0.0,0.0,0,0.0,0.0,0.0,0.0,129128.22346295841,184704.67368496838,30806068.957425047,313832.8971479268,0.0,0.0,0.0,1491176643.5411663,1567822173.4606636,222108674357.7143,2353076.013078331,0.0,0.0,0.0,0.0,0.0,0,0.0,0.0,6452185.984,2016873.3431306668,4435312.640869333,2666908.910226258,0.0,0,0,1.862645149230957e-09,16001453.461357549,66551437.7171884,0.0,2.5134795578196645e-08,0.0,0.0,7.450580596923828e-09
133,12,operations,1300.0,0,0,0.0,0.0,0,0.0,0.0,0.0,0.0,128358.62065593769,185474.27649198912,30620594.680933062,313832.8971479268,0.0,0.0,0.0,1480724495.7180955,1578274321.2837346,220530400036.43057,2353076.013078331,0.0,0.0,0.0,0.0,0.0,0,0.0,0.0,6452185.984,2016873.3431306668,4435312.640869333,2666908.910226258,0.0,0,0,0,16001453.461357549,68319841.44783148,0.0,2.5134795578196645e-08,0.0,0.0,0.0
134,12,operations,1300.0,0,0,0.0,0.0,0,0.0,0.0,0.0,0.0,127585.81117055443,186247.0859773724,30434347.594955686,313832.89714792685,0.0,0.0,0.0,1470202666.9095368,1588796150.0922928,218941603886.3383,2353076.0130783306,0.0,0.0,0.0,0.0,0.0,0,0.0,0.0,6452185.984,2016873.3431306668,4435312.640869333,2666908.9102262575,0.0,0,0,3.725290298461914e-09,16001453.461357545,70088245.17847456,0.0,2.5134795578196645e-08,0.0,0.0,0.0
135,12,operations,1300.0,0,0,0.0,0.0,0,0.0,0.0,0.0,0.0,126809.78164564872,187023.1155022781,30247324.47945341,313832.8971479268,0.0,0.0,0.0,1459610692.5755887,1599388124.426241,217342215761.91205,2353076.0130783306,0.0,0.0,0.0,0.0,0.0,0,0.0,0.0,6452185.984,2016873.3431306668,4435312.640869333,2666908.9102262575,0.0,0,0,0,16001453.461357545,71856648.90911764,0.0,2.5134795578196645e-08,0.0,0.0,0.0
136,12,operations,1300.0,0,0,0.0,0.0,0,0.0,0.0,0.0,0.0,126030.51866438921,187802.37848353758,30059522.100969873,313832.8971479268,0.0,0.0,0.0,1448948105.0794134,1610050711.9224167,215732165049.98962,2353076.013078331,0.0,0.0,0.0,0.0,0.0,0,0.0,0.0,6452185.984,2016873.3431306668,4435312.640869333,2666908.910226258,0.0,0,3.725290298461914e-09,0,16001453.461357549,73625052.63976072,0.0,2.5134795578196645e-08,0.0,0.0,-1.4901161193847656e-08
137,12,operations,1300.0,0,0,0.0,0.0,0,0.0,0.0,0.0,0.0,125248.00875404113,188584.88839388563,29870937.212575987,313832.89714792673,0.0,0.0,0.0,1438214433.6665976,1620784383.335232,214111380666.6544,2353076.0130783306,0.0,0.0,0.0,0.0,0.0,0,0.0,0.0,6452185.984,2016873.3431306668,4435312.640869333,2666908.9102262575,0.0,0,0,3.725290298461914e-09,16001453.461357545,75393456.3704038,0.0,2.5134795578196645e-08,0.0,0.0,0.0
138,12,operations,1300.0,0,0,0.0,0.0,0,0.0,0.0,0.0,0.0,124462.23838573328,189370.6587621935,29681566.553813793,313832.89714792673,0.0,0.0,0.0,1427409204.4443626,1631589612.5574672,212479791054.09692,2353076.013078331,0.0,0.0,0.0,0.0,0.0,0,0.0,0.0,6452185.984,2016873.3431306668,4435312.640869333,2666908.9102262575,0.0,0,0,0,16001453.461357545,77161860.10104688,0.0,2.5134795578196645e-08,0.0,0.0,0.0
139,12,operations,1300.0,0,0,0.0,0.0,0,0.0,0.0,0.0,0.0,123673.19397422415,190159.70317370264,29491406.850640092,313832.8971479268,0.0,0.0,0.0,1416531940.3606462,1642466876.6411834,210837324177.45575,2353076.0130783306,0.0,0.0,0.0,0.0,0.0,0,0.0,0.0,6452185.984,2016873.3431306668,4435312.640869333,2666908.9102262575,0.0,0,0,0,16001453.461357545,78930263.83168995,0.0,2.5134795578196645e-08,0.0,0.0,0.0
140,12,operations,1300.0,0,0,0.0,0.0,0,0.0,0.0,0.0,0.0,122880.86187766706,190952.03527025972,29300454.815369833,313832.8971479268,0.0,0.0,0.0,1405582161.1830378,1653416655.8187916,209183907521.63693,2353076.01307833,0.0,0.0,0.0,0.0,0.0,0,0.0,0.0,6452185.984,2016873.3431306668,4435312.640869333,2666908.910226257,0.0,0,0,3.725290298461914e-09,16001453.461357541,80698667.56233303,0.0,2.5134795578196645e-08,0.0,0.0,0.0
141,12,operations,1300.0,0,0,0.0,0.0,0,0.0,0.0,0.0,0.0,122085.22839737429,191747.66875055252,29108707.14661928,313832.8971479268,0.0,0.0,0.0,1394559383.47758,1664439433.5242503,207519468088.1127,2353076.013078331,0.0,0.0,0.0,0.0,0.0,0,0.0,0.0,6452185.984,2016873.3431306668,4435312.640869333,2666908.910226258,0.0,0,7.450580596923828e-09,0,16001453.461357549,82467071.29297611,0.0,2.5134795578196645e-08,0.0,0.0,-1.4901161193847656e-08
142,12,operations,1300.0,0,0,0.0,0.0,0,0.0,0.0,0.0,0.0,121286.27977758032,192546.61737034644,28916160.52924893,313832.89714792673,0.0,0.0,0.0,1383463120.5874183,1675535696.414412,205843932391.69827,2353076.013078331,0.0,0.0,0.0,0.0,0.0,0,0.0,0.0,6452185.984,2016873.3431306668,4435312.640869333,2666908.9102262575,0.0,0,0,3.725290298461914e-09,16001453.461357545,84235475.02361919,0.0,2.5134795578196645e-08,0.0,0.0,0.0
143,12,operations,1300.0,0,0,0.0,0.0,0,0.0,0.0,0.0,0.0,120484.0022052039,193348.89494272287,28722811.634306207,313832.89714792673,0.0,0.0,0.0,1372292882.611322,1686705934.390508,204157226457.30777,2353076.013078331,0.0,0.0,0.0,0.0,0.0,0,0.0,0.0,6452185.984,2016873.3431306668,4435312.640869333,2666908.9102262575,0.0,0,0,0,16001453.461357545,86003878.75426227,0.0,2.5134795578196645e-08,0.0,0.0,0.0
144,13,operations,1300.0,0,0,0.0,0.0,0,0.0,0.0,0.0,0.0,119678.38180960921,194154.51533831755,28528657.11896789,313832.89714792673,0.0,0.0,0.0,1361048176.382052,1697950640.619778,202459275816.688,2353076.013078331,0.0,0.0,0.0,0.0,0.0,0,0.0,0.0,6452185.984,2016873.3431306668,4435312.640869333,2666908.9102262575,0.0,0,0,0,16001453.461357545,87772282.48490535,0.0,2.5134795578196645e-08,0.0,0.0,0.0
145,13,operations,1300.0,0,0,0.0,0.0,0,0.0,0.0,0.0,0.0,118869.40466236621,194963.49248556053,28333693.62648233,313832.89714792673,0.0,0.0,0.0,1349728505.4445865,1709270311.5572436,200750005505.13077,2353076.013078331,0.0,0.0,0.0,0.0,0.0,0,0.0,0.0,6452185.984,2016873.3431306668,4435312.640869333,2666908.9102262575,0.0,0,0,0,16001453.461357545,89540686.21554843,0.0,2.5134795578196645e-08,0.0,0.0,0.0
146,13,operations,1300.0,0,0,0.0,0.0,0,0.0,0.0,0.0,0.0,118057.05677700971,195775.8403709171,28137917.786111414,313832.89714792685,0.0,0.0,0.0,1338333370.0342047,1720665446.9676247,199029340058.16312,2353076.01307833,0.0,0.0,0.0,0.0,0.0,0,0.0,0.0,6452185.984,2016873.3431306668,4435312.640869333,2666908.910226257,0.0,0,0,3.725290298461914e-09,16001453.461357541,91309089.9461915,0.0,2.5134795578196645e-08,0.0,0.0,0.0
147,13,operations,1300.0,0,0,0.0,0.0,0,0.0,0.0,0.0,0.0,117241.32410879753,196591.57303912917,27941326.213072285,313832.89714792673,0.0,0.0,0.0,1326862267.054421,1732136549.9474092,197297203508.21573,2353076.013078331,0.0,0.0,0.0,0.0,0.0,0,0.0,0.0,6452185.984,2016873.3431306668,4435312.640869333,2666908.9102262575,0.0,0,3.725290298461914e-09,0,16001453.461357545,93077493.67683458,0.0,2.5134795578196645e-08,0.0,0.0,-1.4901161193847656e-08
148,13,operations,1300.0,0,0,0.0,0.0,0,0.0,0.0,0.0,0.0,116422.19255446785,197410.70459345897,27743915.508478828,313832.89714792685,0.0,0.0,0.0,1315314690.0547717,1743684126.9470587,195553519381.26868,2353076.013078331,0.0,0.0,0.0,0.0,0.0,0,0.0,0.0,6452185.984,2016873.3431306668,4435312.640869333,2666908.910226258,0.0,0,3.725290298461914e-09,0,16001453.461357549,94845897.40747766,0.0,2.5134795578196645e-08,0.0,0.0,-1.4901161193847656e-08
149,13,operations,1300.0,0,0,0.0,0.0,0,0.0,0.0,0.0,0.0,115599.64795199511,198233.24919593168,27545682.259282894,313832.8971479268,0.0,0.0,0.0,1303690129.2084577,1755308687.7933722,193798210693.47528,2353076.013078331,0.0,0.0,0.0,0.0,0.0,0,0.0,0.0,6452185.984,2016873.3431306668,4435312.640869333,2666908.910226258,0.0,0,0,0,16001453.461357549,96614301.13812074,0.0,2.5134795578196645e-08,0.0,0.0,0.0
150,13,operations,1300.0,0,0,0.0,0.0,0,0.0,0.0,0.0,0.0,114773.6760803454,199059.22106758135,27346623.038215313,313832.89714792673,0.0,0.0,0.0,1291988071.2898355,1767010745.711995,192031199947.7633,2353076.013078331,0.0,0.0,0.0,0.0,0.0,0,0.0,0.0,6452185.984,2016873.3431306668,4435312.640869333,2666908.9102262575,0.0,0,0,3.725290298461914e-09,16001453.461357545,98382704.86876382,0.0,2.5134795578196645e-08,0.0,0.0,0.0
151,13,operations,1300.0,0,0,0.0,0.0,0,0.0,0.0,0.0,0.0,113944.26265923046,199888.6344886963,27146734.403726615,313832.89714792673,0.0,0.0,0.0,1280207999.6517558,1778790817.3500743,190252409130.4132,2353076.013078331,0.0,0.0,0.0,0.0,0.0,0,0.0,0.0,6452185.984,2016873.3431306668,4435312.640869333,2666908.9102262575,0.0,0,0,0,16001453.461357545,100151108.5994069,0.0,2.5134795578196645e-08,0.0,0.0,0.0
152,13,operations,1300.0,0,0,0.0,0.0,0,0.0,0.0,0.0,0.0,113111.39334886089,200721.50379906586,26946012.89992755,313832.89714792673,0.0,0.0,0.0,1268349394.2027547,1790649422.799075,188461759707.61414,2353076.0130783306,0.0,0.0,0.0,0.0,0.0,0,0.0,0.0,6452185.984,2016873.3431306668,4435312.640869333,2666908.9102262575,0.0,0,0,0,16001453.461357545,101919512.33004998,0.0,2.5134795578196645e-08,0.0,0.0,0.0
153,13,operations,1300.0,0,0,0.0,0.0,0,0.0,0.0,0.0,0.0,112275.05374969816,201557.84339822867,26744455.05652932,313832.89714792685,0.0,0.0,0.0,1256411731.3840942,1802587085.6177356,186659172621.9964,2353076.013078331,0.0,0.0,0.0,0.0,0.0,0,0.0,0.0,6452185.984,2016873.3431306668,4435312.640869333,2666908.910226258,0.0,0,3.725290298461914e-09,0,16001453.461357549,103687916.06069306,0.0,2.5134795578196645e-08,0.0,0.0,-1.4901161193847656e-08
154,13,operations,1300.0,0,0,0.0,0.0,0,0.0,0.0,0.0,0.0,111435.2294022055,202397.66774572132,26542057.3887836,313832.89714792685,0.0,0.0,0.0,1244394484.1466424,1814604332.8551877,184844568289.1412,2353076.013078331,0.0,0.0,0.0,0.0,0.0,0,0.0,0.0,6452185.984,2016873.3431306668,4435312.640869333,2666908.910226258,0.0,0,0,0,16001453.461357549,105456319.79133613,0.0,2.5134795578196645e-08,0.0,0.0,0.0
155,13,operations,1300.0,0,0,0.0,0.0,0,0.0,0.0,0.0,0.0,110591.90578659832,203240.99136132846,26338816.397422273,313832.8971479268,0.0,0.0,0.0,1232297121.927608,1826701695.0742218,183017866594.067,2353076.013078331,0.0,0.0,0.0,0.0,0.0,0,0.0,0.0,6452185.984,2016873.3431306668,4435312.640869333,2666908.910226258,0.0,0,0,0,16001453.461357549,107224723.52197921,0.0,2.5134795578196645e-08,0.0,0.0,0.0
156,14,operations,1300.0,0,0,0.0,0.0,0,0.0,0.0,0.0,0.0,109745.06832259284,204087.828825334,26134728.56859694,313832.89714792685,0.0,0.0,0.0,1220119110.6271133,1838879706.3747163,181178986887.69226,2353076.0130783306,0.0,0.0,0.0,0.0,0.0,0,0.0,0.0,6452185.984,2016873.3431306668,4435312.640869333,2666908.9102262575,0.0,0,0,3.725290298461914e-09,16001453.461357545,108993127.25262229,0.0,2.5134795578196645e-08,0.0,0.0,0.0
157,14,operations,1300.0,0,0,0.0,0.0,0,0.0,0.0,0.0,0.0,108894.70236915389,204938.1947787729,25929790.373818167,313832.8971479268,0.0,0.0,0.0,1207859912.5846152,1851138904.417215,179327847983.27505,2353076.013078331,0.0,0.0,0.0,0.0,0.0,0,0.0,0.0,6452185.984,2016873.3431306668,4435312.640869333,2666908.910226258,0.0,0,3.725290298461914e-09,0,16001453.461357549,110761530.98326537,0.0,2.5134795578196645e-08,0.0,0.0,-1.4901161193847656e-08
158,14,operations,1300.0,0,0,0.0,0.0,0,0.0,0.0,0.0,0.0,108040.79322424237,205792.10392368454,25723998.26989448,313832.8971479269,0.0,0.0,0.0,1195518986.5551674,1863479830.4466627,177464368152.8284,2353076.013078331,0.0,0.0,0.0,0.0,0.0,0,0.0,0.0,6452185.984,2016873.3431306668,4435312.640869333,2666908.910226258,0.0,0,0,0,16001453.461357549,112529934.71390845,0.0,2.5134795578196645e-08,0.0,0.0,0.0
159,14,operations,1300.0,0,0,0.0,0.0,0,0.0,0.0,0.0,0.0,107183.32612456032,206649.57102336644,25517348.698871113,313832.89714792673,0.0,0.0,0.0,1183095787.685523,1875903029.316307,175588465123.5121,2353076.013078331,0.0,0.0,0.0,0.0,0.0,0,0.0,0.0,6452185.984,2016873.3431306668,4435312.640869333,2666908.9102262575,0.0,0,0,3.725290298461914e-09,16001453.461357545,114298338.44455153,0.0,2.5134795578196645e-08,0.0,0.0,0.0
160,14,operations,1300.0,0,0,0.0,0.0,0,0.0,0.0,0.0,0.0,106322.2862452963,207510.61090263043,25309838.087968484,313832.89714792673,0.0,0.0,0.0,1170589767.4900806,1888409049.51175,173700056074.00034,2353076.013078331,0.0,0.0,0.0,0.0,0.0,0,0.0,0.0,6452185.984,2016873.3431306668,4435312.640869333,2666908.9102262575,0.0,0,0,0,16001453.461357545,116066742.1751946,0.0,2.5134795578196645e-08,0.0,0.0,0.0
161,14,operations,1300.0,0,0,0.0,0.0,0,0.0,0.0,0.0,0.0,105457.65869986868,208375.2384480581,25101462.849520426,313832.8971479268,0.0,0.0,0.0,1158000373.8266687,1900998443.1751611,171799057630.8252,2353076.013078331,0.0,0.0,0.0,0.0,0.0,0,0.0,0.0,6452185.984,2016873.3431306668,4435312.640869333,2666908.910226258,0.0,0,3.725290298461914e-09,0,16001453.461357549,117835145.90583768,0.0,2.5134795578196645e-08,0.0,0.0,-1.4901161193847656e-08
162,14,operations,1300.0,0,0,0.0,0.0,0,0.0,0.0,0.0,0.0,104589.42853966844,209243.4686082583,24892219.380912166,313832.89714792673,0.0,0.0,0.0,1145327050.872168,1913671766.129662,169885385864.69553,2353076.013078331,0.0,0.0,0.0,0.0,0.0,0,0.0,0.0,6452185.984,2016873.3431306668,4435312.640869333,2666908.9102262575,0.0,0,0,3.725290298461914e-09,16001453.461357545,119603549.63648076,0.0,2.5134795578196645e-08,0.0,0.0,0.0
163,14,operations,1300.0,0,0,0.0,0.0,0,0.0,0.0,0.0,0.0,103717.58075380068,210115.31639412604,24682104.064518042,313832.89714792673,0.0,0.0,0.0,1132569239.0979702,1926429577.9038591,167958956286.79166,2353076.01307833,0.0,0.0,0.0,0.0,0.0,0,0.0,0.0,6452185.984,2016873.3431306668,4435312.640869333,2666908.9102262566,0.0,0,0,5.587935447692871e-09,16001453.46135754,121371953.36712384,0.0,2.5134795578196645e-08,0.0,0.0,1.4901161193847656e-08
164,14,operations,1300.0,0,0,0.0,0.0,0,0.0,0.0,0.0,0.0,102842.10026882516,210990.79687910166,24471113.26763894,313832.89714792685,0.0,0.0,0.0,1119726375.245278,1939272441.7565522,166019683845.0351,2353076.013078331,0.0,0.0,0.0,0.0,0.0,0,0.0,0.0,6452185.984,2016873.3431306668,4435312.640869333,2666908.910226258,0.0,0,9.313225746154785e-09,0,16001453.461357549,123140357.0977669,0.0,2.5134795578196645e-08,0.0,0.0,0.0
165,14,operations,1300.0,0,0,0.0,0.0,0,0.0,0.0,0.0,0.0,101962.97194849559,211869.92519943116,24259243.34243951,313832.89714792673,0.0,0.0,0.0,1106797892.3002338,1952200924.701596,164067482920.3335,2353076.013078331,0.0,0.0,0.0,0.0,0.0,0,0.0,0.0,6452185.984,2016873.3431306668,4435312.640869333,2666908.9102262575,0.0,0,0,3.725290298461914e-09,16001453.461357545,124908760.82840998,0.0,2.5134795578196645e-08,0.0,0.0,0.0
166,14,operations,1300.0,0,0,0.0,0.0,0,0.0,0.0,0.0,0.0,101080.18059349792,212752.71655442883,24046490.62588508,313832.89714792673,0.0,0.0,0.0,1093783219.46889,1965215597.53294,162102267322.80057,2353076.013078331,0.0,0.0,0.0,0.0,0.0,0,0.0,0.0,6452185.984,2016873.3431306668,4435312.640869333,2666908.9102262575,0.0,0,0,0,16001453.461357545,126677164.55905306,0.0,2.5134795578196645e-08,0.0,0.0,0.0
167,14,operations,1300.0,0,0,0.0,0.0,0,0.0,0.0,0.0,0.0,100193.71094118783,213639.18620673893,23832851.43967834,313832.89714792673,0.0,0.0,0.0,1080681782.1520038,1978317034.8498266,160123950287.95074,2353076.013078331,0.0,0.0,0.0,0.0,0.0,0,0.0,0.0,6452185.984,2016873.3431306668,4435312.640869333,2666908.9102262575,0.0,0,0,0,16001453.461357545,128445568.28969614,0.0,2.5134795578196645e-08,0.0,0.0,0.0
168,15,operations,1300.0,0,0,0.0,0.0,0,0.0,0.0,0.0,0.0,99303.54766532643,214529.3494826004,23618322.09019574,313832.89714792685,0.0,0.0,0.0,1067493001.9196717,1991505815.0821579,158132444472.8686,2353076.0130783306,0.0,0.0,0.0,0.0,0.0,0,0.0,0.0,6452185.984,2016873.3431306668,4435312.640869333,2666908.9102262575,0.0,0,0,0,16001453.461357545,130213972.02033922,0.0,2.5134795578196645e-08,0.0,0.0,1.4901161193847656e-08
169,15,operations,1300.0,0,0,0.0,0.0,0,0.0,0.0,0.0,0.0,98409.67537581558,215423.22177211117,23402898.86842363,313832.89714792673,0.0,0.0,0.0,1054216296.4857906,2004782520.5160394,156127661952.35254,2353076.013078331,0.0,0.0,0.0,0.0,0.0,0,0.0,0.0,6452185.984,2016873.3431306668,4435312.640869333,2666908.9102262575,0.0,0,0,0,16001453.461357545,131982375.75098228,0.0,2.5134795578196645e-08,0.0,0.0,1.4901161193847656e-08
170,15,operations,1300.0,0,0,0.0,0.0,0,0.0,0.0,0.0,0.0,97512.0786184318,216320.81852949498,23186578.049894135,313832.8971479268,0.0,0.0,0.0,1040851079.6823505,2018147737.3194795,154109514215.03305,2353076.013078331,0.0,0.0,0.0,0.0,0.0,0,0.0,0.0,6452185.984,2016873.3431306668,4435312.640869333,2666908.910226258,0.0,0,3.725290298461914e-09,0,16001453.461357549,133750779.48162535,0.0,2.5134795578196645e-08,0.0,0.0,0.0
171,15,operations,1300.0,0,0,0.0,0.0,0,0.0,0.0,0.0,0.0,96610.74187455888,217222.15527336788,22969355.89462077,313832.89714792673,0.0,0.0,0.0,1027396761.4335538,2031602055.5682757,152077912159.46478,2353076.0130783306,0.0,0.0,0.0,0.0,0.0,0,0.0,0.0,6452185.984,2016873.3431306668,4435312.640869333,2666908.9102262575,0.0,0,0,3.725290298461914e-09,16001453.461357545,135519183.2122684,0.0,2.5134795578196645e-08,0.0,0.0,0.0
172,15,operations,1300.0,0,0,0.0,0.0,0,0.0,0.0,0.0,0.0,95705.64956091988,218127.24758700692,22751228.64703376,313832.8971479268,0.0,0.0,0.0,1013852747.7297652,2045146069.2720647,150032766090.19272,2353076.013078331,0.0,0.0,0.0,0.0,0.0,0,0.0,0.0,6452185.984,2016873.3431306668,4435312.640869333,2666908.910226258,0.0,0,3.725290298461914e-09,0,16001453.461357549,137287586.94291148,0.0,2.5134795578196645e-08,0.0,0.0,0.0
173,15,operations,1300.0,0,0,0.0,0.0,0,0.0,0.0,0.0,0.0,94796.78602930733,219036.1111186195,22532192.53591514,313832.89714792685,0.0,0.0,0.0,1000218440.6012847,2058780376.4005454,147973985713.79218,2353076.013078331,0.0,0.0,0.0,0.0,0.0,0,0.0,0.0,6452185.984,2016873.3431306668,4435312.640869333,2666908.910226258,0.0,0,0,0,16001453.461357549,139055990.67355454,0.0,2.5134795578196645e-08,0.0,0.0,0.0
174,15,operations,1300.0,0,0,0.0,0.0,0,0.0,0.0,0.0,0.0,93884.13556631307,219948.7615816137,22312243.774333525,313832.8971479268,0.0,0.0,0.0,986493238.091948,2072505578.909882,145901480134.8823,2353076.013078331,0.0,0.0,0.0,0.0,0.0,0,0.0,0.0,6452185.984,2016873.3431306668,4435312.640869333,2666908.910226258,0.0,0,0,0,16001453.461357549,140824394.4041976,0.0,2.5134795578196645e-08,0.0,0.0,0.0
175,15,operations,1300.0,0,0,0.0,0.0,0,0.0,0.0,0.0,0.0,92967.68239305637,220865.21475487042,22091378.559578657,313832.8971479268,0.0,0.0,0.0,972676534.2325486,2086322282.7692811,143815157852.113,2353076.0130783306,0.0,0.0,0.0,0.0,0.0,0,0.0,0.0,6452185.984,2016873.3431306668,4435312.640869333,2666908.9102262575,0.0,0,0,3.725290298461914e-09,16001453.461357545,142592798.13484067,0.0,2.5134795578196645e-08,0.0,0.0,0.0
176,15,operations,1300.0,0,0,0.0,0.0,0,0.0,0.0,0.0,0.0,92047.41066491108,221785.48648301576,21869593.073095642,313832.89714792685,0.0,0.0,0.0,958767719.014087,2100231097.9877434,141714926754.12527,2353076.013078331,0.0,0.0,0.0,0.0,0.0,0,0.0,0.0,6452185.984,2016873.3431306668,4435312.640869333,2666908.910226258,0.0,0,3.725290298461914e-09,0,16001453.461357549,144361201.86548373,0.0,2.5134795578196645e-08,0.0,0.0,0.0
177,15,operations,1300.0,0,0,0.0,0.0,0,0.0,0.0,0.0,0.0,91123.30447123181,222709.5926766949,21646883.480418947,313832.89714792673,0.0,0.0,0.0,944766178.3608352,2114232638.6409948,139600694115.48425,2353076.013078331,0.0,0.0,0.0,0.0,0.0,0,0.0,0.0,6452185.984,2016873.3431306668,4435312.640869333,2666908.9102262575,0.0,0,0,3.725290298461914e-09,16001453.461357545,146129605.5961268,0.0,2.5134795578196645e-08,0.0,0.0,0.0
178,15,operations,1300.0,0,0,0.0,0.0,0,0.0,0.0,0.0,0.0,90195.34783507894,223637.54931284784,21423245.931106098,313832.8971479268,0.0,0.0,0.0,930671294.1032286,2128327522.8986015,137472366592.58566,2353076.013078331,0.0,0.0,0.0,0.0,0.0,0,0.0,0.0,6452185.984,2016873.3431306668,4435312.640869333,2666908.910226258,0.0,0,3.725290298461914e-09,0,16001453.461357549,147898009.32676986,0.0,2.5134795578196645e-08,0.0,0.0,0.0
179,15,operations,1300.0,0,0,0.0,0.0,0,0.0,0.0,0.0,0.0,89263.52471294209,224569.37243498475,21198676.558671113,313832.89714792685,0.0,0.0,0.0,916482443.9505713,2142516373.051259,135329850219.53441,2353076.013078331,0.0,0.0,0.0,0.0,0.0,0,0.0,0.0,6452185.984,2016873.3431306668,4435312.640869333,2666908.910226258,0.0,0,0,0,16001453.461357549,149666413.05741292,0.0,2.5134795578196645e-08,0.0,0.0,0.0
180,16,operations,1300.0,0,0,0.0,0.0,0,0.0,0.0,0.0,0.0,88327.81899446296,225505.07815346378,20973171.48051765,313832.89714792673,0.0,0.0,0.0,902199001.4635626,2156799815.5382676,133173050403.99614,2353076.013078331,0.0,0.0,0.0,0.0,0.0,0,0.0,0.0,6452185.984,2016873.3431306668,4435312.640869333,2666908.9102262575,0.0,0,0,3.725290298461914e-09,16001453.461357545,151434816.788056,0.0,2.5134795578196645e-08,0.0,0.0,0.0
181,16,operations,1300.0,0,0,0.0,0.0,0,0.0,0.0,0.0,0.0,87388.21450215684,226444.6826457699,20746726.79787188,313832.89714792673,0.0,0.0,0.0,887820336.0266409,2171178480.975189,131001871923.02095,2353076.013078331,0.0,0.0,0.0,0.0,0.0,0,0.0,0.0,6452185.984,2016873.3431306668,4435312.640869333,2666908.9102262575,0.0,0,0,0,16001453.461357545,153203220.51869905,0.0,2.5134795578196645e-08,0.0,0.0,0.0
182,16,operations,1300.0,0,0,0.0,0.0,0,0.0,0.0,0.0,0.0,86444.69499113284,227388.20215679394,20519338.595715087,313832.8971479268,0.0,0.0,0.0,873345812.8201398,2185653004.1816907,128816218918.83926,2353076.013078331,0.0,0.0,0.0,0.0,0.0,0,0.0,0.0,6452185.984,2016873.3431306668,4435312.640869333,2666908.910226258,0.0,0,3.725290298461914e-09,0,16001453.461357549,154971624.2493421,0.0,2.5134795578196645e-08,0.0,0.0,0.0
183,16,operations,1300.0,0,0,0.0,0.0,0,0.0,0.0,0.0,0.0,85497.24414881285,228335.65299911398,20291002.942715973,313832.89714792685,0.0,0.0,0.0,858774792.7922616,2200224024.209568,126615994894.6297,2353076.0130783306,0.0,0.0,0.0,0.0,0.0,0,0.0,0.0,6452185.984,2016873.3431306668,4435312.640869333,2666908.9102262575,0.0,0,0,3.725290298461914e-09,16001453.461357545,156740027.97998518,0.0,2.5134795578196645e-08,0.0,0.0,0.0
184,16,operations,1300.0,0,0,0.0,0.0,0,0.0,0.0,0.0,0.0,84545.84559464989,229287.0515532769,20061715.891162694,313832.8971479268,0.0,0.0,0.0,844106632.6308649,2214892184.3709655,124401102710.25873,2353076.013078331,0.0,0.0,0.0,0.0,0.0,0,0.0,0.0,6452185.984,2016873.3431306668,4435312.640869333,2666908.910226258,0.0,0,3.725290298461914e-09,0,16001453.461357549,158508431.71062824,0.0,2.5134795578196645e-08,0.0,0.0,0.0
185,16,operations,1300.0,0,0,0.0,0.0,0,0.0,0.0,0.0,0.0,83590.48287984455,230242.41426808224,19831473.476894613,313832.8971479268,0.0,0.0,0.0,829340684.7350583,2229658132.266772,122171444577.99196,2353076.013078331,0.0,0.0,0.0,0.0,0.0,0,0.0,0.0,6452185.984,2016873.3431306668,4435312.640869333,2666908.910226258,0.0,0,0,0,16001453.461357549,160276835.4412713,0.0,2.5134795578196645e-08,0.0,0.0,0.0
186,16,operations,1300.0,0,0,0.0,0.0,0,0.0,0.0,0.0,0.0,82631.13948706088,231201.75766086593,19600271.719233748,313832.8971479268,0.0,0.0,0.0,814476297.186613,2244522519.815217,119926922058.17674,2353076.013078331,0.0,0.0,0.0,0.0,0.0,0,0.0,0.0,6452185.984,2016873.3431306668,4435312.640869333,2666908.910226258,0.0,0,0,0,16001453.461357549,162045239.17191437,0.0,2.5134795578196645e-08,0.0,0.0,0.0
187,16,operations,1300.0,0,0,0.0,0.0,0,0.0,0.0,0.0,0.0,81667.79883014061,232165.09831778615,19368106.62091596,313832.89714792673,0.0,0.0,0.0,799512813.7211782,2259486003.2806516,117667436054.89609,2353076.0130783306,0.0,0.0,0.0,0.0,0.0,0,0.0,0.0,6452185.984,2016873.3431306668,4435312.640869333,2666908.9102262575,0.0,0,0,3.725290298461914e-09,16001453.461357545,163813642.90255743,0.0,2.5134795578196645e-08,0.0,0.0,0.0
188,16,operations,1300.0,0,0,0.0,0.0,0,0.0,0.0,0.0,0.0,80700.44425381649,233132.45289411026,19134974.16802185,313832.89714792673,0.0,0.0,0.0,784449573.6993074,2274549243.302522,115392886811.59357,2353076.0130783306,0.0,0.0,0.0,0.0,0.0,0,0.0,0.0,6452185.984,2016873.3431306668,4435312.640869333,2666908.9102262575,0.0,0,0,0,16001453.461357545,165582046.6332005,0.0,2.5134795578196645e-08,0.0,0.0,0.0
189,16,operations,1300.0,0,0,0.0,0.0,0,0.0,0.0,0.0,0.0,79729.05903342438,234103.8381145024,18900870.32990735,313832.8971479268,0.0,0.0,0.0,769285912.0772904,2289712904.92454,113103173906.66902,2353076.013078331,0.0,0.0,0.0,0.0,0.0,0,0.0,0.0,6452185.984,2016873.3431306668,4435312.640869333,2666908.910226258,0.0,0,3.725290298461914e-09,0,16001453.461357549,167350450.36384356,0.0,2.5134795578196645e-08,0.0,0.0,0.0
190,16,operations,1300.0,0,0,0.0,0.0,0,0.0,0.0,0.0,0.0,78753.62637461394,235079.2707733128,18665791.059134036,313832.89714792673,0.0,0.0,0.0,754021159.3777934,2304977657.6240363,110798196249.04498,2353076.0130783306,0.0,0.0,0.0,0.0,0.0,0,0.0,0.0,6452185.984,2016873.3431306668,4435312.640869333,2666908.9102262575,0.0,0,0,3.725290298461914e-09,16001453.461357545,169118854.09448662,0.0,2.5134795578196645e-08,0.0,0.0,0.0
191,16,operations,1300.0,0,0,0.0,0.0,0,0.0,0.0,0.0,0.0,77774.12941305846,236058.7677348683,18429732.291399166,313832.89714792673,0.0,0.0,0.0,738654641.6603,2320344175.34153,108477852073.70346,2353076.013078331,0.0,0.0,0.0,0.0,0.0,0,0.0,0.0,6452185.984,2016873.3431306668,4435312.640869333,2666908.9102262575,0.0,0,0,0,16001453.461357545,170887257.8251297,0.0,2.5134795578196645e-08,0.0,0.0,0.0
192,17,operations,1300.0,0,0,0.0,0.0,0,0.0,0.0,0.0,0.0,76790.55121416318,237042.34593376357,18192689.945465405,313832.89714792673,0.0,0.0,0.0,723185680.4913566,2335813136.5104737,106142038937.19298,2353076.013078331,0.0,0.0,0.0,0.0,0.0,0,0.0,0.0,6452185.984,2016873.3431306668,4435312.640869333,2666908.9102262575,0.0,0,0,0,16001453.461357545,172655661.55577275,0.0,2.5134795578196645e-08,0.0,0.0,0.0
193,17,operations,1300.0,0,0,0.0,0.0,0,0.0,0.0,0.0,0.0,75802.87477277251,238030.02237515428,17954659.92309025,313832.8971479268,0.0,0.0,0.0,707613592.91462,2351385224.087209,103790653713.10577,2353076.01307833,0.0,0.0,0.0,0.0,0.0,0,0.0,0.0,6452185.984,2016873.3431306668,4435312.640869333,2666908.910226257,0.0,0,0,3.725290298461914e-09,16001453.461357541,174424065.28641582,0.0,2.5134795578196645e-08,0.0,0.0,0.0
194,17,operations,1300.0,0,0,0.0,0.0,0,0.0,0.0,0.0,0.0,74811.08301287604,239021.81413505075,17715638.108955197,313832.8971479268,0.0,0.0,0.0,691937691.4207052,2367061125.581125,101423592587.52464,2353076.013078331,0.0,0.0,0.0,0.0,0.0,0,0.0,0.0,6452185.984,2016873.3431306668,4435312.640869333,2666908.910226258,0.0,0,7.450580596923828e-09,0,16001453.461357549,176192469.01705888,0.0,2.5134795578196645e-08,0.0,0.0,0.0
195,17,operations,1300.0,0,0,0.0,0.0,0,0.0,0.0,0.0,0.0,73815.15878731331,240017.73836061347,17475620.370594583,313832.8971479268,0.0,0.0,0.0,676157283.9168313,2382841533.084999,99040751054.43965,2353076.013078331,0.0,0.0,0.0,0.0,0.0,0,0.0,0.0,6452185.984,2016873.3431306668,4435312.640869333,2666908.910226258,0.0,0,0,0,16001453.461357549,177960872.74770194,0.0,2.5134795578196645e-08,0.0,0.0,0.0
196,17,operations,1300.0,0,0,0.0,0.0,0,0.0,0.0,0.0,0.0,72815.08487747743,241017.81227044933,17234602.558324132,313832.89714792673,0.0,0.0,0.0,660271673.6962644,2398727143.3055654,96642023911.13408,2353076.0130783306,0.0,0.0,0.0,0.0,0.0,0,0.0,0.0,6452185.984,2016873.3431306668,4435312.640869333,2666908.9102262575,0.0,0,0,3.725290298461914e-09,16001453.461357545,179729276.478345,0.0,2.5134795578196645e-08,0.0,0.0,0.0
197,17,operations,1300.0,0,0,0.0,0.0,0,0.0,0.0,0.0,0.0,71810.84399301725,242022.05315490955,16992580.505169224,313832.8971479268,0.0,0.0,0.0,644280159.4075605,2414718657.5942693,94227305253.53981,2353076.0130783306,0.0,0.0,0.0,0.0,0.0,0,0.0,0.0,6452185.984,2016873.3431306668,4435312.640869333,2666908.9102262575,0.0,0,0,0,16001453.461357545,181497680.20898807,0.0,2.5134795578196645e-08,0.0,0.0,0.0
198,17,operations,1300.0,0,0,0.0,0.0,0,0.0,0.0,0.0,0.0,70802.41877153843,243030.47837638835,16749550.026792835,313832.8971479268,0.0,0.0,0.0,628182035.0235988,2430816781.9782324,91796488471.56157,2353076.0130783315,0.0,0.0,0.0,0.0,0.0,0,0.0,0.0,6452185.984,2016873.3431306668,4435312.640869333,2666908.9102262584,0.0,0,5.587935447692871e-09,0,16001453.46135755,183266083.93963113,0.0,2.5134795578196645e-08,0.0,0.0,0.0
199,17,operations,1300.0,0,0,0.0,0.0,0,0.0,0.0,0.0,0.0,69789.7917783035,244043.1053696233,16505506.921423214,313832.8971479268,0.0,0.0,0.0,611976589.8104105,2447022227.1914196,89349466244.37016,2353076.013078331,0.0,0.0,0.0,0.0,0.0,0,0.0,0.0,6452185.984,2016873.3431306668,4435312.640869333,2666908.910226258,0.0,0,0,1.862645149230957e-09,16001453.461357549,185034487.6702742,0.0,2.5134795578196645e-08,0.0,0.0,0.0
200,17,operations,1300.0,0,0,0.0,0.0,0,0.0,0.0,0.0,0.0,68772.94550593005,245059.95164199674,16260446.969781216,313832.8971479268,0.0,0.0,0.0,595663108.2958009,2463335708.706029,86886130535.66412,2353076.013078331,0.0,0.0,0.0,0.0,0.0,0,0.0,0.0,6452185.984,2016873.3431306668,4435312.640869333,2666908.910226258,0.0,0,0,0,16001453.461357549,186802891.40091726,0.0,2.5134795578196645e-08,0.0,0.0,0.0
201,17,operations,1300.0,0,0,0.0,0.0,0,0.0,0.0,0.0,0.0,67751.8623740884,246081.03477383836,16014365.935007378,313832.89714792673,0.0,0.0,0.0,579240870.2377608,2479757946.764068,84406372588.90005,2353076.01307833,0.0,0.0,0.0,0.0,0.0,0,0.0,0.0,6452185.984,2016873.3431306668,4435312.640869333,2666908.9102262566,0.0,0,0,9.313225746154785e-09,16001453.46135754,188571295.13156033,0.0,2.5134795578196645e-08,0.0,0.0,0.0
202,17,operations,1300.0,0,0,0.0,0.0,0,0.0,0.0,0.0,0.0,66726.52472919741,247106.37241872938,15767259.562588649,313832.8971479268,0.0,0.0,0.0,562709150.592667,2496289666.409162,81910082922.49089,2353076.01307833,0.0,0.0,0.0,0.0,0.0,0,0.0,0.0,6452185.984,2016873.3431306668,4435312.640869333,2666908.910226257,0.0,0,1.862645149230957e-09,0,16001453.461357541,190339698.8622034,0.0,2.5134795578196645e-08,0.0,0.0,0.0
203,17,operations,1300.0,0,0,0.0,0.0,0,0.0,0.0,0.0,0.0,65696.91484411937,248135.98230380737,15519123.580284841,313832.89714792673,0.0,0.0,0.0,546067219.4832724,2512931597.518557,79397151324.97234,2353076.0130783306,0.0,0.0,0.0,0.0,0.0,0,0.0,0.0,6452185.984,2016873.3431306668,4435312.640869333,2666908.9102262575,0.0,0,3.725290298461914e-09,0,16001453.461357545,192108102.59284645,0.0,2.5134795578196645e-08,0.0,0.0,0.0
204,18,operations,1300.0,0,0,0.0,0.0,0,0.0,0.0,0.0,0.0,64663.01491785351,249169.88223007324,15269953.698054766,313832.89714792673,0.0,0.0,0.0,529314342.16648227,2529684474.835347,76867466850.137,2353076.0130783306,0.0,0.0,0.0,0.0,0.0,0,0.0,0.0,6452185.984,2016873.3431306668,4435312.640869333,2666908.9102262575,0.0,0,0,0,16001453.461357545,193876506.32348952,0.0,2.5134795578196645e-08,0.0,0.0,0.0
205,18,operations,1300.0,0,0,0.0,0.0,0,0.0,0.0,0.0,0.0,63624.80707522821,250208.09007269863,15019745.60798207,313832.89714792685,0.0,0.0,0.0,512449779.00091326,2546549038.0009165,74320917812.13606,2353076.0130783306,0.0,0.0,0.0,0.0,0.0,0,0.0,0.0,6452185.984,2016873.3431306668,4435312.640869333,2666908.9102262575,0.0,0,0,0,16001453.461357545,195644910.05413258,0.0,2.5134795578196645e-08,0.0,0.0,0.0
206,18,operations,1300.0,0,0,0.0,0.0,0,0.0,0.0,0.0,0.0,62582.27336659195,251250.6237813348,14768494.984200735,313832.89714792673,0.0,0.0,0.0,495472785.4142405,2563526031.5875893,71757391780.54848,2353076.0130783306,0.0,0.0,0.0,0.0,0.0,0,0.0,0.0,6452185.984,2016873.3431306668,4435312.640869333,2666908.9102262575,0.0,0,0,0,16001453.461357545,197413313.78477564,0.0,2.5134795578196645e-08,0.0,0.0,0.0
207,18,operations,1300.0,0,0,0.0,0.0,0,0.0,0.0,0.0,0.0,61535.395767503054,252297.50138042378,14516197.48282031,313832.89714792685,0.0,0.0,0.0,478382611.8703232,2580616205.1315064,69176775575.41698,2353076.0130783306,0.0,0.0,0.0,0.0,0.0,0,0.0,0.0,6452185.984,2016873.3431306668,4435312.640869333,2666908.9102262575,0.0,0,0,0,16001453.461357545,199181717.5154187,0.0,2.5134795578196645e-08,0.0,0.0,0.0
208,18,operations,1300.0,0,0,0.0,0.0,0,0.0,0.0,0.0,0.0,60484.15617841796,253348.7409695088,14262848.7418508,313832.89714792673,0.0,0.0,0.0,461178503.83611315,2597820313.165717,66578955262.25126,2353076.013078331,0.0,0.0,0.0,0.0,0.0,0,0.0,0.0,6452185.984,2016873.3431306668,4435312.640869333,2666908.9102262575,0.0,0,0,0,16001453.461357545,200950121.24606177,0.0,2.5134795578196645e-08,0.0,0.0,0.0
209,18,operations,1300.0,0,0,0.0,0.0,0,0.0,0.0,0.0,0.0,59428.53642437833,254404.3607235484,14008444.381127253,313832.89714792673,0.0,0.0,0.0,443859701.7483417,2615139115.2534876,63963816146.99777,2353076.01307833,0.0,0.0,0.0,0.0,0.0,0,0.0,0.0,6452185.984,2016873.3431306668,4435312.640869333,2666908.9102262566,0.0,0,0,5.587935447692871e-09,16001453.46135754,202718524.97670484,0.0,2.5134795578196645e-08,0.0,0.0,0.0
210,18,operations,1300.0,0,0,0.0,0.0,0,0.0,0.0,0.0,0.0,58368.518254696886,255464.3788932299,13752980.002234023,313832.8971479268,0.0,0.0,0.0,426425440.9799852,2632573376.021845,61331242770.97593,2353076.013078331,0.0,0.0,0.0,0.0,0.0,0,0.0,0.0,6452185.984,2016873.3431306668,4435312.640869333,2666908.910226258,0.0,0,9.313225746154785e-09,0,16001453.461357549,204486928.7073479,0.0,2.5134795578196645e-08,0.0,0.0,0.0
211,18,operations,1300.0,0,0,0.0,0.0,0,0.0,0.0,0.0,0.0,57304.08334264176,256528.81380528503,13496451.188428737,313832.8971479268,0.0,0.0,0.0,408874951.8065063,2650123865.195324,58681118905.7806,2353076.013078331,0.0,0.0,0.0,0.0,0.0,0,0.0,0.0,6452185.984,2016873.3431306668,4435312.640869333,2666908.910226258,0.0,0,0,0,16001453.461357549,206255332.43799096,0.0,2.5134795578196645e-08,0.0,0.0,0.0
212,18,operations,1300.0,0,0,0.0,0.0,0,0.0,0.0,0.0,0.0,56235.21328511973,257597.68386280703,13238853.50456593,313832.89714792673,0.0,0.0,0.0,391207459.3718707,2667791357.6299596,56013327548.15064,2353076.013078331,0.0,0.0,0.0,0.0,0.0,0,0.0,0.0,6452185.984,2016873.3431306668,4435312.640869333,2666908.9102262575,0.0,0,0,3.725290298461914e-09,16001453.461357545,208023736.16863403,0.0,2.5134795578196645e-08,0.0,0.0,0.0
213,18,operations,1300.0,0,0,0.0,0.0,0,0.0,0.0,0.0,0.0,55161.889602358046,258671.00754556872,12980182.497020362,313832.89714792673,0.0,0.0,0.0,373422183.6543376,2685576633.3474917,53327750914.80315,2353076.01307833,0.0,0.0,0.0,0.0,0.0,0,0.0,0.0,6452185.984,2016873.3431306668,4435312.640869333,2666908.9102262566,0.0,0,0,5.587935447692871e-09,16001453.46135754,209792139.8992771,0.0,2.5134795578196645e-08,0.0,0.0,0.0
214,18,operations,1300.0,0,0,0.0,0.0,0,0.0,0.0,0.0,0.0,54084.09373758484,259748.80341034193,12720433.69361002,313832.8971479268,0.0,0.0,0.0,355518339.432021,2703480477.569809,50624270437.23334,2353076.013078331,0.0,0.0,0.0,0.0,0.0,0,0.0,0.0,6452185.984,2016873.3431306668,4435312.640869333,2666908.910226258,0.0,0,9.313225746154785e-09,0,16001453.461357549,211560543.62992015,0.0,2.5134795578196645e-08,0.0,0.0,0.0
215,18,operations,1300.0,0,0,0.0,0.0,0,0.0,0.0,0.0,0.0,53001.807056708414,260831.09009121833,12459602.6035188,313832.89714792673,0.0,0.0,0.0,337495136.24822235,2721503680.7536073,47902766756.47974,2353076.0130783306,0.0,0.0,0.0,0.0,0.0,0,0.0,0.0,6452185.984,2016873.3431306668,4435312.640869333,2666908.9102262575,0.0,0,0,3.725290298461914e-09,16001453.461357545,213328947.36056322,0.0,2.5134795578196645e-08,0.0,0.0,0.0
216,19,operations,1300.0,0,0,0.0,0.0,0,0.0,0.0,0.0,0.0,51915.010847995014,261917.88629993182,12197684.71721887,313832.89714792685,0.0,0.0,0.0,319351778.37653154,2739647038.6252985,45163119717.85443,2353076.013078331,0.0,0.0,0.0,0.0,0.0,0,0.0,0.0,6452185.984,2016873.3431306668,4435312.640869333,2666908.910226258,0.0,0,3.725290298461914e-09,0,16001453.461357549,215097351.09120628,0.0,2.5134795578196645e-08,0.0,0.0,0.0
217,19,operations,1300.0,0,0,0.0,0.0,0,0.0,0.0,0.0,0.0,50823.68632174529,263009.21082618146,11934675.506392688,313832.89714792673,0.0,0.0,0.0,301087464.78569627,2757911352.2161345,42405208365.6383,2353076.0130783315,0.0,0.0,0.0,0.0,0.0,0,0.0,0.0,6452185.984,2016873.3431306668,4435312.640869333,2666908.9102262584,0.0,0,1.862645149230957e-09,0,16001453.46135755,216865754.82184935,0.0,2.5134795578196645e-08,0.0,0.0,0.0
218,19,operations,1300.0,0,0,0.0,0.0,0,0.0,0.0,0.0,0.0,49727.81460996954,264105.0825379573,11670570.423854731,313832.89714792685,0.0,0.0,0.0,282701389.10425526,2776297427.897574,39628910937.74072,2353076.01307833,0.0,0.0,0.0,0.0,0.0,0,0.0,0.0,6452185.984,2016873.3431306668,4435312.640869333,2666908.910226257,0.0,0,0,9.313225746154785e-09,16001453.461357541,218634158.5524924,0.0,2.5134795578196645e-08,0.0,0.0,0.0
219,19,operations,1300.0,0,0,0.0,0.0,0,0.0,0.0,0.0,0.0,48627.37676606138,265205.52038186544,11405364.903472865,313832.89714792685,0.0,0.0,0.0,264192739.58493817,2794806077.416891,36834104860.32383,2353076.01307833,0.0,0.0,0.0,0.0,0.0,0,0.0,0.0,6452185.984,2016873.3431306668,4435312.640869333,2666908.910226257,0.0,0,0,0,16001453.461357541,220402562.28313547,0.0,2.5134795578196645e-08,0.0,0.0,0.0
220,19,operations,1300.0,0,0,0.0,0.0,0,0.0,0.0,0.0,0.0,47522.353764470274,266310.5433834565,11139054.360089408,313832.89714792673,0.0,0.0,0.0,245560699.0688256,2813438117.933005,34020666742.390827,2353076.013078331,0.0,0.0,0.0,0.0,0.0,0,0.0,0.0,6452185.984,2016873.3431306668,4435312.640869333,2666908.9102262575,0.0,0,3.725290298461914e-09,0,16001453.461357545,222170966.01377854,0.0,2.5134795578196645e-08,0.0,0.0,0.0
221,19,operations,1300.0,0,0,0.0,0.0,0,0.0,0.0,0.0,0.0,46412.72650037253,267420.1706475543,10871634.189441854,313832.8971479268,0.0,0.0,0.0,226804444.9492722,2832194372.052558,31188472370.338272,2353076.013078331,0.0,0.0,0.0,0.0,0.0,0,0.0,0.0,6452185.984,2016873.3431306668,4435312.640869333,2666908.910226258,0.0,0,3.725290298461914e-09,0,16001453.461357549,223939369.7444216,0.0,2.5134795578196645e-08,0.0,0.0,0.0
222,19,operations,1300.0,0,0,0.0,0.0,0,0.0,0.0,0.0,0.0,45298.47578934107,268534.4213585858,10603099.768083269,313832.8971479269,0.0,0.0,0.0,207923149.13558847,2851075667.8662415,28337396702.47203,2353076.013078331,0.0,0.0,0.0,0.0,0.0,0,0.0,0.0,6452185.984,2016873.3431306668,4435312.640869333,2666908.910226258,0.0,0,0,0,16001453.461357549,225707773.47506467,0.0,2.5134795578196645e-08,0.0,0.0,0.0
223,19,operations,1300.0,0,0,0.0,0.0,0,0.0,0.0,0.0,0.0,44179.58236701362,269653.3147809131,10333446.453302355,313832.89714792673,0.0,0.0,0.0,188915978.0164802,2869998048.9807444,25467398653.491283,2353010.7899978654,0.0,0.0,0.0,0.0,0.0,0,0.0,0.0,6452185.984,2016873.3431306668,4435312.640869333,2666843.687145792,0.0,0,0,391.33848279714584,16001062.122874752,227476633.76727098,0.0,2.5134795578196645e-08,0.0,0.0,2.9802322387695312e-08
224,19,operations,1300.0,0,0,0.0,0.0,0,0.0,0.0,0.0,0.0,43056.02688875982,270776.8702591669,10062669.583043188,313832.89714792673,0.0,0.0,0.0,169782657.6899419,2889013177.1914916,22578385476.299793,2352919.872985718,0.0,0.0,0.0,0.0,0.0,0,0.0,0.0,6452185.984,2016873.3431306668,4435312.640869333,2666752.7701336443,0.0,0,0,545.5020728856325,16000516.620801866,229245739.14007956,0.0,2.5134795578196645e-08,0.0,0.0,0.0
225,19,operations,1300.0,0,0,0.0,0.0,0,0.0,0.0,0.0,0.0,41927.78992934661,271905.10721858015,9790764.475824608,313832.89714792673,0.0,0.0,0.0,150522569.84199864,2907570535.743406,19670814940.556385,2352379.311988773,0.0,0.0,0.0,0.0,0.0,0,0.0,0.0,6452185.984,2016873.3431306668,4435312.640869333,2666212.2091366993,0.0,0,0,3243.3659816700965,15997273.254820196,231018082.93779385,0.0,2.5134795578196645e-08,0.0,0.0,0.0
226,19,operations,1300.0,0,0,0.0,0.0,0,0.0,0.0,0.0,0.0,40794.85198260252,273038.04516532423,9517726.430659283,313832.89714792673,0.0,0.0,0.0,131138766.2703759,2910910179.5599337,16759904760.996452,2340037.6506386995,0.0,0.0,0.0,0.0,0.0,0,0.0,0.0,6452185.984,2016873.3431306668,4435312.640869333,2653870.547786626,0.0,0,0,74049.96810043976,15923223.286719756,232873574.99897698,0.0,2.5134795578196645e-08,0.0,0.0,0.0
227,19,operations,1300.0,0,0,0.0,0.0,0,0.0,0.0,0.0,0.0,39657.193461080344,274175.7036868465,9243550.726972437,313832.89714792685,0.0,0.0,0.0,111732698.40664302,2914740928.7597556,13845163832.236696,2328056.636281845,0.0,0.0,0.0,0.0,0.0,0,0.0,0.0,6452185.984,2016873.3431306668,4435312.640869333,2641889.533429772,0.0,0,0,71886.0861411225,15851337.200578634,234738884.19255763,0.0,2.5134795578196645e-08,0.0,0.0,2.9802322387695312e-08
228,20,operations,1300.0,0,0,0.0,0.0,0,0.0,0.0,0.0,0.0,38514.79469571848,275318.1024522083,8968232.62452023,313832.8971479268,0.0,0.0,0.0,92301092.21491131,2733260223.846819,11111903608.389877,2173508.7046628697,0.0,0.0,0.0,0.0,0.0,0,0.0,0.0,6452185.984,2016873.3431306668,4435312.640869333,2487341.6018107967,0.0,0,0,927287.5897138529,14924049.61086478,237614142.82133,0.0,2.5134795578196645e-08,0.0,0.0,0.0
229,20,operations,1300.0,0,0,0.0,0.0,0,0.0,0.0,0.0,0.0,37367.63593550095,276465.26121242583,8691767.363307802,313832.8971479268,0.0,0.0,0.0,74079357.38926587,2517700453.352167,8594203155.037712,1993676.77749341,0.0,0.0,0.0,0.0,0.0,0,0.0,0.0,6452185.984,2016873.3431306668,4435312.640869333,2307509.674641337,0.0,0,0,1078991.563016761,13845058.04784802,240820937.35057476,0.0,2.5134795578196645e-08,0.0,0.0,2.9802322387695312e-08
230,20,operations,1300.0,0,0,0.0,0.0,0,0.0,0.0,0.0,0.0,36215.69734711584,277617.19980081095,8414150.163506992,313832.8971479268,0.0,0.0,0.0,57294687.700251415,2186867029.8733397,6407336125.1643715,1726278.244287378,0.0,0.0,0.0,0.0,0.0,0,0.0,0.0,6452185.984,2016873.3431306668,4435312.640869333,2040111.1414353047,0.0,0,0,1604391.1992361918,12240666.848611828,244820530.04924497,0.0,2.5134795578196645e-08,0.0,0.0,0.0
231,20,operations,1300.0,0,0,0.0,0.0,0,0.0,0.0,0.0,0.0,35058.95901461247,278773.93813331437,8135376.225373677,313832.89714792685,0.0,0.0,0.0,42715574.16776247,1820956289.3141856,4586379835.850186,1433593.74113996,0.0,0.0,0.0,0.0,0.0,0,0.0,0.0,6452185.984,2016873.3431306668,4435312.640869333,1747426.638287887,0.0,0,0,1756107.018884506,10484559.829727322,249264523.07071093,0.0,2.5134795578196645e-08,0.0,0.0,0.0
232,20,operations,1300.0,0,0,0.0,0.0,0,0.0,0.0,0.0,0.0,33897.40093905699,279935.4962088698,7855440.729164808,313832.8971479268,0.0,0.0,0.0,30575865.57233458,1516801327.7854955,3069578508.064691,1190290.1487367924,0.0,0.0,0.0,0.0,0.0,0,0.0,0.0,6452185.984,2016873.3431306668,4435312.640869333,1504123.0458847191,0.0,0,0,1459821.5544190072,9024738.275308315,253655534.22011453,0.0,2.5134795578196645e-08,0.0,0.0,2.9802322387695312e-08
233,20,operations,1300.0,0,0,0.0,0.0,0,0.0,0.0,0.0,0.0,32731.003038186696,281101.89410974015,7574338.835055068,313832.89714792685,0.0,0.0,0.0,20463856.720431276,1213463348.1356065,1856115159.9290843,949174.772966183,0.0,0.0,0.0,0.0,0.0,0,0.0,0.0,6452185.984,2016873.3431306668,4435312.640869333,1263007.6701141098,0.0,0,0,1446692.2546236562,7578046.020684659,258274531.4454934,0.0,2.5134795578196645e-08,0.0,0.0,0.0
234,20,operations,1300.0,0,0,0.0,0.0,0,0.0,0.0,0.0,0.0,31559.74514606278,282273.1520018641,7292065.683053204,313832.8971479269,0.0,0.0,0.0,12374101.066193894,885131533.4171726,970983626.5119116,690388.9496025896,0.0,0.0,0.0,0.0,0.0,0,0.0,0.0,6452185.984,2016873.3431306668,4435312.640869333,1004221.8467505164,0.0,0,0,1552714.9401815599,6025331.080503099,263258337.17979375,0.0,2.5134795578196645e-08,0.0,0.0,2.9802322387695312e-08
235,20,operations,1300.0,0,0,0.0,0.0,0,0.0,0.0,0.0,0.0,30383.607012721684,283449.2901352051,7008616.392917999,313832.8971479268,0.0,0.0,0.0,6473224.176746078,463482235.8637851,507501390.6481265,361504.20003117784,0.0,0.0,0.0,0.0,0.0,0,0.0,0.0,6452185.984,2016873.3431306668,4435312.640869333,675337.0971791046,0.0,0,0,1973308.4974284712,4052022.5830746274,268991621.2209124,0.0,2.5134795578196645e-08,0.0,0.0,5.960464477539063e-08
236,20,operations,1300.0,0,0,0.0,0.0,0,0.0,0.0,0.0,0.0,29202.568303824995,284630.32884410187,6723986.064073897,313832.89714792685,0.0,0.0,0.0,3383342.6043208432,214577527.92334256,292923862.72478396,167662.20809820262,0.0,0.0,0.0,0.0,0.0,0,0.0,0.0,6452185.984,2016873.3431306668,4435312.640869333,481495.10524612945,0.0,0,0,1163051.9515978508,2888970.6314767767,274108490.70813346,0.0,2.5134795578196645e-08,0.0,0.0,0.0
237,20,operations,1300.0,0,0,0.0,0.0,0,0.0,0.0,0.0,0.0,28016.6086003079,285816.2885476189,6438169.775526278,313832.8971479268,0.0,0.0,0.0,1952825.7514985597,148319116.93625495,144604745.78852898,115593.8020675027,0.0,0.0,0.0,0.0,0.0,0,0.0,0.0,6452185.984,2016873.3431306668,4435312.640869333,429426.6992154295,0.0,0,0,312410.4361841995,2576560.195292577,278426787.0859716,0.0,2.5134795578196645e-08,0.0,0.0,-5.960464477539063e-08
238,20,operations,1300.0,0,0,0.0,0.0,0,0.0,0.0,0.0,0.0,26825.707398026152,287007.1897499006,6151162.5857763775,313832.89714792673,0.0,0.0,0.0,964031.6385901935,86361334.45500058,58243411.33352841,67173.35853353135,0.0,0.0,0.0,0.0,0.0,0,0.0,0.0,6452185.984,2016873.3431306668,4435312.640869333,381006.2556814581,0.0,0,0,290522.66120382864,2286037.5340887485,282771616.13236326,0.0,2.5134795578196645e-08,0.0,0.0,5.960464477539063e-08
239,20,operations,1300.0,0,0,0.0,0.0,0,0.0,0.0,0.0,0.0,25629.844107401568,288203.0530405251,5862959.532735852,313832.8971479267,0.0,0.0,0.0,388289.4088901893,36974417.66842247,21268993.66510594,28740.54390562512,0.0,0.0,0.0,0.0,0.0,0,0.0,0.0,6452185.984,2016873.3431306668,4435312.640869333,342573.4410535518,0.0,0,0,230596.88776743785,2055440.6463213107,287094952.21994644,0.0,2.5134795578196645e-08,0.0,0.0,5.960464477539063e-08
240,21,operations,1300.0,0,0,0.0,0.0,0,0.0,0.0,0.0,0.0,24428.998053066047,289403.8990948607,5573555.633640991,313832.89714792673,0.0,0.0,0.0,141793.29110070626,11047014.944610972,10221978.720494965,8606.775565932061,0.0,0.0,0.0,0.0,0.0,0,0.0,0.0,6452185.984,2016873.3431306668,4435312.640869333,322439.6727138588,0.0,0,0,120802.61003815802,1934638.0362831526,291328627.79814005,0.0,2.5134795578196645e-08,0.0,0.0,5.960464477539063e-08
241,21,operations,1300.0,0,0,0.0,0.0,0,0.0,0.0,0.0,0.0,23223.148473504127,290609.7486744226,5282945.884966568,313832.89714792673,0.0,0.0,0.0,68146.52480329976,5802919.183901764,4419059.5365932,4516.204391311588,0.0,0.0,0.0,0.0,0.0,0,0.0,0.0,6452185.984,2016873.3431306668,4435312.640869333,318349.1015392383,0.0,0,0,24543.427047722973,1910094.6092354297,295470134.76451784,0.0,2.5134795578196645e-08,0.0,0.0,0.0
242,21,operations,1300.0,0,0,0.0,0.0,0,0.0,0.0,0.0,0.0,22012.27452069403,291820.6226272328,4991125.262339336,313832.89714792685,0.0,0.0,0.0,29460.396910621334,3127040.39469196,1292019.14190124,2428.0775320019857,0.0,0.0,0.0,0.0,0.0,0,0.0,0.0,6452185.984,2016873.3431306668,4435312.640869333,316260.97467992886,0.0,0,0,12528.76115585654,1897565.8480795731,299601715.19186306,0.0,2.5134795578196645e-08,0.0,0.0,5.960464477539063e-08
243,21,operations,1300.0,0,0,0.0,0.0,0,0.0,0.0,0.0,0.0,20796.355259747226,293036.54188817955,4698088.720451156,313832.8971479268,0.0,0.0,0.0,8613.460946008268,1177162.0271385706,114857.11476266947,912.1349908342914,0.0,0.0,0.0,0.0,0.0,0,0.0,0.0,6452185.984,2016873.3431306668,4435312.640869333,314745.0321387611,0.0,0,0,9095.655247006798,1888470.1928325663,303731378.45584065,0.0,2.5134795578196645e-08,0.0,0.0,0.0
244,21,operations,1300.0,0,0,0.0,0.0,0,0.0,0.0,0.0,0.0,19575.369668546482,294257.52747938025,4403831.192971775,313832.89714792673,0.0,0.0,0.0,765.7140984177965,114857.11476266947,0,88.94063758545174,0.0,0.0,0.0,0.0,0.0,0,0.0,0.0,6452185.984,2016873.3431306668,4435312.640869333,313921.8377855122,0.0,0,0,4939.166119493078,1883531.0267130733,307857708.425044,0.0,2.5134795578196645e-08,0.0,0.0,-5.960464477539063e-08
245,21,operations,1300.0,0,0,0.0,0.0,0,0.0,0.0,0.0,0.0,18349.2966373824,295483.60051054443,4108347.592461231,313832.89714792685,0.0,0.0,0.0,0.0,0.0,0,0.0,0.0,0.0,0.0,0.0,0.0,0,0.0,0.0,6452185.984,2016873.3431306668,4435312.640869333,313832.89714792685,0.0,0,0,533.6438255121466,1882997.382887561,311979721.8125909,0.0,2.5134795578196645e-08,0.0,0.0,0.0
246,21,operations,1300.0,0,0,0.0,0.0,0,0.0,0.0,0.0,0.0,17118.11496858846,296714.7821793382,3811632.8102818932,313832.8971479267,0.0,0.0,0.0,0.0,0.0,0,0.0,0.0,0.0,0.0,0.0,0.0,0,0.0,0.0,6452185.984,2016873.3431306668,4435312.640869333,313832.8971479267,0.0,0,0,1.1641532182693481e-09,1882997.38288756,316101201.55631226,0.0,2.5134795578196645e-08,0.0,0.0,5.960464477539063e-08
247,21,operations,1300.0,0,0,0.0,0.0,0,0.0,0.0,0.0,0.0,15881.803376174554,297895.29444195377,3513737.5158399395,313777.0978181283,0.0,0.0,0.0,0.0,0.0,0,0.0,0.0,0.0,0.0,0.0,0.0,0,0.0,0.0,6452185.984,2016873.3431306668,4435312.640869333,313777.0978181283,0.0,0,0,334.7959787901491,1882662.5869087698,320223071.89534223,0.0,2.5134795578196645e-08,0.0,0.0,5.960464477539063e-08
248,21,operations,1300.0,0,0,0.0,0.0,0,0.0,0.0,0.0,0.0,14640.572982666416,299058.7439542876,3214678.7718856516,313699.31693695404,0.0,0.0,0.0,0.0,0.0,0,0.0,0.0,0.0,0.0,0.0,0.0,0,0.0,0.0,6452185.984,2016873.3431306668,4435312.640869333,313699.31693695404,0.0,0,0,466.68528704554774,1882195.9016217242,324345151.90456164,0.0,2.5134795578196645e-08,0.0,0.0,0.0
249,21,operations,1300.0,0,0,0.0,0.0,0,0.0,0.0,0.0,0.0,13394.494882856885,299842.3639698588,2914836.407915793,313236.8588527157,0.0,0.0,0.0,0.0,0.0,0,0.0,0.0,0.0,0.0,0.0,0.0,0,0.0,0.0,6452185.984,2016873.3431306668,4435312.640869333,313236.8588527157,0.0,0,0,2774.7485054300632,1879421.1531162942,328470002.4350836,0.0,2.5134795578196645e-08,0.0,0.0,5.960464477539063e-08
250,21,operations,1300.0,0,0,0.0,0.0,0,0.0,0.0,0.0,0.0,12145.151699649137,300843.99195541436,2613992.4159603785,312989.14365506347,0.0,0.0,0.0,0.0,0.0,0,0.0,0.0,0.0,0.0,0.0,0.0,0,0.0,0.0,6452185.984,2016873.3431306668,4435312.640869333,312989.14365506347,0.0,0,0,1486.2911859133746,1877934.8619303808,332593812.2234838,0.0,2.5134795578196645e-08,0.0,0.0,5.960464477539063e-08
251,21,operations,1300.0,0,0,0.0,0.0,0,0.0,0.0,0.0,0.0,10891.635066501576,301625.7506143573,2312366.6653460213,312517.38568085886,0.0,0.0,0.0,0.0,0.0,0,0.0,0.0,0.0,0.0,0.0,0.0,0,0.0,0.0,6452185.984,2016873.3431306668,4435312.640869333,312517.38568085886,0.0,0,0,2830.547845227644,1875104.3140851532,336719438.0265175,0.0,2.5134795578196645e-08,0.0,0.0,0.0
252,22,operations,1300.0,0,0,0.0,0.0,0,0.0,0.0,0.0,0.0,9634.861105608421,302606.06426933786,2009760.6010766833,312240.92537494627,0.0,0.0,0.0,0.0,0.0,0,0.0,0.0,0.0,0.0,0.0,0.0,0,0.0,0.0,6452185.984,2016873.3431306668,4435312.640869333,312240.92537494627,0.0,0,0,1658.761835475685,1873445.5522496775,340844168.50384736,0.0,2.5134795578196645e-08,0.0,0.0,0.0
253,22,operations,1300.0,0,0,0.0,0.0,0,0.0,0.0,0.0,0.0,8374.00250448618,302621.22848283115,1707139.3725938522,310995.23098731734,0.0,0.0,0.0,0.0,0.0,0,0.0,0.0,0.0,0.0,0.0,0.0,0,0.0,0.0,6452185.984,2016873.3431306668,4435312.640869333,310995.23098731734,0.0,0,0,7474.166325773578,1865971.385923904,344975960.0800551,0.0,2.5134795578196645e-08,0.0,0.0,5.960464477539063e-08
254,22,operations,1300.0,0,0,0.0,0.0,0,0.0,0.0,0.0,0.0,7113.0807191410495,299284.1375023678,1407855.2350914844,306397.21822150884,0.0,0.0,0.0,0.0,0.0,0,0.0,0.0,0.0,0.0,0.0,0.0,0,0.0,0.0,6452185.984,2016873.3431306668,4435312.640869333,306397.21822150884,0.0,0,0,27588.07659485098,1838383.309329053,349132463.5792978,0.0,2.5134795578196645e-08,0.0,0.0,0.0
255,22,operations,1300.0,0,0,0.0,0.0,0,0.0,0.0,0.0,0.0,5866.063479547852,288287.3942250149,1119567.8408664695,294153.45770456275,0.0,0.0,0.0,0.0,0.0,0,0.0,0.0,0.0,0.0,0.0,0.0,0,0.0,0.0,6452185.984,2016873.3431306668,4435312.640869333,294153.45770456275,0.0,0,0,73462.56310167629,1764920.7462273766,353347085.3255642,0.0,2.5134795578196645e-08,0.0,0.0,0.0
256,22,operations,1300.0,0,0,0.0,0.0,0,0.0,0.0,0.0,0.0,4664.866003610289,272126.1780144418,847441.6628520278,276791.0440180521,0.0,0.0,0.0,0.0,0.0,0,0.0,0.0,0.0,0.0,0.0,0.0,0,0.0,0.0,6452185.984,2016873.3431306668,4435312.640869333,276791.0440180521,0.0,0,0,104174.48211906385,1660746.2641083128,357609781.4045346,0.0,2.5134795578196645e-08,0.0,0.0,-5.960464477539063e-08
257,22,operations,1300.0,0,0,0.0,0.0,0,0.0,0.0,0.0,0.0,3531.006928550116,243277.16243579637,604164.5004162315,246808.16936434648,0.0,0.0,0.0,0.0,0.0,0,0.0,0.0,0.0,0.0,0.0,0.0,0,0.0,0.0,6452185.984,2016873.3431306668,4435312.640869333,246808.16936434648,0.0,0,0,179897.24792223377,1480849.016186079,361978183.1239618,0.0,2.5134795578196645e-08,0.0,0.0,-5.960464477539063e-08
258,22,operations,1300.0,0,0,0.0,0.0,0,0.0,0.0,0.0,0.0,2517.352085067631,208149.83533760288,396014.6650786285,210667.1874226705,0.0,0.0,0.0,0.0,0.0,0,0.0,0.0,0.0,0.0,0.0,0.0,0,0.0,0.0,6452185.984,2016873.3431306668,4435312.640869333,210667.1874226705,0.0,0,0,216845.891650056,1264003.124536023,366419674.4690585,0.0,2.5134795578196645e-08,0.0,0.0,0.0
259,22,operations,1300.0,0,0,0.0,0.0,0,0.0,0.0,0.0,0.0,1650.0611044942857,159770.44658990522,236244.21848872327,161420.5076943995,0.0,0.0,0.0,0.0,0.0,0,0.0,0.0,0.0,0.0,0.0,0.0,0,0.0,0.0,6452185.984,2016873.3431306668,4435312.640869333,161420.5076943995,0.0,0,0,295480.07836962596,968523.046166397,370989046.680603,0.0,2.5134795578196645e-08,0.0,0.0,5.960464477539063e-08
260,22,operations,1300.0,0,0,0.0,0.0,0,0.0,0.0,0.0,0.0,984.3509103696802,104511.17604130314,131733.04244742013,105495.52695167283,0.0,0.0,0.0,0.0,0.0,0,0.0,0.0,0.0,0.0,0.0,0.0,0,0.0,0.0,6452185.984,2016873.3431306668,4435312.640869333,105495.52695167283,0.0,0,0,335549.88445636013,632973.1617100369,375654413.678977,0.0,2.5134795578196645e-08,0.0,0.0,5.960464477539063e-08
261,22,operations,1300.0,0,0,0.0,0.0,0,0.0,0.0,0.0,0.0,548.8876768642506,66324.181953306,65408.86049411413,66873.06963017026,0.0,0.0,0.0,0.0,0.0,0,0.0,0.0,0.0,0.0,0.0,0.0,0,0.0,0.0,6452185.984,2016873.3431306668,4435312.640869333,66873.06963017026,0.0,0,0,231734.74392901536,401238.41778102156,380254587.9941452,0.0,2.5134795578196645e-08,0.0,0.0,-5.960464477539063e-08
262,22,operations,1300.0,0,0,0.0,0.0,0,0.0,0.0,0.0,0.0,272.5369187254756,35616.64329693213,29792.217197182,35889.18021565761,0.0,0.0,0.0,0.0,0.0,0,0.0,0.0,0.0,0.0,0.0,0.0,0,0.0,0.0,6452185.984,2016873.3431306668,4435312.640869333,35889.18021565761,0.0,0,0,185903.3364870759,215335.08129394567,384839914.79128593,0.0,2.5134795578196645e-08,0.0,0.0,5.960464477539063e-08
263,22,operations,1300.0,0,0,0.0,0.0,0,0.0,0.0,0.0,0.0,124.13423832159165,16237.795523977005,13554.421673204992,16361.929762298598,0.0,0.0,0.0,0.0,0.0,0,0.0,0.0,0.0,0.0,0.0,0.0,0,0.0,0.0,6452185.984,2016873.3431306668,4435312.640869333,16361.929762298598,0.0,0,0,117163.50272015408,98171.57857379159,389376029.0051131,0.0,2.5134795578196645e-08,0.0,0.0,0.0
264,23,operations,1300.0,0,0,0.0,0.0,0,0.0,0.0,0.0,0.0,56.476756971687465,6801.212103648124,6753.209569556868,6857.688860619812,0.0,0.0,0.0,0.0,0.0,0,0.0,0.0,0.0,0.0,0.0,0.0,0,0.0,0.0,6452185.984,2016873.3431306668,4435312.640869333,6857.688860619812,0.0,0,0,57025.445410072716,41146.13316371887,393861509.4025319,0.0,2.5134795578196645e-08,0.0,0.0,0.0
265,23,operations,1300.0,0,0,0.0,0.0,0,0.0,0.0,0.0,0.0,28.138373206486953,3835.5424692888773,2917.6671002679905,3863.6808424953642,0.0,0.0,0.0,0.0,0.0,0,0.0,0.0,0.0,0.0,0.0,0.0,0,0.0,0.0,6452185.984,2016873.3431306668,4435312.640869333,3863.6808424953642,0.0,0,0,17964.048108746683,23182.085054972187,398310922.4106675,0.0,2.5134795578196645e-08,0.0,0.0,0.0
266,23,operations,1300.0,0,0,0.0,0.0,0,0.0,0.0,0.0,0.0,12.156946251116628,2065.099929328916,852.5671709390746,2077.2568755800326,0.0,0.0,0.0,0.0,0.0,0,0.0,0.0,0.0,0.0,0.0,0.0,0,0.0,0.0,6452185.984,2016873.3431306668,4435312.640869333,2077.2568755800326,0.0,0,0,10718.543801491993,12463.541253480194,402754876.3384627,0.0,2.5134795578196645e-08,0.0,0.0,5.960464477539063e-08
267,23,operations,1300.0,0,0,0.0,0.0,0,0.0,0.0,0.0,0.0,3.552363212246144,776.7928432304728,75.77432770860177,780.345206442719,0.0,0.0,0.0,0.0,0.0,0,0.0,0.0,0.0,0.0,0.0,0.0,0,0.0,0.0,6452185.984,2016873.3431306668,4435312.640869333,780.345206442719,0.0,0,0,7781.470014823881,4682.071238656314,407197190.1041404,0.0,2.5134795578196645e-08,0.0,0.0,5.960464477539063e-08
268,23,operations,1300.0,0,0,0.0,0.0,0,0.0,0.0,0.0,0.0,0.3157263654525074,75.77432770860177,0,76.09005407405428,0.0,0.0,0.0,0.0,0.0,0,0.0,0.0,0.0,0.0,0.0,0.0,0,0.0,0.0,6452185.984,2016873.3431306668,4435312.640869333,76.09005407405428,0.0,0,0,4225.530914211988,456.54032444432596,411636652.1858698,0.0,2.5134795578196645e-08,0.0,0.0,5.960464477539063e-08
269,23,operations,1300.0,0,0,0.0,0.0,0,0.0,0.0,0.0,0.0,0.0,0.0,0,0.0,0.0,0.0,0.0,0.0,0.0,0,0.0,0.0,0.0,0.0,0.0,0.0,0,0.0,0.0,6452185.984,2016873.3431306668,4435312.640869333,0.0,0.0,0,0,456.54032444432596,0.0,416072421.3670636,0.0,2.5134795578196645e-08,0.0,0.0,0.0
270,23,operations,1300.0,0,0,0.0,0.0,0,0.0,0.0,0.0,0.0,0.0,0.0,0,0.0,0.0,0.0,0.0,0.0,0.0,0,0.0,0.0,0.0,0.0,0.0,0.0,0,0.0,0.0,6452185.984,2016873.3431306668,4435312.640869333,0.0,0.0,0,0,0,0.0,420507734.0079329,0.0,2.5134795578196645e-08,0.0,0.0,5.960464477539063e-08
271,23,operations,1300.0,0,0,0.0,0.0,0,0.0,0.0,0.0,0.0,0.0,0.0,0,0.0,0.0,0.0,0.0,0.0,0.0,0,0.0,0.0,0.0,0.0,0.0,0.0,0,0.0,0.0,6452185.984,2016873.3431306668,4435312.640869333,0.0,0.0,0,0,0,0.0,424943046.6488022,0.0,2.5134795578196645e-08,0.0,0.0,5.960464477539063e-08
272,23,operations,1300.0,0,0,0.0,0.0,0,0.0,0.0,0.0,0.0,0.0,0.0,0,0.0,0.0,0.0,0.0,0.0,0.0,0,0.0,0.0,0.0,0.0,0.0,0.0,0,0.0,0.0,6452185.984,2016873.3431306668,4435312.640869333,0.0,0.0,0,0,0,0.0,429378359.28967154,0.0,2.5134795578196645e-08,0.0,0.0,5.960464477539063e-08
273,23,operations,1300.0,0,0,0.0,0.0,0,0.0,0.0,0.0,0.0,0.0,0.0,0,0.0,0.0,0.0,0.0,0.0,0.0,0,0.0,0.0,0.0,0.0,0.0,0.0,0,0.0,0.0,6452185.984,2016873.3431306668,4435312.640869333,0.0,0.0,0,0,0,0.0,433813671.93054086,0.0,2.5134795578196645e-08,0.0,0.0,5.960464477539063e-08
274,23,operations,1300.0,0,0,0.0,0.0,0,0.0,0.0,0.0,0.0,0.0,0.0,0,0.0,0.0,0.0,0.0,0.0,0.0,0,0.0,0.0,0.0,0.0,0.0,0.0,0,0.0,0.0,6452185.984,2016873.3431306668,4435312.640869333,0.0,0.0,0,0,0,0.0,438248984.5714102,0.0,2.5134795578196645e-08,0.0,0.0,5.960464477539063e-08
275,23,operations,1300.0,0,0,0.0,0.0,0,0.0,0.0,0.0,0.0,0.0,0.0,0,0.0,0.0,0.0,0.0,0.0,0.0,0,0.0,0.0,0.0,0.0,0.0,0.0,0,0.0,0.0,6452185.984,2016873.3431306668,4435312.640869333,0.0,0.0,0,0,0,0.0,442684297.2122795,0.0,2.5134795578196645e-08,0.0,0.0,5.960464477539063e-08
276,24,operations,1300.0,0,0,0.0,0.0,0,0.0,0.0,0.0,0.0,0.0,0.0,0,0.0,0.0,0.0,0.0,0.0,0.0,0,0.0,0.0,0.0,0.0,0.0,0.0,0,0.0,0.0,6452185.984,2016873.3431306668,4435312.640869333,0.0,0.0,0,0,0,0.0,447119609.8531488,0.0,2.5134795578196645e-08,0.0,0.0,5.960464477539063e-08
277,24,operations,1300.0,0,0,0.0,0.0,0,0.0,0.0,0.0,0.0,0.0,0.0,0,0.0,0.0,0.0,0.0,0.0,0.0,0,0.0,0.0,0.0,0.0,0.0,0.0,0,0.0,0.0,6452185.984,2016873.3431306668,4435312.640869333,0.0,0.0,0,0,0,0.0,451554922.49401814,0.0,2.5134795578196645e-08,0.0,0.0,5.960464477539063e-08
278,24,operations,1300.0,0,0,0.0,0.0,0,0.0,0.0,0.0,0.0,0.0,0.0,0,0.0,0.0,0.0,0.0,0.0,0.0,0,0.0,0.0,0.0,0.0,0.0,0.0,0,0.0,0.0,6452185.984,2016873.3431306668,4435312.640869333,0.0,0.0,0,0,0,0.0,455990235.13488746,0.0,2.5134795578196645e-08,0.0,0.0,5.960464477539063e-08
279,24,operations,1300.0,0,0,0.0,0.0,0,0.0,0.0,0.0,0.0,0.0,0.0,0,0.0,0.0,0.0,0.0,0.0,0.0,0,0.0,0.0,0.0,0.0,0.0,0.0,0,0.0,0.0,6452185.984,2016873.3431306668,4435312.640869333,0.0,0.0,0,0,0,0.0,460425547.7757568,0.0,2.5134795578196645e-08,0.0,0.0,5.960464477539063e-08
280,24,operations,1300.0,0,0,0.0,0.0,0,0.0,0.0,0.0,0.0,0.0,0.0,0,0.0,0.0,0.0,0.0,0.0,0.0,0,0.0,0.0,0.0,0.0,0.0,0.0,0,0.0,0.0,6452185.984,2016873.3431306668,4435312.640869333,0.0,0.0,0,0,0,0.0,464860860.4166261,0.0,2.5134795578196645e-08,0.0,0.0,5.960464477539063e-08
281,24,operations,1300.0,0,0,0.0,0.0,0,0.0,0.0,0.0,0.0,0.0,0.0,0,0.0,0.0,0.0,0.0,0.0,0.0,0,0.0,0.0,0.0,0.0,0.0,0.0,0,0.0,0.0,6452185.984,2016873.3431306668,4435312.640869333,0.0,0.0,0,0,0,0.0,469296173.0574954,0.0,2.5134795578196645e-08,0.0,0.0,5.960464477539063e-08
282,24,operations,1300.0,0,0,0.0,0.0,0,0.0,0.0,0.0,0.0,0.0,0.0,0,0.0,0.0,0.0,0.0,0.0,0.0,0,0.0,0.0,0.0,0.0,0.0,0.0,0,0.0,0.0,6452185.984,2016873.3431306668,4435312.640869333,0.0,0.0,0,0,0,0.0,473731485.69836473,0.0,2.5134795578196645e-08,0.0,0.0,5.960464477539063e-08
283,24,operations,1300.0,0,0,0.0,0.0,0,0.0,0.0,0.0,0.0,0.0,0.0,0,0.0,0.0,0.0,0.0,0.0,0.0,0,0.0,0.0,0.0,0.0,0.0,0.0,0,0.0,0.0,6452185.984,2016873.3431306668,4435312.640869333,0.0,0.0,0,0,0,0.0,478166798.33923405,0.0,2.5134795578196645e-08,0.0,0.0,5.960464477539063e-08
284,24,operations,1300.0,0,0,0.0,0.0,0,0.0,0.0,0.0,0.0,0.0,0.0,0,0.0,0.0,0.0,0.0,0.0,0.0,0,0.0,0.0,0.0,0.0,0.0,0.0,0,0.0,0.0,6452185.984,2016873.3431306668,4435312.640869333,0.0,0.0,0,0,0,0.0,482602110.9801034,0.0,2.5134795578196645e-08,0.0,0.0,5.960464477539063e-08
285,24,operations,1300.0,0,0,0.0,0.0,0,0.0,0.0,0.0,0.0,0.0,0.0,0,0.0,0.0,0.0,0.0,0.0,0.0,0,0.0,0.0,0.0,0.0,0.0,0.0,0,0.0,0.0,6452185.984,2016873.3431306668,4435312.640869333,0.0,0.0,0,0,0,0.0,487037423.6209727,0.0,2.5134795578196645e-08,0.0,0.0,5.960464477539063e-08
286,24,operations,1300.0,0,0,0.0,0.0,0,0.0,0.0,0.0,0.0,0.0,0.0,0,0.0,0.0,0.0,0.0,0.0,0.0,0,0.0,0.0,0.0,0.0,0.0,0.0,0,0.0,0.0,6452185.984,2016873.3431306668,4435312.640869333,0.0,0.0,0,0,0,0.0,491472736.261842,0.0,2.5134795578196645e-08,0.0,0.0,5.960464477539063e-08
287,24,operations,1300.0,0,0,0.0,0.0,0,0.0,0.0,0.0,0.0,0.0,0.0,0,0.0,0.0,0.0,0.0,0.0,0.0,0,0.0,0.0,0.0,0.0,0.0,0.0,0,0.0,0.0,6452185.984,2016873.3431306668,4435312.640869333,0.0,0.0,0,0,0,0.0,495908048.90271133,0.0,2.5134795578196645e-08,0.0,0.0,5.960464477539063e-08
288,25,operations,1300.0,0,0,0.0,0.0,0,0.0,0.0,0.0,0.0,0.0,0.0,0,0.0,0.0,0.0,0.0,0.0,0.0,0,0.0,0.0,0.0,0.0,0.0,0.0,0,0.0,0.0,6452185.984,2016873.3431306668,4435312.640869333,0.0,0.0,0,0,0,0.0,500343361.54358065,0.0,2.5134795578196645e-08,0.0,0.0,5.960464477539063e-08
289,25,operations,1300.0,0,0,0.0,0.0,0,0.0,0.0,0.0,0.0,0.0,0.0,0,0.0,0.0,0.0,0.0,0.0,0.0,0,0.0,0.0,0.0,0.0,0.0,0.0,0,0.0,0.0,6452185.984,2016873.3431306668,4435312.640869333,0.0,0.0,0,0,0,0.0,504778674.18445,0.0,2.5134795578196645e-08,0.0,0.0,5.960464477539063e-08
290,25,operations,1300.0,0,0,0.0,0.0,0,0.0,0.0,0.0,0.0,0.0,0.0,0,0.0,0.0,0.0,0.0,0.0,0.0,0,0.0,0.0,0.0,0.0,0.0,0.0,0,0.0,0.0,6452185.984,2016873.3431306668,4435312.640869333,0.0,0.0,0,0,0,0.0,509213986.8253193,0.0,2.5134795578196645e-08,0.0,0.0,5.960464477539063e-08
291,25,operations,1300.0,0,0,0.0,0.0,0,0.0,0.0,0.0,0.0,0.0,0.0,0,0.0,0.0,0.0,0.0,0.0,0.0,0,0.0,0.0,0.0,0.0,0.0,0.0,0,0.0,0.0,6452185.984,2016873.3431306668,4435312.640869333,0.0,0.0,0,0,0,0.0,513649299.4661886,0.0,2.5134795578196645e-08,0.0,0.0,5.960464477539063e-08
292,25,operations,1300.0,0,0,0.0,0.0,0,0.0,0.0,0.0,0.0,0.0,0.0,0,0.0,0.0,0.0,0.0,0.0,0.0,0,0.0,0.0,0.0,0.0,0.0,0.0,0,0.0,0.0,6452185.984,2016873.3431306668,4435312.640869333,0.0,0.0,0,0,0,0.0,518084612.1070579,0.0,2.5134795578196645e-08,0.0,0.0,5.960464477539063e-08
293,25,operations,1300.0,0,0,0.0,0.0,0,0.0,0.0,0.0,0.0,0.0,0.0,0,0.0,0.0,0.0,0.0,0.0,0.0,0,0.0,0.0,0.0,0.0,0.0,0.0,0,0.0,0.0,6452185.984,2016873.3431306668,4435312.640869333,0.0,0.0,0,0,0,0.0,522519924.74792725,0.0,2.5134795578196645e-08,0.0,0.0,5.960464477539063e-08
294,25,operations,1300.0,0,0,0.0,0.0,0,0.0,0.0,0.0,0.0,0.0,0.0,0,0.0,0.0,0.0,0.0,0.0,0.0,0,0.0,0.0,0.0,0.0,0.0,0.0,0,0.0,0.0,6452185.984,2016873.3431306668,4435312.640869333,0.0,0.0,0,0,0,0.0,526955237.38879657,0.0,2.5134795578196645e-08,0.0,0.0,5.960464477539063e-08
295,25,operations,1300.0,0,0,0.0,0.0,0,0.0,0.0,0.0,0.0,0.0,0.0,0,0.0,0.0,0.0,0.0,0.0,0.0,0,0.0,0.0,0.0,0.0,0.0,0.0,0,0.0,0.0,6452185.984,2016873.3431306668,4435312.640869333,0.0,0.0,0,0,0,0.0,531390550.0296659,0.0,2.5134795578196645e-08,0.0,0.0,5.960464477539063e-08
296,25,operations,1300.0,0,0,0.0,0.0,0,0.0,0.0,0.0,0.0,0.0,0.0,0,0.0,0.0,0.0,0.0,0.0,0.0,0,0.0,0.0,0.0,0.0,0.0,0.0,0,0.0,0.0,6452185.984,2016873.3431306668,4435312.640869333,0.0,0.0,0,0,0,0.0,535825862.6705352,0.0,2.5134795578196645e-08,0.0,0.0,5.960464477539063e-08
297,25,operations,1300.0,0,0,0.0,0.0,0,0.0,0.0,0.0,0.0,0.0,0.0,0,0.0,0.0,0.0,0.0,0.0,0.0,0,0.0,0.0,0.0,0.0,0.0,0.0,0,0.0,0.0,6452185.984,2016873.3431306668,4435312.640869333,0.0,0.0,0,0,0,0.0,540261175.3114046,0.0,2.5134795578196645e-08,0.0,0.0,-1.1920928955078125e-07
298,25,operations,1300.0,0,0,0.0,0.0,0,0.0,0.0,0.0,0.0,0.0,0.0,0,0.0,0.0,0.0,0.0,0.0,0.0,0,0.0,0.0,0.0,0.0,0.0,0.0,0,0.0,0.0,6452185.984,2016873.3431306668,4435312.640869333,0.0,0.0,0,0,0,0.0,544696487.952274,0.0,2.5134795578196645e-08,0.0,0.0,-1.1920928955078125e-07
299,25,operations,1300.0,0,0,0.0,0.0,0,0.0,0.0,0.0,0.0,0.0,0.0,0,0.0,0.0,0.0,0.0,0.0,0.0,0,0.0,0.0,0.0,0.0,0.0,0.0,0,0.0,0.0,6452185.984,2016873.3431306668,4435312.640869333,0.0,0.0,0,0,0,0.0,549131800.5931433,0.0,2.5134795578196645e-08,0.0,0.0,-1.1920928955078125e-07
300,26,operations,1300.0,0,0,0.0,0.0,0,0.0,0.0,0.0,0.0,0.0,0.0,0,0.0,0.0,0.0,0.0,0.0,0.0,0,0.0,0.0,0.0,0.0,0.0,0.0,0,0.0,0.0,6452185.984,2016873.3431306668,4435312.640869333,0.0,0.0,0,0,0,0.0,553567113.2340127,0.0,2.5134795578196645e-08,0.0,0.0,-1.1920928955078125e-07
301,26,operations,1300.0,0,0,0.0,0.0,0,0.0,0.0,0.0,0.0,0.0,0.0,0,0.0,0.0,0.0,0.0,0.0,0.0,0,0.0,0.0,0.0,0.0,0.0,0.0,0,0.0,0.0,6452185.984,2016873.3431306668,4435312.640869333,0.0,0.0,0,0,0,0.0,558002425.8748821,0.0,2.5134795578196645e-08,0.0,0.0,-1.1920928955078125e-07
302,26,operations,1300.0,0,0,0.0,0.0,0,0.0,0.0,0.0,0.0,0.0,0.0,0,0.0,0.0,0.0,0.0,0.0,0.0,0,0.0,0.0,0.0,0.0,0.0,0.0,0,0.0,0.0,6452185.984,2016873.3431306668,4435312.640869333,0.0,0.0,0,0,0,0.0,562437738.5157515,0.0,2.5134795578196645e-08,0.0,0.0,-1.1920928955078125e-07
303,26,operations,1300.0,0,0,0.0,0.0,0,0.0,0.0,0.0,0.0,0.0,0.0,0,0.0,0.0,0.0,0.0,0.0,0.0,0,0.0,0.0,0.0,0.0,0.0,0.0,0,0.0,0.0,6452185.984,2016873.3431306668,4435312.640869333,0.0,0.0,0,0,0,0.0,566873051.1566209,0.0,2.5134795578196645e-08,0.0,0.0,-1.1920928955078125e-07
304,26,operations,1300.0,0,0,0.0,0.0,0,0.0,0.0,0.0,0.0,0.0,0.0,0,0.0,0.0,0.0,0.0,0.0,0.0,0,0.0,0.0,0.0,0.0,0.0,0.0,0,0.0,0.0,6452185.984,2016873.3431306668,4435312.640869333,0.0,0.0,0,0,0,0.0,571308363.7974902,0.0,2.5134795578196645e-08,0.0,0.0,-1.1920928955078125e-07
305,26,operations,1300.0,0,0,0.0,0.0,0,0.0,0.0,0.0,0.0,0.0,0.0,0,0.0,0.0,0.0,0.0,0.0,0.0,0,0.0,0.0,0.0,0.0,0.0,0.0,0,0.0,0.0,6452185.984,2016873.3431306668,4435312.640869333,0.0,0.0,0,0,0,0.0,575743676.4383596,0.0,2.5134795578196645e-08,0.0,0.0,-1.1920928955078125e-07
306,26,operations,1300.0,0,0,0.0,0.0,0,0.0,0.0,0.0,0.0,0.0,0.0,0,0.0,0.0,0.0,0.0,0.0,0.0,0,0.0,0.0,0.0,0.0,0.0,0.0,0,0.0,0.0,6452185.984,2016873.3431306668,4435312.640869333,0.0,0.0,0,0,0,0.0,580178989.079229,0.0,2.5134795578196645e-08,0.0,0.0,-1.1920928955078125e-07
307,26,operations,1300.0,0,0,0.0,0.0,0,0.0,0.0,0.0,0.0,0.0,0.0,0,0.0,0.0,0.0,0.0,0.0,0.0,0,0.0,0.0,0.0,0.0,0.0,0.0,0,0.0,0.0,6452185.984,2016873.3431306668,4435312.640869333,0.0,0.0,0,0,0,0.0,584614301.7200984,0.0,2.5134795578196645e-08,0.0,0.0,-1.1920928955078125e-07
308,26,operations,1300.0,0,0,0.0,0.0,0,0.0,0.0,0.0,0.0,0.0,0.0,0,0.0,0.0,0.0,0.0,0.0,0.0,0,0.0,0.0,0.0,0.0,0.0,0.0,0,0.0,0.0,6452185.984,2016873.3431306668,4435312.640869333,0.0,0.0,0,0,0,0.0,589049614.3609678,0.0,2.5134795578196645e-08,0.0,0.0,-1.1920928955078125e-07
309,26,operations,1300.0,0,0,0.0,0.0,0,0.0,0.0,0.0,0.0,0.0,0.0,0,0.0,0.0,0.0,0.0,0.0,0.0,0,0.0,0.0,0.0,0.0,0.0,0.0,0,0.0,0.0,6452185.984,2016873.3431306668,4435312.640869333,0.0,0.0,0,0,0,0.0,593484927.0018371,0.0,2.5134795578196645e-08,0.0,0.0,-1.1920928955078125e-07
310,26,operations,1300.0,0,0,0.0,0.0,0,0.0,0.0,0.0,0.0,0.0,0.0,0,0.0,0.0,0.0,0.0,0.0,0.0,0,0.0,0.0,0.0,0.0,0.0,0.0,0,0.0,0.0,6452185.984,2016873.3431306668,4435312.640869333,0.0,0.0,0,0,0,0.0,597920239.6427065,0.0,2.5134795578196645e-08,0.0,0.0,-1.1920928955078125e-07
311,26,operations,1300.0,0,0,0.0,0.0,0,0.0,0.0,0.0,0.0,0.0,0.0,0,0.0,0.0,0.0,0.0,0.0,0.0,0,0.0,0.0,0.0,0.0,0.0,0.0,0,0.0,0.0,6452185.984,2016873.3431306668,4435312.640869333,0.0,0.0,0,0,0,0.0,602355552.2835759,0.0,2.5134795578196645e-08,0.0,0.0,-1.1920928955078125e-07
312,27,operations,1300.0,0,0,0.0,0.0,0,0.0,0.0,0.0,0.0,0.0,0.0,0,0.0,0.0,0.0,0.0,0.0,0.0,0,0.0,0.0,0.0,0.0,0.0,0.0,0,0.0,0.0,6452185.984,2016873.3431306668,4435312.640869333,0.0,0.0,0,0,0,0.0,606790864.9244453,0.0,2.5134795578196645e-08,0.0,0.0,-1.1920928955078125e-07
313,27,operations,1300.0,0,0,0.0,0.0,0,0.0,0.0,0.0,0.0,0.0,0.0,0,0.0,0.0,0.0,0.0,0.0,0.0,0,0.0,0.0,0.0,0.0,0.0,0.0,0,0.0,0.0,6452185.984,2016873.3431306668,4435312.640869333,0.0,0.0,0,0,0,0.0,611226177.5653147,0.0,2.5134795578196645e-08,0.0,0.0,-1.1920928955078125e-07
314,27,operations,1300.0,0,0,0.0,0.0,0,0.0,0.0,0.0,0.0,0.0,0.0,0,0.0,0.0,0.0,0.0,0.0,0.0,0,0.0,0.0,0.0,0.0,0.0,0.0,0,0.0,0.0,6452185.984,2016873.3431306668,4435312.640869333,0.0,0.0,0,0,0,0.0,615661490.206184,0.0,2.5134795578196645e-08,0.0,0.0,-1.1920928955078125e-07
315,27,operations,1300.0,0,0,0.0,0.0,0,0.0,0.0,0.0,0.0,0.0,0.0,0,0.0,0.0,0.0,0.0,0.0,0.0,0,0.0,0.0,0.0,0.0,0.0,0.0,0,0.0,0.0,6452185.984,2016873.3431306668,4435312.640869333,0.0,0.0,0,0,0,0.0,620096802.8470534,0.0,2.5134795578196645e-08,0.0,0.0,-1.1920928955078125e-07
316,27,operations,1300.0,0,0,0.0,0.0,0,0.0,0.0,0.0,0.0,0.0,0.0,0,0.0,0.0,0.0,0.0,0.0,0.0,0,0.0,0.0,0.0,0.0,0.0,0.0,0,0.0,0.0,6452185.984,2016873.3431306668,4435312.640869333,0.0,0.0,0,0,0,0.0,624532115.4879228,0.0,2.5134795578196645e-08,0.0,0.0,-1.1920928955078125e-07
317,27,operations,1300.0,0,0,0.0,0.0,0,0.0,0.0,0.0,0.0,0.0,0.0,0,0.0,0.0,0.0,0.0,0.0,0.0,0,0.0,0.0,0.0,0.0,0.0,0.0,0,0.0,0.0,6452185.984,2016873.3431306668,4435312.640869333,0.0,0.0,0,0,0,0.0,628967428.1287922,0.0,2.5134795578196645e-08,0.0,0.0,-1.1920928955078125e-07
318,27,operations,1300.0,0,0,0.0,0.0,0,0.0,0.0,0.0,0.0,0.0,0.0,0,0.0,0.0,0.0,0.0,0.0,0.0,0,0.0,0.0,0.0,0.0,0.0,0.0,0,0.0,0.0,6452185.984,2016873.3431306668,4435312.640869333,0.0,0.0,0,0,0,0.0,633402740.7696615,0.0,2.5134795578196645e-08,0.0,0.0,-1.1920928955078125e-07
319,27,operations,1300.0,0,0,0.0,0.0,0,0.0,0.0,0.0,0.0,0.0,0.0,0,0.0,0.0,0.0,0.0,0.0,0.0,0,0.0,0.0,0.0,0.0,0.0,0.0,0,0.0,0.0,6452185.984,2016873.3431306668,4435312.640869333,0.0,0.0,0,0,0,0.0,637838053.4105309,0.0,2.5134795578196645e-08,0.0,0.0,-1.1920928955078125e-07
320,27,operations,1300.0,0,0,0.0,0.0,0,0.0,0.0,0.0,0.0,0.0,0.0,0,0.0,0.0,0.0,0.0,0.0,0.0,0,0.0,0.0,0.0,0.0,0.0,0.0,0,0.0,0.0,6452185.984,2016873.3431306668,4435312.640869333,0.0,0.0,0,0,0,0.0,642273366.0514003,0.0,2.5134795578196645e-08,0.0,0.0,-1.1920928955078125e-07
321,27,operations,1300.0,0,0,0.0,0.0,0,0.0,0.0,0.0,0.0,0.0,0.0,0,0.0,0.0,0.0,0.0,0.0,0.0,0,0.0,0.0,0.0,0.0,0.0,0.0,0,0.0,0.0,6452185.984,2016873.3431306668,4435312.640869333,0.0,0.0,0,0,0,0.0,646708678.6922697,0.0,2.5134795578196645e-08,0.0,0.0,-1.1920928955078125e-07
322,27,operations,1300.0,0,0,0.0,0.0,0,0.0,0.0,0.0,0.0,0.0,0.0,0,0.0,0.0,0.0,0.0,0.0,0.0,0,0.0,0.0,0.0,0.0,0.0,0.0,0,0.0,0.0,6452185.984,2016873.3431306668,4435312.640869333,0.0,0.0,0,0,0,0.0,651143991.3331391,0.0,2.5134795578196645e-08,0.0,0.0,-1.1920928955078125e-07
323,27,operations,1300.0,0,0,0.0,0.0,0,0.0,0.0,0.0,0.0,0.0,0.0,0,0.0,0.0,0.0,0.0,0.0,0.0,0,0.0,0.0,0.0,0.0,0.0,0.0,0,0.0,0.0,6452185.984,2016873.3431306668,4435312.640869333,0.0,0.0,0,0,0,0.0,655579303.9740084,0.0,2.5134795578196645e-08,0.0,0.0,-1.1920928955078125e-07
324,28,operations,1300.0,0,0,0.0,0.0,0,0.0,0.0,0.0,0.0,0.0,0.0,0,0.0,0.0,0.0,0.0,0.0,0.0,0,0.0,0.0,0.0,0.0,0.0,0.0,0,0.0,0.0,6452185.984,2016873.3431306668,4435312.640869333,0.0,0.0,0,0,0,0.0,660014616.6148778,0.0,2.5134795578196645e-08,0.0,0.0,-1.1920928955078125e-07
325,28,operations,1300.0,0,0,0.0,0.0,0,0.0,0.0,0.0,0.0,0.0,0.0,0,0.0,0.0,0.0,0.0,0.0,0.0,0,0.0,0.0,0.0,0.0,0.0,0.0,0,0.0,0.0,6452185.984,2016873.3431306668,4435312.640869333,0.0,0.0,0,0,0,0.0,664449929.2557472,0.0,2.5134795578196645e-08,0.0,0.0,-1.1920928955078125e-07
326,28,operations,1300.0,0,0,0.0,0.0,0,0.0,0.0,0.0,0.0,0.0,0.0,0,0.0,0.0,0.0,0.0,0.0,0.0,0,0.0,0.0,0.0,0.0,0.0,0.0,0,0.0,0.0,6452185.984,2016873.3431306668,4435312.640869333,0.0,0.0,0,0,0,0.0,668885241.8966166,0.0,2.5134795578196645e-08,0.0,0.0,-1.1920928955078125e-07
327,28,operations,1300.0,0,0,0.0,0.0,0,0.0,0.0,0.0,0.0,0.0,0.0,0,0.0,0.0,0.0,0.0,0.0,0.0,0,0.0,0.0,0.0,0.0,0.0,0.0,0,0.0,0.0,6452185.984,2016873.3431306668,4435312.640869333,0.0,0.0,0,0,0,0.0,673320554.537486,0.0,2.5134795578196645e-08,0.0,0.0,-1.1920928955078125e-07
328,28,operations,1300.0,0,0,0.0,0.0,0,0.0,0.0,0.0,0.0,0.0,0.0,0,0.0,0.0,0.0,0.0,0.0,0.0,0,0.0,0.0,0.0,0.0,0.0,0.0,0,0.0,0.0,6452185.984,2016873.3431306668,4435312.640869333,0.0,0.0,0,0,0,0.0,677755867.1783553,0.0,2.5134795578196645e-08,0.0,0.0,-1.1920928955078125e-07
329,28,operations,1300.0,0,0,0.0,0.0,0,0.0,0.0,0.0,0.0,0.0,0.0,0,0.0,0.0,0.0,0.0,0.0,0.0,0,0.0,0.0,0.0,0.0,0.0,0.0,0,0.0,0.0,6452185.984,2016873.3431306668,4435312.640869333,0.0,0.0,0,0,0,0.0,682191179.8192247,0.0,2.5134795578196645e-08,0.0,0.0,-1.1920928955078125e-07
330,28,operations,1300.0,0,0,0.0,0.0,0,0.0,0.0,0.0,0.0,0.0,0.0,0,0.0,0.0,0.0,0.0,0.0,0.0,0,0.0,0.0,0.0,0.0,0.0,0.0,0,0.0,0.0,6452185.984,2016873.3431306668,4435312.640869333,0.0,0.0,0,0,0,0.0,686626492.4600941,0.0,2.5134795578196645e-08,0.0,0.0,-1.1920928955078125e-07
331,28,operations,1300.0,0,0,0.0,0.0,0,0.0,0.0,0.0,0.0,0.0,0.0,0,0.0,0.0,0.0,0.0,0.0,0.0,0,0.0,0.0,0.0,0.0,0.0,0.0,0,0.0,0.0,6452185.984,2016873.3431306668,4435312.640869333,0.0,0.0,0,0,0,0.0,691061805.1009635,0.0,2.5134795578196645e-08,0.0,0.0,-1.1920928955078125e-07
332,28,operations,1300.0,0,0,0.0,0.0,0,0.0,0.0,0.0,0.0,0.0,0.0,0,0.0,0.0,0.0,0.0,0.0,0.0,0,0.0,0.0,0.0,0.0,0.0,0.0,0,0.0,0.0,6452185.984,2016873.3431306668,4435312.640869333,0.0,0.0,0,0,0,0.0,695497117.7418329,0.0,2.5134795578196645e-08,0.0,0.0,-1.1920928955078125e-07
333,28,operations,1300.0,0,0,0.0,0.0,0,0.0,0.0,0.0,0.0,0.0,0.0,0,0.0,0.0,0.0,0.0,0.0,0.0,0,0.0,0.0,0.0,0.0,0.0,0.0,0,0.0,0.0,6452185.984,2016873.3431306668,4435312.640869333,0.0,0.0,0,0,0,0.0,699932430.3827022,0.0,2.5134795578196645e-08,0.0,0.0,-1.1920928955078125e-07
334,28,operations,1300.0,0,0,0.0,0.0,0,0.0,0.0,0.0,0.0,0.0,0.0,0,0.0,0.0,0.0,0.0,0.0,0.0,0,0.0,0.0,0.0,0.0,0.0,0.0,0,0.0,0.0,6452185.984,2016873.3431306668,4435312.640869333,0.0,0.0,0,0,0,0.0,704367743.0235716,0.0,2.5134795578196645e-08,0.0,0.0,-1.1920928955078125e-07
335,28,operations,1300.0,0,0,0.0,0.0,0,0.0,0.0,0.0,0.0,0.0,0.0,0,0.0,0.0,0.0,0.0,0.0,0.0,0,0.0,0.0,0.0,0.0,0.0,0.0,0,0.0,0.0,6452185.984,2016873.3431306668,4435312.640869333,0.0,0.0,0,0,0,0.0,708803055.664441,0.0,2.5134795578196645e-08,0.0,0.0,-1.1920928955078125e-07
336,29,operations,1300.0,0,0,0.0,0.0,0,0.0,0.0,0.0,0.0,0.0,0.0,0,0.0,0.0,0.0,0.0,0.0,0.0,0,0.0,0.0,0.0,0.0,0.0,0.0,0,0.0,0.0,6452185.984,2016873.3431306668,4435312.640869333,0.0,0.0,0,0,0,0.0,713238368.3053104,0.0,2.5134795578196645e-08,0.0,0.0,-1.1920928955078125e-07
337,29,operations,1300.0,0,0,0.0,0.0,0,0.0,0.0,0.0,0.0,0.0,0.0,0,0.0,0.0,0.0,0.0,0.0,0.0,0,0.0,0.0,0.0,0.0,0.0,0.0,0,0.0,0.0,6452185.984,2016873.3431306668,4435312.640869333,0.0,0.0,0,0,0,0.0,717673680.9461797,0.0,2.5134795578196645e-08,0.0,0.0,-1.1920928955078125e-07
338,29,operations,1300.0,0,0,0.0,0.0,0,0.0,0.0,0.0,0.0,0.0,0.0,0,0.0,0.0,0.0,0.0,0.0,0.0,0,0.0,0.0,0.0,0.0,0.0,0.0,0,0.0,0.0,6452185.984,2016873.3431306668,4435312.640869333,0.0,0.0,0,0,0,0.0,722108993.5870491,0.0,2.5134795578196645e-08,0.0,0.0,-1.1920928955078125e-07
339,29,operations,1300.0,0,0,0.0,0.0,0,0.0,0.0,0.0,0.0,0.0,0.0,0,0.0,0.0,0.0,0.0,0.0,0.0,0,0.0,0.0,0.0,0.0,0.0,0.0,0,0.0,0.0,6452185.984,2016873.3431306668,4435312.640869333,0.0,0.0,0,0,0,0.0,726544306.2279185,0.0,2.5134795578196645e-08,0.0,0.0,-1.1920928955078125e-07
340,29,operations,1300.0,0,0,0.0,0.0,0,0.0,0.0,0.0,0.0,0.0,0.0,0,0.0,0.0,0.0,0.0,0.0,0.0,0,0.0,0.0,0.0,0.0,0.0,0.0,0,0.0,0.0,6452185.984,2016873.3431306668,4435312.640869333,0.0,0.0,0,0,0,0.0,730979618.8687879,0.0,2.5134795578196645e-08,0.0,0.0,-1.1920928955078125e-07
341,29,operations,1300.0,0,0,0.0,0.0,0,0.0,0.0,0.0,0.0,0.0,0.0,0,0.0,0.0,0.0,0.0,0.0,0.0,0,0.0,0.0,0.0,0.0,0.0,0.0,0,0.0,0.0,6452185.984,2016873.3431306668,4435312.640869333,0.0,0.0,0,0,0,0.0,735414931.5096573,0.0,2.5134795578196645e-08,0.0,0.0,-1.1920928955078125e-07
342,29,operations,1300.0,0,0,0.0,0.0,0,0.0,0.0,0.0,0.0,0.0,0.0,0,0.0,0.0,0.0,0.0,0.0,0.0,0,0.0,0.0,0.0,0.0,0.0,0.0,0,0.0,0.0,6452185.984,2016873.3431306668,4435312.640869333,0.0,0.0,0,0,0,0.0,739850244.1505266,0.0,2.5134795578196645e-08,0.0,0.0,-1.1920928955078125e-07
343,29,operations,1300.0,0,0,0.0,0.0,0,0.0,0.0,0.0,0.0,0.0,0.0,0,0.0,0.0,0.0,0.0,0.0,0.0,0,0.0,0.0,0.0,0.0,0.0,0.0,0,0.0,0.0,6452185.984,2016873.3431306668,4435312.640869333,0.0,0.0,0,0,0,0.0,744285556.791396,0.0,2.5134795578196645e-08,0.0,0.0,-1.1920928955078125e-07
344,29,operations,1300.0,0,0,0.0,0.0,0,0.0,0.0,0.0,0.0,0.0,0.0,0,0.0,0.0,0.0,0.0,0.0,0.0,0,0.0,0.0,0.0,0.0,0.0,0.0,0,0.0,0.0,6452185.984,2016873.3431306668,4435312.640869333,0.0,0.0,0,0,0,0.0,748720869.4322654,0.0,2.5134795578196645e-08,0.0,0.0,-1.1920928955078125e-07
345,29,operations,1300.0,0,0,0.0,0.0,0,0.0,0.0,0.0,0.0,0.0,0.0,0,0.0,0.0,0.0,0.0,0.0,0.0,0,0.0,0.0,0.0,0.0,0.0,0.0,0,0.0,0.0,6452185.984,2016873.3431306668,4435312.640869333,0.0,0.0,0,0,0,0.0,753156182.0731348,0.0,2.5134795578196645e-08,0.0,0.0,-1.1920928955078125e-07
346,29,operations,1300.0,0,0,0.0,0.0,0,0.0,0.0,0.0,0.0,0.0,0.0,0,0.0,0.0,0.0,0.0,0.0,0.0,0,0.0,0.0,0.0,0.0,0.0,0.0,0,0.0,0.0,6452185.984,2016873.3431306668,4435312.640869333,0.0,0.0,0,0,0,0.0,757591494.7140042,0.0,2.5134795578196645e-08,0.0,0.0,-1.1920928955078125e-07
347,29,operations,1300.0,0,0,0.0,0.0,0,0.0,0.0,0.0,0.0,0.0,0.0,0,0.0,0.0,0.0,0.0,0.0,0.0,0,0.0,0.0,0.0,0.0,0.0,0.0,0,0.0,0.0,6452185.984,2016873.3431306668,4435312.640869333,0.0,0.0,0,0,0,0.0,762026807.3548735,0.0,2.5134795578196645e-08,0.0,0.0,-1.1920928955078125e-07
348,30,operations,1300.0,0,0,0.0,0.0,0,0.0,0.0,0.0,0.0,0.0,0.0,0,0.0,0.0,0.0,0.0,0.0,0.0,0,0.0,0.0,0.0,0.0,0.0,0.0,0,0.0,0.0,6452185.984,2016873.3431306668,4435312.640869333,0.0,0.0,0,0,0,0.0,766462119.9957429,0.0,2.5134795578196645e-08,0.0,0.0,-1.1920928955078125e-07
349,30,operations,1300.0,0,0,0.0,0.0,0,0.0,0.0,0.0,0.0,0.0,0.0,0,0.0,0.0,0.0,0.0,0.0,0.0,0,0.0,0.0,0.0,0.0,0.0,0.0,0,0.0,0.0,6452185.984,2016873.3431306668,4435312.640869333,0.0,0.0,0,0,0,0.0,770897432.6366123,0.0,2.5134795578196645e-08,0.0,0.0,-1.1920928955078125e-07
350,30,operations,1300.0,0,0,0.0,0.0,0,0.0,0.0,0.0,0.0,0.0,0.0,0,0.0,0.0,0.0,0.0,0.0,0.0,0,0.0,0.0,0.0,0.0,0.0,0.0,0,0.0,0.0,6452185.984,2016873.3431306668,4435312.640869333,0.0,0.0,0,0,0,0.0,775332745.2774817,0.0,2.5134795578196645e-08,0.0,0.0,-1.1920928955078125e-07
351,30,operations,1300.0,0,0,0.0,0.0,0,0.0,0.0,0.0,0.0,0.0,0.0,0,0.0,0.0,0.0,0.0,0.0,0.0,0,0.0,0.0,0.0,0.0,0.0,0.0,0,0.0,0.0,6452185.984,2016873.3431306668,4435312.640869333,0.0,0.0,0,0,0,0.0,779768057.918351,0.0,2.5134795578196645e-08,0.0,0.0,-1.1920928955078125e-07
352,30,operations,1300.0,0,0,0.0,0.0,0,0.0,0.0,0.0,0.0,0.0,0.0,0,0.0,0.0,0.0,0.0,0.0,0.0,0,0.0,0.0,0.0,0.0,0.0,0.0,0,0.0,0.0,6452185.984,2016873.3431306668,4435312.640869333,0.0,0.0,0,0,0,0.0,784203370.5592204,0.0,2.5134795578196645e-08,0.0,0.0,-1.1920928955078125e-07
353,30,operations,1300.0,0,0,0.0,0.0,0,0.0,0.0,0.0,0.0,0.0,0.0,0,0.0,0.0,0.0,0.0,0.0,0.0,0,0.0,0.0,0.0,0.0,0.0,0.0,0,0.0,0.0,6452185.984,2016873.3431306668,4435312.640869333,0.0,0.0,0,0,0,0.0,788638683.2000898,0.0,2.5134795578196645e-08,0.0,0.0,-1.1920928955078125e-07
354,30,operations,1300.0,0,0,0.0,0.0,0,0.0,0.0,0.0,0.0,0.0,0.0,0,0.0,0.0,0.0,0.0,0.0,0.0,0,0.0,0.0,0.0,0.0,0.0,0.0,0,0.0,0.0,6452185.984,2016873.3431306668,4435312.640869333,0.0,0.0,0,0,0,0.0,793073995.8409592,0.0,2.5134795578196645e-08,0.0,0.0,-1.1920928955078125e-07
355,30,operations,1300.0,0,0,0.0,0.0,0,0.0,0.0,0.0,0.0,0.0,0.0,0,0.0,0.0,0.0,0.0,0.0,0.0,0,0.0,0.0,0.0,0.0,0.0,0.0,0,0.0,0.0,6452185.984,2016873.3431306668,4435312.640869333,0.0,0.0,0,0,0,0.0,797509308.4818286,0.0,2.5134795578196645e-08,0.0,0.0,-1.1920928955078125e-07
356,30,operations,1300.0,0,0,0.0,0.0,0,0.0,0.0,0.0,0.0,0.0,0.0,0,0.0,0.0,0.0,0.0,0.0,0.0,0,0.0,0.0,0.0,0.0,0.0,0.0,0,0.0,0.0,6452185.984,2016873.3431306668,4435312.640869333,0.0,0.0,0,0,0,0.0,801944621.122698,0.0,2.5134795578196645e-08,0.0,0.0,-1.1920928955078125e-07
357,30,operations,1300.0,0,0,0.0,0.0,0,0.0,0.0,0.0,0.0,0.0,0.0,0,0.0,0.0,0.0,0.0,0.0,0.0,0,0.0,0.0,0.0,0.0,0.0,0.0,0,0.0,0.0,6452185.984,2016873.3431306668,4435312.640869333,0.0,0.0,0,0,0,0.0,806379933.7635673,0.0,2.5134795578196645e-08,0.0,0.0,-1.1920928955078125e-07
358,30,operations,1300.0,0,0,0.0,0.0,0,0.0,0.0,0.0,0.0,0.0,0.0,0,0.0,0.0,0.0,0.0,0.0,0.0,0,0.0,0.0,0.0,0.0,0.0,0.0,0,0.0,0.0,6452185.984,2016873.3431306668,4435312.640869333,0.0,0.0,0,0,0,0.0,810815246.4044367,0.0,2.5134795578196645e-08,0.0,0.0,-1.1920928955078125e-07
359,30,operations,1300.0,0,0,0.0,0.0,0,0.0,0.0,0.0,0.0,0.0,0.0,0,0.0,0.0,0.0,0.0,0.0,0.0,0,0.0,0.0,0.0,0.0,0.0,0.0,0,0.0,0.0,6452185.984,2016873.3431306668,4435312.640869333,0.0,0.0,0,0,0,0.0,815250559.0453061,0.0,2.5134795578196645e-08,0.0,0.0,-1.1920928955078125e-07
360,31,operations,1300.0,0,0,0.0,0.0,0,0.0,0.0,0.0,0.0,0.0,0.0,0,0.0,0.0,0.0,0.0,0.0,0.0,0,0.0,0.0,0.0,0.0,0.0,0.0,0,0.0,0.0,6452185.984,2016873.3431306668,4435312.640869333,0.0,0.0,0,0,0,0.0,819685871.6861755,0.0,2.5134795578196645e-08,0.0,0.0,-1.1920928955078125e-07
361,31,operations,1300.0,0,0,0.0,0.0,0,0.0,0.0,0.0,0.0,0.0,0.0,0,0.0,0.0,0.0,0.0,0.0,0.0,0,0.0,0.0,0.0,0.0,0.0,0.0,0,0.0,0.0,6452185.984,2016873.3431306668,4435312.640869333,0.0,0.0,0,0,0,0.0,824121184.3270448,0.0,2.5134795578196645e-08,0.0,0.0,-1.1920928955078125e-07
362,31,operations,1300.0,0,0,0.0,0.0,0,0.0,0.0,0.0,0.0,0.0,0.0,0,0.0,0.0,0.0,0.0,0.0,0.0,0,0.0,0.0,0.0,0.0,0.0,0.0,0,0.0,0.0,6452185.984,2016873.3431306668,4435312.640869333,0.0,0.0,0,0,0,0.0,828556496.9679142,0.0,2.5134795578196645e-08,0.0,0.0,-1.1920928955078125e-07
363,31,operations,1300.0,0,0,0.0,0.0,0,0.0,0.0,0.0,0.0,0.0,0.0,0,0.0,0.0,0.0,0.0,0.0,0.0,0,0.0,0.0,0.0,0.0,0.0,0.0,0,0.0,0.0,6452185.984,2016873.3431306668,4435312.640869333,0.0,0.0,0,0,0,0.0,832991809.6087836,0.0,2.5134795578196645e-08,0.0,0.0,-1.1920928955078125e-07
364,31,operations,1300.0,0,0,0.0,0.0,0,0.0,0.0,0.0,0.0,0.0,0.0,0,0.0,0.0,0.0,0.0,0.0,0.0,0,0.0,0.0,0.0,0.0,0.0,0.0,0,0.0,0.0,6452185.984,2016873.3431306668,4435312.640869333,0.0,0.0,0,0,0,0.0,837427122.249653,0.0,2.5134795578196645e-08,0.0,0.0,-1.1920928955078125e-07
365,31,operations,1300.0,0,0,0.0,0.0,0,0.0,0.0,0.0,0.0,0.0,0.0,0,0.0,0.0,0.0,0.0,0.0,0.0,0,0.0,0.0,0.0,0.0,0.0,0.0,0,0.0,0.0,6452185.984,2016873.3431306668,4435312.640869333,0.0,0.0,0,0,0,0.0,841862434.8905224,0.0,2.5134795578196645e-08,0.0,0.0,-1.1920928955078125e-07
366,31,operations,1300.0,0,0,0.0,0.0,0,0.0,0.0,0.0,0.0,0.0,0.0,0,0.0,0.0,0.0,0.0,0.0,0.0,0,0.0,0.0,0.0,0.0,0.0,0.0,0,0.0,0.0,6452185.984,2016873.3431306668,4435312.640869333,0.0,0.0,0,0,0,0.0,846297747.5313917,0.0,2.5134795578196645e-08,0.0,0.0,-1.1920928955078125e-07
367,31,operations,1300.0,0,0,0.0,0.0,0,0.0,0.0,0.0,0.0,0.0,0.0,0,0.0,0.0,0.0,0.0,0.0,0.0,0,0.0,0.0,0.0,0.0,0.0,0.0,0,0.0,0.0,6452185.984,2016873.3431306668,4435312.640869333,0.0,0.0,0,0,0,0.0,850733060.1722611,0.0,2.5134795578196645e-08,0.0,0.0,-1.1920928955078125e-07
368,31,operations,1300.0,0,0,0.0,0.0,0,0.0,0.0,0.0,0.0,0.0,0.0,0,0.0,0.0,0.0,0.0,0.0,0.0,0,0.0,0.0,0.0,0.0,0.0,0.0,0,0.0,0.0,6452185.984,2016873.3431306668,4435312.640869333,0.0,0.0,0,0,0,0.0,855168372.8131305,0.0,2.5134795578196645e-08,0.0,0.0,-1.1920928955078125e-07
369,31,operations,1300.0,0,0,0.0,0.0,0,0.0,0.0,0.0,0.0,0.0,0.0,0,0.0,0.0,0.0,0.0,0.0,0.0,0,0.0,0.0,0.0,0.0,0.0,0.0,0,0.0,0.0,6452185.984,2016873.3431306668,4435312.640869333,0.0,0.0,0,0,0,0.0,859603685.4539999,0.0,2.5134795578196645e-08,0.0,0.0,-1.1920928955078125e-07
370,31,operations,1300.0,0,0,0.0,0.0,0,0.0,0.0,0.0,0.0,0.0,0.0,0,0.0,0.0,0.0,0.0,0.0,0.0,0,0.0,0.0,0.0,0.0,0.0,0.0,0,0.0,0.0,6452185.984,2016873.3431306668,4435312.640869333,0.0,0.0,0,0,0,0.0,864038998.0948693,0.0,2.5134795578196645e-08,0.0,0.0,-1.1920928955078125e-07
371,31,operations,1300.0,0,0,0.0,0.0,0,0.0,0.0,0.0,0.0,0.0,0.0,0,0.0,0.0,0.0,0.0,0.0,0.0,0,0.0,0.0,0.0,0.0,0.0,0.0,0,0.0,0.0,6452185.984,2016873.3431306668,4435312.640869333,0.0,0.0,0,0,0,0.0,868474310.7357386,0.0,2.5134795578196645e-08,0.0,0.0,-1.1920928955078125e-07
372,32,operations,1300.0,0,0,0.0,0.0,0,0.0,0.0,0.0,0.0,0.0,0.0,0,0.0,0.0,0.0,0.0,0.0,0.0,0,0.0,0.0,0.0,0.0,0.0,0.0,0,0.0,0.0,6452185.984,2016873.3431306668,4435312.640869333,0.0,0.0,0,0,0,0.0,872909623.376608,0.0,2.5134795578196645e-08,0.0,0.0,-1.1920928955078125e-07
373,32,operations,1300.0,0,0,0.0,0.0,0,0.0,0.0,0.0,0.0,0.0,0.0,0,0.0,0.0,0.0,0.0,0.0,0.0,0,0.0,0.0,0.0,0.0,0.0,0.0,0,0.0,0.0,6452185.984,2016873.3431306668,4435312.640869333,0.0,0.0,0,0,0,0.0,877344936.0174774,0.0,2.5134795578196645e-08,0.0,0.0,-1.1920928955078125e-07
374,32,operations,1300.0,0,0,0.0,0.0,0,0.0,0.0,0.0,0.0,0.0,0.0,0,0.0,0.0,0.0,0.0,0.0,0.0,0,0.0,0.0,0.0,0.0,0.0,0.0,0,0.0,0.0,6452185.984,2016873.3431306668,4435312.640869333,0.0,0.0,0,0,0,0.0,881780248.6583468,0.0,2.5134795578196645e-08,0.0,0.0,-1.1920928955078125e-07
375,32,operations,1300.0,0,0,0.0,0.0,0,0.0,0.0,0.0,0.0,0.0,0.0,0,0.0,0.0,0.0,0.0,0.0,0.0,0,0.0,0.0,0.0,0.0,0.0,0.0,0,0.0,0.0,6452185.984,2016873.3431306668,4435312.640869333,0.0,0.0,0,0,0,0.0,886215561.2992162,0.0,2.5134795578196645e-08,0.0,0.0,-1.1920928955078125e-07
376,32,operations,1300.0,0,0,0.0,0.0,0,0.0,0.0,0.0,0.0,0.0,0.0,0,0.0,0.0,0.0,0.0,0.0,0.0,0,0.0,0.0,0.0,0.0,0.0,0.0,0,0.0,0.0,6452185.984,2016873.3431306668,4435312.640869333,0.0,0.0,0,0,0,0.0,890650873.9400855,0.0,2.5134795578196645e-08,0.0,0.0,-1.1920928955078125e-07
377,32,operations,1300.0,0,0,0.0,0.0,0,0.0,0.0,0.0,0.0,0.0,0.0,0,0.0,0.0,0.0,0.0,0.0,0.0,0,0.0,0.0,0.0,0.0,0.0,0.0,0,0.0,0.0,6452185.984,2016873.3431306668,4435312.640869333,0.0,0.0,0,0,0,0.0,895086186.5809549,0.0,2.5134795578196645e-08,0.0,0.0,-1.1920928955078125e-07
378,32,operations,1300.0,0,0,0.0,0.0,0,0.0,0.0,0.0,0.0,0.0,0.0,0,0.0,0.0,0.0,0.0,0.0,0.0,0,0.0,0.0,0.0,0.0,0.0,0.0,0,0.0,0.0,6452185.984,2016873.3431306668,4435312.640869333,0.0,0.0,0,0,0,0.0,899521499.2218243,0.0,2.5134795578196645e-08,0.0,0.0,-1.1920928955078125e-07
379,32,operations,1300.0,0,0,0.0,0.0,0,0.0,0.0,0.0,0.0,0.0,0.0,0,0.0,0.0,0.0,0.0,0.0,0.0,0,0.0,0.0,0.0,0.0,0.0,0.0,0,0.0,0.0,6452185.984,2016873.3431306668,4435312.640869333,0.0,0.0,0,0,0,0.0,903956811.8626937,0.0,2.5134795578196645e-08,0.0,0.0,-1.1920928955078125e-07
380,32,operations,1300.0,0,0,0.0,0.0,0,0.0,0.0,0.0,0.0,0.0,0.0,0,0.0,0.0,0.0,0.0,0.0,0.0,0,0.0,0.0,0.0,0.0,0.0,0.0,0,0.0,0.0,6452185.984,2016873.3431306668,4435312.640869333,0.0,0.0,0,0,0,0.0,908392124.503563,0.0,2.5134795578196645e-08,0.0,0.0,-1.1920928955078125e-07
381,32,operations,1300.0,0,0,0.0,0.0,0,0.0,0.0,0.0,0.0,0.0,0.0,0,0.0,0.0,0.0,0.0,0.0,0.0,0,0.0,0.0,0.0,0.0,0.0,0.0,0,0.0,0.0,6452185.984,2016873.3431306668,4435312.640869333,0.0,0.0,0,0,0,0.0,912827437.1444324,0.0,2.5134795578196645e-08,0.0,0.0,-1.1920928955078125e-07
382,32,operations,1300.0,0,0,0.0,0.0,0,0.0,0.0,0.0,0.0,0.0,0.0,0,0.0,0.0,0.0,0.0,0.0,0.0,0,0.0,0.0,0.0,0.0,0.0,0.0,0,0.0,0.0,6452185.984,2016873.3431306668,4435312.640869333,0.0,0.0,0,0,0,0.0,917262749.7853018,0.0,2.5134795578196645e-08,0.0,0.0,-1.1920928955078125e-07
383,32,operations,1300.0,0,0,0.0,0.0,0,0.0,0.0,0.0,0.0,0.0,0.0,0,0.0,0.0,0.0,0.0,0.0,0.0,0,0.0,0.0,0.0,0.0,0.0,0.0,0,0.0,0.0,6452185.984,2016873.3431306668,4435312.640869333,0.0,0.0,0,0,0,0.0,921698062.4261712,0.0,2.5134795578196645e-08,0.0,0.0,-1.1920928955078125e-07
384,33,operations,1300.0,0,0,0.0,0.0,0,0.0,0.0,0.0,0.0,0.0,0.0,0,0.0,0.0,0.0,0.0,0.0,0.0,0,0.0,0.0,0.0,0.0,0.0,0.0,0,0.0,0.0,6452185.984,2016873.3431306668,4435312.640869333,0.0,0.0,0,0,0,0.0,926133375.0670406,0.0,2.5134795578196645e-08,0.0,0.0,-1.1920928955078125e-07
385,33,operations,1300.0,0,0,0.0,0.0,0,0.0,0.0,0.0,0.0,0.0,0.0,0,0.0,0.0,0.0,0.0,0.0,0.0,0,0.0,0.0,0.0,0.0,0.0,0.0,0,0.0,0.0,6452185.984,2016873.3431306668,4435312.640869333,0.0,0.0,0,0,0,0.0,930568687.70791,0.0,2.5134795578196645e-08,0.0,0.0,-1.1920928955078125e-07
386,33,operations,1300.0,0,0,0.0,0.0,0,0.0,0.0,0.0,0.0,0.0,0.0,0,0.0,0.0,0.0,0.0,0.0,0.0,0,0.0,0.0,0.0,0.0,0.0,0.0,0,0.0,0.0,6452185.984,2016873.3431306668,4435312.640869333,0.0,0.0,0,0,0,0.0,935004000.3487793,0.0,2.5134795578196645e-08,0.0,0.0,-1.1920928955078125e-07
387,33,operations,1300.0,0,0,0.0,0.0,0,0.0,0.0,0.0,0.0,0.0,0.0,0,0.0,0.0,0.0,0.0,0.0,0.0,0,0.0,0.0,0.0,0.0,0.0,0.0,0,0.0,0.0,6452185.984,2016873.3431306668,4435312.640869333,0.0,0.0,0,0,0,0.0,939439312.9896487,0.0,2.5134795578196645e-08,0.0,0.0,-1.1920928955078125e-07
388,33,operations,1300.0,0,0,0.0,0.0,0,0.0,0.0,0.0,0.0,0.0,0.0,0,0.0,0.0,0.0,0.0,0.0,0.0,0,0.0,0.0,0.0,0.0,0.0,0.0,0,0.0,0.0,6452185.984,2016873.3431306668,4435312.640869333,0.0,0.0,0,0,0,0.0,943874625.6305181,0.0,2.5134795578196645e-08,0.0,0.0,-1.1920928955078125e-07
389,33,operations,1300.0,0,0,0.0,0.0,0,0.0,0.0,0.0,0.0,0.0,0.0,0,0.0,0.0,0.0,0.0,0.0,0.0,0,0.0,0.0,0.0,0.0,0.0,0.0,0,0.0,0.0,6452185.984,2016873.3431306668,4435312.640869333,0.0,0.0,0,0,0,0.0,948309938.2713875,0.0,2.5134795578196645e-08,0.0,0.0,-1.1920928955078125e-07
390,33,operations,1300.0,0,0,0.0,0.0,0,0.0,0.0,0.0,0.0,0.0,0.0,0,0.0,0.0,0.0,0.0,0.0,0.0,0,0.0,0.0,0.0,0.0,0.0,0.0,0,0.0,0.0,6452185.984,2016873.3431306668,4435312.640869333,0.0,0.0,0,0,0,0.0,952745250.9122568,0.0,2.5134795578196645e-08,0.0,0.0,-1.1920928955078125e-07
391,33,operations,1300.0,0,0,0.0,0.0,0,0.0,0.0,0.0,0.0,0.0,0.0,0,0.0,0.0,0.0,0.0,0.0,0.0,0,0.0,0.0,0.0,0.0,0.0,0.0,0,0.0,0.0,6452185.984,2016873.3431306668,4435312.640869333,0.0,0.0,0,0,0,0.0,957180563.5531262,0.0,2.5134795578196645e-08,0.0,0.0,-1.1920928955078125e-07
392,33,operations,1300.0,0,0,0.0,0.0,0,0.0,0.0,0.0,0.0,0.0,0.0,0,0.0,0.0,0.0,0.0,0.0,0.0,0,0.0,0.0,0.0,0.0,0.0,0.0,0,0.0,0.0,6452185.984,2016873.3431306668,4435312.640869333,0.0,0.0,0,0,0,0.0,961615876.1939956,0.0,2.5134795578196645e-08,0.0,0.0,-1.1920928955078125e-07
393,33,operations,1300.0,0,0,0.0,0.0,0,0.0,0.0,0.0,0.0,0.0,0.0,0,0.0,0.0,0.0,0.0,0.0,0.0,0,0.0,0.0,0.0,0.0,0.0,0.0,0,0.0,0.0,6452185.984,2016873.3431306668,4435312.640869333,0.0,0.0,0,0,0,0.0,966051188.834865,0.0,2.5134795578196645e-08,0.0,0.0,-1.1920928955078125e-07
394,33,operations,1300.0,0,0,0.0,0.0,0,0.0,0.0,0.0,0.0,0.0,0.0,0,0.0,0.0,0.0,0.0,0.0,0.0,0,0.0,0.0,0.0,0.0,0.0,0.0,0,0.0,0.0,6452185.984,2016873.3431306668,4435312.640869333,0.0,0.0,0,0,0,0.0,970486501.4757344,0.0,2.5134795578196645e-08,0.0,0.0,-1.1920928955078125e-07
395,33,operations,1300.0,0,0,0.0,0.0,0,0.0,0.0,0.0,0.0,0.0,0.0,0,0.0,0.0,0.0,0.0,0.0,0.0,0,0.0,0.0,0.0,0.0,0.0,0.0,0,0.0,0.0,6452185.984,2016873.3431306668,4435312.640869333,0.0,0.0,0,0,0,0.0,974921814.1166037,0.0,2.5134795578196645e-08,0.0,0.0,-1.1920928955078125e-07
396,34,operations,1300.0,0,0,0.0,0.0,0,0.0,0.0,0.0,0.0,0.0,0.0,0,0.0,0.0,0.0,0.0,0.0,0.0,0,0.0,0.0,0.0,0.0,0.0,0.0,0,0.0,0.0,6452185.984,2016873.3431306668,4435312.640869333,0.0,0.0,0,0,0,0.0,979357126.7574731,0.0,2.5134795578196645e-08,0.0,0.0,-1.1920928955078125e-07
397,34,operations,1300.0,0,0,0.0,0.0,0,0.0,0.0,0.0,0.0,0.0,0.0,0,0.0,0.0,0.0,0.0,0.0,0.0,0,0.0,0.0,0.0,0.0,0.0,0.0,0,0.0,0.0,6452185.984,2016873.3431306668,4435312.640869333,0.0,0.0,0,0,0,0.0,983792439.3983425,0.0,2.5134795578196645e-08,0.0,0.0,-1.1920928955078125e-07
398,34,operations,1300.0,0,0,0.0,0.0,0,0.0,0.0,0.0,0.0,0.0,0.0,0,0.0,0.0,0.0,0.0,0.0,0.0,0,0.0,0.0,0.0,0.0,0.0,0.0,0,0.0,0.0,6452185.984,2016873.3431306668,4435312.640869333,0.0,0.0,0,0,0,0.0,988227752.0392119,0.0,2.5134795578196645e-08,0.0,0.0,-1.1920928955078125e-07
399,34,operations,1300.0,0,0,0.0,0.0,0,0.0,0.0,0.0,0.0,0.0,0.0,0,0.0,0.0,0.0,0.0,0.0,0.0,0,0.0,0.0,0.0,0.0,0.0,0.0,0,0.0,0.0,6452185.984,2016873.3431306668,4435312.640869333,0.0,0.0,0,0,0,0.0,992663064.6800812,0.0,2.5134795578196645e-08,0.0,0.0,-1.1920928955078125e-07
400,34,operations,1300.0,0,0,0.0,0.0,0,0.0,0.0,0.0,0.0,0.0,0.0,0,0.0,0.0,0.0,0.0,0.0,0.0,0,0.0,0.0,0.0,0.0,0.0,0.0,0,0.0,0.0,6452185.984,2016873.3431306668,4435312.640869333,0.0,0.0,0,0,0,0.0,997098377.3209506,0.0,2.5134795578196645e-08,0.0,0.0,-1.1920928955078125e-07
