
                        S T E P       1


                                INCREMENT     1


 displacements (vx,vy,vz) for set ALLN and time  0.1000000E+01

         1  0.000000E+00  0.000000E+00  0.000000E+00
         2 -5.051244E-03  4.555454E-04  4.465057E-11
         3 -2.054599E-02  5.341347E-04  5.536968E-10
         4 -3.599217E-02  4.172477E-04  1.539845E-09
         5 -4.118196E-02  4.447995E-04  1.979588E-09
         6 -4.637133E-02  4.268958E-04  2.468565E-09
         7 -6.182621E-02  4.848272E-04  4.164938E-09
         8 -7.728201E-02  4.072224E-04  6.227830E-09
         9 -8.247036E-02  3.953483E-04  7.009979E-09
        10 -8.766011E-02  3.949425E-04  7.828699E-09
        11 -1.031057E-01  4.526094E-04  1.042005E-08
        12 -1.186066E-01  3.781984E-04  1.327484E-08
        13 -1.236425E-01  1.587585E-04  1.430412E-08
        14 -1.286784E-01  3.701712E-04  1.535820E-08
        15 -1.441792E-01  4.195906E-04  1.857187E-08
        16 -1.596250E-01  3.389730E-04  2.195112E-08
        17 -1.648145E-01  3.270028E-04  2.313774E-08
        18 -1.700029E-01  3.364906E-04  2.433865E-08
        19 -1.854586E-01  3.843108E-04  2.792361E-08
        20 -2.009144E-01  3.121478E-04  3.158964E-08
        21 -2.061027E-01  2.941741E-04  3.285570E-08
        22 -2.112923E-01  2.980866E-04  3.412715E-08
        23 -2.267380E-01  3.540695E-04  3.787450E-08
        24 -2.422389E-01  2.807500E-04  4.164820E-08
        25 -2.472748E-01  6.031670E-05  4.294078E-08
        26 -2.523107E-01  2.726626E-04  4.423425E-08
        27 -2.678115E-01  3.211148E-04  4.802307E-08
        28 -2.832573E-01  2.418919E-04  5.180848E-08
        29 -2.884468E-01  2.264248E-04  5.309912E-08
        30 -2.936351E-01  2.408064E-04  5.438806E-08
        31 -3.090908E-01  2.842886E-04  5.815096E-08
        32 -3.245472E-01  2.201438E-04  6.189485E-08
        33 -3.297348E-01  1.806398E-04  6.316869E-08
        34 -3.349236E-01  2.147687E-04  6.444029E-08
        35 -3.503737E-01  2.460848E-04  6.815476E-08
        36 -3.658581E-01  2.082201E-04  7.186111E-08
        37 -3.709555E-01  2.043231E-05  7.312615E-08
        38  0.000000E+00  0.000000E+00  0.000000E+00
        39 -5.047158E-03 -8.126108E-04  7.096358E-11
        40 -2.054139E-02 -9.665827E-04  5.778138E-10
        41 -3.598762E-02 -8.751246E-04  1.562437E-09
        42 -4.117740E-02 -9.110025E-04  2.001715E-09
        43 -4.636677E-02 -9.014241E-04  2.490227E-09
        44 -6.182165E-02 -9.837328E-04  4.185286E-09
        45 -7.727745E-02 -9.305066E-04  6.246915E-09
        46 -8.246580E-02 -9.269569E-04  7.028619E-09
        47 -8.765555E-02 -9.348753E-04  7.846874E-09
        48 -1.031011E-01 -1.016920E-03  1.043687E-08
        49 -1.186020E-01 -9.668878E-04  1.329030E-08
        50 -1.236379E-01 -7.557722E-04  1.431914E-08
        51 -1.286738E-01 -9.755092E-04  1.537283E-08
        52 -1.441747E-01 -1.049307E-03  1.858525E-08
        53 -1.596204E-01 -9.930675E-04  2.196330E-08
        54 -1.648100E-01 -9.894217E-04  2.314958E-08
        55 -1.699983E-01 -1.007234E-03  2.435017E-08
        56 -1.854541E-01 -1.079432E-03  2.793445E-08
        57 -2.009098E-01 -1.031648E-03  3.159990E-08
        58 -2.060981E-01 -1.021998E-03  3.286574E-08
        59 -2.112877E-01 -1.034235E-03  3.413700E-08
        60 -2.267334E-01 -1.114596E-03  3.788401E-08
        61 -2.422343E-01 -1.065655E-03  4.165755E-08
        62 -2.472702E-01 -8.535459E-04  4.295004E-08
        63 -2.523061E-01 -1.074216E-03  4.424339E-08
        64 -2.678070E-01 -1.147047E-03  4.803175E-08
        65 -2.832528E-01 -1.092202E-03  5.181663E-08
        66 -2.884423E-01 -1.085059E-03  5.310710E-08
        67 -2.936305E-01 -1.107765E-03  5.439591E-08
        68 -3.090863E-01 -1.175626E-03  5.815870E-08
        69 -3.245426E-01 -1.135859E-03  6.190284E-08
        70 -3.297303E-01 -1.104679E-03  6.317683E-08
        71 -3.349191E-01 -1.147133E-03  6.444850E-08
        72 -3.503691E-01 -1.202827E-03  6.816280E-08
        73 -3.658536E-01 -1.189341E-03  7.186897E-08
        74 -3.709509E-01 -1.009877E-03  7.313401E-08
        75  0.000000E+00  0.000000E+00  8.673617E-19
        76 -7.575758E-03  6.167666E-05 -1.004064E-04
        77 -2.976190E-02  2.423012E-04 -3.944539E-04
        78 -5.194805E-02  4.229256E-04 -6.885014E-04
        79 -5.952381E-02  4.846023E-04 -7.889079E-04
        80 -6.709957E-02  5.462789E-04 -8.893144E-04
        81 -8.928571E-02  7.269033E-04 -1.183362E-03
        82 -1.114719E-01  9.075277E-04 -1.477410E-03
        83 -1.190476E-01  9.692043E-04 -1.577817E-03
        84 -1.266234E-01  1.030881E-03 -1.678224E-03
        85 -1.488095E-01  1.211505E-03 -1.972273E-03
        86 -1.709957E-01  1.392129E-03 -2.266322E-03
        87 -1.785714E-01  1.453806E-03 -2.366729E-03
        88 -1.861472E-01  1.515483E-03 -2.467136E-03
        89 -2.083333E-01  1.696107E-03 -2.761185E-03
        90 -2.305195E-01  1.876731E-03 -3.055236E-03
        91 -2.380952E-01  1.938407E-03 -3.155643E-03
        92 -2.456710E-01  2.000084E-03 -3.256051E-03
        93 -2.678571E-01  2.180708E-03 -3.550101E-03
        94 -2.900433E-01  2.361332E-03 -3.844152E-03
        95 -2.976190E-01  2.423009E-03 -3.944560E-03
        96 -3.051948E-01  2.484685E-03 -4.044968E-03
        97 -3.273810E-01  2.665309E-03 -4.339019E-03
        98 -3.495671E-01  2.845933E-03 -4.633071E-03
        99 -3.571429E-01  2.907610E-03 -4.733479E-03
       100 -3.647186E-01  2.969286E-03 -4.833887E-03
       101 -3.869048E-01  3.149910E-03 -5.127939E-03
       102 -4.090909E-01  3.330534E-03 -5.421991E-03
       103 -4.166667E-01  3.392211E-03 -5.522399E-03
       104 -4.242424E-01  3.453887E-03 -5.622807E-03
       105 -4.464286E-01  3.634511E-03 -5.916859E-03
       106 -4.686147E-01  3.815135E-03 -6.210911E-03
       107 -4.761905E-01  3.876812E-03 -6.311319E-03
       108 -4.837662E-01  3.938488E-03 -6.411728E-03
       109 -5.059524E-01  4.119113E-03 -6.705780E-03
       110 -5.281385E-01  4.299737E-03 -6.999832E-03
       111 -5.357143E-01  4.361413E-03 -7.100240E-03
       112  0.000000E+00  0.000000E+00  0.000000E+00
       113  0.000000E+00  0.000000E+00  0.000000E+00
       114  0.000000E+00  0.000000E+00  0.000000E+00
       115  0.000000E+00  0.000000E+00  0.000000E+00
       116  0.000000E+00  0.000000E+00  0.000000E+00
       117  0.000000E+00  0.000000E+00  0.000000E+00
       118  0.000000E+00  0.000000E+00  0.000000E+00
       119  0.000000E+00  0.000000E+00  0.000000E+00
       120  0.000000E+00  0.000000E+00  0.000000E+00
       121  0.000000E+00  0.000000E+00  0.000000E+00
       122  0.000000E+00  0.000000E+00  0.000000E+00
       123  0.000000E+00  0.000000E+00  0.000000E+00
       124  0.000000E+00  0.000000E+00  0.000000E+00
       125  0.000000E+00  0.000000E+00  0.000000E+00
       126  0.000000E+00  0.000000E+00  0.000000E+00
       127  0.000000E+00  0.000000E+00  0.000000E+00

 stresses (elem, integ.pnt.,sxx,syy,szz,sxy,sxz,syz) for set ALLE and time  0.1000000E+01

         1   1 -5.412681E-01 -7.517804E-02 -7.649051E-02  4.568742E-03  6.016402E-11 -3.323375E-16
         1   2 -5.412681E-01 -3.071789E-02 -3.203035E-02  4.568742E-03  6.016095E-11  1.168980E-16
         1   3 -5.325184E-01 -7.517804E-02 -7.386558E-02  4.568742E-03 -4.411530E-11 -3.838951E-17
         1   4 -5.325184E-01 -3.071789E-02 -2.940543E-02  4.568742E-03 -4.411218E-11 -1.702071E-16
         1   5 -5.412681E-01 -7.517804E-02 -7.649051E-02  4.568743E-03  6.016400E-11 -3.261299E-16
         1   6 -5.412681E-01 -3.071789E-02 -3.203035E-02  4.568743E-03  6.016101E-11  8.542427E-17
         1   7 -5.325184E-01 -7.517804E-02 -7.386558E-02  4.568743E-03 -4.411531E-11 -3.859579E-17
         1   8 -5.325184E-01 -3.071789E-02 -2.940543E-02  4.568743E-03 -4.411219E-11 -1.468292E-16
         2   1 -5.339604E-01 -1.363074E-02 -1.281586E-02 -1.321441E-03 -6.584176E-13  1.831067E-17
         2   2 -5.339604E-01 -1.166154E-02 -1.084666E-02 -1.321441E-03 -6.567125E-13 -2.912495E-17
         2   3 -5.393929E-01 -1.363074E-02 -1.444562E-02 -1.321441E-03  1.121102E-12  4.455505E-17
         2   4 -5.393929E-01 -1.166154E-02 -1.247642E-02 -1.321441E-03  1.120738E-12  4.976629E-17
         2   5 -5.339604E-01 -1.363074E-02 -1.281586E-02 -1.321441E-03 -6.583259E-13 -4.468603E-18
         2   6 -5.339604E-01 -1.166154E-02 -1.084666E-02 -1.321441E-03 -6.569714E-13 -6.072061E-18
         2   7 -5.393929E-01 -1.363074E-02 -1.444562E-02 -1.321441E-03  1.121057E-12  4.368969E-17
         2   8 -5.393929E-01 -1.166154E-02 -1.247642E-02 -1.321441E-03  1.120590E-12  6.293119E-17
         3   1 -5.388139E-01 -1.282608E-02 -1.346843E-02  1.097641E-03 -7.524797E-13  7.894985E-18
         3   2 -5.388139E-01 -1.798146E-02 -1.862381E-02  1.097641E-03 -7.534563E-13 -5.904938E-17
         3   3 -5.345316E-01 -1.282608E-02 -1.218373E-02  1.097641E-03  1.208379E-12  4.403560E-17
         3   4 -5.345316E-01 -1.798146E-02 -1.733911E-02  1.097641E-03  1.212534E-12 -1.101645E-17
         3   5 -5.388139E-01 -1.282608E-02 -1.346843E-02  1.097641E-03 -7.517267E-13  7.809534E-18
         3   6 -5.388139E-01 -1.798146E-02 -1.862381E-02  1.097641E-03 -7.526007E-13 -6.327709E-17
         3   7 -5.345316E-01 -1.282608E-02 -1.218373E-02  1.097641E-03  1.210774E-12  2.738109E-17
         3   8 -5.345316E-01 -1.798146E-02 -1.733911E-02  1.097641E-03  1.217392E-12 -1.217087E-17
         4   1 -5.324615E-01 -2.393462E-02 -2.267129E-02 -2.404804E-03 -6.574906E-13  3.849171E-18
         4   2 -5.324615E-01 -3.504365E-02 -3.378032E-02 -2.404804E-03 -6.618279E-13 -1.940097E-17
         4   3 -5.408837E-01 -2.393462E-02 -2.519794E-02 -2.404804E-03  1.144903E-12  3.496897E-17
         4   4 -5.408837E-01 -3.504365E-02 -3.630697E-02 -2.404804E-03  1.145560E-12 -3.914879E-18
         4   5 -5.324615E-01 -2.393462E-02 -2.267129E-02 -2.404804E-03 -6.597736E-13  4.520392E-17
         4   6 -5.324615E-01 -3.504364E-02 -3.378032E-02 -2.404804E-03 -6.641794E-13  2.542794E-17
         4   7 -5.408837E-01 -2.393462E-02 -2.519794E-02 -2.404804E-03  1.141525E-12  5.066839E-17
         4   8 -5.408837E-01 -3.504364E-02 -3.630697E-02 -2.404804E-03  1.143277E-12  2.127167E-17
         5   1 -5.389382E-01 -3.507363E-02 -3.575331E-02  1.606798E-03 -6.896165E-13 -2.008234E-17
         5   2 -5.389382E-01 -2.404653E-02 -2.472620E-02  1.606798E-03 -6.949992E-13 -3.665141E-17
         5   3 -5.344071E-01 -3.507363E-02 -3.439396E-02  1.606798E-03  1.160602E-12  1.073272E-17
         5   4 -5.344071E-01 -2.404653E-02 -2.336685E-02  1.606798E-03  1.162813E-12 -4.124604E-17
         5   5 -5.389382E-01 -3.507363E-02 -3.575331E-02  1.606798E-03 -6.895186E-13  1.560459E-18
         5   6 -5.389382E-01 -2.404653E-02 -2.472620E-02  1.606798E-03 -6.940804E-13  3.163917E-18
         5   7 -5.344071E-01 -3.507363E-02 -3.439396E-02  1.606798E-03  1.157963E-12  3.397898E-17
         5   8 -5.344071E-01 -2.404653E-02 -2.336685E-02  1.606798E-03  1.160448E-12 -3.069382E-17
         6   1 -5.363019E-01 -1.785391E-02 -1.774268E-02 -4.365305E-04 -6.701849E-13  6.315798E-17
         6   2 -5.363019E-01 -1.196247E-02 -1.185124E-02 -4.365305E-04 -6.665555E-13  9.843008E-18
         6   3 -5.370434E-01 -1.785391E-02 -1.796514E-02 -4.365305E-04  1.151715E-12  1.230685E-17
         6   4 -5.370434E-01 -1.196247E-02 -1.207370E-02 -4.365305E-04  1.149872E-12  1.952241E-17
         6   5 -5.363019E-01 -1.785391E-02 -1.774268E-02 -4.365305E-04 -6.679962E-13  3.258996E-17
         6   6 -5.363019E-01 -1.196247E-02 -1.185124E-02 -4.365305E-04 -6.686084E-13  1.121053E-17
         6   7 -5.370434E-01 -1.785391E-02 -1.796514E-02 -4.365305E-04  1.151167E-12  5.256220E-18
         6   8 -5.370434E-01 -1.196247E-02 -1.207370E-02 -4.365305E-04  1.150145E-12 -7.036956E-18
         7   1 -5.367397E-01 -1.194046E-02 -1.196059E-02  4.165361E-04 -6.619386E-13  1.012670E-17
         7   2 -5.367397E-01 -1.777176E-02 -1.779189E-02  4.165361E-04 -6.540221E-13 -6.966382E-19
         7   3 -5.366055E-01 -1.194046E-02 -1.192034E-02  4.165361E-04  1.103787E-12 -1.091266E-17
         7   4 -5.366055E-01 -1.777176E-02 -1.775164E-02  4.165361E-04  1.103083E-12 -4.097961E-18
         7   5 -5.367397E-01 -1.194046E-02 -1.196059E-02  4.165361E-04 -6.602023E-13 -8.460344E-19
         7   6 -5.367397E-01 -1.777176E-02 -1.779189E-02  4.165361E-04 -6.544750E-13  2.229375E-19
         7   7 -5.366055E-01 -1.194046E-02 -1.192034E-02  4.165361E-04  1.107712E-12 -8.523244E-18
         7   8 -5.366055E-01 -1.777176E-02 -1.775164E-02  4.165361E-04  1.097157E-12 -9.592216E-18
         8   1 -5.372397E-01 -2.405787E-02 -2.422800E-02 -1.281505E-03 -6.922872E-13 -3.557440E-17
         8   2 -5.372397E-01 -3.540054E-02 -3.557066E-02 -1.281505E-03 -6.835373E-13  3.724931E-17
         8   3 -5.361055E-01 -2.405787E-02 -2.388774E-02 -1.281505E-03  1.145076E-12  2.924600E-17
         8   4 -5.361055E-01 -3.540054E-02 -3.523041E-02 -1.281505E-03  1.144795E-12  2.924600E-17
         8   5 -5.372397E-01 -2.405787E-02 -2.422800E-02 -1.281505E-03 -6.868982E-13 -1.802179E-17
         8   6 -5.372397E-01 -3.540054E-02 -3.557066E-02 -1.281505E-03 -6.785587E-13  1.084045E-17
         8   7 -5.361055E-01 -2.405787E-02 -2.388774E-02 -1.281505E-03  1.149370E-12  1.259150E-17
         8   8 -5.361055E-01 -3.540054E-02 -3.523041E-02 -1.281505E-03  1.152921E-12 -1.146036E-17
         9   1 -5.353084E-01 -3.530185E-02 -3.489258E-02  1.519565E-03 -7.499488E-13  2.686707E-17
         9   2 -5.353084E-01 -2.368957E-02 -2.328030E-02  1.519565E-03 -7.493615E-13  1.109973E-17
         9   3 -5.380369E-01 -3.530185E-02 -3.571112E-02  1.519565E-03  1.165484E-12  1.552696E-17
         9   4 -5.380369E-01 -2.368957E-02 -2.409883E-02  1.519565E-03  1.168808E-12  3.450121E-17
         9   5 -5.353084E-01 -3.530185E-02 -3.489258E-02  1.519565E-03 -7.515275E-13  1.654220E-17
         9   6 -5.353084E-01 -2.368957E-02 -2.328030E-02  1.519565E-03 -7.497089E-13  2.562846E-17
         9   7 -5.380369E-01 -3.530185E-02 -3.571112E-02  1.519565E-03  1.168284E-12  1.802975E-17
         9   8 -5.380369E-01 -2.368957E-02 -2.409883E-02  1.519565E-03  1.168871E-12  3.780573E-17
        10   1 -5.374736E-01 -1.774804E-02 -1.798832E-02 -6.130396E-04 -7.382409E-13  2.960064E-17
        10   2 -5.374736E-01 -1.312776E-02 -1.336805E-02 -6.130396E-04 -7.376431E-13 -1.399542E-18
        10   3 -5.358717E-01 -1.774804E-02 -1.750775E-02 -6.130396E-04  1.167004E-12  2.241217E-17
        10   4 -5.358717E-01 -1.312776E-02 -1.288748E-02 -6.130396E-04  1.168560E-12 -1.500184E-17
        10   5 -5.374736E-01 -1.774804E-02 -1.798832E-02 -6.130396E-04 -7.386331E-13  3.851922E-17
        10   6 -5.374736E-01 -1.312776E-02 -1.336805E-02 -6.130396E-04 -7.389931E-13  2.088119E-17
        10   7 -5.358717E-01 -1.774804E-02 -1.750775E-02 -6.130396E-04  1.168801E-12  3.133075E-17
        10   8 -5.358717E-01 -1.312776E-02 -1.288748E-02 -6.130396E-04  1.169810E-12  2.331347E-17
        11   1 -5.355199E-01 -1.179735E-02 -1.145153E-02  7.024887E-04 -7.447486E-13  2.136857E-17
        11   2 -5.355199E-01 -1.278287E-02 -1.243705E-02  7.024887E-04 -7.526847E-13 -6.558317E-18
        11   3 -5.378254E-01 -1.179735E-02 -1.214317E-02  7.024887E-04  1.185279E-12  3.431864E-17
        11   4 -5.378254E-01 -1.278287E-02 -1.312869E-02  7.024887E-04  1.188290E-12 -1.712563E-17
        11   5 -5.355199E-01 -1.179735E-02 -1.145153E-02  7.024887E-04 -7.429686E-13  2.500930E-17
        11   6 -5.355199E-01 -1.278287E-02 -1.243705E-02  7.024887E-04 -7.580199E-13 -2.309443E-17
        11   7 -5.378254E-01 -1.179735E-02 -1.214317E-02  7.024887E-04  1.187060E-12  3.849385E-17
        11   8 -5.378254E-01 -1.278287E-02 -1.312869E-02  7.024887E-04  1.186786E-12 -4.435147E-17
        12   1 -5.385971E-01 -3.089265E-02 -3.146999E-02 -2.463182E-03 -6.830635E-13 -1.254952E-17
        12   2 -5.385971E-01 -7.938398E-02 -7.996131E-02 -2.463182E-03 -6.777264E-13 -1.424296E-16
        12   3 -5.347482E-01 -3.089265E-02 -3.031532E-02 -2.463182E-03  1.131160E-12 -2.811494E-17
        12   4 -5.347482E-01 -7.938398E-02 -7.880664E-02 -2.463182E-03  1.133761E-12 -1.036111E-16
        12   5 -5.385971E-01 -3.089265E-02 -3.146999E-02 -2.463182E-03 -6.818211E-13 -1.945431E-17
        12   6 -5.385971E-01 -7.938398E-02 -7.996131E-02 -2.463182E-03 -6.846931E-13 -1.252825E-16
        12   7 -5.347482E-01 -3.089265E-02 -3.031532E-02 -2.463182E-03  1.130214E-12 -4.143356E-17
        12   8 -5.347482E-01 -7.938398E-02 -7.880664E-02 -2.463182E-03  1.125152E-12 -1.007615E-16
        13   1 -5.386856E-01 -7.938258E-02 -7.998647E-02  2.450919E-03 -6.206668E-13  1.850851E-16
        13   2 -5.386856E-01 -3.088743E-02 -3.149132E-02  2.450919E-03 -6.216074E-13 -1.359405E-16
        13   3 -5.346597E-01 -7.938258E-02 -7.877868E-02  2.450919E-03  1.036789E-12  6.581467E-17
        13   4 -5.346597E-01 -3.088743E-02 -3.028354E-02  2.450919E-03  1.033932E-12 -4.856532E-17
        13   5 -5.386856E-01 -7.938258E-02 -7.998647E-02  2.450919E-03 -6.164460E-13  1.626781E-16
        13   6 -5.386856E-01 -3.088743E-02 -3.149132E-02  2.450919E-03 -6.110931E-13 -1.447850E-16
        13   7 -5.346597E-01 -7.938258E-02 -7.877868E-02  2.450919E-03  1.037725E-12  5.169217E-17
        13   8 -5.346597E-01 -3.088743E-02 -3.028354E-02  2.450919E-03  1.038152E-12 -4.825670E-17
        14   1 -5.354849E-01 -1.277969E-02 -1.242338E-02 -6.929590E-04 -6.898399E-13  1.487186E-17
        14   2 -5.354849E-01 -1.180358E-02 -1.144726E-02 -6.929590E-04 -6.883150E-13  2.676417E-17
        14   3 -5.378604E-01 -1.277969E-02 -1.313601E-02 -6.929590E-04  1.084671E-12  1.498097E-17
        14   4 -5.378604E-01 -1.180358E-02 -1.215990E-02 -6.929590E-04  1.085648E-12  4.024010E-18
        14   5 -5.354849E-01 -1.277969E-02 -1.242338E-02 -6.929590E-04 -6.848018E-13 -1.618823E-18
        14   6 -5.354849E-01 -1.180358E-02 -1.144726E-02 -6.929590E-04 -6.887500E-13  8.001924E-18
        14   7 -5.378604E-01 -1.277969E-02 -1.313601E-02 -6.929590E-04  1.089709E-12  6.282364E-19
        14   8 -5.378604E-01 -1.180358E-02 -1.215990E-02 -6.929590E-04  1.081930E-12 -9.526996E-18
        15   1 -5.375143E-01 -1.313016E-02 -1.338265E-02  6.000550E-04 -6.764785E-13  3.748427E-17
        15   2 -5.375143E-01 -1.773057E-02 -1.798305E-02  6.000550E-04 -6.619386E-13 -1.969851E-19
        15   3 -5.358310E-01 -1.313016E-02 -1.287768E-02  6.000550E-04  1.042158E-12  3.939865E-18
        15   4 -5.358310E-01 -1.773057E-02 -1.747808E-02  6.000550E-04  1.049583E-12  8.616617E-18
        15   5 -5.375143E-01 -1.313016E-02 -1.338265E-02  6.000550E-04 -6.751789E-13  3.293966E-17
        15   6 -5.375143E-01 -1.773057E-02 -1.798305E-02  6.000550E-04 -6.548921E-13  2.011200E-17
        15   7 -5.358310E-01 -1.313016E-02 -1.287768E-02  6.000550E-04  1.043458E-12  2.932647E-17
        15   8 -5.358310E-01 -1.773057E-02 -1.747808E-02  6.000550E-04  1.051977E-12  4.642281E-19
        16   1 -5.351028E-01 -2.368642E-02 -2.321547E-02 -1.451016E-03 -5.591447E-13 -2.340157E-17
        16   2 -5.351028E-01 -3.535771E-02 -3.488676E-02 -1.451016E-03 -5.646216E-13  1.494780E-17
        16   3 -5.382425E-01 -2.368642E-02 -2.415737E-02 -1.451016E-03  9.012312E-13  3.309151E-17
        16   4 -5.382425E-01 -3.535771E-02 -3.582867E-02 -1.451016E-03  8.919232E-13  7.436186E-18
        16   5 -5.351028E-01 -2.368642E-02 -2.321547E-02 -1.451016E-03 -5.583527E-13 -1.064310E-17
        16   6 -5.351028E-01 -3.535771E-02 -3.488676E-02 -1.451016E-03 -5.586299E-13  2.089157E-17
        16   7 -5.382425E-01 -2.368642E-02 -2.415737E-02 -1.451016E-03  8.899826E-13  3.997063E-17
        16   8 -5.382425E-01 -3.535771E-02 -3.582867E-02 -1.451016E-03  8.730122E-13  2.286708E-17
        17   1 -5.376469E-01 -3.544732E-02 -3.573962E-02  1.137459E-03 -5.034705E-13  3.207959E-17
        17   2 -5.376469E-01 -2.402085E-02 -2.431314E-02  1.137459E-03 -4.805461E-13 -1.816209E-17
        17   3 -5.356983E-01 -3.544732E-02 -3.515503E-02  1.137459E-03  7.907942E-13  4.629983E-17
        17   4 -5.356983E-01 -2.402085E-02 -2.372856E-02  1.137459E-03  7.934679E-13  1.783846E-17
        17   5 -5.376469E-01 -3.544732E-02 -3.573962E-02  1.137459E-03 -4.985636E-13  2.585577E-17
        17   6 -5.376469E-01 -2.402085E-02 -2.431314E-02  1.137459E-03 -4.786496E-13 -3.026525E-17
        17   7 -5.356983E-01 -3.544732E-02 -3.515503E-02  1.137459E-03  8.033634E-13  2.457592E-17
        17   8 -5.356983E-01 -2.402085E-02 -2.372856E-02  1.137459E-03  7.939962E-13  1.548966E-17
        18   1 -5.365408E-01 -1.773401E-02 -1.769446E-02 -3.409111E-04 -2.882105E-13  1.426182E-17
        18   2 -5.365408E-01 -1.198452E-02 -1.194497E-02 -3.409111E-04 -2.955341E-13  1.960668E-17
        18   3 -5.368045E-01 -1.773401E-02 -1.777356E-02 -3.409111E-04  6.784788E-13  1.884437E-17
        18   4 -5.368045E-01 -1.198452E-02 -1.202407E-02 -3.409111E-04  6.886693E-13  6.818440E-18
        18   5 -5.365408E-01 -1.773401E-02 -1.769446E-02 -3.409111E-04 -2.882271E-13  1.215581E-17
        18   6 -5.365408E-01 -1.198452E-02 -1.194497E-02 -3.409111E-04 -2.867938E-13  1.856964E-17
        18   7 -5.368045E-01 -1.773401E-02 -1.777356E-02 -3.409111E-04  6.872189E-13  2.101425E-17
        18   8 -5.368045E-01 -1.198452E-02 -1.202407E-02 -3.409111E-04  6.766115E-13 -6.244530E-18
        19   1 -5.365441E-01 -1.198435E-02 -1.194579E-02  3.407603E-04 -2.859452E-13  3.452689E-17
        19   2 -5.365441E-01 -1.773339E-02 -1.769483E-02  3.407603E-04 -2.879559E-13  1.301383E-17
        19   3 -5.368012E-01 -1.198435E-02 -1.202291E-02  3.407603E-04  5.332481E-13  4.500173E-17
        19   4 -5.368012E-01 -1.773339E-02 -1.777195E-02  3.407603E-04  5.263116E-13 -9.382218E-18
        19   5 -5.365441E-01 -1.198435E-02 -1.194579E-02  3.407603E-04 -2.855282E-13  3.624014E-17
        19   6 -5.365441E-01 -1.773339E-02 -1.769483E-02  3.407603E-04 -2.875388E-13  1.005033E-17
        19   7 -5.368012E-01 -1.198435E-02 -1.202291E-02  3.407603E-04  5.336653E-13  1.250787E-17
        19   8 -5.368012E-01 -1.773339E-02 -1.777195E-02  3.407603E-04  5.278235E-13 -1.923248E-18
        20   1 -5.376341E-01 -2.402093E-02 -2.430938E-02 -1.135005E-03 -2.741344E-13 -2.072113E-17
        20   2 -5.376341E-01 -3.544977E-02 -3.573821E-02 -1.135005E-03 -2.919211E-13  3.731598E-18
        20   3 -5.357111E-01 -2.402093E-02 -2.373248E-02 -1.135005E-03  5.907292E-13  7.241287E-18
        20   4 -5.357111E-01 -3.544977E-02 -3.516132E-02 -1.135005E-03  5.767738E-13  1.926722E-17
        20   5 -5.376341E-01 -2.402093E-02 -2.430938E-02 -1.135005E-03 -2.894720E-13  1.310488E-18
        20   6 -5.376341E-01 -3.544977E-02 -3.573821E-02 -1.135005E-03 -2.990488E-13  2.295717E-17
        20   7 -5.357111E-01 -2.402093E-02 -2.373248E-02 -1.135005E-03  5.863381E-13  3.087637E-17
        20   8 -5.357111E-01 -3.544977E-02 -3.516132E-02 -1.135005E-03  5.701934E-13  1.858319E-17
        21   1 -5.351242E-01 -3.535967E-02 -3.489515E-02  1.444342E-03 -3.077557E-13  4.190090E-18
        21   2 -5.351242E-01 -2.368469E-02 -2.322018E-02  1.444342E-03 -3.304621E-13  2.156088E-17
        21   3 -5.382210E-01 -3.535967E-02 -3.582419E-02  1.444342E-03  4.636924E-13  2.493370E-17
        21   4 -5.382210E-01 -2.368469E-02 -2.414921E-02  1.444342E-03  4.557634E-13  1.437761E-17
        21   5 -5.351242E-01 -3.535967E-02 -3.489515E-02  1.444342E-03 -3.055273E-13  1.568723E-17
        21   6 -5.351242E-01 -2.368469E-02 -2.322018E-02  1.444342E-03 -3.260445E-13  1.354928E-17
        21   7 -5.382210E-01 -3.535967E-02 -3.582419E-02  1.444342E-03  4.681102E-13  1.612038E-17
        21   8 -5.382210E-01 -2.368469E-02 -2.414921E-02  1.444342E-03  4.645598E-13  1.154770E-18
        22   1 -5.375042E-01 -1.772883E-02 -1.797829E-02 -5.964022E-04 -1.463340E-13  3.363648E-18
        22   2 -5.375042E-01 -1.313209E-02 -1.338155E-02 -5.964022E-04 -1.487901E-13 -1.320542E-17
        22   3 -5.358411E-01 -1.772883E-02 -1.747937E-02 -5.964022E-04  3.190526E-13  2.511621E-17
        22   4 -5.358411E-01 -1.313209E-02 -1.288263E-02 -5.964022E-04  3.280901E-13 -1.483661E-17
        22   5 -5.375042E-01 -1.772883E-02 -1.797829E-02 -5.964022E-04 -1.428871E-13  1.764266E-17
        22   6 -5.375042E-01 -1.313209E-02 -1.338155E-02 -5.964022E-04 -1.431540E-13  4.280514E-18
        22   7 -5.358411E-01 -1.772883E-02 -1.747937E-02 -5.964022E-04  3.290674E-13  1.106747E-17
        22   8 -5.358411E-01 -1.313209E-02 -1.288263E-02 -5.964022E-04  3.184015E-13 -4.432620E-18
        23   1 -5.354971E-01 -1.180464E-02 -1.145197E-02  6.882901E-04 -5.257291E-14 -4.244410E-18
        23   2 -5.354971E-01 -1.277472E-02 -1.242205E-02  6.882901E-04 -3.804442E-14 -1.466689E-17
        23   3 -5.378482E-01 -1.180464E-02 -1.215731E-02  6.882901E-04  1.793481E-13  1.268243E-17
        23   4 -5.378482E-01 -1.277472E-02 -1.312739E-02  6.882901E-04  1.873089E-13 -1.350738E-17
        23   5 -5.354971E-01 -1.180464E-02 -1.145197E-02  6.882901E-04 -5.403769E-14  1.190393E-17
        23   6 -5.354971E-01 -1.277472E-02 -1.242205E-02  6.882901E-04 -4.990815E-14  1.350738E-17
        23   7 -5.378482E-01 -1.180464E-02 -1.215731E-02  6.882901E-04  1.778833E-13  3.096871E-17
        23   8 -5.378482E-01 -1.277472E-02 -1.312739E-02  6.882901E-04  1.836548E-13 -1.125568E-17
        24   1 -5.386298E-01 -3.088529E-02 -3.147244E-02 -2.428782E-03 -1.078251E-13 -7.888111E-17
        24   2 -5.386298E-01 -7.939421E-02 -7.998135E-02 -2.428782E-03 -1.078861E-13  1.055165E-16
        24   3 -5.347155E-01 -3.088529E-02 -3.029815E-02 -2.428782E-03  3.011488E-13 -1.668637E-17
        24   4 -5.347155E-01 -7.939421E-02 -7.880707E-02 -2.428782E-03  2.928784E-13  6.121495E-17
        24   5 -5.386298E-01 -3.088529E-02 -3.147244E-02 -2.428782E-03 -1.199087E-13 -6.027960E-17
        24   6 -5.386298E-01 -7.939421E-02 -7.998135E-02 -2.428782E-03 -9.971851E-14  9.846272E-17
        24   7 -5.347155E-01 -3.088529E-02 -3.029815E-02 -2.428782E-03  2.978220E-13 -1.839533E-17
        24   8 -5.347155E-01 -7.939421E-02 -7.880707E-02 -2.428782E-03  3.048763E-13  4.841541E-17
        25   1 -5.387004E-01 -7.939310E-02 -8.000141E-02  2.419004E-03 -1.546911E-13  2.069458E-17
        25   2 -5.387004E-01 -3.088113E-02 -3.148945E-02  2.419004E-03 -1.571886E-13 -1.190906E-17
        25   3 -5.346449E-01 -7.939310E-02 -7.878478E-02  2.419004E-03  3.559882E-13  6.551241E-17
        25   4 -5.346449E-01 -3.088113E-02 -3.027282E-02  2.419004E-03  3.704570E-13 -5.087190E-17
        25   5 -5.387004E-01 -7.939310E-02 -8.000141E-02  2.419004E-03 -1.578459E-13  2.901791E-18
        25   6 -5.387004E-01 -3.088113E-02 -3.148945E-02  2.419004E-03 -1.636279E-13 -1.774273E-17
        25   7 -5.346449E-01 -7.939310E-02 -7.878478E-02  2.419004E-03  3.528337E-13  5.974555E-17
        25   8 -5.346449E-01 -3.088113E-02 -3.027282E-02  2.419004E-03  3.716810E-13 -5.089304E-17
        26   1 -5.354692E-01 -1.277219E-02 -1.241115E-02 -6.806914E-04 -2.745918E-13  9.575963E-18
        26   2 -5.354692E-01 -1.180961E-02 -1.144857E-02 -6.806914E-04 -2.737591E-13  3.696618E-18
        26   3 -5.378761E-01 -1.277219E-02 -1.313323E-02 -6.806914E-04  3.483160E-13  2.327773E-17
        26   4 -5.378761E-01 -1.180961E-02 -1.217064E-02 -6.806914E-04  3.683046E-13  3.768994E-18
        26   5 -5.354692E-01 -1.277219E-02 -1.241115E-02 -6.806914E-04 -2.711077E-13  4.515538E-18
        26   6 -5.354692E-01 -1.180961E-02 -1.144857E-02 -6.806914E-04 -2.850525E-13  5.068931E-19
        26   7 -5.378761E-01 -1.277219E-02 -1.313323E-02 -6.806914E-04  3.474215E-13  2.035525E-17
        26   8 -5.378761E-01 -1.180961E-02 -1.217064E-02 -6.806914E-04  3.586532E-13 -9.041477E-18
        27   1 -5.375366E-01 -1.313400E-02 -1.339319E-02  5.860486E-04 -3.402142E-13 -1.873452E-17
        27   2 -5.375366E-01 -1.771491E-02 -1.797410E-02  5.860486E-04 -3.040796E-13  1.012772E-17
        27   3 -5.358087E-01 -1.313400E-02 -1.287481E-02  5.860486E-04  4.230360E-13  4.125714E-17
        27   4 -5.358087E-01 -1.771491E-02 -1.745572E-02  5.860486E-04  4.203115E-13  1.145955E-17
        27   5 -5.375366E-01 -1.313400E-02 -1.339319E-02  5.860486E-04 -3.115208E-13 -9.187984E-18
        27   6 -5.375366E-01 -1.771491E-02 -1.797410E-02  5.860486E-04 -3.022044E-13  4.639855E-17
        27   7 -5.358087E-01 -1.313400E-02 -1.287481E-02  5.860486E-04  4.254584E-13  4.438985E-17
        27   8 -5.358087E-01 -1.771491E-02 -1.745572E-02  5.860486E-04  4.336801E-13 -2.110428E-18
        28   1 -5.349603E-01 -2.368217E-02 -2.316847E-02 -1.389683E-03 -2.928723E-13  3.132846E-18
        28   2 -5.349603E-01 -3.540412E-02 -3.489042E-02 -1.389683E-03 -2.841709E-13  1.996915E-17
        28   3 -5.383850E-01 -2.368217E-02 -2.419587E-02 -1.389683E-03  4.239313E-13  2.602431E-17
        28   4 -5.383850E-01 -3.540412E-02 -3.591782E-02 -1.389683E-03  4.293490E-13  1.800703E-17
        28   5 -5.349603E-01 -2.368217E-02 -2.316847E-02 -1.389683E-03 -2.747450E-13  8.182786E-18
        28   6 -5.349603E-01 -3.540412E-02 -3.489042E-02 -1.389683E-03 -2.846520E-13 -1.170718E-18
        28   7 -5.383850E-01 -2.368217E-02 -2.419587E-02 -1.389683E-03  4.245448E-13  1.717762E-17
        28   8 -5.383850E-01 -3.540412E-02 -3.591782E-02 -1.389683E-03  4.299625E-13 -2.598360E-18
        29   1 -5.379588E-01 -3.548710E-02 -3.587294E-02  1.020156E-03 -2.108832E-13  1.753200E-17
        29   2 -5.379588E-01 -2.399185E-02 -2.437769E-02  1.020156E-03 -2.102145E-13  7.911254E-18
        29   3 -5.353865E-01 -3.548710E-02 -3.510126E-02  1.020156E-03  3.128859E-13  1.866900E-17
        29   4 -5.353865E-01 -2.399185E-02 -2.360601E-02  1.020156E-03  3.272374E-13  8.380143E-18
        29   5 -5.379588E-01 -3.548710E-02 -3.587294E-02  1.020156E-03 -2.015607E-13  2.515885E-17
        29   6 -5.379588E-01 -2.399185E-02 -2.437769E-02  1.020156E-03 -2.003447E-13  9.658757E-18
        29   7 -5.353865E-01 -3.548710E-02 -3.510126E-02  1.020156E-03  2.981267E-13  2.041650E-17
        29   8 -5.353865E-01 -2.399185E-02 -2.360601E-02  1.020156E-03  3.124783E-13  6.405209E-19
        30   1 -5.363855E-01 -1.770339E-02 -1.761726E-02 -2.804664E-04 -6.164065E-14 -8.850814E-18
        30   2 -5.363855E-01 -1.201823E-02 -1.193211E-02 -2.804664E-04 -4.373195E-14  1.105879E-17
        30   3 -5.369597E-01 -1.770339E-02 -1.778952E-02 -2.804664E-04  8.486734E-14  1.893374E-17
        30   4 -5.369597E-01 -1.201823E-02 -1.210436E-02 -2.804664E-04  1.066074E-13 -3.648295E-18
        30   5 -5.363855E-01 -1.770339E-02 -1.761726E-02 -2.804664E-04 -6.373013E-14 -7.612143E-19
        30   6 -5.363855E-01 -1.201823E-02 -1.193211E-02 -2.804664E-04 -4.144277E-14  1.687682E-17
        30   7 -5.369597E-01 -1.770339E-02 -1.778952E-02 -2.804664E-04  8.715642E-14  1.152324E-17
        30   8 -5.369597E-01 -1.201823E-02 -1.210436E-02 -2.804664E-04  9.138243E-14  1.366119E-17
        31   1 -5.367338E-01 -1.200207E-02 -1.202043E-02  2.645612E-04  2.253508E-13  5.388491E-18
        31   2 -5.367338E-01 -1.764307E-02 -1.766143E-02  2.645612E-04  1.712807E-13  4.052277E-18
        31   3 -5.366114E-01 -1.200207E-02 -1.198371E-02  2.645612E-04 -1.345103E-13  3.944466E-17
        31   4 -5.366114E-01 -1.764307E-02 -1.762470E-02  2.645612E-04 -1.475318E-13  3.142737E-17
        31   5 -5.367338E-01 -1.200207E-02 -1.202043E-02  2.645612E-04  1.909836E-13  2.843505E-17
        31   6 -5.367338E-01 -1.764307E-02 -1.766143E-02  2.645612E-04  1.845299E-13  1.079702E-17
        31   7 -5.366114E-01 -1.200207E-02 -1.198371E-02  2.645612E-04 -1.623099E-13  4.645664E-17
        31   8 -5.366114E-01 -1.764307E-02 -1.762470E-02  2.645612E-04 -1.731422E-13  3.095655E-17
        32   1 -5.366114E-01 -2.399402E-02 -2.397566E-02 -7.618352E-04  2.378332E-13  2.695608E-17
        32   2 -5.366114E-01 -3.570417E-02 -3.568580E-02 -7.618352E-04  2.091667E-13  1.546463E-17
        32   3 -5.367339E-01 -2.399402E-02 -2.401239E-02 -7.618352E-04 -3.267578E-13  3.509421E-17
        32   4 -5.367339E-01 -3.570417E-02 -3.572253E-02 -7.618352E-04 -3.297005E-13  3.068471E-17
        32   5 -5.366114E-01 -2.399402E-02 -2.397566E-02 -7.618352E-04  2.576823E-13  2.369924E-17
        32   6 -5.366114E-01 -3.570417E-02 -3.568580E-02 -7.618352E-04  2.410568E-13  1.982422E-17
        32   7 -5.367339E-01 -2.399402E-02 -2.401239E-02 -7.618352E-04 -3.375582E-13  3.076840E-17
        32   8 -5.367339E-01 -3.570417E-02 -3.572253E-02 -7.618352E-04 -3.273653E-13  2.221663E-17
        33   1 -5.372003E-01 -3.562269E-02 -3.578098E-02  6.893748E-04  1.079008E-13  4.564219E-17
        33   2 -5.372003E-01 -2.368995E-02 -2.384824E-02  6.893748E-04  9.557708E-14 -4.161263E-17
        33   3 -5.361450E-01 -3.562269E-02 -3.546440E-02  6.893748E-04 -1.720373E-13  5.607602E-20
        33   4 -5.361450E-01 -2.368995E-02 -2.353166E-02  6.893748E-04 -1.870977E-13 -3.562086E-17
        33   5 -5.372003E-01 -3.562269E-02 -3.578098E-02  6.893748E-04  1.075869E-13  4.778042E-17
        33   6 -5.372003E-01 -2.368995E-02 -2.384824E-02  6.893748E-04  1.029255E-13 -5.951764E-17
        33   7 -5.361450E-01 -3.562269E-02 -3.546440E-02  6.893748E-04 -1.811081E-13 -2.616076E-18
        33   8 -5.361450E-01 -2.368995E-02 -2.353166E-02  6.893748E-04 -1.852222E-13 -3.949561E-17
        34   1 -5.364915E-01 -1.757349E-02 -1.751916E-02 -2.038579E-04 -1.699897E-13  1.247300E-17
        34   2 -5.364915E-01 -1.279576E-02 -1.274143E-02 -2.038579E-04 -2.044264E-13  6.192787E-18
        34   3 -5.368537E-01 -1.757349E-02 -1.762782E-02 -2.038579E-04  8.158675E-14  1.336609E-17
        34   4 -5.368537E-01 -1.279576E-02 -1.285009E-02 -2.038579E-04  3.565644E-14 -4.004707E-18
        34   5 -5.364915E-01 -1.757349E-02 -1.751916E-02 -2.038579E-04 -1.712189E-13  1.763410E-17
        34   6 -5.364915E-01 -1.279576E-02 -1.274143E-02 -2.038579E-04 -2.083923E-13  1.950480E-17
        34   7 -5.368537E-01 -1.757349E-02 -1.762782E-02 -2.038579E-04  5.627567E-14  2.440653E-17
        34   8 -5.368537E-01 -1.279576E-02 -1.285009E-02 -2.038579E-04  3.442717E-14  1.745822E-17
        35   1 -5.367030E-01 -1.196708E-02 -1.197620E-02  1.943279E-04 -1.655010E-13  1.744066E-17
        35   2 -5.367030E-01 -1.448083E-02 -1.448994E-02  1.943279E-04 -1.469694E-13  2.706140E-17
        35   3 -5.366422E-01 -1.196708E-02 -1.195796E-02  1.943279E-04  5.273212E-14  2.332413E-17
        35   4 -5.366422E-01 -1.448083E-02 -1.447171E-02  1.943279E-04  3.404642E-14  4.884362E-18
        35   5 -5.367030E-01 -1.196708E-02 -1.197620E-02  1.943279E-04 -1.577146E-13  1.943475E-17
        35   6 -5.367030E-01 -1.448083E-02 -1.448994E-02  1.943279E-04 -1.900833E-13  2.745204E-17
        35   7 -5.366422E-01 -1.196708E-02 -1.195796E-02  1.943279E-04  6.927540E-14  3.173205E-17
        35   8 -5.366422E-01 -1.448083E-02 -1.447171E-02  1.943279E-04  4.183268E-14  1.800839E-18
        36   1 -5.344815E-01 -2.786858E-02 -2.721125E-02 -3.074599E-04 -1.283247E-14 -8.404242E-17
        36   2 -5.344815E-01 -6.193086E-02 -6.127352E-02 -3.074599E-04 -1.898474E-14  3.169556E-16
        36   3 -5.388637E-01 -2.786858E-02 -2.852591E-02 -3.074599E-04  2.171069E-14  6.738553E-17
        36   4 -5.388637E-01 -6.193086E-02 -6.258819E-02 -3.074599E-04  4.620818E-14  1.789595E-16
        36   5 -5.344815E-01 -2.786858E-02 -2.721125E-02 -3.074599E-04 -2.008779E-14 -9.892020E-17
        36   6 -5.344815E-01 -6.193086E-02 -6.127352E-02 -3.074599E-04 -5.441869E-15  3.099615E-16
        36   7 -5.388637E-01 -2.786858E-02 -2.852591E-02 -3.074599E-04  3.634845E-14  6.052504E-17
        36   8 -5.388637E-01 -6.193086E-02 -6.258819E-02 -3.074599E-04  4.552103E-14  1.749050E-16
        37   1 -5.361645E-01 -7.517296E-02 -7.508670E-02 -4.568743E-03  4.389743E-11  5.418527E-16
        37   2 -5.361645E-01 -3.061449E-02 -3.052824E-02 -4.568743E-03  4.389437E-11 -2.201238E-16
        37   3 -5.367396E-01 -7.517296E-02 -7.525922E-02 -4.568743E-03 -5.903903E-11  8.075323E-17
        37   4 -5.367396E-01 -3.061449E-02 -3.070075E-02 -4.568743E-03 -5.903590E-11  2.616099E-16
        37   5 -5.361645E-01 -7.517296E-02 -7.508670E-02 -4.568742E-03  4.389742E-11  5.306987E-16
        37   6 -5.361645E-01 -3.061449E-02 -3.052824E-02 -4.568742E-03  4.389417E-11 -2.234610E-16
        37   7 -5.367396E-01 -7.517296E-02 -7.525922E-02 -4.568742E-03 -5.903917E-11  7.280613E-17
        37   8 -5.367396E-01 -3.061449E-02 -3.070075E-02 -4.568742E-03 -5.903598E-11  2.363588E-16
        38   1 -5.394590E-01 -1.366430E-02 -1.450140E-02  1.321441E-03 -1.022856E-12 -9.811200E-17
        38   2 -5.394590E-01 -1.166036E-02 -1.249746E-02  1.321441E-03 -1.019056E-12 -3.597801E-17
        38   3 -5.338783E-01 -1.366430E-02 -1.282719E-02  1.321441E-03  1.470512E-12 -9.283107E-18
        38   4 -5.338783E-01 -1.166036E-02 -1.082325E-02  1.321441E-03  1.468402E-12 -5.832219E-17
        38   5 -5.394590E-01 -1.366430E-02 -1.450140E-02  1.321441E-03 -1.022253E-12 -8.104502E-17
        38   6 -5.394590E-01 -1.166036E-02 -1.249746E-02  1.321441E-03 -1.018480E-12  1.088656E-17
        38   7 -5.338783E-01 -1.366430E-02 -1.282719E-02  1.321441E-03  1.471319E-12 -2.214733E-17
        38   8 -5.338783E-01 -1.166036E-02 -1.082325E-02  1.321441E-03  1.470543E-12 -4.619920E-17
        39   1 -5.345330E-01 -1.281858E-02 -1.217671E-02 -1.097641E-03 -9.482894E-13 -7.186615E-18
        39   2 -5.345330E-01 -1.798227E-02 -1.734040E-02 -1.097641E-03 -9.502875E-13  2.595151E-17
        39   3 -5.388121E-01 -1.281858E-02 -1.346046E-02 -1.097641E-03  1.411867E-12 -1.667429E-17
        39   4 -5.388121E-01 -1.798227E-02 -1.862415E-02 -1.097641E-03  1.411101E-12 -5.395468E-17
        39   5 -5.345330E-01 -1.281858E-02 -1.217671E-02 -1.097641E-03 -9.481529E-13  4.381112E-18
        39   6 -5.345330E-01 -1.798227E-02 -1.734040E-02 -1.097641E-03 -9.517243E-13  4.019167E-17
        39   7 -5.388121E-01 -1.281858E-02 -1.346046E-02 -1.097641E-03  1.411730E-12 -1.258936E-17
        39   8 -5.388121E-01 -1.798227E-02 -1.862415E-02 -1.097641E-03  1.412332E-12 -8.313477E-18
        40   1 -5.408837E-01 -2.393751E-02 -2.520084E-02  2.404804E-03 -8.147535E-13 -1.136430E-17
        40   2 -5.408837E-01 -3.504374E-02 -3.630707E-02  2.404804E-03 -8.163692E-13 -4.329984E-17
        40   3 -5.324615E-01 -2.393751E-02 -2.267419E-02  2.404804E-03  1.248655E-12 -2.403175E-17
        40   4 -5.324615E-01 -3.504374E-02 -3.378042E-02  2.404804E-03  1.251281E-12  1.819264E-17
        40   5 -5.408837E-01 -2.393751E-02 -2.520084E-02  2.404804E-03 -8.145339E-13 -2.995133E-17
        40   6 -5.408837E-01 -3.504374E-02 -3.630707E-02  2.404804E-03 -8.145759E-13 -4.010656E-17
        40   7 -5.324615E-01 -2.393751E-02 -2.267419E-02  2.404804E-03  1.248054E-12 -3.406700E-17
        40   8 -5.324615E-01 -3.504374E-02 -3.378042E-02  2.404804E-03  1.251227E-12 -6.880859E-17
        41   1 -5.344071E-01 -3.507292E-02 -3.439326E-02 -1.606798E-03 -7.755083E-13  1.191260E-17
        41   2 -5.344071E-01 -2.404643E-02 -2.336676E-02 -1.606798E-03 -7.787929E-13  2.794718E-17
        41   3 -5.389382E-01 -3.507292E-02 -3.575259E-02 -1.606798E-03  1.234337E-12  1.865820E-17
        41   4 -5.389382E-01 -2.404643E-02 -2.472609E-02 -1.606798E-03  1.236458E-12  3.255484E-17
        41   5 -5.344071E-01 -3.507292E-02 -3.439326E-02 -1.606798E-03 -7.779253E-13 -2.079615E-17
        41   6 -5.344071E-01 -2.404643E-02 -2.336676E-02 -1.606798E-03 -7.768314E-13  2.142824E-17
        41   7 -5.389382E-01 -3.507292E-02 -3.575259E-02 -1.606798E-03  1.233288E-12  1.160478E-17
        41   8 -5.389382E-01 -2.404643E-02 -2.472609E-02 -1.606798E-03  1.234861E-12  7.895001E-17
        42   1 -5.370434E-01 -1.785400E-02 -1.796523E-02  4.365305E-04 -7.245857E-13  1.010013E-17
        42   2 -5.370434E-01 -1.196247E-02 -1.207370E-02  4.365305E-04 -7.196627E-13  4.216929E-17
        42   3 -5.363019E-01 -1.785400E-02 -1.774277E-02  4.365305E-04  1.183774E-12 -3.024304E-17
        42   4 -5.363019E-01 -1.196247E-02 -1.185124E-02  4.365305E-04  1.186781E-12 -5.309232E-17
        42   5 -5.370434E-01 -1.785400E-02 -1.796523E-02  4.365305E-04 -7.235476E-13  1.848435E-17
        42   6 -5.370434E-01 -1.196247E-02 -1.207370E-02  4.365305E-04 -7.191717E-13  4.734659E-17
        42   7 -5.363019E-01 -1.785400E-02 -1.774277E-02  4.365305E-04  1.184812E-12 -1.330705E-17
        42   8 -5.363019E-01 -1.196247E-02 -1.185124E-02  4.365305E-04  1.186725E-12  7.537903E-18
        43   1 -5.366055E-01 -1.194044E-02 -1.192031E-02 -4.165361E-04 -6.935154E-13  4.068788E-17
        43   2 -5.366055E-01 -1.777176E-02 -1.775164E-02 -4.165361E-04 -6.846378E-13 -1.650212E-17
        43   3 -5.367397E-01 -1.194044E-02 -1.196056E-02 -4.165361E-04  1.127265E-12 -4.086560E-17
        43   4 -5.367397E-01 -1.777176E-02 -1.779189E-02 -4.165361E-04  1.130122E-12  5.053149E-17
        43   5 -5.366055E-01 -1.194044E-02 -1.192031E-02 -4.165361E-04 -6.924015E-13  3.231383E-17
        43   6 -5.366055E-01 -1.777176E-02 -1.775164E-02 -4.165361E-04 -6.861236E-13  2.910691E-17
        43   7 -5.367397E-01 -1.194044E-02 -1.196056E-02 -4.165361E-04  1.130021E-12  3.414015E-17
        43   8 -5.367397E-01 -1.777176E-02 -1.779189E-02 -4.165361E-04  1.131236E-12 -2.144638E-17
        44   1 -5.361055E-01 -2.405788E-02 -2.388775E-02  1.281505E-03 -7.309818E-13 -4.556204E-17
        44   2 -5.361055E-01 -3.540054E-02 -3.523041E-02  1.281505E-03 -7.320722E-13 -2.899297E-17
        44   3 -5.372397E-01 -2.405788E-02 -2.422801E-02  1.281505E-03  1.135481E-12  1.177975E-17
        44   4 -5.372397E-01 -3.540054E-02 -3.557066E-02  1.281505E-03  1.138358E-12  5.467225E-17
        44   5 -5.361055E-01 -2.405788E-02 -2.388775E-02  1.281505E-03 -7.302033E-13 -4.171097E-17
        44   6 -5.361055E-01 -3.540054E-02 -3.523041E-02  1.281505E-03 -7.260940E-13 -1.124527E-17
        44   7 -5.372397E-01 -2.405788E-02 -2.422801E-02  1.281505E-03  1.140638E-12  5.304484E-17
        44   8 -5.372397E-01 -3.540054E-02 -3.557066E-02  1.281505E-03  1.138590E-12  5.197587E-17
        45   1 -5.380369E-01 -3.530185E-02 -3.571112E-02 -1.519565E-03 -7.768929E-13 -2.953818E-17
        45   2 -5.380369E-01 -2.368957E-02 -2.409883E-02 -1.519565E-03 -7.728439E-13 -4.818208E-18
        45   3 -5.353084E-01 -3.530185E-02 -3.489258E-02 -1.519565E-03  1.161766E-12  8.271828E-17
        45   4 -5.353084E-01 -2.368957E-02 -2.328030E-02 -1.519565E-03  1.166499E-12  3.614362E-18
        45   5 -5.380369E-01 -3.530185E-02 -3.571112E-02 -1.519565E-03 -7.690373E-13  4.823077E-17
        45   6 -5.380369E-01 -2.368957E-02 -2.409883E-02 -1.519565E-03 -7.690933E-13  6.052395E-17
        45   7 -5.353084E-01 -3.530185E-02 -3.489258E-02 -1.519565E-03  1.171811E-12  6.000388E-17
        45   8 -5.353084E-01 -2.368957E-02 -2.328030E-02 -1.519565E-03  1.175997E-12  4.717622E-17
        46   1 -5.358717E-01 -1.774804E-02 -1.750775E-02  6.130396E-04 -7.601957E-13 -5.848378E-17
        46   2 -5.358717E-01 -1.312776E-02 -1.288748E-02  6.130396E-04 -7.577267E-13 -2.628100E-17
        46   3 -5.374736E-01 -1.774804E-02 -1.798832E-02  6.130396E-04  1.161712E-12  5.966169E-18
        46   4 -5.374736E-01 -1.312776E-02 -1.336805E-02  6.130396E-04  1.162949E-12 -4.534448E-17
        46   5 -5.358717E-01 -1.774804E-02 -1.750775E-02  6.130396E-04 -7.619835E-13 -1.825935E-17
        46   6 -5.358717E-01 -1.312776E-02 -1.288748E-02  6.130396E-04 -7.599250E-13 -4.897198E-18
        46   7 -5.374736E-01 -1.774804E-02 -1.798832E-02  6.130396E-04  1.164850E-12  1.293785E-18
        46   8 -5.374736E-01 -1.312776E-02 -1.336805E-02  6.130396E-04  1.158425E-12  1.358696E-17
        47   1 -5.378254E-01 -1.179735E-02 -1.214317E-02 -7.024887E-04 -7.544038E-13 -5.708860E-18
        47   2 -5.378254E-01 -1.278287E-02 -1.312869E-02 -7.024887E-04 -7.559015E-13  4.439920E-17
        47   3 -5.355199E-01 -1.179735E-02 -1.145153E-02 -7.024887E-04  1.181465E-12  3.077168E-18
        47   4 -5.355199E-01 -1.278287E-02 -1.243705E-02 -7.024887E-04  1.187356E-12  9.090134E-18
        47   5 -5.378254E-01 -1.179735E-02 -1.214317E-02 -7.024887E-04 -7.563534E-13 -1.216343E-17
        47   6 -5.378254E-01 -1.278287E-02 -1.312869E-02 -7.024887E-04 -7.583983E-13  3.112993E-17
        47   7 -5.355199E-01 -1.179735E-02 -1.145153E-02 -7.024887E-04  1.180610E-12 -3.377401E-18
        47   8 -5.355199E-01 -1.278287E-02 -1.243705E-02 -7.024887E-04  1.181027E-12 -2.308429E-18
        48   1 -5.347482E-01 -3.089265E-02 -3.031532E-02  2.463182E-03 -7.140784E-13  2.883527E-17
        48   2 -5.347482E-01 -7.938398E-02 -7.880664E-02  2.463182E-03 -7.178778E-13  1.378704E-16
        48   3 -5.385971E-01 -3.089265E-02 -3.146999E-02  2.463182E-03  1.096916E-12  8.375424E-17
        48   4 -5.385971E-01 -7.938398E-02 -7.996131E-02  2.463182E-03  1.099685E-12  1.337287E-16
        48   5 -5.347482E-01 -3.089265E-02 -3.031532E-02  2.463182E-03 -7.133420E-13  7.124668E-17
        48   6 -5.347482E-01 -7.938398E-02 -7.880664E-02  2.463182E-03 -7.267190E-13  1.401954E-16
        48   7 -5.385971E-01 -3.089265E-02 -3.146999E-02  2.463182E-03  1.100937E-12  4.064790E-17
        48   8 -5.385971E-01 -7.938398E-02 -7.996131E-02  2.463182E-03  1.097137E-12  1.234932E-16
        49   1 -5.346597E-01 -7.938258E-02 -7.877868E-02 -2.450919E-03 -6.384910E-13 -1.147276E-16
        49   2 -5.346597E-01 -3.088743E-02 -3.028354E-02 -2.450919E-03 -6.393096E-13  1.687504E-16
        49   3 -5.386856E-01 -7.938258E-02 -7.998647E-02 -2.450919E-03  1.006623E-12 -6.122326E-17
        49   4 -5.386856E-01 -3.088743E-02 -3.149132E-02 -2.450919E-03  9.984157E-13  1.283856E-16
        49   5 -5.346597E-01 -7.938258E-02 -7.877868E-02 -2.450919E-03 -6.422680E-13 -1.213037E-16
        49   6 -5.346597E-01 -3.088743E-02 -3.028354E-02 -2.450919E-03 -6.450025E-13  8.260270E-17
        49   7 -5.386856E-01 -7.938258E-02 -7.998647E-02 -2.450919E-03  1.000657E-12 -4.321300E-17
        49   8 -5.386856E-01 -3.088743E-02 -3.149132E-02 -2.450919E-03  9.990174E-13  4.845133E-17
        50   1 -5.378604E-01 -1.277969E-02 -1.313601E-02  6.929590E-04 -6.628856E-13 -9.239946E-19
        50   2 -5.378604E-01 -1.180358E-02 -1.215990E-02  6.929590E-04 -6.785159E-13 -1.121285E-17
        50   3 -5.354849E-01 -1.277969E-02 -1.242338E-02  6.929590E-04  1.087175E-12 -1.635922E-17
        50   4 -5.354849E-01 -1.180358E-02 -1.144726E-02  6.929590E-04  1.073734E-12 -3.960936E-17
        50   5 -5.378604E-01 -1.277969E-02 -1.313601E-02  6.929590E-04 -6.700416E-13  7.034230E-17
        50   6 -5.378604E-01 -1.180358E-02 -1.215990E-02  6.929590E-04 -6.717154E-13  4.041109E-17
        50   7 -5.354849E-01 -1.277969E-02 -1.242338E-02  6.929590E-04  1.097533E-12 -2.817407E-18
        50   8 -5.354849E-01 -1.180358E-02 -1.144726E-02  6.929590E-04  1.080808E-12 -2.900722E-17
        51   1 -5.358310E-01 -1.313016E-02 -1.287768E-02 -6.000550E-04 -6.696188E-13 -6.018036E-17
        51   2 -5.358310E-01 -1.773057E-02 -1.747808E-02 -6.000550E-04 -6.459448E-13  2.627274E-17
        51   3 -5.375143E-01 -1.313016E-02 -1.338265E-02 -6.000550E-04  1.031913E-12 -2.514573E-17
        51   4 -5.375143E-01 -1.773057E-02 -1.798305E-02 -6.000550E-04  1.023296E-12  1.453985E-17
        51   5 -5.358310E-01 -1.313016E-02 -1.287768E-02 -6.000550E-04 -6.662144E-13 -9.595856E-18
        51   6 -5.358310E-01 -1.773057E-02 -1.747808E-02 -6.000550E-04 -6.491082E-13  2.568022E-17
        51   7 -5.375143E-01 -1.313016E-02 -1.338265E-02 -6.000550E-04  1.030939E-12 -8.768323E-18
        51   8 -5.375143E-01 -1.773057E-02 -1.798305E-02 -6.000550E-04  1.034362E-12 -4.832028E-17
        52   1 -5.382425E-01 -2.368642E-02 -2.415737E-02  1.451016E-03 -5.716243E-13  1.508776E-17
        52   2 -5.382425E-01 -3.535771E-02 -3.582867E-02  1.451016E-03 -5.695945E-13  4.060947E-17
        52   3 -5.351028E-01 -2.368642E-02 -2.321547E-02  1.451016E-03  8.760663E-13 -5.571901E-17
        52   4 -5.351028E-01 -3.535771E-02 -3.488676E-02  1.451016E-03  8.753597E-13 -2.712401E-17
        52   5 -5.382425E-01 -2.368642E-02 -2.415737E-02  1.451016E-03 -5.733717E-13  4.289134E-17
        52   6 -5.382425E-01 -3.535771E-02 -3.582867E-02  1.451016E-03 -5.759939E-13  5.090863E-17
        52   7 -5.351028E-01 -2.368642E-02 -2.321547E-02  1.451016E-03  8.644671E-13 -6.535987E-18
        52   8 -5.351028E-01 -3.535771E-02 -3.488676E-02  1.451016E-03  8.812744E-13 -1.882916E-17
        53   1 -5.356983E-01 -3.544732E-02 -3.515503E-02 -1.137459E-03 -5.017686E-13  3.129193E-17
        53   2 -5.356983E-01 -2.402085E-02 -2.372856E-02 -1.137459E-03 -5.083164E-13 -1.400575E-17
        53   3 -5.376469E-01 -3.544732E-02 -3.573962E-02 -1.137459E-03  8.004373E-13 -2.818138E-17
        53   4 -5.376469E-01 -2.402085E-02 -2.431314E-02 -1.137459E-03  8.059304E-13  1.417663E-17
        53   5 -5.356983E-01 -3.544732E-02 -3.515503E-02 -1.137459E-03 -5.016312E-13 -7.629176E-18
        53   6 -5.356983E-01 -2.402085E-02 -2.372856E-02 -1.137459E-03 -4.887494E-13 -3.328450E-17
        53   7 -5.376469E-01 -3.544732E-02 -3.573962E-02 -1.137459E-03  8.005745E-13 -2.648156E-17
        53   8 -5.376469E-01 -2.402085E-02 -2.431314E-02 -1.137459E-03  8.060676E-13  1.413937E-17
        54   1 -5.368045E-01 -1.773401E-02 -1.777356E-02  3.409111E-04 -2.994628E-13 -2.597645E-17
        54   2 -5.368045E-01 -1.198452E-02 -1.202407E-02  3.409111E-04 -3.064407E-13  2.618549E-18
        54   3 -5.365408E-01 -1.773401E-02 -1.769446E-02  3.409111E-04  6.755550E-13 -3.358695E-17
        54   4 -5.365408E-01 -1.198452E-02 -1.194497E-02  3.409111E-04  6.718608E-13 -6.645784E-17
        54   5 -5.368045E-01 -1.773401E-02 -1.777356E-02  3.409111E-04 -3.065127E-13 -5.513771E-17
        54   6 -5.368045E-01 -1.198452E-02 -1.202407E-02  3.409111E-04 -3.096596E-13  1.113854E-17
        54   7 -5.365408E-01 -1.773401E-02 -1.769446E-02  3.409111E-04  6.761675E-13 -3.067906E-17
        54   8 -5.365408E-01 -1.198452E-02 -1.194497E-02  3.409111E-04  6.702840E-13 -7.557588E-17
        55   1 -5.368012E-01 -1.198435E-02 -1.202291E-02 -3.407603E-04 -2.668122E-13 -1.312098E-17
        55   2 -5.368012E-01 -1.773339E-02 -1.777195E-02 -3.407603E-04 -2.770509E-13  2.709909E-17
        55   3 -5.365441E-01 -1.198435E-02 -1.194579E-02 -3.407603E-04  5.685120E-13 -5.154689E-17
        55   4 -5.365441E-01 -1.773339E-02 -1.769483E-02 -3.407603E-04  5.533476E-13  4.746663E-17
        55   5 -5.368012E-01 -1.198435E-02 -1.202291E-02 -3.407603E-04 -2.608946E-13 -2.862600E-17
        55   6 -5.368012E-01 -1.773339E-02 -1.777195E-02 -3.407603E-04 -2.683966E-13  2.161568E-17
        55   7 -5.365441E-01 -1.198435E-02 -1.194579E-02 -3.407603E-04  5.711457E-13 -3.925864E-17
        55   8 -5.365441E-01 -1.773339E-02 -1.769483E-02 -3.407603E-04  5.548869E-13  1.098304E-17
        56   1 -5.357111E-01 -2.402093E-02 -2.373248E-02  1.135005E-03 -3.469000E-13 -3.697244E-17
        56   2 -5.357111E-01 -3.544977E-02 -3.516132E-02  1.135005E-03 -3.381892E-13 -3.817504E-17
        56   3 -5.376341E-01 -2.402093E-02 -2.430938E-02  1.135005E-03  5.497582E-13  8.408837E-17
        56   4 -5.376341E-01 -3.544977E-02 -3.573821E-02  1.135005E-03  5.551852E-13 -2.254158E-17
        56   5 -5.357111E-01 -2.402093E-02 -2.373248E-02  1.135005E-03 -3.272494E-13  1.429381E-18
        56   6 -5.357111E-01 -3.544977E-02 -3.516132E-02  1.135005E-03 -3.459041E-13 -6.484687E-17
        56   7 -5.376341E-01 -2.402093E-02 -2.430938E-02  1.135005E-03  5.715981E-13  4.124833E-17
        56   8 -5.376341E-01 -3.544977E-02 -3.573821E-02  1.135005E-03  5.529433E-13  3.109310E-17
        57   1 -5.382210E-01 -3.535967E-02 -3.582419E-02 -1.444342E-03 -2.845348E-13 -7.199067E-17
        57   2 -5.382210E-01 -2.368469E-02 -2.414921E-02 -1.444342E-03 -2.661171E-13 -5.461987E-17
        57   3 -5.351242E-01 -3.535967E-02 -3.489515E-02 -1.444342E-03  5.463820E-13  4.900846E-17
        57   4 -5.351242E-01 -2.368469E-02 -2.322018E-02 -1.444342E-03  5.330555E-13 -6.938018E-17
        57   5 -5.382210E-01 -3.535967E-02 -3.582419E-02 -1.444342E-03 -2.801675E-13 -5.862920E-17
        57   6 -5.382210E-01 -2.368469E-02 -2.414921E-02 -1.444342E-03 -2.639391E-13 -3.885322E-17
        57   7 -5.351242E-01 -3.535967E-02 -3.489515E-02 -1.444342E-03  5.332357E-13 -2.528577E-17
        57   8 -5.351242E-01 -2.368469E-02 -2.322018E-02 -1.444342E-03  5.396126E-13 -6.804465E-17
        58   1 -5.358411E-01 -1.772883E-02 -1.747937E-02  5.964022E-04 -1.823670E-13 -1.571556E-17
        58   2 -5.358411E-01 -1.313209E-02 -1.288263E-02  5.964022E-04 -1.661116E-13 -3.669413E-17
        58   3 -5.375042E-01 -1.772883E-02 -1.797829E-02  5.964022E-04  3.071666E-13 -8.369718E-17
        58   4 -5.375042E-01 -1.313209E-02 -1.338155E-02  5.964022E-04  3.190435E-13 -1.969249E-17
        58   5 -5.358411E-01 -1.772883E-02 -1.747937E-02  5.964022E-04 -1.854644E-13  3.292101E-17
        58   6 -5.358411E-01 -1.313209E-02 -1.288263E-02  5.964022E-04 -1.664725E-13  2.650718E-17
        58   7 -5.375042E-01 -1.772883E-02 -1.797829E-02  5.964022E-04  3.106369E-13 -7.354359E-17
        58   8 -5.375042E-01 -1.313209E-02 -1.338155E-02  5.964022E-04  3.181353E-13  6.094814E-18
        59   1 -5.378482E-01 -1.180464E-02 -1.215731E-02 -6.882901E-04 -4.575851E-14 -7.884952E-17
        59   2 -5.378482E-01 -1.277472E-02 -1.312739E-02 -6.882901E-04 -2.698082E-14  7.737198E-18
        59   3 -5.354971E-01 -1.180464E-02 -1.145197E-02 -6.882901E-04  1.922013E-13  6.226813E-17
        59   4 -5.354971E-01 -1.277472E-02 -1.242205E-02 -6.882901E-04  2.005800E-13  5.906121E-17
        59   5 -5.378482E-01 -1.180464E-02 -1.215731E-02 -6.882901E-04 -4.499279E-14 -1.093029E-16
        59   6 -5.378482E-01 -1.277472E-02 -1.312739E-02 -6.882901E-04 -3.551943E-14  5.077100E-18
        59   7 -5.354971E-01 -1.180464E-02 -1.145197E-02 -6.882901E-04  1.885885E-13  5.372868E-17
        59   8 -5.354971E-01 -1.277472E-02 -1.242205E-02 -6.882901E-04  1.816425E-13  1.096981E-17
        60   1 -5.347155E-01 -3.088529E-02 -3.029815E-02  2.428782E-03 -1.073228E-13  3.377888E-17
        60   2 -5.347155E-01 -7.939421E-02 -7.880707E-02  2.428782E-03 -1.076443E-13 -7.057950E-17
        60   3 -5.386298E-01 -3.088529E-02 -3.147244E-02  2.428782E-03  2.625078E-13  2.309875E-17
        60   4 -5.386298E-01 -7.939421E-02 -7.998135E-02  2.428782E-03  2.687544E-13 -5.493619E-17
        60   5 -5.347155E-01 -3.088529E-02 -3.029815E-02  2.428782E-03 -1.019937E-13  4.371199E-17
        60   6 -5.347155E-01 -7.939421E-02 -7.880707E-02  2.428782E-03 -9.355762E-14 -9.418538E-17
        60   7 -5.386298E-01 -3.088529E-02 -3.147244E-02  2.428782E-03  2.590798E-13  1.292393E-16
        60   8 -5.386298E-01 -7.939421E-02 -7.998135E-02  2.428782E-03  2.521905E-13 -4.553757E-17
        61   1 -5.346449E-01 -7.939310E-02 -7.878478E-02 -2.419004E-03 -1.668264E-13 -8.230324E-17
        61   2 -5.346449E-01 -3.088113E-02 -3.027282E-02 -2.419004E-03 -1.675096E-13  1.036326E-17
        61   3 -5.387004E-01 -7.939310E-02 -8.000141E-02 -2.419004E-03  3.535159E-13 -7.859708E-17
        61   4 -5.387004E-01 -3.088113E-02 -3.148945E-02 -2.419004E-03  3.495485E-13  7.981119E-17
        61   5 -5.346449E-01 -7.939310E-02 -7.878478E-02 -2.419004E-03 -1.704363E-13 -7.453314E-17
        61   6 -5.346449E-01 -3.088113E-02 -3.027282E-02 -2.419004E-03 -1.525114E-13 -1.041327E-18
        61   7 -5.387004E-01 -7.939310E-02 -8.000141E-02 -2.419004E-03  3.564743E-13 -7.082698E-17
        61   8 -5.387004E-01 -3.088113E-02 -3.148945E-02 -2.419004E-03  3.459392E-13  1.338811E-16
        62   1 -5.378761E-01 -1.277219E-02 -1.313323E-02  6.806914E-04 -3.001021E-13 -8.037399E-18
        62   2 -5.378761E-01 -1.180961E-02 -1.217064E-02  6.806914E-04 -2.934057E-13  5.356210E-17
        62   3 -5.354692E-01 -1.277219E-02 -1.241115E-02  6.806914E-04  3.523859E-13  1.483011E-17
        62   4 -5.354692E-01 -1.180961E-02 -1.144857E-02  6.806914E-04  3.486832E-13  1.048910E-16
        62   5 -5.378761E-01 -1.277219E-02 -1.313323E-02  6.806914E-04 -2.847316E-13  6.320484E-17
        62   6 -5.378761E-01 -1.180961E-02 -1.217064E-02  6.806914E-04 -2.993805E-13  9.848091E-17
        62   7 -5.354692E-01 -1.277219E-02 -1.241115E-02  6.806914E-04  3.589996E-13  4.117553E-17
        62   8 -5.354692E-01 -1.180961E-02 -1.144857E-02  6.806914E-04  3.443506E-13  7.645160E-17
        63   1 -5.358087E-01 -1.313400E-02 -1.287481E-02 -5.860486E-04 -3.229783E-13  2.585677E-17
        63   2 -5.358087E-01 -1.771491E-02 -1.745572E-02 -5.860486E-04 -3.321700E-13  1.804899E-18
        63   3 -5.375366E-01 -1.313400E-02 -1.339319E-02 -5.860486E-04  4.315514E-13  4.698466E-18
        63   4 -5.375366E-01 -1.771491E-02 -1.797410E-02 -5.860486E-04  4.333060E-13  1.178759E-16
        63   5 -5.358087E-01 -1.313400E-02 -1.287481E-02 -5.860486E-04 -3.282596E-13 -8.439868E-18
        63   6 -5.358087E-01 -1.771491E-02 -1.745572E-02 -5.860486E-04 -3.297889E-13 -3.730211E-17
        63   7 -5.375366E-01 -1.313400E-02 -1.339319E-02 -5.860486E-04  4.262702E-13  1.221958E-16
        63   8 -5.375366E-01 -1.771491E-02 -1.797410E-02 -5.860486E-04  4.302141E-13  8.905771E-17
        64   1 -5.383850E-01 -2.368217E-02 -2.419587E-02  1.389683E-03 -3.250909E-13  6.811736E-18
        64   2 -5.383850E-01 -3.540412E-02 -3.591782E-02  1.389683E-03 -3.173121E-13  1.349281E-17
        64   3 -5.349603E-01 -2.368217E-02 -2.316847E-02  1.389683E-03  4.018633E-13  1.057814E-16
        64   4 -5.349603E-01 -3.540412E-02 -3.489042E-02  1.389683E-03  4.173045E-13  8.092778E-17
        64   5 -5.383850E-01 -2.368217E-02 -2.419587E-02  1.389683E-03 -3.310365E-13 -3.362578E-17
        64   6 -5.383850E-01 -3.540412E-02 -3.591782E-02  1.389683E-03 -3.254469E-13  4.683638E-20
        64   7 -5.349603E-01 -2.368217E-02 -2.316847E-02  1.389683E-03  3.959178E-13  9.757328E-18
        64   8 -5.349603E-01 -3.540412E-02 -3.489042E-02  1.389683E-03  4.157375E-13  4.236097E-17
        65   1 -5.353865E-01 -3.548710E-02 -3.510126E-02 -1.020156E-03 -2.014484E-13  5.284361E-18
        65   2 -5.353865E-01 -2.399185E-02 -2.360601E-02 -1.020156E-03 -1.943310E-13  6.982354E-17
        65   3 -5.379588E-01 -3.548710E-02 -3.587294E-02 -1.020156E-03  3.254041E-13  2.482185E-17
        65   4 -5.379588E-01 -2.399185E-02 -2.437769E-02 -1.020156E-03  2.816212E-13  6.410657E-17
        65   5 -5.353865E-01 -3.548710E-02 -3.510126E-02 -1.020156E-03 -2.208445E-13 -5.261512E-17
        65   6 -5.353865E-01 -2.399185E-02 -2.360601E-02 -1.020156E-03 -2.219370E-13  3.985095E-17
        65   7 -5.379588E-01 -3.548710E-02 -3.587294E-02 -1.020156E-03  3.125759E-13 -2.452585E-17
        65   8 -5.379588E-01 -2.399185E-02 -2.437769E-02 -1.020156E-03  2.622253E-13  4.121592E-17
        66   1 -5.369597E-01 -1.770339E-02 -1.778952E-02  2.804664E-04 -6.772320E-14 -3.837675E-17
        66   2 -5.369597E-01 -1.201823E-02 -1.210436E-02  2.804664E-04 -9.886469E-14  2.522708E-17
        66   3 -5.363855E-01 -1.770339E-02 -1.761726E-02  2.804664E-04  1.081437E-13  1.705501E-18
        66   4 -5.363855E-01 -1.201823E-02 -1.193211E-02  2.804664E-04  1.169561E-13  5.313281E-18
        66   5 -5.369597E-01 -1.770339E-02 -1.778952E-02  2.804664E-04 -5.969634E-14  1.206918E-16
        66   6 -5.369597E-01 -1.201823E-02 -1.210436E-02  2.804664E-04 -1.023314E-13  8.434673E-17
        66   7 -5.363855E-01 -1.770339E-02 -1.761726E-02  2.804664E-04  1.161705E-13  4.158367E-17
        66   8 -5.363855E-01 -1.201823E-02 -1.193211E-02  2.804664E-04  1.184153E-13  7.472179E-17
        67   1 -5.366114E-01 -1.200207E-02 -1.198371E-02 -2.645612E-04  1.868984E-13  1.948279E-17
        67   2 -5.366114E-01 -1.764307E-02 -1.762470E-02 -2.645612E-04  1.909284E-13 -6.403064E-17
        67   3 -5.367338E-01 -1.200207E-02 -1.202043E-02 -2.645612E-04 -1.640875E-13 -6.126372E-17
        67   4 -5.367338E-01 -1.764307E-02 -1.766143E-02 -2.645612E-04 -1.491112E-13  4.344430E-18
        67   5 -5.366114E-01 -1.200207E-02 -1.198371E-02 -2.645612E-04  2.014262E-13  1.583241E-17
        67   6 -5.366114E-01 -1.764307E-02 -1.762470E-02 -2.645612E-04  1.852056E-13 -5.151281E-17
        67   7 -5.367338E-01 -1.200207E-02 -1.202043E-02 -2.645612E-04 -1.539383E-13  9.913940E-18
        67   8 -5.367338E-01 -1.764307E-02 -1.766143E-02 -2.645612E-04 -1.520975E-13 -2.643110E-17
        68   1 -5.367339E-01 -2.399402E-02 -2.401239E-02  7.618352E-04  3.269212E-13 -4.994578E-17
        68   2 -5.367339E-01 -3.570417E-02 -3.572253E-02  7.618352E-04  3.072160E-13 -5.316200E-18
        68   3 -5.366114E-01 -2.399402E-02 -2.397566E-02  7.618352E-04 -2.815881E-13  4.871608E-17
        68   4 -5.366114E-01 -3.570417E-02 -3.568580E-02  7.618352E-04 -2.876104E-13  7.293418E-18
        68   5 -5.367339E-01 -2.399402E-02 -2.401239E-02  7.618352E-04  3.224774E-13 -7.704383E-17
        68   6 -5.367339E-01 -3.570417E-02 -3.572253E-02  7.618352E-04  2.972993E-13 -3.161253E-17
        68   7 -5.366114E-01 -2.399402E-02 -2.397566E-02  7.618352E-04 -2.991679E-13 -8.313192E-18
        68   8 -5.366114E-01 -3.570417E-02 -3.568580E-02  7.618352E-04 -2.942439E-13  8.790358E-18
        69   1 -5.361450E-01 -3.562269E-02 -3.546440E-02 -6.893748E-04  6.807704E-14 -3.978754E-17
        69   2 -5.361450E-01 -2.368995E-02 -2.353166E-02 -6.893748E-04  9.218229E-14 -5.301607E-17
        69   3 -5.372003E-01 -3.562269E-02 -3.578098E-02 -6.893748E-04 -2.565611E-13 -3.032927E-17
        69   4 -5.372003E-01 -2.368995E-02 -2.384824E-02 -6.893748E-04 -2.154892E-13  1.283047E-17
        69   5 -5.361450E-01 -3.562269E-02 -3.546440E-02 -6.893748E-04  7.157171E-14 -1.670549E-17
        69   6 -5.361450E-01 -2.368995E-02 -2.353166E-02 -6.893748E-04  1.099070E-13  1.302781E-16
        69   7 -5.372003E-01 -3.562269E-02 -3.578098E-02 -6.893748E-04 -2.464987E-13  7.700699E-19
        69   8 -5.372003E-01 -2.368995E-02 -2.384824E-02 -6.893748E-04 -2.076161E-13  8.787359E-18
        70   1 -5.368537E-01 -1.757349E-02 -1.762782E-02  2.038579E-04 -1.487010E-13  2.422000E-17
        70   2 -5.368537E-01 -1.279576E-02 -1.285009E-02  2.038579E-04 -1.948642E-13  7.125476E-17
        70   3 -5.364915E-01 -1.757349E-02 -1.751916E-02  2.038579E-04  7.828599E-14  2.374263E-17
        70   4 -5.364915E-01 -1.279576E-02 -1.274143E-02  2.038579E-04  5.292068E-14  1.264976E-16
        70   5 -5.368537E-01 -1.757349E-02 -1.762782E-02  2.038579E-04 -1.628136E-13  1.260241E-17
        70   6 -5.368537E-01 -1.279576E-02 -1.285009E-02  2.038579E-04 -1.536983E-13  1.109478E-16
        70   7 -5.364915E-01 -1.757349E-02 -1.751916E-02  2.038579E-04  7.949814E-14  3.297000E-17
        70   8 -5.364915E-01 -1.279576E-02 -1.274143E-02  2.038579E-04  5.632209E-14  7.305644E-17
        71   1 -5.366422E-01 -1.196708E-02 -1.195796E-02 -1.943279E-04 -2.144313E-13 -4.083397E-17
        71   2 -5.366422E-01 -1.448083E-02 -1.447171E-02 -1.943279E-04 -1.431523E-13  4.882605E-17
        71   3 -5.367030E-01 -1.196708E-02 -1.197620E-02 -1.943279E-04  3.397712E-14  1.896358E-17
        71   4 -5.367030E-01 -1.448083E-02 -1.448994E-02 -1.943279E-04  5.380870E-14 -2.259270E-17
        71   5 -5.366422E-01 -1.196708E-02 -1.195796E-02 -1.943279E-04 -2.093638E-13  5.693342E-17
        71   6 -5.366422E-01 -1.448083E-02 -1.447171E-02 -1.943279E-04 -1.457470E-13  6.067482E-17
        71   7 -5.367030E-01 -1.196708E-02 -1.197620E-02 -1.943279E-04  3.685572E-14  3.121322E-17
        71   8 -5.367030E-01 -1.448083E-02 -1.448994E-02 -1.943279E-04  7.639045E-14  5.312715E-17
        72   1 -5.388637E-01 -2.786858E-02 -2.852591E-02  3.074599E-04  1.091734E-14  8.462550E-17
        72   2 -5.388637E-01 -6.193086E-02 -6.258819E-02  3.074599E-04 -2.226562E-14 -2.380704E-16
        72   3 -5.344815E-01 -2.786858E-02 -2.721125E-02  3.074599E-04  4.418829E-14 -4.960238E-17
        72   4 -5.344815E-01 -6.193086E-02 -6.127352E-02  3.074599E-04  4.056047E-14 -9.944319E-17
        72   5 -5.388637E-01 -2.786858E-02 -2.852591E-02  3.074599E-04  7.578142E-15  7.632668E-17
        72   6 -5.388637E-01 -6.193086E-02 -6.258819E-02  3.074599E-04 -1.137440E-14 -2.128302E-16
        72   7 -5.344815E-01 -2.786858E-02 -2.721125E-02  3.074599E-04  4.303808E-14  7.840566E-18
        72   8 -5.344815E-01 -6.193086E-02 -6.127352E-02  3.074599E-04  5.473490E-14 -1.182981E-16
        73   1 -7.575758E-01  1.939005E-13  9.101053E-13 -9.159806E-14  3.848913E-13  8.472414E-13
        73   2 -7.575758E-01 -3.543776E-12 -1.623035E-12 -1.308251E-13  3.090531E-13 -8.625662E-13
        73   3 -7.575758E-01 -2.892131E-13  4.858336E-13  6.834311E-14  1.617659E-13 -6.786689E-13
        73   4 -7.575758E-01 -3.042677E-12  2.488565E-13  2.926150E-14  2.368441E-13  6.633441E-13
        73   5 -7.575758E-01  2.854939E-13 -4.800049E-13  4.228091E-13  4.191679E-13  6.436408E-13
        73   6 -7.575758E-01  3.083866E-12 -2.174372E-13  4.623661E-13  3.431416E-13 -6.677226E-13
        73   7 -7.575758E-01 -2.157163E-13 -9.275358E-13  2.628711E-13  1.273204E-13 -8.822695E-13
        73   8 -7.575758E-01  3.567702E-12  1.636968E-12  3.025650E-13  2.023302E-13  8.647555E-13
        74   1 -7.575758E-01  1.404654E-12  1.423861E-12 -2.077389E-13  4.780004E-13  1.131845E-12
        74   2 -7.575758E-01 -3.513745E-12 -1.841971E-12 -1.773935E-13  5.262281E-13 -1.123088E-12
        74   3 -7.575758E-01  7.997492E-13  4.188316E-13 -1.351632E-13  9.210582E-14 -8.800803E-13
        74   4 -7.575758E-01 -2.907841E-12 -2.836620E-14 -1.052539E-13  3.898861E-14  8.866480E-13
        74   5 -7.575758E-01 -7.944756E-13 -4.239387E-13  5.029114E-13  4.924700E-13  8.866480E-13
        74   6 -7.575758E-01  2.894240E-12  3.830269E-15  4.729156E-13  5.415379E-13 -8.757018E-13
        74   7 -7.575758E-01 -1.388167E-12 -1.420475E-12  4.314860E-13  7.792270E-14 -1.129655E-12
        74   8 -7.575758E-01  3.503864E-12  1.817824E-12  4.024906E-13  2.508770E-14  1.134034E-12
        75   1 -7.575758E-01  3.477052E-12  1.758982E-12 -7.588631E-15  1.998983E-13  1.061788E-12
        75   2 -7.575758E-01 -1.109390E-12 -1.204814E-12  3.555561E-14  2.638495E-13 -1.059599E-12
        75   3 -7.575758E-01  2.947587E-12 -1.504352E-14  6.043165E-14  2.847746E-13 -8.362952E-13
        75   4 -7.575758E-01 -5.863643E-13 -5.271894E-13  1.038495E-13  2.255119E-13  8.428629E-13
        75   5 -7.575758E-01 -2.941203E-12  2.087219E-14  1.954626E-13  2.102951E-13  8.472414E-13
        75   6 -7.575758E-01  5.874745E-13  5.236922E-13  1.563387E-13  2.765724E-13 -8.428629E-13
        75   7 -7.575758E-01 -3.468503E-12 -1.753708E-12  1.271783E-13  2.671473E-13 -1.055221E-12
        75   8 -7.575758E-01  1.116995E-12  1.212308E-12  8.942270E-14  2.081582E-13  1.057410E-12
        76   1 -7.575758E-01  2.712386E-12  1.131872E-12  6.123338E-15  2.041806E-13  8.034564E-13
        76   2 -7.575758E-01 -7.627232E-13 -9.001133E-13 -9.695308E-15  1.755075E-13 -8.056456E-13
        76   3 -7.575758E-01  2.435552E-12  2.215450E-13  1.634690E-13  1.638761E-13 -6.896151E-13
        76   4 -7.575758E-01 -4.773959E-13 -4.936607E-13  1.458032E-13  1.954075E-13  6.874259E-13
        76   5 -7.575758E-01 -2.452594E-12 -2.317035E-13  1.847058E-13  2.275633E-13  6.830474E-13
        76   6 -7.575758E-01  4.438672E-13  4.696799E-13  2.007681E-13  2.005322E-13 -6.896151E-13
        76   7 -7.575758E-01 -2.736145E-12 -1.149858E-12  3.031791E-14  1.472450E-13 -8.056456E-13
        76   8 -7.575758E-01  7.204792E-13  8.624212E-13  4.583297E-14  1.804184E-13  8.034564E-13
        77   1 -7.575758E-01  7.218115E-13  8.101297E-13 -6.857455E-15  2.167260E-13  7.202647E-13
        77   2 -7.575758E-01 -2.346179E-12 -8.724133E-13  3.449252E-14  2.749251E-13 -7.158862E-13
        77   3 -7.575758E-01  5.165868E-13  4.687917E-13  1.354270E-13  2.552518E-13 -6.414515E-13
        77   4 -7.575758E-01 -2.154610E-12 -2.935430E-13  1.780768E-13  1.960521E-13  6.436408E-13
        77   5 -7.575758E-01 -5.057066E-13 -4.440337E-13  1.559726E-13  2.287317E-13  6.370730E-13
        77   6 -7.575758E-01  2.231104E-12  3.618772E-13  1.229564E-13  2.869308E-13 -6.326945E-13
        77   7 -7.575758E-01 -6.912804E-13 -7.628342E-13  1.351287E-14  2.318445E-13 -7.202647E-13
        77   8 -7.575758E-01  2.438938E-12  9.618417E-13 -1.868242E-14  1.764760E-13  7.246432E-13
        78   1 -7.575758E-01  8.378853E-13  6.398215E-13  2.311857E-13  1.920034E-14  6.020450E-13
        78   2 -7.575758E-01 -1.714962E-12 -7.416290E-13  2.719387E-13  7.868221E-14 -5.954772E-13
        78   3 -7.575758E-01  6.827872E-13  3.601563E-13  2.715993E-13  3.559350E-13 -5.210425E-13
        78   4 -7.575758E-01 -1.565470E-12 -3.127498E-13  3.130364E-13  2.765361E-13  5.341781E-13
        78   5 -7.575758E-01 -7.082668E-13 -3.862466E-13 -1.478503E-13  2.053548E-14  5.319888E-13
        78   6 -7.575758E-01  1.539824E-12  2.861600E-13 -1.838581E-13  8.070150E-14 -5.297996E-13
        78   7 -7.575758E-01 -8.585910E-13 -6.676881E-13 -1.899314E-13  3.471962E-13 -5.932879E-13
        78   8 -7.575758E-01  1.699640E-12  7.303047E-13 -2.259392E-13  2.716284E-13  5.932879E-13
        79   1 -7.575758E-01  1.715850E-12  6.587508E-13  4.232314E-13 -2.248502E-13  4.860145E-13
        79   2 -7.575758E-01 -3.982925E-13 -5.260237E-13  4.537232E-13 -1.814532E-13 -4.903930E-13
        79   3 -7.575758E-01  1.570466E-12  2.278733E-13  4.576822E-13  3.946104E-13 -4.269046E-13
        79   4 -7.575758E-01 -2.561840E-13 -2.811640E-13  4.858480E-13  3.591943E-13  4.290939E-13
        79   5 -7.575758E-01 -1.541711E-12 -1.909028E-13 -3.819610E-13 -2.220324E-13  4.356616E-13
        79   6 -7.575758E-01  2.870482E-13  3.139711E-13 -3.993591E-13 -1.800036E-13 -4.312831E-13
        79   7 -7.575758E-01 -1.687372E-12 -6.157852E-13 -4.156422E-13  3.947815E-13 -4.947715E-13
        79   8 -7.575758E-01  4.299339E-13  5.576095E-13 -4.330402E-13  3.659331E-13  4.925822E-13
        80   1 -7.575758E-01  1.046163E-12  4.818923E-13  4.376253E-13 -6.396781E-14  3.656055E-13
        80   2 -7.575758E-01 -4.974354E-13 -5.012102E-13  4.149674E-13 -1.041152E-13 -3.677947E-13
        80   3 -7.575758E-01  8.723577E-13 -2.137179E-14  5.070935E-13  3.262240E-13 -2.889816E-13
        80   4 -7.575758E-01 -3.101963E-13 -1.676437E-13  4.811517E-13  3.523016E-13  2.889816E-13
        80   5 -7.575758E-01 -1.006029E-12 -1.066369E-13 -2.393075E-13 -5.038973E-14  2.911708E-13
        80   6 -7.575758E-01  2.637890E-13  1.178502E-13 -2.072341E-13 -1.009361E-13 -2.955493E-13
        80   7 -7.575758E-01 -1.196043E-12 -6.261658E-13 -3.064368E-13  3.018408E-13 -3.699840E-13
        80   8 -7.575758E-01  4.338196E-13  4.328204E-13 -2.743634E-13  3.421485E-13  3.612270E-13
        81   1 -7.575758E-01  5.504486E-13  1.065592E-12  2.110677E-13  5.011500E-14  9.326224E-13
        81   2 -7.575758E-01 -3.511191E-12 -1.299905E-12  1.768937E-13 -9.904559E-15 -9.501364E-13
        81   3 -7.575758E-01  2.339240E-13  6.236123E-13  4.013901E-13  3.028627E-13 -8.056456E-13
        81   4 -7.575758E-01 -3.166467E-12 -2.027822E-13  3.606484E-13  3.517586E-13  8.078349E-13
        81   5 -7.575758E-01 -1.426637E-13 -5.306866E-13 -4.517341E-14  7.377777E-14  8.012671E-13
        81   6 -7.575758E-01  3.278711E-12  3.111955E-13 -1.750094E-14  6.916782E-15 -8.078349E-13
        81   7 -7.575758E-01 -4.740652E-13 -9.905965E-13 -2.227526E-13  2.781652E-13 -9.501364E-13
        81   8 -7.575758E-01  3.605116E-12  1.391665E-12 -1.956275E-13  3.270610E-13  9.435686E-13
        82   1 -7.575758E-01  1.143086E-12  1.014466E-12  1.553711E-13  2.440767E-13  9.523257E-13
        82   2 -7.575758E-01 -2.924272E-12 -8.605339E-13  1.706691E-13  2.765778E-13 -9.545149E-13
        82   3 -7.575758E-01  1.070588E-12  6.691314E-13  2.249510E-13  3.875392E-13 -9.216761E-13
        82   4 -7.575758E-01 -2.846445E-12 -8.487655E-13  2.383163E-13  3.472496E-13  9.304331E-13
        82   5 -7.575758E-01 -1.116218E-12 -7.147616E-13 -8.102540E-15  2.514088E-13  9.282439E-13
        82   6 -7.575758E-01  2.869760E-12  8.619772E-13 -3.031257E-14  2.819964E-13 -9.194868E-13
        82   7 -7.575758E-01 -1.184941E-12 -1.058043E-12 -7.101741E-14  3.835423E-13 -9.588934E-13
        82   8 -7.575758E-01  2.954026E-12  8.821832E-13 -9.596401E-14  3.334011E-13  9.632719E-13
        83   1 -7.575758E-01  2.849221E-12  6.562528E-13  1.849826E-13 -5.438287E-14  7.837531E-13
        83   2 -7.575758E-01 -4.204970E-13 -5.475065E-13  2.173629E-13 -2.098392E-14 -7.771853E-13
        83   3 -7.575758E-01  2.939038E-12  7.773227E-13  2.426606E-13  3.900101E-13 -8.122134E-13
        83   4 -7.575758E-01 -5.166423E-13 -8.594236E-13  2.783247E-13  3.358389E-13  8.122134E-13
        83   5 -7.575758E-01 -2.962686E-12 -8.020251E-13 -3.159782E-13 -6.439700E-14  8.209704E-13
        83   6 -7.575758E-01  5.653811E-13  9.111045E-13 -3.353191E-13 -3.756581E-14 -8.144026E-13
        83   7 -7.575758E-01 -2.869760E-12 -6.762368E-13 -3.676368E-13  3.790040E-13 -7.684283E-13
        83   8 -7.575758E-01  4.723444E-13  6.002976E-13 -3.913562E-13  3.270220E-13  7.749961E-13
        84   1 -7.575758E-01  1.360412E-12 -1.295630E-13  1.686816E-13 -3.067896E-14  3.612270E-13
        84   2 -7.575758E-01 -1.595946E-13 -3.626544E-13  1.606563E-13 -6.004148E-14 -3.677947E-13
        84   3 -7.575758E-01  1.580902E-12  7.643330E-13  2.543228E-13  2.014761E-13 -4.597434E-13
        84   4 -7.575758E-01 -3.606559E-13 -4.577450E-13  2.476658E-13  2.678934E-13  4.531757E-13
        84   5 -7.575758E-01 -1.703027E-12 -8.757439E-13 -2.719015E-13 -4.931007E-14  4.509864E-13
        84   6 -7.575758E-01  2.858824E-13  3.937961E-13 -2.336789E-13 -7.155751E-14 -4.531757E-13
        84   7 -7.575758E-01 -1.495748E-12  3.053113E-15 -3.612168E-13  2.214733E-13 -3.743625E-13
        84   8 -7.575758E-01  6.761258E-14  2.816081E-13 -3.197102E-13  2.878907E-13  3.634162E-13
        85   1 -7.575758E-01  2.140510E-13  9.414691E-14  1.424207E-13 -6.502342E-14  5.692061E-14
        85   2 -7.575758E-01  2.331468E-14  2.449152E-13  1.848076E-13 -4.222439E-14 -5.473136E-14
        85   3 -7.575758E-01  3.160250E-13  1.288414E-13  1.589395E-13  1.632748E-13 -1.072735E-13
        85   4 -7.575758E-01 -9.553469E-14 -2.401412E-13  1.944850E-13  1.171123E-13  1.094627E-13
        85   5 -7.575758E-01 -2.593481E-13 -6.150636E-14 -2.340284E-13 -8.246049E-14  1.050842E-13
        85   6 -7.575758E-01  2.455813E-13  3.902434E-13 -2.491095E-13 -4.980981E-14 -1.028950E-13
        85   7 -7.575758E-01 -1.442180E-13 -1.387779E-14 -2.512891E-13  1.726903E-13 -5.910987E-14
        85   8 -7.575758E-01  1.343925E-13 -9.403589E-14 -2.674648E-13  1.287170E-13  5.910987E-14
        86   1 -7.575758E-01 -8.093526E-14 -5.395684E-13  2.285462E-13 -1.983851E-13 -4.225261E-13
        86   2 -7.575758E-01  1.806111E-12  6.888934E-13  2.042602E-13 -2.078701E-13  4.203368E-13
        86   3 -7.575758E-01  1.312839E-13 -2.244316E-13  2.014317E-13  1.376911E-13  3.393344E-13
        86   4 -7.575758E-01  1.596168E-12  1.965095E-14  1.801560E-13  1.561191E-13 -3.371452E-13
        86   5 -7.575758E-01 -1.887934E-13  1.648126E-13 -3.283326E-13 -1.728634E-13 -3.393344E-13
        86   6 -7.575758E-01 -1.585510E-12 -1.249001E-14 -3.167695E-13 -1.976732E-13  3.371452E-13
        86   7 -7.575758E-01  1.565414E-14  4.660716E-13 -3.004378E-13  1.425859E-13  4.334724E-13
        86   8 -7.575758E-01 -1.801392E-12 -6.892265E-13 -2.976317E-13  1.785279E-13 -4.269046E-13
        87   1 -7.575758E-01 -1.808220E-12 -9.422463E-13  1.292593E-13 -2.952693E-13 -6.896151E-13
        87   2 -7.575758E-01  1.225242E-12  7.878698E-13  1.042598E-13 -3.298922E-13  6.830474E-13
        87   3 -7.575758E-01 -1.608491E-12 -2.678413E-13  8.222665E-14 -2.058861E-13  5.932879E-13
        87   4 -7.575758E-01  1.023737E-12  5.295209E-13  5.996371E-14 -1.885143E-13 -6.020450E-13
        87   5 -7.575758E-01  1.581346E-12  2.410294E-13 -1.921057E-13 -2.861777E-13 -5.976664E-13
        87   6 -7.575758E-01 -8.726908E-13 -3.814726E-13 -1.755094E-13 -3.142328E-13  6.020450E-13
        87   7 -7.575758E-01  1.776523E-12  9.157120E-13 -1.473885E-13 -1.675817E-13  6.808581E-13
        87   8 -7.575758E-01 -1.076472E-12 -6.439849E-13 -1.253190E-13 -1.502098E-13 -6.742904E-13
        88   1 -7.575758E-01 -3.326450E-12 -1.192046E-12  1.398653E-13 -3.658262E-13 -9.567042E-13
        88   2 -7.575758E-01  8.469336E-13  7.884804E-13  1.565996E-13 -3.239150E-13  9.588934E-13
        88   3 -7.575758E-01 -3.258727E-12 -8.850698E-13 -5.298626E-14 -2.550893E-13  9.194868E-13
        88   4 -7.575758E-01  7.652767E-13  7.432943E-13 -3.707301E-14 -2.750245E-13 -9.216761E-13
        88   5 -7.575758E-01  2.888634E-12  5.185297E-13 -2.569883E-13 -3.825043E-13 -9.194868E-13
        88   6 -7.575758E-01 -9.628964E-13 -9.335865E-13 -2.766505E-13 -3.482555E-13  9.282439E-13
        88   7 -7.575758E-01  2.970235E-12  8.434364E-13 -5.627014E-14 -2.584694E-13  9.567042E-13
        88   8 -7.575758E-01 -1.044553E-12 -9.796053E-13 -7.264840E-14 -2.915402E-13 -9.501364E-13
        89   1 -7.575758E-01 -8.801848E-13 -6.572520E-13  2.652702E-13 -4.316583E-13 -7.990779E-13
        89   2 -7.575758E-01  2.623735E-12  1.136535E-12  2.867458E-13 -3.619079E-13  8.034564E-13
        89   3 -7.575758E-01 -7.467360E-13 -5.607736E-13  1.047416E-13 -1.449173E-13  7.487250E-13
        89   4 -7.575758E-01  2.477962E-12  5.839773E-13  1.223861E-13 -1.457703E-13 -7.443465E-13
        89   5 -7.575758E-01  9.386936E-13  7.620016E-13 -3.139629E-13 -4.313034E-13 -7.377787E-13
        89   6 -7.575758E-01 -2.180867E-12 -2.921552E-13 -3.491342E-13 -3.796144E-13  7.487250E-13
        89   7 -7.575758E-01  1.079636E-12  8.633649E-13 -1.590635E-13 -1.254920E-13  8.012671E-13
        89   8 -7.575758E-01 -2.309875E-12 -8.235079E-13 -1.800047E-13 -1.438590E-13 -7.946993E-13
        90   1 -7.575758E-01 -1.026512E-12 -9.054424E-13  2.379641E-13 -3.544262E-13 -7.421572E-13
        90   2 -7.575758E-01  2.353839E-12  1.162959E-12  2.262476E-13 -3.752968E-13  7.377787E-13
        90   3 -7.575758E-01 -7.510104E-13 -5.258571E-13  1.906108E-13 -2.005177E-14  6.283160E-13
        90   4 -7.575758E-01  2.078726E-12  2.568501E-13  1.810836E-13 -8.630879E-15 -6.305053E-13
        90   5 -7.575758E-01  5.845324E-13  3.588796E-13 -3.342801E-13 -3.616781E-13 -6.326945E-13
        90   6 -7.575758E-01 -1.910416E-12 -9.547918E-14 -3.153470E-13 -3.825487E-13  6.283160E-13
        90   7 -7.575758E-01  8.515966E-13  7.273071E-13 -2.878012E-13 -2.086419E-14  7.399680E-13
        90   8 -7.575758E-01 -2.189471E-12 -1.001366E-12 -2.677734E-13  1.244925E-14 -7.421572E-13
        91   1 -7.575758E-01 -2.373379E-12 -1.118439E-12  4.048544E-14 -1.655426E-13 -6.961829E-13
        91   2 -7.575758E-01  7.583378E-13  9.254264E-13  2.431510E-14 -1.778155E-13  6.874259E-13
        91   3 -7.575758E-01 -2.035871E-12 -1.618705E-13 -2.478144E-15 -1.553617E-13  5.538814E-13
        91   4 -7.575758E-01  4.327649E-13  3.321787E-13 -2.740550E-14 -8.772678E-14 -5.626384E-13
        91   5 -7.575758E-01  1.905531E-12  3.425038E-14 -2.248719E-13 -1.699382E-13 -5.604491E-13
        91   6 -7.575758E-01 -3.218537E-13 -2.219891E-13 -1.961625E-13 -1.827584E-13  5.604491E-13
        91   7 -7.575758E-01  2.242262E-12  9.883760E-13 -1.693746E-13 -1.593426E-13  6.896151E-13
        91   8 -7.575758E-01 -6.518674E-13 -8.198997E-13 -1.494222E-13 -6.105807E-14 -6.918044E-13
        92   1 -7.575758E-01 -1.904921E-12 -1.140865E-12  1.858595E-14 -2.484077E-13 -5.692061E-13
        92   2 -7.575758E-01  6.207257E-13  6.345480E-13  2.954184E-14 -2.043799E-13  5.779632E-13
        92   3 -7.575758E-01 -1.546985E-12  5.251355E-14 -9.043903E-14 -8.013441E-14  4.290939E-13
        92   4 -7.575758E-01  2.647327E-13  1.633138E-13 -7.838851E-14 -8.317563E-14 -4.203368E-13
        92   5 -7.575758E-01  1.365019E-12 -2.295941E-13 -2.711396E-13 -2.715862E-13 -4.203368E-13
        92   6 -7.575758E-01 -3.760880E-13 -2.752243E-13 -2.716773E-13 -2.499983E-13  4.290939E-13
        92   7 -7.575758E-01  1.726730E-12  9.697798E-13 -1.601189E-13 -8.183942E-14  5.735846E-13
        92   8 -7.575758E-01 -7.322476E-13 -7.527867E-13 -1.650351E-13 -6.079884E-14 -5.713954E-13
        93   1 -7.575758E-01 -6.500356E-13 -3.947398E-13  4.586263E-14 -2.817788E-13 -2.867923E-13
        93   2 -7.575758E-01  7.285283E-13  9.308665E-13  7.457415E-14 -2.075206E-13  2.889816E-13
        93   3 -7.575758E-01 -3.025913E-13  8.903989E-14 -6.681074E-17 -2.300214E-14  1.423015E-13
        93   4 -7.575758E-01  3.558265E-13 -2.609024E-13  2.700276E-14 -4.288181E-14 -1.466800E-13
        93   5 -7.575758E-01  3.863576E-13 -8.215650E-15 -3.309499E-13 -3.260760E-13 -1.379230E-13
        93   6 -7.575758E-01 -9.436896E-14  5.201950E-13 -3.564225E-13 -2.687844E-13  1.466800E-13
        93   7 -7.575758E-01  7.454037E-13  4.882206E-13 -2.836266E-13  1.130865E-14  2.933601E-13
        93   8 -7.575758E-01 -4.464762E-13 -6.493139E-13 -3.156669E-13 -5.454536E-14 -2.824138E-13
        94   1 -7.575758E-01 -4.556355E-13 -6.191714E-13  1.782115E-13 -2.078685E-13 -3.174419E-13
        94   2 -7.575758E-01  1.036726E-12  1.080969E-12  2.248107E-13 -2.051843E-13  3.174419E-13
        94   3 -7.575758E-01  8.654188E-14  1.274536E-13  1.703690E-13  1.767860E-13  1.007057E-13
        94   4 -7.575758E-01  4.969913E-13 -6.941114E-13  2.071165E-13  1.444422E-13 -1.007057E-13
        94   5 -7.575758E-01 -1.961764E-13 -2.386980E-13 -4.054065E-13 -2.314137E-13 -9.413794E-14
        94   6 -7.575758E-01 -4.906076E-13  6.974976E-13 -4.239377E-13 -2.002692E-13  9.632719E-14
        94   7 -7.575758E-01  3.481104E-13  5.115908E-13 -3.920727E-13  1.942851E-13  3.196311E-13
        94   8 -7.575758E-01 -1.029732E-12 -1.081080E-12 -4.062253E-13  1.575627E-13 -3.196311E-13
        95   1 -7.575758E-01 -1.039724E-12 -1.112943E-12  3.104823E-13 -3.785449E-13 -3.590377E-13
        95   2 -7.575758E-01  5.883627E-13  6.500911E-13  3.232218E-13 -3.199214E-13  3.590377E-13
        95   3 -7.575758E-01 -4.905520E-13  6.818435E-13  3.008739E-13  1.719201E-13  1.313553E-13
        95   4 -7.575758E-01  3.613776E-14 -1.322831E-13  2.917208E-13  1.856638E-13 -1.291660E-13
        95   5 -7.575758E-01  5.072054E-13 -6.660228E-13 -5.071571E-13 -4.119182E-13 -1.313553E-13
        95   6 -7.575758E-01  4.524159E-14  1.988965E-13 -5.354662E-13 -3.511054E-13  1.357338E-13
        95   7 -7.575758E-01  1.056211E-12  1.127154E-12 -4.992644E-13  1.779234E-13  3.502807E-13
        95   8 -7.575758E-01 -5.098699E-13 -5.838663E-13 -5.210057E-13  1.610176E-13 -3.524700E-13
        96   1 -7.575758E-01 -1.105338E-12 -9.356405E-13  2.192739E-13 -1.635671E-13 -3.108741E-13
        96   2 -7.575758E-01  3.022582E-13  3.723688E-13  2.149157E-13 -2.206117E-13  3.152526E-13
        96   3 -7.575758E-01 -7.351897E-13  2.711165E-13  1.765033E-13  4.851689E-14  1.641941E-13
        96   4 -7.575758E-01 -6.739054E-14 -1.418310E-13  1.759763E-13  9.765111E-14 -1.663833E-13
        96   5 -7.575758E-01  5.235257E-13 -4.895528E-13 -4.721927E-13 -1.881631E-13 -1.641941E-13
        96   6 -7.575758E-01 -1.359468E-13 -6.772360E-14 -4.480906E-13 -2.452077E-13  1.663833E-13
        96   7 -7.575758E-01  8.826828E-13  7.126522E-13 -4.179477E-13  5.778595E-14  3.174419E-13
        96   8 -7.575758E-01 -5.188072E-13 -6.004641E-13 -3.850886E-13  9.816315E-14 -3.108741E-13
        97   1 -7.575758E-01 -2.252643E-13 -4.448664E-13  2.974991E-13 -3.288345E-13 -4.028228E-13
        97   2 -7.575758E-01  1.694866E-12  8.501533E-13  3.027809E-13 -3.285063E-13  4.072013E-13
        97   3 -7.575758E-01 -3.086420E-14 -5.045964E-14  2.190911E-13  1.407007E-13  3.196311E-13
        97   4 -7.575758E-01  1.495248E-12  3.252398E-13  2.243729E-13  7.097278E-14 -3.174419E-13
        97   5 -7.575758E-01  1.937339E-13  2.136069E-13 -4.386462E-13 -3.345385E-13 -3.196311E-13
        97   6 -7.575758E-01 -9.627854E-13  1.967315E-13 -4.705817E-13 -3.462512E-13  3.218204E-13
        97   7 -7.575758E-01  3.915201E-13  6.109002E-13 -3.639176E-13  1.317385E-13  4.028228E-13
        97   8 -7.575758E-01 -1.161016E-12 -3.280709E-13 -3.827176E-13  1.189311E-13 -3.984443E-13
        98   1 -7.575758E-01 -6.442069E-13 -7.361334E-13  3.637842E-13 -4.044738E-13 -5.692061E-13
        98   2 -7.575758E-01  1.944889E-12  8.274492E-13  3.659879E-13 -3.595856E-13  5.801524E-13
        98   3 -7.575758E-01 -4.401479E-13 -4.379275E-13  3.302121E-13  9.481299E-14  4.903930E-13
        98   4 -7.575758E-01  1.732614E-12  1.522116E-13  3.455513E-13  4.665795E-14 -4.816360E-13
        98   5 -7.575758E-01  2.413070E-13  2.328138E-13 -4.584860E-13 -4.019158E-13 -4.838252E-13
        98   6 -7.575758E-01 -1.736666E-12 -1.587619E-13 -4.940470E-13 -3.274726E-13  4.991500E-13
        98   7 -7.575758E-01  4.535816E-13  5.440093E-13 -4.069082E-13  1.029639E-13  5.757739E-13
        98   8 -7.575758E-01 -1.941669E-12 -8.211209E-13 -4.490369E-13  7.670140E-14 -5.713954E-13
        99   1 -7.575758E-01 -1.959599E-12 -8.614220E-13  5.063586E-13 -5.325794E-13 -6.086127E-13
        99   2 -7.575758E-01  8.375522E-13  8.389400E-13  4.992676E-13 -5.323549E-13  6.195590E-13
        99   3 -7.575758E-01 -1.734057E-12 -1.930123E-13  4.657639E-13  1.772136E-13  5.319888E-13
        99   4 -7.575758E-01  6.174505E-13  4.656830E-13  4.614180E-13  1.358936E-13 -5.210425E-13
        99   5 -7.575758E-01  1.716183E-12  1.803557E-13 -5.769524E-13 -5.057578E-13 -5.210425E-13
        99   6 -7.575758E-01 -3.571587E-13 -2.038369E-13 -5.889693E-13 -5.011035E-13  5.232318E-13
        99   7 -7.575758E-01  1.943834E-12  8.507639E-13 -5.294233E-13  2.015252E-13  6.151805E-13
        99   8 -7.575758E-01 -5.753731E-13 -5.729306E-13 -5.545757E-13  1.732894E-13 -6.151805E-13
       100   1 -7.575758E-01 -2.210121E-12 -1.138756E-12  4.807685E-13 -2.853465E-13 -5.166640E-13
       100   2 -7.575758E-01  2.272071E-13  3.519962E-13  4.638312E-13 -3.518152E-13  5.144748E-13
       100   3 -7.575758E-01 -2.032818E-12 -4.342637E-13  3.829357E-13  1.351955E-13  4.444186E-13
       100   4 -7.575758E-01  5.895284E-14  2.499667E-13  3.725661E-13  1.245529E-13 -4.466079E-13
       100   5 -7.575758E-01  1.333988E-12 -2.546852E-13 -4.905806E-13 -3.156679E-13 -4.466079E-13
       100   6 -7.575758E-01 -3.428369E-13 -5.278000E-13 -4.878146E-13 -3.843259E-13  4.422294E-13
       100   7 -7.575758E-01  1.506739E-12  4.408141E-13 -3.955495E-13  1.111341E-13  5.144748E-13
       100   8 -7.575758E-01 -5.140333E-13 -6.319945E-13 -3.818373E-13  1.004914E-13 -5.188533E-13
       101   1 -7.575758E-01 -1.216804E-13  2.858824E-14  3.950132E-13 -3.034517E-13 -1.860866E-13
       101   2 -7.575758E-01  8.998913E-13  3.702039E-13  3.785964E-13 -3.306378E-13  1.926544E-13
       101   3 -7.575758E-01 -2.323697E-13 -1.438294E-13  3.391241E-13  6.841367E-14  2.386287E-13
       101   4 -7.575758E-01  1.016853E-12  7.272516E-13  3.314644E-13  1.156622E-13 -2.298717E-13
       101   5 -7.575758E-01  5.062617E-13  4.269918E-13 -4.083791E-13 -2.831744E-13 -2.386287E-13
       101   6 -7.575758E-01 -2.979839E-13 -1.620926E-14 -3.930516E-13 -3.213068E-13  2.386287E-13
       101   7 -7.575758E-01  3.826384E-13  2.419731E-13 -3.638489E-13  6.416450E-14  1.860866E-13
       101   8 -7.575758E-01 -1.964540E-13  3.193001E-13 -3.485214E-13  8.952051E-14 -1.860866E-13
       102   1 -7.575758E-01 -2.811085E-13 -3.021472E-13  4.331290E-13 -3.015244E-13 -1.948436E-13
       102   2 -7.575758E-01  1.090072E-12  7.577272E-14  4.385674E-13 -3.146556E-13  1.926544E-13
       102   3 -7.575758E-01 -5.567213E-13 -6.220024E-13  4.140018E-13  2.410601E-13  3.152526E-13
       102   4 -7.575758E-01  1.364575E-12  1.042499E-12  4.325694E-13  2.027439E-13 -3.152526E-13
       102   5 -7.575758E-01  1.090794E-13  1.623146E-13 -3.517465E-13 -3.193046E-13 -3.043064E-13
       102   6 -7.575758E-01 -7.177037E-13 -3.998468E-13 -3.638286E-13 -2.569151E-13  3.130634E-13
       102   7 -7.575758E-01 -1.586509E-13 -1.471046E-13 -3.362283E-13  2.014301E-13  2.036007E-13
       102   8 -7.575758E-01 -4.407030E-13  5.644929E-13 -3.439318E-13  2.287915E-13 -1.992221E-13
       103   1 -7.575758E-01 -1.059375E-12 -6.800116E-14  4.308721E-13 -2.214482E-13 -2.079792E-13
       103   2 -7.575758E-01  2.780554E-13  1.464939E-13  4.105392E-13 -2.781732E-13  1.992221E-13
       103   3 -7.575758E-01 -1.392719E-12 -1.070533E-12  4.110769E-13  8.470533E-15  3.393344E-13
       103   4 -7.575758E-01  6.319389E-13  7.467360E-13  3.710407E-13  1.093719E-13 -3.371452E-13
       103   5 -7.575758E-01  7.514545E-13  4.363732E-13 -2.179981E-13 -2.149521E-13 -3.437129E-13
       103   6 -7.575758E-01 -2.370326E-13 -3.401723E-13 -2.071341E-13 -2.738663E-13  3.437129E-13
       103   7 -7.575758E-01  4.093947E-13 -5.829781E-13 -1.900017E-13  2.916690E-14  2.014114E-13
       103   8 -7.575758E-01  1.067479E-13  2.469691E-13 -1.878948E-13  9.504015E-14 -1.970329E-13
       104   1 -7.575758E-01 -9.071632E-13  9.753309E-14  4.256619E-13 -2.791780E-13 -1.335445E-13
       104   2 -7.575758E-01 -2.225442E-13 -1.999512E-13  3.943913E-13 -2.758632E-13  1.357338E-13
       104   3 -7.575758E-01 -1.265765E-12 -1.045997E-12  3.914655E-13  7.422406E-14  2.802246E-13
       104   4 -7.575758E-01  1.331713E-13  3.241851E-13  3.782562E-13  1.793393E-13 -2.824138E-13
       104   5 -7.575758E-01  6.779577E-13  4.721779E-13 -1.824377E-13 -2.612311E-13 -2.780353E-13
       104   6 -7.575758E-01 -4.010126E-13 -5.814793E-13 -1.803222E-13 -2.414968E-13  2.780353E-13
       104   7 -7.575758E-01  3.154699E-13 -6.796230E-13 -1.214186E-13  4.191225E-14  1.335445E-13
       104   8 -7.575758E-01 -3.963496E-14 -4.796163E-14 -1.368172E-13  1.338919E-13 -1.335445E-13
       105   1 -7.575758E-01  1.415534E-13  1.830203E-13  3.479827E-13 -2.378120E-13 -1.247875E-13
       105   2 -7.575758E-01  9.019452E-13  1.419975E-13  3.209949E-13 -3.126924E-13  1.116520E-13
       105   3 -7.575758E-01 -1.372236E-13 -2.753908E-13  3.282644E-13  2.589862E-13  2.254932E-13
       105   4 -7.575758E-01  1.186551E-12  9.987566E-13  3.045605E-13  2.771491E-13 -2.320610E-13
       105   5 -7.575758E-01  3.477774E-13  5.048739E-13 -2.223951E-13 -2.154053E-13 -2.386287E-13
       105   6 -7.575758E-01 -3.842482E-13 -1.779132E-13 -2.012193E-13 -2.880965E-13  2.276825E-13
       105   7 -7.575758E-01  5.506706E-14  3.191891E-14 -1.602985E-13  2.286028E-13  1.138412E-13
       105   8 -7.575758E-01 -1.101341E-13  6.718515E-13 -1.500690E-13  2.292517E-13 -1.182197E-13
       106   1 -7.575758E-01 -2.468581E-13 -1.050826E-13  1.953180E-13 -2.006278E-13 -1.335445E-13
       106   2 -7.575758E-01  4.779510E-13 -1.630363E-13  2.321767E-13 -1.708484E-13  1.313553E-13
       106   3 -7.575758E-01 -4.893308E-13 -5.265788E-13  1.807629E-13  3.686777E-14  2.233039E-13
       106   4 -7.575758E-01  7.262524E-13  5.621614E-13  2.274732E-13 -9.976714E-15 -2.254932E-13
       106   5 -7.575758E-01  1.824096E-13  2.346456E-13 -5.313672E-14 -1.721590E-13 -2.320610E-13
       106   6 -7.575758E-01 -6.391554E-13 -4.847789E-13 -2.886625E-14 -1.456635E-13  2.298717E-13
       106   7 -7.575758E-01 -6.239453E-14 -1.918465E-13 -3.305715E-14 -3.329847E-15  1.269768E-13
       106   8 -7.575758E-01 -3.907985E-13  2.421396E-13 -1.973295E-14 -3.703881E-14 -1.269768E-13
       107   1 -7.575758E-01 -5.095369E-13  2.117750E-13  7.160321E-14  1.334611E-14 -6.567763E-14
       107   2 -7.575758E-01 -1.755818E-13  1.716960E-13  7.212059E-14  4.614752E-14  6.567763E-14
       107   3 -7.575758E-01 -6.328271E-13 -4.012901E-13  4.988544E-14  3.074470E-14  1.160305E-13
       107   4 -7.575758E-01 -5.645484E-14  1.211253E-13  6.024378E-14  1.489099E-13 -1.116520E-13
       107   5 -7.575758E-01  6.117329E-13  3.714806E-13 -4.580838E-14  1.817252E-16 -1.160305E-13
       107   6 -7.575758E-01  1.755263E-13  3.552714E-15 -1.461792E-14  3.840495E-14  1.094627E-13
       107   7 -7.575758E-01  4.878320E-13 -2.419731E-13 -5.237668E-14  3.367048E-14  6.348838E-14
       107   8 -7.575758E-01  2.897127E-13 -5.645484E-14 -1.465266E-14  1.080677E-13 -7.005614E-14
       108   1 -7.575758E-01  2.631784E-13 -3.620992E-13  3.779323E-14 -8.824363E-16  8.100241E-14
       108   2 -7.575758E-01  1.312284E-13 -1.493250E-14  3.157075E-14 -1.813511E-15 -8.319167E-14
       108   3 -7.575758E-01  4.015122E-13  2.404743E-13  6.985330E-14  9.879705E-14 -1.466800E-13
       108   4 -7.575758E-01 -2.509104E-14 -9.842127E-14  6.582007E-14  9.129821E-14  1.444908E-13
       108   5 -7.575758E-01 -7.287504E-13 -5.535017E-13  1.059859E-14 -6.116176E-14  1.466800E-13
       108   6 -7.575758E-01  1.051936E-13  2.049472E-13 -1.097032E-15 -5.005194E-14 -1.379230E-13
       108   7 -7.575758E-01 -5.961343E-13  3.491651E-14  4.021739E-15  3.728627E-14 -8.538092E-14
       108   8 -7.575758E-01 -4.940492E-14  1.194600E-13 -1.643090E-14  6.043700E-14  8.757018E-14
       109   1  1.865536E-01  1.141175E-01  1.872206E-01 -1.291713E-02  1.618226E-15 -8.644159E-11
       109   2  1.864266E-01  1.141175E-01  1.870936E-01 -1.291713E-02  1.948071E-15 -8.644181E-11
       109   3  1.865536E-01  1.096707E-01  1.858866E-01 -1.291713E-02  2.011373E-15  3.951241E-11
       109   4  1.864266E-01  1.096707E-01  1.857596E-01 -1.291713E-02  1.552383E-15  3.951262E-11
       109   5  1.865536E-01  1.141175E-01  1.872206E-01 -1.291713E-02  1.621261E-15 -8.644159E-11
       109   6  1.864266E-01  1.141175E-01  1.870936E-01 -1.291713E-02  1.953176E-15 -8.644181E-11
       109   7  1.865536E-01  1.096707E-01  1.858866E-01 -1.291713E-02  2.010399E-15  3.951240E-11
       109   8  1.864266E-01  1.096707E-01  1.857596E-01 -1.291713E-02  1.552344E-15  3.951262E-11
       110   1  2.234818E-01  2.289169E-02  2.248616E-01 -6.726470E-04  9.887621E-16  2.526863E-11
       110   2  2.234531E-01  2.289169E-02  2.248329E-01 -6.726470E-04  1.383346E-15  2.526860E-11
       110   3  2.234818E-01  1.369289E-02  2.221020E-01 -6.726470E-04  2.489535E-15  2.313528E-11
       110   4  2.234531E-01  1.369289E-02  2.220733E-01 -6.726470E-04 -1.171426E-15  2.313524E-11
       110   5  2.234818E-01  2.289169E-02  2.248616E-01 -6.726470E-04  6.179660E-16  2.526857E-11
       110   6  2.234531E-01  2.289169E-02  2.248329E-01 -6.726470E-04  1.779404E-15  2.526847E-11
       110   7  2.234818E-01  1.369289E-02  2.221020E-01 -6.726470E-04  2.736070E-15  2.313523E-11
       110   8  2.234531E-01  1.369289E-02  2.220733E-01 -6.726470E-04 -6.525704E-16  2.313514E-11
       111   1  2.158460E-01 -1.113135E-02  2.147604E-01 -1.214983E-05 -1.135628E-16  6.752604E-13
       111   2  2.158521E-01 -1.113135E-02  2.147665E-01 -1.214983E-05  4.388011E-15  6.754220E-13
       111   3  2.158460E-01 -3.893839E-03  2.169317E-01 -1.214983E-05  1.182625E-15 -6.650772E-13
       111   4  2.158521E-01 -3.893839E-03  2.169377E-01 -1.214983E-05  2.332438E-15 -6.652577E-13
       111   5  2.158460E-01 -1.113135E-02  2.147604E-01 -1.214983E-05 -4.578619E-16  6.752792E-13
       111   6  2.158521E-01 -1.113135E-02  2.147665E-01 -1.214983E-05  4.720772E-15  6.753959E-13
       111   7  2.158460E-01 -3.893839E-03  2.169317E-01 -1.214983E-05  5.641344E-16 -6.650841E-13
       111   8  2.158521E-01 -3.893839E-03  2.169377E-01 -1.214983E-05  4.442364E-15 -6.652218E-13
       112   1  2.147949E-01  1.364693E-02  2.156259E-01 -2.684364E-07  2.085712E-15  4.855112E-13
       112   2  2.147926E-01  1.364693E-02  2.156236E-01 -2.684364E-07  1.747650E-15  4.852825E-13
       112   3  2.147949E-01  8.107141E-03  2.139639E-01 -2.684364E-07  1.008324E-15 -5.887847E-13
       112   4  2.147926E-01  8.107141E-03  2.139617E-01 -2.684364E-07  4.229537E-15 -5.886456E-13
       112   5  2.147949E-01  1.364693E-02  2.156259E-01 -2.684371E-07 -4.733031E-16  4.854903E-13
       112   6  2.147926E-01  1.364693E-02  2.156236E-01 -2.684371E-07 -2.318883E-15  4.853237E-13
       112   7  2.147949E-01  8.107141E-03  2.139639E-01 -2.684371E-07 -1.549089E-15 -5.888053E-13
       112   8  2.147926E-01  8.107141E-03  2.139617E-01 -2.684371E-07  1.122272E-15 -5.886064E-13
       113   1  1.855537E-01 -1.398035E-02  1.850970E-01  6.416220E-09 -2.280498E-16  5.365683E-13
       113   2  1.855542E-01 -1.398035E-02  1.850976E-01  6.416220E-09  2.491548E-15  5.368411E-13
       113   3  1.855537E-01 -1.093616E-02  1.860103E-01  6.416220E-09 -2.410108E-15 -5.361805E-13
       113   4  1.855542E-01 -1.093616E-02  1.860108E-01  6.416220E-09  4.960453E-15 -5.363951E-13
       113   5  1.855537E-01 -1.398035E-02  1.850970E-01  6.415550E-09 -2.385834E-15  5.365800E-13
       113   6  1.855542E-01 -1.398035E-02  1.850976E-01  6.415549E-09  3.068595E-15  5.368442E-13
       113   7  1.855537E-01 -1.093616E-02  1.860103E-01  6.415549E-09 -2.925952E-15 -5.361947E-13
       113   8  1.855542E-01 -1.093616E-02  1.860108E-01  6.415549E-09  1.158055E-15 -5.364693E-13
       114   1  2.127118E-01  7.132669E-03  2.129479E-01 -4.582761E-09 -1.087556E-15  5.227986E-13
       114   2  2.127117E-01  7.132669E-03  2.129478E-01 -4.582761E-09 -5.679725E-15  5.228349E-13
       114   3  2.127118E-01  5.558672E-03  2.124757E-01 -4.582761E-09  6.377360E-16 -5.580229E-13
       114   4  2.127117E-01  5.558672E-03  2.124756E-01 -4.582761E-09  1.795566E-15 -5.579716E-13
       114   5  2.127118E-01  7.132669E-03  2.129479E-01 -4.583436E-09  4.067878E-15  5.227824E-13
       114   6  2.127117E-01  7.132669E-03  2.129478E-01 -4.583436E-09 -3.942997E-15  5.228379E-13
       114   7  2.127118E-01  5.558672E-03  2.124757E-01 -4.583436E-09  3.243100E-16 -5.580393E-13
       114   8  2.127117E-01  5.558672E-03  2.124756E-01 -4.583436E-09  2.027717E-15 -5.579453E-13
       115   1  2.190611E-01 -2.968936E-03  2.189652E-01  5.559279E-10  1.413732E-15  4.828969E-13
       115   2  2.190611E-01 -2.968936E-03  2.189652E-01  5.559278E-10  6.540120E-15  4.829585E-13
       115   3  2.190611E-01 -2.329556E-03  2.191570E-01  5.559278E-10 -4.314337E-15 -5.154706E-13
       115   4  2.190611E-01 -2.329556E-03  2.191570E-01  5.559278E-10  7.927128E-15 -5.155351E-13
       115   5  2.190611E-01 -2.968936E-03  2.189652E-01  5.553039E-10 -1.739785E-15  4.828973E-13
       115   6  2.190611E-01 -2.968936E-03  2.189652E-01  5.553038E-10  7.764444E-15  4.829247E-13
       115   7  2.190611E-01 -2.329556E-03  2.191570E-01  5.553038E-10 -4.184507E-15 -5.154702E-13
       115   8  2.190611E-01 -2.329556E-03  2.191570E-01  5.553037E-10  9.150383E-15 -5.155432E-13
       116   1  2.123564E-01  5.153897E-03  2.123206E-01 -1.557926E-10  4.260883E-15  5.132769E-13
       116   2  2.123564E-01  5.153897E-03  2.123206E-01 -1.557926E-10 -2.064759E-15  5.133560E-13
       116   3  2.123564E-01  5.392824E-03  2.123922E-01 -1.557922E-10 -1.300914E-15 -4.855832E-13
       116   4  2.123564E-01  5.392824E-03  2.123922E-01 -1.557926E-10 -4.067814E-15 -4.856409E-13
       116   5  2.123564E-01  5.153897E-03  2.123206E-01 -1.564169E-10 -1.342119E-15  5.132466E-13
       116   6  2.123564E-01  5.153897E-03  2.123206E-01 -1.564170E-10 -4.935468E-15  5.133470E-13
       116   7  2.123564E-01  5.392824E-03  2.123922E-01 -1.564164E-10  5.140725E-15 -4.856177E-13
       116   8  2.123564E-01  5.392824E-03  2.123922E-01 -1.564164E-10 -2.009093E-15 -4.856498E-13
       117   1  1.867222E-01 -8.240358E-03  1.868598E-01  5.494796E-11  1.320507E-14  5.470823E-13
       117   2  1.867222E-01 -8.240358E-03  1.868598E-01  5.494792E-11 -2.100874E-15  5.471045E-13
       117   3  1.867222E-01 -9.157400E-03  1.865847E-01  5.494724E-11  4.975711E-15 -5.143159E-13
       117   4  1.867222E-01 -9.157400E-03  1.865847E-01  5.494722E-11 -1.717071E-14 -5.142755E-13
       117   5  1.867222E-01 -8.240358E-03  1.868598E-01  5.428498E-11  8.450041E-15  5.470744E-13
       117   6  1.867222E-01 -8.240358E-03  1.868598E-01  5.428487E-11  3.813910E-15  5.472493E-13
       117   7  1.867222E-01 -9.157400E-03  1.865847E-01  5.428444E-11  6.788449E-15 -5.143027E-13
       117   8  1.867222E-01 -9.157400E-03  1.865847E-01  5.428441E-11 -6.605234E-15 -5.143008E-13
       118   1  2.134018E-01  5.691014E-03  2.131222E-01 -1.304091E-11  3.961028E-15  5.395864E-13
       118   2  2.134018E-01  5.691014E-03  2.131222E-01 -1.304079E-11 -1.645195E-15  5.395494E-13
       118   3  2.134018E-01  7.554832E-03  2.136813E-01 -1.304108E-11  3.057241E-15 -5.529962E-13
       118   4  2.134018E-01  7.554832E-03  2.136813E-01 -1.304094E-11 -5.563483E-15 -5.529841E-13
       118   5  2.134018E-01  5.691014E-03  2.131222E-01 -1.372340E-11  2.802863E-15  5.395598E-13
       118   6  2.134018E-01  5.691014E-03  2.131222E-01 -1.372359E-11  7.044009E-15  5.394938E-13
       118   7  2.134018E-01  7.554832E-03  2.136813E-01 -1.372377E-11  1.174805E-14 -5.530060E-13
       118   8  2.134018E-01  7.554832E-03  2.136813E-01 -1.372369E-11 -1.570918E-16 -5.530452E-13
       119   1  2.168150E-01 -2.626659E-03  2.172527E-01  1.000865E-12  3.054666E-15  5.280478E-13
       119   2  2.168150E-01 -2.626659E-03  2.172527E-01  1.000525E-12 -4.288369E-15  5.281212E-13
       119   3  2.168150E-01 -5.544234E-03  2.163774E-01  1.001073E-12  1.690133E-14 -5.131635E-13
       119   4  2.168150E-01 -5.544234E-03  2.163774E-01  1.000957E-12 -1.068950E-14 -5.131992E-13
       119   5  2.168150E-01 -2.626659E-03  2.172527E-01  3.499541E-13 -8.595416E-15  5.280483E-13
       119   6  2.168150E-01 -2.626659E-03  2.172527E-01  3.501118E-13  1.574782E-15  5.281666E-13
       119   7  2.168150E-01 -5.544234E-03  2.163774E-01  3.504031E-13  1.072598E-14 -5.131628E-13
       119   8  2.168150E-01 -5.544234E-03  2.163774E-01  3.502283E-13 -7.017345E-15 -5.131385E-13
       120   1  2.210723E-01  7.849223E-03  2.204777E-01 -8.631959E-13 -7.799673E-16  5.347770E-13
       120   2  2.210723E-01  7.849223E-03  2.204777E-01 -8.633241E-13  1.149597E-14  5.347913E-13
       120   3  2.210723E-01  1.181311E-02  2.216669E-01 -8.639965E-13 -1.166989E-16 -5.881104E-13
       120   4  2.210723E-01  1.181311E-02  2.216669E-01 -8.641205E-13  9.970120E-15 -5.882457E-13
       120   5  2.210723E-01  7.849223E-03  2.204777E-01 -1.565736E-12 -6.497030E-15  5.347614E-13
       120   6  2.210723E-01  7.849223E-03  2.204777E-01 -1.565292E-12 -7.908073E-15  5.348635E-13
       120   7  2.210723E-01  1.181311E-02  2.216669E-01 -1.565948E-12 -5.834296E-15 -5.881260E-13
       120   8  2.210723E-01  1.181311E-02  2.216669E-01 -1.566094E-12 -1.329347E-16 -5.882870E-13
       121   1  1.306894E-01 -5.107521E-03  1.306832E-01  2.091258E-13 -1.099735E-14  4.360109E-13
       121   2  1.306894E-01 -5.107521E-03  1.306832E-01  2.081349E-13 -4.217064E-15  4.360320E-13
       121   3  1.306894E-01 -5.066489E-03  1.306955E-01  2.089562E-13 -1.729120E-14 -4.645264E-13
       121   4  1.306894E-01 -5.066489E-03  1.306955E-01  2.079409E-13  1.083471E-14 -4.644957E-13
       121   5  1.306894E-01 -5.107521E-03  1.306832E-01 -3.545452E-13 -6.412979E-15  4.360210E-13
       121   6  1.306894E-01 -5.107521E-03  1.306832E-01 -3.550162E-13  6.931798E-15  4.360421E-13
       121   7  1.306894E-01 -5.066489E-03  1.306955E-01 -3.545063E-13 -1.051758E-14 -4.645271E-13
       121   8  1.306894E-01 -5.066489E-03  1.306955E-01 -3.549763E-13  1.979472E-14 -4.644643E-13
       122   1  2.210499E-01  1.179462E-02  2.216593E-01 -4.041013E-13  9.381106E-15  4.912330E-13
       122   2  2.210499E-01  1.179462E-02  2.216593E-01 -4.041622E-13 -1.386647E-15  4.909895E-13
       122   3  2.210499E-01  7.732358E-03  2.204406E-01 -4.047288E-13  6.325590E-15 -4.422941E-13
       122   4  2.210499E-01  7.732358E-03  2.204406E-01 -4.047673E-13 -1.593682E-14 -4.421077E-13
       122   5  2.210499E-01  1.179462E-02  2.216593E-01 -9.876498E-13  5.909327E-15  4.912584E-13
       122   6  2.210499E-01  1.179462E-02  2.216593E-01 -9.877492E-13 -1.197511E-14  4.910449E-13
       122   7  2.210499E-01  7.732358E-03  2.204406E-01 -9.877631E-13 -5.903741E-15 -4.422257E-13
       122   8  2.210499E-01  7.732358E-03  2.204406E-01 -9.878219E-13 -8.465532E-15 -4.420137E-13
       123   1  2.168353E-01 -5.529555E-03  2.163811E-01 -6.473651E-13 -3.651360E-15  5.024179E-13
       123   2  2.168353E-01 -5.529555E-03  2.163811E-01 -6.474613E-13 -1.024117E-14  5.026165E-13
       123   3  2.168353E-01 -2.501499E-03  2.172895E-01 -6.479103E-13 -6.187796E-15 -5.289215E-13
       123   4  2.168353E-01 -2.501499E-03  2.172895E-01 -6.479830E-13  7.475135E-15 -5.288683E-13
       123   5  2.168353E-01 -5.529555E-03  2.163811E-01 -1.292749E-12 -3.017656E-15  5.024509E-13
       123   6  2.168353E-01 -5.529555E-03  2.163811E-01 -1.292873E-12 -1.234711E-14  5.026709E-13
       123   7  2.168353E-01 -2.501499E-03  2.172895E-01 -1.292629E-12 -5.554091E-15 -5.288887E-13
       123   8  2.168353E-01 -2.501499E-03  2.172895E-01 -1.292754E-12  1.535331E-15 -5.288826E-13
       124   1  2.133180E-01  7.367787E-03  2.136174E-01 -4.085621E-13 -1.203550E-14  3.771552E-13
       124   2  2.133180E-01  7.367787E-03  2.136174E-01 -4.084354E-13 -2.503954E-14  3.771605E-13
       124   3  2.133180E-01  5.371639E-03  2.130186E-01 -4.094269E-13 -1.584291E-14 -4.907256E-13
       124   4  2.133180E-01  5.371639E-03  2.130186E-01 -4.092906E-13 -1.844706E-14 -4.909106E-13
       124   5  2.133180E-01  7.367787E-03  2.136174E-01 -9.502267E-13 -1.697132E-14  3.771590E-13
       124   6  2.133180E-01  7.367787E-03  2.136174E-01 -9.506736E-13 -1.849033E-14  3.771921E-13
       124   7  2.133180E-01  5.371639E-03  2.130186E-01 -9.520835E-13 -1.420936E-14 -4.907174E-13
       124   8  2.133180E-01  5.371639E-03  2.130186E-01 -9.519798E-13 -8.064380E-15 -4.909152E-13
       125   1  1.869277E-01 -8.640583E-03  1.867471E-01 -1.240157E-13 -8.081284E-15  3.318820E-13
       125   2  1.869277E-01 -8.640583E-03  1.867471E-01 -1.230373E-13 -9.405340E-15  3.318386E-13
       125   3  1.869277E-01 -7.436717E-03  1.871083E-01 -1.241127E-13 -1.668576E-14 -4.148152E-13
       125   4  1.869277E-01 -7.436717E-03  1.871083E-01 -1.236790E-13  6.068780E-15 -4.148640E-13
       125   5  1.869277E-01 -8.640583E-03  1.867471E-01 -5.906802E-13 -8.200443E-15  3.318431E-13
       125   6  1.869277E-01 -8.640583E-03  1.867471E-01 -5.901067E-13 -2.959809E-15  3.318297E-13
       125   7  1.869277E-01 -7.436717E-03  1.871083E-01 -5.911187E-13 -1.680705E-14 -4.148542E-13
       125   8  1.869277E-01 -7.436717E-03  1.871083E-01 -5.899979E-13 -4.996517E-15 -4.148985E-13
       126   1  2.121317E-01  4.982247E-03  2.122491E-01 -3.808064E-13 -6.700511E-15  2.752683E-13
       126   2  2.121317E-01  4.982247E-03  2.122491E-01 -3.808343E-13 -4.372691E-15  2.753681E-13
       126   3  2.121317E-01  4.200071E-03  2.120144E-01 -3.806215E-13  3.624473E-15 -4.307190E-13
       126   4  2.121317E-01  4.200071E-03  2.120144E-01 -3.800855E-13 -1.046738E-14 -4.305775E-13
       126   5  2.121317E-01  4.982247E-03  2.122491E-01 -8.220125E-13 -6.634163E-15  2.753672E-13
       126   6  2.121317E-01  4.982247E-03  2.122491E-01 -8.225765E-13 -7.594100E-15  2.753880E-13
       126   7  2.121317E-01  4.200071E-03  2.120144E-01 -8.212118E-13 -5.064059E-15 -4.306287E-13
       126   8  2.121317E-01  4.200071E-03  2.120144E-01 -8.217705E-13 -8.211646E-15 -4.305554E-13
       127   1  2.192152E-01 -2.119379E-03  2.192145E-01 -8.498295E-13  6.751362E-15  1.511572E-13
       127   2  2.192152E-01 -2.119379E-03  2.192145E-01 -8.497519E-13 -1.500128E-14  1.511879E-13
       127   3  2.192152E-01 -2.114557E-03  2.192159E-01 -8.489214E-13  1.733456E-14 -2.246444E-13
       127   4  2.192152E-01 -2.114557E-03  2.192159E-01 -8.488608E-13 -1.536797E-14 -2.246158E-13
       127   5  2.192152E-01 -2.119379E-03  2.192145E-01 -1.084743E-12 -3.179765E-15  1.511417E-13
       127   6  2.192152E-01 -2.119379E-03  2.192145E-01 -1.084673E-12 -2.111123E-14  1.511703E-13
       127   7  2.192152E-01 -2.114557E-03  2.192159E-01 -1.083172E-12  1.177927E-14 -2.246641E-13
       127   8  2.192152E-01 -2.114557E-03  2.192159E-01 -1.083167E-12 -1.654902E-14 -2.245713E-13
       128   1  2.121290E-01  4.197019E-03  2.120132E-01 -4.643018E-13 -1.765414E-15  2.829898E-13
       128   2  2.121290E-01  4.197019E-03  2.120132E-01 -4.648401E-13 -8.109896E-15  2.830014E-13
       128   3  2.121290E-01  4.969126E-03  2.122449E-01 -4.641970E-13 -3.360495E-14 -2.621328E-13
       128   4  2.121290E-01  4.969126E-03  2.122449E-01 -4.643305E-13 -4.049822E-14 -2.621426E-13
       128   5  2.121290E-01  4.197019E-03  2.120132E-01 -8.054751E-13  9.839035E-15  2.830063E-13
       128   6  2.121290E-01  4.197019E-03  2.120132E-01 -8.054961E-13 -6.911754E-15  2.830406E-13
       128   7  2.121290E-01  4.969126E-03  2.122449E-01 -8.055932E-13 -1.324990E-14 -2.621163E-13
       128   8  2.121290E-01  4.969126E-03  2.122449E-01 -8.057350E-13 -9.200099E-15 -2.621687E-13
       129   1  1.869366E-01 -7.416391E-03  1.871147E-01 -1.764405E-13 -1.860340E-14  1.900852E-13
       129   2  1.869366E-01 -7.416391E-03  1.871147E-01 -1.764065E-13  2.641648E-14  1.901874E-13
       129   3  1.869366E-01 -8.604219E-03  1.867584E-01 -1.767802E-13 -3.176081E-14 -2.439479E-13
       129   4  1.869366E-01 -8.604219E-03  1.867584E-01 -1.768772E-13 -1.191855E-14 -2.440616E-13
       129   5  1.869366E-01 -7.416391E-03  1.871147E-01 -4.473519E-13 -1.869948E-14  1.901036E-13
       129   6  1.869366E-01 -7.416391E-03  1.871147E-01 -4.473380E-13  3.178913E-14  1.901684E-13
       129   7  1.869366E-01 -8.604219E-03  1.867584E-01 -4.481133E-13 -2.528965E-14 -2.439167E-13
       129   8  1.869366E-01 -8.604219E-03  1.867584E-01 -4.480951E-13 -2.953080E-14 -2.440730E-13
       130   1  2.133073E-01  5.353417E-03  2.130121E-01 -4.339433E-13 -1.560108E-14  1.593874E-13
       130   2  2.133073E-01  5.353417E-03  2.130121E-01 -4.340036E-13 -2.688261E-14  1.595010E-13
       130   3  2.133073E-01  7.321869E-03  2.136026E-01 -4.343585E-13 -4.712900E-15 -2.997769E-13
       130   4  2.133073E-01  7.321869E-03  2.136026E-01 -4.344131E-13  3.710999E-15 -2.996301E-13
       130   5  2.133073E-01  5.353417E-03  2.130121E-01 -7.215731E-13 -1.277281E-14  1.594720E-13
       130   6  2.133073E-01  5.353417E-03  2.130121E-01 -7.210573E-13  1.119016E-15  1.595867E-13
       130   7  2.133073E-01  7.321869E-03  2.136026E-01 -7.214368E-13  6.875060E-15 -2.997222E-13
       130   8  2.133073E-01  7.321869E-03  2.136026E-01 -7.214700E-13 -1.316496E-14 -2.997679E-13
       131   1  2.168431E-01 -2.491920E-03  2.172925E-01 -8.070053E-13 -4.201792E-14 -2.152014E-14
       131   2  2.168431E-01 -2.491920E-03  2.172925E-01 -8.069380E-13 -1.687369E-14 -2.147356E-14
       131   3  2.168431E-01 -5.487446E-03  2.163938E-01 -8.071465E-13  1.322423E-15 -9.545095E-14
       131   4  2.168431E-01 -5.487446E-03  2.163938E-01 -8.067841E-13 -1.995800E-15 -9.549303E-14
       131   5  2.168431E-01 -2.491920E-03  2.172925E-01 -8.533763E-13 -2.780032E-14 -2.150795E-14
       131   6  2.168431E-01 -2.491920E-03  2.172925E-01 -8.533656E-13 -1.470381E-14 -2.152658E-14
       131   7  2.168431E-01 -5.487446E-03  2.163938E-01 -8.528322E-13  6.780862E-15 -9.546430E-14
       131   8  2.168431E-01 -5.487446E-03  2.163938E-01 -8.527777E-13 -9.675960E-15 -9.553638E-14
       132   1  2.210214E-01  7.669143E-03  2.204181E-01 -5.179137E-13  1.985316E-14  1.213968E-13
       132   2  2.210214E-01  7.669143E-03  2.204181E-01 -5.177287E-13 -2.290728E-15  1.211894E-13
       132   3  2.210214E-01  1.169134E-02  2.216248E-01 -5.181606E-13  1.387622E-14 -5.937377E-14
       132   4  2.210214E-01  1.169134E-02  2.216248E-01 -5.182108E-13  1.800178E-14 -5.922709E-14
       132   5  2.210214E-01  7.669143E-03  2.204181E-01 -6.307287E-13 -1.293883E-15  1.213581E-13
       132   6  2.210214E-01  7.669143E-03  2.204181E-01 -6.308302E-13 -1.548298E-15  1.212439E-13
       132   7  2.210214E-01  1.169134E-02  2.216248E-01 -6.295400E-13  1.899862E-14 -5.938689E-14
       132   8  2.210214E-01  1.169134E-02  2.216248E-01 -6.296490E-13  1.228036E-15 -5.917187E-14
       133   1  1.307021E-01 -5.034715E-03  1.306972E-01 -2.094046E-14  3.565235E-15  1.359969E-13
       133   2  1.307021E-01 -5.034715E-03  1.306972E-01 -2.006876E-14  1.955919E-14  1.361072E-13
       133   3  1.307021E-01 -5.001997E-03  1.307070E-01 -2.108854E-14  2.170638E-14 -1.166916E-13
       133   4  1.307021E-01 -5.001997E-03  1.307070E-01 -2.021581E-14  1.690309E-14 -1.167323E-13
       133   5  1.307021E-01 -5.034715E-03  1.306972E-01 -1.810404E-13 -1.377301E-14  1.359339E-13
       133   6  1.307021E-01 -5.034715E-03  1.306972E-01 -1.801459E-13  6.596253E-15  1.359509E-13
       133   7  1.307021E-01 -5.001997E-03  1.307070E-01 -1.798186E-13 -1.314590E-14 -1.167502E-13
       133   8  1.307021E-01 -5.001997E-03  1.307070E-01 -1.789236E-13  3.940283E-15 -1.167225E-13
       134   1  2.210036E-01  1.167659E-02  2.216187E-01 -3.795363E-13  2.566394E-14  1.910260E-13
       134   2  2.210036E-01  1.167659E-02  2.216187E-01 -3.795053E-13  2.428231E-15  1.910822E-13
       134   3  2.210036E-01  7.575959E-03  2.203885E-01 -3.781798E-13  2.032981E-14 -1.295111E-13
       134   4  2.210036E-01  7.575959E-03  2.203885E-01 -3.792220E-13  2.227013E-14 -1.295084E-13
       134   5  2.210036E-01  1.167659E-02  2.216187E-01 -5.801941E-13  1.534445E-14  1.909621E-13
       134   6  2.210036E-01  1.167659E-02  2.216187E-01 -5.801663E-13  3.369870E-14  1.909981E-13
       134   7  2.210036E-01  7.575959E-03  2.203885E-01 -5.779428E-13  1.001033E-14 -1.295749E-13
       134   8  2.210036E-01  7.575959E-03  2.203885E-01 -5.779044E-13  1.632314E-14 -1.295165E-13
       135   1  2.168593E-01 -5.475741E-03  2.163968E-01 -5.909105E-13  2.218963E-14  2.285068E-13
       135   2  2.168593E-01 -5.475741E-03  2.163968E-01 -5.910837E-13  3.808150E-14  2.283633E-13
       135   3  2.168593E-01 -2.392121E-03  2.173219E-01 -5.892429E-13 -1.301769E-15 -1.724115E-13
       135   4  2.168593E-01 -2.392121E-03  2.173219E-01 -5.894151E-13  1.787345E-14 -1.725656E-13
       135   5  2.168593E-01 -5.475741E-03  2.163968E-01 -8.392509E-13  2.091633E-14  2.284477E-13
       135   6  2.168593E-01 -5.475741E-03  2.163968E-01 -8.405818E-13  1.819687E-14  2.283460E-13
       135   7  2.168593E-01 -2.392121E-03  2.173219E-01 -8.396240E-13 -2.009070E-14 -1.724578E-13
       135   8  2.168593E-01 -2.392121E-03  2.173219E-01 -8.398281E-13 -2.280643E-14 -1.724922E-13
       136   1  2.132405E-01  7.172728E-03  2.135516E-01 -3.632831E-13  2.195585E-15  1.986354E-13
       136   2  2.132405E-01  7.172728E-03  2.135516E-01 -3.632960E-13  1.782529E-14  1.986260E-13
       136   3  2.132405E-01  5.098761E-03  2.129294E-01 -3.631816E-13  1.795820E-14 -2.331258E-13
       136   4  2.132405E-01  5.098761E-03  2.129294E-01 -3.631741E-13 -3.627817E-15 -2.331342E-13
       136   5  2.132405E-01  7.172728E-03  2.135516E-01 -6.331868E-13  3.426048E-15  1.986180E-13
       136   6  2.132405E-01  7.172728E-03  2.135516E-01 -6.331766E-13  7.012449E-15  1.987304E-13
       136   7  2.132405E-01  5.098761E-03  2.129294E-01 -6.332894E-13  1.676766E-15 -2.331521E-13
       136   8  2.132405E-01  5.098761E-03  2.129294E-01 -6.333076E-13  3.700682E-14 -2.330877E-13
       137   1  1.871005E-01 -8.192146E-03  1.868880E-01 -1.898141E-13 -1.253702E-15  1.431094E-13
       137   2  1.871005E-01 -8.192146E-03  1.868880E-01 -1.896105E-13  3.329801E-14  1.431939E-13
       137   3  1.871005E-01 -6.775631E-03  1.873130E-01 -1.883764E-13  6.674756E-15 -2.268252E-13
       137   4  1.871005E-01 -6.775631E-03  1.873130E-01 -1.881738E-13 -3.662943E-16 -2.267503E-13
       137   5  1.871005E-01 -8.192146E-03  1.868880E-01 -4.227003E-13  5.477851E-15  1.431586E-13
       137   6  1.871005E-01 -8.192146E-03  1.868880E-01 -4.224919E-13  1.594148E-14  1.432175E-13
       137   7  1.871005E-01 -6.775631E-03  1.873130E-01 -4.198975E-13 -8.484632E-15 -2.267846E-13
       137   8  1.871005E-01 -6.775631E-03  1.873130E-01 -4.197246E-13 -6.776415E-15 -2.268080E-13
       138   1  2.119493E-01  4.641747E-03  2.121301E-01 -3.298024E-13  3.691483E-14  2.766325E-14
       138   2  2.119493E-01  4.641747E-03  2.121301E-01 -3.296960E-13  2.671429E-14  2.765755E-14
       138   3  2.119493E-01  3.436563E-03  2.117685E-01 -3.315130E-13  6.162248E-14 -1.710601E-13
       138   4  2.119493E-01  3.436563E-03  2.117685E-01 -3.313976E-13  1.310679E-14 -1.711192E-13
       138   5  2.119493E-01  4.641747E-03  2.121301E-01 -4.525957E-13  2.091712E-14  2.758471E-14
       138   6  2.119493E-01  4.641747E-03  2.121301E-01 -4.536115E-13 -1.227713E-14  2.758863E-14
       138   7  2.119493E-01  3.436563E-03  2.117685E-01 -4.543742E-13  2.373009E-14 -1.711469E-13
       138   8  2.119493E-01  3.436563E-03  2.117685E-01 -4.542869E-13  1.483179E-15 -1.712403E-13
       139   1  2.193398E-01 -1.946950E-03  2.192635E-01 -6.080300E-13 -5.869946E-15 -1.247499E-13
       139   2  2.193398E-01 -1.946950E-03  2.192635E-01 -6.078236E-13 -1.138624E-14 -1.247499E-13
       139   3  2.193398E-01 -1.438277E-03  2.194161E-01 -6.077212E-13 -3.024254E-14 -1.103110E-13
       139   4  2.193398E-01 -1.438277E-03  2.194161E-01 -6.083572E-13 -2.809738E-14 -1.106070E-13
       139   5  2.193398E-01 -1.946950E-03  2.192635E-01 -5.989286E-13 -1.129450E-14 -1.248043E-13
       139   6  2.193398E-01 -1.946950E-03  2.192635E-01 -5.987708E-13 -3.323408E-14 -1.248993E-13
       139   7  2.193398E-01 -1.438277E-03  2.194161E-01 -5.995094E-13 -3.566923E-14 -1.103313E-13
       139   8  2.193398E-01 -1.438277E-03  2.194161E-01 -5.993163E-13 -2.039202E-14 -1.106060E-13
       140   1  2.116608E-01  3.115887E-03  2.116393E-01 -4.022949E-13 -3.301280E-14 -2.367724E-13
       140   2  2.116608E-01  3.115887E-03  2.116393E-01 -4.022904E-13 -1.476545E-14 -2.366302E-13
       140   3  2.116608E-01  3.259174E-03  2.116823E-01 -4.032425E-13  1.477082E-14  1.488160E-13
       140   4  2.116608E-01  3.259174E-03  2.116823E-01 -4.032240E-13 -2.500028E-14  1.486824E-13
       140   5  2.116608E-01  3.115887E-03  2.116393E-01 -1.603651E-13  1.340300E-14 -2.367808E-13
       140   6  2.116608E-01  3.115887E-03  2.116393E-01 -1.603998E-13 -3.075302E-14 -2.367028E-13
       140   7  2.116608E-01  3.259174E-03  2.116823E-01 -1.618601E-13  2.615588E-14  1.488033E-13
       140   8  2.116608E-01  3.259174E-03  2.116823E-01 -1.618588E-13 -4.845062E-16  1.487894E-13
       141   1  1.880807E-01 -4.640853E-03  1.880405E-01 -2.052175E-13  2.480162E-14 -7.451215E-14
       141   2  1.880807E-01 -4.640853E-03  1.880405E-01 -2.051388E-13 -5.141889E-15 -7.453314E-14
       141   3  1.880807E-01 -4.372773E-03  1.881209E-01 -2.060403E-13 -2.263566E-15  1.951063E-13
       141   4  1.880807E-01 -4.372773E-03  1.881209E-01 -2.059965E-13  2.822068E-15  1.950211E-13
       141   5  1.880807E-01 -4.640853E-03  1.880405E-01 -3.609544E-14 -1.215793E-14 -7.447850E-14
       141   6  1.880807E-01 -4.640853E-03  1.880405E-01 -3.609460E-14 -4.885184E-15 -7.445888E-14
       141   7  1.880807E-01 -4.372773E-03  1.881209E-01 -3.965271E-14 -4.192908E-15  1.951485E-13
       141   8  1.880807E-01 -4.372773E-03  1.881209E-01 -3.961606E-14 -3.413588E-14  1.952237E-13
       142   1  2.118691E-01  3.177701E-03  2.119903E-01 -3.522983E-13 -4.490261E-14  8.354745E-14
       142   2  2.118691E-01  3.177701E-03  2.119903E-01 -3.528673E-13  1.342904E-14  8.353288E-14
       142   3  2.118691E-01  2.370266E-03  2.117480E-01 -3.520804E-13 -4.379739E-14  1.501634E-13
       142   4  2.118691E-01  2.370266E-03  2.117480E-01 -3.520258E-13 -9.547530E-15  1.499585E-13
       142   5  2.118691E-01  3.177701E-03  2.119903E-01 -3.119293E-13 -1.996832E-15  8.356259E-14
       142   6  2.118691E-01  3.177701E-03  2.119903E-01 -3.118677E-13  3.788444E-15  8.354268E-14
       142   7  2.118691E-01  2.370266E-03  2.117480E-01 -3.113008E-13 -9.646488E-15  1.501787E-13
       142   8  2.118691E-01  2.370266E-03  2.117480E-01 -3.112349E-13  3.335825E-14  1.500252E-13
       143   1  2.184256E-01 -1.373429E-03  2.183846E-01 -1.989926E-13  3.623345E-14  1.624034E-13
       143   2  2.184256E-01 -1.373429E-03  2.183846E-01 -1.992918E-13  2.774395E-14  1.624720E-13
       143   3  2.184256E-01 -1.099747E-03  2.184667E-01 -1.977222E-13 -8.266311E-15 -1.657156E-13
       143   4  2.184256E-01 -1.099747E-03  2.184667E-01 -1.980072E-13  4.344854E-14 -1.658297E-13
       143   5  2.184256E-01 -1.373429E-03  2.183846E-01 -4.024477E-13  3.465559E-15  1.623663E-13
       143   6  2.184256E-01 -1.373429E-03  2.183846E-01 -4.027492E-13 -2.801673E-14  1.623141E-13
       143   7  2.184256E-01 -1.099747E-03  2.184667E-01 -4.024090E-13 -4.103367E-14 -1.657613E-13
       143   8  2.184256E-01 -1.099747E-03  2.184667E-01 -4.027089E-13  1.505795E-14 -1.658498E-13
       144   1  2.152695E-01  1.512186E-03  2.152556E-01 -1.477867E-13 -3.938036E-14 -8.359244E-14
       144   2  2.152695E-01  1.512186E-03  2.152556E-01 -1.479426E-13  5.164834E-14 -8.361846E-14
       144   3  2.152695E-01  1.604473E-03  2.152833E-01 -1.481570E-13  1.617746E-14 -3.034470E-14
       144   4  2.152695E-01  1.604473E-03  2.152833E-01 -1.496606E-13  2.291772E-14 -3.062299E-14
       144   5  2.152695E-01  1.512186E-03  2.152556E-01 -1.164466E-13 -4.781147E-15 -8.357888E-14
       144   6  2.152695E-01  1.512186E-03  2.152556E-01 -1.168996E-13 -1.883706E-14 -8.351403E-14
       144   7  2.152695E-01  1.604473E-03  2.152833E-01 -1.175117E-13 -6.145553E-15 -3.035030E-14
       144   8  2.152695E-01  1.604473E-03  2.152833E-01 -1.165604E-13  1.373144E-14 -3.058596E-14
       145   1  1.551948E-01 -3.234179E-03  1.545110E-01  4.335322E-14  9.212593E-15  4.094949E-14
       145   2  1.551948E-01 -3.234179E-03  1.545110E-01  4.272253E-14 -3.483652E-15  4.097410E-14
       145   3  1.551948E-01  1.324511E-03  1.558786E-01  4.323884E-14  4.558993E-14 -5.805544E-14
       145   4  1.551948E-01  1.324511E-03  1.558786E-01  4.261456E-14  2.243526E-15 -5.822689E-14
       145   5  1.551948E-01 -3.234179E-03  1.545110E-01 -1.795445E-14 -1.431556E-14  4.095036E-14
       145   6  1.551948E-01 -3.234179E-03  1.545110E-01 -1.858087E-14 -7.955518E-14  4.089972E-14
       145   7  1.551948E-01  1.324511E-03  1.558786E-01 -1.695710E-14  1.768381E-14 -5.804725E-14
       145   8  1.551948E-01  1.324511E-03  1.558786E-01 -1.868884E-14 -4.317864E-14 -5.816419E-14
       146   1  0.000000E+00  0.000000E+00  0.000000E+00  0.000000E+00  0.000000E+00  0.000000E+00
       146   2  0.000000E+00  0.000000E+00  0.000000E+00  0.000000E+00  0.000000E+00  0.000000E+00
       146   3  0.000000E+00  0.000000E+00  0.000000E+00  0.000000E+00  0.000000E+00  0.000000E+00
       146   4  0.000000E+00  0.000000E+00  0.000000E+00  0.000000E+00  0.000000E+00  0.000000E+00
       146   5  0.000000E+00  0.000000E+00  0.000000E+00  0.000000E+00  0.000000E+00  0.000000E+00
       146   6  0.000000E+00  0.000000E+00  0.000000E+00  0.000000E+00  0.000000E+00  0.000000E+00
       146   7  0.000000E+00  0.000000E+00  0.000000E+00  0.000000E+00  0.000000E+00  0.000000E+00
       146   8  0.000000E+00  0.000000E+00  0.000000E+00  0.000000E+00  0.000000E+00  0.000000E+00
       147   1  0.000000E+00  0.000000E+00  0.000000E+00  0.000000E+00  0.000000E+00  0.000000E+00
       147   2  0.000000E+00  0.000000E+00  0.000000E+00  0.000000E+00  0.000000E+00  0.000000E+00
       147   3  0.000000E+00  0.000000E+00  0.000000E+00  0.000000E+00  0.000000E+00  0.000000E+00
       147   4  0.000000E+00  0.000000E+00  0.000000E+00  0.000000E+00  0.000000E+00  0.000000E+00
       147   5  0.000000E+00  0.000000E+00  0.000000E+00  0.000000E+00  0.000000E+00  0.000000E+00
       147   6  0.000000E+00  0.000000E+00  0.000000E+00  0.000000E+00  0.000000E+00  0.000000E+00
       147   7  0.000000E+00  0.000000E+00  0.000000E+00  0.000000E+00  0.000000E+00  0.000000E+00
       147   8  0.000000E+00  0.000000E+00  0.000000E+00  0.000000E+00  0.000000E+00  0.000000E+00
       148   1  0.000000E+00  0.000000E+00  0.000000E+00  0.000000E+00  0.000000E+00  0.000000E+00
       148   2  0.000000E+00  0.000000E+00  0.000000E+00  0.000000E+00  0.000000E+00  0.000000E+00
       148   3  0.000000E+00  0.000000E+00  0.000000E+00  0.000000E+00  0.000000E+00  0.000000E+00
       148   4  0.000000E+00  0.000000E+00  0.000000E+00  0.000000E+00  0.000000E+00  0.000000E+00
       148   5  0.000000E+00  0.000000E+00  0.000000E+00  0.000000E+00  0.000000E+00  0.000000E+00
       148   6  0.000000E+00  0.000000E+00  0.000000E+00  0.000000E+00  0.000000E+00  0.000000E+00
       148   7  0.000000E+00  0.000000E+00  0.000000E+00  0.000000E+00  0.000000E+00  0.000000E+00
       148   8  0.000000E+00  0.000000E+00  0.000000E+00  0.000000E+00  0.000000E+00  0.000000E+00
       149   1  0.000000E+00  0.000000E+00  0.000000E+00  0.000000E+00  0.000000E+00  0.000000E+00
       149   2  0.000000E+00  0.000000E+00  0.000000E+00  0.000000E+00  0.000000E+00  0.000000E+00
       149   3  0.000000E+00  0.000000E+00  0.000000E+00  0.000000E+00  0.000000E+00  0.000000E+00
       149   4  0.000000E+00  0.000000E+00  0.000000E+00  0.000000E+00  0.000000E+00  0.000000E+00
       149   5  0.000000E+00  0.000000E+00  0.000000E+00  0.000000E+00  0.000000E+00  0.000000E+00
       149   6  0.000000E+00  0.000000E+00  0.000000E+00  0.000000E+00  0.000000E+00  0.000000E+00
       149   7  0.000000E+00  0.000000E+00  0.000000E+00  0.000000E+00  0.000000E+00  0.000000E+00
       149   8  0.000000E+00  0.000000E+00  0.000000E+00  0.000000E+00  0.000000E+00  0.000000E+00
       150   1  1.306894E-01 -5.112650E-03  1.306817E-01  3.777422E-13  6.735318E-15  5.486087E-13
       150   2  1.306894E-01 -5.112650E-03  1.306817E-01  3.773498E-13 -2.350943E-15  5.486622E-13
       150   3  1.306894E-01 -5.061360E-03  1.306971E-01  3.771357E-13 -6.497690E-15 -5.770837E-13
       150   4  1.306894E-01 -5.061360E-03  1.306971E-01  3.767590E-13 -2.572992E-16 -5.770894E-13
       150   5  1.306894E-01 -5.112650E-03  1.306817E-01 -5.232332E-13 -1.886257E-15  5.485764E-13
       150   6  1.306894E-01 -5.112650E-03  1.306817E-01 -5.241589E-13 -1.126218E-15  5.485442E-13
       150   7  1.306894E-01 -5.061360E-03  1.306971E-01 -5.234720E-13 -5.266550E-15 -5.771088E-13
       150   8  1.306894E-01 -5.061360E-03  1.306971E-01 -5.238461E-13  1.081827E-14 -5.771156E-13
       151   1  0.000000E+00  0.000000E+00  0.000000E+00  0.000000E+00  0.000000E+00  0.000000E+00
       151   2  0.000000E+00  0.000000E+00  0.000000E+00  0.000000E+00  0.000000E+00  0.000000E+00
       151   3  0.000000E+00  0.000000E+00  0.000000E+00  0.000000E+00  0.000000E+00  0.000000E+00
       151   4  0.000000E+00  0.000000E+00  0.000000E+00  0.000000E+00  0.000000E+00  0.000000E+00
       151   5  0.000000E+00  0.000000E+00  0.000000E+00  0.000000E+00  0.000000E+00  0.000000E+00
       151   6  0.000000E+00  0.000000E+00  0.000000E+00  0.000000E+00  0.000000E+00  0.000000E+00
       151   7  0.000000E+00  0.000000E+00  0.000000E+00  0.000000E+00  0.000000E+00  0.000000E+00
       151   8  0.000000E+00  0.000000E+00  0.000000E+00  0.000000E+00  0.000000E+00  0.000000E+00
       152   1  0.000000E+00  0.000000E+00  0.000000E+00  0.000000E+00  0.000000E+00  0.000000E+00
       152   2  0.000000E+00  0.000000E+00  0.000000E+00  0.000000E+00  0.000000E+00  0.000000E+00
       152   3  0.000000E+00  0.000000E+00  0.000000E+00  0.000000E+00  0.000000E+00  0.000000E+00
       152   4  0.000000E+00  0.000000E+00  0.000000E+00  0.000000E+00  0.000000E+00  0.000000E+00
       152   5  0.000000E+00  0.000000E+00  0.000000E+00  0.000000E+00  0.000000E+00  0.000000E+00
       152   6  0.000000E+00  0.000000E+00  0.000000E+00  0.000000E+00  0.000000E+00  0.000000E+00
       152   7  0.000000E+00  0.000000E+00  0.000000E+00  0.000000E+00  0.000000E+00  0.000000E+00
       152   8  0.000000E+00  0.000000E+00  0.000000E+00  0.000000E+00  0.000000E+00  0.000000E+00
       153   1  0.000000E+00  0.000000E+00  0.000000E+00  0.000000E+00  0.000000E+00  0.000000E+00
       153   2  0.000000E+00  0.000000E+00  0.000000E+00  0.000000E+00  0.000000E+00  0.000000E+00
       153   3  0.000000E+00  0.000000E+00  0.000000E+00  0.000000E+00  0.000000E+00  0.000000E+00
       153   4  0.000000E+00  0.000000E+00  0.000000E+00  0.000000E+00  0.000000E+00  0.000000E+00
       153   5  0.000000E+00  0.000000E+00  0.000000E+00  0.000000E+00  0.000000E+00  0.000000E+00
       153   6  0.000000E+00  0.000000E+00  0.000000E+00  0.000000E+00  0.000000E+00  0.000000E+00
       153   7  0.000000E+00  0.000000E+00  0.000000E+00  0.000000E+00  0.000000E+00  0.000000E+00
       153   8  0.000000E+00  0.000000E+00  0.000000E+00  0.000000E+00  0.000000E+00  0.000000E+00
       154   1  0.000000E+00  0.000000E+00  0.000000E+00  0.000000E+00  0.000000E+00  0.000000E+00
       154   2  0.000000E+00  0.000000E+00  0.000000E+00  0.000000E+00  0.000000E+00  0.000000E+00
       154   3  0.000000E+00  0.000000E+00  0.000000E+00  0.000000E+00  0.000000E+00  0.000000E+00
       154   4  0.000000E+00  0.000000E+00  0.000000E+00  0.000000E+00  0.000000E+00  0.000000E+00
       154   5  0.000000E+00  0.000000E+00  0.000000E+00  0.000000E+00  0.000000E+00  0.000000E+00
       154   6  0.000000E+00  0.000000E+00  0.000000E+00  0.000000E+00  0.000000E+00  0.000000E+00
       154   7  0.000000E+00  0.000000E+00  0.000000E+00  0.000000E+00  0.000000E+00  0.000000E+00
       154   8  0.000000E+00  0.000000E+00  0.000000E+00  0.000000E+00  0.000000E+00  0.000000E+00
       155   1  1.307021E-01 -5.038804E-03  1.306960E-01  2.592815E-14 -9.420150E-15  1.675647E-13
       155   2  1.307021E-01 -5.038804E-03  1.306960E-01  2.602126E-14  1.096234E-14  1.675274E-13
       155   3  1.307021E-01 -4.997907E-03  1.307083E-01  2.616329E-14 -1.559968E-14 -1.483052E-13
       155   4  1.307021E-01 -4.997907E-03  1.307083E-01  2.625831E-14 -6.925951E-16 -1.483167E-13
       155   5  1.307021E-01 -5.038804E-03  1.306960E-01 -2.266565E-13 -4.935007E-15  1.675664E-13
       155   6  1.307021E-01 -5.038804E-03  1.306960E-01 -2.265586E-13  2.364770E-14  1.675593E-13
       155   7  1.307021E-01 -4.997907E-03  1.307083E-01 -2.264166E-13  1.515438E-14 -1.483142E-13
       155   8  1.307021E-01 -4.997907E-03  1.307083E-01 -2.263385E-13  1.254288E-14 -1.482964E-13
