{
  "features": [
    {
      "geometry": {
        "coordinates": [
          27.5334262,
          -11.5771155
        ],
        "type": "Point"
      },
      "properties": {
        "chainage_m": 0.0,
        "civil_class": "elevated",
        "investigation_flags": [
          "acidic-soil-durability-testing",
          "fine-soil-plasticity-and-shrink-swell-tests"
        ],
        "lat": -11.5771155,
        "line": "line-1",
        "lon": 27.5334262,
        "sample_id": "segment:line-1-civil-001:0000",
        "scope_id": "line-1-civil-001",
        "scope_type": "civil_segment"
      },
      "type": "Feature"
    },
    {
      "geometry": {
        "coordinates": [
          27.52972001,
          -11.5845309
        ],
        "type": "Point"
      },
      "properties": {
        "chainage_m": 1003.234,
        "civil_class": "elevated",
        "investigation_flags": [
          "acidic-soil-durability-testing",
          "fine-soil-plasticity-and-shrink-swell-tests"
        ],
        "lat": -11.5845309,
        "line": "line-1",
        "lon": 27.52972001,
        "sample_id": "segment:line-1-civil-001:0001",
        "scope_id": "line-1-civil-001",
        "scope_type": "civil_segment"
      },
      "type": "Feature"
    },
    {
      "geometry": {
        "coordinates": [
          27.52608881,
          -11.59187142
        ],
        "type": "Point"
      },
      "properties": {
        "chainage_m": 2006.469,
        "civil_class": "elevated",
        "investigation_flags": [
          "acidic-soil-durability-testing",
          "fine-soil-plasticity-and-shrink-swell-tests"
        ],
        "lat": -11.59187142,
        "line": "line-1",
        "lon": 27.52608881,
        "sample_id": "segment:line-1-civil-001:0002",
        "scope_id": "line-1-civil-001",
        "scope_type": "civil_segment"
      },
      "type": "Feature"
    },
    {
      "geometry": {
        "coordinates": [
          27.52238347,
          -11.5992873
        ],
        "type": "Point"
      },
      "properties": {
        "chainage_m": 3009.703,
        "civil_class": "elevated",
        "investigation_flags": [
          "acidic-soil-durability-testing",
          "fine-soil-plasticity-and-shrink-swell-tests"
        ],
        "lat": -11.5992873,
        "line": "line-1",
        "lon": 27.52238347,
        "sample_id": "segment:line-1-civil-001:0003",
        "scope_id": "line-1-civil-001",
        "scope_type": "civil_segment"
      },
      "type": "Feature"
    },
    {
      "geometry": {
        "coordinates": [
          27.51862372,
          -11.60657528
        ],
        "type": "Point"
      },
      "properties": {
        "chainage_m": 4012.937,
        "civil_class": "elevated",
        "investigation_flags": [
          "acidic-soil-durability-testing",
          "fine-soil-plasticity-and-shrink-swell-tests"
        ],
        "lat": -11.60657528,
        "line": "line-1",
        "lon": 27.51862372,
        "sample_id": "segment:line-1-civil-001:0004",
        "scope_id": "line-1-civil-001",
        "scope_type": "civil_segment"
      },
      "type": "Feature"
    },
    {
      "geometry": {
        "coordinates": [
          27.51555394,
          -11.6128264
        ],
        "type": "Point"
      },
      "properties": {
        "chainage_m": 4881.45,
        "civil_class": "elevated",
        "investigation_flags": [
          "acidic-soil-durability-testing",
          "fine-soil-plasticity-and-shrink-swell-tests"
        ],
        "lat": -11.6128264,
        "line": "line-1",
        "lon": 27.51555394,
        "sample_id": "segment:line-1-civil-001:0005",
        "scope_id": "line-1-civil-001",
        "scope_type": "civil_segment"
      },
      "type": "Feature"
    },
    {
      "geometry": {
        "coordinates": [
          27.51508274,
          -11.61384728
        ],
        "type": "Point"
      },
      "properties": {
        "chainage_m": 5016.172,
        "civil_class": "elevated",
        "investigation_flags": [
          "acidic-soil-durability-testing",
          "fine-soil-plasticity-and-shrink-swell-tests",
          "granular-density-and-groundwater-tests"
        ],
        "lat": -11.61384728,
        "line": "line-1",
        "lon": 27.51508274,
        "sample_id": "segment:line-1-civil-001:0006",
        "scope_id": "line-1-civil-001",
        "scope_type": "civil_segment"
      },
      "type": "Feature"
    },
    {
      "geometry": {
        "coordinates": [
          27.51136288,
          -11.62125741
        ],
        "type": "Point"
      },
      "properties": {
        "chainage_m": 6019.406,
        "civil_class": "elevated",
        "investigation_flags": [
          "acidic-soil-durability-testing",
          "fine-soil-plasticity-and-shrink-swell-tests",
          "granular-density-and-groundwater-tests"
        ],
        "lat": -11.62125741,
        "line": "line-1",
        "lon": 27.51136288,
        "sample_id": "segment:line-1-civil-001:0007",
        "scope_id": "line-1-civil-001",
        "scope_type": "civil_segment"
      },
      "type": "Feature"
    },
    {
      "geometry": {
        "coordinates": [
          27.50760299,
          -11.62854553
        ],
        "type": "Point"
      },
      "properties": {
        "chainage_m": 7022.64,
        "civil_class": "elevated",
        "investigation_flags": [
          "acidic-soil-durability-testing",
          "fine-soil-plasticity-and-shrink-swell-tests",
          "granular-density-and-groundwater-tests"
        ],
        "lat": -11.62854553,
        "line": "line-1",
        "lon": 27.50760299,
        "sample_id": "segment:line-1-civil-001:0008",
        "scope_id": "line-1-civil-001",
        "scope_type": "civil_segment"
      },
      "type": "Feature"
    },
    {
      "geometry": {
        "coordinates": [
          27.50402586,
          -11.63601427
        ],
        "type": "Point"
      },
      "properties": {
        "chainage_m": 8025.875,
        "civil_class": "elevated",
        "investigation_flags": [
          "acidic-soil-durability-testing",
          "fine-soil-plasticity-and-shrink-swell-tests",
          "granular-density-and-groundwater-tests"
        ],
        "lat": -11.63601427,
        "line": "line-1",
        "lon": 27.50402586,
        "sample_id": "segment:line-1-civil-001:0009",
        "scope_id": "line-1-civil-001",
        "scope_type": "civil_segment"
      },
      "type": "Feature"
    },
    {
      "geometry": {
        "coordinates": [
          27.50026588,
          -11.64330249
        ],
        "type": "Point"
      },
      "properties": {
        "chainage_m": 9029.109,
        "civil_class": "elevated",
        "investigation_flags": [
          "acidic-soil-durability-testing",
          "fine-soil-plasticity-and-shrink-swell-tests",
          "granular-density-and-groundwater-tests"
        ],
        "lat": -11.64330249,
        "line": "line-1",
        "lon": 27.50026588,
        "sample_id": "segment:line-1-civil-001:0010",
        "scope_id": "line-1-civil-001",
        "scope_type": "civil_segment"
      },
      "type": "Feature"
    },
    {
      "geometry": {
        "coordinates": [
          27.49765644,
          -11.64873988
        ],
        "type": "Point"
      },
      "properties": {
        "chainage_m": 9762.9,
        "civil_class": "elevated",
        "investigation_flags": [
          "acidic-soil-durability-testing",
          "fine-soil-plasticity-and-shrink-swell-tests",
          "granular-density-and-groundwater-tests"
        ],
        "lat": -11.64873988,
        "line": "line-1",
        "lon": 27.49765644,
        "sample_id": "segment:line-1-civil-001:0011",
        "scope_id": "line-1-civil-001",
        "scope_type": "civil_segment"
      },
      "type": "Feature"
    },
    {
      "geometry": {
        "coordinates": [
          27.49765644,
          -11.64873988
        ],
        "type": "Point"
      },
      "properties": {
        "chainage_m": 9762.9,
        "civil_class": "bridge",
        "investigation_flags": [
          "acidic-soil-durability-testing",
          "fine-soil-plasticity-and-shrink-swell-tests",
          "granular-density-and-groundwater-tests"
        ],
        "lat": -11.64873988,
        "line": "line-1",
        "lon": 27.49765644,
        "sample_id": "segment:line-1-civil-002:0000",
        "scope_id": "line-1-civil-002",
        "scope_type": "civil_segment"
      },
      "type": "Feature"
    },
    {
      "geometry": {
        "coordinates": [
          27.49747301,
          -11.64901
        ],
        "type": "Point"
      },
      "properties": {
        "chainage_m": 9801.2,
        "civil_class": "bridge",
        "investigation_flags": [
          "acidic-soil-durability-testing",
          "fine-soil-plasticity-and-shrink-swell-tests",
          "granular-density-and-groundwater-tests"
        ],
        "lat": -11.64901,
        "line": "line-1",
        "lon": 27.49747301,
        "sample_id": "segment:line-1-civil-002:0001",
        "scope_id": "line-1-civil-002",
        "scope_type": "civil_segment"
      },
      "type": "Feature"
    },
    {
      "geometry": {
        "coordinates": [
          27.49729088,
          -11.64928066
        ],
        "type": "Point"
      },
      "properties": {
        "chainage_m": 9839.5,
        "civil_class": "bridge",
        "investigation_flags": [
          "acidic-soil-durability-testing",
          "fine-soil-plasticity-and-shrink-swell-tests",
          "granular-density-and-groundwater-tests"
        ],
        "lat": -11.64928066,
        "line": "line-1",
        "lon": 27.49729088,
        "sample_id": "segment:line-1-civil-002:0002",
        "scope_id": "line-1-civil-002",
        "scope_type": "civil_segment"
      },
      "type": "Feature"
    },
    {
      "geometry": {
        "coordinates": [
          27.49729088,
          -11.64928066
        ],
        "type": "Point"
      },
      "properties": {
        "chainage_m": 9839.5,
        "civil_class": "elevated",
        "investigation_flags": [
          "acidic-soil-durability-testing",
          "fine-soil-plasticity-and-shrink-swell-tests",
          "granular-density-and-groundwater-tests"
        ],
        "lat": -11.64928066,
        "line": "line-1",
        "lon": 27.49729088,
        "sample_id": "segment:line-1-civil-003:0000",
        "scope_id": "line-1-civil-003",
        "scope_type": "civil_segment"
      },
      "type": "Feature"
    },
    {
      "geometry": {
        "coordinates": [
          27.49362088,
          -11.65671154
        ],
        "type": "Point"
      },
      "properties": {
        "chainage_m": 10842.793,
        "civil_class": "elevated",
        "investigation_flags": [
          "acidic-soil-durability-testing",
          "fine-soil-plasticity-and-shrink-swell-tests",
          "granular-density-and-groundwater-tests"
        ],
        "lat": -11.65671154,
        "line": "line-1",
        "lon": 27.49362088,
        "sample_id": "segment:line-1-civil-003:0001",
        "scope_id": "line-1-civil-003",
        "scope_type": "civil_segment"
      },
      "type": "Feature"
    },
    {
      "geometry": {
        "coordinates": [
          27.48995219,
          -11.66403734
        ],
        "type": "Point"
      },
      "properties": {
        "chainage_m": 11846.086,
        "civil_class": "elevated",
        "investigation_flags": [
          "acidic-soil-durability-testing",
          "fine-soil-plasticity-and-shrink-swell-tests",
          "granular-density-and-groundwater-tests"
        ],
        "lat": -11.66403734,
        "line": "line-1",
        "lon": 27.48995219,
        "sample_id": "segment:line-1-civil-003:0002",
        "scope_id": "line-1-civil-003",
        "scope_type": "civil_segment"
      },
      "type": "Feature"
    },
    {
      "geometry": {
        "coordinates": [
          27.48624674,
          -11.67145383
        ],
        "type": "Point"
      },
      "properties": {
        "chainage_m": 12849.379,
        "civil_class": "elevated",
        "investigation_flags": [
          "acidic-soil-durability-testing",
          "fine-soil-plasticity-and-shrink-swell-tests",
          "granular-density-and-groundwater-tests"
        ],
        "lat": -11.67145383,
        "line": "line-1",
        "lon": 27.48624674,
        "sample_id": "segment:line-1-civil-003:0003",
        "scope_id": "line-1-civil-003",
        "scope_type": "civil_segment"
      },
      "type": "Feature"
    },
    {
      "geometry": {
        "coordinates": [
          27.48499945,
          -11.67400257
        ],
        "type": "Point"
      },
      "properties": {
        "chainage_m": 13188.95,
        "civil_class": "elevated",
        "investigation_flags": [
          "acidic-soil-durability-testing",
          "fine-soil-plasticity-and-shrink-swell-tests",
          "granular-density-and-groundwater-tests"
        ],
        "lat": -11.67400257,
        "line": "line-1",
        "lon": 27.48499945,
        "sample_id": "segment:line-1-civil-003:0004",
        "scope_id": "line-1-civil-003",
        "scope_type": "civil_segment"
      },
      "type": "Feature"
    },
    {
      "geometry": {
        "coordinates": [
          27.4826148,
          -11.67879483
        ],
        "type": "Point"
      },
      "properties": {
        "chainage_m": 13852.672,
        "civil_class": "elevated",
        "investigation_flags": [
          "acidic-soil-durability-testing",
          "fine-soil-plasticity-and-shrink-swell-tests",
          "granular-density-and-groundwater-tests"
        ],
        "lat": -11.67879483,
        "line": "line-1",
        "lon": 27.4826148,
        "sample_id": "segment:line-1-civil-003:0005",
        "scope_id": "line-1-civil-003",
        "scope_type": "civil_segment"
      },
      "type": "Feature"
    },
    {
      "geometry": {
        "coordinates": [
          27.47894611,
          -11.68601517
        ],
        "type": "Point"
      },
      "properties": {
        "chainage_m": 14855.965,
        "civil_class": "elevated",
        "investigation_flags": [
          "acidic-soil-durability-testing",
          "fine-soil-plasticity-and-shrink-swell-tests",
          "granular-density-and-groundwater-tests"
        ],
        "lat": -11.68601517,
        "line": "line-1",
        "lon": 27.47894611,
        "sample_id": "segment:line-1-civil-003:0006",
        "scope_id": "line-1-civil-003",
        "scope_type": "civil_segment"
      },
      "type": "Feature"
    },
    {
      "geometry": {
        "coordinates": [
          27.47522474,
          -11.69342533
        ],
        "type": "Point"
      },
      "properties": {
        "chainage_m": 15859.258,
        "civil_class": "elevated",
        "investigation_flags": [
          "acidic-soil-durability-testing",
          "fine-soil-plasticity-and-shrink-swell-tests",
          "granular-density-and-groundwater-tests"
        ],
        "lat": -11.69342533,
        "line": "line-1",
        "lon": 27.47522474,
        "sample_id": "segment:line-1-civil-003:0007",
        "scope_id": "line-1-civil-003",
        "scope_type": "civil_segment"
      },
      "type": "Feature"
    },
    {
      "geometry": {
        "coordinates": [
          27.47271216,
          -11.69840992
        ],
        "type": "Point"
      },
      "properties": {
        "chainage_m": 16538.4,
        "civil_class": "elevated",
        "investigation_flags": [
          "acidic-soil-durability-testing",
          "fine-soil-plasticity-and-shrink-swell-tests",
          "granular-density-and-groundwater-tests"
        ],
        "lat": -11.69840992,
        "line": "line-1",
        "lon": 27.47271216,
        "sample_id": "segment:line-1-civil-003:0008",
        "scope_id": "line-1-civil-003",
        "scope_type": "civil_segment"
      },
      "type": "Feature"
    },
    {
      "geometry": {
        "coordinates": [
          27.47271216,
          -11.69840992
        ],
        "type": "Point"
      },
      "properties": {
        "chainage_m": 16538.4,
        "civil_class": "bridge",
        "investigation_flags": [
          "acidic-soil-durability-testing",
          "fine-soil-plasticity-and-shrink-swell-tests",
          "granular-density-and-groundwater-tests"
        ],
        "lat": -11.69840992,
        "line": "line-1",
        "lon": 27.47271216,
        "sample_id": "segment:line-1-civil-004:0000",
        "scope_id": "line-1-civil-004",
        "scope_type": "civil_segment"
      },
      "type": "Feature"
    },
    {
      "geometry": {
        "coordinates": [
          27.47270933,
          -11.6984987
        ],
        "type": "Point"
      },
      "properties": {
        "chainage_m": 16548.4,
        "civil_class": "bridge",
        "investigation_flags": [
          "acidic-soil-durability-testing",
          "fine-soil-plasticity-and-shrink-swell-tests",
          "granular-density-and-groundwater-tests"
        ],
        "lat": -11.6984987,
        "line": "line-1",
        "lon": 27.47270933,
        "sample_id": "segment:line-1-civil-004:0001",
        "scope_id": "line-1-civil-004",
        "scope_type": "civil_segment"
      },
      "type": "Feature"
    },
    {
      "geometry": {
        "coordinates": [
          27.47270933,
          -11.69858865
        ],
        "type": "Point"
      },
      "properties": {
        "chainage_m": 16558.4,
        "civil_class": "bridge",
        "investigation_flags": [
          "acidic-soil-durability-testing",
          "fine-soil-plasticity-and-shrink-swell-tests",
          "granular-density-and-groundwater-tests"
        ],
        "lat": -11.69858865,
        "line": "line-1",
        "lon": 27.47270933,
        "sample_id": "segment:line-1-civil-004:0002",
        "scope_id": "line-1-civil-004",
        "scope_type": "civil_segment"
      },
      "type": "Feature"
    },
    {
      "geometry": {
        "coordinates": [
          27.47270933,
          -11.69858865
        ],
        "type": "Point"
      },
      "properties": {
        "chainage_m": 16558.4,
        "civil_class": "elevated",
        "investigation_flags": [
          "acidic-soil-durability-testing",
          "fine-soil-plasticity-and-shrink-swell-tests",
          "granular-density-and-groundwater-tests"
        ],
        "lat": -11.69858865,
        "line": "line-1",
        "lon": 27.47270933,
        "sample_id": "segment:line-1-civil-005:0000",
        "scope_id": "line-1-civil-005",
        "scope_type": "civil_segment"
      },
      "type": "Feature"
    },
    {
      "geometry": {
        "coordinates": [
          27.47262043,
          -11.69867989
        ],
        "type": "Point"
      },
      "properties": {
        "chainage_m": 16572.55,
        "civil_class": "elevated",
        "investigation_flags": [
          "acidic-soil-durability-testing",
          "fine-soil-plasticity-and-shrink-swell-tests",
          "granular-density-and-groundwater-tests"
        ],
        "lat": -11.69867989,
        "line": "line-1",
        "lon": 27.47262043,
        "sample_id": "segment:line-1-civil-005:0001",
        "scope_id": "line-1-civil-005",
        "scope_type": "civil_segment"
      },
      "type": "Feature"
    },
    {
      "geometry": {
        "coordinates": [
          27.47252864,
          -11.69876995
        ],
        "type": "Point"
      },
      "properties": {
        "chainage_m": 16586.7,
        "civil_class": "elevated",
        "investigation_flags": [
          "acidic-soil-durability-testing",
          "fine-soil-plasticity-and-shrink-swell-tests",
          "granular-density-and-groundwater-tests"
        ],
        "lat": -11.69876995,
        "line": "line-1",
        "lon": 27.47252864,
        "sample_id": "segment:line-1-civil-005:0002",
        "scope_id": "line-1-civil-005",
        "scope_type": "civil_segment"
      },
      "type": "Feature"
    },
    {
      "geometry": {
        "coordinates": [
          27.47252864,
          -11.69876995
        ],
        "type": "Point"
      },
      "properties": {
        "chainage_m": 16586.7,
        "civil_class": "bridge",
        "investigation_flags": [
          "acidic-soil-durability-testing",
          "fine-soil-plasticity-and-shrink-swell-tests",
          "granular-density-and-groundwater-tests"
        ],
        "lat": -11.69876995,
        "line": "line-1",
        "lon": 27.47252864,
        "sample_id": "segment:line-1-civil-006:0000",
        "scope_id": "line-1-civil-006",
        "scope_type": "civil_segment"
      },
      "type": "Feature"
    },
    {
      "geometry": {
        "coordinates": [
          27.4725259,
          -11.69885877
        ],
        "type": "Point"
      },
      "properties": {
        "chainage_m": 16596.7,
        "civil_class": "bridge",
        "investigation_flags": [
          "acidic-soil-durability-testing",
          "fine-soil-plasticity-and-shrink-swell-tests",
          "granular-density-and-groundwater-tests"
        ],
        "lat": -11.69885877,
        "line": "line-1",
        "lon": 27.4725259,
        "sample_id": "segment:line-1-civil-006:0001",
        "scope_id": "line-1-civil-006",
        "scope_type": "civil_segment"
      },
      "type": "Feature"
    },
    {
      "geometry": {
        "coordinates": [
          27.4725259,
          -11.69894871
        ],
        "type": "Point"
      },
      "properties": {
        "chainage_m": 16606.7,
        "civil_class": "bridge",
        "investigation_flags": [
          "acidic-soil-durability-testing",
          "fine-soil-plasticity-and-shrink-swell-tests",
          "granular-density-and-groundwater-tests"
        ],
        "lat": -11.69894871,
        "line": "line-1",
        "lon": 27.4725259,
        "sample_id": "segment:line-1-civil-006:0002",
        "scope_id": "line-1-civil-006",
        "scope_type": "civil_segment"
      },
      "type": "Feature"
    },
    {
      "geometry": {
        "coordinates": [
          27.4725259,
          -11.69894871
        ],
        "type": "Point"
      },
      "properties": {
        "chainage_m": 16606.7,
        "civil_class": "elevated",
        "investigation_flags": [
          "acidic-soil-durability-testing",
          "fine-soil-plasticity-and-shrink-swell-tests",
          "granular-density-and-groundwater-tests"
        ],
        "lat": -11.69894871,
        "line": "line-1",
        "lon": 27.4725259,
        "sample_id": "segment:line-1-civil-007:0000",
        "scope_id": "line-1-civil-007",
        "scope_type": "civil_segment"
      },
      "type": "Feature"
    },
    {
      "geometry": {
        "coordinates": [
          27.4724369,
          -11.69903991
        ],
        "type": "Point"
      },
      "properties": {
        "chainage_m": 16620.85,
        "civil_class": "elevated",
        "investigation_flags": [
          "acidic-soil-durability-testing",
          "fine-soil-plasticity-and-shrink-swell-tests",
          "granular-density-and-groundwater-tests"
        ],
        "lat": -11.69903991,
        "line": "line-1",
        "lon": 27.4724369,
        "sample_id": "segment:line-1-civil-007:0001",
        "scope_id": "line-1-civil-007",
        "scope_type": "civil_segment"
      },
      "type": "Feature"
    },
    {
      "geometry": {
        "coordinates": [
          27.47234511,
          -11.69912997
        ],
        "type": "Point"
      },
      "properties": {
        "chainage_m": 16635.0,
        "civil_class": "elevated",
        "investigation_flags": [
          "acidic-soil-durability-testing",
          "fine-soil-plasticity-and-shrink-swell-tests",
          "granular-density-and-groundwater-tests"
        ],
        "lat": -11.69912997,
        "line": "line-1",
        "lon": 27.47234511,
        "sample_id": "segment:line-1-civil-007:0002",
        "scope_id": "line-1-civil-007",
        "scope_type": "civil_segment"
      },
      "type": "Feature"
    },
    {
      "geometry": {
        "coordinates": [
          27.47234511,
          -11.69912997
        ],
        "type": "Point"
      },
      "properties": {
        "chainage_m": 16635.0,
        "civil_class": "bridge",
        "investigation_flags": [
          "acidic-soil-durability-testing",
          "fine-soil-plasticity-and-shrink-swell-tests",
          "granular-density-and-groundwater-tests"
        ],
        "lat": -11.69912997,
        "line": "line-1",
        "lon": 27.47234511,
        "sample_id": "segment:line-1-civil-008:0000",
        "scope_id": "line-1-civil-008",
        "scope_type": "civil_segment"
      },
      "type": "Feature"
    },
    {
      "geometry": {
        "coordinates": [
          27.47234247,
          -11.69921883
        ],
        "type": "Point"
      },
      "properties": {
        "chainage_m": 16645.0,
        "civil_class": "bridge",
        "investigation_flags": [
          "acidic-soil-durability-testing",
          "fine-soil-plasticity-and-shrink-swell-tests",
          "granular-density-and-groundwater-tests"
        ],
        "lat": -11.69921883,
        "line": "line-1",
        "lon": 27.47234247,
        "sample_id": "segment:line-1-civil-008:0001",
        "scope_id": "line-1-civil-008",
        "scope_type": "civil_segment"
      },
      "type": "Feature"
    },
    {
      "geometry": {
        "coordinates": [
          27.47234247,
          -11.69930877
        ],
        "type": "Point"
      },
      "properties": {
        "chainage_m": 16655.0,
        "civil_class": "bridge",
        "investigation_flags": [
          "acidic-soil-durability-testing",
          "fine-soil-plasticity-and-shrink-swell-tests",
          "granular-density-and-groundwater-tests"
        ],
        "lat": -11.69930877,
        "line": "line-1",
        "lon": 27.47234247,
        "sample_id": "segment:line-1-civil-008:0002",
        "scope_id": "line-1-civil-008",
        "scope_type": "civil_segment"
      },
      "type": "Feature"
    },
    {
      "geometry": {
        "coordinates": [
          27.47234247,
          -11.69930877
        ],
        "type": "Point"
      },
      "properties": {
        "chainage_m": 16655.0,
        "civil_class": "elevated",
        "investigation_flags": [
          "acidic-soil-durability-testing",
          "fine-soil-plasticity-and-shrink-swell-tests",
          "granular-density-and-groundwater-tests"
        ],
        "lat": -11.69930877,
        "line": "line-1",
        "lon": 27.47234247,
        "sample_id": "segment:line-1-civil-009:0000",
        "scope_id": "line-1-civil-009",
        "scope_type": "civil_segment"
      },
      "type": "Feature"
    },
    {
      "geometry": {
        "coordinates": [
          27.47225337,
          -11.69939994
        ],
        "type": "Point"
      },
      "properties": {
        "chainage_m": 16669.15,
        "civil_class": "elevated",
        "investigation_flags": [
          "acidic-soil-durability-testing",
          "fine-soil-plasticity-and-shrink-swell-tests",
          "granular-density-and-groundwater-tests"
        ],
        "lat": -11.69939994,
        "line": "line-1",
        "lon": 27.47225337,
        "sample_id": "segment:line-1-civil-009:0001",
        "scope_id": "line-1-civil-009",
        "scope_type": "civil_segment"
      },
      "type": "Feature"
    },
    {
      "geometry": {
        "coordinates": [
          27.47216158,
          -11.69949
        ],
        "type": "Point"
      },
      "properties": {
        "chainage_m": 16683.3,
        "civil_class": "elevated",
        "investigation_flags": [
          "acidic-soil-durability-testing",
          "fine-soil-plasticity-and-shrink-swell-tests",
          "granular-density-and-groundwater-tests"
        ],
        "lat": -11.69949,
        "line": "line-1",
        "lon": 27.47216158,
        "sample_id": "segment:line-1-civil-009:0002",
        "scope_id": "line-1-civil-009",
        "scope_type": "civil_segment"
      },
      "type": "Feature"
    },
    {
      "geometry": {
        "coordinates": [
          27.47216158,
          -11.69949
        ],
        "type": "Point"
      },
      "properties": {
        "chainage_m": 16683.3,
        "civil_class": "bridge",
        "investigation_flags": [
          "acidic-soil-durability-testing",
          "fine-soil-plasticity-and-shrink-swell-tests",
          "granular-density-and-groundwater-tests"
        ],
        "lat": -11.69949,
        "line": "line-1",
        "lon": 27.47216158,
        "sample_id": "segment:line-1-civil-010:0000",
        "scope_id": "line-1-civil-010",
        "scope_type": "civil_segment"
      },
      "type": "Feature"
    },
    {
      "geometry": {
        "coordinates": [
          27.47213452,
          -11.69969651
        ],
        "type": "Point"
      },
      "properties": {
        "chainage_m": 16707.45,
        "civil_class": "bridge",
        "investigation_flags": [
          "acidic-soil-durability-testing",
          "fine-soil-plasticity-and-shrink-swell-tests",
          "granular-density-and-groundwater-tests"
        ],
        "lat": -11.69969651,
        "line": "line-1",
        "lon": 27.47213452,
        "sample_id": "segment:line-1-civil-010:0001",
        "scope_id": "line-1-civil-010",
        "scope_type": "civil_segment"
      },
      "type": "Feature"
    },
    {
      "geometry": {
        "coordinates": [
          27.47197805,
          -11.69985002
        ],
        "type": "Point"
      },
      "properties": {
        "chainage_m": 16731.6,
        "civil_class": "bridge",
        "investigation_flags": [
          "acidic-soil-durability-testing",
          "fine-soil-plasticity-and-shrink-swell-tests",
          "granular-density-and-groundwater-tests"
        ],
        "lat": -11.69985002,
        "line": "line-1",
        "lon": 27.47197805,
        "sample_id": "segment:line-1-civil-010:0002",
        "scope_id": "line-1-civil-010",
        "scope_type": "civil_segment"
      },
      "type": "Feature"
    },
    {
      "geometry": {
        "coordinates": [
          27.47197805,
          -11.69985002
        ],
        "type": "Point"
      },
      "properties": {
        "chainage_m": 16731.6,
        "civil_class": "elevated",
        "investigation_flags": [
          "acidic-soil-durability-testing",
          "fine-soil-plasticity-and-shrink-swell-tests",
          "granular-density-and-groundwater-tests"
        ],
        "lat": -11.69985002,
        "line": "line-1",
        "lon": 27.47197805,
        "sample_id": "segment:line-1-civil-011:0000",
        "scope_id": "line-1-civil-011",
        "scope_type": "civil_segment"
      },
      "type": "Feature"
    },
    {
      "geometry": {
        "coordinates": [
          27.46834705,
          -11.70719166
        ],
        "type": "Point"
      },
      "properties": {
        "chainage_m": 17734.343,
        "civil_class": "elevated",
        "investigation_flags": [
          "acidic-soil-durability-testing",
          "fine-soil-plasticity-and-shrink-swell-tests",
          "granular-density-and-groundwater-tests"
        ],
        "lat": -11.70719166,
        "line": "line-1",
        "lon": 27.46834705,
        "sample_id": "segment:line-1-civil-011:0001",
        "scope_id": "line-1-civil-011",
        "scope_type": "civil_segment"
      },
      "type": "Feature"
    },
    {
      "geometry": {
        "coordinates": [
          27.46683943,
          -11.71021062
        ],
        "type": "Point"
      },
      "properties": {
        "chainage_m": 18137.7,
        "civil_class": "elevated",
        "investigation_flags": [
          "acidic-soil-durability-testing",
          "fine-soil-plasticity-and-shrink-swell-tests",
          "granular-density-and-groundwater-tests"
        ],
        "lat": -11.71021062,
        "line": "line-1",
        "lon": 27.46683943,
        "sample_id": "segment:line-1-civil-011:0002",
        "scope_id": "line-1-civil-011",
        "scope_type": "civil_segment"
      },
      "type": "Feature"
    },
    {
      "geometry": {
        "coordinates": [
          27.46717127,
          -11.71140463
        ],
        "type": "Point"
      },
      "properties": {
        "chainage_m": 18737.085,
        "civil_class": "elevated",
        "investigation_flags": [
          "acidic-soil-durability-testing",
          "fine-soil-plasticity-and-shrink-swell-tests",
          "granular-density-and-groundwater-tests"
        ],
        "lat": -11.71140463,
        "line": "line-1",
        "lon": 27.46717127,
        "sample_id": "segment:line-1-civil-011:0003",
        "scope_id": "line-1-civil-011",
        "scope_type": "civil_segment"
      },
      "type": "Feature"
    },
    {
      "geometry": {
        "coordinates": [
          27.46995781,
          -11.70831084
        ],
        "type": "Point"
      },
      "properties": {
        "chainage_m": 19543.8,
        "civil_class": "elevated",
        "investigation_flags": [
          "acidic-soil-durability-testing",
          "fine-soil-plasticity-and-shrink-swell-tests",
          "granular-density-and-groundwater-tests"
        ],
        "lat": -11.70831084,
        "line": "line-1",
        "lon": 27.46995781,
        "sample_id": "segment:line-1-civil-011:0004",
        "scope_id": "line-1-civil-011",
        "scope_type": "civil_segment"
      },
      "type": "Feature"
    },
    {
      "geometry": {
        "coordinates": [
          27.39896861,
          -11.6361444
        ],
        "type": "Point"
      },
      "properties": {
        "chainage_m": 0.0,
        "civil_class": "elevated",
        "investigation_flags": [
          "acidic-soil-durability-testing",
          "fine-soil-plasticity-and-shrink-swell-tests"
        ],
        "lat": -11.6361444,
        "line": "line-2",
        "lon": 27.39896861,
        "sample_id": "segment:line-2-civil-012:0000",
        "scope_id": "line-2-civil-012",
        "scope_type": "civil_segment"
      },
      "type": "Feature"
    },
    {
      "geometry": {
        "coordinates": [
          27.40746072,
          -11.6366843
        ],
        "type": "Point"
      },
      "properties": {
        "chainage_m": 1000.366,
        "civil_class": "elevated",
        "investigation_flags": [
          "acidic-soil-durability-testing",
          "fine-soil-plasticity-and-shrink-swell-tests",
          "granular-density-and-groundwater-tests"
        ],
        "lat": -11.6366843,
        "line": "line-2",
        "lon": 27.40746072,
        "sample_id": "segment:line-2-civil-012:0001",
        "scope_id": "line-2-civil-012",
        "scope_type": "civil_segment"
      },
      "type": "Feature"
    },
    {
      "geometry": {
        "coordinates": [
          27.41599641,
          -11.63794407
        ],
        "type": "Point"
      },
      "properties": {
        "chainage_m": 2000.732,
        "civil_class": "elevated",
        "investigation_flags": [
          "acidic-soil-durability-testing",
          "fine-soil-plasticity-and-shrink-swell-tests",
          "granular-density-and-groundwater-tests"
        ],
        "lat": -11.63794407,
        "line": "line-2",
        "lon": 27.41599641,
        "sample_id": "segment:line-2-civil-012:0002",
        "scope_id": "line-2-civil-012",
        "scope_type": "civil_segment"
      },
      "type": "Feature"
    },
    {
      "geometry": {
        "coordinates": [
          27.42463932,
          -11.63920383
        ],
        "type": "Point"
      },
      "properties": {
        "chainage_m": 3001.098,
        "civil_class": "elevated",
        "investigation_flags": [
          "acidic-soil-durability-testing",
          "fine-soil-plasticity-and-shrink-swell-tests",
          "granular-density-and-groundwater-tests"
        ],
        "lat": -11.63920383,
        "line": "line-2",
        "lon": 27.42463932,
        "sample_id": "segment:line-2-civil-012:0003",
        "scope_id": "line-2-civil-012",
        "scope_type": "civil_segment"
      },
      "type": "Feature"
    },
    {
      "geometry": {
        "coordinates": [
          27.4282804,
          -11.63974373
        ],
        "type": "Point"
      },
      "properties": {
        "chainage_m": 3422.95,
        "civil_class": "elevated",
        "investigation_flags": [
          "acidic-soil-durability-testing",
          "fine-soil-plasticity-and-shrink-swell-tests",
          "granular-density-and-groundwater-tests"
        ],
        "lat": -11.63974373,
        "line": "line-2",
        "lon": 27.4282804,
        "sample_id": "segment:line-2-civil-012:0004",
        "scope_id": "line-2-civil-012",
        "scope_type": "civil_segment"
      },
      "type": "Feature"
    },
    {
      "geometry": {
        "coordinates": [
          27.43328228,
          -11.64046359
        ],
        "type": "Point"
      },
      "properties": {
        "chainage_m": 4001.464,
        "civil_class": "elevated",
        "investigation_flags": [
          "acidic-soil-durability-testing",
          "fine-soil-plasticity-and-shrink-swell-tests",
          "granular-density-and-groundwater-tests"
        ],
        "lat": -11.64046359,
        "line": "line-2",
        "lon": 27.43328228,
        "sample_id": "segment:line-2-civil-012:0005",
        "scope_id": "line-2-civil-012",
        "scope_type": "civil_segment"
      },
      "type": "Feature"
    },
    {
      "geometry": {
        "coordinates": [
          27.44191567,
          -11.64174627
        ],
        "type": "Point"
      },
      "properties": {
        "chainage_m": 5001.83,
        "civil_class": "elevated",
        "investigation_flags": [
          "acidic-soil-durability-testing",
          "fine-soil-plasticity-and-shrink-swell-tests",
          "granular-density-and-groundwater-tests"
        ],
        "lat": -11.64174627,
        "line": "line-2",
        "lon": 27.44191567,
        "sample_id": "segment:line-2-civil-012:0006",
        "scope_id": "line-2-civil-012",
        "scope_type": "civil_segment"
      },
      "type": "Feature"
    },
    {
      "geometry": {
        "coordinates": [
          27.4505683,
          -11.64298312
        ],
        "type": "Point"
      },
      "properties": {
        "chainage_m": 6002.196,
        "civil_class": "elevated",
        "investigation_flags": [
          "acidic-soil-durability-testing",
          "fine-soil-plasticity-and-shrink-swell-tests",
          "granular-density-and-groundwater-tests"
        ],
        "lat": -11.64298312,
        "line": "line-2",
        "lon": 27.4505683,
        "sample_id": "segment:line-2-civil-012:0007",
        "scope_id": "line-2-civil-012",
        "scope_type": "civil_segment"
      },
      "type": "Feature"
    },
    {
      "geometry": {
        "coordinates": [
          27.45785056,
          -11.64406292
        ],
        "type": "Point"
      },
      "properties": {
        "chainage_m": 6845.9,
        "civil_class": "elevated",
        "investigation_flags": [
          "acidic-soil-durability-testing",
          "fine-soil-plasticity-and-shrink-swell-tests",
          "granular-density-and-groundwater-tests"
        ],
        "lat": -11.64406292,
        "line": "line-2",
        "lon": 27.45785056,
        "sample_id": "segment:line-2-civil-012:0008",
        "scope_id": "line-2-civil-012",
        "scope_type": "civil_segment"
      },
      "type": "Feature"
    },
    {
      "geometry": {
        "coordinates": [
          27.45785056,
          -11.64406292
        ],
        "type": "Point"
      },
      "properties": {
        "chainage_m": 6845.9,
        "civil_class": "bridge",
        "investigation_flags": [
          "acidic-soil-durability-testing",
          "fine-soil-plasticity-and-shrink-swell-tests",
          "granular-density-and-groundwater-tests"
        ],
        "lat": -11.64406292,
        "line": "line-2",
        "lon": 27.45785056,
        "sample_id": "segment:line-2-civil-013:0000",
        "scope_id": "line-2-civil-013",
        "scope_type": "civil_segment"
      },
      "type": "Feature"
    },
    {
      "geometry": {
        "coordinates": [
          27.45827151,
          -11.64424288
        ],
        "type": "Point"
      },
      "properties": {
        "chainage_m": 6900.05,
        "civil_class": "bridge",
        "investigation_flags": [
          "acidic-soil-durability-testing",
          "fine-soil-plasticity-and-shrink-swell-tests",
          "granular-density-and-groundwater-tests"
        ],
        "lat": -11.64424288,
        "line": "line-2",
        "lon": 27.45827151,
        "sample_id": "segment:line-2-civil-013:0001",
        "scope_id": "line-2-civil-013",
        "scope_type": "civil_segment"
      },
      "type": "Feature"
    },
    {
      "geometry": {
        "coordinates": [
          27.45876782,
          -11.64424288
        ],
        "type": "Point"
      },
      "properties": {
        "chainage_m": 6954.2,
        "civil_class": "bridge",
        "investigation_flags": [
          "acidic-soil-durability-testing",
          "fine-soil-plasticity-and-shrink-swell-tests",
          "granular-density-and-groundwater-tests"
        ],
        "lat": -11.64424288,
        "line": "line-2",
        "lon": 27.45876782,
        "sample_id": "segment:line-2-civil-013:0002",
        "scope_id": "line-2-civil-013",
        "scope_type": "civil_segment"
      },
      "type": "Feature"
    },
    {
      "geometry": {
        "coordinates": [
          27.45876782,
          -11.64424288
        ],
        "type": "Point"
      },
      "properties": {
        "chainage_m": 6954.2,
        "civil_class": "elevated",
        "investigation_flags": [
          "acidic-soil-durability-testing",
          "fine-soil-plasticity-and-shrink-swell-tests",
          "granular-density-and-groundwater-tests"
        ],
        "lat": -11.64424288,
        "line": "line-2",
        "lon": 27.45876782,
        "sample_id": "segment:line-2-civil-014:0000",
        "scope_id": "line-2-civil-014",
        "scope_type": "civil_segment"
      },
      "type": "Feature"
    },
    {
      "geometry": {
        "coordinates": [
          27.45916157,
          -11.64426878
        ],
        "type": "Point"
      },
      "properties": {
        "chainage_m": 6998.35,
        "civil_class": "elevated",
        "investigation_flags": [
          "acidic-soil-durability-testing",
          "fine-soil-plasticity-and-shrink-swell-tests",
          "granular-density-and-groundwater-tests"
        ],
        "lat": -11.64426878,
        "line": "line-2",
        "lon": 27.45916157,
        "sample_id": "segment:line-2-civil-014:0001",
        "scope_id": "line-2-civil-014",
        "scope_type": "civil_segment"
      },
      "type": "Feature"
    },
    {
      "geometry": {
        "coordinates": [
          27.45950163,
          -11.64442285
        ],
        "type": "Point"
      },
      "properties": {
        "chainage_m": 7042.5,
        "civil_class": "elevated",
        "investigation_flags": [
          "acidic-soil-durability-testing",
          "fine-soil-plasticity-and-shrink-swell-tests",
          "granular-density-and-groundwater-tests"
        ],
        "lat": -11.64442285,
        "line": "line-2",
        "lon": 27.45950163,
        "sample_id": "segment:line-2-civil-014:0002",
        "scope_id": "line-2-civil-014",
        "scope_type": "civil_segment"
      },
      "type": "Feature"
    },
    {
      "geometry": {
        "coordinates": [
          27.45950163,
          -11.64442285
        ],
        "type": "Point"
      },
      "properties": {
        "chainage_m": 7042.5,
        "civil_class": "bridge",
        "investigation_flags": [
          "acidic-soil-durability-testing",
          "fine-soil-plasticity-and-shrink-swell-tests",
          "granular-density-and-groundwater-tests"
        ],
        "lat": -11.64442285,
        "line": "line-2",
        "lon": 27.45950163,
        "sample_id": "segment:line-2-civil-015:0000",
        "scope_id": "line-2-civil-015",
        "scope_type": "civil_segment"
      },
      "type": "Feature"
    },
    {
      "geometry": {
        "coordinates": [
          27.45959336,
          -11.64442285
        ],
        "type": "Point"
      },
      "properties": {
        "chainage_m": 7052.5,
        "civil_class": "bridge",
        "investigation_flags": [
          "acidic-soil-durability-testing",
          "fine-soil-plasticity-and-shrink-swell-tests",
          "granular-density-and-groundwater-tests"
        ],
        "lat": -11.64442285,
        "line": "line-2",
        "lon": 27.45959336,
        "sample_id": "segment:line-2-civil-015:0001",
        "scope_id": "line-2-civil-015",
        "scope_type": "civil_segment"
      },
      "type": "Feature"
    },
    {
      "geometry": {
        "coordinates": [
          27.45968509,
          -11.64442285
        ],
        "type": "Point"
      },
      "properties": {
        "chainage_m": 7062.5,
        "civil_class": "bridge",
        "investigation_flags": [
          "acidic-soil-durability-testing",
          "fine-soil-plasticity-and-shrink-swell-tests",
          "granular-density-and-groundwater-tests"
        ],
        "lat": -11.64442285,
        "line": "line-2",
        "lon": 27.45968509,
        "sample_id": "segment:line-2-civil-015:0002",
        "scope_id": "line-2-civil-015",
        "scope_type": "civil_segment"
      },
      "type": "Feature"
    },
    {
      "geometry": {
        "coordinates": [
          27.45968509,
          -11.64442285
        ],
        "type": "Point"
      },
      "properties": {
        "chainage_m": 7062.5,
        "civil_class": "elevated",
        "investigation_flags": [
          "acidic-soil-durability-testing",
          "fine-soil-plasticity-and-shrink-swell-tests",
          "granular-density-and-groundwater-tests"
        ],
        "lat": -11.64442285,
        "line": "line-2",
        "lon": 27.45968509,
        "sample_id": "segment:line-2-civil-016:0000",
        "scope_id": "line-2-civil-016",
        "scope_type": "civil_segment"
      },
      "type": "Feature"
    },
    {
      "geometry": {
        "coordinates": [
          27.45996029,
          -11.64442285
        ],
        "type": "Point"
      },
      "properties": {
        "chainage_m": 7092.5,
        "civil_class": "elevated",
        "investigation_flags": [
          "acidic-soil-durability-testing",
          "fine-soil-plasticity-and-shrink-swell-tests",
          "granular-density-and-groundwater-tests"
        ],
        "lat": -11.64442285,
        "line": "line-2",
        "lon": 27.45996029,
        "sample_id": "segment:line-2-civil-016:0001",
        "scope_id": "line-2-civil-016",
        "scope_type": "civil_segment"
      },
      "type": "Feature"
    },
    {
      "geometry": {
        "coordinates": [
          27.46023549,
          -11.64442285
        ],
        "type": "Point"
      },
      "properties": {
        "chainage_m": 7122.5,
        "civil_class": "elevated",
        "investigation_flags": [
          "acidic-soil-durability-testing",
          "fine-soil-plasticity-and-shrink-swell-tests",
          "granular-density-and-groundwater-tests"
        ],
        "lat": -11.64442285,
        "line": "line-2",
        "lon": 27.46023549,
        "sample_id": "segment:line-2-civil-016:0002",
        "scope_id": "line-2-civil-016",
        "scope_type": "civil_segment"
      },
      "type": "Feature"
    },
    {
      "geometry": {
        "coordinates": [
          27.46023549,
          -11.64442285
        ],
        "type": "Point"
      },
      "properties": {
        "chainage_m": 7122.5,
        "civil_class": "bridge",
        "investigation_flags": [
          "acidic-soil-durability-testing",
          "fine-soil-plasticity-and-shrink-swell-tests",
          "granular-density-and-groundwater-tests"
        ],
        "lat": -11.64442285,
        "line": "line-2",
        "lon": 27.46023549,
        "sample_id": "segment:line-2-civil-017:0000",
        "scope_id": "line-2-civil-017",
        "scope_type": "civil_segment"
      },
      "type": "Feature"
    },
    {
      "geometry": {
        "coordinates": [
          27.46175718,
          -11.64478278
        ],
        "type": "Point"
      },
      "properties": {
        "chainage_m": 7304.95,
        "civil_class": "bridge",
        "investigation_flags": [
          "acidic-soil-durability-testing",
          "fine-soil-plasticity-and-shrink-swell-tests"
        ],
        "lat": -11.64478278,
        "line": "line-2",
        "lon": 27.46175718,
        "sample_id": "segment:line-2-civil-017:0001",
        "scope_id": "line-2-civil-017",
        "scope_type": "civil_segment"
      },
      "type": "Feature"
    },
    {
      "geometry": {
        "coordinates": [
          27.46335423,
          -11.64496275
        ],
        "type": "Point"
      },
      "properties": {
        "chainage_m": 7487.4,
        "civil_class": "bridge",
        "investigation_flags": [
          "acidic-soil-durability-testing",
          "fine-soil-plasticity-and-shrink-swell-tests"
        ],
        "lat": -11.64496275,
        "line": "line-2",
        "lon": 27.46335423,
        "sample_id": "segment:line-2-civil-017:0002",
        "scope_id": "line-2-civil-017",
        "scope_type": "civil_segment"
      },
      "type": "Feature"
    },
    {
      "geometry": {
        "coordinates": [
          27.46335423,
          -11.64496275
        ],
        "type": "Point"
      },
      "properties": {
        "chainage_m": 7487.4,
        "civil_class": "elevated",
        "investigation_flags": [
          "acidic-soil-durability-testing",
          "fine-soil-plasticity-and-shrink-swell-tests"
        ],
        "lat": -11.64496275,
        "line": "line-2",
        "lon": 27.46335423,
        "sample_id": "segment:line-2-civil-018:0000",
        "scope_id": "line-2-civil-018",
        "scope_type": "civil_segment"
      },
      "type": "Feature"
    },
    {
      "geometry": {
        "coordinates": [
          27.47199735,
          -11.64622251
        ],
        "type": "Point"
      },
      "properties": {
        "chainage_m": 8487.775,
        "civil_class": "elevated",
        "investigation_flags": [
          "acidic-soil-durability-testing",
          "fine-soil-plasticity-and-shrink-swell-tests",
          "granular-density-and-groundwater-tests"
        ],
        "lat": -11.64622251,
        "line": "line-2",
        "lon": 27.47199735,
        "sample_id": "segment:line-2-civil-018:0001",
        "scope_id": "line-2-civil-018",
        "scope_type": "civil_segment"
      },
      "type": "Feature"
    },
    {
      "geometry": {
        "coordinates": [
          27.48064051,
          -11.64748227
        ],
        "type": "Point"
      },
      "properties": {
        "chainage_m": 9488.15,
        "civil_class": "elevated",
        "investigation_flags": [
          "acidic-soil-durability-testing",
          "fine-soil-plasticity-and-shrink-swell-tests",
          "granular-density-and-groundwater-tests"
        ],
        "lat": -11.64748227,
        "line": "line-2",
        "lon": 27.48064051,
        "sample_id": "segment:line-2-civil-018:0002",
        "scope_id": "line-2-civil-018",
        "scope_type": "civil_segment"
      },
      "type": "Feature"
    },
    {
      "geometry": {
        "coordinates": [
          27.48928371,
          -11.64874204
        ],
        "type": "Point"
      },
      "properties": {
        "chainage_m": 10488.525,
        "civil_class": "elevated",
        "investigation_flags": [
          "acidic-soil-durability-testing",
          "fine-soil-plasticity-and-shrink-swell-tests",
          "granular-density-and-groundwater-tests"
        ],
        "lat": -11.64874204,
        "line": "line-2",
        "lon": 27.48928371,
        "sample_id": "segment:line-2-civil-018:0003",
        "scope_id": "line-2-civil-018",
        "scope_type": "civil_segment"
      },
      "type": "Feature"
    },
    {
      "geometry": {
        "coordinates": [
          27.49792694,
          -11.6500018
        ],
        "type": "Point"
      },
      "properties": {
        "chainage_m": 11488.9,
        "civil_class": "elevated",
        "investigation_flags": [
          "acidic-soil-durability-testing",
          "fine-soil-plasticity-and-shrink-swell-tests",
          "granular-density-and-groundwater-tests"
        ],
        "lat": -11.6500018,
        "line": "line-2",
        "lon": 27.49792694,
        "sample_id": "segment:line-2-civil-018:0004",
        "scope_id": "line-2-civil-018",
        "scope_type": "civil_segment"
      },
      "type": "Feature"
    },
    {
      "geometry": {
        "coordinates": [
          27.5020049,
          -11.65066871
        ],
        "type": "Point"
      },
      "properties": {
        "chainage_m": 11964.2,
        "civil_class": "elevated",
        "investigation_flags": [
          "acidic-soil-durability-testing",
          "fine-soil-plasticity-and-shrink-swell-tests",
          "granular-density-and-groundwater-tests"
        ],
        "lat": -11.65066871,
        "line": "line-2",
        "lon": 27.5020049,
        "sample_id": "segment:line-2-civil-018:0005",
        "scope_id": "line-2-civil-018",
        "scope_type": "civil_segment"
      },
      "type": "Feature"
    },
    {
      "geometry": {
        "coordinates": [
          27.50657021,
          -11.65126156
        ],
        "type": "Point"
      },
      "properties": {
        "chainage_m": 12489.275,
        "civil_class": "elevated",
        "investigation_flags": [
          "acidic-soil-durability-testing",
          "fine-soil-plasticity-and-shrink-swell-tests",
          "granular-density-and-groundwater-tests"
        ],
        "lat": -11.65126156,
        "line": "line-2",
        "lon": 27.50657021,
        "sample_id": "segment:line-2-civil-018:0006",
        "scope_id": "line-2-civil-018",
        "scope_type": "civil_segment"
      },
      "type": "Feature"
    },
    {
      "geometry": {
        "coordinates": [
          27.51521352,
          -11.65252133
        ],
        "type": "Point"
      },
      "properties": {
        "chainage_m": 13489.65,
        "civil_class": "elevated",
        "investigation_flags": [
          "acidic-soil-durability-testing",
          "fine-soil-plasticity-and-shrink-swell-tests",
          "granular-density-and-groundwater-tests"
        ],
        "lat": -11.65252133,
        "line": "line-2",
        "lon": 27.51521352,
        "sample_id": "segment:line-2-civil-018:0007",
        "scope_id": "line-2-civil-018",
        "scope_type": "civil_segment"
      },
      "type": "Feature"
    },
    {
      "geometry": {
        "coordinates": [
          27.52385687,
          -11.65378109
        ],
        "type": "Point"
      },
      "properties": {
        "chainage_m": 14490.025,
        "civil_class": "elevated",
        "investigation_flags": [
          "acidic-soil-durability-testing",
          "fine-soil-plasticity-and-shrink-swell-tests",
          "granular-density-and-groundwater-tests"
        ],
        "lat": -11.65378109,
        "line": "line-2",
        "lon": 27.52385687,
        "sample_id": "segment:line-2-civil-018:0008",
        "scope_id": "line-2-civil-018",
        "scope_type": "civil_segment"
      },
      "type": "Feature"
    },
    {
      "geometry": {
        "coordinates": [
          27.53250025,
          -11.65504085
        ],
        "type": "Point"
      },
      "properties": {
        "chainage_m": 15490.4,
        "civil_class": "elevated",
        "investigation_flags": [
          "acidic-soil-durability-testing",
          "fine-soil-plasticity-and-shrink-swell-tests",
          "granular-density-and-groundwater-tests"
        ],
        "lat": -11.65504085,
        "line": "line-2",
        "lon": 27.53250025,
        "sample_id": "segment:line-2-civil-018:0009",
        "scope_id": "line-2-civil-018",
        "scope_type": "civil_segment"
      },
      "type": "Feature"
    },
    {
      "geometry": {
        "coordinates": [
          27.54058015,
          -11.65630062
        ],
        "type": "Point"
      },
      "properties": {
        "chainage_m": 16441.0,
        "civil_class": "elevated",
        "investigation_flags": [
          "acidic-soil-durability-testing",
          "fine-soil-plasticity-and-shrink-swell-tests",
          "granular-density-and-groundwater-tests"
        ],
        "lat": -11.65630062,
        "line": "line-2",
        "lon": 27.54058015,
        "sample_id": "segment:line-2-civil-018:0010",
        "scope_id": "line-2-civil-018",
        "scope_type": "civil_segment"
      },
      "type": "Feature"
    },
    {
      "geometry": {
        "coordinates": [
          27.49655584,
          -11.59853148
        ],
        "type": "Point"
      },
      "properties": {
        "chainage_m": 0.0,
        "civil_class": "elevated",
        "investigation_flags": [
          "acidic-soil-durability-testing",
          "fine-soil-plasticity-and-shrink-swell-tests"
        ],
        "lat": -11.59853148,
        "line": "line-3",
        "lon": 27.49655584,
        "sample_id": "segment:line-3-civil-019:0000",
        "scope_id": "line-3-civil-019",
        "scope_type": "civil_segment"
      },
      "type": "Feature"
    },
    {
      "geometry": {
        "coordinates": [
          27.49031036,
          -11.6032106
        ],
        "type": "Point"
      },
      "properties": {
        "chainage_m": 1001.769,
        "civil_class": "elevated",
        "investigation_flags": [
          "acidic-soil-durability-testing",
          "fine-soil-plasticity-and-shrink-swell-tests",
          "granular-density-and-groundwater-tests"
        ],
        "lat": -11.6032106,
        "line": "line-3",
        "lon": 27.49031036,
        "sample_id": "segment:line-3-civil-019:0001",
        "scope_id": "line-3-civil-019",
        "scope_type": "civil_segment"
      },
      "type": "Feature"
    },
    {
      "geometry": {
        "coordinates": [
          27.4839405,
          -11.60784885
        ],
        "type": "Point"
      },
      "properties": {
        "chainage_m": 2003.539,
        "civil_class": "elevated",
        "investigation_flags": [
          "acidic-soil-durability-testing",
          "fine-soil-plasticity-and-shrink-swell-tests",
          "granular-density-and-groundwater-tests"
        ],
        "lat": -11.60784885,
        "line": "line-3",
        "lon": 27.4839405,
        "sample_id": "segment:line-3-civil-019:0002",
        "scope_id": "line-3-civil-019",
        "scope_type": "civil_segment"
      },
      "type": "Feature"
    },
    {
      "geometry": {
        "coordinates": [
          27.47764402,
          -11.61240657
        ],
        "type": "Point"
      },
      "properties": {
        "chainage_m": 3005.308,
        "civil_class": "elevated",
        "investigation_flags": [
          "acidic-soil-durability-testing",
          "fine-soil-plasticity-and-shrink-swell-tests"
        ],
        "lat": -11.61240657,
        "line": "line-3",
        "lon": 27.47764402,
        "sample_id": "segment:line-3-civil-019:0003",
        "scope_id": "line-3-civil-019",
        "scope_type": "civil_segment"
      },
      "type": "Feature"
    },
    {
      "geometry": {
        "coordinates": [
          27.47583353,
          -11.6138229
        ],
        "type": "Point"
      },
      "properties": {
        "chainage_m": 3279.6,
        "civil_class": "elevated",
        "investigation_flags": [
          "acidic-soil-durability-testing",
          "fine-soil-plasticity-and-shrink-swell-tests",
          "granular-density-and-groundwater-tests"
        ],
        "lat": -11.6138229,
        "line": "line-3",
        "lon": 27.47583353,
        "sample_id": "segment:line-3-civil-019:0004",
        "scope_id": "line-3-civil-019",
        "scope_type": "civil_segment"
      },
      "type": "Feature"
    },
    {
      "geometry": {
        "coordinates": [
          27.47073964,
          -11.61756071
        ],
        "type": "Point"
      },
      "properties": {
        "chainage_m": 4007.078,
        "civil_class": "elevated",
        "investigation_flags": [
          "acidic-soil-durability-testing",
          "fine-soil-plasticity-and-shrink-swell-tests",
          "granular-density-and-groundwater-tests"
        ],
        "lat": -11.61756071,
        "line": "line-3",
        "lon": 27.47073964,
        "sample_id": "segment:line-3-civil-019:0005",
        "scope_id": "line-3-civil-019",
        "scope_type": "civil_segment"
      },
      "type": "Feature"
    },
    {
      "geometry": {
        "coordinates": [
          27.46370579,
          -11.6226619
        ],
        "type": "Point"
      },
      "properties": {
        "chainage_m": 5008.847,
        "civil_class": "elevated",
        "investigation_flags": [
          "acidic-soil-durability-testing",
          "fine-soil-plasticity-and-shrink-swell-tests",
          "granular-density-and-groundwater-tests"
        ],
        "lat": -11.6226619,
        "line": "line-3",
        "lon": 27.46370579,
        "sample_id": "segment:line-3-civil-019:0006",
        "scope_id": "line-3-civil-019",
        "scope_type": "civil_segment"
      },
      "type": "Feature"
    },
    {
      "geometry": {
        "coordinates": [
          27.45672528,
          -11.62789072
        ],
        "type": "Point"
      },
      "properties": {
        "chainage_m": 6010.617,
        "civil_class": "elevated",
        "investigation_flags": [
          "acidic-soil-durability-testing",
          "fine-soil-plasticity-and-shrink-swell-tests",
          "granular-density-and-groundwater-tests"
        ],
        "lat": -11.62789072,
        "line": "line-3",
        "lon": 27.45672528,
        "sample_id": "segment:line-3-civil-019:0007",
        "scope_id": "line-3-civil-019",
        "scope_type": "civil_segment"
      },
      "type": "Feature"
    },
    {
      "geometry": {
        "coordinates": [
          27.45289881,
          -11.63074501
        ],
        "type": "Point"
      },
      "properties": {
        "chainage_m": 6559.2,
        "civil_class": "elevated",
        "investigation_flags": [
          "acidic-soil-durability-testing",
          "fine-soil-plasticity-and-shrink-swell-tests",
          "granular-density-and-groundwater-tests"
        ],
        "lat": -11.63074501,
        "line": "line-3",
        "lon": 27.45289881,
        "sample_id": "segment:line-3-civil-019:0008",
        "scope_id": "line-3-civil-019",
        "scope_type": "civil_segment"
      },
      "type": "Feature"
    },
    {
      "geometry": {
        "coordinates": [
          27.45289881,
          -11.63074501
        ],
        "type": "Point"
      },
      "properties": {
        "chainage_m": 6559.2,
        "civil_class": "bridge",
        "investigation_flags": [
          "acidic-soil-durability-testing",
          "fine-soil-plasticity-and-shrink-swell-tests",
          "granular-density-and-groundwater-tests"
        ],
        "lat": -11.63074501,
        "line": "line-3",
        "lon": 27.45289881,
        "sample_id": "segment:line-3-civil-020:0000",
        "scope_id": "line-3-civil-020",
        "scope_type": "civil_segment"
      },
      "type": "Feature"
    },
    {
      "geometry": {
        "coordinates": [
          27.45250508,
          -11.63095133
        ],
        "type": "Point"
      },
      "properties": {
        "chainage_m": 6611.65,
        "civil_class": "bridge",
        "investigation_flags": [
          "acidic-soil-durability-testing",
          "fine-soil-plasticity-and-shrink-swell-tests",
          "granular-density-and-groundwater-tests"
        ],
        "lat": -11.63095133,
        "line": "line-3",
        "lon": 27.45250508,
        "sample_id": "segment:line-3-civil-020:0001",
        "scope_id": "line-3-civil-020",
        "scope_type": "civil_segment"
      },
      "type": "Feature"
    },
    {
      "geometry": {
        "coordinates": [
          27.45216477,
          -11.63128521
        ],
        "type": "Point"
      },
      "properties": {
        "chainage_m": 6664.1,
        "civil_class": "bridge",
        "investigation_flags": [
          "acidic-soil-durability-testing",
          "fine-soil-plasticity-and-shrink-swell-tests",
          "granular-density-and-groundwater-tests"
        ],
        "lat": -11.63128521,
        "line": "line-3",
        "lon": 27.45216477,
        "sample_id": "segment:line-3-civil-020:0002",
        "scope_id": "line-3-civil-020",
        "scope_type": "civil_segment"
      },
      "type": "Feature"
    },
    {
      "geometry": {
        "coordinates": [
          27.45216477,
          -11.63128521
        ],
        "type": "Point"
      },
      "properties": {
        "chainage_m": 6664.1,
        "civil_class": "elevated",
        "investigation_flags": [
          "acidic-soil-durability-testing",
          "fine-soil-plasticity-and-shrink-swell-tests",
          "granular-density-and-groundwater-tests"
        ],
        "lat": -11.63128521,
        "line": "line-3",
        "lon": 27.45216477,
        "sample_id": "segment:line-3-civil-021:0000",
        "scope_id": "line-3-civil-021",
        "scope_type": "civil_segment"
      },
      "type": "Feature"
    },
    {
      "geometry": {
        "coordinates": [
          27.44513073,
          -11.63638658
        ],
        "type": "Point"
      },
      "properties": {
        "chainage_m": 7665.862,
        "civil_class": "elevated",
        "investigation_flags": [
          "acidic-soil-durability-testing",
          "fine-soil-plasticity-and-shrink-swell-tests",
          "granular-density-and-groundwater-tests"
        ],
        "lat": -11.63638658,
        "line": "line-3",
        "lon": 27.44513073,
        "sample_id": "segment:line-3-civil-021:0001",
        "scope_id": "line-3-civil-021",
        "scope_type": "civil_segment"
      },
      "type": "Feature"
    },
    {
      "geometry": {
        "coordinates": [
          27.43815004,
          -11.64161559
        ],
        "type": "Point"
      },
      "properties": {
        "chainage_m": 8667.625,
        "civil_class": "elevated",
        "investigation_flags": [
          "acidic-soil-durability-testing",
          "fine-soil-plasticity-and-shrink-swell-tests",
          "granular-density-and-groundwater-tests"
        ],
        "lat": -11.64161559,
        "line": "line-3",
        "lon": 27.43815004,
        "sample_id": "segment:line-3-civil-021:0002",
        "scope_id": "line-3-civil-021",
        "scope_type": "civil_segment"
      },
      "type": "Feature"
    },
    {
      "geometry": {
        "coordinates": [
          27.43294236,
          -11.64546503
        ],
        "type": "Point"
      },
      "properties": {
        "chainage_m": 9482.85,
        "civil_class": "elevated",
        "investigation_flags": [
          "acidic-soil-durability-testing",
          "fine-soil-plasticity-and-shrink-swell-tests",
          "granular-density-and-groundwater-tests"
        ],
        "lat": -11.64546503,
        "line": "line-3",
        "lon": 27.43294236,
        "sample_id": "segment:line-3-civil-021:0003",
        "scope_id": "line-3-civil-021",
        "scope_type": "civil_segment"
      },
      "type": "Feature"
    },
    {
      "geometry": {
        "coordinates": [
          27.43177712,
          -11.6462483
        ],
        "type": "Point"
      },
      "properties": {
        "chainage_m": 9669.387,
        "civil_class": "elevated",
        "investigation_flags": [
          "acidic-soil-durability-testing",
          "fine-soil-plasticity-and-shrink-swell-tests",
          "granular-density-and-groundwater-tests"
        ],
        "lat": -11.6462483,
        "line": "line-3",
        "lon": 27.43177712,
        "sample_id": "segment:line-3-civil-021:0004",
        "scope_id": "line-3-civil-021",
        "scope_type": "civil_segment"
      },
      "type": "Feature"
    },
    {
      "geometry": {
        "coordinates": [
          27.42541275,
          -11.65090163
        ],
        "type": "Point"
      },
      "properties": {
        "chainage_m": 10671.149,
        "civil_class": "elevated",
        "investigation_flags": [
          "acidic-soil-durability-testing",
          "fine-soil-plasticity-and-shrink-swell-tests",
          "granular-density-and-groundwater-tests"
        ],
        "lat": -11.65090163,
        "line": "line-3",
        "lon": 27.42541275,
        "sample_id": "segment:line-3-civil-021:0005",
        "scope_id": "line-3-civil-021",
        "scope_type": "civil_segment"
      },
      "type": "Feature"
    },
    {
      "geometry": {
        "coordinates": [
          27.4191605,
          -11.65556694
        ],
        "type": "Point"
      },
      "properties": {
        "chainage_m": 11672.912,
        "civil_class": "elevated",
        "investigation_flags": [
          "acidic-soil-durability-testing",
          "fine-soil-plasticity-and-shrink-swell-tests",
          "granular-density-and-groundwater-tests"
        ],
        "lat": -11.65556694,
        "line": "line-3",
        "lon": 27.4191605,
        "sample_id": "segment:line-3-civil-021:0006",
        "scope_id": "line-3-civil-021",
        "scope_type": "civil_segment"
      },
      "type": "Feature"
    },
    {
      "geometry": {
        "coordinates": [
          27.4206139,
          -11.65594068
        ],
        "type": "Point"
      },
      "properties": {
        "chainage_m": 12301.6,
        "civil_class": "elevated",
        "investigation_flags": [
          "acidic-soil-durability-testing",
          "fine-soil-plasticity-and-shrink-swell-tests",
          "granular-density-and-groundwater-tests"
        ],
        "lat": -11.65594068,
        "line": "line-3",
        "lon": 27.4206139,
        "sample_id": "segment:line-3-civil-021:0007",
        "scope_id": "line-3-civil-021",
        "scope_type": "civil_segment"
      },
      "type": "Feature"
    },
    {
      "geometry": {
        "coordinates": [
          27.51948517,
          -11.68203578
        ],
        "type": "Point"
      },
      "properties": {
        "chainage_m": 0.0,
        "civil_class": "elevated",
        "investigation_flags": [
          "acidic-soil-durability-testing",
          "fine-soil-plasticity-and-shrink-swell-tests",
          "granular-density-and-groundwater-tests"
        ],
        "lat": -11.68203578,
        "line": "line-4",
        "lon": 27.51948517,
        "sample_id": "segment:line-4-civil-022:0000",
        "scope_id": "line-4-civil-022",
        "scope_type": "civil_segment"
      },
      "type": "Feature"
    },
    {
      "geometry": {
        "coordinates": [
          27.51563304,
          -11.67467927
        ],
        "type": "Point"
      },
      "properties": {
        "chainage_m": 1003.139,
        "civil_class": "elevated",
        "investigation_flags": [
          "acidic-soil-durability-testing",
          "fine-soil-plasticity-and-shrink-swell-tests",
          "granular-density-and-groundwater-tests"
        ],
        "lat": -11.67467927,
        "line": "line-4",
        "lon": 27.51563304,
        "sample_id": "segment:line-4-civil-022:0001",
        "scope_id": "line-4-civil-022",
        "scope_type": "civil_segment"
      },
      "type": "Feature"
    },
    {
      "geometry": {
        "coordinates": [
          27.51164326,
          -11.66745852
        ],
        "type": "Point"
      },
      "properties": {
        "chainage_m": 2006.277,
        "civil_class": "elevated",
        "investigation_flags": [
          "acidic-soil-durability-testing",
          "fine-soil-plasticity-and-shrink-swell-tests",
          "granular-density-and-groundwater-tests"
        ],
        "lat": -11.66745852,
        "line": "line-4",
        "lon": 27.51164326,
        "sample_id": "segment:line-4-civil-022:0002",
        "scope_id": "line-4-civil-022",
        "scope_type": "civil_segment"
      },
      "type": "Feature"
    },
    {
      "geometry": {
        "coordinates": [
          27.50792878,
          -11.66049481
        ],
        "type": "Point"
      },
      "properties": {
        "chainage_m": 3009.416,
        "civil_class": "elevated",
        "investigation_flags": [
          "acidic-soil-durability-testing",
          "fine-soil-plasticity-and-shrink-swell-tests",
          "granular-density-and-groundwater-tests"
        ],
        "lat": -11.66049481,
        "line": "line-4",
        "lon": 27.50792878,
        "sample_id": "segment:line-4-civil-022:0003",
        "scope_id": "line-4-civil-022",
        "scope_type": "civil_segment"
      },
      "type": "Feature"
    },
    {
      "geometry": {
        "coordinates": [
          27.50423076,
          -11.65339238
        ],
        "type": "Point"
      },
      "properties": {
        "chainage_m": 4012.555,
        "civil_class": "elevated",
        "investigation_flags": [
          "acidic-soil-durability-testing",
          "fine-soil-plasticity-and-shrink-swell-tests",
          "granular-density-and-groundwater-tests"
        ],
        "lat": -11.65339238,
        "line": "line-4",
        "lon": 27.50423076,
        "sample_id": "segment:line-4-civil-022:0004",
        "scope_id": "line-4-civil-022",
        "scope_type": "civil_segment"
      },
      "type": "Feature"
    },
    {
      "geometry": {
        "coordinates": [
          27.50034131,
          -11.64615711
        ],
        "type": "Point"
      },
      "properties": {
        "chainage_m": 5015.693,
        "civil_class": "elevated",
        "investigation_flags": [
          "acidic-soil-durability-testing",
          "fine-soil-plasticity-and-shrink-swell-tests",
          "granular-density-and-groundwater-tests"
        ],
        "lat": -11.64615711,
        "line": "line-4",
        "lon": 27.50034131,
        "sample_id": "segment:line-4-civil-022:0005",
        "scope_id": "line-4-civil-022",
        "scope_type": "civil_segment"
      },
      "type": "Feature"
    },
    {
      "geometry": {
        "coordinates": [
          27.4963724,
          -11.63874312
        ],
        "type": "Point"
      },
      "properties": {
        "chainage_m": 6018.832,
        "civil_class": "elevated",
        "investigation_flags": [
          "acidic-soil-durability-testing",
          "fine-soil-plasticity-and-shrink-swell-tests",
          "granular-density-and-groundwater-tests"
        ],
        "lat": -11.63874312,
        "line": "line-4",
        "lon": 27.4963724,
        "sample_id": "segment:line-4-civil-022:0006",
        "scope_id": "line-4-civil-022",
        "scope_type": "civil_segment"
      },
      "type": "Feature"
    },
    {
      "geometry": {
        "coordinates": [
          27.492464,
          -11.63141007
        ],
        "type": "Point"
      },
      "properties": {
        "chainage_m": 7021.971,
        "civil_class": "elevated",
        "investigation_flags": [
          "acidic-soil-durability-testing",
          "fine-soil-plasticity-and-shrink-swell-tests"
        ],
        "lat": -11.63141007,
        "line": "line-4",
        "lon": 27.492464,
        "sample_id": "segment:line-4-civil-022:0007",
        "scope_id": "line-4-civil-022",
        "scope_type": "civil_segment"
      },
      "type": "Feature"
    },
    {
      "geometry": {
        "coordinates": [
          27.48865068,
          -11.6242495
        ],
        "type": "Point"
      },
      "properties": {
        "chainage_m": 8025.109,
        "civil_class": "elevated",
        "investigation_flags": [
          "acidic-soil-durability-testing",
          "fine-soil-plasticity-and-shrink-swell-tests",
          "granular-density-and-groundwater-tests"
        ],
        "lat": -11.6242495,
        "line": "line-4",
        "lon": 27.48865068,
        "sample_id": "segment:line-4-civil-022:0008",
        "scope_id": "line-4-civil-022",
        "scope_type": "civil_segment"
      },
      "type": "Feature"
    },
    {
      "geometry": {
        "coordinates": [
          27.48610006,
          -11.61953283
        ],
        "type": "Point"
      },
      "properties": {
        "chainage_m": 8699.65,
        "civil_class": "elevated",
        "investigation_flags": [
          "acidic-soil-durability-testing",
          "fine-soil-plasticity-and-shrink-swell-tests",
          "granular-density-and-groundwater-tests"
        ],
        "lat": -11.61953283,
        "line": "line-4",
        "lon": 27.48610006,
        "sample_id": "segment:line-4-civil-022:0009",
        "scope_id": "line-4-civil-022",
        "scope_type": "civil_segment"
      },
      "type": "Feature"
    },
    {
      "geometry": {
        "coordinates": [
          27.48485997,
          -11.61729107
        ],
        "type": "Point"
      },
      "properties": {
        "chainage_m": 9028.248,
        "civil_class": "elevated",
        "investigation_flags": [
          "acidic-soil-durability-testing",
          "fine-soil-plasticity-and-shrink-swell-tests"
        ],
        "lat": -11.61729107,
        "line": "line-4",
        "lon": 27.48485997,
        "sample_id": "segment:line-4-civil-022:0010",
        "scope_id": "line-4-civil-022",
        "scope_type": "civil_segment"
      },
      "type": "Feature"
    },
    {
      "geometry": {
        "coordinates": [
          27.48104674,
          -11.61013059
        ],
        "type": "Point"
      },
      "properties": {
        "chainage_m": 10031.387,
        "civil_class": "elevated",
        "investigation_flags": [
          "acidic-soil-durability-testing",
          "fine-soil-plasticity-and-shrink-swell-tests",
          "granular-density-and-groundwater-tests"
        ],
        "lat": -11.61013059,
        "line": "line-4",
        "lon": 27.48104674,
        "sample_id": "segment:line-4-civil-022:0011",
        "scope_id": "line-4-civil-022",
        "scope_type": "civil_segment"
      },
      "type": "Feature"
    },
    {
      "geometry": {
        "coordinates": [
          27.47728697,
          -11.60284259
        ],
        "type": "Point"
      },
      "properties": {
        "chainage_m": 11034.525,
        "civil_class": "elevated",
        "investigation_flags": [
          "acidic-soil-durability-testing",
          "fine-soil-plasticity-and-shrink-swell-tests",
          "granular-density-and-groundwater-tests"
        ],
        "lat": -11.60284259,
        "line": "line-4",
        "lon": 27.47728697,
        "sample_id": "segment:line-4-civil-022:0012",
        "scope_id": "line-4-civil-022",
        "scope_type": "civil_segment"
      },
      "type": "Feature"
    },
    {
      "geometry": {
        "coordinates": [
          27.4732459,
          -11.59545858
        ],
        "type": "Point"
      },
      "properties": {
        "chainage_m": 12037.664,
        "civil_class": "elevated",
        "investigation_flags": [
          "acidic-soil-durability-testing",
          "fine-soil-plasticity-and-shrink-swell-tests",
          "granular-density-and-groundwater-tests"
        ],
        "lat": -11.59545858,
        "line": "line-4",
        "lon": 27.4732459,
        "sample_id": "segment:line-4-civil-022:0013",
        "scope_id": "line-4-civil-022",
        "scope_type": "civil_segment"
      },
      "type": "Feature"
    },
    {
      "geometry": {
        "coordinates": [
          27.46935685,
          -11.5882237
        ],
        "type": "Point"
      },
      "properties": {
        "chainage_m": 13040.803,
        "civil_class": "elevated",
        "investigation_flags": [
          "acidic-soil-durability-testing",
          "fine-soil-plasticity-and-shrink-swell-tests"
        ],
        "lat": -11.5882237,
        "line": "line-4",
        "lon": 27.46935685,
        "sample_id": "segment:line-4-civil-022:0014",
        "scope_id": "line-4-civil-022",
        "scope_type": "civil_segment"
      },
      "type": "Feature"
    },
    {
      "geometry": {
        "coordinates": [
          27.46555538,
          -11.58105868
        ],
        "type": "Point"
      },
      "properties": {
        "chainage_m": 14043.941,
        "civil_class": "elevated",
        "investigation_flags": [
          "acidic-soil-durability-testing",
          "fine-soil-plasticity-and-shrink-swell-tests"
        ],
        "lat": -11.58105868,
        "line": "line-4",
        "lon": 27.46555538,
        "sample_id": "segment:line-4-civil-022:0015",
        "scope_id": "line-4-civil-022",
        "scope_type": "civil_segment"
      },
      "type": "Feature"
    },
    {
      "geometry": {
        "coordinates": [
          27.46188281,
          -11.57405227
        ],
        "type": "Point"
      },
      "properties": {
        "chainage_m": 15047.08,
        "civil_class": "elevated",
        "investigation_flags": [
          "acidic-soil-durability-testing",
          "fine-soil-plasticity-and-shrink-swell-tests"
        ],
        "lat": -11.57405227,
        "line": "line-4",
        "lon": 27.46188281,
        "sample_id": "segment:line-4-civil-022:0016",
        "scope_id": "line-4-civil-022",
        "scope_type": "civil_segment"
      },
      "type": "Feature"
    },
    {
      "geometry": {
        "coordinates": [
          27.45803456,
          -11.56690655
        ],
        "type": "Point"
      },
      "properties": {
        "chainage_m": 16050.219,
        "civil_class": "elevated",
        "investigation_flags": [
          "acidic-soil-durability-testing",
          "fine-soil-plasticity-and-shrink-swell-tests"
        ],
        "lat": -11.56690655,
        "line": "line-4",
        "lon": 27.45803456,
        "sample_id": "segment:line-4-civil-022:0017",
        "scope_id": "line-4-civil-022",
        "scope_type": "civil_segment"
      },
      "type": "Feature"
    },
    {
      "geometry": {
        "coordinates": [
          27.45410504,
          -11.55958285
        ],
        "type": "Point"
      },
      "properties": {
        "chainage_m": 17053.358,
        "civil_class": "elevated",
        "investigation_flags": [
          "acidic-soil-durability-testing",
          "fine-soil-plasticity-and-shrink-swell-tests"
        ],
        "lat": -11.55958285,
        "line": "line-4",
        "lon": 27.45410504,
        "sample_id": "segment:line-4-civil-022:0018",
        "scope_id": "line-4-civil-022",
        "scope_type": "civil_segment"
      },
      "type": "Feature"
    },
    {
      "geometry": {
        "coordinates": [
          27.45289839,
          -11.5569599
        ],
        "type": "Point"
      },
      "properties": {
        "chainage_m": 17399.3,
        "civil_class": "elevated",
        "investigation_flags": [
          "acidic-soil-durability-testing",
          "fine-soil-plasticity-and-shrink-swell-tests"
        ],
        "lat": -11.5569599,
        "line": "line-4",
        "lon": 27.45289839,
        "sample_id": "segment:line-4-civil-022:0019",
        "scope_id": "line-4-civil-022",
        "scope_type": "civil_segment"
      },
      "type": "Feature"
    },
    {
      "geometry": {
        "coordinates": [
          27.45289839,
          -11.5569599
        ],
        "type": "Point"
      },
      "properties": {
        "chainage_m": 17399.3,
        "civil_class": "at-grade",
        "investigation_flags": [
          "acidic-soil-durability-testing",
          "fine-soil-plasticity-and-shrink-swell-tests"
        ],
        "lat": -11.5569599,
        "line": "line-4",
        "lon": 27.45289839,
        "sample_id": "segment:line-4-civil-023:0000",
        "scope_id": "line-4-civil-023",
        "scope_type": "civil_segment"
      },
      "type": "Feature"
    },
    {
      "geometry": {
        "coordinates": [
          27.45289839,
          -11.54791985
        ],
        "type": "Point"
      },
      "properties": {
        "chainage_m": 18402.221,
        "civil_class": "at-grade",
        "investigation_flags": [
          "acidic-soil-durability-testing",
          "fine-soil-plasticity-and-shrink-swell-tests"
        ],
        "lat": -11.54791985,
        "line": "line-4",
        "lon": 27.45289839,
        "sample_id": "segment:line-4-civil-023:0001",
        "scope_id": "line-4-civil-023",
        "scope_type": "civil_segment"
      },
      "type": "Feature"
    },
    {
      "geometry": {
        "coordinates": [
          27.45289839,
          -11.53887979
        ],
        "type": "Point"
      },
      "properties": {
        "chainage_m": 19405.141,
        "civil_class": "at-grade",
        "investigation_flags": [
          "acidic-soil-durability-testing",
          "fine-soil-plasticity-and-shrink-swell-tests"
        ],
        "lat": -11.53887979,
        "line": "line-4",
        "lon": 27.45289839,
        "sample_id": "segment:line-4-civil-023:0002",
        "scope_id": "line-4-civil-023",
        "scope_type": "civil_segment"
      },
      "type": "Feature"
    },
    {
      "geometry": {
        "coordinates": [
          27.45050265,
          -11.53103328
        ],
        "type": "Point"
      },
      "properties": {
        "chainage_m": 20408.062,
        "civil_class": "at-grade",
        "investigation_flags": [
          "acidic-soil-durability-testing",
          "fine-soil-plasticity-and-shrink-swell-tests"
        ],
        "lat": -11.53103328,
        "line": "line-4",
        "lon": 27.45050265,
        "sample_id": "segment:line-4-civil-023:0003",
        "scope_id": "line-4-civil-023",
        "scope_type": "civil_segment"
      },
      "type": "Feature"
    },
    {
      "geometry": {
        "coordinates": [
          27.44714645,
          -11.52792051
        ],
        "type": "Point"
      },
      "properties": {
        "chainage_m": 20929.5,
        "civil_class": "at-grade",
        "investigation_flags": [
          "acidic-soil-durability-testing",
          "fine-soil-plasticity-and-shrink-swell-tests"
        ],
        "lat": -11.52792051,
        "line": "line-4",
        "lon": 27.44714645,
        "sample_id": "segment:line-4-civil-023:0004",
        "scope_id": "line-4-civil-023",
        "scope_type": "civil_segment"
      },
      "type": "Feature"
    },
    {
      "geometry": {
        "coordinates": [
          27.44450504,
          -11.52550901
        ],
        "type": "Point"
      },
      "properties": {
        "chainage_m": 21410.983,
        "civil_class": "at-grade",
        "investigation_flags": [
          "acidic-soil-durability-testing",
          "fine-soil-plasticity-and-shrink-swell-tests"
        ],
        "lat": -11.52550901,
        "line": "line-4",
        "lon": 27.44450504,
        "sample_id": "segment:line-4-civil-023:0005",
        "scope_id": "line-4-civil-023",
        "scope_type": "civil_segment"
      },
      "type": "Feature"
    },
    {
      "geometry": {
        "coordinates": [
          27.43830008,
          -11.52176094
        ],
        "type": "Point"
      },
      "properties": {
        "chainage_m": 22413.904,
        "civil_class": "at-grade",
        "investigation_flags": [
          "acidic-soil-durability-testing",
          "fine-soil-plasticity-and-shrink-swell-tests"
        ],
        "lat": -11.52176094,
        "line": "line-4",
        "lon": 27.43830008,
        "sample_id": "segment:line-4-civil-023:0006",
        "scope_id": "line-4-civil-023",
        "scope_type": "civil_segment"
      },
      "type": "Feature"
    },
    {
      "geometry": {
        "coordinates": [
          27.43402824,
          -11.5164669
        ],
        "type": "Point"
      },
      "properties": {
        "chainage_m": 23416.824,
        "civil_class": "at-grade",
        "investigation_flags": [
          "acidic-soil-durability-testing",
          "fine-soil-plasticity-and-shrink-swell-tests"
        ],
        "lat": -11.5164669,
        "line": "line-4",
        "lon": 27.43402824,
        "sample_id": "segment:line-4-civil-023:0007",
        "scope_id": "line-4-civil-023",
        "scope_type": "civil_segment"
      },
      "type": "Feature"
    },
    {
      "geometry": {
        "coordinates": [
          27.42886846,
          -11.51124716
        ],
        "type": "Point"
      },
      "properties": {
        "chainage_m": 24419.745,
        "civil_class": "at-grade",
        "investigation_flags": [
          "acidic-soil-durability-testing",
          "fine-soil-plasticity-and-shrink-swell-tests"
        ],
        "lat": -11.51124716,
        "line": "line-4",
        "lon": 27.42886846,
        "sample_id": "segment:line-4-civil-023:0008",
        "scope_id": "line-4-civil-023",
        "scope_type": "civil_segment"
      },
      "type": "Feature"
    },
    {
      "geometry": {
        "coordinates": [
          27.42868502,
          -11.51106792
        ],
        "type": "Point"
      },
      "properties": {
        "chainage_m": 24459.7,
        "civil_class": "at-grade",
        "investigation_flags": [
          "acidic-soil-durability-testing",
          "fine-soil-plasticity-and-shrink-swell-tests"
        ],
        "lat": -11.51106792,
        "line": "line-4",
        "lon": 27.42868502,
        "sample_id": "segment:line-4-civil-023:0009",
        "scope_id": "line-4-civil-023",
        "scope_type": "civil_segment"
      },
      "type": "Feature"
    },
    {
      "geometry": {
        "coordinates": [
          27.39695083,
          -11.61814779
        ],
        "type": "Point"
      },
      "properties": {
        "chainage_m": 0.0,
        "civil_class": "elevated",
        "investigation_flags": [
          "acidic-soil-durability-testing",
          "fine-soil-plasticity-and-shrink-swell-tests"
        ],
        "lat": -11.61814779,
        "line": "line-5",
        "lon": 27.39695083,
        "sample_id": "segment:line-5-civil-024:0000",
        "scope_id": "line-5-civil-024",
        "scope_type": "civil_segment"
      },
      "type": "Feature"
    },
    {
      "geometry": {
        "coordinates": [
          27.4026373,
          -11.62380107
        ],
        "type": "Point"
      },
      "properties": {
        "chainage_m": 1002.495,
        "civil_class": "elevated",
        "investigation_flags": [
          "acidic-soil-durability-testing",
          "fine-soil-plasticity-and-shrink-swell-tests"
        ],
        "lat": -11.62380107,
        "line": "line-5",
        "lon": 27.4026373,
        "sample_id": "segment:line-5-civil-024:0001",
        "scope_id": "line-5-civil-024",
        "scope_type": "civil_segment"
      },
      "type": "Feature"
    },
    {
      "geometry": {
        "coordinates": [
          27.40837731,
          -11.62953818
        ],
        "type": "Point"
      },
      "properties": {
        "chainage_m": 2004.99,
        "civil_class": "elevated",
        "investigation_flags": [
          "acidic-soil-durability-testing",
          "fine-soil-plasticity-and-shrink-swell-tests",
          "granular-density-and-groundwater-tests"
        ],
        "lat": -11.62953818,
        "line": "line-5",
        "lon": 27.40837731,
        "sample_id": "segment:line-5-civil-024:0002",
        "scope_id": "line-5-civil-024",
        "scope_type": "civil_segment"
      },
      "type": "Feature"
    },
    {
      "geometry": {
        "coordinates": [
          27.41364338,
          -11.63557522
        ],
        "type": "Point"
      },
      "properties": {
        "chainage_m": 3007.485,
        "civil_class": "elevated",
        "investigation_flags": [
          "acidic-soil-durability-testing",
          "fine-soil-plasticity-and-shrink-swell-tests",
          "granular-density-and-groundwater-tests"
        ],
        "lat": -11.63557522,
        "line": "line-5",
        "lon": 27.41364338,
        "sample_id": "segment:line-5-civil-024:0003",
        "scope_id": "line-5-civil-024",
        "scope_type": "civil_segment"
      },
      "type": "Feature"
    },
    {
      "geometry": {
        "coordinates": [
          27.4163949,
          -11.64348794
        ],
        "type": "Point"
      },
      "properties": {
        "chainage_m": 4009.98,
        "civil_class": "elevated",
        "investigation_flags": [
          "acidic-soil-durability-testing",
          "fine-soil-plasticity-and-shrink-swell-tests",
          "granular-density-and-groundwater-tests"
        ],
        "lat": -11.64348794,
        "line": "line-5",
        "lon": 27.4163949,
        "sample_id": "segment:line-5-civil-024:0004",
        "scope_id": "line-5-civil-024",
        "scope_type": "civil_segment"
      },
      "type": "Feature"
    },
    {
      "geometry": {
        "coordinates": [
          27.41914642,
          -11.65140071
        ],
        "type": "Point"
      },
      "properties": {
        "chainage_m": 5012.475,
        "civil_class": "elevated",
        "investigation_flags": [
          "acidic-soil-durability-testing",
          "fine-soil-plasticity-and-shrink-swell-tests",
          "granular-density-and-groundwater-tests"
        ],
        "lat": -11.65140071,
        "line": "line-5",
        "lon": 27.41914642,
        "sample_id": "segment:line-5-civil-024:0005",
        "scope_id": "line-5-civil-024",
        "scope_type": "civil_segment"
      },
      "type": "Feature"
    },
    {
      "geometry": {
        "coordinates": [
          27.4218645,
          -11.65932724
        ],
        "type": "Point"
      },
      "properties": {
        "chainage_m": 6014.97,
        "civil_class": "elevated",
        "investigation_flags": [
          "acidic-soil-durability-testing",
          "fine-soil-plasticity-and-shrink-swell-tests",
          "granular-density-and-groundwater-tests"
        ],
        "lat": -11.65932724,
        "line": "line-5",
        "lon": 27.4218645,
        "sample_id": "segment:line-5-civil-024:0006",
        "scope_id": "line-5-civil-024",
        "scope_type": "civil_segment"
      },
      "type": "Feature"
    },
    {
      "geometry": {
        "coordinates": [
          27.42583108,
          -11.66637872
        ],
        "type": "Point"
      },
      "properties": {
        "chainage_m": 7017.465,
        "civil_class": "elevated",
        "investigation_flags": [
          "acidic-soil-durability-testing",
          "fine-soil-plasticity-and-shrink-swell-tests",
          "granular-density-and-groundwater-tests"
        ],
        "lat": -11.66637872,
        "line": "line-5",
        "lon": 27.42583108,
        "sample_id": "segment:line-5-civil-024:0007",
        "scope_id": "line-5-civil-024",
        "scope_type": "civil_segment"
      },
      "type": "Feature"
    },
    {
      "geometry": {
        "coordinates": [
          27.43341544,
          -11.66939999
        ],
        "type": "Point"
      },
      "properties": {
        "chainage_m": 8019.959,
        "civil_class": "elevated",
        "investigation_flags": [
          "acidic-soil-durability-testing",
          "fine-soil-plasticity-and-shrink-swell-tests",
          "granular-density-and-groundwater-tests"
        ],
        "lat": -11.66939999,
        "line": "line-5",
        "lon": 27.43341544,
        "sample_id": "segment:line-5-civil-024:0008",
        "scope_id": "line-5-civil-024",
        "scope_type": "civil_segment"
      },
      "type": "Feature"
    },
    {
      "geometry": {
        "coordinates": [
          27.4358384,
          -11.67015745
        ],
        "type": "Point"
      },
      "properties": {
        "chainage_m": 8331.2,
        "civil_class": "elevated",
        "investigation_flags": [
          "acidic-soil-durability-testing",
          "fine-soil-plasticity-and-shrink-swell-tests",
          "granular-density-and-groundwater-tests"
        ],
        "lat": -11.67015745,
        "line": "line-5",
        "lon": 27.4358384,
        "sample_id": "segment:line-5-civil-024:0009",
        "scope_id": "line-5-civil-024",
        "scope_type": "civil_segment"
      },
      "type": "Feature"
    },
    {
      "geometry": {
        "coordinates": [
          27.44140844,
          -11.67195767
        ],
        "type": "Point"
      },
      "properties": {
        "chainage_m": 9022.454,
        "civil_class": "elevated",
        "investigation_flags": [
          "acidic-soil-durability-testing",
          "fine-soil-plasticity-and-shrink-swell-tests",
          "granular-density-and-groundwater-tests"
        ],
        "lat": -11.67195767,
        "line": "line-5",
        "lon": 27.44140844,
        "sample_id": "segment:line-5-civil-024:0010",
        "scope_id": "line-5-civil-024",
        "scope_type": "civil_segment"
      },
      "type": "Feature"
    },
    {
      "geometry": {
        "coordinates": [
          27.44574444,
          -11.67873154
        ],
        "type": "Point"
      },
      "properties": {
        "chainage_m": 10024.949,
        "civil_class": "elevated",
        "investigation_flags": [
          "acidic-soil-durability-testing",
          "fine-soil-plasticity-and-shrink-swell-tests",
          "granular-density-and-groundwater-tests"
        ],
        "lat": -11.67873154,
        "line": "line-5",
        "lon": 27.44574444,
        "sample_id": "segment:line-5-civil-024:0011",
        "scope_id": "line-5-civil-024",
        "scope_type": "civil_segment"
      },
      "type": "Feature"
    },
    {
      "geometry": {
        "coordinates": [
          27.4450107,
          -11.68747099
        ],
        "type": "Point"
      },
      "properties": {
        "chainage_m": 11027.444,
        "civil_class": "elevated",
        "investigation_flags": [
          "acidic-soil-durability-testing",
          "fine-soil-plasticity-and-shrink-swell-tests",
          "granular-density-and-groundwater-tests"
        ],
        "lat": -11.68747099,
        "line": "line-5",
        "lon": 27.4450107,
        "sample_id": "segment:line-5-civil-024:0012",
        "scope_id": "line-5-civil-024",
        "scope_type": "civil_segment"
      },
      "type": "Feature"
    },
    {
      "geometry": {
        "coordinates": [
          27.44926964,
          -11.69413269
        ],
        "type": "Point"
      },
      "properties": {
        "chainage_m": 12029.939,
        "civil_class": "elevated",
        "investigation_flags": [
          "acidic-soil-durability-testing",
          "fine-soil-plasticity-and-shrink-swell-tests",
          "granular-density-and-groundwater-tests"
        ],
        "lat": -11.69413269,
        "line": "line-5",
        "lon": 27.44926964,
        "sample_id": "segment:line-5-civil-024:0013",
        "scope_id": "line-5-civil-024",
        "scope_type": "civil_segment"
      },
      "type": "Feature"
    },
    {
      "geometry": {
        "coordinates": [
          27.45606937,
          -11.69877263
        ],
        "type": "Point"
      },
      "properties": {
        "chainage_m": 13032.434,
        "civil_class": "elevated",
        "investigation_flags": [
          "acidic-soil-durability-testing",
          "fine-soil-plasticity-and-shrink-swell-tests",
          "granular-density-and-groundwater-tests"
        ],
        "lat": -11.69877263,
        "line": "line-5",
        "lon": 27.45606937,
        "sample_id": "segment:line-5-civil-024:0014",
        "scope_id": "line-5-civil-024",
        "scope_type": "civil_segment"
      },
      "type": "Feature"
    },
    {
      "geometry": {
        "coordinates": [
          27.46276255,
          -11.70341122
        ],
        "type": "Point"
      },
      "properties": {
        "chainage_m": 14034.929,
        "civil_class": "elevated",
        "investigation_flags": [
          "acidic-soil-durability-testing",
          "fine-soil-plasticity-and-shrink-swell-tests",
          "granular-density-and-groundwater-tests"
        ],
        "lat": -11.70341122,
        "line": "line-5",
        "lon": 27.46276255,
        "sample_id": "segment:line-5-civil-024:0015",
        "scope_id": "line-5-civil-024",
        "scope_type": "civil_segment"
      },
      "type": "Feature"
    },
    {
      "geometry": {
        "coordinates": [
          27.46949726,
          -11.70795091
        ],
        "type": "Point"
      },
      "properties": {
        "chainage_m": 15037.424,
        "civil_class": "elevated",
        "investigation_flags": [
          "acidic-soil-durability-testing",
          "fine-soil-plasticity-and-shrink-swell-tests",
          "granular-density-and-groundwater-tests"
        ],
        "lat": -11.70795091,
        "line": "line-5",
        "lon": 27.46949726,
        "sample_id": "segment:line-5-civil-024:0016",
        "scope_id": "line-5-civil-024",
        "scope_type": "civil_segment"
      },
      "type": "Feature"
    },
    {
      "geometry": {
        "coordinates": [
          27.47623318,
          -11.71248792
        ],
        "type": "Point"
      },
      "properties": {
        "chainage_m": 16039.919,
        "civil_class": "elevated",
        "investigation_flags": [
          "acidic-soil-durability-testing",
          "fine-soil-plasticity-and-shrink-swell-tests",
          "granular-density-and-groundwater-tests"
        ],
        "lat": -11.71248792,
        "line": "line-5",
        "lon": 27.47623318,
        "sample_id": "segment:line-5-civil-024:0017",
        "scope_id": "line-5-civil-024",
        "scope_type": "civil_segment"
      },
      "type": "Feature"
    },
    {
      "geometry": {
        "coordinates": [
          27.48041584,
          -11.71533172
        ],
        "type": "Point"
      },
      "properties": {
        "chainage_m": 16662.4,
        "civil_class": "elevated",
        "investigation_flags": [
          "acidic-soil-durability-testing",
          "fine-soil-plasticity-and-shrink-swell-tests",
          "granular-density-and-groundwater-tests"
        ],
        "lat": -11.71533172,
        "line": "line-5",
        "lon": 27.48041584,
        "sample_id": "segment:line-5-civil-024:0018",
        "scope_id": "line-5-civil-024",
        "scope_type": "civil_segment"
      },
      "type": "Feature"
    },
    {
      "geometry": {
        "coordinates": [
          27.48041584,
          -11.71533172
        ],
        "type": "Point"
      },
      "properties": {
        "chainage_m": 16662.4,
        "civil_class": "bridge",
        "investigation_flags": [
          "acidic-soil-durability-testing",
          "fine-soil-plasticity-and-shrink-swell-tests",
          "granular-density-and-groundwater-tests"
        ],
        "lat": -11.71533172,
        "line": "line-5",
        "lon": 27.48041584,
        "sample_id": "segment:line-5-civil-025:0000",
        "scope_id": "line-5-civil-025",
        "scope_type": "civil_segment"
      },
      "type": "Feature"
    },
    {
      "geometry": {
        "coordinates": [
          27.48050761,
          -11.71542176
        ],
        "type": "Point"
      },
      "properties": {
        "chainage_m": 16676.55,
        "civil_class": "bridge",
        "investigation_flags": [
          "acidic-soil-durability-testing",
          "fine-soil-plasticity-and-shrink-swell-tests",
          "granular-density-and-groundwater-tests"
        ],
        "lat": -11.71542176,
        "line": "line-5",
        "lon": 27.48050761,
        "sample_id": "segment:line-5-civil-025:0001",
        "scope_id": "line-5-civil-025",
        "scope_type": "civil_segment"
      },
      "type": "Feature"
    },
    {
      "geometry": {
        "coordinates": [
          27.48059939,
          -11.71551181
        ],
        "type": "Point"
      },
      "properties": {
        "chainage_m": 16690.7,
        "civil_class": "bridge",
        "investigation_flags": [
          "acidic-soil-durability-testing",
          "fine-soil-plasticity-and-shrink-swell-tests",
          "granular-density-and-groundwater-tests"
        ],
        "lat": -11.71551181,
        "line": "line-5",
        "lon": 27.48059939,
        "sample_id": "segment:line-5-civil-025:0002",
        "scope_id": "line-5-civil-025",
        "scope_type": "civil_segment"
      },
      "type": "Feature"
    },
    {
      "geometry": {
        "coordinates": [
          27.48059939,
          -11.71551181
        ],
        "type": "Point"
      },
      "properties": {
        "chainage_m": 16690.7,
        "civil_class": "elevated",
        "investigation_flags": [
          "acidic-soil-durability-testing",
          "fine-soil-plasticity-and-shrink-swell-tests",
          "granular-density-and-groundwater-tests"
        ],
        "lat": -11.71551181,
        "line": "line-5",
        "lon": 27.48059939,
        "sample_id": "segment:line-5-civil-026:0000",
        "scope_id": "line-5-civil-026",
        "scope_type": "civil_segment"
      },
      "type": "Feature"
    },
    {
      "geometry": {
        "coordinates": [
          27.48727689,
          -11.7201886
        ],
        "type": "Point"
      },
      "properties": {
        "chainage_m": 17692.405,
        "civil_class": "elevated",
        "investigation_flags": [
          "acidic-soil-durability-testing",
          "fine-soil-plasticity-and-shrink-swell-tests",
          "granular-density-and-groundwater-tests"
        ],
        "lat": -11.7201886,
        "line": "line-5",
        "lon": 27.48727689,
        "sample_id": "segment:line-5-civil-026:0001",
        "scope_id": "line-5-civil-026",
        "scope_type": "civil_segment"
      },
      "type": "Feature"
    },
    {
      "geometry": {
        "coordinates": [
          27.48739895,
          -11.72020317
        ],
        "type": "Point"
      },
      "properties": {
        "chainage_m": 17706.4,
        "civil_class": "elevated",
        "investigation_flags": [
          "acidic-soil-durability-testing",
          "fine-soil-plasticity-and-shrink-swell-tests",
          "granular-density-and-groundwater-tests"
        ],
        "lat": -11.72020317,
        "line": "line-5",
        "lon": 27.48739895,
        "sample_id": "segment:line-5-civil-026:0002",
        "scope_id": "line-5-civil-026",
        "scope_type": "civil_segment"
      },
      "type": "Feature"
    },
    {
      "geometry": {
        "coordinates": [
          27.49373909,
          -11.72486772
        ],
        "type": "Point"
      },
      "properties": {
        "chainage_m": 18694.109,
        "civil_class": "elevated",
        "investigation_flags": [
          "acidic-soil-durability-testing",
          "fine-soil-plasticity-and-shrink-swell-tests",
          "granular-density-and-groundwater-tests"
        ],
        "lat": -11.72486772,
        "line": "line-5",
        "lon": 27.49373909,
        "sample_id": "segment:line-5-civil-026:0003",
        "scope_id": "line-5-civil-026",
        "scope_type": "civil_segment"
      },
      "type": "Feature"
    },
    {
      "geometry": {
        "coordinates": [
          27.49380432,
          -11.72505605
        ],
        "type": "Point"
      },
      "properties": {
        "chainage_m": 18722.1,
        "civil_class": "elevated",
        "investigation_flags": [
          "acidic-soil-durability-testing",
          "fine-soil-plasticity-and-shrink-swell-tests",
          "granular-density-and-groundwater-tests"
        ],
        "lat": -11.72505605,
        "line": "line-5",
        "lon": 27.49380432,
        "sample_id": "segment:line-5-civil-026:0004",
        "scope_id": "line-5-civil-026",
        "scope_type": "civil_segment"
      },
      "type": "Feature"
    },
    {
      "geometry": {
        "coordinates": [
          27.49380432,
          -11.72505605
        ],
        "type": "Point"
      },
      "properties": {
        "chainage_m": 18722.1,
        "civil_class": "at-grade",
        "investigation_flags": [
          "acidic-soil-durability-testing",
          "fine-soil-plasticity-and-shrink-swell-tests",
          "granular-density-and-groundwater-tests"
        ],
        "lat": -11.72505605,
        "line": "line-5",
        "lon": 27.49380432,
        "sample_id": "segment:line-5-civil-027:0000",
        "scope_id": "line-5-civil-027",
        "scope_type": "civil_segment"
      },
      "type": "Feature"
    },
    {
      "geometry": {
        "coordinates": [
          27.49600553,
          -11.73192681
        ],
        "type": "Point"
      },
      "properties": {
        "chainage_m": 19726.081,
        "civil_class": "at-grade",
        "investigation_flags": [
          "acidic-soil-durability-testing",
          "fine-soil-plasticity-and-shrink-swell-tests",
          "granular-density-and-groundwater-tests"
        ],
        "lat": -11.73192681,
        "line": "line-5",
        "lon": 27.49600553,
        "sample_id": "segment:line-5-civil-027:0001",
        "scope_id": "line-5-civil-027",
        "scope_type": "civil_segment"
      },
      "type": "Feature"
    },
    {
      "geometry": {
        "coordinates": [
          27.49600553,
          -11.73198101
        ],
        "type": "Point"
      },
      "properties": {
        "chainage_m": 19732.1,
        "civil_class": "at-grade",
        "investigation_flags": [
          "acidic-soil-durability-testing",
          "fine-soil-plasticity-and-shrink-swell-tests",
          "granular-density-and-groundwater-tests"
        ],
        "lat": -11.73198101,
        "line": "line-5",
        "lon": 27.49600553,
        "sample_id": "segment:line-5-civil-027:0002",
        "scope_id": "line-5-civil-027",
        "scope_type": "civil_segment"
      },
      "type": "Feature"
    },
    {
      "geometry": {
        "coordinates": [
          27.49802331,
          -11.73897838
        ],
        "type": "Point"
      },
      "properties": {
        "chainage_m": 20730.061,
        "civil_class": "at-grade",
        "investigation_flags": [
          "acidic-soil-durability-testing",
          "fine-soil-plasticity-and-shrink-swell-tests",
          "granular-density-and-groundwater-tests"
        ],
        "lat": -11.73897838,
        "line": "line-5",
        "lon": 27.49802331,
        "sample_id": "segment:line-5-civil-027:0003",
        "scope_id": "line-5-civil-027",
        "scope_type": "civil_segment"
      },
      "type": "Feature"
    },
    {
      "geometry": {
        "coordinates": [
          27.49802507,
          -11.73908505
        ],
        "type": "Point"
      },
      "properties": {
        "chainage_m": 20742.1,
        "civil_class": "at-grade",
        "investigation_flags": [
          "acidic-soil-durability-testing",
          "fine-soil-plasticity-and-shrink-swell-tests",
          "granular-density-and-groundwater-tests"
        ],
        "lat": -11.73908505,
        "line": "line-5",
        "lon": 27.49802507,
        "sample_id": "segment:line-5-civil-027:0004",
        "scope_id": "line-5-civil-027",
        "scope_type": "civil_segment"
      },
      "type": "Feature"
    },
    {
      "geometry": {
        "coordinates": [
          27.49802507,
          -11.73908505
        ],
        "type": "Point"
      },
      "properties": {
        "chainage_m": 20742.1,
        "civil_class": "elevated",
        "investigation_flags": [
          "acidic-soil-durability-testing",
          "fine-soil-plasticity-and-shrink-swell-tests",
          "granular-density-and-groundwater-tests"
        ],
        "lat": -11.73908505,
        "line": "line-5",
        "lon": 27.49802507,
        "sample_id": "segment:line-5-civil-028:0000",
        "scope_id": "line-5-civil-028",
        "scope_type": "civil_segment"
      },
      "type": "Feature"
    },
    {
      "geometry": {
        "coordinates": [
          27.49811687,
          -11.73908505
        ],
        "type": "Point"
      },
      "properties": {
        "chainage_m": 20752.1,
        "civil_class": "elevated",
        "investigation_flags": [
          "acidic-soil-durability-testing",
          "fine-soil-plasticity-and-shrink-swell-tests",
          "granular-density-and-groundwater-tests"
        ],
        "lat": -11.73908505,
        "line": "line-5",
        "lon": 27.49811687,
        "sample_id": "segment:line-5-civil-028:0001",
        "scope_id": "line-5-civil-028",
        "scope_type": "civil_segment"
      },
      "type": "Feature"
    },
    {
      "geometry": {
        "coordinates": [
          27.49820675,
          -11.73908694
        ],
        "type": "Point"
      },
      "properties": {
        "chainage_m": 20762.1,
        "civil_class": "elevated",
        "investigation_flags": [
          "acidic-soil-durability-testing",
          "fine-soil-plasticity-and-shrink-swell-tests",
          "granular-density-and-groundwater-tests"
        ],
        "lat": -11.73908694,
        "line": "line-5",
        "lon": 27.49820675,
        "sample_id": "segment:line-5-civil-028:0002",
        "scope_id": "line-5-civil-028",
        "scope_type": "civil_segment"
      },
      "type": "Feature"
    },
    {
      "geometry": {
        "coordinates": [
          27.49820675,
          -11.73908694
        ],
        "type": "Point"
      },
      "properties": {
        "chainage_m": 20762.1,
        "civil_class": "at-grade",
        "investigation_flags": [
          "acidic-soil-durability-testing",
          "fine-soil-plasticity-and-shrink-swell-tests",
          "granular-density-and-groundwater-tests"
        ],
        "lat": -11.73908694,
        "line": "line-5",
        "lon": 27.49820675,
        "sample_id": "segment:line-5-civil-029:0000",
        "scope_id": "line-5-civil-029",
        "scope_type": "civil_segment"
      },
      "type": "Feature"
    },
    {
      "geometry": {
        "coordinates": [
          27.49839018,
          -11.74043804
        ],
        "type": "Point"
      },
      "properties": {
        "chainage_m": 20932.1,
        "civil_class": "at-grade",
        "investigation_flags": [
          "acidic-soil-durability-testing",
          "fine-soil-plasticity-and-shrink-swell-tests",
          "granular-density-and-groundwater-tests"
        ],
        "lat": -11.74043804,
        "line": "line-5",
        "lon": 27.49839018,
        "sample_id": "segment:line-5-civil-029:0001",
        "scope_id": "line-5-civil-029",
        "scope_type": "civil_segment"
      },
      "type": "Feature"
    },
    {
      "geometry": {
        "coordinates": [
          27.49930736,
          -11.74106611
        ],
        "type": "Point"
      },
      "properties": {
        "chainage_m": 21102.1,
        "civil_class": "at-grade",
        "investigation_flags": [
          "acidic-soil-durability-testing",
          "fine-soil-plasticity-and-shrink-swell-tests",
          "granular-density-and-groundwater-tests"
        ],
        "lat": -11.74106611,
        "line": "line-5",
        "lon": 27.49930736,
        "sample_id": "segment:line-5-civil-029:0002",
        "scope_id": "line-5-civil-029",
        "scope_type": "civil_segment"
      },
      "type": "Feature"
    },
    {
      "geometry": {
        "coordinates": [
          27.49930736,
          -11.74106611
        ],
        "type": "Point"
      },
      "properties": {
        "chainage_m": 21102.1,
        "civil_class": "elevated",
        "investigation_flags": [
          "acidic-soil-durability-testing",
          "fine-soil-plasticity-and-shrink-swell-tests",
          "granular-density-and-groundwater-tests"
        ],
        "lat": -11.74106611,
        "line": "line-5",
        "lon": 27.49930736,
        "sample_id": "segment:line-5-civil-030:0000",
        "scope_id": "line-5-civil-030",
        "scope_type": "civil_segment"
      },
      "type": "Feature"
    },
    {
      "geometry": {
        "coordinates": [
          27.49930736,
          -11.74115603
        ],
        "type": "Point"
      },
      "properties": {
        "chainage_m": 21112.1,
        "civil_class": "elevated",
        "investigation_flags": [
          "acidic-soil-durability-testing",
          "fine-soil-plasticity-and-shrink-swell-tests",
          "granular-density-and-groundwater-tests"
        ],
        "lat": -11.74115603,
        "line": "line-5",
        "lon": 27.49930736,
        "sample_id": "segment:line-5-civil-030:0001",
        "scope_id": "line-5-civil-030",
        "scope_type": "civil_segment"
      },
      "type": "Feature"
    },
    {
      "geometry": {
        "coordinates": [
          27.49930604,
          -11.74124465
        ],
        "type": "Point"
      },
      "properties": {
        "chainage_m": 21122.1,
        "civil_class": "elevated",
        "investigation_flags": [
          "acidic-soil-durability-testing",
          "fine-soil-plasticity-and-shrink-swell-tests",
          "granular-density-and-groundwater-tests"
        ],
        "lat": -11.74124465,
        "line": "line-5",
        "lon": 27.49930604,
        "sample_id": "segment:line-5-civil-030:0002",
        "scope_id": "line-5-civil-030",
        "scope_type": "civil_segment"
      },
      "type": "Feature"
    },
    {
      "geometry": {
        "coordinates": [
          27.49930604,
          -11.74124465
        ],
        "type": "Point"
      },
      "properties": {
        "chainage_m": 21122.1,
        "civil_class": "at-grade",
        "investigation_flags": [
          "acidic-soil-durability-testing",
          "fine-soil-plasticity-and-shrink-swell-tests",
          "granular-density-and-groundwater-tests"
        ],
        "lat": -11.74124465,
        "line": "line-5",
        "lon": 27.49930604,
        "sample_id": "segment:line-5-civil-031:0000",
        "scope_id": "line-5-civil-031",
        "scope_type": "civil_segment"
      },
      "type": "Feature"
    },
    {
      "geometry": {
        "coordinates": [
          27.49912392,
          -11.74124557
        ],
        "type": "Point"
      },
      "properties": {
        "chainage_m": 21142.1,
        "civil_class": "at-grade",
        "investigation_flags": [
          "acidic-soil-durability-testing",
          "fine-soil-plasticity-and-shrink-swell-tests",
          "granular-density-and-groundwater-tests"
        ],
        "lat": -11.74124557,
        "line": "line-5",
        "lon": 27.49912392,
        "sample_id": "segment:line-5-civil-031:0001",
        "scope_id": "line-5-civil-031",
        "scope_type": "civil_segment"
      },
      "type": "Feature"
    },
    {
      "geometry": {
        "coordinates": [
          27.49912392,
          -11.74142594
        ],
        "type": "Point"
      },
      "properties": {
        "chainage_m": 21162.1,
        "civil_class": "at-grade",
        "investigation_flags": [
          "acidic-soil-durability-testing",
          "fine-soil-plasticity-and-shrink-swell-tests",
          "granular-density-and-groundwater-tests"
        ],
        "lat": -11.74142594,
        "line": "line-5",
        "lon": 27.49912392,
        "sample_id": "segment:line-5-civil-031:0002",
        "scope_id": "line-5-civil-031",
        "scope_type": "civil_segment"
      },
      "type": "Feature"
    },
    {
      "geometry": {
        "coordinates": [
          27.49912392,
          -11.74142594
        ],
        "type": "Point"
      },
      "properties": {
        "chainage_m": 21162.1,
        "civil_class": "elevated",
        "investigation_flags": [
          "acidic-soil-durability-testing",
          "fine-soil-plasticity-and-shrink-swell-tests",
          "granular-density-and-groundwater-tests"
        ],
        "lat": -11.74142594,
        "line": "line-5",
        "lon": 27.49912392,
        "sample_id": "segment:line-5-civil-032:0000",
        "scope_id": "line-5-civil-032",
        "scope_type": "civil_segment"
      },
      "type": "Feature"
    },
    {
      "geometry": {
        "coordinates": [
          27.49912392,
          -11.74151586
        ],
        "type": "Point"
      },
      "properties": {
        "chainage_m": 21172.1,
        "civil_class": "elevated",
        "investigation_flags": [
          "acidic-soil-durability-testing",
          "fine-soil-plasticity-and-shrink-swell-tests",
          "granular-density-and-groundwater-tests"
        ],
        "lat": -11.74151586,
        "line": "line-5",
        "lon": 27.49912392,
        "sample_id": "segment:line-5-civil-032:0001",
        "scope_id": "line-5-civil-032",
        "scope_type": "civil_segment"
      },
      "type": "Feature"
    },
    {
      "geometry": {
        "coordinates": [
          27.4991227,
          -11.74160458
        ],
        "type": "Point"
      },
      "properties": {
        "chainage_m": 21182.1,
        "civil_class": "elevated",
        "investigation_flags": [
          "acidic-soil-durability-testing",
          "fine-soil-plasticity-and-shrink-swell-tests",
          "granular-density-and-groundwater-tests"
        ],
        "lat": -11.74160458,
        "line": "line-5",
        "lon": 27.4991227,
        "sample_id": "segment:line-5-civil-032:0002",
        "scope_id": "line-5-civil-032",
        "scope_type": "civil_segment"
      },
      "type": "Feature"
    },
    {
      "geometry": {
        "coordinates": [
          27.4991227,
          -11.74160458
        ],
        "type": "Point"
      },
      "properties": {
        "chainage_m": 21182.1,
        "civil_class": "at-grade",
        "investigation_flags": [
          "acidic-soil-durability-testing",
          "fine-soil-plasticity-and-shrink-swell-tests",
          "granular-density-and-groundwater-tests"
        ],
        "lat": -11.74160458,
        "line": "line-5",
        "lon": 27.4991227,
        "sample_id": "segment:line-5-civil-033:0000",
        "scope_id": "line-5-civil-033",
        "scope_type": "civil_segment"
      },
      "type": "Feature"
    },
    {
      "geometry": {
        "coordinates": [
          27.49784741,
          -11.74232444
        ],
        "type": "Point"
      },
      "properties": {
        "chainage_m": 21441.1,
        "civil_class": "at-grade",
        "investigation_flags": [
          "acidic-soil-durability-testing",
          "fine-soil-plasticity-and-shrink-swell-tests",
          "granular-density-and-groundwater-tests"
        ],
        "lat": -11.74232444,
        "line": "line-5",
        "lon": 27.49784741,
        "sample_id": "segment:line-5-civil-033:0001",
        "scope_id": "line-5-civil-033",
        "scope_type": "civil_segment"
      },
      "type": "Feature"
    },
    {
      "geometry": {
        "coordinates": [
          27.49618685,
          -11.74088471
        ],
        "type": "Point"
      },
      "properties": {
        "chainage_m": 21700.1,
        "civil_class": "at-grade",
        "investigation_flags": [
          "acidic-soil-durability-testing",
          "fine-soil-plasticity-and-shrink-swell-tests",
          "granular-density-and-groundwater-tests"
        ],
        "lat": -11.74088471,
        "line": "line-5",
        "lon": 27.49618685,
        "sample_id": "segment:line-5-civil-033:0002",
        "scope_id": "line-5-civil-033",
        "scope_type": "civil_segment"
      },
      "type": "Feature"
    },
    {
      "geometry": {
        "coordinates": [
          27.49618685,
          -11.74088471
        ],
        "type": "Point"
      },
      "properties": {
        "chainage_m": 21700.1,
        "civil_class": "elevated",
        "investigation_flags": [
          "acidic-soil-durability-testing",
          "fine-soil-plasticity-and-shrink-swell-tests",
          "granular-density-and-groundwater-tests"
        ],
        "lat": -11.74088471,
        "line": "line-5",
        "lon": 27.49618685,
        "sample_id": "segment:line-5-civil-034:0000",
        "scope_id": "line-5-civil-034",
        "scope_type": "civil_segment"
      },
      "type": "Feature"
    },
    {
      "geometry": {
        "coordinates": [
          27.49609505,
          -11.74088471
        ],
        "type": "Point"
      },
      "properties": {
        "chainage_m": 21710.1,
        "civil_class": "elevated",
        "investigation_flags": [
          "acidic-soil-durability-testing",
          "fine-soil-plasticity-and-shrink-swell-tests",
          "granular-density-and-groundwater-tests"
        ],
        "lat": -11.74088471,
        "line": "line-5",
        "lon": 27.49609505,
        "sample_id": "segment:line-5-civil-034:0001",
        "scope_id": "line-5-civil-034",
        "scope_type": "civil_segment"
      },
      "type": "Feature"
    },
    {
      "geometry": {
        "coordinates": [
          27.49600553,
          -11.74088247
        ],
        "type": "Point"
      },
      "properties": {
        "chainage_m": 21720.1,
        "civil_class": "elevated",
        "investigation_flags": [
          "acidic-soil-durability-testing",
          "fine-soil-plasticity-and-shrink-swell-tests",
          "granular-density-and-groundwater-tests"
        ],
        "lat": -11.74088247,
        "line": "line-5",
        "lon": 27.49600553,
        "sample_id": "segment:line-5-civil-034:0002",
        "scope_id": "line-5-civil-034",
        "scope_type": "civil_segment"
      },
      "type": "Feature"
    },
    {
      "geometry": {
        "coordinates": [
          27.49600553,
          -11.74088247
        ],
        "type": "Point"
      },
      "properties": {
        "chainage_m": 21720.1,
        "civil_class": "at-grade",
        "investigation_flags": [
          "acidic-soil-durability-testing",
          "fine-soil-plasticity-and-shrink-swell-tests",
          "granular-density-and-groundwater-tests"
        ],
        "lat": -11.74088247,
        "line": "line-5",
        "lon": 27.49600553,
        "sample_id": "segment:line-5-civil-035:0000",
        "scope_id": "line-5-civil-035",
        "scope_type": "civil_segment"
      },
      "type": "Feature"
    },
    {
      "geometry": {
        "coordinates": [
          27.49600553,
          -11.74079255
        ],
        "type": "Point"
      },
      "properties": {
        "chainage_m": 21730.1,
        "civil_class": "at-grade",
        "investigation_flags": [
          "acidic-soil-durability-testing",
          "fine-soil-plasticity-and-shrink-swell-tests",
          "granular-density-and-groundwater-tests"
        ],
        "lat": -11.74079255,
        "line": "line-5",
        "lon": 27.49600553,
        "sample_id": "segment:line-5-civil-035:0001",
        "scope_id": "line-5-civil-035",
        "scope_type": "civil_segment"
      },
      "type": "Feature"
    },
    {
      "geometry": {
        "coordinates": [
          27.49600338,
          -11.74070475
        ],
        "type": "Point"
      },
      "properties": {
        "chainage_m": 21740.1,
        "civil_class": "at-grade",
        "investigation_flags": [
          "acidic-soil-durability-testing",
          "fine-soil-plasticity-and-shrink-swell-tests",
          "granular-density-and-groundwater-tests"
        ],
        "lat": -11.74070475,
        "line": "line-5",
        "lon": 27.49600338,
        "sample_id": "segment:line-5-civil-035:0002",
        "scope_id": "line-5-civil-035",
        "scope_type": "civil_segment"
      },
      "type": "Feature"
    },
    {
      "geometry": {
        "coordinates": [
          27.49600338,
          -11.74070475
        ],
        "type": "Point"
      },
      "properties": {
        "chainage_m": 21740.1,
        "civil_class": "elevated",
        "investigation_flags": [
          "acidic-soil-durability-testing",
          "fine-soil-plasticity-and-shrink-swell-tests",
          "granular-density-and-groundwater-tests"
        ],
        "lat": -11.74070475,
        "line": "line-5",
        "lon": 27.49600338,
        "sample_id": "segment:line-5-civil-036:0000",
        "scope_id": "line-5-civil-036",
        "scope_type": "civil_segment"
      },
      "type": "Feature"
    },
    {
      "geometry": {
        "coordinates": [
          27.49591158,
          -11.74070475
        ],
        "type": "Point"
      },
      "properties": {
        "chainage_m": 21750.1,
        "civil_class": "elevated",
        "investigation_flags": [
          "acidic-soil-durability-testing",
          "fine-soil-plasticity-and-shrink-swell-tests",
          "granular-density-and-groundwater-tests"
        ],
        "lat": -11.74070475,
        "line": "line-5",
        "lon": 27.49591158,
        "sample_id": "segment:line-5-civil-036:0001",
        "scope_id": "line-5-civil-036",
        "scope_type": "civil_segment"
      },
      "type": "Feature"
    },
    {
      "geometry": {
        "coordinates": [
          27.49582045,
          -11.74070313
        ],
        "type": "Point"
      },
      "properties": {
        "chainage_m": 21760.1,
        "civil_class": "elevated",
        "investigation_flags": [
          "acidic-soil-durability-testing",
          "fine-soil-plasticity-and-shrink-swell-tests",
          "granular-density-and-groundwater-tests"
        ],
        "lat": -11.74070313,
        "line": "line-5",
        "lon": 27.49582045,
        "sample_id": "segment:line-5-civil-036:0002",
        "scope_id": "line-5-civil-036",
        "scope_type": "civil_segment"
      },
      "type": "Feature"
    },
    {
      "geometry": {
        "coordinates": [
          27.49582045,
          -11.74070313
        ],
        "type": "Point"
      },
      "properties": {
        "chainage_m": 21760.1,
        "civil_class": "at-grade",
        "investigation_flags": [
          "acidic-soil-durability-testing",
          "fine-soil-plasticity-and-shrink-swell-tests",
          "granular-density-and-groundwater-tests"
        ],
        "lat": -11.74070313,
        "line": "line-5",
        "lon": 27.49582045,
        "sample_id": "segment:line-5-civil-037:0000",
        "scope_id": "line-5-civil-037",
        "scope_type": "civil_segment"
      },
      "type": "Feature"
    },
    {
      "geometry": {
        "coordinates": [
          27.49485383,
          -11.73975479
        ],
        "type": "Point"
      },
      "properties": {
        "chainage_m": 21909.1,
        "civil_class": "at-grade",
        "investigation_flags": [
          "acidic-soil-durability-testing",
          "fine-soil-plasticity-and-shrink-swell-tests",
          "granular-density-and-groundwater-tests"
        ],
        "lat": -11.73975479,
        "line": "line-5",
        "lon": 27.49485383,
        "sample_id": "segment:line-5-civil-037:0001",
        "scope_id": "line-5-civil-037",
        "scope_type": "civil_segment"
      },
      "type": "Feature"
    },
    {
      "geometry": {
        "coordinates": [
          27.49398489,
          -11.73908505
        ],
        "type": "Point"
      },
      "properties": {
        "chainage_m": 22058.1,
        "civil_class": "at-grade",
        "investigation_flags": [
          "acidic-soil-durability-testing",
          "fine-soil-plasticity-and-shrink-swell-tests",
          "granular-density-and-groundwater-tests"
        ],
        "lat": -11.73908505,
        "line": "line-5",
        "lon": 27.49398489,
        "sample_id": "segment:line-5-civil-037:0002",
        "scope_id": "line-5-civil-037",
        "scope_type": "civil_segment"
      },
      "type": "Feature"
    },
    {
      "geometry": {
        "coordinates": [
          27.49398489,
          -11.73908505
        ],
        "type": "Point"
      },
      "properties": {
        "chainage_m": 22058.1,
        "civil_class": "bridge",
        "investigation_flags": [
          "acidic-soil-durability-testing",
          "fine-soil-plasticity-and-shrink-swell-tests",
          "granular-density-and-groundwater-tests"
        ],
        "lat": -11.73908505,
        "line": "line-5",
        "lon": 27.49398489,
        "sample_id": "segment:line-5-civil-038:0000",
        "scope_id": "line-5-civil-038",
        "scope_type": "civil_segment"
      },
      "type": "Feature"
    },
    {
      "geometry": {
        "coordinates": [
          27.49362088,
          -11.73908244
        ],
        "type": "Point"
      },
      "properties": {
        "chainage_m": 22098.1,
        "civil_class": "bridge",
        "investigation_flags": [
          "acidic-soil-durability-testing",
          "fine-soil-plasticity-and-shrink-swell-tests",
          "granular-density-and-groundwater-tests"
        ],
        "lat": -11.73908244,
        "line": "line-5",
        "lon": 27.49362088,
        "sample_id": "segment:line-5-civil-038:0001",
        "scope_id": "line-5-civil-038",
        "scope_type": "civil_segment"
      },
      "type": "Feature"
    },
    {
      "geometry": {
        "coordinates": [
          27.49343515,
          -11.73890283
        ],
        "type": "Point"
      },
      "properties": {
        "chainage_m": 22138.1,
        "civil_class": "bridge",
        "investigation_flags": [
          "acidic-soil-durability-testing",
          "fine-soil-plasticity-and-shrink-swell-tests",
          "granular-density-and-groundwater-tests"
        ],
        "lat": -11.73890283,
        "line": "line-5",
        "lon": 27.49343515,
        "sample_id": "segment:line-5-civil-038:0002",
        "scope_id": "line-5-civil-038",
        "scope_type": "civil_segment"
      },
      "type": "Feature"
    },
    {
      "geometry": {
        "coordinates": [
          27.49343515,
          -11.73890283
        ],
        "type": "Point"
      },
      "properties": {
        "chainage_m": 22138.1,
        "civil_class": "at-grade",
        "investigation_flags": [
          "acidic-soil-durability-testing",
          "fine-soil-plasticity-and-shrink-swell-tests",
          "granular-density-and-groundwater-tests"
        ],
        "lat": -11.73890283,
        "line": "line-5",
        "lon": 27.49343515,
        "sample_id": "segment:line-5-civil-039:0000",
        "scope_id": "line-5-civil-039",
        "scope_type": "civil_segment"
      },
      "type": "Feature"
    },
    {
      "geometry": {
        "coordinates": [
          27.48706336,
          -11.73602563
        ],
        "type": "Point"
      },
      "properties": {
        "chainage_m": 22964.35,
        "civil_class": "at-grade",
        "investigation_flags": [
          "acidic-soil-durability-testing",
          "fine-soil-plasticity-and-shrink-swell-tests",
          "granular-density-and-groundwater-tests"
        ],
        "lat": -11.73602563,
        "line": "line-5",
        "lon": 27.48706336,
        "sample_id": "segment:line-5-civil-039:0001",
        "scope_id": "line-5-civil-039",
        "scope_type": "civil_segment"
      },
      "type": "Feature"
    },
    {
      "geometry": {
        "coordinates": [
          27.4854671,
          -11.73602563
        ],
        "type": "Point"
      },
      "properties": {
        "chainage_m": 23138.408,
        "civil_class": "at-grade",
        "investigation_flags": [
          "acidic-soil-durability-testing",
          "fine-soil-plasticity-and-shrink-swell-tests",
          "granular-density-and-groundwater-tests"
        ],
        "lat": -11.73602563,
        "line": "line-5",
        "lon": 27.4854671,
        "sample_id": "segment:line-5-civil-039:0002",
        "scope_id": "line-5-civil-039",
        "scope_type": "civil_segment"
      },
      "type": "Feature"
    },
    {
      "geometry": {
        "coordinates": [
          27.48003382,
          -11.73548573
        ],
        "type": "Point"
      },
      "properties": {
        "chainage_m": 23790.6,
        "civil_class": "at-grade",
        "investigation_flags": [
          "acidic-soil-durability-testing",
          "fine-soil-plasticity-and-shrink-swell-tests",
          "granular-density-and-groundwater-tests"
        ],
        "lat": -11.73548573,
        "line": "line-5",
        "lon": 27.48003382,
        "sample_id": "segment:line-5-civil-039:0003",
        "scope_id": "line-5-civil-039",
        "scope_type": "civil_segment"
      },
      "type": "Feature"
    },
    {
      "geometry": {
        "coordinates": [
          27.48003382,
          -11.73548573
        ],
        "type": "Point"
      },
      "properties": {
        "chainage_m": 23790.6,
        "civil_class": "elevated",
        "investigation_flags": [
          "acidic-soil-durability-testing",
          "fine-soil-plasticity-and-shrink-swell-tests",
          "granular-density-and-groundwater-tests"
        ],
        "lat": -11.73548573,
        "line": "line-5",
        "lon": 27.48003382,
        "sample_id": "segment:line-5-civil-040:0000",
        "scope_id": "line-5-civil-040",
        "scope_type": "civil_segment"
      },
      "type": "Feature"
    },
    {
      "geometry": {
        "coordinates": [
          27.47994202,
          -11.73548573
        ],
        "type": "Point"
      },
      "properties": {
        "chainage_m": 23800.6,
        "civil_class": "elevated",
        "investigation_flags": [
          "acidic-soil-durability-testing",
          "fine-soil-plasticity-and-shrink-swell-tests",
          "granular-density-and-groundwater-tests"
        ],
        "lat": -11.73548573,
        "line": "line-5",
        "lon": 27.47994202,
        "sample_id": "segment:line-5-civil-040:0001",
        "scope_id": "line-5-civil-040",
        "scope_type": "civil_segment"
      },
      "type": "Feature"
    },
    {
      "geometry": {
        "coordinates": [
          27.47985021,
          -11.73548573
        ],
        "type": "Point"
      },
      "properties": {
        "chainage_m": 23810.6,
        "civil_class": "elevated",
        "investigation_flags": [
          "acidic-soil-durability-testing",
          "fine-soil-plasticity-and-shrink-swell-tests",
          "granular-density-and-groundwater-tests"
        ],
        "lat": -11.73548573,
        "line": "line-5",
        "lon": 27.47985021,
        "sample_id": "segment:line-5-civil-040:0002",
        "scope_id": "line-5-civil-040",
        "scope_type": "civil_segment"
      },
      "type": "Feature"
    },
    {
      "geometry": {
        "coordinates": [
          27.47985021,
          -11.73548573
        ],
        "type": "Point"
      },
      "properties": {
        "chainage_m": 23810.6,
        "civil_class": "at-grade",
        "investigation_flags": [
          "acidic-soil-durability-testing",
          "fine-soil-plasticity-and-shrink-swell-tests",
          "granular-density-and-groundwater-tests"
        ],
        "lat": -11.73548573,
        "line": "line-5",
        "lon": 27.47985021,
        "sample_id": "segment:line-5-civil-041:0000",
        "scope_id": "line-5-civil-041",
        "scope_type": "civil_segment"
      },
      "type": "Feature"
    },
    {
      "geometry": {
        "coordinates": [
          27.47967985,
          -11.73547323
        ],
        "type": "Point"
      },
      "properties": {
        "chainage_m": 23830.6,
        "civil_class": "at-grade",
        "investigation_flags": [
          "acidic-soil-durability-testing",
          "fine-soil-plasticity-and-shrink-swell-tests",
          "granular-density-and-groundwater-tests"
        ],
        "lat": -11.73547323,
        "line": "line-5",
        "lon": 27.47967985,
        "sample_id": "segment:line-5-civil-041:0001",
        "scope_id": "line-5-civil-041",
        "scope_type": "civil_segment"
      },
      "type": "Feature"
    },
    {
      "geometry": {
        "coordinates": [
          27.47966674,
          -11.73530576
        ],
        "type": "Point"
      },
      "properties": {
        "chainage_m": 23850.6,
        "civil_class": "at-grade",
        "investigation_flags": [
          "acidic-soil-durability-testing",
          "fine-soil-plasticity-and-shrink-swell-tests",
          "granular-density-and-groundwater-tests"
        ],
        "lat": -11.73530576,
        "line": "line-5",
        "lon": 27.47966674,
        "sample_id": "segment:line-5-civil-041:0002",
        "scope_id": "line-5-civil-041",
        "scope_type": "civil_segment"
      },
      "type": "Feature"
    },
    {
      "geometry": {
        "coordinates": [
          27.47966674,
          -11.73530576
        ],
        "type": "Point"
      },
      "properties": {
        "chainage_m": 23850.6,
        "civil_class": "elevated",
        "investigation_flags": [
          "acidic-soil-durability-testing",
          "fine-soil-plasticity-and-shrink-swell-tests",
          "granular-density-and-groundwater-tests"
        ],
        "lat": -11.73530576,
        "line": "line-5",
        "lon": 27.47966674,
        "sample_id": "segment:line-5-civil-042:0000",
        "scope_id": "line-5-civil-042",
        "scope_type": "civil_segment"
      },
      "type": "Feature"
    },
    {
      "geometry": {
        "coordinates": [
          27.47957493,
          -11.73530576
        ],
        "type": "Point"
      },
      "properties": {
        "chainage_m": 23860.6,
        "civil_class": "elevated",
        "investigation_flags": [
          "acidic-soil-durability-testing",
          "fine-soil-plasticity-and-shrink-swell-tests",
          "granular-density-and-groundwater-tests"
        ],
        "lat": -11.73530576,
        "line": "line-5",
        "lon": 27.47957493,
        "sample_id": "segment:line-5-civil-042:0001",
        "scope_id": "line-5-civil-042",
        "scope_type": "civil_segment"
      },
      "type": "Feature"
    },
    {
      "geometry": {
        "coordinates": [
          27.47948313,
          -11.73530576
        ],
        "type": "Point"
      },
      "properties": {
        "chainage_m": 23870.6,
        "civil_class": "elevated",
        "investigation_flags": [
          "acidic-soil-durability-testing",
          "fine-soil-plasticity-and-shrink-swell-tests",
          "granular-density-and-groundwater-tests"
        ],
        "lat": -11.73530576,
        "line": "line-5",
        "lon": 27.47948313,
        "sample_id": "segment:line-5-civil-042:0002",
        "scope_id": "line-5-civil-042",
        "scope_type": "civil_segment"
      },
      "type": "Feature"
    },
    {
      "geometry": {
        "coordinates": [
          27.47948313,
          -11.73530576
        ],
        "type": "Point"
      },
      "properties": {
        "chainage_m": 23870.6,
        "civil_class": "at-grade",
        "investigation_flags": [
          "acidic-soil-durability-testing",
          "fine-soil-plasticity-and-shrink-swell-tests",
          "granular-density-and-groundwater-tests"
        ],
        "lat": -11.73530576,
        "line": "line-5",
        "lon": 27.47948313,
        "sample_id": "segment:line-5-civil-043:0000",
        "scope_id": "line-5-civil-043",
        "scope_type": "civil_segment"
      },
      "type": "Feature"
    },
    {
      "geometry": {
        "coordinates": [
          27.47931298,
          -11.73529305
        ],
        "type": "Point"
      },
      "properties": {
        "chainage_m": 23890.6,
        "civil_class": "at-grade",
        "investigation_flags": [
          "acidic-soil-durability-testing",
          "fine-soil-plasticity-and-shrink-swell-tests",
          "granular-density-and-groundwater-tests"
        ],
        "lat": -11.73529305,
        "line": "line-5",
        "lon": 27.47931298,
        "sample_id": "segment:line-5-civil-043:0001",
        "scope_id": "line-5-civil-043",
        "scope_type": "civil_segment"
      },
      "type": "Feature"
    },
    {
      "geometry": {
        "coordinates": [
          27.47929966,
          -11.7351258
        ],
        "type": "Point"
      },
      "properties": {
        "chainage_m": 23910.6,
        "civil_class": "at-grade",
        "investigation_flags": [
          "acidic-soil-durability-testing",
          "fine-soil-plasticity-and-shrink-swell-tests",
          "granular-density-and-groundwater-tests"
        ],
        "lat": -11.7351258,
        "line": "line-5",
        "lon": 27.47929966,
        "sample_id": "segment:line-5-civil-043:0002",
        "scope_id": "line-5-civil-043",
        "scope_type": "civil_segment"
      },
      "type": "Feature"
    },
    {
      "geometry": {
        "coordinates": [
          27.47929966,
          -11.7351258
        ],
        "type": "Point"
      },
      "properties": {
        "chainage_m": 23910.6,
        "civil_class": "elevated",
        "investigation_flags": [
          "acidic-soil-durability-testing",
          "fine-soil-plasticity-and-shrink-swell-tests",
          "granular-density-and-groundwater-tests"
        ],
        "lat": -11.7351258,
        "line": "line-5",
        "lon": 27.47929966,
        "sample_id": "segment:line-5-civil-044:0000",
        "scope_id": "line-5-civil-044",
        "scope_type": "civil_segment"
      },
      "type": "Feature"
    },
    {
      "geometry": {
        "coordinates": [
          27.47920785,
          -11.7351258
        ],
        "type": "Point"
      },
      "properties": {
        "chainage_m": 23920.6,
        "civil_class": "elevated",
        "investigation_flags": [
          "acidic-soil-durability-testing",
          "fine-soil-plasticity-and-shrink-swell-tests",
          "granular-density-and-groundwater-tests"
        ],
        "lat": -11.7351258,
        "line": "line-5",
        "lon": 27.47920785,
        "sample_id": "segment:line-5-civil-044:0001",
        "scope_id": "line-5-civil-044",
        "scope_type": "civil_segment"
      },
      "type": "Feature"
    },
    {
      "geometry": {
        "coordinates": [
          27.47911604,
          -11.7351258
        ],
        "type": "Point"
      },
      "properties": {
        "chainage_m": 23930.6,
        "civil_class": "elevated",
        "investigation_flags": [
          "acidic-soil-durability-testing",
          "fine-soil-plasticity-and-shrink-swell-tests",
          "granular-density-and-groundwater-tests"
        ],
        "lat": -11.7351258,
        "line": "line-5",
        "lon": 27.47911604,
        "sample_id": "segment:line-5-civil-044:0002",
        "scope_id": "line-5-civil-044",
        "scope_type": "civil_segment"
      },
      "type": "Feature"
    },
    {
      "geometry": {
        "coordinates": [
          27.47911604,
          -11.7351258
        ],
        "type": "Point"
      },
      "properties": {
        "chainage_m": 23930.6,
        "civil_class": "at-grade",
        "investigation_flags": [
          "acidic-soil-durability-testing",
          "fine-soil-plasticity-and-shrink-swell-tests",
          "granular-density-and-groundwater-tests"
        ],
        "lat": -11.7351258,
        "line": "line-5",
        "lon": 27.47911604,
        "sample_id": "segment:line-5-civil-045:0000",
        "scope_id": "line-5-civil-045",
        "scope_type": "civil_segment"
      },
      "type": "Feature"
    },
    {
      "geometry": {
        "coordinates": [
          27.47526675,
          -11.73567616
        ],
        "type": "Point"
      },
      "properties": {
        "chainage_m": 24455.45,
        "civil_class": "at-grade",
        "investigation_flags": [
          "acidic-soil-durability-testing",
          "fine-soil-plasticity-and-shrink-swell-tests",
          "granular-density-and-groundwater-tests"
        ],
        "lat": -11.73567616,
        "line": "line-5",
        "lon": 27.47526675,
        "sample_id": "segment:line-5-civil-045:0001",
        "scope_id": "line-5-civil-045",
        "scope_type": "civil_segment"
      },
      "type": "Feature"
    },
    {
      "geometry": {
        "coordinates": [
          27.47203851,
          -11.73566569
        ],
        "type": "Point"
      },
      "properties": {
        "chainage_m": 24931.507,
        "civil_class": "at-grade",
        "investigation_flags": [
          "acidic-soil-durability-testing",
          "fine-soil-plasticity-and-shrink-swell-tests",
          "granular-density-and-groundwater-tests"
        ],
        "lat": -11.73566569,
        "line": "line-5",
        "lon": 27.47203851,
        "sample_id": "segment:line-5-civil-045:0002",
        "scope_id": "line-5-civil-045",
        "scope_type": "civil_segment"
      },
      "type": "Feature"
    },
    {
      "geometry": {
        "coordinates": [
          27.47177393,
          -11.73584566
        ],
        "type": "Point"
      },
      "properties": {
        "chainage_m": 24980.3,
        "civil_class": "at-grade",
        "investigation_flags": [
          "acidic-soil-durability-testing",
          "fine-soil-plasticity-and-shrink-swell-tests",
          "granular-density-and-groundwater-tests"
        ],
        "lat": -11.73584566,
        "line": "line-5",
        "lon": 27.47177393,
        "sample_id": "segment:line-5-civil-045:0003",
        "scope_id": "line-5-civil-045",
        "scope_type": "civil_segment"
      },
      "type": "Feature"
    },
    {
      "geometry": {
        "coordinates": [
          27.47177393,
          -11.73584566
        ],
        "type": "Point"
      },
      "properties": {
        "chainage_m": 24980.3,
        "civil_class": "elevated",
        "investigation_flags": [
          "acidic-soil-durability-testing",
          "fine-soil-plasticity-and-shrink-swell-tests",
          "granular-density-and-groundwater-tests"
        ],
        "lat": -11.73584566,
        "line": "line-5",
        "lon": 27.47177393,
        "sample_id": "segment:line-5-civil-046:0000",
        "scope_id": "line-5-civil-046",
        "scope_type": "civil_segment"
      },
      "type": "Feature"
    },
    {
      "geometry": {
        "coordinates": [
          27.47168213,
          -11.73584566
        ],
        "type": "Point"
      },
      "properties": {
        "chainage_m": 24990.3,
        "civil_class": "elevated",
        "investigation_flags": [
          "acidic-soil-durability-testing",
          "fine-soil-plasticity-and-shrink-swell-tests",
          "granular-density-and-groundwater-tests"
        ],
        "lat": -11.73584566,
        "line": "line-5",
        "lon": 27.47168213,
        "sample_id": "segment:line-5-civil-046:0001",
        "scope_id": "line-5-civil-046",
        "scope_type": "civil_segment"
      },
      "type": "Feature"
    },
    {
      "geometry": {
        "coordinates": [
          27.47159032,
          -11.73584566
        ],
        "type": "Point"
      },
      "properties": {
        "chainage_m": 25000.3,
        "civil_class": "elevated",
        "investigation_flags": [
          "acidic-soil-durability-testing",
          "fine-soil-plasticity-and-shrink-swell-tests",
          "granular-density-and-groundwater-tests"
        ],
        "lat": -11.73584566,
        "line": "line-5",
        "lon": 27.47159032,
        "sample_id": "segment:line-5-civil-046:0002",
        "scope_id": "line-5-civil-046",
        "scope_type": "civil_segment"
      },
      "type": "Feature"
    },
    {
      "geometry": {
        "coordinates": [
          27.47159032,
          -11.73584566
        ],
        "type": "Point"
      },
      "properties": {
        "chainage_m": 25000.3,
        "civil_class": "at-grade",
        "investigation_flags": [
          "acidic-soil-durability-testing",
          "fine-soil-plasticity-and-shrink-swell-tests",
          "granular-density-and-groundwater-tests"
        ],
        "lat": -11.73584566,
        "line": "line-5",
        "lon": 27.47159032,
        "sample_id": "segment:line-5-civil-047:0000",
        "scope_id": "line-5-civil-047",
        "scope_type": "civil_segment"
      },
      "type": "Feature"
    },
    {
      "geometry": {
        "coordinates": [
          27.47045277,
          -11.73543143
        ],
        "type": "Point"
      },
      "properties": {
        "chainage_m": 25195.15,
        "civil_class": "at-grade",
        "investigation_flags": [
          "acidic-soil-durability-testing",
          "fine-soil-plasticity-and-shrink-swell-tests",
          "granular-density-and-groundwater-tests"
        ],
        "lat": -11.73543143,
        "line": "line-5",
        "lon": 27.47045277,
        "sample_id": "segment:line-5-civil-047:0001",
        "scope_id": "line-5-civil-047",
        "scope_type": "civil_segment"
      },
      "type": "Feature"
    },
    {
      "geometry": {
        "coordinates": [
          27.46940751,
          -11.73420747
        ],
        "type": "Point"
      },
      "properties": {
        "chainage_m": 25390.0,
        "civil_class": "at-grade",
        "investigation_flags": [
          "acidic-soil-durability-testing",
          "fine-soil-plasticity-and-shrink-swell-tests",
          "granular-density-and-groundwater-tests"
        ],
        "lat": -11.73420747,
        "line": "line-5",
        "lon": 27.46940751,
        "sample_id": "segment:line-5-civil-047:0002",
        "scope_id": "line-5-civil-047",
        "scope_type": "civil_segment"
      },
      "type": "Feature"
    },
    {
      "geometry": {
        "coordinates": [
          27.46940751,
          -11.73420747
        ],
        "type": "Point"
      },
      "properties": {
        "chainage_m": 25390.0,
        "civil_class": "elevated",
        "investigation_flags": [
          "acidic-soil-durability-testing",
          "fine-soil-plasticity-and-shrink-swell-tests",
          "granular-density-and-groundwater-tests"
        ],
        "lat": -11.73420747,
        "line": "line-5",
        "lon": 27.46940751,
        "sample_id": "segment:line-5-civil-048:0000",
        "scope_id": "line-5-civil-048",
        "scope_type": "civil_segment"
      },
      "type": "Feature"
    },
    {
      "geometry": {
        "coordinates": [
          27.46940751,
          -11.7341175
        ],
        "type": "Point"
      },
      "properties": {
        "chainage_m": 25400.0,
        "civil_class": "elevated",
        "investigation_flags": [
          "acidic-soil-durability-testing",
          "fine-soil-plasticity-and-shrink-swell-tests",
          "granular-density-and-groundwater-tests"
        ],
        "lat": -11.7341175,
        "line": "line-5",
        "lon": 27.46940751,
        "sample_id": "segment:line-5-civil-048:0001",
        "scope_id": "line-5-civil-048",
        "scope_type": "civil_segment"
      },
      "type": "Feature"
    },
    {
      "geometry": {
        "coordinates": [
          27.46938877,
          -11.734046
        ],
        "type": "Point"
      },
      "properties": {
        "chainage_m": 25410.0,
        "civil_class": "elevated",
        "investigation_flags": [
          "acidic-soil-durability-testing",
          "fine-soil-plasticity-and-shrink-swell-tests",
          "granular-density-and-groundwater-tests"
        ],
        "lat": -11.734046,
        "line": "line-5",
        "lon": 27.46938877,
        "sample_id": "segment:line-5-civil-048:0002",
        "scope_id": "line-5-civil-048",
        "scope_type": "civil_segment"
      },
      "type": "Feature"
    },
    {
      "geometry": {
        "coordinates": [
          27.46938877,
          -11.734046
        ],
        "type": "Point"
      },
      "properties": {
        "chainage_m": 25410.0,
        "civil_class": "at-grade",
        "investigation_flags": [
          "acidic-soil-durability-testing",
          "fine-soil-plasticity-and-shrink-swell-tests",
          "granular-density-and-groundwater-tests"
        ],
        "lat": -11.734046,
        "line": "line-5",
        "lon": 27.46938877,
        "sample_id": "segment:line-5-civil-049:0000",
        "scope_id": "line-5-civil-049",
        "scope_type": "civil_segment"
      },
      "type": "Feature"
    },
    {
      "geometry": {
        "coordinates": [
          27.46905435,
          -11.73369952
        ],
        "type": "Point"
      },
      "properties": {
        "chainage_m": 25474.15,
        "civil_class": "at-grade",
        "investigation_flags": [
          "acidic-soil-durability-testing",
          "fine-soil-plasticity-and-shrink-swell-tests",
          "granular-density-and-groundwater-tests"
        ],
        "lat": -11.73369952,
        "line": "line-5",
        "lon": 27.46905435,
        "sample_id": "segment:line-5-civil-049:0001",
        "scope_id": "line-5-civil-049",
        "scope_type": "civil_segment"
      },
      "type": "Feature"
    },
    {
      "geometry": {
        "coordinates": [
          27.46884389,
          -11.73331307
        ],
        "type": "Point"
      },
      "properties": {
        "chainage_m": 25538.3,
        "civil_class": "at-grade",
        "investigation_flags": [
          "acidic-soil-durability-testing",
          "fine-soil-plasticity-and-shrink-swell-tests",
          "granular-density-and-groundwater-tests"
        ],
        "lat": -11.73331307,
        "line": "line-5",
        "lon": 27.46884389,
        "sample_id": "segment:line-5-civil-049:0002",
        "scope_id": "line-5-civil-049",
        "scope_type": "civil_segment"
      },
      "type": "Feature"
    },
    {
      "geometry": {
        "coordinates": [
          27.46884389,
          -11.73331307
        ],
        "type": "Point"
      },
      "properties": {
        "chainage_m": 25538.3,
        "civil_class": "elevated",
        "investigation_flags": [
          "acidic-soil-durability-testing",
          "fine-soil-plasticity-and-shrink-swell-tests",
          "granular-density-and-groundwater-tests"
        ],
        "lat": -11.73331307,
        "line": "line-5",
        "lon": 27.46884389,
        "sample_id": "segment:line-5-civil-050:0000",
        "scope_id": "line-5-civil-050",
        "scope_type": "civil_segment"
      },
      "type": "Feature"
    },
    {
      "geometry": {
        "coordinates": [
          27.46875211,
          -11.73322303
        ],
        "type": "Point"
      },
      "properties": {
        "chainage_m": 25552.45,
        "civil_class": "elevated",
        "investigation_flags": [
          "acidic-soil-durability-testing",
          "fine-soil-plasticity-and-shrink-swell-tests",
          "granular-density-and-groundwater-tests"
        ],
        "lat": -11.73322303,
        "line": "line-5",
        "lon": 27.46875211,
        "sample_id": "segment:line-5-civil-050:0001",
        "scope_id": "line-5-civil-050",
        "scope_type": "civil_segment"
      },
      "type": "Feature"
    },
    {
      "geometry": {
        "coordinates": [
          27.46866033,
          -11.73313299
        ],
        "type": "Point"
      },
      "properties": {
        "chainage_m": 25566.6,
        "civil_class": "elevated",
        "investigation_flags": [
          "acidic-soil-durability-testing",
          "fine-soil-plasticity-and-shrink-swell-tests",
          "granular-density-and-groundwater-tests"
        ],
        "lat": -11.73313299,
        "line": "line-5",
        "lon": 27.46866033,
        "sample_id": "segment:line-5-civil-050:0002",
        "scope_id": "line-5-civil-050",
        "scope_type": "civil_segment"
      },
      "type": "Feature"
    },
    {
      "geometry": {
        "coordinates": [
          27.46866033,
          -11.73313299
        ],
        "type": "Point"
      },
      "properties": {
        "chainage_m": 25566.6,
        "civil_class": "at-grade",
        "investigation_flags": [
          "acidic-soil-durability-testing",
          "fine-soil-plasticity-and-shrink-swell-tests",
          "granular-density-and-groundwater-tests"
        ],
        "lat": -11.73313299,
        "line": "line-5",
        "lon": 27.46866033,
        "sample_id": "segment:line-5-civil-051:0000",
        "scope_id": "line-5-civil-051",
        "scope_type": "civil_segment"
      },
      "type": "Feature"
    },
    {
      "geometry": {
        "coordinates": [
          27.46849034,
          -11.73289462
        ],
        "type": "Point"
      },
      "properties": {
        "chainage_m": 25600.75,
        "civil_class": "at-grade",
        "investigation_flags": [
          "acidic-soil-durability-testing",
          "fine-soil-plasticity-and-shrink-swell-tests",
          "granular-density-and-groundwater-tests"
        ],
        "lat": -11.73289462,
        "line": "line-5",
        "lon": 27.46849034,
        "sample_id": "segment:line-5-civil-051:0001",
        "scope_id": "line-5-civil-051",
        "scope_type": "civil_segment"
      },
      "type": "Feature"
    },
    {
      "geometry": {
        "coordinates": [
          27.4683069,
          -11.7327674
        ],
        "type": "Point"
      },
      "properties": {
        "chainage_m": 25634.9,
        "civil_class": "at-grade",
        "investigation_flags": [
          "acidic-soil-durability-testing",
          "fine-soil-plasticity-and-shrink-swell-tests",
          "granular-density-and-groundwater-tests"
        ],
        "lat": -11.7327674,
        "line": "line-5",
        "lon": 27.4683069,
        "sample_id": "segment:line-5-civil-051:0002",
        "scope_id": "line-5-civil-051",
        "scope_type": "civil_segment"
      },
      "type": "Feature"
    },
    {
      "geometry": {
        "coordinates": [
          27.4683069,
          -11.7327674
        ],
        "type": "Point"
      },
      "properties": {
        "chainage_m": 25634.9,
        "civil_class": "elevated",
        "investigation_flags": [
          "acidic-soil-durability-testing",
          "fine-soil-plasticity-and-shrink-swell-tests",
          "granular-density-and-groundwater-tests"
        ],
        "lat": -11.7327674,
        "line": "line-5",
        "lon": 27.4683069,
        "sample_id": "segment:line-5-civil-052:0000",
        "scope_id": "line-5-civil-052",
        "scope_type": "civil_segment"
      },
      "type": "Feature"
    },
    {
      "geometry": {
        "coordinates": [
          27.4683069,
          -11.73267746
        ],
        "type": "Point"
      },
      "properties": {
        "chainage_m": 25644.9,
        "civil_class": "elevated",
        "investigation_flags": [
          "acidic-soil-durability-testing",
          "fine-soil-plasticity-and-shrink-swell-tests",
          "granular-density-and-groundwater-tests"
        ],
        "lat": -11.73267746,
        "line": "line-5",
        "lon": 27.4683069,
        "sample_id": "segment:line-5-civil-052:0001",
        "scope_id": "line-5-civil-052",
        "scope_type": "civil_segment"
      },
      "type": "Feature"
    },
    {
      "geometry": {
        "coordinates": [
          27.46829342,
          -11.73259304
        ],
        "type": "Point"
      },
      "properties": {
        "chainage_m": 25654.9,
        "civil_class": "elevated",
        "investigation_flags": [
          "acidic-soil-durability-testing",
          "fine-soil-plasticity-and-shrink-swell-tests",
          "granular-density-and-groundwater-tests"
        ],
        "lat": -11.73259304,
        "line": "line-5",
        "lon": 27.46829342,
        "sample_id": "segment:line-5-civil-052:0002",
        "scope_id": "line-5-civil-052",
        "scope_type": "civil_segment"
      },
      "type": "Feature"
    },
    {
      "geometry": {
        "coordinates": [
          27.46829342,
          -11.73259304
        ],
        "type": "Point"
      },
      "properties": {
        "chainage_m": 25654.9,
        "civil_class": "at-grade",
        "investigation_flags": [
          "acidic-soil-durability-testing",
          "fine-soil-plasticity-and-shrink-swell-tests",
          "granular-density-and-groundwater-tests"
        ],
        "lat": -11.73259304,
        "line": "line-5",
        "lon": 27.46829342,
        "sample_id": "segment:line-5-civil-053:0000",
        "scope_id": "line-5-civil-053",
        "scope_type": "civil_segment"
      },
      "type": "Feature"
    },
    {
      "geometry": {
        "coordinates": [
          27.4680507,
          -11.7324263
        ],
        "type": "Point"
      },
      "properties": {
        "chainage_m": 25689.05,
        "civil_class": "at-grade",
        "investigation_flags": [
          "acidic-soil-durability-testing",
          "fine-soil-plasticity-and-shrink-swell-tests",
          "granular-density-and-groundwater-tests"
        ],
        "lat": -11.7324263,
        "line": "line-5",
        "lon": 27.4680507,
        "sample_id": "segment:line-5-civil-053:0001",
        "scope_id": "line-5-civil-053",
        "scope_type": "civil_segment"
      },
      "type": "Feature"
    },
    {
      "geometry": {
        "coordinates": [
          27.46792074,
          -11.73224634
        ],
        "type": "Point"
      },
      "properties": {
        "chainage_m": 25723.2,
        "civil_class": "at-grade",
        "investigation_flags": [
          "acidic-soil-durability-testing",
          "fine-soil-plasticity-and-shrink-swell-tests",
          "granular-density-and-groundwater-tests"
        ],
        "lat": -11.73224634,
        "line": "line-5",
        "lon": 27.46792074,
        "sample_id": "segment:line-5-civil-053:0002",
        "scope_id": "line-5-civil-053",
        "scope_type": "civil_segment"
      },
      "type": "Feature"
    },
    {
      "geometry": {
        "coordinates": [
          27.46792074,
          -11.73224634
        ],
        "type": "Point"
      },
      "properties": {
        "chainage_m": 25723.2,
        "civil_class": "elevated",
        "investigation_flags": [
          "acidic-soil-durability-testing",
          "fine-soil-plasticity-and-shrink-swell-tests",
          "granular-density-and-groundwater-tests"
        ],
        "lat": -11.73224634,
        "line": "line-5",
        "lon": 27.46792074,
        "sample_id": "segment:line-5-civil-054:0000",
        "scope_id": "line-5-civil-054",
        "scope_type": "civil_segment"
      },
      "type": "Feature"
    },
    {
      "geometry": {
        "coordinates": [
          27.46773718,
          -11.73224634
        ],
        "type": "Point"
      },
      "properties": {
        "chainage_m": 25743.2,
        "civil_class": "elevated",
        "investigation_flags": [
          "acidic-soil-durability-testing",
          "fine-soil-plasticity-and-shrink-swell-tests",
          "granular-density-and-groundwater-tests"
        ],
        "lat": -11.73224634,
        "line": "line-5",
        "lon": 27.46773718,
        "sample_id": "segment:line-5-civil-054:0001",
        "scope_id": "line-5-civil-054",
        "scope_type": "civil_segment"
      },
      "type": "Feature"
    },
    {
      "geometry": {
        "coordinates": [
          27.46757316,
          -11.73222709
        ],
        "type": "Point"
      },
      "properties": {
        "chainage_m": 25763.2,
        "civil_class": "elevated",
        "investigation_flags": [
          "acidic-soil-durability-testing",
          "fine-soil-plasticity-and-shrink-swell-tests",
          "granular-density-and-groundwater-tests"
        ],
        "lat": -11.73222709,
        "line": "line-5",
        "lon": 27.46757316,
        "sample_id": "segment:line-5-civil-054:0002",
        "scope_id": "line-5-civil-054",
        "scope_type": "civil_segment"
      },
      "type": "Feature"
    },
    {
      "geometry": {
        "coordinates": [
          27.46757316,
          -11.73222709
        ],
        "type": "Point"
      },
      "properties": {
        "chainage_m": 25763.2,
        "civil_class": "at-grade",
        "investigation_flags": [
          "acidic-soil-durability-testing",
          "fine-soil-plasticity-and-shrink-swell-tests",
          "granular-density-and-groundwater-tests"
        ],
        "lat": -11.73222709,
        "line": "line-5",
        "lon": 27.46757316,
        "sample_id": "segment:line-5-civil-055:0000",
        "scope_id": "line-5-civil-055",
        "scope_type": "civil_segment"
      },
      "type": "Feature"
    },
    {
      "geometry": {
        "coordinates": [
          27.46742364,
          -11.73206637
        ],
        "type": "Point"
      },
      "properties": {
        "chainage_m": 25797.35,
        "civil_class": "at-grade",
        "investigation_flags": [
          "acidic-soil-durability-testing",
          "fine-soil-plasticity-and-shrink-swell-tests",
          "granular-density-and-groundwater-tests"
        ],
        "lat": -11.73206637,
        "line": "line-5",
        "lon": 27.46742364,
        "sample_id": "segment:line-5-civil-055:0001",
        "scope_id": "line-5-civil-055",
        "scope_type": "civil_segment"
      },
      "type": "Feature"
    },
    {
      "geometry": {
        "coordinates": [
          27.46718643,
          -11.73188641
        ],
        "type": "Point"
      },
      "properties": {
        "chainage_m": 25831.5,
        "civil_class": "at-grade",
        "investigation_flags": [
          "acidic-soil-durability-testing",
          "fine-soil-plasticity-and-shrink-swell-tests",
          "granular-density-and-groundwater-tests"
        ],
        "lat": -11.73188641,
        "line": "line-5",
        "lon": 27.46718643,
        "sample_id": "segment:line-5-civil-055:0002",
        "scope_id": "line-5-civil-055",
        "scope_type": "civil_segment"
      },
      "type": "Feature"
    },
    {
      "geometry": {
        "coordinates": [
          27.46718643,
          -11.73188641
        ],
        "type": "Point"
      },
      "properties": {
        "chainage_m": 25831.5,
        "civil_class": "elevated",
        "investigation_flags": [
          "acidic-soil-durability-testing",
          "fine-soil-plasticity-and-shrink-swell-tests",
          "granular-density-and-groundwater-tests"
        ],
        "lat": -11.73188641,
        "line": "line-5",
        "lon": 27.46718643,
        "sample_id": "segment:line-5-civil-056:0000",
        "scope_id": "line-5-civil-056",
        "scope_type": "civil_segment"
      },
      "type": "Feature"
    },
    {
      "geometry": {
        "coordinates": [
          27.46709469,
          -11.73188641
        ],
        "type": "Point"
      },
      "properties": {
        "chainage_m": 25841.5,
        "civil_class": "elevated",
        "investigation_flags": [
          "acidic-soil-durability-testing",
          "fine-soil-plasticity-and-shrink-swell-tests",
          "granular-density-and-groundwater-tests"
        ],
        "lat": -11.73188641,
        "line": "line-5",
        "lon": 27.46709469,
        "sample_id": "segment:line-5-civil-056:0001",
        "scope_id": "line-5-civil-056",
        "scope_type": "civil_segment"
      },
      "type": "Feature"
    },
    {
      "geometry": {
        "coordinates": [
          27.46702286,
          -11.73186678
        ],
        "type": "Point"
      },
      "properties": {
        "chainage_m": 25851.5,
        "civil_class": "elevated",
        "investigation_flags": [
          "acidic-soil-durability-testing",
          "fine-soil-plasticity-and-shrink-swell-tests",
          "granular-density-and-groundwater-tests"
        ],
        "lat": -11.73186678,
        "line": "line-5",
        "lon": 27.46702286,
        "sample_id": "segment:line-5-civil-056:0002",
        "scope_id": "line-5-civil-056",
        "scope_type": "civil_segment"
      },
      "type": "Feature"
    },
    {
      "geometry": {
        "coordinates": [
          27.46702286,
          -11.73186678
        ],
        "type": "Point"
      },
      "properties": {
        "chainage_m": 25851.5,
        "civil_class": "at-grade",
        "investigation_flags": [
          "acidic-soil-durability-testing",
          "fine-soil-plasticity-and-shrink-swell-tests",
          "granular-density-and-groundwater-tests"
        ],
        "lat": -11.73186678,
        "line": "line-5",
        "lon": 27.46702286,
        "sample_id": "segment:line-5-civil-057:0000",
        "scope_id": "line-5-civil-057",
        "scope_type": "civil_segment"
      },
      "type": "Feature"
    },
    {
      "geometry": {
        "coordinates": [
          27.46679849,
          -11.73166628
        ],
        "type": "Point"
      },
      "properties": {
        "chainage_m": 25895.6,
        "civil_class": "at-grade",
        "investigation_flags": [
          "acidic-soil-durability-testing",
          "fine-soil-plasticity-and-shrink-swell-tests",
          "granular-density-and-groundwater-tests"
        ],
        "lat": -11.73166628,
        "line": "line-5",
        "lon": 27.46679849,
        "sample_id": "segment:line-5-civil-057:0001",
        "scope_id": "line-5-civil-057",
        "scope_type": "civil_segment"
      },
      "type": "Feature"
    },
    {
      "geometry": {
        "coordinates": [
          27.46647256,
          -11.73150737
        ],
        "type": "Point"
      },
      "properties": {
        "chainage_m": 25939.7,
        "civil_class": "at-grade",
        "investigation_flags": [
          "acidic-soil-durability-testing",
          "fine-soil-plasticity-and-shrink-swell-tests",
          "granular-density-and-groundwater-tests"
        ],
        "lat": -11.73150737,
        "line": "line-5",
        "lon": 27.46647256,
        "sample_id": "segment:line-5-civil-057:0002",
        "scope_id": "line-5-civil-057",
        "scope_type": "civil_segment"
      },
      "type": "Feature"
    },
    {
      "geometry": {
        "coordinates": [
          27.46647256,
          -11.73150737
        ],
        "type": "Point"
      },
      "properties": {
        "chainage_m": 25939.7,
        "civil_class": "elevated",
        "investigation_flags": [
          "acidic-soil-durability-testing",
          "fine-soil-plasticity-and-shrink-swell-tests",
          "granular-density-and-groundwater-tests"
        ],
        "lat": -11.73150737,
        "line": "line-5",
        "lon": 27.46647256,
        "sample_id": "segment:line-5-civil-058:0000",
        "scope_id": "line-5-civil-058",
        "scope_type": "civil_segment"
      },
      "type": "Feature"
    },
    {
      "geometry": {
        "coordinates": [
          27.46647256,
          -11.7314174
        ],
        "type": "Point"
      },
      "properties": {
        "chainage_m": 25949.7,
        "civil_class": "elevated",
        "investigation_flags": [
          "acidic-soil-durability-testing",
          "fine-soil-plasticity-and-shrink-swell-tests",
          "granular-density-and-groundwater-tests"
        ],
        "lat": -11.7314174,
        "line": "line-5",
        "lon": 27.46647256,
        "sample_id": "segment:line-5-civil-058:0001",
        "scope_id": "line-5-civil-058",
        "scope_type": "civil_segment"
      },
      "type": "Feature"
    },
    {
      "geometry": {
        "coordinates": [
          27.46645319,
          -11.73134651
        ],
        "type": "Point"
      },
      "properties": {
        "chainage_m": 25959.7,
        "civil_class": "elevated",
        "investigation_flags": [
          "acidic-soil-durability-testing",
          "fine-soil-plasticity-and-shrink-swell-tests",
          "granular-density-and-groundwater-tests"
        ],
        "lat": -11.73134651,
        "line": "line-5",
        "lon": 27.46645319,
        "sample_id": "segment:line-5-civil-058:0002",
        "scope_id": "line-5-civil-058",
        "scope_type": "civil_segment"
      },
      "type": "Feature"
    },
    {
      "geometry": {
        "coordinates": [
          27.46645319,
          -11.73134651
        ],
        "type": "Point"
      },
      "properties": {
        "chainage_m": 25959.7,
        "civil_class": "at-grade",
        "investigation_flags": [
          "acidic-soil-durability-testing",
          "fine-soil-plasticity-and-shrink-swell-tests",
          "granular-density-and-groundwater-tests"
        ],
        "lat": -11.73134651,
        "line": "line-5",
        "lon": 27.46645319,
        "sample_id": "segment:line-5-civil-059:0000",
        "scope_id": "line-5-civil-059",
        "scope_type": "civil_segment"
      },
      "type": "Feature"
    },
    {
      "geometry": {
        "coordinates": [
          27.46571888,
          -11.73116654
        ],
        "type": "Point"
      },
      "properties": {
        "chainage_m": 26059.7,
        "civil_class": "at-grade",
        "investigation_flags": [
          "acidic-soil-durability-testing",
          "fine-soil-plasticity-and-shrink-swell-tests",
          "granular-density-and-groundwater-tests"
        ],
        "lat": -11.73116654,
        "line": "line-5",
        "lon": 27.46571888,
        "sample_id": "segment:line-5-civil-059:0001",
        "scope_id": "line-5-civil-059",
        "scope_type": "civil_segment"
      },
      "type": "Feature"
    },
    {
      "geometry": {
        "coordinates": [
          27.46498458,
          -11.73134651
        ],
        "type": "Point"
      },
      "properties": {
        "chainage_m": 26159.7,
        "civil_class": "at-grade",
        "investigation_flags": [
          "acidic-soil-durability-testing",
          "fine-soil-plasticity-and-shrink-swell-tests",
          "granular-density-and-groundwater-tests"
        ],
        "lat": -11.73134651,
        "line": "line-5",
        "lon": 27.46498458,
        "sample_id": "segment:line-5-civil-059:0002",
        "scope_id": "line-5-civil-059",
        "scope_type": "civil_segment"
      },
      "type": "Feature"
    },
    {
      "geometry": {
        "coordinates": [
          27.46498458,
          -11.73134651
        ],
        "type": "Point"
      },
      "properties": {
        "chainage_m": 26159.7,
        "civil_class": "elevated",
        "investigation_flags": [
          "acidic-soil-durability-testing",
          "fine-soil-plasticity-and-shrink-swell-tests",
          "granular-density-and-groundwater-tests"
        ],
        "lat": -11.73134651,
        "line": "line-5",
        "lon": 27.46498458,
        "sample_id": "segment:line-5-civil-060:0000",
        "scope_id": "line-5-civil-060",
        "scope_type": "civil_segment"
      },
      "type": "Feature"
    },
    {
      "geometry": {
        "coordinates": [
          27.46480097,
          -11.73134651
        ],
        "type": "Point"
      },
      "properties": {
        "chainage_m": 26179.7,
        "civil_class": "elevated",
        "investigation_flags": [
          "acidic-soil-durability-testing",
          "fine-soil-plasticity-and-shrink-swell-tests",
          "granular-density-and-groundwater-tests"
        ],
        "lat": -11.73134651,
        "line": "line-5",
        "lon": 27.46480097,
        "sample_id": "segment:line-5-civil-060:0001",
        "scope_id": "line-5-civil-060",
        "scope_type": "civil_segment"
      },
      "type": "Feature"
    },
    {
      "geometry": {
        "coordinates": [
          27.46461735,
          -11.73134651
        ],
        "type": "Point"
      },
      "properties": {
        "chainage_m": 26199.7,
        "civil_class": "elevated",
        "investigation_flags": [
          "acidic-soil-durability-testing",
          "fine-soil-plasticity-and-shrink-swell-tests",
          "granular-density-and-groundwater-tests"
        ],
        "lat": -11.73134651,
        "line": "line-5",
        "lon": 27.46461735,
        "sample_id": "segment:line-5-civil-060:0002",
        "scope_id": "line-5-civil-060",
        "scope_type": "civil_segment"
      },
      "type": "Feature"
    },
    {
      "geometry": {
        "coordinates": [
          27.46461735,
          -11.73134651
        ],
        "type": "Point"
      },
      "properties": {
        "chainage_m": 26199.7,
        "civil_class": "at-grade",
        "investigation_flags": [
          "acidic-soil-durability-testing",
          "fine-soil-plasticity-and-shrink-swell-tests",
          "granular-density-and-groundwater-tests"
        ],
        "lat": -11.73134651,
        "line": "line-5",
        "lon": 27.46461735,
        "sample_id": "segment:line-5-civil-061:0000",
        "scope_id": "line-5-civil-061",
        "scope_type": "civil_segment"
      },
      "type": "Feature"
    },
    {
      "geometry": {
        "coordinates": [
          27.46425069,
          -11.73134651
        ],
        "type": "Point"
      },
      "properties": {
        "chainage_m": 26239.7,
        "civil_class": "at-grade",
        "investigation_flags": [
          "acidic-soil-durability-testing",
          "fine-soil-plasticity-and-shrink-swell-tests",
          "granular-density-and-groundwater-tests"
        ],
        "lat": -11.73134651,
        "line": "line-5",
        "lon": 27.46425069,
        "sample_id": "segment:line-5-civil-061:0001",
        "scope_id": "line-5-civil-061",
        "scope_type": "civil_segment"
      },
      "type": "Feature"
    },
    {
      "geometry": {
        "coordinates": [
          27.46406666,
          -11.73116654
        ],
        "type": "Point"
      },
      "properties": {
        "chainage_m": 26279.7,
        "civil_class": "at-grade",
        "investigation_flags": [
          "acidic-soil-durability-testing",
          "fine-soil-plasticity-and-shrink-swell-tests",
          "granular-density-and-groundwater-tests"
        ],
        "lat": -11.73116654,
        "line": "line-5",
        "lon": 27.46406666,
        "sample_id": "segment:line-5-civil-061:0002",
        "scope_id": "line-5-civil-061",
        "scope_type": "civil_segment"
      },
      "type": "Feature"
    },
    {
      "geometry": {
        "coordinates": [
          27.46406666,
          -11.73116654
        ],
        "type": "Point"
      },
      "properties": {
        "chainage_m": 26279.7,
        "civil_class": "elevated",
        "investigation_flags": [
          "acidic-soil-durability-testing",
          "fine-soil-plasticity-and-shrink-swell-tests",
          "granular-density-and-groundwater-tests"
        ],
        "lat": -11.73116654,
        "line": "line-5",
        "lon": 27.46406666,
        "sample_id": "segment:line-5-civil-062:0000",
        "scope_id": "line-5-civil-062",
        "scope_type": "civil_segment"
      },
      "type": "Feature"
    },
    {
      "geometry": {
        "coordinates": [
          27.46397485,
          -11.73116654
        ],
        "type": "Point"
      },
      "properties": {
        "chainage_m": 26289.7,
        "civil_class": "elevated",
        "investigation_flags": [
          "acidic-soil-durability-testing",
          "fine-soil-plasticity-and-shrink-swell-tests",
          "granular-density-and-groundwater-tests"
        ],
        "lat": -11.73116654,
        "line": "line-5",
        "lon": 27.46397485,
        "sample_id": "segment:line-5-civil-062:0001",
        "scope_id": "line-5-civil-062",
        "scope_type": "civil_segment"
      },
      "type": "Feature"
    },
    {
      "geometry": {
        "coordinates": [
          27.46388305,
          -11.73116654
        ],
        "type": "Point"
      },
      "properties": {
        "chainage_m": 26299.7,
        "civil_class": "elevated",
        "investigation_flags": [
          "acidic-soil-durability-testing",
          "fine-soil-plasticity-and-shrink-swell-tests",
          "granular-density-and-groundwater-tests"
        ],
        "lat": -11.73116654,
        "line": "line-5",
        "lon": 27.46388305,
        "sample_id": "segment:line-5-civil-062:0002",
        "scope_id": "line-5-civil-062",
        "scope_type": "civil_segment"
      },
      "type": "Feature"
    },
    {
      "geometry": {
        "coordinates": [
          27.46388305,
          -11.73116654
        ],
        "type": "Point"
      },
      "properties": {
        "chainage_m": 26299.7,
        "civil_class": "at-grade",
        "investigation_flags": [
          "acidic-soil-durability-testing",
          "fine-soil-plasticity-and-shrink-swell-tests",
          "granular-density-and-groundwater-tests"
        ],
        "lat": -11.73116654,
        "line": "line-5",
        "lon": 27.46388305,
        "sample_id": "segment:line-5-civil-063:0000",
        "scope_id": "line-5-civil-063",
        "scope_type": "civil_segment"
      },
      "type": "Feature"
    },
    {
      "geometry": {
        "coordinates": [
          27.46314916,
          -11.73116654
        ],
        "type": "Point"
      },
      "properties": {
        "chainage_m": 26379.7,
        "civil_class": "at-grade",
        "investigation_flags": [
          "acidic-soil-durability-testing",
          "fine-soil-plasticity-and-shrink-swell-tests",
          "granular-density-and-groundwater-tests"
        ],
        "lat": -11.73116654,
        "line": "line-5",
        "lon": 27.46314916,
        "sample_id": "segment:line-5-civil-063:0001",
        "scope_id": "line-5-civil-063",
        "scope_type": "civil_segment"
      },
      "type": "Feature"
    },
    {
      "geometry": {
        "coordinates": [
          27.46259791,
          -11.73134651
        ],
        "type": "Point"
      },
      "properties": {
        "chainage_m": 26459.7,
        "civil_class": "at-grade",
        "investigation_flags": [
          "acidic-soil-durability-testing",
          "fine-soil-plasticity-and-shrink-swell-tests",
          "granular-density-and-groundwater-tests"
        ],
        "lat": -11.73134651,
        "line": "line-5",
        "lon": 27.46259791,
        "sample_id": "segment:line-5-civil-063:0002",
        "scope_id": "line-5-civil-063",
        "scope_type": "civil_segment"
      },
      "type": "Feature"
    },
    {
      "geometry": {
        "coordinates": [
          27.46259791,
          -11.73134651
        ],
        "type": "Point"
      },
      "properties": {
        "chainage_m": 26459.7,
        "civil_class": "elevated",
        "investigation_flags": [
          "acidic-soil-durability-testing",
          "fine-soil-plasticity-and-shrink-swell-tests",
          "granular-density-and-groundwater-tests"
        ],
        "lat": -11.73134651,
        "line": "line-5",
        "lon": 27.46259791,
        "sample_id": "segment:line-5-civil-064:0000",
        "scope_id": "line-5-civil-064",
        "scope_type": "civil_segment"
      },
      "type": "Feature"
    },
    {
      "geometry": {
        "coordinates": [
          27.46241437,
          -11.73134651
        ],
        "type": "Point"
      },
      "properties": {
        "chainage_m": 26479.7,
        "civil_class": "elevated",
        "investigation_flags": [
          "acidic-soil-durability-testing",
          "fine-soil-plasticity-and-shrink-swell-tests",
          "granular-density-and-groundwater-tests"
        ],
        "lat": -11.73134651,
        "line": "line-5",
        "lon": 27.46241437,
        "sample_id": "segment:line-5-civil-064:0001",
        "scope_id": "line-5-civil-064",
        "scope_type": "civil_segment"
      },
      "type": "Feature"
    },
    {
      "geometry": {
        "coordinates": [
          27.46225356,
          -11.7313241
        ],
        "type": "Point"
      },
      "properties": {
        "chainage_m": 26499.7,
        "civil_class": "elevated",
        "investigation_flags": [
          "acidic-soil-durability-testing",
          "fine-soil-plasticity-and-shrink-swell-tests",
          "granular-density-and-groundwater-tests"
        ],
        "lat": -11.7313241,
        "line": "line-5",
        "lon": 27.46225356,
        "sample_id": "segment:line-5-civil-064:0002",
        "scope_id": "line-5-civil-064",
        "scope_type": "civil_segment"
      },
      "type": "Feature"
    },
    {
      "geometry": {
        "coordinates": [
          27.46225356,
          -11.7313241
        ],
        "type": "Point"
      },
      "properties": {
        "chainage_m": 26499.7,
        "civil_class": "at-grade",
        "investigation_flags": [
          "acidic-soil-durability-testing",
          "fine-soil-plasticity-and-shrink-swell-tests",
          "granular-density-and-groundwater-tests"
        ],
        "lat": -11.7313241,
        "line": "line-5",
        "lon": 27.46225356,
        "sample_id": "segment:line-5-civil-065:0000",
        "scope_id": "line-5-civil-065",
        "scope_type": "civil_segment"
      },
      "type": "Feature"
    },
    {
      "geometry": {
        "coordinates": [
          27.46188669,
          -11.73079925
        ],
        "type": "Point"
      },
      "properties": {
        "chainage_m": 26598.0,
        "civil_class": "at-grade",
        "investigation_flags": [
          "acidic-soil-durability-testing",
          "fine-soil-plasticity-and-shrink-swell-tests",
          "granular-density-and-groundwater-tests"
        ],
        "lat": -11.73079925,
        "line": "line-5",
        "lon": 27.46188669,
        "sample_id": "segment:line-5-civil-065:0001",
        "scope_id": "line-5-civil-065",
        "scope_type": "civil_segment"
      },
      "type": "Feature"
    },
    {
      "geometry": {
        "coordinates": [
          27.46131319,
          -11.73026671
        ],
        "type": "Point"
      },
      "properties": {
        "chainage_m": 26696.3,
        "civil_class": "at-grade",
        "investigation_flags": [
          "acidic-soil-durability-testing",
          "fine-soil-plasticity-and-shrink-swell-tests",
          "granular-density-and-groundwater-tests"
        ],
        "lat": -11.73026671,
        "line": "line-5",
        "lon": 27.46131319,
        "sample_id": "segment:line-5-civil-065:0002",
        "scope_id": "line-5-civil-065",
        "scope_type": "civil_segment"
      },
      "type": "Feature"
    },
    {
      "geometry": {
        "coordinates": [
          27.46131319,
          -11.73026671
        ],
        "type": "Point"
      },
      "properties": {
        "chainage_m": 26696.3,
        "civil_class": "bridge",
        "investigation_flags": [
          "acidic-soil-durability-testing",
          "fine-soil-plasticity-and-shrink-swell-tests",
          "granular-density-and-groundwater-tests"
        ],
        "lat": -11.73026671,
        "line": "line-5",
        "lon": 27.46131319,
        "sample_id": "segment:line-5-civil-066:0000",
        "scope_id": "line-5-civil-066",
        "scope_type": "civil_segment"
      },
      "type": "Feature"
    },
    {
      "geometry": {
        "coordinates": [
          27.46122139,
          -11.73026671
        ],
        "type": "Point"
      },
      "properties": {
        "chainage_m": 26706.3,
        "civil_class": "bridge",
        "investigation_flags": [
          "acidic-soil-durability-testing",
          "fine-soil-plasticity-and-shrink-swell-tests",
          "granular-density-and-groundwater-tests"
        ],
        "lat": -11.73026671,
        "line": "line-5",
        "lon": 27.46122139,
        "sample_id": "segment:line-5-civil-066:0001",
        "scope_id": "line-5-civil-066",
        "scope_type": "civil_segment"
      },
      "type": "Feature"
    },
    {
      "geometry": {
        "coordinates": [
          27.46112958,
          -11.73026671
        ],
        "type": "Point"
      },
      "properties": {
        "chainage_m": 26716.3,
        "civil_class": "bridge",
        "investigation_flags": [
          "acidic-soil-durability-testing",
          "fine-soil-plasticity-and-shrink-swell-tests",
          "granular-density-and-groundwater-tests"
        ],
        "lat": -11.73026671,
        "line": "line-5",
        "lon": 27.46112958,
        "sample_id": "segment:line-5-civil-066:0002",
        "scope_id": "line-5-civil-066",
        "scope_type": "civil_segment"
      },
      "type": "Feature"
    },
    {
      "geometry": {
        "coordinates": [
          27.46112958,
          -11.73026671
        ],
        "type": "Point"
      },
      "properties": {
        "chainage_m": 26716.3,
        "civil_class": "at-grade",
        "investigation_flags": [
          "acidic-soil-durability-testing",
          "fine-soil-plasticity-and-shrink-swell-tests",
          "granular-density-and-groundwater-tests"
        ],
        "lat": -11.73026671,
        "line": "line-5",
        "lon": 27.46112958,
        "sample_id": "segment:line-5-civil-067:0000",
        "scope_id": "line-5-civil-067",
        "scope_type": "civil_segment"
      },
      "type": "Feature"
    },
    {
      "geometry": {
        "coordinates": [
          27.46094597,
          -11.73026671
        ],
        "type": "Point"
      },
      "properties": {
        "chainage_m": 26736.3,
        "civil_class": "at-grade",
        "investigation_flags": [
          "acidic-soil-durability-testing",
          "fine-soil-plasticity-and-shrink-swell-tests",
          "granular-density-and-groundwater-tests"
        ],
        "lat": -11.73026671,
        "line": "line-5",
        "lon": 27.46094597,
        "sample_id": "segment:line-5-civil-067:0001",
        "scope_id": "line-5-civil-067",
        "scope_type": "civil_segment"
      },
      "type": "Feature"
    },
    {
      "geometry": {
        "coordinates": [
          27.46076236,
          -11.73026671
        ],
        "type": "Point"
      },
      "properties": {
        "chainage_m": 26756.3,
        "civil_class": "at-grade",
        "investigation_flags": [
          "acidic-soil-durability-testing",
          "fine-soil-plasticity-and-shrink-swell-tests",
          "granular-density-and-groundwater-tests"
        ],
        "lat": -11.73026671,
        "line": "line-5",
        "lon": 27.46076236,
        "sample_id": "segment:line-5-civil-067:0002",
        "scope_id": "line-5-civil-067",
        "scope_type": "civil_segment"
      },
      "type": "Feature"
    },
    {
      "geometry": {
        "coordinates": [
          27.46076236,
          -11.73026671
        ],
        "type": "Point"
      },
      "properties": {
        "chainage_m": 26756.3,
        "civil_class": "bridge",
        "investigation_flags": [
          "acidic-soil-durability-testing",
          "fine-soil-plasticity-and-shrink-swell-tests",
          "granular-density-and-groundwater-tests"
        ],
        "lat": -11.73026671,
        "line": "line-5",
        "lon": 27.46076236,
        "sample_id": "segment:line-5-civil-068:0000",
        "scope_id": "line-5-civil-068",
        "scope_type": "civil_segment"
      },
      "type": "Feature"
    },
    {
      "geometry": {
        "coordinates": [
          27.46048702,
          -11.73026671
        ],
        "type": "Point"
      },
      "properties": {
        "chainage_m": 26786.3,
        "civil_class": "bridge",
        "investigation_flags": [
          "acidic-soil-durability-testing",
          "fine-soil-plasticity-and-shrink-swell-tests",
          "granular-density-and-groundwater-tests"
        ],
        "lat": -11.73026671,
        "line": "line-5",
        "lon": 27.46048702,
        "sample_id": "segment:line-5-civil-068:0001",
        "scope_id": "line-5-civil-068",
        "scope_type": "civil_segment"
      },
      "type": "Feature"
    },
    {
      "geometry": {
        "coordinates": [
          27.46023578,
          -11.73024296
        ],
        "type": "Point"
      },
      "properties": {
        "chainage_m": 26816.3,
        "civil_class": "bridge",
        "investigation_flags": [
          "acidic-soil-durability-testing",
          "fine-soil-plasticity-and-shrink-swell-tests",
          "granular-density-and-groundwater-tests"
        ],
        "lat": -11.73024296,
        "line": "line-5",
        "lon": 27.46023578,
        "sample_id": "segment:line-5-civil-068:0002",
        "scope_id": "line-5-civil-068",
        "scope_type": "civil_segment"
      },
      "type": "Feature"
    },
    {
      "geometry": {
        "coordinates": [
          27.46023578,
          -11.73024296
        ],
        "type": "Point"
      },
      "properties": {
        "chainage_m": 26816.3,
        "civil_class": "at-grade",
        "investigation_flags": [
          "acidic-soil-durability-testing",
          "fine-soil-plasticity-and-shrink-swell-tests",
          "granular-density-and-groundwater-tests"
        ],
        "lat": -11.73024296,
        "line": "line-5",
        "lon": 27.46023578,
        "sample_id": "segment:line-5-civil-069:0000",
        "scope_id": "line-5-civil-069",
        "scope_type": "civil_segment"
      },
      "type": "Feature"
    },
    {
      "geometry": {
        "coordinates": [
          27.46023578,
          -11.73015297
        ],
        "type": "Point"
      },
      "properties": {
        "chainage_m": 26826.3,
        "civil_class": "at-grade",
        "investigation_flags": [
          "acidic-soil-durability-testing",
          "fine-soil-plasticity-and-shrink-swell-tests",
          "granular-density-and-groundwater-tests"
        ],
        "lat": -11.73015297,
        "line": "line-5",
        "lon": 27.46023578,
        "sample_id": "segment:line-5-civil-069:0001",
        "scope_id": "line-5-civil-069",
        "scope_type": "civil_segment"
      },
      "type": "Feature"
    },
    {
      "geometry": {
        "coordinates": [
          27.46021167,
          -11.73008674
        ],
        "type": "Point"
      },
      "properties": {
        "chainage_m": 26836.3,
        "civil_class": "at-grade",
        "investigation_flags": [
          "acidic-soil-durability-testing",
          "fine-soil-plasticity-and-shrink-swell-tests",
          "granular-density-and-groundwater-tests"
        ],
        "lat": -11.73008674,
        "line": "line-5",
        "lon": 27.46021167,
        "sample_id": "segment:line-5-civil-069:0002",
        "scope_id": "line-5-civil-069",
        "scope_type": "civil_segment"
      },
      "type": "Feature"
    },
    {
      "geometry": {
        "coordinates": [
          27.46021167,
          -11.73008674
        ],
        "type": "Point"
      },
      "properties": {
        "chainage_m": 26836.3,
        "civil_class": "bridge",
        "investigation_flags": [
          "acidic-soil-durability-testing",
          "fine-soil-plasticity-and-shrink-swell-tests",
          "granular-density-and-groundwater-tests"
        ],
        "lat": -11.73008674,
        "line": "line-5",
        "lon": 27.46021167,
        "sample_id": "segment:line-5-civil-070:0000",
        "scope_id": "line-5-civil-070",
        "scope_type": "civil_segment"
      },
      "type": "Feature"
    },
    {
      "geometry": {
        "coordinates": [
          27.46002809,
          -11.73008674
        ],
        "type": "Point"
      },
      "properties": {
        "chainage_m": 26856.3,
        "civil_class": "bridge",
        "investigation_flags": [
          "acidic-soil-durability-testing",
          "fine-soil-plasticity-and-shrink-swell-tests",
          "granular-density-and-groundwater-tests"
        ],
        "lat": -11.73008674,
        "line": "line-5",
        "lon": 27.46002809,
        "sample_id": "segment:line-5-civil-070:0001",
        "scope_id": "line-5-civil-070",
        "scope_type": "civil_segment"
      },
      "type": "Feature"
    },
    {
      "geometry": {
        "coordinates": [
          27.45985162,
          -11.73006978
        ],
        "type": "Point"
      },
      "properties": {
        "chainage_m": 26876.3,
        "civil_class": "bridge",
        "investigation_flags": [
          "acidic-soil-durability-testing",
          "fine-soil-plasticity-and-shrink-swell-tests"
        ],
        "lat": -11.73006978,
        "line": "line-5",
        "lon": 27.45985162,
        "sample_id": "segment:line-5-civil-070:0002",
        "scope_id": "line-5-civil-070",
        "scope_type": "civil_segment"
      },
      "type": "Feature"
    },
    {
      "geometry": {
        "coordinates": [
          27.45985162,
          -11.73006978
        ],
        "type": "Point"
      },
      "properties": {
        "chainage_m": 26876.3,
        "civil_class": "at-grade",
        "investigation_flags": [
          "acidic-soil-durability-testing",
          "fine-soil-plasticity-and-shrink-swell-tests"
        ],
        "lat": -11.73006978,
        "line": "line-5",
        "lon": 27.45985162,
        "sample_id": "segment:line-5-civil-071:0000",
        "scope_id": "line-5-civil-071",
        "scope_type": "civil_segment"
      },
      "type": "Feature"
    },
    {
      "geometry": {
        "coordinates": [
          27.45947684,
          -11.72972681
        ],
        "type": "Point"
      },
      "properties": {
        "chainage_m": 26944.6,
        "civil_class": "at-grade",
        "investigation_flags": [
          "acidic-soil-durability-testing",
          "fine-soil-plasticity-and-shrink-swell-tests",
          "granular-density-and-groundwater-tests"
        ],
        "lat": -11.72972681,
        "line": "line-5",
        "lon": 27.45947684,
        "sample_id": "segment:line-5-civil-071:0001",
        "scope_id": "line-5-civil-071",
        "scope_type": "civil_segment"
      },
      "type": "Feature"
    },
    {
      "geometry": {
        "coordinates": [
          27.45892654,
          -11.72954685
        ],
        "type": "Point"
      },
      "properties": {
        "chainage_m": 27012.9,
        "civil_class": "at-grade",
        "investigation_flags": [
          "acidic-soil-durability-testing",
          "fine-soil-plasticity-and-shrink-swell-tests",
          "granular-density-and-groundwater-tests"
        ],
        "lat": -11.72954685,
        "line": "line-5",
        "lon": 27.45892654,
        "sample_id": "segment:line-5-civil-071:0002",
        "scope_id": "line-5-civil-071",
        "scope_type": "civil_segment"
      },
      "type": "Feature"
    },
    {
      "geometry": {
        "coordinates": [
          27.45892654,
          -11.72954685
        ],
        "type": "Point"
      },
      "properties": {
        "chainage_m": 27012.9,
        "civil_class": "bridge",
        "investigation_flags": [
          "acidic-soil-durability-testing",
          "fine-soil-plasticity-and-shrink-swell-tests",
          "granular-density-and-groundwater-tests"
        ],
        "lat": -11.72954685,
        "line": "line-5",
        "lon": 27.45892654,
        "sample_id": "segment:line-5-civil-072:0000",
        "scope_id": "line-5-civil-072",
        "scope_type": "civil_segment"
      },
      "type": "Feature"
    },
    {
      "geometry": {
        "coordinates": [
          27.45852165,
          -11.72954685
        ],
        "type": "Point"
      },
      "properties": {
        "chainage_m": 27057.05,
        "civil_class": "bridge",
        "investigation_flags": [
          "acidic-soil-durability-testing",
          "fine-soil-plasticity-and-shrink-swell-tests",
          "granular-density-and-groundwater-tests"
        ],
        "lat": -11.72954685,
        "line": "line-5",
        "lon": 27.45852165,
        "sample_id": "segment:line-5-civil-072:0001",
        "scope_id": "line-5-civil-072",
        "scope_type": "civil_segment"
      },
      "type": "Feature"
    },
    {
      "geometry": {
        "coordinates": [
          27.4581997,
          -11.72934893
        ],
        "type": "Point"
      },
      "properties": {
        "chainage_m": 27101.2,
        "civil_class": "bridge",
        "investigation_flags": [
          "acidic-soil-durability-testing",
          "fine-soil-plasticity-and-shrink-swell-tests",
          "granular-density-and-groundwater-tests"
        ],
        "lat": -11.72934893,
        "line": "line-5",
        "lon": 27.4581997,
        "sample_id": "segment:line-5-civil-072:0002",
        "scope_id": "line-5-civil-072",
        "scope_type": "civil_segment"
      },
      "type": "Feature"
    },
    {
      "geometry": {
        "coordinates": [
          27.4581997,
          -11.72934893
        ],
        "type": "Point"
      },
      "properties": {
        "chainage_m": 27101.2,
        "civil_class": "at-grade",
        "investigation_flags": [
          "acidic-soil-durability-testing",
          "fine-soil-plasticity-and-shrink-swell-tests",
          "granular-density-and-groundwater-tests"
        ],
        "lat": -11.72934893,
        "line": "line-5",
        "lon": 27.4581997,
        "sample_id": "segment:line-5-civil-073:0000",
        "scope_id": "line-5-civil-073",
        "scope_type": "civil_segment"
      },
      "type": "Feature"
    },
    {
      "geometry": {
        "coordinates": [
          27.45662919,
          -11.72780812
        ],
        "type": "Point"
      },
      "properties": {
        "chainage_m": 27343.3,
        "civil_class": "at-grade",
        "investigation_flags": [
          "acidic-soil-durability-testing",
          "fine-soil-plasticity-and-shrink-swell-tests",
          "granular-density-and-groundwater-tests"
        ],
        "lat": -11.72780812,
        "line": "line-5",
        "lon": 27.45662919,
        "sample_id": "segment:line-5-civil-073:0001",
        "scope_id": "line-5-civil-073",
        "scope_type": "civil_segment"
      },
      "type": "Feature"
    },
    {
      "geometry": {
        "coordinates": [
          27.45507368,
          -11.72648742
        ],
        "type": "Point"
      },
      "properties": {
        "chainage_m": 27585.4,
        "civil_class": "at-grade",
        "investigation_flags": [
          "acidic-soil-durability-testing",
          "fine-soil-plasticity-and-shrink-swell-tests",
          "granular-density-and-groundwater-tests"
        ],
        "lat": -11.72648742,
        "line": "line-5",
        "lon": 27.45507368,
        "sample_id": "segment:line-5-civil-073:0002",
        "scope_id": "line-5-civil-073",
        "scope_type": "civil_segment"
      },
      "type": "Feature"
    },
    {
      "geometry": {
        "coordinates": [
          27.45507368,
          -11.72648742
        ],
        "type": "Point"
      },
      "properties": {
        "chainage_m": 27585.4,
        "civil_class": "bridge",
        "investigation_flags": [
          "acidic-soil-durability-testing",
          "fine-soil-plasticity-and-shrink-swell-tests",
          "granular-density-and-groundwater-tests"
        ],
        "lat": -11.72648742,
        "line": "line-5",
        "lon": 27.45507368,
        "sample_id": "segment:line-5-civil-074:0000",
        "scope_id": "line-5-civil-074",
        "scope_type": "civil_segment"
      },
      "type": "Feature"
    },
    {
      "geometry": {
        "coordinates": [
          27.45491617,
          -11.72646225
        ],
        "type": "Point"
      },
      "properties": {
        "chainage_m": 27605.4,
        "civil_class": "bridge",
        "investigation_flags": [
          "acidic-soil-durability-testing",
          "fine-soil-plasticity-and-shrink-swell-tests",
          "granular-density-and-groundwater-tests"
        ],
        "lat": -11.72646225,
        "line": "line-5",
        "lon": 27.45491617,
        "sample_id": "segment:line-5-civil-074:0001",
        "scope_id": "line-5-civil-074",
        "scope_type": "civil_segment"
      },
      "type": "Feature"
    },
    {
      "geometry": {
        "coordinates": [
          27.45489021,
          -11.72630745
        ],
        "type": "Point"
      },
      "properties": {
        "chainage_m": 27625.4,
        "civil_class": "bridge",
        "investigation_flags": [
          "acidic-soil-durability-testing",
          "fine-soil-plasticity-and-shrink-swell-tests",
          "granular-density-and-groundwater-tests"
        ],
        "lat": -11.72630745,
        "line": "line-5",
        "lon": 27.45489021,
        "sample_id": "segment:line-5-civil-074:0002",
        "scope_id": "line-5-civil-074",
        "scope_type": "civil_segment"
      },
      "type": "Feature"
    },
    {
      "geometry": {
        "coordinates": [
          27.45489021,
          -11.72630745
        ],
        "type": "Point"
      },
      "properties": {
        "chainage_m": 27625.4,
        "civil_class": "at-grade",
        "investigation_flags": [
          "acidic-soil-durability-testing",
          "fine-soil-plasticity-and-shrink-swell-tests",
          "granular-density-and-groundwater-tests"
        ],
        "lat": -11.72630745,
        "line": "line-5",
        "lon": 27.45489021,
        "sample_id": "segment:line-5-civil-075:0000",
        "scope_id": "line-5-civil-075",
        "scope_type": "civil_segment"
      },
      "type": "Feature"
    },
    {
      "geometry": {
        "coordinates": [
          27.45461536,
          -11.72630745
        ],
        "type": "Point"
      },
      "properties": {
        "chainage_m": 27655.4,
        "civil_class": "at-grade",
        "investigation_flags": [
          "acidic-soil-durability-testing",
          "fine-soil-plasticity-and-shrink-swell-tests",
          "granular-density-and-groundwater-tests"
        ],
        "lat": -11.72630745,
        "line": "line-5",
        "lon": 27.45461536,
        "sample_id": "segment:line-5-civil-075:0001",
        "scope_id": "line-5-civil-075",
        "scope_type": "civil_segment"
      },
      "type": "Feature"
    },
    {
      "geometry": {
        "coordinates": [
          27.45452313,
          -11.72612749
        ],
        "type": "Point"
      },
      "properties": {
        "chainage_m": 27685.4,
        "civil_class": "at-grade",
        "investigation_flags": [
          "acidic-soil-durability-testing",
          "fine-soil-plasticity-and-shrink-swell-tests",
          "granular-density-and-groundwater-tests"
        ],
        "lat": -11.72612749,
        "line": "line-5",
        "lon": 27.45452313,
        "sample_id": "segment:line-5-civil-075:0002",
        "scope_id": "line-5-civil-075",
        "scope_type": "civil_segment"
      },
      "type": "Feature"
    },
    {
      "geometry": {
        "coordinates": [
          27.45452313,
          -11.72612749
        ],
        "type": "Point"
      },
      "properties": {
        "chainage_m": 27685.4,
        "civil_class": "elevated",
        "investigation_flags": [
          "acidic-soil-durability-testing",
          "fine-soil-plasticity-and-shrink-swell-tests",
          "granular-density-and-groundwater-tests"
        ],
        "lat": -11.72612749,
        "line": "line-5",
        "lon": 27.45452313,
        "sample_id": "segment:line-5-civil-076:0000",
        "scope_id": "line-5-civil-076",
        "scope_type": "civil_segment"
      },
      "type": "Feature"
    },
    {
      "geometry": {
        "coordinates": [
          27.45443132,
          -11.72612749
        ],
        "type": "Point"
      },
      "properties": {
        "chainage_m": 27695.4,
        "civil_class": "elevated",
        "investigation_flags": [
          "acidic-soil-durability-testing",
          "fine-soil-plasticity-and-shrink-swell-tests",
          "granular-density-and-groundwater-tests"
        ],
        "lat": -11.72612749,
        "line": "line-5",
        "lon": 27.45443132,
        "sample_id": "segment:line-5-civil-076:0001",
        "scope_id": "line-5-civil-076",
        "scope_type": "civil_segment"
      },
      "type": "Feature"
    },
    {
      "geometry": {
        "coordinates": [
          27.45433951,
          -11.72612749
        ],
        "type": "Point"
      },
      "properties": {
        "chainage_m": 27705.4,
        "civil_class": "elevated",
        "investigation_flags": [
          "acidic-soil-durability-testing",
          "fine-soil-plasticity-and-shrink-swell-tests",
          "granular-density-and-groundwater-tests"
        ],
        "lat": -11.72612749,
        "line": "line-5",
        "lon": 27.45433951,
        "sample_id": "segment:line-5-civil-076:0002",
        "scope_id": "line-5-civil-076",
        "scope_type": "civil_segment"
      },
      "type": "Feature"
    },
    {
      "geometry": {
        "coordinates": [
          27.45433951,
          -11.72612749
        ],
        "type": "Point"
      },
      "properties": {
        "chainage_m": 27705.4,
        "civil_class": "at-grade",
        "investigation_flags": [
          "acidic-soil-durability-testing",
          "fine-soil-plasticity-and-shrink-swell-tests",
          "granular-density-and-groundwater-tests"
        ],
        "lat": -11.72612749,
        "line": "line-5",
        "lon": 27.45433951,
        "sample_id": "segment:line-5-civil-077:0000",
        "scope_id": "line-5-civil-077",
        "scope_type": "civil_segment"
      },
      "type": "Feature"
    },
    {
      "geometry": {
        "coordinates": [
          27.45406424,
          -11.72594752
        ],
        "type": "Point"
      },
      "properties": {
        "chainage_m": 27755.4,
        "civil_class": "at-grade",
        "investigation_flags": [
          "acidic-soil-durability-testing",
          "fine-soil-plasticity-and-shrink-swell-tests",
          "granular-density-and-groundwater-tests"
        ],
        "lat": -11.72594752,
        "line": "line-5",
        "lon": 27.45406424,
        "sample_id": "segment:line-5-civil-077:0001",
        "scope_id": "line-5-civil-077",
        "scope_type": "civil_segment"
      },
      "type": "Feature"
    },
    {
      "geometry": {
        "coordinates": [
          27.45378896,
          -11.72576756
        ],
        "type": "Point"
      },
      "properties": {
        "chainage_m": 27805.4,
        "civil_class": "at-grade",
        "investigation_flags": [
          "acidic-soil-durability-testing",
          "fine-soil-plasticity-and-shrink-swell-tests",
          "granular-density-and-groundwater-tests"
        ],
        "lat": -11.72576756,
        "line": "line-5",
        "lon": 27.45378896,
        "sample_id": "segment:line-5-civil-077:0002",
        "scope_id": "line-5-civil-077",
        "scope_type": "civil_segment"
      },
      "type": "Feature"
    },
    {
      "geometry": {
        "coordinates": [
          27.45378896,
          -11.72576756
        ],
        "type": "Point"
      },
      "properties": {
        "chainage_m": 27805.4,
        "civil_class": "elevated",
        "investigation_flags": [
          "acidic-soil-durability-testing",
          "fine-soil-plasticity-and-shrink-swell-tests",
          "granular-density-and-groundwater-tests"
        ],
        "lat": -11.72576756,
        "line": "line-5",
        "lon": 27.45378896,
        "sample_id": "segment:line-5-civil-078:0000",
        "scope_id": "line-5-civil-078",
        "scope_type": "civil_segment"
      },
      "type": "Feature"
    },
    {
      "geometry": {
        "coordinates": [
          27.45369715,
          -11.72576756
        ],
        "type": "Point"
      },
      "properties": {
        "chainage_m": 27815.4,
        "civil_class": "elevated",
        "investigation_flags": [
          "acidic-soil-durability-testing",
          "fine-soil-plasticity-and-shrink-swell-tests",
          "granular-density-and-groundwater-tests"
        ],
        "lat": -11.72576756,
        "line": "line-5",
        "lon": 27.45369715,
        "sample_id": "segment:line-5-civil-078:0001",
        "scope_id": "line-5-civil-078",
        "scope_type": "civil_segment"
      },
      "type": "Feature"
    },
    {
      "geometry": {
        "coordinates": [
          27.45360535,
          -11.72576756
        ],
        "type": "Point"
      },
      "properties": {
        "chainage_m": 27825.4,
        "civil_class": "elevated",
        "investigation_flags": [
          "acidic-soil-durability-testing",
          "fine-soil-plasticity-and-shrink-swell-tests",
          "granular-density-and-groundwater-tests"
        ],
        "lat": -11.72576756,
        "line": "line-5",
        "lon": 27.45360535,
        "sample_id": "segment:line-5-civil-078:0002",
        "scope_id": "line-5-civil-078",
        "scope_type": "civil_segment"
      },
      "type": "Feature"
    },
    {
      "geometry": {
        "coordinates": [
          27.45360535,
          -11.72576756
        ],
        "type": "Point"
      },
      "properties": {
        "chainage_m": 27825.4,
        "civil_class": "at-grade",
        "investigation_flags": [
          "acidic-soil-durability-testing",
          "fine-soil-plasticity-and-shrink-swell-tests",
          "granular-density-and-groundwater-tests"
        ],
        "lat": -11.72576756,
        "line": "line-5",
        "lon": 27.45360535,
        "sample_id": "segment:line-5-civil-079:0000",
        "scope_id": "line-5-civil-079",
        "scope_type": "civil_segment"
      },
      "type": "Feature"
    },
    {
      "geometry": {
        "coordinates": [
          27.45333007,
          -11.72558759
        ],
        "type": "Point"
      },
      "properties": {
        "chainage_m": 27875.4,
        "civil_class": "at-grade",
        "investigation_flags": [
          "acidic-soil-durability-testing",
          "fine-soil-plasticity-and-shrink-swell-tests",
          "granular-density-and-groundwater-tests"
        ],
        "lat": -11.72558759,
        "line": "line-5",
        "lon": 27.45333007,
        "sample_id": "segment:line-5-civil-079:0001",
        "scope_id": "line-5-civil-079",
        "scope_type": "civil_segment"
      },
      "type": "Feature"
    },
    {
      "geometry": {
        "coordinates": [
          27.45305479,
          -11.72540762
        ],
        "type": "Point"
      },
      "properties": {
        "chainage_m": 27925.4,
        "civil_class": "at-grade",
        "investigation_flags": [
          "acidic-soil-durability-testing",
          "fine-soil-plasticity-and-shrink-swell-tests",
          "granular-density-and-groundwater-tests"
        ],
        "lat": -11.72540762,
        "line": "line-5",
        "lon": 27.45305479,
        "sample_id": "segment:line-5-civil-079:0002",
        "scope_id": "line-5-civil-079",
        "scope_type": "civil_segment"
      },
      "type": "Feature"
    },
    {
      "geometry": {
        "coordinates": [
          27.45305479,
          -11.72540762
        ],
        "type": "Point"
      },
      "properties": {
        "chainage_m": 27925.4,
        "civil_class": "elevated",
        "investigation_flags": [
          "acidic-soil-durability-testing",
          "fine-soil-plasticity-and-shrink-swell-tests",
          "granular-density-and-groundwater-tests"
        ],
        "lat": -11.72540762,
        "line": "line-5",
        "lon": 27.45305479,
        "sample_id": "segment:line-5-civil-080:0000",
        "scope_id": "line-5-civil-080",
        "scope_type": "civil_segment"
      },
      "type": "Feature"
    },
    {
      "geometry": {
        "coordinates": [
          27.45287126,
          -11.72540762
        ],
        "type": "Point"
      },
      "properties": {
        "chainage_m": 27945.4,
        "civil_class": "elevated",
        "investigation_flags": [
          "acidic-soil-durability-testing",
          "fine-soil-plasticity-and-shrink-swell-tests",
          "granular-density-and-groundwater-tests"
        ],
        "lat": -11.72540762,
        "line": "line-5",
        "lon": 27.45287126,
        "sample_id": "segment:line-5-civil-080:0001",
        "scope_id": "line-5-civil-080",
        "scope_type": "civil_segment"
      },
      "type": "Feature"
    },
    {
      "geometry": {
        "coordinates": [
          27.45271496,
          -11.7253808
        ],
        "type": "Point"
      },
      "properties": {
        "chainage_m": 27965.4,
        "civil_class": "elevated",
        "investigation_flags": [
          "acidic-soil-durability-testing",
          "fine-soil-plasticity-and-shrink-swell-tests",
          "granular-density-and-groundwater-tests"
        ],
        "lat": -11.7253808,
        "line": "line-5",
        "lon": 27.45271496,
        "sample_id": "segment:line-5-civil-080:0002",
        "scope_id": "line-5-civil-080",
        "scope_type": "civil_segment"
      },
      "type": "Feature"
    },
    {
      "geometry": {
        "coordinates": [
          27.45271496,
          -11.7253808
        ],
        "type": "Point"
      },
      "properties": {
        "chainage_m": 27965.4,
        "civil_class": "at-grade",
        "investigation_flags": [
          "acidic-soil-durability-testing",
          "fine-soil-plasticity-and-shrink-swell-tests",
          "granular-density-and-groundwater-tests"
        ],
        "lat": -11.7253808,
        "line": "line-5",
        "lon": 27.45271496,
        "sample_id": "segment:line-5-civil-081:0000",
        "scope_id": "line-5-civil-081",
        "scope_type": "civil_segment"
      },
      "type": "Feature"
    },
    {
      "geometry": {
        "coordinates": [
          27.45271496,
          -11.7252908
        ],
        "type": "Point"
      },
      "properties": {
        "chainage_m": 27975.4,
        "civil_class": "at-grade",
        "investigation_flags": [
          "acidic-soil-durability-testing",
          "fine-soil-plasticity-and-shrink-swell-tests",
          "granular-density-and-groundwater-tests"
        ],
        "lat": -11.7252908,
        "line": "line-5",
        "lon": 27.45271496,
        "sample_id": "segment:line-5-civil-081:0001",
        "scope_id": "line-5-civil-081",
        "scope_type": "civil_segment"
      },
      "type": "Feature"
    },
    {
      "geometry": {
        "coordinates": [
          27.45268771,
          -11.72522766
        ],
        "type": "Point"
      },
      "properties": {
        "chainage_m": 27985.4,
        "civil_class": "at-grade",
        "investigation_flags": [
          "acidic-soil-durability-testing",
          "fine-soil-plasticity-and-shrink-swell-tests",
          "granular-density-and-groundwater-tests"
        ],
        "lat": -11.72522766,
        "line": "line-5",
        "lon": 27.45268771,
        "sample_id": "segment:line-5-civil-081:0002",
        "scope_id": "line-5-civil-081",
        "scope_type": "civil_segment"
      },
      "type": "Feature"
    },
    {
      "geometry": {
        "coordinates": [
          27.45268771,
          -11.72522766
        ],
        "type": "Point"
      },
      "properties": {
        "chainage_m": 27985.4,
        "civil_class": "elevated",
        "investigation_flags": [
          "acidic-soil-durability-testing",
          "fine-soil-plasticity-and-shrink-swell-tests",
          "granular-density-and-groundwater-tests"
        ],
        "lat": -11.72522766,
        "line": "line-5",
        "lon": 27.45268771,
        "sample_id": "segment:line-5-civil-082:0000",
        "scope_id": "line-5-civil-082",
        "scope_type": "civil_segment"
      },
      "type": "Feature"
    },
    {
      "geometry": {
        "coordinates": [
          27.4525959,
          -11.72522766
        ],
        "type": "Point"
      },
      "properties": {
        "chainage_m": 27995.4,
        "civil_class": "elevated",
        "investigation_flags": [
          "acidic-soil-durability-testing",
          "fine-soil-plasticity-and-shrink-swell-tests",
          "granular-density-and-groundwater-tests"
        ],
        "lat": -11.72522766,
        "line": "line-5",
        "lon": 27.4525959,
        "sample_id": "segment:line-5-civil-082:0001",
        "scope_id": "line-5-civil-082",
        "scope_type": "civil_segment"
      },
      "type": "Feature"
    },
    {
      "geometry": {
        "coordinates": [
          27.45250409,
          -11.72522766
        ],
        "type": "Point"
      },
      "properties": {
        "chainage_m": 28005.4,
        "civil_class": "elevated",
        "investigation_flags": [
          "acidic-soil-durability-testing",
          "fine-soil-plasticity-and-shrink-swell-tests",
          "granular-density-and-groundwater-tests"
        ],
        "lat": -11.72522766,
        "line": "line-5",
        "lon": 27.45250409,
        "sample_id": "segment:line-5-civil-082:0002",
        "scope_id": "line-5-civil-082",
        "scope_type": "civil_segment"
      },
      "type": "Feature"
    },
    {
      "geometry": {
        "coordinates": [
          27.45250409,
          -11.72522766
        ],
        "type": "Point"
      },
      "properties": {
        "chainage_m": 28005.4,
        "civil_class": "at-grade",
        "investigation_flags": [
          "acidic-soil-durability-testing",
          "fine-soil-plasticity-and-shrink-swell-tests",
          "granular-density-and-groundwater-tests"
        ],
        "lat": -11.72522766,
        "line": "line-5",
        "lon": 27.45250409,
        "sample_id": "segment:line-5-civil-083:0000",
        "scope_id": "line-5-civil-083",
        "scope_type": "civil_segment"
      },
      "type": "Feature"
    },
    {
      "geometry": {
        "coordinates": [
          27.4519534,
          -11.72504769
        ],
        "type": "Point"
      },
      "properties": {
        "chainage_m": 28085.4,
        "civil_class": "at-grade",
        "investigation_flags": [
          "acidic-soil-durability-testing",
          "fine-soil-plasticity-and-shrink-swell-tests",
          "granular-density-and-groundwater-tests"
        ],
        "lat": -11.72504769,
        "line": "line-5",
        "lon": 27.4519534,
        "sample_id": "segment:line-5-civil-083:0001",
        "scope_id": "line-5-civil-083",
        "scope_type": "civil_segment"
      },
      "type": "Feature"
    },
    {
      "geometry": {
        "coordinates": [
          27.4514027,
          -11.72486772
        ],
        "type": "Point"
      },
      "properties": {
        "chainage_m": 28165.4,
        "civil_class": "at-grade",
        "investigation_flags": [
          "acidic-soil-durability-testing",
          "fine-soil-plasticity-and-shrink-swell-tests",
          "granular-density-and-groundwater-tests"
        ],
        "lat": -11.72486772,
        "line": "line-5",
        "lon": 27.4514027,
        "sample_id": "segment:line-5-civil-083:0002",
        "scope_id": "line-5-civil-083",
        "scope_type": "civil_segment"
      },
      "type": "Feature"
    },
    {
      "geometry": {
        "coordinates": [
          27.4514027,
          -11.72486772
        ],
        "type": "Point"
      },
      "properties": {
        "chainage_m": 28165.4,
        "civil_class": "elevated",
        "investigation_flags": [
          "acidic-soil-durability-testing",
          "fine-soil-plasticity-and-shrink-swell-tests",
          "granular-density-and-groundwater-tests"
        ],
        "lat": -11.72486772,
        "line": "line-5",
        "lon": 27.4514027,
        "sample_id": "segment:line-5-civil-084:0000",
        "scope_id": "line-5-civil-084",
        "scope_type": "civil_segment"
      },
      "type": "Feature"
    },
    {
      "geometry": {
        "coordinates": [
          27.44569239,
          -11.71941767
        ],
        "type": "Point"
      },
      "properties": {
        "chainage_m": 29168.74,
        "civil_class": "elevated",
        "investigation_flags": [
          "acidic-soil-durability-testing",
          "fine-soil-plasticity-and-shrink-swell-tests",
          "granular-density-and-groundwater-tests"
        ],
        "lat": -11.71941767,
        "line": "line-5",
        "lon": 27.44569239,
        "sample_id": "segment:line-5-civil-084:0001",
        "scope_id": "line-5-civil-084",
        "scope_type": "civil_segment"
      },
      "type": "Feature"
    },
    {
      "geometry": {
        "coordinates": [
          27.43987576,
          -11.71370982
        ],
        "type": "Point"
      },
      "properties": {
        "chainage_m": 30172.08,
        "civil_class": "elevated",
        "investigation_flags": [
          "acidic-soil-durability-testing",
          "fine-soil-plasticity-and-shrink-swell-tests",
          "granular-density-and-groundwater-tests"
        ],
        "lat": -11.71370982,
        "line": "line-5",
        "lon": 27.43987576,
        "sample_id": "segment:line-5-civil-084:0002",
        "scope_id": "line-5-civil-084",
        "scope_type": "civil_segment"
      },
      "type": "Feature"
    },
    {
      "geometry": {
        "coordinates": [
          27.43411191,
          -11.7078762
        ],
        "type": "Point"
      },
      "properties": {
        "chainage_m": 31175.42,
        "civil_class": "elevated",
        "investigation_flags": [
          "acidic-soil-durability-testing",
          "fine-soil-plasticity-and-shrink-swell-tests",
          "granular-density-and-groundwater-tests"
        ],
        "lat": -11.7078762,
        "line": "line-5",
        "lon": 27.43411191,
        "sample_id": "segment:line-5-civil-084:0003",
        "scope_id": "line-5-civil-084",
        "scope_type": "civil_segment"
      },
      "type": "Feature"
    },
    {
      "geometry": {
        "coordinates": [
          27.42836096,
          -11.70201202
        ],
        "type": "Point"
      },
      "properties": {
        "chainage_m": 32178.76,
        "civil_class": "elevated",
        "investigation_flags": [
          "acidic-soil-durability-testing",
          "fine-soil-plasticity-and-shrink-swell-tests",
          "granular-density-and-groundwater-tests"
        ],
        "lat": -11.70201202,
        "line": "line-5",
        "lon": 27.42836096,
        "sample_id": "segment:line-5-civil-084:0004",
        "scope_id": "line-5-civil-084",
        "scope_type": "civil_segment"
      },
      "type": "Feature"
    },
    {
      "geometry": {
        "coordinates": [
          27.42266112,
          -11.69628199
        ],
        "type": "Point"
      },
      "properties": {
        "chainage_m": 33182.1,
        "civil_class": "elevated",
        "investigation_flags": [
          "acidic-soil-durability-testing",
          "fine-soil-plasticity-and-shrink-swell-tests",
          "granular-density-and-groundwater-tests"
        ],
        "lat": -11.69628199,
        "line": "line-5",
        "lon": 27.42266112,
        "sample_id": "segment:line-5-civil-084:0005",
        "scope_id": "line-5-civil-084",
        "scope_type": "civil_segment"
      },
      "type": "Feature"
    },
    {
      "geometry": {
        "coordinates": [
          27.4169738,
          -11.69052225
        ],
        "type": "Point"
      },
      "properties": {
        "chainage_m": 34185.44,
        "civil_class": "elevated",
        "investigation_flags": [
          "acidic-soil-durability-testing",
          "fine-soil-plasticity-and-shrink-swell-tests",
          "granular-density-and-groundwater-tests"
        ],
        "lat": -11.69052225,
        "line": "line-5",
        "lon": 27.4169738,
        "sample_id": "segment:line-5-civil-084:0006",
        "scope_id": "line-5-civil-084",
        "scope_type": "civil_segment"
      },
      "type": "Feature"
    },
    {
      "geometry": {
        "coordinates": [
          27.41180904,
          -11.68423159
        ],
        "type": "Point"
      },
      "properties": {
        "chainage_m": 35188.78,
        "civil_class": "elevated",
        "investigation_flags": [
          "acidic-soil-durability-testing",
          "fine-soil-plasticity-and-shrink-swell-tests",
          "granular-density-and-groundwater-tests"
        ],
        "lat": -11.68423159,
        "line": "line-5",
        "lon": 27.41180904,
        "sample_id": "segment:line-5-civil-084:0007",
        "scope_id": "line-5-civil-084",
        "scope_type": "civil_segment"
      },
      "type": "Feature"
    },
    {
      "geometry": {
        "coordinates": [
          27.4116256,
          -11.67774224
        ],
        "type": "Point"
      },
      "properties": {
        "chainage_m": 35967.4,
        "civil_class": "elevated",
        "investigation_flags": [
          "acidic-soil-durability-testing",
          "fine-soil-plasticity-and-shrink-swell-tests",
          "granular-density-and-groundwater-tests"
        ],
        "lat": -11.67774224,
        "line": "line-5",
        "lon": 27.4116256,
        "sample_id": "segment:line-5-civil-084:0008",
        "scope_id": "line-5-civil-084",
        "scope_type": "civil_segment"
      },
      "type": "Feature"
    },
    {
      "geometry": {
        "coordinates": [
          27.41199247,
          -11.67586781
        ],
        "type": "Point"
      },
      "properties": {
        "chainage_m": 36192.12,
        "civil_class": "elevated",
        "investigation_flags": [
          "acidic-soil-durability-testing",
          "fine-soil-plasticity-and-shrink-swell-tests",
          "granular-density-and-groundwater-tests"
        ],
        "lat": -11.67586781,
        "line": "line-5",
        "lon": 27.41199247,
        "sample_id": "segment:line-5-civil-084:0009",
        "scope_id": "line-5-civil-084",
        "scope_type": "civil_segment"
      },
      "type": "Feature"
    },
    {
      "geometry": {
        "coordinates": [
          27.41290964,
          -11.66735379
        ],
        "type": "Point"
      },
      "properties": {
        "chainage_m": 37195.46,
        "civil_class": "elevated",
        "investigation_flags": [
          "acidic-soil-durability-testing",
          "fine-soil-plasticity-and-shrink-swell-tests",
          "granular-density-and-groundwater-tests"
        ],
        "lat": -11.66735379,
        "line": "line-5",
        "lon": 27.41290964,
        "sample_id": "segment:line-5-civil-084:0010",
        "scope_id": "line-5-civil-084",
        "scope_type": "civil_segment"
      },
      "type": "Feature"
    },
    {
      "geometry": {
        "coordinates": [
          27.40622339,
          -11.6633193
        ],
        "type": "Point"
      },
      "properties": {
        "chainage_m": 38198.8,
        "civil_class": "elevated",
        "investigation_flags": [
          "acidic-soil-durability-testing",
          "fine-soil-plasticity-and-shrink-swell-tests",
          "granular-density-and-groundwater-tests"
        ],
        "lat": -11.6633193,
        "line": "line-5",
        "lon": 27.40622339,
        "sample_id": "segment:line-5-civil-084:0011",
        "scope_id": "line-5-civil-084",
        "scope_type": "civil_segment"
      },
      "type": "Feature"
    },
    {
      "geometry": {
        "coordinates": [
          27.40116983,
          -11.65746419
        ],
        "type": "Point"
      },
      "properties": {
        "chainage_m": 39202.14,
        "civil_class": "elevated",
        "investigation_flags": [
          "acidic-soil-durability-testing",
          "fine-soil-plasticity-and-shrink-swell-tests",
          "granular-density-and-groundwater-tests"
        ],
        "lat": -11.65746419,
        "line": "line-5",
        "lon": 27.40116983,
        "sample_id": "segment:line-5-civil-084:0012",
        "scope_id": "line-5-civil-084",
        "scope_type": "civil_segment"
      },
      "type": "Feature"
    },
    {
      "geometry": {
        "coordinates": [
          27.40025265,
          -11.6489056
        ],
        "type": "Point"
      },
      "properties": {
        "chainage_m": 40205.48,
        "civil_class": "elevated",
        "investigation_flags": [
          "acidic-soil-durability-testing",
          "fine-soil-plasticity-and-shrink-swell-tests",
          "granular-density-and-groundwater-tests"
        ],
        "lat": -11.6489056,
        "line": "line-5",
        "lon": 27.40025265,
        "sample_id": "segment:line-5-civil-084:0013",
        "scope_id": "line-5-civil-084",
        "scope_type": "civil_segment"
      },
      "type": "Feature"
    },
    {
      "geometry": {
        "coordinates": [
          27.39933548,
          -11.64024135
        ],
        "type": "Point"
      },
      "properties": {
        "chainage_m": 41208.82,
        "civil_class": "elevated",
        "investigation_flags": [
          "acidic-soil-durability-testing",
          "fine-soil-plasticity-and-shrink-swell-tests"
        ],
        "lat": -11.64024135,
        "line": "line-5",
        "lon": 27.39933548,
        "sample_id": "segment:line-5-civil-084:0014",
        "scope_id": "line-5-civil-084",
        "scope_type": "civil_segment"
      },
      "type": "Feature"
    },
    {
      "geometry": {
        "coordinates": [
          27.39841831,
          -11.63157712
        ],
        "type": "Point"
      },
      "properties": {
        "chainage_m": 42212.16,
        "civil_class": "elevated",
        "investigation_flags": [
          "acidic-soil-durability-testing",
          "fine-soil-plasticity-and-shrink-swell-tests"
        ],
        "lat": -11.63157712,
        "line": "line-5",
        "lon": 27.39841831,
        "sample_id": "segment:line-5-civil-084:0015",
        "scope_id": "line-5-civil-084",
        "scope_type": "civil_segment"
      },
      "type": "Feature"
    },
    {
      "geometry": {
        "coordinates": [
          27.39750113,
          -11.6229129
        ],
        "type": "Point"
      },
      "properties": {
        "chainage_m": 43215.5,
        "civil_class": "elevated",
        "investigation_flags": [
          "acidic-soil-durability-testing",
          "fine-soil-plasticity-and-shrink-swell-tests"
        ],
        "lat": -11.6229129,
        "line": "line-5",
        "lon": 27.39750113,
        "sample_id": "segment:line-5-civil-084:0016",
        "scope_id": "line-5-civil-084",
        "scope_type": "civil_segment"
      },
      "type": "Feature"
    },
    {
      "geometry": {
        "coordinates": [
          27.39695083,
          -11.61814779
        ],
        "type": "Point"
      },
      "properties": {
        "chainage_m": 43769.4,
        "civil_class": "elevated",
        "investigation_flags": [
          "acidic-soil-durability-testing",
          "fine-soil-plasticity-and-shrink-swell-tests"
        ],
        "lat": -11.61814779,
        "line": "line-5",
        "lon": 27.39695083,
        "sample_id": "segment:line-5-civil-084:0017",
        "scope_id": "line-5-civil-084",
        "scope_type": "civil_segment"
      },
      "type": "Feature"
    },
    {
      "geometry": {
        "coordinates": [
          27.5334262,
          -11.5771155
        ],
        "type": "Point"
      },
      "properties": {
        "chainage_m": 0.0,
        "civil_class": "station",
        "investigation_flags": [
          "acidic-soil-durability-testing",
          "fine-soil-plasticity-and-shrink-swell-tests"
        ],
        "lat": -11.5771155,
        "line": "line-1",
        "lon": 27.5334262,
        "sample_id": "station:line-1-0428-1163-s000000",
        "scope_id": "line-1-0428-1163-s000000",
        "scope_type": "station"
      },
      "type": "Feature"
    },
    {
      "geometry": {
        "coordinates": [
          27.52572194,
          -11.59241263
        ],
        "type": "Point"
      },
      "properties": {
        "chainage_m": 2083.1,
        "civil_class": "station",
        "investigation_flags": [
          "acidic-soil-durability-testing",
          "fine-soil-plasticity-and-shrink-swell-tests"
        ],
        "lat": -11.59241263,
        "line": "line-1",
        "lon": 27.52572194,
        "sample_id": "station:line-1-0513-1121-s002083",
        "scope_id": "line-1-0513-1121-s002083",
        "scope_type": "station"
      },
      "type": "Feature"
    },
    {
      "geometry": {
        "coordinates": [
          27.51820112,
          -11.60770975
        ],
        "type": "Point"
      },
      "properties": {
        "chainage_m": 4157.9,
        "civil_class": "station",
        "investigation_flags": [
          "acidic-soil-durability-testing",
          "fine-soil-plasticity-and-shrink-swell-tests"
        ],
        "lat": -11.60770975,
        "line": "line-1",
        "lon": 27.51820112,
        "sample_id": "station:line-1-0598-1080-s004158",
        "scope_id": "line-1-0598-1080-s004158",
        "scope_type": "station"
      },
      "type": "Feature"
    },
    {
      "geometry": {
        "coordinates": [
          27.50719505,
          -11.62966562
        ],
        "type": "Point"
      },
      "properties": {
        "chainage_m": 7165.2,
        "civil_class": "station",
        "investigation_flags": [
          "acidic-soil-durability-testing",
          "fine-soil-plasticity-and-shrink-swell-tests",
          "granular-density-and-groundwater-tests"
        ],
        "lat": -11.62966562,
        "line": "line-1",
        "lon": 27.50719505,
        "sample_id": "station:line-1-0720-1020-s007165",
        "scope_id": "line-1-0720-1020-s007165",
        "scope_type": "station"
      },
      "type": "Feature"
    },
    {
      "geometry": {
        "coordinates": [
          27.49967423,
          -11.64478278
        ],
        "type": "Point"
      },
      "properties": {
        "chainage_m": 9214.2,
        "civil_class": "station",
        "investigation_flags": [
          "acidic-soil-durability-testing",
          "fine-soil-plasticity-and-shrink-swell-tests",
          "granular-density-and-groundwater-tests"
        ],
        "lat": -11.64478278,
        "line": "line-1",
        "lon": 27.49967423,
        "sample_id": "station:line-1-0804-0979-s009214",
        "scope_id": "line-1-0804-0979-s009214",
        "scope_type": "station"
      },
      "type": "Feature"
    },
    {
      "geometry": {
        "coordinates": [
          27.49710614,
          -11.64982183
        ],
        "type": "Point"
      },
      "properties": {
        "chainage_m": 9907.7,
        "civil_class": "station",
        "investigation_flags": [
          "acidic-soil-durability-testing",
          "fine-soil-plasticity-and-shrink-swell-tests",
          "granular-density-and-groundwater-tests"
        ],
        "lat": -11.64982183,
        "line": "line-1",
        "lon": 27.49710614,
        "sample_id": "station:line-1-0832-0965-s009908",
        "scope_id": "line-1-0832-0965-s009908",
        "scope_type": "station"
      },
      "type": "Feature"
    },
    {
      "geometry": {
        "coordinates": [
          27.48499945,
          -11.6739373
        ],
        "type": "Point"
      },
      "properties": {
        "chainage_m": 13181.4,
        "civil_class": "station",
        "investigation_flags": [
          "acidic-soil-durability-testing",
          "fine-soil-plasticity-and-shrink-swell-tests",
          "granular-density-and-groundwater-tests"
        ],
        "lat": -11.6739373,
        "line": "line-1",
        "lon": 27.48499945,
        "sample_id": "station:line-1-0966-0899-s013181",
        "scope_id": "line-1-0966-0899-s013181",
        "scope_type": "station"
      },
      "type": "Feature"
    },
    {
      "geometry": {
        "coordinates": [
          27.47399338,
          -11.69589317
        ],
        "type": "Point"
      },
      "properties": {
        "chainage_m": 16200.4,
        "civil_class": "station",
        "investigation_flags": [
          "acidic-soil-durability-testing",
          "fine-soil-plasticity-and-shrink-swell-tests",
          "granular-density-and-groundwater-tests"
        ],
        "lat": -11.69589317,
        "line": "line-1",
        "lon": 27.47399338,
        "sample_id": "station:line-1-1088-0839-s016200",
        "scope_id": "line-1-1088-0839-s016200",
        "scope_type": "station"
      },
      "type": "Feature"
    },
    {
      "geometry": {
        "coordinates": [
          27.4683069,
          -11.70723104
        ],
        "type": "Point"
      },
      "properties": {
        "chainage_m": 17740.7,
        "civil_class": "station",
        "investigation_flags": [
          "acidic-soil-durability-testing",
          "fine-soil-plasticity-and-shrink-swell-tests",
          "granular-density-and-groundwater-tests"
        ],
        "lat": -11.70723104,
        "line": "line-1",
        "lon": 27.4683069,
        "sample_id": "station:line-1-1151-0808-s017741",
        "scope_id": "line-1-1151-0808-s017741",
        "scope_type": "station"
      },
      "type": "Feature"
    },
    {
      "geometry": {
        "coordinates": [
          27.46995781,
          -11.70831084
        ],
        "type": "Point"
      },
      "properties": {
        "chainage_m": 19543.8,
        "civil_class": "station",
        "investigation_flags": [
          "acidic-soil-durability-testing",
          "fine-soil-plasticity-and-shrink-swell-tests",
          "granular-density-and-groundwater-tests"
        ],
        "lat": -11.70831084,
        "line": "line-1",
        "lon": 27.46995781,
        "sample_id": "station:line-1-1157-0817-s019544",
        "scope_id": "line-1-1157-0817-s019544",
        "scope_type": "station"
      },
      "type": "Feature"
    },
    {
      "geometry": {
        "coordinates": [
          27.39896861,
          -11.6361444
        ],
        "type": "Point"
      },
      "properties": {
        "chainage_m": 0.0,
        "civil_class": "station",
        "investigation_flags": [
          "acidic-soil-durability-testing",
          "fine-soil-plasticity-and-shrink-swell-tests"
        ],
        "lat": -11.6361444,
        "line": "line-2",
        "lon": 27.39896861,
        "sample_id": "station:line-2-0756-0430-s000000",
        "scope_id": "line-2-0756-0430-s000000",
        "scope_type": "station"
      },
      "type": "Feature"
    },
    {
      "geometry": {
        "coordinates": [
          27.41456055,
          -11.6377641
        ],
        "type": "Point"
      },
      "properties": {
        "chainage_m": 1836.0,
        "civil_class": "station",
        "investigation_flags": [
          "acidic-soil-durability-testing",
          "fine-soil-plasticity-and-shrink-swell-tests",
          "granular-density-and-groundwater-tests"
        ],
        "lat": -11.6377641,
        "line": "line-2",
        "lon": 27.41456055,
        "sample_id": "station:line-2-0765-0515-s001836",
        "scope_id": "line-2-0765-0515-s001836",
        "scope_type": "station"
      },
      "type": "Feature"
    },
    {
      "geometry": {
        "coordinates": [
          27.43859049,
          -11.64136342
        ],
        "type": "Point"
      },
      "properties": {
        "chainage_m": 4607.5,
        "civil_class": "station",
        "investigation_flags": [
          "acidic-soil-durability-testing",
          "fine-soil-plasticity-and-shrink-swell-tests",
          "granular-density-and-groundwater-tests"
        ],
        "lat": -11.64136342,
        "line": "line-2",
        "lon": 27.43859049,
        "sample_id": "station:line-2-0785-0646-s004608",
        "scope_id": "line-2-0785-0646-s004608",
        "scope_type": "station"
      },
      "type": "Feature"
    },
    {
      "geometry": {
        "coordinates": [
          27.45730082,
          -11.64406292
        ],
        "type": "Point"
      },
      "properties": {
        "chainage_m": 6785.9,
        "civil_class": "station",
        "investigation_flags": [
          "acidic-soil-durability-testing",
          "fine-soil-plasticity-and-shrink-swell-tests",
          "granular-density-and-groundwater-tests"
        ],
        "lat": -11.64406292,
        "line": "line-2",
        "lon": 27.45730082,
        "sample_id": "station:line-2-0800-0748-s006786",
        "scope_id": "line-2-0800-0748-s006786",
        "scope_type": "station"
      },
      "type": "Feature"
    },
    {
      "geometry": {
        "coordinates": [
          27.48334854,
          -11.64784221
        ],
        "type": "Point"
      },
      "properties": {
        "chainage_m": 9799.9,
        "civil_class": "station",
        "investigation_flags": [
          "acidic-soil-durability-testing",
          "fine-soil-plasticity-and-shrink-swell-tests",
          "granular-density-and-groundwater-tests"
        ],
        "lat": -11.64784221,
        "line": "line-2",
        "lon": 27.48334854,
        "sample_id": "station:line-2-0821-0890-s009800",
        "scope_id": "line-2-0821-0890-s009800",
        "scope_type": "station"
      },
      "type": "Feature"
    },
    {
      "geometry": {
        "coordinates": [
          27.49710614,
          -11.64982183
        ],
        "type": "Point"
      },
      "properties": {
        "chainage_m": 11391.0,
        "civil_class": "station",
        "investigation_flags": [
          "acidic-soil-durability-testing",
          "fine-soil-plasticity-and-shrink-swell-tests",
          "granular-density-and-groundwater-tests"
        ],
        "lat": -11.64982183,
        "line": "line-2",
        "lon": 27.49710614,
        "sample_id": "station:line-2-0832-0965-s011391",
        "scope_id": "line-2-0832-0965-s011391",
        "scope_type": "station"
      },
      "type": "Feature"
    },
    {
      "geometry": {
        "coordinates": [
          27.50279261,
          -11.65072166
        ],
        "type": "Point"
      },
      "properties": {
        "chainage_m": 12052.4,
        "civil_class": "station",
        "investigation_flags": [
          "acidic-soil-durability-testing",
          "fine-soil-plasticity-and-shrink-swell-tests",
          "granular-density-and-groundwater-tests"
        ],
        "lat": -11.65072166,
        "line": "line-2",
        "lon": 27.50279261,
        "sample_id": "station:line-2-0837-0996-s012052",
        "scope_id": "line-2-0837-0996-s012052",
        "scope_type": "station"
      },
      "type": "Feature"
    },
    {
      "geometry": {
        "coordinates": [
          27.54058015,
          -11.65630062
        ],
        "type": "Point"
      },
      "properties": {
        "chainage_m": 16441.0,
        "civil_class": "station",
        "investigation_flags": [
          "acidic-soil-durability-testing",
          "fine-soil-plasticity-and-shrink-swell-tests",
          "granular-density-and-groundwater-tests"
        ],
        "lat": -11.65630062,
        "line": "line-2",
        "lon": 27.54058015,
        "sample_id": "station:line-2-0868-1202-s016441",
        "scope_id": "line-2-0868-1202-s016441",
        "scope_type": "station"
      },
      "type": "Feature"
    },
    {
      "geometry": {
        "coordinates": [
          27.49655584,
          -11.59853148
        ],
        "type": "Point"
      },
      "properties": {
        "chainage_m": 0.0,
        "civil_class": "station",
        "investigation_flags": [
          "acidic-soil-durability-testing",
          "fine-soil-plasticity-and-shrink-swell-tests"
        ],
        "lat": -11.59853148,
        "line": "line-3",
        "lon": 27.49655584,
        "sample_id": "station:line-3-0547-0962-s000000",
        "scope_id": "line-3-0547-0962-s000000",
        "scope_type": "station"
      },
      "type": "Feature"
    },
    {
      "geometry": {
        "coordinates": [
          27.48096389,
          -11.61004931
        ],
        "type": "Point"
      },
      "properties": {
        "chainage_m": 2476.2,
        "civil_class": "station",
        "investigation_flags": [
          "acidic-soil-durability-testing",
          "fine-soil-plasticity-and-shrink-swell-tests"
        ],
        "lat": -11.61004931,
        "line": "line-3",
        "lon": 27.48096389,
        "sample_id": "station:line-3-0611-0877-s002476",
        "scope_id": "line-3-0611-0877-s002476",
        "scope_type": "station"
      },
      "type": "Feature"
    },
    {
      "geometry": {
        "coordinates": [
          27.43859049,
          -11.64136342
        ],
        "type": "Point"
      },
      "properties": {
        "chainage_m": 8613.8,
        "civil_class": "station",
        "investigation_flags": [
          "acidic-soil-durability-testing",
          "fine-soil-plasticity-and-shrink-swell-tests",
          "granular-density-and-groundwater-tests"
        ],
        "lat": -11.64136342,
        "line": "line-3",
        "lon": 27.43859049,
        "sample_id": "station:line-3-0785-0646-s008614",
        "scope_id": "line-3-0785-0646-s008614",
        "scope_type": "station"
      },
      "type": "Feature"
    },
    {
      "geometry": {
        "coordinates": [
          27.42024703,
          -11.65468092
        ],
        "type": "Point"
      },
      "properties": {
        "chainage_m": 11490.5,
        "civil_class": "station",
        "investigation_flags": [
          "acidic-soil-durability-testing",
          "fine-soil-plasticity-and-shrink-swell-tests",
          "granular-density-and-groundwater-tests"
        ],
        "lat": -11.65468092,
        "line": "line-3",
        "lon": 27.42024703,
        "sample_id": "station:line-3-0859-0546-s011490",
        "scope_id": "line-3-0859-0546-s011490",
        "scope_type": "station"
      },
      "type": "Feature"
    },
    {
      "geometry": {
        "coordinates": [
          27.4206139,
          -11.65594068
        ],
        "type": "Point"
      },
      "properties": {
        "chainage_m": 12301.6,
        "civil_class": "station",
        "investigation_flags": [
          "acidic-soil-durability-testing",
          "fine-soil-plasticity-and-shrink-swell-tests",
          "granular-density-and-groundwater-tests"
        ],
        "lat": -11.65594068,
        "line": "line-3",
        "lon": 27.4206139,
        "sample_id": "station:line-3-0866-0548-s012302",
        "scope_id": "line-3-0866-0548-s012302",
        "scope_type": "station"
      },
      "type": "Feature"
    },
    {
      "geometry": {
        "coordinates": [
          27.42868502,
          -11.51106792
        ],
        "type": "Point"
      },
      "properties": {
        "chainage_m": 24459.7,
        "civil_class": "station",
        "investigation_flags": [
          "acidic-soil-durability-testing",
          "fine-soil-plasticity-and-shrink-swell-tests"
        ],
        "lat": -11.51106792,
        "line": "line-4",
        "lon": 27.42868502,
        "sample_id": "station:line-4-0061-0592-s024460",
        "scope_id": "line-4-0061-0592-s024460",
        "scope_type": "station"
      },
      "type": "Feature"
    },
    {
      "geometry": {
        "coordinates": [
          27.45161435,
          -11.53194399
        ],
        "type": "Point"
      },
      "properties": {
        "chainage_m": 20249.0,
        "civil_class": "station",
        "investigation_flags": [
          "acidic-soil-durability-testing",
          "fine-soil-plasticity-and-shrink-swell-tests"
        ],
        "lat": -11.53194399,
        "line": "line-4",
        "lon": 27.45161435,
        "sample_id": "station:line-4-0177-0717-s020249",
        "scope_id": "line-4-0177-0717-s020249",
        "scope_type": "station"
      },
      "type": "Feature"
    },
    {
      "geometry": {
        "coordinates": [
          27.45803456,
          -11.5670374
        ],
        "type": "Point"
      },
      "properties": {
        "chainage_m": 16035.6,
        "civil_class": "station",
        "investigation_flags": [
          "acidic-soil-durability-testing",
          "fine-soil-plasticity-and-shrink-swell-tests"
        ],
        "lat": -11.5670374,
        "line": "line-4",
        "lon": 27.45803456,
        "sample_id": "station:line-4-0372-0752-s016036",
        "scope_id": "line-4-0372-0752-s016036",
        "scope_type": "station"
      },
      "type": "Feature"
    },
    {
      "geometry": {
        "coordinates": [
          27.48096389,
          -11.61004931
        ],
        "type": "Point"
      },
      "properties": {
        "chainage_m": 10044.3,
        "civil_class": "station",
        "investigation_flags": [
          "acidic-soil-durability-testing",
          "fine-soil-plasticity-and-shrink-swell-tests"
        ],
        "lat": -11.61004931,
        "line": "line-4",
        "lon": 27.48096389,
        "sample_id": "station:line-4-0611-0877-s010044",
        "scope_id": "line-4-0611-0877-s010044",
        "scope_type": "station"
      },
      "type": "Feature"
    },
    {
      "geometry": {
        "coordinates": [
          27.49013562,
          -11.62696613
        ],
        "type": "Point"
      },
      "properties": {
        "chainage_m": 7632.9,
        "civil_class": "station",
        "investigation_flags": [
          "acidic-soil-durability-testing",
          "fine-soil-plasticity-and-shrink-swell-tests",
          "granular-density-and-groundwater-tests"
        ],
        "lat": -11.62696613,
        "line": "line-4",
        "lon": 27.49013562,
        "sample_id": "station:line-4-0705-0927-s007633",
        "scope_id": "line-4-0705-0927-s007633",
        "scope_type": "station"
      },
      "type": "Feature"
    },
    {
      "geometry": {
        "coordinates": [
          27.49967423,
          -11.64478278
        ],
        "type": "Point"
      },
      "properties": {
        "chainage_m": 5212.9,
        "civil_class": "station",
        "investigation_flags": [
          "acidic-soil-durability-testing",
          "fine-soil-plasticity-and-shrink-swell-tests",
          "granular-density-and-groundwater-tests"
        ],
        "lat": -11.64478278,
        "line": "line-4",
        "lon": 27.49967423,
        "sample_id": "station:line-4-0804-0979-s005213",
        "scope_id": "line-4-0804-0979-s005213",
        "scope_type": "station"
      },
      "type": "Feature"
    },
    {
      "geometry": {
        "coordinates": [
          27.50279261,
          -11.65072166
        ],
        "type": "Point"
      },
      "properties": {
        "chainage_m": 4386.2,
        "civil_class": "station",
        "investigation_flags": [
          "acidic-soil-durability-testing",
          "fine-soil-plasticity-and-shrink-swell-tests",
          "granular-density-and-groundwater-tests"
        ],
        "lat": -11.65072166,
        "line": "line-4",
        "lon": 27.50279261,
        "sample_id": "station:line-4-0837-0996-s004386",
        "scope_id": "line-4-0837-0996-s004386",
        "scope_type": "station"
      },
      "type": "Feature"
    },
    {
      "geometry": {
        "coordinates": [
          27.50792878,
          -11.66043984
        ],
        "type": "Point"
      },
      "properties": {
        "chainage_m": 3015.6,
        "civil_class": "station",
        "investigation_flags": [
          "acidic-soil-durability-testing",
          "fine-soil-plasticity-and-shrink-swell-tests",
          "granular-density-and-groundwater-tests"
        ],
        "lat": -11.66043984,
        "line": "line-4",
        "lon": 27.50792878,
        "sample_id": "station:line-4-0891-1024-s003016",
        "scope_id": "line-4-0891-1024-s003016",
        "scope_type": "station"
      },
      "type": "Feature"
    },
    {
      "geometry": {
        "coordinates": [
          27.51948517,
          -11.68203578
        ],
        "type": "Point"
      },
      "properties": {
        "chainage_m": 0.0,
        "civil_class": "station",
        "investigation_flags": [
          "acidic-soil-durability-testing",
          "fine-soil-plasticity-and-shrink-swell-tests",
          "granular-density-and-groundwater-tests"
        ],
        "lat": -11.68203578,
        "line": "line-4",
        "lon": 27.51948517,
        "sample_id": "station:line-4-1011-1087-s000000",
        "scope_id": "line-4-1011-1087-s000000",
        "scope_type": "station"
      },
      "type": "Feature"
    },
    {
      "geometry": {
        "coordinates": [
          27.39695083,
          -11.61814779
        ],
        "type": "Point"
      },
      "properties": {
        "chainage_m": 0.0,
        "civil_class": "station",
        "investigation_flags": [
          "acidic-soil-durability-testing",
          "fine-soil-plasticity-and-shrink-swell-tests"
        ],
        "lat": -11.61814779,
        "line": "line-5",
        "lon": 27.39695083,
        "sample_id": "station:line-5-0656-0419-s000000",
        "scope_id": "line-5-0656-0419-s000000",
        "scope_type": "station"
      },
      "type": "Feature"
    },
    {
      "geometry": {
        "coordinates": [
          27.39896861,
          -11.6361444
        ],
        "type": "Point"
      },
      "properties": {
        "chainage_m": 41678.3,
        "civil_class": "station",
        "investigation_flags": [
          "acidic-soil-durability-testing",
          "fine-soil-plasticity-and-shrink-swell-tests"
        ],
        "lat": -11.6361444,
        "line": "line-5",
        "lon": 27.39896861,
        "sample_id": "station:line-5-0756-0430-s041678",
        "scope_id": "line-5-0756-0430-s041678",
        "scope_type": "station"
      },
      "type": "Feature"
    },
    {
      "geometry": {
        "coordinates": [
          27.41456055,
          -11.6377641
        ],
        "type": "Point"
      },
      "properties": {
        "chainage_m": 3291.6,
        "civil_class": "station",
        "investigation_flags": [
          "acidic-soil-durability-testing",
          "fine-soil-plasticity-and-shrink-swell-tests",
          "granular-density-and-groundwater-tests"
        ],
        "lat": -11.6377641,
        "line": "line-5",
        "lon": 27.41456055,
        "sample_id": "station:line-5-0765-0515-s003292",
        "scope_id": "line-5-0765-0515-s003292",
        "scope_type": "station"
      },
      "type": "Feature"
    },
    {
      "geometry": {
        "coordinates": [
          27.42024703,
          -11.65468092
        ],
        "type": "Point"
      },
      "properties": {
        "chainage_m": 5428.4,
        "civil_class": "station",
        "investigation_flags": [
          "acidic-soil-durability-testing",
          "fine-soil-plasticity-and-shrink-swell-tests",
          "granular-density-and-groundwater-tests"
        ],
        "lat": -11.65468092,
        "line": "line-5",
        "lon": 27.42024703,
        "sample_id": "station:line-5-0859-0546-s005428",
        "scope_id": "line-5-0859-0546-s005428",
        "scope_type": "station"
      },
      "type": "Feature"
    },
    {
      "geometry": {
        "coordinates": [
          27.4206139,
          -11.65594068
        ],
        "type": "Point"
      },
      "properties": {
        "chainage_m": 5585.0,
        "civil_class": "station",
        "investigation_flags": [
          "acidic-soil-durability-testing",
          "fine-soil-plasticity-and-shrink-swell-tests",
          "granular-density-and-groundwater-tests"
        ],
        "lat": -11.65594068,
        "line": "line-5",
        "lon": 27.4206139,
        "sample_id": "station:line-5-0866-0548-s005585",
        "scope_id": "line-5-0866-0548-s005585",
        "scope_type": "station"
      },
      "type": "Feature"
    },
    {
      "geometry": {
        "coordinates": [
          27.41180904,
          -11.67663679
        ],
        "type": "Point"
      },
      "properties": {
        "chainage_m": 36095.8,
        "civil_class": "station",
        "investigation_flags": [
          "acidic-soil-durability-testing",
          "fine-soil-plasticity-and-shrink-swell-tests",
          "granular-density-and-groundwater-tests"
        ],
        "lat": -11.67663679,
        "line": "line-5",
        "lon": 27.41180904,
        "sample_id": "station:line-5-0981-0500-s036096",
        "scope_id": "line-5-0981-0500-s036096",
        "scope_type": "station"
      },
      "type": "Feature"
    },
    {
      "geometry": {
        "coordinates": [
          27.44941314,
          -11.69427348
        ],
        "type": "Point"
      },
      "properties": {
        "chainage_m": 12055.4,
        "civil_class": "station",
        "investigation_flags": [
          "acidic-soil-durability-testing",
          "fine-soil-plasticity-and-shrink-swell-tests",
          "granular-density-and-groundwater-tests"
        ],
        "lat": -11.69427348,
        "line": "line-5",
        "lon": 27.44941314,
        "sample_id": "station:line-5-1079-0705-s012055",
        "scope_id": "line-5-1079-0705-s012055",
        "scope_type": "station"
      },
      "type": "Feature"
    },
    {
      "geometry": {
        "coordinates": [
          27.42611694,
          -11.69967246
        ],
        "type": "Point"
      },
      "properties": {
        "chainage_m": 32600.7,
        "civil_class": "station",
        "investigation_flags": [
          "acidic-soil-durability-testing",
          "fine-soil-plasticity-and-shrink-swell-tests",
          "granular-density-and-groundwater-tests"
        ],
        "lat": -11.69967246,
        "line": "line-5",
        "lon": 27.42611694,
        "sample_id": "station:line-5-1109-0578-s032601",
        "scope_id": "line-5-1109-0578-s032601",
        "scope_type": "station"
      },
      "type": "Feature"
    },
    {
      "geometry": {
        "coordinates": [
          27.4683069,
          -11.70723104
        ],
        "type": "Point"
      },
      "properties": {
        "chainage_m": 14864.2,
        "civil_class": "station",
        "investigation_flags": [
          "acidic-soil-durability-testing",
          "fine-soil-plasticity-and-shrink-swell-tests",
          "granular-density-and-groundwater-tests"
        ],
        "lat": -11.70723104,
        "line": "line-5",
        "lon": 27.4683069,
        "sample_id": "station:line-5-1151-0808-s014864",
        "scope_id": "line-5-1151-0808-s014864",
        "scope_type": "station"
      },
      "type": "Feature"
    },
    {
      "geometry": {
        "coordinates": [
          27.47014125,
          -11.7084908
        ],
        "type": "Point"
      },
      "properties": {
        "chainage_m": 15145.6,
        "civil_class": "station",
        "investigation_flags": [
          "acidic-soil-durability-testing",
          "fine-soil-plasticity-and-shrink-swell-tests",
          "granular-density-and-groundwater-tests"
        ],
        "lat": -11.7084908,
        "line": "line-5",
        "lon": 27.47014125,
        "sample_id": "station:line-5-1158-0818-s015146",
        "scope_id": "line-5-1158-0818-s015146",
        "scope_type": "station"
      },
      "type": "Feature"
    },
    {
      "geometry": {
        "coordinates": [
          27.44611131,
          -11.71982867
        ],
        "type": "Point"
      },
      "properties": {
        "chainage_m": 29094.5,
        "civil_class": "station",
        "investigation_flags": [
          "acidic-soil-durability-testing",
          "fine-soil-plasticity-and-shrink-swell-tests",
          "granular-density-and-groundwater-tests"
        ],
        "lat": -11.71982867,
        "line": "line-5",
        "lon": 27.44611131,
        "sample_id": "station:line-5-1221-0687-s029095",
        "scope_id": "line-5-1221-0687-s029095",
        "scope_type": "station"
      },
      "type": "Feature"
    },
    {
      "geometry": {
        "coordinates": [
          27.46849034,
          -11.7329662
        ],
        "type": "Point"
      },
      "properties": {
        "chainage_m": 25594.9,
        "civil_class": "station",
        "investigation_flags": [
          "acidic-soil-durability-testing",
          "fine-soil-plasticity-and-shrink-swell-tests",
          "granular-density-and-groundwater-tests"
        ],
        "lat": -11.7329662,
        "line": "line-5",
        "lon": 27.46849034,
        "sample_id": "station:line-5-1294-0809-s025595",
        "scope_id": "line-5-1294-0809-s025595",
        "scope_type": "station"
      },
      "type": "Feature"
    },
    {
      "geometry": {
        "coordinates": [
          27.49398775,
          -11.73926502
        ],
        "type": "Point"
      },
      "properties": {
        "chainage_m": 22038.1,
        "civil_class": "station",
        "investigation_flags": [
          "acidic-soil-durability-testing",
          "fine-soil-plasticity-and-shrink-swell-tests",
          "granular-density-and-groundwater-tests"
        ],
        "lat": -11.73926502,
        "line": "line-5",
        "lon": 27.49398775,
        "sample_id": "station:line-5-1329-0948-s022038",
        "scope_id": "line-5-1329-0948-s022038",
        "scope_type": "station"
      },
      "type": "Feature"
    }
  ],
  "type": "FeatureCollection"
}
