
                        S T E P       1


                                INCREMENT     1


 displacements (vx,vy,vz) for set ALLN and time  0.1000000E+01

         1 -1.779136E-12  6.106853E-12  1.353773E+00
         2 -1.775963E-12  3.529080E-12  7.862957E-01
         3 -1.736432E-12  2.923934E-15 -2.532858E-03
         4 -1.924847E-12 -6.947856E-12 -2.650990E+00
         5 -1.988839E-12 -1.714716E-11 -6.898710E+00
         6 -2.022020E-12 -2.645085E-11 -9.199037E+00
         7 -2.017515E-12 -3.523311E-11 -8.604351E+00
         8 -2.010714E-12 -4.469429E-11 -4.819099E+00
         9 -1.993276E-12 -5.280849E-11  6.125375E-02
        10 -1.990488E-12 -5.773781E-11  3.164510E+00
        11 -1.987925E-12 -6.141311E-11  5.449289E+00
        12  7.908535E-12  6.189266E-12  2.898464E+00
        13  7.913344E-12  3.588937E-12  1.755587E+00
        14  7.953688E-12 -5.307821E-15  1.996370E-02
        15  8.069449E-12 -7.135325E-12 -3.626680E+00
        16  8.160452E-12 -1.721491E-11 -7.746599E+00
        17  8.161169E-12 -2.650328E-11 -9.705400E+00
        18  8.156363E-12 -3.524837E-11 -8.885612E+00
        19  8.149519E-12 -4.465447E-11 -4.937872E+00
        20  8.143070E-12 -5.280292E-11  7.957485E-03
        21  8.137888E-12 -5.772859E-11  3.121565E+00
        22  8.136701E-12 -6.140505E-11  5.402684E+00
        23  1.236903E-13  3.477075E-12  7.239774E-01
        24  0.000000E+00  0.000000E+00  0.000000E+00
        25  3.699239E-13 -6.852213E-12 -2.671875E+00
        26  4.238412E-13 -1.723887E-11 -7.280695E+00
        27  4.239198E-13 -2.640381E-11 -9.447012E+00
        28  3.536754E-13 -3.525967E-11 -8.900010E+00
        29  3.211962E-13 -4.467504E-11 -4.973082E+00
        30  2.798784E-13 -5.282134E-11  0.000000E+00
        31  2.712396E-13 -5.772825E-11  3.085460E+00
        32  2.595527E-13 -6.141400E-11  5.359713E+00
        33  6.132721E-12  3.586766E-12  1.523651E+00
        34  6.053460E-12  0.000000E+00  0.000000E+00
        35  5.873050E-12 -7.090947E-12 -3.575520E+00
        36  5.719175E-12 -1.722364E-11 -7.830447E+00
        37  5.763288E-12 -2.650065E-11 -9.819812E+00
        38  5.790886E-12 -3.524753E-11 -9.046432E+00
        39  5.843834E-12 -4.466497E-11 -5.036600E+00
        40  5.868840E-12 -5.280653E-11  0.000000E+00
        41  5.881953E-12 -5.773189E-11  3.076412E+00
        42  5.881899E-12 -6.140766E-11  5.348005E+00
        43  0.000000E+00  0.000000E+00  0.000000E+00
        44  0.000000E+00  0.000000E+00  0.000000E+00
        45  0.000000E+00  0.000000E+00  0.000000E+00
        46  0.000000E+00  0.000000E+00  0.000000E+00
        47  0.000000E+00  0.000000E+00  0.000000E+00
        48  0.000000E+00  0.000000E+00  0.000000E+00
        49  0.000000E+00  0.000000E+00  0.000000E+00
        50  0.000000E+00  0.000000E+00  0.000000E+00
        51  0.000000E+00  0.000000E+00  0.000000E+00
        52  0.000000E+00  0.000000E+00  0.000000E+00
        53  0.000000E+00  0.000000E+00  0.000000E+00
        54  0.000000E+00  0.000000E+00  0.000000E+00
        55  0.000000E+00  0.000000E+00  0.000000E+00
        56  0.000000E+00  0.000000E+00  0.000000E+00
        57  0.000000E+00  0.000000E+00  0.000000E+00
        58  0.000000E+00  0.000000E+00  0.000000E+00
        59  0.000000E+00  0.000000E+00  0.000000E+00
        60  0.000000E+00  0.000000E+00  0.000000E+00
        61  0.000000E+00  0.000000E+00  0.000000E+00
        62  0.000000E+00  0.000000E+00  0.000000E+00
        63  0.000000E+00  0.000000E+00  0.000000E+00
        64  0.000000E+00  0.000000E+00  0.000000E+00
        65  0.000000E+00  0.000000E+00  0.000000E+00
        66  0.000000E+00  0.000000E+00  0.000000E+00
        67  0.000000E+00  0.000000E+00  0.000000E+00
        68  0.000000E+00  0.000000E+00  0.000000E+00
        69  0.000000E+00  0.000000E+00  0.000000E+00
        70  0.000000E+00  0.000000E+00  0.000000E+00
        71  0.000000E+00  0.000000E+00  0.000000E+00
        72  0.000000E+00  0.000000E+00  0.000000E+00
        73  0.000000E+00  0.000000E+00  0.000000E+00
        74  0.000000E+00  0.000000E+00  0.000000E+00
        75  0.000000E+00  0.000000E+00  0.000000E+00
        76  0.000000E+00  0.000000E+00  0.000000E+00
        77  0.000000E+00  0.000000E+00  0.000000E+00
        78  0.000000E+00  0.000000E+00  0.000000E+00
        79  0.000000E+00  0.000000E+00  0.000000E+00
        80  0.000000E+00  0.000000E+00  0.000000E+00
        81  0.000000E+00  0.000000E+00  0.000000E+00
        82  0.000000E+00  0.000000E+00  0.000000E+00
        83  1.060263E-13  6.123004E-12  1.501457E+00
        84  1.188237E-12  6.132701E-12  1.674956E+00
        85  3.024528E-12  6.147156E-12  2.022320E+00
        86  4.881843E-12  6.162315E-12  2.394443E+00
        87  6.000736E-12  6.172105E-12  2.608816E+00
        88  1.502654E-12  3.492123E-12  7.532221E-01
        89  3.534124E-12  3.529965E-12  9.888428E-01
        90  5.250814E-12  3.566598E-12  1.335833E+00
        91  4.692388E-13  2.668222E-15 -6.488278E-03
        92  2.450990E-12  1.505198E-15 -1.569145E-02
        93  4.870087E-12  2.211230E-15 -4.150967E-03
        94  1.809178E-12 -6.890651E-12 -2.774128E+00
        95  3.504533E-12 -6.968499E-12 -3.109623E+00
        96  4.895469E-12 -7.044319E-12 -3.446990E+00
        97  0.000000E+00  0.000000E+00  0.000000E+00
        98  0.000000E+00  0.000000E+00  0.000000E+00
        99  1.399214E-12 -1.723766E-11 -7.500343E+00
       100  2.898109E-12 -1.723292E-11 -7.745742E+00
       101  4.510406E-12 -1.722772E-11 -7.837831E+00
       102  0.000000E+00  0.000000E+00  0.000000E+00
       103  0.000000E+00  0.000000E+00  0.000000E+00
       104  1.688209E-12 -2.642367E-11 -9.589168E+00
       105  3.310069E-12 -2.645274E-11 -9.773992E+00
       106  4.733013E-12 -2.648446E-11 -9.843186E+00
       107  0.000000E+00  0.000000E+00  0.000000E+00
       108  0.000000E+00  0.000000E+00  0.000000E+00
       109  1.377107E-12 -3.525752E-11 -9.040833E+00
       110  2.972060E-12 -3.525589E-11 -9.154389E+00
       111  4.646819E-12 -3.525059E-11 -9.121476E+00
       112  0.000000E+00  0.000000E+00  0.000000E+00
       113  0.000000E+00  0.000000E+00  0.000000E+00
       114  1.485406E-12 -4.467245E-11 -5.042703E+00
       115  3.188561E-12 -4.466797E-11 -5.105271E+00
       116  4.786893E-12 -4.466612E-11 -5.082713E+00
       117  0.000000E+00  0.000000E+00  0.000000E+00
       118  0.000000E+00  0.000000E+00  0.000000E+00
       119  1.344688E-12 -5.281937E-11 -1.801848E-02
       120  3.041529E-12 -5.281419E-11 -2.868680E-02
       121  4.761219E-12 -5.280945E-11 -8.737956E-03
       122  1.410871E-12 -5.772824E-11  3.053119E+00
       123  3.160333E-12 -5.772934E-11  3.026584E+00
       124  4.824058E-12 -5.773134E-11  3.050165E+00
       125  1.328940E-12 -6.141404E-11  5.329591E+00
       126  3.038611E-12 -6.141317E-11  5.311033E+00
       127  4.777477E-12 -6.141003E-11  5.325013E+00
       128  0.000000E+00  0.000000E+00  0.000000E+00
       129  0.000000E+00  0.000000E+00  0.000000E+00
       130  0.000000E+00  0.000000E+00  0.000000E+00
       131  0.000000E+00  0.000000E+00  0.000000E+00
       132  0.000000E+00  0.000000E+00  0.000000E+00
       133  0.000000E+00  0.000000E+00  0.000000E+00
       134  0.000000E+00  0.000000E+00  0.000000E+00
       135  0.000000E+00  0.000000E+00  0.000000E+00
       136  0.000000E+00  0.000000E+00  0.000000E+00
       137  0.000000E+00  0.000000E+00  0.000000E+00
       138  0.000000E+00  0.000000E+00  0.000000E+00
       139  0.000000E+00  0.000000E+00  0.000000E+00
       140  0.000000E+00  0.000000E+00  0.000000E+00
       141  0.000000E+00  0.000000E+00  0.000000E+00
       142  0.000000E+00  0.000000E+00  0.000000E+00
       143  0.000000E+00  0.000000E+00  0.000000E+00
       144  0.000000E+00  0.000000E+00  0.000000E+00
       145  0.000000E+00  0.000000E+00  0.000000E+00
       146  0.000000E+00  0.000000E+00  0.000000E+00
       147  0.000000E+00  0.000000E+00  0.000000E+00
       148  0.000000E+00  0.000000E+00  0.000000E+00
       149  0.000000E+00  0.000000E+00  0.000000E+00
       150  0.000000E+00  0.000000E+00  0.000000E+00
       151  0.000000E+00  0.000000E+00  0.000000E+00
       152  0.000000E+00  0.000000E+00  0.000000E+00
       153  0.000000E+00  0.000000E+00  0.000000E+00
       154  0.000000E+00  0.000000E+00  0.000000E+00
       155  0.000000E+00  0.000000E+00  0.000000E+00

 stresses (elem, integ.pnt.,sxx,syy,szz,sxy,sxz,syz) for set ALLE and time  0.1000000E+01

         1   1 -7.622973E-01 -2.286892E-01 -3.003764E-12  3.351680E-01 -6.709137E-01  8.209704E-16
         1   2 -7.622973E-01 -2.286892E-01 -6.714185E-12  3.351680E-01 -6.709137E-01  2.298717E-14
         1   3 -7.622973E-01 -2.286892E-01  3.815115E-12  3.351680E-01  5.301049E-01 -7.662390E-15
         1   4 -7.622973E-01 -2.286892E-01 -1.335598E-12  3.351680E-01  5.301049E-01  2.955493E-14
         1   5  7.622973E-01  2.286892E-01 -3.288980E-12 -3.351680E-01 -6.709137E-01  3.913292E-14
         1   6  7.622973E-01  2.286892E-01 -6.875223E-12 -3.351680E-01 -6.709137E-01  5.090016E-14
         1   7  7.622973E-01  2.286892E-01  3.712364E-12 -3.351680E-01  5.301049E-01 -2.189254E-15
         1   8  7.622973E-01  2.286892E-01 -1.467937E-12 -3.351680E-01  5.301049E-01  6.294106E-14
         2   1  1.477461E+00  4.432383E-01  5.906275E-12 -2.264345E-01  9.138405E-01  8.045510E-14
         2   2  1.477461E+00  4.432383E-01  1.213618E-11 -2.264345E-01  9.138405E-01 -5.473136E-16
         2   3  1.477461E+00  4.432383E-01 -2.290390E-12 -2.264345E-01  1.024503E-01  7.443465E-14
         2   4  1.477461E+00  4.432383E-01  3.393952E-12 -2.264345E-01  1.024503E-01 -8.209704E-15
         2   5 -1.477461E+00 -4.432383E-01  5.879630E-12  2.264345E-01  9.138405E-01  1.111047E-13
         2   6 -1.477461E+00 -4.432383E-01  1.211742E-11  2.264345E-01  9.138405E-01  6.567763E-15
         2   7 -1.477461E+00 -4.432383E-01 -2.316702E-12  2.264345E-01  1.024503E-01  8.647555E-14
         2   8 -1.477461E+00 -4.432383E-01  3.338441E-12  2.264345E-01  1.024503E-01 -3.831195E-15
         3   1  1.051549E+01  3.154647E+00 -1.899814E-12  9.798118E-02 -1.347740E-05  1.261558E-13
         3   2  1.051549E+01  3.154647E+00 -9.023893E-13  9.798118E-02 -1.347740E-05 -5.801524E-14
         3   3  1.051549E+01  3.154647E+00 -6.484591E-12  9.798118E-02  3.510857E-01  1.039896E-13
         3   4  1.051549E+01  3.154647E+00 -7.053913E-12  9.798118E-02  3.510857E-01 -4.323777E-14
         3   5 -1.051549E+01 -3.154647E+00 -1.574740E-12 -9.798118E-02 -1.347740E-05  1.182197E-13
         3   6 -1.051549E+01 -3.154647E+00 -5.817569E-13 -9.798118E-02 -1.347740E-05 -7.279271E-14
         3   7 -1.051549E+01 -3.154647E+00 -6.092904E-12 -9.798118E-02  3.510857E-01  9.605354E-14
         3   8 -1.051549E+01 -3.154647E+00 -6.847856E-12 -9.798118E-02  3.510857E-01 -7.662390E-14
         4   1 -1.166791E+00 -3.500372E-01  6.866063E-12  9.566432E-01 -2.476424E+00 -9.194868E-14
         4   2 -1.166791E+00 -3.500372E-01  5.592415E-12  9.566432E-01 -2.476424E+00 -2.233039E-13
         4   3 -1.166791E+00 -3.500372E-01 -1.992961E-12  9.566432E-01  9.515474E-01 -5.692061E-14
         4   4 -1.166791E+00 -3.500372E-01 -4.064971E-12  9.566432E-01  9.515474E-01 -1.488693E-13
         4   5  1.166791E+00  3.500372E-01  7.524648E-12 -9.566432E-01 -2.476424E+00 -1.620048E-13
         4   6  1.166791E+00  3.500372E-01  7.077450E-12 -9.566432E-01 -2.476424E+00 -2.014114E-13
         4   7  1.166791E+00  3.500372E-01 -1.273204E-12 -9.566432E-01  9.515474E-01 -1.269768E-13
         4   8  1.166791E+00  3.500372E-01 -4.509393E-12 -9.566432E-01  9.515474E-01 -1.532478E-13
         5   1 -1.102834E+01 -3.308503E+00 -3.480771E-12 -7.006931E-02  2.160493E-01 -1.401123E-13
         5   2 -1.102834E+01 -3.308503E+00 -2.798650E-12 -7.006931E-02  2.160493E-01 -4.378509E-14
         5   3 -1.102834E+01 -3.308503E+00  4.726886E-12 -7.006931E-02 -3.503241E-02 -1.620048E-13
         5   4 -1.102834E+01 -3.308503E+00  4.429346E-12 -7.006931E-02 -3.503241E-02  3.502807E-14
         5   5  1.102834E+01  3.308503E+00 -5.559997E-12  7.006931E-02  2.160493E-01 -7.005614E-14
         5   6  1.102834E+01  3.308503E+00 -5.980105E-12  7.006931E-02  2.160493E-01  1.663833E-13
         5   7  1.102834E+01  3.308503E+00  3.623768E-12  7.006931E-02 -3.503241E-02 -9.194868E-14
         5   8  1.102834E+01  3.308503E+00  2.591705E-12  7.006931E-02 -3.503241E-02  1.576263E-13
         6   1 -1.215949E+01 -3.647848E+00  2.390976E-12  8.924650E-02 -2.960705E-01  2.320610E-13
         6   2 -1.215949E+01 -3.647848E+00  2.069456E-12  8.924650E-02 -2.960705E-01 -1.751404E-14
         6   3 -1.215949E+01 -3.647848E+00  7.327472E-13  8.924650E-02  2.372942E-02  2.057899E-13
         6   4 -1.215949E+01 -3.647848E+00  8.411050E-13  8.924650E-02  2.372942E-02 -1.313553E-14
         6   5  1.215949E+01  3.647848E+00  3.801404E-13 -8.924650E-02 -2.960705E-01  2.189254E-14
         6   6  1.215949E+01  3.647848E+00  1.899814E-12 -8.924650E-02 -2.960705E-01  5.692061E-14
         6   7  1.215949E+01  3.647848E+00 -2.984279E-13 -8.924650E-02  2.372942E-02 -4.378509E-15
         6   8  1.215949E+01  3.647848E+00 -9.263701E-13 -8.924650E-02  2.372942E-02  4.816360E-14
         7   1 -9.559095E+00 -2.867728E+00 -5.613288E-13 -3.728778E-01  9.374414E-01 -9.194868E-14
         7   2 -9.559095E+00 -2.867728E+00 -4.182432E-12 -3.728778E-01  9.374414E-01  0.000000E+00
         7   3 -9.559095E+00 -2.867728E+00  5.222489E-13 -3.728778E-01 -3.987041E-01 -8.319167E-14
         7   4 -9.559095E+00 -2.867728E+00  8.855139E-13 -3.728778E-01 -3.987041E-01 -8.757018E-14
         7   5  9.559095E+00  2.867728E+00  8.171241E-14  3.728778E-01  9.374414E-01 -2.189254E-14
         7   6  9.559095E+00  2.867728E+00 -2.858158E-12  3.728778E-01  9.374414E-01 -5.692061E-14
         7   7  9.559095E+00  2.867728E+00  1.898925E-12  3.728778E-01 -3.987041E-01 -1.313553E-14
         7   8  9.559095E+00  2.867728E+00  3.064216E-13  3.728778E-01 -3.987041E-01 -1.488693E-13
         8   1 -2.051554E+00 -6.154661E-01 -1.251665E-12 -3.166375E-01  7.875603E-01 -2.189254E-14
         8   2 -2.051554E+00 -6.154661E-01 -6.676881E-13 -3.166375E-01  7.875603E-01  8.538092E-14
         8   3 -2.051554E+00 -6.154661E-01 -1.906253E-12 -3.166375E-01 -3.470574E-01 -7.005614E-14
         8   4 -2.051554E+00 -6.154661E-01  2.720046E-13 -3.166375E-01 -3.470574E-01  6.567763E-14
         8   5  2.051554E+00  6.154661E-01 -5.027090E-13  3.166375E-01  7.875603E-01 -5.254211E-14
         8   6  2.051554E+00  6.154661E-01 -9.769963E-15  3.166375E-01  7.875603E-01  6.786689E-14
         8   7  2.051554E+00  6.154661E-01  3.150813E-13  3.166375E-01 -3.470574E-01 -1.050842E-13
         8   8  2.051554E+00  6.154661E-01  1.145528E-12  3.166375E-01 -3.470574E-01  2.627105E-14
         9   1  1.035548E+00  3.106644E-01 -2.281064E-12 -3.305706E-02  4.162968E-02  1.532478E-14
         9   2  1.035548E+00  3.106644E-01  5.844214E-13 -3.305706E-02  4.162968E-02  2.057899E-13
         9   3  1.035548E+00  3.106644E-01  6.515899E-13 -3.305706E-02 -7.682481E-02  1.313553E-14
         9   4  1.035548E+00  3.106644E-01  6.744605E-13 -3.305706E-02 -7.682481E-02  1.992221E-13
         9   5 -1.035548E+00 -3.106644E-01 -2.272182E-12  3.305706E-02  4.162968E-02 -4.597434E-14
         9   6 -1.035548E+00 -3.106644E-01  3.539391E-13  3.305706E-02  4.162968E-02  1.970329E-13
         9   7 -1.035548E+00 -3.106644E-01  6.739054E-13  3.305706E-02 -7.682481E-02 -5.254211E-14
         9   8 -1.035548E+00 -3.106644E-01  6.863399E-13  3.305706E-02 -7.682481E-02  1.838974E-13
        10   1  2.842956E-01  8.528867E-02  3.474471E-12  3.710085E-02 -1.277647E-01  3.612270E-13
        10   2  2.842956E-01  8.528867E-02 -4.689860E-13  3.710085E-02 -1.277647E-01 -1.729511E-13
        10   3  2.842956E-01  8.528867E-02 -2.711609E-12  3.710085E-02  5.180041E-03  4.641219E-13
        10   4  2.842956E-01  8.528867E-02  8.540391E-13  3.710085E-02  5.180041E-03 -1.663833E-13
        10   5 -2.842956E-01 -8.528867E-02  2.746553E-12 -3.710085E-02 -1.277647E-01  2.999279E-13
        10   6 -2.842956E-01 -8.528867E-02  1.743883E-12 -3.710085E-02 -1.277647E-01 -1.204090E-13
        10   7 -2.842956E-01 -8.528867E-02 -2.827960E-12 -3.710085E-02  5.180041E-03  3.349559E-13
        10   8 -2.842956E-01 -8.528867E-02 -1.203204E-13 -3.710085E-02  5.180041E-03 -2.430072E-13
        11   1  7.622973E-01  2.286892E-01  6.061263E-13  2.682661E-01 -4.102391E-01  2.627105E-14
        11   2  7.622973E-01  2.286892E-01 -6.614154E-13  2.682661E-01 -4.102391E-01  1.138412E-13
        11   3  7.622973E-01  2.286892E-01  1.559308E-13  2.682661E-01  5.510478E-01  2.627105E-14
        11   4  7.622973E-01  2.286892E-01 -2.491507E-12  2.682661E-01  5.510478E-01  1.094627E-13
        11   5 -7.622973E-01 -2.286892E-01 -3.060330E-13 -2.682661E-01 -4.102391E-01  8.319167E-14
        11   6 -7.622973E-01 -2.286892E-01 -6.553647E-13 -2.682661E-01 -4.102391E-01  1.357338E-13
        11   7 -7.622973E-01 -2.286892E-01  8.381074E-13 -2.682661E-01  5.510478E-01  1.751404E-14
        11   8 -7.622973E-01 -2.286892E-01 -3.035683E-12 -2.682661E-01  5.510478E-01  1.357338E-13
        12   1  4.203166E+00  1.260950E+00  2.597922E-12  6.160844E-01 -8.153267E-01  2.342502E-13
        12   2  4.203166E+00  1.260950E+00  2.264855E-13  6.160844E-01 -8.153267E-01 -2.189254E-15
        12   3  4.203166E+00  1.260950E+00  9.365841E-13  6.160844E-01  1.392309E+00  2.233039E-13
        12   4  4.203166E+00  1.260950E+00 -2.522871E-12  6.160844E-01  1.392309E+00 -6.567763E-15
        12   5 -4.203166E+00 -1.260950E+00  2.323475E-12 -6.160844E-01 -8.153267E-01  2.014114E-13
        12   6 -4.203166E+00 -1.260950E+00 -2.087219E-14 -6.160844E-01 -8.153267E-01  4.378509E-15
        12   7 -4.203166E+00 -1.260950E+00  7.855938E-13 -6.160844E-01  1.392309E+00  2.408180E-13
        12   8 -4.203166E+00 -1.260950E+00 -2.739586E-12 -6.160844E-01  1.392309E+00  0.000000E+00
        13   1  4.259559E+00  1.277868E+00  4.757972E-12  6.479624E-02 -3.304532E-01  1.838974E-13
        13   2  4.259559E+00  1.277868E+00  5.682121E-12  6.479624E-02 -3.304532E-01 -2.079792E-14
        13   3  4.259559E+00  1.277868E+00 -3.416378E-12  6.479624E-02 -9.826662E-02  1.795189E-13
        13   4  4.259559E+00  1.277868E+00 -3.775646E-12  6.479624E-02 -9.826662E-02 -3.064956E-14
        13   5 -4.259559E+00 -1.277868E+00  4.712231E-12 -6.479624E-02 -3.304532E-01  1.795189E-13
        13   6 -4.259559E+00 -1.277868E+00  5.971668E-12 -6.479624E-02 -3.304532E-01 -2.846031E-14
        13   7 -4.259559E+00 -1.277868E+00 -3.249401E-12 -6.479624E-02 -9.826662E-02  1.773296E-13
        13   8 -4.259559E+00 -1.277868E+00 -4.221956E-12 -6.479624E-02 -9.826662E-02 -3.502807E-14
        14   1 -3.751508E+00 -1.125452E+00  8.897327E-13 -2.121706E-01  8.780007E-02  3.064956E-14
        14   2 -3.751508E+00 -1.125452E+00  4.290568E-12 -2.121706E-01  8.780007E-02  1.357338E-13
        14   3 -3.751508E+00 -1.125452E+00 -2.093437E-12 -2.121706E-01 -6.724780E-01  5.692061E-14
        14   4 -3.751508E+00 -1.125452E+00 -7.451817E-13 -2.121706E-01 -6.724780E-01  1.532478E-13
        14   5  3.751508E+00  1.125452E+00  8.777423E-13  2.121706E-01  8.780007E-02 -3.721732E-14
        14   6  3.751508E+00  1.125452E+00  2.930323E-12  2.121706E-01  8.780007E-02 -3.502807E-14
        14   7  3.751508E+00  1.125452E+00 -2.965184E-12  2.121706E-01 -6.724780E-01 -1.313553E-14
        14   8  3.751508E+00  1.125452E+00 -2.353007E-12  2.121706E-01 -6.724780E-01  1.094627E-13
        15   1 -1.012083E+01 -3.036249E+00 -6.460610E-12 -1.008517E-01  6.306825E-02  1.335445E-13
        15   2 -1.012083E+01 -3.036249E+00 -5.607959E-12 -1.008517E-01  6.306825E-02  2.189254E-14
        15   3 -1.012083E+01 -3.036249E+00 -1.637801E-12 -1.008517E-01 -2.983168E-01  1.291660E-13
        15   4 -1.012083E+01 -3.036249E+00 -1.723066E-13 -1.008517E-01 -2.983168E-01  1.663833E-13
        15   5  1.012083E+01  3.036249E+00 -4.061640E-12  1.008517E-01  6.306825E-02  2.386287E-13
        15   6  1.012083E+01  3.036249E+00 -1.000977E-12  1.008517E-01  6.306825E-02  1.663833E-13
        15   7  1.012083E+01  3.036249E+00  7.585044E-13  1.008517E-01 -2.983168E-01  2.342502E-13
        15   8  1.012083E+01  3.036249E+00  9.983125E-13  1.008517E-01 -2.983168E-01  1.685726E-13
        16   1 -1.207071E+01 -3.621212E+00 -2.281730E-12 -3.280193E-02  4.584754E-02  2.846031E-14
        16   2 -1.207071E+01 -3.621212E+00 -2.657430E-12 -3.280193E-02  4.584754E-02 -1.926544E-13
        16   3 -1.207071E+01 -3.621212E+00 -1.214140E-12 -3.280193E-02 -7.169272E-02  2.408180E-14
        16   4 -1.207071E+01 -3.621212E+00  6.181722E-13 -3.280193E-02 -7.169272E-02 -3.393344E-13
        16   5  1.207071E+01  3.621212E+00  1.817213E-12  3.280193E-02  4.584754E-02  1.663833E-13
        16   6  1.207071E+01  3.621212E+00  1.509015E-12  3.280193E-02  4.584754E-02 -2.123577E-13
        16   7  1.207071E+01  3.621212E+00  9.210410E-13  3.280193E-02 -7.169272E-02  1.641941E-13
        16   8  1.207071E+01  3.621212E+00  2.509104E-12  3.280193E-02 -7.169272E-02 -2.123577E-13
        17   1 -9.111535E+00 -2.733461E+00  8.615331E-13  2.074860E-01 -1.687325E-01 -1.138412E-13
        17   2 -9.111535E+00 -2.733461E+00 -1.918465E-13  2.074860E-01 -1.687325E-01 -2.408180E-14
        17   3 -9.111535E+00 -2.733461E+00 -9.192647E-13  2.074860E-01  5.747589E-01 -1.225982E-13
        17   4 -9.111535E+00 -2.733461E+00  2.073897E-12  2.074860E-01  5.747589E-01  1.751404E-14
        17   5  9.111535E+00  2.733461E+00  2.149392E-13 -2.074860E-01 -1.687325E-01 -2.014114E-13
        17   6  9.111535E+00  2.733461E+00 -1.326939E-12 -2.074860E-01 -1.687325E-01 -9.194868E-14
        17   7  9.111535E+00  2.733461E+00 -1.078249E-12 -2.074860E-01  5.747589E-01 -2.079792E-13
        17   8  9.111535E+00  2.733461E+00  9.343637E-13 -2.074860E-01  5.747589E-01 -1.685726E-13
        18   1 -1.873068E+00 -5.619204E-01 -4.681810E-13  2.800672E-01 -2.350425E-01  3.283882E-14
        18   2 -1.873068E+00 -5.619204E-01 -1.445732E-12  2.800672E-01 -2.350425E-01  1.379230E-13
        18   3 -1.873068E+00 -5.619204E-01  1.343814E-12  2.800672E-01  7.685317E-01 -1.532478E-14
        18   4 -1.873068E+00 -5.619204E-01  1.194600E-12  2.800672E-01  7.685317E-01  9.085406E-14
        18   5  1.873068E+00  5.619204E-01 -5.696554E-13 -2.800672E-01 -2.350425E-01  6.129912E-14
        18   6  1.873068E+00  5.619204E-01 -1.179168E-12 -2.800672E-01 -2.350425E-01  1.204090E-13
        18   7  1.873068E+00  5.619204E-01  1.241673E-12 -2.800672E-01  7.685317E-01 -5.473136E-14
        18   8  1.873068E+00  5.619204E-01  1.459277E-12 -2.800672E-01  7.685317E-01  9.085406E-14
        19   1  1.381305E+00  4.143916E-01 -1.635470E-12 -6.413640E-02  5.554610E-02  3.283882E-14
        19   2  1.381305E+00  4.143916E-01  1.707634E-12 -6.413640E-02  5.554610E-02  1.838974E-13
        19   3  1.381305E+00  4.143916E-01  1.143530E-14 -6.413640E-02 -1.742760E-01  3.393344E-14
        19   4  1.381305E+00  4.143916E-01  4.426459E-13 -6.413640E-02 -1.742760E-01  1.784242E-13
        19   5 -1.381305E+00 -4.143916E-01 -1.155076E-12  6.413640E-02  5.554610E-02 -3.940658E-14
        19   6 -1.381305E+00 -4.143916E-01  1.548095E-12  6.413640E-02  5.554610E-02  1.926544E-13
        19   7 -1.381305E+00 -4.143916E-01  3.429479E-13  6.413640E-02 -1.742760E-01 -4.269046E-14
        19   8 -1.381305E+00 -4.143916E-01  1.261991E-12  6.413640E-02 -1.742760E-01  1.871813E-13
        20   1  2.927976E-01  8.783927E-02  2.114586E-12 -6.344765E-02  5.295261E-02  4.882037E-13
        20   2  2.927976E-01  8.783927E-02 -2.391115E-12 -6.344765E-02  5.295261E-02 -8.866480E-14
        20   3  2.927976E-01  8.783927E-02 -2.600364E-12 -6.344765E-02 -1.744015E-01  5.232318E-13
        20   4  2.927976E-01  8.783927E-02 -9.113821E-13 -6.344765E-02 -1.744015E-01  4.159583E-14
        20   5 -2.927976E-01 -8.783927E-02  2.949446E-12  6.344765E-02  5.295261E-02  4.323777E-13
        20   6 -2.927976E-01 -8.783927E-02 -1.215972E-12  6.344765E-02  5.295261E-02 -1.510586E-13
        20   7 -2.927976E-01 -8.783927E-02 -2.005368E-12  6.344765E-02 -1.744015E-01  3.962550E-13
        20   8 -2.927976E-01 -8.783927E-02 -1.297268E-12  6.344765E-02 -1.744015E-01 -1.182197E-13
        21   1 -1.074926E+01 -3.224779E+00 -2.151701E-11 -3.289176E-01 -8.189879E-01  1.521532E-13
        21   2 -1.074926E+01 -3.224779E+00 -3.679101E-11 -3.289176E-01 -8.189879E-01 -1.067262E-14
        21   3 -1.074926E+01 -3.224779E+00  2.367084E-11 -3.289176E-01 -1.855577E+00  1.554371E-13
        21   4 -1.074926E+01 -3.224779E+00  7.903012E-12 -3.289176E-01 -1.855577E+00 -7.115077E-15
        21   5  1.074926E+01  3.224779E+00 -2.176215E-11  3.289176E-01 -8.189879E-01  1.630995E-13
        21   6  1.074926E+01  3.224779E+00 -3.682743E-11  3.289176E-01 -8.189879E-01  4.925822E-15
        21   7  1.074926E+01  3.224779E+00  2.361578E-11  3.289176E-01 -1.855577E+00  1.641941E-13
        21   8  1.074926E+01  3.224779E+00  7.912782E-12  3.289176E-01 -1.855577E+00  8.757018E-15
        22   1  1.511216E+01  4.533649E+00  2.406608E-11  2.116251E-01 -2.733380E+00  1.696672E-13
        22   2  1.511216E+01  4.533649E+00  2.304912E-11  2.116251E-01 -2.733380E+00  8.757018E-15
        22   3  1.511216E+01  4.533649E+00 -6.158629E-12  2.116251E-01 -2.066440E+00  1.524268E-13
        22   4  1.511216E+01  4.533649E+00 -9.825030E-12  2.116251E-01 -2.066440E+00  6.348838E-14
        22   5 -1.511216E+01 -4.533649E+00  2.380496E-11 -2.116251E-01 -2.733380E+00  2.446492E-13
        22   6 -1.511216E+01 -4.533649E+00  2.281464E-11 -2.116251E-01 -2.733380E+00  1.423015E-13
        22   7 -1.511216E+01 -4.533649E+00 -6.394885E-12 -2.116251E-01 -2.066440E+00  2.646261E-13
        22   8 -1.511216E+01 -4.533649E+00 -1.006217E-11 -2.116251E-01 -2.066440E+00  1.423015E-13
        23   1 -5.750499E+00 -1.725150E+00 -1.597833E-11  1.347494E+00 -1.270049E+00  1.751404E-14
        23   2 -5.750499E+00 -1.725150E+00 -4.591438E-12  1.347494E+00 -1.270049E+00  8.757018E-14
        23   3 -5.750499E+00 -1.725150E+00 -4.011458E-12  1.347494E+00  2.976598E+00  2.189254E-14
        23   4 -5.750499E+00 -1.725150E+00  4.551470E-12  1.347494E+00  2.976598E+00 -5.254211E-14
        23   5  5.750499E+00  1.725150E+00 -1.345457E-11 -1.347494E+00 -1.270049E+00 -4.378509E-15
        23   6  5.750499E+00  1.725150E+00 -1.693312E-12 -1.347494E+00 -1.270049E+00 -1.225982E-13
        23   7  5.750499E+00  1.725150E+00 -1.979306E-12 -1.347494E+00  2.976598E+00  1.882759E-13
        23   8  5.750499E+00  1.725150E+00  6.839862E-12 -1.347494E+00  2.976598E+00 -6.129912E-14
        24   1 -5.011493E+00 -1.503448E+00  6.181722E-12 -6.962219E-01  3.637313E-01  3.853088E-13
        24   2 -5.011493E+00 -1.503448E+00  3.931522E-12 -6.962219E-01  3.637313E-01  4.378509E-14
        24   3 -5.011493E+00 -1.503448E+00 -1.123546E-13 -6.962219E-01 -1.830423E+00 -8.757018E-15
        24   4 -5.011493E+00 -1.503448E+00 -3.402612E-12 -6.962219E-01 -1.830423E+00 -8.757018E-15
        24   5  5.011493E+00  1.503448E+00  7.953194E-12  6.962219E-01  3.637313E-01 -2.101684E-13
        24   6  5.011493E+00  1.503448E+00  1.784795E-12  6.962219E-01  3.637313E-01 -3.152526E-13
        24   7  5.011493E+00  1.503448E+00 -5.466738E-13  6.962219E-01 -1.830423E+00 -3.152526E-13
        24   8  5.011493E+00  1.503448E+00 -2.853273E-12  6.962219E-01 -1.830423E+00 -4.203368E-13
        25   1 -9.747731E+00 -2.924319E+00 -5.652367E-12  1.591730E-01  1.400259E-01 -1.751404E-14
        25   2 -9.747731E+00 -2.924319E+00 -8.499867E-12  1.591730E-01  1.400259E-01  2.189254E-13
        25   3 -9.747731E+00 -2.924319E+00 -1.598721E-12  1.591730E-01  6.416619E-01 -1.225982E-13
        25   4 -9.747731E+00 -2.924319E+00 -2.119194E-12  1.591730E-01  6.416619E-01  1.838974E-13
        25   5  9.747731E+00  2.924319E+00 -6.014744E-12 -1.591730E-01  1.400259E-01 -3.152526E-13
        25   6  9.747731E+00  2.924319E+00 -3.956835E-12 -1.591730E-01  1.400259E-01 -1.663833E-13
        25   7  9.747731E+00  2.924319E+00 -4.902745E-13 -1.591730E-01  6.416619E-01 -4.203368E-13
        25   8  9.747731E+00  2.924319E+00 -1.003642E-12 -1.591730E-01  6.416619E-01 -2.539535E-13
        26   1 -6.310106E+00 -1.893032E+00  5.275780E-13 -5.706699E-01  7.388102E-01 -2.539535E-13
        26   2 -6.310106E+00 -1.893032E+00  2.977174E-12 -5.706699E-01  7.388102E-01 -1.313553E-13
        26   3 -6.310106E+00 -1.893032E+00  6.998846E-13 -5.706699E-01 -1.059665E+00 -9.632719E-14
        26   4 -6.310106E+00 -1.893032E+00 -3.641532E-14 -5.706699E-01 -1.059665E+00  2.714675E-13
        26   5  6.310106E+00  1.893032E+00  7.727152E-14  5.706699E-01  7.388102E-01 -1.751404E-13
        26   6  6.310106E+00  1.893032E+00 -1.020961E-12  5.706699E-01  7.388102E-01 -1.094627E-13
        26   7  6.310106E+00  1.893032E+00 -3.182343E-12  5.706699E-01 -1.059665E+00 -8.757018E-15
        26   8  6.310106E+00  1.893032E+00 -2.444267E-12  5.706699E-01 -1.059665E+00  2.014114E-13
        27   1 -1.426832E+00 -4.280496E-01 -1.864287E-12 -4.129672E-01  1.079134E+00 -2.145469E-13
        27   2 -1.426832E+00 -4.280496E-01 -2.764899E-12 -4.129672E-01  1.079134E+00  9.304331E-14
        27   3 -1.426832E+00 -4.280496E-01  2.101763E-12 -4.129672E-01 -2.223385E-01 -2.014114E-13
        27   4 -1.426832E+00 -4.280496E-01  1.998068E-12 -4.129672E-01 -2.223385E-01  3.831195E-14
        27   5  1.426832E+00  4.280496E-01 -3.217648E-12  4.129672E-01  1.079134E+00 -5.035285E-14
        27   6  1.426832E+00  4.280496E-01 -3.318568E-12  4.129672E-01  1.079134E+00  2.364395E-13
        27   7  1.426832E+00  4.280496E-01  5.047074E-13  4.129672E-01 -2.223385E-01 -3.721732E-14
        27   8  1.426832E+00  4.280496E-01  1.139533E-12  4.129672E-01 -2.223385E-01  2.189254E-13
        28   1  1.747413E+00  5.242238E-01 -9.880985E-15  1.723661E-01 -6.719660E-01  1.532478E-14
        28   2  1.747413E+00  5.242238E-01  4.171885E-12  1.723661E-01 -6.719660E-01  3.064956E-13
        28   3  1.747413E+00  5.242238E-01 -1.085798E-13  1.723661E-01 -1.287518E-01  2.408180E-14
        28   4  1.747413E+00  5.242238E-01  8.981704E-14  1.723661E-01 -1.287518E-01  3.075902E-13
        28   5 -1.747413E+00 -5.242238E-01  4.515277E-13 -1.723661E-01 -6.719660E-01 -3.283882E-15
        28   6 -1.747413E+00 -5.242238E-01  4.450329E-12 -1.723661E-01 -6.719660E-01  3.951604E-13
        28   7 -1.747413E+00 -5.242238E-01  4.156675E-13 -1.723661E-01 -1.287518E-01 -4.378509E-15
        28   8 -1.747413E+00 -5.242238E-01  1.100564E-12 -1.723661E-01 -1.287518E-01  3.962550E-13
        29   1 -1.079355E+00 -3.238065E-01  2.519096E-12  9.638818E-02  7.337165E-03  8.549038E-13
        29   2 -1.079355E+00 -3.238065E-01 -3.318457E-12  9.638818E-02  7.337165E-03 -2.430072E-13
        29   3 -1.079355E+00 -3.238065E-01 -3.850364E-12  9.638818E-02  3.111060E-01  8.144026E-13
        29   4 -1.079355E+00 -3.238065E-01 -3.250511E-12  9.638818E-02  3.111060E-01 -1.860866E-13
        29   5  1.079355E+00  3.238065E-01  7.654988E-13 -9.638818E-02  7.337165E-03  7.082238E-13
        29   6  1.079355E+00  3.238065E-01 -4.271472E-12 -9.638818E-02  7.337165E-03 -4.181476E-13
        29   7  1.079355E+00  3.238065E-01 -4.746536E-12 -9.638818E-02  3.111060E-01  6.348838E-13
        29   8  1.079355E+00  3.238065E-01 -1.813549E-12 -9.638818E-02  3.111060E-01 -2.846031E-13
        30   1  2.617692E+00  7.853076E-01 -5.910827E-13  1.832846E+00 -2.534822E+00  3.634162E-13
        30   2  2.617692E+00  7.853076E-01  1.041833E-12  1.832846E+00 -2.534822E+00  0.000000E+00
        30   3  2.617692E+00  7.853076E-01 -2.560840E-12  1.832846E+00  3.241420E+00  3.765518E-13
        30   4  2.617692E+00  7.853076E-01 -1.666889E-12  1.832846E+00  3.241420E+00  1.860866E-14
        30   5 -2.617692E+00 -7.853076E-01 -5.209166E-13 -1.832846E+00 -2.534822E+00  4.115798E-13
        30   6 -2.617692E+00 -7.853076E-01  1.072920E-12 -1.832846E+00 -2.534822E+00  3.174419E-14
        30   7 -2.617692E+00 -7.853076E-01 -2.310596E-12 -1.832846E+00  3.241420E+00  4.422294E-13
        30   8 -2.617692E+00 -7.853076E-01 -1.743272E-12 -1.832846E+00  3.241420E+00  4.597434E-14
        31   1  4.663407E+00  1.399022E+00  6.226131E-13  5.435956E-01 -1.096768E+00  2.134523E-13
        31   2  4.663407E+00  1.399022E+00  3.006040E-12  5.435956E-01 -1.096768E+00  2.846031E-14
        31   3  4.663407E+00  1.399022E+00 -1.523226E-12  5.435956E-01  6.163816E-01  2.692783E-13
        31   4  4.663407E+00  1.399022E+00 -8.859580E-13  5.435956E-01  6.163816E-01  6.567763E-14
        31   5 -4.663407E+00 -1.399022E+00  2.322587E-13 -5.435956E-01 -1.096768E+00  2.211147E-13
        31   6 -4.663407E+00 -1.399022E+00  2.891021E-12 -5.435956E-01 -1.096768E+00  5.035285E-14
        31   7 -4.663407E+00 -1.399022E+00 -2.007283E-12 -5.435956E-01  6.163816E-01  2.999279E-13
        31   8 -4.663407E+00 -1.399022E+00 -1.738609E-12 -5.435956E-01  6.163816E-01  8.538092E-14
        32   1 -3.114401E+00 -9.343203E-01  3.379075E-12 -6.715689E-01  9.412246E-01 -9.194868E-14
        32   2 -3.114401E+00 -9.343203E-01 -1.114664E-13 -6.715689E-01  9.412246E-01 -3.995389E-14
        32   3 -3.114401E+00 -9.343203E-01 -1.059153E-13 -6.715689E-01 -1.175235E+00 -1.379230E-13
        32   4 -3.114401E+00 -9.343203E-01 -6.201706E-12 -6.715689E-01 -1.175235E+00 -9.359063E-14
        32   5  3.114401E+00  9.343203E-01  1.771916E-12  6.715689E-01  9.412246E-01  1.247875E-13
        32   6  3.114401E+00  9.343203E-01 -3.097300E-12  6.715689E-01  9.412246E-01  1.102837E-13
        32   7  3.114401E+00  9.343203E-01 -2.447820E-12  6.715689E-01 -1.175235E+00  7.224539E-14
        32   8  3.114401E+00  9.343203E-01 -6.581624E-12  6.715689E-01 -1.175235E+00  6.923517E-14
        33   1 -6.893256E+00 -2.067977E+00  6.581402E-13 -1.569735E-01  1.772318E-01 -2.145469E-13
        33   2 -6.893256E+00 -2.067977E+00 -3.552714E-13 -1.569735E-01  1.772318E-01 -9.851645E-14
        33   3 -6.893256E+00 -2.067977E+00  5.615508E-12 -1.569735E-01 -3.174725E-01 -5.473136E-15
        33   4 -6.893256E+00 -2.067977E+00  4.725997E-12 -1.569735E-01 -3.174725E-01 -5.035285E-14
        33   5  6.893256E+00  2.067977E+00  7.207568E-13  1.569735E-01  1.772318E-01  1.423015E-14
        33   6  6.893256E+00  2.067977E+00  9.343637E-13  1.569735E-01  1.772318E-01 -4.838252E-13
        33   7  6.893256E+00  2.067977E+00  1.756817E-12  1.569735E-01 -3.174725E-01  1.313553E-14
        33   8  6.893256E+00  2.067977E+00  3.808953E-12  1.569735E-01 -3.174725E-01 -4.882037E-13
        34   1 -8.276770E+00 -2.483031E+00  1.497469E-12 -2.821797E-01  4.761657E-01 -4.159583E-14
        34   2 -8.276770E+00 -2.483031E+00  3.332445E-12 -2.821797E-01  4.761657E-01  2.627105E-14
        34   3 -8.276770E+00 -2.483031E+00  5.364598E-13 -2.821797E-01 -4.131279E-01 -6.020450E-13
        34   4 -8.276770E+00 -2.483031E+00  1.759481E-12 -2.821797E-01 -4.131279E-01 -7.005614E-14
        34   5  8.276770E+00  2.483031E+00  2.006395E-12  2.821797E-01  4.761657E-01 -2.977386E-13
        34   6  8.276770E+00  2.483031E+00  2.738254E-12  2.821797E-01  4.761657E-01 -2.495750E-13
        34   7  8.276770E+00  2.483031E+00  5.577760E-13  2.821797E-01 -4.131279E-01 -2.933601E-13
        34   8  8.276770E+00  2.483031E+00 -1.164402E-12  2.821797E-01 -4.131279E-01 -2.539535E-13
        35   1 -6.826051E+00 -2.047815E+00  4.606981E-12  2.274601E-01 -3.382479E-01 -1.488693E-13
        35   2 -6.826051E+00 -2.047815E+00  6.039613E-14  2.274601E-01 -3.382479E-01  3.940658E-14
        35   3 -6.826051E+00 -2.047815E+00  2.122746E-13  2.274601E-01  3.785962E-01  5.692061E-14
        35   4 -6.826051E+00 -2.047815E+00  2.287948E-12  2.274601E-01  3.785962E-01  4.794467E-13
        35   5  6.826051E+00  2.047815E+00  1.595613E-12 -2.274601E-01 -3.382479E-01 -3.064956E-14
        35   6  6.826051E+00  2.047815E+00 -3.439027E-12 -2.274601E-01 -3.382479E-01  4.487971E-13
        35   7  6.826051E+00  2.047815E+00  1.618261E-12 -2.274601E-01  3.785962E-01  1.707618E-13
        35   8  6.826051E+00  2.047815E+00  2.597922E-13 -2.274601E-01  3.785962E-01  4.991500E-13
        36   1 -8.262662E-01 -2.478799E-01 -1.779465E-12  3.871835E-01 -2.815132E-01  2.320610E-13
        36   2 -8.262662E-01 -2.478799E-01 -1.333544E-12  3.871835E-01 -2.815132E-01  1.953910E-13
        36   3 -8.262662E-01 -2.478799E-01 -1.065259E-13  3.871835E-01  9.387015E-01  2.233039E-13
        36   4 -8.262662E-01 -2.478799E-01  3.395062E-13  3.871835E-01  9.387015E-01  1.817081E-13
        36   5  8.262662E-01  2.478799E-01 -2.234601E-12 -3.871835E-01 -2.815132E-01  2.999279E-13
        36   6  8.262662E-01  2.478799E-01 -1.788625E-12 -3.871835E-01 -2.815132E-01  2.780353E-13
        36   7  8.262662E-01  2.478799E-01 -1.543377E-12 -3.871835E-01  9.387015E-01  2.846031E-13
        36   8  8.262662E-01  2.478799E-01  1.285638E-13 -3.871835E-01  9.387015E-01  2.977386E-13
        37   1  1.541111E+00  4.623334E-01 -2.446154E-12 -2.927778E-01  1.144455E-01  3.680684E-14
        37   2  1.541111E+00  4.623334E-01  1.599831E-12 -2.927778E-01  1.144455E-01  3.524700E-13
        37   3  1.541111E+00  4.623334E-01  3.819167E-13 -2.927778E-01 -8.082483E-01  4.063803E-14
        37   4  1.541111E+00  4.623334E-01  1.085576E-12 -2.927778E-01 -8.082483E-01  2.528589E-13
        37   5 -1.541111E+00 -4.623334E-01 -2.301936E-12  2.927778E-01  1.144455E-01  2.380814E-14
        37   6 -1.541111E+00 -4.623334E-01  2.140843E-12  2.927778E-01  1.144455E-01  4.553649E-13
        37   7 -1.541111E+00 -4.623334E-01  4.316547E-13  2.927778E-01 -8.082483E-01  2.900762E-14
        37   8 -1.541111E+00 -4.623334E-01  1.258438E-12  2.927778E-01 -8.082483E-01  4.258100E-13
        38   1 -9.399207E-01 -2.819762E-01  3.217648E-12 -7.981155E-02  2.600649E-01  6.184644E-13
        38   2 -9.399207E-01 -2.819762E-01 -1.840583E-12 -7.981155E-02  2.600649E-01 -4.816360E-13
        38   3 -9.399207E-01 -2.819762E-01 -3.973377E-12 -7.981155E-02  8.537560E-03  8.625662E-13
        38   4 -9.399207E-01 -2.819762E-01 -1.001865E-12 -7.981155E-02  8.537560E-03 -2.835084E-13
        38   5  9.399207E-01  2.819762E-01  2.965961E-12  7.981155E-02  2.600649E-01  7.158862E-13
        38   6  9.399207E-01  2.819762E-01 -2.646494E-12  7.981155E-02  2.600649E-01 -4.115798E-13
        38   7  9.399207E-01  2.819762E-01 -5.201894E-12  7.981155E-02  8.537560E-03  9.588934E-13
        38   8  9.399207E-01  2.819762E-01 -1.620093E-12  7.981155E-02  8.537560E-03 -3.108741E-13
        39   1  0.000000E+00  0.000000E+00  0.000000E+00  0.000000E+00  0.000000E+00  0.000000E+00
        39   2  0.000000E+00  0.000000E+00  0.000000E+00  0.000000E+00  0.000000E+00  0.000000E+00
        39   3  0.000000E+00  0.000000E+00  0.000000E+00  0.000000E+00  0.000000E+00  0.000000E+00
        39   4  0.000000E+00  0.000000E+00  0.000000E+00  0.000000E+00  0.000000E+00  0.000000E+00
        39   5  0.000000E+00  0.000000E+00  0.000000E+00  0.000000E+00  0.000000E+00  0.000000E+00
        39   6  0.000000E+00  0.000000E+00  0.000000E+00  0.000000E+00  0.000000E+00  0.000000E+00
        39   7  0.000000E+00  0.000000E+00  0.000000E+00  0.000000E+00  0.000000E+00  0.000000E+00
        39   8  0.000000E+00  0.000000E+00  0.000000E+00  0.000000E+00  0.000000E+00  0.000000E+00
        40   1  0.000000E+00  0.000000E+00  0.000000E+00  0.000000E+00  0.000000E+00  0.000000E+00
        40   2  0.000000E+00  0.000000E+00  0.000000E+00  0.000000E+00  0.000000E+00  0.000000E+00
        40   3  0.000000E+00  0.000000E+00  0.000000E+00  0.000000E+00  0.000000E+00  0.000000E+00
        40   4  0.000000E+00  0.000000E+00  0.000000E+00  0.000000E+00  0.000000E+00  0.000000E+00
        40   5  0.000000E+00  0.000000E+00  0.000000E+00  0.000000E+00  0.000000E+00  0.000000E+00
        40   6  0.000000E+00  0.000000E+00  0.000000E+00  0.000000E+00  0.000000E+00  0.000000E+00
        40   7  0.000000E+00  0.000000E+00  0.000000E+00  0.000000E+00  0.000000E+00  0.000000E+00
        40   8  0.000000E+00  0.000000E+00  0.000000E+00  0.000000E+00  0.000000E+00  0.000000E+00
        41   1  0.000000E+00  0.000000E+00  0.000000E+00  0.000000E+00  0.000000E+00  0.000000E+00
        41   2  0.000000E+00  0.000000E+00  0.000000E+00  0.000000E+00  0.000000E+00  0.000000E+00
        41   3  0.000000E+00  0.000000E+00  0.000000E+00  0.000000E+00  0.000000E+00  0.000000E+00
        41   4  0.000000E+00  0.000000E+00  0.000000E+00  0.000000E+00  0.000000E+00  0.000000E+00
        41   5  0.000000E+00  0.000000E+00  0.000000E+00  0.000000E+00  0.000000E+00  0.000000E+00
        41   6  0.000000E+00  0.000000E+00  0.000000E+00  0.000000E+00  0.000000E+00  0.000000E+00
        41   7  0.000000E+00  0.000000E+00  0.000000E+00  0.000000E+00  0.000000E+00  0.000000E+00
        41   8  0.000000E+00  0.000000E+00  0.000000E+00  0.000000E+00  0.000000E+00  0.000000E+00
        42   1  0.000000E+00  0.000000E+00  0.000000E+00  0.000000E+00  0.000000E+00  0.000000E+00
        42   2  0.000000E+00  0.000000E+00  0.000000E+00  0.000000E+00  0.000000E+00  0.000000E+00
        42   3  0.000000E+00  0.000000E+00  0.000000E+00  0.000000E+00  0.000000E+00  0.000000E+00
        42   4  0.000000E+00  0.000000E+00  0.000000E+00  0.000000E+00  0.000000E+00  0.000000E+00
        42   5  0.000000E+00  0.000000E+00  0.000000E+00  0.000000E+00  0.000000E+00  0.000000E+00
        42   6  0.000000E+00  0.000000E+00  0.000000E+00  0.000000E+00  0.000000E+00  0.000000E+00
        42   7  0.000000E+00  0.000000E+00  0.000000E+00  0.000000E+00  0.000000E+00  0.000000E+00
        42   8  0.000000E+00  0.000000E+00  0.000000E+00  0.000000E+00  0.000000E+00  0.000000E+00
        43   1  0.000000E+00  0.000000E+00  0.000000E+00  0.000000E+00  0.000000E+00  0.000000E+00
        43   2  0.000000E+00  0.000000E+00  0.000000E+00  0.000000E+00  0.000000E+00  0.000000E+00
        43   3  0.000000E+00  0.000000E+00  0.000000E+00  0.000000E+00  0.000000E+00  0.000000E+00
        43   4  0.000000E+00  0.000000E+00  0.000000E+00  0.000000E+00  0.000000E+00  0.000000E+00
        43   5  0.000000E+00  0.000000E+00  0.000000E+00  0.000000E+00  0.000000E+00  0.000000E+00
        43   6  0.000000E+00  0.000000E+00  0.000000E+00  0.000000E+00  0.000000E+00  0.000000E+00
        43   7  0.000000E+00  0.000000E+00  0.000000E+00  0.000000E+00  0.000000E+00  0.000000E+00
        43   8  0.000000E+00  0.000000E+00  0.000000E+00  0.000000E+00  0.000000E+00  0.000000E+00
        44   1  0.000000E+00  0.000000E+00  0.000000E+00  0.000000E+00  0.000000E+00  0.000000E+00
        44   2  0.000000E+00  0.000000E+00  0.000000E+00  0.000000E+00  0.000000E+00  0.000000E+00
        44   3  0.000000E+00  0.000000E+00  0.000000E+00  0.000000E+00  0.000000E+00  0.000000E+00
        44   4  0.000000E+00  0.000000E+00  0.000000E+00  0.000000E+00  0.000000E+00  0.000000E+00
        44   5  0.000000E+00  0.000000E+00  0.000000E+00  0.000000E+00  0.000000E+00  0.000000E+00
        44   6  0.000000E+00  0.000000E+00  0.000000E+00  0.000000E+00  0.000000E+00  0.000000E+00
        44   7  0.000000E+00  0.000000E+00  0.000000E+00  0.000000E+00  0.000000E+00  0.000000E+00
        44   8  0.000000E+00  0.000000E+00  0.000000E+00  0.000000E+00  0.000000E+00  0.000000E+00
        45   1  0.000000E+00  0.000000E+00  0.000000E+00  0.000000E+00  0.000000E+00  0.000000E+00
        45   2  0.000000E+00  0.000000E+00  0.000000E+00  0.000000E+00  0.000000E+00  0.000000E+00
        45   3  0.000000E+00  0.000000E+00  0.000000E+00  0.000000E+00  0.000000E+00  0.000000E+00
        45   4  0.000000E+00  0.000000E+00  0.000000E+00  0.000000E+00  0.000000E+00  0.000000E+00
        45   5  0.000000E+00  0.000000E+00  0.000000E+00  0.000000E+00  0.000000E+00  0.000000E+00
        45   6  0.000000E+00  0.000000E+00  0.000000E+00  0.000000E+00  0.000000E+00  0.000000E+00
        45   7  0.000000E+00  0.000000E+00  0.000000E+00  0.000000E+00  0.000000E+00  0.000000E+00
        45   8  0.000000E+00  0.000000E+00  0.000000E+00  0.000000E+00  0.000000E+00  0.000000E+00
        46   1  0.000000E+00  0.000000E+00  0.000000E+00  0.000000E+00  0.000000E+00  0.000000E+00
        46   2  0.000000E+00  0.000000E+00  0.000000E+00  0.000000E+00  0.000000E+00  0.000000E+00
        46   3  0.000000E+00  0.000000E+00  0.000000E+00  0.000000E+00  0.000000E+00  0.000000E+00
        46   4  0.000000E+00  0.000000E+00  0.000000E+00  0.000000E+00  0.000000E+00  0.000000E+00
        46   5  0.000000E+00  0.000000E+00  0.000000E+00  0.000000E+00  0.000000E+00  0.000000E+00
        46   6  0.000000E+00  0.000000E+00  0.000000E+00  0.000000E+00  0.000000E+00  0.000000E+00
        46   7  0.000000E+00  0.000000E+00  0.000000E+00  0.000000E+00  0.000000E+00  0.000000E+00
        46   8  0.000000E+00  0.000000E+00  0.000000E+00  0.000000E+00  0.000000E+00  0.000000E+00
        47   1  0.000000E+00  0.000000E+00  0.000000E+00  0.000000E+00  0.000000E+00  0.000000E+00
        47   2  0.000000E+00  0.000000E+00  0.000000E+00  0.000000E+00  0.000000E+00  0.000000E+00
        47   3  0.000000E+00  0.000000E+00  0.000000E+00  0.000000E+00  0.000000E+00  0.000000E+00
        47   4  0.000000E+00  0.000000E+00  0.000000E+00  0.000000E+00  0.000000E+00  0.000000E+00
        47   5  0.000000E+00  0.000000E+00  0.000000E+00  0.000000E+00  0.000000E+00  0.000000E+00
        47   6  0.000000E+00  0.000000E+00  0.000000E+00  0.000000E+00  0.000000E+00  0.000000E+00
        47   7  0.000000E+00  0.000000E+00  0.000000E+00  0.000000E+00  0.000000E+00  0.000000E+00
        47   8  0.000000E+00  0.000000E+00  0.000000E+00  0.000000E+00  0.000000E+00  0.000000E+00
        48   1  0.000000E+00  0.000000E+00  0.000000E+00  0.000000E+00  0.000000E+00  0.000000E+00
        48   2  0.000000E+00  0.000000E+00  0.000000E+00  0.000000E+00  0.000000E+00  0.000000E+00
        48   3  0.000000E+00  0.000000E+00  0.000000E+00  0.000000E+00  0.000000E+00  0.000000E+00
        48   4  0.000000E+00  0.000000E+00  0.000000E+00  0.000000E+00  0.000000E+00  0.000000E+00
        48   5  0.000000E+00  0.000000E+00  0.000000E+00  0.000000E+00  0.000000E+00  0.000000E+00
        48   6  0.000000E+00  0.000000E+00  0.000000E+00  0.000000E+00  0.000000E+00  0.000000E+00
        48   7  0.000000E+00  0.000000E+00  0.000000E+00  0.000000E+00  0.000000E+00  0.000000E+00
        48   8  0.000000E+00  0.000000E+00  0.000000E+00  0.000000E+00  0.000000E+00  0.000000E+00
        49   1  0.000000E+00  0.000000E+00  0.000000E+00  0.000000E+00  0.000000E+00  0.000000E+00
        49   2  0.000000E+00  0.000000E+00  0.000000E+00  0.000000E+00  0.000000E+00  0.000000E+00
        49   3  0.000000E+00  0.000000E+00  0.000000E+00  0.000000E+00  0.000000E+00  0.000000E+00
        49   4  0.000000E+00  0.000000E+00  0.000000E+00  0.000000E+00  0.000000E+00  0.000000E+00
        49   5  0.000000E+00  0.000000E+00  0.000000E+00  0.000000E+00  0.000000E+00  0.000000E+00
        49   6  0.000000E+00  0.000000E+00  0.000000E+00  0.000000E+00  0.000000E+00  0.000000E+00
        49   7  0.000000E+00  0.000000E+00  0.000000E+00  0.000000E+00  0.000000E+00  0.000000E+00
        49   8  0.000000E+00  0.000000E+00  0.000000E+00  0.000000E+00  0.000000E+00  0.000000E+00
        50   1  0.000000E+00  0.000000E+00  0.000000E+00  0.000000E+00  0.000000E+00  0.000000E+00
        50   2  0.000000E+00  0.000000E+00  0.000000E+00  0.000000E+00  0.000000E+00  0.000000E+00
        50   3  0.000000E+00  0.000000E+00  0.000000E+00  0.000000E+00  0.000000E+00  0.000000E+00
        50   4  0.000000E+00  0.000000E+00  0.000000E+00  0.000000E+00  0.000000E+00  0.000000E+00
        50   5  0.000000E+00  0.000000E+00  0.000000E+00  0.000000E+00  0.000000E+00  0.000000E+00
        50   6  0.000000E+00  0.000000E+00  0.000000E+00  0.000000E+00  0.000000E+00  0.000000E+00
        50   7  0.000000E+00  0.000000E+00  0.000000E+00  0.000000E+00  0.000000E+00  0.000000E+00
        50   8  0.000000E+00  0.000000E+00  0.000000E+00  0.000000E+00  0.000000E+00  0.000000E+00
        51   1  0.000000E+00  0.000000E+00  0.000000E+00  0.000000E+00  0.000000E+00  0.000000E+00
        51   2  0.000000E+00  0.000000E+00  0.000000E+00  0.000000E+00  0.000000E+00  0.000000E+00
        51   3  0.000000E+00  0.000000E+00  0.000000E+00  0.000000E+00  0.000000E+00  0.000000E+00
        51   4  0.000000E+00  0.000000E+00  0.000000E+00  0.000000E+00  0.000000E+00  0.000000E+00
        51   5  0.000000E+00  0.000000E+00  0.000000E+00  0.000000E+00  0.000000E+00  0.000000E+00
        51   6  0.000000E+00  0.000000E+00  0.000000E+00  0.000000E+00  0.000000E+00  0.000000E+00
        51   7  0.000000E+00  0.000000E+00  0.000000E+00  0.000000E+00  0.000000E+00  0.000000E+00
        51   8  0.000000E+00  0.000000E+00  0.000000E+00  0.000000E+00  0.000000E+00  0.000000E+00
        52   1  0.000000E+00  0.000000E+00  0.000000E+00  0.000000E+00  0.000000E+00  0.000000E+00
        52   2  0.000000E+00  0.000000E+00  0.000000E+00  0.000000E+00  0.000000E+00  0.000000E+00
        52   3  0.000000E+00  0.000000E+00  0.000000E+00  0.000000E+00  0.000000E+00  0.000000E+00
        52   4  0.000000E+00  0.000000E+00  0.000000E+00  0.000000E+00  0.000000E+00  0.000000E+00
        52   5  0.000000E+00  0.000000E+00  0.000000E+00  0.000000E+00  0.000000E+00  0.000000E+00
        52   6  0.000000E+00  0.000000E+00  0.000000E+00  0.000000E+00  0.000000E+00  0.000000E+00
        52   7  0.000000E+00  0.000000E+00  0.000000E+00  0.000000E+00  0.000000E+00  0.000000E+00
        52   8  0.000000E+00  0.000000E+00  0.000000E+00  0.000000E+00  0.000000E+00  0.000000E+00
        53   1  0.000000E+00  0.000000E+00  0.000000E+00  0.000000E+00  0.000000E+00  0.000000E+00
        53   2  0.000000E+00  0.000000E+00  0.000000E+00  0.000000E+00  0.000000E+00  0.000000E+00
        53   3  0.000000E+00  0.000000E+00  0.000000E+00  0.000000E+00  0.000000E+00  0.000000E+00
        53   4  0.000000E+00  0.000000E+00  0.000000E+00  0.000000E+00  0.000000E+00  0.000000E+00
        53   5  0.000000E+00  0.000000E+00  0.000000E+00  0.000000E+00  0.000000E+00  0.000000E+00
        53   6  0.000000E+00  0.000000E+00  0.000000E+00  0.000000E+00  0.000000E+00  0.000000E+00
        53   7  0.000000E+00  0.000000E+00  0.000000E+00  0.000000E+00  0.000000E+00  0.000000E+00
        53   8  0.000000E+00  0.000000E+00  0.000000E+00  0.000000E+00  0.000000E+00  0.000000E+00
        54   1  0.000000E+00  0.000000E+00  0.000000E+00  0.000000E+00  0.000000E+00  0.000000E+00
        54   2  0.000000E+00  0.000000E+00  0.000000E+00  0.000000E+00  0.000000E+00  0.000000E+00
        54   3  0.000000E+00  0.000000E+00  0.000000E+00  0.000000E+00  0.000000E+00  0.000000E+00
        54   4  0.000000E+00  0.000000E+00  0.000000E+00  0.000000E+00  0.000000E+00  0.000000E+00
        54   5  0.000000E+00  0.000000E+00  0.000000E+00  0.000000E+00  0.000000E+00  0.000000E+00
        54   6  0.000000E+00  0.000000E+00  0.000000E+00  0.000000E+00  0.000000E+00  0.000000E+00
        54   7  0.000000E+00  0.000000E+00  0.000000E+00  0.000000E+00  0.000000E+00  0.000000E+00
        54   8  0.000000E+00  0.000000E+00  0.000000E+00  0.000000E+00  0.000000E+00  0.000000E+00
        55   1  0.000000E+00  0.000000E+00  0.000000E+00  0.000000E+00  0.000000E+00  0.000000E+00
        55   2  0.000000E+00  0.000000E+00  0.000000E+00  0.000000E+00  0.000000E+00  0.000000E+00
        55   3  0.000000E+00  0.000000E+00  0.000000E+00  0.000000E+00  0.000000E+00  0.000000E+00
        55   4  0.000000E+00  0.000000E+00  0.000000E+00  0.000000E+00  0.000000E+00  0.000000E+00
        55   5  0.000000E+00  0.000000E+00  0.000000E+00  0.000000E+00  0.000000E+00  0.000000E+00
        55   6  0.000000E+00  0.000000E+00  0.000000E+00  0.000000E+00  0.000000E+00  0.000000E+00
        55   7  0.000000E+00  0.000000E+00  0.000000E+00  0.000000E+00  0.000000E+00  0.000000E+00
        55   8  0.000000E+00  0.000000E+00  0.000000E+00  0.000000E+00  0.000000E+00  0.000000E+00
        56   1  0.000000E+00  0.000000E+00  0.000000E+00  0.000000E+00  0.000000E+00  0.000000E+00
        56   2  0.000000E+00  0.000000E+00  0.000000E+00  0.000000E+00  0.000000E+00  0.000000E+00
        56   3  0.000000E+00  0.000000E+00  0.000000E+00  0.000000E+00  0.000000E+00  0.000000E+00
        56   4  0.000000E+00  0.000000E+00  0.000000E+00  0.000000E+00  0.000000E+00  0.000000E+00
        56   5  0.000000E+00  0.000000E+00  0.000000E+00  0.000000E+00  0.000000E+00  0.000000E+00
        56   6  0.000000E+00  0.000000E+00  0.000000E+00  0.000000E+00  0.000000E+00  0.000000E+00
        56   7  0.000000E+00  0.000000E+00  0.000000E+00  0.000000E+00  0.000000E+00  0.000000E+00
        56   8  0.000000E+00  0.000000E+00  0.000000E+00  0.000000E+00  0.000000E+00  0.000000E+00
        57   1  0.000000E+00  0.000000E+00  0.000000E+00  0.000000E+00  0.000000E+00  0.000000E+00
        57   2  0.000000E+00  0.000000E+00  0.000000E+00  0.000000E+00  0.000000E+00  0.000000E+00
        57   3  0.000000E+00  0.000000E+00  0.000000E+00  0.000000E+00  0.000000E+00  0.000000E+00
        57   4  0.000000E+00  0.000000E+00  0.000000E+00  0.000000E+00  0.000000E+00  0.000000E+00
        57   5  0.000000E+00  0.000000E+00  0.000000E+00  0.000000E+00  0.000000E+00  0.000000E+00
        57   6  0.000000E+00  0.000000E+00  0.000000E+00  0.000000E+00  0.000000E+00  0.000000E+00
        57   7  0.000000E+00  0.000000E+00  0.000000E+00  0.000000E+00  0.000000E+00  0.000000E+00
        57   8  0.000000E+00  0.000000E+00  0.000000E+00  0.000000E+00  0.000000E+00  0.000000E+00
        58   1  0.000000E+00  0.000000E+00  0.000000E+00  0.000000E+00  0.000000E+00  0.000000E+00
        58   2  0.000000E+00  0.000000E+00  0.000000E+00  0.000000E+00  0.000000E+00  0.000000E+00
        58   3  0.000000E+00  0.000000E+00  0.000000E+00  0.000000E+00  0.000000E+00  0.000000E+00
        58   4  0.000000E+00  0.000000E+00  0.000000E+00  0.000000E+00  0.000000E+00  0.000000E+00
        58   5  0.000000E+00  0.000000E+00  0.000000E+00  0.000000E+00  0.000000E+00  0.000000E+00
        58   6  0.000000E+00  0.000000E+00  0.000000E+00  0.000000E+00  0.000000E+00  0.000000E+00
        58   7  0.000000E+00  0.000000E+00  0.000000E+00  0.000000E+00  0.000000E+00  0.000000E+00
        58   8  0.000000E+00  0.000000E+00  0.000000E+00  0.000000E+00  0.000000E+00  0.000000E+00
        59   1  0.000000E+00  0.000000E+00  0.000000E+00  0.000000E+00  0.000000E+00  0.000000E+00
        59   2  0.000000E+00  0.000000E+00  0.000000E+00  0.000000E+00  0.000000E+00  0.000000E+00
        59   3  0.000000E+00  0.000000E+00  0.000000E+00  0.000000E+00  0.000000E+00  0.000000E+00
        59   4  0.000000E+00  0.000000E+00  0.000000E+00  0.000000E+00  0.000000E+00  0.000000E+00
        59   5  0.000000E+00  0.000000E+00  0.000000E+00  0.000000E+00  0.000000E+00  0.000000E+00
        59   6  0.000000E+00  0.000000E+00  0.000000E+00  0.000000E+00  0.000000E+00  0.000000E+00
        59   7  0.000000E+00  0.000000E+00  0.000000E+00  0.000000E+00  0.000000E+00  0.000000E+00
        59   8  0.000000E+00  0.000000E+00  0.000000E+00  0.000000E+00  0.000000E+00  0.000000E+00
        60   1  0.000000E+00  0.000000E+00  0.000000E+00  0.000000E+00  0.000000E+00  0.000000E+00
        60   2  0.000000E+00  0.000000E+00  0.000000E+00  0.000000E+00  0.000000E+00  0.000000E+00
        60   3  0.000000E+00  0.000000E+00  0.000000E+00  0.000000E+00  0.000000E+00  0.000000E+00
        60   4  0.000000E+00  0.000000E+00  0.000000E+00  0.000000E+00  0.000000E+00  0.000000E+00
        60   5  0.000000E+00  0.000000E+00  0.000000E+00  0.000000E+00  0.000000E+00  0.000000E+00
        60   6  0.000000E+00  0.000000E+00  0.000000E+00  0.000000E+00  0.000000E+00  0.000000E+00
        60   7  0.000000E+00  0.000000E+00  0.000000E+00  0.000000E+00  0.000000E+00  0.000000E+00
        60   8  0.000000E+00  0.000000E+00  0.000000E+00  0.000000E+00  0.000000E+00  0.000000E+00
        61   1  0.000000E+00  0.000000E+00  0.000000E+00  0.000000E+00  0.000000E+00  0.000000E+00
        61   2  0.000000E+00  0.000000E+00  0.000000E+00  0.000000E+00  0.000000E+00  0.000000E+00
        61   3  0.000000E+00  0.000000E+00  0.000000E+00  0.000000E+00  0.000000E+00  0.000000E+00
        61   4  0.000000E+00  0.000000E+00  0.000000E+00  0.000000E+00  0.000000E+00  0.000000E+00
        61   5  0.000000E+00  0.000000E+00  0.000000E+00  0.000000E+00  0.000000E+00  0.000000E+00
        61   6  0.000000E+00  0.000000E+00  0.000000E+00  0.000000E+00  0.000000E+00  0.000000E+00
        61   7  0.000000E+00  0.000000E+00  0.000000E+00  0.000000E+00  0.000000E+00  0.000000E+00
        61   8  0.000000E+00  0.000000E+00  0.000000E+00  0.000000E+00  0.000000E+00  0.000000E+00
        62   1  0.000000E+00  0.000000E+00  0.000000E+00  0.000000E+00  0.000000E+00  0.000000E+00
        62   2  0.000000E+00  0.000000E+00  0.000000E+00  0.000000E+00  0.000000E+00  0.000000E+00
        62   3  0.000000E+00  0.000000E+00  0.000000E+00  0.000000E+00  0.000000E+00  0.000000E+00
        62   4  0.000000E+00  0.000000E+00  0.000000E+00  0.000000E+00  0.000000E+00  0.000000E+00
        62   5  0.000000E+00  0.000000E+00  0.000000E+00  0.000000E+00  0.000000E+00  0.000000E+00
        62   6  0.000000E+00  0.000000E+00  0.000000E+00  0.000000E+00  0.000000E+00  0.000000E+00
        62   7  0.000000E+00  0.000000E+00  0.000000E+00  0.000000E+00  0.000000E+00  0.000000E+00
        62   8  0.000000E+00  0.000000E+00  0.000000E+00  0.000000E+00  0.000000E+00  0.000000E+00
        63   1  0.000000E+00  0.000000E+00  0.000000E+00  0.000000E+00  0.000000E+00  0.000000E+00
        63   2  0.000000E+00  0.000000E+00  0.000000E+00  0.000000E+00  0.000000E+00  0.000000E+00
        63   3  0.000000E+00  0.000000E+00  0.000000E+00  0.000000E+00  0.000000E+00  0.000000E+00
        63   4  0.000000E+00  0.000000E+00  0.000000E+00  0.000000E+00  0.000000E+00  0.000000E+00
        63   5  0.000000E+00  0.000000E+00  0.000000E+00  0.000000E+00  0.000000E+00  0.000000E+00
        63   6  0.000000E+00  0.000000E+00  0.000000E+00  0.000000E+00  0.000000E+00  0.000000E+00
        63   7  0.000000E+00  0.000000E+00  0.000000E+00  0.000000E+00  0.000000E+00  0.000000E+00
        63   8  0.000000E+00  0.000000E+00  0.000000E+00  0.000000E+00  0.000000E+00  0.000000E+00
        64   1  0.000000E+00  0.000000E+00  0.000000E+00  0.000000E+00  0.000000E+00  0.000000E+00
        64   2  0.000000E+00  0.000000E+00  0.000000E+00  0.000000E+00  0.000000E+00  0.000000E+00
        64   3  0.000000E+00  0.000000E+00  0.000000E+00  0.000000E+00  0.000000E+00  0.000000E+00
        64   4  0.000000E+00  0.000000E+00  0.000000E+00  0.000000E+00  0.000000E+00  0.000000E+00
        64   5  0.000000E+00  0.000000E+00  0.000000E+00  0.000000E+00  0.000000E+00  0.000000E+00
        64   6  0.000000E+00  0.000000E+00  0.000000E+00  0.000000E+00  0.000000E+00  0.000000E+00
        64   7  0.000000E+00  0.000000E+00  0.000000E+00  0.000000E+00  0.000000E+00  0.000000E+00
        64   8  0.000000E+00  0.000000E+00  0.000000E+00  0.000000E+00  0.000000E+00  0.000000E+00
        65   1  0.000000E+00  0.000000E+00  0.000000E+00  0.000000E+00  0.000000E+00  0.000000E+00
        65   2  0.000000E+00  0.000000E+00  0.000000E+00  0.000000E+00  0.000000E+00  0.000000E+00
        65   3  0.000000E+00  0.000000E+00  0.000000E+00  0.000000E+00  0.000000E+00  0.000000E+00
        65   4  0.000000E+00  0.000000E+00  0.000000E+00  0.000000E+00  0.000000E+00  0.000000E+00
        65   5  0.000000E+00  0.000000E+00  0.000000E+00  0.000000E+00  0.000000E+00  0.000000E+00
        65   6  0.000000E+00  0.000000E+00  0.000000E+00  0.000000E+00  0.000000E+00  0.000000E+00
        65   7  0.000000E+00  0.000000E+00  0.000000E+00  0.000000E+00  0.000000E+00  0.000000E+00
        65   8  0.000000E+00  0.000000E+00  0.000000E+00  0.000000E+00  0.000000E+00  0.000000E+00
        66   1  0.000000E+00  0.000000E+00  0.000000E+00  0.000000E+00  0.000000E+00  0.000000E+00
        66   2  0.000000E+00  0.000000E+00  0.000000E+00  0.000000E+00  0.000000E+00  0.000000E+00
        66   3  0.000000E+00  0.000000E+00  0.000000E+00  0.000000E+00  0.000000E+00  0.000000E+00
        66   4  0.000000E+00  0.000000E+00  0.000000E+00  0.000000E+00  0.000000E+00  0.000000E+00
        66   5  0.000000E+00  0.000000E+00  0.000000E+00  0.000000E+00  0.000000E+00  0.000000E+00
        66   6  0.000000E+00  0.000000E+00  0.000000E+00  0.000000E+00  0.000000E+00  0.000000E+00
        66   7  0.000000E+00  0.000000E+00  0.000000E+00  0.000000E+00  0.000000E+00  0.000000E+00
        66   8  0.000000E+00  0.000000E+00  0.000000E+00  0.000000E+00  0.000000E+00  0.000000E+00
        67   1  0.000000E+00  0.000000E+00  0.000000E+00  0.000000E+00  0.000000E+00  0.000000E+00
        67   2  0.000000E+00  0.000000E+00  0.000000E+00  0.000000E+00  0.000000E+00  0.000000E+00
        67   3  0.000000E+00  0.000000E+00  0.000000E+00  0.000000E+00  0.000000E+00  0.000000E+00
        67   4  0.000000E+00  0.000000E+00  0.000000E+00  0.000000E+00  0.000000E+00  0.000000E+00
        67   5  0.000000E+00  0.000000E+00  0.000000E+00  0.000000E+00  0.000000E+00  0.000000E+00
        67   6  0.000000E+00  0.000000E+00  0.000000E+00  0.000000E+00  0.000000E+00  0.000000E+00
        67   7  0.000000E+00  0.000000E+00  0.000000E+00  0.000000E+00  0.000000E+00  0.000000E+00
        67   8  0.000000E+00  0.000000E+00  0.000000E+00  0.000000E+00  0.000000E+00  0.000000E+00
        68   1  0.000000E+00  0.000000E+00  0.000000E+00  0.000000E+00  0.000000E+00  0.000000E+00
        68   2  0.000000E+00  0.000000E+00  0.000000E+00  0.000000E+00  0.000000E+00  0.000000E+00
        68   3  0.000000E+00  0.000000E+00  0.000000E+00  0.000000E+00  0.000000E+00  0.000000E+00
        68   4  0.000000E+00  0.000000E+00  0.000000E+00  0.000000E+00  0.000000E+00  0.000000E+00
        68   5  0.000000E+00  0.000000E+00  0.000000E+00  0.000000E+00  0.000000E+00  0.000000E+00
        68   6  0.000000E+00  0.000000E+00  0.000000E+00  0.000000E+00  0.000000E+00  0.000000E+00
        68   7  0.000000E+00  0.000000E+00  0.000000E+00  0.000000E+00  0.000000E+00  0.000000E+00
        68   8  0.000000E+00  0.000000E+00  0.000000E+00  0.000000E+00  0.000000E+00  0.000000E+00
        69   1  0.000000E+00  0.000000E+00  0.000000E+00  0.000000E+00  0.000000E+00  0.000000E+00
        69   2  0.000000E+00  0.000000E+00  0.000000E+00  0.000000E+00  0.000000E+00  0.000000E+00
        69   3  0.000000E+00  0.000000E+00  0.000000E+00  0.000000E+00  0.000000E+00  0.000000E+00
        69   4  0.000000E+00  0.000000E+00  0.000000E+00  0.000000E+00  0.000000E+00  0.000000E+00
        69   5  0.000000E+00  0.000000E+00  0.000000E+00  0.000000E+00  0.000000E+00  0.000000E+00
        69   6  0.000000E+00  0.000000E+00  0.000000E+00  0.000000E+00  0.000000E+00  0.000000E+00
        69   7  0.000000E+00  0.000000E+00  0.000000E+00  0.000000E+00  0.000000E+00  0.000000E+00
        69   8  0.000000E+00  0.000000E+00  0.000000E+00  0.000000E+00  0.000000E+00  0.000000E+00
        70   1  0.000000E+00  0.000000E+00  0.000000E+00  0.000000E+00  0.000000E+00  0.000000E+00
        70   2  0.000000E+00  0.000000E+00  0.000000E+00  0.000000E+00  0.000000E+00  0.000000E+00
        70   3  0.000000E+00  0.000000E+00  0.000000E+00  0.000000E+00  0.000000E+00  0.000000E+00
        70   4  0.000000E+00  0.000000E+00  0.000000E+00  0.000000E+00  0.000000E+00  0.000000E+00
        70   5  0.000000E+00  0.000000E+00  0.000000E+00  0.000000E+00  0.000000E+00  0.000000E+00
        70   6  0.000000E+00  0.000000E+00  0.000000E+00  0.000000E+00  0.000000E+00  0.000000E+00
        70   7  0.000000E+00  0.000000E+00  0.000000E+00  0.000000E+00  0.000000E+00  0.000000E+00
        70   8  0.000000E+00  0.000000E+00  0.000000E+00  0.000000E+00  0.000000E+00  0.000000E+00
        71   1  0.000000E+00  0.000000E+00  0.000000E+00  0.000000E+00  0.000000E+00  0.000000E+00
        71   2  0.000000E+00  0.000000E+00  0.000000E+00  0.000000E+00  0.000000E+00  0.000000E+00
        71   3  0.000000E+00  0.000000E+00  0.000000E+00  0.000000E+00  0.000000E+00  0.000000E+00
        71   4  0.000000E+00  0.000000E+00  0.000000E+00  0.000000E+00  0.000000E+00  0.000000E+00
        71   5  0.000000E+00  0.000000E+00  0.000000E+00  0.000000E+00  0.000000E+00  0.000000E+00
        71   6  0.000000E+00  0.000000E+00  0.000000E+00  0.000000E+00  0.000000E+00  0.000000E+00
        71   7  0.000000E+00  0.000000E+00  0.000000E+00  0.000000E+00  0.000000E+00  0.000000E+00
        71   8  0.000000E+00  0.000000E+00  0.000000E+00  0.000000E+00  0.000000E+00  0.000000E+00
        72   1  0.000000E+00  0.000000E+00  0.000000E+00  0.000000E+00  0.000000E+00  0.000000E+00
        72   2  0.000000E+00  0.000000E+00  0.000000E+00  0.000000E+00  0.000000E+00  0.000000E+00
        72   3  0.000000E+00  0.000000E+00  0.000000E+00  0.000000E+00  0.000000E+00  0.000000E+00
        72   4  0.000000E+00  0.000000E+00  0.000000E+00  0.000000E+00  0.000000E+00  0.000000E+00
        72   5  0.000000E+00  0.000000E+00  0.000000E+00  0.000000E+00  0.000000E+00  0.000000E+00
        72   6  0.000000E+00  0.000000E+00  0.000000E+00  0.000000E+00  0.000000E+00  0.000000E+00
        72   7  0.000000E+00  0.000000E+00  0.000000E+00  0.000000E+00  0.000000E+00  0.000000E+00
        72   8  0.000000E+00  0.000000E+00  0.000000E+00  0.000000E+00  0.000000E+00  0.000000E+00
        73   1  0.000000E+00  0.000000E+00  0.000000E+00  0.000000E+00  0.000000E+00  0.000000E+00
        73   2  0.000000E+00  0.000000E+00  0.000000E+00  0.000000E+00  0.000000E+00  0.000000E+00
        73   3  0.000000E+00  0.000000E+00  0.000000E+00  0.000000E+00  0.000000E+00  0.000000E+00
        73   4  0.000000E+00  0.000000E+00  0.000000E+00  0.000000E+00  0.000000E+00  0.000000E+00
        73   5  0.000000E+00  0.000000E+00  0.000000E+00  0.000000E+00  0.000000E+00  0.000000E+00
        73   6  0.000000E+00  0.000000E+00  0.000000E+00  0.000000E+00  0.000000E+00  0.000000E+00
        73   7  0.000000E+00  0.000000E+00  0.000000E+00  0.000000E+00  0.000000E+00  0.000000E+00
        73   8  0.000000E+00  0.000000E+00  0.000000E+00  0.000000E+00  0.000000E+00  0.000000E+00
        74   1  0.000000E+00  0.000000E+00  0.000000E+00  0.000000E+00  0.000000E+00  0.000000E+00
        74   2  0.000000E+00  0.000000E+00  0.000000E+00  0.000000E+00  0.000000E+00  0.000000E+00
        74   3  0.000000E+00  0.000000E+00  0.000000E+00  0.000000E+00  0.000000E+00  0.000000E+00
        74   4  0.000000E+00  0.000000E+00  0.000000E+00  0.000000E+00  0.000000E+00  0.000000E+00
        74   5  0.000000E+00  0.000000E+00  0.000000E+00  0.000000E+00  0.000000E+00  0.000000E+00
        74   6  0.000000E+00  0.000000E+00  0.000000E+00  0.000000E+00  0.000000E+00  0.000000E+00
        74   7  0.000000E+00  0.000000E+00  0.000000E+00  0.000000E+00  0.000000E+00  0.000000E+00
        74   8  0.000000E+00  0.000000E+00  0.000000E+00  0.000000E+00  0.000000E+00  0.000000E+00
        75   1 -2.271726E+00 -8.712502E+00 -4.550167E-01  6.477971E-01  4.505820E-01  1.242388E+00
        75   2 -5.118092E-01 -7.958252E+00  2.992334E-01  9.074358E-01 -4.123063E-01  7.854237E-01
        75   3 -2.115943E+00 -8.349008E+00 -2.992334E-01  8.489304E-01 -4.344048E-01 -7.139710E-01
        75   4 -3.560260E-01 -7.594758E+00  4.550167E-01  1.108569E+00  4.726805E-01 -2.570067E-01
        75   5  2.271726E+00  8.712502E+00  4.550167E-01 -6.477971E-01  4.505820E-01  1.242388E+00
        75   6  5.118092E-01  7.958252E+00 -2.992334E-01 -9.074358E-01 -4.123063E-01  7.854237E-01
        75   7  2.115943E+00  8.349008E+00  2.992334E-01 -8.489304E-01 -4.344048E-01 -7.139710E-01
        75   8  3.560260E-01  7.594758E+00 -4.550167E-01 -1.108569E+00  4.726805E-01 -2.570067E-01
        76   1  6.166271E-01 -4.888000E+00  2.250827E-01  1.279096E+00 -2.032506E-01  8.184730E-01
        76   2 -2.988544E-01 -5.280349E+00 -1.672665E-01  1.231792E+00  2.261021E-01  9.017282E-01
        76   3  5.588110E-01 -5.022904E+00  1.672665E-01  1.065968E+00  2.571058E-01 -2.900560E-01
        76   4 -3.566705E-01 -5.415253E+00 -2.250827E-01  1.018664E+00 -2.342543E-01 -3.733112E-01
        76   5 -6.166271E-01  4.888000E+00 -2.250827E-01 -1.279096E+00 -2.032506E-01  8.184730E-01
        76   6  2.988544E-01  5.280349E+00  1.672665E-01 -1.231792E+00  2.261021E-01  9.017282E-01
        76   7 -5.588110E-01  5.022904E+00 -1.672665E-01 -1.065968E+00  2.571058E-01 -2.900560E-01
        76   8  3.566705E-01  5.415253E+00  2.250827E-01 -1.018664E+00 -2.342543E-01 -3.733112E-01
        77   1  2.216679E-01 -2.461104E+00  1.292158E-01  1.139954E+00 -1.649912E-01  8.920205E-01
        77   2 -3.861649E-01 -2.721603E+00 -1.312840E-01  1.142649E+00  1.495670E-01  8.872775E-01
        77   3  2.237360E-01 -2.456278E+00  1.312840E-01  1.051101E+00  1.406618E-01 -3.636036E-01
        77   4 -3.840967E-01 -2.716778E+00 -1.292158E-01  1.053796E+00 -1.560860E-01 -3.588606E-01
        77   5 -2.216679E-01  2.461104E+00 -1.292158E-01 -1.139954E+00 -1.649912E-01  8.920205E-01
        77   6  3.861649E-01  2.721603E+00  1.312840E-01 -1.142649E+00  1.495670E-01  8.872775E-01
        77   7 -2.237360E-01  2.456278E+00 -1.312840E-01 -1.051101E+00  1.406618E-01 -3.636036E-01
        77   8  3.840967E-01  2.716778E+00  1.292158E-01 -1.053796E+00 -1.560860E-01 -3.588606E-01
        78   1  3.861428E-01  6.922369E-01  1.313560E-01  1.142673E+00 -1.496515E-01  8.872775E-01
        78   2 -2.220261E-01  4.315931E-01 -1.292878E-01  1.139978E+00  1.650757E-01  8.920205E-01
        78   3  3.840746E-01  6.874112E-01  1.292878E-01  1.053772E+00  1.561706E-01 -3.588606E-01
        78   4 -2.240943E-01  4.267674E-01 -1.313560E-01  1.051077E+00 -1.407463E-01 -3.636036E-01
        78   5 -3.861428E-01 -6.922369E-01 -1.313560E-01 -1.142673E+00 -1.496515E-01  8.872775E-01
        78   6  2.220261E-01 -4.315931E-01  1.292878E-01 -1.139978E+00  1.650757E-01  8.920205E-01
        78   7 -3.840746E-01 -6.874112E-01 -1.292878E-01 -1.053772E+00  1.561706E-01 -3.588606E-01
        78   8  2.240943E-01 -4.267674E-01  1.313560E-01 -1.051077E+00 -1.407463E-01 -3.636036E-01
        79   1  3.017144E-01  3.246027E+00  1.623831E-01  1.229139E+00 -2.203721E-01  9.017282E-01
        79   2 -5.909774E-01  2.863445E+00 -2.201992E-01  1.276444E+00  1.975206E-01  8.184730E-01
        79   3  3.595305E-01  3.380931E+00  2.201992E-01  1.021317E+00  2.285243E-01 -3.733112E-01
        79   4 -5.331613E-01  2.998349E+00 -1.623831E-01  1.068621E+00 -2.513758E-01 -2.900560E-01
        79   5 -3.017144E-01 -3.246027E+00 -1.623831E-01 -1.229139E+00 -2.203721E-01  9.017282E-01
        79   6  5.909774E-01 -2.863445E+00  2.201992E-01 -1.276444E+00  1.975206E-01  8.184730E-01
        79   7 -3.595305E-01 -3.380931E+00 -2.201992E-01 -1.021317E+00  2.285243E-01 -3.733112E-01
        79   8  5.331613E-01 -2.998349E+00  1.623831E-01 -1.068621E+00 -2.513758E-01 -2.900560E-01
        80   1  4.696811E-01  6.035026E+00 -1.930208E-01  9.357592E-01  2.876834E-01  7.854237E-01
        80   2  1.733939E+00  6.576851E+00  3.488040E-01  6.761204E-01 -3.259592E-01  1.242388E+00
        80   3  3.138978E-01  5.671532E+00 -3.488040E-01  1.080246E+00 -3.480577E-01 -2.570067E-01
        80   4  1.578156E+00  6.213357E+00  1.930208E-01  8.206071E-01  3.097819E-01 -7.139710E-01
        80   5 -4.696811E-01 -6.035026E+00  1.930208E-01 -9.357592E-01  2.876834E-01  7.854237E-01
        80   6 -1.733939E+00 -6.576851E+00 -3.488040E-01 -6.761204E-01 -3.259592E-01  1.242388E+00
        80   7 -3.138978E-01 -5.671532E+00  3.488040E-01 -1.080246E+00 -3.480577E-01 -2.570067E-01
        80   8 -1.578156E+00 -6.213357E+00 -1.930208E-01 -8.206071E-01  3.097819E-01 -7.139710E-01
        81   1  1.468952E-01  4.896506E-01  1.105643E-11  2.995652E+00 -2.627105E-14  3.101208E+00
        81   2  1.468952E-01  4.896506E-01  2.403538E-11  2.995652E+00 -1.401123E-13  3.101208E+00
        81   3  1.468952E-01  4.896506E-01 -2.910272E-11  2.995652E+00 -5.254211E-14 -7.443487E+00
        81   4  1.468952E-01  4.896506E-01 -1.642930E-11  2.995652E+00 -5.254211E-14 -7.443487E+00
        81   5 -1.468952E-01 -4.896506E-01  1.043221E-11 -2.995652E+00 -8.757018E-15  3.101208E+00
        81   6 -1.468952E-01 -4.896506E-01  2.363043E-11 -2.995652E+00 -1.225982E-13  3.101208E+00
        81   7 -1.468952E-01 -4.896506E-01 -2.948197E-11 -2.995652E+00 -3.502807E-14 -7.443487E+00
        81   8 -1.468952E-01 -4.896506E-01 -1.675898E-11 -2.995652E+00 -3.502807E-14 -7.443487E+00
        82   1 -3.303044E+00 -1.266774E+01 -4.899117E-01 -3.678175E-01  5.946176E-01  2.767329E-01
        82   2 -9.336418E-01 -1.165228E+01  5.255463E-01 -3.969731E-01 -5.999068E-01  3.280466E-01
        82   3 -3.338678E+00 -1.275089E+01 -5.255463E-01  1.837893E-01 -5.968531E-01  5.230059E-01
        82   4 -9.692764E-01 -1.173543E+01  4.899117E-01  1.546337E-01  5.915639E-01  4.716921E-01
        82   5  3.303044E+00  1.266774E+01  4.899117E-01  3.678175E-01  5.946176E-01  2.767329E-01
        82   6  9.336418E-01  1.165228E+01 -5.255463E-01  3.969731E-01 -5.999068E-01  3.280466E-01
        82   7  3.338678E+00  1.275089E+01  5.255463E-01 -1.837893E-01 -5.968531E-01  5.230059E-01
        82   8  9.692764E-01  1.173543E+01 -4.899117E-01 -1.546337E-01  5.915639E-01  4.716921E-01
        83   1  3.633654E-01 -8.044955E+00  2.793135E-01 -4.639854E-02 -3.329665E-01  3.239082E-01
        83   2 -9.443420E-01 -8.605401E+00 -2.811326E-01 -4.402825E-02  3.276773E-01  3.197365E-01
        83   3  3.651845E-01 -8.040711E+00  2.811326E-01 -2.375584E-01  3.246236E-01  4.758305E-01
        83   4 -9.425230E-01 -8.601157E+00 -2.793135E-01 -2.351881E-01 -3.299128E-01  4.800022E-01
        83   5 -3.633654E-01  8.044955E+00 -2.793135E-01  4.639854E-02 -3.329665E-01  3.239082E-01
        83   6  9.443420E-01  8.605401E+00  2.811326E-01  4.402825E-02  3.276773E-01  3.197365E-01
        83   7 -3.651845E-01  8.040711E+00 -2.811326E-01  2.375584E-01  3.246236E-01  4.758305E-01
        83   8  9.425230E-01  8.601157E+00  2.793135E-01  2.351881E-01 -3.299128E-01  4.800022E-01
        84   1  9.151638E-01 -2.917190E-01  3.762261E-01 -1.159324E-02 -4.392537E-01  8.045850E-01
        84   2 -8.363135E-01 -1.042352E+00 -3.744070E-01 -1.396353E-02  4.445429E-01  8.087567E-01
        84   3  9.133448E-01 -2.959635E-01  3.744070E-01 -2.676231E-01  4.414892E-01  9.648507E-01
        84   4 -8.381325E-01 -1.046597E+00 -3.762261E-01 -2.699934E-01 -4.362000E-01  9.606790E-01
        84   5 -9.151638E-01  2.917190E-01 -3.762261E-01  1.159324E-02 -4.392537E-01  8.045850E-01
        84   6  8.363135E-01  1.042352E+00  3.744070E-01  1.396353E-02  4.445429E-01  8.087567E-01
        84   7 -9.133448E-01  2.959635E-01 -3.744070E-01  2.676231E-01  4.414892E-01  9.648507E-01
        84   8  8.381325E-01  1.046597E+00  3.762261E-01  2.699934E-01 -4.362000E-01  9.606790E-01
        85   1  1.567176E+00  7.722765E+00 -1.656279E-01 -2.014619E-01  1.776026E-01  8.128951E-01
        85   2  2.256959E+00  8.018386E+00  1.299933E-01 -1.723063E-01 -1.723134E-01  7.615814E-01
        85   3  1.602810E+00  7.805912E+00 -1.299933E-01 -4.087749E-02 -1.692597E-01  9.565406E-01
        85   4  2.292593E+00  8.101534E+00  1.656279E-01 -1.172195E-02  1.745489E-01  1.007854E+00
        85   5 -1.567176E+00 -7.722765E+00  1.656279E-01  2.014619E-01  1.776026E-01  8.128951E-01
        85   6 -2.256959E+00 -8.018386E+00 -1.299933E-01  1.723063E-01 -1.723134E-01  7.615814E-01
        85   7 -1.602810E+00 -7.805912E+00  1.299933E-01  4.087749E-02 -1.692597E-01  9.565406E-01
        85   8 -2.292593E+00 -8.101534E+00 -1.656279E-01  1.172195E-02  1.745489E-01  1.007854E+00
        86   1  1.294113E+00  4.313709E+00  2.617462E-12  8.531282E-01 -8.757018E-14  2.319926E+00
        86   2  1.294113E+00  4.313709E+00  5.750955E-13  8.531282E-01 -1.576263E-13  2.319926E+00
        86   3  1.294113E+00  4.313709E+00  2.567724E-12  8.531282E-01 -1.050842E-13 -6.830855E-01
        86   4  1.294113E+00  4.313709E+00  8.029133E-13  8.531282E-01 -1.751404E-13 -6.830855E-01
        86   5 -1.294113E+00 -4.313709E+00  1.822098E-12 -8.531282E-01  1.751404E-14  2.319926E+00
        86   6 -1.294113E+00 -4.313709E+00  6.252776E-13 -8.531282E-01 -2.802246E-13  2.319926E+00
        86   7 -1.294113E+00 -4.313709E+00  2.502887E-12 -8.531282E-01 -5.254211E-14 -6.830855E-01
        86   8 -1.294113E+00 -4.313709E+00 -7.283063E-14 -8.531282E-01 -2.101684E-13 -6.830855E-01
        87   1 -9.855074E-02 -3.285025E-01 -2.502515E-11 -3.810557E+00  5.254211E-14 -5.458389E+00
        87   2 -9.855074E-02 -3.285025E-01 -3.332637E-11 -3.810557E+00 -3.064956E-14 -5.458389E+00
        87   3 -9.855074E-02 -3.285024E-01  2.786762E-11 -3.810557E+00  5.254211E-14  7.954772E+00
        87   4 -9.855074E-02 -3.285024E-01  1.940578E-11 -3.810557E+00 -1.970329E-14  7.954772E+00
        87   5  9.855074E-02  3.285024E-01 -2.500272E-11  3.810557E+00  4.378509E-14 -5.458389E+00
        87   6  9.855074E-02  3.285024E-01 -3.332884E-11  3.810557E+00  8.757018E-15 -5.458389E+00
        87   7  9.855074E-02  3.285025E-01  2.787398E-11  3.810557E+00  3.502807E-14  7.954772E+00
        87   8  9.855074E-02  3.285025E-01  1.940309E-11  3.810557E+00  1.313553E-14  7.954772E+00
        88   1 -2.033827E-01 -8.228367E-02 -5.968350E-01  3.080660E+00  3.775013E-02  3.896852E+00
        88   2 -2.020848E-01 -8.172744E-02 -5.962787E-01  4.056844E+00  1.393412E-01  2.178768E+00
        88   3  9.897310E-01  2.701648E+00  5.962787E-01  3.080962E+00  3.709749E-02 -4.348844E+00
        88   4  9.910289E-01  2.702205E+00  5.968350E-01  4.057146E+00  1.399939E-01 -2.630760E+00
        88   5  2.033827E-01  8.228367E-02  5.968350E-01 -3.080660E+00  3.775013E-02  3.896852E+00
        88   6  2.020848E-01  8.172744E-02  5.962787E-01 -4.056844E+00  1.393412E-01  2.178768E+00
        88   7 -9.897310E-01 -2.701648E+00 -5.962787E-01 -3.080962E+00  3.709749E-02 -4.348844E+00
        88   8 -9.910289E-01 -2.702205E+00 -5.968350E-01 -4.057146E+00  1.399939E-01 -2.630760E+00
        89   1 -2.044517E-01 -8.529665E-01 -1.148443E-02  4.739410E+00  1.888739E-01  2.317329E+00
        89   2 -8.744688E-03 -7.690920E-01  7.239000E-02  4.660048E+00 -1.178252E-02  2.457006E+00
        89   3 -2.653573E-01 -9.950794E-01 -7.239000E-02  4.768018E+00  9.046123E-02 -2.769322E+00
        89   4 -6.965025E-02 -9.112050E-01  1.148443E-02  4.688656E+00  8.663014E-02 -2.908998E+00
        89   5  2.044517E-01  8.529665E-01  1.148443E-02 -4.739410E+00  1.888739E-01  2.317329E+00
        89   6  8.744688E-03  7.690920E-01 -7.239000E-02 -4.660048E+00 -1.178252E-02  2.457006E+00
        89   7  2.653573E-01  9.950794E-01  7.239000E-02 -4.768018E+00  9.046123E-02 -2.769322E+00
        89   8  6.965025E-02  9.112050E-01 -1.148443E-02 -4.688656E+00  8.663014E-02 -2.908998E+00
        90   1 -2.213577E-02 -6.986726E-01  2.825132E-02  4.694375E+00 -1.063033E-01  2.941855E+00
        90   2 -2.960883E-01 -8.160808E-01 -8.915689E-02  4.773737E+00 -7.078808E-02  2.802178E+00
        90   3  3.876980E-02 -5.565596E-01  8.915689E-02  4.654329E+00  3.145567E-02 -2.424150E+00
        90   4 -2.351827E-01 -6.739678E-01 -2.825132E-02  4.733691E+00 -2.085470E-01 -2.284473E+00
        90   5  2.213577E-02  6.986726E-01 -2.825132E-02 -4.694375E+00 -1.063033E-01  2.941855E+00
        90   6  2.960883E-01  8.160808E-01  8.915689E-02 -4.773737E+00 -7.078808E-02  2.802178E+00
        90   7 -3.876980E-02  5.565596E-01 -8.915689E-02 -4.654329E+00  3.145567E-02 -2.424150E+00
        90   8  2.351827E-01  6.739678E-01  2.825132E-02 -4.733691E+00 -2.085470E-01 -2.284473E+00
        91   1  1.055904E+00  3.199891E+00  5.800681E-01  4.048038E+00 -1.203207E-01  2.663616E+00
        91   2  1.132852E+00  3.232869E+00  6.130456E-01  3.071854E+00 -5.677063E-02  4.381700E+00
        91   3 -1.372094E-01  4.159592E-01 -6.130456E-01  4.065952E+00 -1.590144E-01 -2.145912E+00
        91   4 -6.026179E-02  4.489368E-01 -5.800681E-01  3.089768E+00 -1.807699E-02 -3.863996E+00
        91   5 -1.055904E+00 -3.199891E+00 -5.800681E-01 -4.048038E+00 -1.203207E-01  2.663616E+00
        91   6 -1.132852E+00 -3.232869E+00 -6.130456E-01 -3.071854E+00 -5.677063E-02  4.381700E+00
        91   7  1.372094E-01 -4.159592E-01  6.130456E-01 -4.065952E+00 -1.590144E-01 -2.145912E+00
        91   8  6.026179E-02 -4.489368E-01  5.800681E-01 -3.089768E+00 -1.807699E-02 -3.863996E+00
        92   1 -7.025173E-01 -2.341724E+00  1.873390E-12  1.010475E+00  1.050842E-13 -1.086276E-01
        92   2 -7.025173E-01 -2.341724E+00 -4.800826E-12  1.010475E+00 -5.254211E-14 -1.086276E-01
        92   3 -7.025173E-01 -2.341724E+00  4.712675E-12  1.010475E+00  1.050842E-13 -3.665498E+00
        92   4 -7.025173E-01 -2.341724E+00 -1.340039E-12  1.010475E+00 -1.751404E-14 -3.665498E+00
        92   5  7.025173E-01  2.341724E+00  1.915801E-12 -1.010475E+00  1.576263E-13 -1.086276E-01
        92   6  7.025173E-01  2.341724E+00 -4.820588E-12 -1.010475E+00 -8.757018E-14 -1.086276E-01
        92   7  7.025173E-01  2.341724E+00  4.724443E-12 -1.010475E+00  1.050842E-13 -3.665498E+00
        92   8  7.025173E-01  2.341724E+00 -1.417755E-12 -1.010475E+00 -3.502807E-14 -3.665498E+00
        93   1  2.335778E-01  7.785925E-01  3.748318E-11  3.599894E+00  7.005614E-13  9.855775E+00
        93   2  2.335778E-01  7.785925E-01  2.411649E-11  3.599894E+00  4.203368E-13  9.855775E+00
        93   3  2.335778E-01  7.785925E-01  4.667988E-12  3.599894E+00  5.254211E-13 -2.815851E+00
        93   4  2.335778E-01  7.785925E-01 -8.088030E-12  3.599894E+00  4.903930E-13 -2.815851E+00
        93   5 -2.335778E-01 -7.785925E-01  3.718248E-11 -3.599894E+00  4.203368E-13  9.855775E+00
        93   6 -2.335778E-01 -7.785925E-01  2.476708E-11 -3.599894E+00  4.553649E-13  9.855775E+00
        93   7 -2.335778E-01 -7.785925E-01  3.876732E-12 -3.599894E+00  2.802246E-13 -2.815851E+00
        93   8 -2.335778E-01 -7.785925E-01 -8.419099E-12 -3.599894E+00  3.853088E-13 -2.815851E+00
        94   1  4.500663E+00  1.636031E+01  6.612825E-01 -6.900868E-01 -5.717263E-01 -2.340725E+00
        94   2  2.272622E+00  1.540543E+01 -2.935921E-01 -9.909243E-01  5.171508E-01 -1.811251E+00
        94   3  4.132973E+00  1.550237E+01  2.935921E-01 -1.208784E+00  5.486599E-01  2.004096E-01
        94   4  1.904932E+00  1.454749E+01 -6.612825E-01 -1.509622E+00 -6.032355E-01 -3.290644E-01
        94   5 -4.500663E+00 -1.636031E+01 -6.612825E-01  6.900868E-01 -5.717263E-01 -2.340725E+00
        94   6 -2.272622E+00 -1.540543E+01  2.935921E-01  9.909243E-01  5.171508E-01 -1.811251E+00
        94   7 -4.132973E+00 -1.550237E+01 -2.935921E-01  1.208784E+00  5.486599E-01  2.004096E-01
        94   8 -1.904932E+00 -1.454749E+01  6.612825E-01  1.509622E+00 -6.032355E-01 -3.290644E-01
        95   1 -1.037292E+00  4.578609E+00 -4.827996E-01 -1.626461E+00  5.124310E-01 -1.853952E+00
        95   2  1.171977E+00  5.525439E+00  4.640299E-01 -1.602003E+00 -5.670065E-01 -1.896998E+00
        95   3 -1.018522E+00  4.622405E+00 -4.640299E-01 -1.303511E+00 -5.985156E-01 -2.863630E-01
        95   4  1.190747E+00  5.569235E+00  4.827996E-01 -1.279054E+00  5.439401E-01 -2.433178E-01
        95   5  1.037292E+00 -4.578609E+00  4.827996E-01  1.626461E+00  5.124310E-01 -1.853952E+00
        95   6 -1.171977E+00 -5.525439E+00 -4.640299E-01  1.602003E+00 -5.670065E-01 -1.896998E+00
        95   7  1.018522E+00 -4.622405E+00  4.640299E-01  1.303511E+00 -5.985156E-01 -2.863630E-01
        95   8 -1.190747E+00 -5.569235E+00 -4.827996E-01  1.279054E+00  5.439401E-01 -2.433178E-01
        96   1 -1.203282E+00 -5.139263E+00 -3.620042E-01 -1.567204E+00  4.472963E-01 -1.412149E+00
        96   2  5.298665E-01 -4.396485E+00  3.807739E-01 -1.591661E+00 -3.927208E-01 -1.369104E+00
        96   3 -1.222052E+00 -5.183059E+00 -3.807739E-01 -1.313853E+00 -4.242299E-01  2.415307E-01
        96   4  5.110968E-01 -4.440281E+00  3.620042E-01 -1.338310E+00  4.788055E-01  1.984855E-01
        96   5  1.203282E+00  5.139263E+00  3.620042E-01  1.567204E+00  4.472963E-01 -1.412149E+00
        96   6 -5.298665E-01  4.396485E+00 -3.807739E-01  1.591661E+00 -3.927208E-01 -1.369104E+00
        96   7  1.222052E+00  5.183059E+00  3.807739E-01  1.313853E+00 -4.242299E-01  2.415307E-01
        96   8 -5.110968E-01  4.440281E+00 -3.620042E-01  1.338310E+00  4.788055E-01  1.984855E-01
        97   1 -1.363832E+00 -1.052858E+01  1.835213E-01 -1.050716E+00 -3.880009E-01 -1.326402E+00
        97   2 -3.078209E+00 -1.126331E+01 -5.512116E-01 -7.498783E-01  4.425765E-01 -1.855877E+00
        97   3 -9.961419E-01 -9.670631E+00  5.512116E-01 -1.449830E+00  4.740856E-01  1.557840E-01
        97   4 -2.710519E+00 -1.040536E+01 -1.835213E-01 -1.148992E+00 -4.195101E-01  6.852581E-01
        97   5  1.363832E+00  1.052858E+01 -1.835213E-01  1.050716E+00 -3.880009E-01 -1.326402E+00
        97   6  3.078209E+00  1.126331E+01  5.512116E-01  7.498783E-01  4.425765E-01 -1.855877E+00
        97   7  9.961419E-01  9.670631E+00 -5.512116E-01  1.449830E+00  4.740856E-01  1.557840E-01
        97   8  2.710519E+00  1.040536E+01  1.835213E-01  1.148992E+00 -4.195101E-01  6.852581E-01
        98   1 -1.851448E+00 -6.171492E+00 -3.299583E-12 -6.205312E-01  2.101684E-13 -1.384769E+00
        98   2 -1.851448E+00 -6.171492E+00 -1.222311E-11 -6.205312E-01  2.802246E-13 -1.384769E+00
        98   3 -1.851448E+00 -6.171492E+00 -2.315481E-12 -6.205312E-01  3.152526E-13  7.995007E-01
        98   4 -1.851448E+00 -6.171492E+00 -1.343148E-11 -6.205312E-01  2.802246E-13  7.995007E-01
        98   5  1.851448E+00  6.171492E+00 -9.894308E-13  6.205312E-01  2.101684E-13 -1.384769E+00
        98   6  1.851448E+00  6.171492E+00 -9.493739E-12  6.205312E-01  4.203368E-13 -1.384769E+00
        98   7  1.851448E+00  6.171492E+00  1.421085E-14  6.205312E-01  2.451965E-13  7.995007E-01
        98   8  1.851448E+00  6.171492E+00 -1.089440E-11  6.205312E-01  3.502807E-13  7.995007E-01
        99   1  0.000000E+00  0.000000E+00  0.000000E+00  0.000000E+00  0.000000E+00  0.000000E+00
        99   2  0.000000E+00  0.000000E+00  0.000000E+00  0.000000E+00  0.000000E+00  0.000000E+00
        99   3  0.000000E+00  0.000000E+00  0.000000E+00  0.000000E+00  0.000000E+00  0.000000E+00
        99   4  0.000000E+00  0.000000E+00  0.000000E+00  0.000000E+00  0.000000E+00  0.000000E+00
        99   5  0.000000E+00  0.000000E+00  0.000000E+00  0.000000E+00  0.000000E+00  0.000000E+00
        99   6  0.000000E+00  0.000000E+00  0.000000E+00  0.000000E+00  0.000000E+00  0.000000E+00
        99   7  0.000000E+00  0.000000E+00  0.000000E+00  0.000000E+00  0.000000E+00  0.000000E+00
        99   8  0.000000E+00  0.000000E+00  0.000000E+00  0.000000E+00  0.000000E+00  0.000000E+00
       100   1  2.025271E+00  6.750903E+00 -3.045519E-11 -1.648336E+00  3.327667E-13 -6.101947E+00
       100   2  2.025271E+00  6.750903E+00 -2.520473E-11 -1.648336E+00 -1.050842E-13 -6.101947E+00
       100   3  2.025271E+00  6.750903E+00 -5.999645E-12 -1.648336E+00  1.576263E-13 -2.998052E-01
       100   4  2.025271E+00  6.750903E+00 -6.763035E-12 -1.648336E+00 -7.005614E-14 -2.998052E-01
       100   5 -2.025271E+00 -6.750903E+00 -2.913048E-11  1.648336E+00 -8.757018E-14 -6.101947E+00
       100   6 -2.025271E+00 -6.750903E+00 -2.353984E-11  1.648336E+00 -2.101684E-13 -6.101947E+00
       100   7 -2.025271E+00 -6.750903E+00 -5.658141E-12  1.648336E+00 -5.429351E-13 -2.998052E-01
       100   8 -2.025271E+00 -6.750903E+00 -4.975131E-12  1.648336E+00 -1.576263E-13 -2.998052E-01
       101   1 -1.025078E+00 -4.243431E+00 -3.060504E-01  5.225130E-02  3.165821E-01  2.367578E-02
       101   2  2.245042E-01 -3.707896E+00  2.294846E-01  1.148961E-01 -3.052176E-01 -8.657901E-02
       101   3 -9.485117E-01 -4.064778E+00 -2.294846E-01  3.431592E-01 -3.117789E-01 -5.054762E-01
       101   4  3.010700E-01 -3.529243E+00  3.060504E-01  4.058040E-01  3.231434E-01 -3.952215E-01
       101   5  1.025078E+00  4.243431E+00  3.060504E-01 -5.225130E-02  3.165821E-01  2.367578E-02
       101   6 -2.245042E-01  3.707896E+00 -2.294846E-01 -1.148961E-01 -3.052176E-01 -8.657901E-02
       101   7  9.485117E-01  4.064778E+00  2.294846E-01 -3.431592E-01 -3.117789E-01 -5.054762E-01
       101   8 -3.010700E-01  3.529243E+00 -3.060504E-01 -4.058040E-01  3.231434E-01 -3.952215E-01
       102   1 -2.267100E-01 -6.263871E+00 -4.353113E-02  2.895463E-01  6.233241E-02 -7.768709E-02
       102   2 -1.444489E-02 -6.172900E+00  4.743963E-02  2.844534E-01 -5.096791E-02 -6.872360E-02
       102   3 -2.306185E-01 -6.272990E+00 -4.743963E-02  3.205750E-01 -4.440661E-02 -4.041134E-01
       102   4 -1.835339E-02 -6.182020E+00  4.353113E-02  3.154822E-01  5.577111E-02 -4.130769E-01
       102   5  2.267100E-01  6.263871E+00  4.353113E-02 -2.895463E-01  6.233241E-02 -7.768709E-02
       102   6  1.444489E-02  6.172900E+00 -4.743963E-02 -2.844534E-01 -5.096791E-02 -6.872360E-02
       102   7  2.306185E-01  6.272990E+00  4.743963E-02 -3.205750E-01 -4.440661E-02 -4.041134E-01
       102   8  1.835339E-02  6.182020E+00 -4.353113E-02 -3.154822E-01  5.577111E-02 -4.130769E-01
       103   1 -1.394555E-02 -6.162303E+00  4.508657E-02  3.160127E-01 -5.759616E-02  4.161249E-01
       103   2 -2.334694E-01 -6.256385E+00 -4.899507E-02  3.211056E-01  4.623165E-02  4.071614E-01
       103   3 -1.003705E-02 -6.153184E+00  4.899507E-02  2.839228E-01  5.279295E-02  7.177162E-02
       103   4 -2.295609E-01 -6.247265E+00 -4.508656E-02  2.890157E-01 -6.415746E-02  8.073511E-02
       103   5  1.394555E-02  6.162303E+00 -4.508656E-02 -3.160127E-01 -5.759616E-02  4.161249E-01
       103   6  2.334694E-01  6.256385E+00  4.899507E-02 -3.211056E-01  4.623165E-02  4.071614E-01
       103   7  1.003705E-02  6.153184E+00 -4.899507E-02 -2.839228E-01  5.279295E-02  7.177162E-02
       103   8  2.295609E-01  6.247265E+00  4.508656E-02 -2.890157E-01 -6.415746E-02  8.073511E-02
       104   1  3.070884E-01 -3.483073E+00  3.044950E-01  4.049591E-01 -3.213184E-01  3.982695E-01
       104   2 -9.352346E-01 -4.015497E+00 -2.279292E-01  3.423143E-01  3.099539E-01  5.085243E-01
       104   3  2.305226E-01 -3.661727E+00  2.279292E-01  1.157410E-01  3.033926E-01  8.962703E-02
       104   4 -1.011800E+00 -4.194151E+00 -3.044950E-01  5.309623E-02 -3.147571E-01 -2.062777E-02
       104   5 -3.070884E-01  3.483073E+00 -3.044950E-01 -4.049591E-01 -3.213184E-01  3.982695E-01
       104   6  9.352346E-01  4.015497E+00  2.279292E-01 -3.423143E-01  3.099539E-01  5.085243E-01
       104   7 -2.305226E-01  3.661727E+00 -2.279292E-01 -1.157410E-01  3.033926E-01  8.962703E-02
       104   8  1.011800E+00  4.194151E+00  3.044950E-01 -5.309623E-02 -3.147571E-01 -2.062777E-02
       105   1 -4.859889E-01 -1.619963E+00  1.673217E-12 -5.285300E-02  1.751404E-14  5.626352E-01
       105   2 -4.859889E-01 -1.619963E+00 -7.192025E-13 -5.285300E-02 -2.977386E-13  5.626352E-01
       105   3 -4.859889E-01 -1.619963E+00  1.698197E-12 -5.285300E-02 -8.757018E-14  7.486777E-01
       105   4 -4.859889E-01 -1.619963E+00 -3.381739E-13 -5.285300E-02 -2.802246E-13  7.486777E-01
       105   5  4.859889E-01  1.619963E+00  1.376677E-12  5.285300E-02  1.050842E-13  5.626352E-01
       105   6  4.859889E-01  1.619963E+00  2.954303E-13  5.285300E-02 -7.005614E-14  5.626352E-01
       105   7  4.859889E-01  1.619963E+00 -5.728751E-13  5.285300E-02  7.005614E-14  7.486777E-01
       105   8  4.859889E-01  1.619963E+00 -1.767475E-13  5.285300E-02  5.254211E-14  7.486777E-01
       106   1  0.000000E+00  0.000000E+00  0.000000E+00  0.000000E+00  0.000000E+00  0.000000E+00
       106   2  0.000000E+00  0.000000E+00  0.000000E+00  0.000000E+00  0.000000E+00  0.000000E+00
       106   3  0.000000E+00  0.000000E+00  0.000000E+00  0.000000E+00  0.000000E+00  0.000000E+00
       106   4  0.000000E+00  0.000000E+00  0.000000E+00  0.000000E+00  0.000000E+00  0.000000E+00
       106   5  0.000000E+00  0.000000E+00  0.000000E+00  0.000000E+00  0.000000E+00  0.000000E+00
       106   6  0.000000E+00  0.000000E+00  0.000000E+00  0.000000E+00  0.000000E+00  0.000000E+00
       106   7  0.000000E+00  0.000000E+00  0.000000E+00  0.000000E+00  0.000000E+00  0.000000E+00
       106   8  0.000000E+00  0.000000E+00  0.000000E+00  0.000000E+00  0.000000E+00  0.000000E+00
       107   1  4.950483E-01  1.650161E+00  1.695488E-11  8.301003E-01  8.406737E-13  2.311641E+00
       107   2  4.950483E-01  1.650161E+00  1.715239E-11  8.301003E-01  9.457579E-13  2.311641E+00
       107   3  4.950483E-01  1.650161E+00  1.398437E-12  8.301003E-01  4.290939E-13 -6.103122E-01
       107   4  4.950483E-01  1.650161E+00  4.781398E-12  8.301003E-01  7.706175E-13 -6.103122E-01
       107   5 -4.950483E-01 -1.650161E+00  1.669009E-11 -8.301003E-01  4.290939E-13  2.311641E+00
       107   6 -4.950483E-01 -1.650161E+00  1.920653E-11 -8.301003E-01  2.802246E-13  2.311641E+00
       107   7 -4.950483E-01 -1.650161E+00  1.622813E-12 -8.301003E-01  2.627105E-14 -6.103122E-01
       107   8 -4.950483E-01 -1.650161E+00  6.470158E-12 -8.301003E-01  6.129912E-14 -6.103122E-01
       108   1  3.021517E-01  5.812803E-01  6.776473E-03 -6.005576E-01  1.096248E-01 -1.149877E+00
       108   2  7.645738E-01  7.794612E-01  2.049574E-01 -7.737944E-01 -1.410520E-01 -8.449801E-01
       108   3  9.041788E-02  8.723469E-02 -2.049574E-01 -4.929038E-01 -1.229075E-01  3.134312E-01
       108   4  5.528400E-01  2.854156E-01 -6.776473E-03 -6.661406E-01  9.148026E-02  8.534429E-03
       108   5 -3.021517E-01 -5.812803E-01 -6.776473E-03  6.005576E-01  1.096248E-01 -1.149877E+00
       108   6 -7.645738E-01 -7.794612E-01 -2.049574E-01  7.737944E-01 -1.410520E-01 -8.449801E-01
       108   7 -9.041788E-02 -8.723469E-02  2.049574E-01  4.929038E-01 -1.229075E-01  3.134312E-01
       108   8 -5.528400E-01 -2.854156E-01  6.776473E-03  6.661406E-01  9.148026E-02  8.534429E-03
       109   1 -4.056572E-01 -3.772936E+00 -1.425326E-01 -8.903820E-01  1.361114E-01 -8.695697E-01
       109   2  2.342752E-01 -3.498680E+00  1.317241E-01 -8.762982E-01 -1.675386E-01 -8.943572E-01
       109   3 -3.948487E-01 -3.747716E+00 -1.317241E-01 -7.968371E-01 -1.856831E-01  3.312399E-02
       109   4  2.450837E-01 -3.473460E+00  1.425326E-01 -7.827533E-01  1.542559E-01  5.791149E-02
       109   5  4.056572E-01  3.772936E+00  1.425326E-01  8.903820E-01  1.361114E-01 -8.695697E-01
       109   6 -2.342752E-01  3.498680E+00 -1.317241E-01  8.762982E-01 -1.675386E-01 -8.943572E-01
       109   7  3.948487E-01  3.747716E+00  1.317241E-01  7.968371E-01 -1.856831E-01  3.312399E-02
       109   8 -2.450837E-01  3.473460E+00 -1.425326E-01  7.827533E-01  1.542559E-01  5.791149E-02
       110   1 -2.633734E-01 -5.747789E+00 -3.689145E-02 -8.439522E-01  5.626831E-02 -4.095087E-01
       110   2 -6.599340E-02 -5.663198E+00  4.769995E-02 -8.580360E-01 -2.484110E-02 -3.847212E-01
       110   3 -2.741819E-01 -5.773009E+00 -4.769995E-02 -8.150993E-01 -4.298561E-02  5.427600E-01
       110   4 -7.680190E-02 -5.688418E+00  3.689145E-02 -8.291831E-01  7.441282E-02  5.179725E-01
       110   5  2.633734E-01  5.747789E+00  3.689145E-02  8.439522E-01  5.626831E-02 -4.095087E-01
       110   6  6.599340E-02  5.663198E+00 -4.769995E-02  8.580360E-01 -2.484110E-02 -3.847212E-01
       110   7  2.741819E-01  5.773009E+00  4.769995E-02  8.150993E-01 -4.298561E-02  5.427600E-01
       110   8  7.680190E-02  5.688418E+00 -3.689145E-02  8.291831E-01  7.441282E-02  5.179725E-01
       111   1 -1.413982E-01 -5.040377E+00  1.726476E-01 -5.686757E-01 -3.020045E-01 -3.601316E-01
       111   2 -1.441133E+00 -5.597406E+00 -3.843814E-01 -3.954389E-01  3.334317E-01 -6.650283E-01
       111   3  7.033565E-02 -4.546332E+00  3.843814E-01 -8.712594E-01  3.515762E-01  4.933829E-01
       111   4 -1.229399E+00 -5.103361E+00 -1.726476E-01 -6.980226E-01 -3.201490E-01  7.982796E-01
       111   5  1.413982E-01  5.040377E+00 -1.726476E-01  5.686757E-01 -3.020045E-01 -3.601316E-01
       111   6  1.441133E+00  5.597406E+00  3.843814E-01  3.954389E-01  3.334317E-01 -6.650283E-01
       111   7 -7.033565E-02  4.546332E+00 -3.843814E-01  8.712594E-01  3.515762E-01  4.933829E-01
       111   8  1.229399E+00  5.103361E+00  1.726476E-01  6.980226E-01 -3.201490E-01  7.982796E-01
       112   1 -2.790516E-01 -9.301719E-01  1.100564E-12 -1.153457E-01 -4.422294E-13  1.899085E-01
       112   2 -2.790516E-01 -9.301719E-01  1.073031E-13 -1.153457E-01  4.641219E-13  1.899085E-01
       112   3 -2.790516E-01 -9.301719E-01 -5.317635E-12 -1.153457E-01  1.663833E-13  5.959253E-01
       112   4 -2.790516E-01 -9.301719E-01 -3.736789E-12 -1.153457E-01  2.189254E-13  5.959253E-01
       112   5  2.790516E-01  9.301719E-01 -1.004086E-12  1.153457E-01 -2.495750E-13  1.899085E-01
       112   6  2.790516E-01  9.301719E-01  2.534084E-12  1.153457E-01  3.415237E-13  1.899085E-01
       112   7  2.790516E-01  9.301719E-01 -1.050438E-12  1.153457E-01 -6.567763E-14  5.959253E-01
       112   8  2.790516E-01  9.301719E-01 -1.433909E-12  1.153457E-01  4.115798E-13  5.959253E-01
       113   1  0.000000E+00  0.000000E+00  0.000000E+00  0.000000E+00  0.000000E+00  0.000000E+00
       113   2  0.000000E+00  0.000000E+00  0.000000E+00  0.000000E+00  0.000000E+00  0.000000E+00
       113   3  0.000000E+00  0.000000E+00  0.000000E+00  0.000000E+00  0.000000E+00  0.000000E+00
       113   4  0.000000E+00  0.000000E+00  0.000000E+00  0.000000E+00  0.000000E+00  0.000000E+00
       113   5  0.000000E+00  0.000000E+00  0.000000E+00  0.000000E+00  0.000000E+00  0.000000E+00
       113   6  0.000000E+00  0.000000E+00  0.000000E+00  0.000000E+00  0.000000E+00  0.000000E+00
       113   7  0.000000E+00  0.000000E+00  0.000000E+00  0.000000E+00  0.000000E+00  0.000000E+00
       113   8  0.000000E+00  0.000000E+00  0.000000E+00  0.000000E+00  0.000000E+00  0.000000E+00
       114   1  7.260188E-01  2.420063E+00 -9.551693E-12 -5.082677E-01  1.050842E-13 -2.416429E+00
       114   2  7.260188E-01  2.420063E+00 -1.019296E-11 -5.082677E-01  3.677947E-13 -2.416429E+00
       114   3  7.260188E-01  2.420063E+00 -1.433964E-12 -5.082677E-01 -7.005614E-14 -6.273268E-01
       114   4  7.260188E-01  2.420063E+00 -3.570477E-13 -5.082677E-01  1.225982E-13 -6.273268E-01
       114   5 -7.260188E-01 -2.420063E+00 -7.607692E-12  5.082677E-01  2.101684E-13 -2.416429E+00
       114   6 -7.260188E-01 -2.420063E+00 -1.288591E-11  5.082677E-01 -2.451965E-13 -2.416429E+00
       114   7 -7.260188E-01 -2.420063E+00  1.491918E-12  5.082677E-01 -1.751404E-13 -6.273268E-01
       114   8 -7.260188E-01 -2.420063E+00  3.567591E-12  5.082677E-01 -4.728789E-13 -6.273268E-01
       115   1 -1.197201E+00 -4.908043E+00 -2.929726E-01 -1.202545E-01  3.361869E-01 -1.299545E-01
       115   2  1.382053E-01 -4.335726E+00  2.793446E-01 -1.091043E-01 -3.341641E-01 -1.495788E-01
       115   3 -1.183573E+00 -4.876244E+00 -2.793446E-01  1.906338E-01 -3.353319E-01 -2.241386E-01
       115   4  1.518333E-01 -4.303927E+00  2.929726E-01  2.017840E-01  3.373547E-01 -2.045143E-01
       115   5  1.197201E+00  4.908043E+00  2.929726E-01  1.202545E-01  3.361869E-01 -1.299545E-01
       115   6 -1.382053E-01  4.335726E+00 -2.793446E-01  1.091043E-01 -3.341641E-01 -1.495788E-01
       115   7  1.183573E+00  4.876244E+00  2.793446E-01 -1.906338E-01 -3.353319E-01 -2.241386E-01
       115   8 -1.518333E-01  4.303927E+00 -2.929726E-01 -2.017840E-01  3.373547E-01 -2.045143E-01
       116   1 -1.696341E-01 -6.335543E+00 -1.276163E-02  4.982650E-02  1.697708E-02 -1.479961E-01
       116   2 -1.084566E-01 -6.309324E+00  1.345730E-02  4.892001E-02 -1.495431E-02 -1.464007E-01
       116   3 -1.703298E-01 -6.337166E+00 -1.345730E-02  5.876939E-02 -1.378646E-02 -2.060969E-01
       116   4 -1.091523E-01 -6.310947E+00  1.276163E-02  5.786290E-02  1.580923E-02 -2.076924E-01
       116   5  1.696341E-01  6.335543E+00  1.276163E-02 -4.982650E-02  1.697708E-02 -1.479961E-01
       116   6  1.084566E-01  6.309324E+00 -1.345730E-02 -4.892001E-02 -1.495431E-02 -1.464007E-01
       116   7  1.703298E-01  6.337166E+00  1.345730E-02 -5.876939E-02 -1.378646E-02 -2.060969E-01
       116   8  1.091523E-01  6.310947E+00 -1.276163E-02 -5.786290E-02  1.580923E-02 -2.076924E-01
       117   1  7.993770E-02 -5.465147E+00  7.948761E-02  8.062215E-02 -9.410105E-02  3.384478E-01
       117   2 -2.926277E-01 -5.624818E+00 -8.018329E-02  8.152864E-02  9.207828E-02  3.368524E-01
       117   3  8.063338E-02 -5.463524E+00  8.018329E-02  2.616076E-02  9.324613E-02  2.771561E-01
       117   4 -2.919320E-01 -5.623195E+00 -7.948761E-02  2.706725E-02 -9.526891E-02  2.787515E-01
       117   5 -7.993770E-02  5.465147E+00 -7.948761E-02 -8.062215E-02 -9.410105E-02  3.384478E-01
       117   6  2.926277E-01  5.624818E+00  8.018329E-02 -8.152864E-02  9.207828E-02  3.368524E-01
       117   7 -8.063338E-02  5.463524E+00 -8.018329E-02 -2.616076E-02  9.324613E-02  2.771561E-01
       117   8  2.919320E-01  5.623195E+00  7.948761E-02 -2.706725E-02 -9.526891E-02  2.787515E-01
       118   1  4.100134E-01 -2.323319E+00  2.262466E-01  1.655378E-01 -2.590629E-01  3.352697E-01
       118   2 -6.140054E-01 -2.762184E+00 -2.126186E-01  1.543876E-01  2.570401E-01  3.548940E-01
       118   3  3.963854E-01 -2.355117E+00  2.126186E-01 -7.285808E-02  2.558723E-01  2.803342E-01
       118   4 -6.276334E-01 -2.793983E+00 -2.262466E-01 -8.400826E-02 -2.578950E-01  2.607099E-01
       118   5 -4.100134E-01  2.323319E+00 -2.262466E-01 -1.655378E-01 -2.590629E-01  3.352697E-01
       118   6  6.140054E-01  2.762184E+00  2.126186E-01 -1.543876E-01  2.570401E-01  3.548940E-01
       118   7 -3.963854E-01  2.355117E+00 -2.126186E-01  7.285808E-02  2.558723E-01  2.803342E-01
       118   8  6.276334E-01  2.793983E+00  2.262466E-01  8.400826E-02 -2.578950E-01  2.607099E-01
       119   1  3.340025E-01  1.113342E+00 -1.648348E-12 -1.364054E-01  6.129912E-13  5.702748E-01
       119   2  3.340025E-01  1.113342E+00  1.922573E-12 -1.364054E-01  4.903930E-13  5.702748E-01
       119   3  3.340025E-01  1.113342E+00 -6.586509E-12 -1.364054E-01  1.576263E-13  1.050422E+00
       119   4  3.340025E-01  1.113342E+00  6.310508E-12 -1.364054E-01  6.480193E-13  1.050422E+00
       119   5 -3.340025E-01 -1.113342E+00  3.286260E-13  1.364054E-01  8.056456E-13  5.702748E-01
       119   6 -3.340025E-01 -1.113342E+00  2.085443E-12  1.364054E-01  7.355895E-13  5.702748E-01
       119   7 -3.340025E-01 -1.113342E+00 -3.138489E-12  1.364054E-01 -8.757018E-14  1.050422E+00
       119   8 -3.340025E-01 -1.113342E+00 -5.248024E-13  1.364054E-01 -3.502807E-14  1.050422E+00
       120   1  0.000000E+00  0.000000E+00  0.000000E+00  0.000000E+00  0.000000E+00  0.000000E+00
       120   2  0.000000E+00  0.000000E+00  0.000000E+00  0.000000E+00  0.000000E+00  0.000000E+00
       120   3  0.000000E+00  0.000000E+00  0.000000E+00  0.000000E+00  0.000000E+00  0.000000E+00
       120   4  0.000000E+00  0.000000E+00  0.000000E+00  0.000000E+00  0.000000E+00  0.000000E+00
       120   5  0.000000E+00  0.000000E+00  0.000000E+00  0.000000E+00  0.000000E+00  0.000000E+00
       120   6  0.000000E+00  0.000000E+00  0.000000E+00  0.000000E+00  0.000000E+00  0.000000E+00
       120   7  0.000000E+00  0.000000E+00  0.000000E+00  0.000000E+00  0.000000E+00  0.000000E+00
       120   8  0.000000E+00  0.000000E+00  0.000000E+00  0.000000E+00  0.000000E+00  0.000000E+00
       121   1 -9.038752E-02 -3.012917E-01  5.335066E-12 -2.306314E-01 -2.451965E-13 -2.215880E-01
       121   2 -9.038752E-02 -3.012917E-01  7.178425E-12 -2.306314E-01  3.502807E-14 -2.215880E-01
       121   3 -9.038752E-02 -3.012917E-01 -3.471667E-13 -2.306314E-01 -1.751404E-13  5.902346E-01
       121   4 -9.038752E-02 -3.012917E-01 -2.797484E-13 -2.306314E-01  3.502807E-14  5.902346E-01
       121   5  9.038752E-02  3.012917E-01  7.341044E-12  2.306314E-01  2.451965E-13 -2.215880E-01
       121   6  9.038752E-02  3.012917E-01  7.259471E-12  2.306314E-01  7.005614E-14 -2.215880E-01
       121   7  9.038752E-02  3.012917E-01  6.799283E-13  2.306314E-01  3.152526E-13  5.902346E-01
       121   8  9.038752E-02  3.012917E-01  1.522643E-12  2.306314E-01 -1.751404E-13  5.902346E-01
       122   1 -1.699773E-01 -9.970813E-01 -8.528099E-02 -2.555723E-01  1.407793E-01 -5.027657E-01
       122   2  3.990878E-01 -7.531962E-01  1.586041E-01 -3.155639E-01 -1.516625E-01 -3.971805E-01
       122   3 -2.433003E-01 -1.168168E+00 -1.586041E-01 -1.230915E-01 -1.453791E-01  3.975286E-03
       122   4  3.257648E-01 -9.242834E-01  8.528099E-02 -1.830831E-01  1.344959E-01 -1.016099E-01
       122   5  1.699773E-01  9.970813E-01  8.528099E-02  2.555723E-01  1.407793E-01 -5.027657E-01
       122   6 -3.990878E-01  7.531962E-01 -1.586041E-01  3.155639E-01 -1.516625E-01 -3.971805E-01
       122   7  2.433003E-01  1.168168E+00  1.586041E-01  1.230915E-01 -1.453791E-01  3.975286E-03
       122   8 -3.257648E-01  9.242834E-01 -8.528099E-02  1.830831E-01  1.344959E-01 -1.016099E-01
       123   1 -2.488606E-01 -3.435962E+00 -5.377888E-02 -3.098454E-01  5.232138E-02 -4.056959E-01
       123   2 -6.626063E-03 -3.332147E+00  5.003592E-02 -3.049682E-01 -6.320457E-02 -4.142797E-01
       123   3 -2.451176E-01 -3.427228E+00 -5.003592E-02 -2.744357E-01 -6.948798E-02 -9.309460E-02
       123   4 -2.883099E-03 -3.323413E+00  5.377888E-02 -2.695585E-01  5.860479E-02 -8.451073E-02
       123   5  2.488606E-01  3.435962E+00  5.377888E-02  3.098454E-01  5.232138E-02 -4.056959E-01
       123   6  6.626063E-03  3.332147E+00 -5.003592E-02  3.049682E-01 -6.320457E-02 -4.142797E-01
       123   7  2.451176E-01  3.427228E+00  5.003592E-02  2.744357E-01 -6.948798E-02 -9.309460E-02
       123   8  2.883099E-03  3.323413E+00 -5.377888E-02  2.695585E-01  5.860479E-02 -8.451073E-02
       124   1 -2.304507E-02 -3.413598E+00  4.666414E-02 -2.719852E-01 -5.025683E-02  7.056877E-02
       124   2 -2.320775E-01 -3.503183E+00 -4.292117E-02 -2.768624E-01  6.114001E-02  7.915263E-02
       124   3 -2.678803E-02 -3.422331E+00  4.292117E-02 -3.025414E-01  5.485660E-02  4.003378E-01
       124   4 -2.358204E-01 -3.511917E+00 -4.666414E-02 -3.074186E-01 -4.397341E-02  3.917539E-01
       124   5  2.304507E-02  3.413598E+00 -4.666414E-02  2.719852E-01 -5.025683E-02  7.056877E-02
       124   6  2.320775E-01  3.503183E+00  4.292117E-02  2.768624E-01  6.114001E-02  7.915263E-02
       124   7  2.678803E-02  3.422331E+00 -4.292117E-02  3.025414E-01  5.485660E-02  4.003378E-01
       124   8  2.358204E-01  3.511917E+00  4.666414E-02  3.074186E-01 -4.397341E-02  3.917539E-01
       125   1  2.982360E-01 -1.135468E+00  9.239573E-02 -1.792183E-01 -1.428439E-01  8.766796E-02
       125   2 -3.040313E-01 -1.393583E+00 -1.657188E-01 -1.192267E-01  1.537271E-01 -1.791725E-02
       125   3  3.715590E-01 -9.643812E-01  1.657188E-01 -3.194287E-01  1.600105E-01  3.832386E-01
       125   4 -2.307082E-01 -1.222496E+00 -9.239573E-02 -2.594371E-01 -1.491273E-01  4.888238E-01
       125   5 -2.982360E-01  1.135468E+00 -9.239573E-02  1.792183E-01 -1.428439E-01  8.766796E-02
       125   6  3.040313E-01  1.393583E+00  1.657188E-01  1.192267E-01  1.537271E-01 -1.791725E-02
       125   7 -3.715590E-01  9.643812E-01 -1.657188E-01  3.194287E-01  1.600105E-01  3.832386E-01
       125   8  2.307082E-01  1.222496E+00  9.239573E-02  2.594371E-01 -1.491273E-01  4.888238E-01
       126   1  1.137076E-01  3.790253E-01 -1.347616E-12  4.595177E-01 -7.005614E-14  1.047918E+00
       126   2  1.137076E-01  3.790253E-01  1.422945E-12  4.595177E-01 -1.050842E-13  1.047918E+00
       126   3  1.137076E-01  3.790253E-01 -3.117950E-12  4.595177E-01  1.050842E-13 -5.695846E-01
       126   4  1.137076E-01  3.790253E-01 -4.848899E-13  4.595177E-01  1.751404E-13 -5.695846E-01
       126   5 -1.137076E-01 -3.790253E-01 -3.817280E-12 -4.595177E-01  2.451965E-13  1.047918E+00
       126   6 -1.137076E-01 -3.790253E-01  1.068395E-12 -4.595177E-01  7.005614E-14  1.047918E+00
       126   7 -1.137076E-01 -3.790253E-01 -9.268697E-13 -4.595177E-01  2.451965E-13 -5.695846E-01
       126   8 -1.137076E-01 -3.790253E-01 -4.632406E-13 -4.595177E-01  1.751404E-13 -5.695846E-01
       127   1  0.000000E+00  0.000000E+00  0.000000E+00  0.000000E+00  0.000000E+00  0.000000E+00
       127   2  0.000000E+00  0.000000E+00  0.000000E+00  0.000000E+00  0.000000E+00  0.000000E+00
       127   3  0.000000E+00  0.000000E+00  0.000000E+00  0.000000E+00  0.000000E+00  0.000000E+00
       127   4  0.000000E+00  0.000000E+00  0.000000E+00  0.000000E+00  0.000000E+00  0.000000E+00
       127   5  0.000000E+00  0.000000E+00  0.000000E+00  0.000000E+00  0.000000E+00  0.000000E+00
       127   6  0.000000E+00  0.000000E+00  0.000000E+00  0.000000E+00  0.000000E+00  0.000000E+00
       127   7  0.000000E+00  0.000000E+00  0.000000E+00  0.000000E+00  0.000000E+00  0.000000E+00
       127   8  0.000000E+00  0.000000E+00  0.000000E+00  0.000000E+00  0.000000E+00  0.000000E+00
       128   1 -5.399672E-01 -1.799891E+00 -1.538880E-12 -2.460382E-01 -2.802246E-13  4.595554E-01
       128   2 -5.399672E-01 -1.799891E+00 -1.937783E-12 -2.460382E-01 -7.005614E-14  4.595554E-01
       128   3 -5.399672E-01 -1.799891E+00 -5.190293E-13 -2.460382E-01 -1.751404E-13  1.325610E+00
       128   4 -5.399672E-01 -1.799891E+00  8.599788E-13 -2.460382E-01 -1.401123E-13  1.325610E+00
       128   5  5.399672E-01  1.799891E+00 -1.670997E-12  2.460382E-01 -3.152526E-13  4.595554E-01
       128   6  5.399672E-01  1.799891E+00 -2.028266E-12  2.460382E-01 -1.050842E-13  4.595554E-01
       128   7  5.399672E-01  1.799891E+00 -5.897505E-13  2.460382E-01 -1.751404E-13  1.325610E+00
       128   8  5.399672E-01  1.799891E+00  8.508749E-13  2.460382E-01 -1.751404E-13  1.325610E+00
       129   1  6.478638E-02  7.664731E-02 -5.386508E-02  1.750647E-02  5.410163E-02 -1.205667E-01
       129   2  2.779189E-01  1.679898E-01  3.747743E-02  3.091455E-02 -5.166925E-02 -1.441650E-01
       129   3  8.117403E-02  1.148852E-01 -3.747743E-02  6.712462E-02 -5.307358E-02 -2.338230E-01
       129   4  2.943066E-01  2.062277E-01  5.386508E-02  8.053270E-02  5.550597E-02 -2.102248E-01
       129   5 -6.478638E-02 -7.664731E-02  5.386508E-02 -1.750647E-02  5.410163E-02 -1.205667E-01
       129   6 -2.779189E-01 -1.679898E-01 -3.747743E-02 -3.091455E-02 -5.166925E-02 -1.441650E-01
       129   7 -8.117403E-02 -1.148852E-01  3.747743E-02 -6.712462E-02 -5.307358E-02 -2.338230E-01
       129   8 -2.943066E-01 -2.062277E-01 -5.386508E-02 -8.053270E-02  5.550597E-02 -2.102248E-01
       130   1 -1.873384E-01 -1.593017E+00 -1.631288E-02  5.958645E-02  2.154958E-02 -1.422618E-01
       130   2 -1.092597E-01 -1.559554E+00  1.714943E-02  5.849640E-02 -1.911719E-02 -1.403433E-01
       130   3 -1.881750E-01 -1.594969E+00 -1.714943E-02  7.099994E-02 -1.771286E-02 -2.121279E-01
       130   4 -1.100963E-01 -1.561506E+00  1.631288E-02  6.990989E-02  2.014524E-02 -2.140464E-01
       130   5  1.873384E-01  1.593017E+00  1.631288E-02 -5.958645E-02  2.154958E-02 -1.422618E-01
       130   6  1.092597E-01  1.559554E+00 -1.714943E-02 -5.849640E-02 -1.911719E-02 -1.403433E-01
       130   7  1.881750E-01  1.594969E+00  1.714943E-02 -7.099994E-02 -1.771286E-02 -2.121279E-01
       130   8  1.100963E-01  1.561506E+00 -1.631288E-02 -6.990989E-02  2.014524E-02 -2.140464E-01
       131   1  7.856472E-02 -7.176251E-01  8.288747E-02  9.261751E-02 -9.825943E-02  3.445052E-01
       131   2 -3.101954E-01 -8.842366E-01 -8.372402E-02  9.370756E-02  9.582705E-02  3.425867E-01
       131   3  7.940127E-02 -7.156732E-01  8.372402E-02  3.578878E-02  9.723139E-02  2.708021E-01
       131   4 -3.093589E-01 -8.822847E-01 -8.288747E-02  3.687883E-02 -9.966377E-02  2.727205E-01
       131   5 -7.856472E-02  7.176251E-01 -8.288747E-02 -9.261751E-02 -9.825943E-02  3.445052E-01
       131   6  3.101954E-01  8.842366E-01  8.372402E-02 -9.370756E-02  9.582705E-02  3.425867E-01
       131   7 -7.940127E-02  7.156732E-01 -8.372402E-02 -3.578878E-02  9.723139E-02  2.708021E-01
       131   8  3.093589E-01  8.822847E-01  8.288747E-02 -3.687883E-02 -9.966377E-02  2.727205E-01
       132   1  5.519009E-01  2.182342E+00 -1.270951E-02  4.436872E-02  2.260822E-02  3.406835E-01
       132   2  6.494498E-01  2.224149E+00  2.909716E-02  3.096064E-02 -2.504061E-02  3.642817E-01
       132   3  5.355132E-01  2.144104E+00 -2.909716E-02  6.707852E-02 -2.644495E-02  2.746237E-01
       132   4  6.330622E-01  2.185911E+00  1.270951E-02  5.367045E-02  2.401256E-02  2.510255E-01
       132   5 -5.519009E-01 -2.182342E+00  1.270951E-02 -4.436872E-02  2.260822E-02  3.406835E-01
       132   6 -6.494498E-01 -2.224149E+00 -2.909716E-02 -3.096064E-02 -2.504061E-02  3.642817E-01
       132   7 -5.355132E-01 -2.144104E+00  2.909716E-02 -6.707852E-02 -2.644495E-02  2.746237E-01
       132   8 -6.330622E-01 -2.185911E+00 -1.270951E-02 -5.367045E-02  2.401256E-02  2.510255E-01
       133   1 -3.343949E-01 -1.114650E+00  2.014722E-12  2.569971E-02 -2.451965E-13 -1.178569E+00
       133   2 -3.343949E-01 -1.114650E+00  1.336486E-12  2.569971E-02 -1.050842E-13 -1.178569E+00
       133   3 -3.343949E-01 -1.114650E+00  5.211387E-13  2.569971E-02 -1.751404E-13 -1.269032E+00
       133   4 -3.343949E-01 -1.114650E+00  1.608824E-12  2.569971E-02 -1.401123E-13 -1.269032E+00
       133   5  3.343949E-01  1.114650E+00  2.012057E-12 -2.569971E-02 -2.451965E-13 -1.178569E+00
       133   6  3.343949E-01  1.114650E+00  1.363798E-12 -2.569971E-02 -1.401123E-13 -1.178569E+00
       133   7  3.343949E-01  1.114650E+00  4.529710E-13 -2.569971E-02 -1.751404E-13 -1.269032E+00
       133   8  3.343949E-01  1.114650E+00  1.615486E-12 -2.569971E-02 -1.751404E-13 -1.269032E+00
       134   1 -2.635665E-01 -8.785551E-01  9.326984E-13  3.529959E-01 -1.050842E-13  7.852473E-01
       134   2 -2.635665E-01 -8.785551E-01  1.600942E-12  3.529959E-01  1.050842E-13  7.852473E-01
       134   3 -2.635665E-01 -8.785551E-01 -3.015366E-13  3.529959E-01 -1.050842E-13 -4.572983E-01
       134   4 -2.635665E-01 -8.785551E-01 -2.483014E-13  3.529959E-01  7.005614E-14 -4.572983E-01
       134   5  2.635665E-01  8.785551E-01 -7.355228E-13 -3.529959E-01 -3.152526E-13  7.852473E-01
       134   6  2.635665E-01  8.785551E-01 -6.566969E-13 -3.529959E-01  1.050842E-13  7.852473E-01
       134   7  2.635665E-01  8.785551E-01 -1.972811E-12 -3.529959E-01 -2.101684E-13 -4.572983E-01
       134   8  2.635665E-01  8.785551E-01 -2.369882E-12 -3.529959E-01  1.050842E-13 -4.572983E-01
       135   1  6.614594E-02  1.835064E-02 -6.090087E-02 -4.043457E-02  7.288773E-02 -2.330256E-01
       135   2  3.563617E-01  1.427288E-01  6.347733E-02 -4.254258E-02 -7.327015E-02 -2.293155E-01
       135   3  6.356948E-02  1.233890E-02 -6.347733E-02  2.712890E-02 -7.304936E-02 -2.152195E-01
       135   4  3.537853E-01  1.367171E-01  6.090087E-02  2.502089E-02  7.266694E-02 -2.189296E-01
       135   5 -6.614594E-02 -1.835064E-02  6.090087E-02  4.043457E-02  7.288773E-02 -2.330256E-01
       135   6 -3.563617E-01 -1.427288E-01 -6.347733E-02  4.254258E-02 -7.327015E-02 -2.293155E-01
       135   7 -6.356948E-02 -1.233890E-02  6.347733E-02 -2.712890E-02 -7.304936E-02 -2.152195E-01
       135   8 -3.537853E-01 -1.367171E-01 -6.090087E-02 -2.502089E-02  7.266694E-02 -2.189296E-01
       136   1 -2.287464E-01 -2.136575E+00 -4.014781E-02 -2.393676E-02  4.672800E-02 -2.296147E-01
       136   2 -4.169680E-02 -2.056411E+00  4.001629E-02 -2.376539E-02 -4.711042E-02 -2.299164E-01
       136   3 -2.286148E-01 -2.136268E+00 -4.001629E-02  3.406028E-03 -4.733121E-02 -2.186304E-01
       136   4 -4.156528E-02 -2.056104E+00  4.014781E-02  3.577405E-03  4.694879E-02 -2.183288E-01
       136   5  2.287464E-01  2.136575E+00  4.014781E-02  2.393676E-02  4.672800E-02 -2.296147E-01
       136   6  4.169680E-02  2.056411E+00 -4.001629E-02  2.376539E-02 -4.711042E-02 -2.299164E-01
       136   7  2.286148E-01  2.136268E+00  4.001629E-02 -3.406028E-03 -4.733121E-02 -2.186304E-01
       136   8  4.156528E-02  2.056104E+00 -4.014781E-02 -3.577405E-03  4.694879E-02 -2.183288E-01
       137   1  1.136807E-02 -1.819333E+00  5.882690E-02  9.948569E-03 -6.886559E-02  2.549321E-01
       137   2 -2.628506E-01 -1.936855E+00 -5.869538E-02  9.777192E-03  6.924801E-02  2.552337E-01
       137   3  1.123655E-02 -1.819640E+00  5.869538E-02 -3.013655E-02  6.902722E-02  2.665197E-01
       137   4 -2.629821E-01 -1.937162E+00 -5.882690E-02 -3.030793E-02 -6.864480E-02  2.662181E-01
       137   5 -1.136807E-02  1.819333E+00 -5.882690E-02 -9.948569E-03 -6.886559E-02  2.549321E-01
       137   6  2.628506E-01  1.936855E+00  5.869538E-02 -9.777192E-03  6.924801E-02  2.552337E-01
       137   7 -1.123655E-02  1.819640E+00 -5.869538E-02  3.013655E-02  6.902722E-02  2.665197E-01
       137   8  2.629821E-01  1.937162E+00  5.882690E-02  3.030793E-02 -6.864480E-02  2.662181E-01
       138   1  4.260595E-01  6.911633E-01  4.222178E-02  1.487422E-02 -5.075014E-02  2.555330E-01
       138   2  2.230128E-01  6.041432E-01 -4.479824E-02  1.698223E-02  5.113256E-02  2.518229E-01
       138   3  4.286360E-01  6.971750E-01  4.479824E-02 -3.239591E-02  5.135334E-02  2.659189E-01
       138   4  2.255893E-01  6.101550E-01 -4.222178E-02 -3.028790E-02 -5.097093E-02  2.696290E-01
       138   5 -4.260595E-01 -6.911633E-01 -4.222178E-02 -1.487422E-02 -5.075014E-02  2.555330E-01
       138   6 -2.230128E-01 -6.041432E-01  4.479824E-02 -1.698223E-02  5.113256E-02  2.518229E-01
       138   7 -4.286360E-01 -6.971750E-01 -4.479824E-02  3.239591E-02  5.135334E-02  2.659189E-01
       138   8 -2.255893E-01 -6.101550E-01  4.222178E-02  3.028790E-02 -5.097093E-02  2.696290E-01
       139   1  1.793203E-02  5.977343E-02 -1.387820E-12 -3.164694E-01 -2.451965E-13 -5.620879E-01
       139   2  1.793203E-02  5.977343E-02 -9.098486E-13 -3.164694E-01  1.401123E-13 -5.620879E-01
       139   3  1.793203E-02  5.977343E-02 -6.545459E-13 -3.164694E-01 -1.751404E-13  5.518844E-01
       139   4  1.793203E-02  5.977343E-02 -1.257820E-12 -3.164694E-01  7.005614E-14  5.518844E-01
       139   5 -1.793203E-02 -5.977343E-02 -2.162791E-12  3.164694E-01 -1.751404E-13 -5.620879E-01
       139   6 -1.793203E-02 -5.977343E-02 -2.422590E-12  3.164694E-01  1.751404E-13 -5.620879E-01
       139   7 -1.793203E-02 -5.977343E-02 -2.645655E-12  3.164694E-01 -7.005614E-14  5.518844E-01
       139   8 -1.793203E-02 -5.977343E-02 -3.945871E-12  3.164694E-01  0.000000E+00  5.518844E-01
       140   1 -1.882499E-01 -6.274996E-01 -4.817258E-13 -2.001233E-01 -3.502807E-13 -5.822304E-01
       140   2 -1.882499E-01 -6.274996E-01 -2.996825E-12 -2.001233E-01  1.401123E-13 -5.822304E-01
       140   3 -1.882499E-01 -6.274996E-01 -1.907918E-12 -2.001233E-01 -1.401123E-13  1.222038E-01
       140   4 -1.882499E-01 -6.274996E-01  4.159062E-12 -2.001233E-01 -1.050842E-13  1.222038E-01
       140   5  1.882499E-01  6.274996E-01 -1.178502E-12  2.001233E-01 -4.203368E-13 -5.822304E-01
       140   6  1.882499E-01  6.274996E-01 -4.006295E-12  2.001233E-01  1.401123E-13 -5.822304E-01
       140   7  1.882499E-01  6.274996E-01 -3.096745E-12  2.001233E-01 -2.451965E-13  1.222038E-01
       140   8  1.882499E-01  6.274996E-01  4.736322E-12  2.001233E-01  1.401123E-13  1.222038E-01
       141   1 -4.381974E-01 -1.705491E+00 -8.041623E-02 -2.360211E-02  9.044762E-02  4.268755E-02
       141   2 -7.934042E-02 -1.551696E+00  7.337964E-02 -1.784490E-02 -8.940320E-02  3.255485E-02
       141   3 -4.311609E-01 -1.689073E+00 -7.337964E-02  5.994133E-02 -9.000620E-02 -5.942854E-03
       141   4 -7.230383E-02 -1.535277E+00  8.041623E-02  6.569854E-02  9.105062E-02  4.189838E-03
       141   5  4.381974E-01  1.705491E+00  8.041623E-02  2.360211E-02  9.044762E-02  4.268755E-02
       141   6  7.934042E-02  1.551696E+00 -7.337964E-02  1.784490E-02 -8.940320E-02  3.255485E-02
       141   7  4.311609E-01  1.689073E+00  7.337964E-02 -5.994133E-02 -9.000620E-02 -5.942854E-03
       141   8  7.230383E-02  1.535277E+00 -8.041623E-02 -6.569854E-02  9.105062E-02  4.189838E-03
       142   1  2.231686E-02 -1.431391E+00  1.055115E-02  3.157342E-02 -1.134557E-02  3.337204E-02
       142   2 -2.608371E-02 -1.452134E+00 -1.019195E-02  3.110537E-02  1.239000E-02  3.419581E-02
       142   3  2.195766E-02 -1.432229E+00  1.019195E-02  2.449826E-02  1.299300E-02  3.372649E-03
       142   4 -2.644291E-02 -1.452973E+00 -1.055115E-02  2.403021E-02 -1.194857E-02  2.548881E-03
       142   5 -2.231686E-02  1.431391E+00 -1.055115E-02 -3.157342E-02 -1.134557E-02  3.337204E-02
       142   6  2.608371E-02  1.452134E+00  1.019195E-02 -3.110537E-02  1.239000E-02  3.419581E-02
       142   7 -2.195766E-02  1.432229E+00 -1.019195E-02 -2.449826E-02  1.299300E-02  3.372649E-03
       142   8  2.644291E-02  1.452973E+00  1.055115E-02 -2.403021E-02 -1.194857E-02  2.548881E-03
       143   1  2.669488E-02 -1.215287E+00  8.200086E-03  3.042598E-02 -1.005288E-02  3.419581E-02
       143   2 -1.241032E-02 -1.232046E+00 -8.559287E-03  3.089403E-02  9.008452E-03  3.337204E-02
       143   3  2.705409E-02 -1.214449E+00  8.559287E-03  2.470960E-02  9.611452E-03  2.548881E-03
       143   4 -1.205112E-02 -1.231208E+00 -8.200086E-03  2.517765E-02 -1.065588E-02  3.372649E-03
       143   5 -2.669488E-02  1.215287E+00 -8.200086E-03 -3.042598E-02 -1.005288E-02  3.419581E-02
       143   6  1.241032E-02  1.232046E+00  8.559287E-03 -3.089403E-02  9.008452E-03  3.337204E-02
       143   7 -2.705409E-02  1.214449E+00 -8.559287E-03 -2.470960E-02  9.611452E-03  2.548881E-03
       143   8  1.205112E-02  1.231208E+00  8.200086E-03 -2.517765E-02 -1.065588E-02  3.372649E-03
       144   1  2.495591E-04 -9.786893E-01  6.166499E-02  5.551268E-02 -6.904917E-02  3.255485E-02
       144   2 -2.711017E-01 -1.094983E+00 -5.462840E-02  4.975547E-02  6.800474E-02  4.268755E-02
       144   3 -6.787033E-03 -9.951081E-01  5.462840E-02 -7.659038E-03  6.740174E-02  4.189838E-03
       144   4 -2.781383E-01 -1.111401E+00 -6.166499E-02 -1.341625E-02 -6.844617E-02 -5.942854E-03
       144   5 -2.495591E-04  9.786893E-01 -6.166499E-02 -5.551268E-02 -6.904917E-02  3.255485E-02
       144   6  2.711017E-01  1.094983E+00  5.462840E-02 -4.975547E-02  6.800474E-02  4.268755E-02
       144   7  6.787033E-03  9.951081E-01 -5.462840E-02  7.659038E-03  6.740174E-02  4.189838E-03
       144   8  2.781383E-01  1.111401E+00  6.166499E-02  1.341625E-02 -6.844617E-02 -5.942854E-03
       145   1  5.638794E-02  1.879598E-01 -2.259998E-13  1.786876E-01 -7.005614E-14  5.423724E-01
       145   2  5.638794E-02  1.879598E-01  1.179778E-12  1.786876E-01  1.050842E-13  5.423724E-01
       145   3  5.638794E-02  1.879598E-01 -3.293019E-12  1.786876E-01 -2.451965E-13 -8.660792E-02
       145   4  5.638794E-02  1.879598E-01  4.133069E-12  1.786876E-01  1.751404E-13 -8.660792E-02
       145   5 -5.638794E-02 -1.879598E-01  1.241077E-12 -1.786876E-01 -2.802246E-13  5.423724E-01
       145   6 -5.638794E-02 -1.879598E-01 -1.976655E-12 -1.786876E-01  2.451965E-13  5.423724E-01
       145   7 -5.638794E-02 -1.879598E-01 -3.791051E-12 -1.786876E-01 -2.802246E-13 -8.660792E-02
       145   8 -5.638794E-02 -1.879598E-01  3.175155E-12 -1.786876E-01  0.000000E+00 -8.660792E-02
       146   1  0.000000E+00  0.000000E+00  0.000000E+00  0.000000E+00  0.000000E+00  0.000000E+00
       146   2  0.000000E+00  0.000000E+00  0.000000E+00  0.000000E+00  0.000000E+00  0.000000E+00
       146   3  0.000000E+00  0.000000E+00  0.000000E+00  0.000000E+00  0.000000E+00  0.000000E+00
       146   4  0.000000E+00  0.000000E+00  0.000000E+00  0.000000E+00  0.000000E+00  0.000000E+00
       146   5  0.000000E+00  0.000000E+00  0.000000E+00  0.000000E+00  0.000000E+00  0.000000E+00
       146   6  0.000000E+00  0.000000E+00  0.000000E+00  0.000000E+00  0.000000E+00  0.000000E+00
       146   7  0.000000E+00  0.000000E+00  0.000000E+00  0.000000E+00  0.000000E+00  0.000000E+00
       146   8  0.000000E+00  0.000000E+00  0.000000E+00  0.000000E+00  0.000000E+00  0.000000E+00
       147   1  0.000000E+00  0.000000E+00  0.000000E+00  0.000000E+00  0.000000E+00  0.000000E+00
       147   2  0.000000E+00  0.000000E+00  0.000000E+00  0.000000E+00  0.000000E+00  0.000000E+00
       147   3  0.000000E+00  0.000000E+00  0.000000E+00  0.000000E+00  0.000000E+00  0.000000E+00
       147   4  0.000000E+00  0.000000E+00  0.000000E+00  0.000000E+00  0.000000E+00  0.000000E+00
       147   5  0.000000E+00  0.000000E+00  0.000000E+00  0.000000E+00  0.000000E+00  0.000000E+00
       147   6  0.000000E+00  0.000000E+00  0.000000E+00  0.000000E+00  0.000000E+00  0.000000E+00
       147   7  0.000000E+00  0.000000E+00  0.000000E+00  0.000000E+00  0.000000E+00  0.000000E+00
       147   8  0.000000E+00  0.000000E+00  0.000000E+00  0.000000E+00  0.000000E+00  0.000000E+00
       148   1  0.000000E+00  0.000000E+00  0.000000E+00  0.000000E+00  0.000000E+00  0.000000E+00
       148   2  0.000000E+00  0.000000E+00  0.000000E+00  0.000000E+00  0.000000E+00  0.000000E+00
       148   3  0.000000E+00  0.000000E+00  0.000000E+00  0.000000E+00  0.000000E+00  0.000000E+00
       148   4  0.000000E+00  0.000000E+00  0.000000E+00  0.000000E+00  0.000000E+00  0.000000E+00
       148   5  0.000000E+00  0.000000E+00  0.000000E+00  0.000000E+00  0.000000E+00  0.000000E+00
       148   6  0.000000E+00  0.000000E+00  0.000000E+00  0.000000E+00  0.000000E+00  0.000000E+00
       148   7  0.000000E+00  0.000000E+00  0.000000E+00  0.000000E+00  0.000000E+00  0.000000E+00
       148   8  0.000000E+00  0.000000E+00  0.000000E+00  0.000000E+00  0.000000E+00  0.000000E+00
       149   1  0.000000E+00  0.000000E+00  0.000000E+00  0.000000E+00  0.000000E+00  0.000000E+00
       149   2  0.000000E+00  0.000000E+00  0.000000E+00  0.000000E+00  0.000000E+00  0.000000E+00
       149   3  0.000000E+00  0.000000E+00  0.000000E+00  0.000000E+00  0.000000E+00  0.000000E+00
       149   4  0.000000E+00  0.000000E+00  0.000000E+00  0.000000E+00  0.000000E+00  0.000000E+00
       149   5  0.000000E+00  0.000000E+00  0.000000E+00  0.000000E+00  0.000000E+00  0.000000E+00
       149   6  0.000000E+00  0.000000E+00  0.000000E+00  0.000000E+00  0.000000E+00  0.000000E+00
       149   7  0.000000E+00  0.000000E+00  0.000000E+00  0.000000E+00  0.000000E+00  0.000000E+00
       149   8  0.000000E+00  0.000000E+00  0.000000E+00  0.000000E+00  0.000000E+00  0.000000E+00
       150   1  0.000000E+00  0.000000E+00  0.000000E+00  0.000000E+00  0.000000E+00  0.000000E+00
       150   2  0.000000E+00  0.000000E+00  0.000000E+00  0.000000E+00  0.000000E+00  0.000000E+00
       150   3  0.000000E+00  0.000000E+00  0.000000E+00  0.000000E+00  0.000000E+00  0.000000E+00
       150   4  0.000000E+00  0.000000E+00  0.000000E+00  0.000000E+00  0.000000E+00  0.000000E+00
       150   5  0.000000E+00  0.000000E+00  0.000000E+00  0.000000E+00  0.000000E+00  0.000000E+00
       150   6  0.000000E+00  0.000000E+00  0.000000E+00  0.000000E+00  0.000000E+00  0.000000E+00
       150   7  0.000000E+00  0.000000E+00  0.000000E+00  0.000000E+00  0.000000E+00  0.000000E+00
       150   8  0.000000E+00  0.000000E+00  0.000000E+00  0.000000E+00  0.000000E+00  0.000000E+00
       151   1  0.000000E+00  0.000000E+00  0.000000E+00  0.000000E+00  0.000000E+00  0.000000E+00
       151   2  0.000000E+00  0.000000E+00  0.000000E+00  0.000000E+00  0.000000E+00  0.000000E+00
       151   3  0.000000E+00  0.000000E+00  0.000000E+00  0.000000E+00  0.000000E+00  0.000000E+00
       151   4  0.000000E+00  0.000000E+00  0.000000E+00  0.000000E+00  0.000000E+00  0.000000E+00
       151   5  0.000000E+00  0.000000E+00  0.000000E+00  0.000000E+00  0.000000E+00  0.000000E+00
       151   6  0.000000E+00  0.000000E+00  0.000000E+00  0.000000E+00  0.000000E+00  0.000000E+00
       151   7  0.000000E+00  0.000000E+00  0.000000E+00  0.000000E+00  0.000000E+00  0.000000E+00
       151   8  0.000000E+00  0.000000E+00  0.000000E+00  0.000000E+00  0.000000E+00  0.000000E+00
       152   1  0.000000E+00  0.000000E+00  0.000000E+00  0.000000E+00  0.000000E+00  0.000000E+00
       152   2  0.000000E+00  0.000000E+00  0.000000E+00  0.000000E+00  0.000000E+00  0.000000E+00
       152   3  0.000000E+00  0.000000E+00  0.000000E+00  0.000000E+00  0.000000E+00  0.000000E+00
       152   4  0.000000E+00  0.000000E+00  0.000000E+00  0.000000E+00  0.000000E+00  0.000000E+00
       152   5  0.000000E+00  0.000000E+00  0.000000E+00  0.000000E+00  0.000000E+00  0.000000E+00
       152   6  0.000000E+00  0.000000E+00  0.000000E+00  0.000000E+00  0.000000E+00  0.000000E+00
       152   7  0.000000E+00  0.000000E+00  0.000000E+00  0.000000E+00  0.000000E+00  0.000000E+00
       152   8  0.000000E+00  0.000000E+00  0.000000E+00  0.000000E+00  0.000000E+00  0.000000E+00
       153   1  0.000000E+00  0.000000E+00  0.000000E+00  0.000000E+00  0.000000E+00  0.000000E+00
       153   2  0.000000E+00  0.000000E+00  0.000000E+00  0.000000E+00  0.000000E+00  0.000000E+00
       153   3  0.000000E+00  0.000000E+00  0.000000E+00  0.000000E+00  0.000000E+00  0.000000E+00
       153   4  0.000000E+00  0.000000E+00  0.000000E+00  0.000000E+00  0.000000E+00  0.000000E+00
       153   5  0.000000E+00  0.000000E+00  0.000000E+00  0.000000E+00  0.000000E+00  0.000000E+00
       153   6  0.000000E+00  0.000000E+00  0.000000E+00  0.000000E+00  0.000000E+00  0.000000E+00
       153   7  0.000000E+00  0.000000E+00  0.000000E+00  0.000000E+00  0.000000E+00  0.000000E+00
       153   8  0.000000E+00  0.000000E+00  0.000000E+00  0.000000E+00  0.000000E+00  0.000000E+00
       154   1  0.000000E+00  0.000000E+00  0.000000E+00  0.000000E+00  0.000000E+00  0.000000E+00
       154   2  0.000000E+00  0.000000E+00  0.000000E+00  0.000000E+00  0.000000E+00  0.000000E+00
       154   3  0.000000E+00  0.000000E+00  0.000000E+00  0.000000E+00  0.000000E+00  0.000000E+00
       154   4  0.000000E+00  0.000000E+00  0.000000E+00  0.000000E+00  0.000000E+00  0.000000E+00
       154   5  0.000000E+00  0.000000E+00  0.000000E+00  0.000000E+00  0.000000E+00  0.000000E+00
       154   6  0.000000E+00  0.000000E+00  0.000000E+00  0.000000E+00  0.000000E+00  0.000000E+00
       154   7  0.000000E+00  0.000000E+00  0.000000E+00  0.000000E+00  0.000000E+00  0.000000E+00
       154   8  0.000000E+00  0.000000E+00  0.000000E+00  0.000000E+00  0.000000E+00  0.000000E+00
       155   1  0.000000E+00  0.000000E+00  0.000000E+00  0.000000E+00  0.000000E+00  0.000000E+00
       155   2  0.000000E+00  0.000000E+00  0.000000E+00  0.000000E+00  0.000000E+00  0.000000E+00
       155   3  0.000000E+00  0.000000E+00  0.000000E+00  0.000000E+00  0.000000E+00  0.000000E+00
       155   4  0.000000E+00  0.000000E+00  0.000000E+00  0.000000E+00  0.000000E+00  0.000000E+00
       155   5  0.000000E+00  0.000000E+00  0.000000E+00  0.000000E+00  0.000000E+00  0.000000E+00
       155   6  0.000000E+00  0.000000E+00  0.000000E+00  0.000000E+00  0.000000E+00  0.000000E+00
       155   7  0.000000E+00  0.000000E+00  0.000000E+00  0.000000E+00  0.000000E+00  0.000000E+00
       155   8  0.000000E+00  0.000000E+00  0.000000E+00  0.000000E+00  0.000000E+00  0.000000E+00
       156   1  0.000000E+00  0.000000E+00  0.000000E+00  0.000000E+00  0.000000E+00  0.000000E+00
       156   2  0.000000E+00  0.000000E+00  0.000000E+00  0.000000E+00  0.000000E+00  0.000000E+00
       156   3  0.000000E+00  0.000000E+00  0.000000E+00  0.000000E+00  0.000000E+00  0.000000E+00
       156   4  0.000000E+00  0.000000E+00  0.000000E+00  0.000000E+00  0.000000E+00  0.000000E+00
       156   5  0.000000E+00  0.000000E+00  0.000000E+00  0.000000E+00  0.000000E+00  0.000000E+00
       156   6  0.000000E+00  0.000000E+00  0.000000E+00  0.000000E+00  0.000000E+00  0.000000E+00
       156   7  0.000000E+00  0.000000E+00  0.000000E+00  0.000000E+00  0.000000E+00  0.000000E+00
       156   8  0.000000E+00  0.000000E+00  0.000000E+00  0.000000E+00  0.000000E+00  0.000000E+00
       157   1  0.000000E+00  0.000000E+00  0.000000E+00  0.000000E+00  0.000000E+00  0.000000E+00
       157   2  0.000000E+00  0.000000E+00  0.000000E+00  0.000000E+00  0.000000E+00  0.000000E+00
       157   3  0.000000E+00  0.000000E+00  0.000000E+00  0.000000E+00  0.000000E+00  0.000000E+00
       157   4  0.000000E+00  0.000000E+00  0.000000E+00  0.000000E+00  0.000000E+00  0.000000E+00
       157   5  0.000000E+00  0.000000E+00  0.000000E+00  0.000000E+00  0.000000E+00  0.000000E+00
       157   6  0.000000E+00  0.000000E+00  0.000000E+00  0.000000E+00  0.000000E+00  0.000000E+00
       157   7  0.000000E+00  0.000000E+00  0.000000E+00  0.000000E+00  0.000000E+00  0.000000E+00
       157   8  0.000000E+00  0.000000E+00  0.000000E+00  0.000000E+00  0.000000E+00  0.000000E+00
       158   1  0.000000E+00  0.000000E+00  0.000000E+00  0.000000E+00  0.000000E+00  0.000000E+00
       158   2  0.000000E+00  0.000000E+00  0.000000E+00  0.000000E+00  0.000000E+00  0.000000E+00
       158   3  0.000000E+00  0.000000E+00  0.000000E+00  0.000000E+00  0.000000E+00  0.000000E+00
       158   4  0.000000E+00  0.000000E+00  0.000000E+00  0.000000E+00  0.000000E+00  0.000000E+00
       158   5  0.000000E+00  0.000000E+00  0.000000E+00  0.000000E+00  0.000000E+00  0.000000E+00
       158   6  0.000000E+00  0.000000E+00  0.000000E+00  0.000000E+00  0.000000E+00  0.000000E+00
       158   7  0.000000E+00  0.000000E+00  0.000000E+00  0.000000E+00  0.000000E+00  0.000000E+00
       158   8  0.000000E+00  0.000000E+00  0.000000E+00  0.000000E+00  0.000000E+00  0.000000E+00
       159   1  0.000000E+00  0.000000E+00  0.000000E+00  0.000000E+00  0.000000E+00  0.000000E+00
       159   2  0.000000E+00  0.000000E+00  0.000000E+00  0.000000E+00  0.000000E+00  0.000000E+00
       159   3  0.000000E+00  0.000000E+00  0.000000E+00  0.000000E+00  0.000000E+00  0.000000E+00
       159   4  0.000000E+00  0.000000E+00  0.000000E+00  0.000000E+00  0.000000E+00  0.000000E+00
       159   5  0.000000E+00  0.000000E+00  0.000000E+00  0.000000E+00  0.000000E+00  0.000000E+00
       159   6  0.000000E+00  0.000000E+00  0.000000E+00  0.000000E+00  0.000000E+00  0.000000E+00
       159   7  0.000000E+00  0.000000E+00  0.000000E+00  0.000000E+00  0.000000E+00  0.000000E+00
       159   8  0.000000E+00  0.000000E+00  0.000000E+00  0.000000E+00  0.000000E+00  0.000000E+00
