
                        S T E P       1


                                INCREMENT     1


 displacements (vx,vy,vz) for set ALLN and time  0.1000000E+01

         1 -8.189185E-13  2.798376E-12  1.477149E+00
         2 -8.152317E-13  1.654998E-12  8.540555E-01
         3 -7.926926E-13 -1.397348E-14 -6.237360E-03
         4 -8.656446E-13 -4.003618E-12 -3.373751E+00
         5 -8.260554E-13 -8.713669E-12 -8.135834E+00
         6 -7.769847E-13 -1.215802E-11 -1.067321E+01
         7 -7.312399E-13 -1.472348E-11 -1.007831E+01
         8 -7.054317E-13 -1.734024E-11 -6.006681E+00
         9 -6.895212E-13 -2.002633E-11  6.158866E-02
        10 -6.883549E-13 -2.155931E-11  3.535206E+00
        11 -6.863392E-13 -2.271752E-11  6.097994E+00
        12  2.851005E-12  2.848312E-12  3.171593E+00
        13  2.853329E-12  1.679120E-12  1.919612E+00
        14  2.876094E-12 -1.372483E-14  2.330423E-02
        15  2.919122E-12 -4.098427E-12 -4.498821E+00
        16  2.903177E-12 -8.803109E-12 -9.034056E+00
        17  2.837728E-12 -1.222779E-11 -1.119951E+01
        18  2.797487E-12 -1.472903E-11 -1.037512E+01
        19  2.784667E-12 -1.728801E-11 -6.138199E+00
        20  2.787565E-12 -2.001424E-11  3.541809E-03
        21  2.788963E-12 -2.155785E-11  3.485899E+00
        22  2.789949E-12 -2.272991E-11  6.043563E+00
        23  4.543175E-14  1.625015E-12  7.944237E-01
        24  0.000000E+00  0.000000E+00  0.000000E+00
        25  2.098072E-13 -3.956347E-12 -3.407856E+00
        26  1.513145E-13 -8.770876E-12 -8.547382E+00
        27  7.468941E-14 -1.213494E-11 -1.092552E+01
        28 -4.296534E-15 -1.473333E-11 -1.038852E+01
        29  1.542544E-15 -1.732270E-11 -6.170434E+00
        30  1.230431E-14 -2.002986E-11  0.000000E+00
        31  2.350808E-14 -2.155182E-11  3.456962E+00
        32  2.189446E-14 -2.272015E-11  6.008004E+00
        33  2.048678E-12  1.675285E-12  1.669656E+00
        34  1.999358E-12  0.000000E+00  0.000000E+00
        35  1.911434E-12 -4.079333E-12 -4.432563E+00
        36  1.917504E-12 -8.804410E-12 -9.117169E+00
        37  2.034202E-12 -1.222559E-11 -1.131336E+01
        38  2.088539E-12 -1.472812E-11 -1.053893E+01
        39  2.111129E-12 -1.729892E-11 -6.241712E+00
        40  2.081813E-12 -2.001669E-11  0.000000E+00
        41  2.073204E-12 -2.155700E-11  3.444361E+00
        42  2.061303E-12 -2.273075E-11  5.992389E+00
        43  0.000000E+00  0.000000E+00  0.000000E+00
        44  0.000000E+00  0.000000E+00  0.000000E+00
        45  0.000000E+00  0.000000E+00  0.000000E+00
        46  0.000000E+00  0.000000E+00  0.000000E+00
        47  0.000000E+00  0.000000E+00  0.000000E+00
        48  0.000000E+00  0.000000E+00  0.000000E+00
        49  0.000000E+00  0.000000E+00  0.000000E+00
        50  0.000000E+00  0.000000E+00  0.000000E+00
        51  0.000000E+00  0.000000E+00  0.000000E+00
        52  0.000000E+00  0.000000E+00  0.000000E+00
        53  0.000000E+00  0.000000E+00  0.000000E+00
        54  0.000000E+00  0.000000E+00  0.000000E+00
        55  0.000000E+00  0.000000E+00  0.000000E+00
        56  0.000000E+00  0.000000E+00  0.000000E+00
        57  0.000000E+00  0.000000E+00  0.000000E+00
        58  0.000000E+00  0.000000E+00  0.000000E+00
        59  0.000000E+00  0.000000E+00  0.000000E+00
        60  0.000000E+00  0.000000E+00  0.000000E+00
        61  0.000000E+00  0.000000E+00  0.000000E+00
        62  0.000000E+00  0.000000E+00  0.000000E+00
        63  0.000000E+00  0.000000E+00  0.000000E+00
        64  0.000000E+00  0.000000E+00  0.000000E+00
        65  0.000000E+00  0.000000E+00  0.000000E+00
        66  0.000000E+00  0.000000E+00  0.000000E+00
        67  0.000000E+00  0.000000E+00  0.000000E+00
        68  0.000000E+00  0.000000E+00  0.000000E+00
        69  0.000000E+00  0.000000E+00  0.000000E+00
        70  0.000000E+00  0.000000E+00  0.000000E+00
        71  0.000000E+00  0.000000E+00  0.000000E+00
        72  0.000000E+00  0.000000E+00  0.000000E+00
        73  0.000000E+00  0.000000E+00  0.000000E+00
        74  0.000000E+00  0.000000E+00  0.000000E+00
        75  0.000000E+00  0.000000E+00  0.000000E+00
        76  0.000000E+00  0.000000E+00  0.000000E+00
        77  0.000000E+00  0.000000E+00  0.000000E+00
        78  0.000000E+00  0.000000E+00  0.000000E+00
        79  0.000000E+00  0.000000E+00  0.000000E+00
        80  0.000000E+00  0.000000E+00  0.000000E+00
        81  0.000000E+00  0.000000E+00  0.000000E+00
        82  0.000000E+00  0.000000E+00  0.000000E+00
        83 -1.257223E-13  2.806230E-12  1.644035E+00
        84  2.179567E-13  2.811652E-12  1.835255E+00
        85  8.368705E-13  2.820470E-12  2.216208E+00
        86  1.547784E-12  2.829621E-12  2.622962E+00
        87  2.016989E-12  2.837265E-12  2.856776E+00
        88  5.982610E-13  1.631986E-12  8.303813E-01
        89  1.233971E-12  1.649673E-12  1.090588E+00
        90  1.729858E-12  1.666565E-12  1.467088E+00
        91  1.299538E-13  1.975037E-15 -6.658369E-03
        92  7.139827E-13  1.081600E-15 -1.638205E-02
        93  1.514943E-12  1.382791E-15 -4.837379E-03
        94  8.478496E-13 -3.977060E-12 -3.526856E+00
        95  1.291089E-12 -4.016287E-12 -3.904093E+00
        96  1.542738E-12 -4.055516E-12 -4.284753E+00
        97  0.000000E+00  0.000000E+00  0.000000E+00
        98  0.000000E+00  0.000000E+00  0.000000E+00
        99  4.986827E-13 -8.778689E-12 -8.780215E+00
       100  9.588910E-13 -8.790211E-12 -9.033224E+00
       101  1.453587E-12 -8.801764E-12 -9.124736E+00
       102  0.000000E+00  0.000000E+00  0.000000E+00
       103  0.000000E+00  0.000000E+00  0.000000E+00
       104  5.689269E-13 -1.215311E-11 -1.106952E+01
       105  1.234634E-12 -1.218145E-11 -1.125982E+01
       106  1.724378E-12 -1.221118E-11 -1.133465E+01
       107  0.000000E+00  0.000000E+00  0.000000E+00
       108  0.000000E+00  0.000000E+00  0.000000E+00
       109  3.040051E-13 -1.473590E-11 -1.053455E+01
       110  9.678352E-13 -1.473330E-11 -1.065055E+01
       111  1.693782E-12 -1.472991E-11 -1.061578E+01
       112  0.000000E+00  0.000000E+00  0.000000E+00
       113  0.000000E+00  0.000000E+00  0.000000E+00
       114  4.199488E-13 -1.731772E-11 -6.244238E+00
       115  1.154684E-12 -1.730753E-11 -6.311263E+00
       116  1.785384E-12 -1.730137E-11 -6.289546E+00
       117  0.000000E+00  0.000000E+00  0.000000E+00
       118  0.000000E+00  0.000000E+00  0.000000E+00
       119  3.652668E-13 -2.002734E-11 -1.735954E-02
       120  1.020531E-12 -2.002308E-11 -2.692246E-02
       121  1.696115E-12 -2.001885E-11 -7.208715E-03
       122  4.292677E-13 -2.155239E-11  3.425038E+00
       123  1.105002E-12 -2.155476E-11  3.397910E+00
       124  1.726182E-12 -2.155679E-11  3.419683E+00
       125  3.787387E-13 -2.272190E-11  5.977697E+00
       126  9.898228E-13 -2.272477E-11  5.958341E+00
       127  1.651540E-12 -2.272929E-11  5.970786E+00
       128  0.000000E+00  0.000000E+00  0.000000E+00
       129  0.000000E+00  0.000000E+00  0.000000E+00
       130  0.000000E+00  0.000000E+00  0.000000E+00
       131  0.000000E+00  0.000000E+00  0.000000E+00
       132  0.000000E+00  0.000000E+00  0.000000E+00
       133  0.000000E+00  0.000000E+00  0.000000E+00
       134  0.000000E+00  0.000000E+00  0.000000E+00
       135  0.000000E+00  0.000000E+00  0.000000E+00
       136  0.000000E+00  0.000000E+00  0.000000E+00
       137  0.000000E+00  0.000000E+00  0.000000E+00
       138  0.000000E+00  0.000000E+00  0.000000E+00
       139  0.000000E+00  0.000000E+00  0.000000E+00
       140  0.000000E+00  0.000000E+00  0.000000E+00
       141  0.000000E+00  0.000000E+00  0.000000E+00
       142  0.000000E+00  0.000000E+00  0.000000E+00
       143  0.000000E+00  0.000000E+00  0.000000E+00
       144  0.000000E+00  0.000000E+00  0.000000E+00
       145  0.000000E+00  0.000000E+00  0.000000E+00
       146  0.000000E+00  0.000000E+00  0.000000E+00
       147  0.000000E+00  0.000000E+00  0.000000E+00
       148  0.000000E+00  0.000000E+00  0.000000E+00
       149  0.000000E+00  0.000000E+00  0.000000E+00
       150  0.000000E+00  0.000000E+00  0.000000E+00
       151  0.000000E+00  0.000000E+00  0.000000E+00
       152  0.000000E+00  0.000000E+00  0.000000E+00
       153  0.000000E+00  0.000000E+00  0.000000E+00
       154  0.000000E+00  0.000000E+00  0.000000E+00
       155  0.000000E+00  0.000000E+00  0.000000E+00

 stresses (elem, integ.pnt.,sxx,syy,szz,sxy,sxz,syz) for set ALLE and time  0.1000000E+01

         1   1 -8.313103E-01 -2.493931E-01 -7.696066E-13  3.633694E-01 -7.276937E-01  4.925822E-15
         1   2 -8.313103E-01 -2.493931E-01 -2.457590E-12  3.633694E-01 -7.276937E-01  3.064956E-14
         1   3 -8.313103E-01 -2.493931E-01  8.830159E-13  3.633694E-01  5.743799E-01 -7.936047E-15
         1   4 -8.313103E-01 -2.493931E-01 -2.378653E-13  3.633694E-01  5.743799E-01  2.900762E-14
         1   5  8.313103E-01  2.493931E-01 -1.015743E-12 -3.633694E-01 -7.276937E-01  4.104852E-15
         1   6  8.313103E-01  2.493931E-01 -2.305933E-12 -3.633694E-01 -7.276937E-01  2.955493E-14
         1   7  8.313103E-01  2.493931E-01  8.201773E-13 -3.633694E-01  5.743799E-01 -8.483361E-15
         1   8  8.313103E-01  2.493931E-01 -1.776357E-13 -3.633694E-01  5.743799E-01  1.806135E-14
         2   1  1.482130E+00  4.446391E-01  4.387712E-12 -2.345021E-01  9.604536E-01  3.010225E-14
         2   2  1.482130E+00  4.446391E-01  6.148526E-12 -2.345021E-01  9.604536E-01 -1.559844E-14
         2   3  1.482130E+00  4.446391E-01 -2.156719E-12 -2.345021E-01  1.201543E-01  3.119688E-14
         2   4  1.482130E+00  4.446391E-01  3.012035E-13 -2.345021E-01  1.201543E-01 -9.304331E-15
         2   5 -1.482130E+00 -4.446391E-01  4.331091E-12  2.345021E-01  9.604536E-01  2.189254E-14
         2   6 -1.482130E+00 -4.446391E-01  6.130096E-12  2.345021E-01  9.604536E-01 -2.818665E-14
         2   7 -1.482130E+00 -4.446391E-01 -2.213119E-12  2.345021E-01  1.201543E-01  2.462911E-14
         2   8 -1.482130E+00 -4.446391E-01  2.450262E-13  2.345021E-01  1.201543E-01 -2.791299E-14
         3   1  1.095000E+01  3.284999E+00 -2.540190E-13  1.365927E-01 -9.102030E-02  1.414806E-13
         3   2  1.095000E+01  3.284999E+00 -2.599698E-12  1.365927E-01 -9.102030E-02 -6.239375E-14
         3   3  1.095000E+01  3.284999E+00 -2.922995E-12  1.365927E-01  3.984368E-01  1.329972E-13
         3   4  1.095000E+01  3.284999E+00 -3.323564E-12  1.365927E-01  3.984368E-01 -6.731957E-14
         3   5 -1.095000E+01 -3.284999E+00  2.353673E-13 -1.365927E-01 -9.102030E-02  1.453118E-13
         3   6 -1.095000E+01 -3.284999E+00 -2.024159E-12 -1.365927E-01 -9.102030E-02 -6.129912E-14
         3   7 -1.095000E+01 -3.284999E+00 -2.464695E-12 -1.365927E-01  3.984368E-01  1.412069E-13
         3   8 -1.095000E+01 -3.284999E+00 -2.377654E-12 -1.365927E-01  3.984368E-01 -9.851645E-15
         4   1 -1.911905E+00 -5.735714E-01  4.647394E-13  1.015147E+00 -2.639662E+00  0.000000E+00
         4   2 -1.911905E+00 -5.735714E-01 -1.202149E-12  1.015147E+00 -2.639662E+00 -3.590377E-13
         4   3 -1.911905E+00 -5.735714E-01  1.401101E-13  1.015147E+00  9.979467E-01  4.159583E-14
         4   4 -1.911905E+00 -5.735714E-01 -3.119949E-12  1.015147E+00  9.979467E-01 -3.240096E-13
         4   5  1.911905E+00  5.735714E-01  2.096101E-13 -1.015147E+00 -2.639662E+00 -8.757018E-14
         4   6  1.911905E+00  5.735714E-01  1.065814E-13 -1.015147E+00 -2.639662E+00 -2.627105E-13
         4   7  1.911905E+00  5.735714E-01  9.883205E-13 -1.015147E+00  9.979467E-01 -4.597434E-14
         4   8  1.911905E+00  5.735714E-01 -3.497869E-12 -1.015147E+00  9.979467E-01 -2.145469E-13
         5   1 -1.203325E+01 -3.609975E+00 -3.293366E-12 -1.149770E-01  3.315700E-01 -3.765518E-13
         5   2 -1.203325E+01 -3.609975E+00 -2.663647E-12 -1.149770E-01  3.315700E-01 -2.933601E-13
         5   3 -1.203325E+01 -3.609975E+00  2.343015E-12 -1.149770E-01 -8.043099E-02 -3.940658E-13
         5   4 -1.203325E+01 -3.609975E+00  7.263523E-12 -1.149770E-01 -8.043099E-02 -2.539535E-13
         5   5  1.203325E+01  3.609975E+00 -5.807799E-12  1.149770E-01  3.315700E-01 -3.721732E-13
         5   6  1.203325E+01  3.609975E+00 -2.479794E-12  1.149770E-01  3.315700E-01 -1.138412E-13
         5   7  1.203325E+01  3.609975E+00  1.055156E-12  1.149770E-01 -8.043099E-02 -3.940658E-13
         5   8  1.203325E+01  3.609975E+00  5.240253E-12  1.149770E-01 -8.043099E-02 -1.269768E-13
         6   1 -1.306280E+01 -3.918841E+00  3.124612E-12  1.063294E-01 -3.494412E-01 -3.546592E-13
         6   2 -1.306280E+01 -3.918841E+00  2.875922E-12  1.063294E-01 -3.494412E-01 -1.401123E-13
         6   3 -1.306280E+01 -3.918841E+00  3.861800E-12  1.063294E-01  3.157247E-02 -3.721732E-13
         6   4 -1.306280E+01 -3.918841E+00  4.471090E-12  1.063294E-01  3.157247E-02 -1.138412E-13
         6   5  1.306280E+01  3.918841E+00  4.538592E-13 -1.063294E-01 -3.494412E-01 -7.443465E-14
         6   6  1.306280E+01  3.918841E+00  2.292389E-12 -1.063294E-01 -3.494412E-01 -1.970329E-13
         6   7  1.306280E+01  3.918841E+00  2.658318E-12 -1.063294E-01  3.157247E-02 -9.194868E-14
         6   8  1.306280E+01  3.918841E+00  3.286260E-13 -1.063294E-01  3.157247E-02  7.443465E-14
         7   1 -1.062274E+01 -3.186821E+00  2.573941E-12 -3.857635E-01  9.686346E-01 -1.576263E-13
         7   2 -1.062274E+01 -3.186821E+00 -2.665423E-12 -3.857635E-01  9.686346E-01 -6.567763E-14
         7   3 -1.062274E+01 -3.186821E+00  1.230127E-12 -3.857635E-01 -4.136848E-01 -1.444908E-13
         7   4 -1.062274E+01 -3.186821E+00  6.483702E-13 -3.857635E-01 -4.136848E-01 -1.751404E-14
         7   5  1.062274E+01  3.186821E+00  4.010126E-12  3.857635E-01  9.686346E-01 -4.378509E-15
         7   6  1.062274E+01  3.186821E+00 -1.286082E-12  3.857635E-01  9.686346E-01  1.138412E-13
         7   7  1.062274E+01  3.186821E+00 -2.762235E-13  3.857635E-01 -4.136848E-01  4.378509E-15
         7   8  1.062274E+01  3.186821E+00  3.712586E-13  3.857635E-01 -4.136848E-01 -7.881316E-14
         8   1 -2.578348E+00 -7.735045E-01 -2.379874E-12 -3.228661E-01  8.008798E-01 -3.064956E-14
         8   2 -2.578348E+00 -7.735045E-01  2.374767E-12 -3.228661E-01  8.008798E-01  2.627105E-14
         8   3 -2.578348E+00 -7.735045E-01 -9.277024E-13 -3.228661E-01 -3.560572E-01 -9.632719E-14
         8   4 -2.578348E+00 -7.735045E-01 -2.180256E-12 -3.228661E-01 -3.560572E-01  1.707618E-13
         8   5  2.578348E+00  7.735045E-01 -2.387868E-12  3.228661E-01  8.008798E-01 -3.896873E-13
         8   6  2.578348E+00  7.735045E-01  2.184253E-12  3.228661E-01  8.008798E-01  3.502807E-14
         8   7  2.578348E+00  7.735045E-01 -4.465317E-13  3.228661E-01 -3.560572E-01 -1.357338E-13
         8   8  2.578348E+00  7.735045E-01 -2.190914E-12  3.228661E-01 -3.560572E-01  1.510586E-13
         9   1  1.015957E+00  3.047872E-01 -2.523537E-13 -4.141685E-02  6.324855E-02 -2.364395E-13
         9   2  1.015957E+00  3.047872E-01  4.373168E-13 -4.141685E-02  6.324855E-02  2.627105E-13
         9   3  1.015957E+00  3.047872E-01 -6.644685E-13 -4.141685E-02 -8.516182E-02 -2.583320E-13
         9   4  1.015957E+00  3.047872E-01  1.324163E-12 -4.141685E-02 -8.516182E-02  2.495750E-13
         9   5 -1.015957E+00 -3.047872E-01 -1.951772E-13  4.141685E-02  6.324855E-02 -3.152526E-13
         9   6 -1.015957E+00 -3.047872E-01  4.527489E-13  4.141685E-02  6.324855E-02  1.094627E-13
         9   7 -1.015957E+00 -3.047872E-01 -7.498446E-13  4.141685E-02 -8.516182E-02 -3.590377E-13
         9   8 -1.015957E+00 -3.047872E-01  1.345590E-12  4.141685E-02 -8.516182E-02  7.224539E-14
        10   1  2.970929E-01  8.912788E-02  1.202871E-12  3.887442E-02 -1.331869E-01  1.072735E-13
        10   2  2.970929E-01  8.912788E-02 -1.052713E-12  3.887442E-02 -1.331869E-01  8.319167E-14
        10   3  2.970929E-01  8.912788E-02  2.534084E-13  3.887442E-02  6.113152E-03  2.145469E-13
        10   4  2.970929E-01  8.912788E-02  2.925993E-13  3.887442E-02  6.113152E-03  5.910987E-14
        10   5 -2.970929E-01 -8.912788E-02  2.804701E-13 -3.887442E-02 -1.331869E-01  1.904651E-13
        10   6 -2.970929E-01 -8.912788E-02 -2.375877E-14 -3.887442E-02 -1.331869E-01  3.021171E-13
        10   7 -2.970929E-01 -8.912788E-02 -3.103906E-13 -3.887442E-02  6.113152E-03  1.620048E-13
        10   8 -2.970929E-01 -8.912788E-02  1.446121E-12 -3.887442E-02  6.113152E-03  2.036007E-13
        11   1  8.313103E-01  2.493931E-01 -3.670952E-13  2.936546E-01 -4.494743E-01  7.443465E-14
        11   2  8.313103E-01  2.493931E-01 -1.839640E-13  2.936546E-01 -4.494743E-01  7.005614E-14
        11   3  8.313103E-01  2.493931E-01 -9.416357E-13  2.936546E-01  6.027880E-01 -8.757018E-14
        11   4  8.313103E-01  2.493931E-01 -8.515966E-13  2.936546E-01  6.027880E-01  3.502807E-14
        11   5 -8.313103E-01 -2.493931E-01  5.052625E-13 -2.936546E-01 -4.494743E-01  2.189254E-14
        11   6 -8.313103E-01 -2.493931E-01 -5.079270E-13 -2.936546E-01 -4.494743E-01  1.050842E-13
        11   7 -8.313103E-01 -2.493931E-01 -1.293965E-12 -2.936546E-01  6.027880E-01  8.757018E-15
        11   8 -8.313103E-01 -2.493931E-01 -1.205258E-12 -2.936546E-01  6.027880E-01  8.319167E-14
        12   1  4.493768E+00  1.348130E+00  2.043699E-12  6.656347E-01 -8.840060E-01  3.064956E-14
        12   2  4.493768E+00  1.348130E+00 -6.394885E-14  6.656347E-01 -8.840060E-01 -2.189254E-15
        12   3  4.493768E+00  1.348130E+00 -1.057820E-12  6.656347E-01  1.501185E+00  3.502807E-14
        12   4  4.493768E+00  1.348130E+00 -2.231104E-12  6.656347E-01  1.501185E+00 -4.378509E-15
        12   5 -4.493768E+00 -1.348130E+00  2.156497E-12 -6.656347E-01 -8.840060E-01  3.940658E-14
        12   6 -4.493768E+00 -1.348130E+00 -6.217249E-14 -6.656347E-01 -8.840060E-01 -6.786689E-14
        12   7 -4.493768E+00 -1.348130E+00 -1.128875E-12 -6.656347E-01  1.501185E+00  4.378509E-14
        12   8 -4.493768E+00 -1.348130E+00 -2.181366E-12 -6.656347E-01  1.501185E+00 -7.005614E-14
        13   1  4.361933E+00  1.308580E+00  2.976286E-12  8.957431E-02 -3.776024E-01  1.313553E-13
        13   2  4.361933E+00  1.308580E+00  1.970424E-12  8.957431E-02 -3.776024E-01 -1.039896E-13
        13   3  4.361933E+00  1.308580E+00 -2.053024E-12  8.957431E-02 -5.662779E-02  1.313553E-13
        13   4  4.361933E+00  1.308580E+00  1.034728E-13  8.957431E-02 -5.662779E-02 -1.018003E-13
        13   5 -4.361933E+00 -1.308580E+00  3.411049E-12 -8.957431E-02 -3.776024E-01  2.627105E-13
        13   6 -4.361933E+00 -1.308580E+00  2.437162E-12 -8.957431E-02 -3.776024E-01  5.801524E-14
        13   7 -4.361933E+00 -1.308580E+00 -1.465050E-12 -8.957431E-02 -5.662779E-02  2.670890E-13
        13   8 -4.361933E+00 -1.308580E+00  7.904788E-14 -8.957431E-02 -5.662779E-02 -8.757018E-15
        14   1 -4.290742E+00 -1.287223E+00 -1.708411E-12 -2.194652E-01  9.037745E-02  2.189254E-14
        14   2 -4.290742E+00 -1.287223E+00 -3.184120E-13 -2.194652E-01  9.037745E-02  5.254211E-14
        14   3 -4.290742E+00 -1.287223E+00  1.074252E-12 -2.194652E-01 -6.960395E-01  5.035285E-14
        14   4 -4.290742E+00 -1.287223E+00  1.147082E-12 -2.194652E-01 -6.960395E-01  7.662390E-14
        14   5  4.290742E+00  1.287223E+00 -1.878941E-12  2.194652E-01  9.037745E-02  7.443465E-14
        14   6  4.290742E+00  1.287223E+00 -1.161293E-12  2.194652E-01  9.037745E-02 -5.473136E-14
        14   7  4.290742E+00  1.287223E+00  4.440892E-14  2.194652E-01 -6.960395E-01  1.028950E-13
        14   8  4.290742E+00  1.287223E+00  1.343814E-12  2.194652E-01 -6.960395E-01  9.851645E-14
        15   1 -1.089277E+01 -3.267832E+00 -8.521184E-12 -1.050855E-01  6.572988E-02  4.159583E-14
        15   2 -1.089277E+01 -3.267832E+00 -5.146994E-12 -1.050855E-01  6.572988E-02 -3.459022E-13
        15   3 -1.089277E+01 -3.267832E+00  5.133671E-13 -1.050855E-01 -3.108266E-01  3.721732E-14
        15   4 -1.089277E+01 -3.267832E+00  1.620037E-12 -1.050855E-01 -3.108266E-01 -3.393344E-13
        15   5  1.089277E+01  3.267832E+00 -4.278355E-12  1.050855E-01  6.572988E-02 -6.348838E-14
        15   6  1.089277E+01  3.267832E+00 -6.563639E-13  1.050855E-01  6.572988E-02 -2.167362E-13
        15   7  1.089277E+01  3.267832E+00  3.282707E-12  1.050855E-01 -3.108266E-01 -6.786689E-14
        15   8  1.089277E+01  3.267832E+00  3.899991E-12  1.050855E-01 -3.108266E-01 -4.947715E-13
        16   1 -1.298755E+01 -3.896265E+00 -1.747935E-12 -3.997365E-02  5.399993E-02  8.538092E-14
        16   2 -1.298755E+01 -3.896265E+00 -3.092637E-12 -3.997365E-02  5.399993E-02  1.838974E-13
        16   3 -1.298755E+01 -3.896265E+00  2.508216E-12 -3.997365E-02 -8.923896E-02  9.194868E-14
        16   4 -1.298755E+01 -3.896265E+00 -2.879474E-12 -3.997365E-02 -8.923896E-02 -1.488693E-13
        16   5  1.298755E+01  3.896265E+00  2.451372E-13  3.997365E-02  5.399993E-02 -1.948436E-13
        16   6  1.298755E+01  3.896265E+00  1.112888E-12  3.997365E-02  5.399993E-02 -8.757018E-15
        16   7  1.298755E+01  3.896265E+00  4.991563E-12  3.997365E-02 -8.923896E-02 -1.882759E-13
        16   8  1.298755E+01  3.896265E+00  5.853096E-13  3.997365E-02 -8.923896E-02 -4.378509E-15
        17   1 -1.015491E+01 -3.046473E+00  7.585044E-13  2.022298E-01 -1.627253E-01  8.975943E-14
        17   2 -1.015491E+01 -3.046473E+00  2.726708E-13  2.022298E-01 -1.627253E-01  3.108741E-13
        17   3 -1.015491E+01 -3.046473E+00 -1.538325E-12  2.022298E-01  5.619313E-01  7.443465E-14
        17   4 -1.015491E+01 -3.046473E+00 -9.796608E-13  2.022298E-01  5.619313E-01  3.283882E-13
        17   5  1.015491E+01  3.046473E+00  2.311928E-12 -2.022298E-01 -1.627253E-01  1.072735E-13
        17   6  1.015491E+01  3.046473E+00 -7.105427E-14 -2.022298E-01 -1.627253E-01 -4.816360E-14
        17   7  1.015491E+01  3.046473E+00 -7.229772E-13 -2.022298E-01  5.619313E-01  9.413794E-14
        17   8  1.015491E+01  3.046473E+00  7.993606E-14 -2.022298E-01  5.619313E-01  7.881316E-14
        18   1 -2.416684E+00 -7.250052E-01 -1.950440E-12  2.839552E-01 -2.374007E-01 -1.663833E-13
        18   2 -2.416684E+00 -7.250052E-01  2.174261E-12  2.839552E-01 -2.374007E-01  1.149359E-13
        18   3 -2.416684E+00 -7.250052E-01  8.755219E-13  2.839552E-01  7.801053E-01  7.005614E-14
        18   4 -2.416684E+00 -7.250052E-01 -1.804334E-12  2.839552E-01  7.801053E-01  1.641941E-13
        18   5  2.416684E+00  7.250052E-01 -1.338707E-12 -2.839552E-01 -2.374007E-01 -2.802246E-13
        18   6  2.416684E+00  7.250052E-01  2.477574E-12 -2.839552E-01 -2.374007E-01  7.005614E-14
        18   7  2.416684E+00  7.250052E-01  2.600142E-13 -2.839552E-01  7.801053E-01  6.129912E-14
        18   8  2.416684E+00  7.250052E-01 -1.683764E-12 -2.839552E-01  7.801053E-01  1.674780E-13
        19   1  1.383099E+00  4.149298E-01  1.521006E-13 -6.561171E-02  5.762610E-02 -3.196311E-13
        19   2  1.383099E+00  4.149298E-01  1.297740E-12 -6.561171E-02  5.762610E-02  4.816360E-14
        19   3  1.383099E+00  4.149298E-01 -9.020562E-13 -6.561171E-02 -1.774825E-01 -2.922655E-13
        19   4  1.383099E+00  4.149298E-01  3.164136E-13 -6.561171E-02 -1.774825E-01  1.291660E-13
        19   5 -1.383099E+00 -4.149298E-01 -1.957323E-13  6.561171E-02  5.762610E-02 -3.524700E-13
        19   6 -1.383099E+00 -4.149298E-01  1.198708E-12  6.561171E-02  5.762610E-02 -5.582599E-14
        19   7 -1.383099E+00 -4.149298E-01 -1.248557E-12  6.561171E-02 -1.774825E-01 -3.448076E-13
        19   8 -1.383099E+00 -4.149298E-01 -2.753353E-14  6.561171E-02 -1.774825E-01 -4.706897E-14
        20   1  2.914863E-01  8.744588E-02  4.737044E-13 -6.375060E-02  5.378137E-02  5.254211E-14
        20   2  2.914863E-01  8.744588E-02  1.292966E-12 -6.375060E-02  5.378137E-02  2.079792E-14
        20   3  2.914863E-01  8.744588E-02  8.625045E-13 -6.375060E-02 -1.746583E-01  7.771853E-14
        20   4  2.914863E-01  8.744588E-02  3.184925E-12 -6.375060E-02 -1.746583E-01  6.129912E-14
        20   5 -2.914863E-01 -8.744588E-02  1.749434E-13  6.375060E-02  5.378137E-02 -3.831195E-14
        20   6 -2.914863E-01 -8.744588E-02  2.067707E-12  6.375060E-02  5.378137E-02  2.627105E-13
        20   7 -2.914863E-01 -8.744588E-02  7.430168E-14  6.375060E-02 -1.746583E-01 -6.567763E-14
        20   8 -2.914863E-01 -8.744588E-02  3.131884E-12  6.375060E-02 -1.746583E-01  1.455854E-13
        21   1 -1.179592E+01 -3.538777E+00 -8.404832E-12 -3.077125E-01 -9.794107E-01  1.094627E-15
        21   2 -1.179592E+01 -3.538777E+00 -1.845812E-11 -3.077125E-01 -9.794107E-01 -3.174419E-14
        21   3 -1.179592E+01 -3.538777E+00  1.154099E-11 -3.077125E-01 -1.949171E+00  1.094627E-14
        21   4 -1.179592E+01 -3.538777E+00  2.392753E-12 -3.077125E-01 -1.949171E+00 -1.751404E-14
        21   5  1.179592E+01  3.538777E+00 -8.435919E-12  3.077125E-01 -9.794107E-01  7.662390E-15
        21   6  1.179592E+01  3.538777E+00 -1.851674E-11  3.077125E-01 -9.794107E-01 -5.418405E-14
        21   7  1.179592E+01  3.538777E+00  1.151701E-11  3.077125E-01 -1.949171E+00  1.970329E-14
        21   8  1.179592E+01  3.538777E+00  2.398970E-12  3.077125E-01 -1.949171E+00 -3.229150E-14
        22   1  1.518398E+01  4.555193E+00  1.120437E-11  2.581702E-01 -2.789796E+00  1.505112E-13
        22   2  1.518398E+01  4.555193E+00  1.023004E-11  2.581702E-01 -2.789796E+00 -3.130634E-13
        22   3  1.518398E+01  4.555193E+00 -2.873257E-12  2.581702E-01 -1.976168E+00  2.369868E-13
        22   4  1.518398E+01  4.555193E+00 -1.845635E-12  2.581702E-01 -1.976168E+00 -2.200201E-13
        22   5 -1.518398E+01 -4.555193E+00  1.074874E-11 -2.581702E-01 -2.789796E+00  1.964856E-13
        22   6 -1.518398E+01 -4.555193E+00  8.757439E-12 -2.581702E-01 -2.789796E+00 -1.324499E-13
        22   7 -1.518398E+01 -4.555193E+00 -3.486988E-12 -2.581702E-01 -1.976168E+00  3.272935E-13
        22   8 -1.518398E+01 -4.555193E+00 -1.480593E-12 -2.581702E-01 -1.976168E+00 -7.115077E-14
        23   1 -6.899257E+00 -2.069777E+00 -9.896528E-12  1.390063E+00 -1.184110E+00  2.189254E-14
        23   2 -6.899257E+00 -2.069777E+00  1.199929E-12  1.390063E+00 -1.184110E+00  3.677947E-13
        23   3 -6.899257E+00 -2.069777E+00 -1.671108E-12  1.390063E+00  3.196695E+00  1.225982E-13
        23   4 -6.899257E+00 -2.069777E+00  4.189538E-12  1.390063E+00  3.196695E+00  5.779632E-13
        23   5  6.899257E+00  2.069777E+00 -7.996714E-12 -1.390063E+00 -1.184110E+00  1.751404E-14
        23   6  6.899257E+00  2.069777E+00  2.020606E-13 -1.390063E+00 -1.184110E+00  6.129912E-14
        23   7  6.899257E+00  2.069777E+00  7.247536E-13 -1.390063E+00  3.196695E+00  8.757018E-14
        23   8  6.899257E+00  2.069777E+00  2.917222E-12 -1.390063E+00  3.196695E+00  1.225982E-13
        24   1 -5.269098E+00 -1.580729E+00  9.867662E-13 -8.147743E-01  4.549203E-01  2.802246E-13
        24   2 -5.269098E+00 -1.580729E+00 -3.388845E-12 -8.147743E-01  4.549203E-01  5.254211E-13
        24   3 -5.269098E+00 -1.580729E+00 -2.389200E-13 -8.147743E-01 -2.112853E+00  6.305053E-13
        24   4 -5.269098E+00 -1.580729E+00 -2.039702E-12 -8.147743E-01 -2.112853E+00  8.757018E-14
        24   5  5.269098E+00  1.580729E+00  4.073186E-12  8.147743E-01  4.549203E-01  2.101684E-13
        24   6  5.269098E+00  1.580729E+00 -4.095835E-12  8.147743E-01  4.549203E-01 -2.627105E-14
        24   7  5.269098E+00  1.580729E+00  2.357670E-12  8.147743E-01 -2.112853E+00  3.502807E-13
        24   8  5.269098E+00  1.580729E+00 -3.359979E-12  8.147743E-01 -2.112853E+00 -1.401123E-13
        25   1 -1.057926E+01 -3.173778E+00 -4.068745E-12  2.030483E-01  1.228287E-01  2.714675E-13
        25   2 -1.057926E+01 -3.173778E+00 -4.288125E-12  2.030483E-01  1.228287E-01  2.539535E-13
        25   3 -1.057926E+01 -3.173778E+00 -4.601652E-12  2.030483E-01  7.627384E-01 -2.014114E-13
        25   4 -1.057926E+01 -3.173778E+00 -1.389999E-12  2.030483E-01  7.627384E-01  7.005614E-14
        25   5  1.057926E+01  3.173778E+00 -4.252598E-12 -2.030483E-01  1.228287E-01 -6.129912E-14
        25   6  1.057926E+01  3.173778E+00 -5.566214E-12 -2.030483E-01  1.228287E-01 -5.079070E-13
        25   7  1.057926E+01  3.173778E+00  6.172840E-13 -2.030483E-01  7.627384E-01 -4.553649E-13
        25   8  1.057926E+01  3.173778E+00  1.874056E-12 -2.030483E-01  7.627384E-01 -6.129912E-13
        26   1 -6.936814E+00 -2.081044E+00  3.307576E-12 -5.862379E-01  7.326165E-01 -5.079070E-13
        26   2 -6.936814E+00 -2.081044E+00 -6.257217E-13 -5.862379E-01  7.326165E-01  3.064956E-14
        26   3 -6.936814E+00 -2.081044E+00 -1.254552E-12 -5.862379E-01 -1.114921E+00 -1.050842E-13
        26   4 -6.936814E+00 -2.081044E+00  9.428014E-13 -5.862379E-01 -1.114921E+00  1.050842E-13
        26   5  6.936814E+00  2.081044E+00  1.526335E-12  5.862379E-01  7.326165E-01 -5.516921E-13
        26   6  6.936814E+00  2.081044E+00 -6.856737E-13  5.862379E-01  7.326165E-01  6.129912E-14
        26   7  6.936814E+00  2.081044E+00 -1.563194E-12  5.862379E-01 -1.114921E+00 -7.881316E-14
        26   8  6.936814E+00  2.081044E+00 -3.284040E-12  5.862379E-01 -1.114921E+00  1.926544E-13
        27   1 -1.856023E+00 -5.568070E-01 -4.318434E-12 -3.987125E-01  1.042644E+00 -4.531757E-13
        27   2 -1.856023E+00 -5.568070E-01  1.983413E-12 -3.987125E-01  1.042644E+00  1.499639E-13
        27   3 -1.856023E+00 -5.568070E-01  1.675660E-12 -3.987125E-01 -2.139043E-01 -1.466800E-13
        27   4 -1.856023E+00 -5.568070E-01 -2.259082E-12 -3.987125E-01 -2.139043E-01  2.528589E-13
        27   5  1.856023E+00  5.568070E-01 -5.216161E-12  3.987125E-01  1.042644E+00 -3.853088E-13
        27   6  1.856023E+00  5.568070E-01  1.457612E-12  3.987125E-01  1.042644E+00  1.357338E-13
        27   7  1.856023E+00  5.568070E-01  5.375700E-13  3.987125E-01 -2.139043E-01 -2.824138E-13
        27   8  1.856023E+00  5.568070E-01 -2.168044E-12  3.987125E-01 -2.139043E-01  2.342502E-13
        28   1  1.820762E+00  5.462285E-01  1.053491E-12  1.687871E-01 -6.829821E-01 -5.068124E-13
        28   2  1.820762E+00  5.462285E-01  2.158607E-12  1.687871E-01 -6.829821E-01  2.955493E-13
        28   3  1.820762E+00  5.462285E-01 -1.720846E-12  1.687871E-01 -1.510471E-01 -5.024339E-13
        28   4  1.820762E+00  5.462285E-01  6.628031E-13  1.687871E-01 -1.510471E-01  2.900762E-13
        28   5 -1.820762E+00 -5.462285E-01  1.358913E-12 -1.687871E-01 -6.829821E-01 -4.378509E-13
        28   6 -1.820762E+00 -5.462285E-01  1.732392E-12 -1.687871E-01 -6.829821E-01  9.523257E-14
        28   7 -1.820762E+00 -5.462285E-01 -1.414757E-12 -1.687871E-01 -1.510471E-01 -4.433240E-13
        28   8 -1.820762E+00 -5.462285E-01  4.755085E-13 -1.687871E-01 -1.510471E-01  8.975943E-14
        29   1 -1.120514E+00 -3.361541E-01 -1.465494E-12  1.097131E-01 -7.956300E-03  2.320610E-13
        29   2 -1.120514E+00 -3.361541E-01  3.211209E-12  1.097131E-01 -7.956300E-03 -5.035285E-14
        29   3 -1.120514E+00 -3.361541E-01 -9.233725E-13  1.097131E-01  3.378063E-01  2.025060E-13
        29   4 -1.120514E+00 -3.361541E-01  4.796386E-12  1.097131E-01  3.378063E-01 -9.851645E-14
        29   5  1.120514E+00  3.361541E-01 -9.561241E-13 -1.097131E-01 -7.956300E-03  1.401123E-13
        29   6  1.120514E+00  3.361541E-01  1.669220E-12 -1.097131E-01 -7.956300E-03  4.050121E-13
        29   7  1.120514E+00  3.361541E-01 -6.584733E-13 -1.097131E-01  3.378063E-01  5.330834E-13
        29   8  1.120514E+00  3.361541E-01  5.552447E-12 -1.097131E-01  3.378063E-01  2.014114E-13
        30   1  2.631185E+00  7.893555E-01  1.283862E-12  1.958982E+00 -2.732282E+00 -4.378509E-15
        30   2  2.631185E+00  7.893555E-01 -4.649614E-13  1.958982E+00 -2.732282E+00 -4.706897E-14
        30   3  2.631185E+00  7.893555E-01 -2.708722E-12  1.958982E+00  3.441479E+00  1.313553E-14
        30   4  2.631185E+00  7.893555E-01 -2.573719E-12  1.958982E+00  3.441479E+00 -4.706897E-14
        30   5 -2.631185E+00 -7.893555E-01  1.033174E-12 -1.958982E+00 -2.732282E+00  0.000000E+00
        30   6 -2.631185E+00 -7.893555E-01 -4.147793E-13 -1.958982E+00 -2.732282E+00 -9.523257E-14
        30   7 -2.631185E+00 -7.893555E-01 -3.144152E-12 -1.958982E+00  3.441479E+00 -4.378509E-15
        30   8 -2.631185E+00 -7.893555E-01 -2.584377E-12 -1.958982E+00  3.441479E+00 -8.647555E-14
        31   1  4.723546E+00  1.417064E+00  2.640554E-12  5.794326E-01 -1.131218E+00  2.441019E-13
        31   2  4.723546E+00  1.417064E+00 -1.834533E-12  5.794326E-01 -1.131218E+00 -2.451965E-13
        31   3  4.723546E+00  1.417064E+00  4.938272E-13  5.794326E-01  6.948726E-01  2.473857E-13
        31   4  4.723546E+00  1.417064E+00  1.194156E-12  5.794326E-01  6.948726E-01 -2.057899E-13
        31   5 -4.723546E+00 -1.417064E+00  1.215916E-12 -5.794326E-01 -1.131218E+00  3.043064E-13
        31   6 -4.723546E+00 -1.417064E+00 -1.668443E-12 -5.794326E-01 -1.131218E+00 -1.620048E-13
        31   7 -4.723546E+00 -1.417064E+00 -8.117951E-13 -5.794326E-01  6.948726E-01  3.437129E-13
        31   8 -4.723546E+00 -1.417064E+00 -1.123546E-13 -5.794326E-01  6.948726E-01 -1.225982E-13
        32   1 -3.567149E+00 -1.070145E+00  2.728040E-12 -7.557290E-01  1.066408E+00 -7.443465E-14
        32   2 -3.567149E+00 -1.070145E+00 -5.668799E-13 -7.557290E-01  1.066408E+00  1.537951E-13
        32   3 -3.567149E+00 -1.070145E+00  1.926459E-12 -7.557290E-01 -1.315284E+00 -2.583320E-13
        32   4 -3.567149E+00 -1.070145E+00 -3.880229E-12 -7.557290E-01 -1.315284E+00  1.646730E-13
        32   5  3.567149E+00  1.070145E+00  4.074519E-13  7.557290E-01  1.066408E+00  3.152526E-13
        32   6  3.567149E+00  1.070145E+00 -8.641976E-13  7.557290E-01  1.066408E+00  2.104421E-13
        32   7  3.567149E+00  1.070145E+00 -6.366019E-13  7.557290E-01 -1.315284E+00  2.627105E-13
        32   8  3.567149E+00  1.070145E+00 -5.463630E-12  7.557290E-01 -1.315284E+00  1.646730E-13
        33   1 -7.403945E+00 -2.221183E+00 -2.309264E-13 -1.561724E-01  1.789045E-01  2.878870E-13
        33   2 -7.403945E+00 -2.221183E+00 -1.203482E-12 -1.561724E-01  1.789045E-01  5.232318E-13
        33   3 -7.403945E+00 -2.221183E+00  1.180389E-12 -1.561724E-01 -3.132752E-01  7.662390E-14
        33   4 -7.403945E+00 -2.221183E+00  8.224532E-13 -1.561724E-01 -3.132752E-01  2.233039E-13
        33   5  7.403945E+00  2.221183E+00 -2.115641E-12  1.561724E-01  1.789045E-01  1.455854E-13
        33   6  7.403945E+00  2.221183E+00  1.008083E-13  1.561724E-01  1.789045E-01  2.408180E-13
        33   7  7.403945E+00  2.221183E+00  1.259437E-12  1.561724E-01 -3.132752E-01  1.455854E-13
        33   8  7.403945E+00  2.221183E+00  1.880718E-12  1.561724E-01 -3.132752E-01  2.386287E-13
        34   1 -8.909717E+00 -2.672915E+00 -1.153744E-12 -3.019649E-01  5.012737E-01  4.072013E-13
        34   2 -8.909717E+00 -2.672915E+00  2.025047E-13 -3.019649E-01  5.012737E-01 -1.707618E-13
        34   3 -8.909717E+00 -2.672915E+00 -3.831602E-12 -3.019649E-01 -4.503732E-01  3.393344E-13
        34   4 -8.909717E+00 -2.672915E+00  4.758860E-12 -3.019649E-01 -4.503732E-01  1.313553E-14
        34   5  8.909717E+00  2.672915E+00 -6.394885E-13  3.019649E-01  5.012737E-01  2.758461E-13
        34   6  8.909717E+00  2.672915E+00 -3.854694E-13  3.019649E-01  5.012737E-01  6.567763E-14
        34   7  8.909717E+00  2.672915E+00  2.081002E-12  3.019649E-01 -4.503732E-01  2.780353E-13
        34   8  8.909717E+00  2.672915E+00 -1.172396E-13  3.019649E-01 -4.503732E-01  5.692061E-14
        35   1 -7.550131E+00 -2.265039E+00  3.584688E-12  2.207544E-01 -3.284415E-01 -6.086127E-13
        35   2 -7.550131E+00 -2.265039E+00  2.156941E-12  2.207544E-01 -3.284415E-01 -2.123577E-13
        35   3 -7.550131E+00 -2.265039E+00  8.939516E-13  2.207544E-01  3.672693E-01 -3.064956E-13
        35   4 -7.550131E+00 -2.265039E+00  3.514522E-12  2.207544E-01  3.672693E-01  2.408180E-14
        35   5  7.550131E+00  2.265039E+00  1.567191E-12 -2.207544E-01 -3.284415E-01 -4.641219E-13
        35   6  7.550131E+00  2.265039E+00 -2.435385E-12 -2.207544E-01 -3.284415E-01 -1.401123E-13
        35   7  7.550131E+00  2.265039E+00 -1.385558E-13 -2.207544E-01  3.672693E-01 -2.364395E-13
        35   8  7.550131E+00  2.265039E+00  1.007194E-12 -2.207544E-01  3.672693E-01  2.254932E-13
        36   1 -1.246447E+00 -3.739340E-01 -8.604228E-13  3.750016E-01 -2.847579E-01 -2.408180E-13
        36   2 -1.246447E+00 -3.739340E-01  3.140821E-12  3.750016E-01 -2.847579E-01  2.230303E-13
        36   3 -1.246447E+00 -3.739340E-01  2.730705E-12  3.750016E-01  8.970652E-01 -2.430072E-13
        36   4 -1.246447E+00 -3.739340E-01 -3.015699E-12  3.750016E-01  8.970652E-01  3.582167E-13
        36   5  1.246447E+00  3.739340E-01 -2.649769E-12 -3.750016E-01 -2.847579E-01 -5.210425E-13
        36   6  1.246447E+00  3.739340E-01  2.206790E-12 -3.750016E-01 -2.847579E-01 -2.572374E-14
        36   7  1.246447E+00  3.739340E-01  1.923128E-12 -3.750016E-01  8.970652E-01 -5.232318E-13
        36   8  1.246447E+00  3.739340E-01 -3.825273E-12 -3.750016E-01  8.970652E-01  1.143885E-13
        37   1  1.530034E+00  4.590101E-01 -4.387601E-13 -2.993147E-01  1.267813E-01 -5.170745E-13
        37   2  1.530034E+00  4.590101E-01  8.433254E-13 -2.993147E-01  1.267813E-01  1.127466E-13
        37   3  1.530034E+00  4.590101E-01 -1.093792E-12 -2.993147E-01 -8.165136E-01 -5.522394E-13
        37   4  1.530034E+00  4.590101E-01  1.258771E-12 -2.993147E-01 -8.165136E-01  7.662390E-14
        37   5 -1.530034E+00 -4.590101E-01 -6.362688E-13  2.993147E-01  1.267813E-01 -5.083859E-13
        37   6 -1.530034E+00 -4.590101E-01  1.472822E-12  2.993147E-01  1.267813E-01 -3.448076E-14
        37   7 -1.530034E+00 -4.590101E-01 -9.554579E-13  2.993147E-01 -8.165136E-01 -5.445770E-13
        37   8 -1.530034E+00 -4.590101E-01  2.133183E-12  2.993147E-01 -8.165136E-01 -6.950883E-14
        38   1 -9.389524E-01 -2.816857E-01  7.599477E-13 -8.174023E-02  2.621121E-01  1.893705E-13
        38   2 -9.389524E-01 -2.816857E-01  1.318168E-12 -8.174023E-02  2.621121E-01  1.729511E-13
        38   3 -9.389524E-01 -2.816857E-01 -2.523648E-12 -8.174023E-02  4.506519E-03  2.659944E-13
        38   4 -9.389524E-01 -2.816857E-01  3.001044E-12 -8.174023E-02  4.506519E-03  1.149359E-13
        38   5  9.389524E-01  2.816857E-01  2.159384E-13  8.174023E-02  2.621121E-01 -9.085406E-14
        38   6  9.389524E-01  2.816857E-01  2.889078E-12  8.174023E-02  2.621121E-01  3.283882E-14
        38   7  9.389524E-01  2.816857E-01 -1.109501E-12  8.174023E-02  4.506519E-03 -1.576263E-13
        38   8  9.389524E-01  2.816857E-01  3.187894E-12  8.174023E-02  4.506519E-03  7.005614E-14
        39   1  0.000000E+00  0.000000E+00  0.000000E+00  0.000000E+00  0.000000E+00  0.000000E+00
        39   2  0.000000E+00  0.000000E+00  0.000000E+00  0.000000E+00  0.000000E+00  0.000000E+00
        39   3  0.000000E+00  0.000000E+00  0.000000E+00  0.000000E+00  0.000000E+00  0.000000E+00
        39   4  0.000000E+00  0.000000E+00  0.000000E+00  0.000000E+00  0.000000E+00  0.000000E+00
        39   5  0.000000E+00  0.000000E+00  0.000000E+00  0.000000E+00  0.000000E+00  0.000000E+00
        39   6  0.000000E+00  0.000000E+00  0.000000E+00  0.000000E+00  0.000000E+00  0.000000E+00
        39   7  0.000000E+00  0.000000E+00  0.000000E+00  0.000000E+00  0.000000E+00  0.000000E+00
        39   8  0.000000E+00  0.000000E+00  0.000000E+00  0.000000E+00  0.000000E+00  0.000000E+00
        40   1  0.000000E+00  0.000000E+00  0.000000E+00  0.000000E+00  0.000000E+00  0.000000E+00
        40   2  0.000000E+00  0.000000E+00  0.000000E+00  0.000000E+00  0.000000E+00  0.000000E+00
        40   3  0.000000E+00  0.000000E+00  0.000000E+00  0.000000E+00  0.000000E+00  0.000000E+00
        40   4  0.000000E+00  0.000000E+00  0.000000E+00  0.000000E+00  0.000000E+00  0.000000E+00
        40   5  0.000000E+00  0.000000E+00  0.000000E+00  0.000000E+00  0.000000E+00  0.000000E+00
        40   6  0.000000E+00  0.000000E+00  0.000000E+00  0.000000E+00  0.000000E+00  0.000000E+00
        40   7  0.000000E+00  0.000000E+00  0.000000E+00  0.000000E+00  0.000000E+00  0.000000E+00
        40   8  0.000000E+00  0.000000E+00  0.000000E+00  0.000000E+00  0.000000E+00  0.000000E+00
        41   1  0.000000E+00  0.000000E+00  0.000000E+00  0.000000E+00  0.000000E+00  0.000000E+00
        41   2  0.000000E+00  0.000000E+00  0.000000E+00  0.000000E+00  0.000000E+00  0.000000E+00
        41   3  0.000000E+00  0.000000E+00  0.000000E+00  0.000000E+00  0.000000E+00  0.000000E+00
        41   4  0.000000E+00  0.000000E+00  0.000000E+00  0.000000E+00  0.000000E+00  0.000000E+00
        41   5  0.000000E+00  0.000000E+00  0.000000E+00  0.000000E+00  0.000000E+00  0.000000E+00
        41   6  0.000000E+00  0.000000E+00  0.000000E+00  0.000000E+00  0.000000E+00  0.000000E+00
        41   7  0.000000E+00  0.000000E+00  0.000000E+00  0.000000E+00  0.000000E+00  0.000000E+00
        41   8  0.000000E+00  0.000000E+00  0.000000E+00  0.000000E+00  0.000000E+00  0.000000E+00
        42   1  0.000000E+00  0.000000E+00  0.000000E+00  0.000000E+00  0.000000E+00  0.000000E+00
        42   2  0.000000E+00  0.000000E+00  0.000000E+00  0.000000E+00  0.000000E+00  0.000000E+00
        42   3  0.000000E+00  0.000000E+00  0.000000E+00  0.000000E+00  0.000000E+00  0.000000E+00
        42   4  0.000000E+00  0.000000E+00  0.000000E+00  0.000000E+00  0.000000E+00  0.000000E+00
        42   5  0.000000E+00  0.000000E+00  0.000000E+00  0.000000E+00  0.000000E+00  0.000000E+00
        42   6  0.000000E+00  0.000000E+00  0.000000E+00  0.000000E+00  0.000000E+00  0.000000E+00
        42   7  0.000000E+00  0.000000E+00  0.000000E+00  0.000000E+00  0.000000E+00  0.000000E+00
        42   8  0.000000E+00  0.000000E+00  0.000000E+00  0.000000E+00  0.000000E+00  0.000000E+00
        43   1  0.000000E+00  0.000000E+00  0.000000E+00  0.000000E+00  0.000000E+00  0.000000E+00
        43   2  0.000000E+00  0.000000E+00  0.000000E+00  0.000000E+00  0.000000E+00  0.000000E+00
        43   3  0.000000E+00  0.000000E+00  0.000000E+00  0.000000E+00  0.000000E+00  0.000000E+00
        43   4  0.000000E+00  0.000000E+00  0.000000E+00  0.000000E+00  0.000000E+00  0.000000E+00
        43   5  0.000000E+00  0.000000E+00  0.000000E+00  0.000000E+00  0.000000E+00  0.000000E+00
        43   6  0.000000E+00  0.000000E+00  0.000000E+00  0.000000E+00  0.000000E+00  0.000000E+00
        43   7  0.000000E+00  0.000000E+00  0.000000E+00  0.000000E+00  0.000000E+00  0.000000E+00
        43   8  0.000000E+00  0.000000E+00  0.000000E+00  0.000000E+00  0.000000E+00  0.000000E+00
        44   1  0.000000E+00  0.000000E+00  0.000000E+00  0.000000E+00  0.000000E+00  0.000000E+00
        44   2  0.000000E+00  0.000000E+00  0.000000E+00  0.000000E+00  0.000000E+00  0.000000E+00
        44   3  0.000000E+00  0.000000E+00  0.000000E+00  0.000000E+00  0.000000E+00  0.000000E+00
        44   4  0.000000E+00  0.000000E+00  0.000000E+00  0.000000E+00  0.000000E+00  0.000000E+00
        44   5  0.000000E+00  0.000000E+00  0.000000E+00  0.000000E+00  0.000000E+00  0.000000E+00
        44   6  0.000000E+00  0.000000E+00  0.000000E+00  0.000000E+00  0.000000E+00  0.000000E+00
        44   7  0.000000E+00  0.000000E+00  0.000000E+00  0.000000E+00  0.000000E+00  0.000000E+00
        44   8  0.000000E+00  0.000000E+00  0.000000E+00  0.000000E+00  0.000000E+00  0.000000E+00
        45   1  0.000000E+00  0.000000E+00  0.000000E+00  0.000000E+00  0.000000E+00  0.000000E+00
        45   2  0.000000E+00  0.000000E+00  0.000000E+00  0.000000E+00  0.000000E+00  0.000000E+00
        45   3  0.000000E+00  0.000000E+00  0.000000E+00  0.000000E+00  0.000000E+00  0.000000E+00
        45   4  0.000000E+00  0.000000E+00  0.000000E+00  0.000000E+00  0.000000E+00  0.000000E+00
        45   5  0.000000E+00  0.000000E+00  0.000000E+00  0.000000E+00  0.000000E+00  0.000000E+00
        45   6  0.000000E+00  0.000000E+00  0.000000E+00  0.000000E+00  0.000000E+00  0.000000E+00
        45   7  0.000000E+00  0.000000E+00  0.000000E+00  0.000000E+00  0.000000E+00  0.000000E+00
        45   8  0.000000E+00  0.000000E+00  0.000000E+00  0.000000E+00  0.000000E+00  0.000000E+00
        46   1  0.000000E+00  0.000000E+00  0.000000E+00  0.000000E+00  0.000000E+00  0.000000E+00
        46   2  0.000000E+00  0.000000E+00  0.000000E+00  0.000000E+00  0.000000E+00  0.000000E+00
        46   3  0.000000E+00  0.000000E+00  0.000000E+00  0.000000E+00  0.000000E+00  0.000000E+00
        46   4  0.000000E+00  0.000000E+00  0.000000E+00  0.000000E+00  0.000000E+00  0.000000E+00
        46   5  0.000000E+00  0.000000E+00  0.000000E+00  0.000000E+00  0.000000E+00  0.000000E+00
        46   6  0.000000E+00  0.000000E+00  0.000000E+00  0.000000E+00  0.000000E+00  0.000000E+00
        46   7  0.000000E+00  0.000000E+00  0.000000E+00  0.000000E+00  0.000000E+00  0.000000E+00
        46   8  0.000000E+00  0.000000E+00  0.000000E+00  0.000000E+00  0.000000E+00  0.000000E+00
        47   1  0.000000E+00  0.000000E+00  0.000000E+00  0.000000E+00  0.000000E+00  0.000000E+00
        47   2  0.000000E+00  0.000000E+00  0.000000E+00  0.000000E+00  0.000000E+00  0.000000E+00
        47   3  0.000000E+00  0.000000E+00  0.000000E+00  0.000000E+00  0.000000E+00  0.000000E+00
        47   4  0.000000E+00  0.000000E+00  0.000000E+00  0.000000E+00  0.000000E+00  0.000000E+00
        47   5  0.000000E+00  0.000000E+00  0.000000E+00  0.000000E+00  0.000000E+00  0.000000E+00
        47   6  0.000000E+00  0.000000E+00  0.000000E+00  0.000000E+00  0.000000E+00  0.000000E+00
        47   7  0.000000E+00  0.000000E+00  0.000000E+00  0.000000E+00  0.000000E+00  0.000000E+00
        47   8  0.000000E+00  0.000000E+00  0.000000E+00  0.000000E+00  0.000000E+00  0.000000E+00
        48   1  0.000000E+00  0.000000E+00  0.000000E+00  0.000000E+00  0.000000E+00  0.000000E+00
        48   2  0.000000E+00  0.000000E+00  0.000000E+00  0.000000E+00  0.000000E+00  0.000000E+00
        48   3  0.000000E+00  0.000000E+00  0.000000E+00  0.000000E+00  0.000000E+00  0.000000E+00
        48   4  0.000000E+00  0.000000E+00  0.000000E+00  0.000000E+00  0.000000E+00  0.000000E+00
        48   5  0.000000E+00  0.000000E+00  0.000000E+00  0.000000E+00  0.000000E+00  0.000000E+00
        48   6  0.000000E+00  0.000000E+00  0.000000E+00  0.000000E+00  0.000000E+00  0.000000E+00
        48   7  0.000000E+00  0.000000E+00  0.000000E+00  0.000000E+00  0.000000E+00  0.000000E+00
        48   8  0.000000E+00  0.000000E+00  0.000000E+00  0.000000E+00  0.000000E+00  0.000000E+00
        49   1  0.000000E+00  0.000000E+00  0.000000E+00  0.000000E+00  0.000000E+00  0.000000E+00
        49   2  0.000000E+00  0.000000E+00  0.000000E+00  0.000000E+00  0.000000E+00  0.000000E+00
        49   3  0.000000E+00  0.000000E+00  0.000000E+00  0.000000E+00  0.000000E+00  0.000000E+00
        49   4  0.000000E+00  0.000000E+00  0.000000E+00  0.000000E+00  0.000000E+00  0.000000E+00
        49   5  0.000000E+00  0.000000E+00  0.000000E+00  0.000000E+00  0.000000E+00  0.000000E+00
        49   6  0.000000E+00  0.000000E+00  0.000000E+00  0.000000E+00  0.000000E+00  0.000000E+00
        49   7  0.000000E+00  0.000000E+00  0.000000E+00  0.000000E+00  0.000000E+00  0.000000E+00
        49   8  0.000000E+00  0.000000E+00  0.000000E+00  0.000000E+00  0.000000E+00  0.000000E+00
        50   1  0.000000E+00  0.000000E+00  0.000000E+00  0.000000E+00  0.000000E+00  0.000000E+00
        50   2  0.000000E+00  0.000000E+00  0.000000E+00  0.000000E+00  0.000000E+00  0.000000E+00
        50   3  0.000000E+00  0.000000E+00  0.000000E+00  0.000000E+00  0.000000E+00  0.000000E+00
        50   4  0.000000E+00  0.000000E+00  0.000000E+00  0.000000E+00  0.000000E+00  0.000000E+00
        50   5  0.000000E+00  0.000000E+00  0.000000E+00  0.000000E+00  0.000000E+00  0.000000E+00
        50   6  0.000000E+00  0.000000E+00  0.000000E+00  0.000000E+00  0.000000E+00  0.000000E+00
        50   7  0.000000E+00  0.000000E+00  0.000000E+00  0.000000E+00  0.000000E+00  0.000000E+00
        50   8  0.000000E+00  0.000000E+00  0.000000E+00  0.000000E+00  0.000000E+00  0.000000E+00
        51   1  0.000000E+00  0.000000E+00  0.000000E+00  0.000000E+00  0.000000E+00  0.000000E+00
        51   2  0.000000E+00  0.000000E+00  0.000000E+00  0.000000E+00  0.000000E+00  0.000000E+00
        51   3  0.000000E+00  0.000000E+00  0.000000E+00  0.000000E+00  0.000000E+00  0.000000E+00
        51   4  0.000000E+00  0.000000E+00  0.000000E+00  0.000000E+00  0.000000E+00  0.000000E+00
        51   5  0.000000E+00  0.000000E+00  0.000000E+00  0.000000E+00  0.000000E+00  0.000000E+00
        51   6  0.000000E+00  0.000000E+00  0.000000E+00  0.000000E+00  0.000000E+00  0.000000E+00
        51   7  0.000000E+00  0.000000E+00  0.000000E+00  0.000000E+00  0.000000E+00  0.000000E+00
        51   8  0.000000E+00  0.000000E+00  0.000000E+00  0.000000E+00  0.000000E+00  0.000000E+00
        52   1  0.000000E+00  0.000000E+00  0.000000E+00  0.000000E+00  0.000000E+00  0.000000E+00
        52   2  0.000000E+00  0.000000E+00  0.000000E+00  0.000000E+00  0.000000E+00  0.000000E+00
        52   3  0.000000E+00  0.000000E+00  0.000000E+00  0.000000E+00  0.000000E+00  0.000000E+00
        52   4  0.000000E+00  0.000000E+00  0.000000E+00  0.000000E+00  0.000000E+00  0.000000E+00
        52   5  0.000000E+00  0.000000E+00  0.000000E+00  0.000000E+00  0.000000E+00  0.000000E+00
        52   6  0.000000E+00  0.000000E+00  0.000000E+00  0.000000E+00  0.000000E+00  0.000000E+00
        52   7  0.000000E+00  0.000000E+00  0.000000E+00  0.000000E+00  0.000000E+00  0.000000E+00
        52   8  0.000000E+00  0.000000E+00  0.000000E+00  0.000000E+00  0.000000E+00  0.000000E+00
        53   1  0.000000E+00  0.000000E+00  0.000000E+00  0.000000E+00  0.000000E+00  0.000000E+00
        53   2  0.000000E+00  0.000000E+00  0.000000E+00  0.000000E+00  0.000000E+00  0.000000E+00
        53   3  0.000000E+00  0.000000E+00  0.000000E+00  0.000000E+00  0.000000E+00  0.000000E+00
        53   4  0.000000E+00  0.000000E+00  0.000000E+00  0.000000E+00  0.000000E+00  0.000000E+00
        53   5  0.000000E+00  0.000000E+00  0.000000E+00  0.000000E+00  0.000000E+00  0.000000E+00
        53   6  0.000000E+00  0.000000E+00  0.000000E+00  0.000000E+00  0.000000E+00  0.000000E+00
        53   7  0.000000E+00  0.000000E+00  0.000000E+00  0.000000E+00  0.000000E+00  0.000000E+00
        53   8  0.000000E+00  0.000000E+00  0.000000E+00  0.000000E+00  0.000000E+00  0.000000E+00
        54   1  0.000000E+00  0.000000E+00  0.000000E+00  0.000000E+00  0.000000E+00  0.000000E+00
        54   2  0.000000E+00  0.000000E+00  0.000000E+00  0.000000E+00  0.000000E+00  0.000000E+00
        54   3  0.000000E+00  0.000000E+00  0.000000E+00  0.000000E+00  0.000000E+00  0.000000E+00
        54   4  0.000000E+00  0.000000E+00  0.000000E+00  0.000000E+00  0.000000E+00  0.000000E+00
        54   5  0.000000E+00  0.000000E+00  0.000000E+00  0.000000E+00  0.000000E+00  0.000000E+00
        54   6  0.000000E+00  0.000000E+00  0.000000E+00  0.000000E+00  0.000000E+00  0.000000E+00
        54   7  0.000000E+00  0.000000E+00  0.000000E+00  0.000000E+00  0.000000E+00  0.000000E+00
        54   8  0.000000E+00  0.000000E+00  0.000000E+00  0.000000E+00  0.000000E+00  0.000000E+00
        55   1  0.000000E+00  0.000000E+00  0.000000E+00  0.000000E+00  0.000000E+00  0.000000E+00
        55   2  0.000000E+00  0.000000E+00  0.000000E+00  0.000000E+00  0.000000E+00  0.000000E+00
        55   3  0.000000E+00  0.000000E+00  0.000000E+00  0.000000E+00  0.000000E+00  0.000000E+00
        55   4  0.000000E+00  0.000000E+00  0.000000E+00  0.000000E+00  0.000000E+00  0.000000E+00
        55   5  0.000000E+00  0.000000E+00  0.000000E+00  0.000000E+00  0.000000E+00  0.000000E+00
        55   6  0.000000E+00  0.000000E+00  0.000000E+00  0.000000E+00  0.000000E+00  0.000000E+00
        55   7  0.000000E+00  0.000000E+00  0.000000E+00  0.000000E+00  0.000000E+00  0.000000E+00
        55   8  0.000000E+00  0.000000E+00  0.000000E+00  0.000000E+00  0.000000E+00  0.000000E+00
        56   1  0.000000E+00  0.000000E+00  0.000000E+00  0.000000E+00  0.000000E+00  0.000000E+00
        56   2  0.000000E+00  0.000000E+00  0.000000E+00  0.000000E+00  0.000000E+00  0.000000E+00
        56   3  0.000000E+00  0.000000E+00  0.000000E+00  0.000000E+00  0.000000E+00  0.000000E+00
        56   4  0.000000E+00  0.000000E+00  0.000000E+00  0.000000E+00  0.000000E+00  0.000000E+00
        56   5  0.000000E+00  0.000000E+00  0.000000E+00  0.000000E+00  0.000000E+00  0.000000E+00
        56   6  0.000000E+00  0.000000E+00  0.000000E+00  0.000000E+00  0.000000E+00  0.000000E+00
        56   7  0.000000E+00  0.000000E+00  0.000000E+00  0.000000E+00  0.000000E+00  0.000000E+00
        56   8  0.000000E+00  0.000000E+00  0.000000E+00  0.000000E+00  0.000000E+00  0.000000E+00
        57   1  0.000000E+00  0.000000E+00  0.000000E+00  0.000000E+00  0.000000E+00  0.000000E+00
        57   2  0.000000E+00  0.000000E+00  0.000000E+00  0.000000E+00  0.000000E+00  0.000000E+00
        57   3  0.000000E+00  0.000000E+00  0.000000E+00  0.000000E+00  0.000000E+00  0.000000E+00
        57   4  0.000000E+00  0.000000E+00  0.000000E+00  0.000000E+00  0.000000E+00  0.000000E+00
        57   5  0.000000E+00  0.000000E+00  0.000000E+00  0.000000E+00  0.000000E+00  0.000000E+00
        57   6  0.000000E+00  0.000000E+00  0.000000E+00  0.000000E+00  0.000000E+00  0.000000E+00
        57   7  0.000000E+00  0.000000E+00  0.000000E+00  0.000000E+00  0.000000E+00  0.000000E+00
        57   8  0.000000E+00  0.000000E+00  0.000000E+00  0.000000E+00  0.000000E+00  0.000000E+00
        58   1  0.000000E+00  0.000000E+00  0.000000E+00  0.000000E+00  0.000000E+00  0.000000E+00
        58   2  0.000000E+00  0.000000E+00  0.000000E+00  0.000000E+00  0.000000E+00  0.000000E+00
        58   3  0.000000E+00  0.000000E+00  0.000000E+00  0.000000E+00  0.000000E+00  0.000000E+00
        58   4  0.000000E+00  0.000000E+00  0.000000E+00  0.000000E+00  0.000000E+00  0.000000E+00
        58   5  0.000000E+00  0.000000E+00  0.000000E+00  0.000000E+00  0.000000E+00  0.000000E+00
        58   6  0.000000E+00  0.000000E+00  0.000000E+00  0.000000E+00  0.000000E+00  0.000000E+00
        58   7  0.000000E+00  0.000000E+00  0.000000E+00  0.000000E+00  0.000000E+00  0.000000E+00
        58   8  0.000000E+00  0.000000E+00  0.000000E+00  0.000000E+00  0.000000E+00  0.000000E+00
        59   1  0.000000E+00  0.000000E+00  0.000000E+00  0.000000E+00  0.000000E+00  0.000000E+00
        59   2  0.000000E+00  0.000000E+00  0.000000E+00  0.000000E+00  0.000000E+00  0.000000E+00
        59   3  0.000000E+00  0.000000E+00  0.000000E+00  0.000000E+00  0.000000E+00  0.000000E+00
        59   4  0.000000E+00  0.000000E+00  0.000000E+00  0.000000E+00  0.000000E+00  0.000000E+00
        59   5  0.000000E+00  0.000000E+00  0.000000E+00  0.000000E+00  0.000000E+00  0.000000E+00
        59   6  0.000000E+00  0.000000E+00  0.000000E+00  0.000000E+00  0.000000E+00  0.000000E+00
        59   7  0.000000E+00  0.000000E+00  0.000000E+00  0.000000E+00  0.000000E+00  0.000000E+00
        59   8  0.000000E+00  0.000000E+00  0.000000E+00  0.000000E+00  0.000000E+00  0.000000E+00
        60   1  0.000000E+00  0.000000E+00  0.000000E+00  0.000000E+00  0.000000E+00  0.000000E+00
        60   2  0.000000E+00  0.000000E+00  0.000000E+00  0.000000E+00  0.000000E+00  0.000000E+00
        60   3  0.000000E+00  0.000000E+00  0.000000E+00  0.000000E+00  0.000000E+00  0.000000E+00
        60   4  0.000000E+00  0.000000E+00  0.000000E+00  0.000000E+00  0.000000E+00  0.000000E+00
        60   5  0.000000E+00  0.000000E+00  0.000000E+00  0.000000E+00  0.000000E+00  0.000000E+00
        60   6  0.000000E+00  0.000000E+00  0.000000E+00  0.000000E+00  0.000000E+00  0.000000E+00
        60   7  0.000000E+00  0.000000E+00  0.000000E+00  0.000000E+00  0.000000E+00  0.000000E+00
        60   8  0.000000E+00  0.000000E+00  0.000000E+00  0.000000E+00  0.000000E+00  0.000000E+00
        61   1  0.000000E+00  0.000000E+00  0.000000E+00  0.000000E+00  0.000000E+00  0.000000E+00
        61   2  0.000000E+00  0.000000E+00  0.000000E+00  0.000000E+00  0.000000E+00  0.000000E+00
        61   3  0.000000E+00  0.000000E+00  0.000000E+00  0.000000E+00  0.000000E+00  0.000000E+00
        61   4  0.000000E+00  0.000000E+00  0.000000E+00  0.000000E+00  0.000000E+00  0.000000E+00
        61   5  0.000000E+00  0.000000E+00  0.000000E+00  0.000000E+00  0.000000E+00  0.000000E+00
        61   6  0.000000E+00  0.000000E+00  0.000000E+00  0.000000E+00  0.000000E+00  0.000000E+00
        61   7  0.000000E+00  0.000000E+00  0.000000E+00  0.000000E+00  0.000000E+00  0.000000E+00
        61   8  0.000000E+00  0.000000E+00  0.000000E+00  0.000000E+00  0.000000E+00  0.000000E+00
        62   1  0.000000E+00  0.000000E+00  0.000000E+00  0.000000E+00  0.000000E+00  0.000000E+00
        62   2  0.000000E+00  0.000000E+00  0.000000E+00  0.000000E+00  0.000000E+00  0.000000E+00
        62   3  0.000000E+00  0.000000E+00  0.000000E+00  0.000000E+00  0.000000E+00  0.000000E+00
        62   4  0.000000E+00  0.000000E+00  0.000000E+00  0.000000E+00  0.000000E+00  0.000000E+00
        62   5  0.000000E+00  0.000000E+00  0.000000E+00  0.000000E+00  0.000000E+00  0.000000E+00
        62   6  0.000000E+00  0.000000E+00  0.000000E+00  0.000000E+00  0.000000E+00  0.000000E+00
        62   7  0.000000E+00  0.000000E+00  0.000000E+00  0.000000E+00  0.000000E+00  0.000000E+00
        62   8  0.000000E+00  0.000000E+00  0.000000E+00  0.000000E+00  0.000000E+00  0.000000E+00
        63   1  0.000000E+00  0.000000E+00  0.000000E+00  0.000000E+00  0.000000E+00  0.000000E+00
        63   2  0.000000E+00  0.000000E+00  0.000000E+00  0.000000E+00  0.000000E+00  0.000000E+00
        63   3  0.000000E+00  0.000000E+00  0.000000E+00  0.000000E+00  0.000000E+00  0.000000E+00
        63   4  0.000000E+00  0.000000E+00  0.000000E+00  0.000000E+00  0.000000E+00  0.000000E+00
        63   5  0.000000E+00  0.000000E+00  0.000000E+00  0.000000E+00  0.000000E+00  0.000000E+00
        63   6  0.000000E+00  0.000000E+00  0.000000E+00  0.000000E+00  0.000000E+00  0.000000E+00
        63   7  0.000000E+00  0.000000E+00  0.000000E+00  0.000000E+00  0.000000E+00  0.000000E+00
        63   8  0.000000E+00  0.000000E+00  0.000000E+00  0.000000E+00  0.000000E+00  0.000000E+00
        64   1  0.000000E+00  0.000000E+00  0.000000E+00  0.000000E+00  0.000000E+00  0.000000E+00
        64   2  0.000000E+00  0.000000E+00  0.000000E+00  0.000000E+00  0.000000E+00  0.000000E+00
        64   3  0.000000E+00  0.000000E+00  0.000000E+00  0.000000E+00  0.000000E+00  0.000000E+00
        64   4  0.000000E+00  0.000000E+00  0.000000E+00  0.000000E+00  0.000000E+00  0.000000E+00
        64   5  0.000000E+00  0.000000E+00  0.000000E+00  0.000000E+00  0.000000E+00  0.000000E+00
        64   6  0.000000E+00  0.000000E+00  0.000000E+00  0.000000E+00  0.000000E+00  0.000000E+00
        64   7  0.000000E+00  0.000000E+00  0.000000E+00  0.000000E+00  0.000000E+00  0.000000E+00
        64   8  0.000000E+00  0.000000E+00  0.000000E+00  0.000000E+00  0.000000E+00  0.000000E+00
        65   1  0.000000E+00  0.000000E+00  0.000000E+00  0.000000E+00  0.000000E+00  0.000000E+00
        65   2  0.000000E+00  0.000000E+00  0.000000E+00  0.000000E+00  0.000000E+00  0.000000E+00
        65   3  0.000000E+00  0.000000E+00  0.000000E+00  0.000000E+00  0.000000E+00  0.000000E+00
        65   4  0.000000E+00  0.000000E+00  0.000000E+00  0.000000E+00  0.000000E+00  0.000000E+00
        65   5  0.000000E+00  0.000000E+00  0.000000E+00  0.000000E+00  0.000000E+00  0.000000E+00
        65   6  0.000000E+00  0.000000E+00  0.000000E+00  0.000000E+00  0.000000E+00  0.000000E+00
        65   7  0.000000E+00  0.000000E+00  0.000000E+00  0.000000E+00  0.000000E+00  0.000000E+00
        65   8  0.000000E+00  0.000000E+00  0.000000E+00  0.000000E+00  0.000000E+00  0.000000E+00
        66   1  0.000000E+00  0.000000E+00  0.000000E+00  0.000000E+00  0.000000E+00  0.000000E+00
        66   2  0.000000E+00  0.000000E+00  0.000000E+00  0.000000E+00  0.000000E+00  0.000000E+00
        66   3  0.000000E+00  0.000000E+00  0.000000E+00  0.000000E+00  0.000000E+00  0.000000E+00
        66   4  0.000000E+00  0.000000E+00  0.000000E+00  0.000000E+00  0.000000E+00  0.000000E+00
        66   5  0.000000E+00  0.000000E+00  0.000000E+00  0.000000E+00  0.000000E+00  0.000000E+00
        66   6  0.000000E+00  0.000000E+00  0.000000E+00  0.000000E+00  0.000000E+00  0.000000E+00
        66   7  0.000000E+00  0.000000E+00  0.000000E+00  0.000000E+00  0.000000E+00  0.000000E+00
        66   8  0.000000E+00  0.000000E+00  0.000000E+00  0.000000E+00  0.000000E+00  0.000000E+00
        67   1  0.000000E+00  0.000000E+00  0.000000E+00  0.000000E+00  0.000000E+00  0.000000E+00
        67   2  0.000000E+00  0.000000E+00  0.000000E+00  0.000000E+00  0.000000E+00  0.000000E+00
        67   3  0.000000E+00  0.000000E+00  0.000000E+00  0.000000E+00  0.000000E+00  0.000000E+00
        67   4  0.000000E+00  0.000000E+00  0.000000E+00  0.000000E+00  0.000000E+00  0.000000E+00
        67   5  0.000000E+00  0.000000E+00  0.000000E+00  0.000000E+00  0.000000E+00  0.000000E+00
        67   6  0.000000E+00  0.000000E+00  0.000000E+00  0.000000E+00  0.000000E+00  0.000000E+00
        67   7  0.000000E+00  0.000000E+00  0.000000E+00  0.000000E+00  0.000000E+00  0.000000E+00
        67   8  0.000000E+00  0.000000E+00  0.000000E+00  0.000000E+00  0.000000E+00  0.000000E+00
        68   1  0.000000E+00  0.000000E+00  0.000000E+00  0.000000E+00  0.000000E+00  0.000000E+00
        68   2  0.000000E+00  0.000000E+00  0.000000E+00  0.000000E+00  0.000000E+00  0.000000E+00
        68   3  0.000000E+00  0.000000E+00  0.000000E+00  0.000000E+00  0.000000E+00  0.000000E+00
        68   4  0.000000E+00  0.000000E+00  0.000000E+00  0.000000E+00  0.000000E+00  0.000000E+00
        68   5  0.000000E+00  0.000000E+00  0.000000E+00  0.000000E+00  0.000000E+00  0.000000E+00
        68   6  0.000000E+00  0.000000E+00  0.000000E+00  0.000000E+00  0.000000E+00  0.000000E+00
        68   7  0.000000E+00  0.000000E+00  0.000000E+00  0.000000E+00  0.000000E+00  0.000000E+00
        68   8  0.000000E+00  0.000000E+00  0.000000E+00  0.000000E+00  0.000000E+00  0.000000E+00
        69   1  0.000000E+00  0.000000E+00  0.000000E+00  0.000000E+00  0.000000E+00  0.000000E+00
        69   2  0.000000E+00  0.000000E+00  0.000000E+00  0.000000E+00  0.000000E+00  0.000000E+00
        69   3  0.000000E+00  0.000000E+00  0.000000E+00  0.000000E+00  0.000000E+00  0.000000E+00
        69   4  0.000000E+00  0.000000E+00  0.000000E+00  0.000000E+00  0.000000E+00  0.000000E+00
        69   5  0.000000E+00  0.000000E+00  0.000000E+00  0.000000E+00  0.000000E+00  0.000000E+00
        69   6  0.000000E+00  0.000000E+00  0.000000E+00  0.000000E+00  0.000000E+00  0.000000E+00
        69   7  0.000000E+00  0.000000E+00  0.000000E+00  0.000000E+00  0.000000E+00  0.000000E+00
        69   8  0.000000E+00  0.000000E+00  0.000000E+00  0.000000E+00  0.000000E+00  0.000000E+00
        70   1  0.000000E+00  0.000000E+00  0.000000E+00  0.000000E+00  0.000000E+00  0.000000E+00
        70   2  0.000000E+00  0.000000E+00  0.000000E+00  0.000000E+00  0.000000E+00  0.000000E+00
        70   3  0.000000E+00  0.000000E+00  0.000000E+00  0.000000E+00  0.000000E+00  0.000000E+00
        70   4  0.000000E+00  0.000000E+00  0.000000E+00  0.000000E+00  0.000000E+00  0.000000E+00
        70   5  0.000000E+00  0.000000E+00  0.000000E+00  0.000000E+00  0.000000E+00  0.000000E+00
        70   6  0.000000E+00  0.000000E+00  0.000000E+00  0.000000E+00  0.000000E+00  0.000000E+00
        70   7  0.000000E+00  0.000000E+00  0.000000E+00  0.000000E+00  0.000000E+00  0.000000E+00
        70   8  0.000000E+00  0.000000E+00  0.000000E+00  0.000000E+00  0.000000E+00  0.000000E+00
        71   1  0.000000E+00  0.000000E+00  0.000000E+00  0.000000E+00  0.000000E+00  0.000000E+00
        71   2  0.000000E+00  0.000000E+00  0.000000E+00  0.000000E+00  0.000000E+00  0.000000E+00
        71   3  0.000000E+00  0.000000E+00  0.000000E+00  0.000000E+00  0.000000E+00  0.000000E+00
        71   4  0.000000E+00  0.000000E+00  0.000000E+00  0.000000E+00  0.000000E+00  0.000000E+00
        71   5  0.000000E+00  0.000000E+00  0.000000E+00  0.000000E+00  0.000000E+00  0.000000E+00
        71   6  0.000000E+00  0.000000E+00  0.000000E+00  0.000000E+00  0.000000E+00  0.000000E+00
        71   7  0.000000E+00  0.000000E+00  0.000000E+00  0.000000E+00  0.000000E+00  0.000000E+00
        71   8  0.000000E+00  0.000000E+00  0.000000E+00  0.000000E+00  0.000000E+00  0.000000E+00
        72   1  0.000000E+00  0.000000E+00  0.000000E+00  0.000000E+00  0.000000E+00  0.000000E+00
        72   2  0.000000E+00  0.000000E+00  0.000000E+00  0.000000E+00  0.000000E+00  0.000000E+00
        72   3  0.000000E+00  0.000000E+00  0.000000E+00  0.000000E+00  0.000000E+00  0.000000E+00
        72   4  0.000000E+00  0.000000E+00  0.000000E+00  0.000000E+00  0.000000E+00  0.000000E+00
        72   5  0.000000E+00  0.000000E+00  0.000000E+00  0.000000E+00  0.000000E+00  0.000000E+00
        72   6  0.000000E+00  0.000000E+00  0.000000E+00  0.000000E+00  0.000000E+00  0.000000E+00
        72   7  0.000000E+00  0.000000E+00  0.000000E+00  0.000000E+00  0.000000E+00  0.000000E+00
        72   8  0.000000E+00  0.000000E+00  0.000000E+00  0.000000E+00  0.000000E+00  0.000000E+00
        73   1  0.000000E+00  0.000000E+00  0.000000E+00  0.000000E+00  0.000000E+00  0.000000E+00
        73   2  0.000000E+00  0.000000E+00  0.000000E+00  0.000000E+00  0.000000E+00  0.000000E+00
        73   3  0.000000E+00  0.000000E+00  0.000000E+00  0.000000E+00  0.000000E+00  0.000000E+00
        73   4  0.000000E+00  0.000000E+00  0.000000E+00  0.000000E+00  0.000000E+00  0.000000E+00
        73   5  0.000000E+00  0.000000E+00  0.000000E+00  0.000000E+00  0.000000E+00  0.000000E+00
        73   6  0.000000E+00  0.000000E+00  0.000000E+00  0.000000E+00  0.000000E+00  0.000000E+00
        73   7  0.000000E+00  0.000000E+00  0.000000E+00  0.000000E+00  0.000000E+00  0.000000E+00
        73   8  0.000000E+00  0.000000E+00  0.000000E+00  0.000000E+00  0.000000E+00  0.000000E+00
        74   1  0.000000E+00  0.000000E+00  0.000000E+00  0.000000E+00  0.000000E+00  0.000000E+00
        74   2  0.000000E+00  0.000000E+00  0.000000E+00  0.000000E+00  0.000000E+00  0.000000E+00
        74   3  0.000000E+00  0.000000E+00  0.000000E+00  0.000000E+00  0.000000E+00  0.000000E+00
        74   4  0.000000E+00  0.000000E+00  0.000000E+00  0.000000E+00  0.000000E+00  0.000000E+00
        74   5  0.000000E+00  0.000000E+00  0.000000E+00  0.000000E+00  0.000000E+00  0.000000E+00
        74   6  0.000000E+00  0.000000E+00  0.000000E+00  0.000000E+00  0.000000E+00  0.000000E+00
        74   7  0.000000E+00  0.000000E+00  0.000000E+00  0.000000E+00  0.000000E+00  0.000000E+00
        74   8  0.000000E+00  0.000000E+00  0.000000E+00  0.000000E+00  0.000000E+00  0.000000E+00
        75   1 -2.461235E+00 -9.437092E+00 -4.932782E-01  7.092150E-01  4.877184E-01  1.356939E+00
        75   2 -5.566128E-01 -8.620825E+00  3.229886E-01  9.930310E-01 -4.458784E-01  8.574225E-01
        75   3 -2.290946E+00 -9.039749E+00 -3.229886E-01  9.268861E-01 -4.700347E-01 -7.815941E-01
        75   4 -3.863232E-01 -8.223483E+00  4.932782E-01  1.210702E+00  5.118747E-01 -2.820778E-01
        75   5  2.461235E+00  9.437092E+00  4.932782E-01 -7.092150E-01  4.877184E-01  1.356939E+00
        75   6  5.566128E-01  8.620825E+00 -3.229886E-01 -9.930310E-01 -4.458784E-01  8.574225E-01
        75   7  2.290946E+00  9.039749E+00  3.229886E-01 -9.268861E-01 -4.700347E-01 -7.815941E-01
        75   8  3.863232E-01  8.223483E+00 -4.932782E-01 -1.210702E+00  5.118747E-01 -2.820778E-01
        76   1  6.709135E-01 -5.274466E+00  2.450823E-01  1.397683E+00 -2.210509E-01  8.935493E-01
        76   2 -3.253373E-01 -5.701431E+00 -1.818824E-01  1.345974E+00  2.460303E-01  9.845571E-01
        76   3  6.077136E-01 -5.421932E+00  1.818824E-01  1.165752E+00  2.799210E-01 -3.182047E-01
        76   4 -3.885372E-01 -5.848897E+00 -2.450823E-01  1.114043E+00 -2.549416E-01 -4.092125E-01
        76   5 -6.709135E-01  5.274466E+00 -2.450823E-01 -1.397683E+00 -2.210509E-01  8.935493E-01
        76   6  3.253373E-01  5.701431E+00  1.818824E-01 -1.345974E+00  2.460303E-01  9.845571E-01
        76   7 -6.077136E-01  5.421932E+00 -1.818824E-01 -1.165752E+00  2.799210E-01 -3.182047E-01
        76   8  3.885372E-01  5.848897E+00  2.450823E-01 -1.114043E+00 -2.549416E-01 -4.092125E-01
        77   1  2.413577E-01 -2.632227E+00  1.406884E-01  1.245914E+00 -1.796982E-01  9.739456E-01
        77   2 -4.204634E-01 -2.915864E+00 -1.429492E-01  1.248860E+00  1.628377E-01  9.687609E-01
        77   3  2.436184E-01 -2.626952E+00  1.429492E-01  1.149170E+00  1.531033E-01 -3.986009E-01
        77   4 -4.182026E-01 -2.910589E+00 -1.406884E-01  1.152115E+00 -1.699638E-01 -3.934163E-01
        77   5 -2.413577E-01  2.632227E+00 -1.406884E-01 -1.245914E+00 -1.796982E-01  9.739456E-01
        77   6  4.204634E-01  2.915864E+00  1.429492E-01 -1.248860E+00  1.628377E-01  9.687609E-01
        77   7 -2.436184E-01  2.626952E+00 -1.429492E-01 -1.149170E+00  1.531033E-01 -3.986009E-01
        77   8  4.182026E-01  2.910589E+00  1.406884E-01 -1.152115E+00 -1.699638E-01 -3.934163E-01
        78   1  4.204404E-01  8.011735E-01  1.430242E-01  1.248886E+00 -1.629258E-01  9.687609E-01
        78   2 -2.417310E-01  5.173857E-01 -1.407635E-01  1.245940E+00  1.797863E-01  9.739456E-01
        78   3  4.181796E-01  7.958984E-01  1.407635E-01  1.152090E+00  1.700518E-01 -3.934163E-01
        78   4 -2.439917E-01  5.121106E-01 -1.430242E-01  1.149144E+00 -1.531913E-01 -3.986009E-01
        78   5 -4.204404E-01 -8.011735E-01 -1.430242E-01 -1.248886E+00 -1.629258E-01  9.687609E-01
        78   6  2.417310E-01 -5.173857E-01  1.407635E-01 -1.245940E+00  1.797863E-01  9.739456E-01
        78   7 -4.181796E-01 -7.958984E-01 -1.407635E-01 -1.152090E+00  1.700518E-01 -3.934163E-01
        78   8  2.439917E-01 -5.121106E-01  1.430242E-01 -1.149144E+00 -1.531913E-01 -3.986009E-01
        79   1  3.283177E-01  3.581576E+00  1.767936E-01  1.343210E+00 -2.400594E-01  9.845571E-01
        79   2 -6.441853E-01  3.164789E+00 -2.399934E-01  1.394919E+00  2.150800E-01  8.935493E-01
        79   3  3.915175E-01  3.729042E+00  2.399934E-01  1.116807E+00  2.489707E-01 -4.092125E-01
        79   4 -5.809855E-01  3.312255E+00 -1.767936E-01  1.168516E+00 -2.739501E-01 -3.182047E-01
        79   5 -3.283177E-01 -3.581576E+00 -1.767936E-01 -1.343210E+00 -2.400594E-01  9.845571E-01
        79   6  6.441853E-01 -3.164789E+00  2.399934E-01 -1.394919E+00  2.150800E-01  8.935493E-01
        79   7 -3.915175E-01 -3.729042E+00 -2.399934E-01 -1.116807E+00  2.489707E-01 -4.092125E-01
        79   8  5.809855E-01 -3.312255E+00  1.767936E-01 -1.168516E+00 -2.739501E-01 -3.182047E-01
        80   1  5.127134E-01  6.616737E+00 -2.123103E-01  1.022545E+00  3.160158E-01  8.574225E-01
        80   2  1.900837E+00  7.211648E+00  3.825999E-01  7.387292E-01 -3.578558E-01  1.356939E+00
        80   3  3.424238E-01  6.219395E+00 -3.825999E-01  1.181188E+00 -3.820121E-01 -2.820778E-01
        80   4  1.730547E+00  6.814305E+00  2.123103E-01  8.973719E-01  3.401721E-01 -7.815941E-01
        80   5 -5.127134E-01 -6.616737E+00  2.123103E-01 -1.022545E+00  3.160158E-01  8.574225E-01
        80   6 -1.900837E+00 -7.211648E+00 -3.825999E-01 -7.387292E-01 -3.578558E-01  1.356939E+00
        80   7 -3.424238E-01 -6.219395E+00  3.825999E-01 -1.181188E+00 -3.820121E-01 -2.820778E-01
        80   8 -1.730547E+00 -6.814305E+00 -2.123103E-01 -8.973719E-01  3.401721E-01 -7.815941E-01
        81   1  1.473943E-01  4.913144E-01  2.605971E-12  3.284395E+00  2.627105E-14  3.465250E+00
        81   2  1.473943E-01  4.913144E-01  9.137135E-12  3.284395E+00  1.050842E-13  3.465250E+00
        81   3  1.473943E-01  4.913144E-01 -1.478623E-11  3.284395E+00 -1.751404E-14 -8.095821E+00
        81   4  1.473943E-01  4.913144E-01 -9.367118E-12  3.284395E+00  1.576263E-13 -8.095821E+00
        81   5 -1.473943E-01 -4.913144E-01  2.580602E-12 -3.284395E+00  6.129912E-14  3.465250E+00
        81   6 -1.473943E-01 -4.913144E-01  8.790746E-12 -3.284395E+00  7.005614E-14  3.465250E+00
        81   7 -1.473943E-01 -4.913144E-01 -1.474876E-11 -3.284395E+00  5.254211E-14 -8.095821E+00
        81   8 -1.473943E-01 -4.913144E-01 -9.349133E-12 -3.284395E+00  1.751404E-13 -8.095821E+00
        82   1 -3.594691E+00 -1.375906E+01 -5.304937E-01 -3.737997E-01  6.391083E-01  3.501697E-01
        82   2 -1.049040E+00 -1.266806E+01  5.604998E-01 -3.983501E-01 -6.435621E-01  3.933785E-01
        82   3 -3.624697E+00 -1.382907E+01 -5.604998E-01  2.188387E-01 -6.409907E-01  5.575439E-01
        82   4 -1.079046E+00 -1.273808E+01  5.304937E-01  1.942883E-01  6.365369E-01  5.143351E-01
        82   5  3.594691E+00  1.375906E+01  5.304937E-01  3.737997E-01  6.391083E-01  3.501697E-01
        82   6  1.049040E+00  1.266806E+01 -5.604998E-01  3.983501E-01 -6.435621E-01  3.933785E-01
        82   7  3.624697E+00  1.382907E+01  5.604998E-01 -2.188387E-01 -6.409907E-01  5.575439E-01
        82   8  1.079046E+00  1.273808E+01 -5.304937E-01 -1.942883E-01  6.365369E-01  5.143351E-01
        83   1  4.147541E-01 -8.540254E+00  3.071583E-01 -1.452457E-02 -3.648102E-01  3.898938E-01
        83   2 -1.022225E+00 -9.156102E+00 -3.086900E-01 -1.252867E-02  3.603565E-01  3.863810E-01
        83   3  4.162858E-01 -8.536680E+00  3.086900E-01 -2.245813E-01  3.577851E-01  5.178199E-01
        83   4 -1.020694E+00 -9.152528E+00 -3.071583E-01 -2.225854E-01 -3.622388E-01  5.213327E-01
        83   5 -4.147541E-01  8.540254E+00 -3.071583E-01  1.452457E-02 -3.648102E-01  3.898938E-01
        83   6  1.022225E+00  9.156102E+00  3.086900E-01  1.252867E-02  3.603565E-01  3.863810E-01
        83   7 -4.162858E-01  8.536680E+00 -3.086900E-01  2.245813E-01  3.577851E-01  5.178199E-01
        83   8  1.020694E+00  9.152528E+00  3.071583E-01  2.225854E-01 -3.622388E-01  5.213327E-01
        84   1  9.931396E-01 -1.446476E-01  4.034821E-01  1.980353E-02 -4.715792E-01  8.712295E-01
        84   2 -8.862031E-01 -9.500801E-01 -4.019504E-01  1.780763E-02  4.760330E-01  8.747422E-01
        84   3  9.916078E-01 -1.482216E-01  4.019504E-01 -2.549176E-01  4.734616E-01  1.006181E+00
        84   4 -8.877348E-01 -9.536542E-01 -4.034821E-01 -2.569135E-01 -4.690079E-01  1.002668E+00
        84   5 -9.931396E-01  1.446476E-01 -4.034821E-01 -1.980353E-02 -4.715792E-01  8.712295E-01
        84   6  8.862031E-01  9.500801E-01  4.019504E-01 -1.780763E-02  4.760330E-01  8.747422E-01
        84   7 -9.916078E-01  1.482216E-01 -4.019504E-01  2.549176E-01  4.734616E-01  1.006181E+00
        84   8  8.877348E-01  9.536542E-01  4.034821E-01  2.569135E-01 -4.690079E-01  1.002668E+00
        85   1  1.670606E+00  8.355656E+00 -1.801467E-01 -1.917386E-01  1.972811E-01  8.782270E-01
        85   2  2.441276E+00  8.685943E+00  1.501406E-01 -1.671882E-01 -1.928274E-01  8.350182E-01
        85   3  1.700612E+00  8.425670E+00 -1.501406E-01 -1.232323E-02 -1.902560E-01  9.991836E-01
        85   4  2.471282E+00  8.755957E+00  1.801467E-01  1.222719E-02  1.947098E-01  1.042392E+00
        85   5 -1.670606E+00 -8.355656E+00  1.801467E-01  1.917386E-01  1.972811E-01  8.782270E-01
        85   6 -2.441276E+00 -8.685943E+00 -1.501406E-01  1.671882E-01 -1.928274E-01  8.350182E-01
        85   7 -1.700612E+00 -8.425670E+00  1.501406E-01  1.232323E-02 -1.902560E-01  9.991836E-01
        85   8 -2.471282E+00 -8.755957E+00 -1.801467E-01 -1.222719E-02  1.947098E-01  1.042392E+00
        86   1  1.395198E+00  4.650661E+00  1.238565E-12  8.652980E-01 -1.751404E-14  2.393304E+00
        86   2  1.395198E+00  4.650661E+00 -2.162714E-13  8.652980E-01  7.005614E-14  2.393304E+00
        86   3  1.395198E+00  4.650661E+00  1.368239E-12  8.652980E-01  7.005614E-14 -6.525446E-01
        86   4  1.395198E+00  4.650661E+00 -9.192647E-14  8.652980E-01  1.225982E-13 -6.525446E-01
        86   5 -1.395198E+00 -4.650661E+00  4.538592E-13 -8.652980E-01  2.101684E-13  2.393304E+00
        86   6 -1.395198E+00 -4.650661E+00 -1.144862E-12 -8.652980E-01  1.050842E-13  2.393304E+00
        86   7 -1.395198E+00 -4.650661E+00  1.805223E-12 -8.652980E-01  3.502807E-14 -6.525446E-01
        86   8 -1.395198E+00 -4.650661E+00 -1.585398E-13 -8.652980E-01  2.101684E-13 -6.525446E-01
        87   1 -6.015076E-02 -2.005025E-01 -1.076451E-11 -4.129176E+00  8.757018E-15 -5.816562E+00
        87   2 -6.015076E-02 -2.005025E-01 -1.544856E-11 -4.129176E+00 -1.313553E-14 -5.816562E+00
        87   3 -6.015076E-02 -2.005025E-01  1.680638E-11 -4.129176E+00  8.757018E-15  8.718138E+00
        87   4 -6.015076E-02 -2.005025E-01  1.049738E-11 -4.129176E+00  8.757018E-15  8.718138E+00
        87   5  6.015076E-02  2.005025E-01 -1.075931E-11  4.129176E+00  8.757018E-15 -5.816562E+00
        87   6  6.015076E-02  2.005025E-01 -1.545394E-11  4.129176E+00 -1.094627E-14 -5.816562E+00
        87   7  6.015076E-02  2.005025E-01  1.680314E-11  4.129176E+00  1.751404E-14  8.718138E+00
        87   8  6.015076E-02  2.005025E-01  1.048399E-11  4.129176E+00  2.189254E-15  8.718138E+00
        88   1 -2.448348E-01 -1.664518E-01 -6.476130E-01  3.347249E+00  4.008811E-02  4.249427E+00
        88   2 -2.470980E-01 -1.674218E-01 -6.485830E-01  4.407773E+00  1.523035E-01  2.382905E+00
        88   3  1.051361E+00  2.858005E+00  6.485830E-01  3.346722E+00  4.122617E-02 -4.708678E+00
        88   4  1.049098E+00  2.857035E+00  6.476130E-01  4.407246E+00  1.511655E-01 -2.842155E+00
        88   5  2.448348E-01  1.664518E-01  6.476130E-01 -3.347249E+00  4.008811E-02  4.249427E+00
        88   6  2.470980E-01  1.674218E-01  6.485830E-01 -4.407773E+00  1.523035E-01  2.382905E+00
        88   7 -1.051361E+00 -2.858005E+00 -6.485830E-01 -3.346722E+00  4.122617E-02 -4.708678E+00
        88   8 -1.049098E+00 -2.857035E+00 -6.476130E-01 -4.407246E+00  1.511655E-01 -2.842155E+00
        89   1 -2.051351E-01 -8.485315E-01 -1.068926E-02  5.149493E+00  2.030949E-01  2.533438E+00
        89   2 -8.606425E-04 -7.609853E-01  7.685692E-02  5.063275E+00 -1.070329E-02  2.685182E+00
        89   3 -2.713027E-01 -1.002923E+00 -7.685692E-02  5.179354E+00  1.003741E-01 -2.992688E+00
        89   4 -6.702831E-02 -9.153766E-01  1.068926E-02  5.093136E+00  9.201757E-02 -3.144433E+00
        89   5  2.051351E-01  8.485315E-01  1.068926E-02 -5.149493E+00  2.030949E-01  2.533438E+00
        89   6  8.606425E-04  7.609853E-01 -7.685692E-02 -5.063275E+00 -1.070329E-02  2.685182E+00
        89   7  2.713027E-01  1.002923E+00  7.685692E-02 -5.179354E+00  1.003741E-01 -2.992688E+00
        89   8  6.702831E-02  9.153766E-01 -1.068926E-02 -5.093136E+00  9.201757E-02 -3.144433E+00
        90   1 -3.000996E-02 -7.497934E-01  2.375228E-02  5.097591E+00 -1.073448E-01  3.170031E+00
        90   2 -2.952451E-01 -8.634656E-01 -8.991994E-02  5.183810E+00 -8.504681E-02  3.018286E+00
        90   3  3.615771E-02 -5.954022E-01  8.991994E-02  5.058819E+00  2.603056E-02 -2.659584E+00
        90   4 -2.290775E-01 -7.090744E-01 -2.375228E-02  5.145038E+00 -2.184222E-01 -2.507840E+00
        90   5  3.000996E-02  7.497934E-01 -2.375228E-02 -5.097591E+00 -1.073448E-01  3.170031E+00
        90   6  2.952451E-01  8.634656E-01  8.991994E-02 -5.183810E+00 -8.504681E-02  3.018286E+00
        90   7 -3.615771E-02  5.954022E-01 -8.991994E-02 -5.058819E+00  2.603056E-02 -2.659584E+00
        90   8  2.290775E-01  7.090744E-01  2.375228E-02 -5.145038E+00 -2.184222E-01 -2.507840E+00
        91   1  1.099642E+00  3.244781E+00  6.345500E-01  4.400150E+00 -1.358382E-01  2.867753E+00
        91   2  1.162866E+00  3.271877E+00  6.616460E-01  3.339627E+00 -5.655345E-02  4.734276E+00
        91   3 -1.965538E-01  2.203240E-01 -6.616460E-01  4.414869E+00 -1.676308E-01 -2.357307E+00
        91   4 -1.333299E-01  2.474200E-01 -6.345500E-01  3.354345E+00 -2.476083E-02 -4.223829E+00
        91   5 -1.099642E+00 -3.244781E+00 -6.345500E-01 -4.400150E+00 -1.358382E-01  2.867753E+00
        91   6 -1.162866E+00 -3.271877E+00 -6.616460E-01 -3.339627E+00 -5.655345E-02  4.734276E+00
        91   7  1.965538E-01 -2.203240E-01  6.616460E-01 -4.414869E+00 -1.676308E-01 -2.357307E+00
        91   8  1.333299E-01 -2.474200E-01  6.345500E-01 -3.354345E+00 -2.476083E-02 -4.223829E+00
        92   1 -7.318730E-01 -2.439577E+00 -2.031930E-12  1.130419E+00  0.000000E+00  1.671122E-02
        92   2 -7.318730E-01 -2.439577E+00 -3.743228E-12  1.130419E+00 -5.254211E-14  1.671122E-02
        92   3 -7.318730E-01 -2.439577E+00  3.135714E-12  1.130419E+00 -5.254211E-14 -3.962363E+00
        92   4 -7.318730E-01 -2.439577E+00 -3.316902E-12  1.130419E+00 -1.751404E-14 -3.962363E+00
        92   5  7.318730E-01  2.439577E+00 -2.027267E-12 -1.130419E+00  7.005614E-14  1.671122E-02
        92   6  7.318730E-01  2.439577E+00 -3.768985E-12 -1.130419E+00 -5.254211E-14  1.671122E-02
        92   7  7.318730E-01  2.439577E+00  3.173684E-12 -1.130419E+00 -1.751404E-14 -3.962363E+00
        92   8  7.318730E-01  2.439577E+00 -3.313350E-12 -1.130419E+00 -1.751404E-14 -3.962363E+00
        93   1  3.665057E-01  1.221686E+00  1.762168E-11  3.990666E+00  3.502807E-13  1.068085E+01
        93   2  3.665057E-01  1.221686E+00  1.458100E-11  3.990666E+00  4.553649E-13  1.068085E+01
        93   3  3.665057E-01  1.221686E+00  1.308953E-12  3.990666E+00  1.751404E-13 -3.366291E+00
        93   4  3.665057E-01  1.221686E+00 -2.105316E-12  3.990666E+00  4.203368E-13 -3.366291E+00
        93   5 -3.665057E-01 -1.221686E+00  1.634304E-11 -3.990666E+00  2.802246E-13  1.068085E+01
        93   6 -3.665057E-01 -1.221686E+00  1.333789E-11 -3.990666E+00  5.254211E-13  1.068085E+01
        93   7 -3.665057E-01 -1.221686E+00  2.753353E-13 -3.990666E+00  1.050842E-13 -3.366291E+00
        93   8 -3.665057E-01 -1.221686E+00 -3.161693E-12 -3.990666E+00  4.553649E-13 -3.366291E+00
        94   1  4.893687E+00  1.775487E+01  7.522603E-01 -9.231548E-01 -6.235056E-01 -2.757763E+00
        94   2  2.472055E+00  1.671703E+01 -2.855821E-01 -1.304982E+00  5.542375E-01 -2.085746E+00
        94   3  4.427009E+00  1.666596E+01  2.855821E-01 -1.486921E+00  5.942295E-01  4.674842E-01
        94   4  2.005377E+00  1.562812E+01 -7.522603E-01 -1.868749E+00 -6.634975E-01 -2.045324E-01
        94   5 -4.893687E+00 -1.775487E+01 -7.522603E-01  9.231548E-01 -6.235056E-01 -2.757763E+00
        94   6 -2.472055E+00 -1.671703E+01  2.855821E-01  1.304982E+00  5.542375E-01 -2.085746E+00
        94   7 -4.427009E+00 -1.666596E+01 -2.855821E-01  1.486921E+00  5.942295E-01  4.674842E-01
        94   8 -2.005377E+00 -1.562812E+01  7.522603E-01  1.868749E+00 -6.634975E-01 -2.045324E-01
        95   1 -1.110186E+00  5.044715E+00 -5.236376E-01 -2.033925E+00  5.457954E-01 -2.139943E+00
        95   2  1.277869E+00  6.068168E+00  4.998148E-01 -2.002883E+00 -6.150634E-01 -2.194577E+00
        95   3 -1.086363E+00  5.100302E+00 -4.998148E-01 -1.684840E+00 -6.550554E-01 -1.503350E-01
        95   4  1.301692E+00  6.123754E+00  5.236376E-01 -1.653798E+00  5.857873E-01 -9.570140E-02
        95   5  1.110186E+00 -5.044715E+00  5.236376E-01  2.033925E+00  5.457954E-01 -2.139943E+00
        95   6 -1.277869E+00 -6.068168E+00 -4.998148E-01  2.002883E+00 -6.150634E-01 -2.194577E+00
        95   7  1.086363E+00 -5.100302E+00  4.998148E-01  1.684840E+00 -6.550554E-01 -1.503350E-01
        95   8 -1.301692E+00 -6.123754E+00 -5.236376E-01  1.653798E+00  5.857873E-01 -9.570140E-02
        96   1 -1.309204E+00 -5.554789E+00 -3.976940E-01 -1.968051E+00  4.952418E-01 -1.709729E+00
        96   2  6.022884E-01 -4.735578E+00  4.215168E-01 -1.999093E+00 -4.259737E-01 -1.655095E+00
        96   3 -1.333026E+00 -5.610376E+00 -4.215168E-01 -1.688630E+00 -4.659657E-01  3.891471E-01
        96   4  5.784656E-01 -4.791165E+00  3.976940E-01 -1.719672E+00  5.352337E-01  3.345135E-01
        96   5  1.309204E+00  5.554789E+00  3.976940E-01  1.968051E+00  4.952418E-01 -1.709729E+00
        96   6 -6.022884E-01  4.735578E+00 -4.215168E-01  1.999093E+00 -4.259737E-01 -1.655095E+00
        96   7  1.333026E+00  5.610376E+00  4.215168E-01  1.688630E+00 -4.659657E-01  3.891471E-01
        96   8 -5.784656E-01  4.791165E+00 -3.976940E-01  1.719672E+00  5.352337E-01  3.345135E-01
        97   1 -1.559493E+00 -1.171950E+01  1.690713E-01 -1.368272E+00 -4.175315E-01 -1.600898E+00
        97   2 -3.437409E+00 -1.252432E+01 -6.357495E-01 -9.864446E-01  4.867996E-01 -2.272914E+00
        97   3 -1.092815E+00 -1.063059E+01  6.357495E-01 -1.805459E+00  5.267915E-01  2.803161E-01
        97   4 -2.970730E+00 -1.143541E+01 -1.690713E-01 -1.423631E+00 -4.575235E-01  9.523327E-01
        97   5  1.559493E+00  1.171950E+01 -1.690713E-01  1.368272E+00 -4.175315E-01 -1.600898E+00
        97   6  3.437409E+00  1.252432E+01  6.357495E-01  9.864446E-01  4.867996E-01 -2.272914E+00
        97   7  1.092815E+00  1.063059E+01 -6.357495E-01  1.805459E+00  5.267915E-01  2.803161E-01
        97   8  2.970730E+00  1.143541E+01  1.690713E-01  1.423631E+00 -4.575235E-01  9.523327E-01
        98   1 -2.076939E+00 -6.923129E+00 -2.101874E-12 -6.988272E-01  2.101684E-13 -1.551604E+00
        98   2 -2.076939E+00 -6.923129E+00 -1.675549E-12 -6.988272E-01  1.401123E-13 -1.551604E+00
        98   3 -2.076939E+00 -6.923129E+00 -1.278977E-12 -6.988272E-01  2.802246E-13  9.082673E-01
        98   4 -2.076939E+00 -6.923129E+00 -6.190604E-12 -6.988272E-01  3.502807E-14  9.082673E-01
        98   5  2.076939E+00  6.923129E+00 -9.894308E-13  6.988272E-01  1.401123E-13 -1.551604E+00
        98   6  2.076939E+00  6.923129E+00 -4.572343E-12  6.988272E-01  1.401123E-13 -1.551604E+00
        98   7  2.076939E+00  6.923129E+00 -6.656897E-13  6.988272E-01  7.005614E-14  9.082673E-01
        98   8  2.076939E+00  6.923129E+00 -5.353495E-12  6.988272E-01  1.401123E-13  9.082673E-01
        99   1  0.000000E+00  0.000000E+00  0.000000E+00  0.000000E+00  0.000000E+00  0.000000E+00
        99   2  0.000000E+00  0.000000E+00  0.000000E+00  0.000000E+00  0.000000E+00  0.000000E+00
        99   3  0.000000E+00  0.000000E+00  0.000000E+00  0.000000E+00  0.000000E+00  0.000000E+00
        99   4  0.000000E+00  0.000000E+00  0.000000E+00  0.000000E+00  0.000000E+00  0.000000E+00
        99   5  0.000000E+00  0.000000E+00  0.000000E+00  0.000000E+00  0.000000E+00  0.000000E+00
        99   6  0.000000E+00  0.000000E+00  0.000000E+00  0.000000E+00  0.000000E+00  0.000000E+00
        99   7  0.000000E+00  0.000000E+00  0.000000E+00  0.000000E+00  0.000000E+00  0.000000E+00
        99   8  0.000000E+00  0.000000E+00  0.000000E+00  0.000000E+00  0.000000E+00  0.000000E+00
       100   1  2.164297E+00  7.214325E+00 -1.725020E-11 -1.932631E+00  8.757018E-14 -6.953115E+00
       100   2  2.164297E+00  7.214325E+00 -1.005374E-11 -1.932631E+00  1.401123E-13 -6.953115E+00
       100   3  2.164297E+00  7.214325E+00 -2.242651E-12 -1.932631E+00 -1.401123E-13 -1.502522E-01
       100   4  2.164297E+00  7.214325E+00 -2.783551E-12 -1.932631E+00  1.576263E-13 -1.502522E-01
       100   5 -2.164297E+00 -7.214325E+00 -1.734346E-11  1.932631E+00 -3.502807E-14 -6.953115E+00
       100   6 -2.164297E+00 -7.214325E+00 -6.991296E-12  1.932631E+00 -1.751404E-14 -6.953115E+00
       100   7 -2.164297E+00 -7.214325E+00 -3.807621E-12  1.932631E+00  7.005614E-14 -1.502522E-01
       100   8 -2.164297E+00 -7.214325E+00 -1.440181E-12  1.932631E+00  0.000000E+00 -1.502522E-01
       101   1 -1.284954E+00 -5.216506E+00 -3.511142E-01  8.002242E-02  3.592899E-01  1.240131E-01
       101   2  1.322036E-01 -4.609153E+00  2.562392E-01  1.576475E-01 -3.452078E-01 -1.260694E-02
       101   3 -1.190079E+00 -4.995131E+00 -2.562392E-01  4.099428E-01 -3.533381E-01 -5.316753E-01
       101   4  2.270787E-01 -4.387777E+00  3.511142E-01  4.875678E-01  3.674202E-01 -3.950552E-01
       101   5  1.284954E+00  5.216506E+00  3.511142E-01 -8.002242E-02  3.592899E-01  1.240131E-01
       101   6 -1.322036E-01  4.609153E+00 -2.562392E-01 -1.576475E-01 -3.452078E-01 -1.260694E-02
       101   7  1.190079E+00  4.995131E+00  2.562392E-01 -4.099428E-01 -3.533381E-01 -5.316753E-01
       101   8 -2.270787E-01  4.387777E+00 -3.511142E-01 -4.875678E-01  3.674202E-01 -3.950552E-01
       102   1 -1.903247E-01 -6.799866E+00 -2.389636E-02  3.690333E-01  4.198591E-02 -1.588694E-03
       102   2 -6.750769E-02 -6.747230E+00  2.873950E-02  3.627225E-01 -2.790380E-02  9.518244E-03
       102   3 -1.951678E-01 -6.811166E+00 -2.873950E-02  3.869866E-01 -1.977349E-02 -4.060734E-01
       102   4 -7.235083E-02 -6.758530E+00  2.389636E-02  3.806759E-01  3.385560E-02 -4.171804E-01
       102   5  1.903247E-01  6.799866E+00  2.389636E-02 -3.690333E-01  4.198591E-02 -1.588694E-03
       102   6  6.750769E-02  6.747230E+00 -2.873950E-02 -3.627225E-01 -2.790380E-02  9.518244E-03
       102   7  1.951678E-01  6.811166E+00  2.873950E-02 -3.869866E-01 -1.977349E-02 -4.060734E-01
       102   8  7.235083E-02  6.758530E+00 -2.389636E-02 -3.806759E-01  3.385560E-02 -4.171804E-01
       103   1  3.927106E-02 -6.259246E+00  6.328543E-02  3.941109E-01 -8.007211E-02  4.943667E-01
       103   2 -2.673616E-01 -6.390660E+00 -6.812857E-02  4.004216E-01  6.599001E-02  4.832598E-01
       103   3  4.411420E-02 -6.247945E+00  6.812857E-02  3.492875E-01  7.412032E-02  6.766810E-02
       103   4 -2.625185E-01 -6.379359E+00 -6.328543E-02  3.555983E-01 -8.820242E-02  7.877504E-02
       103   5 -3.927106E-02  6.259246E+00 -6.328543E-02 -3.941109E-01 -8.007211E-02  4.943667E-01
       103   6  2.673616E-01  6.390660E+00  6.812857E-02 -4.004216E-01  6.599001E-02  4.832598E-01
       103   7 -4.411420E-02  6.247945E+00 -6.812857E-02 -3.492875E-01  7.412032E-02  6.766810E-02
       103   8  2.625185E-01  6.379359E+00  6.328543E-02 -3.555983E-01 -8.820242E-02  7.877504E-02
       104   1  3.794852E-01 -3.218603E+00  3.117252E-01  4.661713E-01 -3.212037E-01  4.722415E-01
       104   2 -8.538571E-01 -3.747178E+00 -2.168501E-01  3.885463E-01  3.071216E-01  6.088616E-01
       104   3  2.846102E-01 -3.439978E+00  2.168501E-01  1.790440E-01  2.989913E-01  8.979329E-02
       104   4 -9.487321E-01 -3.968553E+00 -3.117252E-01  1.014190E-01 -3.130734E-01 -4.682679E-02
       104   5 -3.794852E-01  3.218603E+00 -3.117252E-01 -4.661713E-01 -3.212037E-01  4.722415E-01
       104   6  8.538571E-01  3.747178E+00  2.168501E-01 -3.885463E-01  3.071216E-01  6.088616E-01
       104   7 -2.846102E-01  3.439978E+00 -2.168501E-01 -1.790440E-01  2.989913E-01  8.979329E-02
       104   8  9.487321E-01  3.968553E+00  3.117252E-01 -1.014190E-01 -3.130734E-01 -4.682679E-02
       105   1 -5.059084E-01 -1.686361E+00 -7.623902E-12 -4.415319E-02 -5.254211E-14  5.988421E-01
       105   2 -5.059084E-01 -1.686361E+00 -1.821432E-12 -4.415319E-02  3.853088E-13  5.988421E-01
       105   3 -5.059084E-01 -1.686361E+00 -6.422862E-12 -4.415319E-02  1.926544E-13  7.542613E-01
       105   4 -5.059084E-01 -1.686361E+00 -2.698286E-12 -4.415319E-02  1.576263E-13  7.542613E-01
       105   5  5.059084E-01  1.686361E+00 -2.361333E-12  4.415319E-02 -1.401123E-13  5.988421E-01
       105   6  5.059084E-01  1.686361E+00 -7.549517E-13  4.415319E-02  1.751404E-14  5.988421E-01
       105   7  5.059084E-01  1.686361E+00 -6.554313E-12  4.415319E-02 -4.553649E-13  7.542613E-01
       105   8  5.059084E-01  1.686361E+00 -2.372325E-12  4.415319E-02  1.050842E-13  7.542613E-01
       106   1  0.000000E+00  0.000000E+00  0.000000E+00  0.000000E+00  0.000000E+00  0.000000E+00
       106   2  0.000000E+00  0.000000E+00  0.000000E+00  0.000000E+00  0.000000E+00  0.000000E+00
       106   3  0.000000E+00  0.000000E+00  0.000000E+00  0.000000E+00  0.000000E+00  0.000000E+00
       106   4  0.000000E+00  0.000000E+00  0.000000E+00  0.000000E+00  0.000000E+00  0.000000E+00
       106   5  0.000000E+00  0.000000E+00  0.000000E+00  0.000000E+00  0.000000E+00  0.000000E+00
       106   6  0.000000E+00  0.000000E+00  0.000000E+00  0.000000E+00  0.000000E+00  0.000000E+00
       106   7  0.000000E+00  0.000000E+00  0.000000E+00  0.000000E+00  0.000000E+00  0.000000E+00
       106   8  0.000000E+00  0.000000E+00  0.000000E+00  0.000000E+00  0.000000E+00  0.000000E+00
       107   1  4.270422E-01  1.423474E+00  7.259859E-12  9.635575E-01  1.042085E-12  2.763527E+00
       107   2  4.270422E-01  1.423474E+00  8.943957E-12  9.635575E-01  3.765518E-13  2.763527E+00
       107   3  4.270422E-01  1.423474E+00  3.035017E-12  9.635575E-01  5.867202E-13 -6.281957E-01
       107   4  4.270422E-01  1.423474E+00  7.171708E-12  9.635575E-01 -2.276825E-13 -6.281957E-01
       107   5 -4.270422E-01 -1.423474E+00  1.288447E-11 -9.635575E-01  6.042342E-13  2.763527E+00
       107   6 -4.270422E-01 -1.423474E+00  1.100875E-11 -9.635575E-01 -7.706175E-13  2.763527E+00
       107   7 -4.270422E-01 -1.423474E+00  3.265943E-12 -9.635575E-01  1.488693E-13 -6.281957E-01
       107   8 -4.270422E-01 -1.423474E+00  1.015965E-12 -9.635575E-01 -1.042085E-12 -6.281957E-01
       108   1  3.714985E-01  8.249589E-01  2.405476E-02 -6.495743E-01  1.007158E-01 -1.233788E+00
       108   2  8.010403E-01  1.009048E+00  2.081441E-01 -8.395552E-01 -1.351806E-01 -8.994215E-01
       108   3  1.392996E-01  2.831615E-01 -2.081441E-01 -5.495752E-01 -1.152824E-01  3.709555E-01
       108   4  5.688414E-01  4.672509E-01 -2.405476E-02 -7.395561E-01  8.081756E-02  3.658909E-02
       108   5 -3.714985E-01 -8.249589E-01 -2.405476E-02  6.495743E-01  1.007158E-01 -1.233788E+00
       108   6 -8.010403E-01 -1.009048E+00 -2.081441E-01  8.395552E-01 -1.351806E-01 -8.994215E-01
       108   7 -1.392996E-01 -2.831615E-01  2.081441E-01  5.495752E-01 -1.152824E-01  3.709555E-01
       108   8 -5.688414E-01 -4.672509E-01  2.405476E-02  7.395561E-01  8.081756E-02  3.658909E-02
       109   1 -4.185425E-01 -3.696104E+00 -1.497923E-01 -9.742187E-01  1.416209E-01 -9.263877E-01
       109   2  2.528308E-01 -3.408373E+00  1.379391E-01 -9.587736E-01 -1.760857E-01 -9.535711E-01
       109   3 -4.066893E-01 -3.668447E+00 -1.379391E-01 -8.760777E-01 -1.959840E-01  6.355535E-02
       109   4  2.646840E-01 -3.380715E+00  1.497923E-01 -8.606327E-01  1.615192E-01  9.073866E-02
       109   5  4.185425E-01  3.696104E+00  1.497923E-01  9.742187E-01  1.416209E-01 -9.263877E-01
       109   6 -2.528308E-01  3.408373E+00 -1.379391E-01  9.587736E-01 -1.760857E-01 -9.535711E-01
       109   7  4.066893E-01  3.668447E+00  1.379391E-01  8.760777E-01 -1.959840E-01  6.355535E-02
       109   8 -2.646840E-01  3.380715E+00 -1.497923E-01  8.606327E-01  1.615192E-01  9.073866E-02
       110   1 -2.819318E-01 -5.825729E+00 -4.309722E-02 -9.264244E-01  6.480454E-02 -4.687226E-01
       110   2 -5.315403E-02 -5.727682E+00  5.495041E-02 -9.418695E-01 -3.033975E-02 -4.415393E-01
       110   3 -2.937850E-01 -5.853387E+00 -5.495041E-02 -8.929818E-01 -5.023800E-02  5.755871E-01
       110   4 -6.500722E-02 -5.755339E+00  4.309722E-02 -9.084269E-01  8.470280E-02  5.484038E-01
       110   5  2.819318E-01  5.825729E+00  4.309722E-02  9.264244E-01  6.480454E-02 -4.687226E-01
       110   6  5.315403E-02  5.727682E+00 -5.495041E-02  9.418695E-01 -3.033975E-02 -4.415393E-01
       110   7  2.937850E-01  5.853387E+00  5.495041E-02  8.929818E-01 -5.023800E-02  5.755871E-01
       110   8  6.500722E-02  5.755339E+00 -4.309722E-02  9.084269E-01  8.470280E-02  5.484038E-01
       111   1 -1.774980E-01 -5.258233E+00  1.688348E-01 -6.347766E-01 -3.071413E-01 -4.145730E-01
       111   2 -1.507191E+00 -5.828101E+00 -4.010336E-01 -4.447957E-01  3.416061E-01 -7.489394E-01
       111   3  5.470086E-02 -4.716436E+00  4.010336E-01 -9.443347E-01  3.615043E-01  5.214376E-01
       111   4 -1.274992E+00 -5.286304E+00 -1.688348E-01 -7.543538E-01 -3.270395E-01  8.558039E-01
       111   5  1.774980E-01  5.258233E+00 -1.688348E-01  6.347766E-01 -3.071413E-01 -4.145730E-01
       111   6  1.507191E+00  5.828101E+00  4.010336E-01  4.447957E-01  3.416061E-01 -7.489394E-01
       111   7 -5.470086E-02  4.716436E+00 -4.010336E-01  9.443347E-01  3.615043E-01  5.214376E-01
       111   8  1.274992E+00  5.286304E+00  1.688348E-01  7.543538E-01 -3.270395E-01  8.558039E-01
       112   1 -3.077357E-01 -1.025786E+00 -8.277379E-12 -1.259518E-01  1.020193E-12  1.720942E-01
       112   2 -3.077357E-01 -1.025786E+00  2.106981E-12 -1.259518E-01 -3.590377E-13  1.720942E-01
       112   3 -3.077357E-01 -1.025786E+00 -7.076228E-12 -1.259518E-01 -7.005614E-14  6.154444E-01
       112   4 -3.077357E-01 -1.025786E+00 -6.747158E-12 -1.259518E-01 -9.194868E-14  6.154444E-01
       112   5  3.077357E-01  1.025786E+00 -5.090595E-12  1.259518E-01  1.453665E-12  1.720942E-01
       112   6  3.077357E-01  1.025786E+00  5.038858E-12  1.259518E-01 -7.268325E-13  1.720942E-01
       112   7  3.077357E-01  1.025786E+00 -6.344814E-12  1.259518E-01  7.881316E-13  6.154444E-01
       112   8  3.077357E-01  1.025786E+00 -4.060308E-12  1.259518E-01 -6.699118E-13  6.154444E-01
       113   1  0.000000E+00  0.000000E+00  0.000000E+00  0.000000E+00  0.000000E+00  0.000000E+00
       113   2  0.000000E+00  0.000000E+00  0.000000E+00  0.000000E+00  0.000000E+00  0.000000E+00
       113   3  0.000000E+00  0.000000E+00  0.000000E+00  0.000000E+00  0.000000E+00  0.000000E+00
       113   4  0.000000E+00  0.000000E+00  0.000000E+00  0.000000E+00  0.000000E+00  0.000000E+00
       113   5  0.000000E+00  0.000000E+00  0.000000E+00  0.000000E+00  0.000000E+00  0.000000E+00
       113   6  0.000000E+00  0.000000E+00  0.000000E+00  0.000000E+00  0.000000E+00  0.000000E+00
       113   7  0.000000E+00  0.000000E+00  0.000000E+00  0.000000E+00  0.000000E+00  0.000000E+00
       113   8  0.000000E+00  0.000000E+00  0.000000E+00  0.000000E+00  0.000000E+00  0.000000E+00
       114   1  7.338824E-01  2.446275E+00 -1.644684E-12 -5.777758E-01  1.050842E-13 -2.654610E+00
       114   2  7.338824E-01  2.446275E+00 -5.476064E-12 -5.777758E-01  5.254211E-13 -2.654610E+00
       114   3  7.338824E-01  2.446275E+00  1.520339E-12 -5.777758E-01  2.451965E-13 -6.208397E-01
       114   4  7.338824E-01  2.446275E+00 -3.779199E-12 -5.777758E-01  6.305053E-13 -6.208397E-01
       114   5 -7.338824E-01 -2.446275E+00 -4.438894E-12  5.777758E-01 -2.101684E-13 -2.654610E+00
       114   6 -7.338824E-01 -2.446275E+00 -5.435208E-12  5.777758E-01  2.627105E-13 -2.654610E+00
       114   7 -7.338824E-01 -2.446275E+00  2.648104E-12  5.777758E-01 -8.581877E-13 -6.208397E-01
       114   8 -7.338824E-01 -2.446275E+00 -1.661116E-12  5.777758E-01 -5.079070E-13 -6.208397E-01
       115   1 -1.306124E+00 -5.316543E+00 -3.135595E-01 -1.030167E-01  3.548119E-01 -8.243084E-02
       115   2  1.021175E-01 -4.713011E+00  2.899724E-01 -8.371825E-02 -3.513109E-01 -1.163962E-01
       115   3 -1.282537E+00 -5.261507E+00 -2.899724E-01  2.248278E-01 -3.533322E-01 -2.454426E-01
       115   4  1.257045E-01 -4.657975E+00  3.135595E-01  2.441262E-01  3.568332E-01 -2.114772E-01
       115   5  1.306124E+00  5.316543E+00  3.135595E-01  1.030167E-01  3.548119E-01 -8.243084E-02
       115   6 -1.021175E-01  4.713011E+00 -2.899724E-01  8.371825E-02 -3.513109E-01 -1.163962E-01
       115   7  1.282537E+00  5.261507E+00  2.899724E-01 -2.248278E-01 -3.533322E-01 -2.454426E-01
       115   8 -1.257045E-01  4.657975E+00 -3.135595E-01 -2.441262E-01  3.568332E-01 -2.114772E-01
       116   1 -1.564639E-01 -6.582244E+00 -5.685807E-03  9.183296E-02  1.013886E-02 -1.136569E-01
       116   2 -1.271207E-01 -6.569668E+00  6.889868E-03  9.026403E-02 -6.637887E-03 -1.108956E-01
       116   3 -1.576680E-01 -6.585053E+00 -6.889868E-03  9.612234E-02 -4.616598E-03 -2.142165E-01
       116   4 -1.283247E-01 -6.572478E+00  5.685807E-03  9.455341E-02  8.117573E-03 -2.169778E-01
       116   5  1.564639E-01  6.582244E+00  5.685807E-03 -9.183296E-02  1.013886E-02 -1.136569E-01
       116   6  1.271207E-01  6.569668E+00 -6.889868E-03 -9.026403E-02 -6.637887E-03 -1.108956E-01
       116   7  1.576680E-01  6.585053E+00  6.889868E-03 -9.612234E-02 -4.616598E-03 -2.142165E-01
       116   8  1.283247E-01  6.572478E+00 -5.685807E-03 -9.455341E-02  8.117573E-03 -2.169778E-01
       117   1  9.868246E-02 -5.557074E+00  8.579199E-02  1.218765E-01 -1.021088E-01  3.739529E-01
       117   2 -3.044896E-01 -5.729862E+00 -8.699605E-02  1.234454E-01  9.860785E-02  3.711916E-01
       117   3  9.988652E-02 -5.554264E+00  8.699605E-02  6.294100E-02  1.006291E-01  2.678707E-01
       117   4 -3.032856E-01 -5.727052E+00 -8.579199E-02  6.450992E-02 -1.041301E-01  2.706320E-01
       117   5 -9.868246E-02  5.557074E+00 -8.579199E-02 -1.218765E-01 -1.021088E-01  3.739529E-01
       117   6  3.044896E-01  5.729862E+00  8.699605E-02 -1.234454E-01  9.860785E-02  3.711916E-01
       117   7 -9.988652E-02  5.554264E+00 -8.699605E-02 -6.294100E-02  1.006291E-01  2.678707E-01
       117   8  3.032856E-01  5.727052E+00  8.579199E-02 -6.450992E-02 -1.041301E-01  2.706320E-01
       118   1  4.356561E-01 -2.280206E+00  2.334533E-01  2.006118E-01 -2.628419E-01  3.684523E-01
       118   2 -5.987562E-01 -2.723526E+00 -2.098663E-01  1.813133E-01  2.593410E-01  4.024176E-01
       118   3  4.120690E-01 -2.335243E+00  2.098663E-01 -4.020378E-02  2.573197E-01  2.733712E-01
       118   4 -6.223432E-01 -2.778562E+00 -2.334533E-01 -5.950226E-02 -2.608206E-01  2.394059E-01
       118   5 -4.356561E-01  2.280206E+00 -2.334533E-01 -2.006118E-01 -2.628419E-01  3.684523E-01
       118   6  5.987562E-01  2.723526E+00  2.098663E-01 -1.813133E-01  2.593410E-01  4.024176E-01
       118   7 -4.120690E-01  2.335243E+00 -2.098663E-01  4.020378E-02  2.573197E-01  2.733712E-01
       118   8  6.223432E-01  2.778562E+00  2.334533E-01  5.950226E-02 -2.608206E-01  2.394059E-01
       119   1  3.403941E-01  1.134647E+00  3.852474E-14 -1.444868E-01 -8.757018E-14  5.608803E-01
       119   2  3.403941E-01  1.134647E+00 -4.224177E-12 -1.444868E-01  1.751404E-14  5.608803E-01
       119   3  3.403941E-01  1.134647E+00 -2.368772E-12 -1.444868E-01  1.751404E-14  1.069474E+00
       119   4  3.403941E-01  1.134647E+00  5.501932E-12 -1.444868E-01 -2.802246E-13  1.069474E+00
       119   5 -3.403941E-01 -1.134647E+00 -3.611000E-12  1.444868E-01  6.305053E-13  5.608803E-01
       119   6 -3.403941E-01 -1.134647E+00 -8.687495E-13  1.444868E-01  2.802246E-13  5.608803E-01
       119   7 -3.403941E-01 -1.134647E+00 -5.033529E-12  1.444868E-01  2.802246E-13  1.069474E+00
       119   8 -3.403941E-01 -1.134647E+00  2.855716E-12  1.444868E-01  1.751404E-14  1.069474E+00
       120   1  0.000000E+00  0.000000E+00  0.000000E+00  0.000000E+00  0.000000E+00  0.000000E+00
       120   2  0.000000E+00  0.000000E+00  0.000000E+00  0.000000E+00  0.000000E+00  0.000000E+00
       120   3  0.000000E+00  0.000000E+00  0.000000E+00  0.000000E+00  0.000000E+00  0.000000E+00
       120   4  0.000000E+00  0.000000E+00  0.000000E+00  0.000000E+00  0.000000E+00  0.000000E+00
       120   5  0.000000E+00  0.000000E+00  0.000000E+00  0.000000E+00  0.000000E+00  0.000000E+00
       120   6  0.000000E+00  0.000000E+00  0.000000E+00  0.000000E+00  0.000000E+00  0.000000E+00
       120   7  0.000000E+00  0.000000E+00  0.000000E+00  0.000000E+00  0.000000E+00  0.000000E+00
       120   8  0.000000E+00  0.000000E+00  0.000000E+00  0.000000E+00  0.000000E+00  0.000000E+00
       121   1 -9.994992E-02 -3.331664E-01  4.131417E-12 -1.892562E-01 -5.604491E-13 -1.264523E-01
       121   2 -9.994992E-02 -3.331664E-01  6.158185E-12 -1.892562E-01 -3.853088E-13 -1.264523E-01
       121   3 -9.994992E-02 -3.331664E-01  1.905642E-12 -1.892562E-01 -4.553649E-13  5.397294E-01
       121   4 -9.994992E-02 -3.331664E-01  1.214057E-12 -1.892562E-01 -3.502807E-14  5.397294E-01
       121   5  9.994992E-02  3.331664E-01  4.898387E-12  1.892562E-01 -3.152526E-13 -1.264523E-01
       121   6  9.994992E-02  3.331664E-01  4.482775E-12  1.892562E-01 -4.203368E-13 -1.264523E-01
       121   7  9.994992E-02  3.331664E-01  3.156253E-12  1.892562E-01 -1.751404E-13  5.397294E-01
       121   8  9.994992E-02  3.331664E-01  4.201861E-12  1.892562E-01 -8.757018E-13  5.397294E-01
       122   1 -1.899067E-01 -1.084822E+00 -8.765471E-02 -2.752713E-01  1.471467E-01 -5.287896E-01
       122   2  4.052880E-01 -8.297382E-01  1.674288E-01 -3.405410E-01 -1.589874E-01 -4.139150E-01
       122   3 -2.696808E-01 -1.270961E+00 -1.674288E-01 -1.367075E-01 -1.521512E-01  2.253467E-02
       122   4  3.255140E-01 -1.015878E+00  8.765471E-02 -2.019772E-01  1.403105E-01 -9.233997E-02
       122   5  1.899067E-01  1.084822E+00  8.765471E-02  2.752713E-01  1.471467E-01 -5.287896E-01
       122   6 -4.052880E-01  8.297382E-01 -1.674288E-01  3.405410E-01 -1.589874E-01 -4.139150E-01
       122   7  2.696808E-01  1.270961E+00  1.674288E-01  1.367075E-01 -1.521512E-01  2.253467E-02
       122   8 -3.255140E-01  1.015878E+00 -8.765471E-02  2.019772E-01  1.403105E-01 -9.233997E-02
       123   1 -2.519656E-01 -3.564008E+00 -5.573747E-02 -3.361599E-01  5.367110E-02 -4.231795E-01
       123   2 -1.359411E-03 -3.456605E+00  5.166520E-02 -3.308536E-01 -6.551180E-02 -4.325186E-01
       123   3 -2.478934E-01 -3.554506E+00 -5.166520E-02 -2.995264E-01 -7.234803E-02 -8.307546E-02
       123   4  2.712861E-03 -3.447103E+00  5.573747E-02 -2.942201E-01  6.050733E-02 -7.373638E-02
       123   5  2.519656E-01  3.564008E+00  5.573747E-02  3.361599E-01  5.367110E-02 -4.231795E-01
       123   6  1.359411E-03  3.456605E+00 -5.166520E-02  3.308536E-01 -6.551180E-02 -4.325186E-01
       123   7  2.478934E-01  3.554506E+00  5.166520E-02  2.995264E-01 -7.234803E-02 -8.307546E-02
       123   8 -2.712861E-03  3.447103E+00 -5.573747E-02  2.942201E-01  6.050733E-02 -7.373638E-02
       124   1 -2.824380E-02 -3.585573E+00  4.481350E-02 -2.979461E-01 -4.768987E-02  5.232991E-02
       124   2 -2.278715E-01 -3.671127E+00 -4.074123E-02 -3.032524E-01  5.953057E-02  6.166898E-02
       124   3 -3.231607E-02 -3.595075E+00  4.074123E-02 -3.271276E-01  5.269434E-02  4.111121E-01
       124   4 -2.319438E-01 -3.680629E+00 -4.481350E-02 -3.324339E-01 -4.085364E-02  4.017730E-01
       124   5  2.824380E-02  3.585573E+00 -4.481350E-02  2.979461E-01 -4.768987E-02  5.232991E-02
       124   6  2.278715E-01  3.671127E+00  4.074123E-02  3.032524E-01  5.953057E-02  6.166898E-02
       124   7  3.231607E-02  3.595075E+00 -4.074123E-02  3.271276E-01  5.269434E-02  4.111121E-01
       124   8  2.319438E-01  3.680629E+00  4.481350E-02  3.324339E-01 -4.085364E-02  4.017730E-01
       125   1  2.832463E-01 -1.340131E+00  9.857868E-02 -1.960431E-01 -1.531280E-01  7.093349E-02
       125   2 -3.629270E-01 -1.617062E+00 -1.783527E-01 -1.307735E-01  1.649687E-01 -4.394115E-02
       125   3  3.630204E-01 -1.153991E+00  1.783527E-01 -3.464750E-01  1.718049E-01  3.925085E-01
       125   4 -2.831529E-01 -1.430923E+00 -9.857868E-02 -2.812053E-01 -1.599642E-01  5.073832E-01
       125   5 -2.832463E-01  1.340131E+00 -9.857868E-02  1.960431E-01 -1.531280E-01  7.093349E-02
       125   6  3.629270E-01  1.617062E+00  1.783527E-01  1.307735E-01  1.649687E-01 -4.394115E-02
       125   7 -3.630204E-01  1.153991E+00 -1.783527E-01  3.464750E-01  1.718049E-01  3.925085E-01
       125   8  2.831529E-01  1.430923E+00  9.857868E-02  2.812053E-01 -1.599642E-01  5.073832E-01
       126   1  1.281306E-01  4.271021E-01  4.449219E-13  4.586050E-01 -6.305053E-13  1.076400E+00
       126   2  1.281306E-01  4.271021E-01  2.923800E-12  4.586050E-01 -1.401123E-13  1.076400E+00
       126   3  1.281306E-01  4.271021E-01 -3.190226E-13  4.586050E-01 -1.401123E-13 -5.378895E-01
       126   4  1.281306E-01  4.271021E-01  1.304790E-12  4.586050E-01 -4.203368E-13 -5.378895E-01
       126   5 -1.281306E-01 -4.271021E-01  8.272549E-13 -4.586050E-01 -3.152526E-13  1.076400E+00
       126   6 -1.281306E-01 -4.271021E-01  2.490758E-12 -4.586050E-01 -3.853088E-13  1.076400E+00
       126   7 -1.281306E-01 -4.271021E-01  7.296941E-14 -4.586050E-01  3.502807E-14 -5.378895E-01
       126   8 -1.281306E-01 -4.271021E-01  1.242922E-12 -4.586050E-01 -2.802246E-13 -5.378895E-01
       127   1  0.000000E+00  0.000000E+00  0.000000E+00  0.000000E+00  0.000000E+00  0.000000E+00
       127   2  0.000000E+00  0.000000E+00  0.000000E+00  0.000000E+00  0.000000E+00  0.000000E+00
       127   3  0.000000E+00  0.000000E+00  0.000000E+00  0.000000E+00  0.000000E+00  0.000000E+00
       127   4  0.000000E+00  0.000000E+00  0.000000E+00  0.000000E+00  0.000000E+00  0.000000E+00
       127   5  0.000000E+00  0.000000E+00  0.000000E+00  0.000000E+00  0.000000E+00  0.000000E+00
       127   6  0.000000E+00  0.000000E+00  0.000000E+00  0.000000E+00  0.000000E+00  0.000000E+00
       127   7  0.000000E+00  0.000000E+00  0.000000E+00  0.000000E+00  0.000000E+00  0.000000E+00
       127   8  0.000000E+00  0.000000E+00  0.000000E+00  0.000000E+00  0.000000E+00  0.000000E+00
       128   1 -5.590201E-01 -1.863400E+00  1.687539E-13 -2.777202E-01  4.553649E-13  3.869787E-01
       128   2 -5.590201E-01 -1.863400E+00 -4.708456E-12 -2.777202E-01  5.604491E-13  3.869787E-01
       128   3 -5.590201E-01 -1.863400E+00 -2.117528E-12 -2.777202E-01  5.604491E-13  1.364554E+00
       128   4 -5.590201E-01 -1.863400E+00 -1.277090E-12 -2.777202E-01  4.903930E-13  1.364554E+00
       128   5  5.590201E-01  1.863400E+00  1.121325E-13  2.777202E-01  4.203368E-13  3.869787E-01
       128   6  5.590201E-01  1.863400E+00 -4.733103E-12  2.777202E-01  5.954772E-13  3.869787E-01
       128   7  5.590201E-01  1.863400E+00 -2.204459E-12  2.777202E-01  5.254211E-13  1.364554E+00
       128   8  5.590201E-01  1.863400E+00 -1.187939E-12  2.777202E-01  5.604491E-13  1.364554E+00
       129   1  4.946691E-02  2.776935E-02 -5.748941E-02  3.428406E-02  5.470642E-02 -9.175031E-02
       129   2  2.641853E-01  1.197915E-01  3.453277E-02  5.306677E-02 -5.129901E-02 -1.248079E-01
       129   3  7.242355E-02  8.133486E-02 -3.453277E-02  8.427142E-02 -5.326628E-02 -2.504053E-01
       129   4  2.871420E-01  1.733570E-01  5.748941E-02  1.030541E-01  5.667368E-02 -2.173478E-01
       129   5 -4.946691E-02 -2.776935E-02  5.748941E-02 -3.428406E-02  5.470642E-02 -9.175031E-02
       129   6 -2.641853E-01 -1.197915E-01 -3.453277E-02 -5.306677E-02 -5.129901E-02 -1.248079E-01
       129   7 -7.242355E-02 -8.133486E-02  3.453277E-02 -8.427142E-02 -5.326628E-02 -2.504053E-01
       129   8 -2.871420E-01 -1.733570E-01 -5.748941E-02 -1.030541E-01  5.667368E-02 -2.173478E-01
       130   1 -1.816534E-01 -1.571087E+00 -1.306465E-02  8.680997E-02  1.870402E-02 -1.221418E-01
       130   2 -1.179507E-01 -1.543786E+00  1.423653E-02  8.528297E-02 -1.529662E-02 -1.194543E-01
       130   3 -1.828253E-01 -1.573821E+00 -1.423653E-02  9.612199E-02 -1.332935E-02 -2.200138E-01
       130   4 -1.191226E-01 -1.546520E+00  1.306465E-02  9.459500E-02  1.673676E-02 -2.227013E-01
       130   5  1.816534E-01  1.571087E+00  1.306465E-02 -8.680997E-02  1.870402E-02 -1.221418E-01
       130   6  1.179507E-01  1.543786E+00 -1.423653E-02 -8.528297E-02 -1.529662E-02 -1.194543E-01
       130   7  1.828253E-01  1.573821E+00  1.423653E-02 -9.612199E-02 -1.332935E-02 -2.200138E-01
       130   8  1.191226E-01  1.546520E+00 -1.306465E-02 -9.459500E-02  1.673676E-02 -2.227013E-01
       131   1  8.723053E-02 -6.235021E-01  8.588243E-02  1.194321E-01 -1.021763E-01  3.653942E-01
       131   2 -3.162885E-01 -7.964388E-01 -8.705431E-02  1.209591E-01  9.876889E-02  3.627067E-01
       131   3  8.840241E-02 -6.207677E-01  8.705431E-02  6.044589E-02  1.007362E-01  2.621471E-01
       131   4 -3.151167E-01 -7.937045E-01 -8.588243E-02  6.197289E-02 -1.041436E-01  2.648347E-01
       131   5 -8.723053E-02  6.235021E-01 -8.588243E-02 -1.194321E-01 -1.021763E-01  3.653942E-01
       131   6  3.162885E-01  7.964388E-01  8.705431E-02 -1.209591E-01  9.876889E-02  3.627067E-01
       131   7 -8.840241E-02  6.207677E-01 -8.705431E-02 -6.044589E-02  1.007362E-01  2.621471E-01
       131   8  3.151167E-01  7.937045E-01  8.588243E-02 -6.197289E-02 -1.041436E-01  2.648347E-01
       132   1  5.688928E-01  2.334786E+00 -1.532838E-02  6.349878E-02  2.876586E-02  3.600406E-01
       132   2  6.939908E-01  2.388400E+00  3.828502E-02  4.471607E-02 -3.217326E-02  3.930982E-01
       132   3  5.459362E-01  2.281221E+00 -3.828502E-02  9.262211E-02 -3.414053E-02  2.675007E-01
       132   4  6.710341E-01  2.334834E+00  1.532838E-02  7.383940E-02  3.073312E-02  2.344431E-01
       132   5 -5.688928E-01 -2.334786E+00  1.532838E-02 -6.349878E-02  2.876586E-02  3.600406E-01
       132   6 -6.939908E-01 -2.388400E+00 -3.828502E-02 -4.471607E-02 -3.217326E-02  3.930982E-01
       132   7 -5.459362E-01 -2.281221E+00  3.828502E-02 -9.262211E-02 -3.414053E-02  2.675007E-01
       132   8 -6.710341E-01 -2.334834E+00 -1.532838E-02 -7.383940E-02  3.073312E-02  2.344431E-01
       133   1 -3.388366E-01 -1.129455E+00  2.965628E-12  1.842861E-02  4.203368E-13 -1.210771E+00
       133   2 -3.388366E-01 -1.129455E+00 -2.986278E-12  1.842861E-02  4.903930E-13 -1.210771E+00
       133   3 -3.388366E-01 -1.129455E+00 -4.446443E-13  1.842861E-02  5.254211E-13 -1.275640E+00
       133   4 -3.388366E-01 -1.129455E+00 -5.994094E-13  1.842861E-02  4.903930E-13 -1.275640E+00
       133   5  3.388366E-01  1.129455E+00  2.923106E-12 -1.842861E-02  4.553649E-13 -1.210771E+00
       133   6  3.388366E-01  1.129455E+00 -2.973399E-12 -1.842861E-02  6.305053E-13 -1.210771E+00
       133   7  3.388366E-01  1.129455E+00 -6.139533E-13 -1.842861E-02  5.604491E-13 -1.275640E+00
       133   8  3.388366E-01  1.129455E+00 -6.471490E-13 -1.842861E-02  4.903930E-13 -1.275640E+00
       134   1 -2.795474E-01 -9.318248E-01  3.760325E-13  3.715389E-01 -6.655333E-13  8.512277E-01
       134   2 -2.795474E-01 -9.318248E-01  4.035661E-13  3.715389E-01  1.401123E-13  8.512277E-01
       134   3 -2.795474E-01 -9.318248E-01 -4.564127E-13  3.715389E-01 -5.254211E-13 -4.565893E-01
       134   4 -2.795474E-01 -9.318248E-01 -3.069323E-12  3.715389E-01 -3.502807E-14 -4.565893E-01
       134   5  2.795474E-01  9.318248E-01 -6.556977E-13 -3.715389E-01 -1.751404E-13  8.512277E-01
       134   6  2.795474E-01  9.318248E-01 -5.286327E-13 -3.715389E-01 -4.553649E-13  8.512277E-01
       134   7  2.795474E-01  9.318248E-01 -2.650657E-13 -3.715389E-01  0.000000E+00 -4.565893E-01
       134   8  2.795474E-01  9.318248E-01 -2.587097E-12 -3.715389E-01 -4.903930E-13 -4.565893E-01
       135   1  8.668964E-02  9.691740E-02 -5.699693E-02 -4.171516E-02  6.896894E-02 -2.386796E-01
       135   2  3.614680E-01  2.146796E-01  6.076524E-02 -4.479833E-02 -6.952826E-02 -2.332532E-01
       135   3  8.292133E-02  8.812468E-02 -6.076524E-02  2.225441E-02 -6.920533E-02 -2.126366E-01
       135   4  3.576997E-01  2.058868E-01  5.699693E-02  1.917124E-02  6.864601E-02 -2.180629E-01
       135   5 -8.668964E-02 -9.691740E-02  5.699693E-02  4.171516E-02  6.896894E-02 -2.386796E-01
       135   6 -3.614680E-01 -2.146796E-01 -6.076524E-02  4.479833E-02 -6.952826E-02 -2.332532E-01
       135   7 -8.292133E-02 -8.812468E-02  6.076524E-02 -2.225441E-02 -6.920533E-02 -2.126366E-01
       135   8 -3.576997E-01 -2.058868E-01 -5.699693E-02 -1.917124E-02  6.864601E-02 -2.180629E-01
       136   1 -2.303981E-01 -2.078492E+00 -4.099905E-02 -2.896541E-02  4.755157E-02 -2.336909E-01
       136   2 -3.951810E-02 -1.996687E+00  4.080668E-02 -2.871476E-02 -4.811089E-02 -2.341320E-01
       136   3 -2.302058E-01 -2.078043E+00 -4.080668E-02 -1.062681E-03 -4.843382E-02 -2.176253E-01
       136   4 -3.932574E-02 -1.996238E+00  4.099905E-02 -8.120260E-04  4.787450E-02 -2.171841E-01
       136   5  2.303981E-01  2.078492E+00  4.099905E-02  2.896541E-02  4.755157E-02 -2.336909E-01
       136   6  3.951810E-02  1.996687E+00 -4.080668E-02  2.871476E-02 -4.811089E-02 -2.341320E-01
       136   7  2.302058E-01  2.078043E+00  4.080668E-02  1.062681E-03 -4.843382E-02 -2.176253E-01
       136   8  3.932574E-02  1.996238E+00 -4.099905E-02  8.120261E-04  4.787450E-02 -2.171841E-01
       137   1  9.166530E-03 -1.779332E+00  5.811098E-02  5.024601E-03 -6.795249E-02  2.507165E-01
       137   2 -2.615692E-01 -1.895361E+00 -5.791861E-02  4.773946E-03  6.851182E-02  2.511576E-01
       137   3  8.974167E-03 -1.779780E+00  5.791861E-02 -3.455138E-02  6.818889E-02  2.676644E-01
       137   4 -2.617615E-01 -1.895810E+00 -5.811098E-02 -3.480204E-02 -6.762957E-02  2.672232E-01
       137   5 -9.166530E-03  1.779332E+00 -5.811098E-02 -5.024601E-03 -6.795249E-02  2.507165E-01
       137   6  2.615692E-01  1.895361E+00  5.791861E-02 -4.773946E-03  6.851182E-02  2.511576E-01
       137   7 -8.974167E-03  1.779780E+00 -5.791861E-02  3.455138E-02  6.818889E-02  2.676644E-01
       137   8  2.617615E-01  1.895810E+00  5.811098E-02  3.480204E-02 -6.762957E-02  2.672232E-01
       138   1  4.239102E-01  7.138153E-01  3.988500E-02  9.875875E-03 -4.856802E-02  2.515952E-01
       138   2  2.289875E-01  6.302770E-01 -4.365331E-02  1.295904E-02  4.912734E-02  2.461689E-01
       138   3  4.276785E-01  7.226080E-01  4.365331E-02 -3.550296E-02  4.945026E-02  2.667856E-01
       138   4  2.327558E-01  6.390697E-01 -3.988500E-02 -3.241980E-02 -4.889094E-02  2.722119E-01
       138   5 -4.239102E-01 -7.138153E-01 -3.988500E-02 -9.875875E-03 -4.856802E-02  2.515952E-01
       138   6 -2.289875E-01 -6.302770E-01  4.365331E-02 -1.295904E-02  4.912734E-02  2.461689E-01
       138   7 -4.276785E-01 -7.226080E-01 -4.365331E-02  3.550296E-02  4.945026E-02  2.667856E-01
       138   8 -2.327558E-01 -6.390697E-01  3.988500E-02  3.241980E-02 -4.889094E-02  2.722119E-01
       139   1  2.131459E-02  7.104862E-02 -1.070324E-12 -3.166186E-01 -5.954772E-13 -5.591635E-01
       139   2  2.131459E-02  7.104862E-02 -1.226352E-12 -3.166186E-01 -1.050842E-13 -5.591635E-01
       139   3  2.131459E-02  7.104862E-02 -7.650408E-13 -3.166186E-01 -3.853088E-13  5.553339E-01
       139   4  2.131459E-02  7.104862E-02 -3.698430E-12 -3.166186E-01 -1.050842E-13  5.553339E-01
       139   5 -2.131459E-02 -7.104862E-02 -1.673772E-12  3.166186E-01 -3.502807E-14 -5.591635E-01
       139   6 -2.131459E-02 -7.104862E-02 -6.331324E-13  3.166186E-01 -4.203368E-13 -5.591635E-01
       139   7 -2.131459E-02 -7.104862E-02 -6.591602E-13  3.166186E-01  1.751404E-13  5.553339E-01
       139   8 -2.131459E-02 -7.104862E-02 -2.796194E-12  3.166186E-01 -4.553649E-13  5.553339E-01
       140   1 -1.913676E-01 -6.378922E-01  4.276024E-13 -2.032558E-01  2.802246E-13 -5.961667E-01
       140   2 -1.913676E-01 -6.378922E-01 -1.937228E-12 -2.032558E-01  0.000000E+00 -5.961667E-01
       140   3 -1.913676E-01 -6.378922E-01 -7.796541E-12 -2.032558E-01  4.553649E-13  1.192937E-01
       140   4 -1.913676E-01 -6.378922E-01 -2.071121E-12 -2.032558E-01  7.005614E-14  1.192937E-01
       140   5  1.913676E-01  6.378922E-01 -6.207257E-13  2.032558E-01  9.807860E-13 -5.961667E-01
       140   6  1.913676E-01  6.378922E-01  7.677747E-13  2.032558E-01 -5.954772E-13 -5.961667E-01
       140   7  1.913676E-01  6.378922E-01 -3.933853E-12  2.032558E-01  1.120898E-12  1.192937E-01
       140   8  1.913676E-01  6.378922E-01 -1.094069E-12  2.032558E-01 -6.305053E-13  1.192937E-01
       141   1 -4.330874E-01 -1.683445E+00 -7.998528E-02 -1.848090E-02  8.899101E-02  4.907937E-02
       141   2 -8.023735E-02 -1.532223E+00  7.123617E-02 -1.132254E-02 -8.769240E-02  3.648066E-02
       141   3 -4.243383E-01 -1.663030E+00 -7.123617E-02  6.366409E-02 -8.844216E-02 -1.138633E-02
       141   4 -7.148825E-02 -1.511809E+00  7.998528E-02  7.082245E-02  8.974077E-02  1.212378E-03
       141   5  4.330874E-01  1.683445E+00  7.998528E-02  1.848090E-02  8.899101E-02  4.907937E-02
       141   6  8.023735E-02  1.532223E+00 -7.123617E-02  1.132254E-02 -8.769240E-02  3.648066E-02
       141   7  4.243383E-01  1.663030E+00  7.123617E-02 -6.366409E-02 -8.844216E-02 -1.138633E-02
       141   8  7.148825E-02  1.511809E+00 -7.998528E-02 -7.082245E-02  8.974077E-02  1.212378E-03
       142   1  2.269190E-02 -1.403713E+00  1.081428E-02  3.847142E-02 -1.140256E-02  3.749673E-02
       142   2 -2.673263E-02 -1.424895E+00 -1.036766E-02  3.788946E-02  1.270117E-02  3.852098E-02
       142   3  2.224528E-02 -1.404755E+00  1.036766E-02  3.124657E-02  1.345092E-02  1.963062E-04
       142   4 -2.717926E-02 -1.425937E+00 -1.081428E-02  3.066461E-02 -1.215231E-02 -8.279438E-04
       142   5 -2.269190E-02  1.403713E+00 -1.081428E-02 -3.847142E-02 -1.140256E-02  3.749673E-02
       142   6  2.673263E-02  1.424895E+00  1.036766E-02 -3.788946E-02  1.270117E-02  3.852098E-02
       142   7 -2.224528E-02  1.404755E+00 -1.036766E-02 -3.124657E-02  1.345092E-02  1.963062E-04
       142   8  2.717926E-02  1.425937E+00  1.081428E-02 -3.066461E-02 -1.215231E-02 -8.279438E-04
       143   1  2.732997E-02 -1.182117E+00  8.420907E-03  3.722545E-02 -1.041698E-02  3.852098E-02
       143   2 -1.300971E-02 -1.199406E+00 -8.867527E-03  3.780741E-02  9.118365E-03  3.749673E-02
       143   3  2.777659E-02 -1.181075E+00  8.867527E-03  3.132862E-02  9.868119E-03 -8.279438E-04
       143   4 -1.256309E-02 -1.198363E+00 -8.420907E-03  3.191058E-02 -1.116673E-02  1.963062E-04
       143   5 -2.732997E-02  1.182117E+00 -8.420907E-03 -3.722545E-02 -1.041698E-02  3.852098E-02
       143   6  1.300971E-02  1.199406E+00  8.867527E-03 -3.780741E-02  9.118365E-03  3.749673E-02
       143   7 -2.777659E-02  1.181075E+00 -8.867527E-03 -3.132862E-02  9.868119E-03 -8.279438E-04
       143   8  1.256309E-02  1.198363E+00  8.420907E-03 -3.191058E-02 -1.116673E-02  1.963062E-04
       144   1  2.937670E-03 -9.408560E-01  6.075009E-02  6.037370E-02 -6.717148E-02  3.648066E-02
       144   2 -2.601482E-01 -1.053607E+00 -5.200098E-02  5.321534E-02  6.587287E-02  4.907937E-02
       144   3 -5.811435E-03 -9.612706E-01  5.200098E-02 -8.737960E-04  6.512311E-02  1.212378E-03
       144   4 -2.688973E-01 -1.074022E+00 -6.075009E-02 -8.032155E-03 -6.642173E-02 -1.138633E-02
       144   5 -2.937670E-03  9.408560E-01 -6.075009E-02 -6.037370E-02 -6.717148E-02  3.648066E-02
       144   6  2.601482E-01  1.053607E+00  5.200098E-02 -5.321534E-02  6.587287E-02  4.907937E-02
       144   7  5.811435E-03  9.612706E-01 -5.200098E-02  8.737960E-04  6.512311E-02  1.212378E-03
       144   8  2.688973E-01  1.074022E+00  6.075009E-02  8.032155E-03 -6.642173E-02 -1.138633E-02
       145   1  6.159855E-02  2.053285E-01  4.092560E-13  1.777271E-01  2.802246E-13  5.396088E-01
       145   2  6.159855E-02  2.053285E-01  2.022382E-12  1.777271E-01 -2.802246E-13  5.396088E-01
       145   3  6.159855E-02  2.053285E-01 -3.768555E-12  1.777271E-01  2.451965E-13 -8.599073E-02
       145   4  6.159855E-02  2.053285E-01 -3.321371E-13  1.777271E-01  1.751404E-13 -8.599073E-02
       145   5 -6.159855E-02 -2.053285E-01  1.510736E-13 -1.777271E-01  8.757018E-13  5.396088E-01
       145   6 -6.159855E-02 -2.053285E-01 -1.404626E-12 -1.777271E-01 -4.553649E-13  5.396088E-01
       145   7 -6.159855E-02 -2.053285E-01 -3.552728E-12 -1.777271E-01  1.015814E-12 -8.599073E-02
       145   8 -6.159855E-02 -2.053285E-01  4.184153E-13 -1.777271E-01 -2.802246E-13 -8.599073E-02
       146   1  0.000000E+00  0.000000E+00  0.000000E+00  0.000000E+00  0.000000E+00  0.000000E+00
       146   2  0.000000E+00  0.000000E+00  0.000000E+00  0.000000E+00  0.000000E+00  0.000000E+00
       146   3  0.000000E+00  0.000000E+00  0.000000E+00  0.000000E+00  0.000000E+00  0.000000E+00
       146   4  0.000000E+00  0.000000E+00  0.000000E+00  0.000000E+00  0.000000E+00  0.000000E+00
       146   5  0.000000E+00  0.000000E+00  0.000000E+00  0.000000E+00  0.000000E+00  0.000000E+00
       146   6  0.000000E+00  0.000000E+00  0.000000E+00  0.000000E+00  0.000000E+00  0.000000E+00
       146   7  0.000000E+00  0.000000E+00  0.000000E+00  0.000000E+00  0.000000E+00  0.000000E+00
       146   8  0.000000E+00  0.000000E+00  0.000000E+00  0.000000E+00  0.000000E+00  0.000000E+00
       147   1  0.000000E+00  0.000000E+00  0.000000E+00  0.000000E+00  0.000000E+00  0.000000E+00
       147   2  0.000000E+00  0.000000E+00  0.000000E+00  0.000000E+00  0.000000E+00  0.000000E+00
       147   3  0.000000E+00  0.000000E+00  0.000000E+00  0.000000E+00  0.000000E+00  0.000000E+00
       147   4  0.000000E+00  0.000000E+00  0.000000E+00  0.000000E+00  0.000000E+00  0.000000E+00
       147   5  0.000000E+00  0.000000E+00  0.000000E+00  0.000000E+00  0.000000E+00  0.000000E+00
       147   6  0.000000E+00  0.000000E+00  0.000000E+00  0.000000E+00  0.000000E+00  0.000000E+00
       147   7  0.000000E+00  0.000000E+00  0.000000E+00  0.000000E+00  0.000000E+00  0.000000E+00
       147   8  0.000000E+00  0.000000E+00  0.000000E+00  0.000000E+00  0.000000E+00  0.000000E+00
       148   1  0.000000E+00  0.000000E+00  0.000000E+00  0.000000E+00  0.000000E+00  0.000000E+00
       148   2  0.000000E+00  0.000000E+00  0.000000E+00  0.000000E+00  0.000000E+00  0.000000E+00
       148   3  0.000000E+00  0.000000E+00  0.000000E+00  0.000000E+00  0.000000E+00  0.000000E+00
       148   4  0.000000E+00  0.000000E+00  0.000000E+00  0.000000E+00  0.000000E+00  0.000000E+00
       148   5  0.000000E+00  0.000000E+00  0.000000E+00  0.000000E+00  0.000000E+00  0.000000E+00
       148   6  0.000000E+00  0.000000E+00  0.000000E+00  0.000000E+00  0.000000E+00  0.000000E+00
       148   7  0.000000E+00  0.000000E+00  0.000000E+00  0.000000E+00  0.000000E+00  0.000000E+00
       148   8  0.000000E+00  0.000000E+00  0.000000E+00  0.000000E+00  0.000000E+00  0.000000E+00
       149   1  0.000000E+00  0.000000E+00  0.000000E+00  0.000000E+00  0.000000E+00  0.000000E+00
       149   2  0.000000E+00  0.000000E+00  0.000000E+00  0.000000E+00  0.000000E+00  0.000000E+00
       149   3  0.000000E+00  0.000000E+00  0.000000E+00  0.000000E+00  0.000000E+00  0.000000E+00
       149   4  0.000000E+00  0.000000E+00  0.000000E+00  0.000000E+00  0.000000E+00  0.000000E+00
       149   5  0.000000E+00  0.000000E+00  0.000000E+00  0.000000E+00  0.000000E+00  0.000000E+00
       149   6  0.000000E+00  0.000000E+00  0.000000E+00  0.000000E+00  0.000000E+00  0.000000E+00
       149   7  0.000000E+00  0.000000E+00  0.000000E+00  0.000000E+00  0.000000E+00  0.000000E+00
       149   8  0.000000E+00  0.000000E+00  0.000000E+00  0.000000E+00  0.000000E+00  0.000000E+00
       150   1  0.000000E+00  0.000000E+00  0.000000E+00  0.000000E+00  0.000000E+00  0.000000E+00
       150   2  0.000000E+00  0.000000E+00  0.000000E+00  0.000000E+00  0.000000E+00  0.000000E+00
       150   3  0.000000E+00  0.000000E+00  0.000000E+00  0.000000E+00  0.000000E+00  0.000000E+00
       150   4  0.000000E+00  0.000000E+00  0.000000E+00  0.000000E+00  0.000000E+00  0.000000E+00
       150   5  0.000000E+00  0.000000E+00  0.000000E+00  0.000000E+00  0.000000E+00  0.000000E+00
       150   6  0.000000E+00  0.000000E+00  0.000000E+00  0.000000E+00  0.000000E+00  0.000000E+00
       150   7  0.000000E+00  0.000000E+00  0.000000E+00  0.000000E+00  0.000000E+00  0.000000E+00
       150   8  0.000000E+00  0.000000E+00  0.000000E+00  0.000000E+00  0.000000E+00  0.000000E+00
       151   1  0.000000E+00  0.000000E+00  0.000000E+00  0.000000E+00  0.000000E+00  0.000000E+00
       151   2  0.000000E+00  0.000000E+00  0.000000E+00  0.000000E+00  0.000000E+00  0.000000E+00
       151   3  0.000000E+00  0.000000E+00  0.000000E+00  0.000000E+00  0.000000E+00  0.000000E+00
       151   4  0.000000E+00  0.000000E+00  0.000000E+00  0.000000E+00  0.000000E+00  0.000000E+00
       151   5  0.000000E+00  0.000000E+00  0.000000E+00  0.000000E+00  0.000000E+00  0.000000E+00
       151   6  0.000000E+00  0.000000E+00  0.000000E+00  0.000000E+00  0.000000E+00  0.000000E+00
       151   7  0.000000E+00  0.000000E+00  0.000000E+00  0.000000E+00  0.000000E+00  0.000000E+00
       151   8  0.000000E+00  0.000000E+00  0.000000E+00  0.000000E+00  0.000000E+00  0.000000E+00
       152   1  0.000000E+00  0.000000E+00  0.000000E+00  0.000000E+00  0.000000E+00  0.000000E+00
       152   2  0.000000E+00  0.000000E+00  0.000000E+00  0.000000E+00  0.000000E+00  0.000000E+00
       152   3  0.000000E+00  0.000000E+00  0.000000E+00  0.000000E+00  0.000000E+00  0.000000E+00
       152   4  0.000000E+00  0.000000E+00  0.000000E+00  0.000000E+00  0.000000E+00  0.000000E+00
       152   5  0.000000E+00  0.000000E+00  0.000000E+00  0.000000E+00  0.000000E+00  0.000000E+00
       152   6  0.000000E+00  0.000000E+00  0.000000E+00  0.000000E+00  0.000000E+00  0.000000E+00
       152   7  0.000000E+00  0.000000E+00  0.000000E+00  0.000000E+00  0.000000E+00  0.000000E+00
       152   8  0.000000E+00  0.000000E+00  0.000000E+00  0.000000E+00  0.000000E+00  0.000000E+00
       153   1  0.000000E+00  0.000000E+00  0.000000E+00  0.000000E+00  0.000000E+00  0.000000E+00
       153   2  0.000000E+00  0.000000E+00  0.000000E+00  0.000000E+00  0.000000E+00  0.000000E+00
       153   3  0.000000E+00  0.000000E+00  0.000000E+00  0.000000E+00  0.000000E+00  0.000000E+00
       153   4  0.000000E+00  0.000000E+00  0.000000E+00  0.000000E+00  0.000000E+00  0.000000E+00
       153   5  0.000000E+00  0.000000E+00  0.000000E+00  0.000000E+00  0.000000E+00  0.000000E+00
       153   6  0.000000E+00  0.000000E+00  0.000000E+00  0.000000E+00  0.000000E+00  0.000000E+00
       153   7  0.000000E+00  0.000000E+00  0.000000E+00  0.000000E+00  0.000000E+00  0.000000E+00
       153   8  0.000000E+00  0.000000E+00  0.000000E+00  0.000000E+00  0.000000E+00  0.000000E+00
       154   1  0.000000E+00  0.000000E+00  0.000000E+00  0.000000E+00  0.000000E+00  0.000000E+00
       154   2  0.000000E+00  0.000000E+00  0.000000E+00  0.000000E+00  0.000000E+00  0.000000E+00
       154   3  0.000000E+00  0.000000E+00  0.000000E+00  0.000000E+00  0.000000E+00  0.000000E+00
       154   4  0.000000E+00  0.000000E+00  0.000000E+00  0.000000E+00  0.000000E+00  0.000000E+00
       154   5  0.000000E+00  0.000000E+00  0.000000E+00  0.000000E+00  0.000000E+00  0.000000E+00
       154   6  0.000000E+00  0.000000E+00  0.000000E+00  0.000000E+00  0.000000E+00  0.000000E+00
       154   7  0.000000E+00  0.000000E+00  0.000000E+00  0.000000E+00  0.000000E+00  0.000000E+00
       154   8  0.000000E+00  0.000000E+00  0.000000E+00  0.000000E+00  0.000000E+00  0.000000E+00
       155   1  0.000000E+00  0.000000E+00  0.000000E+00  0.000000E+00  0.000000E+00  0.000000E+00
       155   2  0.000000E+00  0.000000E+00  0.000000E+00  0.000000E+00  0.000000E+00  0.000000E+00
       155   3  0.000000E+00  0.000000E+00  0.000000E+00  0.000000E+00  0.000000E+00  0.000000E+00
       155   4  0.000000E+00  0.000000E+00  0.000000E+00  0.000000E+00  0.000000E+00  0.000000E+00
       155   5  0.000000E+00  0.000000E+00  0.000000E+00  0.000000E+00  0.000000E+00  0.000000E+00
       155   6  0.000000E+00  0.000000E+00  0.000000E+00  0.000000E+00  0.000000E+00  0.000000E+00
       155   7  0.000000E+00  0.000000E+00  0.000000E+00  0.000000E+00  0.000000E+00  0.000000E+00
       155   8  0.000000E+00  0.000000E+00  0.000000E+00  0.000000E+00  0.000000E+00  0.000000E+00
       156   1  0.000000E+00  0.000000E+00  0.000000E+00  0.000000E+00  0.000000E+00  0.000000E+00
       156   2  0.000000E+00  0.000000E+00  0.000000E+00  0.000000E+00  0.000000E+00  0.000000E+00
       156   3  0.000000E+00  0.000000E+00  0.000000E+00  0.000000E+00  0.000000E+00  0.000000E+00
       156   4  0.000000E+00  0.000000E+00  0.000000E+00  0.000000E+00  0.000000E+00  0.000000E+00
       156   5  0.000000E+00  0.000000E+00  0.000000E+00  0.000000E+00  0.000000E+00  0.000000E+00
       156   6  0.000000E+00  0.000000E+00  0.000000E+00  0.000000E+00  0.000000E+00  0.000000E+00
       156   7  0.000000E+00  0.000000E+00  0.000000E+00  0.000000E+00  0.000000E+00  0.000000E+00
       156   8  0.000000E+00  0.000000E+00  0.000000E+00  0.000000E+00  0.000000E+00  0.000000E+00
       157   1  0.000000E+00  0.000000E+00  0.000000E+00  0.000000E+00  0.000000E+00  0.000000E+00
       157   2  0.000000E+00  0.000000E+00  0.000000E+00  0.000000E+00  0.000000E+00  0.000000E+00
       157   3  0.000000E+00  0.000000E+00  0.000000E+00  0.000000E+00  0.000000E+00  0.000000E+00
       157   4  0.000000E+00  0.000000E+00  0.000000E+00  0.000000E+00  0.000000E+00  0.000000E+00
       157   5  0.000000E+00  0.000000E+00  0.000000E+00  0.000000E+00  0.000000E+00  0.000000E+00
       157   6  0.000000E+00  0.000000E+00  0.000000E+00  0.000000E+00  0.000000E+00  0.000000E+00
       157   7  0.000000E+00  0.000000E+00  0.000000E+00  0.000000E+00  0.000000E+00  0.000000E+00
       157   8  0.000000E+00  0.000000E+00  0.000000E+00  0.000000E+00  0.000000E+00  0.000000E+00
       158   1  0.000000E+00  0.000000E+00  0.000000E+00  0.000000E+00  0.000000E+00  0.000000E+00
       158   2  0.000000E+00  0.000000E+00  0.000000E+00  0.000000E+00  0.000000E+00  0.000000E+00
       158   3  0.000000E+00  0.000000E+00  0.000000E+00  0.000000E+00  0.000000E+00  0.000000E+00
       158   4  0.000000E+00  0.000000E+00  0.000000E+00  0.000000E+00  0.000000E+00  0.000000E+00
       158   5  0.000000E+00  0.000000E+00  0.000000E+00  0.000000E+00  0.000000E+00  0.000000E+00
       158   6  0.000000E+00  0.000000E+00  0.000000E+00  0.000000E+00  0.000000E+00  0.000000E+00
       158   7  0.000000E+00  0.000000E+00  0.000000E+00  0.000000E+00  0.000000E+00  0.000000E+00
       158   8  0.000000E+00  0.000000E+00  0.000000E+00  0.000000E+00  0.000000E+00  0.000000E+00
       159   1  0.000000E+00  0.000000E+00  0.000000E+00  0.000000E+00  0.000000E+00  0.000000E+00
       159   2  0.000000E+00  0.000000E+00  0.000000E+00  0.000000E+00  0.000000E+00  0.000000E+00
       159   3  0.000000E+00  0.000000E+00  0.000000E+00  0.000000E+00  0.000000E+00  0.000000E+00
       159   4  0.000000E+00  0.000000E+00  0.000000E+00  0.000000E+00  0.000000E+00  0.000000E+00
       159   5  0.000000E+00  0.000000E+00  0.000000E+00  0.000000E+00  0.000000E+00  0.000000E+00
       159   6  0.000000E+00  0.000000E+00  0.000000E+00  0.000000E+00  0.000000E+00  0.000000E+00
       159   7  0.000000E+00  0.000000E+00  0.000000E+00  0.000000E+00  0.000000E+00  0.000000E+00
       159   8  0.000000E+00  0.000000E+00  0.000000E+00  0.000000E+00  0.000000E+00  0.000000E+00
