{
  "features": [
    {
      "geometry": {
        "coordinates": [
          39.77304501,
          21.43322879
        ],
        "type": "Point"
      },
      "properties": {
        "chainage_m": 0.0,
        "civil_class": "elevated",
        "investigation_flags": [
          "granular-density-and-groundwater-tests"
        ],
        "lat": 21.43322879,
        "line": "line-1",
        "lon": 39.77304501,
        "sample_id": "segment:line-1-civil-001:0000",
        "scope_id": "line-1-civil-001",
        "scope_type": "civil_segment"
      },
      "type": "Feature"
    },
    {
      "geometry": {
        "coordinates": [
          39.78092405,
          21.42947933
        ],
        "type": "Point"
      },
      "properties": {
        "chainage_m": 1000.917,
        "civil_class": "elevated",
        "investigation_flags": [
          "fine-soil-plasticity-and-shrink-swell-tests",
          "granular-density-and-groundwater-tests"
        ],
        "lat": 21.42947933,
        "line": "line-1",
        "lon": 39.78092405,
        "sample_id": "segment:line-1-civil-001:0001",
        "scope_id": "line-1-civil-001",
        "scope_type": "civil_segment"
      },
      "type": "Feature"
    },
    {
      "geometry": {
        "coordinates": [
          39.78872306,
          21.42580452
        ],
        "type": "Point"
      },
      "properties": {
        "chainage_m": 2001.834,
        "civil_class": "elevated",
        "investigation_flags": [
          "fine-soil-plasticity-and-shrink-swell-tests",
          "granular-density-and-groundwater-tests"
        ],
        "lat": 21.42580452,
        "line": "line-1",
        "lon": 39.78872306,
        "sample_id": "segment:line-1-civil-001:0002",
        "scope_id": "line-1-civil-001",
        "scope_type": "civil_segment"
      },
      "type": "Feature"
    },
    {
      "geometry": {
        "coordinates": [
          39.79644202,
          21.42220436
        ],
        "type": "Point"
      },
      "properties": {
        "chainage_m": 3002.751,
        "civil_class": "elevated",
        "investigation_flags": [
          "fine-soil-plasticity-and-shrink-swell-tests",
          "granular-density-and-groundwater-tests"
        ],
        "lat": 21.42220436,
        "line": "line-1",
        "lon": 39.79644202,
        "sample_id": "segment:line-1-civil-001:0003",
        "scope_id": "line-1-civil-001",
        "scope_type": "civil_segment"
      },
      "type": "Feature"
    },
    {
      "geometry": {
        "coordinates": [
          39.79653009,
          21.42212222
        ],
        "type": "Point"
      },
      "properties": {
        "chainage_m": 3015.65,
        "civil_class": "elevated",
        "investigation_flags": [
          "fine-soil-plasticity-and-shrink-swell-tests",
          "granular-density-and-groundwater-tests"
        ],
        "lat": 21.42212222,
        "line": "line-1",
        "lon": 39.79653009,
        "sample_id": "segment:line-1-civil-001:0004",
        "scope_id": "line-1-civil-001",
        "scope_type": "civil_segment"
      },
      "type": "Feature"
    },
    {
      "geometry": {
        "coordinates": [
          39.8040247,
          21.41855135
        ],
        "type": "Point"
      },
      "properties": {
        "chainage_m": 4003.668,
        "civil_class": "elevated",
        "investigation_flags": [
          "fine-soil-plasticity-and-shrink-swell-tests",
          "granular-density-and-groundwater-tests"
        ],
        "lat": 21.41855135,
        "line": "line-1",
        "lon": 39.8040247,
        "sample_id": "segment:line-1-civil-001:0005",
        "scope_id": "line-1-civil-001",
        "scope_type": "civil_segment"
      },
      "type": "Feature"
    },
    {
      "geometry": {
        "coordinates": [
          39.81182335,
          21.41487687
        ],
        "type": "Point"
      },
      "properties": {
        "chainage_m": 5004.586,
        "civil_class": "elevated",
        "investigation_flags": [
          "granular-density-and-groundwater-tests"
        ],
        "lat": 21.41487687,
        "line": "line-1",
        "lon": 39.81182335,
        "sample_id": "segment:line-1-civil-001:0006",
        "scope_id": "line-1-civil-001",
        "scope_type": "civil_segment"
      },
      "type": "Feature"
    },
    {
      "geometry": {
        "coordinates": [
          39.81973933,
          21.41114256
        ],
        "type": "Point"
      },
      "properties": {
        "chainage_m": 6005.503,
        "civil_class": "elevated",
        "investigation_flags": [
          "granular-density-and-groundwater-tests"
        ],
        "lat": 21.41114256,
        "line": "line-1",
        "lon": 39.81973933,
        "sample_id": "segment:line-1-civil-001:0007",
        "scope_id": "line-1-civil-001",
        "scope_type": "civil_segment"
      },
      "type": "Feature"
    },
    {
      "geometry": {
        "coordinates": [
          39.81993417,
          21.4110912
        ],
        "type": "Point"
      },
      "properties": {
        "chainage_m": 6031.3,
        "civil_class": "elevated",
        "investigation_flags": [
          "granular-density-and-groundwater-tests"
        ],
        "lat": 21.4110912,
        "line": "line-1",
        "lon": 39.81993417,
        "sample_id": "segment:line-1-civil-001:0008",
        "scope_id": "line-1-civil-001",
        "scope_type": "civil_segment"
      },
      "type": "Feature"
    },
    {
      "geometry": {
        "coordinates": [
          39.81993417,
          21.4110912
        ],
        "type": "Point"
      },
      "properties": {
        "chainage_m": 6031.3,
        "civil_class": "bridge",
        "investigation_flags": [
          "granular-density-and-groundwater-tests"
        ],
        "lat": 21.4110912,
        "line": "line-1",
        "lon": 39.81993417,
        "sample_id": "segment:line-1-civil-002:0000",
        "scope_id": "line-1-civil-002",
        "scope_type": "civil_segment"
      },
      "type": "Feature"
    },
    {
      "geometry": {
        "coordinates": [
          39.82003067,
          21.41100119
        ],
        "type": "Point"
      },
      "properties": {
        "chainage_m": 6045.45,
        "civil_class": "bridge",
        "investigation_flags": [
          "granular-density-and-groundwater-tests"
        ],
        "lat": 21.41100119,
        "line": "line-1",
        "lon": 39.82003067,
        "sample_id": "segment:line-1-civil-002:0001",
        "scope_id": "line-1-civil-002",
        "scope_type": "civil_segment"
      },
      "type": "Feature"
    },
    {
      "geometry": {
        "coordinates": [
          39.82012797,
          21.41091299
        ],
        "type": "Point"
      },
      "properties": {
        "chainage_m": 6059.6,
        "civil_class": "bridge",
        "investigation_flags": [
          "granular-density-and-groundwater-tests"
        ],
        "lat": 21.41091299,
        "line": "line-1",
        "lon": 39.82012797,
        "sample_id": "segment:line-1-civil-002:0002",
        "scope_id": "line-1-civil-002",
        "scope_type": "civil_segment"
      },
      "type": "Feature"
    },
    {
      "geometry": {
        "coordinates": [
          39.82012797,
          21.41091299
        ],
        "type": "Point"
      },
      "properties": {
        "chainage_m": 6059.6,
        "civil_class": "elevated",
        "investigation_flags": [
          "granular-density-and-groundwater-tests"
        ],
        "lat": 21.41091299,
        "line": "line-1",
        "lon": 39.82012797,
        "sample_id": "segment:line-1-civil-003:0000",
        "scope_id": "line-1-civil-003",
        "scope_type": "civil_segment"
      },
      "type": "Feature"
    },
    {
      "geometry": {
        "coordinates": [
          39.82810565,
          21.4071337
        ],
        "type": "Point"
      },
      "properties": {
        "chainage_m": 7060.319,
        "civil_class": "elevated",
        "investigation_flags": [
          "granular-density-and-groundwater-tests"
        ],
        "lat": 21.4071337,
        "line": "line-1",
        "lon": 39.82810565,
        "sample_id": "segment:line-1-civil-003:0001",
        "scope_id": "line-1-civil-003",
        "scope_type": "civil_segment"
      },
      "type": "Feature"
    },
    {
      "geometry": {
        "coordinates": [
          39.83582413,
          21.40353438
        ],
        "type": "Point"
      },
      "properties": {
        "chainage_m": 8061.038,
        "civil_class": "elevated",
        "investigation_flags": [
          "granular-density-and-groundwater-tests"
        ],
        "lat": 21.40353438,
        "line": "line-1",
        "lon": 39.83582413,
        "sample_id": "segment:line-1-civil-003:0002",
        "scope_id": "line-1-civil-003",
        "scope_type": "civil_segment"
      },
      "type": "Feature"
    },
    {
      "geometry": {
        "coordinates": [
          39.84331684,
          21.39993505
        ],
        "type": "Point"
      },
      "properties": {
        "chainage_m": 9061.757,
        "civil_class": "elevated",
        "investigation_flags": [
          "granular-density-and-groundwater-tests"
        ],
        "lat": 21.39993505,
        "line": "line-1",
        "lon": 39.84331684,
        "sample_id": "segment:line-1-civil-003:0003",
        "scope_id": "line-1-civil-003",
        "scope_type": "civil_segment"
      },
      "type": "Feature"
    },
    {
      "geometry": {
        "coordinates": [
          39.85119046,
          21.39627006
        ],
        "type": "Point"
      },
      "properties": {
        "chainage_m": 10062.476,
        "civil_class": "elevated",
        "investigation_flags": [
          "coverage-gap"
        ],
        "lat": 21.39627006,
        "line": "line-1",
        "lon": 39.85119046,
        "sample_id": "segment:line-1-civil-003:0004",
        "scope_id": "line-1-civil-003",
        "scope_type": "civil_segment"
      },
      "type": "Feature"
    },
    {
      "geometry": {
        "coordinates": [
          39.85903808,
          21.39261558
        ],
        "type": "Point"
      },
      "properties": {
        "chainage_m": 11063.195,
        "civil_class": "elevated",
        "investigation_flags": [
          "coverage-gap"
        ],
        "lat": 21.39261558,
        "line": "line-1",
        "lon": 39.85903808,
        "sample_id": "segment:line-1-civil-003:0005",
        "scope_id": "line-1-civil-003",
        "scope_type": "civil_segment"
      },
      "type": "Feature"
    },
    {
      "geometry": {
        "coordinates": [
          39.86699573,
          21.3887928
        ],
        "type": "Point"
      },
      "properties": {
        "chainage_m": 12063.914,
        "civil_class": "elevated",
        "investigation_flags": [
          "granular-density-and-groundwater-tests"
        ],
        "lat": 21.3887928,
        "line": "line-1",
        "lon": 39.86699573,
        "sample_id": "segment:line-1-civil-003:0006",
        "scope_id": "line-1-civil-003",
        "scope_type": "civil_segment"
      },
      "type": "Feature"
    },
    {
      "geometry": {
        "coordinates": [
          39.87470647,
          21.38517783
        ],
        "type": "Point"
      },
      "properties": {
        "chainage_m": 13064.633,
        "civil_class": "elevated",
        "investigation_flags": [
          "granular-density-and-groundwater-tests"
        ],
        "lat": 21.38517783,
        "line": "line-1",
        "lon": 39.87470647,
        "sample_id": "segment:line-1-civil-003:0007",
        "scope_id": "line-1-civil-003",
        "scope_type": "civil_segment"
      },
      "type": "Feature"
    },
    {
      "geometry": {
        "coordinates": [
          39.88251107,
          21.38152029
        ],
        "type": "Point"
      },
      "properties": {
        "chainage_m": 14065.352,
        "civil_class": "elevated",
        "investigation_flags": [
          "fine-soil-plasticity-and-shrink-swell-tests",
          "granular-density-and-groundwater-tests"
        ],
        "lat": 21.38152029,
        "line": "line-1",
        "lon": 39.88251107,
        "sample_id": "segment:line-1-civil-003:0008",
        "scope_id": "line-1-civil-003",
        "scope_type": "civil_segment"
      },
      "type": "Feature"
    },
    {
      "geometry": {
        "coordinates": [
          39.88520159,
          21.38013878
        ],
        "type": "Point"
      },
      "properties": {
        "chainage_m": 14431.2,
        "civil_class": "elevated",
        "investigation_flags": [
          "fine-soil-plasticity-and-shrink-swell-tests",
          "granular-density-and-groundwater-tests"
        ],
        "lat": 21.38013878,
        "line": "line-1",
        "lon": 39.88520159,
        "sample_id": "segment:line-1-civil-003:0009",
        "scope_id": "line-1-civil-003",
        "scope_type": "civil_segment"
      },
      "type": "Feature"
    },
    {
      "geometry": {
        "coordinates": [
          39.89017469,
          21.37779922
        ],
        "type": "Point"
      },
      "properties": {
        "chainage_m": 15066.071,
        "civil_class": "elevated",
        "investigation_flags": [
          "fine-soil-plasticity-and-shrink-swell-tests",
          "granular-density-and-groundwater-tests"
        ],
        "lat": 21.37779922,
        "line": "line-1",
        "lon": 39.89017469,
        "sample_id": "segment:line-1-civil-003:0010",
        "scope_id": "line-1-civil-003",
        "scope_type": "civil_segment"
      },
      "type": "Feature"
    },
    {
      "geometry": {
        "coordinates": [
          39.89788978,
          21.37419524
        ],
        "type": "Point"
      },
      "properties": {
        "chainage_m": 16066.79,
        "civil_class": "elevated",
        "investigation_flags": [
          "fine-soil-plasticity-and-shrink-swell-tests",
          "granular-density-and-groundwater-tests"
        ],
        "lat": 21.37419524,
        "line": "line-1",
        "lon": 39.89788978,
        "sample_id": "segment:line-1-civil-003:0011",
        "scope_id": "line-1-civil-003",
        "scope_type": "civil_segment"
      },
      "type": "Feature"
    },
    {
      "geometry": {
        "coordinates": [
          39.90576692,
          21.37044755
        ],
        "type": "Point"
      },
      "properties": {
        "chainage_m": 17067.508,
        "civil_class": "elevated",
        "investigation_flags": [
          "fine-soil-plasticity-and-shrink-swell-tests",
          "granular-density-and-groundwater-tests"
        ],
        "lat": 21.37044755,
        "line": "line-1",
        "lon": 39.90576692,
        "sample_id": "segment:line-1-civil-003:0012",
        "scope_id": "line-1-civil-003",
        "scope_type": "civil_segment"
      },
      "type": "Feature"
    },
    {
      "geometry": {
        "coordinates": [
          39.91364393,
          21.36669998
        ],
        "type": "Point"
      },
      "properties": {
        "chainage_m": 18068.227,
        "civil_class": "elevated",
        "investigation_flags": [
          "granular-density-and-groundwater-tests"
        ],
        "lat": 21.36669998,
        "line": "line-1",
        "lon": 39.91364393,
        "sample_id": "segment:line-1-civil-003:0013",
        "scope_id": "line-1-civil-003",
        "scope_type": "civil_segment"
      },
      "type": "Feature"
    },
    {
      "geometry": {
        "coordinates": [
          39.92144749,
          21.36304199
        ],
        "type": "Point"
      },
      "properties": {
        "chainage_m": 19068.946,
        "civil_class": "elevated",
        "investigation_flags": [
          "coverage-gap"
        ],
        "lat": 21.36304199,
        "line": "line-1",
        "lon": 39.92144749,
        "sample_id": "segment:line-1-civil-003:0014",
        "scope_id": "line-1-civil-003",
        "scope_type": "civil_segment"
      },
      "type": "Feature"
    },
    {
      "geometry": {
        "coordinates": [
          39.92905117,
          21.35944267
        ],
        "type": "Point"
      },
      "properties": {
        "chainage_m": 20069.665,
        "civil_class": "elevated",
        "investigation_flags": [
          "granular-density-and-groundwater-tests"
        ],
        "lat": 21.35944267,
        "line": "line-1",
        "lon": 39.92905117,
        "sample_id": "segment:line-1-civil-003:0015",
        "scope_id": "line-1-civil-003",
        "scope_type": "civil_segment"
      },
      "type": "Feature"
    },
    {
      "geometry": {
        "coordinates": [
          39.9366547,
          21.35584334
        ],
        "type": "Point"
      },
      "properties": {
        "chainage_m": 21070.384,
        "civil_class": "elevated",
        "investigation_flags": [
          "coverage-gap"
        ],
        "lat": 21.35584334,
        "line": "line-1",
        "lon": 39.9366547,
        "sample_id": "segment:line-1-civil-003:0016",
        "scope_id": "line-1-civil-003",
        "scope_type": "civil_segment"
      },
      "type": "Feature"
    },
    {
      "geometry": {
        "coordinates": [
          39.94451707,
          21.35206405
        ],
        "type": "Point"
      },
      "properties": {
        "chainage_m": 22071.103,
        "civil_class": "elevated",
        "investigation_flags": [
          "coverage-gap"
        ],
        "lat": 21.35206405,
        "line": "line-1",
        "lon": 39.94451707,
        "sample_id": "segment:line-1-civil-003:0017",
        "scope_id": "line-1-civil-003",
        "scope_type": "civil_segment"
      },
      "type": "Feature"
    },
    {
      "geometry": {
        "coordinates": [
          39.95037629,
          21.34936456
        ],
        "type": "Point"
      },
      "properties": {
        "chainage_m": 22802.8,
        "civil_class": "elevated",
        "investigation_flags": [
          "granular-density-and-groundwater-tests"
        ],
        "lat": 21.34936456,
        "line": "line-1",
        "lon": 39.95037629,
        "sample_id": "segment:line-1-civil-003:0018",
        "scope_id": "line-1-civil-003",
        "scope_type": "civil_segment"
      },
      "type": "Feature"
    },
    {
      "geometry": {
        "coordinates": [
          39.95037629,
          21.34936456
        ],
        "type": "Point"
      },
      "properties": {
        "chainage_m": 22802.8,
        "civil_class": "at-grade",
        "investigation_flags": [
          "granular-density-and-groundwater-tests"
        ],
        "lat": 21.34936456,
        "line": "line-1",
        "lon": 39.95037629,
        "sample_id": "segment:line-1-civil-004:0000",
        "scope_id": "line-1-civil-004",
        "scope_type": "civil_segment"
      },
      "type": "Feature"
    },
    {
      "geometry": {
        "coordinates": [
          39.95656649,
          21.35514621
        ],
        "type": "Point"
      },
      "properties": {
        "chainage_m": 23804.143,
        "civil_class": "at-grade",
        "investigation_flags": [
          "granular-density-and-groundwater-tests"
        ],
        "lat": 21.35514621,
        "line": "line-1",
        "lon": 39.95656649,
        "sample_id": "segment:line-1-civil-004:0001",
        "scope_id": "line-1-civil-004",
        "scope_type": "civil_segment"
      },
      "type": "Feature"
    },
    {
      "geometry": {
        "coordinates": [
          39.96300252,
          21.35944267
        ],
        "type": "Point"
      },
      "properties": {
        "chainage_m": 24805.487,
        "civil_class": "at-grade",
        "investigation_flags": [
          "coverage-gap"
        ],
        "lat": 21.35944267,
        "line": "line-1",
        "lon": 39.96300252,
        "sample_id": "segment:line-1-civil-004:0002",
        "scope_id": "line-1-civil-004",
        "scope_type": "civil_segment"
      },
      "type": "Feature"
    },
    {
      "geometry": {
        "coordinates": [
          39.9661221,
          21.357643
        ],
        "type": "Point"
      },
      "properties": {
        "chainage_m": 25317.3,
        "civil_class": "at-grade",
        "investigation_flags": [
          "granular-density-and-groundwater-tests"
        ],
        "lat": 21.357643,
        "line": "line-1",
        "lon": 39.9661221,
        "sample_id": "segment:line-1-civil-004:0003",
        "scope_id": "line-1-civil-004",
        "scope_type": "civil_segment"
      },
      "type": "Feature"
    },
    {
      "geometry": {
        "coordinates": [
          39.96941957,
          21.3557103
        ],
        "type": "Point"
      },
      "properties": {
        "chainage_m": 25806.83,
        "civil_class": "at-grade",
        "investigation_flags": [
          "fine-soil-plasticity-and-shrink-swell-tests",
          "granular-density-and-groundwater-tests"
        ],
        "lat": 21.3557103,
        "line": "line-1",
        "lon": 39.96941957,
        "sample_id": "segment:line-1-civil-004:0004",
        "scope_id": "line-1-civil-004",
        "scope_type": "civil_segment"
      },
      "type": "Feature"
    },
    {
      "geometry": {
        "coordinates": [
          39.97612708,
          21.3516138
        ],
        "type": "Point"
      },
      "properties": {
        "chainage_m": 26808.173,
        "civil_class": "at-grade",
        "investigation_flags": [
          "granular-density-and-groundwater-tests"
        ],
        "lat": 21.3516138,
        "line": "line-1",
        "lon": 39.97612708,
        "sample_id": "segment:line-1-civil-004:0005",
        "scope_id": "line-1-civil-004",
        "scope_type": "civil_segment"
      },
      "type": "Feature"
    },
    {
      "geometry": {
        "coordinates": [
          39.98321037,
          21.34958269
        ],
        "type": "Point"
      },
      "properties": {
        "chainage_m": 27809.517,
        "civil_class": "at-grade",
        "investigation_flags": [
          "granular-density-and-groundwater-tests"
        ],
        "lat": 21.34958269,
        "line": "line-1",
        "lon": 39.98321037,
        "sample_id": "segment:line-1-civil-004:0006",
        "scope_id": "line-1-civil-004",
        "scope_type": "civil_segment"
      },
      "type": "Feature"
    },
    {
      "geometry": {
        "coordinates": [
          39.98336241,
          21.34972449
        ],
        "type": "Point"
      },
      "properties": {
        "chainage_m": 27831.8,
        "civil_class": "at-grade",
        "investigation_flags": [
          "granular-density-and-groundwater-tests"
        ],
        "lat": 21.34972449,
        "line": "line-1",
        "lon": 39.98336241,
        "sample_id": "segment:line-1-civil-004:0007",
        "scope_id": "line-1-civil-004",
        "scope_type": "civil_segment"
      },
      "type": "Feature"
    },
    {
      "geometry": {
        "coordinates": [
          39.94920995,
          21.32524909
        ],
        "type": "Point"
      },
      "properties": {
        "chainage_m": 0.0,
        "civil_class": "elevated",
        "investigation_flags": [
          "granular-density-and-groundwater-tests"
        ],
        "lat": 21.32524909,
        "line": "line-2",
        "lon": 39.94920995,
        "sample_id": "segment:line-2-civil-005:0000",
        "scope_id": "line-2-civil-005",
        "scope_type": "civil_segment"
      },
      "type": "Feature"
    },
    {
      "geometry": {
        "coordinates": [
          39.94154847,
          21.32861568
        ],
        "type": "Point"
      },
      "properties": {
        "chainage_m": 972.55,
        "civil_class": "elevated",
        "investigation_flags": [
          "fine-soil-plasticity-and-shrink-swell-tests",
          "granular-density-and-groundwater-tests"
        ],
        "lat": 21.32861568,
        "line": "line-2",
        "lon": 39.94154847,
        "sample_id": "segment:line-2-civil-005:0001",
        "scope_id": "line-2-civil-005",
        "scope_type": "civil_segment"
      },
      "type": "Feature"
    },
    {
      "geometry": {
        "coordinates": [
          39.94130297,
          21.32866845
        ],
        "type": "Point"
      },
      "properties": {
        "chainage_m": 1000.443,
        "civil_class": "elevated",
        "investigation_flags": [
          "fine-soil-plasticity-and-shrink-swell-tests",
          "granular-density-and-groundwater-tests"
        ],
        "lat": 21.32866845,
        "line": "line-2",
        "lon": 39.94130297,
        "sample_id": "segment:line-2-civil-005:0002",
        "scope_id": "line-2-civil-005",
        "scope_type": "civil_segment"
      },
      "type": "Feature"
    },
    {
      "geometry": {
        "coordinates": [
          39.9339668,
          21.33190781
        ],
        "type": "Point"
      },
      "properties": {
        "chainage_m": 1945.1,
        "civil_class": "elevated",
        "investigation_flags": [
          "coverage-gap"
        ],
        "lat": 21.33190781,
        "line": "line-2",
        "lon": 39.9339668,
        "sample_id": "segment:line-2-civil-005:0003",
        "scope_id": "line-2-civil-005",
        "scope_type": "civil_segment"
      },
      "type": "Feature"
    },
    {
      "geometry": {
        "coordinates": [
          39.9339668,
          21.33190781
        ],
        "type": "Point"
      },
      "properties": {
        "chainage_m": 1945.1,
        "civil_class": "bridge",
        "investigation_flags": [
          "coverage-gap"
        ],
        "lat": 21.33190781,
        "line": "line-2",
        "lon": 39.9339668,
        "sample_id": "segment:line-2-civil-006:0000",
        "scope_id": "line-2-civil-006",
        "scope_type": "civil_segment"
      },
      "type": "Feature"
    },
    {
      "geometry": {
        "coordinates": [
          39.93271263,
          21.33244774
        ],
        "type": "Point"
      },
      "properties": {
        "chainage_m": 2099.95,
        "civil_class": "bridge",
        "investigation_flags": [
          "coverage-gap"
        ],
        "lat": 21.33244774,
        "line": "line-2",
        "lon": 39.93271263,
        "sample_id": "segment:line-2-civil-006:0001",
        "scope_id": "line-2-civil-006",
        "scope_type": "civil_segment"
      },
      "type": "Feature"
    },
    {
      "geometry": {
        "coordinates": [
          39.93145843,
          21.3329876
        ],
        "type": "Point"
      },
      "properties": {
        "chainage_m": 2254.8,
        "civil_class": "bridge",
        "investigation_flags": [
          "coverage-gap"
        ],
        "lat": 21.3329876,
        "line": "line-2",
        "lon": 39.93145843,
        "sample_id": "segment:line-2-civil-006:0002",
        "scope_id": "line-2-civil-006",
        "scope_type": "civil_segment"
      },
      "type": "Feature"
    },
    {
      "geometry": {
        "coordinates": [
          39.93145843,
          21.3329876
        ],
        "type": "Point"
      },
      "properties": {
        "chainage_m": 2254.8,
        "civil_class": "elevated",
        "investigation_flags": [
          "coverage-gap"
        ],
        "lat": 21.3329876,
        "line": "line-2",
        "lon": 39.93145843,
        "sample_id": "segment:line-2-civil-007:0000",
        "scope_id": "line-2-civil-007",
        "scope_type": "civil_segment"
      },
      "type": "Feature"
    },
    {
      "geometry": {
        "coordinates": [
          39.92366388,
          21.336407
        ],
        "type": "Point"
      },
      "properties": {
        "chainage_m": 3255.424,
        "civil_class": "elevated",
        "investigation_flags": [
          "coverage-gap"
        ],
        "lat": 21.336407,
        "line": "line-2",
        "lon": 39.92366388,
        "sample_id": "segment:line-2-civil-007:0001",
        "scope_id": "line-2-civil-007",
        "scope_type": "civil_segment"
      },
      "type": "Feature"
    },
    {
      "geometry": {
        "coordinates": [
          39.9156436,
          21.33982635
        ],
        "type": "Point"
      },
      "properties": {
        "chainage_m": 4256.048,
        "civil_class": "elevated",
        "investigation_flags": [
          "coverage-gap"
        ],
        "lat": 21.33982635,
        "line": "line-2",
        "lon": 39.9156436,
        "sample_id": "segment:line-2-civil-007:0002",
        "scope_id": "line-2-civil-007",
        "scope_type": "civil_segment"
      },
      "type": "Feature"
    },
    {
      "geometry": {
        "coordinates": [
          39.90773594,
          21.34324571
        ],
        "type": "Point"
      },
      "properties": {
        "chainage_m": 5256.672,
        "civil_class": "elevated",
        "investigation_flags": [
          "fine-soil-plasticity-and-shrink-swell-tests",
          "granular-density-and-groundwater-tests"
        ],
        "lat": 21.34324571,
        "line": "line-2",
        "lon": 39.90773594,
        "sample_id": "segment:line-2-civil-007:0003",
        "scope_id": "line-2-civil-007",
        "scope_type": "civil_segment"
      },
      "type": "Feature"
    },
    {
      "geometry": {
        "coordinates": [
          39.8999409,
          21.34666507
        ],
        "type": "Point"
      },
      "properties": {
        "chainage_m": 6257.296,
        "civil_class": "elevated",
        "investigation_flags": [
          "granular-density-and-groundwater-tests"
        ],
        "lat": 21.34666507,
        "line": "line-2",
        "lon": 39.8999409,
        "sample_id": "segment:line-2-civil-007:0004",
        "scope_id": "line-2-civil-007",
        "scope_type": "civil_segment"
      },
      "type": "Feature"
    },
    {
      "geometry": {
        "coordinates": [
          39.89203291,
          21.35008443
        ],
        "type": "Point"
      },
      "properties": {
        "chainage_m": 7257.92,
        "civil_class": "elevated",
        "investigation_flags": [
          "fine-soil-plasticity-and-shrink-swell-tests",
          "granular-density-and-groundwater-tests"
        ],
        "lat": 21.35008443,
        "line": "line-2",
        "lon": 39.89203291,
        "sample_id": "segment:line-2-civil-007:0005",
        "scope_id": "line-2-civil-007",
        "scope_type": "civil_segment"
      },
      "type": "Feature"
    },
    {
      "geometry": {
        "coordinates": [
          39.88412477,
          21.35350378
        ],
        "type": "Point"
      },
      "properties": {
        "chainage_m": 8258.543,
        "civil_class": "elevated",
        "investigation_flags": [
          "fine-soil-plasticity-and-shrink-swell-tests",
          "granular-density-and-groundwater-tests"
        ],
        "lat": 21.35350378,
        "line": "line-2",
        "lon": 39.88412477,
        "sample_id": "segment:line-2-civil-007:0006",
        "scope_id": "line-2-civil-007",
        "scope_type": "civil_segment"
      },
      "type": "Feature"
    },
    {
      "geometry": {
        "coordinates": [
          39.87621647,
          21.35692314
        ],
        "type": "Point"
      },
      "properties": {
        "chainage_m": 9259.167,
        "civil_class": "elevated",
        "investigation_flags": [
          "granular-density-and-groundwater-tests"
        ],
        "lat": 21.35692314,
        "line": "line-2",
        "lon": 39.87621647,
        "sample_id": "segment:line-2-civil-007:0007",
        "scope_id": "line-2-civil-007",
        "scope_type": "civil_segment"
      },
      "type": "Feature"
    },
    {
      "geometry": {
        "coordinates": [
          39.868308,
          21.3603425
        ],
        "type": "Point"
      },
      "properties": {
        "chainage_m": 10259.791,
        "civil_class": "elevated",
        "investigation_flags": [
          "coverage-gap"
        ],
        "lat": 21.3603425,
        "line": "line-2",
        "lon": 39.868308,
        "sample_id": "segment:line-2-civil-007:0008",
        "scope_id": "line-2-civil-007",
        "scope_type": "civil_segment"
      },
      "type": "Feature"
    },
    {
      "geometry": {
        "coordinates": [
          39.86051216,
          21.36376185
        ],
        "type": "Point"
      },
      "properties": {
        "chainage_m": 11260.415,
        "civil_class": "elevated",
        "investigation_flags": [
          "granular-density-and-groundwater-tests"
        ],
        "lat": 21.36376185,
        "line": "line-2",
        "lon": 39.86051216,
        "sample_id": "segment:line-2-civil-007:0009",
        "scope_id": "line-2-civil-007",
        "scope_type": "civil_segment"
      },
      "type": "Feature"
    },
    {
      "geometry": {
        "coordinates": [
          39.85260338,
          21.36718121
        ],
        "type": "Point"
      },
      "properties": {
        "chainage_m": 12261.039,
        "civil_class": "elevated",
        "investigation_flags": [
          "granular-density-and-groundwater-tests"
        ],
        "lat": 21.36718121,
        "line": "line-2",
        "lon": 39.85260338,
        "sample_id": "segment:line-2-civil-007:0010",
        "scope_id": "line-2-civil-007",
        "scope_type": "civil_segment"
      },
      "type": "Feature"
    },
    {
      "geometry": {
        "coordinates": [
          39.8481096,
          21.3691549
        ],
        "type": "Point"
      },
      "properties": {
        "chainage_m": 12829.4,
        "civil_class": "elevated",
        "investigation_flags": [
          "coverage-gap"
        ],
        "lat": 21.3691549,
        "line": "line-2",
        "lon": 39.8481096,
        "sample_id": "segment:line-2-civil-007:0011",
        "scope_id": "line-2-civil-007",
        "scope_type": "civil_segment"
      },
      "type": "Feature"
    },
    {
      "geometry": {
        "coordinates": [
          39.84469443,
          21.37060057
        ],
        "type": "Point"
      },
      "properties": {
        "chainage_m": 13261.663,
        "civil_class": "elevated",
        "investigation_flags": [
          "granular-density-and-groundwater-tests"
        ],
        "lat": 21.37060057,
        "line": "line-2",
        "lon": 39.84469443,
        "sample_id": "segment:line-2-civil-007:0012",
        "scope_id": "line-2-civil-007",
        "scope_type": "civil_segment"
      },
      "type": "Feature"
    },
    {
      "geometry": {
        "coordinates": [
          39.83678532,
          21.37401993
        ],
        "type": "Point"
      },
      "properties": {
        "chainage_m": 14262.287,
        "civil_class": "elevated",
        "investigation_flags": [
          "fine-soil-plasticity-and-shrink-swell-tests",
          "granular-density-and-groundwater-tests"
        ],
        "lat": 21.37401993,
        "line": "line-2",
        "lon": 39.83678532,
        "sample_id": "segment:line-2-civil-007:0013",
        "scope_id": "line-2-civil-007",
        "scope_type": "civil_segment"
      },
      "type": "Feature"
    },
    {
      "geometry": {
        "coordinates": [
          39.82891247,
          21.37752187
        ],
        "type": "Point"
      },
      "properties": {
        "chainage_m": 15262.911,
        "civil_class": "elevated",
        "investigation_flags": [
          "granular-density-and-groundwater-tests"
        ],
        "lat": 21.37752187,
        "line": "line-2",
        "lon": 39.82891247,
        "sample_id": "segment:line-2-civil-007:0014",
        "scope_id": "line-2-civil-007",
        "scope_type": "civil_segment"
      },
      "type": "Feature"
    },
    {
      "geometry": {
        "coordinates": [
          39.8210825,
          21.38086563
        ],
        "type": "Point"
      },
      "properties": {
        "chainage_m": 16263.535,
        "civil_class": "elevated",
        "investigation_flags": [
          "granular-density-and-groundwater-tests"
        ],
        "lat": 21.38086563,
        "line": "line-2",
        "lon": 39.8210825,
        "sample_id": "segment:line-2-civil-007:0015",
        "scope_id": "line-2-civil-007",
        "scope_type": "civil_segment"
      },
      "type": "Feature"
    },
    {
      "geometry": {
        "coordinates": [
          39.81309257,
          21.38435858
        ],
        "type": "Point"
      },
      "properties": {
        "chainage_m": 17264.159,
        "civil_class": "elevated",
        "investigation_flags": [
          "fine-soil-plasticity-and-shrink-swell-tests",
          "granular-density-and-groundwater-tests"
        ],
        "lat": 21.38435858,
        "line": "line-2",
        "lon": 39.81309257,
        "sample_id": "segment:line-2-civil-007:0016",
        "scope_id": "line-2-civil-007",
        "scope_type": "civil_segment"
      },
      "type": "Feature"
    },
    {
      "geometry": {
        "coordinates": [
          39.80526237,
          21.38770255
        ],
        "type": "Point"
      },
      "properties": {
        "chainage_m": 18264.783,
        "civil_class": "elevated",
        "investigation_flags": [
          "fine-soil-plasticity-and-shrink-swell-tests",
          "granular-density-and-groundwater-tests"
        ],
        "lat": 21.38770255,
        "line": "line-2",
        "lon": 39.80526237,
        "sample_id": "segment:line-2-civil-007:0017",
        "scope_id": "line-2-civil-007",
        "scope_type": "civil_segment"
      },
      "type": "Feature"
    },
    {
      "geometry": {
        "coordinates": [
          39.79735693,
          21.39112304
        ],
        "type": "Point"
      },
      "properties": {
        "chainage_m": 19265.406,
        "civil_class": "elevated",
        "investigation_flags": [
          "fine-soil-plasticity-and-shrink-swell-tests",
          "granular-density-and-groundwater-tests"
        ],
        "lat": 21.39112304,
        "line": "line-2",
        "lon": 39.79735693,
        "sample_id": "segment:line-2-civil-007:0018",
        "scope_id": "line-2-civil-007",
        "scope_type": "civil_segment"
      },
      "type": "Feature"
    },
    {
      "geometry": {
        "coordinates": [
          39.78949803,
          21.39466742
        ],
        "type": "Point"
      },
      "properties": {
        "chainage_m": 20266.03,
        "civil_class": "elevated",
        "investigation_flags": [
          "granular-density-and-groundwater-tests"
        ],
        "lat": 21.39466742,
        "line": "line-2",
        "lon": 39.78949803,
        "sample_id": "segment:line-2-civil-007:0019",
        "scope_id": "line-2-civil-007",
        "scope_type": "civil_segment"
      },
      "type": "Feature"
    },
    {
      "geometry": {
        "coordinates": [
          39.78158757,
          21.39808626
        ],
        "type": "Point"
      },
      "properties": {
        "chainage_m": 21266.654,
        "civil_class": "elevated",
        "investigation_flags": [
          "fine-soil-plasticity-and-shrink-swell-tests",
          "granular-density-and-groundwater-tests"
        ],
        "lat": 21.39808626,
        "line": "line-2",
        "lon": 39.78158757,
        "sample_id": "segment:line-2-civil-007:0020",
        "scope_id": "line-2-civil-007",
        "scope_type": "civil_segment"
      },
      "type": "Feature"
    },
    {
      "geometry": {
        "coordinates": [
          39.77373227,
          21.40137478
        ],
        "type": "Point"
      },
      "properties": {
        "chainage_m": 22267.278,
        "civil_class": "elevated",
        "investigation_flags": [
          "granular-density-and-groundwater-tests"
        ],
        "lat": 21.40137478,
        "line": "line-2",
        "lon": 39.77373227,
        "sample_id": "segment:line-2-civil-007:0021",
        "scope_id": "line-2-civil-007",
        "scope_type": "civil_segment"
      },
      "type": "Feature"
    },
    {
      "geometry": {
        "coordinates": [
          39.76571284,
          21.40479782
        ],
        "type": "Point"
      },
      "properties": {
        "chainage_m": 23267.902,
        "civil_class": "elevated",
        "investigation_flags": [
          "coverage-gap"
        ],
        "lat": 21.40479782,
        "line": "line-2",
        "lon": 39.76571284,
        "sample_id": "segment:line-2-civil-007:0022",
        "scope_id": "line-2-civil-007",
        "scope_type": "civil_segment"
      },
      "type": "Feature"
    },
    {
      "geometry": {
        "coordinates": [
          39.76474808,
          21.40533404
        ],
        "type": "Point"
      },
      "properties": {
        "chainage_m": 23404.0,
        "civil_class": "elevated",
        "investigation_flags": [
          "coverage-gap"
        ],
        "lat": 21.40533404,
        "line": "line-2",
        "lon": 39.76474808,
        "sample_id": "segment:line-2-civil-007:0023",
        "scope_id": "line-2-civil-007",
        "scope_type": "civil_segment"
      },
      "type": "Feature"
    },
    {
      "geometry": {
        "coordinates": [
          40.00227168,
          21.5044954
        ],
        "type": "Point"
      },
      "properties": {
        "chainage_m": 0.0,
        "civil_class": "at-grade",
        "investigation_flags": [
          "coverage-gap"
        ],
        "lat": 21.5044954,
        "line": "line-3",
        "lon": 40.00227168,
        "sample_id": "segment:line-3-civil-008:0000",
        "scope_id": "line-3-civil-008",
        "scope_type": "civil_segment"
      },
      "type": "Feature"
    },
    {
      "geometry": {
        "coordinates": [
          39.99682188,
          21.49779267
        ],
        "type": "Point"
      },
      "properties": {
        "chainage_m": 1001.21,
        "civil_class": "at-grade",
        "investigation_flags": [
          "coverage-gap"
        ],
        "lat": 21.49779267,
        "line": "line-3",
        "lon": 39.99682188,
        "sample_id": "segment:line-3-civil-008:0001",
        "scope_id": "line-3-civil-008",
        "scope_type": "civil_segment"
      },
      "type": "Feature"
    },
    {
      "geometry": {
        "coordinates": [
          39.98963612,
          21.49297756
        ],
        "type": "Point"
      },
      "properties": {
        "chainage_m": 2002.419,
        "civil_class": "at-grade",
        "investigation_flags": [
          "granular-density-and-groundwater-tests"
        ],
        "lat": 21.49297756,
        "line": "line-3",
        "lon": 39.98963612,
        "sample_id": "segment:line-3-civil-008:0002",
        "scope_id": "line-3-civil-008",
        "scope_type": "civil_segment"
      },
      "type": "Feature"
    },
    {
      "geometry": {
        "coordinates": [
          39.98101897,
          21.490638
        ],
        "type": "Point"
      },
      "properties": {
        "chainage_m": 3003.629,
        "civil_class": "at-grade",
        "investigation_flags": [
          "granular-density-and-groundwater-tests"
        ],
        "lat": 21.490638,
        "line": "line-3",
        "lon": 39.98101897,
        "sample_id": "segment:line-3-civil-008:0003",
        "scope_id": "line-3-civil-008",
        "scope_type": "civil_segment"
      },
      "type": "Feature"
    },
    {
      "geometry": {
        "coordinates": [
          39.97394698,
          21.48865837
        ],
        "type": "Point"
      },
      "properties": {
        "chainage_m": 3828.05,
        "civil_class": "at-grade",
        "investigation_flags": [
          "granular-density-and-groundwater-tests"
        ],
        "lat": 21.48865837,
        "line": "line-3",
        "lon": 39.97394698,
        "sample_id": "segment:line-3-civil-008:0004",
        "scope_id": "line-3-civil-008",
        "scope_type": "civil_segment"
      },
      "type": "Feature"
    },
    {
      "geometry": {
        "coordinates": [
          39.97244722,
          21.48819594
        ],
        "type": "Point"
      },
      "properties": {
        "chainage_m": 4004.838,
        "civil_class": "at-grade",
        "investigation_flags": [
          "granular-density-and-groundwater-tests"
        ],
        "lat": 21.48819594,
        "line": "line-3",
        "lon": 39.97244722,
        "sample_id": "segment:line-3-civil-008:0005",
        "scope_id": "line-3-civil-008",
        "scope_type": "civil_segment"
      },
      "type": "Feature"
    },
    {
      "geometry": {
        "coordinates": [
          39.96330832,
          21.48775854
        ],
        "type": "Point"
      },
      "properties": {
        "chainage_m": 5006.048,
        "civil_class": "at-grade",
        "investigation_flags": [
          "fine-soil-plasticity-and-shrink-swell-tests",
          "granular-density-and-groundwater-tests"
        ],
        "lat": 21.48775854,
        "line": "line-3",
        "lon": 39.96330832,
        "sample_id": "segment:line-3-civil-008:0006",
        "scope_id": "line-3-civil-008",
        "scope_type": "civil_segment"
      },
      "type": "Feature"
    },
    {
      "geometry": {
        "coordinates": [
          39.95413525,
          21.48667875
        ],
        "type": "Point"
      },
      "properties": {
        "chainage_m": 6007.257,
        "civil_class": "at-grade",
        "investigation_flags": [
          "fine-soil-plasticity-and-shrink-swell-tests",
          "granular-density-and-groundwater-tests"
        ],
        "lat": 21.48667875,
        "line": "line-3",
        "lon": 39.95413525,
        "sample_id": "segment:line-3-civil-008:0007",
        "scope_id": "line-3-civil-008",
        "scope_type": "civil_segment"
      },
      "type": "Feature"
    },
    {
      "geometry": {
        "coordinates": [
          39.95198604,
          21.48091983
        ],
        "type": "Point"
      },
      "properties": {
        "chainage_m": 7008.467,
        "civil_class": "at-grade",
        "investigation_flags": [
          "fine-soil-plasticity-and-shrink-swell-tests",
          "granular-density-and-groundwater-tests"
        ],
        "lat": 21.48091983,
        "line": "line-3",
        "lon": 39.95198604,
        "sample_id": "segment:line-3-civil-008:0008",
        "scope_id": "line-3-civil-008",
        "scope_type": "civil_segment"
      },
      "type": "Feature"
    },
    {
      "geometry": {
        "coordinates": [
          39.9486311,
          21.47803424
        ],
        "type": "Point"
      },
      "properties": {
        "chainage_m": 7656.1,
        "civil_class": "at-grade",
        "investigation_flags": [
          "fine-soil-plasticity-and-shrink-swell-tests",
          "granular-density-and-groundwater-tests"
        ],
        "lat": 21.47803424,
        "line": "line-3",
        "lon": 39.9486311,
        "sample_id": "segment:line-3-civil-008:0009",
        "scope_id": "line-3-civil-008",
        "scope_type": "civil_segment"
      },
      "type": "Feature"
    },
    {
      "geometry": {
        "coordinates": [
          39.9486311,
          21.47803424
        ],
        "type": "Point"
      },
      "properties": {
        "chainage_m": 7656.1,
        "civil_class": "elevated",
        "investigation_flags": [
          "fine-soil-plasticity-and-shrink-swell-tests",
          "granular-density-and-groundwater-tests"
        ],
        "lat": 21.47803424,
        "line": "line-3",
        "lon": 39.9486311,
        "sample_id": "segment:line-3-civil-009:0000",
        "scope_id": "line-3-civil-009",
        "scope_type": "civil_segment"
      },
      "type": "Feature"
    },
    {
      "geometry": {
        "coordinates": [
          39.94943515,
          21.4763906
        ],
        "type": "Point"
      },
      "properties": {
        "chainage_m": 7873.4,
        "civil_class": "elevated",
        "investigation_flags": [
          "fine-soil-plasticity-and-shrink-swell-tests",
          "granular-density-and-groundwater-tests"
        ],
        "lat": 21.4763906,
        "line": "line-3",
        "lon": 39.94943515,
        "sample_id": "segment:line-3-civil-009:0001",
        "scope_id": "line-3-civil-009",
        "scope_type": "civil_segment"
      },
      "type": "Feature"
    },
    {
      "geometry": {
        "coordinates": [
          39.95036766,
          21.47479688
        ],
        "type": "Point"
      },
      "properties": {
        "chainage_m": 8090.7,
        "civil_class": "elevated",
        "investigation_flags": [
          "fine-soil-plasticity-and-shrink-swell-tests",
          "granular-density-and-groundwater-tests"
        ],
        "lat": 21.47479688,
        "line": "line-3",
        "lon": 39.95036766,
        "sample_id": "segment:line-3-civil-009:0002",
        "scope_id": "line-3-civil-009",
        "scope_type": "civil_segment"
      },
      "type": "Feature"
    },
    {
      "geometry": {
        "coordinates": [
          39.95036766,
          21.47479688
        ],
        "type": "Point"
      },
      "properties": {
        "chainage_m": 8090.7,
        "civil_class": "at-grade",
        "investigation_flags": [
          "fine-soil-plasticity-and-shrink-swell-tests",
          "granular-density-and-groundwater-tests"
        ],
        "lat": 21.47479688,
        "line": "line-3",
        "lon": 39.95036766,
        "sample_id": "segment:line-3-civil-010:0000",
        "scope_id": "line-3-civil-010",
        "scope_type": "civil_segment"
      },
      "type": "Feature"
    },
    {
      "geometry": {
        "coordinates": [
          39.95033622,
          21.47459169
        ],
        "type": "Point"
      },
      "properties": {
        "chainage_m": 8114.85,
        "civil_class": "at-grade",
        "investigation_flags": [
          "fine-soil-plasticity-and-shrink-swell-tests",
          "granular-density-and-groundwater-tests"
        ],
        "lat": 21.47459169,
        "line": "line-3",
        "lon": 39.95033622,
        "sample_id": "segment:line-3-civil-010:0001",
        "scope_id": "line-3-civil-010",
        "scope_type": "civil_segment"
      },
      "type": "Feature"
    },
    {
      "geometry": {
        "coordinates": [
          39.95017045,
          21.47444105
        ],
        "type": "Point"
      },
      "properties": {
        "chainage_m": 8139.0,
        "civil_class": "at-grade",
        "investigation_flags": [
          "fine-soil-plasticity-and-shrink-swell-tests",
          "granular-density-and-groundwater-tests"
        ],
        "lat": 21.47444105,
        "line": "line-3",
        "lon": 39.95017045,
        "sample_id": "segment:line-3-civil-010:0002",
        "scope_id": "line-3-civil-010",
        "scope_type": "civil_segment"
      },
      "type": "Feature"
    },
    {
      "geometry": {
        "coordinates": [
          39.95017045,
          21.47444105
        ],
        "type": "Point"
      },
      "properties": {
        "chainage_m": 8139.0,
        "civil_class": "elevated",
        "investigation_flags": [
          "fine-soil-plasticity-and-shrink-swell-tests",
          "granular-density-and-groundwater-tests"
        ],
        "lat": 21.47444105,
        "line": "line-3",
        "lon": 39.95017045,
        "sample_id": "segment:line-3-civil-011:0000",
        "scope_id": "line-3-civil-011",
        "scope_type": "civil_segment"
      },
      "type": "Feature"
    },
    {
      "geometry": {
        "coordinates": [
          39.94287949,
          21.47012186
        ],
        "type": "Point"
      },
      "properties": {
        "chainage_m": 9140.235,
        "civil_class": "elevated",
        "investigation_flags": [
          "granular-density-and-groundwater-tests"
        ],
        "lat": 21.47012186,
        "line": "line-3",
        "lon": 39.94287949,
        "sample_id": "segment:line-3-civil-011:0001",
        "scope_id": "line-3-civil-011",
        "scope_type": "civil_segment"
      },
      "type": "Feature"
    },
    {
      "geometry": {
        "coordinates": [
          39.93562214,
          21.46572695
        ],
        "type": "Point"
      },
      "properties": {
        "chainage_m": 10141.469,
        "civil_class": "elevated",
        "investigation_flags": [
          "fine-soil-plasticity-and-shrink-swell-tests",
          "granular-density-and-groundwater-tests"
        ],
        "lat": 21.46572695,
        "line": "line-3",
        "lon": 39.93562214,
        "sample_id": "segment:line-3-civil-011:0002",
        "scope_id": "line-3-civil-011",
        "scope_type": "civil_segment"
      },
      "type": "Feature"
    },
    {
      "geometry": {
        "coordinates": [
          39.92837116,
          21.46120389
        ],
        "type": "Point"
      },
      "properties": {
        "chainage_m": 11142.704,
        "civil_class": "elevated",
        "investigation_flags": [
          "granular-density-and-groundwater-tests"
        ],
        "lat": 21.46120389,
        "line": "line-3",
        "lon": 39.92837116,
        "sample_id": "segment:line-3-civil-011:0003",
        "scope_id": "line-3-civil-011",
        "scope_type": "civil_segment"
      },
      "type": "Feature"
    },
    {
      "geometry": {
        "coordinates": [
          39.92126556,
          21.45683572
        ],
        "type": "Point"
      },
      "properties": {
        "chainage_m": 12143.939,
        "civil_class": "elevated",
        "investigation_flags": [
          "granular-density-and-groundwater-tests"
        ],
        "lat": 21.45683572,
        "line": "line-3",
        "lon": 39.92126556,
        "sample_id": "segment:line-3-civil-011:0004",
        "scope_id": "line-3-civil-011",
        "scope_type": "civil_segment"
      },
      "type": "Feature"
    },
    {
      "geometry": {
        "coordinates": [
          39.91388319,
          21.4524697
        ],
        "type": "Point"
      },
      "properties": {
        "chainage_m": 13145.173,
        "civil_class": "elevated",
        "investigation_flags": [
          "granular-density-and-groundwater-tests"
        ],
        "lat": 21.4524697,
        "line": "line-3",
        "lon": 39.91388319,
        "sample_id": "segment:line-3-civil-011:0005",
        "scope_id": "line-3-civil-011",
        "scope_type": "civil_segment"
      },
      "type": "Feature"
    },
    {
      "geometry": {
        "coordinates": [
          39.90671705,
          21.4481254
        ],
        "type": "Point"
      },
      "properties": {
        "chainage_m": 14146.408,
        "civil_class": "elevated",
        "investigation_flags": [
          "coverage-gap"
        ],
        "lat": 21.4481254,
        "line": "line-3",
        "lon": 39.90671705,
        "sample_id": "segment:line-3-civil-011:0006",
        "scope_id": "line-3-civil-011",
        "scope_type": "civil_segment"
      },
      "type": "Feature"
    },
    {
      "geometry": {
        "coordinates": [
          39.89939119,
          21.44363213
        ],
        "type": "Point"
      },
      "properties": {
        "chainage_m": 15147.643,
        "civil_class": "elevated",
        "investigation_flags": [
          "granular-density-and-groundwater-tests"
        ],
        "lat": 21.44363213,
        "line": "line-3",
        "lon": 39.89939119,
        "sample_id": "segment:line-3-civil-011:0007",
        "scope_id": "line-3-civil-011",
        "scope_type": "civil_segment"
      },
      "type": "Feature"
    },
    {
      "geometry": {
        "coordinates": [
          39.89222531,
          21.43928807
        ],
        "type": "Point"
      },
      "properties": {
        "chainage_m": 16148.877,
        "civil_class": "elevated",
        "investigation_flags": [
          "granular-density-and-groundwater-tests"
        ],
        "lat": 21.43928807,
        "line": "line-3",
        "lon": 39.89222531,
        "sample_id": "segment:line-3-civil-011:0008",
        "scope_id": "line-3-civil-011",
        "scope_type": "civil_segment"
      },
      "type": "Feature"
    },
    {
      "geometry": {
        "coordinates": [
          39.88487612,
          21.43484849
        ],
        "type": "Point"
      },
      "properties": {
        "chainage_m": 17150.112,
        "civil_class": "elevated",
        "investigation_flags": [
          "granular-density-and-groundwater-tests"
        ],
        "lat": 21.43484849,
        "line": "line-3",
        "lon": 39.88487612,
        "sample_id": "segment:line-3-civil-011:0009",
        "scope_id": "line-3-civil-011",
        "scope_type": "civil_segment"
      },
      "type": "Feature"
    },
    {
      "geometry": {
        "coordinates": [
          39.87755341,
          21.43034934
        ],
        "type": "Point"
      },
      "properties": {
        "chainage_m": 18151.347,
        "civil_class": "elevated",
        "investigation_flags": [
          "granular-density-and-groundwater-tests"
        ],
        "lat": 21.43034934,
        "line": "line-3",
        "lon": 39.87755341,
        "sample_id": "segment:line-3-civil-011:0010",
        "scope_id": "line-3-civil-011",
        "scope_type": "civil_segment"
      },
      "type": "Feature"
    },
    {
      "geometry": {
        "coordinates": [
          39.87048866,
          21.42603297
        ],
        "type": "Point"
      },
      "properties": {
        "chainage_m": 19152.582,
        "civil_class": "elevated",
        "investigation_flags": [
          "granular-density-and-groundwater-tests"
        ],
        "lat": 21.42603297,
        "line": "line-3",
        "lon": 39.87048866,
        "sample_id": "segment:line-3-civil-011:0011",
        "scope_id": "line-3-civil-011",
        "scope_type": "civil_segment"
      },
      "type": "Feature"
    },
    {
      "geometry": {
        "coordinates": [
          39.86302727,
          21.42159325
        ],
        "type": "Point"
      },
      "properties": {
        "chainage_m": 20153.816,
        "civil_class": "elevated",
        "investigation_flags": [
          "fine-soil-plasticity-and-shrink-swell-tests",
          "granular-density-and-groundwater-tests"
        ],
        "lat": 21.42159325,
        "line": "line-3",
        "lon": 39.86302727,
        "sample_id": "segment:line-3-civil-011:0012",
        "scope_id": "line-3-civil-011",
        "scope_type": "civil_segment"
      },
      "type": "Feature"
    },
    {
      "geometry": {
        "coordinates": [
          39.86159877,
          21.42062082
        ],
        "type": "Point"
      },
      "properties": {
        "chainage_m": 20370.05,
        "civil_class": "elevated",
        "investigation_flags": [
          "fine-soil-plasticity-and-shrink-swell-tests",
          "granular-density-and-groundwater-tests"
        ],
        "lat": 21.42062082,
        "line": "line-3",
        "lon": 39.86159877,
        "sample_id": "segment:line-3-civil-011:0013",
        "scope_id": "line-3-civil-011",
        "scope_type": "civil_segment"
      },
      "type": "Feature"
    },
    {
      "geometry": {
        "coordinates": [
          39.8559982,
          21.41719683
        ],
        "type": "Point"
      },
      "properties": {
        "chainage_m": 21155.051,
        "civil_class": "elevated",
        "investigation_flags": [
          "granular-density-and-groundwater-tests"
        ],
        "lat": 21.41719683,
        "line": "line-3",
        "lon": 39.8559982,
        "sample_id": "segment:line-3-civil-011:0014",
        "scope_id": "line-3-civil-011",
        "scope_type": "civil_segment"
      },
      "type": "Feature"
    },
    {
      "geometry": {
        "coordinates": [
          39.8486696,
          21.41271265
        ],
        "type": "Point"
      },
      "properties": {
        "chainage_m": 22156.286,
        "civil_class": "elevated",
        "investigation_flags": [
          "coverage-gap"
        ],
        "lat": 21.41271265,
        "line": "line-3",
        "lon": 39.8486696,
        "sample_id": "segment:line-3-civil-011:0015",
        "scope_id": "line-3-civil-011",
        "scope_type": "civil_segment"
      },
      "type": "Feature"
    },
    {
      "geometry": {
        "coordinates": [
          39.84149401,
          21.40839346
        ],
        "type": "Point"
      },
      "properties": {
        "chainage_m": 23157.52,
        "civil_class": "elevated",
        "investigation_flags": [
          "granular-density-and-groundwater-tests"
        ],
        "lat": 21.40839346,
        "line": "line-3",
        "lon": 39.84149401,
        "sample_id": "segment:line-3-civil-011:0016",
        "scope_id": "line-3-civil-011",
        "scope_type": "civil_segment"
      },
      "type": "Feature"
    },
    {
      "geometry": {
        "coordinates": [
          39.83404739,
          21.40392194
        ],
        "type": "Point"
      },
      "properties": {
        "chainage_m": 24158.755,
        "civil_class": "elevated",
        "investigation_flags": [
          "fine-soil-plasticity-and-shrink-swell-tests",
          "granular-density-and-groundwater-tests"
        ],
        "lat": 21.40392194,
        "line": "line-3",
        "lon": 39.83404739,
        "sample_id": "segment:line-3-civil-011:0017",
        "scope_id": "line-3-civil-011",
        "scope_type": "civil_segment"
      },
      "type": "Feature"
    },
    {
      "geometry": {
        "coordinates": [
          39.82688435,
          21.39957512
        ],
        "type": "Point"
      },
      "properties": {
        "chainage_m": 25159.99,
        "civil_class": "elevated",
        "investigation_flags": [
          "granular-density-and-groundwater-tests"
        ],
        "lat": 21.39957512,
        "line": "line-3",
        "lon": 39.82688435,
        "sample_id": "segment:line-3-civil-011:0018",
        "scope_id": "line-3-civil-011",
        "scope_type": "civil_segment"
      },
      "type": "Feature"
    },
    {
      "geometry": {
        "coordinates": [
          39.81955821,
          21.39508701
        ],
        "type": "Point"
      },
      "properties": {
        "chainage_m": 26161.224,
        "civil_class": "elevated",
        "investigation_flags": [
          "coverage-gap"
        ],
        "lat": 21.39508701,
        "line": "line-3",
        "lon": 39.81955821,
        "sample_id": "segment:line-3-civil-011:0019",
        "scope_id": "line-3-civil-011",
        "scope_type": "civil_segment"
      },
      "type": "Feature"
    },
    {
      "geometry": {
        "coordinates": [
          39.81238822,
          21.39075678
        ],
        "type": "Point"
      },
      "properties": {
        "chainage_m": 27162.459,
        "civil_class": "elevated",
        "investigation_flags": [
          "fine-soil-plasticity-and-shrink-swell-tests",
          "granular-density-and-groundwater-tests"
        ],
        "lat": 21.39075678,
        "line": "line-3",
        "lon": 39.81238822,
        "sample_id": "segment:line-3-civil-011:0020",
        "scope_id": "line-3-civil-011",
        "scope_type": "civil_segment"
      },
      "type": "Feature"
    },
    {
      "geometry": {
        "coordinates": [
          39.80506731,
          21.38625763
        ],
        "type": "Point"
      },
      "properties": {
        "chainage_m": 28163.694,
        "civil_class": "elevated",
        "investigation_flags": [
          "fine-soil-plasticity-and-shrink-swell-tests",
          "granular-density-and-groundwater-tests"
        ],
        "lat": 21.38625763,
        "line": "line-3",
        "lon": 39.80506731,
        "sample_id": "segment:line-3-civil-011:0021",
        "scope_id": "line-3-civil-011",
        "scope_type": "civil_segment"
      },
      "type": "Feature"
    },
    {
      "geometry": {
        "coordinates": [
          39.79798525,
          21.38198458
        ],
        "type": "Point"
      },
      "properties": {
        "chainage_m": 29164.928,
        "civil_class": "elevated",
        "investigation_flags": [
          "fine-soil-plasticity-and-shrink-swell-tests",
          "granular-density-and-groundwater-tests"
        ],
        "lat": 21.38198458,
        "line": "line-3",
        "lon": 39.79798525,
        "sample_id": "segment:line-3-civil-011:0022",
        "scope_id": "line-3-civil-011",
        "scope_type": "civil_segment"
      },
      "type": "Feature"
    },
    {
      "geometry": {
        "coordinates": [
          39.79066132,
          21.3774931
        ],
        "type": "Point"
      },
      "properties": {
        "chainage_m": 30166.163,
        "civil_class": "elevated",
        "investigation_flags": [
          "fine-soil-plasticity-and-shrink-swell-tests",
          "granular-density-and-groundwater-tests"
        ],
        "lat": 21.3774931,
        "line": "line-3",
        "lon": 39.79066132,
        "sample_id": "segment:line-3-civil-011:0023",
        "scope_id": "line-3-civil-011",
        "scope_type": "civil_segment"
      },
      "type": "Feature"
    },
    {
      "geometry": {
        "coordinates": [
          39.78341743,
          21.37307629
        ],
        "type": "Point"
      },
      "properties": {
        "chainage_m": 31167.398,
        "civil_class": "elevated",
        "investigation_flags": [
          "fine-soil-plasticity-and-shrink-swell-tests",
          "granular-density-and-groundwater-tests"
        ],
        "lat": 21.37307629,
        "line": "line-3",
        "lon": 39.78341743,
        "sample_id": "segment:line-3-civil-011:0024",
        "scope_id": "line-3-civil-011",
        "scope_type": "civil_segment"
      },
      "type": "Feature"
    },
    {
      "geometry": {
        "coordinates": [
          39.7762536,
          21.36873413
        ],
        "type": "Point"
      },
      "properties": {
        "chainage_m": 32168.632,
        "civil_class": "elevated",
        "investigation_flags": [
          "fine-soil-plasticity-and-shrink-swell-tests",
          "granular-density-and-groundwater-tests"
        ],
        "lat": 21.36873413,
        "line": "line-3",
        "lon": 39.7762536,
        "sample_id": "segment:line-3-civil-011:0025",
        "scope_id": "line-3-civil-011",
        "scope_type": "civil_segment"
      },
      "type": "Feature"
    },
    {
      "geometry": {
        "coordinates": [
          39.77304501,
          21.36682128
        ],
        "type": "Point"
      },
      "properties": {
        "chainage_m": 32601.1,
        "civil_class": "elevated",
        "investigation_flags": [
          "fine-soil-plasticity-and-shrink-swell-tests",
          "granular-density-and-groundwater-tests"
        ],
        "lat": 21.36682128,
        "line": "line-3",
        "lon": 39.77304501,
        "sample_id": "segment:line-3-civil-011:0026",
        "scope_id": "line-3-civil-011",
        "scope_type": "civil_segment"
      },
      "type": "Feature"
    },
    {
      "geometry": {
        "coordinates": [
          39.88051913,
          21.50143597
        ],
        "type": "Point"
      },
      "properties": {
        "chainage_m": 0.0,
        "civil_class": "at-grade",
        "investigation_flags": [
          "granular-density-and-groundwater-tests"
        ],
        "lat": 21.50143597,
        "line": "line-4",
        "lon": 39.88051913,
        "sample_id": "segment:line-4-civil-012:0000",
        "scope_id": "line-4-civil-012",
        "scope_type": "civil_segment"
      },
      "type": "Feature"
    },
    {
      "geometry": {
        "coordinates": [
          39.88051913,
          21.50022862
        ],
        "type": "Point"
      },
      "properties": {
        "chainage_m": 134.15,
        "civil_class": "at-grade",
        "investigation_flags": [
          "granular-density-and-groundwater-tests"
        ],
        "lat": 21.50022862,
        "line": "line-4",
        "lon": 39.88051913,
        "sample_id": "segment:line-4-civil-012:0001",
        "scope_id": "line-4-civil-012",
        "scope_type": "civil_segment"
      },
      "type": "Feature"
    },
    {
      "geometry": {
        "coordinates": [
          39.88051866,
          21.49927638
        ],
        "type": "Point"
      },
      "properties": {
        "chainage_m": 268.3,
        "civil_class": "at-grade",
        "investigation_flags": [
          "granular-density-and-groundwater-tests"
        ],
        "lat": 21.49927638,
        "line": "line-4",
        "lon": 39.88051866,
        "sample_id": "segment:line-4-civil-012:0002",
        "scope_id": "line-4-civil-012",
        "scope_type": "civil_segment"
      },
      "type": "Feature"
    },
    {
      "geometry": {
        "coordinates": [
          39.88051866,
          21.49927638
        ],
        "type": "Point"
      },
      "properties": {
        "chainage_m": 268.3,
        "civil_class": "elevated",
        "investigation_flags": [
          "granular-density-and-groundwater-tests"
        ],
        "lat": 21.49927638,
        "line": "line-4",
        "lon": 39.88051866,
        "sample_id": "segment:line-4-civil-013:0000",
        "scope_id": "line-4-civil-013",
        "scope_type": "civil_segment"
      },
      "type": "Feature"
    },
    {
      "geometry": {
        "coordinates": [
          39.88061536,
          21.49918662
        ],
        "type": "Point"
      },
      "properties": {
        "chainage_m": 282.45,
        "civil_class": "elevated",
        "investigation_flags": [
          "granular-density-and-groundwater-tests"
        ],
        "lat": 21.49918662,
        "line": "line-4",
        "lon": 39.88061536,
        "sample_id": "segment:line-4-civil-013:0001",
        "scope_id": "line-4-civil-013",
        "scope_type": "civil_segment"
      },
      "type": "Feature"
    },
    {
      "geometry": {
        "coordinates": [
          39.88071193,
          21.49909655
        ],
        "type": "Point"
      },
      "properties": {
        "chainage_m": 296.6,
        "civil_class": "elevated",
        "investigation_flags": [
          "granular-density-and-groundwater-tests"
        ],
        "lat": 21.49909655,
        "line": "line-4",
        "lon": 39.88071193,
        "sample_id": "segment:line-4-civil-013:0002",
        "scope_id": "line-4-civil-013",
        "scope_type": "civil_segment"
      },
      "type": "Feature"
    },
    {
      "geometry": {
        "coordinates": [
          39.88071193,
          21.49909655
        ],
        "type": "Point"
      },
      "properties": {
        "chainage_m": 296.6,
        "civil_class": "at-grade",
        "investigation_flags": [
          "granular-density-and-groundwater-tests"
        ],
        "lat": 21.49909655,
        "line": "line-4",
        "lon": 39.88071193,
        "sample_id": "segment:line-4-civil-014:0000",
        "scope_id": "line-4-civil-014",
        "scope_type": "civil_segment"
      },
      "type": "Feature"
    },
    {
      "geometry": {
        "coordinates": [
          39.88186979,
          21.49338729
        ],
        "type": "Point"
      },
      "properties": {
        "chainage_m": 1298.658,
        "civil_class": "at-grade",
        "investigation_flags": [
          "granular-density-and-groundwater-tests"
        ],
        "lat": 21.49338729,
        "line": "line-4",
        "lon": 39.88186979,
        "sample_id": "segment:line-4-civil-014:0001",
        "scope_id": "line-4-civil-014",
        "scope_type": "civil_segment"
      },
      "type": "Feature"
    },
    {
      "geometry": {
        "coordinates": [
          39.8796685,
          21.48901831
        ],
        "type": "Point"
      },
      "properties": {
        "chainage_m": 1918.25,
        "civil_class": "at-grade",
        "investigation_flags": [
          "granular-density-and-groundwater-tests"
        ],
        "lat": 21.48901831,
        "line": "line-4",
        "lon": 39.8796685,
        "sample_id": "segment:line-4-civil-014:0002",
        "scope_id": "line-4-civil-014",
        "scope_type": "civil_segment"
      },
      "type": "Feature"
    },
    {
      "geometry": {
        "coordinates": [
          39.88140139,
          21.48639576
        ],
        "type": "Point"
      },
      "properties": {
        "chainage_m": 2300.717,
        "civil_class": "at-grade",
        "investigation_flags": [
          "granular-density-and-groundwater-tests"
        ],
        "lat": 21.48639576,
        "line": "line-4",
        "lon": 39.88140139,
        "sample_id": "segment:line-4-civil-014:0003",
        "scope_id": "line-4-civil-014",
        "scope_type": "civil_segment"
      },
      "type": "Feature"
    },
    {
      "geometry": {
        "coordinates": [
          39.88689721,
          21.47965011
        ],
        "type": "Point"
      },
      "properties": {
        "chainage_m": 3302.775,
        "civil_class": "at-grade",
        "investigation_flags": [
          "coverage-gap"
        ],
        "lat": 21.47965011,
        "line": "line-4",
        "lon": 39.88689721,
        "sample_id": "segment:line-4-civil-014:0004",
        "scope_id": "line-4-civil-014",
        "scope_type": "civil_segment"
      },
      "type": "Feature"
    },
    {
      "geometry": {
        "coordinates": [
          39.88669359,
          21.47803372
        ],
        "type": "Point"
      },
      "properties": {
        "chainage_m": 3539.9,
        "civil_class": "at-grade",
        "investigation_flags": [
          "granular-density-and-groundwater-tests"
        ],
        "lat": 21.47803372,
        "line": "line-4",
        "lon": 39.88669359,
        "sample_id": "segment:line-4-civil-014:0005",
        "scope_id": "line-4-civil-014",
        "scope_type": "civil_segment"
      },
      "type": "Feature"
    },
    {
      "geometry": {
        "coordinates": [
          39.88669359,
          21.47803372
        ],
        "type": "Point"
      },
      "properties": {
        "chainage_m": 3539.9,
        "civil_class": "elevated",
        "investigation_flags": [
          "granular-density-and-groundwater-tests"
        ],
        "lat": 21.47803372,
        "line": "line-4",
        "lon": 39.88669359,
        "sample_id": "segment:line-4-civil-015:0000",
        "scope_id": "line-4-civil-015",
        "scope_type": "civil_segment"
      },
      "type": "Feature"
    },
    {
      "geometry": {
        "coordinates": [
          39.88360636,
          21.47041336
        ],
        "type": "Point"
      },
      "properties": {
        "chainage_m": 4542.677,
        "civil_class": "elevated",
        "investigation_flags": [
          "granular-density-and-groundwater-tests"
        ],
        "lat": 21.47041336,
        "line": "line-4",
        "lon": 39.88360636,
        "sample_id": "segment:line-4-civil-015:0001",
        "scope_id": "line-4-civil-015",
        "scope_type": "civil_segment"
      },
      "type": "Feature"
    },
    {
      "geometry": {
        "coordinates": [
          39.88039702,
          21.46262935
        ],
        "type": "Point"
      },
      "properties": {
        "chainage_m": 5545.454,
        "civil_class": "elevated",
        "investigation_flags": [
          "granular-density-and-groundwater-tests"
        ],
        "lat": 21.46262935,
        "line": "line-4",
        "lon": 39.88039702,
        "sample_id": "segment:line-4-civil-015:0002",
        "scope_id": "line-4-civil-015",
        "scope_type": "civil_segment"
      },
      "type": "Feature"
    },
    {
      "geometry": {
        "coordinates": [
          39.87731946,
          21.45489983
        ],
        "type": "Point"
      },
      "properties": {
        "chainage_m": 6548.23,
        "civil_class": "elevated",
        "investigation_flags": [
          "coverage-gap"
        ],
        "lat": 21.45489983,
        "line": "line-4",
        "lon": 39.87731946,
        "sample_id": "segment:line-4-civil-015:0003",
        "scope_id": "line-4-civil-015",
        "scope_type": "civil_segment"
      },
      "type": "Feature"
    },
    {
      "geometry": {
        "coordinates": [
          39.87418573,
          21.44729787
        ],
        "type": "Point"
      },
      "properties": {
        "chainage_m": 7551.007,
        "civil_class": "elevated",
        "investigation_flags": [
          "coverage-gap"
        ],
        "lat": 21.44729787,
        "line": "line-4",
        "lon": 39.87418573,
        "sample_id": "segment:line-4-civil-015:0004",
        "scope_id": "line-4-civil-015",
        "scope_type": "civil_segment"
      },
      "type": "Feature"
    },
    {
      "geometry": {
        "coordinates": [
          39.87106449,
          21.43947992
        ],
        "type": "Point"
      },
      "properties": {
        "chainage_m": 8553.784,
        "civil_class": "elevated",
        "investigation_flags": [
          "coverage-gap"
        ],
        "lat": 21.43947992,
        "line": "line-4",
        "lon": 39.87106449,
        "sample_id": "segment:line-4-civil-015:0005",
        "scope_id": "line-4-civil-015",
        "scope_type": "civil_segment"
      },
      "type": "Feature"
    },
    {
      "geometry": {
        "coordinates": [
          39.86797727,
          21.43186009
        ],
        "type": "Point"
      },
      "properties": {
        "chainage_m": 9556.561,
        "civil_class": "elevated",
        "investigation_flags": [
          "coverage-gap"
        ],
        "lat": 21.43186009,
        "line": "line-4",
        "lon": 39.86797727,
        "sample_id": "segment:line-4-civil-015:0006",
        "scope_id": "line-4-civil-015",
        "scope_type": "civil_segment"
      },
      "type": "Feature"
    },
    {
      "geometry": {
        "coordinates": [
          39.8648176,
          21.42416292
        ],
        "type": "Point"
      },
      "properties": {
        "chainage_m": 10559.337,
        "civil_class": "elevated",
        "investigation_flags": [
          "fine-soil-plasticity-and-shrink-swell-tests",
          "granular-density-and-groundwater-tests"
        ],
        "lat": 21.42416292,
        "line": "line-4",
        "lon": 39.8648176,
        "sample_id": "segment:line-4-civil-015:0007",
        "scope_id": "line-4-civil-015",
        "scope_type": "civil_segment"
      },
      "type": "Feature"
    },
    {
      "geometry": {
        "coordinates": [
          39.86174044,
          21.41643376
        ],
        "type": "Point"
      },
      "properties": {
        "chainage_m": 11562.114,
        "civil_class": "elevated",
        "investigation_flags": [
          "granular-density-and-groundwater-tests"
        ],
        "lat": 21.41643376,
        "line": "line-4",
        "lon": 39.86174044,
        "sample_id": "segment:line-4-civil-015:0008",
        "scope_id": "line-4-civil-015",
        "scope_type": "civil_segment"
      },
      "type": "Feature"
    },
    {
      "geometry": {
        "coordinates": [
          39.85852719,
          21.40875764
        ],
        "type": "Point"
      },
      "properties": {
        "chainage_m": 12564.891,
        "civil_class": "elevated",
        "investigation_flags": [
          "granular-density-and-groundwater-tests"
        ],
        "lat": 21.40875764,
        "line": "line-4",
        "lon": 39.85852719,
        "sample_id": "segment:line-4-civil-015:0009",
        "scope_id": "line-4-civil-015",
        "scope_type": "civil_segment"
      },
      "type": "Feature"
    },
    {
      "geometry": {
        "coordinates": [
          39.8554354,
          21.40103438
        ],
        "type": "Point"
      },
      "properties": {
        "chainage_m": 13567.668,
        "civil_class": "elevated",
        "investigation_flags": [
          "coverage-gap"
        ],
        "lat": 21.40103438,
        "line": "line-4",
        "lon": 39.8554354,
        "sample_id": "segment:line-4-civil-015:0010",
        "scope_id": "line-4-civil-015",
        "scope_type": "civil_segment"
      },
      "type": "Feature"
    },
    {
      "geometry": {
        "coordinates": [
          39.85234817,
          21.39330945
        ],
        "type": "Point"
      },
      "properties": {
        "chainage_m": 14570.444,
        "civil_class": "elevated",
        "investigation_flags": [
          "granular-density-and-groundwater-tests"
        ],
        "lat": 21.39330945,
        "line": "line-4",
        "lon": 39.85234817,
        "sample_id": "segment:line-4-civil-015:0011",
        "scope_id": "line-4-civil-015",
        "scope_type": "civil_segment"
      },
      "type": "Feature"
    },
    {
      "geometry": {
        "coordinates": [
          39.85157637,
          21.3916483
        ],
        "type": "Point"
      },
      "properties": {
        "chainage_m": 14799.95,
        "civil_class": "elevated",
        "investigation_flags": [
          "coverage-gap"
        ],
        "lat": 21.3916483,
        "line": "line-4",
        "lon": 39.85157637,
        "sample_id": "segment:line-4-civil-015:0012",
        "scope_id": "line-4-civil-015",
        "scope_type": "civil_segment"
      },
      "type": "Feature"
    },
    {
      "geometry": {
        "coordinates": [
          39.84916025,
          21.3856238
        ],
        "type": "Point"
      },
      "properties": {
        "chainage_m": 15573.221,
        "civil_class": "elevated",
        "investigation_flags": [
          "granular-density-and-groundwater-tests"
        ],
        "lat": 21.3856238,
        "line": "line-4",
        "lon": 39.84916025,
        "sample_id": "segment:line-4-civil-015:0013",
        "scope_id": "line-4-civil-015",
        "scope_type": "civil_segment"
      },
      "type": "Feature"
    },
    {
      "geometry": {
        "coordinates": [
          39.84602725,
          21.37802254
        ],
        "type": "Point"
      },
      "properties": {
        "chainage_m": 16575.998,
        "civil_class": "elevated",
        "investigation_flags": [
          "granular-density-and-groundwater-tests"
        ],
        "lat": 21.37802254,
        "line": "line-4",
        "lon": 39.84602725,
        "sample_id": "segment:line-4-civil-015:0014",
        "scope_id": "line-4-civil-015",
        "scope_type": "civil_segment"
      },
      "type": "Feature"
    },
    {
      "geometry": {
        "coordinates": [
          39.84295056,
          21.37029382
        ],
        "type": "Point"
      },
      "properties": {
        "chainage_m": 17578.775,
        "civil_class": "elevated",
        "investigation_flags": [
          "fine-soil-plasticity-and-shrink-swell-tests",
          "granular-density-and-groundwater-tests"
        ],
        "lat": 21.37029382,
        "line": "line-4",
        "lon": 39.84295056,
        "sample_id": "segment:line-4-civil-015:0015",
        "scope_id": "line-4-civil-015",
        "scope_type": "civil_segment"
      },
      "type": "Feature"
    },
    {
      "geometry": {
        "coordinates": [
          39.83980631,
          21.36248584
        ],
        "type": "Point"
      },
      "properties": {
        "chainage_m": 18581.551,
        "civil_class": "elevated",
        "investigation_flags": [
          "coverage-gap"
        ],
        "lat": 21.36248584,
        "line": "line-4",
        "lon": 39.83980631,
        "sample_id": "segment:line-4-civil-015:0016",
        "scope_id": "line-4-civil-015",
        "scope_type": "civil_segment"
      },
      "type": "Feature"
    },
    {
      "geometry": {
        "coordinates": [
          39.83671908,
          21.35486708
        ],
        "type": "Point"
      },
      "properties": {
        "chainage_m": 19584.328,
        "civil_class": "elevated",
        "investigation_flags": [
          "fine-soil-plasticity-and-shrink-swell-tests",
          "granular-density-and-groundwater-tests"
        ],
        "lat": 21.35486708,
        "line": "line-4",
        "lon": 39.83671908,
        "sample_id": "segment:line-4-civil-015:0017",
        "scope_id": "line-4-civil-015",
        "scope_type": "civil_segment"
      },
      "type": "Feature"
    },
    {
      "geometry": {
        "coordinates": [
          39.83363186,
          21.34724843
        ],
        "type": "Point"
      },
      "properties": {
        "chainage_m": 20587.105,
        "civil_class": "elevated",
        "investigation_flags": [
          "coverage-gap"
        ],
        "lat": 21.34724843,
        "line": "line-4",
        "lon": 39.83363186,
        "sample_id": "segment:line-4-civil-015:0018",
        "scope_id": "line-4-civil-015",
        "scope_type": "civil_segment"
      },
      "type": "Feature"
    },
    {
      "geometry": {
        "coordinates": [
          39.83037229,
          21.33948565
        ],
        "type": "Point"
      },
      "properties": {
        "chainage_m": 21589.882,
        "civil_class": "elevated",
        "investigation_flags": [
          "coverage-gap"
        ],
        "lat": 21.33948565,
        "line": "line-4",
        "lon": 39.83037229,
        "sample_id": "segment:line-4-civil-015:0019",
        "scope_id": "line-4-civil-015",
        "scope_type": "civil_segment"
      },
      "type": "Feature"
    },
    {
      "geometry": {
        "coordinates": [
          39.82729599,
          21.3317573
        ],
        "type": "Point"
      },
      "properties": {
        "chainage_m": 22592.658,
        "civil_class": "elevated",
        "investigation_flags": [
          "coverage-gap"
        ],
        "lat": 21.3317573,
        "line": "line-4",
        "lon": 39.82729599,
        "sample_id": "segment:line-4-civil-015:0020",
        "scope_id": "line-4-civil-015",
        "scope_type": "civil_segment"
      },
      "type": "Feature"
    },
    {
      "geometry": {
        "coordinates": [
          39.82417722,
          21.32415124
        ],
        "type": "Point"
      },
      "properties": {
        "chainage_m": 23595.435,
        "civil_class": "elevated",
        "investigation_flags": [
          "fine-soil-plasticity-and-shrink-swell-tests",
          "granular-density-and-groundwater-tests"
        ],
        "lat": 21.32415124,
        "line": "line-4",
        "lon": 39.82417722,
        "sample_id": "segment:line-4-civil-015:0021",
        "scope_id": "line-4-civil-015",
        "scope_type": "civil_segment"
      },
      "type": "Feature"
    },
    {
      "geometry": {
        "coordinates": [
          39.82108999,
          21.31632168
        ],
        "type": "Point"
      },
      "properties": {
        "chainage_m": 24598.212,
        "civil_class": "elevated",
        "investigation_flags": [
          "coverage-gap"
        ],
        "lat": 21.31632168,
        "line": "line-4",
        "lon": 39.82108999,
        "sample_id": "segment:line-4-civil-015:0022",
        "scope_id": "line-4-civil-015",
        "scope_type": "civil_segment"
      },
      "type": "Feature"
    },
    {
      "geometry": {
        "coordinates": [
          39.81793143,
          21.30862567
        ],
        "type": "Point"
      },
      "properties": {
        "chainage_m": 25600.989,
        "civil_class": "elevated",
        "investigation_flags": [
          "fine-soil-plasticity-and-shrink-swell-tests",
          "granular-density-and-groundwater-tests"
        ],
        "lat": 21.30862567,
        "line": "line-4",
        "lon": 39.81793143,
        "sample_id": "segment:line-4-civil-015:0023",
        "scope_id": "line-4-civil-015",
        "scope_type": "civil_segment"
      },
      "type": "Feature"
    },
    {
      "geometry": {
        "coordinates": [
          39.81684146,
          21.30527285
        ],
        "type": "Point"
      },
      "properties": {
        "chainage_m": 26060.0,
        "civil_class": "elevated",
        "investigation_flags": [
          "granular-density-and-groundwater-tests"
        ],
        "lat": 21.30527285,
        "line": "line-4",
        "lon": 39.81684146,
        "sample_id": "segment:line-4-civil-015:0024",
        "scope_id": "line-4-civil-015",
        "scope_type": "civil_segment"
      },
      "type": "Feature"
    },
    {
      "geometry": {
        "coordinates": [
          39.81684146,
          21.30527285
        ],
        "type": "Point"
      },
      "properties": {
        "chainage_m": 26060.0,
        "civil_class": "bridge",
        "investigation_flags": [
          "granular-density-and-groundwater-tests"
        ],
        "lat": 21.30527285,
        "line": "line-4",
        "lon": 39.81684146,
        "sample_id": "segment:line-4-civil-016:0000",
        "scope_id": "line-4-civil-016",
        "scope_type": "civil_segment"
      },
      "type": "Feature"
    },
    {
      "geometry": {
        "coordinates": [
          39.81684505,
          21.30518626
        ],
        "type": "Point"
      },
      "properties": {
        "chainage_m": 26070.0,
        "civil_class": "bridge",
        "investigation_flags": [
          "granular-density-and-groundwater-tests"
        ],
        "lat": 21.30518626,
        "line": "line-4",
        "lon": 39.81684505,
        "sample_id": "segment:line-4-civil-016:0001",
        "scope_id": "line-4-civil-016",
        "scope_type": "civil_segment"
      },
      "type": "Feature"
    },
    {
      "geometry": {
        "coordinates": [
          39.81684505,
          21.30509631
        ],
        "type": "Point"
      },
      "properties": {
        "chainage_m": 26080.0,
        "civil_class": "bridge",
        "investigation_flags": [
          "granular-density-and-groundwater-tests"
        ],
        "lat": 21.30509631,
        "line": "line-4",
        "lon": 39.81684505,
        "sample_id": "segment:line-4-civil-016:0002",
        "scope_id": "line-4-civil-016",
        "scope_type": "civil_segment"
      },
      "type": "Feature"
    },
    {
      "geometry": {
        "coordinates": [
          39.81684505,
          21.30509631
        ],
        "type": "Point"
      },
      "properties": {
        "chainage_m": 26080.0,
        "civil_class": "at-grade",
        "investigation_flags": [
          "granular-density-and-groundwater-tests"
        ],
        "lat": 21.30509631,
        "line": "line-4",
        "lon": 39.81684505,
        "sample_id": "segment:line-4-civil-017:0000",
        "scope_id": "line-4-civil-017",
        "scope_type": "civil_segment"
      },
      "type": "Feature"
    },
    {
      "geometry": {
        "coordinates": [
          39.81761686,
          21.30289979
        ],
        "type": "Point"
      },
      "properties": {
        "chainage_m": 26369.0,
        "civil_class": "at-grade",
        "investigation_flags": [
          "granular-density-and-groundwater-tests"
        ],
        "lat": 21.30289979,
        "line": "line-4",
        "lon": 39.81761686,
        "sample_id": "segment:line-4-civil-017:0001",
        "scope_id": "line-4-civil-017",
        "scope_type": "civil_segment"
      },
      "type": "Feature"
    },
    {
      "geometry": {
        "coordinates": [
          39.81761686,
          21.3005976
        ],
        "type": "Point"
      },
      "properties": {
        "chainage_m": 26658.0,
        "civil_class": "at-grade",
        "investigation_flags": [
          "coverage-gap"
        ],
        "lat": 21.3005976,
        "line": "line-4",
        "lon": 39.81761686,
        "sample_id": "segment:line-4-civil-017:0002",
        "scope_id": "line-4-civil-017",
        "scope_type": "civil_segment"
      },
      "type": "Feature"
    },
    {
      "geometry": {
        "coordinates": [
          39.81761686,
          21.3005976
        ],
        "type": "Point"
      },
      "properties": {
        "chainage_m": 26658.0,
        "civil_class": "bridge",
        "investigation_flags": [
          "coverage-gap"
        ],
        "lat": 21.3005976,
        "line": "line-4",
        "lon": 39.81761686,
        "sample_id": "segment:line-4-civil-018:0000",
        "scope_id": "line-4-civil-018",
        "scope_type": "civil_segment"
      },
      "type": "Feature"
    },
    {
      "geometry": {
        "coordinates": [
          39.81752322,
          21.30050639
        ],
        "type": "Point"
      },
      "properties": {
        "chainage_m": 26672.15,
        "civil_class": "bridge",
        "investigation_flags": [
          "coverage-gap"
        ],
        "lat": 21.30050639,
        "line": "line-4",
        "lon": 39.81752322,
        "sample_id": "segment:line-4-civil-018:0001",
        "scope_id": "line-4-civil-018",
        "scope_type": "civil_segment"
      },
      "type": "Feature"
    },
    {
      "geometry": {
        "coordinates": [
          39.81742666,
          21.30041633
        ],
        "type": "Point"
      },
      "properties": {
        "chainage_m": 26686.3,
        "civil_class": "bridge",
        "investigation_flags": [
          "coverage-gap"
        ],
        "lat": 21.30041633,
        "line": "line-4",
        "lon": 39.81742666,
        "sample_id": "segment:line-4-civil-018:0002",
        "scope_id": "line-4-civil-018",
        "scope_type": "civil_segment"
      },
      "type": "Feature"
    },
    {
      "geometry": {
        "coordinates": [
          39.81742666,
          21.30041633
        ],
        "type": "Point"
      },
      "properties": {
        "chainage_m": 26686.3,
        "civil_class": "at-grade",
        "investigation_flags": [
          "coverage-gap"
        ],
        "lat": 21.30041633,
        "line": "line-4",
        "lon": 39.81742666,
        "sample_id": "segment:line-4-civil-019:0000",
        "scope_id": "line-4-civil-019",
        "scope_type": "civil_segment"
      },
      "type": "Feature"
    },
    {
      "geometry": {
        "coordinates": [
          39.81742391,
          21.29983988
        ],
        "type": "Point"
      },
      "properties": {
        "chainage_m": 26750.4,
        "civil_class": "at-grade",
        "investigation_flags": [
          "coverage-gap"
        ],
        "lat": 21.29983988,
        "line": "line-4",
        "lon": 39.81742391,
        "sample_id": "segment:line-4-civil-019:0001",
        "scope_id": "line-4-civil-019",
        "scope_type": "civil_segment"
      },
      "type": "Feature"
    },
    {
      "geometry": {
        "coordinates": [
          39.81780512,
          21.29951393
        ],
        "type": "Point"
      },
      "properties": {
        "chainage_m": 26814.5,
        "civil_class": "at-grade",
        "investigation_flags": [
          "coverage-gap"
        ],
        "lat": 21.29951393,
        "line": "line-4",
        "lon": 39.81780512,
        "sample_id": "segment:line-4-civil-019:0002",
        "scope_id": "line-4-civil-019",
        "scope_type": "civil_segment"
      },
      "type": "Feature"
    },
    {
      "geometry": {
        "coordinates": [
          39.81780512,
          21.29951393
        ],
        "type": "Point"
      },
      "properties": {
        "chainage_m": 26814.5,
        "civil_class": "bridge",
        "investigation_flags": [
          "coverage-gap"
        ],
        "lat": 21.29951393,
        "line": "line-4",
        "lon": 39.81780512,
        "sample_id": "segment:line-4-civil-020:0000",
        "scope_id": "line-4-civil-020",
        "scope_type": "civil_segment"
      },
      "type": "Feature"
    },
    {
      "geometry": {
        "coordinates": [
          39.81790306,
          21.29942696
        ],
        "type": "Point"
      },
      "properties": {
        "chainage_m": 26828.65,
        "civil_class": "bridge",
        "investigation_flags": [
          "coverage-gap"
        ],
        "lat": 21.29942696,
        "line": "line-4",
        "lon": 39.81790306,
        "sample_id": "segment:line-4-civil-020:0001",
        "scope_id": "line-4-civil-020",
        "scope_type": "civil_segment"
      },
      "type": "Feature"
    },
    {
      "geometry": {
        "coordinates": [
          39.81799963,
          21.29933689
        ],
        "type": "Point"
      },
      "properties": {
        "chainage_m": 26842.8,
        "civil_class": "bridge",
        "investigation_flags": [
          "coverage-gap"
        ],
        "lat": 21.29933689,
        "line": "line-4",
        "lon": 39.81799963,
        "sample_id": "segment:line-4-civil-020:0002",
        "scope_id": "line-4-civil-020",
        "scope_type": "civil_segment"
      },
      "type": "Feature"
    },
    {
      "geometry": {
        "coordinates": [
          39.81799963,
          21.29933689
        ],
        "type": "Point"
      },
      "properties": {
        "chainage_m": 26842.8,
        "civil_class": "at-grade",
        "investigation_flags": [
          "coverage-gap"
        ],
        "lat": 21.29933689,
        "line": "line-4",
        "lon": 39.81799963,
        "sample_id": "segment:line-4-civil-021:0000",
        "scope_id": "line-4-civil-021",
        "scope_type": "civil_segment"
      },
      "type": "Feature"
    },
    {
      "geometry": {
        "coordinates": [
          39.8208595,
          21.29163044
        ],
        "type": "Point"
      },
      "properties": {
        "chainage_m": 27844.745,
        "civil_class": "at-grade",
        "investigation_flags": [
          "coverage-gap"
        ],
        "lat": 21.29163044,
        "line": "line-4",
        "lon": 39.8208595,
        "sample_id": "segment:line-4-civil-021:0001",
        "scope_id": "line-4-civil-021",
        "scope_type": "civil_segment"
      },
      "type": "Feature"
    },
    {
      "geometry": {
        "coordinates": [
          39.82205475,
          21.28602267
        ],
        "type": "Point"
      },
      "properties": {
        "chainage_m": 28518.5,
        "civil_class": "at-grade",
        "investigation_flags": [
          "coverage-gap"
        ],
        "lat": 21.28602267,
        "line": "line-4",
        "lon": 39.82205475,
        "sample_id": "segment:line-4-civil-021:0002",
        "scope_id": "line-4-civil-021",
        "scope_type": "civil_segment"
      },
      "type": "Feature"
    },
    {
      "geometry": {
        "coordinates": [
          39.82263361,
          21.28328979
        ],
        "type": "Point"
      },
      "properties": {
        "chainage_m": 28846.69,
        "civil_class": "at-grade",
        "investigation_flags": [
          "coverage-gap"
        ],
        "lat": 21.28328979,
        "line": "line-4",
        "lon": 39.82263361,
        "sample_id": "segment:line-4-civil-021:0003",
        "scope_id": "line-4-civil-021",
        "scope_type": "civil_segment"
      },
      "type": "Feature"
    },
    {
      "geometry": {
        "coordinates": [
          39.8168704,
          21.27989762
        ],
        "type": "Point"
      },
      "properties": {
        "chainage_m": 29848.635,
        "civil_class": "at-grade",
        "investigation_flags": [
          "coverage-gap"
        ],
        "lat": 21.27989762,
        "line": "line-4",
        "lon": 39.8168704,
        "sample_id": "segment:line-4-civil-021:0004",
        "scope_id": "line-4-civil-021",
        "scope_type": "civil_segment"
      },
      "type": "Feature"
    },
    {
      "geometry": {
        "coordinates": [
          39.81491554,
          21.28223718
        ],
        "type": "Point"
      },
      "properties": {
        "chainage_m": 30194.2,
        "civil_class": "at-grade",
        "investigation_flags": [
          "granular-density-and-groundwater-tests"
        ],
        "lat": 21.28223718,
        "line": "line-4",
        "lon": 39.81491554,
        "sample_id": "segment:line-4-civil-021:0005",
        "scope_id": "line-4-civil-021",
        "scope_type": "civil_segment"
      },
      "type": "Feature"
    },
    {
      "geometry": {
        "coordinates": [
          39.93705399,
          21.38625763
        ],
        "type": "Point"
      },
      "properties": {
        "chainage_m": 0.0,
        "civil_class": "elevated",
        "investigation_flags": [
          "coverage-gap"
        ],
        "lat": 21.38625763,
        "line": "line-5",
        "lon": 39.93705399,
        "sample_id": "segment:line-5-civil-022:0000",
        "scope_id": "line-5-civil-022",
        "scope_type": "civil_segment"
      },
      "type": "Feature"
    },
    {
      "geometry": {
        "coordinates": [
          39.93842922,
          21.38875424
        ],
        "type": "Point"
      },
      "properties": {
        "chainage_m": 1001.493,
        "civil_class": "elevated",
        "investigation_flags": [
          "granular-density-and-groundwater-tests"
        ],
        "lat": 21.38875424,
        "line": "line-5",
        "lon": 39.93842922,
        "sample_id": "segment:line-5-civil-022:0001",
        "scope_id": "line-5-civil-022",
        "scope_type": "civil_segment"
      },
      "type": "Feature"
    },
    {
      "geometry": {
        "coordinates": [
          39.93169478,
          21.3938162
        ],
        "type": "Point"
      },
      "properties": {
        "chainage_m": 2002.987,
        "civil_class": "elevated",
        "investigation_flags": [
          "granular-density-and-groundwater-tests"
        ],
        "lat": 21.3938162,
        "line": "line-5",
        "lon": 39.93169478,
        "sample_id": "segment:line-5-civil-022:0002",
        "scope_id": "line-5-civil-022",
        "scope_type": "civil_segment"
      },
      "type": "Feature"
    },
    {
      "geometry": {
        "coordinates": [
          39.92499112,
          21.3989484
        ],
        "type": "Point"
      },
      "properties": {
        "chainage_m": 3004.48,
        "civil_class": "elevated",
        "investigation_flags": [
          "granular-density-and-groundwater-tests"
        ],
        "lat": 21.3989484,
        "line": "line-5",
        "lon": 39.92499112,
        "sample_id": "segment:line-5-civil-022:0003",
        "scope_id": "line-5-civil-022",
        "scope_type": "civil_segment"
      },
      "type": "Feature"
    },
    {
      "geometry": {
        "coordinates": [
          39.91832367,
          21.40390737
        ],
        "type": "Point"
      },
      "properties": {
        "chainage_m": 4005.974,
        "civil_class": "elevated",
        "investigation_flags": [
          "granular-density-and-groundwater-tests"
        ],
        "lat": 21.40390737,
        "line": "line-5",
        "lon": 39.91832367,
        "sample_id": "segment:line-5-civil-022:0004",
        "scope_id": "line-5-civil-022",
        "scope_type": "civil_segment"
      },
      "type": "Feature"
    },
    {
      "geometry": {
        "coordinates": [
          39.91163241,
          21.40906851
        ],
        "type": "Point"
      },
      "properties": {
        "chainage_m": 5007.467,
        "civil_class": "elevated",
        "investigation_flags": [
          "granular-density-and-groundwater-tests"
        ],
        "lat": 21.40906851,
        "line": "line-5",
        "lon": 39.91163241,
        "sample_id": "segment:line-5-civil-022:0005",
        "scope_id": "line-5-civil-022",
        "scope_type": "civil_segment"
      },
      "type": "Feature"
    },
    {
      "geometry": {
        "coordinates": [
          39.90483105,
          21.414187
        ],
        "type": "Point"
      },
      "properties": {
        "chainage_m": 6008.961,
        "civil_class": "elevated",
        "investigation_flags": [
          "granular-density-and-groundwater-tests"
        ],
        "lat": 21.414187,
        "line": "line-5",
        "lon": 39.90483105,
        "sample_id": "segment:line-5-civil-022:0006",
        "scope_id": "line-5-civil-022",
        "scope_type": "civil_segment"
      },
      "type": "Feature"
    },
    {
      "geometry": {
        "coordinates": [
          39.89816139,
          21.41919143
        ],
        "type": "Point"
      },
      "properties": {
        "chainage_m": 7010.454,
        "civil_class": "elevated",
        "investigation_flags": [
          "fine-soil-plasticity-and-shrink-swell-tests",
          "granular-density-and-groundwater-tests"
        ],
        "lat": 21.41919143,
        "line": "line-5",
        "lon": 39.89816139,
        "sample_id": "segment:line-5-civil-022:0007",
        "scope_id": "line-5-civil-022",
        "scope_type": "civil_segment"
      },
      "type": "Feature"
    },
    {
      "geometry": {
        "coordinates": [
          39.89151738,
          21.42432568
        ],
        "type": "Point"
      },
      "properties": {
        "chainage_m": 8011.947,
        "civil_class": "elevated",
        "investigation_flags": [
          "granular-density-and-groundwater-tests"
        ],
        "lat": 21.42432568,
        "line": "line-5",
        "lon": 39.89151738,
        "sample_id": "segment:line-5-civil-022:0008",
        "scope_id": "line-5-civil-022",
        "scope_type": "civil_segment"
      },
      "type": "Feature"
    },
    {
      "geometry": {
        "coordinates": [
          39.88483349,
          21.42938476
        ],
        "type": "Point"
      },
      "properties": {
        "chainage_m": 9013.441,
        "civil_class": "elevated",
        "investigation_flags": [
          "granular-density-and-groundwater-tests"
        ],
        "lat": 21.42938476,
        "line": "line-5",
        "lon": 39.88483349,
        "sample_id": "segment:line-5-civil-022:0009",
        "scope_id": "line-5-civil-022",
        "scope_type": "civil_segment"
      },
      "type": "Feature"
    },
    {
      "geometry": {
        "coordinates": [
          39.88278205,
          21.4309382
        ],
        "type": "Point"
      },
      "properties": {
        "chainage_m": 9309.3,
        "civil_class": "elevated",
        "investigation_flags": [
          "granular-density-and-groundwater-tests"
        ],
        "lat": 21.4309382,
        "line": "line-5",
        "lon": 39.88278205,
        "sample_id": "segment:line-5-civil-022:0010",
        "scope_id": "line-5-civil-022",
        "scope_type": "civil_segment"
      },
      "type": "Feature"
    },
    {
      "geometry": {
        "coordinates": [
          39.87814157,
          21.43454651
        ],
        "type": "Point"
      },
      "properties": {
        "chainage_m": 10014.934,
        "civil_class": "elevated",
        "investigation_flags": [
          "granular-density-and-groundwater-tests"
        ],
        "lat": 21.43454651,
        "line": "line-5",
        "lon": 39.87814157,
        "sample_id": "segment:line-5-civil-022:0011",
        "scope_id": "line-5-civil-022",
        "scope_type": "civil_segment"
      },
      "type": "Feature"
    },
    {
      "geometry": {
        "coordinates": [
          39.87139327,
          21.43958089
        ],
        "type": "Point"
      },
      "properties": {
        "chainage_m": 11016.428,
        "civil_class": "elevated",
        "investigation_flags": [
          "coverage-gap"
        ],
        "lat": 21.43958089,
        "line": "line-5",
        "lon": 39.87139327,
        "sample_id": "segment:line-5-civil-022:0012",
        "scope_id": "line-5-civil-022",
        "scope_type": "civil_segment"
      },
      "type": "Feature"
    },
    {
      "geometry": {
        "coordinates": [
          39.86470109,
          21.44474289
        ],
        "type": "Point"
      },
      "properties": {
        "chainage_m": 12017.921,
        "civil_class": "elevated",
        "investigation_flags": [
          "fine-soil-plasticity-and-shrink-swell-tests",
          "granular-density-and-groundwater-tests"
        ],
        "lat": 21.44474289,
        "line": "line-5",
        "lon": 39.86470109,
        "sample_id": "segment:line-5-civil-022:0013",
        "scope_id": "line-5-civil-022",
        "scope_type": "civil_segment"
      },
      "type": "Feature"
    },
    {
      "geometry": {
        "coordinates": [
          39.85803245,
          21.44970298
        ],
        "type": "Point"
      },
      "properties": {
        "chainage_m": 13019.414,
        "civil_class": "elevated",
        "investigation_flags": [
          "granular-density-and-groundwater-tests"
        ],
        "lat": 21.44970298,
        "line": "line-5",
        "lon": 39.85803245,
        "sample_id": "segment:line-5-civil-022:0014",
        "scope_id": "line-5-civil-022",
        "scope_type": "civil_segment"
      },
      "type": "Feature"
    },
    {
      "geometry": {
        "coordinates": [
          39.85120932,
          21.45482473
        ],
        "type": "Point"
      },
      "properties": {
        "chainage_m": 14020.908,
        "civil_class": "elevated",
        "investigation_flags": [
          "granular-density-and-groundwater-tests"
        ],
        "lat": 21.45482473,
        "line": "line-5",
        "lon": 39.85120932,
        "sample_id": "segment:line-5-civil-022:0015",
        "scope_id": "line-5-civil-022",
        "scope_type": "civil_segment"
      },
      "type": "Feature"
    },
    {
      "geometry": {
        "coordinates": [
          39.84451125,
          21.45997465
        ],
        "type": "Point"
      },
      "properties": {
        "chainage_m": 15022.401,
        "civil_class": "elevated",
        "investigation_flags": [
          "granular-density-and-groundwater-tests"
        ],
        "lat": 21.45997465,
        "line": "line-5",
        "lon": 39.84451125,
        "sample_id": "segment:line-5-civil-022:0016",
        "scope_id": "line-5-civil-022",
        "scope_type": "civil_segment"
      },
      "type": "Feature"
    },
    {
      "geometry": {
        "coordinates": [
          39.83789847,
          21.46506259
        ],
        "type": "Point"
      },
      "properties": {
        "chainage_m": 16023.895,
        "civil_class": "elevated",
        "investigation_flags": [
          "granular-density-and-groundwater-tests"
        ],
        "lat": 21.46506259,
        "line": "line-5",
        "lon": 39.83789847,
        "sample_id": "segment:line-5-civil-022:0017",
        "scope_id": "line-5-civil-022",
        "scope_type": "civil_segment"
      },
      "type": "Feature"
    },
    {
      "geometry": {
        "coordinates": [
          39.83122929,
          21.47002318
        ],
        "type": "Point"
      },
      "properties": {
        "chainage_m": 17025.388,
        "civil_class": "elevated",
        "investigation_flags": [
          "coverage-gap"
        ],
        "lat": 21.47002318,
        "line": "line-5",
        "lon": 39.83122929,
        "sample_id": "segment:line-5-civil-022:0018",
        "scope_id": "line-5-civil-022",
        "scope_type": "civil_segment"
      },
      "type": "Feature"
    },
    {
      "geometry": {
        "coordinates": [
          39.82441246,
          21.47516091
        ],
        "type": "Point"
      },
      "properties": {
        "chainage_m": 18026.882,
        "civil_class": "elevated",
        "investigation_flags": [
          "granular-density-and-groundwater-tests"
        ],
        "lat": 21.47516091,
        "line": "line-5",
        "lon": 39.82441246,
        "sample_id": "segment:line-5-civil-022:0019",
        "scope_id": "line-5-civil-022",
        "scope_type": "civil_segment"
      },
      "type": "Feature"
    },
    {
      "geometry": {
        "coordinates": [
          39.82051265,
          21.47821892
        ],
        "type": "Point"
      },
      "properties": {
        "chainage_m": 18618.6,
        "civil_class": "elevated",
        "investigation_flags": [
          "granular-density-and-groundwater-tests"
        ],
        "lat": 21.47821892,
        "line": "line-5",
        "lon": 39.82051265,
        "sample_id": "segment:line-5-civil-022:0020",
        "scope_id": "line-5-civil-022",
        "scope_type": "civil_segment"
      },
      "type": "Feature"
    },
    {
      "geometry": {
        "coordinates": [
          39.82051265,
          21.47821892
        ],
        "type": "Point"
      },
      "properties": {
        "chainage_m": 18618.6,
        "civil_class": "at-grade",
        "investigation_flags": [
          "granular-density-and-groundwater-tests"
        ],
        "lat": 21.47821892,
        "line": "line-5",
        "lon": 39.82051265,
        "sample_id": "segment:line-5-civil-023:0000",
        "scope_id": "line-5-civil-023",
        "scope_type": "civil_segment"
      },
      "type": "Feature"
    },
    {
      "geometry": {
        "coordinates": [
          39.81305981,
          21.48002
        ],
        "type": "Point"
      },
      "properties": {
        "chainage_m": 19620.113,
        "civil_class": "at-grade",
        "investigation_flags": [
          "granular-density-and-groundwater-tests"
        ],
        "lat": 21.48002,
        "line": "line-5",
        "lon": 39.81305981,
        "sample_id": "segment:line-5-civil-023:0001",
        "scope_id": "line-5-civil-023",
        "scope_type": "civil_segment"
      },
      "type": "Feature"
    },
    {
      "geometry": {
        "coordinates": [
          39.8034105,
          21.48002
        ],
        "type": "Point"
      },
      "properties": {
        "chainage_m": 20621.626,
        "civil_class": "at-grade",
        "investigation_flags": [
          "fine-soil-plasticity-and-shrink-swell-tests",
          "granular-density-and-groundwater-tests"
        ],
        "lat": 21.48002,
        "line": "line-5",
        "lon": 39.8034105,
        "sample_id": "segment:line-5-civil-023:0002",
        "scope_id": "line-5-civil-023",
        "scope_type": "civil_segment"
      },
      "type": "Feature"
    },
    {
      "geometry": {
        "coordinates": [
          39.80017347,
          21.48002
        ],
        "type": "Point"
      },
      "properties": {
        "chainage_m": 20957.6,
        "civil_class": "at-grade",
        "investigation_flags": [
          "fine-soil-plasticity-and-shrink-swell-tests",
          "granular-density-and-groundwater-tests"
        ],
        "lat": 21.48002,
        "line": "line-5",
        "lon": 39.80017347,
        "sample_id": "segment:line-5-civil-023:0003",
        "scope_id": "line-5-civil-023",
        "scope_type": "civil_segment"
      },
      "type": "Feature"
    },
    {
      "geometry": {
        "coordinates": [
          39.79504151,
          21.48164077
        ],
        "type": "Point"
      },
      "properties": {
        "chainage_m": 21623.138,
        "civil_class": "at-grade",
        "investigation_flags": [
          "fine-soil-plasticity-and-shrink-swell-tests",
          "granular-density-and-groundwater-tests"
        ],
        "lat": 21.48164077,
        "line": "line-5",
        "lon": 39.79504151,
        "sample_id": "segment:line-5-civil-023:0004",
        "scope_id": "line-5-civil-023",
        "scope_type": "civil_segment"
      },
      "type": "Feature"
    },
    {
      "geometry": {
        "coordinates": [
          39.7938838,
          21.48958873
        ],
        "type": "Point"
      },
      "properties": {
        "chainage_m": 22624.651,
        "civil_class": "at-grade",
        "investigation_flags": [
          "fine-soil-plasticity-and-shrink-swell-tests",
          "granular-density-and-groundwater-tests"
        ],
        "lat": 21.48958873,
        "line": "line-5",
        "lon": 39.7938838,
        "sample_id": "segment:line-5-civil-023:0005",
        "scope_id": "line-5-civil-023",
        "scope_type": "civil_segment"
      },
      "type": "Feature"
    },
    {
      "geometry": {
        "coordinates": [
          39.7938838,
          21.49513716
        ],
        "type": "Point"
      },
      "properties": {
        "chainage_m": 23296.6,
        "civil_class": "at-grade",
        "investigation_flags": [
          "granular-density-and-groundwater-tests"
        ],
        "lat": 21.49513716,
        "line": "line-5",
        "lon": 39.7938838,
        "sample_id": "segment:line-5-civil-023:0006",
        "scope_id": "line-5-civil-023",
        "scope_type": "civil_segment"
      },
      "type": "Feature"
    },
    {
      "geometry": {
        "coordinates": [
          39.77536043,
          21.4182916
        ],
        "type": "Point"
      },
      "properties": {
        "chainage_m": 0.0,
        "civil_class": "elevated",
        "investigation_flags": [
          "fine-soil-plasticity-and-shrink-swell-tests",
          "granular-density-and-groundwater-tests"
        ],
        "lat": 21.4182916,
        "line": "line-6",
        "lon": 39.77536043,
        "sample_id": "segment:line-6-civil-024:0000",
        "scope_id": "line-6-civil-024",
        "scope_type": "civil_segment"
      },
      "type": "Feature"
    },
    {
      "geometry": {
        "coordinates": [
          39.78141857,
          21.424122
        ],
        "type": "Point"
      },
      "properties": {
        "chainage_m": 1002.029,
        "civil_class": "elevated",
        "investigation_flags": [
          "fine-soil-plasticity-and-shrink-swell-tests",
          "granular-density-and-groundwater-tests"
        ],
        "lat": 21.424122,
        "line": "line-6",
        "lon": 39.78141857,
        "sample_id": "segment:line-6-civil-024:0001",
        "scope_id": "line-6-civil-024",
        "scope_type": "civil_segment"
      },
      "type": "Feature"
    },
    {
      "geometry": {
        "coordinates": [
          39.78731699,
          21.42980342
        ],
        "type": "Point"
      },
      "properties": {
        "chainage_m": 2004.059,
        "civil_class": "elevated",
        "investigation_flags": [
          "fine-soil-plasticity-and-shrink-swell-tests",
          "granular-density-and-groundwater-tests"
        ],
        "lat": 21.42980342,
        "line": "line-6",
        "lon": 39.78731699,
        "sample_id": "segment:line-6-civil-024:0002",
        "scope_id": "line-6-civil-024",
        "scope_type": "civil_segment"
      },
      "type": "Feature"
    },
    {
      "geometry": {
        "coordinates": [
          39.79337539,
          21.43563406
        ],
        "type": "Point"
      },
      "properties": {
        "chainage_m": 3006.088,
        "civil_class": "elevated",
        "investigation_flags": [
          "fine-soil-plasticity-and-shrink-swell-tests",
          "granular-density-and-groundwater-tests"
        ],
        "lat": 21.43563406,
        "line": "line-6",
        "lon": 39.79337539,
        "sample_id": "segment:line-6-civil-024:0003",
        "scope_id": "line-6-civil-024",
        "scope_type": "civil_segment"
      },
      "type": "Feature"
    },
    {
      "geometry": {
        "coordinates": [
          39.79928645,
          21.44141653
        ],
        "type": "Point"
      },
      "properties": {
        "chainage_m": 4008.118,
        "civil_class": "elevated",
        "investigation_flags": [
          "granular-density-and-groundwater-tests"
        ],
        "lat": 21.44141653,
        "line": "line-6",
        "lon": 39.79928645,
        "sample_id": "segment:line-6-civil-024:0004",
        "scope_id": "line-6-civil-024",
        "scope_type": "civil_segment"
      },
      "type": "Feature"
    },
    {
      "geometry": {
        "coordinates": [
          39.80554883,
          21.4471682
        ],
        "type": "Point"
      },
      "properties": {
        "chainage_m": 5010.147,
        "civil_class": "elevated",
        "investigation_flags": [
          "fine-soil-plasticity-and-shrink-swell-tests",
          "granular-density-and-groundwater-tests"
        ],
        "lat": 21.4471682,
        "line": "line-6",
        "lon": 39.80554883,
        "sample_id": "segment:line-6-civil-024:0005",
        "scope_id": "line-6-civil-024",
        "scope_type": "civil_segment"
      },
      "type": "Feature"
    },
    {
      "geometry": {
        "coordinates": [
          39.81435866,
          21.44798602
        ],
        "type": "Point"
      },
      "properties": {
        "chainage_m": 6012.176,
        "civil_class": "elevated",
        "investigation_flags": [
          "fine-soil-plasticity-and-shrink-swell-tests",
          "granular-density-and-groundwater-tests"
        ],
        "lat": 21.44798602,
        "line": "line-6",
        "lon": 39.81435866,
        "sample_id": "segment:line-6-civil-024:0006",
        "scope_id": "line-6-civil-024",
        "scope_type": "civil_segment"
      },
      "type": "Feature"
    },
    {
      "geometry": {
        "coordinates": [
          39.82242422,
          21.44440202
        ],
        "type": "Point"
      },
      "properties": {
        "chainage_m": 7014.206,
        "civil_class": "elevated",
        "investigation_flags": [
          "granular-density-and-groundwater-tests"
        ],
        "lat": 21.44440202,
        "line": "line-6",
        "lon": 39.82242422,
        "sample_id": "segment:line-6-civil-024:0007",
        "scope_id": "line-6-civil-024",
        "scope_type": "civil_segment"
      },
      "type": "Feature"
    },
    {
      "geometry": {
        "coordinates": [
          39.83127023,
          21.4433069
        ],
        "type": "Point"
      },
      "properties": {
        "chainage_m": 8016.235,
        "civil_class": "elevated",
        "investigation_flags": [
          "coverage-gap"
        ],
        "lat": 21.4433069,
        "line": "line-6",
        "lon": 39.83127023,
        "sample_id": "segment:line-6-civil-024:0008",
        "scope_id": "line-6-civil-024",
        "scope_type": "civil_segment"
      },
      "type": "Feature"
    },
    {
      "geometry": {
        "coordinates": [
          39.83828843,
          21.44798602
        ],
        "type": "Point"
      },
      "properties": {
        "chainage_m": 9018.265,
        "civil_class": "elevated",
        "investigation_flags": [
          "granular-density-and-groundwater-tests"
        ],
        "lat": 21.44798602,
        "line": "line-6",
        "lon": 39.83828843,
        "sample_id": "segment:line-6-civil-024:0009",
        "scope_id": "line-6-civil-024",
        "scope_type": "civil_segment"
      },
      "type": "Feature"
    },
    {
      "geometry": {
        "coordinates": [
          39.84494966,
          21.45296319
        ],
        "type": "Point"
      },
      "properties": {
        "chainage_m": 10020.294,
        "civil_class": "elevated",
        "investigation_flags": [
          "fine-soil-plasticity-and-shrink-swell-tests",
          "granular-density-and-groundwater-tests"
        ],
        "lat": 21.45296319,
        "line": "line-6",
        "lon": 39.84494966,
        "sample_id": "segment:line-6-civil-024:0010",
        "scope_id": "line-6-civil-024",
        "scope_type": "civil_segment"
      },
      "type": "Feature"
    },
    {
      "geometry": {
        "coordinates": [
          39.85169844,
          21.45799802
        ],
        "type": "Point"
      },
      "properties": {
        "chainage_m": 11022.323,
        "civil_class": "elevated",
        "investigation_flags": [
          "fine-soil-plasticity-and-shrink-swell-tests",
          "granular-density-and-groundwater-tests"
        ],
        "lat": 21.45799802,
        "line": "line-6",
        "lon": 39.85169844,
        "sample_id": "segment:line-6-civil-024:0011",
        "scope_id": "line-6-civil-024",
        "scope_type": "civil_segment"
      },
      "type": "Feature"
    },
    {
      "geometry": {
        "coordinates": [
          39.85911858,
          21.46202338
        ],
        "type": "Point"
      },
      "properties": {
        "chainage_m": 12024.353,
        "civil_class": "elevated",
        "investigation_flags": [
          "granular-density-and-groundwater-tests"
        ],
        "lat": 21.46202338,
        "line": "line-6",
        "lon": 39.85911858,
        "sample_id": "segment:line-6-civil-024:0012",
        "scope_id": "line-6-civil-024",
        "scope_type": "civil_segment"
      },
      "type": "Feature"
    },
    {
      "geometry": {
        "coordinates": [
          39.86836954,
          21.46112355
        ],
        "type": "Point"
      },
      "properties": {
        "chainage_m": 13026.382,
        "civil_class": "elevated",
        "investigation_flags": [
          "coverage-gap"
        ],
        "lat": 21.46112355,
        "line": "line-6",
        "lon": 39.86836954,
        "sample_id": "segment:line-6-civil-024:0013",
        "scope_id": "line-6-civil-024",
        "scope_type": "civil_segment"
      },
      "type": "Feature"
    },
    {
      "geometry": {
        "coordinates": [
          39.87746157,
          21.45986379
        ],
        "type": "Point"
      },
      "properties": {
        "chainage_m": 14028.412,
        "civil_class": "elevated",
        "investigation_flags": [
          "coverage-gap"
        ],
        "lat": 21.45986379,
        "line": "line-6",
        "lon": 39.87746157,
        "sample_id": "segment:line-6-civil-024:0014",
        "scope_id": "line-6-civil-024",
        "scope_type": "civil_segment"
      },
      "type": "Feature"
    },
    {
      "geometry": {
        "coordinates": [
          39.8865381,
          21.45856908
        ],
        "type": "Point"
      },
      "properties": {
        "chainage_m": 15030.441,
        "civil_class": "elevated",
        "investigation_flags": [
          "fine-soil-plasticity-and-shrink-swell-tests",
          "granular-density-and-groundwater-tests"
        ],
        "lat": 21.45856908,
        "line": "line-6",
        "lon": 39.8865381,
        "sample_id": "segment:line-6-civil-024:0015",
        "scope_id": "line-6-civil-024",
        "scope_type": "civil_segment"
      },
      "type": "Feature"
    },
    {
      "geometry": {
        "coordinates": [
          39.89556696,
          21.45716654
        ],
        "type": "Point"
      },
      "properties": {
        "chainage_m": 16032.47,
        "civil_class": "elevated",
        "investigation_flags": [
          "granular-density-and-groundwater-tests"
        ],
        "lat": 21.45716654,
        "line": "line-6",
        "lon": 39.89556696,
        "sample_id": "segment:line-6-civil-024:0016",
        "scope_id": "line-6-civil-024",
        "scope_type": "civil_segment"
      },
      "type": "Feature"
    },
    {
      "geometry": {
        "coordinates": [
          39.90430633,
          21.4560845
        ],
        "type": "Point"
      },
      "properties": {
        "chainage_m": 16989.75,
        "civil_class": "elevated",
        "investigation_flags": [
          "granular-density-and-groundwater-tests"
        ],
        "lat": 21.4560845,
        "line": "line-6",
        "lon": 39.90430633,
        "sample_id": "segment:line-6-civil-024:0017",
        "scope_id": "line-6-civil-024",
        "scope_type": "civil_segment"
      },
      "type": "Feature"
    },
    {
      "geometry": {
        "coordinates": [
          39.90465777,
          21.45590453
        ],
        "type": "Point"
      },
      "properties": {
        "chainage_m": 17034.5,
        "civil_class": "elevated",
        "investigation_flags": [
          "granular-density-and-groundwater-tests"
        ],
        "lat": 21.45590453,
        "line": "line-6",
        "lon": 39.90465777,
        "sample_id": "segment:line-6-civil-024:0018",
        "scope_id": "line-6-civil-024",
        "scope_type": "civil_segment"
      },
      "type": "Feature"
    },
    {
      "geometry": {
        "coordinates": [
          39.91374949,
          21.45464477
        ],
        "type": "Point"
      },
      "properties": {
        "chainage_m": 18036.529,
        "civil_class": "elevated",
        "investigation_flags": [
          "fine-soil-plasticity-and-shrink-swell-tests",
          "granular-density-and-groundwater-tests"
        ],
        "lat": 21.45464477,
        "line": "line-6",
        "lon": 39.91374949,
        "sample_id": "segment:line-6-civil-024:0019",
        "scope_id": "line-6-civil-024",
        "scope_type": "civil_segment"
      },
      "type": "Feature"
    },
    {
      "geometry": {
        "coordinates": [
          39.92284114,
          21.45338501
        ],
        "type": "Point"
      },
      "properties": {
        "chainage_m": 19038.559,
        "civil_class": "elevated",
        "investigation_flags": [
          "granular-density-and-groundwater-tests"
        ],
        "lat": 21.45338501,
        "line": "line-6",
        "lon": 39.92284114,
        "sample_id": "segment:line-6-civil-024:0020",
        "scope_id": "line-6-civil-024",
        "scope_type": "civil_segment"
      },
      "type": "Feature"
    },
    {
      "geometry": {
        "coordinates": [
          39.93193271,
          21.45212524
        ],
        "type": "Point"
      },
      "properties": {
        "chainage_m": 20040.588,
        "civil_class": "elevated",
        "investigation_flags": [
          "granular-density-and-groundwater-tests"
        ],
        "lat": 21.45212524,
        "line": "line-6",
        "lon": 39.93193271,
        "sample_id": "segment:line-6-civil-024:0021",
        "scope_id": "line-6-civil-024",
        "scope_type": "civil_segment"
      },
      "type": "Feature"
    },
    {
      "geometry": {
        "coordinates": [
          39.9389369,
          21.44766956
        ],
        "type": "Point"
      },
      "properties": {
        "chainage_m": 21042.617,
        "civil_class": "elevated",
        "investigation_flags": [
          "granular-density-and-groundwater-tests"
        ],
        "lat": 21.44766956,
        "line": "line-6",
        "lon": 39.9389369,
        "sample_id": "segment:line-6-civil-024:0022",
        "scope_id": "line-6-civil-024",
        "scope_type": "civil_segment"
      },
      "type": "Feature"
    },
    {
      "geometry": {
        "coordinates": [
          39.9400721,
          21.43928318
        ],
        "type": "Point"
      },
      "properties": {
        "chainage_m": 22044.647,
        "civil_class": "elevated",
        "investigation_flags": [
          "granular-density-and-groundwater-tests"
        ],
        "lat": 21.43928318,
        "line": "line-6",
        "lon": 39.9400721,
        "sample_id": "segment:line-6-civil-024:0023",
        "scope_id": "line-6-civil-024",
        "scope_type": "civil_segment"
      },
      "type": "Feature"
    },
    {
      "geometry": {
        "coordinates": [
          39.93956236,
          21.43044982
        ],
        "type": "Point"
      },
      "properties": {
        "chainage_m": 23046.676,
        "civil_class": "elevated",
        "investigation_flags": [
          "granular-density-and-groundwater-tests"
        ],
        "lat": 21.43044982,
        "line": "line-6",
        "lon": 39.93956236,
        "sample_id": "segment:line-6-civil-024:0024",
        "scope_id": "line-6-civil-024",
        "scope_type": "civil_segment"
      },
      "type": "Feature"
    },
    {
      "geometry": {
        "coordinates": [
          39.93898351,
          21.42164336
        ],
        "type": "Point"
      },
      "properties": {
        "chainage_m": 24048.706,
        "civil_class": "elevated",
        "investigation_flags": [
          "granular-density-and-groundwater-tests"
        ],
        "lat": 21.42164336,
        "line": "line-6",
        "lon": 39.93898351,
        "sample_id": "segment:line-6-civil-024:0025",
        "scope_id": "line-6-civil-024",
        "scope_type": "civil_segment"
      },
      "type": "Feature"
    },
    {
      "geometry": {
        "coordinates": [
          39.93859761,
          21.41276187
        ],
        "type": "Point"
      },
      "properties": {
        "chainage_m": 25050.735,
        "civil_class": "elevated",
        "investigation_flags": [
          "granular-density-and-groundwater-tests"
        ],
        "lat": 21.41276187,
        "line": "line-6",
        "lon": 39.93859761,
        "sample_id": "segment:line-6-civil-024:0026",
        "scope_id": "line-6-civil-024",
        "scope_type": "civil_segment"
      },
      "type": "Feature"
    },
    {
      "geometry": {
        "coordinates": [
          39.93801875,
          21.40395544
        ],
        "type": "Point"
      },
      "properties": {
        "chainage_m": 26052.764,
        "civil_class": "elevated",
        "investigation_flags": [
          "granular-density-and-groundwater-tests"
        ],
        "lat": 21.40395544,
        "line": "line-6",
        "lon": 39.93801875,
        "sample_id": "segment:line-6-civil-024:0027",
        "scope_id": "line-6-civil-024",
        "scope_type": "civil_segment"
      },
      "type": "Feature"
    },
    {
      "geometry": {
        "coordinates": [
          39.93743989,
          21.39514902
        ],
        "type": "Point"
      },
      "properties": {
        "chainage_m": 27054.794,
        "civil_class": "elevated",
        "investigation_flags": [
          "granular-density-and-groundwater-tests"
        ],
        "lat": 21.39514902,
        "line": "line-6",
        "lon": 39.93743989,
        "sample_id": "segment:line-6-civil-024:0028",
        "scope_id": "line-6-civil-024",
        "scope_type": "civil_segment"
      },
      "type": "Feature"
    },
    {
      "geometry": {
        "coordinates": [
          39.93705399,
          21.38626754
        ],
        "type": "Point"
      },
      "properties": {
        "chainage_m": 28056.823,
        "civil_class": "elevated",
        "investigation_flags": [
          "coverage-gap"
        ],
        "lat": 21.38626754,
        "line": "line-6",
        "lon": 39.93705399,
        "sample_id": "segment:line-6-civil-024:0029",
        "scope_id": "line-6-civil-024",
        "scope_type": "civil_segment"
      },
      "type": "Feature"
    },
    {
      "geometry": {
        "coordinates": [
          39.93647514,
          21.37746115
        ],
        "type": "Point"
      },
      "properties": {
        "chainage_m": 29058.853,
        "civil_class": "elevated",
        "investigation_flags": [
          "granular-density-and-groundwater-tests"
        ],
        "lat": 21.37746115,
        "line": "line-6",
        "lon": 39.93647514,
        "sample_id": "segment:line-6-civil-024:0030",
        "scope_id": "line-6-civil-024",
        "scope_type": "civil_segment"
      },
      "type": "Feature"
    },
    {
      "geometry": {
        "coordinates": [
          39.93589628,
          21.36865478
        ],
        "type": "Point"
      },
      "properties": {
        "chainage_m": 30060.882,
        "civil_class": "elevated",
        "investigation_flags": [
          "granular-density-and-groundwater-tests"
        ],
        "lat": 21.36865478,
        "line": "line-6",
        "lon": 39.93589628,
        "sample_id": "segment:line-6-civil-024:0031",
        "scope_id": "line-6-civil-024",
        "scope_type": "civil_segment"
      },
      "type": "Feature"
    },
    {
      "geometry": {
        "coordinates": [
          39.93551038,
          21.35977332
        ],
        "type": "Point"
      },
      "properties": {
        "chainage_m": 31062.911,
        "civil_class": "elevated",
        "investigation_flags": [
          "granular-density-and-groundwater-tests"
        ],
        "lat": 21.35977332,
        "line": "line-6",
        "lon": 39.93551038,
        "sample_id": "segment:line-6-civil-024:0032",
        "scope_id": "line-6-civil-024",
        "scope_type": "civil_segment"
      },
      "type": "Feature"
    },
    {
      "geometry": {
        "coordinates": [
          39.93493152,
          21.35096697
        ],
        "type": "Point"
      },
      "properties": {
        "chainage_m": 32064.941,
        "civil_class": "elevated",
        "investigation_flags": [
          "coverage-gap"
        ],
        "lat": 21.35096697,
        "line": "line-6",
        "lon": 39.93493152,
        "sample_id": "segment:line-6-civil-024:0033",
        "scope_id": "line-6-civil-024",
        "scope_type": "civil_segment"
      },
      "type": "Feature"
    },
    {
      "geometry": {
        "coordinates": [
          39.93448481,
          21.3421092
        ],
        "type": "Point"
      },
      "properties": {
        "chainage_m": 33066.97,
        "civil_class": "elevated",
        "investigation_flags": [
          "coverage-gap"
        ],
        "lat": 21.3421092,
        "line": "line-6",
        "lon": 39.93448481,
        "sample_id": "segment:line-6-civil-024:0034",
        "scope_id": "line-6-civil-024",
        "scope_type": "civil_segment"
      },
      "type": "Feature"
    },
    {
      "geometry": {
        "coordinates": [
          39.93396676,
          21.3340859
        ],
        "type": "Point"
      },
      "properties": {
        "chainage_m": 33979.5,
        "civil_class": "elevated",
        "investigation_flags": [
          "coverage-gap"
        ],
        "lat": 21.3340859,
        "line": "line-6",
        "lon": 39.93396676,
        "sample_id": "segment:line-6-civil-024:0035",
        "scope_id": "line-6-civil-024",
        "scope_type": "civil_segment"
      },
      "type": "Feature"
    },
    {
      "geometry": {
        "coordinates": [
          39.93396676,
          21.3340859
        ],
        "type": "Point"
      },
      "properties": {
        "chainage_m": 33979.5,
        "civil_class": "bridge",
        "investigation_flags": [
          "coverage-gap"
        ],
        "lat": 21.3340859,
        "line": "line-6",
        "lon": 39.93396676,
        "sample_id": "segment:line-6-civil-025:0000",
        "scope_id": "line-6-civil-025",
        "scope_type": "civil_segment"
      },
      "type": "Feature"
    },
    {
      "geometry": {
        "coordinates": [
          39.93396676,
          21.33287944
        ],
        "type": "Point"
      },
      "properties": {
        "chainage_m": 34113.65,
        "civil_class": "bridge",
        "investigation_flags": [
          "coverage-gap"
        ],
        "lat": 21.33287944,
        "line": "line-6",
        "lon": 39.93396676,
        "sample_id": "segment:line-6-civil-025:0001",
        "scope_id": "line-6-civil-025",
        "scope_type": "civil_segment"
      },
      "type": "Feature"
    },
    {
      "geometry": {
        "coordinates": [
          39.93377381,
          21.3317481
        ],
        "type": "Point"
      },
      "properties": {
        "chainage_m": 34247.8,
        "civil_class": "bridge",
        "investigation_flags": [
          "coverage-gap"
        ],
        "lat": 21.3317481,
        "line": "line-6",
        "lon": 39.93377381,
        "sample_id": "segment:line-6-civil-025:0002",
        "scope_id": "line-6-civil-025",
        "scope_type": "civil_segment"
      },
      "type": "Feature"
    },
    {
      "geometry": {
        "coordinates": [
          39.93377381,
          21.3317481
        ],
        "type": "Point"
      },
      "properties": {
        "chainage_m": 34247.8,
        "civil_class": "elevated",
        "investigation_flags": [
          "coverage-gap"
        ],
        "lat": 21.3317481,
        "line": "line-6",
        "lon": 39.93377381,
        "sample_id": "segment:line-6-civil-026:0000",
        "scope_id": "line-6-civil-026",
        "scope_type": "civil_segment"
      },
      "type": "Feature"
    },
    {
      "geometry": {
        "coordinates": [
          39.93358086,
          21.32721538
        ],
        "type": "Point"
      },
      "properties": {
        "chainage_m": 34760.2,
        "civil_class": "elevated",
        "investigation_flags": [
          "coverage-gap"
        ],
        "lat": 21.32721538,
        "line": "line-6",
        "lon": 39.93358086,
        "sample_id": "segment:line-6-civil-026:0001",
        "scope_id": "line-6-civil-026",
        "scope_type": "civil_segment"
      },
      "type": "Feature"
    },
    {
      "geometry": {
        "coordinates": [
          39.93335548,
          21.32287929
        ],
        "type": "Point"
      },
      "properties": {
        "chainage_m": 35252.138,
        "civil_class": "elevated",
        "investigation_flags": [
          "coverage-gap"
        ],
        "lat": 21.32287929,
        "line": "line-6",
        "lon": 39.93335548,
        "sample_id": "segment:line-6-civil-026:0002",
        "scope_id": "line-6-civil-026",
        "scope_type": "civil_segment"
      },
      "type": "Feature"
    },
    {
      "geometry": {
        "coordinates": [
          39.9332163,
          21.32274948
        ],
        "type": "Point"
      },
      "properties": {
        "chainage_m": 35272.6,
        "civil_class": "elevated",
        "investigation_flags": [
          "coverage-gap"
        ],
        "lat": 21.32274948,
        "line": "line-6",
        "lon": 39.9332163,
        "sample_id": "segment:line-6-civil-026:0003",
        "scope_id": "line-6-civil-026",
        "scope_type": "civil_segment"
      },
      "type": "Feature"
    },
    {
      "geometry": {
        "coordinates": [
          39.9332163,
          21.32274948
        ],
        "type": "Point"
      },
      "properties": {
        "chainage_m": 35272.6,
        "civil_class": "bridge",
        "investigation_flags": [
          "coverage-gap"
        ],
        "lat": 21.32274948,
        "line": "line-6",
        "lon": 39.9332163,
        "sample_id": "segment:line-6-civil-027:0000",
        "scope_id": "line-6-civil-027",
        "scope_type": "civil_segment"
      },
      "type": "Feature"
    },
    {
      "geometry": {
        "coordinates": [
          39.93165134,
          21.31877387
        ],
        "type": "Point"
      },
      "properties": {
        "chainage_m": 35793.05,
        "civil_class": "bridge",
        "investigation_flags": [
          "coverage-gap"
        ],
        "lat": 21.31877387,
        "line": "line-6",
        "lon": 39.93165134,
        "sample_id": "segment:line-6-civil-027:0001",
        "scope_id": "line-6-civil-027",
        "scope_type": "civil_segment"
      },
      "type": "Feature"
    },
    {
      "geometry": {
        "coordinates": [
          39.92857788,
          21.31626363
        ],
        "type": "Point"
      },
      "properties": {
        "chainage_m": 36274.711,
        "civil_class": "bridge",
        "investigation_flags": [
          "coverage-gap"
        ],
        "lat": 21.31626363,
        "line": "line-6",
        "lon": 39.92857788,
        "sample_id": "segment:line-6-civil-027:0002",
        "scope_id": "line-6-civil-027",
        "scope_type": "civil_segment"
      },
      "type": "Feature"
    },
    {
      "geometry": {
        "coordinates": [
          39.92837116,
          21.3161002
        ],
        "type": "Point"
      },
      "properties": {
        "chainage_m": 36313.5,
        "civil_class": "bridge",
        "investigation_flags": [
          "coverage-gap"
        ],
        "lat": 21.3161002,
        "line": "line-6",
        "lon": 39.92837116,
        "sample_id": "segment:line-6-civil-027:0003",
        "scope_id": "line-6-civil-027",
        "scope_type": "civil_segment"
      },
      "type": "Feature"
    },
    {
      "geometry": {
        "coordinates": [
          39.92837116,
          21.3161002
        ],
        "type": "Point"
      },
      "properties": {
        "chainage_m": 36313.5,
        "civil_class": "elevated",
        "investigation_flags": [
          "coverage-gap"
        ],
        "lat": 21.3161002,
        "line": "line-6",
        "lon": 39.92837116,
        "sample_id": "segment:line-6-civil-028:0000",
        "scope_id": "line-6-civil-028",
        "scope_type": "civil_segment"
      },
      "type": "Feature"
    },
    {
      "geometry": {
        "coordinates": [
          39.91990759,
          21.31373126
        ],
        "type": "Point"
      },
      "properties": {
        "chainage_m": 37312.794,
        "civil_class": "elevated",
        "investigation_flags": [
          "coverage-gap"
        ],
        "lat": 21.31373126,
        "line": "line-6",
        "lon": 39.91990759,
        "sample_id": "segment:line-6-civil-028:0001",
        "scope_id": "line-6-civil-028",
        "scope_type": "civil_segment"
      },
      "type": "Feature"
    },
    {
      "geometry": {
        "coordinates": [
          39.91115804,
          21.31171393
        ],
        "type": "Point"
      },
      "properties": {
        "chainage_m": 38312.088,
        "civil_class": "elevated",
        "investigation_flags": [
          "coverage-gap"
        ],
        "lat": 21.31171393,
        "line": "line-6",
        "lon": 39.91115804,
        "sample_id": "segment:line-6-civil-028:0002",
        "scope_id": "line-6-civil-028",
        "scope_type": "civil_segment"
      },
      "type": "Feature"
    },
    {
      "geometry": {
        "coordinates": [
          39.90726085,
          21.31067184
        ],
        "type": "Point"
      },
      "properties": {
        "chainage_m": 38763.75,
        "civil_class": "elevated",
        "investigation_flags": [
          "coverage-gap"
        ],
        "lat": 21.31067184,
        "line": "line-6",
        "lon": 39.90726085,
        "sample_id": "segment:line-6-civil-028:0003",
        "scope_id": "line-6-civil-028",
        "scope_type": "civil_segment"
      },
      "type": "Feature"
    },
    {
      "geometry": {
        "coordinates": [
          39.90245467,
          21.30959204
        ],
        "type": "Point"
      },
      "properties": {
        "chainage_m": 39311.382,
        "civil_class": "elevated",
        "investigation_flags": [
          "coverage-gap"
        ],
        "lat": 21.30959204,
        "line": "line-6",
        "lon": 39.90245467,
        "sample_id": "segment:line-6-civil-028:0004",
        "scope_id": "line-6-civil-028",
        "scope_type": "civil_segment"
      },
      "type": "Feature"
    },
    {
      "geometry": {
        "coordinates": [
          39.89376803,
          21.30743244
        ],
        "type": "Point"
      },
      "properties": {
        "chainage_m": 40310.676,
        "civil_class": "elevated",
        "investigation_flags": [
          "coverage-gap"
        ],
        "lat": 21.30743244,
        "line": "line-6",
        "lon": 39.89376803,
        "sample_id": "segment:line-6-civil-028:0005",
        "scope_id": "line-6-civil-028",
        "scope_type": "civil_segment"
      },
      "type": "Feature"
    },
    {
      "geometry": {
        "coordinates": [
          39.88630768,
          21.30509685
        ],
        "type": "Point"
      },
      "properties": {
        "chainage_m": 41214.0,
        "civil_class": "elevated",
        "investigation_flags": [
          "fine-soil-plasticity-and-shrink-swell-tests",
          "granular-density-and-groundwater-tests"
        ],
        "lat": 21.30509685,
        "line": "line-6",
        "lon": 39.88630768,
        "sample_id": "segment:line-6-civil-028:0006",
        "scope_id": "line-6-civil-028",
        "scope_type": "civil_segment"
      },
      "type": "Feature"
    },
    {
      "geometry": {
        "coordinates": [
          39.88630768,
          21.30509685
        ],
        "type": "Point"
      },
      "properties": {
        "chainage_m": 41214.0,
        "civil_class": "at-grade",
        "investigation_flags": [
          "fine-soil-plasticity-and-shrink-swell-tests",
          "granular-density-and-groundwater-tests"
        ],
        "lat": 21.30509685,
        "line": "line-6",
        "lon": 39.88630768,
        "sample_id": "segment:line-6-civil-029:0000",
        "scope_id": "line-6-civil-029",
        "scope_type": "civil_segment"
      },
      "type": "Feature"
    },
    {
      "geometry": {
        "coordinates": [
          39.87999798,
          21.30010765
        ],
        "type": "Point"
      },
      "properties": {
        "chainage_m": 42213.898,
        "civil_class": "at-grade",
        "investigation_flags": [
          "coverage-gap"
        ],
        "lat": 21.30010765,
        "line": "line-6",
        "lon": 39.87999798,
        "sample_id": "segment:line-6-civil-029:0001",
        "scope_id": "line-6-civil-029",
        "scope_type": "civil_segment"
      },
      "type": "Feature"
    },
    {
      "geometry": {
        "coordinates": [
          39.87170732,
          21.2980742
        ],
        "type": "Point"
      },
      "properties": {
        "chainage_m": 43213.797,
        "civil_class": "at-grade",
        "investigation_flags": [
          "coverage-gap"
        ],
        "lat": 21.2980742,
        "line": "line-6",
        "lon": 39.87170732,
        "sample_id": "segment:line-6-civil-029:0002",
        "scope_id": "line-6-civil-029",
        "scope_type": "civil_segment"
      },
      "type": "Feature"
    },
    {
      "geometry": {
        "coordinates": [
          39.86753822,
          21.29771427
        ],
        "type": "Point"
      },
      "properties": {
        "chainage_m": 43662.8,
        "civil_class": "at-grade",
        "investigation_flags": [
          "coverage-gap"
        ],
        "lat": 21.29771427,
        "line": "line-6",
        "lon": 39.86753822,
        "sample_id": "segment:line-6-civil-029:0003",
        "scope_id": "line-6-civil-029",
        "scope_type": "civil_segment"
      },
      "type": "Feature"
    },
    {
      "geometry": {
        "coordinates": [
          39.86373233,
          21.29965197
        ],
        "type": "Point"
      },
      "properties": {
        "chainage_m": 44213.695,
        "civil_class": "at-grade",
        "investigation_flags": [
          "coverage-gap"
        ],
        "lat": 21.29965197,
        "line": "line-6",
        "lon": 39.86373233,
        "sample_id": "segment:line-6-civil-029:0004",
        "scope_id": "line-6-civil-029",
        "scope_type": "civil_segment"
      },
      "type": "Feature"
    },
    {
      "geometry": {
        "coordinates": [
          39.85668176,
          21.30239339
        ],
        "type": "Point"
      },
      "properties": {
        "chainage_m": 45213.594,
        "civil_class": "at-grade",
        "investigation_flags": [
          "coverage-gap"
        ],
        "lat": 21.30239339,
        "line": "line-6",
        "lon": 39.85668176,
        "sample_id": "segment:line-6-civil-029:0005",
        "scope_id": "line-6-civil-029",
        "scope_type": "civil_segment"
      },
      "type": "Feature"
    },
    {
      "geometry": {
        "coordinates": [
          39.84963293,
          21.30527285
        ],
        "type": "Point"
      },
      "properties": {
        "chainage_m": 46111.6,
        "civil_class": "at-grade",
        "investigation_flags": [
          "granular-density-and-groundwater-tests"
        ],
        "lat": 21.30527285,
        "line": "line-6",
        "lon": 39.84963293,
        "sample_id": "segment:line-6-civil-029:0006",
        "scope_id": "line-6-civil-029",
        "scope_type": "civil_segment"
      },
      "type": "Feature"
    },
    {
      "geometry": {
        "coordinates": [
          39.84963293,
          21.30527285
        ],
        "type": "Point"
      },
      "properties": {
        "chainage_m": 46111.6,
        "civil_class": "elevated",
        "investigation_flags": [
          "granular-density-and-groundwater-tests"
        ],
        "lat": 21.30527285,
        "line": "line-6",
        "lon": 39.84963293,
        "sample_id": "segment:line-6-civil-030:0000",
        "scope_id": "line-6-civil-030",
        "scope_type": "civil_segment"
      },
      "type": "Feature"
    },
    {
      "geometry": {
        "coordinates": [
          39.84848914,
          21.30733161
        ],
        "type": "Point"
      },
      "properties": {
        "chainage_m": 46400.6,
        "civil_class": "elevated",
        "investigation_flags": [
          "fine-soil-plasticity-and-shrink-swell-tests",
          "granular-density-and-groundwater-tests"
        ],
        "lat": 21.30733161,
        "line": "line-6",
        "lon": 39.84848914,
        "sample_id": "segment:line-6-civil-030:0001",
        "scope_id": "line-6-civil-030",
        "scope_type": "civil_segment"
      },
      "type": "Feature"
    },
    {
      "geometry": {
        "coordinates": [
          39.84790217,
          21.30959961
        ],
        "type": "Point"
      },
      "properties": {
        "chainage_m": 46689.6,
        "civil_class": "elevated",
        "investigation_flags": [
          "coverage-gap"
        ],
        "lat": 21.30959961,
        "line": "line-6",
        "lon": 39.84790217,
        "sample_id": "segment:line-6-civil-030:0002",
        "scope_id": "line-6-civil-030",
        "scope_type": "civil_segment"
      },
      "type": "Feature"
    },
    {
      "geometry": {
        "coordinates": [
          39.84790217,
          21.30959961
        ],
        "type": "Point"
      },
      "properties": {
        "chainage_m": 46689.6,
        "civil_class": "bridge",
        "investigation_flags": [
          "coverage-gap"
        ],
        "lat": 21.30959961,
        "line": "line-6",
        "lon": 39.84790217,
        "sample_id": "segment:line-6-civil-031:0000",
        "scope_id": "line-6-civil-031",
        "scope_type": "civil_segment"
      },
      "type": "Feature"
    },
    {
      "geometry": {
        "coordinates": [
          39.84771733,
          21.31005257
        ],
        "type": "Point"
      },
      "properties": {
        "chainage_m": 46747.9,
        "civil_class": "bridge",
        "investigation_flags": [
          "coverage-gap"
        ],
        "lat": 21.31005257,
        "line": "line-6",
        "lon": 39.84771733,
        "sample_id": "segment:line-6-civil-031:0001",
        "scope_id": "line-6-civil-031",
        "scope_type": "civil_segment"
      },
      "type": "Feature"
    },
    {
      "geometry": {
        "coordinates": [
          39.84752438,
          21.31050238
        ],
        "type": "Point"
      },
      "properties": {
        "chainage_m": 46806.2,
        "civil_class": "bridge",
        "investigation_flags": [
          "coverage-gap"
        ],
        "lat": 21.31050238,
        "line": "line-6",
        "lon": 39.84752438,
        "sample_id": "segment:line-6-civil-031:0002",
        "scope_id": "line-6-civil-031",
        "scope_type": "civil_segment"
      },
      "type": "Feature"
    },
    {
      "geometry": {
        "coordinates": [
          39.84752438,
          21.31050238
        ],
        "type": "Point"
      },
      "properties": {
        "chainage_m": 46806.2,
        "civil_class": "elevated",
        "investigation_flags": [
          "coverage-gap"
        ],
        "lat": 21.31050238,
        "line": "line-6",
        "lon": 39.84752438,
        "sample_id": "segment:line-6-civil-032:0000",
        "scope_id": "line-6-civil-032",
        "scope_type": "civil_segment"
      },
      "type": "Feature"
    },
    {
      "geometry": {
        "coordinates": [
          39.84520896,
          21.31863242
        ],
        "type": "Point"
      },
      "properties": {
        "chainage_m": 47807.568,
        "civil_class": "elevated",
        "investigation_flags": [
          "granular-density-and-groundwater-tests"
        ],
        "lat": 21.31863242,
        "line": "line-6",
        "lon": 39.84520896,
        "sample_id": "segment:line-6-civil-032:0001",
        "scope_id": "line-6-civil-032",
        "scope_type": "civil_segment"
      },
      "type": "Feature"
    },
    {
      "geometry": {
        "coordinates": [
          39.83999205,
          21.32488916
        ],
        "type": "Point"
      },
      "properties": {
        "chainage_m": 48808.937,
        "civil_class": "elevated",
        "investigation_flags": [
          "coverage-gap"
        ],
        "lat": 21.32488916,
        "line": "line-6",
        "lon": 39.83999205,
        "sample_id": "segment:line-6-civil-032:0002",
        "scope_id": "line-6-civil-032",
        "scope_type": "civil_segment"
      },
      "type": "Feature"
    },
    {
      "geometry": {
        "coordinates": [
          39.83323996,
          21.3293939
        ],
        "type": "Point"
      },
      "properties": {
        "chainage_m": 49810.305,
        "civil_class": "elevated",
        "investigation_flags": [
          "fine-soil-plasticity-and-shrink-swell-tests",
          "granular-density-and-groundwater-tests"
        ],
        "lat": 21.3293939,
        "line": "line-6",
        "lon": 39.83323996,
        "sample_id": "segment:line-6-civil-032:0003",
        "scope_id": "line-6-civil-032",
        "scope_type": "civil_segment"
      },
      "type": "Feature"
    },
    {
      "geometry": {
        "coordinates": [
          39.82667798,
          21.33407454
        ],
        "type": "Point"
      },
      "properties": {
        "chainage_m": 50811.673,
        "civil_class": "elevated",
        "investigation_flags": [
          "coverage-gap"
        ],
        "lat": 21.33407454,
        "line": "line-6",
        "lon": 39.82667798,
        "sample_id": "segment:line-6-civil-032:0004",
        "scope_id": "line-6-civil-032",
        "scope_type": "civil_segment"
      },
      "type": "Feature"
    },
    {
      "geometry": {
        "coordinates": [
          39.81973997,
          21.33892593
        ],
        "type": "Point"
      },
      "properties": {
        "chainage_m": 51813.041,
        "civil_class": "elevated",
        "investigation_flags": [
          "coverage-gap"
        ],
        "lat": 21.33892593,
        "line": "line-6",
        "lon": 39.81973997,
        "sample_id": "segment:line-6-civil-032:0005",
        "scope_id": "line-6-civil-032",
        "scope_type": "civil_segment"
      },
      "type": "Feature"
    },
    {
      "geometry": {
        "coordinates": [
          39.81240018,
          21.34414554
        ],
        "type": "Point"
      },
      "properties": {
        "chainage_m": 52814.41,
        "civil_class": "elevated",
        "investigation_flags": [
          "coverage-gap"
        ],
        "lat": 21.34414554,
        "line": "line-6",
        "lon": 39.81240018,
        "sample_id": "segment:line-6-civil-032:0006",
        "scope_id": "line-6-civil-032",
        "scope_type": "civil_segment"
      },
      "type": "Feature"
    },
    {
      "geometry": {
        "coordinates": [
          39.80633151,
          21.34837258
        ],
        "type": "Point"
      },
      "properties": {
        "chainage_m": 53732.0,
        "civil_class": "elevated",
        "investigation_flags": [
          "fine-soil-plasticity-and-shrink-swell-tests",
          "granular-density-and-groundwater-tests"
        ],
        "lat": 21.34837258,
        "line": "line-6",
        "lon": 39.80633151,
        "sample_id": "segment:line-6-civil-032:0007",
        "scope_id": "line-6-civil-032",
        "scope_type": "civil_segment"
      },
      "type": "Feature"
    },
    {
      "geometry": {
        "coordinates": [
          39.80583698,
          21.34882466
        ],
        "type": "Point"
      },
      "properties": {
        "chainage_m": 53815.778,
        "civil_class": "elevated",
        "investigation_flags": [
          "coverage-gap"
        ],
        "lat": 21.34882466,
        "line": "line-6",
        "lon": 39.80583698,
        "sample_id": "segment:line-6-civil-032:0008",
        "scope_id": "line-6-civil-032",
        "scope_type": "civil_segment"
      },
      "type": "Feature"
    },
    {
      "geometry": {
        "coordinates": [
          39.80102301,
          21.3552483
        ],
        "type": "Point"
      },
      "properties": {
        "chainage_m": 54817.146,
        "civil_class": "elevated",
        "investigation_flags": [
          "fine-soil-plasticity-and-shrink-swell-tests",
          "granular-density-and-groundwater-tests"
        ],
        "lat": 21.3552483,
        "line": "line-6",
        "lon": 39.80102301,
        "sample_id": "segment:line-6-civil-032:0009",
        "scope_id": "line-6-civil-032",
        "scope_type": "civil_segment"
      },
      "type": "Feature"
    },
    {
      "geometry": {
        "coordinates": [
          39.79677807,
          21.36241647
        ],
        "type": "Point"
      },
      "properties": {
        "chainage_m": 55818.514,
        "civil_class": "elevated",
        "investigation_flags": [
          "fine-soil-plasticity-and-shrink-swell-tests",
          "granular-density-and-groundwater-tests"
        ],
        "lat": 21.36241647,
        "line": "line-6",
        "lon": 39.79677807,
        "sample_id": "segment:line-6-civil-032:0010",
        "scope_id": "line-6-civil-032",
        "scope_type": "civil_segment"
      },
      "type": "Feature"
    },
    {
      "geometry": {
        "coordinates": [
          39.79256464,
          21.36949139
        ],
        "type": "Point"
      },
      "properties": {
        "chainage_m": 56819.883,
        "civil_class": "elevated",
        "investigation_flags": [
          "fine-soil-plasticity-and-shrink-swell-tests",
          "granular-density-and-groundwater-tests"
        ],
        "lat": 21.36949139,
        "line": "line-6",
        "lon": 39.79256464,
        "sample_id": "segment:line-6-civil-032:0011",
        "scope_id": "line-6-civil-032",
        "scope_type": "civil_segment"
      },
      "type": "Feature"
    },
    {
      "geometry": {
        "coordinates": [
          39.78809395,
          21.37636069
        ],
        "type": "Point"
      },
      "properties": {
        "chainage_m": 57821.251,
        "civil_class": "elevated",
        "investigation_flags": [
          "granular-density-and-groundwater-tests"
        ],
        "lat": 21.37636069,
        "line": "line-6",
        "lon": 39.78809395,
        "sample_id": "segment:line-6-civil-032:0012",
        "scope_id": "line-6-civil-032",
        "scope_type": "civil_segment"
      },
      "type": "Feature"
    },
    {
      "geometry": {
        "coordinates": [
          39.77983318,
          21.37923894
        ],
        "type": "Point"
      },
      "properties": {
        "chainage_m": 58822.619,
        "civil_class": "elevated",
        "investigation_flags": [
          "granular-density-and-groundwater-tests"
        ],
        "lat": 21.37923894,
        "line": "line-6",
        "lon": 39.77983318,
        "sample_id": "segment:line-6-civil-032:0013",
        "scope_id": "line-6-civil-032",
        "scope_type": "civil_segment"
      },
      "type": "Feature"
    },
    {
      "geometry": {
        "coordinates": [
          39.77093805,
          21.38067867
        ],
        "type": "Point"
      },
      "properties": {
        "chainage_m": 59823.988,
        "civil_class": "elevated",
        "investigation_flags": [
          "granular-density-and-groundwater-tests"
        ],
        "lat": 21.38067867,
        "line": "line-6",
        "lon": 39.77093805,
        "sample_id": "segment:line-6-civil-032:0014",
        "scope_id": "line-6-civil-032",
        "scope_type": "civil_segment"
      },
      "type": "Feature"
    },
    {
      "geometry": {
        "coordinates": [
          39.76436218,
          21.38267385
        ],
        "type": "Point"
      },
      "properties": {
        "chainage_m": 60657.8,
        "civil_class": "elevated",
        "investigation_flags": [
          "fine-soil-plasticity-and-shrink-swell-tests",
          "granular-density-and-groundwater-tests"
        ],
        "lat": 21.38267385,
        "line": "line-6",
        "lon": 39.76436218,
        "sample_id": "segment:line-6-civil-032:0015",
        "scope_id": "line-6-civil-032",
        "scope_type": "civil_segment"
      },
      "type": "Feature"
    },
    {
      "geometry": {
        "coordinates": [
          39.76436218,
          21.38267385
        ],
        "type": "Point"
      },
      "properties": {
        "chainage_m": 60657.8,
        "civil_class": "at-grade",
        "investigation_flags": [
          "fine-soil-plasticity-and-shrink-swell-tests",
          "granular-density-and-groundwater-tests"
        ],
        "lat": 21.38267385,
        "line": "line-6",
        "lon": 39.76436218,
        "sample_id": "segment:line-6-civil-033:0000",
        "scope_id": "line-6-civil-033",
        "scope_type": "civil_segment"
      },
      "type": "Feature"
    },
    {
      "geometry": {
        "coordinates": [
          39.76281857,
          21.39095473
        ],
        "type": "Point"
      },
      "properties": {
        "chainage_m": 61661.072,
        "civil_class": "at-grade",
        "investigation_flags": [
          "coverage-gap"
        ],
        "lat": 21.39095473,
        "line": "line-6",
        "lon": 39.76281857,
        "sample_id": "segment:line-6-civil-033:0001",
        "scope_id": "line-6-civil-033",
        "scope_type": "civil_segment"
      },
      "type": "Feature"
    },
    {
      "geometry": {
        "coordinates": [
          39.76185381,
          21.3945617
        ],
        "type": "Point"
      },
      "properties": {
        "chainage_m": 62138.65,
        "civil_class": "at-grade",
        "investigation_flags": [
          "granular-density-and-groundwater-tests"
        ],
        "lat": 21.3945617,
        "line": "line-6",
        "lon": 39.76185381,
        "sample_id": "segment:line-6-civil-033:0002",
        "scope_id": "line-6-civil-033",
        "scope_type": "civil_segment"
      },
      "type": "Feature"
    },
    {
      "geometry": {
        "coordinates": [
          39.76127495,
          21.39906888
        ],
        "type": "Point"
      },
      "properties": {
        "chainage_m": 62664.344,
        "civil_class": "at-grade",
        "investigation_flags": [
          "fine-soil-plasticity-and-shrink-swell-tests",
          "granular-density-and-groundwater-tests"
        ],
        "lat": 21.39906888,
        "line": "line-6",
        "lon": 39.76127495,
        "sample_id": "segment:line-6-civil-033:0003",
        "scope_id": "line-6-civil-033",
        "scope_type": "civil_segment"
      },
      "type": "Feature"
    },
    {
      "geometry": {
        "coordinates": [
          39.76455737,
          21.40515616
        ],
        "type": "Point"
      },
      "properties": {
        "chainage_m": 63619.5,
        "civil_class": "at-grade",
        "investigation_flags": [
          "coverage-gap"
        ],
        "lat": 21.40515616,
        "line": "line-6",
        "lon": 39.76455737,
        "sample_id": "segment:line-6-civil-033:0004",
        "scope_id": "line-6-civil-033",
        "scope_type": "civil_segment"
      },
      "type": "Feature"
    },
    {
      "geometry": {
        "coordinates": [
          39.76455737,
          21.40515616
        ],
        "type": "Point"
      },
      "properties": {
        "chainage_m": 63619.5,
        "civil_class": "elevated",
        "investigation_flags": [
          "coverage-gap"
        ],
        "lat": 21.40515616,
        "line": "line-6",
        "lon": 39.76455737,
        "sample_id": "segment:line-6-civil-034:0000",
        "scope_id": "line-6-civil-034",
        "scope_type": "civil_segment"
      },
      "type": "Feature"
    },
    {
      "geometry": {
        "coordinates": [
          39.7697326,
          21.41145289
        ],
        "type": "Point"
      },
      "properties": {
        "chainage_m": 64621.664,
        "civil_class": "elevated",
        "investigation_flags": [
          "granular-density-and-groundwater-tests"
        ],
        "lat": 21.41145289,
        "line": "line-6",
        "lon": 39.7697326,
        "sample_id": "segment:line-6-civil-034:0001",
        "scope_id": "line-6-civil-034",
        "scope_type": "civil_segment"
      },
      "type": "Feature"
    },
    {
      "geometry": {
        "coordinates": [
          39.76995778,
          21.41172423
        ],
        "type": "Point"
      },
      "properties": {
        "chainage_m": 64663.45,
        "civil_class": "elevated",
        "investigation_flags": [
          "granular-density-and-groundwater-tests"
        ],
        "lat": 21.41172423,
        "line": "line-6",
        "lon": 39.76995778,
        "sample_id": "segment:line-6-civil-034:0002",
        "scope_id": "line-6-civil-034",
        "scope_type": "civil_segment"
      },
      "type": "Feature"
    },
    {
      "geometry": {
        "coordinates": [
          39.77497453,
          21.41779417
        ],
        "type": "Point"
      },
      "properties": {
        "chainage_m": 65623.829,
        "civil_class": "elevated",
        "investigation_flags": [
          "granular-density-and-groundwater-tests"
        ],
        "lat": 21.41779417,
        "line": "line-6",
        "lon": 39.77497453,
        "sample_id": "segment:line-6-civil-034:0003",
        "scope_id": "line-6-civil-034",
        "scope_type": "civil_segment"
      },
      "type": "Feature"
    },
    {
      "geometry": {
        "coordinates": [
          39.77536043,
          21.4182916
        ],
        "type": "Point"
      },
      "properties": {
        "chainage_m": 65707.4,
        "civil_class": "elevated",
        "investigation_flags": [
          "fine-soil-plasticity-and-shrink-swell-tests",
          "granular-density-and-groundwater-tests"
        ],
        "lat": 21.4182916,
        "line": "line-6",
        "lon": 39.77536043,
        "sample_id": "segment:line-6-civil-034:0004",
        "scope_id": "line-6-civil-034",
        "scope_type": "civil_segment"
      },
      "type": "Feature"
    },
    {
      "geometry": {
        "coordinates": [
          39.77304501,
          21.43322879
        ],
        "type": "Point"
      },
      "properties": {
        "chainage_m": 0.0,
        "civil_class": "station",
        "investigation_flags": [
          "granular-density-and-groundwater-tests"
        ],
        "lat": 21.43322879,
        "line": "line-1",
        "lon": 39.77304501,
        "sample_id": "station:line-1-0555-0362-s000000",
        "scope_id": "line-1-0555-0362-s000000",
        "scope_type": "station"
      },
      "type": "Feature"
    },
    {
      "geometry": {
        "coordinates": [
          39.78500802,
          21.42746988
        ],
        "type": "Point"
      },
      "properties": {
        "chainage_m": 1502.7,
        "civil_class": "station",
        "investigation_flags": [
          "fine-soil-plasticity-and-shrink-swell-tests",
          "granular-density-and-groundwater-tests"
        ],
        "lat": 21.42746988,
        "line": "line-1",
        "lon": 39.78500802,
        "sample_id": "station:line-1-0587-0424-s001503",
        "scope_id": "line-1-0587-0424-s001503",
        "scope_type": "station"
      },
      "type": "Feature"
    },
    {
      "geometry": {
        "coordinates": [
          39.79658512,
          21.42207089
        ],
        "type": "Point"
      },
      "properties": {
        "chainage_m": 3023.9,
        "civil_class": "station",
        "investigation_flags": [
          "fine-soil-plasticity-and-shrink-swell-tests",
          "granular-density-and-groundwater-tests"
        ],
        "lat": 21.42207089,
        "line": "line-1",
        "lon": 39.79658512,
        "sample_id": "station:line-1-0617-0484-s003024",
        "scope_id": "line-1-0617-0484-s003024",
        "scope_type": "station"
      },
      "type": "Feature"
    },
    {
      "geometry": {
        "coordinates": [
          39.81973933,
          21.41109296
        ],
        "type": "Point"
      },
      "properties": {
        "chainage_m": 6011.3,
        "civil_class": "station",
        "investigation_flags": [
          "granular-density-and-groundwater-tests"
        ],
        "lat": 21.41109296,
        "line": "line-1",
        "lon": 39.81973933,
        "sample_id": "station:line-1-0678-0604-s006011",
        "scope_id": "line-1-0678-0604-s006011",
        "scope_type": "station"
      },
      "type": "Feature"
    },
    {
      "geometry": {
        "coordinates": [
          39.83459661,
          21.40407428
        ],
        "type": "Point"
      },
      "properties": {
        "chainage_m": 7895.4,
        "civil_class": "station",
        "investigation_flags": [
          "fine-soil-plasticity-and-shrink-swell-tests",
          "granular-density-and-groundwater-tests"
        ],
        "lat": 21.40407428,
        "line": "line-1",
        "lon": 39.83459661,
        "sample_id": "station:line-1-0717-0681-s007895",
        "scope_id": "line-1-0717-0681-s007895",
        "scope_type": "station"
      },
      "type": "Feature"
    },
    {
      "geometry": {
        "coordinates": [
          39.85311998,
          21.39525593
        ],
        "type": "Point"
      },
      "properties": {
        "chainage_m": 10329.2,
        "civil_class": "station",
        "investigation_flags": [
          "granular-density-and-groundwater-tests"
        ],
        "lat": 21.39525593,
        "line": "line-1",
        "lon": 39.85311998,
        "sample_id": "station:line-1-0766-0777-s010329",
        "scope_id": "line-1-0766-0777-s010329",
        "scope_type": "station"
      },
      "type": "Feature"
    },
    {
      "geometry": {
        "coordinates": [
          39.86681956,
          21.38895712
        ],
        "type": "Point"
      },
      "properties": {
        "chainage_m": 12039.1,
        "civil_class": "station",
        "investigation_flags": [
          "granular-density-and-groundwater-tests"
        ],
        "lat": 21.38895712,
        "line": "line-1",
        "lon": 39.86681956,
        "sample_id": "station:line-1-0801-0848-s012039",
        "scope_id": "line-1-0801-0848-s012039",
        "scope_type": "station"
      },
      "type": "Feature"
    },
    {
      "geometry": {
        "coordinates": [
          39.89016672,
          21.37779922
        ],
        "type": "Point"
      },
      "properties": {
        "chainage_m": 15066.5,
        "civil_class": "station",
        "investigation_flags": [
          "fine-soil-plasticity-and-shrink-swell-tests",
          "granular-density-and-groundwater-tests"
        ],
        "lat": 21.37779922,
        "line": "line-1",
        "lon": 39.89016672,
        "sample_id": "station:line-1-0863-0969-s015066",
        "scope_id": "line-1-0863-0969-s015066",
        "scope_type": "station"
      },
      "type": "Feature"
    },
    {
      "geometry": {
        "coordinates": [
          39.91293502,
          21.36700125
        ],
        "type": "Point"
      },
      "properties": {
        "chainage_m": 17982.1,
        "civil_class": "station",
        "investigation_flags": [
          "fine-soil-plasticity-and-shrink-swell-tests",
          "granular-density-and-groundwater-tests"
        ],
        "lat": 21.36700125,
        "line": "line-1",
        "lon": 39.91293502,
        "sample_id": "station:line-1-0923-1087-s017982",
        "scope_id": "line-1-0923-1087-s017982",
        "scope_type": "station"
      },
      "type": "Feature"
    },
    {
      "geometry": {
        "coordinates": [
          39.93531743,
          21.35638324
        ],
        "type": "Point"
      },
      "properties": {
        "chainage_m": 20896.3,
        "civil_class": "station",
        "investigation_flags": [
          "fine-soil-plasticity-and-shrink-swell-tests",
          "granular-density-and-groundwater-tests"
        ],
        "lat": 21.35638324,
        "line": "line-1",
        "lon": 39.93531743,
        "sample_id": "station:line-1-0982-1203-s020896",
        "scope_id": "line-1-0982-1203-s020896",
        "scope_type": "station"
      },
      "type": "Feature"
    },
    {
      "geometry": {
        "coordinates": [
          39.98336241,
          21.34972449
        ],
        "type": "Point"
      },
      "properties": {
        "chainage_m": 27831.8,
        "civil_class": "station",
        "investigation_flags": [
          "granular-density-and-groundwater-tests"
        ],
        "lat": 21.34972449,
        "line": "line-1",
        "lon": 39.98336241,
        "sample_id": "station:line-1-1019-1452-s027832",
        "scope_id": "line-1-1019-1452-s027832",
        "scope_type": "station"
      },
      "type": "Feature"
    },
    {
      "geometry": {
        "coordinates": [
          39.76474808,
          21.40533404
        ],
        "type": "Point"
      },
      "properties": {
        "chainage_m": 23404.0,
        "civil_class": "station",
        "investigation_flags": [
          "coverage-gap"
        ],
        "lat": 21.40533404,
        "line": "line-2",
        "lon": 39.76474808,
        "sample_id": "station:line-2-0710-0319-s023404",
        "scope_id": "line-2-0710-0319-s023404",
        "scope_type": "station"
      },
      "type": "Feature"
    },
    {
      "geometry": {
        "coordinates": [
          39.78558687,
          21.39633573
        ],
        "type": "Point"
      },
      "properties": {
        "chainage_m": 20771.2,
        "civil_class": "station",
        "investigation_flags": [
          "fine-soil-plasticity-and-shrink-swell-tests",
          "granular-density-and-groundwater-tests"
        ],
        "lat": 21.39633573,
        "line": "line-2",
        "lon": 39.78558687,
        "sample_id": "station:line-2-0760-0427-s020771",
        "scope_id": "line-2-0760-0427-s020771",
        "scope_type": "station"
      },
      "type": "Feature"
    },
    {
      "geometry": {
        "coordinates": [
          39.80661861,
          21.38715746
        ],
        "type": "Point"
      },
      "properties": {
        "chainage_m": 18112.6,
        "civil_class": "station",
        "investigation_flags": [
          "fine-soil-plasticity-and-shrink-swell-tests",
          "granular-density-and-groundwater-tests"
        ],
        "lat": 21.38715746,
        "line": "line-2",
        "lon": 39.80661861,
        "sample_id": "station:line-2-0811-0536-s018113",
        "scope_id": "line-2-0811-0536-s018113",
        "scope_type": "station"
      },
      "type": "Feature"
    },
    {
      "geometry": {
        "coordinates": [
          39.82263361,
          21.38013878
        ],
        "type": "Point"
      },
      "properties": {
        "chainage_m": 16056.8,
        "civil_class": "station",
        "investigation_flags": [
          "granular-density-and-groundwater-tests"
        ],
        "lat": 21.38013878,
        "line": "line-2",
        "lon": 39.82263361,
        "sample_id": "station:line-2-0850-0619-s016057",
        "scope_id": "line-2-0850-0619-s016057",
        "scope_type": "station"
      },
      "type": "Feature"
    },
    {
      "geometry": {
        "coordinates": [
          39.84347239,
          21.37114047
        ],
        "type": "Point"
      },
      "properties": {
        "chainage_m": 13426.4,
        "civil_class": "station",
        "investigation_flags": [
          "granular-density-and-groundwater-tests"
        ],
        "lat": 21.37114047,
        "line": "line-2",
        "lon": 39.84347239,
        "sample_id": "station:line-2-0900-0727-s013426",
        "scope_id": "line-2-0900-0727-s013426",
        "scope_type": "station"
      },
      "type": "Feature"
    },
    {
      "geometry": {
        "coordinates": [
          39.87009974,
          21.35962263
        ],
        "type": "Point"
      },
      "properties": {
        "chainage_m": 10040.0,
        "civil_class": "station",
        "investigation_flags": [
          "fine-soil-plasticity-and-shrink-swell-tests",
          "granular-density-and-groundwater-tests"
        ],
        "lat": 21.35962263,
        "line": "line-2",
        "lon": 39.87009974,
        "sample_id": "station:line-2-0964-0865-s010040",
        "scope_id": "line-2-0964-0865-s010040",
        "scope_type": "station"
      },
      "type": "Feature"
    },
    {
      "geometry": {
        "coordinates": [
          39.8938328,
          21.34936456
        ],
        "type": "Point"
      },
      "properties": {
        "chainage_m": 7025.8,
        "civil_class": "station",
        "investigation_flags": [
          "fine-soil-plasticity-and-shrink-swell-tests",
          "granular-density-and-groundwater-tests"
        ],
        "lat": 21.34936456,
        "line": "line-2",
        "lon": 39.8938328,
        "sample_id": "station:line-2-1021-0988-s007026",
        "scope_id": "line-2-1021-0988-s007026",
        "scope_type": "station"
      },
      "type": "Feature"
    },
    {
      "geometry": {
        "coordinates": [
          39.93377381,
          21.33190784
        ],
        "type": "Point"
      },
      "properties": {
        "chainage_m": 1965.1,
        "civil_class": "station",
        "investigation_flags": [
          "coverage-gap"
        ],
        "lat": 21.33190784,
        "line": "line-2",
        "lon": 39.93377381,
        "sample_id": "station:line-2-1118-1195-s001965",
        "scope_id": "line-2-1118-1195-s001965",
        "scope_type": "station"
      },
      "type": "Feature"
    },
    {
      "geometry": {
        "coordinates": [
          39.94920995,
          21.32524909
        ],
        "type": "Point"
      },
      "properties": {
        "chainage_m": 0.0,
        "civil_class": "station",
        "investigation_flags": [
          "granular-density-and-groundwater-tests"
        ],
        "lat": 21.32524909,
        "line": "line-2",
        "lon": 39.94920995,
        "sample_id": "station:line-2-1155-1275-s000000",
        "scope_id": "line-2-1155-1275-s000000",
        "scope_type": "station"
      },
      "type": "Feature"
    },
    {
      "geometry": {
        "coordinates": [
          40.00227168,
          21.5044954
        ],
        "type": "Point"
      },
      "properties": {
        "chainage_m": 0.0,
        "civil_class": "station",
        "investigation_flags": [
          "coverage-gap"
        ],
        "lat": 21.5044954,
        "line": "line-3",
        "lon": 40.00227168,
        "sample_id": "station:line-3-0159-1550-s000000",
        "scope_id": "line-3-0159-1550-s000000",
        "scope_type": "station"
      },
      "type": "Feature"
    },
    {
      "geometry": {
        "coordinates": [
          39.97680205,
          21.48937824
        ],
        "type": "Point"
      },
      "properties": {
        "chainage_m": 3499.9,
        "civil_class": "station",
        "investigation_flags": [
          "granular-density-and-groundwater-tests"
        ],
        "lat": 21.48937824,
        "line": "line-3",
        "lon": 39.97680205,
        "sample_id": "station:line-3-0243-1418-s003500",
        "scope_id": "line-3-0243-1418-s003500",
        "scope_type": "station"
      },
      "type": "Feature"
    },
    {
      "geometry": {
        "coordinates": [
          39.95191128,
          21.48091983
        ],
        "type": "Point"
      },
      "properties": {
        "chainage_m": 7016.7,
        "civil_class": "station",
        "investigation_flags": [
          "fine-soil-plasticity-and-shrink-swell-tests",
          "granular-density-and-groundwater-tests"
        ],
        "lat": 21.48091983,
        "line": "line-3",
        "lon": 39.95191128,
        "sample_id": "station:line-3-0290-1289-s007017",
        "scope_id": "line-3-0290-1289-s007017",
        "scope_type": "station"
      },
      "type": "Feature"
    },
    {
      "geometry": {
        "coordinates": [
          39.91698701,
          21.45428484
        ],
        "type": "Point"
      },
      "properties": {
        "chainage_m": 12729.4,
        "civil_class": "station",
        "investigation_flags": [
          "granular-density-and-groundwater-tests"
        ],
        "lat": 21.45428484,
        "line": "line-3",
        "lon": 39.91698701,
        "sample_id": "station:line-3-0438-1108-s012729",
        "scope_id": "line-3-0438-1108-s012729",
        "scope_type": "station"
      },
      "type": "Feature"
    },
    {
      "geometry": {
        "coordinates": [
          39.90753237,
          21.44870588
        ],
        "type": "Point"
      },
      "properties": {
        "chainage_m": 14024.8,
        "civil_class": "station",
        "investigation_flags": [
          "granular-density-and-groundwater-tests"
        ],
        "lat": 21.44870588,
        "line": "line-3",
        "lon": 39.90753237,
        "sample_id": "station:line-3-0469-1059-s014025",
        "scope_id": "line-3-0469-1059-s014025",
        "scope_type": "station"
      },
      "type": "Feature"
    },
    {
      "geometry": {
        "coordinates": [
          39.88090503,
          21.43250893
        ],
        "type": "Point"
      },
      "properties": {
        "chainage_m": 17682.7,
        "civil_class": "station",
        "investigation_flags": [
          "granular-density-and-groundwater-tests"
        ],
        "lat": 21.43250893,
        "line": "line-3",
        "lon": 39.88090503,
        "sample_id": "station:line-3-0559-0921-s017683",
        "scope_id": "line-3-0559-0921-s017683",
        "scope_type": "station"
      },
      "type": "Feature"
    },
    {
      "geometry": {
        "coordinates": [
          39.86411823,
          21.42225086
        ],
        "type": "Point"
      },
      "properties": {
        "chainage_m": 20012.0,
        "civil_class": "station",
        "investigation_flags": [
          "granular-density-and-groundwater-tests"
        ],
        "lat": 21.42225086,
        "line": "line-3",
        "lon": 39.86411823,
        "sample_id": "station:line-3-0616-0834-s020012",
        "scope_id": "line-3-0616-0834-s020012",
        "scope_type": "station"
      },
      "type": "Feature"
    },
    {
      "geometry": {
        "coordinates": [
          39.85331293,
          21.41559211
        ],
        "type": "Point"
      },
      "properties": {
        "chainage_m": 21508.9,
        "civil_class": "station",
        "investigation_flags": [
          "granular-density-and-groundwater-tests"
        ],
        "lat": 21.41559211,
        "line": "line-3",
        "lon": 39.85331293,
        "sample_id": "station:line-3-0653-0778-s021509",
        "scope_id": "line-3-0653-0778-s021509",
        "scope_type": "station"
      },
      "type": "Feature"
    },
    {
      "geometry": {
        "coordinates": [
          39.83459661,
          21.40407428
        ],
        "type": "Point"
      },
      "properties": {
        "chainage_m": 24102.1,
        "civil_class": "station",
        "investigation_flags": [
          "fine-soil-plasticity-and-shrink-swell-tests",
          "granular-density-and-groundwater-tests"
        ],
        "lat": 21.40407428,
        "line": "line-3",
        "lon": 39.83459661,
        "sample_id": "station:line-3-0717-0681-s024102",
        "scope_id": "line-3-0717-0681-s024102",
        "scope_type": "station"
      },
      "type": "Feature"
    },
    {
      "geometry": {
        "coordinates": [
          39.82051114,
          21.39561587
        ],
        "type": "Point"
      },
      "properties": {
        "chainage_m": 26039.3,
        "civil_class": "station",
        "investigation_flags": [
          "granular-density-and-groundwater-tests"
        ],
        "lat": 21.39561587,
        "line": "line-3",
        "lon": 39.82051114,
        "sample_id": "station:line-3-0764-0608-s026039",
        "scope_id": "line-3-0764-0608-s026039",
        "scope_type": "station"
      },
      "type": "Feature"
    },
    {
      "geometry": {
        "coordinates": [
          39.80661861,
          21.38715746
        ],
        "type": "Point"
      },
      "properties": {
        "chainage_m": 27968.2,
        "civil_class": "station",
        "investigation_flags": [
          "fine-soil-plasticity-and-shrink-swell-tests",
          "granular-density-and-groundwater-tests"
        ],
        "lat": 21.38715746,
        "line": "line-3",
        "lon": 39.80661861,
        "sample_id": "station:line-3-0811-0536-s027968",
        "scope_id": "line-3-0811-0536-s027968",
        "scope_type": "station"
      },
      "type": "Feature"
    },
    {
      "geometry": {
        "coordinates": [
          39.78848115,
          21.37599955
        ],
        "type": "Point"
      },
      "properties": {
        "chainage_m": 30490.7,
        "civil_class": "station",
        "investigation_flags": [
          "fine-soil-plasticity-and-shrink-swell-tests",
          "granular-density-and-groundwater-tests"
        ],
        "lat": 21.37599955,
        "line": "line-3",
        "lon": 39.78848115,
        "sample_id": "station:line-3-0873-0442-s030491",
        "scope_id": "line-3-0873-0442-s030491",
        "scope_type": "station"
      },
      "type": "Feature"
    },
    {
      "geometry": {
        "coordinates": [
          39.77304501,
          21.36682128
        ],
        "type": "Point"
      },
      "properties": {
        "chainage_m": 32601.1,
        "civil_class": "station",
        "investigation_flags": [
          "fine-soil-plasticity-and-shrink-swell-tests",
          "granular-density-and-groundwater-tests"
        ],
        "lat": 21.36682128,
        "line": "line-3",
        "lon": 39.77304501,
        "sample_id": "station:line-3-0924-0362-s032601",
        "scope_id": "line-3-0924-0362-s032601",
        "scope_type": "station"
      },
      "type": "Feature"
    },
    {
      "geometry": {
        "coordinates": [
          39.88051913,
          21.50143597
        ],
        "type": "Point"
      },
      "properties": {
        "chainage_m": 0.0,
        "civil_class": "station",
        "investigation_flags": [
          "granular-density-and-groundwater-tests"
        ],
        "lat": 21.50143597,
        "line": "line-4",
        "lon": 39.88051913,
        "sample_id": "station:line-4-0176-0919-s000000",
        "scope_id": "line-4-0176-0919-s000000",
        "scope_type": "station"
      },
      "type": "Feature"
    },
    {
      "geometry": {
        "coordinates": [
          39.87916847,
          21.45950385
        ],
        "type": "Point"
      },
      "properties": {
        "chainage_m": 5946.4,
        "civil_class": "station",
        "investigation_flags": [
          "fine-soil-plasticity-and-shrink-swell-tests",
          "granular-density-and-groundwater-tests"
        ],
        "lat": 21.45950385,
        "line": "line-4",
        "lon": 39.87916847,
        "sample_id": "station:line-4-0409-0912-s005946",
        "scope_id": "line-4-0409-0912-s005946",
        "scope_type": "station"
      },
      "type": "Feature"
    },
    {
      "geometry": {
        "coordinates": [
          39.87125745,
          21.43970758
        ],
        "type": "Point"
      },
      "properties": {
        "chainage_m": 8515.4,
        "civil_class": "station",
        "investigation_flags": [
          "coverage-gap"
        ],
        "lat": 21.43970758,
        "line": "line-4",
        "lon": 39.87125745,
        "sample_id": "station:line-4-0519-0871-s008515",
        "scope_id": "line-4-0519-0871-s008515",
        "scope_type": "station"
      },
      "type": "Feature"
    },
    {
      "geometry": {
        "coordinates": [
          39.86411823,
          21.42225086
        ],
        "type": "Point"
      },
      "properties": {
        "chainage_m": 10814.6,
        "civil_class": "station",
        "investigation_flags": [
          "granular-density-and-groundwater-tests"
        ],
        "lat": 21.42225086,
        "line": "line-4",
        "lon": 39.86411823,
        "sample_id": "station:line-4-0616-0834-s010815",
        "scope_id": "line-4-0616-0834-s010815",
        "scope_type": "station"
      },
      "type": "Feature"
    },
    {
      "geometry": {
        "coordinates": [
          39.85755787,
          21.4060539
        ],
        "type": "Point"
      },
      "properties": {
        "chainage_m": 12908.0,
        "civil_class": "station",
        "investigation_flags": [
          "coverage-gap"
        ],
        "lat": 21.4060539,
        "line": "line-4",
        "lon": 39.85755787,
        "sample_id": "station:line-4-0706-0800-s012908",
        "scope_id": "line-4-0706-0800-s012908",
        "scope_type": "station"
      },
      "type": "Feature"
    },
    {
      "geometry": {
        "coordinates": [
          39.85311998,
          21.39525593
        ],
        "type": "Point"
      },
      "properties": {
        "chainage_m": 14322.0,
        "civil_class": "station",
        "investigation_flags": [
          "granular-density-and-groundwater-tests"
        ],
        "lat": 21.39525593,
        "line": "line-4",
        "lon": 39.85311998,
        "sample_id": "station:line-4-0766-0777-s014322",
        "scope_id": "line-4-0766-0777-s014322",
        "scope_type": "station"
      },
      "type": "Feature"
    },
    {
      "geometry": {
        "coordinates": [
          39.84810324,
          21.38301823
        ],
        "type": "Point"
      },
      "properties": {
        "chainage_m": 15920.8,
        "civil_class": "station",
        "investigation_flags": [
          "granular-density-and-groundwater-tests"
        ],
        "lat": 21.38301823,
        "line": "line-4",
        "lon": 39.84810324,
        "sample_id": "station:line-4-0834-0751-s015921",
        "scope_id": "line-4-0834-0751-s015921",
        "scope_type": "station"
      },
      "type": "Feature"
    },
    {
      "geometry": {
        "coordinates": [
          39.84347239,
          21.37114047
        ],
        "type": "Point"
      },
      "properties": {
        "chainage_m": 17457.2,
        "civil_class": "station",
        "investigation_flags": [
          "granular-density-and-groundwater-tests"
        ],
        "lat": 21.37114047,
        "line": "line-4",
        "lon": 39.84347239,
        "sample_id": "station:line-4-0900-0727-s017457",
        "scope_id": "line-4-0900-0727-s017457",
        "scope_type": "station"
      },
      "type": "Feature"
    },
    {
      "geometry": {
        "coordinates": [
          39.8386486,
          21.3598026
        ],
        "type": "Point"
      },
      "properties": {
        "chainage_m": 18941.8,
        "civil_class": "station",
        "investigation_flags": [
          "fine-soil-plasticity-and-shrink-swell-tests",
          "granular-density-and-groundwater-tests"
        ],
        "lat": 21.3598026,
        "line": "line-4",
        "lon": 39.8386486,
        "sample_id": "station:line-4-0963-0702-s018942",
        "scope_id": "line-4-0963-0702-s018942",
        "scope_type": "station"
      },
      "type": "Feature"
    },
    {
      "geometry": {
        "coordinates": [
          39.8278433,
          21.33316761
        ],
        "type": "Point"
      },
      "properties": {
        "chainage_m": 22412.6,
        "civil_class": "station",
        "investigation_flags": [
          "coverage-gap"
        ],
        "lat": 21.33316761,
        "line": "line-4",
        "lon": 39.8278433,
        "sample_id": "station:line-4-1111-0646-s022413",
        "scope_id": "line-4-1111-0646-s022413",
        "scope_type": "station"
      },
      "type": "Feature"
    },
    {
      "geometry": {
        "coordinates": [
          39.81684505,
          21.30599271
        ],
        "type": "Point"
      },
      "properties": {
        "chainage_m": 25951.7,
        "civil_class": "station",
        "investigation_flags": [
          "granular-density-and-groundwater-tests"
        ],
        "lat": 21.30599271,
        "line": "line-4",
        "lon": 39.81684505,
        "sample_id": "station:line-4-1262-0589-s025952",
        "scope_id": "line-4-1262-0589-s025952",
        "scope_type": "station"
      },
      "type": "Feature"
    },
    {
      "geometry": {
        "coordinates": [
          39.81491554,
          21.28223718
        ],
        "type": "Point"
      },
      "properties": {
        "chainage_m": 30194.2,
        "civil_class": "station",
        "investigation_flags": [
          "granular-density-and-groundwater-tests"
        ],
        "lat": 21.28223718,
        "line": "line-4",
        "lon": 39.81491554,
        "sample_id": "station:line-4-1394-0579-s030194",
        "scope_id": "line-4-1394-0579-s030194",
        "scope_type": "station"
      },
      "type": "Feature"
    },
    {
      "geometry": {
        "coordinates": [
          39.7938838,
          21.49513716
        ],
        "type": "Point"
      },
      "properties": {
        "chainage_m": 23296.6,
        "civil_class": "station",
        "investigation_flags": [
          "granular-density-and-groundwater-tests"
        ],
        "lat": 21.49513716,
        "line": "line-5",
        "lon": 39.7938838,
        "sample_id": "station:line-5-0211-0470-s023297",
        "scope_id": "line-5-0211-0470-s023297",
        "scope_type": "station"
      },
      "type": "Feature"
    },
    {
      "geometry": {
        "coordinates": [
          39.82031819,
          21.47930013
        ],
        "type": "Point"
      },
      "properties": {
        "chainage_m": 18786.8,
        "civil_class": "station",
        "investigation_flags": [
          "granular-density-and-groundwater-tests"
        ],
        "lat": 21.47930013,
        "line": "line-5",
        "lon": 39.82031819,
        "sample_id": "station:line-5-0299-0607-s018787",
        "scope_id": "line-5-0299-0607-s018787",
        "scope_type": "station"
      },
      "type": "Feature"
    },
    {
      "geometry": {
        "coordinates": [
          39.83440366,
          21.46760233
        ],
        "type": "Point"
      },
      "properties": {
        "chainage_m": 16549.2,
        "civil_class": "station",
        "investigation_flags": [
          "coverage-gap"
        ],
        "lat": 21.46760233,
        "line": "line-5",
        "lon": 39.83440366,
        "sample_id": "station:line-5-0364-0680-s016549",
        "scope_id": "line-5-0364-0680-s016549",
        "scope_type": "station"
      },
      "type": "Feature"
    },
    {
      "geometry": {
        "coordinates": [
          39.8494539,
          21.45626446
        ],
        "type": "Point"
      },
      "properties": {
        "chainage_m": 14291.6,
        "civil_class": "station",
        "investigation_flags": [
          "granular-density-and-groundwater-tests"
        ],
        "lat": 21.45626446,
        "line": "line-5",
        "lon": 39.8494539,
        "sample_id": "station:line-5-0427-0758-s014292",
        "scope_id": "line-5-0427-0758-s014292",
        "scope_type": "station"
      },
      "type": "Feature"
    },
    {
      "geometry": {
        "coordinates": [
          39.87125745,
          21.43970758
        ],
        "type": "Point"
      },
      "properties": {
        "chainage_m": 11049.2,
        "civil_class": "station",
        "investigation_flags": [
          "coverage-gap"
        ],
        "lat": 21.43970758,
        "line": "line-5",
        "lon": 39.87125745,
        "sample_id": "station:line-5-0519-0871-s011049",
        "scope_id": "line-5-0519-0871-s011049",
        "scope_type": "station"
      },
      "type": "Feature"
    },
    {
      "geometry": {
        "coordinates": [
          39.88090503,
          21.43250893
        ],
        "type": "Point"
      },
      "properties": {
        "chainage_m": 9610.0,
        "civil_class": "station",
        "investigation_flags": [
          "granular-density-and-groundwater-tests"
        ],
        "lat": 21.43250893,
        "line": "line-5",
        "lon": 39.88090503,
        "sample_id": "station:line-5-0559-0921-s009610",
        "scope_id": "line-5-0559-0921-s009610",
        "scope_type": "station"
      },
      "type": "Feature"
    },
    {
      "geometry": {
        "coordinates": [
          39.88958786,
          21.42567022
        ],
        "type": "Point"
      },
      "properties": {
        "chainage_m": 8289.7,
        "civil_class": "station",
        "investigation_flags": [
          "granular-density-and-groundwater-tests"
        ],
        "lat": 21.42567022,
        "line": "line-5",
        "lon": 39.88958786,
        "sample_id": "station:line-5-0597-0966-s008290",
        "scope_id": "line-5-0597-0966-s008290",
        "scope_type": "station"
      },
      "type": "Feature"
    },
    {
      "geometry": {
        "coordinates": [
          39.9098478,
          21.41037309
        ],
        "type": "Point"
      },
      "properties": {
        "chainage_m": 5274.7,
        "civil_class": "station",
        "investigation_flags": [
          "granular-density-and-groundwater-tests"
        ],
        "lat": 21.41037309,
        "line": "line-5",
        "lon": 39.9098478,
        "sample_id": "station:line-5-0682-1071-s005275",
        "scope_id": "line-5-0682-1071-s005275",
        "scope_type": "station"
      },
      "type": "Feature"
    },
    {
      "geometry": {
        "coordinates": [
          39.93724694,
          21.38967698
        ],
        "type": "Point"
      },
      "properties": {
        "chainage_m": 1177.4,
        "civil_class": "station",
        "investigation_flags": [
          "coverage-gap"
        ],
        "lat": 21.38967698,
        "line": "line-5",
        "lon": 39.93724694,
        "sample_id": "station:line-5-0797-1213-s001177",
        "scope_id": "line-5-0797-1213-s001177",
        "scope_type": "station"
      },
      "type": "Feature"
    },
    {
      "geometry": {
        "coordinates": [
          39.93705399,
          21.38625763
        ],
        "type": "Point"
      },
      "properties": {
        "chainage_m": 0.0,
        "civil_class": "station",
        "investigation_flags": [
          "coverage-gap"
        ],
        "lat": 21.38625763,
        "line": "line-5",
        "lon": 39.93705399,
        "sample_id": "station:line-5-0816-1212-s000000",
        "scope_id": "line-5-0816-1212-s000000",
        "scope_type": "station"
      },
      "type": "Feature"
    },
    {
      "geometry": {
        "coordinates": [
          39.87916847,
          21.45950385
        ],
        "type": "Point"
      },
      "properties": {
        "chainage_m": 14211.1,
        "civil_class": "station",
        "investigation_flags": [
          "fine-soil-plasticity-and-shrink-swell-tests",
          "granular-density-and-groundwater-tests"
        ],
        "lat": 21.45950385,
        "line": "line-6",
        "lon": 39.87916847,
        "sample_id": "station:line-6-0409-0912-s014211",
        "scope_id": "line-6-0409-0912-s014211",
        "scope_type": "station"
      },
      "type": "Feature"
    },
    {
      "geometry": {
        "coordinates": [
          39.89576232,
          21.45716429
        ],
        "type": "Point"
      },
      "properties": {
        "chainage_m": 16038.8,
        "civil_class": "station",
        "investigation_flags": [
          "granular-density-and-groundwater-tests"
        ],
        "lat": 21.45716429,
        "line": "line-6",
        "lon": 39.89576232,
        "sample_id": "station:line-6-0422-0998-s016039",
        "scope_id": "line-6-0422-0998-s016039",
        "scope_type": "station"
      },
      "type": "Feature"
    },
    {
      "geometry": {
        "coordinates": [
          39.8494539,
          21.45626446
        ],
        "type": "Point"
      },
      "properties": {
        "chainage_m": 10668.0,
        "civil_class": "station",
        "investigation_flags": [
          "granular-density-and-groundwater-tests"
        ],
        "lat": 21.45626446,
        "line": "line-6",
        "lon": 39.8494539,
        "sample_id": "station:line-6-0427-0758-s010668",
        "scope_id": "line-6-0427-0758-s010668",
        "scope_type": "station"
      },
      "type": "Feature"
    },
    {
      "geometry": {
        "coordinates": [
          39.91698701,
          21.45428484
        ],
        "type": "Point"
      },
      "properties": {
        "chainage_m": 18371.3,
        "civil_class": "station",
        "investigation_flags": [
          "granular-density-and-groundwater-tests"
        ],
        "lat": 21.45428484,
        "line": "line-6",
        "lon": 39.91698701,
        "sample_id": "station:line-6-0438-1108-s018371",
        "scope_id": "line-6-0438-1108-s018371",
        "scope_type": "station"
      },
      "type": "Feature"
    },
    {
      "geometry": {
        "coordinates": [
          39.81452963,
          21.44798602
        ],
        "type": "Point"
      },
      "properties": {
        "chainage_m": 6027.2,
        "civil_class": "station",
        "investigation_flags": [
          "fine-soil-plasticity-and-shrink-swell-tests",
          "granular-density-and-groundwater-tests"
        ],
        "lat": 21.44798602,
        "line": "line-6",
        "lon": 39.81452963,
        "sample_id": "station:line-6-0473-0577-s006027",
        "scope_id": "line-6-0473-0577-s006027",
        "scope_type": "station"
      },
      "type": "Feature"
    },
    {
      "geometry": {
        "coordinates": [
          39.83845565,
          21.44798602
        ],
        "type": "Point"
      },
      "properties": {
        "chainage_m": 9029.7,
        "civil_class": "station",
        "investigation_flags": [
          "granular-density-and-groundwater-tests"
        ],
        "lat": 21.44798602,
        "line": "line-6",
        "lon": 39.83845565,
        "sample_id": "station:line-6-0473-0701-s009030",
        "scope_id": "line-6-0473-0701-s009030",
        "scope_type": "station"
      },
      "type": "Feature"
    },
    {
      "geometry": {
        "coordinates": [
          39.79349789,
          21.43574832
        ],
        "type": "Point"
      },
      "properties": {
        "chainage_m": 3023.3,
        "civil_class": "station",
        "investigation_flags": [
          "fine-soil-plasticity-and-shrink-swell-tests",
          "granular-density-and-groundwater-tests"
        ],
        "lat": 21.43574832,
        "line": "line-6",
        "lon": 39.79349789,
        "sample_id": "station:line-6-0541-0468-s003023",
        "scope_id": "line-6-0541-0468-s003023",
        "scope_type": "station"
      },
      "type": "Feature"
    },
    {
      "geometry": {
        "coordinates": [
          39.93956236,
          21.43034934
        ],
        "type": "Point"
      },
      "properties": {
        "chainage_m": 23039.3,
        "civil_class": "station",
        "investigation_flags": [
          "granular-density-and-groundwater-tests"
        ],
        "lat": 21.43034934,
        "line": "line-6",
        "lon": 39.93956236,
        "sample_id": "station:line-6-0571-1225-s023039",
        "scope_id": "line-6-0571-1225-s023039",
        "scope_type": "station"
      },
      "type": "Feature"
    },
    {
      "geometry": {
        "coordinates": [
          39.78500802,
          21.42746988
        ],
        "type": "Point"
      },
      "properties": {
        "chainage_m": 1615.8,
        "civil_class": "station",
        "investigation_flags": [
          "fine-soil-plasticity-and-shrink-swell-tests",
          "granular-density-and-groundwater-tests"
        ],
        "lat": 21.42746988,
        "line": "line-6",
        "lon": 39.78500802,
        "sample_id": "station:line-6-0587-0424-s001616",
        "scope_id": "line-6-0587-0424-s001616",
        "scope_type": "station"
      },
      "type": "Feature"
    },
    {
      "geometry": {
        "coordinates": [
          39.77536043,
          21.4182916
        ],
        "type": "Point"
      },
      "properties": {
        "chainage_m": 0.0,
        "civil_class": "station",
        "investigation_flags": [
          "fine-soil-plasticity-and-shrink-swell-tests",
          "granular-density-and-groundwater-tests"
        ],
        "lat": 21.4182916,
        "line": "line-6",
        "lon": 39.77536043,
        "sample_id": "station:line-6-0638-0374-s000000",
        "scope_id": "line-6-0638-0374-s000000",
        "scope_type": "station"
      },
      "type": "Feature"
    },
    {
      "geometry": {
        "coordinates": [
          39.76474808,
          21.40533404
        ],
        "type": "Point"
      },
      "properties": {
        "chainage_m": 63647.8,
        "civil_class": "station",
        "investigation_flags": [
          "coverage-gap"
        ],
        "lat": 21.40533404,
        "line": "line-6",
        "lon": 39.76474808,
        "sample_id": "station:line-6-0710-0319-s063648",
        "scope_id": "line-6-0710-0319-s063648",
        "scope_type": "station"
      },
      "type": "Feature"
    },
    {
      "geometry": {
        "coordinates": [
          39.93724694,
          21.38967698
        ],
        "type": "Point"
      },
      "properties": {
        "chainage_m": 27658.7,
        "civil_class": "station",
        "investigation_flags": [
          "coverage-gap"
        ],
        "lat": 21.38967698,
        "line": "line-6",
        "lon": 39.93724694,
        "sample_id": "station:line-6-0797-1213-s027659",
        "scope_id": "line-6-0797-1213-s027659",
        "scope_type": "station"
      },
      "type": "Feature"
    },
    {
      "geometry": {
        "coordinates": [
          39.76359037,
          21.38679752
        ],
        "type": "Point"
      },
      "properties": {
        "chainage_m": 61150.9,
        "civil_class": "station",
        "investigation_flags": [
          "fine-soil-plasticity-and-shrink-swell-tests",
          "granular-density-and-groundwater-tests"
        ],
        "lat": 21.38679752,
        "line": "line-6",
        "lon": 39.76359037,
        "sample_id": "station:line-6-0813-0313-s061151",
        "scope_id": "line-6-0813-0313-s061151",
        "scope_type": "station"
      },
      "type": "Feature"
    },
    {
      "geometry": {
        "coordinates": [
          39.93705399,
          21.38625763
        ],
        "type": "Point"
      },
      "properties": {
        "chainage_m": 28046.9,
        "civil_class": "station",
        "investigation_flags": [
          "coverage-gap"
        ],
        "lat": 21.38625763,
        "line": "line-6",
        "lon": 39.93705399,
        "sample_id": "station:line-6-0816-1212-s028047",
        "scope_id": "line-6-0816-1212-s028047",
        "scope_type": "station"
      },
      "type": "Feature"
    },
    {
      "geometry": {
        "coordinates": [
          39.78848115,
          21.37599955
        ],
        "type": "Point"
      },
      "properties": {
        "chainage_m": 57771.7,
        "civil_class": "station",
        "investigation_flags": [
          "fine-soil-plasticity-and-shrink-swell-tests",
          "granular-density-and-groundwater-tests"
        ],
        "lat": 21.37599955,
        "line": "line-6",
        "lon": 39.78848115,
        "sample_id": "station:line-6-0873-0442-s057772",
        "scope_id": "line-6-0873-0442-s057772",
        "scope_type": "station"
      },
      "type": "Feature"
    },
    {
      "geometry": {
        "coordinates": [
          39.93589628,
          21.36862094
        ],
        "type": "Point"
      },
      "properties": {
        "chainage_m": 30056.7,
        "civil_class": "station",
        "investigation_flags": [
          "granular-density-and-groundwater-tests"
        ],
        "lat": 21.36862094,
        "line": "line-6",
        "lon": 39.93589628,
        "sample_id": "station:line-6-0914-1206-s030057",
        "scope_id": "line-6-0914-1206-s030057",
        "scope_type": "station"
      },
      "type": "Feature"
    },
    {
      "geometry": {
        "coordinates": [
          39.93531743,
          21.35638324
        ],
        "type": "Point"
      },
      "properties": {
        "chainage_m": 31441.5,
        "civil_class": "station",
        "investigation_flags": [
          "fine-soil-plasticity-and-shrink-swell-tests",
          "granular-density-and-groundwater-tests"
        ],
        "lat": 21.35638324,
        "line": "line-6",
        "lon": 39.93531743,
        "sample_id": "station:line-6-0982-1203-s031442",
        "scope_id": "line-6-0982-1203-s031442",
        "scope_type": "station"
      },
      "type": "Feature"
    },
    {
      "geometry": {
        "coordinates": [
          39.80391729,
          21.35044436
        ],
        "type": "Point"
      },
      "properties": {
        "chainage_m": 54137.7,
        "civil_class": "station",
        "investigation_flags": [
          "fine-soil-plasticity-and-shrink-swell-tests",
          "granular-density-and-groundwater-tests"
        ],
        "lat": 21.35044436,
        "line": "line-6",
        "lon": 39.80391729,
        "sample_id": "station:line-6-1015-0522-s054138",
        "scope_id": "line-6-1015-0522-s054138",
        "scope_type": "station"
      },
      "type": "Feature"
    },
    {
      "geometry": {
        "coordinates": [
          39.8278433,
          21.33316761
        ],
        "type": "Point"
      },
      "properties": {
        "chainage_m": 50628.1,
        "civil_class": "station",
        "investigation_flags": [
          "coverage-gap"
        ],
        "lat": 21.33316761,
        "line": "line-6",
        "lon": 39.8278433,
        "sample_id": "station:line-6-1111-0646-s050628",
        "scope_id": "line-6-1111-0646-s050628",
        "scope_type": "station"
      },
      "type": "Feature"
    },
    {
      "geometry": {
        "coordinates": [
          39.93377381,
          21.33190784
        ],
        "type": "Point"
      },
      "properties": {
        "chainage_m": 34227.8,
        "civil_class": "station",
        "investigation_flags": [
          "coverage-gap"
        ],
        "lat": 21.33190784,
        "line": "line-6",
        "lon": 39.93377381,
        "sample_id": "station:line-6-1118-1195-s034228",
        "scope_id": "line-6-1118-1195-s034228",
        "scope_type": "station"
      },
      "type": "Feature"
    },
    {
      "geometry": {
        "coordinates": [
          39.84694553,
          21.3130114
        ],
        "type": "Point"
      },
      "properties": {
        "chainage_m": 47111.0,
        "civil_class": "station",
        "investigation_flags": [
          "fine-soil-plasticity-and-shrink-swell-tests",
          "granular-density-and-groundwater-tests"
        ],
        "lat": 21.3130114,
        "line": "line-6",
        "lon": 39.84694553,
        "sample_id": "station:line-6-1223-0745-s047111",
        "scope_id": "line-6-1223-0745-s047111",
        "scope_type": "station"
      },
      "type": "Feature"
    },
    {
      "geometry": {
        "coordinates": [
          39.89556937,
          21.30797234
        ],
        "type": "Point"
      },
      "properties": {
        "chainage_m": 40098.0,
        "civil_class": "station",
        "investigation_flags": [
          "coverage-gap"
        ],
        "lat": 21.30797234,
        "line": "line-6",
        "lon": 39.89556937,
        "sample_id": "station:line-6-1251-0997-s040098",
        "scope_id": "line-6-1251-0997-s040098",
        "scope_type": "station"
      },
      "type": "Feature"
    },
    {
      "geometry": {
        "coordinates": [
          39.86817022,
          21.29771427
        ],
        "type": "Point"
      },
      "properties": {
        "chainage_m": 43597.6,
        "civil_class": "station",
        "investigation_flags": [
          "coverage-gap"
        ],
        "lat": 21.29771427,
        "line": "line-6",
        "lon": 39.86817022,
        "sample_id": "station:line-6-1308-0855-s043598",
        "scope_id": "line-6-1308-0855-s043598",
        "scope_type": "station"
      },
      "type": "Feature"
    }
  ],
  "type": "FeatureCollection"
}
