
                        S T E P       1


                                INCREMENT     1


 displacements (vx,vy,vz) for set ALLN and time  0.1000000E+01

         1 -9.036222E-13  3.092516E-12  1.709965E+00
         2 -8.993957E-13  1.829322E-12  9.842230E-01
         3 -8.740466E-13 -1.571331E-14 -4.464319E-02
         4 -9.529561E-13 -4.418123E-12 -4.159121E+00
         5 -9.078799E-13 -9.593975E-12 -9.945478E+00
         6 -8.537779E-13 -1.336808E-11 -1.300070E+01
         7 -8.040002E-13 -1.617490E-11 -1.225761E+01
         8 -7.749205E-13 -1.904998E-11 -7.300319E+00
         9 -7.562062E-13 -2.200225E-11 -1.627169E-03
        10 -7.547098E-13 -2.368539E-11  4.114206E+00
        11 -7.523510E-13 -2.495713E-11  7.130977E+00
        12  3.141431E-12  3.148707E-12  3.744243E+00
        13  3.144071E-12  1.855530E-12  2.285960E+00
        14  3.169176E-12 -1.496530E-14  1.153916E-01
        15  3.216029E-12 -4.521425E-12 -4.922097E+00
        16  3.197561E-12 -9.695610E-12 -9.957999E+00
        17  3.124948E-12 -1.344683E-11 -1.241031E+01
        18  3.081009E-12 -1.618186E-11 -1.154871E+01
        19  3.067427E-12 -1.899031E-11 -6.871161E+00
        20  3.070804E-12 -2.198790E-11  8.107493E-02
        21  3.072367E-12 -2.368396E-11  4.133322E+00
        22  3.073456E-12 -2.497175E-11  7.146054E+00
        23  5.048706E-14  1.795782E-12  9.384244E-01
        24  0.000000E+00  0.000000E+00  0.000000E+00
        25  2.321139E-13 -4.365398E-12 -4.092853E+00
        26  1.657380E-13 -9.658140E-12 -1.026149E+01
        27  8.131205E-14 -1.334202E-11 -1.309751E+01
        28 -5.666135E-15 -1.618535E-11 -1.244753E+01
        29  2.800512E-15 -1.903004E-11 -7.369282E+00
        30  1.483029E-14 -2.200595E-11  0.000000E+00
        31  2.739619E-14 -2.367696E-11  4.073732E+00
        32  2.538134E-14 -2.496010E-11  7.071007E+00
        33  2.255933E-12  1.851161E-12  1.939565E+00
        34  2.201901E-12  0.000000E+00  0.000000E+00
        35  2.106656E-12 -4.500465E-12 -4.965579E+00
        36  2.115275E-12 -9.697041E-12 -1.022678E+01
        37  2.244835E-12 -1.344431E-11 -1.274018E+01
        38  2.303611E-12 -1.618065E-11 -1.191070E+01
        39  2.328202E-12 -1.900261E-11 -7.109933E+00
        40  2.295037E-12 -2.199075E-11  0.000000E+00
        41  2.285538E-12 -2.368296E-11  4.038421E+00
        42  2.271816E-12 -2.497268E-11  7.048000E+00
        43  0.000000E+00  0.000000E+00  0.000000E+00
        44  0.000000E+00  0.000000E+00  0.000000E+00
        45  0.000000E+00  0.000000E+00  0.000000E+00
        46  0.000000E+00  0.000000E+00  0.000000E+00
        47  0.000000E+00  0.000000E+00  0.000000E+00
        48  0.000000E+00  0.000000E+00  0.000000E+00
        49  0.000000E+00  0.000000E+00  0.000000E+00
        50  0.000000E+00  0.000000E+00  0.000000E+00
        51  0.000000E+00  0.000000E+00  0.000000E+00
        52  0.000000E+00  0.000000E+00  0.000000E+00
        53  0.000000E+00  0.000000E+00  0.000000E+00
        54  0.000000E+00  0.000000E+00  0.000000E+00
        55  0.000000E+00  0.000000E+00  0.000000E+00
        56  0.000000E+00  0.000000E+00  0.000000E+00
        57  0.000000E+00  0.000000E+00  0.000000E+00
        58  0.000000E+00  0.000000E+00  0.000000E+00
        59  0.000000E+00  0.000000E+00  0.000000E+00
        60  0.000000E+00  0.000000E+00  0.000000E+00
        61  0.000000E+00  0.000000E+00  0.000000E+00
        62  0.000000E+00  0.000000E+00  0.000000E+00
        63  0.000000E+00  0.000000E+00  0.000000E+00
        64  0.000000E+00  0.000000E+00  0.000000E+00
        65  0.000000E+00  0.000000E+00  0.000000E+00
        66  0.000000E+00  0.000000E+00  0.000000E+00
        67  0.000000E+00  0.000000E+00  0.000000E+00
        68  0.000000E+00  0.000000E+00  0.000000E+00
        69  0.000000E+00  0.000000E+00  0.000000E+00
        70  0.000000E+00  0.000000E+00  0.000000E+00
        71  0.000000E+00  0.000000E+00  0.000000E+00
        72  0.000000E+00  0.000000E+00  0.000000E+00
        73  0.000000E+00  0.000000E+00  0.000000E+00
        74  0.000000E+00  0.000000E+00  0.000000E+00
        75  0.000000E+00  0.000000E+00  0.000000E+00
        76  0.000000E+00  0.000000E+00  0.000000E+00
        77  0.000000E+00  0.000000E+00  0.000000E+00
        78  0.000000E+00  0.000000E+00  0.000000E+00
        79  0.000000E+00  0.000000E+00  0.000000E+00
        80  0.000000E+00  0.000000E+00  0.000000E+00
        81  0.000000E+00  0.000000E+00  0.000000E+00
        82  0.000000E+00  0.000000E+00  0.000000E+00
        83 -1.440827E-13  3.101470E-12  1.930429E+00
        84  2.301805E-13  3.107382E-12  2.151513E+00
        85  9.082370E-13  3.117270E-12  2.585850E+00
        86  1.694256E-12  3.127542E-12  3.053881E+00
        87  2.215518E-12  3.136030E-12  3.330589E+00
        88  6.603953E-13  1.803507E-12  9.749077E-01
        89  1.359688E-12  1.822960E-12  1.263832E+00
        90  1.904634E-12  1.841534E-12  1.695545E+00
        91  1.428614E-13  2.190522E-15 -1.298366E-02
        92  7.852668E-13  1.191267E-15 -4.099870E-02
        93  1.667349E-12  1.515064E-15 -2.816015E-02
        94  9.374203E-13 -4.387712E-12 -4.173337E+00
        95  1.426973E-12 -4.430917E-12 -4.513522E+00
        96  1.701549E-12 -4.474210E-12 -4.855926E+00
        97  0.000000E+00  0.000000E+00  0.000000E+00
        98  0.000000E+00  0.000000E+00  0.000000E+00
        99  5.484363E-13 -9.666532E-12 -1.041444E+01
       100  1.060497E-12 -9.680359E-12 -1.047868E+01
       101  1.606010E-12 -9.693116E-12 -1.035501E+01
       102  0.000000E+00  0.000000E+00  0.000000E+00
       103  0.000000E+00  0.000000E+00  0.000000E+00
       104  6.281997E-13 -1.336092E-11 -1.312392E+01
       105  1.369258E-12 -1.339468E-11 -1.307974E+01
       106  1.906562E-12 -1.342839E-11 -1.290362E+01
       107  0.000000E+00  0.000000E+00  0.000000E+00
       108  0.000000E+00  0.000000E+00  0.000000E+00
       109  3.303798E-13 -1.618707E-11 -1.249516E+01
       110  1.064204E-12 -1.618579E-11 -1.239435E+01
       111  1.868268E-12 -1.618219E-11 -1.212031E+01
       112  0.000000E+00  0.000000E+00  0.000000E+00
       113  0.000000E+00  0.000000E+00  0.000000E+00
       114  4.655339E-13 -1.902237E-11 -7.388908E+00
       115  1.279112E-12 -1.901301E-11 -7.358687E+00
       116  1.971756E-12 -1.900541E-11 -7.228289E+00
       117  0.000000E+00  0.000000E+00  0.000000E+00
       118  0.000000E+00  0.000000E+00  0.000000E+00
       119  4.026814E-13 -2.200309E-11 -7.302184E-03
       120  1.124739E-12 -2.199814E-11 -3.125708E-02
       121  1.870004E-12 -2.199326E-11 -2.175981E-02
       122  4.755120E-13 -2.367728E-11  4.041585E+00
       123  1.222744E-12 -2.368039E-11  3.997836E+00
       124  1.905653E-12 -2.368268E-11  4.008040E+00
       125  4.171941E-13 -2.496214E-11  7.040641E+00
       126  1.088286E-12 -2.496559E-11  7.013500E+00
       127  1.818917E-12 -2.497115E-11  7.021311E+00
       128  0.000000E+00  0.000000E+00  0.000000E+00
       129  0.000000E+00  0.000000E+00  0.000000E+00
       130  0.000000E+00  0.000000E+00  0.000000E+00
       131  0.000000E+00  0.000000E+00  0.000000E+00
       132  0.000000E+00  0.000000E+00  0.000000E+00
       133  0.000000E+00  0.000000E+00  0.000000E+00
       134  0.000000E+00  0.000000E+00  0.000000E+00
       135  0.000000E+00  0.000000E+00  0.000000E+00
       136  0.000000E+00  0.000000E+00  0.000000E+00
       137  0.000000E+00  0.000000E+00  0.000000E+00
       138  0.000000E+00  0.000000E+00  0.000000E+00
       139  0.000000E+00  0.000000E+00  0.000000E+00
       140  0.000000E+00  0.000000E+00  0.000000E+00
       141  0.000000E+00  0.000000E+00  0.000000E+00
       142  0.000000E+00  0.000000E+00  0.000000E+00
       143  0.000000E+00  0.000000E+00  0.000000E+00
       144  0.000000E+00  0.000000E+00  0.000000E+00
       145  0.000000E+00  0.000000E+00  0.000000E+00
       146  0.000000E+00  0.000000E+00  0.000000E+00
       147  0.000000E+00  0.000000E+00  0.000000E+00
       148  0.000000E+00  0.000000E+00  0.000000E+00
       149  0.000000E+00  0.000000E+00  0.000000E+00
       150  0.000000E+00  0.000000E+00  0.000000E+00
       151  0.000000E+00  0.000000E+00  0.000000E+00
       152  0.000000E+00  0.000000E+00  0.000000E+00
       153  0.000000E+00  0.000000E+00  0.000000E+00
       154  0.000000E+00  0.000000E+00  0.000000E+00
       155  0.000000E+00  0.000000E+00  0.000000E+00

 stresses (elem, integ.pnt.,sxx,syy,szz,sxy,sxz,syz) for set ALLE and time  0.1000000E+01

         1   1 -8.830884E-01 -2.649265E-01 -1.253941E-12  3.704370E-01 -7.395171E-01  2.189254E-15
         1   2 -8.830884E-01 -2.649265E-01 -2.644884E-12  3.704370E-01 -7.395171E-01  3.229150E-14
         1   3 -8.830884E-01 -2.649265E-01  1.013467E-12  3.704370E-01  5.878820E-01 -1.204090E-14
         1   4 -8.830884E-01 -2.649265E-01 -3.013145E-13  3.704370E-01  5.878820E-01  3.229150E-14
         1   5  8.830884E-01  2.649265E-01 -1.260492E-12 -3.704370E-01 -7.395171E-01  1.204090E-14
         1   6  8.830884E-01  2.649265E-01 -2.603584E-12 -3.704370E-01 -7.395171E-01  5.582599E-14
         1   7  8.830884E-01  2.649265E-01  4.554135E-13 -3.704370E-01  5.878820E-01 -1.094627E-15
         1   8  8.830884E-01  2.649265E-01 -8.587575E-13 -3.704370E-01  5.878820E-01  4.159583E-14
         2   1  2.270452E+00  6.811355E-01  4.874767E-12 -4.135053E-01  1.419571E+00  2.353448E-14
         2   2  2.270452E+00  6.811355E-01  6.699752E-12 -4.135053E-01  1.419571E+00 -5.473136E-15
         2   3  2.270452E+00  6.811355E-01 -2.238876E-12 -4.135053E-01 -6.215632E-02  2.572374E-14
         2   4  2.270452E+00  6.811355E-01  2.295941E-13 -4.135053E-01 -6.215632E-02 -5.473136E-15
         2   5 -2.270452E+00 -6.811355E-01  4.779288E-12  4.135053E-01  1.419571E+00 -1.094627E-14
         2   6 -2.270452E+00 -6.811355E-01  6.618039E-12  4.135053E-01  1.419571E+00 -3.612270E-14
         2   7 -2.270452E+00 -6.811355E-01 -2.302825E-12  4.135053E-01 -6.215632E-02 -7.115077E-15
         2   8 -2.270452E+00 -6.811355E-01  1.967315E-13  4.135053E-01 -6.215632E-02 -3.940658E-14
         3   1  1.338749E+01  4.016246E+00 -2.620126E-13  2.897234E-02  9.757316E-02  2.079792E-13
         3   2  1.338749E+01  4.016246E+00 -3.241851E-12  2.897234E-02  9.757316E-02  4.378509E-15
         3   3  1.338749E+01  4.016246E+00 -3.009148E-12  2.897234E-02  2.013907E-01  1.849920E-13
         3   4  1.338749E+01  4.016246E+00 -4.155787E-12  2.897234E-02  2.013907E-01 -3.283882E-15
         3   5 -1.338749E+01 -4.016246E+00  4.174439E-13 -2.897234E-02  9.757316E-02  2.068845E-13
         3   6 -1.338749E+01 -4.016246E+00 -2.672529E-12 -2.897234E-02  9.757316E-02 -1.094627E-14
         3   7 -1.338749E+01 -4.016246E+00 -2.563283E-12 -2.897234E-02  2.013907E-01  1.806135E-13
         3   8 -1.338749E+01 -4.016246E+00 -3.109513E-12 -2.897234E-02  2.013907E-01 -3.502807E-14
         4   1 -2.547014E+00 -7.641041E-01  8.781864E-13  1.069336E+00 -2.906137E+00  1.050842E-13
         4   2 -2.547014E+00 -7.641041E-01 -2.147171E-12  1.069336E+00 -2.906137E+00  1.751404E-14
         4   3 -2.547014E+00 -7.641041E-01  8.133494E-13  1.069336E+00  9.256514E-01  1.551634E-13
         4   4 -2.547014E+00 -7.641041E-01 -3.375744E-12  1.069336E+00  9.256514E-01  6.786689E-14
         4   5  2.547014E+00  7.641041E-01  8.057999E-13 -1.069336E+00 -2.906137E+00  1.614575E-14
         4   6  2.547014E+00  7.641041E-01  7.251977E-13 -1.069336E+00 -2.906137E+00 -1.050842E-13
         4   7  2.547014E+00  7.641041E-01  1.845857E-12 -1.069336E+00  9.256514E-01  6.814054E-14
         4   8  2.547014E+00  7.641041E-01 -6.257217E-13 -1.069336E+00  9.256514E-01 -4.597434E-14
         5   1 -1.459863E+01 -4.379590E+00 -3.309353E-12 -2.161593E-01  5.460707E-01 -5.692061E-14
         5   2 -1.459863E+01 -4.379590E+00 -6.024514E-12 -2.161593E-01  5.460707E-01 -2.057899E-13
         5   3 -1.459863E+01 -4.379590E+00  1.087130E-12 -2.161593E-01 -2.285002E-01 -7.881316E-14
         5   4 -1.459863E+01 -4.379590E+00  3.952394E-13 -2.161593E-01 -2.285002E-01 -2.495750E-13
         5   5  1.459863E+01  4.379590E+00 -6.348699E-12  2.161593E-01  5.460707E-01  1.532478E-13
         5   6  1.459863E+01  4.379590E+00 -6.726175E-12  2.161593E-01  5.460707E-01 -4.378509E-15
         5   7  1.459863E+01  4.379590E+00 -4.867218E-13  2.161593E-01 -2.285002E-01  1.313553E-13
         5   8  1.459863E+01  4.379590E+00  2.012612E-12  2.161593E-01 -2.285002E-01 -2.189254E-14
         6   1 -1.583643E+01 -4.750930E+00 -4.423129E-13  1.711066E-01 -5.070157E-01 -1.094627E-13
         6   2 -1.583643E+01 -4.750930E+00  2.234657E-12  1.711066E-01 -5.070157E-01 -1.094627E-13
         6   3 -1.583643E+01 -4.750930E+00 -7.176482E-13  1.711066E-01  1.061164E-01 -1.313553E-13
         6   4 -1.583643E+01 -4.750930E+00  3.556266E-12  1.711066E-01  1.061164E-01  8.757018E-15
         6   5  1.583643E+01  4.750930E+00 -2.888356E-12 -1.711066E-01 -5.070157E-01  3.064956E-14
         6   6  1.583643E+01  4.750930E+00  3.730349E-14 -1.711066E-01 -5.070157E-01 -2.539535E-13
         6   7  1.583643E+01  4.750930E+00 -2.181366E-12 -1.711066E-01  1.061164E-01  8.757018E-15
         6   8  1.583643E+01  4.750930E+00  2.579270E-12 -1.711066E-01  1.061164E-01 -2.714675E-13
         7   1 -1.285500E+01 -3.856499E+00  1.110223E-12 -3.657638E-01  1.006139E+00  1.182197E-13
         7   2 -1.285500E+01 -3.856499E+00 -1.071143E-12 -3.657638E-01  1.006139E+00 -1.050842E-13
         7   3 -1.285500E+01 -3.856499E+00  1.349143E-12 -3.657638E-01 -3.045148E-01  1.269768E-13
         7   4 -1.285500E+01 -3.856499E+00 -2.184919E-13 -3.657638E-01 -3.045148E-01 -5.035285E-14
         7   5  1.285500E+01  3.856499E+00  3.621992E-12  3.657638E-01  1.006139E+00  2.014114E-13
         7   6  1.285500E+01  3.856499E+00 -3.090861E-12  3.657638E-01  1.006139E+00 -1.598156E-13
         7   7  1.285500E+01  3.856499E+00 -6.572520E-14  3.657638E-01 -3.045148E-01  2.101684E-13
         7   8  1.285500E+01  3.856499E+00  2.290612E-12  3.657638E-01 -3.045148E-01 -2.123577E-13
         8   1 -2.624968E+00 -7.874903E-01 -2.460698E-12 -2.773088E-01  7.861177E-01 -2.736568E-13
         8   2 -2.624968E+00 -7.874903E-01  3.090861E-12 -2.773088E-01  7.861177E-01  3.174419E-14
         8   3 -2.624968E+00 -7.874903E-01 -1.852296E-12 -2.773088E-01 -2.075723E-01 -1.007057E-13
         8   4 -2.624968E+00 -7.874903E-01 -2.613909E-12 -2.773088E-01 -2.075723E-01  1.444908E-13
         8   5  2.624968E+00  7.874903E-01 -2.954303E-12  2.773088E-01  7.861177E-01 -2.889816E-13
         8   6  2.624968E+00  7.874903E-01  3.089751E-12  2.773088E-01  7.861177E-01  6.020450E-14
         8   7  2.624968E+00  7.874903E-01 -8.697487E-13  2.773088E-01 -2.075723E-01 -1.488693E-13
         8   8  2.624968E+00  7.874903E-01 -2.856826E-12  2.773088E-01 -2.075723E-01  1.630995E-13
         9   1  1.711306E+00  5.133918E-01 -4.005685E-13  7.250530E-02 -1.722125E-01 -2.966440E-13
         9   2  1.711306E+00  5.133918E-01  1.221245E-13  7.250530E-02 -1.722125E-01  2.627105E-13
         9   3  1.711306E+00  5.133918E-01 -7.792655E-13  7.250530E-02  8.759820E-02 -3.152526E-13
         9   4  1.711306E+00  5.133918E-01  6.185052E-13  7.250530E-02  8.759820E-02  2.287771E-13
         9   5 -1.711306E+00 -5.133918E-01 -3.731460E-13 -7.250530E-02 -1.722125E-01 -3.798356E-13
         9   6 -1.711306E+00 -5.133918E-01  3.617107E-13 -7.250530E-02 -1.722125E-01  9.632719E-14
         9   7 -1.711306E+00 -5.133918E-01 -9.051648E-13 -7.250530E-02  8.759820E-02 -4.143164E-13
         9   8 -1.711306E+00 -5.133918E-01  6.138423E-13 -7.250530E-02  8.759820E-02  6.020450E-14
        10   1  4.639545E-01  1.391864E-01  1.319805E-12  1.085754E-01 -2.863504E-01  2.243986E-13
        10   2  4.639545E-01  1.391864E-01  4.149459E-14  1.085754E-01 -2.863504E-01 -4.487971E-14
        10   3  4.639545E-01  1.391864E-01  1.305789E-12  1.085754E-01  1.027115E-01  8.428629E-14
        10   4  4.639545E-01  1.391864E-01  2.601502E-12  1.085754E-01  1.027115E-01 -1.105573E-13
        10   5 -4.639545E-01 -1.391864E-01 -5.792866E-13 -1.085754E-01 -2.863504E-01  3.831195E-14
        10   6 -4.639545E-01 -1.391864E-01 -7.801815E-13 -1.085754E-01 -2.863504E-01  2.243986E-13
        10   7 -4.639545E-01 -1.391864E-01  6.324941E-13 -1.085754E-01  1.027115E-01  1.094627E-15
        10   8 -4.639545E-01 -1.391864E-01  3.350653E-13 -1.085754E-01  1.027115E-01  1.039896E-13
        11   1  8.830884E-01  2.649265E-01 -6.437628E-13  2.793931E-01 -4.247618E-01 -8.757018E-14
        11   2  8.830884E-01  2.649265E-01  6.555867E-14  2.793931E-01 -4.247618E-01  4.378509E-14
        11   3  8.830884E-01  2.649265E-01 -9.010570E-13  2.793931E-01  5.763969E-01 -1.313553E-13
        11   4  8.830884E-01  2.649265E-01 -9.891532E-13  2.793931E-01  5.763969E-01 -8.757018E-15
        11   5 -8.830884E-01 -2.649265E-01  3.687051E-13 -2.793931E-01 -4.247618E-01  3.502807E-14
        11   6 -8.830884E-01 -2.649265E-01  5.266898E-13 -2.793931E-01 -4.247618E-01  8.757018E-14
        11   7 -8.830884E-01 -2.649265E-01 -1.235845E-12 -2.793931E-01  5.763969E-01  1.751404E-14
        11   8 -8.830884E-01 -2.649265E-01 -7.098766E-13 -2.793931E-01  5.763969E-01  5.254211E-14
        12   1  4.435079E+00  1.330524E+00  2.660983E-12  6.255087E-01 -8.185675E-01  6.129912E-14
        12   2  4.435079E+00  1.330524E+00 -1.483258E-13  6.255087E-01 -8.185675E-01 -1.751404E-14
        12   3  4.435079E+00  1.330524E+00 -1.028067E-12  6.255087E-01  1.422838E+00  6.129912E-14
        12   4  4.435079E+00  1.330524E+00 -2.307932E-12  6.255087E-01  1.422838E+00 -2.189254E-14
        12   5 -4.435079E+00 -1.330524E+00  2.748468E-12 -6.255087E-01 -8.185675E-01  1.751404E-14
        12   6 -4.435079E+00 -1.330524E+00 -2.176037E-13 -6.255087E-01 -8.185675E-01 -8.757018E-14
        12   7 -4.435079E+00 -1.330524E+00 -1.122658E-12 -6.255087E-01  1.422838E+00  2.627105E-14
        12   8 -4.435079E+00 -1.330524E+00 -2.345679E-12 -6.255087E-01  1.422838E+00 -7.443465E-14
        13   1  4.479836E+00  1.343951E+00  3.174350E-12  2.685112E-02 -2.552558E-01  1.444908E-13
        13   2  4.479836E+00  1.343951E+00  1.261657E-12  2.685112E-02 -2.552558E-01 -1.838974E-13
        13   3  4.479836E+00  1.343951E+00 -2.160494E-12  2.685112E-02 -1.590393E-01  1.576263E-13
        13   4  4.479836E+00  1.343951E+00  3.326228E-13  2.685112E-02 -1.590393E-01 -1.050842E-13
        13   5 -4.479836E+00 -1.343951E+00  3.902212E-12 -2.685112E-02 -2.552558E-01  3.108741E-13
        13   6 -4.479836E+00 -1.343951E+00  1.647127E-12 -2.685112E-02 -2.552558E-01 -6.129912E-14
        13   7 -4.479836E+00 -1.343951E+00 -1.648015E-12 -2.685112E-02 -1.590393E-01  2.933601E-13
        13   8 -4.479836E+00 -1.343951E+00  3.543832E-13 -2.685112E-02 -1.590393E-01  1.751404E-14
        14   1 -4.511751E+00 -1.353525E+00 -1.979750E-12 -3.420143E-01  2.865238E-01  2.233039E-13
        14   2 -4.511751E+00 -1.353525E+00 -5.675460E-13 -3.420143E-01  2.865238E-01  7.005614E-14
        14   3 -4.511751E+00 -1.353525E+00  6.474821E-13 -3.420143E-01 -9.390273E-01  2.539535E-13
        14   4 -4.511751E+00 -1.353525E+00 -2.309264E-14 -3.420143E-01 -9.390273E-01  7.005614E-14
        14   5  4.511751E+00  1.353525E+00 -3.363088E-12  3.420143E-01  2.865238E-01 -9.194868E-14
        14   6  4.511751E+00  1.353525E+00  1.390887E-12  3.420143E-01  2.865238E-01 -4.378509E-14
        14   7  4.511751E+00  1.353525E+00 -4.929390E-13  3.420143E-01 -9.390273E-01 -6.129912E-14
        14   8  4.511751E+00  1.353525E+00  1.851852E-13  3.420143E-01 -9.390273E-01 -3.064956E-14
        15   1 -1.199635E+01 -3.598904E+00 -8.784085E-12 -1.735198E-01  1.585619E-01  1.050842E-13
        15   2 -1.199635E+01 -3.598904E+00 -3.726797E-12 -1.735198E-01  1.585619E-01  7.881316E-14
        15   3 -1.199635E+01 -3.598904E+00  1.333156E-12 -1.735198E-01 -4.632173E-01  1.138412E-13
        15   4 -1.199635E+01 -3.598904E+00  9.361401E-13 -1.735198E-01 -4.632173E-01 -1.838974E-13
        15   5  1.199635E+01  3.598904E+00 -3.753442E-12  1.735198E-01  1.585619E-01  7.005614E-14
        15   6  1.199635E+01  3.598904E+00  9.974244E-13  1.735198E-01  1.585619E-01 -1.401123E-13
        15   7  1.199635E+01  3.598904E+00  4.399148E-12  1.735198E-01 -4.632173E-01  7.881316E-14
        15   8  1.199635E+01  3.598904E+00  5.712764E-12  1.735198E-01 -4.632173E-01 -1.313553E-13
        16   1 -1.446768E+01 -4.340305E+00 -6.226131E-13  1.300350E-02 -3.622671E-02 -7.005614E-14
        16   2 -1.446768E+01 -4.340305E+00 -3.613110E-12  1.300350E-02 -3.622671E-02  8.757018E-14
        16   3 -1.446768E+01 -4.340305E+00  3.987921E-13  1.300350E-02  1.036917E-02 -6.129912E-14
        16   4 -1.446768E+01 -4.340305E+00 -6.288303E-13  1.300350E-02  1.036917E-02  4.378509E-14
        16   5  1.446768E+01  4.340305E+00  6.732392E-13 -1.300350E-02 -3.622671E-02 -8.757018E-15
        16   6  1.446768E+01  4.340305E+00 -1.330491E-12 -1.300350E-02 -3.622671E-02 -7.881316E-14
        16   7  1.446768E+01  4.340305E+00  3.161915E-12 -1.300350E-02  1.036917E-02  8.757018E-15
        16   8  1.446768E+01  4.340305E+00  2.629896E-12 -1.300350E-02  1.036917E-02 -6.129912E-14
        17   1 -1.145032E+01 -3.435097E+00  7.824852E-13  3.306206E-01 -3.898504E-01  9.632719E-14
        17   2 -1.145032E+01 -3.435097E+00  6.181722E-13  3.306206E-01 -3.898504E-01  1.444908E-13
        17   3 -1.145032E+01 -3.435097E+00  3.650413E-13  3.306206E-01  7.948736E-01  7.881316E-14
        17   4 -1.145032E+01 -3.435097E+00  1.428191E-12  3.306206E-01  7.948736E-01  1.357338E-13
        17   5  1.145032E+01  3.435097E+00 -3.739231E-13 -3.306206E-01 -3.898504E-01 -9.632719E-14
        17   6  1.145032E+01  3.435097E+00  1.953993E-13 -3.306206E-01 -3.898504E-01  7.443465E-14
        17   7  1.145032E+01  3.435097E+00 -7.966960E-13 -3.306206E-01  7.948736E-01  1.751404E-13
        17   8  1.145032E+01  3.435097E+00  1.736389E-12 -3.306206E-01  7.948736E-01  6.567763E-14
        18   1 -3.565399E+00 -1.069620E+00 -1.919132E-12  4.230093E-01 -4.864593E-01 -8.757018E-15
        18   2 -3.565399E+00 -1.069620E+00  2.270628E-12  4.230093E-01 -4.864593E-01  1.269768E-13
        18   3 -3.565399E+00 -1.069620E+00  8.790746E-13  4.230093E-01  1.029324E+00  2.627105E-14
        18   4 -3.565399E+00 -1.069620E+00 -2.285061E-12  4.230093E-01  1.029324E+00  1.926544E-13
        18   5  3.565399E+00  1.069620E+00 -1.507461E-12 -4.230093E-01 -4.864593E-01 -9.632719E-14
        18   6  3.565399E+00  1.069620E+00  2.805978E-12 -4.230093E-01 -4.864593E-01  1.094627E-13
        18   7  3.565399E+00  1.069620E+00  2.270628E-12 -4.230093E-01  1.029324E+00 -2.627105E-14
        18   8  3.565399E+00  1.069620E+00 -1.628031E-12 -4.230093E-01  1.029324E+00  1.882759E-13
        19   1  6.651181E-01  1.995354E-01  2.636780E-13  7.441886E-02 -1.508185E-01 -3.108741E-13
        19   2  6.651181E-01  1.995354E-01  1.567135E-12  7.441886E-02 -1.508185E-01  2.014114E-13
        19   3  6.651181E-01  1.995354E-01 -1.074696E-12  7.441886E-02  1.158491E-01 -3.064956E-13
        19   4  6.651181E-01  1.995354E-01  1.170397E-12  7.441886E-02  1.158491E-01  2.123577E-13
        19   5 -6.651181E-01 -1.995354E-01  9.059420E-14 -7.441886E-02 -1.508185E-01 -3.612270E-13
        19   6 -6.651181E-01 -1.995354E-01  5.280221E-13 -7.441886E-02 -1.508185E-01  1.313553E-14
        19   7 -6.651181E-01 -1.995354E-01 -1.488643E-12 -7.441886E-02  1.158491E-01 -3.634162E-13
        19   8 -6.651181E-01 -1.995354E-01  1.238676E-12 -7.441886E-02  1.158491E-01  2.627105E-14
        20   1  1.488366E-01  4.465099E-02  1.315309E-12  8.297458E-03 -5.192506E-02  2.057899E-13
        20   2  1.488366E-01  4.465099E-02  7.153445E-13  8.297458E-03 -5.192506E-02  2.933601E-13
        20   3  1.488366E-01  4.465099E-02  9.542783E-13  8.297458E-03 -2.219251E-02  1.598156E-13
        20   4  1.488366E-01  4.465099E-02  4.190412E-12  8.297458E-03 -2.219251E-02  8.319167E-14
        20   5 -1.488366E-01 -4.465099E-02  7.589762E-14 -8.297458E-03 -5.192506E-02  1.510586E-13
        20   6 -1.488366E-01 -4.465099E-02  1.505115E-12 -8.297458E-03 -5.192506E-02  4.334724E-13
        20   7 -1.488366E-01 -4.465099E-02 -1.022765E-12 -8.297458E-03 -2.219251E-02  5.473136E-14
        20   8 -1.488366E-01 -4.465099E-02  3.562373E-12 -8.297458E-03 -2.219251E-02  3.130634E-13
        21   1 -1.393366E+01 -4.180099E+00 -9.504397E-12 -3.876435E-01 -1.120820E+00  4.378509E-15
        21   2 -1.393366E+01 -4.180099E+00 -2.049294E-11 -3.876435E-01 -1.120820E+00 -3.639635E-14
        21   3 -1.393366E+01 -4.180099E+00  1.267519E-11 -3.876435E-01 -2.342484E+00  1.751404E-14
        21   4 -1.393366E+01 -4.180099E+00  2.530420E-12 -3.876435E-01 -2.342484E+00 -1.067262E-14
        21   5  1.393366E+01  4.180099E+00 -9.542589E-12  3.876435E-01 -1.120820E+00  4.597434E-14
        21   6  1.393366E+01  4.180099E+00 -2.055778E-11  3.876435E-01 -1.120820E+00 -5.172113E-14
        21   7  1.393366E+01  4.180099E+00  1.264411E-11  3.876435E-01 -2.342484E+00  6.129912E-14
        21   8  1.393366E+01  4.180099E+00  2.500222E-12  3.876435E-01 -2.342484E+00 -3.612270E-14
        22   1  1.824214E+01  5.472643E+00  1.222844E-11 -5.822423E-02 -2.720843E+00  1.802030E-13
        22   2  1.824214E+01  5.472643E+00  9.736212E-12 -5.822423E-02 -2.720843E+00 -3.056746E-13
        22   3  1.824214E+01  5.472643E+00 -3.383960E-12 -5.822423E-02 -2.904337E+00  2.879554E-13
        22   4  1.824214E+01  5.472643E+00 -2.129852E-12 -5.822423E-02 -2.904337E+00 -2.323346E-13
        22   5 -1.824214E+01 -5.472643E+00  1.168488E-11  5.822423E-02 -2.720843E+00  2.794720E-13
        22   6 -1.824214E+01 -5.472643E+00  9.251266E-12  5.822423E-02 -2.720843E+00 -4.597434E-14
        22   7 -1.824214E+01 -5.472643E+00 -4.117595E-12  5.822423E-02 -2.904337E+00  3.170314E-13
        22   8 -1.824214E+01 -5.472643E+00 -3.351985E-12  5.822423E-02 -2.904337E+00  2.627105E-14
        23   1 -8.323674E+00 -2.497102E+00 -1.494271E-11  1.323806E+00 -9.374347E-01 -1.729511E-13
        23   2 -8.323674E+00 -2.497102E+00 -3.363532E-12  1.323806E+00 -9.374347E-01  2.627105E-13
        23   3 -8.323674E+00 -2.497102E+00 -4.282796E-12  1.323806E+00  3.234561E+00  4.816360E-14
        23   4 -8.323674E+00 -2.497102E+00  3.312017E-12  1.323806E+00  3.234561E+00 -7.005614E-14
        23   5  8.323674E+00  2.497102E+00 -1.010392E-11 -1.323806E+00 -9.374347E-01  1.663833E-13
        23   6  8.323674E+00  2.497102E+00 -1.032063E-12 -1.323806E+00 -9.374347E-01  2.889816E-13
        23   7  8.323674E+00  2.497102E+00 -1.404210E-12 -1.323806E+00  3.234561E+00 -3.064956E-14
        23   8  8.323674E+00  2.497102E+00  6.439294E-12 -1.323806E+00  3.234561E+00  3.765518E-13
        24   1 -6.361499E+00 -1.908450E+00  3.754774E-12 -1.115043E+00  8.206032E-01  6.480193E-13
        24   2 -6.361499E+00 -1.908450E+00 -3.848033E-12 -1.115043E+00  8.206032E-01  1.379230E-12
        24   3 -6.361499E+00 -1.908450E+00 -7.251977E-13 -1.115043E+00 -2.693470E+00  1.313553E-13
        24   4 -6.361499E+00 -1.908450E+00  2.829736E-12 -1.115043E+00 -2.693470E+00  2.451965E-13
        24   5  6.361499E+00  1.908450E+00  3.053557E-12  1.115043E+00  8.206032E-01  4.553649E-13
        24   6  6.361499E+00  1.908450E+00  2.199130E-12  1.115043E+00  8.206032E-01  2.627105E-13
        24   7  6.361499E+00  1.908450E+00  4.840572E-14  1.115043E+00 -2.693470E+00  2.977386E-13
        24   8  6.361499E+00  1.908450E+00  1.644462E-12  1.115043E+00 -2.693470E+00  1.357338E-13
        25   1 -1.260405E+01 -3.781216E+00 -8.248513E-12  3.708972E-01 -1.008573E-01  1.420826E-12
        25   2 -1.260405E+01 -3.781216E+00 -6.536993E-12  3.708972E-01 -1.008573E-01  5.079070E-13
        25   3 -1.260405E+01 -3.781216E+00 -4.967582E-12  3.708972E-01  1.068031E+00  7.093184E-13
        25   4 -1.260405E+01 -3.781216E+00  1.159073E-12  3.708972E-01  1.068031E+00  5.954772E-13
        25   5  1.260405E+01  3.781216E+00 -3.264056E-12 -3.708972E-01 -1.008573E-01  5.473136E-13
        25   6  1.260405E+01  3.781216E+00 -5.468515E-12 -3.708972E-01 -1.008573E-01  8.757018E-14
        25   7  1.260405E+01  3.781216E+00 -5.370815E-12 -3.708972E-01  1.068031E+00 -1.598156E-13
        25   8  1.260405E+01  3.781216E+00  7.593925E-13 -3.708972E-01  1.068031E+00 -7.005614E-14
        26   1 -8.444103E+00 -2.533231E+00  1.292300E-12 -4.181387E-01  4.640327E-01  2.802246E-13
        26   2 -8.444103E+00 -2.533231E+00  1.374900E-12 -4.181387E-01  4.640327E-01  4.597434E-13
        26   3 -8.444103E+00 -2.533231E+00 -1.027622E-12 -4.181387E-01 -8.537377E-01  3.546592E-13
        26   4 -8.444103E+00 -2.533231E+00  6.501466E-13 -4.181387E-01 -8.537377E-01  7.202647E-13
        26   5  8.444103E+00  2.533231E+00 -4.458656E-13  4.181387E-01  4.640327E-01  3.021171E-13
        26   6  8.444103E+00  2.533231E+00 -4.822809E-13  4.181387E-01  4.640327E-01  1.707618E-13
        26   7  8.444103E+00  2.533231E+00 -1.785239E-12  4.181387E-01 -8.537377E-01  5.210425E-13
        26   8  8.444103E+00  2.533231E+00 -1.576517E-12  4.181387E-01 -8.537377E-01  6.786689E-13
        27   1 -1.875169E+00 -5.625508E-01 -5.090262E-12 -2.143455E-01  8.445037E-01 -4.520810E-13
        27   2 -1.875169E+00 -5.625508E-01  2.351230E-12 -2.143455E-01  8.445037E-01  2.325057E-13
        27   3 -1.875169E+00 -5.625508E-01 -1.989520E-13 -2.143455E-01  1.689906E-01 -5.801524E-14
        27   4 -1.875169E+00 -5.625508E-01 -2.564726E-12 -2.143455E-01  1.689906E-01  3.316036E-13
        27   5  1.875169E+00  5.625508E-01 -6.756040E-12  2.143455E-01  8.445037E-01 -6.053288E-13
        27   6  1.875169E+00  5.625508E-01  1.913802E-12  2.143455E-01  8.445037E-01  2.202937E-13
        27   7  1.875169E+00  5.625508E-01  5.916378E-13  2.143455E-01  1.689906E-01 -4.892984E-13
        27   8  1.875169E+00  5.625508E-01 -2.753464E-12  2.143455E-01  1.689906E-01  4.041227E-13
        28   1  2.375372E+00  7.126117E-01  1.060485E-12  3.569399E-01 -1.096940E+00 -5.527867E-13
        28   2  2.375372E+00  7.126117E-01 -1.525446E-13  3.569399E-01 -1.096940E+00  4.991500E-13
        28   3  2.375372E+00  7.126117E-01 -2.076561E-12  3.569399E-01  2.796138E-02 -5.603807E-13
        28   4  2.375372E+00  7.126117E-01 -4.707346E-13  3.569399E-01  2.796138E-02  4.925822E-13
        28   5 -2.375372E+00 -7.126117E-01  1.384448E-12 -3.569399E-01 -1.096940E+00 -5.271998E-13
        28   6 -2.375372E+00 -7.126117E-01 -2.615685E-13 -3.569399E-01 -1.096940E+00  1.992221E-13
        28   7 -2.375372E+00 -7.126117E-01 -1.447953E-12 -3.569399E-01  2.796138E-02 -4.638483E-13
        28   8 -2.375372E+00 -7.126117E-01 -8.837375E-14 -3.569399E-01  2.796138E-02  1.926544E-13
        29   1 -1.371035E+00 -4.113105E-01 -1.849743E-12  1.722536E-01 -7.396536E-02  3.776464E-13
        29   2 -1.371035E+00 -4.113105E-01  5.665468E-13  1.722536E-01 -7.396536E-02  1.630995E-13
        29   3 -1.371035E+00 -4.113105E-01 -1.945333E-12  1.722536E-01  4.688944E-01  5.177587E-13
        29   4 -1.371035E+00 -4.113105E-01  4.394707E-12  1.722536E-01  4.688944E-01  2.517643E-13
        29   5  1.371035E+00  4.113105E-01 -1.507572E-12 -1.722536E-01 -7.396536E-02  3.097795E-13
        29   6  1.371035E+00  4.113105E-01  1.278977E-12 -1.722536E-01 -7.396536E-02  6.206536E-13
        29   7  1.371035E+00  4.113105E-01 -1.107558E-12 -1.722536E-01  4.688944E-01  2.791299E-13
        29   8  1.371035E+00  4.113105E-01  4.498846E-12 -1.722536E-01  4.688944E-01  6.600602E-13
        30   1  2.215907E+00  6.647722E-01  1.429523E-12  2.043859E+00 -2.916083E+00  3.502807E-14
        30   2  2.215907E+00  6.647722E-01 -3.486100E-13  2.043859E+00 -2.916083E+00 -7.881316E-14
        30   3  2.215907E+00  6.647722E-01 -2.515987E-12  2.043859E+00  3.525169E+00  3.502807E-14
        30   4  2.215907E+00  6.647722E-01 -2.884804E-12  2.043859E+00  3.525169E+00 -9.632719E-14
        30   5 -2.215907E+00 -6.647722E-01  1.928901E-12 -2.043859E+00 -2.916083E+00  5.254211E-14
        30   6 -2.215907E+00 -6.647722E-01 -3.184120E-13 -2.043859E+00 -2.916083E+00 -1.007057E-13
        30   7 -2.215907E+00 -6.647722E-01 -2.690959E-12 -2.043859E+00  3.525169E+00  3.502807E-14
        30   8 -2.215907E+00 -6.647722E-01 -2.764233E-12 -2.043859E+00  3.525169E+00 -1.313553E-13
        31   1  5.135436E+00  1.540631E+00  2.919887E-12  5.022117E-01 -9.630374E-01  2.648998E-13
        31   2  5.135436E+00  1.540631E+00 -9.094947E-13  5.022117E-01 -9.630374E-01 -2.200201E-13
        31   3  5.135436E+00  1.540631E+00  6.914469E-13  5.022117E-01  6.196902E-01  3.086849E-13
        31   4  5.135436E+00  1.540631E+00  2.793321E-13  5.022117E-01  6.196902E-01 -1.817081E-13
        31   5 -5.135436E+00 -1.540631E+00  1.096900E-12 -5.022117E-01 -9.630374E-01  3.573958E-13
        31   6 -5.135436E+00 -1.540631E+00 -1.142642E-12 -5.022117E-01 -9.630374E-01 -1.105573E-13
        31   7 -5.135436E+00 -1.540631E+00 -7.647216E-13 -5.022117E-01  6.196902E-01  4.022755E-13
        31   8 -5.135436E+00 -1.540631E+00  7.776002E-13 -5.022117E-01  6.196902E-01 -2.046953E-13
        32   1 -3.792762E+00 -1.137829E+00  4.404921E-12 -1.149903E+00  1.639774E+00 -3.207258E-13
        32   2 -3.792762E+00 -1.137829E+00 -2.112088E-12 -1.149903E+00  1.639774E+00 -1.444908E-13
        32   3 -3.792762E+00 -1.137829E+00  4.092726E-12 -1.149903E+00 -1.984163E+00 -2.408180E-13
        32   4 -3.792762E+00 -1.137829E+00 -1.749267E-12 -1.149903E+00 -1.984163E+00 -7.005614E-14
        32   5  3.792762E+00  1.137829E+00  6.659118E-13  1.149903E+00  1.639774E+00  1.521532E-13
        32   6  3.792762E+00  1.137829E+00 -2.666090E-12  1.149903E+00  1.639774E+00  7.443465E-14
        32   7  3.792762E+00  1.137829E+00  3.541611E-13  1.149903E+00 -1.984163E+00  9.085406E-14
        32   8  3.792762E+00  1.137829E+00 -5.490941E-12  1.149903E+00 -1.984163E+00  2.189254E-14
        33   1 -8.283824E+00 -2.485147E+00 -1.796785E-12 -3.142278E-01  4.492398E-01  7.881316E-14
        33   2 -8.283824E+00 -2.485147E+00 -2.060574E-12 -3.142278E-01  4.492398E-01  3.502807E-13
        33   3 -8.283824E+00 -2.485147E+00  3.905321E-12 -3.142278E-01 -5.410539E-01 -2.714675E-13
        33   4 -8.283824E+00 -2.485147E+00  4.011014E-12 -3.142278E-01 -5.410539E-01  4.290939E-13
        33   5  8.283824E+00  2.485147E+00 -1.207923E-12  3.142278E-01  4.492398E-01 -1.401123E-13
        33   6  8.283824E+00  2.485147E+00 -1.350031E-12  3.142278E-01  4.492398E-01  6.129912E-14
        33   7  8.283824E+00  2.485147E+00  8.437695E-14  3.142278E-01 -5.410539E-01 -1.488693E-13
        33   8  8.283824E+00  2.485147E+00  1.167066E-12  3.142278E-01 -5.410539E-01  5.254211E-14
        34   1 -1.008283E+01 -3.024848E+00 -2.908784E-12 -2.199935E-01  3.419662E-01  2.451965E-13
        34   2 -1.008283E+01 -3.024848E+00 -1.691092E-12 -2.199935E-01  3.419662E-01  5.604491E-13
        34   3 -1.008283E+01 -3.024848E+00 -3.717915E-12 -2.199935E-01 -3.513467E-01  3.940658E-13
        34   4 -1.008283E+01 -3.024848E+00 -4.618528E-14 -2.199935E-01 -3.513467E-01  6.480193E-13
        34   5  1.008283E+01  3.024848E+00 -1.896261E-12  2.199935E-01  3.419662E-01  2.276825E-13
        34   6  1.008283E+01  3.024848E+00 -8.117951E-13  2.199935E-01  3.419662E-01  5.429351E-13
        34   7  1.008283E+01  3.024848E+00  2.203571E-12  2.199935E-01 -3.513467E-01  2.451965E-13
        34   8  1.008283E+01  3.024848E+00  3.899991E-12  2.199935E-01 -3.513467E-01  5.341781E-13
        35   1 -8.487825E+00 -2.546348E+00  2.922107E-12  5.324296E-01 -7.858290E-01  1.838974E-13
        35   2 -8.487825E+00 -2.546348E+00  5.986323E-13  5.324296E-01 -7.858290E-01  3.502807E-14
        35   3 -8.487825E+00 -2.546348E+00  3.198330E-12  5.324296E-01  8.921310E-01  3.064956E-13
        35   4 -8.487825E+00 -2.546348E+00  4.802381E-12  5.324296E-01  8.921310E-01  5.779632E-13
        35   5  8.487825E+00  2.546348E+00 -3.914202E-12 -5.324296E-01 -7.858290E-01  2.014114E-13
        35   6  8.487825E+00  2.546348E+00 -2.435385E-12 -5.324296E-01 -7.858290E-01  3.415237E-13
        35   7  8.487825E+00  2.546348E+00 -2.166267E-12 -5.324296E-01  8.921310E-01  4.641219E-13
        35   8  8.487825E+00  2.546348E+00 -1.054268E-12 -5.324296E-01  8.921310E-01  5.166640E-13
        36   1 -1.974258E+00 -5.922774E-01 -1.640688E-12  6.538202E-01 -7.640667E-01 -3.064956E-13
        36   2 -1.974258E+00 -5.922774E-01  3.793410E-12  6.538202E-01 -7.640667E-01  2.692783E-13
        36   3 -1.974258E+00 -5.922774E-01  1.601608E-12  6.538202E-01  1.296458E+00 -1.357338E-13
        36   4 -1.974258E+00 -5.922774E-01 -3.873346E-12  6.538202E-01  1.296458E+00  4.903930E-13
        36   5  1.974258E+00  5.922774E-01 -3.542722E-12 -6.538202E-01 -7.640667E-01 -6.305053E-13
        36   6  1.974258E+00  5.922774E-01  2.255973E-12 -6.538202E-01 -7.640667E-01  8.319167E-14
        36   7  1.974258E+00  5.922774E-01  6.890044E-13 -6.538202E-01  1.296458E+00 -4.685004E-13
        36   8  1.974258E+00  5.922774E-01 -4.303002E-12 -6.538202E-01  1.296458E+00  2.430072E-13
        37   1  1.054615E+00  3.163845E-01 -5.995204E-13 -1.320977E-01 -4.592255E-02 -6.086127E-13
        37   2  1.054615E+00  3.163845E-01  2.046141E-13 -1.320977E-01 -4.592255E-02  1.488693E-13
        37   3  1.054615E+00  3.163845E-01 -1.186939E-12 -1.320977E-01 -4.622305E-01 -6.502086E-13
        37   4  1.054615E+00  3.163845E-01  9.823253E-13 -1.320977E-01 -4.622305E-01  1.061788E-13
        37   5 -1.054615E+00 -3.163845E-01 -7.319700E-13  1.320977E-01 -4.592255E-02 -5.921933E-13
        37   6 -1.054615E+00 -3.163845E-01 -1.739719E-13  1.320977E-01 -4.592255E-02 -9.523257E-14
        37   7 -1.054615E+00 -3.163845E-01 -1.563638E-12  1.320977E-01 -4.622305E-01 -6.337891E-13
        37   8 -1.054615E+00 -3.163845E-01  8.514300E-13  1.320977E-01 -4.622305E-01 -1.390177E-13
        38   1 -7.731498E-01 -2.319449E-01  2.735590E-13 -3.223707E-02  1.633621E-01  1.598156E-13
        38   2 -7.731498E-01 -2.319449E-01  2.583544E-12 -3.223707E-02  1.633621E-01 -3.240096E-13
        38   3 -7.731498E-01 -2.319449E-01 -2.348566E-12 -3.223707E-02  6.176652E-02  5.254211E-14
        38   4 -7.731498E-01 -2.319449E-01  3.700873E-12 -3.223707E-02  6.176652E-02 -2.889816E-13
        38   5  7.731498E-01  2.319449E-01  1.495859E-12  3.223707E-02  1.633621E-01 -1.444908E-13
        38   6  7.731498E-01  2.319449E-01  3.437139E-12  3.223707E-02  1.633621E-01 -1.729511E-13
        38   7  7.731498E-01  2.319449E-01 -1.856848E-12  3.223707E-02  6.176652E-02 -2.211147E-13
        38   8  7.731498E-01  2.319449E-01  1.494249E-12  3.223707E-02  6.176652E-02 -1.817081E-13
        39   1  0.000000E+00  0.000000E+00  0.000000E+00  0.000000E+00  0.000000E+00  0.000000E+00
        39   2  0.000000E+00  0.000000E+00  0.000000E+00  0.000000E+00  0.000000E+00  0.000000E+00
        39   3  0.000000E+00  0.000000E+00  0.000000E+00  0.000000E+00  0.000000E+00  0.000000E+00
        39   4  0.000000E+00  0.000000E+00  0.000000E+00  0.000000E+00  0.000000E+00  0.000000E+00
        39   5  0.000000E+00  0.000000E+00  0.000000E+00  0.000000E+00  0.000000E+00  0.000000E+00
        39   6  0.000000E+00  0.000000E+00  0.000000E+00  0.000000E+00  0.000000E+00  0.000000E+00
        39   7  0.000000E+00  0.000000E+00  0.000000E+00  0.000000E+00  0.000000E+00  0.000000E+00
        39   8  0.000000E+00  0.000000E+00  0.000000E+00  0.000000E+00  0.000000E+00  0.000000E+00
        40   1  0.000000E+00  0.000000E+00  0.000000E+00  0.000000E+00  0.000000E+00  0.000000E+00
        40   2  0.000000E+00  0.000000E+00  0.000000E+00  0.000000E+00  0.000000E+00  0.000000E+00
        40   3  0.000000E+00  0.000000E+00  0.000000E+00  0.000000E+00  0.000000E+00  0.000000E+00
        40   4  0.000000E+00  0.000000E+00  0.000000E+00  0.000000E+00  0.000000E+00  0.000000E+00
        40   5  0.000000E+00  0.000000E+00  0.000000E+00  0.000000E+00  0.000000E+00  0.000000E+00
        40   6  0.000000E+00  0.000000E+00  0.000000E+00  0.000000E+00  0.000000E+00  0.000000E+00
        40   7  0.000000E+00  0.000000E+00  0.000000E+00  0.000000E+00  0.000000E+00  0.000000E+00
        40   8  0.000000E+00  0.000000E+00  0.000000E+00  0.000000E+00  0.000000E+00  0.000000E+00
        41   1  0.000000E+00  0.000000E+00  0.000000E+00  0.000000E+00  0.000000E+00  0.000000E+00
        41   2  0.000000E+00  0.000000E+00  0.000000E+00  0.000000E+00  0.000000E+00  0.000000E+00
        41   3  0.000000E+00  0.000000E+00  0.000000E+00  0.000000E+00  0.000000E+00  0.000000E+00
        41   4  0.000000E+00  0.000000E+00  0.000000E+00  0.000000E+00  0.000000E+00  0.000000E+00
        41   5  0.000000E+00  0.000000E+00  0.000000E+00  0.000000E+00  0.000000E+00  0.000000E+00
        41   6  0.000000E+00  0.000000E+00  0.000000E+00  0.000000E+00  0.000000E+00  0.000000E+00
        41   7  0.000000E+00  0.000000E+00  0.000000E+00  0.000000E+00  0.000000E+00  0.000000E+00
        41   8  0.000000E+00  0.000000E+00  0.000000E+00  0.000000E+00  0.000000E+00  0.000000E+00
        42   1  0.000000E+00  0.000000E+00  0.000000E+00  0.000000E+00  0.000000E+00  0.000000E+00
        42   2  0.000000E+00  0.000000E+00  0.000000E+00  0.000000E+00  0.000000E+00  0.000000E+00
        42   3  0.000000E+00  0.000000E+00  0.000000E+00  0.000000E+00  0.000000E+00  0.000000E+00
        42   4  0.000000E+00  0.000000E+00  0.000000E+00  0.000000E+00  0.000000E+00  0.000000E+00
        42   5  0.000000E+00  0.000000E+00  0.000000E+00  0.000000E+00  0.000000E+00  0.000000E+00
        42   6  0.000000E+00  0.000000E+00  0.000000E+00  0.000000E+00  0.000000E+00  0.000000E+00
        42   7  0.000000E+00  0.000000E+00  0.000000E+00  0.000000E+00  0.000000E+00  0.000000E+00
        42   8  0.000000E+00  0.000000E+00  0.000000E+00  0.000000E+00  0.000000E+00  0.000000E+00
        43   1  0.000000E+00  0.000000E+00  0.000000E+00  0.000000E+00  0.000000E+00  0.000000E+00
        43   2  0.000000E+00  0.000000E+00  0.000000E+00  0.000000E+00  0.000000E+00  0.000000E+00
        43   3  0.000000E+00  0.000000E+00  0.000000E+00  0.000000E+00  0.000000E+00  0.000000E+00
        43   4  0.000000E+00  0.000000E+00  0.000000E+00  0.000000E+00  0.000000E+00  0.000000E+00
        43   5  0.000000E+00  0.000000E+00  0.000000E+00  0.000000E+00  0.000000E+00  0.000000E+00
        43   6  0.000000E+00  0.000000E+00  0.000000E+00  0.000000E+00  0.000000E+00  0.000000E+00
        43   7  0.000000E+00  0.000000E+00  0.000000E+00  0.000000E+00  0.000000E+00  0.000000E+00
        43   8  0.000000E+00  0.000000E+00  0.000000E+00  0.000000E+00  0.000000E+00  0.000000E+00
        44   1  0.000000E+00  0.000000E+00  0.000000E+00  0.000000E+00  0.000000E+00  0.000000E+00
        44   2  0.000000E+00  0.000000E+00  0.000000E+00  0.000000E+00  0.000000E+00  0.000000E+00
        44   3  0.000000E+00  0.000000E+00  0.000000E+00  0.000000E+00  0.000000E+00  0.000000E+00
        44   4  0.000000E+00  0.000000E+00  0.000000E+00  0.000000E+00  0.000000E+00  0.000000E+00
        44   5  0.000000E+00  0.000000E+00  0.000000E+00  0.000000E+00  0.000000E+00  0.000000E+00
        44   6  0.000000E+00  0.000000E+00  0.000000E+00  0.000000E+00  0.000000E+00  0.000000E+00
        44   7  0.000000E+00  0.000000E+00  0.000000E+00  0.000000E+00  0.000000E+00  0.000000E+00
        44   8  0.000000E+00  0.000000E+00  0.000000E+00  0.000000E+00  0.000000E+00  0.000000E+00
        45   1  0.000000E+00  0.000000E+00  0.000000E+00  0.000000E+00  0.000000E+00  0.000000E+00
        45   2  0.000000E+00  0.000000E+00  0.000000E+00  0.000000E+00  0.000000E+00  0.000000E+00
        45   3  0.000000E+00  0.000000E+00  0.000000E+00  0.000000E+00  0.000000E+00  0.000000E+00
        45   4  0.000000E+00  0.000000E+00  0.000000E+00  0.000000E+00  0.000000E+00  0.000000E+00
        45   5  0.000000E+00  0.000000E+00  0.000000E+00  0.000000E+00  0.000000E+00  0.000000E+00
        45   6  0.000000E+00  0.000000E+00  0.000000E+00  0.000000E+00  0.000000E+00  0.000000E+00
        45   7  0.000000E+00  0.000000E+00  0.000000E+00  0.000000E+00  0.000000E+00  0.000000E+00
        45   8  0.000000E+00  0.000000E+00  0.000000E+00  0.000000E+00  0.000000E+00  0.000000E+00
        46   1  0.000000E+00  0.000000E+00  0.000000E+00  0.000000E+00  0.000000E+00  0.000000E+00
        46   2  0.000000E+00  0.000000E+00  0.000000E+00  0.000000E+00  0.000000E+00  0.000000E+00
        46   3  0.000000E+00  0.000000E+00  0.000000E+00  0.000000E+00  0.000000E+00  0.000000E+00
        46   4  0.000000E+00  0.000000E+00  0.000000E+00  0.000000E+00  0.000000E+00  0.000000E+00
        46   5  0.000000E+00  0.000000E+00  0.000000E+00  0.000000E+00  0.000000E+00  0.000000E+00
        46   6  0.000000E+00  0.000000E+00  0.000000E+00  0.000000E+00  0.000000E+00  0.000000E+00
        46   7  0.000000E+00  0.000000E+00  0.000000E+00  0.000000E+00  0.000000E+00  0.000000E+00
        46   8  0.000000E+00  0.000000E+00  0.000000E+00  0.000000E+00  0.000000E+00  0.000000E+00
        47   1  0.000000E+00  0.000000E+00  0.000000E+00  0.000000E+00  0.000000E+00  0.000000E+00
        47   2  0.000000E+00  0.000000E+00  0.000000E+00  0.000000E+00  0.000000E+00  0.000000E+00
        47   3  0.000000E+00  0.000000E+00  0.000000E+00  0.000000E+00  0.000000E+00  0.000000E+00
        47   4  0.000000E+00  0.000000E+00  0.000000E+00  0.000000E+00  0.000000E+00  0.000000E+00
        47   5  0.000000E+00  0.000000E+00  0.000000E+00  0.000000E+00  0.000000E+00  0.000000E+00
        47   6  0.000000E+00  0.000000E+00  0.000000E+00  0.000000E+00  0.000000E+00  0.000000E+00
        47   7  0.000000E+00  0.000000E+00  0.000000E+00  0.000000E+00  0.000000E+00  0.000000E+00
        47   8  0.000000E+00  0.000000E+00  0.000000E+00  0.000000E+00  0.000000E+00  0.000000E+00
        48   1  0.000000E+00  0.000000E+00  0.000000E+00  0.000000E+00  0.000000E+00  0.000000E+00
        48   2  0.000000E+00  0.000000E+00  0.000000E+00  0.000000E+00  0.000000E+00  0.000000E+00
        48   3  0.000000E+00  0.000000E+00  0.000000E+00  0.000000E+00  0.000000E+00  0.000000E+00
        48   4  0.000000E+00  0.000000E+00  0.000000E+00  0.000000E+00  0.000000E+00  0.000000E+00
        48   5  0.000000E+00  0.000000E+00  0.000000E+00  0.000000E+00  0.000000E+00  0.000000E+00
        48   6  0.000000E+00  0.000000E+00  0.000000E+00  0.000000E+00  0.000000E+00  0.000000E+00
        48   7  0.000000E+00  0.000000E+00  0.000000E+00  0.000000E+00  0.000000E+00  0.000000E+00
        48   8  0.000000E+00  0.000000E+00  0.000000E+00  0.000000E+00  0.000000E+00  0.000000E+00
        49   1  0.000000E+00  0.000000E+00  0.000000E+00  0.000000E+00  0.000000E+00  0.000000E+00
        49   2  0.000000E+00  0.000000E+00  0.000000E+00  0.000000E+00  0.000000E+00  0.000000E+00
        49   3  0.000000E+00  0.000000E+00  0.000000E+00  0.000000E+00  0.000000E+00  0.000000E+00
        49   4  0.000000E+00  0.000000E+00  0.000000E+00  0.000000E+00  0.000000E+00  0.000000E+00
        49   5  0.000000E+00  0.000000E+00  0.000000E+00  0.000000E+00  0.000000E+00  0.000000E+00
        49   6  0.000000E+00  0.000000E+00  0.000000E+00  0.000000E+00  0.000000E+00  0.000000E+00
        49   7  0.000000E+00  0.000000E+00  0.000000E+00  0.000000E+00  0.000000E+00  0.000000E+00
        49   8  0.000000E+00  0.000000E+00  0.000000E+00  0.000000E+00  0.000000E+00  0.000000E+00
        50   1  0.000000E+00  0.000000E+00  0.000000E+00  0.000000E+00  0.000000E+00  0.000000E+00
        50   2  0.000000E+00  0.000000E+00  0.000000E+00  0.000000E+00  0.000000E+00  0.000000E+00
        50   3  0.000000E+00  0.000000E+00  0.000000E+00  0.000000E+00  0.000000E+00  0.000000E+00
        50   4  0.000000E+00  0.000000E+00  0.000000E+00  0.000000E+00  0.000000E+00  0.000000E+00
        50   5  0.000000E+00  0.000000E+00  0.000000E+00  0.000000E+00  0.000000E+00  0.000000E+00
        50   6  0.000000E+00  0.000000E+00  0.000000E+00  0.000000E+00  0.000000E+00  0.000000E+00
        50   7  0.000000E+00  0.000000E+00  0.000000E+00  0.000000E+00  0.000000E+00  0.000000E+00
        50   8  0.000000E+00  0.000000E+00  0.000000E+00  0.000000E+00  0.000000E+00  0.000000E+00
        51   1  0.000000E+00  0.000000E+00  0.000000E+00  0.000000E+00  0.000000E+00  0.000000E+00
        51   2  0.000000E+00  0.000000E+00  0.000000E+00  0.000000E+00  0.000000E+00  0.000000E+00
        51   3  0.000000E+00  0.000000E+00  0.000000E+00  0.000000E+00  0.000000E+00  0.000000E+00
        51   4  0.000000E+00  0.000000E+00  0.000000E+00  0.000000E+00  0.000000E+00  0.000000E+00
        51   5  0.000000E+00  0.000000E+00  0.000000E+00  0.000000E+00  0.000000E+00  0.000000E+00
        51   6  0.000000E+00  0.000000E+00  0.000000E+00  0.000000E+00  0.000000E+00  0.000000E+00
        51   7  0.000000E+00  0.000000E+00  0.000000E+00  0.000000E+00  0.000000E+00  0.000000E+00
        51   8  0.000000E+00  0.000000E+00  0.000000E+00  0.000000E+00  0.000000E+00  0.000000E+00
        52   1  0.000000E+00  0.000000E+00  0.000000E+00  0.000000E+00  0.000000E+00  0.000000E+00
        52   2  0.000000E+00  0.000000E+00  0.000000E+00  0.000000E+00  0.000000E+00  0.000000E+00
        52   3  0.000000E+00  0.000000E+00  0.000000E+00  0.000000E+00  0.000000E+00  0.000000E+00
        52   4  0.000000E+00  0.000000E+00  0.000000E+00  0.000000E+00  0.000000E+00  0.000000E+00
        52   5  0.000000E+00  0.000000E+00  0.000000E+00  0.000000E+00  0.000000E+00  0.000000E+00
        52   6  0.000000E+00  0.000000E+00  0.000000E+00  0.000000E+00  0.000000E+00  0.000000E+00
        52   7  0.000000E+00  0.000000E+00  0.000000E+00  0.000000E+00  0.000000E+00  0.000000E+00
        52   8  0.000000E+00  0.000000E+00  0.000000E+00  0.000000E+00  0.000000E+00  0.000000E+00
        53   1  0.000000E+00  0.000000E+00  0.000000E+00  0.000000E+00  0.000000E+00  0.000000E+00
        53   2  0.000000E+00  0.000000E+00  0.000000E+00  0.000000E+00  0.000000E+00  0.000000E+00
        53   3  0.000000E+00  0.000000E+00  0.000000E+00  0.000000E+00  0.000000E+00  0.000000E+00
        53   4  0.000000E+00  0.000000E+00  0.000000E+00  0.000000E+00  0.000000E+00  0.000000E+00
        53   5  0.000000E+00  0.000000E+00  0.000000E+00  0.000000E+00  0.000000E+00  0.000000E+00
        53   6  0.000000E+00  0.000000E+00  0.000000E+00  0.000000E+00  0.000000E+00  0.000000E+00
        53   7  0.000000E+00  0.000000E+00  0.000000E+00  0.000000E+00  0.000000E+00  0.000000E+00
        53   8  0.000000E+00  0.000000E+00  0.000000E+00  0.000000E+00  0.000000E+00  0.000000E+00
        54   1  0.000000E+00  0.000000E+00  0.000000E+00  0.000000E+00  0.000000E+00  0.000000E+00
        54   2  0.000000E+00  0.000000E+00  0.000000E+00  0.000000E+00  0.000000E+00  0.000000E+00
        54   3  0.000000E+00  0.000000E+00  0.000000E+00  0.000000E+00  0.000000E+00  0.000000E+00
        54   4  0.000000E+00  0.000000E+00  0.000000E+00  0.000000E+00  0.000000E+00  0.000000E+00
        54   5  0.000000E+00  0.000000E+00  0.000000E+00  0.000000E+00  0.000000E+00  0.000000E+00
        54   6  0.000000E+00  0.000000E+00  0.000000E+00  0.000000E+00  0.000000E+00  0.000000E+00
        54   7  0.000000E+00  0.000000E+00  0.000000E+00  0.000000E+00  0.000000E+00  0.000000E+00
        54   8  0.000000E+00  0.000000E+00  0.000000E+00  0.000000E+00  0.000000E+00  0.000000E+00
        55   1  0.000000E+00  0.000000E+00  0.000000E+00  0.000000E+00  0.000000E+00  0.000000E+00
        55   2  0.000000E+00  0.000000E+00  0.000000E+00  0.000000E+00  0.000000E+00  0.000000E+00
        55   3  0.000000E+00  0.000000E+00  0.000000E+00  0.000000E+00  0.000000E+00  0.000000E+00
        55   4  0.000000E+00  0.000000E+00  0.000000E+00  0.000000E+00  0.000000E+00  0.000000E+00
        55   5  0.000000E+00  0.000000E+00  0.000000E+00  0.000000E+00  0.000000E+00  0.000000E+00
        55   6  0.000000E+00  0.000000E+00  0.000000E+00  0.000000E+00  0.000000E+00  0.000000E+00
        55   7  0.000000E+00  0.000000E+00  0.000000E+00  0.000000E+00  0.000000E+00  0.000000E+00
        55   8  0.000000E+00  0.000000E+00  0.000000E+00  0.000000E+00  0.000000E+00  0.000000E+00
        56   1  0.000000E+00  0.000000E+00  0.000000E+00  0.000000E+00  0.000000E+00  0.000000E+00
        56   2  0.000000E+00  0.000000E+00  0.000000E+00  0.000000E+00  0.000000E+00  0.000000E+00
        56   3  0.000000E+00  0.000000E+00  0.000000E+00  0.000000E+00  0.000000E+00  0.000000E+00
        56   4  0.000000E+00  0.000000E+00  0.000000E+00  0.000000E+00  0.000000E+00  0.000000E+00
        56   5  0.000000E+00  0.000000E+00  0.000000E+00  0.000000E+00  0.000000E+00  0.000000E+00
        56   6  0.000000E+00  0.000000E+00  0.000000E+00  0.000000E+00  0.000000E+00  0.000000E+00
        56   7  0.000000E+00  0.000000E+00  0.000000E+00  0.000000E+00  0.000000E+00  0.000000E+00
        56   8  0.000000E+00  0.000000E+00  0.000000E+00  0.000000E+00  0.000000E+00  0.000000E+00
        57   1  0.000000E+00  0.000000E+00  0.000000E+00  0.000000E+00  0.000000E+00  0.000000E+00
        57   2  0.000000E+00  0.000000E+00  0.000000E+00  0.000000E+00  0.000000E+00  0.000000E+00
        57   3  0.000000E+00  0.000000E+00  0.000000E+00  0.000000E+00  0.000000E+00  0.000000E+00
        57   4  0.000000E+00  0.000000E+00  0.000000E+00  0.000000E+00  0.000000E+00  0.000000E+00
        57   5  0.000000E+00  0.000000E+00  0.000000E+00  0.000000E+00  0.000000E+00  0.000000E+00
        57   6  0.000000E+00  0.000000E+00  0.000000E+00  0.000000E+00  0.000000E+00  0.000000E+00
        57   7  0.000000E+00  0.000000E+00  0.000000E+00  0.000000E+00  0.000000E+00  0.000000E+00
        57   8  0.000000E+00  0.000000E+00  0.000000E+00  0.000000E+00  0.000000E+00  0.000000E+00
        58   1  0.000000E+00  0.000000E+00  0.000000E+00  0.000000E+00  0.000000E+00  0.000000E+00
        58   2  0.000000E+00  0.000000E+00  0.000000E+00  0.000000E+00  0.000000E+00  0.000000E+00
        58   3  0.000000E+00  0.000000E+00  0.000000E+00  0.000000E+00  0.000000E+00  0.000000E+00
        58   4  0.000000E+00  0.000000E+00  0.000000E+00  0.000000E+00  0.000000E+00  0.000000E+00
        58   5  0.000000E+00  0.000000E+00  0.000000E+00  0.000000E+00  0.000000E+00  0.000000E+00
        58   6  0.000000E+00  0.000000E+00  0.000000E+00  0.000000E+00  0.000000E+00  0.000000E+00
        58   7  0.000000E+00  0.000000E+00  0.000000E+00  0.000000E+00  0.000000E+00  0.000000E+00
        58   8  0.000000E+00  0.000000E+00  0.000000E+00  0.000000E+00  0.000000E+00  0.000000E+00
        59   1  0.000000E+00  0.000000E+00  0.000000E+00  0.000000E+00  0.000000E+00  0.000000E+00
        59   2  0.000000E+00  0.000000E+00  0.000000E+00  0.000000E+00  0.000000E+00  0.000000E+00
        59   3  0.000000E+00  0.000000E+00  0.000000E+00  0.000000E+00  0.000000E+00  0.000000E+00
        59   4  0.000000E+00  0.000000E+00  0.000000E+00  0.000000E+00  0.000000E+00  0.000000E+00
        59   5  0.000000E+00  0.000000E+00  0.000000E+00  0.000000E+00  0.000000E+00  0.000000E+00
        59   6  0.000000E+00  0.000000E+00  0.000000E+00  0.000000E+00  0.000000E+00  0.000000E+00
        59   7  0.000000E+00  0.000000E+00  0.000000E+00  0.000000E+00  0.000000E+00  0.000000E+00
        59   8  0.000000E+00  0.000000E+00  0.000000E+00  0.000000E+00  0.000000E+00  0.000000E+00
        60   1  0.000000E+00  0.000000E+00  0.000000E+00  0.000000E+00  0.000000E+00  0.000000E+00
        60   2  0.000000E+00  0.000000E+00  0.000000E+00  0.000000E+00  0.000000E+00  0.000000E+00
        60   3  0.000000E+00  0.000000E+00  0.000000E+00  0.000000E+00  0.000000E+00  0.000000E+00
        60   4  0.000000E+00  0.000000E+00  0.000000E+00  0.000000E+00  0.000000E+00  0.000000E+00
        60   5  0.000000E+00  0.000000E+00  0.000000E+00  0.000000E+00  0.000000E+00  0.000000E+00
        60   6  0.000000E+00  0.000000E+00  0.000000E+00  0.000000E+00  0.000000E+00  0.000000E+00
        60   7  0.000000E+00  0.000000E+00  0.000000E+00  0.000000E+00  0.000000E+00  0.000000E+00
        60   8  0.000000E+00  0.000000E+00  0.000000E+00  0.000000E+00  0.000000E+00  0.000000E+00
        61   1  0.000000E+00  0.000000E+00  0.000000E+00  0.000000E+00  0.000000E+00  0.000000E+00
        61   2  0.000000E+00  0.000000E+00  0.000000E+00  0.000000E+00  0.000000E+00  0.000000E+00
        61   3  0.000000E+00  0.000000E+00  0.000000E+00  0.000000E+00  0.000000E+00  0.000000E+00
        61   4  0.000000E+00  0.000000E+00  0.000000E+00  0.000000E+00  0.000000E+00  0.000000E+00
        61   5  0.000000E+00  0.000000E+00  0.000000E+00  0.000000E+00  0.000000E+00  0.000000E+00
        61   6  0.000000E+00  0.000000E+00  0.000000E+00  0.000000E+00  0.000000E+00  0.000000E+00
        61   7  0.000000E+00  0.000000E+00  0.000000E+00  0.000000E+00  0.000000E+00  0.000000E+00
        61   8  0.000000E+00  0.000000E+00  0.000000E+00  0.000000E+00  0.000000E+00  0.000000E+00
        62   1  0.000000E+00  0.000000E+00  0.000000E+00  0.000000E+00  0.000000E+00  0.000000E+00
        62   2  0.000000E+00  0.000000E+00  0.000000E+00  0.000000E+00  0.000000E+00  0.000000E+00
        62   3  0.000000E+00  0.000000E+00  0.000000E+00  0.000000E+00  0.000000E+00  0.000000E+00
        62   4  0.000000E+00  0.000000E+00  0.000000E+00  0.000000E+00  0.000000E+00  0.000000E+00
        62   5  0.000000E+00  0.000000E+00  0.000000E+00  0.000000E+00  0.000000E+00  0.000000E+00
        62   6  0.000000E+00  0.000000E+00  0.000000E+00  0.000000E+00  0.000000E+00  0.000000E+00
        62   7  0.000000E+00  0.000000E+00  0.000000E+00  0.000000E+00  0.000000E+00  0.000000E+00
        62   8  0.000000E+00  0.000000E+00  0.000000E+00  0.000000E+00  0.000000E+00  0.000000E+00
        63   1  0.000000E+00  0.000000E+00  0.000000E+00  0.000000E+00  0.000000E+00  0.000000E+00
        63   2  0.000000E+00  0.000000E+00  0.000000E+00  0.000000E+00  0.000000E+00  0.000000E+00
        63   3  0.000000E+00  0.000000E+00  0.000000E+00  0.000000E+00  0.000000E+00  0.000000E+00
        63   4  0.000000E+00  0.000000E+00  0.000000E+00  0.000000E+00  0.000000E+00  0.000000E+00
        63   5  0.000000E+00  0.000000E+00  0.000000E+00  0.000000E+00  0.000000E+00  0.000000E+00
        63   6  0.000000E+00  0.000000E+00  0.000000E+00  0.000000E+00  0.000000E+00  0.000000E+00
        63   7  0.000000E+00  0.000000E+00  0.000000E+00  0.000000E+00  0.000000E+00  0.000000E+00
        63   8  0.000000E+00  0.000000E+00  0.000000E+00  0.000000E+00  0.000000E+00  0.000000E+00
        64   1  0.000000E+00  0.000000E+00  0.000000E+00  0.000000E+00  0.000000E+00  0.000000E+00
        64   2  0.000000E+00  0.000000E+00  0.000000E+00  0.000000E+00  0.000000E+00  0.000000E+00
        64   3  0.000000E+00  0.000000E+00  0.000000E+00  0.000000E+00  0.000000E+00  0.000000E+00
        64   4  0.000000E+00  0.000000E+00  0.000000E+00  0.000000E+00  0.000000E+00  0.000000E+00
        64   5  0.000000E+00  0.000000E+00  0.000000E+00  0.000000E+00  0.000000E+00  0.000000E+00
        64   6  0.000000E+00  0.000000E+00  0.000000E+00  0.000000E+00  0.000000E+00  0.000000E+00
        64   7  0.000000E+00  0.000000E+00  0.000000E+00  0.000000E+00  0.000000E+00  0.000000E+00
        64   8  0.000000E+00  0.000000E+00  0.000000E+00  0.000000E+00  0.000000E+00  0.000000E+00
        65   1  0.000000E+00  0.000000E+00  0.000000E+00  0.000000E+00  0.000000E+00  0.000000E+00
        65   2  0.000000E+00  0.000000E+00  0.000000E+00  0.000000E+00  0.000000E+00  0.000000E+00
        65   3  0.000000E+00  0.000000E+00  0.000000E+00  0.000000E+00  0.000000E+00  0.000000E+00
        65   4  0.000000E+00  0.000000E+00  0.000000E+00  0.000000E+00  0.000000E+00  0.000000E+00
        65   5  0.000000E+00  0.000000E+00  0.000000E+00  0.000000E+00  0.000000E+00  0.000000E+00
        65   6  0.000000E+00  0.000000E+00  0.000000E+00  0.000000E+00  0.000000E+00  0.000000E+00
        65   7  0.000000E+00  0.000000E+00  0.000000E+00  0.000000E+00  0.000000E+00  0.000000E+00
        65   8  0.000000E+00  0.000000E+00  0.000000E+00  0.000000E+00  0.000000E+00  0.000000E+00
        66   1  0.000000E+00  0.000000E+00  0.000000E+00  0.000000E+00  0.000000E+00  0.000000E+00
        66   2  0.000000E+00  0.000000E+00  0.000000E+00  0.000000E+00  0.000000E+00  0.000000E+00
        66   3  0.000000E+00  0.000000E+00  0.000000E+00  0.000000E+00  0.000000E+00  0.000000E+00
        66   4  0.000000E+00  0.000000E+00  0.000000E+00  0.000000E+00  0.000000E+00  0.000000E+00
        66   5  0.000000E+00  0.000000E+00  0.000000E+00  0.000000E+00  0.000000E+00  0.000000E+00
        66   6  0.000000E+00  0.000000E+00  0.000000E+00  0.000000E+00  0.000000E+00  0.000000E+00
        66   7  0.000000E+00  0.000000E+00  0.000000E+00  0.000000E+00  0.000000E+00  0.000000E+00
        66   8  0.000000E+00  0.000000E+00  0.000000E+00  0.000000E+00  0.000000E+00  0.000000E+00
        67   1  0.000000E+00  0.000000E+00  0.000000E+00  0.000000E+00  0.000000E+00  0.000000E+00
        67   2  0.000000E+00  0.000000E+00  0.000000E+00  0.000000E+00  0.000000E+00  0.000000E+00
        67   3  0.000000E+00  0.000000E+00  0.000000E+00  0.000000E+00  0.000000E+00  0.000000E+00
        67   4  0.000000E+00  0.000000E+00  0.000000E+00  0.000000E+00  0.000000E+00  0.000000E+00
        67   5  0.000000E+00  0.000000E+00  0.000000E+00  0.000000E+00  0.000000E+00  0.000000E+00
        67   6  0.000000E+00  0.000000E+00  0.000000E+00  0.000000E+00  0.000000E+00  0.000000E+00
        67   7  0.000000E+00  0.000000E+00  0.000000E+00  0.000000E+00  0.000000E+00  0.000000E+00
        67   8  0.000000E+00  0.000000E+00  0.000000E+00  0.000000E+00  0.000000E+00  0.000000E+00
        68   1  0.000000E+00  0.000000E+00  0.000000E+00  0.000000E+00  0.000000E+00  0.000000E+00
        68   2  0.000000E+00  0.000000E+00  0.000000E+00  0.000000E+00  0.000000E+00  0.000000E+00
        68   3  0.000000E+00  0.000000E+00  0.000000E+00  0.000000E+00  0.000000E+00  0.000000E+00
        68   4  0.000000E+00  0.000000E+00  0.000000E+00  0.000000E+00  0.000000E+00  0.000000E+00
        68   5  0.000000E+00  0.000000E+00  0.000000E+00  0.000000E+00  0.000000E+00  0.000000E+00
        68   6  0.000000E+00  0.000000E+00  0.000000E+00  0.000000E+00  0.000000E+00  0.000000E+00
        68   7  0.000000E+00  0.000000E+00  0.000000E+00  0.000000E+00  0.000000E+00  0.000000E+00
        68   8  0.000000E+00  0.000000E+00  0.000000E+00  0.000000E+00  0.000000E+00  0.000000E+00
        69   1  0.000000E+00  0.000000E+00  0.000000E+00  0.000000E+00  0.000000E+00  0.000000E+00
        69   2  0.000000E+00  0.000000E+00  0.000000E+00  0.000000E+00  0.000000E+00  0.000000E+00
        69   3  0.000000E+00  0.000000E+00  0.000000E+00  0.000000E+00  0.000000E+00  0.000000E+00
        69   4  0.000000E+00  0.000000E+00  0.000000E+00  0.000000E+00  0.000000E+00  0.000000E+00
        69   5  0.000000E+00  0.000000E+00  0.000000E+00  0.000000E+00  0.000000E+00  0.000000E+00
        69   6  0.000000E+00  0.000000E+00  0.000000E+00  0.000000E+00  0.000000E+00  0.000000E+00
        69   7  0.000000E+00  0.000000E+00  0.000000E+00  0.000000E+00  0.000000E+00  0.000000E+00
        69   8  0.000000E+00  0.000000E+00  0.000000E+00  0.000000E+00  0.000000E+00  0.000000E+00
        70   1  0.000000E+00  0.000000E+00  0.000000E+00  0.000000E+00  0.000000E+00  0.000000E+00
        70   2  0.000000E+00  0.000000E+00  0.000000E+00  0.000000E+00  0.000000E+00  0.000000E+00
        70   3  0.000000E+00  0.000000E+00  0.000000E+00  0.000000E+00  0.000000E+00  0.000000E+00
        70   4  0.000000E+00  0.000000E+00  0.000000E+00  0.000000E+00  0.000000E+00  0.000000E+00
        70   5  0.000000E+00  0.000000E+00  0.000000E+00  0.000000E+00  0.000000E+00  0.000000E+00
        70   6  0.000000E+00  0.000000E+00  0.000000E+00  0.000000E+00  0.000000E+00  0.000000E+00
        70   7  0.000000E+00  0.000000E+00  0.000000E+00  0.000000E+00  0.000000E+00  0.000000E+00
        70   8  0.000000E+00  0.000000E+00  0.000000E+00  0.000000E+00  0.000000E+00  0.000000E+00
        71   1  0.000000E+00  0.000000E+00  0.000000E+00  0.000000E+00  0.000000E+00  0.000000E+00
        71   2  0.000000E+00  0.000000E+00  0.000000E+00  0.000000E+00  0.000000E+00  0.000000E+00
        71   3  0.000000E+00  0.000000E+00  0.000000E+00  0.000000E+00  0.000000E+00  0.000000E+00
        71   4  0.000000E+00  0.000000E+00  0.000000E+00  0.000000E+00  0.000000E+00  0.000000E+00
        71   5  0.000000E+00  0.000000E+00  0.000000E+00  0.000000E+00  0.000000E+00  0.000000E+00
        71   6  0.000000E+00  0.000000E+00  0.000000E+00  0.000000E+00  0.000000E+00  0.000000E+00
        71   7  0.000000E+00  0.000000E+00  0.000000E+00  0.000000E+00  0.000000E+00  0.000000E+00
        71   8  0.000000E+00  0.000000E+00  0.000000E+00  0.000000E+00  0.000000E+00  0.000000E+00
        72   1  0.000000E+00  0.000000E+00  0.000000E+00  0.000000E+00  0.000000E+00  0.000000E+00
        72   2  0.000000E+00  0.000000E+00  0.000000E+00  0.000000E+00  0.000000E+00  0.000000E+00
        72   3  0.000000E+00  0.000000E+00  0.000000E+00  0.000000E+00  0.000000E+00  0.000000E+00
        72   4  0.000000E+00  0.000000E+00  0.000000E+00  0.000000E+00  0.000000E+00  0.000000E+00
        72   5  0.000000E+00  0.000000E+00  0.000000E+00  0.000000E+00  0.000000E+00  0.000000E+00
        72   6  0.000000E+00  0.000000E+00  0.000000E+00  0.000000E+00  0.000000E+00  0.000000E+00
        72   7  0.000000E+00  0.000000E+00  0.000000E+00  0.000000E+00  0.000000E+00  0.000000E+00
        72   8  0.000000E+00  0.000000E+00  0.000000E+00  0.000000E+00  0.000000E+00  0.000000E+00
        73   1  0.000000E+00  0.000000E+00  0.000000E+00  0.000000E+00  0.000000E+00  0.000000E+00
        73   2  0.000000E+00  0.000000E+00  0.000000E+00  0.000000E+00  0.000000E+00  0.000000E+00
        73   3  0.000000E+00  0.000000E+00  0.000000E+00  0.000000E+00  0.000000E+00  0.000000E+00
        73   4  0.000000E+00  0.000000E+00  0.000000E+00  0.000000E+00  0.000000E+00  0.000000E+00
        73   5  0.000000E+00  0.000000E+00  0.000000E+00  0.000000E+00  0.000000E+00  0.000000E+00
        73   6  0.000000E+00  0.000000E+00  0.000000E+00  0.000000E+00  0.000000E+00  0.000000E+00
        73   7  0.000000E+00  0.000000E+00  0.000000E+00  0.000000E+00  0.000000E+00  0.000000E+00
        73   8  0.000000E+00  0.000000E+00  0.000000E+00  0.000000E+00  0.000000E+00  0.000000E+00
        74   1  0.000000E+00  0.000000E+00  0.000000E+00  0.000000E+00  0.000000E+00  0.000000E+00
        74   2  0.000000E+00  0.000000E+00  0.000000E+00  0.000000E+00  0.000000E+00  0.000000E+00
        74   3  0.000000E+00  0.000000E+00  0.000000E+00  0.000000E+00  0.000000E+00  0.000000E+00
        74   4  0.000000E+00  0.000000E+00  0.000000E+00  0.000000E+00  0.000000E+00  0.000000E+00
        74   5  0.000000E+00  0.000000E+00  0.000000E+00  0.000000E+00  0.000000E+00  0.000000E+00
        74   6  0.000000E+00  0.000000E+00  0.000000E+00  0.000000E+00  0.000000E+00  0.000000E+00
        74   7  0.000000E+00  0.000000E+00  0.000000E+00  0.000000E+00  0.000000E+00  0.000000E+00
        74   8  0.000000E+00  0.000000E+00  0.000000E+00  0.000000E+00  0.000000E+00  0.000000E+00
        75   1 -2.538628E+00 -9.722658E+00 -5.209614E-01  8.461483E-01  5.045693E-01  1.537328E+00
        75   2 -5.730215E-01 -8.880255E+00  3.214416E-01  1.178681E+00 -4.555475E-01  9.520702E-01
        75   3 -2.339109E+00 -9.257112E+00 -3.214416E-01  1.070789E+00 -4.838502E-01 -9.682832E-01
        75   4 -3.735017E-01 -8.414709E+00  5.209614E-01  1.403322E+00  5.328720E-01 -3.830251E-01
        75   5  2.538628E+00  9.722658E+00  5.209614E-01 -8.461483E-01  5.045693E-01  1.537328E+00
        75   6  5.730215E-01  8.880255E+00 -3.214416E-01 -1.178681E+00 -4.555475E-01  9.520702E-01
        75   7  2.339109E+00  9.257112E+00  3.214416E-01 -1.070789E+00 -4.838502E-01 -9.682832E-01
        75   8  3.735017E-01  8.414709E+00 -5.209614E-01 -1.403322E+00  5.328720E-01 -3.830251E-01
        76   1  6.735727E-01 -5.537526E+00  2.489752E-01  1.616858E+00 -2.142018E-01  9.943982E-01
        76   2 -3.155328E-01 -5.961428E+00 -1.749271E-01  1.556273E+00  2.434689E-01  1.101027E+00
        76   3  5.995246E-01 -5.710305E+00  1.749271E-01  1.386590E+00  2.831770E-01 -4.253531E-01
        76   4 -3.895809E-01 -6.134207E+00 -2.489752E-01  1.326005E+00 -2.539099E-01 -5.319824E-01
        76   5 -6.735727E-01  5.537526E+00 -2.489752E-01 -1.616858E+00 -2.142018E-01  9.943982E-01
        76   6  3.155328E-01  5.961428E+00  1.749271E-01 -1.556273E+00  2.434689E-01  1.101027E+00
        76   7 -5.995246E-01  5.710305E+00 -1.749271E-01 -1.386590E+00  2.831770E-01 -4.253531E-01
        76   8  3.895809E-01  6.134207E+00  2.489752E-01 -1.326005E+00 -2.539099E-01 -5.319824E-01
        77   1  2.384495E-01 -2.938981E+00  1.389297E-01  1.450938E+00 -1.801448E-01  1.088594E+00
        77   2 -4.160697E-01 -3.219489E+00 -1.415785E-01  1.454390E+00  1.603902E-01  1.082520E+00
        77   3  2.410983E-01 -2.932800E+00  1.415785E-01  1.355261E+00  1.489848E-01 -5.195493E-01
        77   4 -4.134209E-01 -3.213308E+00 -1.389297E-01  1.358712E+00 -1.687395E-01 -5.134747E-01
        77   5 -2.384495E-01  2.938981E+00 -1.389297E-01 -1.450938E+00 -1.801448E-01  1.088594E+00
        77   6  4.160697E-01  3.219489E+00  1.415785E-01 -1.454390E+00  1.603902E-01  1.082520E+00
        77   7 -2.410983E-01  2.932800E+00 -1.415785E-01 -1.355261E+00  1.489848E-01 -5.195493E-01
        77   8  4.134209E-01  3.213308E+00  1.389297E-01 -1.358712E+00 -1.687395E-01 -5.134747E-01
        78   1  4.160396E-01  4.578135E-01  1.416765E-01  1.454423E+00 -1.605052E-01  1.082520E+00
        78   2 -2.389370E-01  1.771093E-01 -1.390277E-01  1.450972E+00  1.802598E-01  1.088594E+00
        78   3  4.133908E-01  4.516330E-01  1.390277E-01  1.358679E+00  1.688545E-01 -5.134747E-01
        78   4 -2.415858E-01  1.709287E-01 -1.416765E-01  1.355228E+00 -1.490998E-01 -5.195493E-01
        78   5 -4.160396E-01 -4.578135E-01 -1.416765E-01 -1.454423E+00 -1.605052E-01  1.082520E+00
        78   6  2.389370E-01 -1.771093E-01  1.390277E-01 -1.450972E+00  1.802598E-01  1.088594E+00
        78   7 -4.133908E-01 -4.516330E-01 -1.390277E-01 -1.358679E+00  1.688545E-01 -5.134747E-01
        78   8  2.415858E-01 -1.709287E-01  1.416765E-01 -1.355228E+00 -1.490998E-01 -5.195493E-01
        79   1  3.194250E-01  3.193009E+00  1.682814E-01  1.552663E+00 -2.356712E-01  1.101027E+00
        79   2 -6.386671E-01  2.782398E+00 -2.423295E-01  1.613248E+00  2.064041E-01  9.943982E-01
        79   3  3.934731E-01  3.365788E+00  2.423295E-01  1.329615E+00  2.461122E-01 -5.319824E-01
        79   4 -5.646190E-01  2.955177E+00 -1.682814E-01  1.390200E+00 -2.753793E-01 -4.253531E-01
        79   5 -3.194250E-01 -3.193009E+00 -1.682814E-01 -1.552663E+00 -2.356712E-01  1.101027E+00
        79   6  6.386671E-01 -2.782398E+00  2.423295E-01 -1.613248E+00  2.064041E-01  9.943982E-01
        79   7 -3.934731E-01 -3.365788E+00 -2.423295E-01 -1.329615E+00  2.461122E-01 -5.319824E-01
        79   8  5.646190E-01 -2.955177E+00  1.682814E-01 -1.390200E+00 -2.753793E-01 -4.253531E-01
        80   1  5.156912E-01  6.263022E+00 -1.769015E-01  1.217225E+00  2.859538E-01  9.520702E-01
        80   2  1.806778E+00  6.816345E+00  3.764213E-01  8.846924E-01 -3.349755E-01  1.537328E+00
        80   3  3.161714E-01  5.797476E+00 -3.764213E-01  1.364778E+00 -3.632782E-01 -3.830251E-01
        80   4  1.607258E+00  6.350799E+00  1.769015E-01  1.032245E+00  3.142565E-01 -9.682832E-01
        80   5 -5.156912E-01 -6.263022E+00  1.769015E-01 -1.217225E+00  2.859538E-01  9.520702E-01
        80   6 -1.806778E+00 -6.816345E+00 -3.764213E-01 -8.846924E-01 -3.349755E-01  1.537328E+00
        80   7 -3.161714E-01 -5.797476E+00  3.764213E-01 -1.364778E+00 -3.632782E-01 -3.830251E-01
        80   8 -1.607258E+00 -6.350799E+00 -1.769015E-01 -1.032245E+00  3.142565E-01 -9.682832E-01
        81   1  6.604215E-01  2.201405E+00  2.259526E-12  3.924386E+00  5.254211E-14  4.075393E+00
        81   2  6.604215E-01  2.201405E+00  1.033618E-11  3.924386E+00  2.101684E-13  4.075393E+00
        81   3  6.604215E-01  2.201405E+00 -1.654321E-11  3.924386E+00  6.129912E-14 -9.738446E+00
        81   4  6.604215E-01  2.201405E+00 -1.033840E-11  3.924386E+00  2.451965E-13 -9.738446E+00
        81   5 -6.604215E-01 -2.201405E+00  2.175371E-12 -3.924386E+00  9.632719E-14  4.075393E+00
        81   6 -6.604215E-01 -2.201405E+00  9.967138E-12 -3.924386E+00  8.757018E-14  4.075393E+00
        81   7 -6.604215E-01 -2.201405E+00 -1.650702E-11 -3.924386E+00  8.757018E-14 -9.738446E+00
        81   8 -6.604215E-01 -2.201405E+00 -1.019540E-11 -3.924386E+00  2.101684E-13 -9.738446E+00
        82   1 -4.021775E+00 -1.541430E+01 -6.097072E-01 -3.841690E-01  7.256969E-01  4.117717E-01
        82   2 -1.133165E+00 -1.417632E+01  6.282686E-01 -3.993557E-01 -7.284520E-01  4.385002E-01
        82   3 -4.040336E+00 -1.545761E+01 -6.282686E-01  2.883117E-01 -7.268613E-01  5.400513E-01
        82   4 -1.151726E+00 -1.421963E+01  6.097072E-01  2.731250E-01  7.241063E-01  5.133228E-01
        82   5  4.021775E+00  1.541430E+01  6.097072E-01  3.841690E-01  7.256969E-01  4.117717E-01
        82   6  1.133165E+00  1.417632E+01 -6.282686E-01  3.993557E-01 -7.284520E-01  4.385002E-01
        82   7  4.040336E+00  1.545761E+01  6.282686E-01 -2.883117E-01 -7.268613E-01  5.400513E-01
        82   8  1.151726E+00  1.421963E+01 -6.097072E-01 -2.731250E-01  7.241063E-01  5.133228E-01
        83   1  4.370391E-01 -9.874708E+00  3.267917E-01  3.767113E-02 -3.861643E-01  4.363445E-01
        83   2 -1.090200E+00 -1.052924E+01 -3.277392E-01  3.890577E-02  3.834093E-01  4.341716E-01
        83   3  4.379866E-01 -9.872497E+00  3.277392E-01 -1.855797E-01  3.818186E-01  5.154784E-01
        83   4 -1.089252E+00 -1.052703E+01 -3.267917E-01 -1.843451E-01 -3.845737E-01  5.176514E-01
        83   5 -4.370391E-01  9.874708E+00 -3.267917E-01 -3.767113E-02 -3.861643E-01  4.363445E-01
        83   6  1.090200E+00  1.052924E+01  3.277392E-01 -3.890577E-02  3.834093E-01  4.341716E-01
        83   7 -4.379866E-01  9.872497E+00 -3.277392E-01  1.855797E-01  3.818186E-01  5.154784E-01
        83   8  1.089252E+00  1.052703E+01  3.267917E-01  1.843451E-01 -3.845737E-01  5.176514E-01
        84   1  1.058485E+00 -9.201966E-01  4.311006E-01  7.416081E-02 -5.046866E-01  9.675049E-01
        84   2 -9.511072E-01 -1.781450E+00 -4.301531E-01  7.292617E-02  5.074416E-01  9.696779E-01
        84   3  1.057537E+00 -9.224075E-01  4.301531E-01 -2.196001E-01  5.058510E-01  1.050985E+00
        84   4 -9.520547E-01 -1.783661E+00 -4.311006E-01 -2.208348E-01 -5.030960E-01  1.048812E+00
        84   5 -1.058485E+00  9.201966E-01 -4.311006E-01 -7.416081E-02 -5.046866E-01  9.675049E-01
        84   6  9.511072E-01  1.781450E+00  4.301531E-01 -7.292617E-02  5.074416E-01  9.696779E-01
        84   7 -1.057537E+00  9.224075E-01 -4.301531E-01  2.196001E-01  5.058510E-01  1.050985E+00
        84   8  9.520547E-01  1.783661E+00  4.311006E-01  2.208348E-01 -5.030960E-01  1.048812E+00
        85   1  1.780755E+00  8.276666E+00 -1.481851E-01 -1.385696E-01  1.651540E-01  9.718335E-01
        85   2  2.428975E+00  8.554475E+00  1.296237E-01 -1.233829E-01 -1.623989E-01  9.451050E-01
        85   3  1.799316E+00  8.319976E+00 -1.296237E-01  1.233891E-02 -1.608083E-01  1.046656E+00
        85   4  2.447537E+00  8.597785E+00  1.481851E-01  2.752556E-02  1.635634E-01  1.073385E+00
        85   5 -1.780755E+00 -8.276666E+00  1.481851E-01  1.385696E-01  1.651540E-01  9.718335E-01
        85   6 -2.428975E+00 -8.554475E+00 -1.296237E-01  1.233829E-01 -1.623989E-01  9.451050E-01
        85   7 -1.799316E+00 -8.319976E+00  1.296237E-01 -1.233891E-02 -1.608083E-01  1.046656E+00
        85   8 -2.447537E+00 -8.597785E+00 -1.481851E-01 -2.752556E-02  1.635634E-01  1.073385E+00
        86   1  1.207995E+00  4.026650E+00  2.142286E-12  7.789223E-01 -1.751404E-14  2.220213E+00
        86   2  1.207995E+00  4.026650E+00 -6.852297E-13  7.789223E-01  1.751404E-14  2.220213E+00
        86   3  1.207995E+00  4.026650E+00  2.670753E-12  7.789223E-01 -5.254211E-14 -5.215937E-01
        86   4  1.207995E+00  4.026650E+00 -1.900258E-12  7.789223E-01  1.576263E-13 -5.215937E-01
        86   5 -1.207995E+00 -4.026650E+00  2.191136E-12 -7.789223E-01  1.576263E-13  2.220213E+00
        86   6 -1.207995E+00 -4.026650E+00  8.482104E-14 -7.789223E-01  1.926544E-13  2.220213E+00
        86   7 -1.207995E+00 -4.026650E+00  2.129408E-12 -7.789223E-01  2.802246E-13 -5.215937E-01
        86   8 -1.207995E+00 -4.026650E+00 -1.005418E-12 -7.789223E-01  2.802246E-13 -5.215937E-01
        87   1  5.139866E-01  1.713289E+00 -1.198885E-11 -5.039432E+00  8.757018E-15 -6.883362E+00
        87   2  5.139866E-01  1.713289E+00 -1.707012E-11 -5.039432E+00 -1.094627E-14 -6.883362E+00
        87   3  5.139866E-01  1.713289E+00  1.874301E-11 -5.039432E+00  1.751404E-14  1.085544E+01
        87   4  5.139866E-01  1.713289E+00  1.157963E-11 -5.039432E+00  8.757018E-15  1.085544E+01
        87   5 -5.139866E-01 -1.713289E+00 -1.195721E-11  5.039432E+00  0.000000E+00 -6.883362E+00
        87   6 -5.139866E-01 -1.713289E+00 -1.706812E-11  5.039432E+00 -8.757018E-15 -6.883362E+00
        87   7 -5.139866E-01 -1.713289E+00  1.875089E-11  5.039432E+00  1.751404E-14  1.085544E+01
        87   8 -5.139866E-01 -1.713289E+00  1.158129E-11  5.039432E+00  2.189254E-15  1.085544E+01
        88   1  4.629292E-02  9.710222E-01 -7.070646E-01  3.799469E+00  1.556535E-02  4.692400E+00
        88   2 -7.468467E-02  9.191747E-01 -7.589122E-01  4.998905E+00  2.020265E-01  2.581393E+00
        88   3  1.512270E+00  4.391635E+00  7.589122E-01  3.771305E+00  7.639979E-02 -5.439073E+00
        88   4  1.391292E+00  4.339787E+00  7.070646E-01  4.970741E+00  1.411921E-01 -3.328066E+00
        88   5 -4.629292E-02 -9.710222E-01  7.070646E-01 -3.799469E+00  1.556535E-02  4.692400E+00
        88   6  7.468467E-02 -9.191747E-01  7.589122E-01 -4.998905E+00  2.020265E-01  2.581393E+00
        88   7 -1.512270E+00 -4.391635E+00 -7.589122E-01 -3.771305E+00  7.639979E-02 -5.439073E+00
        88   8 -1.391292E+00 -4.339787E+00 -7.070646E-01 -4.970741E+00  1.411921E-01 -3.328066E+00
        89   1 -3.349045E-01 -9.876964E-01 -7.181830E-02  5.803622E+00  2.997790E-01  2.751643E+00
        89   2  1.748616E-01 -7.692252E-01  1.466529E-01  5.706110E+00 -8.218717E-02  2.923264E+00
        89   3 -4.097390E-01 -1.162310E+00 -1.466529E-01  5.878139E+00  4.343955E-02 -3.498316E+00
        89   4  1.000270E-01 -9.438392E-01  7.181830E-02  5.780627E+00  1.741523E-01 -3.669937E+00
        89   5  3.349045E-01  9.876964E-01  7.181830E-02 -5.803622E+00  2.997790E-01  2.751643E+00
        89   6 -1.748616E-01  7.692252E-01 -1.466529E-01 -5.706110E+00 -8.218717E-02  2.923264E+00
        89   7  4.097390E-01  1.162310E+00  1.466529E-01 -5.878139E+00  4.343955E-02 -3.498316E+00
        89   8 -1.000270E-01  9.438392E-01 -7.181830E-02 -5.780627E+00  1.741523E-01 -3.669937E+00
        90   1 -2.084913E-01 -2.323842E+00 -3.705148E-02  5.743493E+00 -4.641178E-02  3.456597E+00
        90   2 -2.101984E-01 -2.324574E+00 -3.778308E-02  5.841005E+00 -1.711801E-01  3.284977E+00
        90   3 -1.336567E-01 -2.149228E+00  3.778308E-02  5.743244E+00 -4.555336E-02 -3.136604E+00
        90   4 -1.353638E-01 -2.149960E+00  3.705148E-02  5.840755E+00 -1.720385E-01 -2.964983E+00
        90   5  2.084913E-01  2.323842E+00  3.705148E-02 -5.743493E+00 -4.641178E-02  3.456597E+00
        90   6  2.101984E-01  2.324574E+00  3.778308E-02 -5.841005E+00 -1.711801E-01  3.284977E+00
        90   7  1.336567E-01  2.149228E+00 -3.778308E-02 -5.743244E+00 -4.555336E-02 -3.136604E+00
        90   8  1.353638E-01  2.149960E+00 -3.705148E-02 -5.840755E+00 -1.720385E-01 -2.964983E+00
        91   1  9.700468E-01  1.108237E+00  8.159344E-01  5.029880E+00 -2.689326E-01  3.114726E+00
        91   2  5.829654E-01  9.423451E-01  6.500424E-01  3.830444E+00  5.134074E-02  5.225733E+00
        91   3 -4.959300E-01 -2.312375E+00 -6.500424E-01  4.939766E+00 -7.428598E-02 -2.794733E+00
        91   4 -8.830114E-01 -2.478267E+00 -8.159344E-01  3.740330E+00 -1.433059E-01 -4.905739E+00
        91   5 -9.700468E-01 -1.108237E+00 -8.159344E-01 -5.029880E+00 -2.689326E-01  3.114726E+00
        91   6 -5.829654E-01 -9.423451E-01 -6.500424E-01 -3.830444E+00  5.134074E-02  5.225733E+00
        91   7  4.959300E-01  2.312375E+00  6.500424E-01 -4.939766E+00 -7.428598E-02 -2.794733E+00
        91   8  8.830114E-01  2.478267E+00  8.159344E-01 -3.740330E+00 -1.433059E-01 -4.905739E+00
        92   1 -1.078411E+00 -3.594703E+00 -2.392753E-12  1.260944E+00  1.751404E-14  3.080617E-01
        92   2 -1.078411E+00 -3.594703E+00 -4.217293E-12  1.260944E+00 -5.254211E-14  3.080617E-01
        92   3 -1.078411E+00 -3.594703E+00  3.498757E-12  1.260944E+00 -1.751404E-14 -4.130462E+00
        92   4 -1.078411E+00 -3.594703E+00 -3.650635E-12  1.260944E+00  3.502807E-14 -4.130462E+00
        92   5  1.078411E+00  3.594703E+00 -2.331246E-12 -1.260944E+00  3.502807E-14  3.080617E-01
        92   6  1.078411E+00  3.594703E+00 -4.277911E-12 -1.260944E+00 -7.005614E-14  3.080617E-01
        92   7  1.078411E+00  3.594703E+00  3.479439E-12 -1.260944E+00  1.751404E-14 -4.130462E+00
        92   8  1.078411E+00  3.594703E+00 -3.690825E-12 -1.260944E+00  1.751404E-14 -4.130462E+00
        93   1  3.110185E-01  1.036728E+00  1.952205E-11  4.546586E+00  3.853088E-13  1.227907E+01
        93   2  3.110185E-01  1.036728E+00  1.544465E-11  4.546586E+00  3.152526E-13  1.227907E+01
        93   3  3.110185E-01  1.036728E+00 -3.542722E-13  4.546586E+00  1.751404E-13 -3.724916E+00
        93   4  3.110185E-01  1.036728E+00 -8.482104E-14  4.546586E+00  5.254211E-13 -3.724916E+00
        93   5 -3.110185E-01 -1.036728E+00  1.751077E-11 -4.546586E+00  4.553649E-13  1.227907E+01
        93   6 -3.110185E-01 -1.036728E+00  1.400446E-11 -4.546586E+00  3.502807E-13  1.227907E+01
        93   7 -3.110185E-01 -1.036728E+00 -1.633471E-12 -4.546586E+00  2.451965E-13 -3.724916E+00
        93   8 -3.110185E-01 -1.036728E+00 -4.826473E-12 -4.546586E+00  5.604491E-13 -3.724916E+00
        94   1  5.640446E+00  2.032355E+01  9.577234E-01 -1.599729E+00 -7.112136E-01 -3.863274E+00
        94   2  2.904431E+00  1.915097E+01 -2.148545E-01 -2.207531E+00  6.009511E-01 -2.793542E+00
        94   3  4.897577E+00  1.859019E+01  2.148545E-01 -2.236685E+00  6.646112E-01  1.270748E+00
        94   4  2.161562E+00  1.741761E+01 -9.577234E-01 -2.844487E+00 -7.748736E-01  2.010165E-01
        94   5 -5.640446E+00 -2.032355E+01 -9.577234E-01  1.599729E+00 -7.112136E-01 -3.863274E+00
        94   6 -2.904431E+00 -1.915097E+01  2.148545E-01  2.207531E+00  6.009511E-01 -2.793542E+00
        94   7 -4.897577E+00 -1.859019E+01 -2.148545E-01  2.236685E+00  6.646112E-01  1.270748E+00
        94   8 -2.161562E+00 -1.741761E+01  9.577234E-01  2.844487E+00 -7.748736E-01  2.010165E-01
        95   1 -1.261070E+00  5.671719E+00 -6.004947E-01 -3.158160E+00  5.953718E-01 -2.879815E+00
        95   2  1.452755E+00  6.834787E+00  5.625731E-01 -3.108747E+00 -7.056343E-01 -2.966782E+00
        95   3 -1.223148E+00  5.760203E+00 -5.625731E-01 -2.761454E+00 -7.692944E-01  2.872891E-01
        95   4  1.490677E+00  6.923271E+00  6.004947E-01 -2.712041E+00  6.590319E-01  3.742561E-01
        95   5  1.261070E+00 -5.671719E+00  6.004947E-01  3.158160E+00  5.953718E-01 -2.879815E+00
        95   6 -1.452755E+00 -6.834787E+00 -5.625731E-01  3.108747E+00 -7.056343E-01 -2.966782E+00
        95   7  1.223148E+00 -5.760203E+00  5.625731E-01  2.761454E+00 -7.692944E-01  2.872891E-01
        95   8 -1.490677E+00 -6.923271E+00 -6.004947E-01  2.712041E+00  6.590319E-01  3.742561E-01
        96   1 -1.487194E+00 -6.396753E+00 -4.503349E-01 -3.070464E+00  5.739415E-01 -2.433449E+00
        96   2  7.028526E-01 -5.458161E+00  4.882565E-01 -3.119877E+00 -4.636790E-01 -2.346482E+00
        96   3 -1.525116E+00 -6.485236E+00 -4.882565E-01 -2.750324E+00 -5.273391E-01  9.075894E-01
        96   4  6.649309E-01 -5.546645E+00  4.503349E-01 -2.799737E+00  6.376016E-01  8.206224E-01
        96   5  1.487194E+00  6.396753E+00  4.503349E-01  3.070464E+00  5.739415E-01 -2.433449E+00
        96   6 -7.028526E-01  5.458161E+00 -4.882565E-01  3.119877E+00 -4.636790E-01 -2.346482E+00
        96   7  1.525116E+00  6.485236E+00  4.882565E-01  2.750324E+00 -5.273391E-01  9.075894E-01
        96   8 -6.649309E-01  5.546645E+00 -4.503349E-01  2.799737E+00  6.376016E-01  8.206224E-01
        97   1 -1.904369E+00 -1.377386E+01  9.310616E-02 -2.273666E+00 -4.580997E-01 -2.260209E+00
        97   2 -4.072226E+00 -1.470294E+01 -8.359751E-01 -1.665864E+00  5.683622E-01 -3.329940E+00
        97   3 -1.161500E+00 -1.204050E+01  8.359751E-01 -2.778352E+00  6.320223E-01  7.343498E-01
        97   4 -3.329357E+00 -1.296958E+01 -9.310616E-02 -2.170550E+00 -5.217598E-01  1.804081E+00
        97   5  1.904369E+00  1.377386E+01 -9.310616E-02  2.273666E+00 -4.580997E-01 -2.260209E+00
        97   6  4.072226E+00  1.470294E+01  8.359751E-01  1.665864E+00  5.683622E-01 -3.329940E+00
        97   7  1.161500E+00  1.204050E+01 -8.359751E-01  2.778352E+00  6.320223E-01  7.343498E-01
        97   8  3.329357E+00  1.296958E+01  9.310616E-02  2.170550E+00 -5.217598E-01  1.804081E+00
        98   1 -2.334908E+00 -7.783028E+00 -3.159251E-12 -9.191834E-01  6.305053E-13 -2.064728E+00
        98   2 -2.334908E+00 -7.783028E+00 -2.016165E-12 -9.191834E-01  3.152526E-13 -2.064728E+00
        98   3 -2.334908E+00 -7.783028E+00 -2.826184E-12 -9.191834E-01  3.853088E-13  1.170797E+00
        98   4 -2.334908E+00 -7.783028E+00 -7.495338E-12 -9.191834E-01  3.853088E-13  1.170797E+00
        98   5  2.334908E+00  7.783028E+00 -1.341149E-12  9.191834E-01  1.401123E-13 -2.064728E+00
        98   6  2.334908E+00  7.783028E+00 -3.669953E-12  9.191834E-01  4.553649E-13 -2.064728E+00
        98   7  2.334908E+00  7.783028E+00 -3.819167E-14  9.191834E-01  7.005614E-14  1.170797E+00
        98   8  2.334908E+00  7.783028E+00 -4.749090E-12  9.191834E-01  5.954772E-13  1.170797E+00
        99   1  0.000000E+00  0.000000E+00  0.000000E+00  0.000000E+00  0.000000E+00  0.000000E+00
        99   2  0.000000E+00  0.000000E+00  0.000000E+00  0.000000E+00  0.000000E+00  0.000000E+00
        99   3  0.000000E+00  0.000000E+00  0.000000E+00  0.000000E+00  0.000000E+00  0.000000E+00
        99   4  0.000000E+00  0.000000E+00  0.000000E+00  0.000000E+00  0.000000E+00  0.000000E+00
        99   5  0.000000E+00  0.000000E+00  0.000000E+00  0.000000E+00  0.000000E+00  0.000000E+00
        99   6  0.000000E+00  0.000000E+00  0.000000E+00  0.000000E+00  0.000000E+00  0.000000E+00
        99   7  0.000000E+00  0.000000E+00  0.000000E+00  0.000000E+00  0.000000E+00  0.000000E+00
        99   8  0.000000E+00  0.000000E+00  0.000000E+00  0.000000E+00  0.000000E+00  0.000000E+00
       100   1  1.839948E+00  6.133159E+00 -1.746026E-11 -2.424356E+00  3.152526E-13 -8.578854E+00
       100   2  1.839948E+00  6.133159E+00 -1.595035E-11 -2.424356E+00  1.050842E-13 -8.578854E+00
       100   3  1.839948E+00  6.133159E+00 -5.058620E-12 -2.424356E+00  4.203368E-13 -4.512223E-02
       100   4  1.839948E+00  6.133159E+00 -5.019984E-12 -2.424356E+00 -2.101684E-13 -4.512223E-02
       100   5 -1.839948E+00 -6.133159E+00 -1.749534E-11  2.424356E+00  3.502807E-13 -8.578854E+00
       100   6 -1.839948E+00 -6.133159E+00 -1.087352E-11  2.424356E+00  0.000000E+00 -8.578854E+00
       100   7 -1.839948E+00 -6.133159E+00 -2.645884E-12  2.424356E+00  4.203368E-13 -4.512223E-02
       100   8 -1.839948E+00 -6.133159E+00  6.194600E-12  2.424356E+00  7.005614E-14 -4.512223E-02
       101   1 -2.465369E+00 -9.726645E+00 -4.807237E-01 -2.020149E-01  5.525455E-01  7.279817E-02
       101   2 -2.703293E-01 -8.785913E+00  4.600076E-01 -1.850653E-01 -5.494707E-01  4.296693E-02
       101   3 -2.444653E+00 -9.678307E+00 -4.600076E-01  3.089997E-01 -5.512459E-01 -7.037254E-02
       101   4 -2.496132E-01 -8.737576E+00  4.807237E-01  3.259492E-01  5.543208E-01 -4.054131E-02
       101   5  2.465369E+00  9.726645E+00  4.807237E-01  2.020149E-01  5.525455E-01  7.279817E-02
       101   6  2.703293E-01  8.785913E+00 -4.600076E-01  1.850653E-01 -5.494707E-01  4.296693E-02
       101   7  2.444653E+00  9.678307E+00  4.600076E-01 -3.089997E-01 -5.512459E-01 -7.037254E-02
       101   8  2.496132E-01  8.737576E+00 -4.807237E-01 -3.259492E-01  5.543208E-01 -4.054131E-02
       102   1  9.151658E-04 -9.132710E+00  8.693093E-02  1.120096E-01 -9.895350E-02  4.537279E-02
       102   2 -4.022950E-01 -9.305515E+00 -8.587343E-02  1.106317E-01  1.020284E-01  4.779801E-02
       102   3 -1.423427E-04 -9.135178E+00  8.587343E-02  5.306862E-02  1.038036E-01 -4.294717E-02
       102   4 -4.033525E-01 -9.307982E+00 -8.693093E-02  5.169066E-02 -1.007288E-01 -4.537238E-02
       102   5 -9.151658E-04  9.132710E+00 -8.693093E-02 -1.120096E-01 -9.895350E-02  4.537279E-02
       102   6  4.022950E-01  9.305515E+00  8.587343E-02 -1.106317E-01  1.020284E-01  4.779801E-02
       102   7  1.423427E-04  9.135178E+00 -8.587343E-02 -5.306862E-02  1.038036E-01 -4.294717E-02
       102   8  4.033525E-01  9.307982E+00  8.693093E-02 -5.169066E-02 -1.007288E-01 -4.537238E-02
       103   1  3.714274E-01 -5.842390E+00  1.864730E-01  1.449447E-01 -2.200652E-01  5.811313E-01
       103   2 -5.012475E-01 -6.216394E+00 -1.875305E-01  1.463227E-01  2.169903E-01  5.787061E-01
       103   3  3.724849E-01 -5.839922E+00  1.875305E-01  1.737762E-02  2.187656E-01  4.879609E-01
       103   4 -5.001900E-01 -6.213926E+00 -1.864730E-01  1.875559E-02 -2.218405E-01  4.903862E-01
       103   5 -3.714274E-01  5.842390E+00 -1.864730E-01 -1.449447E-01 -2.200652E-01  5.811313E-01
       103   6  5.012475E-01  6.216394E+00  1.875305E-01 -1.463227E-01  2.169903E-01  5.787061E-01
       103   7 -3.724849E-01  5.839922E+00 -1.875305E-01 -1.737762E-02  2.187656E-01  4.879609E-01
       103   8  5.001900E-01  6.213926E+00  1.864730E-01 -1.875559E-02 -2.218405E-01  4.903862E-01
       104   1  8.082573E-01 -6.222054E-01  2.073198E-01  1.774335E-01 -2.335268E-01  5.763003E-01
       104   2 -1.108974E-01 -1.016129E+00 -1.866037E-01  1.604839E-01  2.304520E-01  6.061315E-01
       104   3  7.875412E-01 -6.705431E-01  1.866037E-01 -3.654961E-02  2.286767E-01  4.927920E-01
       104   4 -1.316135E-01 -1.064467E+00 -2.073198E-01 -5.349917E-02 -2.317515E-01  4.629608E-01
       104   5 -8.082573E-01  6.222054E-01 -2.073198E-01 -1.774335E-01 -2.335268E-01  5.763003E-01
       104   6  1.108974E-01  1.016129E+00  1.866037E-01 -1.604839E-01  2.304520E-01  6.061315E-01
       104   7 -7.875412E-01  6.705431E-01 -1.866037E-01  3.654961E-02  2.286767E-01  4.927920E-01
       104   8  1.316135E-01  1.064467E+00  2.073198E-01  5.349917E-02 -2.317515E-01  4.629608E-01
       105   1  4.111249E-02  1.370416E-01 -4.071923E-12 -1.863754E-01  4.203368E-13  3.246687E-01
       105   2  4.111249E-02  1.370416E-01 -6.899328E-12 -1.863754E-01  3.502807E-14  3.246687E-01
       105   3  4.111249E-02  1.370416E-01 -2.592829E-12 -1.863754E-01  4.553649E-13  9.807101E-01
       105   4  4.111249E-02  1.370416E-01 -1.741524E-12 -1.863754E-01  1.050842E-13  9.807101E-01
       105   5 -4.111249E-02 -1.370416E-01 -6.353224E-12  1.863754E-01 -7.005614E-14  3.246687E-01
       105   6 -4.111249E-02 -1.370416E-01 -3.765876E-13  1.863754E-01  1.401123E-13  3.246687E-01
       105   7 -4.111249E-02 -1.370416E-01 -6.346090E-12  1.863754E-01 -1.050842E-13  9.807101E-01
       105   8 -4.111249E-02 -1.370416E-01  3.686773E-13  1.863754E-01 -2.451965E-13  9.807101E-01
       106   1  0.000000E+00  0.000000E+00  0.000000E+00  0.000000E+00  0.000000E+00  0.000000E+00
       106   2  0.000000E+00  0.000000E+00  0.000000E+00  0.000000E+00  0.000000E+00  0.000000E+00
       106   3  0.000000E+00  0.000000E+00  0.000000E+00  0.000000E+00  0.000000E+00  0.000000E+00
       106   4  0.000000E+00  0.000000E+00  0.000000E+00  0.000000E+00  0.000000E+00  0.000000E+00
       106   5  0.000000E+00  0.000000E+00  0.000000E+00  0.000000E+00  0.000000E+00  0.000000E+00
       106   6  0.000000E+00  0.000000E+00  0.000000E+00  0.000000E+00  0.000000E+00  0.000000E+00
       106   7  0.000000E+00  0.000000E+00  0.000000E+00  0.000000E+00  0.000000E+00  0.000000E+00
       106   8  0.000000E+00  0.000000E+00  0.000000E+00  0.000000E+00  0.000000E+00  0.000000E+00
       107   1 -4.420665E-01 -1.473555E+00  1.113054E-11  1.119092E+00  5.692061E-13  3.317712E+00
       107   2 -4.420665E-01 -1.473555E+00  1.440670E-11  1.119092E+00  3.853088E-13  3.317712E+00
       107   3 -4.420665E-01 -1.473555E+00  1.226130E-12  1.119092E+00  1.313553E-13 -6.214914E-01
       107   4 -4.420665E-01 -1.473555E+00  9.898860E-12  1.119092E+00  7.005614E-14 -6.214914E-01
       107   5  4.420665E-01  1.473555E+00  7.574386E-12 -1.119092E+00  2.189254E-13  3.317712E+00
       107   6  4.420665E-01  1.473555E+00  6.181056E-12 -1.119092E+00 -2.889816E-13  3.317712E+00
       107   7  4.420665E-01  1.473555E+00  1.593392E-12 -1.119092E+00 -3.590377E-13 -6.214914E-01
       107   8  4.420665E-01  1.473555E+00  5.347500E-12 -1.119092E+00 -5.166640E-13 -6.214914E-01
       108   1 -5.657932E-01 -2.734725E+00 -8.351309E-02 -8.267200E-01  2.500287E-01 -1.207179E+00
       108   2  4.627963E-01 -2.293901E+00  3.573110E-01 -1.050736E+00 -2.906679E-01 -8.129100E-01
       108   3 -8.395910E-01 -3.373586E+00 -3.573110E-01 -5.872600E-01 -2.672049E-01  6.850581E-01
       108   4  1.889984E-01 -2.932762E+00  8.351309E-02 -8.112764E-01  2.265656E-01  2.907892E-01
       108   5  5.657932E-01  2.734725E+00  8.351309E-02  8.267200E-01  2.500287E-01 -1.207179E+00
       108   6 -4.627963E-01  2.293901E+00 -3.573110E-01  1.050736E+00 -2.906679E-01 -8.129100E-01
       108   7  8.395910E-01  3.373586E+00  3.573110E-01  5.872600E-01 -2.672049E-01  6.850581E-01
       108   8 -1.889984E-01  2.932762E+00 -8.351309E-02  8.112764E-01  2.265656E-01  2.907892E-01
       109   1 -2.604286E-01 -5.431353E+00 -5.613983E-02 -1.107656E+00  2.561990E-02 -8.447073E-01
       109   2 -3.105510E-02 -5.333050E+00  4.216311E-02 -1.089443E+00 -6.625914E-02 -8.767606E-01
       109   3 -2.464519E-01 -5.398740E+00 -4.216311E-02 -1.074126E+00 -8.972222E-02  3.225865E-01
       109   4 -1.707838E-02 -5.300437E+00  5.613983E-02 -1.055914E+00  4.908298E-02  3.546398E-01
       109   5  2.604286E-01  5.431353E+00  5.613983E-02  1.107656E+00  2.561990E-02 -8.447073E-01
       109   6  3.105510E-02  5.333050E+00 -4.216311E-02  1.089443E+00 -6.625914E-02 -8.767606E-01
       109   7  2.464519E-01  5.398740E+00  4.216311E-02  1.074126E+00 -8.972222E-02  3.225865E-01
       109   8  1.707838E-02  5.300437E+00 -5.613983E-02  1.055914E+00  4.908298E-02  3.546398E-01
       110   1 -8.635420E-04 -5.227908E+00  6.186171E-02 -1.053962E+00 -5.579665E-02 -3.434272E-01
       110   2 -2.569392E-01 -5.337655E+00 -4.788500E-02 -1.072174E+00  9.643590E-02 -3.113740E-01
       110   3 -1.484026E-02 -5.260521E+00  4.788500E-02 -1.091395E+00  7.297282E-02  8.879731E-01
       110   4 -2.709159E-01 -5.370267E+00 -6.186171E-02 -1.109607E+00 -3.233358E-02  8.559198E-01
       110   5  8.635420E-04  5.227908E+00 -6.186171E-02  1.053962E+00 -5.579665E-02 -3.434272E-01
       110   6  2.569392E-01  5.337655E+00  4.788500E-02  1.072174E+00  9.643590E-02 -3.113740E-01
       110   7  1.484026E-02  5.260521E+00 -4.788500E-02  1.091395E+00  7.297282E-02  8.879731E-01
       110   8  2.709159E-01  5.370267E+00  6.186171E-02  1.109607E+00 -3.233358E-02  8.559198E-01
       111   1  2.111378E-01 -2.762921E+00  7.779121E-02 -8.143846E-01 -2.198519E-01 -2.795766E-01
       111   2 -7.907495E-01 -3.192302E+00 -3.515891E-01 -5.903682E-01  2.604912E-01 -6.738455E-01
       111   3  4.849357E-01 -2.124060E+00  3.515891E-01 -1.047628E+00  2.839543E-01  8.241225E-01
       111   4 -5.169516E-01 -2.553440E+00 -7.779121E-02 -8.236118E-01 -2.433150E-01  1.218391E+00
       111   5 -2.111378E-01  2.762921E+00 -7.779121E-02  8.143846E-01 -2.198519E-01 -2.795766E-01
       111   6  7.907495E-01  3.192302E+00  3.515891E-01  5.903682E-01  2.604912E-01 -6.738455E-01
       111   7 -4.849357E-01  2.124060E+00 -3.515891E-01  1.047628E+00  2.839543E-01  8.241225E-01
       111   8  5.169516E-01  2.553440E+00  7.779121E-02  8.236118E-01 -2.433150E-01  1.218391E+00
       112   1  5.014028E-01  1.671343E+00 -7.024159E-12 -1.513397E-01 -2.539535E-13  2.567682E-01
       112   2  5.014028E-01  1.671343E+00  4.994893E-13 -1.513397E-01  2.846031E-13  2.567682E-01
       112   3  5.014028E-01  1.671343E+00 -7.463030E-12 -1.513397E-01  3.152526E-13  7.894841E-01
       112   4  5.014028E-01  1.671343E+00 -5.580314E-12 -1.513397E-01  1.663833E-13  7.894841E-01
       112   5 -5.014028E-01 -1.671343E+00 -3.990364E-12  1.513397E-01  2.189254E-13  2.567682E-01
       112   6 -5.014028E-01 -1.671343E+00 -4.321876E-12  1.513397E-01 -1.357338E-13  2.567682E-01
       112   7 -5.014028E-01 -1.671343E+00 -8.352874E-12  1.513397E-01  8.757018E-14  7.894841E-01
       112   8 -5.014028E-01 -1.671343E+00 -2.554845E-12  1.513397E-01 -8.757018E-14  7.894841E-01
       113   1  0.000000E+00  0.000000E+00  0.000000E+00  0.000000E+00  0.000000E+00  0.000000E+00
       113   2  0.000000E+00  0.000000E+00  0.000000E+00  0.000000E+00  0.000000E+00  0.000000E+00
       113   3  0.000000E+00  0.000000E+00  0.000000E+00  0.000000E+00  0.000000E+00  0.000000E+00
       113   4  0.000000E+00  0.000000E+00  0.000000E+00  0.000000E+00  0.000000E+00  0.000000E+00
       113   5  0.000000E+00  0.000000E+00  0.000000E+00  0.000000E+00  0.000000E+00  0.000000E+00
       113   6  0.000000E+00  0.000000E+00  0.000000E+00  0.000000E+00  0.000000E+00  0.000000E+00
       113   7  0.000000E+00  0.000000E+00  0.000000E+00  0.000000E+00  0.000000E+00  0.000000E+00
       113   8  0.000000E+00  0.000000E+00  0.000000E+00  0.000000E+00  0.000000E+00  0.000000E+00
       114   1  1.559533E-01  5.198443E-01 -5.611345E-12 -5.359400E-01 -7.005614E-14 -3.011989E+00
       114   2  1.559533E-01  5.198443E-01 -9.929557E-12 -5.359400E-01 -5.254211E-14 -3.011989E+00
       114   3  1.559533E-01  5.198443E-01  1.533773E-12 -5.359400E-01 -4.903930E-13 -1.125481E+00
       114   4  1.559533E-01  5.198443E-01 -3.286260E-13 -5.359400E-01  1.225982E-13 -1.125481E+00
       114   5 -1.559533E-01 -5.198443E-01 -4.256206E-12  5.359400E-01 -8.757018E-14 -3.011989E+00
       114   6 -1.559533E-01 -5.198443E-01 -8.304801E-12  5.359400E-01 -4.728789E-13 -3.011989E+00
       114   7 -1.559533E-01 -5.198443E-01  2.888412E-12  5.359400E-01 -2.276825E-13 -1.125481E+00
       114   8 -1.559533E-01 -5.198443E-01 -1.902256E-12  5.359400E-01 -1.366095E-12 -1.125481E+00
       115   1 -2.564925E+00 -9.995113E+00 -5.211815E-01  3.785813E-02  5.490638E-01  4.388879E-01
       115   2 -3.951795E-01 -9.065222E+00  4.087093E-01  1.298808E-01 -5.323698E-01  2.769280E-01
       115   3 -2.452453E+00 -9.732678E+00 -4.087093E-01  5.429840E-01 -5.420081E-01 -3.384152E-01
       115   4 -2.827073E-01 -8.802787E+00  5.211815E-01  6.350066E-01  5.587021E-01 -1.764553E-01
       115   5  2.564925E+00  9.995113E+00  5.211815E-01 -3.785813E-02  5.490638E-01  4.388879E-01
       115   6  3.951795E-01  9.065222E+00 -4.087093E-01 -1.298808E-01 -5.323698E-01  2.769280E-01
       115   7  2.452453E+00  9.732678E+00  4.087093E-01 -5.429840E-01 -5.420081E-01 -3.384152E-01
       115   8  2.827073E-01  8.802787E+00 -5.211815E-01 -6.350066E-01  5.587021E-01 -1.764553E-01
       116   1  4.687692E-02 -8.794014E+00  1.138412E-01  4.859722E-01 -1.170393E-01  2.899899E-01
       116   2 -4.709855E-01 -9.015955E+00 -1.080998E-01  4.784910E-01  1.337333E-01  3.031569E-01
       116   3  4.113549E-02 -8.807411E+00  1.080998E-01  4.102714E-01  1.433715E-01 -1.895172E-01
       116   4 -4.767269E-01 -9.029352E+00 -1.138412E-01  4.027902E-01 -1.266775E-01 -2.026842E-01
       116   5 -4.687692E-02  8.794014E+00 -1.138412E-01 -4.859722E-01 -1.170393E-01  2.899899E-01
       116   6  4.709855E-01  9.015955E+00  1.080998E-01 -4.784910E-01  1.337333E-01  3.031569E-01
       116   7 -4.113549E-02  8.807411E+00 -1.080998E-01 -4.102714E-01  1.433715E-01 -1.895172E-01
       116   8  4.767269E-01  9.029352E+00  1.138412E-01 -4.027902E-01 -1.266775E-01 -2.026842E-01
       117   1  4.398423E-01 -4.929536E+00  2.095973E-01  5.131103E-01 -2.528236E-01  8.364902E-01
       117   2 -5.516749E-01 -5.354472E+00 -2.153387E-01  5.205915E-01  2.361296E-01  8.233232E-01
       117   3  4.455837E-01 -4.916139E+00  2.153387E-01  3.681709E-01  2.457679E-01  3.306491E-01
       117   4 -5.459335E-01 -5.341075E+00 -2.095973E-01  3.756521E-01 -2.624619E-01  3.438162E-01
       117   5 -4.398423E-01  4.929536E+00 -2.095973E-01 -5.131103E-01 -2.528236E-01  8.364902E-01
       117   6  5.516749E-01  5.354472E+00  2.153387E-01 -5.205915E-01  2.361296E-01  8.233232E-01
       117   7 -4.455837E-01  4.916139E+00 -2.153387E-01 -3.681709E-01  2.457679E-01  3.306491E-01
       117   8  5.459335E-01  5.341075E+00  2.095973E-01 -3.756521E-01 -2.624619E-01  3.438162E-01
       118   1  9.687598E-01  7.977441E-01  1.977430E-01  4.593117E-01 -1.792009E-01  8.102613E-01
       118   2  3.083943E-01  5.147303E-01 -8.527085E-02  3.672890E-01  1.625069E-01  9.722212E-01
       118   3  8.562877E-01  5.353092E-01  8.527085E-02  3.055758E-01  1.528686E-01  3.568780E-01
       118   4  1.959221E-01  2.522954E-01 -1.977430E-01  2.135531E-01 -1.695626E-01  1.949182E-01
       118   5 -9.687598E-01 -7.977441E-01 -1.977430E-01 -4.593117E-01 -1.792009E-01  8.102613E-01
       118   6 -3.083943E-01 -5.147303E-01  8.527085E-02 -3.672890E-01  1.625069E-01  9.722212E-01
       118   7 -8.562877E-01 -5.353092E-01 -8.527085E-02 -3.055758E-01  1.528686E-01  3.568780E-01
       118   8 -1.959221E-01 -2.522954E-01  1.977430E-01 -2.135531E-01 -1.695626E-01  1.949182E-01
       119   1  1.041978E+00  3.473258E+00  3.521627E-13 -1.992751E-02  2.977386E-13  7.734165E-01
       119   2  1.041978E+00  3.473258E+00  2.478018E-13 -1.992751E-02  9.632719E-13  7.734165E-01
       119   3  1.041978E+00  3.473258E+00 -6.206813E-12 -1.992751E-02  6.655333E-13  8.435613E-01
       119   4  1.041978E+00  3.473258E+00  5.540013E-13 -1.992751E-02  5.779632E-13  8.435613E-01
       119   5 -1.041978E+00 -3.473258E+00  7.196466E-13  1.992751E-02  7.005614E-14  7.734165E-01
       119   6 -1.041978E+00 -3.473258E+00  3.870237E-13  1.992751E-02  6.305053E-13  7.734165E-01
       119   7 -1.041978E+00 -3.473258E+00 -4.857892E-12  1.992751E-02 -1.751404E-14  8.435613E-01
       119   8 -1.041978E+00 -3.473258E+00 -2.008171E-12  1.992751E-02  5.254211E-14  8.435613E-01
       120   1  0.000000E+00  0.000000E+00  0.000000E+00  0.000000E+00  0.000000E+00  0.000000E+00
       120   2  0.000000E+00  0.000000E+00  0.000000E+00  0.000000E+00  0.000000E+00  0.000000E+00
       120   3  0.000000E+00  0.000000E+00  0.000000E+00  0.000000E+00  0.000000E+00  0.000000E+00
       120   4  0.000000E+00  0.000000E+00  0.000000E+00  0.000000E+00  0.000000E+00  0.000000E+00
       120   5  0.000000E+00  0.000000E+00  0.000000E+00  0.000000E+00  0.000000E+00  0.000000E+00
       120   6  0.000000E+00  0.000000E+00  0.000000E+00  0.000000E+00  0.000000E+00  0.000000E+00
       120   7  0.000000E+00  0.000000E+00  0.000000E+00  0.000000E+00  0.000000E+00  0.000000E+00
       120   8  0.000000E+00  0.000000E+00  0.000000E+00  0.000000E+00  0.000000E+00  0.000000E+00
       121   1 -2.769715E-01 -9.232384E-01  4.516387E-12 -1.183722E-01  0.000000E+00  2.260551E-02
       121   2 -2.769715E-01 -9.232384E-01  3.725853E-12 -1.183722E-01  1.050842E-13  2.260551E-02
       121   3 -2.769715E-01 -9.232384E-01  9.445777E-13 -1.183722E-01  3.152526E-13  4.392758E-01
       121   4 -2.769715E-01 -9.232384E-01  2.974898E-12 -1.183722E-01  1.050842E-13  4.392758E-01
       121   5  2.769715E-01  9.232384E-01  6.667722E-12  1.183722E-01  1.050842E-13  2.260551E-02
       121   6  2.769715E-01  9.232384E-01  5.910716E-12  1.183722E-01 -3.152526E-13  2.260551E-02
       121   7  2.769715E-01  9.232384E-01  2.605527E-12  1.183722E-01  2.451965E-13  4.392758E-01
       121   8  2.769715E-01  9.232384E-01  2.222555E-12  1.183722E-01 -1.751404E-13  4.392758E-01
       122   1 -4.244743E-01 -1.867148E+00 -2.088504E-01  1.864917E-01  1.866870E-01  1.056955E-01
       122   2  3.049188E-01 -1.554551E+00  1.037467E-01  2.724857E-01 -1.710867E-01 -4.565388E-02
       122   3 -3.193706E-01 -1.621906E+00 -1.037467E-01  3.562975E-01 -1.800935E-01 -6.206839E-01
       122   4  4.100225E-01 -1.309309E+00  2.088504E-01  4.422915E-01  1.956938E-01 -4.693346E-01
       122   5  4.244743E-01  1.867148E+00  2.088504E-01 -1.864917E-01  1.866870E-01  1.056955E-01
       122   6 -3.049188E-01  1.554551E+00 -1.037467E-01 -2.724857E-01 -1.710867E-01 -4.565388E-02
       122   7  3.193706E-01  1.621906E+00  1.037467E-01 -3.562975E-01 -1.800935E-01 -6.206839E-01
       122   8 -4.100225E-01  1.309309E+00 -2.088504E-01 -4.422915E-01  1.956938E-01 -4.693346E-01
       123   1 -2.522588E-01 -4.127835E+00 -4.562146E-02  4.022881E-01  6.898041E-02 -3.344773E-02
       123   2 -2.683966E-02 -4.031226E+00  5.098675E-02  3.952970E-01 -5.338008E-02 -2.114333E-02
       123   3 -2.576241E-01 -4.140354E+00 -5.098675E-02  4.352397E-01 -4.437323E-02 -4.815407E-01
       123   4 -3.220495E-02 -4.043745E+00  4.562146E-02  4.282486E-01  5.997356E-02 -4.938451E-01
       123   5  2.522588E-01  4.127835E+00  4.562146E-02 -4.022881E-01  6.898041E-02 -3.344773E-02
       123   6  2.683966E-02  4.031226E+00 -5.098675E-02 -3.952970E-01 -5.338008E-02 -2.114333E-02
       123   7  2.576241E-01  4.140354E+00  5.098675E-02 -4.352397E-01 -4.437323E-02 -4.815407E-01
       123   8  3.220495E-02  4.043745E+00 -4.562146E-02 -4.282486E-01  5.997356E-02 -4.938451E-01
       124   1 -5.675778E-03 -3.925080E+00  5.498306E-02  4.314417E-01 -7.095783E-02  5.121900E-01
       124   2 -2.747824E-01 -4.040412E+00 -6.034835E-02  4.384328E-01  5.535751E-02  4.998856E-01
       124   3 -3.104881E-04 -3.912561E+00  6.034835E-02  3.921038E-01  6.436436E-02  3.948820E-02
       124   4 -2.694171E-01 -4.027893E+00 -5.498306E-02  3.990950E-01 -7.996468E-02  5.179260E-02
       124   5  5.675778E-03  3.925080E+00 -5.498306E-02 -4.314417E-01 -7.095783E-02  5.121900E-01
       124   6  2.747824E-01  4.040412E+00  6.034835E-02 -4.384328E-01  5.535751E-02  4.998856E-01
       124   7  3.104881E-04  3.912561E+00 -6.034835E-02 -3.921038E-01  6.436436E-02  3.948820E-02
       124   8  2.694171E-01  4.027893E+00  5.498306E-02 -3.990950E-01 -7.996468E-02  5.179260E-02
       125   1  4.462450E-01 -1.031432E+00  1.994888E-01  4.372062E-01 -1.847096E-01  4.876795E-01
       125   2 -2.394607E-01 -1.325305E+00 -9.438506E-02  3.512122E-01  1.691092E-01  6.390288E-01
       125   3  3.411413E-01 -1.276674E+00  9.438506E-02  2.775710E-01  1.601024E-01  6.399875E-02
       125   4 -3.445644E-01 -1.570547E+00 -1.994888E-01  1.915771E-01 -1.757027E-01 -8.735059E-02
       125   5 -4.462450E-01  1.031432E+00 -1.994888E-01 -4.372062E-01 -1.847096E-01  4.876795E-01
       125   6  2.394607E-01  1.325305E+00  9.438506E-02 -3.512122E-01  1.691092E-01  6.390288E-01
       125   7 -3.411413E-01  1.276674E+00 -9.438506E-02 -2.775710E-01  1.601024E-01  6.399875E-02
       125   8  3.445644E-01  1.570547E+00  1.994888E-01 -1.915771E-01 -1.757027E-01 -8.735059E-02
       126   1  2.494375E-01  8.314582E-01  1.799894E-12  6.331172E-01 -1.401123E-13  1.372927E+00
       126   2  2.494375E-01  8.314582E-01  1.215583E-12  6.331172E-01 -3.502807E-13  1.372927E+00
       126   3  2.494375E-01  8.314582E-01  1.848688E-12  6.331172E-01 -5.954772E-13 -8.556452E-01
       126   4  2.494375E-01  8.314582E-01  2.518818E-12  6.331172E-01 -1.751404E-13 -8.556452E-01
       126   5 -2.494375E-01 -8.314582E-01  2.752465E-12 -6.331172E-01  1.401123E-13  1.372927E+00
       126   6 -2.494375E-01 -8.314582E-01  2.958078E-12 -6.331172E-01 -9.807860E-13  1.372927E+00
       126   7 -2.494375E-01 -8.314582E-01  2.289502E-12 -6.331172E-01  4.903930E-13 -8.556452E-01
       126   8 -2.494375E-01 -8.314582E-01  2.518430E-12 -6.331172E-01 -4.903930E-13 -8.556452E-01
       127   1  0.000000E+00  0.000000E+00  0.000000E+00  0.000000E+00  0.000000E+00  0.000000E+00
       127   2  0.000000E+00  0.000000E+00  0.000000E+00  0.000000E+00  0.000000E+00  0.000000E+00
       127   3  0.000000E+00  0.000000E+00  0.000000E+00  0.000000E+00  0.000000E+00  0.000000E+00
       127   4  0.000000E+00  0.000000E+00  0.000000E+00  0.000000E+00  0.000000E+00  0.000000E+00
       127   5  0.000000E+00  0.000000E+00  0.000000E+00  0.000000E+00  0.000000E+00  0.000000E+00
       127   6  0.000000E+00  0.000000E+00  0.000000E+00  0.000000E+00  0.000000E+00  0.000000E+00
       127   7  0.000000E+00  0.000000E+00  0.000000E+00  0.000000E+00  0.000000E+00  0.000000E+00
       127   8  0.000000E+00  0.000000E+00  0.000000E+00  0.000000E+00  0.000000E+00  0.000000E+00
       128   1 -3.385187E-01 -1.128396E+00  4.508616E-13 -1.931494E-01  5.254211E-13  9.043855E-01
       128   2 -3.385187E-01 -1.128396E+00 -5.509149E-12 -1.931494E-01  6.655333E-13  9.043855E-01
       128   3 -3.385187E-01 -1.128396E+00 -2.368661E-12 -1.931494E-01  5.954772E-13  1.584272E+00
       128   4 -3.385187E-01 -1.128396E+00 -1.489142E-12 -1.931494E-01  4.903930E-13  1.584272E+00
       128   5  3.385187E-01  1.128396E+00  4.009015E-13  1.931494E-01  4.903930E-13  9.043855E-01
       128   6  3.385187E-01  1.128396E+00 -5.567102E-12  1.931494E-01  7.355895E-13  9.043855E-01
       128   7  3.385187E-01  1.128396E+00 -2.418288E-12  1.931494E-01  6.655333E-13  1.584272E+00
       128   8  3.385187E-01  1.128396E+00 -1.541101E-12  1.931494E-01  7.005614E-13  1.584272E+00
       129   1  7.937417E-01  2.815009E+00 -5.497662E-03  2.492993E-01 -4.264045E-02 -6.279895E-02
       129   2  6.131203E-01  2.737600E+00 -8.290685E-02  3.216303E-01  5.576215E-02 -1.901014E-01
       129   3  8.821462E-01  3.021286E+00  8.290685E-02  2.072499E-01  4.818633E-02 -6.737690E-01
       129   4  7.015248E-01  2.943877E+00  5.497662E-03  2.795809E-01 -3.506463E-02 -5.464665E-01
       129   5 -7.937417E-01 -2.815009E+00  5.497662E-03 -2.492993E-01 -4.264045E-02 -6.279895E-02
       129   6 -6.131203E-01 -2.737600E+00  8.290685E-02 -3.216303E-01  5.576215E-02 -1.901014E-01
       129   7 -8.821462E-01 -3.021286E+00 -8.290685E-02 -2.072499E-01  4.818633E-02 -6.737690E-01
       129   8 -7.015248E-01 -2.943877E+00 -5.497662E-03 -2.795809E-01 -3.506463E-02 -5.464665E-01
       130   1 -3.664662E-01 -7.943399E-01 -1.046273E-01  3.157730E-01  1.357590E-01 -1.798346E-01
       130   2  1.323244E-01 -5.805725E-01  1.091401E-01  3.098926E-01 -1.226373E-01 -1.694852E-01
       130   3 -3.709791E-01 -8.048699E-01 -1.091401E-01  3.886859E-01 -1.150615E-01 -5.567333E-01
       130   4  1.278115E-01 -5.911025E-01  1.046273E-01  3.828055E-01  1.281831E-01 -5.670827E-01
       130   5  3.664662E-01  7.943399E-01  1.046273E-01 -3.157730E-01  1.357590E-01 -1.798346E-01
       130   6 -1.323244E-01  5.805725E-01 -1.091401E-01 -3.098926E-01 -1.226373E-01 -1.694852E-01
       130   7  3.709791E-01  8.048699E-01  1.091401E-01 -3.886859E-01 -1.150615E-01 -5.567333E-01
       130   8 -1.278115E-01  5.911025E-01 -1.046273E-01 -3.828055E-01  1.281831E-01 -5.670827E-01
       131   1 -1.660931E-01 -1.905739E+00  9.143497E-04  3.474306E-01 -6.493308E-03  3.638481E-01
       131   2 -1.808900E-01 -1.912080E+00 -5.427186E-03  3.533109E-01 -6.628388E-03  3.534987E-01
       131   3 -1.615803E-01 -1.895209E+00  5.427186E-03  3.452676E-01  9.474268E-04 -3.374937E-02
       131   4 -1.763772E-01 -1.901550E+00 -9.143497E-04  3.511479E-01 -1.406912E-02 -2.339993E-02
       131   5  1.660931E-01  1.905739E+00 -9.143497E-04 -3.474306E-01 -6.493308E-03  3.638481E-01
       131   6  1.808900E-01  1.912080E+00  5.427186E-03 -3.533109E-01 -6.628388E-03  3.534987E-01
       131   7  1.615803E-01  1.895209E+00 -5.427186E-03 -3.452676E-01  9.474268E-04 -3.374937E-02
       131   8  1.763772E-01  1.901550E+00  9.143497E-04 -3.511479E-01 -1.406912E-02 -2.339993E-02
       132   1  3.002326E-01 -1.346037E-01  1.092106E-01  3.359188E-01 -8.662521E-02  3.432319E-01
       132   2 -3.139640E-03 -2.646204E-01 -2.080608E-02  2.635878E-01  7.350351E-02  4.705344E-01
       132   3  2.118281E-01 -3.408809E-01  2.080608E-02  2.652924E-01  6.592770E-02 -1.313313E-02
       132   4 -9.154415E-02 -4.708976E-01 -1.092106E-01  1.929615E-01 -7.904939E-02 -1.404356E-01
       132   5 -3.002326E-01  1.346037E-01 -1.092106E-01 -3.359188E-01 -8.662521E-02  3.432319E-01
       132   6  3.139640E-03  2.646204E-01  2.080608E-02 -2.635878E-01  7.350351E-02  4.705344E-01
       132   7 -2.118281E-01  3.408809E-01 -2.080608E-02 -2.652924E-01  6.592770E-02 -1.313313E-02
       132   8  9.154415E-02  4.708976E-01  1.092106E-01 -1.929615E-01 -7.904939E-02 -1.404356E-01
       133   1 -6.934231E-01 -2.311410E+00  3.434364E-12  1.272571E-01  5.604491E-13 -8.602549E-01
       133   2 -6.934231E-01 -2.311410E+00 -3.263168E-12  1.272571E-01  6.305053E-13 -8.602549E-01
       133   3 -6.934231E-01 -2.311410E+00 -4.245493E-13  1.272571E-01  6.655333E-13 -1.308200E+00
       133   4 -6.934231E-01 -2.311410E+00 -6.790124E-13  1.272571E-01  5.954772E-13 -1.308200E+00
       133   5  6.934231E-01  2.311410E+00  3.328671E-12 -1.272571E-01  5.604491E-13 -8.602549E-01
       133   6  6.934231E-01  2.311410E+00 -3.369749E-12 -1.272571E-01  8.056456E-13 -8.602549E-01
       133   7  6.934231E-01  2.311410E+00 -5.304646E-13 -1.272571E-01  7.005614E-13 -1.308200E+00
       133   8  6.934231E-01  2.311410E+00 -6.417089E-13 -1.272571E-01  6.305053E-13 -1.308200E+00
       134   1  9.655927E-02  3.218642E-01  1.076444E-12  5.003997E-01 -7.355895E-13  1.066510E+00
       134   2  9.655927E-02  3.218642E-01  1.696171E-12  5.003997E-01  2.802246E-13  1.066510E+00
       134   3  9.655927E-02  3.218642E-01  5.625778E-13  5.003997E-01 -5.604491E-13 -6.948971E-01
       134   4  9.655927E-02  3.218642E-01 -3.042483E-12  5.003997E-01  1.751404E-13 -6.948971E-01
       134   5 -9.655927E-02 -3.218642E-01  9.373058E-14 -5.003997E-01  0.000000E+00  1.066510E+00
       134   6 -9.655927E-02 -3.218642E-01  2.233658E-12 -5.003997E-01 -2.802246E-13  1.066510E+00
       134   7 -9.655927E-02 -3.218642E-01  8.059664E-13 -5.003997E-01  1.751404E-13 -6.948971E-01
       134   8 -9.655927E-02 -3.218642E-01 -2.761236E-12 -5.003997E-01 -3.853088E-13 -6.948971E-01
       135   1  5.512633E-01  1.778476E+00  3.322799E-03 -9.238408E-02  1.442904E-02 -4.640318E-01
       135   2  6.127690E-01  1.804836E+00  2.968239E-02 -1.193883E-01 -1.932793E-02 -4.165043E-01
       135   3  5.182581E-01  1.701464E+00 -2.968239E-02 -7.806529E-02 -1.649955E-02 -2.359305E-01
       135   4  5.797639E-01  1.727824E+00 -3.322799E-03 -1.050695E-01  1.160066E-02 -2.834580E-01
       135   5 -5.512633E-01 -1.778476E+00 -3.322799E-03  9.238408E-02  1.442904E-02 -4.640318E-01
       135   6 -6.127690E-01 -1.804836E+00 -2.968239E-02  1.193883E-01 -1.932793E-02 -4.165043E-01
       135   7 -5.182581E-01 -1.701464E+00  2.968239E-02  7.806529E-02 -1.649955E-02 -2.359305E-01
       135   8 -5.797639E-01 -1.727824E+00  3.322799E-03  1.050695E-01  1.160066E-02 -2.834580E-01
       136   1 -3.493252E-01 -1.740369E+00 -9.775847E-02 -1.645590E-01  1.098512E-01 -4.203373E-01
       136   2  1.029497E-01 -1.546536E+00  9.607363E-02 -1.623636E-01 -1.147501E-01 -4.242012E-01
       136   3 -3.476403E-01 -1.736437E+00 -9.607363E-02 -9.844568E-02 -1.175785E-01 -2.796249E-01
       136   4  1.046346E-01 -1.542605E+00  9.775847E-02 -9.625029E-02  1.126796E-01 -2.757611E-01
       136   5  3.493252E-01  1.740369E+00  9.775847E-02  1.645590E-01  1.098512E-01 -4.203373E-01
       136   6 -1.029497E-01  1.546536E+00 -9.607363E-02  1.623636E-01 -1.147501E-01 -4.242012E-01
       136   7  3.476403E-01  1.736437E+00  9.607363E-02  9.844568E-02 -1.175785E-01 -2.796249E-01
       136   8 -1.046346E-01  1.542605E+00 -9.775847E-02  9.625029E-02  1.126796E-01 -2.757611E-01
       137   1 -1.363334E-01 -2.620456E+00  1.272581E-02 -1.252537E-01 -1.290792E-02  1.091321E-01
       137   2 -1.917892E-01 -2.644222E+00 -1.104097E-02 -1.274491E-01  1.780681E-02  1.129960E-01
       137   3 -1.380182E-01 -2.624387E+00  1.104097E-02 -1.333602E-01  1.497844E-02  2.575723E-01
       137   4 -1.934741E-01 -2.648154E+00 -1.272581E-02 -1.355556E-01 -1.007955E-02  2.537084E-01
       137   5  1.363334E-01  2.620456E+00 -1.272581E-02  1.252537E-01 -1.290792E-02  1.091321E-01
       137   6  1.917892E-01  2.644222E+00  1.104097E-02  1.274491E-01  1.780681E-02  1.129960E-01
       137   7  1.380182E-01  2.624387E+00 -1.104097E-02  1.333602E-01  1.497844E-02  2.575723E-01
       137   8  1.934741E-01  2.648154E+00  1.272581E-02  1.355556E-01 -1.007955E-02  2.537084E-01
       138   1  2.507505E-01 -7.961763E-01  8.170986E-02 -5.887896E-02 -1.113723E-01  1.168290E-01
       138   2 -2.075743E-01 -9.926013E-01 -1.147150E-01 -3.187471E-02  1.162712E-01  6.930157E-02
       138   3  2.837557E-01 -7.191642E-01  1.147150E-01 -1.655789E-01  1.190996E-01  2.498754E-01
       138   4 -1.745691E-01 -9.155892E-01 -8.170986E-02 -1.385747E-01 -1.142007E-01  2.974028E-01
       138   5 -2.507505E-01  7.961763E-01 -8.170986E-02  5.887896E-02 -1.113723E-01  1.168290E-01
       138   6  2.075743E-01  9.926013E-01  1.147150E-01  3.187471E-02  1.162712E-01  6.930157E-02
       138   7 -2.837557E-01  7.191642E-01 -1.147150E-01  1.655789E-01  1.190996E-01  2.498754E-01
       138   8  1.745691E-01  9.155892E-01  8.170986E-02  1.385747E-01 -1.142007E-01  2.974028E-01
       139   1 -4.337858E-01 -1.445953E+00 -1.312506E-12 -2.183151E-01 -7.355895E-13 -4.576907E-01
       139   2 -4.337858E-01 -1.445953E+00 -6.750156E-14 -2.183151E-01  1.751404E-13 -4.576907E-01
       139   3 -4.337858E-01 -1.445953E+00  1.071587E-12 -2.183151E-01 -7.355895E-13  3.107786E-01
       139   4 -4.337858E-01 -1.445953E+00 -5.028866E-12 -2.183151E-01 -3.502807E-14  3.107786E-01
       139   5  4.337858E-01  1.445953E+00 -2.344791E-13  2.183151E-01  2.101684E-13 -4.576907E-01
       139   6  4.337858E-01  1.445953E+00  1.652012E-13  2.183151E-01 -4.553649E-13 -4.576907E-01
       139   7  4.337858E-01  1.445953E+00 -7.894796E-13  2.183151E-01 -3.502807E-14  3.107786E-01
       139   8  4.337858E-01  1.445953E+00 -3.397504E-12  2.183151E-01 -5.604491E-13  3.107786E-01
       140   1  2.002749E-01  6.675832E-01 -3.165190E-12 -2.328663E-01  3.502807E-13 -7.544182E-01
       140   2  2.002749E-01  6.675832E-01 -3.504974E-13 -2.328663E-01 -1.401123E-13 -7.544182E-01
       140   3  2.002749E-01  6.675832E-01 -5.804301E-12 -2.328663E-01  4.203368E-13  6.527130E-02
       140   4  2.002749E-01  6.675832E-01 -2.133349E-12 -2.328663E-01  0.000000E+00  6.527130E-02
       140   5 -2.002749E-01 -6.675832E-01 -3.234413E-12  2.328663E-01  7.005614E-13 -7.544182E-01
       140   6 -2.002749E-01 -6.675832E-01 -2.471745E-12  2.328663E-01 -5.954772E-13 -7.544182E-01
       140   7 -2.002749E-01 -6.675832E-01 -7.841949E-12  2.328663E-01  7.706175E-13  6.527130E-02
       140   8 -2.002749E-01 -6.675832E-01 -1.691369E-12  2.328663E-01 -8.406737E-13  6.527130E-02
       141   1 -2.259528E-01 -9.231174E-01 -5.799880E-02 -8.061981E-03  6.349016E-02 -8.141781E-03
       141   2  2.554004E-02 -8.153348E-01  4.978385E-02 -1.340659E-03 -6.227083E-02 -1.997131E-02
       141   3 -2.177379E-01 -9.039492E-01 -4.978385E-02  5.048662E-02 -6.297481E-02 -6.491590E-02
       141   4  3.375499E-02 -7.961665E-01  5.799880E-02  5.720794E-02  6.419414E-02 -5.308637E-02
       141   5  2.259528E-01  9.231174E-01  5.799880E-02  8.061981E-03  6.349016E-02 -8.141781E-03
       141   6 -2.554004E-02  8.153348E-01 -4.978385E-02  1.340659E-03 -6.227083E-02 -1.997131E-02
       141   7  2.177379E-01  9.039492E-01  4.978385E-02 -5.048662E-02 -6.297481E-02 -6.491590E-02
       141   8 -3.375499E-02  7.961665E-01 -5.799880E-02 -5.720794E-02  6.419414E-02 -5.308637E-02
       142   1 -2.863561E-02 -1.231035E+00 -1.736158E-02  2.673746E-02  2.157859E-02 -1.901727E-02
       142   2  5.336358E-02 -1.195892E+00  1.778093E-02  2.619103E-02 -2.035927E-02 -1.805555E-02
       142   3 -2.905497E-02 -1.232013E+00 -1.778093E-02  3.872406E-02 -1.965529E-02 -5.404041E-02
       142   4  5.294422E-02 -1.196871E+00  1.736158E-02  3.817763E-02  2.087461E-02 -5.500212E-02
       142   5  2.863561E-02  1.231035E+00  1.736158E-02 -2.673746E-02  2.157859E-02 -1.901727E-02
       142   6 -5.336358E-02  1.195892E+00 -1.778093E-02 -2.619103E-02 -2.035927E-02 -1.805555E-02
       142   7  2.905497E-02  1.232013E+00  1.778093E-02 -3.872406E-02 -1.965529E-02 -5.404041E-02
       142   8 -5.294422E-02  1.196871E+00 -1.736158E-02 -3.817763E-02  2.087461E-02 -5.500212E-02
       143   1 -5.270705E-02 -1.669449E+00 -1.992059E-02  2.546123E-02  2.286980E-02 -1.805555E-02
       143   2  3.927722E-02 -1.630027E+00  1.950124E-02  2.600766E-02 -2.408913E-02 -1.901727E-02
       143   3 -5.228770E-02 -1.668471E+00 -1.950124E-02  3.890743E-02 -2.338515E-02 -5.500212E-02
       143   4  3.969657E-02 -1.629049E+00  1.992059E-02  3.945386E-02  2.216582E-02 -5.404041E-02
       143   5  5.270705E-02  1.669449E+00  1.992059E-02 -2.546123E-02  2.286980E-02 -1.805555E-02
       143   6 -3.927722E-02  1.630027E+00 -1.950124E-02 -2.600766E-02 -2.408913E-02 -1.901727E-02
       143   7  5.228770E-02  1.668471E+00  1.950124E-02 -3.890743E-02 -2.338515E-02 -5.500212E-02
       143   8 -3.969657E-02  1.629049E+00 -1.992059E-02 -3.945386E-02  2.216582E-02 -5.404041E-02
       144   1 -1.104994E-01 -1.902802E+00  9.528097E-02  7.745998E-02 -1.079386E-01 -1.997131E-02
       144   2 -5.359757E-01 -2.085149E+00 -8.706602E-02  7.073866E-02  1.067192E-01 -8.141781E-03
       144   3 -1.187143E-01 -1.921971E+00  8.706602E-02 -2.159270E-02  1.060152E-01 -5.308637E-02
       144   4 -5.441906E-01 -2.104318E+00 -9.528097E-02 -2.831402E-02 -1.072346E-01 -6.491590E-02
       144   5  1.104994E-01  1.902802E+00 -9.528097E-02 -7.745998E-02 -1.079386E-01 -1.997131E-02
       144   6  5.359757E-01  2.085149E+00  8.706602E-02 -7.073866E-02  1.067192E-01 -8.141781E-03
       144   7  1.187143E-01  1.921971E+00 -8.706602E-02  2.159270E-02  1.060152E-01 -5.308637E-02
       144   8  5.441906E-01  2.104318E+00  9.528097E-02  2.831402E-02 -1.072346E-01 -6.491590E-02
       145   1 -3.934701E-01 -1.311567E+00 -3.034462E-12  1.615397E-01  4.203368E-13  4.233814E-01
       145   2 -3.934701E-01 -1.311567E+00  2.592593E-12  1.615397E-01 -7.005614E-14  4.233814E-01
       145   3 -3.934701E-01 -1.311567E+00 -3.398615E-12  1.615397E-01  6.305053E-13 -1.452384E-01
       145   4 -3.934701E-01 -1.311567E+00  4.870548E-13  1.615397E-01  2.101684E-13 -1.452384E-01
       145   5  3.934701E-01  1.311567E+00 -2.122635E-12 -1.615397E-01  1.331067E-12  4.233814E-01
       145   6  3.934701E-01  1.311567E+00  1.018075E-13 -1.615397E-01 -7.005614E-14  4.233814E-01
       145   7  3.934701E-01  1.311567E+00 -7.420509E-12 -1.615397E-01  1.296039E-12 -1.452384E-01
       145   8  3.934701E-01  1.311567E+00  4.527489E-13 -1.615397E-01 -1.050842E-13 -1.452384E-01
       146   1  0.000000E+00  0.000000E+00  0.000000E+00  0.000000E+00  0.000000E+00  0.000000E+00
       146   2  0.000000E+00  0.000000E+00  0.000000E+00  0.000000E+00  0.000000E+00  0.000000E+00
       146   3  0.000000E+00  0.000000E+00  0.000000E+00  0.000000E+00  0.000000E+00  0.000000E+00
       146   4  0.000000E+00  0.000000E+00  0.000000E+00  0.000000E+00  0.000000E+00  0.000000E+00
       146   5  0.000000E+00  0.000000E+00  0.000000E+00  0.000000E+00  0.000000E+00  0.000000E+00
       146   6  0.000000E+00  0.000000E+00  0.000000E+00  0.000000E+00  0.000000E+00  0.000000E+00
       146   7  0.000000E+00  0.000000E+00  0.000000E+00  0.000000E+00  0.000000E+00  0.000000E+00
       146   8  0.000000E+00  0.000000E+00  0.000000E+00  0.000000E+00  0.000000E+00  0.000000E+00
       147   1  0.000000E+00  0.000000E+00  0.000000E+00  0.000000E+00  0.000000E+00  0.000000E+00
       147   2  0.000000E+00  0.000000E+00  0.000000E+00  0.000000E+00  0.000000E+00  0.000000E+00
       147   3  0.000000E+00  0.000000E+00  0.000000E+00  0.000000E+00  0.000000E+00  0.000000E+00
       147   4  0.000000E+00  0.000000E+00  0.000000E+00  0.000000E+00  0.000000E+00  0.000000E+00
       147   5  0.000000E+00  0.000000E+00  0.000000E+00  0.000000E+00  0.000000E+00  0.000000E+00
       147   6  0.000000E+00  0.000000E+00  0.000000E+00  0.000000E+00  0.000000E+00  0.000000E+00
       147   7  0.000000E+00  0.000000E+00  0.000000E+00  0.000000E+00  0.000000E+00  0.000000E+00
       147   8  0.000000E+00  0.000000E+00  0.000000E+00  0.000000E+00  0.000000E+00  0.000000E+00
       148   1  0.000000E+00  0.000000E+00  0.000000E+00  0.000000E+00  0.000000E+00  0.000000E+00
       148   2  0.000000E+00  0.000000E+00  0.000000E+00  0.000000E+00  0.000000E+00  0.000000E+00
       148   3  0.000000E+00  0.000000E+00  0.000000E+00  0.000000E+00  0.000000E+00  0.000000E+00
       148   4  0.000000E+00  0.000000E+00  0.000000E+00  0.000000E+00  0.000000E+00  0.000000E+00
       148   5  0.000000E+00  0.000000E+00  0.000000E+00  0.000000E+00  0.000000E+00  0.000000E+00
       148   6  0.000000E+00  0.000000E+00  0.000000E+00  0.000000E+00  0.000000E+00  0.000000E+00
       148   7  0.000000E+00  0.000000E+00  0.000000E+00  0.000000E+00  0.000000E+00  0.000000E+00
       148   8  0.000000E+00  0.000000E+00  0.000000E+00  0.000000E+00  0.000000E+00  0.000000E+00
       149   1  0.000000E+00  0.000000E+00  0.000000E+00  0.000000E+00  0.000000E+00  0.000000E+00
       149   2  0.000000E+00  0.000000E+00  0.000000E+00  0.000000E+00  0.000000E+00  0.000000E+00
       149   3  0.000000E+00  0.000000E+00  0.000000E+00  0.000000E+00  0.000000E+00  0.000000E+00
       149   4  0.000000E+00  0.000000E+00  0.000000E+00  0.000000E+00  0.000000E+00  0.000000E+00
       149   5  0.000000E+00  0.000000E+00  0.000000E+00  0.000000E+00  0.000000E+00  0.000000E+00
       149   6  0.000000E+00  0.000000E+00  0.000000E+00  0.000000E+00  0.000000E+00  0.000000E+00
       149   7  0.000000E+00  0.000000E+00  0.000000E+00  0.000000E+00  0.000000E+00  0.000000E+00
       149   8  0.000000E+00  0.000000E+00  0.000000E+00  0.000000E+00  0.000000E+00  0.000000E+00
       150   1  0.000000E+00  0.000000E+00  0.000000E+00  0.000000E+00  0.000000E+00  0.000000E+00
       150   2  0.000000E+00  0.000000E+00  0.000000E+00  0.000000E+00  0.000000E+00  0.000000E+00
       150   3  0.000000E+00  0.000000E+00  0.000000E+00  0.000000E+00  0.000000E+00  0.000000E+00
       150   4  0.000000E+00  0.000000E+00  0.000000E+00  0.000000E+00  0.000000E+00  0.000000E+00
       150   5  0.000000E+00  0.000000E+00  0.000000E+00  0.000000E+00  0.000000E+00  0.000000E+00
       150   6  0.000000E+00  0.000000E+00  0.000000E+00  0.000000E+00  0.000000E+00  0.000000E+00
       150   7  0.000000E+00  0.000000E+00  0.000000E+00  0.000000E+00  0.000000E+00  0.000000E+00
       150   8  0.000000E+00  0.000000E+00  0.000000E+00  0.000000E+00  0.000000E+00  0.000000E+00
       151   1  0.000000E+00  0.000000E+00  0.000000E+00  0.000000E+00  0.000000E+00  0.000000E+00
       151   2  0.000000E+00  0.000000E+00  0.000000E+00  0.000000E+00  0.000000E+00  0.000000E+00
       151   3  0.000000E+00  0.000000E+00  0.000000E+00  0.000000E+00  0.000000E+00  0.000000E+00
       151   4  0.000000E+00  0.000000E+00  0.000000E+00  0.000000E+00  0.000000E+00  0.000000E+00
       151   5  0.000000E+00  0.000000E+00  0.000000E+00  0.000000E+00  0.000000E+00  0.000000E+00
       151   6  0.000000E+00  0.000000E+00  0.000000E+00  0.000000E+00  0.000000E+00  0.000000E+00
       151   7  0.000000E+00  0.000000E+00  0.000000E+00  0.000000E+00  0.000000E+00  0.000000E+00
       151   8  0.000000E+00  0.000000E+00  0.000000E+00  0.000000E+00  0.000000E+00  0.000000E+00
       152   1  0.000000E+00  0.000000E+00  0.000000E+00  0.000000E+00  0.000000E+00  0.000000E+00
       152   2  0.000000E+00  0.000000E+00  0.000000E+00  0.000000E+00  0.000000E+00  0.000000E+00
       152   3  0.000000E+00  0.000000E+00  0.000000E+00  0.000000E+00  0.000000E+00  0.000000E+00
       152   4  0.000000E+00  0.000000E+00  0.000000E+00  0.000000E+00  0.000000E+00  0.000000E+00
       152   5  0.000000E+00  0.000000E+00  0.000000E+00  0.000000E+00  0.000000E+00  0.000000E+00
       152   6  0.000000E+00  0.000000E+00  0.000000E+00  0.000000E+00  0.000000E+00  0.000000E+00
       152   7  0.000000E+00  0.000000E+00  0.000000E+00  0.000000E+00  0.000000E+00  0.000000E+00
       152   8  0.000000E+00  0.000000E+00  0.000000E+00  0.000000E+00  0.000000E+00  0.000000E+00
       153   1  0.000000E+00  0.000000E+00  0.000000E+00  0.000000E+00  0.000000E+00  0.000000E+00
       153   2  0.000000E+00  0.000000E+00  0.000000E+00  0.000000E+00  0.000000E+00  0.000000E+00
       153   3  0.000000E+00  0.000000E+00  0.000000E+00  0.000000E+00  0.000000E+00  0.000000E+00
       153   4  0.000000E+00  0.000000E+00  0.000000E+00  0.000000E+00  0.000000E+00  0.000000E+00
       153   5  0.000000E+00  0.000000E+00  0.000000E+00  0.000000E+00  0.000000E+00  0.000000E+00
       153   6  0.000000E+00  0.000000E+00  0.000000E+00  0.000000E+00  0.000000E+00  0.000000E+00
       153   7  0.000000E+00  0.000000E+00  0.000000E+00  0.000000E+00  0.000000E+00  0.000000E+00
       153   8  0.000000E+00  0.000000E+00  0.000000E+00  0.000000E+00  0.000000E+00  0.000000E+00
       154   1  0.000000E+00  0.000000E+00  0.000000E+00  0.000000E+00  0.000000E+00  0.000000E+00
       154   2  0.000000E+00  0.000000E+00  0.000000E+00  0.000000E+00  0.000000E+00  0.000000E+00
       154   3  0.000000E+00  0.000000E+00  0.000000E+00  0.000000E+00  0.000000E+00  0.000000E+00
       154   4  0.000000E+00  0.000000E+00  0.000000E+00  0.000000E+00  0.000000E+00  0.000000E+00
       154   5  0.000000E+00  0.000000E+00  0.000000E+00  0.000000E+00  0.000000E+00  0.000000E+00
       154   6  0.000000E+00  0.000000E+00  0.000000E+00  0.000000E+00  0.000000E+00  0.000000E+00
       154   7  0.000000E+00  0.000000E+00  0.000000E+00  0.000000E+00  0.000000E+00  0.000000E+00
       154   8  0.000000E+00  0.000000E+00  0.000000E+00  0.000000E+00  0.000000E+00  0.000000E+00
       155   1  0.000000E+00  0.000000E+00  0.000000E+00  0.000000E+00  0.000000E+00  0.000000E+00
       155   2  0.000000E+00  0.000000E+00  0.000000E+00  0.000000E+00  0.000000E+00  0.000000E+00
       155   3  0.000000E+00  0.000000E+00  0.000000E+00  0.000000E+00  0.000000E+00  0.000000E+00
       155   4  0.000000E+00  0.000000E+00  0.000000E+00  0.000000E+00  0.000000E+00  0.000000E+00
       155   5  0.000000E+00  0.000000E+00  0.000000E+00  0.000000E+00  0.000000E+00  0.000000E+00
       155   6  0.000000E+00  0.000000E+00  0.000000E+00  0.000000E+00  0.000000E+00  0.000000E+00
       155   7  0.000000E+00  0.000000E+00  0.000000E+00  0.000000E+00  0.000000E+00  0.000000E+00
       155   8  0.000000E+00  0.000000E+00  0.000000E+00  0.000000E+00  0.000000E+00  0.000000E+00
       156   1  0.000000E+00  0.000000E+00  0.000000E+00  0.000000E+00  0.000000E+00  0.000000E+00
       156   2  0.000000E+00  0.000000E+00  0.000000E+00  0.000000E+00  0.000000E+00  0.000000E+00
       156   3  0.000000E+00  0.000000E+00  0.000000E+00  0.000000E+00  0.000000E+00  0.000000E+00
       156   4  0.000000E+00  0.000000E+00  0.000000E+00  0.000000E+00  0.000000E+00  0.000000E+00
       156   5  0.000000E+00  0.000000E+00  0.000000E+00  0.000000E+00  0.000000E+00  0.000000E+00
       156   6  0.000000E+00  0.000000E+00  0.000000E+00  0.000000E+00  0.000000E+00  0.000000E+00
       156   7  0.000000E+00  0.000000E+00  0.000000E+00  0.000000E+00  0.000000E+00  0.000000E+00
       156   8  0.000000E+00  0.000000E+00  0.000000E+00  0.000000E+00  0.000000E+00  0.000000E+00
       157   1  0.000000E+00  0.000000E+00  0.000000E+00  0.000000E+00  0.000000E+00  0.000000E+00
       157   2  0.000000E+00  0.000000E+00  0.000000E+00  0.000000E+00  0.000000E+00  0.000000E+00
       157   3  0.000000E+00  0.000000E+00  0.000000E+00  0.000000E+00  0.000000E+00  0.000000E+00
       157   4  0.000000E+00  0.000000E+00  0.000000E+00  0.000000E+00  0.000000E+00  0.000000E+00
       157   5  0.000000E+00  0.000000E+00  0.000000E+00  0.000000E+00  0.000000E+00  0.000000E+00
       157   6  0.000000E+00  0.000000E+00  0.000000E+00  0.000000E+00  0.000000E+00  0.000000E+00
       157   7  0.000000E+00  0.000000E+00  0.000000E+00  0.000000E+00  0.000000E+00  0.000000E+00
       157   8  0.000000E+00  0.000000E+00  0.000000E+00  0.000000E+00  0.000000E+00  0.000000E+00
       158   1  0.000000E+00  0.000000E+00  0.000000E+00  0.000000E+00  0.000000E+00  0.000000E+00
       158   2  0.000000E+00  0.000000E+00  0.000000E+00  0.000000E+00  0.000000E+00  0.000000E+00
       158   3  0.000000E+00  0.000000E+00  0.000000E+00  0.000000E+00  0.000000E+00  0.000000E+00
       158   4  0.000000E+00  0.000000E+00  0.000000E+00  0.000000E+00  0.000000E+00  0.000000E+00
       158   5  0.000000E+00  0.000000E+00  0.000000E+00  0.000000E+00  0.000000E+00  0.000000E+00
       158   6  0.000000E+00  0.000000E+00  0.000000E+00  0.000000E+00  0.000000E+00  0.000000E+00
       158   7  0.000000E+00  0.000000E+00  0.000000E+00  0.000000E+00  0.000000E+00  0.000000E+00
       158   8  0.000000E+00  0.000000E+00  0.000000E+00  0.000000E+00  0.000000E+00  0.000000E+00
       159   1  0.000000E+00  0.000000E+00  0.000000E+00  0.000000E+00  0.000000E+00  0.000000E+00
       159   2  0.000000E+00  0.000000E+00  0.000000E+00  0.000000E+00  0.000000E+00  0.000000E+00
       159   3  0.000000E+00  0.000000E+00  0.000000E+00  0.000000E+00  0.000000E+00  0.000000E+00
       159   4  0.000000E+00  0.000000E+00  0.000000E+00  0.000000E+00  0.000000E+00  0.000000E+00
       159   5  0.000000E+00  0.000000E+00  0.000000E+00  0.000000E+00  0.000000E+00  0.000000E+00
       159   6  0.000000E+00  0.000000E+00  0.000000E+00  0.000000E+00  0.000000E+00  0.000000E+00
       159   7  0.000000E+00  0.000000E+00  0.000000E+00  0.000000E+00  0.000000E+00  0.000000E+00
       159   8  0.000000E+00  0.000000E+00  0.000000E+00  0.000000E+00  0.000000E+00  0.000000E+00
