
                        S T E P       1


                                INCREMENT     1


 displacements (vx,vy,vz) for set ALLN and time  0.1000000E+01

         1 -7.752759E-04 -4.252513E-04  3.841965E-02
         2  0.000000E+00  0.000000E+00  0.000000E+00
         3  1.729923E-03 -1.412921E-03 -1.013039E-01
         4  1.310685E-02 -3.741089E-03 -2.021198E-01
         5  2.777589E-02 -5.895256E-03 -2.244993E-01
         6  4.298136E-02 -8.558667E-03 -2.047721E-01
         7  5.512215E-02 -1.066241E-02 -1.175838E-01
         8  5.929454E-02 -1.207566E-02  0.000000E+00
         9  5.864289E-02 -1.562412E-02  5.354231E-02
        10  2.385641E-02  2.729426E-03  3.939989E-02
        11  1.758618E-02  2.845491E-03 -1.452457E-02
        12  2.068415E-02  2.708252E-03 -1.027120E-01
        13  1.962786E-02 -6.406856E-04 -1.900922E-01
        14  2.755680E-02 -2.809225E-03 -2.191617E-01
        15  3.351067E-02 -5.780295E-03 -1.947232E-01
        16  3.657366E-02 -8.523026E-03 -1.134527E-01
        17  3.590091E-02 -1.079302E-02 -1.524844E-02
        18  3.772992E-02 -1.388887E-02  5.303032E-02
        19  5.578098E-02  1.610614E-02  4.089330E-02
        20  5.718965E-02  8.673244E-03 -2.256354E-02
        21  5.370008E-02  3.498598E-03 -1.037080E-01
        22  4.374498E-02 -4.672653E-04 -1.848920E-01
        23  2.745992E-02 -2.595435E-03 -2.171383E-01
        24  1.136111E-02 -4.725055E-03 -1.904499E-01
        25 -7.403940E-04 -6.722422E-03 -1.119836E-01
        26 -4.914695E-03 -8.109112E-03 -2.352554E-02
        27 -5.380281E-03 -9.798618E-03  5.288615E-02
        28  7.461964E-02  1.780812E-02  4.113711E-02
        29  7.535391E-02  1.019648E-02 -2.412034E-02
        30  7.109700E-02  5.345652E-03 -1.042471E-01
        31  5.408981E-02  1.932788E-03 -1.855815E-01
        32  2.779660E-02 -3.966447E-04 -2.181984E-01
        33  8.060461E-04 -2.765745E-03 -1.912529E-01
        34 -1.877077E-02 -5.384249E-03 -1.125252E-01
        35 -2.568000E-02 -7.469634E-03 -2.515164E-02
        36 -2.634222E-02 -8.998421E-03  5.294318E-02
        37 -1.055457E-03 -1.384203E-04  5.455997E-02
        38 -1.758545E-03  0.000000E+00  0.000000E+00
        39  2.472334E-03  9.364804E-04 -1.221357E-01
        40  1.503549E-02  8.369219E-04 -2.126200E-01
        41  3.093424E-02 -1.230466E-03 -2.381942E-01
        42  4.685909E-02 -3.929512E-03 -2.127545E-01
        43  5.947436E-02 -7.944309E-03 -1.224423E-01
        44  6.375297E-02 -1.257009E-02  0.000000E+00
        45  6.309502E-02 -1.574926E-02  5.531440E-02
        46  2.059410E-02  2.983168E-03  5.409867E-02
        47  2.218464E-02  2.848098E-03 -1.599364E-02
        48  2.156877E-02  3.482382E-03 -1.177925E-01
        49  2.409029E-02  7.067184E-04 -2.031655E-01
        50  3.083891E-02 -1.664564E-03 -2.315110E-01
        51  3.759395E-02 -4.505511E-03 -2.033143E-01
        52  4.016201E-02 -7.881449E-03 -1.180327E-01
        53  3.956934E-02 -1.145554E-02 -1.592410E-02
        54  4.118712E-02 -1.422717E-02  5.483868E-02
        55  6.480127E-02  1.640278E-02  5.398734E-02
        56  6.448940E-02  8.012622E-03 -2.461900E-02
        57  6.018315E-02  1.908833E-03 -1.162731E-01
        58  4.789043E-02 -3.430593E-03 -1.991074E-01
        59  3.081571E-02 -6.477333E-03 -2.289982E-01
        60  1.372456E-02 -7.857655E-03 -1.992698E-01
        61  1.369264E-03 -8.545649E-03 -1.164867E-01
        62 -2.999138E-03 -9.238788E-03 -2.451153E-02
        63 -3.344739E-03 -9.780345E-03  5.472350E-02
        64  8.647879E-02  1.795351E-02  5.401823E-02
        65  8.583418E-02  9.500755E-03 -2.624857E-02
        66  7.899586E-02  2.662040E-03 -1.168798E-01
        67  5.890310E-02 -3.311792E-03 -1.998748E-01
        68  3.078726E-02 -6.752511E-03 -2.301990E-01
        69  2.646384E-03 -8.212889E-03 -2.000374E-01
        70 -1.755764E-02 -8.392600E-03 -1.170993E-01
        71 -2.452364E-02 -8.422539E-03 -2.613415E-02
        72 -2.520264E-02 -8.944481E-03  5.477099E-02

 stresses (elem, integ.pnt.,sxx,syy,szz,sxy,sxz,syz) for set ALLE and time  0.1000000E+01

         1   1 -9.579505E-02 -7.540329E-02 -1.260804E-02  1.030916E-02 -8.962171E-02 -1.094627E-15
         1   2 -9.579505E-02  4.197035E-02  1.047656E-01  1.030916E-02 -8.962171E-02 -3.420710E-16
         1   3 -1.049682E-01 -7.540329E-02 -1.535999E-02  1.030916E-02 -4.806934E-02 -1.163041E-15
         1   4 -1.049682E-01  4.197035E-02  1.020136E-01  1.030916E-02 -4.806934E-02 -1.009109E-15
         1   5  3.136668E-01  4.743526E-02 -1.260804E-02 -1.298535E-02 -8.962171E-02 -6.157278E-16
         1   6  3.136668E-01  1.648089E-01  1.047656E-01 -1.298535E-02 -8.962171E-02  4.446923E-16
         1   7  3.044936E-01  4.743526E-02 -1.535999E-02 -1.298535E-02 -4.806934E-02  2.052426E-16
         1   8  3.044936E-01  1.648089E-01  1.020136E-01 -1.298535E-02 -4.806934E-02  1.197248E-16
         2   1  7.665248E-01  2.834968E-01  1.224179E-01  1.136243E-02 -7.019727E-01  5.165272E-15
         2   2  7.665248E-01  9.382976E-02 -6.724916E-02  1.136243E-02 -7.019727E-01  4.788994E-16
         2   3  7.371346E-01  2.834968E-01  1.136008E-01  1.136243E-02 -6.404496E-01  5.438929E-15
         2   4  7.371346E-01  9.382976E-02 -7.606621E-02  1.136243E-02 -6.404496E-01  2.052426E-16
         2   5 -3.367249E-01 -4.747808E-02  1.224179E-01 -2.312780E-02 -7.019727E-01  6.225692E-15
         2   6 -3.367249E-01 -2.371451E-01 -6.724916E-02 -2.312780E-02 -7.019727E-01 -1.299870E-15
         2   7 -3.661150E-01 -4.747808E-02  1.136008E-01 -2.312780E-02 -6.404496E-01  5.746793E-15
         2   8 -3.661150E-01 -2.371451E-01 -7.606621E-02 -2.312780E-02 -6.404496E-01  4.788994E-16
         3   1  7.325866E-01  6.691387E-02  2.029947E-01 -5.013550E-03  3.345525E-02  3.899609E-15
         3   2  7.325866E-01 -1.535197E-01 -1.743880E-02 -5.013550E-03  3.345525E-02  6.225692E-15
         3   3  7.404655E-01  6.691387E-02  2.053584E-01 -5.013550E-03  1.364609E-02 -1.573527E-15
         3   4  7.404655E-01 -1.535197E-01 -1.507514E-02 -5.013550E-03  1.364609E-02  2.736568E-15
         3   5  1.647671E+00  3.414392E-01  2.029947E-01  6.091586E-03  3.345525E-02  1.778769E-15
         3   6  1.647671E+00  1.210057E-01 -1.743880E-02  6.091586E-03  3.345525E-02  0.000000E+00
         3   7  1.655550E+00  3.414392E-01  2.053584E-01  6.091586E-03  1.364609E-02 -6.157278E-16
         3   8  1.655550E+00  1.210057E-01 -1.507514E-02  6.091586E-03  1.364609E-02  2.326083E-15
         4   1  1.495639E+00  4.278613E-02  4.590770E-02  8.762243E-04 -1.707841E-01  5.473136E-16
         4   2  1.495639E+00  7.051186E-02  7.363343E-02  8.762243E-04 -1.707841E-01  2.189254E-15
         4   3  1.492037E+00  4.278613E-02  4.482738E-02  8.762243E-04 -1.640192E-01  4.720580E-15
         4   4  1.492037E+00  7.051186E-02  7.255311E-02  8.762243E-04 -1.640192E-01 -7.525562E-16
         4   5  1.512848E+00  4.794895E-02  4.590770E-02 -2.916227E-03 -1.707841E-01 -6.704592E-15
         4   6  1.512848E+00  7.567468E-02  7.363343E-02 -2.916227E-03 -1.707841E-01 -2.257669E-15
         4   7  1.509247E+00  4.794895E-02  4.482738E-02 -2.916227E-03 -1.640192E-01 -6.636177E-15
         4   8  1.509247E+00  7.567468E-02  7.255311E-02 -2.916227E-03 -1.640192E-01 -5.131065E-15
         5   1  1.397440E+00  5.285563E-02  1.096409E-01 -3.401547E-03  1.225722E-01  8.209704E-16
         5   2  1.397440E+00  3.188612E-02  8.867136E-02 -3.401547E-03  1.225722E-01  5.404722E-15
         5   3  1.390096E+00  5.285563E-02  1.074377E-01 -3.401547E-03  1.086339E-01 -2.531325E-15
         5   4  1.390096E+00  3.188612E-02  8.646815E-02 -3.401547E-03  1.086339E-01  6.430935E-15
         5   5  1.768664E+00  1.642229E-01  1.096409E-01  4.412357E-03  1.225722E-01  4.104852E-16
         5   6  1.768664E+00  1.432534E-01  8.867136E-02  4.412357E-03  1.225722E-01  3.762781E-15
         5   7  1.761320E+00  1.642229E-01  1.074377E-01  4.412357E-03  1.086339E-01  3.420710E-16
         5   8  1.761320E+00  1.432534E-01  8.646815E-02  4.412357E-03  1.086339E-01  2.257669E-15
         6   1  1.038911E+00 -7.242233E-02 -1.565085E-02 -3.600329E-03  7.116572E-02  7.765012E-15
         6   2  1.038911E+00  6.334778E-02  1.201193E-01 -3.600329E-03  7.116572E-02  4.754787E-15
         6   3  1.057889E+00 -7.242233E-02 -9.957534E-03 -3.600329E-03  5.978021E-02  2.223461E-15
         6   4  1.057889E+00  6.334778E-02  1.258126E-01 -3.600329E-03  5.978021E-02  4.139059E-15
         6   5  1.436366E+00  4.681394E-02 -1.565085E-02  2.782455E-03  7.116572E-02 -2.976018E-15
         6   6  1.436366E+00  1.825841E-01  1.201193E-01  2.782455E-03  7.116572E-02 -7.422941E-15
         6   7  1.455343E+00  4.681394E-02 -9.957534E-03  2.782455E-03  5.978021E-02 -2.155047E-15
         6   8  1.455343E+00  1.825841E-01  1.258126E-01  2.782455E-03  5.978021E-02 -4.070645E-15
         7   1  5.255254E-01 -4.764114E-02 -5.422052E-02 -1.706669E-03  3.969237E-01 -3.215467E-15
         7   2  5.255254E-01  2.108311E-01  2.042517E-01 -1.706669E-03  3.969237E-01  1.530768E-15
         7   3  5.153593E-01 -4.764114E-02 -5.727037E-02 -1.706669E-03  3.780973E-01 -1.641941E-15
         7   4  5.153593E-01  2.108311E-01  2.012018E-01 -1.706669E-03  3.780973E-01  3.429262E-15
         7   5  4.714967E-01 -6.384975E-02 -5.422052E-02  8.847525E-03  3.969237E-01 -5.473136E-16
         7   6  4.714967E-01  1.946224E-01  2.042517E-01  8.847525E-03  3.969237E-01  4.883063E-15
         7   7  4.613305E-01 -6.384975E-02 -5.727037E-02  8.847525E-03  3.780973E-01  8.893846E-16
         7   8  4.613305E-01  1.946224E-01  2.012018E-01  8.847525E-03  3.780973E-01  6.507901E-15
         8   1  2.853424E-01  1.446440E-01  5.283560E-02 -1.934418E-03 -4.474989E-02  1.562837E-15
         8   2  2.853424E-01  1.004110E-01  8.602593E-03 -1.934418E-03 -4.474989E-02 -2.651050E-15
         8   3  2.567186E-01  1.446440E-01  4.424844E-02 -1.934418E-03 -4.825626E-02 -7.557631E-16
         8   4  2.567186E-01  1.004110E-01  1.543689E-05 -1.934418E-03 -4.825626E-02 -1.547871E-15
         8   5 -3.553373E-01 -4.755993E-02  5.283560E-02  3.127430E-05 -4.474989E-02  7.162112E-16
         8   6 -3.553373E-01 -9.179294E-02  8.602593E-03  3.127430E-05 -4.474989E-02 -1.302008E-15
         8   7 -3.839611E-01 -4.755993E-02  4.424844E-02  3.127430E-05 -4.825626E-02 -7.803495E-16
         8   8 -3.839611E-01 -9.179294E-02  1.543689E-05  3.127430E-05 -4.825626E-02 -2.935397E-15
         9   1 -4.971574E-01 -6.203862E-02 -9.127397E-02 -4.461892E-03  1.364626E-01 -1.505112E-15
         9   2 -4.971574E-01  2.598118E-01  2.305764E-01 -4.461892E-03  1.364626E-01 -8.209704E-16
         9   3 -4.868541E-01 -6.203862E-02 -8.818298E-02 -4.461892E-03  1.198634E-01  2.462911E-15
         9   4 -4.868541E-01  2.598118E-01  2.336674E-01 -4.461892E-03  1.198634E-01 -1.710355E-15
         9   5 -6.817565E-01 -1.174183E-01 -9.127397E-02  1.421220E-02  1.364626E-01 -1.094627E-15
         9   6 -6.817565E-01  2.044321E-01  2.305764E-01  1.421220E-02  1.364626E-01  6.841420E-17
         9   7 -6.714532E-01 -1.174183E-01 -8.818298E-02  1.421220E-02  1.198634E-01 -5.473136E-16
         9   8 -6.714532E-01  2.044321E-01  2.336674E-01  1.421220E-02  1.198634E-01  0.000000E+00
        10   1  6.677321E-01  7.699050E-01  7.863461E-01  1.204560E-02 -9.820994E-01  1.347760E-14
        10   2  6.677321E-01  4.444061E-01  4.608472E-01  1.204560E-02 -9.820994E-01  1.519650E-14
        10   3  6.515238E-01  7.699050E-01  7.814836E-01  1.204560E-02 -9.960772E-01  1.272504E-14
        10   4  6.515238E-01  4.444061E-01  4.559848E-01  1.204560E-02 -9.960772E-01  6.644729E-15
        10   5  7.611314E-01  7.979248E-01  7.863461E-01  2.777071E-02 -9.820994E-01  2.127682E-14
        10   6  7.611314E-01  4.724259E-01  4.608472E-01  2.777071E-02 -9.820994E-01  6.678936E-15
        10   7  7.449231E-01  7.979248E-01  7.814836E-01  2.777071E-02 -9.960772E-01  2.305559E-14
        10   8  7.449231E-01  4.724259E-01  4.559848E-01  2.777071E-02 -9.960772E-01  4.523889E-15
        11   1 -3.261248E-01 -2.144064E-01 -2.137425E-01 -1.692105E-02 -1.121574E+00  1.015096E-14
        11   2 -3.261248E-01 -5.180980E-01 -5.174341E-01 -1.692105E-02 -1.121574E+00 -5.063185E-15
        11   3 -3.273008E-01 -2.144064E-01 -2.140953E-01 -1.692105E-02 -1.121184E+00 -1.716769E-15
        11   4 -3.273008E-01 -5.180980E-01 -5.177869E-01 -1.692105E-02 -1.121184E+00 -1.307353E-14
        11   5 -3.228748E-01 -2.134314E-01 -2.137425E-01 -1.735991E-02 -1.121574E+00  1.594692E-14
        11   6 -3.228748E-01 -5.171230E-01 -5.174341E-01 -1.735991E-02 -1.121574E+00  3.555400E-15
        11   7 -3.240508E-01 -2.134314E-01 -2.140953E-01 -1.735991E-02 -1.121184E+00 -4.746235E-15
        11   8 -3.240508E-01 -5.171230E-01 -5.177869E-01 -1.735991E-02 -1.121184E+00 -1.319485E-14
        12   1  5.979757E-01 -1.875522E-01 -1.504396E-01  9.186450E-03 -8.195538E-02 -1.483519E-14
        12   2  5.979757E-01 -1.099170E-01 -7.280441E-02  9.186450E-03 -8.195538E-02  4.408440E-15
        12   3  6.026303E-01 -1.875522E-01 -1.490432E-01  9.186450E-03 -8.305895E-02 -7.737218E-15
        12   4  6.026303E-01 -1.099170E-01 -7.140802E-02  9.186450E-03 -8.305895E-02 -1.363581E-14
        12   5  8.500477E-01 -1.119306E-01 -1.504396E-01  1.042797E-02 -8.195538E-02  1.240649E-14
        12   6  8.500477E-01 -3.429542E-02 -7.280441E-02  1.042797E-02 -8.195538E-02  1.443112E-14
        12   7  8.547023E-01 -1.119306E-01 -1.490432E-01  1.042797E-02 -8.305895E-02  2.033184E-15
        12   8  8.547023E-01 -3.429542E-02 -7.140802E-02  1.042797E-02 -8.305895E-02  2.998680E-14
        13   1  4.025612E-01 -1.935710E-01 -1.690088E-01 -6.017817E-03  4.745080E-02  1.033910E-14
        13   2  4.025612E-01 -2.472302E-01 -2.226681E-01 -6.017817E-03  4.745080E-02  1.252835E-14
        13   3  3.953626E-01 -1.935710E-01 -1.711684E-01 -6.017817E-03  5.020224E-02 -1.752259E-14
        13   4  3.953626E-01 -2.472302E-01 -2.248276E-01 -6.017817E-03  5.020224E-02  1.391374E-14
        13   5  5.591104E-01 -1.466062E-01 -1.690088E-01 -9.113187E-03  4.745080E-02  5.391894E-14
        13   6  5.591104E-01 -2.002655E-01 -2.226681E-01 -9.113187E-03  4.745080E-02  3.369399E-14
        13   7  5.519118E-01 -1.466062E-01 -1.711684E-01 -9.113187E-03  5.020224E-02  8.064324E-15
        13   8  5.519118E-01 -2.002655E-01 -2.248276E-01 -9.113187E-03  5.020224E-02  2.725451E-14
        14   1  9.107739E-02 -3.371856E-01 -3.165872E-01  2.338649E-03  8.145941E-01  1.167317E-14
        14   2  9.107739E-02 -1.708577E-01 -1.502593E-01  2.338649E-03  8.145941E-01  3.506228E-15
        14   3  9.822660E-02 -3.371856E-01 -3.144425E-01  2.338649E-03  8.161233E-01  2.776761E-14
        14   4  9.822660E-02 -1.708577E-01 -1.481146E-01  2.338649E-03  8.161233E-01 -5.763896E-15
        14   5  2.355490E-01 -2.938441E-01 -3.165872E-01  6.183114E-04  8.145941E-01  3.934672E-14
        14   6  2.355490E-01 -1.275162E-01 -1.502593E-01  6.183114E-04  8.145941E-01 -1.195538E-14
        14   7  2.426982E-01 -2.938441E-01 -3.144425E-01  6.183114E-04  8.161233E-01  2.020784E-14
        14   8  2.426982E-01 -1.275162E-01 -1.481146E-01  6.183114E-04  8.161233E-01 -1.859156E-14
        15   1  9.513706E-02  3.265416E-02  2.672633E-02 -4.155031E-04  1.268460E+00 -3.865402E-15
        15   2  9.513706E-02  4.576639E-01  4.517360E-01 -4.155031E-04  1.268460E+00  2.155047E-15
        15   3  9.042496E-02  3.265416E-02  2.531270E-02 -4.155031E-04  1.270865E+00 -1.180145E-14
        15   4  9.042496E-02  4.576639E-01  4.503224E-01 -4.155031E-04  1.270865E+00  7.628183E-15
        15   5  5.090610E-02  1.938487E-02  2.672633E-02 -3.120701E-03  1.268460E+00 -3.386503E-15
        15   6  5.090610E-02  4.443946E-01  4.517360E-01 -3.120701E-03  1.268460E+00  1.142517E-14
        15   7  4.619400E-02  1.938487E-02  2.531270E-02 -3.120701E-03  1.270865E+00  1.812976E-15
        15   8  4.619400E-02  4.443946E-01  4.503224E-01 -3.120701E-03  1.270865E+00  1.221193E-14
        16   1  4.379914E-01  6.240806E-01  6.257045E-01 -1.576786E-04 -2.944529E-02 -1.710355E-16
        16   2  4.379914E-01  2.400925E-01  2.417163E-01 -1.576786E-04 -2.944529E-02 -7.183491E-15
        16   3  4.376870E-01  6.240806E-01  6.256131E-01 -1.576786E-04 -2.618462E-02  2.497118E-15
        16   4  4.376870E-01  2.400925E-01  2.416250E-01 -1.576786E-04 -2.618462E-02 -4.754787E-15
        16   5  4.485125E-01  6.272370E-01  6.257045E-01 -3.825930E-03 -2.944529E-02 -4.002231E-15
        16   6  4.485125E-01  2.432488E-01  2.417163E-01 -3.825930E-03 -2.944529E-02 -1.915598E-15
        16   7  4.482081E-01  6.272370E-01  6.256131E-01 -3.825930E-03 -2.618462E-02 -9.235917E-16
        16   8  4.482081E-01  2.432488E-01  2.416250E-01 -3.825930E-03 -2.618462E-02 -5.302100E-15
        17   1  2.031495E-01 -1.518697E-02 -3.693525E-02 -8.911125E-03  4.796998E-02 -9.577988E-16
        17   2  2.031495E-01  8.746341E-02  6.571513E-02 -8.911125E-03  4.796998E-02 -3.147053E-15
        17   3  2.238590E-01 -1.518697E-02 -3.072240E-02 -8.911125E-03  2.484415E-02 -2.599740E-15
        17   4  2.238590E-01  8.746341E-02  7.192798E-02 -8.911125E-03  2.484415E-02 -1.094627E-15
        17   5  7.887048E-02 -5.247068E-02 -3.693525E-02  9.346109E-03  4.796998E-02 -4.104852E-16
        17   6  7.887048E-02  5.017970E-02  6.571513E-02  9.346109E-03  4.796998E-02 -1.778769E-15
        17   7  9.957998E-02 -5.247068E-02 -3.072240E-02  9.346109E-03  2.484415E-02 -2.599740E-15
        17   8  9.957998E-02  5.017970E-02  7.192798E-02  9.346109E-03  2.484415E-02  6.841420E-16
        18   1 -3.870426E-01 -9.208097E-02 -9.832481E-02 -8.199476E-03 -1.909389E-01  1.087786E-14
        18   2 -3.870426E-01  2.256630E-03 -3.987214E-03 -8.199476E-03 -1.909389E-01 -4.891615E-15
        18   3 -3.855464E-01 -9.208097E-02 -9.787595E-02 -8.199476E-03 -2.059584E-01  1.026213E-14
        18   4 -3.855464E-01  2.256630E-03 -3.538348E-03 -8.199476E-03 -2.059584E-01 -5.815207E-15
        18   5 -4.271720E-01 -1.041198E-01 -9.832481E-02  3.657994E-03 -1.909389E-01  6.157278E-15
        18   6 -4.271720E-01 -9.782191E-03 -3.987214E-03  3.657994E-03 -1.909389E-01 -2.804982E-15
        18   7 -4.256758E-01 -1.041198E-01 -9.787595E-02  3.657994E-03 -2.059584E-01  5.267893E-15
        18   8 -4.256758E-01 -9.782191E-03 -3.538348E-03  3.657994E-03 -2.059584E-01 -2.668154E-15
        19   1 -1.120252E+00 -2.040435E-01 -1.897322E-01  5.740559E-03 -2.672974E-01  7.226250E-15
        19   2 -1.120252E+00 -3.745260E-02 -2.314130E-02  5.740559E-03 -2.672974E-01  1.089069E-14
        19   3 -1.105773E+00 -2.040435E-01 -1.853883E-01  5.740559E-03 -2.688831E-01  6.071760E-16
        19   4 -1.105773E+00 -3.745260E-02 -1.879736E-02  5.740559E-03 -2.688831E-01 -3.604573E-15
        19   5 -1.010364E+00 -1.710770E-01 -1.897322E-01  6.992444E-03 -2.672974E-01 -2.967466E-15
        19   6 -1.010364E+00 -4.486063E-03 -2.314130E-02  6.992444E-03 -2.672974E-01  3.296709E-15
        19   7 -9.958842E-01 -1.710770E-01 -1.853883E-01  6.992444E-03 -2.688831E-01 -8.355084E-15
        19   8 -9.958842E-01 -4.486063E-03 -1.879736E-02  6.992444E-03 -2.688831E-01 -2.407325E-15
        20   1 -1.888445E+00 -2.685891E-01 -2.271534E-01  5.210644E-04 -6.142101E-02  1.923722E-14
        20   2 -1.888445E+00 -1.944368E-01 -1.530012E-01  5.210644E-04 -6.142101E-02  2.787023E-14
        20   3 -1.879902E+00 -2.685891E-01 -2.245905E-01  5.210644E-04 -5.988969E-02  3.963748E-15
        20   4 -1.879902E+00 -1.944368E-01 -1.504382E-01  5.210644E-04 -5.988969E-02  6.713143E-15
        20   5 -1.603664E+00 -1.831548E-01 -2.271534E-01 -6.878694E-04 -6.142101E-02  9.043502E-15
        20   6 -1.603664E+00 -1.090026E-01 -1.530012E-01 -6.878694E-04 -6.142101E-02  1.528202E-14
        20   7 -1.595121E+00 -1.831548E-01 -2.245905E-01 -6.878694E-04 -5.988969E-02 -6.110243E-15
        20   8 -1.595121E+00 -1.090026E-01 -1.504382E-01 -6.878694E-04 -5.988969E-02  9.158951E-15
        21   1 -1.808937E+00 -1.593358E-01 -1.242125E-01  7.220049E-04  3.956805E-02  2.110578E-14
        21   2 -1.808937E+00 -2.102488E-01 -1.751255E-01  7.220049E-04  3.956805E-02  1.508533E-14
        21   3 -1.817534E+00 -1.593358E-01 -1.267917E-01  7.220049E-04  4.128813E-02  1.479457E-14
        21   4 -1.817534E+00 -2.102488E-01 -1.777048E-01  7.220049E-04  4.128813E-02  4.925822E-15
        21   5 -1.583379E+00 -9.166845E-02 -1.242125E-01 -6.359512E-04  3.956805E-02  1.164752E-14
        21   6 -1.583379E+00 -1.425815E-01 -1.751255E-01 -6.359512E-04  3.956805E-02  9.389849E-15
        21   7 -1.591976E+00 -9.166845E-02 -1.267917E-01 -6.359512E-04  4.128813E-02  5.541550E-15
        21   8 -1.591976E+00 -1.425815E-01 -1.777048E-01 -6.359512E-04  4.128813E-02  2.873396E-15
        22   1 -1.411911E+00 -1.127881E-01 -8.411477E-02  2.978673E-04  2.188490E-01  1.710355E-17
        22   2 -1.411911E+00 -2.672967E-01 -2.386233E-01  2.978673E-04  2.188490E-01  1.744562E-15
        22   3 -1.401624E+00 -1.127881E-01 -8.102852E-02  2.978673E-04  2.209511E-01 -9.064881E-16
        22   4 -1.401624E+00 -2.672967E-01 -2.355370E-01  2.978673E-04  2.209511E-01 -1.539319E-16
        22   5 -1.210468E+00 -5.235516E-02 -8.411477E-02 -1.361695E-03  2.188490E-01  7.816322E-15
        22   6 -1.210468E+00 -2.068637E-01 -2.386233E-01 -1.361695E-03  2.188490E-01  2.565532E-15
        22   7 -1.200181E+00 -5.235516E-02 -8.102852E-02 -1.361695E-03  2.209511E-01  7.029559E-15
        22   8 -1.200181E+00 -2.068637E-01 -2.355370E-01 -1.361695E-03  2.209511E-01 -2.907603E-16
        23   1 -4.315866E-01  3.921083E-02  3.156334E-02 -5.812395E-04  2.289215E-01 -3.300985E-15
        23   2 -4.315866E-01 -6.289566E-02 -7.054315E-02 -5.812395E-04  2.289215E-01  5.045547E-15
        23   3 -4.361534E-01  3.921083E-02  3.019330E-02 -5.812395E-04  2.310086E-01 -1.197248E-16
        23   4 -4.361534E-01 -6.289566E-02 -7.191319E-02 -5.812395E-04  2.310086E-01  4.669269E-15
        23   5 -4.871367E-01  2.254581E-02  3.156334E-02 -2.228928E-03  2.289215E-01 -1.795873E-15
        23   6 -4.871367E-01 -7.956068E-02 -7.054315E-02 -2.228928E-03  2.289215E-01  5.592861E-15
        23   7 -4.917035E-01  2.254581E-02  3.019330E-02 -2.228928E-03  2.310086E-01 -1.624837E-15
        23   8 -4.917035E-01 -7.956068E-02 -7.191319E-02 -2.228928E-03  2.310086E-01  8.089979E-15
        24   1 -2.431513E-02  3.988734E-02  2.951029E-02  1.624614E-03  8.696466E-03 -6.499349E-16
        24   2 -2.431513E-02 -5.553569E-02 -6.591273E-02  1.624614E-03  8.696466E-03 -1.306711E-14
        24   3 -2.274813E-02  3.988734E-02  2.998039E-02  1.624614E-03  1.279260E-02  1.710355E-16
        24   4 -2.274813E-02 -5.553569E-02 -6.544263E-02  1.624614E-03  1.279260E-02 -1.337498E-14
        24   5 -9.192845E-02  1.960335E-02  2.951029E-02 -1.609178E-03  8.696466E-03  7.867633E-16
        24   6 -9.192845E-02 -7.581968E-02 -6.591273E-02 -1.609178E-03  8.696466E-03 -5.541550E-15
        24   7 -9.036146E-02  1.960335E-02  2.998039E-02 -1.609178E-03  1.279260E-02  5.815207E-16
        24   8 -9.036146E-02 -7.581968E-02 -6.544263E-02 -1.609178E-03  1.279260E-02 -8.038668E-15
        25   1  1.043169E-01  2.994678E-02  2.825301E-02  1.628266E-02  2.400077E-02 -1.402491E-15
        25   2  1.043169E-01  8.014949E-02  7.845572E-02  1.628266E-02  2.400077E-02 -2.356014E-15
        25   3  1.117551E-01  2.994678E-02  3.048449E-02  1.628266E-02  3.862164E-02  1.949805E-15
        25   4  1.117551E-01  8.014949E-02  8.068719E-02  1.628266E-02  3.862164E-02 -1.064696E-15
        25   5  1.004634E-01  2.879072E-02  2.825301E-02  1.661791E-03  2.400077E-02  2.428704E-15
        25   6  1.004634E-01  7.899343E-02  7.845572E-02  1.661791E-03  2.400077E-02 -5.772448E-16
        25   7  1.079016E-01  2.879072E-02  3.048449E-02  1.661791E-03  3.862164E-02  8.551775E-16
        25   8  1.079016E-01  7.899343E-02  8.068719E-02  1.661791E-03  3.862164E-02 -4.348578E-15
        26   1 -4.236024E-01 -8.361819E-02 -1.031614E-01  2.163041E-02 -2.237729E-01  7.525562E-15
        26   2 -4.236024E-01  5.506802E-02  3.552483E-02  2.163041E-02 -2.237729E-01  2.052426E-15
        26   3 -4.125922E-01 -8.361819E-02 -9.985832E-02  2.163041E-02 -2.091638E-01  1.628258E-14
        26   4 -4.125922E-01  5.506802E-02  3.882789E-02  2.163041E-02 -2.091638E-01  6.157278E-15
        26   5 -5.428801E-01 -1.194015E-01 -1.031614E-01  7.021335E-03 -2.237729E-01  1.272504E-14
        26   6 -5.428801E-01  1.928469E-02  3.552483E-02  7.021335E-03 -2.237729E-01  7.799219E-15
        26   7 -5.318699E-01 -1.194015E-01 -9.985832E-02  7.021335E-03 -2.091638E-01  1.546161E-14
        26   8 -5.318699E-01  1.928469E-02  3.882789E-02  7.021335E-03 -2.091638E-01  8.893846E-15
        27   1 -1.994371E+00 -4.773264E-01 -4.549458E-01  3.429862E-03 -2.494912E-01  1.368284E-16
        27   2 -1.994371E+00 -2.771902E-01 -2.548095E-01  3.429862E-03 -2.494912E-01 -4.515337E-15
        27   3 -1.987643E+00 -4.773264E-01 -4.529274E-01  3.429862E-03 -2.445954E-01  8.483361E-15
        27   4 -1.987643E+00 -2.771902E-01 -2.527911E-01  3.429862E-03 -2.445954E-01 -1.197248E-14
        27   5 -1.838439E+00 -4.305467E-01 -4.549458E-01 -1.466012E-03 -2.494912E-01  5.883621E-15
        27   6 -1.838439E+00 -2.304105E-01 -2.548095E-01 -1.466012E-03 -2.494912E-01 -7.525562E-15
        27   7 -1.831711E+00 -4.305467E-01 -4.529274E-01 -1.466012E-03 -2.445954E-01 -6.841420E-16
        27   8 -1.831711E+00 -2.304105E-01 -2.527911E-01 -1.466012E-03 -2.445954E-01 -2.052426E-14
        28   1 -3.055497E+00 -6.240274E-01 -5.955120E-01  1.528339E-03 -7.337067E-02 -8.688603E-15
        28   2 -3.055497E+00 -5.324364E-01 -5.039210E-01  1.528339E-03 -7.337067E-02 -7.457148E-15
        28   3 -3.054074E+00 -6.240274E-01 -5.950849E-01  1.528339E-03 -7.579181E-02 -1.080944E-14
        28   4 -3.054074E+00 -5.324364E-01 -5.034939E-01  1.528339E-03 -7.579181E-02 -1.498271E-14
        28   5 -2.863971E+00 -5.665695E-01 -5.955120E-01  3.949474E-03 -7.337067E-02 -1.450381E-14
        28   6 -2.863971E+00 -4.749785E-01 -5.039210E-01  3.949474E-03 -7.337067E-02 -1.245138E-14
        28   7 -2.862547E+00 -5.665695E-01 -5.950849E-01  3.949474E-03 -7.579181E-02 -1.436698E-14
        28   8 -2.862547E+00 -4.749785E-01 -5.034939E-01  3.949474E-03 -7.579181E-02 -9.030674E-15
        29   1 -3.155607E+00 -5.604297E-01 -5.226316E-01 -2.244989E-03  5.159538E-02 -3.831195E-15
        29   2 -3.155607E+00 -6.202584E-01 -5.824604E-01 -2.244989E-03  5.159538E-02 -1.368284E-15
        29   3 -3.156672E+00 -5.604297E-01 -5.229513E-01 -2.244989E-03  4.818749E-02 -5.473136E-15
        29   4 -3.156672E+00 -6.202584E-01 -5.827800E-01 -2.244989E-03  4.818749E-02 -1.101469E-14
        29   5 -2.904685E+00 -4.851532E-01 -5.226316E-01  1.162905E-03  5.159538E-02 -8.825432E-15
        29   6 -2.904685E+00 -5.449820E-01 -5.824604E-01  1.162905E-03  5.159538E-02 -2.291876E-14
        29   7 -2.905751E+00 -4.851532E-01 -5.229513E-01  1.162905E-03  4.818749E-02 -6.225692E-15
        29   8 -2.905751E+00 -5.449820E-01 -5.827800E-01  1.162905E-03  4.818749E-02 -8.620189E-15
        30   1 -2.261292E+00 -3.325641E-01 -3.140596E-01 -6.888515E-03  2.139961E-01  1.067262E-14
        30   2 -2.261292E+00 -5.118498E-01 -4.933453E-01 -6.888515E-03  2.139961E-01 -1.744562E-15
        30   3 -2.261614E+00 -3.325641E-01 -3.141561E-01 -6.888515E-03  2.069033E-01 -6.841420E-15
        30   4 -2.261614E+00 -5.118498E-01 -4.934417E-01 -6.888515E-03  2.069033E-01 -7.696597E-15
        30   5 -2.138250E+00 -2.956515E-01 -3.140596E-01  2.042106E-04  2.139961E-01 -1.334077E-14
        30   6 -2.138250E+00 -4.749372E-01 -4.933453E-01  2.042106E-04  2.139961E-01 -1.310132E-14
        30   7 -2.138572E+00 -2.956515E-01 -3.141561E-01  2.042106E-04  2.069033E-01 -1.792452E-14
        30   8 -2.138572E+00 -4.749372E-01 -4.934417E-01  2.042106E-04  2.069033E-01 -2.418442E-14
        31   1 -7.950342E-01 -1.230160E-02 -1.417068E-02 -7.246159E-03  2.438989E-01 -7.662390E-15
        31   2 -7.950342E-01 -1.640693E-01 -1.659384E-01 -7.246159E-03  2.438989E-01  4.823201E-15
        31   3 -7.915601E-01 -1.230160E-02 -1.312844E-02 -7.246159E-03  2.358639E-01 -6.567763E-15
        31   4 -7.915601E-01 -1.640693E-01 -1.648961E-01 -7.246159E-03  2.358639E-01  8.209704E-15
        31   5 -8.040207E-01 -1.499752E-02 -1.417068E-02  7.889347E-04  2.438989E-01 -6.499349E-15
        31   6 -8.040207E-01 -1.667652E-01 -1.659384E-01  7.889347E-04  2.438989E-01  4.652166E-15
        31   7 -8.005465E-01 -1.499752E-02 -1.312844E-02  7.889347E-04  2.358639E-01 -4.446923E-15
        31   8 -8.005465E-01 -1.667652E-01 -1.648961E-01  7.889347E-04  2.358639E-01  8.278118E-15
        32   1 -8.875711E-03  8.597306E-02  7.505197E-02 -2.474081E-03  1.240046E-02 -1.496561E-15
        32   2 -8.875711E-03  1.202367E-02  1.102586E-03 -2.474081E-03  1.240046E-02 -8.474809E-15
        32   3 -6.784115E-03  8.597306E-02  7.567945E-02 -2.474081E-03  1.082848E-02  2.924707E-15
        32   4 -6.784115E-03  1.202367E-02  1.730064E-03 -2.474081E-03  1.082848E-02 -6.516453E-15
        32   5 -7.959136E-02  6.475836E-02  7.505197E-02 -9.020995E-04  1.240046E-02 -2.924707E-15
        32   6 -7.959136E-02 -9.191022E-03  1.102586E-03 -9.020995E-04  1.240046E-02 -7.679494E-15
        32   7 -7.749976E-02  6.475836E-02  7.567945E-02 -9.020995E-04  1.082848E-02 -9.663506E-16
        32   8 -7.749976E-02 -9.191022E-03  1.730064E-03 -9.020995E-04  1.082848E-02 -6.165830E-15
        33   1 -2.146216E-01 -1.389794E-01 -3.253287E-01 -9.384584E-03 -1.648023E-01 -5.809504E-03
        33   2 -2.148390E-01 -1.397641E-01 -3.258960E-01 -9.384584E-03 -1.644511E-01 -5.809504E-03
        33   3 -2.328116E-01 -1.389794E-01 -3.525465E-01 -9.384584E-03 -1.807091E-01 -5.809504E-03
        33   4 -2.330290E-01 -1.397641E-01 -3.531137E-01 -9.384584E-03 -1.803579E-01 -5.809504E-03
        33   5 -2.792330E-01 -1.657910E-01 -3.500891E-01 -3.073831E-03 -2.047998E-01 -1.902848E-03
        33   6 -2.794504E-01 -1.665756E-01 -3.506564E-01 -3.073831E-03 -2.044486E-01 -1.902848E-03
        33   7 -2.974230E-01 -1.657910E-01 -3.773068E-01 -3.073831E-03 -2.207066E-01 -1.902848E-03
        33   8 -2.976404E-01 -1.665756E-01 -3.778741E-01 -3.073831E-03 -2.203554E-01 -1.902848E-03
        34   1  1.298468E-01 -5.347140E-02 -3.818767E-01 -4.457158E-03  1.910960E-01  2.759193E-03
        34   2  2.476717E-01  3.718140E-01 -7.441624E-02 -4.457158E-03  3.814287E-01  2.759193E-03
        34   3  1.625642E-01 -5.347140E-02 -3.575119E-01 -4.457158E-03  1.760068E-01  2.759193E-03
        34   4  2.803892E-01  3.718140E-01 -5.005142E-02 -4.457158E-03  3.663395E-01  2.759193E-03
        34   5  8.647122E-02 -7.147078E-02 -3.984991E-01 -2.762206E-03  2.179476E-01  1.709937E-03
        34   6  2.042962E-01  3.538146E-01 -9.103862E-02 -2.762206E-03  4.082802E-01  1.709937E-03
        34   7  1.191887E-01 -7.147078E-02 -3.741342E-01 -2.762206E-03  2.028584E-01  1.709937E-03
        34   8  2.370136E-01  3.538146E-01 -6.667380E-02 -2.762206E-03  3.931910E-01  1.709937E-03
        35   1 -1.440181E+00 -3.457511E-01 -8.961215E-01 -2.977790E-02 -7.808235E-01 -1.985193E-02
        35   2 -1.510427E+00 -5.740485E-01 -1.054174E+00 -2.977790E-02 -6.754554E-01 -1.985193E-02
        35   3 -1.463218E+00 -3.457511E-01 -9.171319E-01 -2.977790E-02 -7.932484E-01 -1.985193E-02
        35   4 -1.533463E+00 -5.740485E-01 -1.075184E+00 -2.977790E-02 -6.878804E-01 -1.985193E-02
        35   5 -1.449854E+00 -3.499424E-01 -9.004204E-01 -2.764577E-02 -7.872718E-01 -1.843051E-02
        35   6 -1.520099E+00 -5.782399E-01 -1.058472E+00 -2.764577E-02 -6.819037E-01 -1.843051E-02
        35   7 -1.472890E+00 -3.499424E-01 -9.214308E-01 -2.764577E-02 -7.996967E-01 -1.843051E-02
        35   8 -1.543136E+00 -5.782399E-01 -1.079483E+00 -2.764577E-02 -6.943286E-01 -1.843051E-02
        36   1  1.079360E+00  7.757348E-01  1.396856E+00  1.000352E-02 -5.639702E-01 -6.669011E-03
        36   2  1.078478E+00  7.728709E-01  1.394873E+00  1.000352E-02 -5.652919E-01 -6.669011E-03
        36   3  1.091815E+00  7.757348E-01  1.414650E+00  1.000352E-02 -5.739050E-01 -6.669011E-03
        36   4  1.090934E+00  7.728709E-01  1.412667E+00  1.000352E-02 -5.752268E-01 -6.669011E-03
        36   5  1.108586E+00  7.883994E-01  1.409845E+00  1.348976E-02 -5.834543E-01 -8.993172E-03
        36   6  1.107705E+00  7.855356E-01  1.407863E+00  1.348976E-02 -5.847760E-01 -8.993172E-03
        36   7  1.121041E+00  7.883994E-01  1.427639E+00  1.348976E-02 -5.933891E-01 -8.993172E-03
        36   8  1.120160E+00  7.855356E-01  1.425656E+00  1.348976E-02 -5.947109E-01 -8.993172E-03
        37   1 -1.735827E+00 -9.341019E-01 -1.689122E+00 -1.263002E-02 -8.566109E-01 -7.818586E-03
        37   2 -1.662744E+00 -6.703096E-01 -1.498413E+00 -1.263002E-02 -9.746688E-01 -7.818586E-03
        37   3 -1.735756E+00 -9.341019E-01 -1.687858E+00 -1.263002E-02 -8.559124E-01 -7.818586E-03
        37   4 -1.662672E+00 -6.703096E-01 -1.497149E+00 -1.263002E-02 -9.739703E-01 -7.818586E-03
        37   5 -1.740978E+00 -9.362392E-01 -1.691096E+00 -1.310907E-02 -8.597994E-01 -8.115141E-03
        37   6 -1.667894E+00 -6.724469E-01 -1.500387E+00 -1.310907E-02 -9.778573E-01 -8.115141E-03
        37   7 -1.740906E+00 -9.362392E-01 -1.689832E+00 -1.310907E-02 -8.591009E-01 -8.115141E-03
        37   8 -1.667823E+00 -6.724469E-01 -1.499123E+00 -1.310907E-02 -9.771588E-01 -8.115141E-03
        38   1  1.290859E+00  8.094560E-01  1.266205E+00  1.454980E-02 -5.094808E-01 -9.007020E-03
        38   2  1.179792E+00  4.085629E-01  9.763787E-01  1.454980E-02 -6.888969E-01 -9.007020E-03
        38   3  1.297602E+00  8.094560E-01  1.270182E+00  1.454980E-02 -5.120162E-01 -9.007020E-03
        38   4  1.186535E+00  4.085629E-01  9.803556E-01  1.454980E-02 -6.914323E-01 -9.007020E-03
        38   5  1.333219E+00  8.270341E-01  1.282438E+00  1.448875E-02 -5.357038E-01 -8.969226E-03
        38   6  1.222152E+00  4.261410E-01  9.926121E-01  1.448875E-02 -7.151199E-01 -8.969226E-03
        38   7  1.339963E+00  8.270341E-01  1.286415E+00  1.448875E-02 -5.382393E-01 -8.969226E-03
        38   8  1.228896E+00  4.261410E-01  9.965889E-01  1.448875E-02 -7.176553E-01 -8.969226E-03
        39   1 -9.900858E-01 -6.213792E-01 -4.913681E-01 -4.246703E-03 -2.819596E-02 -2.628912E-03
        39   2 -8.123210E-01  2.025696E-02 -2.749672E-02 -4.246703E-03 -3.153544E-01 -2.628912E-03
        39   3 -9.850421E-01 -6.213792E-01 -4.879413E-01 -4.246703E-03 -2.605084E-02 -2.628912E-03
        39   4 -8.072773E-01  2.025696E-02 -2.406987E-02 -4.246703E-03 -3.132093E-01 -2.628912E-03
        39   5 -9.030577E-01 -5.852655E-01 -4.580172E-01 -4.378733E-03  2.567854E-02 -2.710644E-03
        39   6 -7.252930E-01  5.637064E-02  5.854160E-03 -4.378733E-03 -2.614799E-01 -2.710644E-03
        39   7 -8.980141E-01 -5.852655E-01 -4.545904E-01 -4.378733E-03  2.782366E-02 -2.710644E-03
        39   8 -7.202493E-01  5.637064E-02  9.281016E-03 -4.378733E-03 -2.593348E-01 -2.710644E-03
        40   1  3.929492E-01  5.274132E-01  6.287014E-01 -2.892229E-03 -1.829681E-02  1.790428E-03
        40   2  2.572370E-01  3.756445E-02  2.745648E-01 -2.892229E-03 -2.375242E-01  1.790428E-03
        40   3  3.964856E-01  5.274132E-01  6.318348E-01 -2.892229E-03 -2.020264E-02  1.790428E-03
        40   4  2.607734E-01  3.756445E-02  2.776982E-01 -2.892229E-03 -2.394300E-01  1.790428E-03
        40   5  4.911051E-01  5.681446E-01  6.663167E-01 -2.512744E-03 -7.905998E-02  1.555508E-03
        40   6  3.553929E-01  7.829581E-02  3.121801E-01 -2.512744E-03 -2.982874E-01  1.555508E-03
        40   7  4.946415E-01  5.681446E-01  6.694501E-01 -2.512744E-03 -8.096581E-02  1.555508E-03
        40   8  3.589293E-01  7.829581E-02  3.153135E-01 -2.512744E-03 -3.001932E-01  1.555508E-03
        41   1  8.385389E-02 -8.476101E-02  2.236724E-02  8.221520E-04  1.230264E-01  5.089513E-04
        41   2  2.260045E-01  4.283269E-01  3.933046E-01  8.221520E-04 -1.066015E-01  5.089513E-04
        41   3  8.244691E-02 -8.476101E-02  2.640713E-02  8.221520E-04  1.251751E-01  5.089513E-04
        41   4  2.245975E-01  4.283269E-01  3.973444E-01  8.221520E-04 -1.044528E-01  5.089513E-04
        41   5  1.530073E-01 -5.606468E-02  4.886823E-02 -1.102732E-03  1.658357E-01 -6.826436E-04
        41   6  2.951579E-01  4.570232E-01  4.198055E-01 -1.102732E-03 -6.379218E-02 -6.826436E-04
        41   7  1.516004E-01 -5.606468E-02  5.290811E-02 -1.102732E-03  1.679844E-01 -6.826436E-04
        41   8  2.937510E-01  4.570232E-01  4.238454E-01 -1.102732E-03 -6.164350E-02 -6.826436E-04
        42   1 -5.909545E-01  8.672636E-02 -3.947386E-02  5.612319E-03  3.270675E-01 -3.474293E-03
        42   2 -7.620767E-01 -5.309338E-01 -4.860118E-01  5.612319E-03  5.063929E-02 -3.474293E-03
        42   3 -5.972076E-01  8.672636E-02 -4.135350E-02  5.612319E-03  3.284244E-01 -3.474293E-03
        42   4 -7.683298E-01 -5.309338E-01 -4.878914E-01  5.612319E-03  5.199617E-02 -3.474293E-03
        42   5 -5.291354E-01  1.123792E-01 -1.578358E-02  6.378843E-03  2.887986E-01 -3.948808E-03
        42   6 -7.002577E-01 -5.052810E-01 -4.623215E-01  6.378843E-03  1.237037E-02 -3.948808E-03
        42   7 -5.353885E-01  1.123792E-01 -1.766322E-02  6.378843E-03  2.901555E-01 -3.948808E-03
        42   8 -7.065108E-01 -5.052810E-01 -4.642012E-01  6.378843E-03  1.372725E-02 -3.948808E-03
        43   1  9.797971E-01  3.630284E-01  9.167953E-01  2.018696E-03  6.217517E-01  1.249669E-03
        43   2  1.094007E+00  7.752670E-01  1.214824E+00  2.018696E-03  4.372580E-01  1.249669E-03
        43   3  9.877454E-01  3.630284E-01  9.219850E-01  2.018696E-03  6.250163E-01  1.249669E-03
        43   4  1.101956E+00  7.752670E-01  1.220013E+00  2.018696E-03  4.405227E-01  1.249669E-03
        43   5  1.057966E+00  3.954658E-01  9.467512E-01  1.893340E-03  6.701420E-01  1.172067E-03
        43   6  1.172176E+00  8.077044E-01  1.244779E+00  1.893340E-03  4.856483E-01  1.172067E-03
        43   7  1.065914E+00  3.954658E-01  9.519409E-01  1.893340E-03  6.734066E-01  1.172067E-03
        43   8  1.180125E+00  8.077044E-01  1.249969E+00  1.893340E-03  4.889130E-01  1.172067E-03
        44   1 -1.530126E+00 -4.930007E-01 -1.018043E+00  3.612079E-04  7.540943E-01 -2.236049E-04
        44   2 -1.641062E+00 -8.934199E-01 -1.307526E+00  3.612079E-04  5.748903E-01 -2.236049E-04
        44   3 -1.527455E+00 -4.930007E-01 -1.017760E+00  3.612079E-04  7.538010E-01 -2.236049E-04
        44   4 -1.638391E+00 -8.934199E-01 -1.307244E+00  3.612079E-04  5.745969E-01 -2.236049E-04
        44   5 -1.489628E+00 -4.761952E-01 -1.002523E+00 -1.706482E-04  7.290239E-01  1.056393E-04
        44   6 -1.600564E+00 -8.766145E-01 -1.292006E+00 -1.706482E-04  5.498199E-01  1.056393E-04
        44   7 -1.486957E+00 -4.761952E-01 -1.002241E+00 -1.706482E-04  7.287305E-01  1.056393E-04
        44   8 -1.597892E+00 -8.766145E-01 -1.291724E+00 -1.706482E-04  5.495265E-01  1.056393E-04
        45   1  1.218155E+00  6.728571E-01  1.272932E+00  6.947707E-04  6.302498E-01  4.631805E-04
        45   2  1.262403E+00  8.166613E-01  1.372489E+00  6.947707E-04  5.638786E-01  4.631805E-04
        45   3  1.218968E+00  6.728571E-01  1.275897E+00  6.947707E-04  6.318001E-01  4.631805E-04
        45   4  1.263216E+00  8.166613E-01  1.375454E+00  6.947707E-04  5.654290E-01  4.631805E-04
        45   5  1.226867E+00  6.766320E-01  1.276804E+00 -1.868892E-04  6.360574E-01 -1.245928E-04
        45   6  1.271114E+00  8.204362E-01  1.376360E+00 -1.868892E-04  5.696862E-01 -1.245928E-04
        45   7  1.227680E+00  6.766320E-01  1.279769E+00 -1.868892E-04  6.376077E-01 -1.245928E-04
        45   8  1.271927E+00  8.204362E-01  1.379326E+00 -1.868892E-04  5.712365E-01 -1.245928E-04
        46   1 -1.578633E+00 -7.115523E-01 -1.562458E+00  4.550561E-03  9.187643E-01 -3.033707E-03
        46   2 -1.523525E+00 -5.324533E-01 -1.438466E+00  4.550561E-03  1.001425E+00 -3.033707E-03
        46   3 -1.584384E+00 -7.115523E-01 -1.565929E+00  4.550561E-03  9.209792E-01 -3.033707E-03
        46   4 -1.529276E+00 -5.324533E-01 -1.441938E+00  4.550561E-03  1.003640E+00 -3.033707E-03
        46   5 -1.619509E+00 -7.292652E-01 -1.580625E+00  4.661572E-03  9.460148E-01 -3.107715E-03
        46   6 -1.564401E+00 -5.501662E-01 -1.456633E+00  4.661572E-03  1.028676E+00 -3.107715E-03
        46   7 -1.625259E+00 -7.292652E-01 -1.584096E+00  4.661572E-03  9.482297E-01 -3.107715E-03
        46   8 -1.570152E+00 -5.501662E-01 -1.460105E+00  4.661572E-03  1.030891E+00 -3.107715E-03
        47   1  3.777575E-01  5.621709E-01  4.685764E-01  5.465678E-04 -1.318432E-01  3.383515E-04
        47   2  2.734129E-01  1.855424E-01  1.962925E-01  5.465678E-04  3.671351E-02  3.383515E-04
        47   3  3.824986E-01  5.621709E-01  4.728609E-01  5.465678E-04 -1.292421E-01  3.383515E-04
        47   4  2.781540E-01  1.855424E-01  2.005770E-01  5.465678E-04  3.931463E-02  3.383515E-04
        47   5  3.791842E-01  5.627630E-01  4.691231E-01  4.935670E-06 -1.309600E-01  3.055415E-06
        47   6  2.748396E-01  1.861344E-01  1.968392E-01  4.935670E-06  3.759672E-02  3.055415E-06
        47   7  3.839253E-01  5.627630E-01  4.734077E-01  4.935670E-06 -1.283589E-01  3.055415E-06
        47   8  2.795807E-01  1.861344E-01  2.011238E-01  4.935670E-06  4.019783E-02  3.055415E-06
        48   1 -4.486399E-01 -1.421898E-01 -1.408223E-01  3.350309E-03  9.044792E-02 -2.074001E-03
        48   2 -4.771158E-01 -2.449725E-01 -2.151292E-01  3.350309E-03  4.444846E-02 -2.074001E-03
        48   3 -4.532416E-01 -1.421898E-01 -1.461450E-01  3.350309E-03  9.361266E-02 -2.074001E-03
        48   4 -4.817175E-01 -2.449725E-01 -2.204519E-01  3.350309E-03  4.761319E-02 -2.074001E-03
        48   5 -4.684005E-01 -1.503897E-01 -1.483950E-01  2.367497E-03  1.026807E-01 -1.465594E-03
        48   6 -4.968763E-01 -2.531724E-01 -2.227018E-01  2.367497E-03  5.668119E-02 -1.465594E-03
        48   7 -4.730022E-01 -1.503897E-01 -1.537177E-01  2.367497E-03  1.058454E-01 -1.465594E-03
        48   8 -5.014780E-01 -2.531724E-01 -2.280245E-01  2.367497E-03  5.984593E-02 -1.465594E-03
        49   1 -1.706802E-02 -2.118484E-02 -5.678847E-02  2.330359E-16 -3.416793E-01  1.055457E-02
        49   2  6.638769E-02  6.227087E-02 -5.678847E-02 -1.197248E-16 -3.416793E-01  1.055457E-02
        49   3  6.101826E-02 -2.118484E-02  2.034991E-01  6.349693E-16 -3.478097E-01  1.055457E-02
        49   4  1.444740E-01  6.227087E-02  2.034991E-01 -6.413831E-17 -3.478097E-01  1.055457E-02
        49   5 -1.706802E-02  6.513508E-02  2.309446E-01 -1.665458E-15 -3.416793E-01  4.424116E-03
        49   6  6.638769E-02  1.485908E-01  2.309446E-01 -7.525562E-16 -3.416793E-01  4.424116E-03
        49   7  6.101826E-02  6.513508E-02  4.912322E-01 -1.272077E-15 -3.478097E-01  4.424116E-03
        49   8  1.444740E-01  1.485908E-01  4.912322E-01 -1.415319E-15 -3.478097E-01  4.424116E-03
        50   1  1.312273E-01  1.439143E-01  3.505888E-01 -6.157278E-16  3.517525E-01  1.602069E-02
        50   2  2.779222E-02  4.047924E-02  3.505888E-01  1.197248E-15  3.517525E-01  1.602069E-02
        50   3  1.248480E-01  1.439143E-01  3.293247E-01 -1.231456E-15  3.337410E-01  1.602069E-02
        50   4  2.141297E-02  4.047924E-02  3.293247E-01 -1.710355E-15  3.337410E-01  1.602069E-02
        50   5  1.312273E-01  1.121610E-01  2.447445E-01 -2.257669E-15  3.517525E-01 -1.990818E-03
        50   6  2.779222E-02  8.725945E-03  2.447445E-01 -4.994237E-15  3.517525E-01 -1.990818E-03
        50   7  1.248480E-01  1.121610E-01  2.234803E-01 -4.788994E-15  3.337410E-01 -1.990818E-03
        50   8  2.141297E-02  8.725945E-03  2.234803E-01 -4.104852E-15  3.337410E-01 -1.990818E-03
        51   1 -4.137194E-02 -6.944187E-02  3.268412E-01 -4.036438E-15  1.038504E-01  7.872025E-03
        51   2  1.739652E-02 -1.067341E-02  3.268412E-01 -1.094627E-15  1.038504E-01  7.872025E-03
        51   3 -1.563715E-01 -6.944187E-02 -5.649070E-02  1.710355E-15  1.059285E-01  7.872025E-03
        51   4 -9.760305E-02 -1.067341E-02 -5.649070E-02  1.436698E-15  1.059285E-01  7.872025E-03
        51   5 -4.137194E-02 -1.283016E-01  1.306422E-01 -1.402491E-14  1.038504E-01  9.950109E-03
        51   6  1.739652E-02 -6.953312E-02  1.306422E-01 -2.941811E-15  1.038504E-01  9.950109E-03
        51   7 -1.563715E-01 -1.283016E-01 -2.526897E-01 -7.457148E-15  1.059285E-01  9.950109E-03
        51   8 -9.760305E-02 -6.953312E-02 -2.526897E-01 -6.909834E-15  1.059285E-01  9.950109E-03
        52   1 -1.212789E+00 -1.112416E+00 -3.026521E+00 -5.772448E-17 -3.029738E-01  6.505886E-03
        52   2 -9.248570E-01 -8.244833E-01 -3.026521E+00 -1.368284E-16 -3.029738E-01  6.505886E-03
        52   3 -1.190539E+00 -1.112416E+00 -2.952353E+00  2.757947E-16 -2.992975E-01  6.505886E-03
        52   4 -9.026064E-01 -8.244833E-01 -2.952353E+00 -3.591745E-16 -2.992975E-01  6.505886E-03
        52   5 -1.212789E+00 -1.290913E+00 -3.621511E+00 -6.007622E-16 -3.029738E-01  1.018217E-02
        52   6 -9.248570E-01 -1.002980E+00 -3.621511E+00  2.822086E-16 -3.029738E-01  1.018217E-02
        52   7 -1.190539E+00 -1.290913E+00 -3.547342E+00  2.137944E-18 -2.992975E-01  1.018217E-02
        52   8 -9.026064E-01 -1.002980E+00 -3.547342E+00 -1.966908E-16 -2.992975E-01  1.018217E-02
        53   1 -1.542132E-01 -1.576010E-01 -1.489282E+00  1.891011E-15 -5.698096E-01  1.904460E-02
        53   2 -4.768483E-01 -4.802361E-01 -1.489282E+00 -2.736568E-16 -5.698096E-01  1.904460E-02
        53   3 -1.574873E-01 -1.576010E-01 -1.500196E+00  2.134737E-15 -5.860552E-01  1.904460E-02
        53   4 -4.801224E-01 -4.802361E-01 -1.500196E+00  1.778769E-15 -5.860552E-01  1.904460E-02
        53   5 -1.542132E-01 -1.540995E-01 -1.477611E+00  1.388594E-15 -5.698096E-01  2.799032E-03
        53   6 -4.768483E-01 -4.767346E-01 -1.477611E+00  2.360290E-15 -5.698096E-01  2.799032E-03
        53   7 -1.574873E-01 -1.540995E-01 -1.488525E+00  5.034858E-16 -5.860552E-01  2.799032E-03
        53   8 -4.801224E-01 -4.767346E-01 -1.488525E+00  3.318089E-15 -5.860552E-01  2.799032E-03
        54   1 -2.163411E-01 -2.529022E-01 -6.694757E-01  2.702361E-15 -5.222479E-01  6.430503E-03
        54   2 -2.100203E-01 -2.465814E-01 -6.694757E-01  2.736568E-16 -5.222479E-01  6.430503E-03
        54   3 -2.437922E-01 -2.529022E-01 -7.609794E-01  1.077524E-14 -5.280742E-01  6.430503E-03
        54   4 -2.374714E-01 -2.465814E-01 -7.609794E-01 -3.078639E-16 -5.280742E-01  6.430503E-03
        54   5 -2.163411E-01 -2.072310E-01 -5.172382E-01 -1.881390E-15 -5.222479E-01  6.041584E-04
        54   6 -2.100203E-01 -2.009102E-01 -5.172382E-01  5.644171E-15 -5.222479E-01  6.041584E-04
        54   7 -2.437922E-01 -2.072310E-01 -6.087419E-01  7.559769E-15 -5.280742E-01  6.041584E-04
        54   8 -2.374714E-01 -2.009102E-01 -6.087419E-01  7.422941E-15 -5.280742E-01  6.041584E-04
        55   1 -3.339068E-01 -4.917756E-01 -8.252879E-01  9.749023E-16 -3.320929E+00 -2.018503E-02
        55   2 -1.818062E-01 -3.396750E-01 -8.252879E-01  1.573527E-15 -3.320929E+00 -2.018503E-02
        55   3 -3.710917E-01 -4.917756E-01 -9.492375E-01  4.275887E-16 -3.320939E+00 -2.018503E-02
        55   4 -2.189910E-01 -3.396750E-01 -9.492375E-01  1.265663E-15 -3.320939E+00 -2.018503E-02
        55   5 -3.339068E-01 -2.132229E-01  1.032212E-01 -4.446923E-16 -3.320929E+00 -2.019490E-02
        55   6 -1.818062E-01 -6.112223E-02  1.032212E-01  7.354526E-16 -3.320929E+00 -2.019490E-02
        55   7 -3.710917E-01 -2.132229E-01 -2.072840E-02  5.131065E-17 -3.320939E+00 -2.019490E-02
        55   8 -2.189910E-01 -6.112223E-02 -2.072840E-02  5.473136E-16 -3.320939E+00 -2.019490E-02
        56   1  1.950843E-02  4.851027E-02 -3.312100E-02  7.576873E-15 -7.333631E-01  3.120868E-02
        56   2  1.167099E-01  1.457117E-01 -3.312100E-02  4.617958E-15 -7.333631E-01  3.120868E-02
        56   3  2.273150E-02  4.851027E-02 -2.237745E-02  5.011340E-15 -7.394775E-01  3.120868E-02
        56   4  1.199329E-01  1.457117E-01 -2.237745E-02  3.249674E-15 -7.394775E-01  3.120868E-02
        56   5  1.950843E-02 -6.270340E-03 -2.157231E-01  4.053541E-15 -7.333631E-01  2.509427E-02
        56   6  1.167099E-01  9.093108E-02 -2.157231E-01 -1.026213E-15 -7.333631E-01  2.509427E-02
        56   7  2.273150E-02 -6.270340E-03 -2.049795E-01  4.275887E-16 -7.394775E-01  2.509427E-02
        56   8  1.199329E-01  9.093108E-02 -2.049795E-01 -1.744562E-15 -7.394775E-01  2.509427E-02
        57   1  1.895900E-01  2.257422E-01 -4.304335E-02  2.052426E-16 -1.323480E+00 -1.505826E-02
        57   2  2.402594E-01  2.764116E-01 -4.304335E-02 -7.388734E-15 -1.323480E+00 -1.505826E-02
        57   3  2.285915E-01  2.257422E-01  8.696172E-02  6.841420E-17 -1.318418E+00 -1.505826E-02
        57   4  2.792609E-01  2.764116E-01  8.696172E-02 -1.067262E-14 -1.318418E+00 -1.505826E-02
        57   5  1.895900E-01  1.924394E-01 -1.540526E-01 -1.641941E-15 -1.323480E+00 -9.995500E-03
        57   6  2.402594E-01  2.431088E-01 -1.540526E-01 -4.036438E-15 -1.323480E+00 -9.995500E-03
        57   7  2.285915E-01  1.924394E-01 -2.404753E-02 -3.010225E-15 -1.318418E+00 -9.995500E-03
        57   8  2.792609E-01  2.431088E-01 -2.404753E-02 -4.173266E-15 -1.318418E+00 -9.995500E-03
        58   1  5.054810E-01  5.363169E-01  2.695308E+00  4.617958E-16 -1.028861E+00  1.283265E-02
        58   2  5.743236E-01  6.051595E-01  2.695308E+00  4.960029E-16 -1.028861E+00  1.283265E-02
        58   3  4.816672E-01  5.363169E-01  2.615928E+00  2.565532E-16 -1.031777E+00  1.283265E-02
        58   4  5.505097E-01  6.051595E-01  2.615928E+00  1.590630E-15 -1.031777E+00  1.283265E-02
        58   5  5.054810E-01  4.508313E-01  2.410356E+00  3.933816E-16 -1.028861E+00  9.917196E-03
        58   6  5.743236E-01  5.196738E-01  2.410356E+00 -4.104852E-16 -1.028861E+00  9.917196E-03
        58   7  4.816672E-01  4.508313E-01  2.330976E+00 -8.551775E-17 -1.031777E+00  9.917196E-03
        58   8  5.505097E-01  5.196738E-01  2.330976E+00 -1.145938E-15 -1.031777E+00  9.917196E-03
        59   1  2.030671E-01  2.078084E-01  1.144717E+00  1.932701E-15 -8.078918E-01 -1.137151E-03
        59   2  7.705510E-01  7.752924E-01  1.144717E+00  7.525562E-16 -8.078918E-01 -1.137151E-03
        59   3  2.041225E-01  2.078084E-01  1.148235E+00  2.377393E-15 -8.074413E-01 -1.137151E-03
        59   4  7.716064E-01  7.752924E-01  1.148235E+00  3.249674E-16 -8.074413E-01 -1.137151E-03
        59   5  2.030671E-01  1.993811E-01  1.116626E+00  6.465142E-15 -8.078918E-01 -6.867384E-04
        59   6  7.705510E-01  7.668651E-01  1.116626E+00  2.394497E-15 -8.078918E-01 -6.867384E-04
        59   7  2.041225E-01  1.993811E-01  1.120144E+00  6.858524E-15 -8.074413E-01 -6.867384E-04
        59   8  7.716064E-01  7.668651E-01  1.120144E+00  4.087748E-15 -8.074413E-01 -6.867384E-04
        60   1  5.637337E-01  5.779402E-01  1.762216E-02  3.044432E-15 -9.680930E-01  2.211010E-03
        60   2  6.479485E-01  6.621549E-01  1.762216E-02 -4.121956E-15 -9.680930E-01  2.211010E-03
        60   3  6.199346E-01  5.779402E-01  2.049584E-01  6.054657E-15 -9.667636E-01  2.211010E-03
        60   4  7.041493E-01  6.621549E-01  2.049584E-01 -7.867633E-16 -9.667636E-01  2.211010E-03
        60   5  5.637337E-01  6.057281E-01  1.102487E-01 -2.428704E-15 -9.680930E-01  3.540418E-03
        60   6  6.479485E-01  6.899429E-01  1.102487E-01 -2.052426E-15 -9.680930E-01  3.540418E-03
        60   7  6.199346E-01  6.057281E-01  2.975849E-01  2.189254E-15 -9.667636E-01  3.540418E-03
        60   8  7.041493E-01  6.899429E-01  2.975849E-01  3.762781E-16 -9.667636E-01  3.540418E-03
        61   1 -9.830167E-02 -1.362092E-01  9.162545E-01 -4.788994E-16 -2.566528E-01 -1.087773E-02
        61   2  2.045035E-02 -1.745716E-02  9.162545E-01 -6.157278E-16 -2.566528E-01 -1.087773E-02
        61   3 -1.283904E-01 -1.362092E-01  8.159586E-01 -5.131065E-16 -2.552799E-01 -1.087773E-02
        61   4 -9.638421E-03 -1.745716E-02  8.159586E-01 -2.103737E-15 -2.552799E-01 -1.087773E-02
        61   5 -9.830167E-02 -9.048292E-02  1.068675E+00 -3.762781E-16 -2.566528E-01 -9.504854E-03
        61   6  2.045035E-02  2.826910E-02  1.068675E+00  2.514222E-15 -2.566528E-01 -9.504854E-03
        61   7 -1.283904E-01 -9.048292E-02  9.683794E-01 -1.026213E-15 -2.552799E-01 -9.504854E-03
        61   8 -9.638421E-03  2.826910E-02  9.683794E-01  2.462911E-15 -2.552799E-01 -9.504854E-03
        62   1  8.408441E-02  8.941338E-02  5.512764E-01  7.867633E-16  8.445373E-02  3.202929E-03
        62   2  6.480854E-01  6.534143E-01  5.512764E-01  9.749023E-16  8.445373E-02  3.202929E-03
        62   3  8.836533E-02  8.941338E-02  5.655461E-01  1.676148E-15  8.537550E-02  3.202929E-03
        62   4  6.523663E-01  6.534143E-01  5.655461E-01  1.573527E-15  8.537550E-02  3.202929E-03
        62   5  8.408441E-02  8.303636E-02  5.300196E-01  3.044432E-15  8.445373E-02  4.124694E-03
        62   6  6.480854E-01  6.470373E-01  5.300196E-01 -2.822086E-16  8.445373E-02  4.124694E-03
        62   7  8.836533E-02  8.303636E-02  5.442894E-01  1.676148E-15  8.537550E-02  4.124694E-03
        62   8  6.523663E-01  6.470373E-01  5.442894E-01  1.094627E-15  8.537550E-02  4.124694E-03
        63   1  6.841453E-01  7.211857E-01  8.173316E-02  9.749023E-16 -6.285377E-02 -9.886583E-04
        63   2  7.857990E-01  8.228394E-01  8.173316E-02  8.038668E-16 -6.285377E-02 -9.886583E-04
        63   3  7.303706E-01  7.211857E-01  2.358174E-01  2.651050E-15 -6.671647E-02 -9.886583E-04
        63   4  8.320242E-01  8.228394E-01  2.358174E-01  5.644171E-16 -6.671647E-02 -9.886583E-04
        63   5  6.841453E-01  6.933302E-01 -1.111872E-02 -1.316973E-15 -6.285377E-02 -4.851355E-03
        63   6  7.857990E-01  7.949838E-01 -1.111872E-02 -1.744562E-15 -6.285377E-02 -4.851355E-03
        63   7  7.303706E-01  6.933302E-01  1.429655E-01  2.223461E-16 -6.671647E-02 -4.851355E-03
        63   8  8.320242E-01  7.949838E-01  1.429655E-01 -6.328313E-16 -6.671647E-02 -4.851355E-03
        64   1  3.204883E-01  3.207860E-01  2.103613E+00 -5.131065E-16  1.110601E+00  4.257658E-03
        64   2  4.065506E-01  4.068483E-01  2.103613E+00 -1.607734E-15  1.110601E+00  4.257658E-03
        64   3  3.041693E-01  3.207860E-01  2.049217E+00  6.157278E-16  1.108718E+00  4.257658E-03
        64   4  3.902316E-01  4.068483E-01  2.049217E+00 -1.436698E-15  1.108718E+00  4.257658E-03
        64   5  3.204883E-01  3.038716E-01  2.047232E+00 -1.710355E-15  1.110601E+00  2.374816E-03
        64   6  4.065506E-01  3.899339E-01  2.047232E+00 -3.044432E-15  1.110601E+00  2.374816E-03
        64   7  3.041693E-01  3.038716E-01  1.992836E+00 -1.676148E-15  1.108718E+00  2.374816E-03
        64   8  3.902316E-01  3.899339E-01  1.992836E+00 -1.710355E-16  1.108718E+00  2.374816E-03
        65   1  1.717852E-01  1.645615E-01  9.342048E-01  2.445808E-15  4.090474E-01 -3.243620E-03
        65   2  7.385323E-01  7.313086E-01  9.342048E-01  1.009109E-15  4.090474E-01 -3.243620E-03
        65   3  1.734725E-01  1.645615E-01  9.398289E-01  4.960029E-16  4.110940E-01 -3.243620E-03
        65   4  7.402196E-01  7.313086E-01  9.398289E-01 -7.354526E-16  4.110940E-01 -3.243620E-03
        65   5  1.717852E-01  1.806962E-01  9.879870E-01  1.830080E-15  4.090474E-01 -1.196985E-03
        65   6  7.385323E-01  7.474433E-01  9.879870E-01  1.316973E-15  4.090474E-01 -1.196985E-03
        65   7  1.734725E-01  1.806962E-01  9.936112E-01  1.248559E-15  4.110940E-01 -1.196985E-03
        65   8  7.402196E-01  7.474433E-01  9.936112E-01  2.223461E-16  4.110940E-01 -1.196985E-03
        66   1  6.140233E-01  6.165719E-01  4.508637E-02 -1.368284E-16  7.666713E-01 -2.364061E-03
        66   2  7.067613E-01  7.093099E-01  4.508637E-02  7.525562E-16  7.666713E-01 -2.364061E-03
        66   3  6.470639E-01  6.165719E-01  1.552217E-01  2.736568E-16  7.684651E-01 -2.364061E-03
        66   4  7.398019E-01  7.093099E-01  1.552217E-01  8.893846E-16  7.684651E-01 -2.364061E-03
        66   5  6.140233E-01  6.445153E-01  1.382309E-01  0.000000E+00  7.666713E-01 -5.702521E-04
        66   6  7.067613E-01  7.372533E-01  1.382309E-01  9.577988E-16  7.666713E-01 -5.702521E-04
        66   7  6.470639E-01  6.445153E-01  2.483663E-01  1.505112E-15  7.684651E-01 -5.702521E-04
        66   8  7.398019E-01  7.372533E-01  2.483663E-01  1.026213E-15  7.684651E-01 -5.702521E-04
        67   1  2.896733E-02  7.412809E-02  9.765049E-01 -2.847741E-15  2.521647E+00 -1.139327E-03
        67   2  1.455874E-01  1.907482E-01  9.765049E-01  9.492470E-16  2.521647E+00 -1.139327E-03
        67   3  2.263144E-02  7.412809E-02  9.553852E-01 -2.864845E-15  2.519942E+00 -1.139327E-03
        67   4  1.392515E-01  1.907482E-01  9.553852E-01 -2.317531E-15  2.519942E+00 -1.139327E-03
        67   5  2.896733E-02 -2.252932E-02  6.543135E-01 -6.713143E-15  2.521647E+00 -2.843696E-03
        67   6  1.455874E-01  9.409076E-02  6.543135E-01 -4.147611E-15  2.521647E+00 -2.843696E-03
        67   7  2.263144E-02 -2.252932E-02  6.331939E-01 -8.509016E-15  2.519942E+00 -2.843696E-03
        67   8  1.392515E-01  9.409076E-02  6.331939E-01 -2.488567E-15  2.519942E+00 -2.843696E-03
        68   1  8.479855E-02  6.849434E-02  3.034549E-01 -4.344302E-15  1.003099E+00 -2.341047E-05
        68   2  3.307093E-01  3.144050E-01  3.034549E-01 -1.436698E-15  1.003099E+00 -2.341047E-05
        68   3  8.617187E-02  6.849434E-02  3.080326E-01 -3.985127E-15  1.004731E+00 -2.341047E-05
        68   4  3.320826E-01  3.144050E-01  3.080326E-01 -8.380739E-16  1.004731E+00 -2.341047E-05
        68   5  8.479855E-02  1.024761E-01  4.167274E-01 -1.197248E-16  1.003099E+00  1.608617E-03
        68   6  3.307093E-01  3.483868E-01  4.167274E-01  1.932701E-15  1.003099E+00  1.608617E-03
        68   7  8.617187E-02  1.024761E-01  4.213051E-01 -2.223461E-15  1.004731E+00  1.608617E-03
        68   8  3.320826E-01  3.483868E-01  4.213051E-01  2.018219E-15  1.004731E+00  1.608617E-03
        69   1  2.982537E-01  3.144747E-01  5.262005E-02 -7.696597E-17  1.299396E+00  3.878436E-03
        69   2  3.662145E-01  3.824356E-01  5.262005E-02  3.420710E-16  1.299396E+00  3.878436E-03
        69   3  3.067613E-01  3.144747E-01  8.097886E-02  4.874512E-16  1.292547E+00  3.878436E-03
        69   4  3.747222E-01  3.824356E-01  8.097886E-02 -5.815207E-16  1.292547E+00  3.878436E-03
        69   5  2.982537E-01  2.905403E-01 -2.716135E-02  1.941253E-15  1.299396E+00 -2.970734E-03
        69   6  3.662145E-01  3.585011E-01 -2.716135E-02  1.316973E-15  1.299396E+00 -2.970734E-03
        69   7  3.067613E-01  2.905403E-01  1.197456E-03  1.889942E-15  1.292547E+00 -2.970734E-03
        69   8  3.747222E-01  3.585011E-01  1.197456E-03  6.328313E-16  1.292547E+00 -2.970734E-03
        70   1 -1.306721E+00 -1.252775E+00 -3.330426E+00 -5.011340E-15  1.815421E+00  1.529354E-03
        70   2 -1.023563E+00 -9.696176E-01 -3.330426E+00 -3.369399E-15  1.815421E+00  1.529354E-03
        70   3 -1.297931E+00 -1.252775E+00 -3.301127E+00 -2.377393E-15  1.813039E+00  1.529354E-03
        70   4 -1.014773E+00 -9.696176E-01 -3.301127E+00 -1.556423E-15  1.813039E+00  1.529354E-03
        70   5 -1.306721E+00 -1.351877E+00 -3.660764E+00 -7.063766E-15  1.815421E+00 -8.529000E-04
        70   6 -1.023563E+00 -1.068719E+00 -3.660764E+00 -1.248559E-15  1.815421E+00 -8.529000E-04
        70   7 -1.297931E+00 -1.351877E+00 -3.631465E+00 -4.617958E-16  1.813039E+00 -8.529000E-04
        70   8 -1.014773E+00 -1.068719E+00 -3.631465E+00  2.548429E-15  1.813039E+00 -8.529000E-04
        71   1 -1.827160E-01 -1.985090E-01 -1.583105E+00  2.480015E-15  3.724630E-01  1.926430E-03
        71   2 -4.639215E-01 -4.797145E-01 -1.583105E+00  2.651050E-15  3.724630E-01  1.926430E-03
        71   3 -1.829141E-01 -1.985090E-01 -1.583765E+00  3.540435E-15  3.751745E-01  1.926430E-03
        71   4 -4.641196E-01 -4.797145E-01 -1.583765E+00  2.719464E-15  3.751745E-01  1.926430E-03
        71   5 -1.827160E-01 -1.671211E-01 -1.478478E+00  1.539319E-16  3.724630E-01  4.638012E-03
        71   6 -4.639215E-01 -4.483266E-01 -1.478478E+00  1.197248E-16  3.724630E-01  4.638012E-03
        71   7 -1.829141E-01 -1.671211E-01 -1.479139E+00 -2.480015E-15  3.751745E-01  4.638012E-03
        71   8 -4.641196E-01 -4.483266E-01 -1.479139E+00  6.670384E-16  3.751745E-01  4.638012E-03
        72   1 -1.623849E-01 -1.770970E-01 -6.154910E-01 -1.462354E-15  6.962076E-01 -7.104746E-04
        72   2 -1.440852E-01 -1.587973E-01 -6.154910E-01  6.413831E-16  6.962076E-01 -7.104746E-04
        72   3 -1.791468E-01 -1.770970E-01 -6.713641E-01 -1.513664E-15  6.965536E-01 -7.104746E-04
        72   4 -1.608472E-01 -1.587973E-01 -6.713641E-01 -4.532441E-16  6.965536E-01 -7.104746E-04
        72   5 -1.623849E-01 -1.644347E-01 -5.732833E-01  1.308422E-15  6.962076E-01 -3.644438E-04
        72   6 -1.440852E-01 -1.461350E-01 -5.732833E-01  5.900725E-16  6.962076E-01 -3.644438E-04
        72   7 -1.791468E-01 -1.644347E-01 -6.291564E-01  1.051868E-15  6.965536E-01 -3.644438E-04
        72   8 -1.608472E-01 -1.461350E-01 -6.291564E-01  5.045547E-16  6.965536E-01 -3.644438E-04
        73   1 -8.755580E-02 -1.605593E-01 -4.572395E-01  3.865402E-15 -1.687616E-01 -4.077278E-04
        73   2 -1.441534E-01 -2.171569E-01 -4.572395E-01  2.240565E-15 -1.687616E-01 -4.077278E-04
        73   3 -7.077933E-02 -1.605593E-01 -4.013179E-01  2.155047E-15 -1.638786E-01 -4.077278E-04
        73   4 -1.273769E-01 -2.171569E-01 -4.013179E-01  5.302100E-16 -1.638786E-01 -4.077278E-04
        73   5 -8.755580E-02  2.224209E-03  8.537238E-02  2.770775E-15 -1.687616E-01  4.475218E-03
        73   6 -1.441534E-01 -5.437337E-02  8.537238E-02  3.027328E-15 -1.687616E-01  4.475218E-03
        73   7 -7.077933E-02  2.224209E-03  1.412940E-01  4.344302E-15 -1.638786E-01  4.475218E-03
        73   8 -1.273769E-01 -5.437337E-02  1.412940E-01  7.611080E-15 -1.638786E-01  4.475218E-03
        74   1 -1.274217E-01 -1.264451E-01 -9.049447E-02  2.343186E-15 -7.823693E-03  2.670318E-04
        74   2 -1.200620E-01 -1.190855E-01 -9.049447E-02 -1.975460E-15 -7.823693E-03  2.670318E-04
        74   3 -1.286692E-01 -1.264451E-01 -9.465281E-02  1.145938E-15 -4.289005E-03  2.670318E-04
        74   4 -1.213095E-01 -1.190855E-01 -9.465281E-02 -6.242796E-16 -4.289005E-03  2.670318E-04
        74   5 -1.274217E-01 -1.296457E-01 -1.011632E-01  3.506228E-15 -7.823693E-03  3.801720E-03
        74   6 -1.200620E-01 -1.222861E-01 -1.011632E-01  1.034765E-15 -7.823693E-03  3.801720E-03
        74   7 -1.286692E-01 -1.296457E-01 -1.053215E-01  3.403606E-15 -4.289005E-03  3.801720E-03
        74   8 -1.213095E-01 -1.222861E-01 -1.053215E-01  6.755902E-16 -4.289005E-03  3.801720E-03
        75   1 -5.056911E-02 -6.547318E-02  3.933761E-02 -9.150399E-16  3.800571E-02  1.445718E-03
        75   2 -1.079581E-02 -2.569988E-02  3.933761E-02 -5.387618E-16  3.800571E-02  1.445718E-03
        75   3 -7.991125E-02 -6.547318E-02 -5.846953E-02 -1.633389E-15  3.954883E-02  1.445718E-03
        75   4 -4.013795E-02 -2.569988E-02 -5.846953E-02 -8.808328E-16  3.954883E-02  1.445718E-03
        75   5 -5.056911E-02 -6.500718E-02  4.089095E-02  1.282766E-16  3.800571E-02  2.988835E-03
        75   6 -1.079581E-02 -2.523388E-02  4.089095E-02 -8.637293E-16  3.800571E-02  2.988835E-03
        75   7 -7.991125E-02 -6.500718E-02 -5.691619E-02  9.150399E-16  3.954883E-02  2.988835E-03
        75   8 -4.013795E-02 -2.523388E-02 -5.691619E-02 -5.900725E-16  3.954883E-02  2.988835E-03
        76   1  2.555578E-01  1.057547E-01  7.511772E-03  9.663651E-03  2.453040E-02  4.104852E-16
        76   2  2.555578E-01  1.488664E-01  5.062353E-02  9.663651E-03  2.453040E-02 -3.933816E-16
        76   3  2.764922E-01  1.057547E-01  1.379209E-02  9.663651E-03  6.891464E-02  1.163041E-15
        76   4  2.764922E-01  1.488664E-01  5.690385E-02  9.663651E-03  6.891464E-02 -8.551775E-17
        76   5 -3.784604E-01 -8.445080E-02  7.511772E-03 -1.521842E-02  2.453040E-02  1.573527E-15
        76   6 -3.784604E-01 -4.133905E-02  5.062353E-02 -1.521842E-02  2.453040E-02  2.394497E-16
        76   7 -3.575260E-01 -8.445080E-02  1.379209E-02 -1.521842E-02  6.891464E-02  8.893846E-16
        76   8 -3.575260E-01 -4.133905E-02  5.690385E-02 -1.521842E-02  6.891464E-02  7.696597E-16
        77   1  5.487841E-01  2.180077E-01  2.025194E-01  1.047363E-02 -4.182941E-01  6.619074E-15
        77   2  5.487841E-01 -5.811878E-02 -7.360712E-02  1.047363E-02 -4.182941E-01 -2.599740E-15
        77   3  5.456527E-01  2.180077E-01  2.015800E-01  1.047363E-02 -3.663614E-01  6.379624E-15
        77   4  5.456527E-01 -5.811878E-02 -7.454654E-02  1.047363E-02 -3.663614E-01 -1.299870E-15
        77   5  4.423972E-01  1.860916E-01  2.025194E-01 -1.864015E-02 -4.182941E-01  6.003346E-15
        77   6  4.423972E-01 -9.003488E-02 -7.360712E-02 -1.864015E-02 -4.182941E-01 -3.078639E-15
        77   7  4.392657E-01  1.860916E-01  2.015800E-01 -1.864015E-02 -3.663614E-01  7.063766E-15
        77   8  4.392657E-01 -9.003488E-02 -7.454654E-02 -1.864015E-02 -3.663614E-01 -2.873396E-15
        78   1  1.068771E+00  5.163726E-02  1.254562E-01 -6.353609E-03 -7.668333E-02 -5.199479E-15
        78   2  1.068771E+00 -7.132992E-02  2.489055E-03 -6.353609E-03 -7.668333E-02 -2.223461E-15
        78   3  1.046644E+00  5.163726E-02  1.188182E-01 -6.353609E-03 -1.050106E-01 -1.299870E-15
        78   4  1.046644E+00 -7.132992E-02 -4.148931E-03 -6.353609E-03 -1.050106E-01 -3.283882E-15
        78   5  1.538771E+00  1.926372E-01  1.254562E-01  9.526841E-03 -7.668333E-02 -5.404722E-15
        78   6  1.538771E+00  6.967004E-02  2.489055E-03  9.526841E-03 -7.668333E-02 -8.072876E-15
        78   7  1.516644E+00  1.926372E-01  1.188182E-01  9.526841E-03 -1.050106E-01 -5.883621E-15
        78   8  1.516644E+00  6.967004E-02 -4.148931E-03  9.526841E-03 -1.050106E-01 -7.320319E-15
        79   1  1.522026E+00  5.925146E-02  1.000431E-01 -1.131255E-03 -9.931642E-02 -3.420710E-17
        79   2  1.522026E+00  4.135923E-02  8.215089E-02 -1.131255E-03 -9.931642E-02  5.746793E-15
        79   3  1.507229E+00  5.925146E-02  9.560418E-02 -1.131255E-03 -9.308078E-02 -1.197248E-15
        79   4  1.507229E+00  4.135923E-02  7.771195E-02 -1.131255E-03 -9.308078E-02  4.857408E-15
        79   5  1.779174E+00  1.363959E-01  1.000431E-01 -4.626991E-03 -9.931642E-02 -4.891615E-15
        79   6  1.779174E+00  1.185036E-01  8.215089E-02 -4.626991E-03 -9.931642E-02 -5.849414E-15
        79   7  1.764377E+00  1.363959E-01  9.560418E-02 -4.626991E-03 -9.308078E-02 -4.960029E-15
        79   8  1.764377E+00  1.185036E-01  7.771195E-02 -4.626991E-03 -9.308078E-02  8.551775E-16
        80   1  1.516288E+00  4.119177E-02  7.983296E-02 -2.550486E-03  1.022517E-01  6.875627E-15
        80   2  1.516288E+00  5.665714E-02  9.529833E-02 -2.550486E-03  1.022517E-01  1.676148E-15
        80   3  1.516215E+00  4.119177E-02  7.981077E-02 -2.550486E-03  8.776727E-02 -2.394497E-16
        80   4  1.516215E+00  5.665714E-02  9.527615E-02 -2.550486E-03  8.776727E-02  4.446923E-16
        80   5  1.773822E+00  1.184520E-01  7.983296E-02  5.569570E-03  1.022517E-01 -1.984012E-15
        80   6  1.773822E+00  1.339173E-01  9.529833E-02  5.569570E-03  1.022517E-01 -3.523331E-15
        80   7  1.773748E+00  1.184520E-01  7.981077E-02  5.569570E-03  8.776727E-02 -1.436698E-15
        80   8  1.773748E+00  1.339173E-01  9.527615E-02  5.569570E-03  8.776727E-02 -4.720580E-15
        81   1  1.077948E+00 -7.069064E-02  3.591888E-03 -8.444148E-04  9.235764E-02 -2.770775E-15
        81   2  1.077948E+00  5.707155E-02  1.313541E-01 -8.444148E-04  9.235764E-02  2.736568E-16
        81   3  1.052073E+00 -7.069064E-02 -4.170659E-03 -8.444148E-04  8.593331E-02  2.839189E-15
        81   4  1.052073E+00  5.707155E-02  1.235915E-01 -8.444148E-04  8.593331E-02  9.235917E-16
        81   5  1.547290E+00  7.011187E-02  3.591888E-03  2.757105E-03  9.235764E-02 -5.421825E-15
        81   6  1.547290E+00  1.978741E-01  1.313541E-01  2.757105E-03  9.235764E-02 -2.445808E-15
        81   7  1.521415E+00  7.011187E-02 -4.170659E-03  2.757105E-03  8.593331E-02 -3.318089E-15
        81   8  1.521415E+00  1.978741E-01  1.235915E-01  2.757105E-03  8.593331E-02 -3.318089E-15
        82   1  5.497000E-01 -5.099134E-02 -6.724275E-02 -3.457657E-03  3.959959E-01  1.881390E-16
        82   2  5.497000E-01  2.245220E-01  2.082706E-01 -3.457657E-03  3.959959E-01  4.211749E-15
        82   3  5.580007E-01 -5.099134E-02 -6.475253E-02 -3.457657E-03  3.878931E-01 -1.026213E-16
        82   4  5.580007E-01  2.245220E-01  2.107608E-01 -3.457657E-03  3.878931E-01  3.591745E-15
        82   5  4.496579E-01 -8.100395E-02 -6.724275E-02  1.084816E-03  3.959959E-01 -7.183491E-16
        82   6  4.496579E-01  1.945094E-01  2.082706E-01  1.084816E-03  3.959959E-01  4.429819E-15
        82   7  4.579587E-01 -8.100395E-02 -6.475253E-02  1.084816E-03  3.878931E-01 -2.582636E-15
        82   8  4.579587E-01  1.945094E-01  2.107608E-01  1.084816E-03  3.878931E-01  4.049265E-15
        83   1  2.559579E-01  1.500610E-01  5.070422E-02 -8.140725E-05 -4.234978E-02 -2.522774E-16
        83   2  2.559579E-01  9.832278E-02 -1.034005E-03 -8.140725E-05 -4.234978E-02 -4.301543E-15
        83   3  2.827017E-01  1.500610E-01  5.872736E-02 -8.140725E-05 -4.865367E-02 -5.259342E-16
        83   4  2.827017E-01  9.832278E-02  6.989134E-03 -8.140725E-05 -4.865367E-02 -6.935489E-15
        83   5 -3.796769E-01 -4.062943E-02  5.070422E-02  3.452591E-03 -4.234978E-02 -2.779327E-16
        83   6 -3.796769E-01 -9.236765E-02 -1.034005E-03  3.452591E-03 -4.234978E-02 -2.976018E-15
        83   7 -3.529331E-01 -4.062943E-02  5.872736E-02  3.452591E-03 -4.865367E-02 -8.936605E-16
        83   8 -3.529331E-01 -9.236765E-02  6.989134E-03  3.452591E-03 -4.865367E-02 -4.857408E-15
        84   1  4.144215E-01  2.376712E-01  2.358134E-01 -7.940403E-03  4.963856E-02  5.609964E-15
        84   2  4.144215E-01  6.398328E-01  6.379750E-01 -7.940403E-03  4.963856E-02  1.026213E-15
        84   3  4.286651E-01  2.376712E-01  2.400865E-01 -7.940403E-03  3.190433E-02  2.736568E-16
        84   4  4.286651E-01  6.398328E-01  6.422481E-01 -7.940403E-03  3.190433E-02  3.010225E-15
        84   5  4.162798E-01  2.382287E-01  2.358134E-01  1.201061E-02  4.963856E-02 -3.831195E-15
        84   6  4.162798E-01  6.403903E-01  6.379750E-01  1.201061E-02  4.963856E-02  6.157278E-16
        84   7  4.305233E-01  2.382287E-01  2.400865E-01  1.201061E-02  3.190433E-02  1.915598E-15
        84   8  4.305233E-01  6.403903E-01  6.422481E-01  1.201061E-02  3.190433E-02  2.189254E-15
        85   1  1.170881E-01  4.901440E-01  4.867238E-01  1.294414E-02 -1.321787E+00  1.915598E-14
        85   2  1.170881E-01  4.991138E-02  4.649114E-02  1.294414E-02 -1.321787E+00  5.131065E-16
        85   3  1.038499E-01  4.901440E-01  4.827523E-01  1.294414E-02 -1.339937E+00  1.860866E-14
        85   4  1.038499E-01  4.991138E-02  4.251969E-02  1.294414E-02 -1.339937E+00 -2.223461E-15
        85   5  8.104831E-02  4.793321E-01  4.867238E-01  3.336245E-02 -1.321787E+00  1.925860E-14
        85   6  8.104831E-02  3.909945E-02  4.649114E-02  3.336245E-02 -1.321787E+00 -1.243428E-14
        85   7  6.781015E-02  4.793321E-01  4.827523E-01  3.336245E-02 -1.339937E+00  1.669306E-14
        85   8  6.781015E-02  3.909945E-02  4.251969E-02  3.336245E-02 -1.339937E+00 -8.363636E-15
        86   1  4.122267E-02 -1.902250E-01 -1.704203E-01 -1.608525E-02 -8.332261E-01 -1.898494E-14
        86   2  4.122267E-02 -3.500706E-01 -3.302659E-01 -1.608525E-02 -8.332261E-01 -3.352296E-15
        86   3  3.540721E-02 -1.902250E-01 -1.721649E-01 -1.608525E-02 -8.372485E-01 -6.499349E-15
        86   4  3.540721E-02 -3.500706E-01 -3.320105E-01 -1.608525E-02 -8.372485E-01  1.505112E-14
        86   5  1.674383E-01 -1.523603E-01 -1.704203E-01 -1.156005E-02 -8.332261E-01 -9.509574E-15
        86   6  1.674383E-01 -3.122059E-01 -3.302659E-01 -1.156005E-02 -8.332261E-01  1.200669E-14
        86   7  1.616228E-01 -1.523603E-01 -1.721649E-01 -1.156005E-02 -8.372485E-01  9.304331E-15
        86   8  1.616228E-01 -3.122059E-01 -3.320105E-01 -1.156005E-02 -8.372485E-01 -1.778769E-15
        87   1  4.765847E-01 -2.055903E-01 -1.767832E-01  7.246246E-03 -1.625438E-01 -7.970254E-15
        87   2  4.765847E-01 -1.791760E-01 -1.503690E-01  7.246246E-03 -1.625438E-01 -4.652166E-15
        87   3  4.810994E-01 -2.055903E-01 -1.754288E-01  7.246246E-03 -1.650038E-01  3.181260E-14
        87   4  4.810994E-01 -1.791760E-01 -1.490146E-01  7.246246E-03 -1.650038E-01  2.011377E-14
        87   5  6.731464E-01 -1.466218E-01 -1.767832E-01  1.001374E-02 -1.625438E-01  3.796988E-15
        87   6  6.731464E-01 -1.202075E-01 -1.503690E-01  1.001374E-02 -1.625438E-01  4.583751E-15
        87   7  6.776611E-01 -1.466218E-01 -1.754288E-01  1.001374E-02 -1.650038E-01  8.449154E-15
        87   8  6.776611E-01 -1.202075E-01 -1.490146E-01  1.001374E-02 -1.650038E-01  3.181260E-14
        88   1  4.824728E-01 -1.786545E-01 -1.484352E-01 -4.216749E-03  1.562847E-01 -7.525562E-16
        88   2  4.824728E-01 -2.048833E-01 -1.746640E-01 -4.216749E-03  1.562847E-01 -1.511954E-14
        88   3  4.773848E-01 -1.786545E-01 -1.499616E-01 -4.216749E-03  1.601539E-01  9.988473E-15
        88   4  4.773848E-01 -2.048833E-01 -1.761904E-01 -4.216749E-03  1.601539E-01  1.464064E-14
        88   5  6.788466E-01 -1.197424E-01 -1.484352E-01 -8.569570E-03  1.562847E-01  1.854025E-14
        88   6  6.788466E-01 -1.459711E-01 -1.746640E-01 -8.569570E-03  1.562847E-01 -6.773006E-15
        88   7  6.737586E-01 -1.197424E-01 -1.499616E-01 -8.569570E-03  1.601539E-01  3.844878E-14
        88   8  6.737586E-01 -1.459711E-01 -1.761904E-01 -8.569570E-03  1.601539E-01  1.128834E-15
        89   1  4.239570E-02 -3.488967E-01 -3.297931E-01  3.145310E-03  8.244980E-01 -1.539319E-15
        89   2  4.239570E-02 -1.917098E-01 -1.726061E-01  3.145310E-03  8.244980E-01 -2.471463E-14
        89   3  4.240835E-02 -3.488967E-01 -3.297893E-01  3.145310E-03  8.301749E-01 -2.035322E-14
        89   4  4.240835E-02 -1.917098E-01 -1.726023E-01  3.145310E-03  8.301749E-01 -1.103179E-14
        89   5  1.697660E-01 -3.106856E-01 -3.297931E-01 -3.241135E-03  8.244980E-01  1.676148E-15
        89   6  1.697660E-01 -1.534987E-01 -1.726061E-01 -3.241135E-03  8.244980E-01 -1.255401E-14
        89   7  1.697786E-01 -3.106856E-01 -3.297893E-01 -3.241135E-03  8.301749E-01  1.706934E-14
        89   8  1.697786E-01 -1.534987E-01 -1.726023E-01 -3.241135E-03  8.301749E-01 -9.834541E-15
        90   1  1.111250E-01  4.553940E-02  4.058403E-02 -3.373397E-03  1.326453E+00 -9.338538E-15
        90   2  1.111250E-01  4.858888E-01  4.809335E-01 -3.373397E-03  1.326453E+00  1.231456E-15
        90   3  1.089525E-01  4.553940E-02  3.993225E-02 -3.373397E-03  1.333984E+00 -1.253690E-14
        90   4  1.089525E-01  4.858888E-01  4.802817E-01 -3.373397E-03  1.333984E+00  3.044432E-15
        90   5  7.591666E-02  3.497688E-02  4.058403E-02 -1.184556E-02  1.326453E+00 -6.892731E-15
        90   6  7.591666E-02  4.753263E-01  4.809335E-01 -1.184556E-02  1.326453E+00  4.549544E-15
        90   7  7.374407E-02  3.497688E-02  3.993225E-02 -1.184556E-02  1.333984E+00 -1.775348E-14
        90   8  7.374407E-02  4.753263E-01  4.802817E-01 -1.184556E-02  1.333984E+00  3.454917E-15
        91   1  4.204618E-01  6.385620E-01  6.377395E-01  4.543759E-03 -3.751797E-02  3.557538E-15
        91   2  4.204618E-01  2.405351E-01  2.397125E-01  4.543759E-03 -3.751797E-02 -9.235917E-15
        91   3  4.284768E-01  6.385620E-01  6.401440E-01  4.543759E-03 -3.302266E-02 -1.368284E-16
        91   4  4.284768E-01  2.405351E-01  2.421170E-01  4.543759E-03 -3.302266E-02 -1.121993E-14
        91   5  4.229931E-01  6.393214E-01  6.377395E-01 -5.134656E-04 -3.751797E-02 -5.609964E-15
        91   6  4.229931E-01  2.412945E-01  2.397125E-01 -5.134656E-04 -3.751797E-02 -8.962260E-15
        91   7  4.310081E-01  6.393214E-01  6.401440E-01 -5.134656E-04 -3.302266E-02 -7.525562E-15
        91   8  4.310081E-01  2.412945E-01  2.421170E-01 -5.134656E-04 -3.302266E-02 -7.251905E-15
        92   1 -1.202584E-02 -5.227649E-02 -6.722159E-02 -8.427320E-03  6.931640E-03 -4.241680E-15
        92   2 -1.202584E-02  4.689532E-02  3.195022E-02 -8.427320E-03  6.931640E-03 -1.847183E-15
        92   3  1.003413E-02 -5.227649E-02 -6.060360E-02 -8.427320E-03 -1.834903E-02 -4.788994E-15
        92   4  1.003413E-02  4.689532E-02  3.856821E-02 -8.427320E-03 -1.834903E-02  3.420710E-16
        92   5 -8.959992E-02 -7.554871E-02 -6.722159E-02  1.153111E-02  6.931640E-03 -5.336308E-15
        92   6 -8.959992E-02  2.362310E-02  3.195022E-02  1.153111E-02  6.931640E-03 -1.915598E-15
        92   7 -6.753996E-02 -7.554871E-02 -6.060360E-02  1.153111E-02 -1.834903E-02 -2.326083E-15
        92   8 -6.753996E-02  2.362310E-02  3.856821E-02  1.153111E-02 -1.834903E-02 -1.436698E-15
        93   1 -4.549120E-01 -7.207409E-02 -7.997257E-02 -1.180812E-02 -2.328221E-01  7.525562E-15
        93   2 -4.549120E-01  3.057593E-02  2.267744E-02 -1.180812E-02 -2.328221E-01 -7.241215E-15
        93   3 -4.545806E-01 -7.207409E-02 -7.987315E-02 -1.180812E-02 -2.538574E-01  6.909834E-15
        93   4 -4.545806E-01  3.057593E-02  2.277687E-02 -1.180812E-02 -2.538574E-01 -5.004926E-15
        93   5 -5.072371E-01 -8.777163E-02 -7.997257E-02  4.798730E-03 -2.328221E-01  1.033054E-14
        93   6 -5.072371E-01  1.487838E-02  2.267744E-02  4.798730E-03 -2.328221E-01 -2.623257E-15
        93   7 -5.069057E-01 -8.777163E-02 -7.987315E-02  4.798730E-03 -2.538574E-01  1.026213E-14
        93   8 -5.069057E-01  1.487838E-02  2.277687E-02  4.798730E-03 -2.538574E-01 -3.123536E-15
        94   1 -1.421995E+00 -2.671819E-01 -2.407192E-01  1.622399E-03 -2.196297E-01 -3.814092E-15
        94   2 -1.421995E+00 -9.962197E-02 -7.315925E-02  1.622399E-03 -2.196297E-01 -3.899609E-15
        94   3 -1.410620E+00 -2.671819E-01 -2.373069E-01  1.622399E-03 -2.277191E-01  4.087748E-15
        94   4 -1.410620E+00 -9.962197E-02 -6.974694E-02  1.622399E-03 -2.277191E-01  6.499349E-16
        94   5 -1.234202E+00 -2.108442E-01 -2.407192E-01  8.008800E-03 -2.196297E-01  5.712586E-15
        94   6 -1.234202E+00 -4.328423E-02 -7.315925E-02  8.008800E-03 -2.196297E-01  1.570106E-14
        94   7 -1.222828E+00 -2.108442E-01 -2.373069E-01  8.008800E-03 -2.277191E-01 -4.960029E-16
        94   8 -1.222828E+00 -4.328423E-02 -6.974694E-02  8.008800E-03 -2.277191E-01  1.659044E-14
        95   1 -1.949741E+00 -2.408422E-01 -2.050630E-01 -3.771790E-04 -6.556266E-02  7.867633E-15
        95   2 -1.949741E+00 -1.910204E-01 -1.552412E-01 -3.771790E-04 -6.556266E-02  5.267893E-15
        95   3 -1.933353E+00 -2.408422E-01 -2.001466E-01 -3.771790E-04 -6.648755E-02  1.621417E-14
        95   4 -1.933353E+00 -1.910204E-01 -1.503248E-01 -3.771790E-04 -6.648755E-02 -1.012530E-14
        95   5 -1.694825E+00 -1.643674E-01 -2.050630E-01  3.529993E-04 -6.556266E-02  1.361443E-14
        95   6 -1.694825E+00 -1.145456E-01 -1.552412E-01  3.529993E-04 -6.556266E-02 -8.414947E-15
        95   7 -1.678437E+00 -1.643674E-01 -2.001466E-01  3.529993E-04 -6.648755E-02  1.525637E-14
        95   8 -1.678437E+00 -1.145456E-01 -1.503248E-01  3.529993E-04 -6.648755E-02  2.839189E-15
        96   1 -1.944407E+00 -1.913418E-01 -1.535436E-01  1.524787E-03  6.237664E-02  1.368284E-16
        96   2 -1.944407E+00 -2.402656E-01 -2.024674E-01  1.524787E-03  6.237664E-02 -1.583789E-14
        96   3 -1.941665E+00 -1.913418E-01 -1.527208E-01  1.524787E-03  6.626443E-02 -1.867708E-14
        96   4 -1.941665E+00 -2.402656E-01 -2.016446E-01  1.524787E-03  6.626443E-02 -7.936047E-15
        96   5 -1.689677E+00 -1.149227E-01 -1.535436E-01 -1.544526E-03  6.237664E-02  7.046663E-15
        96   6 -1.689677E+00 -1.638464E-01 -2.024674E-01 -1.544526E-03  6.237664E-02 -7.867633E-16
        96   7 -1.686934E+00 -1.149227E-01 -1.527208E-01 -1.544526E-03  6.626443E-02  8.209704E-15
        96   8 -1.686934E+00 -1.638464E-01 -2.016446E-01 -1.544526E-03  6.626443E-02  1.778769E-15
        97   1 -1.425874E+00 -1.006340E-01 -7.300275E-02  4.375828E-03  2.169090E-01 -7.662390E-15
        97   2 -1.425874E+00 -2.671320E-01 -2.395008E-01  4.375828E-03  2.169090E-01 -6.969697E-15
        97   3 -1.420941E+00 -1.006340E-01 -7.152296E-02  4.375828E-03  2.257035E-01  8.893846E-16
        97   4 -1.420941E+00 -2.671320E-01 -2.380210E-01  4.375828E-03  2.257035E-01 -4.968581E-15
        97   5 -1.236733E+00 -4.389172E-02 -7.300275E-02 -2.567235E-03  2.169090E-01 -3.420710E-16
        97   6 -1.236733E+00 -2.103897E-01 -2.395008E-01 -2.567235E-03  2.169090E-01 -3.241123E-15
        97   7 -1.231800E+00 -4.389172E-02 -7.152296E-02 -2.567235E-03  2.257035E-01 -1.915598E-15
        97   8 -1.231800E+00 -2.103897E-01 -2.380210E-01 -2.567235E-03  2.257035E-01 -5.071203E-15
        98   1 -4.595114E-01  3.050299E-02  2.381432E-02  4.083401E-03  2.387554E-01  7.756460E-15
        98   2 -4.595114E-01 -7.290782E-02 -7.959649E-02  4.083401E-03  2.387554E-01  6.995352E-15
        98   3 -4.654136E-01  3.050299E-02  2.204365E-02  4.083401E-03  2.478547E-01  1.697527E-15
        98   4 -4.654136E-01 -7.290782E-02 -8.136716E-02  4.083401E-03  2.478547E-01  4.019334E-15
        98   5 -5.100047E-01  1.535498E-02  2.381432E-02 -3.100259E-03  2.387554E-01  1.039041E-15
        98   6 -5.100047E-01 -8.805583E-02 -7.959649E-02 -3.100259E-03  2.387554E-01  5.866518E-15
        98   7 -5.159070E-01  1.535498E-02  2.204365E-02 -3.100259E-03  2.478547E-01 -7.782115E-16
        98   8 -5.159070E-01 -8.805583E-02 -8.136716E-02 -3.100259E-03  2.478547E-01  2.787879E-15
        99   1 -9.428167E-03  4.664380E-02  3.383184E-02  1.173446E-03  3.485246E-03  6.157278E-16
        99   2 -9.428167E-03 -5.405055E-02 -6.686251E-02  1.173446E-03  3.485246E-03 -1.149359E-14
        99   3 -1.004623E-03  4.664380E-02  3.635891E-02  1.173446E-03  1.022465E-02  5.473136E-16
        99   4 -1.004623E-03 -5.405055E-02 -6.433544E-02  1.173446E-03  1.022465E-02 -1.005689E-14
        99   5 -8.641763E-02  2.354696E-02  3.383184E-02 -4.147136E-03  3.485246E-03 -2.052426E-15
        99   6 -8.641763E-02 -7.714739E-02 -6.686251E-02 -4.147136E-03  3.485246E-03 -8.688603E-15
        99   7 -7.799409E-02  2.354696E-02  3.635891E-02 -4.147136E-03  1.022465E-02 -4.788994E-16
        99   8 -7.799409E-02 -7.714739E-02 -6.433544E-02 -4.147136E-03  1.022465E-02 -8.278118E-15
       100   1 -9.729277E-03  1.787429E-02  8.358140E-03  1.757600E-02 -2.198791E-02  3.420710E-17
       100   2 -9.729277E-03  8.943184E-02  7.991570E-02  1.757600E-02 -2.198791E-02 -9.813162E-16
       100   3 -5.915549E-03  1.787429E-02  9.502258E-03  1.757600E-02 -5.109180E-03 -3.112846E-15
       100   4 -5.915549E-03  8.943184E-02  8.105981E-02  1.757600E-02 -5.109180E-03 -2.550567E-15
       100   5 -6.935654E-02 -1.389036E-05  8.358140E-03  6.972704E-04 -2.198791E-02 -6.738799E-15
       100   6 -6.935654E-02  7.154367E-02  7.991570E-02  6.972704E-04 -2.198791E-02 -6.001208E-15
       100   7 -6.554281E-02 -1.389036E-05  9.502258E-03  6.972704E-04 -5.109180E-03 -9.064881E-15
       100   8 -6.554281E-02  7.154367E-02  8.105981E-02  6.972704E-04 -5.109180E-03 -6.065346E-15
       101   1 -7.648536E-01 -1.471135E-01 -1.526249E-01  1.838889E-02 -2.440046E-01  1.375125E-14
       101   2 -7.648536E-01  1.438300E-02  8.871652E-03  1.838889E-02 -2.440046E-01  4.583751E-15
       101   3 -7.608271E-01 -1.471135E-01 -1.514169E-01  1.838889E-02 -2.352303E-01  1.621417E-14
       101   4 -7.608271E-01  1.438300E-02  1.007960E-02  1.838889E-02 -2.352303E-01  4.036438E-15
       101   5 -7.975694E-01 -1.569283E-01 -1.526249E-01  9.614598E-03 -2.440046E-01  1.744562E-14
       101   6 -7.975694E-01  4.568254E-03  8.871652E-03  9.614598E-03 -2.440046E-01  1.217773E-14
       101   7 -7.935430E-01 -1.569283E-01 -1.514169E-01  9.614598E-03 -2.352303E-01  1.470905E-14
       101   8 -7.935430E-01  4.568254E-03  1.007960E-02  9.614598E-03 -2.352303E-01  7.320319E-15
       102   1 -2.326961E+00 -5.151977E-01 -4.949560E-01 -4.014497E-05 -2.379440E-01 -7.183491E-16
       102   2 -2.326961E+00 -3.291563E-01 -3.089147E-01 -4.014497E-05 -2.379440E-01 -1.210931E-14
       102   3 -2.317014E+00 -5.151977E-01 -4.919718E-01 -4.014497E-05 -2.389971E-01 -4.788994E-16
       102   4 -2.317014E+00 -3.291563E-01 -3.059305E-01 -4.014497E-05 -2.389971E-01 -1.960067E-14
       102   5 -2.182070E+00 -4.717302E-01 -4.949560E-01  1.013013E-03 -2.379440E-01  4.173266E-15
       102   6 -2.182070E+00 -2.856889E-01 -3.089147E-01  1.013013E-03 -2.379440E-01 -1.881390E-15
       102   7 -2.172122E+00 -4.717302E-01 -4.919718E-01  1.013013E-03 -2.389971E-01  4.310095E-15
       102   8 -2.172122E+00 -2.856889E-01 -3.059305E-01  1.013013E-03 -2.389971E-01 -1.200669E-14
       103   1 -3.267926E+00 -6.325108E-01 -5.995982E-01  1.579491E-03 -4.153270E-02  9.920059E-16
       103   2 -3.267926E+00 -5.600461E-01 -5.271336E-01  1.579491E-03 -4.153270E-02 -8.928053E-15
       103   3 -3.258460E+00 -6.325108E-01 -5.967584E-01  1.579491E-03 -4.409071E-02 -1.255401E-14
       103   4 -3.258460E+00 -5.600461E-01 -5.242938E-01  1.579491E-03 -4.409071E-02 -1.720617E-14
       103   5 -3.039043E+00 -5.638459E-01 -5.995982E-01  4.137499E-03 -4.153270E-02 -1.115151E-14
       103   6 -3.039043E+00 -4.913812E-01 -5.271336E-01  4.137499E-03 -4.153270E-02 -3.184681E-14
       103   7 -3.029577E+00 -5.638459E-01 -5.967584E-01  4.137499E-03 -4.409071E-02 -1.576947E-14
       103   8 -3.029577E+00 -4.913812E-01 -5.242938E-01  4.137499E-03 -4.409071E-02 -1.152779E-14
       104   1 -3.271260E+00 -5.626441E-01 -5.292960E-01 -2.326624E-03  4.267333E-02 -1.255401E-14
       104   2 -3.271260E+00 -6.367866E-01 -6.034385E-01 -2.326624E-03  4.267333E-02  8.038668E-15
       104   3 -3.264456E+00 -5.626441E-01 -5.272548E-01 -2.326624E-03  3.929724E-02 -1.652203E-14
       104   4 -3.264456E+00 -6.367866E-01 -6.013973E-01 -2.326624E-03  3.929724E-02  1.002268E-14
       104   5 -3.042135E+00 -4.939066E-01 -5.292960E-01  1.049468E-03  4.267333E-02  1.159621E-14
       104   6 -3.042135E+00 -5.680492E-01 -6.034385E-01  1.049468E-03  4.267333E-02  3.523331E-15
       104   7 -3.035331E+00 -4.939066E-01 -5.272548E-01  1.049468E-03  3.929724E-02  7.491355E-15
       104   8 -3.035331E+00 -5.680492E-01 -6.013973E-01  1.049468E-03  3.929724E-02 -5.917828E-15
       105   1 -2.342444E+00 -3.404635E-01 -3.191844E-01 -3.838352E-03  2.369591E-01 -4.686373E-15
       105   2 -2.342444E+00 -5.278127E-01 -5.065336E-01 -3.838352E-03  2.369591E-01 -2.101171E-14
       105   3 -2.338712E+00 -3.404635E-01 -3.180646E-01 -3.838352E-03  2.352290E-01  2.873396E-15
       105   4 -2.338712E+00 -5.278127E-01 -5.054138E-01 -3.838352E-03  2.352290E-01 -1.697527E-14
       105   5 -2.196851E+00 -2.967855E-01 -3.191844E-01 -2.108190E-03  2.369591E-01  8.346532E-15
       105   6 -2.196851E+00 -4.841347E-01 -5.065336E-01 -2.108190E-03  2.369591E-01  7.089421E-15
       105   7 -2.193119E+00 -2.967855E-01 -3.180646E-01 -2.108190E-03  2.352290E-01  1.098048E-14
       105   8 -2.193119E+00 -4.841347E-01 -5.054138E-01 -2.108190E-03  2.352290E-01  5.900725E-16
       106   1 -7.846848E-01 -2.745371E-04 -4.398200E-03 -2.767084E-03  2.389752E-01 -1.293884E-14
       106   2 -7.846848E-01 -1.608753E-01 -1.649989E-01 -2.767084E-03  2.389752E-01  1.838632E-15
       106   3 -7.875132E-01 -2.745371E-04 -5.246744E-03 -2.767084E-03  2.388766E-01  1.116007E-14
       106   4 -7.875132E-01 -1.608753E-01 -1.658475E-01 -2.767084E-03  2.388766E-01  9.928611E-15
       106   5 -8.150043E-01 -9.370407E-03 -4.398200E-03 -2.668474E-03  2.389752E-01 -5.413274E-15
       106   6 -8.150043E-01 -1.699711E-01 -1.649989E-01 -2.668474E-03  2.389752E-01 -2.095185E-15
       106   7 -8.178328E-01 -9.370407E-03 -5.246744E-03 -2.668474E-03  2.388766E-01 -1.966908E-16
       106   8 -8.178328E-01 -1.699711E-01 -1.658475E-01 -2.668474E-03  2.388766E-01  4.729132E-15
       107   1 -1.446439E-02  8.269446E-02  7.391646E-02 -4.085474E-03  1.619425E-02  1.368284E-16
       107   2 -1.446439E-02  1.125440E-02  2.476397E-03 -4.085474E-03  1.619425E-02 -1.224614E-14
       107   3 -1.584688E-02  8.269446E-02  7.350172E-02 -4.085474E-03  1.186963E-02 -5.892173E-15
       107   4 -1.584688E-02  1.125440E-02  2.061649E-03 -4.085474E-03  1.186963E-02 -1.423871E-14
       107   5 -7.436688E-02  6.472372E-02  7.391646E-02  2.391484E-04  1.619425E-02 -2.591188E-15
       107   6 -7.436688E-02 -6.716351E-03  2.476397E-03  2.391484E-04  1.619425E-02 -9.706265E-15
       107   7 -7.574938E-02  6.472372E-02  7.350172E-02  2.391484E-04  1.186963E-02 -2.599740E-15
       107   8 -7.574938E-02 -6.716351E-03  2.061649E-03  2.391484E-04  1.186963E-02 -5.883621E-15
       108   1 -4.809487E-01 -2.496241E-01 -2.042373E-01 -5.495230E-03 -3.584558E-02 -3.401809E-03
       108   2 -4.523297E-01 -1.463248E-01 -1.295571E-01 -5.495230E-03 -8.207622E-02 -3.401809E-03
       108   3 -5.001996E-01 -2.496241E-01 -2.337705E-01 -5.495230E-03 -5.308044E-02 -3.401809E-03
       108   4 -4.715807E-01 -1.463248E-01 -1.590902E-01 -5.495230E-03 -9.931107E-02 -3.401809E-03
       108   5 -5.041800E-01 -2.592643E-01 -2.131400E-01  1.469425E-03 -5.022690E-02  9.096439E-04
       108   6 -4.755610E-01 -1.559651E-01 -1.384598E-01  1.469425E-03 -9.645753E-02  9.096439E-04
       108   7 -5.234310E-01 -2.592643E-01 -2.426732E-01  1.469425E-03 -6.746175E-02  9.096439E-04
       108   8 -4.948120E-01 -1.559651E-01 -1.679929E-01  1.469425E-03 -1.136924E-01  9.096439E-04
       109   1  2.608835E-01  1.827813E-01  1.707845E-01 -8.151916E-03 -2.301167E-02  5.046424E-03
       109   2  3.711585E-01  5.808155E-01  4.585437E-01 -8.151916E-03  1.551250E-01  5.046424E-03
       109   3  2.977678E-01  1.827813E-01  1.973067E-01 -8.151916E-03 -3.950258E-02  5.046424E-03
       109   4  4.080429E-01  5.808155E-01  4.850658E-01 -8.151916E-03  1.386340E-01  5.046424E-03
       109   5  2.593598E-01  1.821490E-01  1.702006E-01 -6.612487E-03 -2.206847E-02  4.093444E-03
       109   6  3.696349E-01  5.801833E-01  4.579598E-01 -6.612487E-03  1.560682E-01  4.093444E-03
       109   7  2.962442E-01  1.821490E-01  1.967228E-01 -6.612487E-03 -3.855938E-02  4.093444E-03
       109   8  4.065193E-01  5.801833E-01  4.844819E-01 -6.612487E-03  1.395772E-01  4.093444E-03
       110   1 -1.566564E+00 -5.469398E-01 -1.475255E+00 -2.644857E-02 -1.033757E+00 -1.763238E-02
       110   2 -1.626937E+00 -7.431522E-01 -1.611095E+00 -2.644857E-02 -9.431971E-01 -1.763238E-02
       110   3 -1.595214E+00 -5.469398E-01 -1.503260E+00 -2.644857E-02 -1.050147E+00 -1.763238E-02
       110   4 -1.655587E+00 -7.431522E-01 -1.639099E+00 -2.644857E-02 -9.595870E-01 -1.763238E-02
       110   5 -1.606767E+00 -5.643611E-01 -1.493123E+00 -2.311684E-02 -1.060559E+00 -1.541123E-02
       110   6 -1.667140E+00 -7.605735E-01 -1.628963E+00 -2.311684E-02 -9.699991E-01 -1.541123E-02
       110   7 -1.635417E+00 -5.643611E-01 -1.521128E+00 -2.311684E-02 -1.076949E+00 -1.541123E-02
       110   8 -1.695790E+00 -7.605735E-01 -1.656968E+00 -2.311684E-02 -9.863890E-01 -1.541123E-02
       111   1  1.286730E+00  8.482339E-01  1.433022E+00  4.718218E-03 -5.874008E-01 -3.145479E-03
       111   2  1.243231E+00  7.068637E-01  1.335151E+00  4.718218E-03 -6.526486E-01 -3.145479E-03
       111   3  1.305997E+00  8.482339E-01  1.457115E+00  4.718218E-03 -6.010526E-01 -3.145479E-03
       111   4  1.262499E+00  7.068637E-01  1.359243E+00  4.718218E-03 -6.663004E-01 -3.145479E-03
       111   5  1.298555E+00  8.533583E-01  1.438278E+00  8.866001E-03 -5.952845E-01 -5.910667E-03
       111   6  1.255057E+00  7.119881E-01  1.340406E+00  8.866001E-03 -6.605323E-01 -5.910667E-03
       111   7  1.317823E+00  8.533583E-01  1.462370E+00  8.866001E-03 -6.089362E-01 -5.910667E-03
       111   8  1.274324E+00  7.119881E-01  1.364499E+00  8.866001E-03 -6.741840E-01 -5.910667E-03
       112   1 -1.747094E+00 -9.450281E-01 -1.382332E+00 -1.714450E-02 -6.112856E-01 -1.061326E-02
       112   2 -1.633066E+00 -5.334480E-01 -1.084779E+00 -1.714450E-02 -7.954845E-01 -1.061326E-02
       112   3 -1.755845E+00 -9.450281E-01 -1.388769E+00 -1.714450E-02 -6.152776E-01 -1.061326E-02
       112   4 -1.641818E+00 -5.334480E-01 -1.091216E+00 -1.714450E-02 -7.994766E-01 -1.061326E-02
       112   5 -1.713175E+00 -9.309529E-01 -1.369333E+00 -1.672268E-02 -5.902881E-01 -1.035214E-02
       112   6 -1.599147E+00 -5.193727E-01 -1.071781E+00 -1.672268E-02 -7.744871E-01 -1.035214E-02
       112   7 -1.721926E+00 -9.309529E-01 -1.375770E+00 -1.672268E-02 -5.942801E-01 -1.035214E-02
       112   8 -1.607899E+00 -5.193727E-01 -1.078218E+00 -1.672268E-02 -7.784791E-01 -1.035214E-02
       113   1  1.176752E+00  8.125975E-01  1.244841E+00  1.711396E-02 -4.474453E-01 -1.059436E-02
       113   2  1.064862E+00  4.087317E-01  9.528663E-01  1.711396E-02 -6.281918E-01 -1.059436E-02
       113   3  1.187483E+00  8.125975E-01  1.254875E+00  1.711396E-02 -4.535171E-01 -1.059436E-02
       113   4  1.075592E+00  4.087317E-01  9.628995E-01  1.711396E-02 -6.342636E-01 -1.059436E-02
       113   5  1.250375E+00  8.431485E-01  1.273055E+00  1.847169E-02 -4.930214E-01 -1.143485E-02
       113   6  1.138484E+00  4.392827E-01  9.810801E-01  1.847169E-02 -6.737679E-01 -1.143485E-02
       113   7  1.261106E+00  8.431485E-01  1.283088E+00  1.847169E-02 -4.990932E-01 -1.143485E-02
       113   8  1.149215E+00  4.392827E-01  9.911133E-01  1.847169E-02 -6.798397E-01 -1.143485E-02
       114   1 -8.662707E-01 -5.707285E-01 -5.590036E-01 -1.084070E-02 -9.784721E-02 -6.710910E-03
       114   2 -6.941545E-01  5.051910E-02 -1.098721E-01 -1.084070E-02 -3.758810E-01 -6.710910E-03
       114   3 -8.620164E-01 -5.707285E-01 -5.575380E-01 -1.084070E-02 -9.682138E-02 -6.710910E-03
       114   4 -6.899003E-01  5.051910E-02 -1.084066E-01 -1.084070E-02 -3.748551E-01 -6.710910E-03
       114   5 -7.947561E-01 -5.410524E-01 -5.315978E-01 -1.039252E-02 -5.357627E-02 -6.433464E-03
       114   6 -6.226399E-01  8.019522E-02 -8.246631E-02 -1.039252E-02 -3.316100E-01 -6.433464E-03
       114   7 -7.905018E-01 -5.410524E-01 -5.301322E-01 -1.039252E-02 -5.255045E-02 -6.433464E-03
       114   8 -6.183857E-01  8.019522E-02 -8.100078E-02 -1.039252E-02 -3.305842E-01 -6.433464E-03
       115   1  2.568752E-01  4.945272E-01  5.513016E-01  3.869054E-03  4.530932E-02 -2.395129E-03
       115   2  1.058802E-01 -5.048434E-02  1.572850E-01  3.869054E-03 -1.986057E-01 -2.395129E-03
       115   3  2.646602E-01  4.945272E-01  5.573685E-01  3.869054E-03  4.157077E-02 -2.395129E-03
       115   4  1.136651E-01 -5.048434E-02  1.633519E-01  3.869054E-03 -2.023442E-01 -2.395129E-03
       115   5  3.405332E-01  5.292424E-01  5.833610E-01  4.378157E-03 -6.478940E-03 -2.710288E-03
       115   6  1.895382E-01 -1.576914E-02  1.893444E-01  4.378157E-03 -2.503940E-01 -2.710288E-03
       115   7  3.483181E-01  5.292424E-01  5.894279E-01  4.378157E-03 -1.021749E-02 -2.710288E-03
       115   8  1.973231E-01 -1.576914E-02  1.954113E-01  4.378157E-03 -2.541325E-01 -2.710288E-03
       116   1  9.607432E-02 -5.665032E-02  1.470588E-01 -6.080980E-03  1.939216E-01 -3.764416E-03
       116   2  2.473181E-01  4.892593E-01  5.417245E-01 -6.080980E-03 -5.039529E-02 -3.764416E-03
       116   3  1.002026E-01 -5.665032E-02  1.542061E-01 -6.080980E-03  1.980652E-01 -3.764416E-03
       116   4  2.514464E-01  4.892593E-01  5.488719E-01 -6.080980E-03 -4.625168E-02 -3.764416E-03
       116   5  1.794989E-01 -2.203197E-02  1.790287E-01 -7.894204E-03  2.455654E-01 -4.886888E-03
       116   6  3.307427E-01  5.238776E-01  5.736945E-01 -7.894204E-03  1.248479E-03 -4.886888E-03
       116   7  1.836272E-01 -2.203197E-02  1.861761E-01 -7.894204E-03  2.497090E-01 -4.886888E-03
       116   8  3.348710E-01  5.238776E-01  5.808419E-01 -7.894204E-03  5.392084E-03 -4.886888E-03
       117   1 -6.782731E-01  5.666760E-02 -9.852686E-02  1.191990E-02  3.704715E-01 -7.378988E-03
       117   2 -8.503378E-01 -5.643945E-01 -5.475243E-01  1.191990E-02  9.252075E-02 -7.378988E-03
       117   3 -6.833576E-01  5.666760E-02 -1.015027E-01  1.191990E-02  3.723707E-01 -7.378988E-03
       117   4 -8.554224E-01 -5.643945E-01 -5.505001E-01  1.191990E-02  9.441998E-02 -7.378988E-03
       117   5 -6.066544E-01  8.638692E-02 -7.108115E-02  1.197480E-02  3.261361E-01 -7.412974E-03
       117   6 -7.787192E-01 -5.346752E-01 -5.200785E-01  1.197480E-02  4.818538E-02 -7.412974E-03
       117   7 -6.117389E-01  8.638692E-02 -7.405699E-02  1.197480E-02  3.280354E-01 -7.412974E-03
       117   8 -7.838037E-01 -5.346752E-01 -5.230544E-01  1.197480E-02  5.008461E-02 -7.412974E-03
       118   1  1.054030E+00  4.031165E-01  9.422044E-01 -2.587877E-03  6.225685E-01 -1.602019E-03
       118   2  1.166412E+00  8.087569E-01  1.235462E+00 -2.587877E-03  4.410279E-01 -1.602019E-03
       118   3  1.064735E+00  4.031165E-01  9.532859E-01 -2.587877E-03  6.292155E-01 -1.602019E-03
       118   4  1.177118E+00  8.087569E-01  1.246544E+00 -2.587877E-03  4.476748E-01 -1.602019E-03
       118   5  1.127930E+00  4.337825E-01  9.705244E-01 -4.363349E-03  6.683162E-01 -2.701121E-03
       118   6  1.240312E+00  8.394229E-01  1.263782E+00 -4.363349E-03  4.867755E-01 -2.701121E-03
       118   7  1.138635E+00  4.337825E-01  9.816059E-01 -4.363349E-03  6.749632E-01 -2.701121E-03
       118   8  1.251018E+00  8.394229E-01  1.274864E+00 -4.363349E-03  4.934225E-01 -2.701121E-03
       119   1 -1.623529E+00 -5.268811E-01 -1.073255E+00  5.481137E-03  7.906769E-01 -3.393085E-03
       119   2 -1.738491E+00 -9.418326E-01 -1.373245E+00  5.481137E-03  6.049691E-01 -3.393085E-03
       119   3 -1.631093E+00 -5.268811E-01 -1.080723E+00  5.481137E-03  7.951743E-01 -3.393085E-03
       119   4 -1.746055E+00 -9.418326E-01 -1.380713E+00  5.481137E-03  6.094666E-01 -3.393085E-03
       119   5 -1.589025E+00 -5.125629E-01 -1.060032E+00  4.368599E-03  7.693169E-01 -2.704371E-03
       119   6 -1.703987E+00 -9.275143E-01 -1.360022E+00  4.368599E-03  5.836091E-01 -2.704371E-03
       119   7 -1.596588E+00 -5.125629E-01 -1.067500E+00  4.368599E-03  7.738144E-01 -2.704371E-03
       119   8 -1.711550E+00 -9.275143E-01 -1.367490E+00  4.368599E-03  5.881066E-01 -2.704371E-03
       120   1  1.246615E+00  7.030750E-01  1.337995E+00  6.183239E-03  6.569165E-01  4.122159E-03
       120   2  1.291243E+00  8.481177E-01  1.438409E+00  6.183239E-03  5.899737E-01  4.122159E-03
       120   3  1.255126E+00  7.030750E-01  1.348848E+00  6.183239E-03  6.630526E-01  4.122159E-03
       120   4  1.299754E+00  8.481177E-01  1.449263E+00  6.183239E-03  5.961098E-01  4.122159E-03
       120   5  1.258858E+00  7.083805E-01  1.343436E+00  4.274328E-03  6.650788E-01  2.849552E-03
       120   6  1.303487E+00  8.534231E-01  1.443850E+00  4.274328E-03  5.981360E-01  2.849552E-03
       120   7  1.267369E+00  7.083805E-01  1.354290E+00  4.274328E-03  6.712149E-01  2.849552E-03
       120   8  1.311998E+00  8.534231E-01  1.454704E+00  4.274328E-03  6.042721E-01  2.849552E-03
       121   1 -1.633570E+00 -7.409992E-01 -1.617987E+00  2.013389E-03  9.488934E-01 -1.342259E-03
       121   2 -1.574525E+00 -5.491032E-01 -1.485136E+00  2.013389E-03  1.037461E+00 -1.342259E-03
       121   3 -1.645945E+00 -7.409992E-01 -1.629332E+00  2.013389E-03  9.555974E-01 -1.342259E-03
       121   4 -1.586900E+00 -5.491032E-01 -1.496481E+00  2.013389E-03  1.044165E+00 -1.342259E-03
       121   5 -1.673344E+00 -7.582348E-01 -1.635664E+00  8.468160E-04  9.754097E-01 -5.645440E-04
       121   6 -1.614299E+00 -5.663388E-01 -1.502813E+00  8.468160E-04  1.063977E+00 -5.645440E-04
       121   7 -1.685720E+00 -7.582348E-01 -1.647010E+00  8.468160E-04  9.821137E-01 -5.645440E-04
       121   8 -1.626675E+00 -5.663388E-01 -1.514159E+00  8.468160E-04  1.070681E+00 -5.645440E-04
       122   1  3.881179E-01  5.814129E-01  4.729142E-01  5.089413E-03 -1.445677E-01  3.150589E-03
       122   2  2.784061E-01  1.854117E-01  1.866248E-01  5.089413E-03  3.265903E-02  3.150589E-03
       122   3  4.004360E-01  5.814129E-01  4.808993E-01  5.089413E-03 -1.395400E-01  3.150589E-03
       122   4  2.907242E-01  1.854117E-01  1.946099E-01  5.089413E-03  3.768674E-02  3.150589E-03
       122   5  3.869188E-01  5.809153E-01  4.724547E-01  4.917863E-03 -1.453100E-01  3.044391E-03
       122   6  2.772070E-01  1.849141E-01  1.861653E-01  4.917863E-03  3.191675E-02  3.044391E-03
       122   7  3.992370E-01  5.809153E-01  4.804398E-01  4.917863E-03 -1.402823E-01  3.044391E-03
       122   8  2.895252E-01  1.849141E-01  1.941504E-01  4.917863E-03  3.694446E-02  3.044391E-03
       123   1 -4.657337E-01 -1.473628E-01 -1.443146E-01 -2.041407E-03  9.201944E-02  1.263728E-03
       123   2 -4.941922E-01 -2.500829E-01 -2.185762E-01 -2.041407E-03  4.604799E-02  1.263728E-03
       123   3 -4.689401E-01 -1.473628E-01 -1.511705E-01 -2.041407E-03  9.595510E-02  1.263728E-03
       123   4 -4.973986E-01 -2.500829E-01 -2.254321E-01 -2.041407E-03  4.998365E-02  1.263728E-03
       123   5 -4.888528E-01 -1.569564E-01 -1.531743E-01 -3.961987E-03  1.063313E-01  2.452659E-03
       123   6 -5.173113E-01 -2.596765E-01 -2.274359E-01 -3.961987E-03  6.035981E-02  2.452659E-03
       123   7 -4.920592E-01 -1.569564E-01 -1.600302E-01 -3.961987E-03  1.102669E-01  2.452659E-03
       123   8 -5.205177E-01 -2.596765E-01 -2.342918E-01 -3.961987E-03  6.429547E-02  2.452659E-03
       124   1 -1.068822E-01  1.356746E-02 -5.955004E-03 -2.223461E-16  1.676936E-01  8.008192E-03
       124   2 -1.686779E-01 -4.822825E-02 -5.955004E-03 -5.216583E-16  1.676936E-01  8.008192E-03
       124   3 -2.758033E-02  1.356746E-02  2.583845E-01  1.881390E-16  1.642706E-01  8.008192E-03
       124   4 -8.937605E-02 -4.822825E-02  2.583845E-01 -8.551775E-16  1.642706E-01  8.008192E-03
       124   5 -1.068822E-01 -1.480300E-01 -5.446131E-01 -1.043317E-15  1.676936E-01  4.585153E-03
       124   6 -1.686779E-01 -2.098257E-01 -5.446131E-01 -1.530768E-15  1.676936E-01  4.585153E-03
       124   7 -2.758033E-02 -1.480300E-01 -2.802737E-01 -5.644171E-16  1.642706E-01  4.585153E-03
       124   8 -8.937605E-02 -2.098257E-01 -2.802737E-01 -1.445250E-15  1.642706E-01  4.585153E-03
       125   1 -1.257339E-01 -1.306641E-01 -8.759128E-02 -2.480015E-15  3.914543E-02  1.518882E-02
       125   2 -1.216065E-01 -1.265367E-01 -8.759128E-02 -1.641941E-15  3.914543E-02  1.518882E-02
       125   3 -1.326667E-01 -1.306641E-01 -1.107006E-01  1.009109E-15  2.023720E-02  1.518882E-02
       125   4 -1.285393E-01 -1.265367E-01 -1.107006E-01 -4.036438E-15  2.023720E-02  1.518882E-02
       125   5 -1.257339E-01 -1.277366E-01 -7.783276E-02 -1.351180E-15  3.914543E-02 -3.719407E-03
       125   6 -1.216065E-01 -1.236092E-01 -7.783276E-02 -5.541550E-15  3.914543E-02 -3.719407E-03
       125   7 -1.326667E-01 -1.277366E-01 -1.009421E-01  1.864287E-15  2.023720E-02 -3.719407E-03
       125   8 -1.285393E-01 -1.236092E-01 -1.009421E-01 -2.120840E-15  2.023720E-02 -3.719407E-03
       126   1 -1.548014E-02 -6.986526E-02  1.926285E-01 -3.694367E-15 -4.410667E-02  5.168941E-03
       126   2  3.188004E-02 -2.250508E-02  1.926285E-01  8.825432E-15 -4.410667E-02  5.168941E-03
       126   3 -1.338351E-01 -6.986526E-02 -2.018882E-01 -3.283882E-15 -3.868208E-02  5.168941E-03
       126   4 -8.647496E-02 -2.250508E-02 -2.018882E-01 -8.209704E-16 -3.868208E-02  5.168941E-03
       126   5 -1.548014E-02 -7.945002E-02  1.606793E-01  5.473136E-16 -4.410667E-02  1.059354E-02
       126   6  3.188004E-02 -3.208984E-02  1.606793E-01  1.115151E-14 -4.410667E-02  1.059354E-02
       126   7 -1.338351E-01 -7.945002E-02 -2.338374E-01  6.841420E-16 -3.868208E-02  1.059354E-02
       126   8 -8.647496E-02 -3.208984E-02 -2.338374E-01  9.167503E-15 -3.868208E-02  1.059354E-02
       127   1 -1.373833E+00 -1.410445E+00 -3.837361E+00  6.157278E-16 -1.846301E+00  1.058139E-02
       127   2 -1.076579E+00 -1.113191E+00 -3.837361E+00  1.582078E-15 -1.846301E+00  1.058139E-02
       127   3 -1.354179E+00 -1.410445E+00 -3.771847E+00  6.584867E-16 -1.844957E+00  1.058139E-02
       127   4 -1.056925E+00 -1.113191E+00 -3.771847E+00  6.071760E-16 -1.844957E+00  1.058139E-02
       127   5 -1.373833E+00 -1.317566E+00 -3.527765E+00  8.551775E-18 -1.846301E+00  1.192624E-02
       127   6 -1.076579E+00 -1.020312E+00 -3.527765E+00  1.992564E-15 -1.846301E+00  1.192624E-02
       127   7 -1.354179E+00 -1.317566E+00 -3.462250E+00 -8.551775E-17 -1.844957E+00  1.192624E-02
       127   8 -1.056925E+00 -1.020312E+00 -3.462250E+00  5.045547E-16 -1.844957E+00  1.192624E-02
       128   1 -1.846263E-01 -1.708125E-01 -1.535038E+00  3.348287E-15 -3.993785E-01  1.315102E-02
       128   2 -4.834887E-01 -4.696749E-01 -1.535038E+00  1.128834E-15 -3.993785E-01  1.315102E-02
       128   3 -1.888059E-01 -1.708125E-01 -1.548970E+00  7.057620E-15 -4.184845E-01  1.315102E-02
       128   4 -4.876683E-01 -4.696749E-01 -1.548970E+00  7.662390E-15 -4.184845E-01  1.315102E-02
       128   5 -1.846263E-01 -2.026197E-01 -1.641062E+00  2.246712E-15 -3.993785E-01 -5.955013E-03
       128   6 -4.834887E-01 -5.014821E-01 -1.641062E+00  4.310095E-15 -3.993785E-01 -5.955013E-03
       128   7 -1.888059E-01 -2.026197E-01 -1.654994E+00  1.816985E-15 -4.184845E-01 -5.955013E-03
       128   8 -4.876683E-01 -5.014821E-01 -1.654994E+00  7.183491E-15 -4.184845E-01 -5.955013E-03
       129   1 -1.612709E-01 -1.703419E-01 -5.866596E-01  9.406952E-15 -6.999759E-01  9.868992E-03
       129   2 -1.415249E-01 -1.505959E-01 -5.866596E-01  3.044432E-15 -6.999759E-01  9.868992E-03
       129   3 -1.813445E-01 -1.703419E-01 -6.535717E-01  2.086633E-15 -7.077969E-01  9.868992E-03
       129   4 -1.615986E-01 -1.505959E-01 -6.535717E-01  3.728574E-15 -7.077969E-01  9.868992E-03
       129   5 -1.612709E-01 -1.722735E-01 -5.930985E-01  2.394497E-16 -6.999759E-01  2.048008E-03
       129   6 -1.415249E-01 -1.525276E-01 -5.930985E-01  3.249674E-15 -6.999759E-01  2.048008E-03
       129   7 -1.813445E-01 -1.722735E-01 -6.600106E-01 -1.334077E-15 -7.077969E-01  2.048008E-03
       129   8 -1.615986E-01 -1.525276E-01 -6.600106E-01  1.128834E-15 -7.077969E-01  2.048008E-03
       130   1  4.586869E-02 -3.160016E-02  7.263974E-01  1.192973E-15 -2.680359E+00 -1.694757E-02
       130   2  1.790167E-01  1.015479E-01  7.263974E-01 -4.446923E-16 -2.680359E+00 -1.694757E-02
       130   3  4.968513E-03 -3.160016E-02  5.900635E-01  1.060420E-15 -2.687092E+00 -1.694757E-02
       130   4  1.381165E-01  1.015479E-01  5.900635E-01  9.406952E-17 -2.687092E+00 -1.694757E-02
       130   5  4.586869E-02  8.243737E-02  1.106523E+00  1.026213E-16 -2.680359E+00 -2.368109E-02
       130   6  1.790167E-01  2.155854E-01  1.106523E+00  5.644171E-16 -2.680359E+00 -2.368109E-02
       130   7  4.968513E-03  8.243737E-02  9.701886E-01  2.437256E-16 -2.687092E+00 -2.368109E-02
       130   8  1.381165E-01  2.155854E-01  9.701886E-01 -6.841420E-17 -2.687092E+00 -2.368109E-02
       131   1  9.230708E-02  1.121256E-01  4.314370E-01  3.591745E-15 -9.966076E-01  3.292544E-02
       131   2  3.363273E-01  3.561458E-01  4.314370E-01 -1.676148E-15 -9.966076E-01  3.292544E-02
       131   3  9.516311E-02  1.121256E-01  4.409571E-01  3.181260E-15 -1.007771E+00  3.292544E-02
       131   4  3.391833E-01  3.561458E-01  4.409571E-01  5.131065E-16 -1.007771E+00  3.292544E-02
       131   5  9.230708E-02  7.534460E-02  3.088337E-01  3.249674E-15 -9.966076E-01  2.176183E-02
       131   6  3.363273E-01  3.193648E-01  3.088337E-01 -1.026213E-16 -9.966076E-01  2.176183E-02
       131   7  9.516311E-02  7.534460E-02  3.183538E-01  3.865402E-15 -1.007771E+00  2.176183E-02
       131   8  3.391833E-01  3.193648E-01  3.183538E-01 -2.394497E-16 -1.007771E+00  2.176183E-02
       132   1  2.769570E-01  2.929143E-01 -7.985079E-02  3.147053E-15 -1.371613E+00 -1.054074E-02
       132   2  3.555495E-01  3.715068E-01 -7.985079E-02 -2.531325E-15 -1.371613E+00 -1.054074E-02
       132   3  3.187467E-01  2.929143E-01  5.944793E-02  3.968024E-15 -1.375291E+00 -1.054074E-02
       132   4  3.973391E-01  3.715068E-01  5.944793E-02 -8.859639E-15 -1.375291E+00 -1.054074E-02
       132   5  2.769570E-01  3.027894E-01 -4.693407E-02 -4.857408E-15 -1.371613E+00 -1.421856E-02
       132   6  3.555495E-01  3.813818E-01 -4.693407E-02 -3.386503E-15 -1.371613E+00 -1.421856E-02
       132   7  3.187467E-01  3.027894E-01  9.236465E-02 -4.994237E-15 -1.375291E+00 -1.421856E-02
       132   8  3.973391E-01  3.813818E-01  9.236465E-02 -8.757018E-15 -1.375291E+00 -1.421856E-02
       133   1  2.675581E-01  2.549896E-01  1.964516E+00 -1.026213E-15 -1.174190E+00  1.137162E-02
       133   2  3.638277E-01  3.512592E-01  1.964516E+00 -1.898494E-15 -1.174190E+00  1.137162E-02
       133   3  2.377134E-01  2.549896E-01  1.865034E+00 -4.788994E-16 -1.179319E+00  1.137162E-02
       133   4  3.339830E-01  3.512592E-01  1.865034E+00 -2.052426E-16 -1.179319E+00  1.137162E-02
       133   5  2.675581E-01  2.502818E-01  1.948823E+00  1.077524E-15 -1.174190E+00  6.241938E-03
       133   6  3.638277E-01  3.465515E-01  1.948823E+00  2.223461E-16 -1.174190E+00  6.241938E-03
       133   7  2.377134E-01  2.502818E-01  1.849341E+00  1.419595E-15 -1.179319E+00  6.241938E-03
       133   8  3.339830E-01  3.465515E-01  1.849341E+00  1.710355E-16 -1.179319E+00  6.241938E-03
       134   1  1.750313E-01  1.836332E-01  9.571237E-01  2.052426E-15 -5.291409E-01  7.896501E-03
       134   2  7.464570E-01  7.550590E-01  9.571237E-01 -1.812976E-15 -5.291409E-01  7.896501E-03
       134   3  1.761945E-01  1.836332E-01  9.610012E-01  4.070645E-15 -5.320363E-01  7.896501E-03
       134   4  7.476203E-01  7.550590E-01  9.610012E-01 -2.531325E-15 -5.320363E-01  7.896501E-03
       134   5  1.750313E-01  1.675926E-01  9.036550E-01  2.736568E-16 -5.291409E-01  5.001179E-03
       134   6  7.464570E-01  7.390183E-01  9.036550E-01 -7.662390E-15 -5.291409E-01  5.001179E-03
       134   7  1.761945E-01  1.675926E-01  9.075325E-01  2.770775E-15 -5.320363E-01  5.001179E-03
       134   8  7.476203E-01  7.390183E-01  9.075325E-01 -4.515337E-15 -5.320363E-01  5.001179E-03
       135   1  6.435701E-01  6.749606E-01  1.061295E-01 -6.909834E-15 -8.357750E-01  1.520976E-03
       135   2  7.406440E-01  7.720345E-01  1.061295E-01 -1.163041E-15 -8.357750E-01  1.520976E-03
       135   3  6.982480E-01  6.749606E-01  2.883891E-01 -2.599740E-15 -8.369106E-01  1.520976E-03
       135   4  7.953219E-01  7.720345E-01  2.883891E-01  6.157278E-16 -8.369106E-01  1.520976E-03
       135   5  6.435701E-01  6.668575E-01  7.911917E-02 -5.541550E-15 -8.357750E-01  3.852997E-04
       135   6  7.406440E-01  7.639314E-01  7.911917E-02 -3.420710E-15 -8.357750E-01  3.852997E-04
       135   7  6.982480E-01  6.668575E-01  2.613788E-01 -3.968024E-15 -8.369106E-01  3.852997E-04
       135   8  7.953219E-01  7.639314E-01  2.613788E-01 -1.573527E-15 -8.369106E-01  3.852997E-04
       136   1 -3.245334E-02 -5.162548E-02  1.294984E+00 -1.539319E-16 -8.836597E-03 -1.061225E-02
       136   2  1.081227E-01  8.895057E-02  1.294984E+00 -2.257669E-15 -8.836597E-03 -1.061225E-02
       136   3 -7.062253E-02 -5.162548E-02  1.167753E+00 -2.907603E-16 -6.851356E-03 -1.061225E-02
       136   4  6.995352E-02  8.895057E-02  1.167753E+00 -5.815207E-16 -6.851356E-03 -1.061225E-02
       136   5 -3.245334E-02 -5.145039E-02  1.295567E+00  1.881390E-16 -8.836597E-03 -8.627013E-03
       136   6  1.081227E-01  8.912566E-02  1.295567E+00 -3.078639E-16 -8.836597E-03 -8.627013E-03
       136   7 -7.062253E-02 -5.145039E-02  1.168337E+00  1.710355E-17 -6.851356E-03 -8.627013E-03
       136   8  6.995352E-02  8.912566E-02  1.168337E+00 -1.026213E-16 -6.851356E-03 -8.627013E-03
       137   1  1.067297E-01  1.088297E-01  6.430061E-01  2.890500E-15 -2.609144E-03  1.020959E-02
       137   2  7.015631E-01  7.036631E-01  6.430061E-01 -9.663506E-16 -2.609144E-03  1.020959E-02
       137   3  1.108150E-01  1.088297E-01  6.566236E-01  2.993121E-15 -1.792732E-03  1.020959E-02
       137   4  7.056483E-01  7.036631E-01  6.566236E-01 -1.966908E-15 -1.792732E-03  1.020959E-02
       137   5  1.067297E-01  1.087149E-01  6.426235E-01 -2.445808E-15 -2.609144E-03  1.102600E-02
       137   6  7.015631E-01  7.035483E-01  6.426235E-01 -2.822086E-16 -2.609144E-03  1.102600E-02
       137   7  1.108150E-01  1.087149E-01  6.562411E-01  1.197248E-16 -1.792732E-03  1.102600E-02
       137   8  7.056483E-01  7.035483E-01  6.562411E-01 -8.551775E-17 -1.792732E-03  1.102600E-02
       138   1  6.967877E-01  7.214063E-01 -9.645255E-04 -2.137944E-16 -4.282107E-03 -1.770913E-03
       138   2  8.165044E-01  8.411230E-01 -9.645255E-04  1.419595E-15 -4.282107E-03 -1.770913E-03
       138   3  7.459293E-01  7.214063E-01  1.628406E-01  1.188697E-15 -7.468902E-03 -1.770913E-03
       138   4  8.656459E-01  8.411230E-01  1.628406E-01  3.369399E-15 -7.468902E-03 -1.770913E-03
       138   5  6.967877E-01  7.213107E-01 -1.283365E-03 -2.693809E-15 -4.282107E-03 -4.957708E-03
       138   6  8.165044E-01  8.410273E-01 -1.283365E-03  8.551775E-17 -4.282107E-03 -4.957708E-03
       138   7  7.459293E-01  7.213107E-01  1.625218E-01 -1.291318E-15 -7.468902E-03 -4.957708E-03
       138   8  8.656459E-01  8.410273E-01  1.625218E-01  1.180145E-15 -7.468902E-03 -4.957708E-03
       139   1  2.582471E-01  2.448060E-01  1.930638E+00 -6.123071E-15  1.160952E+00  2.426628E-03
       139   2  3.571290E-01  3.436879E-01  1.930638E+00 -8.192600E-15  1.160952E+00  2.426628E-03
       139   3  2.361656E-01  2.448060E-01  1.857033E+00 -3.489124E-15  1.159298E+00  2.426628E-03
       139   4  3.350475E-01  3.436879E-01  1.857033E+00 -6.362521E-15  1.159298E+00  2.426628E-03
       139   5  2.582471E-01  2.496067E-01  1.946641E+00 -3.420710E-16  1.160952E+00  7.728079E-04
       139   6  3.571290E-01  3.484886E-01  1.946641E+00 -1.641941E-15  1.160952E+00  7.728079E-04
       139   7  2.361656E-01  2.496067E-01  1.873036E+00 -1.915598E-15  1.159298E+00  7.728079E-04
       139   8  3.350475E-01  3.484886E-01  1.873036E+00 -2.736568E-16  1.159298E+00  7.728079E-04
       140   1  1.743207E-01  1.673517E-01  9.006449E-01 -3.745677E-15  5.205172E-01  2.936943E-03
       140   2  7.464591E-01  7.394901E-01  9.006449E-01 -4.104852E-15  5.205172E-01  2.936943E-03
       140   3  1.762038E-01  1.673517E-01  9.069220E-01 -3.300985E-15  5.256718E-01  2.936943E-03
       140   4  7.483422E-01  7.394901E-01  9.069220E-01 -2.804982E-15  5.256718E-01  2.936943E-03
       140   5  1.743207E-01  1.831728E-01  9.533820E-01 -5.131065E-17  5.205172E-01  8.091463E-03
       140   6  7.464591E-01  7.553112E-01  9.533820E-01  1.949805E-15  5.205172E-01  8.091463E-03
       140   7  1.762038E-01  1.831728E-01  9.596591E-01 -1.710355E-17  5.256718E-01  8.091463E-03
       140   8  7.483422E-01  7.553112E-01  9.596591E-01  1.624837E-15  5.256718E-01  8.091463E-03
       141   1  6.553424E-01  6.670754E-01  1.162490E-01 -8.295222E-16  8.226168E-01 -4.594832E-03
       141   2  7.498403E-01  7.615733E-01  1.162490E-01  8.081427E-16  8.226168E-01 -4.594832E-03
       141   3  6.871255E-01  6.670754E-01  2.221927E-01  7.440044E-16  8.252159E-01 -4.594832E-03
       141   4  7.816234E-01  7.615733E-01  2.221927E-01 -2.779327E-16  8.252159E-01 -4.594832E-03
       141   5  6.553424E-01  6.753925E-01  1.439729E-01 -2.659602E-15  8.226168E-01 -1.995692E-03
       141   6  7.498403E-01  7.698905E-01  1.439729E-01 -4.062093E-16  8.226168E-01 -1.995692E-03
       141   7  6.871255E-01  6.753925E-01  2.499166E-01  6.926938E-16  8.252159E-01 -1.995692E-03
       141   8  7.816234E-01  7.698905E-01  2.499166E-01 -1.240007E-16  8.252159E-01 -1.995692E-03
       142   1  3.870964E-02  9.124825E-02  1.066270E+00 -5.473136E-16  2.667324E+00 -6.721048E-03
       142   2  1.670163E-01  2.195549E-01  1.066270E+00 -4.600855E-15  2.667324E+00 -6.721048E-03
       142   3  3.073795E-02  9.124825E-02  1.039698E+00 -1.641941E-15  2.672445E+00 -6.721048E-03
       142   4  1.590446E-01  2.195549E-01  1.039698E+00 -5.763896E-15  2.672445E+00 -6.721048E-03
       142   5  3.870964E-02 -2.180066E-02  6.894405E-01 -5.473136E-16  2.667324E+00 -1.600391E-03
       142   6  1.670163E-01  1.065060E-01  6.894405E-01  2.069530E-15  2.667324E+00 -1.600391E-03
       142   7  3.073795E-02 -2.180066E-02  6.628682E-01  2.394497E-15  2.672445E+00 -1.600391E-03
       142   8  1.590446E-01  1.065060E-01  6.628682E-01  5.148169E-15  2.672445E+00 -1.600391E-03
       143   1  9.254718E-02  7.509837E-02  3.165032E-01  3.249674E-16  9.955180E-01 -1.262529E-03
       143   2  3.410006E-01  3.235518E-01  3.165032E-01 -5.986242E-17  9.955180E-01 -1.262529E-03
       143   3  9.423965E-02  7.509837E-02  3.221448E-01  4.275887E-16  1.002646E+00 -1.262529E-03
       143   4  3.426931E-01  3.235518E-01  3.221448E-01  5.729689E-16  1.002646E+00 -1.262529E-03
       143   5  9.254718E-02  1.116885E-01  4.384701E-01  6.670384E-16  9.955180E-01  5.865490E-03
       143   6  3.410006E-01  3.601419E-01  4.384701E-01  6.926938E-16  9.955180E-01  5.865490E-03
       143   7  9.423965E-02  1.116885E-01  4.441117E-01 -4.617958E-16  1.002646E+00  5.865490E-03
       143   8  3.426931E-01  3.601419E-01  4.441117E-01  6.413831E-16  1.002646E+00  5.865490E-03
       144   1  2.932927E-01  3.031099E-01  4.055323E-03 -2.362428E-16  1.362625E+00 -1.621227E-03
       144   2  3.669395E-01  3.767567E-01  4.055323E-03  5.879345E-17  1.362625E+00 -1.621227E-03
       144   3  3.027961E-01  3.031099E-01  3.573321E-02  3.837609E-16  1.365644E+00 -1.621227E-03
       144   4  3.764428E-01  3.767567E-01  3.573321E-02  5.676241E-16  1.365644E+00 -1.621227E-03
       144   5  2.932927E-01  2.929789E-01 -2.971489E-02  7.792805E-16  1.362625E+00  1.397932E-03
       144   6  3.669395E-01  3.666256E-01 -2.971489E-02  1.566044E-15  1.362625E+00  1.397932E-03
       144   7  3.027961E-01  2.929789E-01  1.962994E-03  1.501905E-15  1.365644E+00  1.397932E-03
       144   8  3.764428E-01  3.666256E-01  1.962994E-03  1.416388E-15  1.365644E+00  1.397932E-03
       145   1 -1.359905E+00 -1.308413E+00 -3.492026E+00 -4.207473E-15  1.853149E+00  4.361491E-03
       145   2 -1.066762E+00 -1.015271E+00 -3.492026E+00 -3.933816E-15  1.853149E+00  4.361491E-03
       145   3 -1.350745E+00 -1.308413E+00 -3.461494E+00 -6.465142E-15  1.854804E+00  4.361491E-03
       145   4 -1.057602E+00 -1.015271E+00 -3.461494E+00 -4.823201E-15  1.854804E+00  4.361491E-03
       145   5 -1.359905E+00 -1.402236E+00 -3.804768E+00 -2.018219E-15  1.853149E+00  6.016292E-03
       145   6 -1.066762E+00 -1.109093E+00 -3.804768E+00 -3.386503E-15  1.853149E+00  6.016292E-03
       145   7 -1.350745E+00 -1.402236E+00 -3.774236E+00 -1.084365E-14  1.854804E+00  6.016292E-03
       145   8 -1.057602E+00 -1.109093E+00 -3.774236E+00 -1.812976E-15  1.854804E+00  6.016292E-03
       146   1 -1.858644E-01 -2.023003E-01 -1.639405E+00 -2.257669E-15  4.082744E-01 -8.665540E-03
       146   2 -4.811713E-01 -4.976072E-01 -1.639405E+00  6.157278E-16  4.082744E-01 -8.665540E-03
       146   3 -1.867522E-01 -2.023003E-01 -1.642364E+00 -2.086633E-15  4.144839E-01 -8.665540E-03
       146   4 -4.820591E-01 -4.976072E-01 -1.642364E+00  2.839189E-15  4.144839E-01 -8.665540E-03
       146   5 -1.858644E-01 -1.703163E-01 -1.532791E+00 -7.491355E-15  4.082744E-01 -2.456024E-03
       146   6 -4.811713E-01 -4.656231E-01 -1.532791E+00 -2.633947E-15  4.082744E-01 -2.456024E-03
       146   7 -1.867522E-01 -1.703163E-01 -1.535750E+00 -6.088864E-15  4.144839E-01 -2.456024E-03
       146   8 -4.820591E-01 -4.656231E-01 -1.535750E+00 -8.893846E-16  4.144839E-01 -2.456024E-03
       147   1 -1.657142E-01 -1.706224E-01 -6.126807E-01 -2.223461E-16  7.023694E-01  5.336286E-04
       147   2 -1.492573E-01 -1.541655E-01 -6.126807E-01  4.624372E-15  7.023694E-01  5.336286E-04
       147   3 -1.730992E-01 -1.706224E-01 -6.372973E-01 -4.104852E-16  7.067078E-01  5.336286E-04
       147   4 -1.566423E-01 -1.541655E-01 -6.372973E-01  3.251812E-15  7.067078E-01  5.336286E-04
       147   5 -1.657142E-01 -1.681910E-01 -6.045759E-01  1.402491E-15  7.023694E-01  4.872025E-03
       147   6 -1.492573E-01 -1.517341E-01 -6.045759E-01  4.239542E-15  7.023694E-01  4.872025E-03
       147   7 -1.730992E-01 -1.681910E-01 -6.291926E-01  2.445808E-15  7.067078E-01  4.872025E-03
       147   8 -1.566423E-01 -1.517341E-01 -6.291926E-01  3.328778E-15  7.067078E-01  4.872025E-03
       148   1 -8.957008E-02 -1.598485E-01 -4.548584E-01  4.558096E-15 -1.614922E-01  2.124381E-04
       148   2 -1.427160E-01 -2.129945E-01 -4.548584E-01 -2.283324E-15 -1.614922E-01  2.124381E-04
       148   3 -6.845830E-02 -1.598485E-01 -3.844858E-01  3.566090E-15 -1.610669E-01  2.124381E-04
       148   4 -1.216043E-01 -2.129945E-01 -3.844858E-01 -2.454359E-15 -1.610669E-01  2.124381E-04
       148   5 -8.957008E-02  1.820119E-03  8.403700E-02  1.093772E-14 -1.614922E-01  6.377037E-04
       148   6 -1.427160E-01 -5.132583E-02  8.403700E-02  1.086075E-15 -1.614922E-01  6.377037E-04
       148   7 -6.845830E-02  1.820119E-03  1.544096E-01  9.945714E-15 -1.610669E-01  6.377037E-04
       148   8 -1.216043E-01 -5.132583E-02  1.544096E-01  2.009667E-15 -1.610669E-01  6.377037E-04
       149   1 -1.261819E-01 -1.254009E-01 -8.728242E-02  1.821528E-15 -2.762522E-02 -1.890984E-03
       149   2 -1.241562E-01 -1.233751E-01 -8.728242E-02 -4.297267E-16 -2.762522E-02 -1.890984E-03
       149   3 -1.274418E-01 -1.254009E-01 -9.148188E-02 -2.745120E-15 -2.312980E-02 -1.890984E-03
       149   4 -1.254160E-01 -1.233751E-01 -9.148188E-02 -4.168990E-16 -2.312980E-02 -1.890984E-03
       149   5 -1.261819E-01 -1.282228E-01 -9.668882E-02 -1.633389E-15 -2.762522E-02  2.604437E-03
       149   6 -1.241562E-01 -1.261971E-01 -9.668882E-02  8.273842E-16 -2.762522E-02  2.604437E-03
       149   7 -1.274418E-01 -1.282228E-01 -1.008883E-01 -4.558096E-15 -2.312980E-02  2.604437E-03
       149   8 -1.254160E-01 -1.261971E-01 -1.008883E-01  2.003253E-15 -2.312980E-02  2.604437E-03
       150   1 -5.687527E-02 -7.806504E-02  2.464824E-02  1.427077E-15  4.512454E-02  3.157847E-03
       150   2 -1.116414E-02 -3.235392E-02  2.464824E-02  2.163599E-15  4.512454E-02  3.157847E-03
       150   3 -8.995728E-02 -7.806504E-02 -8.562514E-02  1.924149E-16  4.107171E-02  3.157847E-03
       150   4 -4.424616E-02 -3.235392E-02 -8.562514E-02  9.107640E-16  4.107171E-02  3.157847E-03
       150   5 -5.687527E-02 -6.876751E-02  5.564001E-02 -6.029001E-16  4.512454E-02 -8.949864E-04
       150   6 -1.116414E-02 -2.305639E-02  5.564001E-02  3.548987E-16  4.512454E-02 -8.949864E-04
       150   7 -8.995728E-02 -6.876751E-02 -5.463337E-02 -4.008645E-16  4.107171E-02 -8.949864E-04
       150   8 -4.424616E-02 -2.305639E-02 -5.463337E-02 -1.907046E-15  4.107171E-02 -8.949864E-04
       151   1 -7.858056E-02 -1.819030E-03 -7.764247E-02 -3.581467E-02  3.831195E-15 -2.215606E-02
       151   2 -1.022857E-02 -1.819030E-03 -9.290481E-03 -3.581467E-02  3.147053E-15 -2.215606E-02
       151   3 -7.858056E-02 -7.400063E-03 -7.931678E-02 -3.581467E-02  5.473136E-15  6.023032E-02
       151   4 -1.022857E-02 -7.400063E-03 -1.096479E-02 -3.581467E-02  2.257669E-15  6.023032E-02
       151   5 -7.837870E-02 -1.146141E-03 -7.764247E-02  2.216093E-02  5.473136E-16 -2.215606E-02
       151   6 -1.002670E-02 -1.146141E-03 -9.290481E-03  2.216093E-02  3.352296E-15 -2.215606E-02
       151   7 -7.837870E-02 -6.727173E-03 -7.931678E-02  2.216093E-02  5.473136E-16  6.023032E-02
       151   8 -1.002670E-02 -6.727173E-03 -1.096479E-02  2.216093E-02  6.841420E-17  6.023032E-02
       152   1 -2.737114E-02  4.598575E-04 -2.689167E-02  1.186319E-02  2.736568E-15  1.516974E-02
       152   2 -8.116414E-03  4.598575E-04 -7.636943E-03  1.186319E-02  1.751404E-14  1.516974E-02
       152   3 -2.737114E-02 -7.581901E-04 -2.725708E-02  1.186319E-02  1.094627E-15  7.683408E-03
       152   4 -8.116414E-03 -7.581901E-04 -8.002358E-03  1.186319E-02  1.368284E-14  7.683408E-03
       152   5 -2.677761E-02  2.438278E-03 -2.689167E-02  6.595032E-03 -5.473136E-15  1.516974E-02
       152   6 -7.522887E-03  2.438278E-03 -7.636943E-03  6.595032E-03  4.378509E-15  1.516974E-02
       152   7 -2.677761E-02  1.220231E-03 -2.725708E-02  6.595032E-03 -3.283882E-15  7.683408E-03
       152   8 -7.522887E-03  1.220231E-03 -8.002358E-03  6.595032E-03  2.025060E-14  7.683408E-03
       153   1  1.330459E-01  7.652215E-02  1.322753E-01  1.558063E-02  2.052426E-15  7.225971E-02
       153   2  1.271360E-01  7.652215E-02  1.263654E-01  1.558063E-02 -3.831195E-15  7.225971E-02
       153   3  1.330459E-01  8.052080E-02  1.334749E-01  1.558063E-02  0.000000E+00 -5.263982E-02
       153   4  1.271360E-01  8.052080E-02  1.275650E-01  1.558063E-02 -3.283882E-15 -5.263982E-02
       153   5  1.327043E-01  7.538340E-02  1.322753E-01 -7.231163E-02  8.209704E-16  7.225971E-02
       153   6  1.267944E-01  7.538340E-02  1.263654E-01 -7.231163E-02 -3.831195E-15  7.225971E-02
       153   7  1.327043E-01  7.938205E-02  1.334749E-01 -7.231163E-02 -9.577988E-16 -5.263982E-02
       153   8  1.267944E-01  7.938205E-02  1.275650E-01 -7.231163E-02 -3.283882E-15 -5.263982E-02
       154   1  6.670758E-02  8.604650E-04  6.707618E-02  3.125590E-02  9.851645E-15  1.472342E-02
       154   2  1.073172E-01  8.604650E-04  1.076858E-01  3.125590E-02  1.477747E-14  1.472342E-02
       154   3  6.670758E-02 -3.285075E-03  6.583252E-02  3.125590E-02  4.378509E-15 -8.529710E-03
       154   4  1.073172E-01 -3.285075E-03  1.064421E-01  3.125590E-02  1.149359E-14 -8.529710E-03
       154   5  6.620113E-02 -8.277221E-04  6.707618E-02  1.489258E-02  1.149359E-14  1.472342E-02
       154   6  1.068107E-01 -8.277221E-04  1.076858E-01  1.489258E-02  4.925822E-15  1.472342E-02
       154   7  6.620113E-02 -4.973262E-03  6.583252E-02  1.489258E-02 -5.473136E-16 -8.529710E-03
       154   8  1.068107E-01 -4.973262E-03  1.064421E-01  1.489258E-02 -6.020450E-15 -8.529710E-03
       155   1 -2.621808E-01 -1.003541E-02 -2.632606E-01 -3.255260E-02 -4.706897E-14 -6.225255E-02
       155   2 -3.545501E-01 -1.003541E-02 -3.556299E-01 -3.255260E-02 -1.970329E-14 -6.225255E-02
       155   3 -2.621808E-01  1.721504E-03 -2.597335E-01 -3.255260E-02 -4.487971E-14 -3.271327E-03
       155   4 -3.545501E-01  1.721504E-03 -3.521028E-01 -3.255260E-02 -1.532478E-14 -3.271327E-03
       155   5 -2.608133E-01 -5.477113E-03 -2.632606E-01  8.952703E-03 -4.925822E-14 -6.225255E-02
       155   6 -3.531826E-01 -5.477113E-03 -3.556299E-01  8.952703E-03 -1.641941E-14 -6.225255E-02
       155   7 -2.608133E-01  6.279803E-03 -2.597335E-01  8.952703E-03 -4.925822E-14 -3.271327E-03
       155   8 -3.531826E-01  6.279803E-03 -3.521028E-01  8.952703E-03 -1.204090E-14 -3.271327E-03
       156   1  3.147366E-01  9.190003E-04  3.172107E-01  1.440547E-02 -3.831195E-15 -7.114776E-03
       156   2  3.781565E-01  9.190003E-04  3.806306E-01  1.440547E-02 -9.851645E-15 -7.114776E-03
       156   3  3.147366E-01 -8.464331E-03  3.143957E-01  1.440547E-02 -1.806135E-14 -7.645396E-03
       156   4  3.781565E-01 -8.464331E-03  3.778156E-01  1.440547E-02  1.204090E-14 -7.645396E-03
       156   5  3.168697E-01  8.029300E-03  3.172107E-01  1.403207E-02 -1.477747E-14 -7.114776E-03
       156   6  3.802896E-01  8.029300E-03  3.806306E-01  1.403207E-02 -1.313553E-14 -7.114776E-03
       156   7  3.168697E-01 -1.354031E-03  3.143957E-01  1.403207E-02 -2.462911E-14 -7.645396E-03
       156   8  3.802896E-01 -1.354031E-03  3.778156E-01  1.403207E-02  1.696672E-14 -7.645396E-03
       157   1 -6.120673E-01 -1.485172E-02 -6.108977E-01  6.559907E-03 -2.326083E-15  2.573802E-02
       157   2 -6.069703E-01 -1.485172E-02 -6.058006E-01  6.559907E-03  1.614575E-14  2.573802E-02
       157   3 -6.120673E-01 -1.264201E-02 -6.102347E-01  6.559907E-03 -2.326083E-15 -3.696230E-03
       157   4 -6.069703E-01 -1.264201E-02 -6.051377E-01  6.559907E-03 -1.368284E-15 -3.696230E-03
       157   5 -6.090651E-01 -4.844117E-03 -6.108977E-01 -1.415309E-02  1.231456E-15  2.573802E-02
       157   6 -6.039680E-01 -4.844117E-03 -6.058006E-01 -1.415309E-02  1.915598E-15  2.573802E-02
       157   7 -6.090651E-01 -2.634407E-03 -6.102347E-01 -1.415309E-02  2.476594E-14 -3.696230E-03
       157   8 -6.039680E-01 -2.634407E-03 -6.051377E-01 -1.415309E-02 -5.746793E-15 -3.696230E-03
       158   1  6.556269E-01 -3.222756E-03  6.591601E-01  4.848798E-03 -1.669306E-14 -1.471179E-03
       158   2  7.049519E-01 -3.222756E-03  7.084850E-01  4.848798E-03  8.209704E-15 -1.471179E-03
       158   3  6.556269E-01 -1.000577E-02  6.571252E-01  4.848798E-03 -2.107157E-14 -5.122931E-03
       158   4  7.049519E-01 -1.000577E-02  7.064501E-01  4.848798E-03  1.614575E-14 -5.122931E-03
       158   5  6.606583E-01  1.354837E-02  6.591601E-01  2.279046E-03 -1.915598E-15 -1.471179E-03
       158   6  7.099832E-01  1.354837E-02  7.084850E-01  2.279046E-03  9.304331E-15 -1.471179E-03
       158   7  6.606583E-01  6.765350E-03  6.571252E-01  2.279046E-03 -6.294106E-15 -5.122931E-03
       158   8  7.099832E-01  6.765350E-03  7.064501E-01  2.279046E-03  2.107157E-14 -5.122931E-03
       159   1 -5.739513E-01  2.724201E-03 -5.721965E-01 -8.911077E-03 -4.652166E-15 -2.201527E-02
       159   2 -6.144723E-01  2.724201E-03 -6.127175E-01 -8.911077E-03  1.641941E-14 -2.201527E-02
       159   3 -5.739513E-01  1.371733E-03 -5.726023E-01 -8.911077E-03 -1.696672E-14 -3.786043E-03
       159   4 -6.144723E-01  1.371733E-03 -6.131232E-01 -8.911077E-03  1.368284E-14 -3.786043E-03
       159   5 -5.708475E-01  1.307040E-02 -5.721965E-01  3.916893E-03  2.900762E-14 -2.201527E-02
       159   6 -6.113684E-01  1.307040E-02 -6.127175E-01  3.916893E-03  7.115077E-15 -2.201527E-02
       159   7 -5.708475E-01  1.171793E-02 -5.726023E-01  3.916893E-03  2.462911E-15 -3.786043E-03
       159   8 -6.113684E-01  1.171793E-02 -6.131232E-01  3.916893E-03 -2.380814E-14 -3.786043E-03
       160   1  8.065481E-01 -8.180423E-03  8.091402E-01 -6.950314E-05 -1.515375E-14 -7.822480E-03
       160   2  8.367466E-01 -8.180423E-03  8.393387E-01 -6.950314E-05 -5.148169E-15 -7.822480E-03
       160   3  8.065481E-01 -8.467704E-03  8.090540E-01 -6.950314E-05 -1.816397E-14 -9.138013E-04
       160   4  8.367466E-01 -8.467704E-03  8.392525E-01 -6.950314E-05  5.900725E-15 -9.138013E-04
       160   5  8.116461E-01  8.812971E-03  8.091402E-01  4.792160E-03  5.575757E-15 -7.822480E-03
       160   6  8.418446E-01  8.812971E-03  8.393387E-01  4.792160E-03 -9.321435E-15 -7.822480E-03
       160   7  8.116461E-01  8.525689E-03  8.090540E-01  4.792160E-03  9.680609E-15 -9.138013E-04
       160   8  8.418446E-01  8.525689E-03  8.392525E-01  4.792160E-03  2.001115E-15 -9.138013E-04
       161   1 -6.002369E-01 -6.188215E-03 -5.987767E-01  6.246997E-03  1.641941E-14  3.523929E-03
       161   2 -6.043230E-01 -6.188215E-03 -6.028628E-01  6.246997E-03  1.696672E-14  3.523929E-03
       161   3 -6.002369E-01 -5.227477E-03 -5.984885E-01  6.246997E-03  2.517643E-14 -8.312714E-04
       161   4 -6.043230E-01 -5.227477E-03 -6.025746E-01  6.246997E-03  3.502807E-14 -8.312714E-04
       161   5 -5.970283E-01  4.507348E-03 -5.987767E-01  3.182226E-03  6.020450E-15  3.523929E-03
       161   6 -6.011143E-01  4.507348E-03 -6.028628E-01  3.182226E-03  5.746793E-15  3.523929E-03
       161   7 -5.970283E-01  5.468086E-03 -5.984885E-01  3.182226E-03  2.353448E-14 -8.312714E-04
       161   8 -6.011143E-01  5.468086E-03 -6.025746E-01  3.182226E-03  1.258821E-14 -8.312714E-04
       162   1  6.983047E-01 -9.899035E-03  6.999356E-01 -4.215094E-03  2.681837E-14 -3.441450E-03
       162   2  7.141894E-01 -9.899035E-03  7.158203E-01 -4.215094E-03  9.577988E-15 -3.441450E-03
       162   3  6.983047E-01 -3.830264E-03  7.017562E-01 -4.215094E-03 -2.189254E-15 -2.694511E-03
       162   4  7.141894E-01 -3.830264E-03  7.176409E-01 -4.215094E-03 -1.641941E-15 -2.694511E-03
       162   5  7.033872E-01  7.042714E-03  6.999356E-01 -3.689471E-03  2.298717E-14 -3.441450E-03
       162   6  7.192719E-01  7.042714E-03  7.158203E-01 -3.689471E-03 -1.641941E-15 -3.441450E-03
       162   7  7.033872E-01  1.311148E-02  7.017562E-01 -3.689471E-03  1.806135E-14 -2.694511E-03
       162   8  7.192719E-01  1.311148E-02  7.176409E-01 -3.689471E-03  8.757018E-15 -2.694511E-03
       163   1 -3.742824E-01 -1.321822E-02 -3.711575E-01  2.111867E-03  5.473136E-15 -8.320030E-03
       163   2 -3.863764E-01 -1.321822E-02 -3.832515E-01  2.111867E-03  3.010225E-14 -8.320030E-03
       163   3 -3.742824E-01 -2.652886E-02 -3.751507E-01  2.111867E-03  1.094627E-14  1.605116E-03
       163   4 -3.863764E-01 -2.652886E-02 -3.872447E-01  2.111867E-03  2.025060E-14  1.605116E-03
       163   5 -3.720258E-01 -5.696478E-03 -3.711575E-01  9.096229E-03  2.189254E-14 -8.320030E-03
       163   6 -3.841198E-01 -5.696478E-03 -3.832515E-01  9.096229E-03  2.517643E-14 -8.320030E-03
       163   7 -3.720258E-01 -1.900711E-02 -3.751507E-01  9.096229E-03  3.283882E-14  1.605116E-03
       163   8 -3.841198E-01 -1.900711E-02 -3.872447E-01  9.096229E-03  9.851645E-15  1.605116E-03
       164   1  3.856515E-01 -8.292985E-03  3.854850E-01 -8.518622E-03  1.204090E-14 -4.105568E-03
       164   2  3.934726E-01 -8.292985E-03  3.933061E-01 -8.518622E-03  1.368284E-14 -4.105568E-03
       164   3  3.856515E-01  1.050332E-03  3.882880E-01 -8.518622E-03  2.134523E-14  3.016463E-03
       164   4  3.934726E-01  1.050332E-03  3.961091E-01 -8.518622E-03  2.298717E-14  3.016463E-03
       164   5  3.881215E-01 -5.967305E-05  3.854850E-01 -3.506822E-03  1.860866E-14 -4.105568E-03
       164   6  3.959426E-01 -5.967305E-05  3.933061E-01 -3.506822E-03  1.204090E-14 -4.105568E-03
       164   7  3.881215E-01  9.283644E-03  3.882880E-01 -3.506822E-03  2.681837E-14  3.016463E-03
       164   8  3.959426E-01  9.283644E-03  3.961091E-01 -3.506822E-03  8.209704E-15  3.016463E-03
       165   1  9.652240E-02  2.439663E-02  9.787330E-02  4.934912E-03  1.039896E-14  3.456898E-03
       165   2  1.014695E-01  2.439663E-02  1.028204E-01  4.934912E-03  2.134523E-14  3.456898E-03
       165   3  9.652240E-02  1.654212E-02  9.551695E-02  4.934912E-03  1.423015E-14  4.894449E-03
       165   4  1.014695E-01  1.654212E-02  1.004641E-01  4.934912E-03  9.851645E-15  4.894449E-03
       165   5  9.686786E-02  2.554817E-02  9.787330E-02  5.946522E-03  5.473136E-15  3.456898E-03
       165   6  1.018150E-01  2.554817E-02  1.028204E-01  5.946522E-03  1.039896E-14  3.456898E-03
       165   7  9.686786E-02  1.769366E-02  9.551695E-02  5.946522E-03  1.806135E-14  4.894449E-03
       165   8  1.018150E-01  1.769366E-02  1.004641E-01  5.946522E-03  1.641941E-15  4.894449E-03
       166   1  1.199346E-01 -3.234739E-03  1.186819E-01 -5.311241E-03  1.039896E-14  4.757929E-04
       166   2  1.189227E-01 -3.234739E-03  1.176701E-01 -5.311241E-03  1.368284E-14  4.757929E-04
       166   3  1.199346E-01  1.381614E-03  1.200669E-01 -5.311241E-03  1.094627E-14  1.997873E-03
       166   4  1.189227E-01  1.381614E-03  1.190550E-01 -5.311241E-03  5.473136E-15  1.997873E-03
       166   5  1.188142E-01 -6.969139E-03  1.186819E-01 -4.240147E-03  1.094627E-14  4.757929E-04
       166   6  1.178024E-01 -6.969139E-03  1.176701E-01 -4.240147E-03  1.313553E-14  4.757929E-04
       166   7  1.188142E-01 -2.352787E-03  1.200669E-01 -4.240147E-03  1.423015E-14  1.997873E-03
       166   8  1.178024E-01 -2.352787E-03  1.190550E-01 -4.240147E-03  9.304331E-15  1.997873E-03
       167   1  4.693789E-03 -1.377160E-02  3.670599E-03  7.671592E-04 -9.526677E-15  1.902220E-03
       167   2  2.135707E-03 -1.377160E-02  1.112516E-03  7.671592E-04  8.808328E-16  1.902220E-03
       167   3  4.693789E-03 -4.009129E-03  6.599340E-03  7.671592E-04  6.105967E-15  4.341935E-03
       167   4  2.135707E-03 -4.009129E-03  4.041257E-03  7.671592E-04  3.087191E-15  4.341935E-03
       167   5  5.576149E-03 -1.083040E-02  3.670599E-03  2.483996E-03 -1.048448E-14  1.902220E-03
       167   6  3.018066E-03 -1.083040E-02  1.112516E-03  2.483996E-03 -1.841197E-14  1.902220E-03
       167   7  5.576149E-03 -1.067930E-03  6.599340E-03  2.483996E-03  1.062130E-14  4.341935E-03
       167   8  3.018066E-03 -1.067930E-03  4.041257E-03  2.483996E-03 -6.901282E-15  4.341935E-03
       168   1 -6.307218E-03 -3.466244E-04 -6.468416E-03 -3.416704E-03 -5.473136E-15  5.253493E-04
       168   2 -4.809766E-03 -3.466244E-04 -4.970964E-03 -3.416704E-03  8.209704E-15  5.253493E-04
       168   3 -6.307218E-03  1.463733E-03 -5.925309E-03 -3.416704E-03 -1.094627E-15  5.104225E-03
       168   4 -4.809766E-03  1.463733E-03 -4.427857E-03 -3.416704E-03  4.378509E-15  5.104225E-03
       168   5 -6.086508E-03  3.890754E-04 -6.468416E-03 -1.945318E-04  1.094627E-15  5.253493E-04
       168   6 -4.589056E-03  3.890754E-04 -4.970964E-03 -1.945318E-04 -5.473136E-15  5.253493E-04
       168   7 -6.086508E-03  2.199433E-03 -5.925309E-03 -1.945318E-04  6.567763E-15  5.104225E-03
       168   8 -4.589056E-03  2.199433E-03 -4.427857E-03 -1.945318E-04 -2.736568E-15  5.104225E-03
