manufacturing_uid,asset_id,line,asset_type,resource_pool,resource_lane,start_hour,end_hour,test_path,test_start_hour,test_end_hour
baghdad:BAG-SYS-001:sys-00-baseline-freeze,BAG-SYS-001,,system,project controls,1,0,40,,,
baghdad:BAG-TRK-L1-001:trk-10-survey-utility,BAG-TRK-L1-001,line-1,track-section,corridor civil crew,1,40,72,,,
baghdad:BAG-TRK-L1-002:trk-10-survey-utility,BAG-TRK-L1-002,line-1,track-section,corridor civil crew,2,40,72,,,
baghdad:BAG-TRK-L1-001:trk-20-subgrade-drainage,BAG-TRK-L1-001,line-1,track-section,corridor civil crew,1,72,216,,,
baghdad:BAG-TRK-L1-002:trk-20-subgrade-drainage,BAG-TRK-L1-002,line-1,track-section,corridor civil crew,2,72,216,,,
baghdad:BAG-TRK-L1-003:trk-10-survey-utility,BAG-TRK-L1-003,line-1,track-section,corridor civil crew,1,216,248,,,
baghdad:BAG-TRK-L1-004:trk-10-survey-utility,BAG-TRK-L1-004,line-1,track-section,corridor civil crew,2,216,248,,,
baghdad:BAG-TRK-L1-003:trk-20-subgrade-drainage,BAG-TRK-L1-003,line-1,track-section,corridor civil crew,1,248,392,,,
baghdad:BAG-TRK-L1-004:trk-20-subgrade-drainage,BAG-TRK-L1-004,line-1,track-section,corridor civil crew,2,248,392,,,
baghdad:BAG-TRK-L1-005:trk-10-survey-utility,BAG-TRK-L1-005,line-1,track-section,corridor civil crew,1,392,424,,,
baghdad:BAG-TRK-L1-006:trk-10-survey-utility,BAG-TRK-L1-006,line-1,track-section,corridor civil crew,2,392,408,,,
baghdad:BAG-TRK-L1-006:trk-20-subgrade-drainage,BAG-TRK-L1-006,line-1,track-section,corridor civil crew,2,408,472,,,
baghdad:BAG-TRK-L1-005:trk-20-subgrade-drainage,BAG-TRK-L1-005,line-1,track-section,corridor civil crew,1,424,552,,,
baghdad:BAG-TRK-L1-007:trk-10-survey-utility,BAG-TRK-L1-007,line-1,track-section,corridor civil crew,2,472,488,,,
baghdad:BAG-TRK-L1-007:trk-20-subgrade-drainage,BAG-TRK-L1-007,line-1,track-section,corridor civil crew,2,488,568,,,
baghdad:BAG-TRK-L1-008:trk-10-survey-utility,BAG-TRK-L1-008,line-1,track-section,corridor civil crew,1,552,576,,,
baghdad:BAG-TRK-L1-009:trk-10-survey-utility,BAG-TRK-L1-009,line-1,track-section,corridor civil crew,2,568,584,,,
baghdad:BAG-TRK-L1-008:trk-20-subgrade-drainage,BAG-TRK-L1-008,line-1,track-section,corridor civil crew,1,576,688,,,
baghdad:BAG-TRK-L1-009:trk-20-subgrade-drainage,BAG-TRK-L1-009,line-1,track-section,corridor civil crew,2,584,648,,,
baghdad:BAG-TRK-L1-010:trk-10-survey-utility,BAG-TRK-L1-010,line-1,track-section,corridor civil crew,2,648,664,,,
baghdad:BAG-TRK-L1-010:trk-20-subgrade-drainage,BAG-TRK-L1-010,line-1,track-section,corridor civil crew,2,664,720,,,
baghdad:BAG-TRK-L1-011:trk-10-survey-utility,BAG-TRK-L1-011,line-1,track-section,corridor civil crew,1,688,720,,,
baghdad:BAG-TRK-L1-011:trk-20-subgrade-drainage,BAG-TRK-L1-011,line-1,track-section,corridor civil crew,1,720,848,,,
baghdad:BAG-TRK-L1-012:trk-10-survey-utility,BAG-TRK-L1-012,line-1,track-section,corridor civil crew,2,720,752,,,
baghdad:BAG-TRK-L1-012:trk-20-subgrade-drainage,BAG-TRK-L1-012,line-1,track-section,corridor civil crew,2,752,880,,,
baghdad:BAG-TRK-L1-013:trk-10-survey-utility,BAG-TRK-L1-013,line-1,track-section,corridor civil crew,1,848,880,,,
baghdad:BAG-TRK-L1-013:trk-20-subgrade-drainage,BAG-TRK-L1-013,line-1,track-section,corridor civil crew,1,880,1008,,,
baghdad:BAG-TRK-L1-014:trk-10-survey-utility,BAG-TRK-L1-014,line-1,track-section,corridor civil crew,2,880,912,,,
baghdad:BAG-TRK-L1-014:trk-20-subgrade-drainage,BAG-TRK-L1-014,line-1,track-section,corridor civil crew,2,912,1040,,,
baghdad:BAG-TRK-L1-015:trk-10-survey-utility,BAG-TRK-L1-015,line-1,track-section,corridor civil crew,1,1008,1024,,,
baghdad:BAG-TRK-L1-015:trk-20-subgrade-drainage,BAG-TRK-L1-015,line-1,track-section,corridor civil crew,1,1024,1088,,,
baghdad:BAG-TRK-L1-016:trk-10-survey-utility,BAG-TRK-L1-016,line-1,track-section,corridor civil crew,2,1040,1048,,,
baghdad:BAG-TRK-L1-016:trk-20-subgrade-drainage,BAG-TRK-L1-016,line-1,track-section,corridor civil crew,2,1048,1088,,,
baghdad:BAG-TRK-L1-017:trk-10-survey-utility,BAG-TRK-L1-017,line-1,track-section,corridor civil crew,1,1088,1120,,,
baghdad:BAG-TRK-L1-018:trk-10-survey-utility,BAG-TRK-L1-018,line-1,track-section,corridor civil crew,2,1088,1112,,,
baghdad:BAG-TRK-L1-018:trk-20-subgrade-drainage,BAG-TRK-L1-018,line-1,track-section,corridor civil crew,2,1112,1216,,,
baghdad:BAG-TRK-L1-017:trk-20-subgrade-drainage,BAG-TRK-L1-017,line-1,track-section,corridor civil crew,1,1120,1264,,,
baghdad:BAG-TRK-L1-019:trk-10-survey-utility,BAG-TRK-L1-019,line-1,track-section,corridor civil crew,2,1216,1240,,,
baghdad:BAG-TRK-L1-019:trk-20-subgrade-drainage,BAG-TRK-L1-019,line-1,track-section,corridor civil crew,2,1240,1344,,,
baghdad:BAG-TRK-L2-001:trk-10-survey-utility,BAG-TRK-L2-001,line-2,track-section,corridor civil crew,1,1264,1296,,,
baghdad:BAG-TRK-L2-001:trk-20-subgrade-drainage,BAG-TRK-L2-001,line-2,track-section,corridor civil crew,1,1296,1440,,,
baghdad:BAG-TRK-L2-002:trk-10-survey-utility,BAG-TRK-L2-002,line-2,track-section,corridor civil crew,2,1344,1376,,,
baghdad:BAG-TRK-L2-002:trk-20-subgrade-drainage,BAG-TRK-L2-002,line-2,track-section,corridor civil crew,2,1376,1520,,,
baghdad:BAG-TRK-L2-003:trk-10-survey-utility,BAG-TRK-L2-003,line-2,track-section,corridor civil crew,1,1440,1488,,,
baghdad:BAG-ST-001:st-10-civil-structure,BAG-ST-001,line-1,station,station civil crew,1,72,184,,,
baghdad:BAG-TRK-L2-003:trk-20-subgrade-drainage,BAG-TRK-L2-003,line-2,track-section,corridor civil crew,1,1488,1720,,,
baghdad:BAG-TRK-L2-004:trk-10-survey-utility,BAG-TRK-L2-004,line-2,track-section,corridor civil crew,2,1520,1560,,,
baghdad:BAG-TRK-L2-004:trk-20-subgrade-drainage,BAG-TRK-L2-004,line-2,track-section,corridor civil crew,2,1560,1744,,,
baghdad:BAG-ST-003:st-10-civil-structure,BAG-ST-003,line-1,station,station civil crew,1,184,296,,,
baghdad:BAG-ST-005:st-10-civil-structure,BAG-ST-005,line-1,station,station civil crew,1,296,408,,,
baghdad:BAG-SW-001:sw-10-turnout-build,BAG-SW-001,line-1,switch,track/switch crew,1,40,80,,,
baghdad:BAG-TRK-L2-005:trk-10-survey-utility,BAG-TRK-L2-005,line-2,track-section,corridor civil crew,1,1720,1736,,,
baghdad:BAG-TRK-L2-005:trk-20-subgrade-drainage,BAG-TRK-L2-005,line-2,track-section,corridor civil crew,1,1736,1808,,,
baghdad:BAG-TRK-L2-006:trk-10-survey-utility,BAG-TRK-L2-006,line-2,track-section,corridor civil crew,2,1744,1760,,,
baghdad:BAG-SW-003:sw-10-turnout-build,BAG-SW-003,line-2,switch,track/switch crew,1,80,120,,,
baghdad:BAG-TRK-L2-006:trk-20-subgrade-drainage,BAG-TRK-L2-006,line-2,track-section,corridor civil crew,2,1760,1816,,,
baghdad:BAG-SW-002:sw-10-turnout-build,BAG-SW-002,line-1,switch,track/switch crew,2,40,80,,,
baghdad:BAG-SW-005:sw-10-turnout-build,BAG-SW-005,line-2,switch,track/switch crew,1,120,160,,,
baghdad:BAG-SW-004:sw-10-turnout-build,BAG-SW-004,line-2,switch,track/switch crew,2,80,120,,,
baghdad:BAG-TRK-L2-007:trk-10-survey-utility,BAG-TRK-L2-007,line-2,track-section,corridor civil crew,1,1808,1832,,,
baghdad:BAG-TRK-L2-008:trk-10-survey-utility,BAG-TRK-L2-008,line-2,track-section,corridor civil crew,2,1816,1840,,,
baghdad:BAG-ST-007:st-10-civil-structure,BAG-ST-007,line-1,station,station civil crew,1,408,520,,,
baghdad:BAG-TRK-L2-007:trk-20-subgrade-drainage,BAG-TRK-L2-007,line-2,track-section,corridor civil crew,1,1832,1920,,,
baghdad:BAG-SW-007:sw-10-turnout-build,BAG-SW-007,line-2,switch,track/switch crew,1,160,200,,,
baghdad:BAG-TRK-L2-008:trk-20-subgrade-drainage,BAG-TRK-L2-008,line-2,track-section,corridor civil crew,2,1840,1928,,,
baghdad:BAG-SW-006:sw-10-turnout-build,BAG-SW-006,line-2,switch,track/switch crew,2,120,160,,,
baghdad:BAG-SW-009:sw-10-turnout-build,BAG-SW-009,line-2,switch,track/switch crew,1,200,240,,,
baghdad:BAG-SW-008:sw-10-turnout-build,BAG-SW-008,line-2,switch,track/switch crew,2,160,200,,,
baghdad:BAG-TRK-L1-001:trk-30-trackform-rail,BAG-TRK-L1-001,line-1,track-section,track crew,1,216,360,,,
baghdad:BAG-SW-011:sw-10-turnout-build,BAG-SW-011,line-2,switch,track/switch crew,1,240,280,,,
baghdad:BAG-TRK-L2-009:trk-10-survey-utility,BAG-TRK-L2-009,line-2,track-section,corridor civil crew,1,1920,1944,,,
baghdad:BAG-SW-010:sw-10-turnout-build,BAG-SW-010,line-2,switch,track/switch crew,2,200,240,,,
baghdad:BAG-TRK-L2-010:trk-10-survey-utility,BAG-TRK-L2-010,line-2,track-section,corridor civil crew,2,1928,1960,,,
baghdad:BAG-ST-008:st-10-civil-structure,BAG-ST-008,line-1,station,station civil crew,1,520,632,,,
baghdad:BAG-TRK-L2-009:trk-20-subgrade-drainage,BAG-TRK-L2-009,line-2,track-section,corridor civil crew,1,1944,2032,,,
baghdad:BAG-SW-013:sw-10-turnout-build,BAG-SW-013,line-2,switch,track/switch crew,1,280,320,,,
baghdad:BAG-TRK-L2-010:trk-20-subgrade-drainage,BAG-TRK-L2-010,line-2,track-section,corridor civil crew,2,1960,2096,,,
baghdad:BAG-SW-012:sw-10-turnout-build,BAG-SW-012,line-2,switch,track/switch crew,2,240,280,,,
baghdad:BAG-SW-015:sw-10-turnout-build,BAG-SW-015,line-2,switch,track/switch crew,1,320,360,,,
baghdad:BAG-SW-014:sw-10-turnout-build,BAG-SW-014,line-2,switch,track/switch crew,2,280,320,,,
baghdad:BAG-TRK-L2-011:trk-10-survey-utility,BAG-TRK-L2-011,line-2,track-section,corridor civil crew,1,2032,2056,,,
baghdad:BAG-SW-001:sw-20-install-proof,BAG-SW-001,line-1,switch,track/switch crew,1,360,392,,,
baghdad:BAG-ST-010:st-10-civil-structure,BAG-ST-010,line-1,station,station civil crew,1,632,744,,,
baghdad:BAG-SW-016:sw-10-turnout-build,BAG-SW-016,line-2,switch,track/switch crew,2,320,360,,,
baghdad:BAG-TRK-L2-011:trk-20-subgrade-drainage,BAG-TRK-L2-011,line-2,track-section,corridor civil crew,1,2056,2168,,,
baghdad:BAG-SW-018:sw-10-turnout-build,BAG-SW-018,line-2,switch,track/switch crew,1,392,432,,,
baghdad:BAG-SW-017:sw-10-turnout-build,BAG-SW-017,line-2,switch,track/switch crew,2,360,400,,,
baghdad:BAG-TRK-L2-012:trk-10-survey-utility,BAG-TRK-L2-012,line-2,track-section,corridor civil crew,2,2096,2128,,,
baghdad:BAG-SW-020:sw-10-turnout-build,BAG-SW-020,line-2,switch,track/switch crew,1,432,472,,,
baghdad:BAG-SW-019:sw-10-turnout-build,BAG-SW-019,line-2,switch,track/switch crew,2,400,440,,,
baghdad:BAG-TRK-L2-012:trk-20-subgrade-drainage,BAG-TRK-L2-012,line-2,track-section,corridor civil crew,2,2128,2256,,,
baghdad:BAG-SW-022:sw-10-turnout-build,BAG-SW-022,line-2,switch,track/switch crew,1,472,512,,,
baghdad:BAG-TRK-L1-002:trk-30-trackform-rail,BAG-TRK-L1-002,line-1,track-section,track crew,2,216,360,,,
baghdad:BAG-ST-012:st-10-civil-structure,BAG-ST-012,line-1,station,station civil crew,1,744,856,,,
baghdad:BAG-SW-021:sw-10-turnout-build,BAG-SW-021,line-2,switch,track/switch crew,2,440,480,,,
baghdad:BAG-TRK-L2-013:trk-10-survey-utility,BAG-TRK-L2-013,line-2,track-section,corridor civil crew,1,2168,2184,,,
baghdad:BAG-TRK-L2-013:trk-20-subgrade-drainage,BAG-TRK-L2-013,line-2,track-section,corridor civil crew,1,2184,2248,,,
baghdad:BAG-SW-024:sw-10-turnout-build,BAG-SW-024,line-2,switch,track/switch crew,1,512,552,,,
baghdad:BAG-SW-023:sw-10-turnout-build,BAG-SW-023,line-2,switch,track/switch crew,2,480,520,,,
baghdad:BAG-TRK-L1-003:trk-30-trackform-rail,BAG-TRK-L1-003,line-1,track-section,track crew,1,392,536,,,
baghdad:BAG-SW-026:sw-10-turnout-build,BAG-SW-026,line-2,switch,track/switch crew,1,552,592,,,
baghdad:BAG-SW-025:sw-10-turnout-build,BAG-SW-025,line-2,switch,track/switch crew,2,520,560,,,
baghdad:BAG-TRK-L2-014:trk-10-survey-utility,BAG-TRK-L2-014,line-2,track-section,corridor civil crew,1,2248,2264,,,
baghdad:BAG-TRK-L2-015:trk-10-survey-utility,BAG-TRK-L2-015,line-2,track-section,corridor civil crew,2,2256,2288,,,
baghdad:BAG-TRK-L2-014:trk-20-subgrade-drainage,BAG-TRK-L2-014,line-2,track-section,corridor civil crew,1,2264,2328,,,
baghdad:BAG-ST-014:st-10-civil-structure,BAG-ST-014,line-1,station,station civil crew,1,880,992,,,
baghdad:BAG-SW-028:sw-10-turnout-build,BAG-SW-028,line-2,switch,track/switch crew,1,592,632,,,
baghdad:BAG-SW-027:sw-10-turnout-build,BAG-SW-027,line-2,switch,track/switch crew,2,560,600,,,
baghdad:BAG-TRK-L2-015:trk-20-subgrade-drainage,BAG-TRK-L2-015,line-2,track-section,corridor civil crew,2,2288,2416,,,
baghdad:BAG-TRK-L1-004:trk-30-trackform-rail,BAG-TRK-L1-004,line-1,track-section,track crew,2,392,536,,,
baghdad:BAG-SW-030:sw-10-turnout-build,BAG-SW-030,line-2,switch,track/switch crew,1,632,672,,,
baghdad:BAG-SW-029:sw-10-turnout-build,BAG-SW-029,line-2,switch,track/switch crew,2,600,640,,,
baghdad:BAG-TRK-L2-016:trk-10-survey-utility,BAG-TRK-L2-016,line-2,track-section,corridor civil crew,1,2328,2352,,,
baghdad:BAG-SW-032:sw-10-turnout-build,BAG-SW-032,line-2,switch,track/switch crew,1,672,712,,,
baghdad:BAG-TRK-L2-016:trk-20-subgrade-drainage,BAG-TRK-L2-016,line-2,track-section,corridor civil crew,1,2352,2472,,,
baghdad:BAG-TRK-L1-006:trk-30-trackform-rail,BAG-TRK-L1-006,line-1,track-section,track crew,1,536,600,,,
baghdad:BAG-SW-031:sw-10-turnout-build,BAG-SW-031,line-2,switch,track/switch crew,2,640,680,,,
baghdad:BAG-ST-002:st-10-civil-structure,BAG-ST-002,line-1,station,station civil crew,2,72,184,,,
baghdad:BAG-ST-016:st-10-civil-structure,BAG-ST-016,line-1,station,station civil crew,1,1024,1136,,,
baghdad:BAG-SW-034:sw-10-turnout-build,BAG-SW-034,line-2,switch,track/switch crew,1,712,752,,,
baghdad:BAG-SW-033:sw-10-turnout-build,BAG-SW-033,line-2,switch,track/switch crew,2,680,720,,,
baghdad:BAG-TRK-L2-017:trk-10-survey-utility,BAG-TRK-L2-017,line-2,track-section,corridor civil crew,2,2416,2448,,,
baghdad:BAG-TRK-L1-007:trk-30-trackform-rail,BAG-TRK-L1-007,line-1,track-section,track crew,1,600,680,,,
baghdad:BAG-SW-036:sw-10-turnout-build,BAG-SW-036,line-2,switch,track/switch crew,1,752,792,,,
baghdad:BAG-TRK-L1-005:trk-30-trackform-rail,BAG-TRK-L1-005,line-1,track-section,track crew,2,552,680,,,
baghdad:BAG-SW-035:sw-10-turnout-build,BAG-SW-035,line-2,switch,track/switch crew,2,720,760,,,
baghdad:BAG-TRK-L2-017:trk-20-subgrade-drainage,BAG-TRK-L2-017,line-2,track-section,corridor civil crew,2,2448,2576,,,
baghdad:BAG-SW-038:sw-10-turnout-build,BAG-SW-038,line-2,switch,track/switch crew,1,792,832,,,
baghdad:BAG-TRK-L2-018:trk-10-survey-utility,BAG-TRK-L2-018,line-2,track-section,corridor civil crew,1,2472,2496,,,
baghdad:BAG-SW-037:sw-10-turnout-build,BAG-SW-037,line-2,switch,track/switch crew,2,760,800,,,
baghdad:BAG-ST-004:st-10-civil-structure,BAG-ST-004,line-1,station,station civil crew,2,248,360,,,
baghdad:BAG-ST-018:st-10-civil-structure,BAG-ST-018,line-1,station,station civil crew,1,1136,1248,,,
baghdad:BAG-TRK-L2-018:trk-20-subgrade-drainage,BAG-TRK-L2-018,line-2,track-section,corridor civil crew,1,2496,2616,,,
baghdad:BAG-TRK-L1-009:trk-30-trackform-rail,BAG-TRK-L1-009,line-1,track-section,track crew,1,680,744,,,
baghdad:BAG-SW-040:sw-10-turnout-build,BAG-SW-040,line-2,switch,track/switch crew,1,832,872,,,
baghdad:BAG-SW-039:sw-10-turnout-build,BAG-SW-039,line-2,switch,track/switch crew,2,800,840,,,
baghdad:BAG-SW-042:sw-10-turnout-build,BAG-SW-042,line-2,switch,track/switch crew,1,872,912,,,
baghdad:BAG-SW-041:sw-10-turnout-build,BAG-SW-041,line-2,switch,track/switch crew,2,840,880,,,
baghdad:BAG-TRK-L1-008:trk-30-trackform-rail,BAG-TRK-L1-008,line-1,track-section,track crew,2,688,800,,,
baghdad:BAG-TRK-L1-010:trk-30-trackform-rail,BAG-TRK-L1-010,line-1,track-section,track crew,1,744,800,,,
baghdad:BAG-TRK-L2-019:trk-10-survey-utility,BAG-TRK-L2-019,line-2,track-section,corridor civil crew,2,2576,2600,,,
baghdad:BAG-EN-001:en-10-energy-build,BAG-EN-001,line-1,energy,energy crew,1,40,120,,,
baghdad:BAG-EN-002:en-10-energy-build,BAG-EN-002,line-1,energy,energy crew,2,40,120,,,
baghdad:BAG-SW-044:sw-10-turnout-build,BAG-SW-044,line-2,switch,track/switch crew,1,912,952,,,
baghdad:BAG-TRK-L2-019:trk-20-subgrade-drainage,BAG-TRK-L2-019,line-2,track-section,corridor civil crew,2,2600,2720,,,
baghdad:BAG-ST-006:st-10-civil-structure,BAG-ST-006,line-1,station,station civil crew,2,424,536,,,
baghdad:BAG-ST-020:st-10-civil-structure,BAG-ST-020,line-1,station,station civil crew,1,1248,1360,,,
baghdad:BAG-SW-043:sw-10-turnout-build,BAG-SW-043,line-2,switch,track/switch crew,2,880,920,,,
baghdad:BAG-TRK-L3-001:trk-10-survey-utility,BAG-TRK-L3-001,line-3,track-section,corridor civil crew,1,2616,2648,,,
baghdad:BAG-TRK-L1-011:trk-30-trackform-rail,BAG-TRK-L1-011,line-1,track-section,track crew,1,848,976,,,
baghdad:BAG-SW-046:sw-10-turnout-build,BAG-SW-046,line-2,switch,track/switch crew,1,952,992,,,
baghdad:BAG-SW-045:sw-10-turnout-build,BAG-SW-045,line-2,switch,track/switch crew,2,920,960,,,
baghdad:BAG-TRK-L3-001:trk-20-subgrade-drainage,BAG-TRK-L3-001,line-3,track-section,corridor civil crew,1,2648,2792,,,
baghdad:BAG-EN-001:en-20-energy-commission,BAG-EN-001,line-1,energy,energy crew,1,120,160,,,
baghdad:BAG-EN-002:en-20-energy-commission,BAG-EN-002,line-1,energy,energy crew,2,120,160,,,
baghdad:BAG-SW-048:sw-10-turnout-build,BAG-SW-048,line-2,switch,track/switch crew,1,992,1032,,,
baghdad:BAG-TRK-L1-012:trk-30-trackform-rail,BAG-TRK-L1-012,line-1,track-section,track crew,2,880,1008,,,
baghdad:BAG-SW-047:sw-10-turnout-build,BAG-SW-047,line-2,switch,track/switch crew,2,960,1000,,,
baghdad:BAG-EN-003:en-10-energy-build,BAG-EN-003,line-1,energy,energy crew,1,160,240,,,
baghdad:BAG-EN-004:en-10-energy-build,BAG-EN-004,line-1,energy,energy crew,2,160,240,,,
baghdad:BAG-SW-050:sw-10-turnout-build,BAG-SW-050,line-2,switch,track/switch crew,1,1032,1072,,,
baghdad:BAG-ST-009:st-10-civil-structure,BAG-ST-009,line-1,station,station civil crew,2,576,688,,,
baghdad:BAG-ST-022:st-10-civil-structure,BAG-ST-022,line-2,station,station civil crew,1,1360,1472,,,
baghdad:BAG-TRK-L3-002:trk-10-survey-utility,BAG-TRK-L3-002,line-3,track-section,corridor civil crew,2,2720,2752,,,
baghdad:BAG-SW-049:sw-10-turnout-build,BAG-SW-049,line-2,switch,track/switch crew,2,1000,1040,,,
baghdad:BAG-SW-052:sw-10-turnout-build,BAG-SW-052,line-2,switch,track/switch crew,1,1072,1112,,,
baghdad:BAG-TRK-L1-013:trk-30-trackform-rail,BAG-TRK-L1-013,line-1,track-section,track crew,1,1008,1136,,,
baghdad:BAG-TRK-L3-002:trk-20-subgrade-drainage,BAG-TRK-L3-002,line-3,track-section,corridor civil crew,2,2752,2896,,,
baghdad:BAG-SW-051:sw-10-turnout-build,BAG-SW-051,line-2,switch,track/switch crew,2,1040,1080,,,
baghdad:BAG-EN-003:en-20-energy-commission,BAG-EN-003,line-1,energy,energy crew,1,240,280,,,
baghdad:BAG-EN-004:en-20-energy-commission,BAG-EN-004,line-1,energy,energy crew,2,240,280,,,
baghdad:BAG-SW-054:sw-10-turnout-build,BAG-SW-054,line-2,switch,track/switch crew,1,1112,1152,,,
baghdad:BAG-TRK-L3-003:trk-10-survey-utility,BAG-TRK-L3-003,line-3,track-section,corridor civil crew,1,2792,2848,,,
baghdad:BAG-SW-053:sw-10-turnout-build,BAG-SW-053,line-2,switch,track/switch crew,2,1080,1120,,,
baghdad:BAG-TRK-L1-014:trk-30-trackform-rail,BAG-TRK-L1-014,line-1,track-section,track crew,2,1040,1168,,,
baghdad:BAG-EN-005:en-10-energy-build,BAG-EN-005,line-1,energy,energy crew,1,280,360,,,
baghdad:BAG-EN-006:en-10-energy-build,BAG-EN-006,line-1,energy,energy crew,2,280,360,,,
baghdad:BAG-ST-011:st-10-civil-structure,BAG-ST-011,line-1,station,station civil crew,2,688,800,,,
baghdad:BAG-ST-024:st-10-civil-structure,BAG-ST-024,line-2,station,station civil crew,1,1488,1600,,,
baghdad:BAG-SW-056:sw-10-turnout-build,BAG-SW-056,line-2,switch,track/switch crew,1,1152,1192,,,
baghdad:BAG-SW-055:sw-10-turnout-build,BAG-SW-055,line-2,switch,track/switch crew,2,1120,1160,,,
baghdad:BAG-TRK-L3-003:trk-20-subgrade-drainage,BAG-TRK-L3-003,line-3,track-section,corridor civil crew,1,2848,3096,,,
baghdad:BAG-SW-058:sw-10-turnout-build,BAG-SW-058,line-2,switch,track/switch crew,1,1192,1232,,,
baghdad:BAG-TRK-L1-015:trk-30-trackform-rail,BAG-TRK-L1-015,line-1,track-section,track crew,1,1136,1200,,,
baghdad:BAG-SW-057:sw-10-turnout-build,BAG-SW-057,line-2,switch,track/switch crew,2,1160,1200,,,
baghdad:BAG-TRK-L3-004:trk-10-survey-utility,BAG-TRK-L3-004,line-3,track-section,corridor civil crew,2,2896,2920,,,
baghdad:BAG-EN-005:en-20-energy-commission,BAG-EN-005,line-1,energy,energy crew,1,360,400,,,
baghdad:BAG-EN-006:en-20-energy-commission,BAG-EN-006,line-1,energy,energy crew,2,360,400,,,
baghdad:BAG-SW-060:sw-10-turnout-build,BAG-SW-060,line-2,switch,track/switch crew,1,1232,1272,,,
baghdad:BAG-TRK-L3-004:trk-20-subgrade-drainage,BAG-TRK-L3-004,line-3,track-section,corridor civil crew,2,2920,3032,,,
baghdad:BAG-SW-059:sw-10-turnout-build,BAG-SW-059,line-2,switch,track/switch crew,2,1200,1240,,,
baghdad:BAG-TRK-L1-016:trk-30-trackform-rail,BAG-TRK-L1-016,line-1,track-section,track crew,2,1168,1208,,,
baghdad:BAG-ST-013:st-10-civil-structure,BAG-ST-013,line-1,station,station civil crew,2,800,912,,,
baghdad:BAG-ST-026:st-10-civil-structure,BAG-ST-026,line-2,station,station civil crew,1,1736,1848,,,
baghdad:BAG-TRK-L1-018:trk-30-trackform-rail,BAG-TRK-L1-018,line-1,track-section,track crew,1,1216,1320,,,
baghdad:BAG-EN-007:en-10-energy-build,BAG-EN-007,line-1,energy,energy crew,1,400,480,,,
baghdad:BAG-EN-008:en-10-energy-build,BAG-EN-008,line-1,energy,energy crew,2,400,480,,,
baghdad:BAG-SW-062:sw-10-turnout-build,BAG-SW-062,line-2,switch,track/switch crew,1,1272,1312,,,
baghdad:BAG-SW-061:sw-10-turnout-build,BAG-SW-061,line-2,switch,track/switch crew,2,1240,1280,,,
baghdad:BAG-TRK-L1-017:trk-30-trackform-rail,BAG-TRK-L1-017,line-1,track-section,track crew,2,1264,1408,,,
baghdad:BAG-SW-064:sw-10-turnout-build,BAG-SW-064,line-2,switch,track/switch crew,1,1312,1352,,,
baghdad:BAG-SW-063:sw-10-turnout-build,BAG-SW-063,line-2,switch,track/switch crew,2,1280,1320,,,
baghdad:BAG-EN-007:en-20-energy-commission,BAG-EN-007,line-1,energy,energy crew,1,480,520,,,
baghdad:BAG-EN-008:en-20-energy-commission,BAG-EN-008,line-1,energy,energy crew,2,480,520,,,
baghdad:BAG-SW-066:sw-10-turnout-build,BAG-SW-066,line-2,switch,track/switch crew,1,1352,1392,,,
baghdad:BAG-TRK-L3-005:trk-10-survey-utility,BAG-TRK-L3-005,line-3,track-section,corridor civil crew,2,3032,3056,,,
baghdad:BAG-SW-065:sw-10-turnout-build,BAG-SW-065,line-2,switch,track/switch crew,2,1320,1360,,,
baghdad:BAG-TRK-L1-019:trk-30-trackform-rail,BAG-TRK-L1-019,line-1,track-section,track crew,1,1344,1448,,,
baghdad:BAG-ST-015:st-10-civil-structure,BAG-ST-015,line-1,station,station civil crew,2,912,1024,,,
baghdad:BAG-ST-028:st-10-civil-structure,BAG-ST-028,line-2,station,station civil crew,1,1848,1960,,,
baghdad:BAG-TRK-L3-005:trk-20-subgrade-drainage,BAG-TRK-L3-005,line-3,track-section,corridor civil crew,2,3056,3160,,,
baghdad:BAG-EN-009:en-10-energy-build,BAG-EN-009,line-1,energy,energy crew,1,520,600,,,
baghdad:BAG-EN-010:en-10-energy-build,BAG-EN-010,line-1,energy,energy crew,2,520,600,,,
baghdad:BAG-SW-068:sw-10-turnout-build,BAG-SW-068,line-2,switch,track/switch crew,1,1392,1432,,,
baghdad:BAG-SW-067:sw-10-turnout-build,BAG-SW-067,line-2,switch,track/switch crew,2,1360,1400,,,
baghdad:BAG-TRK-L3-006:trk-10-survey-utility,BAG-TRK-L3-006,line-3,track-section,corridor civil crew,1,3096,3128,,,
baghdad:BAG-SW-070:sw-10-turnout-build,BAG-SW-070,line-2,switch,track/switch crew,1,1432,1472,,,
baghdad:BAG-RS-L1-001:rs-10-material-kit,BAG-RS-L1-001,line-1,rolling-stock,Baghdad trainset kitting,1,3120,3152,,,
baghdad:BAG-TRK-L2-001:trk-30-trackform-rail,BAG-TRK-L2-001,line-2,track-section,track crew,2,1440,1584,,,
baghdad:BAG-SW-069:sw-10-turnout-build,BAG-SW-069,line-2,switch,track/switch crew,2,1400,1440,,,
baghdad:BAG-TRK-L3-006:trk-20-subgrade-drainage,BAG-TRK-L3-006,line-3,track-section,corridor civil crew,1,3128,3256,,,
baghdad:BAG-EN-009:en-20-energy-commission,BAG-EN-009,line-1,energy,energy crew,1,600,640,,,
baghdad:BAG-EN-010:en-20-energy-commission,BAG-EN-010,line-1,energy,energy crew,2,600,640,,,
baghdad:BAG-RS-L1-001:rs-20-carbody-bogie,BAG-RS-L1-001,line-1,rolling-stock,Baghdad six-car structural assembly,1,3152,3384,,,
baghdad:BAG-SW-002:sw-20-install-proof,BAG-SW-002,line-1,switch,track/switch crew,1,1472,1504,,,
baghdad:BAG-TRK-L3-007:trk-10-survey-utility,BAG-TRK-L3-007,line-3,track-section,corridor civil crew,2,3160,3176,,,
baghdad:BAG-ST-017:st-10-civil-structure,BAG-ST-017,line-1,station,station civil crew,2,1048,1160,,,
baghdad:BAG-ST-030:st-10-civil-structure,BAG-ST-030,line-2,station,station civil crew,1,1960,2072,,,
baghdad:BAG-SW-071:sw-10-turnout-build,BAG-SW-071,line-2,switch,track/switch crew,2,1440,1480,,,
baghdad:BAG-TRK-L3-007:trk-20-subgrade-drainage,BAG-TRK-L3-007,line-3,track-section,corridor civil crew,2,3176,3248,,,
baghdad:BAG-SW-073:sw-10-turnout-build,BAG-SW-073,line-2,switch,track/switch crew,1,1504,1544,,,
baghdad:BAG-EN-011:en-10-energy-build,BAG-EN-011,line-1,energy,energy crew,1,640,720,,,
baghdad:BAG-EN-012:en-10-energy-build,BAG-EN-012,line-1,energy,energy crew,2,640,720,,,
baghdad:BAG-SW-072:sw-10-turnout-build,BAG-SW-072,line-2,switch,track/switch crew,2,1480,1520,,,
baghdad:BAG-SW-075:sw-10-turnout-build,BAG-SW-075,line-2,switch,track/switch crew,1,1544,1584,,,
baghdad:BAG-SW-074:sw-10-turnout-build,BAG-SW-074,line-2,switch,track/switch crew,2,1520,1560,,,
baghdad:BAG-TRK-L3-008:trk-10-survey-utility,BAG-TRK-L3-008,line-3,track-section,corridor civil crew,2,3248,3272,,,
baghdad:BAG-TRK-L2-002:trk-30-trackform-rail,BAG-TRK-L2-002,line-2,track-section,track crew,1,1520,1664,,,
baghdad:BAG-TRK-L3-009:trk-10-survey-utility,BAG-TRK-L3-009,line-3,track-section,corridor civil crew,1,3256,3280,,,
baghdad:BAG-SW-003:sw-20-install-proof,BAG-SW-003,line-2,switch,track/switch crew,1,1584,1616,,,
baghdad:BAG-EN-011:en-20-energy-commission,BAG-EN-011,line-1,energy,energy crew,1,720,760,,,
baghdad:BAG-EN-012:en-20-energy-commission,BAG-EN-012,line-1,energy,energy crew,2,720,760,,,
baghdad:BAG-TRK-L3-008:trk-20-subgrade-drainage,BAG-TRK-L3-008,line-3,track-section,corridor civil crew,2,3272,3376,,,
baghdad:BAG-ST-019:st-10-civil-structure,BAG-ST-019,line-1,station,station civil crew,2,1160,1272,,,
baghdad:BAG-ST-032:st-10-civil-structure,BAG-ST-032,line-2,station,station civil crew,1,2072,2184,,,
baghdad:BAG-TRK-L3-009:trk-20-subgrade-drainage,BAG-TRK-L3-009,line-3,track-section,corridor civil crew,1,3280,3384,,,
baghdad:BAG-SW-076:sw-10-turnout-build,BAG-SW-076,line-2,switch,track/switch crew,2,1560,1600,,,
baghdad:BAG-SW-078:sw-10-turnout-build,BAG-SW-078,line-2,switch,track/switch crew,1,1616,1656,,,
baghdad:BAG-EN-013:en-10-energy-build,BAG-EN-013,line-1,energy,energy crew,1,760,840,,,
baghdad:BAG-EN-014:en-10-energy-build,BAG-EN-014,line-1,energy,energy crew,2,760,840,,,
baghdad:BAG-SW-077:sw-10-turnout-build,BAG-SW-077,line-2,switch,track/switch crew,2,1600,1640,,,
baghdad:BAG-SW-080:sw-10-turnout-build,BAG-SW-080,line-2,switch,track/switch crew,1,1656,1696,,,
baghdad:BAG-SW-079:sw-10-turnout-build,BAG-SW-079,line-2,switch,track/switch crew,2,1640,1680,,,
baghdad:BAG-SW-082:sw-10-turnout-build,BAG-SW-082,line-2,switch,track/switch crew,1,1696,1736,,,
baghdad:BAG-TRK-L3-010:trk-10-survey-utility,BAG-TRK-L3-010,line-3,track-section,corridor civil crew,2,3376,3400,,,
baghdad:BAG-RS-L1-001:rs-23-moulded-body-modules,BAG-RS-L1-001,line-1,rolling-stock,Baghdad six-car composite kits,1,3384,3480,,,
baghdad:BAG-TRK-L3-011:trk-10-survey-utility,BAG-TRK-L3-011,line-3,track-section,corridor civil crew,1,3384,3400,,,
baghdad:BAG-EN-013:en-20-energy-commission,BAG-EN-013,line-1,energy,energy crew,1,840,880,,,
baghdad:BAG-EN-014:en-20-energy-commission,BAG-EN-014,line-1,energy,energy crew,2,840,880,,,
baghdad:BAG-ST-021:st-10-civil-structure,BAG-ST-021,line-2,station,station civil crew,2,1296,1408,,,
baghdad:BAG-ST-034:st-10-civil-structure,BAG-ST-034,line-2,station,station civil crew,1,2184,2296,,,
baghdad:BAG-TRK-L2-003:trk-30-trackform-rail,BAG-TRK-L2-003,line-2,track-section,track crew,1,1720,1952,,,
baghdad:BAG-TRK-L3-010:trk-20-subgrade-drainage,BAG-TRK-L3-010,line-3,track-section,corridor civil crew,1,3400,3488,,,
baghdad:BAG-TRK-L3-011:trk-20-subgrade-drainage,BAG-TRK-L3-011,line-3,track-section,corridor civil crew,2,3400,3480,,,
baghdad:BAG-SW-081:sw-10-turnout-build,BAG-SW-081,line-2,switch,track/switch crew,2,1680,1720,,,
baghdad:BAG-SW-084:sw-10-turnout-build,BAG-SW-084,line-2,switch,track/switch crew,1,1736,1776,,,
baghdad:BAG-EN-015:en-10-energy-build,BAG-EN-015,line-1,energy,energy crew,1,880,960,,,
baghdad:BAG-EN-016:en-10-energy-build,BAG-EN-016,line-1,energy,energy crew,2,880,960,,,
baghdad:BAG-SW-083:sw-10-turnout-build,BAG-SW-083,line-2,switch,track/switch crew,2,1720,1760,,,
baghdad:BAG-SW-086:sw-10-turnout-build,BAG-SW-086,line-2,switch,track/switch crew,1,1776,1816,,,
baghdad:BAG-RS-L1-001:rs-25-clip-on-body,BAG-RS-L1-001,line-1,rolling-stock,Baghdad six-car body installation,1,3480,3504,,,
baghdad:BAG-TRK-L3-012:trk-10-survey-utility,BAG-TRK-L3-012,line-3,track-section,corridor civil crew,2,3480,3504,,,
baghdad:BAG-SW-085:sw-10-turnout-build,BAG-SW-085,line-2,switch,track/switch crew,2,1760,1800,,,
baghdad:BAG-TRK-L3-013:trk-10-survey-utility,BAG-TRK-L3-013,line-3,track-section,corridor civil crew,1,3488,3504,,,
baghdad:BAG-SW-088:sw-10-turnout-build,BAG-SW-088,line-2,switch,track/switch crew,1,1816,1856,,,
baghdad:BAG-RS-L1-001:rs-30-traction-battery-control,BAG-RS-L1-001,line-1,rolling-stock,Baghdad six-car electrical integration,1,3504,3696,,,
baghdad:BAG-ST-023:st-10-civil-structure,BAG-ST-023,line-2,station,station civil crew,2,1408,1520,,,
baghdad:BAG-ST-036:st-10-civil-structure,BAG-ST-036,line-2,station,station civil crew,1,2296,2408,,,
baghdad:BAG-TRK-L3-012:trk-20-subgrade-drainage,BAG-TRK-L3-012,line-3,track-section,corridor civil crew,1,3504,3608,,,
baghdad:BAG-TRK-L3-013:trk-20-subgrade-drainage,BAG-TRK-L3-013,line-3,track-section,corridor civil crew,2,3504,3576,,,
baghdad:BAG-EN-015:en-20-energy-commission,BAG-EN-015,line-1,energy,energy crew,1,960,1000,,,
baghdad:BAG-EN-016:en-20-energy-commission,BAG-EN-016,line-1,energy,energy crew,2,960,1000,,,
baghdad:BAG-SW-087:sw-10-turnout-build,BAG-SW-087,line-2,switch,track/switch crew,2,1800,1840,,,
baghdad:BAG-SW-090:sw-10-turnout-build,BAG-SW-090,line-2,switch,track/switch crew,1,1856,1896,,,
baghdad:BAG-EN-017:en-10-energy-build,BAG-EN-017,line-1,energy,energy crew,1,1000,1080,,,
baghdad:BAG-EN-018:en-10-energy-build,BAG-EN-018,line-1,energy,energy crew,2,1000,1080,,,
baghdad:BAG-SW-089:sw-10-turnout-build,BAG-SW-089,line-2,switch,track/switch crew,2,1840,1880,,,
baghdad:BAG-SW-092:sw-10-turnout-build,BAG-SW-092,line-2,switch,track/switch crew,1,1896,1936,,,
baghdad:BAG-TRK-L3-014:trk-10-survey-utility,BAG-TRK-L3-014,line-3,track-section,corridor civil crew,2,3576,3592,,,
baghdad:BAG-TRK-L3-014:trk-20-subgrade-drainage,BAG-TRK-L3-014,line-3,track-section,corridor civil crew,2,3592,3656,,,
baghdad:BAG-SW-091:sw-10-turnout-build,BAG-SW-091,line-2,switch,track/switch crew,2,1880,1920,,,
baghdad:BAG-TRK-L3-015:trk-10-survey-utility,BAG-TRK-L3-015,line-3,track-section,corridor civil crew,1,3608,3624,,,
baghdad:BAG-ST-025:st-10-civil-structure,BAG-ST-025,line-2,station,station civil crew,2,1560,1672,,,
baghdad:BAG-ST-038:st-10-civil-structure,BAG-ST-038,line-2,station,station civil crew,1,2448,2560,,,
baghdad:BAG-SW-094:sw-10-turnout-build,BAG-SW-094,line-2,switch,track/switch crew,1,1936,1976,,,
baghdad:BAG-TRK-L3-015:trk-20-subgrade-drainage,BAG-TRK-L3-015,line-3,track-section,corridor civil crew,1,3624,3696,,,
baghdad:BAG-EN-017:en-20-energy-commission,BAG-EN-017,line-1,energy,energy crew,1,1080,1120,,,
baghdad:BAG-EN-018:en-20-energy-commission,BAG-EN-018,line-1,energy,energy crew,2,1080,1120,,,
baghdad:BAG-TRK-L2-006:trk-30-trackform-rail,BAG-TRK-L2-006,line-2,track-section,track crew,1,1952,2008,,,
baghdad:BAG-SIG-001:wpt-10-cabinet-bench,BAG-SIG-001,line-1,signalling-comms,wayside bench,1,40,64,,,
baghdad:BAG-SW-093:sw-10-turnout-build,BAG-SW-093,line-2,switch,track/switch crew,2,1920,1960,,,
baghdad:BAG-SW-096:sw-10-turnout-build,BAG-SW-096,line-2,switch,track/switch crew,1,1976,2016,,,
baghdad:BAG-TRK-L3-016:trk-10-survey-utility,BAG-TRK-L3-016,line-3,track-section,corridor civil crew,2,3656,3680,,,
baghdad:BAG-EN-019:en-10-energy-build,BAG-EN-019,line-1,energy,energy crew,1,1120,1200,,,
baghdad:BAG-EN-020:en-10-energy-build,BAG-EN-020,line-1,energy,energy crew,2,1120,1200,,,
baghdad:BAG-SIG-004:wpt-10-cabinet-bench,BAG-SIG-004,line-1,signalling-comms,wayside bench,1,64,88,,,
baghdad:BAG-SIG-002:wpt-10-cabinet-bench,BAG-SIG-002,line-1,signalling-comms,wayside bench,2,40,64,,,
baghdad:BAG-SIG-003:wpt-10-cabinet-bench,BAG-SIG-003,line-1,signalling-comms,wayside bench,3,40,64,,,
baghdad:BAG-TRK-L3-016:trk-20-subgrade-drainage,BAG-TRK-L3-016,line-3,track-section,corridor civil crew,2,3680,3768,,,
baghdad:BAG-SW-095:sw-10-turnout-build,BAG-SW-095,line-2,switch,track/switch crew,2,1960,2000,,,
baghdad:BAG-TRK-L2-008:trk-30-trackform-rail,BAG-TRK-L2-008,line-2,track-section,track crew,1,2008,2096,,,
baghdad:BAG-RS-L1-001:rs-40-fitout-static-test,BAG-RS-L1-001,line-1,rolling-stock,Baghdad six-car fitout and static test,1,3696,3848,,,
baghdad:BAG-SIG-007:wpt-10-cabinet-bench,BAG-SIG-007,line-1,signalling-comms,wayside bench,1,88,112,,,
baghdad:BAG-SW-098:sw-10-turnout-build,BAG-SW-098,line-2,switch,track/switch crew,1,2016,2056,,,
baghdad:BAG-TRK-L3-017:trk-10-survey-utility,BAG-TRK-L3-017,line-3,track-section,corridor civil crew,1,3696,3720,,,
baghdad:BAG-SIG-005:wpt-10-cabinet-bench,BAG-SIG-005,line-1,signalling-comms,wayside bench,2,64,88,,,
baghdad:BAG-SIG-006:wpt-10-cabinet-bench,BAG-SIG-006,line-1,signalling-comms,wayside bench,3,64,88,,,
baghdad:BAG-SIG-010:wpt-10-cabinet-bench,BAG-SIG-010,line-1,signalling-comms,wayside bench,1,112,136,,,
baghdad:BAG-TRK-L3-017:trk-20-subgrade-drainage,BAG-TRK-L3-017,line-3,track-section,corridor civil crew,1,3720,3808,,,
baghdad:BAG-SIG-008:wpt-10-cabinet-bench,BAG-SIG-008,line-1,signalling-comms,wayside bench,2,88,112,,,
baghdad:BAG-SIG-009:wpt-10-cabinet-bench,BAG-SIG-009,line-1,signalling-comms,wayside bench,3,88,112,,,
baghdad:BAG-ST-027:st-10-civil-structure,BAG-ST-027,line-2,station,station civil crew,2,1760,1872,,,
baghdad:BAG-ST-040:st-10-civil-structure,BAG-ST-040,line-2,station,station civil crew,1,2600,2712,,,
baghdad:BAG-SW-097:sw-10-turnout-build,BAG-SW-097,line-2,switch,track/switch crew,2,2000,2040,,,
baghdad:BAG-SW-100:sw-10-turnout-build,BAG-SW-100,line-2,switch,track/switch crew,1,2056,2096,,,
baghdad:BAG-SIG-013:wpt-10-cabinet-bench,BAG-SIG-013,line-1,signalling-comms,wayside bench,1,136,160,,,
baghdad:BAG-EN-019:en-20-energy-commission,BAG-EN-019,line-1,energy,energy crew,1,1200,1240,,,
baghdad:BAG-EN-020:en-20-energy-commission,BAG-EN-020,line-1,energy,energy crew,2,1200,1240,,,
baghdad:BAG-SIG-011:wpt-10-cabinet-bench,BAG-SIG-011,line-1,signalling-comms,wayside bench,2,112,136,,,
baghdad:BAG-SIG-012:wpt-10-cabinet-bench,BAG-SIG-012,line-1,signalling-comms,wayside bench,3,112,136,,,
baghdad:BAG-SIG-016:wpt-10-cabinet-bench,BAG-SIG-016,line-1,signalling-comms,wayside bench,1,160,184,,,
baghdad:BAG-SW-099:sw-10-turnout-build,BAG-SW-099,line-2,switch,track/switch crew,2,2040,2080,,,
baghdad:BAG-TRK-L3-018:trk-10-survey-utility,BAG-TRK-L3-018,line-3,track-section,corridor civil crew,2,3768,3800,,,
baghdad:BAG-SIG-014:wpt-10-cabinet-bench,BAG-SIG-014,line-1,signalling-comms,wayside bench,2,136,160,,,
baghdad:BAG-SIG-015:wpt-10-cabinet-bench,BAG-SIG-015,line-1,signalling-comms,wayside bench,3,136,160,,,
baghdad:BAG-SW-102:sw-10-turnout-build,BAG-SW-102,line-2,switch,track/switch crew,1,2096,2136,,,
baghdad:BAG-TRK-L2-010:trk-30-trackform-rail,BAG-TRK-L2-010,line-2,track-section,track crew,1,2096,2232,,,
baghdad:BAG-EN-021:en-10-energy-build,BAG-EN-021,line-2,energy,energy crew,1,1240,1320,,,
baghdad:BAG-EN-022:en-10-energy-build,BAG-EN-022,line-2,energy,energy crew,2,1240,1320,,,
baghdad:BAG-SIG-019:wpt-10-cabinet-bench,BAG-SIG-019,line-1,signalling-comms,wayside bench,1,184,208,,,
baghdad:BAG-SIG-017:wpt-10-cabinet-bench,BAG-SIG-017,line-1,signalling-comms,wayside bench,2,160,184,,,
baghdad:BAG-SIG-018:wpt-10-cabinet-bench,BAG-SIG-018,line-1,signalling-comms,wayside bench,3,160,184,,,
baghdad:BAG-TRK-L3-018:trk-20-subgrade-drainage,BAG-TRK-L3-018,line-3,track-section,corridor civil crew,2,3800,3928,,,
baghdad:BAG-SW-101:sw-10-turnout-build,BAG-SW-101,line-2,switch,track/switch crew,2,2080,2120,,,
baghdad:BAG-TRK-L2-004:trk-30-trackform-rail,BAG-TRK-L2-004,line-2,track-section,track crew,2,1744,1928,,,
baghdad:BAG-TRK-L3-019:trk-10-survey-utility,BAG-TRK-L3-019,line-3,track-section,corridor civil crew,1,3808,3840,,,
baghdad:BAG-SIG-022:wpt-10-cabinet-bench,BAG-SIG-022,line-2,signalling-comms,wayside bench,1,208,232,,,
baghdad:BAG-SW-104:sw-10-turnout-build,BAG-SW-104,line-2,switch,track/switch crew,1,2136,2176,,,
baghdad:BAG-SIG-020:wpt-10-cabinet-bench,BAG-SIG-020,line-1,signalling-comms,wayside bench,2,184,208,,,
baghdad:BAG-SIG-021:wpt-10-cabinet-bench,BAG-SIG-021,line-2,signalling-comms,wayside bench,3,184,208,,,
baghdad:BAG-SIG-025:wpt-10-cabinet-bench,BAG-SIG-025,line-2,signalling-comms,wayside bench,1,232,256,,,
baghdad:BAG-ST-029:st-10-civil-structure,BAG-ST-029,line-2,station,station civil crew,2,1872,1984,,,
baghdad:BAG-ST-042:st-10-civil-structure,BAG-ST-042,line-3,station,station civil crew,1,2712,2824,,,
baghdad:BAG-TRK-L3-019:trk-20-subgrade-drainage,BAG-TRK-L3-019,line-3,track-section,corridor civil crew,1,3840,3976,,,
baghdad:BAG-RS-L1-001:rs-50-dynamic-commissioning,BAG-RS-L1-001,line-1,rolling-stock,Baghdad trainset acceptance bays,1,3848,4448,0,3856,3875
baghdad:BAG-SIG-023:wpt-10-cabinet-bench,BAG-SIG-023,line-2,signalling-comms,wayside bench,2,208,232,,,
baghdad:BAG-SIG-024:wpt-10-cabinet-bench,BAG-SIG-024,line-2,signalling-comms,wayside bench,3,208,232,,,
baghdad:BAG-SW-103:sw-10-turnout-build,BAG-SW-103,line-2,switch,track/switch crew,2,2120,2160,,,
baghdad:BAG-SW-106:sw-10-turnout-build,BAG-SW-106,line-2,switch,track/switch crew,1,2176,2216,,,
baghdad:BAG-SIG-028:wpt-10-cabinet-bench,BAG-SIG-028,line-2,signalling-comms,wayside bench,1,256,280,,,
baghdad:BAG-EN-021:en-20-energy-commission,BAG-EN-021,line-2,energy,energy crew,1,1320,1360,,,
baghdad:BAG-EN-022:en-20-energy-commission,BAG-EN-022,line-2,energy,energy crew,2,1320,1360,,,
baghdad:BAG-SIG-026:wpt-10-cabinet-bench,BAG-SIG-026,line-2,signalling-comms,wayside bench,2,232,256,,,
baghdad:BAG-SIG-027:wpt-10-cabinet-bench,BAG-SIG-027,line-2,signalling-comms,wayside bench,3,232,256,,,
baghdad:BAG-SIG-031:wpt-10-cabinet-bench,BAG-SIG-031,line-2,signalling-comms,wayside bench,1,280,304,,,
baghdad:BAG-SW-105:sw-10-turnout-build,BAG-SW-105,line-2,switch,track/switch crew,2,2160,2200,,,
baghdad:BAG-SIG-029:wpt-10-cabinet-bench,BAG-SIG-029,line-2,signalling-comms,wayside bench,2,256,280,,,
baghdad:BAG-SIG-030:wpt-10-cabinet-bench,BAG-SIG-030,line-2,signalling-comms,wayside bench,3,256,280,,,
baghdad:BAG-SW-108:sw-10-turnout-build,BAG-SW-108,line-2,switch,track/switch crew,1,2216,2256,,,
baghdad:BAG-EN-023:en-10-energy-build,BAG-EN-023,line-2,energy,energy crew,1,1360,1440,,,
baghdad:BAG-EN-024:en-10-energy-build,BAG-EN-024,line-2,energy,energy crew,2,1360,1440,,,
baghdad:BAG-SIG-034:wpt-10-cabinet-bench,BAG-SIG-034,line-2,signalling-comms,wayside bench,1,304,328,,,
baghdad:BAG-TRK-L2-013:trk-30-trackform-rail,BAG-TRK-L2-013,line-2,track-section,track crew,1,2248,2312,,,
baghdad:BAG-SIG-032:wpt-10-cabinet-bench,BAG-SIG-032,line-2,signalling-comms,wayside bench,2,280,304,,,
baghdad:BAG-SIG-033:wpt-10-cabinet-bench,BAG-SIG-033,line-2,signalling-comms,wayside bench,3,280,304,,,
baghdad:BAG-SW-107:sw-10-turnout-build,BAG-SW-107,line-2,switch,track/switch crew,2,2200,2240,,,
baghdad:BAG-TRK-L4-001:trk-10-survey-utility,BAG-TRK-L4-001,line-4,track-section,corridor civil crew,2,3928,3968,,,
baghdad:BAG-SIG-037:wpt-10-cabinet-bench,BAG-SIG-037,line-2,signalling-comms,wayside bench,1,328,352,,,
baghdad:BAG-SW-110:sw-10-turnout-build,BAG-SW-110,line-2,switch,track/switch crew,1,2256,2296,,,
baghdad:BAG-SIG-035:wpt-10-cabinet-bench,BAG-SIG-035,line-2,signalling-comms,wayside bench,2,304,328,,,
baghdad:BAG-SIG-036:wpt-10-cabinet-bench,BAG-SIG-036,line-2,signalling-comms,wayside bench,3,304,328,,,
baghdad:BAG-ST-031:st-10-civil-structure,BAG-ST-031,line-2,station,station civil crew,2,1984,2096,,,
baghdad:BAG-ST-044:st-10-civil-structure,BAG-ST-044,line-3,station,station civil crew,1,2848,2960,,,
baghdad:BAG-SIG-040:wpt-10-cabinet-bench,BAG-SIG-040,line-2,signalling-comms,wayside bench,1,352,376,,,
baghdad:BAG-SIG-038:wpt-10-cabinet-bench,BAG-SIG-038,line-2,signalling-comms,wayside bench,2,328,352,,,
baghdad:BAG-SIG-039:wpt-10-cabinet-bench,BAG-SIG-039,line-2,signalling-comms,wayside bench,3,328,352,,,
baghdad:BAG-SW-109:sw-10-turnout-build,BAG-SW-109,line-2,switch,track/switch crew,2,2240,2280,,,
baghdad:BAG-TRK-L4-001:trk-20-subgrade-drainage,BAG-TRK-L4-001,line-4,track-section,corridor civil crew,2,3968,4144,,,
baghdad:BAG-SW-112:sw-10-turnout-build,BAG-SW-112,line-2,switch,track/switch crew,1,2296,2336,,,
baghdad:BAG-TRK-L2-014:trk-30-trackform-rail,BAG-TRK-L2-014,line-2,track-section,track crew,1,2328,2392,,,
baghdad:BAG-TRK-L4-002:trk-10-survey-utility,BAG-TRK-L4-002,line-4,track-section,corridor civil crew,1,3976,4008,,,
baghdad:BAG-SIG-043:wpt-10-cabinet-bench,BAG-SIG-043,line-3,signalling-comms,wayside bench,1,376,400,,,
baghdad:BAG-EN-023:en-20-energy-commission,BAG-EN-023,line-2,energy,energy crew,1,1440,1480,,,
baghdad:BAG-EN-024:en-20-energy-commission,BAG-EN-024,line-2,energy,energy crew,2,1440,1480,,,
baghdad:BAG-SIG-041:wpt-10-cabinet-bench,BAG-SIG-041,line-3,signalling-comms,wayside bench,2,352,376,,,
baghdad:BAG-SIG-042:wpt-10-cabinet-bench,BAG-SIG-042,line-3,signalling-comms,wayside bench,3,352,376,,,
baghdad:BAG-TRK-L2-005:trk-30-trackform-rail,BAG-TRK-L2-005,line-2,track-section,track crew,2,1928,2000,,,
baghdad:BAG-SIG-046:wpt-10-cabinet-bench,BAG-SIG-046,line-3,signalling-comms,wayside bench,1,400,424,,,
baghdad:BAG-SW-111:sw-10-turnout-build,BAG-SW-111,line-2,switch,track/switch crew,2,2280,2320,,,
baghdad:BAG-TRK-L4-002:trk-20-subgrade-drainage,BAG-TRK-L4-002,line-4,track-section,corridor civil crew,1,4008,4152,,,
baghdad:BAG-SIG-044:wpt-10-cabinet-bench,BAG-SIG-044,line-3,signalling-comms,wayside bench,2,376,400,,,
baghdad:BAG-SIG-045:wpt-10-cabinet-bench,BAG-SIG-045,line-3,signalling-comms,wayside bench,3,376,400,,,
baghdad:BAG-SW-114:sw-10-turnout-build,BAG-SW-114,line-2,switch,track/switch crew,1,2336,2376,,,
baghdad:BAG-EN-025:en-10-energy-build,BAG-EN-025,line-2,energy,energy crew,1,1480,1560,,,
baghdad:BAG-EN-026:en-10-energy-build,BAG-EN-026,line-2,energy,energy crew,2,1480,1560,,,
baghdad:BAG-SIG-049:wpt-10-cabinet-bench,BAG-SIG-049,line-3,signalling-comms,wayside bench,1,424,448,,,
baghdad:BAG-SIG-047:wpt-10-cabinet-bench,BAG-SIG-047,line-3,signalling-comms,wayside bench,2,400,424,,,
baghdad:BAG-SIG-048:wpt-10-cabinet-bench,BAG-SIG-048,line-3,signalling-comms,wayside bench,3,400,424,,,
baghdad:BAG-TRK-L2-015:trk-30-trackform-rail,BAG-TRK-L2-015,line-2,track-section,track crew,1,2416,2544,,,
baghdad:BAG-SW-113:sw-10-turnout-build,BAG-SW-113,line-2,switch,track/switch crew,2,2320,2360,,,
baghdad:BAG-SIG-052:wpt-10-cabinet-bench,BAG-SIG-052,line-3,signalling-comms,wayside bench,1,448,472,,,
baghdad:BAG-SW-116:sw-10-turnout-build,BAG-SW-116,line-2,switch,track/switch crew,1,2376,2416,,,
baghdad:BAG-SIG-050:wpt-10-cabinet-bench,BAG-SIG-050,line-3,signalling-comms,wayside bench,2,424,448,,,
baghdad:BAG-SIG-051:wpt-10-cabinet-bench,BAG-SIG-051,line-3,signalling-comms,wayside bench,3,424,448,,,
baghdad:BAG-ST-033:st-10-civil-structure,BAG-ST-033,line-2,station,station civil crew,2,2128,2240,,,
baghdad:BAG-ST-046:st-10-civil-structure,BAG-ST-046,line-3,station,station civil crew,1,3056,3168,,,
baghdad:BAG-TRK-L2-007:trk-30-trackform-rail,BAG-TRK-L2-007,line-2,track-section,track crew,2,2000,2088,,,
baghdad:BAG-SIG-055:wpt-10-cabinet-bench,BAG-SIG-055,line-3,signalling-comms,wayside bench,1,472,496,,,
baghdad:BAG-SIG-053:wpt-10-cabinet-bench,BAG-SIG-053,line-3,signalling-comms,wayside bench,2,448,472,,,
baghdad:BAG-SIG-054:wpt-10-cabinet-bench,BAG-SIG-054,line-3,signalling-comms,wayside bench,3,448,472,,,
baghdad:BAG-SW-115:sw-10-turnout-build,BAG-SW-115,line-2,switch,track/switch crew,2,2360,2400,,,
baghdad:BAG-SW-118:sw-10-turnout-build,BAG-SW-118,line-2,switch,track/switch crew,1,2416,2456,,,
baghdad:BAG-SIG-058:wpt-10-cabinet-bench,BAG-SIG-058,line-3,signalling-comms,wayside bench,1,496,520,,,
baghdad:BAG-EN-025:en-20-energy-commission,BAG-EN-025,line-2,energy,energy crew,1,1560,1600,,,
baghdad:BAG-EN-026:en-20-energy-commission,BAG-EN-026,line-2,energy,energy crew,2,1560,1600,,,
baghdad:BAG-SIG-056:wpt-10-cabinet-bench,BAG-SIG-056,line-3,signalling-comms,wayside bench,2,472,496,,,
baghdad:BAG-SIG-057:wpt-10-cabinet-bench,BAG-SIG-057,line-3,signalling-comms,wayside bench,3,472,496,,,
baghdad:BAG-SIG-061:wpt-10-cabinet-bench,BAG-SIG-061,line-4,signalling-comms,wayside bench,1,520,544,,,
baghdad:BAG-SW-117:sw-10-turnout-build,BAG-SW-117,line-2,switch,track/switch crew,2,2400,2440,,,
baghdad:BAG-SIG-059:wpt-10-cabinet-bench,BAG-SIG-059,line-3,signalling-comms,wayside bench,2,496,520,,,
baghdad:BAG-SIG-060:wpt-10-cabinet-bench,BAG-SIG-060,line-3,signalling-comms,wayside bench,3,496,520,,,
baghdad:BAG-SW-120:sw-10-turnout-build,BAG-SW-120,line-2,switch,track/switch crew,1,2456,2496,,,
baghdad:BAG-TRK-L4-003:trk-10-survey-utility,BAG-TRK-L4-003,line-4,track-section,corridor civil crew,2,4144,4176,,,
baghdad:BAG-EN-027:en-10-energy-build,BAG-EN-027,line-2,energy,energy crew,1,1600,1680,,,
baghdad:BAG-EN-028:en-10-energy-build,BAG-EN-028,line-2,energy,energy crew,2,1600,1680,,,
baghdad:BAG-SIG-064:wpt-10-cabinet-bench,BAG-SIG-064,line-4,signalling-comms,wayside bench,1,544,568,,,
baghdad:BAG-TRK-L2-009:trk-30-trackform-rail,BAG-TRK-L2-009,line-2,track-section,track crew,2,2088,2176,,,
baghdad:BAG-TRK-L4-004:trk-10-survey-utility,BAG-TRK-L4-004,line-4,track-section,corridor civil crew,1,4152,4184,,,
baghdad:BAG-SIG-062:wpt-10-cabinet-bench,BAG-SIG-062,line-4,signalling-comms,wayside bench,2,520,544,,,
baghdad:BAG-SIG-063:wpt-10-cabinet-bench,BAG-SIG-063,line-4,signalling-comms,wayside bench,3,520,544,,,
baghdad:BAG-SW-119:sw-10-turnout-build,BAG-SW-119,line-2,switch,track/switch crew,2,2440,2480,,,
baghdad:BAG-TRK-L2-017:trk-30-trackform-rail,BAG-TRK-L2-017,line-2,track-section,track crew,1,2576,2704,,,
baghdad:BAG-SIG-067:wpt-10-cabinet-bench,BAG-SIG-067,line-4,signalling-comms,wayside bench,1,568,592,,,
baghdad:BAG-ST-035:st-10-civil-structure,BAG-ST-035,line-2,station,station civil crew,2,2264,2376,,,
baghdad:BAG-ST-048:st-10-civil-structure,BAG-ST-048,line-3,station,station civil crew,1,3176,3288,,,
baghdad:BAG-SW-122:sw-10-turnout-build,BAG-SW-122,line-3,switch,track/switch crew,1,2496,2536,,,
baghdad:BAG-TRK-L4-003:trk-20-subgrade-drainage,BAG-TRK-L4-003,line-4,track-section,corridor civil crew,2,4176,4320,,,
baghdad:BAG-SIG-065:wpt-10-cabinet-bench,BAG-SIG-065,line-4,signalling-comms,wayside bench,2,544,568,,,
baghdad:BAG-SIG-066:wpt-10-cabinet-bench,BAG-SIG-066,line-4,signalling-comms,wayside bench,3,544,568,,,
baghdad:BAG-TRK-L4-004:trk-20-subgrade-drainage,BAG-TRK-L4-004,line-4,track-section,corridor civil crew,1,4184,4336,,,
baghdad:BAG-SIG-070:wpt-10-cabinet-bench,BAG-SIG-070,line-4,signalling-comms,wayside bench,1,592,616,,,
baghdad:BAG-SIG-068:wpt-10-cabinet-bench,BAG-SIG-068,line-4,signalling-comms,wayside bench,2,568,592,,,
baghdad:BAG-SIG-069:wpt-10-cabinet-bench,BAG-SIG-069,line-4,signalling-comms,wayside bench,3,568,592,,,
baghdad:BAG-SW-121:sw-10-turnout-build,BAG-SW-121,line-3,switch,track/switch crew,2,2480,2520,,,
baghdad:BAG-SW-124:sw-10-turnout-build,BAG-SW-124,line-4,switch,track/switch crew,1,2536,2576,,,
baghdad:BAG-SIG-073:wpt-10-cabinet-bench,BAG-SIG-073,line-4,signalling-comms,wayside bench,1,616,640,,,
baghdad:BAG-EN-027:en-20-energy-commission,BAG-EN-027,line-2,energy,energy crew,1,1680,1720,,,
baghdad:BAG-EN-028:en-20-energy-commission,BAG-EN-028,line-2,energy,energy crew,2,1680,1720,,,
baghdad:BAG-SIG-071:wpt-10-cabinet-bench,BAG-SIG-071,line-4,signalling-comms,wayside bench,2,592,616,,,
baghdad:BAG-SIG-072:wpt-10-cabinet-bench,BAG-SIG-072,line-4,signalling-comms,wayside bench,3,592,616,,,
baghdad:BAG-TRK-L2-011:trk-30-trackform-rail,BAG-TRK-L2-011,line-2,track-section,track crew,2,2176,2288,,,
baghdad:BAG-SIG-076:wpt-10-cabinet-bench,BAG-SIG-076,line-4,signalling-comms,wayside bench,1,640,664,,,
baghdad:BAG-SW-123:sw-10-turnout-build,BAG-SW-123,line-4,switch,track/switch crew,2,2520,2560,,,
baghdad:BAG-SIG-074:wpt-10-cabinet-bench,BAG-SIG-074,line-4,signalling-comms,wayside bench,2,616,640,,,
baghdad:BAG-SIG-075:wpt-10-cabinet-bench,BAG-SIG-075,line-4,signalling-comms,wayside bench,3,616,640,,,
baghdad:BAG-SW-126:sw-10-turnout-build,BAG-SW-126,line-5,switch,track/switch crew,1,2576,2616,,,
baghdad:BAG-EN-029:en-10-energy-build,BAG-EN-029,line-2,energy,energy crew,1,1720,1800,,,
baghdad:BAG-EN-030:en-10-energy-build,BAG-EN-030,line-2,energy,energy crew,2,1720,1800,,,
baghdad:BAG-SIG-079:wpt-10-cabinet-bench,BAG-SIG-079,line-5,signalling-comms,wayside bench,1,664,688,,,
baghdad:BAG-SIG-077:wpt-10-cabinet-bench,BAG-SIG-077,line-5,signalling-comms,wayside bench,2,640,664,,,
baghdad:BAG-SIG-078:wpt-10-cabinet-bench,BAG-SIG-078,line-5,signalling-comms,wayside bench,3,640,664,,,
baghdad:BAG-ST-037:st-10-civil-structure,BAG-ST-037,line-2,station,station civil crew,2,2376,2488,,,
baghdad:BAG-ST-050:st-10-civil-structure,BAG-ST-050,line-3,station,station civil crew,1,3288,3400,,,
baghdad:BAG-SW-125:sw-10-turnout-build,BAG-SW-125,line-5,switch,track/switch crew,2,2560,2600,,,
baghdad:BAG-SIG-082:wpt-10-cabinet-bench,BAG-SIG-082,line-5,signalling-comms,wayside bench,1,688,712,,,
baghdad:BAG-SW-128:sw-10-turnout-build,BAG-SW-128,line-6,switch,track/switch crew,1,2616,2656,,,
baghdad:BAG-TRK-L2-019:trk-30-trackform-rail,BAG-TRK-L2-019,line-2,track-section,track crew,1,2720,2840,,,
baghdad:BAG-SIG-080:wpt-10-cabinet-bench,BAG-SIG-080,line-5,signalling-comms,wayside bench,2,664,688,,,
baghdad:BAG-SIG-081:wpt-10-cabinet-bench,BAG-SIG-081,line-5,signalling-comms,wayside bench,3,664,688,,,
baghdad:BAG-SIG-085:wpt-10-cabinet-bench,BAG-SIG-085,line-5,signalling-comms,wayside bench,1,712,736,,,
baghdad:BAG-TRK-L4-005:trk-10-survey-utility,BAG-TRK-L4-005,line-4,track-section,corridor civil crew,2,4320,4344,,,
baghdad:BAG-SIG-083:wpt-10-cabinet-bench,BAG-SIG-083,line-5,signalling-comms,wayside bench,2,688,712,,,
baghdad:BAG-SIG-084:wpt-10-cabinet-bench,BAG-SIG-084,line-5,signalling-comms,wayside bench,3,688,712,,,
baghdad:BAG-SW-127:sw-10-turnout-build,BAG-SW-127,line-6,switch,track/switch crew,2,2600,2640,,,
baghdad:BAG-SW-130:sw-10-turnout-build,BAG-SW-130,line-7,switch,track/switch crew,1,2656,2696,,,
baghdad:BAG-TRK-L4-006:trk-10-survey-utility,BAG-TRK-L4-006,line-4,track-section,corridor civil crew,1,4336,4352,,,
baghdad:BAG-SIG-088:wpt-10-cabinet-bench,BAG-SIG-088,line-5,signalling-comms,wayside bench,1,736,760,,,
baghdad:BAG-TRK-L4-005:trk-20-subgrade-drainage,BAG-TRK-L4-005,line-4,track-section,corridor civil crew,2,4344,4456,,,
baghdad:BAG-EN-029:en-20-energy-commission,BAG-EN-029,line-2,energy,energy crew,1,1800,1840,,,
baghdad:BAG-EN-030:en-20-energy-commission,BAG-EN-030,line-2,energy,energy crew,2,1800,1840,,,
baghdad:BAG-SIG-086:wpt-10-cabinet-bench,BAG-SIG-086,line-5,signalling-comms,wayside bench,2,712,736,,,
baghdad:BAG-SIG-087:wpt-10-cabinet-bench,BAG-SIG-087,line-5,signalling-comms,wayside bench,3,712,736,,,
baghdad:BAG-ST-001:st-20-mep-passenger-systems,BAG-ST-001,line-1,station,station systems crew,1,184,264,,,
baghdad:BAG-TRK-L2-012:trk-30-trackform-rail,BAG-TRK-L2-012,line-2,track-section,track crew,2,2288,2416,,,
baghdad:BAG-TRK-L4-006:trk-20-subgrade-drainage,BAG-TRK-L4-006,line-4,track-section,corridor civil crew,1,4352,4408,,,
baghdad:BAG-SIG-091:wpt-10-cabinet-bench,BAG-SIG-091,line-5,signalling-comms,wayside bench,1,760,784,,,
baghdad:BAG-SW-129:sw-10-turnout-build,BAG-SW-129,line-7,switch,track/switch crew,2,2640,2680,,,
baghdad:BAG-SIG-089:wpt-10-cabinet-bench,BAG-SIG-089,line-5,signalling-comms,wayside bench,2,736,760,,,
baghdad:BAG-SIG-090:wpt-10-cabinet-bench,BAG-SIG-090,line-5,signalling-comms,wayside bench,3,736,760,,,
baghdad:BAG-SW-132:sw-10-turnout-build,BAG-SW-132,line-8,switch,track/switch crew,1,2696,2736,,,
baghdad:BAG-EN-031:en-10-energy-build,BAG-EN-031,line-2,energy,energy crew,1,1840,1920,,,
baghdad:BAG-EN-032:en-10-energy-build,BAG-EN-032,line-2,energy,energy crew,2,1840,1920,,,
baghdad:BAG-SIG-094:wpt-10-cabinet-bench,BAG-SIG-094,line-5,signalling-comms,wayside bench,1,784,808,,,
baghdad:BAG-SIG-092:wpt-10-cabinet-bench,BAG-SIG-092,line-5,signalling-comms,wayside bench,2,760,784,,,
baghdad:BAG-SIG-093:wpt-10-cabinet-bench,BAG-SIG-093,line-5,signalling-comms,wayside bench,3,760,784,,,
baghdad:BAG-ST-039:st-10-civil-structure,BAG-ST-039,line-2,station,station civil crew,2,2496,2608,,,
baghdad:BAG-ST-051:st-10-civil-structure,BAG-ST-051,line-3,station,station civil crew,1,3400,3512,,,
baghdad:BAG-SW-131:sw-10-turnout-build,BAG-SW-131,line-8,switch,track/switch crew,2,2680,2720,,,
baghdad:BAG-TRK-L4-007:trk-10-survey-utility,BAG-TRK-L4-007,line-4,track-section,corridor civil crew,1,4408,4424,,,
baghdad:BAG-SIG-097:wpt-10-cabinet-bench,BAG-SIG-097,line-6,signalling-comms,wayside bench,1,808,832,,,
baghdad:BAG-SW-004:sw-20-install-proof,BAG-SW-004,line-2,switch,track/switch crew,1,2840,2872,,,
baghdad:BAG-SIG-095:wpt-10-cabinet-bench,BAG-SIG-095,line-5,signalling-comms,wayside bench,2,784,808,,,
baghdad:BAG-SIG-096:wpt-10-cabinet-bench,BAG-SIG-096,line-5,signalling-comms,wayside bench,3,784,808,,,
baghdad:BAG-TRK-L4-007:trk-20-subgrade-drainage,BAG-TRK-L4-007,line-4,track-section,corridor civil crew,1,4424,4480,,,
baghdad:BAG-ST-003:st-20-mep-passenger-systems,BAG-ST-003,line-1,station,station systems crew,1,296,376,,,
baghdad:BAG-SIG-100:wpt-10-cabinet-bench,BAG-SIG-100,line-6,signalling-comms,wayside bench,1,832,856,,,
baghdad:BAG-RS-L1-002:rs-10-material-kit,BAG-RS-L1-002,line-1,rolling-stock,Baghdad trainset kitting,1,4448,4480,,,
baghdad:BAG-RS-L1-003:rs-10-material-kit,BAG-RS-L1-003,line-1,rolling-stock,Baghdad trainset kitting,2,4448,4480,,,
baghdad:BAG-RS-L1-004:rs-10-material-kit,BAG-RS-L1-004,line-1,rolling-stock,Baghdad trainset kitting,3,4448,4480,,,
baghdad:BAG-RS-L1-005:rs-10-material-kit,BAG-RS-L1-005,line-1,rolling-stock,Baghdad trainset kitting,4,4448,4480,,,
baghdad:BAG-SIG-098:wpt-10-cabinet-bench,BAG-SIG-098,line-6,signalling-comms,wayside bench,2,808,832,,,
baghdad:BAG-SIG-099:wpt-10-cabinet-bench,BAG-SIG-099,line-6,signalling-comms,wayside bench,3,808,832,,,
baghdad:BAG-SW-005:sw-20-install-proof,BAG-SW-005,line-2,switch,track/switch crew,2,2840,2872,,,
baghdad:BAG-SW-006:sw-20-install-proof,BAG-SW-006,line-2,switch,track/switch crew,1,2872,2904,,,
baghdad:BAG-TRK-L4-008:trk-10-survey-utility,BAG-TRK-L4-008,line-4,track-section,corridor civil crew,2,4456,4488,,,
baghdad:BAG-SIG-103:wpt-10-cabinet-bench,BAG-SIG-103,line-6,signalling-comms,wayside bench,1,856,880,,,
baghdad:BAG-EN-031:en-20-energy-commission,BAG-EN-031,line-2,energy,energy crew,1,1920,1960,,,
baghdad:BAG-EN-032:en-20-energy-commission,BAG-EN-032,line-2,energy,energy crew,2,1920,1960,,,
baghdad:BAG-SIG-101:wpt-10-cabinet-bench,BAG-SIG-101,line-6,signalling-comms,wayside bench,2,832,856,,,
baghdad:BAG-SIG-102:wpt-10-cabinet-bench,BAG-SIG-102,line-6,signalling-comms,wayside bench,3,832,856,,,
baghdad:BAG-RS-L1-002:rs-20-carbody-bogie,BAG-RS-L1-002,line-1,rolling-stock,Baghdad six-car structural assembly,1,4480,4712,,,
baghdad:BAG-RS-L1-003:rs-20-carbody-bogie,BAG-RS-L1-003,line-1,rolling-stock,Baghdad six-car structural assembly,2,4480,4712,,,
baghdad:BAG-RS-L1-004:rs-20-carbody-bogie,BAG-RS-L1-004,line-1,rolling-stock,Baghdad six-car structural assembly,3,4480,4712,,,
baghdad:BAG-RS-L1-005:rs-20-carbody-bogie,BAG-RS-L1-005,line-1,rolling-stock,Baghdad six-car structural assembly,4,4480,4712,,,
baghdad:BAG-RS-L1-006:rs-10-material-kit,BAG-RS-L1-006,line-1,rolling-stock,Baghdad trainset kitting,1,4480,4512,,,
baghdad:BAG-RS-L1-007:rs-10-material-kit,BAG-RS-L1-007,line-1,rolling-stock,Baghdad trainset kitting,2,4480,4512,,,
baghdad:BAG-RS-L1-008:rs-10-material-kit,BAG-RS-L1-008,line-1,rolling-stock,Baghdad trainset kitting,3,4480,4512,,,
baghdad:BAG-RS-L1-009:rs-10-material-kit,BAG-RS-L1-009,line-1,rolling-stock,Baghdad trainset kitting,4,4480,4512,,,
baghdad:BAG-SW-007:sw-20-install-proof,BAG-SW-007,line-2,switch,track/switch crew,2,2872,2904,,,
baghdad:BAG-SW-008:sw-20-install-proof,BAG-SW-008,line-2,switch,track/switch crew,1,2904,2936,,,
baghdad:BAG-TRK-L2-016:trk-30-trackform-rail,BAG-TRK-L2-016,line-2,track-section,track crew,2,2472,2592,,,
baghdad:BAG-TRK-L3-002:trk-30-trackform-rail,BAG-TRK-L3-002,line-3,track-section,track crew,1,2896,3040,,,
baghdad:BAG-TRK-L4-009:trk-10-survey-utility,BAG-TRK-L4-009,line-4,track-section,corridor civil crew,1,4480,4512,,,
baghdad:BAG-SIG-106:wpt-10-cabinet-bench,BAG-SIG-106,line-6,signalling-comms,wayside bench,1,880,904,,,
baghdad:BAG-TRK-L4-008:trk-20-subgrade-drainage,BAG-TRK-L4-008,line-4,track-section,corridor civil crew,2,4488,4616,,,
baghdad:BAG-SIG-104:wpt-10-cabinet-bench,BAG-SIG-104,line-6,signalling-comms,wayside bench,2,856,880,,,
baghdad:BAG-SIG-105:wpt-10-cabinet-bench,BAG-SIG-105,line-6,signalling-comms,wayside bench,3,856,880,,,
baghdad:BAG-EN-033:en-10-energy-build,BAG-EN-033,line-2,energy,energy crew,1,1960,2040,,,
baghdad:BAG-EN-034:en-10-energy-build,BAG-EN-034,line-2,energy,energy crew,2,1960,2040,,,
baghdad:BAG-RS-L1-006:rs-20-carbody-bogie,BAG-RS-L1-006,line-1,rolling-stock,Baghdad six-car structural assembly,5,4512,4744,,,
baghdad:BAG-RS-L1-007:rs-20-carbody-bogie,BAG-RS-L1-007,line-1,rolling-stock,Baghdad six-car structural assembly,6,4512,4744,,,
baghdad:BAG-RS-L1-008:rs-20-carbody-bogie,BAG-RS-L1-008,line-1,rolling-stock,Baghdad six-car structural assembly,7,4512,4744,,,
baghdad:BAG-RS-L1-009:rs-20-carbody-bogie,BAG-RS-L1-009,line-1,rolling-stock,Baghdad six-car structural assembly,8,4512,4744,,,
baghdad:BAG-RS-L1-010:rs-10-material-kit,BAG-RS-L1-010,line-1,rolling-stock,Baghdad trainset kitting,1,4512,4544,,,
baghdad:BAG-RS-L1-011:rs-10-material-kit,BAG-RS-L1-011,line-1,rolling-stock,Baghdad trainset kitting,2,4512,4544,,,
baghdad:BAG-RS-L1-012:rs-10-material-kit,BAG-RS-L1-012,line-1,rolling-stock,Baghdad trainset kitting,3,4512,4544,,,
baghdad:BAG-RS-L1-013:rs-10-material-kit,BAG-RS-L1-013,line-1,rolling-stock,Baghdad trainset kitting,4,4512,4544,,,
baghdad:BAG-SIG-109:wpt-10-cabinet-bench,BAG-SIG-109,line-6,signalling-comms,wayside bench,1,904,928,,,
baghdad:BAG-ST-005:st-20-mep-passenger-systems,BAG-ST-005,line-1,station,station systems crew,1,408,488,,,
baghdad:BAG-ST-041:st-10-civil-structure,BAG-ST-041,line-3,station,station civil crew,2,2648,2760,,,
baghdad:BAG-ST-053:st-10-civil-structure,BAG-ST-053,line-3,station,station civil crew,1,3512,3624,,,
baghdad:BAG-SW-009:sw-20-install-proof,BAG-SW-009,line-2,switch,track/switch crew,2,2904,2936,,,
baghdad:BAG-SW-010:sw-20-install-proof,BAG-SW-010,line-2,switch,track/switch crew,1,2936,2968,,,
baghdad:BAG-TRK-L4-009:trk-20-subgrade-drainage,BAG-TRK-L4-009,line-4,track-section,corridor civil crew,1,4512,4640,,,
baghdad:BAG-SIG-107:wpt-10-cabinet-bench,BAG-SIG-107,line-6,signalling-comms,wayside bench,2,880,904,,,
baghdad:BAG-SIG-108:wpt-10-cabinet-bench,BAG-SIG-108,line-6,signalling-comms,wayside bench,3,880,904,,,
baghdad:BAG-SIG-112:wpt-10-cabinet-bench,BAG-SIG-112,line-6,signalling-comms,wayside bench,1,928,952,,,
baghdad:BAG-RS-L1-010:rs-20-carbody-bogie,BAG-RS-L1-010,line-1,rolling-stock,Baghdad six-car structural assembly,9,4544,4776,,,
baghdad:BAG-RS-L1-011:rs-20-carbody-bogie,BAG-RS-L1-011,line-1,rolling-stock,Baghdad six-car structural assembly,10,4544,4776,,,
baghdad:BAG-RS-L1-012:rs-20-carbody-bogie,BAG-RS-L1-012,line-1,rolling-stock,Baghdad six-car structural assembly,11,4544,4776,,,
baghdad:BAG-RS-L1-013:rs-20-carbody-bogie,BAG-RS-L1-013,line-1,rolling-stock,Baghdad six-car structural assembly,12,4544,4776,,,
baghdad:BAG-RS-L1-014:rs-10-material-kit,BAG-RS-L1-014,line-1,rolling-stock,Baghdad trainset kitting,1,4544,4576,,,
baghdad:BAG-RS-L1-015:rs-10-material-kit,BAG-RS-L1-015,line-1,rolling-stock,Baghdad trainset kitting,2,4544,4576,,,
baghdad:BAG-RS-L1-016:rs-10-material-kit,BAG-RS-L1-016,line-1,rolling-stock,Baghdad trainset kitting,3,4544,4576,,,
baghdad:BAG-RS-L1-017:rs-10-material-kit,BAG-RS-L1-017,line-1,rolling-stock,Baghdad trainset kitting,4,4544,4576,,,
baghdad:BAG-SIG-110:wpt-10-cabinet-bench,BAG-SIG-110,line-6,signalling-comms,wayside bench,2,904,928,,,
baghdad:BAG-SIG-111:wpt-10-cabinet-bench,BAG-SIG-111,line-6,signalling-comms,wayside bench,3,904,928,,,
baghdad:BAG-SW-011:sw-20-install-proof,BAG-SW-011,line-2,switch,track/switch crew,2,2936,2968,,,
baghdad:BAG-SW-012:sw-20-install-proof,BAG-SW-012,line-2,switch,track/switch crew,1,2968,3000,,,
baghdad:BAG-SIG-115:wpt-10-cabinet-bench,BAG-SIG-115,line-6,signalling-comms,wayside bench,1,952,976,,,
baghdad:BAG-SIG-113:wpt-10-cabinet-bench,BAG-SIG-113,line-6,signalling-comms,wayside bench,2,928,952,,,
baghdad:BAG-SIG-114:wpt-10-cabinet-bench,BAG-SIG-114,line-6,signalling-comms,wayside bench,3,928,952,,,
baghdad:BAG-RS-L1-014:rs-20-carbody-bogie,BAG-RS-L1-014,line-1,rolling-stock,Baghdad six-car structural assembly,13,4576,4808,,,
baghdad:BAG-RS-L1-015:rs-20-carbody-bogie,BAG-RS-L1-015,line-1,rolling-stock,Baghdad six-car structural assembly,14,4576,4808,,,
baghdad:BAG-RS-L1-016:rs-20-carbody-bogie,BAG-RS-L1-016,line-1,rolling-stock,Baghdad six-car structural assembly,15,4576,4808,,,
baghdad:BAG-RS-L1-017:rs-20-carbody-bogie,BAG-RS-L1-017,line-1,rolling-stock,Baghdad six-car structural assembly,16,4576,4808,,,
baghdad:BAG-RS-L1-018:rs-10-material-kit,BAG-RS-L1-018,line-1,rolling-stock,Baghdad trainset kitting,1,4576,4608,,,
baghdad:BAG-RS-L1-019:rs-10-material-kit,BAG-RS-L1-019,line-1,rolling-stock,Baghdad trainset kitting,2,4576,4608,,,
baghdad:BAG-RS-L1-020:rs-10-material-kit,BAG-RS-L1-020,line-1,rolling-stock,Baghdad trainset kitting,3,4576,4608,,,
baghdad:BAG-RS-L1-021:rs-10-material-kit,BAG-RS-L1-021,line-1,rolling-stock,Baghdad trainset kitting,4,4576,4608,,,
baghdad:BAG-SW-013:sw-20-install-proof,BAG-SW-013,line-2,switch,track/switch crew,2,2968,3000,,,
baghdad:BAG-SW-014:sw-20-install-proof,BAG-SW-014,line-2,switch,track/switch crew,1,3000,3032,,,
baghdad:BAG-SIG-118:wpt-10-cabinet-bench,BAG-SIG-118,line-7,signalling-comms,wayside bench,1,976,1000,,,
baghdad:BAG-EN-033:en-20-energy-commission,BAG-EN-033,line-2,energy,energy crew,1,2040,2080,,,
baghdad:BAG-EN-034:en-20-energy-commission,BAG-EN-034,line-2,energy,energy crew,2,2040,2080,,,
baghdad:BAG-SIG-116:wpt-10-cabinet-bench,BAG-SIG-116,line-6,signalling-comms,wayside bench,2,952,976,,,
baghdad:BAG-SIG-117:wpt-10-cabinet-bench,BAG-SIG-117,line-6,signalling-comms,wayside bench,3,952,976,,,
baghdad:BAG-ST-007:st-20-mep-passenger-systems,BAG-ST-007,line-1,station,station systems crew,1,520,600,,,
baghdad:BAG-TRK-L2-018:trk-30-trackform-rail,BAG-TRK-L2-018,line-2,track-section,track crew,2,2616,2736,,,
baghdad:BAG-RS-L1-018:rs-20-carbody-bogie,BAG-RS-L1-018,line-1,rolling-stock,Baghdad six-car structural assembly,17,4608,4840,,,
baghdad:BAG-RS-L1-019:rs-20-carbody-bogie,BAG-RS-L1-019,line-1,rolling-stock,Baghdad six-car structural assembly,18,4608,4840,,,
baghdad:BAG-RS-L1-020:rs-20-carbody-bogie,BAG-RS-L1-020,line-1,rolling-stock,Baghdad six-car structural assembly,19,4608,4840,,,
baghdad:BAG-RS-L1-021:rs-20-carbody-bogie,BAG-RS-L1-021,line-1,rolling-stock,Baghdad six-car structural assembly,20,4608,4840,,,
baghdad:BAG-RS-L1-022:rs-10-material-kit,BAG-RS-L1-022,line-1,rolling-stock,Baghdad trainset kitting,1,4608,4640,,,
baghdad:BAG-RS-L1-023:rs-10-material-kit,BAG-RS-L1-023,line-1,rolling-stock,Baghdad trainset kitting,2,4608,4640,,,
baghdad:BAG-RS-L1-024:rs-10-material-kit,BAG-RS-L1-024,line-1,rolling-stock,Baghdad trainset kitting,3,4608,4640,,,
baghdad:BAG-RS-L1-025:rs-10-material-kit,BAG-RS-L1-025,line-1,rolling-stock,Baghdad trainset kitting,4,4608,4640,,,
baghdad:BAG-SIG-121:wpt-10-cabinet-bench,BAG-SIG-121,line-7,signalling-comms,wayside bench,1,1000,1024,,,
baghdad:BAG-SW-015:sw-20-install-proof,BAG-SW-015,line-2,switch,track/switch crew,2,3000,3032,,,
baghdad:BAG-SW-016:sw-20-install-proof,BAG-SW-016,line-2,switch,track/switch crew,1,3032,3064,,,
baghdad:BAG-SIG-119:wpt-10-cabinet-bench,BAG-SIG-119,line-7,signalling-comms,wayside bench,2,976,1000,,,
baghdad:BAG-SIG-120:wpt-10-cabinet-bench,BAG-SIG-120,line-7,signalling-comms,wayside bench,3,976,1000,,,
baghdad:BAG-TRK-L4-010:trk-10-survey-utility,BAG-TRK-L4-010,line-4,track-section,corridor civil crew,2,4616,4648,,,
baghdad:BAG-ST-043:st-10-civil-structure,BAG-ST-043,line-3,station,station civil crew,2,2760,2872,,,
baghdad:BAG-ST-055:st-10-civil-structure,BAG-ST-055,line-3,station,station civil crew,1,3624,3736,,,
baghdad:BAG-TRK-L3-003:trk-30-trackform-rail,BAG-TRK-L3-003,line-3,track-section,track crew,1,3096,3344,,,
baghdad:BAG-EN-035:en-10-energy-build,BAG-EN-035,line-2,energy,energy crew,1,2080,2160,,,
baghdad:BAG-EN-036:en-10-energy-build,BAG-EN-036,line-2,energy,energy crew,2,2080,2160,,,
baghdad:BAG-SIG-124:wpt-10-cabinet-bench,BAG-SIG-124,line-7,signalling-comms,wayside bench,1,1024,1048,,,
baghdad:BAG-RS-L1-022:rs-20-carbody-bogie,BAG-RS-L1-022,line-1,rolling-stock,Baghdad six-car structural assembly,21,4640,4872,,,
baghdad:BAG-RS-L1-023:rs-20-carbody-bogie,BAG-RS-L1-023,line-1,rolling-stock,Baghdad six-car structural assembly,22,4640,4872,,,
baghdad:BAG-RS-L1-024:rs-20-carbody-bogie,BAG-RS-L1-024,line-1,rolling-stock,Baghdad six-car structural assembly,23,4640,4872,,,
baghdad:BAG-RS-L1-025:rs-20-carbody-bogie,BAG-RS-L1-025,line-1,rolling-stock,Baghdad six-car structural assembly,24,4640,4872,,,
baghdad:BAG-RS-L1-026:rs-10-material-kit,BAG-RS-L1-026,line-1,rolling-stock,Baghdad trainset kitting,1,4640,4672,,,
baghdad:BAG-RS-L1-027:rs-10-material-kit,BAG-RS-L1-027,line-1,rolling-stock,Baghdad trainset kitting,2,4640,4672,,,
baghdad:BAG-RS-L1-028:rs-10-material-kit,BAG-RS-L1-028,line-1,rolling-stock,Baghdad trainset kitting,3,4640,4672,,,
baghdad:BAG-RS-L1-029:rs-10-material-kit,BAG-RS-L1-029,line-1,rolling-stock,Baghdad trainset kitting,4,4640,4672,,,
baghdad:BAG-SIG-122:wpt-10-cabinet-bench,BAG-SIG-122,line-7,signalling-comms,wayside bench,2,1000,1024,,,
baghdad:BAG-SIG-123:wpt-10-cabinet-bench,BAG-SIG-123,line-7,signalling-comms,wayside bench,3,1000,1024,,,
baghdad:BAG-SW-017:sw-20-install-proof,BAG-SW-017,line-2,switch,track/switch crew,2,3032,3064,,,
baghdad:BAG-SW-018:sw-20-install-proof,BAG-SW-018,line-2,switch,track/switch crew,1,3064,3096,,,
baghdad:BAG-TRK-L4-011:trk-10-survey-utility,BAG-TRK-L4-011,line-4,track-section,corridor civil crew,1,4640,4656,,,
baghdad:BAG-TRK-L4-010:trk-20-subgrade-drainage,BAG-TRK-L4-010,line-4,track-section,corridor civil crew,2,4648,4800,,,
baghdad:BAG-SIG-127:wpt-10-cabinet-bench,BAG-SIG-127,line-7,signalling-comms,wayside bench,1,1048,1072,,,
baghdad:BAG-TRK-L4-011:trk-20-subgrade-drainage,BAG-TRK-L4-011,line-4,track-section,corridor civil crew,1,4656,4736,,,
baghdad:BAG-SIG-125:wpt-10-cabinet-bench,BAG-SIG-125,line-7,signalling-comms,wayside bench,2,1024,1048,,,
baghdad:BAG-SIG-126:wpt-10-cabinet-bench,BAG-SIG-126,line-7,signalling-comms,wayside bench,3,1024,1048,,,
baghdad:BAG-RS-L1-026:rs-20-carbody-bogie,BAG-RS-L1-026,line-1,rolling-stock,Baghdad six-car structural assembly,25,4672,4904,,,
baghdad:BAG-RS-L1-027:rs-20-carbody-bogie,BAG-RS-L1-027,line-1,rolling-stock,Baghdad six-car structural assembly,26,4672,4904,,,
baghdad:BAG-RS-L1-030:rs-10-material-kit,BAG-RS-L1-030,line-1,rolling-stock,Baghdad trainset kitting,1,4672,4704,,,
baghdad:BAG-RS-L1-031:rs-10-material-kit,BAG-RS-L1-031,line-1,rolling-stock,Baghdad trainset kitting,2,4672,4704,,,
baghdad:BAG-RS-L1-032:rs-10-material-kit,BAG-RS-L1-032,line-1,rolling-stock,Baghdad trainset kitting,3,4672,4704,,,
baghdad:BAG-RS-L1-033:rs-10-material-kit,BAG-RS-L1-033,line-1,rolling-stock,Baghdad trainset kitting,4,4672,4704,,,
baghdad:BAG-ST-008:st-20-mep-passenger-systems,BAG-ST-008,line-1,station,station systems crew,1,632,712,,,
baghdad:BAG-SW-019:sw-20-install-proof,BAG-SW-019,line-2,switch,track/switch crew,2,3064,3096,,,
baghdad:BAG-SW-020:sw-20-install-proof,BAG-SW-020,line-2,switch,track/switch crew,1,3096,3128,,,
baghdad:BAG-SIG-130:wpt-10-cabinet-bench,BAG-SIG-130,line-7,signalling-comms,wayside bench,1,1072,1096,,,
baghdad:BAG-SIG-128:wpt-10-cabinet-bench,BAG-SIG-128,line-7,signalling-comms,wayside bench,2,1048,1072,,,
baghdad:BAG-SIG-129:wpt-10-cabinet-bench,BAG-SIG-129,line-7,signalling-comms,wayside bench,3,1048,1072,,,
baghdad:BAG-ST-002:st-20-mep-passenger-systems,BAG-ST-002,line-1,station,station systems crew,2,184,264,,,
baghdad:BAG-RS-L1-034:rs-10-material-kit,BAG-RS-L1-034,line-1,rolling-stock,Baghdad trainset kitting,1,4704,4736,,,
baghdad:BAG-RS-L1-035:rs-10-material-kit,BAG-RS-L1-035,line-1,rolling-stock,Baghdad trainset kitting,2,4704,4736,,,
baghdad:BAG-RS-L1-036:rs-10-material-kit,BAG-RS-L1-036,line-1,rolling-stock,Baghdad trainset kitting,3,4704,4736,,,
baghdad:BAG-RS-L1-037:rs-10-material-kit,BAG-RS-L1-037,line-1,rolling-stock,Baghdad trainset kitting,4,4704,4736,,,
baghdad:BAG-SIG-133:wpt-10-cabinet-bench,BAG-SIG-133,line-7,signalling-comms,wayside bench,1,1096,1120,,,
baghdad:BAG-SW-021:sw-20-install-proof,BAG-SW-021,line-2,switch,track/switch crew,2,3096,3128,,,
baghdad:BAG-SW-022:sw-20-install-proof,BAG-SW-022,line-2,switch,track/switch crew,1,3128,3160,,,
baghdad:BAG-EN-035:en-20-energy-commission,BAG-EN-035,line-2,energy,energy crew,1,2160,2200,,,
baghdad:BAG-EN-036:en-20-energy-commission,BAG-EN-036,line-2,energy,energy crew,2,2160,2200,,,
baghdad:BAG-RS-L1-002:rs-23-moulded-body-modules,BAG-RS-L1-002,line-1,rolling-stock,Baghdad six-car composite kits,1,4712,4808,,,
baghdad:BAG-RS-L1-003:rs-23-moulded-body-modules,BAG-RS-L1-003,line-1,rolling-stock,Baghdad six-car composite kits,2,4712,4808,,,
baghdad:BAG-RS-L1-004:rs-23-moulded-body-modules,BAG-RS-L1-004,line-1,rolling-stock,Baghdad six-car composite kits,3,4712,4808,,,
baghdad:BAG-RS-L1-005:rs-23-moulded-body-modules,BAG-RS-L1-005,line-1,rolling-stock,Baghdad six-car composite kits,4,4712,4808,,,
baghdad:BAG-RS-L1-028:rs-20-carbody-bogie,BAG-RS-L1-028,line-1,rolling-stock,Baghdad six-car structural assembly,1,4712,4944,,,
baghdad:BAG-RS-L1-029:rs-20-carbody-bogie,BAG-RS-L1-029,line-1,rolling-stock,Baghdad six-car structural assembly,2,4712,4944,,,
baghdad:BAG-RS-L1-030:rs-20-carbody-bogie,BAG-RS-L1-030,line-1,rolling-stock,Baghdad six-car structural assembly,3,4712,4944,,,
baghdad:BAG-RS-L1-031:rs-20-carbody-bogie,BAG-RS-L1-031,line-1,rolling-stock,Baghdad six-car structural assembly,4,4712,4944,,,
baghdad:BAG-SIG-001:wpt-20-install-commission,BAG-SIG-001,line-1,signalling-comms,wayside systems crew,1,360,392,,,
baghdad:BAG-SIG-131:wpt-10-cabinet-bench,BAG-SIG-131,line-7,signalling-comms,wayside bench,2,1072,1096,,,
baghdad:BAG-SIG-132:wpt-10-cabinet-bench,BAG-SIG-132,line-7,signalling-comms,wayside bench,3,1072,1096,,,
baghdad:BAG-TRK-L3-001:trk-30-trackform-rail,BAG-TRK-L3-001,line-3,track-section,track crew,2,2792,2936,,,
baghdad:BAG-SIG-136:wpt-10-cabinet-bench,BAG-SIG-136,line-8,signalling-comms,wayside bench,1,1120,1144,,,
baghdad:BAG-RS-L1-038:rs-10-material-kit,BAG-RS-L1-038,line-1,rolling-stock,Baghdad trainset kitting,1,4736,4768,,,
baghdad:BAG-RS-L1-039:rs-10-material-kit,BAG-RS-L1-039,line-1,rolling-stock,Baghdad trainset kitting,2,4736,4768,,,
baghdad:BAG-RS-L1-040:rs-10-material-kit,BAG-RS-L1-040,line-1,rolling-stock,Baghdad trainset kitting,3,4736,4768,,,
baghdad:BAG-RS-L1-041:rs-10-material-kit,BAG-RS-L1-041,line-1,rolling-stock,Baghdad trainset kitting,4,4736,4768,,,
baghdad:BAG-SIG-134:wpt-10-cabinet-bench,BAG-SIG-134,line-8,signalling-comms,wayside bench,2,1096,1120,,,
baghdad:BAG-SIG-135:wpt-10-cabinet-bench,BAG-SIG-135,line-8,signalling-comms,wayside bench,3,1096,1120,,,
baghdad:BAG-ST-045:st-10-civil-structure,BAG-ST-045,line-3,station,station civil crew,2,2920,3032,,,
baghdad:BAG-ST-057:st-10-civil-structure,BAG-ST-057,line-3,station,station civil crew,1,3736,3848,,,
baghdad:BAG-SW-023:sw-20-install-proof,BAG-SW-023,line-2,switch,track/switch crew,2,3128,3160,,,
baghdad:BAG-SW-024:sw-20-install-proof,BAG-SW-024,line-2,switch,track/switch crew,1,3160,3192,,,
baghdad:BAG-TRK-L4-012:trk-10-survey-utility,BAG-TRK-L4-012,line-4,track-section,corridor civil crew,1,4736,4760,,,
baghdad:BAG-RS-L1-006:rs-23-moulded-body-modules,BAG-RS-L1-006,line-1,rolling-stock,Baghdad six-car composite kits,5,4744,4840,,,
baghdad:BAG-RS-L1-007:rs-23-moulded-body-modules,BAG-RS-L1-007,line-1,rolling-stock,Baghdad six-car composite kits,6,4744,4840,,,
baghdad:BAG-RS-L1-008:rs-23-moulded-body-modules,BAG-RS-L1-008,line-1,rolling-stock,Baghdad six-car composite kits,7,4744,4840,,,
baghdad:BAG-RS-L1-009:rs-23-moulded-body-modules,BAG-RS-L1-009,line-1,rolling-stock,Baghdad six-car composite kits,8,4744,4840,,,
baghdad:BAG-RS-L1-032:rs-20-carbody-bogie,BAG-RS-L1-032,line-1,rolling-stock,Baghdad six-car structural assembly,5,4744,4976,,,
baghdad:BAG-RS-L1-033:rs-20-carbody-bogie,BAG-RS-L1-033,line-1,rolling-stock,Baghdad six-car structural assembly,6,4744,4976,,,
baghdad:BAG-RS-L1-034:rs-20-carbody-bogie,BAG-RS-L1-034,line-1,rolling-stock,Baghdad six-car structural assembly,7,4744,4976,,,
baghdad:BAG-RS-L1-035:rs-20-carbody-bogie,BAG-RS-L1-035,line-1,rolling-stock,Baghdad six-car structural assembly,8,4744,4976,,,
baghdad:BAG-SIG-004:wpt-20-install-commission,BAG-SIG-004,line-1,signalling-comms,wayside systems crew,1,536,568,,,
baghdad:BAG-EN-037:en-10-energy-build,BAG-EN-037,line-2,energy,energy crew,1,2200,2280,,,
baghdad:BAG-EN-038:en-10-energy-build,BAG-EN-038,line-2,energy,energy crew,2,2200,2280,,,
baghdad:BAG-SIG-139:wpt-10-cabinet-bench,BAG-SIG-139,line-8,signalling-comms,wayside bench,1,1144,1168,,,
baghdad:BAG-ST-010:st-20-mep-passenger-systems,BAG-ST-010,line-1,station,station systems crew,1,744,824,,,
baghdad:BAG-SIG-137:wpt-10-cabinet-bench,BAG-SIG-137,line-8,signalling-comms,wayside bench,2,1120,1144,,,
baghdad:BAG-SIG-138:wpt-10-cabinet-bench,BAG-SIG-138,line-8,signalling-comms,wayside bench,3,1120,1144,,,
baghdad:BAG-TRK-L4-012:trk-20-subgrade-drainage,BAG-TRK-L4-012,line-4,track-section,corridor civil crew,1,4760,4872,,,
baghdad:BAG-RS-L1-042:rs-10-material-kit,BAG-RS-L1-042,line-1,rolling-stock,Baghdad trainset kitting,1,4768,4800,,,
baghdad:BAG-RS-L1-043:rs-10-material-kit,BAG-RS-L1-043,line-1,rolling-stock,Baghdad trainset kitting,2,4768,4800,,,
baghdad:BAG-RS-L1-044:rs-10-material-kit,BAG-RS-L1-044,line-1,rolling-stock,Baghdad trainset kitting,3,4768,4800,,,
baghdad:BAG-RS-L1-045:rs-10-material-kit,BAG-RS-L1-045,line-1,rolling-stock,Baghdad trainset kitting,4,4768,4800,,,
baghdad:BAG-SW-025:sw-20-install-proof,BAG-SW-025,line-2,switch,track/switch crew,2,3160,3192,,,
baghdad:BAG-SW-026:sw-20-install-proof,BAG-SW-026,line-2,switch,track/switch crew,1,3192,3224,,,
baghdad:BAG-RS-L1-010:rs-23-moulded-body-modules,BAG-RS-L1-010,line-1,rolling-stock,Baghdad six-car composite kits,9,4776,4872,,,
baghdad:BAG-RS-L1-011:rs-23-moulded-body-modules,BAG-RS-L1-011,line-1,rolling-stock,Baghdad six-car composite kits,10,4776,4872,,,
baghdad:BAG-RS-L1-012:rs-23-moulded-body-modules,BAG-RS-L1-012,line-1,rolling-stock,Baghdad six-car composite kits,11,4776,4872,,,
baghdad:BAG-RS-L1-036:rs-20-carbody-bogie,BAG-RS-L1-036,line-1,rolling-stock,Baghdad six-car structural assembly,9,4776,5008,,,
baghdad:BAG-RS-L1-037:rs-20-carbody-bogie,BAG-RS-L1-037,line-1,rolling-stock,Baghdad six-car structural assembly,10,4776,5008,,,
baghdad:BAG-RS-L1-038:rs-20-carbody-bogie,BAG-RS-L1-038,line-1,rolling-stock,Baghdad six-car structural assembly,11,4776,5008,,,
baghdad:BAG-RS-L1-039:rs-20-carbody-bogie,BAG-RS-L1-039,line-1,rolling-stock,Baghdad six-car structural assembly,12,4776,5008,,,
baghdad:BAG-SIG-007:wpt-20-install-commission,BAG-SIG-007,line-1,signalling-comms,wayside systems crew,1,600,632,,,
baghdad:BAG-SIG-142:wpt-10-cabinet-bench,BAG-SIG-142,line-8,signalling-comms,wayside bench,1,1168,1192,,,
baghdad:BAG-ST-004:st-20-mep-passenger-systems,BAG-ST-004,line-1,station,station systems crew,2,360,440,,,
baghdad:BAG-SIG-140:wpt-10-cabinet-bench,BAG-SIG-140,line-8,signalling-comms,wayside bench,2,1144,1168,,,
baghdad:BAG-SIG-141:wpt-10-cabinet-bench,BAG-SIG-141,line-8,signalling-comms,wayside bench,3,1144,1168,,,
baghdad:BAG-RS-L1-046:rs-10-material-kit,BAG-RS-L1-046,line-1,rolling-stock,Baghdad trainset kitting,1,4800,4832,,,
baghdad:BAG-RS-L1-047:rs-10-material-kit,BAG-RS-L1-047,line-1,rolling-stock,Baghdad trainset kitting,2,4800,4832,,,
baghdad:BAG-RS-L1-048:rs-10-material-kit,BAG-RS-L1-048,line-1,rolling-stock,Baghdad trainset kitting,3,4800,4832,,,
baghdad:BAG-RS-L1-049:rs-10-material-kit,BAG-RS-L1-049,line-1,rolling-stock,Baghdad trainset kitting,4,4800,4832,,,
baghdad:BAG-SIG-145:wpt-10-cabinet-bench,BAG-SIG-145,line-8,signalling-comms,wayside bench,1,1192,1216,,,
baghdad:BAG-SW-027:sw-20-install-proof,BAG-SW-027,line-2,switch,track/switch crew,2,3192,3224,,,
baghdad:BAG-SW-028:sw-20-install-proof,BAG-SW-028,line-2,switch,track/switch crew,1,3224,3256,,,
baghdad:BAG-TRK-L4-013:trk-10-survey-utility,BAG-TRK-L4-013,line-4,track-section,corridor civil crew,2,4800,4824,,,
baghdad:BAG-RS-L1-002:rs-25-clip-on-body,BAG-RS-L1-002,line-1,rolling-stock,Baghdad six-car body installation,1,4808,4832,,,
baghdad:BAG-RS-L1-003:rs-25-clip-on-body,BAG-RS-L1-003,line-1,rolling-stock,Baghdad six-car body installation,2,4808,4832,,,
baghdad:BAG-RS-L1-004:rs-25-clip-on-body,BAG-RS-L1-004,line-1,rolling-stock,Baghdad six-car body installation,3,4808,4832,,,
baghdad:BAG-RS-L1-013:rs-23-moulded-body-modules,BAG-RS-L1-013,line-1,rolling-stock,Baghdad six-car composite kits,1,4808,4904,,,
baghdad:BAG-RS-L1-014:rs-23-moulded-body-modules,BAG-RS-L1-014,line-1,rolling-stock,Baghdad six-car composite kits,2,4808,4904,,,
baghdad:BAG-RS-L1-015:rs-23-moulded-body-modules,BAG-RS-L1-015,line-1,rolling-stock,Baghdad six-car composite kits,3,4808,4904,,,
baghdad:BAG-RS-L1-016:rs-23-moulded-body-modules,BAG-RS-L1-016,line-1,rolling-stock,Baghdad six-car composite kits,4,4808,4904,,,
baghdad:BAG-RS-L1-040:rs-20-carbody-bogie,BAG-RS-L1-040,line-1,rolling-stock,Baghdad six-car structural assembly,13,4808,5040,,,
baghdad:BAG-RS-L1-041:rs-20-carbody-bogie,BAG-RS-L1-041,line-1,rolling-stock,Baghdad six-car structural assembly,14,4808,5040,,,
baghdad:BAG-RS-L1-042:rs-20-carbody-bogie,BAG-RS-L1-042,line-1,rolling-stock,Baghdad six-car structural assembly,15,4808,5040,,,
baghdad:BAG-RS-L1-043:rs-20-carbody-bogie,BAG-RS-L1-043,line-1,rolling-stock,Baghdad six-car structural assembly,16,4808,5040,,,
baghdad:BAG-SIG-006:wpt-20-install-commission,BAG-SIG-006,line-1,signalling-comms,wayside systems crew,1,680,712,,,
baghdad:BAG-SIG-143:wpt-10-cabinet-bench,BAG-SIG-143,line-8,signalling-comms,wayside bench,2,1168,1192,,,
baghdad:BAG-SIG-144:wpt-10-cabinet-bench,BAG-SIG-144,line-8,signalling-comms,wayside bench,3,1168,1192,,,
baghdad:BAG-SIG-148:wpt-10-cabinet-bench,BAG-SIG-148,line-8,signalling-comms,wayside bench,1,1216,1240,,,
baghdad:BAG-TRK-L4-013:trk-20-subgrade-drainage,BAG-TRK-L4-013,line-4,track-section,corridor civil crew,2,4824,4928,,,
baghdad:BAG-EN-037:en-20-energy-commission,BAG-EN-037,line-2,energy,energy crew,1,2280,2320,,,
baghdad:BAG-EN-038:en-20-energy-commission,BAG-EN-038,line-2,energy,energy crew,2,2280,2320,,,
baghdad:BAG-RS-L1-002:rs-30-traction-battery-control,BAG-RS-L1-002,line-1,rolling-stock,Baghdad six-car electrical integration,1,4832,5024,,,
baghdad:BAG-RS-L1-003:rs-30-traction-battery-control,BAG-RS-L1-003,line-1,rolling-stock,Baghdad six-car electrical integration,2,4832,5024,,,
baghdad:BAG-RS-L1-004:rs-30-traction-battery-control,BAG-RS-L1-004,line-1,rolling-stock,Baghdad six-car electrical integration,3,4832,5024,,,
baghdad:BAG-RS-L1-005:rs-25-clip-on-body,BAG-RS-L1-005,line-1,rolling-stock,Baghdad six-car body installation,1,4832,4856,,,
baghdad:BAG-RS-L1-050:rs-10-material-kit,BAG-RS-L1-050,line-1,rolling-stock,Baghdad trainset kitting,1,4832,4864,,,
baghdad:BAG-RS-L1-051:rs-10-material-kit,BAG-RS-L1-051,line-1,rolling-stock,Baghdad trainset kitting,2,4832,4864,,,
baghdad:BAG-RS-L1-052:rs-10-material-kit,BAG-RS-L1-052,line-1,rolling-stock,Baghdad trainset kitting,3,4832,4864,,,
baghdad:BAG-RS-L1-053:rs-10-material-kit,BAG-RS-L1-053,line-1,rolling-stock,Baghdad trainset kitting,4,4832,4864,,,
baghdad:BAG-SIG-146:wpt-10-cabinet-bench,BAG-SIG-146,line-8,signalling-comms,wayside bench,2,1192,1216,,,
baghdad:BAG-SIG-147:wpt-10-cabinet-bench,BAG-SIG-147,line-8,signalling-comms,wayside bench,3,1192,1216,,,
baghdad:BAG-ST-012:st-20-mep-passenger-systems,BAG-ST-012,line-1,station,station systems crew,1,856,936,,,
baghdad:BAG-SW-029:sw-20-install-proof,BAG-SW-029,line-2,switch,track/switch crew,2,3224,3256,,,
baghdad:BAG-SW-030:sw-20-install-proof,BAG-SW-030,line-2,switch,track/switch crew,1,3256,3288,,,
baghdad:BAG-RS-L1-006:rs-25-clip-on-body,BAG-RS-L1-006,line-1,rolling-stock,Baghdad six-car body installation,2,4840,4864,,,
baghdad:BAG-RS-L1-007:rs-25-clip-on-body,BAG-RS-L1-007,line-1,rolling-stock,Baghdad six-car body installation,3,4840,4864,,,
baghdad:BAG-RS-L1-017:rs-23-moulded-body-modules,BAG-RS-L1-017,line-1,rolling-stock,Baghdad six-car composite kits,5,4840,4936,,,
baghdad:BAG-RS-L1-018:rs-23-moulded-body-modules,BAG-RS-L1-018,line-1,rolling-stock,Baghdad six-car composite kits,6,4840,4936,,,
baghdad:BAG-RS-L1-019:rs-23-moulded-body-modules,BAG-RS-L1-019,line-1,rolling-stock,Baghdad six-car composite kits,7,4840,4936,,,
baghdad:BAG-RS-L1-020:rs-23-moulded-body-modules,BAG-RS-L1-020,line-1,rolling-stock,Baghdad six-car composite kits,8,4840,4936,,,
baghdad:BAG-RS-L1-044:rs-20-carbody-bogie,BAG-RS-L1-044,line-1,rolling-stock,Baghdad six-car structural assembly,17,4840,5072,,,
baghdad:BAG-RS-L1-045:rs-20-carbody-bogie,BAG-RS-L1-045,line-1,rolling-stock,Baghdad six-car structural assembly,18,4840,5072,,,
baghdad:BAG-RS-L1-046:rs-20-carbody-bogie,BAG-RS-L1-046,line-1,rolling-stock,Baghdad six-car structural assembly,19,4840,5072,,,
baghdad:BAG-RS-L1-047:rs-20-carbody-bogie,BAG-RS-L1-047,line-1,rolling-stock,Baghdad six-car structural assembly,20,4840,5072,,,
baghdad:BAG-SIG-010:wpt-20-install-commission,BAG-SIG-010,line-1,signalling-comms,wayside systems crew,1,744,776,,,
baghdad:BAG-SIG-151:wpt-10-cabinet-bench,BAG-SIG-151,line-8,signalling-comms,wayside bench,1,1240,1264,,,
baghdad:BAG-ST-047:st-10-civil-structure,BAG-ST-047,line-3,station,station civil crew,2,3128,3240,,,
baghdad:BAG-ST-059:st-10-civil-structure,BAG-ST-059,line-3,station,station civil crew,1,3848,3960,,,
baghdad:BAG-RS-L1-005:rs-30-traction-battery-control,BAG-RS-L1-005,line-1,rolling-stock,Baghdad six-car electrical integration,4,4856,5048,,,
baghdad:BAG-RS-L1-008:rs-25-clip-on-body,BAG-RS-L1-008,line-1,rolling-stock,Baghdad six-car body installation,1,4856,4880,,,
baghdad:BAG-SIG-149:wpt-10-cabinet-bench,BAG-SIG-149,line-8,signalling-comms,wayside bench,2,1216,1240,,,
baghdad:BAG-SIG-150:wpt-10-cabinet-bench,BAG-SIG-150,line-8,signalling-comms,wayside bench,3,1216,1240,,,
baghdad:BAG-ST-006:st-20-mep-passenger-systems,BAG-ST-006,line-1,station,station systems crew,2,536,616,,,
baghdad:BAG-RS-L1-006:rs-30-traction-battery-control,BAG-RS-L1-006,line-1,rolling-stock,Baghdad six-car electrical integration,5,4864,5056,,,
baghdad:BAG-RS-L1-007:rs-30-traction-battery-control,BAG-RS-L1-007,line-1,rolling-stock,Baghdad six-car electrical integration,6,4864,5056,,,
baghdad:BAG-RS-L1-009:rs-25-clip-on-body,BAG-RS-L1-009,line-1,rolling-stock,Baghdad six-car body installation,2,4864,4888,,,
baghdad:BAG-RS-L1-054:rs-10-material-kit,BAG-RS-L1-054,line-1,rolling-stock,Baghdad trainset kitting,1,4864,4896,,,
baghdad:BAG-RS-L1-055:rs-10-material-kit,BAG-RS-L1-055,line-1,rolling-stock,Baghdad trainset kitting,2,4864,4896,,,
baghdad:BAG-RS-L1-056:rs-10-material-kit,BAG-RS-L1-056,line-1,rolling-stock,Baghdad trainset kitting,3,4864,4896,,,
baghdad:BAG-RS-L1-057:rs-10-material-kit,BAG-RS-L1-057,line-1,rolling-stock,Baghdad trainset kitting,4,4864,4896,,,
baghdad:BAG-SW-031:sw-20-install-proof,BAG-SW-031,line-2,switch,track/switch crew,2,3256,3288,,,
baghdad:BAG-SW-032:sw-20-install-proof,BAG-SW-032,line-2,switch,track/switch crew,1,3288,3320,,,
baghdad:BAG-TRK-L3-004:trk-30-trackform-rail,BAG-TRK-L3-004,line-3,track-section,track crew,2,3032,3144,,,
baghdad:BAG-EN-039:en-10-energy-build,BAG-EN-039,line-2,energy,energy crew,1,2320,2400,,,
baghdad:BAG-EN-040:en-10-energy-build,BAG-EN-040,line-3,energy,energy crew,2,2320,2400,,,
baghdad:BAG-RS-L1-010:rs-25-clip-on-body,BAG-RS-L1-010,line-1,rolling-stock,Baghdad six-car body installation,3,4872,4896,,,
baghdad:BAG-RS-L1-021:rs-23-moulded-body-modules,BAG-RS-L1-021,line-1,rolling-stock,Baghdad six-car composite kits,9,4872,4968,,,
baghdad:BAG-RS-L1-022:rs-23-moulded-body-modules,BAG-RS-L1-022,line-1,rolling-stock,Baghdad six-car composite kits,10,4872,4968,,,
baghdad:BAG-RS-L1-023:rs-23-moulded-body-modules,BAG-RS-L1-023,line-1,rolling-stock,Baghdad six-car composite kits,11,4872,4968,,,
baghdad:BAG-RS-L1-048:rs-20-carbody-bogie,BAG-RS-L1-048,line-1,rolling-stock,Baghdad six-car structural assembly,21,4872,5104,,,
baghdad:BAG-RS-L1-049:rs-20-carbody-bogie,BAG-RS-L1-049,line-1,rolling-stock,Baghdad six-car structural assembly,22,4872,5104,,,
baghdad:BAG-RS-L1-050:rs-20-carbody-bogie,BAG-RS-L1-050,line-1,rolling-stock,Baghdad six-car structural assembly,23,4872,5104,,,
baghdad:BAG-RS-L1-051:rs-20-carbody-bogie,BAG-RS-L1-051,line-1,rolling-stock,Baghdad six-car structural assembly,24,4872,5104,,,
baghdad:BAG-SIG-009:wpt-20-install-commission,BAG-SIG-009,line-1,signalling-comms,wayside systems crew,1,800,832,,,
baghdad:BAG-SIG-154:wpt-10-cabinet-bench,BAG-SIG-154,line-9,signalling-comms,wayside bench,1,1264,1288,,,
baghdad:BAG-TRK-L3-007:trk-30-trackform-rail,BAG-TRK-L3-007,line-3,track-section,track crew,1,3344,3416,,,
baghdad:BAG-TRK-L4-014:trk-10-survey-utility,BAG-TRK-L4-014,line-4,track-section,corridor civil crew,1,4872,4896,,,
baghdad:BAG-RS-L1-008:rs-30-traction-battery-control,BAG-RS-L1-008,line-1,rolling-stock,Baghdad six-car electrical integration,7,4880,5072,,,
baghdad:BAG-RS-L1-011:rs-25-clip-on-body,BAG-RS-L1-011,line-1,rolling-stock,Baghdad six-car body installation,1,4880,4904,,,
baghdad:BAG-SIG-152:wpt-10-cabinet-bench,BAG-SIG-152,line-9,signalling-comms,wayside bench,2,1240,1264,,,
baghdad:BAG-SIG-153:wpt-10-cabinet-bench,BAG-SIG-153,line-9,signalling-comms,wayside bench,3,1240,1264,,,
baghdad:BAG-RS-L1-009:rs-30-traction-battery-control,BAG-RS-L1-009,line-1,rolling-stock,Baghdad six-car electrical integration,8,4888,5080,,,
baghdad:BAG-RS-L1-012:rs-25-clip-on-body,BAG-RS-L1-012,line-1,rolling-stock,Baghdad six-car body installation,2,4888,4912,,,
baghdad:BAG-RS-L1-010:rs-30-traction-battery-control,BAG-RS-L1-010,line-1,rolling-stock,Baghdad six-car electrical integration,9,4896,5088,,,
baghdad:BAG-RS-L1-058:rs-10-material-kit,BAG-RS-L1-058,line-1,rolling-stock,Baghdad trainset kitting,1,4896,4928,,,
baghdad:BAG-RS-L1-059:rs-10-material-kit,BAG-RS-L1-059,line-1,rolling-stock,Baghdad trainset kitting,2,4896,4928,,,
baghdad:BAG-RS-L1-060:rs-10-material-kit,BAG-RS-L1-060,line-1,rolling-stock,Baghdad trainset kitting,3,4896,4928,,,
baghdad:BAG-RS-L1-061:rs-10-material-kit,BAG-RS-L1-061,line-1,rolling-stock,Baghdad trainset kitting,4,4896,4928,,,
baghdad:BAG-SIG-157:wpt-10-cabinet-bench,BAG-SIG-157,line-9,signalling-comms,wayside bench,1,1288,1312,,,
baghdad:BAG-SW-033:sw-20-install-proof,BAG-SW-033,line-2,switch,track/switch crew,2,3288,3320,,,
baghdad:BAG-SW-034:sw-20-install-proof,BAG-SW-034,line-2,switch,track/switch crew,1,3320,3352,,,
baghdad:BAG-TRK-L4-014:trk-20-subgrade-drainage,BAG-TRK-L4-014,line-4,track-section,corridor civil crew,1,4896,5000,,,
baghdad:BAG-RS-L1-011:rs-30-traction-battery-control,BAG-RS-L1-011,line-1,rolling-stock,Baghdad six-car electrical integration,10,4904,5096,,,
baghdad:BAG-RS-L1-013:rs-25-clip-on-body,BAG-RS-L1-013,line-1,rolling-stock,Baghdad six-car body installation,1,4904,4928,,,
baghdad:BAG-RS-L1-014:rs-25-clip-on-body,BAG-RS-L1-014,line-1,rolling-stock,Baghdad six-car body installation,3,4904,4928,,,
baghdad:BAG-RS-L1-024:rs-23-moulded-body-modules,BAG-RS-L1-024,line-1,rolling-stock,Baghdad six-car composite kits,1,4904,5000,,,
baghdad:BAG-RS-L1-025:rs-23-moulded-body-modules,BAG-RS-L1-025,line-1,rolling-stock,Baghdad six-car composite kits,2,4904,5000,,,
baghdad:BAG-RS-L1-026:rs-23-moulded-body-modules,BAG-RS-L1-026,line-1,rolling-stock,Baghdad six-car composite kits,3,4904,5000,,,
baghdad:BAG-RS-L1-027:rs-23-moulded-body-modules,BAG-RS-L1-027,line-1,rolling-stock,Baghdad six-car composite kits,4,4904,5000,,,
baghdad:BAG-RS-L1-052:rs-20-carbody-bogie,BAG-RS-L1-052,line-1,rolling-stock,Baghdad six-car structural assembly,25,4904,5136,,,
baghdad:BAG-RS-L1-053:rs-20-carbody-bogie,BAG-RS-L1-053,line-1,rolling-stock,Baghdad six-car structural assembly,26,4904,5136,,,
baghdad:BAG-SIG-012:wpt-20-install-commission,BAG-SIG-012,line-1,signalling-comms,wayside systems crew,1,976,1008,,,
baghdad:BAG-SIG-155:wpt-10-cabinet-bench,BAG-SIG-155,line-9,signalling-comms,wayside bench,2,1264,1288,,,
baghdad:BAG-SIG-156:wpt-10-cabinet-bench,BAG-SIG-156,line-9,signalling-comms,wayside bench,3,1264,1288,,,
baghdad:BAG-RS-L1-012:rs-30-traction-battery-control,BAG-RS-L1-012,line-1,rolling-stock,Baghdad six-car electrical integration,11,4912,5104,,,
baghdad:BAG-RS-L1-015:rs-25-clip-on-body,BAG-RS-L1-015,line-1,rolling-stock,Baghdad six-car body installation,2,4912,4936,,,
baghdad:BAG-ST-014:st-20-mep-passenger-systems,BAG-ST-014,line-1,station,station systems crew,1,992,1072,,,
baghdad:BAG-SIG-160:wpt-10-cabinet-bench,BAG-SIG-160,line-9,signalling-comms,wayside bench,1,1312,1336,,,
baghdad:BAG-RS-L1-013:rs-30-traction-battery-control,BAG-RS-L1-013,line-1,rolling-stock,Baghdad six-car electrical integration,12,4928,5120,,,
baghdad:BAG-RS-L1-014:rs-30-traction-battery-control,BAG-RS-L1-014,line-1,rolling-stock,Baghdad six-car electrical integration,13,4928,5120,,,
baghdad:BAG-RS-L1-016:rs-25-clip-on-body,BAG-RS-L1-016,line-1,rolling-stock,Baghdad six-car body installation,1,4928,4952,,,
baghdad:BAG-RS-L1-062:rs-10-material-kit,BAG-RS-L1-062,line-1,rolling-stock,Baghdad trainset kitting,1,4928,4960,,,
baghdad:BAG-RS-L1-063:rs-10-material-kit,BAG-RS-L1-063,line-1,rolling-stock,Baghdad trainset kitting,2,4928,4960,,,
baghdad:BAG-RS-L1-064:rs-10-material-kit,BAG-RS-L1-064,line-1,rolling-stock,Baghdad trainset kitting,3,4928,4960,,,
baghdad:BAG-RS-L1-065:rs-10-material-kit,BAG-RS-L1-065,line-1,rolling-stock,Baghdad trainset kitting,4,4928,4960,,,
baghdad:BAG-SIG-158:wpt-10-cabinet-bench,BAG-SIG-158,line-9,signalling-comms,wayside bench,2,1288,1312,,,
baghdad:BAG-SIG-159:wpt-10-cabinet-bench,BAG-SIG-159,line-9,signalling-comms,wayside bench,3,1288,1312,,,
baghdad:BAG-SW-035:sw-20-install-proof,BAG-SW-035,line-2,switch,track/switch crew,2,3320,3352,,,
baghdad:BAG-SW-036:sw-20-install-proof,BAG-SW-036,line-2,switch,track/switch crew,1,3352,3384,,,
baghdad:BAG-TRK-L4-015:trk-10-survey-utility,BAG-TRK-L4-015,line-4,track-section,corridor civil crew,2,4928,4952,,,
baghdad:BAG-RS-L1-015:rs-30-traction-battery-control,BAG-RS-L1-015,line-1,rolling-stock,Baghdad six-car electrical integration,14,4936,5128,,,
baghdad:BAG-RS-L1-017:rs-25-clip-on-body,BAG-RS-L1-017,line-1,rolling-stock,Baghdad six-car body installation,2,4936,4960,,,
baghdad:BAG-RS-L1-018:rs-25-clip-on-body,BAG-RS-L1-018,line-1,rolling-stock,Baghdad six-car body installation,3,4936,4960,,,
baghdad:BAG-SIG-013:wpt-20-install-commission,BAG-SIG-013,line-1,signalling-comms,wayside systems crew,1,1008,1040,,,
baghdad:BAG-ST-009:st-20-mep-passenger-systems,BAG-ST-009,line-1,station,station systems crew,2,688,768,,,
baghdad:BAG-RS-L1-028:rs-23-moulded-body-modules,BAG-RS-L1-028,line-1,rolling-stock,Baghdad six-car composite kits,5,4944,5040,,,
baghdad:BAG-RS-L1-029:rs-23-moulded-body-modules,BAG-RS-L1-029,line-1,rolling-stock,Baghdad six-car composite kits,6,4944,5040,,,
baghdad:BAG-RS-L1-030:rs-23-moulded-body-modules,BAG-RS-L1-030,line-1,rolling-stock,Baghdad six-car composite kits,7,4944,5040,,,
baghdad:BAG-RS-L1-031:rs-23-moulded-body-modules,BAG-RS-L1-031,line-1,rolling-stock,Baghdad six-car composite kits,8,4944,5040,,,
baghdad:BAG-RS-L1-054:rs-20-carbody-bogie,BAG-RS-L1-054,line-1,rolling-stock,Baghdad six-car structural assembly,1,4944,5176,,,
baghdad:BAG-RS-L1-055:rs-20-carbody-bogie,BAG-RS-L1-055,line-1,rolling-stock,Baghdad six-car structural assembly,2,4944,5176,,,
baghdad:BAG-RS-L1-056:rs-20-carbody-bogie,BAG-RS-L1-056,line-1,rolling-stock,Baghdad six-car structural assembly,3,4944,5176,,,
baghdad:BAG-RS-L1-057:rs-20-carbody-bogie,BAG-RS-L1-057,line-1,rolling-stock,Baghdad six-car structural assembly,4,4944,5176,,,
baghdad:BAG-SIG-163:wpt-10-cabinet-bench,BAG-SIG-163,line-9,signalling-comms,wayside bench,1,1336,1360,,,
baghdad:BAG-TRK-L3-009:trk-30-trackform-rail,BAG-TRK-L3-009,line-3,track-section,track crew,1,3416,3520,,,
baghdad:BAG-EN-039:en-20-energy-commission,BAG-EN-039,line-2,energy,energy crew,1,2400,2440,,,
baghdad:BAG-EN-040:en-20-energy-commission,BAG-EN-040,line-3,energy,energy crew,2,2400,2440,,,
baghdad:BAG-RS-L1-016:rs-30-traction-battery-control,BAG-RS-L1-016,line-1,rolling-stock,Baghdad six-car electrical integration,15,4952,5144,,,
baghdad:BAG-RS-L1-019:rs-25-clip-on-body,BAG-RS-L1-019,line-1,rolling-stock,Baghdad six-car body installation,1,4952,4976,,,
baghdad:BAG-SIG-161:wpt-10-cabinet-bench,BAG-SIG-161,line-9,signalling-comms,wayside bench,2,1312,1336,,,
baghdad:BAG-SIG-162:wpt-10-cabinet-bench,BAG-SIG-162,line-9,signalling-comms,wayside bench,3,1312,1336,,,
baghdad:BAG-TRK-L4-015:trk-20-subgrade-drainage,BAG-TRK-L4-015,line-4,track-section,corridor civil crew,2,4952,5040,,,
baghdad:BAG-RS-L1-017:rs-30-traction-battery-control,BAG-RS-L1-017,line-1,rolling-stock,Baghdad six-car electrical integration,16,4960,5152,,,
baghdad:BAG-RS-L1-018:rs-30-traction-battery-control,BAG-RS-L1-018,line-1,rolling-stock,Baghdad six-car electrical integration,17,4960,5152,,,
baghdad:BAG-RS-L1-020:rs-25-clip-on-body,BAG-RS-L1-020,line-1,rolling-stock,Baghdad six-car body installation,2,4960,4984,,,
baghdad:BAG-RS-L1-066:rs-10-material-kit,BAG-RS-L1-066,line-1,rolling-stock,Baghdad trainset kitting,1,4960,4992,,,
baghdad:BAG-RS-L1-067:rs-10-material-kit,BAG-RS-L1-067,line-1,rolling-stock,Baghdad trainset kitting,2,4960,4992,,,
baghdad:BAG-RS-L1-068:rs-10-material-kit,BAG-RS-L1-068,line-1,rolling-stock,Baghdad trainset kitting,3,4960,4992,,,
baghdad:BAG-RS-L1-069:rs-10-material-kit,BAG-RS-L1-069,line-1,rolling-stock,Baghdad trainset kitting,4,4960,4992,,,
baghdad:BAG-ST-049:st-10-civil-structure,BAG-ST-049,line-3,station,station civil crew,2,3272,3384,,,
baghdad:BAG-ST-061:st-10-civil-structure,BAG-ST-061,line-4,station,station civil crew,1,3968,4080,,,
baghdad:BAG-SW-037:sw-20-install-proof,BAG-SW-037,line-2,switch,track/switch crew,2,3352,3384,,,
baghdad:BAG-SW-038:sw-20-install-proof,BAG-SW-038,line-2,switch,track/switch crew,1,3384,3416,,,
baghdad:BAG-RS-L1-021:rs-25-clip-on-body,BAG-RS-L1-021,line-1,rolling-stock,Baghdad six-car body installation,3,4968,4992,,,
baghdad:BAG-SIG-014:wpt-20-install-commission,BAG-SIG-014,line-1,signalling-comms,wayside systems crew,1,1136,1168,,,
baghdad:BAG-SIG-166:wpt-10-cabinet-bench,BAG-SIG-166,line-9,signalling-comms,wayside bench,1,1360,1384,,,
baghdad:BAG-RS-L1-019:rs-30-traction-battery-control,BAG-RS-L1-019,line-1,rolling-stock,Baghdad six-car electrical integration,18,4976,5168,,,
baghdad:BAG-RS-L1-022:rs-25-clip-on-body,BAG-RS-L1-022,line-1,rolling-stock,Baghdad six-car body installation,1,4976,5000,,,
baghdad:BAG-RS-L1-032:rs-23-moulded-body-modules,BAG-RS-L1-032,line-1,rolling-stock,Baghdad six-car composite kits,9,4976,5072,,,
baghdad:BAG-RS-L1-033:rs-23-moulded-body-modules,BAG-RS-L1-033,line-1,rolling-stock,Baghdad six-car composite kits,10,4976,5072,,,
baghdad:BAG-RS-L1-034:rs-23-moulded-body-modules,BAG-RS-L1-034,line-1,rolling-stock,Baghdad six-car composite kits,11,4976,5072,,,
baghdad:BAG-RS-L1-058:rs-20-carbody-bogie,BAG-RS-L1-058,line-1,rolling-stock,Baghdad six-car structural assembly,5,4976,5208,,,
baghdad:BAG-RS-L1-059:rs-20-carbody-bogie,BAG-RS-L1-059,line-1,rolling-stock,Baghdad six-car structural assembly,6,4976,5208,,,
baghdad:BAG-RS-L1-060:rs-20-carbody-bogie,BAG-RS-L1-060,line-1,rolling-stock,Baghdad six-car structural assembly,7,4976,5208,,,
baghdad:BAG-RS-L1-061:rs-20-carbody-bogie,BAG-RS-L1-061,line-1,rolling-stock,Baghdad six-car structural assembly,8,4976,5208,,,
baghdad:BAG-SIG-164:wpt-10-cabinet-bench,BAG-SIG-164,line-9,signalling-comms,wayside bench,2,1336,1360,,,
baghdad:BAG-SIG-165:wpt-10-cabinet-bench,BAG-SIG-165,line-9,signalling-comms,wayside bench,3,1336,1360,,,
baghdad:BAG-TRK-L3-005:trk-30-trackform-rail,BAG-TRK-L3-005,line-3,track-section,track crew,2,3160,3264,,,
baghdad:BAG-RS-L1-020:rs-30-traction-battery-control,BAG-RS-L1-020,line-1,rolling-stock,Baghdad six-car electrical integration,19,4984,5176,,,
baghdad:BAG-RS-L1-023:rs-25-clip-on-body,BAG-RS-L1-023,line-1,rolling-stock,Baghdad six-car body installation,2,4984,5008,,,
baghdad:BAG-EN-041:en-10-energy-build,BAG-EN-041,line-3,energy,energy crew,1,2440,2520,,,
baghdad:BAG-EN-042:en-10-energy-build,BAG-EN-042,line-3,energy,energy crew,2,2440,2520,,,
baghdad:BAG-RS-L1-021:rs-30-traction-battery-control,BAG-RS-L1-021,line-1,rolling-stock,Baghdad six-car electrical integration,20,4992,5184,,,
baghdad:BAG-RS-L1-070:rs-10-material-kit,BAG-RS-L1-070,line-1,rolling-stock,Baghdad trainset kitting,1,4992,5024,,,
baghdad:BAG-RS-L1-071:rs-10-material-kit,BAG-RS-L1-071,line-1,rolling-stock,Baghdad trainset kitting,2,4992,5024,,,
baghdad:BAG-RS-L1-072:rs-10-material-kit,BAG-RS-L1-072,line-1,rolling-stock,Baghdad trainset kitting,3,4992,5024,,,
baghdad:BAG-RS-L1-073:rs-10-material-kit,BAG-RS-L1-073,line-1,rolling-stock,Baghdad trainset kitting,4,4992,5024,,,
baghdad:BAG-SIG-169:wpt-10-cabinet-bench,BAG-SIG-169,line-9,signalling-comms,wayside bench,1,1384,1408,,,
baghdad:BAG-ST-016:st-20-mep-passenger-systems,BAG-ST-016,line-1,station,station systems crew,1,1136,1216,,,
baghdad:BAG-SW-039:sw-20-install-proof,BAG-SW-039,line-2,switch,track/switch crew,2,3384,3416,,,
baghdad:BAG-SW-040:sw-20-install-proof,BAG-SW-040,line-2,switch,track/switch crew,1,3416,3448,,,
baghdad:BAG-RS-L1-022:rs-30-traction-battery-control,BAG-RS-L1-022,line-1,rolling-stock,Baghdad six-car electrical integration,21,5000,5192,,,
baghdad:BAG-RS-L1-024:rs-25-clip-on-body,BAG-RS-L1-024,line-1,rolling-stock,Baghdad six-car body installation,1,5000,5024,,,
baghdad:BAG-RS-L1-025:rs-25-clip-on-body,BAG-RS-L1-025,line-1,rolling-stock,Baghdad six-car body installation,3,5000,5024,,,
baghdad:BAG-RS-L1-035:rs-23-moulded-body-modules,BAG-RS-L1-035,line-1,rolling-stock,Baghdad six-car composite kits,1,5000,5096,,,
baghdad:BAG-SIG-015:wpt-20-install-commission,BAG-SIG-015,line-1,signalling-comms,wayside systems crew,1,1168,1200,,,
baghdad:BAG-SIG-167:wpt-10-cabinet-bench,BAG-SIG-167,line-9,signalling-comms,wayside bench,2,1360,1384,,,
baghdad:BAG-SIG-168:wpt-10-cabinet-bench,BAG-SIG-168,line-9,signalling-comms,wayside bench,3,1360,1384,,,
baghdad:BAG-TRK-L5-001:trk-10-survey-utility,BAG-TRK-L5-001,line-5,track-section,corridor civil crew,1,5000,5024,,,
baghdad:BAG-RS-L1-026:rs-25-clip-on-body,BAG-RS-L1-026,line-1,rolling-stock,Baghdad six-car body installation,2,5008,5032,,,
baghdad:BAG-RS-L1-036:rs-23-moulded-body-modules,BAG-RS-L1-036,line-1,rolling-stock,Baghdad six-car composite kits,2,5008,5104,,,
baghdad:BAG-RS-L1-037:rs-23-moulded-body-modules,BAG-RS-L1-037,line-1,rolling-stock,Baghdad six-car composite kits,3,5008,5104,,,
baghdad:BAG-RS-L1-038:rs-23-moulded-body-modules,BAG-RS-L1-038,line-1,rolling-stock,Baghdad six-car composite kits,4,5008,5104,,,
baghdad:BAG-RS-L1-062:rs-20-carbody-bogie,BAG-RS-L1-062,line-1,rolling-stock,Baghdad six-car structural assembly,9,5008,5240,,,
baghdad:BAG-RS-L1-063:rs-20-carbody-bogie,BAG-RS-L1-063,line-1,rolling-stock,Baghdad six-car structural assembly,10,5008,5240,,,
baghdad:BAG-RS-L1-064:rs-20-carbody-bogie,BAG-RS-L1-064,line-1,rolling-stock,Baghdad six-car structural assembly,11,5008,5240,,,
baghdad:BAG-RS-L1-065:rs-20-carbody-bogie,BAG-RS-L1-065,line-1,rolling-stock,Baghdad six-car structural assembly,12,5008,5240,,,
baghdad:BAG-SIG-172:wpt-10-cabinet-bench,BAG-SIG-172,line-9,signalling-comms,wayside bench,1,1408,1432,,,
baghdad:BAG-ST-011:st-20-mep-passenger-systems,BAG-ST-011,line-1,station,station systems crew,2,800,880,,,
baghdad:BAG-RS-L1-002:rs-40-fitout-static-test,BAG-RS-L1-002,line-1,rolling-stock,Baghdad six-car fitout and static test,1,5024,5176,,,
baghdad:BAG-RS-L1-003:rs-40-fitout-static-test,BAG-RS-L1-003,line-1,rolling-stock,Baghdad six-car fitout and static test,2,5024,5176,,,
baghdad:BAG-RS-L1-004:rs-40-fitout-static-test,BAG-RS-L1-004,line-1,rolling-stock,Baghdad six-car fitout and static test,3,5024,5176,,,
baghdad:BAG-RS-L1-023:rs-30-traction-battery-control,BAG-RS-L1-023,line-1,rolling-stock,Baghdad six-car electrical integration,1,5024,5216,,,
baghdad:BAG-RS-L1-024:rs-30-traction-battery-control,BAG-RS-L1-024,line-1,rolling-stock,Baghdad six-car electrical integration,2,5024,5216,,,
baghdad:BAG-RS-L1-025:rs-30-traction-battery-control,BAG-RS-L1-025,line-1,rolling-stock,Baghdad six-car electrical integration,3,5024,5216,,,
baghdad:BAG-RS-L1-027:rs-25-clip-on-body,BAG-RS-L1-027,line-1,rolling-stock,Baghdad six-car body installation,1,5024,5048,,,
baghdad:BAG-RS-L1-074:rs-10-material-kit,BAG-RS-L1-074,line-1,rolling-stock,Baghdad trainset kitting,1,5024,5056,,,
baghdad:BAG-RS-L1-075:rs-10-material-kit,BAG-RS-L1-075,line-1,rolling-stock,Baghdad trainset kitting,2,5024,5056,,,
baghdad:BAG-RS-L1-076:rs-10-material-kit,BAG-RS-L1-076,line-1,rolling-stock,Baghdad trainset kitting,3,5024,5056,,,
baghdad:BAG-RS-L1-077:rs-10-material-kit,BAG-RS-L1-077,line-1,rolling-stock,Baghdad trainset kitting,4,5024,5056,,,
baghdad:BAG-SIG-170:wpt-10-cabinet-bench,BAG-SIG-170,line-9,signalling-comms,wayside bench,2,1384,1408,,,
baghdad:BAG-SIG-171:wpt-10-cabinet-bench,BAG-SIG-171,line-9,signalling-comms,wayside bench,3,1384,1408,,,
baghdad:BAG-SW-041:sw-20-install-proof,BAG-SW-041,line-2,switch,track/switch crew,2,3416,3448,,,
baghdad:BAG-SW-042:sw-20-install-proof,BAG-SW-042,line-2,switch,track/switch crew,1,3448,3480,,,
baghdad:BAG-TRK-L5-001:trk-20-subgrade-drainage,BAG-TRK-L5-001,line-5,track-section,corridor civil crew,1,5024,5112,,,
baghdad:BAG-SIG-002:wpt-20-install-commission,BAG-SIG-002,line-1,signalling-comms,wayside systems crew,2,360,392,,,
baghdad:BAG-SIG-016:wpt-20-install-commission,BAG-SIG-016,line-1,signalling-comms,wayside systems crew,1,1200,1232,,,
baghdad:BAG-RS-L1-028:rs-25-clip-on-body,BAG-RS-L1-028,line-1,rolling-stock,Baghdad six-car body installation,2,5040,5064,,,
baghdad:BAG-RS-L1-029:rs-25-clip-on-body,BAG-RS-L1-029,line-1,rolling-stock,Baghdad six-car body installation,3,5040,5064,,,
baghdad:BAG-RS-L1-039:rs-23-moulded-body-modules,BAG-RS-L1-039,line-1,rolling-stock,Baghdad six-car composite kits,5,5040,5136,,,
baghdad:BAG-RS-L1-040:rs-23-moulded-body-modules,BAG-RS-L1-040,line-1,rolling-stock,Baghdad six-car composite kits,6,5040,5136,,,
baghdad:BAG-RS-L1-041:rs-23-moulded-body-modules,BAG-RS-L1-041,line-1,rolling-stock,Baghdad six-car composite kits,7,5040,5136,,,
baghdad:BAG-RS-L1-042:rs-23-moulded-body-modules,BAG-RS-L1-042,line-1,rolling-stock,Baghdad six-car composite kits,8,5040,5136,,,
baghdad:BAG-RS-L1-066:rs-20-carbody-bogie,BAG-RS-L1-066,line-1,rolling-stock,Baghdad six-car structural assembly,13,5040,5272,,,
baghdad:BAG-RS-L1-067:rs-20-carbody-bogie,BAG-RS-L1-067,line-1,rolling-stock,Baghdad six-car structural assembly,14,5040,5272,,,
baghdad:BAG-RS-L1-068:rs-20-carbody-bogie,BAG-RS-L1-068,line-1,rolling-stock,Baghdad six-car structural assembly,15,5040,5272,,,
baghdad:BAG-RS-L1-069:rs-20-carbody-bogie,BAG-RS-L1-069,line-1,rolling-stock,Baghdad six-car structural assembly,16,5040,5272,,,
baghdad:BAG-SIG-175:wpt-10-cabinet-bench,BAG-SIG-175,line-9,signalling-comms,wayside bench,1,1432,1456,,,
baghdad:BAG-TRK-L5-002:trk-10-survey-utility,BAG-TRK-L5-002,line-5,track-section,corridor civil crew,2,5040,5056,,,
baghdad:BAG-RS-L1-005:rs-40-fitout-static-test,BAG-RS-L1-005,line-1,rolling-stock,Baghdad six-car fitout and static test,4,5048,5200,,,
baghdad:BAG-RS-L1-026:rs-30-traction-battery-control,BAG-RS-L1-026,line-1,rolling-stock,Baghdad six-car electrical integration,4,5048,5240,,,
baghdad:BAG-RS-L1-030:rs-25-clip-on-body,BAG-RS-L1-030,line-1,rolling-stock,Baghdad six-car body installation,1,5048,5072,,,
baghdad:BAG-SIG-173:wpt-10-cabinet-bench,BAG-SIG-173,line-9,signalling-comms,wayside bench,2,1408,1432,,,
baghdad:BAG-SIG-174:wpt-10-cabinet-bench,BAG-SIG-174,line-9,signalling-comms,wayside bench,3,1408,1432,,,
baghdad:BAG-TRK-L3-011:trk-30-trackform-rail,BAG-TRK-L3-011,line-3,track-section,track crew,1,3520,3600,,,
baghdad:BAG-DEP-001:dep-10-building-plant,BAG-DEP-001,line-2,depot,depot works,1,40,184,,,
baghdad:BAG-RS-L1-006:rs-40-fitout-static-test,BAG-RS-L1-006,line-1,rolling-stock,Baghdad six-car fitout and static test,5,5056,5208,,,
baghdad:BAG-RS-L1-007:rs-40-fitout-static-test,BAG-RS-L1-007,line-1,rolling-stock,Baghdad six-car fitout and static test,6,5056,5208,,,
baghdad:BAG-RS-L1-027:rs-30-traction-battery-control,BAG-RS-L1-027,line-1,rolling-stock,Baghdad six-car electrical integration,5,5056,5248,,,
baghdad:BAG-RS-L1-078:rs-10-material-kit,BAG-RS-L1-078,line-1,rolling-stock,Baghdad trainset kitting,1,5056,5088,,,
baghdad:BAG-RS-L1-079:rs-10-material-kit,BAG-RS-L1-079,line-1,rolling-stock,Baghdad trainset kitting,2,5056,5088,,,
baghdad:BAG-RS-L1-080:rs-10-material-kit,BAG-RS-L1-080,line-1,rolling-stock,Baghdad trainset kitting,3,5056,5088,,,
baghdad:BAG-RS-L1-081:rs-10-material-kit,BAG-RS-L1-081,line-1,rolling-stock,Baghdad trainset kitting,4,5056,5088,,,
baghdad:BAG-SW-043:sw-20-install-proof,BAG-SW-043,line-2,switch,track/switch crew,2,3448,3480,,,
baghdad:BAG-SW-044:sw-20-install-proof,BAG-SW-044,line-2,switch,track/switch crew,1,3480,3512,,,
baghdad:BAG-TRK-L5-002:trk-20-subgrade-drainage,BAG-TRK-L5-002,line-5,track-section,corridor civil crew,2,5056,5136,,,
baghdad:BAG-RS-L1-028:rs-30-traction-battery-control,BAG-RS-L1-028,line-1,rolling-stock,Baghdad six-car electrical integration,6,5064,5256,,,
baghdad:BAG-RS-L1-031:rs-25-clip-on-body,BAG-RS-L1-031,line-1,rolling-stock,Baghdad six-car body installation,2,5064,5088,,,
baghdad:BAG-SIG-005:wpt-20-install-commission,BAG-SIG-005,line-1,signalling-comms,wayside systems crew,2,536,568,,,
baghdad:BAG-SIG-019:wpt-20-install-commission,BAG-SIG-019,line-1,signalling-comms,wayside systems crew,1,1320,1352,,,
baghdad:BAG-SIG-178:wpt-10-cabinet-bench,BAG-SIG-178,line-9,signalling-comms,wayside bench,1,1456,1480,,,
baghdad:BAG-EN-041:en-20-energy-commission,BAG-EN-041,line-3,energy,energy crew,1,2520,2560,,,
baghdad:BAG-EN-042:en-20-energy-commission,BAG-EN-042,line-3,energy,energy crew,2,2520,2560,,,
baghdad:BAG-RS-L1-008:rs-40-fitout-static-test,BAG-RS-L1-008,line-1,rolling-stock,Baghdad six-car fitout and static test,7,5072,5224,,,
baghdad:BAG-RS-L1-029:rs-30-traction-battery-control,BAG-RS-L1-029,line-1,rolling-stock,Baghdad six-car electrical integration,7,5072,5264,,,
baghdad:BAG-RS-L1-032:rs-25-clip-on-body,BAG-RS-L1-032,line-1,rolling-stock,Baghdad six-car body installation,1,5072,5096,,,
baghdad:BAG-RS-L1-033:rs-25-clip-on-body,BAG-RS-L1-033,line-1,rolling-stock,Baghdad six-car body installation,3,5072,5096,,,
baghdad:BAG-RS-L1-043:rs-23-moulded-body-modules,BAG-RS-L1-043,line-1,rolling-stock,Baghdad six-car composite kits,9,5072,5168,,,
baghdad:BAG-RS-L1-044:rs-23-moulded-body-modules,BAG-RS-L1-044,line-1,rolling-stock,Baghdad six-car composite kits,10,5072,5168,,,
baghdad:BAG-RS-L1-045:rs-23-moulded-body-modules,BAG-RS-L1-045,line-1,rolling-stock,Baghdad six-car composite kits,11,5072,5168,,,
baghdad:BAG-RS-L1-070:rs-20-carbody-bogie,BAG-RS-L1-070,line-1,rolling-stock,Baghdad six-car structural assembly,17,5072,5304,,,
baghdad:BAG-RS-L1-071:rs-20-carbody-bogie,BAG-RS-L1-071,line-1,rolling-stock,Baghdad six-car structural assembly,18,5072,5304,,,
baghdad:BAG-RS-L1-072:rs-20-carbody-bogie,BAG-RS-L1-072,line-1,rolling-stock,Baghdad six-car structural assembly,19,5072,5304,,,
baghdad:BAG-RS-L1-073:rs-20-carbody-bogie,BAG-RS-L1-073,line-1,rolling-stock,Baghdad six-car structural assembly,20,5072,5304,,,
baghdad:BAG-SIG-176:wpt-10-cabinet-bench,BAG-SIG-176,line-9,signalling-comms,wayside bench,2,1432,1456,,,
baghdad:BAG-SIG-177:wpt-10-cabinet-bench,BAG-SIG-177,line-9,signalling-comms,wayside bench,3,1432,1456,,,
baghdad:BAG-ST-018:st-20-mep-passenger-systems,BAG-ST-018,line-1,station,station systems crew,1,1248,1328,,,
baghdad:BAG-ST-052:st-10-civil-structure,BAG-ST-052,line-3,station,station civil crew,2,3400,3512,,,
baghdad:BAG-ST-063:st-10-civil-structure,BAG-ST-063,line-4,station,station civil crew,1,4080,4192,,,
baghdad:BAG-RS-L1-009:rs-40-fitout-static-test,BAG-RS-L1-009,line-1,rolling-stock,Baghdad six-car fitout and static test,8,5080,5232,,,
baghdad:BAG-RS-L1-030:rs-30-traction-battery-control,BAG-RS-L1-030,line-1,rolling-stock,Baghdad six-car electrical integration,8,5080,5272,,,
baghdad:BAG-TRK-L3-006:trk-30-trackform-rail,BAG-TRK-L3-006,line-3,track-section,track crew,2,3264,3392,,,
baghdad:BAG-RS-L1-010:rs-40-fitout-static-test,BAG-RS-L1-010,line-1,rolling-stock,Baghdad six-car fitout and static test,9,5088,5240,,,
baghdad:BAG-RS-L1-031:rs-30-traction-battery-control,BAG-RS-L1-031,line-1,rolling-stock,Baghdad six-car electrical integration,9,5088,5280,,,
baghdad:BAG-RS-L1-034:rs-25-clip-on-body,BAG-RS-L1-034,line-1,rolling-stock,Baghdad six-car body installation,2,5088,5112,,,
baghdad:BAG-RS-L1-082:rs-10-material-kit,BAG-RS-L1-082,line-1,rolling-stock,Baghdad trainset kitting,1,5088,5120,,,
baghdad:BAG-RS-L1-083:rs-10-material-kit,BAG-RS-L1-083,line-1,rolling-stock,Baghdad trainset kitting,2,5088,5120,,,
baghdad:BAG-RS-L1-084:rs-10-material-kit,BAG-RS-L1-084,line-1,rolling-stock,Baghdad trainset kitting,3,5088,5120,,,
baghdad:BAG-RS-L1-085:rs-10-material-kit,BAG-RS-L1-085,line-1,rolling-stock,Baghdad trainset kitting,4,5088,5120,,,
baghdad:BAG-SIG-181:wpt-10-cabinet-bench,BAG-SIG-181,line-9,signalling-comms,wayside bench,1,1480,1504,,,
baghdad:BAG-SW-045:sw-20-install-proof,BAG-SW-045,line-2,switch,track/switch crew,2,3480,3512,,,
baghdad:BAG-SW-046:sw-20-install-proof,BAG-SW-046,line-2,switch,track/switch crew,1,3512,3544,,,
baghdad:BAG-RS-L1-011:rs-40-fitout-static-test,BAG-RS-L1-011,line-1,rolling-stock,Baghdad six-car fitout and static test,10,5096,5248,,,
baghdad:BAG-RS-L1-032:rs-30-traction-battery-control,BAG-RS-L1-032,line-1,rolling-stock,Baghdad six-car electrical integration,10,5096,5288,,,
baghdad:BAG-RS-L1-035:rs-25-clip-on-body,BAG-RS-L1-035,line-1,rolling-stock,Baghdad six-car body installation,1,5096,5120,,,
baghdad:BAG-RS-L1-046:rs-23-moulded-body-modules,BAG-RS-L1-046,line-1,rolling-stock,Baghdad six-car composite kits,1,5096,5192,,,
baghdad:BAG-SIG-008:wpt-20-install-commission,BAG-SIG-008,line-1,signalling-comms,wayside systems crew,2,680,712,,,
baghdad:BAG-SIG-018:wpt-20-install-commission,BAG-SIG-018,line-1,signalling-comms,wayside systems crew,1,1408,1440,,,
baghdad:BAG-SIG-179:wpt-10-cabinet-bench,BAG-SIG-179,line-9,signalling-comms,wayside bench,2,1456,1480,,,
baghdad:BAG-SIG-180:wpt-10-cabinet-bench,BAG-SIG-180,line-9,signalling-comms,wayside bench,3,1456,1480,,,
baghdad:BAG-ST-013:st-20-mep-passenger-systems,BAG-ST-013,line-1,station,station systems crew,2,912,992,,,
baghdad:BAG-RS-L1-012:rs-40-fitout-static-test,BAG-RS-L1-012,line-1,rolling-stock,Baghdad six-car fitout and static test,11,5104,5256,,,
baghdad:BAG-RS-L1-033:rs-30-traction-battery-control,BAG-RS-L1-033,line-1,rolling-stock,Baghdad six-car electrical integration,11,5104,5296,,,
baghdad:BAG-RS-L1-036:rs-25-clip-on-body,BAG-RS-L1-036,line-1,rolling-stock,Baghdad six-car body installation,3,5104,5128,,,
baghdad:BAG-RS-L1-047:rs-23-moulded-body-modules,BAG-RS-L1-047,line-1,rolling-stock,Baghdad six-car composite kits,2,5104,5200,,,
baghdad:BAG-RS-L1-048:rs-23-moulded-body-modules,BAG-RS-L1-048,line-1,rolling-stock,Baghdad six-car composite kits,3,5104,5200,,,
baghdad:BAG-RS-L1-049:rs-23-moulded-body-modules,BAG-RS-L1-049,line-1,rolling-stock,Baghdad six-car composite kits,4,5104,5200,,,
baghdad:BAG-RS-L1-074:rs-20-carbody-bogie,BAG-RS-L1-074,line-1,rolling-stock,Baghdad six-car structural assembly,21,5104,5336,,,
baghdad:BAG-RS-L1-075:rs-20-carbody-bogie,BAG-RS-L1-075,line-1,rolling-stock,Baghdad six-car structural assembly,22,5104,5336,,,
baghdad:BAG-RS-L1-076:rs-20-carbody-bogie,BAG-RS-L1-076,line-1,rolling-stock,Baghdad six-car structural assembly,23,5104,5336,,,
baghdad:BAG-RS-L1-077:rs-20-carbody-bogie,BAG-RS-L1-077,line-1,rolling-stock,Baghdad six-car structural assembly,24,5104,5336,,,
baghdad:BAG-EN-043:en-10-energy-build,BAG-EN-043,line-3,energy,energy crew,1,2560,2640,,,
baghdad:BAG-EN-044:en-10-energy-build,BAG-EN-044,line-3,energy,energy crew,2,2560,2640,,,
baghdad:BAG-RS-L1-037:rs-25-clip-on-body,BAG-RS-L1-037,line-1,rolling-stock,Baghdad six-car body installation,2,5112,5136,,,
baghdad:BAG-SIG-184:wpt-10-cabinet-bench,BAG-SIG-184,line-9,signalling-comms,wayside bench,1,1504,1528,,,
baghdad:BAG-TRK-L5-003:trk-10-survey-utility,BAG-TRK-L5-003,line-5,track-section,corridor civil crew,1,5112,5136,,,
baghdad:BAG-RS-L1-013:rs-40-fitout-static-test,BAG-RS-L1-013,line-1,rolling-stock,Baghdad six-car fitout and static test,12,5120,5272,,,
baghdad:BAG-RS-L1-014:rs-40-fitout-static-test,BAG-RS-L1-014,line-1,rolling-stock,Baghdad six-car fitout and static test,13,5120,5272,,,
baghdad:BAG-RS-L1-034:rs-30-traction-battery-control,BAG-RS-L1-034,line-1,rolling-stock,Baghdad six-car electrical integration,12,5120,5312,,,
baghdad:BAG-RS-L1-035:rs-30-traction-battery-control,BAG-RS-L1-035,line-1,rolling-stock,Baghdad six-car electrical integration,13,5120,5312,,,
baghdad:BAG-RS-L1-038:rs-25-clip-on-body,BAG-RS-L1-038,line-1,rolling-stock,Baghdad six-car body installation,1,5120,5144,,,
baghdad:BAG-RS-L1-086:rs-10-material-kit,BAG-RS-L1-086,line-1,rolling-stock,Baghdad trainset kitting,1,5120,5152,,,
baghdad:BAG-RS-L1-087:rs-10-material-kit,BAG-RS-L1-087,line-1,rolling-stock,Baghdad trainset kitting,2,5120,5152,,,
baghdad:BAG-RS-L1-088:rs-10-material-kit,BAG-RS-L1-088,line-1,rolling-stock,Baghdad trainset kitting,3,5120,5152,,,
baghdad:BAG-RS-L1-089:rs-10-material-kit,BAG-RS-L1-089,line-1,rolling-stock,Baghdad trainset kitting,4,5120,5152,,,
baghdad:BAG-SIG-182:wpt-10-cabinet-bench,BAG-SIG-182,line-9,signalling-comms,wayside bench,2,1480,1504,,,
baghdad:BAG-SIG-183:wpt-10-cabinet-bench,BAG-SIG-183,line-9,signalling-comms,wayside bench,3,1480,1504,,,
baghdad:BAG-SW-047:sw-20-install-proof,BAG-SW-047,line-2,switch,track/switch crew,2,3512,3544,,,
baghdad:BAG-SW-048:sw-20-install-proof,BAG-SW-048,line-2,switch,track/switch crew,1,3544,3576,,,
baghdad:BAG-RS-L1-015:rs-40-fitout-static-test,BAG-RS-L1-015,line-1,rolling-stock,Baghdad six-car fitout and static test,14,5128,5280,,,
baghdad:BAG-RS-L1-036:rs-30-traction-battery-control,BAG-RS-L1-036,line-1,rolling-stock,Baghdad six-car electrical integration,14,5128,5320,,,
baghdad:BAG-SIG-011:wpt-20-install-commission,BAG-SIG-011,line-1,signalling-comms,wayside systems crew,2,800,832,,,
baghdad:BAG-SIG-020:wpt-20-install-commission,BAG-SIG-020,line-1,signalling-comms,wayside systems crew,1,1448,1480,,,
baghdad:BAG-TRK-L3-012:trk-30-trackform-rail,BAG-TRK-L3-012,line-3,track-section,track crew,1,3608,3712,,,
baghdad:BAG-RS-L1-039:rs-25-clip-on-body,BAG-RS-L1-039,line-1,rolling-stock,Baghdad six-car body installation,2,5136,5160,,,
baghdad:BAG-RS-L1-040:rs-25-clip-on-body,BAG-RS-L1-040,line-1,rolling-stock,Baghdad six-car body installation,3,5136,5160,,,
baghdad:BAG-RS-L1-050:rs-23-moulded-body-modules,BAG-RS-L1-050,line-1,rolling-stock,Baghdad six-car composite kits,5,5136,5232,,,
baghdad:BAG-RS-L1-051:rs-23-moulded-body-modules,BAG-RS-L1-051,line-1,rolling-stock,Baghdad six-car composite kits,6,5136,5232,,,
baghdad:BAG-RS-L1-052:rs-23-moulded-body-modules,BAG-RS-L1-052,line-1,rolling-stock,Baghdad six-car composite kits,7,5136,5232,,,
baghdad:BAG-RS-L1-053:rs-23-moulded-body-modules,BAG-RS-L1-053,line-1,rolling-stock,Baghdad six-car composite kits,8,5136,5232,,,
baghdad:BAG-RS-L1-078:rs-20-carbody-bogie,BAG-RS-L1-078,line-1,rolling-stock,Baghdad six-car structural assembly,25,5136,5368,,,
baghdad:BAG-RS-L1-079:rs-20-carbody-bogie,BAG-RS-L1-079,line-1,rolling-stock,Baghdad six-car structural assembly,26,5136,5368,,,
baghdad:BAG-TRK-L5-003:trk-20-subgrade-drainage,BAG-TRK-L5-003,line-5,track-section,corridor civil crew,1,5136,5224,,,
baghdad:BAG-TRK-L5-004:trk-10-survey-utility,BAG-TRK-L5-004,line-5,track-section,corridor civil crew,2,5136,5152,,,
baghdad:BAG-WPT-L1-001:wpt-10-cabinet-bench,BAG-WPT-L1-001,line-1,waypoint,wayside bench,1,1528,1552,,,
baghdad:BAG-RS-L1-016:rs-40-fitout-static-test,BAG-RS-L1-016,line-1,rolling-stock,Baghdad six-car fitout and static test,15,5144,5296,,,
baghdad:BAG-RS-L1-037:rs-30-traction-battery-control,BAG-RS-L1-037,line-1,rolling-stock,Baghdad six-car electrical integration,15,5144,5336,,,
baghdad:BAG-RS-L1-041:rs-25-clip-on-body,BAG-RS-L1-041,line-1,rolling-stock,Baghdad six-car body installation,1,5144,5168,,,
baghdad:BAG-SIG-185:wpt-10-cabinet-bench,BAG-SIG-185,line-9,signalling-comms,wayside bench,2,1504,1528,,,
baghdad:BAG-SIG-186:wpt-10-cabinet-bench,BAG-SIG-186,line-9,signalling-comms,wayside bench,3,1504,1528,,,
baghdad:BAG-RS-L1-017:rs-40-fitout-static-test,BAG-RS-L1-017,line-1,rolling-stock,Baghdad six-car fitout and static test,16,5152,5304,,,
baghdad:BAG-RS-L1-018:rs-40-fitout-static-test,BAG-RS-L1-018,line-1,rolling-stock,Baghdad six-car fitout and static test,17,5152,5304,,,
baghdad:BAG-RS-L1-038:rs-30-traction-battery-control,BAG-RS-L1-038,line-1,rolling-stock,Baghdad six-car electrical integration,16,5152,5344,,,
baghdad:BAG-RS-L1-090:rs-10-material-kit,BAG-RS-L1-090,line-1,rolling-stock,Baghdad trainset kitting,1,5152,5184,,,
baghdad:BAG-RS-L1-091:rs-10-material-kit,BAG-RS-L1-091,line-1,rolling-stock,Baghdad trainset kitting,2,5152,5184,,,
baghdad:BAG-RS-L1-092:rs-10-material-kit,BAG-RS-L1-092,line-1,rolling-stock,Baghdad trainset kitting,3,5152,5184,,,
baghdad:BAG-RS-L1-093:rs-10-material-kit,BAG-RS-L1-093,line-1,rolling-stock,Baghdad trainset kitting,4,5152,5184,,,
baghdad:BAG-ST-020:st-20-mep-passenger-systems,BAG-ST-020,line-1,station,station systems crew,1,1360,1440,,,
baghdad:BAG-SW-049:sw-20-install-proof,BAG-SW-049,line-2,switch,track/switch crew,2,3544,3576,,,
baghdad:BAG-SW-050:sw-20-install-proof,BAG-SW-050,line-2,switch,track/switch crew,1,3576,3608,,,
baghdad:BAG-TRK-L5-004:trk-20-subgrade-drainage,BAG-TRK-L5-004,line-5,track-section,corridor civil crew,2,5152,5224,,,
baghdad:BAG-RS-L1-039:rs-30-traction-battery-control,BAG-RS-L1-039,line-1,rolling-stock,Baghdad six-car electrical integration,17,5160,5352,,,
baghdad:BAG-RS-L1-042:rs-25-clip-on-body,BAG-RS-L1-042,line-1,rolling-stock,Baghdad six-car body installation,2,5160,5184,,,
baghdad:BAG-SIG-003:wpt-20-install-commission,BAG-SIG-003,line-1,signalling-comms,wayside systems crew,3,360,392,,,
baghdad:BAG-SIG-017:wpt-20-install-commission,BAG-SIG-017,line-1,signalling-comms,wayside systems crew,2,1208,1240,,,
baghdad:BAG-WPT-L1-001:wpt-20-install-commission,BAG-WPT-L1-001,line-1,waypoint,wayside systems crew,1,1552,1584,,,
baghdad:BAG-RS-L1-040:rs-30-traction-battery-control,BAG-RS-L1-040,line-1,rolling-stock,Baghdad six-car electrical integration,18,5168,5360,,,
baghdad:BAG-RS-L1-043:rs-25-clip-on-body,BAG-RS-L1-043,line-1,rolling-stock,Baghdad six-car body installation,1,5168,5192,,,
baghdad:BAG-RS-L1-044:rs-25-clip-on-body,BAG-RS-L1-044,line-1,rolling-stock,Baghdad six-car body installation,3,5168,5192,,,
baghdad:BAG-WPT-L1-002:wpt-10-cabinet-bench,BAG-WPT-L1-002,line-1,waypoint,wayside bench,2,1528,1552,,,
baghdad:BAG-WPT-L1-003:wpt-10-cabinet-bench,BAG-WPT-L1-003,line-1,waypoint,wayside bench,3,1528,1552,,,
baghdad:BAG-RS-L1-002:rs-50-dynamic-commissioning,BAG-RS-L1-002,line-1,rolling-stock,Baghdad trainset acceptance bays,1,5176,5296,0,5184,5203
baghdad:BAG-RS-L1-003:rs-50-dynamic-commissioning,BAG-RS-L1-003,line-1,rolling-stock,Baghdad trainset acceptance bays,2,5176,5296,1,5184,5203
baghdad:BAG-RS-L1-004:rs-50-dynamic-commissioning,BAG-RS-L1-004,line-1,rolling-stock,Baghdad trainset acceptance bays,3,5176,5296,2,5184,5203
baghdad:BAG-RS-L1-019:rs-40-fitout-static-test,BAG-RS-L1-019,line-1,rolling-stock,Baghdad six-car fitout and static test,1,5176,5328,,,
baghdad:BAG-RS-L1-020:rs-40-fitout-static-test,BAG-RS-L1-020,line-1,rolling-stock,Baghdad six-car fitout and static test,2,5176,5328,,,
baghdad:BAG-RS-L1-041:rs-30-traction-battery-control,BAG-RS-L1-041,line-1,rolling-stock,Baghdad six-car electrical integration,19,5176,5368,,,
baghdad:BAG-RS-L1-054:rs-23-moulded-body-modules,BAG-RS-L1-054,line-1,rolling-stock,Baghdad six-car composite kits,9,5176,5272,,,
baghdad:BAG-RS-L1-055:rs-23-moulded-body-modules,BAG-RS-L1-055,line-1,rolling-stock,Baghdad six-car composite kits,10,5176,5272,,,
baghdad:BAG-RS-L1-056:rs-23-moulded-body-modules,BAG-RS-L1-056,line-1,rolling-stock,Baghdad six-car composite kits,11,5176,5272,,,
baghdad:BAG-RS-L1-080:rs-20-carbody-bogie,BAG-RS-L1-080,line-1,rolling-stock,Baghdad six-car structural assembly,1,5176,5408,,,
baghdad:BAG-RS-L1-081:rs-20-carbody-bogie,BAG-RS-L1-081,line-1,rolling-stock,Baghdad six-car structural assembly,2,5176,5408,,,
baghdad:BAG-RS-L1-082:rs-20-carbody-bogie,BAG-RS-L1-082,line-1,rolling-stock,Baghdad six-car structural assembly,3,5176,5408,,,
baghdad:BAG-RS-L1-083:rs-20-carbody-bogie,BAG-RS-L1-083,line-1,rolling-stock,Baghdad six-car structural assembly,4,5176,5408,,,
baghdad:BAG-ST-015:st-20-mep-passenger-systems,BAG-ST-015,line-1,station,station systems crew,2,1024,1104,,,
baghdad:BAG-RS-L1-021:rs-40-fitout-static-test,BAG-RS-L1-021,line-1,rolling-stock,Baghdad six-car fitout and static test,3,5184,5336,,,
baghdad:BAG-RS-L1-042:rs-30-traction-battery-control,BAG-RS-L1-042,line-1,rolling-stock,Baghdad six-car electrical integration,20,5184,5376,,,
baghdad:BAG-RS-L1-045:rs-25-clip-on-body,BAG-RS-L1-045,line-1,rolling-stock,Baghdad six-car body installation,2,5184,5208,,,
baghdad:BAG-RS-L1-094:rs-10-material-kit,BAG-RS-L1-094,line-1,rolling-stock,Baghdad trainset kitting,1,5184,5216,,,
baghdad:BAG-RS-L2-001:rs-10-material-kit,BAG-RS-L2-001,line-2,rolling-stock,Baghdad trainset kitting,2,5184,5216,,,
baghdad:BAG-RS-L2-002:rs-10-material-kit,BAG-RS-L2-002,line-2,rolling-stock,Baghdad trainset kitting,3,5184,5216,,,
baghdad:BAG-RS-L2-003:rs-10-material-kit,BAG-RS-L2-003,line-2,rolling-stock,Baghdad trainset kitting,4,5184,5216,,,
baghdad:BAG-ST-054:st-10-civil-structure,BAG-ST-054,line-3,station,station civil crew,2,3512,3624,,,
baghdad:BAG-ST-065:st-10-civil-structure,BAG-ST-065,line-4,station,station civil crew,1,4192,4304,,,
baghdad:BAG-SW-051:sw-20-install-proof,BAG-SW-051,line-2,switch,track/switch crew,2,3576,3608,,,
baghdad:BAG-SW-052:sw-20-install-proof,BAG-SW-052,line-2,switch,track/switch crew,1,3608,3640,,,
baghdad:BAG-EN-043:en-20-energy-commission,BAG-EN-043,line-3,energy,energy crew,1,2640,2680,,,
baghdad:BAG-EN-044:en-20-energy-commission,BAG-EN-044,line-3,energy,energy crew,2,2640,2680,,,
baghdad:BAG-RS-L1-043:rs-30-traction-battery-control,BAG-RS-L1-043,line-1,rolling-stock,Baghdad six-car electrical integration,21,5192,5384,,,
baghdad:BAG-RS-L1-046:rs-25-clip-on-body,BAG-RS-L1-046,line-1,rolling-stock,Baghdad six-car body installation,1,5192,5216,,,
baghdad:BAG-RS-L1-057:rs-23-moulded-body-modules,BAG-RS-L1-057,line-1,rolling-stock,Baghdad six-car composite kits,1,5192,5288,,,
baghdad:BAG-SIG-021:wpt-20-install-commission,BAG-SIG-021,line-2,signalling-comms,wayside systems crew,1,1584,1616,,,
baghdad:BAG-WPT-L1-002:wpt-20-install-commission,BAG-WPT-L1-002,line-1,waypoint,wayside systems crew,2,1552,1584,,,
baghdad:BAG-WPT-L1-003:wpt-20-install-commission,BAG-WPT-L1-003,line-1,waypoint,wayside systems crew,3,1552,1584,,,
baghdad:BAG-DEP-001:dep-20-charging-stabling,BAG-DEP-001,line-2,depot,depot works,1,184,256,,,
baghdad:BAG-RS-L1-005:rs-50-dynamic-commissioning,BAG-RS-L1-005,line-1,rolling-stock,Baghdad trainset acceptance bays,4,5200,5320,0,5208,5227
baghdad:BAG-RS-L1-022:rs-40-fitout-static-test,BAG-RS-L1-022,line-1,rolling-stock,Baghdad six-car fitout and static test,4,5200,5352,,,
baghdad:BAG-RS-L1-047:rs-25-clip-on-body,BAG-RS-L1-047,line-1,rolling-stock,Baghdad six-car body installation,3,5200,5224,,,
baghdad:BAG-WPT-L1-004:wpt-10-cabinet-bench,BAG-WPT-L1-004,line-1,waypoint,wayside bench,1,1552,1576,,,
baghdad:BAG-WPT-L1-005:wpt-10-cabinet-bench,BAG-WPT-L1-005,line-1,waypoint,wayside bench,2,1552,1576,,,
baghdad:BAG-RS-L1-006:rs-50-dynamic-commissioning,BAG-RS-L1-006,line-1,rolling-stock,Baghdad trainset acceptance bays,5,5208,5328,1,5216,5235
baghdad:BAG-RS-L1-007:rs-50-dynamic-commissioning,BAG-RS-L1-007,line-1,rolling-stock,Baghdad trainset acceptance bays,6,5208,5328,2,5216,5235
baghdad:BAG-RS-L1-048:rs-25-clip-on-body,BAG-RS-L1-048,line-1,rolling-stock,Baghdad six-car body installation,2,5208,5232,,,
baghdad:BAG-RS-L1-058:rs-23-moulded-body-modules,BAG-RS-L1-058,line-1,rolling-stock,Baghdad six-car composite kits,2,5208,5304,,,
baghdad:BAG-RS-L1-059:rs-23-moulded-body-modules,BAG-RS-L1-059,line-1,rolling-stock,Baghdad six-car composite kits,3,5208,5304,,,
baghdad:BAG-RS-L1-060:rs-23-moulded-body-modules,BAG-RS-L1-060,line-1,rolling-stock,Baghdad six-car composite kits,4,5208,5304,,,
baghdad:BAG-RS-L1-084:rs-20-carbody-bogie,BAG-RS-L1-084,line-1,rolling-stock,Baghdad six-car structural assembly,5,5208,5440,,,
baghdad:BAG-RS-L1-085:rs-20-carbody-bogie,BAG-RS-L1-085,line-1,rolling-stock,Baghdad six-car structural assembly,6,5208,5440,,,
baghdad:BAG-RS-L1-086:rs-20-carbody-bogie,BAG-RS-L1-086,line-1,rolling-stock,Baghdad six-car structural assembly,7,5208,5440,,,
baghdad:BAG-RS-L1-087:rs-20-carbody-bogie,BAG-RS-L1-087,line-1,rolling-stock,Baghdad six-car structural assembly,8,5208,5440,,,
baghdad:BAG-TRK-L3-008:trk-30-trackform-rail,BAG-TRK-L3-008,line-3,track-section,track crew,2,3392,3496,,,
baghdad:BAG-RS-L1-023:rs-40-fitout-static-test,BAG-RS-L1-023,line-1,rolling-stock,Baghdad six-car fitout and static test,5,5216,5368,,,
baghdad:BAG-RS-L1-024:rs-40-fitout-static-test,BAG-RS-L1-024,line-1,rolling-stock,Baghdad six-car fitout and static test,6,5216,5368,,,
baghdad:BAG-RS-L1-044:rs-30-traction-battery-control,BAG-RS-L1-044,line-1,rolling-stock,Baghdad six-car electrical integration,1,5216,5408,,,
baghdad:BAG-RS-L1-045:rs-30-traction-battery-control,BAG-RS-L1-045,line-1,rolling-stock,Baghdad six-car electrical integration,2,5216,5408,,,
baghdad:BAG-RS-L1-046:rs-30-traction-battery-control,BAG-RS-L1-046,line-1,rolling-stock,Baghdad six-car electrical integration,3,5216,5408,,,
baghdad:BAG-RS-L1-049:rs-25-clip-on-body,BAG-RS-L1-049,line-1,rolling-stock,Baghdad six-car body installation,1,5216,5240,,,
baghdad:BAG-RS-L2-004:rs-10-material-kit,BAG-RS-L2-004,line-2,rolling-stock,Baghdad trainset kitting,1,5216,5248,,,
baghdad:BAG-RS-L2-005:rs-10-material-kit,BAG-RS-L2-005,line-2,rolling-stock,Baghdad trainset kitting,2,5216,5248,,,
baghdad:BAG-RS-L2-006:rs-10-material-kit,BAG-RS-L2-006,line-2,rolling-stock,Baghdad trainset kitting,3,5216,5248,,,
baghdad:BAG-RS-L2-007:rs-10-material-kit,BAG-RS-L2-007,line-2,rolling-stock,Baghdad trainset kitting,4,5216,5248,,,
baghdad:BAG-SW-053:sw-20-install-proof,BAG-SW-053,line-2,switch,track/switch crew,2,3608,3640,,,
baghdad:BAG-SW-054:sw-20-install-proof,BAG-SW-054,line-2,switch,track/switch crew,1,3640,3672,,,
baghdad:BAG-RS-L1-008:rs-50-dynamic-commissioning,BAG-RS-L1-008,line-1,rolling-stock,Baghdad trainset acceptance bays,7,5224,5344,0,5232,5251
baghdad:BAG-RS-L1-025:rs-40-fitout-static-test,BAG-RS-L1-025,line-1,rolling-stock,Baghdad six-car fitout and static test,7,5224,5376,,,
baghdad:BAG-SIG-022:wpt-20-install-commission,BAG-SIG-022,line-2,signalling-comms,wayside systems crew,2,1584,1616,,,
baghdad:BAG-TRK-L5-005:trk-10-survey-utility,BAG-TRK-L5-005,line-5,track-section,corridor civil crew,1,5224,5240,,,
baghdad:BAG-TRK-L5-006:trk-10-survey-utility,BAG-TRK-L5-006,line-5,track-section,corridor civil crew,2,5224,5248,,,
baghdad:BAG-WPT-L1-004:wpt-20-install-commission,BAG-WPT-L1-004,line-1,waypoint,wayside systems crew,3,1584,1616,,,
baghdad:BAG-WPT-L1-005:wpt-20-install-commission,BAG-WPT-L1-005,line-1,waypoint,wayside systems crew,1,1616,1648,,,
baghdad:BAG-EN-045:en-10-energy-build,BAG-EN-045,line-3,energy,energy crew,1,2680,2760,,,
baghdad:BAG-EN-046:en-10-energy-build,BAG-EN-046,line-3,energy,energy crew,2,2680,2760,,,
baghdad:BAG-RS-L1-009:rs-50-dynamic-commissioning,BAG-RS-L1-009,line-1,rolling-stock,Baghdad trainset acceptance bays,8,5232,5352,1,5240,5259
baghdad:BAG-RS-L1-050:rs-25-clip-on-body,BAG-RS-L1-050,line-1,rolling-stock,Baghdad six-car body installation,2,5232,5256,,,
baghdad:BAG-RS-L1-051:rs-25-clip-on-body,BAG-RS-L1-051,line-1,rolling-stock,Baghdad six-car body installation,3,5232,5256,,,
baghdad:BAG-RS-L1-061:rs-23-moulded-body-modules,BAG-RS-L1-061,line-1,rolling-stock,Baghdad six-car composite kits,5,5232,5328,,,
baghdad:BAG-ST-022:st-20-mep-passenger-systems,BAG-ST-022,line-2,station,station systems crew,1,1472,1552,,,
baghdad:BAG-TRK-L3-015:trk-30-trackform-rail,BAG-TRK-L3-015,line-3,track-section,track crew,1,3712,3784,,,
baghdad:BAG-WPT-L1-006:wpt-10-cabinet-bench,BAG-WPT-L1-006,line-1,waypoint,wayside bench,3,1552,1576,,,
baghdad:BAG-WPT-L1-007:wpt-10-cabinet-bench,BAG-WPT-L1-007,line-1,waypoint,wayside bench,1,1576,1600,,,
baghdad:BAG-WPT-L1-008:wpt-10-cabinet-bench,BAG-WPT-L1-008,line-1,waypoint,wayside bench,2,1576,1600,,,
baghdad:BAG-RS-L1-010:rs-50-dynamic-commissioning,BAG-RS-L1-010,line-1,rolling-stock,Baghdad trainset acceptance bays,9,5240,5360,2,5248,5267
baghdad:BAG-RS-L1-026:rs-40-fitout-static-test,BAG-RS-L1-026,line-1,rolling-stock,Baghdad six-car fitout and static test,8,5240,5392,,,
baghdad:BAG-RS-L1-047:rs-30-traction-battery-control,BAG-RS-L1-047,line-1,rolling-stock,Baghdad six-car electrical integration,4,5240,5432,,,
baghdad:BAG-RS-L1-052:rs-25-clip-on-body,BAG-RS-L1-052,line-1,rolling-stock,Baghdad six-car body installation,1,5240,5264,,,
baghdad:BAG-RS-L1-062:rs-23-moulded-body-modules,BAG-RS-L1-062,line-1,rolling-stock,Baghdad six-car composite kits,6,5240,5336,,,
baghdad:BAG-RS-L1-063:rs-23-moulded-body-modules,BAG-RS-L1-063,line-1,rolling-stock,Baghdad six-car composite kits,7,5240,5336,,,
baghdad:BAG-RS-L1-064:rs-23-moulded-body-modules,BAG-RS-L1-064,line-1,rolling-stock,Baghdad six-car composite kits,8,5240,5336,,,
baghdad:BAG-RS-L1-088:rs-20-carbody-bogie,BAG-RS-L1-088,line-1,rolling-stock,Baghdad six-car structural assembly,9,5240,5472,,,
baghdad:BAG-RS-L1-089:rs-20-carbody-bogie,BAG-RS-L1-089,line-1,rolling-stock,Baghdad six-car structural assembly,10,5240,5472,,,
baghdad:BAG-RS-L1-090:rs-20-carbody-bogie,BAG-RS-L1-090,line-1,rolling-stock,Baghdad six-car structural assembly,11,5240,5472,,,
baghdad:BAG-RS-L1-091:rs-20-carbody-bogie,BAG-RS-L1-091,line-1,rolling-stock,Baghdad six-car structural assembly,12,5240,5472,,,
baghdad:BAG-TRK-L5-005:trk-20-subgrade-drainage,BAG-TRK-L5-005,line-5,track-section,corridor civil crew,1,5240,5296,,,
baghdad:BAG-RS-L1-011:rs-50-dynamic-commissioning,BAG-RS-L1-011,line-1,rolling-stock,Baghdad trainset acceptance bays,10,5248,5368,0,5256,5275
baghdad:BAG-RS-L1-027:rs-40-fitout-static-test,BAG-RS-L1-027,line-1,rolling-stock,Baghdad six-car fitout and static test,9,5248,5400,,,
baghdad:BAG-RS-L1-048:rs-30-traction-battery-control,BAG-RS-L1-048,line-1,rolling-stock,Baghdad six-car electrical integration,5,5248,5440,,,
baghdad:BAG-RS-L2-008:rs-10-material-kit,BAG-RS-L2-008,line-2,rolling-stock,Baghdad trainset kitting,1,5248,5280,,,
baghdad:BAG-RS-L2-009:rs-10-material-kit,BAG-RS-L2-009,line-2,rolling-stock,Baghdad trainset kitting,2,5248,5280,,,
baghdad:BAG-RS-L2-010:rs-10-material-kit,BAG-RS-L2-010,line-2,rolling-stock,Baghdad trainset kitting,3,5248,5280,,,
baghdad:BAG-RS-L2-011:rs-10-material-kit,BAG-RS-L2-011,line-2,rolling-stock,Baghdad trainset kitting,4,5248,5280,,,
baghdad:BAG-SW-055:sw-20-install-proof,BAG-SW-055,line-2,switch,track/switch crew,2,3640,3672,,,
baghdad:BAG-SW-056:sw-20-install-proof,BAG-SW-056,line-2,switch,track/switch crew,1,3672,3704,,,
baghdad:BAG-TRK-L5-006:trk-20-subgrade-drainage,BAG-TRK-L5-006,line-5,track-section,corridor civil crew,2,5248,5336,,,
baghdad:BAG-RS-L1-012:rs-50-dynamic-commissioning,BAG-RS-L1-012,line-1,rolling-stock,Baghdad trainset acceptance bays,11,5256,5376,1,5264,5283
baghdad:BAG-RS-L1-028:rs-40-fitout-static-test,BAG-RS-L1-028,line-1,rolling-stock,Baghdad six-car fitout and static test,10,5256,5408,,,
baghdad:BAG-RS-L1-049:rs-30-traction-battery-control,BAG-RS-L1-049,line-1,rolling-stock,Baghdad six-car electrical integration,6,5256,5448,,,
baghdad:BAG-RS-L1-053:rs-25-clip-on-body,BAG-RS-L1-053,line-1,rolling-stock,Baghdad six-car body installation,2,5256,5280,,,
baghdad:BAG-ST-017:st-20-mep-passenger-systems,BAG-ST-017,line-1,station,station systems crew,2,1160,1240,,,
baghdad:BAG-WPT-L1-006:wpt-20-install-commission,BAG-WPT-L1-006,line-1,waypoint,wayside systems crew,2,1616,1648,,,
baghdad:BAG-WPT-L1-007:wpt-20-install-commission,BAG-WPT-L1-007,line-1,waypoint,wayside systems crew,3,1616,1648,,,
baghdad:BAG-WPT-L1-008:wpt-20-install-commission,BAG-WPT-L1-008,line-1,waypoint,wayside systems crew,1,1648,1680,,,
baghdad:BAG-RS-L1-029:rs-40-fitout-static-test,BAG-RS-L1-029,line-1,rolling-stock,Baghdad six-car fitout and static test,11,5264,5416,,,
baghdad:BAG-RS-L1-050:rs-30-traction-battery-control,BAG-RS-L1-050,line-1,rolling-stock,Baghdad six-car electrical integration,7,5264,5456,,,
baghdad:BAG-WPT-L1-009:wpt-10-cabinet-bench,BAG-WPT-L1-009,line-1,waypoint,wayside bench,3,1576,1600,,,
baghdad:BAG-WPT-L1-010:wpt-10-cabinet-bench,BAG-WPT-L1-010,line-1,waypoint,wayside bench,1,1600,1624,,,
baghdad:BAG-PLANT-001:dep-10-building-plant,BAG-PLANT-001,line-2,depots-production,depot works,1,256,400,,,
baghdad:BAG-RS-L1-013:rs-50-dynamic-commissioning,BAG-RS-L1-013,line-1,rolling-stock,Baghdad trainset acceptance bays,12,5272,5392,0,5280,5299
baghdad:BAG-RS-L1-014:rs-50-dynamic-commissioning,BAG-RS-L1-014,line-1,rolling-stock,Baghdad trainset acceptance bays,13,5272,5392,2,5280,5299
baghdad:BAG-RS-L1-030:rs-40-fitout-static-test,BAG-RS-L1-030,line-1,rolling-stock,Baghdad six-car fitout and static test,12,5272,5424,,,
baghdad:BAG-RS-L1-051:rs-30-traction-battery-control,BAG-RS-L1-051,line-1,rolling-stock,Baghdad six-car electrical integration,8,5272,5464,,,
baghdad:BAG-RS-L1-054:rs-25-clip-on-body,BAG-RS-L1-054,line-1,rolling-stock,Baghdad six-car body installation,1,5272,5296,,,
baghdad:BAG-RS-L1-055:rs-25-clip-on-body,BAG-RS-L1-055,line-1,rolling-stock,Baghdad six-car body installation,3,5272,5296,,,
baghdad:BAG-RS-L1-065:rs-23-moulded-body-modules,BAG-RS-L1-065,line-1,rolling-stock,Baghdad six-car composite kits,9,5272,5368,,,
baghdad:BAG-RS-L1-066:rs-23-moulded-body-modules,BAG-RS-L1-066,line-1,rolling-stock,Baghdad six-car composite kits,10,5272,5368,,,
baghdad:BAG-RS-L1-067:rs-23-moulded-body-modules,BAG-RS-L1-067,line-1,rolling-stock,Baghdad six-car composite kits,11,5272,5368,,,
baghdad:BAG-RS-L1-092:rs-20-carbody-bogie,BAG-RS-L1-092,line-1,rolling-stock,Baghdad six-car structural assembly,13,5272,5504,,,
baghdad:BAG-RS-L1-093:rs-20-carbody-bogie,BAG-RS-L1-093,line-1,rolling-stock,Baghdad six-car structural assembly,14,5272,5504,,,
baghdad:BAG-RS-L1-094:rs-20-carbody-bogie,BAG-RS-L1-094,line-1,rolling-stock,Baghdad six-car structural assembly,15,5272,5504,,,
baghdad:BAG-RS-L2-001:rs-20-carbody-bogie,BAG-RS-L2-001,line-2,rolling-stock,Baghdad six-car structural assembly,16,5272,5504,,,
baghdad:BAG-RS-L1-031:rs-40-fitout-static-test,BAG-RS-L1-031,line-1,rolling-stock,Baghdad six-car fitout and static test,13,5280,5432,,,
baghdad:BAG-RS-L1-052:rs-30-traction-battery-control,BAG-RS-L1-052,line-1,rolling-stock,Baghdad six-car electrical integration,9,5280,5472,,,
baghdad:BAG-RS-L1-056:rs-25-clip-on-body,BAG-RS-L1-056,line-1,rolling-stock,Baghdad six-car body installation,2,5280,5304,,,
baghdad:BAG-RS-L2-012:rs-10-material-kit,BAG-RS-L2-012,line-2,rolling-stock,Baghdad trainset kitting,1,5280,5312,,,
baghdad:BAG-RS-L2-013:rs-10-material-kit,BAG-RS-L2-013,line-2,rolling-stock,Baghdad trainset kitting,2,5280,5312,,,
baghdad:BAG-RS-L2-014:rs-10-material-kit,BAG-RS-L2-014,line-2,rolling-stock,Baghdad trainset kitting,3,5280,5312,,,
baghdad:BAG-RS-L2-015:rs-10-material-kit,BAG-RS-L2-015,line-2,rolling-stock,Baghdad trainset kitting,4,5280,5312,,,
baghdad:BAG-SW-057:sw-20-install-proof,BAG-SW-057,line-2,switch,track/switch crew,2,3672,3704,,,
baghdad:BAG-SW-058:sw-20-install-proof,BAG-SW-058,line-2,switch,track/switch crew,1,3704,3736,,,
baghdad:BAG-RS-L1-032:rs-40-fitout-static-test,BAG-RS-L1-032,line-1,rolling-stock,Baghdad six-car fitout and static test,14,5288,5440,,,
baghdad:BAG-RS-L1-053:rs-30-traction-battery-control,BAG-RS-L1-053,line-1,rolling-stock,Baghdad six-car electrical integration,10,5288,5480,,,
baghdad:BAG-RS-L1-068:rs-23-moulded-body-modules,BAG-RS-L1-068,line-1,rolling-stock,Baghdad six-car composite kits,1,5288,5384,,,
baghdad:BAG-SIG-023:wpt-20-install-commission,BAG-SIG-023,line-2,signalling-comms,wayside systems crew,1,1680,1712,,,
baghdad:BAG-WPT-L1-009:wpt-20-install-commission,BAG-WPT-L1-009,line-1,waypoint,wayside systems crew,2,1648,1680,,,
baghdad:BAG-WPT-L1-010:wpt-20-install-commission,BAG-WPT-L1-010,line-1,waypoint,wayside systems crew,3,1648,1680,,,
baghdad:BAG-RS-L1-015:rs-50-dynamic-commissioning,BAG-RS-L1-015,line-1,rolling-stock,Baghdad trainset acceptance bays,1,5296,5416,0,5304,5323
baghdad:BAG-RS-L1-016:rs-50-dynamic-commissioning,BAG-RS-L1-016,line-1,rolling-stock,Baghdad trainset acceptance bays,2,5296,5416,1,5304,5323
baghdad:BAG-RS-L1-033:rs-40-fitout-static-test,BAG-RS-L1-033,line-1,rolling-stock,Baghdad six-car fitout and static test,15,5296,5448,,,
baghdad:BAG-RS-L1-054:rs-30-traction-battery-control,BAG-RS-L1-054,line-1,rolling-stock,Baghdad six-car electrical integration,11,5296,5488,,,
baghdad:BAG-RS-L1-057:rs-25-clip-on-body,BAG-RS-L1-057,line-1,rolling-stock,Baghdad six-car body installation,1,5296,5320,,,
baghdad:BAG-ST-056:st-10-civil-structure,BAG-ST-056,line-3,station,station civil crew,2,3624,3736,,,
baghdad:BAG-ST-066:st-10-civil-structure,BAG-ST-066,line-4,station,station civil crew,1,4344,4456,,,
baghdad:BAG-TRK-L5-007:trk-10-survey-utility,BAG-TRK-L5-007,line-5,track-section,corridor civil crew,1,5296,5320,,,
baghdad:BAG-WPT-L1-011:wpt-10-cabinet-bench,BAG-WPT-L1-011,line-1,waypoint,wayside bench,2,1600,1624,,,
baghdad:BAG-WPT-L1-012:wpt-10-cabinet-bench,BAG-WPT-L1-012,line-1,waypoint,wayside bench,3,1600,1624,,,
baghdad:BAG-WPT-L1-013:wpt-10-cabinet-bench,BAG-WPT-L1-013,line-1,waypoint,wayside bench,1,1624,1648,,,
baghdad:BAG-RS-L1-017:rs-50-dynamic-commissioning,BAG-RS-L1-017,line-1,rolling-stock,Baghdad trainset acceptance bays,3,5304,5424,2,5312,5331
baghdad:BAG-RS-L1-058:rs-25-clip-on-body,BAG-RS-L1-058,line-1,rolling-stock,Baghdad six-car body installation,2,5304,5328,,,
baghdad:BAG-RS-L1-059:rs-25-clip-on-body,BAG-RS-L1-059,line-1,rolling-stock,Baghdad six-car body installation,3,5304,5328,,,
baghdad:BAG-RS-L1-069:rs-23-moulded-body-modules,BAG-RS-L1-069,line-1,rolling-stock,Baghdad six-car composite kits,2,5304,5400,,,
baghdad:BAG-RS-L1-070:rs-23-moulded-body-modules,BAG-RS-L1-070,line-1,rolling-stock,Baghdad six-car composite kits,3,5304,5400,,,
baghdad:BAG-RS-L1-071:rs-23-moulded-body-modules,BAG-RS-L1-071,line-1,rolling-stock,Baghdad six-car composite kits,4,5304,5400,,,
baghdad:BAG-RS-L2-002:rs-20-carbody-bogie,BAG-RS-L2-002,line-2,rolling-stock,Baghdad six-car structural assembly,17,5304,5536,,,
baghdad:BAG-RS-L2-003:rs-20-carbody-bogie,BAG-RS-L2-003,line-2,rolling-stock,Baghdad six-car structural assembly,18,5304,5536,,,
baghdad:BAG-RS-L2-004:rs-20-carbody-bogie,BAG-RS-L2-004,line-2,rolling-stock,Baghdad six-car structural assembly,19,5304,5536,,,
baghdad:BAG-RS-L2-005:rs-20-carbody-bogie,BAG-RS-L2-005,line-2,rolling-stock,Baghdad six-car structural assembly,20,5304,5536,,,
baghdad:BAG-TRK-L3-017:trk-30-trackform-rail,BAG-TRK-L3-017,line-3,track-section,track crew,1,3808,3896,,,
baghdad:BAG-EN-045:en-20-energy-commission,BAG-EN-045,line-3,energy,energy crew,1,2760,2800,,,
baghdad:BAG-EN-046:en-20-energy-commission,BAG-EN-046,line-3,energy,energy crew,2,2760,2800,,,
baghdad:BAG-RS-L1-034:rs-40-fitout-static-test,BAG-RS-L1-034,line-1,rolling-stock,Baghdad six-car fitout and static test,16,5312,5464,,,
baghdad:BAG-RS-L1-035:rs-40-fitout-static-test,BAG-RS-L1-035,line-1,rolling-stock,Baghdad six-car fitout and static test,17,5312,5464,,,
baghdad:BAG-RS-L1-055:rs-30-traction-battery-control,BAG-RS-L1-055,line-1,rolling-stock,Baghdad six-car electrical integration,12,5312,5504,,,
baghdad:BAG-RS-L1-056:rs-30-traction-battery-control,BAG-RS-L1-056,line-1,rolling-stock,Baghdad six-car electrical integration,13,5312,5504,,,
baghdad:BAG-RS-L2-016:rs-10-material-kit,BAG-RS-L2-016,line-2,rolling-stock,Baghdad trainset kitting,1,5312,5344,,,
baghdad:BAG-RS-L2-017:rs-10-material-kit,BAG-RS-L2-017,line-2,rolling-stock,Baghdad trainset kitting,2,5312,5344,,,
baghdad:BAG-RS-L2-018:rs-10-material-kit,BAG-RS-L2-018,line-2,rolling-stock,Baghdad trainset kitting,3,5312,5344,,,
baghdad:BAG-RS-L2-019:rs-10-material-kit,BAG-RS-L2-019,line-2,rolling-stock,Baghdad trainset kitting,4,5312,5344,,,
baghdad:BAG-ST-024:st-20-mep-passenger-systems,BAG-ST-024,line-2,station,station systems crew,1,1600,1680,,,
baghdad:BAG-SW-059:sw-20-install-proof,BAG-SW-059,line-2,switch,track/switch crew,2,3704,3736,,,
baghdad:BAG-SW-060:sw-20-install-proof,BAG-SW-060,line-2,switch,track/switch crew,1,3736,3768,,,
baghdad:BAG-TRK-L3-010:trk-30-trackform-rail,BAG-TRK-L3-010,line-3,track-section,track crew,2,3496,3584,,,
baghdad:BAG-RS-L1-018:rs-50-dynamic-commissioning,BAG-RS-L1-018,line-1,rolling-stock,Baghdad trainset acceptance bays,4,5320,5440,0,5328,5347
baghdad:BAG-RS-L1-057:rs-30-traction-battery-control,BAG-RS-L1-057,line-1,rolling-stock,Baghdad six-car electrical integration,14,5320,5512,,,
baghdad:BAG-RS-L1-060:rs-25-clip-on-body,BAG-RS-L1-060,line-1,rolling-stock,Baghdad six-car body installation,1,5320,5344,,,
baghdad:BAG-TRK-L5-007:trk-20-subgrade-drainage,BAG-TRK-L5-007,line-5,track-section,corridor civil crew,1,5320,5408,,,
baghdad:BAG-WPT-L1-011:wpt-20-install-commission,BAG-WPT-L1-011,line-1,waypoint,wayside systems crew,2,1680,1712,,,
baghdad:BAG-WPT-L1-012:wpt-20-install-commission,BAG-WPT-L1-012,line-1,waypoint,wayside systems crew,3,1680,1712,,,
baghdad:BAG-WPT-L1-013:wpt-20-install-commission,BAG-WPT-L1-013,line-1,waypoint,wayside systems crew,1,1712,1744,,,
baghdad:BAG-RS-L1-019:rs-50-dynamic-commissioning,BAG-RS-L1-019,line-1,rolling-stock,Baghdad trainset acceptance bays,5,5328,5448,1,5336,5355
baghdad:BAG-RS-L1-020:rs-50-dynamic-commissioning,BAG-RS-L1-020,line-1,rolling-stock,Baghdad trainset acceptance bays,6,5328,5448,2,5336,5355
baghdad:BAG-RS-L1-036:rs-40-fitout-static-test,BAG-RS-L1-036,line-1,rolling-stock,Baghdad six-car fitout and static test,1,5328,5480,,,
baghdad:BAG-RS-L1-061:rs-25-clip-on-body,BAG-RS-L1-061,line-1,rolling-stock,Baghdad six-car body installation,2,5328,5352,,,
baghdad:BAG-RS-L1-072:rs-23-moulded-body-modules,BAG-RS-L1-072,line-1,rolling-stock,Baghdad six-car composite kits,5,5328,5424,,,
baghdad:BAG-WPT-L1-014:wpt-10-cabinet-bench,BAG-WPT-L1-014,line-1,waypoint,wayside bench,2,1624,1648,,,
baghdad:BAG-WPT-L1-015:wpt-10-cabinet-bench,BAG-WPT-L1-015,line-1,waypoint,wayside bench,3,1624,1648,,,
baghdad:BAG-WPT-L1-016:wpt-10-cabinet-bench,BAG-WPT-L1-016,line-1,waypoint,wayside bench,1,1648,1672,,,
baghdad:BAG-RS-L1-037:rs-40-fitout-static-test,BAG-RS-L1-037,line-1,rolling-stock,Baghdad six-car fitout and static test,2,5336,5488,,,
baghdad:BAG-RS-L1-058:rs-30-traction-battery-control,BAG-RS-L1-058,line-1,rolling-stock,Baghdad six-car electrical integration,15,5336,5528,,,
baghdad:BAG-RS-L1-062:rs-25-clip-on-body,BAG-RS-L1-062,line-1,rolling-stock,Baghdad six-car body installation,3,5336,5360,,,
baghdad:BAG-RS-L1-073:rs-23-moulded-body-modules,BAG-RS-L1-073,line-1,rolling-stock,Baghdad six-car composite kits,6,5336,5432,,,
baghdad:BAG-RS-L1-074:rs-23-moulded-body-modules,BAG-RS-L1-074,line-1,rolling-stock,Baghdad six-car composite kits,7,5336,5432,,,
baghdad:BAG-RS-L1-075:rs-23-moulded-body-modules,BAG-RS-L1-075,line-1,rolling-stock,Baghdad six-car composite kits,8,5336,5432,,,
baghdad:BAG-RS-L2-006:rs-20-carbody-bogie,BAG-RS-L2-006,line-2,rolling-stock,Baghdad six-car structural assembly,21,5336,5568,,,
baghdad:BAG-RS-L2-007:rs-20-carbody-bogie,BAG-RS-L2-007,line-2,rolling-stock,Baghdad six-car structural assembly,22,5336,5568,,,
baghdad:BAG-RS-L2-008:rs-20-carbody-bogie,BAG-RS-L2-008,line-2,rolling-stock,Baghdad six-car structural assembly,23,5336,5568,,,
baghdad:BAG-RS-L2-009:rs-20-carbody-bogie,BAG-RS-L2-009,line-2,rolling-stock,Baghdad six-car structural assembly,24,5336,5568,,,
baghdad:BAG-ST-019:st-20-mep-passenger-systems,BAG-ST-019,line-1,station,station systems crew,2,1272,1352,,,
baghdad:BAG-TRK-L5-008:trk-10-survey-utility,BAG-TRK-L5-008,line-5,track-section,corridor civil crew,2,5336,5352,,,
baghdad:BAG-RS-L1-021:rs-50-dynamic-commissioning,BAG-RS-L1-021,line-1,rolling-stock,Baghdad trainset acceptance bays,7,5344,5464,0,5352,5371
baghdad:BAG-RS-L1-038:rs-40-fitout-static-test,BAG-RS-L1-038,line-1,rolling-stock,Baghdad six-car fitout and static test,3,5344,5496,,,
baghdad:BAG-RS-L1-059:rs-30-traction-battery-control,BAG-RS-L1-059,line-1,rolling-stock,Baghdad six-car electrical integration,16,5344,5536,,,
baghdad:BAG-RS-L1-063:rs-25-clip-on-body,BAG-RS-L1-063,line-1,rolling-stock,Baghdad six-car body installation,1,5344,5368,,,
baghdad:BAG-RS-L2-020:rs-10-material-kit,BAG-RS-L2-020,line-2,rolling-stock,Baghdad trainset kitting,1,5344,5376,,,
baghdad:BAG-RS-L2-021:rs-10-material-kit,BAG-RS-L2-021,line-2,rolling-stock,Baghdad trainset kitting,2,5344,5376,,,
baghdad:BAG-RS-L2-022:rs-10-material-kit,BAG-RS-L2-022,line-2,rolling-stock,Baghdad trainset kitting,3,5344,5376,,,
baghdad:BAG-RS-L2-023:rs-10-material-kit,BAG-RS-L2-023,line-2,rolling-stock,Baghdad trainset kitting,4,5344,5376,,,
baghdad:BAG-SW-061:sw-20-install-proof,BAG-SW-061,line-2,switch,track/switch crew,2,3736,3768,,,
baghdad:BAG-SW-062:sw-20-install-proof,BAG-SW-062,line-2,switch,track/switch crew,1,3768,3800,,,
baghdad:BAG-EN-047:en-10-energy-build,BAG-EN-047,line-3,energy,energy crew,1,2800,2880,,,
baghdad:BAG-EN-048:en-10-energy-build,BAG-EN-048,line-3,energy,energy crew,2,2800,2880,,,
baghdad:BAG-RS-L1-022:rs-50-dynamic-commissioning,BAG-RS-L1-022,line-1,rolling-stock,Baghdad trainset acceptance bays,8,5352,5472,1,5360,5379
baghdad:BAG-RS-L1-039:rs-40-fitout-static-test,BAG-RS-L1-039,line-1,rolling-stock,Baghdad six-car fitout and static test,4,5352,5504,,,
baghdad:BAG-RS-L1-060:rs-30-traction-battery-control,BAG-RS-L1-060,line-1,rolling-stock,Baghdad six-car electrical integration,17,5352,5544,,,
baghdad:BAG-RS-L1-064:rs-25-clip-on-body,BAG-RS-L1-064,line-1,rolling-stock,Baghdad six-car body installation,2,5352,5376,,,
baghdad:BAG-TRK-L5-008:trk-20-subgrade-drainage,BAG-TRK-L5-008,line-5,track-section,corridor civil crew,2,5352,5432,,,
baghdad:BAG-WPT-L1-014:wpt-20-install-commission,BAG-WPT-L1-014,line-1,waypoint,wayside systems crew,2,1712,1744,,,
baghdad:BAG-WPT-L1-015:wpt-20-install-commission,BAG-WPT-L1-015,line-1,waypoint,wayside systems crew,3,1712,1744,,,
baghdad:BAG-WPT-L1-016:wpt-20-install-commission,BAG-WPT-L1-016,line-1,waypoint,wayside systems crew,1,1744,1776,,,
baghdad:BAG-RS-L1-061:rs-30-traction-battery-control,BAG-RS-L1-061,line-1,rolling-stock,Baghdad six-car electrical integration,18,5360,5552,,,
baghdad:BAG-WPT-L1-017:wpt-10-cabinet-bench,BAG-WPT-L1-017,line-1,waypoint,wayside bench,2,1648,1672,,,
baghdad:BAG-WPT-L1-018:wpt-10-cabinet-bench,BAG-WPT-L1-018,line-1,waypoint,wayside bench,3,1648,1672,,,
baghdad:BAG-WPT-L1-019:wpt-10-cabinet-bench,BAG-WPT-L1-019,line-1,waypoint,wayside bench,1,1672,1696,,,
baghdad:BAG-RS-L1-023:rs-50-dynamic-commissioning,BAG-RS-L1-023,line-1,rolling-stock,Baghdad trainset acceptance bays,9,5368,5488,0,5376,5395
baghdad:BAG-RS-L1-024:rs-50-dynamic-commissioning,BAG-RS-L1-024,line-1,rolling-stock,Baghdad trainset acceptance bays,10,5368,5488,2,5376,5395
baghdad:BAG-RS-L1-040:rs-40-fitout-static-test,BAG-RS-L1-040,line-1,rolling-stock,Baghdad six-car fitout and static test,5,5368,5520,,,
baghdad:BAG-RS-L1-041:rs-40-fitout-static-test,BAG-RS-L1-041,line-1,rolling-stock,Baghdad six-car fitout and static test,6,5368,5520,,,
baghdad:BAG-RS-L1-062:rs-30-traction-battery-control,BAG-RS-L1-062,line-1,rolling-stock,Baghdad six-car electrical integration,19,5368,5560,,,
baghdad:BAG-RS-L1-065:rs-25-clip-on-body,BAG-RS-L1-065,line-1,rolling-stock,Baghdad six-car body installation,1,5368,5392,,,
baghdad:BAG-RS-L1-066:rs-25-clip-on-body,BAG-RS-L1-066,line-1,rolling-stock,Baghdad six-car body installation,3,5368,5392,,,
baghdad:BAG-RS-L1-076:rs-23-moulded-body-modules,BAG-RS-L1-076,line-1,rolling-stock,Baghdad six-car composite kits,9,5368,5464,,,
baghdad:BAG-RS-L1-077:rs-23-moulded-body-modules,BAG-RS-L1-077,line-1,rolling-stock,Baghdad six-car composite kits,10,5368,5464,,,
baghdad:BAG-RS-L1-078:rs-23-moulded-body-modules,BAG-RS-L1-078,line-1,rolling-stock,Baghdad six-car composite kits,11,5368,5464,,,
baghdad:BAG-RS-L2-010:rs-20-carbody-bogie,BAG-RS-L2-010,line-2,rolling-stock,Baghdad six-car structural assembly,25,5368,5600,,,
baghdad:BAG-RS-L2-011:rs-20-carbody-bogie,BAG-RS-L2-011,line-2,rolling-stock,Baghdad six-car structural assembly,26,5368,5600,,,
baghdad:BAG-RS-L1-025:rs-50-dynamic-commissioning,BAG-RS-L1-025,line-1,rolling-stock,Baghdad trainset acceptance bays,11,5376,5496,1,5384,5403
baghdad:BAG-RS-L1-042:rs-40-fitout-static-test,BAG-RS-L1-042,line-1,rolling-stock,Baghdad six-car fitout and static test,7,5376,5528,,,
baghdad:BAG-RS-L1-063:rs-30-traction-battery-control,BAG-RS-L1-063,line-1,rolling-stock,Baghdad six-car electrical integration,20,5376,5568,,,
baghdad:BAG-RS-L1-067:rs-25-clip-on-body,BAG-RS-L1-067,line-1,rolling-stock,Baghdad six-car body installation,2,5376,5400,,,
baghdad:BAG-RS-L2-024:rs-10-material-kit,BAG-RS-L2-024,line-2,rolling-stock,Baghdad trainset kitting,1,5376,5408,,,
baghdad:BAG-RS-L2-025:rs-10-material-kit,BAG-RS-L2-025,line-2,rolling-stock,Baghdad trainset kitting,2,5376,5408,,,
baghdad:BAG-RS-L2-026:rs-10-material-kit,BAG-RS-L2-026,line-2,rolling-stock,Baghdad trainset kitting,3,5376,5408,,,
baghdad:BAG-RS-L2-027:rs-10-material-kit,BAG-RS-L2-027,line-2,rolling-stock,Baghdad trainset kitting,4,5376,5408,,,
baghdad:BAG-SW-063:sw-20-install-proof,BAG-SW-063,line-2,switch,track/switch crew,2,3768,3800,,,
baghdad:BAG-SW-064:sw-20-install-proof,BAG-SW-064,line-2,switch,track/switch crew,1,3800,3832,,,
baghdad:BAG-RS-L1-064:rs-30-traction-battery-control,BAG-RS-L1-064,line-1,rolling-stock,Baghdad six-car electrical integration,21,5384,5576,,,
baghdad:BAG-RS-L1-079:rs-23-moulded-body-modules,BAG-RS-L1-079,line-1,rolling-stock,Baghdad six-car composite kits,1,5384,5480,,,
baghdad:BAG-WPT-L1-017:wpt-20-install-commission,BAG-WPT-L1-017,line-1,waypoint,wayside systems crew,2,1744,1776,,,
baghdad:BAG-WPT-L1-018:wpt-20-install-commission,BAG-WPT-L1-018,line-1,waypoint,wayside systems crew,3,1744,1776,,,
baghdad:BAG-WPT-L1-019:wpt-20-install-commission,BAG-WPT-L1-019,line-1,waypoint,wayside systems crew,1,1776,1808,,,
baghdad:BAG-RS-L1-026:rs-50-dynamic-commissioning,BAG-RS-L1-026,line-1,rolling-stock,Baghdad trainset acceptance bays,12,5392,5512,0,5400,5419
baghdad:BAG-RS-L1-043:rs-40-fitout-static-test,BAG-RS-L1-043,line-1,rolling-stock,Baghdad six-car fitout and static test,8,5392,5544,,,
baghdad:BAG-RS-L1-068:rs-25-clip-on-body,BAG-RS-L1-068,line-1,rolling-stock,Baghdad six-car body installation,1,5392,5416,,,
baghdad:BAG-ST-026:st-20-mep-passenger-systems,BAG-ST-026,line-2,station,station systems crew,1,1848,1928,,,
baghdad:BAG-TRK-L3-018:trk-30-trackform-rail,BAG-TRK-L3-018,line-3,track-section,track crew,1,3928,4056,,,
baghdad:BAG-RS-L1-027:rs-50-dynamic-commissioning,BAG-RS-L1-027,line-1,rolling-stock,Baghdad trainset acceptance bays,13,5400,5520,1,5408,5427
baghdad:BAG-RS-L1-069:rs-25-clip-on-body,BAG-RS-L1-069,line-1,rolling-stock,Baghdad six-car body installation,2,5400,5424,,,
baghdad:BAG-RS-L1-070:rs-25-clip-on-body,BAG-RS-L1-070,line-1,rolling-stock,Baghdad six-car body installation,3,5400,5424,,,
baghdad:BAG-TRK-L3-013:trk-30-trackform-rail,BAG-TRK-L3-013,line-3,track-section,track crew,2,3584,3656,,,
baghdad:BAG-RS-L1-044:rs-40-fitout-static-test,BAG-RS-L1-044,line-1,rolling-stock,Baghdad six-car fitout and static test,9,5408,5560,,,
baghdad:BAG-RS-L1-045:rs-40-fitout-static-test,BAG-RS-L1-045,line-1,rolling-stock,Baghdad six-car fitout and static test,10,5408,5560,,,
baghdad:BAG-RS-L1-065:rs-30-traction-battery-control,BAG-RS-L1-065,line-1,rolling-stock,Baghdad six-car electrical integration,1,5408,5600,,,
baghdad:BAG-RS-L1-066:rs-30-traction-battery-control,BAG-RS-L1-066,line-1,rolling-stock,Baghdad six-car electrical integration,2,5408,5600,,,
baghdad:BAG-RS-L1-067:rs-30-traction-battery-control,BAG-RS-L1-067,line-1,rolling-stock,Baghdad six-car electrical integration,3,5408,5600,,,
baghdad:BAG-RS-L1-080:rs-23-moulded-body-modules,BAG-RS-L1-080,line-1,rolling-stock,Baghdad six-car composite kits,2,5408,5504,,,
baghdad:BAG-RS-L1-081:rs-23-moulded-body-modules,BAG-RS-L1-081,line-1,rolling-stock,Baghdad six-car composite kits,3,5408,5504,,,
baghdad:BAG-RS-L1-082:rs-23-moulded-body-modules,BAG-RS-L1-082,line-1,rolling-stock,Baghdad six-car composite kits,4,5408,5504,,,
baghdad:BAG-RS-L2-012:rs-20-carbody-bogie,BAG-RS-L2-012,line-2,rolling-stock,Baghdad six-car structural assembly,1,5408,5640,,,
baghdad:BAG-RS-L2-013:rs-20-carbody-bogie,BAG-RS-L2-013,line-2,rolling-stock,Baghdad six-car structural assembly,2,5408,5640,,,
baghdad:BAG-RS-L2-014:rs-20-carbody-bogie,BAG-RS-L2-014,line-2,rolling-stock,Baghdad six-car structural assembly,3,5408,5640,,,
baghdad:BAG-RS-L2-015:rs-20-carbody-bogie,BAG-RS-L2-015,line-2,rolling-stock,Baghdad six-car structural assembly,4,5408,5640,,,
baghdad:BAG-RS-L2-028:rs-10-material-kit,BAG-RS-L2-028,line-2,rolling-stock,Baghdad trainset kitting,1,5408,5440,,,
baghdad:BAG-RS-L2-029:rs-10-material-kit,BAG-RS-L2-029,line-2,rolling-stock,Baghdad trainset kitting,2,5408,5440,,,
baghdad:BAG-RS-L2-030:rs-10-material-kit,BAG-RS-L2-030,line-2,rolling-stock,Baghdad trainset kitting,3,5408,5440,,,
baghdad:BAG-RS-L2-031:rs-10-material-kit,BAG-RS-L2-031,line-2,rolling-stock,Baghdad trainset kitting,4,5408,5440,,,
baghdad:BAG-ST-058:st-10-civil-structure,BAG-ST-058,line-3,station,station civil crew,2,3736,3848,,,
baghdad:BAG-ST-068:st-10-civil-structure,BAG-ST-068,line-4,station,station civil crew,1,4456,4568,,,
baghdad:BAG-SW-065:sw-20-install-proof,BAG-SW-065,line-2,switch,track/switch crew,2,3800,3832,,,
baghdad:BAG-SW-066:sw-20-install-proof,BAG-SW-066,line-2,switch,track/switch crew,1,3832,3864,,,
baghdad:BAG-TRK-L5-009:trk-10-survey-utility,BAG-TRK-L5-009,line-5,track-section,corridor civil crew,1,5408,5440,,,
baghdad:BAG-RS-L1-028:rs-50-dynamic-commissioning,BAG-RS-L1-028,line-1,rolling-stock,Baghdad trainset acceptance bays,1,5416,5536,0,5424,5443
baghdad:BAG-RS-L1-029:rs-50-dynamic-commissioning,BAG-RS-L1-029,line-1,rolling-stock,Baghdad trainset acceptance bays,2,5416,5536,2,5424,5443
baghdad:BAG-RS-L1-046:rs-40-fitout-static-test,BAG-RS-L1-046,line-1,rolling-stock,Baghdad six-car fitout and static test,11,5416,5568,,,
baghdad:BAG-RS-L1-071:rs-25-clip-on-body,BAG-RS-L1-071,line-1,rolling-stock,Baghdad six-car body installation,1,5416,5440,,,
baghdad:BAG-RS-L1-030:rs-50-dynamic-commissioning,BAG-RS-L1-030,line-1,rolling-stock,Baghdad trainset acceptance bays,3,5424,5544,1,5432,5451
baghdad:BAG-RS-L1-072:rs-25-clip-on-body,BAG-RS-L1-072,line-1,rolling-stock,Baghdad six-car body installation,2,5424,5448,,,
baghdad:BAG-RS-L1-083:rs-23-moulded-body-modules,BAG-RS-L1-083,line-1,rolling-stock,Baghdad six-car composite kits,5,5424,5520,,,
baghdad:BAG-EN-047:en-20-energy-commission,BAG-EN-047,line-3,energy,energy crew,1,2880,2920,,,
baghdad:BAG-EN-048:en-20-energy-commission,BAG-EN-048,line-3,energy,energy crew,2,2880,2920,,,
baghdad:BAG-RS-L1-047:rs-40-fitout-static-test,BAG-RS-L1-047,line-1,rolling-stock,Baghdad six-car fitout and static test,12,5432,5584,,,
baghdad:BAG-RS-L1-068:rs-30-traction-battery-control,BAG-RS-L1-068,line-1,rolling-stock,Baghdad six-car electrical integration,4,5432,5624,,,
baghdad:BAG-RS-L1-073:rs-25-clip-on-body,BAG-RS-L1-073,line-1,rolling-stock,Baghdad six-car body installation,3,5432,5456,,,
baghdad:BAG-TRK-L5-010:trk-10-survey-utility,BAG-TRK-L5-010,line-5,track-section,corridor civil crew,2,5432,5464,,,
baghdad:BAG-RS-L1-031:rs-50-dynamic-commissioning,BAG-RS-L1-031,line-1,rolling-stock,Baghdad trainset acceptance bays,4,5440,5560,0,5448,5467
baghdad:BAG-RS-L1-048:rs-40-fitout-static-test,BAG-RS-L1-048,line-1,rolling-stock,Baghdad six-car fitout and static test,13,5440,5592,,,
baghdad:BAG-RS-L1-069:rs-30-traction-battery-control,BAG-RS-L1-069,line-1,rolling-stock,Baghdad six-car electrical integration,5,5440,5632,,,
baghdad:BAG-RS-L1-074:rs-25-clip-on-body,BAG-RS-L1-074,line-1,rolling-stock,Baghdad six-car body installation,1,5440,5464,,,
baghdad:BAG-RS-L1-084:rs-23-moulded-body-modules,BAG-RS-L1-084,line-1,rolling-stock,Baghdad six-car composite kits,6,5440,5536,,,
baghdad:BAG-RS-L1-085:rs-23-moulded-body-modules,BAG-RS-L1-085,line-1,rolling-stock,Baghdad six-car composite kits,7,5440,5536,,,
baghdad:BAG-RS-L1-086:rs-23-moulded-body-modules,BAG-RS-L1-086,line-1,rolling-stock,Baghdad six-car composite kits,8,5440,5536,,,
baghdad:BAG-RS-L2-016:rs-20-carbody-bogie,BAG-RS-L2-016,line-2,rolling-stock,Baghdad six-car structural assembly,5,5440,5672,,,
baghdad:BAG-RS-L2-017:rs-20-carbody-bogie,BAG-RS-L2-017,line-2,rolling-stock,Baghdad six-car structural assembly,6,5440,5672,,,
baghdad:BAG-RS-L2-018:rs-20-carbody-bogie,BAG-RS-L2-018,line-2,rolling-stock,Baghdad six-car structural assembly,7,5440,5672,,,
baghdad:BAG-RS-L2-019:rs-20-carbody-bogie,BAG-RS-L2-019,line-2,rolling-stock,Baghdad six-car structural assembly,8,5440,5672,,,
baghdad:BAG-RS-L2-032:rs-10-material-kit,BAG-RS-L2-032,line-2,rolling-stock,Baghdad trainset kitting,1,5440,5472,,,
baghdad:BAG-RS-L2-033:rs-10-material-kit,BAG-RS-L2-033,line-2,rolling-stock,Baghdad trainset kitting,2,5440,5472,,,
baghdad:BAG-RS-L2-034:rs-10-material-kit,BAG-RS-L2-034,line-2,rolling-stock,Baghdad trainset kitting,3,5440,5472,,,
baghdad:BAG-RS-L2-035:rs-10-material-kit,BAG-RS-L2-035,line-2,rolling-stock,Baghdad trainset kitting,4,5440,5472,,,
baghdad:BAG-SW-067:sw-20-install-proof,BAG-SW-067,line-2,switch,track/switch crew,2,3832,3864,,,
baghdad:BAG-SW-068:sw-20-install-proof,BAG-SW-068,line-2,switch,track/switch crew,1,3864,3896,,,
baghdad:BAG-TRK-L5-009:trk-20-subgrade-drainage,BAG-TRK-L5-009,line-5,track-section,corridor civil crew,1,5440,5568,,,
baghdad:BAG-RS-L1-032:rs-50-dynamic-commissioning,BAG-RS-L1-032,line-1,rolling-stock,Baghdad trainset acceptance bays,5,5448,5568,1,5456,5475
baghdad:BAG-RS-L1-033:rs-50-dynamic-commissioning,BAG-RS-L1-033,line-1,rolling-stock,Baghdad trainset acceptance bays,6,5448,5568,2,5456,5475
baghdad:BAG-RS-L1-049:rs-40-fitout-static-test,BAG-RS-L1-049,line-1,rolling-stock,Baghdad six-car fitout and static test,14,5448,5600,,,
baghdad:BAG-RS-L1-070:rs-30-traction-battery-control,BAG-RS-L1-070,line-1,rolling-stock,Baghdad six-car electrical integration,6,5448,5640,,,
baghdad:BAG-RS-L1-075:rs-25-clip-on-body,BAG-RS-L1-075,line-1,rolling-stock,Baghdad six-car body installation,2,5448,5472,,,
baghdad:BAG-RS-L1-050:rs-40-fitout-static-test,BAG-RS-L1-050,line-1,rolling-stock,Baghdad six-car fitout and static test,15,5456,5608,,,
baghdad:BAG-RS-L1-071:rs-30-traction-battery-control,BAG-RS-L1-071,line-1,rolling-stock,Baghdad six-car electrical integration,7,5456,5648,,,
baghdad:BAG-RS-L1-034:rs-50-dynamic-commissioning,BAG-RS-L1-034,line-1,rolling-stock,Baghdad trainset acceptance bays,7,5464,5584,0,5472,5491
baghdad:BAG-RS-L1-051:rs-40-fitout-static-test,BAG-RS-L1-051,line-1,rolling-stock,Baghdad six-car fitout and static test,16,5464,5616,,,
baghdad:BAG-RS-L1-072:rs-30-traction-battery-control,BAG-RS-L1-072,line-1,rolling-stock,Baghdad six-car electrical integration,8,5464,5656,,,
baghdad:BAG-RS-L1-076:rs-25-clip-on-body,BAG-RS-L1-076,line-1,rolling-stock,Baghdad six-car body installation,1,5464,5488,,,
baghdad:BAG-RS-L1-077:rs-25-clip-on-body,BAG-RS-L1-077,line-1,rolling-stock,Baghdad six-car body installation,3,5464,5488,,,
baghdad:BAG-RS-L1-087:rs-23-moulded-body-modules,BAG-RS-L1-087,line-1,rolling-stock,Baghdad six-car composite kits,9,5464,5560,,,
baghdad:BAG-TRK-L5-010:trk-20-subgrade-drainage,BAG-TRK-L5-010,line-5,track-section,corridor civil crew,2,5464,5608,,,
baghdad:BAG-EN-049:en-10-energy-build,BAG-EN-049,line-3,energy,energy crew,1,2920,3000,,,
baghdad:BAG-EN-050:en-10-energy-build,BAG-EN-050,line-3,energy,energy crew,2,2920,3000,,,
baghdad:BAG-RS-L1-035:rs-50-dynamic-commissioning,BAG-RS-L1-035,line-1,rolling-stock,Baghdad trainset acceptance bays,8,5472,5592,1,5480,5499
baghdad:BAG-RS-L1-052:rs-40-fitout-static-test,BAG-RS-L1-052,line-1,rolling-stock,Baghdad six-car fitout and static test,17,5472,5624,,,
baghdad:BAG-RS-L1-073:rs-30-traction-battery-control,BAG-RS-L1-073,line-1,rolling-stock,Baghdad six-car electrical integration,9,5472,5664,,,
baghdad:BAG-RS-L1-078:rs-25-clip-on-body,BAG-RS-L1-078,line-1,rolling-stock,Baghdad six-car body installation,2,5472,5496,,,
baghdad:BAG-RS-L1-088:rs-23-moulded-body-modules,BAG-RS-L1-088,line-1,rolling-stock,Baghdad six-car composite kits,10,5472,5568,,,
baghdad:BAG-RS-L1-089:rs-23-moulded-body-modules,BAG-RS-L1-089,line-1,rolling-stock,Baghdad six-car composite kits,11,5472,5568,,,
baghdad:BAG-RS-L2-020:rs-20-carbody-bogie,BAG-RS-L2-020,line-2,rolling-stock,Baghdad six-car structural assembly,9,5472,5704,,,
baghdad:BAG-RS-L2-021:rs-20-carbody-bogie,BAG-RS-L2-021,line-2,rolling-stock,Baghdad six-car structural assembly,10,5472,5704,,,
baghdad:BAG-RS-L2-022:rs-20-carbody-bogie,BAG-RS-L2-022,line-2,rolling-stock,Baghdad six-car structural assembly,11,5472,5704,,,
baghdad:BAG-RS-L2-023:rs-20-carbody-bogie,BAG-RS-L2-023,line-2,rolling-stock,Baghdad six-car structural assembly,12,5472,5704,,,
baghdad:BAG-RS-L2-036:rs-10-material-kit,BAG-RS-L2-036,line-2,rolling-stock,Baghdad trainset kitting,1,5472,5504,,,
baghdad:BAG-RS-L2-037:rs-10-material-kit,BAG-RS-L2-037,line-2,rolling-stock,Baghdad trainset kitting,2,5472,5504,,,
baghdad:BAG-RS-L2-038:rs-10-material-kit,BAG-RS-L2-038,line-2,rolling-stock,Baghdad trainset kitting,3,5472,5504,,,
baghdad:BAG-RS-L2-039:rs-10-material-kit,BAG-RS-L2-039,line-2,rolling-stock,Baghdad trainset kitting,4,5472,5504,,,
baghdad:BAG-ST-028:st-20-mep-passenger-systems,BAG-ST-028,line-2,station,station systems crew,1,1960,2040,,,
baghdad:BAG-SW-069:sw-20-install-proof,BAG-SW-069,line-2,switch,track/switch crew,2,3864,3896,,,
baghdad:BAG-SW-070:sw-20-install-proof,BAG-SW-070,line-2,switch,track/switch crew,1,3896,3928,,,
baghdad:BAG-TRK-L3-014:trk-30-trackform-rail,BAG-TRK-L3-014,line-3,track-section,track crew,2,3656,3720,,,
baghdad:BAG-RS-L1-053:rs-40-fitout-static-test,BAG-RS-L1-053,line-1,rolling-stock,Baghdad six-car fitout and static test,1,5480,5632,,,
baghdad:BAG-RS-L1-074:rs-30-traction-battery-control,BAG-RS-L1-074,line-1,rolling-stock,Baghdad six-car electrical integration,10,5480,5672,,,
baghdad:BAG-RS-L1-090:rs-23-moulded-body-modules,BAG-RS-L1-090,line-1,rolling-stock,Baghdad six-car composite kits,1,5480,5576,,,
baghdad:BAG-RS-L1-036:rs-50-dynamic-commissioning,BAG-RS-L1-036,line-1,rolling-stock,Baghdad trainset acceptance bays,9,5488,5608,0,5496,5515
baghdad:BAG-RS-L1-037:rs-50-dynamic-commissioning,BAG-RS-L1-037,line-1,rolling-stock,Baghdad trainset acceptance bays,10,5488,5608,2,5496,5515
baghdad:BAG-RS-L1-054:rs-40-fitout-static-test,BAG-RS-L1-054,line-1,rolling-stock,Baghdad six-car fitout and static test,2,5488,5640,,,
baghdad:BAG-RS-L1-075:rs-30-traction-battery-control,BAG-RS-L1-075,line-1,rolling-stock,Baghdad six-car electrical integration,11,5488,5680,,,
baghdad:BAG-RS-L1-079:rs-25-clip-on-body,BAG-RS-L1-079,line-1,rolling-stock,Baghdad six-car body installation,1,5488,5512,,,
baghdad:BAG-RS-L1-038:rs-50-dynamic-commissioning,BAG-RS-L1-038,line-1,rolling-stock,Baghdad trainset acceptance bays,11,5496,5616,1,5504,5523
baghdad:BAG-RS-L1-055:rs-40-fitout-static-test,BAG-RS-L1-055,line-1,rolling-stock,Baghdad six-car fitout and static test,3,5504,5656,,,
baghdad:BAG-RS-L1-056:rs-40-fitout-static-test,BAG-RS-L1-056,line-1,rolling-stock,Baghdad six-car fitout and static test,4,5504,5656,,,
baghdad:BAG-RS-L1-076:rs-30-traction-battery-control,BAG-RS-L1-076,line-1,rolling-stock,Baghdad six-car electrical integration,12,5504,5696,,,
baghdad:BAG-RS-L1-077:rs-30-traction-battery-control,BAG-RS-L1-077,line-1,rolling-stock,Baghdad six-car electrical integration,13,5504,5696,,,
baghdad:BAG-RS-L1-080:rs-25-clip-on-body,BAG-RS-L1-080,line-1,rolling-stock,Baghdad six-car body installation,2,5504,5528,,,
baghdad:BAG-RS-L1-081:rs-25-clip-on-body,BAG-RS-L1-081,line-1,rolling-stock,Baghdad six-car body installation,3,5504,5528,,,
baghdad:BAG-RS-L1-091:rs-23-moulded-body-modules,BAG-RS-L1-091,line-1,rolling-stock,Baghdad six-car composite kits,2,5504,5600,,,
baghdad:BAG-RS-L1-092:rs-23-moulded-body-modules,BAG-RS-L1-092,line-1,rolling-stock,Baghdad six-car composite kits,3,5504,5600,,,
baghdad:BAG-RS-L1-093:rs-23-moulded-body-modules,BAG-RS-L1-093,line-1,rolling-stock,Baghdad six-car composite kits,4,5504,5600,,,
baghdad:BAG-RS-L2-024:rs-20-carbody-bogie,BAG-RS-L2-024,line-2,rolling-stock,Baghdad six-car structural assembly,13,5504,5736,,,
baghdad:BAG-RS-L2-025:rs-20-carbody-bogie,BAG-RS-L2-025,line-2,rolling-stock,Baghdad six-car structural assembly,14,5504,5736,,,
baghdad:BAG-RS-L2-026:rs-20-carbody-bogie,BAG-RS-L2-026,line-2,rolling-stock,Baghdad six-car structural assembly,15,5504,5736,,,
baghdad:BAG-RS-L2-027:rs-20-carbody-bogie,BAG-RS-L2-027,line-2,rolling-stock,Baghdad six-car structural assembly,16,5504,5736,,,
baghdad:BAG-RS-L2-040:rs-10-material-kit,BAG-RS-L2-040,line-2,rolling-stock,Baghdad trainset kitting,1,5504,5536,,,
baghdad:BAG-RS-L2-041:rs-10-material-kit,BAG-RS-L2-041,line-2,rolling-stock,Baghdad trainset kitting,2,5504,5536,,,
baghdad:BAG-RS-L2-042:rs-10-material-kit,BAG-RS-L2-042,line-2,rolling-stock,Baghdad trainset kitting,3,5504,5536,,,
baghdad:BAG-RS-L2-043:rs-10-material-kit,BAG-RS-L2-043,line-2,rolling-stock,Baghdad trainset kitting,4,5504,5536,,,
baghdad:BAG-SW-071:sw-20-install-proof,BAG-SW-071,line-2,switch,track/switch crew,2,3896,3928,,,
baghdad:BAG-SW-072:sw-20-install-proof,BAG-SW-072,line-2,switch,track/switch crew,1,3928,3960,,,
baghdad:BAG-RS-L1-039:rs-50-dynamic-commissioning,BAG-RS-L1-039,line-1,rolling-stock,Baghdad trainset acceptance bays,12,5512,5632,0,5520,5539
baghdad:BAG-RS-L1-078:rs-30-traction-battery-control,BAG-RS-L1-078,line-1,rolling-stock,Baghdad six-car electrical integration,14,5512,5704,,,
baghdad:BAG-RS-L1-082:rs-25-clip-on-body,BAG-RS-L1-082,line-1,rolling-stock,Baghdad six-car body installation,1,5512,5536,,,
baghdad:BAG-RS-L1-040:rs-50-dynamic-commissioning,BAG-RS-L1-040,line-1,rolling-stock,Baghdad trainset acceptance bays,13,5520,5640,1,5528,5547
baghdad:BAG-RS-L1-057:rs-40-fitout-static-test,BAG-RS-L1-057,line-1,rolling-stock,Baghdad six-car fitout and static test,5,5520,5672,,,
baghdad:BAG-RS-L1-094:rs-23-moulded-body-modules,BAG-RS-L1-094,line-1,rolling-stock,Baghdad six-car composite kits,5,5520,5616,,,
baghdad:BAG-ST-060:st-10-civil-structure,BAG-ST-060,line-3,station,station civil crew,2,3848,3960,,,
baghdad:BAG-ST-070:st-10-civil-structure,BAG-ST-070,line-4,station,station civil crew,1,4568,4680,,,
baghdad:BAG-TRK-L4-001:trk-30-trackform-rail,BAG-TRK-L4-001,line-4,track-section,track crew,1,4144,4320,,,
baghdad:BAG-RS-L1-058:rs-40-fitout-static-test,BAG-RS-L1-058,line-1,rolling-stock,Baghdad six-car fitout and static test,6,5528,5680,,,
baghdad:BAG-RS-L1-079:rs-30-traction-battery-control,BAG-RS-L1-079,line-1,rolling-stock,Baghdad six-car electrical integration,15,5528,5720,,,
baghdad:BAG-RS-L1-083:rs-25-clip-on-body,BAG-RS-L1-083,line-1,rolling-stock,Baghdad six-car body installation,2,5528,5552,,,
baghdad:BAG-RS-L1-041:rs-50-dynamic-commissioning,BAG-RS-L1-041,line-1,rolling-stock,Baghdad trainset acceptance bays,1,5536,5656,0,5544,5563
baghdad:BAG-RS-L1-042:rs-50-dynamic-commissioning,BAG-RS-L1-042,line-1,rolling-stock,Baghdad trainset acceptance bays,2,5536,5656,2,5544,5563
baghdad:BAG-RS-L1-059:rs-40-fitout-static-test,BAG-RS-L1-059,line-1,rolling-stock,Baghdad six-car fitout and static test,7,5536,5688,,,
baghdad:BAG-RS-L1-080:rs-30-traction-battery-control,BAG-RS-L1-080,line-1,rolling-stock,Baghdad six-car electrical integration,16,5536,5728,,,
baghdad:BAG-RS-L1-084:rs-25-clip-on-body,BAG-RS-L1-084,line-1,rolling-stock,Baghdad six-car body installation,1,5536,5560,,,
baghdad:BAG-RS-L1-085:rs-25-clip-on-body,BAG-RS-L1-085,line-1,rolling-stock,Baghdad six-car body installation,3,5536,5560,,,
baghdad:BAG-RS-L2-001:rs-23-moulded-body-modules,BAG-RS-L2-001,line-2,rolling-stock,Baghdad six-car composite kits,6,5536,5632,,,
baghdad:BAG-RS-L2-002:rs-23-moulded-body-modules,BAG-RS-L2-002,line-2,rolling-stock,Baghdad six-car composite kits,7,5536,5632,,,
baghdad:BAG-RS-L2-003:rs-23-moulded-body-modules,BAG-RS-L2-003,line-2,rolling-stock,Baghdad six-car composite kits,8,5536,5632,,,
baghdad:BAG-RS-L2-028:rs-20-carbody-bogie,BAG-RS-L2-028,line-2,rolling-stock,Baghdad six-car structural assembly,17,5536,5768,,,
baghdad:BAG-RS-L2-029:rs-20-carbody-bogie,BAG-RS-L2-029,line-2,rolling-stock,Baghdad six-car structural assembly,18,5536,5768,,,
baghdad:BAG-RS-L2-030:rs-20-carbody-bogie,BAG-RS-L2-030,line-2,rolling-stock,Baghdad six-car structural assembly,19,5536,5768,,,
baghdad:BAG-RS-L2-031:rs-20-carbody-bogie,BAG-RS-L2-031,line-2,rolling-stock,Baghdad six-car structural assembly,20,5536,5768,,,
baghdad:BAG-RS-L2-044:rs-10-material-kit,BAG-RS-L2-044,line-2,rolling-stock,Baghdad trainset kitting,1,5536,5568,,,
baghdad:BAG-RS-L2-045:rs-10-material-kit,BAG-RS-L2-045,line-2,rolling-stock,Baghdad trainset kitting,2,5536,5568,,,
baghdad:BAG-RS-L2-046:rs-10-material-kit,BAG-RS-L2-046,line-2,rolling-stock,Baghdad trainset kitting,3,5536,5568,,,
baghdad:BAG-RS-L2-047:rs-10-material-kit,BAG-RS-L2-047,line-2,rolling-stock,Baghdad trainset kitting,4,5536,5568,,,
baghdad:BAG-SW-073:sw-20-install-proof,BAG-SW-073,line-2,switch,track/switch crew,2,3928,3960,,,
baghdad:BAG-SW-074:sw-20-install-proof,BAG-SW-074,line-2,switch,track/switch crew,1,3960,3992,,,
baghdad:BAG-TRK-L3-016:trk-30-trackform-rail,BAG-TRK-L3-016,line-3,track-section,track crew,2,3768,3856,,,
baghdad:BAG-RS-L1-043:rs-50-dynamic-commissioning,BAG-RS-L1-043,line-1,rolling-stock,Baghdad trainset acceptance bays,3,5544,5664,1,5552,5571
baghdad:BAG-RS-L1-060:rs-40-fitout-static-test,BAG-RS-L1-060,line-1,rolling-stock,Baghdad six-car fitout and static test,8,5544,5696,,,
baghdad:BAG-RS-L1-081:rs-30-traction-battery-control,BAG-RS-L1-081,line-1,rolling-stock,Baghdad six-car electrical integration,17,5544,5736,,,
baghdad:BAG-EN-049:en-20-energy-commission,BAG-EN-049,line-3,energy,energy crew,1,3000,3040,,,
baghdad:BAG-EN-050:en-20-energy-commission,BAG-EN-050,line-3,energy,energy crew,2,3000,3040,,,
baghdad:BAG-RS-L1-082:rs-30-traction-battery-control,BAG-RS-L1-082,line-1,rolling-stock,Baghdad six-car electrical integration,18,5552,5744,,,
baghdad:BAG-RS-L1-086:rs-25-clip-on-body,BAG-RS-L1-086,line-1,rolling-stock,Baghdad six-car body installation,2,5552,5576,,,
baghdad:BAG-ST-030:st-20-mep-passenger-systems,BAG-ST-030,line-2,station,station systems crew,1,2072,2152,,,
baghdad:BAG-RS-L1-044:rs-50-dynamic-commissioning,BAG-RS-L1-044,line-1,rolling-stock,Baghdad trainset acceptance bays,4,5560,5680,0,5568,5587
baghdad:BAG-RS-L1-061:rs-40-fitout-static-test,BAG-RS-L1-061,line-1,rolling-stock,Baghdad six-car fitout and static test,9,5560,5712,,,
baghdad:BAG-RS-L1-062:rs-40-fitout-static-test,BAG-RS-L1-062,line-1,rolling-stock,Baghdad six-car fitout and static test,10,5560,5712,,,
baghdad:BAG-RS-L1-083:rs-30-traction-battery-control,BAG-RS-L1-083,line-1,rolling-stock,Baghdad six-car electrical integration,19,5560,5752,,,
baghdad:BAG-RS-L1-087:rs-25-clip-on-body,BAG-RS-L1-087,line-1,rolling-stock,Baghdad six-car body installation,1,5560,5584,,,
baghdad:BAG-RS-L2-004:rs-23-moulded-body-modules,BAG-RS-L2-004,line-2,rolling-stock,Baghdad six-car composite kits,9,5560,5656,,,
baghdad:BAG-RS-L1-045:rs-50-dynamic-commissioning,BAG-RS-L1-045,line-1,rolling-stock,Baghdad trainset acceptance bays,5,5568,5688,1,5576,5595
baghdad:BAG-RS-L1-046:rs-50-dynamic-commissioning,BAG-RS-L1-046,line-1,rolling-stock,Baghdad trainset acceptance bays,6,5568,5688,2,5576,5595
baghdad:BAG-RS-L1-063:rs-40-fitout-static-test,BAG-RS-L1-063,line-1,rolling-stock,Baghdad six-car fitout and static test,11,5568,5720,,,
baghdad:BAG-RS-L1-084:rs-30-traction-battery-control,BAG-RS-L1-084,line-1,rolling-stock,Baghdad six-car electrical integration,20,5568,5760,,,
baghdad:BAG-RS-L1-088:rs-25-clip-on-body,BAG-RS-L1-088,line-1,rolling-stock,Baghdad six-car body installation,3,5568,5592,,,
baghdad:BAG-RS-L2-005:rs-23-moulded-body-modules,BAG-RS-L2-005,line-2,rolling-stock,Baghdad six-car composite kits,10,5568,5664,,,
baghdad:BAG-RS-L2-006:rs-23-moulded-body-modules,BAG-RS-L2-006,line-2,rolling-stock,Baghdad six-car composite kits,11,5568,5664,,,
baghdad:BAG-RS-L2-032:rs-20-carbody-bogie,BAG-RS-L2-032,line-2,rolling-stock,Baghdad six-car structural assembly,21,5568,5800,,,
baghdad:BAG-RS-L2-033:rs-20-carbody-bogie,BAG-RS-L2-033,line-2,rolling-stock,Baghdad six-car structural assembly,22,5568,5800,,,
baghdad:BAG-RS-L2-034:rs-20-carbody-bogie,BAG-RS-L2-034,line-2,rolling-stock,Baghdad six-car structural assembly,23,5568,5800,,,
baghdad:BAG-RS-L2-035:rs-20-carbody-bogie,BAG-RS-L2-035,line-2,rolling-stock,Baghdad six-car structural assembly,24,5568,5800,,,
baghdad:BAG-RS-L2-048:rs-10-material-kit,BAG-RS-L2-048,line-2,rolling-stock,Baghdad trainset kitting,1,5568,5600,,,
baghdad:BAG-RS-L2-049:rs-10-material-kit,BAG-RS-L2-049,line-2,rolling-stock,Baghdad trainset kitting,2,5568,5600,,,
baghdad:BAG-RS-L2-050:rs-10-material-kit,BAG-RS-L2-050,line-2,rolling-stock,Baghdad trainset kitting,3,5568,5600,,,
baghdad:BAG-RS-L2-051:rs-10-material-kit,BAG-RS-L2-051,line-2,rolling-stock,Baghdad trainset kitting,4,5568,5600,,,
baghdad:BAG-SW-075:sw-20-install-proof,BAG-SW-075,line-2,switch,track/switch crew,2,3960,3992,,,
baghdad:BAG-SW-076:sw-20-install-proof,BAG-SW-076,line-2,switch,track/switch crew,1,3992,4024,,,
baghdad:BAG-TRK-L5-011:trk-10-survey-utility,BAG-TRK-L5-011,line-5,track-section,corridor civil crew,1,5568,5600,,,
baghdad:BAG-RS-L1-085:rs-30-traction-battery-control,BAG-RS-L1-085,line-1,rolling-stock,Baghdad six-car electrical integration,21,5576,5768,,,
baghdad:BAG-RS-L1-089:rs-25-clip-on-body,BAG-RS-L1-089,line-1,rolling-stock,Baghdad six-car body installation,2,5576,5600,,,
baghdad:BAG-RS-L2-007:rs-23-moulded-body-modules,BAG-RS-L2-007,line-2,rolling-stock,Baghdad six-car composite kits,1,5576,5672,,,
baghdad:BAG-RS-L1-047:rs-50-dynamic-commissioning,BAG-RS-L1-047,line-1,rolling-stock,Baghdad trainset acceptance bays,7,5584,5704,0,5592,5611
baghdad:BAG-RS-L1-064:rs-40-fitout-static-test,BAG-RS-L1-064,line-1,rolling-stock,Baghdad six-car fitout and static test,12,5584,5736,,,
baghdad:BAG-RS-L1-090:rs-25-clip-on-body,BAG-RS-L1-090,line-1,rolling-stock,Baghdad six-car body installation,1,5584,5608,,,
baghdad:BAG-ST-021:st-20-mep-passenger-systems,BAG-ST-021,line-2,station,station systems crew,2,1408,1488,,,
baghdad:BAG-EN-051:en-10-energy-build,BAG-EN-051,line-3,energy,energy crew,1,3040,3120,,,
baghdad:BAG-EN-052:en-10-energy-build,BAG-EN-052,line-3,energy,energy crew,2,3040,3120,,,
baghdad:BAG-RS-L1-048:rs-50-dynamic-commissioning,BAG-RS-L1-048,line-1,rolling-stock,Baghdad trainset acceptance bays,8,5592,5712,1,5600,5619
baghdad:BAG-RS-L1-065:rs-40-fitout-static-test,BAG-RS-L1-065,line-1,rolling-stock,Baghdad six-car fitout and static test,13,5600,5752,,,
baghdad:BAG-RS-L1-066:rs-40-fitout-static-test,BAG-RS-L1-066,line-1,rolling-stock,Baghdad six-car fitout and static test,14,5600,5752,,,
baghdad:BAG-RS-L1-086:rs-30-traction-battery-control,BAG-RS-L1-086,line-1,rolling-stock,Baghdad six-car electrical integration,1,5600,5792,,,
baghdad:BAG-RS-L1-087:rs-30-traction-battery-control,BAG-RS-L1-087,line-1,rolling-stock,Baghdad six-car electrical integration,2,5600,5792,,,
baghdad:BAG-RS-L1-088:rs-30-traction-battery-control,BAG-RS-L1-088,line-1,rolling-stock,Baghdad six-car electrical integration,3,5600,5792,,,
baghdad:BAG-RS-L1-091:rs-25-clip-on-body,BAG-RS-L1-091,line-1,rolling-stock,Baghdad six-car body installation,2,5600,5624,,,
baghdad:BAG-RS-L1-092:rs-25-clip-on-body,BAG-RS-L1-092,line-1,rolling-stock,Baghdad six-car body installation,3,5600,5624,,,
baghdad:BAG-RS-L2-008:rs-23-moulded-body-modules,BAG-RS-L2-008,line-2,rolling-stock,Baghdad six-car composite kits,2,5600,5696,,,
baghdad:BAG-RS-L2-009:rs-23-moulded-body-modules,BAG-RS-L2-009,line-2,rolling-stock,Baghdad six-car composite kits,3,5600,5696,,,
baghdad:BAG-RS-L2-010:rs-23-moulded-body-modules,BAG-RS-L2-010,line-2,rolling-stock,Baghdad six-car composite kits,4,5600,5696,,,
baghdad:BAG-RS-L2-036:rs-20-carbody-bogie,BAG-RS-L2-036,line-2,rolling-stock,Baghdad six-car structural assembly,25,5600,5832,,,
baghdad:BAG-RS-L2-037:rs-20-carbody-bogie,BAG-RS-L2-037,line-2,rolling-stock,Baghdad six-car structural assembly,26,5600,5832,,,
baghdad:BAG-RS-L2-052:rs-10-material-kit,BAG-RS-L2-052,line-2,rolling-stock,Baghdad trainset kitting,1,5600,5632,,,
baghdad:BAG-RS-L2-053:rs-10-material-kit,BAG-RS-L2-053,line-2,rolling-stock,Baghdad trainset kitting,2,5600,5632,,,
baghdad:BAG-RS-L2-054:rs-10-material-kit,BAG-RS-L2-054,line-2,rolling-stock,Baghdad trainset kitting,3,5600,5632,,,
baghdad:BAG-RS-L2-055:rs-10-material-kit,BAG-RS-L2-055,line-2,rolling-stock,Baghdad trainset kitting,4,5600,5632,,,
baghdad:BAG-SW-077:sw-20-install-proof,BAG-SW-077,line-2,switch,track/switch crew,2,3992,4024,,,
baghdad:BAG-SW-078:sw-20-install-proof,BAG-SW-078,line-2,switch,track/switch crew,1,4024,4056,,,
baghdad:BAG-TRK-L5-011:trk-20-subgrade-drainage,BAG-TRK-L5-011,line-5,track-section,corridor civil crew,1,5600,5728,,,
baghdad:BAG-RS-L1-049:rs-50-dynamic-commissioning,BAG-RS-L1-049,line-1,rolling-stock,Baghdad trainset acceptance bays,9,5608,5728,0,5616,5635
baghdad:BAG-RS-L1-050:rs-50-dynamic-commissioning,BAG-RS-L1-050,line-1,rolling-stock,Baghdad trainset acceptance bays,10,5608,5728,2,5616,5635
baghdad:BAG-RS-L1-067:rs-40-fitout-static-test,BAG-RS-L1-067,line-1,rolling-stock,Baghdad six-car fitout and static test,15,5608,5760,,,
baghdad:BAG-RS-L1-093:rs-25-clip-on-body,BAG-RS-L1-093,line-1,rolling-stock,Baghdad six-car body installation,1,5608,5632,,,
baghdad:BAG-TRK-L5-012:trk-10-survey-utility,BAG-TRK-L5-012,line-5,track-section,corridor civil crew,2,5608,5624,,,
baghdad:BAG-RS-L1-051:rs-50-dynamic-commissioning,BAG-RS-L1-051,line-1,rolling-stock,Baghdad trainset acceptance bays,11,5616,5736,1,5624,5643
baghdad:BAG-RS-L2-011:rs-23-moulded-body-modules,BAG-RS-L2-011,line-2,rolling-stock,Baghdad six-car composite kits,5,5616,5712,,,
baghdad:BAG-RS-L1-068:rs-40-fitout-static-test,BAG-RS-L1-068,line-1,rolling-stock,Baghdad six-car fitout and static test,16,5624,5776,,,
baghdad:BAG-RS-L1-089:rs-30-traction-battery-control,BAG-RS-L1-089,line-1,rolling-stock,Baghdad six-car electrical integration,4,5624,5816,,,
baghdad:BAG-RS-L1-094:rs-25-clip-on-body,BAG-RS-L1-094,line-1,rolling-stock,Baghdad six-car body installation,2,5624,5648,,,
baghdad:BAG-TRK-L3-019:trk-30-trackform-rail,BAG-TRK-L3-019,line-3,track-section,track crew,2,3976,4112,,,
baghdad:BAG-TRK-L5-012:trk-20-subgrade-drainage,BAG-TRK-L5-012,line-5,track-section,corridor civil crew,2,5624,5688,,,
baghdad:BAG-RS-L1-052:rs-50-dynamic-commissioning,BAG-RS-L1-052,line-1,rolling-stock,Baghdad trainset acceptance bays,12,5632,5752,0,5640,5659
baghdad:BAG-RS-L1-069:rs-40-fitout-static-test,BAG-RS-L1-069,line-1,rolling-stock,Baghdad six-car fitout and static test,1,5632,5784,,,
baghdad:BAG-RS-L1-090:rs-30-traction-battery-control,BAG-RS-L1-090,line-1,rolling-stock,Baghdad six-car electrical integration,5,5632,5824,,,
baghdad:BAG-RS-L2-001:rs-25-clip-on-body,BAG-RS-L2-001,line-2,rolling-stock,Baghdad six-car body installation,1,5632,5656,,,
baghdad:BAG-RS-L2-002:rs-25-clip-on-body,BAG-RS-L2-002,line-2,rolling-stock,Baghdad six-car body installation,3,5632,5656,,,
baghdad:BAG-RS-L2-056:rs-10-material-kit,BAG-RS-L2-056,line-2,rolling-stock,Baghdad trainset kitting,1,5632,5664,,,
baghdad:BAG-RS-L2-057:rs-10-material-kit,BAG-RS-L2-057,line-2,rolling-stock,Baghdad trainset kitting,2,5632,5664,,,
baghdad:BAG-RS-L2-058:rs-10-material-kit,BAG-RS-L2-058,line-2,rolling-stock,Baghdad trainset kitting,3,5632,5664,,,
baghdad:BAG-RS-L2-059:rs-10-material-kit,BAG-RS-L2-059,line-2,rolling-stock,Baghdad trainset kitting,4,5632,5664,,,
baghdad:BAG-ST-032:st-20-mep-passenger-systems,BAG-ST-032,line-2,station,station systems crew,1,2184,2264,,,
baghdad:BAG-ST-062:st-10-civil-structure,BAG-ST-062,line-4,station,station civil crew,2,3968,4080,,,
baghdad:BAG-ST-072:st-10-civil-structure,BAG-ST-072,line-4,station,station civil crew,1,4680,4792,,,
baghdad:BAG-SW-079:sw-20-install-proof,BAG-SW-079,line-2,switch,track/switch crew,2,4024,4056,,,
baghdad:BAG-SW-080:sw-20-install-proof,BAG-SW-080,line-2,switch,track/switch crew,1,4056,4088,,,
baghdad:BAG-RS-L1-053:rs-50-dynamic-commissioning,BAG-RS-L1-053,line-1,rolling-stock,Baghdad trainset acceptance bays,13,5640,5760,1,5648,5667
baghdad:BAG-RS-L1-070:rs-40-fitout-static-test,BAG-RS-L1-070,line-1,rolling-stock,Baghdad six-car fitout and static test,2,5640,5792,,,
baghdad:BAG-RS-L1-091:rs-30-traction-battery-control,BAG-RS-L1-091,line-1,rolling-stock,Baghdad six-car electrical integration,6,5640,5832,,,
baghdad:BAG-RS-L2-012:rs-23-moulded-body-modules,BAG-RS-L2-012,line-2,rolling-stock,Baghdad six-car composite kits,6,5640,5736,,,
baghdad:BAG-RS-L2-013:rs-23-moulded-body-modules,BAG-RS-L2-013,line-2,rolling-stock,Baghdad six-car composite kits,7,5640,5736,,,
baghdad:BAG-RS-L2-014:rs-23-moulded-body-modules,BAG-RS-L2-014,line-2,rolling-stock,Baghdad six-car composite kits,8,5640,5736,,,
baghdad:BAG-RS-L2-038:rs-20-carbody-bogie,BAG-RS-L2-038,line-2,rolling-stock,Baghdad six-car structural assembly,1,5640,5872,,,
baghdad:BAG-RS-L2-039:rs-20-carbody-bogie,BAG-RS-L2-039,line-2,rolling-stock,Baghdad six-car structural assembly,2,5640,5872,,,
baghdad:BAG-RS-L2-040:rs-20-carbody-bogie,BAG-RS-L2-040,line-2,rolling-stock,Baghdad six-car structural assembly,3,5640,5872,,,
baghdad:BAG-RS-L2-041:rs-20-carbody-bogie,BAG-RS-L2-041,line-2,rolling-stock,Baghdad six-car structural assembly,4,5640,5872,,,
baghdad:BAG-RS-L1-071:rs-40-fitout-static-test,BAG-RS-L1-071,line-1,rolling-stock,Baghdad six-car fitout and static test,17,5648,5800,,,
baghdad:BAG-RS-L1-092:rs-30-traction-battery-control,BAG-RS-L1-092,line-1,rolling-stock,Baghdad six-car electrical integration,7,5648,5840,,,
baghdad:BAG-RS-L2-003:rs-25-clip-on-body,BAG-RS-L2-003,line-2,rolling-stock,Baghdad six-car body installation,2,5648,5672,,,
baghdad:BAG-RS-L1-054:rs-50-dynamic-commissioning,BAG-RS-L1-054,line-1,rolling-stock,Baghdad trainset acceptance bays,1,5656,5776,0,5664,5683
baghdad:BAG-RS-L1-055:rs-50-dynamic-commissioning,BAG-RS-L1-055,line-1,rolling-stock,Baghdad trainset acceptance bays,2,5656,5776,2,5664,5683
baghdad:BAG-RS-L1-072:rs-40-fitout-static-test,BAG-RS-L1-072,line-1,rolling-stock,Baghdad six-car fitout and static test,3,5656,5808,,,
baghdad:BAG-RS-L1-093:rs-30-traction-battery-control,BAG-RS-L1-093,line-1,rolling-stock,Baghdad six-car electrical integration,8,5656,5848,,,
baghdad:BAG-RS-L2-004:rs-25-clip-on-body,BAG-RS-L2-004,line-2,rolling-stock,Baghdad six-car body installation,1,5656,5680,,,
baghdad:BAG-RS-L2-015:rs-23-moulded-body-modules,BAG-RS-L2-015,line-2,rolling-stock,Baghdad six-car composite kits,9,5656,5752,,,
baghdad:BAG-RS-L1-056:rs-50-dynamic-commissioning,BAG-RS-L1-056,line-1,rolling-stock,Baghdad trainset acceptance bays,3,5664,5784,1,5672,5691
baghdad:BAG-RS-L1-073:rs-40-fitout-static-test,BAG-RS-L1-073,line-1,rolling-stock,Baghdad six-car fitout and static test,4,5664,5816,,,
baghdad:BAG-RS-L1-094:rs-30-traction-battery-control,BAG-RS-L1-094,line-1,rolling-stock,Baghdad six-car electrical integration,9,5664,5856,,,
baghdad:BAG-RS-L2-005:rs-25-clip-on-body,BAG-RS-L2-005,line-2,rolling-stock,Baghdad six-car body installation,3,5664,5688,,,
baghdad:BAG-RS-L2-060:rs-10-material-kit,BAG-RS-L2-060,line-2,rolling-stock,Baghdad trainset kitting,1,5664,5696,,,
baghdad:BAG-RS-L2-061:rs-10-material-kit,BAG-RS-L2-061,line-2,rolling-stock,Baghdad trainset kitting,2,5664,5696,,,
baghdad:BAG-RS-L2-062:rs-10-material-kit,BAG-RS-L2-062,line-2,rolling-stock,Baghdad trainset kitting,3,5664,5696,,,
baghdad:BAG-RS-L2-063:rs-10-material-kit,BAG-RS-L2-063,line-2,rolling-stock,Baghdad trainset kitting,4,5664,5696,,,
baghdad:BAG-ST-023:st-20-mep-passenger-systems,BAG-ST-023,line-2,station,station systems crew,2,1520,1600,,,
baghdad:BAG-SW-081:sw-20-install-proof,BAG-SW-081,line-2,switch,track/switch crew,2,4056,4088,,,
baghdad:BAG-SW-082:sw-20-install-proof,BAG-SW-082,line-2,switch,track/switch crew,1,4088,4120,,,
baghdad:BAG-EN-051:en-20-energy-commission,BAG-EN-051,line-3,energy,energy crew,1,3120,3160,,,
baghdad:BAG-EN-052:en-20-energy-commission,BAG-EN-052,line-3,energy,energy crew,2,3120,3160,,,
baghdad:BAG-RS-L1-074:rs-40-fitout-static-test,BAG-RS-L1-074,line-1,rolling-stock,Baghdad six-car fitout and static test,5,5672,5824,,,
baghdad:BAG-RS-L2-001:rs-30-traction-battery-control,BAG-RS-L2-001,line-2,rolling-stock,Baghdad six-car electrical integration,10,5672,5864,,,
baghdad:BAG-RS-L2-006:rs-25-clip-on-body,BAG-RS-L2-006,line-2,rolling-stock,Baghdad six-car body installation,2,5672,5696,,,
baghdad:BAG-RS-L2-016:rs-23-moulded-body-modules,BAG-RS-L2-016,line-2,rolling-stock,Baghdad six-car composite kits,1,5672,5768,,,
baghdad:BAG-RS-L2-017:rs-23-moulded-body-modules,BAG-RS-L2-017,line-2,rolling-stock,Baghdad six-car composite kits,10,5672,5768,,,
baghdad:BAG-RS-L2-018:rs-23-moulded-body-modules,BAG-RS-L2-018,line-2,rolling-stock,Baghdad six-car composite kits,11,5672,5768,,,
baghdad:BAG-RS-L2-042:rs-20-carbody-bogie,BAG-RS-L2-042,line-2,rolling-stock,Baghdad six-car structural assembly,5,5672,5904,,,
baghdad:BAG-RS-L2-043:rs-20-carbody-bogie,BAG-RS-L2-043,line-2,rolling-stock,Baghdad six-car structural assembly,6,5672,5904,,,
baghdad:BAG-RS-L2-044:rs-20-carbody-bogie,BAG-RS-L2-044,line-2,rolling-stock,Baghdad six-car structural assembly,7,5672,5904,,,
baghdad:BAG-RS-L2-045:rs-20-carbody-bogie,BAG-RS-L2-045,line-2,rolling-stock,Baghdad six-car structural assembly,8,5672,5904,,,
baghdad:BAG-RS-L1-057:rs-50-dynamic-commissioning,BAG-RS-L1-057,line-1,rolling-stock,Baghdad trainset acceptance bays,4,5680,5800,0,5688,5707
baghdad:BAG-RS-L1-075:rs-40-fitout-static-test,BAG-RS-L1-075,line-1,rolling-stock,Baghdad six-car fitout and static test,6,5680,5832,,,
baghdad:BAG-RS-L2-002:rs-30-traction-battery-control,BAG-RS-L2-002,line-2,rolling-stock,Baghdad six-car electrical integration,11,5680,5872,,,
baghdad:BAG-RS-L2-007:rs-25-clip-on-body,BAG-RS-L2-007,line-2,rolling-stock,Baghdad six-car body installation,1,5680,5704,,,
baghdad:BAG-RS-L1-058:rs-50-dynamic-commissioning,BAG-RS-L1-058,line-1,rolling-stock,Baghdad trainset acceptance bays,5,5688,5808,1,5696,5715
baghdad:BAG-RS-L1-059:rs-50-dynamic-commissioning,BAG-RS-L1-059,line-1,rolling-stock,Baghdad trainset acceptance bays,6,5688,5808,2,5696,5715
baghdad:BAG-TRK-L5-013:trk-10-survey-utility,BAG-TRK-L5-013,line-5,track-section,corridor civil crew,2,5688,5704,,,
baghdad:BAG-RS-L1-076:rs-40-fitout-static-test,BAG-RS-L1-076,line-1,rolling-stock,Baghdad six-car fitout and static test,7,5696,5848,,,
baghdad:BAG-RS-L1-077:rs-40-fitout-static-test,BAG-RS-L1-077,line-1,rolling-stock,Baghdad six-car fitout and static test,8,5696,5848,,,
baghdad:BAG-RS-L2-003:rs-30-traction-battery-control,BAG-RS-L2-003,line-2,rolling-stock,Baghdad six-car electrical integration,12,5696,5888,,,
baghdad:BAG-RS-L2-004:rs-30-traction-battery-control,BAG-RS-L2-004,line-2,rolling-stock,Baghdad six-car electrical integration,13,5696,5888,,,
baghdad:BAG-RS-L2-008:rs-25-clip-on-body,BAG-RS-L2-008,line-2,rolling-stock,Baghdad six-car body installation,2,5696,5720,,,
baghdad:BAG-RS-L2-009:rs-25-clip-on-body,BAG-RS-L2-009,line-2,rolling-stock,Baghdad six-car body installation,3,5696,5720,,,
baghdad:BAG-RS-L2-019:rs-23-moulded-body-modules,BAG-RS-L2-019,line-2,rolling-stock,Baghdad six-car composite kits,2,5696,5792,,,
baghdad:BAG-RS-L2-064:rs-10-material-kit,BAG-RS-L2-064,line-2,rolling-stock,Baghdad trainset kitting,1,5696,5728,,,
baghdad:BAG-RS-L2-065:rs-10-material-kit,BAG-RS-L2-065,line-2,rolling-stock,Baghdad trainset kitting,2,5696,5728,,,
baghdad:BAG-RS-L2-066:rs-10-material-kit,BAG-RS-L2-066,line-2,rolling-stock,Baghdad trainset kitting,3,5696,5728,,,
baghdad:BAG-RS-L2-067:rs-10-material-kit,BAG-RS-L2-067,line-2,rolling-stock,Baghdad trainset kitting,4,5696,5728,,,
baghdad:BAG-SW-083:sw-20-install-proof,BAG-SW-083,line-2,switch,track/switch crew,2,4088,4120,,,
baghdad:BAG-SW-084:sw-20-install-proof,BAG-SW-084,line-2,switch,track/switch crew,1,4120,4152,,,
baghdad:BAG-TRK-L4-003:trk-30-trackform-rail,BAG-TRK-L4-003,line-4,track-section,track crew,1,4320,4464,,,
baghdad:BAG-RS-L1-060:rs-50-dynamic-commissioning,BAG-RS-L1-060,line-1,rolling-stock,Baghdad trainset acceptance bays,7,5704,5824,0,5712,5731
baghdad:BAG-RS-L2-005:rs-30-traction-battery-control,BAG-RS-L2-005,line-2,rolling-stock,Baghdad six-car electrical integration,14,5704,5896,,,
baghdad:BAG-RS-L2-010:rs-25-clip-on-body,BAG-RS-L2-010,line-2,rolling-stock,Baghdad six-car body installation,1,5704,5728,,,
baghdad:BAG-RS-L2-020:rs-23-moulded-body-modules,BAG-RS-L2-020,line-2,rolling-stock,Baghdad six-car composite kits,3,5704,5800,,,
baghdad:BAG-RS-L2-021:rs-23-moulded-body-modules,BAG-RS-L2-021,line-2,rolling-stock,Baghdad six-car composite kits,4,5704,5800,,,
baghdad:BAG-RS-L2-046:rs-20-carbody-bogie,BAG-RS-L2-046,line-2,rolling-stock,Baghdad six-car structural assembly,9,5704,5936,,,
baghdad:BAG-RS-L2-047:rs-20-carbody-bogie,BAG-RS-L2-047,line-2,rolling-stock,Baghdad six-car structural assembly,10,5704,5936,,,
baghdad:BAG-RS-L2-048:rs-20-carbody-bogie,BAG-RS-L2-048,line-2,rolling-stock,Baghdad six-car structural assembly,11,5704,5936,,,
baghdad:BAG-RS-L2-049:rs-20-carbody-bogie,BAG-RS-L2-049,line-2,rolling-stock,Baghdad six-car structural assembly,12,5704,5936,,,
baghdad:BAG-TRK-L5-013:trk-20-subgrade-drainage,BAG-TRK-L5-013,line-5,track-section,corridor civil crew,2,5704,5784,,,
baghdad:BAG-EN-053:en-10-energy-build,BAG-EN-053,line-3,energy,energy crew,1,3160,3240,,,
baghdad:BAG-EN-054:en-10-energy-build,BAG-EN-054,line-3,energy,energy crew,2,3160,3240,,,
baghdad:BAG-RS-L1-061:rs-50-dynamic-commissioning,BAG-RS-L1-061,line-1,rolling-stock,Baghdad trainset acceptance bays,8,5712,5832,1,5720,5739
baghdad:BAG-RS-L1-078:rs-40-fitout-static-test,BAG-RS-L1-078,line-1,rolling-stock,Baghdad six-car fitout and static test,9,5712,5864,,,
baghdad:BAG-RS-L2-022:rs-23-moulded-body-modules,BAG-RS-L2-022,line-2,rolling-stock,Baghdad six-car composite kits,5,5712,5808,,,
baghdad:BAG-ST-034:st-20-mep-passenger-systems,BAG-ST-034,line-2,station,station systems crew,1,2296,2376,,,
baghdad:BAG-RS-L1-079:rs-40-fitout-static-test,BAG-RS-L1-079,line-1,rolling-stock,Baghdad six-car fitout and static test,10,5720,5872,,,
baghdad:BAG-RS-L2-006:rs-30-traction-battery-control,BAG-RS-L2-006,line-2,rolling-stock,Baghdad six-car electrical integration,15,5720,5912,,,
baghdad:BAG-RS-L2-011:rs-25-clip-on-body,BAG-RS-L2-011,line-2,rolling-stock,Baghdad six-car body installation,2,5720,5744,,,
baghdad:BAG-RS-L1-062:rs-50-dynamic-commissioning,BAG-RS-L1-062,line-1,rolling-stock,Baghdad trainset acceptance bays,9,5728,5848,0,5736,5755
baghdad:BAG-RS-L1-063:rs-50-dynamic-commissioning,BAG-RS-L1-063,line-1,rolling-stock,Baghdad trainset acceptance bays,10,5728,5848,2,5736,5755
baghdad:BAG-RS-L1-080:rs-40-fitout-static-test,BAG-RS-L1-080,line-1,rolling-stock,Baghdad six-car fitout and static test,11,5728,5880,,,
baghdad:BAG-RS-L2-007:rs-30-traction-battery-control,BAG-RS-L2-007,line-2,rolling-stock,Baghdad six-car electrical integration,16,5728,5920,,,
baghdad:BAG-RS-L2-068:rs-10-material-kit,BAG-RS-L2-068,line-2,rolling-stock,Baghdad trainset kitting,1,5728,5760,,,
baghdad:BAG-RS-L2-069:rs-10-material-kit,BAG-RS-L2-069,line-2,rolling-stock,Baghdad trainset kitting,2,5728,5760,,,
baghdad:BAG-RS-L2-070:rs-10-material-kit,BAG-RS-L2-070,line-2,rolling-stock,Baghdad trainset kitting,3,5728,5760,,,
baghdad:BAG-RS-L2-071:rs-10-material-kit,BAG-RS-L2-071,line-2,rolling-stock,Baghdad trainset kitting,4,5728,5760,,,
baghdad:BAG-SW-085:sw-20-install-proof,BAG-SW-085,line-2,switch,track/switch crew,2,4120,4152,,,
baghdad:BAG-SW-086:sw-20-install-proof,BAG-SW-086,line-2,switch,track/switch crew,1,4152,4184,,,
baghdad:BAG-TRK-L5-014:trk-10-survey-utility,BAG-TRK-L5-014,line-5,track-section,corridor civil crew,1,5728,5744,,,
baghdad:BAG-RS-L1-064:rs-50-dynamic-commissioning,BAG-RS-L1-064,line-1,rolling-stock,Baghdad trainset acceptance bays,11,5736,5856,1,5744,5763
baghdad:BAG-RS-L1-081:rs-40-fitout-static-test,BAG-RS-L1-081,line-1,rolling-stock,Baghdad six-car fitout and static test,12,5736,5888,,,
baghdad:BAG-RS-L2-008:rs-30-traction-battery-control,BAG-RS-L2-008,line-2,rolling-stock,Baghdad six-car electrical integration,17,5736,5928,,,
baghdad:BAG-RS-L2-012:rs-25-clip-on-body,BAG-RS-L2-012,line-2,rolling-stock,Baghdad six-car body installation,1,5736,5760,,,
baghdad:BAG-RS-L2-013:rs-25-clip-on-body,BAG-RS-L2-013,line-2,rolling-stock,Baghdad six-car body installation,3,5736,5760,,,
baghdad:BAG-RS-L2-023:rs-23-moulded-body-modules,BAG-RS-L2-023,line-2,rolling-stock,Baghdad six-car composite kits,6,5736,5832,,,
baghdad:BAG-RS-L2-024:rs-23-moulded-body-modules,BAG-RS-L2-024,line-2,rolling-stock,Baghdad six-car composite kits,7,5736,5832,,,
baghdad:BAG-RS-L2-025:rs-23-moulded-body-modules,BAG-RS-L2-025,line-2,rolling-stock,Baghdad six-car composite kits,8,5736,5832,,,
baghdad:BAG-RS-L2-050:rs-20-carbody-bogie,BAG-RS-L2-050,line-2,rolling-stock,Baghdad six-car structural assembly,13,5736,5968,,,
baghdad:BAG-RS-L2-051:rs-20-carbody-bogie,BAG-RS-L2-051,line-2,rolling-stock,Baghdad six-car structural assembly,14,5736,5968,,,
baghdad:BAG-RS-L2-052:rs-20-carbody-bogie,BAG-RS-L2-052,line-2,rolling-stock,Baghdad six-car structural assembly,15,5736,5968,,,
baghdad:BAG-RS-L2-053:rs-20-carbody-bogie,BAG-RS-L2-053,line-2,rolling-stock,Baghdad six-car structural assembly,16,5736,5968,,,
baghdad:BAG-RS-L2-009:rs-30-traction-battery-control,BAG-RS-L2-009,line-2,rolling-stock,Baghdad six-car electrical integration,18,5744,5936,,,
baghdad:BAG-RS-L2-014:rs-25-clip-on-body,BAG-RS-L2-014,line-2,rolling-stock,Baghdad six-car body installation,2,5744,5768,,,
baghdad:BAG-ST-025:st-20-mep-passenger-systems,BAG-ST-025,line-2,station,station systems crew,2,1672,1752,,,
baghdad:BAG-ST-064:st-10-civil-structure,BAG-ST-064,line-4,station,station civil crew,2,4176,4288,,,
baghdad:BAG-ST-074:st-10-civil-structure,BAG-ST-074,line-4,station,station civil crew,1,4824,4936,,,
baghdad:BAG-TRK-L5-014:trk-20-subgrade-drainage,BAG-TRK-L5-014,line-5,track-section,corridor civil crew,1,5744,5824,,,
baghdad:BAG-RS-L1-065:rs-50-dynamic-commissioning,BAG-RS-L1-065,line-1,rolling-stock,Baghdad trainset acceptance bays,12,5752,5872,0,5760,5779
baghdad:BAG-RS-L1-082:rs-40-fitout-static-test,BAG-RS-L1-082,line-1,rolling-stock,Baghdad six-car fitout and static test,13,5752,5904,,,
baghdad:BAG-RS-L1-083:rs-40-fitout-static-test,BAG-RS-L1-083,line-1,rolling-stock,Baghdad six-car fitout and static test,14,5752,5904,,,
baghdad:BAG-RS-L2-010:rs-30-traction-battery-control,BAG-RS-L2-010,line-2,rolling-stock,Baghdad six-car electrical integration,19,5752,5944,,,
baghdad:BAG-RS-L2-026:rs-23-moulded-body-modules,BAG-RS-L2-026,line-2,rolling-stock,Baghdad six-car composite kits,9,5752,5848,,,
baghdad:BAG-RS-L1-066:rs-50-dynamic-commissioning,BAG-RS-L1-066,line-1,rolling-stock,Baghdad trainset acceptance bays,13,5760,5880,1,5768,5787
baghdad:BAG-RS-L1-084:rs-40-fitout-static-test,BAG-RS-L1-084,line-1,rolling-stock,Baghdad six-car fitout and static test,15,5760,5912,,,
baghdad:BAG-RS-L2-011:rs-30-traction-battery-control,BAG-RS-L2-011,line-2,rolling-stock,Baghdad six-car electrical integration,20,5760,5952,,,
baghdad:BAG-RS-L2-015:rs-25-clip-on-body,BAG-RS-L2-015,line-2,rolling-stock,Baghdad six-car body installation,1,5760,5784,,,
baghdad:BAG-RS-L2-072:rs-10-material-kit,BAG-RS-L2-072,line-2,rolling-stock,Baghdad trainset kitting,1,5760,5792,,,
baghdad:BAG-RS-L2-073:rs-10-material-kit,BAG-RS-L2-073,line-2,rolling-stock,Baghdad trainset kitting,2,5760,5792,,,
baghdad:BAG-RS-L2-074:rs-10-material-kit,BAG-RS-L2-074,line-2,rolling-stock,Baghdad trainset kitting,3,5760,5792,,,
baghdad:BAG-RS-L2-075:rs-10-material-kit,BAG-RS-L2-075,line-2,rolling-stock,Baghdad trainset kitting,4,5760,5792,,,
baghdad:BAG-SIG-025:wpt-20-install-commission,BAG-SIG-025,line-2,signalling-comms,wayside systems crew,1,1928,1960,,,
baghdad:BAG-SW-087:sw-20-install-proof,BAG-SW-087,line-2,switch,track/switch crew,2,4152,4184,,,
baghdad:BAG-SW-088:sw-20-install-proof,BAG-SW-088,line-2,switch,track/switch crew,1,4184,4216,,,
baghdad:BAG-TRK-L4-002:trk-30-trackform-rail,BAG-TRK-L4-002,line-4,track-section,track crew,2,4152,4296,,,
baghdad:BAG-RS-L2-012:rs-30-traction-battery-control,BAG-RS-L2-012,line-2,rolling-stock,Baghdad six-car electrical integration,21,5768,5960,,,
baghdad:BAG-RS-L2-016:rs-25-clip-on-body,BAG-RS-L2-016,line-2,rolling-stock,Baghdad six-car body installation,2,5768,5792,,,
baghdad:BAG-RS-L2-017:rs-25-clip-on-body,BAG-RS-L2-017,line-2,rolling-stock,Baghdad six-car body installation,3,5768,5792,,,
baghdad:BAG-RS-L2-027:rs-23-moulded-body-modules,BAG-RS-L2-027,line-2,rolling-stock,Baghdad six-car composite kits,1,5768,5864,,,
baghdad:BAG-RS-L2-028:rs-23-moulded-body-modules,BAG-RS-L2-028,line-2,rolling-stock,Baghdad six-car composite kits,10,5768,5864,,,
baghdad:BAG-RS-L2-029:rs-23-moulded-body-modules,BAG-RS-L2-029,line-2,rolling-stock,Baghdad six-car composite kits,11,5768,5864,,,
baghdad:BAG-RS-L2-054:rs-20-carbody-bogie,BAG-RS-L2-054,line-2,rolling-stock,Baghdad six-car structural assembly,17,5768,6000,,,
baghdad:BAG-RS-L2-055:rs-20-carbody-bogie,BAG-RS-L2-055,line-2,rolling-stock,Baghdad six-car structural assembly,18,5768,6000,,,
baghdad:BAG-RS-L2-056:rs-20-carbody-bogie,BAG-RS-L2-056,line-2,rolling-stock,Baghdad six-car structural assembly,19,5768,6000,,,
baghdad:BAG-RS-L2-057:rs-20-carbody-bogie,BAG-RS-L2-057,line-2,rolling-stock,Baghdad six-car structural assembly,20,5768,6000,,,
baghdad:BAG-WPT-L2-003:wpt-10-cabinet-bench,BAG-WPT-L2-003,line-2,waypoint,wayside bench,1,1696,1720,,,
baghdad:BAG-RS-L1-067:rs-50-dynamic-commissioning,BAG-RS-L1-067,line-1,rolling-stock,Baghdad trainset acceptance bays,1,5776,5896,0,5784,5803
baghdad:BAG-RS-L1-068:rs-50-dynamic-commissioning,BAG-RS-L1-068,line-1,rolling-stock,Baghdad trainset acceptance bays,2,5776,5896,2,5784,5803
baghdad:BAG-RS-L1-085:rs-40-fitout-static-test,BAG-RS-L1-085,line-1,rolling-stock,Baghdad six-car fitout and static test,16,5776,5928,,,
baghdad:BAG-RS-L1-069:rs-50-dynamic-commissioning,BAG-RS-L1-069,line-1,rolling-stock,Baghdad trainset acceptance bays,3,5784,5904,1,5792,5811
baghdad:BAG-RS-L2-018:rs-25-clip-on-body,BAG-RS-L2-018,line-2,rolling-stock,Baghdad six-car body installation,1,5784,5808,,,
baghdad:BAG-TRK-L5-015:trk-10-survey-utility,BAG-TRK-L5-015,line-5,track-section,corridor civil crew,2,5784,5792,,,
baghdad:BAG-EN-053:en-20-energy-commission,BAG-EN-053,line-3,energy,energy crew,1,3240,3280,,,
baghdad:BAG-EN-054:en-20-energy-commission,BAG-EN-054,line-3,energy,energy crew,2,3240,3280,,,
baghdad:BAG-RS-L1-086:rs-40-fitout-static-test,BAG-RS-L1-086,line-1,rolling-stock,Baghdad six-car fitout and static test,1,5792,5944,,,
baghdad:BAG-RS-L1-087:rs-40-fitout-static-test,BAG-RS-L1-087,line-1,rolling-stock,Baghdad six-car fitout and static test,2,5792,5944,,,
baghdad:BAG-RS-L2-013:rs-30-traction-battery-control,BAG-RS-L2-013,line-2,rolling-stock,Baghdad six-car electrical integration,1,5792,5984,,,
baghdad:BAG-RS-L2-014:rs-30-traction-battery-control,BAG-RS-L2-014,line-2,rolling-stock,Baghdad six-car electrical integration,2,5792,5984,,,
baghdad:BAG-RS-L2-015:rs-30-traction-battery-control,BAG-RS-L2-015,line-2,rolling-stock,Baghdad six-car electrical integration,3,5792,5984,,,
baghdad:BAG-RS-L2-019:rs-25-clip-on-body,BAG-RS-L2-019,line-2,rolling-stock,Baghdad six-car body installation,2,5792,5816,,,
baghdad:BAG-RS-L2-030:rs-23-moulded-body-modules,BAG-RS-L2-030,line-2,rolling-stock,Baghdad six-car composite kits,2,5792,5888,,,
baghdad:BAG-RS-L2-076:rs-10-material-kit,BAG-RS-L2-076,line-2,rolling-stock,Baghdad trainset kitting,1,5792,5824,,,
baghdad:BAG-RS-L2-077:rs-10-material-kit,BAG-RS-L2-077,line-2,rolling-stock,Baghdad trainset kitting,2,5792,5824,,,
baghdad:BAG-RS-L2-078:rs-10-material-kit,BAG-RS-L2-078,line-2,rolling-stock,Baghdad trainset kitting,3,5792,5824,,,
baghdad:BAG-RS-L2-079:rs-10-material-kit,BAG-RS-L2-079,line-2,rolling-stock,Baghdad trainset kitting,4,5792,5824,,,
baghdad:BAG-ST-035:st-20-mep-passenger-systems,BAG-ST-035,line-2,station,station systems crew,1,2376,2456,,,
baghdad:BAG-SW-089:sw-20-install-proof,BAG-SW-089,line-2,switch,track/switch crew,2,4184,4216,,,
baghdad:BAG-SW-090:sw-20-install-proof,BAG-SW-090,line-2,switch,track/switch crew,1,4216,4248,,,
baghdad:BAG-TRK-L5-015:trk-20-subgrade-drainage,BAG-TRK-L5-015,line-5,track-section,corridor civil crew,2,5792,5808,,,
baghdad:BAG-WPT-L2-003:wpt-20-install-commission,BAG-WPT-L2-003,line-2,waypoint,wayside systems crew,1,1960,1992,,,
baghdad:BAG-RS-L1-070:rs-50-dynamic-commissioning,BAG-RS-L1-070,line-1,rolling-stock,Baghdad trainset acceptance bays,4,5800,5920,0,5808,5827
baghdad:BAG-RS-L1-088:rs-40-fitout-static-test,BAG-RS-L1-088,line-1,rolling-stock,Baghdad six-car fitout and static test,17,5800,5952,,,
baghdad:BAG-RS-L2-020:rs-25-clip-on-body,BAG-RS-L2-020,line-2,rolling-stock,Baghdad six-car body installation,3,5800,5824,,,
baghdad:BAG-RS-L2-031:rs-23-moulded-body-modules,BAG-RS-L2-031,line-2,rolling-stock,Baghdad six-car composite kits,3,5800,5896,,,
baghdad:BAG-RS-L2-032:rs-23-moulded-body-modules,BAG-RS-L2-032,line-2,rolling-stock,Baghdad six-car composite kits,4,5800,5896,,,
baghdad:BAG-RS-L2-058:rs-20-carbody-bogie,BAG-RS-L2-058,line-2,rolling-stock,Baghdad six-car structural assembly,21,5800,6032,,,
baghdad:BAG-RS-L2-059:rs-20-carbody-bogie,BAG-RS-L2-059,line-2,rolling-stock,Baghdad six-car structural assembly,22,5800,6032,,,
baghdad:BAG-RS-L2-060:rs-20-carbody-bogie,BAG-RS-L2-060,line-2,rolling-stock,Baghdad six-car structural assembly,23,5800,6032,,,
baghdad:BAG-RS-L2-061:rs-20-carbody-bogie,BAG-RS-L2-061,line-2,rolling-stock,Baghdad six-car structural assembly,24,5800,6032,,,
baghdad:BAG-RS-L1-071:rs-50-dynamic-commissioning,BAG-RS-L1-071,line-1,rolling-stock,Baghdad trainset acceptance bays,5,5808,5928,1,5816,5835
baghdad:BAG-RS-L1-072:rs-50-dynamic-commissioning,BAG-RS-L1-072,line-1,rolling-stock,Baghdad trainset acceptance bays,6,5808,5928,2,5816,5835
baghdad:BAG-RS-L2-021:rs-25-clip-on-body,BAG-RS-L2-021,line-2,rolling-stock,Baghdad six-car body installation,1,5808,5832,,,
baghdad:BAG-RS-L2-033:rs-23-moulded-body-modules,BAG-RS-L2-033,line-2,rolling-stock,Baghdad six-car composite kits,5,5808,5904,,,
baghdad:BAG-TRK-L5-016:trk-10-survey-utility,BAG-TRK-L5-016,line-5,track-section,corridor civil crew,2,5808,5840,,,
baghdad:BAG-RS-L1-089:rs-40-fitout-static-test,BAG-RS-L1-089,line-1,rolling-stock,Baghdad six-car fitout and static test,3,5816,5968,,,
baghdad:BAG-RS-L2-016:rs-30-traction-battery-control,BAG-RS-L2-016,line-2,rolling-stock,Baghdad six-car electrical integration,4,5816,6008,,,
baghdad:BAG-RS-L2-022:rs-25-clip-on-body,BAG-RS-L2-022,line-2,rolling-stock,Baghdad six-car body installation,2,5816,5840,,,
baghdad:BAG-RS-L1-073:rs-50-dynamic-commissioning,BAG-RS-L1-073,line-1,rolling-stock,Baghdad trainset acceptance bays,7,5824,5944,0,5832,5851
baghdad:BAG-RS-L1-090:rs-40-fitout-static-test,BAG-RS-L1-090,line-1,rolling-stock,Baghdad six-car fitout and static test,4,5824,5976,,,
baghdad:BAG-RS-L2-017:rs-30-traction-battery-control,BAG-RS-L2-017,line-2,rolling-stock,Baghdad six-car electrical integration,5,5824,6016,,,
baghdad:BAG-RS-L2-080:rs-10-material-kit,BAG-RS-L2-080,line-2,rolling-stock,Baghdad trainset kitting,1,5824,5856,,,
baghdad:BAG-RS-L2-081:rs-10-material-kit,BAG-RS-L2-081,line-2,rolling-stock,Baghdad trainset kitting,2,5824,5856,,,
baghdad:BAG-RS-L2-082:rs-10-material-kit,BAG-RS-L2-082,line-2,rolling-stock,Baghdad trainset kitting,3,5824,5856,,,
baghdad:BAG-RS-L2-083:rs-10-material-kit,BAG-RS-L2-083,line-2,rolling-stock,Baghdad trainset kitting,4,5824,5856,,,
baghdad:BAG-SIG-026:wpt-20-install-commission,BAG-SIG-026,line-2,signalling-comms,wayside systems crew,1,2000,2032,,,
baghdad:BAG-ST-027:st-20-mep-passenger-systems,BAG-ST-027,line-2,station,station systems crew,2,1872,1952,,,
baghdad:BAG-SW-091:sw-20-install-proof,BAG-SW-091,line-2,switch,track/switch crew,2,4216,4248,,,
baghdad:BAG-SW-092:sw-20-install-proof,BAG-SW-092,line-2,switch,track/switch crew,1,4248,4280,,,
baghdad:BAG-TRK-L5-017:trk-10-survey-utility,BAG-TRK-L5-017,line-5,track-section,corridor civil crew,1,5824,5856,,,
baghdad:BAG-EN-055:en-10-energy-build,BAG-EN-055,line-3,energy,energy crew,1,3280,3360,,,
baghdad:BAG-EN-056:en-10-energy-build,BAG-EN-056,line-3,energy,energy crew,2,3280,3360,,,
baghdad:BAG-RS-L1-074:rs-50-dynamic-commissioning,BAG-RS-L1-074,line-1,rolling-stock,Baghdad trainset acceptance bays,8,5832,5952,1,5840,5859
baghdad:BAG-RS-L1-091:rs-40-fitout-static-test,BAG-RS-L1-091,line-1,rolling-stock,Baghdad six-car fitout and static test,5,5832,5984,,,
baghdad:BAG-RS-L2-018:rs-30-traction-battery-control,BAG-RS-L2-018,line-2,rolling-stock,Baghdad six-car electrical integration,6,5832,6024,,,
baghdad:BAG-RS-L2-023:rs-25-clip-on-body,BAG-RS-L2-023,line-2,rolling-stock,Baghdad six-car body installation,1,5832,5856,,,
baghdad:BAG-RS-L2-024:rs-25-clip-on-body,BAG-RS-L2-024,line-2,rolling-stock,Baghdad six-car body installation,3,5832,5856,,,
baghdad:BAG-RS-L2-034:rs-23-moulded-body-modules,BAG-RS-L2-034,line-2,rolling-stock,Baghdad six-car composite kits,6,5832,5928,,,
baghdad:BAG-RS-L2-035:rs-23-moulded-body-modules,BAG-RS-L2-035,line-2,rolling-stock,Baghdad six-car composite kits,7,5832,5928,,,
baghdad:BAG-RS-L2-036:rs-23-moulded-body-modules,BAG-RS-L2-036,line-2,rolling-stock,Baghdad six-car composite kits,8,5832,5928,,,
baghdad:BAG-RS-L2-062:rs-20-carbody-bogie,BAG-RS-L2-062,line-2,rolling-stock,Baghdad six-car structural assembly,25,5832,6064,,,
baghdad:BAG-RS-L2-063:rs-20-carbody-bogie,BAG-RS-L2-063,line-2,rolling-stock,Baghdad six-car structural assembly,26,5832,6064,,,
baghdad:BAG-WPT-L2-006:wpt-10-cabinet-bench,BAG-WPT-L2-006,line-2,waypoint,wayside bench,1,1720,1744,,,
baghdad:BAG-RS-L1-092:rs-40-fitout-static-test,BAG-RS-L1-092,line-1,rolling-stock,Baghdad six-car fitout and static test,6,5840,5992,,,
baghdad:BAG-RS-L2-019:rs-30-traction-battery-control,BAG-RS-L2-019,line-2,rolling-stock,Baghdad six-car electrical integration,7,5840,6032,,,
baghdad:BAG-RS-L2-025:rs-25-clip-on-body,BAG-RS-L2-025,line-2,rolling-stock,Baghdad six-car body installation,2,5840,5864,,,
baghdad:BAG-TRK-L4-005:trk-30-trackform-rail,BAG-TRK-L4-005,line-4,track-section,track crew,1,4464,4576,,,
baghdad:BAG-TRK-L5-016:trk-20-subgrade-drainage,BAG-TRK-L5-016,line-5,track-section,corridor civil crew,2,5840,6000,,,
baghdad:BAG-RS-L1-075:rs-50-dynamic-commissioning,BAG-RS-L1-075,line-1,rolling-stock,Baghdad trainset acceptance bays,9,5848,5968,0,5856,5875
baghdad:BAG-RS-L1-076:rs-50-dynamic-commissioning,BAG-RS-L1-076,line-1,rolling-stock,Baghdad trainset acceptance bays,10,5848,5968,2,5856,5875
baghdad:BAG-RS-L1-093:rs-40-fitout-static-test,BAG-RS-L1-093,line-1,rolling-stock,Baghdad six-car fitout and static test,7,5848,6000,,,
baghdad:BAG-RS-L2-020:rs-30-traction-battery-control,BAG-RS-L2-020,line-2,rolling-stock,Baghdad six-car electrical integration,8,5848,6040,,,
baghdad:BAG-RS-L2-037:rs-23-moulded-body-modules,BAG-RS-L2-037,line-2,rolling-stock,Baghdad six-car composite kits,9,5848,5944,,,
baghdad:BAG-WPT-L2-002:wpt-10-cabinet-bench,BAG-WPT-L2-002,line-2,waypoint,wayside bench,3,1672,1696,,,
baghdad:BAG-RS-L1-077:rs-50-dynamic-commissioning,BAG-RS-L1-077,line-1,rolling-stock,Baghdad trainset acceptance bays,11,5856,5976,1,5864,5883
baghdad:BAG-RS-L1-094:rs-40-fitout-static-test,BAG-RS-L1-094,line-1,rolling-stock,Baghdad six-car fitout and static test,8,5856,6008,,,
baghdad:BAG-RS-L2-021:rs-30-traction-battery-control,BAG-RS-L2-021,line-2,rolling-stock,Baghdad six-car electrical integration,9,5856,6048,,,
baghdad:BAG-RS-L2-026:rs-25-clip-on-body,BAG-RS-L2-026,line-2,rolling-stock,Baghdad six-car body installation,1,5856,5880,,,
baghdad:BAG-RS-L2-084:rs-10-material-kit,BAG-RS-L2-084,line-2,rolling-stock,Baghdad trainset kitting,1,5856,5888,,,
baghdad:BAG-RS-L2-085:rs-10-material-kit,BAG-RS-L2-085,line-2,rolling-stock,Baghdad trainset kitting,2,5856,5888,,,
baghdad:BAG-RS-L2-086:rs-10-material-kit,BAG-RS-L2-086,line-2,rolling-stock,Baghdad trainset kitting,3,5856,5888,,,
baghdad:BAG-RS-L2-087:rs-10-material-kit,BAG-RS-L2-087,line-2,rolling-stock,Baghdad trainset kitting,4,5856,5888,,,
baghdad:BAG-ST-067:st-10-civil-structure,BAG-ST-067,line-4,station,station civil crew,2,4352,4464,,,
baghdad:BAG-ST-076:st-10-civil-structure,BAG-ST-076,line-4,station,station civil crew,1,4952,5064,,,
baghdad:BAG-SW-093:sw-20-install-proof,BAG-SW-093,line-2,switch,track/switch crew,2,4248,4280,,,
baghdad:BAG-SW-094:sw-20-install-proof,BAG-SW-094,line-2,switch,track/switch crew,1,4280,4312,,,
baghdad:BAG-TRK-L5-017:trk-20-subgrade-drainage,BAG-TRK-L5-017,line-5,track-section,corridor civil crew,1,5856,6000,,,
baghdad:BAG-WPT-L2-006:wpt-20-install-commission,BAG-WPT-L2-006,line-2,waypoint,wayside systems crew,1,2032,2064,,,
baghdad:BAG-RS-L2-001:rs-40-fitout-static-test,BAG-RS-L2-001,line-2,rolling-stock,Baghdad six-car fitout and static test,9,5864,6016,,,
baghdad:BAG-RS-L2-022:rs-30-traction-battery-control,BAG-RS-L2-022,line-2,rolling-stock,Baghdad six-car electrical integration,10,5864,6056,,,
baghdad:BAG-RS-L2-027:rs-25-clip-on-body,BAG-RS-L2-027,line-2,rolling-stock,Baghdad six-car body installation,2,5864,5888,,,
baghdad:BAG-RS-L2-028:rs-25-clip-on-body,BAG-RS-L2-028,line-2,rolling-stock,Baghdad six-car body installation,3,5864,5888,,,
baghdad:BAG-WPT-L2-001:wpt-10-cabinet-bench,BAG-WPT-L2-001,line-2,waypoint,wayside bench,2,1672,1696,,,
baghdad:BAG-RS-L1-078:rs-50-dynamic-commissioning,BAG-RS-L1-078,line-1,rolling-stock,Baghdad trainset acceptance bays,12,5872,5992,0,5880,5899
baghdad:BAG-RS-L2-002:rs-40-fitout-static-test,BAG-RS-L2-002,line-2,rolling-stock,Baghdad six-car fitout and static test,10,5872,6024,,,
baghdad:BAG-RS-L2-023:rs-30-traction-battery-control,BAG-RS-L2-023,line-2,rolling-stock,Baghdad six-car electrical integration,11,5872,6064,,,
baghdad:BAG-RS-L2-038:rs-23-moulded-body-modules,BAG-RS-L2-038,line-2,rolling-stock,Baghdad six-car composite kits,1,5872,5968,,,
baghdad:BAG-RS-L2-039:rs-23-moulded-body-modules,BAG-RS-L2-039,line-2,rolling-stock,Baghdad six-car composite kits,10,5872,5968,,,
baghdad:BAG-RS-L2-040:rs-23-moulded-body-modules,BAG-RS-L2-040,line-2,rolling-stock,Baghdad six-car composite kits,11,5872,5968,,,
baghdad:BAG-RS-L2-064:rs-20-carbody-bogie,BAG-RS-L2-064,line-2,rolling-stock,Baghdad six-car structural assembly,1,5872,6104,,,
baghdad:BAG-RS-L2-065:rs-20-carbody-bogie,BAG-RS-L2-065,line-2,rolling-stock,Baghdad six-car structural assembly,2,5872,6104,,,
baghdad:BAG-RS-L2-066:rs-20-carbody-bogie,BAG-RS-L2-066,line-2,rolling-stock,Baghdad six-car structural assembly,3,5872,6104,,,
baghdad:BAG-RS-L2-067:rs-20-carbody-bogie,BAG-RS-L2-067,line-2,rolling-stock,Baghdad six-car structural assembly,4,5872,6104,,,
baghdad:BAG-ST-037:st-20-mep-passenger-systems,BAG-ST-037,line-2,station,station systems crew,1,2488,2568,,,
baghdad:BAG-WPT-L2-005:wpt-10-cabinet-bench,BAG-WPT-L2-005,line-2,waypoint,wayside bench,3,1696,1720,,,
baghdad:BAG-RS-L1-079:rs-50-dynamic-commissioning,BAG-RS-L1-079,line-1,rolling-stock,Baghdad trainset acceptance bays,13,5880,6000,1,5888,5907
baghdad:BAG-RS-L2-029:rs-25-clip-on-body,BAG-RS-L2-029,line-2,rolling-stock,Baghdad six-car body installation,1,5880,5904,,,
baghdad:BAG-RS-L2-003:rs-40-fitout-static-test,BAG-RS-L2-003,line-2,rolling-stock,Baghdad six-car fitout and static test,11,5888,6040,,,
baghdad:BAG-RS-L2-004:rs-40-fitout-static-test,BAG-RS-L2-004,line-2,rolling-stock,Baghdad six-car fitout and static test,12,5888,6040,,,
baghdad:BAG-RS-L2-024:rs-30-traction-battery-control,BAG-RS-L2-024,line-2,rolling-stock,Baghdad six-car electrical integration,12,5888,6080,,,
baghdad:BAG-RS-L2-025:rs-30-traction-battery-control,BAG-RS-L2-025,line-2,rolling-stock,Baghdad six-car electrical integration,13,5888,6080,,,
baghdad:BAG-RS-L2-030:rs-25-clip-on-body,BAG-RS-L2-030,line-2,rolling-stock,Baghdad six-car body installation,2,5888,5912,,,
baghdad:BAG-RS-L2-041:rs-23-moulded-body-modules,BAG-RS-L2-041,line-2,rolling-stock,Baghdad six-car composite kits,2,5888,5984,,,
baghdad:BAG-RS-L2-088:rs-10-material-kit,BAG-RS-L2-088,line-2,rolling-stock,Baghdad trainset kitting,1,5888,5920,,,
baghdad:BAG-RS-L2-089:rs-10-material-kit,BAG-RS-L2-089,line-2,rolling-stock,Baghdad trainset kitting,2,5888,5920,,,
baghdad:BAG-RS-L2-090:rs-10-material-kit,BAG-RS-L2-090,line-2,rolling-stock,Baghdad trainset kitting,3,5888,5920,,,
baghdad:BAG-RS-L2-091:rs-10-material-kit,BAG-RS-L2-091,line-2,rolling-stock,Baghdad trainset kitting,4,5888,5920,,,
baghdad:BAG-SIG-028:wpt-20-install-commission,BAG-SIG-028,line-2,signalling-comms,wayside systems crew,1,2088,2120,,,
baghdad:BAG-SW-095:sw-20-install-proof,BAG-SW-095,line-2,switch,track/switch crew,2,4280,4312,,,
baghdad:BAG-SW-096:sw-20-install-proof,BAG-SW-096,line-2,switch,track/switch crew,1,4312,4344,,,
baghdad:BAG-WPT-L2-001:wpt-20-install-commission,BAG-WPT-L2-001,line-2,waypoint,wayside systems crew,2,1776,1808,,,
baghdad:BAG-RS-L1-080:rs-50-dynamic-commissioning,BAG-RS-L1-080,line-1,rolling-stock,Baghdad trainset acceptance bays,1,5896,6016,0,5904,5923
baghdad:BAG-RS-L1-081:rs-50-dynamic-commissioning,BAG-RS-L1-081,line-1,rolling-stock,Baghdad trainset acceptance bays,2,5896,6016,2,5904,5923
baghdad:BAG-RS-L2-026:rs-30-traction-battery-control,BAG-RS-L2-026,line-2,rolling-stock,Baghdad six-car electrical integration,14,5896,6088,,,
baghdad:BAG-RS-L2-031:rs-25-clip-on-body,BAG-RS-L2-031,line-2,rolling-stock,Baghdad six-car body installation,3,5896,5920,,,
baghdad:BAG-WPT-L2-004:wpt-10-cabinet-bench,BAG-WPT-L2-004,line-2,waypoint,wayside bench,2,1696,1720,,,
baghdad:BAG-WPT-L2-008:wpt-10-cabinet-bench,BAG-WPT-L2-008,line-2,waypoint,wayside bench,3,1720,1744,,,
baghdad:BAG-RS-L1-082:rs-50-dynamic-commissioning,BAG-RS-L1-082,line-1,rolling-stock,Baghdad trainset acceptance bays,3,5904,6024,1,5912,5931
baghdad:BAG-RS-L2-005:rs-40-fitout-static-test,BAG-RS-L2-005,line-2,rolling-stock,Baghdad six-car fitout and static test,13,5904,6056,,,
baghdad:BAG-RS-L2-032:rs-25-clip-on-body,BAG-RS-L2-032,line-2,rolling-stock,Baghdad six-car body installation,1,5904,5928,,,
baghdad:BAG-RS-L2-042:rs-23-moulded-body-modules,BAG-RS-L2-042,line-2,rolling-stock,Baghdad six-car composite kits,3,5904,6000,,,
baghdad:BAG-RS-L2-043:rs-23-moulded-body-modules,BAG-RS-L2-043,line-2,rolling-stock,Baghdad six-car composite kits,4,5904,6000,,,
baghdad:BAG-RS-L2-044:rs-23-moulded-body-modules,BAG-RS-L2-044,line-2,rolling-stock,Baghdad six-car composite kits,5,5904,6000,,,
baghdad:BAG-RS-L2-068:rs-20-carbody-bogie,BAG-RS-L2-068,line-2,rolling-stock,Baghdad six-car structural assembly,5,5904,6136,,,
baghdad:BAG-RS-L2-069:rs-20-carbody-bogie,BAG-RS-L2-069,line-2,rolling-stock,Baghdad six-car structural assembly,6,5904,6136,,,
baghdad:BAG-RS-L2-070:rs-20-carbody-bogie,BAG-RS-L2-070,line-2,rolling-stock,Baghdad six-car structural assembly,7,5904,6136,,,
baghdad:BAG-RS-L2-071:rs-20-carbody-bogie,BAG-RS-L2-071,line-2,rolling-stock,Baghdad six-car structural assembly,8,5904,6136,,,
baghdad:BAG-ST-029:st-20-mep-passenger-systems,BAG-ST-029,line-2,station,station systems crew,2,1984,2064,,,
baghdad:BAG-TRK-L4-004:trk-30-trackform-rail,BAG-TRK-L4-004,line-4,track-section,track crew,2,4336,4488,,,
baghdad:BAG-EN-055:en-20-energy-commission,BAG-EN-055,line-3,energy,energy crew,1,3360,3400,,,
baghdad:BAG-EN-056:en-20-energy-commission,BAG-EN-056,line-3,energy,energy crew,2,3360,3400,,,
baghdad:BAG-RS-L2-006:rs-40-fitout-static-test,BAG-RS-L2-006,line-2,rolling-stock,Baghdad six-car fitout and static test,14,5912,6064,,,
baghdad:BAG-RS-L2-027:rs-30-traction-battery-control,BAG-RS-L2-027,line-2,rolling-stock,Baghdad six-car electrical integration,15,5912,6104,,,
baghdad:BAG-RS-L2-033:rs-25-clip-on-body,BAG-RS-L2-033,line-2,rolling-stock,Baghdad six-car body installation,2,5912,5936,,,
baghdad:BAG-RS-L1-083:rs-50-dynamic-commissioning,BAG-RS-L1-083,line-1,rolling-stock,Baghdad trainset acceptance bays,4,5920,6040,0,5928,5947
baghdad:BAG-RS-L2-007:rs-40-fitout-static-test,BAG-RS-L2-007,line-2,rolling-stock,Baghdad six-car fitout and static test,15,5920,6072,,,
baghdad:BAG-RS-L2-028:rs-30-traction-battery-control,BAG-RS-L2-028,line-2,rolling-stock,Baghdad six-car electrical integration,16,5920,6112,,,
baghdad:BAG-RS-L2-092:rs-10-material-kit,BAG-RS-L2-092,line-2,rolling-stock,Baghdad trainset kitting,1,5920,5952,,,
baghdad:BAG-RS-L2-093:rs-10-material-kit,BAG-RS-L2-093,line-2,rolling-stock,Baghdad trainset kitting,2,5920,5952,,,
baghdad:BAG-RS-L2-094:rs-10-material-kit,BAG-RS-L2-094,line-2,rolling-stock,Baghdad trainset kitting,3,5920,5952,,,
baghdad:BAG-RS-L2-095:rs-10-material-kit,BAG-RS-L2-095,line-2,rolling-stock,Baghdad trainset kitting,4,5920,5952,,,
baghdad:BAG-SW-097:sw-20-install-proof,BAG-SW-097,line-2,switch,track/switch crew,2,4312,4344,,,
baghdad:BAG-SW-098:sw-20-install-proof,BAG-SW-098,line-2,switch,track/switch crew,1,4344,4376,,,
baghdad:BAG-WPT-L2-004:wpt-20-install-commission,BAG-WPT-L2-004,line-2,waypoint,wayside systems crew,2,1928,1960,,,
baghdad:BAG-WPT-L2-008:wpt-20-install-commission,BAG-WPT-L2-008,line-2,waypoint,wayside systems crew,1,2120,2152,,,
baghdad:BAG-RS-L1-084:rs-50-dynamic-commissioning,BAG-RS-L1-084,line-1,rolling-stock,Baghdad trainset acceptance bays,5,5928,6048,1,5936,5955
baghdad:BAG-RS-L1-085:rs-50-dynamic-commissioning,BAG-RS-L1-085,line-1,rolling-stock,Baghdad trainset acceptance bays,6,5928,6048,2,5936,5955
baghdad:BAG-RS-L2-008:rs-40-fitout-static-test,BAG-RS-L2-008,line-2,rolling-stock,Baghdad six-car fitout and static test,16,5928,6080,,,
baghdad:BAG-RS-L2-029:rs-30-traction-battery-control,BAG-RS-L2-029,line-2,rolling-stock,Baghdad six-car electrical integration,17,5928,6120,,,
baghdad:BAG-RS-L2-034:rs-25-clip-on-body,BAG-RS-L2-034,line-2,rolling-stock,Baghdad six-car body installation,1,5928,5952,,,
baghdad:BAG-RS-L2-035:rs-25-clip-on-body,BAG-RS-L2-035,line-2,rolling-stock,Baghdad six-car body installation,3,5928,5952,,,
baghdad:BAG-RS-L2-045:rs-23-moulded-body-modules,BAG-RS-L2-045,line-2,rolling-stock,Baghdad six-car composite kits,6,5928,6024,,,
baghdad:BAG-RS-L2-030:rs-30-traction-battery-control,BAG-RS-L2-030,line-2,rolling-stock,Baghdad six-car electrical integration,18,5936,6128,,,
baghdad:BAG-RS-L2-036:rs-25-clip-on-body,BAG-RS-L2-036,line-2,rolling-stock,Baghdad six-car body installation,2,5936,5960,,,
baghdad:BAG-RS-L2-046:rs-23-moulded-body-modules,BAG-RS-L2-046,line-2,rolling-stock,Baghdad six-car composite kits,7,5936,6032,,,
baghdad:BAG-RS-L2-047:rs-23-moulded-body-modules,BAG-RS-L2-047,line-2,rolling-stock,Baghdad six-car composite kits,8,5936,6032,,,
baghdad:BAG-RS-L2-072:rs-20-carbody-bogie,BAG-RS-L2-072,line-2,rolling-stock,Baghdad six-car structural assembly,9,5936,6168,,,
baghdad:BAG-RS-L2-073:rs-20-carbody-bogie,BAG-RS-L2-073,line-2,rolling-stock,Baghdad six-car structural assembly,10,5936,6168,,,
baghdad:BAG-RS-L2-074:rs-20-carbody-bogie,BAG-RS-L2-074,line-2,rolling-stock,Baghdad six-car structural assembly,11,5936,6168,,,
baghdad:BAG-RS-L2-075:rs-20-carbody-bogie,BAG-RS-L2-075,line-2,rolling-stock,Baghdad six-car structural assembly,12,5936,6168,,,
baghdad:BAG-RS-L1-086:rs-50-dynamic-commissioning,BAG-RS-L1-086,line-1,rolling-stock,Baghdad trainset acceptance bays,7,5944,6064,0,5952,5971
baghdad:BAG-RS-L2-009:rs-40-fitout-static-test,BAG-RS-L2-009,line-2,rolling-stock,Baghdad six-car fitout and static test,1,5944,6096,,,
baghdad:BAG-RS-L2-010:rs-40-fitout-static-test,BAG-RS-L2-010,line-2,rolling-stock,Baghdad six-car fitout and static test,2,5944,6096,,,
baghdad:BAG-RS-L2-031:rs-30-traction-battery-control,BAG-RS-L2-031,line-2,rolling-stock,Baghdad six-car electrical integration,19,5944,6136,,,
baghdad:BAG-RS-L2-048:rs-23-moulded-body-modules,BAG-RS-L2-048,line-2,rolling-stock,Baghdad six-car composite kits,9,5944,6040,,,
baghdad:BAG-EN-057:en-10-energy-build,BAG-EN-057,line-3,energy,energy crew,1,3400,3480,,,
baghdad:BAG-EN-058:en-10-energy-build,BAG-EN-058,line-4,energy,energy crew,2,3400,3480,,,
baghdad:BAG-RS-L1-087:rs-50-dynamic-commissioning,BAG-RS-L1-087,line-1,rolling-stock,Baghdad trainset acceptance bays,8,5952,6072,1,5960,5979
baghdad:BAG-RS-L2-011:rs-40-fitout-static-test,BAG-RS-L2-011,line-2,rolling-stock,Baghdad six-car fitout and static test,17,5952,6104,,,
baghdad:BAG-RS-L2-032:rs-30-traction-battery-control,BAG-RS-L2-032,line-2,rolling-stock,Baghdad six-car electrical integration,20,5952,6144,,,
baghdad:BAG-RS-L2-037:rs-25-clip-on-body,BAG-RS-L2-037,line-2,rolling-stock,Baghdad six-car body installation,1,5952,5976,,,
baghdad:BAG-RS-L2-096:rs-10-material-kit,BAG-RS-L2-096,line-2,rolling-stock,Baghdad trainset kitting,1,5952,5984,,,
baghdad:BAG-RS-L3-001:rs-10-material-kit,BAG-RS-L3-001,line-3,rolling-stock,Baghdad trainset kitting,2,5952,5984,,,
baghdad:BAG-RS-L3-002:rs-10-material-kit,BAG-RS-L3-002,line-3,rolling-stock,Baghdad trainset kitting,3,5952,5984,,,
baghdad:BAG-RS-L3-003:rs-10-material-kit,BAG-RS-L3-003,line-3,rolling-stock,Baghdad trainset kitting,4,5952,5984,,,
baghdad:BAG-SIG-030:wpt-20-install-commission,BAG-SIG-030,line-2,signalling-comms,wayside systems crew,1,2176,2208,,,
baghdad:BAG-ST-039:st-20-mep-passenger-systems,BAG-ST-039,line-2,station,station systems crew,1,2608,2688,,,
baghdad:BAG-SW-099:sw-20-install-proof,BAG-SW-099,line-2,switch,track/switch crew,2,4344,4376,,,
baghdad:BAG-SW-100:sw-20-install-proof,BAG-SW-100,line-2,switch,track/switch crew,1,4376,4408,,,
baghdad:BAG-TRK-L4-008:trk-30-trackform-rail,BAG-TRK-L4-008,line-4,track-section,track crew,1,4616,4744,,,
baghdad:BAG-WPT-L2-005:wpt-20-install-commission,BAG-WPT-L2-005,line-2,waypoint,wayside systems crew,2,2000,2032,,,
baghdad:BAG-RS-L2-033:rs-30-traction-battery-control,BAG-RS-L2-033,line-2,rolling-stock,Baghdad six-car electrical integration,21,5960,6152,,,
baghdad:BAG-WPT-L2-007:wpt-10-cabinet-bench,BAG-WPT-L2-007,line-2,waypoint,wayside bench,2,1720,1744,,,
baghdad:BAG-RS-L1-088:rs-50-dynamic-commissioning,BAG-RS-L1-088,line-1,rolling-stock,Baghdad trainset acceptance bays,9,5968,6088,0,5976,5995
baghdad:BAG-RS-L1-089:rs-50-dynamic-commissioning,BAG-RS-L1-089,line-1,rolling-stock,Baghdad trainset acceptance bays,10,5968,6088,2,5976,5995
baghdad:BAG-RS-L2-012:rs-40-fitout-static-test,BAG-RS-L2-012,line-2,rolling-stock,Baghdad six-car fitout and static test,3,5968,6120,,,
baghdad:BAG-RS-L2-038:rs-25-clip-on-body,BAG-RS-L2-038,line-2,rolling-stock,Baghdad six-car body installation,2,5968,5992,,,
baghdad:BAG-RS-L2-039:rs-25-clip-on-body,BAG-RS-L2-039,line-2,rolling-stock,Baghdad six-car body installation,3,5968,5992,,,
baghdad:BAG-RS-L2-049:rs-23-moulded-body-modules,BAG-RS-L2-049,line-2,rolling-stock,Baghdad six-car composite kits,1,5968,6064,,,
baghdad:BAG-RS-L2-050:rs-23-moulded-body-modules,BAG-RS-L2-050,line-2,rolling-stock,Baghdad six-car composite kits,10,5968,6064,,,
baghdad:BAG-RS-L2-051:rs-23-moulded-body-modules,BAG-RS-L2-051,line-2,rolling-stock,Baghdad six-car composite kits,11,5968,6064,,,
baghdad:BAG-RS-L2-076:rs-20-carbody-bogie,BAG-RS-L2-076,line-2,rolling-stock,Baghdad six-car structural assembly,13,5968,6200,,,
baghdad:BAG-RS-L2-077:rs-20-carbody-bogie,BAG-RS-L2-077,line-2,rolling-stock,Baghdad six-car structural assembly,14,5968,6200,,,
baghdad:BAG-RS-L2-078:rs-20-carbody-bogie,BAG-RS-L2-078,line-2,rolling-stock,Baghdad six-car structural assembly,15,5968,6200,,,
baghdad:BAG-RS-L2-079:rs-20-carbody-bogie,BAG-RS-L2-079,line-2,rolling-stock,Baghdad six-car structural assembly,16,5968,6200,,,
baghdad:BAG-ST-069:st-10-civil-structure,BAG-ST-069,line-4,station,station civil crew,2,4488,4600,,,
baghdad:BAG-ST-078:st-10-civil-structure,BAG-ST-078,line-5,station,station civil crew,1,5064,5176,,,
baghdad:BAG-RS-L1-090:rs-50-dynamic-commissioning,BAG-RS-L1-090,line-1,rolling-stock,Baghdad trainset acceptance bays,11,5976,6096,1,5984,6003
baghdad:BAG-RS-L2-040:rs-25-clip-on-body,BAG-RS-L2-040,line-2,rolling-stock,Baghdad six-car body installation,1,5976,6000,,,
baghdad:BAG-RS-L2-013:rs-40-fitout-static-test,BAG-RS-L2-013,line-2,rolling-stock,Baghdad six-car fitout and static test,4,5984,6136,,,
baghdad:BAG-RS-L2-014:rs-40-fitout-static-test,BAG-RS-L2-014,line-2,rolling-stock,Baghdad six-car fitout and static test,5,5984,6136,,,
baghdad:BAG-RS-L2-034:rs-30-traction-battery-control,BAG-RS-L2-034,line-2,rolling-stock,Baghdad six-car electrical integration,1,5984,6176,,,
baghdad:BAG-RS-L2-035:rs-30-traction-battery-control,BAG-RS-L2-035,line-2,rolling-stock,Baghdad six-car electrical integration,2,5984,6176,,,
baghdad:BAG-RS-L2-036:rs-30-traction-battery-control,BAG-RS-L2-036,line-2,rolling-stock,Baghdad six-car electrical integration,3,5984,6176,,,
baghdad:BAG-RS-L2-052:rs-23-moulded-body-modules,BAG-RS-L2-052,line-2,rolling-stock,Baghdad six-car composite kits,2,5984,6080,,,
baghdad:BAG-RS-L3-004:rs-10-material-kit,BAG-RS-L3-004,line-3,rolling-stock,Baghdad trainset kitting,1,5984,6016,,,
baghdad:BAG-RS-L3-005:rs-10-material-kit,BAG-RS-L3-005,line-3,rolling-stock,Baghdad trainset kitting,2,5984,6016,,,
baghdad:BAG-RS-L3-006:rs-10-material-kit,BAG-RS-L3-006,line-3,rolling-stock,Baghdad trainset kitting,3,5984,6016,,,
baghdad:BAG-RS-L3-007:rs-10-material-kit,BAG-RS-L3-007,line-3,rolling-stock,Baghdad trainset kitting,4,5984,6016,,,
baghdad:BAG-SIG-031:wpt-20-install-commission,BAG-SIG-031,line-2,signalling-comms,wayside systems crew,1,2232,2264,,,
baghdad:BAG-ST-031:st-20-mep-passenger-systems,BAG-ST-031,line-2,station,station systems crew,2,2096,2176,,,
baghdad:BAG-SW-101:sw-20-install-proof,BAG-SW-101,line-2,switch,track/switch crew,2,4376,4408,,,
baghdad:BAG-SW-102:sw-20-install-proof,BAG-SW-102,line-2,switch,track/switch crew,1,4408,4440,,,
baghdad:BAG-WPT-L2-007:wpt-20-install-commission,BAG-WPT-L2-007,line-2,waypoint,wayside systems crew,2,2088,2120,,,
baghdad:BAG-RS-L1-091:rs-50-dynamic-commissioning,BAG-RS-L1-091,line-1,rolling-stock,Baghdad trainset acceptance bays,12,5992,6112,0,6000,6019
baghdad:BAG-RS-L2-015:rs-40-fitout-static-test,BAG-RS-L2-015,line-2,rolling-stock,Baghdad six-car fitout and static test,6,5992,6144,,,
baghdad:BAG-RS-L2-041:rs-25-clip-on-body,BAG-RS-L2-041,line-2,rolling-stock,Baghdad six-car body installation,2,5992,6016,,,
baghdad:BAG-WPT-L2-009:wpt-10-cabinet-bench,BAG-WPT-L2-009,line-2,waypoint,wayside bench,1,1744,1768,,,
baghdad:BAG-RS-L1-092:rs-50-dynamic-commissioning,BAG-RS-L1-092,line-1,rolling-stock,Baghdad trainset acceptance bays,13,6000,6120,1,6008,6027
baghdad:BAG-RS-L2-042:rs-25-clip-on-body,BAG-RS-L2-042,line-2,rolling-stock,Baghdad six-car body installation,1,6000,6024,,,
baghdad:BAG-RS-L2-043:rs-25-clip-on-body,BAG-RS-L2-043,line-2,rolling-stock,Baghdad six-car body installation,3,6000,6024,,,
baghdad:BAG-RS-L2-053:rs-23-moulded-body-modules,BAG-RS-L2-053,line-2,rolling-stock,Baghdad six-car composite kits,3,6000,6096,,,
baghdad:BAG-RS-L2-054:rs-23-moulded-body-modules,BAG-RS-L2-054,line-2,rolling-stock,Baghdad six-car composite kits,4,6000,6096,,,
baghdad:BAG-RS-L2-055:rs-23-moulded-body-modules,BAG-RS-L2-055,line-2,rolling-stock,Baghdad six-car composite kits,5,6000,6096,,,
baghdad:BAG-RS-L2-080:rs-20-carbody-bogie,BAG-RS-L2-080,line-2,rolling-stock,Baghdad six-car structural assembly,17,6000,6232,,,
baghdad:BAG-RS-L2-081:rs-20-carbody-bogie,BAG-RS-L2-081,line-2,rolling-stock,Baghdad six-car structural assembly,18,6000,6232,,,
baghdad:BAG-RS-L2-082:rs-20-carbody-bogie,BAG-RS-L2-082,line-2,rolling-stock,Baghdad six-car structural assembly,19,6000,6232,,,
baghdad:BAG-RS-L2-083:rs-20-carbody-bogie,BAG-RS-L2-083,line-2,rolling-stock,Baghdad six-car structural assembly,20,6000,6232,,,
baghdad:BAG-TRK-L5-018:trk-10-survey-utility,BAG-TRK-L5-018,line-5,track-section,corridor civil crew,1,6000,6032,,,
baghdad:BAG-TRK-L5-019:trk-10-survey-utility,BAG-TRK-L5-019,line-5,track-section,corridor civil crew,2,6000,6056,,,
baghdad:BAG-WPT-L2-010:wpt-10-cabinet-bench,BAG-WPT-L2-010,line-2,waypoint,wayside bench,2,1744,1768,,,
baghdad:BAG-RS-L2-016:rs-40-fitout-static-test,BAG-RS-L2-016,line-2,rolling-stock,Baghdad six-car fitout and static test,7,6008,6160,,,
baghdad:BAG-RS-L2-037:rs-30-traction-battery-control,BAG-RS-L2-037,line-2,rolling-stock,Baghdad six-car electrical integration,4,6008,6200,,,
baghdad:BAG-RS-L1-093:rs-50-dynamic-commissioning,BAG-RS-L1-093,line-1,rolling-stock,Baghdad trainset acceptance bays,1,6016,6136,0,6024,6043
baghdad:BAG-RS-L1-094:rs-50-dynamic-commissioning,BAG-RS-L1-094,line-1,rolling-stock,Baghdad trainset acceptance bays,2,6016,6136,2,6024,6043
baghdad:BAG-RS-L2-017:rs-40-fitout-static-test,BAG-RS-L2-017,line-2,rolling-stock,Baghdad six-car fitout and static test,8,6016,6168,,,
baghdad:BAG-RS-L2-038:rs-30-traction-battery-control,BAG-RS-L2-038,line-2,rolling-stock,Baghdad six-car electrical integration,5,6016,6208,,,
baghdad:BAG-RS-L2-044:rs-25-clip-on-body,BAG-RS-L2-044,line-2,rolling-stock,Baghdad six-car body installation,2,6016,6040,,,
baghdad:BAG-RS-L3-008:rs-10-material-kit,BAG-RS-L3-008,line-3,rolling-stock,Baghdad trainset kitting,1,6016,6048,,,
baghdad:BAG-RS-L3-009:rs-10-material-kit,BAG-RS-L3-009,line-3,rolling-stock,Baghdad trainset kitting,2,6016,6048,,,
baghdad:BAG-RS-L3-010:rs-10-material-kit,BAG-RS-L3-010,line-3,rolling-stock,Baghdad trainset kitting,3,6016,6048,,,
baghdad:BAG-RS-L3-011:rs-10-material-kit,BAG-RS-L3-011,line-3,rolling-stock,Baghdad trainset kitting,4,6016,6048,,,
baghdad:BAG-SIG-032:wpt-20-install-commission,BAG-SIG-032,line-2,signalling-comms,wayside systems crew,1,2288,2320,,,
baghdad:BAG-SW-103:sw-20-install-proof,BAG-SW-103,line-2,switch,track/switch crew,2,4408,4440,,,
baghdad:BAG-SW-104:sw-20-install-proof,BAG-SW-104,line-2,switch,track/switch crew,1,4440,4472,,,
baghdad:BAG-WPT-L2-009:wpt-20-install-commission,BAG-WPT-L2-009,line-2,waypoint,wayside systems crew,2,2176,2208,,,
baghdad:BAG-RS-L2-001:rs-50-dynamic-commissioning,BAG-RS-L2-001,line-2,rolling-stock,Baghdad trainset acceptance bays,3,6024,6144,1,6032,6051
baghdad:BAG-RS-L2-018:rs-40-fitout-static-test,BAG-RS-L2-018,line-2,rolling-stock,Baghdad six-car fitout and static test,9,6024,6176,,,
baghdad:BAG-RS-L2-039:rs-30-traction-battery-control,BAG-RS-L2-039,line-2,rolling-stock,Baghdad six-car electrical integration,6,6024,6216,,,
baghdad:BAG-RS-L2-045:rs-25-clip-on-body,BAG-RS-L2-045,line-2,rolling-stock,Baghdad six-car body installation,1,6024,6048,,,
baghdad:BAG-RS-L2-056:rs-23-moulded-body-modules,BAG-RS-L2-056,line-2,rolling-stock,Baghdad six-car composite kits,6,6024,6120,,,
baghdad:BAG-WPT-L2-013:wpt-10-cabinet-bench,BAG-WPT-L2-013,line-2,waypoint,wayside bench,2,1768,1792,,,
baghdad:BAG-EN-057:en-20-energy-commission,BAG-EN-057,line-3,energy,energy crew,1,3480,3520,,,
baghdad:BAG-EN-058:en-20-energy-commission,BAG-EN-058,line-4,energy,energy crew,2,3480,3520,,,
baghdad:BAG-RS-L2-019:rs-40-fitout-static-test,BAG-RS-L2-019,line-2,rolling-stock,Baghdad six-car fitout and static test,10,6032,6184,,,
baghdad:BAG-RS-L2-040:rs-30-traction-battery-control,BAG-RS-L2-040,line-2,rolling-stock,Baghdad six-car electrical integration,7,6032,6224,,,
baghdad:BAG-RS-L2-046:rs-25-clip-on-body,BAG-RS-L2-046,line-2,rolling-stock,Baghdad six-car body installation,3,6032,6056,,,
baghdad:BAG-RS-L2-057:rs-23-moulded-body-modules,BAG-RS-L2-057,line-2,rolling-stock,Baghdad six-car composite kits,7,6032,6128,,,
baghdad:BAG-RS-L2-058:rs-23-moulded-body-modules,BAG-RS-L2-058,line-2,rolling-stock,Baghdad six-car composite kits,8,6032,6128,,,
baghdad:BAG-RS-L2-084:rs-20-carbody-bogie,BAG-RS-L2-084,line-2,rolling-stock,Baghdad six-car structural assembly,21,6032,6264,,,
baghdad:BAG-RS-L2-085:rs-20-carbody-bogie,BAG-RS-L2-085,line-2,rolling-stock,Baghdad six-car structural assembly,22,6032,6264,,,
baghdad:BAG-RS-L2-086:rs-20-carbody-bogie,BAG-RS-L2-086,line-2,rolling-stock,Baghdad six-car structural assembly,23,6032,6264,,,
baghdad:BAG-RS-L2-087:rs-20-carbody-bogie,BAG-RS-L2-087,line-2,rolling-stock,Baghdad six-car structural assembly,24,6032,6264,,,
baghdad:BAG-ST-040:st-20-mep-passenger-systems,BAG-ST-040,line-2,station,station systems crew,1,2712,2792,,,
baghdad:BAG-TRK-L5-018:trk-20-subgrade-drainage,BAG-TRK-L5-018,line-5,track-section,corridor civil crew,1,6032,6176,,,
baghdad:BAG-RS-L2-002:rs-50-dynamic-commissioning,BAG-RS-L2-002,line-2,rolling-stock,Baghdad trainset acceptance bays,4,6040,6160,0,6048,6067
baghdad:BAG-RS-L2-020:rs-40-fitout-static-test,BAG-RS-L2-020,line-2,rolling-stock,Baghdad six-car fitout and static test,11,6040,6192,,,
baghdad:BAG-RS-L2-041:rs-30-traction-battery-control,BAG-RS-L2-041,line-2,rolling-stock,Baghdad six-car electrical integration,8,6040,6232,,,
baghdad:BAG-RS-L2-047:rs-25-clip-on-body,BAG-RS-L2-047,line-2,rolling-stock,Baghdad six-car body installation,2,6040,6064,,,
baghdad:BAG-RS-L2-059:rs-23-moulded-body-modules,BAG-RS-L2-059,line-2,rolling-stock,Baghdad six-car composite kits,9,6040,6136,,,
baghdad:BAG-RS-L2-003:rs-50-dynamic-commissioning,BAG-RS-L2-003,line-2,rolling-stock,Baghdad trainset acceptance bays,5,6048,6168,1,6056,6075
baghdad:BAG-RS-L2-004:rs-50-dynamic-commissioning,BAG-RS-L2-004,line-2,rolling-stock,Baghdad trainset acceptance bays,6,6048,6168,2,6056,6075
baghdad:BAG-RS-L2-021:rs-40-fitout-static-test,BAG-RS-L2-021,line-2,rolling-stock,Baghdad six-car fitout and static test,12,6048,6200,,,
baghdad:BAG-RS-L2-042:rs-30-traction-battery-control,BAG-RS-L2-042,line-2,rolling-stock,Baghdad six-car electrical integration,9,6048,6240,,,
baghdad:BAG-RS-L2-048:rs-25-clip-on-body,BAG-RS-L2-048,line-2,rolling-stock,Baghdad six-car body installation,1,6048,6072,,,
baghdad:BAG-RS-L3-012:rs-10-material-kit,BAG-RS-L3-012,line-3,rolling-stock,Baghdad trainset kitting,1,6048,6080,,,
baghdad:BAG-RS-L3-013:rs-10-material-kit,BAG-RS-L3-013,line-3,rolling-stock,Baghdad trainset kitting,2,6048,6080,,,
baghdad:BAG-RS-L3-014:rs-10-material-kit,BAG-RS-L3-014,line-3,rolling-stock,Baghdad trainset kitting,3,6048,6080,,,
baghdad:BAG-RS-L3-015:rs-10-material-kit,BAG-RS-L3-015,line-3,rolling-stock,Baghdad trainset kitting,4,6048,6080,,,
baghdad:BAG-SW-105:sw-20-install-proof,BAG-SW-105,line-2,switch,track/switch crew,2,4440,4472,,,
baghdad:BAG-SW-106:sw-20-install-proof,BAG-SW-106,line-2,switch,track/switch crew,1,4472,4504,,,
baghdad:BAG-WPT-L2-010:wpt-20-install-commission,BAG-WPT-L2-010,line-2,waypoint,wayside systems crew,2,2232,2264,,,
baghdad:BAG-WPT-L2-013:wpt-20-install-commission,BAG-WPT-L2-013,line-2,waypoint,wayside systems crew,1,2320,2352,,,
baghdad:BAG-RS-L2-022:rs-40-fitout-static-test,BAG-RS-L2-022,line-2,rolling-stock,Baghdad six-car fitout and static test,13,6056,6208,,,
baghdad:BAG-RS-L2-043:rs-30-traction-battery-control,BAG-RS-L2-043,line-2,rolling-stock,Baghdad six-car electrical integration,10,6056,6248,,,
baghdad:BAG-TRK-L4-006:trk-30-trackform-rail,BAG-TRK-L4-006,line-4,track-section,track crew,2,4488,4544,,,
baghdad:BAG-TRK-L5-019:trk-20-subgrade-drainage,BAG-TRK-L5-019,line-5,track-section,corridor civil crew,2,6056,6312,,,
baghdad:BAG-WPT-L2-011:wpt-10-cabinet-bench,BAG-WPT-L2-011,line-2,waypoint,wayside bench,3,1744,1768,,,
baghdad:BAG-RS-L2-005:rs-50-dynamic-commissioning,BAG-RS-L2-005,line-2,rolling-stock,Baghdad trainset acceptance bays,7,6064,6184,0,6072,6091
baghdad:BAG-RS-L2-023:rs-40-fitout-static-test,BAG-RS-L2-023,line-2,rolling-stock,Baghdad six-car fitout and static test,14,6064,6216,,,
baghdad:BAG-RS-L2-044:rs-30-traction-battery-control,BAG-RS-L2-044,line-2,rolling-stock,Baghdad six-car electrical integration,11,6064,6256,,,
baghdad:BAG-RS-L2-049:rs-25-clip-on-body,BAG-RS-L2-049,line-2,rolling-stock,Baghdad six-car body installation,2,6064,6088,,,
baghdad:BAG-RS-L2-050:rs-25-clip-on-body,BAG-RS-L2-050,line-2,rolling-stock,Baghdad six-car body installation,3,6064,6088,,,
baghdad:BAG-RS-L2-060:rs-23-moulded-body-modules,BAG-RS-L2-060,line-2,rolling-stock,Baghdad six-car composite kits,1,6064,6160,,,
baghdad:BAG-RS-L2-061:rs-23-moulded-body-modules,BAG-RS-L2-061,line-2,rolling-stock,Baghdad six-car composite kits,10,6064,6160,,,
baghdad:BAG-RS-L2-062:rs-23-moulded-body-modules,BAG-RS-L2-062,line-2,rolling-stock,Baghdad six-car composite kits,11,6064,6160,,,
baghdad:BAG-RS-L2-088:rs-20-carbody-bogie,BAG-RS-L2-088,line-2,rolling-stock,Baghdad six-car structural assembly,25,6064,6296,,,
baghdad:BAG-RS-L2-089:rs-20-carbody-bogie,BAG-RS-L2-089,line-2,rolling-stock,Baghdad six-car structural assembly,26,6064,6296,,,
baghdad:BAG-ST-033:st-20-mep-passenger-systems,BAG-ST-033,line-2,station,station systems crew,2,2240,2320,,,
baghdad:BAG-EN-059:en-10-energy-build,BAG-EN-059,line-4,energy,energy crew,1,3520,3600,,,
baghdad:BAG-EN-060:en-10-energy-build,BAG-EN-060,line-4,energy,energy crew,2,3520,3600,,,
baghdad:BAG-RS-L2-006:rs-50-dynamic-commissioning,BAG-RS-L2-006,line-2,rolling-stock,Baghdad trainset acceptance bays,8,6072,6192,1,6080,6099
baghdad:BAG-RS-L2-051:rs-25-clip-on-body,BAG-RS-L2-051,line-2,rolling-stock,Baghdad six-car body installation,1,6072,6096,,,
baghdad:BAG-RS-L2-024:rs-40-fitout-static-test,BAG-RS-L2-024,line-2,rolling-stock,Baghdad six-car fitout and static test,15,6080,6232,,,
baghdad:BAG-RS-L2-025:rs-40-fitout-static-test,BAG-RS-L2-025,line-2,rolling-stock,Baghdad six-car fitout and static test,16,6080,6232,,,
baghdad:BAG-RS-L2-045:rs-30-traction-battery-control,BAG-RS-L2-045,line-2,rolling-stock,Baghdad six-car electrical integration,12,6080,6272,,,
baghdad:BAG-RS-L2-046:rs-30-traction-battery-control,BAG-RS-L2-046,line-2,rolling-stock,Baghdad six-car electrical integration,13,6080,6272,,,
baghdad:BAG-RS-L2-063:rs-23-moulded-body-modules,BAG-RS-L2-063,line-2,rolling-stock,Baghdad six-car composite kits,2,6080,6176,,,
baghdad:BAG-RS-L3-016:rs-10-material-kit,BAG-RS-L3-016,line-3,rolling-stock,Baghdad trainset kitting,1,6080,6112,,,
baghdad:BAG-RS-L3-017:rs-10-material-kit,BAG-RS-L3-017,line-3,rolling-stock,Baghdad trainset kitting,2,6080,6112,,,
baghdad:BAG-RS-L3-018:rs-10-material-kit,BAG-RS-L3-018,line-3,rolling-stock,Baghdad trainset kitting,3,6080,6112,,,
baghdad:BAG-RS-L3-019:rs-10-material-kit,BAG-RS-L3-019,line-3,rolling-stock,Baghdad trainset kitting,4,6080,6112,,,
baghdad:BAG-SIG-035:wpt-20-install-commission,BAG-SIG-035,line-2,signalling-comms,wayside systems crew,1,2392,2424,,,
baghdad:BAG-ST-071:st-10-civil-structure,BAG-ST-071,line-4,station,station civil crew,2,4648,4760,,,
baghdad:BAG-ST-080:st-10-civil-structure,BAG-ST-080,line-5,station,station civil crew,1,5176,5288,,,
baghdad:BAG-SW-107:sw-20-install-proof,BAG-SW-107,line-2,switch,track/switch crew,2,4472,4504,,,
baghdad:BAG-SW-108:sw-20-install-proof,BAG-SW-108,line-2,switch,track/switch crew,1,4504,4536,,,
baghdad:BAG-TRK-L4-011:trk-30-trackform-rail,BAG-TRK-L4-011,line-4,track-section,track crew,1,4744,4824,,,
baghdad:BAG-WPT-L2-011:wpt-20-install-commission,BAG-WPT-L2-011,line-2,waypoint,wayside systems crew,2,2288,2320,,,
baghdad:BAG-RS-L2-007:rs-50-dynamic-commissioning,BAG-RS-L2-007,line-2,rolling-stock,Baghdad trainset acceptance bays,9,6088,6208,0,6096,6115
baghdad:BAG-RS-L2-008:rs-50-dynamic-commissioning,BAG-RS-L2-008,line-2,rolling-stock,Baghdad trainset acceptance bays,10,6088,6208,2,6096,6115
baghdad:BAG-RS-L2-047:rs-30-traction-battery-control,BAG-RS-L2-047,line-2,rolling-stock,Baghdad six-car electrical integration,14,6088,6280,,,
baghdad:BAG-RS-L2-052:rs-25-clip-on-body,BAG-RS-L2-052,line-2,rolling-stock,Baghdad six-car body installation,2,6088,6112,,,
baghdad:BAG-WPT-L2-012:wpt-10-cabinet-bench,BAG-WPT-L2-012,line-2,waypoint,wayside bench,1,1768,1792,,,
baghdad:BAG-WPT-L2-014:wpt-10-cabinet-bench,BAG-WPT-L2-014,line-2,waypoint,wayside bench,3,1768,1792,,,
baghdad:BAG-RS-L2-009:rs-50-dynamic-commissioning,BAG-RS-L2-009,line-2,rolling-stock,Baghdad trainset acceptance bays,11,6096,6216,1,6104,6123
baghdad:BAG-RS-L2-026:rs-40-fitout-static-test,BAG-RS-L2-026,line-2,rolling-stock,Baghdad six-car fitout and static test,1,6096,6248,,,
baghdad:BAG-RS-L2-053:rs-25-clip-on-body,BAG-RS-L2-053,line-2,rolling-stock,Baghdad six-car body installation,1,6096,6120,,,
baghdad:BAG-RS-L2-054:rs-25-clip-on-body,BAG-RS-L2-054,line-2,rolling-stock,Baghdad six-car body installation,3,6096,6120,,,
baghdad:BAG-RS-L2-027:rs-40-fitout-static-test,BAG-RS-L2-027,line-2,rolling-stock,Baghdad six-car fitout and static test,2,6104,6256,,,
baghdad:BAG-RS-L2-048:rs-30-traction-battery-control,BAG-RS-L2-048,line-2,rolling-stock,Baghdad six-car electrical integration,15,6104,6296,,,
baghdad:BAG-RS-L2-064:rs-23-moulded-body-modules,BAG-RS-L2-064,line-2,rolling-stock,Baghdad six-car composite kits,3,6104,6200,,,
baghdad:BAG-RS-L2-065:rs-23-moulded-body-modules,BAG-RS-L2-065,line-2,rolling-stock,Baghdad six-car composite kits,4,6104,6200,,,
baghdad:BAG-RS-L2-066:rs-23-moulded-body-modules,BAG-RS-L2-066,line-2,rolling-stock,Baghdad six-car composite kits,5,6104,6200,,,
baghdad:BAG-RS-L2-090:rs-20-carbody-bogie,BAG-RS-L2-090,line-2,rolling-stock,Baghdad six-car structural assembly,1,6104,6336,,,
baghdad:BAG-RS-L2-091:rs-20-carbody-bogie,BAG-RS-L2-091,line-2,rolling-stock,Baghdad six-car structural assembly,2,6104,6336,,,
baghdad:BAG-RS-L2-092:rs-20-carbody-bogie,BAG-RS-L2-092,line-2,rolling-stock,Baghdad six-car structural assembly,3,6104,6336,,,
baghdad:BAG-RS-L2-093:rs-20-carbody-bogie,BAG-RS-L2-093,line-2,rolling-stock,Baghdad six-car structural assembly,4,6104,6336,,,
baghdad:BAG-RS-L2-010:rs-50-dynamic-commissioning,BAG-RS-L2-010,line-2,rolling-stock,Baghdad trainset acceptance bays,12,6112,6232,0,6120,6139
baghdad:BAG-RS-L2-028:rs-40-fitout-static-test,BAG-RS-L2-028,line-2,rolling-stock,Baghdad six-car fitout and static test,17,6112,6264,,,
baghdad:BAG-RS-L2-049:rs-30-traction-battery-control,BAG-RS-L2-049,line-2,rolling-stock,Baghdad six-car electrical integration,16,6112,6304,,,
baghdad:BAG-RS-L2-055:rs-25-clip-on-body,BAG-RS-L2-055,line-2,rolling-stock,Baghdad six-car body installation,2,6112,6136,,,
baghdad:BAG-RS-L3-020:rs-10-material-kit,BAG-RS-L3-020,line-3,rolling-stock,Baghdad trainset kitting,1,6112,6144,,,
baghdad:BAG-RS-L3-021:rs-10-material-kit,BAG-RS-L3-021,line-3,rolling-stock,Baghdad trainset kitting,2,6112,6144,,,
baghdad:BAG-RS-L3-022:rs-10-material-kit,BAG-RS-L3-022,line-3,rolling-stock,Baghdad trainset kitting,3,6112,6144,,,
baghdad:BAG-RS-L3-023:rs-10-material-kit,BAG-RS-L3-023,line-3,rolling-stock,Baghdad trainset kitting,4,6112,6144,,,
baghdad:BAG-ST-042:st-20-mep-passenger-systems,BAG-ST-042,line-3,station,station systems crew,1,2824,2904,,,
baghdad:BAG-SW-109:sw-20-install-proof,BAG-SW-109,line-2,switch,track/switch crew,2,4504,4536,,,
baghdad:BAG-SW-110:sw-20-install-proof,BAG-SW-110,line-2,switch,track/switch crew,1,4536,4568,,,
baghdad:BAG-TRK-L4-007:trk-30-trackform-rail,BAG-TRK-L4-007,line-4,track-section,track crew,2,4544,4600,,,
baghdad:BAG-WPT-L2-002:wpt-20-install-commission,BAG-WPT-L2-002,line-2,waypoint,wayside systems crew,3,1776,1808,,,
baghdad:BAG-WPT-L2-012:wpt-20-install-commission,BAG-WPT-L2-012,line-2,waypoint,wayside systems crew,1,2424,2456,,,
baghdad:BAG-WPT-L2-014:wpt-20-install-commission,BAG-WPT-L2-014,line-2,waypoint,wayside systems crew,2,2392,2424,,,
baghdad:BAG-RS-L2-011:rs-50-dynamic-commissioning,BAG-RS-L2-011,line-2,rolling-stock,Baghdad trainset acceptance bays,13,6120,6240,1,6128,6147
baghdad:BAG-RS-L2-029:rs-40-fitout-static-test,BAG-RS-L2-029,line-2,rolling-stock,Baghdad six-car fitout and static test,3,6120,6272,,,
baghdad:BAG-RS-L2-050:rs-30-traction-battery-control,BAG-RS-L2-050,line-2,rolling-stock,Baghdad six-car electrical integration,17,6120,6312,,,
baghdad:BAG-RS-L2-056:rs-25-clip-on-body,BAG-RS-L2-056,line-2,rolling-stock,Baghdad six-car body installation,1,6120,6144,,,
baghdad:BAG-RS-L2-067:rs-23-moulded-body-modules,BAG-RS-L2-067,line-2,rolling-stock,Baghdad six-car composite kits,6,6120,6216,,,
baghdad:BAG-WPT-L2-015:wpt-10-cabinet-bench,BAG-WPT-L2-015,line-2,waypoint,wayside bench,1,1792,1816,,,
baghdad:BAG-RS-L2-051:rs-30-traction-battery-control,BAG-RS-L2-051,line-2,rolling-stock,Baghdad six-car electrical integration,18,6128,6320,,,
baghdad:BAG-RS-L2-057:rs-25-clip-on-body,BAG-RS-L2-057,line-2,rolling-stock,Baghdad six-car body installation,3,6128,6152,,,
baghdad:BAG-RS-L2-012:rs-50-dynamic-commissioning,BAG-RS-L2-012,line-2,rolling-stock,Baghdad trainset acceptance bays,1,6136,6256,0,6144,6163
baghdad:BAG-RS-L2-013:rs-50-dynamic-commissioning,BAG-RS-L2-013,line-2,rolling-stock,Baghdad trainset acceptance bays,2,6136,6256,2,6144,6163
baghdad:BAG-RS-L2-030:rs-40-fitout-static-test,BAG-RS-L2-030,line-2,rolling-stock,Baghdad six-car fitout and static test,4,6136,6288,,,
baghdad:BAG-RS-L2-031:rs-40-fitout-static-test,BAG-RS-L2-031,line-2,rolling-stock,Baghdad six-car fitout and static test,5,6136,6288,,,
baghdad:BAG-RS-L2-052:rs-30-traction-battery-control,BAG-RS-L2-052,line-2,rolling-stock,Baghdad six-car electrical integration,19,6136,6328,,,
baghdad:BAG-RS-L2-058:rs-25-clip-on-body,BAG-RS-L2-058,line-2,rolling-stock,Baghdad six-car body installation,2,6136,6160,,,
baghdad:BAG-RS-L2-068:rs-23-moulded-body-modules,BAG-RS-L2-068,line-2,rolling-stock,Baghdad six-car composite kits,7,6136,6232,,,
baghdad:BAG-RS-L2-069:rs-23-moulded-body-modules,BAG-RS-L2-069,line-2,rolling-stock,Baghdad six-car composite kits,8,6136,6232,,,
baghdad:BAG-RS-L2-070:rs-23-moulded-body-modules,BAG-RS-L2-070,line-2,rolling-stock,Baghdad six-car composite kits,9,6136,6232,,,
baghdad:BAG-RS-L2-094:rs-20-carbody-bogie,BAG-RS-L2-094,line-2,rolling-stock,Baghdad six-car structural assembly,5,6136,6368,,,
baghdad:BAG-RS-L2-095:rs-20-carbody-bogie,BAG-RS-L2-095,line-2,rolling-stock,Baghdad six-car structural assembly,6,6136,6368,,,
baghdad:BAG-RS-L2-096:rs-20-carbody-bogie,BAG-RS-L2-096,line-2,rolling-stock,Baghdad six-car structural assembly,7,6136,6368,,,
baghdad:BAG-RS-L3-001:rs-20-carbody-bogie,BAG-RS-L3-001,line-3,rolling-stock,Baghdad six-car structural assembly,8,6136,6368,,,
baghdad:BAG-RS-L2-014:rs-50-dynamic-commissioning,BAG-RS-L2-014,line-2,rolling-stock,Baghdad trainset acceptance bays,3,6144,6264,1,6152,6171
baghdad:BAG-RS-L2-032:rs-40-fitout-static-test,BAG-RS-L2-032,line-2,rolling-stock,Baghdad six-car fitout and static test,6,6144,6296,,,
baghdad:BAG-RS-L2-053:rs-30-traction-battery-control,BAG-RS-L2-053,line-2,rolling-stock,Baghdad six-car electrical integration,20,6144,6336,,,
baghdad:BAG-RS-L2-059:rs-25-clip-on-body,BAG-RS-L2-059,line-2,rolling-stock,Baghdad six-car body installation,1,6144,6168,,,
baghdad:BAG-RS-L3-024:rs-10-material-kit,BAG-RS-L3-024,line-3,rolling-stock,Baghdad trainset kitting,1,6144,6176,,,
baghdad:BAG-RS-L3-025:rs-10-material-kit,BAG-RS-L3-025,line-3,rolling-stock,Baghdad trainset kitting,2,6144,6176,,,
baghdad:BAG-RS-L3-026:rs-10-material-kit,BAG-RS-L3-026,line-3,rolling-stock,Baghdad trainset kitting,3,6144,6176,,,
baghdad:BAG-RS-L3-027:rs-10-material-kit,BAG-RS-L3-027,line-3,rolling-stock,Baghdad trainset kitting,4,6144,6176,,,
baghdad:BAG-SIG-024:wpt-20-install-commission,BAG-SIG-024,line-2,signalling-comms,wayside systems crew,3,1952,1984,,,
baghdad:BAG-SIG-036:wpt-20-install-commission,BAG-SIG-036,line-2,signalling-comms,wayside systems crew,1,2544,2576,,,
baghdad:BAG-ST-036:st-20-mep-passenger-systems,BAG-ST-036,line-2,station,station systems crew,2,2408,2488,,,
baghdad:BAG-SW-111:sw-20-install-proof,BAG-SW-111,line-2,switch,track/switch crew,2,4536,4568,,,
baghdad:BAG-SW-112:sw-20-install-proof,BAG-SW-112,line-2,switch,track/switch crew,1,4568,4600,,,
baghdad:BAG-WPT-L2-015:wpt-20-install-commission,BAG-WPT-L2-015,line-2,waypoint,wayside systems crew,2,2544,2576,,,
baghdad:BAG-EN-059:en-20-energy-commission,BAG-EN-059,line-4,energy,energy crew,1,3600,3640,,,
baghdad:BAG-EN-060:en-20-energy-commission,BAG-EN-060,line-4,energy,energy crew,2,3600,3640,,,
baghdad:BAG-RS-L2-054:rs-30-traction-battery-control,BAG-RS-L2-054,line-2,rolling-stock,Baghdad six-car electrical integration,21,6152,6344,,,
baghdad:BAG-WPT-L2-016:wpt-10-cabinet-bench,BAG-WPT-L2-016,line-2,waypoint,wayside bench,2,1792,1816,,,
baghdad:BAG-RS-L2-015:rs-50-dynamic-commissioning,BAG-RS-L2-015,line-2,rolling-stock,Baghdad trainset acceptance bays,4,6160,6280,0,6168,6187
baghdad:BAG-RS-L2-033:rs-40-fitout-static-test,BAG-RS-L2-033,line-2,rolling-stock,Baghdad six-car fitout and static test,7,6160,6312,,,
baghdad:BAG-RS-L2-060:rs-25-clip-on-body,BAG-RS-L2-060,line-2,rolling-stock,Baghdad six-car body installation,2,6160,6184,,,
baghdad:BAG-RS-L2-061:rs-25-clip-on-body,BAG-RS-L2-061,line-2,rolling-stock,Baghdad six-car body installation,3,6160,6184,,,
baghdad:BAG-RS-L2-071:rs-23-moulded-body-modules,BAG-RS-L2-071,line-2,rolling-stock,Baghdad six-car composite kits,1,6160,6256,,,
baghdad:BAG-TRK-L4-012:trk-30-trackform-rail,BAG-TRK-L4-012,line-4,track-section,track crew,1,4872,4984,,,
baghdad:BAG-RS-L2-016:rs-50-dynamic-commissioning,BAG-RS-L2-016,line-2,rolling-stock,Baghdad trainset acceptance bays,5,6168,6288,1,6176,6195
baghdad:BAG-RS-L2-017:rs-50-dynamic-commissioning,BAG-RS-L2-017,line-2,rolling-stock,Baghdad trainset acceptance bays,6,6168,6288,2,6176,6195
baghdad:BAG-RS-L2-062:rs-25-clip-on-body,BAG-RS-L2-062,line-2,rolling-stock,Baghdad six-car body installation,1,6168,6192,,,
baghdad:BAG-RS-L2-072:rs-23-moulded-body-modules,BAG-RS-L2-072,line-2,rolling-stock,Baghdad six-car composite kits,10,6168,6264,,,
baghdad:BAG-RS-L2-073:rs-23-moulded-body-modules,BAG-RS-L2-073,line-2,rolling-stock,Baghdad six-car composite kits,11,6168,6264,,,
baghdad:BAG-RS-L3-002:rs-20-carbody-bogie,BAG-RS-L3-002,line-3,rolling-stock,Baghdad six-car structural assembly,9,6168,6400,,,
baghdad:BAG-RS-L3-003:rs-20-carbody-bogie,BAG-RS-L3-003,line-3,rolling-stock,Baghdad six-car structural assembly,10,6168,6400,,,
baghdad:BAG-RS-L3-004:rs-20-carbody-bogie,BAG-RS-L3-004,line-3,rolling-stock,Baghdad six-car structural assembly,11,6168,6400,,,
baghdad:BAG-RS-L3-005:rs-20-carbody-bogie,BAG-RS-L3-005,line-3,rolling-stock,Baghdad six-car structural assembly,12,6168,6400,,,
baghdad:BAG-TRK-L4-009:trk-30-trackform-rail,BAG-TRK-L4-009,line-4,track-section,track crew,2,4640,4768,,,
baghdad:BAG-RS-L2-034:rs-40-fitout-static-test,BAG-RS-L2-034,line-2,rolling-stock,Baghdad six-car fitout and static test,8,6176,6328,,,
baghdad:BAG-RS-L2-035:rs-40-fitout-static-test,BAG-RS-L2-035,line-2,rolling-stock,Baghdad six-car fitout and static test,9,6176,6328,,,
baghdad:BAG-RS-L2-055:rs-30-traction-battery-control,BAG-RS-L2-055,line-2,rolling-stock,Baghdad six-car electrical integration,1,6176,6368,,,
baghdad:BAG-RS-L2-056:rs-30-traction-battery-control,BAG-RS-L2-056,line-2,rolling-stock,Baghdad six-car electrical integration,2,6176,6368,,,
baghdad:BAG-RS-L2-057:rs-30-traction-battery-control,BAG-RS-L2-057,line-2,rolling-stock,Baghdad six-car electrical integration,3,6176,6368,,,
baghdad:BAG-RS-L2-074:rs-23-moulded-body-modules,BAG-RS-L2-074,line-2,rolling-stock,Baghdad six-car composite kits,2,6176,6272,,,
baghdad:BAG-RS-L3-028:rs-10-material-kit,BAG-RS-L3-028,line-3,rolling-stock,Baghdad trainset kitting,1,6176,6208,,,
baghdad:BAG-RS-L3-029:rs-10-material-kit,BAG-RS-L3-029,line-3,rolling-stock,Baghdad trainset kitting,2,6176,6208,,,
baghdad:BAG-RS-L3-030:rs-10-material-kit,BAG-RS-L3-030,line-3,rolling-stock,Baghdad trainset kitting,3,6176,6208,,,
baghdad:BAG-RS-L3-031:rs-10-material-kit,BAG-RS-L3-031,line-3,rolling-stock,Baghdad trainset kitting,4,6176,6208,,,
baghdad:BAG-SIG-027:wpt-20-install-commission,BAG-SIG-027,line-2,signalling-comms,wayside systems crew,3,2008,2040,,,
baghdad:BAG-SIG-037:wpt-20-install-commission,BAG-SIG-037,line-2,signalling-comms,wayside systems crew,1,2592,2624,,,
baghdad:BAG-SW-113:sw-20-install-proof,BAG-SW-113,line-2,switch,track/switch crew,2,4568,4600,,,
baghdad:BAG-SW-114:sw-20-install-proof,BAG-SW-114,line-2,switch,track/switch crew,1,4600,4632,,,
baghdad:BAG-TRK-L6-001:trk-10-survey-utility,BAG-TRK-L6-001,line-6,track-section,corridor civil crew,1,6176,6208,,,
baghdad:BAG-WPT-L2-016:wpt-20-install-commission,BAG-WPT-L2-016,line-2,waypoint,wayside systems crew,2,2592,2624,,,
baghdad:BAG-RS-L2-018:rs-50-dynamic-commissioning,BAG-RS-L2-018,line-2,rolling-stock,Baghdad trainset acceptance bays,7,6184,6304,0,6192,6211
baghdad:BAG-RS-L2-036:rs-40-fitout-static-test,BAG-RS-L2-036,line-2,rolling-stock,Baghdad six-car fitout and static test,10,6184,6336,,,
baghdad:BAG-RS-L2-063:rs-25-clip-on-body,BAG-RS-L2-063,line-2,rolling-stock,Baghdad six-car body installation,2,6184,6208,,,
baghdad:BAG-WPT-L2-017:wpt-10-cabinet-bench,BAG-WPT-L2-017,line-2,waypoint,wayside bench,3,1792,1816,,,
baghdad:BAG-EN-061:en-10-energy-build,BAG-EN-061,line-4,energy,energy crew,1,3640,3720,,,
baghdad:BAG-EN-062:en-10-energy-build,BAG-EN-062,line-4,energy,energy crew,2,3640,3720,,,
baghdad:BAG-RS-L2-019:rs-50-dynamic-commissioning,BAG-RS-L2-019,line-2,rolling-stock,Baghdad trainset acceptance bays,8,6192,6312,1,6200,6219
baghdad:BAG-ST-044:st-20-mep-passenger-systems,BAG-ST-044,line-3,station,station systems crew,1,2960,3040,,,
baghdad:BAG-ST-073:st-10-civil-structure,BAG-ST-073,line-4,station,station civil crew,2,4760,4872,,,
baghdad:BAG-ST-082:st-10-civil-structure,BAG-ST-082,line-5,station,station civil crew,1,5288,5400,,,
baghdad:BAG-RS-L2-037:rs-40-fitout-static-test,BAG-RS-L2-037,line-2,rolling-stock,Baghdad six-car fitout and static test,11,6200,6352,,,
baghdad:BAG-RS-L2-058:rs-30-traction-battery-control,BAG-RS-L2-058,line-2,rolling-stock,Baghdad six-car electrical integration,4,6200,6392,,,
baghdad:BAG-RS-L2-064:rs-25-clip-on-body,BAG-RS-L2-064,line-2,rolling-stock,Baghdad six-car body installation,1,6200,6224,,,
baghdad:BAG-RS-L2-065:rs-25-clip-on-body,BAG-RS-L2-065,line-2,rolling-stock,Baghdad six-car body installation,3,6200,6224,,,
baghdad:BAG-RS-L2-075:rs-23-moulded-body-modules,BAG-RS-L2-075,line-2,rolling-stock,Baghdad six-car composite kits,3,6200,6296,,,
baghdad:BAG-RS-L2-076:rs-23-moulded-body-modules,BAG-RS-L2-076,line-2,rolling-stock,Baghdad six-car composite kits,4,6200,6296,,,
baghdad:BAG-RS-L2-077:rs-23-moulded-body-modules,BAG-RS-L2-077,line-2,rolling-stock,Baghdad six-car composite kits,5,6200,6296,,,
baghdad:BAG-RS-L3-006:rs-20-carbody-bogie,BAG-RS-L3-006,line-3,rolling-stock,Baghdad six-car structural assembly,13,6200,6432,,,
baghdad:BAG-RS-L3-007:rs-20-carbody-bogie,BAG-RS-L3-007,line-3,rolling-stock,Baghdad six-car structural assembly,14,6200,6432,,,
baghdad:BAG-RS-L3-008:rs-20-carbody-bogie,BAG-RS-L3-008,line-3,rolling-stock,Baghdad six-car structural assembly,15,6200,6432,,,
baghdad:BAG-RS-L3-009:rs-20-carbody-bogie,BAG-RS-L3-009,line-3,rolling-stock,Baghdad six-car structural assembly,16,6200,6432,,,
baghdad:BAG-RS-L2-020:rs-50-dynamic-commissioning,BAG-RS-L2-020,line-2,rolling-stock,Baghdad trainset acceptance bays,9,6208,6328,0,6216,6235
baghdad:BAG-RS-L2-021:rs-50-dynamic-commissioning,BAG-RS-L2-021,line-2,rolling-stock,Baghdad trainset acceptance bays,10,6208,6328,2,6216,6235
baghdad:BAG-RS-L2-038:rs-40-fitout-static-test,BAG-RS-L2-038,line-2,rolling-stock,Baghdad six-car fitout and static test,12,6208,6360,,,
baghdad:BAG-RS-L2-059:rs-30-traction-battery-control,BAG-RS-L2-059,line-2,rolling-stock,Baghdad six-car electrical integration,5,6208,6400,,,
baghdad:BAG-RS-L2-066:rs-25-clip-on-body,BAG-RS-L2-066,line-2,rolling-stock,Baghdad six-car body installation,2,6208,6232,,,
baghdad:BAG-RS-L3-032:rs-10-material-kit,BAG-RS-L3-032,line-3,rolling-stock,Baghdad trainset kitting,1,6208,6240,,,
baghdad:BAG-RS-L3-033:rs-10-material-kit,BAG-RS-L3-033,line-3,rolling-stock,Baghdad trainset kitting,2,6208,6240,,,
baghdad:BAG-RS-L3-034:rs-10-material-kit,BAG-RS-L3-034,line-3,rolling-stock,Baghdad trainset kitting,3,6208,6240,,,
baghdad:BAG-RS-L3-035:rs-10-material-kit,BAG-RS-L3-035,line-3,rolling-stock,Baghdad trainset kitting,4,6208,6240,,,
baghdad:BAG-SIG-029:wpt-20-install-commission,BAG-SIG-029,line-2,signalling-comms,wayside systems crew,3,2096,2128,,,
baghdad:BAG-SIG-038:wpt-20-install-commission,BAG-SIG-038,line-2,signalling-comms,wayside systems crew,1,2704,2736,,,
baghdad:BAG-SW-115:sw-20-install-proof,BAG-SW-115,line-2,switch,track/switch crew,2,4600,4632,,,
baghdad:BAG-SW-116:sw-20-install-proof,BAG-SW-116,line-2,switch,track/switch crew,1,4632,4664,,,
baghdad:BAG-TRK-L6-001:trk-20-subgrade-drainage,BAG-TRK-L6-001,line-6,track-section,corridor civil crew,1,6208,6352,,,
baghdad:BAG-WPT-L2-017:wpt-20-install-commission,BAG-WPT-L2-017,line-2,waypoint,wayside systems crew,2,2704,2736,,,
baghdad:BAG-RS-L2-022:rs-50-dynamic-commissioning,BAG-RS-L2-022,line-2,rolling-stock,Baghdad trainset acceptance bays,11,6216,6336,1,6224,6243
baghdad:BAG-RS-L2-039:rs-40-fitout-static-test,BAG-RS-L2-039,line-2,rolling-stock,Baghdad six-car fitout and static test,13,6216,6368,,,
baghdad:BAG-RS-L2-060:rs-30-traction-battery-control,BAG-RS-L2-060,line-2,rolling-stock,Baghdad six-car electrical integration,6,6216,6408,,,
baghdad:BAG-RS-L2-078:rs-23-moulded-body-modules,BAG-RS-L2-078,line-2,rolling-stock,Baghdad six-car composite kits,6,6216,6312,,,
baghdad:BAG-WPT-L2-018:wpt-10-cabinet-bench,BAG-WPT-L2-018,line-2,waypoint,wayside bench,1,1816,1840,,,
baghdad:BAG-RS-L2-040:rs-40-fitout-static-test,BAG-RS-L2-040,line-2,rolling-stock,Baghdad six-car fitout and static test,14,6224,6376,,,
baghdad:BAG-RS-L2-061:rs-30-traction-battery-control,BAG-RS-L2-061,line-2,rolling-stock,Baghdad six-car electrical integration,7,6224,6416,,,
baghdad:BAG-RS-L2-067:rs-25-clip-on-body,BAG-RS-L2-067,line-2,rolling-stock,Baghdad six-car body installation,1,6224,6248,,,
baghdad:BAG-ST-038:st-20-mep-passenger-systems,BAG-ST-038,line-2,station,station systems crew,2,2560,2640,,,
baghdad:BAG-RS-L2-023:rs-50-dynamic-commissioning,BAG-RS-L2-023,line-2,rolling-stock,Baghdad trainset acceptance bays,12,6232,6352,0,6240,6259
baghdad:BAG-RS-L2-041:rs-40-fitout-static-test,BAG-RS-L2-041,line-2,rolling-stock,Baghdad six-car fitout and static test,15,6232,6384,,,
baghdad:BAG-RS-L2-062:rs-30-traction-battery-control,BAG-RS-L2-062,line-2,rolling-stock,Baghdad six-car electrical integration,8,6232,6424,,,
baghdad:BAG-RS-L2-068:rs-25-clip-on-body,BAG-RS-L2-068,line-2,rolling-stock,Baghdad six-car body installation,2,6232,6256,,,
baghdad:BAG-RS-L2-069:rs-25-clip-on-body,BAG-RS-L2-069,line-2,rolling-stock,Baghdad six-car body installation,3,6232,6256,,,
baghdad:BAG-RS-L2-079:rs-23-moulded-body-modules,BAG-RS-L2-079,line-2,rolling-stock,Baghdad six-car composite kits,7,6232,6328,,,
baghdad:BAG-RS-L2-080:rs-23-moulded-body-modules,BAG-RS-L2-080,line-2,rolling-stock,Baghdad six-car composite kits,8,6232,6328,,,
baghdad:BAG-RS-L2-081:rs-23-moulded-body-modules,BAG-RS-L2-081,line-2,rolling-stock,Baghdad six-car composite kits,9,6232,6328,,,
baghdad:BAG-RS-L3-010:rs-20-carbody-bogie,BAG-RS-L3-010,line-3,rolling-stock,Baghdad six-car structural assembly,17,6232,6464,,,
baghdad:BAG-RS-L3-011:rs-20-carbody-bogie,BAG-RS-L3-011,line-3,rolling-stock,Baghdad six-car structural assembly,18,6232,6464,,,
baghdad:BAG-RS-L3-012:rs-20-carbody-bogie,BAG-RS-L3-012,line-3,rolling-stock,Baghdad six-car structural assembly,19,6232,6464,,,
baghdad:BAG-RS-L3-013:rs-20-carbody-bogie,BAG-RS-L3-013,line-3,rolling-stock,Baghdad six-car structural assembly,20,6232,6464,,,
baghdad:BAG-RS-L2-024:rs-50-dynamic-commissioning,BAG-RS-L2-024,line-2,rolling-stock,Baghdad trainset acceptance bays,13,6240,6360,1,6248,6267
baghdad:BAG-RS-L2-042:rs-40-fitout-static-test,BAG-RS-L2-042,line-2,rolling-stock,Baghdad six-car fitout and static test,16,6240,6392,,,
baghdad:BAG-RS-L2-063:rs-30-traction-battery-control,BAG-RS-L2-063,line-2,rolling-stock,Baghdad six-car electrical integration,9,6240,6432,,,
baghdad:BAG-RS-L3-036:rs-10-material-kit,BAG-RS-L3-036,line-3,rolling-stock,Baghdad trainset kitting,1,6240,6272,,,
baghdad:BAG-RS-L3-037:rs-10-material-kit,BAG-RS-L3-037,line-3,rolling-stock,Baghdad trainset kitting,2,6240,6272,,,
baghdad:BAG-RS-L3-038:rs-10-material-kit,BAG-RS-L3-038,line-3,rolling-stock,Baghdad trainset kitting,3,6240,6272,,,
baghdad:BAG-RS-L3-039:rs-10-material-kit,BAG-RS-L3-039,line-3,rolling-stock,Baghdad trainset kitting,4,6240,6272,,,
baghdad:BAG-SIG-034:wpt-20-install-commission,BAG-SIG-034,line-2,signalling-comms,wayside systems crew,3,2312,2344,,,
baghdad:BAG-SIG-039:wpt-20-install-commission,BAG-SIG-039,line-2,signalling-comms,wayside systems crew,1,2736,2768,,,
baghdad:BAG-SW-117:sw-20-install-proof,BAG-SW-117,line-2,switch,track/switch crew,2,4632,4664,,,
baghdad:BAG-SW-118:sw-20-install-proof,BAG-SW-118,line-2,switch,track/switch crew,1,4664,4696,,,
baghdad:BAG-WPT-L2-018:wpt-20-install-commission,BAG-WPT-L2-018,line-2,waypoint,wayside systems crew,2,2736,2768,,,
baghdad:BAG-RS-L2-043:rs-40-fitout-static-test,BAG-RS-L2-043,line-2,rolling-stock,Baghdad six-car fitout and static test,1,6248,6400,,,
baghdad:BAG-RS-L2-064:rs-30-traction-battery-control,BAG-RS-L2-064,line-2,rolling-stock,Baghdad six-car electrical integration,10,6248,6440,,,
baghdad:BAG-RS-L2-070:rs-25-clip-on-body,BAG-RS-L2-070,line-2,rolling-stock,Baghdad six-car body installation,1,6248,6272,,,
baghdad:BAG-WPT-L2-019:wpt-10-cabinet-bench,BAG-WPT-L2-019,line-2,waypoint,wayside bench,2,1816,1840,,,
baghdad:BAG-RS-L2-025:rs-50-dynamic-commissioning,BAG-RS-L2-025,line-2,rolling-stock,Baghdad trainset acceptance bays,1,6256,6376,0,6264,6283
baghdad:BAG-RS-L2-026:rs-50-dynamic-commissioning,BAG-RS-L2-026,line-2,rolling-stock,Baghdad trainset acceptance bays,2,6256,6376,2,6264,6283
baghdad:BAG-RS-L2-044:rs-40-fitout-static-test,BAG-RS-L2-044,line-2,rolling-stock,Baghdad six-car fitout and static test,2,6256,6408,,,
baghdad:BAG-RS-L2-065:rs-30-traction-battery-control,BAG-RS-L2-065,line-2,rolling-stock,Baghdad six-car electrical integration,11,6256,6448,,,
baghdad:BAG-RS-L2-071:rs-25-clip-on-body,BAG-RS-L2-071,line-2,rolling-stock,Baghdad six-car body installation,2,6256,6280,,,
baghdad:BAG-RS-L2-082:rs-23-moulded-body-modules,BAG-RS-L2-082,line-2,rolling-stock,Baghdad six-car composite kits,1,6256,6352,,,
baghdad:BAG-RS-L2-027:rs-50-dynamic-commissioning,BAG-RS-L2-027,line-2,rolling-stock,Baghdad trainset acceptance bays,3,6264,6384,1,6272,6291
baghdad:BAG-RS-L2-072:rs-25-clip-on-body,BAG-RS-L2-072,line-2,rolling-stock,Baghdad six-car body installation,3,6264,6288,,,
baghdad:BAG-RS-L2-083:rs-23-moulded-body-modules,BAG-RS-L2-083,line-2,rolling-stock,Baghdad six-car composite kits,10,6264,6360,,,
baghdad:BAG-RS-L2-084:rs-23-moulded-body-modules,BAG-RS-L2-084,line-2,rolling-stock,Baghdad six-car composite kits,11,6264,6360,,,
baghdad:BAG-RS-L3-014:rs-20-carbody-bogie,BAG-RS-L3-014,line-3,rolling-stock,Baghdad six-car structural assembly,21,6264,6496,,,
baghdad:BAG-RS-L3-015:rs-20-carbody-bogie,BAG-RS-L3-015,line-3,rolling-stock,Baghdad six-car structural assembly,22,6264,6496,,,
baghdad:BAG-RS-L3-016:rs-20-carbody-bogie,BAG-RS-L3-016,line-3,rolling-stock,Baghdad six-car structural assembly,23,6264,6496,,,
baghdad:BAG-RS-L3-017:rs-20-carbody-bogie,BAG-RS-L3-017,line-3,rolling-stock,Baghdad six-car structural assembly,24,6264,6496,,,
baghdad:BAG-EN-061:en-20-energy-commission,BAG-EN-061,line-4,energy,energy crew,1,3720,3760,,,
baghdad:BAG-EN-062:en-20-energy-commission,BAG-EN-062,line-4,energy,energy crew,2,3720,3760,,,
baghdad:BAG-RS-L2-045:rs-40-fitout-static-test,BAG-RS-L2-045,line-2,rolling-stock,Baghdad six-car fitout and static test,3,6272,6424,,,
baghdad:BAG-RS-L2-046:rs-40-fitout-static-test,BAG-RS-L2-046,line-2,rolling-stock,Baghdad six-car fitout and static test,17,6272,6424,,,
baghdad:BAG-RS-L2-066:rs-30-traction-battery-control,BAG-RS-L2-066,line-2,rolling-stock,Baghdad six-car electrical integration,12,6272,6464,,,
baghdad:BAG-RS-L2-067:rs-30-traction-battery-control,BAG-RS-L2-067,line-2,rolling-stock,Baghdad six-car electrical integration,13,6272,6464,,,
baghdad:BAG-RS-L2-073:rs-25-clip-on-body,BAG-RS-L2-073,line-2,rolling-stock,Baghdad six-car body installation,1,6272,6296,,,
baghdad:BAG-RS-L2-085:rs-23-moulded-body-modules,BAG-RS-L2-085,line-2,rolling-stock,Baghdad six-car composite kits,2,6272,6368,,,
baghdad:BAG-RS-L3-040:rs-10-material-kit,BAG-RS-L3-040,line-3,rolling-stock,Baghdad trainset kitting,1,6272,6304,,,
baghdad:BAG-RS-L3-041:rs-10-material-kit,BAG-RS-L3-041,line-3,rolling-stock,Baghdad trainset kitting,2,6272,6304,,,
baghdad:BAG-RS-L3-042:rs-10-material-kit,BAG-RS-L3-042,line-3,rolling-stock,Baghdad trainset kitting,3,6272,6304,,,
baghdad:BAG-RS-L3-043:rs-10-material-kit,BAG-RS-L3-043,line-3,rolling-stock,Baghdad trainset kitting,4,6272,6304,,,
baghdad:BAG-SIG-033:wpt-20-install-commission,BAG-SIG-033,line-2,signalling-comms,wayside systems crew,3,2416,2448,,,
baghdad:BAG-SIG-040:wpt-20-install-commission,BAG-SIG-040,line-2,signalling-comms,wayside systems crew,1,2840,2872,,,
baghdad:BAG-ST-046:st-20-mep-passenger-systems,BAG-ST-046,line-3,station,station systems crew,1,3168,3248,,,
baghdad:BAG-SW-119:sw-20-install-proof,BAG-SW-119,line-2,switch,track/switch crew,2,4664,4696,,,
baghdad:BAG-SW-120:sw-20-install-proof,BAG-SW-120,line-2,switch,track/switch crew,1,4696,4728,,,
baghdad:BAG-TRK-L4-014:trk-30-trackform-rail,BAG-TRK-L4-014,line-4,track-section,track crew,1,5000,5104,,,
baghdad:BAG-WPT-L2-019:wpt-20-install-commission,BAG-WPT-L2-019,line-2,waypoint,wayside systems crew,2,2840,2872,,,
baghdad:BAG-RS-L2-028:rs-50-dynamic-commissioning,BAG-RS-L2-028,line-2,rolling-stock,Baghdad trainset acceptance bays,4,6280,6400,0,6288,6307
baghdad:BAG-RS-L2-068:rs-30-traction-battery-control,BAG-RS-L2-068,line-2,rolling-stock,Baghdad six-car electrical integration,14,6280,6472,,,
baghdad:BAG-RS-L2-074:rs-25-clip-on-body,BAG-RS-L2-074,line-2,rolling-stock,Baghdad six-car body installation,2,6280,6304,,,
baghdad:BAG-RS-L2-029:rs-50-dynamic-commissioning,BAG-RS-L2-029,line-2,rolling-stock,Baghdad trainset acceptance bays,5,6288,6408,1,6296,6315
baghdad:BAG-RS-L2-030:rs-50-dynamic-commissioning,BAG-RS-L2-030,line-2,rolling-stock,Baghdad trainset acceptance bays,6,6288,6408,2,6296,6315
baghdad:BAG-RS-L2-047:rs-40-fitout-static-test,BAG-RS-L2-047,line-2,rolling-stock,Baghdad six-car fitout and static test,4,6288,6440,,,
baghdad:BAG-RS-L2-048:rs-40-fitout-static-test,BAG-RS-L2-048,line-2,rolling-stock,Baghdad six-car fitout and static test,5,6296,6448,,,
baghdad:BAG-RS-L2-069:rs-30-traction-battery-control,BAG-RS-L2-069,line-2,rolling-stock,Baghdad six-car electrical integration,15,6296,6488,,,
baghdad:BAG-RS-L2-075:rs-25-clip-on-body,BAG-RS-L2-075,line-2,rolling-stock,Baghdad six-car body installation,1,6296,6320,,,
baghdad:BAG-RS-L2-076:rs-25-clip-on-body,BAG-RS-L2-076,line-2,rolling-stock,Baghdad six-car body installation,3,6296,6320,,,
baghdad:BAG-RS-L2-086:rs-23-moulded-body-modules,BAG-RS-L2-086,line-2,rolling-stock,Baghdad six-car composite kits,3,6296,6392,,,
baghdad:BAG-RS-L2-087:rs-23-moulded-body-modules,BAG-RS-L2-087,line-2,rolling-stock,Baghdad six-car composite kits,4,6296,6392,,,
baghdad:BAG-RS-L2-088:rs-23-moulded-body-modules,BAG-RS-L2-088,line-2,rolling-stock,Baghdad six-car composite kits,5,6296,6392,,,
baghdad:BAG-RS-L3-018:rs-20-carbody-bogie,BAG-RS-L3-018,line-3,rolling-stock,Baghdad six-car structural assembly,25,6296,6528,,,
baghdad:BAG-RS-L3-019:rs-20-carbody-bogie,BAG-RS-L3-019,line-3,rolling-stock,Baghdad six-car structural assembly,26,6296,6528,,,
baghdad:BAG-TRK-L4-010:trk-30-trackform-rail,BAG-TRK-L4-010,line-4,track-section,track crew,2,4800,4952,,,
baghdad:BAG-RS-L2-031:rs-50-dynamic-commissioning,BAG-RS-L2-031,line-2,rolling-stock,Baghdad trainset acceptance bays,7,6304,6424,0,6312,6331
baghdad:BAG-RS-L2-049:rs-40-fitout-static-test,BAG-RS-L2-049,line-2,rolling-stock,Baghdad six-car fitout and static test,6,6304,6456,,,
baghdad:BAG-RS-L2-070:rs-30-traction-battery-control,BAG-RS-L2-070,line-2,rolling-stock,Baghdad six-car electrical integration,16,6304,6496,,,
baghdad:BAG-RS-L2-077:rs-25-clip-on-body,BAG-RS-L2-077,line-2,rolling-stock,Baghdad six-car body installation,2,6304,6328,,,
baghdad:BAG-RS-L3-044:rs-10-material-kit,BAG-RS-L3-044,line-3,rolling-stock,Baghdad trainset kitting,1,6304,6336,,,
baghdad:BAG-RS-L3-045:rs-10-material-kit,BAG-RS-L3-045,line-3,rolling-stock,Baghdad trainset kitting,2,6304,6336,,,
baghdad:BAG-RS-L3-046:rs-10-material-kit,BAG-RS-L3-046,line-3,rolling-stock,Baghdad trainset kitting,3,6304,6336,,,
baghdad:BAG-RS-L3-047:rs-10-material-kit,BAG-RS-L3-047,line-3,rolling-stock,Baghdad trainset kitting,4,6304,6336,,,
baghdad:BAG-ST-075:st-10-civil-structure,BAG-ST-075,line-4,station,station civil crew,2,4896,5008,,,
baghdad:BAG-ST-084:st-10-civil-structure,BAG-ST-084,line-5,station,station civil crew,1,5400,5512,,,
baghdad:BAG-EN-063:en-10-energy-build,BAG-EN-063,line-4,energy,energy crew,1,3760,3840,,,
baghdad:BAG-EN-064:en-10-energy-build,BAG-EN-064,line-4,energy,energy crew,2,3760,3840,,,
baghdad:BAG-RS-L2-032:rs-50-dynamic-commissioning,BAG-RS-L2-032,line-2,rolling-stock,Baghdad trainset acceptance bays,8,6312,6432,1,6320,6339
baghdad:BAG-RS-L2-050:rs-40-fitout-static-test,BAG-RS-L2-050,line-2,rolling-stock,Baghdad six-car fitout and static test,7,6312,6464,,,
baghdad:BAG-RS-L2-071:rs-30-traction-battery-control,BAG-RS-L2-071,line-2,rolling-stock,Baghdad six-car electrical integration,17,6312,6504,,,
baghdad:BAG-RS-L2-089:rs-23-moulded-body-modules,BAG-RS-L2-089,line-2,rolling-stock,Baghdad six-car composite kits,6,6312,6408,,,
baghdad:BAG-TRK-L6-002:trk-10-survey-utility,BAG-TRK-L6-002,line-6,track-section,corridor civil crew,2,6312,6344,,,
baghdad:BAG-RS-L2-072:rs-30-traction-battery-control,BAG-RS-L2-072,line-2,rolling-stock,Baghdad six-car electrical integration,18,6320,6512,,,
baghdad:BAG-RS-L2-078:rs-25-clip-on-body,BAG-RS-L2-078,line-2,rolling-stock,Baghdad six-car body installation,1,6320,6344,,,
baghdad:BAG-RS-L2-033:rs-50-dynamic-commissioning,BAG-RS-L2-033,line-2,rolling-stock,Baghdad trainset acceptance bays,9,6328,6448,0,6336,6355
baghdad:BAG-RS-L2-034:rs-50-dynamic-commissioning,BAG-RS-L2-034,line-2,rolling-stock,Baghdad trainset acceptance bays,10,6328,6448,2,6336,6355
baghdad:BAG-RS-L2-051:rs-40-fitout-static-test,BAG-RS-L2-051,line-2,rolling-stock,Baghdad six-car fitout and static test,8,6328,6480,,,
baghdad:BAG-RS-L2-052:rs-40-fitout-static-test,BAG-RS-L2-052,line-2,rolling-stock,Baghdad six-car fitout and static test,9,6328,6480,,,
baghdad:BAG-RS-L2-073:rs-30-traction-battery-control,BAG-RS-L2-073,line-2,rolling-stock,Baghdad six-car electrical integration,19,6328,6520,,,
baghdad:BAG-RS-L2-079:rs-25-clip-on-body,BAG-RS-L2-079,line-2,rolling-stock,Baghdad six-car body installation,2,6328,6352,,,
baghdad:BAG-RS-L2-080:rs-25-clip-on-body,BAG-RS-L2-080,line-2,rolling-stock,Baghdad six-car body installation,3,6328,6352,,,
baghdad:BAG-RS-L2-035:rs-50-dynamic-commissioning,BAG-RS-L2-035,line-2,rolling-stock,Baghdad trainset acceptance bays,11,6336,6456,1,6344,6363
baghdad:BAG-RS-L2-053:rs-40-fitout-static-test,BAG-RS-L2-053,line-2,rolling-stock,Baghdad six-car fitout and static test,10,6336,6488,,,
baghdad:BAG-RS-L2-074:rs-30-traction-battery-control,BAG-RS-L2-074,line-2,rolling-stock,Baghdad six-car electrical integration,20,6336,6528,,,
baghdad:BAG-RS-L2-090:rs-23-moulded-body-modules,BAG-RS-L2-090,line-2,rolling-stock,Baghdad six-car composite kits,7,6336,6432,,,
baghdad:BAG-RS-L2-091:rs-23-moulded-body-modules,BAG-RS-L2-091,line-2,rolling-stock,Baghdad six-car composite kits,8,6336,6432,,,
baghdad:BAG-RS-L2-092:rs-23-moulded-body-modules,BAG-RS-L2-092,line-2,rolling-stock,Baghdad six-car composite kits,9,6336,6432,,,
baghdad:BAG-RS-L3-020:rs-20-carbody-bogie,BAG-RS-L3-020,line-3,rolling-stock,Baghdad six-car structural assembly,1,6336,6568,,,
baghdad:BAG-RS-L3-021:rs-20-carbody-bogie,BAG-RS-L3-021,line-3,rolling-stock,Baghdad six-car structural assembly,2,6336,6568,,,
baghdad:BAG-RS-L3-022:rs-20-carbody-bogie,BAG-RS-L3-022,line-3,rolling-stock,Baghdad six-car structural assembly,3,6336,6568,,,
baghdad:BAG-RS-L3-023:rs-20-carbody-bogie,BAG-RS-L3-023,line-3,rolling-stock,Baghdad six-car structural assembly,4,6336,6568,,,
baghdad:BAG-RS-L3-048:rs-10-material-kit,BAG-RS-L3-048,line-3,rolling-stock,Baghdad trainset kitting,1,6336,6368,,,
baghdad:BAG-RS-L3-049:rs-10-material-kit,BAG-RS-L3-049,line-3,rolling-stock,Baghdad trainset kitting,2,6336,6368,,,
baghdad:BAG-RS-L3-050:rs-10-material-kit,BAG-RS-L3-050,line-3,rolling-stock,Baghdad trainset kitting,3,6336,6368,,,
baghdad:BAG-RS-L3-051:rs-10-material-kit,BAG-RS-L3-051,line-3,rolling-stock,Baghdad trainset kitting,4,6336,6368,,,
baghdad:BAG-RS-L2-075:rs-30-traction-battery-control,BAG-RS-L2-075,line-2,rolling-stock,Baghdad six-car electrical integration,21,6344,6536,,,
baghdad:BAG-RS-L2-081:rs-25-clip-on-body,BAG-RS-L2-081,line-2,rolling-stock,Baghdad six-car body installation,1,6344,6368,,,
baghdad:BAG-TRK-L6-002:trk-20-subgrade-drainage,BAG-TRK-L6-002,line-6,track-section,corridor civil crew,2,6344,6488,,,
baghdad:BAG-RS-L2-036:rs-50-dynamic-commissioning,BAG-RS-L2-036,line-2,rolling-stock,Baghdad trainset acceptance bays,12,6352,6472,0,6360,6379
baghdad:BAG-RS-L2-054:rs-40-fitout-static-test,BAG-RS-L2-054,line-2,rolling-stock,Baghdad six-car fitout and static test,11,6352,6504,,,
baghdad:BAG-RS-L2-082:rs-25-clip-on-body,BAG-RS-L2-082,line-2,rolling-stock,Baghdad six-car body installation,2,6352,6376,,,
baghdad:BAG-RS-L2-093:rs-23-moulded-body-modules,BAG-RS-L2-093,line-2,rolling-stock,Baghdad six-car composite kits,1,6352,6448,,,
baghdad:BAG-ST-041:st-20-mep-passenger-systems,BAG-ST-041,line-3,station,station systems crew,2,2760,2840,,,
baghdad:BAG-ST-048:st-20-mep-passenger-systems,BAG-ST-048,line-3,station,station systems crew,1,3288,3368,,,
baghdad:BAG-TRK-L6-003:trk-10-survey-utility,BAG-TRK-L6-003,line-6,track-section,corridor civil crew,1,6352,6384,,,
baghdad:BAG-RS-L2-037:rs-50-dynamic-commissioning,BAG-RS-L2-037,line-2,rolling-stock,Baghdad trainset acceptance bays,13,6360,6480,1,6368,6387
baghdad:BAG-RS-L2-083:rs-25-clip-on-body,BAG-RS-L2-083,line-2,rolling-stock,Baghdad six-car body installation,3,6360,6384,,,
baghdad:BAG-RS-L2-055:rs-40-fitout-static-test,BAG-RS-L2-055,line-2,rolling-stock,Baghdad six-car fitout and static test,12,6368,6520,,,
baghdad:BAG-RS-L2-056:rs-40-fitout-static-test,BAG-RS-L2-056,line-2,rolling-stock,Baghdad six-car fitout and static test,13,6368,6520,,,
baghdad:BAG-RS-L2-076:rs-30-traction-battery-control,BAG-RS-L2-076,line-2,rolling-stock,Baghdad six-car electrical integration,1,6368,6560,,,
baghdad:BAG-RS-L2-077:rs-30-traction-battery-control,BAG-RS-L2-077,line-2,rolling-stock,Baghdad six-car electrical integration,2,6368,6560,,,
baghdad:BAG-RS-L2-078:rs-30-traction-battery-control,BAG-RS-L2-078,line-2,rolling-stock,Baghdad six-car electrical integration,3,6368,6560,,,
baghdad:BAG-RS-L2-084:rs-25-clip-on-body,BAG-RS-L2-084,line-2,rolling-stock,Baghdad six-car body installation,1,6368,6392,,,
baghdad:BAG-RS-L2-094:rs-23-moulded-body-modules,BAG-RS-L2-094,line-2,rolling-stock,Baghdad six-car composite kits,2,6368,6464,,,
baghdad:BAG-RS-L2-095:rs-23-moulded-body-modules,BAG-RS-L2-095,line-2,rolling-stock,Baghdad six-car composite kits,10,6368,6464,,,
baghdad:BAG-RS-L2-096:rs-23-moulded-body-modules,BAG-RS-L2-096,line-2,rolling-stock,Baghdad six-car composite kits,11,6368,6464,,,
baghdad:BAG-RS-L3-024:rs-20-carbody-bogie,BAG-RS-L3-024,line-3,rolling-stock,Baghdad six-car structural assembly,5,6368,6600,,,
baghdad:BAG-RS-L3-025:rs-20-carbody-bogie,BAG-RS-L3-025,line-3,rolling-stock,Baghdad six-car structural assembly,6,6368,6600,,,
baghdad:BAG-RS-L3-026:rs-20-carbody-bogie,BAG-RS-L3-026,line-3,rolling-stock,Baghdad six-car structural assembly,7,6368,6600,,,
baghdad:BAG-RS-L3-027:rs-20-carbody-bogie,BAG-RS-L3-027,line-3,rolling-stock,Baghdad six-car structural assembly,8,6368,6600,,,
baghdad:BAG-RS-L3-052:rs-10-material-kit,BAG-RS-L3-052,line-3,rolling-stock,Baghdad trainset kitting,1,6368,6400,,,
baghdad:BAG-RS-L3-053:rs-10-material-kit,BAG-RS-L3-053,line-3,rolling-stock,Baghdad trainset kitting,2,6368,6400,,,
baghdad:BAG-RS-L3-054:rs-10-material-kit,BAG-RS-L3-054,line-3,rolling-stock,Baghdad trainset kitting,3,6368,6400,,,
baghdad:BAG-RS-L3-055:rs-10-material-kit,BAG-RS-L3-055,line-3,rolling-stock,Baghdad trainset kitting,4,6368,6400,,,
baghdad:BAG-RS-L2-038:rs-50-dynamic-commissioning,BAG-RS-L2-038,line-2,rolling-stock,Baghdad trainset acceptance bays,1,6376,6496,0,6384,6403
baghdad:BAG-RS-L2-039:rs-50-dynamic-commissioning,BAG-RS-L2-039,line-2,rolling-stock,Baghdad trainset acceptance bays,2,6376,6496,2,6384,6403
baghdad:BAG-RS-L2-057:rs-40-fitout-static-test,BAG-RS-L2-057,line-2,rolling-stock,Baghdad six-car fitout and static test,14,6376,6528,,,
baghdad:BAG-RS-L2-085:rs-25-clip-on-body,BAG-RS-L2-085,line-2,rolling-stock,Baghdad six-car body installation,2,6376,6400,,,
baghdad:BAG-TRK-L5-001:trk-30-trackform-rail,BAG-TRK-L5-001,line-5,track-section,track crew,1,5112,5200,,,
baghdad:BAG-RS-L2-040:rs-50-dynamic-commissioning,BAG-RS-L2-040,line-2,rolling-stock,Baghdad trainset acceptance bays,3,6384,6504,1,6392,6411
baghdad:BAG-TRK-L6-003:trk-20-subgrade-drainage,BAG-TRK-L6-003,line-6,track-section,corridor civil crew,1,6384,6528,,,
baghdad:BAG-EN-063:en-20-energy-commission,BAG-EN-063,line-4,energy,energy crew,1,3840,3880,,,
baghdad:BAG-EN-064:en-20-energy-commission,BAG-EN-064,line-4,energy,energy crew,2,3840,3880,,,
baghdad:BAG-RS-L2-058:rs-40-fitout-static-test,BAG-RS-L2-058,line-2,rolling-stock,Baghdad six-car fitout and static test,15,6392,6544,,,
baghdad:BAG-RS-L2-079:rs-30-traction-battery-control,BAG-RS-L2-079,line-2,rolling-stock,Baghdad six-car electrical integration,4,6392,6584,,,
baghdad:BAG-RS-L2-086:rs-25-clip-on-body,BAG-RS-L2-086,line-2,rolling-stock,Baghdad six-car body installation,1,6392,6416,,,
baghdad:BAG-RS-L2-087:rs-25-clip-on-body,BAG-RS-L2-087,line-2,rolling-stock,Baghdad six-car body installation,3,6392,6416,,,
baghdad:BAG-RS-L3-001:rs-23-moulded-body-modules,BAG-RS-L3-001,line-3,rolling-stock,Baghdad six-car composite kits,3,6392,6488,,,
baghdad:BAG-RS-L2-041:rs-50-dynamic-commissioning,BAG-RS-L2-041,line-2,rolling-stock,Baghdad trainset acceptance bays,4,6400,6520,0,6408,6427
baghdad:BAG-RS-L2-059:rs-40-fitout-static-test,BAG-RS-L2-059,line-2,rolling-stock,Baghdad six-car fitout and static test,1,6400,6552,,,
baghdad:BAG-RS-L2-080:rs-30-traction-battery-control,BAG-RS-L2-080,line-2,rolling-stock,Baghdad six-car electrical integration,5,6400,6592,,,
baghdad:BAG-RS-L2-088:rs-25-clip-on-body,BAG-RS-L2-088,line-2,rolling-stock,Baghdad six-car body installation,2,6400,6424,,,
baghdad:BAG-RS-L3-002:rs-23-moulded-body-modules,BAG-RS-L3-002,line-3,rolling-stock,Baghdad six-car composite kits,4,6400,6496,,,
baghdad:BAG-RS-L3-003:rs-23-moulded-body-modules,BAG-RS-L3-003,line-3,rolling-stock,Baghdad six-car composite kits,5,6400,6496,,,
baghdad:BAG-RS-L3-028:rs-20-carbody-bogie,BAG-RS-L3-028,line-3,rolling-stock,Baghdad six-car structural assembly,9,6400,6632,,,
baghdad:BAG-RS-L3-029:rs-20-carbody-bogie,BAG-RS-L3-029,line-3,rolling-stock,Baghdad six-car structural assembly,10,6400,6632,,,
baghdad:BAG-RS-L3-030:rs-20-carbody-bogie,BAG-RS-L3-030,line-3,rolling-stock,Baghdad six-car structural assembly,11,6400,6632,,,
baghdad:BAG-RS-L3-031:rs-20-carbody-bogie,BAG-RS-L3-031,line-3,rolling-stock,Baghdad six-car structural assembly,12,6400,6632,,,
baghdad:BAG-RS-L3-056:rs-10-material-kit,BAG-RS-L3-056,line-3,rolling-stock,Baghdad trainset kitting,1,6400,6432,,,
baghdad:BAG-RS-L3-057:rs-10-material-kit,BAG-RS-L3-057,line-3,rolling-stock,Baghdad trainset kitting,2,6400,6432,,,
baghdad:BAG-RS-L3-058:rs-10-material-kit,BAG-RS-L3-058,line-3,rolling-stock,Baghdad trainset kitting,3,6400,6432,,,
baghdad:BAG-RS-L3-059:rs-10-material-kit,BAG-RS-L3-059,line-3,rolling-stock,Baghdad trainset kitting,4,6400,6432,,,
baghdad:BAG-RS-L2-042:rs-50-dynamic-commissioning,BAG-RS-L2-042,line-2,rolling-stock,Baghdad trainset acceptance bays,5,6408,6528,1,6416,6435
baghdad:BAG-RS-L2-043:rs-50-dynamic-commissioning,BAG-RS-L2-043,line-2,rolling-stock,Baghdad trainset acceptance bays,6,6408,6528,2,6416,6435
baghdad:BAG-RS-L2-060:rs-40-fitout-static-test,BAG-RS-L2-060,line-2,rolling-stock,Baghdad six-car fitout and static test,2,6408,6560,,,
baghdad:BAG-RS-L2-081:rs-30-traction-battery-control,BAG-RS-L2-081,line-2,rolling-stock,Baghdad six-car electrical integration,6,6408,6600,,,
baghdad:BAG-RS-L3-004:rs-23-moulded-body-modules,BAG-RS-L3-004,line-3,rolling-stock,Baghdad six-car composite kits,6,6408,6504,,,
baghdad:BAG-RS-L2-061:rs-40-fitout-static-test,BAG-RS-L2-061,line-2,rolling-stock,Baghdad six-car fitout and static test,16,6416,6568,,,
baghdad:BAG-RS-L2-082:rs-30-traction-battery-control,BAG-RS-L2-082,line-2,rolling-stock,Baghdad six-car electrical integration,7,6416,6608,,,
baghdad:BAG-RS-L2-089:rs-25-clip-on-body,BAG-RS-L2-089,line-2,rolling-stock,Baghdad six-car body installation,1,6416,6440,,,
baghdad:BAG-ST-077:st-10-civil-structure,BAG-ST-077,line-5,station,station civil crew,2,5024,5136,,,
baghdad:BAG-ST-086:st-10-civil-structure,BAG-ST-086,line-5,station,station civil crew,1,5512,5624,,,
baghdad:BAG-RS-L2-044:rs-50-dynamic-commissioning,BAG-RS-L2-044,line-2,rolling-stock,Baghdad trainset acceptance bays,7,6424,6544,0,6432,6451
baghdad:BAG-RS-L2-062:rs-40-fitout-static-test,BAG-RS-L2-062,line-2,rolling-stock,Baghdad six-car fitout and static test,3,6424,6576,,,
baghdad:BAG-RS-L2-083:rs-30-traction-battery-control,BAG-RS-L2-083,line-2,rolling-stock,Baghdad six-car electrical integration,8,6424,6616,,,
baghdad:BAG-EN-065:en-10-energy-build,BAG-EN-065,line-4,energy,energy crew,1,3880,3960,,,
baghdad:BAG-EN-066:en-10-energy-build,BAG-EN-066,line-4,energy,energy crew,2,3880,3960,,,
baghdad:BAG-RS-L2-045:rs-50-dynamic-commissioning,BAG-RS-L2-045,line-2,rolling-stock,Baghdad trainset acceptance bays,8,6432,6552,1,6440,6459
baghdad:BAG-RS-L2-063:rs-40-fitout-static-test,BAG-RS-L2-063,line-2,rolling-stock,Baghdad six-car fitout and static test,17,6432,6584,,,
baghdad:BAG-RS-L2-084:rs-30-traction-battery-control,BAG-RS-L2-084,line-2,rolling-stock,Baghdad six-car electrical integration,9,6432,6624,,,
baghdad:BAG-RS-L2-090:rs-25-clip-on-body,BAG-RS-L2-090,line-2,rolling-stock,Baghdad six-car body installation,2,6432,6456,,,
baghdad:BAG-RS-L2-091:rs-25-clip-on-body,BAG-RS-L2-091,line-2,rolling-stock,Baghdad six-car body installation,3,6432,6456,,,
baghdad:BAG-RS-L3-005:rs-23-moulded-body-modules,BAG-RS-L3-005,line-3,rolling-stock,Baghdad six-car composite kits,7,6432,6528,,,
baghdad:BAG-RS-L3-006:rs-23-moulded-body-modules,BAG-RS-L3-006,line-3,rolling-stock,Baghdad six-car composite kits,8,6432,6528,,,
baghdad:BAG-RS-L3-007:rs-23-moulded-body-modules,BAG-RS-L3-007,line-3,rolling-stock,Baghdad six-car composite kits,9,6432,6528,,,
baghdad:BAG-RS-L3-032:rs-20-carbody-bogie,BAG-RS-L3-032,line-3,rolling-stock,Baghdad six-car structural assembly,13,6432,6664,,,
baghdad:BAG-RS-L3-033:rs-20-carbody-bogie,BAG-RS-L3-033,line-3,rolling-stock,Baghdad six-car structural assembly,14,6432,6664,,,
baghdad:BAG-RS-L3-034:rs-20-carbody-bogie,BAG-RS-L3-034,line-3,rolling-stock,Baghdad six-car structural assembly,15,6432,6664,,,
baghdad:BAG-RS-L3-035:rs-20-carbody-bogie,BAG-RS-L3-035,line-3,rolling-stock,Baghdad six-car structural assembly,16,6432,6664,,,
baghdad:BAG-RS-L3-060:rs-10-material-kit,BAG-RS-L3-060,line-3,rolling-stock,Baghdad trainset kitting,1,6432,6464,,,
baghdad:BAG-RS-L3-061:rs-10-material-kit,BAG-RS-L3-061,line-3,rolling-stock,Baghdad trainset kitting,2,6432,6464,,,
baghdad:BAG-RS-L3-062:rs-10-material-kit,BAG-RS-L3-062,line-3,rolling-stock,Baghdad trainset kitting,3,6432,6464,,,
baghdad:BAG-RS-L3-063:rs-10-material-kit,BAG-RS-L3-063,line-3,rolling-stock,Baghdad trainset kitting,4,6432,6464,,,
baghdad:BAG-ST-043:st-20-mep-passenger-systems,BAG-ST-043,line-3,station,station systems crew,2,2872,2952,,,
baghdad:BAG-ST-049:st-20-mep-passenger-systems,BAG-ST-049,line-3,station,station systems crew,1,3384,3464,,,
baghdad:BAG-RS-L2-064:rs-40-fitout-static-test,BAG-RS-L2-064,line-2,rolling-stock,Baghdad six-car fitout and static test,4,6440,6592,,,
baghdad:BAG-RS-L2-085:rs-30-traction-battery-control,BAG-RS-L2-085,line-2,rolling-stock,Baghdad six-car electrical integration,10,6440,6632,,,
baghdad:BAG-RS-L2-092:rs-25-clip-on-body,BAG-RS-L2-092,line-2,rolling-stock,Baghdad six-car body installation,1,6440,6464,,,
baghdad:BAG-RS-L2-046:rs-50-dynamic-commissioning,BAG-RS-L2-046,line-2,rolling-stock,Baghdad trainset acceptance bays,9,6448,6568,0,6456,6475
baghdad:BAG-RS-L2-047:rs-50-dynamic-commissioning,BAG-RS-L2-047,line-2,rolling-stock,Baghdad trainset acceptance bays,10,6448,6568,2,6456,6475
baghdad:BAG-RS-L2-065:rs-40-fitout-static-test,BAG-RS-L2-065,line-2,rolling-stock,Baghdad six-car fitout and static test,5,6448,6600,,,
baghdad:BAG-RS-L2-086:rs-30-traction-battery-control,BAG-RS-L2-086,line-2,rolling-stock,Baghdad six-car electrical integration,11,6448,6640,,,
baghdad:BAG-RS-L3-008:rs-23-moulded-body-modules,BAG-RS-L3-008,line-3,rolling-stock,Baghdad six-car composite kits,1,6448,6544,,,
baghdad:BAG-TRK-L4-013:trk-30-trackform-rail,BAG-TRK-L4-013,line-4,track-section,track crew,2,4952,5056,,,
baghdad:BAG-RS-L2-048:rs-50-dynamic-commissioning,BAG-RS-L2-048,line-2,rolling-stock,Baghdad trainset acceptance bays,11,6456,6576,1,6464,6483
baghdad:BAG-RS-L2-093:rs-25-clip-on-body,BAG-RS-L2-093,line-2,rolling-stock,Baghdad six-car body installation,2,6456,6480,,,
baghdad:BAG-RS-L2-066:rs-40-fitout-static-test,BAG-RS-L2-066,line-2,rolling-stock,Baghdad six-car fitout and static test,6,6464,6616,,,
baghdad:BAG-RS-L2-067:rs-40-fitout-static-test,BAG-RS-L2-067,line-2,rolling-stock,Baghdad six-car fitout and static test,7,6464,6616,,,
baghdad:BAG-RS-L2-087:rs-30-traction-battery-control,BAG-RS-L2-087,line-2,rolling-stock,Baghdad six-car electrical integration,12,6464,6656,,,
baghdad:BAG-RS-L2-088:rs-30-traction-battery-control,BAG-RS-L2-088,line-2,rolling-stock,Baghdad six-car electrical integration,13,6464,6656,,,
baghdad:BAG-RS-L2-094:rs-25-clip-on-body,BAG-RS-L2-094,line-2,rolling-stock,Baghdad six-car body installation,1,6464,6488,,,
baghdad:BAG-RS-L2-095:rs-25-clip-on-body,BAG-RS-L2-095,line-2,rolling-stock,Baghdad six-car body installation,3,6464,6488,,,
baghdad:BAG-RS-L3-009:rs-23-moulded-body-modules,BAG-RS-L3-009,line-3,rolling-stock,Baghdad six-car composite kits,2,6464,6560,,,
baghdad:BAG-RS-L3-010:rs-23-moulded-body-modules,BAG-RS-L3-010,line-3,rolling-stock,Baghdad six-car composite kits,10,6464,6560,,,
baghdad:BAG-RS-L3-011:rs-23-moulded-body-modules,BAG-RS-L3-011,line-3,rolling-stock,Baghdad six-car composite kits,11,6464,6560,,,
baghdad:BAG-RS-L3-036:rs-20-carbody-bogie,BAG-RS-L3-036,line-3,rolling-stock,Baghdad six-car structural assembly,17,6464,6696,,,
baghdad:BAG-RS-L3-037:rs-20-carbody-bogie,BAG-RS-L3-037,line-3,rolling-stock,Baghdad six-car structural assembly,18,6464,6696,,,
baghdad:BAG-RS-L3-038:rs-20-carbody-bogie,BAG-RS-L3-038,line-3,rolling-stock,Baghdad six-car structural assembly,19,6464,6696,,,
baghdad:BAG-RS-L3-039:rs-20-carbody-bogie,BAG-RS-L3-039,line-3,rolling-stock,Baghdad six-car structural assembly,20,6464,6696,,,
baghdad:BAG-RS-L3-064:rs-10-material-kit,BAG-RS-L3-064,line-3,rolling-stock,Baghdad trainset kitting,1,6464,6496,,,
baghdad:BAG-RS-L3-065:rs-10-material-kit,BAG-RS-L3-065,line-3,rolling-stock,Baghdad trainset kitting,2,6464,6496,,,
baghdad:BAG-RS-L3-066:rs-10-material-kit,BAG-RS-L3-066,line-3,rolling-stock,Baghdad trainset kitting,3,6464,6496,,,
baghdad:BAG-RS-L3-067:rs-10-material-kit,BAG-RS-L3-067,line-3,rolling-stock,Baghdad trainset kitting,4,6464,6496,,,
baghdad:BAG-TRK-L5-003:trk-30-trackform-rail,BAG-TRK-L5-003,line-5,track-section,track crew,1,5224,5312,,,
baghdad:BAG-RS-L2-049:rs-50-dynamic-commissioning,BAG-RS-L2-049,line-2,rolling-stock,Baghdad trainset acceptance bays,12,6472,6592,0,6480,6499
baghdad:BAG-RS-L2-089:rs-30-traction-battery-control,BAG-RS-L2-089,line-2,rolling-stock,Baghdad six-car electrical integration,14,6472,6664,,,
baghdad:BAG-RS-L2-050:rs-50-dynamic-commissioning,BAG-RS-L2-050,line-2,rolling-stock,Baghdad trainset acceptance bays,13,6480,6600,1,6488,6507
baghdad:BAG-RS-L2-068:rs-40-fitout-static-test,BAG-RS-L2-068,line-2,rolling-stock,Baghdad six-car fitout and static test,8,6480,6632,,,
baghdad:BAG-RS-L2-096:rs-25-clip-on-body,BAG-RS-L2-096,line-2,rolling-stock,Baghdad six-car body installation,2,6480,6504,,,
baghdad:BAG-RS-L2-069:rs-40-fitout-static-test,BAG-RS-L2-069,line-2,rolling-stock,Baghdad six-car fitout and static test,9,6488,6640,,,
baghdad:BAG-RS-L2-090:rs-30-traction-battery-control,BAG-RS-L2-090,line-2,rolling-stock,Baghdad six-car electrical integration,15,6488,6680,,,
baghdad:BAG-RS-L3-001:rs-25-clip-on-body,BAG-RS-L3-001,line-3,rolling-stock,Baghdad six-car body installation,1,6488,6512,,,
baghdad:BAG-RS-L3-012:rs-23-moulded-body-modules,BAG-RS-L3-012,line-3,rolling-stock,Baghdad six-car composite kits,3,6488,6584,,,
baghdad:BAG-TRK-L6-004:trk-10-survey-utility,BAG-TRK-L6-004,line-6,track-section,corridor civil crew,2,6488,6520,,,
baghdad:BAG-RS-L2-051:rs-50-dynamic-commissioning,BAG-RS-L2-051,line-2,rolling-stock,Baghdad trainset acceptance bays,1,6496,6616,0,6504,6523
baghdad:BAG-RS-L2-052:rs-50-dynamic-commissioning,BAG-RS-L2-052,line-2,rolling-stock,Baghdad trainset acceptance bays,2,6496,6616,2,6504,6523
baghdad:BAG-RS-L2-070:rs-40-fitout-static-test,BAG-RS-L2-070,line-2,rolling-stock,Baghdad six-car fitout and static test,10,6496,6648,,,
baghdad:BAG-RS-L2-091:rs-30-traction-battery-control,BAG-RS-L2-091,line-2,rolling-stock,Baghdad six-car electrical integration,16,6496,6688,,,
baghdad:BAG-RS-L3-002:rs-25-clip-on-body,BAG-RS-L3-002,line-3,rolling-stock,Baghdad six-car body installation,3,6496,6520,,,
baghdad:BAG-RS-L3-013:rs-23-moulded-body-modules,BAG-RS-L3-013,line-3,rolling-stock,Baghdad six-car composite kits,4,6496,6592,,,
baghdad:BAG-RS-L3-014:rs-23-moulded-body-modules,BAG-RS-L3-014,line-3,rolling-stock,Baghdad six-car composite kits,5,6496,6592,,,
baghdad:BAG-RS-L3-040:rs-20-carbody-bogie,BAG-RS-L3-040,line-3,rolling-stock,Baghdad six-car structural assembly,21,6496,6728,,,
baghdad:BAG-RS-L3-041:rs-20-carbody-bogie,BAG-RS-L3-041,line-3,rolling-stock,Baghdad six-car structural assembly,22,6496,6728,,,
baghdad:BAG-RS-L3-042:rs-20-carbody-bogie,BAG-RS-L3-042,line-3,rolling-stock,Baghdad six-car structural assembly,23,6496,6728,,,
baghdad:BAG-RS-L3-043:rs-20-carbody-bogie,BAG-RS-L3-043,line-3,rolling-stock,Baghdad six-car structural assembly,24,6496,6728,,,
baghdad:BAG-RS-L3-068:rs-10-material-kit,BAG-RS-L3-068,line-3,rolling-stock,Baghdad trainset kitting,1,6496,6528,,,
baghdad:BAG-RS-L3-069:rs-10-material-kit,BAG-RS-L3-069,line-3,rolling-stock,Baghdad trainset kitting,2,6496,6528,,,
baghdad:BAG-RS-L3-070:rs-10-material-kit,BAG-RS-L3-070,line-3,rolling-stock,Baghdad trainset kitting,3,6496,6528,,,
baghdad:BAG-RS-L3-071:rs-10-material-kit,BAG-RS-L3-071,line-3,rolling-stock,Baghdad trainset kitting,4,6496,6528,,,
baghdad:BAG-RS-L2-053:rs-50-dynamic-commissioning,BAG-RS-L2-053,line-2,rolling-stock,Baghdad trainset acceptance bays,3,6504,6624,1,6512,6531
baghdad:BAG-RS-L2-071:rs-40-fitout-static-test,BAG-RS-L2-071,line-2,rolling-stock,Baghdad six-car fitout and static test,11,6504,6656,,,
baghdad:BAG-RS-L2-092:rs-30-traction-battery-control,BAG-RS-L2-092,line-2,rolling-stock,Baghdad six-car electrical integration,17,6504,6696,,,
baghdad:BAG-RS-L3-003:rs-25-clip-on-body,BAG-RS-L3-003,line-3,rolling-stock,Baghdad six-car body installation,2,6504,6528,,,
baghdad:BAG-RS-L3-015:rs-23-moulded-body-modules,BAG-RS-L3-015,line-3,rolling-stock,Baghdad six-car composite kits,6,6504,6600,,,
baghdad:BAG-EN-065:en-20-energy-commission,BAG-EN-065,line-4,energy,energy crew,1,3960,4000,,,
baghdad:BAG-EN-066:en-20-energy-commission,BAG-EN-066,line-4,energy,energy crew,2,3960,4000,,,
baghdad:BAG-RS-L2-093:rs-30-traction-battery-control,BAG-RS-L2-093,line-2,rolling-stock,Baghdad six-car electrical integration,18,6512,6704,,,
baghdad:BAG-RS-L3-004:rs-25-clip-on-body,BAG-RS-L3-004,line-3,rolling-stock,Baghdad six-car body installation,1,6512,6536,,,
baghdad:BAG-ST-045:st-20-mep-passenger-systems,BAG-ST-045,line-3,station,station systems crew,2,3032,3112,,,
baghdad:BAG-ST-051:st-20-mep-passenger-systems,BAG-ST-051,line-3,station,station systems crew,1,3512,3592,,,
baghdad:BAG-RS-L2-054:rs-50-dynamic-commissioning,BAG-RS-L2-054,line-2,rolling-stock,Baghdad trainset acceptance bays,4,6520,6640,0,6528,6547
baghdad:BAG-RS-L2-072:rs-40-fitout-static-test,BAG-RS-L2-072,line-2,rolling-stock,Baghdad six-car fitout and static test,12,6520,6672,,,
baghdad:BAG-RS-L2-073:rs-40-fitout-static-test,BAG-RS-L2-073,line-2,rolling-stock,Baghdad six-car fitout and static test,13,6520,6672,,,
baghdad:BAG-RS-L2-094:rs-30-traction-battery-control,BAG-RS-L2-094,line-2,rolling-stock,Baghdad six-car electrical integration,19,6520,6712,,,
baghdad:BAG-TRK-L6-004:trk-20-subgrade-drainage,BAG-TRK-L6-004,line-6,track-section,corridor civil crew,2,6520,6664,,,
baghdad:BAG-RS-L2-055:rs-50-dynamic-commissioning,BAG-RS-L2-055,line-2,rolling-stock,Baghdad trainset acceptance bays,5,6528,6648,1,6536,6555
baghdad:BAG-RS-L2-056:rs-50-dynamic-commissioning,BAG-RS-L2-056,line-2,rolling-stock,Baghdad trainset acceptance bays,6,6528,6648,2,6536,6555
baghdad:BAG-RS-L2-074:rs-40-fitout-static-test,BAG-RS-L2-074,line-2,rolling-stock,Baghdad six-car fitout and static test,14,6528,6680,,,
baghdad:BAG-RS-L2-095:rs-30-traction-battery-control,BAG-RS-L2-095,line-2,rolling-stock,Baghdad six-car electrical integration,20,6528,6720,,,
baghdad:BAG-RS-L3-005:rs-25-clip-on-body,BAG-RS-L3-005,line-3,rolling-stock,Baghdad six-car body installation,2,6528,6552,,,
baghdad:BAG-RS-L3-006:rs-25-clip-on-body,BAG-RS-L3-006,line-3,rolling-stock,Baghdad six-car body installation,3,6528,6552,,,
baghdad:BAG-RS-L3-016:rs-23-moulded-body-modules,BAG-RS-L3-016,line-3,rolling-stock,Baghdad six-car composite kits,7,6528,6624,,,
baghdad:BAG-RS-L3-017:rs-23-moulded-body-modules,BAG-RS-L3-017,line-3,rolling-stock,Baghdad six-car composite kits,8,6528,6624,,,
baghdad:BAG-RS-L3-018:rs-23-moulded-body-modules,BAG-RS-L3-018,line-3,rolling-stock,Baghdad six-car composite kits,9,6528,6624,,,
baghdad:BAG-RS-L3-044:rs-20-carbody-bogie,BAG-RS-L3-044,line-3,rolling-stock,Baghdad six-car structural assembly,25,6528,6760,,,
baghdad:BAG-RS-L3-045:rs-20-carbody-bogie,BAG-RS-L3-045,line-3,rolling-stock,Baghdad six-car structural assembly,26,6528,6760,,,
baghdad:BAG-RS-L3-072:rs-10-material-kit,BAG-RS-L3-072,line-3,rolling-stock,Baghdad trainset kitting,1,6528,6560,,,
baghdad:BAG-RS-L3-073:rs-10-material-kit,BAG-RS-L3-073,line-3,rolling-stock,Baghdad trainset kitting,2,6528,6560,,,
baghdad:BAG-RS-L3-074:rs-10-material-kit,BAG-RS-L3-074,line-3,rolling-stock,Baghdad trainset kitting,3,6528,6560,,,
baghdad:BAG-RS-L3-075:rs-10-material-kit,BAG-RS-L3-075,line-3,rolling-stock,Baghdad trainset kitting,4,6528,6560,,,
baghdad:BAG-ST-079:st-10-civil-structure,BAG-ST-079,line-5,station,station civil crew,2,5136,5248,,,
baghdad:BAG-ST-088:st-10-civil-structure,BAG-ST-088,line-5,station,station civil crew,1,5624,5736,,,
baghdad:BAG-TRK-L6-005:trk-10-survey-utility,BAG-TRK-L6-005,line-6,track-section,corridor civil crew,1,6528,6560,,,
baghdad:BAG-RS-L2-096:rs-30-traction-battery-control,BAG-RS-L2-096,line-2,rolling-stock,Baghdad six-car electrical integration,21,6536,6728,,,
baghdad:BAG-RS-L3-007:rs-25-clip-on-body,BAG-RS-L3-007,line-3,rolling-stock,Baghdad six-car body installation,1,6536,6560,,,
baghdad:BAG-RS-L2-057:rs-50-dynamic-commissioning,BAG-RS-L2-057,line-2,rolling-stock,Baghdad trainset acceptance bays,7,6544,6664,0,6552,6571
baghdad:BAG-RS-L2-075:rs-40-fitout-static-test,BAG-RS-L2-075,line-2,rolling-stock,Baghdad six-car fitout and static test,15,6544,6696,,,
baghdad:BAG-RS-L3-019:rs-23-moulded-body-modules,BAG-RS-L3-019,line-3,rolling-stock,Baghdad six-car composite kits,1,6544,6640,,,
baghdad:BAG-SIG-041:wpt-20-install-commission,BAG-SIG-041,line-3,signalling-comms,wayside systems crew,1,2936,2968,,,
baghdad:BAG-EN-067:en-10-energy-build,BAG-EN-067,line-4,energy,energy crew,1,4000,4080,,,
baghdad:BAG-EN-068:en-10-energy-build,BAG-EN-068,line-4,energy,energy crew,2,4000,4080,,,
baghdad:BAG-RS-L2-058:rs-50-dynamic-commissioning,BAG-RS-L2-058,line-2,rolling-stock,Baghdad trainset acceptance bays,8,6552,6672,1,6560,6579
baghdad:BAG-RS-L3-008:rs-25-clip-on-body,BAG-RS-L3-008,line-3,rolling-stock,Baghdad six-car body installation,2,6552,6576,,,
baghdad:BAG-TRK-L4-015:trk-30-trackform-rail,BAG-TRK-L4-015,line-4,track-section,track crew,2,5056,5144,,,
baghdad:BAG-TRK-L5-006:trk-30-trackform-rail,BAG-TRK-L5-006,line-5,track-section,track crew,1,5336,5424,,,
baghdad:BAG-RS-L2-076:rs-40-fitout-static-test,BAG-RS-L2-076,line-2,rolling-stock,Baghdad six-car fitout and static test,1,6560,6712,,,
baghdad:BAG-RS-L2-077:rs-40-fitout-static-test,BAG-RS-L2-077,line-2,rolling-stock,Baghdad six-car fitout and static test,2,6560,6712,,,
baghdad:BAG-RS-L3-001:rs-30-traction-battery-control,BAG-RS-L3-001,line-3,rolling-stock,Baghdad six-car electrical integration,1,6560,6752,,,
baghdad:BAG-RS-L3-002:rs-30-traction-battery-control,BAG-RS-L3-002,line-3,rolling-stock,Baghdad six-car electrical integration,2,6560,6752,,,
baghdad:BAG-RS-L3-003:rs-30-traction-battery-control,BAG-RS-L3-003,line-3,rolling-stock,Baghdad six-car electrical integration,3,6560,6752,,,
baghdad:BAG-RS-L3-009:rs-25-clip-on-body,BAG-RS-L3-009,line-3,rolling-stock,Baghdad six-car body installation,1,6560,6584,,,
baghdad:BAG-RS-L3-010:rs-25-clip-on-body,BAG-RS-L3-010,line-3,rolling-stock,Baghdad six-car body installation,3,6560,6584,,,
baghdad:BAG-RS-L3-076:rs-10-material-kit,BAG-RS-L3-076,line-3,rolling-stock,Baghdad trainset kitting,1,6560,6592,,,
baghdad:BAG-RS-L3-077:rs-10-material-kit,BAG-RS-L3-077,line-3,rolling-stock,Baghdad trainset kitting,2,6560,6592,,,
baghdad:BAG-RS-L3-078:rs-10-material-kit,BAG-RS-L3-078,line-3,rolling-stock,Baghdad trainset kitting,3,6560,6592,,,
baghdad:BAG-RS-L3-079:rs-10-material-kit,BAG-RS-L3-079,line-3,rolling-stock,Baghdad trainset kitting,4,6560,6592,,,
baghdad:BAG-TRK-L6-005:trk-20-subgrade-drainage,BAG-TRK-L6-005,line-6,track-section,corridor civil crew,1,6560,6688,,,
baghdad:BAG-RS-L2-059:rs-50-dynamic-commissioning,BAG-RS-L2-059,line-2,rolling-stock,Baghdad trainset acceptance bays,9,6568,6688,0,6576,6595
baghdad:BAG-RS-L2-060:rs-50-dynamic-commissioning,BAG-RS-L2-060,line-2,rolling-stock,Baghdad trainset acceptance bays,10,6568,6688,2,6576,6595
baghdad:BAG-RS-L2-078:rs-40-fitout-static-test,BAG-RS-L2-078,line-2,rolling-stock,Baghdad six-car fitout and static test,16,6568,6720,,,
baghdad:BAG-RS-L3-020:rs-23-moulded-body-modules,BAG-RS-L3-020,line-3,rolling-stock,Baghdad six-car composite kits,2,6568,6664,,,
baghdad:BAG-RS-L3-021:rs-23-moulded-body-modules,BAG-RS-L3-021,line-3,rolling-stock,Baghdad six-car composite kits,10,6568,6664,,,
baghdad:BAG-RS-L3-022:rs-23-moulded-body-modules,BAG-RS-L3-022,line-3,rolling-stock,Baghdad six-car composite kits,11,6568,6664,,,
baghdad:BAG-RS-L3-046:rs-20-carbody-bogie,BAG-RS-L3-046,line-3,rolling-stock,Baghdad six-car structural assembly,1,6568,6800,,,
baghdad:BAG-RS-L3-047:rs-20-carbody-bogie,BAG-RS-L3-047,line-3,rolling-stock,Baghdad six-car structural assembly,2,6568,6800,,,
baghdad:BAG-RS-L3-048:rs-20-carbody-bogie,BAG-RS-L3-048,line-3,rolling-stock,Baghdad six-car structural assembly,3,6568,6800,,,
baghdad:BAG-RS-L3-049:rs-20-carbody-bogie,BAG-RS-L3-049,line-3,rolling-stock,Baghdad six-car structural assembly,4,6568,6800,,,
baghdad:BAG-RS-L2-061:rs-50-dynamic-commissioning,BAG-RS-L2-061,line-2,rolling-stock,Baghdad trainset acceptance bays,11,6576,6696,1,6584,6603
baghdad:BAG-RS-L3-011:rs-25-clip-on-body,BAG-RS-L3-011,line-3,rolling-stock,Baghdad six-car body installation,2,6576,6600,,,
baghdad:BAG-SIG-043:wpt-20-install-commission,BAG-SIG-043,line-3,signalling-comms,wayside systems crew,1,3040,3072,,,
baghdad:BAG-RS-L2-079:rs-40-fitout-static-test,BAG-RS-L2-079,line-2,rolling-stock,Baghdad six-car fitout and static test,3,6584,6736,,,
baghdad:BAG-RS-L3-004:rs-30-traction-battery-control,BAG-RS-L3-004,line-3,rolling-stock,Baghdad six-car electrical integration,4,6584,6776,,,
baghdad:BAG-RS-L3-012:rs-25-clip-on-body,BAG-RS-L3-012,line-3,rolling-stock,Baghdad six-car body installation,1,6584,6608,,,
baghdad:BAG-RS-L3-023:rs-23-moulded-body-modules,BAG-RS-L3-023,line-3,rolling-stock,Baghdad six-car composite kits,3,6584,6680,,,
baghdad:BAG-RS-L2-062:rs-50-dynamic-commissioning,BAG-RS-L2-062,line-2,rolling-stock,Baghdad trainset acceptance bays,12,6592,6712,0,6600,6619
baghdad:BAG-RS-L2-080:rs-40-fitout-static-test,BAG-RS-L2-080,line-2,rolling-stock,Baghdad six-car fitout and static test,4,6592,6744,,,
baghdad:BAG-RS-L3-005:rs-30-traction-battery-control,BAG-RS-L3-005,line-3,rolling-stock,Baghdad six-car electrical integration,5,6592,6784,,,
baghdad:BAG-RS-L3-013:rs-25-clip-on-body,BAG-RS-L3-013,line-3,rolling-stock,Baghdad six-car body installation,3,6592,6616,,,
baghdad:BAG-RS-L3-080:rs-10-material-kit,BAG-RS-L3-080,line-3,rolling-stock,Baghdad trainset kitting,1,6592,6624,,,
baghdad:BAG-RS-L3-081:rs-10-material-kit,BAG-RS-L3-081,line-3,rolling-stock,Baghdad trainset kitting,2,6592,6624,,,
baghdad:BAG-RS-L3-082:rs-10-material-kit,BAG-RS-L3-082,line-3,rolling-stock,Baghdad trainset kitting,3,6592,6624,,,
baghdad:BAG-RS-L3-083:rs-10-material-kit,BAG-RS-L3-083,line-3,rolling-stock,Baghdad trainset kitting,4,6592,6624,,,
baghdad:BAG-ST-047:st-20-mep-passenger-systems,BAG-ST-047,line-3,station,station systems crew,2,3240,3320,,,
baghdad:BAG-ST-053:st-20-mep-passenger-systems,BAG-ST-053,line-3,station,station systems crew,1,3624,3704,,,
baghdad:BAG-RS-L2-063:rs-50-dynamic-commissioning,BAG-RS-L2-063,line-2,rolling-stock,Baghdad trainset acceptance bays,13,6600,6720,1,6608,6627
baghdad:BAG-RS-L2-081:rs-40-fitout-static-test,BAG-RS-L2-081,line-2,rolling-stock,Baghdad six-car fitout and static test,5,6600,6752,,,
baghdad:BAG-RS-L3-006:rs-30-traction-battery-control,BAG-RS-L3-006,line-3,rolling-stock,Baghdad six-car electrical integration,6,6600,6792,,,
baghdad:BAG-RS-L3-014:rs-25-clip-on-body,BAG-RS-L3-014,line-3,rolling-stock,Baghdad six-car body installation,2,6600,6624,,,
baghdad:BAG-RS-L3-024:rs-23-moulded-body-modules,BAG-RS-L3-024,line-3,rolling-stock,Baghdad six-car composite kits,4,6600,6696,,,
baghdad:BAG-RS-L3-025:rs-23-moulded-body-modules,BAG-RS-L3-025,line-3,rolling-stock,Baghdad six-car composite kits,5,6600,6696,,,
baghdad:BAG-RS-L3-026:rs-23-moulded-body-modules,BAG-RS-L3-026,line-3,rolling-stock,Baghdad six-car composite kits,6,6600,6696,,,
baghdad:BAG-RS-L3-050:rs-20-carbody-bogie,BAG-RS-L3-050,line-3,rolling-stock,Baghdad six-car structural assembly,5,6600,6832,,,
baghdad:BAG-RS-L3-051:rs-20-carbody-bogie,BAG-RS-L3-051,line-3,rolling-stock,Baghdad six-car structural assembly,6,6600,6832,,,
baghdad:BAG-RS-L3-052:rs-20-carbody-bogie,BAG-RS-L3-052,line-3,rolling-stock,Baghdad six-car structural assembly,7,6600,6832,,,
baghdad:BAG-RS-L3-053:rs-20-carbody-bogie,BAG-RS-L3-053,line-3,rolling-stock,Baghdad six-car structural assembly,8,6600,6832,,,
baghdad:BAG-RS-L2-082:rs-40-fitout-static-test,BAG-RS-L2-082,line-2,rolling-stock,Baghdad six-car fitout and static test,17,6608,6760,,,
baghdad:BAG-RS-L3-007:rs-30-traction-battery-control,BAG-RS-L3-007,line-3,rolling-stock,Baghdad six-car electrical integration,7,6608,6800,,,
baghdad:BAG-RS-L3-015:rs-25-clip-on-body,BAG-RS-L3-015,line-3,rolling-stock,Baghdad six-car body installation,1,6608,6632,,,
baghdad:BAG-SIG-045:wpt-20-install-commission,BAG-SIG-045,line-3,signalling-comms,wayside systems crew,1,3144,3176,,,
baghdad:BAG-RS-L2-064:rs-50-dynamic-commissioning,BAG-RS-L2-064,line-2,rolling-stock,Baghdad trainset acceptance bays,1,6616,6736,0,6624,6643
baghdad:BAG-RS-L2-065:rs-50-dynamic-commissioning,BAG-RS-L2-065,line-2,rolling-stock,Baghdad trainset acceptance bays,2,6616,6736,2,6624,6643
baghdad:BAG-RS-L2-083:rs-40-fitout-static-test,BAG-RS-L2-083,line-2,rolling-stock,Baghdad six-car fitout and static test,6,6616,6768,,,
baghdad:BAG-RS-L3-008:rs-30-traction-battery-control,BAG-RS-L3-008,line-3,rolling-stock,Baghdad six-car electrical integration,8,6616,6808,,,
baghdad:BAG-RS-L2-066:rs-50-dynamic-commissioning,BAG-RS-L2-066,line-2,rolling-stock,Baghdad trainset acceptance bays,3,6624,6744,1,6632,6651
baghdad:BAG-RS-L2-084:rs-40-fitout-static-test,BAG-RS-L2-084,line-2,rolling-stock,Baghdad six-car fitout and static test,7,6624,6776,,,
baghdad:BAG-RS-L3-009:rs-30-traction-battery-control,BAG-RS-L3-009,line-3,rolling-stock,Baghdad six-car electrical integration,9,6624,6816,,,
baghdad:BAG-RS-L3-016:rs-25-clip-on-body,BAG-RS-L3-016,line-3,rolling-stock,Baghdad six-car body installation,2,6624,6648,,,
baghdad:BAG-RS-L3-017:rs-25-clip-on-body,BAG-RS-L3-017,line-3,rolling-stock,Baghdad six-car body installation,3,6624,6648,,,
baghdad:BAG-RS-L3-027:rs-23-moulded-body-modules,BAG-RS-L3-027,line-3,rolling-stock,Baghdad six-car composite kits,7,6624,6720,,,
baghdad:BAG-RS-L3-084:rs-10-material-kit,BAG-RS-L3-084,line-3,rolling-stock,Baghdad trainset kitting,1,6624,6656,,,
baghdad:BAG-RS-L3-085:rs-10-material-kit,BAG-RS-L3-085,line-3,rolling-stock,Baghdad trainset kitting,2,6624,6656,,,
baghdad:BAG-RS-L3-086:rs-10-material-kit,BAG-RS-L3-086,line-3,rolling-stock,Baghdad trainset kitting,3,6624,6656,,,
baghdad:BAG-RS-L3-087:rs-10-material-kit,BAG-RS-L3-087,line-3,rolling-stock,Baghdad trainset kitting,4,6624,6656,,,
baghdad:BAG-EN-067:en-20-energy-commission,BAG-EN-067,line-4,energy,energy crew,1,4080,4120,,,
baghdad:BAG-EN-068:en-20-energy-commission,BAG-EN-068,line-4,energy,energy crew,2,4080,4120,,,
baghdad:BAG-RS-L2-085:rs-40-fitout-static-test,BAG-RS-L2-085,line-2,rolling-stock,Baghdad six-car fitout and static test,8,6632,6784,,,
baghdad:BAG-RS-L3-010:rs-30-traction-battery-control,BAG-RS-L3-010,line-3,rolling-stock,Baghdad six-car electrical integration,10,6632,6824,,,
baghdad:BAG-RS-L3-018:rs-25-clip-on-body,BAG-RS-L3-018,line-3,rolling-stock,Baghdad six-car body installation,1,6632,6656,,,
baghdad:BAG-RS-L3-028:rs-23-moulded-body-modules,BAG-RS-L3-028,line-3,rolling-stock,Baghdad six-car composite kits,8,6632,6728,,,
baghdad:BAG-RS-L3-029:rs-23-moulded-body-modules,BAG-RS-L3-029,line-3,rolling-stock,Baghdad six-car composite kits,9,6632,6728,,,
baghdad:BAG-RS-L3-054:rs-20-carbody-bogie,BAG-RS-L3-054,line-3,rolling-stock,Baghdad six-car structural assembly,9,6632,6864,,,
baghdad:BAG-RS-L3-055:rs-20-carbody-bogie,BAG-RS-L3-055,line-3,rolling-stock,Baghdad six-car structural assembly,10,6632,6864,,,
baghdad:BAG-RS-L3-056:rs-20-carbody-bogie,BAG-RS-L3-056,line-3,rolling-stock,Baghdad six-car structural assembly,11,6632,6864,,,
baghdad:BAG-RS-L3-057:rs-20-carbody-bogie,BAG-RS-L3-057,line-3,rolling-stock,Baghdad six-car structural assembly,12,6632,6864,,,
baghdad:BAG-RS-L2-067:rs-50-dynamic-commissioning,BAG-RS-L2-067,line-2,rolling-stock,Baghdad trainset acceptance bays,4,6640,6760,0,6648,6667
baghdad:BAG-RS-L2-086:rs-40-fitout-static-test,BAG-RS-L2-086,line-2,rolling-stock,Baghdad six-car fitout and static test,9,6640,6792,,,
baghdad:BAG-RS-L3-011:rs-30-traction-battery-control,BAG-RS-L3-011,line-3,rolling-stock,Baghdad six-car electrical integration,11,6640,6832,,,
baghdad:BAG-RS-L3-030:rs-23-moulded-body-modules,BAG-RS-L3-030,line-3,rolling-stock,Baghdad six-car composite kits,1,6640,6736,,,
baghdad:BAG-SIG-046:wpt-20-install-commission,BAG-SIG-046,line-3,signalling-comms,wayside systems crew,1,3264,3296,,,
baghdad:BAG-ST-081:st-10-civil-structure,BAG-ST-081,line-5,station,station civil crew,2,5248,5360,,,
baghdad:BAG-ST-090:st-10-civil-structure,BAG-ST-090,line-5,station,station civil crew,1,5736,5848,,,
baghdad:BAG-TRK-L5-002:trk-30-trackform-rail,BAG-TRK-L5-002,line-5,track-section,track crew,2,5144,5224,,,
baghdad:BAG-TRK-L5-008:trk-30-trackform-rail,BAG-TRK-L5-008,line-5,track-section,track crew,1,5432,5512,,,
baghdad:BAG-RS-L2-068:rs-50-dynamic-commissioning,BAG-RS-L2-068,line-2,rolling-stock,Baghdad trainset acceptance bays,5,6648,6768,1,6656,6675
baghdad:BAG-RS-L2-069:rs-50-dynamic-commissioning,BAG-RS-L2-069,line-2,rolling-stock,Baghdad trainset acceptance bays,6,6648,6768,2,6656,6675
baghdad:BAG-RS-L3-019:rs-25-clip-on-body,BAG-RS-L3-019,line-3,rolling-stock,Baghdad six-car body installation,2,6648,6672,,,
baghdad:BAG-RS-L2-087:rs-40-fitout-static-test,BAG-RS-L2-087,line-2,rolling-stock,Baghdad six-car fitout and static test,10,6656,6808,,,
baghdad:BAG-RS-L2-088:rs-40-fitout-static-test,BAG-RS-L2-088,line-2,rolling-stock,Baghdad six-car fitout and static test,11,6656,6808,,,
baghdad:BAG-RS-L3-012:rs-30-traction-battery-control,BAG-RS-L3-012,line-3,rolling-stock,Baghdad six-car electrical integration,12,6656,6848,,,
baghdad:BAG-RS-L3-013:rs-30-traction-battery-control,BAG-RS-L3-013,line-3,rolling-stock,Baghdad six-car electrical integration,13,6656,6848,,,
baghdad:BAG-RS-L3-088:rs-10-material-kit,BAG-RS-L3-088,line-3,rolling-stock,Baghdad trainset kitting,1,6656,6688,,,
baghdad:BAG-RS-L3-089:rs-10-material-kit,BAG-RS-L3-089,line-3,rolling-stock,Baghdad trainset kitting,2,6656,6688,,,
baghdad:BAG-RS-L3-090:rs-10-material-kit,BAG-RS-L3-090,line-3,rolling-stock,Baghdad trainset kitting,3,6656,6688,,,
baghdad:BAG-RS-L3-091:rs-10-material-kit,BAG-RS-L3-091,line-3,rolling-stock,Baghdad trainset kitting,4,6656,6688,,,
baghdad:BAG-RS-L2-070:rs-50-dynamic-commissioning,BAG-RS-L2-070,line-2,rolling-stock,Baghdad trainset acceptance bays,7,6664,6784,0,6672,6691
baghdad:BAG-RS-L3-014:rs-30-traction-battery-control,BAG-RS-L3-014,line-3,rolling-stock,Baghdad six-car electrical integration,14,6664,6856,,,
baghdad:BAG-RS-L3-020:rs-25-clip-on-body,BAG-RS-L3-020,line-3,rolling-stock,Baghdad six-car body installation,1,6664,6688,,,
baghdad:BAG-RS-L3-021:rs-25-clip-on-body,BAG-RS-L3-021,line-3,rolling-stock,Baghdad six-car body installation,3,6664,6688,,,
baghdad:BAG-RS-L3-031:rs-23-moulded-body-modules,BAG-RS-L3-031,line-3,rolling-stock,Baghdad six-car composite kits,2,6664,6760,,,
baghdad:BAG-RS-L3-032:rs-23-moulded-body-modules,BAG-RS-L3-032,line-3,rolling-stock,Baghdad six-car composite kits,10,6664,6760,,,
baghdad:BAG-RS-L3-033:rs-23-moulded-body-modules,BAG-RS-L3-033,line-3,rolling-stock,Baghdad six-car composite kits,11,6664,6760,,,
baghdad:BAG-RS-L3-058:rs-20-carbody-bogie,BAG-RS-L3-058,line-3,rolling-stock,Baghdad six-car structural assembly,13,6664,6896,,,
baghdad:BAG-RS-L3-059:rs-20-carbody-bogie,BAG-RS-L3-059,line-3,rolling-stock,Baghdad six-car structural assembly,14,6664,6896,,,
baghdad:BAG-RS-L3-060:rs-20-carbody-bogie,BAG-RS-L3-060,line-3,rolling-stock,Baghdad six-car structural assembly,15,6664,6896,,,
baghdad:BAG-RS-L3-061:rs-20-carbody-bogie,BAG-RS-L3-061,line-3,rolling-stock,Baghdad six-car structural assembly,16,6664,6896,,,
baghdad:BAG-TRK-L6-006:trk-10-survey-utility,BAG-TRK-L6-006,line-6,track-section,corridor civil crew,2,6664,6680,,,
baghdad:BAG-WPT-L3-001:wpt-10-cabinet-bench,BAG-WPT-L3-001,line-3,waypoint,wayside bench,3,1816,1840,,,
baghdad:BAG-EN-069:en-10-energy-build,BAG-EN-069,line-4,energy,energy crew,1,4120,4200,,,
baghdad:BAG-EN-070:en-10-energy-build,BAG-EN-070,line-4,energy,energy crew,2,4120,4200,,,
baghdad:BAG-RS-L2-071:rs-50-dynamic-commissioning,BAG-RS-L2-071,line-2,rolling-stock,Baghdad trainset acceptance bays,8,6672,6792,1,6680,6699
baghdad:BAG-RS-L2-089:rs-40-fitout-static-test,BAG-RS-L2-089,line-2,rolling-stock,Baghdad six-car fitout and static test,12,6672,6824,,,
baghdad:BAG-RS-L3-022:rs-25-clip-on-body,BAG-RS-L3-022,line-3,rolling-stock,Baghdad six-car body installation,2,6672,6696,,,
baghdad:BAG-SIG-042:wpt-20-install-commission,BAG-SIG-042,line-3,signalling-comms,wayside systems crew,2,2936,2968,,,
baghdad:BAG-SIG-044:wpt-20-install-commission,BAG-SIG-044,line-3,signalling-comms,wayside systems crew,1,3344,3376,,,
baghdad:BAG-ST-050:st-20-mep-passenger-systems,BAG-ST-050,line-3,station,station systems crew,2,3400,3480,,,
baghdad:BAG-ST-055:st-20-mep-passenger-systems,BAG-ST-055,line-3,station,station systems crew,1,3736,3816,,,
baghdad:BAG-RS-L2-090:rs-40-fitout-static-test,BAG-RS-L2-090,line-2,rolling-stock,Baghdad six-car fitout and static test,13,6680,6832,,,
baghdad:BAG-RS-L3-015:rs-30-traction-battery-control,BAG-RS-L3-015,line-3,rolling-stock,Baghdad six-car electrical integration,15,6680,6872,,,
baghdad:BAG-RS-L3-034:rs-23-moulded-body-modules,BAG-RS-L3-034,line-3,rolling-stock,Baghdad six-car composite kits,3,6680,6776,,,
baghdad:BAG-TRK-L6-006:trk-20-subgrade-drainage,BAG-TRK-L6-006,line-6,track-section,corridor civil crew,2,6680,6760,,,
baghdad:BAG-WPT-L3-002:wpt-10-cabinet-bench,BAG-WPT-L3-002,line-3,waypoint,wayside bench,1,1840,1864,,,
baghdad:BAG-RS-L2-072:rs-50-dynamic-commissioning,BAG-RS-L2-072,line-2,rolling-stock,Baghdad trainset acceptance bays,9,6688,6808,0,6696,6715
baghdad:BAG-RS-L2-073:rs-50-dynamic-commissioning,BAG-RS-L2-073,line-2,rolling-stock,Baghdad trainset acceptance bays,10,6688,6808,2,6696,6715
baghdad:BAG-RS-L2-091:rs-40-fitout-static-test,BAG-RS-L2-091,line-2,rolling-stock,Baghdad six-car fitout and static test,14,6688,6840,,,
baghdad:BAG-RS-L3-016:rs-30-traction-battery-control,BAG-RS-L3-016,line-3,rolling-stock,Baghdad six-car electrical integration,16,6688,6880,,,
baghdad:BAG-RS-L3-023:rs-25-clip-on-body,BAG-RS-L3-023,line-3,rolling-stock,Baghdad six-car body installation,1,6688,6712,,,
baghdad:BAG-RS-L3-092:rs-10-material-kit,BAG-RS-L3-092,line-3,rolling-stock,Baghdad trainset kitting,1,6688,6720,,,
baghdad:BAG-RS-L4-001:rs-10-material-kit,BAG-RS-L4-001,line-4,rolling-stock,Baghdad trainset kitting,2,6688,6720,,,
baghdad:BAG-RS-L4-002:rs-10-material-kit,BAG-RS-L4-002,line-4,rolling-stock,Baghdad trainset kitting,3,6688,6720,,,
baghdad:BAG-RS-L4-003:rs-10-material-kit,BAG-RS-L4-003,line-4,rolling-stock,Baghdad trainset kitting,4,6688,6720,,,
baghdad:BAG-TRK-L6-007:trk-10-survey-utility,BAG-TRK-L6-007,line-6,track-section,corridor civil crew,1,6688,6704,,,
baghdad:BAG-WPT-L3-004:wpt-10-cabinet-bench,BAG-WPT-L3-004,line-3,waypoint,wayside bench,3,1840,1864,,,
baghdad:BAG-RS-L2-074:rs-50-dynamic-commissioning,BAG-RS-L2-074,line-2,rolling-stock,Baghdad trainset acceptance bays,11,6696,6816,1,6704,6723
baghdad:BAG-RS-L2-092:rs-40-fitout-static-test,BAG-RS-L2-092,line-2,rolling-stock,Baghdad six-car fitout and static test,15,6696,6848,,,
baghdad:BAG-RS-L3-017:rs-30-traction-battery-control,BAG-RS-L3-017,line-3,rolling-stock,Baghdad six-car electrical integration,17,6696,6888,,,
baghdad:BAG-RS-L3-024:rs-25-clip-on-body,BAG-RS-L3-024,line-3,rolling-stock,Baghdad six-car body installation,2,6696,6720,,,
baghdad:BAG-RS-L3-025:rs-25-clip-on-body,BAG-RS-L3-025,line-3,rolling-stock,Baghdad six-car body installation,3,6696,6720,,,
baghdad:BAG-RS-L3-035:rs-23-moulded-body-modules,BAG-RS-L3-035,line-3,rolling-stock,Baghdad six-car composite kits,4,6696,6792,,,
baghdad:BAG-RS-L3-036:rs-23-moulded-body-modules,BAG-RS-L3-036,line-3,rolling-stock,Baghdad six-car composite kits,5,6696,6792,,,
baghdad:BAG-RS-L3-037:rs-23-moulded-body-modules,BAG-RS-L3-037,line-3,rolling-stock,Baghdad six-car composite kits,6,6696,6792,,,
baghdad:BAG-RS-L3-062:rs-20-carbody-bogie,BAG-RS-L3-062,line-3,rolling-stock,Baghdad six-car structural assembly,17,6696,6928,,,
baghdad:BAG-RS-L3-063:rs-20-carbody-bogie,BAG-RS-L3-063,line-3,rolling-stock,Baghdad six-car structural assembly,18,6696,6928,,,
baghdad:BAG-RS-L3-064:rs-20-carbody-bogie,BAG-RS-L3-064,line-3,rolling-stock,Baghdad six-car structural assembly,19,6696,6928,,,
baghdad:BAG-RS-L3-065:rs-20-carbody-bogie,BAG-RS-L3-065,line-3,rolling-stock,Baghdad six-car structural assembly,20,6696,6928,,,
baghdad:BAG-RS-L3-018:rs-30-traction-battery-control,BAG-RS-L3-018,line-3,rolling-stock,Baghdad six-car electrical integration,18,6704,6896,,,
baghdad:BAG-SIG-047:wpt-20-install-commission,BAG-SIG-047,line-3,signalling-comms,wayside systems crew,1,3392,3424,,,
baghdad:BAG-TRK-L6-007:trk-20-subgrade-drainage,BAG-TRK-L6-007,line-6,track-section,corridor civil crew,1,6704,6768,,,
baghdad:BAG-WPT-L3-002:wpt-20-install-commission,BAG-WPT-L3-002,line-3,waypoint,wayside systems crew,2,3040,3072,,,
baghdad:BAG-RS-L2-075:rs-50-dynamic-commissioning,BAG-RS-L2-075,line-2,rolling-stock,Baghdad trainset acceptance bays,12,6712,6832,0,6720,6739
baghdad:BAG-RS-L2-093:rs-40-fitout-static-test,BAG-RS-L2-093,line-2,rolling-stock,Baghdad six-car fitout and static test,1,6712,6864,,,
baghdad:BAG-RS-L2-094:rs-40-fitout-static-test,BAG-RS-L2-094,line-2,rolling-stock,Baghdad six-car fitout and static test,2,6712,6864,,,
baghdad:BAG-RS-L3-019:rs-30-traction-battery-control,BAG-RS-L3-019,line-3,rolling-stock,Baghdad six-car electrical integration,19,6712,6904,,,
baghdad:BAG-RS-L3-026:rs-25-clip-on-body,BAG-RS-L3-026,line-3,rolling-stock,Baghdad six-car body installation,1,6712,6736,,,
baghdad:BAG-WPT-L3-007:wpt-10-cabinet-bench,BAG-WPT-L3-007,line-3,waypoint,wayside bench,3,1864,1888,,,
baghdad:BAG-RS-L2-076:rs-50-dynamic-commissioning,BAG-RS-L2-076,line-2,rolling-stock,Baghdad trainset acceptance bays,13,6720,6840,1,6728,6747
baghdad:BAG-RS-L2-095:rs-40-fitout-static-test,BAG-RS-L2-095,line-2,rolling-stock,Baghdad six-car fitout and static test,16,6720,6872,,,
baghdad:BAG-RS-L3-020:rs-30-traction-battery-control,BAG-RS-L3-020,line-3,rolling-stock,Baghdad six-car electrical integration,20,6720,6912,,,
baghdad:BAG-RS-L3-027:rs-25-clip-on-body,BAG-RS-L3-027,line-3,rolling-stock,Baghdad six-car body installation,2,6720,6744,,,
baghdad:BAG-RS-L3-038:rs-23-moulded-body-modules,BAG-RS-L3-038,line-3,rolling-stock,Baghdad six-car composite kits,7,6720,6816,,,
baghdad:BAG-RS-L4-004:rs-10-material-kit,BAG-RS-L4-004,line-4,rolling-stock,Baghdad trainset kitting,1,6720,6752,,,
baghdad:BAG-RS-L4-005:rs-10-material-kit,BAG-RS-L4-005,line-4,rolling-stock,Baghdad trainset kitting,2,6720,6752,,,
baghdad:BAG-RS-L4-006:rs-10-material-kit,BAG-RS-L4-006,line-4,rolling-stock,Baghdad trainset kitting,3,6720,6752,,,
baghdad:BAG-RS-L4-007:rs-10-material-kit,BAG-RS-L4-007,line-4,rolling-stock,Baghdad trainset kitting,4,6720,6752,,,
baghdad:BAG-TRK-L5-004:trk-30-trackform-rail,BAG-TRK-L5-004,line-5,track-section,track crew,2,5224,5296,,,
baghdad:BAG-TRK-L5-009:trk-30-trackform-rail,BAG-TRK-L5-009,line-5,track-section,track crew,1,5568,5696,,,
baghdad:BAG-RS-L3-021:rs-30-traction-battery-control,BAG-RS-L3-021,line-3,rolling-stock,Baghdad six-car electrical integration,21,6728,6920,,,
baghdad:BAG-RS-L3-028:rs-25-clip-on-body,BAG-RS-L3-028,line-3,rolling-stock,Baghdad six-car body installation,3,6728,6752,,,
baghdad:BAG-RS-L3-039:rs-23-moulded-body-modules,BAG-RS-L3-039,line-3,rolling-stock,Baghdad six-car composite kits,8,6728,6824,,,
baghdad:BAG-RS-L3-040:rs-23-moulded-body-modules,BAG-RS-L3-040,line-3,rolling-stock,Baghdad six-car composite kits,9,6728,6824,,,
baghdad:BAG-RS-L3-066:rs-20-carbody-bogie,BAG-RS-L3-066,line-3,rolling-stock,Baghdad six-car structural assembly,21,6728,6960,,,
baghdad:BAG-RS-L3-067:rs-20-carbody-bogie,BAG-RS-L3-067,line-3,rolling-stock,Baghdad six-car structural assembly,22,6728,6960,,,
baghdad:BAG-RS-L3-068:rs-20-carbody-bogie,BAG-RS-L3-068,line-3,rolling-stock,Baghdad six-car structural assembly,23,6728,6960,,,
baghdad:BAG-RS-L3-069:rs-20-carbody-bogie,BAG-RS-L3-069,line-3,rolling-stock,Baghdad six-car structural assembly,24,6728,6960,,,
baghdad:BAG-WPT-L3-003:wpt-10-cabinet-bench,BAG-WPT-L3-003,line-3,waypoint,wayside bench,2,1840,1864,,,
baghdad:BAG-RS-L2-077:rs-50-dynamic-commissioning,BAG-RS-L2-077,line-2,rolling-stock,Baghdad trainset acceptance bays,1,6736,6856,0,6744,6763
baghdad:BAG-RS-L2-078:rs-50-dynamic-commissioning,BAG-RS-L2-078,line-2,rolling-stock,Baghdad trainset acceptance bays,2,6736,6856,2,6744,6763
baghdad:BAG-RS-L2-096:rs-40-fitout-static-test,BAG-RS-L2-096,line-2,rolling-stock,Baghdad six-car fitout and static test,3,6736,6888,,,
baghdad:BAG-RS-L3-029:rs-25-clip-on-body,BAG-RS-L3-029,line-3,rolling-stock,Baghdad six-car body installation,1,6736,6760,,,
baghdad:BAG-RS-L3-041:rs-23-moulded-body-modules,BAG-RS-L3-041,line-3,rolling-stock,Baghdad six-car composite kits,1,6736,6832,,,
baghdad:BAG-WPT-L3-004:wpt-20-install-commission,BAG-WPT-L3-004,line-3,waypoint,wayside systems crew,2,3144,3176,,,
baghdad:BAG-WPT-L3-007:wpt-20-install-commission,BAG-WPT-L3-007,line-3,waypoint,wayside systems crew,1,3424,3456,,,
baghdad:BAG-RS-L2-079:rs-50-dynamic-commissioning,BAG-RS-L2-079,line-2,rolling-stock,Baghdad trainset acceptance bays,3,6744,6864,1,6752,6771
baghdad:BAG-RS-L3-030:rs-25-clip-on-body,BAG-RS-L3-030,line-3,rolling-stock,Baghdad six-car body installation,2,6744,6768,,,
baghdad:BAG-WPT-L3-005:wpt-10-cabinet-bench,BAG-WPT-L3-005,line-3,waypoint,wayside bench,1,1864,1888,,,
baghdad:BAG-EN-069:en-20-energy-commission,BAG-EN-069,line-4,energy,energy crew,1,4200,4240,,,
baghdad:BAG-EN-070:en-20-energy-commission,BAG-EN-070,line-4,energy,energy crew,2,4200,4240,,,
baghdad:BAG-RS-L3-001:rs-40-fitout-static-test,BAG-RS-L3-001,line-3,rolling-stock,Baghdad six-car fitout and static test,4,6752,6904,,,
baghdad:BAG-RS-L3-002:rs-40-fitout-static-test,BAG-RS-L3-002,line-3,rolling-stock,Baghdad six-car fitout and static test,5,6752,6904,,,
baghdad:BAG-RS-L3-022:rs-30-traction-battery-control,BAG-RS-L3-022,line-3,rolling-stock,Baghdad six-car electrical integration,1,6752,6944,,,
baghdad:BAG-RS-L3-023:rs-30-traction-battery-control,BAG-RS-L3-023,line-3,rolling-stock,Baghdad six-car electrical integration,2,6752,6944,,,
baghdad:BAG-RS-L3-024:rs-30-traction-battery-control,BAG-RS-L3-024,line-3,rolling-stock,Baghdad six-car electrical integration,3,6752,6944,,,
baghdad:BAG-RS-L4-008:rs-10-material-kit,BAG-RS-L4-008,line-4,rolling-stock,Baghdad trainset kitting,1,6752,6784,,,
baghdad:BAG-RS-L4-009:rs-10-material-kit,BAG-RS-L4-009,line-4,rolling-stock,Baghdad trainset kitting,2,6752,6784,,,
baghdad:BAG-RS-L4-010:rs-10-material-kit,BAG-RS-L4-010,line-4,rolling-stock,Baghdad trainset kitting,3,6752,6784,,,
baghdad:BAG-RS-L4-011:rs-10-material-kit,BAG-RS-L4-011,line-4,rolling-stock,Baghdad trainset kitting,4,6752,6784,,,
baghdad:BAG-ST-052:st-20-mep-passenger-systems,BAG-ST-052,line-3,station,station systems crew,2,3512,3592,,,
baghdad:BAG-ST-057:st-20-mep-passenger-systems,BAG-ST-057,line-3,station,station systems crew,1,3848,3928,,,
baghdad:BAG-ST-083:st-10-civil-structure,BAG-ST-083,line-5,station,station civil crew,2,5360,5472,,,
baghdad:BAG-ST-092:st-10-civil-structure,BAG-ST-092,line-5,station,station civil crew,1,5848,5960,,,
baghdad:BAG-WPT-L3-006:wpt-10-cabinet-bench,BAG-WPT-L3-006,line-3,waypoint,wayside bench,2,1864,1888,,,
baghdad:BAG-RS-L2-080:rs-50-dynamic-commissioning,BAG-RS-L2-080,line-2,rolling-stock,Baghdad trainset acceptance bays,4,6760,6880,0,6768,6787
baghdad:BAG-RS-L3-003:rs-40-fitout-static-test,BAG-RS-L3-003,line-3,rolling-stock,Baghdad six-car fitout and static test,17,6760,6912,,,
baghdad:BAG-RS-L3-031:rs-25-clip-on-body,BAG-RS-L3-031,line-3,rolling-stock,Baghdad six-car body installation,1,6760,6784,,,
baghdad:BAG-RS-L3-032:rs-25-clip-on-body,BAG-RS-L3-032,line-3,rolling-stock,Baghdad six-car body installation,3,6760,6784,,,
baghdad:BAG-RS-L3-042:rs-23-moulded-body-modules,BAG-RS-L3-042,line-3,rolling-stock,Baghdad six-car composite kits,2,6760,6856,,,
baghdad:BAG-RS-L3-043:rs-23-moulded-body-modules,BAG-RS-L3-043,line-3,rolling-stock,Baghdad six-car composite kits,10,6760,6856,,,
baghdad:BAG-RS-L3-044:rs-23-moulded-body-modules,BAG-RS-L3-044,line-3,rolling-stock,Baghdad six-car composite kits,11,6760,6856,,,
baghdad:BAG-RS-L3-070:rs-20-carbody-bogie,BAG-RS-L3-070,line-3,rolling-stock,Baghdad six-car structural assembly,25,6760,6992,,,
baghdad:BAG-RS-L3-071:rs-20-carbody-bogie,BAG-RS-L3-071,line-3,rolling-stock,Baghdad six-car structural assembly,26,6760,6992,,,
baghdad:BAG-TRK-L6-008:trk-10-survey-utility,BAG-TRK-L6-008,line-6,track-section,corridor civil crew,2,6760,6792,,,
baghdad:BAG-RS-L2-081:rs-50-dynamic-commissioning,BAG-RS-L2-081,line-2,rolling-stock,Baghdad trainset acceptance bays,5,6768,6888,1,6776,6795
baghdad:BAG-RS-L2-082:rs-50-dynamic-commissioning,BAG-RS-L2-082,line-2,rolling-stock,Baghdad trainset acceptance bays,6,6768,6888,2,6776,6795
baghdad:BAG-RS-L3-033:rs-25-clip-on-body,BAG-RS-L3-033,line-3,rolling-stock,Baghdad six-car body installation,2,6768,6792,,,
baghdad:BAG-SIG-049:wpt-20-install-commission,BAG-SIG-049,line-3,signalling-comms,wayside systems crew,1,3496,3528,,,
baghdad:BAG-TRK-L6-009:trk-10-survey-utility,BAG-TRK-L6-009,line-6,track-section,corridor civil crew,1,6768,6792,,,
baghdad:BAG-WPT-L3-005:wpt-20-install-commission,BAG-WPT-L3-005,line-3,waypoint,wayside systems crew,2,3264,3296,,,
baghdad:BAG-RS-L3-004:rs-40-fitout-static-test,BAG-RS-L3-004,line-3,rolling-stock,Baghdad six-car fitout and static test,6,6776,6928,,,
baghdad:BAG-RS-L3-025:rs-30-traction-battery-control,BAG-RS-L3-025,line-3,rolling-stock,Baghdad six-car electrical integration,4,6776,6968,,,
baghdad:BAG-RS-L3-045:rs-23-moulded-body-modules,BAG-RS-L3-045,line-3,rolling-stock,Baghdad six-car composite kits,3,6776,6872,,,
baghdad:BAG-WPT-L3-009:wpt-10-cabinet-bench,BAG-WPT-L3-009,line-3,waypoint,wayside bench,2,1888,1912,,,
baghdad:BAG-RS-L2-083:rs-50-dynamic-commissioning,BAG-RS-L2-083,line-2,rolling-stock,Baghdad trainset acceptance bays,7,6784,6904,0,6792,6811
baghdad:BAG-RS-L3-005:rs-40-fitout-static-test,BAG-RS-L3-005,line-3,rolling-stock,Baghdad six-car fitout and static test,7,6784,6936,,,
baghdad:BAG-RS-L3-026:rs-30-traction-battery-control,BAG-RS-L3-026,line-3,rolling-stock,Baghdad six-car electrical integration,5,6784,6976,,,
baghdad:BAG-RS-L3-034:rs-25-clip-on-body,BAG-RS-L3-034,line-3,rolling-stock,Baghdad six-car body installation,1,6784,6808,,,
baghdad:BAG-RS-L4-012:rs-10-material-kit,BAG-RS-L4-012,line-4,rolling-stock,Baghdad trainset kitting,1,6784,6816,,,
baghdad:BAG-RS-L4-013:rs-10-material-kit,BAG-RS-L4-013,line-4,rolling-stock,Baghdad trainset kitting,2,6784,6816,,,
baghdad:BAG-RS-L4-014:rs-10-material-kit,BAG-RS-L4-014,line-4,rolling-stock,Baghdad trainset kitting,3,6784,6816,,,
baghdad:BAG-RS-L4-015:rs-10-material-kit,BAG-RS-L4-015,line-4,rolling-stock,Baghdad trainset kitting,4,6784,6816,,,
baghdad:BAG-EN-071:en-10-energy-build,BAG-EN-071,line-4,energy,energy crew,1,4240,4320,,,
baghdad:BAG-EN-072:en-10-energy-build,BAG-EN-072,line-5,energy,energy crew,2,4240,4320,,,
baghdad:BAG-RS-L2-084:rs-50-dynamic-commissioning,BAG-RS-L2-084,line-2,rolling-stock,Baghdad trainset acceptance bays,8,6792,6912,1,6800,6819
baghdad:BAG-RS-L3-006:rs-40-fitout-static-test,BAG-RS-L3-006,line-3,rolling-stock,Baghdad six-car fitout and static test,8,6792,6944,,,
baghdad:BAG-RS-L3-027:rs-30-traction-battery-control,BAG-RS-L3-027,line-3,rolling-stock,Baghdad six-car electrical integration,6,6792,6984,,,
baghdad:BAG-RS-L3-035:rs-25-clip-on-body,BAG-RS-L3-035,line-3,rolling-stock,Baghdad six-car body installation,2,6792,6816,,,
baghdad:BAG-RS-L3-036:rs-25-clip-on-body,BAG-RS-L3-036,line-3,rolling-stock,Baghdad six-car body installation,3,6792,6816,,,
baghdad:BAG-TRK-L5-005:trk-30-trackform-rail,BAG-TRK-L5-005,line-5,track-section,track crew,2,5296,5352,,,
baghdad:BAG-TRK-L6-008:trk-20-subgrade-drainage,BAG-TRK-L6-008,line-6,track-section,corridor civil crew,1,6792,6936,,,
baghdad:BAG-TRK-L6-009:trk-20-subgrade-drainage,BAG-TRK-L6-009,line-6,track-section,corridor civil crew,2,6792,6896,,,
baghdad:BAG-RS-L3-007:rs-40-fitout-static-test,BAG-RS-L3-007,line-3,rolling-stock,Baghdad six-car fitout and static test,9,6800,6952,,,
baghdad:BAG-RS-L3-028:rs-30-traction-battery-control,BAG-RS-L3-028,line-3,rolling-stock,Baghdad six-car electrical integration,7,6800,6992,,,
baghdad:BAG-RS-L3-046:rs-23-moulded-body-modules,BAG-RS-L3-046,line-3,rolling-stock,Baghdad six-car composite kits,4,6800,6896,,,
baghdad:BAG-RS-L3-047:rs-23-moulded-body-modules,BAG-RS-L3-047,line-3,rolling-stock,Baghdad six-car composite kits,5,6800,6896,,,
baghdad:BAG-RS-L3-048:rs-23-moulded-body-modules,BAG-RS-L3-048,line-3,rolling-stock,Baghdad six-car composite kits,6,6800,6896,,,
baghdad:BAG-RS-L3-072:rs-20-carbody-bogie,BAG-RS-L3-072,line-3,rolling-stock,Baghdad six-car structural assembly,1,6800,7032,,,
baghdad:BAG-RS-L3-073:rs-20-carbody-bogie,BAG-RS-L3-073,line-3,rolling-stock,Baghdad six-car structural assembly,2,6800,7032,,,
baghdad:BAG-RS-L3-074:rs-20-carbody-bogie,BAG-RS-L3-074,line-3,rolling-stock,Baghdad six-car structural assembly,3,6800,7032,,,
baghdad:BAG-RS-L3-075:rs-20-carbody-bogie,BAG-RS-L3-075,line-3,rolling-stock,Baghdad six-car structural assembly,4,6800,7032,,,
baghdad:BAG-WPT-L3-003:wpt-20-install-commission,BAG-WPT-L3-003,line-3,waypoint,wayside systems crew,2,3344,3376,,,
baghdad:BAG-WPT-L3-009:wpt-20-install-commission,BAG-WPT-L3-009,line-3,waypoint,wayside systems crew,1,3528,3560,,,
baghdad:BAG-RS-L2-085:rs-50-dynamic-commissioning,BAG-RS-L2-085,line-2,rolling-stock,Baghdad trainset acceptance bays,9,6808,6928,0,6816,6835
baghdad:BAG-RS-L2-086:rs-50-dynamic-commissioning,BAG-RS-L2-086,line-2,rolling-stock,Baghdad trainset acceptance bays,10,6808,6928,2,6816,6835
baghdad:BAG-RS-L3-008:rs-40-fitout-static-test,BAG-RS-L3-008,line-3,rolling-stock,Baghdad six-car fitout and static test,10,6808,6960,,,
baghdad:BAG-RS-L3-029:rs-30-traction-battery-control,BAG-RS-L3-029,line-3,rolling-stock,Baghdad six-car electrical integration,8,6808,7000,,,
baghdad:BAG-RS-L3-037:rs-25-clip-on-body,BAG-RS-L3-037,line-3,rolling-stock,Baghdad six-car body installation,1,6808,6832,,,
baghdad:BAG-RS-L2-087:rs-50-dynamic-commissioning,BAG-RS-L2-087,line-2,rolling-stock,Baghdad trainset acceptance bays,11,6816,6936,1,6824,6843
baghdad:BAG-RS-L3-009:rs-40-fitout-static-test,BAG-RS-L3-009,line-3,rolling-stock,Baghdad six-car fitout and static test,11,6816,6968,,,
baghdad:BAG-RS-L3-030:rs-30-traction-battery-control,BAG-RS-L3-030,line-3,rolling-stock,Baghdad six-car electrical integration,9,6816,7008,,,
baghdad:BAG-RS-L3-038:rs-25-clip-on-body,BAG-RS-L3-038,line-3,rolling-stock,Baghdad six-car body installation,2,6816,6840,,,
baghdad:BAG-RS-L3-049:rs-23-moulded-body-modules,BAG-RS-L3-049,line-3,rolling-stock,Baghdad six-car composite kits,7,6816,6912,,,
baghdad:BAG-RS-L4-016:rs-10-material-kit,BAG-RS-L4-016,line-4,rolling-stock,Baghdad trainset kitting,1,6816,6848,,,
baghdad:BAG-RS-L4-017:rs-10-material-kit,BAG-RS-L4-017,line-4,rolling-stock,Baghdad trainset kitting,2,6816,6848,,,
baghdad:BAG-RS-L4-018:rs-10-material-kit,BAG-RS-L4-018,line-4,rolling-stock,Baghdad trainset kitting,3,6816,6848,,,
baghdad:BAG-RS-L4-019:rs-10-material-kit,BAG-RS-L4-019,line-4,rolling-stock,Baghdad trainset kitting,4,6816,6848,,,
baghdad:BAG-WPT-L3-008:wpt-10-cabinet-bench,BAG-WPT-L3-008,line-3,waypoint,wayside bench,1,1888,1912,,,
baghdad:BAG-RS-L3-010:rs-40-fitout-static-test,BAG-RS-L3-010,line-3,rolling-stock,Baghdad six-car fitout and static test,12,6824,6976,,,
baghdad:BAG-RS-L3-031:rs-30-traction-battery-control,BAG-RS-L3-031,line-3,rolling-stock,Baghdad six-car electrical integration,10,6824,7016,,,
baghdad:BAG-RS-L3-039:rs-25-clip-on-body,BAG-RS-L3-039,line-3,rolling-stock,Baghdad six-car body installation,3,6824,6848,,,
baghdad:BAG-RS-L2-088:rs-50-dynamic-commissioning,BAG-RS-L2-088,line-2,rolling-stock,Baghdad trainset acceptance bays,12,6832,6952,0,6840,6859
baghdad:BAG-RS-L3-011:rs-40-fitout-static-test,BAG-RS-L3-011,line-3,rolling-stock,Baghdad six-car fitout and static test,13,6832,6984,,,
baghdad:BAG-RS-L3-032:rs-30-traction-battery-control,BAG-RS-L3-032,line-3,rolling-stock,Baghdad six-car electrical integration,11,6832,7024,,,
baghdad:BAG-RS-L3-040:rs-25-clip-on-body,BAG-RS-L3-040,line-3,rolling-stock,Baghdad six-car body installation,1,6832,6856,,,
baghdad:BAG-RS-L3-050:rs-23-moulded-body-modules,BAG-RS-L3-050,line-3,rolling-stock,Baghdad six-car composite kits,1,6832,6928,,,
baghdad:BAG-RS-L3-051:rs-23-moulded-body-modules,BAG-RS-L3-051,line-3,rolling-stock,Baghdad six-car composite kits,8,6832,6928,,,
baghdad:BAG-RS-L3-052:rs-23-moulded-body-modules,BAG-RS-L3-052,line-3,rolling-stock,Baghdad six-car composite kits,9,6832,6928,,,
baghdad:BAG-RS-L3-076:rs-20-carbody-bogie,BAG-RS-L3-076,line-3,rolling-stock,Baghdad six-car structural assembly,5,6832,7064,,,
baghdad:BAG-RS-L3-077:rs-20-carbody-bogie,BAG-RS-L3-077,line-3,rolling-stock,Baghdad six-car structural assembly,6,6832,7064,,,
baghdad:BAG-RS-L3-078:rs-20-carbody-bogie,BAG-RS-L3-078,line-3,rolling-stock,Baghdad six-car structural assembly,7,6832,7064,,,
baghdad:BAG-RS-L3-079:rs-20-carbody-bogie,BAG-RS-L3-079,line-3,rolling-stock,Baghdad six-car structural assembly,8,6832,7064,,,
baghdad:BAG-SIG-051:wpt-20-install-commission,BAG-SIG-051,line-3,signalling-comms,wayside systems crew,1,3584,3616,,,
baghdad:BAG-ST-054:st-20-mep-passenger-systems,BAG-ST-054,line-3,station,station systems crew,2,3624,3704,,,
baghdad:BAG-ST-059:st-20-mep-passenger-systems,BAG-ST-059,line-3,station,station systems crew,1,3960,4040,,,
baghdad:BAG-WPT-L3-006:wpt-20-install-commission,BAG-WPT-L3-006,line-3,waypoint,wayside systems crew,2,3392,3424,,,
baghdad:BAG-RS-L2-089:rs-50-dynamic-commissioning,BAG-RS-L2-089,line-2,rolling-stock,Baghdad trainset acceptance bays,13,6840,6960,1,6848,6867
baghdad:BAG-RS-L3-041:rs-25-clip-on-body,BAG-RS-L3-041,line-3,rolling-stock,Baghdad six-car body installation,2,6840,6864,,,
baghdad:BAG-WPT-L3-011:wpt-10-cabinet-bench,BAG-WPT-L3-011,line-3,waypoint,wayside bench,1,1912,1936,,,
baghdad:BAG-RS-L3-012:rs-40-fitout-static-test,BAG-RS-L3-012,line-3,rolling-stock,Baghdad six-car fitout and static test,14,6848,7000,,,
baghdad:BAG-RS-L3-013:rs-40-fitout-static-test,BAG-RS-L3-013,line-3,rolling-stock,Baghdad six-car fitout and static test,15,6848,7000,,,
baghdad:BAG-RS-L3-033:rs-30-traction-battery-control,BAG-RS-L3-033,line-3,rolling-stock,Baghdad six-car electrical integration,12,6848,7040,,,
baghdad:BAG-RS-L3-034:rs-30-traction-battery-control,BAG-RS-L3-034,line-3,rolling-stock,Baghdad six-car electrical integration,13,6848,7040,,,
baghdad:BAG-RS-L4-020:rs-10-material-kit,BAG-RS-L4-020,line-4,rolling-stock,Baghdad trainset kitting,1,6848,6880,,,
baghdad:BAG-RS-L4-021:rs-10-material-kit,BAG-RS-L4-021,line-4,rolling-stock,Baghdad trainset kitting,2,6848,6880,,,
baghdad:BAG-RS-L4-022:rs-10-material-kit,BAG-RS-L4-022,line-4,rolling-stock,Baghdad trainset kitting,3,6848,6880,,,
baghdad:BAG-RS-L4-023:rs-10-material-kit,BAG-RS-L4-023,line-4,rolling-stock,Baghdad trainset kitting,4,6848,6880,,,
baghdad:BAG-TRK-L5-007:trk-30-trackform-rail,BAG-TRK-L5-007,line-5,track-section,track crew,2,5408,5496,,,
baghdad:BAG-TRK-L5-012:trk-30-trackform-rail,BAG-TRK-L5-012,line-5,track-section,track crew,1,5696,5760,,,
baghdad:BAG-RS-L2-090:rs-50-dynamic-commissioning,BAG-RS-L2-090,line-2,rolling-stock,Baghdad trainset acceptance bays,1,6856,6976,0,6864,6883
baghdad:BAG-RS-L2-091:rs-50-dynamic-commissioning,BAG-RS-L2-091,line-2,rolling-stock,Baghdad trainset acceptance bays,2,6856,6976,2,6864,6883
baghdad:BAG-RS-L3-035:rs-30-traction-battery-control,BAG-RS-L3-035,line-3,rolling-stock,Baghdad six-car electrical integration,14,6856,7048,,,
baghdad:BAG-RS-L3-042:rs-25-clip-on-body,BAG-RS-L3-042,line-3,rolling-stock,Baghdad six-car body installation,1,6856,6880,,,
baghdad:BAG-RS-L3-043:rs-25-clip-on-body,BAG-RS-L3-043,line-3,rolling-stock,Baghdad six-car body installation,3,6856,6880,,,
baghdad:BAG-RS-L3-053:rs-23-moulded-body-modules,BAG-RS-L3-053,line-3,rolling-stock,Baghdad six-car composite kits,2,6856,6952,,,
baghdad:BAG-RS-L2-092:rs-50-dynamic-commissioning,BAG-RS-L2-092,line-2,rolling-stock,Baghdad trainset acceptance bays,3,6864,6984,1,6872,6891
baghdad:BAG-RS-L3-014:rs-40-fitout-static-test,BAG-RS-L3-014,line-3,rolling-stock,Baghdad six-car fitout and static test,1,6864,7016,,,
baghdad:BAG-RS-L3-044:rs-25-clip-on-body,BAG-RS-L3-044,line-3,rolling-stock,Baghdad six-car body installation,2,6864,6888,,,
baghdad:BAG-RS-L3-054:rs-23-moulded-body-modules,BAG-RS-L3-054,line-3,rolling-stock,Baghdad six-car composite kits,10,6864,6960,,,
baghdad:BAG-RS-L3-055:rs-23-moulded-body-modules,BAG-RS-L3-055,line-3,rolling-stock,Baghdad six-car composite kits,11,6864,6960,,,
baghdad:BAG-RS-L3-080:rs-20-carbody-bogie,BAG-RS-L3-080,line-3,rolling-stock,Baghdad six-car structural assembly,9,6864,7096,,,
baghdad:BAG-RS-L3-081:rs-20-carbody-bogie,BAG-RS-L3-081,line-3,rolling-stock,Baghdad six-car structural assembly,10,6864,7096,,,
baghdad:BAG-RS-L3-082:rs-20-carbody-bogie,BAG-RS-L3-082,line-3,rolling-stock,Baghdad six-car structural assembly,11,6864,7096,,,
baghdad:BAG-RS-L3-083:rs-20-carbody-bogie,BAG-RS-L3-083,line-3,rolling-stock,Baghdad six-car structural assembly,12,6864,7096,,,
baghdad:BAG-ST-085:st-10-civil-structure,BAG-ST-085,line-5,station,station civil crew,2,5472,5584,,,
baghdad:BAG-ST-094:st-10-civil-structure,BAG-ST-094,line-5,station,station civil crew,1,5960,6072,,,
baghdad:BAG-WPT-L3-008:wpt-20-install-commission,BAG-WPT-L3-008,line-3,waypoint,wayside systems crew,2,3496,3528,,,
baghdad:BAG-WPT-L3-011:wpt-20-install-commission,BAG-WPT-L3-011,line-3,waypoint,wayside systems crew,1,3616,3648,,,
baghdad:BAG-EN-071:en-20-energy-commission,BAG-EN-071,line-4,energy,energy crew,1,4320,4360,,,
baghdad:BAG-EN-072:en-20-energy-commission,BAG-EN-072,line-5,energy,energy crew,2,4320,4360,,,
baghdad:BAG-RS-L3-015:rs-40-fitout-static-test,BAG-RS-L3-015,line-3,rolling-stock,Baghdad six-car fitout and static test,2,6872,7024,,,
baghdad:BAG-RS-L3-036:rs-30-traction-battery-control,BAG-RS-L3-036,line-3,rolling-stock,Baghdad six-car electrical integration,15,6872,7064,,,
baghdad:BAG-RS-L3-056:rs-23-moulded-body-modules,BAG-RS-L3-056,line-3,rolling-stock,Baghdad six-car composite kits,3,6872,6968,,,
baghdad:BAG-WPT-L3-010:wpt-10-cabinet-bench,BAG-WPT-L3-010,line-3,waypoint,wayside bench,3,1888,1912,,,
baghdad:BAG-RS-L2-093:rs-50-dynamic-commissioning,BAG-RS-L2-093,line-2,rolling-stock,Baghdad trainset acceptance bays,4,6880,7000,0,6888,6907
baghdad:BAG-RS-L3-016:rs-40-fitout-static-test,BAG-RS-L3-016,line-3,rolling-stock,Baghdad six-car fitout and static test,16,6880,7032,,,
baghdad:BAG-RS-L3-037:rs-30-traction-battery-control,BAG-RS-L3-037,line-3,rolling-stock,Baghdad six-car electrical integration,16,6880,7072,,,
baghdad:BAG-RS-L3-045:rs-25-clip-on-body,BAG-RS-L3-045,line-3,rolling-stock,Baghdad six-car body installation,1,6880,6904,,,
baghdad:BAG-RS-L4-024:rs-10-material-kit,BAG-RS-L4-024,line-4,rolling-stock,Baghdad trainset kitting,1,6880,6912,,,
baghdad:BAG-RS-L4-025:rs-10-material-kit,BAG-RS-L4-025,line-4,rolling-stock,Baghdad trainset kitting,2,6880,6912,,,
baghdad:BAG-RS-L4-026:rs-10-material-kit,BAG-RS-L4-026,line-4,rolling-stock,Baghdad trainset kitting,3,6880,6912,,,
baghdad:BAG-RS-L4-027:rs-10-material-kit,BAG-RS-L4-027,line-4,rolling-stock,Baghdad trainset kitting,4,6880,6912,,,
baghdad:BAG-RS-L2-094:rs-50-dynamic-commissioning,BAG-RS-L2-094,line-2,rolling-stock,Baghdad trainset acceptance bays,5,6888,7008,1,6896,6915
baghdad:BAG-RS-L2-095:rs-50-dynamic-commissioning,BAG-RS-L2-095,line-2,rolling-stock,Baghdad trainset acceptance bays,6,6888,7008,2,6896,6915
baghdad:BAG-RS-L3-017:rs-40-fitout-static-test,BAG-RS-L3-017,line-3,rolling-stock,Baghdad six-car fitout and static test,3,6888,7040,,,
baghdad:BAG-RS-L3-038:rs-30-traction-battery-control,BAG-RS-L3-038,line-3,rolling-stock,Baghdad six-car electrical integration,17,6888,7080,,,
baghdad:BAG-RS-L3-039:rs-30-traction-battery-control,BAG-RS-L3-039,line-3,rolling-stock,Baghdad six-car electrical integration,18,6896,7088,,,
baghdad:BAG-RS-L3-046:rs-25-clip-on-body,BAG-RS-L3-046,line-3,rolling-stock,Baghdad six-car body installation,2,6896,6920,,,
baghdad:BAG-RS-L3-047:rs-25-clip-on-body,BAG-RS-L3-047,line-3,rolling-stock,Baghdad six-car body installation,3,6896,6920,,,
baghdad:BAG-RS-L3-057:rs-23-moulded-body-modules,BAG-RS-L3-057,line-3,rolling-stock,Baghdad six-car composite kits,4,6896,6992,,,
baghdad:BAG-RS-L3-058:rs-23-moulded-body-modules,BAG-RS-L3-058,line-3,rolling-stock,Baghdad six-car composite kits,5,6896,6992,,,
baghdad:BAG-RS-L3-059:rs-23-moulded-body-modules,BAG-RS-L3-059,line-3,rolling-stock,Baghdad six-car composite kits,6,6896,6992,,,
baghdad:BAG-RS-L3-084:rs-20-carbody-bogie,BAG-RS-L3-084,line-3,rolling-stock,Baghdad six-car structural assembly,13,6896,7128,,,
baghdad:BAG-RS-L3-085:rs-20-carbody-bogie,BAG-RS-L3-085,line-3,rolling-stock,Baghdad six-car structural assembly,14,6896,7128,,,
baghdad:BAG-RS-L3-086:rs-20-carbody-bogie,BAG-RS-L3-086,line-3,rolling-stock,Baghdad six-car structural assembly,15,6896,7128,,,
baghdad:BAG-RS-L3-087:rs-20-carbody-bogie,BAG-RS-L3-087,line-3,rolling-stock,Baghdad six-car structural assembly,16,6896,7128,,,
baghdad:BAG-SIG-054:wpt-20-install-commission,BAG-SIG-054,line-3,signalling-comms,wayside systems crew,1,3656,3688,,,
baghdad:BAG-TRK-L6-010:trk-10-survey-utility,BAG-TRK-L6-010,line-6,track-section,corridor civil crew,2,6896,6912,,,
baghdad:BAG-WPT-L3-010:wpt-20-install-commission,BAG-WPT-L3-010,line-3,waypoint,wayside systems crew,2,3584,3616,,,
baghdad:BAG-RS-L2-096:rs-50-dynamic-commissioning,BAG-RS-L2-096,line-2,rolling-stock,Baghdad trainset acceptance bays,7,6904,7024,0,6912,6931
baghdad:BAG-RS-L3-018:rs-40-fitout-static-test,BAG-RS-L3-018,line-3,rolling-stock,Baghdad six-car fitout and static test,4,6904,7056,,,
baghdad:BAG-RS-L3-019:rs-40-fitout-static-test,BAG-RS-L3-019,line-3,rolling-stock,Baghdad six-car fitout and static test,5,6904,7056,,,
baghdad:BAG-RS-L3-040:rs-30-traction-battery-control,BAG-RS-L3-040,line-3,rolling-stock,Baghdad six-car electrical integration,19,6904,7096,,,
baghdad:BAG-RS-L3-048:rs-25-clip-on-body,BAG-RS-L3-048,line-3,rolling-stock,Baghdad six-car body installation,1,6904,6928,,,
baghdad:BAG-WPT-L3-013:wpt-10-cabinet-bench,BAG-WPT-L3-013,line-3,waypoint,wayside bench,3,1912,1936,,,
baghdad:BAG-EN-073:en-10-energy-build,BAG-EN-073,line-5,energy,energy crew,1,4360,4440,,,
baghdad:BAG-EN-074:en-10-energy-build,BAG-EN-074,line-5,energy,energy crew,2,4360,4440,,,
baghdad:BAG-RS-L3-001:rs-50-dynamic-commissioning,BAG-RS-L3-001,line-3,rolling-stock,Baghdad trainset acceptance bays,8,6912,7032,1,6920,6939
baghdad:BAG-RS-L3-020:rs-40-fitout-static-test,BAG-RS-L3-020,line-3,rolling-stock,Baghdad six-car fitout and static test,17,6912,7064,,,
baghdad:BAG-RS-L3-041:rs-30-traction-battery-control,BAG-RS-L3-041,line-3,rolling-stock,Baghdad six-car electrical integration,20,6912,7104,,,
baghdad:BAG-RS-L3-060:rs-23-moulded-body-modules,BAG-RS-L3-060,line-3,rolling-stock,Baghdad six-car composite kits,7,6912,7008,,,
baghdad:BAG-RS-L4-028:rs-10-material-kit,BAG-RS-L4-028,line-4,rolling-stock,Baghdad trainset kitting,1,6912,6944,,,
baghdad:BAG-RS-L4-029:rs-10-material-kit,BAG-RS-L4-029,line-4,rolling-stock,Baghdad trainset kitting,2,6912,6944,,,
baghdad:BAG-RS-L4-030:rs-10-material-kit,BAG-RS-L4-030,line-4,rolling-stock,Baghdad trainset kitting,3,6912,6944,,,
baghdad:BAG-RS-L4-031:rs-10-material-kit,BAG-RS-L4-031,line-4,rolling-stock,Baghdad trainset kitting,4,6912,6944,,,
baghdad:BAG-ST-056:st-20-mep-passenger-systems,BAG-ST-056,line-3,station,station systems crew,2,3736,3816,,,
baghdad:BAG-ST-061:st-20-mep-passenger-systems,BAG-ST-061,line-4,station,station systems crew,1,4080,4160,,,
baghdad:BAG-TRK-L5-013:trk-30-trackform-rail,BAG-TRK-L5-013,line-5,track-section,track crew,1,5784,5864,,,
baghdad:BAG-TRK-L6-010:trk-20-subgrade-drainage,BAG-TRK-L6-010,line-6,track-section,corridor civil crew,2,6912,6992,,,
baghdad:BAG-RS-L3-042:rs-30-traction-battery-control,BAG-RS-L3-042,line-3,rolling-stock,Baghdad six-car electrical integration,21,6920,7112,,,
baghdad:BAG-RS-L3-049:rs-25-clip-on-body,BAG-RS-L3-049,line-3,rolling-stock,Baghdad six-car body installation,2,6920,6944,,,
baghdad:BAG-RS-L3-002:rs-50-dynamic-commissioning,BAG-RS-L3-002,line-3,rolling-stock,Baghdad trainset acceptance bays,9,6928,7048,0,6936,6955
baghdad:BAG-RS-L3-003:rs-50-dynamic-commissioning,BAG-RS-L3-003,line-3,rolling-stock,Baghdad trainset acceptance bays,10,6928,7048,2,6936,6955
baghdad:BAG-RS-L3-021:rs-40-fitout-static-test,BAG-RS-L3-021,line-3,rolling-stock,Baghdad six-car fitout and static test,6,6928,7080,,,
baghdad:BAG-RS-L3-050:rs-25-clip-on-body,BAG-RS-L3-050,line-3,rolling-stock,Baghdad six-car body installation,1,6928,6952,,,
baghdad:BAG-RS-L3-051:rs-25-clip-on-body,BAG-RS-L3-051,line-3,rolling-stock,Baghdad six-car body installation,3,6928,6952,,,
baghdad:BAG-RS-L3-061:rs-23-moulded-body-modules,BAG-RS-L3-061,line-3,rolling-stock,Baghdad six-car composite kits,1,6928,7024,,,
baghdad:BAG-RS-L3-062:rs-23-moulded-body-modules,BAG-RS-L3-062,line-3,rolling-stock,Baghdad six-car composite kits,8,6928,7024,,,
baghdad:BAG-RS-L3-063:rs-23-moulded-body-modules,BAG-RS-L3-063,line-3,rolling-stock,Baghdad six-car composite kits,9,6928,7024,,,
baghdad:BAG-RS-L3-088:rs-20-carbody-bogie,BAG-RS-L3-088,line-3,rolling-stock,Baghdad six-car structural assembly,17,6928,7160,,,
baghdad:BAG-RS-L3-089:rs-20-carbody-bogie,BAG-RS-L3-089,line-3,rolling-stock,Baghdad six-car structural assembly,18,6928,7160,,,
baghdad:BAG-RS-L3-090:rs-20-carbody-bogie,BAG-RS-L3-090,line-3,rolling-stock,Baghdad six-car structural assembly,19,6928,7160,,,
baghdad:BAG-RS-L3-091:rs-20-carbody-bogie,BAG-RS-L3-091,line-3,rolling-stock,Baghdad six-car structural assembly,20,6928,7160,,,
baghdad:BAG-SIG-053:wpt-20-install-commission,BAG-SIG-053,line-3,signalling-comms,wayside systems crew,1,3712,3744,,,
baghdad:BAG-WPT-L3-013:wpt-20-install-commission,BAG-WPT-L3-013,line-3,waypoint,wayside systems crew,2,3656,3688,,,
baghdad:BAG-RS-L3-004:rs-50-dynamic-commissioning,BAG-RS-L3-004,line-3,rolling-stock,Baghdad trainset acceptance bays,11,6936,7056,1,6944,6963
baghdad:BAG-TRK-L5-010:trk-30-trackform-rail,BAG-TRK-L5-010,line-5,track-section,track crew,2,5608,5752,,,
baghdad:BAG-TRK-L6-011:trk-10-survey-utility,BAG-TRK-L6-011,line-6,track-section,corridor civil crew,1,6936,6952,,,
baghdad:BAG-WPT-L3-012:wpt-10-cabinet-bench,BAG-WPT-L3-012,line-3,waypoint,wayside bench,2,1912,1936,,,
baghdad:BAG-WPT-L3-014:wpt-10-cabinet-bench,BAG-WPT-L3-014,line-3,waypoint,wayside bench,1,1936,1960,,,
baghdad:BAG-RS-L3-022:rs-40-fitout-static-test,BAG-RS-L3-022,line-3,rolling-stock,Baghdad six-car fitout and static test,7,6944,7096,,,
baghdad:BAG-RS-L3-023:rs-40-fitout-static-test,BAG-RS-L3-023,line-3,rolling-stock,Baghdad six-car fitout and static test,8,6944,7096,,,
baghdad:BAG-RS-L3-043:rs-30-traction-battery-control,BAG-RS-L3-043,line-3,rolling-stock,Baghdad six-car electrical integration,1,6944,7136,,,
baghdad:BAG-RS-L3-044:rs-30-traction-battery-control,BAG-RS-L3-044,line-3,rolling-stock,Baghdad six-car electrical integration,2,6944,7136,,,
baghdad:BAG-RS-L3-045:rs-30-traction-battery-control,BAG-RS-L3-045,line-3,rolling-stock,Baghdad six-car electrical integration,3,6944,7136,,,
baghdad:BAG-RS-L3-052:rs-25-clip-on-body,BAG-RS-L3-052,line-3,rolling-stock,Baghdad six-car body installation,2,6944,6968,,,
baghdad:BAG-RS-L4-032:rs-10-material-kit,BAG-RS-L4-032,line-4,rolling-stock,Baghdad trainset kitting,1,6944,6976,,,
baghdad:BAG-RS-L4-033:rs-10-material-kit,BAG-RS-L4-033,line-4,rolling-stock,Baghdad trainset kitting,2,6944,6976,,,
baghdad:BAG-RS-L4-034:rs-10-material-kit,BAG-RS-L4-034,line-4,rolling-stock,Baghdad trainset kitting,3,6944,6976,,,
baghdad:BAG-RS-L4-035:rs-10-material-kit,BAG-RS-L4-035,line-4,rolling-stock,Baghdad trainset kitting,4,6944,6976,,,
baghdad:BAG-RS-L3-005:rs-50-dynamic-commissioning,BAG-RS-L3-005,line-3,rolling-stock,Baghdad trainset acceptance bays,12,6952,7072,0,6960,6979
baghdad:BAG-RS-L3-024:rs-40-fitout-static-test,BAG-RS-L3-024,line-3,rolling-stock,Baghdad six-car fitout and static test,9,6952,7104,,,
baghdad:BAG-RS-L3-053:rs-25-clip-on-body,BAG-RS-L3-053,line-3,rolling-stock,Baghdad six-car body installation,1,6952,6976,,,
baghdad:BAG-RS-L3-064:rs-23-moulded-body-modules,BAG-RS-L3-064,line-3,rolling-stock,Baghdad six-car composite kits,2,6952,7048,,,
baghdad:BAG-TRK-L6-011:trk-20-subgrade-drainage,BAG-TRK-L6-011,line-6,track-section,corridor civil crew,1,6952,7032,,,
baghdad:BAG-RS-L3-006:rs-50-dynamic-commissioning,BAG-RS-L3-006,line-3,rolling-stock,Baghdad trainset acceptance bays,13,6960,7080,1,6968,6987
baghdad:BAG-RS-L3-054:rs-25-clip-on-body,BAG-RS-L3-054,line-3,rolling-stock,Baghdad six-car body installation,3,6960,6984,,,
baghdad:BAG-RS-L3-065:rs-23-moulded-body-modules,BAG-RS-L3-065,line-3,rolling-stock,Baghdad six-car composite kits,10,6960,7056,,,
baghdad:BAG-RS-L3-066:rs-23-moulded-body-modules,BAG-RS-L3-066,line-3,rolling-stock,Baghdad six-car composite kits,11,6960,7056,,,
baghdad:BAG-RS-L3-092:rs-20-carbody-bogie,BAG-RS-L3-092,line-3,rolling-stock,Baghdad six-car structural assembly,21,6960,7192,,,
baghdad:BAG-RS-L4-001:rs-20-carbody-bogie,BAG-RS-L4-001,line-4,rolling-stock,Baghdad six-car structural assembly,22,6960,7192,,,
baghdad:BAG-RS-L4-002:rs-20-carbody-bogie,BAG-RS-L4-002,line-4,rolling-stock,Baghdad six-car structural assembly,23,6960,7192,,,
baghdad:BAG-RS-L4-003:rs-20-carbody-bogie,BAG-RS-L4-003,line-4,rolling-stock,Baghdad six-car structural assembly,24,6960,7192,,,
baghdad:BAG-WPT-L3-012:wpt-20-install-commission,BAG-WPT-L3-012,line-3,waypoint,wayside systems crew,2,3712,3744,,,
baghdad:BAG-WPT-L3-014:wpt-20-install-commission,BAG-WPT-L3-014,line-3,waypoint,wayside systems crew,1,3744,3776,,,
baghdad:BAG-RS-L3-025:rs-40-fitout-static-test,BAG-RS-L3-025,line-3,rolling-stock,Baghdad six-car fitout and static test,10,6968,7120,,,
baghdad:BAG-RS-L3-046:rs-30-traction-battery-control,BAG-RS-L3-046,line-3,rolling-stock,Baghdad six-car electrical integration,4,6968,7160,,,
baghdad:BAG-RS-L3-055:rs-25-clip-on-body,BAG-RS-L3-055,line-3,rolling-stock,Baghdad six-car body installation,2,6968,6992,,,
baghdad:BAG-RS-L3-067:rs-23-moulded-body-modules,BAG-RS-L3-067,line-3,rolling-stock,Baghdad six-car composite kits,3,6968,7064,,,
baghdad:BAG-WPT-L3-015:wpt-10-cabinet-bench,BAG-WPT-L3-015,line-3,waypoint,wayside bench,2,1936,1960,,,
baghdad:BAG-RS-L3-007:rs-50-dynamic-commissioning,BAG-RS-L3-007,line-3,rolling-stock,Baghdad trainset acceptance bays,1,6976,7096,0,6984,7003
baghdad:BAG-RS-L3-008:rs-50-dynamic-commissioning,BAG-RS-L3-008,line-3,rolling-stock,Baghdad trainset acceptance bays,2,6976,7096,2,6984,7003
baghdad:BAG-RS-L3-026:rs-40-fitout-static-test,BAG-RS-L3-026,line-3,rolling-stock,Baghdad six-car fitout and static test,11,6976,7128,,,
baghdad:BAG-RS-L3-047:rs-30-traction-battery-control,BAG-RS-L3-047,line-3,rolling-stock,Baghdad six-car electrical integration,5,6976,7168,,,
baghdad:BAG-RS-L3-056:rs-25-clip-on-body,BAG-RS-L3-056,line-3,rolling-stock,Baghdad six-car body installation,1,6976,7000,,,
baghdad:BAG-RS-L4-036:rs-10-material-kit,BAG-RS-L4-036,line-4,rolling-stock,Baghdad trainset kitting,1,6976,7008,,,
baghdad:BAG-RS-L4-037:rs-10-material-kit,BAG-RS-L4-037,line-4,rolling-stock,Baghdad trainset kitting,2,6976,7008,,,
baghdad:BAG-RS-L4-038:rs-10-material-kit,BAG-RS-L4-038,line-4,rolling-stock,Baghdad trainset kitting,3,6976,7008,,,
baghdad:BAG-RS-L4-039:rs-10-material-kit,BAG-RS-L4-039,line-4,rolling-stock,Baghdad trainset kitting,4,6976,7008,,,
baghdad:BAG-ST-087:st-10-civil-structure,BAG-ST-087,line-5,station,station civil crew,2,5584,5696,,,
baghdad:BAG-ST-096:st-10-civil-structure,BAG-ST-096,line-5,station,station civil crew,1,6072,6184,,,
baghdad:BAG-RS-L3-009:rs-50-dynamic-commissioning,BAG-RS-L3-009,line-3,rolling-stock,Baghdad trainset acceptance bays,3,6984,7104,1,6992,7011
baghdad:BAG-RS-L3-027:rs-40-fitout-static-test,BAG-RS-L3-027,line-3,rolling-stock,Baghdad six-car fitout and static test,12,6984,7136,,,
baghdad:BAG-RS-L3-048:rs-30-traction-battery-control,BAG-RS-L3-048,line-3,rolling-stock,Baghdad six-car electrical integration,6,6984,7176,,,
baghdad:BAG-EN-073:en-20-energy-commission,BAG-EN-073,line-5,energy,energy crew,1,4440,4480,,,
baghdad:BAG-EN-074:en-20-energy-commission,BAG-EN-074,line-5,energy,energy crew,2,4440,4480,,,
baghdad:BAG-RS-L3-028:rs-40-fitout-static-test,BAG-RS-L3-028,line-3,rolling-stock,Baghdad six-car fitout and static test,13,6992,7144,,,
baghdad:BAG-RS-L3-049:rs-30-traction-battery-control,BAG-RS-L3-049,line-3,rolling-stock,Baghdad six-car electrical integration,7,6992,7184,,,
baghdad:BAG-RS-L3-057:rs-25-clip-on-body,BAG-RS-L3-057,line-3,rolling-stock,Baghdad six-car body installation,2,6992,7016,,,
baghdad:BAG-RS-L3-058:rs-25-clip-on-body,BAG-RS-L3-058,line-3,rolling-stock,Baghdad six-car body installation,3,6992,7016,,,
baghdad:BAG-RS-L3-068:rs-23-moulded-body-modules,BAG-RS-L3-068,line-3,rolling-stock,Baghdad six-car composite kits,4,6992,7088,,,
baghdad:BAG-RS-L3-069:rs-23-moulded-body-modules,BAG-RS-L3-069,line-3,rolling-stock,Baghdad six-car composite kits,5,6992,7088,,,
baghdad:BAG-RS-L3-070:rs-23-moulded-body-modules,BAG-RS-L3-070,line-3,rolling-stock,Baghdad six-car composite kits,6,6992,7088,,,
baghdad:BAG-RS-L4-004:rs-20-carbody-bogie,BAG-RS-L4-004,line-4,rolling-stock,Baghdad six-car structural assembly,25,6992,7224,,,
baghdad:BAG-RS-L4-005:rs-20-carbody-bogie,BAG-RS-L4-005,line-4,rolling-stock,Baghdad six-car structural assembly,26,6992,7224,,,
baghdad:BAG-SIG-056:wpt-20-install-commission,BAG-SIG-056,line-3,signalling-comms,wayside systems crew,1,3784,3816,,,
baghdad:BAG-ST-058:st-20-mep-passenger-systems,BAG-ST-058,line-3,station,station systems crew,2,3848,3928,,,
baghdad:BAG-ST-063:st-20-mep-passenger-systems,BAG-ST-063,line-4,station,station systems crew,1,4192,4272,,,
baghdad:BAG-TRK-L5-014:trk-30-trackform-rail,BAG-TRK-L5-014,line-5,track-section,track crew,1,5864,5944,,,
baghdad:BAG-TRK-L6-012:trk-10-survey-utility,BAG-TRK-L6-012,line-6,track-section,corridor civil crew,2,6992,7008,,,
baghdad:BAG-WPT-L3-001:wpt-20-install-commission,BAG-WPT-L3-001,line-3,waypoint,wayside systems crew,3,2936,2968,,,
baghdad:BAG-WPT-L3-015:wpt-20-install-commission,BAG-WPT-L3-015,line-3,waypoint,wayside systems crew,2,3784,3816,,,
baghdad:BAG-RS-L3-010:rs-50-dynamic-commissioning,BAG-RS-L3-010,line-3,rolling-stock,Baghdad trainset acceptance bays,4,7000,7120,0,7008,7027
baghdad:BAG-RS-L3-029:rs-40-fitout-static-test,BAG-RS-L3-029,line-3,rolling-stock,Baghdad six-car fitout and static test,14,7000,7152,,,
baghdad:BAG-RS-L3-050:rs-30-traction-battery-control,BAG-RS-L3-050,line-3,rolling-stock,Baghdad six-car electrical integration,8,7000,7192,,,
baghdad:BAG-RS-L3-059:rs-25-clip-on-body,BAG-RS-L3-059,line-3,rolling-stock,Baghdad six-car body installation,1,7000,7024,,,
baghdad:BAG-WPT-L3-016:wpt-10-cabinet-bench,BAG-WPT-L3-016,line-3,waypoint,wayside bench,3,1936,1960,,,
baghdad:BAG-RS-L3-011:rs-50-dynamic-commissioning,BAG-RS-L3-011,line-3,rolling-stock,Baghdad trainset acceptance bays,5,7008,7128,1,7016,7035
baghdad:BAG-RS-L3-012:rs-50-dynamic-commissioning,BAG-RS-L3-012,line-3,rolling-stock,Baghdad trainset acceptance bays,6,7008,7128,2,7016,7035
baghdad:BAG-RS-L3-030:rs-40-fitout-static-test,BAG-RS-L3-030,line-3,rolling-stock,Baghdad six-car fitout and static test,15,7008,7160,,,
baghdad:BAG-RS-L3-051:rs-30-traction-battery-control,BAG-RS-L3-051,line-3,rolling-stock,Baghdad six-car electrical integration,9,7008,7200,,,
baghdad:BAG-RS-L3-071:rs-23-moulded-body-modules,BAG-RS-L3-071,line-3,rolling-stock,Baghdad six-car composite kits,7,7008,7104,,,
baghdad:BAG-RS-L4-040:rs-10-material-kit,BAG-RS-L4-040,line-4,rolling-stock,Baghdad trainset kitting,1,7008,7040,,,
baghdad:BAG-RS-L4-041:rs-10-material-kit,BAG-RS-L4-041,line-4,rolling-stock,Baghdad trainset kitting,2,7008,7040,,,
baghdad:BAG-RS-L4-042:rs-10-material-kit,BAG-RS-L4-042,line-4,rolling-stock,Baghdad trainset kitting,3,7008,7040,,,
baghdad:BAG-RS-L4-043:rs-10-material-kit,BAG-RS-L4-043,line-4,rolling-stock,Baghdad trainset kitting,4,7008,7040,,,
baghdad:BAG-TRK-L6-012:trk-20-subgrade-drainage,BAG-TRK-L6-012,line-6,track-section,corridor civil crew,2,7008,7088,,,
baghdad:BAG-RS-L3-031:rs-40-fitout-static-test,BAG-RS-L3-031,line-3,rolling-stock,Baghdad six-car fitout and static test,1,7016,7168,,,
baghdad:BAG-RS-L3-052:rs-30-traction-battery-control,BAG-RS-L3-052,line-3,rolling-stock,Baghdad six-car electrical integration,10,7016,7208,,,
baghdad:BAG-RS-L3-060:rs-25-clip-on-body,BAG-RS-L3-060,line-3,rolling-stock,Baghdad six-car body installation,2,7016,7040,,,
baghdad:BAG-RS-L3-013:rs-50-dynamic-commissioning,BAG-RS-L3-013,line-3,rolling-stock,Baghdad trainset acceptance bays,7,7024,7144,0,7032,7051
baghdad:BAG-RS-L3-032:rs-40-fitout-static-test,BAG-RS-L3-032,line-3,rolling-stock,Baghdad six-car fitout and static test,2,7024,7176,,,
baghdad:BAG-RS-L3-053:rs-30-traction-battery-control,BAG-RS-L3-053,line-3,rolling-stock,Baghdad six-car electrical integration,11,7024,7216,,,
baghdad:BAG-RS-L3-061:rs-25-clip-on-body,BAG-RS-L3-061,line-3,rolling-stock,Baghdad six-car body installation,1,7024,7048,,,
baghdad:BAG-RS-L3-062:rs-25-clip-on-body,BAG-RS-L3-062,line-3,rolling-stock,Baghdad six-car body installation,3,7024,7048,,,
baghdad:BAG-SIG-048:wpt-20-install-commission,BAG-SIG-048,line-3,signalling-comms,wayside systems crew,3,3416,3448,,,
baghdad:BAG-SIG-057:wpt-20-install-commission,BAG-SIG-057,line-3,signalling-comms,wayside systems crew,1,3856,3888,,,
baghdad:BAG-WPT-L3-016:wpt-20-install-commission,BAG-WPT-L3-016,line-3,waypoint,wayside systems crew,2,3856,3888,,,
baghdad:BAG-EN-075:en-10-energy-build,BAG-EN-075,line-5,energy,energy crew,1,4480,4560,,,
baghdad:BAG-EN-076:en-10-energy-build,BAG-EN-076,line-5,energy,energy crew,2,4480,4560,,,
baghdad:BAG-RS-L3-014:rs-50-dynamic-commissioning,BAG-RS-L3-014,line-3,rolling-stock,Baghdad trainset acceptance bays,8,7032,7152,1,7040,7059
baghdad:BAG-RS-L3-072:rs-23-moulded-body-modules,BAG-RS-L3-072,line-3,rolling-stock,Baghdad six-car composite kits,1,7032,7128,,,
baghdad:BAG-RS-L3-073:rs-23-moulded-body-modules,BAG-RS-L3-073,line-3,rolling-stock,Baghdad six-car composite kits,8,7032,7128,,,
baghdad:BAG-RS-L3-074:rs-23-moulded-body-modules,BAG-RS-L3-074,line-3,rolling-stock,Baghdad six-car composite kits,9,7032,7128,,,
baghdad:BAG-RS-L4-006:rs-20-carbody-bogie,BAG-RS-L4-006,line-4,rolling-stock,Baghdad six-car structural assembly,1,7032,7264,,,
baghdad:BAG-RS-L4-007:rs-20-carbody-bogie,BAG-RS-L4-007,line-4,rolling-stock,Baghdad six-car structural assembly,2,7032,7264,,,
baghdad:BAG-RS-L4-008:rs-20-carbody-bogie,BAG-RS-L4-008,line-4,rolling-stock,Baghdad six-car structural assembly,3,7032,7264,,,
baghdad:BAG-RS-L4-009:rs-20-carbody-bogie,BAG-RS-L4-009,line-4,rolling-stock,Baghdad six-car structural assembly,4,7032,7264,,,
baghdad:BAG-TRK-L6-013:trk-10-survey-utility,BAG-TRK-L6-013,line-6,track-section,corridor civil crew,1,7032,7064,,,
baghdad:BAG-WPT-L3-017:wpt-10-cabinet-bench,BAG-WPT-L3-017,line-3,waypoint,wayside bench,1,1960,1984,,,
baghdad:BAG-RS-L3-033:rs-40-fitout-static-test,BAG-RS-L3-033,line-3,rolling-stock,Baghdad six-car fitout and static test,3,7040,7192,,,
baghdad:BAG-RS-L3-034:rs-40-fitout-static-test,BAG-RS-L3-034,line-3,rolling-stock,Baghdad six-car fitout and static test,16,7040,7192,,,
baghdad:BAG-RS-L3-054:rs-30-traction-battery-control,BAG-RS-L3-054,line-3,rolling-stock,Baghdad six-car electrical integration,12,7040,7232,,,
baghdad:BAG-RS-L3-055:rs-30-traction-battery-control,BAG-RS-L3-055,line-3,rolling-stock,Baghdad six-car electrical integration,13,7040,7232,,,
baghdad:BAG-RS-L3-063:rs-25-clip-on-body,BAG-RS-L3-063,line-3,rolling-stock,Baghdad six-car body installation,2,7040,7064,,,
baghdad:BAG-RS-L4-044:rs-10-material-kit,BAG-RS-L4-044,line-4,rolling-stock,Baghdad trainset kitting,1,7040,7072,,,
baghdad:BAG-RS-L4-045:rs-10-material-kit,BAG-RS-L4-045,line-4,rolling-stock,Baghdad trainset kitting,2,7040,7072,,,
baghdad:BAG-RS-L4-046:rs-10-material-kit,BAG-RS-L4-046,line-4,rolling-stock,Baghdad trainset kitting,3,7040,7072,,,
baghdad:BAG-RS-L4-047:rs-10-material-kit,BAG-RS-L4-047,line-4,rolling-stock,Baghdad trainset kitting,4,7040,7072,,,
baghdad:BAG-RS-L3-015:rs-50-dynamic-commissioning,BAG-RS-L3-015,line-3,rolling-stock,Baghdad trainset acceptance bays,9,7048,7168,0,7056,7075
baghdad:BAG-RS-L3-016:rs-50-dynamic-commissioning,BAG-RS-L3-016,line-3,rolling-stock,Baghdad trainset acceptance bays,10,7048,7168,2,7056,7075
baghdad:BAG-RS-L3-056:rs-30-traction-battery-control,BAG-RS-L3-056,line-3,rolling-stock,Baghdad six-car electrical integration,14,7048,7240,,,
baghdad:BAG-RS-L3-064:rs-25-clip-on-body,BAG-RS-L3-064,line-3,rolling-stock,Baghdad six-car body installation,1,7048,7072,,,
baghdad:BAG-RS-L3-075:rs-23-moulded-body-modules,BAG-RS-L3-075,line-3,rolling-stock,Baghdad six-car composite kits,2,7048,7144,,,
baghdad:BAG-RS-L3-017:rs-50-dynamic-commissioning,BAG-RS-L3-017,line-3,rolling-stock,Baghdad trainset acceptance bays,11,7056,7176,1,7064,7083
baghdad:BAG-RS-L3-035:rs-40-fitout-static-test,BAG-RS-L3-035,line-3,rolling-stock,Baghdad six-car fitout and static test,4,7056,7208,,,
baghdad:BAG-RS-L3-065:rs-25-clip-on-body,BAG-RS-L3-065,line-3,rolling-stock,Baghdad six-car body installation,3,7056,7080,,,
baghdad:BAG-SIG-050:wpt-20-install-commission,BAG-SIG-050,line-3,signalling-comms,wayside systems crew,3,3520,3552,,,
baghdad:BAG-SIG-058:wpt-20-install-commission,BAG-SIG-058,line-3,signalling-comms,wayside systems crew,1,3896,3928,,,
baghdad:BAG-WPT-L3-017:wpt-20-install-commission,BAG-WPT-L3-017,line-3,waypoint,wayside systems crew,2,3896,3928,,,
baghdad:BAG-RS-L3-036:rs-40-fitout-static-test,BAG-RS-L3-036,line-3,rolling-stock,Baghdad six-car fitout and static test,5,7064,7216,,,
baghdad:BAG-RS-L3-057:rs-30-traction-battery-control,BAG-RS-L3-057,line-3,rolling-stock,Baghdad six-car electrical integration,15,7064,7256,,,
baghdad:BAG-RS-L3-066:rs-25-clip-on-body,BAG-RS-L3-066,line-3,rolling-stock,Baghdad six-car body installation,2,7064,7088,,,
baghdad:BAG-RS-L3-076:rs-23-moulded-body-modules,BAG-RS-L3-076,line-3,rolling-stock,Baghdad six-car composite kits,3,7064,7160,,,
baghdad:BAG-RS-L3-077:rs-23-moulded-body-modules,BAG-RS-L3-077,line-3,rolling-stock,Baghdad six-car composite kits,10,7064,7160,,,
baghdad:BAG-RS-L3-078:rs-23-moulded-body-modules,BAG-RS-L3-078,line-3,rolling-stock,Baghdad six-car composite kits,11,7064,7160,,,
baghdad:BAG-RS-L4-010:rs-20-carbody-bogie,BAG-RS-L4-010,line-4,rolling-stock,Baghdad six-car structural assembly,5,7064,7296,,,
baghdad:BAG-RS-L4-011:rs-20-carbody-bogie,BAG-RS-L4-011,line-4,rolling-stock,Baghdad six-car structural assembly,6,7064,7296,,,
baghdad:BAG-RS-L4-012:rs-20-carbody-bogie,BAG-RS-L4-012,line-4,rolling-stock,Baghdad six-car structural assembly,7,7064,7296,,,
baghdad:BAG-RS-L4-013:rs-20-carbody-bogie,BAG-RS-L4-013,line-4,rolling-stock,Baghdad six-car structural assembly,8,7064,7296,,,
baghdad:BAG-TRK-L6-013:trk-20-subgrade-drainage,BAG-TRK-L6-013,line-6,track-section,corridor civil crew,1,7064,7192,,,
baghdad:BAG-WPT-L3-018:wpt-10-cabinet-bench,BAG-WPT-L3-018,line-3,waypoint,wayside bench,2,1960,1984,,,
baghdad:BAG-RS-L3-018:rs-50-dynamic-commissioning,BAG-RS-L3-018,line-3,rolling-stock,Baghdad trainset acceptance bays,12,7072,7192,0,7080,7099
baghdad:BAG-RS-L3-037:rs-40-fitout-static-test,BAG-RS-L3-037,line-3,rolling-stock,Baghdad six-car fitout and static test,17,7072,7224,,,
baghdad:BAG-RS-L3-058:rs-30-traction-battery-control,BAG-RS-L3-058,line-3,rolling-stock,Baghdad six-car electrical integration,16,7072,7264,,,
baghdad:BAG-RS-L3-067:rs-25-clip-on-body,BAG-RS-L3-067,line-3,rolling-stock,Baghdad six-car body installation,1,7072,7096,,,
baghdad:BAG-RS-L4-048:rs-10-material-kit,BAG-RS-L4-048,line-4,rolling-stock,Baghdad trainset kitting,1,7072,7104,,,
baghdad:BAG-RS-L4-049:rs-10-material-kit,BAG-RS-L4-049,line-4,rolling-stock,Baghdad trainset kitting,2,7072,7104,,,
baghdad:BAG-RS-L4-050:rs-10-material-kit,BAG-RS-L4-050,line-4,rolling-stock,Baghdad trainset kitting,3,7072,7104,,,
baghdad:BAG-RS-L4-051:rs-10-material-kit,BAG-RS-L4-051,line-4,rolling-stock,Baghdad trainset kitting,4,7072,7104,,,
baghdad:BAG-ST-060:st-20-mep-passenger-systems,BAG-ST-060,line-3,station,station systems crew,2,3960,4040,,,
baghdad:BAG-ST-064:st-20-mep-passenger-systems,BAG-ST-064,line-4,station,station systems crew,1,4288,4368,,,
baghdad:BAG-TRK-L5-016:trk-30-trackform-rail,BAG-TRK-L5-016,line-5,track-section,track crew,1,6000,6160,,,
baghdad:BAG-RS-L3-019:rs-50-dynamic-commissioning,BAG-RS-L3-019,line-3,rolling-stock,Baghdad trainset acceptance bays,13,7080,7200,1,7088,7107
baghdad:BAG-RS-L3-038:rs-40-fitout-static-test,BAG-RS-L3-038,line-3,rolling-stock,Baghdad six-car fitout and static test,6,7080,7232,,,
baghdad:BAG-RS-L3-059:rs-30-traction-battery-control,BAG-RS-L3-059,line-3,rolling-stock,Baghdad six-car electrical integration,17,7080,7272,,,
baghdad:BAG-TRK-L5-011:trk-30-trackform-rail,BAG-TRK-L5-011,line-5,track-section,track crew,2,5752,5880,,,
baghdad:BAG-RS-L3-060:rs-30-traction-battery-control,BAG-RS-L3-060,line-3,rolling-stock,Baghdad six-car electrical integration,18,7088,7280,,,
baghdad:BAG-RS-L3-068:rs-25-clip-on-body,BAG-RS-L3-068,line-3,rolling-stock,Baghdad six-car body installation,2,7088,7112,,,
baghdad:BAG-RS-L3-069:rs-25-clip-on-body,BAG-RS-L3-069,line-3,rolling-stock,Baghdad six-car body installation,3,7088,7112,,,
baghdad:BAG-RS-L3-079:rs-23-moulded-body-modules,BAG-RS-L3-079,line-3,rolling-stock,Baghdad six-car composite kits,4,7088,7184,,,
baghdad:BAG-SIG-052:wpt-20-install-commission,BAG-SIG-052,line-3,signalling-comms,wayside systems crew,3,3600,3632,,,
baghdad:BAG-SIG-059:wpt-20-install-commission,BAG-SIG-059,line-3,signalling-comms,wayside systems crew,1,4056,4088,,,
baghdad:BAG-ST-089:st-10-civil-structure,BAG-ST-089,line-5,station,station civil crew,2,5696,5808,,,
baghdad:BAG-ST-097:st-10-civil-structure,BAG-ST-097,line-6,station,station civil crew,1,6208,6320,,,
baghdad:BAG-TRK-L6-014:trk-10-survey-utility,BAG-TRK-L6-014,line-6,track-section,corridor civil crew,2,7088,7104,,,
baghdad:BAG-WPT-L3-018:wpt-20-install-commission,BAG-WPT-L3-018,line-3,waypoint,wayside systems crew,2,4056,4088,,,
baghdad:BAG-RS-L3-020:rs-50-dynamic-commissioning,BAG-RS-L3-020,line-3,rolling-stock,Baghdad trainset acceptance bays,1,7096,7216,0,7104,7123
baghdad:BAG-RS-L3-021:rs-50-dynamic-commissioning,BAG-RS-L3-021,line-3,rolling-stock,Baghdad trainset acceptance bays,2,7096,7216,2,7104,7123
baghdad:BAG-RS-L3-039:rs-40-fitout-static-test,BAG-RS-L3-039,line-3,rolling-stock,Baghdad six-car fitout and static test,7,7096,7248,,,
baghdad:BAG-RS-L3-040:rs-40-fitout-static-test,BAG-RS-L3-040,line-3,rolling-stock,Baghdad six-car fitout and static test,8,7096,7248,,,
baghdad:BAG-RS-L3-061:rs-30-traction-battery-control,BAG-RS-L3-061,line-3,rolling-stock,Baghdad six-car electrical integration,19,7096,7288,,,
baghdad:BAG-RS-L3-070:rs-25-clip-on-body,BAG-RS-L3-070,line-3,rolling-stock,Baghdad six-car body installation,1,7096,7120,,,
baghdad:BAG-RS-L3-080:rs-23-moulded-body-modules,BAG-RS-L3-080,line-3,rolling-stock,Baghdad six-car composite kits,5,7096,7192,,,
baghdad:BAG-RS-L3-081:rs-23-moulded-body-modules,BAG-RS-L3-081,line-3,rolling-stock,Baghdad six-car composite kits,6,7096,7192,,,
baghdad:BAG-RS-L4-014:rs-20-carbody-bogie,BAG-RS-L4-014,line-4,rolling-stock,Baghdad six-car structural assembly,9,7096,7328,,,
baghdad:BAG-RS-L4-015:rs-20-carbody-bogie,BAG-RS-L4-015,line-4,rolling-stock,Baghdad six-car structural assembly,10,7096,7328,,,
baghdad:BAG-RS-L4-016:rs-20-carbody-bogie,BAG-RS-L4-016,line-4,rolling-stock,Baghdad six-car structural assembly,11,7096,7328,,,
baghdad:BAG-RS-L4-017:rs-20-carbody-bogie,BAG-RS-L4-017,line-4,rolling-stock,Baghdad six-car structural assembly,12,7096,7328,,,
baghdad:BAG-WPT-L3-019:wpt-10-cabinet-bench,BAG-WPT-L3-019,line-3,waypoint,wayside bench,3,1960,1984,,,
baghdad:BAG-RS-L3-022:rs-50-dynamic-commissioning,BAG-RS-L3-022,line-3,rolling-stock,Baghdad trainset acceptance bays,3,7104,7224,1,7112,7131
baghdad:BAG-RS-L3-041:rs-40-fitout-static-test,BAG-RS-L3-041,line-3,rolling-stock,Baghdad six-car fitout and static test,9,7104,7256,,,
baghdad:BAG-RS-L3-062:rs-30-traction-battery-control,BAG-RS-L3-062,line-3,rolling-stock,Baghdad six-car electrical integration,20,7104,7296,,,
baghdad:BAG-RS-L3-082:rs-23-moulded-body-modules,BAG-RS-L3-082,line-3,rolling-stock,Baghdad six-car composite kits,7,7104,7200,,,
baghdad:BAG-RS-L4-052:rs-10-material-kit,BAG-RS-L4-052,line-4,rolling-stock,Baghdad trainset kitting,1,7104,7136,,,
baghdad:BAG-RS-L4-053:rs-10-material-kit,BAG-RS-L4-053,line-4,rolling-stock,Baghdad trainset kitting,2,7104,7136,,,
baghdad:BAG-RS-L4-054:rs-10-material-kit,BAG-RS-L4-054,line-4,rolling-stock,Baghdad trainset kitting,3,7104,7136,,,
baghdad:BAG-RS-L4-055:rs-10-material-kit,BAG-RS-L4-055,line-4,rolling-stock,Baghdad trainset kitting,4,7104,7136,,,
baghdad:BAG-TRK-L6-014:trk-20-subgrade-drainage,BAG-TRK-L6-014,line-6,track-section,corridor civil crew,2,7104,7176,,,
baghdad:BAG-EN-075:en-20-energy-commission,BAG-EN-075,line-5,energy,energy crew,1,4560,4600,,,
baghdad:BAG-EN-076:en-20-energy-commission,BAG-EN-076,line-5,energy,energy crew,2,4560,4600,,,
baghdad:BAG-RS-L3-063:rs-30-traction-battery-control,BAG-RS-L3-063,line-3,rolling-stock,Baghdad six-car electrical integration,21,7112,7304,,,
baghdad:BAG-RS-L3-071:rs-25-clip-on-body,BAG-RS-L3-071,line-3,rolling-stock,Baghdad six-car body installation,2,7112,7136,,,
baghdad:BAG-RS-L3-023:rs-50-dynamic-commissioning,BAG-RS-L3-023,line-3,rolling-stock,Baghdad trainset acceptance bays,4,7120,7240,0,7128,7147
baghdad:BAG-RS-L3-042:rs-40-fitout-static-test,BAG-RS-L3-042,line-3,rolling-stock,Baghdad six-car fitout and static test,10,7120,7272,,,
baghdad:BAG-SIG-055:wpt-20-install-commission,BAG-SIG-055,line-3,signalling-comms,wayside systems crew,3,3720,3752,,,
baghdad:BAG-SIG-060:wpt-20-install-commission,BAG-SIG-060,line-3,signalling-comms,wayside systems crew,1,4112,4144,,,
baghdad:BAG-SW-121:sw-20-install-proof,BAG-SW-121,line-3,switch,track/switch crew,2,4696,4728,,,
baghdad:BAG-SW-122:sw-20-install-proof,BAG-SW-122,line-3,switch,track/switch crew,1,4728,4760,,,
baghdad:BAG-WPT-L3-019:wpt-20-install-commission,BAG-WPT-L3-019,line-3,waypoint,wayside systems crew,2,4112,4144,,,
baghdad:BAG-RS-L3-024:rs-50-dynamic-commissioning,BAG-RS-L3-024,line-3,rolling-stock,Baghdad trainset acceptance bays,5,7128,7248,1,7136,7155
baghdad:BAG-RS-L3-025:rs-50-dynamic-commissioning,BAG-RS-L3-025,line-3,rolling-stock,Baghdad trainset acceptance bays,6,7128,7248,2,7136,7155
baghdad:BAG-RS-L3-072:rs-25-clip-on-body,BAG-RS-L3-072,line-3,rolling-stock,Baghdad six-car body installation,1,7128,7152,,,
baghdad:BAG-RS-L3-073:rs-25-clip-on-body,BAG-RS-L3-073,line-3,rolling-stock,Baghdad six-car body installation,3,7128,7152,,,
baghdad:BAG-RS-L3-083:rs-23-moulded-body-modules,BAG-RS-L3-083,line-3,rolling-stock,Baghdad six-car composite kits,1,7128,7224,,,
baghdad:BAG-RS-L3-084:rs-23-moulded-body-modules,BAG-RS-L3-084,line-3,rolling-stock,Baghdad six-car composite kits,8,7128,7224,,,
baghdad:BAG-RS-L3-085:rs-23-moulded-body-modules,BAG-RS-L3-085,line-3,rolling-stock,Baghdad six-car composite kits,9,7128,7224,,,
baghdad:BAG-RS-L4-018:rs-20-carbody-bogie,BAG-RS-L4-018,line-4,rolling-stock,Baghdad six-car structural assembly,13,7128,7360,,,
baghdad:BAG-RS-L4-019:rs-20-carbody-bogie,BAG-RS-L4-019,line-4,rolling-stock,Baghdad six-car structural assembly,14,7128,7360,,,
baghdad:BAG-RS-L4-020:rs-20-carbody-bogie,BAG-RS-L4-020,line-4,rolling-stock,Baghdad six-car structural assembly,15,7128,7360,,,
baghdad:BAG-RS-L4-021:rs-20-carbody-bogie,BAG-RS-L4-021,line-4,rolling-stock,Baghdad six-car structural assembly,16,7128,7360,,,
baghdad:BAG-RS-L3-043:rs-40-fitout-static-test,BAG-RS-L3-043,line-3,rolling-stock,Baghdad six-car fitout and static test,11,7136,7288,,,
baghdad:BAG-RS-L3-044:rs-40-fitout-static-test,BAG-RS-L3-044,line-3,rolling-stock,Baghdad six-car fitout and static test,12,7136,7288,,,
baghdad:BAG-RS-L3-064:rs-30-traction-battery-control,BAG-RS-L3-064,line-3,rolling-stock,Baghdad six-car electrical integration,1,7136,7328,,,
baghdad:BAG-RS-L3-065:rs-30-traction-battery-control,BAG-RS-L3-065,line-3,rolling-stock,Baghdad six-car electrical integration,2,7136,7328,,,
baghdad:BAG-RS-L3-066:rs-30-traction-battery-control,BAG-RS-L3-066,line-3,rolling-stock,Baghdad six-car electrical integration,3,7136,7328,,,
baghdad:BAG-RS-L3-074:rs-25-clip-on-body,BAG-RS-L3-074,line-3,rolling-stock,Baghdad six-car body installation,2,7136,7160,,,
baghdad:BAG-RS-L4-056:rs-10-material-kit,BAG-RS-L4-056,line-4,rolling-stock,Baghdad trainset kitting,1,7136,7168,,,
baghdad:BAG-RS-L4-057:rs-10-material-kit,BAG-RS-L4-057,line-4,rolling-stock,Baghdad trainset kitting,2,7136,7168,,,
baghdad:BAG-RS-L4-058:rs-10-material-kit,BAG-RS-L4-058,line-4,rolling-stock,Baghdad trainset kitting,3,7136,7168,,,
baghdad:BAG-RS-L4-059:rs-10-material-kit,BAG-RS-L4-059,line-4,rolling-stock,Baghdad trainset kitting,4,7136,7168,,,
baghdad:BAG-RS-L3-026:rs-50-dynamic-commissioning,BAG-RS-L3-026,line-3,rolling-stock,Baghdad trainset acceptance bays,7,7144,7264,0,7152,7171
baghdad:BAG-RS-L3-045:rs-40-fitout-static-test,BAG-RS-L3-045,line-3,rolling-stock,Baghdad six-car fitout and static test,13,7144,7296,,,
baghdad:BAG-RS-L3-086:rs-23-moulded-body-modules,BAG-RS-L3-086,line-3,rolling-stock,Baghdad six-car composite kits,2,7144,7240,,,
baghdad:BAG-EN-077:en-10-energy-build,BAG-EN-077,line-5,energy,energy crew,1,4600,4680,,,
baghdad:BAG-EN-078:en-10-energy-build,BAG-EN-078,line-5,energy,energy crew,2,4600,4680,,,
baghdad:BAG-RS-L3-027:rs-50-dynamic-commissioning,BAG-RS-L3-027,line-3,rolling-stock,Baghdad trainset acceptance bays,8,7152,7272,1,7160,7179
baghdad:BAG-RS-L3-075:rs-25-clip-on-body,BAG-RS-L3-075,line-3,rolling-stock,Baghdad six-car body installation,1,7152,7176,,,
baghdad:BAG-ST-066:st-20-mep-passenger-systems,BAG-ST-066,line-4,station,station systems crew,1,4456,4536,,,
baghdad:BAG-RS-L3-046:rs-40-fitout-static-test,BAG-RS-L3-046,line-3,rolling-stock,Baghdad six-car fitout and static test,14,7160,7312,,,
baghdad:BAG-RS-L3-067:rs-30-traction-battery-control,BAG-RS-L3-067,line-3,rolling-stock,Baghdad six-car electrical integration,4,7160,7352,,,
baghdad:BAG-RS-L3-076:rs-25-clip-on-body,BAG-RS-L3-076,line-3,rolling-stock,Baghdad six-car body installation,2,7160,7184,,,
baghdad:BAG-RS-L3-077:rs-25-clip-on-body,BAG-RS-L3-077,line-3,rolling-stock,Baghdad six-car body installation,3,7160,7184,,,
baghdad:BAG-RS-L3-087:rs-23-moulded-body-modules,BAG-RS-L3-087,line-3,rolling-stock,Baghdad six-car composite kits,3,7160,7256,,,
baghdad:BAG-RS-L3-088:rs-23-moulded-body-modules,BAG-RS-L3-088,line-3,rolling-stock,Baghdad six-car composite kits,10,7160,7256,,,
baghdad:BAG-RS-L3-089:rs-23-moulded-body-modules,BAG-RS-L3-089,line-3,rolling-stock,Baghdad six-car composite kits,11,7160,7256,,,
baghdad:BAG-RS-L4-022:rs-20-carbody-bogie,BAG-RS-L4-022,line-4,rolling-stock,Baghdad six-car structural assembly,17,7160,7392,,,
baghdad:BAG-RS-L4-023:rs-20-carbody-bogie,BAG-RS-L4-023,line-4,rolling-stock,Baghdad six-car structural assembly,18,7160,7392,,,
baghdad:BAG-RS-L4-024:rs-20-carbody-bogie,BAG-RS-L4-024,line-4,rolling-stock,Baghdad six-car structural assembly,19,7160,7392,,,
baghdad:BAG-RS-L4-025:rs-20-carbody-bogie,BAG-RS-L4-025,line-4,rolling-stock,Baghdad six-car structural assembly,20,7160,7392,,,
baghdad:BAG-RS-L3-028:rs-50-dynamic-commissioning,BAG-RS-L3-028,line-3,rolling-stock,Baghdad trainset acceptance bays,9,7168,7288,0,7176,7195
baghdad:BAG-RS-L3-029:rs-50-dynamic-commissioning,BAG-RS-L3-029,line-3,rolling-stock,Baghdad trainset acceptance bays,10,7168,7288,2,7176,7195
baghdad:BAG-RS-L3-047:rs-40-fitout-static-test,BAG-RS-L3-047,line-3,rolling-stock,Baghdad six-car fitout and static test,1,7168,7320,,,
baghdad:BAG-RS-L3-068:rs-30-traction-battery-control,BAG-RS-L3-068,line-3,rolling-stock,Baghdad six-car electrical integration,5,7168,7360,,,
baghdad:BAG-RS-L4-060:rs-10-material-kit,BAG-RS-L4-060,line-4,rolling-stock,Baghdad trainset kitting,1,7168,7200,,,
baghdad:BAG-RS-L4-061:rs-10-material-kit,BAG-RS-L4-061,line-4,rolling-stock,Baghdad trainset kitting,2,7168,7200,,,
baghdad:BAG-RS-L4-062:rs-10-material-kit,BAG-RS-L4-062,line-4,rolling-stock,Baghdad trainset kitting,3,7168,7200,,,
baghdad:BAG-RS-L4-063:rs-10-material-kit,BAG-RS-L4-063,line-4,rolling-stock,Baghdad trainset kitting,4,7168,7200,,,
baghdad:BAG-RS-L3-030:rs-50-dynamic-commissioning,BAG-RS-L3-030,line-3,rolling-stock,Baghdad trainset acceptance bays,11,7176,7296,1,7184,7203
baghdad:BAG-RS-L3-048:rs-40-fitout-static-test,BAG-RS-L3-048,line-3,rolling-stock,Baghdad six-car fitout and static test,2,7176,7328,,,
baghdad:BAG-RS-L3-069:rs-30-traction-battery-control,BAG-RS-L3-069,line-3,rolling-stock,Baghdad six-car electrical integration,6,7176,7368,,,
baghdad:BAG-RS-L3-078:rs-25-clip-on-body,BAG-RS-L3-078,line-3,rolling-stock,Baghdad six-car body installation,1,7176,7200,,,
baghdad:BAG-TRK-L6-015:trk-10-survey-utility,BAG-TRK-L6-015,line-6,track-section,corridor civil crew,2,7176,7200,,,
baghdad:BAG-RS-L3-049:rs-40-fitout-static-test,BAG-RS-L3-049,line-3,rolling-stock,Baghdad six-car fitout and static test,15,7184,7336,,,
baghdad:BAG-RS-L3-070:rs-30-traction-battery-control,BAG-RS-L3-070,line-3,rolling-stock,Baghdad six-car electrical integration,7,7184,7376,,,
baghdad:BAG-RS-L3-079:rs-25-clip-on-body,BAG-RS-L3-079,line-3,rolling-stock,Baghdad six-car body installation,2,7184,7208,,,
baghdad:BAG-RS-L3-090:rs-23-moulded-body-modules,BAG-RS-L3-090,line-3,rolling-stock,Baghdad six-car composite kits,4,7184,7280,,,
baghdad:BAG-RS-L3-031:rs-50-dynamic-commissioning,BAG-RS-L3-031,line-3,rolling-stock,Baghdad trainset acceptance bays,12,7192,7312,0,7200,7219
baghdad:BAG-RS-L3-050:rs-40-fitout-static-test,BAG-RS-L3-050,line-3,rolling-stock,Baghdad six-car fitout and static test,3,7192,7344,,,
baghdad:BAG-RS-L3-071:rs-30-traction-battery-control,BAG-RS-L3-071,line-3,rolling-stock,Baghdad six-car electrical integration,8,7192,7384,,,
baghdad:BAG-RS-L3-080:rs-25-clip-on-body,BAG-RS-L3-080,line-3,rolling-stock,Baghdad six-car body installation,3,7192,7216,,,
baghdad:BAG-RS-L3-091:rs-23-moulded-body-modules,BAG-RS-L3-091,line-3,rolling-stock,Baghdad six-car composite kits,5,7192,7288,,,
baghdad:BAG-RS-L3-092:rs-23-moulded-body-modules,BAG-RS-L3-092,line-3,rolling-stock,Baghdad six-car composite kits,6,7192,7288,,,
baghdad:BAG-RS-L4-026:rs-20-carbody-bogie,BAG-RS-L4-026,line-4,rolling-stock,Baghdad six-car structural assembly,21,7192,7424,,,
baghdad:BAG-RS-L4-027:rs-20-carbody-bogie,BAG-RS-L4-027,line-4,rolling-stock,Baghdad six-car structural assembly,22,7192,7424,,,
baghdad:BAG-RS-L4-028:rs-20-carbody-bogie,BAG-RS-L4-028,line-4,rolling-stock,Baghdad six-car structural assembly,23,7192,7424,,,
baghdad:BAG-RS-L4-029:rs-20-carbody-bogie,BAG-RS-L4-029,line-4,rolling-stock,Baghdad six-car structural assembly,24,7192,7424,,,
baghdad:BAG-TRK-L6-016:trk-10-survey-utility,BAG-TRK-L6-016,line-6,track-section,corridor civil crew,1,7192,7208,,,
baghdad:BAG-RS-L3-032:rs-50-dynamic-commissioning,BAG-RS-L3-032,line-3,rolling-stock,Baghdad trainset acceptance bays,13,7200,7320,1,7208,7227
baghdad:BAG-RS-L3-051:rs-40-fitout-static-test,BAG-RS-L3-051,line-3,rolling-stock,Baghdad six-car fitout and static test,16,7200,7352,,,
baghdad:BAG-RS-L3-072:rs-30-traction-battery-control,BAG-RS-L3-072,line-3,rolling-stock,Baghdad six-car electrical integration,9,7200,7392,,,
baghdad:BAG-RS-L3-081:rs-25-clip-on-body,BAG-RS-L3-081,line-3,rolling-stock,Baghdad six-car body installation,1,7200,7224,,,
baghdad:BAG-RS-L4-001:rs-23-moulded-body-modules,BAG-RS-L4-001,line-4,rolling-stock,Baghdad six-car composite kits,7,7200,7296,,,
baghdad:BAG-RS-L4-064:rs-10-material-kit,BAG-RS-L4-064,line-4,rolling-stock,Baghdad trainset kitting,1,7200,7232,,,
baghdad:BAG-RS-L4-065:rs-10-material-kit,BAG-RS-L4-065,line-4,rolling-stock,Baghdad trainset kitting,2,7200,7232,,,
baghdad:BAG-RS-L4-066:rs-10-material-kit,BAG-RS-L4-066,line-4,rolling-stock,Baghdad trainset kitting,3,7200,7232,,,
baghdad:BAG-RS-L4-067:rs-10-material-kit,BAG-RS-L4-067,line-4,rolling-stock,Baghdad trainset kitting,4,7200,7232,,,
baghdad:BAG-ST-091:st-10-civil-structure,BAG-ST-091,line-5,station,station civil crew,2,5808,5920,,,
baghdad:BAG-ST-099:st-10-civil-structure,BAG-ST-099,line-6,station,station civil crew,1,6344,6456,,,
baghdad:BAG-TRK-L6-015:trk-20-subgrade-drainage,BAG-TRK-L6-015,line-6,track-section,corridor civil crew,2,7200,7304,,,
baghdad:BAG-RS-L3-052:rs-40-fitout-static-test,BAG-RS-L3-052,line-3,rolling-stock,Baghdad six-car fitout and static test,4,7208,7360,,,
baghdad:BAG-RS-L3-073:rs-30-traction-battery-control,BAG-RS-L3-073,line-3,rolling-stock,Baghdad six-car electrical integration,10,7208,7400,,,
baghdad:BAG-RS-L3-082:rs-25-clip-on-body,BAG-RS-L3-082,line-3,rolling-stock,Baghdad six-car body installation,2,7208,7232,,,
baghdad:BAG-TRK-L5-015:trk-30-trackform-rail,BAG-TRK-L5-015,line-5,track-section,track crew,2,5880,5896,,,
baghdad:BAG-TRK-L6-016:trk-20-subgrade-drainage,BAG-TRK-L6-016,line-6,track-section,corridor civil crew,1,7208,7288,,,
baghdad:BAG-RS-L3-033:rs-50-dynamic-commissioning,BAG-RS-L3-033,line-3,rolling-stock,Baghdad trainset acceptance bays,1,7216,7336,0,7224,7243
baghdad:BAG-RS-L3-034:rs-50-dynamic-commissioning,BAG-RS-L3-034,line-3,rolling-stock,Baghdad trainset acceptance bays,2,7216,7336,2,7224,7243
baghdad:BAG-RS-L3-053:rs-40-fitout-static-test,BAG-RS-L3-053,line-3,rolling-stock,Baghdad six-car fitout and static test,5,7216,7368,,,
baghdad:BAG-RS-L3-074:rs-30-traction-battery-control,BAG-RS-L3-074,line-3,rolling-stock,Baghdad six-car electrical integration,11,7216,7408,,,
baghdad:BAG-RS-L3-035:rs-50-dynamic-commissioning,BAG-RS-L3-035,line-3,rolling-stock,Baghdad trainset acceptance bays,3,7224,7344,1,7232,7251
baghdad:BAG-RS-L3-083:rs-25-clip-on-body,BAG-RS-L3-083,line-3,rolling-stock,Baghdad six-car body installation,1,7224,7248,,,
baghdad:BAG-RS-L3-084:rs-25-clip-on-body,BAG-RS-L3-084,line-3,rolling-stock,Baghdad six-car body installation,3,7224,7248,,,
baghdad:BAG-RS-L4-002:rs-23-moulded-body-modules,BAG-RS-L4-002,line-4,rolling-stock,Baghdad six-car composite kits,1,7224,7320,,,
baghdad:BAG-RS-L4-003:rs-23-moulded-body-modules,BAG-RS-L4-003,line-4,rolling-stock,Baghdad six-car composite kits,8,7224,7320,,,
baghdad:BAG-RS-L4-004:rs-23-moulded-body-modules,BAG-RS-L4-004,line-4,rolling-stock,Baghdad six-car composite kits,9,7224,7320,,,
baghdad:BAG-RS-L4-030:rs-20-carbody-bogie,BAG-RS-L4-030,line-4,rolling-stock,Baghdad six-car structural assembly,25,7224,7456,,,
baghdad:BAG-RS-L4-031:rs-20-carbody-bogie,BAG-RS-L4-031,line-4,rolling-stock,Baghdad six-car structural assembly,26,7224,7456,,,
baghdad:BAG-TRK-L5-017:trk-30-trackform-rail,BAG-TRK-L5-017,line-5,track-section,track crew,2,6000,6144,,,
baghdad:BAG-EN-077:en-20-energy-commission,BAG-EN-077,line-5,energy,energy crew,1,4680,4720,,,
baghdad:BAG-EN-078:en-20-energy-commission,BAG-EN-078,line-5,energy,energy crew,2,4680,4720,,,
baghdad:BAG-RS-L3-054:rs-40-fitout-static-test,BAG-RS-L3-054,line-3,rolling-stock,Baghdad six-car fitout and static test,6,7232,7384,,,
baghdad:BAG-RS-L3-055:rs-40-fitout-static-test,BAG-RS-L3-055,line-3,rolling-stock,Baghdad six-car fitout and static test,17,7232,7384,,,
baghdad:BAG-RS-L3-075:rs-30-traction-battery-control,BAG-RS-L3-075,line-3,rolling-stock,Baghdad six-car electrical integration,12,7232,7424,,,
baghdad:BAG-RS-L3-076:rs-30-traction-battery-control,BAG-RS-L3-076,line-3,rolling-stock,Baghdad six-car electrical integration,13,7232,7424,,,
baghdad:BAG-RS-L3-085:rs-25-clip-on-body,BAG-RS-L3-085,line-3,rolling-stock,Baghdad six-car body installation,2,7232,7256,,,
baghdad:BAG-RS-L4-068:rs-10-material-kit,BAG-RS-L4-068,line-4,rolling-stock,Baghdad trainset kitting,1,7232,7264,,,
baghdad:BAG-RS-L4-069:rs-10-material-kit,BAG-RS-L4-069,line-4,rolling-stock,Baghdad trainset kitting,2,7232,7264,,,
baghdad:BAG-RS-L4-070:rs-10-material-kit,BAG-RS-L4-070,line-4,rolling-stock,Baghdad trainset kitting,3,7232,7264,,,
baghdad:BAG-RS-L4-071:rs-10-material-kit,BAG-RS-L4-071,line-4,rolling-stock,Baghdad trainset kitting,4,7232,7264,,,
baghdad:BAG-ST-068:st-20-mep-passenger-systems,BAG-ST-068,line-4,station,station systems crew,1,4568,4648,,,
baghdad:BAG-TRK-L5-018:trk-30-trackform-rail,BAG-TRK-L5-018,line-5,track-section,track crew,1,6176,6320,,,
baghdad:BAG-RS-L3-036:rs-50-dynamic-commissioning,BAG-RS-L3-036,line-3,rolling-stock,Baghdad trainset acceptance bays,4,7240,7360,0,7248,7267
baghdad:BAG-RS-L3-077:rs-30-traction-battery-control,BAG-RS-L3-077,line-3,rolling-stock,Baghdad six-car electrical integration,14,7240,7432,,,
baghdad:BAG-RS-L4-005:rs-23-moulded-body-modules,BAG-RS-L4-005,line-4,rolling-stock,Baghdad six-car composite kits,2,7240,7336,,,
baghdad:BAG-RS-L3-037:rs-50-dynamic-commissioning,BAG-RS-L3-037,line-3,rolling-stock,Baghdad trainset acceptance bays,5,7248,7368,1,7256,7275
baghdad:BAG-RS-L3-038:rs-50-dynamic-commissioning,BAG-RS-L3-038,line-3,rolling-stock,Baghdad trainset acceptance bays,6,7248,7368,2,7256,7275
baghdad:BAG-RS-L3-056:rs-40-fitout-static-test,BAG-RS-L3-056,line-3,rolling-stock,Baghdad six-car fitout and static test,7,7248,7400,,,
baghdad:BAG-RS-L3-086:rs-25-clip-on-body,BAG-RS-L3-086,line-3,rolling-stock,Baghdad six-car body installation,1,7248,7272,,,
baghdad:BAG-RS-L3-057:rs-40-fitout-static-test,BAG-RS-L3-057,line-3,rolling-stock,Baghdad six-car fitout and static test,8,7256,7408,,,
baghdad:BAG-RS-L3-078:rs-30-traction-battery-control,BAG-RS-L3-078,line-3,rolling-stock,Baghdad six-car electrical integration,15,7256,7448,,,
baghdad:BAG-RS-L3-087:rs-25-clip-on-body,BAG-RS-L3-087,line-3,rolling-stock,Baghdad six-car body installation,2,7256,7280,,,
baghdad:BAG-RS-L3-088:rs-25-clip-on-body,BAG-RS-L3-088,line-3,rolling-stock,Baghdad six-car body installation,3,7256,7280,,,
baghdad:BAG-RS-L3-039:rs-50-dynamic-commissioning,BAG-RS-L3-039,line-3,rolling-stock,Baghdad trainset acceptance bays,7,7264,7384,0,7272,7291
baghdad:BAG-RS-L3-058:rs-40-fitout-static-test,BAG-RS-L3-058,line-3,rolling-stock,Baghdad six-car fitout and static test,9,7264,7416,,,
baghdad:BAG-RS-L3-079:rs-30-traction-battery-control,BAG-RS-L3-079,line-3,rolling-stock,Baghdad six-car electrical integration,16,7264,7456,,,
baghdad:BAG-RS-L4-006:rs-23-moulded-body-modules,BAG-RS-L4-006,line-4,rolling-stock,Baghdad six-car composite kits,3,7264,7360,,,
baghdad:BAG-RS-L4-007:rs-23-moulded-body-modules,BAG-RS-L4-007,line-4,rolling-stock,Baghdad six-car composite kits,10,7264,7360,,,
baghdad:BAG-RS-L4-008:rs-23-moulded-body-modules,BAG-RS-L4-008,line-4,rolling-stock,Baghdad six-car composite kits,11,7264,7360,,,
baghdad:BAG-RS-L4-032:rs-20-carbody-bogie,BAG-RS-L4-032,line-4,rolling-stock,Baghdad six-car structural assembly,1,7264,7496,,,
baghdad:BAG-RS-L4-033:rs-20-carbody-bogie,BAG-RS-L4-033,line-4,rolling-stock,Baghdad six-car structural assembly,2,7264,7496,,,
baghdad:BAG-RS-L4-034:rs-20-carbody-bogie,BAG-RS-L4-034,line-4,rolling-stock,Baghdad six-car structural assembly,3,7264,7496,,,
baghdad:BAG-RS-L4-035:rs-20-carbody-bogie,BAG-RS-L4-035,line-4,rolling-stock,Baghdad six-car structural assembly,4,7264,7496,,,
baghdad:BAG-RS-L4-072:rs-10-material-kit,BAG-RS-L4-072,line-4,rolling-stock,Baghdad trainset kitting,1,7264,7296,,,
baghdad:BAG-RS-L4-073:rs-10-material-kit,BAG-RS-L4-073,line-4,rolling-stock,Baghdad trainset kitting,2,7264,7296,,,
baghdad:BAG-RS-L4-074:rs-10-material-kit,BAG-RS-L4-074,line-4,rolling-stock,Baghdad trainset kitting,3,7264,7296,,,
baghdad:BAG-RS-L4-075:rs-10-material-kit,BAG-RS-L4-075,line-4,rolling-stock,Baghdad trainset kitting,4,7264,7296,,,
baghdad:BAG-EN-079:en-10-energy-build,BAG-EN-079,line-5,energy,energy crew,1,4720,4800,,,
baghdad:BAG-EN-080:en-10-energy-build,BAG-EN-080,line-5,energy,energy crew,2,4720,4800,,,
baghdad:BAG-RS-L3-040:rs-50-dynamic-commissioning,BAG-RS-L3-040,line-3,rolling-stock,Baghdad trainset acceptance bays,8,7272,7392,1,7280,7299
baghdad:BAG-RS-L3-059:rs-40-fitout-static-test,BAG-RS-L3-059,line-3,rolling-stock,Baghdad six-car fitout and static test,10,7272,7424,,,
baghdad:BAG-RS-L3-080:rs-30-traction-battery-control,BAG-RS-L3-080,line-3,rolling-stock,Baghdad six-car electrical integration,17,7272,7464,,,
baghdad:BAG-RS-L3-089:rs-25-clip-on-body,BAG-RS-L3-089,line-3,rolling-stock,Baghdad six-car body installation,1,7272,7296,,,
baghdad:BAG-RS-L3-081:rs-30-traction-battery-control,BAG-RS-L3-081,line-3,rolling-stock,Baghdad six-car electrical integration,18,7280,7472,,,
baghdad:BAG-RS-L3-090:rs-25-clip-on-body,BAG-RS-L3-090,line-3,rolling-stock,Baghdad six-car body installation,2,7280,7304,,,
baghdad:BAG-RS-L4-009:rs-23-moulded-body-modules,BAG-RS-L4-009,line-4,rolling-stock,Baghdad six-car composite kits,4,7280,7376,,,
baghdad:BAG-RS-L3-041:rs-50-dynamic-commissioning,BAG-RS-L3-041,line-3,rolling-stock,Baghdad trainset acceptance bays,9,7288,7408,0,7296,7315
baghdad:BAG-RS-L3-042:rs-50-dynamic-commissioning,BAG-RS-L3-042,line-3,rolling-stock,Baghdad trainset acceptance bays,10,7288,7408,2,7296,7315
baghdad:BAG-RS-L3-060:rs-40-fitout-static-test,BAG-RS-L3-060,line-3,rolling-stock,Baghdad six-car fitout and static test,11,7288,7440,,,
baghdad:BAG-RS-L3-061:rs-40-fitout-static-test,BAG-RS-L3-061,line-3,rolling-stock,Baghdad six-car fitout and static test,12,7288,7440,,,
baghdad:BAG-RS-L3-082:rs-30-traction-battery-control,BAG-RS-L3-082,line-3,rolling-stock,Baghdad six-car electrical integration,19,7288,7480,,,
baghdad:BAG-RS-L3-091:rs-25-clip-on-body,BAG-RS-L3-091,line-3,rolling-stock,Baghdad six-car body installation,3,7288,7312,,,
baghdad:BAG-TRK-L6-017:trk-10-survey-utility,BAG-TRK-L6-017,line-6,track-section,corridor civil crew,1,7288,7304,,,
baghdad:BAG-RS-L3-043:rs-50-dynamic-commissioning,BAG-RS-L3-043,line-3,rolling-stock,Baghdad trainset acceptance bays,11,7296,7416,1,7304,7323
baghdad:BAG-RS-L3-062:rs-40-fitout-static-test,BAG-RS-L3-062,line-3,rolling-stock,Baghdad six-car fitout and static test,13,7296,7448,,,
baghdad:BAG-RS-L3-083:rs-30-traction-battery-control,BAG-RS-L3-083,line-3,rolling-stock,Baghdad six-car electrical integration,20,7296,7488,,,
baghdad:BAG-RS-L3-092:rs-25-clip-on-body,BAG-RS-L3-092,line-3,rolling-stock,Baghdad six-car body installation,1,7296,7320,,,
baghdad:BAG-RS-L4-010:rs-23-moulded-body-modules,BAG-RS-L4-010,line-4,rolling-stock,Baghdad six-car composite kits,5,7296,7392,,,
baghdad:BAG-RS-L4-011:rs-23-moulded-body-modules,BAG-RS-L4-011,line-4,rolling-stock,Baghdad six-car composite kits,6,7296,7392,,,
baghdad:BAG-RS-L4-012:rs-23-moulded-body-modules,BAG-RS-L4-012,line-4,rolling-stock,Baghdad six-car composite kits,7,7296,7392,,,
baghdad:BAG-RS-L4-036:rs-20-carbody-bogie,BAG-RS-L4-036,line-4,rolling-stock,Baghdad six-car structural assembly,5,7296,7528,,,
baghdad:BAG-RS-L4-037:rs-20-carbody-bogie,BAG-RS-L4-037,line-4,rolling-stock,Baghdad six-car structural assembly,6,7296,7528,,,
baghdad:BAG-RS-L4-038:rs-20-carbody-bogie,BAG-RS-L4-038,line-4,rolling-stock,Baghdad six-car structural assembly,7,7296,7528,,,
baghdad:BAG-RS-L4-039:rs-20-carbody-bogie,BAG-RS-L4-039,line-4,rolling-stock,Baghdad six-car structural assembly,8,7296,7528,,,
baghdad:BAG-RS-L4-076:rs-10-material-kit,BAG-RS-L4-076,line-4,rolling-stock,Baghdad trainset kitting,1,7296,7328,,,
baghdad:BAG-RS-L4-077:rs-10-material-kit,BAG-RS-L4-077,line-4,rolling-stock,Baghdad trainset kitting,2,7296,7328,,,
baghdad:BAG-RS-L4-078:rs-10-material-kit,BAG-RS-L4-078,line-4,rolling-stock,Baghdad trainset kitting,3,7296,7328,,,
baghdad:BAG-RS-L4-079:rs-10-material-kit,BAG-RS-L4-079,line-4,rolling-stock,Baghdad trainset kitting,4,7296,7328,,,
baghdad:BAG-RS-L3-084:rs-30-traction-battery-control,BAG-RS-L3-084,line-3,rolling-stock,Baghdad six-car electrical integration,21,7304,7496,,,
baghdad:BAG-RS-L4-001:rs-25-clip-on-body,BAG-RS-L4-001,line-4,rolling-stock,Baghdad six-car body installation,2,7304,7328,,,
baghdad:BAG-TRK-L6-017:trk-20-subgrade-drainage,BAG-TRK-L6-017,line-6,track-section,corridor civil crew,1,7304,7368,,,
baghdad:BAG-TRK-L6-018:trk-10-survey-utility,BAG-TRK-L6-018,line-6,track-section,corridor civil crew,2,7304,7320,,,
baghdad:BAG-RS-L3-044:rs-50-dynamic-commissioning,BAG-RS-L3-044,line-3,rolling-stock,Baghdad trainset acceptance bays,12,7312,7432,0,7320,7339
baghdad:BAG-RS-L3-063:rs-40-fitout-static-test,BAG-RS-L3-063,line-3,rolling-stock,Baghdad six-car fitout and static test,14,7312,7464,,,
baghdad:BAG-ST-070:st-20-mep-passenger-systems,BAG-ST-070,line-4,station,station systems crew,1,4680,4760,,,
baghdad:BAG-ST-093:st-10-civil-structure,BAG-ST-093,line-5,station,station civil crew,2,5920,6032,,,
baghdad:BAG-ST-101:st-10-civil-structure,BAG-ST-101,line-6,station,station civil crew,1,6520,6632,,,
baghdad:BAG-RS-L3-045:rs-50-dynamic-commissioning,BAG-RS-L3-045,line-3,rolling-stock,Baghdad trainset acceptance bays,13,7320,7440,1,7328,7347
baghdad:BAG-RS-L4-002:rs-25-clip-on-body,BAG-RS-L4-002,line-4,rolling-stock,Baghdad six-car body installation,1,7320,7344,,,
baghdad:BAG-RS-L4-003:rs-25-clip-on-body,BAG-RS-L4-003,line-4,rolling-stock,Baghdad six-car body installation,3,7320,7344,,,
baghdad:BAG-RS-L4-013:rs-23-moulded-body-modules,BAG-RS-L4-013,line-4,rolling-stock,Baghdad six-car composite kits,1,7320,7416,,,
baghdad:BAG-TRK-L6-018:trk-20-subgrade-drainage,BAG-TRK-L6-018,line-6,track-section,corridor civil crew,2,7320,7384,,,
baghdad:BAG-RS-L3-064:rs-40-fitout-static-test,BAG-RS-L3-064,line-3,rolling-stock,Baghdad six-car fitout and static test,1,7328,7480,,,
baghdad:BAG-RS-L3-065:rs-40-fitout-static-test,BAG-RS-L3-065,line-3,rolling-stock,Baghdad six-car fitout and static test,2,7328,7480,,,
baghdad:BAG-RS-L3-085:rs-30-traction-battery-control,BAG-RS-L3-085,line-3,rolling-stock,Baghdad six-car electrical integration,1,7328,7520,,,
baghdad:BAG-RS-L3-086:rs-30-traction-battery-control,BAG-RS-L3-086,line-3,rolling-stock,Baghdad six-car electrical integration,2,7328,7520,,,
baghdad:BAG-RS-L3-087:rs-30-traction-battery-control,BAG-RS-L3-087,line-3,rolling-stock,Baghdad six-car electrical integration,3,7328,7520,,,
baghdad:BAG-RS-L4-004:rs-25-clip-on-body,BAG-RS-L4-004,line-4,rolling-stock,Baghdad six-car body installation,2,7328,7352,,,
baghdad:BAG-RS-L4-014:rs-23-moulded-body-modules,BAG-RS-L4-014,line-4,rolling-stock,Baghdad six-car composite kits,8,7328,7424,,,
baghdad:BAG-RS-L4-015:rs-23-moulded-body-modules,BAG-RS-L4-015,line-4,rolling-stock,Baghdad six-car composite kits,9,7328,7424,,,
baghdad:BAG-RS-L4-040:rs-20-carbody-bogie,BAG-RS-L4-040,line-4,rolling-stock,Baghdad six-car structural assembly,9,7328,7560,,,
baghdad:BAG-RS-L4-041:rs-20-carbody-bogie,BAG-RS-L4-041,line-4,rolling-stock,Baghdad six-car structural assembly,10,7328,7560,,,
baghdad:BAG-RS-L4-042:rs-20-carbody-bogie,BAG-RS-L4-042,line-4,rolling-stock,Baghdad six-car structural assembly,11,7328,7560,,,
baghdad:BAG-RS-L4-043:rs-20-carbody-bogie,BAG-RS-L4-043,line-4,rolling-stock,Baghdad six-car structural assembly,12,7328,7560,,,
baghdad:BAG-RS-L4-080:rs-10-material-kit,BAG-RS-L4-080,line-4,rolling-stock,Baghdad trainset kitting,1,7328,7360,,,
baghdad:BAG-RS-L4-081:rs-10-material-kit,BAG-RS-L4-081,line-4,rolling-stock,Baghdad trainset kitting,2,7328,7360,,,
baghdad:BAG-RS-L4-082:rs-10-material-kit,BAG-RS-L4-082,line-4,rolling-stock,Baghdad trainset kitting,3,7328,7360,,,
baghdad:BAG-RS-L4-083:rs-10-material-kit,BAG-RS-L4-083,line-4,rolling-stock,Baghdad trainset kitting,4,7328,7360,,,
baghdad:BAG-RS-L3-046:rs-50-dynamic-commissioning,BAG-RS-L3-046,line-3,rolling-stock,Baghdad trainset acceptance bays,1,7336,7456,0,7344,7363
baghdad:BAG-RS-L3-047:rs-50-dynamic-commissioning,BAG-RS-L3-047,line-3,rolling-stock,Baghdad trainset acceptance bays,2,7336,7456,2,7344,7363
baghdad:BAG-RS-L3-066:rs-40-fitout-static-test,BAG-RS-L3-066,line-3,rolling-stock,Baghdad six-car fitout and static test,15,7336,7488,,,
baghdad:BAG-RS-L4-016:rs-23-moulded-body-modules,BAG-RS-L4-016,line-4,rolling-stock,Baghdad six-car composite kits,2,7336,7432,,,
baghdad:BAG-RS-L3-048:rs-50-dynamic-commissioning,BAG-RS-L3-048,line-3,rolling-stock,Baghdad trainset acceptance bays,3,7344,7464,1,7352,7371
baghdad:BAG-RS-L4-005:rs-25-clip-on-body,BAG-RS-L4-005,line-4,rolling-stock,Baghdad six-car body installation,1,7344,7368,,,
baghdad:BAG-EN-079:en-20-energy-commission,BAG-EN-079,line-5,energy,energy crew,1,4800,4840,,,
baghdad:BAG-EN-080:en-20-energy-commission,BAG-EN-080,line-5,energy,energy crew,2,4800,4840,,,
baghdad:BAG-RS-L3-067:rs-40-fitout-static-test,BAG-RS-L3-067,line-3,rolling-stock,Baghdad six-car fitout and static test,3,7352,7504,,,
baghdad:BAG-RS-L3-088:rs-30-traction-battery-control,BAG-RS-L3-088,line-3,rolling-stock,Baghdad six-car electrical integration,4,7352,7544,,,
baghdad:BAG-RS-L3-049:rs-50-dynamic-commissioning,BAG-RS-L3-049,line-3,rolling-stock,Baghdad trainset acceptance bays,4,7360,7480,0,7368,7387
baghdad:BAG-RS-L3-068:rs-40-fitout-static-test,BAG-RS-L3-068,line-3,rolling-stock,Baghdad six-car fitout and static test,4,7360,7512,,,
baghdad:BAG-RS-L3-089:rs-30-traction-battery-control,BAG-RS-L3-089,line-3,rolling-stock,Baghdad six-car electrical integration,5,7360,7552,,,
baghdad:BAG-RS-L4-006:rs-25-clip-on-body,BAG-RS-L4-006,line-4,rolling-stock,Baghdad six-car body installation,2,7360,7384,,,
baghdad:BAG-RS-L4-007:rs-25-clip-on-body,BAG-RS-L4-007,line-4,rolling-stock,Baghdad six-car body installation,3,7360,7384,,,
baghdad:BAG-RS-L4-017:rs-23-moulded-body-modules,BAG-RS-L4-017,line-4,rolling-stock,Baghdad six-car composite kits,3,7360,7456,,,
baghdad:BAG-RS-L4-018:rs-23-moulded-body-modules,BAG-RS-L4-018,line-4,rolling-stock,Baghdad six-car composite kits,10,7360,7456,,,
baghdad:BAG-RS-L4-019:rs-23-moulded-body-modules,BAG-RS-L4-019,line-4,rolling-stock,Baghdad six-car composite kits,11,7360,7456,,,
baghdad:BAG-RS-L4-044:rs-20-carbody-bogie,BAG-RS-L4-044,line-4,rolling-stock,Baghdad six-car structural assembly,13,7360,7592,,,
baghdad:BAG-RS-L4-045:rs-20-carbody-bogie,BAG-RS-L4-045,line-4,rolling-stock,Baghdad six-car structural assembly,14,7360,7592,,,
baghdad:BAG-RS-L4-046:rs-20-carbody-bogie,BAG-RS-L4-046,line-4,rolling-stock,Baghdad six-car structural assembly,15,7360,7592,,,
baghdad:BAG-RS-L4-047:rs-20-carbody-bogie,BAG-RS-L4-047,line-4,rolling-stock,Baghdad six-car structural assembly,16,7360,7592,,,
baghdad:BAG-RS-L5-001:rs-10-material-kit,BAG-RS-L5-001,line-5,rolling-stock,Baghdad trainset kitting,1,7360,7392,,,
baghdad:BAG-RS-L5-002:rs-10-material-kit,BAG-RS-L5-002,line-5,rolling-stock,Baghdad trainset kitting,2,7360,7392,,,
baghdad:BAG-RS-L5-003:rs-10-material-kit,BAG-RS-L5-003,line-5,rolling-stock,Baghdad trainset kitting,3,7360,7392,,,
baghdad:BAG-RS-L5-004:rs-10-material-kit,BAG-RS-L5-004,line-5,rolling-stock,Baghdad trainset kitting,4,7360,7392,,,
baghdad:BAG-ST-062:st-20-mep-passenger-systems,BAG-ST-062,line-4,station,station systems crew,2,4080,4160,,,
baghdad:BAG-RS-L3-050:rs-50-dynamic-commissioning,BAG-RS-L3-050,line-3,rolling-stock,Baghdad trainset acceptance bays,5,7368,7488,1,7376,7395
baghdad:BAG-RS-L3-051:rs-50-dynamic-commissioning,BAG-RS-L3-051,line-3,rolling-stock,Baghdad trainset acceptance bays,6,7368,7488,2,7376,7395
baghdad:BAG-RS-L3-069:rs-40-fitout-static-test,BAG-RS-L3-069,line-3,rolling-stock,Baghdad six-car fitout and static test,5,7368,7520,,,
baghdad:BAG-RS-L3-090:rs-30-traction-battery-control,BAG-RS-L3-090,line-3,rolling-stock,Baghdad six-car electrical integration,6,7368,7560,,,
baghdad:BAG-RS-L4-008:rs-25-clip-on-body,BAG-RS-L4-008,line-4,rolling-stock,Baghdad six-car body installation,1,7368,7392,,,
baghdad:BAG-TRK-L5-019:trk-30-trackform-rail,BAG-TRK-L5-019,line-5,track-section,track crew,2,6312,6568,,,
baghdad:BAG-TRK-L6-019:trk-10-survey-utility,BAG-TRK-L6-019,line-6,track-section,corridor civil crew,1,7368,7400,,,
baghdad:BAG-RS-L3-070:rs-40-fitout-static-test,BAG-RS-L3-070,line-3,rolling-stock,Baghdad six-car fitout and static test,16,7376,7528,,,
baghdad:BAG-RS-L3-091:rs-30-traction-battery-control,BAG-RS-L3-091,line-3,rolling-stock,Baghdad six-car electrical integration,7,7376,7568,,,
baghdad:BAG-RS-L4-020:rs-23-moulded-body-modules,BAG-RS-L4-020,line-4,rolling-stock,Baghdad six-car composite kits,4,7376,7472,,,
baghdad:BAG-TRK-L6-001:trk-30-trackform-rail,BAG-TRK-L6-001,line-6,track-section,track crew,1,6352,6496,,,
baghdad:BAG-RS-L3-052:rs-50-dynamic-commissioning,BAG-RS-L3-052,line-3,rolling-stock,Baghdad trainset acceptance bays,7,7384,7504,0,7392,7411
baghdad:BAG-RS-L3-071:rs-40-fitout-static-test,BAG-RS-L3-071,line-3,rolling-stock,Baghdad six-car fitout and static test,6,7384,7536,,,
baghdad:BAG-RS-L3-092:rs-30-traction-battery-control,BAG-RS-L3-092,line-3,rolling-stock,Baghdad six-car electrical integration,8,7384,7576,,,
baghdad:BAG-RS-L4-009:rs-25-clip-on-body,BAG-RS-L4-009,line-4,rolling-stock,Baghdad six-car body installation,2,7384,7408,,,
baghdad:BAG-TRK-L6-020:trk-10-survey-utility,BAG-TRK-L6-020,line-6,track-section,corridor civil crew,2,7384,7424,,,
baghdad:BAG-EN-081:en-10-energy-build,BAG-EN-081,line-5,energy,energy crew,1,4840,4920,,,
baghdad:BAG-EN-082:en-10-energy-build,BAG-EN-082,line-5,energy,energy crew,2,4840,4920,,,
baghdad:BAG-RS-L3-053:rs-50-dynamic-commissioning,BAG-RS-L3-053,line-3,rolling-stock,Baghdad trainset acceptance bays,8,7392,7512,1,7400,7419
baghdad:BAG-RS-L3-072:rs-40-fitout-static-test,BAG-RS-L3-072,line-3,rolling-stock,Baghdad six-car fitout and static test,17,7392,7544,,,
baghdad:BAG-RS-L4-001:rs-30-traction-battery-control,BAG-RS-L4-001,line-4,rolling-stock,Baghdad six-car electrical integration,9,7392,7584,,,
baghdad:BAG-RS-L4-010:rs-25-clip-on-body,BAG-RS-L4-010,line-4,rolling-stock,Baghdad six-car body installation,1,7392,7416,,,
baghdad:BAG-RS-L4-011:rs-25-clip-on-body,BAG-RS-L4-011,line-4,rolling-stock,Baghdad six-car body installation,3,7392,7416,,,
baghdad:BAG-RS-L4-021:rs-23-moulded-body-modules,BAG-RS-L4-021,line-4,rolling-stock,Baghdad six-car composite kits,5,7392,7488,,,
baghdad:BAG-RS-L4-022:rs-23-moulded-body-modules,BAG-RS-L4-022,line-4,rolling-stock,Baghdad six-car composite kits,6,7392,7488,,,
baghdad:BAG-RS-L4-023:rs-23-moulded-body-modules,BAG-RS-L4-023,line-4,rolling-stock,Baghdad six-car composite kits,7,7392,7488,,,
baghdad:BAG-RS-L4-048:rs-20-carbody-bogie,BAG-RS-L4-048,line-4,rolling-stock,Baghdad six-car structural assembly,17,7392,7624,,,
baghdad:BAG-RS-L4-049:rs-20-carbody-bogie,BAG-RS-L4-049,line-4,rolling-stock,Baghdad six-car structural assembly,18,7392,7624,,,
baghdad:BAG-RS-L4-050:rs-20-carbody-bogie,BAG-RS-L4-050,line-4,rolling-stock,Baghdad six-car structural assembly,19,7392,7624,,,
baghdad:BAG-RS-L4-051:rs-20-carbody-bogie,BAG-RS-L4-051,line-4,rolling-stock,Baghdad six-car structural assembly,20,7392,7624,,,
baghdad:BAG-RS-L5-005:rs-10-material-kit,BAG-RS-L5-005,line-5,rolling-stock,Baghdad trainset kitting,1,7392,7424,,,
baghdad:BAG-RS-L5-006:rs-10-material-kit,BAG-RS-L5-006,line-5,rolling-stock,Baghdad trainset kitting,2,7392,7424,,,
baghdad:BAG-RS-L5-007:rs-10-material-kit,BAG-RS-L5-007,line-5,rolling-stock,Baghdad trainset kitting,3,7392,7424,,,
baghdad:BAG-RS-L5-008:rs-10-material-kit,BAG-RS-L5-008,line-5,rolling-stock,Baghdad trainset kitting,4,7392,7424,,,
baghdad:BAG-ST-071:st-20-mep-passenger-systems,BAG-ST-071,line-4,station,station systems crew,1,4760,4840,,,
baghdad:BAG-RS-L3-073:rs-40-fitout-static-test,BAG-RS-L3-073,line-3,rolling-stock,Baghdad six-car fitout and static test,7,7400,7552,,,
baghdad:BAG-RS-L4-002:rs-30-traction-battery-control,BAG-RS-L4-002,line-4,rolling-stock,Baghdad six-car electrical integration,10,7400,7592,,,
baghdad:BAG-TRK-L6-019:trk-20-subgrade-drainage,BAG-TRK-L6-019,line-6,track-section,corridor civil crew,1,7400,7544,,,
baghdad:BAG-RS-L3-054:rs-50-dynamic-commissioning,BAG-RS-L3-054,line-3,rolling-stock,Baghdad trainset acceptance bays,9,7408,7528,0,7416,7435
baghdad:BAG-RS-L3-055:rs-50-dynamic-commissioning,BAG-RS-L3-055,line-3,rolling-stock,Baghdad trainset acceptance bays,10,7408,7528,2,7416,7435
baghdad:BAG-RS-L3-074:rs-40-fitout-static-test,BAG-RS-L3-074,line-3,rolling-stock,Baghdad six-car fitout and static test,8,7408,7560,,,
baghdad:BAG-RS-L4-003:rs-30-traction-battery-control,BAG-RS-L4-003,line-4,rolling-stock,Baghdad six-car electrical integration,11,7408,7600,,,
baghdad:BAG-RS-L4-012:rs-25-clip-on-body,BAG-RS-L4-012,line-4,rolling-stock,Baghdad six-car body installation,2,7408,7432,,,
baghdad:BAG-RS-L3-056:rs-50-dynamic-commissioning,BAG-RS-L3-056,line-3,rolling-stock,Baghdad trainset acceptance bays,11,7416,7536,1,7424,7443
baghdad:BAG-RS-L4-013:rs-25-clip-on-body,BAG-RS-L4-013,line-4,rolling-stock,Baghdad six-car body installation,1,7416,7440,,,
baghdad:BAG-RS-L4-024:rs-23-moulded-body-modules,BAG-RS-L4-024,line-4,rolling-stock,Baghdad six-car composite kits,1,7416,7512,,,
baghdad:BAG-RS-L3-075:rs-40-fitout-static-test,BAG-RS-L3-075,line-3,rolling-stock,Baghdad six-car fitout and static test,9,7424,7576,,,
baghdad:BAG-RS-L3-076:rs-40-fitout-static-test,BAG-RS-L3-076,line-3,rolling-stock,Baghdad six-car fitout and static test,10,7424,7576,,,
baghdad:BAG-RS-L4-004:rs-30-traction-battery-control,BAG-RS-L4-004,line-4,rolling-stock,Baghdad six-car electrical integration,12,7424,7616,,,
baghdad:BAG-RS-L4-005:rs-30-traction-battery-control,BAG-RS-L4-005,line-4,rolling-stock,Baghdad six-car electrical integration,13,7424,7616,,,
baghdad:BAG-RS-L4-014:rs-25-clip-on-body,BAG-RS-L4-014,line-4,rolling-stock,Baghdad six-car body installation,3,7424,7448,,,
baghdad:BAG-RS-L4-025:rs-23-moulded-body-modules,BAG-RS-L4-025,line-4,rolling-stock,Baghdad six-car composite kits,8,7424,7520,,,
baghdad:BAG-RS-L4-026:rs-23-moulded-body-modules,BAG-RS-L4-026,line-4,rolling-stock,Baghdad six-car composite kits,9,7424,7520,,,
baghdad:BAG-RS-L4-052:rs-20-carbody-bogie,BAG-RS-L4-052,line-4,rolling-stock,Baghdad six-car structural assembly,21,7424,7656,,,
baghdad:BAG-RS-L4-053:rs-20-carbody-bogie,BAG-RS-L4-053,line-4,rolling-stock,Baghdad six-car structural assembly,22,7424,7656,,,
baghdad:BAG-RS-L4-054:rs-20-carbody-bogie,BAG-RS-L4-054,line-4,rolling-stock,Baghdad six-car structural assembly,23,7424,7656,,,
baghdad:BAG-RS-L4-055:rs-20-carbody-bogie,BAG-RS-L4-055,line-4,rolling-stock,Baghdad six-car structural assembly,24,7424,7656,,,
baghdad:BAG-RS-L5-009:rs-10-material-kit,BAG-RS-L5-009,line-5,rolling-stock,Baghdad trainset kitting,1,7424,7456,,,
baghdad:BAG-RS-L5-010:rs-10-material-kit,BAG-RS-L5-010,line-5,rolling-stock,Baghdad trainset kitting,2,7424,7456,,,
baghdad:BAG-RS-L5-011:rs-10-material-kit,BAG-RS-L5-011,line-5,rolling-stock,Baghdad trainset kitting,3,7424,7456,,,
baghdad:BAG-RS-L5-012:rs-10-material-kit,BAG-RS-L5-012,line-5,rolling-stock,Baghdad trainset kitting,4,7424,7456,,,
baghdad:BAG-ST-095:st-10-civil-structure,BAG-ST-095,line-5,station,station civil crew,2,6032,6144,,,
baghdad:BAG-ST-103:st-10-civil-structure,BAG-ST-103,line-6,station,station civil crew,1,6680,6792,,,
baghdad:BAG-TRK-L6-020:trk-20-subgrade-drainage,BAG-TRK-L6-020,line-6,track-section,corridor civil crew,2,7424,7624,,,
baghdad:BAG-RS-L3-057:rs-50-dynamic-commissioning,BAG-RS-L3-057,line-3,rolling-stock,Baghdad trainset acceptance bays,12,7432,7552,0,7440,7459
baghdad:BAG-RS-L4-006:rs-30-traction-battery-control,BAG-RS-L4-006,line-4,rolling-stock,Baghdad six-car electrical integration,14,7432,7624,,,
baghdad:BAG-RS-L4-015:rs-25-clip-on-body,BAG-RS-L4-015,line-4,rolling-stock,Baghdad six-car body installation,2,7432,7456,,,
baghdad:BAG-RS-L4-027:rs-23-moulded-body-modules,BAG-RS-L4-027,line-4,rolling-stock,Baghdad six-car composite kits,2,7432,7528,,,
baghdad:BAG-RS-L3-058:rs-50-dynamic-commissioning,BAG-RS-L3-058,line-3,rolling-stock,Baghdad trainset acceptance bays,13,7440,7560,1,7448,7467
baghdad:BAG-RS-L3-077:rs-40-fitout-static-test,BAG-RS-L3-077,line-3,rolling-stock,Baghdad six-car fitout and static test,11,7440,7592,,,
baghdad:BAG-RS-L4-016:rs-25-clip-on-body,BAG-RS-L4-016,line-4,rolling-stock,Baghdad six-car body installation,1,7440,7464,,,
baghdad:BAG-SIG-063:wpt-20-install-commission,BAG-SIG-063,line-4,signalling-comms,wayside systems crew,1,4296,4328,,,
baghdad:BAG-ST-065:st-20-mep-passenger-systems,BAG-ST-065,line-4,station,station systems crew,2,4304,4384,,,
baghdad:BAG-RS-L3-078:rs-40-fitout-static-test,BAG-RS-L3-078,line-3,rolling-stock,Baghdad six-car fitout and static test,12,7448,7600,,,
baghdad:BAG-RS-L4-007:rs-30-traction-battery-control,BAG-RS-L4-007,line-4,rolling-stock,Baghdad six-car electrical integration,15,7448,7640,,,
baghdad:BAG-RS-L3-059:rs-50-dynamic-commissioning,BAG-RS-L3-059,line-3,rolling-stock,Baghdad trainset acceptance bays,1,7456,7576,0,7464,7483
baghdad:BAG-RS-L3-060:rs-50-dynamic-commissioning,BAG-RS-L3-060,line-3,rolling-stock,Baghdad trainset acceptance bays,2,7456,7576,2,7464,7483
baghdad:BAG-RS-L3-079:rs-40-fitout-static-test,BAG-RS-L3-079,line-3,rolling-stock,Baghdad six-car fitout and static test,13,7456,7608,,,
baghdad:BAG-RS-L4-008:rs-30-traction-battery-control,BAG-RS-L4-008,line-4,rolling-stock,Baghdad six-car electrical integration,16,7456,7648,,,
baghdad:BAG-RS-L4-017:rs-25-clip-on-body,BAG-RS-L4-017,line-4,rolling-stock,Baghdad six-car body installation,2,7456,7480,,,
baghdad:BAG-RS-L4-018:rs-25-clip-on-body,BAG-RS-L4-018,line-4,rolling-stock,Baghdad six-car body installation,3,7456,7480,,,
baghdad:BAG-RS-L4-028:rs-23-moulded-body-modules,BAG-RS-L4-028,line-4,rolling-stock,Baghdad six-car composite kits,3,7456,7552,,,
baghdad:BAG-RS-L4-029:rs-23-moulded-body-modules,BAG-RS-L4-029,line-4,rolling-stock,Baghdad six-car composite kits,10,7456,7552,,,
baghdad:BAG-RS-L4-030:rs-23-moulded-body-modules,BAG-RS-L4-030,line-4,rolling-stock,Baghdad six-car composite kits,11,7456,7552,,,
baghdad:BAG-RS-L4-056:rs-20-carbody-bogie,BAG-RS-L4-056,line-4,rolling-stock,Baghdad six-car structural assembly,25,7456,7688,,,
baghdad:BAG-RS-L4-057:rs-20-carbody-bogie,BAG-RS-L4-057,line-4,rolling-stock,Baghdad six-car structural assembly,26,7456,7688,,,
baghdad:BAG-RS-L5-013:rs-10-material-kit,BAG-RS-L5-013,line-5,rolling-stock,Baghdad trainset kitting,1,7456,7488,,,
baghdad:BAG-RS-L5-014:rs-10-material-kit,BAG-RS-L5-014,line-5,rolling-stock,Baghdad trainset kitting,2,7456,7488,,,
baghdad:BAG-RS-L5-015:rs-10-material-kit,BAG-RS-L5-015,line-5,rolling-stock,Baghdad trainset kitting,3,7456,7488,,,
baghdad:BAG-RS-L5-016:rs-10-material-kit,BAG-RS-L5-016,line-5,rolling-stock,Baghdad trainset kitting,4,7456,7488,,,
baghdad:BAG-RS-L3-061:rs-50-dynamic-commissioning,BAG-RS-L3-061,line-3,rolling-stock,Baghdad trainset acceptance bays,3,7464,7584,1,7472,7491
baghdad:BAG-RS-L3-080:rs-40-fitout-static-test,BAG-RS-L3-080,line-3,rolling-stock,Baghdad six-car fitout and static test,14,7464,7616,,,
baghdad:BAG-RS-L4-009:rs-30-traction-battery-control,BAG-RS-L4-009,line-4,rolling-stock,Baghdad six-car electrical integration,17,7464,7656,,,
baghdad:BAG-RS-L4-019:rs-25-clip-on-body,BAG-RS-L4-019,line-4,rolling-stock,Baghdad six-car body installation,1,7464,7488,,,
baghdad:BAG-EN-081:en-20-energy-commission,BAG-EN-081,line-5,energy,energy crew,1,4920,4960,,,
baghdad:BAG-EN-082:en-20-energy-commission,BAG-EN-082,line-5,energy,energy crew,2,4920,4960,,,
baghdad:BAG-RS-L4-010:rs-30-traction-battery-control,BAG-RS-L4-010,line-4,rolling-stock,Baghdad six-car electrical integration,18,7472,7664,,,
baghdad:BAG-RS-L4-031:rs-23-moulded-body-modules,BAG-RS-L4-031,line-4,rolling-stock,Baghdad six-car composite kits,4,7472,7568,,,
baghdad:BAG-SIG-062:wpt-20-install-commission,BAG-SIG-062,line-4,signalling-comms,wayside systems crew,1,4328,4360,,,
baghdad:BAG-ST-073:st-20-mep-passenger-systems,BAG-ST-073,line-4,station,station systems crew,1,4872,4952,,,
baghdad:BAG-RS-L3-062:rs-50-dynamic-commissioning,BAG-RS-L3-062,line-3,rolling-stock,Baghdad trainset acceptance bays,4,7480,7600,0,7488,7507
baghdad:BAG-RS-L3-081:rs-40-fitout-static-test,BAG-RS-L3-081,line-3,rolling-stock,Baghdad six-car fitout and static test,1,7480,7632,,,
baghdad:BAG-RS-L3-082:rs-40-fitout-static-test,BAG-RS-L3-082,line-3,rolling-stock,Baghdad six-car fitout and static test,2,7480,7632,,,
baghdad:BAG-RS-L4-011:rs-30-traction-battery-control,BAG-RS-L4-011,line-4,rolling-stock,Baghdad six-car electrical integration,19,7480,7672,,,
baghdad:BAG-RS-L4-020:rs-25-clip-on-body,BAG-RS-L4-020,line-4,rolling-stock,Baghdad six-car body installation,2,7480,7504,,,
baghdad:BAG-RS-L3-063:rs-50-dynamic-commissioning,BAG-RS-L3-063,line-3,rolling-stock,Baghdad trainset acceptance bays,5,7488,7608,1,7496,7515
baghdad:BAG-RS-L3-064:rs-50-dynamic-commissioning,BAG-RS-L3-064,line-3,rolling-stock,Baghdad trainset acceptance bays,6,7488,7608,2,7496,7515
baghdad:BAG-RS-L3-083:rs-40-fitout-static-test,BAG-RS-L3-083,line-3,rolling-stock,Baghdad six-car fitout and static test,15,7488,7640,,,
baghdad:BAG-RS-L4-012:rs-30-traction-battery-control,BAG-RS-L4-012,line-4,rolling-stock,Baghdad six-car electrical integration,20,7488,7680,,,
baghdad:BAG-RS-L4-021:rs-25-clip-on-body,BAG-RS-L4-021,line-4,rolling-stock,Baghdad six-car body installation,1,7488,7512,,,
baghdad:BAG-RS-L4-022:rs-25-clip-on-body,BAG-RS-L4-022,line-4,rolling-stock,Baghdad six-car body installation,3,7488,7512,,,
baghdad:BAG-RS-L5-017:rs-10-material-kit,BAG-RS-L5-017,line-5,rolling-stock,Baghdad trainset kitting,1,7488,7520,,,
baghdad:BAG-RS-L5-018:rs-10-material-kit,BAG-RS-L5-018,line-5,rolling-stock,Baghdad trainset kitting,2,7488,7520,,,
baghdad:BAG-RS-L5-019:rs-10-material-kit,BAG-RS-L5-019,line-5,rolling-stock,Baghdad trainset kitting,3,7488,7520,,,
baghdad:BAG-RS-L5-020:rs-10-material-kit,BAG-RS-L5-020,line-5,rolling-stock,Baghdad trainset kitting,4,7488,7520,,,
baghdad:BAG-WPT-L4-001:wpt-10-cabinet-bench,BAG-WPT-L4-001,line-4,waypoint,wayside bench,1,1984,2008,,,
baghdad:BAG-RS-L4-013:rs-30-traction-battery-control,BAG-RS-L4-013,line-4,rolling-stock,Baghdad six-car electrical integration,21,7496,7688,,,
baghdad:BAG-RS-L4-032:rs-23-moulded-body-modules,BAG-RS-L4-032,line-4,rolling-stock,Baghdad six-car composite kits,5,7496,7592,,,
baghdad:BAG-RS-L4-033:rs-23-moulded-body-modules,BAG-RS-L4-033,line-4,rolling-stock,Baghdad six-car composite kits,6,7496,7592,,,
baghdad:BAG-RS-L4-034:rs-23-moulded-body-modules,BAG-RS-L4-034,line-4,rolling-stock,Baghdad six-car composite kits,7,7496,7592,,,
baghdad:BAG-RS-L4-058:rs-20-carbody-bogie,BAG-RS-L4-058,line-4,rolling-stock,Baghdad six-car structural assembly,1,7496,7728,,,
baghdad:BAG-RS-L4-059:rs-20-carbody-bogie,BAG-RS-L4-059,line-4,rolling-stock,Baghdad six-car structural assembly,2,7496,7728,,,
baghdad:BAG-RS-L4-060:rs-20-carbody-bogie,BAG-RS-L4-060,line-4,rolling-stock,Baghdad six-car structural assembly,3,7496,7728,,,
baghdad:BAG-RS-L4-061:rs-20-carbody-bogie,BAG-RS-L4-061,line-4,rolling-stock,Baghdad six-car structural assembly,4,7496,7728,,,
baghdad:BAG-RS-L3-065:rs-50-dynamic-commissioning,BAG-RS-L3-065,line-3,rolling-stock,Baghdad trainset acceptance bays,7,7504,7624,0,7512,7531
baghdad:BAG-RS-L3-084:rs-40-fitout-static-test,BAG-RS-L3-084,line-3,rolling-stock,Baghdad six-car fitout and static test,3,7504,7656,,,
baghdad:BAG-RS-L4-023:rs-25-clip-on-body,BAG-RS-L4-023,line-4,rolling-stock,Baghdad six-car body installation,2,7504,7528,,,
baghdad:BAG-SIG-064:wpt-20-install-commission,BAG-SIG-064,line-4,signalling-comms,wayside systems crew,1,4464,4496,,,
baghdad:BAG-EN-083:en-10-energy-build,BAG-EN-083,line-5,energy,energy crew,1,4960,5040,,,
baghdad:BAG-EN-084:en-10-energy-build,BAG-EN-084,line-5,energy,energy crew,2,4960,5040,,,
baghdad:BAG-RS-L3-066:rs-50-dynamic-commissioning,BAG-RS-L3-066,line-3,rolling-stock,Baghdad trainset acceptance bays,8,7512,7632,1,7520,7539
baghdad:BAG-RS-L4-024:rs-25-clip-on-body,BAG-RS-L4-024,line-4,rolling-stock,Baghdad six-car body installation,1,7512,7536,,,
baghdad:BAG-RS-L4-035:rs-23-moulded-body-modules,BAG-RS-L4-035,line-4,rolling-stock,Baghdad six-car composite kits,1,7512,7608,,,
baghdad:BAG-WPT-L4-002:wpt-10-cabinet-bench,BAG-WPT-L4-002,line-4,waypoint,wayside bench,2,1984,2008,,,
baghdad:BAG-WPT-L4-004:wpt-10-cabinet-bench,BAG-WPT-L4-004,line-4,waypoint,wayside bench,1,2008,2032,,,
baghdad:BAG-RS-L3-085:rs-40-fitout-static-test,BAG-RS-L3-085,line-3,rolling-stock,Baghdad six-car fitout and static test,4,7520,7672,,,
baghdad:BAG-RS-L3-086:rs-40-fitout-static-test,BAG-RS-L3-086,line-3,rolling-stock,Baghdad six-car fitout and static test,5,7520,7672,,,
baghdad:BAG-RS-L4-014:rs-30-traction-battery-control,BAG-RS-L4-014,line-4,rolling-stock,Baghdad six-car electrical integration,1,7520,7712,,,
baghdad:BAG-RS-L4-015:rs-30-traction-battery-control,BAG-RS-L4-015,line-4,rolling-stock,Baghdad six-car electrical integration,2,7520,7712,,,
baghdad:BAG-RS-L4-016:rs-30-traction-battery-control,BAG-RS-L4-016,line-4,rolling-stock,Baghdad six-car electrical integration,3,7520,7712,,,
baghdad:BAG-RS-L4-025:rs-25-clip-on-body,BAG-RS-L4-025,line-4,rolling-stock,Baghdad six-car body installation,3,7520,7544,,,
baghdad:BAG-RS-L5-021:rs-10-material-kit,BAG-RS-L5-021,line-5,rolling-stock,Baghdad trainset kitting,1,7520,7552,,,
baghdad:BAG-RS-L5-022:rs-10-material-kit,BAG-RS-L5-022,line-5,rolling-stock,Baghdad trainset kitting,2,7520,7552,,,
baghdad:BAG-RS-L5-023:rs-10-material-kit,BAG-RS-L5-023,line-5,rolling-stock,Baghdad trainset kitting,3,7520,7552,,,
baghdad:BAG-RS-L5-024:rs-10-material-kit,BAG-RS-L5-024,line-5,rolling-stock,Baghdad trainset kitting,4,7520,7552,,,
baghdad:BAG-ST-067:st-20-mep-passenger-systems,BAG-ST-067,line-4,station,station systems crew,2,4464,4544,,,
baghdad:BAG-TRK-L6-002:trk-30-trackform-rail,BAG-TRK-L6-002,line-6,track-section,track crew,1,6496,6640,,,
baghdad:BAG-RS-L3-067:rs-50-dynamic-commissioning,BAG-RS-L3-067,line-3,rolling-stock,Baghdad trainset acceptance bays,9,7528,7648,0,7536,7555
baghdad:BAG-RS-L3-068:rs-50-dynamic-commissioning,BAG-RS-L3-068,line-3,rolling-stock,Baghdad trainset acceptance bays,10,7528,7648,2,7536,7555
baghdad:BAG-RS-L3-087:rs-40-fitout-static-test,BAG-RS-L3-087,line-3,rolling-stock,Baghdad six-car fitout and static test,16,7528,7680,,,
baghdad:BAG-RS-L4-026:rs-25-clip-on-body,BAG-RS-L4-026,line-4,rolling-stock,Baghdad six-car body installation,2,7528,7552,,,
baghdad:BAG-RS-L4-036:rs-23-moulded-body-modules,BAG-RS-L4-036,line-4,rolling-stock,Baghdad six-car composite kits,2,7528,7624,,,
baghdad:BAG-RS-L4-037:rs-23-moulded-body-modules,BAG-RS-L4-037,line-4,rolling-stock,Baghdad six-car composite kits,8,7528,7624,,,
baghdad:BAG-RS-L4-038:rs-23-moulded-body-modules,BAG-RS-L4-038,line-4,rolling-stock,Baghdad six-car composite kits,9,7528,7624,,,
baghdad:BAG-RS-L4-062:rs-20-carbody-bogie,BAG-RS-L4-062,line-4,rolling-stock,Baghdad six-car structural assembly,5,7528,7760,,,
baghdad:BAG-RS-L4-063:rs-20-carbody-bogie,BAG-RS-L4-063,line-4,rolling-stock,Baghdad six-car structural assembly,6,7528,7760,,,
baghdad:BAG-RS-L4-064:rs-20-carbody-bogie,BAG-RS-L4-064,line-4,rolling-stock,Baghdad six-car structural assembly,7,7528,7760,,,
baghdad:BAG-RS-L4-065:rs-20-carbody-bogie,BAG-RS-L4-065,line-4,rolling-stock,Baghdad six-car structural assembly,8,7528,7760,,,
baghdad:BAG-RS-L3-069:rs-50-dynamic-commissioning,BAG-RS-L3-069,line-3,rolling-stock,Baghdad trainset acceptance bays,11,7536,7656,1,7544,7563
baghdad:BAG-RS-L4-027:rs-25-clip-on-body,BAG-RS-L4-027,line-4,rolling-stock,Baghdad six-car body installation,1,7536,7560,,,
baghdad:BAG-ST-098:st-10-civil-structure,BAG-ST-098,line-6,station,station civil crew,2,6208,6320,,,
baghdad:BAG-ST-105:st-10-civil-structure,BAG-ST-105,line-6,station,station civil crew,1,6792,6904,,,
baghdad:BAG-WPT-L4-002:wpt-20-install-commission,BAG-WPT-L4-002,line-4,waypoint,wayside systems crew,2,4296,4328,,,
baghdad:BAG-WPT-L4-004:wpt-20-install-commission,BAG-WPT-L4-004,line-4,waypoint,wayside systems crew,1,4496,4528,,,
baghdad:BAG-RS-L3-088:rs-40-fitout-static-test,BAG-RS-L3-088,line-3,rolling-stock,Baghdad six-car fitout and static test,6,7544,7696,,,
baghdad:BAG-RS-L4-017:rs-30-traction-battery-control,BAG-RS-L4-017,line-4,rolling-stock,Baghdad six-car electrical integration,4,7544,7736,,,
baghdad:BAG-TRK-L7-001:trk-10-survey-utility,BAG-TRK-L7-001,line-7,track-section,corridor civil crew,1,7544,7576,,,
baghdad:BAG-RS-L3-070:rs-50-dynamic-commissioning,BAG-RS-L3-070,line-3,rolling-stock,Baghdad trainset acceptance bays,12,7552,7672,0,7560,7579
baghdad:BAG-RS-L3-089:rs-40-fitout-static-test,BAG-RS-L3-089,line-3,rolling-stock,Baghdad six-car fitout and static test,7,7552,7704,,,
baghdad:BAG-RS-L4-018:rs-30-traction-battery-control,BAG-RS-L4-018,line-4,rolling-stock,Baghdad six-car electrical integration,5,7552,7744,,,
baghdad:BAG-RS-L4-028:rs-25-clip-on-body,BAG-RS-L4-028,line-4,rolling-stock,Baghdad six-car body installation,2,7552,7576,,,
baghdad:BAG-RS-L4-029:rs-25-clip-on-body,BAG-RS-L4-029,line-4,rolling-stock,Baghdad six-car body installation,3,7552,7576,,,
baghdad:BAG-RS-L4-039:rs-23-moulded-body-modules,BAG-RS-L4-039,line-4,rolling-stock,Baghdad six-car composite kits,3,7552,7648,,,
baghdad:BAG-RS-L5-025:rs-10-material-kit,BAG-RS-L5-025,line-5,rolling-stock,Baghdad trainset kitting,1,7552,7584,,,
baghdad:BAG-RS-L5-026:rs-10-material-kit,BAG-RS-L5-026,line-5,rolling-stock,Baghdad trainset kitting,2,7552,7584,,,
baghdad:BAG-RS-L5-027:rs-10-material-kit,BAG-RS-L5-027,line-5,rolling-stock,Baghdad trainset kitting,3,7552,7584,,,
baghdad:BAG-RS-L5-028:rs-10-material-kit,BAG-RS-L5-028,line-5,rolling-stock,Baghdad trainset kitting,4,7552,7584,,,
baghdad:BAG-ST-075:st-20-mep-passenger-systems,BAG-ST-075,line-4,station,station systems crew,1,5008,5088,,,
baghdad:BAG-RS-L3-071:rs-50-dynamic-commissioning,BAG-RS-L3-071,line-3,rolling-stock,Baghdad trainset acceptance bays,13,7560,7680,1,7568,7587
baghdad:BAG-RS-L3-090:rs-40-fitout-static-test,BAG-RS-L3-090,line-3,rolling-stock,Baghdad six-car fitout and static test,8,7560,7712,,,
baghdad:BAG-RS-L4-019:rs-30-traction-battery-control,BAG-RS-L4-019,line-4,rolling-stock,Baghdad six-car electrical integration,6,7560,7752,,,
baghdad:BAG-RS-L4-030:rs-25-clip-on-body,BAG-RS-L4-030,line-4,rolling-stock,Baghdad six-car body installation,1,7560,7584,,,
baghdad:BAG-RS-L4-040:rs-23-moulded-body-modules,BAG-RS-L4-040,line-4,rolling-stock,Baghdad six-car composite kits,10,7560,7656,,,
baghdad:BAG-RS-L4-041:rs-23-moulded-body-modules,BAG-RS-L4-041,line-4,rolling-stock,Baghdad six-car composite kits,11,7560,7656,,,
baghdad:BAG-RS-L4-066:rs-20-carbody-bogie,BAG-RS-L4-066,line-4,rolling-stock,Baghdad six-car structural assembly,9,7560,7792,,,
baghdad:BAG-RS-L4-067:rs-20-carbody-bogie,BAG-RS-L4-067,line-4,rolling-stock,Baghdad six-car structural assembly,10,7560,7792,,,
baghdad:BAG-RS-L4-068:rs-20-carbody-bogie,BAG-RS-L4-068,line-4,rolling-stock,Baghdad six-car structural assembly,11,7560,7792,,,
baghdad:BAG-RS-L4-069:rs-20-carbody-bogie,BAG-RS-L4-069,line-4,rolling-stock,Baghdad six-car structural assembly,12,7560,7792,,,
baghdad:BAG-RS-L3-091:rs-40-fitout-static-test,BAG-RS-L3-091,line-3,rolling-stock,Baghdad six-car fitout and static test,17,7568,7720,,,
baghdad:BAG-RS-L4-020:rs-30-traction-battery-control,BAG-RS-L4-020,line-4,rolling-stock,Baghdad six-car electrical integration,7,7568,7760,,,
baghdad:BAG-RS-L4-042:rs-23-moulded-body-modules,BAG-RS-L4-042,line-4,rolling-stock,Baghdad six-car composite kits,4,7568,7664,,,
baghdad:BAG-SIG-067:wpt-20-install-commission,BAG-SIG-067,line-4,signalling-comms,wayside systems crew,1,4544,4576,,,
baghdad:BAG-WPT-L4-001:wpt-20-install-commission,BAG-WPT-L4-001,line-4,waypoint,wayside systems crew,2,4328,4360,,,
baghdad:BAG-RS-L3-072:rs-50-dynamic-commissioning,BAG-RS-L3-072,line-3,rolling-stock,Baghdad trainset acceptance bays,1,7576,7696,0,7584,7603
baghdad:BAG-RS-L3-073:rs-50-dynamic-commissioning,BAG-RS-L3-073,line-3,rolling-stock,Baghdad trainset acceptance bays,2,7576,7696,2,7584,7603
baghdad:BAG-RS-L3-092:rs-40-fitout-static-test,BAG-RS-L3-092,line-3,rolling-stock,Baghdad six-car fitout and static test,9,7576,7728,,,
baghdad:BAG-RS-L4-021:rs-30-traction-battery-control,BAG-RS-L4-021,line-4,rolling-stock,Baghdad six-car electrical integration,8,7576,7768,,,
baghdad:BAG-RS-L4-031:rs-25-clip-on-body,BAG-RS-L4-031,line-4,rolling-stock,Baghdad six-car body installation,2,7576,7600,,,
baghdad:BAG-TRK-L7-001:trk-20-subgrade-drainage,BAG-TRK-L7-001,line-7,track-section,corridor civil crew,1,7576,7720,,,
baghdad:BAG-WPT-L4-003:wpt-10-cabinet-bench,BAG-WPT-L4-003,line-4,waypoint,wayside bench,3,1984,2008,,,
baghdad:BAG-RS-L3-074:rs-50-dynamic-commissioning,BAG-RS-L3-074,line-3,rolling-stock,Baghdad trainset acceptance bays,3,7584,7704,1,7592,7611
baghdad:BAG-RS-L4-001:rs-40-fitout-static-test,BAG-RS-L4-001,line-4,rolling-stock,Baghdad six-car fitout and static test,10,7584,7736,,,
baghdad:BAG-RS-L4-022:rs-30-traction-battery-control,BAG-RS-L4-022,line-4,rolling-stock,Baghdad six-car electrical integration,9,7584,7776,,,
baghdad:BAG-RS-L5-029:rs-10-material-kit,BAG-RS-L5-029,line-5,rolling-stock,Baghdad trainset kitting,1,7584,7616,,,
baghdad:BAG-RS-L5-030:rs-10-material-kit,BAG-RS-L5-030,line-5,rolling-stock,Baghdad trainset kitting,2,7584,7616,,,
baghdad:BAG-RS-L5-031:rs-10-material-kit,BAG-RS-L5-031,line-5,rolling-stock,Baghdad trainset kitting,3,7584,7616,,,
baghdad:BAG-RS-L5-032:rs-10-material-kit,BAG-RS-L5-032,line-5,rolling-stock,Baghdad trainset kitting,4,7584,7616,,,
baghdad:BAG-EN-083:en-20-energy-commission,BAG-EN-083,line-5,energy,energy crew,1,5040,5080,,,
baghdad:BAG-EN-084:en-20-energy-commission,BAG-EN-084,line-5,energy,energy crew,2,5040,5080,,,
baghdad:BAG-RS-L4-002:rs-40-fitout-static-test,BAG-RS-L4-002,line-4,rolling-stock,Baghdad six-car fitout and static test,11,7592,7744,,,
baghdad:BAG-RS-L4-023:rs-30-traction-battery-control,BAG-RS-L4-023,line-4,rolling-stock,Baghdad six-car electrical integration,10,7592,7784,,,
baghdad:BAG-RS-L4-032:rs-25-clip-on-body,BAG-RS-L4-032,line-4,rolling-stock,Baghdad six-car body installation,1,7592,7616,,,
baghdad:BAG-RS-L4-033:rs-25-clip-on-body,BAG-RS-L4-033,line-4,rolling-stock,Baghdad six-car body installation,3,7592,7616,,,
baghdad:BAG-RS-L4-043:rs-23-moulded-body-modules,BAG-RS-L4-043,line-4,rolling-stock,Baghdad six-car composite kits,5,7592,7688,,,
baghdad:BAG-RS-L4-044:rs-23-moulded-body-modules,BAG-RS-L4-044,line-4,rolling-stock,Baghdad six-car composite kits,6,7592,7688,,,
baghdad:BAG-RS-L4-045:rs-23-moulded-body-modules,BAG-RS-L4-045,line-4,rolling-stock,Baghdad six-car composite kits,7,7592,7688,,,
baghdad:BAG-RS-L4-070:rs-20-carbody-bogie,BAG-RS-L4-070,line-4,rolling-stock,Baghdad six-car structural assembly,13,7592,7824,,,
baghdad:BAG-RS-L4-071:rs-20-carbody-bogie,BAG-RS-L4-071,line-4,rolling-stock,Baghdad six-car structural assembly,14,7592,7824,,,
baghdad:BAG-RS-L4-072:rs-20-carbody-bogie,BAG-RS-L4-072,line-4,rolling-stock,Baghdad six-car structural assembly,15,7592,7824,,,
baghdad:BAG-RS-L4-073:rs-20-carbody-bogie,BAG-RS-L4-073,line-4,rolling-stock,Baghdad six-car structural assembly,16,7592,7824,,,
baghdad:BAG-RS-L3-075:rs-50-dynamic-commissioning,BAG-RS-L3-075,line-3,rolling-stock,Baghdad trainset acceptance bays,4,7600,7720,0,7608,7627
baghdad:BAG-RS-L4-003:rs-40-fitout-static-test,BAG-RS-L4-003,line-4,rolling-stock,Baghdad six-car fitout and static test,12,7600,7752,,,
baghdad:BAG-RS-L4-024:rs-30-traction-battery-control,BAG-RS-L4-024,line-4,rolling-stock,Baghdad six-car electrical integration,11,7600,7792,,,
baghdad:BAG-RS-L4-034:rs-25-clip-on-body,BAG-RS-L4-034,line-4,rolling-stock,Baghdad six-car body installation,2,7600,7624,,,
baghdad:BAG-SIG-066:wpt-20-install-commission,BAG-SIG-066,line-4,signalling-comms,wayside systems crew,1,4576,4608,,,
baghdad:BAG-ST-069:st-20-mep-passenger-systems,BAG-ST-069,line-4,station,station systems crew,2,4600,4680,,,
baghdad:BAG-WPT-L4-003:wpt-20-install-commission,BAG-WPT-L4-003,line-4,waypoint,wayside systems crew,2,4464,4496,,,
baghdad:BAG-RS-L3-076:rs-50-dynamic-commissioning,BAG-RS-L3-076,line-3,rolling-stock,Baghdad trainset acceptance bays,5,7608,7728,1,7616,7635
baghdad:BAG-RS-L3-077:rs-50-dynamic-commissioning,BAG-RS-L3-077,line-3,rolling-stock,Baghdad trainset acceptance bays,6,7608,7728,2,7616,7635
baghdad:BAG-RS-L4-046:rs-23-moulded-body-modules,BAG-RS-L4-046,line-4,rolling-stock,Baghdad six-car composite kits,1,7608,7704,,,
baghdad:BAG-WPT-L4-006:wpt-10-cabinet-bench,BAG-WPT-L4-006,line-4,waypoint,wayside bench,3,2008,2032,,,
baghdad:BAG-WPT-L4-007:wpt-10-cabinet-bench,BAG-WPT-L4-007,line-4,waypoint,wayside bench,1,2032,2056,,,
baghdad:BAG-RS-L4-004:rs-40-fitout-static-test,BAG-RS-L4-004,line-4,rolling-stock,Baghdad six-car fitout and static test,13,7616,7768,,,
baghdad:BAG-RS-L4-005:rs-40-fitout-static-test,BAG-RS-L4-005,line-4,rolling-stock,Baghdad six-car fitout and static test,14,7616,7768,,,
baghdad:BAG-RS-L4-025:rs-30-traction-battery-control,BAG-RS-L4-025,line-4,rolling-stock,Baghdad six-car electrical integration,12,7616,7808,,,
baghdad:BAG-RS-L4-026:rs-30-traction-battery-control,BAG-RS-L4-026,line-4,rolling-stock,Baghdad six-car electrical integration,13,7616,7808,,,
baghdad:BAG-RS-L4-035:rs-25-clip-on-body,BAG-RS-L4-035,line-4,rolling-stock,Baghdad six-car body installation,1,7616,7640,,,
baghdad:BAG-RS-L5-033:rs-10-material-kit,BAG-RS-L5-033,line-5,rolling-stock,Baghdad trainset kitting,1,7616,7648,,,
baghdad:BAG-RS-L5-034:rs-10-material-kit,BAG-RS-L5-034,line-5,rolling-stock,Baghdad trainset kitting,2,7616,7648,,,
baghdad:BAG-RS-L5-035:rs-10-material-kit,BAG-RS-L5-035,line-5,rolling-stock,Baghdad trainset kitting,3,7616,7648,,,
baghdad:BAG-RS-L5-036:rs-10-material-kit,BAG-RS-L5-036,line-5,rolling-stock,Baghdad trainset kitting,4,7616,7648,,,
baghdad:BAG-RS-L3-078:rs-50-dynamic-commissioning,BAG-RS-L3-078,line-3,rolling-stock,Baghdad trainset acceptance bays,7,7624,7744,0,7632,7651
baghdad:BAG-RS-L4-027:rs-30-traction-battery-control,BAG-RS-L4-027,line-4,rolling-stock,Baghdad six-car electrical integration,14,7624,7816,,,
baghdad:BAG-RS-L4-036:rs-25-clip-on-body,BAG-RS-L4-036,line-4,rolling-stock,Baghdad six-car body installation,2,7624,7648,,,
baghdad:BAG-RS-L4-037:rs-25-clip-on-body,BAG-RS-L4-037,line-4,rolling-stock,Baghdad six-car body installation,3,7624,7648,,,
baghdad:BAG-RS-L4-047:rs-23-moulded-body-modules,BAG-RS-L4-047,line-4,rolling-stock,Baghdad six-car composite kits,2,7624,7720,,,
baghdad:BAG-RS-L4-048:rs-23-moulded-body-modules,BAG-RS-L4-048,line-4,rolling-stock,Baghdad six-car composite kits,8,7624,7720,,,
baghdad:BAG-RS-L4-049:rs-23-moulded-body-modules,BAG-RS-L4-049,line-4,rolling-stock,Baghdad six-car composite kits,9,7624,7720,,,
baghdad:BAG-RS-L4-074:rs-20-carbody-bogie,BAG-RS-L4-074,line-4,rolling-stock,Baghdad six-car structural assembly,17,7624,7856,,,
baghdad:BAG-RS-L4-075:rs-20-carbody-bogie,BAG-RS-L4-075,line-4,rolling-stock,Baghdad six-car structural assembly,18,7624,7856,,,
baghdad:BAG-RS-L4-076:rs-20-carbody-bogie,BAG-RS-L4-076,line-4,rolling-stock,Baghdad six-car structural assembly,19,7624,7856,,,
baghdad:BAG-RS-L4-077:rs-20-carbody-bogie,BAG-RS-L4-077,line-4,rolling-stock,Baghdad six-car structural assembly,20,7624,7856,,,
baghdad:BAG-TRK-L6-003:trk-30-trackform-rail,BAG-TRK-L6-003,line-6,track-section,track crew,2,6568,6712,,,
baghdad:BAG-TRK-L7-002:trk-10-survey-utility,BAG-TRK-L7-002,line-7,track-section,corridor civil crew,2,7624,7656,,,
baghdad:BAG-EN-085:en-10-energy-build,BAG-EN-085,line-5,energy,energy crew,1,5080,5160,,,
baghdad:BAG-EN-086:en-10-energy-build,BAG-EN-086,line-5,energy,energy crew,2,5080,5160,,,
baghdad:BAG-RS-L3-079:rs-50-dynamic-commissioning,BAG-RS-L3-079,line-3,rolling-stock,Baghdad trainset acceptance bays,8,7632,7752,1,7640,7659
baghdad:BAG-RS-L4-006:rs-40-fitout-static-test,BAG-RS-L4-006,line-4,rolling-stock,Baghdad six-car fitout and static test,1,7632,7784,,,
baghdad:BAG-ST-077:st-20-mep-passenger-systems,BAG-ST-077,line-5,station,station systems crew,1,5136,5216,,,
baghdad:BAG-WPT-L4-006:wpt-20-install-commission,BAG-WPT-L4-006,line-4,waypoint,wayside systems crew,2,4544,4576,,,
baghdad:BAG-WPT-L4-007:wpt-20-install-commission,BAG-WPT-L4-007,line-4,waypoint,wayside systems crew,1,4608,4640,,,
baghdad:BAG-RS-L4-007:rs-40-fitout-static-test,BAG-RS-L4-007,line-4,rolling-stock,Baghdad six-car fitout and static test,2,7640,7792,,,
baghdad:BAG-RS-L4-028:rs-30-traction-battery-control,BAG-RS-L4-028,line-4,rolling-stock,Baghdad six-car electrical integration,15,7640,7832,,,
baghdad:BAG-RS-L4-038:rs-25-clip-on-body,BAG-RS-L4-038,line-4,rolling-stock,Baghdad six-car body installation,1,7640,7664,,,
baghdad:BAG-WPT-L4-005:wpt-10-cabinet-bench,BAG-WPT-L4-005,line-4,waypoint,wayside bench,2,2008,2032,,,
baghdad:BAG-RS-L3-080:rs-50-dynamic-commissioning,BAG-RS-L3-080,line-3,rolling-stock,Baghdad trainset acceptance bays,9,7648,7768,0,7656,7675
baghdad:BAG-RS-L3-081:rs-50-dynamic-commissioning,BAG-RS-L3-081,line-3,rolling-stock,Baghdad trainset acceptance bays,10,7648,7768,2,7656,7675
baghdad:BAG-RS-L4-008:rs-40-fitout-static-test,BAG-RS-L4-008,line-4,rolling-stock,Baghdad six-car fitout and static test,15,7648,7800,,,
baghdad:BAG-RS-L4-029:rs-30-traction-battery-control,BAG-RS-L4-029,line-4,rolling-stock,Baghdad six-car electrical integration,16,7648,7840,,,
baghdad:BAG-RS-L4-039:rs-25-clip-on-body,BAG-RS-L4-039,line-4,rolling-stock,Baghdad six-car body installation,2,7648,7672,,,
baghdad:BAG-RS-L4-050:rs-23-moulded-body-modules,BAG-RS-L4-050,line-4,rolling-stock,Baghdad six-car composite kits,3,7648,7744,,,
baghdad:BAG-RS-L5-037:rs-10-material-kit,BAG-RS-L5-037,line-5,rolling-stock,Baghdad trainset kitting,1,7648,7680,,,
baghdad:BAG-RS-L5-038:rs-10-material-kit,BAG-RS-L5-038,line-5,rolling-stock,Baghdad trainset kitting,2,7648,7680,,,
baghdad:BAG-RS-L5-039:rs-10-material-kit,BAG-RS-L5-039,line-5,rolling-stock,Baghdad trainset kitting,3,7648,7680,,,
baghdad:BAG-RS-L5-040:rs-10-material-kit,BAG-RS-L5-040,line-5,rolling-stock,Baghdad trainset kitting,4,7648,7680,,,
baghdad:BAG-ST-100:st-10-civil-structure,BAG-ST-100,line-6,station,station civil crew,2,6384,6496,,,
baghdad:BAG-ST-107:st-10-civil-structure,BAG-ST-107,line-6,station,station civil crew,1,6912,7024,,,
baghdad:BAG-RS-L3-082:rs-50-dynamic-commissioning,BAG-RS-L3-082,line-3,rolling-stock,Baghdad trainset acceptance bays,11,7656,7776,1,7664,7683
baghdad:BAG-RS-L4-009:rs-40-fitout-static-test,BAG-RS-L4-009,line-4,rolling-stock,Baghdad six-car fitout and static test,3,7656,7808,,,
baghdad:BAG-RS-L4-030:rs-30-traction-battery-control,BAG-RS-L4-030,line-4,rolling-stock,Baghdad six-car electrical integration,17,7656,7848,,,
baghdad:BAG-RS-L4-040:rs-25-clip-on-body,BAG-RS-L4-040,line-4,rolling-stock,Baghdad six-car body installation,3,7656,7680,,,
baghdad:BAG-RS-L4-051:rs-23-moulded-body-modules,BAG-RS-L4-051,line-4,rolling-stock,Baghdad six-car composite kits,10,7656,7752,,,
baghdad:BAG-RS-L4-052:rs-23-moulded-body-modules,BAG-RS-L4-052,line-4,rolling-stock,Baghdad six-car composite kits,11,7656,7752,,,
baghdad:BAG-RS-L4-078:rs-20-carbody-bogie,BAG-RS-L4-078,line-4,rolling-stock,Baghdad six-car structural assembly,21,7656,7888,,,
baghdad:BAG-RS-L4-079:rs-20-carbody-bogie,BAG-RS-L4-079,line-4,rolling-stock,Baghdad six-car structural assembly,22,7656,7888,,,
baghdad:BAG-RS-L4-080:rs-20-carbody-bogie,BAG-RS-L4-080,line-4,rolling-stock,Baghdad six-car structural assembly,23,7656,7888,,,
baghdad:BAG-RS-L4-081:rs-20-carbody-bogie,BAG-RS-L4-081,line-4,rolling-stock,Baghdad six-car structural assembly,24,7656,7888,,,
baghdad:BAG-TRK-L7-002:trk-20-subgrade-drainage,BAG-TRK-L7-002,line-7,track-section,corridor civil crew,2,7656,7800,,,
baghdad:BAG-RS-L4-031:rs-30-traction-battery-control,BAG-RS-L4-031,line-4,rolling-stock,Baghdad six-car electrical integration,18,7664,7856,,,
baghdad:BAG-RS-L4-041:rs-25-clip-on-body,BAG-RS-L4-041,line-4,rolling-stock,Baghdad six-car body installation,1,7664,7688,,,
baghdad:BAG-RS-L4-053:rs-23-moulded-body-modules,BAG-RS-L4-053,line-4,rolling-stock,Baghdad six-car composite kits,4,7664,7760,,,
baghdad:BAG-SIG-069:wpt-20-install-commission,BAG-SIG-069,line-4,signalling-comms,wayside systems crew,1,4744,4776,,,
baghdad:BAG-TRK-L6-004:trk-30-trackform-rail,BAG-TRK-L6-004,line-6,track-section,track crew,1,6664,6808,,,
baghdad:BAG-WPT-L4-005:wpt-20-install-commission,BAG-WPT-L4-005,line-4,waypoint,wayside systems crew,2,4576,4608,,,
baghdad:BAG-RS-L3-083:rs-50-dynamic-commissioning,BAG-RS-L3-083,line-3,rolling-stock,Baghdad trainset acceptance bays,12,7672,7792,0,7680,7699
baghdad:BAG-RS-L4-010:rs-40-fitout-static-test,BAG-RS-L4-010,line-4,rolling-stock,Baghdad six-car fitout and static test,4,7672,7824,,,
baghdad:BAG-RS-L4-011:rs-40-fitout-static-test,BAG-RS-L4-011,line-4,rolling-stock,Baghdad six-car fitout and static test,5,7672,7824,,,
baghdad:BAG-RS-L4-032:rs-30-traction-battery-control,BAG-RS-L4-032,line-4,rolling-stock,Baghdad six-car electrical integration,19,7672,7864,,,
baghdad:BAG-RS-L4-042:rs-25-clip-on-body,BAG-RS-L4-042,line-4,rolling-stock,Baghdad six-car body installation,2,7672,7696,,,
baghdad:BAG-WPT-L4-008:wpt-10-cabinet-bench,BAG-WPT-L4-008,line-4,waypoint,wayside bench,2,2032,2056,,,
baghdad:BAG-WPT-L4-009:wpt-10-cabinet-bench,BAG-WPT-L4-009,line-4,waypoint,wayside bench,3,2032,2056,,,
baghdad:BAG-RS-L3-084:rs-50-dynamic-commissioning,BAG-RS-L3-084,line-3,rolling-stock,Baghdad trainset acceptance bays,13,7680,7800,1,7688,7707
baghdad:BAG-RS-L4-012:rs-40-fitout-static-test,BAG-RS-L4-012,line-4,rolling-stock,Baghdad six-car fitout and static test,16,7680,7832,,,
baghdad:BAG-RS-L4-033:rs-30-traction-battery-control,BAG-RS-L4-033,line-4,rolling-stock,Baghdad six-car electrical integration,20,7680,7872,,,
baghdad:BAG-RS-L5-041:rs-10-material-kit,BAG-RS-L5-041,line-5,rolling-stock,Baghdad trainset kitting,1,7680,7712,,,
baghdad:BAG-RS-L5-042:rs-10-material-kit,BAG-RS-L5-042,line-5,rolling-stock,Baghdad trainset kitting,2,7680,7712,,,
baghdad:BAG-RS-L5-043:rs-10-material-kit,BAG-RS-L5-043,line-5,rolling-stock,Baghdad trainset kitting,3,7680,7712,,,
baghdad:BAG-RS-L5-044:rs-10-material-kit,BAG-RS-L5-044,line-5,rolling-stock,Baghdad trainset kitting,4,7680,7712,,,
baghdad:BAG-ST-072:st-20-mep-passenger-systems,BAG-ST-072,line-4,station,station systems crew,2,4792,4872,,,
baghdad:BAG-RS-L4-034:rs-30-traction-battery-control,BAG-RS-L4-034,line-4,rolling-stock,Baghdad six-car electrical integration,21,7688,7880,,,
baghdad:BAG-RS-L4-043:rs-25-clip-on-body,BAG-RS-L4-043,line-4,rolling-stock,Baghdad six-car body installation,1,7688,7712,,,
baghdad:BAG-RS-L4-044:rs-25-clip-on-body,BAG-RS-L4-044,line-4,rolling-stock,Baghdad six-car body installation,3,7688,7712,,,
baghdad:BAG-RS-L4-054:rs-23-moulded-body-modules,BAG-RS-L4-054,line-4,rolling-stock,Baghdad six-car composite kits,5,7688,7784,,,
baghdad:BAG-RS-L4-055:rs-23-moulded-body-modules,BAG-RS-L4-055,line-4,rolling-stock,Baghdad six-car composite kits,6,7688,7784,,,
baghdad:BAG-RS-L4-056:rs-23-moulded-body-modules,BAG-RS-L4-056,line-4,rolling-stock,Baghdad six-car composite kits,7,7688,7784,,,
baghdad:BAG-RS-L4-082:rs-20-carbody-bogie,BAG-RS-L4-082,line-4,rolling-stock,Baghdad six-car structural assembly,25,7688,7920,,,
baghdad:BAG-RS-L4-083:rs-20-carbody-bogie,BAG-RS-L4-083,line-4,rolling-stock,Baghdad six-car structural assembly,26,7688,7920,,,
baghdad:BAG-RS-L3-085:rs-50-dynamic-commissioning,BAG-RS-L3-085,line-3,rolling-stock,Baghdad trainset acceptance bays,1,7696,7816,0,7704,7723
baghdad:BAG-RS-L3-086:rs-50-dynamic-commissioning,BAG-RS-L3-086,line-3,rolling-stock,Baghdad trainset acceptance bays,2,7696,7816,2,7704,7723
baghdad:BAG-RS-L4-013:rs-40-fitout-static-test,BAG-RS-L4-013,line-4,rolling-stock,Baghdad six-car fitout and static test,6,7696,7848,,,
baghdad:BAG-RS-L4-045:rs-25-clip-on-body,BAG-RS-L4-045,line-4,rolling-stock,Baghdad six-car body installation,2,7696,7720,,,
baghdad:BAG-WPT-L4-008:wpt-20-install-commission,BAG-WPT-L4-008,line-4,waypoint,wayside systems crew,2,4744,4776,,,
baghdad:BAG-WPT-L4-009:wpt-20-install-commission,BAG-WPT-L4-009,line-4,waypoint,wayside systems crew,1,4776,4808,,,
baghdad:BAG-RS-L3-087:rs-50-dynamic-commissioning,BAG-RS-L3-087,line-3,rolling-stock,Baghdad trainset acceptance bays,3,7704,7824,1,7712,7731
baghdad:BAG-RS-L4-057:rs-23-moulded-body-modules,BAG-RS-L4-057,line-4,rolling-stock,Baghdad six-car composite kits,1,7704,7800,,,
baghdad:BAG-WPT-L4-011:wpt-10-cabinet-bench,BAG-WPT-L4-011,line-4,waypoint,wayside bench,2,2056,2080,,,
baghdad:BAG-EN-085:en-20-energy-commission,BAG-EN-085,line-5,energy,energy crew,1,5160,5200,,,
baghdad:BAG-EN-086:en-20-energy-commission,BAG-EN-086,line-5,energy,energy crew,2,5160,5200,,,
baghdad:BAG-RS-L4-014:rs-40-fitout-static-test,BAG-RS-L4-014,line-4,rolling-stock,Baghdad six-car fitout and static test,7,7712,7864,,,
baghdad:BAG-RS-L4-015:rs-40-fitout-static-test,BAG-RS-L4-015,line-4,rolling-stock,Baghdad six-car fitout and static test,8,7712,7864,,,
baghdad:BAG-RS-L4-035:rs-30-traction-battery-control,BAG-RS-L4-035,line-4,rolling-stock,Baghdad six-car electrical integration,1,7712,7904,,,
baghdad:BAG-RS-L4-036:rs-30-traction-battery-control,BAG-RS-L4-036,line-4,rolling-stock,Baghdad six-car electrical integration,2,7712,7904,,,
baghdad:BAG-RS-L4-037:rs-30-traction-battery-control,BAG-RS-L4-037,line-4,rolling-stock,Baghdad six-car electrical integration,3,7712,7904,,,
baghdad:BAG-RS-L4-046:rs-25-clip-on-body,BAG-RS-L4-046,line-4,rolling-stock,Baghdad six-car body installation,1,7712,7736,,,
baghdad:BAG-RS-L5-045:rs-10-material-kit,BAG-RS-L5-045,line-5,rolling-stock,Baghdad trainset kitting,1,7712,7744,,,
baghdad:BAG-RS-L5-046:rs-10-material-kit,BAG-RS-L5-046,line-5,rolling-stock,Baghdad trainset kitting,2,7712,7744,,,
baghdad:BAG-RS-L5-047:rs-10-material-kit,BAG-RS-L5-047,line-5,rolling-stock,Baghdad trainset kitting,3,7712,7744,,,
baghdad:BAG-RS-L5-048:rs-10-material-kit,BAG-RS-L5-048,line-5,rolling-stock,Baghdad trainset kitting,4,7712,7744,,,
baghdad:BAG-ST-079:st-20-mep-passenger-systems,BAG-ST-079,line-5,station,station systems crew,1,5248,5328,,,
baghdad:BAG-RS-L3-088:rs-50-dynamic-commissioning,BAG-RS-L3-088,line-3,rolling-stock,Baghdad trainset acceptance bays,4,7720,7840,0,7728,7747
baghdad:BAG-RS-L4-016:rs-40-fitout-static-test,BAG-RS-L4-016,line-4,rolling-stock,Baghdad six-car fitout and static test,17,7720,7872,,,
baghdad:BAG-RS-L4-047:rs-25-clip-on-body,BAG-RS-L4-047,line-4,rolling-stock,Baghdad six-car body installation,2,7720,7744,,,
baghdad:BAG-RS-L4-048:rs-25-clip-on-body,BAG-RS-L4-048,line-4,rolling-stock,Baghdad six-car body installation,3,7720,7744,,,
baghdad:BAG-TRK-L7-003:trk-10-survey-utility,BAG-TRK-L7-003,line-7,track-section,corridor civil crew,1,7720,7768,,,
baghdad:BAG-RS-L3-089:rs-50-dynamic-commissioning,BAG-RS-L3-089,line-3,rolling-stock,Baghdad trainset acceptance bays,5,7728,7848,1,7736,7755
baghdad:BAG-RS-L3-090:rs-50-dynamic-commissioning,BAG-RS-L3-090,line-3,rolling-stock,Baghdad trainset acceptance bays,6,7728,7848,2,7736,7755
baghdad:BAG-RS-L4-058:rs-23-moulded-body-modules,BAG-RS-L4-058,line-4,rolling-stock,Baghdad six-car composite kits,2,7728,7824,,,
baghdad:BAG-RS-L4-059:rs-23-moulded-body-modules,BAG-RS-L4-059,line-4,rolling-stock,Baghdad six-car composite kits,8,7728,7824,,,
baghdad:BAG-RS-L4-060:rs-23-moulded-body-modules,BAG-RS-L4-060,line-4,rolling-stock,Baghdad six-car composite kits,9,7728,7824,,,
baghdad:BAG-RS-L5-001:rs-20-carbody-bogie,BAG-RS-L5-001,line-5,rolling-stock,Baghdad six-car structural assembly,1,7728,7960,,,
baghdad:BAG-RS-L5-002:rs-20-carbody-bogie,BAG-RS-L5-002,line-5,rolling-stock,Baghdad six-car structural assembly,2,7728,7960,,,
baghdad:BAG-RS-L5-003:rs-20-carbody-bogie,BAG-RS-L5-003,line-5,rolling-stock,Baghdad six-car structural assembly,3,7728,7960,,,
baghdad:BAG-RS-L5-004:rs-20-carbody-bogie,BAG-RS-L5-004,line-5,rolling-stock,Baghdad six-car structural assembly,4,7728,7960,,,
baghdad:BAG-SIG-072:wpt-20-install-commission,BAG-SIG-072,line-4,signalling-comms,wayside systems crew,1,4824,4856,,,
baghdad:BAG-WPT-L4-011:wpt-20-install-commission,BAG-WPT-L4-011,line-4,waypoint,wayside systems crew,2,4824,4856,,,
baghdad:BAG-RS-L4-017:rs-40-fitout-static-test,BAG-RS-L4-017,line-4,rolling-stock,Baghdad six-car fitout and static test,9,7736,7888,,,
baghdad:BAG-RS-L4-038:rs-30-traction-battery-control,BAG-RS-L4-038,line-4,rolling-stock,Baghdad six-car electrical integration,4,7736,7928,,,
baghdad:BAG-RS-L4-049:rs-25-clip-on-body,BAG-RS-L4-049,line-4,rolling-stock,Baghdad six-car body installation,1,7736,7760,,,
baghdad:BAG-WPT-L4-010:wpt-10-cabinet-bench,BAG-WPT-L4-010,line-4,waypoint,wayside bench,1,2056,2080,,,
baghdad:BAG-RS-L3-091:rs-50-dynamic-commissioning,BAG-RS-L3-091,line-3,rolling-stock,Baghdad trainset acceptance bays,7,7744,7864,0,7752,7771
baghdad:BAG-RS-L4-018:rs-40-fitout-static-test,BAG-RS-L4-018,line-4,rolling-stock,Baghdad six-car fitout and static test,10,7744,7896,,,
baghdad:BAG-RS-L4-039:rs-30-traction-battery-control,BAG-RS-L4-039,line-4,rolling-stock,Baghdad six-car electrical integration,5,7744,7936,,,
baghdad:BAG-RS-L4-050:rs-25-clip-on-body,BAG-RS-L4-050,line-4,rolling-stock,Baghdad six-car body installation,2,7744,7768,,,
baghdad:BAG-RS-L4-061:rs-23-moulded-body-modules,BAG-RS-L4-061,line-4,rolling-stock,Baghdad six-car composite kits,3,7744,7840,,,
baghdad:BAG-RS-L5-049:rs-10-material-kit,BAG-RS-L5-049,line-5,rolling-stock,Baghdad trainset kitting,1,7744,7776,,,
baghdad:BAG-RS-L5-050:rs-10-material-kit,BAG-RS-L5-050,line-5,rolling-stock,Baghdad trainset kitting,2,7744,7776,,,
baghdad:BAG-RS-L5-051:rs-10-material-kit,BAG-RS-L5-051,line-5,rolling-stock,Baghdad trainset kitting,3,7744,7776,,,
baghdad:BAG-RS-L5-052:rs-10-material-kit,BAG-RS-L5-052,line-5,rolling-stock,Baghdad trainset kitting,4,7744,7776,,,
baghdad:BAG-EN-087:en-10-energy-build,BAG-EN-087,line-5,energy,energy crew,1,5200,5280,,,
baghdad:BAG-EN-088:en-10-energy-build,BAG-EN-088,line-5,energy,energy crew,2,5200,5280,,,
baghdad:BAG-RS-L3-092:rs-50-dynamic-commissioning,BAG-RS-L3-092,line-3,rolling-stock,Baghdad trainset acceptance bays,8,7752,7872,1,7760,7779
baghdad:BAG-RS-L4-019:rs-40-fitout-static-test,BAG-RS-L4-019,line-4,rolling-stock,Baghdad six-car fitout and static test,11,7752,7904,,,
baghdad:BAG-RS-L4-040:rs-30-traction-battery-control,BAG-RS-L4-040,line-4,rolling-stock,Baghdad six-car electrical integration,6,7752,7944,,,
baghdad:BAG-RS-L4-051:rs-25-clip-on-body,BAG-RS-L4-051,line-4,rolling-stock,Baghdad six-car body installation,3,7752,7776,,,
baghdad:BAG-RS-L4-020:rs-40-fitout-static-test,BAG-RS-L4-020,line-4,rolling-stock,Baghdad six-car fitout and static test,12,7760,7912,,,
baghdad:BAG-RS-L4-041:rs-30-traction-battery-control,BAG-RS-L4-041,line-4,rolling-stock,Baghdad six-car electrical integration,7,7760,7952,,,
baghdad:BAG-RS-L4-052:rs-25-clip-on-body,BAG-RS-L4-052,line-4,rolling-stock,Baghdad six-car body installation,1,7760,7784,,,
baghdad:BAG-RS-L4-062:rs-23-moulded-body-modules,BAG-RS-L4-062,line-4,rolling-stock,Baghdad six-car composite kits,4,7760,7856,,,
baghdad:BAG-RS-L4-063:rs-23-moulded-body-modules,BAG-RS-L4-063,line-4,rolling-stock,Baghdad six-car composite kits,10,7760,7856,,,
baghdad:BAG-RS-L4-064:rs-23-moulded-body-modules,BAG-RS-L4-064,line-4,rolling-stock,Baghdad six-car composite kits,11,7760,7856,,,
baghdad:BAG-RS-L5-005:rs-20-carbody-bogie,BAG-RS-L5-005,line-5,rolling-stock,Baghdad six-car structural assembly,5,7760,7992,,,
baghdad:BAG-RS-L5-006:rs-20-carbody-bogie,BAG-RS-L5-006,line-5,rolling-stock,Baghdad six-car structural assembly,6,7760,7992,,,
baghdad:BAG-RS-L5-007:rs-20-carbody-bogie,BAG-RS-L5-007,line-5,rolling-stock,Baghdad six-car structural assembly,7,7760,7992,,,
baghdad:BAG-RS-L5-008:rs-20-carbody-bogie,BAG-RS-L5-008,line-5,rolling-stock,Baghdad six-car structural assembly,8,7760,7992,,,
baghdad:BAG-SIG-071:wpt-20-install-commission,BAG-SIG-071,line-4,signalling-comms,wayside systems crew,1,4952,4984,,,
baghdad:BAG-ST-074:st-20-mep-passenger-systems,BAG-ST-074,line-4,station,station systems crew,2,4936,5016,,,
baghdad:BAG-ST-102:st-10-civil-structure,BAG-ST-102,line-6,station,station civil crew,2,6560,6672,,,
baghdad:BAG-ST-109:st-10-civil-structure,BAG-ST-109,line-6,station,station civil crew,1,7024,7136,,,
baghdad:BAG-WPT-L4-010:wpt-20-install-commission,BAG-WPT-L4-010,line-4,waypoint,wayside systems crew,2,4952,4984,,,
baghdad:BAG-RS-L4-001:rs-50-dynamic-commissioning,BAG-RS-L4-001,line-4,rolling-stock,Baghdad trainset acceptance bays,9,7768,7888,0,7776,7795
baghdad:BAG-RS-L4-002:rs-50-dynamic-commissioning,BAG-RS-L4-002,line-4,rolling-stock,Baghdad trainset acceptance bays,10,7768,7888,2,7776,7795
baghdad:BAG-RS-L4-021:rs-40-fitout-static-test,BAG-RS-L4-021,line-4,rolling-stock,Baghdad six-car fitout and static test,13,7768,7920,,,
baghdad:BAG-RS-L4-042:rs-30-traction-battery-control,BAG-RS-L4-042,line-4,rolling-stock,Baghdad six-car electrical integration,8,7768,7960,,,
baghdad:BAG-RS-L4-053:rs-25-clip-on-body,BAG-RS-L4-053,line-4,rolling-stock,Baghdad six-car body installation,2,7768,7792,,,
baghdad:BAG-TRK-L6-005:trk-30-trackform-rail,BAG-TRK-L6-005,line-6,track-section,track crew,2,6712,6840,,,
baghdad:BAG-TRK-L7-003:trk-20-subgrade-drainage,BAG-TRK-L7-003,line-7,track-section,corridor civil crew,1,7768,8000,,,
baghdad:BAG-WPT-L4-012:wpt-10-cabinet-bench,BAG-WPT-L4-012,line-4,waypoint,wayside bench,3,2056,2080,,,
baghdad:BAG-RS-L4-003:rs-50-dynamic-commissioning,BAG-RS-L4-003,line-4,rolling-stock,Baghdad trainset acceptance bays,11,7776,7896,1,7784,7803
baghdad:BAG-RS-L4-022:rs-40-fitout-static-test,BAG-RS-L4-022,line-4,rolling-stock,Baghdad six-car fitout and static test,14,7776,7928,,,
baghdad:BAG-RS-L4-043:rs-30-traction-battery-control,BAG-RS-L4-043,line-4,rolling-stock,Baghdad six-car electrical integration,9,7776,7968,,,
baghdad:BAG-RS-L5-053:rs-10-material-kit,BAG-RS-L5-053,line-5,rolling-stock,Baghdad trainset kitting,1,7776,7808,,,
baghdad:BAG-RS-L5-054:rs-10-material-kit,BAG-RS-L5-054,line-5,rolling-stock,Baghdad trainset kitting,2,7776,7808,,,
baghdad:BAG-RS-L5-055:rs-10-material-kit,BAG-RS-L5-055,line-5,rolling-stock,Baghdad trainset kitting,3,7776,7808,,,
baghdad:BAG-RS-L5-056:rs-10-material-kit,BAG-RS-L5-056,line-5,rolling-stock,Baghdad trainset kitting,4,7776,7808,,,
baghdad:BAG-RS-L4-023:rs-40-fitout-static-test,BAG-RS-L4-023,line-4,rolling-stock,Baghdad six-car fitout and static test,1,7784,7936,,,
baghdad:BAG-RS-L4-044:rs-30-traction-battery-control,BAG-RS-L4-044,line-4,rolling-stock,Baghdad six-car electrical integration,10,7784,7976,,,
baghdad:BAG-RS-L4-054:rs-25-clip-on-body,BAG-RS-L4-054,line-4,rolling-stock,Baghdad six-car body installation,1,7784,7808,,,
baghdad:BAG-RS-L4-055:rs-25-clip-on-body,BAG-RS-L4-055,line-4,rolling-stock,Baghdad six-car body installation,3,7784,7808,,,
baghdad:BAG-RS-L4-065:rs-23-moulded-body-modules,BAG-RS-L4-065,line-4,rolling-stock,Baghdad six-car composite kits,5,7784,7880,,,
baghdad:BAG-RS-L4-004:rs-50-dynamic-commissioning,BAG-RS-L4-004,line-4,rolling-stock,Baghdad trainset acceptance bays,12,7792,7912,0,7800,7819
baghdad:BAG-RS-L4-024:rs-40-fitout-static-test,BAG-RS-L4-024,line-4,rolling-stock,Baghdad six-car fitout and static test,2,7792,7944,,,
baghdad:BAG-RS-L4-045:rs-30-traction-battery-control,BAG-RS-L4-045,line-4,rolling-stock,Baghdad six-car electrical integration,11,7792,7984,,,
baghdad:BAG-RS-L4-056:rs-25-clip-on-body,BAG-RS-L4-056,line-4,rolling-stock,Baghdad six-car body installation,2,7792,7816,,,
baghdad:BAG-RS-L4-066:rs-23-moulded-body-modules,BAG-RS-L4-066,line-4,rolling-stock,Baghdad six-car composite kits,6,7792,7888,,,
baghdad:BAG-RS-L4-067:rs-23-moulded-body-modules,BAG-RS-L4-067,line-4,rolling-stock,Baghdad six-car composite kits,7,7792,7888,,,
baghdad:BAG-RS-L5-009:rs-20-carbody-bogie,BAG-RS-L5-009,line-5,rolling-stock,Baghdad six-car structural assembly,9,7792,8024,,,
baghdad:BAG-RS-L5-010:rs-20-carbody-bogie,BAG-RS-L5-010,line-5,rolling-stock,Baghdad six-car structural assembly,10,7792,8024,,,
baghdad:BAG-RS-L5-011:rs-20-carbody-bogie,BAG-RS-L5-011,line-5,rolling-stock,Baghdad six-car structural assembly,11,7792,8024,,,
baghdad:BAG-RS-L5-012:rs-20-carbody-bogie,BAG-RS-L5-012,line-5,rolling-stock,Baghdad six-car structural assembly,12,7792,8024,,,
baghdad:BAG-SIG-061:wpt-20-install-commission,BAG-SIG-061,line-4,signalling-comms,wayside systems crew,3,4320,4352,,,
baghdad:BAG-SIG-073:wpt-20-install-commission,BAG-SIG-073,line-4,signalling-comms,wayside systems crew,1,4984,5016,,,
baghdad:BAG-ST-081:st-20-mep-passenger-systems,BAG-ST-081,line-5,station,station systems crew,1,5360,5440,,,
baghdad:BAG-WPT-L4-012:wpt-20-install-commission,BAG-WPT-L4-012,line-4,waypoint,wayside systems crew,2,4984,5016,,,
baghdad:BAG-RS-L4-005:rs-50-dynamic-commissioning,BAG-RS-L4-005,line-4,rolling-stock,Baghdad trainset acceptance bays,13,7800,7920,1,7808,7827
baghdad:BAG-RS-L4-068:rs-23-moulded-body-modules,BAG-RS-L4-068,line-4,rolling-stock,Baghdad six-car composite kits,1,7800,7896,,,
baghdad:BAG-TRK-L7-004:trk-10-survey-utility,BAG-TRK-L7-004,line-7,track-section,corridor civil crew,2,7800,7816,,,
baghdad:BAG-WPT-L4-013:wpt-10-cabinet-bench,BAG-WPT-L4-013,line-4,waypoint,wayside bench,1,2080,2104,,,
baghdad:BAG-RS-L4-025:rs-40-fitout-static-test,BAG-RS-L4-025,line-4,rolling-stock,Baghdad six-car fitout and static test,3,7808,7960,,,
baghdad:BAG-RS-L4-026:rs-40-fitout-static-test,BAG-RS-L4-026,line-4,rolling-stock,Baghdad six-car fitout and static test,15,7808,7960,,,
baghdad:BAG-RS-L4-046:rs-30-traction-battery-control,BAG-RS-L4-046,line-4,rolling-stock,Baghdad six-car electrical integration,12,7808,8000,,,
baghdad:BAG-RS-L4-047:rs-30-traction-battery-control,BAG-RS-L4-047,line-4,rolling-stock,Baghdad six-car electrical integration,13,7808,8000,,,
baghdad:BAG-RS-L4-057:rs-25-clip-on-body,BAG-RS-L4-057,line-4,rolling-stock,Baghdad six-car body installation,1,7808,7832,,,
baghdad:BAG-RS-L5-057:rs-10-material-kit,BAG-RS-L5-057,line-5,rolling-stock,Baghdad trainset kitting,1,7808,7840,,,
baghdad:BAG-RS-L5-058:rs-10-material-kit,BAG-RS-L5-058,line-5,rolling-stock,Baghdad trainset kitting,2,7808,7840,,,
baghdad:BAG-RS-L5-059:rs-10-material-kit,BAG-RS-L5-059,line-5,rolling-stock,Baghdad trainset kitting,3,7808,7840,,,
baghdad:BAG-RS-L5-060:rs-10-material-kit,BAG-RS-L5-060,line-5,rolling-stock,Baghdad trainset kitting,4,7808,7840,,,
baghdad:BAG-TRK-L6-006:trk-30-trackform-rail,BAG-TRK-L6-006,line-6,track-section,track crew,1,6808,6888,,,
baghdad:BAG-RS-L4-006:rs-50-dynamic-commissioning,BAG-RS-L4-006,line-4,rolling-stock,Baghdad trainset acceptance bays,1,7816,7936,0,7824,7843
baghdad:BAG-RS-L4-007:rs-50-dynamic-commissioning,BAG-RS-L4-007,line-4,rolling-stock,Baghdad trainset acceptance bays,2,7816,7936,2,7824,7843
baghdad:BAG-RS-L4-048:rs-30-traction-battery-control,BAG-RS-L4-048,line-4,rolling-stock,Baghdad six-car electrical integration,14,7816,8008,,,
baghdad:BAG-TRK-L7-004:trk-20-subgrade-drainage,BAG-TRK-L7-004,line-7,track-section,corridor civil crew,2,7816,7896,,,
baghdad:BAG-RS-L4-008:rs-50-dynamic-commissioning,BAG-RS-L4-008,line-4,rolling-stock,Baghdad trainset acceptance bays,3,7824,7944,1,7832,7851
baghdad:BAG-RS-L4-027:rs-40-fitout-static-test,BAG-RS-L4-027,line-4,rolling-stock,Baghdad six-car fitout and static test,4,7824,7976,,,
baghdad:BAG-RS-L4-058:rs-25-clip-on-body,BAG-RS-L4-058,line-4,rolling-stock,Baghdad six-car body installation,2,7824,7848,,,
baghdad:BAG-RS-L4-059:rs-25-clip-on-body,BAG-RS-L4-059,line-4,rolling-stock,Baghdad six-car body installation,3,7824,7848,,,
baghdad:BAG-RS-L4-069:rs-23-moulded-body-modules,BAG-RS-L4-069,line-4,rolling-stock,Baghdad six-car composite kits,2,7824,7920,,,
baghdad:BAG-RS-L4-070:rs-23-moulded-body-modules,BAG-RS-L4-070,line-4,rolling-stock,Baghdad six-car composite kits,8,7824,7920,,,
baghdad:BAG-RS-L4-071:rs-23-moulded-body-modules,BAG-RS-L4-071,line-4,rolling-stock,Baghdad six-car composite kits,9,7824,7920,,,
baghdad:BAG-RS-L5-013:rs-20-carbody-bogie,BAG-RS-L5-013,line-5,rolling-stock,Baghdad six-car structural assembly,13,7824,8056,,,
baghdad:BAG-RS-L5-014:rs-20-carbody-bogie,BAG-RS-L5-014,line-5,rolling-stock,Baghdad six-car structural assembly,14,7824,8056,,,
baghdad:BAG-RS-L5-015:rs-20-carbody-bogie,BAG-RS-L5-015,line-5,rolling-stock,Baghdad six-car structural assembly,15,7824,8056,,,
baghdad:BAG-RS-L5-016:rs-20-carbody-bogie,BAG-RS-L5-016,line-5,rolling-stock,Baghdad six-car structural assembly,16,7824,8056,,,
baghdad:BAG-SIG-065:wpt-20-install-commission,BAG-SIG-065,line-4,signalling-comms,wayside systems crew,3,4488,4520,,,
baghdad:BAG-SIG-074:wpt-20-install-commission,BAG-SIG-074,line-4,signalling-comms,wayside systems crew,1,5056,5088,,,
baghdad:BAG-WPT-L4-013:wpt-20-install-commission,BAG-WPT-L4-013,line-4,waypoint,wayside systems crew,2,5056,5088,,,
baghdad:BAG-EN-087:en-20-energy-commission,BAG-EN-087,line-5,energy,energy crew,1,5280,5320,,,
baghdad:BAG-EN-088:en-20-energy-commission,BAG-EN-088,line-5,energy,energy crew,2,5280,5320,,,
baghdad:BAG-RS-L4-028:rs-40-fitout-static-test,BAG-RS-L4-028,line-4,rolling-stock,Baghdad six-car fitout and static test,5,7832,7984,,,
baghdad:BAG-RS-L4-049:rs-30-traction-battery-control,BAG-RS-L4-049,line-4,rolling-stock,Baghdad six-car electrical integration,15,7832,8024,,,
baghdad:BAG-RS-L4-060:rs-25-clip-on-body,BAG-RS-L4-060,line-4,rolling-stock,Baghdad six-car body installation,1,7832,7856,,,
baghdad:BAG-WPT-L4-014:wpt-10-cabinet-bench,BAG-WPT-L4-014,line-4,waypoint,wayside bench,2,2080,2104,,,
baghdad:BAG-RS-L4-009:rs-50-dynamic-commissioning,BAG-RS-L4-009,line-4,rolling-stock,Baghdad trainset acceptance bays,4,7840,7960,0,7848,7867
baghdad:BAG-RS-L4-029:rs-40-fitout-static-test,BAG-RS-L4-029,line-4,rolling-stock,Baghdad six-car fitout and static test,16,7840,7992,,,
baghdad:BAG-RS-L4-050:rs-30-traction-battery-control,BAG-RS-L4-050,line-4,rolling-stock,Baghdad six-car electrical integration,16,7840,8032,,,
baghdad:BAG-RS-L4-072:rs-23-moulded-body-modules,BAG-RS-L4-072,line-4,rolling-stock,Baghdad six-car composite kits,3,7840,7936,,,
baghdad:BAG-RS-L5-061:rs-10-material-kit,BAG-RS-L5-061,line-5,rolling-stock,Baghdad trainset kitting,1,7840,7872,,,
baghdad:BAG-RS-L5-062:rs-10-material-kit,BAG-RS-L5-062,line-5,rolling-stock,Baghdad trainset kitting,2,7840,7872,,,
baghdad:BAG-RS-L5-063:rs-10-material-kit,BAG-RS-L5-063,line-5,rolling-stock,Baghdad trainset kitting,3,7840,7872,,,
baghdad:BAG-RS-L5-064:rs-10-material-kit,BAG-RS-L5-064,line-5,rolling-stock,Baghdad trainset kitting,4,7840,7872,,,
baghdad:BAG-ST-076:st-20-mep-passenger-systems,BAG-ST-076,line-4,station,station systems crew,2,5064,5144,,,
baghdad:BAG-RS-L4-010:rs-50-dynamic-commissioning,BAG-RS-L4-010,line-4,rolling-stock,Baghdad trainset acceptance bays,5,7848,7968,1,7856,7875
baghdad:BAG-RS-L4-011:rs-50-dynamic-commissioning,BAG-RS-L4-011,line-4,rolling-stock,Baghdad trainset acceptance bays,6,7848,7968,2,7856,7875
baghdad:BAG-RS-L4-030:rs-40-fitout-static-test,BAG-RS-L4-030,line-4,rolling-stock,Baghdad six-car fitout and static test,6,7848,8000,,,
baghdad:BAG-RS-L4-051:rs-30-traction-battery-control,BAG-RS-L4-051,line-4,rolling-stock,Baghdad six-car electrical integration,17,7848,8040,,,
baghdad:BAG-RS-L4-061:rs-25-clip-on-body,BAG-RS-L4-061,line-4,rolling-stock,Baghdad six-car body installation,2,7848,7872,,,
baghdad:BAG-RS-L4-052:rs-30-traction-battery-control,BAG-RS-L4-052,line-4,rolling-stock,Baghdad six-car electrical integration,18,7856,8048,,,
baghdad:BAG-RS-L4-062:rs-25-clip-on-body,BAG-RS-L4-062,line-4,rolling-stock,Baghdad six-car body installation,1,7856,7880,,,
baghdad:BAG-RS-L4-063:rs-25-clip-on-body,BAG-RS-L4-063,line-4,rolling-stock,Baghdad six-car body installation,3,7856,7880,,,
baghdad:BAG-RS-L4-073:rs-23-moulded-body-modules,BAG-RS-L4-073,line-4,rolling-stock,Baghdad six-car composite kits,4,7856,7952,,,
baghdad:BAG-RS-L4-074:rs-23-moulded-body-modules,BAG-RS-L4-074,line-4,rolling-stock,Baghdad six-car composite kits,10,7856,7952,,,
baghdad:BAG-RS-L4-075:rs-23-moulded-body-modules,BAG-RS-L4-075,line-4,rolling-stock,Baghdad six-car composite kits,11,7856,7952,,,
baghdad:BAG-RS-L5-017:rs-20-carbody-bogie,BAG-RS-L5-017,line-5,rolling-stock,Baghdad six-car structural assembly,17,7856,8088,,,
baghdad:BAG-RS-L5-018:rs-20-carbody-bogie,BAG-RS-L5-018,line-5,rolling-stock,Baghdad six-car structural assembly,18,7856,8088,,,
baghdad:BAG-RS-L5-019:rs-20-carbody-bogie,BAG-RS-L5-019,line-5,rolling-stock,Baghdad six-car structural assembly,19,7856,8088,,,
baghdad:BAG-RS-L5-020:rs-20-carbody-bogie,BAG-RS-L5-020,line-5,rolling-stock,Baghdad six-car structural assembly,20,7856,8088,,,
baghdad:BAG-SIG-068:wpt-20-install-commission,BAG-SIG-068,line-4,signalling-comms,wayside systems crew,3,4600,4632,,,
baghdad:BAG-SIG-075:wpt-20-install-commission,BAG-SIG-075,line-4,signalling-comms,wayside systems crew,1,5104,5136,,,
baghdad:BAG-WPT-L4-014:wpt-20-install-commission,BAG-WPT-L4-014,line-4,waypoint,wayside systems crew,2,5104,5136,,,
baghdad:BAG-RS-L4-012:rs-50-dynamic-commissioning,BAG-RS-L4-012,line-4,rolling-stock,Baghdad trainset acceptance bays,7,7864,7984,0,7872,7891
baghdad:BAG-RS-L4-031:rs-40-fitout-static-test,BAG-RS-L4-031,line-4,rolling-stock,Baghdad six-car fitout and static test,7,7864,8016,,,
baghdad:BAG-RS-L4-032:rs-40-fitout-static-test,BAG-RS-L4-032,line-4,rolling-stock,Baghdad six-car fitout and static test,8,7864,8016,,,
baghdad:BAG-RS-L4-053:rs-30-traction-battery-control,BAG-RS-L4-053,line-4,rolling-stock,Baghdad six-car electrical integration,19,7864,8056,,,
baghdad:BAG-WPT-L4-015:wpt-10-cabinet-bench,BAG-WPT-L4-015,line-4,waypoint,wayside bench,3,2080,2104,,,
baghdad:BAG-EN-089:en-10-energy-build,BAG-EN-089,line-6,energy,energy crew,1,5320,5400,,,
baghdad:BAG-EN-090:en-10-energy-build,BAG-EN-090,line-6,energy,energy crew,2,5320,5400,,,
baghdad:BAG-RS-L4-013:rs-50-dynamic-commissioning,BAG-RS-L4-013,line-4,rolling-stock,Baghdad trainset acceptance bays,8,7872,7992,1,7880,7899
baghdad:BAG-RS-L4-033:rs-40-fitout-static-test,BAG-RS-L4-033,line-4,rolling-stock,Baghdad six-car fitout and static test,17,7872,8024,,,
baghdad:BAG-RS-L4-054:rs-30-traction-battery-control,BAG-RS-L4-054,line-4,rolling-stock,Baghdad six-car electrical integration,20,7872,8064,,,
baghdad:BAG-RS-L4-064:rs-25-clip-on-body,BAG-RS-L4-064,line-4,rolling-stock,Baghdad six-car body installation,2,7872,7896,,,
baghdad:BAG-RS-L5-065:rs-10-material-kit,BAG-RS-L5-065,line-5,rolling-stock,Baghdad trainset kitting,1,7872,7904,,,
baghdad:BAG-RS-L5-066:rs-10-material-kit,BAG-RS-L5-066,line-5,rolling-stock,Baghdad trainset kitting,2,7872,7904,,,
baghdad:BAG-RS-L5-067:rs-10-material-kit,BAG-RS-L5-067,line-5,rolling-stock,Baghdad trainset kitting,3,7872,7904,,,
baghdad:BAG-RS-L5-068:rs-10-material-kit,BAG-RS-L5-068,line-5,rolling-stock,Baghdad trainset kitting,4,7872,7904,,,
baghdad:BAG-ST-083:st-20-mep-passenger-systems,BAG-ST-083,line-5,station,station systems crew,1,5472,5552,,,
baghdad:BAG-ST-104:st-10-civil-structure,BAG-ST-104,line-6,station,station civil crew,2,6704,6816,,,
baghdad:BAG-ST-111:st-10-civil-structure,BAG-ST-111,line-6,station,station civil crew,1,7136,7248,,,
baghdad:BAG-RS-L4-055:rs-30-traction-battery-control,BAG-RS-L4-055,line-4,rolling-stock,Baghdad six-car electrical integration,21,7880,8072,,,
baghdad:BAG-RS-L4-065:rs-25-clip-on-body,BAG-RS-L4-065,line-4,rolling-stock,Baghdad six-car body installation,1,7880,7904,,,
baghdad:BAG-RS-L4-076:rs-23-moulded-body-modules,BAG-RS-L4-076,line-4,rolling-stock,Baghdad six-car composite kits,5,7880,7976,,,
baghdad:BAG-RS-L4-014:rs-50-dynamic-commissioning,BAG-RS-L4-014,line-4,rolling-stock,Baghdad trainset acceptance bays,9,7888,8008,0,7896,7915
baghdad:BAG-RS-L4-015:rs-50-dynamic-commissioning,BAG-RS-L4-015,line-4,rolling-stock,Baghdad trainset acceptance bays,10,7888,8008,2,7896,7915
baghdad:BAG-RS-L4-034:rs-40-fitout-static-test,BAG-RS-L4-034,line-4,rolling-stock,Baghdad six-car fitout and static test,9,7888,8040,,,
baghdad:BAG-RS-L4-066:rs-25-clip-on-body,BAG-RS-L4-066,line-4,rolling-stock,Baghdad six-car body installation,3,7888,7912,,,
baghdad:BAG-RS-L4-077:rs-23-moulded-body-modules,BAG-RS-L4-077,line-4,rolling-stock,Baghdad six-car composite kits,6,7888,7984,,,
baghdad:BAG-RS-L4-078:rs-23-moulded-body-modules,BAG-RS-L4-078,line-4,rolling-stock,Baghdad six-car composite kits,7,7888,7984,,,
baghdad:BAG-RS-L5-021:rs-20-carbody-bogie,BAG-RS-L5-021,line-5,rolling-stock,Baghdad six-car structural assembly,21,7888,8120,,,
baghdad:BAG-RS-L5-022:rs-20-carbody-bogie,BAG-RS-L5-022,line-5,rolling-stock,Baghdad six-car structural assembly,22,7888,8120,,,
baghdad:BAG-RS-L5-023:rs-20-carbody-bogie,BAG-RS-L5-023,line-5,rolling-stock,Baghdad six-car structural assembly,23,7888,8120,,,
baghdad:BAG-RS-L5-024:rs-20-carbody-bogie,BAG-RS-L5-024,line-5,rolling-stock,Baghdad six-car structural assembly,24,7888,8120,,,
baghdad:BAG-SIG-070:wpt-20-install-commission,BAG-SIG-070,line-4,signalling-comms,wayside systems crew,3,4768,4800,,,
baghdad:BAG-SIG-076:wpt-20-install-commission,BAG-SIG-076,line-4,signalling-comms,wayside systems crew,1,5144,5176,,,
baghdad:BAG-SW-123:sw-20-install-proof,BAG-SW-123,line-4,switch,track/switch crew,2,4728,4760,,,
baghdad:BAG-SW-124:sw-20-install-proof,BAG-SW-124,line-4,switch,track/switch crew,1,5144,5176,,,
baghdad:BAG-TRK-L6-009:trk-30-trackform-rail,BAG-TRK-L6-009,line-6,track-section,track crew,1,6896,7000,,,
baghdad:BAG-WPT-L4-015:wpt-20-install-commission,BAG-WPT-L4-015,line-4,waypoint,wayside systems crew,2,5144,5176,,,
baghdad:BAG-RS-L4-016:rs-50-dynamic-commissioning,BAG-RS-L4-016,line-4,rolling-stock,Baghdad trainset acceptance bays,11,7896,8016,1,7904,7923
baghdad:BAG-RS-L4-067:rs-25-clip-on-body,BAG-RS-L4-067,line-4,rolling-stock,Baghdad six-car body installation,2,7896,7920,,,
baghdad:BAG-RS-L4-079:rs-23-moulded-body-modules,BAG-RS-L4-079,line-4,rolling-stock,Baghdad six-car composite kits,1,7896,7992,,,
baghdad:BAG-TRK-L6-007:trk-30-trackform-rail,BAG-TRK-L6-007,line-6,track-section,track crew,2,6840,6904,,,
baghdad:BAG-TRK-L7-005:trk-10-survey-utility,BAG-TRK-L7-005,line-7,track-section,corridor civil crew,2,7896,7912,,,
baghdad:BAG-RS-L4-035:rs-40-fitout-static-test,BAG-RS-L4-035,line-4,rolling-stock,Baghdad six-car fitout and static test,10,7904,8056,,,
baghdad:BAG-RS-L4-036:rs-40-fitout-static-test,BAG-RS-L4-036,line-4,rolling-stock,Baghdad six-car fitout and static test,11,7904,8056,,,
baghdad:BAG-RS-L4-056:rs-30-traction-battery-control,BAG-RS-L4-056,line-4,rolling-stock,Baghdad six-car electrical integration,1,7904,8096,,,
baghdad:BAG-RS-L4-057:rs-30-traction-battery-control,BAG-RS-L4-057,line-4,rolling-stock,Baghdad six-car electrical integration,2,7904,8096,,,
baghdad:BAG-RS-L4-058:rs-30-traction-battery-control,BAG-RS-L4-058,line-4,rolling-stock,Baghdad six-car electrical integration,3,7904,8096,,,
baghdad:BAG-RS-L4-068:rs-25-clip-on-body,BAG-RS-L4-068,line-4,rolling-stock,Baghdad six-car body installation,1,7904,7928,,,
baghdad:BAG-RS-L5-069:rs-10-material-kit,BAG-RS-L5-069,line-5,rolling-stock,Baghdad trainset kitting,1,7904,7936,,,
baghdad:BAG-RS-L5-070:rs-10-material-kit,BAG-RS-L5-070,line-5,rolling-stock,Baghdad trainset kitting,2,7904,7936,,,
baghdad:BAG-RS-L5-071:rs-10-material-kit,BAG-RS-L5-071,line-5,rolling-stock,Baghdad trainset kitting,3,7904,7936,,,
baghdad:BAG-RS-L5-072:rs-10-material-kit,BAG-RS-L5-072,line-5,rolling-stock,Baghdad trainset kitting,4,7904,7936,,,
baghdad:BAG-RS-L4-017:rs-50-dynamic-commissioning,BAG-RS-L4-017,line-4,rolling-stock,Baghdad trainset acceptance bays,12,7912,8032,0,7920,7939
baghdad:BAG-RS-L4-037:rs-40-fitout-static-test,BAG-RS-L4-037,line-4,rolling-stock,Baghdad six-car fitout and static test,12,7912,8064,,,
baghdad:BAG-TRK-L7-005:trk-20-subgrade-drainage,BAG-TRK-L7-005,line-7,track-section,corridor civil crew,2,7912,7992,,,
baghdad:BAG-RS-L4-018:rs-50-dynamic-commissioning,BAG-RS-L4-018,line-4,rolling-stock,Baghdad trainset acceptance bays,13,7920,8040,1,7928,7947
baghdad:BAG-RS-L4-069:rs-25-clip-on-body,BAG-RS-L4-069,line-4,rolling-stock,Baghdad six-car body installation,2,7920,7944,,,
baghdad:BAG-RS-L4-070:rs-25-clip-on-body,BAG-RS-L4-070,line-4,rolling-stock,Baghdad six-car body installation,3,7920,7944,,,
baghdad:BAG-RS-L4-080:rs-23-moulded-body-modules,BAG-RS-L4-080,line-4,rolling-stock,Baghdad six-car composite kits,2,7920,8016,,,
baghdad:BAG-RS-L4-081:rs-23-moulded-body-modules,BAG-RS-L4-081,line-4,rolling-stock,Baghdad six-car composite kits,8,7920,8016,,,
baghdad:BAG-RS-L4-082:rs-23-moulded-body-modules,BAG-RS-L4-082,line-4,rolling-stock,Baghdad six-car composite kits,9,7920,8016,,,
baghdad:BAG-RS-L5-025:rs-20-carbody-bogie,BAG-RS-L5-025,line-5,rolling-stock,Baghdad six-car structural assembly,25,7920,8152,,,
baghdad:BAG-RS-L5-026:rs-20-carbody-bogie,BAG-RS-L5-026,line-5,rolling-stock,Baghdad six-car structural assembly,26,7920,8152,,,
baghdad:BAG-RS-L4-038:rs-40-fitout-static-test,BAG-RS-L4-038,line-4,rolling-stock,Baghdad six-car fitout and static test,13,7928,8080,,,
baghdad:BAG-RS-L4-059:rs-30-traction-battery-control,BAG-RS-L4-059,line-4,rolling-stock,Baghdad six-car electrical integration,4,7928,8120,,,
baghdad:BAG-RS-L4-071:rs-25-clip-on-body,BAG-RS-L4-071,line-4,rolling-stock,Baghdad six-car body installation,1,7928,7952,,,
baghdad:BAG-RS-L4-019:rs-50-dynamic-commissioning,BAG-RS-L4-019,line-4,rolling-stock,Baghdad trainset acceptance bays,1,7936,8056,0,7944,7963
baghdad:BAG-RS-L4-020:rs-50-dynamic-commissioning,BAG-RS-L4-020,line-4,rolling-stock,Baghdad trainset acceptance bays,2,7936,8056,2,7944,7963
baghdad:BAG-RS-L4-039:rs-40-fitout-static-test,BAG-RS-L4-039,line-4,rolling-stock,Baghdad six-car fitout and static test,1,7936,8088,,,
baghdad:BAG-RS-L4-060:rs-30-traction-battery-control,BAG-RS-L4-060,line-4,rolling-stock,Baghdad six-car electrical integration,5,7936,8128,,,
baghdad:BAG-RS-L4-083:rs-23-moulded-body-modules,BAG-RS-L4-083,line-4,rolling-stock,Baghdad six-car composite kits,3,7936,8032,,,
baghdad:BAG-RS-L5-073:rs-10-material-kit,BAG-RS-L5-073,line-5,rolling-stock,Baghdad trainset kitting,1,7936,7968,,,
baghdad:BAG-RS-L5-074:rs-10-material-kit,BAG-RS-L5-074,line-5,rolling-stock,Baghdad trainset kitting,2,7936,7968,,,
baghdad:BAG-RS-L5-075:rs-10-material-kit,BAG-RS-L5-075,line-5,rolling-stock,Baghdad trainset kitting,3,7936,7968,,,
baghdad:BAG-RS-L5-076:rs-10-material-kit,BAG-RS-L5-076,line-5,rolling-stock,Baghdad trainset kitting,4,7936,7968,,,
baghdad:BAG-RS-L4-021:rs-50-dynamic-commissioning,BAG-RS-L4-021,line-4,rolling-stock,Baghdad trainset acceptance bays,3,7944,8064,1,7952,7971
baghdad:BAG-RS-L4-040:rs-40-fitout-static-test,BAG-RS-L4-040,line-4,rolling-stock,Baghdad six-car fitout and static test,2,7944,8096,,,
baghdad:BAG-RS-L4-061:rs-30-traction-battery-control,BAG-RS-L4-061,line-4,rolling-stock,Baghdad six-car electrical integration,6,7944,8136,,,
baghdad:BAG-RS-L4-072:rs-25-clip-on-body,BAG-RS-L4-072,line-4,rolling-stock,Baghdad six-car body installation,2,7944,7968,,,
baghdad:BAG-EN-089:en-20-energy-commission,BAG-EN-089,line-6,energy,energy crew,1,5400,5440,,,
baghdad:BAG-EN-090:en-20-energy-commission,BAG-EN-090,line-6,energy,energy crew,2,5400,5440,,,
baghdad:BAG-RS-L4-041:rs-40-fitout-static-test,BAG-RS-L4-041,line-4,rolling-stock,Baghdad six-car fitout and static test,14,7952,8104,,,
baghdad:BAG-RS-L4-062:rs-30-traction-battery-control,BAG-RS-L4-062,line-4,rolling-stock,Baghdad six-car electrical integration,7,7952,8144,,,
baghdad:BAG-RS-L4-073:rs-25-clip-on-body,BAG-RS-L4-073,line-4,rolling-stock,Baghdad six-car body installation,1,7952,7976,,,
baghdad:BAG-RS-L4-074:rs-25-clip-on-body,BAG-RS-L4-074,line-4,rolling-stock,Baghdad six-car body installation,3,7952,7976,,,
baghdad:BAG-ST-078:st-20-mep-passenger-systems,BAG-ST-078,line-5,station,station systems crew,2,5176,5256,,,
baghdad:BAG-ST-085:st-20-mep-passenger-systems,BAG-ST-085,line-5,station,station systems crew,1,5584,5664,,,
baghdad:BAG-RS-L4-022:rs-50-dynamic-commissioning,BAG-RS-L4-022,line-4,rolling-stock,Baghdad trainset acceptance bays,4,7960,8080,0,7968,7987
baghdad:BAG-RS-L4-042:rs-40-fitout-static-test,BAG-RS-L4-042,line-4,rolling-stock,Baghdad six-car fitout and static test,3,7960,8112,,,
baghdad:BAG-RS-L4-063:rs-30-traction-battery-control,BAG-RS-L4-063,line-4,rolling-stock,Baghdad six-car electrical integration,8,7960,8152,,,
baghdad:BAG-RS-L5-001:rs-23-moulded-body-modules,BAG-RS-L5-001,line-5,rolling-stock,Baghdad six-car composite kits,4,7960,8056,,,
baghdad:BAG-RS-L5-002:rs-23-moulded-body-modules,BAG-RS-L5-002,line-5,rolling-stock,Baghdad six-car composite kits,10,7960,8056,,,
baghdad:BAG-RS-L5-003:rs-23-moulded-body-modules,BAG-RS-L5-003,line-5,rolling-stock,Baghdad six-car composite kits,11,7960,8056,,,
baghdad:BAG-RS-L5-027:rs-20-carbody-bogie,BAG-RS-L5-027,line-5,rolling-stock,Baghdad six-car structural assembly,1,7960,8192,,,
baghdad:BAG-RS-L5-028:rs-20-carbody-bogie,BAG-RS-L5-028,line-5,rolling-stock,Baghdad six-car structural assembly,2,7960,8192,,,
baghdad:BAG-RS-L5-029:rs-20-carbody-bogie,BAG-RS-L5-029,line-5,rolling-stock,Baghdad six-car structural assembly,3,7960,8192,,,
baghdad:BAG-RS-L5-030:rs-20-carbody-bogie,BAG-RS-L5-030,line-5,rolling-stock,Baghdad six-car structural assembly,4,7960,8192,,,
baghdad:BAG-TRK-L6-008:trk-30-trackform-rail,BAG-TRK-L6-008,line-6,track-section,track crew,2,6936,7080,,,
baghdad:BAG-RS-L4-023:rs-50-dynamic-commissioning,BAG-RS-L4-023,line-4,rolling-stock,Baghdad trainset acceptance bays,5,7968,8088,1,7976,7995
baghdad:BAG-RS-L4-024:rs-50-dynamic-commissioning,BAG-RS-L4-024,line-4,rolling-stock,Baghdad trainset acceptance bays,6,7968,8088,2,7976,7995
baghdad:BAG-RS-L4-043:rs-40-fitout-static-test,BAG-RS-L4-043,line-4,rolling-stock,Baghdad six-car fitout and static test,15,7968,8120,,,
baghdad:BAG-RS-L4-064:rs-30-traction-battery-control,BAG-RS-L4-064,line-4,rolling-stock,Baghdad six-car electrical integration,9,7968,8160,,,
baghdad:BAG-RS-L4-075:rs-25-clip-on-body,BAG-RS-L4-075,line-4,rolling-stock,Baghdad six-car body installation,2,7968,7992,,,
baghdad:BAG-RS-L5-077:rs-10-material-kit,BAG-RS-L5-077,line-5,rolling-stock,Baghdad trainset kitting,1,7968,8000,,,
baghdad:BAG-RS-L5-078:rs-10-material-kit,BAG-RS-L5-078,line-5,rolling-stock,Baghdad trainset kitting,2,7968,8000,,,
baghdad:BAG-RS-L5-079:rs-10-material-kit,BAG-RS-L5-079,line-5,rolling-stock,Baghdad trainset kitting,3,7968,8000,,,
baghdad:BAG-RS-L5-080:rs-10-material-kit,BAG-RS-L5-080,line-5,rolling-stock,Baghdad trainset kitting,4,7968,8000,,,
baghdad:BAG-RS-L4-044:rs-40-fitout-static-test,BAG-RS-L4-044,line-4,rolling-stock,Baghdad six-car fitout and static test,4,7976,8128,,,
baghdad:BAG-RS-L4-065:rs-30-traction-battery-control,BAG-RS-L4-065,line-4,rolling-stock,Baghdad six-car electrical integration,10,7976,8168,,,
baghdad:BAG-RS-L4-076:rs-25-clip-on-body,BAG-RS-L4-076,line-4,rolling-stock,Baghdad six-car body installation,1,7976,8000,,,
baghdad:BAG-RS-L5-004:rs-23-moulded-body-modules,BAG-RS-L5-004,line-5,rolling-stock,Baghdad six-car composite kits,5,7976,8072,,,
baghdad:BAG-RS-L4-025:rs-50-dynamic-commissioning,BAG-RS-L4-025,line-4,rolling-stock,Baghdad trainset acceptance bays,7,7984,8104,0,7992,8011
baghdad:BAG-RS-L4-045:rs-40-fitout-static-test,BAG-RS-L4-045,line-4,rolling-stock,Baghdad six-car fitout and static test,5,7984,8136,,,
baghdad:BAG-RS-L4-066:rs-30-traction-battery-control,BAG-RS-L4-066,line-4,rolling-stock,Baghdad six-car electrical integration,11,7984,8176,,,
baghdad:BAG-RS-L4-077:rs-25-clip-on-body,BAG-RS-L4-077,line-4,rolling-stock,Baghdad six-car body installation,3,7984,8008,,,
baghdad:BAG-ST-106:st-10-civil-structure,BAG-ST-106,line-6,station,station civil crew,2,6816,6928,,,
baghdad:BAG-ST-113:st-10-civil-structure,BAG-ST-113,line-6,station,station civil crew,1,7248,7360,,,
baghdad:BAG-EN-091:en-10-energy-build,BAG-EN-091,line-6,energy,energy crew,1,5440,5520,,,
baghdad:BAG-EN-092:en-10-energy-build,BAG-EN-092,line-6,energy,energy crew,2,5440,5520,,,
baghdad:BAG-RS-L4-026:rs-50-dynamic-commissioning,BAG-RS-L4-026,line-4,rolling-stock,Baghdad trainset acceptance bays,8,7992,8112,1,8000,8019
baghdad:BAG-RS-L4-078:rs-25-clip-on-body,BAG-RS-L4-078,line-4,rolling-stock,Baghdad six-car body installation,2,7992,8016,,,
baghdad:BAG-RS-L5-005:rs-23-moulded-body-modules,BAG-RS-L5-005,line-5,rolling-stock,Baghdad six-car composite kits,1,7992,8088,,,
baghdad:BAG-RS-L5-006:rs-23-moulded-body-modules,BAG-RS-L5-006,line-5,rolling-stock,Baghdad six-car composite kits,6,7992,8088,,,
baghdad:BAG-RS-L5-007:rs-23-moulded-body-modules,BAG-RS-L5-007,line-5,rolling-stock,Baghdad six-car composite kits,7,7992,8088,,,
baghdad:BAG-RS-L5-031:rs-20-carbody-bogie,BAG-RS-L5-031,line-5,rolling-stock,Baghdad six-car structural assembly,5,7992,8224,,,
baghdad:BAG-RS-L5-032:rs-20-carbody-bogie,BAG-RS-L5-032,line-5,rolling-stock,Baghdad six-car structural assembly,6,7992,8224,,,
baghdad:BAG-RS-L5-033:rs-20-carbody-bogie,BAG-RS-L5-033,line-5,rolling-stock,Baghdad six-car structural assembly,7,7992,8224,,,
baghdad:BAG-RS-L5-034:rs-20-carbody-bogie,BAG-RS-L5-034,line-5,rolling-stock,Baghdad six-car structural assembly,8,7992,8224,,,
baghdad:BAG-TRK-L6-010:trk-30-trackform-rail,BAG-TRK-L6-010,line-6,track-section,track crew,1,7000,7080,,,
baghdad:BAG-TRK-L7-006:trk-10-survey-utility,BAG-TRK-L7-006,line-7,track-section,corridor civil crew,2,7992,8024,,,
baghdad:BAG-RS-L4-046:rs-40-fitout-static-test,BAG-RS-L4-046,line-4,rolling-stock,Baghdad six-car fitout and static test,6,8000,8152,,,
baghdad:BAG-RS-L4-047:rs-40-fitout-static-test,BAG-RS-L4-047,line-4,rolling-stock,Baghdad six-car fitout and static test,16,8000,8152,,,
baghdad:BAG-RS-L4-067:rs-30-traction-battery-control,BAG-RS-L4-067,line-4,rolling-stock,Baghdad six-car electrical integration,12,8000,8192,,,
baghdad:BAG-RS-L4-068:rs-30-traction-battery-control,BAG-RS-L4-068,line-4,rolling-stock,Baghdad six-car electrical integration,13,8000,8192,,,
baghdad:BAG-RS-L4-079:rs-25-clip-on-body,BAG-RS-L4-079,line-4,rolling-stock,Baghdad six-car body installation,1,8000,8024,,,
baghdad:BAG-RS-L5-081:rs-10-material-kit,BAG-RS-L5-081,line-5,rolling-stock,Baghdad trainset kitting,1,8000,8032,,,
baghdad:BAG-RS-L5-082:rs-10-material-kit,BAG-RS-L5-082,line-5,rolling-stock,Baghdad trainset kitting,2,8000,8032,,,
baghdad:BAG-RS-L5-083:rs-10-material-kit,BAG-RS-L5-083,line-5,rolling-stock,Baghdad trainset kitting,3,8000,8032,,,
baghdad:BAG-RS-L5-084:rs-10-material-kit,BAG-RS-L5-084,line-5,rolling-stock,Baghdad trainset kitting,4,8000,8032,,,
baghdad:BAG-TRK-L7-007:trk-10-survey-utility,BAG-TRK-L7-007,line-7,track-section,corridor civil crew,1,8000,8024,,,
baghdad:BAG-RS-L4-027:rs-50-dynamic-commissioning,BAG-RS-L4-027,line-4,rolling-stock,Baghdad trainset acceptance bays,9,8008,8128,0,8016,8035
baghdad:BAG-RS-L4-028:rs-50-dynamic-commissioning,BAG-RS-L4-028,line-4,rolling-stock,Baghdad trainset acceptance bays,10,8008,8128,2,8016,8035
baghdad:BAG-RS-L4-069:rs-30-traction-battery-control,BAG-RS-L4-069,line-4,rolling-stock,Baghdad six-car electrical integration,14,8008,8200,,,
baghdad:BAG-RS-L4-029:rs-50-dynamic-commissioning,BAG-RS-L4-029,line-4,rolling-stock,Baghdad trainset acceptance bays,11,8016,8136,1,8024,8043
baghdad:BAG-RS-L4-048:rs-40-fitout-static-test,BAG-RS-L4-048,line-4,rolling-stock,Baghdad six-car fitout and static test,7,8016,8168,,,
baghdad:BAG-RS-L4-080:rs-25-clip-on-body,BAG-RS-L4-080,line-4,rolling-stock,Baghdad six-car body installation,2,8016,8040,,,
baghdad:BAG-RS-L4-081:rs-25-clip-on-body,BAG-RS-L4-081,line-4,rolling-stock,Baghdad six-car body installation,3,8016,8040,,,
baghdad:BAG-RS-L5-008:rs-23-moulded-body-modules,BAG-RS-L5-008,line-5,rolling-stock,Baghdad six-car composite kits,2,8016,8112,,,
baghdad:BAG-RS-L4-049:rs-40-fitout-static-test,BAG-RS-L4-049,line-4,rolling-stock,Baghdad six-car fitout and static test,8,8024,8176,,,
baghdad:BAG-RS-L4-070:rs-30-traction-battery-control,BAG-RS-L4-070,line-4,rolling-stock,Baghdad six-car electrical integration,15,8024,8216,,,
baghdad:BAG-RS-L4-082:rs-25-clip-on-body,BAG-RS-L4-082,line-4,rolling-stock,Baghdad six-car body installation,1,8024,8048,,,
baghdad:BAG-RS-L5-009:rs-23-moulded-body-modules,BAG-RS-L5-009,line-5,rolling-stock,Baghdad six-car composite kits,8,8024,8120,,,
baghdad:BAG-RS-L5-010:rs-23-moulded-body-modules,BAG-RS-L5-010,line-5,rolling-stock,Baghdad six-car composite kits,9,8024,8120,,,
baghdad:BAG-RS-L5-035:rs-20-carbody-bogie,BAG-RS-L5-035,line-5,rolling-stock,Baghdad six-car structural assembly,9,8024,8256,,,
baghdad:BAG-RS-L5-036:rs-20-carbody-bogie,BAG-RS-L5-036,line-5,rolling-stock,Baghdad six-car structural assembly,10,8024,8256,,,
baghdad:BAG-RS-L5-037:rs-20-carbody-bogie,BAG-RS-L5-037,line-5,rolling-stock,Baghdad six-car structural assembly,11,8024,8256,,,
baghdad:BAG-RS-L5-038:rs-20-carbody-bogie,BAG-RS-L5-038,line-5,rolling-stock,Baghdad six-car structural assembly,12,8024,8256,,,
baghdad:BAG-TRK-L7-007:trk-20-subgrade-drainage,BAG-TRK-L7-007,line-7,track-section,corridor civil crew,2,8024,8112,,,
baghdad:BAG-RS-L4-030:rs-50-dynamic-commissioning,BAG-RS-L4-030,line-4,rolling-stock,Baghdad trainset acceptance bays,12,8032,8152,0,8040,8059
baghdad:BAG-RS-L4-050:rs-40-fitout-static-test,BAG-RS-L4-050,line-4,rolling-stock,Baghdad six-car fitout and static test,17,8032,8184,,,
baghdad:BAG-RS-L4-071:rs-30-traction-battery-control,BAG-RS-L4-071,line-4,rolling-stock,Baghdad six-car electrical integration,16,8032,8224,,,
baghdad:BAG-RS-L5-011:rs-23-moulded-body-modules,BAG-RS-L5-011,line-5,rolling-stock,Baghdad six-car composite kits,3,8032,8128,,,
baghdad:BAG-RS-L5-085:rs-10-material-kit,BAG-RS-L5-085,line-5,rolling-stock,Baghdad trainset kitting,1,8032,8064,,,
baghdad:BAG-RS-L5-086:rs-10-material-kit,BAG-RS-L5-086,line-5,rolling-stock,Baghdad trainset kitting,2,8032,8064,,,
baghdad:BAG-RS-L5-087:rs-10-material-kit,BAG-RS-L5-087,line-5,rolling-stock,Baghdad trainset kitting,3,8032,8064,,,
baghdad:BAG-RS-L5-088:rs-10-material-kit,BAG-RS-L5-088,line-5,rolling-stock,Baghdad trainset kitting,4,8032,8064,,,
baghdad:BAG-ST-080:st-20-mep-passenger-systems,BAG-ST-080,line-5,station,station systems crew,2,5288,5368,,,
baghdad:BAG-ST-087:st-20-mep-passenger-systems,BAG-ST-087,line-5,station,station systems crew,1,5696,5776,,,
baghdad:BAG-RS-L4-031:rs-50-dynamic-commissioning,BAG-RS-L4-031,line-4,rolling-stock,Baghdad trainset acceptance bays,13,8040,8160,1,8048,8067
baghdad:BAG-RS-L4-051:rs-40-fitout-static-test,BAG-RS-L4-051,line-4,rolling-stock,Baghdad six-car fitout and static test,9,8040,8192,,,
baghdad:BAG-RS-L4-072:rs-30-traction-battery-control,BAG-RS-L4-072,line-4,rolling-stock,Baghdad six-car electrical integration,17,8040,8232,,,
baghdad:BAG-RS-L4-083:rs-25-clip-on-body,BAG-RS-L4-083,line-4,rolling-stock,Baghdad six-car body installation,2,8040,8064,,,
baghdad:BAG-RS-L4-073:rs-30-traction-battery-control,BAG-RS-L4-073,line-4,rolling-stock,Baghdad six-car electrical integration,18,8048,8240,,,
baghdad:BAG-RS-L4-032:rs-50-dynamic-commissioning,BAG-RS-L4-032,line-4,rolling-stock,Baghdad trainset acceptance bays,1,8056,8176,0,8064,8083
baghdad:BAG-RS-L4-033:rs-50-dynamic-commissioning,BAG-RS-L4-033,line-4,rolling-stock,Baghdad trainset acceptance bays,2,8056,8176,2,8064,8083
baghdad:BAG-RS-L4-052:rs-40-fitout-static-test,BAG-RS-L4-052,line-4,rolling-stock,Baghdad six-car fitout and static test,10,8056,8208,,,
baghdad:BAG-RS-L4-053:rs-40-fitout-static-test,BAG-RS-L4-053,line-4,rolling-stock,Baghdad six-car fitout and static test,11,8056,8208,,,
baghdad:BAG-RS-L4-074:rs-30-traction-battery-control,BAG-RS-L4-074,line-4,rolling-stock,Baghdad six-car electrical integration,19,8056,8248,,,
baghdad:BAG-RS-L5-001:rs-25-clip-on-body,BAG-RS-L5-001,line-5,rolling-stock,Baghdad six-car body installation,1,8056,8080,,,
baghdad:BAG-RS-L5-002:rs-25-clip-on-body,BAG-RS-L5-002,line-5,rolling-stock,Baghdad six-car body installation,3,8056,8080,,,
baghdad:BAG-RS-L5-012:rs-23-moulded-body-modules,BAG-RS-L5-012,line-5,rolling-stock,Baghdad six-car composite kits,4,8056,8152,,,
baghdad:BAG-RS-L5-013:rs-23-moulded-body-modules,BAG-RS-L5-013,line-5,rolling-stock,Baghdad six-car composite kits,10,8056,8152,,,
baghdad:BAG-RS-L5-014:rs-23-moulded-body-modules,BAG-RS-L5-014,line-5,rolling-stock,Baghdad six-car composite kits,11,8056,8152,,,
baghdad:BAG-RS-L5-039:rs-20-carbody-bogie,BAG-RS-L5-039,line-5,rolling-stock,Baghdad six-car structural assembly,13,8056,8288,,,
baghdad:BAG-RS-L5-040:rs-20-carbody-bogie,BAG-RS-L5-040,line-5,rolling-stock,Baghdad six-car structural assembly,14,8056,8288,,,
baghdad:BAG-RS-L5-041:rs-20-carbody-bogie,BAG-RS-L5-041,line-5,rolling-stock,Baghdad six-car structural assembly,15,8056,8288,,,
baghdad:BAG-RS-L5-042:rs-20-carbody-bogie,BAG-RS-L5-042,line-5,rolling-stock,Baghdad six-car structural assembly,16,8056,8288,,,
baghdad:BAG-TRK-L7-006:trk-20-subgrade-drainage,BAG-TRK-L7-006,line-7,track-section,corridor civil crew,1,8024,8168,,,
baghdad:BAG-RS-L4-034:rs-50-dynamic-commissioning,BAG-RS-L4-034,line-4,rolling-stock,Baghdad trainset acceptance bays,3,8064,8184,1,8072,8091
baghdad:BAG-RS-L4-054:rs-40-fitout-static-test,BAG-RS-L4-054,line-4,rolling-stock,Baghdad six-car fitout and static test,12,8064,8216,,,
baghdad:BAG-RS-L4-075:rs-30-traction-battery-control,BAG-RS-L4-075,line-4,rolling-stock,Baghdad six-car electrical integration,20,8064,8256,,,
baghdad:BAG-RS-L5-003:rs-25-clip-on-body,BAG-RS-L5-003,line-5,rolling-stock,Baghdad six-car body installation,2,8064,8088,,,
baghdad:BAG-RS-L5-089:rs-10-material-kit,BAG-RS-L5-089,line-5,rolling-stock,Baghdad trainset kitting,1,8064,8096,,,
baghdad:BAG-RS-L5-090:rs-10-material-kit,BAG-RS-L5-090,line-5,rolling-stock,Baghdad trainset kitting,2,8064,8096,,,
baghdad:BAG-RS-L6-001:rs-10-material-kit,BAG-RS-L6-001,line-6,rolling-stock,Baghdad trainset kitting,3,8064,8096,,,
baghdad:BAG-RS-L6-002:rs-10-material-kit,BAG-RS-L6-002,line-6,rolling-stock,Baghdad trainset kitting,4,8064,8096,,,
baghdad:BAG-EN-091:en-20-energy-commission,BAG-EN-091,line-6,energy,energy crew,1,5520,5560,,,
baghdad:BAG-EN-092:en-20-energy-commission,BAG-EN-092,line-6,energy,energy crew,2,5520,5560,,,
baghdad:BAG-RS-L4-076:rs-30-traction-battery-control,BAG-RS-L4-076,line-4,rolling-stock,Baghdad six-car electrical integration,21,8072,8264,,,
baghdad:BAG-RS-L5-015:rs-23-moulded-body-modules,BAG-RS-L5-015,line-5,rolling-stock,Baghdad six-car composite kits,5,8072,8168,,,
baghdad:BAG-TRK-L6-011:trk-30-trackform-rail,BAG-TRK-L6-011,line-6,track-section,track crew,1,7080,7160,,,
baghdad:BAG-RS-L4-035:rs-50-dynamic-commissioning,BAG-RS-L4-035,line-4,rolling-stock,Baghdad trainset acceptance bays,4,8080,8200,0,8088,8107
baghdad:BAG-RS-L4-055:rs-40-fitout-static-test,BAG-RS-L4-055,line-4,rolling-stock,Baghdad six-car fitout and static test,13,8080,8232,,,
baghdad:BAG-RS-L5-004:rs-25-clip-on-body,BAG-RS-L5-004,line-5,rolling-stock,Baghdad six-car body installation,1,8080,8104,,,
baghdad:BAG-RS-L4-036:rs-50-dynamic-commissioning,BAG-RS-L4-036,line-4,rolling-stock,Baghdad trainset acceptance bays,5,8088,8208,1,8096,8115
baghdad:BAG-RS-L4-037:rs-50-dynamic-commissioning,BAG-RS-L4-037,line-4,rolling-stock,Baghdad trainset acceptance bays,6,8088,8208,2,8096,8115
baghdad:BAG-RS-L5-005:rs-25-clip-on-body,BAG-RS-L5-005,line-5,rolling-stock,Baghdad six-car body installation,2,8088,8112,,,
baghdad:BAG-RS-L5-006:rs-25-clip-on-body,BAG-RS-L5-006,line-5,rolling-stock,Baghdad six-car body installation,3,8088,8112,,,
baghdad:BAG-RS-L5-016:rs-23-moulded-body-modules,BAG-RS-L5-016,line-5,rolling-stock,Baghdad six-car composite kits,1,8088,8184,,,
baghdad:BAG-RS-L5-017:rs-23-moulded-body-modules,BAG-RS-L5-017,line-5,rolling-stock,Baghdad six-car composite kits,6,8088,8184,,,
baghdad:BAG-RS-L5-018:rs-23-moulded-body-modules,BAG-RS-L5-018,line-5,rolling-stock,Baghdad six-car composite kits,7,8088,8184,,,
baghdad:BAG-RS-L5-043:rs-20-carbody-bogie,BAG-RS-L5-043,line-5,rolling-stock,Baghdad six-car structural assembly,17,8088,8320,,,
baghdad:BAG-RS-L5-044:rs-20-carbody-bogie,BAG-RS-L5-044,line-5,rolling-stock,Baghdad six-car structural assembly,18,8088,8320,,,
baghdad:BAG-RS-L5-045:rs-20-carbody-bogie,BAG-RS-L5-045,line-5,rolling-stock,Baghdad six-car structural assembly,19,8088,8320,,,
baghdad:BAG-RS-L5-046:rs-20-carbody-bogie,BAG-RS-L5-046,line-5,rolling-stock,Baghdad six-car structural assembly,20,8088,8320,,,
baghdad:BAG-RS-L4-056:rs-40-fitout-static-test,BAG-RS-L4-056,line-4,rolling-stock,Baghdad six-car fitout and static test,1,8096,8248,,,
baghdad:BAG-RS-L4-057:rs-40-fitout-static-test,BAG-RS-L4-057,line-4,rolling-stock,Baghdad six-car fitout and static test,2,8096,8248,,,
baghdad:BAG-RS-L4-077:rs-30-traction-battery-control,BAG-RS-L4-077,line-4,rolling-stock,Baghdad six-car electrical integration,1,8096,8288,,,
baghdad:BAG-RS-L4-078:rs-30-traction-battery-control,BAG-RS-L4-078,line-4,rolling-stock,Baghdad six-car electrical integration,2,8096,8288,,,
baghdad:BAG-RS-L4-079:rs-30-traction-battery-control,BAG-RS-L4-079,line-4,rolling-stock,Baghdad six-car electrical integration,3,8096,8288,,,
baghdad:BAG-RS-L6-003:rs-10-material-kit,BAG-RS-L6-003,line-6,rolling-stock,Baghdad trainset kitting,1,8096,8128,,,
baghdad:BAG-RS-L6-004:rs-10-material-kit,BAG-RS-L6-004,line-6,rolling-stock,Baghdad trainset kitting,2,8096,8128,,,
baghdad:BAG-RS-L6-005:rs-10-material-kit,BAG-RS-L6-005,line-6,rolling-stock,Baghdad trainset kitting,3,8096,8128,,,
baghdad:BAG-RS-L6-006:rs-10-material-kit,BAG-RS-L6-006,line-6,rolling-stock,Baghdad trainset kitting,4,8096,8128,,,
baghdad:BAG-ST-108:st-10-civil-structure,BAG-ST-108,line-6,station,station civil crew,2,6952,7064,,,
baghdad:BAG-ST-115:st-10-civil-structure,BAG-ST-115,line-6,station,station civil crew,1,7360,7472,,,
baghdad:BAG-RS-L4-038:rs-50-dynamic-commissioning,BAG-RS-L4-038,line-4,rolling-stock,Baghdad trainset acceptance bays,7,8104,8224,0,8112,8131
baghdad:BAG-RS-L4-058:rs-40-fitout-static-test,BAG-RS-L4-058,line-4,rolling-stock,Baghdad six-car fitout and static test,14,8104,8256,,,
baghdad:BAG-RS-L5-007:rs-25-clip-on-body,BAG-RS-L5-007,line-5,rolling-stock,Baghdad six-car body installation,1,8104,8128,,,
baghdad:BAG-TRK-L6-012:trk-30-trackform-rail,BAG-TRK-L6-012,line-6,track-section,track crew,2,7088,7168,,,
baghdad:BAG-EN-093:en-10-energy-build,BAG-EN-093,line-6,energy,energy crew,1,5560,5640,,,
baghdad:BAG-EN-094:en-10-energy-build,BAG-EN-094,line-6,energy,energy crew,2,5560,5640,,,
baghdad:BAG-RS-L4-039:rs-50-dynamic-commissioning,BAG-RS-L4-039,line-4,rolling-stock,Baghdad trainset acceptance bays,8,8112,8232,1,8120,8139
baghdad:BAG-RS-L5-008:rs-25-clip-on-body,BAG-RS-L5-008,line-5,rolling-stock,Baghdad six-car body installation,2,8112,8136,,,
baghdad:BAG-RS-L5-019:rs-23-moulded-body-modules,BAG-RS-L5-019,line-5,rolling-stock,Baghdad six-car composite kits,2,8112,8208,,,
baghdad:BAG-ST-082:st-20-mep-passenger-systems,BAG-ST-082,line-5,station,station systems crew,2,5400,5480,,,
baghdad:BAG-ST-089:st-20-mep-passenger-systems,BAG-ST-089,line-5,station,station systems crew,1,5808,5888,,,
baghdad:BAG-TRK-L7-008:trk-10-survey-utility,BAG-TRK-L7-008,line-7,track-section,corridor civil crew,2,8112,8144,,,
baghdad:BAG-RS-L4-059:rs-40-fitout-static-test,BAG-RS-L4-059,line-4,rolling-stock,Baghdad six-car fitout and static test,3,8120,8272,,,
baghdad:BAG-RS-L4-080:rs-30-traction-battery-control,BAG-RS-L4-080,line-4,rolling-stock,Baghdad six-car electrical integration,4,8120,8312,,,
baghdad:BAG-RS-L5-009:rs-25-clip-on-body,BAG-RS-L5-009,line-5,rolling-stock,Baghdad six-car body installation,3,8120,8144,,,
baghdad:BAG-RS-L5-020:rs-23-moulded-body-modules,BAG-RS-L5-020,line-5,rolling-stock,Baghdad six-car composite kits,8,8120,8216,,,
baghdad:BAG-RS-L5-021:rs-23-moulded-body-modules,BAG-RS-L5-021,line-5,rolling-stock,Baghdad six-car composite kits,9,8120,8216,,,
baghdad:BAG-RS-L5-047:rs-20-carbody-bogie,BAG-RS-L5-047,line-5,rolling-stock,Baghdad six-car structural assembly,21,8120,8352,,,
baghdad:BAG-RS-L5-048:rs-20-carbody-bogie,BAG-RS-L5-048,line-5,rolling-stock,Baghdad six-car structural assembly,22,8120,8352,,,
baghdad:BAG-RS-L5-049:rs-20-carbody-bogie,BAG-RS-L5-049,line-5,rolling-stock,Baghdad six-car structural assembly,23,8120,8352,,,
baghdad:BAG-RS-L5-050:rs-20-carbody-bogie,BAG-RS-L5-050,line-5,rolling-stock,Baghdad six-car structural assembly,24,8120,8352,,,
baghdad:BAG-RS-L4-040:rs-50-dynamic-commissioning,BAG-RS-L4-040,line-4,rolling-stock,Baghdad trainset acceptance bays,9,8128,8248,0,8136,8155
baghdad:BAG-RS-L4-041:rs-50-dynamic-commissioning,BAG-RS-L4-041,line-4,rolling-stock,Baghdad trainset acceptance bays,10,8128,8248,2,8136,8155
baghdad:BAG-RS-L4-060:rs-40-fitout-static-test,BAG-RS-L4-060,line-4,rolling-stock,Baghdad six-car fitout and static test,4,8128,8280,,,
baghdad:BAG-RS-L4-081:rs-30-traction-battery-control,BAG-RS-L4-081,line-4,rolling-stock,Baghdad six-car electrical integration,5,8128,8320,,,
baghdad:BAG-RS-L5-010:rs-25-clip-on-body,BAG-RS-L5-010,line-5,rolling-stock,Baghdad six-car body installation,1,8128,8152,,,
baghdad:BAG-RS-L5-022:rs-23-moulded-body-modules,BAG-RS-L5-022,line-5,rolling-stock,Baghdad six-car composite kits,3,8128,8224,,,
baghdad:BAG-RS-L6-007:rs-10-material-kit,BAG-RS-L6-007,line-6,rolling-stock,Baghdad trainset kitting,1,8128,8160,,,
baghdad:BAG-RS-L6-008:rs-10-material-kit,BAG-RS-L6-008,line-6,rolling-stock,Baghdad trainset kitting,2,8128,8160,,,
baghdad:BAG-RS-L6-009:rs-10-material-kit,BAG-RS-L6-009,line-6,rolling-stock,Baghdad trainset kitting,3,8128,8160,,,
baghdad:BAG-RS-L6-010:rs-10-material-kit,BAG-RS-L6-010,line-6,rolling-stock,Baghdad trainset kitting,4,8128,8160,,,
baghdad:BAG-RS-L4-042:rs-50-dynamic-commissioning,BAG-RS-L4-042,line-4,rolling-stock,Baghdad trainset acceptance bays,11,8136,8256,1,8144,8163
baghdad:BAG-RS-L4-061:rs-40-fitout-static-test,BAG-RS-L4-061,line-4,rolling-stock,Baghdad six-car fitout and static test,5,8136,8288,,,
baghdad:BAG-RS-L4-082:rs-30-traction-battery-control,BAG-RS-L4-082,line-4,rolling-stock,Baghdad six-car electrical integration,6,8136,8328,,,
baghdad:BAG-RS-L5-011:rs-25-clip-on-body,BAG-RS-L5-011,line-5,rolling-stock,Baghdad six-car body installation,2,8136,8160,,,
baghdad:BAG-RS-L4-062:rs-40-fitout-static-test,BAG-RS-L4-062,line-4,rolling-stock,Baghdad six-car fitout and static test,15,8144,8296,,,
baghdad:BAG-RS-L4-083:rs-30-traction-battery-control,BAG-RS-L4-083,line-4,rolling-stock,Baghdad six-car electrical integration,7,8144,8336,,,
baghdad:BAG-TRK-L7-008:trk-20-subgrade-drainage,BAG-TRK-L7-008,line-7,track-section,corridor civil crew,2,8144,8288,,,
baghdad:BAG-RS-L4-043:rs-50-dynamic-commissioning,BAG-RS-L4-043,line-4,rolling-stock,Baghdad trainset acceptance bays,12,8152,8272,0,8160,8179
baghdad:BAG-RS-L4-063:rs-40-fitout-static-test,BAG-RS-L4-063,line-4,rolling-stock,Baghdad six-car fitout and static test,6,8152,8304,,,
baghdad:BAG-RS-L5-001:rs-30-traction-battery-control,BAG-RS-L5-001,line-5,rolling-stock,Baghdad six-car electrical integration,8,8152,8344,,,
baghdad:BAG-RS-L5-012:rs-25-clip-on-body,BAG-RS-L5-012,line-5,rolling-stock,Baghdad six-car body installation,1,8152,8176,,,
baghdad:BAG-RS-L5-013:rs-25-clip-on-body,BAG-RS-L5-013,line-5,rolling-stock,Baghdad six-car body installation,3,8152,8176,,,
baghdad:BAG-RS-L5-023:rs-23-moulded-body-modules,BAG-RS-L5-023,line-5,rolling-stock,Baghdad six-car composite kits,4,8152,8248,,,
baghdad:BAG-RS-L5-024:rs-23-moulded-body-modules,BAG-RS-L5-024,line-5,rolling-stock,Baghdad six-car composite kits,10,8152,8248,,,
baghdad:BAG-RS-L5-025:rs-23-moulded-body-modules,BAG-RS-L5-025,line-5,rolling-stock,Baghdad six-car composite kits,11,8152,8248,,,
baghdad:BAG-RS-L5-051:rs-20-carbody-bogie,BAG-RS-L5-051,line-5,rolling-stock,Baghdad six-car structural assembly,25,8152,8384,,,
baghdad:BAG-RS-L5-052:rs-20-carbody-bogie,BAG-RS-L5-052,line-5,rolling-stock,Baghdad six-car structural assembly,26,8152,8384,,,
baghdad:BAG-TRK-L6-014:trk-30-trackform-rail,BAG-TRK-L6-014,line-6,track-section,track crew,1,7176,7248,,,
baghdad:BAG-RS-L4-044:rs-50-dynamic-commissioning,BAG-RS-L4-044,line-4,rolling-stock,Baghdad trainset acceptance bays,13,8160,8280,1,8168,8187
baghdad:BAG-RS-L4-064:rs-40-fitout-static-test,BAG-RS-L4-064,line-4,rolling-stock,Baghdad six-car fitout and static test,16,8160,8312,,,
baghdad:BAG-RS-L5-002:rs-30-traction-battery-control,BAG-RS-L5-002,line-5,rolling-stock,Baghdad six-car electrical integration,9,8160,8352,,,
baghdad:BAG-RS-L5-014:rs-25-clip-on-body,BAG-RS-L5-014,line-5,rolling-stock,Baghdad six-car body installation,2,8160,8184,,,
baghdad:BAG-RS-L6-011:rs-10-material-kit,BAG-RS-L6-011,line-6,rolling-stock,Baghdad trainset kitting,1,8160,8192,,,
baghdad:BAG-RS-L6-012:rs-10-material-kit,BAG-RS-L6-012,line-6,rolling-stock,Baghdad trainset kitting,2,8160,8192,,,
baghdad:BAG-RS-L6-013:rs-10-material-kit,BAG-RS-L6-013,line-6,rolling-stock,Baghdad trainset kitting,3,8160,8192,,,
baghdad:BAG-RS-L6-014:rs-10-material-kit,BAG-RS-L6-014,line-6,rolling-stock,Baghdad trainset kitting,4,8160,8192,,,
baghdad:BAG-RS-L4-065:rs-40-fitout-static-test,BAG-RS-L4-065,line-4,rolling-stock,Baghdad six-car fitout and static test,7,8168,8320,,,
baghdad:BAG-RS-L5-003:rs-30-traction-battery-control,BAG-RS-L5-003,line-5,rolling-stock,Baghdad six-car electrical integration,10,8168,8360,,,
baghdad:BAG-RS-L5-026:rs-23-moulded-body-modules,BAG-RS-L5-026,line-5,rolling-stock,Baghdad six-car composite kits,5,8168,8264,,,
baghdad:BAG-RS-L4-045:rs-50-dynamic-commissioning,BAG-RS-L4-045,line-4,rolling-stock,Baghdad trainset acceptance bays,1,8176,8296,0,8184,8203
baghdad:BAG-RS-L4-046:rs-50-dynamic-commissioning,BAG-RS-L4-046,line-4,rolling-stock,Baghdad trainset acceptance bays,2,8176,8296,2,8184,8203
baghdad:BAG-RS-L4-066:rs-40-fitout-static-test,BAG-RS-L4-066,line-4,rolling-stock,Baghdad six-car fitout and static test,8,8176,8328,,,
baghdad:BAG-RS-L5-004:rs-30-traction-battery-control,BAG-RS-L5-004,line-5,rolling-stock,Baghdad six-car electrical integration,11,8176,8368,,,
baghdad:BAG-RS-L5-015:rs-25-clip-on-body,BAG-RS-L5-015,line-5,rolling-stock,Baghdad six-car body installation,1,8176,8200,,,
baghdad:BAG-SIG-077:wpt-20-install-commission,BAG-SIG-077,line-5,signalling-comms,wayside systems crew,1,5200,5232,,,
baghdad:BAG-RS-L4-047:rs-50-dynamic-commissioning,BAG-RS-L4-047,line-4,rolling-stock,Baghdad trainset acceptance bays,3,8184,8304,1,8192,8211
baghdad:BAG-RS-L5-016:rs-25-clip-on-body,BAG-RS-L5-016,line-5,rolling-stock,Baghdad six-car body installation,2,8184,8208,,,
baghdad:BAG-RS-L5-017:rs-25-clip-on-body,BAG-RS-L5-017,line-5,rolling-stock,Baghdad six-car body installation,3,8184,8208,,,
baghdad:BAG-TRK-L6-013:trk-30-trackform-rail,BAG-TRK-L6-013,line-6,track-section,track crew,2,7192,7320,,,
baghdad:BAG-EN-093:en-20-energy-commission,BAG-EN-093,line-6,energy,energy crew,1,5640,5680,,,
baghdad:BAG-EN-094:en-20-energy-commission,BAG-EN-094,line-6,energy,energy crew,2,5640,5680,,,
baghdad:BAG-RS-L4-067:rs-40-fitout-static-test,BAG-RS-L4-067,line-4,rolling-stock,Baghdad six-car fitout and static test,9,8192,8344,,,
baghdad:BAG-RS-L4-068:rs-40-fitout-static-test,BAG-RS-L4-068,line-4,rolling-stock,Baghdad six-car fitout and static test,17,8192,8344,,,
baghdad:BAG-RS-L5-005:rs-30-traction-battery-control,BAG-RS-L5-005,line-5,rolling-stock,Baghdad six-car electrical integration,12,8192,8384,,,
baghdad:BAG-RS-L5-006:rs-30-traction-battery-control,BAG-RS-L5-006,line-5,rolling-stock,Baghdad six-car electrical integration,13,8192,8384,,,
baghdad:BAG-RS-L5-027:rs-23-moulded-body-modules,BAG-RS-L5-027,line-5,rolling-stock,Baghdad six-car composite kits,1,8192,8288,,,
baghdad:BAG-RS-L5-028:rs-23-moulded-body-modules,BAG-RS-L5-028,line-5,rolling-stock,Baghdad six-car composite kits,6,8192,8288,,,
baghdad:BAG-RS-L5-029:rs-23-moulded-body-modules,BAG-RS-L5-029,line-5,rolling-stock,Baghdad six-car composite kits,7,8192,8288,,,
baghdad:BAG-RS-L5-053:rs-20-carbody-bogie,BAG-RS-L5-053,line-5,rolling-stock,Baghdad six-car structural assembly,1,8192,8424,,,
baghdad:BAG-RS-L5-054:rs-20-carbody-bogie,BAG-RS-L5-054,line-5,rolling-stock,Baghdad six-car structural assembly,2,8192,8424,,,
baghdad:BAG-RS-L5-055:rs-20-carbody-bogie,BAG-RS-L5-055,line-5,rolling-stock,Baghdad six-car structural assembly,3,8192,8424,,,
baghdad:BAG-RS-L5-056:rs-20-carbody-bogie,BAG-RS-L5-056,line-5,rolling-stock,Baghdad six-car structural assembly,4,8192,8424,,,
baghdad:BAG-RS-L6-015:rs-10-material-kit,BAG-RS-L6-015,line-6,rolling-stock,Baghdad trainset kitting,1,8192,8224,,,
baghdad:BAG-RS-L6-016:rs-10-material-kit,BAG-RS-L6-016,line-6,rolling-stock,Baghdad trainset kitting,2,8192,8224,,,
baghdad:BAG-RS-L6-017:rs-10-material-kit,BAG-RS-L6-017,line-6,rolling-stock,Baghdad trainset kitting,3,8192,8224,,,
baghdad:BAG-RS-L6-018:rs-10-material-kit,BAG-RS-L6-018,line-6,rolling-stock,Baghdad trainset kitting,4,8192,8224,,,
baghdad:BAG-ST-084:st-20-mep-passenger-systems,BAG-ST-084,line-5,station,station systems crew,2,5512,5592,,,
baghdad:BAG-ST-091:st-20-mep-passenger-systems,BAG-ST-091,line-5,station,station systems crew,1,5920,6000,,,
baghdad:BAG-RS-L4-048:rs-50-dynamic-commissioning,BAG-RS-L4-048,line-4,rolling-stock,Baghdad trainset acceptance bays,4,8200,8320,0,8208,8227
baghdad:BAG-RS-L5-007:rs-30-traction-battery-control,BAG-RS-L5-007,line-5,rolling-stock,Baghdad six-car electrical integration,14,8200,8392,,,
baghdad:BAG-RS-L5-018:rs-25-clip-on-body,BAG-RS-L5-018,line-5,rolling-stock,Baghdad six-car body installation,1,8200,8224,,,
baghdad:BAG-TRK-L7-009:trk-10-survey-utility,BAG-TRK-L7-009,line-7,track-section,corridor civil crew,1,8168,8184,,,
baghdad:BAG-RS-L4-049:rs-50-dynamic-commissioning,BAG-RS-L4-049,line-4,rolling-stock,Baghdad trainset acceptance bays,5,8208,8328,1,8216,8235
baghdad:BAG-RS-L4-050:rs-50-dynamic-commissioning,BAG-RS-L4-050,line-4,rolling-stock,Baghdad trainset acceptance bays,6,8208,8328,2,8216,8235
baghdad:BAG-RS-L4-069:rs-40-fitout-static-test,BAG-RS-L4-069,line-4,rolling-stock,Baghdad six-car fitout and static test,10,8208,8360,,,
baghdad:BAG-RS-L5-019:rs-25-clip-on-body,BAG-RS-L5-019,line-5,rolling-stock,Baghdad six-car body installation,2,8208,8232,,,
baghdad:BAG-RS-L5-030:rs-23-moulded-body-modules,BAG-RS-L5-030,line-5,rolling-stock,Baghdad six-car composite kits,2,8208,8304,,,
baghdad:BAG-SIG-079:wpt-20-install-commission,BAG-SIG-079,line-5,signalling-comms,wayside systems crew,1,5232,5264,,,
baghdad:BAG-ST-110:st-10-civil-structure,BAG-ST-110,line-6,station,station civil crew,2,7064,7176,,,
baghdad:BAG-ST-117:st-10-civil-structure,BAG-ST-117,line-6,station,station civil crew,1,7472,7584,,,
baghdad:BAG-RS-L4-070:rs-40-fitout-static-test,BAG-RS-L4-070,line-4,rolling-stock,Baghdad six-car fitout and static test,11,8216,8368,,,
baghdad:BAG-RS-L5-008:rs-30-traction-battery-control,BAG-RS-L5-008,line-5,rolling-stock,Baghdad six-car electrical integration,15,8216,8408,,,
baghdad:BAG-RS-L5-020:rs-25-clip-on-body,BAG-RS-L5-020,line-5,rolling-stock,Baghdad six-car body installation,3,8216,8240,,,
baghdad:BAG-TRK-L7-009:trk-20-subgrade-drainage,BAG-TRK-L7-009,line-7,track-section,corridor civil crew,1,8184,8248,,,
baghdad:BAG-RS-L4-051:rs-50-dynamic-commissioning,BAG-RS-L4-051,line-4,rolling-stock,Baghdad trainset acceptance bays,7,8224,8344,0,8232,8251
baghdad:BAG-RS-L4-071:rs-40-fitout-static-test,BAG-RS-L4-071,line-4,rolling-stock,Baghdad six-car fitout and static test,12,8224,8376,,,
baghdad:BAG-RS-L5-009:rs-30-traction-battery-control,BAG-RS-L5-009,line-5,rolling-stock,Baghdad six-car electrical integration,16,8224,8416,,,
baghdad:BAG-RS-L5-021:rs-25-clip-on-body,BAG-RS-L5-021,line-5,rolling-stock,Baghdad six-car body installation,1,8224,8248,,,
baghdad:BAG-RS-L5-031:rs-23-moulded-body-modules,BAG-RS-L5-031,line-5,rolling-stock,Baghdad six-car composite kits,3,8224,8320,,,
baghdad:BAG-RS-L5-032:rs-23-moulded-body-modules,BAG-RS-L5-032,line-5,rolling-stock,Baghdad six-car composite kits,8,8224,8320,,,
baghdad:BAG-RS-L5-033:rs-23-moulded-body-modules,BAG-RS-L5-033,line-5,rolling-stock,Baghdad six-car composite kits,9,8224,8320,,,
baghdad:BAG-RS-L5-057:rs-20-carbody-bogie,BAG-RS-L5-057,line-5,rolling-stock,Baghdad six-car structural assembly,5,8224,8456,,,
baghdad:BAG-RS-L5-058:rs-20-carbody-bogie,BAG-RS-L5-058,line-5,rolling-stock,Baghdad six-car structural assembly,6,8224,8456,,,
baghdad:BAG-RS-L5-059:rs-20-carbody-bogie,BAG-RS-L5-059,line-5,rolling-stock,Baghdad six-car structural assembly,7,8224,8456,,,
baghdad:BAG-RS-L5-060:rs-20-carbody-bogie,BAG-RS-L5-060,line-5,rolling-stock,Baghdad six-car structural assembly,8,8224,8456,,,
baghdad:BAG-RS-L6-019:rs-10-material-kit,BAG-RS-L6-019,line-6,rolling-stock,Baghdad trainset kitting,1,8224,8256,,,
baghdad:BAG-RS-L6-020:rs-10-material-kit,BAG-RS-L6-020,line-6,rolling-stock,Baghdad trainset kitting,2,8224,8256,,,
baghdad:BAG-RS-L6-021:rs-10-material-kit,BAG-RS-L6-021,line-6,rolling-stock,Baghdad trainset kitting,3,8224,8256,,,
baghdad:BAG-RS-L6-022:rs-10-material-kit,BAG-RS-L6-022,line-6,rolling-stock,Baghdad trainset kitting,4,8224,8256,,,
baghdad:BAG-TRK-L6-016:trk-30-trackform-rail,BAG-TRK-L6-016,line-6,track-section,track crew,1,7288,7368,,,
baghdad:BAG-EN-095:en-10-energy-build,BAG-EN-095,line-6,energy,energy crew,1,5680,5760,,,
baghdad:BAG-EN-096:en-10-energy-build,BAG-EN-096,line-6,energy,energy crew,2,5680,5760,,,
baghdad:BAG-RS-L4-052:rs-50-dynamic-commissioning,BAG-RS-L4-052,line-4,rolling-stock,Baghdad trainset acceptance bays,8,8232,8352,1,8240,8259
baghdad:BAG-RS-L4-072:rs-40-fitout-static-test,BAG-RS-L4-072,line-4,rolling-stock,Baghdad six-car fitout and static test,13,8232,8384,,,
baghdad:BAG-RS-L5-010:rs-30-traction-battery-control,BAG-RS-L5-010,line-5,rolling-stock,Baghdad six-car electrical integration,17,8232,8424,,,
baghdad:BAG-RS-L5-022:rs-25-clip-on-body,BAG-RS-L5-022,line-5,rolling-stock,Baghdad six-car body installation,2,8232,8256,,,
baghdad:BAG-RS-L5-011:rs-30-traction-battery-control,BAG-RS-L5-011,line-5,rolling-stock,Baghdad six-car electrical integration,18,8240,8432,,,
baghdad:BAG-SIG-081:wpt-20-install-commission,BAG-SIG-081,line-5,signalling-comms,wayside systems crew,1,5296,5328,,,
baghdad:BAG-RS-L4-053:rs-50-dynamic-commissioning,BAG-RS-L4-053,line-4,rolling-stock,Baghdad trainset acceptance bays,9,8248,8368,0,8256,8275
baghdad:BAG-RS-L4-054:rs-50-dynamic-commissioning,BAG-RS-L4-054,line-4,rolling-stock,Baghdad trainset acceptance bays,10,8248,8368,2,8256,8275
baghdad:BAG-RS-L4-073:rs-40-fitout-static-test,BAG-RS-L4-073,line-4,rolling-stock,Baghdad six-car fitout and static test,1,8248,8400,,,
baghdad:BAG-RS-L4-074:rs-40-fitout-static-test,BAG-RS-L4-074,line-4,rolling-stock,Baghdad six-car fitout and static test,2,8248,8400,,,
baghdad:BAG-RS-L5-012:rs-30-traction-battery-control,BAG-RS-L5-012,line-5,rolling-stock,Baghdad six-car electrical integration,19,8248,8440,,,
baghdad:BAG-RS-L5-023:rs-25-clip-on-body,BAG-RS-L5-023,line-5,rolling-stock,Baghdad six-car body installation,1,8248,8272,,,
baghdad:BAG-RS-L5-024:rs-25-clip-on-body,BAG-RS-L5-024,line-5,rolling-stock,Baghdad six-car body installation,3,8248,8272,,,
baghdad:BAG-RS-L5-034:rs-23-moulded-body-modules,BAG-RS-L5-034,line-5,rolling-stock,Baghdad six-car composite kits,4,8248,8344,,,
baghdad:BAG-WPT-L5-003:wpt-10-cabinet-bench,BAG-WPT-L5-003,line-5,waypoint,wayside bench,3,2104,2128,,,
baghdad:BAG-RS-L4-055:rs-50-dynamic-commissioning,BAG-RS-L4-055,line-4,rolling-stock,Baghdad trainset acceptance bays,11,8256,8376,1,8264,8283
baghdad:BAG-RS-L4-075:rs-40-fitout-static-test,BAG-RS-L4-075,line-4,rolling-stock,Baghdad six-car fitout and static test,14,8256,8408,,,
baghdad:BAG-RS-L5-013:rs-30-traction-battery-control,BAG-RS-L5-013,line-5,rolling-stock,Baghdad six-car electrical integration,20,8256,8448,,,
baghdad:BAG-RS-L5-025:rs-25-clip-on-body,BAG-RS-L5-025,line-5,rolling-stock,Baghdad six-car body installation,2,8256,8280,,,
baghdad:BAG-RS-L5-035:rs-23-moulded-body-modules,BAG-RS-L5-035,line-5,rolling-stock,Baghdad six-car composite kits,10,8256,8352,,,
baghdad:BAG-RS-L5-036:rs-23-moulded-body-modules,BAG-RS-L5-036,line-5,rolling-stock,Baghdad six-car composite kits,11,8256,8352,,,
baghdad:BAG-RS-L5-061:rs-20-carbody-bogie,BAG-RS-L5-061,line-5,rolling-stock,Baghdad six-car structural assembly,9,8256,8488,,,
baghdad:BAG-RS-L5-062:rs-20-carbody-bogie,BAG-RS-L5-062,line-5,rolling-stock,Baghdad six-car structural assembly,10,8256,8488,,,
baghdad:BAG-RS-L5-063:rs-20-carbody-bogie,BAG-RS-L5-063,line-5,rolling-stock,Baghdad six-car structural assembly,11,8256,8488,,,
baghdad:BAG-RS-L5-064:rs-20-carbody-bogie,BAG-RS-L5-064,line-5,rolling-stock,Baghdad six-car structural assembly,12,8256,8488,,,
baghdad:BAG-RS-L6-023:rs-10-material-kit,BAG-RS-L6-023,line-6,rolling-stock,Baghdad trainset kitting,1,8256,8288,,,
baghdad:BAG-RS-L6-024:rs-10-material-kit,BAG-RS-L6-024,line-6,rolling-stock,Baghdad trainset kitting,2,8256,8288,,,
baghdad:BAG-RS-L6-025:rs-10-material-kit,BAG-RS-L6-025,line-6,rolling-stock,Baghdad trainset kitting,3,8256,8288,,,
baghdad:BAG-RS-L6-026:rs-10-material-kit,BAG-RS-L6-026,line-6,rolling-stock,Baghdad trainset kitting,4,8256,8288,,,
baghdad:BAG-RS-L5-014:rs-30-traction-battery-control,BAG-RS-L5-014,line-5,rolling-stock,Baghdad six-car electrical integration,21,8264,8456,,,
baghdad:BAG-RS-L5-037:rs-23-moulded-body-modules,BAG-RS-L5-037,line-5,rolling-stock,Baghdad six-car composite kits,5,8264,8360,,,
baghdad:BAG-RS-L4-056:rs-50-dynamic-commissioning,BAG-RS-L4-056,line-4,rolling-stock,Baghdad trainset acceptance bays,12,8272,8392,0,8280,8299
baghdad:BAG-RS-L4-076:rs-40-fitout-static-test,BAG-RS-L4-076,line-4,rolling-stock,Baghdad six-car fitout and static test,3,8272,8424,,,
baghdad:BAG-RS-L5-026:rs-25-clip-on-body,BAG-RS-L5-026,line-5,rolling-stock,Baghdad six-car body installation,1,8272,8296,,,
baghdad:BAG-SIG-078:wpt-20-install-commission,BAG-SIG-078,line-5,signalling-comms,wayside systems crew,2,5200,5232,,,
baghdad:BAG-ST-086:st-20-mep-passenger-systems,BAG-ST-086,line-5,station,station systems crew,2,5624,5704,,,
baghdad:BAG-ST-093:st-20-mep-passenger-systems,BAG-ST-093,line-5,station,station systems crew,1,6032,6112,,,
baghdad:BAG-WPT-L5-003:wpt-20-install-commission,BAG-WPT-L5-003,line-5,waypoint,wayside systems crew,1,5328,5360,,,
baghdad:BAG-RS-L4-057:rs-50-dynamic-commissioning,BAG-RS-L4-057,line-4,rolling-stock,Baghdad trainset acceptance bays,13,8280,8400,1,8288,8307
baghdad:BAG-TRK-L7-010:trk-10-survey-utility,BAG-TRK-L7-010,line-7,track-section,corridor civil crew,1,8248,8272,,,
baghdad:BAG-WPT-L5-002:wpt-10-cabinet-bench,BAG-WPT-L5-002,line-5,waypoint,wayside bench,2,2104,2128,,,
baghdad:BAG-RS-L4-077:rs-40-fitout-static-test,BAG-RS-L4-077,line-4,rolling-stock,Baghdad six-car fitout and static test,4,8288,8440,,,
baghdad:BAG-RS-L4-078:rs-40-fitout-static-test,BAG-RS-L4-078,line-4,rolling-stock,Baghdad six-car fitout and static test,5,8288,8440,,,
baghdad:BAG-RS-L5-015:rs-30-traction-battery-control,BAG-RS-L5-015,line-5,rolling-stock,Baghdad six-car electrical integration,1,8288,8480,,,
baghdad:BAG-RS-L5-016:rs-30-traction-battery-control,BAG-RS-L5-016,line-5,rolling-stock,Baghdad six-car electrical integration,2,8288,8480,,,
baghdad:BAG-RS-L5-017:rs-30-traction-battery-control,BAG-RS-L5-017,line-5,rolling-stock,Baghdad six-car electrical integration,3,8288,8480,,,
baghdad:BAG-RS-L5-027:rs-25-clip-on-body,BAG-RS-L5-027,line-5,rolling-stock,Baghdad six-car body installation,2,8288,8312,,,
baghdad:BAG-RS-L5-028:rs-25-clip-on-body,BAG-RS-L5-028,line-5,rolling-stock,Baghdad six-car body installation,3,8288,8312,,,
baghdad:BAG-RS-L5-038:rs-23-moulded-body-modules,BAG-RS-L5-038,line-5,rolling-stock,Baghdad six-car composite kits,1,8288,8384,,,
baghdad:BAG-RS-L5-039:rs-23-moulded-body-modules,BAG-RS-L5-039,line-5,rolling-stock,Baghdad six-car composite kits,6,8288,8384,,,
baghdad:BAG-RS-L5-040:rs-23-moulded-body-modules,BAG-RS-L5-040,line-5,rolling-stock,Baghdad six-car composite kits,7,8288,8384,,,
baghdad:BAG-RS-L5-065:rs-20-carbody-bogie,BAG-RS-L5-065,line-5,rolling-stock,Baghdad six-car structural assembly,13,8288,8520,,,
baghdad:BAG-RS-L5-066:rs-20-carbody-bogie,BAG-RS-L5-066,line-5,rolling-stock,Baghdad six-car structural assembly,14,8288,8520,,,
baghdad:BAG-RS-L5-067:rs-20-carbody-bogie,BAG-RS-L5-067,line-5,rolling-stock,Baghdad six-car structural assembly,15,8288,8520,,,
baghdad:BAG-RS-L5-068:rs-20-carbody-bogie,BAG-RS-L5-068,line-5,rolling-stock,Baghdad six-car structural assembly,16,8288,8520,,,
baghdad:BAG-RS-L6-027:rs-10-material-kit,BAG-RS-L6-027,line-6,rolling-stock,Baghdad trainset kitting,1,8288,8320,,,
baghdad:BAG-RS-L6-028:rs-10-material-kit,BAG-RS-L6-028,line-6,rolling-stock,Baghdad trainset kitting,2,8288,8320,,,
baghdad:BAG-RS-L6-029:rs-10-material-kit,BAG-RS-L6-029,line-6,rolling-stock,Baghdad trainset kitting,3,8288,8320,,,
baghdad:BAG-RS-L6-030:rs-10-material-kit,BAG-RS-L6-030,line-6,rolling-stock,Baghdad trainset kitting,4,8288,8320,,,
baghdad:BAG-TRK-L7-011:trk-10-survey-utility,BAG-TRK-L7-011,line-7,track-section,corridor civil crew,2,8288,8304,,,
baghdad:BAG-WPT-L5-001:wpt-10-cabinet-bench,BAG-WPT-L5-001,line-5,waypoint,wayside bench,1,2104,2128,,,
baghdad:BAG-RS-L4-058:rs-50-dynamic-commissioning,BAG-RS-L4-058,line-4,rolling-stock,Baghdad trainset acceptance bays,1,8296,8416,0,8304,8323
baghdad:BAG-RS-L4-059:rs-50-dynamic-commissioning,BAG-RS-L4-059,line-4,rolling-stock,Baghdad trainset acceptance bays,2,8296,8416,2,8304,8323
baghdad:BAG-RS-L4-079:rs-40-fitout-static-test,BAG-RS-L4-079,line-4,rolling-stock,Baghdad six-car fitout and static test,15,8296,8448,,,
baghdad:BAG-RS-L5-029:rs-25-clip-on-body,BAG-RS-L5-029,line-5,rolling-stock,Baghdad six-car body installation,1,8296,8320,,,
baghdad:BAG-RS-L4-060:rs-50-dynamic-commissioning,BAG-RS-L4-060,line-4,rolling-stock,Baghdad trainset acceptance bays,3,8304,8424,1,8312,8331
baghdad:BAG-RS-L5-041:rs-23-moulded-body-modules,BAG-RS-L5-041,line-5,rolling-stock,Baghdad six-car composite kits,2,8304,8400,,,
baghdad:BAG-SIG-083:wpt-20-install-commission,BAG-SIG-083,line-5,signalling-comms,wayside systems crew,1,5424,5456,,,
baghdad:BAG-TRK-L6-017:trk-30-trackform-rail,BAG-TRK-L6-017,line-6,track-section,track crew,1,7368,7432,,,
baghdad:BAG-TRK-L7-010:trk-20-subgrade-drainage,BAG-TRK-L7-010,line-7,track-section,corridor civil crew,1,8272,8376,,,
baghdad:BAG-TRK-L7-011:trk-20-subgrade-drainage,BAG-TRK-L7-011,line-7,track-section,corridor civil crew,2,8304,8360,,,
baghdad:BAG-WPT-L5-002:wpt-20-install-commission,BAG-WPT-L5-002,line-5,waypoint,wayside systems crew,2,5232,5264,,,
baghdad:BAG-EN-095:en-20-energy-commission,BAG-EN-095,line-6,energy,energy crew,1,5760,5800,,,
baghdad:BAG-EN-096:en-20-energy-commission,BAG-EN-096,line-6,energy,energy crew,2,5760,5800,,,
baghdad:BAG-RS-L4-080:rs-40-fitout-static-test,BAG-RS-L4-080,line-4,rolling-stock,Baghdad six-car fitout and static test,6,8312,8464,,,
baghdad:BAG-RS-L5-018:rs-30-traction-battery-control,BAG-RS-L5-018,line-5,rolling-stock,Baghdad six-car electrical integration,4,8312,8504,,,
baghdad:BAG-RS-L5-030:rs-25-clip-on-body,BAG-RS-L5-030,line-5,rolling-stock,Baghdad six-car body installation,2,8312,8336,,,
baghdad:BAG-TRK-L6-015:trk-30-trackform-rail,BAG-TRK-L6-015,line-6,track-section,track crew,2,7320,7424,,,
baghdad:BAG-WPT-L5-004:wpt-10-cabinet-bench,BAG-WPT-L5-004,line-5,waypoint,wayside bench,1,2128,2152,,,
baghdad:BAG-RS-L4-061:rs-50-dynamic-commissioning,BAG-RS-L4-061,line-4,rolling-stock,Baghdad trainset acceptance bays,4,8320,8440,0,8328,8347
baghdad:BAG-RS-L4-081:rs-40-fitout-static-test,BAG-RS-L4-081,line-4,rolling-stock,Baghdad six-car fitout and static test,7,8320,8472,,,
baghdad:BAG-RS-L5-019:rs-30-traction-battery-control,BAG-RS-L5-019,line-5,rolling-stock,Baghdad six-car electrical integration,5,8320,8512,,,
baghdad:BAG-RS-L5-031:rs-25-clip-on-body,BAG-RS-L5-031,line-5,rolling-stock,Baghdad six-car body installation,1,8320,8344,,,
baghdad:BAG-RS-L5-032:rs-25-clip-on-body,BAG-RS-L5-032,line-5,rolling-stock,Baghdad six-car body installation,3,8320,8344,,,
baghdad:BAG-RS-L5-042:rs-23-moulded-body-modules,BAG-RS-L5-042,line-5,rolling-stock,Baghdad six-car composite kits,3,8320,8416,,,
baghdad:BAG-RS-L5-043:rs-23-moulded-body-modules,BAG-RS-L5-043,line-5,rolling-stock,Baghdad six-car composite kits,8,8320,8416,,,
baghdad:BAG-RS-L5-044:rs-23-moulded-body-modules,BAG-RS-L5-044,line-5,rolling-stock,Baghdad six-car composite kits,9,8320,8416,,,
baghdad:BAG-RS-L5-069:rs-20-carbody-bogie,BAG-RS-L5-069,line-5,rolling-stock,Baghdad six-car structural assembly,17,8320,8552,,,
baghdad:BAG-RS-L5-070:rs-20-carbody-bogie,BAG-RS-L5-070,line-5,rolling-stock,Baghdad six-car structural assembly,18,8320,8552,,,
baghdad:BAG-RS-L5-071:rs-20-carbody-bogie,BAG-RS-L5-071,line-5,rolling-stock,Baghdad six-car structural assembly,19,8320,8552,,,
baghdad:BAG-RS-L5-072:rs-20-carbody-bogie,BAG-RS-L5-072,line-5,rolling-stock,Baghdad six-car structural assembly,20,8320,8552,,,
baghdad:BAG-RS-L6-031:rs-10-material-kit,BAG-RS-L6-031,line-6,rolling-stock,Baghdad trainset kitting,1,8320,8352,,,
baghdad:BAG-RS-L6-032:rs-10-material-kit,BAG-RS-L6-032,line-6,rolling-stock,Baghdad trainset kitting,2,8320,8352,,,
baghdad:BAG-RS-L6-033:rs-10-material-kit,BAG-RS-L6-033,line-6,rolling-stock,Baghdad trainset kitting,3,8320,8352,,,
baghdad:BAG-RS-L6-034:rs-10-material-kit,BAG-RS-L6-034,line-6,rolling-stock,Baghdad trainset kitting,4,8320,8352,,,
baghdad:BAG-ST-112:st-10-civil-structure,BAG-ST-112,line-6,station,station civil crew,2,7200,7312,,,
baghdad:BAG-ST-119:st-10-civil-structure,BAG-ST-119,line-7,station,station civil crew,1,7584,7696,,,
baghdad:BAG-WPT-L5-005:wpt-10-cabinet-bench,BAG-WPT-L5-005,line-5,waypoint,wayside bench,2,2128,2152,,,
baghdad:BAG-RS-L4-062:rs-50-dynamic-commissioning,BAG-RS-L4-062,line-4,rolling-stock,Baghdad trainset acceptance bays,5,8328,8448,1,8336,8355
baghdad:BAG-RS-L4-063:rs-50-dynamic-commissioning,BAG-RS-L4-063,line-4,rolling-stock,Baghdad trainset acceptance bays,6,8328,8448,2,8336,8355
baghdad:BAG-RS-L4-082:rs-40-fitout-static-test,BAG-RS-L4-082,line-4,rolling-stock,Baghdad six-car fitout and static test,8,8328,8480,,,
baghdad:BAG-RS-L5-020:rs-30-traction-battery-control,BAG-RS-L5-020,line-5,rolling-stock,Baghdad six-car electrical integration,6,8328,8520,,,
baghdad:BAG-RS-L4-083:rs-40-fitout-static-test,BAG-RS-L4-083,line-4,rolling-stock,Baghdad six-car fitout and static test,16,8336,8488,,,
baghdad:BAG-RS-L5-021:rs-30-traction-battery-control,BAG-RS-L5-021,line-5,rolling-stock,Baghdad six-car electrical integration,7,8336,8528,,,
baghdad:BAG-RS-L5-033:rs-25-clip-on-body,BAG-RS-L5-033,line-5,rolling-stock,Baghdad six-car body installation,2,8336,8360,,,
baghdad:BAG-SIG-084:wpt-20-install-commission,BAG-SIG-084,line-5,signalling-comms,wayside systems crew,1,5496,5528,,,
baghdad:BAG-WPT-L5-004:wpt-20-install-commission,BAG-WPT-L5-004,line-5,waypoint,wayside systems crew,2,5296,5328,,,
baghdad:BAG-RS-L4-064:rs-50-dynamic-commissioning,BAG-RS-L4-064,line-4,rolling-stock,Baghdad trainset acceptance bays,7,8344,8464,0,8352,8371
baghdad:BAG-RS-L5-001:rs-40-fitout-static-test,BAG-RS-L5-001,line-5,rolling-stock,Baghdad six-car fitout and static test,9,8344,8496,,,
baghdad:BAG-RS-L5-022:rs-30-traction-battery-control,BAG-RS-L5-022,line-5,rolling-stock,Baghdad six-car electrical integration,8,8344,8536,,,
baghdad:BAG-RS-L5-034:rs-25-clip-on-body,BAG-RS-L5-034,line-5,rolling-stock,Baghdad six-car body installation,1,8344,8368,,,
baghdad:BAG-RS-L5-045:rs-23-moulded-body-modules,BAG-RS-L5-045,line-5,rolling-stock,Baghdad six-car composite kits,4,8344,8440,,,
baghdad:BAG-WPT-L5-008:wpt-10-cabinet-bench,BAG-WPT-L5-008,line-5,waypoint,wayside bench,2,2152,2176,,,
baghdad:BAG-EN-097:en-10-energy-build,BAG-EN-097,line-6,energy,energy crew,1,5800,5880,,,
baghdad:BAG-EN-098:en-10-energy-build,BAG-EN-098,line-6,energy,energy crew,2,5800,5880,,,
baghdad:BAG-RS-L4-065:rs-50-dynamic-commissioning,BAG-RS-L4-065,line-4,rolling-stock,Baghdad trainset acceptance bays,8,8352,8472,1,8360,8379
baghdad:BAG-RS-L5-002:rs-40-fitout-static-test,BAG-RS-L5-002,line-5,rolling-stock,Baghdad six-car fitout and static test,17,8352,8504,,,
baghdad:BAG-RS-L5-023:rs-30-traction-battery-control,BAG-RS-L5-023,line-5,rolling-stock,Baghdad six-car electrical integration,9,8352,8544,,,
baghdad:BAG-RS-L5-035:rs-25-clip-on-body,BAG-RS-L5-035,line-5,rolling-stock,Baghdad six-car body installation,3,8352,8376,,,
baghdad:BAG-RS-L5-046:rs-23-moulded-body-modules,BAG-RS-L5-046,line-5,rolling-stock,Baghdad six-car composite kits,10,8352,8448,,,
baghdad:BAG-RS-L5-047:rs-23-moulded-body-modules,BAG-RS-L5-047,line-5,rolling-stock,Baghdad six-car composite kits,11,8352,8448,,,
baghdad:BAG-RS-L5-073:rs-20-carbody-bogie,BAG-RS-L5-073,line-5,rolling-stock,Baghdad six-car structural assembly,21,8352,8584,,,
baghdad:BAG-RS-L5-074:rs-20-carbody-bogie,BAG-RS-L5-074,line-5,rolling-stock,Baghdad six-car structural assembly,22,8352,8584,,,
baghdad:BAG-RS-L5-075:rs-20-carbody-bogie,BAG-RS-L5-075,line-5,rolling-stock,Baghdad six-car structural assembly,23,8352,8584,,,
baghdad:BAG-RS-L5-076:rs-20-carbody-bogie,BAG-RS-L5-076,line-5,rolling-stock,Baghdad six-car structural assembly,24,8352,8584,,,
baghdad:BAG-RS-L6-035:rs-10-material-kit,BAG-RS-L6-035,line-6,rolling-stock,Baghdad trainset kitting,1,8352,8384,,,
baghdad:BAG-RS-L6-036:rs-10-material-kit,BAG-RS-L6-036,line-6,rolling-stock,Baghdad trainset kitting,2,8352,8384,,,
baghdad:BAG-RS-L6-037:rs-10-material-kit,BAG-RS-L6-037,line-6,rolling-stock,Baghdad trainset kitting,3,8352,8384,,,
baghdad:BAG-RS-L6-038:rs-10-material-kit,BAG-RS-L6-038,line-6,rolling-stock,Baghdad trainset kitting,4,8352,8384,,,
baghdad:BAG-ST-088:st-20-mep-passenger-systems,BAG-ST-088,line-5,station,station systems crew,2,5736,5816,,,
baghdad:BAG-ST-095:st-20-mep-passenger-systems,BAG-ST-095,line-5,station,station systems crew,1,6144,6224,,,
baghdad:BAG-RS-L5-003:rs-40-fitout-static-test,BAG-RS-L5-003,line-5,rolling-stock,Baghdad six-car fitout and static test,10,8360,8512,,,
baghdad:BAG-RS-L5-024:rs-30-traction-battery-control,BAG-RS-L5-024,line-5,rolling-stock,Baghdad six-car electrical integration,10,8360,8552,,,
baghdad:BAG-RS-L5-036:rs-25-clip-on-body,BAG-RS-L5-036,line-5,rolling-stock,Baghdad six-car body installation,2,8360,8384,,,
baghdad:BAG-RS-L5-048:rs-23-moulded-body-modules,BAG-RS-L5-048,line-5,rolling-stock,Baghdad six-car composite kits,5,8360,8456,,,
baghdad:BAG-TRK-L7-012:trk-10-survey-utility,BAG-TRK-L7-012,line-7,track-section,corridor civil crew,2,8360,8384,,,
baghdad:BAG-RS-L4-066:rs-50-dynamic-commissioning,BAG-RS-L4-066,line-4,rolling-stock,Baghdad trainset acceptance bays,9,8368,8488,0,8376,8395
baghdad:BAG-RS-L4-067:rs-50-dynamic-commissioning,BAG-RS-L4-067,line-4,rolling-stock,Baghdad trainset acceptance bays,10,8368,8488,2,8376,8395
baghdad:BAG-RS-L5-004:rs-40-fitout-static-test,BAG-RS-L5-004,line-5,rolling-stock,Baghdad six-car fitout and static test,11,8368,8520,,,
baghdad:BAG-RS-L5-025:rs-30-traction-battery-control,BAG-RS-L5-025,line-5,rolling-stock,Baghdad six-car electrical integration,11,8368,8560,,,
baghdad:BAG-RS-L5-037:rs-25-clip-on-body,BAG-RS-L5-037,line-5,rolling-stock,Baghdad six-car body installation,1,8368,8392,,,
baghdad:BAG-SIG-082:wpt-20-install-commission,BAG-SIG-082,line-5,signalling-comms,wayside systems crew,2,5352,5384,,,
baghdad:BAG-TRK-L6-019:trk-30-trackform-rail,BAG-TRK-L6-019,line-6,track-section,track crew,1,7544,7688,,,
baghdad:BAG-WPT-L5-008:wpt-20-install-commission,BAG-WPT-L5-008,line-5,waypoint,wayside systems crew,1,5528,5560,,,
baghdad:BAG-RS-L4-068:rs-50-dynamic-commissioning,BAG-RS-L4-068,line-4,rolling-stock,Baghdad trainset acceptance bays,11,8376,8496,1,8384,8403
baghdad:BAG-WPT-L5-006:wpt-10-cabinet-bench,BAG-WPT-L5-006,line-5,waypoint,wayside bench,3,2128,2152,,,
baghdad:BAG-RS-L5-005:rs-40-fitout-static-test,BAG-RS-L5-005,line-5,rolling-stock,Baghdad six-car fitout and static test,12,8384,8536,,,
baghdad:BAG-RS-L5-006:rs-40-fitout-static-test,BAG-RS-L5-006,line-5,rolling-stock,Baghdad six-car fitout and static test,13,8384,8536,,,
baghdad:BAG-RS-L5-026:rs-30-traction-battery-control,BAG-RS-L5-026,line-5,rolling-stock,Baghdad six-car electrical integration,12,8384,8576,,,
baghdad:BAG-RS-L5-027:rs-30-traction-battery-control,BAG-RS-L5-027,line-5,rolling-stock,Baghdad six-car electrical integration,13,8384,8576,,,
baghdad:BAG-RS-L5-038:rs-25-clip-on-body,BAG-RS-L5-038,line-5,rolling-stock,Baghdad six-car body installation,2,8384,8408,,,
baghdad:BAG-RS-L5-039:rs-25-clip-on-body,BAG-RS-L5-039,line-5,rolling-stock,Baghdad six-car body installation,3,8384,8408,,,
baghdad:BAG-RS-L5-049:rs-23-moulded-body-modules,BAG-RS-L5-049,line-5,rolling-stock,Baghdad six-car composite kits,1,8384,8480,,,
baghdad:BAG-RS-L5-050:rs-23-moulded-body-modules,BAG-RS-L5-050,line-5,rolling-stock,Baghdad six-car composite kits,6,8384,8480,,,
baghdad:BAG-RS-L5-051:rs-23-moulded-body-modules,BAG-RS-L5-051,line-5,rolling-stock,Baghdad six-car composite kits,7,8384,8480,,,
baghdad:BAG-RS-L5-077:rs-20-carbody-bogie,BAG-RS-L5-077,line-5,rolling-stock,Baghdad six-car structural assembly,25,8384,8616,,,
baghdad:BAG-RS-L5-078:rs-20-carbody-bogie,BAG-RS-L5-078,line-5,rolling-stock,Baghdad six-car structural assembly,26,8384,8616,,,
baghdad:BAG-RS-L6-039:rs-10-material-kit,BAG-RS-L6-039,line-6,rolling-stock,Baghdad trainset kitting,1,8384,8416,,,
baghdad:BAG-RS-L6-040:rs-10-material-kit,BAG-RS-L6-040,line-6,rolling-stock,Baghdad trainset kitting,2,8384,8416,,,
baghdad:BAG-RS-L6-041:rs-10-material-kit,BAG-RS-L6-041,line-6,rolling-stock,Baghdad trainset kitting,3,8384,8416,,,
baghdad:BAG-RS-L6-042:rs-10-material-kit,BAG-RS-L6-042,line-6,rolling-stock,Baghdad trainset kitting,4,8384,8416,,,
baghdad:BAG-TRK-L7-012:trk-20-subgrade-drainage,BAG-TRK-L7-012,line-7,track-section,corridor civil crew,2,8384,8488,,,
baghdad:BAG-RS-L4-069:rs-50-dynamic-commissioning,BAG-RS-L4-069,line-4,rolling-stock,Baghdad trainset acceptance bays,12,8392,8512,0,8400,8419
baghdad:BAG-RS-L5-028:rs-30-traction-battery-control,BAG-RS-L5-028,line-5,rolling-stock,Baghdad six-car electrical integration,14,8392,8584,,,
baghdad:BAG-RS-L5-040:rs-25-clip-on-body,BAG-RS-L5-040,line-5,rolling-stock,Baghdad six-car body installation,1,8392,8416,,,
baghdad:BAG-RS-L4-070:rs-50-dynamic-commissioning,BAG-RS-L4-070,line-4,rolling-stock,Baghdad trainset acceptance bays,13,8400,8520,1,8408,8427
baghdad:BAG-RS-L5-007:rs-40-fitout-static-test,BAG-RS-L5-007,line-5,rolling-stock,Baghdad six-car fitout and static test,1,8400,8552,,,
baghdad:BAG-RS-L5-052:rs-23-moulded-body-modules,BAG-RS-L5-052,line-5,rolling-stock,Baghdad six-car composite kits,2,8400,8496,,,
baghdad:BAG-SIG-086:wpt-20-install-commission,BAG-SIG-086,line-5,signalling-comms,wayside systems crew,1,5696,5728,,,
baghdad:BAG-WPT-L5-006:wpt-20-install-commission,BAG-WPT-L5-006,line-5,waypoint,wayside systems crew,2,5424,5456,,,
baghdad:BAG-RS-L5-008:rs-40-fitout-static-test,BAG-RS-L5-008,line-5,rolling-stock,Baghdad six-car fitout and static test,2,8408,8560,,,
baghdad:BAG-RS-L5-029:rs-30-traction-battery-control,BAG-RS-L5-029,line-5,rolling-stock,Baghdad six-car electrical integration,15,8408,8600,,,
baghdad:BAG-RS-L5-041:rs-25-clip-on-body,BAG-RS-L5-041,line-5,rolling-stock,Baghdad six-car body installation,2,8408,8432,,,
baghdad:BAG-TRK-L7-013:trk-10-survey-utility,BAG-TRK-L7-013,line-7,track-section,corridor civil crew,1,8376,8400,,,
baghdad:BAG-WPT-L5-007:wpt-10-cabinet-bench,BAG-WPT-L5-007,line-5,waypoint,wayside bench,1,2152,2176,,,
baghdad:BAG-RS-L4-071:rs-50-dynamic-commissioning,BAG-RS-L4-071,line-4,rolling-stock,Baghdad trainset acceptance bays,1,8416,8536,0,8424,8443
baghdad:BAG-RS-L4-072:rs-50-dynamic-commissioning,BAG-RS-L4-072,line-4,rolling-stock,Baghdad trainset acceptance bays,2,8416,8536,2,8424,8443
baghdad:BAG-RS-L5-009:rs-40-fitout-static-test,BAG-RS-L5-009,line-5,rolling-stock,Baghdad six-car fitout and static test,14,8416,8568,,,
baghdad:BAG-RS-L5-030:rs-30-traction-battery-control,BAG-RS-L5-030,line-5,rolling-stock,Baghdad six-car electrical integration,16,8416,8608,,,
baghdad:BAG-RS-L5-042:rs-25-clip-on-body,BAG-RS-L5-042,line-5,rolling-stock,Baghdad six-car body installation,1,8416,8440,,,
baghdad:BAG-RS-L5-043:rs-25-clip-on-body,BAG-RS-L5-043,line-5,rolling-stock,Baghdad six-car body installation,3,8416,8440,,,
baghdad:BAG-RS-L6-043:rs-10-material-kit,BAG-RS-L6-043,line-6,rolling-stock,Baghdad trainset kitting,1,8416,8448,,,
baghdad:BAG-RS-L6-044:rs-10-material-kit,BAG-RS-L6-044,line-6,rolling-stock,Baghdad trainset kitting,2,8416,8448,,,
baghdad:BAG-RS-L6-045:rs-10-material-kit,BAG-RS-L6-045,line-6,rolling-stock,Baghdad trainset kitting,3,8416,8448,,,
baghdad:BAG-RS-L6-046:rs-10-material-kit,BAG-RS-L6-046,line-6,rolling-stock,Baghdad trainset kitting,4,8416,8448,,,
baghdad:BAG-TRK-L6-018:trk-30-trackform-rail,BAG-TRK-L6-018,line-6,track-section,track crew,2,7424,7488,,,
baghdad:BAG-WPT-L5-009:wpt-10-cabinet-bench,BAG-WPT-L5-009,line-5,waypoint,wayside bench,3,2152,2176,,,
baghdad:BAG-RS-L4-073:rs-50-dynamic-commissioning,BAG-RS-L4-073,line-4,rolling-stock,Baghdad trainset acceptance bays,3,8424,8544,1,8432,8451
baghdad:BAG-RS-L5-010:rs-40-fitout-static-test,BAG-RS-L5-010,line-5,rolling-stock,Baghdad six-car fitout and static test,3,8424,8576,,,
baghdad:BAG-RS-L5-031:rs-30-traction-battery-control,BAG-RS-L5-031,line-5,rolling-stock,Baghdad six-car electrical integration,17,8424,8616,,,
baghdad:BAG-RS-L5-053:rs-23-moulded-body-modules,BAG-RS-L5-053,line-5,rolling-stock,Baghdad six-car composite kits,3,8424,8520,,,
baghdad:BAG-RS-L5-054:rs-23-moulded-body-modules,BAG-RS-L5-054,line-5,rolling-stock,Baghdad six-car composite kits,8,8424,8520,,,
baghdad:BAG-RS-L5-055:rs-23-moulded-body-modules,BAG-RS-L5-055,line-5,rolling-stock,Baghdad six-car composite kits,9,8424,8520,,,
baghdad:BAG-RS-L5-079:rs-20-carbody-bogie,BAG-RS-L5-079,line-5,rolling-stock,Baghdad six-car structural assembly,1,8424,8656,,,
baghdad:BAG-RS-L5-080:rs-20-carbody-bogie,BAG-RS-L5-080,line-5,rolling-stock,Baghdad six-car structural assembly,2,8424,8656,,,
baghdad:BAG-RS-L5-081:rs-20-carbody-bogie,BAG-RS-L5-081,line-5,rolling-stock,Baghdad six-car structural assembly,3,8424,8656,,,
baghdad:BAG-RS-L5-082:rs-20-carbody-bogie,BAG-RS-L5-082,line-5,rolling-stock,Baghdad six-car structural assembly,4,8424,8656,,,
baghdad:BAG-EN-097:en-20-energy-commission,BAG-EN-097,line-6,energy,energy crew,1,5880,5920,,,
baghdad:BAG-EN-098:en-20-energy-commission,BAG-EN-098,line-6,energy,energy crew,2,5880,5920,,,
baghdad:BAG-RS-L5-032:rs-30-traction-battery-control,BAG-RS-L5-032,line-5,rolling-stock,Baghdad six-car electrical integration,18,8432,8624,,,
baghdad:BAG-RS-L5-044:rs-25-clip-on-body,BAG-RS-L5-044,line-5,rolling-stock,Baghdad six-car body installation,2,8432,8456,,,
baghdad:BAG-SIG-087:wpt-20-install-commission,BAG-SIG-087,line-5,signalling-comms,wayside systems crew,1,5752,5784,,,
baghdad:BAG-ST-090:st-20-mep-passenger-systems,BAG-ST-090,line-5,station,station systems crew,2,5848,5928,,,
baghdad:BAG-ST-097:st-20-mep-passenger-systems,BAG-ST-097,line-6,station,station systems crew,1,6320,6400,,,
baghdad:BAG-ST-114:st-10-civil-structure,BAG-ST-114,line-6,station,station civil crew,2,7312,7424,,,
baghdad:BAG-ST-121:st-10-civil-structure,BAG-ST-121,line-7,station,station civil crew,1,7768,7880,,,
baghdad:BAG-TRK-L7-013:trk-20-subgrade-drainage,BAG-TRK-L7-013,line-7,track-section,corridor civil crew,1,8400,8488,,,
baghdad:BAG-WPT-L5-007:wpt-20-install-commission,BAG-WPT-L5-007,line-5,waypoint,wayside systems crew,2,5496,5528,,,
baghdad:BAG-RS-L4-074:rs-50-dynamic-commissioning,BAG-RS-L4-074,line-4,rolling-stock,Baghdad trainset acceptance bays,4,8440,8560,0,8448,8467
baghdad:BAG-RS-L5-011:rs-40-fitout-static-test,BAG-RS-L5-011,line-5,rolling-stock,Baghdad six-car fitout and static test,4,8440,8592,,,
baghdad:BAG-RS-L5-012:rs-40-fitout-static-test,BAG-RS-L5-012,line-5,rolling-stock,Baghdad six-car fitout and static test,5,8440,8592,,,
baghdad:BAG-RS-L5-033:rs-30-traction-battery-control,BAG-RS-L5-033,line-5,rolling-stock,Baghdad six-car electrical integration,19,8440,8632,,,
baghdad:BAG-RS-L5-045:rs-25-clip-on-body,BAG-RS-L5-045,line-5,rolling-stock,Baghdad six-car body installation,1,8440,8464,,,
baghdad:BAG-RS-L5-056:rs-23-moulded-body-modules,BAG-RS-L5-056,line-5,rolling-stock,Baghdad six-car composite kits,4,8440,8536,,,
baghdad:BAG-WPT-L5-012:wpt-10-cabinet-bench,BAG-WPT-L5-012,line-5,waypoint,wayside bench,3,2176,2200,,,
baghdad:BAG-RS-L4-075:rs-50-dynamic-commissioning,BAG-RS-L4-075,line-4,rolling-stock,Baghdad trainset acceptance bays,5,8448,8568,1,8456,8475
baghdad:BAG-RS-L4-076:rs-50-dynamic-commissioning,BAG-RS-L4-076,line-4,rolling-stock,Baghdad trainset acceptance bays,6,8448,8568,2,8456,8475
baghdad:BAG-RS-L5-013:rs-40-fitout-static-test,BAG-RS-L5-013,line-5,rolling-stock,Baghdad six-car fitout and static test,15,8448,8600,,,
baghdad:BAG-RS-L5-034:rs-30-traction-battery-control,BAG-RS-L5-034,line-5,rolling-stock,Baghdad six-car electrical integration,20,8448,8640,,,
baghdad:BAG-RS-L5-046:rs-25-clip-on-body,BAG-RS-L5-046,line-5,rolling-stock,Baghdad six-car body installation,3,8448,8472,,,
baghdad:BAG-RS-L6-047:rs-10-material-kit,BAG-RS-L6-047,line-6,rolling-stock,Baghdad trainset kitting,1,8448,8480,,,
baghdad:BAG-RS-L6-048:rs-10-material-kit,BAG-RS-L6-048,line-6,rolling-stock,Baghdad trainset kitting,2,8448,8480,,,
baghdad:BAG-RS-L6-049:rs-10-material-kit,BAG-RS-L6-049,line-6,rolling-stock,Baghdad trainset kitting,3,8448,8480,,,
baghdad:BAG-RS-L6-050:rs-10-material-kit,BAG-RS-L6-050,line-6,rolling-stock,Baghdad trainset kitting,4,8448,8480,,,
baghdad:BAG-RS-L5-035:rs-30-traction-battery-control,BAG-RS-L5-035,line-5,rolling-stock,Baghdad six-car electrical integration,21,8456,8648,,,
baghdad:BAG-RS-L5-047:rs-25-clip-on-body,BAG-RS-L5-047,line-5,rolling-stock,Baghdad six-car body installation,2,8456,8480,,,
baghdad:BAG-RS-L5-057:rs-23-moulded-body-modules,BAG-RS-L5-057,line-5,rolling-stock,Baghdad six-car composite kits,5,8456,8552,,,
baghdad:BAG-RS-L5-058:rs-23-moulded-body-modules,BAG-RS-L5-058,line-5,rolling-stock,Baghdad six-car composite kits,10,8456,8552,,,
baghdad:BAG-RS-L5-059:rs-23-moulded-body-modules,BAG-RS-L5-059,line-5,rolling-stock,Baghdad six-car composite kits,11,8456,8552,,,
baghdad:BAG-RS-L5-083:rs-20-carbody-bogie,BAG-RS-L5-083,line-5,rolling-stock,Baghdad six-car structural assembly,5,8456,8688,,,
baghdad:BAG-RS-L5-084:rs-20-carbody-bogie,BAG-RS-L5-084,line-5,rolling-stock,Baghdad six-car structural assembly,6,8456,8688,,,
baghdad:BAG-RS-L5-085:rs-20-carbody-bogie,BAG-RS-L5-085,line-5,rolling-stock,Baghdad six-car structural assembly,7,8456,8688,,,
baghdad:BAG-RS-L5-086:rs-20-carbody-bogie,BAG-RS-L5-086,line-5,rolling-stock,Baghdad six-car structural assembly,8,8456,8688,,,
baghdad:BAG-RS-L4-077:rs-50-dynamic-commissioning,BAG-RS-L4-077,line-4,rolling-stock,Baghdad trainset acceptance bays,7,8464,8584,0,8472,8491
baghdad:BAG-RS-L5-014:rs-40-fitout-static-test,BAG-RS-L5-014,line-5,rolling-stock,Baghdad six-car fitout and static test,6,8464,8616,,,
baghdad:BAG-RS-L5-048:rs-25-clip-on-body,BAG-RS-L5-048,line-5,rolling-stock,Baghdad six-car body installation,1,8464,8488,,,
baghdad:BAG-WPT-L5-009:wpt-20-install-commission,BAG-WPT-L5-009,line-5,waypoint,wayside systems crew,2,5696,5728,,,
baghdad:BAG-WPT-L5-012:wpt-20-install-commission,BAG-WPT-L5-012,line-5,waypoint,wayside systems crew,1,5784,5816,,,
baghdad:BAG-EN-099:en-10-energy-build,BAG-EN-099,line-6,energy,energy crew,1,5920,6000,,,
baghdad:BAG-EN-100:en-10-energy-build,BAG-EN-100,line-6,energy,energy crew,2,5920,6000,,,
baghdad:BAG-RS-L4-078:rs-50-dynamic-commissioning,BAG-RS-L4-078,line-4,rolling-stock,Baghdad trainset acceptance bays,8,8472,8592,1,8480,8499
baghdad:BAG-WPT-L5-010:wpt-10-cabinet-bench,BAG-WPT-L5-010,line-5,waypoint,wayside bench,1,2176,2200,,,
baghdad:BAG-RS-L5-015:rs-40-fitout-static-test,BAG-RS-L5-015,line-5,rolling-stock,Baghdad six-car fitout and static test,7,8480,8632,,,
baghdad:BAG-RS-L5-016:rs-40-fitout-static-test,BAG-RS-L5-016,line-5,rolling-stock,Baghdad six-car fitout and static test,8,8480,8632,,,
baghdad:BAG-RS-L5-036:rs-30-traction-battery-control,BAG-RS-L5-036,line-5,rolling-stock,Baghdad six-car electrical integration,1,8480,8672,,,
baghdad:BAG-RS-L5-037:rs-30-traction-battery-control,BAG-RS-L5-037,line-5,rolling-stock,Baghdad six-car electrical integration,2,8480,8672,,,
baghdad:BAG-RS-L5-038:rs-30-traction-battery-control,BAG-RS-L5-038,line-5,rolling-stock,Baghdad six-car electrical integration,3,8480,8672,,,
baghdad:BAG-RS-L5-049:rs-25-clip-on-body,BAG-RS-L5-049,line-5,rolling-stock,Baghdad six-car body installation,2,8480,8504,,,
baghdad:BAG-RS-L5-050:rs-25-clip-on-body,BAG-RS-L5-050,line-5,rolling-stock,Baghdad six-car body installation,3,8480,8504,,,
baghdad:BAG-RS-L5-060:rs-23-moulded-body-modules,BAG-RS-L5-060,line-5,rolling-stock,Baghdad six-car composite kits,1,8480,8576,,,
baghdad:BAG-RS-L6-051:rs-10-material-kit,BAG-RS-L6-051,line-6,rolling-stock,Baghdad trainset kitting,1,8480,8512,,,
baghdad:BAG-RS-L6-052:rs-10-material-kit,BAG-RS-L6-052,line-6,rolling-stock,Baghdad trainset kitting,2,8480,8512,,,
baghdad:BAG-RS-L6-053:rs-10-material-kit,BAG-RS-L6-053,line-6,rolling-stock,Baghdad trainset kitting,3,8480,8512,,,
baghdad:BAG-RS-L6-054:rs-10-material-kit,BAG-RS-L6-054,line-6,rolling-stock,Baghdad trainset kitting,4,8480,8512,,,
baghdad:BAG-TRK-L6-020:trk-30-trackform-rail,BAG-TRK-L6-020,line-6,track-section,track crew,2,7624,7824,,,
baghdad:BAG-RS-L4-079:rs-50-dynamic-commissioning,BAG-RS-L4-079,line-4,rolling-stock,Baghdad trainset acceptance bays,9,8488,8608,0,8496,8515
baghdad:BAG-RS-L4-080:rs-50-dynamic-commissioning,BAG-RS-L4-080,line-4,rolling-stock,Baghdad trainset acceptance bays,10,8488,8608,2,8496,8515
baghdad:BAG-RS-L5-017:rs-40-fitout-static-test,BAG-RS-L5-017,line-5,rolling-stock,Baghdad six-car fitout and static test,16,8488,8640,,,
baghdad:BAG-RS-L5-051:rs-25-clip-on-body,BAG-RS-L5-051,line-5,rolling-stock,Baghdad six-car body installation,1,8488,8512,,,
baghdad:BAG-RS-L5-061:rs-23-moulded-body-modules,BAG-RS-L5-061,line-5,rolling-stock,Baghdad six-car composite kits,6,8488,8584,,,
baghdad:BAG-RS-L5-062:rs-23-moulded-body-modules,BAG-RS-L5-062,line-5,rolling-stock,Baghdad six-car composite kits,7,8488,8584,,,
baghdad:BAG-RS-L5-087:rs-20-carbody-bogie,BAG-RS-L5-087,line-5,rolling-stock,Baghdad six-car structural assembly,9,8488,8720,,,
baghdad:BAG-RS-L5-088:rs-20-carbody-bogie,BAG-RS-L5-088,line-5,rolling-stock,Baghdad six-car structural assembly,10,8488,8720,,,
baghdad:BAG-RS-L5-089:rs-20-carbody-bogie,BAG-RS-L5-089,line-5,rolling-stock,Baghdad six-car structural assembly,11,8488,8720,,,
baghdad:BAG-RS-L5-090:rs-20-carbody-bogie,BAG-RS-L5-090,line-5,rolling-stock,Baghdad six-car structural assembly,12,8488,8720,,,
baghdad:BAG-TRK-L7-015:trk-10-survey-utility,BAG-TRK-L7-015,line-7,track-section,corridor civil crew,2,8488,8512,,,
baghdad:BAG-RS-L4-081:rs-50-dynamic-commissioning,BAG-RS-L4-081,line-4,rolling-stock,Baghdad trainset acceptance bays,11,8496,8616,1,8504,8523
baghdad:BAG-RS-L5-063:rs-23-moulded-body-modules,BAG-RS-L5-063,line-5,rolling-stock,Baghdad six-car composite kits,2,8496,8592,,,
baghdad:BAG-SIG-090:wpt-20-install-commission,BAG-SIG-090,line-5,signalling-comms,wayside systems crew,1,5864,5896,,,
baghdad:BAG-WPT-L5-001:wpt-20-install-commission,BAG-WPT-L5-001,line-5,waypoint,wayside systems crew,3,5200,5232,,,
baghdad:BAG-WPT-L5-010:wpt-20-install-commission,BAG-WPT-L5-010,line-5,waypoint,wayside systems crew,2,5752,5784,,,
baghdad:BAG-RS-L5-018:rs-40-fitout-static-test,BAG-RS-L5-018,line-5,rolling-stock,Baghdad six-car fitout and static test,9,8504,8656,,,
baghdad:BAG-RS-L5-039:rs-30-traction-battery-control,BAG-RS-L5-039,line-5,rolling-stock,Baghdad six-car electrical integration,4,8504,8696,,,
baghdad:BAG-RS-L5-052:rs-25-clip-on-body,BAG-RS-L5-052,line-5,rolling-stock,Baghdad six-car body installation,2,8504,8528,,,
baghdad:BAG-WPT-L5-013:wpt-10-cabinet-bench,BAG-WPT-L5-013,line-5,waypoint,wayside bench,1,2200,2224,,,
baghdad:BAG-RS-L4-082:rs-50-dynamic-commissioning,BAG-RS-L4-082,line-4,rolling-stock,Baghdad trainset acceptance bays,12,8512,8632,0,8520,8539
baghdad:BAG-RS-L5-019:rs-40-fitout-static-test,BAG-RS-L5-019,line-5,rolling-stock,Baghdad six-car fitout and static test,10,8512,8664,,,
baghdad:BAG-RS-L5-040:rs-30-traction-battery-control,BAG-RS-L5-040,line-5,rolling-stock,Baghdad six-car electrical integration,5,8512,8704,,,
baghdad:BAG-RS-L6-055:rs-10-material-kit,BAG-RS-L6-055,line-6,rolling-stock,Baghdad trainset kitting,1,8512,8544,,,
baghdad:BAG-RS-L6-056:rs-10-material-kit,BAG-RS-L6-056,line-6,rolling-stock,Baghdad trainset kitting,2,8512,8544,,,
baghdad:BAG-RS-L6-057:rs-10-material-kit,BAG-RS-L6-057,line-6,rolling-stock,Baghdad trainset kitting,3,8512,8544,,,
baghdad:BAG-RS-L6-058:rs-10-material-kit,BAG-RS-L6-058,line-6,rolling-stock,Baghdad trainset kitting,4,8512,8544,,,
baghdad:BAG-ST-092:st-20-mep-passenger-systems,BAG-ST-092,line-5,station,station systems crew,2,5960,6040,,,
baghdad:BAG-ST-099:st-20-mep-passenger-systems,BAG-ST-099,line-6,station,station systems crew,1,6456,6536,,,
baghdad:BAG-TRK-L7-001:trk-30-trackform-rail,BAG-TRK-L7-001,line-7,track-section,track crew,1,7720,7864,,,
baghdad:BAG-TRK-L7-015:trk-20-subgrade-drainage,BAG-TRK-L7-015,line-7,track-section,corridor civil crew,2,8512,8600,,,
baghdad:BAG-RS-L4-083:rs-50-dynamic-commissioning,BAG-RS-L4-083,line-4,rolling-stock,Baghdad trainset acceptance bays,13,8520,8640,1,8528,8547
baghdad:BAG-RS-L5-020:rs-40-fitout-static-test,BAG-RS-L5-020,line-5,rolling-stock,Baghdad six-car fitout and static test,11,8520,8672,,,
baghdad:BAG-RS-L5-041:rs-30-traction-battery-control,BAG-RS-L5-041,line-5,rolling-stock,Baghdad six-car electrical integration,6,8520,8712,,,
baghdad:BAG-RS-L5-053:rs-25-clip-on-body,BAG-RS-L5-053,line-5,rolling-stock,Baghdad six-car body installation,1,8520,8544,,,
baghdad:BAG-RS-L5-054:rs-25-clip-on-body,BAG-RS-L5-054,line-5,rolling-stock,Baghdad six-car body installation,3,8520,8544,,,
baghdad:BAG-RS-L5-064:rs-23-moulded-body-modules,BAG-RS-L5-064,line-5,rolling-stock,Baghdad six-car composite kits,3,8520,8616,,,
baghdad:BAG-RS-L5-065:rs-23-moulded-body-modules,BAG-RS-L5-065,line-5,rolling-stock,Baghdad six-car composite kits,8,8520,8616,,,
baghdad:BAG-RS-L5-066:rs-23-moulded-body-modules,BAG-RS-L5-066,line-5,rolling-stock,Baghdad six-car composite kits,9,8520,8616,,,
baghdad:BAG-RS-L6-001:rs-20-carbody-bogie,BAG-RS-L6-001,line-6,rolling-stock,Baghdad six-car structural assembly,13,8520,8752,,,
baghdad:BAG-RS-L6-002:rs-20-carbody-bogie,BAG-RS-L6-002,line-6,rolling-stock,Baghdad six-car structural assembly,14,8520,8752,,,
baghdad:BAG-RS-L6-003:rs-20-carbody-bogie,BAG-RS-L6-003,line-6,rolling-stock,Baghdad six-car structural assembly,15,8520,8752,,,
baghdad:BAG-RS-L6-004:rs-20-carbody-bogie,BAG-RS-L6-004,line-6,rolling-stock,Baghdad six-car structural assembly,16,8520,8752,,,
baghdad:BAG-TRK-L7-014:trk-10-survey-utility,BAG-TRK-L7-014,line-7,track-section,corridor civil crew,1,8488,8512,,,
baghdad:BAG-RS-L5-021:rs-40-fitout-static-test,BAG-RS-L5-021,line-5,rolling-stock,Baghdad six-car fitout and static test,17,8528,8680,,,
baghdad:BAG-RS-L5-042:rs-30-traction-battery-control,BAG-RS-L5-042,line-5,rolling-stock,Baghdad six-car electrical integration,7,8528,8720,,,
baghdad:BAG-RS-L5-055:rs-25-clip-on-body,BAG-RS-L5-055,line-5,rolling-stock,Baghdad six-car body installation,2,8528,8552,,,
baghdad:BAG-SIG-080:wpt-20-install-commission,BAG-SIG-080,line-5,signalling-comms,wayside systems crew,3,5312,5344,,,
baghdad:BAG-SIG-092:wpt-20-install-commission,BAG-SIG-092,line-5,signalling-comms,wayside systems crew,1,5896,5928,,,
baghdad:BAG-WPT-L5-013:wpt-20-install-commission,BAG-WPT-L5-013,line-5,waypoint,wayside systems crew,2,5864,5896,,,
baghdad:BAG-RS-L5-001:rs-50-dynamic-commissioning,BAG-RS-L5-001,line-5,rolling-stock,Baghdad trainset acceptance bays,1,8536,8656,0,8544,8563
baghdad:BAG-RS-L5-002:rs-50-dynamic-commissioning,BAG-RS-L5-002,line-5,rolling-stock,Baghdad trainset acceptance bays,2,8536,8656,2,8544,8563
baghdad:BAG-RS-L5-022:rs-40-fitout-static-test,BAG-RS-L5-022,line-5,rolling-stock,Baghdad six-car fitout and static test,12,8536,8688,,,
baghdad:BAG-RS-L5-043:rs-30-traction-battery-control,BAG-RS-L5-043,line-5,rolling-stock,Baghdad six-car electrical integration,8,8536,8728,,,
baghdad:BAG-RS-L5-067:rs-23-moulded-body-modules,BAG-RS-L5-067,line-5,rolling-stock,Baghdad six-car composite kits,4,8536,8632,,,
baghdad:BAG-WPT-L5-011:wpt-10-cabinet-bench,BAG-WPT-L5-011,line-5,waypoint,wayside bench,2,2176,2200,,,
baghdad:BAG-RS-L5-003:rs-50-dynamic-commissioning,BAG-RS-L5-003,line-5,rolling-stock,Baghdad trainset acceptance bays,3,8544,8664,1,8552,8571
baghdad:BAG-RS-L5-023:rs-40-fitout-static-test,BAG-RS-L5-023,line-5,rolling-stock,Baghdad six-car fitout and static test,13,8544,8696,,,
baghdad:BAG-RS-L5-044:rs-30-traction-battery-control,BAG-RS-L5-044,line-5,rolling-stock,Baghdad six-car electrical integration,9,8544,8736,,,
baghdad:BAG-RS-L5-056:rs-25-clip-on-body,BAG-RS-L5-056,line-5,rolling-stock,Baghdad six-car body installation,1,8544,8568,,,
baghdad:BAG-RS-L6-059:rs-10-material-kit,BAG-RS-L6-059,line-6,rolling-stock,Baghdad trainset kitting,1,8544,8576,,,
baghdad:BAG-RS-L6-060:rs-10-material-kit,BAG-RS-L6-060,line-6,rolling-stock,Baghdad trainset kitting,2,8544,8576,,,
baghdad:BAG-RS-L6-061:rs-10-material-kit,BAG-RS-L6-061,line-6,rolling-stock,Baghdad trainset kitting,3,8544,8576,,,
baghdad:BAG-RS-L6-062:rs-10-material-kit,BAG-RS-L6-062,line-6,rolling-stock,Baghdad trainset kitting,4,8544,8576,,,
baghdad:BAG-ST-116:st-10-civil-structure,BAG-ST-116,line-6,station,station civil crew,2,7424,7536,,,
baghdad:BAG-ST-123:st-10-civil-structure,BAG-ST-123,line-7,station,station civil crew,1,7912,8024,,,
baghdad:BAG-TRK-L7-014:trk-20-subgrade-drainage,BAG-TRK-L7-014,line-7,track-section,corridor civil crew,1,8512,8600,,,
baghdad:BAG-EN-099:en-20-energy-commission,BAG-EN-099,line-6,energy,energy crew,1,6000,6040,,,
baghdad:BAG-EN-100:en-20-energy-commission,BAG-EN-100,line-6,energy,energy crew,2,6000,6040,,,
baghdad:BAG-RS-L5-024:rs-40-fitout-static-test,BAG-RS-L5-024,line-5,rolling-stock,Baghdad six-car fitout and static test,1,8552,8704,,,
baghdad:BAG-RS-L5-045:rs-30-traction-battery-control,BAG-RS-L5-045,line-5,rolling-stock,Baghdad six-car electrical integration,10,8552,8744,,,
baghdad:BAG-RS-L5-057:rs-25-clip-on-body,BAG-RS-L5-057,line-5,rolling-stock,Baghdad six-car body installation,2,8552,8576,,,
baghdad:BAG-RS-L5-058:rs-25-clip-on-body,BAG-RS-L5-058,line-5,rolling-stock,Baghdad six-car body installation,3,8552,8576,,,
baghdad:BAG-RS-L5-068:rs-23-moulded-body-modules,BAG-RS-L5-068,line-5,rolling-stock,Baghdad six-car composite kits,5,8552,8648,,,
baghdad:BAG-RS-L5-069:rs-23-moulded-body-modules,BAG-RS-L5-069,line-5,rolling-stock,Baghdad six-car composite kits,10,8552,8648,,,
baghdad:BAG-RS-L5-070:rs-23-moulded-body-modules,BAG-RS-L5-070,line-5,rolling-stock,Baghdad six-car composite kits,11,8552,8648,,,
baghdad:BAG-RS-L6-005:rs-20-carbody-bogie,BAG-RS-L6-005,line-6,rolling-stock,Baghdad six-car structural assembly,17,8552,8784,,,
baghdad:BAG-RS-L6-006:rs-20-carbody-bogie,BAG-RS-L6-006,line-6,rolling-stock,Baghdad six-car structural assembly,18,8552,8784,,,
baghdad:BAG-RS-L6-007:rs-20-carbody-bogie,BAG-RS-L6-007,line-6,rolling-stock,Baghdad six-car structural assembly,19,8552,8784,,,
baghdad:BAG-RS-L6-008:rs-20-carbody-bogie,BAG-RS-L6-008,line-6,rolling-stock,Baghdad six-car structural assembly,20,8552,8784,,,
baghdad:BAG-RS-L5-004:rs-50-dynamic-commissioning,BAG-RS-L5-004,line-5,rolling-stock,Baghdad trainset acceptance bays,4,8560,8680,0,8568,8587
baghdad:BAG-RS-L5-025:rs-40-fitout-static-test,BAG-RS-L5-025,line-5,rolling-stock,Baghdad six-car fitout and static test,2,8560,8712,,,
baghdad:BAG-RS-L5-046:rs-30-traction-battery-control,BAG-RS-L5-046,line-5,rolling-stock,Baghdad six-car electrical integration,11,8560,8752,,,
baghdad:BAG-SIG-091:wpt-20-install-commission,BAG-SIG-091,line-5,signalling-comms,wayside systems crew,1,5944,5976,,,
baghdad:BAG-WPT-L5-005:wpt-20-install-commission,BAG-WPT-L5-005,line-5,waypoint,wayside systems crew,3,5352,5384,,,
baghdad:BAG-WPT-L5-011:wpt-20-install-commission,BAG-WPT-L5-011,line-5,waypoint,wayside systems crew,2,5896,5928,,,
baghdad:BAG-RS-L5-005:rs-50-dynamic-commissioning,BAG-RS-L5-005,line-5,rolling-stock,Baghdad trainset acceptance bays,5,8568,8688,1,8576,8595
baghdad:BAG-RS-L5-006:rs-50-dynamic-commissioning,BAG-RS-L5-006,line-5,rolling-stock,Baghdad trainset acceptance bays,6,8568,8688,2,8576,8595
baghdad:BAG-RS-L5-059:rs-25-clip-on-body,BAG-RS-L5-059,line-5,rolling-stock,Baghdad six-car body installation,1,8568,8592,,,
baghdad:BAG-WPT-L5-014:wpt-10-cabinet-bench,BAG-WPT-L5-014,line-5,waypoint,wayside bench,2,2200,2224,,,
baghdad:BAG-RS-L5-026:rs-40-fitout-static-test,BAG-RS-L5-026,line-5,rolling-stock,Baghdad six-car fitout and static test,3,8576,8728,,,
baghdad:BAG-RS-L5-027:rs-40-fitout-static-test,BAG-RS-L5-027,line-5,rolling-stock,Baghdad six-car fitout and static test,14,8576,8728,,,
baghdad:BAG-RS-L5-047:rs-30-traction-battery-control,BAG-RS-L5-047,line-5,rolling-stock,Baghdad six-car electrical integration,12,8576,8768,,,
baghdad:BAG-RS-L5-048:rs-30-traction-battery-control,BAG-RS-L5-048,line-5,rolling-stock,Baghdad six-car electrical integration,13,8576,8768,,,
baghdad:BAG-RS-L5-060:rs-25-clip-on-body,BAG-RS-L5-060,line-5,rolling-stock,Baghdad six-car body installation,2,8576,8600,,,
baghdad:BAG-RS-L5-071:rs-23-moulded-body-modules,BAG-RS-L5-071,line-5,rolling-stock,Baghdad six-car composite kits,1,8576,8672,,,
baghdad:BAG-RS-L6-063:rs-10-material-kit,BAG-RS-L6-063,line-6,rolling-stock,Baghdad trainset kitting,1,8576,8608,,,
baghdad:BAG-RS-L6-064:rs-10-material-kit,BAG-RS-L6-064,line-6,rolling-stock,Baghdad trainset kitting,2,8576,8608,,,
baghdad:BAG-RS-L6-065:rs-10-material-kit,BAG-RS-L6-065,line-6,rolling-stock,Baghdad trainset kitting,3,8576,8608,,,
baghdad:BAG-RS-L6-066:rs-10-material-kit,BAG-RS-L6-066,line-6,rolling-stock,Baghdad trainset kitting,4,8576,8608,,,
baghdad:BAG-RS-L5-007:rs-50-dynamic-commissioning,BAG-RS-L5-007,line-5,rolling-stock,Baghdad trainset acceptance bays,7,8584,8704,0,8592,8611
baghdad:BAG-RS-L5-049:rs-30-traction-battery-control,BAG-RS-L5-049,line-5,rolling-stock,Baghdad six-car electrical integration,14,8584,8776,,,
baghdad:BAG-RS-L5-061:rs-25-clip-on-body,BAG-RS-L5-061,line-5,rolling-stock,Baghdad six-car body installation,3,8584,8608,,,
baghdad:BAG-RS-L5-072:rs-23-moulded-body-modules,BAG-RS-L5-072,line-5,rolling-stock,Baghdad six-car composite kits,6,8584,8680,,,
baghdad:BAG-RS-L5-073:rs-23-moulded-body-modules,BAG-RS-L5-073,line-5,rolling-stock,Baghdad six-car composite kits,7,8584,8680,,,
baghdad:BAG-RS-L6-009:rs-20-carbody-bogie,BAG-RS-L6-009,line-6,rolling-stock,Baghdad six-car structural assembly,21,8584,8816,,,
baghdad:BAG-RS-L6-010:rs-20-carbody-bogie,BAG-RS-L6-010,line-6,rolling-stock,Baghdad six-car structural assembly,22,8584,8816,,,
baghdad:BAG-RS-L6-011:rs-20-carbody-bogie,BAG-RS-L6-011,line-6,rolling-stock,Baghdad six-car structural assembly,23,8584,8816,,,
baghdad:BAG-RS-L6-012:rs-20-carbody-bogie,BAG-RS-L6-012,line-6,rolling-stock,Baghdad six-car structural assembly,24,8584,8816,,,
baghdad:BAG-EN-101:en-10-energy-build,BAG-EN-101,line-6,energy,energy crew,1,6040,6120,,,
baghdad:BAG-EN-102:en-10-energy-build,BAG-EN-102,line-6,energy,energy crew,2,6040,6120,,,
baghdad:BAG-RS-L5-008:rs-50-dynamic-commissioning,BAG-RS-L5-008,line-5,rolling-stock,Baghdad trainset acceptance bays,8,8592,8712,1,8600,8619
baghdad:BAG-RS-L5-028:rs-40-fitout-static-test,BAG-RS-L5-028,line-5,rolling-stock,Baghdad six-car fitout and static test,4,8592,8744,,,
baghdad:BAG-RS-L5-062:rs-25-clip-on-body,BAG-RS-L5-062,line-5,rolling-stock,Baghdad six-car body installation,1,8592,8616,,,
baghdad:BAG-RS-L5-074:rs-23-moulded-body-modules,BAG-RS-L5-074,line-5,rolling-stock,Baghdad six-car composite kits,2,8592,8688,,,
baghdad:BAG-SIG-085:wpt-20-install-commission,BAG-SIG-085,line-5,signalling-comms,wayside systems crew,3,5512,5544,,,
baghdad:BAG-SIG-094:wpt-20-install-commission,BAG-SIG-094,line-5,signalling-comms,wayside systems crew,1,6144,6176,,,
baghdad:BAG-ST-094:st-20-mep-passenger-systems,BAG-ST-094,line-5,station,station systems crew,2,6072,6152,,,
baghdad:BAG-ST-101:st-20-mep-passenger-systems,BAG-ST-101,line-6,station,station systems crew,1,6632,6712,,,
baghdad:BAG-WPT-L5-014:wpt-20-install-commission,BAG-WPT-L5-014,line-5,waypoint,wayside systems crew,2,5944,5976,,,
baghdad:BAG-RS-L5-029:rs-40-fitout-static-test,BAG-RS-L5-029,line-5,rolling-stock,Baghdad six-car fitout and static test,5,8600,8752,,,
baghdad:BAG-RS-L5-050:rs-30-traction-battery-control,BAG-RS-L5-050,line-5,rolling-stock,Baghdad six-car electrical integration,15,8600,8792,,,
baghdad:BAG-RS-L5-063:rs-25-clip-on-body,BAG-RS-L5-063,line-5,rolling-stock,Baghdad six-car body installation,2,8600,8624,,,
baghdad:BAG-TRK-L8-002:trk-10-survey-utility,BAG-TRK-L8-002,line-8,track-section,corridor civil crew,2,8600,8632,,,
baghdad:BAG-WPT-L5-016:wpt-10-cabinet-bench,BAG-WPT-L5-016,line-5,waypoint,wayside bench,1,2224,2248,,,
baghdad:BAG-WPT-L5-017:wpt-10-cabinet-bench,BAG-WPT-L5-017,line-5,waypoint,wayside bench,2,2224,2248,,,
baghdad:BAG-RS-L5-009:rs-50-dynamic-commissioning,BAG-RS-L5-009,line-5,rolling-stock,Baghdad trainset acceptance bays,9,8608,8728,0,8616,8635
baghdad:BAG-RS-L5-010:rs-50-dynamic-commissioning,BAG-RS-L5-010,line-5,rolling-stock,Baghdad trainset acceptance bays,10,8608,8728,2,8616,8635
baghdad:BAG-RS-L5-030:rs-40-fitout-static-test,BAG-RS-L5-030,line-5,rolling-stock,Baghdad six-car fitout and static test,15,8608,8760,,,
baghdad:BAG-RS-L5-051:rs-30-traction-battery-control,BAG-RS-L5-051,line-5,rolling-stock,Baghdad six-car electrical integration,16,8608,8800,,,
baghdad:BAG-RS-L6-067:rs-10-material-kit,BAG-RS-L6-067,line-6,rolling-stock,Baghdad trainset kitting,1,8608,8640,,,
baghdad:BAG-RS-L6-068:rs-10-material-kit,BAG-RS-L6-068,line-6,rolling-stock,Baghdad trainset kitting,2,8608,8640,,,
baghdad:BAG-RS-L6-069:rs-10-material-kit,BAG-RS-L6-069,line-6,rolling-stock,Baghdad trainset kitting,3,8608,8640,,,
baghdad:BAG-RS-L6-070:rs-10-material-kit,BAG-RS-L6-070,line-6,rolling-stock,Baghdad trainset kitting,4,8608,8640,,,
baghdad:BAG-WPT-L5-015:wpt-10-cabinet-bench,BAG-WPT-L5-015,line-5,waypoint,wayside bench,3,2200,2224,,,
baghdad:BAG-RS-L5-011:rs-50-dynamic-commissioning,BAG-RS-L5-011,line-5,rolling-stock,Baghdad trainset acceptance bays,11,8616,8736,1,8624,8643
baghdad:BAG-RS-L5-031:rs-40-fitout-static-test,BAG-RS-L5-031,line-5,rolling-stock,Baghdad six-car fitout and static test,6,8616,8768,,,
baghdad:BAG-RS-L5-052:rs-30-traction-battery-control,BAG-RS-L5-052,line-5,rolling-stock,Baghdad six-car electrical integration,17,8616,8808,,,
baghdad:BAG-RS-L5-064:rs-25-clip-on-body,BAG-RS-L5-064,line-5,rolling-stock,Baghdad six-car body installation,1,8616,8640,,,
baghdad:BAG-RS-L5-065:rs-25-clip-on-body,BAG-RS-L5-065,line-5,rolling-stock,Baghdad six-car body installation,3,8616,8640,,,
baghdad:BAG-RS-L5-075:rs-23-moulded-body-modules,BAG-RS-L5-075,line-5,rolling-stock,Baghdad six-car composite kits,3,8616,8712,,,
baghdad:BAG-RS-L5-076:rs-23-moulded-body-modules,BAG-RS-L5-076,line-5,rolling-stock,Baghdad six-car composite kits,8,8616,8712,,,
baghdad:BAG-RS-L5-077:rs-23-moulded-body-modules,BAG-RS-L5-077,line-5,rolling-stock,Baghdad six-car composite kits,9,8616,8712,,,
baghdad:BAG-RS-L6-013:rs-20-carbody-bogie,BAG-RS-L6-013,line-6,rolling-stock,Baghdad six-car structural assembly,25,8616,8848,,,
baghdad:BAG-RS-L6-014:rs-20-carbody-bogie,BAG-RS-L6-014,line-6,rolling-stock,Baghdad six-car structural assembly,26,8616,8848,,,
baghdad:BAG-RS-L5-053:rs-30-traction-battery-control,BAG-RS-L5-053,line-5,rolling-stock,Baghdad six-car electrical integration,18,8624,8816,,,
baghdad:BAG-RS-L5-066:rs-25-clip-on-body,BAG-RS-L5-066,line-5,rolling-stock,Baghdad six-car body installation,2,8624,8648,,,
baghdad:BAG-SIG-089:wpt-20-install-commission,BAG-SIG-089,line-5,signalling-comms,wayside systems crew,3,5760,5792,,,
baghdad:BAG-WPT-L5-016:wpt-20-install-commission,BAG-WPT-L5-016,line-5,waypoint,wayside systems crew,1,6176,6208,,,
baghdad:BAG-WPT-L5-017:wpt-20-install-commission,BAG-WPT-L5-017,line-5,waypoint,wayside systems crew,2,6144,6176,,,
baghdad:BAG-RS-L5-012:rs-50-dynamic-commissioning,BAG-RS-L5-012,line-5,rolling-stock,Baghdad trainset acceptance bays,12,8632,8752,0,8640,8659
baghdad:BAG-RS-L5-032:rs-40-fitout-static-test,BAG-RS-L5-032,line-5,rolling-stock,Baghdad six-car fitout and static test,7,8632,8784,,,
baghdad:BAG-RS-L5-033:rs-40-fitout-static-test,BAG-RS-L5-033,line-5,rolling-stock,Baghdad six-car fitout and static test,8,8632,8784,,,
baghdad:BAG-RS-L5-054:rs-30-traction-battery-control,BAG-RS-L5-054,line-5,rolling-stock,Baghdad six-car electrical integration,19,8632,8824,,,
baghdad:BAG-RS-L5-078:rs-23-moulded-body-modules,BAG-RS-L5-078,line-5,rolling-stock,Baghdad six-car composite kits,4,8632,8728,,,
baghdad:BAG-TRK-L8-001:trk-10-survey-utility,BAG-TRK-L8-001,line-8,track-section,corridor civil crew,1,8600,8632,,,
baghdad:BAG-TRK-L8-002:trk-20-subgrade-drainage,BAG-TRK-L8-002,line-8,track-section,corridor civil crew,2,8632,8776,,,
baghdad:BAG-WPT-L5-018:wpt-10-cabinet-bench,BAG-WPT-L5-018,line-5,waypoint,wayside bench,3,2224,2248,,,
baghdad:BAG-RS-L5-013:rs-50-dynamic-commissioning,BAG-RS-L5-013,line-5,rolling-stock,Baghdad trainset acceptance bays,13,8640,8760,1,8648,8667
baghdad:BAG-RS-L5-034:rs-40-fitout-static-test,BAG-RS-L5-034,line-5,rolling-stock,Baghdad six-car fitout and static test,16,8640,8792,,,
baghdad:BAG-RS-L5-055:rs-30-traction-battery-control,BAG-RS-L5-055,line-5,rolling-stock,Baghdad six-car electrical integration,20,8640,8832,,,
baghdad:BAG-RS-L5-067:rs-25-clip-on-body,BAG-RS-L5-067,line-5,rolling-stock,Baghdad six-car body installation,1,8640,8664,,,
baghdad:BAG-RS-L6-071:rs-10-material-kit,BAG-RS-L6-071,line-6,rolling-stock,Baghdad trainset kitting,1,8640,8672,,,
baghdad:BAG-RS-L6-072:rs-10-material-kit,BAG-RS-L6-072,line-6,rolling-stock,Baghdad trainset kitting,2,8640,8672,,,
baghdad:BAG-RS-L6-073:rs-10-material-kit,BAG-RS-L6-073,line-6,rolling-stock,Baghdad trainset kitting,3,8640,8672,,,
baghdad:BAG-RS-L6-074:rs-10-material-kit,BAG-RS-L6-074,line-6,rolling-stock,Baghdad trainset kitting,4,8640,8672,,,
baghdad:BAG-RS-L5-056:rs-30-traction-battery-control,BAG-RS-L5-056,line-5,rolling-stock,Baghdad six-car electrical integration,21,8648,8840,,,
baghdad:BAG-RS-L5-068:rs-25-clip-on-body,BAG-RS-L5-068,line-5,rolling-stock,Baghdad six-car body installation,2,8648,8672,,,
baghdad:BAG-RS-L5-069:rs-25-clip-on-body,BAG-RS-L5-069,line-5,rolling-stock,Baghdad six-car body installation,3,8648,8672,,,
baghdad:BAG-RS-L5-014:rs-50-dynamic-commissioning,BAG-RS-L5-014,line-5,rolling-stock,Baghdad trainset acceptance bays,1,8656,8776,0,8664,8683
baghdad:BAG-RS-L5-015:rs-50-dynamic-commissioning,BAG-RS-L5-015,line-5,rolling-stock,Baghdad trainset acceptance bays,2,8656,8776,2,8664,8683
baghdad:BAG-RS-L5-035:rs-40-fitout-static-test,BAG-RS-L5-035,line-5,rolling-stock,Baghdad six-car fitout and static test,9,8656,8808,,,
baghdad:BAG-RS-L5-079:rs-23-moulded-body-modules,BAG-RS-L5-079,line-5,rolling-stock,Baghdad six-car composite kits,5,8656,8752,,,
baghdad:BAG-RS-L5-080:rs-23-moulded-body-modules,BAG-RS-L5-080,line-5,rolling-stock,Baghdad six-car composite kits,10,8656,8752,,,
baghdad:BAG-RS-L5-081:rs-23-moulded-body-modules,BAG-RS-L5-081,line-5,rolling-stock,Baghdad six-car composite kits,11,8656,8752,,,
baghdad:BAG-RS-L6-015:rs-20-carbody-bogie,BAG-RS-L6-015,line-6,rolling-stock,Baghdad six-car structural assembly,1,8656,8888,,,
baghdad:BAG-RS-L6-016:rs-20-carbody-bogie,BAG-RS-L6-016,line-6,rolling-stock,Baghdad six-car structural assembly,2,8656,8888,,,
baghdad:BAG-RS-L6-017:rs-20-carbody-bogie,BAG-RS-L6-017,line-6,rolling-stock,Baghdad six-car structural assembly,3,8656,8888,,,
baghdad:BAG-RS-L6-018:rs-20-carbody-bogie,BAG-RS-L6-018,line-6,rolling-stock,Baghdad six-car structural assembly,4,8656,8888,,,
baghdad:BAG-SIG-088:wpt-20-install-commission,BAG-SIG-088,line-5,signalling-comms,wayside systems crew,3,5880,5912,,,
baghdad:BAG-SIG-095:wpt-20-install-commission,BAG-SIG-095,line-5,signalling-comms,wayside systems crew,1,6320,6352,,,
baghdad:BAG-ST-118:st-10-civil-structure,BAG-ST-118,line-7,station,station civil crew,2,7576,7688,,,
baghdad:BAG-ST-124:st-10-civil-structure,BAG-ST-124,line-7,station,station civil crew,1,8024,8136,,,
baghdad:BAG-SW-125:sw-20-install-proof,BAG-SW-125,line-5,switch,track/switch crew,1,5200,5232,,,
baghdad:BAG-TRK-L7-004:trk-30-trackform-rail,BAG-TRK-L7-004,line-7,track-section,track crew,1,7896,7976,,,
baghdad:BAG-WPT-L5-018:wpt-20-install-commission,BAG-WPT-L5-018,line-5,waypoint,wayside systems crew,2,6320,6352,,,
baghdad:BAG-RS-L5-016:rs-50-dynamic-commissioning,BAG-RS-L5-016,line-5,rolling-stock,Baghdad trainset acceptance bays,3,8664,8784,1,8672,8691
baghdad:BAG-RS-L5-070:rs-25-clip-on-body,BAG-RS-L5-070,line-5,rolling-stock,Baghdad six-car body installation,1,8664,8688,,,
baghdad:BAG-TRK-L8-001:trk-20-subgrade-drainage,BAG-TRK-L8-001,line-8,track-section,corridor civil crew,1,8632,8776,,,
baghdad:BAG-EN-101:en-20-energy-commission,BAG-EN-101,line-6,energy,energy crew,1,6120,6160,,,
baghdad:BAG-EN-102:en-20-energy-commission,BAG-EN-102,line-6,energy,energy crew,2,6120,6160,,,
baghdad:BAG-RS-L5-036:rs-40-fitout-static-test,BAG-RS-L5-036,line-5,rolling-stock,Baghdad six-car fitout and static test,10,8672,8824,,,
baghdad:BAG-RS-L5-037:rs-40-fitout-static-test,BAG-RS-L5-037,line-5,rolling-stock,Baghdad six-car fitout and static test,11,8672,8824,,,
baghdad:BAG-RS-L5-057:rs-30-traction-battery-control,BAG-RS-L5-057,line-5,rolling-stock,Baghdad six-car electrical integration,1,8672,8864,,,
baghdad:BAG-RS-L5-058:rs-30-traction-battery-control,BAG-RS-L5-058,line-5,rolling-stock,Baghdad six-car electrical integration,2,8672,8864,,,
baghdad:BAG-RS-L5-059:rs-30-traction-battery-control,BAG-RS-L5-059,line-5,rolling-stock,Baghdad six-car electrical integration,3,8672,8864,,,
baghdad:BAG-RS-L5-071:rs-25-clip-on-body,BAG-RS-L5-071,line-5,rolling-stock,Baghdad six-car body installation,2,8672,8696,,,
baghdad:BAG-RS-L5-082:rs-23-moulded-body-modules,BAG-RS-L5-082,line-5,rolling-stock,Baghdad six-car composite kits,1,8672,8768,,,
baghdad:BAG-RS-L6-075:rs-10-material-kit,BAG-RS-L6-075,line-6,rolling-stock,Baghdad trainset kitting,1,8672,8704,,,
baghdad:BAG-RS-L6-076:rs-10-material-kit,BAG-RS-L6-076,line-6,rolling-stock,Baghdad trainset kitting,2,8672,8704,,,
baghdad:BAG-RS-L6-077:rs-10-material-kit,BAG-RS-L6-077,line-6,rolling-stock,Baghdad trainset kitting,3,8672,8704,,,
baghdad:BAG-RS-L6-078:rs-10-material-kit,BAG-RS-L6-078,line-6,rolling-stock,Baghdad trainset kitting,4,8672,8704,,,
baghdad:BAG-ST-096:st-20-mep-passenger-systems,BAG-ST-096,line-5,station,station systems crew,2,6184,6264,,,
baghdad:BAG-ST-103:st-20-mep-passenger-systems,BAG-ST-103,line-6,station,station systems crew,1,6792,6872,,,
baghdad:BAG-RS-L5-017:rs-50-dynamic-commissioning,BAG-RS-L5-017,line-5,rolling-stock,Baghdad trainset acceptance bays,4,8680,8800,0,8688,8707
baghdad:BAG-RS-L5-038:rs-40-fitout-static-test,BAG-RS-L5-038,line-5,rolling-stock,Baghdad six-car fitout and static test,17,8680,8832,,,
baghdad:BAG-RS-L5-072:rs-25-clip-on-body,BAG-RS-L5-072,line-5,rolling-stock,Baghdad six-car body installation,3,8680,8704,,,
baghdad:BAG-TRK-L7-002:trk-30-trackform-rail,BAG-TRK-L7-002,line-7,track-section,track crew,2,7824,7968,,,
baghdad:BAG-RS-L5-018:rs-50-dynamic-commissioning,BAG-RS-L5-018,line-5,rolling-stock,Baghdad trainset acceptance bays,5,8688,8808,1,8696,8715
baghdad:BAG-RS-L5-019:rs-50-dynamic-commissioning,BAG-RS-L5-019,line-5,rolling-stock,Baghdad trainset acceptance bays,6,8688,8808,2,8696,8715
baghdad:BAG-RS-L5-073:rs-25-clip-on-body,BAG-RS-L5-073,line-5,rolling-stock,Baghdad six-car body installation,1,8688,8712,,,
baghdad:BAG-RS-L5-083:rs-23-moulded-body-modules,BAG-RS-L5-083,line-5,rolling-stock,Baghdad six-car composite kits,2,8688,8784,,,
baghdad:BAG-RS-L5-084:rs-23-moulded-body-modules,BAG-RS-L5-084,line-5,rolling-stock,Baghdad six-car composite kits,6,8688,8784,,,
baghdad:BAG-RS-L5-085:rs-23-moulded-body-modules,BAG-RS-L5-085,line-5,rolling-stock,Baghdad six-car composite kits,7,8688,8784,,,
baghdad:BAG-RS-L6-019:rs-20-carbody-bogie,BAG-RS-L6-019,line-6,rolling-stock,Baghdad six-car structural assembly,5,8688,8920,,,
baghdad:BAG-RS-L6-020:rs-20-carbody-bogie,BAG-RS-L6-020,line-6,rolling-stock,Baghdad six-car structural assembly,6,8688,8920,,,
baghdad:BAG-RS-L6-021:rs-20-carbody-bogie,BAG-RS-L6-021,line-6,rolling-stock,Baghdad six-car structural assembly,7,8688,8920,,,
baghdad:BAG-RS-L6-022:rs-20-carbody-bogie,BAG-RS-L6-022,line-6,rolling-stock,Baghdad six-car structural assembly,8,8688,8920,,,
baghdad:BAG-SIG-097:wpt-20-install-commission,BAG-SIG-097,line-6,signalling-comms,wayside systems crew,1,6496,6528,,,
baghdad:BAG-SIG-098:wpt-20-install-commission,BAG-SIG-098,line-6,signalling-comms,wayside systems crew,2,6496,6528,,,
baghdad:BAG-SW-127:sw-20-install-proof,BAG-SW-127,line-6,switch,track/switch crew,1,6496,6528,,,
baghdad:BAG-WPT-L5-015:wpt-20-install-commission,BAG-WPT-L5-015,line-5,waypoint,wayside systems crew,3,5912,5944,,,
baghdad:BAG-RS-L5-039:rs-40-fitout-static-test,BAG-RS-L5-039,line-5,rolling-stock,Baghdad six-car fitout and static test,12,8696,8848,,,
baghdad:BAG-RS-L5-060:rs-30-traction-battery-control,BAG-RS-L5-060,line-5,rolling-stock,Baghdad six-car electrical integration,4,8696,8888,,,
baghdad:BAG-RS-L5-074:rs-25-clip-on-body,BAG-RS-L5-074,line-5,rolling-stock,Baghdad six-car body installation,2,8696,8720,,,
baghdad:BAG-WPT-L5-019:wpt-10-cabinet-bench,BAG-WPT-L5-019,line-5,waypoint,wayside bench,1,2248,2272,,,
baghdad:BAG-RS-L5-020:rs-50-dynamic-commissioning,BAG-RS-L5-020,line-5,rolling-stock,Baghdad trainset acceptance bays,7,8704,8824,0,8712,8731
baghdad:BAG-RS-L5-040:rs-40-fitout-static-test,BAG-RS-L5-040,line-5,rolling-stock,Baghdad six-car fitout and static test,1,8704,8856,,,
baghdad:BAG-RS-L5-061:rs-30-traction-battery-control,BAG-RS-L5-061,line-5,rolling-stock,Baghdad six-car electrical integration,5,8704,8896,,,
baghdad:BAG-RS-L6-079:rs-10-material-kit,BAG-RS-L6-079,line-6,rolling-stock,Baghdad trainset kitting,1,8704,8736,,,
baghdad:BAG-RS-L6-080:rs-10-material-kit,BAG-RS-L6-080,line-6,rolling-stock,Baghdad trainset kitting,2,8704,8736,,,
baghdad:BAG-RS-L6-081:rs-10-material-kit,BAG-RS-L6-081,line-6,rolling-stock,Baghdad trainset kitting,3,8704,8736,,,
baghdad:BAG-RS-L6-082:rs-10-material-kit,BAG-RS-L6-082,line-6,rolling-stock,Baghdad trainset kitting,4,8704,8736,,,
baghdad:BAG-EN-103:en-10-energy-build,BAG-EN-103,line-6,energy,energy crew,1,6160,6240,,,
baghdad:BAG-EN-104:en-10-energy-build,BAG-EN-104,line-6,energy,energy crew,2,6160,6240,,,
baghdad:BAG-RS-L5-021:rs-50-dynamic-commissioning,BAG-RS-L5-021,line-5,rolling-stock,Baghdad trainset acceptance bays,8,8712,8832,1,8720,8739
baghdad:BAG-RS-L5-041:rs-40-fitout-static-test,BAG-RS-L5-041,line-5,rolling-stock,Baghdad six-car fitout and static test,2,8712,8864,,,
baghdad:BAG-RS-L5-062:rs-30-traction-battery-control,BAG-RS-L5-062,line-5,rolling-stock,Baghdad six-car electrical integration,6,8712,8904,,,
baghdad:BAG-RS-L5-075:rs-25-clip-on-body,BAG-RS-L5-075,line-5,rolling-stock,Baghdad six-car body installation,1,8712,8736,,,
baghdad:BAG-RS-L5-076:rs-25-clip-on-body,BAG-RS-L5-076,line-5,rolling-stock,Baghdad six-car body installation,3,8712,8736,,,
baghdad:BAG-RS-L5-086:rs-23-moulded-body-modules,BAG-RS-L5-086,line-5,rolling-stock,Baghdad six-car composite kits,3,8712,8808,,,
baghdad:BAG-RS-L5-042:rs-40-fitout-static-test,BAG-RS-L5-042,line-5,rolling-stock,Baghdad six-car fitout and static test,13,8720,8872,,,
baghdad:BAG-RS-L5-063:rs-30-traction-battery-control,BAG-RS-L5-063,line-5,rolling-stock,Baghdad six-car electrical integration,7,8720,8912,,,
baghdad:BAG-RS-L5-077:rs-25-clip-on-body,BAG-RS-L5-077,line-5,rolling-stock,Baghdad six-car body installation,2,8720,8744,,,
baghdad:BAG-RS-L5-087:rs-23-moulded-body-modules,BAG-RS-L5-087,line-5,rolling-stock,Baghdad six-car composite kits,8,8720,8816,,,
baghdad:BAG-RS-L5-088:rs-23-moulded-body-modules,BAG-RS-L5-088,line-5,rolling-stock,Baghdad six-car composite kits,9,8720,8816,,,
baghdad:BAG-RS-L6-023:rs-20-carbody-bogie,BAG-RS-L6-023,line-6,rolling-stock,Baghdad six-car structural assembly,9,8720,8952,,,
baghdad:BAG-RS-L6-024:rs-20-carbody-bogie,BAG-RS-L6-024,line-6,rolling-stock,Baghdad six-car structural assembly,10,8720,8952,,,
baghdad:BAG-RS-L6-025:rs-20-carbody-bogie,BAG-RS-L6-025,line-6,rolling-stock,Baghdad six-car structural assembly,11,8720,8952,,,
baghdad:BAG-RS-L6-026:rs-20-carbody-bogie,BAG-RS-L6-026,line-6,rolling-stock,Baghdad six-car structural assembly,12,8720,8952,,,
baghdad:BAG-SIG-093:wpt-20-install-commission,BAG-SIG-093,line-5,signalling-comms,wayside systems crew,3,6160,6192,,,
baghdad:BAG-SIG-096:wpt-20-install-commission,BAG-SIG-096,line-5,signalling-comms,wayside systems crew,1,6568,6600,,,
baghdad:BAG-SW-126:sw-20-install-proof,BAG-SW-126,line-5,switch,track/switch crew,1,6568,6600,,,
baghdad:BAG-WPT-L5-019:wpt-20-install-commission,BAG-WPT-L5-019,line-5,waypoint,wayside systems crew,2,6568,6600,,,
baghdad:BAG-RS-L5-022:rs-50-dynamic-commissioning,BAG-RS-L5-022,line-5,rolling-stock,Baghdad trainset acceptance bays,9,8728,8848,0,8736,8755
baghdad:BAG-RS-L5-023:rs-50-dynamic-commissioning,BAG-RS-L5-023,line-5,rolling-stock,Baghdad trainset acceptance bays,10,8728,8848,2,8736,8755
baghdad:BAG-RS-L5-043:rs-40-fitout-static-test,BAG-RS-L5-043,line-5,rolling-stock,Baghdad six-car fitout and static test,3,8728,8880,,,
baghdad:BAG-RS-L5-064:rs-30-traction-battery-control,BAG-RS-L5-064,line-5,rolling-stock,Baghdad six-car electrical integration,8,8728,8920,,,
baghdad:BAG-RS-L5-089:rs-23-moulded-body-modules,BAG-RS-L5-089,line-5,rolling-stock,Baghdad six-car composite kits,4,8728,8824,,,
baghdad:BAG-RS-L5-024:rs-50-dynamic-commissioning,BAG-RS-L5-024,line-5,rolling-stock,Baghdad trainset acceptance bays,11,8736,8856,1,8744,8763
baghdad:BAG-RS-L5-044:rs-40-fitout-static-test,BAG-RS-L5-044,line-5,rolling-stock,Baghdad six-car fitout and static test,14,8736,8888,,,
baghdad:BAG-RS-L5-065:rs-30-traction-battery-control,BAG-RS-L5-065,line-5,rolling-stock,Baghdad six-car electrical integration,9,8736,8928,,,
baghdad:BAG-RS-L5-078:rs-25-clip-on-body,BAG-RS-L5-078,line-5,rolling-stock,Baghdad six-car body installation,1,8736,8760,,,
baghdad:BAG-RS-L6-083:rs-10-material-kit,BAG-RS-L6-083,line-6,rolling-stock,Baghdad trainset kitting,1,8736,8768,,,
baghdad:BAG-RS-L6-084:rs-10-material-kit,BAG-RS-L6-084,line-6,rolling-stock,Baghdad trainset kitting,2,8736,8768,,,
baghdad:BAG-RS-L6-085:rs-10-material-kit,BAG-RS-L6-085,line-6,rolling-stock,Baghdad trainset kitting,3,8736,8768,,,
baghdad:BAG-RS-L6-086:rs-10-material-kit,BAG-RS-L6-086,line-6,rolling-stock,Baghdad trainset kitting,4,8736,8768,,,
baghdad:BAG-TRK-L7-005:trk-30-trackform-rail,BAG-TRK-L7-005,line-7,track-section,track crew,1,7992,8072,,,
baghdad:BAG-RS-L5-045:rs-40-fitout-static-test,BAG-RS-L5-045,line-5,rolling-stock,Baghdad six-car fitout and static test,4,8744,8896,,,
baghdad:BAG-RS-L5-066:rs-30-traction-battery-control,BAG-RS-L5-066,line-5,rolling-stock,Baghdad six-car electrical integration,10,8744,8936,,,
baghdad:BAG-RS-L5-025:rs-50-dynamic-commissioning,BAG-RS-L5-025,line-5,rolling-stock,Baghdad trainset acceptance bays,12,8752,8872,0,8760,8779
baghdad:BAG-RS-L5-046:rs-40-fitout-static-test,BAG-RS-L5-046,line-5,rolling-stock,Baghdad six-car fitout and static test,5,8752,8904,,,
baghdad:BAG-RS-L5-067:rs-30-traction-battery-control,BAG-RS-L5-067,line-5,rolling-stock,Baghdad six-car electrical integration,11,8752,8944,,,
baghdad:BAG-RS-L5-079:rs-25-clip-on-body,BAG-RS-L5-079,line-5,rolling-stock,Baghdad six-car body installation,2,8752,8776,,,
baghdad:BAG-RS-L5-080:rs-25-clip-on-body,BAG-RS-L5-080,line-5,rolling-stock,Baghdad six-car body installation,3,8752,8776,,,
baghdad:BAG-RS-L5-090:rs-23-moulded-body-modules,BAG-RS-L5-090,line-5,rolling-stock,Baghdad six-car composite kits,5,8752,8848,,,
baghdad:BAG-RS-L6-001:rs-23-moulded-body-modules,BAG-RS-L6-001,line-6,rolling-stock,Baghdad six-car composite kits,10,8752,8848,,,
baghdad:BAG-RS-L6-002:rs-23-moulded-body-modules,BAG-RS-L6-002,line-6,rolling-stock,Baghdad six-car composite kits,11,8752,8848,,,
baghdad:BAG-RS-L6-027:rs-20-carbody-bogie,BAG-RS-L6-027,line-6,rolling-stock,Baghdad six-car structural assembly,13,8752,8984,,,
baghdad:BAG-RS-L6-028:rs-20-carbody-bogie,BAG-RS-L6-028,line-6,rolling-stock,Baghdad six-car structural assembly,14,8752,8984,,,
baghdad:BAG-RS-L6-029:rs-20-carbody-bogie,BAG-RS-L6-029,line-6,rolling-stock,Baghdad six-car structural assembly,15,8752,8984,,,
baghdad:BAG-RS-L6-030:rs-20-carbody-bogie,BAG-RS-L6-030,line-6,rolling-stock,Baghdad six-car structural assembly,16,8752,8984,,,
baghdad:BAG-ST-105:st-20-mep-passenger-systems,BAG-ST-105,line-6,station,station systems crew,1,6904,6984,,,
baghdad:BAG-RS-L5-026:rs-50-dynamic-commissioning,BAG-RS-L5-026,line-5,rolling-stock,Baghdad trainset acceptance bays,13,8760,8880,1,8768,8787
baghdad:BAG-RS-L5-081:rs-25-clip-on-body,BAG-RS-L5-081,line-5,rolling-stock,Baghdad six-car body installation,1,8760,8784,,,
baghdad:BAG-RS-L5-047:rs-40-fitout-static-test,BAG-RS-L5-047,line-5,rolling-stock,Baghdad six-car fitout and static test,6,8768,8920,,,
baghdad:BAG-RS-L5-048:rs-40-fitout-static-test,BAG-RS-L5-048,line-5,rolling-stock,Baghdad six-car fitout and static test,15,8768,8920,,,
baghdad:BAG-RS-L5-068:rs-30-traction-battery-control,BAG-RS-L5-068,line-5,rolling-stock,Baghdad six-car electrical integration,12,8768,8960,,,
baghdad:BAG-RS-L5-069:rs-30-traction-battery-control,BAG-RS-L5-069,line-5,rolling-stock,Baghdad six-car electrical integration,13,8768,8960,,,
baghdad:BAG-RS-L6-003:rs-23-moulded-body-modules,BAG-RS-L6-003,line-6,rolling-stock,Baghdad six-car composite kits,1,8768,8864,,,
baghdad:BAG-RS-L6-087:rs-10-material-kit,BAG-RS-L6-087,line-6,rolling-stock,Baghdad trainset kitting,1,8768,8800,,,
baghdad:BAG-RS-L6-088:rs-10-material-kit,BAG-RS-L6-088,line-6,rolling-stock,Baghdad trainset kitting,2,8768,8800,,,
baghdad:BAG-RS-L6-089:rs-10-material-kit,BAG-RS-L6-089,line-6,rolling-stock,Baghdad trainset kitting,3,8768,8800,,,
baghdad:BAG-RS-L6-090:rs-10-material-kit,BAG-RS-L6-090,line-6,rolling-stock,Baghdad trainset kitting,4,8768,8800,,,
baghdad:BAG-ST-120:st-10-civil-structure,BAG-ST-120,line-7,station,station civil crew,2,7688,7800,,,
baghdad:BAG-ST-126:st-10-civil-structure,BAG-ST-126,line-7,station,station civil crew,1,8144,8256,,,
baghdad:BAG-RS-L5-027:rs-50-dynamic-commissioning,BAG-RS-L5-027,line-5,rolling-stock,Baghdad trainset acceptance bays,1,8776,8896,0,8784,8803
baghdad:BAG-RS-L5-028:rs-50-dynamic-commissioning,BAG-RS-L5-028,line-5,rolling-stock,Baghdad trainset acceptance bays,2,8776,8896,2,8784,8803
baghdad:BAG-RS-L5-070:rs-30-traction-battery-control,BAG-RS-L5-070,line-5,rolling-stock,Baghdad six-car electrical integration,14,8776,8968,,,
baghdad:BAG-RS-L5-082:rs-25-clip-on-body,BAG-RS-L5-082,line-5,rolling-stock,Baghdad six-car body installation,2,8776,8800,,,
baghdad:BAG-TRK-L8-004:trk-10-survey-utility,BAG-TRK-L8-004,line-8,track-section,corridor civil crew,2,8776,8808,,,
baghdad:BAG-RS-L5-029:rs-50-dynamic-commissioning,BAG-RS-L5-029,line-5,rolling-stock,Baghdad trainset acceptance bays,3,8784,8904,1,8792,8811
baghdad:BAG-RS-L5-049:rs-40-fitout-static-test,BAG-RS-L5-049,line-5,rolling-stock,Baghdad six-car fitout and static test,7,8784,8936,,,
baghdad:BAG-RS-L5-083:rs-25-clip-on-body,BAG-RS-L5-083,line-5,rolling-stock,Baghdad six-car body installation,1,8784,8808,,,
baghdad:BAG-RS-L5-084:rs-25-clip-on-body,BAG-RS-L5-084,line-5,rolling-stock,Baghdad six-car body installation,3,8784,8808,,,
baghdad:BAG-RS-L6-004:rs-23-moulded-body-modules,BAG-RS-L6-004,line-6,rolling-stock,Baghdad six-car composite kits,2,8784,8880,,,
baghdad:BAG-RS-L6-005:rs-23-moulded-body-modules,BAG-RS-L6-005,line-6,rolling-stock,Baghdad six-car composite kits,6,8784,8880,,,
baghdad:BAG-RS-L6-006:rs-23-moulded-body-modules,BAG-RS-L6-006,line-6,rolling-stock,Baghdad six-car composite kits,7,8784,8880,,,
baghdad:BAG-RS-L6-031:rs-20-carbody-bogie,BAG-RS-L6-031,line-6,rolling-stock,Baghdad six-car structural assembly,17,8784,9016,,,
baghdad:BAG-RS-L6-032:rs-20-carbody-bogie,BAG-RS-L6-032,line-6,rolling-stock,Baghdad six-car structural assembly,18,8784,9016,,,
baghdad:BAG-RS-L6-033:rs-20-carbody-bogie,BAG-RS-L6-033,line-6,rolling-stock,Baghdad six-car structural assembly,19,8784,9016,,,
baghdad:BAG-RS-L6-034:rs-20-carbody-bogie,BAG-RS-L6-034,line-6,rolling-stock,Baghdad six-car structural assembly,20,8784,9016,,,
baghdad:BAG-EN-103:en-20-energy-commission,BAG-EN-103,line-6,energy,energy crew,1,6240,6280,,,
baghdad:BAG-EN-104:en-20-energy-commission,BAG-EN-104,line-6,energy,energy crew,2,6240,6280,,,
baghdad:BAG-RS-L5-050:rs-40-fitout-static-test,BAG-RS-L5-050,line-5,rolling-stock,Baghdad six-car fitout and static test,8,8792,8944,,,
baghdad:BAG-RS-L5-071:rs-30-traction-battery-control,BAG-RS-L5-071,line-5,rolling-stock,Baghdad six-car electrical integration,15,8792,8984,,,
baghdad:BAG-RS-L5-030:rs-50-dynamic-commissioning,BAG-RS-L5-030,line-5,rolling-stock,Baghdad trainset acceptance bays,4,8800,8920,0,8808,8827
baghdad:BAG-RS-L5-051:rs-40-fitout-static-test,BAG-RS-L5-051,line-5,rolling-stock,Baghdad six-car fitout and static test,16,8800,8952,,,
baghdad:BAG-RS-L5-072:rs-30-traction-battery-control,BAG-RS-L5-072,line-5,rolling-stock,Baghdad six-car electrical integration,16,8800,8992,,,
baghdad:BAG-RS-L5-085:rs-25-clip-on-body,BAG-RS-L5-085,line-5,rolling-stock,Baghdad six-car body installation,2,8800,8824,,,
baghdad:BAG-RS-L6-091:rs-10-material-kit,BAG-RS-L6-091,line-6,rolling-stock,Baghdad trainset kitting,1,8800,8832,,,
baghdad:BAG-RS-L6-092:rs-10-material-kit,BAG-RS-L6-092,line-6,rolling-stock,Baghdad trainset kitting,2,8800,8832,,,
baghdad:BAG-RS-L6-093:rs-10-material-kit,BAG-RS-L6-093,line-6,rolling-stock,Baghdad trainset kitting,3,8800,8832,,,
baghdad:BAG-RS-L6-094:rs-10-material-kit,BAG-RS-L6-094,line-6,rolling-stock,Baghdad trainset kitting,4,8800,8832,,,
baghdad:BAG-RS-L5-031:rs-50-dynamic-commissioning,BAG-RS-L5-031,line-5,rolling-stock,Baghdad trainset acceptance bays,5,8808,8928,1,8816,8835
baghdad:BAG-RS-L5-032:rs-50-dynamic-commissioning,BAG-RS-L5-032,line-5,rolling-stock,Baghdad trainset acceptance bays,6,8808,8928,2,8816,8835
baghdad:BAG-RS-L5-052:rs-40-fitout-static-test,BAG-RS-L5-052,line-5,rolling-stock,Baghdad six-car fitout and static test,9,8808,8960,,,
baghdad:BAG-RS-L5-073:rs-30-traction-battery-control,BAG-RS-L5-073,line-5,rolling-stock,Baghdad six-car electrical integration,17,8808,9000,,,
baghdad:BAG-RS-L5-086:rs-25-clip-on-body,BAG-RS-L5-086,line-5,rolling-stock,Baghdad six-car body installation,1,8808,8832,,,
baghdad:BAG-RS-L6-007:rs-23-moulded-body-modules,BAG-RS-L6-007,line-6,rolling-stock,Baghdad six-car composite kits,3,8808,8904,,,
baghdad:BAG-TRK-L8-003:trk-10-survey-utility,BAG-TRK-L8-003,line-8,track-section,corridor civil crew,1,8776,8808,,,
baghdad:BAG-TRK-L8-004:trk-20-subgrade-drainage,BAG-TRK-L8-004,line-8,track-section,corridor civil crew,2,8808,8952,,,
baghdad:BAG-RS-L5-074:rs-30-traction-battery-control,BAG-RS-L5-074,line-5,rolling-stock,Baghdad six-car electrical integration,18,8816,9008,,,
baghdad:BAG-RS-L5-087:rs-25-clip-on-body,BAG-RS-L5-087,line-5,rolling-stock,Baghdad six-car body installation,3,8816,8840,,,
baghdad:BAG-RS-L6-008:rs-23-moulded-body-modules,BAG-RS-L6-008,line-6,rolling-stock,Baghdad six-car composite kits,8,8816,8912,,,
baghdad:BAG-RS-L6-009:rs-23-moulded-body-modules,BAG-RS-L6-009,line-6,rolling-stock,Baghdad six-car composite kits,9,8816,8912,,,
baghdad:BAG-RS-L6-035:rs-20-carbody-bogie,BAG-RS-L6-035,line-6,rolling-stock,Baghdad six-car structural assembly,21,8816,9048,,,
baghdad:BAG-RS-L6-036:rs-20-carbody-bogie,BAG-RS-L6-036,line-6,rolling-stock,Baghdad six-car structural assembly,22,8816,9048,,,
baghdad:BAG-RS-L6-037:rs-20-carbody-bogie,BAG-RS-L6-037,line-6,rolling-stock,Baghdad six-car structural assembly,23,8816,9048,,,
baghdad:BAG-RS-L6-038:rs-20-carbody-bogie,BAG-RS-L6-038,line-6,rolling-stock,Baghdad six-car structural assembly,24,8816,9048,,,
baghdad:BAG-TRK-L7-007:trk-30-trackform-rail,BAG-TRK-L7-007,line-7,track-section,track crew,1,8112,8200,,,
baghdad:BAG-RS-L5-033:rs-50-dynamic-commissioning,BAG-RS-L5-033,line-5,rolling-stock,Baghdad trainset acceptance bays,7,8824,8944,0,8832,8851
baghdad:BAG-RS-L5-053:rs-40-fitout-static-test,BAG-RS-L5-053,line-5,rolling-stock,Baghdad six-car fitout and static test,10,8824,8976,,,
baghdad:BAG-RS-L5-054:rs-40-fitout-static-test,BAG-RS-L5-054,line-5,rolling-stock,Baghdad six-car fitout and static test,11,8824,8976,,,
baghdad:BAG-RS-L5-075:rs-30-traction-battery-control,BAG-RS-L5-075,line-5,rolling-stock,Baghdad six-car electrical integration,19,8824,9016,,,
baghdad:BAG-RS-L5-088:rs-25-clip-on-body,BAG-RS-L5-088,line-5,rolling-stock,Baghdad six-car body installation,2,8824,8848,,,
baghdad:BAG-RS-L6-010:rs-23-moulded-body-modules,BAG-RS-L6-010,line-6,rolling-stock,Baghdad six-car composite kits,4,8824,8920,,,
baghdad:BAG-TRK-L7-003:trk-30-trackform-rail,BAG-TRK-L7-003,line-7,track-section,track crew,2,8000,8232,,,
baghdad:BAG-EN-105:en-10-energy-build,BAG-EN-105,line-6,energy,energy crew,1,6280,6360,,,
baghdad:BAG-EN-106:en-10-energy-build,BAG-EN-106,line-7,energy,energy crew,2,6280,6360,,,
baghdad:BAG-RS-L5-034:rs-50-dynamic-commissioning,BAG-RS-L5-034,line-5,rolling-stock,Baghdad trainset acceptance bays,8,8832,8952,1,8840,8859
baghdad:BAG-RS-L5-055:rs-40-fitout-static-test,BAG-RS-L5-055,line-5,rolling-stock,Baghdad six-car fitout and static test,17,8832,8984,,,
baghdad:BAG-RS-L5-076:rs-30-traction-battery-control,BAG-RS-L5-076,line-5,rolling-stock,Baghdad six-car electrical integration,20,8832,9024,,,
baghdad:BAG-RS-L5-089:rs-25-clip-on-body,BAG-RS-L5-089,line-5,rolling-stock,Baghdad six-car body installation,1,8832,8856,,,
baghdad:BAG-RS-L6-095:rs-10-material-kit,BAG-RS-L6-095,line-6,rolling-stock,Baghdad trainset kitting,1,8832,8864,,,
baghdad:BAG-RS-L6-096:rs-10-material-kit,BAG-RS-L6-096,line-6,rolling-stock,Baghdad trainset kitting,2,8832,8864,,,
baghdad:BAG-RS-L6-097:rs-10-material-kit,BAG-RS-L6-097,line-6,rolling-stock,Baghdad trainset kitting,3,8832,8864,,,
baghdad:BAG-RS-L6-098:rs-10-material-kit,BAG-RS-L6-098,line-6,rolling-stock,Baghdad trainset kitting,4,8832,8864,,,
baghdad:BAG-ST-107:st-20-mep-passenger-systems,BAG-ST-107,line-6,station,station systems crew,1,7024,7104,,,
baghdad:BAG-RS-L5-077:rs-30-traction-battery-control,BAG-RS-L5-077,line-5,rolling-stock,Baghdad six-car electrical integration,21,8840,9032,,,
baghdad:BAG-TRK-L8-003:trk-20-subgrade-drainage,BAG-TRK-L8-003,line-8,track-section,corridor civil crew,1,8808,8952,,,
baghdad:BAG-RS-L5-035:rs-50-dynamic-commissioning,BAG-RS-L5-035,line-5,rolling-stock,Baghdad trainset acceptance bays,9,8848,8968,0,8856,8875
baghdad:BAG-RS-L5-036:rs-50-dynamic-commissioning,BAG-RS-L5-036,line-5,rolling-stock,Baghdad trainset acceptance bays,10,8848,8968,2,8856,8875
baghdad:BAG-RS-L5-056:rs-40-fitout-static-test,BAG-RS-L5-056,line-5,rolling-stock,Baghdad six-car fitout and static test,12,8848,9000,,,
baghdad:BAG-RS-L5-090:rs-25-clip-on-body,BAG-RS-L5-090,line-5,rolling-stock,Baghdad six-car body installation,2,8848,8872,,,
baghdad:BAG-RS-L6-001:rs-25-clip-on-body,BAG-RS-L6-001,line-6,rolling-stock,Baghdad six-car body installation,3,8848,8872,,,
baghdad:BAG-RS-L6-011:rs-23-moulded-body-modules,BAG-RS-L6-011,line-6,rolling-stock,Baghdad six-car composite kits,5,8848,8944,,,
baghdad:BAG-RS-L6-012:rs-23-moulded-body-modules,BAG-RS-L6-012,line-6,rolling-stock,Baghdad six-car composite kits,10,8848,8944,,,
baghdad:BAG-RS-L6-013:rs-23-moulded-body-modules,BAG-RS-L6-013,line-6,rolling-stock,Baghdad six-car composite kits,11,8848,8944,,,
baghdad:BAG-RS-L6-039:rs-20-carbody-bogie,BAG-RS-L6-039,line-6,rolling-stock,Baghdad six-car structural assembly,25,8848,9080,,,
baghdad:BAG-RS-L6-040:rs-20-carbody-bogie,BAG-RS-L6-040,line-6,rolling-stock,Baghdad six-car structural assembly,26,8848,9080,,,
baghdad:BAG-RS-L5-037:rs-50-dynamic-commissioning,BAG-RS-L5-037,line-5,rolling-stock,Baghdad trainset acceptance bays,11,8856,8976,1,8864,8883
baghdad:BAG-RS-L6-002:rs-25-clip-on-body,BAG-RS-L6-002,line-6,rolling-stock,Baghdad six-car body installation,1,8856,8880,,,
baghdad:BAG-RS-L5-057:rs-40-fitout-static-test,BAG-RS-L5-057,line-5,rolling-stock,Baghdad six-car fitout and static test,1,8864,9016,,,
baghdad:BAG-RS-L5-058:rs-40-fitout-static-test,BAG-RS-L5-058,line-5,rolling-stock,Baghdad six-car fitout and static test,2,8864,9016,,,
baghdad:BAG-RS-L5-078:rs-30-traction-battery-control,BAG-RS-L5-078,line-5,rolling-stock,Baghdad six-car electrical integration,1,8864,9056,,,
baghdad:BAG-RS-L5-079:rs-30-traction-battery-control,BAG-RS-L5-079,line-5,rolling-stock,Baghdad six-car electrical integration,2,8864,9056,,,
baghdad:BAG-RS-L5-080:rs-30-traction-battery-control,BAG-RS-L5-080,line-5,rolling-stock,Baghdad six-car electrical integration,3,8864,9056,,,
baghdad:BAG-RS-L6-014:rs-23-moulded-body-modules,BAG-RS-L6-014,line-6,rolling-stock,Baghdad six-car composite kits,1,8864,8960,,,
baghdad:BAG-RS-L6-099:rs-10-material-kit,BAG-RS-L6-099,line-6,rolling-stock,Baghdad trainset kitting,1,8864,8896,,,
baghdad:BAG-RS-L6-100:rs-10-material-kit,BAG-RS-L6-100,line-6,rolling-stock,Baghdad trainset kitting,2,8864,8896,,,
baghdad:BAG-RS-L6-101:rs-10-material-kit,BAG-RS-L6-101,line-6,rolling-stock,Baghdad trainset kitting,3,8864,8896,,,
baghdad:BAG-RS-L6-102:rs-10-material-kit,BAG-RS-L6-102,line-6,rolling-stock,Baghdad trainset kitting,4,8864,8896,,,
baghdad:BAG-RS-L5-038:rs-50-dynamic-commissioning,BAG-RS-L5-038,line-5,rolling-stock,Baghdad trainset acceptance bays,12,8872,8992,0,8880,8899
baghdad:BAG-RS-L5-059:rs-40-fitout-static-test,BAG-RS-L5-059,line-5,rolling-stock,Baghdad six-car fitout and static test,13,8872,9024,,,
baghdad:BAG-RS-L6-003:rs-25-clip-on-body,BAG-RS-L6-003,line-6,rolling-stock,Baghdad six-car body installation,2,8872,8896,,,
baghdad:BAG-RS-L5-039:rs-50-dynamic-commissioning,BAG-RS-L5-039,line-5,rolling-stock,Baghdad trainset acceptance bays,13,8880,9000,1,8888,8907
baghdad:BAG-RS-L6-004:rs-25-clip-on-body,BAG-RS-L6-004,line-6,rolling-stock,Baghdad six-car body installation,1,8880,8904,,,
baghdad:BAG-RS-L6-005:rs-25-clip-on-body,BAG-RS-L6-005,line-6,rolling-stock,Baghdad six-car body installation,3,8880,8904,,,
baghdad:BAG-ST-122:st-10-civil-structure,BAG-ST-122,line-7,station,station civil crew,2,7816,7928,,,
baghdad:BAG-ST-128:st-10-civil-structure,BAG-ST-128,line-7,station,station civil crew,1,8272,8384,,,
baghdad:BAG-RS-L5-060:rs-40-fitout-static-test,BAG-RS-L5-060,line-5,rolling-stock,Baghdad six-car fitout and static test,3,8888,9040,,,
baghdad:BAG-RS-L5-081:rs-30-traction-battery-control,BAG-RS-L5-081,line-5,rolling-stock,Baghdad six-car electrical integration,4,8888,9080,,,
baghdad:BAG-RS-L6-015:rs-23-moulded-body-modules,BAG-RS-L6-015,line-6,rolling-stock,Baghdad six-car composite kits,2,8888,8984,,,
baghdad:BAG-RS-L6-016:rs-23-moulded-body-modules,BAG-RS-L6-016,line-6,rolling-stock,Baghdad six-car composite kits,6,8888,8984,,,
baghdad:BAG-RS-L6-017:rs-23-moulded-body-modules,BAG-RS-L6-017,line-6,rolling-stock,Baghdad six-car composite kits,7,8888,8984,,,
baghdad:BAG-RS-L6-041:rs-20-carbody-bogie,BAG-RS-L6-041,line-6,rolling-stock,Baghdad six-car structural assembly,1,8888,9120,,,
baghdad:BAG-RS-L6-042:rs-20-carbody-bogie,BAG-RS-L6-042,line-6,rolling-stock,Baghdad six-car structural assembly,2,8888,9120,,,
baghdad:BAG-RS-L6-043:rs-20-carbody-bogie,BAG-RS-L6-043,line-6,rolling-stock,Baghdad six-car structural assembly,3,8888,9120,,,
baghdad:BAG-RS-L6-044:rs-20-carbody-bogie,BAG-RS-L6-044,line-6,rolling-stock,Baghdad six-car structural assembly,4,8888,9120,,,
baghdad:BAG-RS-L5-040:rs-50-dynamic-commissioning,BAG-RS-L5-040,line-5,rolling-stock,Baghdad trainset acceptance bays,1,8896,9016,0,8904,8923
baghdad:BAG-RS-L5-041:rs-50-dynamic-commissioning,BAG-RS-L5-041,line-5,rolling-stock,Baghdad trainset acceptance bays,2,8896,9016,2,8904,8923
baghdad:BAG-RS-L5-061:rs-40-fitout-static-test,BAG-RS-L5-061,line-5,rolling-stock,Baghdad six-car fitout and static test,4,8896,9048,,,
baghdad:BAG-RS-L5-082:rs-30-traction-battery-control,BAG-RS-L5-082,line-5,rolling-stock,Baghdad six-car electrical integration,5,8896,9088,,,
baghdad:BAG-RS-L6-006:rs-25-clip-on-body,BAG-RS-L6-006,line-6,rolling-stock,Baghdad six-car body installation,2,8896,8920,,,
baghdad:BAG-RS-L6-103:rs-10-material-kit,BAG-RS-L6-103,line-6,rolling-stock,Baghdad trainset kitting,1,8896,8928,,,
baghdad:BAG-RS-L6-104:rs-10-material-kit,BAG-RS-L6-104,line-6,rolling-stock,Baghdad trainset kitting,2,8896,8928,,,
baghdad:BAG-RS-L7-001:rs-10-material-kit,BAG-RS-L7-001,line-7,rolling-stock,Baghdad trainset kitting,3,8896,8928,,,
baghdad:BAG-RS-L7-002:rs-10-material-kit,BAG-RS-L7-002,line-7,rolling-stock,Baghdad trainset kitting,4,8896,8928,,,
baghdad:BAG-RS-L5-042:rs-50-dynamic-commissioning,BAG-RS-L5-042,line-5,rolling-stock,Baghdad trainset acceptance bays,3,8904,9024,1,8912,8931
baghdad:BAG-RS-L5-062:rs-40-fitout-static-test,BAG-RS-L5-062,line-5,rolling-stock,Baghdad six-car fitout and static test,5,8904,9056,,,
baghdad:BAG-RS-L5-083:rs-30-traction-battery-control,BAG-RS-L5-083,line-5,rolling-stock,Baghdad six-car electrical integration,6,8904,9096,,,
baghdad:BAG-RS-L6-007:rs-25-clip-on-body,BAG-RS-L6-007,line-6,rolling-stock,Baghdad six-car body installation,1,8904,8928,,,
baghdad:BAG-RS-L6-018:rs-23-moulded-body-modules,BAG-RS-L6-018,line-6,rolling-stock,Baghdad six-car composite kits,3,8904,9000,,,
baghdad:BAG-TRK-L7-006:trk-30-trackform-rail,BAG-TRK-L7-006,line-7,track-section,track crew,1,8200,8344,,,
baghdad:BAG-EN-105:en-20-energy-commission,BAG-EN-105,line-6,energy,energy crew,1,6360,6400,,,
baghdad:BAG-EN-106:en-20-energy-commission,BAG-EN-106,line-7,energy,energy crew,2,6360,6400,,,
baghdad:BAG-RS-L5-063:rs-40-fitout-static-test,BAG-RS-L5-063,line-5,rolling-stock,Baghdad six-car fitout and static test,14,8912,9064,,,
baghdad:BAG-RS-L5-084:rs-30-traction-battery-control,BAG-RS-L5-084,line-5,rolling-stock,Baghdad six-car electrical integration,7,8912,9104,,,
baghdad:BAG-RS-L6-008:rs-25-clip-on-body,BAG-RS-L6-008,line-6,rolling-stock,Baghdad six-car body installation,3,8912,8936,,,
baghdad:BAG-ST-098:st-20-mep-passenger-systems,BAG-ST-098,line-6,station,station systems crew,2,6320,6400,,,
baghdad:BAG-ST-109:st-20-mep-passenger-systems,BAG-ST-109,line-6,station,station systems crew,1,7136,7216,,,
baghdad:BAG-RS-L5-043:rs-50-dynamic-commissioning,BAG-RS-L5-043,line-5,rolling-stock,Baghdad trainset acceptance bays,4,8920,9040,0,8928,8947
baghdad:BAG-RS-L5-064:rs-40-fitout-static-test,BAG-RS-L5-064,line-5,rolling-stock,Baghdad six-car fitout and static test,6,8920,9072,,,
baghdad:BAG-RS-L5-085:rs-30-traction-battery-control,BAG-RS-L5-085,line-5,rolling-stock,Baghdad six-car electrical integration,8,8920,9112,,,
baghdad:BAG-RS-L6-009:rs-25-clip-on-body,BAG-RS-L6-009,line-6,rolling-stock,Baghdad six-car body installation,2,8920,8944,,,
baghdad:BAG-RS-L6-019:rs-23-moulded-body-modules,BAG-RS-L6-019,line-6,rolling-stock,Baghdad six-car composite kits,4,8920,9016,,,
baghdad:BAG-RS-L6-020:rs-23-moulded-body-modules,BAG-RS-L6-020,line-6,rolling-stock,Baghdad six-car composite kits,8,8920,9016,,,
baghdad:BAG-RS-L6-021:rs-23-moulded-body-modules,BAG-RS-L6-021,line-6,rolling-stock,Baghdad six-car composite kits,9,8920,9016,,,
baghdad:BAG-RS-L6-045:rs-20-carbody-bogie,BAG-RS-L6-045,line-6,rolling-stock,Baghdad six-car structural assembly,5,8920,9152,,,
baghdad:BAG-RS-L6-046:rs-20-carbody-bogie,BAG-RS-L6-046,line-6,rolling-stock,Baghdad six-car structural assembly,6,8920,9152,,,
baghdad:BAG-RS-L6-047:rs-20-carbody-bogie,BAG-RS-L6-047,line-6,rolling-stock,Baghdad six-car structural assembly,7,8920,9152,,,
baghdad:BAG-RS-L6-048:rs-20-carbody-bogie,BAG-RS-L6-048,line-6,rolling-stock,Baghdad six-car structural assembly,8,8920,9152,,,
baghdad:BAG-RS-L5-044:rs-50-dynamic-commissioning,BAG-RS-L5-044,line-5,rolling-stock,Baghdad trainset acceptance bays,5,8928,9048,1,8936,8955
baghdad:BAG-RS-L5-045:rs-50-dynamic-commissioning,BAG-RS-L5-045,line-5,rolling-stock,Baghdad trainset acceptance bays,6,8928,9048,2,8936,8955
baghdad:BAG-RS-L5-065:rs-40-fitout-static-test,BAG-RS-L5-065,line-5,rolling-stock,Baghdad six-car fitout and static test,15,8928,9080,,,
baghdad:BAG-RS-L5-086:rs-30-traction-battery-control,BAG-RS-L5-086,line-5,rolling-stock,Baghdad six-car electrical integration,9,8928,9120,,,
baghdad:BAG-RS-L6-010:rs-25-clip-on-body,BAG-RS-L6-010,line-6,rolling-stock,Baghdad six-car body installation,1,8928,8952,,,
baghdad:BAG-RS-L7-003:rs-10-material-kit,BAG-RS-L7-003,line-7,rolling-stock,Baghdad trainset kitting,1,8928,8960,,,
baghdad:BAG-RS-L7-004:rs-10-material-kit,BAG-RS-L7-004,line-7,rolling-stock,Baghdad trainset kitting,2,8928,8960,,,
baghdad:BAG-RS-L7-005:rs-10-material-kit,BAG-RS-L7-005,line-7,rolling-stock,Baghdad trainset kitting,3,8928,8960,,,
baghdad:BAG-RS-L7-006:rs-10-material-kit,BAG-RS-L7-006,line-7,rolling-stock,Baghdad trainset kitting,4,8928,8960,,,
baghdad:BAG-RS-L5-066:rs-40-fitout-static-test,BAG-RS-L5-066,line-5,rolling-stock,Baghdad six-car fitout and static test,7,8936,9088,,,
baghdad:BAG-RS-L5-087:rs-30-traction-battery-control,BAG-RS-L5-087,line-5,rolling-stock,Baghdad six-car electrical integration,10,8936,9128,,,
baghdad:BAG-RS-L5-046:rs-50-dynamic-commissioning,BAG-RS-L5-046,line-5,rolling-stock,Baghdad trainset acceptance bays,7,8944,9064,0,8952,8971
baghdad:BAG-RS-L5-067:rs-40-fitout-static-test,BAG-RS-L5-067,line-5,rolling-stock,Baghdad six-car fitout and static test,8,8944,9096,,,
baghdad:BAG-RS-L5-088:rs-30-traction-battery-control,BAG-RS-L5-088,line-5,rolling-stock,Baghdad six-car electrical integration,11,8944,9136,,,
baghdad:BAG-RS-L6-011:rs-25-clip-on-body,BAG-RS-L6-011,line-6,rolling-stock,Baghdad six-car body installation,2,8944,8968,,,
baghdad:BAG-RS-L6-012:rs-25-clip-on-body,BAG-RS-L6-012,line-6,rolling-stock,Baghdad six-car body installation,3,8944,8968,,,
baghdad:BAG-RS-L6-022:rs-23-moulded-body-modules,BAG-RS-L6-022,line-6,rolling-stock,Baghdad six-car composite kits,5,8944,9040,,,
baghdad:BAG-EN-107:en-10-energy-build,BAG-EN-107,line-7,energy,energy crew,1,6400,6480,,,
baghdad:BAG-EN-108:en-10-energy-build,BAG-EN-108,line-7,energy,energy crew,2,6400,6480,,,
baghdad:BAG-RS-L5-047:rs-50-dynamic-commissioning,BAG-RS-L5-047,line-5,rolling-stock,Baghdad trainset acceptance bays,8,8952,9072,1,8960,8979
baghdad:BAG-RS-L6-013:rs-25-clip-on-body,BAG-RS-L6-013,line-6,rolling-stock,Baghdad six-car body installation,1,8952,8976,,,
baghdad:BAG-RS-L6-023:rs-23-moulded-body-modules,BAG-RS-L6-023,line-6,rolling-stock,Baghdad six-car composite kits,10,8952,9048,,,
baghdad:BAG-RS-L6-024:rs-23-moulded-body-modules,BAG-RS-L6-024,line-6,rolling-stock,Baghdad six-car composite kits,11,8952,9048,,,
baghdad:BAG-RS-L6-049:rs-20-carbody-bogie,BAG-RS-L6-049,line-6,rolling-stock,Baghdad six-car structural assembly,9,8952,9184,,,
baghdad:BAG-RS-L6-050:rs-20-carbody-bogie,BAG-RS-L6-050,line-6,rolling-stock,Baghdad six-car structural assembly,10,8952,9184,,,
baghdad:BAG-RS-L6-051:rs-20-carbody-bogie,BAG-RS-L6-051,line-6,rolling-stock,Baghdad six-car structural assembly,11,8952,9184,,,
baghdad:BAG-RS-L6-052:rs-20-carbody-bogie,BAG-RS-L6-052,line-6,rolling-stock,Baghdad six-car structural assembly,12,8952,9184,,,
baghdad:BAG-TRK-L8-006:trk-10-survey-utility,BAG-TRK-L8-006,line-8,track-section,corridor civil crew,2,8952,8984,,,
baghdad:BAG-RS-L5-068:rs-40-fitout-static-test,BAG-RS-L5-068,line-5,rolling-stock,Baghdad six-car fitout and static test,9,8960,9112,,,
baghdad:BAG-RS-L5-069:rs-40-fitout-static-test,BAG-RS-L5-069,line-5,rolling-stock,Baghdad six-car fitout and static test,16,8960,9112,,,
baghdad:BAG-RS-L5-089:rs-30-traction-battery-control,BAG-RS-L5-089,line-5,rolling-stock,Baghdad six-car electrical integration,12,8960,9152,,,
baghdad:BAG-RS-L5-090:rs-30-traction-battery-control,BAG-RS-L5-090,line-5,rolling-stock,Baghdad six-car electrical integration,13,8960,9152,,,
baghdad:BAG-RS-L6-025:rs-23-moulded-body-modules,BAG-RS-L6-025,line-6,rolling-stock,Baghdad six-car composite kits,1,8960,9056,,,
baghdad:BAG-RS-L7-007:rs-10-material-kit,BAG-RS-L7-007,line-7,rolling-stock,Baghdad trainset kitting,1,8960,8992,,,
baghdad:BAG-RS-L7-008:rs-10-material-kit,BAG-RS-L7-008,line-7,rolling-stock,Baghdad trainset kitting,2,8960,8992,,,
baghdad:BAG-RS-L7-009:rs-10-material-kit,BAG-RS-L7-009,line-7,rolling-stock,Baghdad trainset kitting,3,8960,8992,,,
baghdad:BAG-RS-L7-010:rs-10-material-kit,BAG-RS-L7-010,line-7,rolling-stock,Baghdad trainset kitting,4,8960,8992,,,
baghdad:BAG-RS-L5-048:rs-50-dynamic-commissioning,BAG-RS-L5-048,line-5,rolling-stock,Baghdad trainset acceptance bays,9,8968,9088,0,8976,8995
baghdad:BAG-RS-L5-049:rs-50-dynamic-commissioning,BAG-RS-L5-049,line-5,rolling-stock,Baghdad trainset acceptance bays,10,8968,9088,2,8976,8995
baghdad:BAG-RS-L6-001:rs-30-traction-battery-control,BAG-RS-L6-001,line-6,rolling-stock,Baghdad six-car electrical integration,14,8968,9160,,,
baghdad:BAG-RS-L6-014:rs-25-clip-on-body,BAG-RS-L6-014,line-6,rolling-stock,Baghdad six-car body installation,2,8968,8992,,,
baghdad:BAG-RS-L5-050:rs-50-dynamic-commissioning,BAG-RS-L5-050,line-5,rolling-stock,Baghdad trainset acceptance bays,11,8976,9096,1,8984,9003
baghdad:BAG-RS-L5-070:rs-40-fitout-static-test,BAG-RS-L5-070,line-5,rolling-stock,Baghdad six-car fitout and static test,10,8976,9128,,,
baghdad:BAG-RS-L5-071:rs-40-fitout-static-test,BAG-RS-L5-071,line-5,rolling-stock,Baghdad six-car fitout and static test,11,8984,9136,,,
baghdad:BAG-RS-L6-002:rs-30-traction-battery-control,BAG-RS-L6-002,line-6,rolling-stock,Baghdad six-car electrical integration,15,8984,9176,,,
baghdad:BAG-RS-L6-015:rs-25-clip-on-body,BAG-RS-L6-015,line-6,rolling-stock,Baghdad six-car body installation,1,8984,9008,,,
baghdad:BAG-RS-L6-016:rs-25-clip-on-body,BAG-RS-L6-016,line-6,rolling-stock,Baghdad six-car body installation,3,8984,9008,,,
baghdad:BAG-RS-L6-026:rs-23-moulded-body-modules,BAG-RS-L6-026,line-6,rolling-stock,Baghdad six-car composite kits,2,8984,9080,,,
baghdad:BAG-RS-L6-027:rs-23-moulded-body-modules,BAG-RS-L6-027,line-6,rolling-stock,Baghdad six-car composite kits,6,8984,9080,,,
baghdad:BAG-RS-L6-028:rs-23-moulded-body-modules,BAG-RS-L6-028,line-6,rolling-stock,Baghdad six-car composite kits,7,8984,9080,,,
baghdad:BAG-RS-L6-053:rs-20-carbody-bogie,BAG-RS-L6-053,line-6,rolling-stock,Baghdad six-car structural assembly,13,8984,9216,,,
baghdad:BAG-RS-L6-054:rs-20-carbody-bogie,BAG-RS-L6-054,line-6,rolling-stock,Baghdad six-car structural assembly,14,8984,9216,,,
baghdad:BAG-RS-L6-055:rs-20-carbody-bogie,BAG-RS-L6-055,line-6,rolling-stock,Baghdad six-car structural assembly,15,8984,9216,,,
baghdad:BAG-RS-L6-056:rs-20-carbody-bogie,BAG-RS-L6-056,line-6,rolling-stock,Baghdad six-car structural assembly,16,8984,9216,,,
baghdad:BAG-TRK-L8-005:trk-10-survey-utility,BAG-TRK-L8-005,line-8,track-section,corridor civil crew,1,8952,8984,,,
baghdad:BAG-TRK-L8-006:trk-20-subgrade-drainage,BAG-TRK-L8-006,line-8,track-section,corridor civil crew,2,8984,9136,,,
baghdad:BAG-RS-L5-051:rs-50-dynamic-commissioning,BAG-RS-L5-051,line-5,rolling-stock,Baghdad trainset acceptance bays,12,8992,9112,0,9000,9019
baghdad:BAG-RS-L5-072:rs-40-fitout-static-test,BAG-RS-L5-072,line-5,rolling-stock,Baghdad six-car fitout and static test,17,8992,9144,,,
baghdad:BAG-RS-L6-003:rs-30-traction-battery-control,BAG-RS-L6-003,line-6,rolling-stock,Baghdad six-car electrical integration,16,8992,9184,,,
baghdad:BAG-RS-L6-017:rs-25-clip-on-body,BAG-RS-L6-017,line-6,rolling-stock,Baghdad six-car body installation,2,8992,9016,,,
baghdad:BAG-RS-L7-011:rs-10-material-kit,BAG-RS-L7-011,line-7,rolling-stock,Baghdad trainset kitting,1,8992,9024,,,
baghdad:BAG-RS-L7-012:rs-10-material-kit,BAG-RS-L7-012,line-7,rolling-stock,Baghdad trainset kitting,2,8992,9024,,,
baghdad:BAG-RS-L7-013:rs-10-material-kit,BAG-RS-L7-013,line-7,rolling-stock,Baghdad trainset kitting,3,8992,9024,,,
baghdad:BAG-RS-L7-014:rs-10-material-kit,BAG-RS-L7-014,line-7,rolling-stock,Baghdad trainset kitting,4,8992,9024,,,
baghdad:BAG-ST-100:st-20-mep-passenger-systems,BAG-ST-100,line-6,station,station systems crew,2,6496,6576,,,
baghdad:BAG-ST-111:st-20-mep-passenger-systems,BAG-ST-111,line-6,station,station systems crew,1,7248,7328,,,
baghdad:BAG-ST-125:st-10-civil-structure,BAG-ST-125,line-7,station,station civil crew,2,8024,8136,,,
baghdad:BAG-ST-130:st-10-civil-structure,BAG-ST-130,line-7,station,station civil crew,1,8384,8496,,,
baghdad:BAG-RS-L5-052:rs-50-dynamic-commissioning,BAG-RS-L5-052,line-5,rolling-stock,Baghdad trainset acceptance bays,13,9000,9120,1,9008,9027
baghdad:BAG-RS-L5-073:rs-40-fitout-static-test,BAG-RS-L5-073,line-5,rolling-stock,Baghdad six-car fitout and static test,12,9000,9152,,,
baghdad:BAG-RS-L6-004:rs-30-traction-battery-control,BAG-RS-L6-004,line-6,rolling-stock,Baghdad six-car electrical integration,17,9000,9192,,,
baghdad:BAG-RS-L6-029:rs-23-moulded-body-modules,BAG-RS-L6-029,line-6,rolling-stock,Baghdad six-car composite kits,3,9000,9096,,,
baghdad:BAG-RS-L6-005:rs-30-traction-battery-control,BAG-RS-L6-005,line-6,rolling-stock,Baghdad six-car electrical integration,18,9008,9200,,,
baghdad:BAG-RS-L6-018:rs-25-clip-on-body,BAG-RS-L6-018,line-6,rolling-stock,Baghdad six-car body installation,1,9008,9032,,,
baghdad:BAG-RS-L5-053:rs-50-dynamic-commissioning,BAG-RS-L5-053,line-5,rolling-stock,Baghdad trainset acceptance bays,1,9016,9136,0,9024,9043
baghdad:BAG-RS-L5-054:rs-50-dynamic-commissioning,BAG-RS-L5-054,line-5,rolling-stock,Baghdad trainset acceptance bays,2,9016,9136,2,9024,9043
baghdad:BAG-RS-L5-074:rs-40-fitout-static-test,BAG-RS-L5-074,line-5,rolling-stock,Baghdad six-car fitout and static test,1,9016,9168,,,
baghdad:BAG-RS-L5-075:rs-40-fitout-static-test,BAG-RS-L5-075,line-5,rolling-stock,Baghdad six-car fitout and static test,2,9016,9168,,,
baghdad:BAG-RS-L6-006:rs-30-traction-battery-control,BAG-RS-L6-006,line-6,rolling-stock,Baghdad six-car electrical integration,19,9016,9208,,,
baghdad:BAG-RS-L6-019:rs-25-clip-on-body,BAG-RS-L6-019,line-6,rolling-stock,Baghdad six-car body installation,2,9016,9040,,,
baghdad:BAG-RS-L6-020:rs-25-clip-on-body,BAG-RS-L6-020,line-6,rolling-stock,Baghdad six-car body installation,3,9016,9040,,,
baghdad:BAG-RS-L6-030:rs-23-moulded-body-modules,BAG-RS-L6-030,line-6,rolling-stock,Baghdad six-car composite kits,4,9016,9112,,,
baghdad:BAG-RS-L6-031:rs-23-moulded-body-modules,BAG-RS-L6-031,line-6,rolling-stock,Baghdad six-car composite kits,8,9016,9112,,,
baghdad:BAG-RS-L6-032:rs-23-moulded-body-modules,BAG-RS-L6-032,line-6,rolling-stock,Baghdad six-car composite kits,9,9016,9112,,,
baghdad:BAG-RS-L6-057:rs-20-carbody-bogie,BAG-RS-L6-057,line-6,rolling-stock,Baghdad six-car structural assembly,17,9016,9248,,,
baghdad:BAG-RS-L6-058:rs-20-carbody-bogie,BAG-RS-L6-058,line-6,rolling-stock,Baghdad six-car structural assembly,18,9016,9248,,,
baghdad:BAG-RS-L6-059:rs-20-carbody-bogie,BAG-RS-L6-059,line-6,rolling-stock,Baghdad six-car structural assembly,19,9016,9248,,,
baghdad:BAG-RS-L6-060:rs-20-carbody-bogie,BAG-RS-L6-060,line-6,rolling-stock,Baghdad six-car structural assembly,20,9016,9248,,,
baghdad:BAG-TRK-L8-005:trk-20-subgrade-drainage,BAG-TRK-L8-005,line-8,track-section,corridor civil crew,1,8984,9136,,,
baghdad:BAG-RS-L5-055:rs-50-dynamic-commissioning,BAG-RS-L5-055,line-5,rolling-stock,Baghdad trainset acceptance bays,3,9024,9144,1,9032,9051
baghdad:BAG-RS-L5-076:rs-40-fitout-static-test,BAG-RS-L5-076,line-5,rolling-stock,Baghdad six-car fitout and static test,13,9024,9176,,,
baghdad:BAG-RS-L6-007:rs-30-traction-battery-control,BAG-RS-L6-007,line-6,rolling-stock,Baghdad six-car electrical integration,20,9024,9216,,,
baghdad:BAG-RS-L7-015:rs-10-material-kit,BAG-RS-L7-015,line-7,rolling-stock,Baghdad trainset kitting,1,9024,9056,,,
baghdad:BAG-RS-L7-016:rs-10-material-kit,BAG-RS-L7-016,line-7,rolling-stock,Baghdad trainset kitting,2,9024,9056,,,
baghdad:BAG-RS-L7-017:rs-10-material-kit,BAG-RS-L7-017,line-7,rolling-stock,Baghdad trainset kitting,3,9024,9056,,,
baghdad:BAG-RS-L7-018:rs-10-material-kit,BAG-RS-L7-018,line-7,rolling-stock,Baghdad trainset kitting,4,9024,9056,,,
baghdad:BAG-EN-107:en-20-energy-commission,BAG-EN-107,line-7,energy,energy crew,1,6480,6520,,,
baghdad:BAG-EN-108:en-20-energy-commission,BAG-EN-108,line-7,energy,energy crew,2,6480,6520,,,
baghdad:BAG-RS-L6-008:rs-30-traction-battery-control,BAG-RS-L6-008,line-6,rolling-stock,Baghdad six-car electrical integration,21,9032,9224,,,
baghdad:BAG-RS-L6-021:rs-25-clip-on-body,BAG-RS-L6-021,line-6,rolling-stock,Baghdad six-car body installation,1,9032,9056,,,
baghdad:BAG-RS-L5-056:rs-50-dynamic-commissioning,BAG-RS-L5-056,line-5,rolling-stock,Baghdad trainset acceptance bays,4,9040,9160,0,9048,9067
baghdad:BAG-RS-L5-077:rs-40-fitout-static-test,BAG-RS-L5-077,line-5,rolling-stock,Baghdad six-car fitout and static test,3,9040,9192,,,
baghdad:BAG-RS-L6-022:rs-25-clip-on-body,BAG-RS-L6-022,line-6,rolling-stock,Baghdad six-car body installation,2,9040,9064,,,
baghdad:BAG-RS-L6-033:rs-23-moulded-body-modules,BAG-RS-L6-033,line-6,rolling-stock,Baghdad six-car composite kits,5,9040,9136,,,
baghdad:BAG-RS-L5-057:rs-50-dynamic-commissioning,BAG-RS-L5-057,line-5,rolling-stock,Baghdad trainset acceptance bays,5,9048,9168,1,9056,9075
baghdad:BAG-RS-L5-058:rs-50-dynamic-commissioning,BAG-RS-L5-058,line-5,rolling-stock,Baghdad trainset acceptance bays,6,9048,9168,2,9056,9075
baghdad:BAG-RS-L6-023:rs-25-clip-on-body,BAG-RS-L6-023,line-6,rolling-stock,Baghdad six-car body installation,3,9048,9072,,,
baghdad:BAG-RS-L6-034:rs-23-moulded-body-modules,BAG-RS-L6-034,line-6,rolling-stock,Baghdad six-car composite kits,10,9048,9144,,,
baghdad:BAG-RS-L6-035:rs-23-moulded-body-modules,BAG-RS-L6-035,line-6,rolling-stock,Baghdad six-car composite kits,11,9048,9144,,,
baghdad:BAG-RS-L6-061:rs-20-carbody-bogie,BAG-RS-L6-061,line-6,rolling-stock,Baghdad six-car structural assembly,21,9048,9280,,,
baghdad:BAG-RS-L6-062:rs-20-carbody-bogie,BAG-RS-L6-062,line-6,rolling-stock,Baghdad six-car structural assembly,22,9048,9280,,,
baghdad:BAG-RS-L6-063:rs-20-carbody-bogie,BAG-RS-L6-063,line-6,rolling-stock,Baghdad six-car structural assembly,23,9048,9280,,,
baghdad:BAG-RS-L6-064:rs-20-carbody-bogie,BAG-RS-L6-064,line-6,rolling-stock,Baghdad six-car structural assembly,24,9048,9280,,,
baghdad:BAG-TRK-L7-011:trk-30-trackform-rail,BAG-TRK-L7-011,line-7,track-section,track crew,1,8360,8416,,,
baghdad:BAG-RS-L5-078:rs-40-fitout-static-test,BAG-RS-L5-078,line-5,rolling-stock,Baghdad six-car fitout and static test,4,9056,9208,,,
baghdad:BAG-RS-L5-079:rs-40-fitout-static-test,BAG-RS-L5-079,line-5,rolling-stock,Baghdad six-car fitout and static test,5,9056,9208,,,
baghdad:BAG-RS-L6-009:rs-30-traction-battery-control,BAG-RS-L6-009,line-6,rolling-stock,Baghdad six-car electrical integration,1,9056,9248,,,
baghdad:BAG-RS-L6-010:rs-30-traction-battery-control,BAG-RS-L6-010,line-6,rolling-stock,Baghdad six-car electrical integration,2,9056,9248,,,
baghdad:BAG-RS-L6-011:rs-30-traction-battery-control,BAG-RS-L6-011,line-6,rolling-stock,Baghdad six-car electrical integration,3,9056,9248,,,
baghdad:BAG-RS-L6-024:rs-25-clip-on-body,BAG-RS-L6-024,line-6,rolling-stock,Baghdad six-car body installation,1,9056,9080,,,
baghdad:BAG-RS-L6-036:rs-23-moulded-body-modules,BAG-RS-L6-036,line-6,rolling-stock,Baghdad six-car composite kits,1,9056,9152,,,
baghdad:BAG-RS-L7-019:rs-10-material-kit,BAG-RS-L7-019,line-7,rolling-stock,Baghdad trainset kitting,1,9056,9088,,,
baghdad:BAG-RS-L7-020:rs-10-material-kit,BAG-RS-L7-020,line-7,rolling-stock,Baghdad trainset kitting,2,9056,9088,,,
baghdad:BAG-RS-L7-021:rs-10-material-kit,BAG-RS-L7-021,line-7,rolling-stock,Baghdad trainset kitting,3,9056,9088,,,
baghdad:BAG-RS-L7-022:rs-10-material-kit,BAG-RS-L7-022,line-7,rolling-stock,Baghdad trainset kitting,4,9056,9088,,,
baghdad:BAG-TRK-L7-009:trk-30-trackform-rail,BAG-TRK-L7-009,line-7,track-section,track crew,2,8248,8312,,,
baghdad:BAG-RS-L5-059:rs-50-dynamic-commissioning,BAG-RS-L5-059,line-5,rolling-stock,Baghdad trainset acceptance bays,7,9064,9184,0,9072,9091
baghdad:BAG-RS-L5-080:rs-40-fitout-static-test,BAG-RS-L5-080,line-5,rolling-stock,Baghdad six-car fitout and static test,14,9064,9216,,,
baghdad:BAG-RS-L6-025:rs-25-clip-on-body,BAG-RS-L6-025,line-6,rolling-stock,Baghdad six-car body installation,2,9064,9088,,,
baghdad:BAG-EN-109:en-10-energy-build,BAG-EN-109,line-7,energy,energy crew,1,6520,6600,,,
baghdad:BAG-EN-110:en-10-energy-build,BAG-EN-110,line-7,energy,energy crew,2,6520,6600,,,
baghdad:BAG-RS-L5-060:rs-50-dynamic-commissioning,BAG-RS-L5-060,line-5,rolling-stock,Baghdad trainset acceptance bays,8,9072,9192,1,9080,9099
baghdad:BAG-ST-102:st-20-mep-passenger-systems,BAG-ST-102,line-6,station,station systems crew,2,6672,6752,,,
baghdad:BAG-ST-113:st-20-mep-passenger-systems,BAG-ST-113,line-6,station,station systems crew,1,7360,7440,,,
baghdad:BAG-RS-L5-081:rs-40-fitout-static-test,BAG-RS-L5-081,line-5,rolling-stock,Baghdad six-car fitout and static test,6,9080,9232,,,
baghdad:BAG-RS-L6-012:rs-30-traction-battery-control,BAG-RS-L6-012,line-6,rolling-stock,Baghdad six-car electrical integration,4,9080,9272,,,
baghdad:BAG-RS-L6-026:rs-25-clip-on-body,BAG-RS-L6-026,line-6,rolling-stock,Baghdad six-car body installation,1,9080,9104,,,
baghdad:BAG-RS-L6-027:rs-25-clip-on-body,BAG-RS-L6-027,line-6,rolling-stock,Baghdad six-car body installation,3,9080,9104,,,
baghdad:BAG-RS-L6-037:rs-23-moulded-body-modules,BAG-RS-L6-037,line-6,rolling-stock,Baghdad six-car composite kits,2,9080,9176,,,
baghdad:BAG-RS-L6-038:rs-23-moulded-body-modules,BAG-RS-L6-038,line-6,rolling-stock,Baghdad six-car composite kits,6,9080,9176,,,
baghdad:BAG-RS-L6-039:rs-23-moulded-body-modules,BAG-RS-L6-039,line-6,rolling-stock,Baghdad six-car composite kits,7,9080,9176,,,
baghdad:BAG-RS-L6-065:rs-20-carbody-bogie,BAG-RS-L6-065,line-6,rolling-stock,Baghdad six-car structural assembly,25,9080,9312,,,
baghdad:BAG-RS-L6-066:rs-20-carbody-bogie,BAG-RS-L6-066,line-6,rolling-stock,Baghdad six-car structural assembly,26,9080,9312,,,
baghdad:BAG-RS-L5-061:rs-50-dynamic-commissioning,BAG-RS-L5-061,line-5,rolling-stock,Baghdad trainset acceptance bays,9,9088,9208,0,9096,9115
baghdad:BAG-RS-L5-062:rs-50-dynamic-commissioning,BAG-RS-L5-062,line-5,rolling-stock,Baghdad trainset acceptance bays,10,9088,9208,2,9096,9115
baghdad:BAG-RS-L5-082:rs-40-fitout-static-test,BAG-RS-L5-082,line-5,rolling-stock,Baghdad six-car fitout and static test,7,9088,9240,,,
baghdad:BAG-RS-L6-013:rs-30-traction-battery-control,BAG-RS-L6-013,line-6,rolling-stock,Baghdad six-car electrical integration,5,9088,9280,,,
baghdad:BAG-RS-L6-028:rs-25-clip-on-body,BAG-RS-L6-028,line-6,rolling-stock,Baghdad six-car body installation,2,9088,9112,,,
baghdad:BAG-RS-L7-023:rs-10-material-kit,BAG-RS-L7-023,line-7,rolling-stock,Baghdad trainset kitting,1,9088,9120,,,
baghdad:BAG-RS-L7-024:rs-10-material-kit,BAG-RS-L7-024,line-7,rolling-stock,Baghdad trainset kitting,2,9088,9120,,,
baghdad:BAG-RS-L7-025:rs-10-material-kit,BAG-RS-L7-025,line-7,rolling-stock,Baghdad trainset kitting,3,9088,9120,,,
baghdad:BAG-RS-L7-026:rs-10-material-kit,BAG-RS-L7-026,line-7,rolling-stock,Baghdad trainset kitting,4,9088,9120,,,
baghdad:BAG-RS-L5-063:rs-50-dynamic-commissioning,BAG-RS-L5-063,line-5,rolling-stock,Baghdad trainset acceptance bays,11,9096,9216,1,9104,9123
baghdad:BAG-RS-L5-083:rs-40-fitout-static-test,BAG-RS-L5-083,line-5,rolling-stock,Baghdad six-car fitout and static test,8,9096,9248,,,
baghdad:BAG-RS-L6-014:rs-30-traction-battery-control,BAG-RS-L6-014,line-6,rolling-stock,Baghdad six-car electrical integration,6,9096,9288,,,
baghdad:BAG-RS-L6-040:rs-23-moulded-body-modules,BAG-RS-L6-040,line-6,rolling-stock,Baghdad six-car composite kits,3,9096,9192,,,
baghdad:BAG-RS-L5-084:rs-40-fitout-static-test,BAG-RS-L5-084,line-5,rolling-stock,Baghdad six-car fitout and static test,15,9104,9256,,,
baghdad:BAG-RS-L6-015:rs-30-traction-battery-control,BAG-RS-L6-015,line-6,rolling-stock,Baghdad six-car electrical integration,7,9104,9296,,,
baghdad:BAG-RS-L6-029:rs-25-clip-on-body,BAG-RS-L6-029,line-6,rolling-stock,Baghdad six-car body installation,1,9104,9128,,,
baghdad:BAG-SIG-099:wpt-20-install-commission,BAG-SIG-099,line-6,signalling-comms,wayside systems crew,1,6640,6672,,,
baghdad:BAG-ST-127:st-10-civil-structure,BAG-ST-127,line-7,station,station civil crew,2,8184,8296,,,
baghdad:BAG-ST-132:st-10-civil-structure,BAG-ST-132,line-7,station,station civil crew,1,8512,8624,,,
baghdad:BAG-TRK-L7-010:trk-30-trackform-rail,BAG-TRK-L7-010,line-7,track-section,track crew,1,8416,8520,,,
baghdad:BAG-RS-L5-064:rs-50-dynamic-commissioning,BAG-RS-L5-064,line-5,rolling-stock,Baghdad trainset acceptance bays,12,9112,9232,0,9120,9139
baghdad:BAG-RS-L5-085:rs-40-fitout-static-test,BAG-RS-L5-085,line-5,rolling-stock,Baghdad six-car fitout and static test,9,9112,9264,,,
baghdad:BAG-RS-L6-016:rs-30-traction-battery-control,BAG-RS-L6-016,line-6,rolling-stock,Baghdad six-car electrical integration,8,9112,9304,,,
baghdad:BAG-RS-L6-030:rs-25-clip-on-body,BAG-RS-L6-030,line-6,rolling-stock,Baghdad six-car body installation,2,9112,9136,,,
baghdad:BAG-RS-L6-031:rs-25-clip-on-body,BAG-RS-L6-031,line-6,rolling-stock,Baghdad six-car body installation,3,9112,9136,,,
baghdad:BAG-RS-L5-065:rs-50-dynamic-commissioning,BAG-RS-L5-065,line-5,rolling-stock,Baghdad trainset acceptance bays,13,9120,9240,1,9128,9147
baghdad:BAG-RS-L5-086:rs-40-fitout-static-test,BAG-RS-L5-086,line-5,rolling-stock,Baghdad six-car fitout and static test,16,9120,9272,,,
baghdad:BAG-RS-L6-017:rs-30-traction-battery-control,BAG-RS-L6-017,line-6,rolling-stock,Baghdad six-car electrical integration,9,9120,9312,,,
baghdad:BAG-RS-L6-041:rs-23-moulded-body-modules,BAG-RS-L6-041,line-6,rolling-stock,Baghdad six-car composite kits,4,9120,9216,,,
baghdad:BAG-RS-L6-042:rs-23-moulded-body-modules,BAG-RS-L6-042,line-6,rolling-stock,Baghdad six-car composite kits,8,9120,9216,,,
baghdad:BAG-RS-L6-043:rs-23-moulded-body-modules,BAG-RS-L6-043,line-6,rolling-stock,Baghdad six-car composite kits,9,9120,9216,,,
baghdad:BAG-RS-L6-067:rs-20-carbody-bogie,BAG-RS-L6-067,line-6,rolling-stock,Baghdad six-car structural assembly,1,9120,9352,,,
baghdad:BAG-RS-L6-068:rs-20-carbody-bogie,BAG-RS-L6-068,line-6,rolling-stock,Baghdad six-car structural assembly,2,9120,9352,,,
baghdad:BAG-RS-L6-069:rs-20-carbody-bogie,BAG-RS-L6-069,line-6,rolling-stock,Baghdad six-car structural assembly,3,9120,9352,,,
baghdad:BAG-RS-L6-070:rs-20-carbody-bogie,BAG-RS-L6-070,line-6,rolling-stock,Baghdad six-car structural assembly,4,9120,9352,,,
baghdad:BAG-RS-L7-027:rs-10-material-kit,BAG-RS-L7-027,line-7,rolling-stock,Baghdad trainset kitting,1,9120,9152,,,
baghdad:BAG-RS-L7-028:rs-10-material-kit,BAG-RS-L7-028,line-7,rolling-stock,Baghdad trainset kitting,2,9120,9152,,,
baghdad:BAG-RS-L7-029:rs-10-material-kit,BAG-RS-L7-029,line-7,rolling-stock,Baghdad trainset kitting,3,9120,9152,,,
baghdad:BAG-RS-L7-030:rs-10-material-kit,BAG-RS-L7-030,line-7,rolling-stock,Baghdad trainset kitting,4,9120,9152,,,
baghdad:BAG-TRK-L7-008:trk-30-trackform-rail,BAG-TRK-L7-008,line-7,track-section,track crew,2,8312,8456,,,
baghdad:BAG-RS-L5-087:rs-40-fitout-static-test,BAG-RS-L5-087,line-5,rolling-stock,Baghdad six-car fitout and static test,10,9128,9280,,,
baghdad:BAG-RS-L6-018:rs-30-traction-battery-control,BAG-RS-L6-018,line-6,rolling-stock,Baghdad six-car electrical integration,10,9128,9320,,,
baghdad:BAG-RS-L6-032:rs-25-clip-on-body,BAG-RS-L6-032,line-6,rolling-stock,Baghdad six-car body installation,1,9128,9152,,,
baghdad:BAG-RS-L5-066:rs-50-dynamic-commissioning,BAG-RS-L5-066,line-5,rolling-stock,Baghdad trainset acceptance bays,1,9136,9256,0,9144,9163
baghdad:BAG-RS-L5-067:rs-50-dynamic-commissioning,BAG-RS-L5-067,line-5,rolling-stock,Baghdad trainset acceptance bays,2,9136,9256,2,9144,9163
baghdad:BAG-RS-L5-088:rs-40-fitout-static-test,BAG-RS-L5-088,line-5,rolling-stock,Baghdad six-car fitout and static test,11,9136,9288,,,
baghdad:BAG-RS-L6-019:rs-30-traction-battery-control,BAG-RS-L6-019,line-6,rolling-stock,Baghdad six-car electrical integration,11,9136,9328,,,
baghdad:BAG-RS-L6-033:rs-25-clip-on-body,BAG-RS-L6-033,line-6,rolling-stock,Baghdad six-car body installation,2,9136,9160,,,
baghdad:BAG-RS-L6-044:rs-23-moulded-body-modules,BAG-RS-L6-044,line-6,rolling-stock,Baghdad six-car composite kits,5,9136,9232,,,
baghdad:BAG-SIG-100:wpt-20-install-commission,BAG-SIG-100,line-6,signalling-comms,wayside systems crew,1,6712,6744,,,
baghdad:BAG-TRK-L8-008:trk-10-survey-utility,BAG-TRK-L8-008,line-8,track-section,corridor civil crew,2,9136,9160,,,
baghdad:BAG-RS-L5-068:rs-50-dynamic-commissioning,BAG-RS-L5-068,line-5,rolling-stock,Baghdad trainset acceptance bays,3,9144,9264,1,9152,9171
baghdad:BAG-RS-L6-034:rs-25-clip-on-body,BAG-RS-L6-034,line-6,rolling-stock,Baghdad six-car body installation,3,9144,9168,,,
baghdad:BAG-EN-109:en-20-energy-commission,BAG-EN-109,line-7,energy,energy crew,1,6600,6640,,,
baghdad:BAG-EN-110:en-20-energy-commission,BAG-EN-110,line-7,energy,energy crew,2,6600,6640,,,
baghdad:BAG-RS-L5-089:rs-40-fitout-static-test,BAG-RS-L5-089,line-5,rolling-stock,Baghdad six-car fitout and static test,12,9152,9304,,,
baghdad:BAG-RS-L5-090:rs-40-fitout-static-test,BAG-RS-L5-090,line-5,rolling-stock,Baghdad six-car fitout and static test,17,9152,9304,,,
baghdad:BAG-RS-L6-020:rs-30-traction-battery-control,BAG-RS-L6-020,line-6,rolling-stock,Baghdad six-car electrical integration,12,9152,9344,,,
baghdad:BAG-RS-L6-021:rs-30-traction-battery-control,BAG-RS-L6-021,line-6,rolling-stock,Baghdad six-car electrical integration,13,9152,9344,,,
baghdad:BAG-RS-L6-035:rs-25-clip-on-body,BAG-RS-L6-035,line-6,rolling-stock,Baghdad six-car body installation,1,9152,9176,,,
baghdad:BAG-RS-L6-045:rs-23-moulded-body-modules,BAG-RS-L6-045,line-6,rolling-stock,Baghdad six-car composite kits,1,9152,9248,,,
baghdad:BAG-RS-L6-046:rs-23-moulded-body-modules,BAG-RS-L6-046,line-6,rolling-stock,Baghdad six-car composite kits,10,9152,9248,,,
baghdad:BAG-RS-L6-047:rs-23-moulded-body-modules,BAG-RS-L6-047,line-6,rolling-stock,Baghdad six-car composite kits,11,9152,9248,,,
baghdad:BAG-RS-L6-071:rs-20-carbody-bogie,BAG-RS-L6-071,line-6,rolling-stock,Baghdad six-car structural assembly,5,9152,9384,,,
baghdad:BAG-RS-L6-072:rs-20-carbody-bogie,BAG-RS-L6-072,line-6,rolling-stock,Baghdad six-car structural assembly,6,9152,9384,,,
baghdad:BAG-RS-L6-073:rs-20-carbody-bogie,BAG-RS-L6-073,line-6,rolling-stock,Baghdad six-car structural assembly,7,9152,9384,,,
baghdad:BAG-RS-L6-074:rs-20-carbody-bogie,BAG-RS-L6-074,line-6,rolling-stock,Baghdad six-car structural assembly,8,9152,9384,,,
baghdad:BAG-RS-L7-031:rs-10-material-kit,BAG-RS-L7-031,line-7,rolling-stock,Baghdad trainset kitting,1,9152,9184,,,
baghdad:BAG-RS-L7-032:rs-10-material-kit,BAG-RS-L7-032,line-7,rolling-stock,Baghdad trainset kitting,2,9152,9184,,,
baghdad:BAG-RS-L7-033:rs-10-material-kit,BAG-RS-L7-033,line-7,rolling-stock,Baghdad trainset kitting,3,9152,9184,,,
baghdad:BAG-RS-L7-034:rs-10-material-kit,BAG-RS-L7-034,line-7,rolling-stock,Baghdad trainset kitting,4,9152,9184,,,
baghdad:BAG-ST-104:st-20-mep-passenger-systems,BAG-ST-104,line-6,station,station systems crew,2,6816,6896,,,
baghdad:BAG-ST-115:st-20-mep-passenger-systems,BAG-ST-115,line-6,station,station systems crew,1,7472,7552,,,
baghdad:BAG-RS-L5-069:rs-50-dynamic-commissioning,BAG-RS-L5-069,line-5,rolling-stock,Baghdad trainset acceptance bays,4,9160,9280,0,9168,9187
baghdad:BAG-RS-L6-022:rs-30-traction-battery-control,BAG-RS-L6-022,line-6,rolling-stock,Baghdad six-car electrical integration,14,9160,9352,,,
baghdad:BAG-RS-L6-036:rs-25-clip-on-body,BAG-RS-L6-036,line-6,rolling-stock,Baghdad six-car body installation,2,9160,9184,,,
baghdad:BAG-TRK-L8-008:trk-20-subgrade-drainage,BAG-TRK-L8-008,line-8,track-section,corridor civil crew,2,9160,9248,,,
baghdad:BAG-RS-L5-070:rs-50-dynamic-commissioning,BAG-RS-L5-070,line-5,rolling-stock,Baghdad trainset acceptance bays,5,9168,9288,1,9176,9195
baghdad:BAG-RS-L5-071:rs-50-dynamic-commissioning,BAG-RS-L5-071,line-5,rolling-stock,Baghdad trainset acceptance bays,6,9168,9288,2,9176,9195
baghdad:BAG-RS-L6-001:rs-40-fitout-static-test,BAG-RS-L6-001,line-6,rolling-stock,Baghdad six-car fitout and static test,1,9168,9320,,,
baghdad:BAG-SIG-101:wpt-20-install-commission,BAG-SIG-101,line-6,signalling-comms,wayside systems crew,1,6808,6840,,,
baghdad:BAG-TRK-L8-007:trk-10-survey-utility,BAG-TRK-L8-007,line-8,track-section,corridor civil crew,1,9136,9168,,,
baghdad:BAG-RS-L6-002:rs-40-fitout-static-test,BAG-RS-L6-002,line-6,rolling-stock,Baghdad six-car fitout and static test,2,9176,9328,,,
baghdad:BAG-RS-L6-023:rs-30-traction-battery-control,BAG-RS-L6-023,line-6,rolling-stock,Baghdad six-car electrical integration,15,9176,9368,,,
baghdad:BAG-RS-L6-037:rs-25-clip-on-body,BAG-RS-L6-037,line-6,rolling-stock,Baghdad six-car body installation,1,9176,9200,,,
baghdad:BAG-RS-L6-038:rs-25-clip-on-body,BAG-RS-L6-038,line-6,rolling-stock,Baghdad six-car body installation,3,9176,9200,,,
baghdad:BAG-RS-L6-048:rs-23-moulded-body-modules,BAG-RS-L6-048,line-6,rolling-stock,Baghdad six-car composite kits,2,9176,9272,,,
baghdad:BAG-RS-L5-072:rs-50-dynamic-commissioning,BAG-RS-L5-072,line-5,rolling-stock,Baghdad trainset acceptance bays,7,9184,9304,0,9192,9211
baghdad:BAG-RS-L6-003:rs-40-fitout-static-test,BAG-RS-L6-003,line-6,rolling-stock,Baghdad six-car fitout and static test,13,9184,9336,,,
baghdad:BAG-RS-L6-024:rs-30-traction-battery-control,BAG-RS-L6-024,line-6,rolling-stock,Baghdad six-car electrical integration,16,9184,9376,,,
baghdad:BAG-RS-L6-039:rs-25-clip-on-body,BAG-RS-L6-039,line-6,rolling-stock,Baghdad six-car body installation,2,9184,9208,,,
baghdad:BAG-RS-L6-049:rs-23-moulded-body-modules,BAG-RS-L6-049,line-6,rolling-stock,Baghdad six-car composite kits,6,9184,9280,,,
baghdad:BAG-RS-L6-050:rs-23-moulded-body-modules,BAG-RS-L6-050,line-6,rolling-stock,Baghdad six-car composite kits,7,9184,9280,,,
baghdad:BAG-RS-L6-075:rs-20-carbody-bogie,BAG-RS-L6-075,line-6,rolling-stock,Baghdad six-car structural assembly,9,9184,9416,,,
baghdad:BAG-RS-L6-076:rs-20-carbody-bogie,BAG-RS-L6-076,line-6,rolling-stock,Baghdad six-car structural assembly,10,9184,9416,,,
baghdad:BAG-RS-L6-077:rs-20-carbody-bogie,BAG-RS-L6-077,line-6,rolling-stock,Baghdad six-car structural assembly,11,9184,9416,,,
baghdad:BAG-RS-L6-078:rs-20-carbody-bogie,BAG-RS-L6-078,line-6,rolling-stock,Baghdad six-car structural assembly,12,9184,9416,,,
baghdad:BAG-RS-L7-035:rs-10-material-kit,BAG-RS-L7-035,line-7,rolling-stock,Baghdad trainset kitting,1,9184,9216,,,
baghdad:BAG-RS-L7-036:rs-10-material-kit,BAG-RS-L7-036,line-7,rolling-stock,Baghdad trainset kitting,2,9184,9216,,,
baghdad:BAG-RS-L7-037:rs-10-material-kit,BAG-RS-L7-037,line-7,rolling-stock,Baghdad trainset kitting,3,9184,9216,,,
baghdad:BAG-RS-L7-038:rs-10-material-kit,BAG-RS-L7-038,line-7,rolling-stock,Baghdad trainset kitting,4,9184,9216,,,
baghdad:BAG-EN-111:en-10-energy-build,BAG-EN-111,line-7,energy,energy crew,1,6640,6720,,,
baghdad:BAG-EN-112:en-10-energy-build,BAG-EN-112,line-7,energy,energy crew,2,6640,6720,,,
baghdad:BAG-RS-L5-073:rs-50-dynamic-commissioning,BAG-RS-L5-073,line-5,rolling-stock,Baghdad trainset acceptance bays,8,9192,9312,1,9200,9219
baghdad:BAG-RS-L6-004:rs-40-fitout-static-test,BAG-RS-L6-004,line-6,rolling-stock,Baghdad six-car fitout and static test,3,9192,9344,,,
baghdad:BAG-RS-L6-025:rs-30-traction-battery-control,BAG-RS-L6-025,line-6,rolling-stock,Baghdad six-car electrical integration,17,9192,9384,,,
baghdad:BAG-RS-L6-051:rs-23-moulded-body-modules,BAG-RS-L6-051,line-6,rolling-stock,Baghdad six-car composite kits,3,9192,9288,,,
baghdad:BAG-WPT-L6-001:wpt-10-cabinet-bench,BAG-WPT-L6-001,line-6,waypoint,wayside bench,2,2248,2272,,,
baghdad:BAG-RS-L6-026:rs-30-traction-battery-control,BAG-RS-L6-026,line-6,rolling-stock,Baghdad six-car electrical integration,18,9200,9392,,,
baghdad:BAG-RS-L6-040:rs-25-clip-on-body,BAG-RS-L6-040,line-6,rolling-stock,Baghdad six-car body installation,1,9200,9224,,,
baghdad:BAG-SIG-102:wpt-20-install-commission,BAG-SIG-102,line-6,signalling-comms,wayside systems crew,1,6840,6872,,,
baghdad:BAG-TRK-L8-007:trk-20-subgrade-drainage,BAG-TRK-L8-007,line-8,track-section,corridor civil crew,1,9168,9312,,,
baghdad:BAG-RS-L5-074:rs-50-dynamic-commissioning,BAG-RS-L5-074,line-5,rolling-stock,Baghdad trainset acceptance bays,9,9208,9328,0,9216,9235
baghdad:BAG-RS-L5-075:rs-50-dynamic-commissioning,BAG-RS-L5-075,line-5,rolling-stock,Baghdad trainset acceptance bays,10,9208,9328,2,9216,9235
baghdad:BAG-RS-L6-005:rs-40-fitout-static-test,BAG-RS-L6-005,line-6,rolling-stock,Baghdad six-car fitout and static test,4,9208,9360,,,
baghdad:BAG-RS-L6-006:rs-40-fitout-static-test,BAG-RS-L6-006,line-6,rolling-stock,Baghdad six-car fitout and static test,5,9208,9360,,,
baghdad:BAG-RS-L6-027:rs-30-traction-battery-control,BAG-RS-L6-027,line-6,rolling-stock,Baghdad six-car electrical integration,19,9208,9400,,,
baghdad:BAG-TRK-L7-013:trk-30-trackform-rail,BAG-TRK-L7-013,line-7,track-section,track crew,1,8520,8608,,,
baghdad:BAG-WPT-L6-002:wpt-10-cabinet-bench,BAG-WPT-L6-002,line-6,waypoint,wayside bench,3,2248,2272,,,
baghdad:BAG-RS-L5-076:rs-50-dynamic-commissioning,BAG-RS-L5-076,line-5,rolling-stock,Baghdad trainset acceptance bays,11,9216,9336,1,9224,9243
baghdad:BAG-RS-L6-007:rs-40-fitout-static-test,BAG-RS-L6-007,line-6,rolling-stock,Baghdad six-car fitout and static test,14,9216,9368,,,
baghdad:BAG-RS-L6-028:rs-30-traction-battery-control,BAG-RS-L6-028,line-6,rolling-stock,Baghdad six-car electrical integration,20,9216,9408,,,
baghdad:BAG-RS-L6-041:rs-25-clip-on-body,BAG-RS-L6-041,line-6,rolling-stock,Baghdad six-car body installation,2,9216,9240,,,
baghdad:BAG-RS-L6-042:rs-25-clip-on-body,BAG-RS-L6-042,line-6,rolling-stock,Baghdad six-car body installation,3,9216,9240,,,
baghdad:BAG-RS-L6-052:rs-23-moulded-body-modules,BAG-RS-L6-052,line-6,rolling-stock,Baghdad six-car composite kits,4,9216,9312,,,
baghdad:BAG-RS-L6-053:rs-23-moulded-body-modules,BAG-RS-L6-053,line-6,rolling-stock,Baghdad six-car composite kits,8,9216,9312,,,
baghdad:BAG-RS-L6-054:rs-23-moulded-body-modules,BAG-RS-L6-054,line-6,rolling-stock,Baghdad six-car composite kits,9,9216,9312,,,
baghdad:BAG-RS-L6-079:rs-20-carbody-bogie,BAG-RS-L6-079,line-6,rolling-stock,Baghdad six-car structural assembly,13,9216,9448,,,
baghdad:BAG-RS-L6-080:rs-20-carbody-bogie,BAG-RS-L6-080,line-6,rolling-stock,Baghdad six-car structural assembly,14,9216,9448,,,
baghdad:BAG-RS-L6-081:rs-20-carbody-bogie,BAG-RS-L6-081,line-6,rolling-stock,Baghdad six-car structural assembly,15,9216,9448,,,
baghdad:BAG-RS-L6-082:rs-20-carbody-bogie,BAG-RS-L6-082,line-6,rolling-stock,Baghdad six-car structural assembly,16,9216,9448,,,
baghdad:BAG-RS-L7-039:rs-10-material-kit,BAG-RS-L7-039,line-7,rolling-stock,Baghdad trainset kitting,1,9216,9248,,,
baghdad:BAG-RS-L7-040:rs-10-material-kit,BAG-RS-L7-040,line-7,rolling-stock,Baghdad trainset kitting,2,9216,9248,,,
baghdad:BAG-RS-L7-041:rs-10-material-kit,BAG-RS-L7-041,line-7,rolling-stock,Baghdad trainset kitting,3,9216,9248,,,
baghdad:BAG-RS-L7-042:rs-10-material-kit,BAG-RS-L7-042,line-7,rolling-stock,Baghdad trainset kitting,4,9216,9248,,,
baghdad:BAG-ST-129:st-10-civil-structure,BAG-ST-129,line-7,station,station civil crew,2,8304,8416,,,
baghdad:BAG-ST-134:st-10-civil-structure,BAG-ST-134,line-8,station,station civil crew,1,8632,8744,,,
baghdad:BAG-WPT-L6-004:wpt-10-cabinet-bench,BAG-WPT-L6-004,line-6,waypoint,wayside bench,2,2272,2296,,,
baghdad:BAG-RS-L6-029:rs-30-traction-battery-control,BAG-RS-L6-029,line-6,rolling-stock,Baghdad six-car electrical integration,21,9224,9416,,,
baghdad:BAG-RS-L6-043:rs-25-clip-on-body,BAG-RS-L6-043,line-6,rolling-stock,Baghdad six-car body installation,1,9224,9248,,,
baghdad:BAG-RS-L5-077:rs-50-dynamic-commissioning,BAG-RS-L5-077,line-5,rolling-stock,Baghdad trainset acceptance bays,12,9232,9352,0,9240,9259
baghdad:BAG-RS-L6-008:rs-40-fitout-static-test,BAG-RS-L6-008,line-6,rolling-stock,Baghdad six-car fitout and static test,6,9232,9384,,,
baghdad:BAG-RS-L6-055:rs-23-moulded-body-modules,BAG-RS-L6-055,line-6,rolling-stock,Baghdad six-car composite kits,5,9232,9328,,,
baghdad:BAG-SIG-103:wpt-20-install-commission,BAG-SIG-103,line-6,signalling-comms,wayside systems crew,1,6888,6920,,,
baghdad:BAG-ST-106:st-20-mep-passenger-systems,BAG-ST-106,line-6,station,station systems crew,2,6928,7008,,,
baghdad:BAG-ST-117:st-20-mep-passenger-systems,BAG-ST-117,line-6,station,station systems crew,1,7584,7664,,,
baghdad:BAG-WPT-L6-002:wpt-20-install-commission,BAG-WPT-L6-002,line-6,waypoint,wayside systems crew,2,6640,6672,,,
baghdad:BAG-RS-L5-078:rs-50-dynamic-commissioning,BAG-RS-L5-078,line-5,rolling-stock,Baghdad trainset acceptance bays,13,9240,9360,1,9248,9267
baghdad:BAG-RS-L6-044:rs-25-clip-on-body,BAG-RS-L6-044,line-6,rolling-stock,Baghdad six-car body installation,2,9240,9264,,,
baghdad:BAG-WPT-L6-003:wpt-10-cabinet-bench,BAG-WPT-L6-003,line-6,waypoint,wayside bench,1,2272,2296,,,
baghdad:BAG-WPT-L6-007:wpt-10-cabinet-bench,BAG-WPT-L6-007,line-6,waypoint,wayside bench,2,2296,2320,,,
baghdad:BAG-RS-L6-009:rs-40-fitout-static-test,BAG-RS-L6-009,line-6,rolling-stock,Baghdad six-car fitout and static test,7,9248,9400,,,
baghdad:BAG-RS-L6-010:rs-40-fitout-static-test,BAG-RS-L6-010,line-6,rolling-stock,Baghdad six-car fitout and static test,8,9248,9400,,,
baghdad:BAG-RS-L6-030:rs-30-traction-battery-control,BAG-RS-L6-030,line-6,rolling-stock,Baghdad six-car electrical integration,1,9248,9440,,,
baghdad:BAG-RS-L6-031:rs-30-traction-battery-control,BAG-RS-L6-031,line-6,rolling-stock,Baghdad six-car electrical integration,2,9248,9440,,,
baghdad:BAG-RS-L6-032:rs-30-traction-battery-control,BAG-RS-L6-032,line-6,rolling-stock,Baghdad six-car electrical integration,3,9248,9440,,,
baghdad:BAG-RS-L6-045:rs-25-clip-on-body,BAG-RS-L6-045,line-6,rolling-stock,Baghdad six-car body installation,1,9248,9272,,,
baghdad:BAG-RS-L6-046:rs-25-clip-on-body,BAG-RS-L6-046,line-6,rolling-stock,Baghdad six-car body installation,3,9248,9272,,,
baghdad:BAG-RS-L6-056:rs-23-moulded-body-modules,BAG-RS-L6-056,line-6,rolling-stock,Baghdad six-car composite kits,1,9248,9344,,,
baghdad:BAG-RS-L6-057:rs-23-moulded-body-modules,BAG-RS-L6-057,line-6,rolling-stock,Baghdad six-car composite kits,10,9248,9344,,,
baghdad:BAG-RS-L6-058:rs-23-moulded-body-modules,BAG-RS-L6-058,line-6,rolling-stock,Baghdad six-car composite kits,11,9248,9344,,,
baghdad:BAG-RS-L6-083:rs-20-carbody-bogie,BAG-RS-L6-083,line-6,rolling-stock,Baghdad six-car structural assembly,17,9248,9480,,,
baghdad:BAG-RS-L6-084:rs-20-carbody-bogie,BAG-RS-L6-084,line-6,rolling-stock,Baghdad six-car structural assembly,18,9248,9480,,,
baghdad:BAG-RS-L6-085:rs-20-carbody-bogie,BAG-RS-L6-085,line-6,rolling-stock,Baghdad six-car structural assembly,19,9248,9480,,,
baghdad:BAG-RS-L6-086:rs-20-carbody-bogie,BAG-RS-L6-086,line-6,rolling-stock,Baghdad six-car structural assembly,20,9248,9480,,,
baghdad:BAG-RS-L7-043:rs-10-material-kit,BAG-RS-L7-043,line-7,rolling-stock,Baghdad trainset kitting,1,9248,9280,,,
baghdad:BAG-RS-L7-044:rs-10-material-kit,BAG-RS-L7-044,line-7,rolling-stock,Baghdad trainset kitting,2,9248,9280,,,
baghdad:BAG-RS-L7-045:rs-10-material-kit,BAG-RS-L7-045,line-7,rolling-stock,Baghdad trainset kitting,3,9248,9280,,,
baghdad:BAG-RS-L7-046:rs-10-material-kit,BAG-RS-L7-046,line-7,rolling-stock,Baghdad trainset kitting,4,9248,9280,,,
baghdad:BAG-TRK-L8-009:trk-10-survey-utility,BAG-TRK-L8-009,line-8,track-section,corridor civil crew,2,9248,9264,,,
baghdad:BAG-RS-L5-079:rs-50-dynamic-commissioning,BAG-RS-L5-079,line-5,rolling-stock,Baghdad trainset acceptance bays,1,9256,9376,0,9264,9283
baghdad:BAG-RS-L5-080:rs-50-dynamic-commissioning,BAG-RS-L5-080,line-5,rolling-stock,Baghdad trainset acceptance bays,2,9256,9376,2,9264,9283
baghdad:BAG-RS-L6-011:rs-40-fitout-static-test,BAG-RS-L6-011,line-6,rolling-stock,Baghdad six-car fitout and static test,15,9256,9408,,,
baghdad:BAG-RS-L5-081:rs-50-dynamic-commissioning,BAG-RS-L5-081,line-5,rolling-stock,Baghdad trainset acceptance bays,3,9264,9384,1,9272,9291
baghdad:BAG-RS-L6-047:rs-25-clip-on-body,BAG-RS-L6-047,line-6,rolling-stock,Baghdad six-car body installation,2,9264,9288,,,
baghdad:BAG-TRK-L7-012:trk-30-trackform-rail,BAG-TRK-L7-012,line-7,track-section,track crew,2,8488,8592,,,
baghdad:BAG-TRK-L8-009:trk-20-subgrade-drainage,BAG-TRK-L8-009,line-8,track-section,corridor civil crew,2,9264,9336,,,
baghdad:BAG-WPT-L6-003:wpt-20-install-commission,BAG-WPT-L6-003,line-6,waypoint,wayside systems crew,2,6712,6744,,,
baghdad:BAG-WPT-L6-007:wpt-20-install-commission,BAG-WPT-L6-007,line-6,waypoint,wayside systems crew,1,6920,6952,,,
baghdad:BAG-EN-111:en-20-energy-commission,BAG-EN-111,line-7,energy,energy crew,1,6720,6760,,,
baghdad:BAG-EN-112:en-20-energy-commission,BAG-EN-112,line-7,energy,energy crew,2,6720,6760,,,
baghdad:BAG-RS-L6-012:rs-40-fitout-static-test,BAG-RS-L6-012,line-6,rolling-stock,Baghdad six-car fitout and static test,9,9272,9424,,,
baghdad:BAG-RS-L6-033:rs-30-traction-battery-control,BAG-RS-L6-033,line-6,rolling-stock,Baghdad six-car electrical integration,4,9272,9464,,,
baghdad:BAG-RS-L6-048:rs-25-clip-on-body,BAG-RS-L6-048,line-6,rolling-stock,Baghdad six-car body installation,1,9272,9296,,,
baghdad:BAG-RS-L6-059:rs-23-moulded-body-modules,BAG-RS-L6-059,line-6,rolling-stock,Baghdad six-car composite kits,2,9272,9368,,,
baghdad:BAG-RS-L5-082:rs-50-dynamic-commissioning,BAG-RS-L5-082,line-5,rolling-stock,Baghdad trainset acceptance bays,4,9280,9400,0,9288,9307
baghdad:BAG-RS-L6-013:rs-40-fitout-static-test,BAG-RS-L6-013,line-6,rolling-stock,Baghdad six-car fitout and static test,10,9280,9432,,,
baghdad:BAG-RS-L6-034:rs-30-traction-battery-control,BAG-RS-L6-034,line-6,rolling-stock,Baghdad six-car electrical integration,5,9280,9472,,,
baghdad:BAG-RS-L6-049:rs-25-clip-on-body,BAG-RS-L6-049,line-6,rolling-stock,Baghdad six-car body installation,3,9280,9304,,,
baghdad:BAG-RS-L6-060:rs-23-moulded-body-modules,BAG-RS-L6-060,line-6,rolling-stock,Baghdad six-car composite kits,6,9280,9376,,,
baghdad:BAG-RS-L6-061:rs-23-moulded-body-modules,BAG-RS-L6-061,line-6,rolling-stock,Baghdad six-car composite kits,7,9280,9376,,,
baghdad:BAG-RS-L6-087:rs-20-carbody-bogie,BAG-RS-L6-087,line-6,rolling-stock,Baghdad six-car structural assembly,21,9280,9512,,,
baghdad:BAG-RS-L6-088:rs-20-carbody-bogie,BAG-RS-L6-088,line-6,rolling-stock,Baghdad six-car structural assembly,22,9280,9512,,,
baghdad:BAG-RS-L6-089:rs-20-carbody-bogie,BAG-RS-L6-089,line-6,rolling-stock,Baghdad six-car structural assembly,23,9280,9512,,,
baghdad:BAG-RS-L6-090:rs-20-carbody-bogie,BAG-RS-L6-090,line-6,rolling-stock,Baghdad six-car structural assembly,24,9280,9512,,,
baghdad:BAG-RS-L7-047:rs-10-material-kit,BAG-RS-L7-047,line-7,rolling-stock,Baghdad trainset kitting,1,9280,9312,,,
baghdad:BAG-RS-L7-048:rs-10-material-kit,BAG-RS-L7-048,line-7,rolling-stock,Baghdad trainset kitting,2,9280,9312,,,
baghdad:BAG-RS-L7-049:rs-10-material-kit,BAG-RS-L7-049,line-7,rolling-stock,Baghdad trainset kitting,3,9280,9312,,,
baghdad:BAG-RS-L7-050:rs-10-material-kit,BAG-RS-L7-050,line-7,rolling-stock,Baghdad trainset kitting,4,9280,9312,,,
baghdad:BAG-RS-L5-083:rs-50-dynamic-commissioning,BAG-RS-L5-083,line-5,rolling-stock,Baghdad trainset acceptance bays,5,9288,9408,1,9296,9315
baghdad:BAG-RS-L5-084:rs-50-dynamic-commissioning,BAG-RS-L5-084,line-5,rolling-stock,Baghdad trainset acceptance bays,6,9288,9408,2,9296,9315
baghdad:BAG-RS-L6-014:rs-40-fitout-static-test,BAG-RS-L6-014,line-6,rolling-stock,Baghdad six-car fitout and static test,11,9288,9440,,,
baghdad:BAG-RS-L6-035:rs-30-traction-battery-control,BAG-RS-L6-035,line-6,rolling-stock,Baghdad six-car electrical integration,6,9288,9480,,,
baghdad:BAG-RS-L6-050:rs-25-clip-on-body,BAG-RS-L6-050,line-6,rolling-stock,Baghdad six-car body installation,2,9288,9312,,,
baghdad:BAG-RS-L6-062:rs-23-moulded-body-modules,BAG-RS-L6-062,line-6,rolling-stock,Baghdad six-car composite kits,3,9288,9384,,,
baghdad:BAG-RS-L6-015:rs-40-fitout-static-test,BAG-RS-L6-015,line-6,rolling-stock,Baghdad six-car fitout and static test,16,9296,9448,,,
baghdad:BAG-RS-L6-036:rs-30-traction-battery-control,BAG-RS-L6-036,line-6,rolling-stock,Baghdad six-car electrical integration,7,9296,9488,,,
baghdad:BAG-RS-L6-051:rs-25-clip-on-body,BAG-RS-L6-051,line-6,rolling-stock,Baghdad six-car body installation,1,9296,9320,,,
baghdad:BAG-SIG-106:wpt-20-install-commission,BAG-SIG-106,line-6,signalling-comms,wayside systems crew,1,7000,7032,,,
baghdad:BAG-TRK-L7-015:trk-30-trackform-rail,BAG-TRK-L7-015,line-7,track-section,track crew,1,8608,8696,,,
baghdad:BAG-WPT-L6-004:wpt-20-install-commission,BAG-WPT-L6-004,line-6,waypoint,wayside systems crew,2,6808,6840,,,
baghdad:BAG-RS-L5-085:rs-50-dynamic-commissioning,BAG-RS-L5-085,line-5,rolling-stock,Baghdad trainset acceptance bays,7,9304,9424,0,9312,9331
baghdad:BAG-RS-L6-016:rs-40-fitout-static-test,BAG-RS-L6-016,line-6,rolling-stock,Baghdad six-car fitout and static test,12,9304,9456,,,
baghdad:BAG-RS-L6-037:rs-30-traction-battery-control,BAG-RS-L6-037,line-6,rolling-stock,Baghdad six-car electrical integration,8,9304,9496,,,
baghdad:BAG-WPT-L6-005:wpt-10-cabinet-bench,BAG-WPT-L6-005,line-6,waypoint,wayside bench,3,2272,2296,,,
baghdad:BAG-EN-113:en-10-energy-build,BAG-EN-113,line-7,energy,energy crew,1,6760,6840,,,
baghdad:BAG-EN-114:en-10-energy-build,BAG-EN-114,line-7,energy,energy crew,2,6760,6840,,,
baghdad:BAG-RS-L5-086:rs-50-dynamic-commissioning,BAG-RS-L5-086,line-5,rolling-stock,Baghdad trainset acceptance bays,8,9312,9432,1,9320,9339
baghdad:BAG-RS-L6-017:rs-40-fitout-static-test,BAG-RS-L6-017,line-6,rolling-stock,Baghdad six-car fitout and static test,17,9312,9464,,,
baghdad:BAG-RS-L6-038:rs-30-traction-battery-control,BAG-RS-L6-038,line-6,rolling-stock,Baghdad six-car electrical integration,9,9312,9504,,,
baghdad:BAG-RS-L6-052:rs-25-clip-on-body,BAG-RS-L6-052,line-6,rolling-stock,Baghdad six-car body installation,2,9312,9336,,,
baghdad:BAG-RS-L6-053:rs-25-clip-on-body,BAG-RS-L6-053,line-6,rolling-stock,Baghdad six-car body installation,3,9312,9336,,,
baghdad:BAG-RS-L6-063:rs-23-moulded-body-modules,BAG-RS-L6-063,line-6,rolling-stock,Baghdad six-car composite kits,4,9312,9408,,,
baghdad:BAG-RS-L6-064:rs-23-moulded-body-modules,BAG-RS-L6-064,line-6,rolling-stock,Baghdad six-car composite kits,8,9312,9408,,,
baghdad:BAG-RS-L6-065:rs-23-moulded-body-modules,BAG-RS-L6-065,line-6,rolling-stock,Baghdad six-car composite kits,9,9312,9408,,,
baghdad:BAG-RS-L6-091:rs-20-carbody-bogie,BAG-RS-L6-091,line-6,rolling-stock,Baghdad six-car structural assembly,25,9312,9544,,,
baghdad:BAG-RS-L6-092:rs-20-carbody-bogie,BAG-RS-L6-092,line-6,rolling-stock,Baghdad six-car structural assembly,26,9312,9544,,,
baghdad:BAG-RS-L7-051:rs-10-material-kit,BAG-RS-L7-051,line-7,rolling-stock,Baghdad trainset kitting,1,9312,9344,,,
baghdad:BAG-RS-L7-052:rs-10-material-kit,BAG-RS-L7-052,line-7,rolling-stock,Baghdad trainset kitting,2,9312,9344,,,
baghdad:BAG-RS-L7-053:rs-10-material-kit,BAG-RS-L7-053,line-7,rolling-stock,Baghdad trainset kitting,3,9312,9344,,,
baghdad:BAG-RS-L7-054:rs-10-material-kit,BAG-RS-L7-054,line-7,rolling-stock,Baghdad trainset kitting,4,9312,9344,,,
baghdad:BAG-ST-108:st-20-mep-passenger-systems,BAG-ST-108,line-6,station,station systems crew,2,7064,7144,,,
baghdad:BAG-ST-118:st-20-mep-passenger-systems,BAG-ST-118,line-7,station,station systems crew,1,7688,7768,,,
baghdad:BAG-RS-L6-018:rs-40-fitout-static-test,BAG-RS-L6-018,line-6,rolling-stock,Baghdad six-car fitout and static test,1,9320,9472,,,
baghdad:BAG-RS-L6-039:rs-30-traction-battery-control,BAG-RS-L6-039,line-6,rolling-stock,Baghdad six-car electrical integration,10,9320,9512,,,
baghdad:BAG-RS-L6-054:rs-25-clip-on-body,BAG-RS-L6-054,line-6,rolling-stock,Baghdad six-car body installation,1,9320,9344,,,
baghdad:BAG-RS-L5-087:rs-50-dynamic-commissioning,BAG-RS-L5-087,line-5,rolling-stock,Baghdad trainset acceptance bays,9,9328,9448,0,9336,9355
baghdad:BAG-RS-L5-088:rs-50-dynamic-commissioning,BAG-RS-L5-088,line-5,rolling-stock,Baghdad trainset acceptance bays,10,9328,9448,2,9336,9355
baghdad:BAG-RS-L6-019:rs-40-fitout-static-test,BAG-RS-L6-019,line-6,rolling-stock,Baghdad six-car fitout and static test,2,9328,9480,,,
baghdad:BAG-RS-L6-040:rs-30-traction-battery-control,BAG-RS-L6-040,line-6,rolling-stock,Baghdad six-car electrical integration,11,9328,9520,,,
baghdad:BAG-RS-L6-066:rs-23-moulded-body-modules,BAG-RS-L6-066,line-6,rolling-stock,Baghdad six-car composite kits,5,9328,9424,,,
baghdad:BAG-SIG-105:wpt-20-install-commission,BAG-SIG-105,line-6,signalling-comms,wayside systems crew,1,7080,7112,,,
baghdad:BAG-ST-131:st-10-civil-structure,BAG-ST-131,line-7,station,station civil crew,2,8416,8528,,,
baghdad:BAG-ST-136:st-10-civil-structure,BAG-ST-136,line-8,station,station civil crew,1,8744,8856,,,
baghdad:BAG-WPT-L6-005:wpt-20-install-commission,BAG-WPT-L6-005,line-6,waypoint,wayside systems crew,2,6840,6872,,,
baghdad:BAG-RS-L5-089:rs-50-dynamic-commissioning,BAG-RS-L5-089,line-5,rolling-stock,Baghdad trainset acceptance bays,11,9336,9456,1,9344,9363
baghdad:BAG-RS-L6-055:rs-25-clip-on-body,BAG-RS-L6-055,line-6,rolling-stock,Baghdad six-car body installation,2,9336,9360,,,
baghdad:BAG-TRK-L8-011:trk-10-survey-utility,BAG-TRK-L8-011,line-8,track-section,corridor civil crew,2,9336,9368,,,
baghdad:BAG-WPT-L6-006:wpt-10-cabinet-bench,BAG-WPT-L6-006,line-6,waypoint,wayside bench,1,2296,2320,,,
baghdad:BAG-WPT-L6-010:wpt-10-cabinet-bench,BAG-WPT-L6-010,line-6,waypoint,wayside bench,2,2320,2344,,,
baghdad:BAG-RS-L6-020:rs-40-fitout-static-test,BAG-RS-L6-020,line-6,rolling-stock,Baghdad six-car fitout and static test,3,9344,9496,,,
baghdad:BAG-RS-L6-021:rs-40-fitout-static-test,BAG-RS-L6-021,line-6,rolling-stock,Baghdad six-car fitout and static test,13,9344,9496,,,
baghdad:BAG-RS-L6-041:rs-30-traction-battery-control,BAG-RS-L6-041,line-6,rolling-stock,Baghdad six-car electrical integration,12,9344,9536,,,
baghdad:BAG-RS-L6-042:rs-30-traction-battery-control,BAG-RS-L6-042,line-6,rolling-stock,Baghdad six-car electrical integration,13,9344,9536,,,
baghdad:BAG-RS-L6-056:rs-25-clip-on-body,BAG-RS-L6-056,line-6,rolling-stock,Baghdad six-car body installation,1,9344,9368,,,
baghdad:BAG-RS-L6-057:rs-25-clip-on-body,BAG-RS-L6-057,line-6,rolling-stock,Baghdad six-car body installation,3,9344,9368,,,
baghdad:BAG-RS-L7-055:rs-10-material-kit,BAG-RS-L7-055,line-7,rolling-stock,Baghdad trainset kitting,1,9344,9376,,,
baghdad:BAG-RS-L7-056:rs-10-material-kit,BAG-RS-L7-056,line-7,rolling-stock,Baghdad trainset kitting,2,9344,9376,,,
baghdad:BAG-RS-L7-057:rs-10-material-kit,BAG-RS-L7-057,line-7,rolling-stock,Baghdad trainset kitting,3,9344,9376,,,
baghdad:BAG-RS-L7-058:rs-10-material-kit,BAG-RS-L7-058,line-7,rolling-stock,Baghdad trainset kitting,4,9344,9376,,,
baghdad:BAG-TRK-L8-010:trk-10-survey-utility,BAG-TRK-L8-010,line-8,track-section,corridor civil crew,1,9312,9328,,,
baghdad:BAG-RS-L5-090:rs-50-dynamic-commissioning,BAG-RS-L5-090,line-5,rolling-stock,Baghdad trainset acceptance bays,12,9352,9472,0,9360,9379
baghdad:BAG-RS-L6-043:rs-30-traction-battery-control,BAG-RS-L6-043,line-6,rolling-stock,Baghdad six-car electrical integration,14,9352,9544,,,
baghdad:BAG-RS-L6-067:rs-23-moulded-body-modules,BAG-RS-L6-067,line-6,rolling-stock,Baghdad six-car composite kits,1,9352,9448,,,
baghdad:BAG-RS-L6-068:rs-23-moulded-body-modules,BAG-RS-L6-068,line-6,rolling-stock,Baghdad six-car composite kits,10,9352,9448,,,
baghdad:BAG-RS-L6-069:rs-23-moulded-body-modules,BAG-RS-L6-069,line-6,rolling-stock,Baghdad six-car composite kits,11,9352,9448,,,
baghdad:BAG-RS-L6-093:rs-20-carbody-bogie,BAG-RS-L6-093,line-6,rolling-stock,Baghdad six-car structural assembly,1,9352,9584,,,
baghdad:BAG-RS-L6-094:rs-20-carbody-bogie,BAG-RS-L6-094,line-6,rolling-stock,Baghdad six-car structural assembly,2,9352,9584,,,
baghdad:BAG-RS-L6-095:rs-20-carbody-bogie,BAG-RS-L6-095,line-6,rolling-stock,Baghdad six-car structural assembly,3,9352,9584,,,
baghdad:BAG-RS-L6-096:rs-20-carbody-bogie,BAG-RS-L6-096,line-6,rolling-stock,Baghdad six-car structural assembly,4,9352,9584,,,
baghdad:BAG-RS-L6-001:rs-50-dynamic-commissioning,BAG-RS-L6-001,line-6,rolling-stock,Baghdad trainset acceptance bays,13,9360,9480,1,9368,9387
baghdad:BAG-RS-L6-022:rs-40-fitout-static-test,BAG-RS-L6-022,line-6,rolling-stock,Baghdad six-car fitout and static test,4,9360,9512,,,
baghdad:BAG-RS-L6-058:rs-25-clip-on-body,BAG-RS-L6-058,line-6,rolling-stock,Baghdad six-car body installation,2,9360,9384,,,
baghdad:BAG-TRK-L8-010:trk-20-subgrade-drainage,BAG-TRK-L8-010,line-8,track-section,corridor civil crew,1,9328,9408,,,
baghdad:BAG-WPT-L6-006:wpt-20-install-commission,BAG-WPT-L6-006,line-6,waypoint,wayside systems crew,2,6888,6920,,,
baghdad:BAG-WPT-L6-010:wpt-20-install-commission,BAG-WPT-L6-010,line-6,waypoint,wayside systems crew,1,7112,7144,,,
baghdad:BAG-RS-L6-023:rs-40-fitout-static-test,BAG-RS-L6-023,line-6,rolling-stock,Baghdad six-car fitout and static test,5,9368,9520,,,
baghdad:BAG-RS-L6-044:rs-30-traction-battery-control,BAG-RS-L6-044,line-6,rolling-stock,Baghdad six-car electrical integration,15,9368,9560,,,
baghdad:BAG-RS-L6-059:rs-25-clip-on-body,BAG-RS-L6-059,line-6,rolling-stock,Baghdad six-car body installation,1,9368,9392,,,
baghdad:BAG-RS-L6-070:rs-23-moulded-body-modules,BAG-RS-L6-070,line-6,rolling-stock,Baghdad six-car composite kits,2,9368,9464,,,
baghdad:BAG-TRK-L7-014:trk-30-trackform-rail,BAG-TRK-L7-014,line-7,track-section,track crew,2,8600,8688,,,
baghdad:BAG-TRK-L8-011:trk-20-subgrade-drainage,BAG-TRK-L8-011,line-8,track-section,corridor civil crew,2,9368,9512,,,
baghdad:BAG-WPT-L6-009:wpt-10-cabinet-bench,BAG-WPT-L6-009,line-6,waypoint,wayside bench,1,2320,2344,,,
baghdad:BAG-RS-L6-002:rs-50-dynamic-commissioning,BAG-RS-L6-002,line-6,rolling-stock,Baghdad trainset acceptance bays,1,9376,9496,0,9384,9403
baghdad:BAG-RS-L6-003:rs-50-dynamic-commissioning,BAG-RS-L6-003,line-6,rolling-stock,Baghdad trainset acceptance bays,2,9376,9496,2,9384,9403
baghdad:BAG-RS-L6-024:rs-40-fitout-static-test,BAG-RS-L6-024,line-6,rolling-stock,Baghdad six-car fitout and static test,14,9376,9528,,,
baghdad:BAG-RS-L6-045:rs-30-traction-battery-control,BAG-RS-L6-045,line-6,rolling-stock,Baghdad six-car electrical integration,16,9376,9568,,,
baghdad:BAG-RS-L6-060:rs-25-clip-on-body,BAG-RS-L6-060,line-6,rolling-stock,Baghdad six-car body installation,3,9376,9400,,,
baghdad:BAG-RS-L7-059:rs-10-material-kit,BAG-RS-L7-059,line-7,rolling-stock,Baghdad trainset kitting,1,9376,9408,,,
baghdad:BAG-RS-L7-060:rs-10-material-kit,BAG-RS-L7-060,line-7,rolling-stock,Baghdad trainset kitting,2,9376,9408,,,
baghdad:BAG-RS-L7-061:rs-10-material-kit,BAG-RS-L7-061,line-7,rolling-stock,Baghdad trainset kitting,3,9376,9408,,,
baghdad:BAG-RS-L7-062:rs-10-material-kit,BAG-RS-L7-062,line-7,rolling-stock,Baghdad trainset kitting,4,9376,9408,,,
baghdad:BAG-RS-L6-004:rs-50-dynamic-commissioning,BAG-RS-L6-004,line-6,rolling-stock,Baghdad trainset acceptance bays,3,9384,9504,1,9392,9411
baghdad:BAG-RS-L6-025:rs-40-fitout-static-test,BAG-RS-L6-025,line-6,rolling-stock,Baghdad six-car fitout and static test,6,9384,9536,,,
baghdad:BAG-RS-L6-046:rs-30-traction-battery-control,BAG-RS-L6-046,line-6,rolling-stock,Baghdad six-car electrical integration,17,9384,9576,,,
baghdad:BAG-RS-L6-061:rs-25-clip-on-body,BAG-RS-L6-061,line-6,rolling-stock,Baghdad six-car body installation,2,9384,9408,,,
baghdad:BAG-RS-L6-071:rs-23-moulded-body-modules,BAG-RS-L6-071,line-6,rolling-stock,Baghdad six-car composite kits,3,9384,9480,,,
baghdad:BAG-RS-L6-072:rs-23-moulded-body-modules,BAG-RS-L6-072,line-6,rolling-stock,Baghdad six-car composite kits,6,9384,9480,,,
baghdad:BAG-RS-L6-073:rs-23-moulded-body-modules,BAG-RS-L6-073,line-6,rolling-stock,Baghdad six-car composite kits,7,9384,9480,,,
baghdad:BAG-RS-L6-097:rs-20-carbody-bogie,BAG-RS-L6-097,line-6,rolling-stock,Baghdad six-car structural assembly,5,9384,9616,,,
baghdad:BAG-RS-L6-098:rs-20-carbody-bogie,BAG-RS-L6-098,line-6,rolling-stock,Baghdad six-car structural assembly,6,9384,9616,,,
baghdad:BAG-RS-L6-099:rs-20-carbody-bogie,BAG-RS-L6-099,line-6,rolling-stock,Baghdad six-car structural assembly,7,9384,9616,,,
baghdad:BAG-RS-L6-100:rs-20-carbody-bogie,BAG-RS-L6-100,line-6,rolling-stock,Baghdad six-car structural assembly,8,9384,9616,,,
baghdad:BAG-TRK-L8-001:trk-30-trackform-rail,BAG-TRK-L8-001,line-8,track-section,track crew,1,8776,8920,,,
baghdad:BAG-EN-113:en-20-energy-commission,BAG-EN-113,line-7,energy,energy crew,1,6840,6880,,,
baghdad:BAG-EN-114:en-20-energy-commission,BAG-EN-114,line-7,energy,energy crew,2,6840,6880,,,
baghdad:BAG-RS-L6-047:rs-30-traction-battery-control,BAG-RS-L6-047,line-6,rolling-stock,Baghdad six-car electrical integration,18,9392,9584,,,
baghdad:BAG-RS-L6-062:rs-25-clip-on-body,BAG-RS-L6-062,line-6,rolling-stock,Baghdad six-car body installation,1,9392,9416,,,
baghdad:BAG-SIG-108:wpt-20-install-commission,BAG-SIG-108,line-6,signalling-comms,wayside systems crew,1,7160,7192,,,
baghdad:BAG-ST-110:st-20-mep-passenger-systems,BAG-ST-110,line-6,station,station systems crew,2,7176,7256,,,
baghdad:BAG-ST-120:st-20-mep-passenger-systems,BAG-ST-120,line-7,station,station systems crew,1,7800,7880,,,
baghdad:BAG-WPT-L6-009:wpt-20-install-commission,BAG-WPT-L6-009,line-6,waypoint,wayside systems crew,2,7000,7032,,,
baghdad:BAG-RS-L6-005:rs-50-dynamic-commissioning,BAG-RS-L6-005,line-6,rolling-stock,Baghdad trainset acceptance bays,4,9400,9520,0,9408,9427
baghdad:BAG-RS-L6-026:rs-40-fitout-static-test,BAG-RS-L6-026,line-6,rolling-stock,Baghdad six-car fitout and static test,7,9400,9552,,,
baghdad:BAG-RS-L6-027:rs-40-fitout-static-test,BAG-RS-L6-027,line-6,rolling-stock,Baghdad six-car fitout and static test,8,9400,9552,,,
baghdad:BAG-RS-L6-048:rs-30-traction-battery-control,BAG-RS-L6-048,line-6,rolling-stock,Baghdad six-car electrical integration,19,9400,9592,,,
baghdad:BAG-WPT-L6-012:wpt-10-cabinet-bench,BAG-WPT-L6-012,line-6,waypoint,wayside bench,1,2344,2368,,,
baghdad:BAG-RS-L6-006:rs-50-dynamic-commissioning,BAG-RS-L6-006,line-6,rolling-stock,Baghdad trainset acceptance bays,5,9408,9528,1,9416,9435
baghdad:BAG-RS-L6-007:rs-50-dynamic-commissioning,BAG-RS-L6-007,line-6,rolling-stock,Baghdad trainset acceptance bays,6,9408,9528,2,9416,9435
baghdad:BAG-RS-L6-028:rs-40-fitout-static-test,BAG-RS-L6-028,line-6,rolling-stock,Baghdad six-car fitout and static test,15,9408,9560,,,
baghdad:BAG-RS-L6-049:rs-30-traction-battery-control,BAG-RS-L6-049,line-6,rolling-stock,Baghdad six-car electrical integration,20,9408,9600,,,
baghdad:BAG-RS-L6-063:rs-25-clip-on-body,BAG-RS-L6-063,line-6,rolling-stock,Baghdad six-car body installation,2,9408,9432,,,
baghdad:BAG-RS-L6-064:rs-25-clip-on-body,BAG-RS-L6-064,line-6,rolling-stock,Baghdad six-car body installation,3,9408,9432,,,
baghdad:BAG-RS-L6-074:rs-23-moulded-body-modules,BAG-RS-L6-074,line-6,rolling-stock,Baghdad six-car composite kits,4,9408,9504,,,
baghdad:BAG-RS-L7-063:rs-10-material-kit,BAG-RS-L7-063,line-7,rolling-stock,Baghdad trainset kitting,1,9408,9440,,,
baghdad:BAG-RS-L7-064:rs-10-material-kit,BAG-RS-L7-064,line-7,rolling-stock,Baghdad trainset kitting,2,9408,9440,,,
baghdad:BAG-RS-L7-065:rs-10-material-kit,BAG-RS-L7-065,line-7,rolling-stock,Baghdad trainset kitting,3,9408,9440,,,
baghdad:BAG-RS-L7-066:rs-10-material-kit,BAG-RS-L7-066,line-7,rolling-stock,Baghdad trainset kitting,4,9408,9440,,,
baghdad:BAG-WPT-L6-008:wpt-10-cabinet-bench,BAG-WPT-L6-008,line-6,waypoint,wayside bench,3,2296,2320,,,
baghdad:BAG-RS-L6-050:rs-30-traction-battery-control,BAG-RS-L6-050,line-6,rolling-stock,Baghdad six-car electrical integration,21,9416,9608,,,
baghdad:BAG-RS-L6-065:rs-25-clip-on-body,BAG-RS-L6-065,line-6,rolling-stock,Baghdad six-car body installation,1,9416,9440,,,
baghdad:BAG-RS-L6-075:rs-23-moulded-body-modules,BAG-RS-L6-075,line-6,rolling-stock,Baghdad six-car composite kits,8,9416,9512,,,
baghdad:BAG-RS-L6-076:rs-23-moulded-body-modules,BAG-RS-L6-076,line-6,rolling-stock,Baghdad six-car composite kits,9,9416,9512,,,
baghdad:BAG-RS-L6-101:rs-20-carbody-bogie,BAG-RS-L6-101,line-6,rolling-stock,Baghdad six-car structural assembly,9,9416,9648,,,
baghdad:BAG-RS-L6-102:rs-20-carbody-bogie,BAG-RS-L6-102,line-6,rolling-stock,Baghdad six-car structural assembly,10,9416,9648,,,
baghdad:BAG-RS-L6-103:rs-20-carbody-bogie,BAG-RS-L6-103,line-6,rolling-stock,Baghdad six-car structural assembly,11,9416,9648,,,
baghdad:BAG-RS-L6-104:rs-20-carbody-bogie,BAG-RS-L6-104,line-6,rolling-stock,Baghdad six-car structural assembly,12,9416,9648,,,
baghdad:BAG-RS-L6-008:rs-50-dynamic-commissioning,BAG-RS-L6-008,line-6,rolling-stock,Baghdad trainset acceptance bays,7,9424,9544,0,9432,9451
baghdad:BAG-RS-L6-029:rs-40-fitout-static-test,BAG-RS-L6-029,line-6,rolling-stock,Baghdad six-car fitout and static test,9,9424,9576,,,
baghdad:BAG-RS-L6-077:rs-23-moulded-body-modules,BAG-RS-L6-077,line-6,rolling-stock,Baghdad six-car composite kits,5,9424,9520,,,
baghdad:BAG-SIG-107:wpt-20-install-commission,BAG-SIG-107,line-6,signalling-comms,wayside systems crew,2,7080,7112,,,
baghdad:BAG-WPT-L6-012:wpt-20-install-commission,BAG-WPT-L6-012,line-6,waypoint,wayside systems crew,1,7192,7224,,,
baghdad:BAG-EN-115:en-10-energy-build,BAG-EN-115,line-7,energy,energy crew,1,6880,6960,,,
baghdad:BAG-EN-116:en-10-energy-build,BAG-EN-116,line-7,energy,energy crew,2,6880,6960,,,
baghdad:BAG-RS-L6-009:rs-50-dynamic-commissioning,BAG-RS-L6-009,line-6,rolling-stock,Baghdad trainset acceptance bays,8,9432,9552,1,9440,9459
baghdad:BAG-RS-L6-066:rs-25-clip-on-body,BAG-RS-L6-066,line-6,rolling-stock,Baghdad six-car body installation,2,9432,9456,,,
baghdad:BAG-WPT-L6-011:wpt-10-cabinet-bench,BAG-WPT-L6-011,line-6,waypoint,wayside bench,3,2320,2344,,,
baghdad:BAG-RS-L6-030:rs-40-fitout-static-test,BAG-RS-L6-030,line-6,rolling-stock,Baghdad six-car fitout and static test,10,9440,9592,,,
baghdad:BAG-RS-L6-031:rs-40-fitout-static-test,BAG-RS-L6-031,line-6,rolling-stock,Baghdad six-car fitout and static test,11,9440,9592,,,
baghdad:BAG-RS-L6-051:rs-30-traction-battery-control,BAG-RS-L6-051,line-6,rolling-stock,Baghdad six-car electrical integration,1,9440,9632,,,
baghdad:BAG-RS-L6-052:rs-30-traction-battery-control,BAG-RS-L6-052,line-6,rolling-stock,Baghdad six-car electrical integration,2,9440,9632,,,
baghdad:BAG-RS-L6-053:rs-30-traction-battery-control,BAG-RS-L6-053,line-6,rolling-stock,Baghdad six-car electrical integration,3,9440,9632,,,
baghdad:BAG-RS-L7-067:rs-10-material-kit,BAG-RS-L7-067,line-7,rolling-stock,Baghdad trainset kitting,1,9440,9472,,,
baghdad:BAG-RS-L7-068:rs-10-material-kit,BAG-RS-L7-068,line-7,rolling-stock,Baghdad trainset kitting,2,9440,9472,,,
baghdad:BAG-RS-L7-069:rs-10-material-kit,BAG-RS-L7-069,line-7,rolling-stock,Baghdad trainset kitting,3,9440,9472,,,
baghdad:BAG-RS-L7-070:rs-10-material-kit,BAG-RS-L7-070,line-7,rolling-stock,Baghdad trainset kitting,4,9440,9472,,,
baghdad:BAG-ST-133:st-10-civil-structure,BAG-ST-133,line-7,station,station civil crew,2,8528,8640,,,
baghdad:BAG-ST-138:st-10-civil-structure,BAG-ST-138,line-8,station,station civil crew,1,8856,8968,,,
baghdad:BAG-TRK-L8-012:trk-10-survey-utility,BAG-TRK-L8-012,line-8,track-section,corridor civil crew,1,9408,9440,,,
baghdad:BAG-RS-L6-010:rs-50-dynamic-commissioning,BAG-RS-L6-010,line-6,rolling-stock,Baghdad trainset acceptance bays,9,9448,9568,0,9456,9475
baghdad:BAG-RS-L6-011:rs-50-dynamic-commissioning,BAG-RS-L6-011,line-6,rolling-stock,Baghdad trainset acceptance bays,10,9448,9568,2,9456,9475
baghdad:BAG-RS-L6-032:rs-40-fitout-static-test,BAG-RS-L6-032,line-6,rolling-stock,Baghdad six-car fitout and static test,16,9448,9600,,,
baghdad:BAG-RS-L6-067:rs-25-clip-on-body,BAG-RS-L6-067,line-6,rolling-stock,Baghdad six-car body installation,1,9448,9472,,,
baghdad:BAG-RS-L6-068:rs-25-clip-on-body,BAG-RS-L6-068,line-6,rolling-stock,Baghdad six-car body installation,3,9448,9472,,,
baghdad:BAG-RS-L6-078:rs-23-moulded-body-modules,BAG-RS-L6-078,line-6,rolling-stock,Baghdad six-car composite kits,1,9448,9544,,,
baghdad:BAG-RS-L6-079:rs-23-moulded-body-modules,BAG-RS-L6-079,line-6,rolling-stock,Baghdad six-car composite kits,10,9448,9544,,,
baghdad:BAG-RS-L6-080:rs-23-moulded-body-modules,BAG-RS-L6-080,line-6,rolling-stock,Baghdad six-car composite kits,11,9448,9544,,,
baghdad:BAG-RS-L7-001:rs-20-carbody-bogie,BAG-RS-L7-001,line-7,rolling-stock,Baghdad six-car structural assembly,13,9448,9680,,,
baghdad:BAG-RS-L7-002:rs-20-carbody-bogie,BAG-RS-L7-002,line-7,rolling-stock,Baghdad six-car structural assembly,14,9448,9680,,,
baghdad:BAG-RS-L7-003:rs-20-carbody-bogie,BAG-RS-L7-003,line-7,rolling-stock,Baghdad six-car structural assembly,15,9448,9680,,,
baghdad:BAG-RS-L7-004:rs-20-carbody-bogie,BAG-RS-L7-004,line-7,rolling-stock,Baghdad six-car structural assembly,16,9448,9680,,,
baghdad:BAG-RS-L6-012:rs-50-dynamic-commissioning,BAG-RS-L6-012,line-6,rolling-stock,Baghdad trainset acceptance bays,11,9456,9576,1,9464,9483
baghdad:BAG-RS-L6-069:rs-25-clip-on-body,BAG-RS-L6-069,line-6,rolling-stock,Baghdad six-car body installation,2,9456,9480,,,
baghdad:BAG-SIG-111:wpt-20-install-commission,BAG-SIG-111,line-6,signalling-comms,wayside systems crew,1,7248,7280,,,
baghdad:BAG-TRK-L8-002:trk-30-trackform-rail,BAG-TRK-L8-002,line-8,track-section,track crew,2,8776,8920,,,
baghdad:BAG-WPT-L6-011:wpt-20-install-commission,BAG-WPT-L6-011,line-6,waypoint,wayside systems crew,2,7160,7192,,,
baghdad:BAG-RS-L6-033:rs-40-fitout-static-test,BAG-RS-L6-033,line-6,rolling-stock,Baghdad six-car fitout and static test,12,9464,9616,,,
baghdad:BAG-RS-L6-054:rs-30-traction-battery-control,BAG-RS-L6-054,line-6,rolling-stock,Baghdad six-car electrical integration,4,9464,9656,,,
baghdad:BAG-RS-L6-081:rs-23-moulded-body-modules,BAG-RS-L6-081,line-6,rolling-stock,Baghdad six-car composite kits,2,9464,9560,,,
baghdad:BAG-WPT-L6-014:wpt-10-cabinet-bench,BAG-WPT-L6-014,line-6,waypoint,wayside bench,3,2344,2368,,,
baghdad:BAG-RS-L6-013:rs-50-dynamic-commissioning,BAG-RS-L6-013,line-6,rolling-stock,Baghdad trainset acceptance bays,12,9472,9592,0,9480,9499
baghdad:BAG-RS-L6-034:rs-40-fitout-static-test,BAG-RS-L6-034,line-6,rolling-stock,Baghdad six-car fitout and static test,1,9472,9624,,,
baghdad:BAG-RS-L6-055:rs-30-traction-battery-control,BAG-RS-L6-055,line-6,rolling-stock,Baghdad six-car electrical integration,5,9472,9664,,,
baghdad:BAG-RS-L6-070:rs-25-clip-on-body,BAG-RS-L6-070,line-6,rolling-stock,Baghdad six-car body installation,1,9472,9496,,,
baghdad:BAG-RS-L7-071:rs-10-material-kit,BAG-RS-L7-071,line-7,rolling-stock,Baghdad trainset kitting,1,9472,9504,,,
baghdad:BAG-RS-L7-072:rs-10-material-kit,BAG-RS-L7-072,line-7,rolling-stock,Baghdad trainset kitting,2,9472,9504,,,
baghdad:BAG-RS-L7-073:rs-10-material-kit,BAG-RS-L7-073,line-7,rolling-stock,Baghdad trainset kitting,3,9472,9504,,,
baghdad:BAG-RS-L7-074:rs-10-material-kit,BAG-RS-L7-074,line-7,rolling-stock,Baghdad trainset kitting,4,9472,9504,,,
baghdad:BAG-ST-112:st-20-mep-passenger-systems,BAG-ST-112,line-6,station,station systems crew,2,7312,7392,,,
baghdad:BAG-ST-121:st-20-mep-passenger-systems,BAG-ST-121,line-7,station,station systems crew,1,7880,7960,,,
baghdad:BAG-TRK-L8-012:trk-20-subgrade-drainage,BAG-TRK-L8-012,line-8,track-section,corridor civil crew,1,9440,9568,,,
baghdad:BAG-RS-L6-014:rs-50-dynamic-commissioning,BAG-RS-L6-014,line-6,rolling-stock,Baghdad trainset acceptance bays,13,9480,9600,1,9488,9507
baghdad:BAG-RS-L6-035:rs-40-fitout-static-test,BAG-RS-L6-035,line-6,rolling-stock,Baghdad six-car fitout and static test,2,9480,9632,,,
baghdad:BAG-RS-L6-056:rs-30-traction-battery-control,BAG-RS-L6-056,line-6,rolling-stock,Baghdad six-car electrical integration,6,9480,9672,,,
baghdad:BAG-RS-L6-071:rs-25-clip-on-body,BAG-RS-L6-071,line-6,rolling-stock,Baghdad six-car body installation,2,9480,9504,,,
baghdad:BAG-RS-L6-072:rs-25-clip-on-body,BAG-RS-L6-072,line-6,rolling-stock,Baghdad six-car body installation,3,9480,9504,,,
baghdad:BAG-RS-L6-082:rs-23-moulded-body-modules,BAG-RS-L6-082,line-6,rolling-stock,Baghdad six-car composite kits,3,9480,9576,,,
baghdad:BAG-RS-L6-083:rs-23-moulded-body-modules,BAG-RS-L6-083,line-6,rolling-stock,Baghdad six-car composite kits,6,9480,9576,,,
baghdad:BAG-RS-L6-084:rs-23-moulded-body-modules,BAG-RS-L6-084,line-6,rolling-stock,Baghdad six-car composite kits,7,9480,9576,,,
baghdad:BAG-RS-L7-005:rs-20-carbody-bogie,BAG-RS-L7-005,line-7,rolling-stock,Baghdad six-car structural assembly,17,9480,9712,,,
baghdad:BAG-RS-L7-006:rs-20-carbody-bogie,BAG-RS-L7-006,line-7,rolling-stock,Baghdad six-car structural assembly,18,9480,9712,,,
baghdad:BAG-RS-L7-007:rs-20-carbody-bogie,BAG-RS-L7-007,line-7,rolling-stock,Baghdad six-car structural assembly,19,9480,9712,,,
baghdad:BAG-RS-L7-008:rs-20-carbody-bogie,BAG-RS-L7-008,line-7,rolling-stock,Baghdad six-car structural assembly,20,9480,9712,,,
baghdad:BAG-RS-L6-036:rs-40-fitout-static-test,BAG-RS-L6-036,line-6,rolling-stock,Baghdad six-car fitout and static test,17,9488,9640,,,
baghdad:BAG-RS-L6-057:rs-30-traction-battery-control,BAG-RS-L6-057,line-6,rolling-stock,Baghdad six-car electrical integration,7,9488,9680,,,
baghdad:BAG-SIG-110:wpt-20-install-commission,BAG-SIG-110,line-6,signalling-comms,wayside systems crew,1,7320,7352,,,
baghdad:BAG-WPT-L6-014:wpt-20-install-commission,BAG-WPT-L6-014,line-6,waypoint,wayside systems crew,2,7248,7280,,,
baghdad:BAG-RS-L6-015:rs-50-dynamic-commissioning,BAG-RS-L6-015,line-6,rolling-stock,Baghdad trainset acceptance bays,1,9496,9616,0,9504,9523
baghdad:BAG-RS-L6-016:rs-50-dynamic-commissioning,BAG-RS-L6-016,line-6,rolling-stock,Baghdad trainset acceptance bays,2,9496,9616,2,9504,9523
baghdad:BAG-RS-L6-037:rs-40-fitout-static-test,BAG-RS-L6-037,line-6,rolling-stock,Baghdad six-car fitout and static test,3,9496,9648,,,
baghdad:BAG-RS-L6-058:rs-30-traction-battery-control,BAG-RS-L6-058,line-6,rolling-stock,Baghdad six-car electrical integration,8,9496,9688,,,
baghdad:BAG-RS-L6-073:rs-25-clip-on-body,BAG-RS-L6-073,line-6,rolling-stock,Baghdad six-car body installation,1,9496,9520,,,
baghdad:BAG-WPT-L6-013:wpt-10-cabinet-bench,BAG-WPT-L6-013,line-6,waypoint,wayside bench,2,2344,2368,,,
baghdad:BAG-RS-L6-017:rs-50-dynamic-commissioning,BAG-RS-L6-017,line-6,rolling-stock,Baghdad trainset acceptance bays,3,9504,9624,1,9512,9531
baghdad:BAG-RS-L6-038:rs-40-fitout-static-test,BAG-RS-L6-038,line-6,rolling-stock,Baghdad six-car fitout and static test,13,9504,9656,,,
baghdad:BAG-RS-L6-059:rs-30-traction-battery-control,BAG-RS-L6-059,line-6,rolling-stock,Baghdad six-car electrical integration,9,9504,9696,,,
baghdad:BAG-RS-L6-074:rs-25-clip-on-body,BAG-RS-L6-074,line-6,rolling-stock,Baghdad six-car body installation,2,9504,9528,,,
baghdad:BAG-RS-L6-085:rs-23-moulded-body-modules,BAG-RS-L6-085,line-6,rolling-stock,Baghdad six-car composite kits,4,9504,9600,,,
baghdad:BAG-RS-L8-001:rs-10-material-kit,BAG-RS-L8-001,line-8,rolling-stock,Baghdad trainset kitting,1,9504,9536,,,
baghdad:BAG-RS-L8-002:rs-10-material-kit,BAG-RS-L8-002,line-8,rolling-stock,Baghdad trainset kitting,2,9504,9536,,,
baghdad:BAG-RS-L8-003:rs-10-material-kit,BAG-RS-L8-003,line-8,rolling-stock,Baghdad trainset kitting,3,9504,9536,,,
baghdad:BAG-RS-L8-004:rs-10-material-kit,BAG-RS-L8-004,line-8,rolling-stock,Baghdad trainset kitting,4,9504,9536,,,
baghdad:BAG-EN-115:en-20-energy-commission,BAG-EN-115,line-7,energy,energy crew,1,6960,7000,,,
baghdad:BAG-EN-116:en-20-energy-commission,BAG-EN-116,line-7,energy,energy crew,2,6960,7000,,,
baghdad:BAG-RS-L6-039:rs-40-fitout-static-test,BAG-RS-L6-039,line-6,rolling-stock,Baghdad six-car fitout and static test,4,9512,9664,,,
baghdad:BAG-RS-L6-060:rs-30-traction-battery-control,BAG-RS-L6-060,line-6,rolling-stock,Baghdad six-car electrical integration,10,9512,9704,,,
baghdad:BAG-RS-L6-075:rs-25-clip-on-body,BAG-RS-L6-075,line-6,rolling-stock,Baghdad six-car body installation,3,9512,9536,,,
baghdad:BAG-RS-L6-086:rs-23-moulded-body-modules,BAG-RS-L6-086,line-6,rolling-stock,Baghdad six-car composite kits,8,9512,9608,,,
baghdad:BAG-RS-L6-087:rs-23-moulded-body-modules,BAG-RS-L6-087,line-6,rolling-stock,Baghdad six-car composite kits,9,9512,9608,,,
baghdad:BAG-RS-L7-009:rs-20-carbody-bogie,BAG-RS-L7-009,line-7,rolling-stock,Baghdad six-car structural assembly,21,9512,9744,,,
baghdad:BAG-RS-L7-010:rs-20-carbody-bogie,BAG-RS-L7-010,line-7,rolling-stock,Baghdad six-car structural assembly,22,9512,9744,,,
baghdad:BAG-RS-L7-011:rs-20-carbody-bogie,BAG-RS-L7-011,line-7,rolling-stock,Baghdad six-car structural assembly,23,9512,9744,,,
baghdad:BAG-RS-L7-012:rs-20-carbody-bogie,BAG-RS-L7-012,line-7,rolling-stock,Baghdad six-car structural assembly,24,9512,9744,,,
baghdad:BAG-TRK-L8-013:trk-10-survey-utility,BAG-TRK-L8-013,line-8,track-section,corridor civil crew,2,9512,9528,,,
baghdad:BAG-RS-L6-018:rs-50-dynamic-commissioning,BAG-RS-L6-018,line-6,rolling-stock,Baghdad trainset acceptance bays,4,9520,9640,0,9528,9547
baghdad:BAG-RS-L6-040:rs-40-fitout-static-test,BAG-RS-L6-040,line-6,rolling-stock,Baghdad six-car fitout and static test,5,9520,9672,,,
baghdad:BAG-RS-L6-061:rs-30-traction-battery-control,BAG-RS-L6-061,line-6,rolling-stock,Baghdad six-car electrical integration,11,9520,9712,,,
baghdad:BAG-RS-L6-076:rs-25-clip-on-body,BAG-RS-L6-076,line-6,rolling-stock,Baghdad six-car body installation,1,9520,9544,,,
baghdad:BAG-RS-L6-088:rs-23-moulded-body-modules,BAG-RS-L6-088,line-6,rolling-stock,Baghdad six-car composite kits,5,9520,9616,,,
baghdad:BAG-SIG-113:wpt-20-install-commission,BAG-SIG-113,line-6,signalling-comms,wayside systems crew,1,7368,7400,,,
baghdad:BAG-WPT-L6-013:wpt-20-install-commission,BAG-WPT-L6-013,line-6,waypoint,wayside systems crew,2,7320,7352,,,
baghdad:BAG-RS-L6-019:rs-50-dynamic-commissioning,BAG-RS-L6-019,line-6,rolling-stock,Baghdad trainset acceptance bays,5,9528,9648,1,9536,9555
baghdad:BAG-RS-L6-020:rs-50-dynamic-commissioning,BAG-RS-L6-020,line-6,rolling-stock,Baghdad trainset acceptance bays,6,9528,9648,2,9536,9555
baghdad:BAG-RS-L6-077:rs-25-clip-on-body,BAG-RS-L6-077,line-6,rolling-stock,Baghdad six-car body installation,2,9528,9552,,,
baghdad:BAG-TRK-L8-003:trk-30-trackform-rail,BAG-TRK-L8-003,line-8,track-section,track crew,1,8952,9096,,,
baghdad:BAG-TRK-L8-013:trk-20-subgrade-drainage,BAG-TRK-L8-013,line-8,track-section,corridor civil crew,2,9528,9584,,,
baghdad:BAG-WPT-L6-016:wpt-10-cabinet-bench,BAG-WPT-L6-016,line-6,waypoint,wayside bench,2,2368,2392,,,
baghdad:BAG-RS-L6-041:rs-40-fitout-static-test,BAG-RS-L6-041,line-6,rolling-stock,Baghdad six-car fitout and static test,6,9536,9688,,,
baghdad:BAG-RS-L6-042:rs-40-fitout-static-test,BAG-RS-L6-042,line-6,rolling-stock,Baghdad six-car fitout and static test,14,9536,9688,,,
baghdad:BAG-RS-L6-062:rs-30-traction-battery-control,BAG-RS-L6-062,line-6,rolling-stock,Baghdad six-car electrical integration,12,9536,9728,,,
baghdad:BAG-RS-L6-063:rs-30-traction-battery-control,BAG-RS-L6-063,line-6,rolling-stock,Baghdad six-car electrical integration,13,9536,9728,,,
baghdad:BAG-RS-L8-005:rs-10-material-kit,BAG-RS-L8-005,line-8,rolling-stock,Baghdad trainset kitting,1,9536,9568,,,
baghdad:BAG-RS-L8-006:rs-10-material-kit,BAG-RS-L8-006,line-8,rolling-stock,Baghdad trainset kitting,2,9536,9568,,,
baghdad:BAG-RS-L8-007:rs-10-material-kit,BAG-RS-L8-007,line-8,rolling-stock,Baghdad trainset kitting,3,9536,9568,,,
baghdad:BAG-RS-L8-008:rs-10-material-kit,BAG-RS-L8-008,line-8,rolling-stock,Baghdad trainset kitting,4,9536,9568,,,
baghdad:BAG-RS-L6-021:rs-50-dynamic-commissioning,BAG-RS-L6-021,line-6,rolling-stock,Baghdad trainset acceptance bays,7,9544,9664,0,9552,9571
baghdad:BAG-RS-L6-064:rs-30-traction-battery-control,BAG-RS-L6-064,line-6,rolling-stock,Baghdad six-car electrical integration,14,9544,9736,,,
baghdad:BAG-RS-L6-078:rs-25-clip-on-body,BAG-RS-L6-078,line-6,rolling-stock,Baghdad six-car body installation,1,9544,9568,,,
baghdad:BAG-RS-L6-079:rs-25-clip-on-body,BAG-RS-L6-079,line-6,rolling-stock,Baghdad six-car body installation,3,9544,9568,,,
baghdad:BAG-RS-L6-089:rs-23-moulded-body-modules,BAG-RS-L6-089,line-6,rolling-stock,Baghdad six-car composite kits,1,9544,9640,,,
baghdad:BAG-RS-L6-090:rs-23-moulded-body-modules,BAG-RS-L6-090,line-6,rolling-stock,Baghdad six-car composite kits,10,9544,9640,,,
baghdad:BAG-RS-L6-091:rs-23-moulded-body-modules,BAG-RS-L6-091,line-6,rolling-stock,Baghdad six-car composite kits,11,9544,9640,,,
baghdad:BAG-RS-L7-013:rs-20-carbody-bogie,BAG-RS-L7-013,line-7,rolling-stock,Baghdad six-car structural assembly,25,9544,9776,,,
baghdad:BAG-RS-L7-014:rs-20-carbody-bogie,BAG-RS-L7-014,line-7,rolling-stock,Baghdad six-car structural assembly,26,9544,9776,,,
baghdad:BAG-EN-117:en-10-energy-build,BAG-EN-117,line-7,energy,energy crew,1,7000,7080,,,
baghdad:BAG-EN-118:en-10-energy-build,BAG-EN-118,line-7,energy,energy crew,2,7000,7080,,,
baghdad:BAG-RS-L6-022:rs-50-dynamic-commissioning,BAG-RS-L6-022,line-6,rolling-stock,Baghdad trainset acceptance bays,8,9552,9672,1,9560,9579
baghdad:BAG-RS-L6-043:rs-40-fitout-static-test,BAG-RS-L6-043,line-6,rolling-stock,Baghdad six-car fitout and static test,7,9552,9704,,,
baghdad:BAG-RS-L6-080:rs-25-clip-on-body,BAG-RS-L6-080,line-6,rolling-stock,Baghdad six-car body installation,2,9552,9576,,,
baghdad:BAG-SIG-112:wpt-20-install-commission,BAG-SIG-112,line-6,signalling-comms,wayside systems crew,1,7424,7456,,,
baghdad:BAG-ST-114:st-20-mep-passenger-systems,BAG-ST-114,line-6,station,station systems crew,2,7424,7504,,,
baghdad:BAG-ST-123:st-20-mep-passenger-systems,BAG-ST-123,line-7,station,station systems crew,1,8024,8104,,,
baghdad:BAG-ST-135:st-10-civil-structure,BAG-ST-135,line-8,station,station civil crew,2,8640,8752,,,
baghdad:BAG-ST-139:st-10-civil-structure,BAG-ST-139,line-8,station,station civil crew,1,8984,9096,,,
baghdad:BAG-WPT-L6-001:wpt-20-install-commission,BAG-WPT-L6-001,line-6,waypoint,wayside systems crew,3,6496,6528,,,
baghdad:BAG-WPT-L6-016:wpt-20-install-commission,BAG-WPT-L6-016,line-6,waypoint,wayside systems crew,2,7368,7400,,,
baghdad:BAG-RS-L6-044:rs-40-fitout-static-test,BAG-RS-L6-044,line-6,rolling-stock,Baghdad six-car fitout and static test,8,9560,9712,,,
baghdad:BAG-RS-L6-065:rs-30-traction-battery-control,BAG-RS-L6-065,line-6,rolling-stock,Baghdad six-car electrical integration,15,9560,9752,,,
baghdad:BAG-RS-L6-092:rs-23-moulded-body-modules,BAG-RS-L6-092,line-6,rolling-stock,Baghdad six-car composite kits,2,9560,9656,,,
baghdad:BAG-WPT-L6-015:wpt-10-cabinet-bench,BAG-WPT-L6-015,line-6,waypoint,wayside bench,1,2368,2392,,,
baghdad:BAG-WPT-L6-017:wpt-10-cabinet-bench,BAG-WPT-L6-017,line-6,waypoint,wayside bench,3,2368,2392,,,
baghdad:BAG-RS-L6-023:rs-50-dynamic-commissioning,BAG-RS-L6-023,line-6,rolling-stock,Baghdad trainset acceptance bays,9,9568,9688,0,9576,9595
baghdad:BAG-RS-L6-024:rs-50-dynamic-commissioning,BAG-RS-L6-024,line-6,rolling-stock,Baghdad trainset acceptance bays,10,9568,9688,2,9576,9595
baghdad:BAG-RS-L6-045:rs-40-fitout-static-test,BAG-RS-L6-045,line-6,rolling-stock,Baghdad six-car fitout and static test,15,9568,9720,,,
baghdad:BAG-RS-L6-066:rs-30-traction-battery-control,BAG-RS-L6-066,line-6,rolling-stock,Baghdad six-car electrical integration,16,9568,9760,,,
baghdad:BAG-RS-L6-081:rs-25-clip-on-body,BAG-RS-L6-081,line-6,rolling-stock,Baghdad six-car body installation,1,9568,9592,,,
baghdad:BAG-RS-L8-009:rs-10-material-kit,BAG-RS-L8-009,line-8,rolling-stock,Baghdad trainset kitting,1,9568,9600,,,
baghdad:BAG-RS-L8-010:rs-10-material-kit,BAG-RS-L8-010,line-8,rolling-stock,Baghdad trainset kitting,2,9568,9600,,,
baghdad:BAG-RS-L8-011:rs-10-material-kit,BAG-RS-L8-011,line-8,rolling-stock,Baghdad trainset kitting,3,9568,9600,,,
baghdad:BAG-RS-L8-012:rs-10-material-kit,BAG-RS-L8-012,line-8,rolling-stock,Baghdad trainset kitting,4,9568,9600,,,
baghdad:BAG-RS-L6-025:rs-50-dynamic-commissioning,BAG-RS-L6-025,line-6,rolling-stock,Baghdad trainset acceptance bays,11,9576,9696,1,9584,9603
baghdad:BAG-RS-L6-046:rs-40-fitout-static-test,BAG-RS-L6-046,line-6,rolling-stock,Baghdad six-car fitout and static test,9,9576,9728,,,
baghdad:BAG-RS-L6-067:rs-30-traction-battery-control,BAG-RS-L6-067,line-6,rolling-stock,Baghdad six-car electrical integration,17,9576,9768,,,
baghdad:BAG-RS-L6-082:rs-25-clip-on-body,BAG-RS-L6-082,line-6,rolling-stock,Baghdad six-car body installation,2,9576,9600,,,
baghdad:BAG-RS-L6-083:rs-25-clip-on-body,BAG-RS-L6-083,line-6,rolling-stock,Baghdad six-car body installation,3,9576,9600,,,
baghdad:BAG-RS-L6-068:rs-30-traction-battery-control,BAG-RS-L6-068,line-6,rolling-stock,Baghdad six-car electrical integration,18,9584,9776,,,
baghdad:BAG-RS-L6-093:rs-23-moulded-body-modules,BAG-RS-L6-093,line-6,rolling-stock,Baghdad six-car composite kits,3,9584,9680,,,
baghdad:BAG-RS-L6-094:rs-23-moulded-body-modules,BAG-RS-L6-094,line-6,rolling-stock,Baghdad six-car composite kits,6,9584,9680,,,
baghdad:BAG-RS-L6-095:rs-23-moulded-body-modules,BAG-RS-L6-095,line-6,rolling-stock,Baghdad six-car composite kits,7,9584,9680,,,
baghdad:BAG-RS-L7-015:rs-20-carbody-bogie,BAG-RS-L7-015,line-7,rolling-stock,Baghdad six-car structural assembly,1,9584,9816,,,
baghdad:BAG-RS-L7-016:rs-20-carbody-bogie,BAG-RS-L7-016,line-7,rolling-stock,Baghdad six-car structural assembly,2,9584,9816,,,
baghdad:BAG-RS-L7-017:rs-20-carbody-bogie,BAG-RS-L7-017,line-7,rolling-stock,Baghdad six-car structural assembly,3,9584,9816,,,
baghdad:BAG-RS-L7-018:rs-20-carbody-bogie,BAG-RS-L7-018,line-7,rolling-stock,Baghdad six-car structural assembly,4,9584,9816,,,
baghdad:BAG-SIG-104:wpt-20-install-commission,BAG-SIG-104,line-6,signalling-comms,wayside systems crew,3,6904,6936,,,
baghdad:BAG-TRK-L8-015:trk-10-survey-utility,BAG-TRK-L8-015,line-8,track-section,corridor civil crew,2,9584,9608,,,
baghdad:BAG-WPT-L6-015:wpt-20-install-commission,BAG-WPT-L6-015,line-6,waypoint,wayside systems crew,2,7424,7456,,,
baghdad:BAG-WPT-L6-017:wpt-20-install-commission,BAG-WPT-L6-017,line-6,waypoint,wayside systems crew,1,7456,7488,,,
baghdad:BAG-RS-L6-026:rs-50-dynamic-commissioning,BAG-RS-L6-026,line-6,rolling-stock,Baghdad trainset acceptance bays,12,9592,9712,0,9600,9619
baghdad:BAG-RS-L6-047:rs-40-fitout-static-test,BAG-RS-L6-047,line-6,rolling-stock,Baghdad six-car fitout and static test,10,9592,9744,,,
baghdad:BAG-RS-L6-048:rs-40-fitout-static-test,BAG-RS-L6-048,line-6,rolling-stock,Baghdad six-car fitout and static test,11,9592,9744,,,
baghdad:BAG-RS-L6-069:rs-30-traction-battery-control,BAG-RS-L6-069,line-6,rolling-stock,Baghdad six-car electrical integration,19,9592,9784,,,
baghdad:BAG-RS-L6-084:rs-25-clip-on-body,BAG-RS-L6-084,line-6,rolling-stock,Baghdad six-car body installation,1,9592,9616,,,
baghdad:BAG-WPT-L6-018:wpt-10-cabinet-bench,BAG-WPT-L6-018,line-6,waypoint,wayside bench,1,2392,2416,,,
baghdad:BAG-RS-L6-027:rs-50-dynamic-commissioning,BAG-RS-L6-027,line-6,rolling-stock,Baghdad trainset acceptance bays,13,9600,9720,1,9608,9627
baghdad:BAG-RS-L6-049:rs-40-fitout-static-test,BAG-RS-L6-049,line-6,rolling-stock,Baghdad six-car fitout and static test,16,9600,9752,,,
baghdad:BAG-RS-L6-070:rs-30-traction-battery-control,BAG-RS-L6-070,line-6,rolling-stock,Baghdad six-car electrical integration,20,9600,9792,,,
baghdad:BAG-RS-L6-085:rs-25-clip-on-body,BAG-RS-L6-085,line-6,rolling-stock,Baghdad six-car body installation,2,9600,9624,,,
baghdad:BAG-RS-L6-096:rs-23-moulded-body-modules,BAG-RS-L6-096,line-6,rolling-stock,Baghdad six-car composite kits,4,9600,9696,,,
baghdad:BAG-RS-L8-013:rs-10-material-kit,BAG-RS-L8-013,line-8,rolling-stock,Baghdad trainset kitting,1,9600,9632,,,
baghdad:BAG-RS-L8-014:rs-10-material-kit,BAG-RS-L8-014,line-8,rolling-stock,Baghdad trainset kitting,2,9600,9632,,,
baghdad:BAG-RS-L8-015:rs-10-material-kit,BAG-RS-L8-015,line-8,rolling-stock,Baghdad trainset kitting,3,9600,9632,,,
baghdad:BAG-RS-L8-016:rs-10-material-kit,BAG-RS-L8-016,line-8,rolling-stock,Baghdad trainset kitting,4,9600,9632,,,
baghdad:BAG-TRK-L8-004:trk-30-trackform-rail,BAG-TRK-L8-004,line-8,track-section,track crew,2,8952,9096,,,
baghdad:BAG-TRK-L8-014:trk-10-survey-utility,BAG-TRK-L8-014,line-8,track-section,corridor civil crew,1,9568,9584,,,
baghdad:BAG-RS-L6-071:rs-30-traction-battery-control,BAG-RS-L6-071,line-6,rolling-stock,Baghdad six-car electrical integration,21,9608,9800,,,
baghdad:BAG-RS-L6-086:rs-25-clip-on-body,BAG-RS-L6-086,line-6,rolling-stock,Baghdad six-car body installation,3,9608,9632,,,
baghdad:BAG-TRK-L8-015:trk-20-subgrade-drainage,BAG-TRK-L8-015,line-8,track-section,corridor civil crew,2,9608,9704,,,
baghdad:BAG-RS-L6-028:rs-50-dynamic-commissioning,BAG-RS-L6-028,line-6,rolling-stock,Baghdad trainset acceptance bays,1,9616,9736,0,9624,9643
baghdad:BAG-RS-L6-029:rs-50-dynamic-commissioning,BAG-RS-L6-029,line-6,rolling-stock,Baghdad trainset acceptance bays,2,9616,9736,2,9624,9643
baghdad:BAG-RS-L6-050:rs-40-fitout-static-test,BAG-RS-L6-050,line-6,rolling-stock,Baghdad six-car fitout and static test,12,9616,9768,,,
baghdad:BAG-RS-L6-087:rs-25-clip-on-body,BAG-RS-L6-087,line-6,rolling-stock,Baghdad six-car body installation,1,9616,9640,,,
baghdad:BAG-RS-L6-097:rs-23-moulded-body-modules,BAG-RS-L6-097,line-6,rolling-stock,Baghdad six-car composite kits,5,9616,9712,,,
baghdad:BAG-RS-L6-098:rs-23-moulded-body-modules,BAG-RS-L6-098,line-6,rolling-stock,Baghdad six-car composite kits,8,9616,9712,,,
baghdad:BAG-RS-L6-099:rs-23-moulded-body-modules,BAG-RS-L6-099,line-6,rolling-stock,Baghdad six-car composite kits,9,9616,9712,,,
baghdad:BAG-RS-L7-019:rs-20-carbody-bogie,BAG-RS-L7-019,line-7,rolling-stock,Baghdad six-car structural assembly,5,9616,9848,,,
baghdad:BAG-RS-L7-020:rs-20-carbody-bogie,BAG-RS-L7-020,line-7,rolling-stock,Baghdad six-car structural assembly,6,9616,9848,,,
baghdad:BAG-RS-L7-021:rs-20-carbody-bogie,BAG-RS-L7-021,line-7,rolling-stock,Baghdad six-car structural assembly,7,9616,9848,,,
baghdad:BAG-RS-L7-022:rs-20-carbody-bogie,BAG-RS-L7-022,line-7,rolling-stock,Baghdad six-car structural assembly,8,9616,9848,,,
baghdad:BAG-SIG-115:wpt-20-install-commission,BAG-SIG-115,line-6,signalling-comms,wayside systems crew,1,7488,7520,,,
baghdad:BAG-TRK-L8-014:trk-20-subgrade-drainage,BAG-TRK-L8-014,line-8,track-section,corridor civil crew,1,9584,9656,,,
baghdad:BAG-WPT-L6-008:wpt-20-install-commission,BAG-WPT-L6-008,line-6,waypoint,wayside systems crew,3,7080,7112,,,
baghdad:BAG-WPT-L6-018:wpt-20-install-commission,BAG-WPT-L6-018,line-6,waypoint,wayside systems crew,2,7488,7520,,,
baghdad:BAG-RS-L6-030:rs-50-dynamic-commissioning,BAG-RS-L6-030,line-6,rolling-stock,Baghdad trainset acceptance bays,3,9624,9744,1,9632,9651
baghdad:BAG-RS-L6-088:rs-25-clip-on-body,BAG-RS-L6-088,line-6,rolling-stock,Baghdad six-car body installation,2,9624,9648,,,
baghdad:BAG-WPT-L6-019:wpt-10-cabinet-bench,BAG-WPT-L6-019,line-6,waypoint,wayside bench,2,2392,2416,,,
baghdad:BAG-EN-117:en-20-energy-commission,BAG-EN-117,line-7,energy,energy crew,1,7080,7120,,,
baghdad:BAG-EN-118:en-20-energy-commission,BAG-EN-118,line-7,energy,energy crew,2,7080,7120,,,
baghdad:BAG-RS-L6-051:rs-40-fitout-static-test,BAG-RS-L6-051,line-6,rolling-stock,Baghdad six-car fitout and static test,1,9632,9784,,,
baghdad:BAG-RS-L6-052:rs-40-fitout-static-test,BAG-RS-L6-052,line-6,rolling-stock,Baghdad six-car fitout and static test,2,9632,9784,,,
baghdad:BAG-RS-L6-072:rs-30-traction-battery-control,BAG-RS-L6-072,line-6,rolling-stock,Baghdad six-car electrical integration,1,9632,9824,,,
baghdad:BAG-RS-L6-073:rs-30-traction-battery-control,BAG-RS-L6-073,line-6,rolling-stock,Baghdad six-car electrical integration,2,9632,9824,,,
baghdad:BAG-RS-L6-074:rs-30-traction-battery-control,BAG-RS-L6-074,line-6,rolling-stock,Baghdad six-car electrical integration,3,9632,9824,,,
baghdad:BAG-RS-L8-017:rs-10-material-kit,BAG-RS-L8-017,line-8,rolling-stock,Baghdad trainset kitting,1,9632,9664,,,
baghdad:BAG-RS-L8-018:rs-10-material-kit,BAG-RS-L8-018,line-8,rolling-stock,Baghdad trainset kitting,2,9632,9664,,,
baghdad:BAG-RS-L8-019:rs-10-material-kit,BAG-RS-L8-019,line-8,rolling-stock,Baghdad trainset kitting,3,9632,9664,,,
baghdad:BAG-RS-L8-020:rs-10-material-kit,BAG-RS-L8-020,line-8,rolling-stock,Baghdad trainset kitting,4,9632,9664,,,
baghdad:BAG-ST-116:st-20-mep-passenger-systems,BAG-ST-116,line-6,station,station systems crew,2,7536,7616,,,
baghdad:BAG-ST-124:st-20-mep-passenger-systems,BAG-ST-124,line-7,station,station systems crew,1,8136,8216,,,
baghdad:BAG-RS-L6-031:rs-50-dynamic-commissioning,BAG-RS-L6-031,line-6,rolling-stock,Baghdad trainset acceptance bays,4,9640,9760,0,9648,9667
baghdad:BAG-RS-L6-053:rs-40-fitout-static-test,BAG-RS-L6-053,line-6,rolling-stock,Baghdad six-car fitout and static test,17,9640,9792,,,
baghdad:BAG-RS-L6-089:rs-25-clip-on-body,BAG-RS-L6-089,line-6,rolling-stock,Baghdad six-car body installation,1,9640,9664,,,
baghdad:BAG-RS-L6-090:rs-25-clip-on-body,BAG-RS-L6-090,line-6,rolling-stock,Baghdad six-car body installation,3,9640,9664,,,
baghdad:BAG-RS-L6-100:rs-23-moulded-body-modules,BAG-RS-L6-100,line-6,rolling-stock,Baghdad six-car composite kits,1,9640,9736,,,
baghdad:BAG-RS-L6-032:rs-50-dynamic-commissioning,BAG-RS-L6-032,line-6,rolling-stock,Baghdad trainset acceptance bays,5,9648,9768,1,9656,9675
baghdad:BAG-RS-L6-033:rs-50-dynamic-commissioning,BAG-RS-L6-033,line-6,rolling-stock,Baghdad trainset acceptance bays,6,9648,9768,2,9656,9675
baghdad:BAG-RS-L6-091:rs-25-clip-on-body,BAG-RS-L6-091,line-6,rolling-stock,Baghdad six-car body installation,2,9648,9672,,,
baghdad:BAG-RS-L6-101:rs-23-moulded-body-modules,BAG-RS-L6-101,line-6,rolling-stock,Baghdad six-car composite kits,10,9648,9744,,,
baghdad:BAG-RS-L6-102:rs-23-moulded-body-modules,BAG-RS-L6-102,line-6,rolling-stock,Baghdad six-car composite kits,11,9648,9744,,,
baghdad:BAG-RS-L7-023:rs-20-carbody-bogie,BAG-RS-L7-023,line-7,rolling-stock,Baghdad six-car structural assembly,9,9648,9880,,,
baghdad:BAG-RS-L7-024:rs-20-carbody-bogie,BAG-RS-L7-024,line-7,rolling-stock,Baghdad six-car structural assembly,10,9648,9880,,,
baghdad:BAG-RS-L7-025:rs-20-carbody-bogie,BAG-RS-L7-025,line-7,rolling-stock,Baghdad six-car structural assembly,11,9648,9880,,,
baghdad:BAG-RS-L7-026:rs-20-carbody-bogie,BAG-RS-L7-026,line-7,rolling-stock,Baghdad six-car structural assembly,12,9648,9880,,,
baghdad:BAG-SIG-109:wpt-20-install-commission,BAG-SIG-109,line-6,signalling-comms,wayside systems crew,3,7168,7200,,,
baghdad:BAG-SIG-116:wpt-20-install-commission,BAG-SIG-116,line-6,signalling-comms,wayside systems crew,1,7688,7720,,,
baghdad:BAG-WPT-L6-019:wpt-20-install-commission,BAG-WPT-L6-019,line-6,waypoint,wayside systems crew,2,7688,7720,,,
baghdad:BAG-RS-L6-054:rs-40-fitout-static-test,BAG-RS-L6-054,line-6,rolling-stock,Baghdad six-car fitout and static test,3,9656,9808,,,
baghdad:BAG-RS-L6-075:rs-30-traction-battery-control,BAG-RS-L6-075,line-6,rolling-stock,Baghdad six-car electrical integration,4,9656,9848,,,
baghdad:BAG-RS-L6-103:rs-23-moulded-body-modules,BAG-RS-L6-103,line-6,rolling-stock,Baghdad six-car composite kits,2,9656,9752,,,
baghdad:BAG-WPT-L6-020:wpt-10-cabinet-bench,BAG-WPT-L6-020,line-6,waypoint,wayside bench,3,2392,2416,,,
baghdad:BAG-RS-L6-034:rs-50-dynamic-commissioning,BAG-RS-L6-034,line-6,rolling-stock,Baghdad trainset acceptance bays,7,9664,9784,0,9672,9691
baghdad:BAG-RS-L6-055:rs-40-fitout-static-test,BAG-RS-L6-055,line-6,rolling-stock,Baghdad six-car fitout and static test,4,9664,9816,,,
baghdad:BAG-RS-L6-076:rs-30-traction-battery-control,BAG-RS-L6-076,line-6,rolling-stock,Baghdad six-car electrical integration,5,9664,9856,,,
baghdad:BAG-RS-L6-092:rs-25-clip-on-body,BAG-RS-L6-092,line-6,rolling-stock,Baghdad six-car body installation,1,9664,9688,,,
baghdad:BAG-RS-L8-021:rs-10-material-kit,BAG-RS-L8-021,line-8,rolling-stock,Baghdad trainset kitting,1,9664,9696,,,
baghdad:BAG-RS-L8-022:rs-10-material-kit,BAG-RS-L8-022,line-8,rolling-stock,Baghdad trainset kitting,2,9664,9696,,,
baghdad:BAG-RS-L8-023:rs-10-material-kit,BAG-RS-L8-023,line-8,rolling-stock,Baghdad trainset kitting,3,9664,9696,,,
baghdad:BAG-RS-L8-024:rs-10-material-kit,BAG-RS-L8-024,line-8,rolling-stock,Baghdad trainset kitting,4,9664,9696,,,
baghdad:BAG-ST-137:st-10-civil-structure,BAG-ST-137,line-8,station,station civil crew,2,8808,8920,,,
baghdad:BAG-ST-142:st-10-civil-structure,BAG-ST-142,line-8,station,station civil crew,1,9160,9272,,,
baghdad:BAG-EN-119:en-10-energy-build,BAG-EN-119,line-7,energy,energy crew,1,7120,7200,,,
baghdad:BAG-EN-120:en-10-energy-build,BAG-EN-120,line-8,energy,energy crew,2,7120,7200,,,
baghdad:BAG-RS-L6-035:rs-50-dynamic-commissioning,BAG-RS-L6-035,line-6,rolling-stock,Baghdad trainset acceptance bays,8,9672,9792,1,9680,9699
baghdad:BAG-RS-L6-056:rs-40-fitout-static-test,BAG-RS-L6-056,line-6,rolling-stock,Baghdad six-car fitout and static test,5,9672,9824,,,
baghdad:BAG-RS-L6-077:rs-30-traction-battery-control,BAG-RS-L6-077,line-6,rolling-stock,Baghdad six-car electrical integration,6,9672,9864,,,
baghdad:BAG-TRK-L8-005:trk-30-trackform-rail,BAG-TRK-L8-005,line-8,track-section,track crew,1,9136,9288,,,
baghdad:BAG-RS-L6-057:rs-40-fitout-static-test,BAG-RS-L6-057,line-6,rolling-stock,Baghdad six-car fitout and static test,13,9680,9832,,,
baghdad:BAG-RS-L6-078:rs-30-traction-battery-control,BAG-RS-L6-078,line-6,rolling-stock,Baghdad six-car electrical integration,7,9680,9872,,,
baghdad:BAG-RS-L6-093:rs-25-clip-on-body,BAG-RS-L6-093,line-6,rolling-stock,Baghdad six-car body installation,2,9680,9704,,,
baghdad:BAG-RS-L6-094:rs-25-clip-on-body,BAG-RS-L6-094,line-6,rolling-stock,Baghdad six-car body installation,3,9680,9704,,,
baghdad:BAG-RS-L6-104:rs-23-moulded-body-modules,BAG-RS-L6-104,line-6,rolling-stock,Baghdad six-car composite kits,3,9680,9776,,,
baghdad:BAG-RS-L7-001:rs-23-moulded-body-modules,BAG-RS-L7-001,line-7,rolling-stock,Baghdad six-car composite kits,6,9680,9776,,,
baghdad:BAG-RS-L7-002:rs-23-moulded-body-modules,BAG-RS-L7-002,line-7,rolling-stock,Baghdad six-car composite kits,7,9680,9776,,,
baghdad:BAG-RS-L7-027:rs-20-carbody-bogie,BAG-RS-L7-027,line-7,rolling-stock,Baghdad six-car structural assembly,13,9680,9912,,,
baghdad:BAG-RS-L7-028:rs-20-carbody-bogie,BAG-RS-L7-028,line-7,rolling-stock,Baghdad six-car structural assembly,14,9680,9912,,,
baghdad:BAG-RS-L7-029:rs-20-carbody-bogie,BAG-RS-L7-029,line-7,rolling-stock,Baghdad six-car structural assembly,15,9680,9912,,,
baghdad:BAG-RS-L7-030:rs-20-carbody-bogie,BAG-RS-L7-030,line-7,rolling-stock,Baghdad six-car structural assembly,16,9680,9912,,,
baghdad:BAG-SIG-114:wpt-20-install-commission,BAG-SIG-114,line-6,signalling-comms,wayside systems crew,3,7432,7464,,,
baghdad:BAG-SIG-117:wpt-20-install-commission,BAG-SIG-117,line-6,signalling-comms,wayside systems crew,1,7824,7856,,,
baghdad:BAG-SW-128:sw-20-install-proof,BAG-SW-128,line-6,switch,track/switch crew,1,7824,7856,,,
baghdad:BAG-WPT-L6-020:wpt-20-install-commission,BAG-WPT-L6-020,line-6,waypoint,wayside systems crew,2,7824,7856,,,
baghdad:BAG-RS-L6-036:rs-50-dynamic-commissioning,BAG-RS-L6-036,line-6,rolling-stock,Baghdad trainset acceptance bays,9,9688,9808,0,9696,9715
baghdad:BAG-RS-L6-037:rs-50-dynamic-commissioning,BAG-RS-L6-037,line-6,rolling-stock,Baghdad trainset acceptance bays,10,9688,9808,2,9696,9715
baghdad:BAG-RS-L6-058:rs-40-fitout-static-test,BAG-RS-L6-058,line-6,rolling-stock,Baghdad six-car fitout and static test,6,9688,9840,,,
baghdad:BAG-RS-L6-079:rs-30-traction-battery-control,BAG-RS-L6-079,line-6,rolling-stock,Baghdad six-car electrical integration,8,9688,9880,,,
baghdad:BAG-RS-L6-095:rs-25-clip-on-body,BAG-RS-L6-095,line-6,rolling-stock,Baghdad six-car body installation,1,9688,9712,,,
baghdad:BAG-TRK-L8-016:trk-10-survey-utility,BAG-TRK-L8-016,line-8,track-section,corridor civil crew,1,9656,9688,,,
baghdad:BAG-RS-L6-038:rs-50-dynamic-commissioning,BAG-RS-L6-038,line-6,rolling-stock,Baghdad trainset acceptance bays,11,9696,9816,1,9704,9723
baghdad:BAG-RS-L6-059:rs-40-fitout-static-test,BAG-RS-L6-059,line-6,rolling-stock,Baghdad six-car fitout and static test,14,9696,9848,,,
baghdad:BAG-RS-L6-080:rs-30-traction-battery-control,BAG-RS-L6-080,line-6,rolling-stock,Baghdad six-car electrical integration,9,9696,9888,,,
baghdad:BAG-RS-L7-003:rs-23-moulded-body-modules,BAG-RS-L7-003,line-7,rolling-stock,Baghdad six-car composite kits,4,9696,9792,,,
baghdad:BAG-RS-L8-025:rs-10-material-kit,BAG-RS-L8-025,line-8,rolling-stock,Baghdad trainset kitting,1,9696,9728,,,
baghdad:BAG-RS-L8-026:rs-10-material-kit,BAG-RS-L8-026,line-8,rolling-stock,Baghdad trainset kitting,2,9696,9728,,,
baghdad:BAG-RS-L8-027:rs-10-material-kit,BAG-RS-L8-027,line-8,rolling-stock,Baghdad trainset kitting,3,9696,9728,,,
baghdad:BAG-RS-L8-028:rs-10-material-kit,BAG-RS-L8-028,line-8,rolling-stock,Baghdad trainset kitting,4,9696,9728,,,
baghdad:BAG-RS-L6-060:rs-40-fitout-static-test,BAG-RS-L6-060,line-6,rolling-stock,Baghdad six-car fitout and static test,7,9704,9856,,,
baghdad:BAG-RS-L6-081:rs-30-traction-battery-control,BAG-RS-L6-081,line-6,rolling-stock,Baghdad six-car electrical integration,10,9704,9896,,,
baghdad:BAG-RS-L6-096:rs-25-clip-on-body,BAG-RS-L6-096,line-6,rolling-stock,Baghdad six-car body installation,2,9704,9728,,,
baghdad:BAG-TRK-L8-017:trk-10-survey-utility,BAG-TRK-L8-017,line-8,track-section,corridor civil crew,2,9704,9728,,,
baghdad:BAG-RS-L6-039:rs-50-dynamic-commissioning,BAG-RS-L6-039,line-6,rolling-stock,Baghdad trainset acceptance bays,12,9712,9832,0,9720,9739
baghdad:BAG-RS-L6-061:rs-40-fitout-static-test,BAG-RS-L6-061,line-6,rolling-stock,Baghdad six-car fitout and static test,8,9712,9864,,,
baghdad:BAG-RS-L6-082:rs-30-traction-battery-control,BAG-RS-L6-082,line-6,rolling-stock,Baghdad six-car electrical integration,11,9712,9904,,,
baghdad:BAG-RS-L6-097:rs-25-clip-on-body,BAG-RS-L6-097,line-6,rolling-stock,Baghdad six-car body installation,1,9712,9736,,,
baghdad:BAG-RS-L6-098:rs-25-clip-on-body,BAG-RS-L6-098,line-6,rolling-stock,Baghdad six-car body installation,3,9712,9736,,,
baghdad:BAG-RS-L7-004:rs-23-moulded-body-modules,BAG-RS-L7-004,line-7,rolling-stock,Baghdad six-car composite kits,5,9712,9808,,,
baghdad:BAG-RS-L7-005:rs-23-moulded-body-modules,BAG-RS-L7-005,line-7,rolling-stock,Baghdad six-car composite kits,8,9712,9808,,,
baghdad:BAG-RS-L7-006:rs-23-moulded-body-modules,BAG-RS-L7-006,line-7,rolling-stock,Baghdad six-car composite kits,9,9712,9808,,,
baghdad:BAG-RS-L7-031:rs-20-carbody-bogie,BAG-RS-L7-031,line-7,rolling-stock,Baghdad six-car structural assembly,17,9712,9944,,,
baghdad:BAG-RS-L7-032:rs-20-carbody-bogie,BAG-RS-L7-032,line-7,rolling-stock,Baghdad six-car structural assembly,18,9712,9944,,,
baghdad:BAG-RS-L7-033:rs-20-carbody-bogie,BAG-RS-L7-033,line-7,rolling-stock,Baghdad six-car structural assembly,19,9712,9944,,,
baghdad:BAG-RS-L7-034:rs-20-carbody-bogie,BAG-RS-L7-034,line-7,rolling-stock,Baghdad six-car structural assembly,20,9712,9944,,,
baghdad:BAG-ST-126:st-20-mep-passenger-systems,BAG-ST-126,line-7,station,station systems crew,1,8256,8336,,,
baghdad:BAG-RS-L6-040:rs-50-dynamic-commissioning,BAG-RS-L6-040,line-6,rolling-stock,Baghdad trainset acceptance bays,13,9720,9840,1,9728,9747
baghdad:BAG-TRK-L8-016:trk-20-subgrade-drainage,BAG-TRK-L8-016,line-8,track-section,corridor civil crew,1,9688,9840,,,
baghdad:BAG-RS-L6-062:rs-40-fitout-static-test,BAG-RS-L6-062,line-6,rolling-stock,Baghdad six-car fitout and static test,9,9728,9880,,,
baghdad:BAG-RS-L6-063:rs-40-fitout-static-test,BAG-RS-L6-063,line-6,rolling-stock,Baghdad six-car fitout and static test,15,9728,9880,,,
baghdad:BAG-RS-L6-083:rs-30-traction-battery-control,BAG-RS-L6-083,line-6,rolling-stock,Baghdad six-car electrical integration,12,9728,9920,,,
baghdad:BAG-RS-L6-084:rs-30-traction-battery-control,BAG-RS-L6-084,line-6,rolling-stock,Baghdad six-car electrical integration,13,9728,9920,,,
baghdad:BAG-RS-L6-099:rs-25-clip-on-body,BAG-RS-L6-099,line-6,rolling-stock,Baghdad six-car body installation,2,9728,9752,,,
baghdad:BAG-RS-L8-029:rs-10-material-kit,BAG-RS-L8-029,line-8,rolling-stock,Baghdad trainset kitting,1,9728,9760,,,
baghdad:BAG-RS-L8-030:rs-10-material-kit,BAG-RS-L8-030,line-8,rolling-stock,Baghdad trainset kitting,2,9728,9760,,,
baghdad:BAG-RS-L8-031:rs-10-material-kit,BAG-RS-L8-031,line-8,rolling-stock,Baghdad trainset kitting,3,9728,9760,,,
baghdad:BAG-RS-L8-032:rs-10-material-kit,BAG-RS-L8-032,line-8,rolling-stock,Baghdad trainset kitting,4,9728,9760,,,
baghdad:BAG-TRK-L8-017:trk-20-subgrade-drainage,BAG-TRK-L8-017,line-8,track-section,corridor civil crew,2,9728,9824,,,
baghdad:BAG-RS-L6-041:rs-50-dynamic-commissioning,BAG-RS-L6-041,line-6,rolling-stock,Baghdad trainset acceptance bays,1,9736,9856,0,9744,9763
baghdad:BAG-RS-L6-042:rs-50-dynamic-commissioning,BAG-RS-L6-042,line-6,rolling-stock,Baghdad trainset acceptance bays,2,9736,9856,2,9744,9763
baghdad:BAG-RS-L6-085:rs-30-traction-battery-control,BAG-RS-L6-085,line-6,rolling-stock,Baghdad six-car electrical integration,14,9736,9928,,,
baghdad:BAG-RS-L6-100:rs-25-clip-on-body,BAG-RS-L6-100,line-6,rolling-stock,Baghdad six-car body installation,1,9736,9760,,,
baghdad:BAG-RS-L7-007:rs-23-moulded-body-modules,BAG-RS-L7-007,line-7,rolling-stock,Baghdad six-car composite kits,1,9736,9832,,,
baghdad:BAG-RS-L6-043:rs-50-dynamic-commissioning,BAG-RS-L6-043,line-6,rolling-stock,Baghdad trainset acceptance bays,3,9744,9864,1,9752,9771
baghdad:BAG-RS-L6-064:rs-40-fitout-static-test,BAG-RS-L6-064,line-6,rolling-stock,Baghdad six-car fitout and static test,10,9744,9896,,,
baghdad:BAG-RS-L6-101:rs-25-clip-on-body,BAG-RS-L6-101,line-6,rolling-stock,Baghdad six-car body installation,3,9744,9768,,,
baghdad:BAG-RS-L7-008:rs-23-moulded-body-modules,BAG-RS-L7-008,line-7,rolling-stock,Baghdad six-car composite kits,10,9744,9840,,,
baghdad:BAG-RS-L7-009:rs-23-moulded-body-modules,BAG-RS-L7-009,line-7,rolling-stock,Baghdad six-car composite kits,11,9744,9840,,,
baghdad:BAG-RS-L7-035:rs-20-carbody-bogie,BAG-RS-L7-035,line-7,rolling-stock,Baghdad six-car structural assembly,21,9744,9976,,,
baghdad:BAG-RS-L7-036:rs-20-carbody-bogie,BAG-RS-L7-036,line-7,rolling-stock,Baghdad six-car structural assembly,22,9744,9976,,,
baghdad:BAG-RS-L7-037:rs-20-carbody-bogie,BAG-RS-L7-037,line-7,rolling-stock,Baghdad six-car structural assembly,23,9744,9976,,,
baghdad:BAG-RS-L7-038:rs-20-carbody-bogie,BAG-RS-L7-038,line-7,rolling-stock,Baghdad six-car structural assembly,24,9744,9976,,,
baghdad:BAG-TRK-L8-006:trk-30-trackform-rail,BAG-TRK-L8-006,line-8,track-section,track crew,2,9136,9288,,,
baghdad:BAG-EN-119:en-20-energy-commission,BAG-EN-119,line-7,energy,energy crew,1,7200,7240,,,
baghdad:BAG-EN-120:en-20-energy-commission,BAG-EN-120,line-8,energy,energy crew,2,7200,7240,,,
baghdad:BAG-RS-L6-065:rs-40-fitout-static-test,BAG-RS-L6-065,line-6,rolling-stock,Baghdad six-car fitout and static test,11,9752,9904,,,
baghdad:BAG-RS-L6-086:rs-30-traction-battery-control,BAG-RS-L6-086,line-6,rolling-stock,Baghdad six-car electrical integration,15,9752,9944,,,
baghdad:BAG-RS-L6-102:rs-25-clip-on-body,BAG-RS-L6-102,line-6,rolling-stock,Baghdad six-car body installation,2,9752,9776,,,
baghdad:BAG-RS-L7-010:rs-23-moulded-body-modules,BAG-RS-L7-010,line-7,rolling-stock,Baghdad six-car composite kits,2,9752,9848,,,
baghdad:BAG-RS-L6-044:rs-50-dynamic-commissioning,BAG-RS-L6-044,line-6,rolling-stock,Baghdad trainset acceptance bays,4,9760,9880,0,9768,9787
baghdad:BAG-RS-L6-066:rs-40-fitout-static-test,BAG-RS-L6-066,line-6,rolling-stock,Baghdad six-car fitout and static test,16,9760,9912,,,
baghdad:BAG-RS-L6-087:rs-30-traction-battery-control,BAG-RS-L6-087,line-6,rolling-stock,Baghdad six-car electrical integration,16,9760,9952,,,
baghdad:BAG-RS-L6-103:rs-25-clip-on-body,BAG-RS-L6-103,line-6,rolling-stock,Baghdad six-car body installation,1,9760,9784,,,
baghdad:BAG-RS-L8-033:rs-10-material-kit,BAG-RS-L8-033,line-8,rolling-stock,Baghdad trainset kitting,1,9760,9792,,,
baghdad:BAG-RS-L8-034:rs-10-material-kit,BAG-RS-L8-034,line-8,rolling-stock,Baghdad trainset kitting,2,9760,9792,,,
baghdad:BAG-RS-L8-035:rs-10-material-kit,BAG-RS-L8-035,line-8,rolling-stock,Baghdad trainset kitting,3,9760,9792,,,
baghdad:BAG-RS-L8-036:rs-10-material-kit,BAG-RS-L8-036,line-8,rolling-stock,Baghdad trainset kitting,4,9760,9792,,,
baghdad:BAG-RS-L6-045:rs-50-dynamic-commissioning,BAG-RS-L6-045,line-6,rolling-stock,Baghdad trainset acceptance bays,5,9768,9888,1,9776,9795
baghdad:BAG-RS-L6-046:rs-50-dynamic-commissioning,BAG-RS-L6-046,line-6,rolling-stock,Baghdad trainset acceptance bays,6,9768,9888,2,9776,9795
baghdad:BAG-RS-L6-067:rs-40-fitout-static-test,BAG-RS-L6-067,line-6,rolling-stock,Baghdad six-car fitout and static test,12,9768,9920,,,
baghdad:BAG-RS-L6-088:rs-30-traction-battery-control,BAG-RS-L6-088,line-6,rolling-stock,Baghdad six-car electrical integration,17,9768,9960,,,
baghdad:BAG-RS-L6-089:rs-30-traction-battery-control,BAG-RS-L6-089,line-6,rolling-stock,Baghdad six-car electrical integration,18,9776,9968,,,
baghdad:BAG-RS-L6-104:rs-25-clip-on-body,BAG-RS-L6-104,line-6,rolling-stock,Baghdad six-car body installation,2,9776,9800,,,
baghdad:BAG-RS-L7-001:rs-25-clip-on-body,BAG-RS-L7-001,line-7,rolling-stock,Baghdad six-car body installation,3,9776,9800,,,
baghdad:BAG-RS-L7-011:rs-23-moulded-body-modules,BAG-RS-L7-011,line-7,rolling-stock,Baghdad six-car composite kits,3,9776,9872,,,
baghdad:BAG-RS-L7-012:rs-23-moulded-body-modules,BAG-RS-L7-012,line-7,rolling-stock,Baghdad six-car composite kits,6,9776,9872,,,
baghdad:BAG-RS-L7-013:rs-23-moulded-body-modules,BAG-RS-L7-013,line-7,rolling-stock,Baghdad six-car composite kits,7,9776,9872,,,
baghdad:BAG-RS-L7-039:rs-20-carbody-bogie,BAG-RS-L7-039,line-7,rolling-stock,Baghdad six-car structural assembly,25,9776,10008,,,
baghdad:BAG-RS-L7-040:rs-20-carbody-bogie,BAG-RS-L7-040,line-7,rolling-stock,Baghdad six-car structural assembly,26,9776,10008,,,
baghdad:BAG-ST-140:st-10-civil-structure,BAG-ST-140,line-8,station,station civil crew,2,8984,9096,,,
baghdad:BAG-ST-143:st-10-civil-structure,BAG-ST-143,line-8,station,station civil crew,1,9272,9384,,,
baghdad:BAG-RS-L6-047:rs-50-dynamic-commissioning,BAG-RS-L6-047,line-6,rolling-stock,Baghdad trainset acceptance bays,7,9784,9904,0,9792,9811
baghdad:BAG-RS-L6-068:rs-40-fitout-static-test,BAG-RS-L6-068,line-6,rolling-stock,Baghdad six-car fitout and static test,1,9784,9936,,,
baghdad:BAG-RS-L6-069:rs-40-fitout-static-test,BAG-RS-L6-069,line-6,rolling-stock,Baghdad six-car fitout and static test,2,9784,9936,,,
baghdad:BAG-RS-L6-090:rs-30-traction-battery-control,BAG-RS-L6-090,line-6,rolling-stock,Baghdad six-car electrical integration,19,9784,9976,,,
baghdad:BAG-RS-L7-002:rs-25-clip-on-body,BAG-RS-L7-002,line-7,rolling-stock,Baghdad six-car body installation,1,9784,9808,,,
baghdad:BAG-EN-121:en-10-energy-build,BAG-EN-121,line-8,energy,energy crew,1,7240,7320,,,
baghdad:BAG-EN-122:en-10-energy-build,BAG-EN-122,line-8,energy,energy crew,2,7240,7320,,,
baghdad:BAG-RS-L6-048:rs-50-dynamic-commissioning,BAG-RS-L6-048,line-6,rolling-stock,Baghdad trainset acceptance bays,8,9792,9912,1,9800,9819
baghdad:BAG-RS-L6-070:rs-40-fitout-static-test,BAG-RS-L6-070,line-6,rolling-stock,Baghdad six-car fitout and static test,17,9792,9944,,,
baghdad:BAG-RS-L6-091:rs-30-traction-battery-control,BAG-RS-L6-091,line-6,rolling-stock,Baghdad six-car electrical integration,20,9792,9984,,,
baghdad:BAG-RS-L7-014:rs-23-moulded-body-modules,BAG-RS-L7-014,line-7,rolling-stock,Baghdad six-car composite kits,4,9792,9888,,,
baghdad:BAG-RS-L8-037:rs-10-material-kit,BAG-RS-L8-037,line-8,rolling-stock,Baghdad trainset kitting,1,9792,9824,,,
baghdad:BAG-RS-L8-038:rs-10-material-kit,BAG-RS-L8-038,line-8,rolling-stock,Baghdad trainset kitting,2,9792,9824,,,
baghdad:BAG-RS-L8-039:rs-10-material-kit,BAG-RS-L8-039,line-8,rolling-stock,Baghdad trainset kitting,3,9792,9824,,,
baghdad:BAG-RS-L8-040:rs-10-material-kit,BAG-RS-L8-040,line-8,rolling-stock,Baghdad trainset kitting,4,9792,9824,,,
baghdad:BAG-ST-128:st-20-mep-passenger-systems,BAG-ST-128,line-7,station,station systems crew,1,8384,8464,,,
baghdad:BAG-RS-L6-092:rs-30-traction-battery-control,BAG-RS-L6-092,line-6,rolling-stock,Baghdad six-car electrical integration,21,9800,9992,,,
baghdad:BAG-RS-L7-003:rs-25-clip-on-body,BAG-RS-L7-003,line-7,rolling-stock,Baghdad six-car body installation,2,9800,9824,,,
baghdad:BAG-RS-L6-049:rs-50-dynamic-commissioning,BAG-RS-L6-049,line-6,rolling-stock,Baghdad trainset acceptance bays,9,9808,9928,0,9816,9835
baghdad:BAG-RS-L6-050:rs-50-dynamic-commissioning,BAG-RS-L6-050,line-6,rolling-stock,Baghdad trainset acceptance bays,10,9808,9928,2,9816,9835
baghdad:BAG-RS-L6-071:rs-40-fitout-static-test,BAG-RS-L6-071,line-6,rolling-stock,Baghdad six-car fitout and static test,3,9808,9960,,,
baghdad:BAG-RS-L7-004:rs-25-clip-on-body,BAG-RS-L7-004,line-7,rolling-stock,Baghdad six-car body installation,1,9808,9832,,,
baghdad:BAG-RS-L7-005:rs-25-clip-on-body,BAG-RS-L7-005,line-7,rolling-stock,Baghdad six-car body installation,3,9808,9832,,,
baghdad:BAG-RS-L6-051:rs-50-dynamic-commissioning,BAG-RS-L6-051,line-6,rolling-stock,Baghdad trainset acceptance bays,11,9816,9936,1,9824,9843
baghdad:BAG-RS-L7-015:rs-23-moulded-body-modules,BAG-RS-L7-015,line-7,rolling-stock,Baghdad six-car composite kits,5,9816,9912,,,
baghdad:BAG-RS-L7-016:rs-23-moulded-body-modules,BAG-RS-L7-016,line-7,rolling-stock,Baghdad six-car composite kits,8,9816,9912,,,
baghdad:BAG-RS-L7-017:rs-23-moulded-body-modules,BAG-RS-L7-017,line-7,rolling-stock,Baghdad six-car composite kits,9,9816,9912,,,
baghdad:BAG-RS-L7-041:rs-20-carbody-bogie,BAG-RS-L7-041,line-7,rolling-stock,Baghdad six-car structural assembly,1,9816,10048,,,
baghdad:BAG-RS-L7-042:rs-20-carbody-bogie,BAG-RS-L7-042,line-7,rolling-stock,Baghdad six-car structural assembly,2,9816,10048,,,
baghdad:BAG-RS-L7-043:rs-20-carbody-bogie,BAG-RS-L7-043,line-7,rolling-stock,Baghdad six-car structural assembly,3,9816,10048,,,
baghdad:BAG-RS-L7-044:rs-20-carbody-bogie,BAG-RS-L7-044,line-7,rolling-stock,Baghdad six-car structural assembly,4,9816,10048,,,
baghdad:BAG-RS-L6-072:rs-40-fitout-static-test,BAG-RS-L6-072,line-6,rolling-stock,Baghdad six-car fitout and static test,4,9824,9976,,,
baghdad:BAG-RS-L6-073:rs-40-fitout-static-test,BAG-RS-L6-073,line-6,rolling-stock,Baghdad six-car fitout and static test,5,9824,9976,,,
baghdad:BAG-RS-L6-093:rs-30-traction-battery-control,BAG-RS-L6-093,line-6,rolling-stock,Baghdad six-car electrical integration,1,9824,10016,,,
baghdad:BAG-RS-L6-094:rs-30-traction-battery-control,BAG-RS-L6-094,line-6,rolling-stock,Baghdad six-car electrical integration,2,9824,10016,,,
baghdad:BAG-RS-L6-095:rs-30-traction-battery-control,BAG-RS-L6-095,line-6,rolling-stock,Baghdad six-car electrical integration,3,9824,10016,,,
baghdad:BAG-RS-L7-006:rs-25-clip-on-body,BAG-RS-L7-006,line-7,rolling-stock,Baghdad six-car body installation,2,9824,9848,,,
baghdad:BAG-RS-L8-041:rs-10-material-kit,BAG-RS-L8-041,line-8,rolling-stock,Baghdad trainset kitting,1,9824,9856,,,
baghdad:BAG-RS-L8-042:rs-10-material-kit,BAG-RS-L8-042,line-8,rolling-stock,Baghdad trainset kitting,2,9824,9856,,,
baghdad:BAG-RS-L8-043:rs-10-material-kit,BAG-RS-L8-043,line-8,rolling-stock,Baghdad trainset kitting,3,9824,9856,,,
baghdad:BAG-RS-L8-044:rs-10-material-kit,BAG-RS-L8-044,line-8,rolling-stock,Baghdad trainset kitting,4,9824,9856,,,
baghdad:BAG-TRK-L8-008:trk-30-trackform-rail,BAG-TRK-L8-008,line-8,track-section,track crew,1,9288,9376,,,
baghdad:BAG-TRK-L9-001:trk-10-survey-utility,BAG-TRK-L9-001,line-9,track-section,corridor civil crew,2,9824,9856,,,
baghdad:BAG-RS-L6-052:rs-50-dynamic-commissioning,BAG-RS-L6-052,line-6,rolling-stock,Baghdad trainset acceptance bays,12,9832,9952,0,9840,9859
baghdad:BAG-RS-L6-074:rs-40-fitout-static-test,BAG-RS-L6-074,line-6,rolling-stock,Baghdad six-car fitout and static test,13,9832,9984,,,
baghdad:BAG-RS-L7-007:rs-25-clip-on-body,BAG-RS-L7-007,line-7,rolling-stock,Baghdad six-car body installation,1,9832,9856,,,
baghdad:BAG-RS-L7-018:rs-23-moulded-body-modules,BAG-RS-L7-018,line-7,rolling-stock,Baghdad six-car composite kits,1,9832,9928,,,
baghdad:BAG-ST-119:st-20-mep-passenger-systems,BAG-ST-119,line-7,station,station systems crew,2,7696,7776,,,
baghdad:BAG-RS-L6-053:rs-50-dynamic-commissioning,BAG-RS-L6-053,line-6,rolling-stock,Baghdad trainset acceptance bays,13,9840,9960,1,9848,9867
baghdad:BAG-RS-L7-008:rs-25-clip-on-body,BAG-RS-L7-008,line-7,rolling-stock,Baghdad six-car body installation,3,9840,9864,,,
baghdad:BAG-RS-L6-075:rs-40-fitout-static-test,BAG-RS-L6-075,line-6,rolling-stock,Baghdad six-car fitout and static test,6,9848,10000,,,
baghdad:BAG-RS-L6-096:rs-30-traction-battery-control,BAG-RS-L6-096,line-6,rolling-stock,Baghdad six-car electrical integration,4,9848,10040,,,
baghdad:BAG-RS-L7-009:rs-25-clip-on-body,BAG-RS-L7-009,line-7,rolling-stock,Baghdad six-car body installation,2,9848,9872,,,
baghdad:BAG-RS-L7-019:rs-23-moulded-body-modules,BAG-RS-L7-019,line-7,rolling-stock,Baghdad six-car composite kits,2,9848,9944,,,
baghdad:BAG-RS-L7-020:rs-23-moulded-body-modules,BAG-RS-L7-020,line-7,rolling-stock,Baghdad six-car composite kits,10,9848,9944,,,
baghdad:BAG-RS-L7-021:rs-23-moulded-body-modules,BAG-RS-L7-021,line-7,rolling-stock,Baghdad six-car composite kits,11,9848,9944,,,
baghdad:BAG-RS-L7-045:rs-20-carbody-bogie,BAG-RS-L7-045,line-7,rolling-stock,Baghdad six-car structural assembly,5,9848,10080,,,
baghdad:BAG-RS-L7-046:rs-20-carbody-bogie,BAG-RS-L7-046,line-7,rolling-stock,Baghdad six-car structural assembly,6,9848,10080,,,
baghdad:BAG-RS-L7-047:rs-20-carbody-bogie,BAG-RS-L7-047,line-7,rolling-stock,Baghdad six-car structural assembly,7,9848,10080,,,
baghdad:BAG-RS-L7-048:rs-20-carbody-bogie,BAG-RS-L7-048,line-7,rolling-stock,Baghdad six-car structural assembly,8,9848,10080,,,
baghdad:BAG-RS-L6-054:rs-50-dynamic-commissioning,BAG-RS-L6-054,line-6,rolling-stock,Baghdad trainset acceptance bays,1,9856,9976,0,9864,9883
baghdad:BAG-RS-L6-055:rs-50-dynamic-commissioning,BAG-RS-L6-055,line-6,rolling-stock,Baghdad trainset acceptance bays,2,9856,9976,2,9864,9883
baghdad:BAG-RS-L6-076:rs-40-fitout-static-test,BAG-RS-L6-076,line-6,rolling-stock,Baghdad six-car fitout and static test,7,9856,10008,,,
baghdad:BAG-RS-L6-097:rs-30-traction-battery-control,BAG-RS-L6-097,line-6,rolling-stock,Baghdad six-car electrical integration,5,9856,10048,,,
baghdad:BAG-RS-L7-010:rs-25-clip-on-body,BAG-RS-L7-010,line-7,rolling-stock,Baghdad six-car body installation,1,9856,9880,,,
baghdad:BAG-RS-L8-045:rs-10-material-kit,BAG-RS-L8-045,line-8,rolling-stock,Baghdad trainset kitting,1,9856,9888,,,
baghdad:BAG-RS-L8-046:rs-10-material-kit,BAG-RS-L8-046,line-8,rolling-stock,Baghdad trainset kitting,2,9856,9888,,,
baghdad:BAG-RS-L8-047:rs-10-material-kit,BAG-RS-L8-047,line-8,rolling-stock,Baghdad trainset kitting,3,9856,9888,,,
baghdad:BAG-RS-L8-048:rs-10-material-kit,BAG-RS-L8-048,line-8,rolling-stock,Baghdad trainset kitting,4,9856,9888,,,
baghdad:BAG-TRK-L9-001:trk-20-subgrade-drainage,BAG-TRK-L9-001,line-9,track-section,corridor civil crew,2,9856,9992,,,
baghdad:BAG-RS-L6-056:rs-50-dynamic-commissioning,BAG-RS-L6-056,line-6,rolling-stock,Baghdad trainset acceptance bays,3,9864,9984,1,9872,9891
baghdad:BAG-RS-L6-077:rs-40-fitout-static-test,BAG-RS-L6-077,line-6,rolling-stock,Baghdad six-car fitout and static test,8,9864,10016,,,
baghdad:BAG-RS-L6-098:rs-30-traction-battery-control,BAG-RS-L6-098,line-6,rolling-stock,Baghdad six-car electrical integration,6,9864,10056,,,
baghdad:BAG-EN-121:en-20-energy-commission,BAG-EN-121,line-8,energy,energy crew,1,7320,7360,,,
baghdad:BAG-EN-122:en-20-energy-commission,BAG-EN-122,line-8,energy,energy crew,2,7320,7360,,,
baghdad:BAG-RS-L6-078:rs-40-fitout-static-test,BAG-RS-L6-078,line-6,rolling-stock,Baghdad six-car fitout and static test,14,9872,10024,,,
baghdad:BAG-RS-L6-099:rs-30-traction-battery-control,BAG-RS-L6-099,line-6,rolling-stock,Baghdad six-car electrical integration,7,9872,10064,,,
baghdad:BAG-RS-L7-011:rs-25-clip-on-body,BAG-RS-L7-011,line-7,rolling-stock,Baghdad six-car body installation,2,9872,9896,,,
baghdad:BAG-RS-L7-012:rs-25-clip-on-body,BAG-RS-L7-012,line-7,rolling-stock,Baghdad six-car body installation,3,9872,9896,,,
baghdad:BAG-RS-L7-022:rs-23-moulded-body-modules,BAG-RS-L7-022,line-7,rolling-stock,Baghdad six-car composite kits,3,9872,9968,,,
baghdad:BAG-ST-130:st-20-mep-passenger-systems,BAG-ST-130,line-7,station,station systems crew,1,8496,8576,,,
baghdad:BAG-TRK-L9-002:trk-10-survey-utility,BAG-TRK-L9-002,line-9,track-section,corridor civil crew,1,9840,9872,,,
baghdad:BAG-RS-L6-057:rs-50-dynamic-commissioning,BAG-RS-L6-057,line-6,rolling-stock,Baghdad trainset acceptance bays,4,9880,10000,0,9888,9907
baghdad:BAG-RS-L6-079:rs-40-fitout-static-test,BAG-RS-L6-079,line-6,rolling-stock,Baghdad six-car fitout and static test,9,9880,10032,,,
baghdad:BAG-RS-L6-100:rs-30-traction-battery-control,BAG-RS-L6-100,line-6,rolling-stock,Baghdad six-car electrical integration,8,9880,10072,,,
baghdad:BAG-RS-L7-013:rs-25-clip-on-body,BAG-RS-L7-013,line-7,rolling-stock,Baghdad six-car body installation,1,9880,9904,,,
baghdad:BAG-RS-L7-023:rs-23-moulded-body-modules,BAG-RS-L7-023,line-7,rolling-stock,Baghdad six-car composite kits,6,9880,9976,,,
baghdad:BAG-RS-L7-024:rs-23-moulded-body-modules,BAG-RS-L7-024,line-7,rolling-stock,Baghdad six-car composite kits,7,9880,9976,,,
baghdad:BAG-RS-L7-049:rs-20-carbody-bogie,BAG-RS-L7-049,line-7,rolling-stock,Baghdad six-car structural assembly,9,9880,10112,,,
baghdad:BAG-RS-L7-050:rs-20-carbody-bogie,BAG-RS-L7-050,line-7,rolling-stock,Baghdad six-car structural assembly,10,9880,10112,,,
baghdad:BAG-RS-L7-051:rs-20-carbody-bogie,BAG-RS-L7-051,line-7,rolling-stock,Baghdad six-car structural assembly,11,9880,10112,,,
baghdad:BAG-RS-L7-052:rs-20-carbody-bogie,BAG-RS-L7-052,line-7,rolling-stock,Baghdad six-car structural assembly,12,9880,10112,,,
baghdad:BAG-RS-L6-058:rs-50-dynamic-commissioning,BAG-RS-L6-058,line-6,rolling-stock,Baghdad trainset acceptance bays,5,9888,10008,1,9896,9915
baghdad:BAG-RS-L6-059:rs-50-dynamic-commissioning,BAG-RS-L6-059,line-6,rolling-stock,Baghdad trainset acceptance bays,6,9888,10008,2,9896,9915
baghdad:BAG-RS-L6-080:rs-40-fitout-static-test,BAG-RS-L6-080,line-6,rolling-stock,Baghdad six-car fitout and static test,15,9888,10040,,,
baghdad:BAG-RS-L6-101:rs-30-traction-battery-control,BAG-RS-L6-101,line-6,rolling-stock,Baghdad six-car electrical integration,9,9888,10080,,,
baghdad:BAG-RS-L7-025:rs-23-moulded-body-modules,BAG-RS-L7-025,line-7,rolling-stock,Baghdad six-car composite kits,4,9888,9984,,,
baghdad:BAG-RS-L8-049:rs-10-material-kit,BAG-RS-L8-049,line-8,rolling-stock,Baghdad trainset kitting,1,9888,9920,,,
baghdad:BAG-RS-L8-050:rs-10-material-kit,BAG-RS-L8-050,line-8,rolling-stock,Baghdad trainset kitting,2,9888,9920,,,
baghdad:BAG-RS-L8-051:rs-10-material-kit,BAG-RS-L8-051,line-8,rolling-stock,Baghdad trainset kitting,3,9888,9920,,,
baghdad:BAG-RS-L8-052:rs-10-material-kit,BAG-RS-L8-052,line-8,rolling-stock,Baghdad trainset kitting,4,9888,9920,,,
baghdad:BAG-ST-141:st-10-civil-structure,BAG-ST-141,line-8,station,station civil crew,2,9168,9280,,,
baghdad:BAG-ST-145:st-10-civil-structure,BAG-ST-145,line-8,station,station civil crew,1,9384,9496,,,
baghdad:BAG-RS-L6-081:rs-40-fitout-static-test,BAG-RS-L6-081,line-6,rolling-stock,Baghdad six-car fitout and static test,10,9896,10048,,,
baghdad:BAG-RS-L6-102:rs-30-traction-battery-control,BAG-RS-L6-102,line-6,rolling-stock,Baghdad six-car electrical integration,10,9896,10088,,,
baghdad:BAG-RS-L7-014:rs-25-clip-on-body,BAG-RS-L7-014,line-7,rolling-stock,Baghdad six-car body installation,2,9896,9920,,,
baghdad:BAG-TRK-L8-007:trk-30-trackform-rail,BAG-TRK-L8-007,line-8,track-section,track crew,2,9312,9456,,,
baghdad:BAG-RS-L6-060:rs-50-dynamic-commissioning,BAG-RS-L6-060,line-6,rolling-stock,Baghdad trainset acceptance bays,7,9904,10024,0,9912,9931
baghdad:BAG-RS-L6-082:rs-40-fitout-static-test,BAG-RS-L6-082,line-6,rolling-stock,Baghdad six-car fitout and static test,11,9904,10056,,,
baghdad:BAG-RS-L6-103:rs-30-traction-battery-control,BAG-RS-L6-103,line-6,rolling-stock,Baghdad six-car electrical integration,11,9904,10096,,,
baghdad:BAG-TRK-L9-002:trk-20-subgrade-drainage,BAG-TRK-L9-002,line-9,track-section,corridor civil crew,1,9872,10016,,,
baghdad:BAG-EN-123:en-10-energy-build,BAG-EN-123,line-8,energy,energy crew,1,7360,7440,,,
baghdad:BAG-EN-124:en-10-energy-build,BAG-EN-124,line-8,energy,energy crew,2,7360,7440,,,
baghdad:BAG-RS-L6-061:rs-50-dynamic-commissioning,BAG-RS-L6-061,line-6,rolling-stock,Baghdad trainset acceptance bays,8,9912,10032,1,9920,9939
baghdad:BAG-RS-L7-015:rs-25-clip-on-body,BAG-RS-L7-015,line-7,rolling-stock,Baghdad six-car body installation,1,9912,9936,,,
baghdad:BAG-RS-L7-016:rs-25-clip-on-body,BAG-RS-L7-016,line-7,rolling-stock,Baghdad six-car body installation,3,9912,9936,,,
baghdad:BAG-RS-L7-026:rs-23-moulded-body-modules,BAG-RS-L7-026,line-7,rolling-stock,Baghdad six-car composite kits,5,9912,10008,,,
baghdad:BAG-RS-L7-027:rs-23-moulded-body-modules,BAG-RS-L7-027,line-7,rolling-stock,Baghdad six-car composite kits,8,9912,10008,,,
baghdad:BAG-RS-L7-028:rs-23-moulded-body-modules,BAG-RS-L7-028,line-7,rolling-stock,Baghdad six-car composite kits,9,9912,10008,,,
baghdad:BAG-RS-L7-053:rs-20-carbody-bogie,BAG-RS-L7-053,line-7,rolling-stock,Baghdad six-car structural assembly,13,9912,10144,,,
baghdad:BAG-RS-L7-054:rs-20-carbody-bogie,BAG-RS-L7-054,line-7,rolling-stock,Baghdad six-car structural assembly,14,9912,10144,,,
baghdad:BAG-RS-L7-055:rs-20-carbody-bogie,BAG-RS-L7-055,line-7,rolling-stock,Baghdad six-car structural assembly,15,9912,10144,,,
baghdad:BAG-RS-L7-056:rs-20-carbody-bogie,BAG-RS-L7-056,line-7,rolling-stock,Baghdad six-car structural assembly,16,9912,10144,,,
baghdad:BAG-SIG-118:wpt-20-install-commission,BAG-SIG-118,line-7,signalling-comms,wayside systems crew,1,7864,7896,,,
baghdad:BAG-ST-122:st-20-mep-passenger-systems,BAG-ST-122,line-7,station,station systems crew,2,7928,8008,,,
baghdad:BAG-TRK-L8-009:trk-30-trackform-rail,BAG-TRK-L8-009,line-8,track-section,track crew,1,9376,9448,,,
baghdad:BAG-RS-L6-083:rs-40-fitout-static-test,BAG-RS-L6-083,line-6,rolling-stock,Baghdad six-car fitout and static test,12,9920,10072,,,
baghdad:BAG-RS-L6-084:rs-40-fitout-static-test,BAG-RS-L6-084,line-6,rolling-stock,Baghdad six-car fitout and static test,16,9920,10072,,,
baghdad:BAG-RS-L6-104:rs-30-traction-battery-control,BAG-RS-L6-104,line-6,rolling-stock,Baghdad six-car electrical integration,12,9920,10112,,,
baghdad:BAG-RS-L7-001:rs-30-traction-battery-control,BAG-RS-L7-001,line-7,rolling-stock,Baghdad six-car electrical integration,13,9920,10112,,,
baghdad:BAG-RS-L7-017:rs-25-clip-on-body,BAG-RS-L7-017,line-7,rolling-stock,Baghdad six-car body installation,2,9920,9944,,,
baghdad:BAG-RS-L8-053:rs-10-material-kit,BAG-RS-L8-053,line-8,rolling-stock,Baghdad trainset kitting,1,9920,9952,,,
baghdad:BAG-RS-L8-054:rs-10-material-kit,BAG-RS-L8-054,line-8,rolling-stock,Baghdad trainset kitting,2,9920,9952,,,
baghdad:BAG-RS-L8-055:rs-10-material-kit,BAG-RS-L8-055,line-8,rolling-stock,Baghdad trainset kitting,3,9920,9952,,,
baghdad:BAG-RS-L8-056:rs-10-material-kit,BAG-RS-L8-056,line-8,rolling-stock,Baghdad trainset kitting,4,9920,9952,,,
baghdad:BAG-RS-L6-062:rs-50-dynamic-commissioning,BAG-RS-L6-062,line-6,rolling-stock,Baghdad trainset acceptance bays,9,9928,10048,0,9936,9955
baghdad:BAG-RS-L6-063:rs-50-dynamic-commissioning,BAG-RS-L6-063,line-6,rolling-stock,Baghdad trainset acceptance bays,10,9928,10048,2,9936,9955
baghdad:BAG-RS-L7-002:rs-30-traction-battery-control,BAG-RS-L7-002,line-7,rolling-stock,Baghdad six-car electrical integration,14,9928,10120,,,
baghdad:BAG-RS-L7-029:rs-23-moulded-body-modules,BAG-RS-L7-029,line-7,rolling-stock,Baghdad six-car composite kits,1,9928,10024,,,
baghdad:BAG-WPT-L7-001:wpt-10-cabinet-bench,BAG-WPT-L7-001,line-7,waypoint,wayside bench,1,2416,2440,,,
baghdad:BAG-RS-L6-064:rs-50-dynamic-commissioning,BAG-RS-L6-064,line-6,rolling-stock,Baghdad trainset acceptance bays,11,9936,10056,1,9944,9963
baghdad:BAG-RS-L6-085:rs-40-fitout-static-test,BAG-RS-L6-085,line-6,rolling-stock,Baghdad six-car fitout and static test,1,9936,10088,,,
baghdad:BAG-RS-L7-018:rs-25-clip-on-body,BAG-RS-L7-018,line-7,rolling-stock,Baghdad six-car body installation,1,9936,9960,,,
baghdad:BAG-RS-L6-086:rs-40-fitout-static-test,BAG-RS-L6-086,line-6,rolling-stock,Baghdad six-car fitout and static test,2,9944,10096,,,
baghdad:BAG-RS-L7-003:rs-30-traction-battery-control,BAG-RS-L7-003,line-7,rolling-stock,Baghdad six-car electrical integration,15,9944,10136,,,
baghdad:BAG-RS-L7-019:rs-25-clip-on-body,BAG-RS-L7-019,line-7,rolling-stock,Baghdad six-car body installation,2,9944,9968,,,
baghdad:BAG-RS-L7-020:rs-25-clip-on-body,BAG-RS-L7-020,line-7,rolling-stock,Baghdad six-car body installation,3,9944,9968,,,
baghdad:BAG-RS-L7-030:rs-23-moulded-body-modules,BAG-RS-L7-030,line-7,rolling-stock,Baghdad six-car composite kits,2,9944,10040,,,
baghdad:BAG-RS-L7-031:rs-23-moulded-body-modules,BAG-RS-L7-031,line-7,rolling-stock,Baghdad six-car composite kits,10,9944,10040,,,
baghdad:BAG-RS-L7-032:rs-23-moulded-body-modules,BAG-RS-L7-032,line-7,rolling-stock,Baghdad six-car composite kits,11,9944,10040,,,
baghdad:BAG-RS-L7-057:rs-20-carbody-bogie,BAG-RS-L7-057,line-7,rolling-stock,Baghdad six-car structural assembly,17,9944,10176,,,
baghdad:BAG-RS-L7-058:rs-20-carbody-bogie,BAG-RS-L7-058,line-7,rolling-stock,Baghdad six-car structural assembly,18,9944,10176,,,
baghdad:BAG-RS-L7-059:rs-20-carbody-bogie,BAG-RS-L7-059,line-7,rolling-stock,Baghdad six-car structural assembly,19,9944,10176,,,
baghdad:BAG-RS-L7-060:rs-20-carbody-bogie,BAG-RS-L7-060,line-7,rolling-stock,Baghdad six-car structural assembly,20,9944,10176,,,
baghdad:BAG-SIG-120:wpt-20-install-commission,BAG-SIG-120,line-7,signalling-comms,wayside systems crew,1,7968,8000,,,
baghdad:BAG-RS-L6-065:rs-50-dynamic-commissioning,BAG-RS-L6-065,line-6,rolling-stock,Baghdad trainset acceptance bays,12,9952,10072,0,9960,9979
baghdad:BAG-RS-L6-087:rs-40-fitout-static-test,BAG-RS-L6-087,line-6,rolling-stock,Baghdad six-car fitout and static test,17,9952,10104,,,
baghdad:BAG-RS-L7-004:rs-30-traction-battery-control,BAG-RS-L7-004,line-7,rolling-stock,Baghdad six-car electrical integration,16,9952,10144,,,
baghdad:BAG-RS-L8-057:rs-10-material-kit,BAG-RS-L8-057,line-8,rolling-stock,Baghdad trainset kitting,1,9952,9984,,,
baghdad:BAG-RS-L8-058:rs-10-material-kit,BAG-RS-L8-058,line-8,rolling-stock,Baghdad trainset kitting,2,9952,9984,,,
baghdad:BAG-RS-L8-059:rs-10-material-kit,BAG-RS-L8-059,line-8,rolling-stock,Baghdad trainset kitting,3,9952,9984,,,
baghdad:BAG-RS-L8-060:rs-10-material-kit,BAG-RS-L8-060,line-8,rolling-stock,Baghdad trainset kitting,4,9952,9984,,,
baghdad:BAG-ST-132:st-20-mep-passenger-systems,BAG-ST-132,line-7,station,station systems crew,1,8624,8704,,,
baghdad:BAG-WPT-L7-004:wpt-10-cabinet-bench,BAG-WPT-L7-004,line-7,waypoint,wayside bench,1,2440,2464,,,
baghdad:BAG-RS-L6-066:rs-50-dynamic-commissioning,BAG-RS-L6-066,line-6,rolling-stock,Baghdad trainset acceptance bays,13,9960,10080,1,9968,9987
baghdad:BAG-RS-L6-088:rs-40-fitout-static-test,BAG-RS-L6-088,line-6,rolling-stock,Baghdad six-car fitout and static test,3,9960,10112,,,
baghdad:BAG-RS-L7-005:rs-30-traction-battery-control,BAG-RS-L7-005,line-7,rolling-stock,Baghdad six-car electrical integration,17,9960,10152,,,
baghdad:BAG-RS-L7-021:rs-25-clip-on-body,BAG-RS-L7-021,line-7,rolling-stock,Baghdad six-car body installation,1,9960,9984,,,
baghdad:BAG-RS-L7-006:rs-30-traction-battery-control,BAG-RS-L7-006,line-7,rolling-stock,Baghdad six-car electrical integration,18,9968,10160,,,
baghdad:BAG-RS-L7-022:rs-25-clip-on-body,BAG-RS-L7-022,line-7,rolling-stock,Baghdad six-car body installation,2,9968,9992,,,
baghdad:BAG-RS-L7-033:rs-23-moulded-body-modules,BAG-RS-L7-033,line-7,rolling-stock,Baghdad six-car composite kits,3,9968,10064,,,
baghdad:BAG-RS-L6-067:rs-50-dynamic-commissioning,BAG-RS-L6-067,line-6,rolling-stock,Baghdad trainset acceptance bays,1,9976,10096,0,9984,10003
baghdad:BAG-RS-L6-068:rs-50-dynamic-commissioning,BAG-RS-L6-068,line-6,rolling-stock,Baghdad trainset acceptance bays,2,9976,10096,2,9984,10003
baghdad:BAG-RS-L6-089:rs-40-fitout-static-test,BAG-RS-L6-089,line-6,rolling-stock,Baghdad six-car fitout and static test,4,9976,10128,,,
baghdad:BAG-RS-L6-090:rs-40-fitout-static-test,BAG-RS-L6-090,line-6,rolling-stock,Baghdad six-car fitout and static test,5,9976,10128,,,
baghdad:BAG-RS-L7-007:rs-30-traction-battery-control,BAG-RS-L7-007,line-7,rolling-stock,Baghdad six-car electrical integration,19,9976,10168,,,
baghdad:BAG-RS-L7-023:rs-25-clip-on-body,BAG-RS-L7-023,line-7,rolling-stock,Baghdad six-car body installation,3,9976,10000,,,
baghdad:BAG-RS-L7-034:rs-23-moulded-body-modules,BAG-RS-L7-034,line-7,rolling-stock,Baghdad six-car composite kits,6,9976,10072,,,
baghdad:BAG-RS-L7-035:rs-23-moulded-body-modules,BAG-RS-L7-035,line-7,rolling-stock,Baghdad six-car composite kits,7,9976,10072,,,
baghdad:BAG-RS-L7-061:rs-20-carbody-bogie,BAG-RS-L7-061,line-7,rolling-stock,Baghdad six-car structural assembly,21,9976,10208,,,
baghdad:BAG-RS-L7-062:rs-20-carbody-bogie,BAG-RS-L7-062,line-7,rolling-stock,Baghdad six-car structural assembly,22,9976,10208,,,
baghdad:BAG-RS-L7-063:rs-20-carbody-bogie,BAG-RS-L7-063,line-7,rolling-stock,Baghdad six-car structural assembly,23,9976,10208,,,
baghdad:BAG-RS-L7-064:rs-20-carbody-bogie,BAG-RS-L7-064,line-7,rolling-stock,Baghdad six-car structural assembly,24,9976,10208,,,
baghdad:BAG-WPT-L7-004:wpt-20-install-commission,BAG-WPT-L7-004,line-7,waypoint,wayside systems crew,1,8000,8032,,,
baghdad:BAG-RS-L6-069:rs-50-dynamic-commissioning,BAG-RS-L6-069,line-6,rolling-stock,Baghdad trainset acceptance bays,3,9984,10104,1,9992,10011
baghdad:BAG-RS-L6-091:rs-40-fitout-static-test,BAG-RS-L6-091,line-6,rolling-stock,Baghdad six-car fitout and static test,13,9984,10136,,,
baghdad:BAG-RS-L7-008:rs-30-traction-battery-control,BAG-RS-L7-008,line-7,rolling-stock,Baghdad six-car electrical integration,20,9984,10176,,,
baghdad:BAG-RS-L7-024:rs-25-clip-on-body,BAG-RS-L7-024,line-7,rolling-stock,Baghdad six-car body installation,1,9984,10008,,,
baghdad:BAG-RS-L7-036:rs-23-moulded-body-modules,BAG-RS-L7-036,line-7,rolling-stock,Baghdad six-car composite kits,4,9984,10080,,,
baghdad:BAG-RS-L8-061:rs-10-material-kit,BAG-RS-L8-061,line-8,rolling-stock,Baghdad trainset kitting,1,9984,10016,,,
baghdad:BAG-RS-L8-062:rs-10-material-kit,BAG-RS-L8-062,line-8,rolling-stock,Baghdad trainset kitting,2,9984,10016,,,
baghdad:BAG-RS-L8-063:rs-10-material-kit,BAG-RS-L8-063,line-8,rolling-stock,Baghdad trainset kitting,3,9984,10016,,,
baghdad:BAG-RS-L8-064:rs-10-material-kit,BAG-RS-L8-064,line-8,rolling-stock,Baghdad trainset kitting,4,9984,10016,,,
baghdad:BAG-TRK-L8-010:trk-30-trackform-rail,BAG-TRK-L8-010,line-8,track-section,track crew,1,9448,9528,,,
baghdad:BAG-EN-123:en-20-energy-commission,BAG-EN-123,line-8,energy,energy crew,1,7440,7480,,,
baghdad:BAG-EN-124:en-20-energy-commission,BAG-EN-124,line-8,energy,energy crew,2,7440,7480,,,
baghdad:BAG-RS-L7-009:rs-30-traction-battery-control,BAG-RS-L7-009,line-7,rolling-stock,Baghdad six-car electrical integration,21,9992,10184,,,
baghdad:BAG-RS-L7-025:rs-25-clip-on-body,BAG-RS-L7-025,line-7,rolling-stock,Baghdad six-car body installation,2,9992,10016,,,
baghdad:BAG-ST-125:st-20-mep-passenger-systems,BAG-ST-125,line-7,station,station systems crew,2,8136,8216,,,
baghdad:BAG-TRK-L9-003:trk-10-survey-utility,BAG-TRK-L9-003,line-9,track-section,corridor civil crew,2,9992,10016,,,
baghdad:BAG-RS-L6-070:rs-50-dynamic-commissioning,BAG-RS-L6-070,line-6,rolling-stock,Baghdad trainset acceptance bays,4,10000,10120,0,10008,10027
baghdad:BAG-RS-L6-092:rs-40-fitout-static-test,BAG-RS-L6-092,line-6,rolling-stock,Baghdad six-car fitout and static test,6,10000,10152,,,
baghdad:BAG-ST-144:st-10-civil-structure,BAG-ST-144,line-8,station,station civil crew,2,9328,9440,,,
baghdad:BAG-ST-147:st-10-civil-structure,BAG-ST-147,line-8,station,station civil crew,1,9528,9640,,,
baghdad:BAG-RS-L6-071:rs-50-dynamic-commissioning,BAG-RS-L6-071,line-6,rolling-stock,Baghdad trainset acceptance bays,5,10008,10128,1,10016,10035
baghdad:BAG-RS-L6-072:rs-50-dynamic-commissioning,BAG-RS-L6-072,line-6,rolling-stock,Baghdad trainset acceptance bays,6,10008,10128,2,10016,10035
baghdad:BAG-RS-L7-026:rs-25-clip-on-body,BAG-RS-L7-026,line-7,rolling-stock,Baghdad six-car body installation,1,10008,10032,,,
baghdad:BAG-RS-L7-027:rs-25-clip-on-body,BAG-RS-L7-027,line-7,rolling-stock,Baghdad six-car body installation,3,10008,10032,,,
baghdad:BAG-RS-L7-037:rs-23-moulded-body-modules,BAG-RS-L7-037,line-7,rolling-stock,Baghdad six-car composite kits,5,10008,10104,,,
baghdad:BAG-RS-L7-038:rs-23-moulded-body-modules,BAG-RS-L7-038,line-7,rolling-stock,Baghdad six-car composite kits,8,10008,10104,,,
baghdad:BAG-RS-L7-039:rs-23-moulded-body-modules,BAG-RS-L7-039,line-7,rolling-stock,Baghdad six-car composite kits,9,10008,10104,,,
baghdad:BAG-RS-L7-065:rs-20-carbody-bogie,BAG-RS-L7-065,line-7,rolling-stock,Baghdad six-car structural assembly,25,10008,10240,,,
baghdad:BAG-RS-L7-066:rs-20-carbody-bogie,BAG-RS-L7-066,line-7,rolling-stock,Baghdad six-car structural assembly,26,10008,10240,,,
baghdad:BAG-SIG-119:wpt-20-install-commission,BAG-SIG-119,line-7,signalling-comms,wayside systems crew,2,7864,7896,,,
baghdad:BAG-SIG-123:wpt-20-install-commission,BAG-SIG-123,line-7,signalling-comms,wayside systems crew,1,8072,8104,,,
baghdad:BAG-RS-L6-093:rs-40-fitout-static-test,BAG-RS-L6-093,line-6,rolling-stock,Baghdad six-car fitout and static test,7,10016,10168,,,
baghdad:BAG-RS-L6-094:rs-40-fitout-static-test,BAG-RS-L6-094,line-6,rolling-stock,Baghdad six-car fitout and static test,8,10016,10168,,,
baghdad:BAG-RS-L7-010:rs-30-traction-battery-control,BAG-RS-L7-010,line-7,rolling-stock,Baghdad six-car electrical integration,1,10016,10208,,,
baghdad:BAG-RS-L7-011:rs-30-traction-battery-control,BAG-RS-L7-011,line-7,rolling-stock,Baghdad six-car electrical integration,2,10016,10208,,,
baghdad:BAG-RS-L7-012:rs-30-traction-battery-control,BAG-RS-L7-012,line-7,rolling-stock,Baghdad six-car electrical integration,3,10016,10208,,,
baghdad:BAG-RS-L7-028:rs-25-clip-on-body,BAG-RS-L7-028,line-7,rolling-stock,Baghdad six-car body installation,2,10016,10040,,,
baghdad:BAG-RS-L8-065:rs-10-material-kit,BAG-RS-L8-065,line-8,rolling-stock,Baghdad trainset kitting,1,10016,10048,,,
baghdad:BAG-RS-L8-066:rs-10-material-kit,BAG-RS-L8-066,line-8,rolling-stock,Baghdad trainset kitting,2,10016,10048,,,
baghdad:BAG-RS-L8-067:rs-10-material-kit,BAG-RS-L8-067,line-8,rolling-stock,Baghdad trainset kitting,3,10016,10048,,,
baghdad:BAG-RS-L8-068:rs-10-material-kit,BAG-RS-L8-068,line-8,rolling-stock,Baghdad trainset kitting,4,10016,10048,,,
baghdad:BAG-TRK-L9-004:trk-10-survey-utility,BAG-TRK-L9-004,line-9,track-section,corridor civil crew,2,10016,10048,,,
baghdad:BAG-WPT-L7-002:wpt-10-cabinet-bench,BAG-WPT-L7-002,line-7,waypoint,wayside bench,2,2416,2440,,,
baghdad:BAG-RS-L6-073:rs-50-dynamic-commissioning,BAG-RS-L6-073,line-6,rolling-stock,Baghdad trainset acceptance bays,7,10024,10144,0,10032,10051
baghdad:BAG-RS-L6-095:rs-40-fitout-static-test,BAG-RS-L6-095,line-6,rolling-stock,Baghdad six-car fitout and static test,14,10024,10176,,,
baghdad:BAG-RS-L7-040:rs-23-moulded-body-modules,BAG-RS-L7-040,line-7,rolling-stock,Baghdad six-car composite kits,1,10024,10120,,,
baghdad:BAG-EN-125:en-10-energy-build,BAG-EN-125,line-8,energy,energy crew,1,7480,7560,,,
baghdad:BAG-EN-126:en-10-energy-build,BAG-EN-126,line-8,energy,energy crew,2,7480,7560,,,
baghdad:BAG-RS-L6-074:rs-50-dynamic-commissioning,BAG-RS-L6-074,line-6,rolling-stock,Baghdad trainset acceptance bays,8,10032,10152,1,10040,10059
baghdad:BAG-RS-L7-029:rs-25-clip-on-body,BAG-RS-L7-029,line-7,rolling-stock,Baghdad six-car body installation,1,10032,10056,,,
baghdad:BAG-ST-134:st-20-mep-passenger-systems,BAG-ST-134,line-8,station,station systems crew,1,8744,8824,,,
baghdad:BAG-RS-L6-096:rs-40-fitout-static-test,BAG-RS-L6-096,line-6,rolling-stock,Baghdad six-car fitout and static test,9,10040,10192,,,
baghdad:BAG-RS-L7-013:rs-30-traction-battery-control,BAG-RS-L7-013,line-7,rolling-stock,Baghdad six-car electrical integration,4,10040,10232,,,
baghdad:BAG-RS-L7-030:rs-25-clip-on-body,BAG-RS-L7-030,line-7,rolling-stock,Baghdad six-car body installation,2,10040,10064,,,
baghdad:BAG-RS-L7-031:rs-25-clip-on-body,BAG-RS-L7-031,line-7,rolling-stock,Baghdad six-car body installation,3,10040,10064,,,
baghdad:BAG-SIG-125:wpt-20-install-commission,BAG-SIG-125,line-7,signalling-comms,wayside systems crew,1,8200,8232,,,
baghdad:BAG-TRK-L8-011:trk-30-trackform-rail,BAG-TRK-L8-011,line-8,track-section,track crew,2,9512,9656,,,
baghdad:BAG-WPT-L7-002:wpt-20-install-commission,BAG-WPT-L7-002,line-7,waypoint,wayside systems crew,2,7968,8000,,,
baghdad:BAG-RS-L6-075:rs-50-dynamic-commissioning,BAG-RS-L6-075,line-6,rolling-stock,Baghdad trainset acceptance bays,9,10048,10168,0,10056,10075
baghdad:BAG-RS-L6-076:rs-50-dynamic-commissioning,BAG-RS-L6-076,line-6,rolling-stock,Baghdad trainset acceptance bays,10,10048,10168,2,10056,10075
baghdad:BAG-RS-L6-097:rs-40-fitout-static-test,BAG-RS-L6-097,line-6,rolling-stock,Baghdad six-car fitout and static test,10,10048,10200,,,
baghdad:BAG-RS-L7-014:rs-30-traction-battery-control,BAG-RS-L7-014,line-7,rolling-stock,Baghdad six-car electrical integration,5,10048,10240,,,
baghdad:BAG-RS-L7-041:rs-23-moulded-body-modules,BAG-RS-L7-041,line-7,rolling-stock,Baghdad six-car composite kits,2,10048,10144,,,
baghdad:BAG-RS-L7-042:rs-23-moulded-body-modules,BAG-RS-L7-042,line-7,rolling-stock,Baghdad six-car composite kits,10,10048,10144,,,
baghdad:BAG-RS-L7-043:rs-23-moulded-body-modules,BAG-RS-L7-043,line-7,rolling-stock,Baghdad six-car composite kits,11,10048,10144,,,
baghdad:BAG-RS-L7-067:rs-20-carbody-bogie,BAG-RS-L7-067,line-7,rolling-stock,Baghdad six-car structural assembly,1,10048,10280,,,
baghdad:BAG-RS-L7-068:rs-20-carbody-bogie,BAG-RS-L7-068,line-7,rolling-stock,Baghdad six-car structural assembly,2,10048,10280,,,
baghdad:BAG-RS-L7-069:rs-20-carbody-bogie,BAG-RS-L7-069,line-7,rolling-stock,Baghdad six-car structural assembly,3,10048,10280,,,
baghdad:BAG-RS-L7-070:rs-20-carbody-bogie,BAG-RS-L7-070,line-7,rolling-stock,Baghdad six-car structural assembly,4,10048,10280,,,
baghdad:BAG-RS-L8-069:rs-10-material-kit,BAG-RS-L8-069,line-8,rolling-stock,Baghdad trainset kitting,1,10048,10080,,,
baghdad:BAG-RS-L8-070:rs-10-material-kit,BAG-RS-L8-070,line-8,rolling-stock,Baghdad trainset kitting,2,10048,10080,,,
baghdad:BAG-RS-L8-071:rs-10-material-kit,BAG-RS-L8-071,line-8,rolling-stock,Baghdad trainset kitting,3,10048,10080,,,
baghdad:BAG-RS-L8-072:rs-10-material-kit,BAG-RS-L8-072,line-8,rolling-stock,Baghdad trainset kitting,4,10048,10080,,,
baghdad:BAG-TRK-L9-003:trk-20-subgrade-drainage,BAG-TRK-L9-003,line-9,track-section,corridor civil crew,1,10016,10112,,,
baghdad:BAG-TRK-L9-004:trk-20-subgrade-drainage,BAG-TRK-L9-004,line-9,track-section,corridor civil crew,2,10048,10176,,,
baghdad:BAG-WPT-L7-005:wpt-10-cabinet-bench,BAG-WPT-L7-005,line-7,waypoint,wayside bench,2,2440,2464,,,
baghdad:BAG-RS-L6-077:rs-50-dynamic-commissioning,BAG-RS-L6-077,line-6,rolling-stock,Baghdad trainset acceptance bays,11,10056,10176,1,10064,10083
baghdad:BAG-RS-L6-098:rs-40-fitout-static-test,BAG-RS-L6-098,line-6,rolling-stock,Baghdad six-car fitout and static test,11,10056,10208,,,
baghdad:BAG-RS-L7-015:rs-30-traction-battery-control,BAG-RS-L7-015,line-7,rolling-stock,Baghdad six-car electrical integration,6,10056,10248,,,
baghdad:BAG-RS-L7-032:rs-25-clip-on-body,BAG-RS-L7-032,line-7,rolling-stock,Baghdad six-car body installation,1,10056,10080,,,
baghdad:BAG-RS-L6-099:rs-40-fitout-static-test,BAG-RS-L6-099,line-6,rolling-stock,Baghdad six-car fitout and static test,15,10064,10216,,,
baghdad:BAG-RS-L7-016:rs-30-traction-battery-control,BAG-RS-L7-016,line-7,rolling-stock,Baghdad six-car electrical integration,7,10064,10256,,,
baghdad:BAG-RS-L7-033:rs-25-clip-on-body,BAG-RS-L7-033,line-7,rolling-stock,Baghdad six-car body installation,2,10064,10088,,,
baghdad:BAG-RS-L7-044:rs-23-moulded-body-modules,BAG-RS-L7-044,line-7,rolling-stock,Baghdad six-car composite kits,3,10064,10160,,,
baghdad:BAG-TRK-L8-012:trk-30-trackform-rail,BAG-TRK-L8-012,line-8,track-section,track crew,1,9568,9696,,,
baghdad:BAG-RS-L6-078:rs-50-dynamic-commissioning,BAG-RS-L6-078,line-6,rolling-stock,Baghdad trainset acceptance bays,12,10072,10192,0,10080,10099
baghdad:BAG-RS-L6-100:rs-40-fitout-static-test,BAG-RS-L6-100,line-6,rolling-stock,Baghdad six-car fitout and static test,12,10072,10224,,,
baghdad:BAG-RS-L7-017:rs-30-traction-battery-control,BAG-RS-L7-017,line-7,rolling-stock,Baghdad six-car electrical integration,8,10072,10264,,,
baghdad:BAG-RS-L7-034:rs-25-clip-on-body,BAG-RS-L7-034,line-7,rolling-stock,Baghdad six-car body installation,3,10072,10096,,,
baghdad:BAG-SIG-121:wpt-20-install-commission,BAG-SIG-121,line-7,signalling-comms,wayside systems crew,1,8232,8264,,,
baghdad:BAG-ST-127:st-20-mep-passenger-systems,BAG-ST-127,line-7,station,station systems crew,2,8296,8376,,,
baghdad:BAG-WPT-L7-005:wpt-20-install-commission,BAG-WPT-L7-005,line-7,waypoint,wayside systems crew,2,8072,8104,,,
baghdad:BAG-RS-L6-079:rs-50-dynamic-commissioning,BAG-RS-L6-079,line-6,rolling-stock,Baghdad trainset acceptance bays,13,10080,10200,1,10088,10107
baghdad:BAG-RS-L6-101:rs-40-fitout-static-test,BAG-RS-L6-101,line-6,rolling-stock,Baghdad six-car fitout and static test,16,10080,10232,,,
baghdad:BAG-RS-L7-018:rs-30-traction-battery-control,BAG-RS-L7-018,line-7,rolling-stock,Baghdad six-car electrical integration,9,10080,10272,,,
baghdad:BAG-RS-L7-035:rs-25-clip-on-body,BAG-RS-L7-035,line-7,rolling-stock,Baghdad six-car body installation,1,10080,10104,,,
baghdad:BAG-RS-L7-045:rs-23-moulded-body-modules,BAG-RS-L7-045,line-7,rolling-stock,Baghdad six-car composite kits,4,10080,10176,,,
baghdad:BAG-RS-L7-046:rs-23-moulded-body-modules,BAG-RS-L7-046,line-7,rolling-stock,Baghdad six-car composite kits,6,10080,10176,,,
baghdad:BAG-RS-L7-047:rs-23-moulded-body-modules,BAG-RS-L7-047,line-7,rolling-stock,Baghdad six-car composite kits,7,10080,10176,,,
baghdad:BAG-RS-L7-071:rs-20-carbody-bogie,BAG-RS-L7-071,line-7,rolling-stock,Baghdad six-car structural assembly,5,10080,10312,,,
baghdad:BAG-RS-L7-072:rs-20-carbody-bogie,BAG-RS-L7-072,line-7,rolling-stock,Baghdad six-car structural assembly,6,10080,10312,,,
baghdad:BAG-RS-L7-073:rs-20-carbody-bogie,BAG-RS-L7-073,line-7,rolling-stock,Baghdad six-car structural assembly,7,10080,10312,,,
baghdad:BAG-RS-L7-074:rs-20-carbody-bogie,BAG-RS-L7-074,line-7,rolling-stock,Baghdad six-car structural assembly,8,10080,10312,,,
baghdad:BAG-RS-L8-073:rs-10-material-kit,BAG-RS-L8-073,line-8,rolling-stock,Baghdad trainset kitting,1,10080,10112,,,
baghdad:BAG-RS-L8-074:rs-10-material-kit,BAG-RS-L8-074,line-8,rolling-stock,Baghdad trainset kitting,2,10080,10112,,,
baghdad:BAG-RS-L8-075:rs-10-material-kit,BAG-RS-L8-075,line-8,rolling-stock,Baghdad trainset kitting,3,10080,10112,,,
baghdad:BAG-RS-L8-076:rs-10-material-kit,BAG-RS-L8-076,line-8,rolling-stock,Baghdad trainset kitting,4,10080,10112,,,
baghdad:BAG-WPT-L7-007:wpt-10-cabinet-bench,BAG-WPT-L7-007,line-7,waypoint,wayside bench,1,2464,2488,,,
baghdad:BAG-RS-L6-102:rs-40-fitout-static-test,BAG-RS-L6-102,line-6,rolling-stock,Baghdad six-car fitout and static test,1,10088,10240,,,
baghdad:BAG-RS-L7-019:rs-30-traction-battery-control,BAG-RS-L7-019,line-7,rolling-stock,Baghdad six-car electrical integration,10,10088,10280,,,
baghdad:BAG-RS-L7-036:rs-25-clip-on-body,BAG-RS-L7-036,line-7,rolling-stock,Baghdad six-car body installation,2,10088,10112,,,
baghdad:BAG-RS-L6-080:rs-50-dynamic-commissioning,BAG-RS-L6-080,line-6,rolling-stock,Baghdad trainset acceptance bays,1,10096,10216,0,10104,10123
baghdad:BAG-RS-L6-081:rs-50-dynamic-commissioning,BAG-RS-L6-081,line-6,rolling-stock,Baghdad trainset acceptance bays,2,10096,10216,2,10104,10123
baghdad:BAG-RS-L6-103:rs-40-fitout-static-test,BAG-RS-L6-103,line-6,rolling-stock,Baghdad six-car fitout and static test,2,10096,10248,,,
baghdad:BAG-RS-L7-020:rs-30-traction-battery-control,BAG-RS-L7-020,line-7,rolling-stock,Baghdad six-car electrical integration,11,10096,10288,,,
baghdad:BAG-WPT-L7-003:wpt-10-cabinet-bench,BAG-WPT-L7-003,line-7,waypoint,wayside bench,3,2416,2440,,,
baghdad:BAG-RS-L6-082:rs-50-dynamic-commissioning,BAG-RS-L6-082,line-6,rolling-stock,Baghdad trainset acceptance bays,3,10104,10224,1,10112,10131
baghdad:BAG-RS-L7-037:rs-25-clip-on-body,BAG-RS-L7-037,line-7,rolling-stock,Baghdad six-car body installation,1,10104,10128,,,
baghdad:BAG-RS-L7-038:rs-25-clip-on-body,BAG-RS-L7-038,line-7,rolling-stock,Baghdad six-car body installation,3,10104,10128,,,
baghdad:BAG-RS-L7-048:rs-23-moulded-body-modules,BAG-RS-L7-048,line-7,rolling-stock,Baghdad six-car composite kits,5,10104,10200,,,
baghdad:BAG-SIG-127:wpt-20-install-commission,BAG-SIG-127,line-7,signalling-comms,wayside systems crew,1,8312,8344,,,
baghdad:BAG-WPT-L7-007:wpt-20-install-commission,BAG-WPT-L7-007,line-7,waypoint,wayside systems crew,2,8200,8232,,,
baghdad:BAG-EN-125:en-20-energy-commission,BAG-EN-125,line-8,energy,energy crew,1,7560,7600,,,
baghdad:BAG-EN-126:en-20-energy-commission,BAG-EN-126,line-8,energy,energy crew,2,7560,7600,,,
baghdad:BAG-RS-L6-104:rs-40-fitout-static-test,BAG-RS-L6-104,line-6,rolling-stock,Baghdad six-car fitout and static test,3,10112,10264,,,
baghdad:BAG-RS-L7-001:rs-40-fitout-static-test,BAG-RS-L7-001,line-7,rolling-stock,Baghdad six-car fitout and static test,17,10112,10264,,,
baghdad:BAG-RS-L7-021:rs-30-traction-battery-control,BAG-RS-L7-021,line-7,rolling-stock,Baghdad six-car electrical integration,12,10112,10304,,,
baghdad:BAG-RS-L7-022:rs-30-traction-battery-control,BAG-RS-L7-022,line-7,rolling-stock,Baghdad six-car electrical integration,13,10112,10304,,,
baghdad:BAG-RS-L7-039:rs-25-clip-on-body,BAG-RS-L7-039,line-7,rolling-stock,Baghdad six-car body installation,2,10112,10136,,,
baghdad:BAG-RS-L7-049:rs-23-moulded-body-modules,BAG-RS-L7-049,line-7,rolling-stock,Baghdad six-car composite kits,8,10112,10208,,,
baghdad:BAG-RS-L7-050:rs-23-moulded-body-modules,BAG-RS-L7-050,line-7,rolling-stock,Baghdad six-car composite kits,9,10112,10208,,,
baghdad:BAG-RS-L8-001:rs-20-carbody-bogie,BAG-RS-L8-001,line-8,rolling-stock,Baghdad six-car structural assembly,9,10112,10344,,,
baghdad:BAG-RS-L8-002:rs-20-carbody-bogie,BAG-RS-L8-002,line-8,rolling-stock,Baghdad six-car structural assembly,10,10112,10344,,,
baghdad:BAG-RS-L8-003:rs-20-carbody-bogie,BAG-RS-L8-003,line-8,rolling-stock,Baghdad six-car structural assembly,11,10112,10344,,,
baghdad:BAG-RS-L8-004:rs-20-carbody-bogie,BAG-RS-L8-004,line-8,rolling-stock,Baghdad six-car structural assembly,12,10112,10344,,,
baghdad:BAG-RS-L8-077:rs-10-material-kit,BAG-RS-L8-077,line-8,rolling-stock,Baghdad trainset kitting,1,10112,10144,,,
baghdad:BAG-RS-L8-078:rs-10-material-kit,BAG-RS-L8-078,line-8,rolling-stock,Baghdad trainset kitting,2,10112,10144,,,
baghdad:BAG-RS-L8-079:rs-10-material-kit,BAG-RS-L8-079,line-8,rolling-stock,Baghdad trainset kitting,3,10112,10144,,,
baghdad:BAG-RS-L8-080:rs-10-material-kit,BAG-RS-L8-080,line-8,rolling-stock,Baghdad trainset kitting,4,10112,10144,,,
baghdad:BAG-ST-136:st-20-mep-passenger-systems,BAG-ST-136,line-8,station,station systems crew,1,8856,8936,,,
baghdad:BAG-ST-146:st-10-civil-structure,BAG-ST-146,line-8,station,station civil crew,2,9440,9552,,,
baghdad:BAG-ST-149:st-10-civil-structure,BAG-ST-149,line-8,station,station civil crew,1,9640,9752,,,
baghdad:BAG-RS-L6-083:rs-50-dynamic-commissioning,BAG-RS-L6-083,line-6,rolling-stock,Baghdad trainset acceptance bays,4,10120,10240,0,10128,10147
baghdad:BAG-RS-L7-023:rs-30-traction-battery-control,BAG-RS-L7-023,line-7,rolling-stock,Baghdad six-car electrical integration,14,10120,10312,,,
baghdad:BAG-RS-L7-051:rs-23-moulded-body-modules,BAG-RS-L7-051,line-7,rolling-stock,Baghdad six-car composite kits,1,10120,10216,,,
baghdad:BAG-WPT-L7-006:wpt-10-cabinet-bench,BAG-WPT-L7-006,line-7,waypoint,wayside bench,3,2440,2464,,,
baghdad:BAG-RS-L6-084:rs-50-dynamic-commissioning,BAG-RS-L6-084,line-6,rolling-stock,Baghdad trainset acceptance bays,5,10128,10248,1,10136,10155
baghdad:BAG-RS-L6-085:rs-50-dynamic-commissioning,BAG-RS-L6-085,line-6,rolling-stock,Baghdad trainset acceptance bays,6,10128,10248,2,10136,10155
baghdad:BAG-RS-L7-002:rs-40-fitout-static-test,BAG-RS-L7-002,line-7,rolling-stock,Baghdad six-car fitout and static test,4,10128,10280,,,
baghdad:BAG-RS-L7-040:rs-25-clip-on-body,BAG-RS-L7-040,line-7,rolling-stock,Baghdad six-car body installation,1,10128,10152,,,
baghdad:BAG-RS-L7-003:rs-40-fitout-static-test,BAG-RS-L7-003,line-7,rolling-stock,Baghdad six-car fitout and static test,5,10136,10288,,,
baghdad:BAG-RS-L7-024:rs-30-traction-battery-control,BAG-RS-L7-024,line-7,rolling-stock,Baghdad six-car electrical integration,15,10136,10328,,,
baghdad:BAG-SIG-124:wpt-20-install-commission,BAG-SIG-124,line-7,signalling-comms,wayside systems crew,1,8344,8376,,,
baghdad:BAG-WPT-L7-003:wpt-20-install-commission,BAG-WPT-L7-003,line-7,waypoint,wayside systems crew,2,8232,8264,,,
baghdad:BAG-RS-L6-086:rs-50-dynamic-commissioning,BAG-RS-L6-086,line-6,rolling-stock,Baghdad trainset acceptance bays,7,10144,10264,0,10152,10171
baghdad:BAG-RS-L7-004:rs-40-fitout-static-test,BAG-RS-L7-004,line-7,rolling-stock,Baghdad six-car fitout and static test,13,10144,10296,,,
baghdad:BAG-RS-L7-025:rs-30-traction-battery-control,BAG-RS-L7-025,line-7,rolling-stock,Baghdad six-car electrical integration,16,10144,10336,,,
baghdad:BAG-RS-L7-041:rs-25-clip-on-body,BAG-RS-L7-041,line-7,rolling-stock,Baghdad six-car body installation,2,10144,10168,,,
baghdad:BAG-RS-L7-042:rs-25-clip-on-body,BAG-RS-L7-042,line-7,rolling-stock,Baghdad six-car body installation,3,10144,10168,,,
baghdad:BAG-RS-L7-052:rs-23-moulded-body-modules,BAG-RS-L7-052,line-7,rolling-stock,Baghdad six-car composite kits,2,10144,10240,,,
baghdad:BAG-RS-L7-053:rs-23-moulded-body-modules,BAG-RS-L7-053,line-7,rolling-stock,Baghdad six-car composite kits,10,10144,10240,,,
baghdad:BAG-RS-L7-054:rs-23-moulded-body-modules,BAG-RS-L7-054,line-7,rolling-stock,Baghdad six-car composite kits,11,10144,10240,,,
baghdad:BAG-RS-L8-005:rs-20-carbody-bogie,BAG-RS-L8-005,line-8,rolling-stock,Baghdad six-car structural assembly,13,10144,10376,,,
baghdad:BAG-RS-L8-006:rs-20-carbody-bogie,BAG-RS-L8-006,line-8,rolling-stock,Baghdad six-car structural assembly,14,10144,10376,,,
baghdad:BAG-RS-L8-007:rs-20-carbody-bogie,BAG-RS-L8-007,line-8,rolling-stock,Baghdad six-car structural assembly,15,10144,10376,,,
baghdad:BAG-RS-L8-008:rs-20-carbody-bogie,BAG-RS-L8-008,line-8,rolling-stock,Baghdad six-car structural assembly,16,10144,10376,,,
baghdad:BAG-RS-L8-081:rs-10-material-kit,BAG-RS-L8-081,line-8,rolling-stock,Baghdad trainset kitting,1,10144,10176,,,
baghdad:BAG-RS-L8-082:rs-10-material-kit,BAG-RS-L8-082,line-8,rolling-stock,Baghdad trainset kitting,2,10144,10176,,,
baghdad:BAG-RS-L8-083:rs-10-material-kit,BAG-RS-L8-083,line-8,rolling-stock,Baghdad trainset kitting,3,10144,10176,,,
baghdad:BAG-RS-L8-084:rs-10-material-kit,BAG-RS-L8-084,line-8,rolling-stock,Baghdad trainset kitting,4,10144,10176,,,
baghdad:BAG-TRK-L9-005:trk-10-survey-utility,BAG-TRK-L9-005,line-9,track-section,corridor civil crew,1,10112,10144,,,
baghdad:BAG-WPT-L7-009:wpt-10-cabinet-bench,BAG-WPT-L7-009,line-7,waypoint,wayside bench,3,2464,2488,,,
baghdad:BAG-EN-127:en-10-energy-build,BAG-EN-127,line-8,energy,energy crew,1,7600,7680,,,
baghdad:BAG-EN-128:en-10-energy-build,BAG-EN-128,line-8,energy,energy crew,2,7600,7680,,,
baghdad:BAG-RS-L6-087:rs-50-dynamic-commissioning,BAG-RS-L6-087,line-6,rolling-stock,Baghdad trainset acceptance bays,8,10152,10272,1,10160,10179
baghdad:BAG-RS-L7-005:rs-40-fitout-static-test,BAG-RS-L7-005,line-7,rolling-stock,Baghdad six-car fitout and static test,6,10152,10304,,,
baghdad:BAG-RS-L7-026:rs-30-traction-battery-control,BAG-RS-L7-026,line-7,rolling-stock,Baghdad six-car electrical integration,17,10152,10344,,,
baghdad:BAG-RS-L7-043:rs-25-clip-on-body,BAG-RS-L7-043,line-7,rolling-stock,Baghdad six-car body installation,1,10152,10176,,,
baghdad:BAG-ST-129:st-20-mep-passenger-systems,BAG-ST-129,line-7,station,station systems crew,2,8416,8496,,,
baghdad:BAG-RS-L7-027:rs-30-traction-battery-control,BAG-RS-L7-027,line-7,rolling-stock,Baghdad six-car electrical integration,18,10160,10352,,,
baghdad:BAG-RS-L7-055:rs-23-moulded-body-modules,BAG-RS-L7-055,line-7,rolling-stock,Baghdad six-car composite kits,3,10160,10256,,,
baghdad:BAG-RS-L6-088:rs-50-dynamic-commissioning,BAG-RS-L6-088,line-6,rolling-stock,Baghdad trainset acceptance bays,9,10168,10288,0,10176,10195
baghdad:BAG-RS-L6-089:rs-50-dynamic-commissioning,BAG-RS-L6-089,line-6,rolling-stock,Baghdad trainset acceptance bays,10,10168,10288,2,10176,10195
baghdad:BAG-RS-L7-006:rs-40-fitout-static-test,BAG-RS-L7-006,line-7,rolling-stock,Baghdad six-car fitout and static test,7,10168,10320,,,
baghdad:BAG-RS-L7-007:rs-40-fitout-static-test,BAG-RS-L7-007,line-7,rolling-stock,Baghdad six-car fitout and static test,8,10168,10320,,,
baghdad:BAG-RS-L7-028:rs-30-traction-battery-control,BAG-RS-L7-028,line-7,rolling-stock,Baghdad six-car electrical integration,19,10168,10360,,,
baghdad:BAG-RS-L7-044:rs-25-clip-on-body,BAG-RS-L7-044,line-7,rolling-stock,Baghdad six-car body installation,2,10168,10192,,,
baghdad:BAG-SIG-129:wpt-20-install-commission,BAG-SIG-129,line-7,signalling-comms,wayside systems crew,1,8416,8448,,,
baghdad:BAG-WPT-L7-009:wpt-20-install-commission,BAG-WPT-L7-009,line-7,waypoint,wayside systems crew,2,8312,8344,,,
baghdad:BAG-RS-L6-090:rs-50-dynamic-commissioning,BAG-RS-L6-090,line-6,rolling-stock,Baghdad trainset acceptance bays,11,10176,10296,1,10184,10203
baghdad:BAG-RS-L7-008:rs-40-fitout-static-test,BAG-RS-L7-008,line-7,rolling-stock,Baghdad six-car fitout and static test,14,10176,10328,,,
baghdad:BAG-RS-L7-029:rs-30-traction-battery-control,BAG-RS-L7-029,line-7,rolling-stock,Baghdad six-car electrical integration,20,10176,10368,,,
baghdad:BAG-RS-L7-045:rs-25-clip-on-body,BAG-RS-L7-045,line-7,rolling-stock,Baghdad six-car body installation,1,10176,10200,,,
baghdad:BAG-RS-L7-046:rs-25-clip-on-body,BAG-RS-L7-046,line-7,rolling-stock,Baghdad six-car body installation,3,10176,10200,,,
baghdad:BAG-RS-L7-056:rs-23-moulded-body-modules,BAG-RS-L7-056,line-7,rolling-stock,Baghdad six-car composite kits,4,10176,10272,,,
baghdad:BAG-RS-L7-057:rs-23-moulded-body-modules,BAG-RS-L7-057,line-7,rolling-stock,Baghdad six-car composite kits,6,10176,10272,,,
baghdad:BAG-RS-L7-058:rs-23-moulded-body-modules,BAG-RS-L7-058,line-7,rolling-stock,Baghdad six-car composite kits,7,10176,10272,,,
baghdad:BAG-RS-L8-009:rs-20-carbody-bogie,BAG-RS-L8-009,line-8,rolling-stock,Baghdad six-car structural assembly,17,10176,10408,,,
baghdad:BAG-RS-L8-010:rs-20-carbody-bogie,BAG-RS-L8-010,line-8,rolling-stock,Baghdad six-car structural assembly,18,10176,10408,,,
baghdad:BAG-RS-L8-011:rs-20-carbody-bogie,BAG-RS-L8-011,line-8,rolling-stock,Baghdad six-car structural assembly,19,10176,10408,,,
baghdad:BAG-RS-L8-012:rs-20-carbody-bogie,BAG-RS-L8-012,line-8,rolling-stock,Baghdad six-car structural assembly,20,10176,10408,,,
baghdad:BAG-RS-L8-085:rs-10-material-kit,BAG-RS-L8-085,line-8,rolling-stock,Baghdad trainset kitting,1,10176,10208,,,
baghdad:BAG-RS-L8-086:rs-10-material-kit,BAG-RS-L8-086,line-8,rolling-stock,Baghdad trainset kitting,2,10176,10208,,,
baghdad:BAG-RS-L8-087:rs-10-material-kit,BAG-RS-L8-087,line-8,rolling-stock,Baghdad trainset kitting,3,10176,10208,,,
baghdad:BAG-RS-L8-088:rs-10-material-kit,BAG-RS-L8-088,line-8,rolling-stock,Baghdad trainset kitting,4,10176,10208,,,
baghdad:BAG-TRK-L9-005:trk-20-subgrade-drainage,BAG-TRK-L9-005,line-9,track-section,corridor civil crew,1,10144,10288,,,
baghdad:BAG-TRK-L9-006:trk-10-survey-utility,BAG-TRK-L9-006,line-9,track-section,corridor civil crew,2,10176,10208,,,
baghdad:BAG-RS-L7-030:rs-30-traction-battery-control,BAG-RS-L7-030,line-7,rolling-stock,Baghdad six-car electrical integration,21,10184,10376,,,
baghdad:BAG-TRK-L8-013:trk-30-trackform-rail,BAG-TRK-L8-013,line-8,track-section,track crew,2,9656,9712,,,
baghdad:BAG-WPT-L7-008:wpt-10-cabinet-bench,BAG-WPT-L7-008,line-7,waypoint,wayside bench,2,2464,2488,,,
baghdad:BAG-RS-L6-091:rs-50-dynamic-commissioning,BAG-RS-L6-091,line-6,rolling-stock,Baghdad trainset acceptance bays,12,10192,10312,0,10200,10219
baghdad:BAG-RS-L7-009:rs-40-fitout-static-test,BAG-RS-L7-009,line-7,rolling-stock,Baghdad six-car fitout and static test,9,10192,10344,,,
baghdad:BAG-RS-L7-047:rs-25-clip-on-body,BAG-RS-L7-047,line-7,rolling-stock,Baghdad six-car body installation,2,10192,10216,,,
baghdad:BAG-ST-138:st-20-mep-passenger-systems,BAG-ST-138,line-8,station,station systems crew,1,8968,9048,,,
baghdad:BAG-TRK-L8-014:trk-30-trackform-rail,BAG-TRK-L8-014,line-8,track-section,track crew,1,9696,9768,,,
baghdad:BAG-RS-L6-092:rs-50-dynamic-commissioning,BAG-RS-L6-092,line-6,rolling-stock,Baghdad trainset acceptance bays,13,10200,10320,1,10208,10227
baghdad:BAG-RS-L7-048:rs-25-clip-on-body,BAG-RS-L7-048,line-7,rolling-stock,Baghdad six-car body installation,1,10200,10224,,,
baghdad:BAG-RS-L7-059:rs-23-moulded-body-modules,BAG-RS-L7-059,line-7,rolling-stock,Baghdad six-car composite kits,5,10200,10296,,,
baghdad:BAG-SIG-126:wpt-20-install-commission,BAG-SIG-126,line-7,signalling-comms,wayside systems crew,1,8456,8488,,,
baghdad:BAG-WPT-L7-006:wpt-20-install-commission,BAG-WPT-L7-006,line-7,waypoint,wayside systems crew,2,8344,8376,,,
baghdad:BAG-RS-L7-010:rs-40-fitout-static-test,BAG-RS-L7-010,line-7,rolling-stock,Baghdad six-car fitout and static test,10,10208,10360,,,
baghdad:BAG-RS-L7-011:rs-40-fitout-static-test,BAG-RS-L7-011,line-7,rolling-stock,Baghdad six-car fitout and static test,11,10208,10360,,,
baghdad:BAG-RS-L7-031:rs-30-traction-battery-control,BAG-RS-L7-031,line-7,rolling-stock,Baghdad six-car electrical integration,1,10208,10400,,,
baghdad:BAG-RS-L7-032:rs-30-traction-battery-control,BAG-RS-L7-032,line-7,rolling-stock,Baghdad six-car electrical integration,2,10208,10400,,,
baghdad:BAG-RS-L7-033:rs-30-traction-battery-control,BAG-RS-L7-033,line-7,rolling-stock,Baghdad six-car electrical integration,3,10208,10400,,,
baghdad:BAG-RS-L7-049:rs-25-clip-on-body,BAG-RS-L7-049,line-7,rolling-stock,Baghdad six-car body installation,3,10208,10232,,,
baghdad:BAG-RS-L7-060:rs-23-moulded-body-modules,BAG-RS-L7-060,line-7,rolling-stock,Baghdad six-car composite kits,8,10208,10304,,,
baghdad:BAG-RS-L7-061:rs-23-moulded-body-modules,BAG-RS-L7-061,line-7,rolling-stock,Baghdad six-car composite kits,9,10208,10304,,,
baghdad:BAG-RS-L8-013:rs-20-carbody-bogie,BAG-RS-L8-013,line-8,rolling-stock,Baghdad six-car structural assembly,21,10208,10440,,,
baghdad:BAG-RS-L8-014:rs-20-carbody-bogie,BAG-RS-L8-014,line-8,rolling-stock,Baghdad six-car structural assembly,22,10208,10440,,,
baghdad:BAG-RS-L8-015:rs-20-carbody-bogie,BAG-RS-L8-015,line-8,rolling-stock,Baghdad six-car structural assembly,23,10208,10440,,,
baghdad:BAG-RS-L8-016:rs-20-carbody-bogie,BAG-RS-L8-016,line-8,rolling-stock,Baghdad six-car structural assembly,24,10208,10440,,,
baghdad:BAG-RS-L8-089:rs-10-material-kit,BAG-RS-L8-089,line-8,rolling-stock,Baghdad trainset kitting,1,10208,10240,,,
baghdad:BAG-RS-L8-090:rs-10-material-kit,BAG-RS-L8-090,line-8,rolling-stock,Baghdad trainset kitting,2,10208,10240,,,
baghdad:BAG-RS-L8-091:rs-10-material-kit,BAG-RS-L8-091,line-8,rolling-stock,Baghdad trainset kitting,3,10208,10240,,,
baghdad:BAG-RS-L8-092:rs-10-material-kit,BAG-RS-L8-092,line-8,rolling-stock,Baghdad trainset kitting,4,10208,10240,,,
baghdad:BAG-TRK-L9-006:trk-20-subgrade-drainage,BAG-TRK-L9-006,line-9,track-section,corridor civil crew,2,10208,10352,,,
baghdad:BAG-WPT-L7-011:wpt-10-cabinet-bench,BAG-WPT-L7-011,line-7,waypoint,wayside bench,2,2488,2512,,,
baghdad:BAG-RS-L6-093:rs-50-dynamic-commissioning,BAG-RS-L6-093,line-6,rolling-stock,Baghdad trainset acceptance bays,1,10216,10336,0,10224,10243
baghdad:BAG-RS-L6-094:rs-50-dynamic-commissioning,BAG-RS-L6-094,line-6,rolling-stock,Baghdad trainset acceptance bays,2,10216,10336,2,10224,10243
baghdad:BAG-RS-L7-012:rs-40-fitout-static-test,BAG-RS-L7-012,line-7,rolling-stock,Baghdad six-car fitout and static test,15,10216,10368,,,
baghdad:BAG-RS-L7-050:rs-25-clip-on-body,BAG-RS-L7-050,line-7,rolling-stock,Baghdad six-car body installation,2,10216,10240,,,
baghdad:BAG-RS-L7-062:rs-23-moulded-body-modules,BAG-RS-L7-062,line-7,rolling-stock,Baghdad six-car composite kits,1,10216,10312,,,
baghdad:BAG-RS-L6-095:rs-50-dynamic-commissioning,BAG-RS-L6-095,line-6,rolling-stock,Baghdad trainset acceptance bays,3,10224,10344,1,10232,10251
baghdad:BAG-RS-L7-051:rs-25-clip-on-body,BAG-RS-L7-051,line-7,rolling-stock,Baghdad six-car body installation,1,10224,10248,,,
baghdad:BAG-ST-148:st-10-civil-structure,BAG-ST-148,line-8,station,station civil crew,2,9584,9696,,,
baghdad:BAG-ST-151:st-10-civil-structure,BAG-ST-151,line-8,station,station civil crew,1,9752,9864,,,
baghdad:BAG-EN-127:en-20-energy-commission,BAG-EN-127,line-8,energy,energy crew,1,7680,7720,,,
baghdad:BAG-EN-128:en-20-energy-commission,BAG-EN-128,line-8,energy,energy crew,2,7680,7720,,,
baghdad:BAG-RS-L7-013:rs-40-fitout-static-test,BAG-RS-L7-013,line-7,rolling-stock,Baghdad six-car fitout and static test,12,10232,10384,,,
baghdad:BAG-RS-L7-034:rs-30-traction-battery-control,BAG-RS-L7-034,line-7,rolling-stock,Baghdad six-car electrical integration,4,10232,10424,,,
baghdad:BAG-SIG-128:wpt-20-install-commission,BAG-SIG-128,line-7,signalling-comms,wayside systems crew,1,8520,8552,,,
baghdad:BAG-ST-131:st-20-mep-passenger-systems,BAG-ST-131,line-7,station,station systems crew,2,8528,8608,,,
baghdad:BAG-WPT-L7-011:wpt-20-install-commission,BAG-WPT-L7-011,line-7,waypoint,wayside systems crew,2,8416,8448,,,
baghdad:BAG-RS-L6-096:rs-50-dynamic-commissioning,BAG-RS-L6-096,line-6,rolling-stock,Baghdad trainset acceptance bays,4,10240,10360,0,10248,10267
baghdad:BAG-RS-L7-014:rs-40-fitout-static-test,BAG-RS-L7-014,line-7,rolling-stock,Baghdad six-car fitout and static test,1,10240,10392,,,
baghdad:BAG-RS-L7-035:rs-30-traction-battery-control,BAG-RS-L7-035,line-7,rolling-stock,Baghdad six-car electrical integration,5,10240,10432,,,
baghdad:BAG-RS-L7-052:rs-25-clip-on-body,BAG-RS-L7-052,line-7,rolling-stock,Baghdad six-car body installation,2,10240,10264,,,
baghdad:BAG-RS-L7-053:rs-25-clip-on-body,BAG-RS-L7-053,line-7,rolling-stock,Baghdad six-car body installation,3,10240,10264,,,
baghdad:BAG-RS-L7-063:rs-23-moulded-body-modules,BAG-RS-L7-063,line-7,rolling-stock,Baghdad six-car composite kits,2,10240,10336,,,
baghdad:BAG-RS-L7-064:rs-23-moulded-body-modules,BAG-RS-L7-064,line-7,rolling-stock,Baghdad six-car composite kits,10,10240,10336,,,
baghdad:BAG-RS-L7-065:rs-23-moulded-body-modules,BAG-RS-L7-065,line-7,rolling-stock,Baghdad six-car composite kits,11,10240,10336,,,
baghdad:BAG-RS-L8-017:rs-20-carbody-bogie,BAG-RS-L8-017,line-8,rolling-stock,Baghdad six-car structural assembly,25,10240,10472,,,
baghdad:BAG-RS-L8-018:rs-20-carbody-bogie,BAG-RS-L8-018,line-8,rolling-stock,Baghdad six-car structural assembly,26,10240,10472,,,
baghdad:BAG-RS-L9-001:rs-10-material-kit,BAG-RS-L9-001,line-9,rolling-stock,Baghdad trainset kitting,1,10240,10272,,,
baghdad:BAG-RS-L9-002:rs-10-material-kit,BAG-RS-L9-002,line-9,rolling-stock,Baghdad trainset kitting,2,10240,10272,,,
baghdad:BAG-RS-L9-003:rs-10-material-kit,BAG-RS-L9-003,line-9,rolling-stock,Baghdad trainset kitting,3,10240,10272,,,
baghdad:BAG-RS-L9-004:rs-10-material-kit,BAG-RS-L9-004,line-9,rolling-stock,Baghdad trainset kitting,4,10240,10272,,,
baghdad:BAG-TRK-L8-015:trk-30-trackform-rail,BAG-TRK-L8-015,line-8,track-section,track crew,2,9712,9808,,,
baghdad:BAG-RS-L6-097:rs-50-dynamic-commissioning,BAG-RS-L6-097,line-6,rolling-stock,Baghdad trainset acceptance bays,5,10248,10368,1,10256,10275
baghdad:BAG-RS-L6-098:rs-50-dynamic-commissioning,BAG-RS-L6-098,line-6,rolling-stock,Baghdad trainset acceptance bays,6,10248,10368,2,10256,10275
baghdad:BAG-RS-L7-015:rs-40-fitout-static-test,BAG-RS-L7-015,line-7,rolling-stock,Baghdad six-car fitout and static test,2,10248,10400,,,
baghdad:BAG-RS-L7-036:rs-30-traction-battery-control,BAG-RS-L7-036,line-7,rolling-stock,Baghdad six-car electrical integration,6,10248,10440,,,
baghdad:BAG-RS-L7-054:rs-25-clip-on-body,BAG-RS-L7-054,line-7,rolling-stock,Baghdad six-car body installation,1,10248,10272,,,
baghdad:BAG-WPT-L7-010:wpt-10-cabinet-bench,BAG-WPT-L7-010,line-7,waypoint,wayside bench,1,2488,2512,,,
baghdad:BAG-RS-L7-016:rs-40-fitout-static-test,BAG-RS-L7-016,line-7,rolling-stock,Baghdad six-car fitout and static test,16,10256,10408,,,
baghdad:BAG-RS-L7-037:rs-30-traction-battery-control,BAG-RS-L7-037,line-7,rolling-stock,Baghdad six-car electrical integration,7,10256,10448,,,
baghdad:BAG-RS-L7-066:rs-23-moulded-body-modules,BAG-RS-L7-066,line-7,rolling-stock,Baghdad six-car composite kits,3,10256,10352,,,
baghdad:BAG-RS-L6-099:rs-50-dynamic-commissioning,BAG-RS-L6-099,line-6,rolling-stock,Baghdad trainset acceptance bays,7,10264,10384,0,10272,10291
baghdad:BAG-RS-L7-017:rs-40-fitout-static-test,BAG-RS-L7-017,line-7,rolling-stock,Baghdad six-car fitout and static test,3,10264,10416,,,
baghdad:BAG-RS-L7-038:rs-30-traction-battery-control,BAG-RS-L7-038,line-7,rolling-stock,Baghdad six-car electrical integration,8,10264,10456,,,
baghdad:BAG-RS-L7-055:rs-25-clip-on-body,BAG-RS-L7-055,line-7,rolling-stock,Baghdad six-car body installation,2,10264,10288,,,
baghdad:BAG-SIG-130:wpt-20-install-commission,BAG-SIG-130,line-7,signalling-comms,wayside systems crew,1,8592,8624,,,
baghdad:BAG-TRK-L8-017:trk-30-trackform-rail,BAG-TRK-L8-017,line-8,track-section,track crew,1,9824,9920,,,
baghdad:BAG-WPT-L7-001:wpt-20-install-commission,BAG-WPT-L7-001,line-7,waypoint,wayside systems crew,3,7864,7896,,,
baghdad:BAG-WPT-L7-008:wpt-20-install-commission,BAG-WPT-L7-008,line-7,waypoint,wayside systems crew,2,8456,8488,,,
baghdad:BAG-EN-129:en-10-energy-build,BAG-EN-129,line-8,energy,energy crew,1,7720,7800,,,
baghdad:BAG-EN-130:en-10-energy-build,BAG-EN-130,line-8,energy,energy crew,2,7720,7800,,,
baghdad:BAG-RS-L6-100:rs-50-dynamic-commissioning,BAG-RS-L6-100,line-6,rolling-stock,Baghdad trainset acceptance bays,8,10272,10392,1,10280,10299
baghdad:BAG-RS-L7-018:rs-40-fitout-static-test,BAG-RS-L7-018,line-7,rolling-stock,Baghdad six-car fitout and static test,17,10272,10424,,,
baghdad:BAG-RS-L7-039:rs-30-traction-battery-control,BAG-RS-L7-039,line-7,rolling-stock,Baghdad six-car electrical integration,9,10272,10464,,,
baghdad:BAG-RS-L7-056:rs-25-clip-on-body,BAG-RS-L7-056,line-7,rolling-stock,Baghdad six-car body installation,1,10272,10296,,,
baghdad:BAG-RS-L7-057:rs-25-clip-on-body,BAG-RS-L7-057,line-7,rolling-stock,Baghdad six-car body installation,3,10272,10296,,,
baghdad:BAG-RS-L9-005:rs-10-material-kit,BAG-RS-L9-005,line-9,rolling-stock,Baghdad trainset kitting,1,10272,10304,,,
baghdad:BAG-RS-L9-006:rs-10-material-kit,BAG-RS-L9-006,line-9,rolling-stock,Baghdad trainset kitting,2,10272,10304,,,
baghdad:BAG-RS-L9-007:rs-10-material-kit,BAG-RS-L9-007,line-9,rolling-stock,Baghdad trainset kitting,3,10272,10304,,,
baghdad:BAG-RS-L9-008:rs-10-material-kit,BAG-RS-L9-008,line-9,rolling-stock,Baghdad trainset kitting,4,10272,10304,,,
baghdad:BAG-ST-139:st-20-mep-passenger-systems,BAG-ST-139,line-8,station,station systems crew,1,9096,9176,,,
baghdad:BAG-WPT-L7-013:wpt-10-cabinet-bench,BAG-WPT-L7-013,line-7,waypoint,wayside bench,1,2512,2536,,,
baghdad:BAG-RS-L7-019:rs-40-fitout-static-test,BAG-RS-L7-019,line-7,rolling-stock,Baghdad six-car fitout and static test,4,10280,10432,,,
baghdad:BAG-RS-L7-040:rs-30-traction-battery-control,BAG-RS-L7-040,line-7,rolling-stock,Baghdad six-car electrical integration,10,10280,10472,,,
baghdad:BAG-RS-L7-067:rs-23-moulded-body-modules,BAG-RS-L7-067,line-7,rolling-stock,Baghdad six-car composite kits,4,10280,10376,,,
baghdad:BAG-RS-L7-068:rs-23-moulded-body-modules,BAG-RS-L7-068,line-7,rolling-stock,Baghdad six-car composite kits,6,10280,10376,,,
baghdad:BAG-RS-L7-069:rs-23-moulded-body-modules,BAG-RS-L7-069,line-7,rolling-stock,Baghdad six-car composite kits,7,10280,10376,,,
baghdad:BAG-RS-L8-019:rs-20-carbody-bogie,BAG-RS-L8-019,line-8,rolling-stock,Baghdad six-car structural assembly,1,10280,10512,,,
baghdad:BAG-RS-L8-020:rs-20-carbody-bogie,BAG-RS-L8-020,line-8,rolling-stock,Baghdad six-car structural assembly,2,10280,10512,,,
baghdad:BAG-RS-L8-021:rs-20-carbody-bogie,BAG-RS-L8-021,line-8,rolling-stock,Baghdad six-car structural assembly,3,10280,10512,,,
baghdad:BAG-RS-L8-022:rs-20-carbody-bogie,BAG-RS-L8-022,line-8,rolling-stock,Baghdad six-car structural assembly,4,10280,10512,,,
baghdad:BAG-RS-L6-101:rs-50-dynamic-commissioning,BAG-RS-L6-101,line-6,rolling-stock,Baghdad trainset acceptance bays,9,10288,10408,0,10296,10315
baghdad:BAG-RS-L6-102:rs-50-dynamic-commissioning,BAG-RS-L6-102,line-6,rolling-stock,Baghdad trainset acceptance bays,10,10288,10408,2,10296,10315
baghdad:BAG-RS-L7-020:rs-40-fitout-static-test,BAG-RS-L7-020,line-7,rolling-stock,Baghdad six-car fitout and static test,5,10288,10440,,,
baghdad:BAG-RS-L7-041:rs-30-traction-battery-control,BAG-RS-L7-041,line-7,rolling-stock,Baghdad six-car electrical integration,11,10288,10480,,,
baghdad:BAG-RS-L7-058:rs-25-clip-on-body,BAG-RS-L7-058,line-7,rolling-stock,Baghdad six-car body installation,2,10288,10312,,,
baghdad:BAG-RS-L6-103:rs-50-dynamic-commissioning,BAG-RS-L6-103,line-6,rolling-stock,Baghdad trainset acceptance bays,11,10296,10416,1,10304,10323
baghdad:BAG-RS-L7-059:rs-25-clip-on-body,BAG-RS-L7-059,line-7,rolling-stock,Baghdad six-car body installation,1,10296,10320,,,
baghdad:BAG-RS-L7-070:rs-23-moulded-body-modules,BAG-RS-L7-070,line-7,rolling-stock,Baghdad six-car composite kits,5,10296,10392,,,
baghdad:BAG-SIG-122:wpt-20-install-commission,BAG-SIG-122,line-7,signalling-comms,wayside systems crew,3,7976,8008,,,
baghdad:BAG-WPT-L7-010:wpt-20-install-commission,BAG-WPT-L7-010,line-7,waypoint,wayside systems crew,2,8520,8552,,,
baghdad:BAG-WPT-L7-013:wpt-20-install-commission,BAG-WPT-L7-013,line-7,waypoint,wayside systems crew,1,8624,8656,,,
baghdad:BAG-RS-L7-021:rs-40-fitout-static-test,BAG-RS-L7-021,line-7,rolling-stock,Baghdad six-car fitout and static test,6,10304,10456,,,
baghdad:BAG-RS-L7-022:rs-40-fitout-static-test,BAG-RS-L7-022,line-7,rolling-stock,Baghdad six-car fitout and static test,13,10304,10456,,,
baghdad:BAG-RS-L7-042:rs-30-traction-battery-control,BAG-RS-L7-042,line-7,rolling-stock,Baghdad six-car electrical integration,12,10304,10496,,,
baghdad:BAG-RS-L7-043:rs-30-traction-battery-control,BAG-RS-L7-043,line-7,rolling-stock,Baghdad six-car electrical integration,13,10304,10496,,,
baghdad:BAG-RS-L7-060:rs-25-clip-on-body,BAG-RS-L7-060,line-7,rolling-stock,Baghdad six-car body installation,3,10304,10328,,,
baghdad:BAG-RS-L9-009:rs-10-material-kit,BAG-RS-L9-009,line-9,rolling-stock,Baghdad trainset kitting,1,10304,10336,,,
baghdad:BAG-RS-L9-010:rs-10-material-kit,BAG-RS-L9-010,line-9,rolling-stock,Baghdad trainset kitting,2,10304,10336,,,
baghdad:BAG-RS-L9-011:rs-10-material-kit,BAG-RS-L9-011,line-9,rolling-stock,Baghdad trainset kitting,3,10304,10336,,,
baghdad:BAG-RS-L9-012:rs-10-material-kit,BAG-RS-L9-012,line-9,rolling-stock,Baghdad trainset kitting,4,10304,10336,,,
baghdad:BAG-WPT-L7-012:wpt-10-cabinet-bench,BAG-WPT-L7-012,line-7,waypoint,wayside bench,3,2488,2512,,,
baghdad:BAG-RS-L6-104:rs-50-dynamic-commissioning,BAG-RS-L6-104,line-6,rolling-stock,Baghdad trainset acceptance bays,12,10312,10432,0,10320,10339
baghdad:BAG-RS-L7-044:rs-30-traction-battery-control,BAG-RS-L7-044,line-7,rolling-stock,Baghdad six-car electrical integration,14,10312,10504,,,
baghdad:BAG-RS-L7-061:rs-25-clip-on-body,BAG-RS-L7-061,line-7,rolling-stock,Baghdad six-car body installation,2,10312,10336,,,
baghdad:BAG-RS-L7-071:rs-23-moulded-body-modules,BAG-RS-L7-071,line-7,rolling-stock,Baghdad six-car composite kits,1,10312,10408,,,
baghdad:BAG-RS-L7-072:rs-23-moulded-body-modules,BAG-RS-L7-072,line-7,rolling-stock,Baghdad six-car composite kits,8,10312,10408,,,
baghdad:BAG-RS-L7-073:rs-23-moulded-body-modules,BAG-RS-L7-073,line-7,rolling-stock,Baghdad six-car composite kits,9,10312,10408,,,
baghdad:BAG-RS-L8-023:rs-20-carbody-bogie,BAG-RS-L8-023,line-8,rolling-stock,Baghdad six-car structural assembly,5,10312,10544,,,
baghdad:BAG-RS-L8-024:rs-20-carbody-bogie,BAG-RS-L8-024,line-8,rolling-stock,Baghdad six-car structural assembly,6,10312,10544,,,
baghdad:BAG-RS-L8-025:rs-20-carbody-bogie,BAG-RS-L8-025,line-8,rolling-stock,Baghdad six-car structural assembly,7,10312,10544,,,
baghdad:BAG-RS-L8-026:rs-20-carbody-bogie,BAG-RS-L8-026,line-8,rolling-stock,Baghdad six-car structural assembly,8,10312,10544,,,
baghdad:BAG-ST-133:st-20-mep-passenger-systems,BAG-ST-133,line-7,station,station systems crew,2,8640,8720,,,
baghdad:BAG-RS-L7-001:rs-50-dynamic-commissioning,BAG-RS-L7-001,line-7,rolling-stock,Baghdad trainset acceptance bays,13,10320,10440,1,10328,10347
baghdad:BAG-RS-L7-023:rs-40-fitout-static-test,BAG-RS-L7-023,line-7,rolling-stock,Baghdad six-car fitout and static test,7,10320,10472,,,
baghdad:BAG-RS-L7-062:rs-25-clip-on-body,BAG-RS-L7-062,line-7,rolling-stock,Baghdad six-car body installation,1,10320,10344,,,
baghdad:BAG-TRK-L9-007:trk-10-survey-utility,BAG-TRK-L9-007,line-9,track-section,corridor civil crew,1,10288,10320,,,
baghdad:BAG-RS-L7-024:rs-40-fitout-static-test,BAG-RS-L7-024,line-7,rolling-stock,Baghdad six-car fitout and static test,8,10328,10480,,,
baghdad:BAG-RS-L7-045:rs-30-traction-battery-control,BAG-RS-L7-045,line-7,rolling-stock,Baghdad six-car electrical integration,15,10328,10520,,,
baghdad:BAG-SIG-131:wpt-20-install-commission,BAG-SIG-131,line-7,signalling-comms,wayside systems crew,3,8608,8640,,,
baghdad:BAG-SIG-132:wpt-20-install-commission,BAG-SIG-132,line-7,signalling-comms,wayside systems crew,1,8688,8720,,,
baghdad:BAG-SW-129:sw-20-install-proof,BAG-SW-129,line-7,switch,track/switch crew,1,7864,7896,,,
baghdad:BAG-WPT-L7-012:wpt-20-install-commission,BAG-WPT-L7-012,line-7,waypoint,wayside systems crew,2,8592,8624,,,
baghdad:BAG-RS-L7-002:rs-50-dynamic-commissioning,BAG-RS-L7-002,line-7,rolling-stock,Baghdad trainset acceptance bays,1,10336,10456,0,10344,10363
baghdad:BAG-RS-L7-003:rs-50-dynamic-commissioning,BAG-RS-L7-003,line-7,rolling-stock,Baghdad trainset acceptance bays,2,10336,10456,2,10344,10363
baghdad:BAG-RS-L7-025:rs-40-fitout-static-test,BAG-RS-L7-025,line-7,rolling-stock,Baghdad six-car fitout and static test,14,10336,10488,,,
baghdad:BAG-RS-L7-046:rs-30-traction-battery-control,BAG-RS-L7-046,line-7,rolling-stock,Baghdad six-car electrical integration,16,10336,10528,,,
baghdad:BAG-RS-L7-063:rs-25-clip-on-body,BAG-RS-L7-063,line-7,rolling-stock,Baghdad six-car body installation,2,10336,10360,,,
baghdad:BAG-RS-L7-064:rs-25-clip-on-body,BAG-RS-L7-064,line-7,rolling-stock,Baghdad six-car body installation,3,10336,10360,,,
baghdad:BAG-RS-L7-074:rs-23-moulded-body-modules,BAG-RS-L7-074,line-7,rolling-stock,Baghdad six-car composite kits,2,10336,10432,,,
baghdad:BAG-RS-L9-013:rs-10-material-kit,BAG-RS-L9-013,line-9,rolling-stock,Baghdad trainset kitting,1,10336,10368,,,
baghdad:BAG-RS-L9-014:rs-10-material-kit,BAG-RS-L9-014,line-9,rolling-stock,Baghdad trainset kitting,2,10336,10368,,,
baghdad:BAG-RS-L9-015:rs-10-material-kit,BAG-RS-L9-015,line-9,rolling-stock,Baghdad trainset kitting,3,10336,10368,,,
baghdad:BAG-RS-L9-016:rs-10-material-kit,BAG-RS-L9-016,line-9,rolling-stock,Baghdad trainset kitting,4,10336,10368,,,
baghdad:BAG-ST-150:st-10-civil-structure,BAG-ST-150,line-8,station,station civil crew,2,9696,9808,,,
baghdad:BAG-ST-153:st-10-civil-structure,BAG-ST-153,line-9,station,station civil crew,1,9864,9976,,,
baghdad:BAG-TRK-L8-016:trk-30-trackform-rail,BAG-TRK-L8-016,line-8,track-section,track crew,2,9840,9992,,,
baghdad:BAG-WPT-L7-014:wpt-10-cabinet-bench,BAG-WPT-L7-014,line-7,waypoint,wayside bench,2,2512,2536,,,
baghdad:BAG-WPT-L7-015:wpt-10-cabinet-bench,BAG-WPT-L7-015,line-7,waypoint,wayside bench,3,2512,2536,,,
baghdad:BAG-RS-L7-004:rs-50-dynamic-commissioning,BAG-RS-L7-004,line-7,rolling-stock,Baghdad trainset acceptance bays,3,10344,10464,1,10352,10371
baghdad:BAG-RS-L7-026:rs-40-fitout-static-test,BAG-RS-L7-026,line-7,rolling-stock,Baghdad six-car fitout and static test,9,10344,10496,,,
baghdad:BAG-RS-L7-047:rs-30-traction-battery-control,BAG-RS-L7-047,line-7,rolling-stock,Baghdad six-car electrical integration,17,10344,10536,,,
baghdad:BAG-RS-L7-065:rs-25-clip-on-body,BAG-RS-L7-065,line-7,rolling-stock,Baghdad six-car body installation,1,10344,10368,,,
baghdad:BAG-RS-L8-001:rs-23-moulded-body-modules,BAG-RS-L8-001,line-8,rolling-stock,Baghdad six-car composite kits,10,10344,10440,,,
baghdad:BAG-RS-L8-002:rs-23-moulded-body-modules,BAG-RS-L8-002,line-8,rolling-stock,Baghdad six-car composite kits,11,10344,10440,,,
baghdad:BAG-RS-L8-027:rs-20-carbody-bogie,BAG-RS-L8-027,line-8,rolling-stock,Baghdad six-car structural assembly,9,10344,10576,,,
baghdad:BAG-RS-L8-028:rs-20-carbody-bogie,BAG-RS-L8-028,line-8,rolling-stock,Baghdad six-car structural assembly,10,10344,10576,,,
baghdad:BAG-RS-L8-029:rs-20-carbody-bogie,BAG-RS-L8-029,line-8,rolling-stock,Baghdad six-car structural assembly,11,10344,10576,,,
baghdad:BAG-RS-L8-030:rs-20-carbody-bogie,BAG-RS-L8-030,line-8,rolling-stock,Baghdad six-car structural assembly,12,10344,10576,,,
baghdad:BAG-EN-129:en-20-energy-commission,BAG-EN-129,line-8,energy,energy crew,1,7800,7840,,,
baghdad:BAG-EN-130:en-20-energy-commission,BAG-EN-130,line-8,energy,energy crew,2,7800,7840,,,
baghdad:BAG-RS-L7-048:rs-30-traction-battery-control,BAG-RS-L7-048,line-7,rolling-stock,Baghdad six-car electrical integration,18,10352,10544,,,
baghdad:BAG-RS-L8-003:rs-23-moulded-body-modules,BAG-RS-L8-003,line-8,rolling-stock,Baghdad six-car composite kits,3,10352,10448,,,
baghdad:BAG-ST-142:st-20-mep-passenger-systems,BAG-ST-142,line-8,station,station systems crew,1,9272,9352,,,
baghdad:BAG-TRK-L9-007:trk-20-subgrade-drainage,BAG-TRK-L9-007,line-9,track-section,corridor civil crew,1,10320,10448,,,
baghdad:BAG-TRK-L9-008:trk-10-survey-utility,BAG-TRK-L9-008,line-9,track-section,corridor civil crew,2,10352,10384,,,
baghdad:BAG-RS-L7-005:rs-50-dynamic-commissioning,BAG-RS-L7-005,line-7,rolling-stock,Baghdad trainset acceptance bays,4,10360,10480,0,10368,10387
baghdad:BAG-RS-L7-027:rs-40-fitout-static-test,BAG-RS-L7-027,line-7,rolling-stock,Baghdad six-car fitout and static test,10,10360,10512,,,
baghdad:BAG-RS-L7-028:rs-40-fitout-static-test,BAG-RS-L7-028,line-7,rolling-stock,Baghdad six-car fitout and static test,11,10360,10512,,,
baghdad:BAG-RS-L7-049:rs-30-traction-battery-control,BAG-RS-L7-049,line-7,rolling-stock,Baghdad six-car electrical integration,19,10360,10552,,,
baghdad:BAG-RS-L7-066:rs-25-clip-on-body,BAG-RS-L7-066,line-7,rolling-stock,Baghdad six-car body installation,2,10360,10384,,,
baghdad:BAG-SIG-133:wpt-20-install-commission,BAG-SIG-133,line-7,signalling-comms,wayside systems crew,3,8696,8728,,,
baghdad:BAG-SW-130:sw-20-install-proof,BAG-SW-130,line-7,switch,track/switch crew,1,8696,8728,,,
baghdad:BAG-TRK-L9-001:trk-30-trackform-rail,BAG-TRK-L9-001,line-9,track-section,track crew,1,9992,10128,,,
baghdad:BAG-WPT-L7-014:wpt-20-install-commission,BAG-WPT-L7-014,line-7,waypoint,wayside systems crew,2,8688,8720,,,
baghdad:BAG-WPT-L7-015:wpt-20-install-commission,BAG-WPT-L7-015,line-7,waypoint,wayside systems crew,1,8720,8752,,,
baghdad:BAG-RS-L7-006:rs-50-dynamic-commissioning,BAG-RS-L7-006,line-7,rolling-stock,Baghdad trainset acceptance bays,5,10368,10488,1,10376,10395
baghdad:BAG-RS-L7-007:rs-50-dynamic-commissioning,BAG-RS-L7-007,line-7,rolling-stock,Baghdad trainset acceptance bays,6,10368,10488,2,10376,10395
baghdad:BAG-RS-L7-029:rs-40-fitout-static-test,BAG-RS-L7-029,line-7,rolling-stock,Baghdad six-car fitout and static test,15,10368,10520,,,
baghdad:BAG-RS-L7-050:rs-30-traction-battery-control,BAG-RS-L7-050,line-7,rolling-stock,Baghdad six-car electrical integration,20,10368,10560,,,
baghdad:BAG-RS-L9-017:rs-10-material-kit,BAG-RS-L9-017,line-9,rolling-stock,Baghdad trainset kitting,1,10368,10400,,,
baghdad:BAG-RS-L9-018:rs-10-material-kit,BAG-RS-L9-018,line-9,rolling-stock,Baghdad trainset kitting,2,10368,10400,,,
baghdad:BAG-RS-L9-019:rs-10-material-kit,BAG-RS-L9-019,line-9,rolling-stock,Baghdad trainset kitting,3,10368,10400,,,
baghdad:BAG-RS-L9-020:rs-10-material-kit,BAG-RS-L9-020,line-9,rolling-stock,Baghdad trainset kitting,4,10368,10400,,,
baghdad:BAG-RS-L7-051:rs-30-traction-battery-control,BAG-RS-L7-051,line-7,rolling-stock,Baghdad six-car electrical integration,21,10376,10568,,,
baghdad:BAG-RS-L7-067:rs-25-clip-on-body,BAG-RS-L7-067,line-7,rolling-stock,Baghdad six-car body installation,1,10376,10400,,,
baghdad:BAG-RS-L7-068:rs-25-clip-on-body,BAG-RS-L7-068,line-7,rolling-stock,Baghdad six-car body installation,3,10376,10400,,,
baghdad:BAG-RS-L8-004:rs-23-moulded-body-modules,BAG-RS-L8-004,line-8,rolling-stock,Baghdad six-car composite kits,4,10376,10472,,,
baghdad:BAG-RS-L8-005:rs-23-moulded-body-modules,BAG-RS-L8-005,line-8,rolling-stock,Baghdad six-car composite kits,6,10376,10472,,,
baghdad:BAG-RS-L8-006:rs-23-moulded-body-modules,BAG-RS-L8-006,line-8,rolling-stock,Baghdad six-car composite kits,7,10376,10472,,,
baghdad:BAG-RS-L8-031:rs-20-carbody-bogie,BAG-RS-L8-031,line-8,rolling-stock,Baghdad six-car structural assembly,13,10376,10608,,,
baghdad:BAG-RS-L8-032:rs-20-carbody-bogie,BAG-RS-L8-032,line-8,rolling-stock,Baghdad six-car structural assembly,14,10376,10608,,,
baghdad:BAG-RS-L8-033:rs-20-carbody-bogie,BAG-RS-L8-033,line-8,rolling-stock,Baghdad six-car structural assembly,15,10376,10608,,,
baghdad:BAG-RS-L8-034:rs-20-carbody-bogie,BAG-RS-L8-034,line-8,rolling-stock,Baghdad six-car structural assembly,16,10376,10608,,,
baghdad:BAG-RS-L7-008:rs-50-dynamic-commissioning,BAG-RS-L7-008,line-7,rolling-stock,Baghdad trainset acceptance bays,7,10384,10504,0,10392,10411
baghdad:BAG-RS-L7-030:rs-40-fitout-static-test,BAG-RS-L7-030,line-7,rolling-stock,Baghdad six-car fitout and static test,12,10384,10536,,,
baghdad:BAG-RS-L7-069:rs-25-clip-on-body,BAG-RS-L7-069,line-7,rolling-stock,Baghdad six-car body installation,2,10384,10408,,,
baghdad:BAG-TRK-L9-008:trk-20-subgrade-drainage,BAG-TRK-L9-008,line-9,track-section,corridor civil crew,2,10384,10512,,,
baghdad:BAG-EN-131:en-10-energy-build,BAG-EN-131,line-8,energy,energy crew,1,7840,7920,,,
baghdad:BAG-EN-132:en-10-energy-build,BAG-EN-132,line-8,energy,energy crew,2,7840,7920,,,
baghdad:BAG-RS-L7-009:rs-50-dynamic-commissioning,BAG-RS-L7-009,line-7,rolling-stock,Baghdad trainset acceptance bays,8,10392,10512,1,10400,10419
baghdad:BAG-RS-L8-007:rs-23-moulded-body-modules,BAG-RS-L8-007,line-8,rolling-stock,Baghdad six-car composite kits,5,10392,10488,,,
baghdad:BAG-RS-L7-031:rs-40-fitout-static-test,BAG-RS-L7-031,line-7,rolling-stock,Baghdad six-car fitout and static test,1,10400,10552,,,
baghdad:BAG-RS-L7-032:rs-40-fitout-static-test,BAG-RS-L7-032,line-7,rolling-stock,Baghdad six-car fitout and static test,2,10400,10552,,,
baghdad:BAG-RS-L7-052:rs-30-traction-battery-control,BAG-RS-L7-052,line-7,rolling-stock,Baghdad six-car electrical integration,1,10400,10592,,,
baghdad:BAG-RS-L7-053:rs-30-traction-battery-control,BAG-RS-L7-053,line-7,rolling-stock,Baghdad six-car electrical integration,2,10400,10592,,,
baghdad:BAG-RS-L7-054:rs-30-traction-battery-control,BAG-RS-L7-054,line-7,rolling-stock,Baghdad six-car electrical integration,3,10400,10592,,,
baghdad:BAG-RS-L7-070:rs-25-clip-on-body,BAG-RS-L7-070,line-7,rolling-stock,Baghdad six-car body installation,1,10400,10424,,,
baghdad:BAG-RS-L9-021:rs-10-material-kit,BAG-RS-L9-021,line-9,rolling-stock,Baghdad trainset kitting,1,10400,10432,,,
baghdad:BAG-RS-L9-022:rs-10-material-kit,BAG-RS-L9-022,line-9,rolling-stock,Baghdad trainset kitting,2,10400,10432,,,
baghdad:BAG-RS-L9-023:rs-10-material-kit,BAG-RS-L9-023,line-9,rolling-stock,Baghdad trainset kitting,3,10400,10432,,,
baghdad:BAG-RS-L9-024:rs-10-material-kit,BAG-RS-L9-024,line-9,rolling-stock,Baghdad trainset kitting,4,10400,10432,,,
baghdad:BAG-RS-L7-010:rs-50-dynamic-commissioning,BAG-RS-L7-010,line-7,rolling-stock,Baghdad trainset acceptance bays,9,10408,10528,0,10416,10435
baghdad:BAG-RS-L7-011:rs-50-dynamic-commissioning,BAG-RS-L7-011,line-7,rolling-stock,Baghdad trainset acceptance bays,10,10408,10528,2,10416,10435
baghdad:BAG-RS-L7-033:rs-40-fitout-static-test,BAG-RS-L7-033,line-7,rolling-stock,Baghdad six-car fitout and static test,16,10408,10560,,,
baghdad:BAG-RS-L7-071:rs-25-clip-on-body,BAG-RS-L7-071,line-7,rolling-stock,Baghdad six-car body installation,2,10408,10432,,,
baghdad:BAG-RS-L7-072:rs-25-clip-on-body,BAG-RS-L7-072,line-7,rolling-stock,Baghdad six-car body installation,3,10408,10432,,,
baghdad:BAG-RS-L8-008:rs-23-moulded-body-modules,BAG-RS-L8-008,line-8,rolling-stock,Baghdad six-car composite kits,1,10408,10504,,,
baghdad:BAG-RS-L8-009:rs-23-moulded-body-modules,BAG-RS-L8-009,line-8,rolling-stock,Baghdad six-car composite kits,8,10408,10504,,,
baghdad:BAG-RS-L8-010:rs-23-moulded-body-modules,BAG-RS-L8-010,line-8,rolling-stock,Baghdad six-car composite kits,9,10408,10504,,,
baghdad:BAG-RS-L8-035:rs-20-carbody-bogie,BAG-RS-L8-035,line-8,rolling-stock,Baghdad six-car structural assembly,17,10408,10640,,,
baghdad:BAG-RS-L8-036:rs-20-carbody-bogie,BAG-RS-L8-036,line-8,rolling-stock,Baghdad six-car structural assembly,18,10408,10640,,,
baghdad:BAG-RS-L8-037:rs-20-carbody-bogie,BAG-RS-L8-037,line-8,rolling-stock,Baghdad six-car structural assembly,19,10408,10640,,,
baghdad:BAG-RS-L8-038:rs-20-carbody-bogie,BAG-RS-L8-038,line-8,rolling-stock,Baghdad six-car structural assembly,20,10408,10640,,,
baghdad:BAG-RS-L7-012:rs-50-dynamic-commissioning,BAG-RS-L7-012,line-7,rolling-stock,Baghdad trainset acceptance bays,11,10416,10536,1,10424,10443
baghdad:BAG-RS-L7-034:rs-40-fitout-static-test,BAG-RS-L7-034,line-7,rolling-stock,Baghdad six-car fitout and static test,3,10424,10576,,,
baghdad:BAG-RS-L7-055:rs-30-traction-battery-control,BAG-RS-L7-055,line-7,rolling-stock,Baghdad six-car electrical integration,4,10424,10616,,,
baghdad:BAG-RS-L7-073:rs-25-clip-on-body,BAG-RS-L7-073,line-7,rolling-stock,Baghdad six-car body installation,1,10424,10448,,,
baghdad:BAG-RS-L7-013:rs-50-dynamic-commissioning,BAG-RS-L7-013,line-7,rolling-stock,Baghdad trainset acceptance bays,12,10432,10552,0,10440,10459
baghdad:BAG-RS-L7-035:rs-40-fitout-static-test,BAG-RS-L7-035,line-7,rolling-stock,Baghdad six-car fitout and static test,4,10432,10584,,,
baghdad:BAG-RS-L7-056:rs-30-traction-battery-control,BAG-RS-L7-056,line-7,rolling-stock,Baghdad six-car electrical integration,5,10432,10624,,,
baghdad:BAG-RS-L7-074:rs-25-clip-on-body,BAG-RS-L7-074,line-7,rolling-stock,Baghdad six-car body installation,2,10432,10456,,,
baghdad:BAG-RS-L8-011:rs-23-moulded-body-modules,BAG-RS-L8-011,line-8,rolling-stock,Baghdad six-car composite kits,2,10432,10528,,,
baghdad:BAG-RS-L9-025:rs-10-material-kit,BAG-RS-L9-025,line-9,rolling-stock,Baghdad trainset kitting,1,10432,10464,,,
baghdad:BAG-RS-L9-026:rs-10-material-kit,BAG-RS-L9-026,line-9,rolling-stock,Baghdad trainset kitting,2,10432,10464,,,
baghdad:BAG-RS-L9-027:rs-10-material-kit,BAG-RS-L9-027,line-9,rolling-stock,Baghdad trainset kitting,3,10432,10464,,,
baghdad:BAG-RS-L9-028:rs-10-material-kit,BAG-RS-L9-028,line-9,rolling-stock,Baghdad trainset kitting,4,10432,10464,,,
baghdad:BAG-ST-143:st-20-mep-passenger-systems,BAG-ST-143,line-8,station,station systems crew,1,9384,9464,,,
baghdad:BAG-RS-L7-014:rs-50-dynamic-commissioning,BAG-RS-L7-014,line-7,rolling-stock,Baghdad trainset acceptance bays,13,10440,10560,1,10448,10467
baghdad:BAG-RS-L7-036:rs-40-fitout-static-test,BAG-RS-L7-036,line-7,rolling-stock,Baghdad six-car fitout and static test,5,10440,10592,,,
baghdad:BAG-RS-L7-057:rs-30-traction-battery-control,BAG-RS-L7-057,line-7,rolling-stock,Baghdad six-car electrical integration,6,10440,10632,,,
baghdad:BAG-RS-L8-001:rs-25-clip-on-body,BAG-RS-L8-001,line-8,rolling-stock,Baghdad six-car body installation,3,10440,10464,,,
baghdad:BAG-RS-L8-012:rs-23-moulded-body-modules,BAG-RS-L8-012,line-8,rolling-stock,Baghdad six-car composite kits,10,10440,10536,,,
baghdad:BAG-RS-L8-013:rs-23-moulded-body-modules,BAG-RS-L8-013,line-8,rolling-stock,Baghdad six-car composite kits,11,10440,10536,,,
baghdad:BAG-RS-L8-039:rs-20-carbody-bogie,BAG-RS-L8-039,line-8,rolling-stock,Baghdad six-car structural assembly,21,10440,10672,,,
baghdad:BAG-RS-L8-040:rs-20-carbody-bogie,BAG-RS-L8-040,line-8,rolling-stock,Baghdad six-car structural assembly,22,10440,10672,,,
baghdad:BAG-RS-L8-041:rs-20-carbody-bogie,BAG-RS-L8-041,line-8,rolling-stock,Baghdad six-car structural assembly,23,10440,10672,,,
baghdad:BAG-RS-L8-042:rs-20-carbody-bogie,BAG-RS-L8-042,line-8,rolling-stock,Baghdad six-car structural assembly,24,10440,10672,,,
baghdad:BAG-RS-L7-037:rs-40-fitout-static-test,BAG-RS-L7-037,line-7,rolling-stock,Baghdad six-car fitout and static test,17,10448,10600,,,
baghdad:BAG-RS-L7-058:rs-30-traction-battery-control,BAG-RS-L7-058,line-7,rolling-stock,Baghdad six-car electrical integration,7,10448,10640,,,
baghdad:BAG-RS-L8-002:rs-25-clip-on-body,BAG-RS-L8-002,line-8,rolling-stock,Baghdad six-car body installation,1,10448,10472,,,
baghdad:BAG-RS-L8-014:rs-23-moulded-body-modules,BAG-RS-L8-014,line-8,rolling-stock,Baghdad six-car composite kits,3,10448,10544,,,
baghdad:BAG-ST-152:st-10-civil-structure,BAG-ST-152,line-9,station,station civil crew,2,9856,9968,,,
baghdad:BAG-ST-155:st-10-civil-structure,BAG-ST-155,line-9,station,station civil crew,1,10016,10128,,,
baghdad:BAG-RS-L7-015:rs-50-dynamic-commissioning,BAG-RS-L7-015,line-7,rolling-stock,Baghdad trainset acceptance bays,1,10456,10576,0,10464,10483
baghdad:BAG-RS-L7-016:rs-50-dynamic-commissioning,BAG-RS-L7-016,line-7,rolling-stock,Baghdad trainset acceptance bays,2,10456,10576,2,10464,10483
baghdad:BAG-RS-L7-038:rs-40-fitout-static-test,BAG-RS-L7-038,line-7,rolling-stock,Baghdad six-car fitout and static test,6,10456,10608,,,
baghdad:BAG-RS-L7-059:rs-30-traction-battery-control,BAG-RS-L7-059,line-7,rolling-stock,Baghdad six-car electrical integration,8,10456,10648,,,
baghdad:BAG-RS-L8-003:rs-25-clip-on-body,BAG-RS-L8-003,line-8,rolling-stock,Baghdad six-car body installation,2,10456,10480,,,
baghdad:BAG-RS-L7-017:rs-50-dynamic-commissioning,BAG-RS-L7-017,line-7,rolling-stock,Baghdad trainset acceptance bays,3,10464,10584,1,10472,10491
baghdad:BAG-RS-L7-039:rs-40-fitout-static-test,BAG-RS-L7-039,line-7,rolling-stock,Baghdad six-car fitout and static test,13,10464,10616,,,
baghdad:BAG-RS-L7-060:rs-30-traction-battery-control,BAG-RS-L7-060,line-7,rolling-stock,Baghdad six-car electrical integration,9,10464,10656,,,
baghdad:BAG-RS-L9-029:rs-10-material-kit,BAG-RS-L9-029,line-9,rolling-stock,Baghdad trainset kitting,1,10464,10496,,,
baghdad:BAG-RS-L9-030:rs-10-material-kit,BAG-RS-L9-030,line-9,rolling-stock,Baghdad trainset kitting,2,10464,10496,,,
baghdad:BAG-RS-L9-031:rs-10-material-kit,BAG-RS-L9-031,line-9,rolling-stock,Baghdad trainset kitting,3,10464,10496,,,
baghdad:BAG-RS-L9-032:rs-10-material-kit,BAG-RS-L9-032,line-9,rolling-stock,Baghdad trainset kitting,4,10464,10496,,,
baghdad:BAG-EN-131:en-20-energy-commission,BAG-EN-131,line-8,energy,energy crew,1,7920,7960,,,
baghdad:BAG-EN-132:en-20-energy-commission,BAG-EN-132,line-8,energy,energy crew,2,7920,7960,,,
baghdad:BAG-RS-L7-040:rs-40-fitout-static-test,BAG-RS-L7-040,line-7,rolling-stock,Baghdad six-car fitout and static test,7,10472,10624,,,
baghdad:BAG-RS-L7-061:rs-30-traction-battery-control,BAG-RS-L7-061,line-7,rolling-stock,Baghdad six-car electrical integration,10,10472,10664,,,
baghdad:BAG-RS-L8-004:rs-25-clip-on-body,BAG-RS-L8-004,line-8,rolling-stock,Baghdad six-car body installation,1,10472,10496,,,
baghdad:BAG-RS-L8-005:rs-25-clip-on-body,BAG-RS-L8-005,line-8,rolling-stock,Baghdad six-car body installation,3,10472,10496,,,
baghdad:BAG-RS-L8-015:rs-23-moulded-body-modules,BAG-RS-L8-015,line-8,rolling-stock,Baghdad six-car composite kits,4,10472,10568,,,
baghdad:BAG-RS-L8-016:rs-23-moulded-body-modules,BAG-RS-L8-016,line-8,rolling-stock,Baghdad six-car composite kits,6,10472,10568,,,
baghdad:BAG-RS-L8-017:rs-23-moulded-body-modules,BAG-RS-L8-017,line-8,rolling-stock,Baghdad six-car composite kits,7,10472,10568,,,
baghdad:BAG-RS-L8-043:rs-20-carbody-bogie,BAG-RS-L8-043,line-8,rolling-stock,Baghdad six-car structural assembly,25,10472,10704,,,
baghdad:BAG-RS-L8-044:rs-20-carbody-bogie,BAG-RS-L8-044,line-8,rolling-stock,Baghdad six-car structural assembly,26,10472,10704,,,
baghdad:BAG-RS-L7-018:rs-50-dynamic-commissioning,BAG-RS-L7-018,line-7,rolling-stock,Baghdad trainset acceptance bays,4,10480,10600,0,10488,10507
baghdad:BAG-RS-L7-041:rs-40-fitout-static-test,BAG-RS-L7-041,line-7,rolling-stock,Baghdad six-car fitout and static test,8,10480,10632,,,
baghdad:BAG-RS-L7-062:rs-30-traction-battery-control,BAG-RS-L7-062,line-7,rolling-stock,Baghdad six-car electrical integration,11,10480,10672,,,
baghdad:BAG-RS-L8-006:rs-25-clip-on-body,BAG-RS-L8-006,line-8,rolling-stock,Baghdad six-car body installation,2,10480,10504,,,
baghdad:BAG-TRK-L9-009:trk-10-survey-utility,BAG-TRK-L9-009,line-9,track-section,corridor civil crew,1,10448,10488,,,
baghdad:BAG-RS-L7-019:rs-50-dynamic-commissioning,BAG-RS-L7-019,line-7,rolling-stock,Baghdad trainset acceptance bays,5,10488,10608,1,10496,10515
baghdad:BAG-RS-L7-020:rs-50-dynamic-commissioning,BAG-RS-L7-020,line-7,rolling-stock,Baghdad trainset acceptance bays,6,10488,10608,2,10496,10515
baghdad:BAG-RS-L8-018:rs-23-moulded-body-modules,BAG-RS-L8-018,line-8,rolling-stock,Baghdad six-car composite kits,5,10488,10584,,,
baghdad:BAG-TRK-L9-002:trk-30-trackform-rail,BAG-TRK-L9-002,line-9,track-section,track crew,2,10016,10160,,,
baghdad:BAG-RS-L7-042:rs-40-fitout-static-test,BAG-RS-L7-042,line-7,rolling-stock,Baghdad six-car fitout and static test,9,10496,10648,,,
baghdad:BAG-RS-L7-043:rs-40-fitout-static-test,BAG-RS-L7-043,line-7,rolling-stock,Baghdad six-car fitout and static test,14,10496,10648,,,
baghdad:BAG-RS-L7-063:rs-30-traction-battery-control,BAG-RS-L7-063,line-7,rolling-stock,Baghdad six-car electrical integration,12,10496,10688,,,
baghdad:BAG-RS-L7-064:rs-30-traction-battery-control,BAG-RS-L7-064,line-7,rolling-stock,Baghdad six-car electrical integration,13,10496,10688,,,
baghdad:BAG-RS-L8-007:rs-25-clip-on-body,BAG-RS-L8-007,line-8,rolling-stock,Baghdad six-car body installation,1,10496,10520,,,
baghdad:BAG-RS-L9-033:rs-10-material-kit,BAG-RS-L9-033,line-9,rolling-stock,Baghdad trainset kitting,1,10496,10528,,,
baghdad:BAG-RS-L9-034:rs-10-material-kit,BAG-RS-L9-034,line-9,rolling-stock,Baghdad trainset kitting,2,10496,10528,,,
baghdad:BAG-RS-L9-035:rs-10-material-kit,BAG-RS-L9-035,line-9,rolling-stock,Baghdad trainset kitting,3,10496,10528,,,
baghdad:BAG-RS-L9-036:rs-10-material-kit,BAG-RS-L9-036,line-9,rolling-stock,Baghdad trainset kitting,4,10496,10528,,,
baghdad:BAG-TRK-L9-003:trk-30-trackform-rail,BAG-TRK-L9-003,line-9,track-section,track crew,1,10128,10224,,,
baghdad:BAG-RS-L7-021:rs-50-dynamic-commissioning,BAG-RS-L7-021,line-7,rolling-stock,Baghdad trainset acceptance bays,7,10504,10624,0,10512,10531
baghdad:BAG-RS-L7-065:rs-30-traction-battery-control,BAG-RS-L7-065,line-7,rolling-stock,Baghdad six-car electrical integration,14,10504,10696,,,
baghdad:BAG-RS-L8-008:rs-25-clip-on-body,BAG-RS-L8-008,line-8,rolling-stock,Baghdad six-car body installation,2,10504,10528,,,
baghdad:BAG-RS-L8-009:rs-25-clip-on-body,BAG-RS-L8-009,line-8,rolling-stock,Baghdad six-car body installation,3,10504,10528,,,
baghdad:BAG-EN-133:en-10-energy-build,BAG-EN-133,line-8,energy,energy crew,1,7960,8040,,,
baghdad:BAG-EN-134:en-10-energy-build,BAG-EN-134,line-9,energy,energy crew,2,7960,8040,,,
baghdad:BAG-RS-L7-022:rs-50-dynamic-commissioning,BAG-RS-L7-022,line-7,rolling-stock,Baghdad trainset acceptance bays,8,10512,10632,1,10520,10539
baghdad:BAG-RS-L7-044:rs-40-fitout-static-test,BAG-RS-L7-044,line-7,rolling-stock,Baghdad six-car fitout and static test,10,10512,10664,,,
baghdad:BAG-RS-L8-019:rs-23-moulded-body-modules,BAG-RS-L8-019,line-8,rolling-stock,Baghdad six-car composite kits,1,10512,10608,,,
baghdad:BAG-RS-L8-020:rs-23-moulded-body-modules,BAG-RS-L8-020,line-8,rolling-stock,Baghdad six-car composite kits,8,10512,10608,,,
baghdad:BAG-RS-L8-021:rs-23-moulded-body-modules,BAG-RS-L8-021,line-8,rolling-stock,Baghdad six-car composite kits,9,10512,10608,,,
baghdad:BAG-RS-L8-045:rs-20-carbody-bogie,BAG-RS-L8-045,line-8,rolling-stock,Baghdad six-car structural assembly,1,10512,10744,,,
baghdad:BAG-RS-L8-046:rs-20-carbody-bogie,BAG-RS-L8-046,line-8,rolling-stock,Baghdad six-car structural assembly,2,10512,10744,,,
baghdad:BAG-RS-L8-047:rs-20-carbody-bogie,BAG-RS-L8-047,line-8,rolling-stock,Baghdad six-car structural assembly,3,10512,10744,,,
baghdad:BAG-RS-L8-048:rs-20-carbody-bogie,BAG-RS-L8-048,line-8,rolling-stock,Baghdad six-car structural assembly,4,10512,10744,,,
baghdad:BAG-ST-145:st-20-mep-passenger-systems,BAG-ST-145,line-8,station,station systems crew,1,9496,9576,,,
baghdad:BAG-TRK-L9-010:trk-10-survey-utility,BAG-TRK-L9-010,line-9,track-section,corridor civil crew,2,10512,10520,,,
baghdad:BAG-RS-L7-045:rs-40-fitout-static-test,BAG-RS-L7-045,line-7,rolling-stock,Baghdad six-car fitout and static test,11,10520,10672,,,
baghdad:BAG-RS-L7-066:rs-30-traction-battery-control,BAG-RS-L7-066,line-7,rolling-stock,Baghdad six-car electrical integration,15,10520,10712,,,
baghdad:BAG-RS-L8-010:rs-25-clip-on-body,BAG-RS-L8-010,line-8,rolling-stock,Baghdad six-car body installation,1,10520,10544,,,
baghdad:BAG-TRK-L9-009:trk-20-subgrade-drainage,BAG-TRK-L9-009,line-9,track-section,corridor civil crew,1,10488,10656,,,
baghdad:BAG-TRK-L9-010:trk-20-subgrade-drainage,BAG-TRK-L9-010,line-9,track-section,corridor civil crew,2,10520,10536,,,
baghdad:BAG-RS-L7-023:rs-50-dynamic-commissioning,BAG-RS-L7-023,line-7,rolling-stock,Baghdad trainset acceptance bays,9,10528,10648,0,10536,10555
baghdad:BAG-RS-L7-024:rs-50-dynamic-commissioning,BAG-RS-L7-024,line-7,rolling-stock,Baghdad trainset acceptance bays,10,10528,10648,2,10536,10555
baghdad:BAG-RS-L7-046:rs-40-fitout-static-test,BAG-RS-L7-046,line-7,rolling-stock,Baghdad six-car fitout and static test,15,10528,10680,,,
baghdad:BAG-RS-L7-067:rs-30-traction-battery-control,BAG-RS-L7-067,line-7,rolling-stock,Baghdad six-car electrical integration,16,10528,10720,,,
baghdad:BAG-RS-L8-011:rs-25-clip-on-body,BAG-RS-L8-011,line-8,rolling-stock,Baghdad six-car body installation,2,10528,10552,,,
baghdad:BAG-RS-L8-022:rs-23-moulded-body-modules,BAG-RS-L8-022,line-8,rolling-stock,Baghdad six-car composite kits,2,10528,10624,,,
baghdad:BAG-RS-L9-037:rs-10-material-kit,BAG-RS-L9-037,line-9,rolling-stock,Baghdad trainset kitting,1,10528,10560,,,
baghdad:BAG-RS-L9-038:rs-10-material-kit,BAG-RS-L9-038,line-9,rolling-stock,Baghdad trainset kitting,2,10528,10560,,,
baghdad:BAG-RS-L9-039:rs-10-material-kit,BAG-RS-L9-039,line-9,rolling-stock,Baghdad trainset kitting,3,10528,10560,,,
baghdad:BAG-RS-L9-040:rs-10-material-kit,BAG-RS-L9-040,line-9,rolling-stock,Baghdad trainset kitting,4,10528,10560,,,
baghdad:BAG-RS-L7-025:rs-50-dynamic-commissioning,BAG-RS-L7-025,line-7,rolling-stock,Baghdad trainset acceptance bays,11,10536,10656,1,10544,10563
baghdad:BAG-RS-L7-047:rs-40-fitout-static-test,BAG-RS-L7-047,line-7,rolling-stock,Baghdad six-car fitout and static test,12,10536,10688,,,
baghdad:BAG-RS-L7-068:rs-30-traction-battery-control,BAG-RS-L7-068,line-7,rolling-stock,Baghdad six-car electrical integration,17,10536,10728,,,
baghdad:BAG-RS-L8-012:rs-25-clip-on-body,BAG-RS-L8-012,line-8,rolling-stock,Baghdad six-car body installation,3,10536,10560,,,
baghdad:BAG-TRK-L9-011:trk-10-survey-utility,BAG-TRK-L9-011,line-9,track-section,corridor civil crew,2,10536,10560,,,
baghdad:BAG-RS-L7-069:rs-30-traction-battery-control,BAG-RS-L7-069,line-7,rolling-stock,Baghdad six-car electrical integration,18,10544,10736,,,
baghdad:BAG-RS-L8-013:rs-25-clip-on-body,BAG-RS-L8-013,line-8,rolling-stock,Baghdad six-car body installation,1,10544,10568,,,
baghdad:BAG-RS-L8-023:rs-23-moulded-body-modules,BAG-RS-L8-023,line-8,rolling-stock,Baghdad six-car composite kits,3,10544,10640,,,
baghdad:BAG-RS-L8-024:rs-23-moulded-body-modules,BAG-RS-L8-024,line-8,rolling-stock,Baghdad six-car composite kits,10,10544,10640,,,
baghdad:BAG-RS-L8-025:rs-23-moulded-body-modules,BAG-RS-L8-025,line-8,rolling-stock,Baghdad six-car composite kits,11,10544,10640,,,
baghdad:BAG-RS-L8-049:rs-20-carbody-bogie,BAG-RS-L8-049,line-8,rolling-stock,Baghdad six-car structural assembly,5,10544,10776,,,
baghdad:BAG-RS-L8-050:rs-20-carbody-bogie,BAG-RS-L8-050,line-8,rolling-stock,Baghdad six-car structural assembly,6,10544,10776,,,
baghdad:BAG-RS-L8-051:rs-20-carbody-bogie,BAG-RS-L8-051,line-8,rolling-stock,Baghdad six-car structural assembly,7,10544,10776,,,
baghdad:BAG-RS-L8-052:rs-20-carbody-bogie,BAG-RS-L8-052,line-8,rolling-stock,Baghdad six-car structural assembly,8,10544,10776,,,
baghdad:BAG-RS-L7-026:rs-50-dynamic-commissioning,BAG-RS-L7-026,line-7,rolling-stock,Baghdad trainset acceptance bays,12,10552,10672,0,10560,10579
baghdad:BAG-RS-L7-048:rs-40-fitout-static-test,BAG-RS-L7-048,line-7,rolling-stock,Baghdad six-car fitout and static test,1,10552,10704,,,
baghdad:BAG-RS-L7-049:rs-40-fitout-static-test,BAG-RS-L7-049,line-7,rolling-stock,Baghdad six-car fitout and static test,2,10552,10704,,,
baghdad:BAG-RS-L7-070:rs-30-traction-battery-control,BAG-RS-L7-070,line-7,rolling-stock,Baghdad six-car electrical integration,19,10552,10744,,,
baghdad:BAG-RS-L8-014:rs-25-clip-on-body,BAG-RS-L8-014,line-8,rolling-stock,Baghdad six-car body installation,2,10552,10576,,,
baghdad:BAG-RS-L7-027:rs-50-dynamic-commissioning,BAG-RS-L7-027,line-7,rolling-stock,Baghdad trainset acceptance bays,13,10560,10680,1,10568,10587
baghdad:BAG-RS-L7-050:rs-40-fitout-static-test,BAG-RS-L7-050,line-7,rolling-stock,Baghdad six-car fitout and static test,16,10560,10712,,,
baghdad:BAG-RS-L7-071:rs-30-traction-battery-control,BAG-RS-L7-071,line-7,rolling-stock,Baghdad six-car electrical integration,20,10560,10752,,,
baghdad:BAG-RS-L9-041:rs-10-material-kit,BAG-RS-L9-041,line-9,rolling-stock,Baghdad trainset kitting,1,10560,10592,,,
baghdad:BAG-RS-L9-042:rs-10-material-kit,BAG-RS-L9-042,line-9,rolling-stock,Baghdad trainset kitting,2,10560,10592,,,
baghdad:BAG-RS-L9-043:rs-10-material-kit,BAG-RS-L9-043,line-9,rolling-stock,Baghdad trainset kitting,3,10560,10592,,,
baghdad:BAG-RS-L9-044:rs-10-material-kit,BAG-RS-L9-044,line-9,rolling-stock,Baghdad trainset kitting,4,10560,10592,,,
baghdad:BAG-ST-154:st-10-civil-structure,BAG-ST-154,line-9,station,station civil crew,2,9968,10080,,,
baghdad:BAG-ST-157:st-10-civil-structure,BAG-ST-157,line-9,station,station civil crew,1,10144,10256,,,
baghdad:BAG-TRK-L9-011:trk-20-subgrade-drainage,BAG-TRK-L9-011,line-9,track-section,corridor civil crew,2,10560,10672,,,
baghdad:BAG-RS-L7-072:rs-30-traction-battery-control,BAG-RS-L7-072,line-7,rolling-stock,Baghdad six-car electrical integration,21,10568,10760,,,
baghdad:BAG-RS-L8-015:rs-25-clip-on-body,BAG-RS-L8-015,line-8,rolling-stock,Baghdad six-car body installation,1,10568,10592,,,
baghdad:BAG-RS-L8-016:rs-25-clip-on-body,BAG-RS-L8-016,line-8,rolling-stock,Baghdad six-car body installation,3,10568,10592,,,
baghdad:BAG-RS-L8-026:rs-23-moulded-body-modules,BAG-RS-L8-026,line-8,rolling-stock,Baghdad six-car composite kits,4,10568,10664,,,
baghdad:BAG-RS-L7-028:rs-50-dynamic-commissioning,BAG-RS-L7-028,line-7,rolling-stock,Baghdad trainset acceptance bays,1,10576,10696,0,10584,10603
baghdad:BAG-RS-L7-029:rs-50-dynamic-commissioning,BAG-RS-L7-029,line-7,rolling-stock,Baghdad trainset acceptance bays,2,10576,10696,2,10584,10603
baghdad:BAG-RS-L7-051:rs-40-fitout-static-test,BAG-RS-L7-051,line-7,rolling-stock,Baghdad six-car fitout and static test,3,10576,10728,,,
baghdad:BAG-RS-L8-017:rs-25-clip-on-body,BAG-RS-L8-017,line-8,rolling-stock,Baghdad six-car body installation,2,10576,10600,,,
baghdad:BAG-RS-L8-027:rs-23-moulded-body-modules,BAG-RS-L8-027,line-8,rolling-stock,Baghdad six-car composite kits,6,10576,10672,,,
baghdad:BAG-RS-L8-028:rs-23-moulded-body-modules,BAG-RS-L8-028,line-8,rolling-stock,Baghdad six-car composite kits,7,10576,10672,,,
baghdad:BAG-RS-L8-053:rs-20-carbody-bogie,BAG-RS-L8-053,line-8,rolling-stock,Baghdad six-car structural assembly,9,10576,10808,,,
baghdad:BAG-RS-L8-054:rs-20-carbody-bogie,BAG-RS-L8-054,line-8,rolling-stock,Baghdad six-car structural assembly,10,10576,10808,,,
baghdad:BAG-RS-L8-055:rs-20-carbody-bogie,BAG-RS-L8-055,line-8,rolling-stock,Baghdad six-car structural assembly,11,10576,10808,,,
baghdad:BAG-RS-L8-056:rs-20-carbody-bogie,BAG-RS-L8-056,line-8,rolling-stock,Baghdad six-car structural assembly,12,10576,10808,,,
baghdad:BAG-RS-L7-030:rs-50-dynamic-commissioning,BAG-RS-L7-030,line-7,rolling-stock,Baghdad trainset acceptance bays,3,10584,10704,1,10592,10611
baghdad:BAG-RS-L8-029:rs-23-moulded-body-modules,BAG-RS-L8-029,line-8,rolling-stock,Baghdad six-car composite kits,5,10584,10680,,,
baghdad:BAG-EN-133:en-20-energy-commission,BAG-EN-133,line-8,energy,energy crew,1,8040,8080,,,
baghdad:BAG-EN-134:en-20-energy-commission,BAG-EN-134,line-9,energy,energy crew,2,8040,8080,,,
baghdad:BAG-RS-L7-052:rs-40-fitout-static-test,BAG-RS-L7-052,line-7,rolling-stock,Baghdad six-car fitout and static test,4,10592,10744,,,
baghdad:BAG-RS-L7-053:rs-40-fitout-static-test,BAG-RS-L7-053,line-7,rolling-stock,Baghdad six-car fitout and static test,5,10592,10744,,,
baghdad:BAG-RS-L7-073:rs-30-traction-battery-control,BAG-RS-L7-073,line-7,rolling-stock,Baghdad six-car electrical integration,1,10592,10784,,,
baghdad:BAG-RS-L7-074:rs-30-traction-battery-control,BAG-RS-L7-074,line-7,rolling-stock,Baghdad six-car electrical integration,2,10592,10784,,,
baghdad:BAG-RS-L8-001:rs-30-traction-battery-control,BAG-RS-L8-001,line-8,rolling-stock,Baghdad six-car electrical integration,3,10592,10784,,,
baghdad:BAG-RS-L8-018:rs-25-clip-on-body,BAG-RS-L8-018,line-8,rolling-stock,Baghdad six-car body installation,1,10592,10616,,,
baghdad:BAG-RS-L9-045:rs-10-material-kit,BAG-RS-L9-045,line-9,rolling-stock,Baghdad trainset kitting,1,10592,10624,,,
baghdad:BAG-RS-L9-046:rs-10-material-kit,BAG-RS-L9-046,line-9,rolling-stock,Baghdad trainset kitting,2,10592,10624,,,
baghdad:BAG-RS-L9-047:rs-10-material-kit,BAG-RS-L9-047,line-9,rolling-stock,Baghdad trainset kitting,3,10592,10624,,,
baghdad:BAG-ST-135:st-20-mep-passenger-systems,BAG-ST-135,line-8,station,station systems crew,2,8752,8832,,,
baghdad:BAG-ST-147:st-20-mep-passenger-systems,BAG-ST-147,line-8,station,station systems crew,1,9640,9720,,,
baghdad:BAG-TRK-L9-005:trk-30-trackform-rail,BAG-TRK-L9-005,line-9,track-section,track crew,1,10288,10432,,,
baghdad:BAG-RS-L7-031:rs-50-dynamic-commissioning,BAG-RS-L7-031,line-7,rolling-stock,Baghdad trainset acceptance bays,4,10600,10720,0,10608,10627
baghdad:BAG-RS-L7-054:rs-40-fitout-static-test,BAG-RS-L7-054,line-7,rolling-stock,Baghdad six-car fitout and static test,17,10600,10752,,,
baghdad:BAG-RS-L7-032:rs-50-dynamic-commissioning,BAG-RS-L7-032,line-7,rolling-stock,Baghdad trainset acceptance bays,5,10608,10728,1,10616,10635
baghdad:BAG-RS-L7-033:rs-50-dynamic-commissioning,BAG-RS-L7-033,line-7,rolling-stock,Baghdad trainset acceptance bays,6,10608,10728,2,10616,10635
baghdad:BAG-RS-L8-019:rs-25-clip-on-body,BAG-RS-L8-019,line-8,rolling-stock,Baghdad six-car body installation,2,10608,10632,,,
baghdad:BAG-RS-L8-020:rs-25-clip-on-body,BAG-RS-L8-020,line-8,rolling-stock,Baghdad six-car body installation,3,10608,10632,,,
baghdad:BAG-RS-L8-030:rs-23-moulded-body-modules,BAG-RS-L8-030,line-8,rolling-stock,Baghdad six-car composite kits,1,10608,10704,,,
baghdad:BAG-RS-L8-031:rs-23-moulded-body-modules,BAG-RS-L8-031,line-8,rolling-stock,Baghdad six-car composite kits,8,10608,10704,,,
baghdad:BAG-RS-L8-032:rs-23-moulded-body-modules,BAG-RS-L8-032,line-8,rolling-stock,Baghdad six-car composite kits,9,10608,10704,,,
baghdad:BAG-RS-L8-057:rs-20-carbody-bogie,BAG-RS-L8-057,line-8,rolling-stock,Baghdad six-car structural assembly,13,10608,10840,,,
baghdad:BAG-RS-L8-058:rs-20-carbody-bogie,BAG-RS-L8-058,line-8,rolling-stock,Baghdad six-car structural assembly,14,10608,10840,,,
baghdad:BAG-RS-L8-059:rs-20-carbody-bogie,BAG-RS-L8-059,line-8,rolling-stock,Baghdad six-car structural assembly,15,10608,10840,,,
baghdad:BAG-RS-L8-060:rs-20-carbody-bogie,BAG-RS-L8-060,line-8,rolling-stock,Baghdad six-car structural assembly,16,10608,10840,,,
baghdad:BAG-RS-L7-055:rs-40-fitout-static-test,BAG-RS-L7-055,line-7,rolling-stock,Baghdad six-car fitout and static test,6,10616,10768,,,
baghdad:BAG-RS-L8-002:rs-30-traction-battery-control,BAG-RS-L8-002,line-8,rolling-stock,Baghdad six-car electrical integration,4,10616,10808,,,
baghdad:BAG-RS-L8-021:rs-25-clip-on-body,BAG-RS-L8-021,line-8,rolling-stock,Baghdad six-car body installation,1,10616,10640,,,
baghdad:BAG-RS-L7-034:rs-50-dynamic-commissioning,BAG-RS-L7-034,line-7,rolling-stock,Baghdad trainset acceptance bays,7,10624,10744,0,10632,10651
baghdad:BAG-RS-L7-056:rs-40-fitout-static-test,BAG-RS-L7-056,line-7,rolling-stock,Baghdad six-car fitout and static test,7,10624,10776,,,
baghdad:BAG-RS-L8-003:rs-30-traction-battery-control,BAG-RS-L8-003,line-8,rolling-stock,Baghdad six-car electrical integration,5,10624,10816,,,
baghdad:BAG-RS-L8-033:rs-23-moulded-body-modules,BAG-RS-L8-033,line-8,rolling-stock,Baghdad six-car composite kits,2,10624,10720,,,
baghdad:BAG-EN-135:en-10-energy-build,BAG-EN-135,line-9,energy,energy crew,1,8080,8160,,,
baghdad:BAG-EN-136:en-10-energy-build,BAG-EN-136,line-9,energy,energy crew,2,8080,8160,,,
baghdad:BAG-RS-L7-035:rs-50-dynamic-commissioning,BAG-RS-L7-035,line-7,rolling-stock,Baghdad trainset acceptance bays,8,10632,10752,1,10640,10659
baghdad:BAG-RS-L7-057:rs-40-fitout-static-test,BAG-RS-L7-057,line-7,rolling-stock,Baghdad six-car fitout and static test,8,10632,10784,,,
baghdad:BAG-RS-L8-004:rs-30-traction-battery-control,BAG-RS-L8-004,line-8,rolling-stock,Baghdad six-car electrical integration,6,10632,10824,,,
baghdad:BAG-RS-L8-022:rs-25-clip-on-body,BAG-RS-L8-022,line-8,rolling-stock,Baghdad six-car body installation,2,10632,10656,,,
baghdad:BAG-TRK-L9-004:trk-30-trackform-rail,BAG-TRK-L9-004,line-9,track-section,track crew,2,10176,10304,,,
baghdad:BAG-RS-L7-058:rs-40-fitout-static-test,BAG-RS-L7-058,line-7,rolling-stock,Baghdad six-car fitout and static test,13,10640,10792,,,
baghdad:BAG-RS-L8-005:rs-30-traction-battery-control,BAG-RS-L8-005,line-8,rolling-stock,Baghdad six-car electrical integration,7,10640,10832,,,
baghdad:BAG-RS-L8-023:rs-25-clip-on-body,BAG-RS-L8-023,line-8,rolling-stock,Baghdad six-car body installation,1,10640,10664,,,
baghdad:BAG-RS-L8-024:rs-25-clip-on-body,BAG-RS-L8-024,line-8,rolling-stock,Baghdad six-car body installation,3,10640,10664,,,
baghdad:BAG-RS-L8-034:rs-23-moulded-body-modules,BAG-RS-L8-034,line-8,rolling-stock,Baghdad six-car composite kits,3,10640,10736,,,
baghdad:BAG-RS-L8-035:rs-23-moulded-body-modules,BAG-RS-L8-035,line-8,rolling-stock,Baghdad six-car composite kits,10,10640,10736,,,
baghdad:BAG-RS-L8-036:rs-23-moulded-body-modules,BAG-RS-L8-036,line-8,rolling-stock,Baghdad six-car composite kits,11,10640,10736,,,
baghdad:BAG-RS-L8-061:rs-20-carbody-bogie,BAG-RS-L8-061,line-8,rolling-stock,Baghdad six-car structural assembly,17,10640,10872,,,
baghdad:BAG-RS-L8-062:rs-20-carbody-bogie,BAG-RS-L8-062,line-8,rolling-stock,Baghdad six-car structural assembly,18,10640,10872,,,
baghdad:BAG-RS-L8-063:rs-20-carbody-bogie,BAG-RS-L8-063,line-8,rolling-stock,Baghdad six-car structural assembly,19,10640,10872,,,
baghdad:BAG-RS-L8-064:rs-20-carbody-bogie,BAG-RS-L8-064,line-8,rolling-stock,Baghdad six-car structural assembly,20,10640,10872,,,
baghdad:BAG-RS-L7-036:rs-50-dynamic-commissioning,BAG-RS-L7-036,line-7,rolling-stock,Baghdad trainset acceptance bays,9,10648,10768,0,10656,10675
baghdad:BAG-RS-L7-037:rs-50-dynamic-commissioning,BAG-RS-L7-037,line-7,rolling-stock,Baghdad trainset acceptance bays,10,10648,10768,2,10656,10675
baghdad:BAG-RS-L7-059:rs-40-fitout-static-test,BAG-RS-L7-059,line-7,rolling-stock,Baghdad six-car fitout and static test,9,10648,10800,,,
baghdad:BAG-RS-L8-006:rs-30-traction-battery-control,BAG-RS-L8-006,line-8,rolling-stock,Baghdad six-car electrical integration,8,10648,10840,,,
baghdad:BAG-RS-L7-038:rs-50-dynamic-commissioning,BAG-RS-L7-038,line-7,rolling-stock,Baghdad trainset acceptance bays,11,10656,10776,1,10664,10683
baghdad:BAG-RS-L7-060:rs-40-fitout-static-test,BAG-RS-L7-060,line-7,rolling-stock,Baghdad six-car fitout and static test,14,10656,10808,,,
baghdad:BAG-RS-L8-007:rs-30-traction-battery-control,BAG-RS-L8-007,line-8,rolling-stock,Baghdad six-car electrical integration,9,10656,10848,,,
baghdad:BAG-RS-L8-025:rs-25-clip-on-body,BAG-RS-L8-025,line-8,rolling-stock,Baghdad six-car body installation,2,10656,10680,,,
baghdad:BAG-RS-L7-061:rs-40-fitout-static-test,BAG-RS-L7-061,line-7,rolling-stock,Baghdad six-car fitout and static test,10,10664,10816,,,
baghdad:BAG-RS-L8-008:rs-30-traction-battery-control,BAG-RS-L8-008,line-8,rolling-stock,Baghdad six-car electrical integration,10,10664,10856,,,
baghdad:BAG-RS-L8-026:rs-25-clip-on-body,BAG-RS-L8-026,line-8,rolling-stock,Baghdad six-car body installation,1,10664,10688,,,
baghdad:BAG-RS-L8-037:rs-23-moulded-body-modules,BAG-RS-L8-037,line-8,rolling-stock,Baghdad six-car composite kits,4,10664,10760,,,
baghdad:BAG-RS-L7-039:rs-50-dynamic-commissioning,BAG-RS-L7-039,line-7,rolling-stock,Baghdad trainset acceptance bays,12,10672,10792,0,10680,10699
baghdad:BAG-RS-L7-062:rs-40-fitout-static-test,BAG-RS-L7-062,line-7,rolling-stock,Baghdad six-car fitout and static test,11,10672,10824,,,
baghdad:BAG-RS-L8-009:rs-30-traction-battery-control,BAG-RS-L8-009,line-8,rolling-stock,Baghdad six-car electrical integration,11,10672,10864,,,
baghdad:BAG-RS-L8-027:rs-25-clip-on-body,BAG-RS-L8-027,line-8,rolling-stock,Baghdad six-car body installation,3,10672,10696,,,
baghdad:BAG-RS-L8-038:rs-23-moulded-body-modules,BAG-RS-L8-038,line-8,rolling-stock,Baghdad six-car composite kits,6,10672,10768,,,
baghdad:BAG-RS-L8-039:rs-23-moulded-body-modules,BAG-RS-L8-039,line-8,rolling-stock,Baghdad six-car composite kits,7,10672,10768,,,
baghdad:BAG-RS-L8-065:rs-20-carbody-bogie,BAG-RS-L8-065,line-8,rolling-stock,Baghdad six-car structural assembly,21,10672,10904,,,
baghdad:BAG-RS-L8-066:rs-20-carbody-bogie,BAG-RS-L8-066,line-8,rolling-stock,Baghdad six-car structural assembly,22,10672,10904,,,
baghdad:BAG-RS-L8-067:rs-20-carbody-bogie,BAG-RS-L8-067,line-8,rolling-stock,Baghdad six-car structural assembly,23,10672,10904,,,
baghdad:BAG-RS-L8-068:rs-20-carbody-bogie,BAG-RS-L8-068,line-8,rolling-stock,Baghdad six-car structural assembly,24,10672,10904,,,
baghdad:BAG-ST-137:st-20-mep-passenger-systems,BAG-ST-137,line-8,station,station systems crew,2,8920,9000,,,
baghdad:BAG-ST-149:st-20-mep-passenger-systems,BAG-ST-149,line-8,station,station systems crew,1,9752,9832,,,
baghdad:BAG-ST-156:st-10-civil-structure,BAG-ST-156,line-9,station,station civil crew,2,10080,10192,,,
baghdad:BAG-ST-159:st-10-civil-structure,BAG-ST-159,line-9,station,station civil crew,1,10320,10432,,,
baghdad:BAG-TRK-L9-013:trk-10-survey-utility,BAG-TRK-L9-013,line-9,track-section,corridor civil crew,2,10672,10680,,,
baghdad:BAG-RS-L7-040:rs-50-dynamic-commissioning,BAG-RS-L7-040,line-7,rolling-stock,Baghdad trainset acceptance bays,13,10680,10800,1,10688,10707
baghdad:BAG-RS-L8-028:rs-25-clip-on-body,BAG-RS-L8-028,line-8,rolling-stock,Baghdad six-car body installation,2,10680,10704,,,
baghdad:BAG-RS-L8-040:rs-23-moulded-body-modules,BAG-RS-L8-040,line-8,rolling-stock,Baghdad six-car composite kits,5,10680,10776,,,
baghdad:BAG-TRK-L9-013:trk-20-subgrade-drainage,BAG-TRK-L9-013,line-9,track-section,corridor civil crew,2,10680,10720,,,
baghdad:BAG-RS-L7-063:rs-40-fitout-static-test,BAG-RS-L7-063,line-7,rolling-stock,Baghdad six-car fitout and static test,12,10688,10840,,,
baghdad:BAG-RS-L7-064:rs-40-fitout-static-test,BAG-RS-L7-064,line-7,rolling-stock,Baghdad six-car fitout and static test,15,10688,10840,,,
baghdad:BAG-RS-L8-010:rs-30-traction-battery-control,BAG-RS-L8-010,line-8,rolling-stock,Baghdad six-car electrical integration,12,10688,10880,,,
baghdad:BAG-RS-L8-011:rs-30-traction-battery-control,BAG-RS-L8-011,line-8,rolling-stock,Baghdad six-car electrical integration,13,10688,10880,,,
baghdad:BAG-RS-L8-029:rs-25-clip-on-body,BAG-RS-L8-029,line-8,rolling-stock,Baghdad six-car body installation,1,10688,10712,,,
baghdad:BAG-TRK-L9-012:trk-10-survey-utility,BAG-TRK-L9-012,line-9,track-section,corridor civil crew,1,10656,10696,,,
baghdad:BAG-RS-L7-041:rs-50-dynamic-commissioning,BAG-RS-L7-041,line-7,rolling-stock,Baghdad trainset acceptance bays,1,10696,10816,0,10704,10723
baghdad:BAG-RS-L7-042:rs-50-dynamic-commissioning,BAG-RS-L7-042,line-7,rolling-stock,Baghdad trainset acceptance bays,2,10696,10816,2,10704,10723
baghdad:BAG-RS-L8-012:rs-30-traction-battery-control,BAG-RS-L8-012,line-8,rolling-stock,Baghdad six-car electrical integration,14,10696,10888,,,
baghdad:BAG-RS-L7-043:rs-50-dynamic-commissioning,BAG-RS-L7-043,line-7,rolling-stock,Baghdad trainset acceptance bays,3,10704,10824,1,10712,10731
baghdad:BAG-RS-L7-065:rs-40-fitout-static-test,BAG-RS-L7-065,line-7,rolling-stock,Baghdad six-car fitout and static test,1,10704,10856,,,
baghdad:BAG-RS-L8-030:rs-25-clip-on-body,BAG-RS-L8-030,line-8,rolling-stock,Baghdad six-car body installation,2,10704,10728,,,
baghdad:BAG-RS-L8-031:rs-25-clip-on-body,BAG-RS-L8-031,line-8,rolling-stock,Baghdad six-car body installation,3,10704,10728,,,
baghdad:BAG-RS-L8-041:rs-23-moulded-body-modules,BAG-RS-L8-041,line-8,rolling-stock,Baghdad six-car composite kits,1,10704,10800,,,
baghdad:BAG-RS-L8-042:rs-23-moulded-body-modules,BAG-RS-L8-042,line-8,rolling-stock,Baghdad six-car composite kits,8,10704,10800,,,
baghdad:BAG-RS-L8-043:rs-23-moulded-body-modules,BAG-RS-L8-043,line-8,rolling-stock,Baghdad six-car composite kits,9,10704,10800,,,
baghdad:BAG-RS-L8-069:rs-20-carbody-bogie,BAG-RS-L8-069,line-8,rolling-stock,Baghdad six-car structural assembly,25,10704,10936,,,
baghdad:BAG-RS-L8-070:rs-20-carbody-bogie,BAG-RS-L8-070,line-8,rolling-stock,Baghdad six-car structural assembly,26,10704,10936,,,
baghdad:BAG-SIG-134:wpt-20-install-commission,BAG-SIG-134,line-8,signalling-comms,wayside systems crew,1,8920,8952,,,
baghdad:BAG-EN-135:en-20-energy-commission,BAG-EN-135,line-9,energy,energy crew,1,8160,8200,,,
baghdad:BAG-EN-136:en-20-energy-commission,BAG-EN-136,line-9,energy,energy crew,2,8160,8200,,,
baghdad:BAG-RS-L7-066:rs-40-fitout-static-test,BAG-RS-L7-066,line-7,rolling-stock,Baghdad six-car fitout and static test,2,10712,10864,,,
baghdad:BAG-RS-L8-013:rs-30-traction-battery-control,BAG-RS-L8-013,line-8,rolling-stock,Baghdad six-car electrical integration,15,10712,10904,,,
baghdad:BAG-RS-L8-032:rs-25-clip-on-body,BAG-RS-L8-032,line-8,rolling-stock,Baghdad six-car body installation,1,10712,10736,,,
baghdad:BAG-WPT-L8-001:wpt-10-cabinet-bench,BAG-WPT-L8-001,line-8,waypoint,wayside bench,1,2536,2560,,,
baghdad:BAG-RS-L7-044:rs-50-dynamic-commissioning,BAG-RS-L7-044,line-7,rolling-stock,Baghdad trainset acceptance bays,4,10720,10840,0,10728,10747
baghdad:BAG-RS-L7-067:rs-40-fitout-static-test,BAG-RS-L7-067,line-7,rolling-stock,Baghdad six-car fitout and static test,16,10720,10872,,,
baghdad:BAG-RS-L8-014:rs-30-traction-battery-control,BAG-RS-L8-014,line-8,rolling-stock,Baghdad six-car electrical integration,16,10720,10912,,,
baghdad:BAG-RS-L8-044:rs-23-moulded-body-modules,BAG-RS-L8-044,line-8,rolling-stock,Baghdad six-car composite kits,2,10720,10816,,,
baghdad:BAG-TRK-L9-014:trk-10-survey-utility,BAG-TRK-L9-014,line-9,track-section,corridor civil crew,2,10720,10776,,,
baghdad:BAG-RS-L7-045:rs-50-dynamic-commissioning,BAG-RS-L7-045,line-7,rolling-stock,Baghdad trainset acceptance bays,5,10728,10848,1,10736,10755
baghdad:BAG-RS-L7-046:rs-50-dynamic-commissioning,BAG-RS-L7-046,line-7,rolling-stock,Baghdad trainset acceptance bays,6,10728,10848,2,10736,10755
baghdad:BAG-RS-L7-068:rs-40-fitout-static-test,BAG-RS-L7-068,line-7,rolling-stock,Baghdad six-car fitout and static test,3,10728,10880,,,
baghdad:BAG-RS-L8-015:rs-30-traction-battery-control,BAG-RS-L8-015,line-8,rolling-stock,Baghdad six-car electrical integration,17,10728,10920,,,
baghdad:BAG-RS-L8-033:rs-25-clip-on-body,BAG-RS-L8-033,line-8,rolling-stock,Baghdad six-car body installation,2,10728,10752,,,
baghdad:BAG-TRK-L9-012:trk-20-subgrade-drainage,BAG-TRK-L9-012,line-9,track-section,corridor civil crew,1,10696,10896,,,
baghdad:BAG-RS-L8-016:rs-30-traction-battery-control,BAG-RS-L8-016,line-8,rolling-stock,Baghdad six-car electrical integration,18,10736,10928,,,
baghdad:BAG-RS-L8-034:rs-25-clip-on-body,BAG-RS-L8-034,line-8,rolling-stock,Baghdad six-car body installation,1,10736,10760,,,
baghdad:BAG-RS-L8-035:rs-25-clip-on-body,BAG-RS-L8-035,line-8,rolling-stock,Baghdad six-car body installation,3,10736,10760,,,
baghdad:BAG-TRK-L9-007:trk-30-trackform-rail,BAG-TRK-L9-007,line-9,track-section,track crew,1,10448,10576,,,
baghdad:BAG-WPT-L8-001:wpt-20-install-commission,BAG-WPT-L8-001,line-8,waypoint,wayside systems crew,1,8952,8984,,,
baghdad:BAG-RS-L7-047:rs-50-dynamic-commissioning,BAG-RS-L7-047,line-7,rolling-stock,Baghdad trainset acceptance bays,7,10744,10864,0,10752,10771
baghdad:BAG-RS-L7-069:rs-40-fitout-static-test,BAG-RS-L7-069,line-7,rolling-stock,Baghdad six-car fitout and static test,4,10744,10896,,,
baghdad:BAG-RS-L7-070:rs-40-fitout-static-test,BAG-RS-L7-070,line-7,rolling-stock,Baghdad six-car fitout and static test,5,10744,10896,,,
baghdad:BAG-RS-L8-017:rs-30-traction-battery-control,BAG-RS-L8-017,line-8,rolling-stock,Baghdad six-car electrical integration,19,10744,10936,,,
baghdad:BAG-RS-L8-045:rs-23-moulded-body-modules,BAG-RS-L8-045,line-8,rolling-stock,Baghdad six-car composite kits,3,10744,10840,,,
baghdad:BAG-RS-L8-046:rs-23-moulded-body-modules,BAG-RS-L8-046,line-8,rolling-stock,Baghdad six-car composite kits,10,10744,10840,,,
baghdad:BAG-RS-L8-047:rs-23-moulded-body-modules,BAG-RS-L8-047,line-8,rolling-stock,Baghdad six-car composite kits,11,10744,10840,,,
baghdad:BAG-RS-L8-071:rs-20-carbody-bogie,BAG-RS-L8-071,line-8,rolling-stock,Baghdad six-car structural assembly,1,10744,10976,,,
baghdad:BAG-RS-L8-072:rs-20-carbody-bogie,BAG-RS-L8-072,line-8,rolling-stock,Baghdad six-car structural assembly,2,10744,10976,,,
baghdad:BAG-RS-L8-073:rs-20-carbody-bogie,BAG-RS-L8-073,line-8,rolling-stock,Baghdad six-car structural assembly,3,10744,10976,,,
baghdad:BAG-RS-L8-074:rs-20-carbody-bogie,BAG-RS-L8-074,line-8,rolling-stock,Baghdad six-car structural assembly,4,10744,10976,,,
baghdad:BAG-EN-137:en-10-energy-build,BAG-EN-137,line-9,energy,energy crew,1,8200,8280,,,
baghdad:BAG-EN-138:en-10-energy-build,BAG-EN-138,line-9,energy,energy crew,2,8200,8280,,,
baghdad:BAG-RS-L7-048:rs-50-dynamic-commissioning,BAG-RS-L7-048,line-7,rolling-stock,Baghdad trainset acceptance bays,8,10752,10872,1,10760,10779
baghdad:BAG-RS-L7-071:rs-40-fitout-static-test,BAG-RS-L7-071,line-7,rolling-stock,Baghdad six-car fitout and static test,17,10752,10904,,,
baghdad:BAG-RS-L8-018:rs-30-traction-battery-control,BAG-RS-L8-018,line-8,rolling-stock,Baghdad six-car electrical integration,20,10752,10944,,,
baghdad:BAG-RS-L8-036:rs-25-clip-on-body,BAG-RS-L8-036,line-8,rolling-stock,Baghdad six-car body installation,2,10752,10776,,,
baghdad:BAG-ST-140:st-20-mep-passenger-systems,BAG-ST-140,line-8,station,station systems crew,2,9096,9176,,,
baghdad:BAG-ST-151:st-20-mep-passenger-systems,BAG-ST-151,line-8,station,station systems crew,1,9864,9944,,,
baghdad:BAG-RS-L8-019:rs-30-traction-battery-control,BAG-RS-L8-019,line-8,rolling-stock,Baghdad six-car electrical integration,21,10760,10952,,,
baghdad:BAG-RS-L8-037:rs-25-clip-on-body,BAG-RS-L8-037,line-8,rolling-stock,Baghdad six-car body installation,1,10760,10784,,,
baghdad:BAG-RS-L8-048:rs-23-moulded-body-modules,BAG-RS-L8-048,line-8,rolling-stock,Baghdad six-car composite kits,4,10760,10856,,,
baghdad:BAG-TRK-L9-006:trk-30-trackform-rail,BAG-TRK-L9-006,line-9,track-section,track crew,2,10352,10496,,,
baghdad:BAG-RS-L7-049:rs-50-dynamic-commissioning,BAG-RS-L7-049,line-7,rolling-stock,Baghdad trainset acceptance bays,9,10768,10888,0,10776,10795
baghdad:BAG-RS-L7-050:rs-50-dynamic-commissioning,BAG-RS-L7-050,line-7,rolling-stock,Baghdad trainset acceptance bays,10,10768,10888,2,10776,10795
baghdad:BAG-RS-L7-072:rs-40-fitout-static-test,BAG-RS-L7-072,line-7,rolling-stock,Baghdad six-car fitout and static test,6,10768,10920,,,
baghdad:BAG-RS-L8-038:rs-25-clip-on-body,BAG-RS-L8-038,line-8,rolling-stock,Baghdad six-car body installation,3,10768,10792,,,
baghdad:BAG-SIG-137:wpt-20-install-commission,BAG-SIG-137,line-8,signalling-comms,wayside systems crew,1,9096,9128,,,
baghdad:BAG-RS-L7-051:rs-50-dynamic-commissioning,BAG-RS-L7-051,line-7,rolling-stock,Baghdad trainset acceptance bays,11,10776,10896,1,10784,10803
baghdad:BAG-RS-L8-039:rs-25-clip-on-body,BAG-RS-L8-039,line-8,rolling-stock,Baghdad six-car body installation,2,10776,10800,,,
baghdad:BAG-RS-L8-049:rs-23-moulded-body-modules,BAG-RS-L8-049,line-8,rolling-stock,Baghdad six-car composite kits,5,10776,10872,,,
baghdad:BAG-RS-L8-050:rs-23-moulded-body-modules,BAG-RS-L8-050,line-8,rolling-stock,Baghdad six-car composite kits,6,10776,10872,,,
baghdad:BAG-RS-L8-051:rs-23-moulded-body-modules,BAG-RS-L8-051,line-8,rolling-stock,Baghdad six-car composite kits,7,10776,10872,,,
baghdad:BAG-RS-L8-075:rs-20-carbody-bogie,BAG-RS-L8-075,line-8,rolling-stock,Baghdad six-car structural assembly,5,10776,11008,,,
baghdad:BAG-RS-L8-076:rs-20-carbody-bogie,BAG-RS-L8-076,line-8,rolling-stock,Baghdad six-car structural assembly,6,10776,11008,,,
baghdad:BAG-RS-L8-077:rs-20-carbody-bogie,BAG-RS-L8-077,line-8,rolling-stock,Baghdad six-car structural assembly,7,10776,11008,,,
baghdad:BAG-RS-L8-078:rs-20-carbody-bogie,BAG-RS-L8-078,line-8,rolling-stock,Baghdad six-car structural assembly,8,10776,11008,,,
baghdad:BAG-TRK-L9-014:trk-20-subgrade-drainage,BAG-TRK-L9-014,line-9,track-section,corridor civil crew,2,10776,11024,,,
baghdad:BAG-WPT-L8-004:wpt-10-cabinet-bench,BAG-WPT-L8-004,line-8,waypoint,wayside bench,1,2560,2584,,,
baghdad:BAG-RS-L7-073:rs-40-fitout-static-test,BAG-RS-L7-073,line-7,rolling-stock,Baghdad six-car fitout and static test,7,10784,10936,,,
baghdad:BAG-RS-L7-074:rs-40-fitout-static-test,BAG-RS-L7-074,line-7,rolling-stock,Baghdad six-car fitout and static test,8,10784,10936,,,
baghdad:BAG-RS-L8-020:rs-30-traction-battery-control,BAG-RS-L8-020,line-8,rolling-stock,Baghdad six-car electrical integration,1,10784,10976,,,
baghdad:BAG-RS-L8-021:rs-30-traction-battery-control,BAG-RS-L8-021,line-8,rolling-stock,Baghdad six-car electrical integration,2,10784,10976,,,
baghdad:BAG-RS-L8-022:rs-30-traction-battery-control,BAG-RS-L8-022,line-8,rolling-stock,Baghdad six-car electrical integration,3,10784,10976,,,
baghdad:BAG-RS-L8-040:rs-25-clip-on-body,BAG-RS-L8-040,line-8,rolling-stock,Baghdad six-car body installation,1,10784,10808,,,
baghdad:BAG-ST-158:st-10-civil-structure,BAG-ST-158,line-9,station,station civil crew,2,10208,10320,,,
baghdad:BAG-ST-161:st-10-civil-structure,BAG-ST-161,line-9,station,station civil crew,1,10488,10600,,,
baghdad:BAG-RS-L7-052:rs-50-dynamic-commissioning,BAG-RS-L7-052,line-7,rolling-stock,Baghdad trainset acceptance bays,12,10792,10912,0,10800,10819
baghdad:BAG-RS-L8-001:rs-40-fitout-static-test,BAG-RS-L8-001,line-8,rolling-stock,Baghdad six-car fitout and static test,13,10792,10944,,,
baghdad:BAG-RS-L7-053:rs-50-dynamic-commissioning,BAG-RS-L7-053,line-7,rolling-stock,Baghdad trainset acceptance bays,13,10800,10920,1,10808,10827
baghdad:BAG-RS-L8-041:rs-25-clip-on-body,BAG-RS-L8-041,line-8,rolling-stock,Baghdad six-car body installation,2,10800,10824,,,
baghdad:BAG-RS-L8-042:rs-25-clip-on-body,BAG-RS-L8-042,line-8,rolling-stock,Baghdad six-car body installation,3,10800,10824,,,
baghdad:BAG-RS-L8-052:rs-23-moulded-body-modules,BAG-RS-L8-052,line-8,rolling-stock,Baghdad six-car composite kits,1,10800,10896,,,
baghdad:BAG-WPT-L8-004:wpt-20-install-commission,BAG-WPT-L8-004,line-8,waypoint,wayside systems crew,1,9128,9160,,,
baghdad:BAG-RS-L8-002:rs-40-fitout-static-test,BAG-RS-L8-002,line-8,rolling-stock,Baghdad six-car fitout and static test,9,10808,10960,,,
baghdad:BAG-RS-L8-023:rs-30-traction-battery-control,BAG-RS-L8-023,line-8,rolling-stock,Baghdad six-car electrical integration,4,10808,11000,,,
baghdad:BAG-RS-L8-043:rs-25-clip-on-body,BAG-RS-L8-043,line-8,rolling-stock,Baghdad six-car body installation,1,10808,10832,,,
baghdad:BAG-RS-L8-053:rs-23-moulded-body-modules,BAG-RS-L8-053,line-8,rolling-stock,Baghdad six-car composite kits,8,10808,10904,,,
baghdad:BAG-RS-L8-054:rs-23-moulded-body-modules,BAG-RS-L8-054,line-8,rolling-stock,Baghdad six-car composite kits,9,10808,10904,,,
baghdad:BAG-RS-L8-079:rs-20-carbody-bogie,BAG-RS-L8-079,line-8,rolling-stock,Baghdad six-car structural assembly,9,10808,11040,,,
baghdad:BAG-RS-L8-080:rs-20-carbody-bogie,BAG-RS-L8-080,line-8,rolling-stock,Baghdad six-car structural assembly,10,10808,11040,,,
baghdad:BAG-RS-L8-081:rs-20-carbody-bogie,BAG-RS-L8-081,line-8,rolling-stock,Baghdad six-car structural assembly,11,10808,11040,,,
baghdad:BAG-RS-L8-082:rs-20-carbody-bogie,BAG-RS-L8-082,line-8,rolling-stock,Baghdad six-car structural assembly,12,10808,11040,,,
baghdad:BAG-RS-L7-054:rs-50-dynamic-commissioning,BAG-RS-L7-054,line-7,rolling-stock,Baghdad trainset acceptance bays,1,10816,10936,0,10824,10843
baghdad:BAG-RS-L7-055:rs-50-dynamic-commissioning,BAG-RS-L7-055,line-7,rolling-stock,Baghdad trainset acceptance bays,2,10816,10936,2,10824,10843
baghdad:BAG-RS-L8-003:rs-40-fitout-static-test,BAG-RS-L8-003,line-8,rolling-stock,Baghdad six-car fitout and static test,10,10816,10968,,,
baghdad:BAG-RS-L8-024:rs-30-traction-battery-control,BAG-RS-L8-024,line-8,rolling-stock,Baghdad six-car electrical integration,5,10816,11008,,,
baghdad:BAG-RS-L8-055:rs-23-moulded-body-modules,BAG-RS-L8-055,line-8,rolling-stock,Baghdad six-car composite kits,2,10816,10912,,,
baghdad:BAG-WPT-L8-003:wpt-10-cabinet-bench,BAG-WPT-L8-003,line-8,waypoint,wayside bench,3,2536,2560,,,
baghdad:BAG-RS-L7-056:rs-50-dynamic-commissioning,BAG-RS-L7-056,line-7,rolling-stock,Baghdad trainset acceptance bays,3,10824,10944,1,10832,10851
baghdad:BAG-RS-L8-004:rs-40-fitout-static-test,BAG-RS-L8-004,line-8,rolling-stock,Baghdad six-car fitout and static test,11,10824,10976,,,
baghdad:BAG-RS-L8-025:rs-30-traction-battery-control,BAG-RS-L8-025,line-8,rolling-stock,Baghdad six-car electrical integration,6,10824,11016,,,
baghdad:BAG-RS-L8-044:rs-25-clip-on-body,BAG-RS-L8-044,line-8,rolling-stock,Baghdad six-car body installation,2,10824,10848,,,
baghdad:BAG-EN-137:en-20-energy-commission,BAG-EN-137,line-9,energy,energy crew,1,8280,8320,,,
baghdad:BAG-EN-138:en-20-energy-commission,BAG-EN-138,line-9,energy,energy crew,2,8280,8320,,,
baghdad:BAG-RS-L8-005:rs-40-fitout-static-test,BAG-RS-L8-005,line-8,rolling-stock,Baghdad six-car fitout and static test,14,10832,10984,,,
baghdad:BAG-RS-L8-026:rs-30-traction-battery-control,BAG-RS-L8-026,line-8,rolling-stock,Baghdad six-car electrical integration,7,10832,11024,,,
baghdad:BAG-SIG-135:wpt-20-install-commission,BAG-SIG-135,line-8,signalling-comms,wayside systems crew,2,8920,8952,,,
baghdad:BAG-SIG-139:wpt-20-install-commission,BAG-SIG-139,line-8,signalling-comms,wayside systems crew,1,9288,9320,,,
baghdad:BAG-ST-141:st-20-mep-passenger-systems,BAG-ST-141,line-8,station,station systems crew,2,9280,9360,,,
baghdad:BAG-ST-152:st-20-mep-passenger-systems,BAG-ST-152,line-9,station,station systems crew,1,9968,10048,,,
baghdad:BAG-RS-L7-057:rs-50-dynamic-commissioning,BAG-RS-L7-057,line-7,rolling-stock,Baghdad trainset acceptance bays,4,10840,10960,0,10848,10867
baghdad:BAG-RS-L8-006:rs-40-fitout-static-test,BAG-RS-L8-006,line-8,rolling-stock,Baghdad six-car fitout and static test,12,10840,10992,,,
baghdad:BAG-RS-L8-027:rs-30-traction-battery-control,BAG-RS-L8-027,line-8,rolling-stock,Baghdad six-car electrical integration,8,10840,11032,,,
baghdad:BAG-RS-L8-045:rs-25-clip-on-body,BAG-RS-L8-045,line-8,rolling-stock,Baghdad six-car body installation,1,10840,10864,,,
baghdad:BAG-RS-L8-046:rs-25-clip-on-body,BAG-RS-L8-046,line-8,rolling-stock,Baghdad six-car body installation,3,10840,10864,,,
baghdad:BAG-RS-L8-056:rs-23-moulded-body-modules,BAG-RS-L8-056,line-8,rolling-stock,Baghdad six-car composite kits,3,10840,10936,,,
baghdad:BAG-RS-L8-057:rs-23-moulded-body-modules,BAG-RS-L8-057,line-8,rolling-stock,Baghdad six-car composite kits,10,10840,10936,,,
baghdad:BAG-RS-L8-058:rs-23-moulded-body-modules,BAG-RS-L8-058,line-8,rolling-stock,Baghdad six-car composite kits,11,10840,10936,,,
baghdad:BAG-RS-L8-083:rs-20-carbody-bogie,BAG-RS-L8-083,line-8,rolling-stock,Baghdad six-car structural assembly,13,10840,11072,,,
baghdad:BAG-RS-L8-084:rs-20-carbody-bogie,BAG-RS-L8-084,line-8,rolling-stock,Baghdad six-car structural assembly,14,10840,11072,,,
baghdad:BAG-RS-L8-085:rs-20-carbody-bogie,BAG-RS-L8-085,line-8,rolling-stock,Baghdad six-car structural assembly,15,10840,11072,,,
baghdad:BAG-RS-L8-086:rs-20-carbody-bogie,BAG-RS-L8-086,line-8,rolling-stock,Baghdad six-car structural assembly,16,10840,11072,,,
baghdad:BAG-WPT-L8-002:wpt-10-cabinet-bench,BAG-WPT-L8-002,line-8,waypoint,wayside bench,2,2536,2560,,,
baghdad:BAG-WPT-L8-006:wpt-10-cabinet-bench,BAG-WPT-L8-006,line-8,waypoint,wayside bench,3,2560,2584,,,
baghdad:BAG-RS-L7-058:rs-50-dynamic-commissioning,BAG-RS-L7-058,line-7,rolling-stock,Baghdad trainset acceptance bays,5,10848,10968,1,10856,10875
baghdad:BAG-RS-L7-059:rs-50-dynamic-commissioning,BAG-RS-L7-059,line-7,rolling-stock,Baghdad trainset acceptance bays,6,10848,10968,2,10856,10875
baghdad:BAG-RS-L8-007:rs-40-fitout-static-test,BAG-RS-L8-007,line-8,rolling-stock,Baghdad six-car fitout and static test,15,10848,11000,,,
baghdad:BAG-RS-L8-028:rs-30-traction-battery-control,BAG-RS-L8-028,line-8,rolling-stock,Baghdad six-car electrical integration,9,10848,11040,,,
baghdad:BAG-RS-L8-047:rs-25-clip-on-body,BAG-RS-L8-047,line-8,rolling-stock,Baghdad six-car body installation,2,10848,10872,,,
baghdad:BAG-RS-L8-008:rs-40-fitout-static-test,BAG-RS-L8-008,line-8,rolling-stock,Baghdad six-car fitout and static test,1,10856,11008,,,
baghdad:BAG-RS-L8-029:rs-30-traction-battery-control,BAG-RS-L8-029,line-8,rolling-stock,Baghdad six-car electrical integration,10,10856,11048,,,
baghdad:BAG-RS-L8-059:rs-23-moulded-body-modules,BAG-RS-L8-059,line-8,rolling-stock,Baghdad six-car composite kits,4,10856,10952,,,
baghdad:BAG-RS-L7-060:rs-50-dynamic-commissioning,BAG-RS-L7-060,line-7,rolling-stock,Baghdad trainset acceptance bays,7,10864,10984,0,10872,10891
baghdad:BAG-RS-L8-009:rs-40-fitout-static-test,BAG-RS-L8-009,line-8,rolling-stock,Baghdad six-car fitout and static test,2,10864,11016,,,
baghdad:BAG-RS-L8-030:rs-30-traction-battery-control,BAG-RS-L8-030,line-8,rolling-stock,Baghdad six-car electrical integration,11,10864,11056,,,
baghdad:BAG-RS-L8-048:rs-25-clip-on-body,BAG-RS-L8-048,line-8,rolling-stock,Baghdad six-car body installation,1,10864,10888,,,
baghdad:BAG-TRK-L9-010:trk-30-trackform-rail,BAG-TRK-L9-010,line-9,track-section,track crew,1,10576,10592,,,
baghdad:BAG-WPT-L8-002:wpt-20-install-commission,BAG-WPT-L8-002,line-8,waypoint,wayside systems crew,2,8952,8984,,,
baghdad:BAG-WPT-L8-006:wpt-20-install-commission,BAG-WPT-L8-006,line-8,waypoint,wayside systems crew,1,9320,9352,,,
baghdad:BAG-EN-139:en-10-energy-build,BAG-EN-139,line-9,energy,energy crew,1,8320,8400,,,
baghdad:BAG-EN-140:en-10-energy-build,BAG-EN-140,line-9,energy,energy crew,2,8320,8400,,,
baghdad:BAG-RS-L7-061:rs-50-dynamic-commissioning,BAG-RS-L7-061,line-7,rolling-stock,Baghdad trainset acceptance bays,8,10872,10992,1,10880,10899
baghdad:BAG-RS-L8-049:rs-25-clip-on-body,BAG-RS-L8-049,line-8,rolling-stock,Baghdad six-car body installation,2,10872,10896,,,
baghdad:BAG-RS-L8-050:rs-25-clip-on-body,BAG-RS-L8-050,line-8,rolling-stock,Baghdad six-car body installation,3,10872,10896,,,
baghdad:BAG-RS-L8-060:rs-23-moulded-body-modules,BAG-RS-L8-060,line-8,rolling-stock,Baghdad six-car composite kits,5,10872,10968,,,
baghdad:BAG-RS-L8-061:rs-23-moulded-body-modules,BAG-RS-L8-061,line-8,rolling-stock,Baghdad six-car composite kits,6,10872,10968,,,
baghdad:BAG-RS-L8-062:rs-23-moulded-body-modules,BAG-RS-L8-062,line-8,rolling-stock,Baghdad six-car composite kits,7,10872,10968,,,
baghdad:BAG-RS-L8-087:rs-20-carbody-bogie,BAG-RS-L8-087,line-8,rolling-stock,Baghdad six-car structural assembly,17,10872,11104,,,
baghdad:BAG-RS-L8-088:rs-20-carbody-bogie,BAG-RS-L8-088,line-8,rolling-stock,Baghdad six-car structural assembly,18,10872,11104,,,
baghdad:BAG-RS-L8-089:rs-20-carbody-bogie,BAG-RS-L8-089,line-8,rolling-stock,Baghdad six-car structural assembly,19,10872,11104,,,
baghdad:BAG-RS-L8-090:rs-20-carbody-bogie,BAG-RS-L8-090,line-8,rolling-stock,Baghdad six-car structural assembly,20,10872,11104,,,
baghdad:BAG-RS-L8-010:rs-40-fitout-static-test,BAG-RS-L8-010,line-8,rolling-stock,Baghdad six-car fitout and static test,3,10880,11032,,,
baghdad:BAG-RS-L8-011:rs-40-fitout-static-test,BAG-RS-L8-011,line-8,rolling-stock,Baghdad six-car fitout and static test,16,10880,11032,,,
baghdad:BAG-RS-L8-031:rs-30-traction-battery-control,BAG-RS-L8-031,line-8,rolling-stock,Baghdad six-car electrical integration,12,10880,11072,,,
baghdad:BAG-RS-L8-032:rs-30-traction-battery-control,BAG-RS-L8-032,line-8,rolling-stock,Baghdad six-car electrical integration,13,10880,11072,,,
baghdad:BAG-TRK-L9-009:trk-30-trackform-rail,BAG-TRK-L9-009,line-9,track-section,track crew,1,10656,10824,,,
baghdad:BAG-RS-L7-062:rs-50-dynamic-commissioning,BAG-RS-L7-062,line-7,rolling-stock,Baghdad trainset acceptance bays,9,10888,11008,0,10896,10915
baghdad:BAG-RS-L7-063:rs-50-dynamic-commissioning,BAG-RS-L7-063,line-7,rolling-stock,Baghdad trainset acceptance bays,10,10888,11008,2,10896,10915
baghdad:BAG-RS-L8-033:rs-30-traction-battery-control,BAG-RS-L8-033,line-8,rolling-stock,Baghdad six-car electrical integration,14,10888,11080,,,
baghdad:BAG-RS-L8-051:rs-25-clip-on-body,BAG-RS-L8-051,line-8,rolling-stock,Baghdad six-car body installation,1,10888,10912,,,
baghdad:BAG-RS-L7-064:rs-50-dynamic-commissioning,BAG-RS-L7-064,line-7,rolling-stock,Baghdad trainset acceptance bays,11,10896,11016,1,10904,10923
baghdad:BAG-RS-L8-012:rs-40-fitout-static-test,BAG-RS-L8-012,line-8,rolling-stock,Baghdad six-car fitout and static test,4,10896,11048,,,
baghdad:BAG-RS-L8-052:rs-25-clip-on-body,BAG-RS-L8-052,line-8,rolling-stock,Baghdad six-car body installation,2,10896,10920,,,
baghdad:BAG-RS-L8-063:rs-23-moulded-body-modules,BAG-RS-L8-063,line-8,rolling-stock,Baghdad six-car composite kits,1,10896,10992,,,
baghdad:BAG-SIG-138:wpt-20-install-commission,BAG-SIG-138,line-8,signalling-comms,wayside systems crew,2,9096,9128,,,
baghdad:BAG-SIG-142:wpt-20-install-commission,BAG-SIG-142,line-8,signalling-comms,wayside systems crew,1,9376,9408,,,
baghdad:BAG-ST-160:st-10-civil-structure,BAG-ST-160,line-9,station,station civil crew,2,10384,10496,,,
baghdad:BAG-ST-163:st-10-civil-structure,BAG-ST-163,line-9,station,station civil crew,1,10600,10712,,,
baghdad:BAG-RS-L8-013:rs-40-fitout-static-test,BAG-RS-L8-013,line-8,rolling-stock,Baghdad six-car fitout and static test,5,10904,11056,,,
baghdad:BAG-RS-L8-034:rs-30-traction-battery-control,BAG-RS-L8-034,line-8,rolling-stock,Baghdad six-car electrical integration,15,10904,11096,,,
baghdad:BAG-RS-L8-053:rs-25-clip-on-body,BAG-RS-L8-053,line-8,rolling-stock,Baghdad six-car body installation,3,10904,10928,,,
baghdad:BAG-RS-L8-064:rs-23-moulded-body-modules,BAG-RS-L8-064,line-8,rolling-stock,Baghdad six-car composite kits,8,10904,11000,,,
baghdad:BAG-RS-L8-065:rs-23-moulded-body-modules,BAG-RS-L8-065,line-8,rolling-stock,Baghdad six-car composite kits,9,10904,11000,,,
baghdad:BAG-RS-L8-091:rs-20-carbody-bogie,BAG-RS-L8-091,line-8,rolling-stock,Baghdad six-car structural assembly,21,10904,11136,,,
baghdad:BAG-RS-L8-092:rs-20-carbody-bogie,BAG-RS-L8-092,line-8,rolling-stock,Baghdad six-car structural assembly,22,10904,11136,,,
baghdad:BAG-RS-L9-001:rs-20-carbody-bogie,BAG-RS-L9-001,line-9,rolling-stock,Baghdad six-car structural assembly,23,10904,11136,,,
baghdad:BAG-RS-L9-002:rs-20-carbody-bogie,BAG-RS-L9-002,line-9,rolling-stock,Baghdad six-car structural assembly,24,10904,11136,,,
baghdad:BAG-TRK-L9-008:trk-30-trackform-rail,BAG-TRK-L9-008,line-9,track-section,track crew,2,10512,10640,,,
baghdad:BAG-RS-L7-065:rs-50-dynamic-commissioning,BAG-RS-L7-065,line-7,rolling-stock,Baghdad trainset acceptance bays,12,10912,11032,0,10920,10939
baghdad:BAG-RS-L8-014:rs-40-fitout-static-test,BAG-RS-L8-014,line-8,rolling-stock,Baghdad six-car fitout and static test,17,10912,11064,,,
baghdad:BAG-RS-L8-035:rs-30-traction-battery-control,BAG-RS-L8-035,line-8,rolling-stock,Baghdad six-car electrical integration,16,10912,11104,,,
baghdad:BAG-RS-L8-054:rs-25-clip-on-body,BAG-RS-L8-054,line-8,rolling-stock,Baghdad six-car body installation,1,10912,10936,,,
baghdad:BAG-RS-L8-066:rs-23-moulded-body-modules,BAG-RS-L8-066,line-8,rolling-stock,Baghdad six-car composite kits,2,10912,11008,,,
baghdad:BAG-ST-144:st-20-mep-passenger-systems,BAG-ST-144,line-8,station,station systems crew,2,9440,9520,,,
baghdad:BAG-ST-154:st-20-mep-passenger-systems,BAG-ST-154,line-9,station,station systems crew,1,10080,10160,,,
baghdad:BAG-WPT-L8-005:wpt-10-cabinet-bench,BAG-WPT-L8-005,line-8,waypoint,wayside bench,2,2560,2584,,,
baghdad:BAG-RS-L7-066:rs-50-dynamic-commissioning,BAG-RS-L7-066,line-7,rolling-stock,Baghdad trainset acceptance bays,13,10920,11040,1,10928,10947
baghdad:BAG-RS-L8-015:rs-40-fitout-static-test,BAG-RS-L8-015,line-8,rolling-stock,Baghdad six-car fitout and static test,6,10920,11072,,,
baghdad:BAG-RS-L8-036:rs-30-traction-battery-control,BAG-RS-L8-036,line-8,rolling-stock,Baghdad six-car electrical integration,17,10920,11112,,,
baghdad:BAG-RS-L8-055:rs-25-clip-on-body,BAG-RS-L8-055,line-8,rolling-stock,Baghdad six-car body installation,2,10920,10944,,,
baghdad:BAG-RS-L8-037:rs-30-traction-battery-control,BAG-RS-L8-037,line-8,rolling-stock,Baghdad six-car electrical integration,18,10928,11120,,,
baghdad:BAG-SIG-140:wpt-20-install-commission,BAG-SIG-140,line-8,signalling-comms,wayside systems crew,2,9288,9320,,,
baghdad:BAG-SIG-143:wpt-20-install-commission,BAG-SIG-143,line-8,signalling-comms,wayside systems crew,1,9448,9480,,,
baghdad:BAG-TRK-L9-015:trk-10-survey-utility,BAG-TRK-L9-015,line-9,track-section,corridor civil crew,1,10896,10912,,,
baghdad:BAG-RS-L7-067:rs-50-dynamic-commissioning,BAG-RS-L7-067,line-7,rolling-stock,Baghdad trainset acceptance bays,1,10936,11056,0,10944,10963
baghdad:BAG-RS-L7-068:rs-50-dynamic-commissioning,BAG-RS-L7-068,line-7,rolling-stock,Baghdad trainset acceptance bays,2,10936,11056,2,10944,10963
baghdad:BAG-RS-L8-016:rs-40-fitout-static-test,BAG-RS-L8-016,line-8,rolling-stock,Baghdad six-car fitout and static test,7,10936,11088,,,
baghdad:BAG-RS-L8-017:rs-40-fitout-static-test,BAG-RS-L8-017,line-8,rolling-stock,Baghdad six-car fitout and static test,8,10936,11088,,,
baghdad:BAG-RS-L8-038:rs-30-traction-battery-control,BAG-RS-L8-038,line-8,rolling-stock,Baghdad six-car electrical integration,19,10936,11128,,,
baghdad:BAG-RS-L8-056:rs-25-clip-on-body,BAG-RS-L8-056,line-8,rolling-stock,Baghdad six-car body installation,1,10936,10960,,,
baghdad:BAG-RS-L8-057:rs-25-clip-on-body,BAG-RS-L8-057,line-8,rolling-stock,Baghdad six-car body installation,3,10936,10960,,,
baghdad:BAG-RS-L8-067:rs-23-moulded-body-modules,BAG-RS-L8-067,line-8,rolling-stock,Baghdad six-car composite kits,3,10936,11032,,,
baghdad:BAG-RS-L8-068:rs-23-moulded-body-modules,BAG-RS-L8-068,line-8,rolling-stock,Baghdad six-car composite kits,10,10936,11032,,,
baghdad:BAG-RS-L8-069:rs-23-moulded-body-modules,BAG-RS-L8-069,line-8,rolling-stock,Baghdad six-car composite kits,11,10936,11032,,,
baghdad:BAG-RS-L9-003:rs-20-carbody-bogie,BAG-RS-L9-003,line-9,rolling-stock,Baghdad six-car structural assembly,25,10936,11168,,,
baghdad:BAG-RS-L9-004:rs-20-carbody-bogie,BAG-RS-L9-004,line-9,rolling-stock,Baghdad six-car structural assembly,26,10936,11168,,,
baghdad:BAG-WPT-L8-007:wpt-10-cabinet-bench,BAG-WPT-L8-007,line-8,waypoint,wayside bench,1,2584,2608,,,
baghdad:BAG-WPT-L8-008:wpt-10-cabinet-bench,BAG-WPT-L8-008,line-8,waypoint,wayside bench,2,2584,2608,,,
baghdad:BAG-RS-L7-069:rs-50-dynamic-commissioning,BAG-RS-L7-069,line-7,rolling-stock,Baghdad trainset acceptance bays,3,10944,11064,1,10952,10971
baghdad:BAG-RS-L8-018:rs-40-fitout-static-test,BAG-RS-L8-018,line-8,rolling-stock,Baghdad six-car fitout and static test,13,10944,11096,,,
baghdad:BAG-RS-L8-039:rs-30-traction-battery-control,BAG-RS-L8-039,line-8,rolling-stock,Baghdad six-car electrical integration,20,10944,11136,,,
baghdad:BAG-RS-L8-058:rs-25-clip-on-body,BAG-RS-L8-058,line-8,rolling-stock,Baghdad six-car body installation,2,10944,10968,,,
baghdad:BAG-TRK-L9-015:trk-20-subgrade-drainage,BAG-TRK-L9-015,line-9,track-section,corridor civil crew,1,10912,10992,,,
baghdad:BAG-EN-139:en-20-energy-commission,BAG-EN-139,line-9,energy,energy crew,1,8400,8440,,,
baghdad:BAG-EN-140:en-20-energy-commission,BAG-EN-140,line-9,energy,energy crew,2,8400,8440,,,
baghdad:BAG-RS-L8-040:rs-30-traction-battery-control,BAG-RS-L8-040,line-8,rolling-stock,Baghdad six-car electrical integration,21,10952,11144,,,
baghdad:BAG-RS-L8-070:rs-23-moulded-body-modules,BAG-RS-L8-070,line-8,rolling-stock,Baghdad six-car composite kits,4,10952,11048,,,
baghdad:BAG-RS-L7-070:rs-50-dynamic-commissioning,BAG-RS-L7-070,line-7,rolling-stock,Baghdad trainset acceptance bays,4,10960,11080,0,10968,10987
baghdad:BAG-RS-L8-019:rs-40-fitout-static-test,BAG-RS-L8-019,line-8,rolling-stock,Baghdad six-car fitout and static test,9,10960,11112,,,
baghdad:BAG-RS-L8-059:rs-25-clip-on-body,BAG-RS-L8-059,line-8,rolling-stock,Baghdad six-car body installation,1,10960,10984,,,
baghdad:BAG-WPT-L8-007:wpt-20-install-commission,BAG-WPT-L8-007,line-8,waypoint,wayside systems crew,1,9480,9512,,,
baghdad:BAG-WPT-L8-008:wpt-20-install-commission,BAG-WPT-L8-008,line-8,waypoint,wayside systems crew,2,9376,9408,,,
baghdad:BAG-RS-L7-071:rs-50-dynamic-commissioning,BAG-RS-L7-071,line-7,rolling-stock,Baghdad trainset acceptance bays,5,10968,11088,1,10976,10995
baghdad:BAG-RS-L7-072:rs-50-dynamic-commissioning,BAG-RS-L7-072,line-7,rolling-stock,Baghdad trainset acceptance bays,6,10968,11088,2,10976,10995
baghdad:BAG-RS-L8-060:rs-25-clip-on-body,BAG-RS-L8-060,line-8,rolling-stock,Baghdad six-car body installation,2,10968,10992,,,
baghdad:BAG-RS-L8-061:rs-25-clip-on-body,BAG-RS-L8-061,line-8,rolling-stock,Baghdad six-car body installation,3,10968,10992,,,
baghdad:BAG-WPT-L8-009:wpt-10-cabinet-bench,BAG-WPT-L8-009,line-8,waypoint,wayside bench,3,2584,2608,,,
baghdad:BAG-RS-L8-020:rs-40-fitout-static-test,BAG-RS-L8-020,line-8,rolling-stock,Baghdad six-car fitout and static test,10,10976,11128,,,
baghdad:BAG-RS-L8-021:rs-40-fitout-static-test,BAG-RS-L8-021,line-8,rolling-stock,Baghdad six-car fitout and static test,11,10976,11128,,,
baghdad:BAG-RS-L8-041:rs-30-traction-battery-control,BAG-RS-L8-041,line-8,rolling-stock,Baghdad six-car electrical integration,1,10976,11168,,,
baghdad:BAG-RS-L8-042:rs-30-traction-battery-control,BAG-RS-L8-042,line-8,rolling-stock,Baghdad six-car electrical integration,2,10976,11168,,,
baghdad:BAG-RS-L8-043:rs-30-traction-battery-control,BAG-RS-L8-043,line-8,rolling-stock,Baghdad six-car electrical integration,3,10976,11168,,,
baghdad:BAG-RS-L8-071:rs-23-moulded-body-modules,BAG-RS-L8-071,line-8,rolling-stock,Baghdad six-car composite kits,5,10976,11072,,,
baghdad:BAG-RS-L8-072:rs-23-moulded-body-modules,BAG-RS-L8-072,line-8,rolling-stock,Baghdad six-car composite kits,6,10976,11072,,,
baghdad:BAG-RS-L8-073:rs-23-moulded-body-modules,BAG-RS-L8-073,line-8,rolling-stock,Baghdad six-car composite kits,7,10976,11072,,,
baghdad:BAG-RS-L9-005:rs-20-carbody-bogie,BAG-RS-L9-005,line-9,rolling-stock,Baghdad six-car structural assembly,1,10976,11208,,,
baghdad:BAG-RS-L9-006:rs-20-carbody-bogie,BAG-RS-L9-006,line-9,rolling-stock,Baghdad six-car structural assembly,2,10976,11208,,,
baghdad:BAG-RS-L9-007:rs-20-carbody-bogie,BAG-RS-L9-007,line-9,rolling-stock,Baghdad six-car structural assembly,3,10976,11208,,,
baghdad:BAG-RS-L9-008:rs-20-carbody-bogie,BAG-RS-L9-008,line-9,rolling-stock,Baghdad six-car structural assembly,4,10976,11208,,,
baghdad:BAG-RS-L7-073:rs-50-dynamic-commissioning,BAG-RS-L7-073,line-7,rolling-stock,Baghdad trainset acceptance bays,7,10984,11104,0,10992,11011
baghdad:BAG-RS-L8-022:rs-40-fitout-static-test,BAG-RS-L8-022,line-8,rolling-stock,Baghdad six-car fitout and static test,14,10984,11136,,,
baghdad:BAG-RS-L8-062:rs-25-clip-on-body,BAG-RS-L8-062,line-8,rolling-stock,Baghdad six-car body installation,1,10984,11008,,,
baghdad:BAG-EN-141:en-10-energy-build,BAG-EN-141,line-9,energy,energy crew,1,8440,8520,,,
baghdad:BAG-EN-142:en-10-energy-build,BAG-EN-142,line-9,energy,energy crew,2,8440,8520,,,
baghdad:BAG-RS-L7-074:rs-50-dynamic-commissioning,BAG-RS-L7-074,line-7,rolling-stock,Baghdad trainset acceptance bays,8,10992,11112,1,11000,11019
baghdad:BAG-RS-L8-063:rs-25-clip-on-body,BAG-RS-L8-063,line-8,rolling-stock,Baghdad six-car body installation,2,10992,11016,,,
baghdad:BAG-RS-L8-074:rs-23-moulded-body-modules,BAG-RS-L8-074,line-8,rolling-stock,Baghdad six-car composite kits,1,10992,11088,,,
baghdad:BAG-SIG-144:wpt-20-install-commission,BAG-SIG-144,line-8,signalling-comms,wayside systems crew,1,9528,9560,,,
baghdad:BAG-ST-146:st-20-mep-passenger-systems,BAG-ST-146,line-8,station,station systems crew,2,9552,9632,,,
baghdad:BAG-ST-156:st-20-mep-passenger-systems,BAG-ST-156,line-9,station,station systems crew,1,10192,10272,,,
baghdad:BAG-WPT-L8-009:wpt-20-install-commission,BAG-WPT-L8-009,line-8,waypoint,wayside systems crew,2,9448,9480,,,
baghdad:BAG-RS-L8-023:rs-40-fitout-static-test,BAG-RS-L8-023,line-8,rolling-stock,Baghdad six-car fitout and static test,12,11000,11152,,,
baghdad:BAG-RS-L8-044:rs-30-traction-battery-control,BAG-RS-L8-044,line-8,rolling-stock,Baghdad six-car electrical integration,4,11000,11192,,,
baghdad:BAG-RS-L8-064:rs-25-clip-on-body,BAG-RS-L8-064,line-8,rolling-stock,Baghdad six-car body installation,3,11000,11024,,,
baghdad:BAG-WPT-L8-010:wpt-10-cabinet-bench,BAG-WPT-L8-010,line-8,waypoint,wayside bench,1,2608,2632,,,
baghdad:BAG-RS-L8-001:rs-50-dynamic-commissioning,BAG-RS-L8-001,line-8,rolling-stock,Baghdad trainset acceptance bays,9,11008,11128,0,11016,11035
baghdad:BAG-RS-L8-002:rs-50-dynamic-commissioning,BAG-RS-L8-002,line-8,rolling-stock,Baghdad trainset acceptance bays,10,11008,11128,2,11016,11035
baghdad:BAG-RS-L8-024:rs-40-fitout-static-test,BAG-RS-L8-024,line-8,rolling-stock,Baghdad six-car fitout and static test,1,11008,11160,,,
baghdad:BAG-RS-L8-045:rs-30-traction-battery-control,BAG-RS-L8-045,line-8,rolling-stock,Baghdad six-car electrical integration,5,11008,11200,,,
baghdad:BAG-RS-L8-065:rs-25-clip-on-body,BAG-RS-L8-065,line-8,rolling-stock,Baghdad six-car body installation,1,11008,11032,,,
baghdad:BAG-RS-L8-075:rs-23-moulded-body-modules,BAG-RS-L8-075,line-8,rolling-stock,Baghdad six-car composite kits,2,11008,11104,,,
baghdad:BAG-RS-L8-076:rs-23-moulded-body-modules,BAG-RS-L8-076,line-8,rolling-stock,Baghdad six-car composite kits,8,11008,11104,,,
baghdad:BAG-RS-L8-077:rs-23-moulded-body-modules,BAG-RS-L8-077,line-8,rolling-stock,Baghdad six-car composite kits,9,11008,11104,,,
baghdad:BAG-RS-L9-009:rs-20-carbody-bogie,BAG-RS-L9-009,line-9,rolling-stock,Baghdad six-car structural assembly,5,11008,11240,,,
baghdad:BAG-RS-L9-010:rs-20-carbody-bogie,BAG-RS-L9-010,line-9,rolling-stock,Baghdad six-car structural assembly,6,11008,11240,,,
baghdad:BAG-RS-L9-011:rs-20-carbody-bogie,BAG-RS-L9-011,line-9,rolling-stock,Baghdad six-car structural assembly,7,11008,11240,,,
baghdad:BAG-RS-L9-012:rs-20-carbody-bogie,BAG-RS-L9-012,line-9,rolling-stock,Baghdad six-car structural assembly,8,11008,11240,,,
baghdad:BAG-ST-162:st-10-civil-structure,BAG-ST-162,line-9,station,station civil crew,2,10520,10632,,,
baghdad:BAG-ST-164:st-10-civil-structure,BAG-ST-164,line-9,station,station civil crew,1,10712,10824,,,
baghdad:BAG-RS-L8-003:rs-50-dynamic-commissioning,BAG-RS-L8-003,line-8,rolling-stock,Baghdad trainset acceptance bays,11,11016,11136,1,11024,11043
baghdad:BAG-RS-L8-025:rs-40-fitout-static-test,BAG-RS-L8-025,line-8,rolling-stock,Baghdad six-car fitout and static test,2,11016,11168,,,
baghdad:BAG-RS-L8-046:rs-30-traction-battery-control,BAG-RS-L8-046,line-8,rolling-stock,Baghdad six-car electrical integration,6,11016,11208,,,
baghdad:BAG-RS-L8-066:rs-25-clip-on-body,BAG-RS-L8-066,line-8,rolling-stock,Baghdad six-car body installation,2,11016,11040,,,
baghdad:BAG-RS-L8-026:rs-40-fitout-static-test,BAG-RS-L8-026,line-8,rolling-stock,Baghdad six-car fitout and static test,15,11024,11176,,,
baghdad:BAG-RS-L8-047:rs-30-traction-battery-control,BAG-RS-L8-047,line-8,rolling-stock,Baghdad six-car electrical integration,7,11024,11216,,,
baghdad:BAG-SIG-145:wpt-20-install-commission,BAG-SIG-145,line-8,signalling-comms,wayside systems crew,1,9656,9688,,,
baghdad:BAG-TRK-L9-016:trk-10-survey-utility,BAG-TRK-L9-016,line-9,track-section,corridor civil crew,1,10992,11040,,,
baghdad:BAG-TRK-L9-017:trk-10-survey-utility,BAG-TRK-L9-017,line-9,track-section,corridor civil crew,2,11024,11048,,,
baghdad:BAG-WPT-L8-010:wpt-20-install-commission,BAG-WPT-L8-010,line-8,waypoint,wayside systems crew,2,9528,9560,,,
baghdad:BAG-RS-L8-004:rs-50-dynamic-commissioning,BAG-RS-L8-004,line-8,rolling-stock,Baghdad trainset acceptance bays,12,11032,11152,0,11040,11059
baghdad:BAG-RS-L8-027:rs-40-fitout-static-test,BAG-RS-L8-027,line-8,rolling-stock,Baghdad six-car fitout and static test,3,11032,11184,,,
baghdad:BAG-RS-L8-048:rs-30-traction-battery-control,BAG-RS-L8-048,line-8,rolling-stock,Baghdad six-car electrical integration,8,11032,11224,,,
baghdad:BAG-RS-L8-067:rs-25-clip-on-body,BAG-RS-L8-067,line-8,rolling-stock,Baghdad six-car body installation,1,11032,11056,,,
baghdad:BAG-RS-L8-068:rs-25-clip-on-body,BAG-RS-L8-068,line-8,rolling-stock,Baghdad six-car body installation,3,11032,11056,,,
baghdad:BAG-RS-L8-078:rs-23-moulded-body-modules,BAG-RS-L8-078,line-8,rolling-stock,Baghdad six-car composite kits,3,11032,11128,,,
baghdad:BAG-TRK-L9-011:trk-30-trackform-rail,BAG-TRK-L9-011,line-9,track-section,track crew,2,10672,10784,,,
baghdad:BAG-WPT-L8-011:wpt-10-cabinet-bench,BAG-WPT-L8-011,line-8,waypoint,wayside bench,2,2608,2632,,,
baghdad:BAG-RS-L8-005:rs-50-dynamic-commissioning,BAG-RS-L8-005,line-8,rolling-stock,Baghdad trainset acceptance bays,13,11040,11160,1,11048,11067
baghdad:BAG-RS-L8-028:rs-40-fitout-static-test,BAG-RS-L8-028,line-8,rolling-stock,Baghdad six-car fitout and static test,16,11040,11192,,,
baghdad:BAG-RS-L8-049:rs-30-traction-battery-control,BAG-RS-L8-049,line-8,rolling-stock,Baghdad six-car electrical integration,9,11040,11232,,,
baghdad:BAG-RS-L8-069:rs-25-clip-on-body,BAG-RS-L8-069,line-8,rolling-stock,Baghdad six-car body installation,2,11040,11064,,,
baghdad:BAG-RS-L8-079:rs-23-moulded-body-modules,BAG-RS-L8-079,line-8,rolling-stock,Baghdad six-car composite kits,10,11040,11136,,,
baghdad:BAG-RS-L8-080:rs-23-moulded-body-modules,BAG-RS-L8-080,line-8,rolling-stock,Baghdad six-car composite kits,11,11040,11136,,,
baghdad:BAG-RS-L9-013:rs-20-carbody-bogie,BAG-RS-L9-013,line-9,rolling-stock,Baghdad six-car structural assembly,9,11040,11272,,,
baghdad:BAG-RS-L9-014:rs-20-carbody-bogie,BAG-RS-L9-014,line-9,rolling-stock,Baghdad six-car structural assembly,10,11040,11272,,,
baghdad:BAG-RS-L9-015:rs-20-carbody-bogie,BAG-RS-L9-015,line-9,rolling-stock,Baghdad six-car structural assembly,11,11040,11272,,,
baghdad:BAG-RS-L9-016:rs-20-carbody-bogie,BAG-RS-L9-016,line-9,rolling-stock,Baghdad six-car structural assembly,12,11040,11272,,,
baghdad:BAG-RS-L8-029:rs-40-fitout-static-test,BAG-RS-L8-029,line-8,rolling-stock,Baghdad six-car fitout and static test,4,11048,11200,,,
baghdad:BAG-RS-L8-050:rs-30-traction-battery-control,BAG-RS-L8-050,line-8,rolling-stock,Baghdad six-car electrical integration,10,11048,11240,,,
baghdad:BAG-RS-L8-081:rs-23-moulded-body-modules,BAG-RS-L8-081,line-8,rolling-stock,Baghdad six-car composite kits,4,11048,11144,,,
baghdad:BAG-TRK-L9-012:trk-30-trackform-rail,BAG-TRK-L9-012,line-9,track-section,track crew,1,10896,11096,,,
baghdad:BAG-TRK-L9-017:trk-20-subgrade-drainage,BAG-TRK-L9-017,line-9,track-section,corridor civil crew,2,11048,11160,,,
baghdad:BAG-RS-L8-006:rs-50-dynamic-commissioning,BAG-RS-L8-006,line-8,rolling-stock,Baghdad trainset acceptance bays,1,11056,11176,0,11064,11083
baghdad:BAG-RS-L8-007:rs-50-dynamic-commissioning,BAG-RS-L8-007,line-8,rolling-stock,Baghdad trainset acceptance bays,2,11056,11176,2,11064,11083
baghdad:BAG-RS-L8-030:rs-40-fitout-static-test,BAG-RS-L8-030,line-8,rolling-stock,Baghdad six-car fitout and static test,5,11056,11208,,,
baghdad:BAG-RS-L8-051:rs-30-traction-battery-control,BAG-RS-L8-051,line-8,rolling-stock,Baghdad six-car electrical integration,11,11056,11248,,,
baghdad:BAG-RS-L8-070:rs-25-clip-on-body,BAG-RS-L8-070,line-8,rolling-stock,Baghdad six-car body installation,1,11056,11080,,,
baghdad:BAG-SIG-146:wpt-20-install-commission,BAG-SIG-146,line-8,signalling-comms,wayside systems crew,1,9696,9728,,,
baghdad:BAG-WPT-L8-011:wpt-20-install-commission,BAG-WPT-L8-011,line-8,waypoint,wayside systems crew,2,9656,9688,,,
baghdad:BAG-RS-L8-008:rs-50-dynamic-commissioning,BAG-RS-L8-008,line-8,rolling-stock,Baghdad trainset acceptance bays,3,11064,11184,1,11072,11091
baghdad:BAG-WPT-L8-012:wpt-10-cabinet-bench,BAG-WPT-L8-012,line-8,waypoint,wayside bench,3,2608,2632,,,
baghdad:BAG-WPT-L8-013:wpt-10-cabinet-bench,BAG-WPT-L8-013,line-8,waypoint,wayside bench,1,2632,2656,,,
baghdad:BAG-EN-141:en-20-energy-commission,BAG-EN-141,line-9,energy,energy crew,1,8520,8560,,,
baghdad:BAG-EN-142:en-20-energy-commission,BAG-EN-142,line-9,energy,energy crew,2,8520,8560,,,
baghdad:BAG-RS-L8-031:rs-40-fitout-static-test,BAG-RS-L8-031,line-8,rolling-stock,Baghdad six-car fitout and static test,6,11072,11224,,,
baghdad:BAG-RS-L8-032:rs-40-fitout-static-test,BAG-RS-L8-032,line-8,rolling-stock,Baghdad six-car fitout and static test,17,11072,11224,,,
baghdad:BAG-RS-L8-052:rs-30-traction-battery-control,BAG-RS-L8-052,line-8,rolling-stock,Baghdad six-car electrical integration,12,11072,11264,,,
baghdad:BAG-RS-L8-053:rs-30-traction-battery-control,BAG-RS-L8-053,line-8,rolling-stock,Baghdad six-car electrical integration,13,11072,11264,,,
baghdad:BAG-RS-L8-071:rs-25-clip-on-body,BAG-RS-L8-071,line-8,rolling-stock,Baghdad six-car body installation,2,11072,11096,,,
baghdad:BAG-RS-L8-072:rs-25-clip-on-body,BAG-RS-L8-072,line-8,rolling-stock,Baghdad six-car body installation,3,11072,11096,,,
baghdad:BAG-RS-L8-082:rs-23-moulded-body-modules,BAG-RS-L8-082,line-8,rolling-stock,Baghdad six-car composite kits,5,11072,11168,,,
baghdad:BAG-RS-L8-083:rs-23-moulded-body-modules,BAG-RS-L8-083,line-8,rolling-stock,Baghdad six-car composite kits,6,11072,11168,,,
baghdad:BAG-RS-L8-084:rs-23-moulded-body-modules,BAG-RS-L8-084,line-8,rolling-stock,Baghdad six-car composite kits,7,11072,11168,,,
baghdad:BAG-RS-L9-017:rs-20-carbody-bogie,BAG-RS-L9-017,line-9,rolling-stock,Baghdad six-car structural assembly,13,11072,11304,,,
baghdad:BAG-RS-L9-018:rs-20-carbody-bogie,BAG-RS-L9-018,line-9,rolling-stock,Baghdad six-car structural assembly,14,11072,11304,,,
baghdad:BAG-RS-L9-019:rs-20-carbody-bogie,BAG-RS-L9-019,line-9,rolling-stock,Baghdad six-car structural assembly,15,11072,11304,,,
baghdad:BAG-RS-L9-020:rs-20-carbody-bogie,BAG-RS-L9-020,line-9,rolling-stock,Baghdad six-car structural assembly,16,11072,11304,,,
baghdad:BAG-ST-148:st-20-mep-passenger-systems,BAG-ST-148,line-8,station,station systems crew,2,9696,9776,,,
baghdad:BAG-ST-158:st-20-mep-passenger-systems,BAG-ST-158,line-9,station,station systems crew,1,10320,10400,,,
baghdad:BAG-TRK-L9-016:trk-20-subgrade-drainage,BAG-TRK-L9-016,line-9,track-section,corridor civil crew,1,11040,11248,,,
baghdad:BAG-RS-L8-009:rs-50-dynamic-commissioning,BAG-RS-L8-009,line-8,rolling-stock,Baghdad trainset acceptance bays,4,11080,11200,0,11088,11107
baghdad:BAG-RS-L8-054:rs-30-traction-battery-control,BAG-RS-L8-054,line-8,rolling-stock,Baghdad six-car electrical integration,14,11080,11272,,,
baghdad:BAG-RS-L8-073:rs-25-clip-on-body,BAG-RS-L8-073,line-8,rolling-stock,Baghdad six-car body installation,1,11080,11104,,,
baghdad:BAG-RS-L8-010:rs-50-dynamic-commissioning,BAG-RS-L8-010,line-8,rolling-stock,Baghdad trainset acceptance bays,5,11088,11208,1,11096,11115
baghdad:BAG-RS-L8-011:rs-50-dynamic-commissioning,BAG-RS-L8-011,line-8,rolling-stock,Baghdad trainset acceptance bays,6,11088,11208,2,11096,11115
baghdad:BAG-RS-L8-033:rs-40-fitout-static-test,BAG-RS-L8-033,line-8,rolling-stock,Baghdad six-car fitout and static test,7,11088,11240,,,
baghdad:BAG-RS-L8-085:rs-23-moulded-body-modules,BAG-RS-L8-085,line-8,rolling-stock,Baghdad six-car composite kits,1,11088,11184,,,
baghdad:BAG-SIG-136:wpt-20-install-commission,BAG-SIG-136,line-8,signalling-comms,wayside systems crew,3,8920,8952,,,
baghdad:BAG-WPT-L8-012:wpt-20-install-commission,BAG-WPT-L8-012,line-8,waypoint,wayside systems crew,2,9696,9728,,,
baghdad:BAG-WPT-L8-013:wpt-20-install-commission,BAG-WPT-L8-013,line-8,waypoint,wayside systems crew,1,9728,9760,,,
baghdad:BAG-RS-L8-034:rs-40-fitout-static-test,BAG-RS-L8-034,line-8,rolling-stock,Baghdad six-car fitout and static test,8,11096,11248,,,
baghdad:BAG-RS-L8-055:rs-30-traction-battery-control,BAG-RS-L8-055,line-8,rolling-stock,Baghdad six-car electrical integration,15,11096,11288,,,
baghdad:BAG-RS-L8-074:rs-25-clip-on-body,BAG-RS-L8-074,line-8,rolling-stock,Baghdad six-car body installation,2,11096,11120,,,
baghdad:BAG-WPT-L8-014:wpt-10-cabinet-bench,BAG-WPT-L8-014,line-8,waypoint,wayside bench,2,2632,2656,,,
baghdad:BAG-RS-L8-012:rs-50-dynamic-commissioning,BAG-RS-L8-012,line-8,rolling-stock,Baghdad trainset acceptance bays,7,11104,11224,0,11112,11131
baghdad:BAG-RS-L8-035:rs-40-fitout-static-test,BAG-RS-L8-035,line-8,rolling-stock,Baghdad six-car fitout and static test,13,11104,11256,,,
baghdad:BAG-RS-L8-056:rs-30-traction-battery-control,BAG-RS-L8-056,line-8,rolling-stock,Baghdad six-car electrical integration,16,11104,11296,,,
baghdad:BAG-RS-L8-075:rs-25-clip-on-body,BAG-RS-L8-075,line-8,rolling-stock,Baghdad six-car body installation,1,11104,11128,,,
baghdad:BAG-RS-L8-076:rs-25-clip-on-body,BAG-RS-L8-076,line-8,rolling-stock,Baghdad six-car body installation,3,11104,11128,,,
baghdad:BAG-RS-L8-086:rs-23-moulded-body-modules,BAG-RS-L8-086,line-8,rolling-stock,Baghdad six-car composite kits,2,11104,11200,,,
baghdad:BAG-RS-L8-087:rs-23-moulded-body-modules,BAG-RS-L8-087,line-8,rolling-stock,Baghdad six-car composite kits,8,11104,11200,,,
baghdad:BAG-RS-L8-088:rs-23-moulded-body-modules,BAG-RS-L8-088,line-8,rolling-stock,Baghdad six-car composite kits,9,11104,11200,,,
baghdad:BAG-RS-L9-021:rs-20-carbody-bogie,BAG-RS-L9-021,line-9,rolling-stock,Baghdad six-car structural assembly,17,11104,11336,,,
baghdad:BAG-RS-L9-022:rs-20-carbody-bogie,BAG-RS-L9-022,line-9,rolling-stock,Baghdad six-car structural assembly,18,11104,11336,,,
baghdad:BAG-RS-L9-023:rs-20-carbody-bogie,BAG-RS-L9-023,line-9,rolling-stock,Baghdad six-car structural assembly,19,11104,11336,,,
baghdad:BAG-RS-L9-024:rs-20-carbody-bogie,BAG-RS-L9-024,line-9,rolling-stock,Baghdad six-car structural assembly,20,11104,11336,,,
baghdad:BAG-EN-143:en-10-energy-build,BAG-EN-143,line-9,energy,energy crew,1,8560,8640,,,
baghdad:BAG-EN-144:en-10-energy-build,BAG-EN-144,line-9,energy,energy crew,2,8560,8640,,,
baghdad:BAG-RS-L8-013:rs-50-dynamic-commissioning,BAG-RS-L8-013,line-8,rolling-stock,Baghdad trainset acceptance bays,8,11112,11232,1,11120,11139
baghdad:BAG-RS-L8-036:rs-40-fitout-static-test,BAG-RS-L8-036,line-8,rolling-stock,Baghdad six-car fitout and static test,9,11112,11264,,,
baghdad:BAG-RS-L8-057:rs-30-traction-battery-control,BAG-RS-L8-057,line-8,rolling-stock,Baghdad six-car electrical integration,17,11112,11304,,,
baghdad:BAG-RS-L8-058:rs-30-traction-battery-control,BAG-RS-L8-058,line-8,rolling-stock,Baghdad six-car electrical integration,18,11120,11312,,,
baghdad:BAG-RS-L8-077:rs-25-clip-on-body,BAG-RS-L8-077,line-8,rolling-stock,Baghdad six-car body installation,2,11120,11144,,,
baghdad:BAG-SIG-148:wpt-20-install-commission,BAG-SIG-148,line-8,signalling-comms,wayside systems crew,1,9768,9800,,,
baghdad:BAG-ST-165:st-10-civil-structure,BAG-ST-165,line-9,station,station civil crew,2,10680,10792,,,
baghdad:BAG-ST-167:st-10-civil-structure,BAG-ST-167,line-9,station,station civil crew,1,10912,11024,,,
baghdad:BAG-WPT-L8-003:wpt-20-install-commission,BAG-WPT-L8-003,line-8,waypoint,wayside systems crew,3,9096,9128,,,
baghdad:BAG-WPT-L8-014:wpt-20-install-commission,BAG-WPT-L8-014,line-8,waypoint,wayside systems crew,2,9768,9800,,,
baghdad:BAG-RS-L8-014:rs-50-dynamic-commissioning,BAG-RS-L8-014,line-8,rolling-stock,Baghdad trainset acceptance bays,9,11128,11248,0,11136,11155
baghdad:BAG-RS-L8-015:rs-50-dynamic-commissioning,BAG-RS-L8-015,line-8,rolling-stock,Baghdad trainset acceptance bays,10,11128,11248,2,11136,11155
baghdad:BAG-RS-L8-037:rs-40-fitout-static-test,BAG-RS-L8-037,line-8,rolling-stock,Baghdad six-car fitout and static test,10,11128,11280,,,
baghdad:BAG-RS-L8-038:rs-40-fitout-static-test,BAG-RS-L8-038,line-8,rolling-stock,Baghdad six-car fitout and static test,11,11128,11280,,,
baghdad:BAG-RS-L8-059:rs-30-traction-battery-control,BAG-RS-L8-059,line-8,rolling-stock,Baghdad six-car electrical integration,19,11128,11320,,,
baghdad:BAG-RS-L8-078:rs-25-clip-on-body,BAG-RS-L8-078,line-8,rolling-stock,Baghdad six-car body installation,1,11128,11152,,,
baghdad:BAG-RS-L8-089:rs-23-moulded-body-modules,BAG-RS-L8-089,line-8,rolling-stock,Baghdad six-car composite kits,3,11128,11224,,,
baghdad:BAG-WPT-L8-015:wpt-10-cabinet-bench,BAG-WPT-L8-015,line-8,waypoint,wayside bench,3,2632,2656,,,
baghdad:BAG-RS-L8-016:rs-50-dynamic-commissioning,BAG-RS-L8-016,line-8,rolling-stock,Baghdad trainset acceptance bays,11,11136,11256,1,11144,11163
baghdad:BAG-RS-L8-039:rs-40-fitout-static-test,BAG-RS-L8-039,line-8,rolling-stock,Baghdad six-car fitout and static test,14,11136,11288,,,
baghdad:BAG-RS-L8-060:rs-30-traction-battery-control,BAG-RS-L8-060,line-8,rolling-stock,Baghdad six-car electrical integration,20,11136,11328,,,
baghdad:BAG-RS-L8-079:rs-25-clip-on-body,BAG-RS-L8-079,line-8,rolling-stock,Baghdad six-car body installation,3,11136,11160,,,
baghdad:BAG-RS-L8-090:rs-23-moulded-body-modules,BAG-RS-L8-090,line-8,rolling-stock,Baghdad six-car composite kits,10,11136,11232,,,
baghdad:BAG-RS-L8-091:rs-23-moulded-body-modules,BAG-RS-L8-091,line-8,rolling-stock,Baghdad six-car composite kits,11,11136,11232,,,
baghdad:BAG-RS-L9-025:rs-20-carbody-bogie,BAG-RS-L9-025,line-9,rolling-stock,Baghdad six-car structural assembly,21,11136,11368,,,
baghdad:BAG-RS-L9-026:rs-20-carbody-bogie,BAG-RS-L9-026,line-9,rolling-stock,Baghdad six-car structural assembly,22,11136,11368,,,
baghdad:BAG-RS-L9-027:rs-20-carbody-bogie,BAG-RS-L9-027,line-9,rolling-stock,Baghdad six-car structural assembly,23,11136,11368,,,
baghdad:BAG-RS-L9-028:rs-20-carbody-bogie,BAG-RS-L9-028,line-9,rolling-stock,Baghdad six-car structural assembly,24,11136,11368,,,
baghdad:BAG-RS-L8-061:rs-30-traction-battery-control,BAG-RS-L8-061,line-8,rolling-stock,Baghdad six-car electrical integration,21,11144,11336,,,
baghdad:BAG-RS-L8-080:rs-25-clip-on-body,BAG-RS-L8-080,line-8,rolling-stock,Baghdad six-car body installation,2,11144,11168,,,
baghdad:BAG-RS-L8-092:rs-23-moulded-body-modules,BAG-RS-L8-092,line-8,rolling-stock,Baghdad six-car composite kits,4,11144,11240,,,
baghdad:BAG-TRK-L9-013:trk-30-trackform-rail,BAG-TRK-L9-013,line-9,track-section,track crew,2,10784,10824,,,
baghdad:BAG-RS-L8-017:rs-50-dynamic-commissioning,BAG-RS-L8-017,line-8,rolling-stock,Baghdad trainset acceptance bays,12,11152,11272,0,11160,11179
baghdad:BAG-RS-L8-040:rs-40-fitout-static-test,BAG-RS-L8-040,line-8,rolling-stock,Baghdad six-car fitout and static test,12,11152,11304,,,
baghdad:BAG-RS-L8-081:rs-25-clip-on-body,BAG-RS-L8-081,line-8,rolling-stock,Baghdad six-car body installation,1,11152,11176,,,
baghdad:BAG-SIG-149:wpt-20-install-commission,BAG-SIG-149,line-8,signalling-comms,wayside systems crew,1,9808,9840,,,
baghdad:BAG-ST-150:st-20-mep-passenger-systems,BAG-ST-150,line-8,station,station systems crew,2,9808,9888,,,
baghdad:BAG-ST-159:st-20-mep-passenger-systems,BAG-ST-159,line-9,station,station systems crew,1,10432,10512,,,
baghdad:BAG-WPT-L8-005:wpt-20-install-commission,BAG-WPT-L8-005,line-8,waypoint,wayside systems crew,3,9288,9320,,,
baghdad:BAG-WPT-L8-015:wpt-20-install-commission,BAG-WPT-L8-015,line-8,waypoint,wayside systems crew,2,9808,9840,,,
baghdad:BAG-RS-L8-018:rs-50-dynamic-commissioning,BAG-RS-L8-018,line-8,rolling-stock,Baghdad trainset acceptance bays,13,11160,11280,1,11168,11187
baghdad:BAG-TRK-L9-018:trk-10-survey-utility,BAG-TRK-L9-018,line-9,track-section,corridor civil crew,2,11160,11192,,,
baghdad:BAG-WPT-L8-017:wpt-10-cabinet-bench,BAG-WPT-L8-017,line-8,waypoint,wayside bench,2,2656,2680,,,
baghdad:BAG-RS-L8-041:rs-40-fitout-static-test,BAG-RS-L8-041,line-8,rolling-stock,Baghdad six-car fitout and static test,1,11168,11320,,,
baghdad:BAG-RS-L8-042:rs-40-fitout-static-test,BAG-RS-L8-042,line-8,rolling-stock,Baghdad six-car fitout and static test,2,11168,11320,,,
baghdad:BAG-RS-L8-062:rs-30-traction-battery-control,BAG-RS-L8-062,line-8,rolling-stock,Baghdad six-car electrical integration,1,11168,11360,,,
baghdad:BAG-RS-L8-063:rs-30-traction-battery-control,BAG-RS-L8-063,line-8,rolling-stock,Baghdad six-car electrical integration,2,11168,11360,,,
baghdad:BAG-RS-L8-064:rs-30-traction-battery-control,BAG-RS-L8-064,line-8,rolling-stock,Baghdad six-car electrical integration,3,11168,11360,,,
baghdad:BAG-RS-L8-082:rs-25-clip-on-body,BAG-RS-L8-082,line-8,rolling-stock,Baghdad six-car body installation,2,11168,11192,,,
baghdad:BAG-RS-L8-083:rs-25-clip-on-body,BAG-RS-L8-083,line-8,rolling-stock,Baghdad six-car body installation,3,11168,11192,,,
baghdad:BAG-RS-L9-001:rs-23-moulded-body-modules,BAG-RS-L9-001,line-9,rolling-stock,Baghdad six-car composite kits,5,11168,11264,,,
baghdad:BAG-RS-L9-002:rs-23-moulded-body-modules,BAG-RS-L9-002,line-9,rolling-stock,Baghdad six-car composite kits,6,11168,11264,,,
baghdad:BAG-RS-L9-003:rs-23-moulded-body-modules,BAG-RS-L9-003,line-9,rolling-stock,Baghdad six-car composite kits,7,11168,11264,,,
baghdad:BAG-RS-L9-029:rs-20-carbody-bogie,BAG-RS-L9-029,line-9,rolling-stock,Baghdad six-car structural assembly,25,11168,11400,,,
baghdad:BAG-RS-L9-030:rs-20-carbody-bogie,BAG-RS-L9-030,line-9,rolling-stock,Baghdad six-car structural assembly,26,11168,11400,,,
baghdad:BAG-RS-L8-019:rs-50-dynamic-commissioning,BAG-RS-L8-019,line-8,rolling-stock,Baghdad trainset acceptance bays,1,11176,11296,0,11184,11203
baghdad:BAG-RS-L8-020:rs-50-dynamic-commissioning,BAG-RS-L8-020,line-8,rolling-stock,Baghdad trainset acceptance bays,2,11176,11296,2,11184,11203
baghdad:BAG-RS-L8-043:rs-40-fitout-static-test,BAG-RS-L8-043,line-8,rolling-stock,Baghdad six-car fitout and static test,15,11176,11328,,,
baghdad:BAG-RS-L8-084:rs-25-clip-on-body,BAG-RS-L8-084,line-8,rolling-stock,Baghdad six-car body installation,1,11176,11200,,,
baghdad:BAG-RS-L8-021:rs-50-dynamic-commissioning,BAG-RS-L8-021,line-8,rolling-stock,Baghdad trainset acceptance bays,3,11184,11304,1,11192,11211
baghdad:BAG-RS-L9-004:rs-23-moulded-body-modules,BAG-RS-L9-004,line-9,rolling-stock,Baghdad six-car composite kits,1,11184,11280,,,
baghdad:BAG-SIG-141:wpt-20-install-commission,BAG-SIG-141,line-8,signalling-comms,wayside systems crew,3,9456,9488,,,
baghdad:BAG-SIG-151:wpt-20-install-commission,BAG-SIG-151,line-8,signalling-comms,wayside systems crew,1,9920,9952,,,
baghdad:BAG-SW-131:sw-20-install-proof,BAG-SW-131,line-8,switch,track/switch crew,1,8920,8952,,,
baghdad:BAG-TRK-L9-015:trk-30-trackform-rail,BAG-TRK-L9-015,line-9,track-section,track crew,2,10992,11072,,,
baghdad:BAG-WPT-L8-017:wpt-20-install-commission,BAG-WPT-L8-017,line-8,waypoint,wayside systems crew,2,9920,9952,,,
baghdad:BAG-EN-143:en-20-energy-commission,BAG-EN-143,line-9,energy,energy crew,1,8640,8680,,,
baghdad:BAG-EN-144:en-20-energy-commission,BAG-EN-144,line-9,energy,energy crew,2,8640,8680,,,
baghdad:BAG-RS-L8-044:rs-40-fitout-static-test,BAG-RS-L8-044,line-8,rolling-stock,Baghdad six-car fitout and static test,3,11192,11344,,,
baghdad:BAG-RS-L8-065:rs-30-traction-battery-control,BAG-RS-L8-065,line-8,rolling-stock,Baghdad six-car electrical integration,4,11192,11384,,,
baghdad:BAG-RS-L8-085:rs-25-clip-on-body,BAG-RS-L8-085,line-8,rolling-stock,Baghdad six-car body installation,2,11192,11216,,,
baghdad:BAG-TRK-L9-018:trk-20-subgrade-drainage,BAG-TRK-L9-018,line-9,track-section,corridor civil crew,2,11192,11320,,,
baghdad:BAG-WPT-L8-016:wpt-10-cabinet-bench,BAG-WPT-L8-016,line-8,waypoint,wayside bench,1,2656,2680,,,
baghdad:BAG-RS-L8-022:rs-50-dynamic-commissioning,BAG-RS-L8-022,line-8,rolling-stock,Baghdad trainset acceptance bays,4,11200,11320,0,11208,11227
baghdad:BAG-RS-L8-045:rs-40-fitout-static-test,BAG-RS-L8-045,line-8,rolling-stock,Baghdad six-car fitout and static test,4,11200,11352,,,
baghdad:BAG-RS-L8-066:rs-30-traction-battery-control,BAG-RS-L8-066,line-8,rolling-stock,Baghdad six-car electrical integration,5,11200,11392,,,
baghdad:BAG-RS-L8-086:rs-25-clip-on-body,BAG-RS-L8-086,line-8,rolling-stock,Baghdad six-car body installation,1,11200,11224,,,
baghdad:BAG-RS-L8-087:rs-25-clip-on-body,BAG-RS-L8-087,line-8,rolling-stock,Baghdad six-car body installation,3,11200,11224,,,
baghdad:BAG-RS-L8-023:rs-50-dynamic-commissioning,BAG-RS-L8-023,line-8,rolling-stock,Baghdad trainset acceptance bays,5,11208,11328,1,11216,11235
baghdad:BAG-RS-L8-024:rs-50-dynamic-commissioning,BAG-RS-L8-024,line-8,rolling-stock,Baghdad trainset acceptance bays,6,11208,11328,2,11216,11235
baghdad:BAG-RS-L8-046:rs-40-fitout-static-test,BAG-RS-L8-046,line-8,rolling-stock,Baghdad six-car fitout and static test,5,11208,11360,,,
baghdad:BAG-RS-L8-067:rs-30-traction-battery-control,BAG-RS-L8-067,line-8,rolling-stock,Baghdad six-car electrical integration,6,11208,11400,,,
baghdad:BAG-RS-L9-005:rs-23-moulded-body-modules,BAG-RS-L9-005,line-9,rolling-stock,Baghdad six-car composite kits,2,11208,11304,,,
baghdad:BAG-RS-L9-006:rs-23-moulded-body-modules,BAG-RS-L9-006,line-9,rolling-stock,Baghdad six-car composite kits,8,11208,11304,,,
baghdad:BAG-RS-L9-007:rs-23-moulded-body-modules,BAG-RS-L9-007,line-9,rolling-stock,Baghdad six-car composite kits,9,11208,11304,,,
baghdad:BAG-RS-L9-031:rs-20-carbody-bogie,BAG-RS-L9-031,line-9,rolling-stock,Baghdad six-car structural assembly,1,11208,11440,,,
baghdad:BAG-RS-L9-032:rs-20-carbody-bogie,BAG-RS-L9-032,line-9,rolling-stock,Baghdad six-car structural assembly,2,11208,11440,,,
baghdad:BAG-RS-L9-033:rs-20-carbody-bogie,BAG-RS-L9-033,line-9,rolling-stock,Baghdad six-car structural assembly,3,11208,11440,,,
baghdad:BAG-RS-L9-034:rs-20-carbody-bogie,BAG-RS-L9-034,line-9,rolling-stock,Baghdad six-car structural assembly,4,11208,11440,,,
baghdad:BAG-RS-L8-047:rs-40-fitout-static-test,BAG-RS-L8-047,line-8,rolling-stock,Baghdad six-car fitout and static test,16,11216,11368,,,
baghdad:BAG-RS-L8-068:rs-30-traction-battery-control,BAG-RS-L8-068,line-8,rolling-stock,Baghdad six-car electrical integration,7,11216,11408,,,
baghdad:BAG-RS-L8-088:rs-25-clip-on-body,BAG-RS-L8-088,line-8,rolling-stock,Baghdad six-car body installation,2,11216,11240,,,
baghdad:BAG-SIG-147:wpt-20-install-commission,BAG-SIG-147,line-8,signalling-comms,wayside systems crew,3,9712,9744,,,
baghdad:BAG-SIG-150:wpt-20-install-commission,BAG-SIG-150,line-8,signalling-comms,wayside systems crew,1,9992,10024,,,
baghdad:BAG-SW-132:sw-20-install-proof,BAG-SW-132,line-8,switch,track/switch crew,1,9920,9952,,,
baghdad:BAG-WPT-L8-016:wpt-20-install-commission,BAG-WPT-L8-016,line-8,waypoint,wayside systems crew,2,9992,10024,,,
baghdad:BAG-RS-L8-025:rs-50-dynamic-commissioning,BAG-RS-L8-025,line-8,rolling-stock,Baghdad trainset acceptance bays,7,11224,11344,0,11232,11251
baghdad:BAG-RS-L8-048:rs-40-fitout-static-test,BAG-RS-L8-048,line-8,rolling-stock,Baghdad six-car fitout and static test,6,11224,11376,,,
baghdad:BAG-RS-L8-069:rs-30-traction-battery-control,BAG-RS-L8-069,line-8,rolling-stock,Baghdad six-car electrical integration,8,11224,11416,,,
baghdad:BAG-RS-L8-089:rs-25-clip-on-body,BAG-RS-L8-089,line-8,rolling-stock,Baghdad six-car body installation,1,11224,11248,,,
baghdad:BAG-RS-L9-008:rs-23-moulded-body-modules,BAG-RS-L9-008,line-9,rolling-stock,Baghdad six-car composite kits,3,11224,11320,,,
baghdad:BAG-EN-145:en-10-energy-build,BAG-EN-145,line-9,energy,energy crew,1,8680,8760,,,
baghdad:BAG-EN-146:en-10-energy-build,BAG-EN-146,line-9,energy,energy crew,2,8680,8760,,,
baghdad:BAG-RS-L8-026:rs-50-dynamic-commissioning,BAG-RS-L8-026,line-8,rolling-stock,Baghdad trainset acceptance bays,8,11232,11352,1,11240,11259
baghdad:BAG-RS-L8-049:rs-40-fitout-static-test,BAG-RS-L8-049,line-8,rolling-stock,Baghdad six-car fitout and static test,17,11232,11384,,,
baghdad:BAG-RS-L8-070:rs-30-traction-battery-control,BAG-RS-L8-070,line-8,rolling-stock,Baghdad six-car electrical integration,9,11232,11424,,,
baghdad:BAG-RS-L8-090:rs-25-clip-on-body,BAG-RS-L8-090,line-8,rolling-stock,Baghdad six-car body installation,3,11232,11256,,,
baghdad:BAG-ST-153:st-20-mep-passenger-systems,BAG-ST-153,line-9,station,station systems crew,2,9976,10056,,,
baghdad:BAG-ST-161:st-20-mep-passenger-systems,BAG-ST-161,line-9,station,station systems crew,1,10600,10680,,,
baghdad:BAG-ST-166:st-10-civil-structure,BAG-ST-166,line-9,station,station civil crew,2,10792,10904,,,
baghdad:BAG-ST-168:st-10-civil-structure,BAG-ST-168,line-9,station,station civil crew,1,11040,11152,,,
baghdad:BAG-RS-L8-050:rs-40-fitout-static-test,BAG-RS-L8-050,line-8,rolling-stock,Baghdad six-car fitout and static test,7,11240,11392,,,
baghdad:BAG-RS-L8-071:rs-30-traction-battery-control,BAG-RS-L8-071,line-8,rolling-stock,Baghdad six-car electrical integration,10,11240,11432,,,
baghdad:BAG-RS-L8-091:rs-25-clip-on-body,BAG-RS-L8-091,line-8,rolling-stock,Baghdad six-car body installation,2,11240,11264,,,
baghdad:BAG-RS-L9-009:rs-23-moulded-body-modules,BAG-RS-L9-009,line-9,rolling-stock,Baghdad six-car composite kits,4,11240,11336,,,
baghdad:BAG-RS-L9-010:rs-23-moulded-body-modules,BAG-RS-L9-010,line-9,rolling-stock,Baghdad six-car composite kits,10,11240,11336,,,
baghdad:BAG-RS-L9-011:rs-23-moulded-body-modules,BAG-RS-L9-011,line-9,rolling-stock,Baghdad six-car composite kits,11,11240,11336,,,
baghdad:BAG-RS-L9-035:rs-20-carbody-bogie,BAG-RS-L9-035,line-9,rolling-stock,Baghdad six-car structural assembly,5,11240,11472,,,
baghdad:BAG-RS-L9-036:rs-20-carbody-bogie,BAG-RS-L9-036,line-9,rolling-stock,Baghdad six-car structural assembly,6,11240,11472,,,
baghdad:BAG-RS-L9-037:rs-20-carbody-bogie,BAG-RS-L9-037,line-9,rolling-stock,Baghdad six-car structural assembly,7,11240,11472,,,
baghdad:BAG-RS-L9-038:rs-20-carbody-bogie,BAG-RS-L9-038,line-9,rolling-stock,Baghdad six-car structural assembly,8,11240,11472,,,
baghdad:BAG-RS-L8-027:rs-50-dynamic-commissioning,BAG-RS-L8-027,line-8,rolling-stock,Baghdad trainset acceptance bays,9,11248,11368,0,11256,11275
baghdad:BAG-RS-L8-028:rs-50-dynamic-commissioning,BAG-RS-L8-028,line-8,rolling-stock,Baghdad trainset acceptance bays,10,11248,11368,2,11256,11275
baghdad:BAG-RS-L8-051:rs-40-fitout-static-test,BAG-RS-L8-051,line-8,rolling-stock,Baghdad six-car fitout and static test,8,11248,11400,,,
baghdad:BAG-RS-L8-072:rs-30-traction-battery-control,BAG-RS-L8-072,line-8,rolling-stock,Baghdad six-car electrical integration,11,11248,11440,,,
baghdad:BAG-RS-L8-092:rs-25-clip-on-body,BAG-RS-L8-092,line-8,rolling-stock,Baghdad six-car body installation,1,11248,11272,,,
baghdad:BAG-TRK-L9-017:trk-30-trackform-rail,BAG-TRK-L9-017,line-9,track-section,track crew,1,11160,11272,,,
baghdad:BAG-RS-L8-029:rs-50-dynamic-commissioning,BAG-RS-L8-029,line-8,rolling-stock,Baghdad trainset acceptance bays,11,11256,11376,1,11264,11283
baghdad:BAG-RS-L8-052:rs-40-fitout-static-test,BAG-RS-L8-052,line-8,rolling-stock,Baghdad six-car fitout and static test,9,11264,11416,,,
baghdad:BAG-RS-L8-053:rs-40-fitout-static-test,BAG-RS-L8-053,line-8,rolling-stock,Baghdad six-car fitout and static test,13,11264,11416,,,
baghdad:BAG-RS-L8-073:rs-30-traction-battery-control,BAG-RS-L8-073,line-8,rolling-stock,Baghdad six-car electrical integration,12,11264,11456,,,
baghdad:BAG-RS-L8-074:rs-30-traction-battery-control,BAG-RS-L8-074,line-8,rolling-stock,Baghdad six-car electrical integration,13,11264,11456,,,
baghdad:BAG-RS-L9-001:rs-25-clip-on-body,BAG-RS-L9-001,line-9,rolling-stock,Baghdad six-car body installation,2,11264,11288,,,
baghdad:BAG-RS-L9-002:rs-25-clip-on-body,BAG-RS-L9-002,line-9,rolling-stock,Baghdad six-car body installation,3,11264,11288,,,
baghdad:BAG-RS-L9-012:rs-23-moulded-body-modules,BAG-RS-L9-012,line-9,rolling-stock,Baghdad six-car composite kits,5,11264,11360,,,
baghdad:BAG-TRK-L9-014:trk-30-trackform-rail,BAG-TRK-L9-014,line-9,track-section,track crew,2,11072,11320,,,
baghdad:BAG-RS-L8-030:rs-50-dynamic-commissioning,BAG-RS-L8-030,line-8,rolling-stock,Baghdad trainset acceptance bays,12,11272,11392,0,11280,11299
baghdad:BAG-RS-L8-075:rs-30-traction-battery-control,BAG-RS-L8-075,line-8,rolling-stock,Baghdad six-car electrical integration,14,11272,11464,,,
baghdad:BAG-RS-L9-003:rs-25-clip-on-body,BAG-RS-L9-003,line-9,rolling-stock,Baghdad six-car body installation,1,11272,11296,,,
baghdad:BAG-RS-L9-013:rs-23-moulded-body-modules,BAG-RS-L9-013,line-9,rolling-stock,Baghdad six-car composite kits,6,11272,11368,,,
baghdad:BAG-RS-L9-014:rs-23-moulded-body-modules,BAG-RS-L9-014,line-9,rolling-stock,Baghdad six-car composite kits,7,11272,11368,,,
baghdad:BAG-RS-L9-039:rs-20-carbody-bogie,BAG-RS-L9-039,line-9,rolling-stock,Baghdad six-car structural assembly,9,11272,11504,,,
baghdad:BAG-RS-L9-040:rs-20-carbody-bogie,BAG-RS-L9-040,line-9,rolling-stock,Baghdad six-car structural assembly,10,11272,11504,,,
baghdad:BAG-RS-L9-041:rs-20-carbody-bogie,BAG-RS-L9-041,line-9,rolling-stock,Baghdad six-car structural assembly,11,11272,11504,,,
baghdad:BAG-RS-L9-042:rs-20-carbody-bogie,BAG-RS-L9-042,line-9,rolling-stock,Baghdad six-car structural assembly,12,11272,11504,,,
baghdad:BAG-RS-L8-031:rs-50-dynamic-commissioning,BAG-RS-L8-031,line-8,rolling-stock,Baghdad trainset acceptance bays,13,11280,11400,1,11288,11307
baghdad:BAG-RS-L8-054:rs-40-fitout-static-test,BAG-RS-L8-054,line-8,rolling-stock,Baghdad six-car fitout and static test,10,11280,11432,,,
baghdad:BAG-RS-L9-015:rs-23-moulded-body-modules,BAG-RS-L9-015,line-9,rolling-stock,Baghdad six-car composite kits,1,11280,11376,,,
baghdad:BAG-TRK-L9-019:trk-10-survey-utility,BAG-TRK-L9-019,line-9,track-section,corridor civil crew,1,11248,11288,,,
baghdad:BAG-RS-L8-055:rs-40-fitout-static-test,BAG-RS-L8-055,line-8,rolling-stock,Baghdad six-car fitout and static test,11,11288,11440,,,
baghdad:BAG-RS-L8-076:rs-30-traction-battery-control,BAG-RS-L8-076,line-8,rolling-stock,Baghdad six-car electrical integration,15,11288,11480,,,
baghdad:BAG-RS-L9-004:rs-25-clip-on-body,BAG-RS-L9-004,line-9,rolling-stock,Baghdad six-car body installation,2,11288,11312,,,
baghdad:BAG-RS-L8-032:rs-50-dynamic-commissioning,BAG-RS-L8-032,line-8,rolling-stock,Baghdad trainset acceptance bays,1,11296,11416,0,11304,11323
baghdad:BAG-RS-L8-033:rs-50-dynamic-commissioning,BAG-RS-L8-033,line-8,rolling-stock,Baghdad trainset acceptance bays,2,11296,11416,2,11304,11323
baghdad:BAG-RS-L8-056:rs-40-fitout-static-test,BAG-RS-L8-056,line-8,rolling-stock,Baghdad six-car fitout and static test,14,11296,11448,,,
baghdad:BAG-RS-L8-077:rs-30-traction-battery-control,BAG-RS-L8-077,line-8,rolling-stock,Baghdad six-car electrical integration,16,11296,11488,,,
baghdad:BAG-RS-L8-034:rs-50-dynamic-commissioning,BAG-RS-L8-034,line-8,rolling-stock,Baghdad trainset acceptance bays,3,11304,11424,1,11312,11331
baghdad:BAG-RS-L8-057:rs-40-fitout-static-test,BAG-RS-L8-057,line-8,rolling-stock,Baghdad six-car fitout and static test,12,11304,11456,,,
baghdad:BAG-RS-L8-078:rs-30-traction-battery-control,BAG-RS-L8-078,line-8,rolling-stock,Baghdad six-car electrical integration,17,11304,11496,,,
baghdad:BAG-RS-L9-005:rs-25-clip-on-body,BAG-RS-L9-005,line-9,rolling-stock,Baghdad six-car body installation,1,11304,11328,,,
baghdad:BAG-RS-L9-006:rs-25-clip-on-body,BAG-RS-L9-006,line-9,rolling-stock,Baghdad six-car body installation,3,11304,11328,,,
baghdad:BAG-RS-L9-016:rs-23-moulded-body-modules,BAG-RS-L9-016,line-9,rolling-stock,Baghdad six-car composite kits,2,11304,11400,,,
baghdad:BAG-RS-L9-017:rs-23-moulded-body-modules,BAG-RS-L9-017,line-9,rolling-stock,Baghdad six-car composite kits,8,11304,11400,,,
baghdad:BAG-RS-L9-018:rs-23-moulded-body-modules,BAG-RS-L9-018,line-9,rolling-stock,Baghdad six-car composite kits,9,11304,11400,,,
baghdad:BAG-RS-L9-043:rs-20-carbody-bogie,BAG-RS-L9-043,line-9,rolling-stock,Baghdad six-car structural assembly,13,11304,11536,,,
baghdad:BAG-RS-L9-044:rs-20-carbody-bogie,BAG-RS-L9-044,line-9,rolling-stock,Baghdad six-car structural assembly,14,11304,11536,,,
baghdad:BAG-RS-L9-045:rs-20-carbody-bogie,BAG-RS-L9-045,line-9,rolling-stock,Baghdad six-car structural assembly,15,11304,11536,,,
baghdad:BAG-RS-L9-046:rs-20-carbody-bogie,BAG-RS-L9-046,line-9,rolling-stock,Baghdad six-car structural assembly,16,11304,11536,,,
baghdad:BAG-EN-145:en-20-energy-commission,BAG-EN-145,line-9,energy,energy crew,1,8760,8800,,,
baghdad:BAG-EN-146:en-20-energy-commission,BAG-EN-146,line-9,energy,energy crew,2,8760,8800,,,
baghdad:BAG-RS-L8-079:rs-30-traction-battery-control,BAG-RS-L8-079,line-8,rolling-stock,Baghdad six-car electrical integration,18,11312,11504,,,
baghdad:BAG-RS-L9-007:rs-25-clip-on-body,BAG-RS-L9-007,line-9,rolling-stock,Baghdad six-car body installation,2,11312,11336,,,
baghdad:BAG-ST-155:st-20-mep-passenger-systems,BAG-ST-155,line-9,station,station systems crew,2,10128,10208,,,
baghdad:BAG-ST-163:st-20-mep-passenger-systems,BAG-ST-163,line-9,station,station systems crew,1,10712,10792,,,
baghdad:BAG-RS-L8-035:rs-50-dynamic-commissioning,BAG-RS-L8-035,line-8,rolling-stock,Baghdad trainset acceptance bays,4,11320,11440,0,11328,11347
baghdad:BAG-RS-L8-058:rs-40-fitout-static-test,BAG-RS-L8-058,line-8,rolling-stock,Baghdad six-car fitout and static test,1,11320,11472,,,
baghdad:BAG-RS-L8-059:rs-40-fitout-static-test,BAG-RS-L8-059,line-8,rolling-stock,Baghdad six-car fitout and static test,2,11320,11472,,,
baghdad:BAG-RS-L8-080:rs-30-traction-battery-control,BAG-RS-L8-080,line-8,rolling-stock,Baghdad six-car electrical integration,19,11320,11512,,,
baghdad:BAG-RS-L9-019:rs-23-moulded-body-modules,BAG-RS-L9-019,line-9,rolling-stock,Baghdad six-car composite kits,3,11320,11416,,,
baghdad:BAG-TRK-L9-019:trk-20-subgrade-drainage,BAG-TRK-L9-019,line-9,track-section,corridor civil crew,1,11288,11464,,,
baghdad:BAG-TRK-L9-020:trk-10-survey-utility,BAG-TRK-L9-020,line-9,track-section,corridor civil crew,2,11320,11344,,,
baghdad:BAG-RS-L8-036:rs-50-dynamic-commissioning,BAG-RS-L8-036,line-8,rolling-stock,Baghdad trainset acceptance bays,5,11328,11448,1,11336,11355
baghdad:BAG-RS-L8-037:rs-50-dynamic-commissioning,BAG-RS-L8-037,line-8,rolling-stock,Baghdad trainset acceptance bays,6,11328,11448,2,11336,11355
baghdad:BAG-RS-L8-060:rs-40-fitout-static-test,BAG-RS-L8-060,line-8,rolling-stock,Baghdad six-car fitout and static test,15,11328,11480,,,
baghdad:BAG-RS-L8-081:rs-30-traction-battery-control,BAG-RS-L8-081,line-8,rolling-stock,Baghdad six-car electrical integration,20,11328,11520,,,
baghdad:BAG-RS-L9-008:rs-25-clip-on-body,BAG-RS-L9-008,line-9,rolling-stock,Baghdad six-car body installation,1,11328,11352,,,
baghdad:BAG-RS-L8-082:rs-30-traction-battery-control,BAG-RS-L8-082,line-8,rolling-stock,Baghdad six-car electrical integration,21,11336,11528,,,
baghdad:BAG-RS-L9-009:rs-25-clip-on-body,BAG-RS-L9-009,line-9,rolling-stock,Baghdad six-car body installation,2,11336,11360,,,
baghdad:BAG-RS-L9-010:rs-25-clip-on-body,BAG-RS-L9-010,line-9,rolling-stock,Baghdad six-car body installation,3,11336,11360,,,
baghdad:BAG-RS-L9-020:rs-23-moulded-body-modules,BAG-RS-L9-020,line-9,rolling-stock,Baghdad six-car composite kits,4,11336,11432,,,
baghdad:BAG-RS-L9-021:rs-23-moulded-body-modules,BAG-RS-L9-021,line-9,rolling-stock,Baghdad six-car composite kits,10,11336,11432,,,
baghdad:BAG-RS-L9-022:rs-23-moulded-body-modules,BAG-RS-L9-022,line-9,rolling-stock,Baghdad six-car composite kits,11,11336,11432,,,
baghdad:BAG-RS-L9-047:rs-20-carbody-bogie,BAG-RS-L9-047,line-9,rolling-stock,Baghdad six-car structural assembly,17,11336,11568,,,
baghdad:BAG-RS-L8-038:rs-50-dynamic-commissioning,BAG-RS-L8-038,line-8,rolling-stock,Baghdad trainset acceptance bays,7,11344,11464,0,11352,11371
baghdad:BAG-RS-L8-061:rs-40-fitout-static-test,BAG-RS-L8-061,line-8,rolling-stock,Baghdad six-car fitout and static test,3,11344,11496,,,
baghdad:BAG-ST-169:st-10-civil-structure,BAG-ST-169,line-9,station,station civil crew,2,11048,11160,,,
baghdad:BAG-ST-170:st-10-civil-structure,BAG-ST-170,line-9,station,station civil crew,1,11192,11304,,,
baghdad:BAG-TRK-L9-020:trk-20-subgrade-drainage,BAG-TRK-L9-020,line-9,track-section,corridor civil crew,2,11344,11448,,,
baghdad:BAG-EN-147:en-10-energy-build,BAG-EN-147,line-9,energy,energy crew,1,8800,8880,,,
baghdad:BAG-EN-148:en-10-energy-build,BAG-EN-148,line-9,energy,energy crew,2,8800,8880,,,
baghdad:BAG-RS-L8-039:rs-50-dynamic-commissioning,BAG-RS-L8-039,line-8,rolling-stock,Baghdad trainset acceptance bays,8,11352,11472,1,11360,11379
baghdad:BAG-RS-L9-011:rs-25-clip-on-body,BAG-RS-L9-011,line-9,rolling-stock,Baghdad six-car body installation,1,11352,11376,,,
baghdad:BAG-RS-L8-062:rs-40-fitout-static-test,BAG-RS-L8-062,line-8,rolling-stock,Baghdad six-car fitout and static test,4,11360,11512,,,
baghdad:BAG-RS-L8-063:rs-40-fitout-static-test,BAG-RS-L8-063,line-8,rolling-stock,Baghdad six-car fitout and static test,5,11360,11512,,,
baghdad:BAG-RS-L8-083:rs-30-traction-battery-control,BAG-RS-L8-083,line-8,rolling-stock,Baghdad six-car electrical integration,1,11360,11552,,,
baghdad:BAG-RS-L8-084:rs-30-traction-battery-control,BAG-RS-L8-084,line-8,rolling-stock,Baghdad six-car electrical integration,2,11360,11552,,,
baghdad:BAG-RS-L8-085:rs-30-traction-battery-control,BAG-RS-L8-085,line-8,rolling-stock,Baghdad six-car electrical integration,3,11360,11552,,,
baghdad:BAG-RS-L9-012:rs-25-clip-on-body,BAG-RS-L9-012,line-9,rolling-stock,Baghdad six-car body installation,2,11360,11384,,,
baghdad:BAG-RS-L9-023:rs-23-moulded-body-modules,BAG-RS-L9-023,line-9,rolling-stock,Baghdad six-car composite kits,5,11360,11456,,,
baghdad:BAG-TRK-L9-016:trk-30-trackform-rail,BAG-TRK-L9-016,line-9,track-section,track crew,1,11272,11480,,,
baghdad:BAG-RS-L8-040:rs-50-dynamic-commissioning,BAG-RS-L8-040,line-8,rolling-stock,Baghdad trainset acceptance bays,9,11368,11488,0,11376,11395
baghdad:BAG-RS-L8-041:rs-50-dynamic-commissioning,BAG-RS-L8-041,line-8,rolling-stock,Baghdad trainset acceptance bays,10,11368,11488,2,11376,11395
baghdad:BAG-RS-L8-064:rs-40-fitout-static-test,BAG-RS-L8-064,line-8,rolling-stock,Baghdad six-car fitout and static test,16,11368,11520,,,
baghdad:BAG-RS-L9-013:rs-25-clip-on-body,BAG-RS-L9-013,line-9,rolling-stock,Baghdad six-car body installation,3,11368,11392,,,
baghdad:BAG-RS-L9-024:rs-23-moulded-body-modules,BAG-RS-L9-024,line-9,rolling-stock,Baghdad six-car composite kits,6,11368,11464,,,
baghdad:BAG-RS-L9-025:rs-23-moulded-body-modules,BAG-RS-L9-025,line-9,rolling-stock,Baghdad six-car composite kits,7,11368,11464,,,
baghdad:BAG-RS-L8-042:rs-50-dynamic-commissioning,BAG-RS-L8-042,line-8,rolling-stock,Baghdad trainset acceptance bays,11,11376,11496,1,11384,11403
baghdad:BAG-RS-L9-014:rs-25-clip-on-body,BAG-RS-L9-014,line-9,rolling-stock,Baghdad six-car body installation,1,11376,11400,,,
baghdad:BAG-RS-L9-026:rs-23-moulded-body-modules,BAG-RS-L9-026,line-9,rolling-stock,Baghdad six-car composite kits,1,11376,11472,,,
baghdad:BAG-SIG-152:wpt-20-install-commission,BAG-SIG-152,line-9,signalling-comms,wayside systems crew,1,10128,10160,,,
baghdad:BAG-RS-L8-065:rs-40-fitout-static-test,BAG-RS-L8-065,line-8,rolling-stock,Baghdad six-car fitout and static test,6,11384,11536,,,
baghdad:BAG-RS-L8-086:rs-30-traction-battery-control,BAG-RS-L8-086,line-8,rolling-stock,Baghdad six-car electrical integration,4,11384,11576,,,
baghdad:BAG-RS-L9-015:rs-25-clip-on-body,BAG-RS-L9-015,line-9,rolling-stock,Baghdad six-car body installation,2,11384,11408,,,
baghdad:BAG-RS-L8-043:rs-50-dynamic-commissioning,BAG-RS-L8-043,line-8,rolling-stock,Baghdad trainset acceptance bays,12,11392,11512,0,11400,11419
baghdad:BAG-RS-L8-066:rs-40-fitout-static-test,BAG-RS-L8-066,line-8,rolling-stock,Baghdad six-car fitout and static test,7,11392,11544,,,
baghdad:BAG-RS-L8-087:rs-30-traction-battery-control,BAG-RS-L8-087,line-8,rolling-stock,Baghdad six-car electrical integration,5,11392,11584,,,
baghdad:BAG-ST-157:st-20-mep-passenger-systems,BAG-ST-157,line-9,station,station systems crew,2,10256,10336,,,
baghdad:BAG-ST-165:st-20-mep-passenger-systems,BAG-ST-165,line-9,station,station systems crew,1,10792,10872,,,
baghdad:BAG-RS-L8-044:rs-50-dynamic-commissioning,BAG-RS-L8-044,line-8,rolling-stock,Baghdad trainset acceptance bays,13,11400,11520,1,11408,11427
baghdad:BAG-RS-L8-067:rs-40-fitout-static-test,BAG-RS-L8-067,line-8,rolling-stock,Baghdad six-car fitout and static test,8,11400,11552,,,
baghdad:BAG-RS-L8-088:rs-30-traction-battery-control,BAG-RS-L8-088,line-8,rolling-stock,Baghdad six-car electrical integration,6,11400,11592,,,
baghdad:BAG-RS-L9-016:rs-25-clip-on-body,BAG-RS-L9-016,line-9,rolling-stock,Baghdad six-car body installation,1,11400,11424,,,
baghdad:BAG-RS-L9-017:rs-25-clip-on-body,BAG-RS-L9-017,line-9,rolling-stock,Baghdad six-car body installation,3,11400,11424,,,
baghdad:BAG-RS-L9-027:rs-23-moulded-body-modules,BAG-RS-L9-027,line-9,rolling-stock,Baghdad six-car composite kits,2,11400,11496,,,
baghdad:BAG-RS-L9-028:rs-23-moulded-body-modules,BAG-RS-L9-028,line-9,rolling-stock,Baghdad six-car composite kits,8,11400,11496,,,
baghdad:BAG-RS-L9-029:rs-23-moulded-body-modules,BAG-RS-L9-029,line-9,rolling-stock,Baghdad six-car composite kits,9,11400,11496,,,
baghdad:BAG-RS-L8-068:rs-40-fitout-static-test,BAG-RS-L8-068,line-8,rolling-stock,Baghdad six-car fitout and static test,17,11408,11560,,,
baghdad:BAG-RS-L8-089:rs-30-traction-battery-control,BAG-RS-L8-089,line-8,rolling-stock,Baghdad six-car electrical integration,7,11408,11600,,,
baghdad:BAG-RS-L9-018:rs-25-clip-on-body,BAG-RS-L9-018,line-9,rolling-stock,Baghdad six-car body installation,2,11408,11432,,,
baghdad:BAG-SIG-154:wpt-20-install-commission,BAG-SIG-154,line-9,signalling-comms,wayside systems crew,1,10160,10192,,,
baghdad:BAG-RS-L8-045:rs-50-dynamic-commissioning,BAG-RS-L8-045,line-8,rolling-stock,Baghdad trainset acceptance bays,1,11416,11536,0,11424,11443
baghdad:BAG-RS-L8-046:rs-50-dynamic-commissioning,BAG-RS-L8-046,line-8,rolling-stock,Baghdad trainset acceptance bays,2,11416,11536,2,11424,11443
baghdad:BAG-RS-L8-069:rs-40-fitout-static-test,BAG-RS-L8-069,line-8,rolling-stock,Baghdad six-car fitout and static test,9,11416,11568,,,
baghdad:BAG-RS-L8-090:rs-30-traction-battery-control,BAG-RS-L8-090,line-8,rolling-stock,Baghdad six-car electrical integration,8,11416,11608,,,
baghdad:BAG-RS-L9-030:rs-23-moulded-body-modules,BAG-RS-L9-030,line-9,rolling-stock,Baghdad six-car composite kits,3,11416,11512,,,
baghdad:BAG-RS-L8-047:rs-50-dynamic-commissioning,BAG-RS-L8-047,line-8,rolling-stock,Baghdad trainset acceptance bays,3,11424,11544,1,11432,11451
baghdad:BAG-RS-L8-070:rs-40-fitout-static-test,BAG-RS-L8-070,line-8,rolling-stock,Baghdad six-car fitout and static test,13,11424,11576,,,
baghdad:BAG-RS-L8-091:rs-30-traction-battery-control,BAG-RS-L8-091,line-8,rolling-stock,Baghdad six-car electrical integration,9,11424,11616,,,
baghdad:BAG-RS-L9-019:rs-25-clip-on-body,BAG-RS-L9-019,line-9,rolling-stock,Baghdad six-car body installation,1,11424,11448,,,
baghdad:BAG-EN-147:en-20-energy-commission,BAG-EN-147,line-9,energy,energy crew,1,8880,8920,,,
baghdad:BAG-EN-148:en-20-energy-commission,BAG-EN-148,line-9,energy,energy crew,2,8880,8920,,,
baghdad:BAG-RS-L8-071:rs-40-fitout-static-test,BAG-RS-L8-071,line-8,rolling-stock,Baghdad six-car fitout and static test,10,11432,11584,,,
baghdad:BAG-RS-L8-092:rs-30-traction-battery-control,BAG-RS-L8-092,line-8,rolling-stock,Baghdad six-car electrical integration,10,11432,11624,,,
baghdad:BAG-RS-L9-020:rs-25-clip-on-body,BAG-RS-L9-020,line-9,rolling-stock,Baghdad six-car body installation,2,11432,11456,,,
baghdad:BAG-RS-L9-021:rs-25-clip-on-body,BAG-RS-L9-021,line-9,rolling-stock,Baghdad six-car body installation,3,11432,11456,,,
baghdad:BAG-RS-L8-048:rs-50-dynamic-commissioning,BAG-RS-L8-048,line-8,rolling-stock,Baghdad trainset acceptance bays,4,11440,11560,0,11448,11467
baghdad:BAG-RS-L8-072:rs-40-fitout-static-test,BAG-RS-L8-072,line-8,rolling-stock,Baghdad six-car fitout and static test,11,11440,11592,,,
baghdad:BAG-RS-L9-001:rs-30-traction-battery-control,BAG-RS-L9-001,line-9,rolling-stock,Baghdad six-car electrical integration,11,11440,11632,,,
baghdad:BAG-RS-L9-031:rs-23-moulded-body-modules,BAG-RS-L9-031,line-9,rolling-stock,Baghdad six-car composite kits,4,11440,11536,,,
baghdad:BAG-RS-L9-032:rs-23-moulded-body-modules,BAG-RS-L9-032,line-9,rolling-stock,Baghdad six-car composite kits,10,11440,11536,,,
baghdad:BAG-RS-L9-033:rs-23-moulded-body-modules,BAG-RS-L9-033,line-9,rolling-stock,Baghdad six-car composite kits,11,11440,11536,,,
baghdad:BAG-SIG-155:wpt-20-install-commission,BAG-SIG-155,line-9,signalling-comms,wayside systems crew,1,10224,10256,,,
baghdad:BAG-RS-L8-049:rs-50-dynamic-commissioning,BAG-RS-L8-049,line-8,rolling-stock,Baghdad trainset acceptance bays,5,11448,11568,1,11456,11475
baghdad:BAG-RS-L8-050:rs-50-dynamic-commissioning,BAG-RS-L8-050,line-8,rolling-stock,Baghdad trainset acceptance bays,6,11448,11568,2,11456,11475
baghdad:BAG-RS-L9-022:rs-25-clip-on-body,BAG-RS-L9-022,line-9,rolling-stock,Baghdad six-car body installation,1,11448,11472,,,
baghdad:BAG-TRK-L9-021:trk-10-survey-utility,BAG-TRK-L9-021,line-9,track-section,corridor civil crew,2,11448,11456,,,
baghdad:BAG-RS-L8-073:rs-40-fitout-static-test,BAG-RS-L8-073,line-8,rolling-stock,Baghdad six-car fitout and static test,12,11456,11608,,,
baghdad:BAG-RS-L8-074:rs-40-fitout-static-test,BAG-RS-L8-074,line-8,rolling-stock,Baghdad six-car fitout and static test,14,11456,11608,,,
baghdad:BAG-RS-L9-002:rs-30-traction-battery-control,BAG-RS-L9-002,line-9,rolling-stock,Baghdad six-car electrical integration,12,11456,11648,,,
baghdad:BAG-RS-L9-003:rs-30-traction-battery-control,BAG-RS-L9-003,line-9,rolling-stock,Baghdad six-car electrical integration,13,11456,11648,,,
baghdad:BAG-RS-L9-023:rs-25-clip-on-body,BAG-RS-L9-023,line-9,rolling-stock,Baghdad six-car body installation,2,11456,11480,,,
baghdad:BAG-RS-L9-034:rs-23-moulded-body-modules,BAG-RS-L9-034,line-9,rolling-stock,Baghdad six-car composite kits,5,11456,11552,,,
baghdad:BAG-ST-171:st-10-civil-structure,BAG-ST-171,line-9,station,station civil crew,2,11288,11400,,,
baghdad:BAG-ST-172:st-10-civil-structure,BAG-ST-172,line-9,station,station civil crew,1,11344,11456,,,
baghdad:BAG-TRK-L9-021:trk-20-subgrade-drainage,BAG-TRK-L9-021,line-9,track-section,corridor civil crew,2,11456,11488,,,
baghdad:BAG-RS-L8-051:rs-50-dynamic-commissioning,BAG-RS-L8-051,line-8,rolling-stock,Baghdad trainset acceptance bays,7,11464,11584,0,11472,11491
baghdad:BAG-RS-L9-004:rs-30-traction-battery-control,BAG-RS-L9-004,line-9,rolling-stock,Baghdad six-car electrical integration,14,11464,11656,,,
baghdad:BAG-RS-L9-024:rs-25-clip-on-body,BAG-RS-L9-024,line-9,rolling-stock,Baghdad six-car body installation,3,11464,11488,,,
baghdad:BAG-EN-149:en-10-energy-build,BAG-EN-149,line-9,energy,energy crew,1,8920,9000,,,
baghdad:BAG-EN-150:en-10-energy-build,BAG-EN-150,line-9,energy,energy crew,2,8920,9000,,,
baghdad:BAG-RS-L8-052:rs-50-dynamic-commissioning,BAG-RS-L8-052,line-8,rolling-stock,Baghdad trainset acceptance bays,8,11472,11592,1,11480,11499
baghdad:BAG-RS-L8-075:rs-40-fitout-static-test,BAG-RS-L8-075,line-8,rolling-stock,Baghdad six-car fitout and static test,1,11472,11624,,,
baghdad:BAG-RS-L9-025:rs-25-clip-on-body,BAG-RS-L9-025,line-9,rolling-stock,Baghdad six-car body installation,1,11472,11496,,,
baghdad:BAG-RS-L9-035:rs-23-moulded-body-modules,BAG-RS-L9-035,line-9,rolling-stock,Baghdad six-car composite kits,1,11472,11568,,,
baghdad:BAG-RS-L9-036:rs-23-moulded-body-modules,BAG-RS-L9-036,line-9,rolling-stock,Baghdad six-car composite kits,6,11472,11568,,,
baghdad:BAG-RS-L9-037:rs-23-moulded-body-modules,BAG-RS-L9-037,line-9,rolling-stock,Baghdad six-car composite kits,7,11472,11568,,,
baghdad:BAG-SIG-156:wpt-20-install-commission,BAG-SIG-156,line-9,signalling-comms,wayside systems crew,1,10304,10336,,,
baghdad:BAG-ST-160:st-20-mep-passenger-systems,BAG-ST-160,line-9,station,station systems crew,2,10496,10576,,,
baghdad:BAG-ST-166:st-20-mep-passenger-systems,BAG-ST-166,line-9,station,station systems crew,1,10904,10984,,,
baghdad:BAG-RS-L8-076:rs-40-fitout-static-test,BAG-RS-L8-076,line-8,rolling-stock,Baghdad six-car fitout and static test,2,11480,11632,,,
baghdad:BAG-RS-L9-005:rs-30-traction-battery-control,BAG-RS-L9-005,line-9,rolling-stock,Baghdad six-car electrical integration,15,11480,11672,,,
baghdad:BAG-RS-L9-026:rs-25-clip-on-body,BAG-RS-L9-026,line-9,rolling-stock,Baghdad six-car body installation,2,11480,11504,,,
baghdad:BAG-RS-L8-053:rs-50-dynamic-commissioning,BAG-RS-L8-053,line-8,rolling-stock,Baghdad trainset acceptance bays,9,11488,11608,0,11496,11515
baghdad:BAG-RS-L8-054:rs-50-dynamic-commissioning,BAG-RS-L8-054,line-8,rolling-stock,Baghdad trainset acceptance bays,10,11488,11608,2,11496,11515
baghdad:BAG-RS-L8-077:rs-40-fitout-static-test,BAG-RS-L8-077,line-8,rolling-stock,Baghdad six-car fitout and static test,15,11488,11640,,,
baghdad:BAG-RS-L9-006:rs-30-traction-battery-control,BAG-RS-L9-006,line-9,rolling-stock,Baghdad six-car electrical integration,16,11488,11680,,,
baghdad:BAG-TRK-L9-023:trk-10-survey-utility,BAG-TRK-L9-023,line-9,track-section,corridor civil crew,2,11488,11504,,,
baghdad:BAG-RS-L8-055:rs-50-dynamic-commissioning,BAG-RS-L8-055,line-8,rolling-stock,Baghdad trainset acceptance bays,11,11496,11616,1,11504,11523
baghdad:BAG-RS-L8-078:rs-40-fitout-static-test,BAG-RS-L8-078,line-8,rolling-stock,Baghdad six-car fitout and static test,3,11496,11648,,,
baghdad:BAG-RS-L9-007:rs-30-traction-battery-control,BAG-RS-L9-007,line-9,rolling-stock,Baghdad six-car electrical integration,17,11496,11688,,,
baghdad:BAG-RS-L9-027:rs-25-clip-on-body,BAG-RS-L9-027,line-9,rolling-stock,Baghdad six-car body installation,1,11496,11520,,,
baghdad:BAG-RS-L9-028:rs-25-clip-on-body,BAG-RS-L9-028,line-9,rolling-stock,Baghdad six-car body installation,3,11496,11520,,,
baghdad:BAG-RS-L9-038:rs-23-moulded-body-modules,BAG-RS-L9-038,line-9,rolling-stock,Baghdad six-car composite kits,2,11496,11592,,,
baghdad:BAG-TRK-L9-022:trk-10-survey-utility,BAG-TRK-L9-022,line-9,track-section,corridor civil crew,1,11464,11480,,,
baghdad:BAG-RS-L9-008:rs-30-traction-battery-control,BAG-RS-L9-008,line-9,rolling-stock,Baghdad six-car electrical integration,18,11504,11696,,,
baghdad:BAG-RS-L9-029:rs-25-clip-on-body,BAG-RS-L9-029,line-9,rolling-stock,Baghdad six-car body installation,2,11504,11528,,,
baghdad:BAG-RS-L9-039:rs-23-moulded-body-modules,BAG-RS-L9-039,line-9,rolling-stock,Baghdad six-car composite kits,8,11504,11600,,,
baghdad:BAG-RS-L9-040:rs-23-moulded-body-modules,BAG-RS-L9-040,line-9,rolling-stock,Baghdad six-car composite kits,9,11504,11600,,,
baghdad:BAG-SIG-157:wpt-20-install-commission,BAG-SIG-157,line-9,signalling-comms,wayside systems crew,1,10432,10464,,,
baghdad:BAG-TRK-L9-023:trk-20-subgrade-drainage,BAG-TRK-L9-023,line-9,track-section,corridor civil crew,2,11504,11584,,,
baghdad:BAG-WPT-L9-001:wpt-10-cabinet-bench,BAG-WPT-L9-001,line-9,waypoint,wayside bench,3,2656,2680,,,
baghdad:BAG-RS-L8-056:rs-50-dynamic-commissioning,BAG-RS-L8-056,line-8,rolling-stock,Baghdad trainset acceptance bays,12,11512,11632,0,11520,11539
baghdad:BAG-RS-L8-079:rs-40-fitout-static-test,BAG-RS-L8-079,line-8,rolling-stock,Baghdad six-car fitout and static test,4,11512,11664,,,
baghdad:BAG-RS-L8-080:rs-40-fitout-static-test,BAG-RS-L8-080,line-8,rolling-stock,Baghdad six-car fitout and static test,5,11512,11664,,,
baghdad:BAG-RS-L9-009:rs-30-traction-battery-control,BAG-RS-L9-009,line-9,rolling-stock,Baghdad six-car electrical integration,19,11512,11704,,,
baghdad:BAG-RS-L9-041:rs-23-moulded-body-modules,BAG-RS-L9-041,line-9,rolling-stock,Baghdad six-car composite kits,3,11512,11608,,,
baghdad:BAG-TRK-L9-018:trk-30-trackform-rail,BAG-TRK-L9-018,line-9,track-section,track crew,2,11320,11448,,,
baghdad:BAG-TRK-L9-022:trk-20-subgrade-drainage,BAG-TRK-L9-022,line-9,track-section,corridor civil crew,1,11480,11560,,,
baghdad:BAG-RS-L8-057:rs-50-dynamic-commissioning,BAG-RS-L8-057,line-8,rolling-stock,Baghdad trainset acceptance bays,13,11520,11640,1,11528,11547
baghdad:BAG-RS-L8-081:rs-40-fitout-static-test,BAG-RS-L8-081,line-8,rolling-stock,Baghdad six-car fitout and static test,16,11520,11672,,,
baghdad:BAG-RS-L9-010:rs-30-traction-battery-control,BAG-RS-L9-010,line-9,rolling-stock,Baghdad six-car electrical integration,20,11520,11712,,,
baghdad:BAG-RS-L9-030:rs-25-clip-on-body,BAG-RS-L9-030,line-9,rolling-stock,Baghdad six-car body installation,1,11520,11544,,,
baghdad:BAG-RS-L9-011:rs-30-traction-battery-control,BAG-RS-L9-011,line-9,rolling-stock,Baghdad six-car electrical integration,21,11528,11720,,,
baghdad:BAG-WPT-L9-004:wpt-10-cabinet-bench,BAG-WPT-L9-004,line-9,waypoint,wayside bench,3,2680,2704,,,
baghdad:BAG-RS-L8-058:rs-50-dynamic-commissioning,BAG-RS-L8-058,line-8,rolling-stock,Baghdad trainset acceptance bays,1,11536,11656,0,11544,11563
baghdad:BAG-RS-L8-059:rs-50-dynamic-commissioning,BAG-RS-L8-059,line-8,rolling-stock,Baghdad trainset acceptance bays,2,11536,11656,2,11544,11563
baghdad:BAG-RS-L8-082:rs-40-fitout-static-test,BAG-RS-L8-082,line-8,rolling-stock,Baghdad six-car fitout and static test,6,11536,11688,,,
baghdad:BAG-RS-L9-031:rs-25-clip-on-body,BAG-RS-L9-031,line-9,rolling-stock,Baghdad six-car body installation,2,11536,11560,,,
baghdad:BAG-RS-L9-032:rs-25-clip-on-body,BAG-RS-L9-032,line-9,rolling-stock,Baghdad six-car body installation,3,11536,11560,,,
baghdad:BAG-RS-L9-042:rs-23-moulded-body-modules,BAG-RS-L9-042,line-9,rolling-stock,Baghdad six-car composite kits,4,11536,11632,,,
baghdad:BAG-RS-L9-043:rs-23-moulded-body-modules,BAG-RS-L9-043,line-9,rolling-stock,Baghdad six-car composite kits,10,11536,11632,,,
baghdad:BAG-RS-L9-044:rs-23-moulded-body-modules,BAG-RS-L9-044,line-9,rolling-stock,Baghdad six-car composite kits,11,11536,11632,,,
baghdad:BAG-SIG-158:wpt-20-install-commission,BAG-SIG-158,line-9,signalling-comms,wayside systems crew,1,10496,10528,,,
baghdad:BAG-RS-L8-060:rs-50-dynamic-commissioning,BAG-RS-L8-060,line-8,rolling-stock,Baghdad trainset acceptance bays,3,11544,11664,1,11552,11571
baghdad:BAG-RS-L9-033:rs-25-clip-on-body,BAG-RS-L9-033,line-9,rolling-stock,Baghdad six-car body installation,1,11544,11568,,,
baghdad:BAG-EN-149:en-20-energy-commission,BAG-EN-149,line-9,energy,energy crew,1,9000,9040,,,
baghdad:BAG-EN-150:en-20-energy-commission,BAG-EN-150,line-9,energy,energy crew,2,9000,9040,,,
baghdad:BAG-RS-L8-083:rs-40-fitout-static-test,BAG-RS-L8-083,line-8,rolling-stock,Baghdad six-car fitout and static test,7,11552,11704,,,
baghdad:BAG-RS-L8-084:rs-40-fitout-static-test,BAG-RS-L8-084,line-8,rolling-stock,Baghdad six-car fitout and static test,8,11552,11704,,,
baghdad:BAG-RS-L9-012:rs-30-traction-battery-control,BAG-RS-L9-012,line-9,rolling-stock,Baghdad six-car electrical integration,1,11552,11744,,,
baghdad:BAG-RS-L9-013:rs-30-traction-battery-control,BAG-RS-L9-013,line-9,rolling-stock,Baghdad six-car electrical integration,2,11552,11744,,,
baghdad:BAG-RS-L9-014:rs-30-traction-battery-control,BAG-RS-L9-014,line-9,rolling-stock,Baghdad six-car electrical integration,3,11552,11744,,,
baghdad:BAG-RS-L9-045:rs-23-moulded-body-modules,BAG-RS-L9-045,line-9,rolling-stock,Baghdad six-car composite kits,5,11552,11648,,,
baghdad:BAG-ST-162:st-20-mep-passenger-systems,BAG-ST-162,line-9,station,station systems crew,2,10632,10712,,,
baghdad:BAG-ST-167:st-20-mep-passenger-systems,BAG-ST-167,line-9,station,station systems crew,1,11024,11104,,,
baghdad:BAG-WPT-L9-007:wpt-10-cabinet-bench,BAG-WPT-L9-007,line-9,waypoint,wayside bench,3,2704,2728,,,
baghdad:BAG-RS-L8-061:rs-50-dynamic-commissioning,BAG-RS-L8-061,line-8,rolling-stock,Baghdad trainset acceptance bays,4,11560,11680,0,11568,11587
baghdad:BAG-RS-L8-085:rs-40-fitout-static-test,BAG-RS-L8-085,line-8,rolling-stock,Baghdad six-car fitout and static test,17,11560,11712,,,
baghdad:BAG-RS-L9-034:rs-25-clip-on-body,BAG-RS-L9-034,line-9,rolling-stock,Baghdad six-car body installation,2,11560,11584,,,
baghdad:BAG-RS-L8-062:rs-50-dynamic-commissioning,BAG-RS-L8-062,line-8,rolling-stock,Baghdad trainset acceptance bays,5,11568,11688,1,11576,11595
baghdad:BAG-RS-L8-063:rs-50-dynamic-commissioning,BAG-RS-L8-063,line-8,rolling-stock,Baghdad trainset acceptance bays,6,11568,11688,2,11576,11595
baghdad:BAG-RS-L9-035:rs-25-clip-on-body,BAG-RS-L9-035,line-9,rolling-stock,Baghdad six-car body installation,1,11568,11592,,,
baghdad:BAG-RS-L9-036:rs-25-clip-on-body,BAG-RS-L9-036,line-9,rolling-stock,Baghdad six-car body installation,3,11568,11592,,,
baghdad:BAG-RS-L9-046:rs-23-moulded-body-modules,BAG-RS-L9-046,line-9,rolling-stock,Baghdad six-car composite kits,1,11568,11664,,,
baghdad:BAG-RS-L9-047:rs-23-moulded-body-modules,BAG-RS-L9-047,line-9,rolling-stock,Baghdad six-car composite kits,6,11568,11664,,,
baghdad:BAG-SIG-159:wpt-20-install-commission,BAG-SIG-159,line-9,signalling-comms,wayside systems crew,1,10576,10608,,,
baghdad:BAG-ST-173:st-10-civil-structure,BAG-ST-173,line-9,station,station civil crew,1,11456,11568,,,
baghdad:BAG-ST-174:st-10-civil-structure,BAG-ST-174,line-9,station,station civil crew,2,11480,11592,,,
baghdad:BAG-TRK-L9-019:trk-30-trackform-rail,BAG-TRK-L9-019,line-9,track-section,track crew,1,11480,11656,,,
baghdad:BAG-RS-L8-086:rs-40-fitout-static-test,BAG-RS-L8-086,line-8,rolling-stock,Baghdad six-car fitout and static test,9,11576,11728,,,
baghdad:BAG-RS-L9-015:rs-30-traction-battery-control,BAG-RS-L9-015,line-9,rolling-stock,Baghdad six-car electrical integration,4,11576,11768,,,
baghdad:BAG-WPT-L9-010:wpt-10-cabinet-bench,BAG-WPT-L9-010,line-9,waypoint,wayside bench,3,2728,2752,,,
baghdad:BAG-RS-L8-064:rs-50-dynamic-commissioning,BAG-RS-L8-064,line-8,rolling-stock,Baghdad trainset acceptance bays,7,11584,11704,0,11592,11611
baghdad:BAG-RS-L8-087:rs-40-fitout-static-test,BAG-RS-L8-087,line-8,rolling-stock,Baghdad six-car fitout and static test,10,11584,11736,,,
baghdad:BAG-RS-L9-016:rs-30-traction-battery-control,BAG-RS-L9-016,line-9,rolling-stock,Baghdad six-car electrical integration,5,11584,11776,,,
baghdad:BAG-RS-L9-037:rs-25-clip-on-body,BAG-RS-L9-037,line-9,rolling-stock,Baghdad six-car body installation,2,11584,11608,,,
baghdad:BAG-TRK-L9-025:trk-10-survey-utility,BAG-TRK-L9-025,line-9,track-section,corridor civil crew,2,11584,11616,,,
baghdad:BAG-EN-151:en-10-energy-build,BAG-EN-151,line-9,energy,energy crew,1,9040,9120,,,
baghdad:BAG-EN-152:en-10-energy-build,BAG-EN-152,line-9,energy,energy crew,2,9040,9120,,,
baghdad:BAG-RS-L8-065:rs-50-dynamic-commissioning,BAG-RS-L8-065,line-8,rolling-stock,Baghdad trainset acceptance bays,8,11592,11712,1,11600,11619
baghdad:BAG-RS-L8-088:rs-40-fitout-static-test,BAG-RS-L8-088,line-8,rolling-stock,Baghdad six-car fitout and static test,11,11592,11744,,,
baghdad:BAG-RS-L9-017:rs-30-traction-battery-control,BAG-RS-L9-017,line-9,rolling-stock,Baghdad six-car electrical integration,6,11592,11784,,,
baghdad:BAG-RS-L9-038:rs-25-clip-on-body,BAG-RS-L9-038,line-9,rolling-stock,Baghdad six-car body installation,1,11592,11616,,,
baghdad:BAG-TRK-L9-024:trk-10-survey-utility,BAG-TRK-L9-024,line-9,track-section,corridor civil crew,1,11560,11576,,,
baghdad:BAG-RS-L8-089:rs-40-fitout-static-test,BAG-RS-L8-089,line-8,rolling-stock,Baghdad six-car fitout and static test,13,11600,11752,,,
baghdad:BAG-RS-L9-018:rs-30-traction-battery-control,BAG-RS-L9-018,line-9,rolling-stock,Baghdad six-car electrical integration,7,11600,11792,,,
baghdad:BAG-RS-L9-039:rs-25-clip-on-body,BAG-RS-L9-039,line-9,rolling-stock,Baghdad six-car body installation,3,11600,11624,,,
baghdad:BAG-SIG-153:wpt-20-install-commission,BAG-SIG-153,line-9,signalling-comms,wayside systems crew,2,10128,10160,,,
baghdad:BAG-WPT-L9-010:wpt-20-install-commission,BAG-WPT-L9-010,line-9,waypoint,wayside systems crew,1,10608,10640,,,
baghdad:BAG-RS-L8-066:rs-50-dynamic-commissioning,BAG-RS-L8-066,line-8,rolling-stock,Baghdad trainset acceptance bays,9,11608,11728,0,11616,11635
baghdad:BAG-RS-L8-067:rs-50-dynamic-commissioning,BAG-RS-L8-067,line-8,rolling-stock,Baghdad trainset acceptance bays,10,11608,11728,2,11616,11635
baghdad:BAG-RS-L8-090:rs-40-fitout-static-test,BAG-RS-L8-090,line-8,rolling-stock,Baghdad six-car fitout and static test,12,11608,11760,,,
baghdad:BAG-RS-L9-019:rs-30-traction-battery-control,BAG-RS-L9-019,line-9,rolling-stock,Baghdad six-car electrical integration,8,11608,11800,,,
baghdad:BAG-RS-L9-040:rs-25-clip-on-body,BAG-RS-L9-040,line-9,rolling-stock,Baghdad six-car body installation,2,11608,11632,,,
baghdad:BAG-TRK-L9-024:trk-20-subgrade-drainage,BAG-TRK-L9-024,line-9,track-section,corridor civil crew,1,11576,11656,,,
baghdad:BAG-WPT-L9-002:wpt-10-cabinet-bench,BAG-WPT-L9-002,line-9,waypoint,wayside bench,1,2680,2704,,,
baghdad:BAG-RS-L8-068:rs-50-dynamic-commissioning,BAG-RS-L8-068,line-8,rolling-stock,Baghdad trainset acceptance bays,11,11616,11736,1,11624,11643
baghdad:BAG-RS-L8-091:rs-40-fitout-static-test,BAG-RS-L8-091,line-8,rolling-stock,Baghdad six-car fitout and static test,14,11616,11768,,,
baghdad:BAG-RS-L9-020:rs-30-traction-battery-control,BAG-RS-L9-020,line-9,rolling-stock,Baghdad six-car electrical integration,9,11616,11808,,,
baghdad:BAG-RS-L9-041:rs-25-clip-on-body,BAG-RS-L9-041,line-9,rolling-stock,Baghdad six-car body installation,1,11616,11640,,,
baghdad:BAG-TRK-L9-025:trk-20-subgrade-drainage,BAG-TRK-L9-025,line-9,track-section,corridor civil crew,2,11616,11744,,,
baghdad:BAG-RS-L8-092:rs-40-fitout-static-test,BAG-RS-L8-092,line-8,rolling-stock,Baghdad six-car fitout and static test,1,11624,11776,,,
baghdad:BAG-RS-L9-021:rs-30-traction-battery-control,BAG-RS-L9-021,line-9,rolling-stock,Baghdad six-car electrical integration,10,11624,11816,,,
baghdad:BAG-RS-L8-069:rs-50-dynamic-commissioning,BAG-RS-L8-069,line-8,rolling-stock,Baghdad trainset acceptance bays,12,11632,11752,0,11640,11659
baghdad:BAG-RS-L9-001:rs-40-fitout-static-test,BAG-RS-L9-001,line-9,rolling-stock,Baghdad six-car fitout and static test,2,11632,11784,,,
baghdad:BAG-RS-L9-022:rs-30-traction-battery-control,BAG-RS-L9-022,line-9,rolling-stock,Baghdad six-car electrical integration,11,11632,11824,,,
baghdad:BAG-RS-L9-042:rs-25-clip-on-body,BAG-RS-L9-042,line-9,rolling-stock,Baghdad six-car body installation,2,11632,11656,,,
baghdad:BAG-RS-L9-043:rs-25-clip-on-body,BAG-RS-L9-043,line-9,rolling-stock,Baghdad six-car body installation,3,11632,11656,,,
baghdad:BAG-SIG-160:wpt-20-install-commission,BAG-SIG-160,line-9,signalling-comms,wayside systems crew,1,10640,10672,,,
baghdad:BAG-ST-164:st-20-mep-passenger-systems,BAG-ST-164,line-9,station,station systems crew,2,10824,10904,,,
baghdad:BAG-ST-168:st-20-mep-passenger-systems,BAG-ST-168,line-9,station,station systems crew,1,11152,11232,,,
baghdad:BAG-WPT-L9-002:wpt-20-install-commission,BAG-WPT-L9-002,line-9,waypoint,wayside systems crew,2,10160,10192,,,
baghdad:BAG-RS-L8-070:rs-50-dynamic-commissioning,BAG-RS-L8-070,line-8,rolling-stock,Baghdad trainset acceptance bays,13,11640,11760,1,11648,11667
baghdad:BAG-RS-L9-044:rs-25-clip-on-body,BAG-RS-L9-044,line-9,rolling-stock,Baghdad six-car body installation,1,11640,11664,,,
baghdad:BAG-TRK-L9-020:trk-30-trackform-rail,BAG-TRK-L9-020,line-9,track-section,track crew,2,11448,11552,,,
baghdad:BAG-WPT-L9-003:wpt-10-cabinet-bench,BAG-WPT-L9-003,line-9,waypoint,wayside bench,2,2680,2704,,,
baghdad:BAG-RS-L9-002:rs-40-fitout-static-test,BAG-RS-L9-002,line-9,rolling-stock,Baghdad six-car fitout and static test,3,11648,11800,,,
baghdad:BAG-RS-L9-003:rs-40-fitout-static-test,BAG-RS-L9-003,line-9,rolling-stock,Baghdad six-car fitout and static test,15,11648,11800,,,
baghdad:BAG-RS-L9-023:rs-30-traction-battery-control,BAG-RS-L9-023,line-9,rolling-stock,Baghdad six-car electrical integration,12,11648,11840,,,
baghdad:BAG-RS-L9-024:rs-30-traction-battery-control,BAG-RS-L9-024,line-9,rolling-stock,Baghdad six-car electrical integration,13,11648,11840,,,
baghdad:BAG-RS-L8-071:rs-50-dynamic-commissioning,BAG-RS-L8-071,line-8,rolling-stock,Baghdad trainset acceptance bays,1,11656,11776,0,11664,11683
baghdad:BAG-RS-L8-072:rs-50-dynamic-commissioning,BAG-RS-L8-072,line-8,rolling-stock,Baghdad trainset acceptance bays,2,11656,11776,2,11664,11683
baghdad:BAG-RS-L9-025:rs-30-traction-battery-control,BAG-RS-L9-025,line-9,rolling-stock,Baghdad six-car electrical integration,14,11656,11848,,,
baghdad:BAG-RS-L9-045:rs-25-clip-on-body,BAG-RS-L9-045,line-9,rolling-stock,Baghdad six-car body installation,2,11656,11680,,,
baghdad:BAG-RS-L8-073:rs-50-dynamic-commissioning,BAG-RS-L8-073,line-8,rolling-stock,Baghdad trainset acceptance bays,3,11664,11784,1,11672,11691
baghdad:BAG-RS-L9-004:rs-40-fitout-static-test,BAG-RS-L9-004,line-9,rolling-stock,Baghdad six-car fitout and static test,4,11664,11816,,,
baghdad:BAG-RS-L9-046:rs-25-clip-on-body,BAG-RS-L9-046,line-9,rolling-stock,Baghdad six-car body installation,1,11664,11688,,,
baghdad:BAG-RS-L9-047:rs-25-clip-on-body,BAG-RS-L9-047,line-9,rolling-stock,Baghdad six-car body installation,3,11664,11688,,,
baghdad:BAG-SIG-163:wpt-20-install-commission,BAG-SIG-163,line-9,signalling-comms,wayside systems crew,1,10784,10816,,,
baghdad:BAG-WPT-L9-003:wpt-20-install-commission,BAG-WPT-L9-003,line-9,waypoint,wayside systems crew,2,10224,10256,,,
baghdad:BAG-EN-151:en-20-energy-commission,BAG-EN-151,line-9,energy,energy crew,1,9120,9160,,,
baghdad:BAG-EN-152:en-20-energy-commission,BAG-EN-152,line-9,energy,energy crew,2,9120,9160,,,
baghdad:BAG-RS-L9-005:rs-40-fitout-static-test,BAG-RS-L9-005,line-9,rolling-stock,Baghdad six-car fitout and static test,5,11672,11824,,,
baghdad:BAG-RS-L9-026:rs-30-traction-battery-control,BAG-RS-L9-026,line-9,rolling-stock,Baghdad six-car electrical integration,15,11672,11864,,,
baghdad:BAG-RS-L8-074:rs-50-dynamic-commissioning,BAG-RS-L8-074,line-8,rolling-stock,Baghdad trainset acceptance bays,4,11680,11800,0,11688,11707
baghdad:BAG-RS-L9-006:rs-40-fitout-static-test,BAG-RS-L9-006,line-9,rolling-stock,Baghdad six-car fitout and static test,16,11680,11832,,,
baghdad:BAG-RS-L9-027:rs-30-traction-battery-control,BAG-RS-L9-027,line-9,rolling-stock,Baghdad six-car electrical integration,16,11680,11872,,,
baghdad:BAG-ST-175:st-10-civil-structure,BAG-ST-175,line-9,station,station civil crew,1,11568,11680,,,
baghdad:BAG-ST-176:st-10-civil-structure,BAG-ST-176,line-9,station,station civil crew,2,11592,11704,,,
baghdad:BAG-RS-L8-075:rs-50-dynamic-commissioning,BAG-RS-L8-075,line-8,rolling-stock,Baghdad trainset acceptance bays,5,11688,11808,1,11696,11715
baghdad:BAG-RS-L8-076:rs-50-dynamic-commissioning,BAG-RS-L8-076,line-8,rolling-stock,Baghdad trainset acceptance bays,6,11688,11808,2,11696,11715
baghdad:BAG-RS-L9-007:rs-40-fitout-static-test,BAG-RS-L9-007,line-9,rolling-stock,Baghdad six-car fitout and static test,6,11688,11840,,,
baghdad:BAG-RS-L9-028:rs-30-traction-battery-control,BAG-RS-L9-028,line-9,rolling-stock,Baghdad six-car electrical integration,17,11688,11880,,,
baghdad:BAG-TRK-L9-026:trk-10-survey-utility,BAG-TRK-L9-026,line-9,track-section,corridor civil crew,1,11656,11688,,,
baghdad:BAG-RS-L9-029:rs-30-traction-battery-control,BAG-RS-L9-029,line-9,rolling-stock,Baghdad six-car electrical integration,18,11696,11888,,,
baghdad:BAG-SIG-161:wpt-20-install-commission,BAG-SIG-161,line-9,signalling-comms,wayside systems crew,1,10824,10856,,,
baghdad:BAG-WPT-L9-004:wpt-20-install-commission,BAG-WPT-L9-004,line-9,waypoint,wayside systems crew,2,10304,10336,,,
baghdad:BAG-RS-L8-077:rs-50-dynamic-commissioning,BAG-RS-L8-077,line-8,rolling-stock,Baghdad trainset acceptance bays,7,11704,11824,0,11712,11731
baghdad:BAG-RS-L9-008:rs-40-fitout-static-test,BAG-RS-L9-008,line-9,rolling-stock,Baghdad six-car fitout and static test,7,11704,11856,,,
baghdad:BAG-RS-L9-009:rs-40-fitout-static-test,BAG-RS-L9-009,line-9,rolling-stock,Baghdad six-car fitout and static test,8,11704,11856,,,
baghdad:BAG-RS-L9-030:rs-30-traction-battery-control,BAG-RS-L9-030,line-9,rolling-stock,Baghdad six-car electrical integration,19,11704,11896,,,
baghdad:BAG-WPT-L9-005:wpt-10-cabinet-bench,BAG-WPT-L9-005,line-9,waypoint,wayside bench,1,2704,2728,,,
baghdad:BAG-WPT-L9-013:wpt-10-cabinet-bench,BAG-WPT-L9-013,line-9,waypoint,wayside bench,3,2752,2776,,,
baghdad:BAG-EN-153:en-10-energy-build,BAG-EN-153,line-9,energy,energy crew,1,9160,9240,,,
baghdad:BAG-EN-154:en-10-energy-build,BAG-EN-154,line-9,energy,energy crew,2,9160,9240,,,
baghdad:BAG-RS-L8-078:rs-50-dynamic-commissioning,BAG-RS-L8-078,line-8,rolling-stock,Baghdad trainset acceptance bays,8,11712,11832,1,11720,11739
baghdad:BAG-RS-L9-010:rs-40-fitout-static-test,BAG-RS-L9-010,line-9,rolling-stock,Baghdad six-car fitout and static test,17,11712,11864,,,
baghdad:BAG-RS-L9-031:rs-30-traction-battery-control,BAG-RS-L9-031,line-9,rolling-stock,Baghdad six-car electrical integration,20,11712,11904,,,
baghdad:BAG-ST-169:st-20-mep-passenger-systems,BAG-ST-169,line-9,station,station systems crew,2,11160,11240,,,
baghdad:BAG-ST-170:st-20-mep-passenger-systems,BAG-ST-170,line-9,station,station systems crew,1,11304,11384,,,
baghdad:BAG-RS-L9-032:rs-30-traction-battery-control,BAG-RS-L9-032,line-9,rolling-stock,Baghdad six-car electrical integration,21,11720,11912,,,
baghdad:BAG-TRK-L9-026:trk-20-subgrade-drainage,BAG-TRK-L9-026,line-9,track-section,corridor civil crew,1,11688,11816,,,
baghdad:BAG-WPT-L9-006:wpt-10-cabinet-bench,BAG-WPT-L9-006,line-9,waypoint,wayside bench,2,2704,2728,,,
baghdad:BAG-RS-L8-079:rs-50-dynamic-commissioning,BAG-RS-L8-079,line-8,rolling-stock,Baghdad trainset acceptance bays,9,11728,11848,0,11736,11755
baghdad:BAG-RS-L8-080:rs-50-dynamic-commissioning,BAG-RS-L8-080,line-8,rolling-stock,Baghdad trainset acceptance bays,10,11728,11848,2,11736,11755
baghdad:BAG-RS-L9-011:rs-40-fitout-static-test,BAG-RS-L9-011,line-9,rolling-stock,Baghdad six-car fitout and static test,9,11728,11880,,,
baghdad:BAG-WPT-L9-005:wpt-20-install-commission,BAG-WPT-L9-005,line-9,waypoint,wayside systems crew,2,10432,10464,,,
baghdad:BAG-WPT-L9-013:wpt-20-install-commission,BAG-WPT-L9-013,line-9,waypoint,wayside systems crew,1,10856,10888,,,
baghdad:BAG-RS-L8-081:rs-50-dynamic-commissioning,BAG-RS-L8-081,line-8,rolling-stock,Baghdad trainset acceptance bays,11,11736,11856,1,11744,11763
baghdad:BAG-RS-L9-012:rs-40-fitout-static-test,BAG-RS-L9-012,line-9,rolling-stock,Baghdad six-car fitout and static test,10,11744,11896,,,
baghdad:BAG-RS-L9-013:rs-40-fitout-static-test,BAG-RS-L9-013,line-9,rolling-stock,Baghdad six-car fitout and static test,11,11744,11896,,,
baghdad:BAG-RS-L9-033:rs-30-traction-battery-control,BAG-RS-L9-033,line-9,rolling-stock,Baghdad six-car electrical integration,1,11744,11936,,,
baghdad:BAG-RS-L9-034:rs-30-traction-battery-control,BAG-RS-L9-034,line-9,rolling-stock,Baghdad six-car electrical integration,2,11744,11936,,,
baghdad:BAG-RS-L9-035:rs-30-traction-battery-control,BAG-RS-L9-035,line-9,rolling-stock,Baghdad six-car electrical integration,3,11744,11936,,,
baghdad:BAG-TRK-L9-021:trk-30-trackform-rail,BAG-TRK-L9-021,line-9,track-section,track crew,2,11552,11584,,,
baghdad:BAG-TRK-L9-023:trk-30-trackform-rail,BAG-TRK-L9-023,line-9,track-section,track crew,1,11656,11736,,,
baghdad:BAG-TRK-L9-027:trk-10-survey-utility,BAG-TRK-L9-027,line-9,track-section,corridor civil crew,2,11744,11760,,,
baghdad:BAG-WPT-L9-009:wpt-10-cabinet-bench,BAG-WPT-L9-009,line-9,waypoint,wayside bench,2,2728,2752,,,
baghdad:BAG-RS-L8-082:rs-50-dynamic-commissioning,BAG-RS-L8-082,line-8,rolling-stock,Baghdad trainset acceptance bays,12,11752,11872,0,11760,11779
baghdad:BAG-RS-L9-014:rs-40-fitout-static-test,BAG-RS-L9-014,line-9,rolling-stock,Baghdad six-car fitout and static test,13,11752,11904,,,
baghdad:BAG-RS-L8-083:rs-50-dynamic-commissioning,BAG-RS-L8-083,line-8,rolling-stock,Baghdad trainset acceptance bays,13,11760,11880,1,11768,11787
baghdad:BAG-SIG-167:wpt-20-install-commission,BAG-SIG-167,line-9,signalling-comms,wayside systems crew,1,11072,11104,,,
baghdad:BAG-TRK-L9-027:trk-20-subgrade-drainage,BAG-TRK-L9-027,line-9,track-section,corridor civil crew,2,11760,11840,,,
baghdad:BAG-WPT-L9-006:wpt-20-install-commission,BAG-WPT-L9-006,line-9,waypoint,wayside systems crew,2,10496,10528,,,
baghdad:BAG-RS-L9-015:rs-40-fitout-static-test,BAG-RS-L9-015,line-9,rolling-stock,Baghdad six-car fitout and static test,12,11768,11920,,,
baghdad:BAG-RS-L9-036:rs-30-traction-battery-control,BAG-RS-L9-036,line-9,rolling-stock,Baghdad six-car electrical integration,4,11768,11960,,,
baghdad:BAG-WPT-L9-012:wpt-10-cabinet-bench,BAG-WPT-L9-012,line-9,waypoint,wayside bench,2,2752,2776,,,
baghdad:BAG-RS-L8-084:rs-50-dynamic-commissioning,BAG-RS-L8-084,line-8,rolling-stock,Baghdad trainset acceptance bays,1,11776,11896,0,11784,11803
baghdad:BAG-RS-L8-085:rs-50-dynamic-commissioning,BAG-RS-L8-085,line-8,rolling-stock,Baghdad trainset acceptance bays,2,11776,11896,2,11784,11803
baghdad:BAG-RS-L9-016:rs-40-fitout-static-test,BAG-RS-L9-016,line-9,rolling-stock,Baghdad six-car fitout and static test,1,11776,11928,,,
baghdad:BAG-RS-L9-037:rs-30-traction-battery-control,BAG-RS-L9-037,line-9,rolling-stock,Baghdad six-car electrical integration,5,11776,11968,,,
baghdad:BAG-TRK-L9-022:trk-30-trackform-rail,BAG-TRK-L9-022,line-9,track-section,track crew,2,11584,11664,,,
baghdad:BAG-RS-L8-086:rs-50-dynamic-commissioning,BAG-RS-L8-086,line-8,rolling-stock,Baghdad trainset acceptance bays,3,11784,11904,1,11792,11811
baghdad:BAG-RS-L9-017:rs-40-fitout-static-test,BAG-RS-L9-017,line-9,rolling-stock,Baghdad six-car fitout and static test,2,11784,11936,,,
baghdad:BAG-RS-L9-038:rs-30-traction-battery-control,BAG-RS-L9-038,line-9,rolling-stock,Baghdad six-car electrical integration,6,11784,11976,,,
baghdad:BAG-EN-153:en-20-energy-commission,BAG-EN-153,line-9,energy,energy crew,1,9240,9280,,,
baghdad:BAG-EN-154:en-20-energy-commission,BAG-EN-154,line-9,energy,energy crew,2,9240,9280,,,
baghdad:BAG-RS-L9-018:rs-40-fitout-static-test,BAG-RS-L9-018,line-9,rolling-stock,Baghdad six-car fitout and static test,14,11792,11944,,,
baghdad:BAG-RS-L9-039:rs-30-traction-battery-control,BAG-RS-L9-039,line-9,rolling-stock,Baghdad six-car electrical integration,7,11792,11984,,,
baghdad:BAG-ST-171:st-20-mep-passenger-systems,BAG-ST-171,line-9,station,station systems crew,1,11400,11480,,,
baghdad:BAG-ST-172:st-20-mep-passenger-systems,BAG-ST-172,line-9,station,station systems crew,2,11456,11536,,,
baghdad:BAG-ST-177:st-10-civil-structure,BAG-ST-177,line-9,station,station civil crew,1,11680,11792,,,
baghdad:BAG-ST-178:st-10-civil-structure,BAG-ST-178,line-9,station,station civil crew,2,11704,11816,,,
baghdad:BAG-WPT-L9-007:wpt-20-install-commission,BAG-WPT-L9-007,line-9,waypoint,wayside systems crew,2,10576,10608,,,
baghdad:BAG-WPT-L9-012:wpt-20-install-commission,BAG-WPT-L9-012,line-9,waypoint,wayside systems crew,1,11104,11136,,,
baghdad:BAG-RS-L8-087:rs-50-dynamic-commissioning,BAG-RS-L8-087,line-8,rolling-stock,Baghdad trainset acceptance bays,4,11800,11920,0,11808,11827
baghdad:BAG-RS-L9-019:rs-40-fitout-static-test,BAG-RS-L9-019,line-9,rolling-stock,Baghdad six-car fitout and static test,3,11800,11952,,,
baghdad:BAG-RS-L9-040:rs-30-traction-battery-control,BAG-RS-L9-040,line-9,rolling-stock,Baghdad six-car electrical integration,8,11800,11992,,,
baghdad:BAG-WPT-L9-008:wpt-10-cabinet-bench,BAG-WPT-L9-008,line-9,waypoint,wayside bench,1,2728,2752,,,
baghdad:BAG-RS-L8-088:rs-50-dynamic-commissioning,BAG-RS-L8-088,line-8,rolling-stock,Baghdad trainset acceptance bays,5,11808,11928,1,11816,11835
baghdad:BAG-RS-L8-089:rs-50-dynamic-commissioning,BAG-RS-L8-089,line-8,rolling-stock,Baghdad trainset acceptance bays,6,11808,11928,2,11816,11835
baghdad:BAG-RS-L9-020:rs-40-fitout-static-test,BAG-RS-L9-020,line-9,rolling-stock,Baghdad six-car fitout and static test,15,11808,11960,,,
baghdad:BAG-RS-L9-041:rs-30-traction-battery-control,BAG-RS-L9-041,line-9,rolling-stock,Baghdad six-car electrical integration,9,11808,12000,,,
baghdad:BAG-RS-L9-021:rs-40-fitout-static-test,BAG-RS-L9-021,line-9,rolling-stock,Baghdad six-car fitout and static test,4,11816,11968,,,
baghdad:BAG-RS-L9-042:rs-30-traction-battery-control,BAG-RS-L9-042,line-9,rolling-stock,Baghdad six-car electrical integration,10,11816,12008,,,
baghdad:BAG-RS-L8-090:rs-50-dynamic-commissioning,BAG-RS-L8-090,line-8,rolling-stock,Baghdad trainset acceptance bays,7,11824,11944,0,11832,11851
baghdad:BAG-RS-L9-022:rs-40-fitout-static-test,BAG-RS-L9-022,line-9,rolling-stock,Baghdad six-car fitout and static test,5,11824,11976,,,
baghdad:BAG-RS-L9-043:rs-30-traction-battery-control,BAG-RS-L9-043,line-9,rolling-stock,Baghdad six-car electrical integration,11,11824,12016,,,
baghdad:BAG-SIG-169:wpt-20-install-commission,BAG-SIG-169,line-9,signalling-comms,wayside systems crew,1,11272,11304,,,
baghdad:BAG-TRK-L9-025:trk-30-trackform-rail,BAG-TRK-L9-025,line-9,track-section,track crew,1,11744,11872,,,
baghdad:BAG-WPT-L9-008:wpt-20-install-commission,BAG-WPT-L9-008,line-9,waypoint,wayside systems crew,2,10640,10672,,,
baghdad:BAG-EN-155:en-10-energy-build,BAG-EN-155,line-9,energy,energy crew,1,9280,9360,,,
baghdad:BAG-EN-156:en-10-energy-build,BAG-EN-156,line-9,energy,energy crew,2,9280,9360,,,
baghdad:BAG-RS-L8-091:rs-50-dynamic-commissioning,BAG-RS-L8-091,line-8,rolling-stock,Baghdad trainset acceptance bays,8,11832,11952,1,11840,11859
baghdad:BAG-WPT-L9-011:wpt-10-cabinet-bench,BAG-WPT-L9-011,line-9,waypoint,wayside bench,1,2752,2776,,,
baghdad:BAG-RS-L9-023:rs-40-fitout-static-test,BAG-RS-L9-023,line-9,rolling-stock,Baghdad six-car fitout and static test,6,11840,11992,,,
baghdad:BAG-RS-L9-024:rs-40-fitout-static-test,BAG-RS-L9-024,line-9,rolling-stock,Baghdad six-car fitout and static test,16,11840,11992,,,
baghdad:BAG-RS-L9-044:rs-30-traction-battery-control,BAG-RS-L9-044,line-9,rolling-stock,Baghdad six-car electrical integration,12,11840,12032,,,
baghdad:BAG-RS-L9-045:rs-30-traction-battery-control,BAG-RS-L9-045,line-9,rolling-stock,Baghdad six-car electrical integration,13,11840,12032,,,
baghdad:BAG-TRK-L9-029:trk-10-survey-utility,BAG-TRK-L9-029,line-9,track-section,corridor civil crew,2,11840,11864,,,
baghdad:BAG-RS-L8-092:rs-50-dynamic-commissioning,BAG-RS-L8-092,line-8,rolling-stock,Baghdad trainset acceptance bays,9,11848,11968,0,11856,11875
baghdad:BAG-RS-L9-001:rs-50-dynamic-commissioning,BAG-RS-L9-001,line-9,rolling-stock,Baghdad trainset acceptance bays,10,11848,11968,2,11856,11875
baghdad:BAG-RS-L9-046:rs-30-traction-battery-control,BAG-RS-L9-046,line-9,rolling-stock,Baghdad six-car electrical integration,14,11848,12040,,,
baghdad:BAG-TRK-L9-028:trk-10-survey-utility,BAG-TRK-L9-028,line-9,track-section,corridor civil crew,1,11816,11832,,,
baghdad:BAG-RS-L9-002:rs-50-dynamic-commissioning,BAG-RS-L9-002,line-9,rolling-stock,Baghdad trainset acceptance bays,11,11856,11976,1,11864,11883
baghdad:BAG-RS-L9-025:rs-40-fitout-static-test,BAG-RS-L9-025,line-9,rolling-stock,Baghdad six-car fitout and static test,7,11856,12008,,,
baghdad:BAG-SIG-166:wpt-20-install-commission,BAG-SIG-166,line-9,signalling-comms,wayside systems crew,1,11320,11352,,,
baghdad:BAG-TRK-L9-024:trk-30-trackform-rail,BAG-TRK-L9-024,line-9,track-section,track crew,2,11664,11744,,,
baghdad:BAG-WPT-L9-011:wpt-20-install-commission,BAG-WPT-L9-011,line-9,waypoint,wayside systems crew,2,10784,10816,,,
baghdad:BAG-RS-L9-026:rs-40-fitout-static-test,BAG-RS-L9-026,line-9,rolling-stock,Baghdad six-car fitout and static test,8,11864,12016,,,
baghdad:BAG-RS-L9-047:rs-30-traction-battery-control,BAG-RS-L9-047,line-9,rolling-stock,Baghdad six-car electrical integration,15,11864,12056,,,
baghdad:BAG-TRK-L9-028:trk-20-subgrade-drainage,BAG-TRK-L9-028,line-9,track-section,corridor civil crew,1,11832,11912,,,
baghdad:BAG-TRK-L9-029:trk-20-subgrade-drainage,BAG-TRK-L9-029,line-9,track-section,corridor civil crew,2,11864,11952,,,
baghdad:BAG-RS-L9-003:rs-50-dynamic-commissioning,BAG-RS-L9-003,line-9,rolling-stock,Baghdad trainset acceptance bays,12,11872,11992,0,11880,11899
baghdad:BAG-RS-L9-027:rs-40-fitout-static-test,BAG-RS-L9-027,line-9,rolling-stock,Baghdad six-car fitout and static test,17,11872,12024,,,
baghdad:BAG-ST-173:st-20-mep-passenger-systems,BAG-ST-173,line-9,station,station systems crew,1,11568,11648,,,
baghdad:BAG-ST-174:st-20-mep-passenger-systems,BAG-ST-174,line-9,station,station systems crew,2,11592,11672,,,
baghdad:BAG-RS-L9-004:rs-50-dynamic-commissioning,BAG-RS-L9-004,line-9,rolling-stock,Baghdad trainset acceptance bays,13,11880,12000,1,11888,11907
baghdad:BAG-RS-L9-028:rs-40-fitout-static-test,BAG-RS-L9-028,line-9,rolling-stock,Baghdad six-car fitout and static test,9,11880,12032,,,
baghdad:BAG-SIG-165:wpt-20-install-commission,BAG-SIG-165,line-9,signalling-comms,wayside systems crew,2,10824,10856,,,
baghdad:BAG-SIG-170:wpt-20-install-commission,BAG-SIG-170,line-9,signalling-comms,wayside systems crew,1,11448,11480,,,
baghdad:BAG-RS-L9-005:rs-50-dynamic-commissioning,BAG-RS-L9-005,line-9,rolling-stock,Baghdad trainset acceptance bays,1,11896,12016,0,11904,11923
baghdad:BAG-RS-L9-006:rs-50-dynamic-commissioning,BAG-RS-L9-006,line-9,rolling-stock,Baghdad trainset acceptance bays,2,11896,12016,2,11904,11923
baghdad:BAG-RS-L9-029:rs-40-fitout-static-test,BAG-RS-L9-029,line-9,rolling-stock,Baghdad six-car fitout and static test,10,11896,12048,,,
baghdad:BAG-RS-L9-030:rs-40-fitout-static-test,BAG-RS-L9-030,line-9,rolling-stock,Baghdad six-car fitout and static test,11,11896,12048,,,
baghdad:BAG-WPT-L9-015:wpt-10-cabinet-bench,BAG-WPT-L9-015,line-9,waypoint,wayside bench,2,2776,2800,,,
baghdad:BAG-RS-L9-007:rs-50-dynamic-commissioning,BAG-RS-L9-007,line-9,rolling-stock,Baghdad trainset acceptance bays,3,11904,12024,1,11912,11931
baghdad:BAG-RS-L9-031:rs-40-fitout-static-test,BAG-RS-L9-031,line-9,rolling-stock,Baghdad six-car fitout and static test,13,11904,12056,,,
baghdad:BAG-ST-179:st-10-civil-structure,BAG-ST-179,line-9,station,station civil crew,1,11792,11904,,,
baghdad:BAG-ST-180:st-10-civil-structure,BAG-ST-180,line-9,station,station civil crew,2,11832,11944,,,
baghdad:BAG-WPT-L9-014:wpt-10-cabinet-bench,BAG-WPT-L9-014,line-9,waypoint,wayside bench,1,2776,2800,,,
baghdad:BAG-EN-155:en-20-energy-commission,BAG-EN-155,line-9,energy,energy crew,1,9360,9400,,,
baghdad:BAG-EN-156:en-20-energy-commission,BAG-EN-156,line-9,energy,energy crew,2,9360,9400,,,
baghdad:BAG-RS-L9-008:rs-50-dynamic-commissioning,BAG-RS-L9-008,line-9,rolling-stock,Baghdad trainset acceptance bays,4,11920,12040,0,11928,11947
baghdad:BAG-RS-L9-032:rs-40-fitout-static-test,BAG-RS-L9-032,line-9,rolling-stock,Baghdad six-car fitout and static test,12,11920,12072,,,
baghdad:BAG-SIG-168:wpt-20-install-commission,BAG-SIG-168,line-9,signalling-comms,wayside systems crew,1,11480,11512,,,
baghdad:BAG-WPT-L9-015:wpt-20-install-commission,BAG-WPT-L9-015,line-9,waypoint,wayside systems crew,2,11072,11104,,,
baghdad:BAG-RS-L9-009:rs-50-dynamic-commissioning,BAG-RS-L9-009,line-9,rolling-stock,Baghdad trainset acceptance bays,5,11928,12048,1,11936,11955
baghdad:BAG-RS-L9-010:rs-50-dynamic-commissioning,BAG-RS-L9-010,line-9,rolling-stock,Baghdad trainset acceptance bays,6,11928,12048,2,11936,11955
baghdad:BAG-WPT-L9-017:wpt-10-cabinet-bench,BAG-WPT-L9-017,line-9,waypoint,wayside bench,1,2800,2824,,,
baghdad:BAG-RS-L9-033:rs-40-fitout-static-test,BAG-RS-L9-033,line-9,rolling-stock,Baghdad six-car fitout and static test,1,11936,12088,,,
baghdad:BAG-RS-L9-034:rs-40-fitout-static-test,BAG-RS-L9-034,line-9,rolling-stock,Baghdad six-car fitout and static test,2,11936,12088,,,
baghdad:BAG-TRK-L9-026:trk-30-trackform-rail,BAG-TRK-L9-026,line-9,track-section,track crew,2,11816,11944,,,
baghdad:BAG-RS-L9-011:rs-50-dynamic-commissioning,BAG-RS-L9-011,line-9,rolling-stock,Baghdad trainset acceptance bays,7,11944,12064,0,11952,11971
baghdad:BAG-RS-L9-035:rs-40-fitout-static-test,BAG-RS-L9-035,line-9,rolling-stock,Baghdad six-car fitout and static test,14,11944,12096,,,
baghdad:BAG-TRK-L9-030:trk-10-survey-utility,BAG-TRK-L9-030,line-9,track-section,corridor civil crew,1,11912,11944,,,
baghdad:BAG-EN-157:en-10-energy-build,BAG-EN-157,line-9,energy,energy crew,1,9400,9480,,,
baghdad:BAG-EN-158:en-10-energy-build,BAG-EN-158,line-9,energy,energy crew,2,9400,9480,,,
baghdad:BAG-RS-L9-012:rs-50-dynamic-commissioning,BAG-RS-L9-012,line-9,rolling-stock,Baghdad trainset acceptance bays,8,11952,12072,1,11960,11979
baghdad:BAG-SIG-172:wpt-20-install-commission,BAG-SIG-172,line-9,signalling-comms,wayside systems crew,1,11552,11584,,,
baghdad:BAG-ST-175:st-20-mep-passenger-systems,BAG-ST-175,line-9,station,station systems crew,1,11680,11760,,,
baghdad:BAG-ST-176:st-20-mep-passenger-systems,BAG-ST-176,line-9,station,station systems crew,2,11704,11784,,,
baghdad:BAG-TRK-L9-027:trk-30-trackform-rail,BAG-TRK-L9-027,line-9,track-section,track crew,1,11872,11952,,,
baghdad:BAG-TRK-L9-031:trk-10-survey-utility,BAG-TRK-L9-031,line-9,track-section,corridor civil crew,2,11952,11968,,,
baghdad:BAG-WPT-L9-017:wpt-20-install-commission,BAG-WPT-L9-017,line-9,waypoint,wayside systems crew,2,11272,11304,,,
baghdad:BAG-RS-L9-036:rs-40-fitout-static-test,BAG-RS-L9-036,line-9,rolling-stock,Baghdad six-car fitout and static test,3,11960,12112,,,
baghdad:BAG-RS-L9-013:rs-50-dynamic-commissioning,BAG-RS-L9-013,line-9,rolling-stock,Baghdad trainset acceptance bays,9,11968,12088,0,11976,11995
baghdad:BAG-RS-L9-014:rs-50-dynamic-commissioning,BAG-RS-L9-014,line-9,rolling-stock,Baghdad trainset acceptance bays,10,11968,12088,2,11976,11995
baghdad:BAG-RS-L9-037:rs-40-fitout-static-test,BAG-RS-L9-037,line-9,rolling-stock,Baghdad six-car fitout and static test,4,11968,12120,,,
baghdad:BAG-TRK-L9-031:trk-20-subgrade-drainage,BAG-TRK-L9-031,line-9,track-section,corridor civil crew,2,11968,12024,,,
baghdad:BAG-RS-L9-015:rs-50-dynamic-commissioning,BAG-RS-L9-015,line-9,rolling-stock,Baghdad trainset acceptance bays,11,11976,12096,1,11984,12003
baghdad:BAG-RS-L9-038:rs-40-fitout-static-test,BAG-RS-L9-038,line-9,rolling-stock,Baghdad six-car fitout and static test,5,11976,12128,,,
baghdad:BAG-TRK-L9-030:trk-20-subgrade-drainage,BAG-TRK-L9-030,line-9,track-section,corridor civil crew,1,11944,12072,,,
baghdad:BAG-WPT-L9-016:wpt-10-cabinet-bench,BAG-WPT-L9-016,line-9,waypoint,wayside bench,3,2776,2800,,,
baghdad:BAG-RS-L9-039:rs-40-fitout-static-test,BAG-RS-L9-039,line-9,rolling-stock,Baghdad six-car fitout and static test,15,11984,12136,,,
baghdad:BAG-SIG-173:wpt-20-install-commission,BAG-SIG-173,line-9,signalling-comms,wayside systems crew,1,11584,11616,,,
baghdad:BAG-WPT-L9-014:wpt-20-install-commission,BAG-WPT-L9-014,line-9,waypoint,wayside systems crew,2,11320,11352,,,
baghdad:BAG-RS-L9-016:rs-50-dynamic-commissioning,BAG-RS-L9-016,line-9,rolling-stock,Baghdad trainset acceptance bays,12,11992,12112,0,12000,12019
baghdad:BAG-RS-L9-040:rs-40-fitout-static-test,BAG-RS-L9-040,line-9,rolling-stock,Baghdad six-car fitout and static test,6,11992,12144,,,
baghdad:BAG-WPT-L9-018:wpt-10-cabinet-bench,BAG-WPT-L9-018,line-9,waypoint,wayside bench,2,2800,2824,,,
baghdad:BAG-RS-L9-017:rs-50-dynamic-commissioning,BAG-RS-L9-017,line-9,rolling-stock,Baghdad trainset acceptance bays,13,12000,12120,1,12008,12027
baghdad:BAG-RS-L9-041:rs-40-fitout-static-test,BAG-RS-L9-041,line-9,rolling-stock,Baghdad six-car fitout and static test,16,12000,12152,,,
baghdad:BAG-WPT-L9-019:wpt-10-cabinet-bench,BAG-WPT-L9-019,line-9,waypoint,wayside bench,3,2800,2824,,,
baghdad:BAG-RS-L9-042:rs-40-fitout-static-test,BAG-RS-L9-042,line-9,rolling-stock,Baghdad six-car fitout and static test,7,12008,12160,,,
baghdad:BAG-RS-L9-018:rs-50-dynamic-commissioning,BAG-RS-L9-018,line-9,rolling-stock,Baghdad trainset acceptance bays,1,12016,12136,0,12024,12043
baghdad:BAG-RS-L9-019:rs-50-dynamic-commissioning,BAG-RS-L9-019,line-9,rolling-stock,Baghdad trainset acceptance bays,2,12016,12136,2,12024,12043
baghdad:BAG-RS-L9-043:rs-40-fitout-static-test,BAG-RS-L9-043,line-9,rolling-stock,Baghdad six-car fitout and static test,8,12016,12168,,,
baghdad:BAG-SIG-171:wpt-20-install-commission,BAG-SIG-171,line-9,signalling-comms,wayside systems crew,1,11656,11688,,,
baghdad:BAG-ST-181:st-10-civil-structure,BAG-ST-181,line-9,station,station civil crew,1,11904,12016,,,
baghdad:BAG-ST-182:st-10-civil-structure,BAG-ST-182,line-9,station,station civil crew,2,11944,12056,,,
baghdad:BAG-WPT-L9-018:wpt-20-install-commission,BAG-WPT-L9-018,line-9,waypoint,wayside systems crew,2,11448,11480,,,
baghdad:BAG-RS-L9-020:rs-50-dynamic-commissioning,BAG-RS-L9-020,line-9,rolling-stock,Baghdad trainset acceptance bays,3,12024,12144,1,12032,12051
baghdad:BAG-TRK-L9-032:trk-10-survey-utility,BAG-TRK-L9-032,line-9,track-section,corridor civil crew,2,12024,12040,,,
baghdad:BAG-WPT-L9-022:wpt-10-cabinet-bench,BAG-WPT-L9-022,line-9,waypoint,wayside bench,3,2824,2848,,,
baghdad:BAG-EN-157:en-20-energy-commission,BAG-EN-157,line-9,energy,energy crew,1,9480,9520,,,
baghdad:BAG-EN-158:en-20-energy-commission,BAG-EN-158,line-9,energy,energy crew,2,9480,9520,,,
baghdad:BAG-RS-L9-044:rs-40-fitout-static-test,BAG-RS-L9-044,line-9,rolling-stock,Baghdad six-car fitout and static test,9,12032,12184,,,
baghdad:BAG-RS-L9-045:rs-40-fitout-static-test,BAG-RS-L9-045,line-9,rolling-stock,Baghdad six-car fitout and static test,17,12032,12184,,,
baghdad:BAG-ST-177:st-20-mep-passenger-systems,BAG-ST-177,line-9,station,station systems crew,1,11792,11872,,,
baghdad:BAG-ST-178:st-20-mep-passenger-systems,BAG-ST-178,line-9,station,station systems crew,2,11816,11896,,,
baghdad:BAG-TRK-L9-029:trk-30-trackform-rail,BAG-TRK-L9-029,line-9,track-section,track crew,1,11952,12040,,,
baghdad:BAG-RS-L9-021:rs-50-dynamic-commissioning,BAG-RS-L9-021,line-9,rolling-stock,Baghdad trainset acceptance bays,4,12040,12160,0,12048,12067
baghdad:BAG-TRK-L9-032:trk-20-subgrade-drainage,BAG-TRK-L9-032,line-9,track-section,corridor civil crew,2,12040,12112,,,
baghdad:BAG-RS-L9-022:rs-50-dynamic-commissioning,BAG-RS-L9-022,line-9,rolling-stock,Baghdad trainset acceptance bays,5,12048,12168,1,12056,12075
baghdad:BAG-RS-L9-023:rs-50-dynamic-commissioning,BAG-RS-L9-023,line-9,rolling-stock,Baghdad trainset acceptance bays,6,12048,12168,2,12056,12075
baghdad:BAG-RS-L9-046:rs-40-fitout-static-test,BAG-RS-L9-046,line-9,rolling-stock,Baghdad six-car fitout and static test,10,12048,12200,,,
baghdad:BAG-WPT-L9-016:wpt-20-install-commission,BAG-WPT-L9-016,line-9,waypoint,wayside systems crew,2,11480,11512,,,
baghdad:BAG-WPT-L9-022:wpt-20-install-commission,BAG-WPT-L9-022,line-9,waypoint,wayside systems crew,1,11688,11720,,,
baghdad:BAG-RS-L9-047:rs-40-fitout-static-test,BAG-RS-L9-047,line-9,rolling-stock,Baghdad six-car fitout and static test,11,12056,12208,,,
baghdad:BAG-WPT-L9-020:wpt-10-cabinet-bench,BAG-WPT-L9-020,line-9,waypoint,wayside bench,1,2824,2848,,,
baghdad:BAG-RS-L9-024:rs-50-dynamic-commissioning,BAG-RS-L9-024,line-9,rolling-stock,Baghdad trainset acceptance bays,7,12064,12184,0,12072,12091
baghdad:BAG-TRK-L9-028:trk-30-trackform-rail,BAG-TRK-L9-028,line-9,track-section,track crew,2,11944,12024,,,
baghdad:BAG-WPT-L9-021:wpt-10-cabinet-bench,BAG-WPT-L9-021,line-9,waypoint,wayside bench,2,2824,2848,,,
baghdad:BAG-EN-159:en-10-energy-build,BAG-EN-159,line-9,energy,energy crew,1,9520,9600,,,
baghdad:BAG-EN-160:en-10-energy-build,BAG-EN-160,line-9,energy,energy crew,2,9520,9600,,,
baghdad:BAG-RS-L9-025:rs-50-dynamic-commissioning,BAG-RS-L9-025,line-9,rolling-stock,Baghdad trainset acceptance bays,8,12072,12192,1,12080,12099
baghdad:BAG-SIG-175:wpt-20-install-commission,BAG-SIG-175,line-9,signalling-comms,wayside systems crew,1,11736,11768,,,
baghdad:BAG-WPT-L9-020:wpt-20-install-commission,BAG-WPT-L9-020,line-9,waypoint,wayside systems crew,2,11552,11584,,,
baghdad:BAG-RS-L9-026:rs-50-dynamic-commissioning,BAG-RS-L9-026,line-9,rolling-stock,Baghdad trainset acceptance bays,9,12088,12208,0,12096,12115
baghdad:BAG-RS-L9-027:rs-50-dynamic-commissioning,BAG-RS-L9-027,line-9,rolling-stock,Baghdad trainset acceptance bays,10,12088,12208,2,12096,12115
baghdad:BAG-WPT-L9-024:wpt-10-cabinet-bench,BAG-WPT-L9-024,line-9,waypoint,wayside bench,2,2848,2872,,,
baghdad:BAG-RS-L9-028:rs-50-dynamic-commissioning,BAG-RS-L9-028,line-9,rolling-stock,Baghdad trainset acceptance bays,11,12096,12216,1,12104,12123
baghdad:BAG-TRK-L9-033:trk-10-survey-utility,BAG-TRK-L9-033,line-9,track-section,corridor civil crew,1,12072,12096,,,
baghdad:BAG-RS-L9-029:rs-50-dynamic-commissioning,BAG-RS-L9-029,line-9,rolling-stock,Baghdad trainset acceptance bays,12,12112,12232,0,12120,12139
baghdad:BAG-ST-179:st-20-mep-passenger-systems,BAG-ST-179,line-9,station,station systems crew,1,11904,11984,,,
baghdad:BAG-ST-180:st-20-mep-passenger-systems,BAG-ST-180,line-9,station,station systems crew,2,11944,12024,,,
baghdad:BAG-TRK-L9-034:trk-10-survey-utility,BAG-TRK-L9-034,line-9,track-section,corridor civil crew,2,12112,12144,,,
baghdad:BAG-WPT-L9-001:wpt-20-install-commission,BAG-WPT-L9-001,line-9,waypoint,wayside systems crew,3,10128,10160,,,
baghdad:BAG-WPT-L9-021:wpt-20-install-commission,BAG-WPT-L9-021,line-9,waypoint,wayside systems crew,2,11584,11616,,,
baghdad:BAG-WPT-L9-024:wpt-20-install-commission,BAG-WPT-L9-024,line-9,waypoint,wayside systems crew,1,11768,11800,,,
baghdad:BAG-RS-L9-030:rs-50-dynamic-commissioning,BAG-RS-L9-030,line-9,rolling-stock,Baghdad trainset acceptance bays,13,12120,12240,1,12128,12147
baghdad:BAG-TRK-L9-030:trk-30-trackform-rail,BAG-TRK-L9-030,line-9,track-section,track crew,1,12072,12200,,,
baghdad:BAG-ST-183:st-10-civil-structure,BAG-ST-183,line-9,station,station civil crew,1,12016,12128,,,
baghdad:BAG-ST-184:st-10-civil-structure,BAG-ST-184,line-9,station,station civil crew,2,12056,12168,,,
baghdad:BAG-TRK-L9-033:trk-20-subgrade-drainage,BAG-TRK-L9-033,line-9,track-section,corridor civil crew,1,12096,12216,,,
baghdad:BAG-RS-L9-031:rs-50-dynamic-commissioning,BAG-RS-L9-031,line-9,rolling-stock,Baghdad trainset acceptance bays,1,12136,12256,0,12144,12163
baghdad:BAG-RS-L9-032:rs-50-dynamic-commissioning,BAG-RS-L9-032,line-9,rolling-stock,Baghdad trainset acceptance bays,2,12136,12256,2,12144,12163
baghdad:BAG-RS-L9-033:rs-50-dynamic-commissioning,BAG-RS-L9-033,line-9,rolling-stock,Baghdad trainset acceptance bays,3,12144,12264,1,12152,12171
baghdad:BAG-SIG-162:wpt-20-install-commission,BAG-SIG-162,line-9,signalling-comms,wayside systems crew,3,10592,10624,,,
baghdad:BAG-SIG-177:wpt-20-install-commission,BAG-SIG-177,line-9,signalling-comms,wayside systems crew,1,11872,11904,,,
baghdad:BAG-TRK-L9-031:trk-30-trackform-rail,BAG-TRK-L9-031,line-9,track-section,track crew,2,12024,12080,,,
baghdad:BAG-TRK-L9-034:trk-20-subgrade-drainage,BAG-TRK-L9-034,line-9,track-section,corridor civil crew,2,12144,12272,,,
baghdad:BAG-WPT-L9-019:wpt-20-install-commission,BAG-WPT-L9-019,line-9,waypoint,wayside systems crew,2,11656,11688,,,
baghdad:BAG-EN-159:en-20-energy-commission,BAG-EN-159,line-9,energy,energy crew,1,9600,9640,,,
baghdad:BAG-EN-160:en-20-energy-commission,BAG-EN-160,line-9,energy,energy crew,2,9600,9640,,,
baghdad:BAG-WPT-L9-023:wpt-10-cabinet-bench,BAG-WPT-L9-023,line-9,waypoint,wayside bench,1,2848,2872,,,
baghdad:BAG-RS-L9-034:rs-50-dynamic-commissioning,BAG-RS-L9-034,line-9,rolling-stock,Baghdad trainset acceptance bays,4,12160,12280,0,12168,12187
baghdad:BAG-RS-L9-035:rs-50-dynamic-commissioning,BAG-RS-L9-035,line-9,rolling-stock,Baghdad trainset acceptance bays,5,12168,12288,1,12176,12195
baghdad:BAG-RS-L9-036:rs-50-dynamic-commissioning,BAG-RS-L9-036,line-9,rolling-stock,Baghdad trainset acceptance bays,6,12168,12288,2,12176,12195
baghdad:BAG-SIG-178:wpt-20-install-commission,BAG-SIG-178,line-9,signalling-comms,wayside systems crew,1,11944,11976,,,
baghdad:BAG-WPT-L9-009:wpt-20-install-commission,BAG-WPT-L9-009,line-9,waypoint,wayside systems crew,3,10824,10856,,,
baghdad:BAG-WPT-L9-023:wpt-20-install-commission,BAG-WPT-L9-023,line-9,waypoint,wayside systems crew,2,11736,11768,,,
baghdad:BAG-RS-L9-037:rs-50-dynamic-commissioning,BAG-RS-L9-037,line-9,rolling-stock,Baghdad trainset acceptance bays,7,12184,12304,0,12192,12211
baghdad:BAG-WPT-L9-025:wpt-10-cabinet-bench,BAG-WPT-L9-025,line-9,waypoint,wayside bench,3,2848,2872,,,
baghdad:BAG-WPT-L9-027:wpt-10-cabinet-bench,BAG-WPT-L9-027,line-9,waypoint,wayside bench,2,2872,2896,,,
baghdad:BAG-EN-161:en-10-energy-build,BAG-EN-161,line-9,energy,energy crew,1,9640,9720,,,
baghdad:BAG-EN-162:en-10-energy-build,BAG-EN-162,line-9,energy,energy crew,2,9640,9720,,,
baghdad:BAG-RS-L9-038:rs-50-dynamic-commissioning,BAG-RS-L9-038,line-9,rolling-stock,Baghdad trainset acceptance bays,8,12192,12312,1,12200,12219
baghdad:BAG-ST-181:st-20-mep-passenger-systems,BAG-ST-181,line-9,station,station systems crew,1,12016,12096,,,
baghdad:BAG-ST-182:st-20-mep-passenger-systems,BAG-ST-182,line-9,station,station systems crew,2,12056,12136,,,
baghdad:BAG-TRK-L9-032:trk-30-trackform-rail,BAG-TRK-L9-032,line-9,track-section,track crew,2,12112,12184,,,
baghdad:BAG-RS-L9-039:rs-50-dynamic-commissioning,BAG-RS-L9-039,line-9,rolling-stock,Baghdad trainset acceptance bays,9,12208,12328,0,12216,12235
baghdad:BAG-RS-L9-040:rs-50-dynamic-commissioning,BAG-RS-L9-040,line-9,rolling-stock,Baghdad trainset acceptance bays,10,12208,12328,2,12216,12235
baghdad:BAG-SIG-164:wpt-20-install-commission,BAG-SIG-164,line-9,signalling-comms,wayside systems crew,3,11096,11128,,,
baghdad:BAG-WPT-L9-025:wpt-20-install-commission,BAG-WPT-L9-025,line-9,waypoint,wayside systems crew,2,11872,11904,,,
baghdad:BAG-WPT-L9-027:wpt-20-install-commission,BAG-WPT-L9-027,line-9,waypoint,wayside systems crew,1,11976,12008,,,
baghdad:BAG-RS-L9-041:rs-50-dynamic-commissioning,BAG-RS-L9-041,line-9,rolling-stock,Baghdad trainset acceptance bays,11,12216,12336,1,12224,12243
baghdad:BAG-WPT-L9-026:wpt-10-cabinet-bench,BAG-WPT-L9-026,line-9,waypoint,wayside bench,1,2872,2896,,,
baghdad:BAG-RS-L9-042:rs-50-dynamic-commissioning,BAG-RS-L9-042,line-9,rolling-stock,Baghdad trainset acceptance bays,12,12232,12352,0,12240,12259
baghdad:BAG-RS-L9-043:rs-50-dynamic-commissioning,BAG-RS-L9-043,line-9,rolling-stock,Baghdad trainset acceptance bays,13,12240,12360,1,12248,12267
baghdad:BAG-SIG-174:wpt-20-install-commission,BAG-SIG-174,line-9,signalling-comms,wayside systems crew,3,11664,11696,,,
baghdad:BAG-SIG-180:wpt-20-install-commission,BAG-SIG-180,line-9,signalling-comms,wayside systems crew,1,12024,12056,,,
baghdad:BAG-ST-185:st-10-civil-structure,BAG-ST-185,line-9,station,station civil crew,1,12128,12240,,,
baghdad:BAG-ST-186:st-10-civil-structure,BAG-ST-186,line-9,station,station civil crew,2,12168,12280,,,
baghdad:BAG-WPT-L9-026:wpt-20-install-commission,BAG-WPT-L9-026,line-9,waypoint,wayside systems crew,2,11944,11976,,,
baghdad:BAG-TRK-L9-033:trk-30-trackform-rail,BAG-TRK-L9-033,line-9,track-section,track crew,1,12216,12336,,,
baghdad:BAG-WPT-L9-028:wpt-10-cabinet-bench,BAG-WPT-L9-028,line-9,waypoint,wayside bench,3,2872,2896,,,
baghdad:BAG-WPT-L9-029:wpt-10-cabinet-bench,BAG-WPT-L9-029,line-9,waypoint,wayside bench,1,2896,2920,,,
baghdad:BAG-RS-L9-044:rs-50-dynamic-commissioning,BAG-RS-L9-044,line-9,rolling-stock,Baghdad trainset acceptance bays,1,12256,12376,0,12264,12283
baghdad:BAG-RS-L9-045:rs-50-dynamic-commissioning,BAG-RS-L9-045,line-9,rolling-stock,Baghdad trainset acceptance bays,2,12256,12376,2,12264,12283
baghdad:BAG-RS-L9-046:rs-50-dynamic-commissioning,BAG-RS-L9-046,line-9,rolling-stock,Baghdad trainset acceptance bays,3,12264,12384,1,12272,12291
baghdad:BAG-EN-161:en-20-energy-commission,BAG-EN-161,line-9,energy,energy crew,1,9720,9760,,,
baghdad:BAG-EN-162:en-20-energy-commission,BAG-EN-162,line-9,energy,energy crew,2,9720,9760,,,
baghdad:BAG-SIG-176:wpt-20-install-commission,BAG-SIG-176,line-9,signalling-comms,wayside systems crew,3,11744,11776,,,
baghdad:BAG-ST-183:st-20-mep-passenger-systems,BAG-ST-183,line-9,station,station systems crew,1,12128,12208,,,
baghdad:BAG-ST-184:st-20-mep-passenger-systems,BAG-ST-184,line-9,station,station systems crew,2,12168,12248,,,
baghdad:BAG-TRK-L9-034:trk-30-trackform-rail,BAG-TRK-L9-034,line-9,track-section,track crew,2,12272,12400,,,
baghdad:BAG-WPT-L9-028:wpt-20-install-commission,BAG-WPT-L9-028,line-9,waypoint,wayside systems crew,2,12024,12056,,,
baghdad:BAG-WPT-L9-029:wpt-20-install-commission,BAG-WPT-L9-029,line-9,waypoint,wayside systems crew,1,12056,12088,,,
baghdad:BAG-RS-L9-047:rs-50-dynamic-commissioning,BAG-RS-L9-047,line-9,rolling-stock,Baghdad trainset acceptance bays,4,12280,12400,0,12288,12307
baghdad:BAG-SIG-179:wpt-20-install-commission,BAG-SIG-179,line-9,signalling-comms,wayside systems crew,3,11952,11984,,,
baghdad:BAG-SIG-183:wpt-20-install-commission,BAG-SIG-183,line-9,signalling-comms,wayside systems crew,2,12080,12112,,,
baghdad:BAG-SIG-184:wpt-20-install-commission,BAG-SIG-184,line-9,signalling-comms,wayside systems crew,1,12184,12216,,,
baghdad:BAG-EN-163:en-10-energy-build,BAG-EN-163,line-9,energy,energy crew,1,9760,9840,,,
baghdad:BAG-EN-164:en-10-energy-build,BAG-EN-164,line-9,energy,energy crew,2,9760,9840,,,
baghdad:BAG-WPT-L9-030:wpt-10-cabinet-bench,BAG-WPT-L9-030,line-9,waypoint,wayside bench,2,2896,2920,,,
baghdad:BAG-WPT-L9-032:wpt-10-cabinet-bench,BAG-WPT-L9-032,line-9,waypoint,wayside bench,1,2920,2944,,,
baghdad:BAG-SIG-181:wpt-20-install-commission,BAG-SIG-181,line-9,signalling-comms,wayside systems crew,3,12040,12072,,,
baghdad:BAG-WPT-L9-030:wpt-20-install-commission,BAG-WPT-L9-030,line-9,waypoint,wayside systems crew,1,12216,12248,,,
baghdad:BAG-WPT-L9-032:wpt-20-install-commission,BAG-WPT-L9-032,line-9,waypoint,wayside systems crew,2,12184,12216,,,
baghdad:BAG-WPT-L9-031:wpt-10-cabinet-bench,BAG-WPT-L9-031,line-9,waypoint,wayside bench,3,2896,2920,,,
baghdad:BAG-WPT-L9-033:wpt-10-cabinet-bench,BAG-WPT-L9-033,line-9,waypoint,wayside bench,2,2920,2944,,,
baghdad:BAG-ST-185:st-20-mep-passenger-systems,BAG-ST-185,line-9,station,station systems crew,1,12240,12320,,,
baghdad:BAG-ST-186:st-20-mep-passenger-systems,BAG-ST-186,line-9,station,station systems crew,2,12280,12360,,,
baghdad:BAG-SIG-185:wpt-20-install-commission,BAG-SIG-185,line-9,signalling-comms,wayside systems crew,1,12336,12368,,,
baghdad:BAG-WPT-L9-031:wpt-20-install-commission,BAG-WPT-L9-031,line-9,waypoint,wayside systems crew,3,12080,12112,,,
baghdad:BAG-WPT-L9-033:wpt-20-install-commission,BAG-WPT-L9-033,line-9,waypoint,wayside systems crew,2,12336,12368,,,
baghdad:BAG-WPT-L9-034:wpt-10-cabinet-bench,BAG-WPT-L9-034,line-9,waypoint,wayside bench,3,2920,2944,,,
baghdad:BAG-EN-163:en-20-energy-commission,BAG-EN-163,line-9,energy,energy crew,1,9840,9880,,,
baghdad:BAG-EN-164:en-20-energy-commission,BAG-EN-164,line-9,energy,energy crew,2,9840,9880,,,
baghdad:BAG-SIG-182:wpt-20-install-commission,BAG-SIG-182,line-9,signalling-comms,wayside systems crew,3,12200,12232,,,
baghdad:BAG-SIG-186:wpt-20-install-commission,BAG-SIG-186,line-9,signalling-comms,wayside systems crew,1,12400,12432,,,
baghdad:BAG-WPT-L9-034:wpt-20-install-commission,BAG-WPT-L9-034,line-9,waypoint,wayside systems crew,2,12400,12432,,,
