ISO-10303-21;
HEADER;
FILE_DESCRIPTION(('ViewDefinition [CoordinationView]'),'2;1');
FILE_NAME('LM3-BOG-SA610.ifc','2026-08-30T00:00:00+00:00',('OpenSourceRail'),('OpenSourceRail'),'IfcOpenShell 0.8.5','OpenSourceRail deterministic LM3 product-library exporter','design-reference / not for construction');
FILE_SCHEMA(('IFC4X3_ADD2'));
ENDSEC;
DATA;
#1=IFCPROJECT('2nqbw$zZfPJRLXL_1chIjP',$,'LM3-BOG-SA610 \X2\2014\X0\ complete powered bogie with running unit, bogie-mounted drive and body connection','Design-reference geometry and assembly hierarchy only; supplier freeze, released drawings/tolerances, calculations, qualified processes and first-article tests remain mandatory.',$,$,$,(#12),#7);
#2=IFCSITE('1YvTU$sSLIWAP7cJx05KZZ',$,'LM3 product library',$,$,#18,$,$,.ELEMENT.,$,$,$,$,$);
#3=IFCBUILDING('2thGgOmWrSmOS4_k50jLlV',$,'LM3 assembly inspection fixture',$,$,#21,$,$,.ELEMENT.,$,$,$);
#4=IFCSIUNIT(*,.LENGTHUNIT.,$,.METRE.);
#5=IFCSIUNIT(*,.AREAUNIT.,$,.SQUARE_METRE.);
#6=IFCSIUNIT(*,.VOLUMEUNIT.,$,.CUBIC_METRE.);
#7=IFCUNITASSIGNMENT((#6,#4,#5));
#8=IFCCARTESIANPOINT((0.,0.,0.));
#9=IFCDIRECTION((0.,0.,1.));
#10=IFCDIRECTION((1.,0.,0.));
#11=IFCAXIS2PLACEMENT3D(#8,#9,#10);
#12=IFCGEOMETRICREPRESENTATIONCONTEXT($,'Model',3,1.0000000000000001E-05,#11,$);
#13=IFCGEOMETRICREPRESENTATIONSUBCONTEXT('Body','Model',*,*,*,*,#12,$,.MODEL_VIEW.,$);
#14=IFCRELAGGREGATES('23Sc70Qk1QlwVYqcnXCFHB',$,$,$,#1,(#2));
#15=IFCRELAGGREGATES('3jkZN$FoXMLPoE3zTx41kl',$,$,$,#2,(#3));
#16=IFCCARTESIANPOINT((0.,0.,0.));
#17=IFCAXIS2PLACEMENT3D(#16,$,$);
#18=IFCLOCALPLACEMENT($,#17);
#19=IFCCARTESIANPOINT((0.,0.,0.));
#20=IFCAXIS2PLACEMENT3D(#19,$,$);
#21=IFCLOCALPLACEMENT($,#20);
#22=IFCPROPERTYSINGLEVALUE('Status',$,IFCTEXT('design-reference-not-released'),$);
#23=IFCPROPERTYSINGLEVALUE('ReleaseBoundary',$,IFCTEXT('Design-reference geometry and assembly hierarchy only; supplier freeze, released drawings/tolerances, calculations, qualified processes and first-article tests remain mandatory.'),$);
#24=IFCPROPERTYSINGLEVALUE('Manifest',$,IFCTEXT('design/component-catalogue/catalog/buildable-trainset/buildable-trainset-manifest.json'),$);
#25=IFCPROPERTYSINGLEVALUE('ManifestSha256',$,IFCTEXT('7654747909805305ce2018109b5b649c4817a8f8c44a3ec8f2e8a6f74d48243e'),$);
#26=IFCPROPERTYSET('3z__SwY6vMbfb2cnIrdMDB',$,'OSR_ProductLibrary',$,(#22,#23,#24,#25));
#27=IFCRELDEFINESBYPROPERTIES('0oG_$3plDMAveGNIkhKbF2',$,$,$,(#1),#26);
#28=IFCELEMENTASSEMBLY('1697fo7i1Oqg26JMvyZ6b0',$,'complete powered bogie with running unit, bogie-mounted drive and body connection','frame NDT | wheelset/bearing certificate | motor/gearbox alignment | static brake test',$,$,$,'LM3-BOG-SA610',$,$);
#29=IFCPROPERTYSINGLEVALUE('OSRId',$,IFCTEXT('LM3-BOG-SA610'),$);
#30=IFCPROPERTYSINGLEVALUE('Layer',$,IFCTEXT('subassembly'),$);
#31=IFCPROPERTYSINGLEVALUE('BuildCell',$,IFCTEXT('bogie weld and assembly cell'),$);
#32=IFCPROPERTYSINGLEVALUE('QuantityPerTrainset',$,IFCINTEGER(3),$);
#33=IFCPROPERTYSINGLEVALUE('GeometryStatus',$,IFCTEXT('complete-hierarchy-inspection-layout'),$);
#34=IFCPROPERTYSET('1THQkxYB5OIe88rMW9hm2A',$,'OSR_AssemblyDefinition',$,(#29,#30,#31,#32,#33));
#35=IFCRELDEFINESBYPROPERTIES('3XSMWKG8DTBR8rg3JLMydy',$,$,$,(#28),#34);
#36=IFCELEMENTASSEMBLY('3nYZoa0erLcfPySCYzgRoD',$,'powered-bogie running unit: wheelsets, axleboxes, primary suspension and brakes','wheelset identity | bearing installation | primary-height match | static brake/WSP test | free rotation',$,$,$,'LM3-BOG-SA611',$,$);
#37=IFCPROPERTYSINGLEVALUE('OSRId',$,IFCTEXT('LM3-BOG-SA611'),$);
#38=IFCPROPERTYSINGLEVALUE('Layer',$,IFCTEXT('subassembly'),$);
#39=IFCPROPERTYSINGLEVALUE('BuildCell',$,IFCTEXT('bogie clean assembly and brake cell'),$);
#40=IFCPROPERTYSINGLEVALUE('QuantityPerTrainset',$,IFCINTEGER(3),$);
#41=IFCPROPERTYSINGLEVALUE('GeometryStatus',$,IFCTEXT('complete-hierarchy-inspection-layout'),$);
#42=IFCPROPERTYSET('2f9f2h9AzNAgHMcf6CKGDu',$,'OSR_AssemblyDefinition',$,(#37,#38,#39,#40,#41));
#43=IFCRELDEFINESBYPROPERTIES('1u2FG1savOYvwM$iBmn4I5',$,$,$,(#36),#42);
#44=IFCELEMENTASSEMBLY('1IKry5ZdHTOOLa1P2dRRSi',$,'bogie-mounted motor, gearbox, flexible coupling and torque-reaction drive unit','motor/gearbox serial match | coupling alignment | torque-link proof | insulation/rotation test | removal-envelope trial',$,$,$,'LM3-TRC-SA615',$,$);
#45=IFCPROPERTYSINGLEVALUE('OSRId',$,IFCTEXT('LM3-TRC-SA615'),$);
#46=IFCPROPERTYSINGLEVALUE('Layer',$,IFCTEXT('subassembly'),$);
#47=IFCPROPERTYSINGLEVALUE('BuildCell',$,IFCTEXT('traction drive clean assembly cell'),$);
#48=IFCPROPERTYSINGLEVALUE('QuantityPerTrainset',$,IFCINTEGER(3),$);
#49=IFCPROPERTYSINGLEVALUE('GeometryStatus',$,IFCTEXT('complete-hierarchy-inspection-layout'),$);
#50=IFCPROPERTYSET('320RHkalTO_P4_uB8SUe71',$,'OSR_AssemblyDefinition',$,(#45,#46,#47,#48,#49));
#51=IFCRELDEFINESBYPROPERTIES('1rQLbkP2rLmh8cDiJukvtO',$,$,$,(#44),#50);
#52=IFCBUILDINGELEMENTPROXY('3smOXSCILT7eprakkuwGyz',$,'powered bogie welded H-frame and motor-cradle weldment','Fresh EN 15085-controlled bogie frame; no recovered freight-frame splice.',$,#832,#95,'LM3-BOG-P010',$);
#53=IFCPROPERTYSINGLEVALUE('OSRId',$,IFCTEXT('LM3-BOG-P010'),$);
#54=IFCPROPERTYSINGLEVALUE('Parent',$,IFCTEXT('LM3-BOG-SA610'),$);
#55=IFCPROPERTYSINGLEVALUE('Route',$,IFCTEXT('MAKE'),$);
#56=IFCPROPERTYSINGLEVALUE('Maturity',$,IFCTEXT('release-candidate'),$);
#57=IFCPROPERTYSINGLEVALUE('QuantityPerTrainset',$,IFCINTEGER(3),$);
#58=IFCPROPERTYSINGLEVALUE('Unit',$,IFCTEXT('ea'),$);
#59=IFCPROPERTYSINGLEVALUE('GeometryStatus',$,IFCTEXT('design-reference-not-released'),$);
#60=IFCPROPERTYSET('24lLhkwLzLBPQWUGi57sVi',$,'OSR_ProductDefinition',$,(#53,#54,#55,#56,#57,#58,#59));
#61=IFCRELDEFINESBYPROPERTIES('1AC_LxcuDNgA$BYJj3sC7w',$,$,$,(#52),#60);
#62=IFCCARTESIANPOINTLIST3D(((-1.7,-1.25,-0.17050000000000001),(-1.7,-1.25,0.17050000000000001),(-1.7,-1.03,-0.17050000000000001),(-1.7,-1.03,0.17050000000000001),(1.7,-1.25,-0.17050000000000001),(1.7,-1.25,0.17050000000000001),(1.7,-1.03,-0.17050000000000001),(1.7,-1.03,0.17050000000000001),(-1.7,1.03,-0.17050000000000001),(-1.7,1.03,0.17050000000000001),(-1.7,1.25,-0.17050000000000001),(-1.7,1.25,0.17050000000000001),(1.7,1.03,-0.17050000000000001),(1.7,1.03,0.17050000000000001),(1.7,1.25,-0.17050000000000001),(1.7,1.25,0.17050000000000001),(-1.286,-1.1000000000000001,-0.13950000000000001),(-1.286,-1.1000000000000001,0.13950000000000001),(-1.286,1.1000000000000001,-0.13950000000000001),(-1.286,1.1000000000000001,0.13950000000000001),(-1.026,-1.1000000000000001,-0.13950000000000001),(-1.026,-1.1000000000000001,0.13950000000000001),(-1.026,1.1000000000000001,-0.13950000000000001),(-1.026,1.1000000000000001,0.13950000000000001),(-0.13,-1.1000000000000001,-0.13950000000000001),(-0.13,-1.1000000000000001,0.13950000000000001),(-0.13,1.1000000000000001,-0.13950000000000001),(-0.13,1.1000000000000001,0.13950000000000001),(0.13,-1.1000000000000001,-0.13950000000000001),(0.13,-1.1000000000000001,0.13950000000000001),(0.13,1.1000000000000001,-0.13950000000000001),(0.13,1.1000000000000001,0.13950000000000001),(1.026,-1.1000000000000001,-0.13950000000000001),(1.026,-1.1000000000000001,0.13950000000000001),(1.026,1.1000000000000001,-0.13950000000000001),(1.026,1.1000000000000001,0.13950000000000001),(1.286,-1.1000000000000001,-0.13950000000000001),(1.286,-1.1000000000000001,0.13950000000000001),(1.286,1.1000000000000001,-0.13950000000000001),(1.286,1.1000000000000001,0.13950000000000001)),$);
#63=IFCINDEXEDPOLYGONALFACE((1,2,4,3));
#64=IFCINDEXEDPOLYGONALFACE((5,7,8,6));
#65=IFCINDEXEDPOLYGONALFACE((1,5,6,2));
#66=IFCINDEXEDPOLYGONALFACE((3,4,8,7));
#67=IFCINDEXEDPOLYGONALFACE((1,3,7,5));
#68=IFCINDEXEDPOLYGONALFACE((2,6,8,4));
#69=IFCINDEXEDPOLYGONALFACE((9,10,12,11));
#70=IFCINDEXEDPOLYGONALFACE((13,15,16,14));
#71=IFCINDEXEDPOLYGONALFACE((9,13,14,10));
#72=IFCINDEXEDPOLYGONALFACE((11,12,16,15));
#73=IFCINDEXEDPOLYGONALFACE((9,11,15,13));
#74=IFCINDEXEDPOLYGONALFACE((10,14,16,12));
#75=IFCINDEXEDPOLYGONALFACE((17,18,20,19));
#76=IFCINDEXEDPOLYGONALFACE((21,23,24,22));
#77=IFCINDEXEDPOLYGONALFACE((17,21,22,18));
#78=IFCINDEXEDPOLYGONALFACE((19,20,24,23));
#79=IFCINDEXEDPOLYGONALFACE((17,19,23,21));
#80=IFCINDEXEDPOLYGONALFACE((18,22,24,20));
#81=IFCINDEXEDPOLYGONALFACE((25,26,28,27));
#82=IFCINDEXEDPOLYGONALFACE((29,31,32,30));
#83=IFCINDEXEDPOLYGONALFACE((25,29,30,26));
#84=IFCINDEXEDPOLYGONALFACE((27,28,32,31));
#85=IFCINDEXEDPOLYGONALFACE((25,27,31,29));
#86=IFCINDEXEDPOLYGONALFACE((26,30,32,28));
#87=IFCINDEXEDPOLYGONALFACE((33,34,36,35));
#88=IFCINDEXEDPOLYGONALFACE((37,39,40,38));
#89=IFCINDEXEDPOLYGONALFACE((33,37,38,34));
#90=IFCINDEXEDPOLYGONALFACE((35,36,40,39));
#91=IFCINDEXEDPOLYGONALFACE((33,35,39,37));
#92=IFCINDEXEDPOLYGONALFACE((34,38,40,36));
#93=IFCPOLYGONALFACESET(#62,$,(#63,#64,#65,#66,#67,#68,#69,#70,#71,#72,#73,#74,#75,#76,#77,#78,#79,#80,#81,#82,#83,#84,#85,#86,#87,#88,#89,#90,#91,#92),$);
#94=IFCSHAPEREPRESENTATION(#13,'Body','Tessellation',(#93));
#95=IFCPRODUCTDEFINITIONSHAPE($,$,(#94));
#96=IFCBUILDINGELEMENTPROXY('2hW6B7KYPUoRXhyOULWNZV',$,'powered-bogie guards, cable guides, WSP brackets, and inspection covers','Powered-bogie removable guards and harness brackets installed after wheelset fit.',$,#835,#127,'LM3-BOG-P030',$);
#97=IFCPROPERTYSINGLEVALUE('OSRId',$,IFCTEXT('LM3-BOG-P030'),$);
#98=IFCPROPERTYSINGLEVALUE('Parent',$,IFCTEXT('LM3-BOG-SA610'),$);
#99=IFCPROPERTYSINGLEVALUE('Route',$,IFCTEXT('MAKE'),$);
#100=IFCPROPERTYSINGLEVALUE('Maturity',$,IFCTEXT('release-candidate'),$);
#101=IFCPROPERTYSINGLEVALUE('QuantityPerTrainset',$,IFCINTEGER(3),$);
#102=IFCPROPERTYSINGLEVALUE('Unit',$,IFCTEXT('kit'),$);
#103=IFCPROPERTYSINGLEVALUE('GeometryStatus',$,IFCTEXT('design-reference-not-released'),$);
#104=IFCPROPERTYSET('2fY_DKd45Sfvx2jv9EYxzn',$,'OSR_ProductDefinition',$,(#97,#98,#99,#100,#101,#102,#103));
#105=IFCRELDEFINESBYPROPERTIES('0PcgyIkE9HJRB9ef_Y2Rp_',$,$,$,(#96),#104);
#106=IFCCARTESIANPOINTLIST3D(((-1.6000000000000001,-0.49349999999999999,-0.096599999999999991),(-1.6000000000000001,-0.49349999999999999,0.096599999999999991),(-1.6000000000000001,0.49349999999999999,-0.096599999999999991),(-1.6000000000000001,0.49349999999999999,0.096599999999999991),(1.6000000000000001,-0.49349999999999999,-0.096599999999999991),(1.6000000000000001,-0.49349999999999999,0.096599999999999991),(1.6000000000000001,0.49349999999999999,-0.096599999999999991),(1.6000000000000001,0.49349999999999999,0.096599999999999991),(-0.76800000000000002,-1.175,-0.073600000000000013),(-0.76800000000000002,-1.175,0.073600000000000013),(-0.76800000000000002,1.175,-0.073600000000000013),(-0.76800000000000002,1.175,0.073600000000000013),(0.76800000000000002,-1.175,-0.073600000000000013),(0.76800000000000002,-1.175,0.073600000000000013),(0.76800000000000002,1.175,-0.073600000000000013),(0.76800000000000002,1.175,0.073600000000000013),(-0.28799999999999998,-0.25850000000000001,-0.23000000000000001),(-0.28799999999999998,-0.25850000000000001,0.23000000000000001),(-0.28799999999999998,0.25850000000000001,-0.23000000000000001),(-0.28799999999999998,0.25850000000000001,0.23000000000000001),(0.28799999999999998,-0.25850000000000001,-0.23000000000000001),(0.28799999999999998,-0.25850000000000001,0.23000000000000001),(0.28799999999999998,0.25850000000000001,-0.23000000000000001),(0.28799999999999998,0.25850000000000001,0.23000000000000001)),$);
#107=IFCINDEXEDPOLYGONALFACE((1,2,4,3));
#108=IFCINDEXEDPOLYGONALFACE((5,7,8,6));
#109=IFCINDEXEDPOLYGONALFACE((1,5,6,2));
#110=IFCINDEXEDPOLYGONALFACE((3,4,8,7));
#111=IFCINDEXEDPOLYGONALFACE((1,3,7,5));
#112=IFCINDEXEDPOLYGONALFACE((2,6,8,4));
#113=IFCINDEXEDPOLYGONALFACE((9,10,12,11));
#114=IFCINDEXEDPOLYGONALFACE((13,15,16,14));
#115=IFCINDEXEDPOLYGONALFACE((9,13,14,10));
#116=IFCINDEXEDPOLYGONALFACE((11,12,16,15));
#117=IFCINDEXEDPOLYGONALFACE((9,11,15,13));
#118=IFCINDEXEDPOLYGONALFACE((10,14,16,12));
#119=IFCINDEXEDPOLYGONALFACE((17,18,20,19));
#120=IFCINDEXEDPOLYGONALFACE((21,23,24,22));
#121=IFCINDEXEDPOLYGONALFACE((17,21,22,18));
#122=IFCINDEXEDPOLYGONALFACE((19,20,24,23));
#123=IFCINDEXEDPOLYGONALFACE((17,19,23,21));
#124=IFCINDEXEDPOLYGONALFACE((18,22,24,20));
#125=IFCPOLYGONALFACESET(#106,$,(#107,#108,#109,#110,#111,#112,#113,#114,#115,#116,#117,#118,#119,#120,#121,#122,#123,#124),$);
#126=IFCSHAPEREPRESENTATION(#13,'Body','Tessellation',(#125));
#127=IFCPRODUCTDEFINITIONSHAPE($,$,(#126));
#128=IFCBUILDINGELEMENTPROXY('0kEF3AtPfHPBM24m7dQB$q',$,'powered-bogie wheelset with axle-mounted brake discs','Supplier-machined axle, wheels and brake-disc seats are procured as a dynamically balanced, traceable railway wheelset; wheels or axles are not mixed between qualified families.',$,#838,#251,'LM3-BOG-P040',$);
#129=IFCPROPERTYSINGLEVALUE('OSRId',$,IFCTEXT('LM3-BOG-P040'),$);
#130=IFCPROPERTYSINGLEVALUE('Parent',$,IFCTEXT('LM3-BOG-SA611'),$);
#131=IFCPROPERTYSINGLEVALUE('Route',$,IFCTEXT('BID'),$);
#132=IFCPROPERTYSINGLEVALUE('Maturity',$,IFCTEXT('buildable-after-supplier-freeze'),$);
#133=IFCPROPERTYSINGLEVALUE('QuantityPerTrainset',$,IFCINTEGER(6),$);
#134=IFCPROPERTYSINGLEVALUE('Unit',$,IFCTEXT('wheelset'),$);
#135=IFCPROPERTYSINGLEVALUE('GeometryStatus',$,IFCTEXT('design-reference-not-released'),$);
#136=IFCPROPERTYSET('0hFFbrnl1TqQebdh7OXtEK',$,'OSR_ProductDefinition',$,(#129,#130,#131,#132,#133,#134,#135));
#137=IFCRELDEFINESBYPROPERTIES('1ikl00wqzMlxWzzQspPDv6',$,$,$,(#128),#136);
#138=IFCCARTESIANPOINTLIST3D(((0.085000000000000006,-1.0249999999999999,0.),(0.08083980388508806,-1.0249999999999999,0.026266444521870529),(0.068766444521870543,-1.0249999999999999,0.049961746444860219),(0.049961746444860219,-1.0249999999999999,0.068766444521870543),(0.026266444521870536,-1.0249999999999999,0.08083980388508806),(5.2047488963762512E-18,-1.0249999999999999,0.085000000000000006),(-0.026266444521870526,-1.0249999999999999,0.08083980388508806),(-0.049961746444860212,-1.0249999999999999,0.068766444521870543),(-0.068766444521870529,-1.0249999999999999,0.049961746444860226),(-0.08083980388508806,-1.0249999999999999,0.02626644452187054),(-0.085000000000000006,-1.0249999999999999,1.0409497792752502E-17),(-0.080839803885088074,-1.0249999999999999,-0.026266444521870488),(-0.068766444521870543,-1.0249999999999999,-0.049961746444860212),(-0.049961746444860226,-1.0249999999999999,-0.068766444521870529),(-0.026266444521870543,-1.0249999999999999,-0.08083980388508806),(-1.5614246689128753E-17,-1.0249999999999999,-0.085000000000000006),(0.026266444521870515,-1.0249999999999999,-0.08083980388508806),(0.049961746444860199,-1.0249999999999999,-0.068766444521870543),(0.068766444521870529,-1.0249999999999999,-0.04996174644486024),(0.08083980388508806,-1.0249999999999999,-0.02626644452187055),(0.085000000000000006,1.0249999999999999,0.),(0.08083980388508806,1.0249999999999999,0.026266444521870529),(0.068766444521870543,1.0249999999999999,0.049961746444860219),(0.049961746444860219,1.0249999999999999,0.068766444521870543),(0.026266444521870536,1.0249999999999999,0.08083980388508806),(5.2047488963762512E-18,1.0249999999999999,0.085000000000000006),(-0.026266444521870526,1.0249999999999999,0.08083980388508806),(-0.049961746444860212,1.0249999999999999,0.068766444521870543),(-0.068766444521870529,1.0249999999999999,0.049961746444860226),(-0.08083980388508806,1.0249999999999999,0.02626644452187054),(-0.085000000000000006,1.0249999999999999,1.0409497792752502E-17),(-0.080839803885088074,1.0249999999999999,-0.026266444521870488),(-0.068766444521870543,1.0249999999999999,-0.049961746444860212),(-0.049961746444860226,1.0249999999999999,-0.068766444521870529),(-0.026266444521870543,1.0249999999999999,-0.08083980388508806),(-1.5614246689128753E-17,1.0249999999999999,-0.085000000000000006),(0.026266444521870515,1.0249999999999999,-0.08083980388508806),(0.049961746444860199,1.0249999999999999,-0.068766444521870543),(0.068766444521870529,1.0249999999999999,-0.04996174644486024),(0.08083980388508806,1.0249999999999999,-0.02626644452187055),(0.46000000000000002,-1.1000000000000001,0.),(0.43748599749577066,-1.1000000000000001,0.14214781741247581),(0.37214781741247582,-1.1000000000000001,0.27038121605453763),(0.27038121605453763,-1.1000000000000001,0.37214781741247582),(0.14214781741247584,-1.1000000000000001,0.43748599749577066),(2.8166876380389123E-17,-1.1000000000000001,0.46000000000000002),(-0.14214781741247579,-1.1000000000000001,0.43748599749577072),(-0.27038121605453758,-1.1000000000000001,0.37214781741247582),(-0.37214781741247577,-1.1000000000000001,0.27038121605453769),(-0.43748599749577066,-1.1000000000000001,0.14214781741247587),(-0.46000000000000002,-1.1000000000000001,5.6333752760778246E-17),(-0.43748599749577077,-1.1000000000000001,-0.14214781741247559),(-0.37214781741247588,-1.1000000000000001,-0.27038121605453758),(-0.27038121605453769,-1.1000000000000001,-0.37214781741247577),(-0.1421478174124759,-1.1000000000000001,-0.43748599749577066),(-8.4500629141167369E-17,-1.1000000000000001,-0.46000000000000002),(0.14214781741247573,-1.1000000000000001,-0.43748599749577072),(0.27038121605453758,-1.1000000000000001,-0.37214781741247588),(0.37214781741247577,-1.1000000000000001,-0.27038121605453774),(0.43748599749577066,-1.1000000000000001,-0.14214781741247592),(0.46000000000000002,-0.94999999999999996,0.),(0.43748599749577066,-0.94999999999999996,0.14214781741247581),(0.37214781741247582,-0.94999999999999996,0.27038121605453763),(0.27038121605453763,-0.94999999999999996,0.37214781741247582),(0.14214781741247584,-0.94999999999999996,0.43748599749577066),(2.8166876380389123E-17,-0.94999999999999996,0.46000000000000002),(-0.14214781741247579,-0.94999999999999996,0.43748599749577072),(-0.27038121605453758,-0.94999999999999996,0.37214781741247582),(-0.37214781741247577,-0.94999999999999996,0.27038121605453769),(-0.43748599749577066,-0.94999999999999996,0.14214781741247587),(-0.46000000000000002,-0.94999999999999996,5.6333752760778246E-17),(-0.43748599749577077,-0.94999999999999996,-0.14214781741247559),(-0.37214781741247588,-0.94999999999999996,-0.27038121605453758),(-0.27038121605453769,-0.94999999999999996,-0.37214781741247577),(-0.1421478174124759,-0.94999999999999996,-0.43748599749577066),(-8.4500629141167369E-17,-0.94999999999999996,-0.46000000000000002),(0.14214781741247573,-0.94999999999999996,-0.43748599749577072),(0.27038121605453758,-0.94999999999999996,-0.37214781741247588),(0.37214781741247577,-0.94999999999999996,-0.27038121605453774),(0.43748599749577066,-0.94999999999999996,-0.14214781741247592),(0.31280000000000002,-0.72150000000000003,0.),(0.29749047829712405,-0.72150000000000003,0.096660515840483546),(0.25306051584048356,-0.72150000000000003,0.18385922691708562),(0.18385922691708562,-0.72150000000000003,0.25306051584048356),(0.096660515840483574,-0.72150000000000003,0.29749047829712405),(1.9153475938664606E-17,-0.72150000000000003,0.31280000000000002),(-0.096660515840483532,-0.72150000000000003,0.29749047829712411),(-0.18385922691708559,-0.72150000000000003,0.25306051584048356),(-0.25306051584048356,-0.72150000000000003,0.18385922691708564),(-0.29749047829712405,-0.72150000000000003,0.096660515840483588),(-0.31280000000000002,-0.72150000000000003,3.8306951877329211E-17),(-0.29749047829712411,-0.72150000000000003,-0.096660515840483394),(-0.25306051584048361,-0.72150000000000003,-0.18385922691708559),(-0.18385922691708564,-0.72150000000000003,-0.25306051584048356),(-0.096660515840483602,-0.72150000000000003,-0.29749047829712405),(-5.7460427815993813E-17,-0.72150000000000003,-0.31280000000000002),(0.096660515840483505,-0.72150000000000003,-0.29749047829712411),(0.18385922691708553,-0.72150000000000003,-0.25306051584048361),(0.25306051584048356,-0.72150000000000003,-0.18385922691708567),(0.29749047829712405,-0.72150000000000003,-0.096660515840483616),(0.31280000000000002,-0.6865,0.),(0.29749047829712405,-0.6865,0.096660515840483546),(0.25306051584048356,-0.6865,0.18385922691708562),(0.18385922691708562,-0.6865,0.25306051584048356),(0.096660515840483574,-0.6865,0.29749047829712405),(1.9153475938664606E-17,-0.6865,0.31280000000000002),(-0.096660515840483532,-0.6865,0.29749047829712411),(-0.18385922691708559,-0.6865,0.25306051584048356),(-0.25306051584048356,-0.6865,0.18385922691708564),(-0.29749047829712405,-0.6865,0.096660515840483588),(-0.31280000000000002,-0.6865,3.8306951877329211E-17),(-0.29749047829712411,-0.6865,-0.096660515840483394),(-0.25306051584048361,-0.6865,-0.18385922691708559),(-0.18385922691708564,-0.6865,-0.25306051584048356),(-0.096660515840483602,-0.6865,-0.29749047829712405),(-5.7460427815993813E-17,-0.6865,-0.31280000000000002),(0.096660515840483505,-0.6865,-0.29749047829712411),(0.18385922691708553,-0.6865,-0.25306051584048361),(0.25306051584048356,-0.6865,-0.18385922691708567),(0.29749047829712405,-0.6865,-0.096660515840483616),(0.46000000000000002,0.94999999999999996,0.),(0.43748599749577066,0.94999999999999996,0.14214781741247581),(0.37214781741247582,0.94999999999999996,0.27038121605453763),(0.27038121605453763,0.94999999999999996,0.37214781741247582),(0.14214781741247584,0.94999999999999996,0.43748599749577066),(2.8166876380389123E-17,0.94999999999999996,0.46000000000000002),(-0.14214781741247579,0.94999999999999996,0.43748599749577072),(-0.27038121605453758,0.94999999999999996,0.37214781741247582),(-0.37214781741247577,0.94999999999999996,0.27038121605453769),(-0.43748599749577066,0.94999999999999996,0.14214781741247587),(-0.46000000000000002,0.94999999999999996,5.6333752760778246E-17),(-0.43748599749577077,0.94999999999999996,-0.14214781741247559),(-0.37214781741247588,0.94999999999999996,-0.27038121605453758),(-0.27038121605453769,0.94999999999999996,-0.37214781741247577),(-0.1421478174124759,0.94999999999999996,-0.43748599749577066),(-8.4500629141167369E-17,0.94999999999999996,-0.46000000000000002),(0.14214781741247573,0.94999999999999996,-0.43748599749577072),(0.27038121605453758,0.94999999999999996,-0.37214781741247588),(0.37214781741247577,0.94999999999999996,-0.27038121605453774),(0.43748599749577066,0.94999999999999996,-0.14214781741247592),(0.46000000000000002,1.1000000000000001,0.),(0.43748599749577066,1.1000000000000001,0.14214781741247581),(0.37214781741247582,1.1000000000000001,0.27038121605453763),(0.27038121605453763,1.1000000000000001,0.37214781741247582),(0.14214781741247584,1.1000000000000001,0.43748599749577066),(2.8166876380389123E-17,1.1000000000000001,0.46000000000000002),(-0.14214781741247579,1.1000000000000001,0.43748599749577072),(-0.27038121605453758,1.1000000000000001,0.37214781741247582),(-0.37214781741247577,1.1000000000000001,0.27038121605453769),(-0.43748599749577066,1.1000000000000001,0.14214781741247587),(-0.46000000000000002,1.1000000000000001,5.6333752760778246E-17),(-0.43748599749577077,1.1000000000000001,-0.14214781741247559),(-0.37214781741247588,1.1000000000000001,-0.27038121605453758),(-0.27038121605453769,1.1000000000000001,-0.37214781741247577),(-0.1421478174124759,1.1000000000000001,-0.43748599749577066),(-8.4500629141167369E-17,1.1000000000000001,-0.46000000000000002),(0.14214781741247573,1.1000000000000001,-0.43748599749577072),(0.27038121605453758,1.1000000000000001,-0.37214781741247588),(0.37214781741247577,1.1000000000000001,-0.27038121605453774),(0.43748599749577066,1.1000000000000001,-0.14214781741247592),(0.31280000000000002,0.6865,0.),(0.29749047829712405,0.6865,0.096660515840483546),(0.25306051584048356,0.6865,0.18385922691708562),(0.18385922691708562,0.6865,0.25306051584048356),(0.096660515840483574,0.6865,0.29749047829712405),(1.9153475938664606E-17,0.6865,0.31280000000000002),(-0.096660515840483532,0.6865,0.29749047829712411),(-0.18385922691708559,0.6865,0.25306051584048356),(-0.25306051584048356,0.6865,0.18385922691708564),(-0.29749047829712405,0.6865,0.096660515840483588),(-0.31280000000000002,0.6865,3.8306951877329211E-17),(-0.29749047829712411,0.6865,-0.096660515840483394),(-0.25306051584048361,0.6865,-0.18385922691708559),(-0.18385922691708564,0.6865,-0.25306051584048356),(-0.096660515840483602,0.6865,-0.29749047829712405),(-5.7460427815993813E-17,0.6865,-0.31280000000000002),(0.096660515840483505,0.6865,-0.29749047829712411),(0.18385922691708553,0.6865,-0.25306051584048361),(0.25306051584048356,0.6865,-0.18385922691708567),(0.29749047829712405,0.6865,-0.096660515840483616),(0.31280000000000002,0.72150000000000003,0.),(0.29749047829712405,0.72150000000000003,0.096660515840483546),(0.25306051584048356,0.72150000000000003,0.18385922691708562),(0.18385922691708562,0.72150000000000003,0.25306051584048356),(0.096660515840483574,0.72150000000000003,0.29749047829712405),(1.9153475938664606E-17,0.72150000000000003,0.31280000000000002),(-0.096660515840483532,0.72150000000000003,0.29749047829712411),(-0.18385922691708559,0.72150000000000003,0.25306051584048356),(-0.25306051584048356,0.72150000000000003,0.18385922691708564),(-0.29749047829712405,0.72150000000000003,0.096660515840483588),(-0.31280000000000002,0.72150000000000003,3.8306951877329211E-17),(-0.29749047829712411,0.72150000000000003,-0.096660515840483394),(-0.25306051584048361,0.72150000000000003,-0.18385922691708559),(-0.18385922691708564,0.72150000000000003,-0.25306051584048356),(-0.096660515840483602,0.72150000000000003,-0.29749047829712405),(-5.7460427815993813E-17,0.72150000000000003,-0.31280000000000002),(0.096660515840483505,0.72150000000000003,-0.29749047829712411),(0.18385922691708553,0.72150000000000003,-0.25306051584048361),(0.25306051584048356,0.72150000000000003,-0.18385922691708567),(0.29749047829712405,0.72150000000000003,-0.096660515840483616)),$);
#139=IFCINDEXEDPOLYGONALFACE((20,19,18,17,16,15,14,13,12,11,10,9,8,7,6,5,4,3,2,1));
#140=IFCINDEXEDPOLYGONALFACE((21,22,23,24,25,26,27,28,29,30,31,32,33,34,35,36,37,38,39,40));
#141=IFCINDEXEDPOLYGONALFACE((1,2,22,21));
#142=IFCINDEXEDPOLYGONALFACE((2,3,23,22));
#143=IFCINDEXEDPOLYGONALFACE((3,4,24,23));
#144=IFCINDEXEDPOLYGONALFACE((4,5,25,24));
#145=IFCINDEXEDPOLYGONALFACE((5,6,26,25));
#146=IFCINDEXEDPOLYGONALFACE((6,7,27,26));
#147=IFCINDEXEDPOLYGONALFACE((7,8,28,27));
#148=IFCINDEXEDPOLYGONALFACE((8,9,29,28));
#149=IFCINDEXEDPOLYGONALFACE((9,10,30,29));
#150=IFCINDEXEDPOLYGONALFACE((10,11,31,30));
#151=IFCINDEXEDPOLYGONALFACE((11,12,32,31));
#152=IFCINDEXEDPOLYGONALFACE((12,13,33,32));
#153=IFCINDEXEDPOLYGONALFACE((13,14,34,33));
#154=IFCINDEXEDPOLYGONALFACE((14,15,35,34));
#155=IFCINDEXEDPOLYGONALFACE((15,16,36,35));
#156=IFCINDEXEDPOLYGONALFACE((16,17,37,36));
#157=IFCINDEXEDPOLYGONALFACE((17,18,38,37));
#158=IFCINDEXEDPOLYGONALFACE((18,19,39,38));
#159=IFCINDEXEDPOLYGONALFACE((19,20,40,39));
#160=IFCINDEXEDPOLYGONALFACE((20,1,21,40));
#161=IFCINDEXEDPOLYGONALFACE((60,59,58,57,56,55,54,53,52,51,50,49,48,47,46,45,44,43,42,41));
#162=IFCINDEXEDPOLYGONALFACE((61,62,63,64,65,66,67,68,69,70,71,72,73,74,75,76,77,78,79,80));
#163=IFCINDEXEDPOLYGONALFACE((41,42,62,61));
#164=IFCINDEXEDPOLYGONALFACE((42,43,63,62));
#165=IFCINDEXEDPOLYGONALFACE((43,44,64,63));
#166=IFCINDEXEDPOLYGONALFACE((44,45,65,64));
#167=IFCINDEXEDPOLYGONALFACE((45,46,66,65));
#168=IFCINDEXEDPOLYGONALFACE((46,47,67,66));
#169=IFCINDEXEDPOLYGONALFACE((47,48,68,67));
#170=IFCINDEXEDPOLYGONALFACE((48,49,69,68));
#171=IFCINDEXEDPOLYGONALFACE((49,50,70,69));
#172=IFCINDEXEDPOLYGONALFACE((50,51,71,70));
#173=IFCINDEXEDPOLYGONALFACE((51,52,72,71));
#174=IFCINDEXEDPOLYGONALFACE((52,53,73,72));
#175=IFCINDEXEDPOLYGONALFACE((53,54,74,73));
#176=IFCINDEXEDPOLYGONALFACE((54,55,75,74));
#177=IFCINDEXEDPOLYGONALFACE((55,56,76,75));
#178=IFCINDEXEDPOLYGONALFACE((56,57,77,76));
#179=IFCINDEXEDPOLYGONALFACE((57,58,78,77));
#180=IFCINDEXEDPOLYGONALFACE((58,59,79,78));
#181=IFCINDEXEDPOLYGONALFACE((59,60,80,79));
#182=IFCINDEXEDPOLYGONALFACE((60,41,61,80));
#183=IFCINDEXEDPOLYGONALFACE((100,99,98,97,96,95,94,93,92,91,90,89,88,87,86,85,84,83,82,81));
#184=IFCINDEXEDPOLYGONALFACE((101,102,103,104,105,106,107,108,109,110,111,112,113,114,115,116,117,118,119,120));
#185=IFCINDEXEDPOLYGONALFACE((81,82,102,101));
#186=IFCINDEXEDPOLYGONALFACE((82,83,103,102));
#187=IFCINDEXEDPOLYGONALFACE((83,84,104,103));
#188=IFCINDEXEDPOLYGONALFACE((84,85,105,104));
#189=IFCINDEXEDPOLYGONALFACE((85,86,106,105));
#190=IFCINDEXEDPOLYGONALFACE((86,87,107,106));
#191=IFCINDEXEDPOLYGONALFACE((87,88,108,107));
#192=IFCINDEXEDPOLYGONALFACE((88,89,109,108));
#193=IFCINDEXEDPOLYGONALFACE((89,90,110,109));
#194=IFCINDEXEDPOLYGONALFACE((90,91,111,110));
#195=IFCINDEXEDPOLYGONALFACE((91,92,112,111));
#196=IFCINDEXEDPOLYGONALFACE((92,93,113,112));
#197=IFCINDEXEDPOLYGONALFACE((93,94,114,113));
#198=IFCINDEXEDPOLYGONALFACE((94,95,115,114));
#199=IFCINDEXEDPOLYGONALFACE((95,96,116,115));
#200=IFCINDEXEDPOLYGONALFACE((96,97,117,116));
#201=IFCINDEXEDPOLYGONALFACE((97,98,118,117));
#202=IFCINDEXEDPOLYGONALFACE((98,99,119,118));
#203=IFCINDEXEDPOLYGONALFACE((99,100,120,119));
#204=IFCINDEXEDPOLYGONALFACE((100,81,101,120));
#205=IFCINDEXEDPOLYGONALFACE((140,139,138,137,136,135,134,133,132,131,130,129,128,127,126,125,124,123,122,121));
#206=IFCINDEXEDPOLYGONALFACE((141,142,143,144,145,146,147,148,149,150,151,152,153,154,155,156,157,158,159,160));
#207=IFCINDEXEDPOLYGONALFACE((121,122,142,141));
#208=IFCINDEXEDPOLYGONALFACE((122,123,143,142));
#209=IFCINDEXEDPOLYGONALFACE((123,124,144,143));
#210=IFCINDEXEDPOLYGONALFACE((124,125,145,144));
#211=IFCINDEXEDPOLYGONALFACE((125,126,146,145));
#212=IFCINDEXEDPOLYGONALFACE((126,127,147,146));
#213=IFCINDEXEDPOLYGONALFACE((127,128,148,147));
#214=IFCINDEXEDPOLYGONALFACE((128,129,149,148));
#215=IFCINDEXEDPOLYGONALFACE((129,130,150,149));
#216=IFCINDEXEDPOLYGONALFACE((130,131,151,150));
#217=IFCINDEXEDPOLYGONALFACE((131,132,152,151));
#218=IFCINDEXEDPOLYGONALFACE((132,133,153,152));
#219=IFCINDEXEDPOLYGONALFACE((133,134,154,153));
#220=IFCINDEXEDPOLYGONALFACE((134,135,155,154));
#221=IFCINDEXEDPOLYGONALFACE((135,136,156,155));
#222=IFCINDEXEDPOLYGONALFACE((136,137,157,156));
#223=IFCINDEXEDPOLYGONALFACE((137,138,158,157));
#224=IFCINDEXEDPOLYGONALFACE((138,139,159,158));
#225=IFCINDEXEDPOLYGONALFACE((139,140,160,159));
#226=IFCINDEXEDPOLYGONALFACE((140,121,141,160));
#227=IFCINDEXEDPOLYGONALFACE((180,179,178,177,176,175,174,173,172,171,170,169,168,167,166,165,164,163,162,161));
#228=IFCINDEXEDPOLYGONALFACE((181,182,183,184,185,186,187,188,189,190,191,192,193,194,195,196,197,198,199,200));
#229=IFCINDEXEDPOLYGONALFACE((161,162,182,181));
#230=IFCINDEXEDPOLYGONALFACE((162,163,183,182));
#231=IFCINDEXEDPOLYGONALFACE((163,164,184,183));
#232=IFCINDEXEDPOLYGONALFACE((164,165,185,184));
#233=IFCINDEXEDPOLYGONALFACE((165,166,186,185));
#234=IFCINDEXEDPOLYGONALFACE((166,167,187,186));
#235=IFCINDEXEDPOLYGONALFACE((167,168,188,187));
#236=IFCINDEXEDPOLYGONALFACE((168,169,189,188));
#237=IFCINDEXEDPOLYGONALFACE((169,170,190,189));
#238=IFCINDEXEDPOLYGONALFACE((170,171,191,190));
#239=IFCINDEXEDPOLYGONALFACE((171,172,192,191));
#240=IFCINDEXEDPOLYGONALFACE((172,173,193,192));
#241=IFCINDEXEDPOLYGONALFACE((173,174,194,193));
#242=IFCINDEXEDPOLYGONALFACE((174,175,195,194));
#243=IFCINDEXEDPOLYGONALFACE((175,176,196,195));
#244=IFCINDEXEDPOLYGONALFACE((176,177,197,196));
#245=IFCINDEXEDPOLYGONALFACE((177,178,198,197));
#246=IFCINDEXEDPOLYGONALFACE((178,179,199,198));
#247=IFCINDEXEDPOLYGONALFACE((179,180,200,199));
#248=IFCINDEXEDPOLYGONALFACE((180,161,181,200));
#249=IFCPOLYGONALFACESET(#138,$,(#139,#140,#141,#142,#143,#144,#145,#146,#147,#148,#149,#150,#151,#152,#153,#154,#155,#156,#157,#158,#159,#160,#161,#162,#163,#164,#165,#166,#167,#168,#169,#170,#171,#172,#173,#174,#175,#176,#177,#178,#179,#180,#181,#182,#183,#184,#185,#186,#187,#188,#189,#190,#191,#192,#193,#194,#195,#196,#197,#198,#199,#200,#201,#202,#203,#204,#205,#206,#207,#208,#209,#210,#211,#212,#213,#214,#215,#216,#217,#218,#219,#220,#221,#222,#223,#224,#225,#226,#227,#228,#229,#230,#231,#232,#233,#234,#235,#236,#237,#238,#239,#240,#241,#242,#243,#244,#245,#246,#247,#248),$);
#250=IFCSHAPEREPRESENTATION(#13,'Body','Tessellation',(#249));
#251=IFCPRODUCTDEFINITIONSHAPE($,$,(#250));
#252=IFCBUILDINGELEMENTPROXY('08v9ztUrLKTeVcgM_bfasM',$,'powered-wheelset axlebox, sealed bearing unit, speed and temperature sensor set','Ready-to-mount railway axlebox bearing units keep bearing setting, seals and sensor interfaces under one supplier responsibility.',$,#841,#309,'LM3-BOG-P042',$);
#253=IFCPROPERTYSINGLEVALUE('OSRId',$,IFCTEXT('LM3-BOG-P042'),$);
#254=IFCPROPERTYSINGLEVALUE('Parent',$,IFCTEXT('LM3-BOG-SA611'),$);
#255=IFCPROPERTYSINGLEVALUE('Route',$,IFCTEXT('BID'),$);
#256=IFCPROPERTYSINGLEVALUE('Maturity',$,IFCTEXT('buildable-after-supplier-freeze'),$);
#257=IFCPROPERTYSINGLEVALUE('QuantityPerTrainset',$,IFCINTEGER(6),$);
#258=IFCPROPERTYSINGLEVALUE('Unit',$,IFCTEXT('wheelset set'),$);
#259=IFCPROPERTYSINGLEVALUE('GeometryStatus',$,IFCTEXT('design-reference-not-released'),$);
#260=IFCPROPERTYSET('17mIdFe5XJ6RF$RDgpo3pI',$,'OSR_ProductDefinition',$,(#253,#254,#255,#256,#257,#258,#259));
#261=IFCRELDEFINESBYPROPERTIES('3YdwRYqYLKoRPp2ItfIwnJ',$,$,$,(#252),#260);
#262=IFCCARTESIANPOINTLIST3D(((0.17360000000000003,-0.17360000000000003,0.),(0.16510341122883868,-0.17360000000000003,0.05364535022349088),(0.14044535022349092,-0.17360000000000003,0.10203951979797335),(0.10203951979797335,-0.17360000000000003,0.14044535022349092),(0.053645350223490887,-0.17360000000000003,0.16510341122883868),(1.0629934216599028E-17,-0.17360000000000003,0.17360000000000003),(-0.053645350223490866,-0.17360000000000003,0.1651034112288387),(-0.10203951979797334,-0.17360000000000003,0.14044535022349092),(-0.14044535022349089,-0.17360000000000003,0.10203951979797338),(-0.16510341122883868,-0.17360000000000003,0.053645350223490894),(-0.17360000000000003,-0.17360000000000003,2.1259868433198056E-17),(-0.16510341122883873,-0.17360000000000003,-0.05364535022349079),(-0.14044535022349092,-0.17360000000000003,-0.10203951979797334),(-0.10203951979797338,-0.17360000000000003,-0.14044535022349089),(-0.053645350223490908,-0.17360000000000003,-0.16510341122883868),(-3.1889802649797078E-17,-0.17360000000000003,-0.17360000000000003),(0.053645350223490852,-0.17360000000000003,-0.1651034112288387),(0.10203951979797332,-0.17360000000000003,-0.14044535022349092),(0.14044535022349089,-0.17360000000000003,-0.10203951979797339),(0.16510341122883868,-0.17360000000000003,-0.053645350223490915),(0.17360000000000003,0.17360000000000003,0.),(0.16510341122883868,0.17360000000000003,0.05364535022349088),(0.14044535022349092,0.17360000000000003,0.10203951979797335),(0.10203951979797335,0.17360000000000003,0.14044535022349092),(0.053645350223490887,0.17360000000000003,0.16510341122883868),(1.0629934216599028E-17,0.17360000000000003,0.17360000000000003),(-0.053645350223490866,0.17360000000000003,0.1651034112288387),(-0.10203951979797334,0.17360000000000003,0.14044535022349092),(-0.14044535022349089,0.17360000000000003,0.10203951979797338),(-0.16510341122883868,0.17360000000000003,0.053645350223490894),(-0.17360000000000003,0.17360000000000003,2.1259868433198056E-17),(-0.16510341122883873,0.17360000000000003,-0.05364535022349079),(-0.14044535022349092,0.17360000000000003,-0.10203951979797334),(-0.10203951979797338,0.17360000000000003,-0.14044535022349089),(-0.053645350223490908,0.17360000000000003,-0.16510341122883868),(-3.1889802649797078E-17,0.17360000000000003,-0.17360000000000003),(0.053645350223490852,0.17360000000000003,-0.1651034112288387),(0.10203951979797332,0.17360000000000003,-0.14044535022349092),(0.14044535022349089,0.17360000000000003,-0.10203951979797339),(0.16510341122883868,0.17360000000000003,-0.053645350223490915),(0.074400000000000008,-0.31,-0.23559999999999998),(0.070758604812359432,-0.31,-0.21260913561850389),(0.060190864381496095,-0.31,-0.19186877722943996),(0.043731222770560005,-0.31,-0.17540913561850388),(0.022990864381496091,-0.31,-0.16484139518764054),(4.5556860928281542E-18,-0.31,-0.16119999999999995),(-0.022990864381496084,-0.31,-0.16484139518764054),(-0.043731222770559998,-0.31,-0.17540913561850388),(-0.060190864381496088,-0.31,-0.19186877722943996),(-0.070758604812359432,-0.31,-0.21260913561850386),(-0.074400000000000008,-0.31,-0.23559999999999998),(-0.070758604812359446,-0.31,-0.25859086438149603),(-0.060190864381496102,-0.31,-0.27933122277055999),(-0.043731222770560012,-0.31,-0.29579086438149604),(-0.022990864381496102,-0.31,-0.30635860481235944),(-1.3667058278484462E-17,-0.31,-0.31),(0.022990864381496078,-0.31,-0.30635860481235944),(0.043731222770559991,-0.31,-0.2957908643814961),(0.060190864381496088,-0.31,-0.27933122277055999),(0.070758604812359432,-0.31,-0.25859086438149609),(0.074400000000000008,0.31,-0.23559999999999998),(0.070758604812359432,0.31,-0.21260913561850389),(0.060190864381496095,0.31,-0.19186877722943996),(0.043731222770560005,0.31,-0.17540913561850388),(0.022990864381496091,0.31,-0.16484139518764054),(4.5556860928281542E-18,0.31,-0.16119999999999995),(-0.022990864381496084,0.31,-0.16484139518764054),(-0.043731222770559998,0.31,-0.17540913561850388),(-0.060190864381496088,0.31,-0.19186877722943996),(-0.070758604812359432,0.31,-0.21260913561850386),(-0.074400000000000008,0.31,-0.23559999999999998),(-0.070758604812359446,0.31,-0.25859086438149603),(-0.060190864381496102,0.31,-0.27933122277055999),(-0.043731222770560012,0.31,-0.29579086438149604),(-0.022990864381496102,0.31,-0.30635860481235944),(-1.3667058278484462E-17,0.31,-0.31),(0.022990864381496078,0.31,-0.30635860481235944),(0.043731222770559991,0.31,-0.2957908643814961),(0.060190864381496088,0.31,-0.27933122277055999),(0.070758604812359432,0.31,-0.25859086438149609)),$);
#263=IFCINDEXEDPOLYGONALFACE((20,19,18,17,16,15,14,13,12,11,10,9,8,7,6,5,4,3,2,1));
#264=IFCINDEXEDPOLYGONALFACE((21,22,23,24,25,26,27,28,29,30,31,32,33,34,35,36,37,38,39,40));
#265=IFCINDEXEDPOLYGONALFACE((1,2,22,21));
#266=IFCINDEXEDPOLYGONALFACE((2,3,23,22));
#267=IFCINDEXEDPOLYGONALFACE((3,4,24,23));
#268=IFCINDEXEDPOLYGONALFACE((4,5,25,24));
#269=IFCINDEXEDPOLYGONALFACE((5,6,26,25));
#270=IFCINDEXEDPOLYGONALFACE((6,7,27,26));
#271=IFCINDEXEDPOLYGONALFACE((7,8,28,27));
#272=IFCINDEXEDPOLYGONALFACE((8,9,29,28));
#273=IFCINDEXEDPOLYGONALFACE((9,10,30,29));
#274=IFCINDEXEDPOLYGONALFACE((10,11,31,30));
#275=IFCINDEXEDPOLYGONALFACE((11,12,32,31));
#276=IFCINDEXEDPOLYGONALFACE((12,13,33,32));
#277=IFCINDEXEDPOLYGONALFACE((13,14,34,33));
#278=IFCINDEXEDPOLYGONALFACE((14,15,35,34));
#279=IFCINDEXEDPOLYGONALFACE((15,16,36,35));
#280=IFCINDEXEDPOLYGONALFACE((16,17,37,36));
#281=IFCINDEXEDPOLYGONALFACE((17,18,38,37));
#282=IFCINDEXEDPOLYGONALFACE((18,19,39,38));
#283=IFCINDEXEDPOLYGONALFACE((19,20,40,39));
#284=IFCINDEXEDPOLYGONALFACE((20,1,21,40));
#285=IFCINDEXEDPOLYGONALFACE((60,59,58,57,56,55,54,53,52,51,50,49,48,47,46,45,44,43,42,41));
#286=IFCINDEXEDPOLYGONALFACE((61,62,63,64,65,66,67,68,69,70,71,72,73,74,75,76,77,78,79,80));
#287=IFCINDEXEDPOLYGONALFACE((41,42,62,61));
#288=IFCINDEXEDPOLYGONALFACE((42,43,63,62));
#289=IFCINDEXEDPOLYGONALFACE((43,44,64,63));
#290=IFCINDEXEDPOLYGONALFACE((44,45,65,64));
#291=IFCINDEXEDPOLYGONALFACE((45,46,66,65));
#292=IFCINDEXEDPOLYGONALFACE((46,47,67,66));
#293=IFCINDEXEDPOLYGONALFACE((47,48,68,67));
#294=IFCINDEXEDPOLYGONALFACE((48,49,69,68));
#295=IFCINDEXEDPOLYGONALFACE((49,50,70,69));
#296=IFCINDEXEDPOLYGONALFACE((50,51,71,70));
#297=IFCINDEXEDPOLYGONALFACE((51,52,72,71));
#298=IFCINDEXEDPOLYGONALFACE((52,53,73,72));
#299=IFCINDEXEDPOLYGONALFACE((53,54,74,73));
#300=IFCINDEXEDPOLYGONALFACE((54,55,75,74));
#301=IFCINDEXEDPOLYGONALFACE((55,56,76,75));
#302=IFCINDEXEDPOLYGONALFACE((56,57,77,76));
#303=IFCINDEXEDPOLYGONALFACE((57,58,78,77));
#304=IFCINDEXEDPOLYGONALFACE((58,59,79,78));
#305=IFCINDEXEDPOLYGONALFACE((59,60,80,79));
#306=IFCINDEXEDPOLYGONALFACE((60,41,61,80));
#307=IFCPOLYGONALFACESET(#262,$,(#263,#264,#265,#266,#267,#268,#269,#270,#271,#272,#273,#274,#275,#276,#277,#278,#279,#280,#281,#282,#283,#284,#285,#286,#287,#288,#289,#290,#291,#292,#293,#294,#295,#296,#297,#298,#299,#300,#301,#302,#303,#304,#305,#306),$);
#308=IFCSHAPEREPRESENTATION(#13,'Body','Tessellation',(#307));
#309=IFCPRODUCTDEFINITIONSHAPE($,$,(#308));
#310=IFCBUILDINGELEMENTPROXY('1JXjh62DjRbuaCS9WJNO9Q',$,'powered-bogie primary suspension spring, guide and bump-stop set','Matched, batch-traceable primary springs and elastomer guides are selected from the released axle-load and dynamic model.',$,#844,#433,'LM3-BOG-P044',$);
#311=IFCPROPERTYSINGLEVALUE('OSRId',$,IFCTEXT('LM3-BOG-P044'),$);
#312=IFCPROPERTYSINGLEVALUE('Parent',$,IFCTEXT('LM3-BOG-SA611'),$);
#313=IFCPROPERTYSINGLEVALUE('Route',$,IFCTEXT('BID'),$);
#314=IFCPROPERTYSINGLEVALUE('Maturity',$,IFCTEXT('buildable-after-supplier-freeze'),$);
#315=IFCPROPERTYSINGLEVALUE('QuantityPerTrainset',$,IFCINTEGER(3),$);
#316=IFCPROPERTYSINGLEVALUE('Unit',$,IFCTEXT('bogie set'),$);
#317=IFCPROPERTYSINGLEVALUE('GeometryStatus',$,IFCTEXT('design-reference-not-released'),$);
#318=IFCPROPERTYSET('1k1FMx8nPTwAt$_35pHHh7',$,'OSR_ProductDefinition',$,(#311,#312,#313,#314,#315,#316,#317));
#319=IFCRELDEFINESBYPROPERTIES('0YOhMoBHzGAgw8ntXpC986',$,$,$,(#310),#318);
#320=IFCCARTESIANPOINTLIST3D(((-0.3600000000000001,-0.75600000000000001,-0.26000000000000001),(-0.37057179248024696,-0.68925232921501134,-0.26000000000000001),(-0.40125232921501142,-0.62903838550482583,-0.26000000000000001),(-0.44903838550482589,-0.58125232921501135,-0.26000000000000001),(-0.5092523292150114,-0.5505717924802469,-0.26000000000000001),(-0.57600000000000007,-0.54000000000000004,-0.26000000000000001),(-0.64274767078498862,-0.5505717924802469,-0.26000000000000001),(-0.70296161449517425,-0.58125232921501135,-0.26000000000000001),(-0.75074767078498872,-0.62903838550482583,-0.26000000000000001),(-0.78142820751975317,-0.68925232921501134,-0.26000000000000001),(-0.79200000000000004,-0.75600000000000001,-0.26000000000000001),(-0.78142820751975328,-0.82274767078498856,-0.26000000000000001),(-0.75074767078498872,-0.88296161449517419,-0.26000000000000001),(-0.70296161449517425,-0.93074767078498866,-0.26000000000000001),(-0.64274767078498873,-0.96142820751975311,-0.26000000000000001),(-0.57600000000000007,-0.97199999999999998,-0.26000000000000001),(-0.50925232921501151,-0.96142820751975311,-0.26000000000000001),(-0.44903838550482594,-0.93074767078498866,-0.26000000000000001),(-0.40125232921501147,-0.88296161449517419,-0.26000000000000001),(-0.37057179248024696,-0.82274767078498867,-0.26000000000000001),(-0.3600000000000001,-0.75600000000000001,0.26000000000000001),(-0.37057179248024696,-0.68925232921501134,0.26000000000000001),(-0.40125232921501142,-0.62903838550482583,0.26000000000000001),(-0.44903838550482589,-0.58125232921501135,0.26000000000000001),(-0.5092523292150114,-0.5505717924802469,0.26000000000000001),(-0.57600000000000007,-0.54000000000000004,0.26000000000000001),(-0.64274767078498862,-0.5505717924802469,0.26000000000000001),(-0.70296161449517425,-0.58125232921501135,0.26000000000000001),(-0.75074767078498872,-0.62903838550482583,0.26000000000000001),(-0.78142820751975317,-0.68925232921501134,0.26000000000000001),(-0.79200000000000004,-0.75600000000000001,0.26000000000000001),(-0.78142820751975328,-0.82274767078498856,0.26000000000000001),(-0.75074767078498872,-0.88296161449517419,0.26000000000000001),(-0.70296161449517425,-0.93074767078498866,0.26000000000000001),(-0.64274767078498873,-0.96142820751975311,0.26000000000000001),(-0.57600000000000007,-0.97199999999999998,0.26000000000000001),(-0.50925232921501151,-0.96142820751975311,0.26000000000000001),(-0.44903838550482594,-0.93074767078498866,0.26000000000000001),(-0.40125232921501147,-0.88296161449517419,0.26000000000000001),(-0.37057179248024696,-0.82274767078498867,0.26000000000000001),(-0.3600000000000001,0.75600000000000001,-0.26000000000000001),(-0.37057179248024696,0.82274767078498867,-0.26000000000000001),(-0.40125232921501142,0.88296161449517419,-0.26000000000000001),(-0.44903838550482589,0.93074767078498866,-0.26000000000000001),(-0.5092523292150114,0.96142820751975311,-0.26000000000000001),(-0.57600000000000007,0.97199999999999998,-0.26000000000000001),(-0.64274767078498862,0.96142820751975311,-0.26000000000000001),(-0.70296161449517425,0.93074767078498866,-0.26000000000000001),(-0.75074767078498872,0.88296161449517419,-0.26000000000000001),(-0.78142820751975317,0.82274767078498867,-0.26000000000000001),(-0.79200000000000004,0.75600000000000001,-0.26000000000000001),(-0.78142820751975328,0.68925232921501145,-0.26000000000000001),(-0.75074767078498872,0.62903838550482583,-0.26000000000000001),(-0.70296161449517425,0.58125232921501135,-0.26000000000000001),(-0.64274767078498873,0.5505717924802469,-0.26000000000000001),(-0.57600000000000007,0.54000000000000004,-0.26000000000000001),(-0.50925232921501151,0.5505717924802469,-0.26000000000000001),(-0.44903838550482594,0.58125232921501135,-0.26000000000000001),(-0.40125232921501147,0.62903838550482583,-0.26000000000000001),(-0.37057179248024696,0.68925232921501134,-0.26000000000000001),(-0.3600000000000001,0.75600000000000001,0.26000000000000001),(-0.37057179248024696,0.82274767078498867,0.26000000000000001),(-0.40125232921501142,0.88296161449517419,0.26000000000000001),(-0.44903838550482589,0.93074767078498866,0.26000000000000001),(-0.5092523292150114,0.96142820751975311,0.26000000000000001),(-0.57600000000000007,0.97199999999999998,0.26000000000000001),(-0.64274767078498862,0.96142820751975311,0.26000000000000001),(-0.70296161449517425,0.93074767078498866,0.26000000000000001),(-0.75074767078498872,0.88296161449517419,0.26000000000000001),(-0.78142820751975317,0.82274767078498867,0.26000000000000001),(-0.79200000000000004,0.75600000000000001,0.26000000000000001),(-0.78142820751975328,0.68925232921501145,0.26000000000000001),(-0.75074767078498872,0.62903838550482583,0.26000000000000001),(-0.70296161449517425,0.58125232921501135,0.26000000000000001),(-0.64274767078498873,0.5505717924802469,0.26000000000000001),(-0.57600000000000007,0.54000000000000004,0.26000000000000001),(-0.50925232921501151,0.5505717924802469,0.26000000000000001),(-0.44903838550482594,0.58125232921501135,0.26000000000000001),(-0.40125232921501147,0.62903838550482583,0.26000000000000001),(-0.37057179248024696,0.68925232921501134,0.26000000000000001),(0.79200000000000004,-0.75600000000000001,-0.26000000000000001),(0.78142820751975317,-0.68925232921501134,-0.26000000000000001),(0.75074767078498872,-0.62903838550482583,-0.26000000000000001),(0.70296161449517425,-0.58125232921501135,-0.26000000000000001),(0.64274767078498873,-0.5505717924802469,-0.26000000000000001),(0.57600000000000007,-0.54000000000000004,-0.26000000000000001),(0.50925232921501151,-0.5505717924802469,-0.26000000000000001),(0.44903838550482589,-0.58125232921501135,-0.26000000000000001),(0.40125232921501147,-0.62903838550482583,-0.26000000000000001),(0.37057179248024696,-0.68925232921501134,-0.26000000000000001),(0.3600000000000001,-0.75600000000000001,-0.26000000000000001),(0.37057179248024685,-0.82274767078498856,-0.26000000000000001),(0.40125232921501142,-0.88296161449517419,-0.26000000000000001),(0.44903838550482589,-0.93074767078498866,-0.26000000000000001),(0.5092523292150114,-0.96142820751975311,-0.26000000000000001),(0.57600000000000007,-0.97199999999999998,-0.26000000000000001),(0.64274767078498862,-0.96142820751975311,-0.26000000000000001),(0.70296161449517425,-0.93074767078498866,-0.26000000000000001),(0.75074767078498872,-0.88296161449517419,-0.26000000000000001),(0.78142820751975317,-0.82274767078498867,-0.26000000000000001),(0.79200000000000004,-0.75600000000000001,0.26000000000000001),(0.78142820751975317,-0.68925232921501134,0.26000000000000001),(0.75074767078498872,-0.62903838550482583,0.26000000000000001),(0.70296161449517425,-0.58125232921501135,0.26000000000000001),(0.64274767078498873,-0.5505717924802469,0.26000000000000001),(0.57600000000000007,-0.54000000000000004,0.26000000000000001),(0.50925232921501151,-0.5505717924802469,0.26000000000000001),(0.44903838550482589,-0.58125232921501135,0.26000000000000001),(0.40125232921501147,-0.62903838550482583,0.26000000000000001),(0.37057179248024696,-0.68925232921501134,0.26000000000000001),(0.3600000000000001,-0.75600000000000001,0.26000000000000001),(0.37057179248024685,-0.82274767078498856,0.26000000000000001),(0.40125232921501142,-0.88296161449517419,0.26000000000000001),(0.44903838550482589,-0.93074767078498866,0.26000000000000001),(0.5092523292150114,-0.96142820751975311,0.26000000000000001),(0.57600000000000007,-0.97199999999999998,0.26000000000000001),(0.64274767078498862,-0.96142820751975311,0.26000000000000001),(0.70296161449517425,-0.93074767078498866,0.26000000000000001),(0.75074767078498872,-0.88296161449517419,0.26000000000000001),(0.78142820751975317,-0.82274767078498867,0.26000000000000001),(0.79200000000000004,0.75600000000000001,-0.26000000000000001),(0.78142820751975317,0.82274767078498867,-0.26000000000000001),(0.75074767078498872,0.88296161449517419,-0.26000000000000001),(0.70296161449517425,0.93074767078498866,-0.26000000000000001),(0.64274767078498873,0.96142820751975311,-0.26000000000000001),(0.57600000000000007,0.97199999999999998,-0.26000000000000001),(0.50925232921501151,0.96142820751975311,-0.26000000000000001),(0.44903838550482589,0.93074767078498866,-0.26000000000000001),(0.40125232921501147,0.88296161449517419,-0.26000000000000001),(0.37057179248024696,0.82274767078498867,-0.26000000000000001),(0.3600000000000001,0.75600000000000001,-0.26000000000000001),(0.37057179248024685,0.68925232921501145,-0.26000000000000001),(0.40125232921501142,0.62903838550482583,-0.26000000000000001),(0.44903838550482589,0.58125232921501135,-0.26000000000000001),(0.5092523292150114,0.5505717924802469,-0.26000000000000001),(0.57600000000000007,0.54000000000000004,-0.26000000000000001),(0.64274767078498862,0.5505717924802469,-0.26000000000000001),(0.70296161449517425,0.58125232921501135,-0.26000000000000001),(0.75074767078498872,0.62903838550482583,-0.26000000000000001),(0.78142820751975317,0.68925232921501134,-0.26000000000000001),(0.79200000000000004,0.75600000000000001,0.26000000000000001),(0.78142820751975317,0.82274767078498867,0.26000000000000001),(0.75074767078498872,0.88296161449517419,0.26000000000000001),(0.70296161449517425,0.93074767078498866,0.26000000000000001),(0.64274767078498873,0.96142820751975311,0.26000000000000001),(0.57600000000000007,0.97199999999999998,0.26000000000000001),(0.50925232921501151,0.96142820751975311,0.26000000000000001),(0.44903838550482589,0.93074767078498866,0.26000000000000001),(0.40125232921501147,0.88296161449517419,0.26000000000000001),(0.37057179248024696,0.82274767078498867,0.26000000000000001),(0.3600000000000001,0.75600000000000001,0.26000000000000001),(0.37057179248024685,0.68925232921501145,0.26000000000000001),(0.40125232921501142,0.62903838550482583,0.26000000000000001),(0.44903838550482589,0.58125232921501135,0.26000000000000001),(0.5092523292150114,0.5505717924802469,0.26000000000000001),(0.57600000000000007,0.54000000000000004,0.26000000000000001),(0.64274767078498862,0.5505717924802469,0.26000000000000001),(0.70296161449517425,0.58125232921501135,0.26000000000000001),(0.75074767078498872,0.62903838550482583,0.26000000000000001),(0.78142820751975317,0.68925232921501134,0.26000000000000001),(0.36749999999999999,0.,-0.046799999999999994),(0.34951326973846891,0.11356374543279317,-0.046799999999999994),(0.29731374543279321,0.21601108021748389,-0.046799999999999994),(0.21601108021748389,0.29731374543279321,-0.046799999999999994),(0.11356374543279318,0.34951326973846891,-0.046799999999999994),(2.2502884934332615E-17,0.36749999999999999,-0.046799999999999994),(-0.11356374543279314,0.34951326973846897,-0.046799999999999994),(-0.21601108021748383,0.29731374543279321,-0.046799999999999994),(-0.29731374543279315,0.21601108021748391,-0.046799999999999994),(-0.34951326973846891,0.11356374543279321,-0.046799999999999994),(-0.36749999999999999,4.5005769868665229E-17,-0.046799999999999994),(-0.34951326973846902,-0.11356374543279298,-0.046799999999999994),(-0.29731374543279321,-0.21601108021748383,-0.046799999999999994),(-0.21601108021748391,-0.29731374543279315,-0.046799999999999994),(-0.11356374543279323,-0.34951326973846891,-0.046799999999999994),(-6.7508654802997835E-17,-0.36749999999999999,-0.046799999999999994),(0.1135637454327931,-0.34951326973846897,-0.046799999999999994),(0.2160110802174838,-0.29731374543279321,-0.046799999999999994),(0.29731374543279315,-0.21601108021748394,-0.046799999999999994),(0.34951326973846891,-0.11356374543279325,-0.046799999999999994),(0.36749999999999999,0.,0.046799999999999994),(0.34951326973846891,0.11356374543279317,0.046799999999999994),(0.29731374543279321,0.21601108021748389,0.046799999999999994),(0.21601108021748389,0.29731374543279321,0.046799999999999994),(0.11356374543279318,0.34951326973846891,0.046799999999999994),(2.2502884934332615E-17,0.36749999999999999,0.046799999999999994),(-0.11356374543279314,0.34951326973846897,0.046799999999999994),(-0.21601108021748383,0.29731374543279321,0.046799999999999994),(-0.29731374543279315,0.21601108021748391,0.046799999999999994),(-0.34951326973846891,0.11356374543279321,0.046799999999999994),(-0.36749999999999999,4.5005769868665229E-17,0.046799999999999994),(-0.34951326973846902,-0.11356374543279298,0.046799999999999994),(-0.29731374543279321,-0.21601108021748383,0.046799999999999994),(-0.21601108021748391,-0.29731374543279315,0.046799999999999994),(-0.11356374543279323,-0.34951326973846891,0.046799999999999994),(-6.7508654802997835E-17,-0.36749999999999999,0.046799999999999994),(0.1135637454327931,-0.34951326973846897,0.046799999999999994),(0.2160110802174838,-0.29731374543279321,0.046799999999999994),(0.29731374543279315,-0.21601108021748394,0.046799999999999994),(0.34951326973846891,-0.11356374543279325,0.046799999999999994)),$);
#321=IFCINDEXEDPOLYGONALFACE((20,19,18,17,16,15,14,13,12,11,10,9,8,7,6,5,4,3,2,1));
#322=IFCINDEXEDPOLYGONALFACE((21,22,23,24,25,26,27,28,29,30,31,32,33,34,35,36,37,38,39,40));
#323=IFCINDEXEDPOLYGONALFACE((1,2,22,21));
#324=IFCINDEXEDPOLYGONALFACE((2,3,23,22));
#325=IFCINDEXEDPOLYGONALFACE((3,4,24,23));
#326=IFCINDEXEDPOLYGONALFACE((4,5,25,24));
#327=IFCINDEXEDPOLYGONALFACE((5,6,26,25));
#328=IFCINDEXEDPOLYGONALFACE((6,7,27,26));
#329=IFCINDEXEDPOLYGONALFACE((7,8,28,27));
#330=IFCINDEXEDPOLYGONALFACE((8,9,29,28));
#331=IFCINDEXEDPOLYGONALFACE((9,10,30,29));
#332=IFCINDEXEDPOLYGONALFACE((10,11,31,30));
#333=IFCINDEXEDPOLYGONALFACE((11,12,32,31));
#334=IFCINDEXEDPOLYGONALFACE((12,13,33,32));
#335=IFCINDEXEDPOLYGONALFACE((13,14,34,33));
#336=IFCINDEXEDPOLYGONALFACE((14,15,35,34));
#337=IFCINDEXEDPOLYGONALFACE((15,16,36,35));
#338=IFCINDEXEDPOLYGONALFACE((16,17,37,36));
#339=IFCINDEXEDPOLYGONALFACE((17,18,38,37));
#340=IFCINDEXEDPOLYGONALFACE((18,19,39,38));
#341=IFCINDEXEDPOLYGONALFACE((19,20,40,39));
#342=IFCINDEXEDPOLYGONALFACE((20,1,21,40));
#343=IFCINDEXEDPOLYGONALFACE((60,59,58,57,56,55,54,53,52,51,50,49,48,47,46,45,44,43,42,41));
#344=IFCINDEXEDPOLYGONALFACE((61,62,63,64,65,66,67,68,69,70,71,72,73,74,75,76,77,78,79,80));
#345=IFCINDEXEDPOLYGONALFACE((41,42,62,61));
#346=IFCINDEXEDPOLYGONALFACE((42,43,63,62));
#347=IFCINDEXEDPOLYGONALFACE((43,44,64,63));
#348=IFCINDEXEDPOLYGONALFACE((44,45,65,64));
#349=IFCINDEXEDPOLYGONALFACE((45,46,66,65));
#350=IFCINDEXEDPOLYGONALFACE((46,47,67,66));
#351=IFCINDEXEDPOLYGONALFACE((47,48,68,67));
#352=IFCINDEXEDPOLYGONALFACE((48,49,69,68));
#353=IFCINDEXEDPOLYGONALFACE((49,50,70,69));
#354=IFCINDEXEDPOLYGONALFACE((50,51,71,70));
#355=IFCINDEXEDPOLYGONALFACE((51,52,72,71));
#356=IFCINDEXEDPOLYGONALFACE((52,53,73,72));
#357=IFCINDEXEDPOLYGONALFACE((53,54,74,73));
#358=IFCINDEXEDPOLYGONALFACE((54,55,75,74));
#359=IFCINDEXEDPOLYGONALFACE((55,56,76,75));
#360=IFCINDEXEDPOLYGONALFACE((56,57,77,76));
#361=IFCINDEXEDPOLYGONALFACE((57,58,78,77));
#362=IFCINDEXEDPOLYGONALFACE((58,59,79,78));
#363=IFCINDEXEDPOLYGONALFACE((59,60,80,79));
#364=IFCINDEXEDPOLYGONALFACE((60,41,61,80));
#365=IFCINDEXEDPOLYGONALFACE((100,99,98,97,96,95,94,93,92,91,90,89,88,87,86,85,84,83,82,81));
#366=IFCINDEXEDPOLYGONALFACE((101,102,103,104,105,106,107,108,109,110,111,112,113,114,115,116,117,118,119,120));
#367=IFCINDEXEDPOLYGONALFACE((81,82,102,101));
#368=IFCINDEXEDPOLYGONALFACE((82,83,103,102));
#369=IFCINDEXEDPOLYGONALFACE((83,84,104,103));
#370=IFCINDEXEDPOLYGONALFACE((84,85,105,104));
#371=IFCINDEXEDPOLYGONALFACE((85,86,106,105));
#372=IFCINDEXEDPOLYGONALFACE((86,87,107,106));
#373=IFCINDEXEDPOLYGONALFACE((87,88,108,107));
#374=IFCINDEXEDPOLYGONALFACE((88,89,109,108));
#375=IFCINDEXEDPOLYGONALFACE((89,90,110,109));
#376=IFCINDEXEDPOLYGONALFACE((90,91,111,110));
#377=IFCINDEXEDPOLYGONALFACE((91,92,112,111));
#378=IFCINDEXEDPOLYGONALFACE((92,93,113,112));
#379=IFCINDEXEDPOLYGONALFACE((93,94,114,113));
#380=IFCINDEXEDPOLYGONALFACE((94,95,115,114));
#381=IFCINDEXEDPOLYGONALFACE((95,96,116,115));
#382=IFCINDEXEDPOLYGONALFACE((96,97,117,116));
#383=IFCINDEXEDPOLYGONALFACE((97,98,118,117));
#384=IFCINDEXEDPOLYGONALFACE((98,99,119,118));
#385=IFCINDEXEDPOLYGONALFACE((99,100,120,119));
#386=IFCINDEXEDPOLYGONALFACE((100,81,101,120));
#387=IFCINDEXEDPOLYGONALFACE((140,139,138,137,136,135,134,133,132,131,130,129,128,127,126,125,124,123,122,121));
#388=IFCINDEXEDPOLYGONALFACE((141,142,143,144,145,146,147,148,149,150,151,152,153,154,155,156,157,158,159,160));
#389=IFCINDEXEDPOLYGONALFACE((121,122,142,141));
#390=IFCINDEXEDPOLYGONALFACE((122,123,143,142));
#391=IFCINDEXEDPOLYGONALFACE((123,124,144,143));
#392=IFCINDEXEDPOLYGONALFACE((124,125,145,144));
#393=IFCINDEXEDPOLYGONALFACE((125,126,146,145));
#394=IFCINDEXEDPOLYGONALFACE((126,127,147,146));
#395=IFCINDEXEDPOLYGONALFACE((127,128,148,147));
#396=IFCINDEXEDPOLYGONALFACE((128,129,149,148));
#397=IFCINDEXEDPOLYGONALFACE((129,130,150,149));
#398=IFCINDEXEDPOLYGONALFACE((130,131,151,150));
#399=IFCINDEXEDPOLYGONALFACE((131,132,152,151));
#400=IFCINDEXEDPOLYGONALFACE((132,133,153,152));
#401=IFCINDEXEDPOLYGONALFACE((133,134,154,153));
#402=IFCINDEXEDPOLYGONALFACE((134,135,155,154));
#403=IFCINDEXEDPOLYGONALFACE((135,136,156,155));
#404=IFCINDEXEDPOLYGONALFACE((136,137,157,156));
#405=IFCINDEXEDPOLYGONALFACE((137,138,158,157));
#406=IFCINDEXEDPOLYGONALFACE((138,139,159,158));
#407=IFCINDEXEDPOLYGONALFACE((139,140,160,159));
#408=IFCINDEXEDPOLYGONALFACE((140,121,141,160));
#409=IFCINDEXEDPOLYGONALFACE((180,179,178,177,176,175,174,173,172,171,170,169,168,167,166,165,164,163,162,161));
#410=IFCINDEXEDPOLYGONALFACE((181,182,183,184,185,186,187,188,189,190,191,192,193,194,195,196,197,198,199,200));
#411=IFCINDEXEDPOLYGONALFACE((161,162,182,181));
#412=IFCINDEXEDPOLYGONALFACE((162,163,183,182));
#413=IFCINDEXEDPOLYGONALFACE((163,164,184,183));
#414=IFCINDEXEDPOLYGONALFACE((164,165,185,184));
#415=IFCINDEXEDPOLYGONALFACE((165,166,186,185));
#416=IFCINDEXEDPOLYGONALFACE((166,167,187,186));
#417=IFCINDEXEDPOLYGONALFACE((167,168,188,187));
#418=IFCINDEXEDPOLYGONALFACE((168,169,189,188));
#419=IFCINDEXEDPOLYGONALFACE((169,170,190,189));
#420=IFCINDEXEDPOLYGONALFACE((170,171,191,190));
#421=IFCINDEXEDPOLYGONALFACE((171,172,192,191));
#422=IFCINDEXEDPOLYGONALFACE((172,173,193,192));
#423=IFCINDEXEDPOLYGONALFACE((173,174,194,193));
#424=IFCINDEXEDPOLYGONALFACE((174,175,195,194));
#425=IFCINDEXEDPOLYGONALFACE((175,176,196,195));
#426=IFCINDEXEDPOLYGONALFACE((176,177,197,196));
#427=IFCINDEXEDPOLYGONALFACE((177,178,198,197));
#428=IFCINDEXEDPOLYGONALFACE((178,179,199,198));
#429=IFCINDEXEDPOLYGONALFACE((179,180,200,199));
#430=IFCINDEXEDPOLYGONALFACE((180,161,181,200));
#431=IFCPOLYGONALFACESET(#320,$,(#321,#322,#323,#324,#325,#326,#327,#328,#329,#330,#331,#332,#333,#334,#335,#336,#337,#338,#339,#340,#341,#342,#343,#344,#345,#346,#347,#348,#349,#350,#351,#352,#353,#354,#355,#356,#357,#358,#359,#360,#361,#362,#363,#364,#365,#366,#367,#368,#369,#370,#371,#372,#373,#374,#375,#376,#377,#378,#379,#380,#381,#382,#383,#384,#385,#386,#387,#388,#389,#390,#391,#392,#393,#394,#395,#396,#397,#398,#399,#400,#401,#402,#403,#404,#405,#406,#407,#408,#409,#410,#411,#412,#413,#414,#415,#416,#417,#418,#419,#420,#421,#422,#423,#424,#425,#426,#427,#428,#429,#430),$);
#432=IFCSHAPEREPRESENTATION(#13,'Body','Tessellation',(#431));
#433=IFCPRODUCTDEFINITIONSHAPE($,$,(#432));
#434=IFCBUILDINGELEMENTPROXY('3tn3P3L4zIeweWuJk9P5cl',$,'powered-bogie brake calipers, parking actuators, pads and wheel-slide hardware','A rail brake supplier matches caliper, actuator, disc and pad friction pair to the released stopping, thermal and parking-brake cases.',$,#847,#513,'LM3-BOG-P048',$);
#435=IFCPROPERTYSINGLEVALUE('OSRId',$,IFCTEXT('LM3-BOG-P048'),$);
#436=IFCPROPERTYSINGLEVALUE('Parent',$,IFCTEXT('LM3-BOG-SA611'),$);
#437=IFCPROPERTYSINGLEVALUE('Route',$,IFCTEXT('BID'),$);
#438=IFCPROPERTYSINGLEVALUE('Maturity',$,IFCTEXT('buildable-after-supplier-freeze'),$);
#439=IFCPROPERTYSINGLEVALUE('QuantityPerTrainset',$,IFCINTEGER(3),$);
#440=IFCPROPERTYSINGLEVALUE('Unit',$,IFCTEXT('bogie set'),$);
#441=IFCPROPERTYSINGLEVALUE('GeometryStatus',$,IFCTEXT('design-reference-not-released'),$);
#442=IFCPROPERTYSET('2aSvWhlS9KHuwSHMIKSHSj',$,'OSR_ProductDefinition',$,(#435,#436,#437,#438,#439,#440,#441));
#443=IFCRELDEFINESBYPROPERTIES('3AwlIEURXMSfZM5doZyNOQ',$,$,$,(#434),#442);
#444=IFCCARTESIANPOINTLIST3D(((0.10920000000000001,-0.46200000000000002,0.),(0.10385537157943077,-0.46200000000000002,0.03374465578574426),(0.088344655785744269,-0.46200000000000002,0.064186149550338065),(0.064186149550338065,-0.46200000000000002,0.088344655785744269),(0.033744655785744267,-0.46200000000000002,0.10385537157943077),(6.6865715233445485E-18,-0.46200000000000002,0.10920000000000001),(-0.033744655785744253,-0.46200000000000002,0.10385537157943078),(-0.064186149550338051,-0.46200000000000002,0.088344655785744269),(-0.088344655785744255,-0.46200000000000002,0.064186149550338079),(-0.10385537157943077,-0.46200000000000002,0.033744655785744267),(-0.10920000000000001,-0.46200000000000002,1.3373143046689097E-17),(-0.1038553715794308,-0.46200000000000002,-0.033744655785744204),(-0.088344655785744283,-0.46200000000000002,-0.064186149550338051),(-0.064186149550338079,-0.46200000000000002,-0.088344655785744255),(-0.033744655785744274,-0.46200000000000002,-0.10385537157943077),(-2.0059714570033645E-17,-0.46200000000000002,-0.10920000000000001),(0.033744655785744239,-0.46200000000000002,-0.10385537157943078),(0.064186149550338051,-0.46200000000000002,-0.088344655785744283),(0.088344655785744255,-0.46200000000000002,-0.064186149550338092),(0.10385537157943077,-0.46200000000000002,-0.033744655785744281),(0.10920000000000001,0.46200000000000002,0.),(0.10385537157943077,0.46200000000000002,0.03374465578574426),(0.088344655785744269,0.46200000000000002,0.064186149550338065),(0.064186149550338065,0.46200000000000002,0.088344655785744269),(0.033744655785744267,0.46200000000000002,0.10385537157943077),(6.6865715233445485E-18,0.46200000000000002,0.10920000000000001),(-0.033744655785744253,0.46200000000000002,0.10385537157943078),(-0.064186149550338051,0.46200000000000002,0.088344655785744269),(-0.088344655785744255,0.46200000000000002,0.064186149550338079),(-0.10385537157943077,0.46200000000000002,0.033744655785744267),(-0.10920000000000001,0.46200000000000002,1.3373143046689097E-17),(-0.1038553715794308,0.46200000000000002,-0.033744655785744204),(-0.088344655785744283,0.46200000000000002,-0.064186149550338051),(-0.064186149550338079,0.46200000000000002,-0.088344655785744255),(-0.033744655785744274,0.46200000000000002,-0.10385537157943077),(-2.0059714570033645E-17,0.46200000000000002,-0.10920000000000001),(0.033744655785744239,0.46200000000000002,-0.10385537157943078),(0.064186149550338051,0.46200000000000002,-0.088344655785744283),(0.088344655785744255,0.46200000000000002,-0.064186149550338092),(0.10385537157943077,0.46200000000000002,-0.033744655785744281),(0.083199999999999996,-1.1000000000000001,0.),(0.079127902155756769,-1.1000000000000001,0.025710213931995622),(0.067310213931995627,-1.1000000000000001,0.048903732990733764),(0.048903732990733764,-1.1000000000000001,0.067310213931995627),(0.025710213931995626,-1.1000000000000001,0.079127902155756769),(5.094530684452989E-18,-1.1000000000000001,0.083199999999999996),(-0.025710213931995619,-1.1000000000000001,0.079127902155756782),(-0.04890373299073375,-1.1000000000000001,0.067310213931995627),(-0.067310213931995613,-1.1000000000000001,0.048903732990733771),(-0.079127902155756769,-1.1000000000000001,0.025710213931995633),(-0.083199999999999996,-1.1000000000000001,1.0189061368905978E-17),(-0.079127902155756782,-1.1000000000000001,-0.025710213931995581),(-0.067310213931995627,-1.1000000000000001,-0.04890373299073375),(-0.048903732990733771,-1.1000000000000001,-0.067310213931995613),(-0.025710213931995636,-1.1000000000000001,-0.079127902155756769),(-1.5283592053358966E-17,-1.1000000000000001,-0.083199999999999996),(0.025710213931995608,-1.1000000000000001,-0.079127902155756782),(0.048903732990733743,-1.1000000000000001,-0.067310213931995627),(0.067310213931995613,-1.1000000000000001,-0.048903732990733778),(0.079127902155756769,-1.1000000000000001,-0.02571021393199564),(0.083199999999999996,1.1000000000000001,0.),(0.079127902155756769,1.1000000000000001,0.025710213931995622),(0.067310213931995627,1.1000000000000001,0.048903732990733764),(0.048903732990733764,1.1000000000000001,0.067310213931995627),(0.025710213931995626,1.1000000000000001,0.079127902155756769),(5.094530684452989E-18,1.1000000000000001,0.083199999999999996),(-0.025710213931995619,1.1000000000000001,0.079127902155756782),(-0.04890373299073375,1.1000000000000001,0.067310213931995627),(-0.067310213931995613,1.1000000000000001,0.048903732990733771),(-0.079127902155756769,1.1000000000000001,0.025710213931995633),(-0.083199999999999996,1.1000000000000001,1.0189061368905978E-17),(-0.079127902155756782,1.1000000000000001,-0.025710213931995581),(-0.067310213931995627,1.1000000000000001,-0.04890373299073375),(-0.048903732990733771,1.1000000000000001,-0.067310213931995613),(-0.025710213931995636,1.1000000000000001,-0.079127902155756769),(-1.5283592053358966E-17,1.1000000000000001,-0.083199999999999996),(0.025710213931995608,1.1000000000000001,-0.079127902155756782),(0.048903732990733743,1.1000000000000001,-0.067310213931995627),(0.067310213931995613,1.1000000000000001,-0.048903732990733778),(0.079127902155756769,1.1000000000000001,-0.02571021393199564),(0.189,-0.24199999999999999,0.),(0.17974968157978402,-0.24199999999999999,0.058404211936865055),(0.15290421193686507,-0.24199999999999999,0.11109141268327742),(0.11109141268327742,-0.24199999999999999,0.15290421193686507),(0.058404211936865069,-0.24199999999999999,0.17974968157978402),(1.1572912251942488E-17,-0.24199999999999999,0.189),(-0.058404211936865048,-0.24199999999999999,0.17974968157978405),(-0.11109141268327741,-0.24199999999999999,0.15290421193686507),(-0.15290421193686504,-0.24199999999999999,0.11109141268327745),(-0.17974968157978402,-0.24199999999999999,0.058404211936865076),(-0.189,-0.24199999999999999,2.3145824503884977E-17),(-0.17974968157978405,-0.24199999999999999,-0.058404211936864965),(-0.1529042119368651,-0.24199999999999999,-0.11109141268327741),(-0.11109141268327745,-0.24199999999999999,-0.15290421193686504),(-0.05840421193686509,-0.24199999999999999,-0.17974968157978402),(-3.4718736755827461E-17,-0.24199999999999999,-0.189),(0.058404211936865028,-0.24199999999999999,-0.17974968157978405),(0.11109141268327738,-0.24199999999999999,-0.1529042119368651),(0.15290421193686504,-0.24199999999999999,-0.11109141268327746),(0.17974968157978402,-0.24199999999999999,-0.058404211936865097),(0.189,0.24199999999999999,0.),(0.17974968157978402,0.24199999999999999,0.058404211936865055),(0.15290421193686507,0.24199999999999999,0.11109141268327742),(0.11109141268327742,0.24199999999999999,0.15290421193686507),(0.058404211936865069,0.24199999999999999,0.17974968157978402),(1.1572912251942488E-17,0.24199999999999999,0.189),(-0.058404211936865048,0.24199999999999999,0.17974968157978405),(-0.11109141268327741,0.24199999999999999,0.15290421193686507),(-0.15290421193686504,0.24199999999999999,0.11109141268327745),(-0.17974968157978402,0.24199999999999999,0.058404211936865076),(-0.189,0.24199999999999999,2.3145824503884977E-17),(-0.17974968157978405,0.24199999999999999,-0.058404211936864965),(-0.1529042119368651,0.24199999999999999,-0.11109141268327741),(-0.11109141268327745,0.24199999999999999,-0.15290421193686504),(-0.05840421193686509,0.24199999999999999,-0.17974968157978402),(-3.4718736755827461E-17,0.24199999999999999,-0.189),(0.058404211936865028,0.24199999999999999,-0.17974968157978405),(0.11109141268327738,0.24199999999999999,-0.1529042119368651),(0.15290421193686504,0.24199999999999999,-0.11109141268327746),(0.17974968157978402,0.24199999999999999,-0.058404211936865097)),$);
#445=IFCINDEXEDPOLYGONALFACE((20,19,18,17,16,15,14,13,12,11,10,9,8,7,6,5,4,3,2,1));
#446=IFCINDEXEDPOLYGONALFACE((21,22,23,24,25,26,27,28,29,30,31,32,33,34,35,36,37,38,39,40));
#447=IFCINDEXEDPOLYGONALFACE((1,2,22,21));
#448=IFCINDEXEDPOLYGONALFACE((2,3,23,22));
#449=IFCINDEXEDPOLYGONALFACE((3,4,24,23));
#450=IFCINDEXEDPOLYGONALFACE((4,5,25,24));
#451=IFCINDEXEDPOLYGONALFACE((5,6,26,25));
#452=IFCINDEXEDPOLYGONALFACE((6,7,27,26));
#453=IFCINDEXEDPOLYGONALFACE((7,8,28,27));
#454=IFCINDEXEDPOLYGONALFACE((8,9,29,28));
#455=IFCINDEXEDPOLYGONALFACE((9,10,30,29));
#456=IFCINDEXEDPOLYGONALFACE((10,11,31,30));
#457=IFCINDEXEDPOLYGONALFACE((11,12,32,31));
#458=IFCINDEXEDPOLYGONALFACE((12,13,33,32));
#459=IFCINDEXEDPOLYGONALFACE((13,14,34,33));
#460=IFCINDEXEDPOLYGONALFACE((14,15,35,34));
#461=IFCINDEXEDPOLYGONALFACE((15,16,36,35));
#462=IFCINDEXEDPOLYGONALFACE((16,17,37,36));
#463=IFCINDEXEDPOLYGONALFACE((17,18,38,37));
#464=IFCINDEXEDPOLYGONALFACE((18,19,39,38));
#465=IFCINDEXEDPOLYGONALFACE((19,20,40,39));
#466=IFCINDEXEDPOLYGONALFACE((20,1,21,40));
#467=IFCINDEXEDPOLYGONALFACE((60,59,58,57,56,55,54,53,52,51,50,49,48,47,46,45,44,43,42,41));
#468=IFCINDEXEDPOLYGONALFACE((61,62,63,64,65,66,67,68,69,70,71,72,73,74,75,76,77,78,79,80));
#469=IFCINDEXEDPOLYGONALFACE((41,42,62,61));
#470=IFCINDEXEDPOLYGONALFACE((42,43,63,62));
#471=IFCINDEXEDPOLYGONALFACE((43,44,64,63));
#472=IFCINDEXEDPOLYGONALFACE((44,45,65,64));
#473=IFCINDEXEDPOLYGONALFACE((45,46,66,65));
#474=IFCINDEXEDPOLYGONALFACE((46,47,67,66));
#475=IFCINDEXEDPOLYGONALFACE((47,48,68,67));
#476=IFCINDEXEDPOLYGONALFACE((48,49,69,68));
#477=IFCINDEXEDPOLYGONALFACE((49,50,70,69));
#478=IFCINDEXEDPOLYGONALFACE((50,51,71,70));
#479=IFCINDEXEDPOLYGONALFACE((51,52,72,71));
#480=IFCINDEXEDPOLYGONALFACE((52,53,73,72));
#481=IFCINDEXEDPOLYGONALFACE((53,54,74,73));
#482=IFCINDEXEDPOLYGONALFACE((54,55,75,74));
#483=IFCINDEXEDPOLYGONALFACE((55,56,76,75));
#484=IFCINDEXEDPOLYGONALFACE((56,57,77,76));
#485=IFCINDEXEDPOLYGONALFACE((57,58,78,77));
#486=IFCINDEXEDPOLYGONALFACE((58,59,79,78));
#487=IFCINDEXEDPOLYGONALFACE((59,60,80,79));
#488=IFCINDEXEDPOLYGONALFACE((60,41,61,80));
#489=IFCINDEXEDPOLYGONALFACE((100,99,98,97,96,95,94,93,92,91,90,89,88,87,86,85,84,83,82,81));
#490=IFCINDEXEDPOLYGONALFACE((101,102,103,104,105,106,107,108,109,110,111,112,113,114,115,116,117,118,119,120));
#491=IFCINDEXEDPOLYGONALFACE((81,82,102,101));
#492=IFCINDEXEDPOLYGONALFACE((82,83,103,102));
#493=IFCINDEXEDPOLYGONALFACE((83,84,104,103));
#494=IFCINDEXEDPOLYGONALFACE((84,85,105,104));
#495=IFCINDEXEDPOLYGONALFACE((85,86,106,105));
#496=IFCINDEXEDPOLYGONALFACE((86,87,107,106));
#497=IFCINDEXEDPOLYGONALFACE((87,88,108,107));
#498=IFCINDEXEDPOLYGONALFACE((88,89,109,108));
#499=IFCINDEXEDPOLYGONALFACE((89,90,110,109));
#500=IFCINDEXEDPOLYGONALFACE((90,91,111,110));
#501=IFCINDEXEDPOLYGONALFACE((91,92,112,111));
#502=IFCINDEXEDPOLYGONALFACE((92,93,113,112));
#503=IFCINDEXEDPOLYGONALFACE((93,94,114,113));
#504=IFCINDEXEDPOLYGONALFACE((94,95,115,114));
#505=IFCINDEXEDPOLYGONALFACE((95,96,116,115));
#506=IFCINDEXEDPOLYGONALFACE((96,97,117,116));
#507=IFCINDEXEDPOLYGONALFACE((97,98,118,117));
#508=IFCINDEXEDPOLYGONALFACE((98,99,119,118));
#509=IFCINDEXEDPOLYGONALFACE((99,100,120,119));
#510=IFCINDEXEDPOLYGONALFACE((100,81,101,120));
#511=IFCPOLYGONALFACESET(#444,$,(#445,#446,#447,#448,#449,#450,#451,#452,#453,#454,#455,#456,#457,#458,#459,#460,#461,#462,#463,#464,#465,#466,#467,#468,#469,#470,#471,#472,#473,#474,#475,#476,#477,#478,#479,#480,#481,#482,#483,#484,#485,#486,#487,#488,#489,#490,#491,#492,#493,#494,#495,#496,#497,#498,#499,#500,#501,#502,#503,#504,#505,#506,#507,#508,#509,#510),$);
#512=IFCSHAPEREPRESENTATION(#13,'Body','Tessellation',(#511));
#513=IFCPRODUCTDEFINITIONSHAPE($,$,(#512));
#514=IFCELECTRICMOTOR('13w9lE15LJEgz1Ow8WU_iT',$,'motor-350kw-hm47-class axle traction motor','Optimizer-selected 250 kW motor class; CAD baseline carries the promoted envelope.',$,#850,#593,'LM3-TRC-P010',$);
#515=IFCPROPERTYSINGLEVALUE('OSRId',$,IFCTEXT('LM3-TRC-P010'),$);
#516=IFCPROPERTYSINGLEVALUE('Parent',$,IFCTEXT('LM3-TRC-SA615'),$);
#517=IFCPROPERTYSINGLEVALUE('Route',$,IFCTEXT('BID'),$);
#518=IFCPROPERTYSINGLEVALUE('Maturity',$,IFCTEXT('buildable-after-supplier-freeze'),$);
#519=IFCPROPERTYSINGLEVALUE('QuantityPerTrainset',$,IFCINTEGER(6),$);
#520=IFCPROPERTYSINGLEVALUE('Unit',$,IFCTEXT('ea'),$);
#521=IFCPROPERTYSINGLEVALUE('GeometryStatus',$,IFCTEXT('design-reference-not-released'),$);
#522=IFCPROPERTYSET('0$GflSU_nNvBC1Jy0h5kil',$,'OSR_ProductDefinition',$,(#515,#516,#517,#518,#519,#520,#521));
#523=IFCRELDEFINESBYPROPERTIES('2x2Z61JHrOahADPedRu9bi',$,$,$,(#514),#522);
#524=IFCCARTESIANPOINTLIST3D(((0.3024,-0.25919999999999999,0.),(0.28759949052765443,-0.25919999999999999,0.0934467390989841),(0.2446467390989841,-0.25919999999999999,0.17774626029324389),(0.17774626029324389,-0.25919999999999999,0.2446467390989841),(0.093446739098984113,-0.25919999999999999,0.28759949052765443),(1.8516659603107981E-17,-0.25919999999999999,0.3024),(-0.093446739098984072,-0.25919999999999999,0.28759949052765449),(-0.17774626029324384,-0.25919999999999999,0.2446467390989841),(-0.24464673909898407,-0.25919999999999999,0.17774626029324392),(-0.28759949052765443,-0.25919999999999999,0.093446739098984127),(-0.3024,-0.25919999999999999,3.7033319206215963E-17),(-0.28759949052765449,-0.25919999999999999,-0.093446739098983947),(-0.24464673909898416,-0.25919999999999999,-0.17774626029324384),(-0.17774626029324392,-0.25919999999999999,-0.24464673909898407),(-0.093446739098984141,-0.25919999999999999,-0.28759949052765443),(-5.5549978809323944E-17,-0.25919999999999999,-0.3024),(0.093446739098984044,-0.25919999999999999,-0.28759949052765449),(0.17774626029324381,-0.25919999999999999,-0.24464673909898416),(0.24464673909898407,-0.25919999999999999,-0.17774626029324395),(0.28759949052765443,-0.25919999999999999,-0.093446739098984155),(0.3024,0.25919999999999999,0.),(0.28759949052765443,0.25919999999999999,0.0934467390989841),(0.2446467390989841,0.25919999999999999,0.17774626029324389),(0.17774626029324389,0.25919999999999999,0.2446467390989841),(0.093446739098984113,0.25919999999999999,0.28759949052765443),(1.8516659603107981E-17,0.25919999999999999,0.3024),(-0.093446739098984072,0.25919999999999999,0.28759949052765449),(-0.17774626029324384,0.25919999999999999,0.2446467390989841),(-0.24464673909898407,0.25919999999999999,0.17774626029324392),(-0.28759949052765443,0.25919999999999999,0.093446739098984127),(-0.3024,0.25919999999999999,3.7033319206215963E-17),(-0.28759949052765449,0.25919999999999999,-0.093446739098983947),(-0.24464673909898416,0.25919999999999999,-0.17774626029324384),(-0.17774626029324392,0.25919999999999999,-0.24464673909898407),(-0.093446739098984141,0.25919999999999999,-0.28759949052765443),(-5.5549978809323944E-17,0.25919999999999999,-0.3024),(0.093446739098984044,0.25919999999999999,-0.28759949052765449),(0.17774626029324381,0.25919999999999999,-0.24464673909898416),(0.24464673909898407,0.25919999999999999,-0.17774626029324395),(0.28759949052765443,0.25919999999999999,-0.093446739098984155),(0.086399999999999991,-0.35999999999999999,0.),(0.082171283007901261,-0.35999999999999999,0.026699068313995451),(0.069899068313995449,-0.35999999999999999,0.050784645798069676),(0.050784645798069676,-0.35999999999999999,0.069899068313995449),(0.026699068313995458,-0.35999999999999999,0.082171283007901261),(5.2904741723165652E-18,-0.35999999999999999,0.086399999999999991),(-0.026699068313995447,-0.35999999999999999,0.082171283007901261),(-0.050784645798069662,-0.35999999999999999,0.069899068313995449),(-0.069899068313995449,-0.35999999999999999,0.050784645798069683),(-0.082171283007901261,-0.35999999999999999,0.026699068313995461),(-0.086399999999999991,-0.35999999999999999,1.058094834463313E-17),(-0.082171283007901275,-0.35999999999999999,-0.026699068313995409),(-0.069899068313995463,-0.35999999999999999,-0.050784645798069662),(-0.050784645798069683,-0.35999999999999999,-0.069899068313995449),(-0.026699068313995468,-0.35999999999999999,-0.082171283007901261),(-1.5871422516949696E-17,-0.35999999999999999,-0.086399999999999991),(0.026699068313995437,-0.35999999999999999,-0.082171283007901261),(0.050784645798069655,-0.35999999999999999,-0.069899068313995463),(0.069899068313995449,-0.35999999999999999,-0.05078464579806969),(0.082171283007901261,-0.35999999999999999,-0.026699068313995471),(0.086399999999999991,0.35999999999999999,0.),(0.082171283007901261,0.35999999999999999,0.026699068313995451),(0.069899068313995449,0.35999999999999999,0.050784645798069676),(0.050784645798069676,0.35999999999999999,0.069899068313995449),(0.026699068313995458,0.35999999999999999,0.082171283007901261),(5.2904741723165652E-18,0.35999999999999999,0.086399999999999991),(-0.026699068313995447,0.35999999999999999,0.082171283007901261),(-0.050784645798069662,0.35999999999999999,0.069899068313995449),(-0.069899068313995449,0.35999999999999999,0.050784645798069683),(-0.082171283007901261,0.35999999999999999,0.026699068313995461),(-0.086399999999999991,0.35999999999999999,1.058094834463313E-17),(-0.082171283007901275,0.35999999999999999,-0.026699068313995409),(-0.069899068313995463,0.35999999999999999,-0.050784645798069662),(-0.050784645798069683,0.35999999999999999,-0.069899068313995449),(-0.026699068313995468,0.35999999999999999,-0.082171283007901261),(-1.5871422516949696E-17,0.35999999999999999,-0.086399999999999991),(0.026699068313995437,0.35999999999999999,-0.082171283007901261),(0.050784645798069655,0.35999999999999999,-0.069899068313995463),(0.069899068313995449,0.35999999999999999,-0.05078464579806969),(0.082171283007901261,0.35999999999999999,-0.026699068313995471),(0.089999999999999983,-0.1152,0.24480000000000002),(0.085595086466563802,-0.1152,0.27261152949374529),(0.072811529493745253,-0.1152,0.29770067270632261),(0.052900672706322573,-0.1152,0.31761152949374527),(0.027811529493745265,-0.1152,0.33039508646656379),(5.510910596163088E-18,-0.1152,0.33479999999999999),(-0.027811529493745255,-0.1152,0.33039508646656385),(-0.052900672706322566,-0.1152,0.31761152949374527),(-0.072811529493745253,-0.1152,0.29770067270632261),(-0.085595086466563802,-0.1152,0.27261152949374529),(-0.089999999999999983,-0.1152,0.24480000000000002),(-0.085595086466563816,-0.1152,0.2169884705062548),(-0.072811529493745267,-0.1152,0.19189932729367745),(-0.05290067270632258,-0.1152,0.17198847050625476),(-0.027811529493745275,-0.1152,0.15920491353343622),(-1.6532731788489263E-17,-0.1152,0.15480000000000005),(0.027811529493745244,-0.1152,0.15920491353343619),(0.052900672706322552,-0.1152,0.17198847050625476),(0.072811529493745253,-0.1152,0.19189932729367742),(0.085595086466563802,-0.1152,0.21698847050625475),(0.089999999999999983,0.1152,0.24480000000000002),(0.085595086466563802,0.1152,0.27261152949374529),(0.072811529493745253,0.1152,0.29770067270632261),(0.052900672706322573,0.1152,0.31761152949374527),(0.027811529493745265,0.1152,0.33039508646656379),(5.510910596163088E-18,0.1152,0.33479999999999999),(-0.027811529493745255,0.1152,0.33039508646656385),(-0.052900672706322566,0.1152,0.31761152949374527),(-0.072811529493745253,0.1152,0.29770067270632261),(-0.085595086466563802,0.1152,0.27261152949374529),(-0.089999999999999983,0.1152,0.24480000000000002),(-0.085595086466563816,0.1152,0.2169884705062548),(-0.072811529493745267,0.1152,0.19189932729367745),(-0.05290067270632258,0.1152,0.17198847050625476),(-0.027811529493745275,0.1152,0.15920491353343622),(-1.6532731788489263E-17,0.1152,0.15480000000000005),(0.027811529493745244,0.1152,0.15920491353343619),(0.052900672706322552,0.1152,0.17198847050625476),(0.072811529493745253,0.1152,0.19189932729367742),(0.085595086466563802,0.1152,0.21698847050625475)),$);
#525=IFCINDEXEDPOLYGONALFACE((20,19,18,17,16,15,14,13,12,11,10,9,8,7,6,5,4,3,2,1));
#526=IFCINDEXEDPOLYGONALFACE((21,22,23,24,25,26,27,28,29,30,31,32,33,34,35,36,37,38,39,40));
#527=IFCINDEXEDPOLYGONALFACE((1,2,22,21));
#528=IFCINDEXEDPOLYGONALFACE((2,3,23,22));
#529=IFCINDEXEDPOLYGONALFACE((3,4,24,23));
#530=IFCINDEXEDPOLYGONALFACE((4,5,25,24));
#531=IFCINDEXEDPOLYGONALFACE((5,6,26,25));
#532=IFCINDEXEDPOLYGONALFACE((6,7,27,26));
#533=IFCINDEXEDPOLYGONALFACE((7,8,28,27));
#534=IFCINDEXEDPOLYGONALFACE((8,9,29,28));
#535=IFCINDEXEDPOLYGONALFACE((9,10,30,29));
#536=IFCINDEXEDPOLYGONALFACE((10,11,31,30));
#537=IFCINDEXEDPOLYGONALFACE((11,12,32,31));
#538=IFCINDEXEDPOLYGONALFACE((12,13,33,32));
#539=IFCINDEXEDPOLYGONALFACE((13,14,34,33));
#540=IFCINDEXEDPOLYGONALFACE((14,15,35,34));
#541=IFCINDEXEDPOLYGONALFACE((15,16,36,35));
#542=IFCINDEXEDPOLYGONALFACE((16,17,37,36));
#543=IFCINDEXEDPOLYGONALFACE((17,18,38,37));
#544=IFCINDEXEDPOLYGONALFACE((18,19,39,38));
#545=IFCINDEXEDPOLYGONALFACE((19,20,40,39));
#546=IFCINDEXEDPOLYGONALFACE((20,1,21,40));
#547=IFCINDEXEDPOLYGONALFACE((60,59,58,57,56,55,54,53,52,51,50,49,48,47,46,45,44,43,42,41));
#548=IFCINDEXEDPOLYGONALFACE((61,62,63,64,65,66,67,68,69,70,71,72,73,74,75,76,77,78,79,80));
#549=IFCINDEXEDPOLYGONALFACE((41,42,62,61));
#550=IFCINDEXEDPOLYGONALFACE((42,43,63,62));
#551=IFCINDEXEDPOLYGONALFACE((43,44,64,63));
#552=IFCINDEXEDPOLYGONALFACE((44,45,65,64));
#553=IFCINDEXEDPOLYGONALFACE((45,46,66,65));
#554=IFCINDEXEDPOLYGONALFACE((46,47,67,66));
#555=IFCINDEXEDPOLYGONALFACE((47,48,68,67));
#556=IFCINDEXEDPOLYGONALFACE((48,49,69,68));
#557=IFCINDEXEDPOLYGONALFACE((49,50,70,69));
#558=IFCINDEXEDPOLYGONALFACE((50,51,71,70));
#559=IFCINDEXEDPOLYGONALFACE((51,52,72,71));
#560=IFCINDEXEDPOLYGONALFACE((52,53,73,72));
#561=IFCINDEXEDPOLYGONALFACE((53,54,74,73));
#562=IFCINDEXEDPOLYGONALFACE((54,55,75,74));
#563=IFCINDEXEDPOLYGONALFACE((55,56,76,75));
#564=IFCINDEXEDPOLYGONALFACE((56,57,77,76));
#565=IFCINDEXEDPOLYGONALFACE((57,58,78,77));
#566=IFCINDEXEDPOLYGONALFACE((58,59,79,78));
#567=IFCINDEXEDPOLYGONALFACE((59,60,80,79));
#568=IFCINDEXEDPOLYGONALFACE((60,41,61,80));
#569=IFCINDEXEDPOLYGONALFACE((100,99,98,97,96,95,94,93,92,91,90,89,88,87,86,85,84,83,82,81));
#570=IFCINDEXEDPOLYGONALFACE((101,102,103,104,105,106,107,108,109,110,111,112,113,114,115,116,117,118,119,120));
#571=IFCINDEXEDPOLYGONALFACE((81,82,102,101));
#572=IFCINDEXEDPOLYGONALFACE((82,83,103,102));
#573=IFCINDEXEDPOLYGONALFACE((83,84,104,103));
#574=IFCINDEXEDPOLYGONALFACE((84,85,105,104));
#575=IFCINDEXEDPOLYGONALFACE((85,86,106,105));
#576=IFCINDEXEDPOLYGONALFACE((86,87,107,106));
#577=IFCINDEXEDPOLYGONALFACE((87,88,108,107));
#578=IFCINDEXEDPOLYGONALFACE((88,89,109,108));
#579=IFCINDEXEDPOLYGONALFACE((89,90,110,109));
#580=IFCINDEXEDPOLYGONALFACE((90,91,111,110));
#581=IFCINDEXEDPOLYGONALFACE((91,92,112,111));
#582=IFCINDEXEDPOLYGONALFACE((92,93,113,112));
#583=IFCINDEXEDPOLYGONALFACE((93,94,114,113));
#584=IFCINDEXEDPOLYGONALFACE((94,95,115,114));
#585=IFCINDEXEDPOLYGONALFACE((95,96,116,115));
#586=IFCINDEXEDPOLYGONALFACE((96,97,117,116));
#587=IFCINDEXEDPOLYGONALFACE((97,98,118,117));
#588=IFCINDEXEDPOLYGONALFACE((98,99,119,118));
#589=IFCINDEXEDPOLYGONALFACE((99,100,120,119));
#590=IFCINDEXEDPOLYGONALFACE((100,81,101,120));
#591=IFCPOLYGONALFACESET(#524,$,(#525,#526,#527,#528,#529,#530,#531,#532,#533,#534,#535,#536,#537,#538,#539,#540,#541,#542,#543,#544,#545,#546,#547,#548,#549,#550,#551,#552,#553,#554,#555,#556,#557,#558,#559,#560,#561,#562,#563,#564,#565,#566,#567,#568,#569,#570,#571,#572,#573,#574,#575,#576,#577,#578,#579,#580,#581,#582,#583,#584,#585,#586,#587,#588,#589,#590),$);
#592=IFCSHAPEREPRESENTATION(#13,'Body','Tessellation',(#591));
#593=IFCPRODUCTDEFINITIONSHAPE($,$,(#592));
#594=IFCBUILDINGELEMENTPROXY('1TQ1U9k2LPxO$fvGP5dcyN',$,'single-stage reduction gearbox and flexible coupling','Gearbox mounted on powered bogie axle with supplier coupling.',$,#853,#625,'LM3-TRC-P020',$);
#595=IFCPROPERTYSINGLEVALUE('OSRId',$,IFCTEXT('LM3-TRC-P020'),$);
#596=IFCPROPERTYSINGLEVALUE('Parent',$,IFCTEXT('LM3-TRC-SA615'),$);
#597=IFCPROPERTYSINGLEVALUE('Route',$,IFCTEXT('BID'),$);
#598=IFCPROPERTYSINGLEVALUE('Maturity',$,IFCTEXT('buildable-after-supplier-freeze'),$);
#599=IFCPROPERTYSINGLEVALUE('QuantityPerTrainset',$,IFCINTEGER(6),$);
#600=IFCPROPERTYSINGLEVALUE('Unit',$,IFCTEXT('ea'),$);
#601=IFCPROPERTYSINGLEVALUE('GeometryStatus',$,IFCTEXT('design-reference-not-released'),$);
#602=IFCPROPERTYSET('2bq9l6jOfTJf5SLyS0AA2C',$,'OSR_ProductDefinition',$,(#595,#596,#597,#598,#599,#600,#601));
#603=IFCRELDEFINESBYPROPERTIES('0DTtuVwGjL8Q845Z9FT6K1',$,$,$,(#594),#602);
#604=IFCCARTESIANPOINTLIST3D(((-0.38,-0.31,-0.25419999999999998),(-0.38,-0.31,0.25419999999999998),(-0.38,0.31,-0.25419999999999998),(-0.38,0.31,0.25419999999999998),(0.38,-0.31,-0.25419999999999998),(0.38,-0.31,0.25419999999999998),(0.38,0.31,-0.25419999999999998),(0.38,0.31,0.25419999999999998),(-0.31159999999999999,-0.31,-0.29759999999999998),(-0.31159999999999999,-0.31,-0.22319999999999998),(-0.31159999999999999,-0.23560000000000003,-0.29759999999999998),(-0.31159999999999999,-0.23560000000000003,-0.22319999999999998),(0.31159999999999999,-0.31,-0.29759999999999998),(0.31159999999999999,-0.31,-0.22319999999999998),(0.31159999999999999,-0.23560000000000003,-0.29759999999999998),(0.31159999999999999,-0.23560000000000003,-0.22319999999999998),(0.1368,0.2046,-0.049599999999999998),(0.1368,0.2046,0.049599999999999998),(0.1368,0.29139999999999999,-0.049599999999999998),(0.1368,0.29139999999999999,0.049599999999999998),(0.31919999999999998,0.2046,-0.049599999999999998),(0.31919999999999998,0.2046,0.049599999999999998),(0.31919999999999998,0.29139999999999999,-0.049599999999999998),(0.31919999999999998,0.29139999999999999,0.049599999999999998)),$);
#605=IFCINDEXEDPOLYGONALFACE((1,2,4,3));
#606=IFCINDEXEDPOLYGONALFACE((5,7,8,6));
#607=IFCINDEXEDPOLYGONALFACE((1,5,6,2));
#608=IFCINDEXEDPOLYGONALFACE((3,4,8,7));
#609=IFCINDEXEDPOLYGONALFACE((1,3,7,5));
#610=IFCINDEXEDPOLYGONALFACE((2,6,8,4));
#611=IFCINDEXEDPOLYGONALFACE((9,10,12,11));
#612=IFCINDEXEDPOLYGONALFACE((13,15,16,14));
#613=IFCINDEXEDPOLYGONALFACE((9,13,14,10));
#614=IFCINDEXEDPOLYGONALFACE((11,12,16,15));
#615=IFCINDEXEDPOLYGONALFACE((9,11,15,13));
#616=IFCINDEXEDPOLYGONALFACE((10,14,16,12));
#617=IFCINDEXEDPOLYGONALFACE((17,18,20,19));
#618=IFCINDEXEDPOLYGONALFACE((21,23,24,22));
#619=IFCINDEXEDPOLYGONALFACE((17,21,22,18));
#620=IFCINDEXEDPOLYGONALFACE((19,20,24,23));
#621=IFCINDEXEDPOLYGONALFACE((17,19,23,21));
#622=IFCINDEXEDPOLYGONALFACE((18,22,24,20));
#623=IFCPOLYGONALFACESET(#604,$,(#605,#606,#607,#608,#609,#610,#611,#612,#613,#614,#615,#616,#617,#618,#619,#620,#621,#622),$);
#624=IFCSHAPEREPRESENTATION(#13,'Body','Tessellation',(#623));
#625=IFCPRODUCTDEFINITIONSHAPE($,$,(#624));
#626=IFCBUILDINGELEMENTPROXY('2698gy411Ug8bTCOzqcuLH',$,'powered-bogie motor torque link, anti-rotation stop, and safety lanyard bracket kit','Local fabricated brackets close the motor reaction path into the powered bogie frame.',$,#856,#657,'LM3-BOG-P050',$);
#627=IFCPROPERTYSINGLEVALUE('OSRId',$,IFCTEXT('LM3-BOG-P050'),$);
#628=IFCPROPERTYSINGLEVALUE('Parent',$,IFCTEXT('LM3-TRC-SA615'),$);
#629=IFCPROPERTYSINGLEVALUE('Route',$,IFCTEXT('MAKE'),$);
#630=IFCPROPERTYSINGLEVALUE('Maturity',$,IFCTEXT('release-candidate'),$);
#631=IFCPROPERTYSINGLEVALUE('QuantityPerTrainset',$,IFCINTEGER(3),$);
#632=IFCPROPERTYSINGLEVALUE('Unit',$,IFCTEXT('bogie kit'),$);
#633=IFCPROPERTYSINGLEVALUE('GeometryStatus',$,IFCTEXT('design-reference-not-released'),$);
#634=IFCPROPERTYSET('0_z5NG7z1LyQM6rGtGZwoc',$,'OSR_ProductDefinition',$,(#627,#628,#629,#630,#631,#632,#633));
#635=IFCRELDEFINESBYPROPERTIES('1qWorv8BLQVA5PX9uwvEZt',$,$,$,(#626),#634);
#636=IFCCARTESIANPOINTLIST3D(((-0.69999999999999996,-0.088200000000000001,-0.063),(-0.69999999999999996,-0.088200000000000001,0.063),(-0.69999999999999996,0.088200000000000001,-0.063),(-0.69999999999999996,0.088200000000000001,0.063),(0.69999999999999996,-0.088200000000000001,-0.063),(0.69999999999999996,-0.088200000000000001,0.063),(0.69999999999999996,0.088200000000000001,-0.063),(0.69999999999999996,0.088200000000000001,0.063),(-0.33600000000000002,-0.20999999999999999,-0.048000000000000001),(-0.33600000000000002,-0.20999999999999999,0.048000000000000001),(-0.33600000000000002,0.20999999999999999,-0.048000000000000001),(-0.33600000000000002,0.20999999999999999,0.048000000000000001),(0.33600000000000002,-0.20999999999999999,-0.048000000000000001),(0.33600000000000002,-0.20999999999999999,0.048000000000000001),(0.33600000000000002,0.20999999999999999,-0.048000000000000001),(0.33600000000000002,0.20999999999999999,0.048000000000000001),(-0.126,-0.046200000000000005,-0.14999999999999999),(-0.126,-0.046200000000000005,0.14999999999999999),(-0.126,0.046200000000000005,-0.14999999999999999),(-0.126,0.046200000000000005,0.14999999999999999),(0.126,-0.046200000000000005,-0.14999999999999999),(0.126,-0.046200000000000005,0.14999999999999999),(0.126,0.046200000000000005,-0.14999999999999999),(0.126,0.046200000000000005,0.14999999999999999)),$);
#637=IFCINDEXEDPOLYGONALFACE((1,2,4,3));
#638=IFCINDEXEDPOLYGONALFACE((5,7,8,6));
#639=IFCINDEXEDPOLYGONALFACE((1,5,6,2));
#640=IFCINDEXEDPOLYGONALFACE((3,4,8,7));
#641=IFCINDEXEDPOLYGONALFACE((1,3,7,5));
#642=IFCINDEXEDPOLYGONALFACE((2,6,8,4));
#643=IFCINDEXEDPOLYGONALFACE((9,10,12,11));
#644=IFCINDEXEDPOLYGONALFACE((13,15,16,14));
#645=IFCINDEXEDPOLYGONALFACE((9,13,14,10));
#646=IFCINDEXEDPOLYGONALFACE((11,12,16,15));
#647=IFCINDEXEDPOLYGONALFACE((9,11,15,13));
#648=IFCINDEXEDPOLYGONALFACE((10,14,16,12));
#649=IFCINDEXEDPOLYGONALFACE((17,18,20,19));
#650=IFCINDEXEDPOLYGONALFACE((21,23,24,22));
#651=IFCINDEXEDPOLYGONALFACE((17,21,22,18));
#652=IFCINDEXEDPOLYGONALFACE((19,20,24,23));
#653=IFCINDEXEDPOLYGONALFACE((17,19,23,21));
#654=IFCINDEXEDPOLYGONALFACE((18,22,24,20));
#655=IFCPOLYGONALFACESET(#636,$,(#637,#638,#639,#640,#641,#642,#643,#644,#645,#646,#647,#648,#649,#650,#651,#652,#653,#654),$);
#656=IFCSHAPEREPRESENTATION(#13,'Body','Tessellation',(#655));
#657=IFCPRODUCTDEFINITIONSHAPE($,$,(#656));
#658=IFCBUILDINGELEMENTPROXY('2FKweMVYrJhO5SP54BNKpb',$,'powered-bogie to carbody connection: air springs, emergency spring, centre pivot, yaw links and dampers','The complete body-to-bogie load path is one interface-controlled package even when springs, pivot and dampers are sourced from different qualified suppliers.',$,#859,#781,'LM3-BOG-P046',$);
#659=IFCPROPERTYSINGLEVALUE('OSRId',$,IFCTEXT('LM3-BOG-P046'),$);
#660=IFCPROPERTYSINGLEVALUE('Parent',$,IFCTEXT('LM3-BOG-SA610'),$);
#661=IFCPROPERTYSINGLEVALUE('Route',$,IFCTEXT('BID'),$);
#662=IFCPROPERTYSINGLEVALUE('Maturity',$,IFCTEXT('buildable-after-supplier-freeze'),$);
#663=IFCPROPERTYSINGLEVALUE('QuantityPerTrainset',$,IFCINTEGER(3),$);
#664=IFCPROPERTYSINGLEVALUE('Unit',$,IFCTEXT('bogie set'),$);
#665=IFCPROPERTYSINGLEVALUE('GeometryStatus',$,IFCTEXT('design-reference-not-released'),$);
#666=IFCPROPERTYSET('1tP2VuabDNpBQK8$jv$Ubu',$,'OSR_ProductDefinition',$,(#659,#660,#661,#662,#663,#664,#665));
#667=IFCRELDEFINESBYPROPERTIES('02n2KP22LIXRRa906N2$dm',$,$,$,(#658),#666);
#668=IFCCARTESIANPOINTLIST3D(((-0.38,-0.79200000000000004,-0.32500000000000001),(-0.39115911428470501,-0.72154412528251199,-0.32500000000000001),(-0.42354412528251195,-0.65798496247731619,-0.32500000000000001),(-0.47398496247731614,-0.607544125282512,-0.32500000000000001),(-0.53754412528251194,-0.57515911428470501,-0.32500000000000001),(-0.60799999999999998,-0.56400000000000006,-0.32500000000000001),(-0.67845587471748803,-0.57515911428470501,-0.32500000000000001),(-0.74201503752268383,-0.607544125282512,-0.32500000000000001),(-0.79245587471748791,-0.65798496247731619,-0.32500000000000001),(-0.8248408857152949,-0.72154412528251199,-0.32500000000000001),(-0.83599999999999997,-0.79200000000000004,-0.32500000000000001),(-0.82484088571529501,-0.86245587471748797,-0.32500000000000001),(-0.79245587471748802,-0.92601503752268388,-0.32500000000000001),(-0.74201503752268394,-0.97645587471748807,-0.32500000000000001),(-0.67845587471748803,-1.0088408857152951,-0.32500000000000001),(-0.60799999999999998,-1.02,-0.32500000000000001),(-0.53754412528251205,-1.0088408857152951,-0.32500000000000001),(-0.47398496247731614,-0.97645587471748807,-0.32500000000000001),(-0.42354412528251201,-0.92601503752268399,-0.32500000000000001),(-0.39115911428470501,-0.86245587471748808,-0.32500000000000001),(-0.38,-0.79200000000000004,0.32500000000000001),(-0.39115911428470501,-0.72154412528251199,0.32500000000000001),(-0.42354412528251195,-0.65798496247731619,0.32500000000000001),(-0.47398496247731614,-0.607544125282512,0.32500000000000001),(-0.53754412528251194,-0.57515911428470501,0.32500000000000001),(-0.60799999999999998,-0.56400000000000006,0.32500000000000001),(-0.67845587471748803,-0.57515911428470501,0.32500000000000001),(-0.74201503752268383,-0.607544125282512,0.32500000000000001),(-0.79245587471748791,-0.65798496247731619,0.32500000000000001),(-0.8248408857152949,-0.72154412528251199,0.32500000000000001),(-0.83599999999999997,-0.79200000000000004,0.32500000000000001),(-0.82484088571529501,-0.86245587471748797,0.32500000000000001),(-0.79245587471748802,-0.92601503752268388,0.32500000000000001),(-0.74201503752268394,-0.97645587471748807,0.32500000000000001),(-0.67845587471748803,-1.0088408857152951,0.32500000000000001),(-0.60799999999999998,-1.02,0.32500000000000001),(-0.53754412528251205,-1.0088408857152951,0.32500000000000001),(-0.47398496247731614,-0.97645587471748807,0.32500000000000001),(-0.42354412528251201,-0.92601503752268399,0.32500000000000001),(-0.39115911428470501,-0.86245587471748808,0.32500000000000001),(-0.38,0.79200000000000004,-0.32500000000000001),(-0.39115911428470501,0.86245587471748808,-0.32500000000000001),(-0.42354412528251195,0.92601503752268388,-0.32500000000000001),(-0.47398496247731614,0.97645587471748807,-0.32500000000000001),(-0.53754412528251194,1.0088408857152951,-0.32500000000000001),(-0.60799999999999998,1.02,-0.32500000000000001),(-0.67845587471748803,1.0088408857152951,-0.32500000000000001),(-0.74201503752268383,0.97645587471748807,-0.32500000000000001),(-0.79245587471748791,0.92601503752268388,-0.32500000000000001),(-0.8248408857152949,0.86245587471748808,-0.32500000000000001),(-0.83599999999999997,0.79200000000000004,-0.32500000000000001),(-0.82484088571529501,0.72154412528251211,-0.32500000000000001),(-0.79245587471748802,0.65798496247731619,-0.32500000000000001),(-0.74201503752268394,0.607544125282512,-0.32500000000000001),(-0.67845587471748803,0.57515911428470501,-0.32500000000000001),(-0.60799999999999998,0.56400000000000006,-0.32500000000000001),(-0.53754412528251205,0.57515911428470501,-0.32500000000000001),(-0.47398496247731614,0.607544125282512,-0.32500000000000001),(-0.42354412528251201,0.65798496247731608,-0.32500000000000001),(-0.39115911428470501,0.72154412528251199,-0.32500000000000001),(-0.38,0.79200000000000004,0.32500000000000001),(-0.39115911428470501,0.86245587471748808,0.32500000000000001),(-0.42354412528251195,0.92601503752268388,0.32500000000000001),(-0.47398496247731614,0.97645587471748807,0.32500000000000001),(-0.53754412528251194,1.0088408857152951,0.32500000000000001),(-0.60799999999999998,1.02,0.32500000000000001),(-0.67845587471748803,1.0088408857152951,0.32500000000000001),(-0.74201503752268383,0.97645587471748807,0.32500000000000001),(-0.79245587471748791,0.92601503752268388,0.32500000000000001),(-0.8248408857152949,0.86245587471748808,0.32500000000000001),(-0.83599999999999997,0.79200000000000004,0.32500000000000001),(-0.82484088571529501,0.72154412528251211,0.32500000000000001),(-0.79245587471748802,0.65798496247731619,0.32500000000000001),(-0.74201503752268394,0.607544125282512,0.32500000000000001),(-0.67845587471748803,0.57515911428470501,0.32500000000000001),(-0.60799999999999998,0.56400000000000006,0.32500000000000001),(-0.53754412528251205,0.57515911428470501,0.32500000000000001),(-0.47398496247731614,0.607544125282512,0.32500000000000001),(-0.42354412528251201,0.65798496247731608,0.32500000000000001),(-0.39115911428470501,0.72154412528251199,0.32500000000000001),(0.83599999999999997,-0.79200000000000004,-0.32500000000000001),(0.8248408857152949,-0.72154412528251199,-0.32500000000000001),(0.79245587471748802,-0.65798496247731619,-0.32500000000000001),(0.74201503752268383,-0.607544125282512,-0.32500000000000001),(0.67845587471748803,-0.57515911428470501,-0.32500000000000001),(0.60799999999999998,-0.56400000000000006,-0.32500000000000001),(0.53754412528251194,-0.57515911428470501,-0.32500000000000001),(0.47398496247731614,-0.607544125282512,-0.32500000000000001),(0.42354412528251201,-0.65798496247731619,-0.32500000000000001),(0.39115911428470501,-0.72154412528251199,-0.32500000000000001),(0.38,-0.79200000000000004,-0.32500000000000001),(0.39115911428470496,-0.86245587471748797,-0.32500000000000001),(0.42354412528251195,-0.92601503752268388,-0.32500000000000001),(0.47398496247731609,-0.97645587471748807,-0.32500000000000001),(0.53754412528251194,-1.0088408857152951,-0.32500000000000001),(0.60799999999999998,-1.02,-0.32500000000000001),(0.67845587471748792,-1.0088408857152951,-0.32500000000000001),(0.74201503752268383,-0.97645587471748807,-0.32500000000000001),(0.79245587471748791,-0.92601503752268399,-0.32500000000000001),(0.8248408857152949,-0.86245587471748808,-0.32500000000000001),(0.83599999999999997,-0.79200000000000004,0.32500000000000001),(0.8248408857152949,-0.72154412528251199,0.32500000000000001),(0.79245587471748802,-0.65798496247731619,0.32500000000000001),(0.74201503752268383,-0.607544125282512,0.32500000000000001),(0.67845587471748803,-0.57515911428470501,0.32500000000000001),(0.60799999999999998,-0.56400000000000006,0.32500000000000001),(0.53754412528251194,-0.57515911428470501,0.32500000000000001),(0.47398496247731614,-0.607544125282512,0.32500000000000001),(0.42354412528251201,-0.65798496247731619,0.32500000000000001),(0.39115911428470501,-0.72154412528251199,0.32500000000000001),(0.38,-0.79200000000000004,0.32500000000000001),(0.39115911428470496,-0.86245587471748797,0.32500000000000001),(0.42354412528251195,-0.92601503752268388,0.32500000000000001),(0.47398496247731609,-0.97645587471748807,0.32500000000000001),(0.53754412528251194,-1.0088408857152951,0.32500000000000001),(0.60799999999999998,-1.02,0.32500000000000001),(0.67845587471748792,-1.0088408857152951,0.32500000000000001),(0.74201503752268383,-0.97645587471748807,0.32500000000000001),(0.79245587471748791,-0.92601503752268399,0.32500000000000001),(0.8248408857152949,-0.86245587471748808,0.32500000000000001),(0.83599999999999997,0.79200000000000004,-0.32500000000000001),(0.8248408857152949,0.86245587471748808,-0.32500000000000001),(0.79245587471748802,0.92601503752268388,-0.32500000000000001),(0.74201503752268383,0.97645587471748807,-0.32500000000000001),(0.67845587471748803,1.0088408857152951,-0.32500000000000001),(0.60799999999999998,1.02,-0.32500000000000001),(0.53754412528251194,1.0088408857152951,-0.32500000000000001),(0.47398496247731614,0.97645587471748807,-0.32500000000000001),(0.42354412528251201,0.92601503752268388,-0.32500000000000001),(0.39115911428470501,0.86245587471748808,-0.32500000000000001),(0.38,0.79200000000000004,-0.32500000000000001),(0.39115911428470496,0.72154412528251211,-0.32500000000000001),(0.42354412528251195,0.65798496247731619,-0.32500000000000001),(0.47398496247731609,0.607544125282512,-0.32500000000000001),(0.53754412528251194,0.57515911428470501,-0.32500000000000001),(0.60799999999999998,0.56400000000000006,-0.32500000000000001),(0.67845587471748792,0.57515911428470501,-0.32500000000000001),(0.74201503752268383,0.607544125282512,-0.32500000000000001),(0.79245587471748791,0.65798496247731608,-0.32500000000000001),(0.8248408857152949,0.72154412528251199,-0.32500000000000001),(0.83599999999999997,0.79200000000000004,0.32500000000000001),(0.8248408857152949,0.86245587471748808,0.32500000000000001),(0.79245587471748802,0.92601503752268388,0.32500000000000001),(0.74201503752268383,0.97645587471748807,0.32500000000000001),(0.67845587471748803,1.0088408857152951,0.32500000000000001),(0.60799999999999998,1.02,0.32500000000000001),(0.53754412528251194,1.0088408857152951,0.32500000000000001),(0.47398496247731614,0.97645587471748807,0.32500000000000001),(0.42354412528251201,0.92601503752268388,0.32500000000000001),(0.39115911428470501,0.86245587471748808,0.32500000000000001),(0.38,0.79200000000000004,0.32500000000000001),(0.39115911428470496,0.72154412528251211,0.32500000000000001),(0.42354412528251195,0.65798496247731619,0.32500000000000001),(0.47398496247731609,0.607544125282512,0.32500000000000001),(0.53754412528251194,0.57515911428470501,0.32500000000000001),(0.60799999999999998,0.56400000000000006,0.32500000000000001),(0.67845587471748792,0.57515911428470501,0.32500000000000001),(0.74201503752268383,0.607544125282512,0.32500000000000001),(0.79245587471748791,0.65798496247731608,0.32500000000000001),(0.8248408857152949,0.72154412528251199,0.32500000000000001),(0.38500000000000001,0.,-0.058500000000000003),(0.36615675877363413,0.11897154283435475,-0.058500000000000003),(0.3114715428343548,0.22629732213260217,-0.058500000000000003),(0.22629732213260217,0.3114715428343548,-0.058500000000000003),(0.11897154283435477,0.36615675877363413,-0.058500000000000003),(2.3574450883586549E-17,0.38500000000000001,-0.058500000000000003),(-0.11897154283435472,0.36615675877363418,-0.058500000000000003),(-0.22629732213260212,0.3114715428343548,-0.058500000000000003),(-0.31147154283435474,0.2262973221326022,-0.058500000000000003),(-0.36615675877363413,0.11897154283435479,-0.058500000000000003),(-0.38500000000000001,4.7148901767173099E-17,-0.058500000000000003),(-0.36615675877363418,-0.11897154283435456,-0.058500000000000003),(-0.3114715428343548,-0.22629732213260212,-0.058500000000000003),(-0.2262973221326022,-0.31147154283435474,-0.058500000000000003),(-0.11897154283435482,-0.36615675877363413,-0.058500000000000003),(-7.0723352650759645E-17,-0.38500000000000001,-0.058500000000000003),(0.11897154283435468,-0.36615675877363418,-0.058500000000000003),(0.22629732213260209,-0.3114715428343548,-0.058500000000000003),(0.31147154283435474,-0.22629732213260226,-0.058500000000000003),(0.36615675877363413,-0.11897154283435483,-0.058500000000000003),(0.38500000000000001,0.,0.058500000000000003),(0.36615675877363413,0.11897154283435475,0.058500000000000003),(0.3114715428343548,0.22629732213260217,0.058500000000000003),(0.22629732213260217,0.3114715428343548,0.058500000000000003),(0.11897154283435477,0.36615675877363413,0.058500000000000003),(2.3574450883586549E-17,0.38500000000000001,0.058500000000000003),(-0.11897154283435472,0.36615675877363418,0.058500000000000003),(-0.22629732213260212,0.3114715428343548,0.058500000000000003),(-0.31147154283435474,0.2262973221326022,0.058500000000000003),(-0.36615675877363413,0.11897154283435479,0.058500000000000003),(-0.38500000000000001,4.7148901767173099E-17,0.058500000000000003),(-0.36615675877363418,-0.11897154283435456,0.058500000000000003),(-0.3114715428343548,-0.22629732213260212,0.058500000000000003),(-0.2262973221326022,-0.31147154283435474,0.058500000000000003),(-0.11897154283435482,-0.36615675877363413,0.058500000000000003),(-7.0723352650759645E-17,-0.38500000000000001,0.058500000000000003),(0.11897154283435468,-0.36615675877363418,0.058500000000000003),(0.22629732213260209,-0.3114715428343548,0.058500000000000003),(0.31147154283435474,-0.22629732213260226,0.058500000000000003),(0.36615675877363413,-0.11897154283435483,0.058500000000000003)),$);
#669=IFCINDEXEDPOLYGONALFACE((20,19,18,17,16,15,14,13,12,11,10,9,8,7,6,5,4,3,2,1));
#670=IFCINDEXEDPOLYGONALFACE((21,22,23,24,25,26,27,28,29,30,31,32,33,34,35,36,37,38,39,40));
#671=IFCINDEXEDPOLYGONALFACE((1,2,22,21));
#672=IFCINDEXEDPOLYGONALFACE((2,3,23,22));
#673=IFCINDEXEDPOLYGONALFACE((3,4,24,23));
#674=IFCINDEXEDPOLYGONALFACE((4,5,25,24));
#675=IFCINDEXEDPOLYGONALFACE((5,6,26,25));
#676=IFCINDEXEDPOLYGONALFACE((6,7,27,26));
#677=IFCINDEXEDPOLYGONALFACE((7,8,28,27));
#678=IFCINDEXEDPOLYGONALFACE((8,9,29,28));
#679=IFCINDEXEDPOLYGONALFACE((9,10,30,29));
#680=IFCINDEXEDPOLYGONALFACE((10,11,31,30));
#681=IFCINDEXEDPOLYGONALFACE((11,12,32,31));
#682=IFCINDEXEDPOLYGONALFACE((12,13,33,32));
#683=IFCINDEXEDPOLYGONALFACE((13,14,34,33));
#684=IFCINDEXEDPOLYGONALFACE((14,15,35,34));
#685=IFCINDEXEDPOLYGONALFACE((15,16,36,35));
#686=IFCINDEXEDPOLYGONALFACE((16,17,37,36));
#687=IFCINDEXEDPOLYGONALFACE((17,18,38,37));
#688=IFCINDEXEDPOLYGONALFACE((18,19,39,38));
#689=IFCINDEXEDPOLYGONALFACE((19,20,40,39));
#690=IFCINDEXEDPOLYGONALFACE((20,1,21,40));
#691=IFCINDEXEDPOLYGONALFACE((60,59,58,57,56,55,54,53,52,51,50,49,48,47,46,45,44,43,42,41));
#692=IFCINDEXEDPOLYGONALFACE((61,62,63,64,65,66,67,68,69,70,71,72,73,74,75,76,77,78,79,80));
#693=IFCINDEXEDPOLYGONALFACE((41,42,62,61));
#694=IFCINDEXEDPOLYGONALFACE((42,43,63,62));
#695=IFCINDEXEDPOLYGONALFACE((43,44,64,63));
#696=IFCINDEXEDPOLYGONALFACE((44,45,65,64));
#697=IFCINDEXEDPOLYGONALFACE((45,46,66,65));
#698=IFCINDEXEDPOLYGONALFACE((46,47,67,66));
#699=IFCINDEXEDPOLYGONALFACE((47,48,68,67));
#700=IFCINDEXEDPOLYGONALFACE((48,49,69,68));
#701=IFCINDEXEDPOLYGONALFACE((49,50,70,69));
#702=IFCINDEXEDPOLYGONALFACE((50,51,71,70));
#703=IFCINDEXEDPOLYGONALFACE((51,52,72,71));
#704=IFCINDEXEDPOLYGONALFACE((52,53,73,72));
#705=IFCINDEXEDPOLYGONALFACE((53,54,74,73));
#706=IFCINDEXEDPOLYGONALFACE((54,55,75,74));
#707=IFCINDEXEDPOLYGONALFACE((55,56,76,75));
#708=IFCINDEXEDPOLYGONALFACE((56,57,77,76));
#709=IFCINDEXEDPOLYGONALFACE((57,58,78,77));
#710=IFCINDEXEDPOLYGONALFACE((58,59,79,78));
#711=IFCINDEXEDPOLYGONALFACE((59,60,80,79));
#712=IFCINDEXEDPOLYGONALFACE((60,41,61,80));
#713=IFCINDEXEDPOLYGONALFACE((100,99,98,97,96,95,94,93,92,91,90,89,88,87,86,85,84,83,82,81));
#714=IFCINDEXEDPOLYGONALFACE((101,102,103,104,105,106,107,108,109,110,111,112,113,114,115,116,117,118,119,120));
#715=IFCINDEXEDPOLYGONALFACE((81,82,102,101));
#716=IFCINDEXEDPOLYGONALFACE((82,83,103,102));
#717=IFCINDEXEDPOLYGONALFACE((83,84,104,103));
#718=IFCINDEXEDPOLYGONALFACE((84,85,105,104));
#719=IFCINDEXEDPOLYGONALFACE((85,86,106,105));
#720=IFCINDEXEDPOLYGONALFACE((86,87,107,106));
#721=IFCINDEXEDPOLYGONALFACE((87,88,108,107));
#722=IFCINDEXEDPOLYGONALFACE((88,89,109,108));
#723=IFCINDEXEDPOLYGONALFACE((89,90,110,109));
#724=IFCINDEXEDPOLYGONALFACE((90,91,111,110));
#725=IFCINDEXEDPOLYGONALFACE((91,92,112,111));
#726=IFCINDEXEDPOLYGONALFACE((92,93,113,112));
#727=IFCINDEXEDPOLYGONALFACE((93,94,114,113));
#728=IFCINDEXEDPOLYGONALFACE((94,95,115,114));
#729=IFCINDEXEDPOLYGONALFACE((95,96,116,115));
#730=IFCINDEXEDPOLYGONALFACE((96,97,117,116));
#731=IFCINDEXEDPOLYGONALFACE((97,98,118,117));
#732=IFCINDEXEDPOLYGONALFACE((98,99,119,118));
#733=IFCINDEXEDPOLYGONALFACE((99,100,120,119));
#734=IFCINDEXEDPOLYGONALFACE((100,81,101,120));
#735=IFCINDEXEDPOLYGONALFACE((140,139,138,137,136,135,134,133,132,131,130,129,128,127,126,125,124,123,122,121));
#736=IFCINDEXEDPOLYGONALFACE((141,142,143,144,145,146,147,148,149,150,151,152,153,154,155,156,157,158,159,160));
#737=IFCINDEXEDPOLYGONALFACE((121,122,142,141));
#738=IFCINDEXEDPOLYGONALFACE((122,123,143,142));
#739=IFCINDEXEDPOLYGONALFACE((123,124,144,143));
#740=IFCINDEXEDPOLYGONALFACE((124,125,145,144));
#741=IFCINDEXEDPOLYGONALFACE((125,126,146,145));
#742=IFCINDEXEDPOLYGONALFACE((126,127,147,146));
#743=IFCINDEXEDPOLYGONALFACE((127,128,148,147));
#744=IFCINDEXEDPOLYGONALFACE((128,129,149,148));
#745=IFCINDEXEDPOLYGONALFACE((129,130,150,149));
#746=IFCINDEXEDPOLYGONALFACE((130,131,151,150));
#747=IFCINDEXEDPOLYGONALFACE((131,132,152,151));
#748=IFCINDEXEDPOLYGONALFACE((132,133,153,152));
#749=IFCINDEXEDPOLYGONALFACE((133,134,154,153));
#750=IFCINDEXEDPOLYGONALFACE((134,135,155,154));
#751=IFCINDEXEDPOLYGONALFACE((135,136,156,155));
#752=IFCINDEXEDPOLYGONALFACE((136,137,157,156));
#753=IFCINDEXEDPOLYGONALFACE((137,138,158,157));
#754=IFCINDEXEDPOLYGONALFACE((138,139,159,158));
#755=IFCINDEXEDPOLYGONALFACE((139,140,160,159));
#756=IFCINDEXEDPOLYGONALFACE((140,121,141,160));
#757=IFCINDEXEDPOLYGONALFACE((180,179,178,177,176,175,174,173,172,171,170,169,168,167,166,165,164,163,162,161));
#758=IFCINDEXEDPOLYGONALFACE((181,182,183,184,185,186,187,188,189,190,191,192,193,194,195,196,197,198,199,200));
#759=IFCINDEXEDPOLYGONALFACE((161,162,182,181));
#760=IFCINDEXEDPOLYGONALFACE((162,163,183,182));
#761=IFCINDEXEDPOLYGONALFACE((163,164,184,183));
#762=IFCINDEXEDPOLYGONALFACE((164,165,185,184));
#763=IFCINDEXEDPOLYGONALFACE((165,166,186,185));
#764=IFCINDEXEDPOLYGONALFACE((166,167,187,186));
#765=IFCINDEXEDPOLYGONALFACE((167,168,188,187));
#766=IFCINDEXEDPOLYGONALFACE((168,169,189,188));
#767=IFCINDEXEDPOLYGONALFACE((169,170,190,189));
#768=IFCINDEXEDPOLYGONALFACE((170,171,191,190));
#769=IFCINDEXEDPOLYGONALFACE((171,172,192,191));
#770=IFCINDEXEDPOLYGONALFACE((172,173,193,192));
#771=IFCINDEXEDPOLYGONALFACE((173,174,194,193));
#772=IFCINDEXEDPOLYGONALFACE((174,175,195,194));
#773=IFCINDEXEDPOLYGONALFACE((175,176,196,195));
#774=IFCINDEXEDPOLYGONALFACE((176,177,197,196));
#775=IFCINDEXEDPOLYGONALFACE((177,178,198,197));
#776=IFCINDEXEDPOLYGONALFACE((178,179,199,198));
#777=IFCINDEXEDPOLYGONALFACE((179,180,200,199));
#778=IFCINDEXEDPOLYGONALFACE((180,161,181,200));
#779=IFCPOLYGONALFACESET(#668,$,(#669,#670,#671,#672,#673,#674,#675,#676,#677,#678,#679,#680,#681,#682,#683,#684,#685,#686,#687,#688,#689,#690,#691,#692,#693,#694,#695,#696,#697,#698,#699,#700,#701,#702,#703,#704,#705,#706,#707,#708,#709,#710,#711,#712,#713,#714,#715,#716,#717,#718,#719,#720,#721,#722,#723,#724,#725,#726,#727,#728,#729,#730,#731,#732,#733,#734,#735,#736,#737,#738,#739,#740,#741,#742,#743,#744,#745,#746,#747,#748,#749,#750,#751,#752,#753,#754,#755,#756,#757,#758,#759,#760,#761,#762,#763,#764,#765,#766,#767,#768,#769,#770,#771,#772,#773,#774,#775,#776,#777,#778),$);
#780=IFCSHAPEREPRESENTATION(#13,'Body','Tessellation',(#779));
#781=IFCPRODUCTDEFINITIONSHAPE($,$,(#780));
#782=IFCBUILDINGELEMENTPROXY('33p8VZSkPIzxL$IEKyVElC',$,'powered-bogie brake/WSP/speed-sensor harness and junction-bracket kit','Locally built, continuity-tested rugged harness with fabricated sensor brackets and junctions for powered-bogie brake and wheel-slide protection.',$,#862,#825,'LM3-BOG-P060',$);
#783=IFCPROPERTYSINGLEVALUE('OSRId',$,IFCTEXT('LM3-BOG-P060'),$);
#784=IFCPROPERTYSINGLEVALUE('Parent',$,IFCTEXT('LM3-BOG-SA610'),$);
#785=IFCPROPERTYSINGLEVALUE('Route',$,IFCTEXT('MAKE'),$);
#786=IFCPROPERTYSINGLEVALUE('Maturity',$,IFCTEXT('release-candidate'),$);
#787=IFCPROPERTYSINGLEVALUE('QuantityPerTrainset',$,IFCINTEGER(3),$);
#788=IFCPROPERTYSINGLEVALUE('Unit',$,IFCTEXT('bogie kit'),$);
#789=IFCPROPERTYSINGLEVALUE('GeometryStatus',$,IFCTEXT('design-reference-not-released'),$);
#790=IFCPROPERTYSET('0MbP4I46DONxa1ZIw_8Ej5',$,'OSR_ProductDefinition',$,(#783,#784,#785,#786,#787,#788,#789));
#791=IFCRELDEFINESBYPROPERTIES('17wZFoy8XTqhro7o6REq7m',$,$,$,(#782),#790);
#792=IFCCARTESIANPOINTLIST3D(((-1.5,-0.77700000000000002,-0.0264),(-1.5,-0.77700000000000002,0.0264),(-1.5,-0.56699999999999995,-0.0264),(-1.5,-0.56699999999999995,0.0264),(1.5,-0.77700000000000002,-0.0264),(1.5,-0.77700000000000002,0.0264),(1.5,-0.56699999999999995,-0.0264),(1.5,-0.56699999999999995,0.0264),(-1.5,0.56699999999999995,-0.0264),(-1.5,0.56699999999999995,0.0264),(-1.5,0.77700000000000002,-0.0264),(-1.5,0.77700000000000002,0.0264),(1.5,0.56699999999999995,-0.0264),(1.5,0.56699999999999995,0.0264),(1.5,0.77700000000000002,-0.0264),(1.5,0.77700000000000002,0.0264),(-1.0874999999999999,-0.83999999999999997,-0.033000000000000002),(-1.0874999999999999,-0.83999999999999997,0.033000000000000002),(-1.0874999999999999,0.83999999999999997,-0.033000000000000002),(-1.0874999999999999,0.83999999999999997,0.033000000000000002),(-1.0125,-0.83999999999999997,-0.033000000000000002),(-1.0125,-0.83999999999999997,0.033000000000000002),(-1.0125,0.83999999999999997,-0.033000000000000002),(-1.0125,0.83999999999999997,0.033000000000000002),(-0.037499999999999999,-0.83999999999999997,-0.033000000000000002),(-0.037499999999999999,-0.83999999999999997,0.033000000000000002),(-0.037499999999999999,0.83999999999999997,-0.033000000000000002),(-0.037499999999999999,0.83999999999999997,0.033000000000000002),(0.037499999999999999,-0.83999999999999997,-0.033000000000000002),(0.037499999999999999,-0.83999999999999997,0.033000000000000002),(0.037499999999999999,0.83999999999999997,-0.033000000000000002),(0.037499999999999999,0.83999999999999997,0.033000000000000002),(1.0125,-0.83999999999999997,-0.033000000000000002),(1.0125,-0.83999999999999997,0.033000000000000002),(1.0125,0.83999999999999997,-0.033000000000000002),(1.0125,0.83999999999999997,0.033000000000000002),(1.0874999999999999,-0.83999999999999997,-0.033000000000000002),(1.0874999999999999,-0.83999999999999997,0.033000000000000002),(1.0874999999999999,0.83999999999999997,-0.033000000000000002),(1.0874999999999999,0.83999999999999997,0.033000000000000002)),$);
#793=IFCINDEXEDPOLYGONALFACE((1,2,4,3));
#794=IFCINDEXEDPOLYGONALFACE((5,7,8,6));
#795=IFCINDEXEDPOLYGONALFACE((1,5,6,2));
#796=IFCINDEXEDPOLYGONALFACE((3,4,8,7));
#797=IFCINDEXEDPOLYGONALFACE((1,3,7,5));
#798=IFCINDEXEDPOLYGONALFACE((2,6,8,4));
#799=IFCINDEXEDPOLYGONALFACE((9,10,12,11));
#800=IFCINDEXEDPOLYGONALFACE((13,15,16,14));
#801=IFCINDEXEDPOLYGONALFACE((9,13,14,10));
#802=IFCINDEXEDPOLYGONALFACE((11,12,16,15));
#803=IFCINDEXEDPOLYGONALFACE((9,11,15,13));
#804=IFCINDEXEDPOLYGONALFACE((10,14,16,12));
#805=IFCINDEXEDPOLYGONALFACE((17,18,20,19));
#806=IFCINDEXEDPOLYGONALFACE((21,23,24,22));
#807=IFCINDEXEDPOLYGONALFACE((17,21,22,18));
#808=IFCINDEXEDPOLYGONALFACE((19,20,24,23));
#809=IFCINDEXEDPOLYGONALFACE((17,19,23,21));
#810=IFCINDEXEDPOLYGONALFACE((18,22,24,20));
#811=IFCINDEXEDPOLYGONALFACE((25,26,28,27));
#812=IFCINDEXEDPOLYGONALFACE((29,31,32,30));
#813=IFCINDEXEDPOLYGONALFACE((25,29,30,26));
#814=IFCINDEXEDPOLYGONALFACE((27,28,32,31));
#815=IFCINDEXEDPOLYGONALFACE((25,27,31,29));
#816=IFCINDEXEDPOLYGONALFACE((26,30,32,28));
#817=IFCINDEXEDPOLYGONALFACE((33,34,36,35));
#818=IFCINDEXEDPOLYGONALFACE((37,39,40,38));
#819=IFCINDEXEDPOLYGONALFACE((33,37,38,34));
#820=IFCINDEXEDPOLYGONALFACE((35,36,40,39));
#821=IFCINDEXEDPOLYGONALFACE((33,35,39,37));
#822=IFCINDEXEDPOLYGONALFACE((34,38,40,36));
#823=IFCPOLYGONALFACESET(#792,$,(#793,#794,#795,#796,#797,#798,#799,#800,#801,#802,#803,#804,#805,#806,#807,#808,#809,#810,#811,#812,#813,#814,#815,#816,#817,#818,#819,#820,#821,#822),$);
#824=IFCSHAPEREPRESENTATION(#13,'Body','Tessellation',(#823));
#825=IFCPRODUCTDEFINITIONSHAPE($,$,(#824));
#826=IFCRELAGGREGATES('3PA9rwhwjLQhwKCVUN$dKU',$,$,$,#28,(#52,#96,#658,#782,#36,#44));
#827=IFCRELAGGREGATES('3l6TjiUBTRTB$C5594XrsM',$,$,$,#36,(#128,#252,#310,#434));
#828=IFCRELAGGREGATES('3VK$nskCrV$Q7ytAFngmUE',$,$,$,#44,(#626,#514,#594));
#829=IFCRELCONTAINEDINSPATIALSTRUCTURE('3$Tq$cgd1L79zBkfvymwJa',$,$,$,(#28),#3);
#830=IFCCARTESIANPOINT((0.,0.,0.));
#831=IFCAXIS2PLACEMENT3D(#830,$,$);
#832=IFCLOCALPLACEMENT($,#831);
#833=IFCCARTESIANPOINT((4.2000000000000002,0.,0.));
#834=IFCAXIS2PLACEMENT3D(#833,$,$);
#835=IFCLOCALPLACEMENT($,#834);
#836=IFCCARTESIANPOINT((8.4000000000000004,0.,0.));
#837=IFCAXIS2PLACEMENT3D(#836,$,$);
#838=IFCLOCALPLACEMENT($,#837);
#839=IFCCARTESIANPOINT((12.6,0.,0.));
#840=IFCAXIS2PLACEMENT3D(#839,$,$);
#841=IFCLOCALPLACEMENT($,#840);
#842=IFCCARTESIANPOINT((0.,3.2999999999999998,0.));
#843=IFCAXIS2PLACEMENT3D(#842,$,$);
#844=IFCLOCALPLACEMENT($,#843);
#845=IFCCARTESIANPOINT((4.2000000000000002,3.2999999999999998,0.));
#846=IFCAXIS2PLACEMENT3D(#845,$,$);
#847=IFCLOCALPLACEMENT($,#846);
#848=IFCCARTESIANPOINT((8.4000000000000004,3.2999999999999998,0.));
#849=IFCAXIS2PLACEMENT3D(#848,$,$);
#850=IFCLOCALPLACEMENT($,#849);
#851=IFCCARTESIANPOINT((12.6,3.2999999999999998,0.));
#852=IFCAXIS2PLACEMENT3D(#851,$,$);
#853=IFCLOCALPLACEMENT($,#852);
#854=IFCCARTESIANPOINT((0.,6.5999999999999996,0.));
#855=IFCAXIS2PLACEMENT3D(#854,$,$);
#856=IFCLOCALPLACEMENT($,#855);
#857=IFCCARTESIANPOINT((4.2000000000000002,6.5999999999999996,0.));
#858=IFCAXIS2PLACEMENT3D(#857,$,$);
#859=IFCLOCALPLACEMENT($,#858);
#860=IFCCARTESIANPOINT((8.4000000000000004,6.5999999999999996,0.));
#861=IFCAXIS2PLACEMENT3D(#860,$,$);
#862=IFCLOCALPLACEMENT($,#861);
ENDSEC;
END-ISO-10303-21;
