ISO-10303-21;
HEADER;
FILE_DESCRIPTION(('ViewDefinition [CoordinationView]'),'2;1');
FILE_NAME('LM3-BOG-SA620.ifc','2026-08-30T00:00:00+00:00',('OpenSourceRail'),('OpenSourceRail'),'IfcOpenShell 0.8.5','OpenSourceRail deterministic LM3 product-library exporter','design-reference / not for construction');
FILE_SCHEMA(('IFC4X3_ADD2'));
ENDSEC;
DATA;
#1=IFCPROJECT('2ScWjj3drJRQkQaNS4j_pX',$,'LM3-BOG-SA620 \X2\2014\X0\ complete trailer bogie with running unit and body connection','Design-reference geometry and assembly hierarchy only; supplier freeze, released drawings/tolerances, calculations, qualified processes and first-article tests remain mandatory.',$,$,$,(#12),#7);
#2=IFCSITE('1G38qxY1LIOeMf3aDf2KWe',$,'LM3 product library',$,$,#18,$,$,.ELEMENT.,$,$,$,$,$);
#3=IFCBUILDING('1o8fWlhKTQdhldf6wyZSuo',$,'LM3 assembly inspection fixture',$,$,#21,$,$,.ELEMENT.,$,$,$);
#4=IFCSIUNIT(*,.LENGTHUNIT.,$,.METRE.);
#5=IFCSIUNIT(*,.AREAUNIT.,$,.SQUARE_METRE.);
#6=IFCSIUNIT(*,.VOLUMEUNIT.,$,.CUBIC_METRE.);
#7=IFCUNITASSIGNMENT((#6,#4,#5));
#8=IFCCARTESIANPOINT((0.,0.,0.));
#9=IFCDIRECTION((0.,0.,1.));
#10=IFCDIRECTION((1.,0.,0.));
#11=IFCAXIS2PLACEMENT3D(#8,#9,#10);
#12=IFCGEOMETRICREPRESENTATIONCONTEXT($,'Model',3,1.0000000000000001E-05,#11,$);
#13=IFCGEOMETRICREPRESENTATIONSUBCONTEXT('Body','Model',*,*,*,*,#12,$,.MODEL_VIEW.,$);
#14=IFCRELAGGREGATES('0OL_EH1HXPU8gj$f7ierQj',$,$,$,#1,(#2));
#15=IFCRELAGGREGATES('0VZuUdcKjM6QJIxuEbMhWD',$,$,$,#2,(#3));
#16=IFCCARTESIANPOINT((0.,0.,0.));
#17=IFCAXIS2PLACEMENT3D(#16,$,$);
#18=IFCLOCALPLACEMENT($,#17);
#19=IFCCARTESIANPOINT((0.,0.,0.));
#20=IFCAXIS2PLACEMENT3D(#19,$,$);
#21=IFCLOCALPLACEMENT($,#20);
#22=IFCPROPERTYSINGLEVALUE('Status',$,IFCTEXT('design-reference-not-released'),$);
#23=IFCPROPERTYSINGLEVALUE('ReleaseBoundary',$,IFCTEXT('Design-reference geometry and assembly hierarchy only; supplier freeze, released drawings/tolerances, calculations, qualified processes and first-article tests remain mandatory.'),$);
#24=IFCPROPERTYSINGLEVALUE('Manifest',$,IFCTEXT('design/component-catalogue/catalog/buildable-trainset/buildable-trainset-manifest.json'),$);
#25=IFCPROPERTYSINGLEVALUE('ManifestSha256',$,IFCTEXT('4c2ec91449f361762556e35852f8b914e3bcec03c1b9f940d8c756e5db7cf7a5'),$);
#26=IFCPROPERTYSET('3P9LRv0jPPafIrfFr94zJP',$,'OSR_ProductLibrary',$,(#22,#23,#24,#25));
#27=IFCRELDEFINESBYPROPERTIES('2_HHZ9cfDLvhKVUQJLkmwF',$,$,$,(#1),#26);
#28=IFCELEMENTASSEMBLY('3fxXkHkRnI89jTNrBYiWOz',$,'complete trailer bogie with running unit and body connection','frame NDT | wheelset/bearing certificate | ride-height setup | static brake test',$,$,$,'LM3-BOG-SA620',$,$);
#29=IFCPROPERTYSINGLEVALUE('OSRId',$,IFCTEXT('LM3-BOG-SA620'),$);
#30=IFCPROPERTYSINGLEVALUE('Layer',$,IFCTEXT('subassembly'),$);
#31=IFCPROPERTYSINGLEVALUE('BuildCell',$,IFCTEXT('bogie weld and assembly cell'),$);
#32=IFCPROPERTYSINGLEVALUE('QuantityPerTrainset',$,IFCINTEGER(3),$);
#33=IFCPROPERTYSINGLEVALUE('GeometryStatus',$,IFCTEXT('complete-hierarchy-inspection-layout'),$);
#34=IFCPROPERTYSET('3XWHTQtLjKlQ69z41CosSS',$,'OSR_AssemblyDefinition',$,(#29,#30,#31,#32,#33));
#35=IFCRELDEFINESBYPROPERTIES('1_ooZSuuLOuAKEWRoUZsAx',$,$,$,(#28),#34);
#36=IFCELEMENTASSEMBLY('1VXqFMSOXPXAPWSCNTUO_Z',$,'trailer-bogie running unit: wheelsets, axleboxes, primary suspension and brakes','wheelset identity | bearing installation | primary-height match | static brake/WSP test | free rotation',$,$,$,'LM3-BOG-SA621',$,$);
#37=IFCPROPERTYSINGLEVALUE('OSRId',$,IFCTEXT('LM3-BOG-SA621'),$);
#38=IFCPROPERTYSINGLEVALUE('Layer',$,IFCTEXT('subassembly'),$);
#39=IFCPROPERTYSINGLEVALUE('BuildCell',$,IFCTEXT('bogie clean assembly and brake cell'),$);
#40=IFCPROPERTYSINGLEVALUE('QuantityPerTrainset',$,IFCINTEGER(3),$);
#41=IFCPROPERTYSINGLEVALUE('GeometryStatus',$,IFCTEXT('complete-hierarchy-inspection-layout'),$);
#42=IFCPROPERTYSET('2l$VOF9zrJ4es$QfvIbkGH',$,'OSR_AssemblyDefinition',$,(#37,#38,#39,#40,#41));
#43=IFCRELDEFINESBYPROPERTIES('1Afih$L0rIR9F_eYOL_FFN',$,$,$,(#36),#42);
#44=IFCMEMBER('1jrUdf3irMQQ5Ck9h$_3qF',$,'trailer bogie welded H-frame','Common trailer frame without motor cradle and traction gearbox mounts.',$,#1095,#320,'LM3-BOG-P020',$);
#45=IFCPROPERTYSINGLEVALUE('OSRId',$,IFCTEXT('LM3-BOG-P020'),$);
#46=IFCPROPERTYSINGLEVALUE('Parent',$,IFCTEXT('LM3-BOG-SA620'),$);
#47=IFCPROPERTYSINGLEVALUE('Route',$,IFCTEXT('MAKE'),$);
#48=IFCPROPERTYSINGLEVALUE('Maturity',$,IFCTEXT('release-candidate'),$);
#49=IFCPROPERTYSINGLEVALUE('QuantityPerTrainset',$,IFCINTEGER(3),$);
#50=IFCPROPERTYSINGLEVALUE('Unit',$,IFCTEXT('ea'),$);
#51=IFCPROPERTYSINGLEVALUE('GeometryStatus',$,IFCTEXT('design-reference-not-released'),$);
#52=IFCPROPERTYSINGLEVALUE('GeometryLevel',$,IFCTEXT('interface-detailed'),$);
#53=IFCPROPERTYSET('3bblagOILOtPiBnDxmP2I7',$,'OSR_ProductDefinition',$,(#45,#46,#47,#48,#49,#50,#51,#52));
#54=IFCRELDEFINESBYPROPERTIES('3UXZP6r$bKr8Zny3Wcn4a9',$,$,$,(#44),#53);
#55=IFCCARTESIANPOINTLIST3D(((-1.7,-1.25,-0.17050000000000001),(-1.7,-1.25,0.17050000000000001),(-1.7,-1.03,-0.17050000000000001),(-1.7,-1.03,0.17050000000000001),(1.7,-1.25,-0.17050000000000001),(1.7,-1.25,0.17050000000000001),(1.7,-1.03,-0.17050000000000001),(1.7,-1.03,0.17050000000000001),(-1.7,1.03,-0.17050000000000001),(-1.7,1.03,0.17050000000000001),(-1.7,1.25,-0.17050000000000001),(-1.7,1.25,0.17050000000000001),(1.7,1.03,-0.17050000000000001),(1.7,1.03,0.17050000000000001),(1.7,1.25,-0.17050000000000001),(1.7,1.25,0.17050000000000001),(-1.286,-1.1000000000000001,-0.13950000000000001),(-1.286,-1.1000000000000001,0.13950000000000001),(-1.286,1.1000000000000001,-0.13950000000000001),(-1.286,1.1000000000000001,0.13950000000000001),(-1.026,-1.1000000000000001,-0.13950000000000001),(-1.026,-1.1000000000000001,0.13950000000000001),(-1.026,1.1000000000000001,-0.13950000000000001),(-1.026,1.1000000000000001,0.13950000000000001),(-0.13,-1.1000000000000001,-0.13950000000000001),(-0.13,-1.1000000000000001,0.13950000000000001),(-0.13,1.1000000000000001,-0.13950000000000001),(-0.13,1.1000000000000001,0.13950000000000001),(0.13,-1.1000000000000001,-0.13950000000000001),(0.13,-1.1000000000000001,0.13950000000000001),(0.13,1.1000000000000001,-0.13950000000000001),(0.13,1.1000000000000001,0.13950000000000001),(1.026,-1.1000000000000001,-0.13950000000000001),(1.026,-1.1000000000000001,0.13950000000000001),(1.026,1.1000000000000001,-0.13950000000000001),(1.026,1.1000000000000001,0.13950000000000001),(1.286,-1.1000000000000001,-0.13950000000000001),(1.286,-1.1000000000000001,0.13950000000000001),(1.286,1.1000000000000001,-0.13950000000000001),(1.286,1.1000000000000001,0.13950000000000001),(-1.0072000000000001,-1.1100000000000001,-0.12399999999999997),(-1.0144827903752813,-1.1100000000000001,-0.078018271237007802),(-1.0356182712370079,-1.1100000000000001,-0.036537554458879989),(-1.0685375544588802,-1.1100000000000001,-0.0036182712370078224),(-1.1100182712370079,-1.1100000000000001,0.017517209624718838),(-1.1560000000000001,-1.1100000000000001,0.024799999999999989),(-1.2019817287629924,-1.1100000000000001,0.017517209624718866),(-1.2434624455411201,-1.1100000000000001,-0.0036182712370078224),(-1.2763817287629924,-1.1100000000000001,-0.036537554458879976),(-1.2975172096247189,-1.1100000000000001,-0.078018271237007802),(-1.3048000000000002,-1.1100000000000001,-0.12399999999999996),(-1.2975172096247189,-1.1100000000000001,-0.16998172876299206),(-1.2763817287629924,-1.1100000000000001,-0.21146244554111993),(-1.2434624455411201,-1.1100000000000001,-0.24438172876299211),(-1.2019817287629924,-1.1100000000000001,-0.26551720962471881),(-1.1560000000000001,-1.1100000000000001,-0.27279999999999993),(-1.1100182712370079,-1.1100000000000001,-0.26551720962471881),(-1.0685375544588802,-1.1100000000000001,-0.24438172876299213),(-1.0356182712370079,-1.1100000000000001,-0.21146244554111998),(-1.0144827903752813,-1.1100000000000001,-0.16998172876299217),(-1.0072000000000001,-0.79000000000000004,-0.12399999999999997),(-1.0144827903752813,-0.79000000000000004,-0.078018271237007802),(-1.0356182712370079,-0.79000000000000004,-0.036537554458879989),(-1.0685375544588802,-0.79000000000000004,-0.0036182712370078224),(-1.1100182712370079,-0.79000000000000004,0.017517209624718838),(-1.1560000000000001,-0.79000000000000004,0.024799999999999989),(-1.2019817287629924,-0.79000000000000004,0.017517209624718866),(-1.2434624455411201,-0.79000000000000004,-0.0036182712370078224),(-1.2763817287629924,-0.79000000000000004,-0.036537554458879976),(-1.2975172096247189,-0.79000000000000004,-0.078018271237007802),(-1.3048000000000002,-0.79000000000000004,-0.12399999999999996),(-1.2975172096247189,-0.79000000000000004,-0.16998172876299206),(-1.2763817287629924,-0.79000000000000004,-0.21146244554111993),(-1.2434624455411201,-0.79000000000000004,-0.24438172876299211),(-1.2019817287629924,-0.79000000000000004,-0.26551720962471881),(-1.1560000000000001,-0.79000000000000004,-0.27279999999999993),(-1.1100182712370079,-0.79000000000000004,-0.26551720962471881),(-1.0685375544588802,-0.79000000000000004,-0.24438172876299213),(-1.0356182712370079,-0.79000000000000004,-0.21146244554111998),(-1.0144827903752813,-0.79000000000000004,-0.16998172876299217),(-0.9760000000000002,-0.94999999999999996,0.1658),(-0.98480982706687259,-0.89437694101250942,0.1658),(-1.0103769410125096,-0.84419865458735477,0.1658),(-1.050198654587355,-0.80437694101250945,0.1658),(-1.1003769410125097,-0.77880982706687241,0.1658),(-1.1560000000000001,-0.77000000000000002,0.1658),(-1.2116230589874906,-0.77880982706687241,0.1658),(-1.2618013454126453,-0.80437694101250945,0.1658),(-1.3016230589874906,-0.84419865458735477,0.1658),(-1.3271901729331277,-0.89437694101250942,0.1658),(-1.3360000000000001,-0.94999999999999996,0.1658),(-1.3271901729331277,-1.0056230589874904,0.1658),(-1.3016230589874906,-1.0558013454126451,0.1658),(-1.2618013454126453,-1.0956230589874905,0.1658),(-1.2116230589874908,-1.1211901729331275,0.1658),(-1.1560000000000001,-1.1299999999999999,0.1658),(-1.1003769410125097,-1.1211901729331275,0.1658),(-1.050198654587355,-1.0956230589874905,0.1658),(-1.0103769410125096,-1.0558013454126451,0.1658),(-0.98480982706687259,-1.0056230589874906,0.1658),(-0.9760000000000002,-0.94999999999999996,0.25580000000000003),(-0.98480982706687259,-0.89437694101250942,0.25580000000000003),(-1.0103769410125096,-0.84419865458735477,0.25580000000000003),(-1.050198654587355,-0.80437694101250945,0.25580000000000003),(-1.1003769410125097,-0.77880982706687241,0.25580000000000003),(-1.1560000000000001,-0.77000000000000002,0.25580000000000003),(-1.2116230589874906,-0.77880982706687241,0.25580000000000003),(-1.2618013454126453,-0.80437694101250945,0.25580000000000003),(-1.3016230589874906,-0.84419865458735477,0.25580000000000003),(-1.3271901729331277,-0.89437694101250942,0.25580000000000003),(-1.3360000000000001,-0.94999999999999996,0.25580000000000003),(-1.3271901729331277,-1.0056230589874904,0.25580000000000003),(-1.3016230589874906,-1.0558013454126451,0.25580000000000003),(-1.2618013454126453,-1.0956230589874905,0.25580000000000003),(-1.2116230589874908,-1.1211901729331275,0.25580000000000003),(-1.1560000000000001,-1.1299999999999999,0.25580000000000003),(-1.1003769410125097,-1.1211901729331275,0.25580000000000003),(-1.050198654587355,-1.0956230589874905,0.25580000000000003),(-1.0103769410125096,-1.0558013454126451,0.25580000000000003),(-0.98480982706687259,-1.0056230589874906,0.25580000000000003),(-1.0072000000000001,0.79000000000000004,-0.12399999999999997),(-1.0144827903752813,0.79000000000000004,-0.078018271237007802),(-1.0356182712370079,0.79000000000000004,-0.036537554458879989),(-1.0685375544588802,0.79000000000000004,-0.0036182712370078224),(-1.1100182712370079,0.79000000000000004,0.017517209624718838),(-1.1560000000000001,0.79000000000000004,0.024799999999999989),(-1.2019817287629924,0.79000000000000004,0.017517209624718866),(-1.2434624455411201,0.79000000000000004,-0.0036182712370078224),(-1.2763817287629924,0.79000000000000004,-0.036537554458879976),(-1.2975172096247189,0.79000000000000004,-0.078018271237007802),(-1.3048000000000002,0.79000000000000004,-0.12399999999999996),(-1.2975172096247189,0.79000000000000004,-0.16998172876299206),(-1.2763817287629924,0.79000000000000004,-0.21146244554111993),(-1.2434624455411201,0.79000000000000004,-0.24438172876299211),(-1.2019817287629924,0.79000000000000004,-0.26551720962471881),(-1.1560000000000001,0.79000000000000004,-0.27279999999999993),(-1.1100182712370079,0.79000000000000004,-0.26551720962471881),(-1.0685375544588802,0.79000000000000004,-0.24438172876299213),(-1.0356182712370079,0.79000000000000004,-0.21146244554111998),(-1.0144827903752813,0.79000000000000004,-0.16998172876299217),(-1.0072000000000001,1.1100000000000001,-0.12399999999999997),(-1.0144827903752813,1.1100000000000001,-0.078018271237007802),(-1.0356182712370079,1.1100000000000001,-0.036537554458879989),(-1.0685375544588802,1.1100000000000001,-0.0036182712370078224),(-1.1100182712370079,1.1100000000000001,0.017517209624718838),(-1.1560000000000001,1.1100000000000001,0.024799999999999989),(-1.2019817287629924,1.1100000000000001,0.017517209624718866),(-1.2434624455411201,1.1100000000000001,-0.0036182712370078224),(-1.2763817287629924,1.1100000000000001,-0.036537554458879976),(-1.2975172096247189,1.1100000000000001,-0.078018271237007802),(-1.3048000000000002,1.1100000000000001,-0.12399999999999996),(-1.2975172096247189,1.1100000000000001,-0.16998172876299206),(-1.2763817287629924,1.1100000000000001,-0.21146244554111993),(-1.2434624455411201,1.1100000000000001,-0.24438172876299211),(-1.2019817287629924,1.1100000000000001,-0.26551720962471881),(-1.1560000000000001,1.1100000000000001,-0.27279999999999993),(-1.1100182712370079,1.1100000000000001,-0.26551720962471881),(-1.0685375544588802,1.1100000000000001,-0.24438172876299213),(-1.0356182712370079,1.1100000000000001,-0.21146244554111998),(-1.0144827903752813,1.1100000000000001,-0.16998172876299217),(-0.9760000000000002,0.94999999999999996,0.1658),(-0.98480982706687259,1.0056230589874904,0.1658),(-1.0103769410125096,1.0558013454126451,0.1658),(-1.050198654587355,1.0956230589874905,0.1658),(-1.1003769410125097,1.1211901729331275,0.1658),(-1.1560000000000001,1.1299999999999999,0.1658),(-1.2116230589874906,1.1211901729331275,0.1658),(-1.2618013454126453,1.0956230589874905,0.1658),(-1.3016230589874906,1.0558013454126451,0.1658),(-1.3271901729331277,1.0056230589874904,0.1658),(-1.3360000000000001,0.94999999999999996,0.1658),(-1.3271901729331277,0.89437694101250953,0.1658),(-1.3016230589874906,0.84419865458735488,0.1658),(-1.2618013454126453,0.80437694101250945,0.1658),(-1.2116230589874908,0.77880982706687241,0.1658),(-1.1560000000000001,0.77000000000000002,0.1658),(-1.1003769410125097,0.77880982706687241,0.1658),(-1.050198654587355,0.80437694101250945,0.1658),(-1.0103769410125096,0.84419865458735477,0.1658),(-0.98480982706687259,0.89437694101250942,0.1658),(-0.9760000000000002,0.94999999999999996,0.25580000000000003),(-0.98480982706687259,1.0056230589874904,0.25580000000000003),(-1.0103769410125096,1.0558013454126451,0.25580000000000003),(-1.050198654587355,1.0956230589874905,0.25580000000000003),(-1.1003769410125097,1.1211901729331275,0.25580000000000003),(-1.1560000000000001,1.1299999999999999,0.25580000000000003),(-1.2116230589874906,1.1211901729331275,0.25580000000000003),(-1.2618013454126453,1.0956230589874905,0.25580000000000003),(-1.3016230589874906,1.0558013454126451,0.25580000000000003),(-1.3271901729331277,1.0056230589874904,0.25580000000000003),(-1.3360000000000001,0.94999999999999996,0.25580000000000003),(-1.3271901729331277,0.89437694101250953,0.25580000000000003),(-1.3016230589874906,0.84419865458735488,0.25580000000000003),(-1.2618013454126453,0.80437694101250945,0.25580000000000003),(-1.2116230589874908,0.77880982706687241,0.25580000000000003),(-1.1560000000000001,0.77000000000000002,0.25580000000000003),(-1.1003769410125097,0.77880982706687241,0.25580000000000003),(-1.050198654587355,0.80437694101250945,0.25580000000000003),(-1.0103769410125096,0.84419865458735477,0.25580000000000003),(-0.98480982706687259,0.89437694101250942,0.25580000000000003),(1.3048000000000002,-1.1100000000000001,-0.12399999999999997),(1.2975172096247189,-1.1100000000000001,-0.078018271237007802),(1.2763817287629924,-1.1100000000000001,-0.036537554458879989),(1.2434624455411201,-1.1100000000000001,-0.0036182712370078224),(1.2019817287629924,-1.1100000000000001,0.017517209624718838),(1.1560000000000001,-1.1100000000000001,0.024799999999999989),(1.1100182712370079,-1.1100000000000001,0.017517209624718866),(1.0685375544588802,-1.1100000000000001,-0.0036182712370078224),(1.0356182712370079,-1.1100000000000001,-0.036537554458879976),(1.0144827903752813,-1.1100000000000001,-0.078018271237007802),(1.0072000000000001,-1.1100000000000001,-0.12399999999999996),(1.0144827903752813,-1.1100000000000001,-0.16998172876299206),(1.0356182712370079,-1.1100000000000001,-0.21146244554111993),(1.0685375544588802,-1.1100000000000001,-0.24438172876299211),(1.1100182712370079,-1.1100000000000001,-0.26551720962471881),(1.1560000000000001,-1.1100000000000001,-0.27279999999999993),(1.2019817287629924,-1.1100000000000001,-0.26551720962471881),(1.2434624455411201,-1.1100000000000001,-0.24438172876299213),(1.2763817287629924,-1.1100000000000001,-0.21146244554111998),(1.2975172096247189,-1.1100000000000001,-0.16998172876299217),(1.3048000000000002,-0.79000000000000004,-0.12399999999999997),(1.2975172096247189,-0.79000000000000004,-0.078018271237007802),(1.2763817287629924,-0.79000000000000004,-0.036537554458879989),(1.2434624455411201,-0.79000000000000004,-0.0036182712370078224),(1.2019817287629924,-0.79000000000000004,0.017517209624718838),(1.1560000000000001,-0.79000000000000004,0.024799999999999989),(1.1100182712370079,-0.79000000000000004,0.017517209624718866),(1.0685375544588802,-0.79000000000000004,-0.0036182712370078224),(1.0356182712370079,-0.79000000000000004,-0.036537554458879976),(1.0144827903752813,-0.79000000000000004,-0.078018271237007802),(1.0072000000000001,-0.79000000000000004,-0.12399999999999996),(1.0144827903752813,-0.79000000000000004,-0.16998172876299206),(1.0356182712370079,-0.79000000000000004,-0.21146244554111993),(1.0685375544588802,-0.79000000000000004,-0.24438172876299211),(1.1100182712370079,-0.79000000000000004,-0.26551720962471881),(1.1560000000000001,-0.79000000000000004,-0.27279999999999993),(1.2019817287629924,-0.79000000000000004,-0.26551720962471881),(1.2434624455411201,-0.79000000000000004,-0.24438172876299213),(1.2763817287629924,-0.79000000000000004,-0.21146244554111998),(1.2975172096247189,-0.79000000000000004,-0.16998172876299217),(1.3360000000000001,-0.94999999999999996,0.1658),(1.3271901729331277,-0.89437694101250942,0.1658),(1.3016230589874906,-0.84419865458735477,0.1658),(1.2618013454126453,-0.80437694101250945,0.1658),(1.2116230589874906,-0.77880982706687241,0.1658),(1.1560000000000001,-0.77000000000000002,0.1658),(1.1003769410125097,-0.77880982706687241,0.1658),(1.050198654587355,-0.80437694101250945,0.1658),(1.0103769410125096,-0.84419865458735477,0.1658),(0.98480982706687259,-0.89437694101250942,0.1658),(0.9760000000000002,-0.94999999999999996,0.1658),(0.98480982706687259,-1.0056230589874904,0.1658),(1.0103769410125096,-1.0558013454126451,0.1658),(1.050198654587355,-1.0956230589874905,0.1658),(1.1003769410125095,-1.1211901729331275,0.1658),(1.1560000000000001,-1.1299999999999999,0.1658),(1.2116230589874906,-1.1211901729331275,0.1658),(1.2618013454126453,-1.0956230589874905,0.1658),(1.3016230589874906,-1.0558013454126451,0.1658),(1.3271901729331277,-1.0056230589874906,0.1658),(1.3360000000000001,-0.94999999999999996,0.25580000000000003),(1.3271901729331277,-0.89437694101250942,0.25580000000000003),(1.3016230589874906,-0.84419865458735477,0.25580000000000003),(1.2618013454126453,-0.80437694101250945,0.25580000000000003),(1.2116230589874906,-0.77880982706687241,0.25580000000000003),(1.1560000000000001,-0.77000000000000002,0.25580000000000003),(1.1003769410125097,-0.77880982706687241,0.25580000000000003),(1.050198654587355,-0.80437694101250945,0.25580000000000003),(1.0103769410125096,-0.84419865458735477,0.25580000000000003),(0.98480982706687259,-0.89437694101250942,0.25580000000000003),(0.9760000000000002,-0.94999999999999996,0.25580000000000003),(0.98480982706687259,-1.0056230589874904,0.25580000000000003),(1.0103769410125096,-1.0558013454126451,0.25580000000000003),(1.050198654587355,-1.0956230589874905,0.25580000000000003),(1.1003769410125095,-1.1211901729331275,0.25580000000000003),(1.1560000000000001,-1.1299999999999999,0.25580000000000003),(1.2116230589874906,-1.1211901729331275,0.25580000000000003),(1.2618013454126453,-1.0956230589874905,0.25580000000000003),(1.3016230589874906,-1.0558013454126451,0.25580000000000003),(1.3271901729331277,-1.0056230589874906,0.25580000000000003),(1.3048000000000002,0.79000000000000004,-0.12399999999999997),(1.2975172096247189,0.79000000000000004,-0.078018271237007802),(1.2763817287629924,0.79000000000000004,-0.036537554458879989),(1.2434624455411201,0.79000000000000004,-0.0036182712370078224),(1.2019817287629924,0.79000000000000004,0.017517209624718838),(1.1560000000000001,0.79000000000000004,0.024799999999999989),(1.1100182712370079,0.79000000000000004,0.017517209624718866),(1.0685375544588802,0.79000000000000004,-0.0036182712370078224),(1.0356182712370079,0.79000000000000004,-0.036537554458879976),(1.0144827903752813,0.79000000000000004,-0.078018271237007802),(1.0072000000000001,0.79000000000000004,-0.12399999999999996),(1.0144827903752813,0.79000000000000004,-0.16998172876299206),(1.0356182712370079,0.79000000000000004,-0.21146244554111993),(1.0685375544588802,0.79000000000000004,-0.24438172876299211),(1.1100182712370079,0.79000000000000004,-0.26551720962471881),(1.1560000000000001,0.79000000000000004,-0.27279999999999993),(1.2019817287629924,0.79000000000000004,-0.26551720962471881),(1.2434624455411201,0.79000000000000004,-0.24438172876299213),(1.2763817287629924,0.79000000000000004,-0.21146244554111998),(1.2975172096247189,0.79000000000000004,-0.16998172876299217),(1.3048000000000002,1.1100000000000001,-0.12399999999999997),(1.2975172096247189,1.1100000000000001,-0.078018271237007802),(1.2763817287629924,1.1100000000000001,-0.036537554458879989),(1.2434624455411201,1.1100000000000001,-0.0036182712370078224),(1.2019817287629924,1.1100000000000001,0.017517209624718838),(1.1560000000000001,1.1100000000000001,0.024799999999999989),(1.1100182712370079,1.1100000000000001,0.017517209624718866),(1.0685375544588802,1.1100000000000001,-0.0036182712370078224),(1.0356182712370079,1.1100000000000001,-0.036537554458879976),(1.0144827903752813,1.1100000000000001,-0.078018271237007802),(1.0072000000000001,1.1100000000000001,-0.12399999999999996),(1.0144827903752813,1.1100000000000001,-0.16998172876299206),(1.0356182712370079,1.1100000000000001,-0.21146244554111993),(1.0685375544588802,1.1100000000000001,-0.24438172876299211),(1.1100182712370079,1.1100000000000001,-0.26551720962471881),(1.1560000000000001,1.1100000000000001,-0.27279999999999993),(1.2019817287629924,1.1100000000000001,-0.26551720962471881),(1.2434624455411201,1.1100000000000001,-0.24438172876299213),(1.2763817287629924,1.1100000000000001,-0.21146244554111998),(1.2975172096247189,1.1100000000000001,-0.16998172876299217),(1.3360000000000001,0.94999999999999996,0.1658),(1.3271901729331277,1.0056230589874904,0.1658),(1.3016230589874906,1.0558013454126451,0.1658),(1.2618013454126453,1.0956230589874905,0.1658),(1.2116230589874906,1.1211901729331275,0.1658),(1.1560000000000001,1.1299999999999999,0.1658),(1.1003769410125097,1.1211901729331275,0.1658),(1.050198654587355,1.0956230589874905,0.1658),(1.0103769410125096,1.0558013454126451,0.1658),(0.98480982706687259,1.0056230589874904,0.1658),(0.9760000000000002,0.94999999999999996,0.1658),(0.98480982706687259,0.89437694101250953,0.1658),(1.0103769410125096,0.84419865458735488,0.1658),(1.050198654587355,0.80437694101250945,0.1658),(1.1003769410125095,0.77880982706687241,0.1658),(1.1560000000000001,0.77000000000000002,0.1658),(1.2116230589874906,0.77880982706687241,0.1658),(1.2618013454126453,0.80437694101250945,0.1658),(1.3016230589874906,0.84419865458735477,0.1658),(1.3271901729331277,0.89437694101250942,0.1658),(1.3360000000000001,0.94999999999999996,0.25580000000000003),(1.3271901729331277,1.0056230589874904,0.25580000000000003),(1.3016230589874906,1.0558013454126451,0.25580000000000003),(1.2618013454126453,1.0956230589874905,0.25580000000000003),(1.2116230589874906,1.1211901729331275,0.25580000000000003),(1.1560000000000001,1.1299999999999999,0.25580000000000003),(1.1003769410125097,1.1211901729331275,0.25580000000000003),(1.050198654587355,1.0956230589874905,0.25580000000000003),(1.0103769410125096,1.0558013454126451,0.25580000000000003),(0.98480982706687259,1.0056230589874904,0.25580000000000003),(0.9760000000000002,0.94999999999999996,0.25580000000000003),(0.98480982706687259,0.89437694101250953,0.25580000000000003),(1.0103769410125096,0.84419865458735488,0.25580000000000003),(1.050198654587355,0.80437694101250945,0.25580000000000003),(1.1003769410125095,0.77880982706687241,0.25580000000000003),(1.1560000000000001,0.77000000000000002,0.25580000000000003),(1.2116230589874906,0.77880982706687241,0.25580000000000003),(1.2618013454126453,0.80437694101250945,0.25580000000000003),(1.3016230589874906,0.84419865458735477,0.25580000000000003),(1.3271901729331277,0.89437694101250942,0.25580000000000003),(0.20999999999999999,-0.67500000000000004,0.1608),(0.19972186842198222,-0.61010643118126107,0.1608),(0.16989356881873896,-0.5515650970185807,0.1608),(0.12343490298141935,-0.50510643118126108,0.1608),(0.064893568818738964,-0.47527813157801779,0.1608),(1.2858791391047208E-17,-0.46500000000000008,0.1608),(-0.064893568818738936,-0.47527813157801779,0.1608),(-0.12343490298141933,-0.50510643118126108,0.1608),(-0.16989356881873893,-0.5515650970185807,0.1608),(-0.19972186842198222,-0.61010643118126107,0.1608),(-0.20999999999999999,-0.67500000000000004,0.1608),(-0.19972186842198228,-0.73989356881873891,0.1608),(-0.16989356881873899,-0.79843490298141939,0.1608),(-0.12343490298141938,-0.844893568818739,0.1608),(-0.064893568818738992,-0.8747218684219823,0.1608),(-3.8576374173141621E-17,-0.88500000000000001,0.1608),(0.064893568818738923,-0.8747218684219823,0.1608),(0.12343490298141931,-0.844893568818739,0.1608),(0.16989356881873893,-0.7984349029814195,0.1608),(0.19972186842198222,-0.73989356881873902,0.1608),(0.20999999999999999,-0.67500000000000004,0.26080000000000003),(0.19972186842198222,-0.61010643118126107,0.26080000000000003),(0.16989356881873896,-0.5515650970185807,0.26080000000000003),(0.12343490298141935,-0.50510643118126108,0.26080000000000003),(0.064893568818738964,-0.47527813157801779,0.26080000000000003),(1.2858791391047208E-17,-0.46500000000000008,0.26080000000000003),(-0.064893568818738936,-0.47527813157801779,0.26080000000000003),(-0.12343490298141933,-0.50510643118126108,0.26080000000000003),(-0.16989356881873893,-0.5515650970185807,0.26080000000000003),(-0.19972186842198222,-0.61010643118126107,0.26080000000000003),(-0.20999999999999999,-0.67500000000000004,0.26080000000000003),(-0.19972186842198228,-0.73989356881873891,0.26080000000000003),(-0.16989356881873899,-0.79843490298141939,0.26080000000000003),(-0.12343490298141938,-0.844893568818739,0.26080000000000003),(-0.064893568818738992,-0.8747218684219823,0.26080000000000003),(-3.8576374173141621E-17,-0.88500000000000001,0.26080000000000003),(0.064893568818738923,-0.8747218684219823,0.26080000000000003),(0.12343490298141931,-0.844893568818739,0.26080000000000003),(0.16989356881873893,-0.7984349029814195,0.26080000000000003),(0.19972186842198222,-0.73989356881873902,0.26080000000000003),(0.20999999999999999,0.67500000000000004,0.1608),(0.19972186842198222,0.73989356881873902,0.1608),(0.16989356881873896,0.79843490298141939,0.1608),(0.12343490298141935,0.844893568818739,0.1608),(0.064893568818738964,0.8747218684219823,0.1608),(1.2858791391047208E-17,0.88500000000000001,0.1608),(-0.064893568818738936,0.8747218684219823,0.1608),(-0.12343490298141933,0.844893568818739,0.1608),(-0.16989356881873893,0.79843490298141939,0.1608),(-0.19972186842198222,0.73989356881873902,0.1608),(-0.20999999999999999,0.67500000000000004,0.1608),(-0.19972186842198228,0.61010643118126118,0.1608),(-0.16989356881873899,0.5515650970185807,0.1608),(-0.12343490298141938,0.50510643118126108,0.1608),(-0.064893568818738992,0.47527813157801779,0.1608),(-3.8576374173141621E-17,0.46500000000000008,0.1608),(0.064893568818738923,0.47527813157801779,0.1608),(0.12343490298141931,0.50510643118126108,0.1608),(0.16989356881873893,0.55156509701858059,0.1608),(0.19972186842198222,0.61010643118126107,0.1608),(0.20999999999999999,0.67500000000000004,0.26080000000000003),(0.19972186842198222,0.73989356881873902,0.26080000000000003),(0.16989356881873896,0.79843490298141939,0.26080000000000003),(0.12343490298141935,0.844893568818739,0.26080000000000003),(0.064893568818738964,0.8747218684219823,0.26080000000000003),(1.2858791391047208E-17,0.88500000000000001,0.26080000000000003),(-0.064893568818738936,0.8747218684219823,0.26080000000000003),(-0.12343490298141933,0.844893568818739,0.26080000000000003),(-0.16989356881873893,0.79843490298141939,0.26080000000000003),(-0.19972186842198222,0.73989356881873902,0.26080000000000003),(-0.20999999999999999,0.67500000000000004,0.26080000000000003),(-0.19972186842198228,0.61010643118126118,0.26080000000000003),(-0.16989356881873899,0.5515650970185807,0.26080000000000003),(-0.12343490298141938,0.50510643118126108,0.26080000000000003),(-0.064893568818738992,0.47527813157801779,0.26080000000000003),(-3.8576374173141621E-17,0.46500000000000008,0.26080000000000003),(0.064893568818738923,0.47527813157801779,0.26080000000000003),(0.12343490298141931,0.50510643118126108,0.26080000000000003),(0.16989356881873893,0.55156509701858059,0.26080000000000003),(0.19972186842198222,0.61010643118126107,0.26080000000000003),(-0.97199999999999998,-0.23999999999999999,-0.245),(-0.97199999999999998,-0.23999999999999999,-0.065000000000000002),(-0.97199999999999998,0.23999999999999999,-0.245),(-0.97199999999999998,0.23999999999999999,-0.065000000000000002),(-0.252,-0.23999999999999999,-0.245),(-0.252,-0.23999999999999999,-0.065000000000000002),(-0.252,0.23999999999999999,-0.245),(-0.252,0.23999999999999999,-0.065000000000000002),(0.41999999999999998,-0.19,-0.23499999999999999),(0.41999999999999998,-0.19,-0.074999999999999997),(0.41999999999999998,0.19,-0.23499999999999999),(0.41999999999999998,0.19,-0.074999999999999997),(0.93999999999999995,-0.19,-0.23499999999999999),(0.93999999999999995,-0.19,-0.074999999999999997),(0.93999999999999995,0.19,-0.23499999999999999),(0.93999999999999995,0.19,-0.074999999999999997)),$);
#56=IFCINDEXEDPOLYGONALFACE((1,2,4,3));
#57=IFCINDEXEDPOLYGONALFACE((5,7,8,6));
#58=IFCINDEXEDPOLYGONALFACE((1,5,6,2));
#59=IFCINDEXEDPOLYGONALFACE((3,4,8,7));
#60=IFCINDEXEDPOLYGONALFACE((1,3,7,5));
#61=IFCINDEXEDPOLYGONALFACE((2,6,8,4));
#62=IFCINDEXEDPOLYGONALFACE((9,10,12,11));
#63=IFCINDEXEDPOLYGONALFACE((13,15,16,14));
#64=IFCINDEXEDPOLYGONALFACE((9,13,14,10));
#65=IFCINDEXEDPOLYGONALFACE((11,12,16,15));
#66=IFCINDEXEDPOLYGONALFACE((9,11,15,13));
#67=IFCINDEXEDPOLYGONALFACE((10,14,16,12));
#68=IFCINDEXEDPOLYGONALFACE((17,18,20,19));
#69=IFCINDEXEDPOLYGONALFACE((21,23,24,22));
#70=IFCINDEXEDPOLYGONALFACE((17,21,22,18));
#71=IFCINDEXEDPOLYGONALFACE((19,20,24,23));
#72=IFCINDEXEDPOLYGONALFACE((17,19,23,21));
#73=IFCINDEXEDPOLYGONALFACE((18,22,24,20));
#74=IFCINDEXEDPOLYGONALFACE((25,26,28,27));
#75=IFCINDEXEDPOLYGONALFACE((29,31,32,30));
#76=IFCINDEXEDPOLYGONALFACE((25,29,30,26));
#77=IFCINDEXEDPOLYGONALFACE((27,28,32,31));
#78=IFCINDEXEDPOLYGONALFACE((25,27,31,29));
#79=IFCINDEXEDPOLYGONALFACE((26,30,32,28));
#80=IFCINDEXEDPOLYGONALFACE((33,34,36,35));
#81=IFCINDEXEDPOLYGONALFACE((37,39,40,38));
#82=IFCINDEXEDPOLYGONALFACE((33,37,38,34));
#83=IFCINDEXEDPOLYGONALFACE((35,36,40,39));
#84=IFCINDEXEDPOLYGONALFACE((33,35,39,37));
#85=IFCINDEXEDPOLYGONALFACE((34,38,40,36));
#86=IFCINDEXEDPOLYGONALFACE((60,59,58,57,56,55,54,53,52,51,50,49,48,47,46,45,44,43,42,41));
#87=IFCINDEXEDPOLYGONALFACE((61,62,63,64,65,66,67,68,69,70,71,72,73,74,75,76,77,78,79,80));
#88=IFCINDEXEDPOLYGONALFACE((41,42,62,61));
#89=IFCINDEXEDPOLYGONALFACE((42,43,63,62));
#90=IFCINDEXEDPOLYGONALFACE((43,44,64,63));
#91=IFCINDEXEDPOLYGONALFACE((44,45,65,64));
#92=IFCINDEXEDPOLYGONALFACE((45,46,66,65));
#93=IFCINDEXEDPOLYGONALFACE((46,47,67,66));
#94=IFCINDEXEDPOLYGONALFACE((47,48,68,67));
#95=IFCINDEXEDPOLYGONALFACE((48,49,69,68));
#96=IFCINDEXEDPOLYGONALFACE((49,50,70,69));
#97=IFCINDEXEDPOLYGONALFACE((50,51,71,70));
#98=IFCINDEXEDPOLYGONALFACE((51,52,72,71));
#99=IFCINDEXEDPOLYGONALFACE((52,53,73,72));
#100=IFCINDEXEDPOLYGONALFACE((53,54,74,73));
#101=IFCINDEXEDPOLYGONALFACE((54,55,75,74));
#102=IFCINDEXEDPOLYGONALFACE((55,56,76,75));
#103=IFCINDEXEDPOLYGONALFACE((56,57,77,76));
#104=IFCINDEXEDPOLYGONALFACE((57,58,78,77));
#105=IFCINDEXEDPOLYGONALFACE((58,59,79,78));
#106=IFCINDEXEDPOLYGONALFACE((59,60,80,79));
#107=IFCINDEXEDPOLYGONALFACE((60,41,61,80));
#108=IFCINDEXEDPOLYGONALFACE((100,99,98,97,96,95,94,93,92,91,90,89,88,87,86,85,84,83,82,81));
#109=IFCINDEXEDPOLYGONALFACE((101,102,103,104,105,106,107,108,109,110,111,112,113,114,115,116,117,118,119,120));
#110=IFCINDEXEDPOLYGONALFACE((81,82,102,101));
#111=IFCINDEXEDPOLYGONALFACE((82,83,103,102));
#112=IFCINDEXEDPOLYGONALFACE((83,84,104,103));
#113=IFCINDEXEDPOLYGONALFACE((84,85,105,104));
#114=IFCINDEXEDPOLYGONALFACE((85,86,106,105));
#115=IFCINDEXEDPOLYGONALFACE((86,87,107,106));
#116=IFCINDEXEDPOLYGONALFACE((87,88,108,107));
#117=IFCINDEXEDPOLYGONALFACE((88,89,109,108));
#118=IFCINDEXEDPOLYGONALFACE((89,90,110,109));
#119=IFCINDEXEDPOLYGONALFACE((90,91,111,110));
#120=IFCINDEXEDPOLYGONALFACE((91,92,112,111));
#121=IFCINDEXEDPOLYGONALFACE((92,93,113,112));
#122=IFCINDEXEDPOLYGONALFACE((93,94,114,113));
#123=IFCINDEXEDPOLYGONALFACE((94,95,115,114));
#124=IFCINDEXEDPOLYGONALFACE((95,96,116,115));
#125=IFCINDEXEDPOLYGONALFACE((96,97,117,116));
#126=IFCINDEXEDPOLYGONALFACE((97,98,118,117));
#127=IFCINDEXEDPOLYGONALFACE((98,99,119,118));
#128=IFCINDEXEDPOLYGONALFACE((99,100,120,119));
#129=IFCINDEXEDPOLYGONALFACE((100,81,101,120));
#130=IFCINDEXEDPOLYGONALFACE((140,139,138,137,136,135,134,133,132,131,130,129,128,127,126,125,124,123,122,121));
#131=IFCINDEXEDPOLYGONALFACE((141,142,143,144,145,146,147,148,149,150,151,152,153,154,155,156,157,158,159,160));
#132=IFCINDEXEDPOLYGONALFACE((121,122,142,141));
#133=IFCINDEXEDPOLYGONALFACE((122,123,143,142));
#134=IFCINDEXEDPOLYGONALFACE((123,124,144,143));
#135=IFCINDEXEDPOLYGONALFACE((124,125,145,144));
#136=IFCINDEXEDPOLYGONALFACE((125,126,146,145));
#137=IFCINDEXEDPOLYGONALFACE((126,127,147,146));
#138=IFCINDEXEDPOLYGONALFACE((127,128,148,147));
#139=IFCINDEXEDPOLYGONALFACE((128,129,149,148));
#140=IFCINDEXEDPOLYGONALFACE((129,130,150,149));
#141=IFCINDEXEDPOLYGONALFACE((130,131,151,150));
#142=IFCINDEXEDPOLYGONALFACE((131,132,152,151));
#143=IFCINDEXEDPOLYGONALFACE((132,133,153,152));
#144=IFCINDEXEDPOLYGONALFACE((133,134,154,153));
#145=IFCINDEXEDPOLYGONALFACE((134,135,155,154));
#146=IFCINDEXEDPOLYGONALFACE((135,136,156,155));
#147=IFCINDEXEDPOLYGONALFACE((136,137,157,156));
#148=IFCINDEXEDPOLYGONALFACE((137,138,158,157));
#149=IFCINDEXEDPOLYGONALFACE((138,139,159,158));
#150=IFCINDEXEDPOLYGONALFACE((139,140,160,159));
#151=IFCINDEXEDPOLYGONALFACE((140,121,141,160));
#152=IFCINDEXEDPOLYGONALFACE((180,179,178,177,176,175,174,173,172,171,170,169,168,167,166,165,164,163,162,161));
#153=IFCINDEXEDPOLYGONALFACE((181,182,183,184,185,186,187,188,189,190,191,192,193,194,195,196,197,198,199,200));
#154=IFCINDEXEDPOLYGONALFACE((161,162,182,181));
#155=IFCINDEXEDPOLYGONALFACE((162,163,183,182));
#156=IFCINDEXEDPOLYGONALFACE((163,164,184,183));
#157=IFCINDEXEDPOLYGONALFACE((164,165,185,184));
#158=IFCINDEXEDPOLYGONALFACE((165,166,186,185));
#159=IFCINDEXEDPOLYGONALFACE((166,167,187,186));
#160=IFCINDEXEDPOLYGONALFACE((167,168,188,187));
#161=IFCINDEXEDPOLYGONALFACE((168,169,189,188));
#162=IFCINDEXEDPOLYGONALFACE((169,170,190,189));
#163=IFCINDEXEDPOLYGONALFACE((170,171,191,190));
#164=IFCINDEXEDPOLYGONALFACE((171,172,192,191));
#165=IFCINDEXEDPOLYGONALFACE((172,173,193,192));
#166=IFCINDEXEDPOLYGONALFACE((173,174,194,193));
#167=IFCINDEXEDPOLYGONALFACE((174,175,195,194));
#168=IFCINDEXEDPOLYGONALFACE((175,176,196,195));
#169=IFCINDEXEDPOLYGONALFACE((176,177,197,196));
#170=IFCINDEXEDPOLYGONALFACE((177,178,198,197));
#171=IFCINDEXEDPOLYGONALFACE((178,179,199,198));
#172=IFCINDEXEDPOLYGONALFACE((179,180,200,199));
#173=IFCINDEXEDPOLYGONALFACE((180,161,181,200));
#174=IFCINDEXEDPOLYGONALFACE((220,219,218,217,216,215,214,213,212,211,210,209,208,207,206,205,204,203,202,201));
#175=IFCINDEXEDPOLYGONALFACE((221,222,223,224,225,226,227,228,229,230,231,232,233,234,235,236,237,238,239,240));
#176=IFCINDEXEDPOLYGONALFACE((201,202,222,221));
#177=IFCINDEXEDPOLYGONALFACE((202,203,223,222));
#178=IFCINDEXEDPOLYGONALFACE((203,204,224,223));
#179=IFCINDEXEDPOLYGONALFACE((204,205,225,224));
#180=IFCINDEXEDPOLYGONALFACE((205,206,226,225));
#181=IFCINDEXEDPOLYGONALFACE((206,207,227,226));
#182=IFCINDEXEDPOLYGONALFACE((207,208,228,227));
#183=IFCINDEXEDPOLYGONALFACE((208,209,229,228));
#184=IFCINDEXEDPOLYGONALFACE((209,210,230,229));
#185=IFCINDEXEDPOLYGONALFACE((210,211,231,230));
#186=IFCINDEXEDPOLYGONALFACE((211,212,232,231));
#187=IFCINDEXEDPOLYGONALFACE((212,213,233,232));
#188=IFCINDEXEDPOLYGONALFACE((213,214,234,233));
#189=IFCINDEXEDPOLYGONALFACE((214,215,235,234));
#190=IFCINDEXEDPOLYGONALFACE((215,216,236,235));
#191=IFCINDEXEDPOLYGONALFACE((216,217,237,236));
#192=IFCINDEXEDPOLYGONALFACE((217,218,238,237));
#193=IFCINDEXEDPOLYGONALFACE((218,219,239,238));
#194=IFCINDEXEDPOLYGONALFACE((219,220,240,239));
#195=IFCINDEXEDPOLYGONALFACE((220,201,221,240));
#196=IFCINDEXEDPOLYGONALFACE((260,259,258,257,256,255,254,253,252,251,250,249,248,247,246,245,244,243,242,241));
#197=IFCINDEXEDPOLYGONALFACE((261,262,263,264,265,266,267,268,269,270,271,272,273,274,275,276,277,278,279,280));
#198=IFCINDEXEDPOLYGONALFACE((241,242,262,261));
#199=IFCINDEXEDPOLYGONALFACE((242,243,263,262));
#200=IFCINDEXEDPOLYGONALFACE((243,244,264,263));
#201=IFCINDEXEDPOLYGONALFACE((244,245,265,264));
#202=IFCINDEXEDPOLYGONALFACE((245,246,266,265));
#203=IFCINDEXEDPOLYGONALFACE((246,247,267,266));
#204=IFCINDEXEDPOLYGONALFACE((247,248,268,267));
#205=IFCINDEXEDPOLYGONALFACE((248,249,269,268));
#206=IFCINDEXEDPOLYGONALFACE((249,250,270,269));
#207=IFCINDEXEDPOLYGONALFACE((250,251,271,270));
#208=IFCINDEXEDPOLYGONALFACE((251,252,272,271));
#209=IFCINDEXEDPOLYGONALFACE((252,253,273,272));
#210=IFCINDEXEDPOLYGONALFACE((253,254,274,273));
#211=IFCINDEXEDPOLYGONALFACE((254,255,275,274));
#212=IFCINDEXEDPOLYGONALFACE((255,256,276,275));
#213=IFCINDEXEDPOLYGONALFACE((256,257,277,276));
#214=IFCINDEXEDPOLYGONALFACE((257,258,278,277));
#215=IFCINDEXEDPOLYGONALFACE((258,259,279,278));
#216=IFCINDEXEDPOLYGONALFACE((259,260,280,279));
#217=IFCINDEXEDPOLYGONALFACE((260,241,261,280));
#218=IFCINDEXEDPOLYGONALFACE((300,299,298,297,296,295,294,293,292,291,290,289,288,287,286,285,284,283,282,281));
#219=IFCINDEXEDPOLYGONALFACE((301,302,303,304,305,306,307,308,309,310,311,312,313,314,315,316,317,318,319,320));
#220=IFCINDEXEDPOLYGONALFACE((281,282,302,301));
#221=IFCINDEXEDPOLYGONALFACE((282,283,303,302));
#222=IFCINDEXEDPOLYGONALFACE((283,284,304,303));
#223=IFCINDEXEDPOLYGONALFACE((284,285,305,304));
#224=IFCINDEXEDPOLYGONALFACE((285,286,306,305));
#225=IFCINDEXEDPOLYGONALFACE((286,287,307,306));
#226=IFCINDEXEDPOLYGONALFACE((287,288,308,307));
#227=IFCINDEXEDPOLYGONALFACE((288,289,309,308));
#228=IFCINDEXEDPOLYGONALFACE((289,290,310,309));
#229=IFCINDEXEDPOLYGONALFACE((290,291,311,310));
#230=IFCINDEXEDPOLYGONALFACE((291,292,312,311));
#231=IFCINDEXEDPOLYGONALFACE((292,293,313,312));
#232=IFCINDEXEDPOLYGONALFACE((293,294,314,313));
#233=IFCINDEXEDPOLYGONALFACE((294,295,315,314));
#234=IFCINDEXEDPOLYGONALFACE((295,296,316,315));
#235=IFCINDEXEDPOLYGONALFACE((296,297,317,316));
#236=IFCINDEXEDPOLYGONALFACE((297,298,318,317));
#237=IFCINDEXEDPOLYGONALFACE((298,299,319,318));
#238=IFCINDEXEDPOLYGONALFACE((299,300,320,319));
#239=IFCINDEXEDPOLYGONALFACE((300,281,301,320));
#240=IFCINDEXEDPOLYGONALFACE((340,339,338,337,336,335,334,333,332,331,330,329,328,327,326,325,324,323,322,321));
#241=IFCINDEXEDPOLYGONALFACE((341,342,343,344,345,346,347,348,349,350,351,352,353,354,355,356,357,358,359,360));
#242=IFCINDEXEDPOLYGONALFACE((321,322,342,341));
#243=IFCINDEXEDPOLYGONALFACE((322,323,343,342));
#244=IFCINDEXEDPOLYGONALFACE((323,324,344,343));
#245=IFCINDEXEDPOLYGONALFACE((324,325,345,344));
#246=IFCINDEXEDPOLYGONALFACE((325,326,346,345));
#247=IFCINDEXEDPOLYGONALFACE((326,327,347,346));
#248=IFCINDEXEDPOLYGONALFACE((327,328,348,347));
#249=IFCINDEXEDPOLYGONALFACE((328,329,349,348));
#250=IFCINDEXEDPOLYGONALFACE((329,330,350,349));
#251=IFCINDEXEDPOLYGONALFACE((330,331,351,350));
#252=IFCINDEXEDPOLYGONALFACE((331,332,352,351));
#253=IFCINDEXEDPOLYGONALFACE((332,333,353,352));
#254=IFCINDEXEDPOLYGONALFACE((333,334,354,353));
#255=IFCINDEXEDPOLYGONALFACE((334,335,355,354));
#256=IFCINDEXEDPOLYGONALFACE((335,336,356,355));
#257=IFCINDEXEDPOLYGONALFACE((336,337,357,356));
#258=IFCINDEXEDPOLYGONALFACE((337,338,358,357));
#259=IFCINDEXEDPOLYGONALFACE((338,339,359,358));
#260=IFCINDEXEDPOLYGONALFACE((339,340,360,359));
#261=IFCINDEXEDPOLYGONALFACE((340,321,341,360));
#262=IFCINDEXEDPOLYGONALFACE((380,379,378,377,376,375,374,373,372,371,370,369,368,367,366,365,364,363,362,361));
#263=IFCINDEXEDPOLYGONALFACE((381,382,383,384,385,386,387,388,389,390,391,392,393,394,395,396,397,398,399,400));
#264=IFCINDEXEDPOLYGONALFACE((361,362,382,381));
#265=IFCINDEXEDPOLYGONALFACE((362,363,383,382));
#266=IFCINDEXEDPOLYGONALFACE((363,364,384,383));
#267=IFCINDEXEDPOLYGONALFACE((364,365,385,384));
#268=IFCINDEXEDPOLYGONALFACE((365,366,386,385));
#269=IFCINDEXEDPOLYGONALFACE((366,367,387,386));
#270=IFCINDEXEDPOLYGONALFACE((367,368,388,387));
#271=IFCINDEXEDPOLYGONALFACE((368,369,389,388));
#272=IFCINDEXEDPOLYGONALFACE((369,370,390,389));
#273=IFCINDEXEDPOLYGONALFACE((370,371,391,390));
#274=IFCINDEXEDPOLYGONALFACE((371,372,392,391));
#275=IFCINDEXEDPOLYGONALFACE((372,373,393,392));
#276=IFCINDEXEDPOLYGONALFACE((373,374,394,393));
#277=IFCINDEXEDPOLYGONALFACE((374,375,395,394));
#278=IFCINDEXEDPOLYGONALFACE((375,376,396,395));
#279=IFCINDEXEDPOLYGONALFACE((376,377,397,396));
#280=IFCINDEXEDPOLYGONALFACE((377,378,398,397));
#281=IFCINDEXEDPOLYGONALFACE((378,379,399,398));
#282=IFCINDEXEDPOLYGONALFACE((379,380,400,399));
#283=IFCINDEXEDPOLYGONALFACE((380,361,381,400));
#284=IFCINDEXEDPOLYGONALFACE((420,419,418,417,416,415,414,413,412,411,410,409,408,407,406,405,404,403,402,401));
#285=IFCINDEXEDPOLYGONALFACE((421,422,423,424,425,426,427,428,429,430,431,432,433,434,435,436,437,438,439,440));
#286=IFCINDEXEDPOLYGONALFACE((401,402,422,421));
#287=IFCINDEXEDPOLYGONALFACE((402,403,423,422));
#288=IFCINDEXEDPOLYGONALFACE((403,404,424,423));
#289=IFCINDEXEDPOLYGONALFACE((404,405,425,424));
#290=IFCINDEXEDPOLYGONALFACE((405,406,426,425));
#291=IFCINDEXEDPOLYGONALFACE((406,407,427,426));
#292=IFCINDEXEDPOLYGONALFACE((407,408,428,427));
#293=IFCINDEXEDPOLYGONALFACE((408,409,429,428));
#294=IFCINDEXEDPOLYGONALFACE((409,410,430,429));
#295=IFCINDEXEDPOLYGONALFACE((410,411,431,430));
#296=IFCINDEXEDPOLYGONALFACE((411,412,432,431));
#297=IFCINDEXEDPOLYGONALFACE((412,413,433,432));
#298=IFCINDEXEDPOLYGONALFACE((413,414,434,433));
#299=IFCINDEXEDPOLYGONALFACE((414,415,435,434));
#300=IFCINDEXEDPOLYGONALFACE((415,416,436,435));
#301=IFCINDEXEDPOLYGONALFACE((416,417,437,436));
#302=IFCINDEXEDPOLYGONALFACE((417,418,438,437));
#303=IFCINDEXEDPOLYGONALFACE((418,419,439,438));
#304=IFCINDEXEDPOLYGONALFACE((419,420,440,439));
#305=IFCINDEXEDPOLYGONALFACE((420,401,421,440));
#306=IFCINDEXEDPOLYGONALFACE((441,442,444,443));
#307=IFCINDEXEDPOLYGONALFACE((445,447,448,446));
#308=IFCINDEXEDPOLYGONALFACE((441,445,446,442));
#309=IFCINDEXEDPOLYGONALFACE((443,444,448,447));
#310=IFCINDEXEDPOLYGONALFACE((441,443,447,445));
#311=IFCINDEXEDPOLYGONALFACE((442,446,448,444));
#312=IFCINDEXEDPOLYGONALFACE((449,450,452,451));
#313=IFCINDEXEDPOLYGONALFACE((453,455,456,454));
#314=IFCINDEXEDPOLYGONALFACE((449,453,454,450));
#315=IFCINDEXEDPOLYGONALFACE((451,452,456,455));
#316=IFCINDEXEDPOLYGONALFACE((449,451,455,453));
#317=IFCINDEXEDPOLYGONALFACE((450,454,456,452));
#318=IFCPOLYGONALFACESET(#55,$,(#56,#57,#58,#59,#60,#61,#62,#63,#64,#65,#66,#67,#68,#69,#70,#71,#72,#73,#74,#75,#76,#77,#78,#79,#80,#81,#82,#83,#84,#85,#86,#87,#88,#89,#90,#91,#92,#93,#94,#95,#96,#97,#98,#99,#100,#101,#102,#103,#104,#105,#106,#107,#108,#109,#110,#111,#112,#113,#114,#115,#116,#117,#118,#119,#120,#121,#122,#123,#124,#125,#126,#127,#128,#129,#130,#131,#132,#133,#134,#135,#136,#137,#138,#139,#140,#141,#142,#143,#144,#145,#146,#147,#148,#149,#150,#151,#152,#153,#154,#155,#156,#157,#158,#159,#160,#161,#162,#163,#164,#165,#166,#167,#168,#169,#170,#171,#172,#173,#174,#175,#176,#177,#178,#179,#180,#181,#182,#183,#184,#185,#186,#187,#188,#189,#190,#191,#192,#193,#194,#195,#196,#197,#198,#199,#200,#201,#202,#203,#204,#205,#206,#207,#208,#209,#210,#211,#212,#213,#214,#215,#216,#217,#218,#219,#220,#221,#222,#223,#224,#225,#226,#227,#228,#229,#230,#231,#232,#233,#234,#235,#236,#237,#238,#239,#240,#241,#242,#243,#244,#245,#246,#247,#248,#249,#250,#251,#252,#253,#254,#255,#256,#257,#258,#259,#260,#261,#262,#263,#264,#265,#266,#267,#268,#269,#270,#271,#272,#273,#274,#275,#276,#277,#278,#279,#280,#281,#282,#283,#284,#285,#286,#287,#288,#289,#290,#291,#292,#293,#294,#295,#296,#297,#298,#299,#300,#301,#302,#303,#304,#305,#306,#307,#308,#309,#310,#311,#312,#313,#314,#315,#316,#317),$);
#319=IFCSHAPEREPRESENTATION(#13,'Body','Tessellation',(#318));
#320=IFCPRODUCTDEFINITIONSHAPE($,$,(#319));
#321=IFCDISCRETEACCESSORY('1IUwmcOLXGPgdwholclKAg',$,'trailer-bogie guards, cable guides, WSP brackets, and inspection covers','Trailer-bogie removable guards and harness brackets installed after wheelset fit.',$,#1098,#353,'LM3-BOG-P031',$);
#322=IFCPROPERTYSINGLEVALUE('OSRId',$,IFCTEXT('LM3-BOG-P031'),$);
#323=IFCPROPERTYSINGLEVALUE('Parent',$,IFCTEXT('LM3-BOG-SA620'),$);
#324=IFCPROPERTYSINGLEVALUE('Route',$,IFCTEXT('MAKE'),$);
#325=IFCPROPERTYSINGLEVALUE('Maturity',$,IFCTEXT('release-candidate'),$);
#326=IFCPROPERTYSINGLEVALUE('QuantityPerTrainset',$,IFCINTEGER(3),$);
#327=IFCPROPERTYSINGLEVALUE('Unit',$,IFCTEXT('kit'),$);
#328=IFCPROPERTYSINGLEVALUE('GeometryStatus',$,IFCTEXT('design-reference-not-released'),$);
#329=IFCPROPERTYSINGLEVALUE('GeometryLevel',$,IFCTEXT('design-reference-detail'),$);
#330=IFCPROPERTYSET('2ajTqmusPOPf8NoYWISCSW',$,'OSR_ProductDefinition',$,(#322,#323,#324,#325,#326,#327,#328,#329));
#331=IFCRELDEFINESBYPROPERTIES('3veho2Y9XJlRPKWdoSEaD3',$,$,$,(#321),#330);
#332=IFCCARTESIANPOINTLIST3D(((-1.6000000000000001,-0.49349999999999999,-0.096599999999999991),(-1.6000000000000001,-0.49349999999999999,0.096599999999999991),(-1.6000000000000001,0.49349999999999999,-0.096599999999999991),(-1.6000000000000001,0.49349999999999999,0.096599999999999991),(1.6000000000000001,-0.49349999999999999,-0.096599999999999991),(1.6000000000000001,-0.49349999999999999,0.096599999999999991),(1.6000000000000001,0.49349999999999999,-0.096599999999999991),(1.6000000000000001,0.49349999999999999,0.096599999999999991),(-0.76800000000000002,-1.175,-0.073600000000000013),(-0.76800000000000002,-1.175,0.073600000000000013),(-0.76800000000000002,1.175,-0.073600000000000013),(-0.76800000000000002,1.175,0.073600000000000013),(0.76800000000000002,-1.175,-0.073600000000000013),(0.76800000000000002,-1.175,0.073600000000000013),(0.76800000000000002,1.175,-0.073600000000000013),(0.76800000000000002,1.175,0.073600000000000013),(-0.28799999999999998,-0.25850000000000001,-0.23000000000000001),(-0.28799999999999998,-0.25850000000000001,0.23000000000000001),(-0.28799999999999998,0.25850000000000001,-0.23000000000000001),(-0.28799999999999998,0.25850000000000001,0.23000000000000001),(0.28799999999999998,-0.25850000000000001,-0.23000000000000001),(0.28799999999999998,-0.25850000000000001,0.23000000000000001),(0.28799999999999998,0.25850000000000001,-0.23000000000000001),(0.28799999999999998,0.25850000000000001,0.23000000000000001)),$);
#333=IFCINDEXEDPOLYGONALFACE((1,2,4,3));
#334=IFCINDEXEDPOLYGONALFACE((5,7,8,6));
#335=IFCINDEXEDPOLYGONALFACE((1,5,6,2));
#336=IFCINDEXEDPOLYGONALFACE((3,4,8,7));
#337=IFCINDEXEDPOLYGONALFACE((1,3,7,5));
#338=IFCINDEXEDPOLYGONALFACE((2,6,8,4));
#339=IFCINDEXEDPOLYGONALFACE((9,10,12,11));
#340=IFCINDEXEDPOLYGONALFACE((13,15,16,14));
#341=IFCINDEXEDPOLYGONALFACE((9,13,14,10));
#342=IFCINDEXEDPOLYGONALFACE((11,12,16,15));
#343=IFCINDEXEDPOLYGONALFACE((9,11,15,13));
#344=IFCINDEXEDPOLYGONALFACE((10,14,16,12));
#345=IFCINDEXEDPOLYGONALFACE((17,18,20,19));
#346=IFCINDEXEDPOLYGONALFACE((21,23,24,22));
#347=IFCINDEXEDPOLYGONALFACE((17,21,22,18));
#348=IFCINDEXEDPOLYGONALFACE((19,20,24,23));
#349=IFCINDEXEDPOLYGONALFACE((17,19,23,21));
#350=IFCINDEXEDPOLYGONALFACE((18,22,24,20));
#351=IFCPOLYGONALFACESET(#332,$,(#333,#334,#335,#336,#337,#338,#339,#340,#341,#342,#343,#344,#345,#346,#347,#348,#349,#350),$);
#352=IFCSHAPEREPRESENTATION(#13,'Body','Tessellation',(#351));
#353=IFCPRODUCTDEFINITIONSHAPE($,$,(#352));
#354=IFCBUILDINGELEMENTPROXY('10x$W3udTU9h58AxtOGqyg',$,'trailer-bogie wheelset with axle-mounted brake discs','Supplier-machined axle, wheels and brake-disc seats are procured as a dynamically balanced, traceable railway wheelset using the same released wheel profile as the powered bogie.',$,#1101,#478,'LM3-BOG-P041',$);
#355=IFCPROPERTYSINGLEVALUE('OSRId',$,IFCTEXT('LM3-BOG-P041'),$);
#356=IFCPROPERTYSINGLEVALUE('Parent',$,IFCTEXT('LM3-BOG-SA621'),$);
#357=IFCPROPERTYSINGLEVALUE('Route',$,IFCTEXT('BID'),$);
#358=IFCPROPERTYSINGLEVALUE('Maturity',$,IFCTEXT('buildable-after-supplier-freeze'),$);
#359=IFCPROPERTYSINGLEVALUE('QuantityPerTrainset',$,IFCINTEGER(6),$);
#360=IFCPROPERTYSINGLEVALUE('Unit',$,IFCTEXT('wheelset'),$);
#361=IFCPROPERTYSINGLEVALUE('GeometryStatus',$,IFCTEXT('design-reference-not-released'),$);
#362=IFCPROPERTYSINGLEVALUE('GeometryLevel',$,IFCTEXT('coordination-envelope'),$);
#363=IFCPROPERTYSET('0Q44VkGa5R3OHoHO14w$31',$,'OSR_ProductDefinition',$,(#355,#356,#357,#358,#359,#360,#361,#362));
#364=IFCRELDEFINESBYPROPERTIES('2F2_TKY6PLO8VaeeF9ZyBL',$,$,$,(#354),#363);
#365=IFCCARTESIANPOINTLIST3D(((0.085000000000000006,-1.0249999999999999,0.),(0.08083980388508806,-1.0249999999999999,0.026266444521870529),(0.068766444521870543,-1.0249999999999999,0.049961746444860219),(0.049961746444860219,-1.0249999999999999,0.068766444521870543),(0.026266444521870536,-1.0249999999999999,0.08083980388508806),(5.2047488963762512E-18,-1.0249999999999999,0.085000000000000006),(-0.026266444521870526,-1.0249999999999999,0.08083980388508806),(-0.049961746444860212,-1.0249999999999999,0.068766444521870543),(-0.068766444521870529,-1.0249999999999999,0.049961746444860226),(-0.08083980388508806,-1.0249999999999999,0.02626644452187054),(-0.085000000000000006,-1.0249999999999999,1.0409497792752502E-17),(-0.080839803885088074,-1.0249999999999999,-0.026266444521870488),(-0.068766444521870543,-1.0249999999999999,-0.049961746444860212),(-0.049961746444860226,-1.0249999999999999,-0.068766444521870529),(-0.026266444521870543,-1.0249999999999999,-0.08083980388508806),(-1.5614246689128753E-17,-1.0249999999999999,-0.085000000000000006),(0.026266444521870515,-1.0249999999999999,-0.08083980388508806),(0.049961746444860199,-1.0249999999999999,-0.068766444521870543),(0.068766444521870529,-1.0249999999999999,-0.04996174644486024),(0.08083980388508806,-1.0249999999999999,-0.02626644452187055),(0.085000000000000006,1.0249999999999999,0.),(0.08083980388508806,1.0249999999999999,0.026266444521870529),(0.068766444521870543,1.0249999999999999,0.049961746444860219),(0.049961746444860219,1.0249999999999999,0.068766444521870543),(0.026266444521870536,1.0249999999999999,0.08083980388508806),(5.2047488963762512E-18,1.0249999999999999,0.085000000000000006),(-0.026266444521870526,1.0249999999999999,0.08083980388508806),(-0.049961746444860212,1.0249999999999999,0.068766444521870543),(-0.068766444521870529,1.0249999999999999,0.049961746444860226),(-0.08083980388508806,1.0249999999999999,0.02626644452187054),(-0.085000000000000006,1.0249999999999999,1.0409497792752502E-17),(-0.080839803885088074,1.0249999999999999,-0.026266444521870488),(-0.068766444521870543,1.0249999999999999,-0.049961746444860212),(-0.049961746444860226,1.0249999999999999,-0.068766444521870529),(-0.026266444521870543,1.0249999999999999,-0.08083980388508806),(-1.5614246689128753E-17,1.0249999999999999,-0.085000000000000006),(0.026266444521870515,1.0249999999999999,-0.08083980388508806),(0.049961746444860199,1.0249999999999999,-0.068766444521870543),(0.068766444521870529,1.0249999999999999,-0.04996174644486024),(0.08083980388508806,1.0249999999999999,-0.02626644452187055),(0.46000000000000002,-1.1000000000000001,0.),(0.43748599749577066,-1.1000000000000001,0.14214781741247581),(0.37214781741247582,-1.1000000000000001,0.27038121605453763),(0.27038121605453763,-1.1000000000000001,0.37214781741247582),(0.14214781741247584,-1.1000000000000001,0.43748599749577066),(2.8166876380389123E-17,-1.1000000000000001,0.46000000000000002),(-0.14214781741247579,-1.1000000000000001,0.43748599749577072),(-0.27038121605453758,-1.1000000000000001,0.37214781741247582),(-0.37214781741247577,-1.1000000000000001,0.27038121605453769),(-0.43748599749577066,-1.1000000000000001,0.14214781741247587),(-0.46000000000000002,-1.1000000000000001,5.6333752760778246E-17),(-0.43748599749577077,-1.1000000000000001,-0.14214781741247559),(-0.37214781741247588,-1.1000000000000001,-0.27038121605453758),(-0.27038121605453769,-1.1000000000000001,-0.37214781741247577),(-0.1421478174124759,-1.1000000000000001,-0.43748599749577066),(-8.4500629141167369E-17,-1.1000000000000001,-0.46000000000000002),(0.14214781741247573,-1.1000000000000001,-0.43748599749577072),(0.27038121605453758,-1.1000000000000001,-0.37214781741247588),(0.37214781741247577,-1.1000000000000001,-0.27038121605453774),(0.43748599749577066,-1.1000000000000001,-0.14214781741247592),(0.46000000000000002,-0.94999999999999996,0.),(0.43748599749577066,-0.94999999999999996,0.14214781741247581),(0.37214781741247582,-0.94999999999999996,0.27038121605453763),(0.27038121605453763,-0.94999999999999996,0.37214781741247582),(0.14214781741247584,-0.94999999999999996,0.43748599749577066),(2.8166876380389123E-17,-0.94999999999999996,0.46000000000000002),(-0.14214781741247579,-0.94999999999999996,0.43748599749577072),(-0.27038121605453758,-0.94999999999999996,0.37214781741247582),(-0.37214781741247577,-0.94999999999999996,0.27038121605453769),(-0.43748599749577066,-0.94999999999999996,0.14214781741247587),(-0.46000000000000002,-0.94999999999999996,5.6333752760778246E-17),(-0.43748599749577077,-0.94999999999999996,-0.14214781741247559),(-0.37214781741247588,-0.94999999999999996,-0.27038121605453758),(-0.27038121605453769,-0.94999999999999996,-0.37214781741247577),(-0.1421478174124759,-0.94999999999999996,-0.43748599749577066),(-8.4500629141167369E-17,-0.94999999999999996,-0.46000000000000002),(0.14214781741247573,-0.94999999999999996,-0.43748599749577072),(0.27038121605453758,-0.94999999999999996,-0.37214781741247588),(0.37214781741247577,-0.94999999999999996,-0.27038121605453774),(0.43748599749577066,-0.94999999999999996,-0.14214781741247592),(0.31280000000000002,-0.72150000000000003,0.),(0.29749047829712405,-0.72150000000000003,0.096660515840483546),(0.25306051584048356,-0.72150000000000003,0.18385922691708562),(0.18385922691708562,-0.72150000000000003,0.25306051584048356),(0.096660515840483574,-0.72150000000000003,0.29749047829712405),(1.9153475938664606E-17,-0.72150000000000003,0.31280000000000002),(-0.096660515840483532,-0.72150000000000003,0.29749047829712411),(-0.18385922691708559,-0.72150000000000003,0.25306051584048356),(-0.25306051584048356,-0.72150000000000003,0.18385922691708564),(-0.29749047829712405,-0.72150000000000003,0.096660515840483588),(-0.31280000000000002,-0.72150000000000003,3.8306951877329211E-17),(-0.29749047829712411,-0.72150000000000003,-0.096660515840483394),(-0.25306051584048361,-0.72150000000000003,-0.18385922691708559),(-0.18385922691708564,-0.72150000000000003,-0.25306051584048356),(-0.096660515840483602,-0.72150000000000003,-0.29749047829712405),(-5.7460427815993813E-17,-0.72150000000000003,-0.31280000000000002),(0.096660515840483505,-0.72150000000000003,-0.29749047829712411),(0.18385922691708553,-0.72150000000000003,-0.25306051584048361),(0.25306051584048356,-0.72150000000000003,-0.18385922691708567),(0.29749047829712405,-0.72150000000000003,-0.096660515840483616),(0.31280000000000002,-0.6865,0.),(0.29749047829712405,-0.6865,0.096660515840483546),(0.25306051584048356,-0.6865,0.18385922691708562),(0.18385922691708562,-0.6865,0.25306051584048356),(0.096660515840483574,-0.6865,0.29749047829712405),(1.9153475938664606E-17,-0.6865,0.31280000000000002),(-0.096660515840483532,-0.6865,0.29749047829712411),(-0.18385922691708559,-0.6865,0.25306051584048356),(-0.25306051584048356,-0.6865,0.18385922691708564),(-0.29749047829712405,-0.6865,0.096660515840483588),(-0.31280000000000002,-0.6865,3.8306951877329211E-17),(-0.29749047829712411,-0.6865,-0.096660515840483394),(-0.25306051584048361,-0.6865,-0.18385922691708559),(-0.18385922691708564,-0.6865,-0.25306051584048356),(-0.096660515840483602,-0.6865,-0.29749047829712405),(-5.7460427815993813E-17,-0.6865,-0.31280000000000002),(0.096660515840483505,-0.6865,-0.29749047829712411),(0.18385922691708553,-0.6865,-0.25306051584048361),(0.25306051584048356,-0.6865,-0.18385922691708567),(0.29749047829712405,-0.6865,-0.096660515840483616),(0.46000000000000002,0.94999999999999996,0.),(0.43748599749577066,0.94999999999999996,0.14214781741247581),(0.37214781741247582,0.94999999999999996,0.27038121605453763),(0.27038121605453763,0.94999999999999996,0.37214781741247582),(0.14214781741247584,0.94999999999999996,0.43748599749577066),(2.8166876380389123E-17,0.94999999999999996,0.46000000000000002),(-0.14214781741247579,0.94999999999999996,0.43748599749577072),(-0.27038121605453758,0.94999999999999996,0.37214781741247582),(-0.37214781741247577,0.94999999999999996,0.27038121605453769),(-0.43748599749577066,0.94999999999999996,0.14214781741247587),(-0.46000000000000002,0.94999999999999996,5.6333752760778246E-17),(-0.43748599749577077,0.94999999999999996,-0.14214781741247559),(-0.37214781741247588,0.94999999999999996,-0.27038121605453758),(-0.27038121605453769,0.94999999999999996,-0.37214781741247577),(-0.1421478174124759,0.94999999999999996,-0.43748599749577066),(-8.4500629141167369E-17,0.94999999999999996,-0.46000000000000002),(0.14214781741247573,0.94999999999999996,-0.43748599749577072),(0.27038121605453758,0.94999999999999996,-0.37214781741247588),(0.37214781741247577,0.94999999999999996,-0.27038121605453774),(0.43748599749577066,0.94999999999999996,-0.14214781741247592),(0.46000000000000002,1.1000000000000001,0.),(0.43748599749577066,1.1000000000000001,0.14214781741247581),(0.37214781741247582,1.1000000000000001,0.27038121605453763),(0.27038121605453763,1.1000000000000001,0.37214781741247582),(0.14214781741247584,1.1000000000000001,0.43748599749577066),(2.8166876380389123E-17,1.1000000000000001,0.46000000000000002),(-0.14214781741247579,1.1000000000000001,0.43748599749577072),(-0.27038121605453758,1.1000000000000001,0.37214781741247582),(-0.37214781741247577,1.1000000000000001,0.27038121605453769),(-0.43748599749577066,1.1000000000000001,0.14214781741247587),(-0.46000000000000002,1.1000000000000001,5.6333752760778246E-17),(-0.43748599749577077,1.1000000000000001,-0.14214781741247559),(-0.37214781741247588,1.1000000000000001,-0.27038121605453758),(-0.27038121605453769,1.1000000000000001,-0.37214781741247577),(-0.1421478174124759,1.1000000000000001,-0.43748599749577066),(-8.4500629141167369E-17,1.1000000000000001,-0.46000000000000002),(0.14214781741247573,1.1000000000000001,-0.43748599749577072),(0.27038121605453758,1.1000000000000001,-0.37214781741247588),(0.37214781741247577,1.1000000000000001,-0.27038121605453774),(0.43748599749577066,1.1000000000000001,-0.14214781741247592),(0.31280000000000002,0.6865,0.),(0.29749047829712405,0.6865,0.096660515840483546),(0.25306051584048356,0.6865,0.18385922691708562),(0.18385922691708562,0.6865,0.25306051584048356),(0.096660515840483574,0.6865,0.29749047829712405),(1.9153475938664606E-17,0.6865,0.31280000000000002),(-0.096660515840483532,0.6865,0.29749047829712411),(-0.18385922691708559,0.6865,0.25306051584048356),(-0.25306051584048356,0.6865,0.18385922691708564),(-0.29749047829712405,0.6865,0.096660515840483588),(-0.31280000000000002,0.6865,3.8306951877329211E-17),(-0.29749047829712411,0.6865,-0.096660515840483394),(-0.25306051584048361,0.6865,-0.18385922691708559),(-0.18385922691708564,0.6865,-0.25306051584048356),(-0.096660515840483602,0.6865,-0.29749047829712405),(-5.7460427815993813E-17,0.6865,-0.31280000000000002),(0.096660515840483505,0.6865,-0.29749047829712411),(0.18385922691708553,0.6865,-0.25306051584048361),(0.25306051584048356,0.6865,-0.18385922691708567),(0.29749047829712405,0.6865,-0.096660515840483616),(0.31280000000000002,0.72150000000000003,0.),(0.29749047829712405,0.72150000000000003,0.096660515840483546),(0.25306051584048356,0.72150000000000003,0.18385922691708562),(0.18385922691708562,0.72150000000000003,0.25306051584048356),(0.096660515840483574,0.72150000000000003,0.29749047829712405),(1.9153475938664606E-17,0.72150000000000003,0.31280000000000002),(-0.096660515840483532,0.72150000000000003,0.29749047829712411),(-0.18385922691708559,0.72150000000000003,0.25306051584048356),(-0.25306051584048356,0.72150000000000003,0.18385922691708564),(-0.29749047829712405,0.72150000000000003,0.096660515840483588),(-0.31280000000000002,0.72150000000000003,3.8306951877329211E-17),(-0.29749047829712411,0.72150000000000003,-0.096660515840483394),(-0.25306051584048361,0.72150000000000003,-0.18385922691708559),(-0.18385922691708564,0.72150000000000003,-0.25306051584048356),(-0.096660515840483602,0.72150000000000003,-0.29749047829712405),(-5.7460427815993813E-17,0.72150000000000003,-0.31280000000000002),(0.096660515840483505,0.72150000000000003,-0.29749047829712411),(0.18385922691708553,0.72150000000000003,-0.25306051584048361),(0.25306051584048356,0.72150000000000003,-0.18385922691708567),(0.29749047829712405,0.72150000000000003,-0.096660515840483616)),$);
#366=IFCINDEXEDPOLYGONALFACE((20,19,18,17,16,15,14,13,12,11,10,9,8,7,6,5,4,3,2,1));
#367=IFCINDEXEDPOLYGONALFACE((21,22,23,24,25,26,27,28,29,30,31,32,33,34,35,36,37,38,39,40));
#368=IFCINDEXEDPOLYGONALFACE((1,2,22,21));
#369=IFCINDEXEDPOLYGONALFACE((2,3,23,22));
#370=IFCINDEXEDPOLYGONALFACE((3,4,24,23));
#371=IFCINDEXEDPOLYGONALFACE((4,5,25,24));
#372=IFCINDEXEDPOLYGONALFACE((5,6,26,25));
#373=IFCINDEXEDPOLYGONALFACE((6,7,27,26));
#374=IFCINDEXEDPOLYGONALFACE((7,8,28,27));
#375=IFCINDEXEDPOLYGONALFACE((8,9,29,28));
#376=IFCINDEXEDPOLYGONALFACE((9,10,30,29));
#377=IFCINDEXEDPOLYGONALFACE((10,11,31,30));
#378=IFCINDEXEDPOLYGONALFACE((11,12,32,31));
#379=IFCINDEXEDPOLYGONALFACE((12,13,33,32));
#380=IFCINDEXEDPOLYGONALFACE((13,14,34,33));
#381=IFCINDEXEDPOLYGONALFACE((14,15,35,34));
#382=IFCINDEXEDPOLYGONALFACE((15,16,36,35));
#383=IFCINDEXEDPOLYGONALFACE((16,17,37,36));
#384=IFCINDEXEDPOLYGONALFACE((17,18,38,37));
#385=IFCINDEXEDPOLYGONALFACE((18,19,39,38));
#386=IFCINDEXEDPOLYGONALFACE((19,20,40,39));
#387=IFCINDEXEDPOLYGONALFACE((20,1,21,40));
#388=IFCINDEXEDPOLYGONALFACE((60,59,58,57,56,55,54,53,52,51,50,49,48,47,46,45,44,43,42,41));
#389=IFCINDEXEDPOLYGONALFACE((61,62,63,64,65,66,67,68,69,70,71,72,73,74,75,76,77,78,79,80));
#390=IFCINDEXEDPOLYGONALFACE((41,42,62,61));
#391=IFCINDEXEDPOLYGONALFACE((42,43,63,62));
#392=IFCINDEXEDPOLYGONALFACE((43,44,64,63));
#393=IFCINDEXEDPOLYGONALFACE((44,45,65,64));
#394=IFCINDEXEDPOLYGONALFACE((45,46,66,65));
#395=IFCINDEXEDPOLYGONALFACE((46,47,67,66));
#396=IFCINDEXEDPOLYGONALFACE((47,48,68,67));
#397=IFCINDEXEDPOLYGONALFACE((48,49,69,68));
#398=IFCINDEXEDPOLYGONALFACE((49,50,70,69));
#399=IFCINDEXEDPOLYGONALFACE((50,51,71,70));
#400=IFCINDEXEDPOLYGONALFACE((51,52,72,71));
#401=IFCINDEXEDPOLYGONALFACE((52,53,73,72));
#402=IFCINDEXEDPOLYGONALFACE((53,54,74,73));
#403=IFCINDEXEDPOLYGONALFACE((54,55,75,74));
#404=IFCINDEXEDPOLYGONALFACE((55,56,76,75));
#405=IFCINDEXEDPOLYGONALFACE((56,57,77,76));
#406=IFCINDEXEDPOLYGONALFACE((57,58,78,77));
#407=IFCINDEXEDPOLYGONALFACE((58,59,79,78));
#408=IFCINDEXEDPOLYGONALFACE((59,60,80,79));
#409=IFCINDEXEDPOLYGONALFACE((60,41,61,80));
#410=IFCINDEXEDPOLYGONALFACE((100,99,98,97,96,95,94,93,92,91,90,89,88,87,86,85,84,83,82,81));
#411=IFCINDEXEDPOLYGONALFACE((101,102,103,104,105,106,107,108,109,110,111,112,113,114,115,116,117,118,119,120));
#412=IFCINDEXEDPOLYGONALFACE((81,82,102,101));
#413=IFCINDEXEDPOLYGONALFACE((82,83,103,102));
#414=IFCINDEXEDPOLYGONALFACE((83,84,104,103));
#415=IFCINDEXEDPOLYGONALFACE((84,85,105,104));
#416=IFCINDEXEDPOLYGONALFACE((85,86,106,105));
#417=IFCINDEXEDPOLYGONALFACE((86,87,107,106));
#418=IFCINDEXEDPOLYGONALFACE((87,88,108,107));
#419=IFCINDEXEDPOLYGONALFACE((88,89,109,108));
#420=IFCINDEXEDPOLYGONALFACE((89,90,110,109));
#421=IFCINDEXEDPOLYGONALFACE((90,91,111,110));
#422=IFCINDEXEDPOLYGONALFACE((91,92,112,111));
#423=IFCINDEXEDPOLYGONALFACE((92,93,113,112));
#424=IFCINDEXEDPOLYGONALFACE((93,94,114,113));
#425=IFCINDEXEDPOLYGONALFACE((94,95,115,114));
#426=IFCINDEXEDPOLYGONALFACE((95,96,116,115));
#427=IFCINDEXEDPOLYGONALFACE((96,97,117,116));
#428=IFCINDEXEDPOLYGONALFACE((97,98,118,117));
#429=IFCINDEXEDPOLYGONALFACE((98,99,119,118));
#430=IFCINDEXEDPOLYGONALFACE((99,100,120,119));
#431=IFCINDEXEDPOLYGONALFACE((100,81,101,120));
#432=IFCINDEXEDPOLYGONALFACE((140,139,138,137,136,135,134,133,132,131,130,129,128,127,126,125,124,123,122,121));
#433=IFCINDEXEDPOLYGONALFACE((141,142,143,144,145,146,147,148,149,150,151,152,153,154,155,156,157,158,159,160));
#434=IFCINDEXEDPOLYGONALFACE((121,122,142,141));
#435=IFCINDEXEDPOLYGONALFACE((122,123,143,142));
#436=IFCINDEXEDPOLYGONALFACE((123,124,144,143));
#437=IFCINDEXEDPOLYGONALFACE((124,125,145,144));
#438=IFCINDEXEDPOLYGONALFACE((125,126,146,145));
#439=IFCINDEXEDPOLYGONALFACE((126,127,147,146));
#440=IFCINDEXEDPOLYGONALFACE((127,128,148,147));
#441=IFCINDEXEDPOLYGONALFACE((128,129,149,148));
#442=IFCINDEXEDPOLYGONALFACE((129,130,150,149));
#443=IFCINDEXEDPOLYGONALFACE((130,131,151,150));
#444=IFCINDEXEDPOLYGONALFACE((131,132,152,151));
#445=IFCINDEXEDPOLYGONALFACE((132,133,153,152));
#446=IFCINDEXEDPOLYGONALFACE((133,134,154,153));
#447=IFCINDEXEDPOLYGONALFACE((134,135,155,154));
#448=IFCINDEXEDPOLYGONALFACE((135,136,156,155));
#449=IFCINDEXEDPOLYGONALFACE((136,137,157,156));
#450=IFCINDEXEDPOLYGONALFACE((137,138,158,157));
#451=IFCINDEXEDPOLYGONALFACE((138,139,159,158));
#452=IFCINDEXEDPOLYGONALFACE((139,140,160,159));
#453=IFCINDEXEDPOLYGONALFACE((140,121,141,160));
#454=IFCINDEXEDPOLYGONALFACE((180,179,178,177,176,175,174,173,172,171,170,169,168,167,166,165,164,163,162,161));
#455=IFCINDEXEDPOLYGONALFACE((181,182,183,184,185,186,187,188,189,190,191,192,193,194,195,196,197,198,199,200));
#456=IFCINDEXEDPOLYGONALFACE((161,162,182,181));
#457=IFCINDEXEDPOLYGONALFACE((162,163,183,182));
#458=IFCINDEXEDPOLYGONALFACE((163,164,184,183));
#459=IFCINDEXEDPOLYGONALFACE((164,165,185,184));
#460=IFCINDEXEDPOLYGONALFACE((165,166,186,185));
#461=IFCINDEXEDPOLYGONALFACE((166,167,187,186));
#462=IFCINDEXEDPOLYGONALFACE((167,168,188,187));
#463=IFCINDEXEDPOLYGONALFACE((168,169,189,188));
#464=IFCINDEXEDPOLYGONALFACE((169,170,190,189));
#465=IFCINDEXEDPOLYGONALFACE((170,171,191,190));
#466=IFCINDEXEDPOLYGONALFACE((171,172,192,191));
#467=IFCINDEXEDPOLYGONALFACE((172,173,193,192));
#468=IFCINDEXEDPOLYGONALFACE((173,174,194,193));
#469=IFCINDEXEDPOLYGONALFACE((174,175,195,194));
#470=IFCINDEXEDPOLYGONALFACE((175,176,196,195));
#471=IFCINDEXEDPOLYGONALFACE((176,177,197,196));
#472=IFCINDEXEDPOLYGONALFACE((177,178,198,197));
#473=IFCINDEXEDPOLYGONALFACE((178,179,199,198));
#474=IFCINDEXEDPOLYGONALFACE((179,180,200,199));
#475=IFCINDEXEDPOLYGONALFACE((180,161,181,200));
#476=IFCPOLYGONALFACESET(#365,$,(#366,#367,#368,#369,#370,#371,#372,#373,#374,#375,#376,#377,#378,#379,#380,#381,#382,#383,#384,#385,#386,#387,#388,#389,#390,#391,#392,#393,#394,#395,#396,#397,#398,#399,#400,#401,#402,#403,#404,#405,#406,#407,#408,#409,#410,#411,#412,#413,#414,#415,#416,#417,#418,#419,#420,#421,#422,#423,#424,#425,#426,#427,#428,#429,#430,#431,#432,#433,#434,#435,#436,#437,#438,#439,#440,#441,#442,#443,#444,#445,#446,#447,#448,#449,#450,#451,#452,#453,#454,#455,#456,#457,#458,#459,#460,#461,#462,#463,#464,#465,#466,#467,#468,#469,#470,#471,#472,#473,#474,#475),$);
#477=IFCSHAPEREPRESENTATION(#13,'Body','Tessellation',(#476));
#478=IFCPRODUCTDEFINITIONSHAPE($,$,(#477));
#479=IFCBUILDINGELEMENTPROXY('3DE0_21MzNh8kR9MHZfeHW',$,'trailer-wheelset axlebox, sealed bearing unit, speed and temperature sensor set','Ready-to-mount railway axlebox bearing units share the powered-bogie bearing and sensor interface where load calculations permit.',$,#1104,#537,'LM3-BOG-P043',$);
#480=IFCPROPERTYSINGLEVALUE('OSRId',$,IFCTEXT('LM3-BOG-P043'),$);
#481=IFCPROPERTYSINGLEVALUE('Parent',$,IFCTEXT('LM3-BOG-SA621'),$);
#482=IFCPROPERTYSINGLEVALUE('Route',$,IFCTEXT('BID'),$);
#483=IFCPROPERTYSINGLEVALUE('Maturity',$,IFCTEXT('buildable-after-supplier-freeze'),$);
#484=IFCPROPERTYSINGLEVALUE('QuantityPerTrainset',$,IFCINTEGER(6),$);
#485=IFCPROPERTYSINGLEVALUE('Unit',$,IFCTEXT('wheelset set'),$);
#486=IFCPROPERTYSINGLEVALUE('GeometryStatus',$,IFCTEXT('design-reference-not-released'),$);
#487=IFCPROPERTYSINGLEVALUE('GeometryLevel',$,IFCTEXT('coordination-envelope'),$);
#488=IFCPROPERTYSET('0qhR4k0lTOBQHgC41xDEc$',$,'OSR_ProductDefinition',$,(#480,#481,#482,#483,#484,#485,#486,#487));
#489=IFCRELDEFINESBYPROPERTIES('1atKi_e9nKshcQ52W3BQMi',$,$,$,(#479),#488);
#490=IFCCARTESIANPOINTLIST3D(((0.17360000000000003,-0.17360000000000003,0.),(0.16510341122883868,-0.17360000000000003,0.05364535022349088),(0.14044535022349092,-0.17360000000000003,0.10203951979797335),(0.10203951979797335,-0.17360000000000003,0.14044535022349092),(0.053645350223490887,-0.17360000000000003,0.16510341122883868),(1.0629934216599028E-17,-0.17360000000000003,0.17360000000000003),(-0.053645350223490866,-0.17360000000000003,0.1651034112288387),(-0.10203951979797334,-0.17360000000000003,0.14044535022349092),(-0.14044535022349089,-0.17360000000000003,0.10203951979797338),(-0.16510341122883868,-0.17360000000000003,0.053645350223490894),(-0.17360000000000003,-0.17360000000000003,2.1259868433198056E-17),(-0.16510341122883873,-0.17360000000000003,-0.05364535022349079),(-0.14044535022349092,-0.17360000000000003,-0.10203951979797334),(-0.10203951979797338,-0.17360000000000003,-0.14044535022349089),(-0.053645350223490908,-0.17360000000000003,-0.16510341122883868),(-3.1889802649797078E-17,-0.17360000000000003,-0.17360000000000003),(0.053645350223490852,-0.17360000000000003,-0.1651034112288387),(0.10203951979797332,-0.17360000000000003,-0.14044535022349092),(0.14044535022349089,-0.17360000000000003,-0.10203951979797339),(0.16510341122883868,-0.17360000000000003,-0.053645350223490915),(0.17360000000000003,0.17360000000000003,0.),(0.16510341122883868,0.17360000000000003,0.05364535022349088),(0.14044535022349092,0.17360000000000003,0.10203951979797335),(0.10203951979797335,0.17360000000000003,0.14044535022349092),(0.053645350223490887,0.17360000000000003,0.16510341122883868),(1.0629934216599028E-17,0.17360000000000003,0.17360000000000003),(-0.053645350223490866,0.17360000000000003,0.1651034112288387),(-0.10203951979797334,0.17360000000000003,0.14044535022349092),(-0.14044535022349089,0.17360000000000003,0.10203951979797338),(-0.16510341122883868,0.17360000000000003,0.053645350223490894),(-0.17360000000000003,0.17360000000000003,2.1259868433198056E-17),(-0.16510341122883873,0.17360000000000003,-0.05364535022349079),(-0.14044535022349092,0.17360000000000003,-0.10203951979797334),(-0.10203951979797338,0.17360000000000003,-0.14044535022349089),(-0.053645350223490908,0.17360000000000003,-0.16510341122883868),(-3.1889802649797078E-17,0.17360000000000003,-0.17360000000000003),(0.053645350223490852,0.17360000000000003,-0.1651034112288387),(0.10203951979797332,0.17360000000000003,-0.14044535022349092),(0.14044535022349089,0.17360000000000003,-0.10203951979797339),(0.16510341122883868,0.17360000000000003,-0.053645350223490915),(0.074400000000000008,-0.31,-0.23559999999999998),(0.070758604812359432,-0.31,-0.21260913561850389),(0.060190864381496095,-0.31,-0.19186877722943996),(0.043731222770560005,-0.31,-0.17540913561850388),(0.022990864381496091,-0.31,-0.16484139518764054),(4.5556860928281542E-18,-0.31,-0.16119999999999995),(-0.022990864381496084,-0.31,-0.16484139518764054),(-0.043731222770559998,-0.31,-0.17540913561850388),(-0.060190864381496088,-0.31,-0.19186877722943996),(-0.070758604812359432,-0.31,-0.21260913561850386),(-0.074400000000000008,-0.31,-0.23559999999999998),(-0.070758604812359446,-0.31,-0.25859086438149603),(-0.060190864381496102,-0.31,-0.27933122277055999),(-0.043731222770560012,-0.31,-0.29579086438149604),(-0.022990864381496102,-0.31,-0.30635860481235944),(-1.3667058278484462E-17,-0.31,-0.31),(0.022990864381496078,-0.31,-0.30635860481235944),(0.043731222770559991,-0.31,-0.2957908643814961),(0.060190864381496088,-0.31,-0.27933122277055999),(0.070758604812359432,-0.31,-0.25859086438149609),(0.074400000000000008,0.31,-0.23559999999999998),(0.070758604812359432,0.31,-0.21260913561850389),(0.060190864381496095,0.31,-0.19186877722943996),(0.043731222770560005,0.31,-0.17540913561850388),(0.022990864381496091,0.31,-0.16484139518764054),(4.5556860928281542E-18,0.31,-0.16119999999999995),(-0.022990864381496084,0.31,-0.16484139518764054),(-0.043731222770559998,0.31,-0.17540913561850388),(-0.060190864381496088,0.31,-0.19186877722943996),(-0.070758604812359432,0.31,-0.21260913561850386),(-0.074400000000000008,0.31,-0.23559999999999998),(-0.070758604812359446,0.31,-0.25859086438149603),(-0.060190864381496102,0.31,-0.27933122277055999),(-0.043731222770560012,0.31,-0.29579086438149604),(-0.022990864381496102,0.31,-0.30635860481235944),(-1.3667058278484462E-17,0.31,-0.31),(0.022990864381496078,0.31,-0.30635860481235944),(0.043731222770559991,0.31,-0.2957908643814961),(0.060190864381496088,0.31,-0.27933122277055999),(0.070758604812359432,0.31,-0.25859086438149609)),$);
#491=IFCINDEXEDPOLYGONALFACE((20,19,18,17,16,15,14,13,12,11,10,9,8,7,6,5,4,3,2,1));
#492=IFCINDEXEDPOLYGONALFACE((21,22,23,24,25,26,27,28,29,30,31,32,33,34,35,36,37,38,39,40));
#493=IFCINDEXEDPOLYGONALFACE((1,2,22,21));
#494=IFCINDEXEDPOLYGONALFACE((2,3,23,22));
#495=IFCINDEXEDPOLYGONALFACE((3,4,24,23));
#496=IFCINDEXEDPOLYGONALFACE((4,5,25,24));
#497=IFCINDEXEDPOLYGONALFACE((5,6,26,25));
#498=IFCINDEXEDPOLYGONALFACE((6,7,27,26));
#499=IFCINDEXEDPOLYGONALFACE((7,8,28,27));
#500=IFCINDEXEDPOLYGONALFACE((8,9,29,28));
#501=IFCINDEXEDPOLYGONALFACE((9,10,30,29));
#502=IFCINDEXEDPOLYGONALFACE((10,11,31,30));
#503=IFCINDEXEDPOLYGONALFACE((11,12,32,31));
#504=IFCINDEXEDPOLYGONALFACE((12,13,33,32));
#505=IFCINDEXEDPOLYGONALFACE((13,14,34,33));
#506=IFCINDEXEDPOLYGONALFACE((14,15,35,34));
#507=IFCINDEXEDPOLYGONALFACE((15,16,36,35));
#508=IFCINDEXEDPOLYGONALFACE((16,17,37,36));
#509=IFCINDEXEDPOLYGONALFACE((17,18,38,37));
#510=IFCINDEXEDPOLYGONALFACE((18,19,39,38));
#511=IFCINDEXEDPOLYGONALFACE((19,20,40,39));
#512=IFCINDEXEDPOLYGONALFACE((20,1,21,40));
#513=IFCINDEXEDPOLYGONALFACE((60,59,58,57,56,55,54,53,52,51,50,49,48,47,46,45,44,43,42,41));
#514=IFCINDEXEDPOLYGONALFACE((61,62,63,64,65,66,67,68,69,70,71,72,73,74,75,76,77,78,79,80));
#515=IFCINDEXEDPOLYGONALFACE((41,42,62,61));
#516=IFCINDEXEDPOLYGONALFACE((42,43,63,62));
#517=IFCINDEXEDPOLYGONALFACE((43,44,64,63));
#518=IFCINDEXEDPOLYGONALFACE((44,45,65,64));
#519=IFCINDEXEDPOLYGONALFACE((45,46,66,65));
#520=IFCINDEXEDPOLYGONALFACE((46,47,67,66));
#521=IFCINDEXEDPOLYGONALFACE((47,48,68,67));
#522=IFCINDEXEDPOLYGONALFACE((48,49,69,68));
#523=IFCINDEXEDPOLYGONALFACE((49,50,70,69));
#524=IFCINDEXEDPOLYGONALFACE((50,51,71,70));
#525=IFCINDEXEDPOLYGONALFACE((51,52,72,71));
#526=IFCINDEXEDPOLYGONALFACE((52,53,73,72));
#527=IFCINDEXEDPOLYGONALFACE((53,54,74,73));
#528=IFCINDEXEDPOLYGONALFACE((54,55,75,74));
#529=IFCINDEXEDPOLYGONALFACE((55,56,76,75));
#530=IFCINDEXEDPOLYGONALFACE((56,57,77,76));
#531=IFCINDEXEDPOLYGONALFACE((57,58,78,77));
#532=IFCINDEXEDPOLYGONALFACE((58,59,79,78));
#533=IFCINDEXEDPOLYGONALFACE((59,60,80,79));
#534=IFCINDEXEDPOLYGONALFACE((60,41,61,80));
#535=IFCPOLYGONALFACESET(#490,$,(#491,#492,#493,#494,#495,#496,#497,#498,#499,#500,#501,#502,#503,#504,#505,#506,#507,#508,#509,#510,#511,#512,#513,#514,#515,#516,#517,#518,#519,#520,#521,#522,#523,#524,#525,#526,#527,#528,#529,#530,#531,#532,#533,#534),$);
#536=IFCSHAPEREPRESENTATION(#13,'Body','Tessellation',(#535));
#537=IFCPRODUCTDEFINITIONSHAPE($,$,(#536));
#538=IFCBUILDINGELEMENTPROXY('1PWxVlkWrJXgR8iRYzv2kk',$,'trailer-bogie primary suspension spring, guide and bump-stop set','Matched, batch-traceable primary springs and elastomer guides are selected from the released trailer axle-load and dynamic model.',$,#1107,#750,'LM3-BOG-P045',$);
#539=IFCPROPERTYSINGLEVALUE('OSRId',$,IFCTEXT('LM3-BOG-P045'),$);
#540=IFCPROPERTYSINGLEVALUE('Parent',$,IFCTEXT('LM3-BOG-SA621'),$);
#541=IFCPROPERTYSINGLEVALUE('Route',$,IFCTEXT('BID'),$);
#542=IFCPROPERTYSINGLEVALUE('Maturity',$,IFCTEXT('buildable-after-supplier-freeze'),$);
#543=IFCPROPERTYSINGLEVALUE('QuantityPerTrainset',$,IFCINTEGER(3),$);
#544=IFCPROPERTYSINGLEVALUE('Unit',$,IFCTEXT('bogie set'),$);
#545=IFCPROPERTYSINGLEVALUE('GeometryStatus',$,IFCTEXT('design-reference-not-released'),$);
#546=IFCPROPERTYSINGLEVALUE('GeometryLevel',$,IFCTEXT('coordination-envelope'),$);
#547=IFCPROPERTYSET('0TDSZQy_DVmgUeai3SFu6v',$,'OSR_ProductDefinition',$,(#539,#540,#541,#542,#543,#544,#545,#546));
#548=IFCRELDEFINESBYPROPERTIES('3PzOMvhBDRVQ_8f_lzJMn4',$,$,$,(#538),#547);
#549=IFCCARTESIANPOINTLIST3D(((-0.3600000000000001,-0.75600000000000001,-0.26000000000000001),(-0.37057179248024696,-0.68925232921501134,-0.26000000000000001),(-0.40125232921501142,-0.62903838550482583,-0.26000000000000001),(-0.44903838550482589,-0.58125232921501135,-0.26000000000000001),(-0.5092523292150114,-0.5505717924802469,-0.26000000000000001),(-0.57600000000000007,-0.54000000000000004,-0.26000000000000001),(-0.64274767078498862,-0.5505717924802469,-0.26000000000000001),(-0.70296161449517425,-0.58125232921501135,-0.26000000000000001),(-0.75074767078498872,-0.62903838550482583,-0.26000000000000001),(-0.78142820751975317,-0.68925232921501134,-0.26000000000000001),(-0.79200000000000004,-0.75600000000000001,-0.26000000000000001),(-0.78142820751975328,-0.82274767078498856,-0.26000000000000001),(-0.75074767078498872,-0.88296161449517419,-0.26000000000000001),(-0.70296161449517425,-0.93074767078498866,-0.26000000000000001),(-0.64274767078498873,-0.96142820751975311,-0.26000000000000001),(-0.57600000000000007,-0.97199999999999998,-0.26000000000000001),(-0.50925232921501151,-0.96142820751975311,-0.26000000000000001),(-0.44903838550482594,-0.93074767078498866,-0.26000000000000001),(-0.40125232921501147,-0.88296161449517419,-0.26000000000000001),(-0.37057179248024696,-0.82274767078498867,-0.26000000000000001),(-0.3600000000000001,-0.75600000000000001,0.26000000000000001),(-0.37057179248024696,-0.68925232921501134,0.26000000000000001),(-0.40125232921501142,-0.62903838550482583,0.26000000000000001),(-0.44903838550482589,-0.58125232921501135,0.26000000000000001),(-0.5092523292150114,-0.5505717924802469,0.26000000000000001),(-0.57600000000000007,-0.54000000000000004,0.26000000000000001),(-0.64274767078498862,-0.5505717924802469,0.26000000000000001),(-0.70296161449517425,-0.58125232921501135,0.26000000000000001),(-0.75074767078498872,-0.62903838550482583,0.26000000000000001),(-0.78142820751975317,-0.68925232921501134,0.26000000000000001),(-0.79200000000000004,-0.75600000000000001,0.26000000000000001),(-0.78142820751975328,-0.82274767078498856,0.26000000000000001),(-0.75074767078498872,-0.88296161449517419,0.26000000000000001),(-0.70296161449517425,-0.93074767078498866,0.26000000000000001),(-0.64274767078498873,-0.96142820751975311,0.26000000000000001),(-0.57600000000000007,-0.97199999999999998,0.26000000000000001),(-0.50925232921501151,-0.96142820751975311,0.26000000000000001),(-0.44903838550482594,-0.93074767078498866,0.26000000000000001),(-0.40125232921501147,-0.88296161449517419,0.26000000000000001),(-0.37057179248024696,-0.82274767078498867,0.26000000000000001),(-0.3600000000000001,0.75600000000000001,-0.26000000000000001),(-0.37057179248024696,0.82274767078498867,-0.26000000000000001),(-0.40125232921501142,0.88296161449517419,-0.26000000000000001),(-0.44903838550482589,0.93074767078498866,-0.26000000000000001),(-0.5092523292150114,0.96142820751975311,-0.26000000000000001),(-0.57600000000000007,0.97199999999999998,-0.26000000000000001),(-0.64274767078498862,0.96142820751975311,-0.26000000000000001),(-0.70296161449517425,0.93074767078498866,-0.26000000000000001),(-0.75074767078498872,0.88296161449517419,-0.26000000000000001),(-0.78142820751975317,0.82274767078498867,-0.26000000000000001),(-0.79200000000000004,0.75600000000000001,-0.26000000000000001),(-0.78142820751975328,0.68925232921501145,-0.26000000000000001),(-0.75074767078498872,0.62903838550482583,-0.26000000000000001),(-0.70296161449517425,0.58125232921501135,-0.26000000000000001),(-0.64274767078498873,0.5505717924802469,-0.26000000000000001),(-0.57600000000000007,0.54000000000000004,-0.26000000000000001),(-0.50925232921501151,0.5505717924802469,-0.26000000000000001),(-0.44903838550482594,0.58125232921501135,-0.26000000000000001),(-0.40125232921501147,0.62903838550482583,-0.26000000000000001),(-0.37057179248024696,0.68925232921501134,-0.26000000000000001),(-0.3600000000000001,0.75600000000000001,0.26000000000000001),(-0.37057179248024696,0.82274767078498867,0.26000000000000001),(-0.40125232921501142,0.88296161449517419,0.26000000000000001),(-0.44903838550482589,0.93074767078498866,0.26000000000000001),(-0.5092523292150114,0.96142820751975311,0.26000000000000001),(-0.57600000000000007,0.97199999999999998,0.26000000000000001),(-0.64274767078498862,0.96142820751975311,0.26000000000000001),(-0.70296161449517425,0.93074767078498866,0.26000000000000001),(-0.75074767078498872,0.88296161449517419,0.26000000000000001),(-0.78142820751975317,0.82274767078498867,0.26000000000000001),(-0.79200000000000004,0.75600000000000001,0.26000000000000001),(-0.78142820751975328,0.68925232921501145,0.26000000000000001),(-0.75074767078498872,0.62903838550482583,0.26000000000000001),(-0.70296161449517425,0.58125232921501135,0.26000000000000001),(-0.64274767078498873,0.5505717924802469,0.26000000000000001),(-0.57600000000000007,0.54000000000000004,0.26000000000000001),(-0.50925232921501151,0.5505717924802469,0.26000000000000001),(-0.44903838550482594,0.58125232921501135,0.26000000000000001),(-0.40125232921501147,0.62903838550482583,0.26000000000000001),(-0.37057179248024696,0.68925232921501134,0.26000000000000001),(0.79200000000000004,-0.75600000000000001,-0.26000000000000001),(0.78142820751975317,-0.68925232921501134,-0.26000000000000001),(0.75074767078498872,-0.62903838550482583,-0.26000000000000001),(0.70296161449517425,-0.58125232921501135,-0.26000000000000001),(0.64274767078498873,-0.5505717924802469,-0.26000000000000001),(0.57600000000000007,-0.54000000000000004,-0.26000000000000001),(0.50925232921501151,-0.5505717924802469,-0.26000000000000001),(0.44903838550482589,-0.58125232921501135,-0.26000000000000001),(0.40125232921501147,-0.62903838550482583,-0.26000000000000001),(0.37057179248024696,-0.68925232921501134,-0.26000000000000001),(0.3600000000000001,-0.75600000000000001,-0.26000000000000001),(0.37057179248024685,-0.82274767078498856,-0.26000000000000001),(0.40125232921501142,-0.88296161449517419,-0.26000000000000001),(0.44903838550482589,-0.93074767078498866,-0.26000000000000001),(0.5092523292150114,-0.96142820751975311,-0.26000000000000001),(0.57600000000000007,-0.97199999999999998,-0.26000000000000001),(0.64274767078498862,-0.96142820751975311,-0.26000000000000001),(0.70296161449517425,-0.93074767078498866,-0.26000000000000001),(0.75074767078498872,-0.88296161449517419,-0.26000000000000001),(0.78142820751975317,-0.82274767078498867,-0.26000000000000001),(0.79200000000000004,-0.75600000000000001,0.26000000000000001),(0.78142820751975317,-0.68925232921501134,0.26000000000000001),(0.75074767078498872,-0.62903838550482583,0.26000000000000001),(0.70296161449517425,-0.58125232921501135,0.26000000000000001),(0.64274767078498873,-0.5505717924802469,0.26000000000000001),(0.57600000000000007,-0.54000000000000004,0.26000000000000001),(0.50925232921501151,-0.5505717924802469,0.26000000000000001),(0.44903838550482589,-0.58125232921501135,0.26000000000000001),(0.40125232921501147,-0.62903838550482583,0.26000000000000001),(0.37057179248024696,-0.68925232921501134,0.26000000000000001),(0.3600000000000001,-0.75600000000000001,0.26000000000000001),(0.37057179248024685,-0.82274767078498856,0.26000000000000001),(0.40125232921501142,-0.88296161449517419,0.26000000000000001),(0.44903838550482589,-0.93074767078498866,0.26000000000000001),(0.5092523292150114,-0.96142820751975311,0.26000000000000001),(0.57600000000000007,-0.97199999999999998,0.26000000000000001),(0.64274767078498862,-0.96142820751975311,0.26000000000000001),(0.70296161449517425,-0.93074767078498866,0.26000000000000001),(0.75074767078498872,-0.88296161449517419,0.26000000000000001),(0.78142820751975317,-0.82274767078498867,0.26000000000000001),(0.79200000000000004,0.75600000000000001,-0.26000000000000001),(0.78142820751975317,0.82274767078498867,-0.26000000000000001),(0.75074767078498872,0.88296161449517419,-0.26000000000000001),(0.70296161449517425,0.93074767078498866,-0.26000000000000001),(0.64274767078498873,0.96142820751975311,-0.26000000000000001),(0.57600000000000007,0.97199999999999998,-0.26000000000000001),(0.50925232921501151,0.96142820751975311,-0.26000000000000001),(0.44903838550482589,0.93074767078498866,-0.26000000000000001),(0.40125232921501147,0.88296161449517419,-0.26000000000000001),(0.37057179248024696,0.82274767078498867,-0.26000000000000001),(0.3600000000000001,0.75600000000000001,-0.26000000000000001),(0.37057179248024685,0.68925232921501145,-0.26000000000000001),(0.40125232921501142,0.62903838550482583,-0.26000000000000001),(0.44903838550482589,0.58125232921501135,-0.26000000000000001),(0.5092523292150114,0.5505717924802469,-0.26000000000000001),(0.57600000000000007,0.54000000000000004,-0.26000000000000001),(0.64274767078498862,0.5505717924802469,-0.26000000000000001),(0.70296161449517425,0.58125232921501135,-0.26000000000000001),(0.75074767078498872,0.62903838550482583,-0.26000000000000001),(0.78142820751975317,0.68925232921501134,-0.26000000000000001),(0.79200000000000004,0.75600000000000001,0.26000000000000001),(0.78142820751975317,0.82274767078498867,0.26000000000000001),(0.75074767078498872,0.88296161449517419,0.26000000000000001),(0.70296161449517425,0.93074767078498866,0.26000000000000001),(0.64274767078498873,0.96142820751975311,0.26000000000000001),(0.57600000000000007,0.97199999999999998,0.26000000000000001),(0.50925232921501151,0.96142820751975311,0.26000000000000001),(0.44903838550482589,0.93074767078498866,0.26000000000000001),(0.40125232921501147,0.88296161449517419,0.26000000000000001),(0.37057179248024696,0.82274767078498867,0.26000000000000001),(0.3600000000000001,0.75600000000000001,0.26000000000000001),(0.37057179248024685,0.68925232921501145,0.26000000000000001),(0.40125232921501142,0.62903838550482583,0.26000000000000001),(0.44903838550482589,0.58125232921501135,0.26000000000000001),(0.5092523292150114,0.5505717924802469,0.26000000000000001),(0.57600000000000007,0.54000000000000004,0.26000000000000001),(0.64274767078498862,0.5505717924802469,0.26000000000000001),(0.70296161449517425,0.58125232921501135,0.26000000000000001),(0.75074767078498872,0.62903838550482583,0.26000000000000001),(0.78142820751975317,0.68925232921501134,0.26000000000000001),(0.36749999999999999,0.,-0.046799999999999994),(0.34951326973846891,0.11356374543279317,-0.046799999999999994),(0.29731374543279321,0.21601108021748389,-0.046799999999999994),(0.21601108021748389,0.29731374543279321,-0.046799999999999994),(0.11356374543279318,0.34951326973846891,-0.046799999999999994),(2.2502884934332615E-17,0.36749999999999999,-0.046799999999999994),(-0.11356374543279314,0.34951326973846897,-0.046799999999999994),(-0.21601108021748383,0.29731374543279321,-0.046799999999999994),(-0.29731374543279315,0.21601108021748391,-0.046799999999999994),(-0.34951326973846891,0.11356374543279321,-0.046799999999999994),(-0.36749999999999999,4.5005769868665229E-17,-0.046799999999999994),(-0.34951326973846902,-0.11356374543279298,-0.046799999999999994),(-0.29731374543279321,-0.21601108021748383,-0.046799999999999994),(-0.21601108021748391,-0.29731374543279315,-0.046799999999999994),(-0.11356374543279323,-0.34951326973846891,-0.046799999999999994),(-6.7508654802997835E-17,-0.36749999999999999,-0.046799999999999994),(0.1135637454327931,-0.34951326973846897,-0.046799999999999994),(0.2160110802174838,-0.29731374543279321,-0.046799999999999994),(0.29731374543279315,-0.21601108021748394,-0.046799999999999994),(0.34951326973846891,-0.11356374543279325,-0.046799999999999994),(0.36749999999999999,0.,0.046799999999999994),(0.34951326973846891,0.11356374543279317,0.046799999999999994),(0.29731374543279321,0.21601108021748389,0.046799999999999994),(0.21601108021748389,0.29731374543279321,0.046799999999999994),(0.11356374543279318,0.34951326973846891,0.046799999999999994),(2.2502884934332615E-17,0.36749999999999999,0.046799999999999994),(-0.11356374543279314,0.34951326973846897,0.046799999999999994),(-0.21601108021748383,0.29731374543279321,0.046799999999999994),(-0.29731374543279315,0.21601108021748391,0.046799999999999994),(-0.34951326973846891,0.11356374543279321,0.046799999999999994),(-0.36749999999999999,4.5005769868665229E-17,0.046799999999999994),(-0.34951326973846902,-0.11356374543279298,0.046799999999999994),(-0.29731374543279321,-0.21601108021748383,0.046799999999999994),(-0.21601108021748391,-0.29731374543279315,0.046799999999999994),(-0.11356374543279323,-0.34951326973846891,0.046799999999999994),(-6.7508654802997835E-17,-0.36749999999999999,0.046799999999999994),(0.1135637454327931,-0.34951326973846897,0.046799999999999994),(0.2160110802174838,-0.29731374543279321,0.046799999999999994),(0.29731374543279315,-0.21601108021748394,0.046799999999999994),(0.34951326973846891,-0.11356374543279325,0.046799999999999994),(-0.63,0.,-0.2132),(-0.6344049135334362,0.027811529493745265,-0.2132),(-0.64718847050625472,0.05290067270632258,-0.2132),(-0.66709932729367738,0.072811529493745267,-0.2132),(-0.69218847050625465,0.085595086466563816,-0.2132),(-0.71999999999999997,0.089999999999999997,-0.2132),(-0.74781152949374519,0.08559508646656383,-0.2132),(-0.77290067270632257,0.072811529493745267,-0.2132),(-0.79281152949374523,0.052900672706322593,-0.2132),(-0.80559508646656375,0.027811529493745275,-0.2132),(-0.80999999999999994,1.1021821192326179E-17,-0.2132),(-0.80559508646656375,-0.02781152949374522,-0.2132),(-0.79281152949374523,-0.052900672706322573,-0.2132),(-0.77290067270632257,-0.072811529493745253,-0.2132),(-0.7478115294937453,-0.085595086466563816,-0.2132),(-0.71999999999999997,-0.089999999999999997,-0.2132),(-0.69218847050625476,-0.08559508646656383,-0.2132),(-0.66709932729367738,-0.072811529493745281,-0.2132),(-0.64718847050625472,-0.0529006727063226,-0.2132),(-0.6344049135334362,-0.027811529493745286,-0.2132),(-0.63,0.,0.2132),(-0.6344049135334362,0.027811529493745265,0.2132),(-0.64718847050625472,0.05290067270632258,0.2132),(-0.66709932729367738,0.072811529493745267,0.2132),(-0.69218847050625465,0.085595086466563816,0.2132),(-0.71999999999999997,0.089999999999999997,0.2132),(-0.74781152949374519,0.08559508646656383,0.2132),(-0.77290067270632257,0.072811529493745267,0.2132),(-0.79281152949374523,0.052900672706322593,0.2132),(-0.80559508646656375,0.027811529493745275,0.2132),(-0.80999999999999994,1.1021821192326179E-17,0.2132),(-0.80559508646656375,-0.02781152949374522,0.2132),(-0.79281152949374523,-0.052900672706322573,0.2132),(-0.77290067270632257,-0.072811529493745253,0.2132),(-0.7478115294937453,-0.085595086466563816,0.2132),(-0.71999999999999997,-0.089999999999999997,0.2132),(-0.69218847050625476,-0.08559508646656383,0.2132),(-0.66709932729367738,-0.072811529493745281,0.2132),(-0.64718847050625472,-0.0529006727063226,0.2132),(-0.6344049135334362,-0.027811529493745286,0.2132),(0.083999999999999964,-0.75600000000000001,-0.11700000000000001),(0.079888747368792867,-0.73004257247250448,-0.11700000000000001),(0.067957427527495562,-0.70662603880743224,-0.11700000000000001),(0.04937396119256772,-0.68804257247250444,-0.11700000000000001),(0.025957427527495573,-0.67611125263120719,-0.11700000000000001),(5.1435165564188813E-18,-0.67200000000000004,-0.11700000000000001),(-0.025957427527495566,-0.67611125263120719,-0.11700000000000001),(-0.049373961192567713,-0.68804257247250444,-0.11700000000000001),(-0.067957427527495548,-0.70662603880743224,-0.11700000000000001),(-0.079888747368792867,-0.73004257247250437,-0.11700000000000001),(-0.083999999999999964,-0.75600000000000001,-0.11700000000000001),(-0.079888747368792881,-0.78195742752749553,-0.11700000000000001),(-0.067957427527495562,-0.80537396119256777,-0.11700000000000001),(-0.049373961192567734,-0.82395742752749557,-0.11700000000000001),(-0.025957427527495584,-0.83588874736879282,-0.11700000000000001),(-1.5430549669256644E-17,-0.83999999999999997,-0.11700000000000001),(0.025957427527495556,-0.83588874736879282,-0.11700000000000001),(0.049373961192567706,-0.82395742752749557,-0.11700000000000001),(0.067957427527495548,-0.80537396119256777,-0.11700000000000001),(0.079888747368792867,-0.78195742752749564,-0.11700000000000001),(0.083999999999999964,-0.75600000000000001,-0.070199999999999985),(0.079888747368792867,-0.73004257247250448,-0.070199999999999985),(0.067957427527495562,-0.70662603880743224,-0.070199999999999985),(0.04937396119256772,-0.68804257247250444,-0.070199999999999985),(0.025957427527495573,-0.67611125263120719,-0.070199999999999985),(5.1435165564188813E-18,-0.67200000000000004,-0.070199999999999985),(-0.025957427527495566,-0.67611125263120719,-0.070199999999999985),(-0.049373961192567713,-0.68804257247250444,-0.070199999999999985),(-0.067957427527495548,-0.70662603880743224,-0.070199999999999985),(-0.079888747368792867,-0.73004257247250437,-0.070199999999999985),(-0.083999999999999964,-0.75600000000000001,-0.070199999999999985),(-0.079888747368792881,-0.78195742752749553,-0.070199999999999985),(-0.067957427527495562,-0.80537396119256777,-0.070199999999999985),(-0.049373961192567734,-0.82395742752749557,-0.070199999999999985),(-0.025957427527495584,-0.83588874736879282,-0.070199999999999985),(-1.5430549669256644E-17,-0.83999999999999997,-0.070199999999999985),(0.025957427527495556,-0.83588874736879282,-0.070199999999999985),(0.049373961192567706,-0.82395742752749557,-0.070199999999999985),(0.067957427527495548,-0.80537396119256777,-0.070199999999999985),(0.079888747368792867,-0.78195742752749564,-0.070199999999999985),(0.80999999999999994,0.,-0.2132),(0.80559508646656375,0.027811529493745265,-0.2132),(0.79281152949374523,0.05290067270632258,-0.2132),(0.77290067270632257,0.072811529493745267,-0.2132),(0.7478115294937453,0.085595086466563816,-0.2132),(0.71999999999999997,0.089999999999999997,-0.2132),(0.69218847050625476,0.08559508646656383,-0.2132),(0.66709932729367738,0.072811529493745267,-0.2132),(0.64718847050625472,0.052900672706322593,-0.2132),(0.6344049135334362,0.027811529493745275,-0.2132),(0.63,1.1021821192326179E-17,-0.2132),(0.6344049135334362,-0.02781152949374522,-0.2132),(0.64718847050625472,-0.052900672706322573,-0.2132),(0.66709932729367738,-0.072811529493745253,-0.2132),(0.69218847050625465,-0.085595086466563816,-0.2132),(0.71999999999999997,-0.089999999999999997,-0.2132),(0.74781152949374519,-0.08559508646656383,-0.2132),(0.77290067270632257,-0.072811529493745281,-0.2132),(0.79281152949374523,-0.0529006727063226,-0.2132),(0.80559508646656375,-0.027811529493745286,-0.2132),(0.80999999999999994,0.,0.2132),(0.80559508646656375,0.027811529493745265,0.2132),(0.79281152949374523,0.05290067270632258,0.2132),(0.77290067270632257,0.072811529493745267,0.2132),(0.7478115294937453,0.085595086466563816,0.2132),(0.71999999999999997,0.089999999999999997,0.2132),(0.69218847050625476,0.08559508646656383,0.2132),(0.66709932729367738,0.072811529493745267,0.2132),(0.64718847050625472,0.052900672706322593,0.2132),(0.6344049135334362,0.027811529493745275,0.2132),(0.63,1.1021821192326179E-17,0.2132),(0.6344049135334362,-0.02781152949374522,0.2132),(0.64718847050625472,-0.052900672706322573,0.2132),(0.66709932729367738,-0.072811529493745253,0.2132),(0.69218847050625465,-0.085595086466563816,0.2132),(0.71999999999999997,-0.089999999999999997,0.2132),(0.74781152949374519,-0.08559508646656383,0.2132),(0.77290067270632257,-0.072811529493745281,0.2132),(0.79281152949374523,-0.0529006727063226,0.2132),(0.80559508646656375,-0.027811529493745286,0.2132),(0.083999999999999964,0.75600000000000001,-0.11700000000000001),(0.079888747368792867,0.78195742752749553,-0.11700000000000001),(0.067957427527495562,0.80537396119256777,-0.11700000000000001),(0.04937396119256772,0.82395742752749557,-0.11700000000000001),(0.025957427527495573,0.83588874736879282,-0.11700000000000001),(5.1435165564188813E-18,0.83999999999999997,-0.11700000000000001),(-0.025957427527495566,0.83588874736879282,-0.11700000000000001),(-0.049373961192567713,0.82395742752749557,-0.11700000000000001),(-0.067957427527495548,0.80537396119256777,-0.11700000000000001),(-0.079888747368792867,0.78195742752749564,-0.11700000000000001),(-0.083999999999999964,0.75600000000000001,-0.11700000000000001),(-0.079888747368792881,0.73004257247250448,-0.11700000000000001),(-0.067957427527495562,0.70662603880743224,-0.11700000000000001),(-0.049373961192567734,0.68804257247250444,-0.11700000000000001),(-0.025957427527495584,0.67611125263120719,-0.11700000000000001),(-1.5430549669256644E-17,0.67200000000000004,-0.11700000000000001),(0.025957427527495556,0.67611125263120719,-0.11700000000000001),(0.049373961192567706,0.68804257247250444,-0.11700000000000001),(0.067957427527495548,0.70662603880743224,-0.11700000000000001),(0.079888747368792867,0.73004257247250437,-0.11700000000000001),(0.083999999999999964,0.75600000000000001,-0.070199999999999985),(0.079888747368792867,0.78195742752749553,-0.070199999999999985),(0.067957427527495562,0.80537396119256777,-0.070199999999999985),(0.04937396119256772,0.82395742752749557,-0.070199999999999985),(0.025957427527495573,0.83588874736879282,-0.070199999999999985),(5.1435165564188813E-18,0.83999999999999997,-0.070199999999999985),(-0.025957427527495566,0.83588874736879282,-0.070199999999999985),(-0.049373961192567713,0.82395742752749557,-0.070199999999999985),(-0.067957427527495548,0.80537396119256777,-0.070199999999999985),(-0.079888747368792867,0.78195742752749564,-0.070199999999999985),(-0.083999999999999964,0.75600000000000001,-0.070199999999999985),(-0.079888747368792881,0.73004257247250448,-0.070199999999999985),(-0.067957427527495562,0.70662603880743224,-0.070199999999999985),(-0.049373961192567734,0.68804257247250444,-0.070199999999999985),(-0.025957427527495584,0.67611125263120719,-0.070199999999999985),(-1.5430549669256644E-17,0.67200000000000004,-0.070199999999999985),(0.025957427527495556,0.67611125263120719,-0.070199999999999985),(0.049373961192567706,0.68804257247250444,-0.070199999999999985),(0.067957427527495548,0.70662603880743224,-0.070199999999999985),(0.079888747368792867,0.73004257247250437,-0.070199999999999985)),$);
#550=IFCINDEXEDPOLYGONALFACE((20,19,18,17,16,15,14,13,12,11,10,9,8,7,6,5,4,3,2,1));
#551=IFCINDEXEDPOLYGONALFACE((21,22,23,24,25,26,27,28,29,30,31,32,33,34,35,36,37,38,39,40));
#552=IFCINDEXEDPOLYGONALFACE((1,2,22,21));
#553=IFCINDEXEDPOLYGONALFACE((2,3,23,22));
#554=IFCINDEXEDPOLYGONALFACE((3,4,24,23));
#555=IFCINDEXEDPOLYGONALFACE((4,5,25,24));
#556=IFCINDEXEDPOLYGONALFACE((5,6,26,25));
#557=IFCINDEXEDPOLYGONALFACE((6,7,27,26));
#558=IFCINDEXEDPOLYGONALFACE((7,8,28,27));
#559=IFCINDEXEDPOLYGONALFACE((8,9,29,28));
#560=IFCINDEXEDPOLYGONALFACE((9,10,30,29));
#561=IFCINDEXEDPOLYGONALFACE((10,11,31,30));
#562=IFCINDEXEDPOLYGONALFACE((11,12,32,31));
#563=IFCINDEXEDPOLYGONALFACE((12,13,33,32));
#564=IFCINDEXEDPOLYGONALFACE((13,14,34,33));
#565=IFCINDEXEDPOLYGONALFACE((14,15,35,34));
#566=IFCINDEXEDPOLYGONALFACE((15,16,36,35));
#567=IFCINDEXEDPOLYGONALFACE((16,17,37,36));
#568=IFCINDEXEDPOLYGONALFACE((17,18,38,37));
#569=IFCINDEXEDPOLYGONALFACE((18,19,39,38));
#570=IFCINDEXEDPOLYGONALFACE((19,20,40,39));
#571=IFCINDEXEDPOLYGONALFACE((20,1,21,40));
#572=IFCINDEXEDPOLYGONALFACE((60,59,58,57,56,55,54,53,52,51,50,49,48,47,46,45,44,43,42,41));
#573=IFCINDEXEDPOLYGONALFACE((61,62,63,64,65,66,67,68,69,70,71,72,73,74,75,76,77,78,79,80));
#574=IFCINDEXEDPOLYGONALFACE((41,42,62,61));
#575=IFCINDEXEDPOLYGONALFACE((42,43,63,62));
#576=IFCINDEXEDPOLYGONALFACE((43,44,64,63));
#577=IFCINDEXEDPOLYGONALFACE((44,45,65,64));
#578=IFCINDEXEDPOLYGONALFACE((45,46,66,65));
#579=IFCINDEXEDPOLYGONALFACE((46,47,67,66));
#580=IFCINDEXEDPOLYGONALFACE((47,48,68,67));
#581=IFCINDEXEDPOLYGONALFACE((48,49,69,68));
#582=IFCINDEXEDPOLYGONALFACE((49,50,70,69));
#583=IFCINDEXEDPOLYGONALFACE((50,51,71,70));
#584=IFCINDEXEDPOLYGONALFACE((51,52,72,71));
#585=IFCINDEXEDPOLYGONALFACE((52,53,73,72));
#586=IFCINDEXEDPOLYGONALFACE((53,54,74,73));
#587=IFCINDEXEDPOLYGONALFACE((54,55,75,74));
#588=IFCINDEXEDPOLYGONALFACE((55,56,76,75));
#589=IFCINDEXEDPOLYGONALFACE((56,57,77,76));
#590=IFCINDEXEDPOLYGONALFACE((57,58,78,77));
#591=IFCINDEXEDPOLYGONALFACE((58,59,79,78));
#592=IFCINDEXEDPOLYGONALFACE((59,60,80,79));
#593=IFCINDEXEDPOLYGONALFACE((60,41,61,80));
#594=IFCINDEXEDPOLYGONALFACE((100,99,98,97,96,95,94,93,92,91,90,89,88,87,86,85,84,83,82,81));
#595=IFCINDEXEDPOLYGONALFACE((101,102,103,104,105,106,107,108,109,110,111,112,113,114,115,116,117,118,119,120));
#596=IFCINDEXEDPOLYGONALFACE((81,82,102,101));
#597=IFCINDEXEDPOLYGONALFACE((82,83,103,102));
#598=IFCINDEXEDPOLYGONALFACE((83,84,104,103));
#599=IFCINDEXEDPOLYGONALFACE((84,85,105,104));
#600=IFCINDEXEDPOLYGONALFACE((85,86,106,105));
#601=IFCINDEXEDPOLYGONALFACE((86,87,107,106));
#602=IFCINDEXEDPOLYGONALFACE((87,88,108,107));
#603=IFCINDEXEDPOLYGONALFACE((88,89,109,108));
#604=IFCINDEXEDPOLYGONALFACE((89,90,110,109));
#605=IFCINDEXEDPOLYGONALFACE((90,91,111,110));
#606=IFCINDEXEDPOLYGONALFACE((91,92,112,111));
#607=IFCINDEXEDPOLYGONALFACE((92,93,113,112));
#608=IFCINDEXEDPOLYGONALFACE((93,94,114,113));
#609=IFCINDEXEDPOLYGONALFACE((94,95,115,114));
#610=IFCINDEXEDPOLYGONALFACE((95,96,116,115));
#611=IFCINDEXEDPOLYGONALFACE((96,97,117,116));
#612=IFCINDEXEDPOLYGONALFACE((97,98,118,117));
#613=IFCINDEXEDPOLYGONALFACE((98,99,119,118));
#614=IFCINDEXEDPOLYGONALFACE((99,100,120,119));
#615=IFCINDEXEDPOLYGONALFACE((100,81,101,120));
#616=IFCINDEXEDPOLYGONALFACE((140,139,138,137,136,135,134,133,132,131,130,129,128,127,126,125,124,123,122,121));
#617=IFCINDEXEDPOLYGONALFACE((141,142,143,144,145,146,147,148,149,150,151,152,153,154,155,156,157,158,159,160));
#618=IFCINDEXEDPOLYGONALFACE((121,122,142,141));
#619=IFCINDEXEDPOLYGONALFACE((122,123,143,142));
#620=IFCINDEXEDPOLYGONALFACE((123,124,144,143));
#621=IFCINDEXEDPOLYGONALFACE((124,125,145,144));
#622=IFCINDEXEDPOLYGONALFACE((125,126,146,145));
#623=IFCINDEXEDPOLYGONALFACE((126,127,147,146));
#624=IFCINDEXEDPOLYGONALFACE((127,128,148,147));
#625=IFCINDEXEDPOLYGONALFACE((128,129,149,148));
#626=IFCINDEXEDPOLYGONALFACE((129,130,150,149));
#627=IFCINDEXEDPOLYGONALFACE((130,131,151,150));
#628=IFCINDEXEDPOLYGONALFACE((131,132,152,151));
#629=IFCINDEXEDPOLYGONALFACE((132,133,153,152));
#630=IFCINDEXEDPOLYGONALFACE((133,134,154,153));
#631=IFCINDEXEDPOLYGONALFACE((134,135,155,154));
#632=IFCINDEXEDPOLYGONALFACE((135,136,156,155));
#633=IFCINDEXEDPOLYGONALFACE((136,137,157,156));
#634=IFCINDEXEDPOLYGONALFACE((137,138,158,157));
#635=IFCINDEXEDPOLYGONALFACE((138,139,159,158));
#636=IFCINDEXEDPOLYGONALFACE((139,140,160,159));
#637=IFCINDEXEDPOLYGONALFACE((140,121,141,160));
#638=IFCINDEXEDPOLYGONALFACE((180,179,178,177,176,175,174,173,172,171,170,169,168,167,166,165,164,163,162,161));
#639=IFCINDEXEDPOLYGONALFACE((181,182,183,184,185,186,187,188,189,190,191,192,193,194,195,196,197,198,199,200));
#640=IFCINDEXEDPOLYGONALFACE((161,162,182,181));
#641=IFCINDEXEDPOLYGONALFACE((162,163,183,182));
#642=IFCINDEXEDPOLYGONALFACE((163,164,184,183));
#643=IFCINDEXEDPOLYGONALFACE((164,165,185,184));
#644=IFCINDEXEDPOLYGONALFACE((165,166,186,185));
#645=IFCINDEXEDPOLYGONALFACE((166,167,187,186));
#646=IFCINDEXEDPOLYGONALFACE((167,168,188,187));
#647=IFCINDEXEDPOLYGONALFACE((168,169,189,188));
#648=IFCINDEXEDPOLYGONALFACE((169,170,190,189));
#649=IFCINDEXEDPOLYGONALFACE((170,171,191,190));
#650=IFCINDEXEDPOLYGONALFACE((171,172,192,191));
#651=IFCINDEXEDPOLYGONALFACE((172,173,193,192));
#652=IFCINDEXEDPOLYGONALFACE((173,174,194,193));
#653=IFCINDEXEDPOLYGONALFACE((174,175,195,194));
#654=IFCINDEXEDPOLYGONALFACE((175,176,196,195));
#655=IFCINDEXEDPOLYGONALFACE((176,177,197,196));
#656=IFCINDEXEDPOLYGONALFACE((177,178,198,197));
#657=IFCINDEXEDPOLYGONALFACE((178,179,199,198));
#658=IFCINDEXEDPOLYGONALFACE((179,180,200,199));
#659=IFCINDEXEDPOLYGONALFACE((180,161,181,200));
#660=IFCINDEXEDPOLYGONALFACE((220,219,218,217,216,215,214,213,212,211,210,209,208,207,206,205,204,203,202,201));
#661=IFCINDEXEDPOLYGONALFACE((221,222,223,224,225,226,227,228,229,230,231,232,233,234,235,236,237,238,239,240));
#662=IFCINDEXEDPOLYGONALFACE((201,202,222,221));
#663=IFCINDEXEDPOLYGONALFACE((202,203,223,222));
#664=IFCINDEXEDPOLYGONALFACE((203,204,224,223));
#665=IFCINDEXEDPOLYGONALFACE((204,205,225,224));
#666=IFCINDEXEDPOLYGONALFACE((205,206,226,225));
#667=IFCINDEXEDPOLYGONALFACE((206,207,227,226));
#668=IFCINDEXEDPOLYGONALFACE((207,208,228,227));
#669=IFCINDEXEDPOLYGONALFACE((208,209,229,228));
#670=IFCINDEXEDPOLYGONALFACE((209,210,230,229));
#671=IFCINDEXEDPOLYGONALFACE((210,211,231,230));
#672=IFCINDEXEDPOLYGONALFACE((211,212,232,231));
#673=IFCINDEXEDPOLYGONALFACE((212,213,233,232));
#674=IFCINDEXEDPOLYGONALFACE((213,214,234,233));
#675=IFCINDEXEDPOLYGONALFACE((214,215,235,234));
#676=IFCINDEXEDPOLYGONALFACE((215,216,236,235));
#677=IFCINDEXEDPOLYGONALFACE((216,217,237,236));
#678=IFCINDEXEDPOLYGONALFACE((217,218,238,237));
#679=IFCINDEXEDPOLYGONALFACE((218,219,239,238));
#680=IFCINDEXEDPOLYGONALFACE((219,220,240,239));
#681=IFCINDEXEDPOLYGONALFACE((220,201,221,240));
#682=IFCINDEXEDPOLYGONALFACE((260,259,258,257,256,255,254,253,252,251,250,249,248,247,246,245,244,243,242,241));
#683=IFCINDEXEDPOLYGONALFACE((261,262,263,264,265,266,267,268,269,270,271,272,273,274,275,276,277,278,279,280));
#684=IFCINDEXEDPOLYGONALFACE((241,242,262,261));
#685=IFCINDEXEDPOLYGONALFACE((242,243,263,262));
#686=IFCINDEXEDPOLYGONALFACE((243,244,264,263));
#687=IFCINDEXEDPOLYGONALFACE((244,245,265,264));
#688=IFCINDEXEDPOLYGONALFACE((245,246,266,265));
#689=IFCINDEXEDPOLYGONALFACE((246,247,267,266));
#690=IFCINDEXEDPOLYGONALFACE((247,248,268,267));
#691=IFCINDEXEDPOLYGONALFACE((248,249,269,268));
#692=IFCINDEXEDPOLYGONALFACE((249,250,270,269));
#693=IFCINDEXEDPOLYGONALFACE((250,251,271,270));
#694=IFCINDEXEDPOLYGONALFACE((251,252,272,271));
#695=IFCINDEXEDPOLYGONALFACE((252,253,273,272));
#696=IFCINDEXEDPOLYGONALFACE((253,254,274,273));
#697=IFCINDEXEDPOLYGONALFACE((254,255,275,274));
#698=IFCINDEXEDPOLYGONALFACE((255,256,276,275));
#699=IFCINDEXEDPOLYGONALFACE((256,257,277,276));
#700=IFCINDEXEDPOLYGONALFACE((257,258,278,277));
#701=IFCINDEXEDPOLYGONALFACE((258,259,279,278));
#702=IFCINDEXEDPOLYGONALFACE((259,260,280,279));
#703=IFCINDEXEDPOLYGONALFACE((260,241,261,280));
#704=IFCINDEXEDPOLYGONALFACE((300,299,298,297,296,295,294,293,292,291,290,289,288,287,286,285,284,283,282,281));
#705=IFCINDEXEDPOLYGONALFACE((301,302,303,304,305,306,307,308,309,310,311,312,313,314,315,316,317,318,319,320));
#706=IFCINDEXEDPOLYGONALFACE((281,282,302,301));
#707=IFCINDEXEDPOLYGONALFACE((282,283,303,302));
#708=IFCINDEXEDPOLYGONALFACE((283,284,304,303));
#709=IFCINDEXEDPOLYGONALFACE((284,285,305,304));
#710=IFCINDEXEDPOLYGONALFACE((285,286,306,305));
#711=IFCINDEXEDPOLYGONALFACE((286,287,307,306));
#712=IFCINDEXEDPOLYGONALFACE((287,288,308,307));
#713=IFCINDEXEDPOLYGONALFACE((288,289,309,308));
#714=IFCINDEXEDPOLYGONALFACE((289,290,310,309));
#715=IFCINDEXEDPOLYGONALFACE((290,291,311,310));
#716=IFCINDEXEDPOLYGONALFACE((291,292,312,311));
#717=IFCINDEXEDPOLYGONALFACE((292,293,313,312));
#718=IFCINDEXEDPOLYGONALFACE((293,294,314,313));
#719=IFCINDEXEDPOLYGONALFACE((294,295,315,314));
#720=IFCINDEXEDPOLYGONALFACE((295,296,316,315));
#721=IFCINDEXEDPOLYGONALFACE((296,297,317,316));
#722=IFCINDEXEDPOLYGONALFACE((297,298,318,317));
#723=IFCINDEXEDPOLYGONALFACE((298,299,319,318));
#724=IFCINDEXEDPOLYGONALFACE((299,300,320,319));
#725=IFCINDEXEDPOLYGONALFACE((300,281,301,320));
#726=IFCINDEXEDPOLYGONALFACE((340,339,338,337,336,335,334,333,332,331,330,329,328,327,326,325,324,323,322,321));
#727=IFCINDEXEDPOLYGONALFACE((341,342,343,344,345,346,347,348,349,350,351,352,353,354,355,356,357,358,359,360));
#728=IFCINDEXEDPOLYGONALFACE((321,322,342,341));
#729=IFCINDEXEDPOLYGONALFACE((322,323,343,342));
#730=IFCINDEXEDPOLYGONALFACE((323,324,344,343));
#731=IFCINDEXEDPOLYGONALFACE((324,325,345,344));
#732=IFCINDEXEDPOLYGONALFACE((325,326,346,345));
#733=IFCINDEXEDPOLYGONALFACE((326,327,347,346));
#734=IFCINDEXEDPOLYGONALFACE((327,328,348,347));
#735=IFCINDEXEDPOLYGONALFACE((328,329,349,348));
#736=IFCINDEXEDPOLYGONALFACE((329,330,350,349));
#737=IFCINDEXEDPOLYGONALFACE((330,331,351,350));
#738=IFCINDEXEDPOLYGONALFACE((331,332,352,351));
#739=IFCINDEXEDPOLYGONALFACE((332,333,353,352));
#740=IFCINDEXEDPOLYGONALFACE((333,334,354,353));
#741=IFCINDEXEDPOLYGONALFACE((334,335,355,354));
#742=IFCINDEXEDPOLYGONALFACE((335,336,356,355));
#743=IFCINDEXEDPOLYGONALFACE((336,337,357,356));
#744=IFCINDEXEDPOLYGONALFACE((337,338,358,357));
#745=IFCINDEXEDPOLYGONALFACE((338,339,359,358));
#746=IFCINDEXEDPOLYGONALFACE((339,340,360,359));
#747=IFCINDEXEDPOLYGONALFACE((340,321,341,360));
#748=IFCPOLYGONALFACESET(#549,$,(#550,#551,#552,#553,#554,#555,#556,#557,#558,#559,#560,#561,#562,#563,#564,#565,#566,#567,#568,#569,#570,#571,#572,#573,#574,#575,#576,#577,#578,#579,#580,#581,#582,#583,#584,#585,#586,#587,#588,#589,#590,#591,#592,#593,#594,#595,#596,#597,#598,#599,#600,#601,#602,#603,#604,#605,#606,#607,#608,#609,#610,#611,#612,#613,#614,#615,#616,#617,#618,#619,#620,#621,#622,#623,#624,#625,#626,#627,#628,#629,#630,#631,#632,#633,#634,#635,#636,#637,#638,#639,#640,#641,#642,#643,#644,#645,#646,#647,#648,#649,#650,#651,#652,#653,#654,#655,#656,#657,#658,#659,#660,#661,#662,#663,#664,#665,#666,#667,#668,#669,#670,#671,#672,#673,#674,#675,#676,#677,#678,#679,#680,#681,#682,#683,#684,#685,#686,#687,#688,#689,#690,#691,#692,#693,#694,#695,#696,#697,#698,#699,#700,#701,#702,#703,#704,#705,#706,#707,#708,#709,#710,#711,#712,#713,#714,#715,#716,#717,#718,#719,#720,#721,#722,#723,#724,#725,#726,#727,#728,#729,#730,#731,#732,#733,#734,#735,#736,#737,#738,#739,#740,#741,#742,#743,#744,#745,#746,#747),$);
#749=IFCSHAPEREPRESENTATION(#13,'Body','Tessellation',(#748));
#750=IFCPRODUCTDEFINITIONSHAPE($,$,(#749));
#751=IFCDISCRETEACCESSORY('1bYvdQHLbH0vyUiKe5iB5N',$,'trailer-bogie brake calipers, parking actuators, pads and wheel-slide hardware','A rail brake supplier matches caliper, actuator, disc and pad friction pair to the released stopping, thermal and parking-brake cases.',$,#1110,#831,'LM3-BOG-P049',$);
#752=IFCPROPERTYSINGLEVALUE('OSRId',$,IFCTEXT('LM3-BOG-P049'),$);
#753=IFCPROPERTYSINGLEVALUE('Parent',$,IFCTEXT('LM3-BOG-SA621'),$);
#754=IFCPROPERTYSINGLEVALUE('Route',$,IFCTEXT('BID'),$);
#755=IFCPROPERTYSINGLEVALUE('Maturity',$,IFCTEXT('buildable-after-supplier-freeze'),$);
#756=IFCPROPERTYSINGLEVALUE('QuantityPerTrainset',$,IFCINTEGER(3),$);
#757=IFCPROPERTYSINGLEVALUE('Unit',$,IFCTEXT('bogie set'),$);
#758=IFCPROPERTYSINGLEVALUE('GeometryStatus',$,IFCTEXT('design-reference-not-released'),$);
#759=IFCPROPERTYSINGLEVALUE('GeometryLevel',$,IFCTEXT('coordination-envelope'),$);
#760=IFCPROPERTYSET('0Skp8rEvnJsgZAHrEz4a4J',$,'OSR_ProductDefinition',$,(#752,#753,#754,#755,#756,#757,#758,#759));
#761=IFCRELDEFINESBYPROPERTIES('30sG8ykeTQkPKq651MAGum',$,$,$,(#751),#760);
#762=IFCCARTESIANPOINTLIST3D(((0.10920000000000001,-0.46200000000000002,0.),(0.10385537157943077,-0.46200000000000002,0.03374465578574426),(0.088344655785744269,-0.46200000000000002,0.064186149550338065),(0.064186149550338065,-0.46200000000000002,0.088344655785744269),(0.033744655785744267,-0.46200000000000002,0.10385537157943077),(6.6865715233445485E-18,-0.46200000000000002,0.10920000000000001),(-0.033744655785744253,-0.46200000000000002,0.10385537157943078),(-0.064186149550338051,-0.46200000000000002,0.088344655785744269),(-0.088344655785744255,-0.46200000000000002,0.064186149550338079),(-0.10385537157943077,-0.46200000000000002,0.033744655785744267),(-0.10920000000000001,-0.46200000000000002,1.3373143046689097E-17),(-0.1038553715794308,-0.46200000000000002,-0.033744655785744204),(-0.088344655785744283,-0.46200000000000002,-0.064186149550338051),(-0.064186149550338079,-0.46200000000000002,-0.088344655785744255),(-0.033744655785744274,-0.46200000000000002,-0.10385537157943077),(-2.0059714570033645E-17,-0.46200000000000002,-0.10920000000000001),(0.033744655785744239,-0.46200000000000002,-0.10385537157943078),(0.064186149550338051,-0.46200000000000002,-0.088344655785744283),(0.088344655785744255,-0.46200000000000002,-0.064186149550338092),(0.10385537157943077,-0.46200000000000002,-0.033744655785744281),(0.10920000000000001,0.46200000000000002,0.),(0.10385537157943077,0.46200000000000002,0.03374465578574426),(0.088344655785744269,0.46200000000000002,0.064186149550338065),(0.064186149550338065,0.46200000000000002,0.088344655785744269),(0.033744655785744267,0.46200000000000002,0.10385537157943077),(6.6865715233445485E-18,0.46200000000000002,0.10920000000000001),(-0.033744655785744253,0.46200000000000002,0.10385537157943078),(-0.064186149550338051,0.46200000000000002,0.088344655785744269),(-0.088344655785744255,0.46200000000000002,0.064186149550338079),(-0.10385537157943077,0.46200000000000002,0.033744655785744267),(-0.10920000000000001,0.46200000000000002,1.3373143046689097E-17),(-0.1038553715794308,0.46200000000000002,-0.033744655785744204),(-0.088344655785744283,0.46200000000000002,-0.064186149550338051),(-0.064186149550338079,0.46200000000000002,-0.088344655785744255),(-0.033744655785744274,0.46200000000000002,-0.10385537157943077),(-2.0059714570033645E-17,0.46200000000000002,-0.10920000000000001),(0.033744655785744239,0.46200000000000002,-0.10385537157943078),(0.064186149550338051,0.46200000000000002,-0.088344655785744283),(0.088344655785744255,0.46200000000000002,-0.064186149550338092),(0.10385537157943077,0.46200000000000002,-0.033744655785744281),(0.083199999999999996,-1.1000000000000001,0.),(0.079127902155756769,-1.1000000000000001,0.025710213931995622),(0.067310213931995627,-1.1000000000000001,0.048903732990733764),(0.048903732990733764,-1.1000000000000001,0.067310213931995627),(0.025710213931995626,-1.1000000000000001,0.079127902155756769),(5.094530684452989E-18,-1.1000000000000001,0.083199999999999996),(-0.025710213931995619,-1.1000000000000001,0.079127902155756782),(-0.04890373299073375,-1.1000000000000001,0.067310213931995627),(-0.067310213931995613,-1.1000000000000001,0.048903732990733771),(-0.079127902155756769,-1.1000000000000001,0.025710213931995633),(-0.083199999999999996,-1.1000000000000001,1.0189061368905978E-17),(-0.079127902155756782,-1.1000000000000001,-0.025710213931995581),(-0.067310213931995627,-1.1000000000000001,-0.04890373299073375),(-0.048903732990733771,-1.1000000000000001,-0.067310213931995613),(-0.025710213931995636,-1.1000000000000001,-0.079127902155756769),(-1.5283592053358966E-17,-1.1000000000000001,-0.083199999999999996),(0.025710213931995608,-1.1000000000000001,-0.079127902155756782),(0.048903732990733743,-1.1000000000000001,-0.067310213931995627),(0.067310213931995613,-1.1000000000000001,-0.048903732990733778),(0.079127902155756769,-1.1000000000000001,-0.02571021393199564),(0.083199999999999996,1.1000000000000001,0.),(0.079127902155756769,1.1000000000000001,0.025710213931995622),(0.067310213931995627,1.1000000000000001,0.048903732990733764),(0.048903732990733764,1.1000000000000001,0.067310213931995627),(0.025710213931995626,1.1000000000000001,0.079127902155756769),(5.094530684452989E-18,1.1000000000000001,0.083199999999999996),(-0.025710213931995619,1.1000000000000001,0.079127902155756782),(-0.04890373299073375,1.1000000000000001,0.067310213931995627),(-0.067310213931995613,1.1000000000000001,0.048903732990733771),(-0.079127902155756769,1.1000000000000001,0.025710213931995633),(-0.083199999999999996,1.1000000000000001,1.0189061368905978E-17),(-0.079127902155756782,1.1000000000000001,-0.025710213931995581),(-0.067310213931995627,1.1000000000000001,-0.04890373299073375),(-0.048903732990733771,1.1000000000000001,-0.067310213931995613),(-0.025710213931995636,1.1000000000000001,-0.079127902155756769),(-1.5283592053358966E-17,1.1000000000000001,-0.083199999999999996),(0.025710213931995608,1.1000000000000001,-0.079127902155756782),(0.048903732990733743,1.1000000000000001,-0.067310213931995627),(0.067310213931995613,1.1000000000000001,-0.048903732990733778),(0.079127902155756769,1.1000000000000001,-0.02571021393199564),(0.189,-0.24199999999999999,0.),(0.17974968157978402,-0.24199999999999999,0.058404211936865055),(0.15290421193686507,-0.24199999999999999,0.11109141268327742),(0.11109141268327742,-0.24199999999999999,0.15290421193686507),(0.058404211936865069,-0.24199999999999999,0.17974968157978402),(1.1572912251942488E-17,-0.24199999999999999,0.189),(-0.058404211936865048,-0.24199999999999999,0.17974968157978405),(-0.11109141268327741,-0.24199999999999999,0.15290421193686507),(-0.15290421193686504,-0.24199999999999999,0.11109141268327745),(-0.17974968157978402,-0.24199999999999999,0.058404211936865076),(-0.189,-0.24199999999999999,2.3145824503884977E-17),(-0.17974968157978405,-0.24199999999999999,-0.058404211936864965),(-0.1529042119368651,-0.24199999999999999,-0.11109141268327741),(-0.11109141268327745,-0.24199999999999999,-0.15290421193686504),(-0.05840421193686509,-0.24199999999999999,-0.17974968157978402),(-3.4718736755827461E-17,-0.24199999999999999,-0.189),(0.058404211936865028,-0.24199999999999999,-0.17974968157978405),(0.11109141268327738,-0.24199999999999999,-0.1529042119368651),(0.15290421193686504,-0.24199999999999999,-0.11109141268327746),(0.17974968157978402,-0.24199999999999999,-0.058404211936865097),(0.189,0.24199999999999999,0.),(0.17974968157978402,0.24199999999999999,0.058404211936865055),(0.15290421193686507,0.24199999999999999,0.11109141268327742),(0.11109141268327742,0.24199999999999999,0.15290421193686507),(0.058404211936865069,0.24199999999999999,0.17974968157978402),(1.1572912251942488E-17,0.24199999999999999,0.189),(-0.058404211936865048,0.24199999999999999,0.17974968157978405),(-0.11109141268327741,0.24199999999999999,0.15290421193686507),(-0.15290421193686504,0.24199999999999999,0.11109141268327745),(-0.17974968157978402,0.24199999999999999,0.058404211936865076),(-0.189,0.24199999999999999,2.3145824503884977E-17),(-0.17974968157978405,0.24199999999999999,-0.058404211936864965),(-0.1529042119368651,0.24199999999999999,-0.11109141268327741),(-0.11109141268327745,0.24199999999999999,-0.15290421193686504),(-0.05840421193686509,0.24199999999999999,-0.17974968157978402),(-3.4718736755827461E-17,0.24199999999999999,-0.189),(0.058404211936865028,0.24199999999999999,-0.17974968157978405),(0.11109141268327738,0.24199999999999999,-0.1529042119368651),(0.15290421193686504,0.24199999999999999,-0.11109141268327746),(0.17974968157978402,0.24199999999999999,-0.058404211936865097)),$);
#763=IFCINDEXEDPOLYGONALFACE((20,19,18,17,16,15,14,13,12,11,10,9,8,7,6,5,4,3,2,1));
#764=IFCINDEXEDPOLYGONALFACE((21,22,23,24,25,26,27,28,29,30,31,32,33,34,35,36,37,38,39,40));
#765=IFCINDEXEDPOLYGONALFACE((1,2,22,21));
#766=IFCINDEXEDPOLYGONALFACE((2,3,23,22));
#767=IFCINDEXEDPOLYGONALFACE((3,4,24,23));
#768=IFCINDEXEDPOLYGONALFACE((4,5,25,24));
#769=IFCINDEXEDPOLYGONALFACE((5,6,26,25));
#770=IFCINDEXEDPOLYGONALFACE((6,7,27,26));
#771=IFCINDEXEDPOLYGONALFACE((7,8,28,27));
#772=IFCINDEXEDPOLYGONALFACE((8,9,29,28));
#773=IFCINDEXEDPOLYGONALFACE((9,10,30,29));
#774=IFCINDEXEDPOLYGONALFACE((10,11,31,30));
#775=IFCINDEXEDPOLYGONALFACE((11,12,32,31));
#776=IFCINDEXEDPOLYGONALFACE((12,13,33,32));
#777=IFCINDEXEDPOLYGONALFACE((13,14,34,33));
#778=IFCINDEXEDPOLYGONALFACE((14,15,35,34));
#779=IFCINDEXEDPOLYGONALFACE((15,16,36,35));
#780=IFCINDEXEDPOLYGONALFACE((16,17,37,36));
#781=IFCINDEXEDPOLYGONALFACE((17,18,38,37));
#782=IFCINDEXEDPOLYGONALFACE((18,19,39,38));
#783=IFCINDEXEDPOLYGONALFACE((19,20,40,39));
#784=IFCINDEXEDPOLYGONALFACE((20,1,21,40));
#785=IFCINDEXEDPOLYGONALFACE((60,59,58,57,56,55,54,53,52,51,50,49,48,47,46,45,44,43,42,41));
#786=IFCINDEXEDPOLYGONALFACE((61,62,63,64,65,66,67,68,69,70,71,72,73,74,75,76,77,78,79,80));
#787=IFCINDEXEDPOLYGONALFACE((41,42,62,61));
#788=IFCINDEXEDPOLYGONALFACE((42,43,63,62));
#789=IFCINDEXEDPOLYGONALFACE((43,44,64,63));
#790=IFCINDEXEDPOLYGONALFACE((44,45,65,64));
#791=IFCINDEXEDPOLYGONALFACE((45,46,66,65));
#792=IFCINDEXEDPOLYGONALFACE((46,47,67,66));
#793=IFCINDEXEDPOLYGONALFACE((47,48,68,67));
#794=IFCINDEXEDPOLYGONALFACE((48,49,69,68));
#795=IFCINDEXEDPOLYGONALFACE((49,50,70,69));
#796=IFCINDEXEDPOLYGONALFACE((50,51,71,70));
#797=IFCINDEXEDPOLYGONALFACE((51,52,72,71));
#798=IFCINDEXEDPOLYGONALFACE((52,53,73,72));
#799=IFCINDEXEDPOLYGONALFACE((53,54,74,73));
#800=IFCINDEXEDPOLYGONALFACE((54,55,75,74));
#801=IFCINDEXEDPOLYGONALFACE((55,56,76,75));
#802=IFCINDEXEDPOLYGONALFACE((56,57,77,76));
#803=IFCINDEXEDPOLYGONALFACE((57,58,78,77));
#804=IFCINDEXEDPOLYGONALFACE((58,59,79,78));
#805=IFCINDEXEDPOLYGONALFACE((59,60,80,79));
#806=IFCINDEXEDPOLYGONALFACE((60,41,61,80));
#807=IFCINDEXEDPOLYGONALFACE((100,99,98,97,96,95,94,93,92,91,90,89,88,87,86,85,84,83,82,81));
#808=IFCINDEXEDPOLYGONALFACE((101,102,103,104,105,106,107,108,109,110,111,112,113,114,115,116,117,118,119,120));
#809=IFCINDEXEDPOLYGONALFACE((81,82,102,101));
#810=IFCINDEXEDPOLYGONALFACE((82,83,103,102));
#811=IFCINDEXEDPOLYGONALFACE((83,84,104,103));
#812=IFCINDEXEDPOLYGONALFACE((84,85,105,104));
#813=IFCINDEXEDPOLYGONALFACE((85,86,106,105));
#814=IFCINDEXEDPOLYGONALFACE((86,87,107,106));
#815=IFCINDEXEDPOLYGONALFACE((87,88,108,107));
#816=IFCINDEXEDPOLYGONALFACE((88,89,109,108));
#817=IFCINDEXEDPOLYGONALFACE((89,90,110,109));
#818=IFCINDEXEDPOLYGONALFACE((90,91,111,110));
#819=IFCINDEXEDPOLYGONALFACE((91,92,112,111));
#820=IFCINDEXEDPOLYGONALFACE((92,93,113,112));
#821=IFCINDEXEDPOLYGONALFACE((93,94,114,113));
#822=IFCINDEXEDPOLYGONALFACE((94,95,115,114));
#823=IFCINDEXEDPOLYGONALFACE((95,96,116,115));
#824=IFCINDEXEDPOLYGONALFACE((96,97,117,116));
#825=IFCINDEXEDPOLYGONALFACE((97,98,118,117));
#826=IFCINDEXEDPOLYGONALFACE((98,99,119,118));
#827=IFCINDEXEDPOLYGONALFACE((99,100,120,119));
#828=IFCINDEXEDPOLYGONALFACE((100,81,101,120));
#829=IFCPOLYGONALFACESET(#762,$,(#763,#764,#765,#766,#767,#768,#769,#770,#771,#772,#773,#774,#775,#776,#777,#778,#779,#780,#781,#782,#783,#784,#785,#786,#787,#788,#789,#790,#791,#792,#793,#794,#795,#796,#797,#798,#799,#800,#801,#802,#803,#804,#805,#806,#807,#808,#809,#810,#811,#812,#813,#814,#815,#816,#817,#818,#819,#820,#821,#822,#823,#824,#825,#826,#827,#828),$);
#830=IFCSHAPEREPRESENTATION(#13,'Body','Tessellation',(#829));
#831=IFCPRODUCTDEFINITIONSHAPE($,$,(#830));
#832=IFCBUILDINGELEMENTPROXY('1WT9k3dLTQ585TR9xYgykH',$,'trailer-bogie to carbody connection: air springs, emergency spring, centre pivot, yaw links and dampers','The trailer body-to-bogie load path shares the powered-bogie interfaces where released loads and kinematics permit.',$,#1113,#1044,'LM3-BOG-P047',$);
#833=IFCPROPERTYSINGLEVALUE('OSRId',$,IFCTEXT('LM3-BOG-P047'),$);
#834=IFCPROPERTYSINGLEVALUE('Parent',$,IFCTEXT('LM3-BOG-SA620'),$);
#835=IFCPROPERTYSINGLEVALUE('Route',$,IFCTEXT('BID'),$);
#836=IFCPROPERTYSINGLEVALUE('Maturity',$,IFCTEXT('buildable-after-supplier-freeze'),$);
#837=IFCPROPERTYSINGLEVALUE('QuantityPerTrainset',$,IFCINTEGER(3),$);
#838=IFCPROPERTYSINGLEVALUE('Unit',$,IFCTEXT('bogie set'),$);
#839=IFCPROPERTYSINGLEVALUE('GeometryStatus',$,IFCTEXT('design-reference-not-released'),$);
#840=IFCPROPERTYSINGLEVALUE('GeometryLevel',$,IFCTEXT('coordination-envelope'),$);
#841=IFCPROPERTYSET('22l_SV6D9HqwZhDX$28UZ$',$,'OSR_ProductDefinition',$,(#833,#834,#835,#836,#837,#838,#839,#840));
#842=IFCRELDEFINESBYPROPERTIES('3G9n09gxrPKReeEJjivXB3',$,$,$,(#832),#841);
#843=IFCCARTESIANPOINTLIST3D(((-0.38,-0.79200000000000004,-0.32500000000000001),(-0.39115911428470501,-0.72154412528251199,-0.32500000000000001),(-0.42354412528251195,-0.65798496247731619,-0.32500000000000001),(-0.47398496247731614,-0.607544125282512,-0.32500000000000001),(-0.53754412528251194,-0.57515911428470501,-0.32500000000000001),(-0.60799999999999998,-0.56400000000000006,-0.32500000000000001),(-0.67845587471748803,-0.57515911428470501,-0.32500000000000001),(-0.74201503752268383,-0.607544125282512,-0.32500000000000001),(-0.79245587471748791,-0.65798496247731619,-0.32500000000000001),(-0.8248408857152949,-0.72154412528251199,-0.32500000000000001),(-0.83599999999999997,-0.79200000000000004,-0.32500000000000001),(-0.82484088571529501,-0.86245587471748797,-0.32500000000000001),(-0.79245587471748802,-0.92601503752268388,-0.32500000000000001),(-0.74201503752268394,-0.97645587471748807,-0.32500000000000001),(-0.67845587471748803,-1.0088408857152951,-0.32500000000000001),(-0.60799999999999998,-1.02,-0.32500000000000001),(-0.53754412528251205,-1.0088408857152951,-0.32500000000000001),(-0.47398496247731614,-0.97645587471748807,-0.32500000000000001),(-0.42354412528251201,-0.92601503752268399,-0.32500000000000001),(-0.39115911428470501,-0.86245587471748808,-0.32500000000000001),(-0.38,-0.79200000000000004,0.32500000000000001),(-0.39115911428470501,-0.72154412528251199,0.32500000000000001),(-0.42354412528251195,-0.65798496247731619,0.32500000000000001),(-0.47398496247731614,-0.607544125282512,0.32500000000000001),(-0.53754412528251194,-0.57515911428470501,0.32500000000000001),(-0.60799999999999998,-0.56400000000000006,0.32500000000000001),(-0.67845587471748803,-0.57515911428470501,0.32500000000000001),(-0.74201503752268383,-0.607544125282512,0.32500000000000001),(-0.79245587471748791,-0.65798496247731619,0.32500000000000001),(-0.8248408857152949,-0.72154412528251199,0.32500000000000001),(-0.83599999999999997,-0.79200000000000004,0.32500000000000001),(-0.82484088571529501,-0.86245587471748797,0.32500000000000001),(-0.79245587471748802,-0.92601503752268388,0.32500000000000001),(-0.74201503752268394,-0.97645587471748807,0.32500000000000001),(-0.67845587471748803,-1.0088408857152951,0.32500000000000001),(-0.60799999999999998,-1.02,0.32500000000000001),(-0.53754412528251205,-1.0088408857152951,0.32500000000000001),(-0.47398496247731614,-0.97645587471748807,0.32500000000000001),(-0.42354412528251201,-0.92601503752268399,0.32500000000000001),(-0.39115911428470501,-0.86245587471748808,0.32500000000000001),(-0.38,0.79200000000000004,-0.32500000000000001),(-0.39115911428470501,0.86245587471748808,-0.32500000000000001),(-0.42354412528251195,0.92601503752268388,-0.32500000000000001),(-0.47398496247731614,0.97645587471748807,-0.32500000000000001),(-0.53754412528251194,1.0088408857152951,-0.32500000000000001),(-0.60799999999999998,1.02,-0.32500000000000001),(-0.67845587471748803,1.0088408857152951,-0.32500000000000001),(-0.74201503752268383,0.97645587471748807,-0.32500000000000001),(-0.79245587471748791,0.92601503752268388,-0.32500000000000001),(-0.8248408857152949,0.86245587471748808,-0.32500000000000001),(-0.83599999999999997,0.79200000000000004,-0.32500000000000001),(-0.82484088571529501,0.72154412528251211,-0.32500000000000001),(-0.79245587471748802,0.65798496247731619,-0.32500000000000001),(-0.74201503752268394,0.607544125282512,-0.32500000000000001),(-0.67845587471748803,0.57515911428470501,-0.32500000000000001),(-0.60799999999999998,0.56400000000000006,-0.32500000000000001),(-0.53754412528251205,0.57515911428470501,-0.32500000000000001),(-0.47398496247731614,0.607544125282512,-0.32500000000000001),(-0.42354412528251201,0.65798496247731608,-0.32500000000000001),(-0.39115911428470501,0.72154412528251199,-0.32500000000000001),(-0.38,0.79200000000000004,0.32500000000000001),(-0.39115911428470501,0.86245587471748808,0.32500000000000001),(-0.42354412528251195,0.92601503752268388,0.32500000000000001),(-0.47398496247731614,0.97645587471748807,0.32500000000000001),(-0.53754412528251194,1.0088408857152951,0.32500000000000001),(-0.60799999999999998,1.02,0.32500000000000001),(-0.67845587471748803,1.0088408857152951,0.32500000000000001),(-0.74201503752268383,0.97645587471748807,0.32500000000000001),(-0.79245587471748791,0.92601503752268388,0.32500000000000001),(-0.8248408857152949,0.86245587471748808,0.32500000000000001),(-0.83599999999999997,0.79200000000000004,0.32500000000000001),(-0.82484088571529501,0.72154412528251211,0.32500000000000001),(-0.79245587471748802,0.65798496247731619,0.32500000000000001),(-0.74201503752268394,0.607544125282512,0.32500000000000001),(-0.67845587471748803,0.57515911428470501,0.32500000000000001),(-0.60799999999999998,0.56400000000000006,0.32500000000000001),(-0.53754412528251205,0.57515911428470501,0.32500000000000001),(-0.47398496247731614,0.607544125282512,0.32500000000000001),(-0.42354412528251201,0.65798496247731608,0.32500000000000001),(-0.39115911428470501,0.72154412528251199,0.32500000000000001),(0.83599999999999997,-0.79200000000000004,-0.32500000000000001),(0.8248408857152949,-0.72154412528251199,-0.32500000000000001),(0.79245587471748802,-0.65798496247731619,-0.32500000000000001),(0.74201503752268383,-0.607544125282512,-0.32500000000000001),(0.67845587471748803,-0.57515911428470501,-0.32500000000000001),(0.60799999999999998,-0.56400000000000006,-0.32500000000000001),(0.53754412528251194,-0.57515911428470501,-0.32500000000000001),(0.47398496247731614,-0.607544125282512,-0.32500000000000001),(0.42354412528251201,-0.65798496247731619,-0.32500000000000001),(0.39115911428470501,-0.72154412528251199,-0.32500000000000001),(0.38,-0.79200000000000004,-0.32500000000000001),(0.39115911428470496,-0.86245587471748797,-0.32500000000000001),(0.42354412528251195,-0.92601503752268388,-0.32500000000000001),(0.47398496247731609,-0.97645587471748807,-0.32500000000000001),(0.53754412528251194,-1.0088408857152951,-0.32500000000000001),(0.60799999999999998,-1.02,-0.32500000000000001),(0.67845587471748792,-1.0088408857152951,-0.32500000000000001),(0.74201503752268383,-0.97645587471748807,-0.32500000000000001),(0.79245587471748791,-0.92601503752268399,-0.32500000000000001),(0.8248408857152949,-0.86245587471748808,-0.32500000000000001),(0.83599999999999997,-0.79200000000000004,0.32500000000000001),(0.8248408857152949,-0.72154412528251199,0.32500000000000001),(0.79245587471748802,-0.65798496247731619,0.32500000000000001),(0.74201503752268383,-0.607544125282512,0.32500000000000001),(0.67845587471748803,-0.57515911428470501,0.32500000000000001),(0.60799999999999998,-0.56400000000000006,0.32500000000000001),(0.53754412528251194,-0.57515911428470501,0.32500000000000001),(0.47398496247731614,-0.607544125282512,0.32500000000000001),(0.42354412528251201,-0.65798496247731619,0.32500000000000001),(0.39115911428470501,-0.72154412528251199,0.32500000000000001),(0.38,-0.79200000000000004,0.32500000000000001),(0.39115911428470496,-0.86245587471748797,0.32500000000000001),(0.42354412528251195,-0.92601503752268388,0.32500000000000001),(0.47398496247731609,-0.97645587471748807,0.32500000000000001),(0.53754412528251194,-1.0088408857152951,0.32500000000000001),(0.60799999999999998,-1.02,0.32500000000000001),(0.67845587471748792,-1.0088408857152951,0.32500000000000001),(0.74201503752268383,-0.97645587471748807,0.32500000000000001),(0.79245587471748791,-0.92601503752268399,0.32500000000000001),(0.8248408857152949,-0.86245587471748808,0.32500000000000001),(0.83599999999999997,0.79200000000000004,-0.32500000000000001),(0.8248408857152949,0.86245587471748808,-0.32500000000000001),(0.79245587471748802,0.92601503752268388,-0.32500000000000001),(0.74201503752268383,0.97645587471748807,-0.32500000000000001),(0.67845587471748803,1.0088408857152951,-0.32500000000000001),(0.60799999999999998,1.02,-0.32500000000000001),(0.53754412528251194,1.0088408857152951,-0.32500000000000001),(0.47398496247731614,0.97645587471748807,-0.32500000000000001),(0.42354412528251201,0.92601503752268388,-0.32500000000000001),(0.39115911428470501,0.86245587471748808,-0.32500000000000001),(0.38,0.79200000000000004,-0.32500000000000001),(0.39115911428470496,0.72154412528251211,-0.32500000000000001),(0.42354412528251195,0.65798496247731619,-0.32500000000000001),(0.47398496247731609,0.607544125282512,-0.32500000000000001),(0.53754412528251194,0.57515911428470501,-0.32500000000000001),(0.60799999999999998,0.56400000000000006,-0.32500000000000001),(0.67845587471748792,0.57515911428470501,-0.32500000000000001),(0.74201503752268383,0.607544125282512,-0.32500000000000001),(0.79245587471748791,0.65798496247731608,-0.32500000000000001),(0.8248408857152949,0.72154412528251199,-0.32500000000000001),(0.83599999999999997,0.79200000000000004,0.32500000000000001),(0.8248408857152949,0.86245587471748808,0.32500000000000001),(0.79245587471748802,0.92601503752268388,0.32500000000000001),(0.74201503752268383,0.97645587471748807,0.32500000000000001),(0.67845587471748803,1.0088408857152951,0.32500000000000001),(0.60799999999999998,1.02,0.32500000000000001),(0.53754412528251194,1.0088408857152951,0.32500000000000001),(0.47398496247731614,0.97645587471748807,0.32500000000000001),(0.42354412528251201,0.92601503752268388,0.32500000000000001),(0.39115911428470501,0.86245587471748808,0.32500000000000001),(0.38,0.79200000000000004,0.32500000000000001),(0.39115911428470496,0.72154412528251211,0.32500000000000001),(0.42354412528251195,0.65798496247731619,0.32500000000000001),(0.47398496247731609,0.607544125282512,0.32500000000000001),(0.53754412528251194,0.57515911428470501,0.32500000000000001),(0.60799999999999998,0.56400000000000006,0.32500000000000001),(0.67845587471748792,0.57515911428470501,0.32500000000000001),(0.74201503752268383,0.607544125282512,0.32500000000000001),(0.79245587471748791,0.65798496247731608,0.32500000000000001),(0.8248408857152949,0.72154412528251199,0.32500000000000001),(0.38500000000000001,0.,-0.058500000000000003),(0.36615675877363413,0.11897154283435475,-0.058500000000000003),(0.3114715428343548,0.22629732213260217,-0.058500000000000003),(0.22629732213260217,0.3114715428343548,-0.058500000000000003),(0.11897154283435477,0.36615675877363413,-0.058500000000000003),(2.3574450883586549E-17,0.38500000000000001,-0.058500000000000003),(-0.11897154283435472,0.36615675877363418,-0.058500000000000003),(-0.22629732213260212,0.3114715428343548,-0.058500000000000003),(-0.31147154283435474,0.2262973221326022,-0.058500000000000003),(-0.36615675877363413,0.11897154283435479,-0.058500000000000003),(-0.38500000000000001,4.7148901767173099E-17,-0.058500000000000003),(-0.36615675877363418,-0.11897154283435456,-0.058500000000000003),(-0.3114715428343548,-0.22629732213260212,-0.058500000000000003),(-0.2262973221326022,-0.31147154283435474,-0.058500000000000003),(-0.11897154283435482,-0.36615675877363413,-0.058500000000000003),(-7.0723352650759645E-17,-0.38500000000000001,-0.058500000000000003),(0.11897154283435468,-0.36615675877363418,-0.058500000000000003),(0.22629732213260209,-0.3114715428343548,-0.058500000000000003),(0.31147154283435474,-0.22629732213260226,-0.058500000000000003),(0.36615675877363413,-0.11897154283435483,-0.058500000000000003),(0.38500000000000001,0.,0.058500000000000003),(0.36615675877363413,0.11897154283435475,0.058500000000000003),(0.3114715428343548,0.22629732213260217,0.058500000000000003),(0.22629732213260217,0.3114715428343548,0.058500000000000003),(0.11897154283435477,0.36615675877363413,0.058500000000000003),(2.3574450883586549E-17,0.38500000000000001,0.058500000000000003),(-0.11897154283435472,0.36615675877363418,0.058500000000000003),(-0.22629732213260212,0.3114715428343548,0.058500000000000003),(-0.31147154283435474,0.2262973221326022,0.058500000000000003),(-0.36615675877363413,0.11897154283435479,0.058500000000000003),(-0.38500000000000001,4.7148901767173099E-17,0.058500000000000003),(-0.36615675877363418,-0.11897154283435456,0.058500000000000003),(-0.3114715428343548,-0.22629732213260212,0.058500000000000003),(-0.2262973221326022,-0.31147154283435474,0.058500000000000003),(-0.11897154283435482,-0.36615675877363413,0.058500000000000003),(-7.0723352650759645E-17,-0.38500000000000001,0.058500000000000003),(0.11897154283435468,-0.36615675877363418,0.058500000000000003),(0.22629732213260209,-0.3114715428343548,0.058500000000000003),(0.31147154283435474,-0.22629732213260226,0.058500000000000003),(0.36615675877363413,-0.11897154283435483,0.058500000000000003),(-0.66500000000000004,0.,-0.26650000000000001),(-0.6696496309519604,0.029356614465619994,-0.26650000000000001),(-0.68314338553438003,0.055839598967784933,-0.26650000000000001),(-0.70416040103221511,0.076856614465619991,-0.26650000000000001),(-0.73064338553438002,0.090350369048039558,-0.26650000000000001),(-0.76000000000000001,0.094999999999999973,-0.26650000000000001),(-0.78935661446562,0.090350369048039572,-0.26650000000000001),(-0.81583959896778491,0.076856614465619991,-0.26650000000000001),(-0.83685661446561999,0.05583959896778494,-0.26650000000000001),(-0.85035036904803962,0.029356614465620004,-0.26650000000000001),(-0.85499999999999998,1.1634144591899853E-17,-0.26650000000000001),(-0.85035036904803962,-0.029356614465619948,-0.26650000000000001),(-0.83685661446561999,-0.055839598967784919,-0.26650000000000001),(-0.81583959896778491,-0.076856614465619977,-0.26650000000000001),(-0.78935661446562,-0.090350369048039558,-0.26650000000000001),(-0.76000000000000001,-0.094999999999999973,-0.26650000000000001),(-0.73064338553438002,-0.090350369048039572,-0.26650000000000001),(-0.70416040103221511,-0.076856614465619991,-0.26650000000000001),(-0.68314338553438003,-0.055839598967784954,-0.26650000000000001),(-0.6696496309519604,-0.029356614465620014,-0.26650000000000001),(-0.66500000000000004,0.,0.26650000000000001),(-0.6696496309519604,0.029356614465619994,0.26650000000000001),(-0.68314338553438003,0.055839598967784933,0.26650000000000001),(-0.70416040103221511,0.076856614465619991,0.26650000000000001),(-0.73064338553438002,0.090350369048039558,0.26650000000000001),(-0.76000000000000001,0.094999999999999973,0.26650000000000001),(-0.78935661446562,0.090350369048039572,0.26650000000000001),(-0.81583959896778491,0.076856614465619991,0.26650000000000001),(-0.83685661446561999,0.05583959896778494,0.26650000000000001),(-0.85035036904803962,0.029356614465620004,0.26650000000000001),(-0.85499999999999998,1.1634144591899853E-17,0.26650000000000001),(-0.85035036904803962,-0.029356614465619948,0.26650000000000001),(-0.83685661446561999,-0.055839598967784919,0.26650000000000001),(-0.81583959896778491,-0.076856614465619977,0.26650000000000001),(-0.78935661446562,-0.090350369048039558,0.26650000000000001),(-0.76000000000000001,-0.094999999999999973,0.26650000000000001),(-0.73064338553438002,-0.090350369048039572,0.26650000000000001),(-0.70416040103221511,-0.076856614465619991,0.26650000000000001),(-0.68314338553438003,-0.055839598967784954,0.26650000000000001),(-0.6696496309519604,-0.029356614465620014,0.26650000000000001),(0.088000000000000023,-0.79200000000000004,-0.14624999999999999),(0.083692973433973528,-0.76480650449500465,-0.14624999999999999),(0.071193495504995388,-0.74027489779826239,-0.14624999999999999),(0.051725102201737649,-0.72080650449500461,-0.14624999999999999),(0.027193495504995384,-0.70830702656602651,-0.14624999999999999),(5.3884459162483553E-18,-0.70399999999999996,-0.14624999999999999),(-0.027193495504995373,-0.70830702656602651,-0.14624999999999999),(-0.051725102201737642,-0.72080650449500461,-0.14624999999999999),(-0.071193495504995388,-0.74027489779826239,-0.14624999999999999),(-0.083692973433973528,-0.76480650449500465,-0.14624999999999999),(-0.088000000000000023,-0.79200000000000004,-0.14624999999999999),(-0.083692973433973555,-0.81919349550499532,-0.14624999999999999),(-0.071193495504995402,-0.84372510220173769,-0.14624999999999999),(-0.051725102201737656,-0.86319349550499547,-0.14624999999999999),(-0.027193495504995391,-0.87569297343397356,-0.14624999999999999),(-1.6165337748745067E-17,-0.88000000000000012,-0.14624999999999999),(0.027193495504995363,-0.87569297343397356,-0.14624999999999999),(0.051725102201737629,-0.86319349550499547,-0.14624999999999999),(0.071193495504995388,-0.84372510220173769,-0.14624999999999999),(0.083692973433973528,-0.81919349550499543,-0.14624999999999999),(0.088000000000000023,-0.79200000000000004,-0.087749999999999995),(0.083692973433973528,-0.76480650449500465,-0.087749999999999995),(0.071193495504995388,-0.74027489779826239,-0.087749999999999995),(0.051725102201737649,-0.72080650449500461,-0.087749999999999995),(0.027193495504995384,-0.70830702656602651,-0.087749999999999995),(5.3884459162483553E-18,-0.70399999999999996,-0.087749999999999995),(-0.027193495504995373,-0.70830702656602651,-0.087749999999999995),(-0.051725102201737642,-0.72080650449500461,-0.087749999999999995),(-0.071193495504995388,-0.74027489779826239,-0.087749999999999995),(-0.083692973433973528,-0.76480650449500465,-0.087749999999999995),(-0.088000000000000023,-0.79200000000000004,-0.087749999999999995),(-0.083692973433973555,-0.81919349550499532,-0.087749999999999995),(-0.071193495504995402,-0.84372510220173769,-0.087749999999999995),(-0.051725102201737656,-0.86319349550499547,-0.087749999999999995),(-0.027193495504995391,-0.87569297343397356,-0.087749999999999995),(-1.6165337748745067E-17,-0.88000000000000012,-0.087749999999999995),(0.027193495504995363,-0.87569297343397356,-0.087749999999999995),(0.051725102201737629,-0.86319349550499547,-0.087749999999999995),(0.071193495504995388,-0.84372510220173769,-0.087749999999999995),(0.083692973433973528,-0.81919349550499543,-0.087749999999999995),(0.85499999999999998,0.,-0.26650000000000001),(0.85035036904803962,0.029356614465619994,-0.26650000000000001),(0.83685661446561999,0.055839598967784933,-0.26650000000000001),(0.81583959896778491,0.076856614465619991,-0.26650000000000001),(0.78935661446562,0.090350369048039558,-0.26650000000000001),(0.76000000000000001,0.094999999999999973,-0.26650000000000001),(0.73064338553438002,0.090350369048039572,-0.26650000000000001),(0.70416040103221511,0.076856614465619991,-0.26650000000000001),(0.68314338553438003,0.05583959896778494,-0.26650000000000001),(0.6696496309519604,0.029356614465620004,-0.26650000000000001),(0.66500000000000004,1.1634144591899853E-17,-0.26650000000000001),(0.6696496309519604,-0.029356614465619948,-0.26650000000000001),(0.68314338553438003,-0.055839598967784919,-0.26650000000000001),(0.70416040103221511,-0.076856614465619977,-0.26650000000000001),(0.73064338553438002,-0.090350369048039558,-0.26650000000000001),(0.76000000000000001,-0.094999999999999973,-0.26650000000000001),(0.78935661446562,-0.090350369048039572,-0.26650000000000001),(0.81583959896778491,-0.076856614465619991,-0.26650000000000001),(0.83685661446561999,-0.055839598967784954,-0.26650000000000001),(0.85035036904803962,-0.029356614465620014,-0.26650000000000001),(0.85499999999999998,0.,0.26650000000000001),(0.85035036904803962,0.029356614465619994,0.26650000000000001),(0.83685661446561999,0.055839598967784933,0.26650000000000001),(0.81583959896778491,0.076856614465619991,0.26650000000000001),(0.78935661446562,0.090350369048039558,0.26650000000000001),(0.76000000000000001,0.094999999999999973,0.26650000000000001),(0.73064338553438002,0.090350369048039572,0.26650000000000001),(0.70416040103221511,0.076856614465619991,0.26650000000000001),(0.68314338553438003,0.05583959896778494,0.26650000000000001),(0.6696496309519604,0.029356614465620004,0.26650000000000001),(0.66500000000000004,1.1634144591899853E-17,0.26650000000000001),(0.6696496309519604,-0.029356614465619948,0.26650000000000001),(0.68314338553438003,-0.055839598967784919,0.26650000000000001),(0.70416040103221511,-0.076856614465619977,0.26650000000000001),(0.73064338553438002,-0.090350369048039558,0.26650000000000001),(0.76000000000000001,-0.094999999999999973,0.26650000000000001),(0.78935661446562,-0.090350369048039572,0.26650000000000001),(0.81583959896778491,-0.076856614465619991,0.26650000000000001),(0.83685661446561999,-0.055839598967784954,0.26650000000000001),(0.85035036904803962,-0.029356614465620014,0.26650000000000001),(0.088000000000000023,0.79200000000000004,-0.14624999999999999),(0.083692973433973528,0.81919349550499543,-0.14624999999999999),(0.071193495504995388,0.84372510220173769,-0.14624999999999999),(0.051725102201737649,0.86319349550499547,-0.14624999999999999),(0.027193495504995384,0.87569297343397356,-0.14624999999999999),(5.3884459162483553E-18,0.88000000000000012,-0.14624999999999999),(-0.027193495504995373,0.87569297343397356,-0.14624999999999999),(-0.051725102201737642,0.86319349550499547,-0.14624999999999999),(-0.071193495504995388,0.84372510220173769,-0.14624999999999999),(-0.083692973433973528,0.81919349550499543,-0.14624999999999999),(-0.088000000000000023,0.79200000000000004,-0.14624999999999999),(-0.083692973433973555,0.76480650449500476,-0.14624999999999999),(-0.071193495504995402,0.74027489779826239,-0.14624999999999999),(-0.051725102201737656,0.72080650449500461,-0.14624999999999999),(-0.027193495504995391,0.70830702656602651,-0.14624999999999999),(-1.6165337748745067E-17,0.70399999999999996,-0.14624999999999999),(0.027193495504995363,0.70830702656602651,-0.14624999999999999),(0.051725102201737629,0.72080650449500461,-0.14624999999999999),(0.071193495504995388,0.74027489779826239,-0.14624999999999999),(0.083692973433973528,0.76480650449500465,-0.14624999999999999),(0.088000000000000023,0.79200000000000004,-0.087749999999999995),(0.083692973433973528,0.81919349550499543,-0.087749999999999995),(0.071193495504995388,0.84372510220173769,-0.087749999999999995),(0.051725102201737649,0.86319349550499547,-0.087749999999999995),(0.027193495504995384,0.87569297343397356,-0.087749999999999995),(5.3884459162483553E-18,0.88000000000000012,-0.087749999999999995),(-0.027193495504995373,0.87569297343397356,-0.087749999999999995),(-0.051725102201737642,0.86319349550499547,-0.087749999999999995),(-0.071193495504995388,0.84372510220173769,-0.087749999999999995),(-0.083692973433973528,0.81919349550499543,-0.087749999999999995),(-0.088000000000000023,0.79200000000000004,-0.087749999999999995),(-0.083692973433973555,0.76480650449500476,-0.087749999999999995),(-0.071193495504995402,0.74027489779826239,-0.087749999999999995),(-0.051725102201737656,0.72080650449500461,-0.087749999999999995),(-0.027193495504995391,0.70830702656602651,-0.087749999999999995),(-1.6165337748745067E-17,0.70399999999999996,-0.087749999999999995),(0.027193495504995363,0.70830702656602651,-0.087749999999999995),(0.051725102201737629,0.72080650449500461,-0.087749999999999995),(0.071193495504995388,0.74027489779826239,-0.087749999999999995),(0.083692973433973528,0.76480650449500465,-0.087749999999999995)),$);
#844=IFCINDEXEDPOLYGONALFACE((20,19,18,17,16,15,14,13,12,11,10,9,8,7,6,5,4,3,2,1));
#845=IFCINDEXEDPOLYGONALFACE((21,22,23,24,25,26,27,28,29,30,31,32,33,34,35,36,37,38,39,40));
#846=IFCINDEXEDPOLYGONALFACE((1,2,22,21));
#847=IFCINDEXEDPOLYGONALFACE((2,3,23,22));
#848=IFCINDEXEDPOLYGONALFACE((3,4,24,23));
#849=IFCINDEXEDPOLYGONALFACE((4,5,25,24));
#850=IFCINDEXEDPOLYGONALFACE((5,6,26,25));
#851=IFCINDEXEDPOLYGONALFACE((6,7,27,26));
#852=IFCINDEXEDPOLYGONALFACE((7,8,28,27));
#853=IFCINDEXEDPOLYGONALFACE((8,9,29,28));
#854=IFCINDEXEDPOLYGONALFACE((9,10,30,29));
#855=IFCINDEXEDPOLYGONALFACE((10,11,31,30));
#856=IFCINDEXEDPOLYGONALFACE((11,12,32,31));
#857=IFCINDEXEDPOLYGONALFACE((12,13,33,32));
#858=IFCINDEXEDPOLYGONALFACE((13,14,34,33));
#859=IFCINDEXEDPOLYGONALFACE((14,15,35,34));
#860=IFCINDEXEDPOLYGONALFACE((15,16,36,35));
#861=IFCINDEXEDPOLYGONALFACE((16,17,37,36));
#862=IFCINDEXEDPOLYGONALFACE((17,18,38,37));
#863=IFCINDEXEDPOLYGONALFACE((18,19,39,38));
#864=IFCINDEXEDPOLYGONALFACE((19,20,40,39));
#865=IFCINDEXEDPOLYGONALFACE((20,1,21,40));
#866=IFCINDEXEDPOLYGONALFACE((60,59,58,57,56,55,54,53,52,51,50,49,48,47,46,45,44,43,42,41));
#867=IFCINDEXEDPOLYGONALFACE((61,62,63,64,65,66,67,68,69,70,71,72,73,74,75,76,77,78,79,80));
#868=IFCINDEXEDPOLYGONALFACE((41,42,62,61));
#869=IFCINDEXEDPOLYGONALFACE((42,43,63,62));
#870=IFCINDEXEDPOLYGONALFACE((43,44,64,63));
#871=IFCINDEXEDPOLYGONALFACE((44,45,65,64));
#872=IFCINDEXEDPOLYGONALFACE((45,46,66,65));
#873=IFCINDEXEDPOLYGONALFACE((46,47,67,66));
#874=IFCINDEXEDPOLYGONALFACE((47,48,68,67));
#875=IFCINDEXEDPOLYGONALFACE((48,49,69,68));
#876=IFCINDEXEDPOLYGONALFACE((49,50,70,69));
#877=IFCINDEXEDPOLYGONALFACE((50,51,71,70));
#878=IFCINDEXEDPOLYGONALFACE((51,52,72,71));
#879=IFCINDEXEDPOLYGONALFACE((52,53,73,72));
#880=IFCINDEXEDPOLYGONALFACE((53,54,74,73));
#881=IFCINDEXEDPOLYGONALFACE((54,55,75,74));
#882=IFCINDEXEDPOLYGONALFACE((55,56,76,75));
#883=IFCINDEXEDPOLYGONALFACE((56,57,77,76));
#884=IFCINDEXEDPOLYGONALFACE((57,58,78,77));
#885=IFCINDEXEDPOLYGONALFACE((58,59,79,78));
#886=IFCINDEXEDPOLYGONALFACE((59,60,80,79));
#887=IFCINDEXEDPOLYGONALFACE((60,41,61,80));
#888=IFCINDEXEDPOLYGONALFACE((100,99,98,97,96,95,94,93,92,91,90,89,88,87,86,85,84,83,82,81));
#889=IFCINDEXEDPOLYGONALFACE((101,102,103,104,105,106,107,108,109,110,111,112,113,114,115,116,117,118,119,120));
#890=IFCINDEXEDPOLYGONALFACE((81,82,102,101));
#891=IFCINDEXEDPOLYGONALFACE((82,83,103,102));
#892=IFCINDEXEDPOLYGONALFACE((83,84,104,103));
#893=IFCINDEXEDPOLYGONALFACE((84,85,105,104));
#894=IFCINDEXEDPOLYGONALFACE((85,86,106,105));
#895=IFCINDEXEDPOLYGONALFACE((86,87,107,106));
#896=IFCINDEXEDPOLYGONALFACE((87,88,108,107));
#897=IFCINDEXEDPOLYGONALFACE((88,89,109,108));
#898=IFCINDEXEDPOLYGONALFACE((89,90,110,109));
#899=IFCINDEXEDPOLYGONALFACE((90,91,111,110));
#900=IFCINDEXEDPOLYGONALFACE((91,92,112,111));
#901=IFCINDEXEDPOLYGONALFACE((92,93,113,112));
#902=IFCINDEXEDPOLYGONALFACE((93,94,114,113));
#903=IFCINDEXEDPOLYGONALFACE((94,95,115,114));
#904=IFCINDEXEDPOLYGONALFACE((95,96,116,115));
#905=IFCINDEXEDPOLYGONALFACE((96,97,117,116));
#906=IFCINDEXEDPOLYGONALFACE((97,98,118,117));
#907=IFCINDEXEDPOLYGONALFACE((98,99,119,118));
#908=IFCINDEXEDPOLYGONALFACE((99,100,120,119));
#909=IFCINDEXEDPOLYGONALFACE((100,81,101,120));
#910=IFCINDEXEDPOLYGONALFACE((140,139,138,137,136,135,134,133,132,131,130,129,128,127,126,125,124,123,122,121));
#911=IFCINDEXEDPOLYGONALFACE((141,142,143,144,145,146,147,148,149,150,151,152,153,154,155,156,157,158,159,160));
#912=IFCINDEXEDPOLYGONALFACE((121,122,142,141));
#913=IFCINDEXEDPOLYGONALFACE((122,123,143,142));
#914=IFCINDEXEDPOLYGONALFACE((123,124,144,143));
#915=IFCINDEXEDPOLYGONALFACE((124,125,145,144));
#916=IFCINDEXEDPOLYGONALFACE((125,126,146,145));
#917=IFCINDEXEDPOLYGONALFACE((126,127,147,146));
#918=IFCINDEXEDPOLYGONALFACE((127,128,148,147));
#919=IFCINDEXEDPOLYGONALFACE((128,129,149,148));
#920=IFCINDEXEDPOLYGONALFACE((129,130,150,149));
#921=IFCINDEXEDPOLYGONALFACE((130,131,151,150));
#922=IFCINDEXEDPOLYGONALFACE((131,132,152,151));
#923=IFCINDEXEDPOLYGONALFACE((132,133,153,152));
#924=IFCINDEXEDPOLYGONALFACE((133,134,154,153));
#925=IFCINDEXEDPOLYGONALFACE((134,135,155,154));
#926=IFCINDEXEDPOLYGONALFACE((135,136,156,155));
#927=IFCINDEXEDPOLYGONALFACE((136,137,157,156));
#928=IFCINDEXEDPOLYGONALFACE((137,138,158,157));
#929=IFCINDEXEDPOLYGONALFACE((138,139,159,158));
#930=IFCINDEXEDPOLYGONALFACE((139,140,160,159));
#931=IFCINDEXEDPOLYGONALFACE((140,121,141,160));
#932=IFCINDEXEDPOLYGONALFACE((180,179,178,177,176,175,174,173,172,171,170,169,168,167,166,165,164,163,162,161));
#933=IFCINDEXEDPOLYGONALFACE((181,182,183,184,185,186,187,188,189,190,191,192,193,194,195,196,197,198,199,200));
#934=IFCINDEXEDPOLYGONALFACE((161,162,182,181));
#935=IFCINDEXEDPOLYGONALFACE((162,163,183,182));
#936=IFCINDEXEDPOLYGONALFACE((163,164,184,183));
#937=IFCINDEXEDPOLYGONALFACE((164,165,185,184));
#938=IFCINDEXEDPOLYGONALFACE((165,166,186,185));
#939=IFCINDEXEDPOLYGONALFACE((166,167,187,186));
#940=IFCINDEXEDPOLYGONALFACE((167,168,188,187));
#941=IFCINDEXEDPOLYGONALFACE((168,169,189,188));
#942=IFCINDEXEDPOLYGONALFACE((169,170,190,189));
#943=IFCINDEXEDPOLYGONALFACE((170,171,191,190));
#944=IFCINDEXEDPOLYGONALFACE((171,172,192,191));
#945=IFCINDEXEDPOLYGONALFACE((172,173,193,192));
#946=IFCINDEXEDPOLYGONALFACE((173,174,194,193));
#947=IFCINDEXEDPOLYGONALFACE((174,175,195,194));
#948=IFCINDEXEDPOLYGONALFACE((175,176,196,195));
#949=IFCINDEXEDPOLYGONALFACE((176,177,197,196));
#950=IFCINDEXEDPOLYGONALFACE((177,178,198,197));
#951=IFCINDEXEDPOLYGONALFACE((178,179,199,198));
#952=IFCINDEXEDPOLYGONALFACE((179,180,200,199));
#953=IFCINDEXEDPOLYGONALFACE((180,161,181,200));
#954=IFCINDEXEDPOLYGONALFACE((220,219,218,217,216,215,214,213,212,211,210,209,208,207,206,205,204,203,202,201));
#955=IFCINDEXEDPOLYGONALFACE((221,222,223,224,225,226,227,228,229,230,231,232,233,234,235,236,237,238,239,240));
#956=IFCINDEXEDPOLYGONALFACE((201,202,222,221));
#957=IFCINDEXEDPOLYGONALFACE((202,203,223,222));
#958=IFCINDEXEDPOLYGONALFACE((203,204,224,223));
#959=IFCINDEXEDPOLYGONALFACE((204,205,225,224));
#960=IFCINDEXEDPOLYGONALFACE((205,206,226,225));
#961=IFCINDEXEDPOLYGONALFACE((206,207,227,226));
#962=IFCINDEXEDPOLYGONALFACE((207,208,228,227));
#963=IFCINDEXEDPOLYGONALFACE((208,209,229,228));
#964=IFCINDEXEDPOLYGONALFACE((209,210,230,229));
#965=IFCINDEXEDPOLYGONALFACE((210,211,231,230));
#966=IFCINDEXEDPOLYGONALFACE((211,212,232,231));
#967=IFCINDEXEDPOLYGONALFACE((212,213,233,232));
#968=IFCINDEXEDPOLYGONALFACE((213,214,234,233));
#969=IFCINDEXEDPOLYGONALFACE((214,215,235,234));
#970=IFCINDEXEDPOLYGONALFACE((215,216,236,235));
#971=IFCINDEXEDPOLYGONALFACE((216,217,237,236));
#972=IFCINDEXEDPOLYGONALFACE((217,218,238,237));
#973=IFCINDEXEDPOLYGONALFACE((218,219,239,238));
#974=IFCINDEXEDPOLYGONALFACE((219,220,240,239));
#975=IFCINDEXEDPOLYGONALFACE((220,201,221,240));
#976=IFCINDEXEDPOLYGONALFACE((260,259,258,257,256,255,254,253,252,251,250,249,248,247,246,245,244,243,242,241));
#977=IFCINDEXEDPOLYGONALFACE((261,262,263,264,265,266,267,268,269,270,271,272,273,274,275,276,277,278,279,280));
#978=IFCINDEXEDPOLYGONALFACE((241,242,262,261));
#979=IFCINDEXEDPOLYGONALFACE((242,243,263,262));
#980=IFCINDEXEDPOLYGONALFACE((243,244,264,263));
#981=IFCINDEXEDPOLYGONALFACE((244,245,265,264));
#982=IFCINDEXEDPOLYGONALFACE((245,246,266,265));
#983=IFCINDEXEDPOLYGONALFACE((246,247,267,266));
#984=IFCINDEXEDPOLYGONALFACE((247,248,268,267));
#985=IFCINDEXEDPOLYGONALFACE((248,249,269,268));
#986=IFCINDEXEDPOLYGONALFACE((249,250,270,269));
#987=IFCINDEXEDPOLYGONALFACE((250,251,271,270));
#988=IFCINDEXEDPOLYGONALFACE((251,252,272,271));
#989=IFCINDEXEDPOLYGONALFACE((252,253,273,272));
#990=IFCINDEXEDPOLYGONALFACE((253,254,274,273));
#991=IFCINDEXEDPOLYGONALFACE((254,255,275,274));
#992=IFCINDEXEDPOLYGONALFACE((255,256,276,275));
#993=IFCINDEXEDPOLYGONALFACE((256,257,277,276));
#994=IFCINDEXEDPOLYGONALFACE((257,258,278,277));
#995=IFCINDEXEDPOLYGONALFACE((258,259,279,278));
#996=IFCINDEXEDPOLYGONALFACE((259,260,280,279));
#997=IFCINDEXEDPOLYGONALFACE((260,241,261,280));
#998=IFCINDEXEDPOLYGONALFACE((300,299,298,297,296,295,294,293,292,291,290,289,288,287,286,285,284,283,282,281));
#999=IFCINDEXEDPOLYGONALFACE((301,302,303,304,305,306,307,308,309,310,311,312,313,314,315,316,317,318,319,320));
#1000=IFCINDEXEDPOLYGONALFACE((281,282,302,301));
#1001=IFCINDEXEDPOLYGONALFACE((282,283,303,302));
#1002=IFCINDEXEDPOLYGONALFACE((283,284,304,303));
#1003=IFCINDEXEDPOLYGONALFACE((284,285,305,304));
#1004=IFCINDEXEDPOLYGONALFACE((285,286,306,305));
#1005=IFCINDEXEDPOLYGONALFACE((286,287,307,306));
#1006=IFCINDEXEDPOLYGONALFACE((287,288,308,307));
#1007=IFCINDEXEDPOLYGONALFACE((288,289,309,308));
#1008=IFCINDEXEDPOLYGONALFACE((289,290,310,309));
#1009=IFCINDEXEDPOLYGONALFACE((290,291,311,310));
#1010=IFCINDEXEDPOLYGONALFACE((291,292,312,311));
#1011=IFCINDEXEDPOLYGONALFACE((292,293,313,312));
#1012=IFCINDEXEDPOLYGONALFACE((293,294,314,313));
#1013=IFCINDEXEDPOLYGONALFACE((294,295,315,314));
#1014=IFCINDEXEDPOLYGONALFACE((295,296,316,315));
#1015=IFCINDEXEDPOLYGONALFACE((296,297,317,316));
#1016=IFCINDEXEDPOLYGONALFACE((297,298,318,317));
#1017=IFCINDEXEDPOLYGONALFACE((298,299,319,318));
#1018=IFCINDEXEDPOLYGONALFACE((299,300,320,319));
#1019=IFCINDEXEDPOLYGONALFACE((300,281,301,320));
#1020=IFCINDEXEDPOLYGONALFACE((340,339,338,337,336,335,334,333,332,331,330,329,328,327,326,325,324,323,322,321));
#1021=IFCINDEXEDPOLYGONALFACE((341,342,343,344,345,346,347,348,349,350,351,352,353,354,355,356,357,358,359,360));
#1022=IFCINDEXEDPOLYGONALFACE((321,322,342,341));
#1023=IFCINDEXEDPOLYGONALFACE((322,323,343,342));
#1024=IFCINDEXEDPOLYGONALFACE((323,324,344,343));
#1025=IFCINDEXEDPOLYGONALFACE((324,325,345,344));
#1026=IFCINDEXEDPOLYGONALFACE((325,326,346,345));
#1027=IFCINDEXEDPOLYGONALFACE((326,327,347,346));
#1028=IFCINDEXEDPOLYGONALFACE((327,328,348,347));
#1029=IFCINDEXEDPOLYGONALFACE((328,329,349,348));
#1030=IFCINDEXEDPOLYGONALFACE((329,330,350,349));
#1031=IFCINDEXEDPOLYGONALFACE((330,331,351,350));
#1032=IFCINDEXEDPOLYGONALFACE((331,332,352,351));
#1033=IFCINDEXEDPOLYGONALFACE((332,333,353,352));
#1034=IFCINDEXEDPOLYGONALFACE((333,334,354,353));
#1035=IFCINDEXEDPOLYGONALFACE((334,335,355,354));
#1036=IFCINDEXEDPOLYGONALFACE((335,336,356,355));
#1037=IFCINDEXEDPOLYGONALFACE((336,337,357,356));
#1038=IFCINDEXEDPOLYGONALFACE((337,338,358,357));
#1039=IFCINDEXEDPOLYGONALFACE((338,339,359,358));
#1040=IFCINDEXEDPOLYGONALFACE((339,340,360,359));
#1041=IFCINDEXEDPOLYGONALFACE((340,321,341,360));
#1042=IFCPOLYGONALFACESET(#843,$,(#844,#845,#846,#847,#848,#849,#850,#851,#852,#853,#854,#855,#856,#857,#858,#859,#860,#861,#862,#863,#864,#865,#866,#867,#868,#869,#870,#871,#872,#873,#874,#875,#876,#877,#878,#879,#880,#881,#882,#883,#884,#885,#886,#887,#888,#889,#890,#891,#892,#893,#894,#895,#896,#897,#898,#899,#900,#901,#902,#903,#904,#905,#906,#907,#908,#909,#910,#911,#912,#913,#914,#915,#916,#917,#918,#919,#920,#921,#922,#923,#924,#925,#926,#927,#928,#929,#930,#931,#932,#933,#934,#935,#936,#937,#938,#939,#940,#941,#942,#943,#944,#945,#946,#947,#948,#949,#950,#951,#952,#953,#954,#955,#956,#957,#958,#959,#960,#961,#962,#963,#964,#965,#966,#967,#968,#969,#970,#971,#972,#973,#974,#975,#976,#977,#978,#979,#980,#981,#982,#983,#984,#985,#986,#987,#988,#989,#990,#991,#992,#993,#994,#995,#996,#997,#998,#999,#1000,#1001,#1002,#1003,#1004,#1005,#1006,#1007,#1008,#1009,#1010,#1011,#1012,#1013,#1014,#1015,#1016,#1017,#1018,#1019,#1020,#1021,#1022,#1023,#1024,#1025,#1026,#1027,#1028,#1029,#1030,#1031,#1032,#1033,#1034,#1035,#1036,#1037,#1038,#1039,#1040,#1041),$);
#1043=IFCSHAPEREPRESENTATION(#13,'Body','Tessellation',(#1042));
#1044=IFCPRODUCTDEFINITIONSHAPE($,$,(#1043));
#1045=IFCCABLESEGMENT('2GrTyjNa1G$Q9DUkBPvDFN',$,'trailer-bogie brake/WSP/speed-sensor harness and junction-bracket kit','Locally built, continuity-tested rugged harness with fabricated sensor brackets and junctions for trailer-bogie brake and wheel-slide protection.',$,#1116,#1089,'LM3-BOG-P061',$);
#1046=IFCPROPERTYSINGLEVALUE('OSRId',$,IFCTEXT('LM3-BOG-P061'),$);
#1047=IFCPROPERTYSINGLEVALUE('Parent',$,IFCTEXT('LM3-BOG-SA620'),$);
#1048=IFCPROPERTYSINGLEVALUE('Route',$,IFCTEXT('MAKE'),$);
#1049=IFCPROPERTYSINGLEVALUE('Maturity',$,IFCTEXT('release-candidate'),$);
#1050=IFCPROPERTYSINGLEVALUE('QuantityPerTrainset',$,IFCINTEGER(3),$);
#1051=IFCPROPERTYSINGLEVALUE('Unit',$,IFCTEXT('bogie kit'),$);
#1052=IFCPROPERTYSINGLEVALUE('GeometryStatus',$,IFCTEXT('design-reference-not-released'),$);
#1053=IFCPROPERTYSINGLEVALUE('GeometryLevel',$,IFCTEXT('interface-detailed'),$);
#1054=IFCPROPERTYSET('2zJZoK2dLKnBCLa1YoLxaQ',$,'OSR_ProductDefinition',$,(#1046,#1047,#1048,#1049,#1050,#1051,#1052,#1053));
#1055=IFCRELDEFINESBYPROPERTIES('3BXysNHnHGqQ$1sHI8TFDJ',$,$,$,(#1045),#1054);
#1056=IFCCARTESIANPOINTLIST3D(((-1.5,-0.77700000000000002,-0.0264),(-1.5,-0.77700000000000002,0.0264),(-1.5,-0.56699999999999995,-0.0264),(-1.5,-0.56699999999999995,0.0264),(1.5,-0.77700000000000002,-0.0264),(1.5,-0.77700000000000002,0.0264),(1.5,-0.56699999999999995,-0.0264),(1.5,-0.56699999999999995,0.0264),(-1.5,0.56699999999999995,-0.0264),(-1.5,0.56699999999999995,0.0264),(-1.5,0.77700000000000002,-0.0264),(-1.5,0.77700000000000002,0.0264),(1.5,0.56699999999999995,-0.0264),(1.5,0.56699999999999995,0.0264),(1.5,0.77700000000000002,-0.0264),(1.5,0.77700000000000002,0.0264),(-1.0874999999999999,-0.83999999999999997,-0.033000000000000002),(-1.0874999999999999,-0.83999999999999997,0.033000000000000002),(-1.0874999999999999,0.83999999999999997,-0.033000000000000002),(-1.0874999999999999,0.83999999999999997,0.033000000000000002),(-1.0125,-0.83999999999999997,-0.033000000000000002),(-1.0125,-0.83999999999999997,0.033000000000000002),(-1.0125,0.83999999999999997,-0.033000000000000002),(-1.0125,0.83999999999999997,0.033000000000000002),(-0.037499999999999999,-0.83999999999999997,-0.033000000000000002),(-0.037499999999999999,-0.83999999999999997,0.033000000000000002),(-0.037499999999999999,0.83999999999999997,-0.033000000000000002),(-0.037499999999999999,0.83999999999999997,0.033000000000000002),(0.037499999999999999,-0.83999999999999997,-0.033000000000000002),(0.037499999999999999,-0.83999999999999997,0.033000000000000002),(0.037499999999999999,0.83999999999999997,-0.033000000000000002),(0.037499999999999999,0.83999999999999997,0.033000000000000002),(1.0125,-0.83999999999999997,-0.033000000000000002),(1.0125,-0.83999999999999997,0.033000000000000002),(1.0125,0.83999999999999997,-0.033000000000000002),(1.0125,0.83999999999999997,0.033000000000000002),(1.0874999999999999,-0.83999999999999997,-0.033000000000000002),(1.0874999999999999,-0.83999999999999997,0.033000000000000002),(1.0874999999999999,0.83999999999999997,-0.033000000000000002),(1.0874999999999999,0.83999999999999997,0.033000000000000002)),$);
#1057=IFCINDEXEDPOLYGONALFACE((1,2,4,3));
#1058=IFCINDEXEDPOLYGONALFACE((5,7,8,6));
#1059=IFCINDEXEDPOLYGONALFACE((1,5,6,2));
#1060=IFCINDEXEDPOLYGONALFACE((3,4,8,7));
#1061=IFCINDEXEDPOLYGONALFACE((1,3,7,5));
#1062=IFCINDEXEDPOLYGONALFACE((2,6,8,4));
#1063=IFCINDEXEDPOLYGONALFACE((9,10,12,11));
#1064=IFCINDEXEDPOLYGONALFACE((13,15,16,14));
#1065=IFCINDEXEDPOLYGONALFACE((9,13,14,10));
#1066=IFCINDEXEDPOLYGONALFACE((11,12,16,15));
#1067=IFCINDEXEDPOLYGONALFACE((9,11,15,13));
#1068=IFCINDEXEDPOLYGONALFACE((10,14,16,12));
#1069=IFCINDEXEDPOLYGONALFACE((17,18,20,19));
#1070=IFCINDEXEDPOLYGONALFACE((21,23,24,22));
#1071=IFCINDEXEDPOLYGONALFACE((17,21,22,18));
#1072=IFCINDEXEDPOLYGONALFACE((19,20,24,23));
#1073=IFCINDEXEDPOLYGONALFACE((17,19,23,21));
#1074=IFCINDEXEDPOLYGONALFACE((18,22,24,20));
#1075=IFCINDEXEDPOLYGONALFACE((25,26,28,27));
#1076=IFCINDEXEDPOLYGONALFACE((29,31,32,30));
#1077=IFCINDEXEDPOLYGONALFACE((25,29,30,26));
#1078=IFCINDEXEDPOLYGONALFACE((27,28,32,31));
#1079=IFCINDEXEDPOLYGONALFACE((25,27,31,29));
#1080=IFCINDEXEDPOLYGONALFACE((26,30,32,28));
#1081=IFCINDEXEDPOLYGONALFACE((33,34,36,35));
#1082=IFCINDEXEDPOLYGONALFACE((37,39,40,38));
#1083=IFCINDEXEDPOLYGONALFACE((33,37,38,34));
#1084=IFCINDEXEDPOLYGONALFACE((35,36,40,39));
#1085=IFCINDEXEDPOLYGONALFACE((33,35,39,37));
#1086=IFCINDEXEDPOLYGONALFACE((34,38,40,36));
#1087=IFCPOLYGONALFACESET(#1056,$,(#1057,#1058,#1059,#1060,#1061,#1062,#1063,#1064,#1065,#1066,#1067,#1068,#1069,#1070,#1071,#1072,#1073,#1074,#1075,#1076,#1077,#1078,#1079,#1080,#1081,#1082,#1083,#1084,#1085,#1086),$);
#1088=IFCSHAPEREPRESENTATION(#13,'Body','Tessellation',(#1087));
#1089=IFCPRODUCTDEFINITIONSHAPE($,$,(#1088));
#1090=IFCRELAGGREGATES('3nR1Uc1snOkudbk6lbfz1G',$,$,$,#28,(#44,#321,#832,#1045,#36));
#1091=IFCRELAGGREGATES('2koJAAB7LTf8BgILHoq_J1',$,$,$,#36,(#354,#479,#538,#751));
#1092=IFCRELCONTAINEDINSPATIALSTRUCTURE('2lDr1rQKnH$O5JIElgzrsp',$,$,$,(#28),#3);
#1093=IFCCARTESIANPOINT((0.,0.,0.));
#1094=IFCAXIS2PLACEMENT3D(#1093,$,$);
#1095=IFCLOCALPLACEMENT($,#1094);
#1096=IFCCARTESIANPOINT((4.2000000000000002,0.,0.));
#1097=IFCAXIS2PLACEMENT3D(#1096,$,$);
#1098=IFCLOCALPLACEMENT($,#1097);
#1099=IFCCARTESIANPOINT((8.4000000000000004,0.,0.));
#1100=IFCAXIS2PLACEMENT3D(#1099,$,$);
#1101=IFCLOCALPLACEMENT($,#1100);
#1102=IFCCARTESIANPOINT((12.6,0.,0.));
#1103=IFCAXIS2PLACEMENT3D(#1102,$,$);
#1104=IFCLOCALPLACEMENT($,#1103);
#1105=IFCCARTESIANPOINT((0.,3.2999999999999998,0.));
#1106=IFCAXIS2PLACEMENT3D(#1105,$,$);
#1107=IFCLOCALPLACEMENT($,#1106);
#1108=IFCCARTESIANPOINT((4.2000000000000002,3.2999999999999998,0.));
#1109=IFCAXIS2PLACEMENT3D(#1108,$,$);
#1110=IFCLOCALPLACEMENT($,#1109);
#1111=IFCCARTESIANPOINT((8.4000000000000004,3.2999999999999998,0.));
#1112=IFCAXIS2PLACEMENT3D(#1111,$,$);
#1113=IFCLOCALPLACEMENT($,#1112);
#1114=IFCCARTESIANPOINT((12.6,3.2999999999999998,0.));
#1115=IFCAXIS2PLACEMENT3D(#1114,$,$);
#1116=IFCLOCALPLACEMENT($,#1115);
ENDSEC;
END-ISO-10303-21;
