
                        S T E P       1


                                INCREMENT     1


 displacements (vx,vy,vz) for set ALLN and time  0.1000000E+01

         1 -1.900148E-03 -2.095117E+00  8.377543E-02
         2  0.000000E+00  0.000000E+00  0.000000E+00
         3  5.798952E-02  2.251322E+00  1.136310E-02
         4  9.297432E-02  5.185192E+00  4.131585E-02
         5  1.090191E-01  7.769595E+00  5.595293E-02
         6  1.198578E-01  1.054748E+01  5.683663E-02
         7  1.226571E-01  1.319683E+01  3.386400E-02
         8  1.265559E-01  1.600222E+01  0.000000E+00
         9  1.286606E-01  1.863311E+01  3.579138E-02
        10  4.932860E-02 -1.219705E+00  8.141115E-02
        11  5.187269E-02  1.069347E+00  1.463980E-02
        12  6.948724E-02  3.501942E+00  1.744982E-02
        13  8.713904E-02  6.289719E+00  3.957169E-02
        14  9.971753E-02  8.909441E+00  5.680035E-02
        15  1.069986E-01  1.160034E+01  5.486617E-02
        16  1.122907E-01  1.423521E+01  3.382930E-02
        17  1.135926E-01  1.697373E+01  1.098126E-02
        18  1.116125E-01  1.954163E+01  3.520024E-02
        19  8.601509E-02  4.220931E-01  8.142771E-02
        20  8.750697E-02  3.009736E+00  2.321414E-02
        21  8.863186E-02  5.685376E+00  1.974262E-02
        22  9.178178E-02  8.280903E+00  4.090591E-02
        23  9.564745E-02  1.087128E+01  5.723187E-02
        24  9.914957E-02  1.345400E+01  5.498060E-02
        25  1.007079E-01  1.603984E+01  3.476761E-02
        26  1.008584E-01  1.872056E+01  1.738714E-02
        27  1.011494E-01  2.123866E+01  3.603989E-02
        28  1.064267E-01  7.901544E-01  8.197101E-02
        29  1.002556E-01  3.387874E+00  2.474855E-02
        30  9.296119E-02  6.097986E+00  2.042160E-02
        31  9.164097E-02  8.674097E+00  4.201474E-02
        32  9.509959E-02  1.124565E+01  5.799650E-02
        33  9.936776E-02  1.381583E+01  5.592246E-02
        34  1.007564E-01  1.638065E+01  3.526360E-02
        35  9.650708E-02  1.905506E+01  1.864635E-02
        36  9.261471E-02  2.159790E+01  3.685990E-02
        37 -3.111202E+00 -2.153381E+00 -8.045569E-02
        38 -3.118952E+00  0.000000E+00  0.000000E+00
        39 -3.163872E+00  2.543036E+00 -1.267137E-02
        40 -3.195892E+00  5.012759E+00 -3.697080E-02
        41 -3.217328E+00  7.862648E+00 -5.293515E-02
        42 -3.225189E+00  1.049828E+01 -5.482892E-02
        43 -3.230133E+00  1.322126E+01 -3.198160E-02
        44 -3.232984E+00  1.599200E+01  0.000000E+00
        45 -3.235555E+00  1.863587E+01 -3.546130E-02
        46 -3.160694E+00 -1.242135E+00 -7.974229E-02
        47 -3.163039E+00  1.083349E+00 -1.459094E-02
        48 -3.178368E+00  3.684522E+00 -1.325999E-02
        49 -3.194821E+00  6.208038E+00 -3.909043E-02
        50 -3.206412E+00  8.949149E+00 -5.206677E-02
        51 -3.214341E+00  1.158367E+01 -5.352954E-02
        52 -3.219008E+00  1.424268E+01 -3.176795E-02
        53 -3.220659E+00  1.697221E+01 -1.084765E-02
        54 -3.218347E+00  1.954195E+01 -3.476826E-02
        55 -3.195818E+00  4.241353E-01 -7.956812E-02
        56 -3.196676E+00  3.017581E+00 -2.236107E-02
        57 -3.197569E+00  5.720738E+00 -1.710310E-02
        58 -3.199998E+00  8.281335E+00 -3.881913E-02
        59 -3.203516E+00  1.086922E+01 -5.376656E-02
        60 -3.206537E+00  1.345623E+01 -5.280480E-02
        61 -3.208006E+00  1.603913E+01 -3.315467E-02
        62 -3.207942E+00  1.872159E+01 -1.692220E-02
        63 -3.208325E+00  2.123824E+01 -3.570142E-02
        64 -3.215170E+00  7.902303E-01 -8.011742E-02
        65 -3.209485E+00  3.387660E+00 -2.381130E-02
        66 -3.201693E+00  6.098327E+00 -1.786019E-02
        67 -3.200078E+00  8.673915E+00 -3.979012E-02
        68 -3.202957E+00  1.124589E+01 -5.462211E-02
        69 -3.206764E+00  1.381567E+01 -5.364116E-02
        70 -3.207881E+00  1.638082E+01 -3.370120E-02
        71 -3.203577E+00  1.905498E+01 -1.813473E-02
        72 -3.199685E+00  2.159792E+01 -3.653715E-02

 stresses (elem, integ.pnt.,sxx,syy,szz,sxy,sxz,syz) for set ALLE and time  0.1000000E+01

         1   1  1.852380E+01  5.594549E-01  6.289776E+00  1.223487E+00  1.268147E-01 -2.304190E-13
         1   2  1.852380E+01 -5.468279E-01  5.183493E+00  1.223487E+00  1.268147E-01  5.801524E-14
         1   3 -1.883101E+01  5.594549E-01 -4.916667E+00  1.223487E+00 -2.257833E-01 -1.154832E-13
         1   4 -1.883101E+01 -5.468279E-01 -6.022950E+00  1.223487E+00 -2.257833E-01 -2.386287E-13
         1   5  1.937113E+01  8.136541E-01  6.289776E+00  1.423292E+00  1.268147E-01 -2.293244E-13
         1   6  1.937113E+01 -2.926288E-01  5.183493E+00  1.423292E+00  1.268147E-01  4.077486E-14
         1   7 -1.798368E+01  8.136541E-01 -4.916667E+00  1.423292E+00 -2.257833E-01  6.075181E-14
         1   8 -1.798368E+01 -2.926288E-01 -6.022950E+00  1.423292E+00 -2.257833E-01 -2.030533E-13
         2   1 -1.212435E+01  5.317329E-01 -4.656412E+00  5.676585E+00  6.422193E-02 -2.466332E-13
         2   2 -1.212435E+01 -1.549746E+00 -6.737891E+00  5.676585E+00  6.422193E-02  1.510586E-13
         2   3  2.252976E+01  5.317329E-01  5.739819E+00  5.676585E+00  2.486543E-01  6.506190E-14
         2   4  2.252976E+01 -1.549746E+00  3.658340E+00  5.676585E+00  2.486543E-01  1.190407E-13
         2   5 -1.205788E+01  5.516743E-01 -4.656412E+00  5.572073E+00  6.422193E-02 -2.973965E-13
         2   6 -1.205788E+01 -1.529805E+00 -6.737891E+00  5.572073E+00  6.422193E-02  2.922655E-13
         2   7  2.259623E+01  5.516743E-01  5.739819E+00  5.572073E+00  2.486543E-01 -3.078639E-15
         2   8  2.259623E+01 -1.529805E+00  3.658340E+00  5.572073E+00  2.486543E-01 -5.500502E-14
         3   1  1.255467E+01 -1.943980E+00  8.687875E-01 -1.754943E+00  9.136463E-02  1.458591E-13
         3   2  1.255467E+01  1.328842E+00  4.141610E+00 -1.754943E+00  9.136463E-02 -2.733831E-13
         3   3 -6.048587E+00 -1.943980E+00 -4.712188E+00 -1.754943E+00  5.743667E-02  9.605354E-14
         3   4 -6.048587E+00  1.328842E+00 -1.439366E+00 -1.754943E+00  5.743667E-02  1.412069E-13
         3   5  1.270320E+01 -1.899420E+00  8.687875E-01 -1.735718E+00  9.136463E-02 -4.323777E-14
         3   6  1.270320E+01  1.373402E+00  4.141610E+00 -1.735718E+00  9.136463E-02 -5.246001E-13
         3   7 -5.900053E+00 -1.899420E+00 -4.712188E+00 -1.735718E+00  5.743667E-02 -2.337029E-13
         3   8 -5.900053E+00  1.373402E+00 -1.439366E+00 -1.735718E+00  5.743667E-02  8.948577E-14
         4   1 -3.141335E+00  1.383069E+00 -2.179637E-01  2.294738E+00 -1.288975E-01 -3.940658E-14
         4   2 -3.141335E+00 -2.637759E-01 -1.864809E+00  2.294738E+00 -1.288975E-01 -3.174419E-13
         4   3  7.251800E+00  1.383069E+00  2.899977E+00  2.294738E+00  8.719531E-02 -1.083681E-13
         4   4  7.251800E+00 -2.637759E-01  1.253132E+00  2.294738E+00  8.719531E-02 -2.988332E-13
         4   5 -3.421753E+00  1.298944E+00 -2.179637E-01  2.172285E+00 -1.288975E-01  1.094627E-14
         4   6 -3.421753E+00 -3.479012E-01 -1.864809E+00  2.172285E+00 -1.288975E-01  3.086849E-13
         4   7  6.971382E+00  1.298944E+00  2.899977E+00  2.172285E+00  8.719531E-02 -2.681837E-13
         4   8  6.971382E+00 -3.479012E-01  1.253132E+00  2.172285E+00  8.719531E-02  2.386287E-13
         5   1  3.743760E+00 -8.883107E-01 -3.961920E-03 -2.009590E-01  5.209513E-03  3.650582E-13
         5   2  3.743760E+00  3.673906E-01  1.251739E+00 -2.009590E-01  5.209513E-03  4.991500E-13
         5   3 -2.007204E+00 -8.883107E-01 -1.729251E+00 -2.009590E-01 -8.848924E-02 -9.030674E-14
         5   4 -2.007204E+00  3.673906E-01 -4.735499E-01 -2.009590E-01 -8.848924E-02  4.953188E-13
         5   5  3.888454E+00 -8.449024E-01 -3.961920E-03 -1.478630E-01  5.209513E-03  1.477747E-14
         5   6  3.888454E+00  4.107989E-01  1.251739E+00 -1.478630E-01  5.209513E-03 -8.379371E-13
         5   7 -1.862510E+00 -8.449024E-01 -1.729251E+00 -1.478630E-01 -8.848924E-02 -5.128328E-13
         5   8 -1.862510E+00  4.107989E-01 -4.735499E-01 -1.478630E-01 -8.848924E-02  6.950883E-14
         6   1 -8.967445E-01  4.840318E-01 -1.446628E-02  8.247920E-01 -5.854014E-02 -1.205185E-12
         6   2 -8.967445E-01 -1.789700E-02 -5.163950E-01  8.247920E-01 -5.854014E-02 -2.129050E-13
         6   3  2.047288E+00  4.840318E-01  8.687434E-01  8.247920E-01 -1.030716E-01  9.583461E-13
         6   4  2.047288E+00 -1.789700E-02  3.668146E-01  8.247920E-01 -1.030716E-01  5.155694E-13
         6   5 -1.276033E+00  3.702454E-01 -1.446628E-02  8.500265E-01 -5.854014E-02 -3.535646E-13
         6   6 -1.276033E+00 -1.316834E-01 -5.163950E-01  8.500265E-01 -5.854014E-02  1.165231E-12
         6   7  1.668000E+00  3.702454E-01  8.687434E-01  8.500265E-01 -1.030716E-01 -4.312831E-13
         6   8  1.668000E+00 -1.316834E-01  3.668146E-01  8.500265E-01 -1.030716E-01  1.086965E-12
         7   1  1.145096E+00 -2.605070E-01  8.064828E-02  2.795642E-02 -9.401654E-02 -6.025923E-13
         7   2  1.145096E+00 -5.035107E-02  2.908042E-01  2.795642E-02 -9.401654E-02  2.164625E-13
         7   3 -8.314754E-01 -2.605070E-01 -5.123231E-01  2.795642E-02 -2.829287E-01  1.496082E-12
         7   4 -8.314754E-01 -5.035107E-02 -3.021672E-01  2.795642E-02 -2.829287E-01 -1.258000E-12
         7   5  1.442893E+00 -1.711679E-01  8.064828E-02  1.350066E-01 -9.401654E-02 -6.543134E-13
         7   6  1.442893E+00  3.898801E-02  2.908042E-01  1.350066E-01 -9.401654E-02  3.386503E-13
         7   7 -5.336785E-01 -1.711679E-01 -5.123231E-01  1.350066E-01 -2.829287E-01  1.025392E-12
         7   8 -5.336785E-01  3.898801E-02 -3.021672E-01  1.350066E-01 -2.829287E-01  9.308436E-13
         8   1 -5.303698E-01 -2.316865E-02 -1.528437E-01  2.146409E-01 -6.620412E-03  9.832489E-13
         8   2 -5.303698E-01 -4.839482E-02 -1.780699E-01  2.146409E-01 -6.620412E-03  1.581463E-12
         8   3  6.496446E-01 -2.316865E-02  2.011606E-01  2.146409E-01  1.703577E-01 -1.778769E-13
         8   4  6.496446E-01 -4.839482E-02  1.759345E-01  2.146409E-01  1.703577E-01 -4.208842E-13
         8   5 -2.148558E-01  7.148557E-02 -1.528437E-01  1.143533E-01 -6.620412E-03  3.096427E-13
         8   6 -2.148558E-01  4.625940E-02 -1.780699E-01  1.143533E-01 -6.620412E-03  1.673411E-12
         8   7  9.651587E-01  7.148557E-02  2.011606E-01  1.143533E-01  1.703577E-01 -1.131434E-12
         8   8  9.651587E-01  4.625940E-02  1.759345E-01  1.143533E-01  1.703577E-01  2.161889E-14
         9   1  2.354394E+00 -6.914666E-02  5.563222E-01  4.992524E-01 -6.426660E-01 -2.977386E-13
         9   2  2.354394E+00 -5.791055E-01  4.636333E-02  4.992524E-01 -6.426660E-01  2.276825E-13
         9   3 -2.045689E+00 -6.914666E-02 -7.637028E-01  4.992524E-01  2.506893E-01  7.005614E-14
         9   4 -2.045689E+00 -5.791055E-01 -1.273662E+00  4.992524E-01  2.506893E-01 -7.005614E-14
         9   5  2.124103E+00 -1.382339E-01  5.563222E-01 -5.217251E-01 -6.426660E-01 -3.152526E-13
         9   6  2.124103E+00 -6.481928E-01  4.636333E-02 -5.217251E-01 -6.426660E-01  3.327667E-13
         9   7 -2.275980E+00 -1.382339E-01 -7.637028E-01 -5.217251E-01  2.506893E-01  8.757018E-14
         9   8 -2.275980E+00 -6.481928E-01 -1.273662E+00 -5.217251E-01  2.506893E-01 -1.401123E-13
        10   1 -5.203948E-01  7.884182E-02 -5.203211E-01  3.132154E-01  1.101314E+00 -5.079070E-13
        10   2 -5.203948E-01  4.849143E-01 -1.142487E-01  3.132154E-01  1.101314E+00  1.751404E-13
        10   3  3.884685E+00  7.884182E-02  8.012029E-01  3.132154E-01  1.728332E+00 -8.757018E-14
        10   4  3.884685E+00  4.849143E-01  1.207275E+00  3.132154E-01  1.728332E+00 -2.451965E-13
        10   5 -1.097344E-01  2.020399E-01 -5.203211E-01 -4.033766E-01  1.101314E+00 -2.627105E-13
        10   6 -1.097344E-01  6.081124E-01 -1.142487E-01 -4.033766E-01  1.101314E+00  7.005614E-14
        10   7  4.295346E+00  2.020399E-01  8.012029E-01 -4.033766E-01  1.728332E+00 -5.254211E-14
        10   8  4.295346E+00  6.081124E-01  1.207275E+00 -4.033766E-01  1.728332E+00 -5.954772E-13
        11   1  2.947946E+00  6.582681E-01  8.928790E-01 -2.363461E-01  7.866504E-01 -1.050842E-13
        11   2  2.947946E+00  3.209596E-01  5.555705E-01 -2.363461E-01  7.866504E-01  3.502807E-13
        11   3  1.266333E+00  6.582681E-01  3.883951E-01 -2.363461E-01  2.212368E-01 -5.254211E-13
        11   4  1.266333E+00  3.209596E-01  5.108653E-02 -2.363461E-01  2.212368E-01  2.627105E-13
        11   5  2.830405E+00  6.230060E-01  8.928790E-01  4.098409E-01  7.866504E-01  3.853088E-13
        11   6  2.830405E+00  2.856974E-01  5.555705E-01  4.098409E-01  7.866504E-01  9.983000E-13
        11   7  1.148792E+00  6.230060E-01  3.883951E-01  4.098409E-01  2.212368E-01 -7.706175E-13
        11   8  1.148792E+00  2.856974E-01  5.108653E-02  4.098409E-01  2.212368E-01  7.005614E-14
        12   1  1.004195E+00  1.505981E-02 -6.169822E-02 -4.381229E-02  2.179310E-01  2.627105E-13
        12   2  1.004195E+00  3.884311E-01  3.116731E-01 -4.381229E-02  2.179310E-01  9.807860E-13
        12   3  1.646511E+00  1.505981E-02  1.309966E-01 -4.381229E-02  2.750527E-01 -5.254211E-13
        12   4  1.646511E+00  3.884311E-01  5.043680E-01 -4.381229E-02  2.750527E-01  2.451965E-13
        12   5  1.134791E+00  5.423861E-02 -6.169822E-02 -1.090942E-01  2.179310E-01  8.757018E-14
        12   6  1.134791E+00  4.276099E-01  3.116731E-01 -1.090942E-01  2.179310E-01  1.401123E-13
        12   7  1.777107E+00  5.423861E-02  1.309966E-01 -1.090942E-01  2.750527E-01 -1.576263E-13
        12   8  1.777107E+00  4.276099E-01  5.043680E-01 -1.090942E-01  2.750527E-01  1.926544E-13
        13   1  1.044662E+00  2.983841E-01  3.068446E-01 -1.105305E-01 -1.907036E-01  1.103384E-12
        13   2  1.044662E+00  1.837966E-01  1.922570E-01 -1.105305E-01 -1.907036E-01  2.627105E-12
        13   3  8.303441E-01  2.983841E-01  2.425493E-01 -1.105305E-01 -5.005603E-01  3.502807E-13
        13   4  8.303441E-01  1.837966E-01  1.279617E-01 -1.105305E-01 -5.005603E-01  1.506207E-12
        13   5  8.867473E-01  2.510098E-01  3.068446E-01  2.435914E-01 -1.907036E-01  8.932158E-13
        13   6  8.867473E-01  1.364222E-01  1.922570E-01  2.435914E-01 -1.907036E-01  1.418637E-12
        13   7  6.724296E-01  2.510098E-01  2.425493E-01  2.435914E-01 -5.005603E-01 -1.751404E-13
        13   8  6.724296E-01  1.364222E-01  1.279617E-01  2.435914E-01 -5.005603E-01  1.751404E-14
        14   1  6.381358E-01  5.924708E-02  9.019235E-02 -7.340077E-02 -6.616228E-01  5.254211E-13
        14   2  6.381358E-01  2.135120E-01  2.444573E-01 -7.340077E-02 -6.616228E-01 -1.190954E-12
        14   3  5.154165E-01  5.924708E-02  5.337656E-02 -7.340077E-02 -7.105045E-01  2.259311E-12
        14   4  5.154165E-01  2.135120E-01  2.076415E-01 -7.340077E-02 -7.105045E-01 -1.733889E-12
        14   5  7.217183E-01  8.432184E-02  9.019235E-02 -1.753594E-02 -6.616228E-01  1.506207E-12
        14   6  7.217183E-01  2.385868E-01  2.444573E-01 -1.753594E-02 -6.616228E-01 -2.101684E-13
        14   7  5.989990E-01  8.432184E-02  5.337656E-02 -1.753594E-02 -7.105045E-01  2.399423E-12
        14   8  5.989990E-01  2.385868E-01  2.076415E-01 -1.753594E-02 -7.105045E-01 -1.366095E-12
        15   1  2.428604E-02 -6.717529E-02 -6.541179E-02 -7.804936E-02 -1.015017E+00 -6.305053E-13
        15   2  2.428604E-02 -3.129806E-01 -3.112171E-01 -7.804936E-02 -1.015017E+00 -2.714675E-12
        15   3  3.528881E-03 -6.717529E-02 -7.163894E-02 -7.804936E-02 -1.203224E+00 -5.604491E-13
        15   4  3.528881E-03 -3.129806E-01 -3.174443E-01 -7.804936E-02 -1.203224E+00 -4.798846E-12
        15   5  1.528551E-02 -6.987545E-02 -6.541179E-02  1.370445E-01 -1.015017E+00 -2.241796E-12
        15   6  1.528551E-02 -3.156808E-01 -3.112171E-01  1.370445E-01 -1.015017E+00 -1.891516E-12
        15   7 -5.471648E-03 -6.987545E-02 -7.163894E-02  1.370445E-01 -1.203224E+00 -5.254211E-13
        15   8 -5.471648E-03 -3.156808E-01 -3.174443E-01  1.370445E-01 -1.203224E+00 -1.383609E-12
        16   1 -2.556958E-01 -4.456283E-01 -3.972104E-01 -1.924979E-01  5.497033E-01 -1.733889E-12
        16   2 -2.556958E-01 -1.043889E-01 -5.597092E-02 -1.924979E-01  5.497033E-01  1.996600E-12
        16   3 -5.190534E-01 -4.456283E-01 -4.762177E-01 -1.924979E-01  2.422739E-01 -2.434451E-12
        16   4 -5.190534E-01 -1.043889E-01 -1.349782E-01 -1.924979E-01  2.422739E-01 -5.429351E-13
        16   5 -1.962672E-01 -4.277997E-01 -3.972104E-01  1.588500E-01  5.497033E-01  5.254211E-14
        16   6 -1.962672E-01 -8.656027E-02 -5.597092E-02  1.588500E-01  5.497033E-01  7.355895E-13
        16   7 -4.596248E-01 -4.277997E-01 -4.762177E-01  1.588500E-01  2.422739E-01 -6.830474E-13
        16   8 -4.596248E-01 -8.656027E-02 -1.349782E-01  1.588500E-01  2.422739E-01  1.173440E-12
        17   1  3.344172E-01 -6.624512E-02  1.042997E-01  1.218020E-01 -3.035541E-01  1.751404E-14
        17   2  3.344172E-01 -1.173930E-01  5.315175E-02  1.218020E-01 -3.035541E-01  6.129912E-13
        17   3 -4.419311E-01 -6.624512E-02 -1.286048E-01  1.218020E-01 -2.190799E-02  2.101684E-13
        17   4 -4.419311E-01 -1.173930E-01 -1.797527E-01  1.218020E-01 -2.190799E-02  1.751404E-13
        17   5  6.950342E-01  4.193999E-02  1.042997E-01 -1.018582E-01 -3.035541E-01 -8.757018E-14
        17   6  6.950342E-01 -9.207938E-03  5.315175E-02 -1.018582E-01 -3.035541E-01  5.079070E-13
        17   7 -8.131402E-02  4.193999E-02 -1.286048E-01 -1.018582E-01 -2.190799E-02  1.401123E-13
        17   8 -8.131402E-02 -9.207938E-03 -1.797527E-01 -1.018582E-01 -2.190799E-02  1.751404E-13
        18   1 -1.515774E-01 -1.059350E-01 -1.704399E-01  1.261243E-01  1.580802E-01 -6.480193E-13
        18   2 -1.515774E-01 -8.596740E-02 -1.504723E-01  1.261243E-01  1.580802E-01  1.033328E-12
        18   3  2.634739E-01 -1.059350E-01 -4.592454E-02  1.261243E-01  4.868906E-01  4.553649E-13
        18   4  2.634739E-01 -8.596740E-02 -2.595697E-02  1.261243E-01  4.868906E-01  1.751404E-14
        18   5 -1.665591E-01 -1.104295E-01 -1.704399E-01 -1.349898E-01  1.580802E-01 -1.401123E-13
        18   6 -1.665591E-01 -9.046192E-02 -1.504723E-01 -1.349898E-01  1.580802E-01  8.581877E-13
        18   7  2.484922E-01 -1.104295E-01 -4.592454E-02 -1.349898E-01  4.868906E-01  1.576263E-13
        18   8  2.484922E-01 -9.046192E-02 -2.595697E-02 -1.349898E-01  4.868906E-01 -1.576263E-13
        19   1  2.458825E-01  1.538772E-02  4.711406E-02 -8.304446E-02  4.822083E-01  3.502807E-14
        19   2  2.458825E-01  1.680838E-02  4.853471E-02 -8.304446E-02  4.822083E-01 -5.254211E-14
        19   3  2.371450E-01  1.538772E-02  4.449280E-02 -8.304446E-02  2.814712E-01 -3.502807E-14
        19   4  2.371450E-01  1.680838E-02  4.591345E-02 -8.304446E-02  2.814712E-01  3.327667E-13
        19   5  4.486539E-01  7.621913E-02  4.711406E-02  7.636444E-02  4.822083E-01 -3.502807E-14
        19   6  4.486539E-01  7.763979E-02  4.853471E-02  7.636444E-02  4.822083E-01 -2.627105E-13
        19   7  4.399164E-01  7.621913E-02  4.449280E-02  7.636444E-02  2.814712E-01 -4.903930E-13
        19   8  4.399164E-01  7.763979E-02  4.591345E-02  7.636444E-02  2.814712E-01 -2.977386E-13
        20   1  5.298044E-01  9.238533E-02  7.212957E-02 -9.094386E-02  2.291148E-01 -1.050842E-13
        20   2  5.298044E-01  5.558547E-02  3.532970E-02 -9.094386E-02  2.291148E-01  1.050842E-13
        20   3  4.820244E-01  9.238533E-02  5.779555E-02 -9.094386E-02 -2.569401E-02  7.180754E-13
        20   4  4.820244E-01  5.558547E-02  2.099568E-02 -9.094386E-02 -2.569401E-02  4.028228E-13
        20   5  3.469859E-01  3.753978E-02  7.212957E-02  1.114043E-01  2.291148E-01 -2.627105E-13
        20   6  3.469859E-01  7.399193E-04  3.532970E-02  1.114043E-01  2.291148E-01  3.677947E-13
        20   7  2.992059E-01  3.753978E-02  5.779555E-02  1.114043E-01 -2.569401E-02  1.120898E-12
        20   8  2.992059E-01  7.399193E-04  2.099568E-02  1.114043E-01 -2.569401E-02  5.079070E-13
        21   1  3.574261E-01  6.781195E-03  1.899744E-02 -6.772026E-02  4.368517E-02  1.050842E-13
        21   2  3.574261E-01  5.592209E-02  6.813834E-02 -6.772026E-02  4.368517E-02  1.751404E-13
        21   3  3.334764E-01  6.781195E-03  1.181253E-02 -6.772026E-02 -8.744645E-02 -1.593777E-12
        21   4  3.334764E-01  5.592209E-02  6.095343E-02 -6.772026E-02 -8.744645E-02 -1.576263E-13
        21   5  4.149180E-01  2.402877E-02  1.899744E-02  3.641366E-02  4.368517E-02  7.881316E-13
        21   6  4.149180E-01  7.316967E-02  6.813834E-02  3.641366E-02  4.368517E-02 -1.050842E-13
        21   7  3.909683E-01  2.402877E-02  1.181253E-02  3.641366E-02 -8.744645E-02 -2.171740E-12
        21   8  3.909683E-01  7.316967E-02  6.095343E-02  3.641366E-02 -8.744645E-02 -1.173440E-12
        22   1  2.136923E-01  2.411010E-02 -5.127926E-03 -6.712115E-02 -1.939456E-01  2.802246E-13
        22   2  2.136923E-01  4.969862E-02  2.046060E-02 -6.712115E-02 -1.939456E-01 -9.457579E-13
        22   3  2.622606E-01  2.411010E-02  9.442573E-03 -6.712115E-02 -3.935317E-01 -6.830474E-13
        22   4  2.622606E-01  4.969862E-02  3.503110E-02 -6.712115E-02 -3.935317E-01  5.954772E-13
        22   5  6.734045E-02 -1.979545E-02 -5.127926E-03  9.137370E-02 -1.939456E-01 -1.401123E-13
        22   6  6.734045E-02  5.793070E-03  2.046060E-02  9.137370E-02 -1.939456E-01  1.418637E-12
        22   7  1.159088E-01 -1.979545E-02  9.442573E-03  9.137370E-02 -3.935317E-01 -5.254211E-13
        22   8  1.159088E-01  5.793070E-03  3.503110E-02  9.137370E-02 -3.935317E-01  4.553649E-13
        23   1  3.903142E-02 -8.264845E-02 -1.092345E-02 -1.019947E-02 -3.008101E-01  1.506207E-12
        23   2  3.903142E-02 -1.129035E-01 -4.117847E-02 -1.019947E-02 -3.008101E-01  3.170040E-12
        23   3 -2.679795E-01 -8.264845E-02 -1.030267E-01 -1.019947E-02 -3.187708E-01  1.225982E-12
        23   4 -2.679795E-01 -1.129035E-01 -1.332818E-01 -1.019947E-02 -3.187708E-01  5.954772E-13
        23   5  2.101872E-01 -3.130172E-02 -1.092345E-02  4.063440E-03 -3.008101E-01  1.155926E-12
        23   6  2.101872E-01 -6.155675E-02 -4.117847E-02  4.063440E-03 -3.008101E-01  4.553649E-13
        23   7 -9.682376E-02 -3.130172E-02 -1.030267E-01  4.063440E-03 -3.187708E-01  2.014114E-12
        23   8 -9.682376E-02 -6.155675E-02 -1.332818E-01  4.063440E-03 -3.187708E-01  1.085870E-12
        24   1  1.663057E-02 -9.171514E-02 -7.352414E-02  7.531166E-02 -2.265513E-02  1.698861E-12
        24   2  1.663057E-02 -7.527009E-02 -5.707910E-02  7.531166E-02 -2.265513E-02  6.830474E-13
        24   3 -7.935134E-02 -9.171514E-02 -1.023187E-01  7.531166E-02  1.847252E-01  1.926544E-12
        24   4 -7.935134E-02 -7.527009E-02 -8.587367E-02  7.531166E-02  1.847252E-01 -1.331067E-12
        24   5  4.192194E-02 -8.412773E-02 -7.352414E-02 -8.937271E-02 -2.265513E-02  2.154226E-12
        24   6  4.192194E-02 -6.768268E-02 -5.707910E-02 -8.937271E-02 -2.265513E-02  7.531035E-13
        24   7 -5.405997E-02 -8.412773E-02 -1.023187E-01 -8.937271E-02  1.847252E-01  4.203368E-13
        24   8 -5.405997E-02 -6.768268E-02 -8.587367E-02 -8.937271E-02  1.847252E-01  7.706175E-13
        25   1 -6.472857E-01 -1.392574E-01 -1.288814E-01  2.797655E-01 -7.290737E-02 -4.860145E-13
        25   2 -6.472857E-01 -8.133199E-02 -7.095598E-02  2.797655E-01 -7.290737E-02  1.417542E-13
        25   3 -7.180088E-01 -1.392574E-01 -1.500983E-01  2.797655E-01 -1.756660E-01  2.276825E-13
        25   4 -7.180088E-01 -8.133199E-02 -9.217292E-02  2.797655E-01 -1.756660E-01  2.446492E-13
        25   5 -6.488354E-01 -1.397223E-01 -1.288814E-01  3.825241E-01 -7.290737E-02 -2.046953E-13
        25   6 -6.488354E-01 -8.179690E-02 -7.095598E-02  3.825241E-01 -7.290737E-02  4.487971E-14
        25   7 -7.195585E-01 -1.397223E-01 -1.500983E-01  3.825241E-01 -1.756660E-01  3.229150E-13
        25   8 -7.195585E-01 -8.179690E-02 -9.217292E-02  3.825241E-01 -1.756660E-01  3.075902E-13
        26   1 -9.301973E-01 -1.625762E-01 -1.189684E-01  3.008495E-01  1.986399E-01 -8.455995E-13
        26   2 -9.301973E-01 -2.071259E-01 -1.635181E-01  3.008495E-01  1.986399E-01  8.138553E-13
        26   3 -9.260181E-01 -1.625762E-01 -1.177146E-01  3.008495E-01  2.339658E-01 -4.701424E-13
        26   4 -9.260181E-01 -2.071259E-01 -1.622643E-01  3.008495E-01  2.339658E-01 -8.921212E-14
        26   5 -6.352996E-01 -7.410685E-02 -1.189684E-01  2.655237E-01  1.986399E-01 -2.205674E-13
        26   6 -6.352996E-01 -1.186566E-01 -1.635181E-01  2.655237E-01  1.986399E-01  7.788272E-13
        26   7 -6.311205E-01 -7.410685E-02 -1.177146E-01  2.655237E-01  2.339658E-01  5.752266E-13
        26   8 -6.311205E-01 -1.186566E-01 -1.622643E-01  2.655237E-01  2.339658E-01  5.035285E-14
        27   1 -5.453099E-02  6.368743E-02  5.680920E-02  1.954674E-01  1.171895E-01  1.729511E-13
        27   2 -5.453099E-02 -6.538236E-02 -7.226060E-02  1.954674E-01  1.171895E-01  2.079792E-13
        27   3 -1.195845E-01  6.368743E-02  3.729313E-02  1.954674E-01  1.019132E-01 -2.337029E-13
        27   4 -1.195845E-01 -6.538236E-02 -9.177666E-02  1.954674E-01  1.019132E-01 -1.282356E-12
        27   5 -1.654394E-01  3.041490E-02  5.680920E-02  2.107437E-01  1.171895E-01  5.018866E-13
        27   6 -1.654394E-01 -9.865490E-02 -7.226060E-02  2.107437E-01  1.171895E-01  3.355032E-13
        27   7 -2.304930E-01  3.041490E-02  3.729313E-02  2.107437E-01  1.019132E-01 -1.811608E-13
        27   8 -2.304930E-01 -9.865490E-02 -9.177666E-02  2.107437E-01  1.019132E-01 -1.050842E-13
        28   1  3.193646E-01  6.420426E-02  6.795065E-02  1.585503E-01  1.143032E-01 -1.443813E-12
        28   2  3.193646E-01  1.428453E-02  1.803092E-02  1.585503E-01  1.143032E-01 -1.866887E-12
        28   3  3.631052E-01  6.420426E-02  8.107283E-02  1.585503E-01  1.402224E-01  5.270630E-13
        28   4  3.631052E-01  1.428453E-02  3.115311E-02  1.585503E-01  1.402224E-01 -1.192596E-12
        28   5  3.880812E-01  8.481922E-02  6.795065E-02  1.326310E-01  1.143032E-01 -6.660806E-13
        28   6  3.880812E-01  3.489949E-02  1.803092E-02  1.326310E-01  1.143032E-01 -9.813333E-13
        28   7  4.318218E-01  8.481922E-02  8.107283E-02  1.326310E-01  1.402224E-01  1.728964E-12
        28   8  4.318218E-01  3.489949E-02  3.115311E-02  1.326310E-01  1.402224E-01  2.851504E-13
        29   1  5.564661E-01  7.202165E-02  5.235403E-02  1.964362E-02 -4.566741E-02 -2.040385E-12
        29   2  5.564661E-01  8.647385E-02  6.680624E-02  1.964362E-02 -4.566741E-02 -1.264294E-12
        29   3  5.253203E-01  7.202165E-02  4.301031E-02  1.964362E-02 -5.314732E-02 -1.174535E-12
        29   4  5.253203E-01  8.647385E-02  5.746252E-02  1.964362E-02 -5.314732E-02 -9.545149E-13
        29   5  3.942029E-01  2.334269E-02  5.235403E-02  2.712354E-02 -4.566741E-02 -7.005614E-13
        29   6  3.942029E-01  3.779490E-02  6.680624E-02  2.712354E-02 -4.566741E-02 -4.706897E-13
        29   7  3.630571E-01  2.334269E-02  4.301031E-02  2.712354E-02 -5.314732E-02 -3.885927E-13
        29   8  3.630571E-01  3.779490E-02  5.746252E-02  2.712354E-02 -5.314732E-02 -7.268325E-13
        30   1  1.283984E-01 -3.022918E-02 -2.712686E-02 -1.185656E-01 -5.829818E-02 -1.314647E-12
        30   2  1.283984E-01  7.454933E-02  7.765165E-02 -1.185656E-01 -5.829818E-02  1.342560E-12
        30   3  1.451919E-01 -3.022918E-02 -2.208881E-02 -1.185656E-01 -8.871297E-02  7.191701E-13
        30   4  1.451919E-01  7.454933E-02  8.268970E-02 -1.185656E-01 -8.871297E-02  2.389571E-12
        30   5  1.658741E-01 -1.898649E-02 -2.712686E-02 -8.815079E-02 -5.829818E-02 -7.996252E-13
        30   6  1.658741E-01  8.579203E-02  7.765165E-02 -8.815079E-02 -5.829818E-02 -5.226845E-13
        30   7  1.826676E-01 -1.898649E-02 -2.208881E-02 -8.815079E-02 -8.871297E-02  1.089154E-13
        30   8  1.826676E-01  8.579203E-02  8.268970E-02 -8.815079E-02 -8.871297E-02  2.908972E-12
        31   1 -4.416693E-01 -1.319253E-01 -1.189869E-01 -2.749434E-01 -1.788998E-01  1.908209E-12
        31   2 -4.416693E-01 -7.956866E-02 -6.663019E-02 -2.749434E-01 -1.788998E-01  1.495261E-12
        31   3 -5.106380E-01 -1.319253E-01 -1.396775E-01 -2.749434E-01 -2.144630E-01  9.304331E-13
        31   4 -5.106380E-01 -7.956866E-02 -8.732081E-02 -2.749434E-01 -2.144630E-01  2.759008E-12
        31   5 -4.243815E-01 -1.267390E-01 -1.189869E-01 -2.393802E-01 -1.788998E-01  1.681895E-12
        31   6 -4.243815E-01 -7.438234E-02 -6.663019E-02 -2.393802E-01 -1.788998E-01  4.427767E-12
        31   7 -4.933502E-01 -1.267390E-01 -1.396775E-01 -2.393802E-01 -2.144630E-01  3.229698E-12
        31   8 -4.933502E-01 -7.438234E-02 -8.732081E-02 -2.393802E-01 -2.144630E-01  1.698861E-12
        32   1 -5.371217E-01 -8.604948E-02 -6.376000E-02 -3.624818E-01  3.148673E-02  1.676969E-12
        32   2 -5.371217E-01 -1.270493E-01 -1.047598E-01 -3.624818E-01  3.148673E-02 -6.261268E-13
        32   3 -5.118134E-01 -8.604948E-02 -5.616750E-02 -3.624818E-01  7.071322E-02  3.913292E-12
        32   4 -5.118134E-01 -1.270493E-01 -9.716729E-02 -3.624818E-01  7.071322E-02  3.151979E-12
        32   5 -3.632168E-01 -3.387802E-02 -6.376000E-02 -4.017083E-01  3.148673E-02  1.329425E-12
        32   6 -3.632168E-01 -7.487781E-02 -1.047598E-01 -4.017083E-01  3.148673E-02  4.258100E-13
        32   7 -3.379085E-01 -3.387802E-02 -5.616750E-02 -4.017083E-01  7.071322E-02  2.162436E-12
        32   8 -3.379085E-01 -7.487781E-02 -9.716729E-02 -4.017083E-01  7.071322E-02  2.238239E-12
        33   1 -2.222896E+00  5.806501E-01 -1.039973E+01 -3.152526E-13  1.169143E+00  1.638985E+00
        33   2 -2.748040E+00  5.550601E-02 -1.039973E+01  1.576263E-13  1.169143E+00  1.638985E+00
        33   3  3.652445E+00  5.806501E-01  9.184736E+00  1.401123E-13 -1.469011E+00  1.638985E+00
        33   4  3.127301E+00  5.550601E-02  9.184736E+00  0.000000E+00 -1.469011E+00  1.638985E+00
        33   5 -2.222896E+00  8.488987E-01 -9.505571E+00 -3.502807E-13  1.169143E+00 -9.991689E-01
        33   6 -2.748040E+00  3.237546E-01 -9.505571E+00  2.451965E-13  1.169143E+00 -9.991689E-01
        33   7  3.652445E+00  8.488987E-01  1.007890E+01  3.502807E-14 -1.469011E+00 -9.991689E-01
        33   8  3.127301E+00  3.237546E-01  1.007890E+01  3.502807E-14 -1.469011E+00 -9.991689E-01
        34   1  7.949739E-01  1.068324E-01  2.704731E+00 -5.254211E-14  1.436290E-01  6.576085E-01
        34   2  7.292528E-01  4.111139E-02  2.704731E+00 -2.627105E-13  1.436290E-01  6.576085E-01
        34   3 -7.012653E-01  1.068324E-01 -2.282733E+00 -1.751404E-13 -5.121081E-01  6.576085E-01
        34   4 -7.669864E-01  4.111139E-02 -2.282733E+00 -8.757018E-14 -5.121081E-01  6.576085E-01
        34   5  7.949739E-01 -1.312389E-02  2.304877E+00 -8.757018E-14  1.436290E-01  1.871431E-03
        34   6  7.292528E-01 -7.884494E-02  2.304877E+00 -2.977386E-13  1.436290E-01  1.871431E-03
        34   7 -7.012653E-01 -1.312389E-02 -2.682587E+00 -2.101684E-13 -5.121081E-01  1.871431E-03
        34   8 -7.669864E-01 -7.884494E-02 -2.682587E+00 -5.254211E-14 -5.121081E-01  1.871431E-03
        35   1  3.749407E+00  2.819157E-02  1.215415E+01 -7.005614E-14 -2.554135E-01  4.443648E-01
        35   2  3.853256E+00  1.320400E-01  1.215415E+01  1.401123E-13 -2.554135E-01  4.443648E-01
        35   3 -3.536927E+00  2.819157E-02 -1.213363E+01  1.050842E-13 -5.164487E-01  4.443648E-01
        35   4 -3.433079E+00  1.320400E-01 -1.213363E+01  7.005614E-14 -5.164487E-01  4.443648E-01
        35   5  3.749407E+00  1.842883E-01  1.267448E+01 -1.050842E-13 -2.554135E-01  1.833297E-01
        35   6  3.853256E+00  2.881367E-01  1.267448E+01  1.050842E-13 -2.554135E-01  1.833297E-01
        35   7 -3.536927E+00  1.842883E-01 -1.161331E+01  5.254211E-14 -5.164487E-01  1.833297E-01
        35   8 -3.433079E+00  2.881367E-01 -1.161331E+01 -5.254211E-14 -5.164487E-01  1.833297E-01
        36   1 -3.523282E+00  4.165799E-01 -9.625307E+00 -1.620048E-13 -2.471006E-03 -1.243904E+00
        36   2 -3.452102E+00  4.877598E-01 -9.625307E+00 -4.378509E-14 -2.471006E-03 -1.243904E+00
        36   3  4.170867E+00  4.165799E-01  1.602186E+01  1.007057E-13  3.695239E+00 -1.243904E+00
        36   4  4.242047E+00  4.877598E-01  1.602186E+01 -7.881316E-14  3.695239E+00 -1.243904E+00
        36   5 -3.523282E+00  2.310058E-01 -1.024389E+01 -1.291660E-13 -2.471006E-03  2.453806E+00
        36   6 -3.452102E+00  3.021856E-01 -1.024389E+01  4.378509E-14 -2.471006E-03  2.453806E+00
        36   7  4.170867E+00  2.310058E-01  1.540328E+01  1.620048E-13  3.695239E+00  2.453806E+00
        36   8  4.242047E+00  3.021856E-01  1.540328E+01  2.627105E-14  3.695239E+00  2.453806E+00
        37   1  1.278166E+00 -1.126417E-01  5.625587E+00  1.576263E-13 -7.096295E-01 -5.439625E-01
        37   2  1.671256E+00  2.804482E-01  5.625587E+00 -3.502807E-13 -7.096295E-01 -5.439625E-01
        37   3 -1.356460E+00 -1.126417E-01 -3.156501E+00 -2.276825E-13  1.167928E+00 -5.439625E-01
        37   4 -9.633705E-01  2.804482E-01 -3.156501E+00 -1.926544E-13  1.167928E+00 -5.439625E-01
        37   5  1.278166E+00  3.434724E-02  6.115550E+00 -2.627105E-14 -7.096295E-01  1.333594E+00
        37   6  1.671256E+00  4.274371E-01  6.115550E+00 -7.005614E-14 -7.096295E-01  1.333594E+00
        37   7 -1.356460E+00  3.434724E-02 -2.666538E+00 -1.576263E-13  1.167928E+00  1.333594E+00
        37   8 -9.633705E-01  4.274371E-01 -2.666538E+00  3.152526E-13  1.167928E+00  1.333594E+00
        38   1  4.311247E+00  3.224161E-01  1.452283E+01  2.802246E-13  2.160168E-01  4.042982E-02
        38   2  4.524169E+00  5.353379E-01  1.452283E+01  4.728789E-13  2.160168E-01  4.042982E-02
        38   3 -3.822571E+00  3.224161E-01 -1.258989E+01 -1.401123E-13  4.912065E-01  4.042982E-02
        38   4 -3.609649E+00  5.353379E-01 -1.258989E+01  5.254211E-13  4.912065E-01  4.042982E-02
        38   5  4.311247E+00  1.662601E-01  1.400231E+01  5.254211E-13  2.160168E-01  3.156195E-01
        38   6  4.524169E+00  3.791818E-01  1.400231E+01  6.305053E-13  2.160168E-01  3.156195E-01
        38   7 -3.822571E+00  1.662601E-01 -1.311041E+01 -8.757018E-14  4.912065E-01  3.156195E-01
        38   8 -3.609649E+00  3.791818E-01 -1.311041E+01  2.101684E-13  4.912065E-01  3.156195E-01
        39   1 -8.148361E+00 -3.785845E+00 -1.500443E+01  2.977386E-13  2.659820E+00  1.894150E+00
        39   2 -5.589629E+00 -1.227114E+00 -1.500443E+01 -1.401123E-13  2.659820E+00  1.894150E+00
        39   3  5.998516E-01 -3.785845E+00  1.415628E+01  3.152526E-13  4.471011E-01  1.894150E+00
        39   4  3.158583E+00 -1.227114E+00  1.415628E+01 -4.903930E-13  4.471011E-01  1.894150E+00
        39   5 -8.148361E+00 -3.762664E+00 -1.492716E+01 -8.757018E-14  2.659820E+00 -3.185690E-01
        39   6 -5.589629E+00 -1.203933E+00 -1.492716E+01 -2.627105E-13  2.659820E+00 -3.185690E-01
        39   7  5.998516E-01 -3.762664E+00  1.423354E+01  2.802246E-13  4.471011E-01 -3.185690E-01
        39   8  3.158583E+00 -1.203933E+00  1.423354E+01 -1.050842E-13  4.471011E-01 -3.185690E-01
        40   1  1.733876E+00  9.930488E-02  6.087683E+00 -2.276825E-13  1.878084E+00  8.980978E-01
        40   2  1.740861E+00  1.062899E-01  6.087683E+00  7.005614E-14  1.878084E+00  8.980978E-01
        40   3 -1.603528E+00  9.930488E-02 -5.036995E+00 -1.225982E-13  9.472737E-01  8.980978E-01
        40   4 -1.596543E+00  1.062899E-01 -5.036995E+00 -7.005614E-14  9.472737E-01  8.980978E-01
        40   5  1.733876E+00  3.104368E-02  5.860146E+00  2.276825E-13  1.878084E+00 -3.271278E-02
        40   6  1.740861E+00  3.802868E-02  5.860146E+00  5.079070E-13  1.878084E+00 -3.271278E-02
        40   7 -1.603528E+00  3.104368E-02 -5.264533E+00  2.276825E-13  9.472737E-01 -3.271278E-02
        40   8 -1.596543E+00  3.802868E-02 -5.264533E+00  6.830474E-13  9.472737E-01 -3.271278E-02
        41   1  4.438608E+00  3.584907E-03  1.453433E+01  1.225982E-12  9.767669E-01  2.245573E-01
        41   2  4.587013E+00  1.519893E-01  1.453433E+01  3.502807E-13  9.767669E-01  2.245573E-01
        41   3 -4.261619E+00  3.584907E-03 -1.446643E+01  5.604491E-13  9.100570E-01  2.245573E-01
        41   4 -4.113214E+00  1.519893E-01 -1.446643E+01 -9.807860E-13  9.100570E-01  2.245573E-01
        41   5  4.438608E+00  1.734043E-01  1.510039E+01  8.932158E-13  9.767669E-01  1.578473E-01
        41   6  4.587013E+00  3.218088E-01  1.510039E+01  7.180754E-13  9.767669E-01  1.578473E-01
        41   7 -4.261619E+00  1.734043E-01 -1.390037E+01 -1.926544E-13  9.100570E-01  1.578473E-01
        41   8 -4.113214E+00  3.218088E-01 -1.390037E+01 -1.190954E-12  9.100570E-01  1.578473E-01
        42   1 -3.250967E+00  6.773736E-01 -1.302273E+01  4.028228E-13 -3.887060E-01 -1.315534E-01
        42   2 -4.302366E+00 -3.740255E-01 -1.302273E+01 -8.932158E-13 -3.887060E-01 -1.315534E-01
        42   3  4.507065E+00  6.773736E-01  1.283738E+01  8.757018E-14  9.262279E-01 -1.315534E-01
        42   4  3.455666E+00 -3.740255E-01  1.283738E+01 -5.429351E-13  9.262279E-01 -1.315534E-01
        42   5 -3.250967E+00  5.787247E-01 -1.335156E+01  1.401123E-13 -3.887060E-01  1.183381E+00
        42   6 -4.302366E+00 -4.726745E-01 -1.335156E+01 -1.576263E-13 -3.887060E-01  1.183381E+00
        42   7  4.507065E+00  5.787247E-01  1.250855E+01 -3.502807E-14  9.262279E-01  1.183381E+00
        42   8  3.455666E+00 -4.726745E-01  1.250855E+01 -1.225982E-13  9.262279E-01  1.183381E+00
        43   1  7.343352E-01 -6.231284E-01  4.239564E+00  4.378509E-13  7.681228E-01  3.528239E-01
        43   2  1.080049E+00 -2.774142E-01  4.239564E+00  1.103384E-12  7.681228E-01  3.528239E-01
        43   3 -1.904544E+00 -6.231284E-01 -4.556698E+00  1.926544E-13  9.204059E-01  3.528239E-01
        43   4 -1.558829E+00 -2.774142E-01 -4.556698E+00  1.926544E-13  9.204059E-01  3.528239E-01
        43   5  7.343352E-01 -5.470800E-01  4.493059E+00  1.138412E-12  7.681228E-01  5.051070E-01
        43   6  1.080049E+00 -2.013658E-01  4.493059E+00  5.779632E-13  7.681228E-01  5.051070E-01
        43   7 -1.904544E+00 -5.470800E-01 -4.303204E+00 -5.079070E-13  9.204059E-01  5.051070E-01
        43   8 -1.558829E+00 -2.013658E-01 -4.303204E+00  5.254211E-14  9.204059E-01  5.051070E-01
        44   1  4.261035E+00  1.435683E-01  1.452968E+01  1.926544E-13  7.983900E-01  2.358364E-01
        44   2  4.278949E+00  1.614823E-01  1.452968E+01 -1.278525E-12  7.983900E-01  2.358364E-01
        44   3 -4.090944E+00  1.435683E-01 -1.331025E+01 -2.276825E-13  6.618954E-01  2.358364E-01
        44   4 -4.073030E+00  1.614823E-01 -1.331025E+01 -1.401123E-13  6.618954E-01  2.358364E-01
        44   5  4.261035E+00  2.652276E-02  1.413953E+01  6.129912E-13  7.983900E-01  9.934190E-02
        44   6  4.278949E+00  4.443674E-02  1.413953E+01 -9.282439E-13  7.983900E-01  9.934190E-02
        44   7 -4.090944E+00  2.652276E-02 -1.370040E+01 -2.276825E-13  6.618954E-01  9.934190E-02
        44   8 -4.073030E+00  4.443674E-02 -1.370040E+01 -9.983000E-13  6.618954E-01  9.934190E-02
        45   1 -5.456112E+00 -1.634319E+00 -1.352122E+01  3.677947E-13  1.045450E-01  1.143672E+00
        45   2 -4.487295E+00 -6.655014E-01 -1.352122E+01  9.457579E-13  1.045450E-01  1.143672E+00
        45   3  2.268807E+00 -1.634319E+00  1.222851E+01 -7.180754E-13 -7.683786E-01  1.143672E+00
        45   4  3.237624E+00 -6.655014E-01  1.222851E+01 -1.926544E-13 -7.683786E-01  1.143672E+00
        45   5 -5.456112E+00 -1.552986E+00 -1.325011E+01 -4.028228E-13  1.045450E-01  2.707486E-01
        45   6 -4.487295E+00 -5.841687E-01 -1.325011E+01 -1.576263E-13  1.045450E-01  2.707486E-01
        45   7  2.268807E+00 -1.552986E+00  1.249962E+01 -3.677947E-13 -7.683786E-01  2.707486E-01
        45   8  3.237624E+00 -5.841687E-01  1.249962E+01  3.327667E-13 -7.683786E-01  2.707486E-01
        46   1  1.417387E+00 -3.877328E-02  5.081153E+00  7.355895E-13  2.745855E-01  4.832614E-01
        46   2  1.352930E+00 -1.032303E-01  5.081153E+00 -1.751404E-13  2.745855E-01  4.832614E-01
        46   3 -1.560926E+00 -3.877328E-02 -4.846558E+00  2.451965E-13 -7.235241E-03  4.832614E-01
        46   4 -1.625383E+00 -1.032303E-01 -4.846558E+00 -1.225982E-12 -7.235241E-03  4.832614E-01
        46   5  1.417387E+00 -1.047663E-01  4.861176E+00  2.241796E-12  2.745855E-01  2.014406E-01
        46   6  1.352930E+00 -1.692233E-01  4.861176E+00 -2.101684E-13  2.745855E-01  2.014406E-01
        46   7 -1.560926E+00 -1.047663E-01 -5.066535E+00 -4.903930E-13 -7.235241E-03  2.014406E-01
        46   8 -1.625383E+00 -1.692233E-01 -5.066535E+00  0.000000E+00 -7.235241E-03  2.014406E-01
        47   1  3.815849E+00 -1.286266E-01  1.298601E+01  3.502807E-13  2.212889E-01  1.672272E-01
        47   2  3.820643E+00 -1.238325E-01  1.298601E+01  1.261011E-12  2.212889E-01  1.672272E-01
        47   3 -3.963145E+00 -1.286266E-01 -1.294397E+01 -5.954772E-13  1.745430E-01  1.672272E-01
        47   4 -3.958351E+00 -1.238325E-01 -1.294397E+01  8.056456E-13  1.745430E-01  1.672272E-01
        47   5  3.815849E+00 -1.866900E-02  1.335253E+01 -4.903930E-13  2.212889E-01  1.204813E-01
        47   6  3.820643E+00 -1.387488E-02  1.335253E+01  1.961572E-12  2.212889E-01  1.204813E-01
        47   7 -3.963145E+00 -1.866900E-02 -1.257744E+01 -1.751404E-13  1.745430E-01  1.204813E-01
        47   8 -3.958351E+00 -1.387488E-02 -1.257744E+01 -8.932158E-13  1.745430E-01  1.204813E-01
        48   1 -3.489714E+00  1.555038E-01 -1.235226E+01  3.677947E-13 -1.098046E+00  3.123329E-01
        48   2 -3.891185E+00 -2.459677E-01 -1.235226E+01 -2.101684E-13 -1.098046E+00  3.123329E-01
        48   3  3.739591E+00  1.555038E-01  1.174542E+01  1.225982E-13 -6.572687E-01  3.123329E-01
        48   4  3.338119E+00 -2.459677E-01  1.174542E+01 -5.254211E-13 -6.572687E-01  3.123329E-01
        48   5 -3.489714E+00  9.437333E-02 -1.255603E+01 -2.627105E-13 -1.098046E+00  7.531107E-01
        48   6 -3.891185E+00 -3.070982E-01 -1.255603E+01 -1.173440E-12 -1.098046E+00  7.531107E-01
        48   7  3.739591E+00  9.437333E-02  1.154166E+01 -2.049142E-12 -6.572687E-01  7.531107E-01
        48   8  3.338119E+00 -3.070982E-01  1.154166E+01  0.000000E+00 -6.572687E-01  7.531107E-01
        49   1  1.048594E+00 -2.771342E-01  4.194000E+00 -4.728789E-13 -5.912282E-01  4.674205E-01
        49   2  1.147865E+00 -1.778628E-01  4.194000E+00 -1.296039E-12 -5.912282E-01  4.674205E-01
        49   3 -1.567562E+00 -2.771342E-01 -4.526518E+00  1.050842E-13 -7.441249E-01  4.674205E-01
        49   4 -1.468290E+00 -1.778628E-01 -4.526518E+00  8.231596E-13 -7.441249E-01  4.674205E-01
        49   5  1.048594E+00 -2.418337E-01  4.311669E+00 -8.757018E-13 -5.912282E-01  3.145237E-01
        49   6  1.147865E+00 -1.425622E-01  4.311669E+00 -5.954772E-13 -5.912282E-01  3.145237E-01
        49   7 -1.567562E+00 -2.418337E-01 -4.408849E+00  1.383609E-12 -7.441249E-01  3.145237E-01
        49   8 -1.468290E+00 -1.425622E-01 -4.408849E+00  4.028228E-13 -7.441249E-01  3.145237E-01
        50   1  3.823009E+00  1.027111E-01  1.307245E+01  9.282439E-13 -3.017609E-01  1.391394E-01
        50   2  3.793115E+00  7.281649E-02  1.307245E+01 -6.830474E-13 -3.017609E-01  1.391394E-01
        50   3 -3.721269E+00  1.027111E-01 -1.207514E+01  6.129912E-13 -3.661403E-01  1.391394E-01
        50   4 -3.751164E+00  7.281649E-02 -1.207514E+01  1.926544E-13 -3.661403E-01  1.391394E-01
        50   5  3.823009E+00 -9.711792E-04  1.272684E+01 -5.079070E-13 -3.017609E-01  7.475999E-02
        50   6  3.793115E+00 -3.086574E-02  1.272684E+01 -7.180754E-13 -3.017609E-01  7.475999E-02
        50   7 -3.721269E+00 -9.711792E-04 -1.242075E+01 -1.663833E-12 -3.661403E-01  7.475999E-02
        50   8 -3.751164E+00 -3.086574E-02 -1.242075E+01 -6.830474E-13 -3.661403E-01  7.475999E-02
        51   1 -3.989403E+00 -4.701950E-01 -1.234109E+01  1.681347E-12 -1.478621E+00  8.330157E-01
        51   2 -3.734681E+00 -2.154728E-01 -1.234109E+01  5.779632E-13 -1.478621E+00  8.330157E-01
        51   3  3.180342E+00 -4.701950E-01  1.155806E+01 -4.553649E-13 -1.880130E+00  8.330157E-01
        51   4  3.435064E+00 -2.154728E-01  1.155806E+01 -8.757018E-13 -1.880130E+00  8.330157E-01
        51   5 -3.989403E+00 -3.388657E-01 -1.190333E+01  1.663833E-12 -1.478621E+00  4.315068E-01
        51   6 -3.734681E+00 -8.414350E-02 -1.190333E+01  3.502807E-13 -1.478621E+00  4.315068E-01
        51   7  3.180342E+00 -3.388657E-01  1.199582E+01 -1.926544E-13 -1.880130E+00  4.315068E-01
        51   8  3.435064E+00 -8.414350E-02  1.199582E+01 -1.436151E-12 -1.880130E+00  4.315068E-01
        52   1  1.458247E+00  1.254342E-01  4.867743E+00 -1.190954E-12 -1.119251E+00  3.540263E-01
        52   2  1.428842E+00  9.602928E-02  4.867743E+00  8.757018E-14 -1.119251E+00  3.540263E-01
        52   3 -1.275627E+00  1.254342E-01 -4.245172E+00 -1.751404E-12 -1.173469E+00  3.540263E-01
        52   4 -1.305032E+00  9.602928E-02 -4.245172E+00 -1.068356E-12 -1.173469E+00  3.540263E-01
        52   5  1.458247E+00  5.718553E-02  4.640247E+00 -1.576263E-13 -1.119251E+00  2.998085E-01
        52   6  1.428842E+00  2.778057E-02  4.640247E+00  1.401123E-12 -1.119251E+00  2.998085E-01
        52   7 -1.275627E+00  5.718553E-02 -4.472668E+00 -7.706175E-13 -1.173469E+00  2.998085E-01
        52   8 -1.305032E+00  2.778057E-02 -4.472668E+00 -1.190954E-12 -1.173469E+00  2.998085E-01
        53   1  3.701162E+00  4.999565E-02  1.219265E+01 -5.254211E-14 -7.959905E-01  1.530501E-01
        53   2  3.750457E+00  9.929108E-02  1.219265E+01  4.886416E-12 -7.959905E-01  1.530501E-01
        53   3 -3.540863E+00  4.999565E-02 -1.194743E+01  2.276825E-13 -8.793214E-01  1.530501E-01
        53   4 -3.491568E+00  9.929108E-02 -1.194743E+01  3.835574E-12 -8.793214E-01  1.530501E-01
        53   5  3.701162E+00  1.103029E-01  1.239367E+01 -1.401123E-13 -7.959905E-01  6.971912E-02
        53   6  3.750457E+00  1.595984E-01  1.239367E+01  3.397723E-12 -7.959905E-01  6.971912E-02
        53   7 -3.540863E+00  1.103029E-01 -1.174641E+01 -4.553649E-13 -8.793214E-01  6.971912E-02
        53   8 -3.491568E+00  1.595984E-01 -1.174641E+01  2.329367E-12 -8.793214E-01  6.971912E-02
        54   1 -2.528042E+00  9.396728E-01 -9.067094E+00  5.254211E-14 -7.996511E-01  4.948336E-01
        54   2 -2.729281E+00  7.384338E-01 -9.067094E+00  2.031628E-12 -7.996511E-01  4.948336E-01
        54   3  4.412910E+00  9.396728E-01  1.406941E+01  1.909030E-12 -6.876664E-01  4.948336E-01
        54   4  4.211671E+00  7.384338E-01  1.406941E+01  5.954772E-13 -6.876664E-01  4.948336E-01
        54   5 -2.528042E+00  9.451945E-01 -9.048688E+00 -8.757018E-14 -7.996511E-01  6.068183E-01
        54   6 -2.729281E+00  7.439555E-01 -9.048688E+00  1.261011E-12 -7.996511E-01  6.068183E-01
        54   7  4.412910E+00  9.451945E-01  1.408782E+01  9.282439E-13 -6.876664E-01  6.068183E-01
        54   8  4.211671E+00  7.439555E-01  1.408782E+01  4.553649E-13 -6.876664E-01  6.068183E-01
        55   1  1.391385E+00  1.644741E-01  5.237892E+00 -3.677947E-13 -3.382108E-01  4.358726E-01
        55   2  1.577530E+00  3.506194E-01  5.237892E+00 -1.541235E-12 -3.382108E-01  4.358726E-01
        55   3 -1.048876E+00  1.644741E-01 -2.896310E+00  2.241796E-12 -5.067387E-01  4.358726E-01
        55   4 -8.627307E-01  3.506194E-01 -2.896310E+00 -7.881316E-13 -5.067387E-01  4.358726E-01
        55   5  1.391385E+00  1.780344E-01  5.283093E+00  3.240096E-12 -3.382108E-01  2.673447E-01
        55   6  1.577530E+00  3.641797E-01  5.283093E+00  2.592077E-12 -3.382108E-01  2.673447E-01
        55   7 -1.048876E+00  1.780344E-01 -2.851109E+00  3.310153E-12 -5.067387E-01  2.673447E-01
        55   8 -8.627307E-01  3.641797E-01 -2.851109E+00  1.681347E-12 -5.067387E-01  2.673447E-01
        56   1  3.863318E+00  2.447945E-01  1.288511E+01  8.932158E-13 -4.827703E-01  7.410640E-02
        56   2  3.995225E+00  3.767017E-01  1.288511E+01  2.662133E-12 -4.827703E-01  7.410640E-02
        56   3 -3.449584E+00  2.447945E-01 -1.149123E+01 -2.434451E-12 -3.946326E-01  7.410640E-02
        56   4 -3.317677E+00  3.767017E-01 -1.149123E+01  2.907330E-12 -3.946326E-01  7.410640E-02
        56   5  3.863318E+00  1.689397E-01  1.263226E+01  1.225982E-12 -4.827703E-01  1.622441E-01
        56   6  3.995225E+00  3.008468E-01  1.263226E+01  3.940658E-12 -4.827703E-01  1.622441E-01
        56   7 -3.449584E+00  1.689397E-01 -1.174408E+01 -1.015814E-12 -3.946326E-01  1.622441E-01
        56   8 -3.317677E+00  3.008468E-01 -1.174408E+01 -1.015814E-12 -3.946326E-01  1.622441E-01
        57   1 -3.231662E+00 -4.958993E-02 -1.044045E+01 -1.050842E-12  6.570907E-01  5.696838E-01
        57   2 -3.066435E+00  1.156367E-01 -1.044045E+01 -2.662133E-12  6.570907E-01  5.696838E-01
        57   3  3.048551E+00 -4.958993E-02  1.049359E+01 -1.296039E-12  2.750367E-01  5.696838E-01
        57   4  3.213777E+00  1.156367E-01  1.049359E+01 -1.856488E-12  2.750367E-01  5.696838E-01
        57   5 -3.231662E+00 -1.335212E-01 -1.072022E+01 -4.903930E-13  6.570907E-01  1.876297E-01
        57   6 -3.066435E+00  3.170540E-02 -1.072022E+01 -1.225982E-13  6.570907E-01  1.876297E-01
        57   7  3.048551E+00 -1.335212E-01  1.021382E+01 -7.355895E-13  2.750367E-01  1.876297E-01
        57   8  3.213777E+00  3.170540E-02  1.021382E+01  4.028228E-13  2.750367E-01  1.876297E-01
        58   1  1.107440E+00  2.340673E-01  3.158903E+00 -1.225982E-13  1.714431E-01  3.822679E-01
        58   2  9.687910E-01  9.541824E-02  3.158903E+00 -6.655333E-13  1.714431E-01  3.822679E-01
        58   3 -6.436504E-01  2.340673E-01 -2.678065E+00 -2.224282E-12  1.347788E-01  3.822679E-01
        58   4 -7.822995E-01  9.541824E-02 -2.678065E+00 -1.190954E-12  1.347788E-01  3.822679E-01
        58   5  1.107440E+00  2.297223E-01  3.144420E+00  1.278525E-12  1.714431E-01  3.456036E-01
        58   6  9.687910E-01  9.107328E-02  3.144420E+00 -8.757018E-14  1.714431E-01  3.456036E-01
        58   7 -6.436504E-01  2.297223E-01 -2.692548E+00  8.581877E-13  1.347788E-01  3.456036E-01
        58   8 -7.822995E-01  9.107328E-02 -2.692548E+00 -1.768918E-12  1.347788E-01  3.456036E-01
        59   1  3.927566E+00  8.598255E-02  1.290681E+01  9.983000E-13  2.597859E-02  2.554250E-01
        59   2  4.002028E+00  1.604448E-01  1.290681E+01  3.205068E-12  2.597859E-02  2.554250E-01
        59   3 -3.677363E+00  8.598255E-02 -1.244295E+01  2.399423E-12  2.205902E-01  2.554250E-01
        59   4 -3.602901E+00  1.604448E-01 -1.244295E+01  3.082470E-12  2.205902E-01  2.554250E-01
        59   5  3.927566E+00  1.642206E-01  1.316761E+01 -1.033328E-12  2.597859E-02  4.500366E-01
        59   6  4.002028E+00  2.386829E-01  1.316761E+01 -1.331067E-12  2.597859E-02  4.500366E-01
        59   7 -3.677363E+00  1.642206E-01 -1.218216E+01  2.889816E-12  2.205902E-01  4.500366E-01
        59   8 -3.602901E+00  2.386829E-01 -1.218216E+01  1.593777E-12  2.205902E-01  4.500366E-01
        60   1 -1.378680E+01  5.043570E-01 -3.728514E+00 -1.622354E+00  2.381774E-01 -4.378509E-14
        60   2 -1.378680E+01  1.378667E+00 -2.854204E+00 -1.622354E+00  2.381774E-01  1.751404E-13
        60   3  1.384674E+01  5.043570E-01  4.561550E+00 -1.622354E+00 -1.624101E-01  1.838974E-13
        60   4  1.384674E+01  1.378667E+00  5.435859E+00 -1.622354E+00 -1.624101E-01 -1.423015E-13
        60   5 -1.437239E+01  3.286790E-01 -3.728514E+00 -1.395354E+00  2.381774E-01 -2.364395E-13
        60   6 -1.437239E+01  1.202989E+00 -2.854204E+00 -1.395354E+00  2.381774E-01  1.056315E-13
        60   7  1.326115E+01  3.286790E-01  4.561550E+00 -1.395354E+00 -1.624101E-01  1.291660E-13
        60   8  1.326115E+01  1.202989E+00  5.435859E+00 -1.395354E+00 -1.624101E-01 -1.598156E-13
        61   1  5.187859E+00 -1.046382E+00  2.035644E+00 -3.333928E+00 -2.145600E-01 -3.702576E-13
        61   2  5.187859E+00 -2.449347E+00  6.326785E-01 -3.333928E+00 -2.145600E-01  1.450381E-14
        61   3 -1.563475E+01 -1.046382E+00 -4.211139E+00 -3.333928E+00 -2.802460E-01  2.572374E-14
        61   4 -1.563475E+01 -2.449347E+00 -5.614104E+00 -3.333928E+00 -2.802460E-01 -4.788994E-14
        61   5  4.912086E+00 -1.129114E+00  2.035644E+00 -3.296706E+00 -2.145600E-01 -4.323777E-13
        61   6  4.912086E+00 -2.532079E+00  6.326785E-01 -3.296706E+00 -2.145600E-01  9.331697E-14
        61   7 -1.591052E+01 -1.129114E+00 -4.211139E+00 -3.296706E+00 -2.802460E-01 -1.915598E-15
        61   8 -1.591052E+01 -2.532079E+00 -5.614104E+00 -3.296706E+00 -2.802460E-01 -1.091891E-13
        62   1 -1.310760E+01 -1.411582E+00 -4.290963E+00  3.731673E+00 -1.589074E-01 -7.936047E-14
        62   2 -1.310760E+01  6.941874E-01 -2.185194E+00  3.731673E+00 -1.589074E-01 -2.955493E-14
        62   3  6.189918E+00 -1.411582E+00  1.498293E+00  3.731673E+00  1.276293E-01 -6.597865E-13
        62   4  6.189918E+00  6.941874E-01  3.604063E+00  3.731673E+00  1.276293E-01  1.609102E-13
        62   5 -1.300596E+01 -1.381088E+00 -4.290963E+00  3.569303E+00 -1.589074E-01  1.431225E-13
        62   6 -1.300596E+01  7.246813E-01 -2.185194E+00  3.569303E+00 -1.589074E-01 -5.035285E-14
        62   7  6.291564E+00 -1.381088E+00  1.498293E+00  3.569303E+00  1.276293E-01 -3.675211E-13
        62   8  6.291564E+00  7.246813E-01  3.604063E+00  3.569303E+00  1.276293E-01  5.243264E-13
        63   1  3.227018E+00  1.342489E+00  2.896301E+00 -6.940149E-01 -9.378318E-03  1.176724E-13
        63   2  3.227018E+00 -7.314826E-01  8.223292E-01 -6.940149E-01 -9.378318E-03 -1.061788E-13
        63   3 -7.140489E+00  1.342489E+00 -2.139512E-01 -6.940149E-01 -7.631950E-02 -9.140137E-14
        63   4 -7.140489E+00 -7.314826E-01 -2.287923E+00 -6.940149E-01 -7.631950E-02 -4.389455E-13
        63   5  3.218257E+00  1.339861E+00  2.896301E+00 -6.560815E-01 -9.378318E-03  4.165056E-13
        63   6  3.218257E+00 -7.341108E-01  8.223292E-01 -6.560815E-01 -9.378318E-03  7.361368E-13
        63   7 -7.149249E+00  1.339861E+00 -2.139512E-01 -6.560815E-01 -7.631950E-02  4.176003E-13
        63   8 -7.149249E+00 -7.341108E-01 -2.287923E+00 -6.560815E-01 -7.631950E-02  1.641941E-15
        64   1 -3.790006E+00 -7.649927E-01 -1.574628E+00  1.403322E+00  3.261967E-02 -3.316720E-13
        64   2 -3.790006E+00  1.113024E-01 -6.983333E-01  1.403322E+00  3.261967E-02  2.101684E-13
        64   3  1.727361E+00 -7.649927E-01  8.058178E-02  1.403322E+00  1.325395E-01 -2.627105E-14
        64   4  1.727361E+00  1.113024E-01  9.568769E-01  1.403322E+00  1.325395E-01  3.420710E-13
        64   5 -3.670210E+00 -7.290539E-01 -1.574628E+00  1.346701E+00  3.261967E-02  9.632719E-14
        64   6 -3.670210E+00  1.472412E-01 -6.983333E-01  1.346701E+00  3.261967E-02  8.505253E-13
        64   7  1.847157E+00 -7.290539E-01  8.058178E-02  1.346701E+00  1.325395E-01 -2.966440E-13
        64   8  1.847157E+00  1.472412E-01  9.568769E-01  1.346701E+00  1.325395E-01  4.925822E-13
        65   1  1.171900E+00  4.397736E-01  9.564776E-01 -1.878558E-02  1.374021E-01  7.645971E-13
        65   2  1.171900E+00 -1.904993E-01  3.262046E-01 -1.878558E-02  1.374021E-01 -9.944688E-13
        65   3 -2.129088E+00  4.397736E-01 -3.381884E-02 -1.878558E-02 -4.232906E-02  8.160446E-13
        65   4 -2.129088E+00 -1.904993E-01 -6.640918E-01 -1.878558E-02 -4.232906E-02 -6.606075E-13
        65   5  1.315605E+00  4.828851E-01  9.564776E-01  8.306209E-02  1.374021E-01  1.125277E-12
        65   6  1.315605E+00 -1.473878E-01  3.262046E-01  8.306209E-02  1.374021E-01  2.112630E-13
        65   7 -1.985383E+00  4.828851E-01 -3.381884E-02  8.306209E-02 -4.232906E-02 -8.319167E-14
        65   8 -1.985383E+00 -1.473878E-01 -6.640918E-01  8.306209E-02 -4.232906E-02  1.247875E-13
        66   1 -1.066040E+00 -2.199895E-01 -4.766225E-01  4.178328E-01  2.592911E-01 -4.690478E-13
        66   2 -1.066040E+00  1.181267E-01 -1.385063E-01  4.178328E-01  2.592911E-01 -1.991674E-12
        66   3  5.437197E-01 -2.199895E-01  6.305325E-03  4.178328E-01  1.438131E-01  6.805845E-13
        66   4  5.437197E-01  1.181267E-01  3.444215E-01  4.178328E-01  1.438131E-01 -2.477962E-13
        66   5 -1.167167E+00 -2.503278E-01 -4.766225E-01  4.832704E-01  2.592911E-01 -1.031960E-12
        66   6 -1.167167E+00  8.778844E-02 -1.385063E-01  4.832704E-01  2.592911E-01 -2.133428E-12
        66   7  4.425921E-01 -2.503278E-01  6.305325E-03  4.832704E-01  1.438131E-01  1.379504E-12
        66   8  4.425921E-01  8.778844E-02  3.444215E-01  4.832704E-01  1.438131E-01 -8.092032E-13
        67   1  7.842592E-01  2.547470E-01  4.074125E-01  8.577731E-02 -1.583875E-01 -5.391039E-14
        67   2  7.842592E-01  2.029949E-02  1.729649E-01  8.577731E-02 -1.583875E-01  1.877559E-12
        67   3 -7.280674E-01  2.547470E-01 -4.628553E-02  8.577731E-02 -1.770938E-02 -4.059699E-13
        67   4 -7.280674E-01  2.029949E-02 -2.807331E-01  8.577731E-02 -1.770938E-02  2.643525E-13
        67   5  2.897021E-01  1.063799E-01  4.074125E-01  6.059718E-03 -1.583875E-01  5.174850E-13
        67   6  2.897021E-01 -1.280676E-01  1.729649E-01  6.059718E-03 -1.583875E-01  1.260463E-12
        67   7 -1.222625E+00  1.063799E-01 -4.628553E-02  6.059718E-03 -1.770938E-02  1.652887E-13
        67   8 -1.222625E+00 -1.280676E-01 -2.807331E-01  6.059718E-03 -1.770938E-02  1.399481E-12
        68   1 -1.707865E+00 -6.694644E-02 -5.175458E-01  4.724018E-01 -1.682740E-01 -2.977386E-13
        68   2 -1.707865E+00  3.409828E-01 -1.096165E-01  4.724018E-01 -1.682740E-01  2.627105E-13
        68   3  1.354961E+00 -6.694644E-02  4.013020E-01  4.724018E-01  6.528914E-01  2.276825E-13
        68   4  1.354961E+00  3.409828E-01  8.092312E-01  4.724018E-01  6.528914E-01 -7.005614E-14
        68   5 -1.649035E+00 -4.929736E-02 -5.175458E-01 -4.660728E-01 -1.682740E-01 -1.225982E-13
        68   6 -1.649035E+00  3.586318E-01 -1.096165E-01 -4.660728E-01 -1.682740E-01  3.502807E-13
        68   7  1.413791E+00 -4.929736E-02  4.013020E-01 -4.660728E-01  6.528914E-01  8.757018E-14
        68   8  1.413791E+00  3.586318E-01  8.092312E-01 -4.660728E-01  6.528914E-01 -3.502807E-14
        69   1 -3.526113E-01  3.876874E-03  2.634547E-01  1.451044E-01 -1.318787E+00 -3.152526E-13
        69   2 -3.526113E-01  8.703485E-02  3.466127E-01  1.451044E-01 -1.318787E+00  2.276825E-13
        69   3 -2.322753E+00  3.876874E-03 -3.275878E-01  1.451044E-01 -1.071465E+00  2.977386E-13
        69   4 -2.322753E+00  8.703485E-02 -2.444298E-01  1.451044E-01 -1.071465E+00  3.152526E-13
        69   5 -5.922341E-01 -6.800995E-02  2.634547E-01 -1.375486E-01 -1.318787E+00 -6.655333E-13
        69   6 -5.922341E-01  1.514802E-02  3.466127E-01 -1.375486E-01 -1.318787E+00  2.627105E-13
        69   7 -2.562376E+00 -6.800995E-02 -3.275878E-01 -1.375486E-01 -1.071465E+00  8.757018E-14
        69   8 -2.562376E+00  1.514802E-02 -2.444298E-01 -1.375486E-01 -1.071465E+00  5.079070E-13
        70   1 -3.053619E+00 -2.426213E-01 -5.957856E-01  4.447662E-02 -8.094882E-01 -1.401123E-13
        70   2 -3.053619E+00 -6.156840E-01 -9.688484E-01  4.447662E-02 -8.094882E-01  6.305053E-13
        70   3 -7.281480E-01 -2.426213E-01  1.018558E-01  4.447662E-02 -6.950779E-01  5.604491E-13
        70   4 -7.281480E-01 -6.156840E-01 -2.712069E-01  4.447662E-02 -6.950779E-01  7.005614E-13
        70   5 -3.082577E+00 -2.513085E-01 -5.957856E-01 -8.627802E-02 -8.094882E-01  7.005614E-14
        70   6 -3.082577E+00 -6.243713E-01 -9.688484E-01 -8.627802E-02 -8.094882E-01  0.000000E+00
        70   7 -7.571054E-01 -2.513085E-01  1.018558E-01 -8.627802E-02 -6.950779E-01  3.502807E-13
        70   8 -7.571054E-01 -6.243713E-01 -2.712069E-01 -8.627802E-02 -6.950779E-01  1.085870E-12
        71   1 -8.694769E-01 -4.306195E-01 -2.869871E-01 -1.903572E-01  8.998581E-02  3.152526E-13
        71   2 -8.694769E-01 -1.938945E-01 -5.026212E-02 -1.903572E-01  8.998581E-02  1.331067E-12
        71   3 -1.825054E+00 -4.306195E-01 -5.736602E-01 -1.903572E-01 -3.194944E-01 -1.786432E-12
        71   4 -1.825054E+00 -1.938945E-01 -3.369352E-01 -1.903572E-01 -3.194944E-01  4.203368E-13
        71   5 -8.675046E-01 -4.300278E-01 -2.869871E-01  2.776202E-01  8.998581E-02  7.005614E-13
        71   6 -8.675046E-01 -1.933028E-01 -5.026212E-02  2.776202E-01  8.998581E-02  1.033328E-12
        71   7 -1.823082E+00 -4.300278E-01 -5.736602E-01  2.776202E-01 -3.194944E-01 -6.305053E-13
        71   8 -1.823082E+00 -1.933028E-01 -3.369352E-01  2.776202E-01 -3.194944E-01 -8.757018E-14
        72   1 -1.036497E+00 -9.981458E-03 -5.039873E-02 -6.097463E-02  2.177692E-01 -4.028228E-13
        72   2 -1.036497E+00 -2.830047E-01 -3.234219E-01 -6.097463E-02  2.177692E-01  7.531035E-13
        72   3 -7.440726E-01 -9.981458E-03  3.732846E-02 -6.097463E-02  1.737148E-01 -1.751404E-13
        72   4 -7.440726E-01 -2.830047E-01 -2.356948E-01 -6.097463E-02  1.737148E-01 -1.050842E-13
        72   5 -1.013521E+00 -3.088814E-03 -5.039873E-02 -1.062675E-02  2.177692E-01  1.173440E-12
        72   6 -1.013521E+00 -2.761120E-01 -3.234219E-01 -1.062675E-02  2.177692E-01  8.581877E-13
        72   7 -7.210971E-01 -3.088814E-03  3.732846E-02 -1.062675E-02  1.737148E-01  5.254211E-13
        72   8 -7.210971E-01 -2.761120E-01 -2.356948E-01 -1.062675E-02  1.737148E-01 -3.853088E-13
        73   1 -5.295799E-01 -2.336176E-01 -2.050707E-01 -7.971129E-02  8.382287E-01  1.926544E-13
        73   2 -5.295799E-01 -1.648277E-01 -1.362808E-01 -7.971129E-02  8.382287E-01  8.932158E-13
        73   3 -6.774897E-01 -2.336176E-01 -2.494436E-01 -7.971129E-02  6.461591E-01 -1.225982E-13
        73   4 -6.774897E-01 -1.648277E-01 -1.806537E-01 -7.971129E-02  6.461591E-01  1.471179E-12
        73   5 -4.871771E-01 -2.208967E-01 -2.050707E-01  1.397969E-01  8.382287E-01  9.282439E-13
        73   6 -4.871771E-01 -1.521068E-01 -1.362808E-01  1.397969E-01  8.382287E-01  3.625405E-12
        73   7 -6.350869E-01 -2.208967E-01 -2.494436E-01  1.397969E-01  6.461591E-01  0.000000E+00
        73   8 -6.350869E-01 -1.521068E-01 -1.806537E-01  1.397969E-01  6.461591E-01  2.416937E-12
        74   1  1.100426E-01  1.649057E-01  1.754994E-01 -8.515115E-02  1.093331E+00  3.502807E-13
        74   2  1.100426E-01  2.903312E-01  3.009249E-01 -8.515115E-02  1.093331E+00  4.571163E-12
        74   3 -6.581011E-02  1.649057E-01  1.227436E-01 -8.515115E-02  9.728564E-01 -1.401123E-13
        74   4 -6.581011E-02  2.903312E-01  2.481691E-01 -8.515115E-02  9.728564E-01 -1.698861E-12
        74   5  4.814430E-03  1.333373E-01  1.754994E-01  5.253388E-02  1.093331E+00 -3.502807E-13
        74   6  4.814430E-03  2.587627E-01  3.009249E-01  5.253388E-02  1.093331E+00  4.553649E-13
        74   7 -1.710383E-01  1.333373E-01  1.227436E-01  5.253388E-02  9.728564E-01  2.451965E-13
        74   8 -1.710383E-01  2.587627E-01  2.481691E-01  5.253388E-02  9.728564E-01  1.225982E-13
        75   1  3.793451E-01  3.878829E-01  4.034662E-01 -1.876466E-01 -2.093982E-01 -1.015814E-12
        75   2  3.793451E-01  1.088929E-01  1.244762E-01 -1.876466E-01 -2.093982E-01  2.784732E-12
        75   3  3.334640E-01  3.878829E-01  3.897018E-01 -1.876466E-01 -5.464534E-01  1.348581E-12
        75   4  3.334640E-01  1.088929E-01  1.107119E-01 -1.876466E-01 -5.464534E-01 -8.406737E-13
        75   5  4.373526E-01  4.052851E-01  4.034662E-01  1.975594E-01 -2.093982E-01 -1.768918E-12
        75   6  4.373526E-01  1.262952E-01  1.244762E-01  1.975594E-01 -2.093982E-01  2.994900E-12
        75   7  3.914715E-01  4.052851E-01  3.897018E-01  1.975594E-01 -5.464534E-01 -2.451965E-13
        75   8  3.914715E-01  1.262952E-01  1.107119E-01  1.975594E-01 -5.464534E-01  3.327667E-13
        76   1 -1.375701E-01  5.633409E-02 -2.672610E-02  1.076798E-01  5.792287E-02 -1.926544E-13
        76   2 -1.375701E-01  1.231937E-01  4.013347E-02  1.076798E-01  5.792287E-02  3.502807E-14
        76   3  2.279527E-01  5.633409E-02  8.293074E-02  1.076798E-01  2.794698E-01  3.152526E-13
        76   4  2.279527E-01  1.231937E-01  1.497903E-01  1.076798E-01  2.794698E-01 -1.576263E-13
        76   5 -3.257819E-01 -1.294446E-04 -2.672610E-02 -6.825444E-02  5.792287E-02 -2.101684E-13
        76   6 -3.257819E-01  6.673012E-02  4.013347E-02 -6.825444E-02  5.792287E-02 -1.751404E-14
        76   7  3.974090E-02 -1.294446E-04  8.293074E-02 -6.825444E-02  2.794698E-01  1.751404E-13
        76   8  3.974090E-02  6.673012E-02  1.497903E-01 -6.825444E-02  2.794698E-01 -3.677947E-13
        77   1  2.623441E-01  1.230770E-01  1.739395E-01  5.952401E-02 -3.769132E-01 -2.451965E-13
        77   2  2.623441E-01  6.803467E-02  1.188971E-01  5.952401E-02 -3.769132E-01  1.401123E-13
        77   3 -2.093665E-01  1.230770E-01  3.242632E-02  5.952401E-02 -2.150761E-01 -1.401123E-13
        77   4 -2.093665E-01  6.803467E-02 -2.261603E-02  5.952401E-02 -2.150761E-01 -5.779632E-13
        77   5  1.297167E-01  8.328880E-02  1.739395E-01 -6.899366E-02 -3.769132E-01 -3.677947E-13
        77   6  1.297167E-01  2.824645E-02  1.188971E-01 -6.899366E-02 -3.769132E-01  6.129912E-13
        77   7 -3.419938E-01  8.328880E-02  3.242632E-02 -6.899366E-02 -2.150761E-01 -2.101684E-13
        77   8 -3.419938E-01  2.824645E-02 -2.261603E-02 -6.899366E-02 -2.150761E-01  2.977386E-13
        78   1 -3.747897E-01 -4.058261E-02 -9.303126E-02  1.286483E-02 -4.066048E-01  1.313553E-12
        78   2 -3.747897E-01  4.512150E-03 -4.793649E-02  1.286483E-02 -4.066048E-01  1.401123E-12
        78   3 -8.419188E-02 -4.058261E-02 -5.851902E-03  1.286483E-02 -3.747453E-01  1.751404E-13
        78   4 -8.419188E-02  4.512150E-03  3.924286E-02  1.286483E-02 -3.747453E-01  4.728789E-13
        78   5 -4.338495E-01 -5.830055E-02 -9.303126E-02 -1.243541E-02 -4.066048E-01  1.208468E-12
        78   6 -4.338495E-01 -1.320578E-02 -4.793649E-02 -1.243541E-02 -4.066048E-01  7.531035E-13
        78   7 -1.432517E-01 -5.830055E-02 -5.851902E-03 -1.243541E-02 -3.747453E-01 -8.581877E-13
        78   8 -1.432517E-01 -1.320578E-02  3.924286E-02 -1.243541E-02 -3.747453E-01  2.802246E-13
        79   1 -3.961927E-01 -4.604615E-02 -3.716099E-02 -9.424475E-02  2.359750E-02  1.033328E-12
        79   2 -3.961927E-01 -4.806887E-02 -3.918370E-02 -9.424475E-02  2.359750E-02  2.451965E-13
        79   3 -4.051122E-01 -4.604615E-02 -3.983684E-02 -9.424475E-02 -2.018216E-01  5.779632E-13
        79   4 -4.051122E-01 -4.806887E-02 -4.185955E-02 -9.424475E-02 -2.018216E-01  1.208468E-12
        79   5 -3.458778E-01 -3.095167E-02 -3.716099E-02  8.476451E-02  2.359750E-02  1.611291E-12
        79   6 -3.458778E-01 -3.297439E-02 -3.918370E-02  8.476451E-02  2.359750E-02  6.129912E-13
        79   7 -3.547973E-01 -3.095167E-02 -3.983684E-02  8.476451E-02 -2.018216E-01 -5.079070E-13
        79   8 -3.547973E-01 -3.297439E-02 -4.185955E-02  8.476451E-02 -2.018216E-01 -7.355895E-13
        80   1 -3.538365E-01 -3.646350E-02 -2.681383E-02 -7.294917E-02  9.723269E-02  7.180754E-13
        80   2 -3.538365E-01 -5.760342E-02 -4.795376E-02 -7.294917E-02  9.723269E-02  7.881316E-13
        80   3 -3.570010E-01 -3.646350E-02 -2.776317E-02 -7.294917E-02 -1.029509E-01  1.751404E-13
        80   4 -3.570010E-01 -5.760342E-02 -4.890309E-02 -7.294917E-02 -1.029509E-01  8.581877E-13
        80   5 -2.926698E-01 -1.811350E-02 -2.681383E-02  8.602017E-02  9.723269E-02  1.085870E-12
        80   6 -2.926698E-01 -3.925343E-02 -4.795376E-02  8.602017E-02  9.723269E-02  6.305053E-13
        80   7 -2.958343E-01 -1.811350E-02 -2.776317E-02  8.602017E-02 -1.029509E-01  4.378509E-13
        80   8 -2.958343E-01 -3.925343E-02 -4.890309E-02  8.602017E-02 -1.029509E-01 -4.378509E-13
        81   1 -1.526080E-01 -1.076722E-03  8.477335E-03 -6.165630E-02  3.585157E-01  1.698861E-12
        81   2 -1.526080E-01 -3.681801E-02 -2.726395E-02 -6.165630E-02  3.585157E-01  1.768918E-12
        81   3 -1.875529E-01 -1.076722E-03 -2.006133E-03 -6.165630E-02  2.254253E-01  1.628805E-12
        81   4 -1.875529E-01 -3.681801E-02 -3.774742E-02 -6.165630E-02  2.254253E-01 -1.891516E-12
        81   5 -1.238592E-01  7.547925E-03  8.477335E-03  4.403312E-02  3.585157E-01  1.225982E-12
        81   6 -1.238592E-01 -2.819336E-02 -2.726395E-02  4.403312E-02  3.585157E-01 -7.531035E-13
        81   7 -1.588041E-01  7.547925E-03 -2.006133E-03  4.403312E-02  2.254253E-01 -2.276825E-13
        81   8 -1.588041E-01 -2.819336E-02 -3.774742E-02  4.403312E-02  2.254253E-01 -3.187554E-12
        82   1  1.771486E-01  6.583733E-02  8.537239E-02 -1.378662E-02  3.280585E-01 -1.961572E-12
        82   2  1.771486E-01  1.030021E-01  1.225371E-01 -1.378662E-02  3.280585E-01  6.129912E-13
        82   3 -1.383361E-02  6.583733E-02  2.807772E-02 -1.378662E-02  2.652670E-01 -7.180754E-13
        82   4 -1.383361E-02  1.030021E-01  6.524245E-02 -1.378662E-02  2.652670E-01 -1.015814E-12
        82   5  1.164001E-01  4.761278E-02  8.537239E-02  3.607716E-02  3.280585E-01 -1.208468E-12
        82   6  1.164001E-01  8.477751E-02  1.225371E-01  3.607716E-02  3.280585E-01 -7.005614E-14
        82   7 -7.458209E-02  4.761278E-02  2.807772E-02  3.607716E-02  2.652670E-01 -8.056456E-13
        82   8 -7.458209E-02  8.477751E-02  6.524245E-02  3.607716E-02  2.652670E-01  8.757018E-13
        83   1  1.972302E-01  1.035239E-01  1.197904E-01  7.936881E-02 -1.979743E-01  1.611291E-12
        83   2  1.972302E-01  8.862995E-02  1.048964E-01  7.936881E-02 -1.979743E-01  6.129912E-13
        83   3 -4.700728E-02  1.035239E-01  4.651914E-02  7.936881E-02  3.553715E-02  1.120898E-12
        83   4 -4.700728E-02  8.862995E-02  3.162519E-02  7.936881E-02  3.553715E-02 -1.138412E-12
        83   5  6.143587E-02  6.278561E-02  1.197904E-01 -1.060667E-01 -1.979743E-01  8.932158E-13
        83   6  6.143587E-02  4.789166E-02  1.048964E-01 -1.060667E-01 -1.979743E-01  1.856488E-12
        83   7 -1.828016E-01  6.278561E-02  4.651914E-02 -1.060667E-01  3.553715E-02 -7.005614E-13
        83   8 -1.828016E-01  4.789166E-02  3.162519E-02 -1.060667E-01  3.553715E-02  2.346881E-12
        84   1  6.450497E-01  1.345613E-01  1.138643E-01  2.845630E-01  1.702220E-01 -4.761628E-14
        84   2  6.450497E-01  7.608671E-02  5.538966E-02  2.845630E-01  1.702220E-01  7.399680E-13
        84   3  6.925094E-01  1.345613E-01  1.281022E-01  2.845630E-01  5.885735E-02  4.154110E-13
        84   4  6.925094E-01  7.608671E-02  6.962757E-02  2.845630E-01  5.885735E-02  2.088001E-13
        84   5  5.545291E-01  1.074051E-01  1.138643E-01  3.959277E-01  1.702220E-01 -4.383982E-13
        84   6  5.545291E-01  4.893053E-02  5.538966E-02  3.959277E-01  1.702220E-01  1.154832E-13
        84   7  6.019888E-01  1.074051E-01  1.281022E-01  3.959277E-01  5.885735E-02  7.115077E-15
        84   8  6.019888E-01  4.893053E-02  6.962757E-02  3.959277E-01  5.885735E-02 -1.734984E-13
        85   1  9.880151E-01  1.744112E-01  1.594493E-01  2.393303E-01 -1.553387E-01 -1.180829E-13
        85   2  9.880151E-01  2.043735E-01  1.894115E-01  2.393303E-01 -1.553387E-01  2.725964E-13
        85   3  8.894357E-01  1.744112E-01  1.298754E-01  2.393303E-01 -2.077584E-01  1.180692E-12
        85   4  8.894357E-01  2.043735E-01  1.598377E-01  2.393303E-01 -2.077584E-01  2.557665E-13
        85   5  7.896894E-01  1.149135E-01  1.594493E-01  2.917500E-01 -1.553387E-01 -4.555017E-13
        85   6  7.896894E-01  1.448757E-01  1.894115E-01  2.917500E-01 -1.553387E-01 -5.758081E-13
        85   7  6.911099E-01  1.149135E-01  1.298754E-01  2.917500E-01 -2.077584E-01  3.534278E-13
        85   8  6.911099E-01  1.448757E-01  1.598377E-01  2.917500E-01 -2.077584E-01 -1.528715E-13
        86   1  1.531648E-01 -5.206653E-02 -5.491476E-02  2.723609E-01 -1.931823E-01 -4.310095E-15
        86   2  1.531648E-01  8.413154E-02  8.128332E-02  2.723609E-01 -1.931823E-01 -6.315999E-13
        86   3  1.814559E-01 -5.206653E-02 -4.642745E-02  2.723609E-01 -9.675971E-02 -1.728827E-13
        86   4  1.814559E-01  8.413154E-02  8.977063E-02  2.723609E-01 -9.675971E-02  6.305053E-13
        86   5  1.624677E-01 -4.927568E-02 -5.491476E-02  1.759383E-01 -1.931823E-01 -8.880847E-13
        86   6  1.624677E-01  8.692240E-02  8.128332E-02  1.759383E-01 -1.931823E-01 -8.171392E-13
        86   7  1.907587E-01 -4.927568E-02 -4.642745E-02  1.759383E-01 -9.675971E-02 -6.398780E-13
        86   8  1.907587E-01  8.692240E-02  8.977063E-02  1.759383E-01 -9.675971E-02 -5.330834E-13
        87   1 -3.045324E-01 -5.909785E-02 -4.910024E-02  1.464450E-01 -1.047935E-01 -1.387440E-12
        87   2 -3.045324E-01 -1.634428E-02 -6.346670E-03  1.464450E-01 -1.047935E-01  1.866339E-13
        87   3 -3.411427E-01 -5.909785E-02 -6.008334E-02  1.464450E-01 -7.468553E-02 -9.085406E-13
        87   4 -3.411427E-01 -1.634428E-02 -1.732977E-02  1.464450E-01 -7.468553E-02 -1.708713E-12
        87   5 -2.744919E-01 -5.008572E-02 -4.910024E-02  1.163370E-01 -1.047935E-01 -1.105573E-13
        87   6 -2.744919E-01 -7.332154E-03 -6.346670E-03  1.163370E-01 -1.047935E-01 -1.259369E-12
        87   7 -3.111023E-01 -5.008572E-02 -6.008334E-02  1.163370E-01 -7.468553E-02 -7.520089E-13
        87   8 -3.111023E-01 -7.332154E-03 -1.732977E-02  1.163370E-01 -7.468553E-02  4.077486E-13
        88   1 -4.573028E-01 -5.030659E-02 -4.709859E-02  3.232983E-02  1.632597E-02 -2.659944E-13
        88   2 -4.573028E-01 -5.676088E-02 -5.355289E-02  3.232983E-02  1.632597E-02 -4.269046E-14
        88   3 -4.180470E-01 -5.030659E-02 -3.532185E-02  3.232983E-02  1.670964E-02  4.597434E-13
        88   4 -4.180470E-01 -5.676088E-02 -4.177615E-02  3.232983E-02  1.670964E-02 -1.349675E-12
        88   5 -3.966604E-01 -3.211386E-02 -4.709859E-02  3.194616E-02  1.632597E-02  5.374620E-13
        88   6 -3.966604E-01 -3.856815E-02 -5.355289E-02  3.194616E-02  1.632597E-02  6.184644E-13
        88   7 -3.574046E-01 -3.211386E-02 -3.532185E-02  3.194616E-02  1.670964E-02 -1.541235E-12
        88   8 -3.574046E-01 -3.856815E-02 -4.177615E-02  3.194616E-02  1.670964E-02 -8.330113E-13
        89   1 -1.302509E-01  2.349834E-02  3.905976E-02 -1.319745E-01  1.142508E-01  1.532478E-12
        89   2 -1.302509E-01 -8.326469E-02 -6.770326E-02 -1.319745E-01  1.142508E-01 -3.064956E-14
        89   3 -1.762868E-01  2.349834E-02  2.524900E-02 -1.319745E-01  6.703545E-02 -6.272214E-13
        89   4 -1.762868E-01 -8.326469E-02 -8.151402E-02 -1.319745E-01  6.703545E-02 -2.276825E-13
        89   5 -7.254393E-02  4.081042E-02  3.905976E-02 -8.475912E-02  1.142508E-01  7.169808E-13
        89   6 -7.254393E-02 -6.595260E-02 -6.770326E-02 -8.475912E-02  1.142508E-01 -6.392623E-13
        89   7 -1.185798E-01  4.081042E-02  2.524900E-02 -8.475912E-02  6.703545E-02 -1.721849E-12
        89   8 -1.185798E-01 -6.595260E-02 -8.151402E-02 -8.475912E-02  6.703545E-02 -2.079792E-13
        90   1  5.311274E-01  1.406545E-01  1.271121E-01 -2.658669E-01  1.917535E-01 -1.646319E-12
        90   2  5.311274E-01  9.450477E-02  8.096246E-02 -2.658669E-01  1.917535E-01  2.014388E-12
        90   3  5.170915E-01  1.406545E-01  1.229014E-01 -2.658669E-01  1.696595E-01  1.063978E-12
        90   4  5.170915E-01  9.450477E-02  7.675170E-02 -2.658669E-01  1.696595E-01  1.290565E-12
        90   5  4.268094E-01  1.093591E-01  1.271121E-01 -2.437730E-01  1.917535E-01 -3.624311E-12
        90   6  4.268094E-01  6.320939E-02  8.096246E-02 -2.437730E-01  1.917535E-01 -1.018551E-12
        90   7  4.127736E-01  1.093591E-01  1.229014E-01 -2.437730E-01  1.696595E-01 -7.388734E-14
        90   8  4.127736E-01  6.320939E-02  7.675170E-02 -2.437730E-01  1.696595E-01 -6.912571E-13
        91   1  4.931886E-01  7.385779E-02  6.607095E-02 -3.652931E-01 -6.153147E-02  6.734694E-13
        91   2  4.931886E-01  1.128994E-01  1.051126E-01 -3.652931E-01 -6.153147E-02  8.026354E-13
        91   3  4.638877E-01  7.385779E-02  5.728069E-02 -3.652931E-01 -2.678734E-02  7.032980E-14
        91   4  4.638877E-01  1.128994E-01  9.632229E-02 -3.652931E-01 -2.678734E-02  6.195590E-13
        91   5  4.119755E-01  4.949385E-02  6.607095E-02 -4.000373E-01 -6.153147E-02  5.954772E-13
        91   6  4.119755E-01  8.853545E-02  1.051126E-01 -4.000373E-01 -6.153147E-02 -1.792726E-12
        91   7  3.826746E-01  4.949385E-02  5.728069E-02 -4.000373E-01 -2.678734E-02  5.522394E-13
        91   8  3.826746E-01  8.853545E-02  9.632229E-02 -4.000373E-01 -2.678734E-02 -2.256848E-12
        92   1 -2.741169E+00  3.059269E-01 -9.387845E+00 -2.189254E-14 -1.236390E+00 -1.023746E+00
        92   2 -2.945295E+00  1.018010E-01 -9.387845E+00  2.627105E-14 -1.236390E+00 -1.023746E+00
        92   3  3.182731E+00  3.059269E-01  1.035849E+01 -1.094627E-13  1.484993E+00 -1.023746E+00
        92   4  2.978606E+00  1.018010E-01  1.035849E+01 -4.115798E-13  1.484993E+00 -1.023746E+00
        92   5 -2.741169E+00  1.356355E-01 -9.955483E+00 -1.357338E-13 -1.236390E+00  1.697637E+00
        92   6 -2.945295E+00 -6.849032E-02 -9.955483E+00  1.401123E-13 -1.236390E+00  1.697637E+00
        92   7  3.182731E+00  1.356355E-01  9.790852E+00 -2.583320E-13  1.484993E+00  1.697637E+00
        92   8  2.978606E+00 -6.849032E-02  9.790852E+00 -4.378509E-14  1.484993E+00  1.697637E+00
        93   1  7.013241E-01 -1.353082E-01  2.630931E+00 -7.355895E-13 -4.795246E-01 -3.983067E-01
        93   2  7.989032E-01 -3.772909E-02  2.630931E+00 -5.254211E-13 -4.795246E-01 -3.983067E-01
        93   3 -9.277426E-01 -1.353082E-01 -2.799291E+00 -7.355895E-13  9.854416E-01 -3.983067E-01
        93   4 -8.301635E-01 -3.772909E-02 -2.799291E+00 -4.553649E-13  9.854416E-01 -3.983067E-01
        93   5  7.013241E-01 -9.111025E-02  2.778258E+00 -1.050842E-13 -4.795246E-01  1.066660E+00
        93   6  7.989032E-01  6.468850E-03  2.778258E+00 -8.056456E-13 -4.795246E-01  1.066660E+00
        93   7 -9.277426E-01 -9.111025E-02 -2.651965E+00 -3.152526E-13  9.854416E-01  1.066660E+00
        93   8 -8.301635E-01  6.468850E-03 -2.651965E+00 -1.225982E-13  9.854416E-01  1.066660E+00
        94   1  3.543440E+00 -1.099580E-01  1.201035E+01 -1.751404E-13  2.808940E-01  2.527371E-01
        94   2  3.457166E+00 -1.962312E-01  1.201035E+01 -3.502807E-13  2.808940E-01  2.527371E-01
        94   3 -3.796875E+00 -1.099580E-01 -1.245737E+01  1.751404E-14  3.809385E-01  2.527371E-01
        94   4 -3.883148E+00 -1.962312E-01 -1.245737E+01 -5.079070E-13  3.809385E-01  2.527371E-01
        94   5  3.543440E+00 -1.434769E-01  1.189862E+01 -1.926544E-13  2.808940E-01  3.527816E-01
        94   6  3.457166E+00 -2.297501E-01  1.189862E+01 -2.451965E-13  2.808940E-01  3.527816E-01
        94   7 -3.796875E+00 -1.434769E-01 -1.256910E+01  3.502807E-14  3.809385E-01  3.527816E-01
        94   8 -3.883148E+00 -2.297501E-01 -1.256910E+01 -1.050842E-13  3.809385E-01  3.527816E-01
        95   1 -3.485330E+00  2.922866E-01 -1.555037E+01  3.502807E-13 -3.236630E-01  1.682888E+00
        95   2 -4.155836E+00 -3.782198E-01 -1.555037E+01 -2.101684E-13 -3.236630E-01  1.682888E+00
        95   3  4.158290E+00  2.922866E-01  9.928358E+00  1.576263E-13 -2.429661E+00  1.682888E+00
        95   4  3.487783E+00 -3.782198E-01  9.928358E+00  6.830474E-13 -2.429661E+00  1.682888E+00
        95   5 -3.485330E+00  3.806733E-01 -1.525575E+01  2.627105E-13 -3.236630E-01 -4.231099E-01
        95   6 -4.155836E+00 -2.898331E-01 -1.525575E+01  7.005614E-14 -3.236630E-01 -4.231099E-01
        95   7  4.158290E+00  3.806733E-01  1.022298E+01  7.005614E-14 -2.429661E+00 -4.231099E-01
        95   8  3.487783E+00 -2.898331E-01  1.022298E+01  2.276825E-13 -2.429661E+00 -4.231099E-01
        96   1  1.226445E+00 -9.684060E-02  3.222969E+00  1.751404E-13 -4.590657E-02  5.737097E-01
        96   2  9.829542E-01 -3.403311E-01  3.222969E+00 -7.531035E-13 -4.590657E-02  5.737097E-01
        96   3 -1.485514E+00 -9.684060E-02 -5.816893E+00 -8.056456E-13 -4.141186E-01  5.737097E-01
        96   4 -1.729004E+00 -3.403311E-01 -5.816893E+00  2.977386E-13 -4.141186E-01  5.737097E-01
        96   5  1.226445E+00 -1.622285E-01  3.005010E+00  3.853088E-13 -4.590657E-02  2.054977E-01
        96   6  9.829542E-01 -4.057191E-01  3.005010E+00 -2.802246E-13 -4.590657E-02  2.054977E-01
        96   7 -1.485514E+00 -1.622285E-01 -6.034853E+00  3.502807E-14 -4.141186E-01  2.054977E-01
        96   8 -1.729004E+00 -4.057191E-01 -6.034853E+00 -1.926544E-13 -4.141186E-01  2.054977E-01
        97   1  3.825391E+00 -2.407434E-01  1.276483E+01 -1.576263E-13 -1.766430E-01  2.566747E-01
        97   2  3.613784E+00 -4.523508E-01  1.276483E+01 -3.502807E-14 -1.766430E-01  2.566747E-01
        97   3 -4.269795E+00 -2.407434E-01 -1.421912E+01 -4.028228E-13 -3.123559E-01  2.566747E-01
        97   4 -4.481402E+00 -4.523508E-01 -1.421912E+01  5.079070E-13 -3.123559E-01  2.566747E-01
        97   5  3.825391E+00 -2.036606E-01  1.288844E+01  1.225982E-13 -1.766430E-01  1.209618E-01
        97   6  3.613784E+00 -4.152679E-01  1.288844E+01  3.677947E-13 -1.766430E-01  1.209618E-01
        97   7 -4.269795E+00 -2.036606E-01 -1.409551E+01  2.276825E-13 -3.123559E-01  1.209618E-01
        97   8 -4.481402E+00 -4.152679E-01 -1.409551E+01  6.480193E-13 -3.123559E-01  1.209618E-01
        98   1 -4.545149E+00 -5.013484E-01 -1.383278E+01 -2.627105E-14 -2.693318E+00 -3.390995E-01
        98   2 -3.729532E+00  3.142682E-01 -1.383278E+01  6.129912E-13 -2.693318E+00 -3.390995E-01
        98   3  3.605035E+00 -5.013484E-01  1.333450E+01  2.889816E-13 -7.300645E-01 -3.390995E-01
        98   4  4.420652E+00  3.142682E-01  1.333450E+01  7.443465E-13 -7.300645E-01 -3.390995E-01
        98   5 -4.545149E+00 -4.387647E-01 -1.362417E+01 -6.392623E-13 -2.693318E+00  1.624154E+00
        98   6 -3.729532E+00  3.768520E-01 -1.362417E+01 -6.567763E-13 -2.693318E+00  1.624154E+00
        98   7  3.605035E+00 -4.387647E-01  1.354311E+01 -5.692061E-13 -7.300645E-01  1.624154E+00
        98   8  4.420652E+00  3.768520E-01  1.354311E+01 -2.889816E-13 -7.300645E-01  1.624154E+00
        99   1  1.816448E+00  3.401147E-01  4.400740E+00 -2.101684E-13 -1.703906E+00  4.027213E-02
        99   2  1.434758E+00 -4.157612E-02  4.400740E+00 -1.050842E-13 -1.703906E+00  4.027213E-02
        99   3 -1.139805E+00  3.401147E-01 -5.453437E+00 -1.751404E-13 -9.357057E-01  4.027213E-02
        99   4 -1.521495E+00 -4.157612E-02 -5.453437E+00 -5.604491E-13 -9.357057E-01  4.027213E-02
        99   5  1.816448E+00  3.365291E-01  4.388788E+00 -1.751404E-13 -1.703906E+00  8.084723E-01
        99   6  1.434758E+00 -4.516180E-02  4.388788E+00 -1.838974E-12 -1.703906E+00  8.084723E-01
        99   7 -1.139805E+00  3.365291E-01 -5.465389E+00  2.802246E-13 -9.357057E-01  8.084723E-01
        99   8 -1.521495E+00 -4.516180E-02 -5.465389E+00  0.000000E+00 -9.357057E-01  8.084723E-01
       100   1  4.127897E+00 -1.380748E-01  1.401629E+01 -1.103384E-12 -1.038900E+00  1.082977E-01
       100   2  4.001294E+00 -2.646776E-01  1.401629E+01 -5.779632E-13 -1.038900E+00  1.082977E-01
       100   3 -4.457391E+00 -1.380748E-01 -1.460133E+01  1.926544E-13 -9.020250E-01  1.082977E-01
       100   4 -4.583994E+00 -2.646776E-01 -1.460133E+01  3.327667E-13 -9.020250E-01  1.082977E-01
       100   5  4.127897E+00 -1.914196E-01  1.383848E+01 -7.531035E-13 -1.038900E+00  2.451727E-01
       100   6  4.001294E+00 -3.180224E-01  1.383848E+01 -5.779632E-13 -1.038900E+00  2.451727E-01
       100   7 -4.457391E+00 -1.914196E-01 -1.477915E+01 -8.757018E-14 -9.020250E-01  2.451727E-01
       100   8 -4.583994E+00 -3.180224E-01 -1.477915E+01  1.926544E-13 -9.020250E-01  2.451727E-01
       101   1 -1.459662E+00  2.624354E+00 -1.294729E+01 -1.120898E-12  2.444203E-01  1.337760E+00
       101   2 -3.122878E+00  9.611387E-01 -1.294729E+01 -5.254211E-14  2.444203E-01  1.337760E+00
       101   3  6.715784E+00  2.624354E+00  1.430420E+01 -7.005614E-14 -1.027174E+00  1.337760E+00
       101   4  5.052569E+00  9.611387E-01  1.430420E+01  5.604491E-13 -1.027174E+00  1.337760E+00
       101   5 -1.459662E+00  2.631768E+00 -1.292258E+01 -2.802246E-13  2.444203E-01  6.616550E-02
       101   6 -3.122878E+00  9.685522E-01 -1.292258E+01 -1.751404E-14  2.444203E-01  6.616550E-02
       101   7  6.715784E+00  2.631768E+00  1.432891E+01 -1.401123E-13 -1.027174E+00  6.616550E-02
       101   8  5.052569E+00  9.685522E-01  1.432891E+01  2.802246E-13 -1.027174E+00  6.616550E-02
       102   1  1.683420E+00  1.378377E-01  5.334892E+00  2.802246E-13 -5.713569E-01  7.149665E-01
       102   2  1.719887E+00  1.743043E-01  5.334892E+00  2.627105E-13 -5.713569E-01  7.149665E-01
       102   3 -1.422739E+00  1.378377E-01 -5.018972E+00 -6.305053E-13 -1.189793E+00  7.149665E-01
       102   4 -1.386272E+00  1.743043E-01 -5.018972E+00 -1.331067E-12 -1.189793E+00  7.149665E-01
       102   5  1.683420E+00  1.228441E-01  5.284913E+00 -7.005614E-13 -5.713569E-01  9.653053E-02
       102   6  1.719887E+00  1.593107E-01  5.284913E+00 -1.996600E-12 -5.713569E-01  9.653053E-02
       102   7 -1.422739E+00  1.228441E-01 -5.068951E+00 -1.261011E-12 -1.189793E+00  9.653053E-02
       102   8 -1.386272E+00  1.593107E-01 -5.068951E+00 -6.305053E-13 -1.189793E+00  9.653053E-02
       103   1  4.145653E+00 -4.228980E-02  1.358901E+01 -9.983000E-13 -6.640960E-01  2.047445E-01
       103   2  4.110154E+00 -7.778925E-02  1.358901E+01 -1.331067E-12 -6.640960E-01  2.047445E-01
       103   3 -4.223287E+00 -4.228980E-02 -1.430746E+01 -1.488693E-12 -7.257918E-01  2.047445E-01
       103   4 -4.258786E+00 -7.778925E-02 -1.430746E+01 -1.926544E-13 -7.257918E-01  2.047445E-01
       103   5  4.145653E+00 -3.534373E-02  1.361216E+01  4.378509E-13 -6.640960E-01  1.430487E-01
       103   6  4.110154E+00 -7.084318E-02  1.361216E+01 -4.728789E-13 -6.640960E-01  1.430487E-01
       103   7 -4.223287E+00 -3.534373E-02 -1.428430E+01 -6.830474E-13 -7.257918E-01  1.430487E-01
       103   8 -4.258786E+00 -7.084318E-02 -1.428430E+01 -3.327667E-13 -7.257918E-01  1.430487E-01
       104   1 -4.096800E+00 -3.603051E-01 -1.235439E+01 -8.757018E-14 -6.269119E-02  2.197712E-01
       104   2 -3.449319E+00  2.871760E-01 -1.235439E+01  1.138412E-12 -6.269119E-02  2.197712E-01
       104   3  3.388071E+00 -3.603051E-01  1.259518E+01  1.926544E-13  6.182029E-01  2.197712E-01
       104   4  4.035552E+00  2.871760E-01  1.259518E+01  2.679647E-12  6.182029E-01  2.197712E-01
       104   5 -4.096800E+00 -3.484234E-01 -1.231478E+01 -1.926544E-13 -6.269119E-02  9.006653E-01
       104   6 -3.449319E+00  2.990577E-01 -1.231478E+01  2.627105E-13 -6.269119E-02  9.006653E-01
       104   7  3.388071E+00 -3.484234E-01  1.263479E+01  8.757018E-14  6.182029E-01  9.006653E-01
       104   8  4.035552E+00  2.990577E-01  1.263479E+01  6.480193E-13  6.182029E-01  9.006653E-01
       105   1  1.678890E+00  3.367729E-01  4.323157E+00  4.728789E-13 -1.290183E-01  3.922457E-01
       105   2  1.476609E+00  1.344918E-01  4.323157E+00 -2.101684E-13 -1.290183E-01  3.922457E-01
       105   3 -9.996195E-01  3.367729E-01 -4.605208E+00  1.103384E-12 -1.335642E-01  3.922457E-01
       105   4 -1.201901E+00  1.344918E-01 -4.605208E+00  1.541235E-12 -1.335642E-01  3.922457E-01
       105   5  1.678890E+00  3.424976E-01  4.342240E+00 -2.627105E-13 -1.290183E-01  3.876998E-01
       105   6  1.476609E+00  1.402165E-01  4.342240E+00  8.581877E-13 -1.290183E-01  3.876998E-01
       105   7 -9.996195E-01  3.424976E-01 -4.586125E+00  1.558749E-12 -1.335642E-01  3.876998E-01
       105   8 -1.201901E+00  1.402165E-01 -4.586125E+00  3.677947E-13 -1.335642E-01  3.876998E-01
       106   1  3.928446E+00  1.080598E-02  1.280992E+01  1.103384E-12 -1.631429E-01  1.811406E-01
       106   2  3.937723E+00  2.008282E-02  1.280992E+01  4.378509E-13 -1.631429E-01  1.811406E-01
       106   3 -3.912855E+00  1.080598E-02 -1.332775E+01 -2.977386E-13 -2.609170E-01  1.811406E-01
       106   4 -3.903578E+00  2.008282E-02 -1.332775E+01 -3.853088E-13 -2.609170E-01  1.811406E-01
       106   5  3.928446E+00  4.785846E-03  1.278985E+01  9.282439E-13 -1.631429E-01  8.336653E-02
       106   6  3.937723E+00  1.406268E-02  1.278985E+01  1.278525E-12 -1.631429E-01  8.336653E-02
       106   7 -3.912855E+00  4.785846E-03 -1.334782E+01  2.276825E-13 -2.609170E-01  8.336653E-02
       106   8 -3.903578E+00  1.406268E-02 -1.334782E+01  8.757018E-14 -2.609170E-01  8.336653E-02
       107   1 -2.702756E+00  9.799259E-01 -1.153462E+01 -4.903930E-13  1.101371E+00  8.977767E-01
       107   2 -3.204593E+00  4.780887E-01 -1.153462E+01  2.627105E-13  1.101371E+00  8.977767E-01
       107   3  4.640751E+00  9.799259E-01  1.294373E+01 -1.576263E-12  5.853349E-01  8.977767E-01
       107   4  4.138914E+00  4.780887E-01  1.294373E+01 -1.979086E-12  5.853349E-01  8.977767E-01
       107   5 -2.702756E+00  9.580691E-01 -1.160748E+01 -3.152526E-13  1.101371E+00  3.817405E-01
       107   6 -3.204593E+00  4.562319E-01 -1.160748E+01  6.655333E-13  1.101371E+00  3.817405E-01
       107   7  4.640751E+00  9.580691E-01  1.287088E+01 -5.604491E-13  5.853349E-01  3.817405E-01
       107   8  4.138914E+00  4.562319E-01  1.287088E+01 -4.203368E-13  5.853349E-01  3.817405E-01
       108   1  1.498937E+00  8.624178E-02  4.829168E+00  1.225982E-13  6.813274E-01  4.397768E-01
       108   2  1.548539E+00  1.358440E-01  4.829168E+00 -9.807860E-13  6.813274E-01  4.397768E-01
       108   3 -1.305514E+00  8.624178E-02 -4.519004E+00 -7.180754E-13  4.865676E-01  4.397768E-01
       108   4 -1.255912E+00  1.358440E-01 -4.519004E+00 -9.632719E-13  4.865676E-01  4.397768E-01
       108   5  1.498937E+00  1.071809E-01  4.898965E+00  1.751404E-14  6.813274E-01  2.450170E-01
       108   6  1.548539E+00  1.567832E-01  4.898965E+00 -1.803946E-12  6.813274E-01  2.450170E-01
       108   7 -1.305514E+00  1.071809E-01 -4.449207E+00  6.480193E-13  4.865676E-01  2.450170E-01
       108   8 -1.255912E+00  1.567832E-01 -4.449207E+00 -4.028228E-13  4.865676E-01  2.450170E-01
       109   1  3.696303E+00 -2.944625E-02  1.213054E+01 -1.050842E-12  3.388621E-01  1.515722E-01
       109   2  3.720265E+00 -5.483776E-03  1.213054E+01 -1.838974E-12  3.388621E-01  1.515722E-01
       109   3 -3.752581E+00 -2.944625E-02 -1.269907E+01 -8.406737E-13  2.899331E-01  1.515722E-01
       109   4 -3.728618E+00 -5.483776E-03 -1.269907E+01  1.050842E-13  2.899331E-01  1.515722E-01
       109   5  3.696303E+00 -2.683182E-02  1.213926E+01 -8.406737E-13  3.388621E-01  1.026432E-01
       109   6  3.720265E+00 -2.869346E-03  1.213926E+01 -2.522021E-12  3.388621E-01  1.026432E-01
       109   7 -3.752581E+00 -2.683182E-02 -1.269035E+01 -7.005614E-14  2.899331E-01  1.026432E-01
       109   8 -3.728618E+00 -2.869346E-03 -1.269035E+01 -2.451965E-12  2.899331E-01  1.026432E-01
       110   1 -3.705724E+00 -1.223966E-01 -1.175528E+01  0.000000E+00  1.515986E+00  4.531872E-01
       110   2 -3.508498E+00  7.482906E-02 -1.175528E+01  2.224282E-12  1.515986E+00  4.531872E-01
       110   3  3.406733E+00 -1.223966E-01  1.195291E+01  9.807860E-13  1.735816E+00  4.531872E-01
       110   4  3.603958E+00  7.482906E-02  1.195291E+01  4.203368E-13  1.735816E+00  4.531872E-01
       110   5 -3.705724E+00 -1.765950E-01 -1.193594E+01  2.031628E-12  1.515986E+00  6.730173E-01
       110   6 -3.508498E+00  2.063067E-02 -1.193594E+01  3.642919E-12  1.515986E+00  6.730173E-01
       110   7  3.406733E+00 -1.765950E-01  1.177225E+01  1.891516E-12  1.735816E+00  6.730173E-01
       110   8  3.603958E+00  2.063067E-02  1.177225E+01  8.406737E-13  1.735816E+00  6.730173E-01
       111   1  1.306025E+00 -1.566043E-02  4.116985E+00 -1.173440E-12  1.199612E+00  4.204778E-01
       111   2  1.251096E+00 -7.058941E-02  4.116985E+00 -2.539535E-12  1.199612E+00  4.204778E-01
       111   3 -1.324572E+00 -1.566043E-02 -4.651670E+00 -7.180754E-13  1.086478E+00  4.204778E-01
       111   4 -1.379501E+00 -7.058941E-02 -4.651670E+00 -2.084170E-12  1.086478E+00  4.204778E-01
       111   5  1.306025E+00 -2.886198E-03  4.159566E+00  9.282439E-13  1.199612E+00  3.073442E-01
       111   6  1.251096E+00 -5.781518E-02  4.159566E+00 -5.429351E-13  1.199612E+00  3.073442E-01
       111   7 -1.324572E+00 -2.886198E-03 -4.609089E+00 -5.779632E-13  1.086478E+00  3.073442E-01
       111   8 -1.379501E+00 -5.781518E-02 -4.609089E+00 -8.581877E-13  1.086478E+00  3.073442E-01
       112   1  3.557842E+00 -1.228422E-01  1.189472E+01 -1.401123E-13  8.508336E-01  1.300339E-01
       112   2  3.510783E+00 -1.699015E-01  1.189472E+01 -1.348581E-12  8.508336E-01  1.300339E-01
       112   3 -3.767317E+00 -1.228422E-01 -1.252248E+01 -1.506207E-12  7.754780E-01  1.300339E-01
       112   4 -3.814377E+00 -1.699015E-01 -1.252248E+01  2.434451E-12  7.754780E-01  1.300339E-01
       112   5  3.557842E+00 -8.663286E-02  1.201542E+01 -1.506207E-12  8.508336E-01  5.467831E-02
       112   6  3.510783E+00 -1.336921E-01  1.201542E+01 -7.355895E-13  8.508336E-01  5.467831E-02
       112   7 -3.767317E+00 -8.663286E-02 -1.240178E+01 -1.190954E-12  7.754780E-01  5.467831E-02
       112   8 -3.814377E+00 -1.336921E-01 -1.240178E+01 -7.005614E-14  7.754780E-01  5.467831E-02
       113   1 -4.149288E+00 -6.312620E-01 -1.386770E+01  1.225982E-12  9.016241E-01  7.611717E-01
       113   2 -4.164753E+00 -6.467271E-01 -1.386770E+01  5.954772E-13  9.016241E-01  7.611717E-01
       113   3  2.813142E+00 -6.312620E-01  9.340394E+00  2.381909E-12  5.557530E-01  7.611717E-01
       113   4  2.797677E+00 -6.467271E-01  9.340394E+00  1.050842E-13  5.557530E-01  7.611717E-01
       113   5 -4.149288E+00 -7.048839E-01 -1.411311E+01  2.802246E-13  9.016241E-01  4.153006E-01
       113   6 -4.164753E+00 -7.203490E-01 -1.411311E+01 -9.807860E-13  9.016241E-01  4.153006E-01
       113   7  2.813142E+00 -7.048839E-01  9.094988E+00 -1.015814E-12  5.557530E-01  4.153006E-01
       113   8  2.797677E+00 -7.203490E-01  9.094988E+00 -4.518621E-12  5.557530E-01  4.153006E-01
       114   1  1.035108E+00 -2.318690E-01  2.942263E+00 -5.604491E-13  4.017429E-01  3.668528E-01
       114   2  8.919182E-01 -3.750587E-01  2.942263E+00 -9.983000E-13  4.017429E-01  3.668528E-01
       114   3 -1.460063E+00 -2.318690E-01 -5.374973E+00 -1.436151E-12  3.277985E-01  3.668528E-01
       114   4 -1.603253E+00 -3.750587E-01 -5.374973E+00  3.853088E-13  3.277985E-01  3.668528E-01
       114   5  1.035108E+00 -1.930859E-01  3.071540E+00  3.152526E-13  4.017429E-01  2.929084E-01
       114   6  8.919182E-01 -3.362757E-01  3.071540E+00 -5.254211E-13  4.017429E-01  2.929084E-01
       114   7 -1.460063E+00 -1.930859E-01 -5.245696E+00 -1.611291E-12  3.277985E-01  2.929084E-01
       114   8 -1.603253E+00 -3.362757E-01 -5.245696E+00 -1.541235E-12  3.277985E-01  2.929084E-01
       115   1  3.434036E+00 -1.879472E-01  1.158878E+01 -7.005614E-14  4.015088E-01  9.567282E-02
       115   2  3.303663E+00 -3.183209E-01  1.158878E+01 -5.779632E-13  4.015088E-01  9.567282E-02
       115   3 -3.829420E+00 -1.879472E-01 -1.262275E+01  1.436151E-12  4.685024E-01  9.567282E-02
       115   4 -3.959794E+00 -3.183209E-01 -1.262275E+01  2.241796E-12  4.685024E-01  9.567282E-02
       115   5  3.434036E+00 -2.074366E-01  1.152381E+01 -1.296039E-12  4.015088E-01  1.626664E-01
       115   6  3.303663E+00 -3.378103E-01  1.152381E+01  1.751404E-13  4.015088E-01  1.626664E-01
       115   7 -3.829420E+00 -2.074366E-01 -1.268771E+01 -9.107298E-13  4.685024E-01  1.626664E-01
       115   8 -3.959794E+00 -3.378103E-01 -1.268771E+01  1.401123E-12  4.685024E-01  1.626664E-01
       116   1 -3.164255E+00 -1.032450E-01 -1.060995E+01 -1.401123E-12 -4.760197E-01  3.629425E-01
       116   2 -3.224262E+00 -1.632524E-01 -1.060995E+01  1.926544E-12 -4.760197E-01  3.629425E-01
       116   3  3.107167E+00 -1.032450E-01  1.029479E+01 -2.942358E-12 -4.687743E-01  3.629425E-01
       116   4  3.047159E+00 -1.632524E-01  1.029479E+01 -6.830474E-13 -4.687743E-01  3.629425E-01
       116   5 -3.164255E+00  4.615679E-02 -1.011194E+01 -3.152526E-12 -4.760197E-01  3.701879E-01
       116   6 -3.224262E+00 -1.385063E-02 -1.011194E+01 -4.903930E-13 -4.760197E-01  3.701879E-01
       116   7  3.107167E+00  4.615679E-02  1.079280E+01 -1.331067E-12 -4.687743E-01  3.701879E-01
       116   8  3.047159E+00 -1.385063E-02  1.079280E+01 -1.401123E-12 -4.687743E-01  3.701879E-01
       117   1  6.588070E-01 -1.840710E-01  2.729749E+00 -1.821460E-12 -6.427863E-02  4.417881E-01
       117   2  7.797132E-01 -6.316483E-02  2.729749E+00  1.296039E-12 -6.427863E-02  4.417881E-01
       117   3 -1.074773E+00 -1.840710E-01 -3.048853E+00 -1.611291E-12 -2.060508E-01  4.417881E-01
       117   4 -9.538671E-01 -6.316483E-02 -3.048853E+00 -1.576263E-13 -2.060508E-01  4.417881E-01
       117   5  6.588070E-01 -2.318953E-01  2.570334E+00  4.903930E-13 -6.427863E-02  3.000160E-01
       117   6  7.797132E-01 -1.109891E-01  2.570334E+00 -1.120898E-12 -6.427863E-02  3.000160E-01
       117   7 -1.074773E+00 -2.318953E-01 -3.208267E+00 -1.261011E-12 -2.060508E-01  3.000160E-01
       117   8 -9.538671E-01 -1.109891E-01 -3.208267E+00 -7.005614E-13 -2.060508E-01  3.000160E-01
       118   1  3.683482E+00 -1.339587E-01  1.230488E+01 -1.909030E-12 -2.373511E-01  2.359430E-01
       118   2  3.607044E+00 -2.103968E-01  1.230488E+01 -1.436151E-12 -2.373511E-01  2.359430E-01
       118   3 -3.936034E+00 -1.339587E-01 -1.309350E+01 -4.028228E-13 -9.982722E-03  2.359430E-01
       118   4 -4.012472E+00 -2.103968E-01 -1.309350E+01 -3.310153E-12 -9.982722E-03  2.359430E-01
       118   5  3.683482E+00 -1.185927E-01  1.235610E+01  1.243496E-12 -2.373511E-01  4.633113E-01
       118   6  3.607044E+00 -1.950308E-01  1.235610E+01 -2.977386E-13 -2.373511E-01  4.633113E-01
       118   7 -3.936034E+00 -1.185927E-01 -1.304228E+01  1.348581E-12 -9.982722E-03  4.633113E-01
       118   8 -4.012472E+00 -1.950308E-01 -1.304228E+01 -2.084170E-12 -9.982722E-03  4.633113E-01
       119   1 -1.577933E+00 -8.563126E-02  4.757761E-02 -1.023353E+00  1.357338E-13  2.095460E-01
       119   2 -2.020532E+00 -8.563126E-02 -3.950209E-01 -1.023353E+00 -2.703729E-13  2.095460E-01
       119   3 -1.577933E+00 -1.104016E+01 -3.238782E+00 -1.023353E+00  5.363673E-14  5.442501E-01
       119   4 -2.020532E+00 -1.104016E+01 -3.681381E+00 -1.023353E+00  3.174419E-14  5.442501E-01
       119   5 -1.613272E+00 -2.034269E-01  4.757761E-02 -7.878206E-01  4.378509E-14  2.095460E-01
       119   6 -2.055870E+00 -2.034269E-01 -3.950209E-01 -7.878206E-01 -1.620048E-13  2.095460E-01
       119   7 -1.613272E+00 -1.115796E+01 -3.238782E+00 -7.878206E-01 -5.582599E-14  5.442501E-01
       119   8 -2.055870E+00 -1.115796E+01 -3.681381E+00 -7.878206E-01 -6.786689E-14  5.442501E-01
       120   1  7.796042E-02  2.338682E-02  9.090673E-02  2.244843E-01  1.682989E-13  3.651122E-01
       120   2 -7.044128E-02  2.338682E-02 -5.749497E-02  2.244843E-01  2.547745E-13  3.651122E-01
       120   3  7.796042E-02 -3.223736E-02  7.421948E-02  2.244843E-01  7.498196E-14  4.984834E-01
       120   4 -7.044128E-02 -3.223736E-02 -7.418222E-02  2.244843E-01 -7.334002E-14  4.984834E-01
       120   5  8.716579E-02  5.407140E-02  9.090673E-02  3.183381E-01  1.056315E-13  3.651122E-01
       120   6 -6.123591E-02  5.407140E-02 -5.749497E-02  3.183381E-01  8.209704E-14  3.651122E-01
       120   7  8.716579E-02 -1.552783E-03  7.421948E-02  3.183381E-01  7.936047E-15  4.984834E-01
       120   8 -6.123591E-02 -1.552783E-03 -7.418222E-02  3.183381E-01 -1.302606E-13  4.984834E-01
       121   1 -2.293138E-01 -5.537435E+00 -2.010626E+00 -2.182926E+01  5.688641E-14  7.113805E-01
       121   2  1.308680E+00 -5.537435E+00 -4.726320E-01 -2.182926E+01 -4.152742E-13  7.113805E-01
       121   3 -2.293138E-01  6.253955E+00  1.526791E+00 -2.182926E+01 -1.197591E-13  7.363202E-01
       121   4  1.308680E+00  6.253955E+00  3.064785E+00 -2.182926E+01 -2.360290E-13  7.363202E-01
       121   5 -2.545213E-01 -5.621460E+00 -2.010626E+00 -2.181171E+01  1.423015E-14  7.113805E-01
       121   6  1.283473E+00 -5.621460E+00 -4.726320E-01 -2.181171E+01 -5.152958E-13  7.113805E-01
       121   7 -2.545213E-01  6.169930E+00  1.526791E+00 -2.181171E+01 -1.454486E-13  7.363202E-01
       121   8  1.283473E+00  6.169930E+00  3.064785E+00 -2.181171E+01 -5.464926E-13  7.363202E-01
       122   1  1.201291E-01 -6.923267E-02  1.192592E-01  4.603841E-01  5.746793E-15  3.892564E-01
       122   2 -1.446727E-01 -6.923267E-02 -1.455425E-01  4.603841E-01 -2.368500E-13  3.892564E-01
       122   3  1.201291E-01 -1.695080E-02  1.349438E-01  4.603841E-01  1.485956E-13  4.941956E-01
       122   4 -1.446727E-01 -1.695080E-02 -1.298579E-01  4.603841E-01  2.603844E-13  4.941956E-01
       122   5  1.340740E-01 -2.274960E-02  1.192592E-01  5.342302E-01  1.600892E-13  3.892564E-01
       122   6 -1.307277E-01 -2.274960E-02 -1.455425E-01  5.342302E-01  3.023908E-14  3.892564E-01
       122   7  1.340740E-01  2.953226E-02  1.349438E-01  5.342302E-01  2.744778E-13  4.941956E-01
       122   8 -1.307277E-01  2.953226E-02 -1.298579E-01  5.342302E-01  1.372389E-13  4.941956E-01
       123   1  8.431351E+00  3.264656E+01  9.728917E+00  5.864155E+00  2.891697E-13  7.852948E-01
       123   2  1.064786E+01  3.264656E+01  1.194543E+01  5.864155E+00  6.117598E-13  7.852948E-01
       123   3  8.431351E+00  2.409649E+01  7.163895E+00  5.864155E+00  1.608589E-13  7.327263E-01
       123   4  1.064786E+01  2.409649E+01  9.380404E+00  5.864155E+00  1.165778E-13  7.327263E-01
       123   5  8.461461E+00  3.274693E+01  9.728917E+00  5.827162E+00  1.496048E-13  7.852948E-01
       123   6  1.067797E+01  3.274693E+01  1.194543E+01  5.827162E+00  8.278118E-14  7.852948E-01
       123   7  8.461461E+00  2.419686E+01  7.163895E+00  5.827162E+00 -1.775177E-13  7.327263E-01
       123   8  1.067797E+01  2.419686E+01  9.380404E+00  5.827162E+00 -9.646402E-14  7.327263E-01
       124   1  6.546503E-02 -5.654121E-02  1.046512E-01  4.223951E-01  7.552928E-14  4.960793E-01
       124   2 -1.248247E-01 -5.654121E-02 -8.563854E-02  4.223951E-01 -2.586057E-13  4.960793E-01
       124   3  6.546503E-02 -1.025501E-01  9.084854E-02  4.223951E-01 -9.112771E-14  4.358959E-01
       124   4 -1.248247E-01 -1.025501E-01 -9.944121E-02  4.223951E-01 -1.836237E-13  4.358959E-01
       124   5  1.300347E-01  1.586911E-01  1.046512E-01  3.800438E-01  1.885495E-13  4.960793E-01
       124   6 -6.025503E-02  1.586911E-01 -8.563854E-02  3.800438E-01 -1.267715E-13  4.960793E-01
       124   7  1.300347E-01  1.126822E-01  9.084854E-02  3.800438E-01 -2.462911E-15  4.358959E-01
       124   8 -6.025503E-02  1.126822E-01 -9.944121E-02  3.800438E-01  1.018687E-13  4.358959E-01
       125   1 -5.508086E+00 -1.870782E+01 -6.234138E+00  5.336391E+00 -1.737721E-14  6.987935E-01
       125   2 -4.458631E+00 -1.870782E+01 -5.184682E+00  5.336391E+00  8.594534E-14  6.987935E-01
       125   3 -5.508086E+00 -1.399262E+01 -4.819578E+00  5.336391E+00  1.109678E-13  6.360892E-01
       125   4 -4.458631E+00 -1.399262E+01 -3.770123E+00  5.336391E+00 -1.722156E-13  6.360892E-01
       125   5 -5.545630E+00 -1.883297E+01 -6.234138E+00  5.292266E+00  1.052210E-13  6.987935E-01
       125   6 -4.496175E+00 -1.883297E+01 -5.184682E+00  5.292266E+00  2.470608E-13  6.987935E-01
       125   7 -5.545630E+00 -1.411777E+01 -4.819578E+00  5.292266E+00  2.160520E-13  6.360892E-01
       125   8 -4.496175E+00 -1.411777E+01 -3.770123E+00  5.292266E+00 -1.129005E-13  6.360892E-01
       126   1 -5.157352E-02 -4.641247E-02 -5.592913E-02  2.932041E-01  4.970292E-14  4.581770E-01
       126   2  2.340460E-02 -4.641247E-02  1.904899E-02  2.932041E-01 -1.808871E-13  4.581770E-01
       126   3 -5.157352E-02 -7.193724E-03 -4.416351E-02  2.932041E-01  8.632162E-14  4.364089E-01
       126   4  2.340460E-02 -7.193724E-03  3.081461E-02  2.932041E-01  9.824279E-14  4.364089E-01
       126   5 -4.851912E-02 -3.623114E-02 -5.592913E-02  2.778858E-01 -2.447518E-14  4.581770E-01
       126   6  2.645900E-02 -3.623114E-02  1.904899E-02  2.778858E-01 -3.304406E-13  4.581770E-01
       126   7 -4.851912E-02  2.987599E-03 -4.416351E-02  2.778858E-01 -4.094590E-14  4.364089E-01
       126   8  2.645900E-02  2.987599E-03  3.081461E-02  2.778858E-01 -1.135676E-14  4.364089E-01
       127   1  2.250750E+00  1.001980E+01  2.644507E+00  4.248880E+00  2.620264E-14  6.581871E-01
       127   2  2.873079E+00  1.001980E+01  3.266836E+00  4.248880E+00  2.839873E-13  6.581871E-01
       127   3  2.250750E+00  7.468777E+00  1.879200E+00  4.248880E+00  9.174344E-14  6.542086E-01
       127   4  2.873079E+00  7.468777E+00  2.501529E+00  4.248880E+00  5.391723E-13  6.542086E-01
       127   5  2.272957E+00  1.009383E+01  2.644507E+00  4.246080E+00  8.449154E-14  6.581871E-01
       127   6  2.895286E+00  1.009383E+01  3.266836E+00  4.246080E+00  3.729258E-13  6.581871E-01
       127   7  2.272957E+00  7.542802E+00  1.879200E+00  4.246080E+00  1.916282E-13  6.542086E-01
       127   8  2.895286E+00  7.542802E+00  2.501529E+00  4.246080E+00  5.572337E-13  6.542086E-01
       128   1 -8.579423E-02  3.417427E-02 -8.029867E-02  1.474358E-01  4.570069E-14  4.286136E-01
       128   2  8.185719E-02  3.417427E-02  8.735275E-02  1.474358E-01 -4.476341E-13  4.286136E-01
       128   3 -8.579423E-02  2.910719E-05 -9.054222E-02  1.474358E-01 -1.283450E-13  3.944860E-01
       128   4  8.185719E-02  2.910718E-05  7.710920E-02  1.474358E-01 -3.531883E-14  3.944860E-01
       128   5 -8.504666E-02  3.666615E-02 -8.029867E-02  1.234200E-01  5.281576E-14  4.286136E-01
       128   6  8.260476E-02  3.666615E-02  8.735275E-02  1.234200E-01 -2.476423E-13  4.286136E-01
       128   7 -8.504666E-02  2.520987E-03 -9.054222E-02  1.234200E-01 -6.540397E-14  3.944860E-01
       128   8  8.260476E-02  2.520987E-03  7.710920E-02  1.234200E-01 -2.537483E-13  3.944860E-01
       129   1 -1.436915E+00 -5.287090E+00 -1.655182E+00  3.195741E+00  3.015014E-13  6.155046E-01
       129   2 -1.193992E+00 -5.287090E+00 -1.412259E+00  3.195741E+00  1.449697E-13  6.155046E-01
       129   3 -1.436915E+00 -3.894199E+00 -1.237315E+00  3.195741E+00 -1.021424E-13  6.061436E-01
       129   4 -1.193992E+00 -3.894199E+00 -9.943922E-01  3.195741E+00 -1.804082E-13  6.061436E-01
       129   5 -1.455582E+00 -5.349314E+00 -1.655182E+00  3.189154E+00  2.192675E-13  6.155046E-01
       129   6 -1.212660E+00 -5.349314E+00 -1.412259E+00  3.189154E+00  1.667254E-13  6.155046E-01
       129   7 -1.455582E+00 -3.956424E+00 -1.237315E+00  3.189154E+00 -1.668622E-13  6.061436E-01
       129   8 -1.212660E+00 -3.956424E+00 -9.943922E-01  3.189154E+00  4.275203E-13  6.061436E-01
       130   1 -8.200375E-02 -2.750830E-02 -8.831548E-02 -7.430044E-02  2.898025E-13  3.721629E-01
       130   2  6.474117E-02 -2.750830E-02  5.842944E-02 -7.430044E-02  5.686930E-14  3.721629E-01
       130   3 -8.200375E-02  2.626206E-03 -7.927513E-02 -7.430044E-02 -1.888232E-14  4.092682E-01
       130   4  6.474117E-02  2.626206E-03  6.746979E-02 -7.430044E-02 -1.735839E-13  4.092682E-01
       130   5 -8.558686E-02 -3.945198E-02 -8.831548E-02 -4.818934E-02  6.841420E-15  3.721629E-01
       130   6  6.115806E-02 -3.945198E-02  5.842944E-02 -4.818934E-02 -3.006633E-13  3.721629E-01
       130   7 -8.558686E-02 -9.317479E-03 -7.927513E-02 -4.818934E-02 -2.285034E-13  4.092682E-01
       130   8  6.115806E-02 -9.317479E-03  6.746979E-02 -4.818934E-02 -9.052909E-14  4.092682E-01
       131   1  5.972754E-01  2.676096E+00  7.211427E-01  2.166934E+00  6.786689E-14  5.701376E-01
       131   2  7.118541E-01  2.676096E+00  8.357214E-01  2.166934E+00 -1.896442E-13  5.701376E-01
       131   3  5.972754E-01  1.883230E+00  4.832828E-01  2.166934E+00  4.597434E-14  6.738354E-01
       131   4  7.118541E-01  1.883230E+00  5.978615E-01  2.166934E+00 -1.938858E-13  6.738354E-01
       131   5  6.071501E-01  2.709012E+00  7.211427E-01  2.239907E+00 -3.448076E-14  5.701376E-01
       131   6  7.217288E-01  2.709012E+00  8.357214E-01  2.239907E+00 -3.437129E-13  5.701376E-01
       131   7  6.071501E-01  1.916146E+00  4.832828E-01  2.239907E+00 -1.510586E-13  6.738354E-01
       131   8  7.217288E-01  1.916146E+00  5.978615E-01  2.239907E+00 -8.921212E-14  6.738354E-01
       132   1  3.151589E-02  1.863927E-02  3.843529E-02 -3.133815E-01 -1.378888E-13  3.557530E-01
       132   2 -3.328074E-02  1.863927E-02 -2.636133E-02 -3.133815E-01 -1.854025E-13  3.557530E-01
       132   3  3.151589E-02 -8.592166E-03  3.026585E-02 -3.133815E-01 -1.378546E-14  3.993235E-01
       132   4 -3.328074E-02 -8.592166E-03 -3.453077E-02 -3.133815E-01 -5.308942E-14  3.993235E-01
       132   5  3.718526E-02  3.753717E-02  3.843529E-02 -2.827207E-01  2.473173E-14  3.557530E-01
       132   6 -2.761137E-02  3.753717E-02 -2.636133E-02 -2.827207E-01  1.921071E-13  3.557530E-01
       132   7  3.718526E-02  1.030573E-02  3.026585E-02 -2.827207E-01  1.181855E-13  3.993235E-01
       132   8 -2.761137E-02  1.030573E-02 -3.453077E-02 -2.827207E-01  2.079792E-14  3.993235E-01
       133   1 -3.743579E-01 -1.199042E+00 -4.558593E-01  1.181478E+00 -5.804945E-14  6.519129E-01
       133   2 -1.318189E-01 -1.199042E+00 -2.133203E-01  1.181478E+00 -3.248990E-13  6.519129E-01
       133   3 -3.743579E-01 -6.769204E-01 -2.992228E-01  1.181478E+00  2.958914E-14  6.652660E-01
       133   4 -1.318189E-01 -6.769204E-01 -5.668381E-02  1.181478E+00 -4.905298E-14  6.652660E-01
       133   5 -3.807241E-01 -1.220263E+00 -4.558593E-01  1.190875E+00  8.380739E-15  6.519129E-01
       133   6 -1.381852E-01 -1.220263E+00 -2.133203E-01  1.190875E+00 -2.393813E-13  6.519129E-01
       133   7 -3.807241E-01 -6.981413E-01 -2.992228E-01  1.190875E+00 -5.952035E-14  6.652660E-01
       133   8 -1.381852E-01 -6.981413E-01 -5.668381E-02  1.190875E+00 -6.430935E-14  6.652660E-01
       134   1  8.053879E-02 -1.682734E-02  7.569099E-02 -5.245132E-01  1.431909E-13  3.836379E-01
       134   2 -8.276418E-02 -1.682734E-02 -8.761199E-02 -5.245132E-01 -9.714816E-14  3.836379E-01
       134   3  8.053879E-02  8.485692E-03  8.328489E-02 -5.245132E-01  6.704592E-15  3.864969E-01
       134   4 -8.276418E-02  8.485692E-03 -8.001808E-02 -5.245132E-01  3.742941E-13  3.864969E-01
       134   5  7.843709E-02 -2.383300E-02  7.569099E-02 -5.225013E-01  1.769191E-13  3.836379E-01
       134   6 -8.486588E-02 -2.383300E-02 -8.761199E-02 -5.225013E-01  7.210857E-14  3.836379E-01
       134   7  7.843709E-02  1.480025E-03  8.328489E-02 -5.225013E-01  7.983937E-14  3.864969E-01
       134   8 -8.486588E-02  1.480025E-03 -8.001808E-02 -5.225013E-01  1.496219E-13  3.864969E-01
       135   1  6.211548E-03  4.369192E-01  6.988975E-02  3.981102E-01 -1.204090E-14  5.336704E-01
       135   2  3.952915E-02  4.369192E-01  1.032073E-01  3.981102E-01  2.022324E-13  5.336704E-01
       135   3  6.211548E-03  1.672139E-02 -5.616958E-02  3.981102E-01  1.269768E-13  3.719052E-01
       135   4  3.952915E-02  1.672139E-02 -2.285198E-02  3.981102E-01  2.282298E-13  3.719052E-01
       135   5  7.508620E-03  4.412427E-01  6.988975E-02  2.842755E-01 -9.851645E-15  5.336704E-01
       135   6  4.082622E-02  4.412427E-01  1.032073E-01  2.842755E-01 -8.483361E-14  5.336704E-01
       135   7  7.508620E-03  2.104496E-02 -5.616958E-02  2.842755E-01  7.005614E-14  3.719052E-01
       135   8  4.082622E-02  2.104496E-02 -2.285198E-02  2.842755E-01  2.254932E-13  3.719052E-01
       136   1  4.174941E-02  1.369874E-02  4.561497E-02 -2.850568E-01 -1.272504E-14  4.988509E-01
       136   2 -4.151217E-02  1.369874E-02 -3.764661E-02 -2.850568E-01 -3.060851E-13  4.988509E-01
       136   3  4.174941E-02 -1.084884E-02  3.825070E-02 -2.850568E-01  1.190407E-14  4.201831E-01
       136   4 -4.151217E-02 -1.084884E-02 -4.501088E-02 -2.850568E-01 -2.171467E-13  4.201831E-01
       136   5  4.211626E-02  1.492156E-02  4.561497E-02 -3.404156E-01 -2.887079E-14  4.988509E-01
       136   6 -4.114532E-02  1.492156E-02 -3.764661E-02 -3.404156E-01  3.803829E-14  4.988509E-01
       136   7  4.211626E-02 -9.626033E-03  3.825070E-02 -3.404156E-01  1.053579E-14  4.201831E-01
       136   8 -4.114532E-02 -9.626033E-03 -4.501088E-02 -3.404156E-01 -2.193359E-13  4.201831E-01
