
                        S T E P       1


                                INCREMENT     1


 displacements (vx,vy,vz) for set ALLN and time  0.1000000E+01

         1 -1.228409E-12  4.197592E-12  2.215724E+00
         2 -1.222877E-12  2.482510E-12  1.281083E+00
         3 -1.189069E-12 -2.095721E-14 -9.356040E-03
         4 -1.298510E-12 -6.005410E-12 -5.060626E+00
         5 -1.239146E-12 -1.307052E-11 -1.220375E+01
         6 -1.165555E-12 -1.823706E-11 -1.600982E+01
         7 -1.096945E-12 -2.208522E-11 -1.511746E+01
         8 -1.058236E-12 -2.601033E-11 -9.010022E+00
         9 -1.034376E-12 -3.003947E-11  9.238298E-02
        10 -1.032627E-12 -3.233896E-11  5.302809E+00
        11 -1.029604E-12 -3.407629E-11  9.146990E+00
        12  4.276504E-12  4.272492E-12  4.757389E+00
        13  4.279991E-12  2.518649E-12  2.879418E+00
        14  4.314141E-12 -2.058280E-14  3.495635E-02
        15  4.378691E-12 -6.147589E-12 -6.748231E+00
        16  4.354785E-12 -1.320465E-11 -1.355108E+01
        17  4.256595E-12 -1.834172E-11 -1.679927E+01
        18  4.196214E-12 -2.209357E-11 -1.556269E+01
        19  4.176976E-12 -2.593199E-11 -9.207298E+00
        20  4.181324E-12 -3.002131E-11  5.312714E-03
        21  4.183419E-12 -3.233676E-11  5.228848E+00
        22  4.184898E-12 -3.409487E-11  9.065345E+00
        23  6.814206E-14  2.437361E-12  1.191636E+00
        24  0.000000E+00  0.000000E+00  0.000000E+00
        25  3.147195E-13 -5.934508E-12 -5.111784E+00
        26  2.269065E-13 -1.315633E-11 -1.282107E+01
        27  1.119340E-13 -1.820245E-11 -1.638828E+01
        28 -6.552098E-15 -2.210001E-11 -1.558278E+01
        29  2.179777E-15 -2.598401E-11 -9.255652E+00
        30  1.836141E-14 -3.004476E-11  0.000000E+00
        31  3.517715E-14 -3.232772E-11  5.185443E+00
        32  3.277923E-14 -3.408024E-11  9.012007E+00
        33  3.073023E-12  2.513067E-12  2.504484E+00
        34  2.999044E-12  0.000000E+00  0.000000E+00
        35  2.867155E-12 -6.118961E-12 -6.648845E+00
        36  2.876260E-12 -1.320662E-11 -1.367575E+01
        37  3.051294E-12 -1.833842E-11 -1.697004E+01
        38  3.132775E-12 -2.209221E-11 -1.580840E+01
        39  3.166665E-12 -2.594836E-11 -9.362569E+00
        40  3.122662E-12 -3.002499E-11  0.000000E+00
        41  3.109761E-12 -3.233548E-11  5.166541E+00
        42  3.091952E-12 -3.409616E-11  8.988584E+00
        43  0.000000E+00  0.000000E+00  0.000000E+00
        44  0.000000E+00  0.000000E+00  0.000000E+00
        45  0.000000E+00  0.000000E+00  0.000000E+00
        46  0.000000E+00  0.000000E+00  0.000000E+00
        47  0.000000E+00  0.000000E+00  0.000000E+00
        48  0.000000E+00  0.000000E+00  0.000000E+00
        49  0.000000E+00  0.000000E+00  0.000000E+00
        50  0.000000E+00  0.000000E+00  0.000000E+00
        51  0.000000E+00  0.000000E+00  0.000000E+00
        52  0.000000E+00  0.000000E+00  0.000000E+00
        53  0.000000E+00  0.000000E+00  0.000000E+00
        54  0.000000E+00  0.000000E+00  0.000000E+00
        55  0.000000E+00  0.000000E+00  0.000000E+00
        56  0.000000E+00  0.000000E+00  0.000000E+00
        57  0.000000E+00  0.000000E+00  0.000000E+00
        58  0.000000E+00  0.000000E+00  0.000000E+00
        59  0.000000E+00  0.000000E+00  0.000000E+00
        60  0.000000E+00  0.000000E+00  0.000000E+00
        61  0.000000E+00  0.000000E+00  0.000000E+00
        62  0.000000E+00  0.000000E+00  0.000000E+00
        63  0.000000E+00  0.000000E+00  0.000000E+00
        64  0.000000E+00  0.000000E+00  0.000000E+00
        65  0.000000E+00  0.000000E+00  0.000000E+00
        66  0.000000E+00  0.000000E+00  0.000000E+00
        67  0.000000E+00  0.000000E+00  0.000000E+00
        68  0.000000E+00  0.000000E+00  0.000000E+00
        69  0.000000E+00  0.000000E+00  0.000000E+00
        70  0.000000E+00  0.000000E+00  0.000000E+00
        71  0.000000E+00  0.000000E+00  0.000000E+00
        72  0.000000E+00  0.000000E+00  0.000000E+00
        73  0.000000E+00  0.000000E+00  0.000000E+00
        74  0.000000E+00  0.000000E+00  0.000000E+00
        75  0.000000E+00  0.000000E+00  0.000000E+00
        76  0.000000E+00  0.000000E+00  0.000000E+00
        77  0.000000E+00  0.000000E+00  0.000000E+00
        78  0.000000E+00  0.000000E+00  0.000000E+00
        79  0.000000E+00  0.000000E+00  0.000000E+00
        80  0.000000E+00  0.000000E+00  0.000000E+00
        81  0.000000E+00  0.000000E+00  0.000000E+00
        82  0.000000E+00  0.000000E+00  0.000000E+00
        83 -1.886841E-13  4.209791E-12  2.466052E+00
        84  3.268445E-13  4.217647E-12  2.752882E+00
        85  1.255244E-12  4.230788E-12  3.324313E+00
        86  2.321430E-12  4.244452E-12  3.934443E+00
        87  3.025484E-12  4.255636E-12  4.285164E+00
        88  8.976569E-13  2.447834E-12  1.245572E+00
        89  1.851217E-12  2.474222E-12  1.635882E+00
        90  2.594940E-12  2.499799E-12  2.200631E+00
        91  1.949374E-13  2.959330E-15 -9.987553E-03
        92  1.070997E-12  1.623267E-15 -2.457307E-02
        93  2.272436E-12  2.070392E-15 -7.256069E-03
        94  1.271427E-12 -5.964217E-12 -5.290284E+00
        95  1.937034E-12 -6.024146E-12 -5.856140E+00
        96  2.313993E-12 -6.083268E-12 -6.427130E+00
        97  0.000000E+00  0.000000E+00  0.000000E+00
        98  0.000000E+00  0.000000E+00  0.000000E+00
        99  7.481654E-13 -1.317145E-11 -1.317032E+01
       100  1.438093E-12 -1.318552E-11 -1.354984E+01
       101  2.180395E-12 -1.320191E-11 -1.368710E+01
       102  0.000000E+00  0.000000E+00  0.000000E+00
       103  0.000000E+00  0.000000E+00  0.000000E+00
       104  8.533001E-13 -1.823017E-11 -1.660427E+01
       105  1.852110E-12 -1.827225E-11 -1.688973E+01
       106  2.585766E-12 -1.831712E-11 -1.700197E+01
       107  0.000000E+00  0.000000E+00  0.000000E+00
       108  0.000000E+00  0.000000E+00  0.000000E+00
       109  4.552331E-13 -2.210353E-11 -1.580183E+01
       110  1.451684E-12 -2.210078E-11 -1.597583E+01
       111  2.540466E-12 -2.209501E-11 -1.592368E+01
       112  0.000000E+00  0.000000E+00  0.000000E+00
       113  0.000000E+00  0.000000E+00  0.000000E+00
       114  6.297185E-13 -2.597197E-11 -9.366357E+00
       115  1.732364E-12 -2.596174E-11 -9.466895E+00
       116  2.678212E-12 -2.595214E-11 -9.434319E+00
       117  0.000000E+00  0.000000E+00  0.000000E+00
       118  0.000000E+00  0.000000E+00  0.000000E+00
       119  5.477840E-13 -3.004100E-11 -2.603931E-02
       120  1.530602E-12 -3.003459E-11 -4.038370E-02
       121  2.544132E-12 -3.002824E-11 -1.081307E-02
       122  6.432840E-13 -3.232788E-11  5.137557E+00
       123  1.657417E-12 -3.233220E-11  5.096865E+00
       124  2.589172E-12 -3.233527E-11  5.129524E+00
       125  5.679970E-13 -3.408278E-11  8.966545E+00
       126  1.484715E-12 -3.408731E-11  8.937511E+00
       127  2.477192E-12 -3.409409E-11  8.956179E+00
       128  0.000000E+00  0.000000E+00  0.000000E+00
       129  0.000000E+00  0.000000E+00  0.000000E+00
       130  0.000000E+00  0.000000E+00  0.000000E+00
       131  0.000000E+00  0.000000E+00  0.000000E+00
       132  0.000000E+00  0.000000E+00  0.000000E+00
       133  0.000000E+00  0.000000E+00  0.000000E+00
       134  0.000000E+00  0.000000E+00  0.000000E+00
       135  0.000000E+00  0.000000E+00  0.000000E+00
       136  0.000000E+00  0.000000E+00  0.000000E+00
       137  0.000000E+00  0.000000E+00  0.000000E+00
       138  0.000000E+00  0.000000E+00  0.000000E+00
       139  0.000000E+00  0.000000E+00  0.000000E+00
       140  0.000000E+00  0.000000E+00  0.000000E+00
       141  0.000000E+00  0.000000E+00  0.000000E+00
       142  0.000000E+00  0.000000E+00  0.000000E+00
       143  0.000000E+00  0.000000E+00  0.000000E+00
       144  0.000000E+00  0.000000E+00  0.000000E+00
       145  0.000000E+00  0.000000E+00  0.000000E+00
       146  0.000000E+00  0.000000E+00  0.000000E+00
       147  0.000000E+00  0.000000E+00  0.000000E+00
       148  0.000000E+00  0.000000E+00  0.000000E+00
       149  0.000000E+00  0.000000E+00  0.000000E+00
       150  0.000000E+00  0.000000E+00  0.000000E+00
       151  0.000000E+00  0.000000E+00  0.000000E+00
       152  0.000000E+00  0.000000E+00  0.000000E+00
       153  0.000000E+00  0.000000E+00  0.000000E+00
       154  0.000000E+00  0.000000E+00  0.000000E+00
       155  0.000000E+00  0.000000E+00  0.000000E+00

 stresses (elem, integ.pnt.,sxx,syy,szz,sxy,sxz,syz) for set ALLE and time  0.1000000E+01

         1   1 -1.246966E+00 -3.740897E-01 -1.902700E-12  5.450541E-01 -1.091541E+00 -6.649860E-14
         1   2 -1.246966E+00 -3.740897E-01 -3.479772E-12  5.450541E-01 -1.091541E+00 -3.064956E-14
         1   3 -1.246966E+00 -3.740897E-01  7.882583E-13  5.450541E-01  8.615699E-01 -5.965718E-14
         1   4 -1.246966E+00 -3.740897E-01 -6.199485E-13  5.450541E-01  8.615699E-01 -7.662390E-15
         1   5  1.246966E+00  3.740897E-01 -1.858624E-12 -5.450541E-01 -1.091541E+00 -3.694367E-14
         1   6  1.246966E+00  3.740897E-01 -3.634093E-12 -5.450541E-01 -1.091541E+00  8.757018E-15
         1   7  1.246966E+00  3.740897E-01  7.106538E-13 -5.450541E-01  8.615699E-01 -5.582599E-14
         1   8  1.246966E+00  3.740897E-01 -8.196777E-13 -5.450541E-01  8.615699E-01 -6.567763E-15
         2   1  2.223196E+00  6.669587E-01  6.566525E-12 -3.517532E-01  1.440680E+00 -8.757018E-15
         2   2  2.223196E+00  6.669587E-01  9.218848E-12 -3.517532E-01  1.440680E+00 -2.517643E-14
         2   3  2.223196E+00  6.669587E-01 -2.988276E-12 -3.517532E-01  1.802314E-01 -8.757018E-15
         2   4  2.223196E+00  6.669587E-01  4.529710E-13 -3.517532E-01  1.802314E-01 -2.243986E-14
         2   5 -2.223196E+00 -6.669587E-01  6.665335E-12  3.517532E-01  1.440680E+00 -1.094627E-14
         2   6 -2.223196E+00 -6.669587E-01  9.156675E-12  3.517532E-01  1.440680E+00 -4.214315E-14
         2   7 -2.223196E+00 -6.669587E-01 -3.073986E-12  3.517532E-01  1.802314E-01 -8.757018E-15
         2   8 -2.223196E+00 -6.669587E-01  3.981260E-13  3.517532E-01  1.802314E-01 -4.214315E-14
         3   1  1.642500E+01  4.927499E+00 -3.517187E-13  2.048890E-01 -1.365304E-01  2.227566E-13
         3   2  1.642500E+01  4.927499E+00 -5.231371E-12  2.048890E-01 -1.365304E-01 -1.499639E-13
         3   3  1.642500E+01  4.927499E+00 -4.281020E-12  2.048890E-01  5.976552E-01  1.817081E-13
         3   4  1.642500E+01  4.927499E+00 -6.192380E-12  2.048890E-01  5.976552E-01 -1.828027E-13
         3   5 -1.642500E+01 -4.927499E+00  2.433609E-13 -2.048890E-01 -1.365304E-01  2.216620E-13
         3   6 -1.642500E+01 -4.927499E+00 -4.915179E-12 -2.048890E-01 -1.365304E-01 -1.280714E-13
         3   7 -1.642500E+01 -4.927499E+00 -3.593570E-12 -2.048890E-01  5.976552E-01  1.899178E-13
         3   8 -1.642500E+01 -4.927499E+00 -5.019984E-12 -2.048890E-01  5.976552E-01 -1.554371E-13
         4   1 -2.867857E+00 -8.603570E-01  1.253220E-12  1.522720E+00 -3.959493E+00  4.597434E-14
         4   2 -2.867857E+00 -8.603570E-01  1.784128E-12  1.522720E+00 -3.959493E+00  4.378509E-14
         4   3 -2.867857E+00 -8.603570E-01 -2.773337E-13  1.522720E+00  1.496920E+00  1.072735E-13
         4   4 -2.867857E+00 -8.603570E-01 -3.516964E-12  1.522720E+00  1.496920E+00 -5.254211E-14
         4   5  2.867857E+00  8.603570E-01  2.279732E-12 -1.522720E+00 -3.959493E+00 -6.129912E-14
         4   6  2.867857E+00  8.603570E-01  5.078382E-12 -1.522720E+00 -3.959493E+00  8.757018E-15
         4   7  2.867857E+00  8.603570E-01  9.938717E-13 -1.522720E+00  1.496920E+00  2.189254E-15
         4   8  2.867857E+00  8.603570E-01 -2.613021E-12 -1.522720E+00  1.496920E+00  7.005614E-14
         5   1 -1.804987E+01 -5.414962E+00 -7.162271E-12 -1.724655E-01  4.973550E-01  1.751404E-14
         5   2 -1.804987E+01 -5.414962E+00 -1.987743E-12 -1.724655E-01  4.973550E-01  3.590377E-13
         5   3 -1.804987E+01 -5.414962E+00  6.451728E-12 -1.724655E-01 -1.206465E-01  0.000000E+00
         5   4 -1.804987E+01 -5.414962E+00  9.912071E-12 -1.724655E-01 -1.206465E-01  2.627105E-13
         5   5  1.804987E+01  5.414962E+00 -7.124967E-12  1.724655E-01  4.973550E-01  1.663833E-13
         5   6  1.804987E+01  5.414962E+00 -3.659295E-12  1.724655E-01  4.973550E-01  8.757018E-15
         5   7  1.804987E+01  5.414962E+00  4.520828E-12  1.724655E-01 -1.206465E-01  1.401123E-13
         5   8  1.804987E+01  5.414962E+00  6.513901E-12  1.724655E-01 -1.206465E-01 -8.757018E-15
         6   1 -1.959420E+01 -5.878261E+00  2.479794E-12  1.594941E-01 -5.241618E-01  3.765518E-13
         6   2 -1.959420E+01 -5.878261E+00  3.639755E-12  1.594941E-01 -5.241618E-01  5.254211E-14
         6   3 -1.959420E+01 -5.878261E+00  4.325429E-12  1.594941E-01  4.735870E-02  3.502807E-13
         6   4 -1.959420E+01 -5.878261E+00  8.057555E-12  1.594941E-01  4.735870E-02  7.881316E-14
         6   5  1.959420E+01  5.878261E+00  1.170619E-12 -1.594941E-01 -5.241618E-01  1.751404E-14
         6   6  1.959420E+01  5.878261E+00  3.804956E-12 -1.594941E-01 -5.241618E-01  4.378509E-14
         6   7  1.959420E+01  5.878261E+00  2.515321E-12 -1.594941E-01  4.735870E-02  0.000000E+00
         6   8  1.959420E+01  5.878261E+00  7.233325E-12 -1.594941E-01  4.735870E-02  3.502807E-14
         7   1 -1.593411E+01 -4.780232E+00  1.165290E-12 -5.786453E-01  1.452952E+00  1.488693E-13
         7   2 -1.593411E+01 -4.780232E+00 -3.995027E-12 -5.786453E-01  1.452952E+00 -2.101684E-13
         7   3 -1.593411E+01 -4.780232E+00  1.845635E-12 -5.786453E-01 -6.205271E-01  1.663833E-13
         7   4 -1.593411E+01 -4.780232E+00 -1.717737E-12 -5.786453E-01 -6.205271E-01 -8.757018E-14
         7   5  1.593411E+01  4.780232E+00  4.790834E-12  5.786453E-01  1.452952E+00  3.152526E-13
         7   6  1.593411E+01  4.780232E+00 -1.207923E-13  5.786453E-01  1.452952E+00 -1.225982E-13
         7   7  1.593411E+01  4.780232E+00  5.666578E-13  5.786453E-01 -6.205271E-01  3.152526E-13
         7   8  1.593411E+01  4.780232E+00  1.907807E-12  5.786453E-01 -6.205271E-01 -1.751404E-13
         8   1 -3.867522E+00 -1.160257E+00 -3.946621E-12 -4.842992E-01  1.201320E+00 -3.283882E-13
         8   2 -3.867522E+00 -1.160257E+00  3.490985E-12 -4.842992E-01  1.201320E+00  3.940658E-14
         8   3 -3.867522E+00 -1.160257E+00 -1.893152E-12 -4.842992E-01 -5.340858E-01 -3.021171E-13
         8   4 -3.867522E+00 -1.160257E+00 -3.160583E-12 -4.842992E-01 -5.340858E-01  2.057899E-13
         8   5  3.867522E+00  1.160257E+00 -4.190870E-12  4.842992E-01  1.201320E+00 -3.196311E-13
         8   6  3.867522E+00  1.160257E+00  3.247180E-12  4.842992E-01  1.201320E+00  2.627105E-14
         8   7  3.867522E+00  1.160257E+00 -9.192647E-13  4.842992E-01 -5.340858E-01 -2.846031E-13
         8   8  3.867522E+00  1.160257E+00 -3.410605E-12  4.842992E-01 -5.340858E-01  2.014114E-13
         9   1  1.523936E+00  4.571808E-01 -7.553957E-13 -6.212527E-02  9.487283E-02 -3.634162E-13
         9   2  1.523936E+00  4.571808E-01  2.051692E-13 -6.212527E-02  9.487283E-02  3.327667E-13
         9   3  1.523936E+00  4.571808E-01 -1.151190E-12 -6.212527E-02 -1.277427E-01 -4.247154E-13
         9   4  1.523936E+00  4.571808E-01  1.178502E-12 -6.212527E-02 -1.277427E-01  2.933601E-13
         9   5 -1.523936E+00 -4.571808E-01 -5.841994E-13  6.212527E-02  9.487283E-02 -5.385566E-13
         9   6 -1.523936E+00 -4.571808E-01  1.078249E-12  6.212527E-02  9.487283E-02 -4.378509E-15
         9   7 -1.523936E+00 -4.571808E-01 -1.128986E-12  6.212527E-02 -1.277427E-01 -5.429351E-13
         9   8 -1.523936E+00 -4.571808E-01  1.193268E-12  6.212527E-02 -1.277427E-01  1.313553E-14
        10   1  4.456394E-01  1.336918E-01  3.136713E-12  5.831163E-02 -1.997803E-01  1.444908E-13
        10   2  4.456394E-01  1.336918E-01  5.157347E-12  5.831163E-02 -1.997803E-01  1.269768E-13
        10   3  4.456394E-01  1.336918E-01  3.720912E-13  5.831163E-02  9.169728E-03  1.313553E-13
        10   4  4.456394E-01  1.336918E-01  3.557543E-12  5.831163E-02  9.169728E-03  5.254211E-14
        10   5 -4.456394E-01 -1.336918E-01  1.208172E-12 -5.831163E-02 -1.997803E-01  2.189254E-13
        10   6 -4.456394E-01 -1.336918E-01  1.942696E-12 -5.831163E-02 -1.997803E-01  3.152526E-13
        10   7 -4.456394E-01 -1.336918E-01 -4.437839E-13 -5.831163E-02  9.169728E-03  1.751404E-13
        10   8 -4.456394E-01 -1.336918E-01  5.318385E-12 -5.831163E-02  9.169728E-03  2.758461E-13
        11   1  1.246966E+00  3.740897E-01  6.794565E-14  4.404819E-01 -6.742114E-01  7.005614E-14
        11   2  1.246966E+00  3.740897E-01 -8.654188E-13  4.404819E-01 -6.742114E-01  1.007057E-13
        11   3  1.246966E+00  3.740897E-01 -9.227064E-13  4.404819E-01  9.041821E-01  1.663833E-13
        11   4  1.246966E+00  3.740897E-01 -1.889822E-12  4.404819E-01  9.041821E-01  1.094627E-13
        11   5 -1.246966E+00 -3.740897E-01  1.322276E-13 -4.404819E-01 -6.742114E-01  1.663833E-13
        11   6 -1.246966E+00 -3.740897E-01 -1.618705E-13 -4.404819E-01 -6.742114E-01  1.795189E-13
        11   7 -1.246966E+00 -3.740897E-01 -2.404743E-13 -4.404819E-01  9.041821E-01  1.401123E-13
        11   8 -1.246966E+00 -3.740897E-01 -2.189360E-12 -4.404819E-01  9.041821E-01  1.313553E-13
        12   1  6.740651E+00  2.022195E+00  2.911449E-12  9.984520E-01 -1.326009E+00  6.567763E-14
        12   2  6.740651E+00  2.022195E+00 -2.322587E-13  9.984520E-01 -1.326009E+00 -3.064956E-14
        12   3  6.740651E+00  2.022195E+00 -2.446043E-12  9.984520E-01  2.251777E+00  7.881316E-14
        12   4  6.740651E+00  2.022195E+00 -3.379075E-12  9.984520E-01  2.251777E+00 -3.940658E-14
        12   5 -6.740651E+00 -2.022195E+00  3.061107E-12 -9.984520E-01 -1.326009E+00  4.378509E-15
        12   6 -6.740651E+00 -2.022195E+00 -1.447731E-13 -9.984520E-01 -1.326009E+00 -9.194868E-14
        12   7 -6.740651E+00 -2.022195E+00 -2.536638E-12 -9.984520E-01  2.251777E+00  1.751404E-14
        12   8 -6.740651E+00 -2.022195E+00 -3.535394E-12 -9.984520E-01  2.251777E+00 -9.632719E-14
        13   1  6.542899E+00  1.962870E+00  4.284129E-12  1.343615E-01 -5.664036E-01  1.707618E-13
        13   2  6.542899E+00  1.962870E+00  4.168221E-12  1.343615E-01 -5.664036E-01 -3.196311E-13
        13   3  6.542899E+00  1.962870E+00 -2.940759E-12  1.343615E-01 -8.494168E-02  1.707618E-13
        13   4  6.542899E+00  1.962870E+00 -4.702905E-13  1.343615E-01 -8.494168E-02 -3.196311E-13
        13   5 -6.542899E+00 -1.962870E+00  4.907630E-12 -1.343615E-01 -5.664036E-01  3.590377E-13
        13   6 -6.542899E+00 -1.962870E+00  5.341949E-12 -1.343615E-01 -5.664036E-01 -1.532478E-13
        13   7 -6.542899E+00 -1.962870E+00 -2.011280E-12 -1.343615E-01 -8.494168E-02  3.634162E-13
        13   8 -6.542899E+00 -1.962870E+00  2.127187E-13 -1.343615E-01 -8.494168E-02 -1.532478E-13
        14   1 -6.436113E+00 -1.930834E+00 -2.071232E-12 -3.291978E-01  1.355662E-01  1.094627E-14
        14   2 -6.436113E+00 -1.930834E+00  5.639045E-12 -3.291978E-01  1.355662E-01  4.903930E-13
        14   3 -6.436113E+00 -1.930834E+00  2.844391E-12 -3.291978E-01 -1.044059E+00  5.035285E-14
        14   4 -6.436113E+00 -1.930834E+00  2.831957E-12 -3.291978E-01 -1.044059E+00  5.954772E-13
        14   5  6.436113E+00  1.930834E+00 -3.619771E-12  3.291978E-01  1.355662E-01  3.502807E-14
        14   6  6.436113E+00  1.930834E+00  1.702638E-12  3.291978E-01  1.355662E-01 -1.313553E-14
        14   7  6.436113E+00  1.930834E+00  1.290523E-12  3.291978E-01 -1.044059E+00  7.662390E-14
        14   8  6.436113E+00  1.930834E+00  1.522782E-12  3.291978E-01 -1.044059E+00 -1.313553E-14
        15   1 -1.633916E+01 -4.901748E+00 -9.107382E-12 -1.576283E-01  9.859482E-02  2.364395E-13
        15   2 -1.633916E+01 -4.901748E+00 -7.450041E-12 -1.576283E-01  9.859482E-02 -9.632719E-14
        15   3 -1.633916E+01 -4.901748E+00 -2.220446E-13 -1.576283E-01 -4.662399E-01  2.408180E-13
        15   4 -1.633916E+01 -4.901748E+00  8.057555E-12 -1.576283E-01 -4.662399E-01 -1.313553E-14
        15   5  1.633916E+01  4.901748E+00 -2.490452E-12  1.576283E-01  9.859482E-02  5.210425E-13
        15   6  1.633916E+01  4.901748E+00  1.621814E-12  1.576283E-01  9.859482E-02 -4.816360E-14
        15   7  1.633916E+01  4.901748E+00  3.943512E-12  1.576283E-01 -4.662399E-01  5.210425E-13
        15   8  1.633916E+01  4.901748E+00  9.773515E-12  1.576283E-01 -4.662399E-01 -4.816360E-14
        16   1 -1.948133E+01 -5.844398E+00 -2.620126E-12 -5.996047E-02  8.099990E-02 -3.940658E-14
        16   2 -1.948133E+01 -5.844398E+00 -4.940048E-12 -5.996047E-02  8.099990E-02 -2.189254E-13
        16   3 -1.948133E+01 -5.844398E+00  5.730527E-12 -5.996047E-02 -1.338584E-01 -3.940658E-14
        16   4 -1.948133E+01 -5.844398E+00 -3.890221E-13 -5.996047E-02 -1.338584E-01 -2.014114E-13
        16   5  1.948133E+01  5.844398E+00  2.575717E-12  5.996047E-02  8.099990E-02 -3.940658E-14
        16   6  1.948133E+01  5.844398E+00  1.486811E-12  5.996047E-02  8.099990E-02 -2.057899E-13
        16   7  1.948133E+01  5.844398E+00  9.448442E-12  5.996047E-02 -1.338584E-01 -3.940658E-14
        16   8  1.948133E+01  5.844398E+00  4.803269E-12  5.996047E-02 -1.338584E-01 -2.014114E-13
        17   1 -1.523237E+01 -4.569710E+00  2.602363E-12  3.033446E-01 -2.440879E-01 -1.313553E-14
        17   2 -1.523237E+01 -4.569710E+00 -8.535395E-13  3.033446E-01 -2.440879E-01 -3.677947E-13
        17   3 -1.523237E+01 -4.569710E+00 -2.805756E-12  3.033446E-01  8.428970E-01 -2.627105E-14
        17   4 -1.523237E+01 -4.569710E+00  1.709743E-12  3.033446E-01  8.428970E-01 -3.502807E-13
        17   5  1.523237E+01  4.569710E+00  1.878497E-12 -3.033446E-01 -2.440879E-01 -1.576263E-13
        17   6  1.523237E+01  4.569710E+00 -1.941558E-12 -3.033446E-01 -2.440879E-01 -2.933601E-13
        17   7  1.523237E+01  4.569710E+00 -1.077360E-12 -3.033446E-01  8.428970E-01 -1.751404E-13
        17   8  1.523237E+01  4.569710E+00  1.477041E-12 -3.033446E-01  8.428970E-01 -3.108741E-13
        18   1 -3.625026E+00 -1.087508E+00 -2.061018E-12  4.259328E-01 -3.561011E-01 -4.553649E-13
        18   2 -3.625026E+00 -1.087508E+00  2.745137E-12  4.259328E-01 -3.561011E-01  7.005614E-14
        18   3 -3.625026E+00 -1.087508E+00  8.231194E-13  4.259328E-01  1.170158E+00 -3.677947E-13
        18   4 -3.625026E+00 -1.087508E+00 -3.321787E-12  4.259328E-01  1.170158E+00  1.116520E-13
        18   5  3.625026E+00  1.087508E+00 -1.759481E-12 -4.259328E-01 -3.561011E-01 -5.188533E-13
        18   6  3.625026E+00  1.087508E+00  3.167022E-12 -4.259328E-01 -3.561011E-01  2.189254E-15
        18   7  3.625026E+00  1.087508E+00  2.347456E-12 -4.259328E-01  1.170158E+00 -4.356616E-13
        18   8  3.625026E+00  1.087508E+00 -2.285061E-12 -4.259328E-01  1.170158E+00  9.194868E-14
        19   1  2.074649E+00  6.223947E-01  2.293721E-13 -9.841756E-02  8.643915E-02 -4.356616E-13
        19   2  2.074649E+00  6.223947E-01  1.356470E-12 -9.841756E-02  8.643915E-02  2.517643E-13
        19   3  2.074649E+00  6.223947E-01 -1.417089E-12 -9.841756E-02 -2.662238E-01 -4.279992E-13
        19   4  2.074649E+00  6.223947E-01  2.855494E-12 -9.841756E-02 -2.662238E-01  2.331556E-13
        19   5 -2.074649E+00 -6.223947E-01 -4.152234E-13  9.841756E-02  8.643915E-02 -4.717843E-13
        19   6 -2.074649E+00 -6.223947E-01  4.669598E-13  9.841756E-02  8.643915E-02 -1.423015E-14
        19   7 -2.074649E+00 -6.223947E-01 -1.930234E-12  9.841756E-02 -2.662238E-01 -4.564595E-13
        19   8 -2.074649E+00 -6.223947E-01  1.363354E-12  9.841756E-02 -2.662238E-01  0.000000E+00
        20   1  4.372294E-01  1.311688E-01  1.567219E-12 -9.562590E-02  8.067206E-02  2.233039E-13
        20   2  4.372294E-01  1.311688E-01  2.506800E-12 -9.562590E-02  8.067206E-02  3.885927E-13
        20   3  4.372294E-01  1.311688E-01  5.627721E-13 -9.562590E-02 -2.619874E-01  1.849920E-13
        20   4  4.372294E-01  1.311688E-01  4.535899E-12 -9.562590E-02 -2.619874E-01  3.097795E-13
        20   5 -4.372294E-01 -1.311688E-01  1.222661E-12  9.562590E-02  8.067206E-02  1.630995E-13
        20   6 -4.372294E-01 -1.311688E-01  1.549066E-12  9.562590E-02  8.067206E-02  6.348838E-13
        20   7 -4.372294E-01 -1.311688E-01 -1.119660E-12  9.562590E-02 -2.619874E-01  1.258821E-13
        20   8 -4.372294E-01 -1.311688E-01  6.041223E-12  9.562590E-02 -2.619874E-01  4.871091E-13
        21   1 -1.769389E+01 -5.308166E+00 -1.275779E-11 -4.615687E-01 -1.469116E+00  5.582599E-14
        21   2 -1.769389E+01 -5.308166E+00 -2.782841E-11 -4.615687E-01 -1.469116E+00 -4.296412E-14
        21   3 -1.769389E+01 -5.308166E+00  1.678302E-11 -4.615687E-01 -2.923757E+00  7.115077E-14
        21   4 -1.769389E+01 -5.308166E+00  3.565148E-12 -4.615687E-01 -2.923757E+00 -2.107157E-14
        21   5  1.769389E+01  5.308166E+00 -1.280576E-11  4.615687E-01 -1.469116E+00  9.851645E-15
        21   6  1.769389E+01  5.308166E+00 -2.781420E-11  4.615687E-01 -1.469116E+00 -6.403569E-14
        21   7  1.769389E+01  5.308166E+00  1.674216E-11  4.615687E-01 -2.923757E+00  2.736568E-14
        21   8  1.769389E+01  5.308166E+00  3.403500E-12  4.615687E-01 -2.923757E+00 -5.308942E-14
        22   1  2.277596E+01  6.832789E+00  1.728040E-11  3.872553E-01 -4.184694E+00  2.183781E-13
        22   2  2.277596E+01  6.832789E+00  1.564793E-11  3.872553E-01 -4.184694E+00 -3.130634E-13
        22   3  2.277596E+01  6.832789E+00 -4.186873E-12  3.872553E-01 -2.964253E+00  3.453549E-13
        22   4  2.277596E+01  6.832789E+00 -1.543654E-12  3.872553E-01 -2.964253E+00 -2.605213E-13
        22   5 -2.277596E+01 -6.832789E+00  1.605649E-11 -3.872553E-01 -4.184694E+00  3.294828E-13
        22   6 -2.277596E+01 -6.832789E+00  1.545608E-11 -3.872553E-01 -4.184694E+00 -2.298717E-13
        22   7 -2.277596E+01 -6.832789E+00 -5.110579E-12 -3.872553E-01 -2.964253E+00  4.225261E-13
        22   8 -2.277596E+01 -6.832789E+00 -2.470912E-12 -3.872553E-01 -2.964253E+00 -1.379230E-13
        23   1 -1.034889E+01 -3.104666E+00 -1.509637E-11  2.085095E+00 -1.776165E+00  1.007057E-13
        23   2 -1.034889E+01 -3.104666E+00 -6.617817E-12  2.085095E+00 -1.776165E+00  1.050842E-13
        23   3 -1.034889E+01 -3.104666E+00 -4.225065E-12  2.085095E+00  4.795042E+00  1.707618E-13
        23   4 -1.034889E+01 -3.104666E+00  2.753353E-14  2.085095E+00  4.795042E+00 -7.005614E-14
        23   5  1.034889E+01  3.104666E+00 -1.395506E-11 -2.085095E+00 -1.776165E+00  1.094627E-13
        23   6  1.034889E+01  3.104666E+00 -2.213341E-12 -2.085095E+00 -1.776165E+00  1.751404E-14
        23   7  1.034889E+01  3.104666E+00 -6.270540E-13 -2.085095E+00  4.795042E+00 -5.692061E-14
        23   8  1.034889E+01  3.104666E+00  3.881340E-12 -2.085095E+00  4.795042E+00  1.050842E-13
        24   1 -7.903646E+00 -2.371094E+00  1.970868E-12 -1.222161E+00  6.823804E-01  9.457579E-13
        24   2 -7.903646E+00 -2.371094E+00 -8.517631E-13 -1.222161E+00  6.823804E-01  1.339824E-12
        24   3 -7.903646E+00 -2.371094E+00 -3.632650E-13 -1.222161E+00 -3.169280E+00  3.502807E-14
        24   4 -7.903646E+00 -2.371094E+00 -1.835865E-12 -1.222161E+00 -3.169280E+00  1.147169E-12
        24   5  7.903646E+00  2.371094E+00  6.846967E-12  1.222161E+00  6.823804E-01  2.276825E-13
        24   6  7.903646E+00  2.371094E+00 -3.203660E-12  1.222161E+00  6.823804E-01  8.581877E-13
        24   7  7.903646E+00  2.371094E+00 -3.337775E-12  1.222161E+00 -3.169280E+00 -4.903930E-13
        24   8  7.903646E+00  2.371094E+00 -4.801493E-12  1.222161E+00 -3.169280E+00  7.180754E-13
        25   1 -1.586889E+01 -4.760667E+00 -1.076295E-11  3.045724E-01  1.842431E-01  7.968886E-13
        25   2 -1.586889E+01 -4.760667E+00 -1.110223E-11  3.045724E-01  1.842431E-01  1.488693E-13
        25   3 -1.586889E+01 -4.760667E+00 -5.918821E-12  3.045724E-01  1.144108E+00  1.173440E-12
        25   4 -1.586889E+01 -4.760667E+00 -7.235101E-12  3.045724E-01  1.144108E+00  9.632719E-14
        25   5  1.586889E+01  4.760667E+00 -6.869172E-12 -3.045724E-01  1.842431E-01  9.632719E-13
        25   6  1.586889E+01  4.760667E+00 -4.490630E-12 -3.045724E-01  1.842431E-01 -2.977386E-13
        25   7  1.586889E+01  4.760667E+00 -2.016165E-12 -3.045724E-01  1.144108E+00  7.968886E-13
        25   8  1.586889E+01  4.760667E+00 -1.358913E-12 -3.045724E-01  1.144108E+00 -4.641219E-13
        26   1 -1.040522E+01 -3.121566E+00  5.933920E-12 -8.793568E-01  1.098925E+00 -3.327667E-13
        26   2 -1.040522E+01 -3.121566E+00  7.519319E-12 -8.793568E-01  1.098925E+00  9.632719E-14
        26   3 -1.040522E+01 -3.121566E+00  3.010037E-12 -8.793568E-01 -1.672381E+00 -6.129912E-13
        26   4 -1.040522E+01 -3.121566E+00  6.063594E-12 -8.793568E-01 -1.672381E+00 -2.627105E-13
        26   5  1.040522E+01  3.121566E+00  1.547207E-12  8.793568E-01  1.098925E+00 -3.152526E-13
        26   6  1.040522E+01  3.121566E+00 -1.032063E-12  8.793568E-01  1.098925E+00 -4.378509E-14
        26   7  1.040522E+01  3.121566E+00 -3.952394E-13  8.793568E-01 -1.672381E+00 -5.779632E-13
        26   8  1.040522E+01  3.121566E+00 -2.735590E-13  8.793568E-01 -1.672381E+00 -8.757018E-15
        27   1 -2.784035E+00 -8.352105E-01 -3.655742E-12 -5.980688E-01  1.563966E+00 -9.807860E-13
        27   2 -2.784035E+00 -8.352105E-01  4.051426E-12 -5.980688E-01  1.563966E+00  8.757018E-14
        27   3 -2.784035E+00 -8.352105E-01  3.011369E-12 -5.980688E-01 -3.208565E-01 -8.362952E-13
        27   4 -2.784035E+00 -8.352105E-01 -2.154943E-12 -5.980688E-01 -3.208565E-01  2.430072E-13
        27   5  2.784035E+00  8.352105E-01 -3.401723E-12  5.980688E-01  1.563966E+00 -1.151548E-12
        27   6  2.784035E+00  8.352105E-01  3.817613E-12  5.980688E-01  1.563966E+00  9.194868E-14
        27   7  2.784035E+00  8.352105E-01  2.773781E-12  5.980688E-01 -3.208565E-01 -1.011436E-12
        27   8  2.784035E+00  8.352105E-01 -2.387868E-12  5.980688E-01 -3.208565E-01  1.663833E-13
        28   1  2.731142E+00  8.193427E-01  1.757927E-12  2.531806E-01 -1.024473E+00 -7.815638E-13
        28   2  2.731142E+00  8.193427E-01  1.572742E-12  2.531806E-01 -1.024473E+00  2.495750E-13
        28   3  2.731142E+00  8.193427E-01 -2.949641E-12  2.531806E-01 -2.265707E-01 -7.903208E-13
        28   4  2.731142E+00  8.193427E-01 -1.281864E-12  2.531806E-01 -2.265707E-01  2.057899E-13
        28   5 -2.731142E+00 -8.193427E-01  2.031486E-12 -2.531806E-01 -1.024473E+00 -6.885205E-13
        28   6 -2.731142E+00 -8.193427E-01  2.027933E-12 -2.531806E-01 -1.024473E+00  8.319167E-14
        28   7 -2.731142E+00 -8.193427E-01 -2.246203E-12 -2.531806E-01 -2.265707E-01 -6.972775E-13
        28   8 -2.731142E+00 -8.193427E-01  1.134648E-12 -2.531806E-01 -2.265707E-01  7.443465E-14
        29   1 -1.680770E+00 -5.042311E-01 -8.452128E-13  1.645697E-01 -1.193445E-02  5.210425E-13
        29   2 -1.680770E+00 -5.042311E-01  1.726064E-12  1.645697E-01 -1.193445E-02 -3.152526E-13
        29   3 -1.680770E+00 -5.042311E-01 -8.909540E-13  1.645697E-01  5.067095E-01  3.021171E-13
        29   4 -1.680770E+00 -5.042311E-01  8.669288E-12  1.645697E-01  5.067095E-01 -3.108741E-13
        29   5  1.680770E+00  5.042311E-01 -1.198819E-12 -1.645697E-01 -1.193445E-02 -4.378509E-15
        29   6  1.680770E+00  5.042311E-01 -1.443512E-12 -1.645697E-01 -1.193445E-02  8.100241E-14
        29   7  1.680770E+00  5.042311E-01 -2.468914E-12 -1.645697E-01  5.067095E-01  2.386287E-13
        29   8  1.680770E+00  5.042311E-01  5.866641E-12 -1.645697E-01  5.067095E-01  4.378509E-14
        30   1  3.946777E+00  1.184033E+00  1.361133E-12  2.938472E+00 -4.098422E+00  6.129912E-14
        30   2  3.946777E+00  1.184033E+00 -8.042456E-13  2.938472E+00 -4.098422E+00 -7.662390E-14
        30   3  3.946777E+00  1.184033E+00 -4.655831E-12  2.938472E+00  5.162218E+00  8.757018E-14
        30   4  3.946777E+00  1.184033E+00 -3.816947E-12  2.938472E+00  5.162218E+00 -8.319167E-14
        30   5 -3.946777E+00 -1.184033E+00  1.676881E-12 -2.938472E+00 -4.098422E+00  1.488693E-13
        30   6 -3.946777E+00 -1.184033E+00 -5.551115E-13 -2.938472E+00 -4.098422E+00 -1.335445E-13
        30   7 -3.946777E+00 -1.184033E+00 -4.588330E-12 -2.938472E+00  5.162218E+00  1.488693E-13
        30   8 -3.946777E+00 -1.184033E+00 -3.755218E-12 -2.938472E+00  5.162218E+00 -1.291660E-13
        31   1  7.085320E+00  2.125596E+00  3.528289E-12  8.691490E-01 -1.696827E+00  3.896873E-13
        31   2  7.085320E+00  2.125596E+00 -2.922995E-12  8.691490E-01 -1.696827E+00 -2.583320E-13
        31   3  7.085320E+00  2.125596E+00  1.388667E-12  8.691490E-01  1.042309E+00  4.466079E-13
        31   4  7.085320E+00  2.125596E+00  2.001510E-12  8.691490E-01  1.042309E+00 -1.357338E-13
        31   5 -7.085320E+00 -2.125596E+00  2.248424E-12 -8.691490E-01 -1.696827E+00  4.794467E-13
        31   6 -7.085320E+00 -2.125596E+00 -4.638956E-12 -8.691490E-01 -1.696827E+00 -3.502807E-13
        31   7 -7.085320E+00 -2.125596E+00 -5.710987E-13 -8.691490E-01  1.042309E+00  5.385566E-13
        31   8 -7.085320E+00 -2.125596E+00  3.597123E-14 -8.691490E-01  1.042309E+00  2.670890E-13
        32   1 -5.350724E+00 -1.605217E+00  5.316192E-12 -1.133594E+00  1.599612E+00 -3.064956E-14
        32   2 -5.350724E+00 -1.605217E+00  8.943957E-13 -1.133594E+00  1.599612E+00  6.885205E-13
        32   3 -5.350724E+00 -1.605217E+00  2.401634E-12 -1.133594E+00 -1.972926E+00  1.751404E-13
        32   4 -5.350724E+00 -1.605217E+00  7.980283E-13 -1.133594E+00 -1.972926E+00  5.962982E-13
        32   5  5.350724E+00  1.605217E+00  2.205791E-12  1.133594E+00  1.599612E+00  3.634162E-13
        32   6  5.350724E+00  1.605217E+00 -8.042456E-13  1.133594E+00  1.599612E+00  4.377140E-13
        32   7  5.350724E+00  1.605217E+00  3.948841E-12  1.133594E+00 -1.972926E+00  2.758461E-13
        32   8  5.350724E+00  1.605217E+00 -3.535394E-12  1.133594E+00 -1.972926E+00  3.692998E-13
        33   1 -1.110592E+01 -3.331775E+00 -2.808420E-12 -2.342586E-01  2.683568E-01  1.751404E-14
        33   2 -1.110592E+01 -3.331775E+00 -3.342215E-12 -2.342586E-01  2.683568E-01  1.028950E-13
        33   3 -1.110592E+01 -3.331775E+00  4.702905E-12 -2.342586E-01 -4.699128E-01  7.202647E-13
        33   4 -1.110592E+01 -3.331775E+00  7.380763E-13 -2.342586E-01 -4.699128E-01  2.014114E-13
        33   5  1.110592E+01  3.331775E+00 -3.172573E-12  2.342586E-01  2.683568E-01  8.757018E-14
        33   6  1.110592E+01  3.331775E+00 -1.252953E-11  2.342586E-01  2.683568E-01 -4.159583E-14
        33   7  1.110592E+01  3.331775E+00  2.873257E-12  2.342586E-01 -4.699128E-01  8.975943E-14
        33   8  1.110592E+01  3.331775E+00  3.320899E-12  2.342586E-01 -4.699128E-01 -3.940658E-14
        34   1 -1.336458E+01 -4.009373E+00 -4.973799E-13 -4.529473E-01  7.519105E-01 -3.984443E-13
        34   2 -1.336458E+01 -4.009373E+00 -2.571277E-12 -4.529473E-01  7.519105E-01  5.166640E-13
        34   3 -1.336458E+01 -4.009373E+00 -4.760636E-12 -4.529473E-01 -6.755598E-01  1.620048E-13
        34   4 -1.336458E+01 -4.009373E+00 -1.195488E-12 -4.529473E-01 -6.755598E-01  6.173697E-13
        34   5  1.336458E+01  4.009373E+00 -7.341683E-12  4.529473E-01  7.519105E-01 -3.240096E-13
        34   6  1.336458E+01  4.009373E+00 -1.812772E-12  4.529473E-01  7.519105E-01  2.101684E-13
        34   7  1.336458E+01  4.009373E+00 -4.732215E-12  4.529473E-01 -6.755598E-01 -3.196311E-13
        34   8  1.336458E+01  4.009373E+00  7.949197E-13  4.529473E-01 -6.755598E-01  2.014114E-13
        35   1 -1.132520E+01 -3.397559E+00  6.847856E-12  3.311316E-01 -4.926623E-01  5.648276E-13
        35   2 -1.132520E+01 -3.397559E+00  2.439826E-12  3.311316E-01 -4.926623E-01  1.094627E-13
        35   3 -1.132520E+01 -3.397559E+00  2.326139E-12  3.311316E-01  5.509039E-01  9.151083E-13
        35   4 -1.132520E+01 -3.397559E+00  4.782841E-12  3.311316E-01  5.509039E-01  6.742904E-13
        35   5  1.132520E+01  3.397559E+00 -1.566747E-12 -3.311316E-01 -4.926623E-01  9.019728E-13
        35   6  1.132520E+01  3.397559E+00 -2.546408E-12 -3.311316E-01 -4.926623E-01  1.120898E-12
        35   7  1.132520E+01  3.397559E+00 -2.164491E-12 -3.311316E-01  5.509039E-01  1.252254E-12
        35   8  1.132520E+01  3.397559E+00  2.248868E-12 -3.311316E-01  5.509039E-01  1.182197E-12
        36   1 -1.869670E+00 -5.609010E-01 -3.008260E-12  5.625023E-01 -4.271368E-01  1.488693E-13
        36   2 -1.869670E+00 -5.609010E-01  4.923728E-12  5.625023E-01 -4.271368E-01  4.000862E-13
        36   3 -1.869670E+00 -5.609010E-01  2.134848E-12  5.625023E-01  1.345598E+00  8.100241E-14
        36   4 -1.869670E+00 -5.609010E-01 -5.014655E-12  5.625023E-01  1.345598E+00  6.031396E-13
        36   5  1.869670E+00  5.609010E-01 -6.181722E-12 -5.625023E-01 -4.271368E-01 -3.415237E-13
        36   6  1.869670E+00  5.609010E-01  3.830825E-12 -5.625023E-01 -4.271368E-01  9.796913E-14
        36   7  1.869670E+00  5.609010E-01  9.190426E-13 -5.625023E-01  1.345598E+00 -4.181476E-13
        36   8  1.869670E+00  5.609010E-01 -6.231571E-12 -5.625023E-01  1.345598E+00  2.375341E-13
        37   1  2.295051E+00  6.885152E-01 -6.963319E-13 -4.489721E-01  1.901720E-01 -6.618390E-13
        37   2  2.295051E+00  6.885152E-01  3.970158E-13 -4.489721E-01  1.901720E-01  4.860145E-13
        37   3  2.295051E+00  6.885152E-01 -1.554312E-12 -4.489721E-01 -1.224770E+00 -7.501617E-13
        37   4  2.295051E+00  6.885152E-01  2.142286E-12 -4.489721E-01 -1.224770E+00  2.922655E-13
        37   5 -2.295051E+00 -6.885152E-01 -9.388046E-13  4.489721E-01  1.901720E-01 -6.857155E-13
        37   6 -2.295051E+00 -6.885152E-01  1.443734E-12  4.489721E-01  1.901720E-01  2.550481E-13
        37   7 -2.295051E+00 -6.885152E-01 -1.491474E-12  4.489721E-01 -1.224770E+00 -7.401048E-13
        37   8 -2.295051E+00 -6.885152E-01  1.960654E-12  4.489721E-01 -1.224770E+00  2.014114E-13
        38   1 -1.408429E+00 -4.225286E-01 -2.438050E-13 -1.226103E-01  3.931681E-01  5.932879E-13
        38   2 -1.408429E+00 -4.225286E-01  1.665779E-12 -1.226103E-01  3.931681E-01  1.926544E-13
        38   3 -1.408429E+00 -4.225286E-01 -3.031020E-12 -1.226103E-01  6.759778E-03  4.290939E-13
        38   4 -1.408429E+00 -4.225286E-01  6.056378E-12 -1.226103E-01  6.759778E-03 -8.100241E-14
        38   5  1.408429E+00  4.225286E-01 -1.054712E-13  1.226103E-01  3.931681E-01  2.758461E-13
        38   6  1.408429E+00  4.225286E-01 -1.596501E-13  1.226103E-01  3.931681E-01  3.743625E-13
        38   7  1.408429E+00  4.225286E-01 -2.394196E-12  1.226103E-01  6.759778E-03  1.795189E-13
        38   8  1.408429E+00  4.225286E-01  3.987810E-12  1.226103E-01  6.759778E-03 -6.567763E-15
        39   1  0.000000E+00  0.000000E+00  0.000000E+00  0.000000E+00  0.000000E+00  0.000000E+00
        39   2  0.000000E+00  0.000000E+00  0.000000E+00  0.000000E+00  0.000000E+00  0.000000E+00
        39   3  0.000000E+00  0.000000E+00  0.000000E+00  0.000000E+00  0.000000E+00  0.000000E+00
        39   4  0.000000E+00  0.000000E+00  0.000000E+00  0.000000E+00  0.000000E+00  0.000000E+00
        39   5  0.000000E+00  0.000000E+00  0.000000E+00  0.000000E+00  0.000000E+00  0.000000E+00
        39   6  0.000000E+00  0.000000E+00  0.000000E+00  0.000000E+00  0.000000E+00  0.000000E+00
        39   7  0.000000E+00  0.000000E+00  0.000000E+00  0.000000E+00  0.000000E+00  0.000000E+00
        39   8  0.000000E+00  0.000000E+00  0.000000E+00  0.000000E+00  0.000000E+00  0.000000E+00
        40   1  0.000000E+00  0.000000E+00  0.000000E+00  0.000000E+00  0.000000E+00  0.000000E+00
        40   2  0.000000E+00  0.000000E+00  0.000000E+00  0.000000E+00  0.000000E+00  0.000000E+00
        40   3  0.000000E+00  0.000000E+00  0.000000E+00  0.000000E+00  0.000000E+00  0.000000E+00
        40   4  0.000000E+00  0.000000E+00  0.000000E+00  0.000000E+00  0.000000E+00  0.000000E+00
        40   5  0.000000E+00  0.000000E+00  0.000000E+00  0.000000E+00  0.000000E+00  0.000000E+00
        40   6  0.000000E+00  0.000000E+00  0.000000E+00  0.000000E+00  0.000000E+00  0.000000E+00
        40   7  0.000000E+00  0.000000E+00  0.000000E+00  0.000000E+00  0.000000E+00  0.000000E+00
        40   8  0.000000E+00  0.000000E+00  0.000000E+00  0.000000E+00  0.000000E+00  0.000000E+00
        41   1  0.000000E+00  0.000000E+00  0.000000E+00  0.000000E+00  0.000000E+00  0.000000E+00
        41   2  0.000000E+00  0.000000E+00  0.000000E+00  0.000000E+00  0.000000E+00  0.000000E+00
        41   3  0.000000E+00  0.000000E+00  0.000000E+00  0.000000E+00  0.000000E+00  0.000000E+00
        41   4  0.000000E+00  0.000000E+00  0.000000E+00  0.000000E+00  0.000000E+00  0.000000E+00
        41   5  0.000000E+00  0.000000E+00  0.000000E+00  0.000000E+00  0.000000E+00  0.000000E+00
        41   6  0.000000E+00  0.000000E+00  0.000000E+00  0.000000E+00  0.000000E+00  0.000000E+00
        41   7  0.000000E+00  0.000000E+00  0.000000E+00  0.000000E+00  0.000000E+00  0.000000E+00
        41   8  0.000000E+00  0.000000E+00  0.000000E+00  0.000000E+00  0.000000E+00  0.000000E+00
        42   1  0.000000E+00  0.000000E+00  0.000000E+00  0.000000E+00  0.000000E+00  0.000000E+00
        42   2  0.000000E+00  0.000000E+00  0.000000E+00  0.000000E+00  0.000000E+00  0.000000E+00
        42   3  0.000000E+00  0.000000E+00  0.000000E+00  0.000000E+00  0.000000E+00  0.000000E+00
        42   4  0.000000E+00  0.000000E+00  0.000000E+00  0.000000E+00  0.000000E+00  0.000000E+00
        42   5  0.000000E+00  0.000000E+00  0.000000E+00  0.000000E+00  0.000000E+00  0.000000E+00
        42   6  0.000000E+00  0.000000E+00  0.000000E+00  0.000000E+00  0.000000E+00  0.000000E+00
        42   7  0.000000E+00  0.000000E+00  0.000000E+00  0.000000E+00  0.000000E+00  0.000000E+00
        42   8  0.000000E+00  0.000000E+00  0.000000E+00  0.000000E+00  0.000000E+00  0.000000E+00
        43   1  0.000000E+00  0.000000E+00  0.000000E+00  0.000000E+00  0.000000E+00  0.000000E+00
        43   2  0.000000E+00  0.000000E+00  0.000000E+00  0.000000E+00  0.000000E+00  0.000000E+00
        43   3  0.000000E+00  0.000000E+00  0.000000E+00  0.000000E+00  0.000000E+00  0.000000E+00
        43   4  0.000000E+00  0.000000E+00  0.000000E+00  0.000000E+00  0.000000E+00  0.000000E+00
        43   5  0.000000E+00  0.000000E+00  0.000000E+00  0.000000E+00  0.000000E+00  0.000000E+00
        43   6  0.000000E+00  0.000000E+00  0.000000E+00  0.000000E+00  0.000000E+00  0.000000E+00
        43   7  0.000000E+00  0.000000E+00  0.000000E+00  0.000000E+00  0.000000E+00  0.000000E+00
        43   8  0.000000E+00  0.000000E+00  0.000000E+00  0.000000E+00  0.000000E+00  0.000000E+00
        44   1  0.000000E+00  0.000000E+00  0.000000E+00  0.000000E+00  0.000000E+00  0.000000E+00
        44   2  0.000000E+00  0.000000E+00  0.000000E+00  0.000000E+00  0.000000E+00  0.000000E+00
        44   3  0.000000E+00  0.000000E+00  0.000000E+00  0.000000E+00  0.000000E+00  0.000000E+00
        44   4  0.000000E+00  0.000000E+00  0.000000E+00  0.000000E+00  0.000000E+00  0.000000E+00
        44   5  0.000000E+00  0.000000E+00  0.000000E+00  0.000000E+00  0.000000E+00  0.000000E+00
        44   6  0.000000E+00  0.000000E+00  0.000000E+00  0.000000E+00  0.000000E+00  0.000000E+00
        44   7  0.000000E+00  0.000000E+00  0.000000E+00  0.000000E+00  0.000000E+00  0.000000E+00
        44   8  0.000000E+00  0.000000E+00  0.000000E+00  0.000000E+00  0.000000E+00  0.000000E+00
        45   1  0.000000E+00  0.000000E+00  0.000000E+00  0.000000E+00  0.000000E+00  0.000000E+00
        45   2  0.000000E+00  0.000000E+00  0.000000E+00  0.000000E+00  0.000000E+00  0.000000E+00
        45   3  0.000000E+00  0.000000E+00  0.000000E+00  0.000000E+00  0.000000E+00  0.000000E+00
        45   4  0.000000E+00  0.000000E+00  0.000000E+00  0.000000E+00  0.000000E+00  0.000000E+00
        45   5  0.000000E+00  0.000000E+00  0.000000E+00  0.000000E+00  0.000000E+00  0.000000E+00
        45   6  0.000000E+00  0.000000E+00  0.000000E+00  0.000000E+00  0.000000E+00  0.000000E+00
        45   7  0.000000E+00  0.000000E+00  0.000000E+00  0.000000E+00  0.000000E+00  0.000000E+00
        45   8  0.000000E+00  0.000000E+00  0.000000E+00  0.000000E+00  0.000000E+00  0.000000E+00
        46   1  0.000000E+00  0.000000E+00  0.000000E+00  0.000000E+00  0.000000E+00  0.000000E+00
        46   2  0.000000E+00  0.000000E+00  0.000000E+00  0.000000E+00  0.000000E+00  0.000000E+00
        46   3  0.000000E+00  0.000000E+00  0.000000E+00  0.000000E+00  0.000000E+00  0.000000E+00
        46   4  0.000000E+00  0.000000E+00  0.000000E+00  0.000000E+00  0.000000E+00  0.000000E+00
        46   5  0.000000E+00  0.000000E+00  0.000000E+00  0.000000E+00  0.000000E+00  0.000000E+00
        46   6  0.000000E+00  0.000000E+00  0.000000E+00  0.000000E+00  0.000000E+00  0.000000E+00
        46   7  0.000000E+00  0.000000E+00  0.000000E+00  0.000000E+00  0.000000E+00  0.000000E+00
        46   8  0.000000E+00  0.000000E+00  0.000000E+00  0.000000E+00  0.000000E+00  0.000000E+00
        47   1  0.000000E+00  0.000000E+00  0.000000E+00  0.000000E+00  0.000000E+00  0.000000E+00
        47   2  0.000000E+00  0.000000E+00  0.000000E+00  0.000000E+00  0.000000E+00  0.000000E+00
        47   3  0.000000E+00  0.000000E+00  0.000000E+00  0.000000E+00  0.000000E+00  0.000000E+00
        47   4  0.000000E+00  0.000000E+00  0.000000E+00  0.000000E+00  0.000000E+00  0.000000E+00
        47   5  0.000000E+00  0.000000E+00  0.000000E+00  0.000000E+00  0.000000E+00  0.000000E+00
        47   6  0.000000E+00  0.000000E+00  0.000000E+00  0.000000E+00  0.000000E+00  0.000000E+00
        47   7  0.000000E+00  0.000000E+00  0.000000E+00  0.000000E+00  0.000000E+00  0.000000E+00
        47   8  0.000000E+00  0.000000E+00  0.000000E+00  0.000000E+00  0.000000E+00  0.000000E+00
        48   1  0.000000E+00  0.000000E+00  0.000000E+00  0.000000E+00  0.000000E+00  0.000000E+00
        48   2  0.000000E+00  0.000000E+00  0.000000E+00  0.000000E+00  0.000000E+00  0.000000E+00
        48   3  0.000000E+00  0.000000E+00  0.000000E+00  0.000000E+00  0.000000E+00  0.000000E+00
        48   4  0.000000E+00  0.000000E+00  0.000000E+00  0.000000E+00  0.000000E+00  0.000000E+00
        48   5  0.000000E+00  0.000000E+00  0.000000E+00  0.000000E+00  0.000000E+00  0.000000E+00
        48   6  0.000000E+00  0.000000E+00  0.000000E+00  0.000000E+00  0.000000E+00  0.000000E+00
        48   7  0.000000E+00  0.000000E+00  0.000000E+00  0.000000E+00  0.000000E+00  0.000000E+00
        48   8  0.000000E+00  0.000000E+00  0.000000E+00  0.000000E+00  0.000000E+00  0.000000E+00
        49   1  0.000000E+00  0.000000E+00  0.000000E+00  0.000000E+00  0.000000E+00  0.000000E+00
        49   2  0.000000E+00  0.000000E+00  0.000000E+00  0.000000E+00  0.000000E+00  0.000000E+00
        49   3  0.000000E+00  0.000000E+00  0.000000E+00  0.000000E+00  0.000000E+00  0.000000E+00
        49   4  0.000000E+00  0.000000E+00  0.000000E+00  0.000000E+00  0.000000E+00  0.000000E+00
        49   5  0.000000E+00  0.000000E+00  0.000000E+00  0.000000E+00  0.000000E+00  0.000000E+00
        49   6  0.000000E+00  0.000000E+00  0.000000E+00  0.000000E+00  0.000000E+00  0.000000E+00
        49   7  0.000000E+00  0.000000E+00  0.000000E+00  0.000000E+00  0.000000E+00  0.000000E+00
        49   8  0.000000E+00  0.000000E+00  0.000000E+00  0.000000E+00  0.000000E+00  0.000000E+00
        50   1  0.000000E+00  0.000000E+00  0.000000E+00  0.000000E+00  0.000000E+00  0.000000E+00
        50   2  0.000000E+00  0.000000E+00  0.000000E+00  0.000000E+00  0.000000E+00  0.000000E+00
        50   3  0.000000E+00  0.000000E+00  0.000000E+00  0.000000E+00  0.000000E+00  0.000000E+00
        50   4  0.000000E+00  0.000000E+00  0.000000E+00  0.000000E+00  0.000000E+00  0.000000E+00
        50   5  0.000000E+00  0.000000E+00  0.000000E+00  0.000000E+00  0.000000E+00  0.000000E+00
        50   6  0.000000E+00  0.000000E+00  0.000000E+00  0.000000E+00  0.000000E+00  0.000000E+00
        50   7  0.000000E+00  0.000000E+00  0.000000E+00  0.000000E+00  0.000000E+00  0.000000E+00
        50   8  0.000000E+00  0.000000E+00  0.000000E+00  0.000000E+00  0.000000E+00  0.000000E+00
        51   1  0.000000E+00  0.000000E+00  0.000000E+00  0.000000E+00  0.000000E+00  0.000000E+00
        51   2  0.000000E+00  0.000000E+00  0.000000E+00  0.000000E+00  0.000000E+00  0.000000E+00
        51   3  0.000000E+00  0.000000E+00  0.000000E+00  0.000000E+00  0.000000E+00  0.000000E+00
        51   4  0.000000E+00  0.000000E+00  0.000000E+00  0.000000E+00  0.000000E+00  0.000000E+00
        51   5  0.000000E+00  0.000000E+00  0.000000E+00  0.000000E+00  0.000000E+00  0.000000E+00
        51   6  0.000000E+00  0.000000E+00  0.000000E+00  0.000000E+00  0.000000E+00  0.000000E+00
        51   7  0.000000E+00  0.000000E+00  0.000000E+00  0.000000E+00  0.000000E+00  0.000000E+00
        51   8  0.000000E+00  0.000000E+00  0.000000E+00  0.000000E+00  0.000000E+00  0.000000E+00
        52   1  0.000000E+00  0.000000E+00  0.000000E+00  0.000000E+00  0.000000E+00  0.000000E+00
        52   2  0.000000E+00  0.000000E+00  0.000000E+00  0.000000E+00  0.000000E+00  0.000000E+00
        52   3  0.000000E+00  0.000000E+00  0.000000E+00  0.000000E+00  0.000000E+00  0.000000E+00
        52   4  0.000000E+00  0.000000E+00  0.000000E+00  0.000000E+00  0.000000E+00  0.000000E+00
        52   5  0.000000E+00  0.000000E+00  0.000000E+00  0.000000E+00  0.000000E+00  0.000000E+00
        52   6  0.000000E+00  0.000000E+00  0.000000E+00  0.000000E+00  0.000000E+00  0.000000E+00
        52   7  0.000000E+00  0.000000E+00  0.000000E+00  0.000000E+00  0.000000E+00  0.000000E+00
        52   8  0.000000E+00  0.000000E+00  0.000000E+00  0.000000E+00  0.000000E+00  0.000000E+00
        53   1  0.000000E+00  0.000000E+00  0.000000E+00  0.000000E+00  0.000000E+00  0.000000E+00
        53   2  0.000000E+00  0.000000E+00  0.000000E+00  0.000000E+00  0.000000E+00  0.000000E+00
        53   3  0.000000E+00  0.000000E+00  0.000000E+00  0.000000E+00  0.000000E+00  0.000000E+00
        53   4  0.000000E+00  0.000000E+00  0.000000E+00  0.000000E+00  0.000000E+00  0.000000E+00
        53   5  0.000000E+00  0.000000E+00  0.000000E+00  0.000000E+00  0.000000E+00  0.000000E+00
        53   6  0.000000E+00  0.000000E+00  0.000000E+00  0.000000E+00  0.000000E+00  0.000000E+00
        53   7  0.000000E+00  0.000000E+00  0.000000E+00  0.000000E+00  0.000000E+00  0.000000E+00
        53   8  0.000000E+00  0.000000E+00  0.000000E+00  0.000000E+00  0.000000E+00  0.000000E+00
        54   1  0.000000E+00  0.000000E+00  0.000000E+00  0.000000E+00  0.000000E+00  0.000000E+00
        54   2  0.000000E+00  0.000000E+00  0.000000E+00  0.000000E+00  0.000000E+00  0.000000E+00
        54   3  0.000000E+00  0.000000E+00  0.000000E+00  0.000000E+00  0.000000E+00  0.000000E+00
        54   4  0.000000E+00  0.000000E+00  0.000000E+00  0.000000E+00  0.000000E+00  0.000000E+00
        54   5  0.000000E+00  0.000000E+00  0.000000E+00  0.000000E+00  0.000000E+00  0.000000E+00
        54   6  0.000000E+00  0.000000E+00  0.000000E+00  0.000000E+00  0.000000E+00  0.000000E+00
        54   7  0.000000E+00  0.000000E+00  0.000000E+00  0.000000E+00  0.000000E+00  0.000000E+00
        54   8  0.000000E+00  0.000000E+00  0.000000E+00  0.000000E+00  0.000000E+00  0.000000E+00
        55   1  0.000000E+00  0.000000E+00  0.000000E+00  0.000000E+00  0.000000E+00  0.000000E+00
        55   2  0.000000E+00  0.000000E+00  0.000000E+00  0.000000E+00  0.000000E+00  0.000000E+00
        55   3  0.000000E+00  0.000000E+00  0.000000E+00  0.000000E+00  0.000000E+00  0.000000E+00
        55   4  0.000000E+00  0.000000E+00  0.000000E+00  0.000000E+00  0.000000E+00  0.000000E+00
        55   5  0.000000E+00  0.000000E+00  0.000000E+00  0.000000E+00  0.000000E+00  0.000000E+00
        55   6  0.000000E+00  0.000000E+00  0.000000E+00  0.000000E+00  0.000000E+00  0.000000E+00
        55   7  0.000000E+00  0.000000E+00  0.000000E+00  0.000000E+00  0.000000E+00  0.000000E+00
        55   8  0.000000E+00  0.000000E+00  0.000000E+00  0.000000E+00  0.000000E+00  0.000000E+00
        56   1  0.000000E+00  0.000000E+00  0.000000E+00  0.000000E+00  0.000000E+00  0.000000E+00
        56   2  0.000000E+00  0.000000E+00  0.000000E+00  0.000000E+00  0.000000E+00  0.000000E+00
        56   3  0.000000E+00  0.000000E+00  0.000000E+00  0.000000E+00  0.000000E+00  0.000000E+00
        56   4  0.000000E+00  0.000000E+00  0.000000E+00  0.000000E+00  0.000000E+00  0.000000E+00
        56   5  0.000000E+00  0.000000E+00  0.000000E+00  0.000000E+00  0.000000E+00  0.000000E+00
        56   6  0.000000E+00  0.000000E+00  0.000000E+00  0.000000E+00  0.000000E+00  0.000000E+00
        56   7  0.000000E+00  0.000000E+00  0.000000E+00  0.000000E+00  0.000000E+00  0.000000E+00
        56   8  0.000000E+00  0.000000E+00  0.000000E+00  0.000000E+00  0.000000E+00  0.000000E+00
        57   1  0.000000E+00  0.000000E+00  0.000000E+00  0.000000E+00  0.000000E+00  0.000000E+00
        57   2  0.000000E+00  0.000000E+00  0.000000E+00  0.000000E+00  0.000000E+00  0.000000E+00
        57   3  0.000000E+00  0.000000E+00  0.000000E+00  0.000000E+00  0.000000E+00  0.000000E+00
        57   4  0.000000E+00  0.000000E+00  0.000000E+00  0.000000E+00  0.000000E+00  0.000000E+00
        57   5  0.000000E+00  0.000000E+00  0.000000E+00  0.000000E+00  0.000000E+00  0.000000E+00
        57   6  0.000000E+00  0.000000E+00  0.000000E+00  0.000000E+00  0.000000E+00  0.000000E+00
        57   7  0.000000E+00  0.000000E+00  0.000000E+00  0.000000E+00  0.000000E+00  0.000000E+00
        57   8  0.000000E+00  0.000000E+00  0.000000E+00  0.000000E+00  0.000000E+00  0.000000E+00
        58   1  0.000000E+00  0.000000E+00  0.000000E+00  0.000000E+00  0.000000E+00  0.000000E+00
        58   2  0.000000E+00  0.000000E+00  0.000000E+00  0.000000E+00  0.000000E+00  0.000000E+00
        58   3  0.000000E+00  0.000000E+00  0.000000E+00  0.000000E+00  0.000000E+00  0.000000E+00
        58   4  0.000000E+00  0.000000E+00  0.000000E+00  0.000000E+00  0.000000E+00  0.000000E+00
        58   5  0.000000E+00  0.000000E+00  0.000000E+00  0.000000E+00  0.000000E+00  0.000000E+00
        58   6  0.000000E+00  0.000000E+00  0.000000E+00  0.000000E+00  0.000000E+00  0.000000E+00
        58   7  0.000000E+00  0.000000E+00  0.000000E+00  0.000000E+00  0.000000E+00  0.000000E+00
        58   8  0.000000E+00  0.000000E+00  0.000000E+00  0.000000E+00  0.000000E+00  0.000000E+00
        59   1  0.000000E+00  0.000000E+00  0.000000E+00  0.000000E+00  0.000000E+00  0.000000E+00
        59   2  0.000000E+00  0.000000E+00  0.000000E+00  0.000000E+00  0.000000E+00  0.000000E+00
        59   3  0.000000E+00  0.000000E+00  0.000000E+00  0.000000E+00  0.000000E+00  0.000000E+00
        59   4  0.000000E+00  0.000000E+00  0.000000E+00  0.000000E+00  0.000000E+00  0.000000E+00
        59   5  0.000000E+00  0.000000E+00  0.000000E+00  0.000000E+00  0.000000E+00  0.000000E+00
        59   6  0.000000E+00  0.000000E+00  0.000000E+00  0.000000E+00  0.000000E+00  0.000000E+00
        59   7  0.000000E+00  0.000000E+00  0.000000E+00  0.000000E+00  0.000000E+00  0.000000E+00
        59   8  0.000000E+00  0.000000E+00  0.000000E+00  0.000000E+00  0.000000E+00  0.000000E+00
        60   1  0.000000E+00  0.000000E+00  0.000000E+00  0.000000E+00  0.000000E+00  0.000000E+00
        60   2  0.000000E+00  0.000000E+00  0.000000E+00  0.000000E+00  0.000000E+00  0.000000E+00
        60   3  0.000000E+00  0.000000E+00  0.000000E+00  0.000000E+00  0.000000E+00  0.000000E+00
        60   4  0.000000E+00  0.000000E+00  0.000000E+00  0.000000E+00  0.000000E+00  0.000000E+00
        60   5  0.000000E+00  0.000000E+00  0.000000E+00  0.000000E+00  0.000000E+00  0.000000E+00
        60   6  0.000000E+00  0.000000E+00  0.000000E+00  0.000000E+00  0.000000E+00  0.000000E+00
        60   7  0.000000E+00  0.000000E+00  0.000000E+00  0.000000E+00  0.000000E+00  0.000000E+00
        60   8  0.000000E+00  0.000000E+00  0.000000E+00  0.000000E+00  0.000000E+00  0.000000E+00
        61   1  0.000000E+00  0.000000E+00  0.000000E+00  0.000000E+00  0.000000E+00  0.000000E+00
        61   2  0.000000E+00  0.000000E+00  0.000000E+00  0.000000E+00  0.000000E+00  0.000000E+00
        61   3  0.000000E+00  0.000000E+00  0.000000E+00  0.000000E+00  0.000000E+00  0.000000E+00
        61   4  0.000000E+00  0.000000E+00  0.000000E+00  0.000000E+00  0.000000E+00  0.000000E+00
        61   5  0.000000E+00  0.000000E+00  0.000000E+00  0.000000E+00  0.000000E+00  0.000000E+00
        61   6  0.000000E+00  0.000000E+00  0.000000E+00  0.000000E+00  0.000000E+00  0.000000E+00
        61   7  0.000000E+00  0.000000E+00  0.000000E+00  0.000000E+00  0.000000E+00  0.000000E+00
        61   8  0.000000E+00  0.000000E+00  0.000000E+00  0.000000E+00  0.000000E+00  0.000000E+00
        62   1  0.000000E+00  0.000000E+00  0.000000E+00  0.000000E+00  0.000000E+00  0.000000E+00
        62   2  0.000000E+00  0.000000E+00  0.000000E+00  0.000000E+00  0.000000E+00  0.000000E+00
        62   3  0.000000E+00  0.000000E+00  0.000000E+00  0.000000E+00  0.000000E+00  0.000000E+00
        62   4  0.000000E+00  0.000000E+00  0.000000E+00  0.000000E+00  0.000000E+00  0.000000E+00
        62   5  0.000000E+00  0.000000E+00  0.000000E+00  0.000000E+00  0.000000E+00  0.000000E+00
        62   6  0.000000E+00  0.000000E+00  0.000000E+00  0.000000E+00  0.000000E+00  0.000000E+00
        62   7  0.000000E+00  0.000000E+00  0.000000E+00  0.000000E+00  0.000000E+00  0.000000E+00
        62   8  0.000000E+00  0.000000E+00  0.000000E+00  0.000000E+00  0.000000E+00  0.000000E+00
        63   1  0.000000E+00  0.000000E+00  0.000000E+00  0.000000E+00  0.000000E+00  0.000000E+00
        63   2  0.000000E+00  0.000000E+00  0.000000E+00  0.000000E+00  0.000000E+00  0.000000E+00
        63   3  0.000000E+00  0.000000E+00  0.000000E+00  0.000000E+00  0.000000E+00  0.000000E+00
        63   4  0.000000E+00  0.000000E+00  0.000000E+00  0.000000E+00  0.000000E+00  0.000000E+00
        63   5  0.000000E+00  0.000000E+00  0.000000E+00  0.000000E+00  0.000000E+00  0.000000E+00
        63   6  0.000000E+00  0.000000E+00  0.000000E+00  0.000000E+00  0.000000E+00  0.000000E+00
        63   7  0.000000E+00  0.000000E+00  0.000000E+00  0.000000E+00  0.000000E+00  0.000000E+00
        63   8  0.000000E+00  0.000000E+00  0.000000E+00  0.000000E+00  0.000000E+00  0.000000E+00
        64   1  0.000000E+00  0.000000E+00  0.000000E+00  0.000000E+00  0.000000E+00  0.000000E+00
        64   2  0.000000E+00  0.000000E+00  0.000000E+00  0.000000E+00  0.000000E+00  0.000000E+00
        64   3  0.000000E+00  0.000000E+00  0.000000E+00  0.000000E+00  0.000000E+00  0.000000E+00
        64   4  0.000000E+00  0.000000E+00  0.000000E+00  0.000000E+00  0.000000E+00  0.000000E+00
        64   5  0.000000E+00  0.000000E+00  0.000000E+00  0.000000E+00  0.000000E+00  0.000000E+00
        64   6  0.000000E+00  0.000000E+00  0.000000E+00  0.000000E+00  0.000000E+00  0.000000E+00
        64   7  0.000000E+00  0.000000E+00  0.000000E+00  0.000000E+00  0.000000E+00  0.000000E+00
        64   8  0.000000E+00  0.000000E+00  0.000000E+00  0.000000E+00  0.000000E+00  0.000000E+00
        65   1  0.000000E+00  0.000000E+00  0.000000E+00  0.000000E+00  0.000000E+00  0.000000E+00
        65   2  0.000000E+00  0.000000E+00  0.000000E+00  0.000000E+00  0.000000E+00  0.000000E+00
        65   3  0.000000E+00  0.000000E+00  0.000000E+00  0.000000E+00  0.000000E+00  0.000000E+00
        65   4  0.000000E+00  0.000000E+00  0.000000E+00  0.000000E+00  0.000000E+00  0.000000E+00
        65   5  0.000000E+00  0.000000E+00  0.000000E+00  0.000000E+00  0.000000E+00  0.000000E+00
        65   6  0.000000E+00  0.000000E+00  0.000000E+00  0.000000E+00  0.000000E+00  0.000000E+00
        65   7  0.000000E+00  0.000000E+00  0.000000E+00  0.000000E+00  0.000000E+00  0.000000E+00
        65   8  0.000000E+00  0.000000E+00  0.000000E+00  0.000000E+00  0.000000E+00  0.000000E+00
        66   1  0.000000E+00  0.000000E+00  0.000000E+00  0.000000E+00  0.000000E+00  0.000000E+00
        66   2  0.000000E+00  0.000000E+00  0.000000E+00  0.000000E+00  0.000000E+00  0.000000E+00
        66   3  0.000000E+00  0.000000E+00  0.000000E+00  0.000000E+00  0.000000E+00  0.000000E+00
        66   4  0.000000E+00  0.000000E+00  0.000000E+00  0.000000E+00  0.000000E+00  0.000000E+00
        66   5  0.000000E+00  0.000000E+00  0.000000E+00  0.000000E+00  0.000000E+00  0.000000E+00
        66   6  0.000000E+00  0.000000E+00  0.000000E+00  0.000000E+00  0.000000E+00  0.000000E+00
        66   7  0.000000E+00  0.000000E+00  0.000000E+00  0.000000E+00  0.000000E+00  0.000000E+00
        66   8  0.000000E+00  0.000000E+00  0.000000E+00  0.000000E+00  0.000000E+00  0.000000E+00
        67   1  0.000000E+00  0.000000E+00  0.000000E+00  0.000000E+00  0.000000E+00  0.000000E+00
        67   2  0.000000E+00  0.000000E+00  0.000000E+00  0.000000E+00  0.000000E+00  0.000000E+00
        67   3  0.000000E+00  0.000000E+00  0.000000E+00  0.000000E+00  0.000000E+00  0.000000E+00
        67   4  0.000000E+00  0.000000E+00  0.000000E+00  0.000000E+00  0.000000E+00  0.000000E+00
        67   5  0.000000E+00  0.000000E+00  0.000000E+00  0.000000E+00  0.000000E+00  0.000000E+00
        67   6  0.000000E+00  0.000000E+00  0.000000E+00  0.000000E+00  0.000000E+00  0.000000E+00
        67   7  0.000000E+00  0.000000E+00  0.000000E+00  0.000000E+00  0.000000E+00  0.000000E+00
        67   8  0.000000E+00  0.000000E+00  0.000000E+00  0.000000E+00  0.000000E+00  0.000000E+00
        68   1  0.000000E+00  0.000000E+00  0.000000E+00  0.000000E+00  0.000000E+00  0.000000E+00
        68   2  0.000000E+00  0.000000E+00  0.000000E+00  0.000000E+00  0.000000E+00  0.000000E+00
        68   3  0.000000E+00  0.000000E+00  0.000000E+00  0.000000E+00  0.000000E+00  0.000000E+00
        68   4  0.000000E+00  0.000000E+00  0.000000E+00  0.000000E+00  0.000000E+00  0.000000E+00
        68   5  0.000000E+00  0.000000E+00  0.000000E+00  0.000000E+00  0.000000E+00  0.000000E+00
        68   6  0.000000E+00  0.000000E+00  0.000000E+00  0.000000E+00  0.000000E+00  0.000000E+00
        68   7  0.000000E+00  0.000000E+00  0.000000E+00  0.000000E+00  0.000000E+00  0.000000E+00
        68   8  0.000000E+00  0.000000E+00  0.000000E+00  0.000000E+00  0.000000E+00  0.000000E+00
        69   1  0.000000E+00  0.000000E+00  0.000000E+00  0.000000E+00  0.000000E+00  0.000000E+00
        69   2  0.000000E+00  0.000000E+00  0.000000E+00  0.000000E+00  0.000000E+00  0.000000E+00
        69   3  0.000000E+00  0.000000E+00  0.000000E+00  0.000000E+00  0.000000E+00  0.000000E+00
        69   4  0.000000E+00  0.000000E+00  0.000000E+00  0.000000E+00  0.000000E+00  0.000000E+00
        69   5  0.000000E+00  0.000000E+00  0.000000E+00  0.000000E+00  0.000000E+00  0.000000E+00
        69   6  0.000000E+00  0.000000E+00  0.000000E+00  0.000000E+00  0.000000E+00  0.000000E+00
        69   7  0.000000E+00  0.000000E+00  0.000000E+00  0.000000E+00  0.000000E+00  0.000000E+00
        69   8  0.000000E+00  0.000000E+00  0.000000E+00  0.000000E+00  0.000000E+00  0.000000E+00
        70   1  0.000000E+00  0.000000E+00  0.000000E+00  0.000000E+00  0.000000E+00  0.000000E+00
        70   2  0.000000E+00  0.000000E+00  0.000000E+00  0.000000E+00  0.000000E+00  0.000000E+00
        70   3  0.000000E+00  0.000000E+00  0.000000E+00  0.000000E+00  0.000000E+00  0.000000E+00
        70   4  0.000000E+00  0.000000E+00  0.000000E+00  0.000000E+00  0.000000E+00  0.000000E+00
        70   5  0.000000E+00  0.000000E+00  0.000000E+00  0.000000E+00  0.000000E+00  0.000000E+00
        70   6  0.000000E+00  0.000000E+00  0.000000E+00  0.000000E+00  0.000000E+00  0.000000E+00
        70   7  0.000000E+00  0.000000E+00  0.000000E+00  0.000000E+00  0.000000E+00  0.000000E+00
        70   8  0.000000E+00  0.000000E+00  0.000000E+00  0.000000E+00  0.000000E+00  0.000000E+00
        71   1  0.000000E+00  0.000000E+00  0.000000E+00  0.000000E+00  0.000000E+00  0.000000E+00
        71   2  0.000000E+00  0.000000E+00  0.000000E+00  0.000000E+00  0.000000E+00  0.000000E+00
        71   3  0.000000E+00  0.000000E+00  0.000000E+00  0.000000E+00  0.000000E+00  0.000000E+00
        71   4  0.000000E+00  0.000000E+00  0.000000E+00  0.000000E+00  0.000000E+00  0.000000E+00
        71   5  0.000000E+00  0.000000E+00  0.000000E+00  0.000000E+00  0.000000E+00  0.000000E+00
        71   6  0.000000E+00  0.000000E+00  0.000000E+00  0.000000E+00  0.000000E+00  0.000000E+00
        71   7  0.000000E+00  0.000000E+00  0.000000E+00  0.000000E+00  0.000000E+00  0.000000E+00
        71   8  0.000000E+00  0.000000E+00  0.000000E+00  0.000000E+00  0.000000E+00  0.000000E+00
        72   1  0.000000E+00  0.000000E+00  0.000000E+00  0.000000E+00  0.000000E+00  0.000000E+00
        72   2  0.000000E+00  0.000000E+00  0.000000E+00  0.000000E+00  0.000000E+00  0.000000E+00
        72   3  0.000000E+00  0.000000E+00  0.000000E+00  0.000000E+00  0.000000E+00  0.000000E+00
        72   4  0.000000E+00  0.000000E+00  0.000000E+00  0.000000E+00  0.000000E+00  0.000000E+00
        72   5  0.000000E+00  0.000000E+00  0.000000E+00  0.000000E+00  0.000000E+00  0.000000E+00
        72   6  0.000000E+00  0.000000E+00  0.000000E+00  0.000000E+00  0.000000E+00  0.000000E+00
        72   7  0.000000E+00  0.000000E+00  0.000000E+00  0.000000E+00  0.000000E+00  0.000000E+00
        72   8  0.000000E+00  0.000000E+00  0.000000E+00  0.000000E+00  0.000000E+00  0.000000E+00
        73   1  0.000000E+00  0.000000E+00  0.000000E+00  0.000000E+00  0.000000E+00  0.000000E+00
        73   2  0.000000E+00  0.000000E+00  0.000000E+00  0.000000E+00  0.000000E+00  0.000000E+00
        73   3  0.000000E+00  0.000000E+00  0.000000E+00  0.000000E+00  0.000000E+00  0.000000E+00
        73   4  0.000000E+00  0.000000E+00  0.000000E+00  0.000000E+00  0.000000E+00  0.000000E+00
        73   5  0.000000E+00  0.000000E+00  0.000000E+00  0.000000E+00  0.000000E+00  0.000000E+00
        73   6  0.000000E+00  0.000000E+00  0.000000E+00  0.000000E+00  0.000000E+00  0.000000E+00
        73   7  0.000000E+00  0.000000E+00  0.000000E+00  0.000000E+00  0.000000E+00  0.000000E+00
        73   8  0.000000E+00  0.000000E+00  0.000000E+00  0.000000E+00  0.000000E+00  0.000000E+00
        74   1  0.000000E+00  0.000000E+00  0.000000E+00  0.000000E+00  0.000000E+00  0.000000E+00
        74   2  0.000000E+00  0.000000E+00  0.000000E+00  0.000000E+00  0.000000E+00  0.000000E+00
        74   3  0.000000E+00  0.000000E+00  0.000000E+00  0.000000E+00  0.000000E+00  0.000000E+00
        74   4  0.000000E+00  0.000000E+00  0.000000E+00  0.000000E+00  0.000000E+00  0.000000E+00
        74   5  0.000000E+00  0.000000E+00  0.000000E+00  0.000000E+00  0.000000E+00  0.000000E+00
        74   6  0.000000E+00  0.000000E+00  0.000000E+00  0.000000E+00  0.000000E+00  0.000000E+00
        74   7  0.000000E+00  0.000000E+00  0.000000E+00  0.000000E+00  0.000000E+00  0.000000E+00
        74   8  0.000000E+00  0.000000E+00  0.000000E+00  0.000000E+00  0.000000E+00  0.000000E+00
        75   1 -3.691853E+00 -1.415564E+01 -7.399174E-01  1.063822E+00  7.315775E-01  2.035408E+00
        75   2 -8.349192E-01 -1.293124E+01  4.844829E-01  1.489547E+00 -6.688177E-01  1.286134E+00
        75   3 -3.436419E+00 -1.355962E+01 -4.844829E-01  1.390329E+00 -7.050521E-01 -1.172391E+00
        75   4 -5.794848E-01 -1.233522E+01  7.399174E-01  1.816053E+00  7.678120E-01 -4.231168E-01
        75   5  3.691853E+00  1.415564E+01  7.399174E-01 -1.063822E+00  7.315775E-01  2.035408E+00
        75   6  8.349192E-01  1.293124E+01 -4.844829E-01 -1.489547E+00 -6.688177E-01  1.286134E+00
        75   7  3.436419E+00  1.355962E+01  4.844829E-01 -1.390329E+00 -7.050521E-01 -1.172391E+00
        75   8  5.794848E-01  1.233522E+01 -7.399174E-01 -1.816053E+00  7.678120E-01 -4.231168E-01
        76   1  1.006370E+00 -7.911699E+00  3.676234E-01  2.096524E+00 -3.315763E-01  1.340324E+00
        76   2 -4.880060E-01 -8.552146E+00 -2.728236E-01  2.018961E+00  3.690454E-01  1.476836E+00
        76   3  9.115705E-01 -8.132898E+00  2.728236E-01  1.748627E+00  4.198815E-01 -4.773070E-01
        76   4 -5.828058E-01 -8.773345E+00 -3.676234E-01  1.671064E+00 -3.824124E-01 -6.138187E-01
        76   5 -1.006370E+00  7.911699E+00 -3.676234E-01 -2.096524E+00 -3.315763E-01  1.340324E+00
        76   6  4.880060E-01  8.552146E+00  2.728236E-01 -2.018961E+00  3.690454E-01  1.476836E+00
        76   7 -9.115705E-01  8.132898E+00 -2.728236E-01 -1.748627E+00  4.198815E-01 -4.773070E-01
        76   8  5.828058E-01  8.773345E+00  3.676234E-01 -1.671064E+00 -3.824124E-01 -6.138187E-01
        77   1  3.620365E-01 -3.948340E+00  2.110326E-01  1.868871E+00 -2.695473E-01  1.460918E+00
        77   2 -6.306951E-01 -4.373797E+00 -2.144238E-01  1.873290E+00  2.442565E-01  1.453141E+00
        77   3  3.654277E-01 -3.940428E+00  2.144238E-01  1.723754E+00  2.296549E-01 -5.979014E-01
        77   4 -6.273040E-01 -4.365884E+00 -2.110326E-01  1.728173E+00 -2.549457E-01 -5.901244E-01
        77   5 -3.620365E-01  3.948340E+00 -2.110326E-01 -1.868871E+00 -2.695473E-01  1.460918E+00
        77   6  6.306951E-01  4.373797E+00  2.144238E-01 -1.873290E+00  2.442565E-01  1.453141E+00
        77   7 -3.654277E-01  3.940428E+00 -2.144238E-01 -1.723754E+00  2.296549E-01 -5.979014E-01
        77   8  6.273040E-01  4.365884E+00  2.110326E-01 -1.728173E+00 -2.549457E-01 -5.901244E-01
        78   1  6.306606E-01  1.201760E+00  2.145364E-01  1.873328E+00 -2.443886E-01  1.453141E+00
        78   2 -3.625965E-01  7.760786E-01 -2.111452E-01  1.868910E+00  2.696794E-01  1.460918E+00
        78   3  6.272694E-01  1.193848E+00  2.111452E-01  1.728135E+00  2.550778E-01 -5.901244E-01
        78   4 -3.659876E-01  7.681659E-01 -2.145364E-01  1.723716E+00 -2.297870E-01 -5.979014E-01
        78   5 -6.306606E-01 -1.201760E+00 -2.145364E-01 -1.873328E+00 -2.443886E-01  1.453141E+00
        78   6  3.625965E-01 -7.760786E-01  2.111452E-01 -1.868910E+00  2.696794E-01  1.460918E+00
        78   7 -6.272694E-01 -1.193848E+00 -2.111452E-01 -1.728135E+00  2.550778E-01 -5.901244E-01
        78   8  3.659876E-01 -7.681659E-01  2.145364E-01 -1.723716E+00 -2.297870E-01 -5.979014E-01
        79   1  4.924765E-01  5.372364E+00  2.651903E-01  2.014815E+00 -3.600891E-01  1.476836E+00
        79   2 -9.662780E-01  4.747183E+00 -3.599902E-01  2.092378E+00  3.226200E-01  1.340324E+00
        79   3  5.872763E-01  5.593563E+00  3.599902E-01  1.675210E+00  3.734560E-01 -6.138187E-01
        79   4 -8.714782E-01  4.968383E+00 -2.651903E-01  1.752774E+00 -4.109252E-01 -4.773070E-01
        79   5 -4.924765E-01 -5.372364E+00 -2.651903E-01 -2.014815E+00 -3.600891E-01  1.476836E+00
        79   6  9.662780E-01 -4.747183E+00  3.599902E-01 -2.092378E+00  3.226200E-01  1.340324E+00
        79   7 -5.872763E-01 -5.593563E+00 -3.599902E-01 -1.675210E+00  3.734560E-01 -6.138187E-01
        79   8  8.714782E-01 -4.968383E+00  2.651903E-01 -1.752774E+00 -4.109252E-01 -4.773070E-01
        80   1  7.690701E-01  9.925106E+00 -3.184654E-01  1.533818E+00  4.740238E-01  1.286134E+00
        80   2  2.851256E+00  1.081747E+01  5.738998E-01  1.108094E+00 -5.367836E-01  2.035408E+00
        80   3  5.136357E-01  9.329092E+00 -5.738998E-01  1.771782E+00 -5.730181E-01 -4.231168E-01
        80   4  2.595821E+00  1.022146E+01  3.184654E-01  1.346058E+00  5.102582E-01 -1.172391E+00
        80   5 -7.690701E-01 -9.925106E+00  3.184654E-01 -1.533818E+00  4.740238E-01  1.286134E+00
        80   6 -2.851256E+00 -1.081747E+01 -5.738998E-01 -1.108094E+00 -5.367836E-01  2.035408E+00
        80   7 -5.136357E-01 -9.329092E+00  5.738998E-01 -1.771782E+00 -5.730181E-01 -4.231168E-01
        80   8 -2.595821E+00 -1.022146E+01 -3.184654E-01 -1.346058E+00  5.102582E-01 -1.172391E+00
        81   1  2.210915E-01  7.369717E-01  3.804901E-12  4.926593E+00  3.502807E-14  5.197875E+00
        81   2  2.210915E-01  7.369717E-01  1.306683E-11  4.926593E+00  1.576263E-13  5.197875E+00
        81   3  2.210915E-01  7.369717E-01 -2.240153E-11  4.926593E+00  1.751404E-14 -1.214373E+01
        81   4  2.210915E-01  7.369717E-01 -1.362799E-11  4.926593E+00  2.802246E-13 -1.214373E+01
        81   5 -2.210915E-01 -7.369717E-01  3.802070E-12 -4.926593E+00  0.000000E+00  5.197875E+00
        81   6 -2.210915E-01 -7.369717E-01  1.308575E-11 -4.926593E+00  1.225982E-13  5.197875E+00
        81   7 -2.210915E-01 -7.369717E-01 -2.234352E-11 -4.926593E+00 -1.751404E-14 -1.214373E+01
        81   8 -2.210915E-01 -7.369717E-01 -1.383615E-11 -4.926593E+00  2.101684E-13 -1.214373E+01
        82   1 -5.392037E+00 -2.063859E+01 -7.957405E-01 -5.606996E-01  9.586625E-01  5.252546E-01
        82   2 -1.573559E+00 -1.900210E+01  8.407497E-01 -5.975252E-01 -9.653431E-01  5.900677E-01
        82   3 -5.437046E+00 -2.074361E+01 -8.407497E-01  3.282581E-01 -9.614860E-01  8.363158E-01
        82   4 -1.618569E+00 -1.910712E+01  7.957405E-01  2.914325E-01  9.548054E-01  7.715027E-01
        82   5  5.392037E+00  2.063859E+01  7.957405E-01  5.606996E-01  9.586625E-01  5.252546E-01
        82   6  1.573559E+00  1.900210E+01 -8.407497E-01  5.975252E-01 -9.653431E-01  5.900677E-01
        82   7  5.437046E+00  2.074361E+01  8.407497E-01 -3.282581E-01 -9.614860E-01  8.363158E-01
        82   8  1.618569E+00  1.910712E+01 -7.957405E-01 -2.914325E-01  9.548054E-01  7.715027E-01
        83   1  6.221311E-01 -1.281038E+01  4.607374E-01 -2.178685E-02 -5.472153E-01  5.848406E-01
        83   2 -1.533338E+00 -1.373415E+01 -4.630350E-01 -1.879300E-02  5.405347E-01  5.795715E-01
        83   3  6.244287E-01 -1.280502E+01  4.630350E-01 -3.368720E-01  5.366777E-01  7.767298E-01
        83   4 -1.531040E+00 -1.372879E+01 -4.607374E-01 -3.338782E-01 -5.433583E-01  7.819990E-01
        83   5 -6.221311E-01  1.281038E+01 -4.607374E-01  2.178685E-02 -5.472153E-01  5.848406E-01
        83   6  1.533338E+00  1.373415E+01  4.630350E-01  1.879300E-02  5.405347E-01  5.795715E-01
        83   7 -6.244287E-01  1.280502E+01 -4.630350E-01  3.368720E-01  5.366777E-01  7.767298E-01
        83   8  1.531040E+00  1.372879E+01  4.607374E-01  3.338782E-01 -5.433583E-01  7.819990E-01
        84   1  1.489709E+00 -2.169713E-01  6.052232E-01  2.970530E-02 -7.073689E-01  1.306844E+00
        84   2 -1.329305E+00 -1.425120E+00 -6.029256E-01  2.671145E-02  7.140495E-01  1.312113E+00
        84   3  1.487412E+00 -2.223324E-01  6.029256E-01 -3.823765E-01  7.101924E-01  1.509272E+00
        84   4 -1.331602E+00 -1.430481E+00 -6.052232E-01 -3.853703E-01 -7.035118E-01  1.504003E+00
        84   5 -1.489709E+00  2.169713E-01 -6.052232E-01 -2.970530E-02 -7.073689E-01  1.306844E+00
        84   6  1.329305E+00  1.425120E+00  6.029256E-01 -2.671145E-02  7.140495E-01  1.312113E+00
        84   7 -1.487412E+00  2.223324E-01 -6.029256E-01  3.823765E-01  7.101924E-01  1.509272E+00
        84   8  1.331602E+00  1.430481E+00  6.052232E-01  3.853703E-01 -7.035118E-01  1.504003E+00
        85   1  2.505909E+00  1.253348E+01 -2.702201E-01 -2.876079E-01  2.959217E-01  1.317340E+00
        85   2  3.661915E+00  1.302891E+01  2.252110E-01 -2.507822E-01 -2.892411E-01  1.252527E+00
        85   3  2.550918E+00  1.263851E+01 -2.252110E-01 -1.848485E-02 -2.853840E-01  1.498775E+00
        85   4  3.706924E+00  1.313394E+01  2.702201E-01  1.834079E-02  2.920647E-01  1.563589E+00
        85   5 -2.505909E+00 -1.253348E+01  2.702201E-01  2.876079E-01  2.959217E-01  1.317340E+00
        85   6 -3.661915E+00 -1.302891E+01 -2.252110E-01  2.507822E-01 -2.892411E-01  1.252527E+00
        85   7 -2.550918E+00 -1.263851E+01  2.252110E-01  1.848485E-02 -2.853840E-01  1.498775E+00
        85   8 -3.706924E+00 -1.313394E+01 -2.702201E-01 -1.834079E-02  2.920647E-01  1.563589E+00
        86   1  2.092797E+00  6.975991E+00  2.442047E-12  1.297947E+00  2.627105E-13  3.589957E+00
        86   2  2.092797E+00  6.975991E+00 -4.529710E-13  1.297947E+00  2.451965E-13  3.589957E+00
        86   3  2.092797E+00  6.975991E+00  2.880807E-12  1.297947E+00  1.751404E-14 -9.788169E-01
        86   4  2.092797E+00  6.975991E+00 -1.530776E-12  1.297947E+00  3.152526E-13 -9.788169E-01
        86   5 -2.092797E+00 -6.975991E+00  1.870504E-12 -1.297947E+00  2.101684E-13  3.589957E+00
        86   6 -2.092797E+00 -6.975991E+00  1.549871E-13 -1.297947E+00  2.802246E-13  3.589957E+00
        86   7 -2.092797E+00 -6.975991E+00  4.263701E-12 -1.297947E+00  2.101684E-13 -9.788169E-01
        86   8 -2.092797E+00 -6.975991E+00 -4.209966E-13 -1.297947E+00  4.203368E-13 -9.788169E-01
        87   1 -9.022614E-02 -3.007538E-01 -1.618039E-11 -6.193765E+00  0.000000E+00 -8.724844E+00
        87   2 -9.022614E-02 -3.007538E-01 -2.316911E-11 -6.193765E+00 -1.751404E-14 -8.724844E+00
        87   3 -9.022614E-02 -3.007538E-01  2.515241E-11 -6.193765E+00  0.000000E+00  1.307721E+01
        87   4 -9.022614E-02 -3.007538E-01  1.574452E-11 -6.193765E+00  8.757018E-15  1.307721E+01
        87   5  9.022614E-02  3.007538E-01 -1.617975E-11  6.193765E+00  8.757018E-15 -8.724844E+00
        87   6  9.022614E-02  3.007538E-01 -2.318121E-11  6.193765E+00 -1.313553E-14 -8.724844E+00
        87   7  9.022614E-02  3.007538E-01  2.518294E-11  6.193765E+00  8.757018E-15  1.307721E+01
        87   8  9.022614E-02  3.007538E-01  1.572914E-11  6.193765E+00  4.378509E-15  1.307721E+01
        88   1 -3.672522E-01 -2.496777E-01 -9.714195E-01  5.020874E+00  6.013216E-02  6.374141E+00
        88   2 -3.706470E-01 -2.511326E-01 -9.728744E-01  6.611660E+00  2.284553E-01  3.574358E+00
        88   3  1.577042E+00  4.287008E+00  9.728744E-01  5.020084E+00  6.183926E-02 -7.063016E+00
        88   4  1.573647E+00  4.285553E+00  9.714195E-01  6.610870E+00  2.267482E-01 -4.263233E+00
        88   5  3.672522E-01  2.496777E-01  9.714195E-01 -5.020874E+00  6.013216E-02  6.374141E+00
        88   6  3.706470E-01  2.511326E-01  9.728744E-01 -6.611660E+00  2.284553E-01  3.574358E+00
        88   7 -1.577042E+00 -4.287008E+00 -9.728744E-01 -5.020084E+00  6.183926E-02 -7.063016E+00
        88   8 -1.573647E+00 -4.285553E+00 -9.714195E-01 -6.610870E+00  2.267482E-01 -4.263233E+00
        89   1 -3.077026E-01 -1.272797E+00 -1.603389E-02  7.724240E+00  3.046424E-01  3.800157E+00
        89   2 -1.290964E-03 -1.141478E+00  1.152854E-01  7.594912E+00 -1.605493E-02  4.027774E+00
        89   3 -4.069541E-01 -1.504384E+00 -1.152854E-01  7.769031E+00  1.505611E-01 -4.489032E+00
        89   4 -1.005425E-01 -1.373065E+00  1.603389E-02  7.639703E+00  1.380264E-01 -4.716649E+00
        89   5  3.077026E-01  1.272797E+00  1.603389E-02 -7.724240E+00  3.046424E-01  3.800157E+00
        89   6  1.290964E-03  1.141478E+00 -1.152854E-01 -7.594912E+00 -1.605493E-02  4.027774E+00
        89   7  4.069541E-01  1.504384E+00  1.152854E-01 -7.769031E+00  1.505611E-01 -4.489032E+00
        89   8  1.005425E-01  1.373065E+00 -1.603389E-02 -7.639703E+00  1.380264E-01 -4.716649E+00
        90   1 -4.501494E-02 -1.124690E+00  3.562841E-02  7.646387E+00 -1.610173E-01  4.755046E+00
        90   2 -4.428677E-01 -1.295198E+00 -1.348799E-01  7.775715E+00 -1.275702E-01  4.527429E+00
        90   3  5.423656E-02 -8.931033E-01  1.348799E-01  7.588229E+00  3.904584E-02 -3.989376E+00
        90   4 -3.436162E-01 -1.063612E+00 -3.562841E-02  7.717557E+00 -3.276333E-01 -3.761760E+00
        90   5  4.501494E-02  1.124690E+00 -3.562841E-02 -7.646387E+00 -1.610173E-01  4.755046E+00
        90   6  4.428677E-01  1.295198E+00  1.348799E-01 -7.775715E+00 -1.275702E-01  4.527429E+00
        90   7 -5.423656E-02  8.931033E-01 -1.348799E-01 -7.588229E+00  3.904584E-02 -3.989376E+00
        90   8  3.436162E-01  1.063612E+00  3.562841E-02 -7.717557E+00 -3.276333E-01 -3.761760E+00
        91   1  1.649463E+00  4.867172E+00  9.518250E-01  6.600226E+00 -2.037573E-01  4.301630E+00
        91   2  1.744299E+00  4.907816E+00  9.924690E-01  5.009440E+00 -8.483017E-02  7.101414E+00
        91   3 -2.948308E-01  3.304860E-01 -9.924690E-01  6.622304E+00 -2.514462E-01 -3.535960E+00
        91   4 -1.999948E-01  3.711299E-01 -9.518250E-01  5.031518E+00 -3.714125E-02 -6.335744E+00
        91   5 -1.649463E+00 -4.867172E+00 -9.518250E-01 -6.600226E+00 -2.037573E-01  4.301630E+00
        91   6 -1.744299E+00 -4.907816E+00 -9.924690E-01 -5.009440E+00 -8.483017E-02  7.101414E+00
        91   7  2.948308E-01 -3.304860E-01  9.924690E-01 -6.622304E+00 -2.514462E-01 -3.535960E+00
        91   8  1.999948E-01 -3.711299E-01  9.518250E-01 -5.031518E+00 -3.714125E-02 -6.335744E+00
        92   1 -1.097810E+00 -3.659365E+00 -2.965406E-12  1.695628E+00  3.502807E-14  2.506683E-02
        92   2 -1.097810E+00 -3.659365E+00 -5.687895E-12  1.695628E+00 -7.005614E-14  2.506683E-02
        92   3 -1.097810E+00 -3.659365E+00  4.785949E-12  1.695628E+00 -3.502807E-14 -5.943545E+00
        92   4 -1.097810E+00 -3.659365E+00 -4.921175E-12  1.695628E+00 -3.502807E-14 -5.943545E+00
        92   5  1.097810E+00  3.659365E+00 -3.054890E-12 -1.695628E+00  3.502807E-14  2.506683E-02
        92   6  1.097810E+00  3.659365E+00 -5.760059E-12 -1.695628E+00 -1.050842E-13  2.506683E-02
        92   7  1.097810E+00  3.659365E+00  4.778178E-12 -1.695628E+00 -3.502807E-14 -5.943545E+00
        92   8  1.097810E+00  3.659365E+00 -4.981571E-12 -1.695628E+00 -3.502807E-14 -5.943545E+00
        93   1  5.497586E-01  1.832529E+00  2.449663E-11  5.985999E+00  8.056456E-13  1.602128E+01
        93   2  5.497586E-01  1.832529E+00  2.012435E-11  5.985999E+00  4.203368E-13  1.602128E+01
        93   3  5.497586E-01  1.832529E+00  1.011968E-12  5.985999E+00  5.604491E-13 -5.049437E+00
        93   4  5.497586E-01  1.832529E+00 -4.592104E-12  5.985999E+00  6.305053E-13 -5.049437E+00
        93   5 -5.497586E-01 -1.832529E+00  2.367606E-11 -5.985999E+00  9.107298E-13  1.602128E+01
        93   6 -5.497586E-01 -1.832529E+00  1.892231E-11 -5.985999E+00  4.203368E-13  1.602128E+01
        93   7 -5.497586E-01 -1.832529E+00 -5.486722E-13 -5.985999E+00  6.305053E-13 -5.049437E+00
        93   8 -5.497586E-01 -1.832529E+00 -9.902523E-12 -5.985999E+00  7.005614E-13 -5.049437E+00
        94   1  7.340531E+00  2.663231E+01  1.128390E+00 -1.384732E+00 -9.352584E-01 -4.136644E+00
        94   2  3.708083E+00  2.507555E+01 -4.283732E-01 -1.957474E+00  8.313563E-01 -3.128619E+00
        94   3  6.640514E+00  2.499894E+01  4.283732E-01 -2.230382E+00  8.913442E-01  7.012263E-01
        94   4  3.008065E+00  2.344217E+01 -1.128390E+00 -2.803123E+00 -9.952463E-01 -3.067985E-01
        94   5 -7.340531E+00 -2.663231E+01 -1.128390E+00  1.384732E+00 -9.352584E-01 -4.136644E+00
        94   6 -3.708083E+00 -2.507555E+01  4.283732E-01  1.957474E+00  8.313563E-01 -3.128619E+00
        94   7 -6.640514E+00 -2.499894E+01 -4.283732E-01  2.230382E+00  8.913442E-01  7.012263E-01
        94   8 -3.008065E+00 -2.344217E+01  1.128390E+00  2.803123E+00 -9.952463E-01 -3.067985E-01
        95   1 -1.665279E+00  7.567073E+00 -7.854563E-01 -3.050887E+00  8.186930E-01 -3.209915E+00
        95   2  1.916804E+00  9.102252E+00  7.497221E-01 -3.004324E+00 -9.225951E-01 -3.291866E+00
        95   3 -1.629545E+00  7.650453E+00 -7.497221E-01 -2.527260E+00 -9.825830E-01 -2.255025E-01
        95   4  1.952538E+00  9.185631E+00  7.854563E-01 -2.480697E+00  8.786809E-01 -1.435521E-01
        95   5  1.665279E+00 -7.567073E+00  7.854563E-01  3.050887E+00  8.186930E-01 -3.209915E+00
        95   6 -1.916804E+00 -9.102252E+00 -7.497221E-01  3.004324E+00 -9.225951E-01 -3.291866E+00
        95   7  1.629545E+00 -7.650453E+00  7.497221E-01  2.527260E+00 -9.825830E-01 -2.255025E-01
        95   8 -1.952538E+00 -9.185631E+00 -7.854563E-01  2.480697E+00  8.786809E-01 -1.435521E-01
        96   1 -1.963806E+00 -8.332184E+00 -5.965411E-01 -2.952076E+00  7.428627E-01 -2.564593E+00
        96   2  9.034326E-01 -7.103367E+00  6.322753E-01 -2.998639E+00 -6.389606E-01 -2.482642E+00
        96   3 -1.999540E+00 -8.415563E+00 -6.322753E-01 -2.532945E+00 -6.989485E-01  5.837206E-01
        96   4  8.676984E-01 -7.186747E+00  5.965411E-01 -2.579508E+00  8.028506E-01  5.017702E-01
        96   5  1.963806E+00  8.332184E+00  5.965411E-01  2.952076E+00  7.428627E-01 -2.564593E+00
        96   6 -9.034326E-01  7.103367E+00 -6.322753E-01  2.998639E+00 -6.389606E-01 -2.482642E+00
        96   7  1.999540E+00  8.415563E+00  6.322753E-01  2.532945E+00 -6.989485E-01  5.837206E-01
        96   8 -8.676984E-01  7.186747E+00 -5.965411E-01  2.579508E+00  8.028506E-01  5.017702E-01
        97   1 -2.339240E+00 -1.757926E+01  2.536070E-01 -2.052408E+00 -6.262973E-01 -2.401346E+00
        97   2 -5.156113E+00 -1.878649E+01 -9.536242E-01 -1.479667E+00  7.301994E-01 -3.409371E+00
        97   3 -1.639223E+00 -1.594588E+01  9.536242E-01 -2.708188E+00  7.901873E-01  4.204742E-01
        97   4 -4.456096E+00 -1.715311E+01 -2.536070E-01 -2.135447E+00 -6.862852E-01  1.428499E+00
        97   5  2.339240E+00  1.757926E+01 -2.536070E-01  2.052408E+00 -6.262973E-01 -2.401346E+00
        97   6  5.156113E+00  1.878649E+01  9.536242E-01  1.479667E+00  7.301994E-01 -3.409371E+00
        97   7  1.639223E+00  1.594588E+01 -9.536242E-01  2.708188E+00  7.901873E-01  4.204742E-01
        97   8  4.456096E+00  1.715311E+01  2.536070E-01  2.135447E+00 -6.862852E-01  1.428499E+00
        98   1 -3.115408E+00 -1.038469E+01 -5.001333E-12 -1.048241E+00  1.331067E-12 -2.327407E+00
        98   2 -3.115408E+00 -1.038469E+01 -4.964029E-12 -1.048241E+00  5.604491E-13 -2.327407E+00
        98   3 -3.115408E+00 -1.038469E+01 -3.903544E-12 -1.048241E+00  7.706175E-13  1.362401E+00
        98   4 -3.115408E+00 -1.038469E+01 -9.619860E-12 -1.048241E+00  5.604491E-13  1.362401E+00
        98   5  3.115408E+00  1.038469E+01 -3.072209E-12  1.048241E+00  9.807860E-13 -2.327407E+00
        98   6  3.115408E+00  1.038469E+01 -4.563461E-12  1.048241E+00  8.056456E-13 -2.327407E+00
        98   7  3.115408E+00  1.038469E+01 -3.455902E-12  1.048241E+00  5.254211E-13  1.362401E+00
        98   8  3.115408E+00  1.038469E+01 -6.786571E-12  1.048241E+00  5.254211E-13  1.362401E+00
        99   1  0.000000E+00  0.000000E+00  0.000000E+00  0.000000E+00  0.000000E+00  0.000000E+00
        99   2  0.000000E+00  0.000000E+00  0.000000E+00  0.000000E+00  0.000000E+00  0.000000E+00
        99   3  0.000000E+00  0.000000E+00  0.000000E+00  0.000000E+00  0.000000E+00  0.000000E+00
        99   4  0.000000E+00  0.000000E+00  0.000000E+00  0.000000E+00  0.000000E+00  0.000000E+00
        99   5  0.000000E+00  0.000000E+00  0.000000E+00  0.000000E+00  0.000000E+00  0.000000E+00
        99   6  0.000000E+00  0.000000E+00  0.000000E+00  0.000000E+00  0.000000E+00  0.000000E+00
        99   7  0.000000E+00  0.000000E+00  0.000000E+00  0.000000E+00  0.000000E+00  0.000000E+00
        99   8  0.000000E+00  0.000000E+00  0.000000E+00  0.000000E+00  0.000000E+00  0.000000E+00
       100   1  3.246446E+00  1.082149E+01 -2.442047E-11 -2.898947E+00  7.005614E-14 -1.042967E+01
       100   2  3.246446E+00  1.082149E+01 -2.128253E-11 -2.898947E+00 -1.050842E-13 -1.042967E+01
       100   3  3.246446E+00  1.082149E+01 -1.410427E-12 -2.898947E+00 -2.451965E-13 -2.253782E-01
       100   4  3.246446E+00  1.082149E+01  2.327027E-13 -2.898947E+00 -1.401123E-13 -2.253782E-01
       100   5 -3.246446E+00 -1.082149E+01 -2.184297E-11  2.898947E+00 -2.101684E-13 -1.042967E+01
       100   6 -3.246446E+00 -1.082149E+01 -1.337597E-11  2.898947E+00 -8.406737E-13 -1.042967E+01
       100   7 -3.246446E+00 -1.082149E+01 -2.791545E-12  2.898947E+00 -4.553649E-13 -2.253782E-01
       100   8 -3.246446E+00 -1.082149E+01 -3.135270E-12  2.898947E+00 -5.604491E-13 -2.253782E-01
       101   1 -1.927431E+00 -7.824759E+00 -5.266714E-01  1.200336E-01  5.389349E-01  1.860197E-01
       101   2  1.983055E-01 -6.913729E+00  3.843588E-01  2.364712E-01 -5.178117E-01 -1.891042E-02
       101   3 -1.785119E+00 -7.492696E+00 -3.843588E-01  6.149142E-01 -5.300072E-01 -7.975129E-01
       101   4  3.406181E-01 -6.581666E+00  5.266714E-01  7.313518E-01  5.511303E-01 -5.925828E-01
       101   5  1.927431E+00  7.824759E+00  5.266714E-01 -1.200336E-01  5.389349E-01  1.860197E-01
       101   6 -1.983055E-01  6.913729E+00 -3.843588E-01 -2.364712E-01 -5.178117E-01 -1.891042E-02
       101   7  1.785119E+00  7.492696E+00  3.843588E-01 -6.149142E-01 -5.300072E-01 -7.975129E-01
       101   8 -3.406181E-01  6.581666E+00 -5.266714E-01 -7.313518E-01  5.511303E-01 -5.925828E-01
       102   1 -2.854870E-01 -1.019980E+01 -3.584453E-02  5.535499E-01  6.297886E-02 -2.383041E-03
       102   2 -1.012615E-01 -1.012084E+01  4.310925E-02  5.440838E-01 -4.185570E-02  1.427737E-02
       102   3 -2.927517E-01 -1.021675E+01 -4.310925E-02  5.804799E-01 -2.966024E-02 -6.091102E-01
       102   4 -1.085262E-01 -1.013780E+01  3.584453E-02  5.710138E-01  5.078340E-02 -6.257706E-01
       102   5  2.854870E-01  1.019980E+01  3.584453E-02 -5.535499E-01  6.297886E-02 -2.383041E-03
       102   6  1.012615E-01  1.012084E+01 -4.310925E-02 -5.440838E-01 -4.185570E-02  1.427737E-02
       102   7  2.927517E-01  1.021675E+01  4.310925E-02 -5.804799E-01 -2.966024E-02 -6.091102E-01
       102   8  1.085262E-01  1.013780E+01 -3.584453E-02 -5.710138E-01  5.078340E-02 -6.257706E-01
       103   1  5.890658E-02 -9.388868E+00  9.492815E-02  5.911663E-01 -1.201082E-01  7.415501E-01
       103   2 -4.010424E-01 -9.585989E+00 -1.021929E-01  6.006325E-01  9.898501E-02  7.248897E-01
       103   3  6.617130E-02 -9.371917E+00  1.021929E-01  5.239313E-01  1.111805E-01  1.015021E-01
       103   4 -3.937777E-01 -9.569038E+00 -9.492815E-02  5.333974E-01 -1.323036E-01  1.181626E-01
       103   5 -5.890658E-02  9.388868E+00 -9.492815E-02 -5.911663E-01 -1.201082E-01  7.415501E-01
       103   6  4.010424E-01  9.585989E+00  1.021929E-01 -6.006325E-01  9.898501E-02  7.248897E-01
       103   7 -6.617130E-02  9.371917E+00 -1.021929E-01 -5.239313E-01  1.111805E-01  1.015021E-01
       103   8  3.937777E-01  9.569038E+00  9.492815E-02 -5.333974E-01 -1.323036E-01  1.181626E-01
       104   1  5.692278E-01 -4.827904E+00  4.675877E-01  6.992570E-01 -4.818055E-01  7.083623E-01
       104   2 -1.280786E+00 -5.620767E+00 -3.252752E-01  5.828194E-01  4.606824E-01  9.132924E-01
       104   3  4.269153E-01 -5.159967E+00  3.252752E-01  2.685660E-01  4.484869E-01  1.346899E-01
       104   4 -1.423098E+00 -5.952830E+00 -4.675877E-01  1.521284E-01 -4.696101E-01 -7.024019E-02
       104   5 -5.692278E-01  4.827904E+00 -4.675877E-01 -6.992570E-01 -4.818055E-01  7.083623E-01
       104   6  1.280786E+00  5.620767E+00  3.252752E-01 -5.828194E-01  4.606824E-01  9.132924E-01
       104   7 -4.269153E-01  5.159967E+00 -3.252752E-01 -2.685660E-01  4.484869E-01  1.346899E-01
       104   8  1.423098E+00  5.952830E+00  4.675877E-01 -1.521284E-01 -4.696101E-01 -7.024019E-02
       105   1 -7.588626E-01 -2.529542E+00 -7.039702E-12 -6.622978E-02 -1.050842E-13  8.982632E-01
       105   2 -7.588626E-01 -2.529542E+00 -4.689582E-13 -6.622978E-02  4.203368E-13  8.982632E-01
       105   3 -7.588626E-01 -2.529542E+00 -8.668621E-12 -6.622978E-02  1.751404E-13  1.131392E+00
       105   4 -7.588626E-01 -2.529542E+00 -4.529044E-12 -6.622978E-02  2.802246E-13  1.131392E+00
       105   5  7.588626E-01  2.529542E+00 -5.244694E-12  6.622978E-02 -1.261011E-12  8.982632E-01
       105   6  7.588626E-01  2.529542E+00 -4.301004E-13  6.622978E-02  2.451965E-13  8.982632E-01
       105   7  7.588626E-01  2.529542E+00 -5.905942E-12  6.622978E-02 -7.355895E-13  1.131392E+00
       105   8  7.588626E-01  2.529542E+00 -8.468781E-13  6.622978E-02  3.152526E-13  1.131392E+00
       106   1  0.000000E+00  0.000000E+00  0.000000E+00  0.000000E+00  0.000000E+00  0.000000E+00
       106   2  0.000000E+00  0.000000E+00  0.000000E+00  0.000000E+00  0.000000E+00  0.000000E+00
       106   3  0.000000E+00  0.000000E+00  0.000000E+00  0.000000E+00  0.000000E+00  0.000000E+00
       106   4  0.000000E+00  0.000000E+00  0.000000E+00  0.000000E+00  0.000000E+00  0.000000E+00
       106   5  0.000000E+00  0.000000E+00  0.000000E+00  0.000000E+00  0.000000E+00  0.000000E+00
       106   6  0.000000E+00  0.000000E+00  0.000000E+00  0.000000E+00  0.000000E+00  0.000000E+00
       106   7  0.000000E+00  0.000000E+00  0.000000E+00  0.000000E+00  0.000000E+00  0.000000E+00
       106   8  0.000000E+00  0.000000E+00  0.000000E+00  0.000000E+00  0.000000E+00  0.000000E+00
       107   1  6.405633E-01  2.135211E+00  1.727640E-11  1.445336E+00  5.254211E-13  4.145290E+00
       107   2  6.405633E-01  2.135211E+00  1.244249E-11  1.445336E+00  1.085870E-12  4.145290E+00
       107   3  6.405633E-01  2.135211E+00  1.623368E-12  1.445336E+00 -2.014114E-13 -9.422936E-01
       107   4  6.405633E-01  2.135211E+00  6.593837E-12  1.445336E+00  5.429351E-13 -9.422936E-01
       107   5 -6.405633E-01 -2.135211E+00  1.072364E-11 -1.445336E+00 -3.502807E-13  4.145290E+00
       107   6 -6.405633E-01 -2.135211E+00  1.226041E-11 -1.445336E+00  2.451965E-13  4.145290E+00
       107   7 -6.405633E-01 -2.135211E+00  1.935563E-12 -1.445336E+00 -1.077113E-12 -9.422936E-01
       107   8 -6.405633E-01 -2.135211E+00  2.000400E-12 -1.445336E+00 -6.830474E-13 -9.422936E-01
       108   1  5.572477E-01  1.237438E+00  3.608214E-02 -9.743615E-01  1.510737E-01 -1.850682E+00
       108   2  1.201560E+00  1.513572E+00  3.122162E-01 -1.259333E+00 -2.027709E-01 -1.349132E+00
       108   3  2.089494E-01  4.247423E-01 -3.122162E-01 -8.243627E-01 -1.729235E-01  5.564332E-01
       108   4  8.532622E-01  7.008763E-01 -3.608214E-02 -1.109334E+00  1.212263E-01  5.488363E-02
       108   5 -5.572477E-01 -1.237438E+00 -3.608214E-02  9.743615E-01  1.510737E-01 -1.850682E+00
       108   6 -1.201560E+00 -1.513572E+00 -3.122162E-01  1.259333E+00 -2.027709E-01 -1.349132E+00
       108   7 -2.089494E-01 -4.247423E-01  3.122162E-01  8.243627E-01 -1.729235E-01  5.564332E-01
       108   8 -8.532622E-01 -7.008763E-01  3.608214E-02  1.109334E+00  1.212263E-01  5.488363E-02
       109   1 -6.278137E-01 -5.544156E+00 -2.246885E-01 -1.461328E+00  2.124314E-01 -1.389582E+00
       109   2  3.792462E-01 -5.112559E+00  2.069087E-01 -1.438160E+00 -2.641286E-01 -1.430357E+00
       109   3 -6.100340E-01 -5.502670E+00 -2.069087E-01 -1.314117E+00 -2.939759E-01  9.533302E-02
       109   4  3.970260E-01 -5.071073E+00  2.246885E-01 -1.290949E+00  2.422788E-01  1.361080E-01
       109   5  6.278137E-01  5.544156E+00  2.246885E-01  1.461328E+00  2.124314E-01 -1.389582E+00
       109   6 -3.792462E-01  5.112559E+00 -2.069087E-01  1.438160E+00 -2.641286E-01 -1.430357E+00
       109   7  6.100340E-01  5.502670E+00  2.069087E-01  1.314117E+00 -2.939759E-01  9.533302E-02
       109   8 -3.970260E-01  5.071073E+00 -2.246885E-01  1.290949E+00  2.422788E-01  1.361080E-01
       110   1 -4.228977E-01 -8.738594E+00 -6.464582E-02 -1.389637E+00  9.720681E-02 -7.030839E-01
       110   2 -7.973105E-02 -8.591523E+00  8.242561E-02 -1.412804E+00 -4.550962E-02 -6.623089E-01
       110   3 -4.406775E-01 -8.780080E+00 -8.242561E-02 -1.339473E+00 -7.535700E-02  8.633807E-01
       110   4 -9.751083E-02 -8.633009E+00  6.464582E-02 -1.362640E+00  1.270542E-01  8.226057E-01
       110   5  4.228977E-01  8.738594E+00  6.464582E-02  1.389637E+00  9.720681E-02 -7.030839E-01
       110   6  7.973105E-02  8.591523E+00 -8.242561E-02  1.412804E+00 -4.550962E-02 -6.623089E-01
       110   7  4.406775E-01  8.780080E+00  8.242561E-02  1.339473E+00 -7.535700E-02  8.633807E-01
       110   8  9.751083E-02  8.633009E+00 -6.464582E-02  1.362640E+00  1.270542E-01  8.226057E-01
       111   1 -2.662470E-01 -7.887350E+00  2.532521E-01 -9.521648E-01 -4.607119E-01 -6.218595E-01
       111   2 -2.260786E+00 -8.742152E+00 -6.015505E-01 -6.671935E-01  5.124091E-01 -1.123409E+00
       111   3  8.205129E-02 -7.074654E+00  6.015505E-01 -1.416502E+00  5.422565E-01  7.821564E-01
       111   4 -1.912488E+00 -7.929456E+00 -2.532521E-01 -1.131531E+00 -4.905593E-01  1.283706E+00
       111   5  2.662470E-01  7.887350E+00 -2.532521E-01  9.521648E-01 -4.607119E-01 -6.218595E-01
       111   6  2.260786E+00  8.742152E+00  6.015505E-01  6.671935E-01  5.124091E-01 -1.123409E+00
       111   7 -8.205129E-02  7.074654E+00 -6.015505E-01  1.416502E+00  5.422565E-01  7.821564E-01
       111   8  1.912488E+00  7.929456E+00  2.532521E-01  1.131531E+00 -4.905593E-01  1.283706E+00
       112   1 -4.616036E-01 -1.538679E+00 -4.887979E-12 -1.889277E-01  3.677947E-13  2.581413E-01
       112   2 -4.616036E-01 -1.538679E+00  8.111956E-12 -1.889277E-01 -4.728789E-13  2.581413E-01
       112   3 -4.616036E-01 -1.538679E+00 -8.808509E-13 -1.889277E-01 -3.590377E-13  9.231666E-01
       112   4 -4.616036E-01 -1.538679E+00 -1.043710E-11 -1.889277E-01 -5.954772E-13  9.231666E-01
       112   5  4.616036E-01  1.538679E+00 -2.649880E-12  1.889277E-01  4.028228E-13  2.581413E-01
       112   6  4.616036E-01  1.538679E+00  4.701017E-12  1.889277E-01 -6.129912E-13  2.581413E-01
       112   7  4.616036E-01  1.538679E+00 -4.528156E-12  1.889277E-01 -3.240096E-13  9.231666E-01
       112   8  4.616036E-01  1.538679E+00 -6.250001E-12  1.889277E-01 -5.954772E-13  9.231666E-01
       113   1  0.000000E+00  0.000000E+00  0.000000E+00  0.000000E+00  0.000000E+00  0.000000E+00
       113   2  0.000000E+00  0.000000E+00  0.000000E+00  0.000000E+00  0.000000E+00  0.000000E+00
       113   3  0.000000E+00  0.000000E+00  0.000000E+00  0.000000E+00  0.000000E+00  0.000000E+00
       113   4  0.000000E+00  0.000000E+00  0.000000E+00  0.000000E+00  0.000000E+00  0.000000E+00
       113   5  0.000000E+00  0.000000E+00  0.000000E+00  0.000000E+00  0.000000E+00  0.000000E+00
       113   6  0.000000E+00  0.000000E+00  0.000000E+00  0.000000E+00  0.000000E+00  0.000000E+00
       113   7  0.000000E+00  0.000000E+00  0.000000E+00  0.000000E+00  0.000000E+00  0.000000E+00
       113   8  0.000000E+00  0.000000E+00  0.000000E+00  0.000000E+00  0.000000E+00  0.000000E+00
       114   1  1.100824E+00  3.669412E+00 -1.153921E-11 -8.666637E-01  1.155926E-12 -3.981916E+00
       114   2  1.100824E+00  3.669412E+00 -1.066081E-11 -8.666637E-01  7.180754E-13 -3.981916E+00
       114   3  1.100824E+00  3.669412E+00 -6.610268E-13 -8.666637E-01  8.406737E-13 -9.312595E-01
       114   4  1.100824E+00  3.669412E+00  4.389156E-12 -8.666637E-01  1.015814E-12 -9.312595E-01
       114   5 -1.100824E+00 -3.669412E+00 -2.974954E-12  8.666637E-01  6.129912E-13 -3.981916E+00
       114   6 -1.100824E+00 -3.669412E+00 -4.781953E-12  8.666637E-01  4.028228E-13 -3.981916E+00
       114   7 -1.100824E+00 -3.669412E+00  4.952261E-12  8.666637E-01  4.553649E-13 -9.312595E-01
       114   8 -1.100824E+00 -3.669412E+00  4.136469E-12  8.666637E-01  0.000000E+00 -9.312595E-01
       115   1 -1.959185E+00 -7.974815E+00 -4.703392E-01 -1.545251E-01  5.322178E-01 -1.236463E-01
       115   2  1.531762E-01 -7.069517E+00  4.349586E-01 -1.255774E-01 -5.269664E-01 -1.745943E-01
       115   3 -1.923805E+00 -7.892260E+00 -4.349586E-01  3.372416E-01 -5.299983E-01 -3.681639E-01
       115   4  1.885568E-01 -6.986962E+00  4.703392E-01  3.661894E-01  5.352498E-01 -3.172159E-01
       115   5  1.959185E+00  7.974815E+00  4.703392E-01  1.545251E-01  5.322178E-01 -1.236463E-01
       115   6 -1.531762E-01  7.069517E+00 -4.349586E-01  1.255774E-01 -5.269664E-01 -1.745943E-01
       115   7  1.923805E+00  7.892260E+00  4.349586E-01 -3.372416E-01 -5.299983E-01 -3.681639E-01
       115   8 -1.885568E-01  6.986962E+00 -4.703392E-01 -3.661894E-01  5.352498E-01 -3.172159E-01
       116   1 -2.346959E-01 -9.873366E+00 -8.528711E-03  1.377494E-01  1.520829E-02 -1.704854E-01
       116   2 -1.906810E-01 -9.854502E+00  1.033480E-02  1.353961E-01 -9.956830E-03 -1.663434E-01
       116   3 -2.365020E-01 -9.877580E+00 -1.033480E-02  1.441835E-01 -6.924897E-03 -3.213247E-01
       116   4 -1.924871E-01 -9.858716E+00  8.528711E-03  1.418301E-01  1.217636E-02 -3.254667E-01
       116   5  2.346959E-01  9.873366E+00  8.528711E-03 -1.377494E-01  1.520829E-02 -1.704854E-01
       116   6  1.906810E-01  9.854502E+00 -1.033480E-02 -1.353961E-01 -9.956830E-03 -1.663434E-01
       116   7  2.365020E-01  9.877580E+00  1.033480E-02 -1.441835E-01 -6.924897E-03 -3.213247E-01
       116   8  1.924871E-01  9.858716E+00 -8.528711E-03 -1.418301E-01  1.217636E-02 -3.254667E-01
       117   1  1.480237E-01 -8.335611E+00  1.286880E-01  1.828147E-01 -1.531632E-01  5.609293E-01
       117   2 -4.567345E-01 -8.594793E+00 -1.304941E-01  1.851681E-01  1.479118E-01  5.567874E-01
       117   3  1.498298E-01 -8.331397E+00  1.304941E-01  9.441149E-02  1.509437E-01  4.018060E-01
       117   4 -4.549284E-01 -8.590579E+00 -1.286880E-01  9.676489E-02 -1.561952E-01  4.059480E-01
       117   5 -1.480237E-01  8.335611E+00 -1.286880E-01 -1.828147E-01 -1.531632E-01  5.609293E-01
       117   6  4.567345E-01  8.594793E+00  1.304941E-01 -1.851681E-01  1.479118E-01  5.567874E-01
       117   7 -1.498298E-01  8.331397E+00 -1.304941E-01 -9.441149E-02  1.509437E-01  4.018060E-01
       117   8  4.549284E-01  8.590579E+00  1.286880E-01 -9.676489E-02 -1.561952E-01  4.059480E-01
       118   1  6.534841E-01 -3.420309E+00  3.501799E-01  3.009177E-01 -3.942629E-01  5.526785E-01
       118   2 -8.981343E-01 -4.085289E+00 -3.147994E-01  2.719699E-01  3.890114E-01  6.036265E-01
       118   3  6.181036E-01 -3.502864E+00  3.147994E-01 -6.030567E-02  3.859795E-01  4.100569E-01
       118   4 -9.335148E-01 -4.167843E+00 -3.501799E-01 -8.925339E-02 -3.912310E-01  3.591089E-01
       118   5 -6.534841E-01  3.420309E+00 -3.501799E-01 -3.009177E-01 -3.942629E-01  5.526785E-01
       118   6  8.981343E-01  4.085289E+00  3.147994E-01 -2.719699E-01  3.890114E-01  6.036265E-01
       118   7 -6.181036E-01  3.502864E+00 -3.147994E-01  6.030567E-02  3.859795E-01  4.100569E-01
       118   8  9.335148E-01  4.167843E+00  3.501799E-01  8.925339E-02 -3.912310E-01  3.591089E-01
       119   1  5.105911E-01  1.701970E+00  2.490230E-13 -2.167302E-01  7.881316E-13  8.413204E-01
       119   2  5.105911E-01  1.701970E+00  1.760481E-12 -2.167302E-01 -1.225982E-13  8.413204E-01
       119   3  5.105911E-01  1.701970E+00 -1.634137E-12 -2.167302E-01  7.531035E-13  1.604211E+00
       119   4  5.105911E-01  1.701970E+00 -1.114886E-12 -2.167302E-01  3.327667E-13  1.604211E+00
       119   5 -5.105911E-01 -1.701970E+00 -3.635092E-12  2.167302E-01  8.231596E-13  8.413204E-01
       119   6 -5.105911E-01 -1.701970E+00 -7.007728E-12  2.167302E-01 -4.203368E-13  8.413204E-01
       119   7 -5.105911E-01 -1.701970E+00 -1.043710E-11  2.167302E-01  7.531035E-13  1.604211E+00
       119   8 -5.105911E-01 -1.701970E+00  9.132695E-13  2.167302E-01 -2.451965E-13  1.604211E+00
       120   1  0.000000E+00  0.000000E+00  0.000000E+00  0.000000E+00  0.000000E+00  0.000000E+00
       120   2  0.000000E+00  0.000000E+00  0.000000E+00  0.000000E+00  0.000000E+00  0.000000E+00
       120   3  0.000000E+00  0.000000E+00  0.000000E+00  0.000000E+00  0.000000E+00  0.000000E+00
       120   4  0.000000E+00  0.000000E+00  0.000000E+00  0.000000E+00  0.000000E+00  0.000000E+00
       120   5  0.000000E+00  0.000000E+00  0.000000E+00  0.000000E+00  0.000000E+00  0.000000E+00
       120   6  0.000000E+00  0.000000E+00  0.000000E+00  0.000000E+00  0.000000E+00  0.000000E+00
       120   7  0.000000E+00  0.000000E+00  0.000000E+00  0.000000E+00  0.000000E+00  0.000000E+00
       120   8  0.000000E+00  0.000000E+00  0.000000E+00  0.000000E+00  0.000000E+00  0.000000E+00
       121   1 -1.499249E-01 -4.997496E-01  8.136436E-12 -2.838843E-01 -4.203368E-13 -1.896784E-01
       121   2 -1.499249E-01 -4.997496E-01  6.594281E-12 -2.838843E-01 -2.101684E-13 -1.896784E-01
       121   3 -1.499249E-01 -4.997496E-01 -6.009637E-13 -2.838843E-01 -1.751404E-13  8.095942E-01
       121   4 -1.499249E-01 -4.997496E-01  3.862632E-12 -2.838843E-01 -7.706175E-13  8.095942E-01
       121   5  1.499249E-01  4.997496E-01  7.631951E-12  2.838843E-01 -4.553649E-13 -1.896784E-01
       121   6  1.499249E-01  4.997496E-01  6.656453E-12  2.838843E-01 -1.611291E-12 -1.896784E-01
       121   7  1.499249E-01  4.997496E-01  1.340150E-12  2.838843E-01 -2.451965E-13  8.095942E-01
       121   8  1.499249E-01  4.997496E-01  3.423761E-12  2.838843E-01 -1.331067E-12  8.095942E-01
       122   1 -2.848601E-01 -1.627232E+00 -1.314821E-01 -4.129070E-01  2.207201E-01 -7.931845E-01
       122   2  6.079321E-01 -1.244607E+00  2.511431E-01 -5.108115E-01 -2.384811E-01 -6.208725E-01
       122   3 -4.045212E-01 -1.906442E+00 -2.511431E-01 -2.050612E-01 -2.282268E-01  3.380201E-02
       122   4  4.882710E-01 -1.523816E+00  1.314821E-01 -3.029657E-01  2.104658E-01 -1.385100E-01
       122   5  2.848601E-01  1.627232E+00  1.314821E-01  4.129070E-01  2.207201E-01 -7.931845E-01
       122   6 -6.079321E-01  1.244607E+00 -2.511431E-01  5.108115E-01 -2.384811E-01 -6.208725E-01
       122   7  4.045212E-01  1.906442E+00  2.511431E-01  2.050612E-01 -2.282268E-01  3.380201E-02
       122   8 -4.882710E-01  1.523816E+00 -1.314821E-01  3.029657E-01  2.104658E-01 -1.385100E-01
       123   1 -3.779484E-01 -5.346012E+00 -8.360620E-02 -5.042398E-01  8.050665E-02 -6.347692E-01
       123   2 -2.039117E-03 -5.184908E+00  7.749779E-02 -4.962804E-01 -9.826770E-02 -6.487779E-01
       123   3 -3.718400E-01 -5.331759E+00 -7.749779E-02 -4.492896E-01 -1.085220E-01 -1.246132E-01
       123   4  4.069291E-03 -5.170655E+00  8.360620E-02 -4.413302E-01  9.076100E-02 -1.106046E-01
       123   5  3.779484E-01  5.346012E+00  8.360620E-02  5.042398E-01  8.050665E-02 -6.347692E-01
       123   6  2.039117E-03  5.184908E+00 -7.749779E-02  4.962804E-01 -9.826770E-02 -6.487779E-01
       123   7  3.718400E-01  5.331759E+00  7.749779E-02  4.492896E-01 -1.085220E-01 -1.246132E-01
       123   8 -4.069291E-03  5.170655E+00 -8.360620E-02  4.413302E-01  9.076100E-02 -1.106046E-01
       124   1 -4.236570E-02 -5.378359E+00  6.722025E-02 -4.469192E-01 -7.153481E-02  7.849486E-02
       124   2 -3.418072E-01 -5.506691E+00 -6.111184E-02 -4.548786E-01  8.929585E-02  9.250348E-02
       124   3 -4.847411E-02 -5.392612E+00  6.111184E-02 -4.906914E-01  7.904151E-02  6.166682E-01
       124   4 -3.479156E-01 -5.520944E+00 -6.722025E-02 -4.986508E-01 -6.128046E-02  6.026595E-01
       124   5  4.236570E-02  5.378359E+00 -6.722025E-02  4.469192E-01 -7.153481E-02  7.849486E-02
       124   6  3.418072E-01  5.506691E+00  6.111184E-02  4.548786E-01  8.929585E-02  9.250348E-02
       124   7  4.847411E-02  5.392612E+00 -6.111184E-02  4.906914E-01  7.904151E-02  6.166682E-01
       124   8  3.479156E-01  5.520944E+00  6.722025E-02  4.986508E-01 -6.128046E-02  6.026595E-01
       125   1  4.248695E-01 -2.010196E+00  1.478680E-01 -2.940647E-01 -2.296919E-01  1.064002E-01
       125   2 -5.443905E-01 -2.425593E+00 -2.675291E-01 -1.961602E-01  2.474530E-01 -6.591172E-02
       125   3  5.445305E-01 -1.730987E+00  2.675291E-01 -5.197125E-01  2.577073E-01  5.887628E-01
       125   4 -4.247294E-01 -2.146384E+00 -1.478680E-01 -4.218080E-01 -2.399463E-01  7.610747E-01
       125   5 -4.248695E-01  2.010196E+00 -1.478680E-01  2.940647E-01 -2.296919E-01  1.064002E-01
       125   6  5.443905E-01  2.425593E+00  2.675291E-01  1.961602E-01  2.474530E-01 -6.591172E-02
       125   7 -5.445305E-01  1.730987E+00 -2.675291E-01  5.197125E-01  2.577073E-01  5.887628E-01
       125   8  4.247294E-01  2.146384E+00  1.478680E-01  4.218080E-01 -2.399463E-01  7.610747E-01
       126   1  1.921959E-01  6.406531E-01  2.376987E-12  6.879076E-01 -4.903930E-13  1.614600E+00
       126   2  1.921959E-01  6.406531E-01  8.598455E-12  6.879076E-01  7.005614E-14  1.614600E+00
       126   3  1.921959E-01  6.406531E-01  2.473743E-12  6.879076E-01  4.203368E-13 -8.068343E-01
       126   4  1.921959E-01  6.406531E-01 -2.464695E-13  6.879076E-01  3.502807E-13 -8.068343E-01
       126   5 -1.921959E-01 -6.406531E-01  4.912737E-12 -6.879076E-01 -7.005614E-14  1.614600E+00
       126   6 -1.921959E-01 -6.406531E-01  4.090284E-12 -6.879076E-01  0.000000E+00  1.614600E+00
       126   7 -1.921959E-01 -6.406531E-01 -8.752998E-13 -6.879076E-01  7.005614E-13 -8.068343E-01
       126   8 -1.921959E-01 -6.406531E-01  3.816503E-12 -6.879076E-01 -2.101684E-13 -8.068343E-01
       127   1  0.000000E+00  0.000000E+00  0.000000E+00  0.000000E+00  0.000000E+00  0.000000E+00
       127   2  0.000000E+00  0.000000E+00  0.000000E+00  0.000000E+00  0.000000E+00  0.000000E+00
       127   3  0.000000E+00  0.000000E+00  0.000000E+00  0.000000E+00  0.000000E+00  0.000000E+00
       127   4  0.000000E+00  0.000000E+00  0.000000E+00  0.000000E+00  0.000000E+00  0.000000E+00
       127   5  0.000000E+00  0.000000E+00  0.000000E+00  0.000000E+00  0.000000E+00  0.000000E+00
       127   6  0.000000E+00  0.000000E+00  0.000000E+00  0.000000E+00  0.000000E+00  0.000000E+00
       127   7  0.000000E+00  0.000000E+00  0.000000E+00  0.000000E+00  0.000000E+00  0.000000E+00
       127   8  0.000000E+00  0.000000E+00  0.000000E+00  0.000000E+00  0.000000E+00  0.000000E+00
       128   1 -8.385302E-01 -2.795101E+00  3.856915E-13 -4.165804E-01  7.706175E-13  5.804681E-01
       128   2 -8.385302E-01 -2.795101E+00 -7.424950E-12 -4.165804E-01  9.107298E-13  5.804681E-01
       128   3 -8.385302E-01 -2.795101E+00 -3.224976E-12 -4.165804E-01  9.107298E-13  2.046831E+00
       128   4 -8.385302E-01 -2.795101E+00 -2.062794E-12 -4.165804E-01  8.406737E-13  2.046831E+00
       128   5  8.385302E-01  2.795101E+00  3.046452E-13  4.165804E-01  7.005614E-13  5.804681E-01
       128   6  8.385302E-01  2.795101E+00 -7.309042E-12  4.165804E-01  9.107298E-13  5.804681E-01
       128   7  8.385302E-01  2.795101E+00 -3.032241E-12  4.165804E-01  9.107298E-13  2.046831E+00
       128   8  8.385302E-01  2.795101E+00 -1.926459E-12  4.165804E-01  8.406737E-13  2.046831E+00
       129   1  7.420036E-02  4.165403E-02 -8.623412E-02  5.142609E-02  8.205962E-02 -1.376255E-01
       129   2  3.962780E-01  1.796873E-01  5.179915E-02  7.960015E-02 -7.694851E-02 -1.872118E-01
       129   3  1.086353E-01  1.220023E-01 -5.179915E-02  1.264071E-01 -7.989941E-02 -3.756080E-01
       129   4  4.307130E-01  2.600356E-01  8.623412E-02  1.545812E-01  8.501052E-02 -3.260217E-01
       129   5 -7.420036E-02 -4.165403E-02  8.623412E-02 -5.142609E-02  8.205962E-02 -1.376255E-01
       129   6 -3.962780E-01 -1.796873E-01 -5.179915E-02 -7.960015E-02 -7.694851E-02 -1.872118E-01
       129   7 -1.086353E-01 -1.220023E-01  5.179915E-02 -1.264071E-01 -7.989941E-02 -3.756080E-01
       129   8 -4.307130E-01 -2.600356E-01 -8.623412E-02 -1.545812E-01  8.501052E-02 -3.260217E-01
       130   1 -2.724802E-01 -2.356630E+00 -1.959697E-02  1.302149E-01  2.805604E-02 -1.832127E-01
       130   2 -1.769261E-01 -2.315679E+00  2.135479E-02  1.279245E-01 -2.294493E-02 -1.791815E-01
       130   3 -2.742380E-01 -2.360732E+00 -2.135479E-02  1.441830E-01 -1.999403E-02 -3.300207E-01
       130   4 -1.786839E-01 -2.319780E+00  1.959697E-02  1.418925E-01  2.510514E-02 -3.340520E-01
       130   5  2.724802E-01  2.356630E+00  1.959697E-02 -1.302149E-01  2.805604E-02 -1.832127E-01
       130   6  1.769261E-01  2.315679E+00 -2.135479E-02 -1.279245E-01 -2.294493E-02 -1.791815E-01
       130   7  2.742380E-01  2.360732E+00  2.135479E-02 -1.441830E-01 -1.999403E-02 -3.300207E-01
       130   8  1.786839E-01  2.319780E+00 -1.959697E-02 -1.418925E-01  2.510514E-02 -3.340520E-01
       131   1  1.308458E-01 -9.352532E-01  1.288236E-01  1.791481E-01 -1.532644E-01  5.480913E-01
       131   2 -4.744328E-01 -1.194658E+00 -1.305815E-01  1.814386E-01  1.481533E-01  5.440600E-01
       131   3  1.326036E-01 -9.311516E-01  1.305815E-01  9.066884E-02  1.511042E-01  3.932207E-01
       131   4 -4.726750E-01 -1.190557E+00 -1.288236E-01  9.295934E-02 -1.562153E-01  3.972520E-01
       131   5 -1.308458E-01  9.352532E-01 -1.288236E-01 -1.791481E-01 -1.532644E-01  5.480913E-01
       131   6  4.744328E-01  1.194658E+00  1.305815E-01 -1.814386E-01  1.481533E-01  5.440600E-01
       131   7 -1.326036E-01  9.311516E-01 -1.305815E-01 -9.066884E-02  1.511042E-01  3.932207E-01
       131   8  4.726750E-01  1.190557E+00  1.288236E-01 -9.295934E-02 -1.562153E-01  3.972520E-01
       132   1  8.533392E-01  3.502180E+00 -2.299256E-02  9.524817E-02  4.314878E-02  5.400609E-01
       132   2  1.040986E+00  3.582600E+00  5.742753E-02  6.707411E-02 -4.825989E-02  5.896473E-01
       132   3  8.189043E-01  3.421831E+00 -5.742753E-02  1.389332E-01 -5.121079E-02  4.012511E-01
       132   4  1.006551E+00  3.502251E+00  2.299256E-02  1.107591E-01  4.609968E-02  3.516647E-01
       132   5 -8.533392E-01 -3.502180E+00  2.299256E-02 -9.524817E-02  4.314878E-02  5.400609E-01
       132   6 -1.040986E+00 -3.582600E+00 -5.742753E-02 -6.707411E-02 -4.825989E-02  5.896473E-01
       132   7 -8.189043E-01 -3.421831E+00  5.742753E-02 -1.389332E-01 -5.121079E-02  4.012511E-01
       132   8 -1.006551E+00 -3.502251E+00 -2.299256E-02 -1.107591E-01  4.609968E-02  3.516647E-01
       133   1 -5.082549E-01 -1.694183E+00  4.531264E-12  2.764292E-02  8.406737E-13 -1.816157E+00
       133   2 -5.082549E-01 -1.694183E+00 -3.974820E-12  2.764292E-02  8.406737E-13 -1.816157E+00
       133   3 -5.082549E-01 -1.694183E+00 -3.521627E-13  2.764292E-02  8.406737E-13 -1.913460E+00
       133   4 -5.082549E-01 -1.694183E+00 -7.267520E-13  2.764292E-02  7.706175E-13 -1.913460E+00
       133   5  5.082549E-01  1.694183E+00  4.744094E-12 -2.764292E-02  7.706175E-13 -1.816157E+00
       133   6  5.082549E-01  1.694183E+00 -4.330758E-12 -2.764292E-02  9.807860E-13 -1.816157E+00
       133   7  5.082549E-01  1.694183E+00 -3.755884E-13 -2.764292E-02  8.406737E-13 -1.913460E+00
       133   8  5.082549E-01  1.694183E+00 -6.986633E-13 -2.764292E-02  8.406737E-13 -1.913460E+00
       134   1 -4.193211E-01 -1.397737E+00 -2.233769E-13  5.573084E-01 -1.401123E-12  1.276842E+00
       134   2 -4.193211E-01 -1.397737E+00 -1.031286E-12  5.573084E-01  0.000000E+00  1.276842E+00
       134   3 -4.193211E-01 -1.397737E+00  1.714184E-12  5.573084E-01 -1.120898E-12 -6.848839E-01
       134   4 -4.193211E-01 -1.397737E+00 -5.345613E-12  5.573084E-01 -7.005614E-14 -6.848839E-01
       134   5  4.193211E-01  1.397737E+00 -2.091105E-12 -5.573084E-01 -4.903930E-13  1.276842E+00
       134   6  4.193211E-01  1.397737E+00 -1.754485E-12 -5.573084E-01 -8.406737E-13  1.276842E+00
       134   7  4.193211E-01  1.397737E+00  2.050360E-12 -5.573084E-01 -1.401123E-13 -6.848839E-01
       134   8  4.193211E-01  1.397737E+00 -6.447620E-12 -5.573084E-01 -9.807860E-13 -6.848839E-01
       135   1  1.300345E-01  1.453761E-01 -8.549539E-02 -6.257275E-02  1.034534E-01 -3.580194E-01
       135   2  5.422020E-01  3.220193E-01  9.114785E-02 -6.719749E-02 -1.042924E-01 -3.498799E-01
       135   3  1.243820E-01  1.321870E-01 -9.114785E-02  3.338161E-02 -1.038080E-01 -3.189548E-01
       135   4  5.365496E-01  3.088303E-01  8.549539E-02  2.875687E-02  1.029690E-01 -3.270944E-01
       135   5 -1.300345E-01 -1.453761E-01  8.549539E-02  6.257275E-02  1.034534E-01 -3.580194E-01
       135   6 -5.422020E-01 -3.220193E-01 -9.114785E-02  6.719749E-02 -1.042924E-01 -3.498799E-01
       135   7 -1.243820E-01 -1.321870E-01  9.114785E-02 -3.338161E-02 -1.038080E-01 -3.189548E-01
       135   8 -5.365496E-01 -3.088303E-01 -8.549539E-02 -2.875687E-02  1.029690E-01 -3.270944E-01
       136   1 -3.455972E-01 -3.117738E+00 -6.149857E-02 -4.344812E-02  7.132736E-02 -3.505363E-01
       136   2 -5.927716E-02 -2.995030E+00  6.121003E-02 -4.307213E-02 -7.216634E-02 -3.511980E-01
       136   3 -3.453087E-01 -3.117065E+00 -6.121003E-02 -1.594021E-03 -7.265073E-02 -3.264379E-01
       136   4 -5.898861E-02 -2.994356E+00  6.149857E-02 -1.218039E-03  7.181175E-02 -3.257762E-01
       136   5  3.455972E-01  3.117738E+00  6.149857E-02  4.344812E-02  7.132736E-02 -3.505363E-01
       136   6  5.927716E-02  2.995030E+00 -6.121003E-02  4.307213E-02 -7.216634E-02 -3.511980E-01
       136   7  3.453087E-01  3.117065E+00  6.121003E-02  1.594021E-03 -7.265073E-02 -3.264379E-01
       136   8  5.898861E-02  2.994356E+00 -6.149857E-02  1.218039E-03  7.181175E-02 -3.257762E-01
       137   1  1.374979E-02 -2.668997E+00  8.716646E-02  7.536901E-03 -1.019287E-01  3.760747E-01
       137   2 -3.923538E-01 -2.843042E+00 -8.687792E-02  7.160919E-03  1.027677E-01  3.767364E-01
       137   3  1.346125E-02 -2.669671E+00  8.687792E-02 -5.182707E-02  1.022833E-01  4.014965E-01
       137   4 -3.926423E-01 -2.843715E+00 -8.716646E-02 -5.220306E-02 -1.014444E-01  4.008348E-01
       137   5 -1.374979E-02  2.668997E+00 -8.716646E-02 -7.536901E-03 -1.019287E-01  3.760747E-01
       137   6  3.923538E-01  2.843042E+00  8.687792E-02 -7.160919E-03  1.027677E-01  3.767364E-01
       137   7 -1.346125E-02  2.669671E+00 -8.687792E-02  5.182707E-02  1.022833E-01  4.014965E-01
       137   8  3.926423E-01  2.843715E+00  8.716646E-02  5.220306E-02 -1.014444E-01  4.008348E-01
       138   1  6.358653E-01  1.070723E+00  5.982750E-02  1.481381E-02 -7.285202E-02  3.773929E-01
       138   2  3.434812E-01  9.454154E-01 -6.547996E-02  1.943856E-02  7.369101E-02  3.692533E-01
       138   3  6.415177E-01  1.083912E+00  6.547996E-02 -5.325444E-02  7.417539E-02  4.001784E-01
       138   4  3.491337E-01  9.586045E-01 -5.982750E-02 -4.862969E-02 -7.333641E-02  4.083179E-01
       138   5 -6.358653E-01 -1.070723E+00 -5.982750E-02 -1.481381E-02 -7.285202E-02  3.773929E-01
       138   6 -3.434812E-01 -9.454154E-01  6.547996E-02 -1.943856E-02  7.369101E-02  3.692533E-01
       138   7 -6.415177E-01 -1.083912E+00 -6.547996E-02  5.325444E-02  7.417539E-02  4.001784E-01
       138   8 -3.491337E-01 -9.586045E-01  5.982750E-02  4.862969E-02 -7.333641E-02  4.083179E-01
       139   1  3.197188E-02  1.065729E-01 -1.822244E-12 -4.749279E-01 -9.107298E-13 -8.387453E-01
       139   2  3.197188E-02  1.065729E-01 -1.047516E-12 -4.749279E-01 -7.005614E-14 -8.387453E-01
       139   3  3.197188E-02  1.065729E-01  8.261586E-13 -4.749279E-01 -8.406737E-13  8.330009E-01
       139   4  3.197188E-02  1.065729E-01 -2.328818E-12 -4.749279E-01 -4.203368E-13  8.330009E-01
       139   5 -3.197188E-02 -1.065729E-01 -9.590245E-13  4.749279E-01  0.000000E+00 -8.387453E-01
       139   6 -3.197188E-02 -1.065729E-01 -1.112860E-13  4.749279E-01 -7.706175E-13 -8.387453E-01
       139   7 -3.197188E-02 -1.065729E-01 -1.400963E-14  4.749279E-01 -2.802246E-13  8.330009E-01
       139   8 -3.197188E-02 -1.065729E-01 -6.293348E-12  4.749279E-01 -1.120898E-12  8.330009E-01
       140   1 -2.870515E-01 -9.568382E-01 -1.078915E-12 -3.048837E-01  8.406737E-13 -8.942500E-01
       140   2 -2.870515E-01 -9.568382E-01 -3.023692E-12 -3.048837E-01  7.005614E-13 -8.942500E-01
       140   3 -2.870515E-01 -9.568382E-01 -9.725554E-12 -3.048837E-01  8.406737E-13  1.789405E-01
       140   4 -2.870515E-01 -9.568382E-01 -1.874279E-12 -3.048837E-01  4.203368E-13  1.789405E-01
       140   5  2.870515E-01  9.568382E-01 -1.171063E-12  3.048837E-01  1.471179E-12 -8.942500E-01
       140   6  2.870515E-01  9.568382E-01 -2.793543E-12  3.048837E-01  0.000000E+00 -8.942500E-01
       140   7  2.870515E-01  9.568382E-01 -9.820367E-12  3.048837E-01  1.471179E-12  1.789405E-01
       140   8  2.870515E-01  9.568382E-01 -8.262169E-12  3.048837E-01 -5.604491E-13  1.789405E-01
       141   1 -6.496311E-01 -2.525167E+00 -1.199779E-01 -2.772135E-02  1.334865E-01  7.361906E-02
       141   2 -1.203560E-01 -2.298335E+00  1.068543E-01 -1.698381E-02 -1.315386E-01  5.472099E-02
       141   3 -6.365075E-01 -2.494545E+00 -1.068543E-01  9.549613E-02 -1.326632E-01 -1.707950E-02
       141   4 -1.072324E-01 -2.267713E+00  1.199779E-01  1.062337E-01  1.346112E-01  1.818566E-03
       141   5  6.496311E-01  2.525167E+00  1.199779E-01  2.772135E-02  1.334865E-01  7.361906E-02
       141   6  1.203560E-01  2.298335E+00 -1.068543E-01  1.698381E-02 -1.315386E-01  5.472099E-02
       141   7  6.365075E-01  2.494545E+00  1.068543E-01 -9.549613E-02 -1.326632E-01 -1.707950E-02
       141   8  1.072324E-01  2.267713E+00 -1.199779E-01 -1.062337E-01  1.346112E-01  1.818566E-03
       142   1  3.403785E-02 -2.105570E+00  1.622142E-02  5.770713E-02 -1.710384E-02  5.624510E-02
       142   2 -4.009895E-02 -2.137342E+00 -1.555149E-02  5.683419E-02  1.905175E-02  5.778147E-02
       142   3  3.336792E-02 -2.107133E+00  1.555149E-02  4.686985E-02  2.017638E-02  2.944593E-04
       142   4 -4.076888E-02 -2.138906E+00 -1.622142E-02  4.599691E-02 -1.822847E-02 -1.241916E-03
       142   5 -3.403785E-02  2.105570E+00 -1.622142E-02 -5.770713E-02 -1.710384E-02  5.624510E-02
       142   6  4.009895E-02  2.137342E+00  1.555149E-02 -5.683419E-02  1.905175E-02  5.778147E-02
       142   7 -3.336792E-02  2.107133E+00 -1.555149E-02 -4.686985E-02  2.017638E-02  2.944593E-04
       142   8  4.076888E-02  2.138906E+00  1.622142E-02 -4.599691E-02 -1.822847E-02 -1.241916E-03
       143   1  4.099496E-02 -1.773176E+00  1.263136E-02  5.583817E-02 -1.562547E-02  5.778147E-02
       143   2 -1.951456E-02 -1.799108E+00 -1.330129E-02  5.671111E-02  1.367755E-02  5.624510E-02
       143   3  4.166489E-02 -1.771613E+00  1.330129E-02  4.699293E-02  1.480218E-02 -1.241916E-03
       143   4 -1.884463E-02 -1.797545E+00 -1.263136E-02  4.786587E-02 -1.675010E-02  2.944593E-04
       143   5 -4.099496E-02  1.773176E+00 -1.263136E-02 -5.583817E-02 -1.562547E-02  5.778147E-02
       143   6  1.951456E-02  1.799108E+00  1.330129E-02 -5.671111E-02  1.367755E-02  5.624510E-02
       143   7 -4.166489E-02  1.771613E+00 -1.330129E-02 -4.699293E-02  1.480218E-02 -1.241916E-03
       143   8  1.884463E-02  1.797545E+00  1.263136E-02 -4.786587E-02 -1.675010E-02  2.944593E-04
       144   1  4.406505E-03 -1.411284E+00  9.112513E-02  9.056055E-02 -1.007572E-01  5.472099E-02
       144   2 -3.902223E-01 -1.580411E+00 -7.800148E-02  7.982301E-02  9.880930E-02  7.361906E-02
       144   3 -8.717153E-03 -1.441906E+00  7.800148E-02 -1.310694E-03  9.768467E-02  1.818566E-03
       144   4 -4.033459E-01 -1.611032E+00 -9.112513E-02 -1.204823E-02 -9.963259E-02 -1.707950E-02
       144   5 -4.406505E-03  1.411284E+00 -9.112513E-02 -9.056055E-02 -1.007572E-01  5.472099E-02
       144   6  3.902223E-01  1.580411E+00  7.800148E-02 -7.982301E-02  9.880930E-02  7.361906E-02
       144   7  8.717153E-03  1.441906E+00 -7.800148E-02  1.310694E-03  9.768467E-02  1.818566E-03
       144   8  4.033459E-01  1.611032E+00  9.112513E-02  1.204823E-02 -9.963259E-02 -1.707950E-02
       145   1  9.239783E-02  3.079928E-01  2.864764E-12  2.665907E-01  1.401123E-13  8.094132E-01
       145   2  9.239783E-02  3.079928E-01  1.792733E-13  2.665907E-01 -2.101684E-13  8.094132E-01
       145   3  9.239783E-02  3.079928E-01 -2.671974E-12  2.665907E-01  0.000000E+00 -1.289861E-01
       145   4  9.239783E-02  3.079928E-01 -2.664535E-12  2.665907E-01 -2.802246E-13 -1.289861E-01
       145   5 -9.239783E-02 -3.079928E-01 -2.715661E-12 -2.665907E-01  9.107298E-13  8.094132E-01
       145   6 -9.239783E-02 -3.079928E-01 -2.564782E-12 -2.665907E-01 -8.406737E-13  8.094132E-01
       145   7 -9.239783E-02 -3.079928E-01 -9.243273E-12 -2.665907E-01  9.807860E-13 -1.289861E-01
       145   8 -9.239783E-02 -3.079928E-01 -3.648470E-13 -2.665907E-01 -5.604491E-13 -1.289861E-01
       146   1  0.000000E+00  0.000000E+00  0.000000E+00  0.000000E+00  0.000000E+00  0.000000E+00
       146   2  0.000000E+00  0.000000E+00  0.000000E+00  0.000000E+00  0.000000E+00  0.000000E+00
       146   3  0.000000E+00  0.000000E+00  0.000000E+00  0.000000E+00  0.000000E+00  0.000000E+00
       146   4  0.000000E+00  0.000000E+00  0.000000E+00  0.000000E+00  0.000000E+00  0.000000E+00
       146   5  0.000000E+00  0.000000E+00  0.000000E+00  0.000000E+00  0.000000E+00  0.000000E+00
       146   6  0.000000E+00  0.000000E+00  0.000000E+00  0.000000E+00  0.000000E+00  0.000000E+00
       146   7  0.000000E+00  0.000000E+00  0.000000E+00  0.000000E+00  0.000000E+00  0.000000E+00
       146   8  0.000000E+00  0.000000E+00  0.000000E+00  0.000000E+00  0.000000E+00  0.000000E+00
       147   1  0.000000E+00  0.000000E+00  0.000000E+00  0.000000E+00  0.000000E+00  0.000000E+00
       147   2  0.000000E+00  0.000000E+00  0.000000E+00  0.000000E+00  0.000000E+00  0.000000E+00
       147   3  0.000000E+00  0.000000E+00  0.000000E+00  0.000000E+00  0.000000E+00  0.000000E+00
       147   4  0.000000E+00  0.000000E+00  0.000000E+00  0.000000E+00  0.000000E+00  0.000000E+00
       147   5  0.000000E+00  0.000000E+00  0.000000E+00  0.000000E+00  0.000000E+00  0.000000E+00
       147   6  0.000000E+00  0.000000E+00  0.000000E+00  0.000000E+00  0.000000E+00  0.000000E+00
       147   7  0.000000E+00  0.000000E+00  0.000000E+00  0.000000E+00  0.000000E+00  0.000000E+00
       147   8  0.000000E+00  0.000000E+00  0.000000E+00  0.000000E+00  0.000000E+00  0.000000E+00
       148   1  0.000000E+00  0.000000E+00  0.000000E+00  0.000000E+00  0.000000E+00  0.000000E+00
       148   2  0.000000E+00  0.000000E+00  0.000000E+00  0.000000E+00  0.000000E+00  0.000000E+00
       148   3  0.000000E+00  0.000000E+00  0.000000E+00  0.000000E+00  0.000000E+00  0.000000E+00
       148   4  0.000000E+00  0.000000E+00  0.000000E+00  0.000000E+00  0.000000E+00  0.000000E+00
       148   5  0.000000E+00  0.000000E+00  0.000000E+00  0.000000E+00  0.000000E+00  0.000000E+00
       148   6  0.000000E+00  0.000000E+00  0.000000E+00  0.000000E+00  0.000000E+00  0.000000E+00
       148   7  0.000000E+00  0.000000E+00  0.000000E+00  0.000000E+00  0.000000E+00  0.000000E+00
       148   8  0.000000E+00  0.000000E+00  0.000000E+00  0.000000E+00  0.000000E+00  0.000000E+00
       149   1  0.000000E+00  0.000000E+00  0.000000E+00  0.000000E+00  0.000000E+00  0.000000E+00
       149   2  0.000000E+00  0.000000E+00  0.000000E+00  0.000000E+00  0.000000E+00  0.000000E+00
       149   3  0.000000E+00  0.000000E+00  0.000000E+00  0.000000E+00  0.000000E+00  0.000000E+00
       149   4  0.000000E+00  0.000000E+00  0.000000E+00  0.000000E+00  0.000000E+00  0.000000E+00
       149   5  0.000000E+00  0.000000E+00  0.000000E+00  0.000000E+00  0.000000E+00  0.000000E+00
       149   6  0.000000E+00  0.000000E+00  0.000000E+00  0.000000E+00  0.000000E+00  0.000000E+00
       149   7  0.000000E+00  0.000000E+00  0.000000E+00  0.000000E+00  0.000000E+00  0.000000E+00
       149   8  0.000000E+00  0.000000E+00  0.000000E+00  0.000000E+00  0.000000E+00  0.000000E+00
       150   1  0.000000E+00  0.000000E+00  0.000000E+00  0.000000E+00  0.000000E+00  0.000000E+00
       150   2  0.000000E+00  0.000000E+00  0.000000E+00  0.000000E+00  0.000000E+00  0.000000E+00
       150   3  0.000000E+00  0.000000E+00  0.000000E+00  0.000000E+00  0.000000E+00  0.000000E+00
       150   4  0.000000E+00  0.000000E+00  0.000000E+00  0.000000E+00  0.000000E+00  0.000000E+00
       150   5  0.000000E+00  0.000000E+00  0.000000E+00  0.000000E+00  0.000000E+00  0.000000E+00
       150   6  0.000000E+00  0.000000E+00  0.000000E+00  0.000000E+00  0.000000E+00  0.000000E+00
       150   7  0.000000E+00  0.000000E+00  0.000000E+00  0.000000E+00  0.000000E+00  0.000000E+00
       150   8  0.000000E+00  0.000000E+00  0.000000E+00  0.000000E+00  0.000000E+00  0.000000E+00
       151   1  0.000000E+00  0.000000E+00  0.000000E+00  0.000000E+00  0.000000E+00  0.000000E+00
       151   2  0.000000E+00  0.000000E+00  0.000000E+00  0.000000E+00  0.000000E+00  0.000000E+00
       151   3  0.000000E+00  0.000000E+00  0.000000E+00  0.000000E+00  0.000000E+00  0.000000E+00
       151   4  0.000000E+00  0.000000E+00  0.000000E+00  0.000000E+00  0.000000E+00  0.000000E+00
       151   5  0.000000E+00  0.000000E+00  0.000000E+00  0.000000E+00  0.000000E+00  0.000000E+00
       151   6  0.000000E+00  0.000000E+00  0.000000E+00  0.000000E+00  0.000000E+00  0.000000E+00
       151   7  0.000000E+00  0.000000E+00  0.000000E+00  0.000000E+00  0.000000E+00  0.000000E+00
       151   8  0.000000E+00  0.000000E+00  0.000000E+00  0.000000E+00  0.000000E+00  0.000000E+00
       152   1  0.000000E+00  0.000000E+00  0.000000E+00  0.000000E+00  0.000000E+00  0.000000E+00
       152   2  0.000000E+00  0.000000E+00  0.000000E+00  0.000000E+00  0.000000E+00  0.000000E+00
       152   3  0.000000E+00  0.000000E+00  0.000000E+00  0.000000E+00  0.000000E+00  0.000000E+00
       152   4  0.000000E+00  0.000000E+00  0.000000E+00  0.000000E+00  0.000000E+00  0.000000E+00
       152   5  0.000000E+00  0.000000E+00  0.000000E+00  0.000000E+00  0.000000E+00  0.000000E+00
       152   6  0.000000E+00  0.000000E+00  0.000000E+00  0.000000E+00  0.000000E+00  0.000000E+00
       152   7  0.000000E+00  0.000000E+00  0.000000E+00  0.000000E+00  0.000000E+00  0.000000E+00
       152   8  0.000000E+00  0.000000E+00  0.000000E+00  0.000000E+00  0.000000E+00  0.000000E+00
       153   1  0.000000E+00  0.000000E+00  0.000000E+00  0.000000E+00  0.000000E+00  0.000000E+00
       153   2  0.000000E+00  0.000000E+00  0.000000E+00  0.000000E+00  0.000000E+00  0.000000E+00
       153   3  0.000000E+00  0.000000E+00  0.000000E+00  0.000000E+00  0.000000E+00  0.000000E+00
       153   4  0.000000E+00  0.000000E+00  0.000000E+00  0.000000E+00  0.000000E+00  0.000000E+00
       153   5  0.000000E+00  0.000000E+00  0.000000E+00  0.000000E+00  0.000000E+00  0.000000E+00
       153   6  0.000000E+00  0.000000E+00  0.000000E+00  0.000000E+00  0.000000E+00  0.000000E+00
       153   7  0.000000E+00  0.000000E+00  0.000000E+00  0.000000E+00  0.000000E+00  0.000000E+00
       153   8  0.000000E+00  0.000000E+00  0.000000E+00  0.000000E+00  0.000000E+00  0.000000E+00
       154   1  0.000000E+00  0.000000E+00  0.000000E+00  0.000000E+00  0.000000E+00  0.000000E+00
       154   2  0.000000E+00  0.000000E+00  0.000000E+00  0.000000E+00  0.000000E+00  0.000000E+00
       154   3  0.000000E+00  0.000000E+00  0.000000E+00  0.000000E+00  0.000000E+00  0.000000E+00
       154   4  0.000000E+00  0.000000E+00  0.000000E+00  0.000000E+00  0.000000E+00  0.000000E+00
       154   5  0.000000E+00  0.000000E+00  0.000000E+00  0.000000E+00  0.000000E+00  0.000000E+00
       154   6  0.000000E+00  0.000000E+00  0.000000E+00  0.000000E+00  0.000000E+00  0.000000E+00
       154   7  0.000000E+00  0.000000E+00  0.000000E+00  0.000000E+00  0.000000E+00  0.000000E+00
       154   8  0.000000E+00  0.000000E+00  0.000000E+00  0.000000E+00  0.000000E+00  0.000000E+00
       155   1  0.000000E+00  0.000000E+00  0.000000E+00  0.000000E+00  0.000000E+00  0.000000E+00
       155   2  0.000000E+00  0.000000E+00  0.000000E+00  0.000000E+00  0.000000E+00  0.000000E+00
       155   3  0.000000E+00  0.000000E+00  0.000000E+00  0.000000E+00  0.000000E+00  0.000000E+00
       155   4  0.000000E+00  0.000000E+00  0.000000E+00  0.000000E+00  0.000000E+00  0.000000E+00
       155   5  0.000000E+00  0.000000E+00  0.000000E+00  0.000000E+00  0.000000E+00  0.000000E+00
       155   6  0.000000E+00  0.000000E+00  0.000000E+00  0.000000E+00  0.000000E+00  0.000000E+00
       155   7  0.000000E+00  0.000000E+00  0.000000E+00  0.000000E+00  0.000000E+00  0.000000E+00
       155   8  0.000000E+00  0.000000E+00  0.000000E+00  0.000000E+00  0.000000E+00  0.000000E+00
       156   1  0.000000E+00  0.000000E+00  0.000000E+00  0.000000E+00  0.000000E+00  0.000000E+00
       156   2  0.000000E+00  0.000000E+00  0.000000E+00  0.000000E+00  0.000000E+00  0.000000E+00
       156   3  0.000000E+00  0.000000E+00  0.000000E+00  0.000000E+00  0.000000E+00  0.000000E+00
       156   4  0.000000E+00  0.000000E+00  0.000000E+00  0.000000E+00  0.000000E+00  0.000000E+00
       156   5  0.000000E+00  0.000000E+00  0.000000E+00  0.000000E+00  0.000000E+00  0.000000E+00
       156   6  0.000000E+00  0.000000E+00  0.000000E+00  0.000000E+00  0.000000E+00  0.000000E+00
       156   7  0.000000E+00  0.000000E+00  0.000000E+00  0.000000E+00  0.000000E+00  0.000000E+00
       156   8  0.000000E+00  0.000000E+00  0.000000E+00  0.000000E+00  0.000000E+00  0.000000E+00
       157   1  0.000000E+00  0.000000E+00  0.000000E+00  0.000000E+00  0.000000E+00  0.000000E+00
       157   2  0.000000E+00  0.000000E+00  0.000000E+00  0.000000E+00  0.000000E+00  0.000000E+00
       157   3  0.000000E+00  0.000000E+00  0.000000E+00  0.000000E+00  0.000000E+00  0.000000E+00
       157   4  0.000000E+00  0.000000E+00  0.000000E+00  0.000000E+00  0.000000E+00  0.000000E+00
       157   5  0.000000E+00  0.000000E+00  0.000000E+00  0.000000E+00  0.000000E+00  0.000000E+00
       157   6  0.000000E+00  0.000000E+00  0.000000E+00  0.000000E+00  0.000000E+00  0.000000E+00
       157   7  0.000000E+00  0.000000E+00  0.000000E+00  0.000000E+00  0.000000E+00  0.000000E+00
       157   8  0.000000E+00  0.000000E+00  0.000000E+00  0.000000E+00  0.000000E+00  0.000000E+00
       158   1  0.000000E+00  0.000000E+00  0.000000E+00  0.000000E+00  0.000000E+00  0.000000E+00
       158   2  0.000000E+00  0.000000E+00  0.000000E+00  0.000000E+00  0.000000E+00  0.000000E+00
       158   3  0.000000E+00  0.000000E+00  0.000000E+00  0.000000E+00  0.000000E+00  0.000000E+00
       158   4  0.000000E+00  0.000000E+00  0.000000E+00  0.000000E+00  0.000000E+00  0.000000E+00
       158   5  0.000000E+00  0.000000E+00  0.000000E+00  0.000000E+00  0.000000E+00  0.000000E+00
       158   6  0.000000E+00  0.000000E+00  0.000000E+00  0.000000E+00  0.000000E+00  0.000000E+00
       158   7  0.000000E+00  0.000000E+00  0.000000E+00  0.000000E+00  0.000000E+00  0.000000E+00
       158   8  0.000000E+00  0.000000E+00  0.000000E+00  0.000000E+00  0.000000E+00  0.000000E+00
       159   1  0.000000E+00  0.000000E+00  0.000000E+00  0.000000E+00  0.000000E+00  0.000000E+00
       159   2  0.000000E+00  0.000000E+00  0.000000E+00  0.000000E+00  0.000000E+00  0.000000E+00
       159   3  0.000000E+00  0.000000E+00  0.000000E+00  0.000000E+00  0.000000E+00  0.000000E+00
       159   4  0.000000E+00  0.000000E+00  0.000000E+00  0.000000E+00  0.000000E+00  0.000000E+00
       159   5  0.000000E+00  0.000000E+00  0.000000E+00  0.000000E+00  0.000000E+00  0.000000E+00
       159   6  0.000000E+00  0.000000E+00  0.000000E+00  0.000000E+00  0.000000E+00  0.000000E+00
       159   7  0.000000E+00  0.000000E+00  0.000000E+00  0.000000E+00  0.000000E+00  0.000000E+00
       159   8  0.000000E+00  0.000000E+00  0.000000E+00  0.000000E+00  0.000000E+00  0.000000E+00
