qa_uid,city,asset_id,asset_name,asset_type,line,gate_id,domain,stage,hold_point,evidence_required,release_authority,status
samawah:SAM-SYS-001:qa-00-design-freeze,samawah,SAM-SYS-001,Samawah railway system,system,,qa-00-design-freeze,system,design freeze,"No procurement, fabrication, or site work starts until design assumptions, interfaces, hazards, and inspection/test plans are baselined.","approved drawing register, interface control document, hazard-log snapshot, inspection/test plan, material and supplier register",system assurance lead + owner engineer,planned
samawah:SAM-RS-L1-001:qa-10-carbody-structure,samawah,SAM-RS-L1-001,line-1 trainset 001,rolling-stock,line-1,qa-10-carbody-structure,rolling-stock,fabrication,"Dimensional survey, weld traceability, NDT sample, corrosion-protection record, and crash/load evidence accepted before fit-out.","EN 15085 weld pack, welder qualifications, material certificates, dimensional report, NDT report, coating record",rolling-stock QA lead,planned
samawah:SAM-RS-L1-002:qa-10-carbody-structure,samawah,SAM-RS-L1-002,line-1 trainset 002,rolling-stock,line-1,qa-10-carbody-structure,rolling-stock,fabrication,"Dimensional survey, weld traceability, NDT sample, corrosion-protection record, and crash/load evidence accepted before fit-out.","EN 15085 weld pack, welder qualifications, material certificates, dimensional report, NDT report, coating record",rolling-stock QA lead,planned
samawah:SAM-RS-L1-003:qa-10-carbody-structure,samawah,SAM-RS-L1-003,line-1 trainset 003,rolling-stock,line-1,qa-10-carbody-structure,rolling-stock,fabrication,"Dimensional survey, weld traceability, NDT sample, corrosion-protection record, and crash/load evidence accepted before fit-out.","EN 15085 weld pack, welder qualifications, material certificates, dimensional report, NDT report, coating record",rolling-stock QA lead,planned
samawah:SAM-RS-L1-004:qa-10-carbody-structure,samawah,SAM-RS-L1-004,line-1 trainset 004,rolling-stock,line-1,qa-10-carbody-structure,rolling-stock,fabrication,"Dimensional survey, weld traceability, NDT sample, corrosion-protection record, and crash/load evidence accepted before fit-out.","EN 15085 weld pack, welder qualifications, material certificates, dimensional report, NDT report, coating record",rolling-stock QA lead,planned
samawah:SAM-RS-L1-005:qa-10-carbody-structure,samawah,SAM-RS-L1-005,line-1 trainset 005,rolling-stock,line-1,qa-10-carbody-structure,rolling-stock,fabrication,"Dimensional survey, weld traceability, NDT sample, corrosion-protection record, and crash/load evidence accepted before fit-out.","EN 15085 weld pack, welder qualifications, material certificates, dimensional report, NDT report, coating record",rolling-stock QA lead,planned
samawah:SAM-RS-L1-006:qa-10-carbody-structure,samawah,SAM-RS-L1-006,line-1 trainset 006,rolling-stock,line-1,qa-10-carbody-structure,rolling-stock,fabrication,"Dimensional survey, weld traceability, NDT sample, corrosion-protection record, and crash/load evidence accepted before fit-out.","EN 15085 weld pack, welder qualifications, material certificates, dimensional report, NDT report, coating record",rolling-stock QA lead,planned
samawah:SAM-RS-L1-007:qa-10-carbody-structure,samawah,SAM-RS-L1-007,line-1 trainset 007,rolling-stock,line-1,qa-10-carbody-structure,rolling-stock,fabrication,"Dimensional survey, weld traceability, NDT sample, corrosion-protection record, and crash/load evidence accepted before fit-out.","EN 15085 weld pack, welder qualifications, material certificates, dimensional report, NDT report, coating record",rolling-stock QA lead,planned
samawah:SAM-RS-L1-008:qa-10-carbody-structure,samawah,SAM-RS-L1-008,line-1 trainset 008,rolling-stock,line-1,qa-10-carbody-structure,rolling-stock,fabrication,"Dimensional survey, weld traceability, NDT sample, corrosion-protection record, and crash/load evidence accepted before fit-out.","EN 15085 weld pack, welder qualifications, material certificates, dimensional report, NDT report, coating record",rolling-stock QA lead,planned
samawah:SAM-RS-L1-009:qa-10-carbody-structure,samawah,SAM-RS-L1-009,line-1 trainset 009,rolling-stock,line-1,qa-10-carbody-structure,rolling-stock,fabrication,"Dimensional survey, weld traceability, NDT sample, corrosion-protection record, and crash/load evidence accepted before fit-out.","EN 15085 weld pack, welder qualifications, material certificates, dimensional report, NDT report, coating record",rolling-stock QA lead,planned
samawah:SAM-RS-L1-010:qa-10-carbody-structure,samawah,SAM-RS-L1-010,line-1 trainset 010,rolling-stock,line-1,qa-10-carbody-structure,rolling-stock,fabrication,"Dimensional survey, weld traceability, NDT sample, corrosion-protection record, and crash/load evidence accepted before fit-out.","EN 15085 weld pack, welder qualifications, material certificates, dimensional report, NDT report, coating record",rolling-stock QA lead,planned
samawah:SAM-RS-L1-011:qa-10-carbody-structure,samawah,SAM-RS-L1-011,line-1 trainset 011,rolling-stock,line-1,qa-10-carbody-structure,rolling-stock,fabrication,"Dimensional survey, weld traceability, NDT sample, corrosion-protection record, and crash/load evidence accepted before fit-out.","EN 15085 weld pack, welder qualifications, material certificates, dimensional report, NDT report, coating record",rolling-stock QA lead,planned
samawah:SAM-RS-L1-012:qa-10-carbody-structure,samawah,SAM-RS-L1-012,line-1 trainset 012,rolling-stock,line-1,qa-10-carbody-structure,rolling-stock,fabrication,"Dimensional survey, weld traceability, NDT sample, corrosion-protection record, and crash/load evidence accepted before fit-out.","EN 15085 weld pack, welder qualifications, material certificates, dimensional report, NDT report, coating record",rolling-stock QA lead,planned
samawah:SAM-RS-L1-013:qa-10-carbody-structure,samawah,SAM-RS-L1-013,line-1 trainset 013,rolling-stock,line-1,qa-10-carbody-structure,rolling-stock,fabrication,"Dimensional survey, weld traceability, NDT sample, corrosion-protection record, and crash/load evidence accepted before fit-out.","EN 15085 weld pack, welder qualifications, material certificates, dimensional report, NDT report, coating record",rolling-stock QA lead,planned
samawah:SAM-RS-L1-014:qa-10-carbody-structure,samawah,SAM-RS-L1-014,line-1 trainset 014,rolling-stock,line-1,qa-10-carbody-structure,rolling-stock,fabrication,"Dimensional survey, weld traceability, NDT sample, corrosion-protection record, and crash/load evidence accepted before fit-out.","EN 15085 weld pack, welder qualifications, material certificates, dimensional report, NDT report, coating record",rolling-stock QA lead,planned
samawah:SAM-RS-L1-015:qa-10-carbody-structure,samawah,SAM-RS-L1-015,line-1 trainset 015,rolling-stock,line-1,qa-10-carbody-structure,rolling-stock,fabrication,"Dimensional survey, weld traceability, NDT sample, corrosion-protection record, and crash/load evidence accepted before fit-out.","EN 15085 weld pack, welder qualifications, material certificates, dimensional report, NDT report, coating record",rolling-stock QA lead,planned
samawah:SAM-RS-L1-016:qa-10-carbody-structure,samawah,SAM-RS-L1-016,line-1 trainset 016,rolling-stock,line-1,qa-10-carbody-structure,rolling-stock,fabrication,"Dimensional survey, weld traceability, NDT sample, corrosion-protection record, and crash/load evidence accepted before fit-out.","EN 15085 weld pack, welder qualifications, material certificates, dimensional report, NDT report, coating record",rolling-stock QA lead,planned
samawah:SAM-RS-L1-017:qa-10-carbody-structure,samawah,SAM-RS-L1-017,line-1 trainset 017,rolling-stock,line-1,qa-10-carbody-structure,rolling-stock,fabrication,"Dimensional survey, weld traceability, NDT sample, corrosion-protection record, and crash/load evidence accepted before fit-out.","EN 15085 weld pack, welder qualifications, material certificates, dimensional report, NDT report, coating record",rolling-stock QA lead,planned
samawah:SAM-RS-L1-018:qa-10-carbody-structure,samawah,SAM-RS-L1-018,line-1 trainset 018,rolling-stock,line-1,qa-10-carbody-structure,rolling-stock,fabrication,"Dimensional survey, weld traceability, NDT sample, corrosion-protection record, and crash/load evidence accepted before fit-out.","EN 15085 weld pack, welder qualifications, material certificates, dimensional report, NDT report, coating record",rolling-stock QA lead,planned
samawah:SAM-RS-L1-019:qa-10-carbody-structure,samawah,SAM-RS-L1-019,line-1 trainset 019,rolling-stock,line-1,qa-10-carbody-structure,rolling-stock,fabrication,"Dimensional survey, weld traceability, NDT sample, corrosion-protection record, and crash/load evidence accepted before fit-out.","EN 15085 weld pack, welder qualifications, material certificates, dimensional report, NDT report, coating record",rolling-stock QA lead,planned
samawah:SAM-RS-L1-020:qa-10-carbody-structure,samawah,SAM-RS-L1-020,line-1 trainset 020,rolling-stock,line-1,qa-10-carbody-structure,rolling-stock,fabrication,"Dimensional survey, weld traceability, NDT sample, corrosion-protection record, and crash/load evidence accepted before fit-out.","EN 15085 weld pack, welder qualifications, material certificates, dimensional report, NDT report, coating record",rolling-stock QA lead,planned
samawah:SAM-RS-L1-021:qa-10-carbody-structure,samawah,SAM-RS-L1-021,line-1 trainset 021,rolling-stock,line-1,qa-10-carbody-structure,rolling-stock,fabrication,"Dimensional survey, weld traceability, NDT sample, corrosion-protection record, and crash/load evidence accepted before fit-out.","EN 15085 weld pack, welder qualifications, material certificates, dimensional report, NDT report, coating record",rolling-stock QA lead,planned
samawah:SAM-RS-L1-022:qa-10-carbody-structure,samawah,SAM-RS-L1-022,line-1 trainset 022,rolling-stock,line-1,qa-10-carbody-structure,rolling-stock,fabrication,"Dimensional survey, weld traceability, NDT sample, corrosion-protection record, and crash/load evidence accepted before fit-out.","EN 15085 weld pack, welder qualifications, material certificates, dimensional report, NDT report, coating record",rolling-stock QA lead,planned
samawah:SAM-RS-L1-023:qa-10-carbody-structure,samawah,SAM-RS-L1-023,line-1 trainset 023,rolling-stock,line-1,qa-10-carbody-structure,rolling-stock,fabrication,"Dimensional survey, weld traceability, NDT sample, corrosion-protection record, and crash/load evidence accepted before fit-out.","EN 15085 weld pack, welder qualifications, material certificates, dimensional report, NDT report, coating record",rolling-stock QA lead,planned
samawah:SAM-RS-L1-024:qa-10-carbody-structure,samawah,SAM-RS-L1-024,line-1 trainset 024,rolling-stock,line-1,qa-10-carbody-structure,rolling-stock,fabrication,"Dimensional survey, weld traceability, NDT sample, corrosion-protection record, and crash/load evidence accepted before fit-out.","EN 15085 weld pack, welder qualifications, material certificates, dimensional report, NDT report, coating record",rolling-stock QA lead,planned
samawah:SAM-RS-L1-025:qa-10-carbody-structure,samawah,SAM-RS-L1-025,line-1 trainset 025,rolling-stock,line-1,qa-10-carbody-structure,rolling-stock,fabrication,"Dimensional survey, weld traceability, NDT sample, corrosion-protection record, and crash/load evidence accepted before fit-out.","EN 15085 weld pack, welder qualifications, material certificates, dimensional report, NDT report, coating record",rolling-stock QA lead,planned
samawah:SAM-RS-L1-026:qa-10-carbody-structure,samawah,SAM-RS-L1-026,line-1 trainset 026,rolling-stock,line-1,qa-10-carbody-structure,rolling-stock,fabrication,"Dimensional survey, weld traceability, NDT sample, corrosion-protection record, and crash/load evidence accepted before fit-out.","EN 15085 weld pack, welder qualifications, material certificates, dimensional report, NDT report, coating record",rolling-stock QA lead,planned
samawah:SAM-RS-L1-027:qa-10-carbody-structure,samawah,SAM-RS-L1-027,line-1 trainset 027,rolling-stock,line-1,qa-10-carbody-structure,rolling-stock,fabrication,"Dimensional survey, weld traceability, NDT sample, corrosion-protection record, and crash/load evidence accepted before fit-out.","EN 15085 weld pack, welder qualifications, material certificates, dimensional report, NDT report, coating record",rolling-stock QA lead,planned
samawah:SAM-RS-L1-028:qa-10-carbody-structure,samawah,SAM-RS-L1-028,line-1 trainset 028,rolling-stock,line-1,qa-10-carbody-structure,rolling-stock,fabrication,"Dimensional survey, weld traceability, NDT sample, corrosion-protection record, and crash/load evidence accepted before fit-out.","EN 15085 weld pack, welder qualifications, material certificates, dimensional report, NDT report, coating record",rolling-stock QA lead,planned
samawah:SAM-RS-L1-029:qa-10-carbody-structure,samawah,SAM-RS-L1-029,line-1 trainset 029,rolling-stock,line-1,qa-10-carbody-structure,rolling-stock,fabrication,"Dimensional survey, weld traceability, NDT sample, corrosion-protection record, and crash/load evidence accepted before fit-out.","EN 15085 weld pack, welder qualifications, material certificates, dimensional report, NDT report, coating record",rolling-stock QA lead,planned
samawah:SAM-RS-L1-030:qa-10-carbody-structure,samawah,SAM-RS-L1-030,line-1 trainset 030,rolling-stock,line-1,qa-10-carbody-structure,rolling-stock,fabrication,"Dimensional survey, weld traceability, NDT sample, corrosion-protection record, and crash/load evidence accepted before fit-out.","EN 15085 weld pack, welder qualifications, material certificates, dimensional report, NDT report, coating record",rolling-stock QA lead,planned
samawah:SAM-RS-L1-031:qa-10-carbody-structure,samawah,SAM-RS-L1-031,line-1 trainset 031,rolling-stock,line-1,qa-10-carbody-structure,rolling-stock,fabrication,"Dimensional survey, weld traceability, NDT sample, corrosion-protection record, and crash/load evidence accepted before fit-out.","EN 15085 weld pack, welder qualifications, material certificates, dimensional report, NDT report, coating record",rolling-stock QA lead,planned
samawah:SAM-RS-L1-032:qa-10-carbody-structure,samawah,SAM-RS-L1-032,line-1 trainset 032,rolling-stock,line-1,qa-10-carbody-structure,rolling-stock,fabrication,"Dimensional survey, weld traceability, NDT sample, corrosion-protection record, and crash/load evidence accepted before fit-out.","EN 15085 weld pack, welder qualifications, material certificates, dimensional report, NDT report, coating record",rolling-stock QA lead,planned
samawah:SAM-RS-L1-033:qa-10-carbody-structure,samawah,SAM-RS-L1-033,line-1 trainset 033,rolling-stock,line-1,qa-10-carbody-structure,rolling-stock,fabrication,"Dimensional survey, weld traceability, NDT sample, corrosion-protection record, and crash/load evidence accepted before fit-out.","EN 15085 weld pack, welder qualifications, material certificates, dimensional report, NDT report, coating record",rolling-stock QA lead,planned
samawah:SAM-RS-L1-034:qa-10-carbody-structure,samawah,SAM-RS-L1-034,line-1 trainset 034,rolling-stock,line-1,qa-10-carbody-structure,rolling-stock,fabrication,"Dimensional survey, weld traceability, NDT sample, corrosion-protection record, and crash/load evidence accepted before fit-out.","EN 15085 weld pack, welder qualifications, material certificates, dimensional report, NDT report, coating record",rolling-stock QA lead,planned
samawah:SAM-RS-L1-035:qa-10-carbody-structure,samawah,SAM-RS-L1-035,line-1 trainset 035,rolling-stock,line-1,qa-10-carbody-structure,rolling-stock,fabrication,"Dimensional survey, weld traceability, NDT sample, corrosion-protection record, and crash/load evidence accepted before fit-out.","EN 15085 weld pack, welder qualifications, material certificates, dimensional report, NDT report, coating record",rolling-stock QA lead,planned
samawah:SAM-RS-L1-036:qa-10-carbody-structure,samawah,SAM-RS-L1-036,line-1 trainset 036,rolling-stock,line-1,qa-10-carbody-structure,rolling-stock,fabrication,"Dimensional survey, weld traceability, NDT sample, corrosion-protection record, and crash/load evidence accepted before fit-out.","EN 15085 weld pack, welder qualifications, material certificates, dimensional report, NDT report, coating record",rolling-stock QA lead,planned
samawah:SAM-RS-L1-037:qa-10-carbody-structure,samawah,SAM-RS-L1-037,line-1 trainset 037,rolling-stock,line-1,qa-10-carbody-structure,rolling-stock,fabrication,"Dimensional survey, weld traceability, NDT sample, corrosion-protection record, and crash/load evidence accepted before fit-out.","EN 15085 weld pack, welder qualifications, material certificates, dimensional report, NDT report, coating record",rolling-stock QA lead,planned
samawah:SAM-RS-L1-038:qa-10-carbody-structure,samawah,SAM-RS-L1-038,line-1 trainset 038,rolling-stock,line-1,qa-10-carbody-structure,rolling-stock,fabrication,"Dimensional survey, weld traceability, NDT sample, corrosion-protection record, and crash/load evidence accepted before fit-out.","EN 15085 weld pack, welder qualifications, material certificates, dimensional report, NDT report, coating record",rolling-stock QA lead,planned
samawah:SAM-RS-L1-039:qa-10-carbody-structure,samawah,SAM-RS-L1-039,line-1 trainset 039,rolling-stock,line-1,qa-10-carbody-structure,rolling-stock,fabrication,"Dimensional survey, weld traceability, NDT sample, corrosion-protection record, and crash/load evidence accepted before fit-out.","EN 15085 weld pack, welder qualifications, material certificates, dimensional report, NDT report, coating record",rolling-stock QA lead,planned
samawah:SAM-RS-L1-040:qa-10-carbody-structure,samawah,SAM-RS-L1-040,line-1 trainset 040,rolling-stock,line-1,qa-10-carbody-structure,rolling-stock,fabrication,"Dimensional survey, weld traceability, NDT sample, corrosion-protection record, and crash/load evidence accepted before fit-out.","EN 15085 weld pack, welder qualifications, material certificates, dimensional report, NDT report, coating record",rolling-stock QA lead,planned
samawah:SAM-RS-L1-041:qa-10-carbody-structure,samawah,SAM-RS-L1-041,line-1 trainset 041,rolling-stock,line-1,qa-10-carbody-structure,rolling-stock,fabrication,"Dimensional survey, weld traceability, NDT sample, corrosion-protection record, and crash/load evidence accepted before fit-out.","EN 15085 weld pack, welder qualifications, material certificates, dimensional report, NDT report, coating record",rolling-stock QA lead,planned
samawah:SAM-RS-L2-001:qa-10-carbody-structure,samawah,SAM-RS-L2-001,line-2 trainset 001,rolling-stock,line-2,qa-10-carbody-structure,rolling-stock,fabrication,"Dimensional survey, weld traceability, NDT sample, corrosion-protection record, and crash/load evidence accepted before fit-out.","EN 15085 weld pack, welder qualifications, material certificates, dimensional report, NDT report, coating record",rolling-stock QA lead,planned
samawah:SAM-RS-L2-002:qa-10-carbody-structure,samawah,SAM-RS-L2-002,line-2 trainset 002,rolling-stock,line-2,qa-10-carbody-structure,rolling-stock,fabrication,"Dimensional survey, weld traceability, NDT sample, corrosion-protection record, and crash/load evidence accepted before fit-out.","EN 15085 weld pack, welder qualifications, material certificates, dimensional report, NDT report, coating record",rolling-stock QA lead,planned
samawah:SAM-RS-L2-003:qa-10-carbody-structure,samawah,SAM-RS-L2-003,line-2 trainset 003,rolling-stock,line-2,qa-10-carbody-structure,rolling-stock,fabrication,"Dimensional survey, weld traceability, NDT sample, corrosion-protection record, and crash/load evidence accepted before fit-out.","EN 15085 weld pack, welder qualifications, material certificates, dimensional report, NDT report, coating record",rolling-stock QA lead,planned
samawah:SAM-RS-L2-004:qa-10-carbody-structure,samawah,SAM-RS-L2-004,line-2 trainset 004,rolling-stock,line-2,qa-10-carbody-structure,rolling-stock,fabrication,"Dimensional survey, weld traceability, NDT sample, corrosion-protection record, and crash/load evidence accepted before fit-out.","EN 15085 weld pack, welder qualifications, material certificates, dimensional report, NDT report, coating record",rolling-stock QA lead,planned
samawah:SAM-RS-L2-005:qa-10-carbody-structure,samawah,SAM-RS-L2-005,line-2 trainset 005,rolling-stock,line-2,qa-10-carbody-structure,rolling-stock,fabrication,"Dimensional survey, weld traceability, NDT sample, corrosion-protection record, and crash/load evidence accepted before fit-out.","EN 15085 weld pack, welder qualifications, material certificates, dimensional report, NDT report, coating record",rolling-stock QA lead,planned
samawah:SAM-RS-L2-006:qa-10-carbody-structure,samawah,SAM-RS-L2-006,line-2 trainset 006,rolling-stock,line-2,qa-10-carbody-structure,rolling-stock,fabrication,"Dimensional survey, weld traceability, NDT sample, corrosion-protection record, and crash/load evidence accepted before fit-out.","EN 15085 weld pack, welder qualifications, material certificates, dimensional report, NDT report, coating record",rolling-stock QA lead,planned
samawah:SAM-RS-L2-007:qa-10-carbody-structure,samawah,SAM-RS-L2-007,line-2 trainset 007,rolling-stock,line-2,qa-10-carbody-structure,rolling-stock,fabrication,"Dimensional survey, weld traceability, NDT sample, corrosion-protection record, and crash/load evidence accepted before fit-out.","EN 15085 weld pack, welder qualifications, material certificates, dimensional report, NDT report, coating record",rolling-stock QA lead,planned
samawah:SAM-RS-L2-008:qa-10-carbody-structure,samawah,SAM-RS-L2-008,line-2 trainset 008,rolling-stock,line-2,qa-10-carbody-structure,rolling-stock,fabrication,"Dimensional survey, weld traceability, NDT sample, corrosion-protection record, and crash/load evidence accepted before fit-out.","EN 15085 weld pack, welder qualifications, material certificates, dimensional report, NDT report, coating record",rolling-stock QA lead,planned
samawah:SAM-RS-L2-009:qa-10-carbody-structure,samawah,SAM-RS-L2-009,line-2 trainset 009,rolling-stock,line-2,qa-10-carbody-structure,rolling-stock,fabrication,"Dimensional survey, weld traceability, NDT sample, corrosion-protection record, and crash/load evidence accepted before fit-out.","EN 15085 weld pack, welder qualifications, material certificates, dimensional report, NDT report, coating record",rolling-stock QA lead,planned
samawah:SAM-RS-L2-010:qa-10-carbody-structure,samawah,SAM-RS-L2-010,line-2 trainset 010,rolling-stock,line-2,qa-10-carbody-structure,rolling-stock,fabrication,"Dimensional survey, weld traceability, NDT sample, corrosion-protection record, and crash/load evidence accepted before fit-out.","EN 15085 weld pack, welder qualifications, material certificates, dimensional report, NDT report, coating record",rolling-stock QA lead,planned
samawah:SAM-RS-L2-011:qa-10-carbody-structure,samawah,SAM-RS-L2-011,line-2 trainset 011,rolling-stock,line-2,qa-10-carbody-structure,rolling-stock,fabrication,"Dimensional survey, weld traceability, NDT sample, corrosion-protection record, and crash/load evidence accepted before fit-out.","EN 15085 weld pack, welder qualifications, material certificates, dimensional report, NDT report, coating record",rolling-stock QA lead,planned
samawah:SAM-RS-L2-012:qa-10-carbody-structure,samawah,SAM-RS-L2-012,line-2 trainset 012,rolling-stock,line-2,qa-10-carbody-structure,rolling-stock,fabrication,"Dimensional survey, weld traceability, NDT sample, corrosion-protection record, and crash/load evidence accepted before fit-out.","EN 15085 weld pack, welder qualifications, material certificates, dimensional report, NDT report, coating record",rolling-stock QA lead,planned
samawah:SAM-RS-L2-013:qa-10-carbody-structure,samawah,SAM-RS-L2-013,line-2 trainset 013,rolling-stock,line-2,qa-10-carbody-structure,rolling-stock,fabrication,"Dimensional survey, weld traceability, NDT sample, corrosion-protection record, and crash/load evidence accepted before fit-out.","EN 15085 weld pack, welder qualifications, material certificates, dimensional report, NDT report, coating record",rolling-stock QA lead,planned
samawah:SAM-RS-L2-014:qa-10-carbody-structure,samawah,SAM-RS-L2-014,line-2 trainset 014,rolling-stock,line-2,qa-10-carbody-structure,rolling-stock,fabrication,"Dimensional survey, weld traceability, NDT sample, corrosion-protection record, and crash/load evidence accepted before fit-out.","EN 15085 weld pack, welder qualifications, material certificates, dimensional report, NDT report, coating record",rolling-stock QA lead,planned
samawah:SAM-RS-L2-015:qa-10-carbody-structure,samawah,SAM-RS-L2-015,line-2 trainset 015,rolling-stock,line-2,qa-10-carbody-structure,rolling-stock,fabrication,"Dimensional survey, weld traceability, NDT sample, corrosion-protection record, and crash/load evidence accepted before fit-out.","EN 15085 weld pack, welder qualifications, material certificates, dimensional report, NDT report, coating record",rolling-stock QA lead,planned
samawah:SAM-RS-L2-016:qa-10-carbody-structure,samawah,SAM-RS-L2-016,line-2 trainset 016,rolling-stock,line-2,qa-10-carbody-structure,rolling-stock,fabrication,"Dimensional survey, weld traceability, NDT sample, corrosion-protection record, and crash/load evidence accepted before fit-out.","EN 15085 weld pack, welder qualifications, material certificates, dimensional report, NDT report, coating record",rolling-stock QA lead,planned
samawah:SAM-RS-L2-017:qa-10-carbody-structure,samawah,SAM-RS-L2-017,line-2 trainset 017,rolling-stock,line-2,qa-10-carbody-structure,rolling-stock,fabrication,"Dimensional survey, weld traceability, NDT sample, corrosion-protection record, and crash/load evidence accepted before fit-out.","EN 15085 weld pack, welder qualifications, material certificates, dimensional report, NDT report, coating record",rolling-stock QA lead,planned
samawah:SAM-RS-L2-018:qa-10-carbody-structure,samawah,SAM-RS-L2-018,line-2 trainset 018,rolling-stock,line-2,qa-10-carbody-structure,rolling-stock,fabrication,"Dimensional survey, weld traceability, NDT sample, corrosion-protection record, and crash/load evidence accepted before fit-out.","EN 15085 weld pack, welder qualifications, material certificates, dimensional report, NDT report, coating record",rolling-stock QA lead,planned
samawah:SAM-RS-L2-019:qa-10-carbody-structure,samawah,SAM-RS-L2-019,line-2 trainset 019,rolling-stock,line-2,qa-10-carbody-structure,rolling-stock,fabrication,"Dimensional survey, weld traceability, NDT sample, corrosion-protection record, and crash/load evidence accepted before fit-out.","EN 15085 weld pack, welder qualifications, material certificates, dimensional report, NDT report, coating record",rolling-stock QA lead,planned
samawah:SAM-RS-L2-020:qa-10-carbody-structure,samawah,SAM-RS-L2-020,line-2 trainset 020,rolling-stock,line-2,qa-10-carbody-structure,rolling-stock,fabrication,"Dimensional survey, weld traceability, NDT sample, corrosion-protection record, and crash/load evidence accepted before fit-out.","EN 15085 weld pack, welder qualifications, material certificates, dimensional report, NDT report, coating record",rolling-stock QA lead,planned
samawah:SAM-RS-L2-021:qa-10-carbody-structure,samawah,SAM-RS-L2-021,line-2 trainset 021,rolling-stock,line-2,qa-10-carbody-structure,rolling-stock,fabrication,"Dimensional survey, weld traceability, NDT sample, corrosion-protection record, and crash/load evidence accepted before fit-out.","EN 15085 weld pack, welder qualifications, material certificates, dimensional report, NDT report, coating record",rolling-stock QA lead,planned
samawah:SAM-RS-L2-022:qa-10-carbody-structure,samawah,SAM-RS-L2-022,line-2 trainset 022,rolling-stock,line-2,qa-10-carbody-structure,rolling-stock,fabrication,"Dimensional survey, weld traceability, NDT sample, corrosion-protection record, and crash/load evidence accepted before fit-out.","EN 15085 weld pack, welder qualifications, material certificates, dimensional report, NDT report, coating record",rolling-stock QA lead,planned
samawah:SAM-RS-L2-023:qa-10-carbody-structure,samawah,SAM-RS-L2-023,line-2 trainset 023,rolling-stock,line-2,qa-10-carbody-structure,rolling-stock,fabrication,"Dimensional survey, weld traceability, NDT sample, corrosion-protection record, and crash/load evidence accepted before fit-out.","EN 15085 weld pack, welder qualifications, material certificates, dimensional report, NDT report, coating record",rolling-stock QA lead,planned
samawah:SAM-RS-L2-024:qa-10-carbody-structure,samawah,SAM-RS-L2-024,line-2 trainset 024,rolling-stock,line-2,qa-10-carbody-structure,rolling-stock,fabrication,"Dimensional survey, weld traceability, NDT sample, corrosion-protection record, and crash/load evidence accepted before fit-out.","EN 15085 weld pack, welder qualifications, material certificates, dimensional report, NDT report, coating record",rolling-stock QA lead,planned
samawah:SAM-RS-L2-025:qa-10-carbody-structure,samawah,SAM-RS-L2-025,line-2 trainset 025,rolling-stock,line-2,qa-10-carbody-structure,rolling-stock,fabrication,"Dimensional survey, weld traceability, NDT sample, corrosion-protection record, and crash/load evidence accepted before fit-out.","EN 15085 weld pack, welder qualifications, material certificates, dimensional report, NDT report, coating record",rolling-stock QA lead,planned
samawah:SAM-RS-L2-026:qa-10-carbody-structure,samawah,SAM-RS-L2-026,line-2 trainset 026,rolling-stock,line-2,qa-10-carbody-structure,rolling-stock,fabrication,"Dimensional survey, weld traceability, NDT sample, corrosion-protection record, and crash/load evidence accepted before fit-out.","EN 15085 weld pack, welder qualifications, material certificates, dimensional report, NDT report, coating record",rolling-stock QA lead,planned
samawah:SAM-RS-L2-027:qa-10-carbody-structure,samawah,SAM-RS-L2-027,line-2 trainset 027,rolling-stock,line-2,qa-10-carbody-structure,rolling-stock,fabrication,"Dimensional survey, weld traceability, NDT sample, corrosion-protection record, and crash/load evidence accepted before fit-out.","EN 15085 weld pack, welder qualifications, material certificates, dimensional report, NDT report, coating record",rolling-stock QA lead,planned
samawah:SAM-RS-L2-028:qa-10-carbody-structure,samawah,SAM-RS-L2-028,line-2 trainset 028,rolling-stock,line-2,qa-10-carbody-structure,rolling-stock,fabrication,"Dimensional survey, weld traceability, NDT sample, corrosion-protection record, and crash/load evidence accepted before fit-out.","EN 15085 weld pack, welder qualifications, material certificates, dimensional report, NDT report, coating record",rolling-stock QA lead,planned
samawah:SAM-RS-L2-029:qa-10-carbody-structure,samawah,SAM-RS-L2-029,line-2 trainset 029,rolling-stock,line-2,qa-10-carbody-structure,rolling-stock,fabrication,"Dimensional survey, weld traceability, NDT sample, corrosion-protection record, and crash/load evidence accepted before fit-out.","EN 15085 weld pack, welder qualifications, material certificates, dimensional report, NDT report, coating record",rolling-stock QA lead,planned
samawah:SAM-RS-L2-030:qa-10-carbody-structure,samawah,SAM-RS-L2-030,line-2 trainset 030,rolling-stock,line-2,qa-10-carbody-structure,rolling-stock,fabrication,"Dimensional survey, weld traceability, NDT sample, corrosion-protection record, and crash/load evidence accepted before fit-out.","EN 15085 weld pack, welder qualifications, material certificates, dimensional report, NDT report, coating record",rolling-stock QA lead,planned
samawah:SAM-RS-L2-031:qa-10-carbody-structure,samawah,SAM-RS-L2-031,line-2 trainset 031,rolling-stock,line-2,qa-10-carbody-structure,rolling-stock,fabrication,"Dimensional survey, weld traceability, NDT sample, corrosion-protection record, and crash/load evidence accepted before fit-out.","EN 15085 weld pack, welder qualifications, material certificates, dimensional report, NDT report, coating record",rolling-stock QA lead,planned
samawah:SAM-RS-L2-032:qa-10-carbody-structure,samawah,SAM-RS-L2-032,line-2 trainset 032,rolling-stock,line-2,qa-10-carbody-structure,rolling-stock,fabrication,"Dimensional survey, weld traceability, NDT sample, corrosion-protection record, and crash/load evidence accepted before fit-out.","EN 15085 weld pack, welder qualifications, material certificates, dimensional report, NDT report, coating record",rolling-stock QA lead,planned
samawah:SAM-RS-L2-033:qa-10-carbody-structure,samawah,SAM-RS-L2-033,line-2 trainset 033,rolling-stock,line-2,qa-10-carbody-structure,rolling-stock,fabrication,"Dimensional survey, weld traceability, NDT sample, corrosion-protection record, and crash/load evidence accepted before fit-out.","EN 15085 weld pack, welder qualifications, material certificates, dimensional report, NDT report, coating record",rolling-stock QA lead,planned
samawah:SAM-RS-L2-034:qa-10-carbody-structure,samawah,SAM-RS-L2-034,line-2 trainset 034,rolling-stock,line-2,qa-10-carbody-structure,rolling-stock,fabrication,"Dimensional survey, weld traceability, NDT sample, corrosion-protection record, and crash/load evidence accepted before fit-out.","EN 15085 weld pack, welder qualifications, material certificates, dimensional report, NDT report, coating record",rolling-stock QA lead,planned
samawah:SAM-RS-L2-035:qa-10-carbody-structure,samawah,SAM-RS-L2-035,line-2 trainset 035,rolling-stock,line-2,qa-10-carbody-structure,rolling-stock,fabrication,"Dimensional survey, weld traceability, NDT sample, corrosion-protection record, and crash/load evidence accepted before fit-out.","EN 15085 weld pack, welder qualifications, material certificates, dimensional report, NDT report, coating record",rolling-stock QA lead,planned
samawah:SAM-RS-L2-036:qa-10-carbody-structure,samawah,SAM-RS-L2-036,line-2 trainset 036,rolling-stock,line-2,qa-10-carbody-structure,rolling-stock,fabrication,"Dimensional survey, weld traceability, NDT sample, corrosion-protection record, and crash/load evidence accepted before fit-out.","EN 15085 weld pack, welder qualifications, material certificates, dimensional report, NDT report, coating record",rolling-stock QA lead,planned
samawah:SAM-RS-L3-001:qa-10-carbody-structure,samawah,SAM-RS-L3-001,line-3 trainset 001,rolling-stock,line-3,qa-10-carbody-structure,rolling-stock,fabrication,"Dimensional survey, weld traceability, NDT sample, corrosion-protection record, and crash/load evidence accepted before fit-out.","EN 15085 weld pack, welder qualifications, material certificates, dimensional report, NDT report, coating record",rolling-stock QA lead,planned
samawah:SAM-RS-L3-002:qa-10-carbody-structure,samawah,SAM-RS-L3-002,line-3 trainset 002,rolling-stock,line-3,qa-10-carbody-structure,rolling-stock,fabrication,"Dimensional survey, weld traceability, NDT sample, corrosion-protection record, and crash/load evidence accepted before fit-out.","EN 15085 weld pack, welder qualifications, material certificates, dimensional report, NDT report, coating record",rolling-stock QA lead,planned
samawah:SAM-RS-L3-003:qa-10-carbody-structure,samawah,SAM-RS-L3-003,line-3 trainset 003,rolling-stock,line-3,qa-10-carbody-structure,rolling-stock,fabrication,"Dimensional survey, weld traceability, NDT sample, corrosion-protection record, and crash/load evidence accepted before fit-out.","EN 15085 weld pack, welder qualifications, material certificates, dimensional report, NDT report, coating record",rolling-stock QA lead,planned
samawah:SAM-RS-L3-004:qa-10-carbody-structure,samawah,SAM-RS-L3-004,line-3 trainset 004,rolling-stock,line-3,qa-10-carbody-structure,rolling-stock,fabrication,"Dimensional survey, weld traceability, NDT sample, corrosion-protection record, and crash/load evidence accepted before fit-out.","EN 15085 weld pack, welder qualifications, material certificates, dimensional report, NDT report, coating record",rolling-stock QA lead,planned
samawah:SAM-RS-L3-005:qa-10-carbody-structure,samawah,SAM-RS-L3-005,line-3 trainset 005,rolling-stock,line-3,qa-10-carbody-structure,rolling-stock,fabrication,"Dimensional survey, weld traceability, NDT sample, corrosion-protection record, and crash/load evidence accepted before fit-out.","EN 15085 weld pack, welder qualifications, material certificates, dimensional report, NDT report, coating record",rolling-stock QA lead,planned
samawah:SAM-RS-L3-006:qa-10-carbody-structure,samawah,SAM-RS-L3-006,line-3 trainset 006,rolling-stock,line-3,qa-10-carbody-structure,rolling-stock,fabrication,"Dimensional survey, weld traceability, NDT sample, corrosion-protection record, and crash/load evidence accepted before fit-out.","EN 15085 weld pack, welder qualifications, material certificates, dimensional report, NDT report, coating record",rolling-stock QA lead,planned
samawah:SAM-RS-L3-007:qa-10-carbody-structure,samawah,SAM-RS-L3-007,line-3 trainset 007,rolling-stock,line-3,qa-10-carbody-structure,rolling-stock,fabrication,"Dimensional survey, weld traceability, NDT sample, corrosion-protection record, and crash/load evidence accepted before fit-out.","EN 15085 weld pack, welder qualifications, material certificates, dimensional report, NDT report, coating record",rolling-stock QA lead,planned
samawah:SAM-RS-L3-008:qa-10-carbody-structure,samawah,SAM-RS-L3-008,line-3 trainset 008,rolling-stock,line-3,qa-10-carbody-structure,rolling-stock,fabrication,"Dimensional survey, weld traceability, NDT sample, corrosion-protection record, and crash/load evidence accepted before fit-out.","EN 15085 weld pack, welder qualifications, material certificates, dimensional report, NDT report, coating record",rolling-stock QA lead,planned
samawah:SAM-RS-L3-009:qa-10-carbody-structure,samawah,SAM-RS-L3-009,line-3 trainset 009,rolling-stock,line-3,qa-10-carbody-structure,rolling-stock,fabrication,"Dimensional survey, weld traceability, NDT sample, corrosion-protection record, and crash/load evidence accepted before fit-out.","EN 15085 weld pack, welder qualifications, material certificates, dimensional report, NDT report, coating record",rolling-stock QA lead,planned
samawah:SAM-RS-L3-010:qa-10-carbody-structure,samawah,SAM-RS-L3-010,line-3 trainset 010,rolling-stock,line-3,qa-10-carbody-structure,rolling-stock,fabrication,"Dimensional survey, weld traceability, NDT sample, corrosion-protection record, and crash/load evidence accepted before fit-out.","EN 15085 weld pack, welder qualifications, material certificates, dimensional report, NDT report, coating record",rolling-stock QA lead,planned
samawah:SAM-RS-L3-011:qa-10-carbody-structure,samawah,SAM-RS-L3-011,line-3 trainset 011,rolling-stock,line-3,qa-10-carbody-structure,rolling-stock,fabrication,"Dimensional survey, weld traceability, NDT sample, corrosion-protection record, and crash/load evidence accepted before fit-out.","EN 15085 weld pack, welder qualifications, material certificates, dimensional report, NDT report, coating record",rolling-stock QA lead,planned
samawah:SAM-RS-L3-012:qa-10-carbody-structure,samawah,SAM-RS-L3-012,line-3 trainset 012,rolling-stock,line-3,qa-10-carbody-structure,rolling-stock,fabrication,"Dimensional survey, weld traceability, NDT sample, corrosion-protection record, and crash/load evidence accepted before fit-out.","EN 15085 weld pack, welder qualifications, material certificates, dimensional report, NDT report, coating record",rolling-stock QA lead,planned
samawah:SAM-RS-L3-013:qa-10-carbody-structure,samawah,SAM-RS-L3-013,line-3 trainset 013,rolling-stock,line-3,qa-10-carbody-structure,rolling-stock,fabrication,"Dimensional survey, weld traceability, NDT sample, corrosion-protection record, and crash/load evidence accepted before fit-out.","EN 15085 weld pack, welder qualifications, material certificates, dimensional report, NDT report, coating record",rolling-stock QA lead,planned
samawah:SAM-RS-L3-014:qa-10-carbody-structure,samawah,SAM-RS-L3-014,line-3 trainset 014,rolling-stock,line-3,qa-10-carbody-structure,rolling-stock,fabrication,"Dimensional survey, weld traceability, NDT sample, corrosion-protection record, and crash/load evidence accepted before fit-out.","EN 15085 weld pack, welder qualifications, material certificates, dimensional report, NDT report, coating record",rolling-stock QA lead,planned
samawah:SAM-RS-L3-015:qa-10-carbody-structure,samawah,SAM-RS-L3-015,line-3 trainset 015,rolling-stock,line-3,qa-10-carbody-structure,rolling-stock,fabrication,"Dimensional survey, weld traceability, NDT sample, corrosion-protection record, and crash/load evidence accepted before fit-out.","EN 15085 weld pack, welder qualifications, material certificates, dimensional report, NDT report, coating record",rolling-stock QA lead,planned
samawah:SAM-RS-L3-016:qa-10-carbody-structure,samawah,SAM-RS-L3-016,line-3 trainset 016,rolling-stock,line-3,qa-10-carbody-structure,rolling-stock,fabrication,"Dimensional survey, weld traceability, NDT sample, corrosion-protection record, and crash/load evidence accepted before fit-out.","EN 15085 weld pack, welder qualifications, material certificates, dimensional report, NDT report, coating record",rolling-stock QA lead,planned
samawah:SAM-RS-L3-017:qa-10-carbody-structure,samawah,SAM-RS-L3-017,line-3 trainset 017,rolling-stock,line-3,qa-10-carbody-structure,rolling-stock,fabrication,"Dimensional survey, weld traceability, NDT sample, corrosion-protection record, and crash/load evidence accepted before fit-out.","EN 15085 weld pack, welder qualifications, material certificates, dimensional report, NDT report, coating record",rolling-stock QA lead,planned
samawah:SAM-RS-L3-018:qa-10-carbody-structure,samawah,SAM-RS-L3-018,line-3 trainset 018,rolling-stock,line-3,qa-10-carbody-structure,rolling-stock,fabrication,"Dimensional survey, weld traceability, NDT sample, corrosion-protection record, and crash/load evidence accepted before fit-out.","EN 15085 weld pack, welder qualifications, material certificates, dimensional report, NDT report, coating record",rolling-stock QA lead,planned
samawah:SAM-RS-L3-019:qa-10-carbody-structure,samawah,SAM-RS-L3-019,line-3 trainset 019,rolling-stock,line-3,qa-10-carbody-structure,rolling-stock,fabrication,"Dimensional survey, weld traceability, NDT sample, corrosion-protection record, and crash/load evidence accepted before fit-out.","EN 15085 weld pack, welder qualifications, material certificates, dimensional report, NDT report, coating record",rolling-stock QA lead,planned
samawah:SAM-RS-L1-001:qa-11-bogie-wheelset,samawah,SAM-RS-L1-001,line-1 trainset 001,rolling-stock,line-1,qa-11-bogie-wheelset,rolling-stock,subassembly,"Bogie frame, wheelset, bearing, brake, and suspension records accepted before bogie marriage.","bogie frame NDT, wheel profile and axle UT/MT, bearing certificate, brake static test, torque/fastener log",mechanical acceptance engineer,planned
samawah:SAM-RS-L1-002:qa-11-bogie-wheelset,samawah,SAM-RS-L1-002,line-1 trainset 002,rolling-stock,line-1,qa-11-bogie-wheelset,rolling-stock,subassembly,"Bogie frame, wheelset, bearing, brake, and suspension records accepted before bogie marriage.","bogie frame NDT, wheel profile and axle UT/MT, bearing certificate, brake static test, torque/fastener log",mechanical acceptance engineer,planned
samawah:SAM-RS-L1-003:qa-11-bogie-wheelset,samawah,SAM-RS-L1-003,line-1 trainset 003,rolling-stock,line-1,qa-11-bogie-wheelset,rolling-stock,subassembly,"Bogie frame, wheelset, bearing, brake, and suspension records accepted before bogie marriage.","bogie frame NDT, wheel profile and axle UT/MT, bearing certificate, brake static test, torque/fastener log",mechanical acceptance engineer,planned
samawah:SAM-RS-L1-004:qa-11-bogie-wheelset,samawah,SAM-RS-L1-004,line-1 trainset 004,rolling-stock,line-1,qa-11-bogie-wheelset,rolling-stock,subassembly,"Bogie frame, wheelset, bearing, brake, and suspension records accepted before bogie marriage.","bogie frame NDT, wheel profile and axle UT/MT, bearing certificate, brake static test, torque/fastener log",mechanical acceptance engineer,planned
samawah:SAM-RS-L1-005:qa-11-bogie-wheelset,samawah,SAM-RS-L1-005,line-1 trainset 005,rolling-stock,line-1,qa-11-bogie-wheelset,rolling-stock,subassembly,"Bogie frame, wheelset, bearing, brake, and suspension records accepted before bogie marriage.","bogie frame NDT, wheel profile and axle UT/MT, bearing certificate, brake static test, torque/fastener log",mechanical acceptance engineer,planned
samawah:SAM-RS-L1-006:qa-11-bogie-wheelset,samawah,SAM-RS-L1-006,line-1 trainset 006,rolling-stock,line-1,qa-11-bogie-wheelset,rolling-stock,subassembly,"Bogie frame, wheelset, bearing, brake, and suspension records accepted before bogie marriage.","bogie frame NDT, wheel profile and axle UT/MT, bearing certificate, brake static test, torque/fastener log",mechanical acceptance engineer,planned
samawah:SAM-RS-L1-007:qa-11-bogie-wheelset,samawah,SAM-RS-L1-007,line-1 trainset 007,rolling-stock,line-1,qa-11-bogie-wheelset,rolling-stock,subassembly,"Bogie frame, wheelset, bearing, brake, and suspension records accepted before bogie marriage.","bogie frame NDT, wheel profile and axle UT/MT, bearing certificate, brake static test, torque/fastener log",mechanical acceptance engineer,planned
samawah:SAM-RS-L1-008:qa-11-bogie-wheelset,samawah,SAM-RS-L1-008,line-1 trainset 008,rolling-stock,line-1,qa-11-bogie-wheelset,rolling-stock,subassembly,"Bogie frame, wheelset, bearing, brake, and suspension records accepted before bogie marriage.","bogie frame NDT, wheel profile and axle UT/MT, bearing certificate, brake static test, torque/fastener log",mechanical acceptance engineer,planned
samawah:SAM-RS-L1-009:qa-11-bogie-wheelset,samawah,SAM-RS-L1-009,line-1 trainset 009,rolling-stock,line-1,qa-11-bogie-wheelset,rolling-stock,subassembly,"Bogie frame, wheelset, bearing, brake, and suspension records accepted before bogie marriage.","bogie frame NDT, wheel profile and axle UT/MT, bearing certificate, brake static test, torque/fastener log",mechanical acceptance engineer,planned
samawah:SAM-RS-L1-010:qa-11-bogie-wheelset,samawah,SAM-RS-L1-010,line-1 trainset 010,rolling-stock,line-1,qa-11-bogie-wheelset,rolling-stock,subassembly,"Bogie frame, wheelset, bearing, brake, and suspension records accepted before bogie marriage.","bogie frame NDT, wheel profile and axle UT/MT, bearing certificate, brake static test, torque/fastener log",mechanical acceptance engineer,planned
samawah:SAM-RS-L1-011:qa-11-bogie-wheelset,samawah,SAM-RS-L1-011,line-1 trainset 011,rolling-stock,line-1,qa-11-bogie-wheelset,rolling-stock,subassembly,"Bogie frame, wheelset, bearing, brake, and suspension records accepted before bogie marriage.","bogie frame NDT, wheel profile and axle UT/MT, bearing certificate, brake static test, torque/fastener log",mechanical acceptance engineer,planned
samawah:SAM-RS-L1-012:qa-11-bogie-wheelset,samawah,SAM-RS-L1-012,line-1 trainset 012,rolling-stock,line-1,qa-11-bogie-wheelset,rolling-stock,subassembly,"Bogie frame, wheelset, bearing, brake, and suspension records accepted before bogie marriage.","bogie frame NDT, wheel profile and axle UT/MT, bearing certificate, brake static test, torque/fastener log",mechanical acceptance engineer,planned
samawah:SAM-RS-L1-013:qa-11-bogie-wheelset,samawah,SAM-RS-L1-013,line-1 trainset 013,rolling-stock,line-1,qa-11-bogie-wheelset,rolling-stock,subassembly,"Bogie frame, wheelset, bearing, brake, and suspension records accepted before bogie marriage.","bogie frame NDT, wheel profile and axle UT/MT, bearing certificate, brake static test, torque/fastener log",mechanical acceptance engineer,planned
samawah:SAM-RS-L1-014:qa-11-bogie-wheelset,samawah,SAM-RS-L1-014,line-1 trainset 014,rolling-stock,line-1,qa-11-bogie-wheelset,rolling-stock,subassembly,"Bogie frame, wheelset, bearing, brake, and suspension records accepted before bogie marriage.","bogie frame NDT, wheel profile and axle UT/MT, bearing certificate, brake static test, torque/fastener log",mechanical acceptance engineer,planned
samawah:SAM-RS-L1-015:qa-11-bogie-wheelset,samawah,SAM-RS-L1-015,line-1 trainset 015,rolling-stock,line-1,qa-11-bogie-wheelset,rolling-stock,subassembly,"Bogie frame, wheelset, bearing, brake, and suspension records accepted before bogie marriage.","bogie frame NDT, wheel profile and axle UT/MT, bearing certificate, brake static test, torque/fastener log",mechanical acceptance engineer,planned
samawah:SAM-RS-L1-016:qa-11-bogie-wheelset,samawah,SAM-RS-L1-016,line-1 trainset 016,rolling-stock,line-1,qa-11-bogie-wheelset,rolling-stock,subassembly,"Bogie frame, wheelset, bearing, brake, and suspension records accepted before bogie marriage.","bogie frame NDT, wheel profile and axle UT/MT, bearing certificate, brake static test, torque/fastener log",mechanical acceptance engineer,planned
samawah:SAM-RS-L1-017:qa-11-bogie-wheelset,samawah,SAM-RS-L1-017,line-1 trainset 017,rolling-stock,line-1,qa-11-bogie-wheelset,rolling-stock,subassembly,"Bogie frame, wheelset, bearing, brake, and suspension records accepted before bogie marriage.","bogie frame NDT, wheel profile and axle UT/MT, bearing certificate, brake static test, torque/fastener log",mechanical acceptance engineer,planned
samawah:SAM-RS-L1-018:qa-11-bogie-wheelset,samawah,SAM-RS-L1-018,line-1 trainset 018,rolling-stock,line-1,qa-11-bogie-wheelset,rolling-stock,subassembly,"Bogie frame, wheelset, bearing, brake, and suspension records accepted before bogie marriage.","bogie frame NDT, wheel profile and axle UT/MT, bearing certificate, brake static test, torque/fastener log",mechanical acceptance engineer,planned
samawah:SAM-RS-L1-019:qa-11-bogie-wheelset,samawah,SAM-RS-L1-019,line-1 trainset 019,rolling-stock,line-1,qa-11-bogie-wheelset,rolling-stock,subassembly,"Bogie frame, wheelset, bearing, brake, and suspension records accepted before bogie marriage.","bogie frame NDT, wheel profile and axle UT/MT, bearing certificate, brake static test, torque/fastener log",mechanical acceptance engineer,planned
samawah:SAM-RS-L1-020:qa-11-bogie-wheelset,samawah,SAM-RS-L1-020,line-1 trainset 020,rolling-stock,line-1,qa-11-bogie-wheelset,rolling-stock,subassembly,"Bogie frame, wheelset, bearing, brake, and suspension records accepted before bogie marriage.","bogie frame NDT, wheel profile and axle UT/MT, bearing certificate, brake static test, torque/fastener log",mechanical acceptance engineer,planned
samawah:SAM-RS-L1-021:qa-11-bogie-wheelset,samawah,SAM-RS-L1-021,line-1 trainset 021,rolling-stock,line-1,qa-11-bogie-wheelset,rolling-stock,subassembly,"Bogie frame, wheelset, bearing, brake, and suspension records accepted before bogie marriage.","bogie frame NDT, wheel profile and axle UT/MT, bearing certificate, brake static test, torque/fastener log",mechanical acceptance engineer,planned
samawah:SAM-RS-L1-022:qa-11-bogie-wheelset,samawah,SAM-RS-L1-022,line-1 trainset 022,rolling-stock,line-1,qa-11-bogie-wheelset,rolling-stock,subassembly,"Bogie frame, wheelset, bearing, brake, and suspension records accepted before bogie marriage.","bogie frame NDT, wheel profile and axle UT/MT, bearing certificate, brake static test, torque/fastener log",mechanical acceptance engineer,planned
samawah:SAM-RS-L1-023:qa-11-bogie-wheelset,samawah,SAM-RS-L1-023,line-1 trainset 023,rolling-stock,line-1,qa-11-bogie-wheelset,rolling-stock,subassembly,"Bogie frame, wheelset, bearing, brake, and suspension records accepted before bogie marriage.","bogie frame NDT, wheel profile and axle UT/MT, bearing certificate, brake static test, torque/fastener log",mechanical acceptance engineer,planned
samawah:SAM-RS-L1-024:qa-11-bogie-wheelset,samawah,SAM-RS-L1-024,line-1 trainset 024,rolling-stock,line-1,qa-11-bogie-wheelset,rolling-stock,subassembly,"Bogie frame, wheelset, bearing, brake, and suspension records accepted before bogie marriage.","bogie frame NDT, wheel profile and axle UT/MT, bearing certificate, brake static test, torque/fastener log",mechanical acceptance engineer,planned
samawah:SAM-RS-L1-025:qa-11-bogie-wheelset,samawah,SAM-RS-L1-025,line-1 trainset 025,rolling-stock,line-1,qa-11-bogie-wheelset,rolling-stock,subassembly,"Bogie frame, wheelset, bearing, brake, and suspension records accepted before bogie marriage.","bogie frame NDT, wheel profile and axle UT/MT, bearing certificate, brake static test, torque/fastener log",mechanical acceptance engineer,planned
samawah:SAM-RS-L1-026:qa-11-bogie-wheelset,samawah,SAM-RS-L1-026,line-1 trainset 026,rolling-stock,line-1,qa-11-bogie-wheelset,rolling-stock,subassembly,"Bogie frame, wheelset, bearing, brake, and suspension records accepted before bogie marriage.","bogie frame NDT, wheel profile and axle UT/MT, bearing certificate, brake static test, torque/fastener log",mechanical acceptance engineer,planned
samawah:SAM-RS-L1-027:qa-11-bogie-wheelset,samawah,SAM-RS-L1-027,line-1 trainset 027,rolling-stock,line-1,qa-11-bogie-wheelset,rolling-stock,subassembly,"Bogie frame, wheelset, bearing, brake, and suspension records accepted before bogie marriage.","bogie frame NDT, wheel profile and axle UT/MT, bearing certificate, brake static test, torque/fastener log",mechanical acceptance engineer,planned
samawah:SAM-RS-L1-028:qa-11-bogie-wheelset,samawah,SAM-RS-L1-028,line-1 trainset 028,rolling-stock,line-1,qa-11-bogie-wheelset,rolling-stock,subassembly,"Bogie frame, wheelset, bearing, brake, and suspension records accepted before bogie marriage.","bogie frame NDT, wheel profile and axle UT/MT, bearing certificate, brake static test, torque/fastener log",mechanical acceptance engineer,planned
samawah:SAM-RS-L1-029:qa-11-bogie-wheelset,samawah,SAM-RS-L1-029,line-1 trainset 029,rolling-stock,line-1,qa-11-bogie-wheelset,rolling-stock,subassembly,"Bogie frame, wheelset, bearing, brake, and suspension records accepted before bogie marriage.","bogie frame NDT, wheel profile and axle UT/MT, bearing certificate, brake static test, torque/fastener log",mechanical acceptance engineer,planned
samawah:SAM-RS-L1-030:qa-11-bogie-wheelset,samawah,SAM-RS-L1-030,line-1 trainset 030,rolling-stock,line-1,qa-11-bogie-wheelset,rolling-stock,subassembly,"Bogie frame, wheelset, bearing, brake, and suspension records accepted before bogie marriage.","bogie frame NDT, wheel profile and axle UT/MT, bearing certificate, brake static test, torque/fastener log",mechanical acceptance engineer,planned
samawah:SAM-RS-L1-031:qa-11-bogie-wheelset,samawah,SAM-RS-L1-031,line-1 trainset 031,rolling-stock,line-1,qa-11-bogie-wheelset,rolling-stock,subassembly,"Bogie frame, wheelset, bearing, brake, and suspension records accepted before bogie marriage.","bogie frame NDT, wheel profile and axle UT/MT, bearing certificate, brake static test, torque/fastener log",mechanical acceptance engineer,planned
samawah:SAM-RS-L1-032:qa-11-bogie-wheelset,samawah,SAM-RS-L1-032,line-1 trainset 032,rolling-stock,line-1,qa-11-bogie-wheelset,rolling-stock,subassembly,"Bogie frame, wheelset, bearing, brake, and suspension records accepted before bogie marriage.","bogie frame NDT, wheel profile and axle UT/MT, bearing certificate, brake static test, torque/fastener log",mechanical acceptance engineer,planned
samawah:SAM-RS-L1-033:qa-11-bogie-wheelset,samawah,SAM-RS-L1-033,line-1 trainset 033,rolling-stock,line-1,qa-11-bogie-wheelset,rolling-stock,subassembly,"Bogie frame, wheelset, bearing, brake, and suspension records accepted before bogie marriage.","bogie frame NDT, wheel profile and axle UT/MT, bearing certificate, brake static test, torque/fastener log",mechanical acceptance engineer,planned
samawah:SAM-RS-L1-034:qa-11-bogie-wheelset,samawah,SAM-RS-L1-034,line-1 trainset 034,rolling-stock,line-1,qa-11-bogie-wheelset,rolling-stock,subassembly,"Bogie frame, wheelset, bearing, brake, and suspension records accepted before bogie marriage.","bogie frame NDT, wheel profile and axle UT/MT, bearing certificate, brake static test, torque/fastener log",mechanical acceptance engineer,planned
samawah:SAM-RS-L1-035:qa-11-bogie-wheelset,samawah,SAM-RS-L1-035,line-1 trainset 035,rolling-stock,line-1,qa-11-bogie-wheelset,rolling-stock,subassembly,"Bogie frame, wheelset, bearing, brake, and suspension records accepted before bogie marriage.","bogie frame NDT, wheel profile and axle UT/MT, bearing certificate, brake static test, torque/fastener log",mechanical acceptance engineer,planned
samawah:SAM-RS-L1-036:qa-11-bogie-wheelset,samawah,SAM-RS-L1-036,line-1 trainset 036,rolling-stock,line-1,qa-11-bogie-wheelset,rolling-stock,subassembly,"Bogie frame, wheelset, bearing, brake, and suspension records accepted before bogie marriage.","bogie frame NDT, wheel profile and axle UT/MT, bearing certificate, brake static test, torque/fastener log",mechanical acceptance engineer,planned
samawah:SAM-RS-L1-037:qa-11-bogie-wheelset,samawah,SAM-RS-L1-037,line-1 trainset 037,rolling-stock,line-1,qa-11-bogie-wheelset,rolling-stock,subassembly,"Bogie frame, wheelset, bearing, brake, and suspension records accepted before bogie marriage.","bogie frame NDT, wheel profile and axle UT/MT, bearing certificate, brake static test, torque/fastener log",mechanical acceptance engineer,planned
samawah:SAM-RS-L1-038:qa-11-bogie-wheelset,samawah,SAM-RS-L1-038,line-1 trainset 038,rolling-stock,line-1,qa-11-bogie-wheelset,rolling-stock,subassembly,"Bogie frame, wheelset, bearing, brake, and suspension records accepted before bogie marriage.","bogie frame NDT, wheel profile and axle UT/MT, bearing certificate, brake static test, torque/fastener log",mechanical acceptance engineer,planned
samawah:SAM-RS-L1-039:qa-11-bogie-wheelset,samawah,SAM-RS-L1-039,line-1 trainset 039,rolling-stock,line-1,qa-11-bogie-wheelset,rolling-stock,subassembly,"Bogie frame, wheelset, bearing, brake, and suspension records accepted before bogie marriage.","bogie frame NDT, wheel profile and axle UT/MT, bearing certificate, brake static test, torque/fastener log",mechanical acceptance engineer,planned
samawah:SAM-RS-L1-040:qa-11-bogie-wheelset,samawah,SAM-RS-L1-040,line-1 trainset 040,rolling-stock,line-1,qa-11-bogie-wheelset,rolling-stock,subassembly,"Bogie frame, wheelset, bearing, brake, and suspension records accepted before bogie marriage.","bogie frame NDT, wheel profile and axle UT/MT, bearing certificate, brake static test, torque/fastener log",mechanical acceptance engineer,planned
samawah:SAM-RS-L1-041:qa-11-bogie-wheelset,samawah,SAM-RS-L1-041,line-1 trainset 041,rolling-stock,line-1,qa-11-bogie-wheelset,rolling-stock,subassembly,"Bogie frame, wheelset, bearing, brake, and suspension records accepted before bogie marriage.","bogie frame NDT, wheel profile and axle UT/MT, bearing certificate, brake static test, torque/fastener log",mechanical acceptance engineer,planned
samawah:SAM-RS-L2-001:qa-11-bogie-wheelset,samawah,SAM-RS-L2-001,line-2 trainset 001,rolling-stock,line-2,qa-11-bogie-wheelset,rolling-stock,subassembly,"Bogie frame, wheelset, bearing, brake, and suspension records accepted before bogie marriage.","bogie frame NDT, wheel profile and axle UT/MT, bearing certificate, brake static test, torque/fastener log",mechanical acceptance engineer,planned
samawah:SAM-RS-L2-002:qa-11-bogie-wheelset,samawah,SAM-RS-L2-002,line-2 trainset 002,rolling-stock,line-2,qa-11-bogie-wheelset,rolling-stock,subassembly,"Bogie frame, wheelset, bearing, brake, and suspension records accepted before bogie marriage.","bogie frame NDT, wheel profile and axle UT/MT, bearing certificate, brake static test, torque/fastener log",mechanical acceptance engineer,planned
samawah:SAM-RS-L2-003:qa-11-bogie-wheelset,samawah,SAM-RS-L2-003,line-2 trainset 003,rolling-stock,line-2,qa-11-bogie-wheelset,rolling-stock,subassembly,"Bogie frame, wheelset, bearing, brake, and suspension records accepted before bogie marriage.","bogie frame NDT, wheel profile and axle UT/MT, bearing certificate, brake static test, torque/fastener log",mechanical acceptance engineer,planned
samawah:SAM-RS-L2-004:qa-11-bogie-wheelset,samawah,SAM-RS-L2-004,line-2 trainset 004,rolling-stock,line-2,qa-11-bogie-wheelset,rolling-stock,subassembly,"Bogie frame, wheelset, bearing, brake, and suspension records accepted before bogie marriage.","bogie frame NDT, wheel profile and axle UT/MT, bearing certificate, brake static test, torque/fastener log",mechanical acceptance engineer,planned
samawah:SAM-RS-L2-005:qa-11-bogie-wheelset,samawah,SAM-RS-L2-005,line-2 trainset 005,rolling-stock,line-2,qa-11-bogie-wheelset,rolling-stock,subassembly,"Bogie frame, wheelset, bearing, brake, and suspension records accepted before bogie marriage.","bogie frame NDT, wheel profile and axle UT/MT, bearing certificate, brake static test, torque/fastener log",mechanical acceptance engineer,planned
samawah:SAM-RS-L2-006:qa-11-bogie-wheelset,samawah,SAM-RS-L2-006,line-2 trainset 006,rolling-stock,line-2,qa-11-bogie-wheelset,rolling-stock,subassembly,"Bogie frame, wheelset, bearing, brake, and suspension records accepted before bogie marriage.","bogie frame NDT, wheel profile and axle UT/MT, bearing certificate, brake static test, torque/fastener log",mechanical acceptance engineer,planned
samawah:SAM-RS-L2-007:qa-11-bogie-wheelset,samawah,SAM-RS-L2-007,line-2 trainset 007,rolling-stock,line-2,qa-11-bogie-wheelset,rolling-stock,subassembly,"Bogie frame, wheelset, bearing, brake, and suspension records accepted before bogie marriage.","bogie frame NDT, wheel profile and axle UT/MT, bearing certificate, brake static test, torque/fastener log",mechanical acceptance engineer,planned
samawah:SAM-RS-L2-008:qa-11-bogie-wheelset,samawah,SAM-RS-L2-008,line-2 trainset 008,rolling-stock,line-2,qa-11-bogie-wheelset,rolling-stock,subassembly,"Bogie frame, wheelset, bearing, brake, and suspension records accepted before bogie marriage.","bogie frame NDT, wheel profile and axle UT/MT, bearing certificate, brake static test, torque/fastener log",mechanical acceptance engineer,planned
samawah:SAM-RS-L2-009:qa-11-bogie-wheelset,samawah,SAM-RS-L2-009,line-2 trainset 009,rolling-stock,line-2,qa-11-bogie-wheelset,rolling-stock,subassembly,"Bogie frame, wheelset, bearing, brake, and suspension records accepted before bogie marriage.","bogie frame NDT, wheel profile and axle UT/MT, bearing certificate, brake static test, torque/fastener log",mechanical acceptance engineer,planned
samawah:SAM-RS-L2-010:qa-11-bogie-wheelset,samawah,SAM-RS-L2-010,line-2 trainset 010,rolling-stock,line-2,qa-11-bogie-wheelset,rolling-stock,subassembly,"Bogie frame, wheelset, bearing, brake, and suspension records accepted before bogie marriage.","bogie frame NDT, wheel profile and axle UT/MT, bearing certificate, brake static test, torque/fastener log",mechanical acceptance engineer,planned
samawah:SAM-RS-L2-011:qa-11-bogie-wheelset,samawah,SAM-RS-L2-011,line-2 trainset 011,rolling-stock,line-2,qa-11-bogie-wheelset,rolling-stock,subassembly,"Bogie frame, wheelset, bearing, brake, and suspension records accepted before bogie marriage.","bogie frame NDT, wheel profile and axle UT/MT, bearing certificate, brake static test, torque/fastener log",mechanical acceptance engineer,planned
samawah:SAM-RS-L2-012:qa-11-bogie-wheelset,samawah,SAM-RS-L2-012,line-2 trainset 012,rolling-stock,line-2,qa-11-bogie-wheelset,rolling-stock,subassembly,"Bogie frame, wheelset, bearing, brake, and suspension records accepted before bogie marriage.","bogie frame NDT, wheel profile and axle UT/MT, bearing certificate, brake static test, torque/fastener log",mechanical acceptance engineer,planned
samawah:SAM-RS-L2-013:qa-11-bogie-wheelset,samawah,SAM-RS-L2-013,line-2 trainset 013,rolling-stock,line-2,qa-11-bogie-wheelset,rolling-stock,subassembly,"Bogie frame, wheelset, bearing, brake, and suspension records accepted before bogie marriage.","bogie frame NDT, wheel profile and axle UT/MT, bearing certificate, brake static test, torque/fastener log",mechanical acceptance engineer,planned
samawah:SAM-RS-L2-014:qa-11-bogie-wheelset,samawah,SAM-RS-L2-014,line-2 trainset 014,rolling-stock,line-2,qa-11-bogie-wheelset,rolling-stock,subassembly,"Bogie frame, wheelset, bearing, brake, and suspension records accepted before bogie marriage.","bogie frame NDT, wheel profile and axle UT/MT, bearing certificate, brake static test, torque/fastener log",mechanical acceptance engineer,planned
samawah:SAM-RS-L2-015:qa-11-bogie-wheelset,samawah,SAM-RS-L2-015,line-2 trainset 015,rolling-stock,line-2,qa-11-bogie-wheelset,rolling-stock,subassembly,"Bogie frame, wheelset, bearing, brake, and suspension records accepted before bogie marriage.","bogie frame NDT, wheel profile and axle UT/MT, bearing certificate, brake static test, torque/fastener log",mechanical acceptance engineer,planned
samawah:SAM-RS-L2-016:qa-11-bogie-wheelset,samawah,SAM-RS-L2-016,line-2 trainset 016,rolling-stock,line-2,qa-11-bogie-wheelset,rolling-stock,subassembly,"Bogie frame, wheelset, bearing, brake, and suspension records accepted before bogie marriage.","bogie frame NDT, wheel profile and axle UT/MT, bearing certificate, brake static test, torque/fastener log",mechanical acceptance engineer,planned
samawah:SAM-RS-L2-017:qa-11-bogie-wheelset,samawah,SAM-RS-L2-017,line-2 trainset 017,rolling-stock,line-2,qa-11-bogie-wheelset,rolling-stock,subassembly,"Bogie frame, wheelset, bearing, brake, and suspension records accepted before bogie marriage.","bogie frame NDT, wheel profile and axle UT/MT, bearing certificate, brake static test, torque/fastener log",mechanical acceptance engineer,planned
samawah:SAM-RS-L2-018:qa-11-bogie-wheelset,samawah,SAM-RS-L2-018,line-2 trainset 018,rolling-stock,line-2,qa-11-bogie-wheelset,rolling-stock,subassembly,"Bogie frame, wheelset, bearing, brake, and suspension records accepted before bogie marriage.","bogie frame NDT, wheel profile and axle UT/MT, bearing certificate, brake static test, torque/fastener log",mechanical acceptance engineer,planned
samawah:SAM-RS-L2-019:qa-11-bogie-wheelset,samawah,SAM-RS-L2-019,line-2 trainset 019,rolling-stock,line-2,qa-11-bogie-wheelset,rolling-stock,subassembly,"Bogie frame, wheelset, bearing, brake, and suspension records accepted before bogie marriage.","bogie frame NDT, wheel profile and axle UT/MT, bearing certificate, brake static test, torque/fastener log",mechanical acceptance engineer,planned
samawah:SAM-RS-L2-020:qa-11-bogie-wheelset,samawah,SAM-RS-L2-020,line-2 trainset 020,rolling-stock,line-2,qa-11-bogie-wheelset,rolling-stock,subassembly,"Bogie frame, wheelset, bearing, brake, and suspension records accepted before bogie marriage.","bogie frame NDT, wheel profile and axle UT/MT, bearing certificate, brake static test, torque/fastener log",mechanical acceptance engineer,planned
samawah:SAM-RS-L2-021:qa-11-bogie-wheelset,samawah,SAM-RS-L2-021,line-2 trainset 021,rolling-stock,line-2,qa-11-bogie-wheelset,rolling-stock,subassembly,"Bogie frame, wheelset, bearing, brake, and suspension records accepted before bogie marriage.","bogie frame NDT, wheel profile and axle UT/MT, bearing certificate, brake static test, torque/fastener log",mechanical acceptance engineer,planned
samawah:SAM-RS-L2-022:qa-11-bogie-wheelset,samawah,SAM-RS-L2-022,line-2 trainset 022,rolling-stock,line-2,qa-11-bogie-wheelset,rolling-stock,subassembly,"Bogie frame, wheelset, bearing, brake, and suspension records accepted before bogie marriage.","bogie frame NDT, wheel profile and axle UT/MT, bearing certificate, brake static test, torque/fastener log",mechanical acceptance engineer,planned
samawah:SAM-RS-L2-023:qa-11-bogie-wheelset,samawah,SAM-RS-L2-023,line-2 trainset 023,rolling-stock,line-2,qa-11-bogie-wheelset,rolling-stock,subassembly,"Bogie frame, wheelset, bearing, brake, and suspension records accepted before bogie marriage.","bogie frame NDT, wheel profile and axle UT/MT, bearing certificate, brake static test, torque/fastener log",mechanical acceptance engineer,planned
samawah:SAM-RS-L2-024:qa-11-bogie-wheelset,samawah,SAM-RS-L2-024,line-2 trainset 024,rolling-stock,line-2,qa-11-bogie-wheelset,rolling-stock,subassembly,"Bogie frame, wheelset, bearing, brake, and suspension records accepted before bogie marriage.","bogie frame NDT, wheel profile and axle UT/MT, bearing certificate, brake static test, torque/fastener log",mechanical acceptance engineer,planned
samawah:SAM-RS-L2-025:qa-11-bogie-wheelset,samawah,SAM-RS-L2-025,line-2 trainset 025,rolling-stock,line-2,qa-11-bogie-wheelset,rolling-stock,subassembly,"Bogie frame, wheelset, bearing, brake, and suspension records accepted before bogie marriage.","bogie frame NDT, wheel profile and axle UT/MT, bearing certificate, brake static test, torque/fastener log",mechanical acceptance engineer,planned
samawah:SAM-RS-L2-026:qa-11-bogie-wheelset,samawah,SAM-RS-L2-026,line-2 trainset 026,rolling-stock,line-2,qa-11-bogie-wheelset,rolling-stock,subassembly,"Bogie frame, wheelset, bearing, brake, and suspension records accepted before bogie marriage.","bogie frame NDT, wheel profile and axle UT/MT, bearing certificate, brake static test, torque/fastener log",mechanical acceptance engineer,planned
samawah:SAM-RS-L2-027:qa-11-bogie-wheelset,samawah,SAM-RS-L2-027,line-2 trainset 027,rolling-stock,line-2,qa-11-bogie-wheelset,rolling-stock,subassembly,"Bogie frame, wheelset, bearing, brake, and suspension records accepted before bogie marriage.","bogie frame NDT, wheel profile and axle UT/MT, bearing certificate, brake static test, torque/fastener log",mechanical acceptance engineer,planned
samawah:SAM-RS-L2-028:qa-11-bogie-wheelset,samawah,SAM-RS-L2-028,line-2 trainset 028,rolling-stock,line-2,qa-11-bogie-wheelset,rolling-stock,subassembly,"Bogie frame, wheelset, bearing, brake, and suspension records accepted before bogie marriage.","bogie frame NDT, wheel profile and axle UT/MT, bearing certificate, brake static test, torque/fastener log",mechanical acceptance engineer,planned
samawah:SAM-RS-L2-029:qa-11-bogie-wheelset,samawah,SAM-RS-L2-029,line-2 trainset 029,rolling-stock,line-2,qa-11-bogie-wheelset,rolling-stock,subassembly,"Bogie frame, wheelset, bearing, brake, and suspension records accepted before bogie marriage.","bogie frame NDT, wheel profile and axle UT/MT, bearing certificate, brake static test, torque/fastener log",mechanical acceptance engineer,planned
samawah:SAM-RS-L2-030:qa-11-bogie-wheelset,samawah,SAM-RS-L2-030,line-2 trainset 030,rolling-stock,line-2,qa-11-bogie-wheelset,rolling-stock,subassembly,"Bogie frame, wheelset, bearing, brake, and suspension records accepted before bogie marriage.","bogie frame NDT, wheel profile and axle UT/MT, bearing certificate, brake static test, torque/fastener log",mechanical acceptance engineer,planned
samawah:SAM-RS-L2-031:qa-11-bogie-wheelset,samawah,SAM-RS-L2-031,line-2 trainset 031,rolling-stock,line-2,qa-11-bogie-wheelset,rolling-stock,subassembly,"Bogie frame, wheelset, bearing, brake, and suspension records accepted before bogie marriage.","bogie frame NDT, wheel profile and axle UT/MT, bearing certificate, brake static test, torque/fastener log",mechanical acceptance engineer,planned
samawah:SAM-RS-L2-032:qa-11-bogie-wheelset,samawah,SAM-RS-L2-032,line-2 trainset 032,rolling-stock,line-2,qa-11-bogie-wheelset,rolling-stock,subassembly,"Bogie frame, wheelset, bearing, brake, and suspension records accepted before bogie marriage.","bogie frame NDT, wheel profile and axle UT/MT, bearing certificate, brake static test, torque/fastener log",mechanical acceptance engineer,planned
samawah:SAM-RS-L2-033:qa-11-bogie-wheelset,samawah,SAM-RS-L2-033,line-2 trainset 033,rolling-stock,line-2,qa-11-bogie-wheelset,rolling-stock,subassembly,"Bogie frame, wheelset, bearing, brake, and suspension records accepted before bogie marriage.","bogie frame NDT, wheel profile and axle UT/MT, bearing certificate, brake static test, torque/fastener log",mechanical acceptance engineer,planned
samawah:SAM-RS-L2-034:qa-11-bogie-wheelset,samawah,SAM-RS-L2-034,line-2 trainset 034,rolling-stock,line-2,qa-11-bogie-wheelset,rolling-stock,subassembly,"Bogie frame, wheelset, bearing, brake, and suspension records accepted before bogie marriage.","bogie frame NDT, wheel profile and axle UT/MT, bearing certificate, brake static test, torque/fastener log",mechanical acceptance engineer,planned
samawah:SAM-RS-L2-035:qa-11-bogie-wheelset,samawah,SAM-RS-L2-035,line-2 trainset 035,rolling-stock,line-2,qa-11-bogie-wheelset,rolling-stock,subassembly,"Bogie frame, wheelset, bearing, brake, and suspension records accepted before bogie marriage.","bogie frame NDT, wheel profile and axle UT/MT, bearing certificate, brake static test, torque/fastener log",mechanical acceptance engineer,planned
samawah:SAM-RS-L2-036:qa-11-bogie-wheelset,samawah,SAM-RS-L2-036,line-2 trainset 036,rolling-stock,line-2,qa-11-bogie-wheelset,rolling-stock,subassembly,"Bogie frame, wheelset, bearing, brake, and suspension records accepted before bogie marriage.","bogie frame NDT, wheel profile and axle UT/MT, bearing certificate, brake static test, torque/fastener log",mechanical acceptance engineer,planned
samawah:SAM-RS-L3-001:qa-11-bogie-wheelset,samawah,SAM-RS-L3-001,line-3 trainset 001,rolling-stock,line-3,qa-11-bogie-wheelset,rolling-stock,subassembly,"Bogie frame, wheelset, bearing, brake, and suspension records accepted before bogie marriage.","bogie frame NDT, wheel profile and axle UT/MT, bearing certificate, brake static test, torque/fastener log",mechanical acceptance engineer,planned
samawah:SAM-RS-L3-002:qa-11-bogie-wheelset,samawah,SAM-RS-L3-002,line-3 trainset 002,rolling-stock,line-3,qa-11-bogie-wheelset,rolling-stock,subassembly,"Bogie frame, wheelset, bearing, brake, and suspension records accepted before bogie marriage.","bogie frame NDT, wheel profile and axle UT/MT, bearing certificate, brake static test, torque/fastener log",mechanical acceptance engineer,planned
samawah:SAM-RS-L3-003:qa-11-bogie-wheelset,samawah,SAM-RS-L3-003,line-3 trainset 003,rolling-stock,line-3,qa-11-bogie-wheelset,rolling-stock,subassembly,"Bogie frame, wheelset, bearing, brake, and suspension records accepted before bogie marriage.","bogie frame NDT, wheel profile and axle UT/MT, bearing certificate, brake static test, torque/fastener log",mechanical acceptance engineer,planned
samawah:SAM-RS-L3-004:qa-11-bogie-wheelset,samawah,SAM-RS-L3-004,line-3 trainset 004,rolling-stock,line-3,qa-11-bogie-wheelset,rolling-stock,subassembly,"Bogie frame, wheelset, bearing, brake, and suspension records accepted before bogie marriage.","bogie frame NDT, wheel profile and axle UT/MT, bearing certificate, brake static test, torque/fastener log",mechanical acceptance engineer,planned
samawah:SAM-RS-L3-005:qa-11-bogie-wheelset,samawah,SAM-RS-L3-005,line-3 trainset 005,rolling-stock,line-3,qa-11-bogie-wheelset,rolling-stock,subassembly,"Bogie frame, wheelset, bearing, brake, and suspension records accepted before bogie marriage.","bogie frame NDT, wheel profile and axle UT/MT, bearing certificate, brake static test, torque/fastener log",mechanical acceptance engineer,planned
samawah:SAM-RS-L3-006:qa-11-bogie-wheelset,samawah,SAM-RS-L3-006,line-3 trainset 006,rolling-stock,line-3,qa-11-bogie-wheelset,rolling-stock,subassembly,"Bogie frame, wheelset, bearing, brake, and suspension records accepted before bogie marriage.","bogie frame NDT, wheel profile and axle UT/MT, bearing certificate, brake static test, torque/fastener log",mechanical acceptance engineer,planned
samawah:SAM-RS-L3-007:qa-11-bogie-wheelset,samawah,SAM-RS-L3-007,line-3 trainset 007,rolling-stock,line-3,qa-11-bogie-wheelset,rolling-stock,subassembly,"Bogie frame, wheelset, bearing, brake, and suspension records accepted before bogie marriage.","bogie frame NDT, wheel profile and axle UT/MT, bearing certificate, brake static test, torque/fastener log",mechanical acceptance engineer,planned
samawah:SAM-RS-L3-008:qa-11-bogie-wheelset,samawah,SAM-RS-L3-008,line-3 trainset 008,rolling-stock,line-3,qa-11-bogie-wheelset,rolling-stock,subassembly,"Bogie frame, wheelset, bearing, brake, and suspension records accepted before bogie marriage.","bogie frame NDT, wheel profile and axle UT/MT, bearing certificate, brake static test, torque/fastener log",mechanical acceptance engineer,planned
samawah:SAM-RS-L3-009:qa-11-bogie-wheelset,samawah,SAM-RS-L3-009,line-3 trainset 009,rolling-stock,line-3,qa-11-bogie-wheelset,rolling-stock,subassembly,"Bogie frame, wheelset, bearing, brake, and suspension records accepted before bogie marriage.","bogie frame NDT, wheel profile and axle UT/MT, bearing certificate, brake static test, torque/fastener log",mechanical acceptance engineer,planned
samawah:SAM-RS-L3-010:qa-11-bogie-wheelset,samawah,SAM-RS-L3-010,line-3 trainset 010,rolling-stock,line-3,qa-11-bogie-wheelset,rolling-stock,subassembly,"Bogie frame, wheelset, bearing, brake, and suspension records accepted before bogie marriage.","bogie frame NDT, wheel profile and axle UT/MT, bearing certificate, brake static test, torque/fastener log",mechanical acceptance engineer,planned
samawah:SAM-RS-L3-011:qa-11-bogie-wheelset,samawah,SAM-RS-L3-011,line-3 trainset 011,rolling-stock,line-3,qa-11-bogie-wheelset,rolling-stock,subassembly,"Bogie frame, wheelset, bearing, brake, and suspension records accepted before bogie marriage.","bogie frame NDT, wheel profile and axle UT/MT, bearing certificate, brake static test, torque/fastener log",mechanical acceptance engineer,planned
samawah:SAM-RS-L3-012:qa-11-bogie-wheelset,samawah,SAM-RS-L3-012,line-3 trainset 012,rolling-stock,line-3,qa-11-bogie-wheelset,rolling-stock,subassembly,"Bogie frame, wheelset, bearing, brake, and suspension records accepted before bogie marriage.","bogie frame NDT, wheel profile and axle UT/MT, bearing certificate, brake static test, torque/fastener log",mechanical acceptance engineer,planned
samawah:SAM-RS-L3-013:qa-11-bogie-wheelset,samawah,SAM-RS-L3-013,line-3 trainset 013,rolling-stock,line-3,qa-11-bogie-wheelset,rolling-stock,subassembly,"Bogie frame, wheelset, bearing, brake, and suspension records accepted before bogie marriage.","bogie frame NDT, wheel profile and axle UT/MT, bearing certificate, brake static test, torque/fastener log",mechanical acceptance engineer,planned
samawah:SAM-RS-L3-014:qa-11-bogie-wheelset,samawah,SAM-RS-L3-014,line-3 trainset 014,rolling-stock,line-3,qa-11-bogie-wheelset,rolling-stock,subassembly,"Bogie frame, wheelset, bearing, brake, and suspension records accepted before bogie marriage.","bogie frame NDT, wheel profile and axle UT/MT, bearing certificate, brake static test, torque/fastener log",mechanical acceptance engineer,planned
samawah:SAM-RS-L3-015:qa-11-bogie-wheelset,samawah,SAM-RS-L3-015,line-3 trainset 015,rolling-stock,line-3,qa-11-bogie-wheelset,rolling-stock,subassembly,"Bogie frame, wheelset, bearing, brake, and suspension records accepted before bogie marriage.","bogie frame NDT, wheel profile and axle UT/MT, bearing certificate, brake static test, torque/fastener log",mechanical acceptance engineer,planned
samawah:SAM-RS-L3-016:qa-11-bogie-wheelset,samawah,SAM-RS-L3-016,line-3 trainset 016,rolling-stock,line-3,qa-11-bogie-wheelset,rolling-stock,subassembly,"Bogie frame, wheelset, bearing, brake, and suspension records accepted before bogie marriage.","bogie frame NDT, wheel profile and axle UT/MT, bearing certificate, brake static test, torque/fastener log",mechanical acceptance engineer,planned
samawah:SAM-RS-L3-017:qa-11-bogie-wheelset,samawah,SAM-RS-L3-017,line-3 trainset 017,rolling-stock,line-3,qa-11-bogie-wheelset,rolling-stock,subassembly,"Bogie frame, wheelset, bearing, brake, and suspension records accepted before bogie marriage.","bogie frame NDT, wheel profile and axle UT/MT, bearing certificate, brake static test, torque/fastener log",mechanical acceptance engineer,planned
samawah:SAM-RS-L3-018:qa-11-bogie-wheelset,samawah,SAM-RS-L3-018,line-3 trainset 018,rolling-stock,line-3,qa-11-bogie-wheelset,rolling-stock,subassembly,"Bogie frame, wheelset, bearing, brake, and suspension records accepted before bogie marriage.","bogie frame NDT, wheel profile and axle UT/MT, bearing certificate, brake static test, torque/fastener log",mechanical acceptance engineer,planned
samawah:SAM-RS-L3-019:qa-11-bogie-wheelset,samawah,SAM-RS-L3-019,line-3 trainset 019,rolling-stock,line-3,qa-11-bogie-wheelset,rolling-stock,subassembly,"Bogie frame, wheelset, bearing, brake, and suspension records accepted before bogie marriage.","bogie frame NDT, wheel profile and axle UT/MT, bearing certificate, brake static test, torque/fastener log",mechanical acceptance engineer,planned
samawah:SAM-RS-L1-001:qa-12-traction-brake-battery,samawah,SAM-RS-L1-001,line-1 trainset 001,rolling-stock,line-1,qa-12-traction-brake-battery,rolling-stock,systems integration,Bench and trainset-level functional tests accepted before dynamic movement.,"motor/inverter factory test, insulation resistance, BMS cell map, contactor test, thermal soak, brake-rate test",traction and energy assurance lead,planned
samawah:SAM-RS-L1-002:qa-12-traction-brake-battery,samawah,SAM-RS-L1-002,line-1 trainset 002,rolling-stock,line-1,qa-12-traction-brake-battery,rolling-stock,systems integration,Bench and trainset-level functional tests accepted before dynamic movement.,"motor/inverter factory test, insulation resistance, BMS cell map, contactor test, thermal soak, brake-rate test",traction and energy assurance lead,planned
samawah:SAM-RS-L1-003:qa-12-traction-brake-battery,samawah,SAM-RS-L1-003,line-1 trainset 003,rolling-stock,line-1,qa-12-traction-brake-battery,rolling-stock,systems integration,Bench and trainset-level functional tests accepted before dynamic movement.,"motor/inverter factory test, insulation resistance, BMS cell map, contactor test, thermal soak, brake-rate test",traction and energy assurance lead,planned
samawah:SAM-RS-L1-004:qa-12-traction-brake-battery,samawah,SAM-RS-L1-004,line-1 trainset 004,rolling-stock,line-1,qa-12-traction-brake-battery,rolling-stock,systems integration,Bench and trainset-level functional tests accepted before dynamic movement.,"motor/inverter factory test, insulation resistance, BMS cell map, contactor test, thermal soak, brake-rate test",traction and energy assurance lead,planned
samawah:SAM-RS-L1-005:qa-12-traction-brake-battery,samawah,SAM-RS-L1-005,line-1 trainset 005,rolling-stock,line-1,qa-12-traction-brake-battery,rolling-stock,systems integration,Bench and trainset-level functional tests accepted before dynamic movement.,"motor/inverter factory test, insulation resistance, BMS cell map, contactor test, thermal soak, brake-rate test",traction and energy assurance lead,planned
samawah:SAM-RS-L1-006:qa-12-traction-brake-battery,samawah,SAM-RS-L1-006,line-1 trainset 006,rolling-stock,line-1,qa-12-traction-brake-battery,rolling-stock,systems integration,Bench and trainset-level functional tests accepted before dynamic movement.,"motor/inverter factory test, insulation resistance, BMS cell map, contactor test, thermal soak, brake-rate test",traction and energy assurance lead,planned
samawah:SAM-RS-L1-007:qa-12-traction-brake-battery,samawah,SAM-RS-L1-007,line-1 trainset 007,rolling-stock,line-1,qa-12-traction-brake-battery,rolling-stock,systems integration,Bench and trainset-level functional tests accepted before dynamic movement.,"motor/inverter factory test, insulation resistance, BMS cell map, contactor test, thermal soak, brake-rate test",traction and energy assurance lead,planned
samawah:SAM-RS-L1-008:qa-12-traction-brake-battery,samawah,SAM-RS-L1-008,line-1 trainset 008,rolling-stock,line-1,qa-12-traction-brake-battery,rolling-stock,systems integration,Bench and trainset-level functional tests accepted before dynamic movement.,"motor/inverter factory test, insulation resistance, BMS cell map, contactor test, thermal soak, brake-rate test",traction and energy assurance lead,planned
samawah:SAM-RS-L1-009:qa-12-traction-brake-battery,samawah,SAM-RS-L1-009,line-1 trainset 009,rolling-stock,line-1,qa-12-traction-brake-battery,rolling-stock,systems integration,Bench and trainset-level functional tests accepted before dynamic movement.,"motor/inverter factory test, insulation resistance, BMS cell map, contactor test, thermal soak, brake-rate test",traction and energy assurance lead,planned
samawah:SAM-RS-L1-010:qa-12-traction-brake-battery,samawah,SAM-RS-L1-010,line-1 trainset 010,rolling-stock,line-1,qa-12-traction-brake-battery,rolling-stock,systems integration,Bench and trainset-level functional tests accepted before dynamic movement.,"motor/inverter factory test, insulation resistance, BMS cell map, contactor test, thermal soak, brake-rate test",traction and energy assurance lead,planned
samawah:SAM-RS-L1-011:qa-12-traction-brake-battery,samawah,SAM-RS-L1-011,line-1 trainset 011,rolling-stock,line-1,qa-12-traction-brake-battery,rolling-stock,systems integration,Bench and trainset-level functional tests accepted before dynamic movement.,"motor/inverter factory test, insulation resistance, BMS cell map, contactor test, thermal soak, brake-rate test",traction and energy assurance lead,planned
samawah:SAM-RS-L1-012:qa-12-traction-brake-battery,samawah,SAM-RS-L1-012,line-1 trainset 012,rolling-stock,line-1,qa-12-traction-brake-battery,rolling-stock,systems integration,Bench and trainset-level functional tests accepted before dynamic movement.,"motor/inverter factory test, insulation resistance, BMS cell map, contactor test, thermal soak, brake-rate test",traction and energy assurance lead,planned
samawah:SAM-RS-L1-013:qa-12-traction-brake-battery,samawah,SAM-RS-L1-013,line-1 trainset 013,rolling-stock,line-1,qa-12-traction-brake-battery,rolling-stock,systems integration,Bench and trainset-level functional tests accepted before dynamic movement.,"motor/inverter factory test, insulation resistance, BMS cell map, contactor test, thermal soak, brake-rate test",traction and energy assurance lead,planned
samawah:SAM-RS-L1-014:qa-12-traction-brake-battery,samawah,SAM-RS-L1-014,line-1 trainset 014,rolling-stock,line-1,qa-12-traction-brake-battery,rolling-stock,systems integration,Bench and trainset-level functional tests accepted before dynamic movement.,"motor/inverter factory test, insulation resistance, BMS cell map, contactor test, thermal soak, brake-rate test",traction and energy assurance lead,planned
samawah:SAM-RS-L1-015:qa-12-traction-brake-battery,samawah,SAM-RS-L1-015,line-1 trainset 015,rolling-stock,line-1,qa-12-traction-brake-battery,rolling-stock,systems integration,Bench and trainset-level functional tests accepted before dynamic movement.,"motor/inverter factory test, insulation resistance, BMS cell map, contactor test, thermal soak, brake-rate test",traction and energy assurance lead,planned
samawah:SAM-RS-L1-016:qa-12-traction-brake-battery,samawah,SAM-RS-L1-016,line-1 trainset 016,rolling-stock,line-1,qa-12-traction-brake-battery,rolling-stock,systems integration,Bench and trainset-level functional tests accepted before dynamic movement.,"motor/inverter factory test, insulation resistance, BMS cell map, contactor test, thermal soak, brake-rate test",traction and energy assurance lead,planned
samawah:SAM-RS-L1-017:qa-12-traction-brake-battery,samawah,SAM-RS-L1-017,line-1 trainset 017,rolling-stock,line-1,qa-12-traction-brake-battery,rolling-stock,systems integration,Bench and trainset-level functional tests accepted before dynamic movement.,"motor/inverter factory test, insulation resistance, BMS cell map, contactor test, thermal soak, brake-rate test",traction and energy assurance lead,planned
samawah:SAM-RS-L1-018:qa-12-traction-brake-battery,samawah,SAM-RS-L1-018,line-1 trainset 018,rolling-stock,line-1,qa-12-traction-brake-battery,rolling-stock,systems integration,Bench and trainset-level functional tests accepted before dynamic movement.,"motor/inverter factory test, insulation resistance, BMS cell map, contactor test, thermal soak, brake-rate test",traction and energy assurance lead,planned
samawah:SAM-RS-L1-019:qa-12-traction-brake-battery,samawah,SAM-RS-L1-019,line-1 trainset 019,rolling-stock,line-1,qa-12-traction-brake-battery,rolling-stock,systems integration,Bench and trainset-level functional tests accepted before dynamic movement.,"motor/inverter factory test, insulation resistance, BMS cell map, contactor test, thermal soak, brake-rate test",traction and energy assurance lead,planned
samawah:SAM-RS-L1-020:qa-12-traction-brake-battery,samawah,SAM-RS-L1-020,line-1 trainset 020,rolling-stock,line-1,qa-12-traction-brake-battery,rolling-stock,systems integration,Bench and trainset-level functional tests accepted before dynamic movement.,"motor/inverter factory test, insulation resistance, BMS cell map, contactor test, thermal soak, brake-rate test",traction and energy assurance lead,planned
samawah:SAM-RS-L1-021:qa-12-traction-brake-battery,samawah,SAM-RS-L1-021,line-1 trainset 021,rolling-stock,line-1,qa-12-traction-brake-battery,rolling-stock,systems integration,Bench and trainset-level functional tests accepted before dynamic movement.,"motor/inverter factory test, insulation resistance, BMS cell map, contactor test, thermal soak, brake-rate test",traction and energy assurance lead,planned
samawah:SAM-RS-L1-022:qa-12-traction-brake-battery,samawah,SAM-RS-L1-022,line-1 trainset 022,rolling-stock,line-1,qa-12-traction-brake-battery,rolling-stock,systems integration,Bench and trainset-level functional tests accepted before dynamic movement.,"motor/inverter factory test, insulation resistance, BMS cell map, contactor test, thermal soak, brake-rate test",traction and energy assurance lead,planned
samawah:SAM-RS-L1-023:qa-12-traction-brake-battery,samawah,SAM-RS-L1-023,line-1 trainset 023,rolling-stock,line-1,qa-12-traction-brake-battery,rolling-stock,systems integration,Bench and trainset-level functional tests accepted before dynamic movement.,"motor/inverter factory test, insulation resistance, BMS cell map, contactor test, thermal soak, brake-rate test",traction and energy assurance lead,planned
samawah:SAM-RS-L1-024:qa-12-traction-brake-battery,samawah,SAM-RS-L1-024,line-1 trainset 024,rolling-stock,line-1,qa-12-traction-brake-battery,rolling-stock,systems integration,Bench and trainset-level functional tests accepted before dynamic movement.,"motor/inverter factory test, insulation resistance, BMS cell map, contactor test, thermal soak, brake-rate test",traction and energy assurance lead,planned
samawah:SAM-RS-L1-025:qa-12-traction-brake-battery,samawah,SAM-RS-L1-025,line-1 trainset 025,rolling-stock,line-1,qa-12-traction-brake-battery,rolling-stock,systems integration,Bench and trainset-level functional tests accepted before dynamic movement.,"motor/inverter factory test, insulation resistance, BMS cell map, contactor test, thermal soak, brake-rate test",traction and energy assurance lead,planned
samawah:SAM-RS-L1-026:qa-12-traction-brake-battery,samawah,SAM-RS-L1-026,line-1 trainset 026,rolling-stock,line-1,qa-12-traction-brake-battery,rolling-stock,systems integration,Bench and trainset-level functional tests accepted before dynamic movement.,"motor/inverter factory test, insulation resistance, BMS cell map, contactor test, thermal soak, brake-rate test",traction and energy assurance lead,planned
samawah:SAM-RS-L1-027:qa-12-traction-brake-battery,samawah,SAM-RS-L1-027,line-1 trainset 027,rolling-stock,line-1,qa-12-traction-brake-battery,rolling-stock,systems integration,Bench and trainset-level functional tests accepted before dynamic movement.,"motor/inverter factory test, insulation resistance, BMS cell map, contactor test, thermal soak, brake-rate test",traction and energy assurance lead,planned
samawah:SAM-RS-L1-028:qa-12-traction-brake-battery,samawah,SAM-RS-L1-028,line-1 trainset 028,rolling-stock,line-1,qa-12-traction-brake-battery,rolling-stock,systems integration,Bench and trainset-level functional tests accepted before dynamic movement.,"motor/inverter factory test, insulation resistance, BMS cell map, contactor test, thermal soak, brake-rate test",traction and energy assurance lead,planned
samawah:SAM-RS-L1-029:qa-12-traction-brake-battery,samawah,SAM-RS-L1-029,line-1 trainset 029,rolling-stock,line-1,qa-12-traction-brake-battery,rolling-stock,systems integration,Bench and trainset-level functional tests accepted before dynamic movement.,"motor/inverter factory test, insulation resistance, BMS cell map, contactor test, thermal soak, brake-rate test",traction and energy assurance lead,planned
samawah:SAM-RS-L1-030:qa-12-traction-brake-battery,samawah,SAM-RS-L1-030,line-1 trainset 030,rolling-stock,line-1,qa-12-traction-brake-battery,rolling-stock,systems integration,Bench and trainset-level functional tests accepted before dynamic movement.,"motor/inverter factory test, insulation resistance, BMS cell map, contactor test, thermal soak, brake-rate test",traction and energy assurance lead,planned
samawah:SAM-RS-L1-031:qa-12-traction-brake-battery,samawah,SAM-RS-L1-031,line-1 trainset 031,rolling-stock,line-1,qa-12-traction-brake-battery,rolling-stock,systems integration,Bench and trainset-level functional tests accepted before dynamic movement.,"motor/inverter factory test, insulation resistance, BMS cell map, contactor test, thermal soak, brake-rate test",traction and energy assurance lead,planned
samawah:SAM-RS-L1-032:qa-12-traction-brake-battery,samawah,SAM-RS-L1-032,line-1 trainset 032,rolling-stock,line-1,qa-12-traction-brake-battery,rolling-stock,systems integration,Bench and trainset-level functional tests accepted before dynamic movement.,"motor/inverter factory test, insulation resistance, BMS cell map, contactor test, thermal soak, brake-rate test",traction and energy assurance lead,planned
samawah:SAM-RS-L1-033:qa-12-traction-brake-battery,samawah,SAM-RS-L1-033,line-1 trainset 033,rolling-stock,line-1,qa-12-traction-brake-battery,rolling-stock,systems integration,Bench and trainset-level functional tests accepted before dynamic movement.,"motor/inverter factory test, insulation resistance, BMS cell map, contactor test, thermal soak, brake-rate test",traction and energy assurance lead,planned
samawah:SAM-RS-L1-034:qa-12-traction-brake-battery,samawah,SAM-RS-L1-034,line-1 trainset 034,rolling-stock,line-1,qa-12-traction-brake-battery,rolling-stock,systems integration,Bench and trainset-level functional tests accepted before dynamic movement.,"motor/inverter factory test, insulation resistance, BMS cell map, contactor test, thermal soak, brake-rate test",traction and energy assurance lead,planned
samawah:SAM-RS-L1-035:qa-12-traction-brake-battery,samawah,SAM-RS-L1-035,line-1 trainset 035,rolling-stock,line-1,qa-12-traction-brake-battery,rolling-stock,systems integration,Bench and trainset-level functional tests accepted before dynamic movement.,"motor/inverter factory test, insulation resistance, BMS cell map, contactor test, thermal soak, brake-rate test",traction and energy assurance lead,planned
samawah:SAM-RS-L1-036:qa-12-traction-brake-battery,samawah,SAM-RS-L1-036,line-1 trainset 036,rolling-stock,line-1,qa-12-traction-brake-battery,rolling-stock,systems integration,Bench and trainset-level functional tests accepted before dynamic movement.,"motor/inverter factory test, insulation resistance, BMS cell map, contactor test, thermal soak, brake-rate test",traction and energy assurance lead,planned
samawah:SAM-RS-L1-037:qa-12-traction-brake-battery,samawah,SAM-RS-L1-037,line-1 trainset 037,rolling-stock,line-1,qa-12-traction-brake-battery,rolling-stock,systems integration,Bench and trainset-level functional tests accepted before dynamic movement.,"motor/inverter factory test, insulation resistance, BMS cell map, contactor test, thermal soak, brake-rate test",traction and energy assurance lead,planned
samawah:SAM-RS-L1-038:qa-12-traction-brake-battery,samawah,SAM-RS-L1-038,line-1 trainset 038,rolling-stock,line-1,qa-12-traction-brake-battery,rolling-stock,systems integration,Bench and trainset-level functional tests accepted before dynamic movement.,"motor/inverter factory test, insulation resistance, BMS cell map, contactor test, thermal soak, brake-rate test",traction and energy assurance lead,planned
samawah:SAM-RS-L1-039:qa-12-traction-brake-battery,samawah,SAM-RS-L1-039,line-1 trainset 039,rolling-stock,line-1,qa-12-traction-brake-battery,rolling-stock,systems integration,Bench and trainset-level functional tests accepted before dynamic movement.,"motor/inverter factory test, insulation resistance, BMS cell map, contactor test, thermal soak, brake-rate test",traction and energy assurance lead,planned
samawah:SAM-RS-L1-040:qa-12-traction-brake-battery,samawah,SAM-RS-L1-040,line-1 trainset 040,rolling-stock,line-1,qa-12-traction-brake-battery,rolling-stock,systems integration,Bench and trainset-level functional tests accepted before dynamic movement.,"motor/inverter factory test, insulation resistance, BMS cell map, contactor test, thermal soak, brake-rate test",traction and energy assurance lead,planned
samawah:SAM-RS-L1-041:qa-12-traction-brake-battery,samawah,SAM-RS-L1-041,line-1 trainset 041,rolling-stock,line-1,qa-12-traction-brake-battery,rolling-stock,systems integration,Bench and trainset-level functional tests accepted before dynamic movement.,"motor/inverter factory test, insulation resistance, BMS cell map, contactor test, thermal soak, brake-rate test",traction and energy assurance lead,planned
samawah:SAM-RS-L2-001:qa-12-traction-brake-battery,samawah,SAM-RS-L2-001,line-2 trainset 001,rolling-stock,line-2,qa-12-traction-brake-battery,rolling-stock,systems integration,Bench and trainset-level functional tests accepted before dynamic movement.,"motor/inverter factory test, insulation resistance, BMS cell map, contactor test, thermal soak, brake-rate test",traction and energy assurance lead,planned
samawah:SAM-RS-L2-002:qa-12-traction-brake-battery,samawah,SAM-RS-L2-002,line-2 trainset 002,rolling-stock,line-2,qa-12-traction-brake-battery,rolling-stock,systems integration,Bench and trainset-level functional tests accepted before dynamic movement.,"motor/inverter factory test, insulation resistance, BMS cell map, contactor test, thermal soak, brake-rate test",traction and energy assurance lead,planned
samawah:SAM-RS-L2-003:qa-12-traction-brake-battery,samawah,SAM-RS-L2-003,line-2 trainset 003,rolling-stock,line-2,qa-12-traction-brake-battery,rolling-stock,systems integration,Bench and trainset-level functional tests accepted before dynamic movement.,"motor/inverter factory test, insulation resistance, BMS cell map, contactor test, thermal soak, brake-rate test",traction and energy assurance lead,planned
samawah:SAM-RS-L2-004:qa-12-traction-brake-battery,samawah,SAM-RS-L2-004,line-2 trainset 004,rolling-stock,line-2,qa-12-traction-brake-battery,rolling-stock,systems integration,Bench and trainset-level functional tests accepted before dynamic movement.,"motor/inverter factory test, insulation resistance, BMS cell map, contactor test, thermal soak, brake-rate test",traction and energy assurance lead,planned
samawah:SAM-RS-L2-005:qa-12-traction-brake-battery,samawah,SAM-RS-L2-005,line-2 trainset 005,rolling-stock,line-2,qa-12-traction-brake-battery,rolling-stock,systems integration,Bench and trainset-level functional tests accepted before dynamic movement.,"motor/inverter factory test, insulation resistance, BMS cell map, contactor test, thermal soak, brake-rate test",traction and energy assurance lead,planned
samawah:SAM-RS-L2-006:qa-12-traction-brake-battery,samawah,SAM-RS-L2-006,line-2 trainset 006,rolling-stock,line-2,qa-12-traction-brake-battery,rolling-stock,systems integration,Bench and trainset-level functional tests accepted before dynamic movement.,"motor/inverter factory test, insulation resistance, BMS cell map, contactor test, thermal soak, brake-rate test",traction and energy assurance lead,planned
samawah:SAM-RS-L2-007:qa-12-traction-brake-battery,samawah,SAM-RS-L2-007,line-2 trainset 007,rolling-stock,line-2,qa-12-traction-brake-battery,rolling-stock,systems integration,Bench and trainset-level functional tests accepted before dynamic movement.,"motor/inverter factory test, insulation resistance, BMS cell map, contactor test, thermal soak, brake-rate test",traction and energy assurance lead,planned
samawah:SAM-RS-L2-008:qa-12-traction-brake-battery,samawah,SAM-RS-L2-008,line-2 trainset 008,rolling-stock,line-2,qa-12-traction-brake-battery,rolling-stock,systems integration,Bench and trainset-level functional tests accepted before dynamic movement.,"motor/inverter factory test, insulation resistance, BMS cell map, contactor test, thermal soak, brake-rate test",traction and energy assurance lead,planned
samawah:SAM-RS-L2-009:qa-12-traction-brake-battery,samawah,SAM-RS-L2-009,line-2 trainset 009,rolling-stock,line-2,qa-12-traction-brake-battery,rolling-stock,systems integration,Bench and trainset-level functional tests accepted before dynamic movement.,"motor/inverter factory test, insulation resistance, BMS cell map, contactor test, thermal soak, brake-rate test",traction and energy assurance lead,planned
samawah:SAM-RS-L2-010:qa-12-traction-brake-battery,samawah,SAM-RS-L2-010,line-2 trainset 010,rolling-stock,line-2,qa-12-traction-brake-battery,rolling-stock,systems integration,Bench and trainset-level functional tests accepted before dynamic movement.,"motor/inverter factory test, insulation resistance, BMS cell map, contactor test, thermal soak, brake-rate test",traction and energy assurance lead,planned
samawah:SAM-RS-L2-011:qa-12-traction-brake-battery,samawah,SAM-RS-L2-011,line-2 trainset 011,rolling-stock,line-2,qa-12-traction-brake-battery,rolling-stock,systems integration,Bench and trainset-level functional tests accepted before dynamic movement.,"motor/inverter factory test, insulation resistance, BMS cell map, contactor test, thermal soak, brake-rate test",traction and energy assurance lead,planned
samawah:SAM-RS-L2-012:qa-12-traction-brake-battery,samawah,SAM-RS-L2-012,line-2 trainset 012,rolling-stock,line-2,qa-12-traction-brake-battery,rolling-stock,systems integration,Bench and trainset-level functional tests accepted before dynamic movement.,"motor/inverter factory test, insulation resistance, BMS cell map, contactor test, thermal soak, brake-rate test",traction and energy assurance lead,planned
samawah:SAM-RS-L2-013:qa-12-traction-brake-battery,samawah,SAM-RS-L2-013,line-2 trainset 013,rolling-stock,line-2,qa-12-traction-brake-battery,rolling-stock,systems integration,Bench and trainset-level functional tests accepted before dynamic movement.,"motor/inverter factory test, insulation resistance, BMS cell map, contactor test, thermal soak, brake-rate test",traction and energy assurance lead,planned
samawah:SAM-RS-L2-014:qa-12-traction-brake-battery,samawah,SAM-RS-L2-014,line-2 trainset 014,rolling-stock,line-2,qa-12-traction-brake-battery,rolling-stock,systems integration,Bench and trainset-level functional tests accepted before dynamic movement.,"motor/inverter factory test, insulation resistance, BMS cell map, contactor test, thermal soak, brake-rate test",traction and energy assurance lead,planned
samawah:SAM-RS-L2-015:qa-12-traction-brake-battery,samawah,SAM-RS-L2-015,line-2 trainset 015,rolling-stock,line-2,qa-12-traction-brake-battery,rolling-stock,systems integration,Bench and trainset-level functional tests accepted before dynamic movement.,"motor/inverter factory test, insulation resistance, BMS cell map, contactor test, thermal soak, brake-rate test",traction and energy assurance lead,planned
samawah:SAM-RS-L2-016:qa-12-traction-brake-battery,samawah,SAM-RS-L2-016,line-2 trainset 016,rolling-stock,line-2,qa-12-traction-brake-battery,rolling-stock,systems integration,Bench and trainset-level functional tests accepted before dynamic movement.,"motor/inverter factory test, insulation resistance, BMS cell map, contactor test, thermal soak, brake-rate test",traction and energy assurance lead,planned
samawah:SAM-RS-L2-017:qa-12-traction-brake-battery,samawah,SAM-RS-L2-017,line-2 trainset 017,rolling-stock,line-2,qa-12-traction-brake-battery,rolling-stock,systems integration,Bench and trainset-level functional tests accepted before dynamic movement.,"motor/inverter factory test, insulation resistance, BMS cell map, contactor test, thermal soak, brake-rate test",traction and energy assurance lead,planned
samawah:SAM-RS-L2-018:qa-12-traction-brake-battery,samawah,SAM-RS-L2-018,line-2 trainset 018,rolling-stock,line-2,qa-12-traction-brake-battery,rolling-stock,systems integration,Bench and trainset-level functional tests accepted before dynamic movement.,"motor/inverter factory test, insulation resistance, BMS cell map, contactor test, thermal soak, brake-rate test",traction and energy assurance lead,planned
samawah:SAM-RS-L2-019:qa-12-traction-brake-battery,samawah,SAM-RS-L2-019,line-2 trainset 019,rolling-stock,line-2,qa-12-traction-brake-battery,rolling-stock,systems integration,Bench and trainset-level functional tests accepted before dynamic movement.,"motor/inverter factory test, insulation resistance, BMS cell map, contactor test, thermal soak, brake-rate test",traction and energy assurance lead,planned
samawah:SAM-RS-L2-020:qa-12-traction-brake-battery,samawah,SAM-RS-L2-020,line-2 trainset 020,rolling-stock,line-2,qa-12-traction-brake-battery,rolling-stock,systems integration,Bench and trainset-level functional tests accepted before dynamic movement.,"motor/inverter factory test, insulation resistance, BMS cell map, contactor test, thermal soak, brake-rate test",traction and energy assurance lead,planned
samawah:SAM-RS-L2-021:qa-12-traction-brake-battery,samawah,SAM-RS-L2-021,line-2 trainset 021,rolling-stock,line-2,qa-12-traction-brake-battery,rolling-stock,systems integration,Bench and trainset-level functional tests accepted before dynamic movement.,"motor/inverter factory test, insulation resistance, BMS cell map, contactor test, thermal soak, brake-rate test",traction and energy assurance lead,planned
samawah:SAM-RS-L2-022:qa-12-traction-brake-battery,samawah,SAM-RS-L2-022,line-2 trainset 022,rolling-stock,line-2,qa-12-traction-brake-battery,rolling-stock,systems integration,Bench and trainset-level functional tests accepted before dynamic movement.,"motor/inverter factory test, insulation resistance, BMS cell map, contactor test, thermal soak, brake-rate test",traction and energy assurance lead,planned
samawah:SAM-RS-L2-023:qa-12-traction-brake-battery,samawah,SAM-RS-L2-023,line-2 trainset 023,rolling-stock,line-2,qa-12-traction-brake-battery,rolling-stock,systems integration,Bench and trainset-level functional tests accepted before dynamic movement.,"motor/inverter factory test, insulation resistance, BMS cell map, contactor test, thermal soak, brake-rate test",traction and energy assurance lead,planned
samawah:SAM-RS-L2-024:qa-12-traction-brake-battery,samawah,SAM-RS-L2-024,line-2 trainset 024,rolling-stock,line-2,qa-12-traction-brake-battery,rolling-stock,systems integration,Bench and trainset-level functional tests accepted before dynamic movement.,"motor/inverter factory test, insulation resistance, BMS cell map, contactor test, thermal soak, brake-rate test",traction and energy assurance lead,planned
samawah:SAM-RS-L2-025:qa-12-traction-brake-battery,samawah,SAM-RS-L2-025,line-2 trainset 025,rolling-stock,line-2,qa-12-traction-brake-battery,rolling-stock,systems integration,Bench and trainset-level functional tests accepted before dynamic movement.,"motor/inverter factory test, insulation resistance, BMS cell map, contactor test, thermal soak, brake-rate test",traction and energy assurance lead,planned
samawah:SAM-RS-L2-026:qa-12-traction-brake-battery,samawah,SAM-RS-L2-026,line-2 trainset 026,rolling-stock,line-2,qa-12-traction-brake-battery,rolling-stock,systems integration,Bench and trainset-level functional tests accepted before dynamic movement.,"motor/inverter factory test, insulation resistance, BMS cell map, contactor test, thermal soak, brake-rate test",traction and energy assurance lead,planned
samawah:SAM-RS-L2-027:qa-12-traction-brake-battery,samawah,SAM-RS-L2-027,line-2 trainset 027,rolling-stock,line-2,qa-12-traction-brake-battery,rolling-stock,systems integration,Bench and trainset-level functional tests accepted before dynamic movement.,"motor/inverter factory test, insulation resistance, BMS cell map, contactor test, thermal soak, brake-rate test",traction and energy assurance lead,planned
samawah:SAM-RS-L2-028:qa-12-traction-brake-battery,samawah,SAM-RS-L2-028,line-2 trainset 028,rolling-stock,line-2,qa-12-traction-brake-battery,rolling-stock,systems integration,Bench and trainset-level functional tests accepted before dynamic movement.,"motor/inverter factory test, insulation resistance, BMS cell map, contactor test, thermal soak, brake-rate test",traction and energy assurance lead,planned
samawah:SAM-RS-L2-029:qa-12-traction-brake-battery,samawah,SAM-RS-L2-029,line-2 trainset 029,rolling-stock,line-2,qa-12-traction-brake-battery,rolling-stock,systems integration,Bench and trainset-level functional tests accepted before dynamic movement.,"motor/inverter factory test, insulation resistance, BMS cell map, contactor test, thermal soak, brake-rate test",traction and energy assurance lead,planned
samawah:SAM-RS-L2-030:qa-12-traction-brake-battery,samawah,SAM-RS-L2-030,line-2 trainset 030,rolling-stock,line-2,qa-12-traction-brake-battery,rolling-stock,systems integration,Bench and trainset-level functional tests accepted before dynamic movement.,"motor/inverter factory test, insulation resistance, BMS cell map, contactor test, thermal soak, brake-rate test",traction and energy assurance lead,planned
samawah:SAM-RS-L2-031:qa-12-traction-brake-battery,samawah,SAM-RS-L2-031,line-2 trainset 031,rolling-stock,line-2,qa-12-traction-brake-battery,rolling-stock,systems integration,Bench and trainset-level functional tests accepted before dynamic movement.,"motor/inverter factory test, insulation resistance, BMS cell map, contactor test, thermal soak, brake-rate test",traction and energy assurance lead,planned
samawah:SAM-RS-L2-032:qa-12-traction-brake-battery,samawah,SAM-RS-L2-032,line-2 trainset 032,rolling-stock,line-2,qa-12-traction-brake-battery,rolling-stock,systems integration,Bench and trainset-level functional tests accepted before dynamic movement.,"motor/inverter factory test, insulation resistance, BMS cell map, contactor test, thermal soak, brake-rate test",traction and energy assurance lead,planned
samawah:SAM-RS-L2-033:qa-12-traction-brake-battery,samawah,SAM-RS-L2-033,line-2 trainset 033,rolling-stock,line-2,qa-12-traction-brake-battery,rolling-stock,systems integration,Bench and trainset-level functional tests accepted before dynamic movement.,"motor/inverter factory test, insulation resistance, BMS cell map, contactor test, thermal soak, brake-rate test",traction and energy assurance lead,planned
samawah:SAM-RS-L2-034:qa-12-traction-brake-battery,samawah,SAM-RS-L2-034,line-2 trainset 034,rolling-stock,line-2,qa-12-traction-brake-battery,rolling-stock,systems integration,Bench and trainset-level functional tests accepted before dynamic movement.,"motor/inverter factory test, insulation resistance, BMS cell map, contactor test, thermal soak, brake-rate test",traction and energy assurance lead,planned
samawah:SAM-RS-L2-035:qa-12-traction-brake-battery,samawah,SAM-RS-L2-035,line-2 trainset 035,rolling-stock,line-2,qa-12-traction-brake-battery,rolling-stock,systems integration,Bench and trainset-level functional tests accepted before dynamic movement.,"motor/inverter factory test, insulation resistance, BMS cell map, contactor test, thermal soak, brake-rate test",traction and energy assurance lead,planned
samawah:SAM-RS-L2-036:qa-12-traction-brake-battery,samawah,SAM-RS-L2-036,line-2 trainset 036,rolling-stock,line-2,qa-12-traction-brake-battery,rolling-stock,systems integration,Bench and trainset-level functional tests accepted before dynamic movement.,"motor/inverter factory test, insulation resistance, BMS cell map, contactor test, thermal soak, brake-rate test",traction and energy assurance lead,planned
samawah:SAM-RS-L3-001:qa-12-traction-brake-battery,samawah,SAM-RS-L3-001,line-3 trainset 001,rolling-stock,line-3,qa-12-traction-brake-battery,rolling-stock,systems integration,Bench and trainset-level functional tests accepted before dynamic movement.,"motor/inverter factory test, insulation resistance, BMS cell map, contactor test, thermal soak, brake-rate test",traction and energy assurance lead,planned
samawah:SAM-RS-L3-002:qa-12-traction-brake-battery,samawah,SAM-RS-L3-002,line-3 trainset 002,rolling-stock,line-3,qa-12-traction-brake-battery,rolling-stock,systems integration,Bench and trainset-level functional tests accepted before dynamic movement.,"motor/inverter factory test, insulation resistance, BMS cell map, contactor test, thermal soak, brake-rate test",traction and energy assurance lead,planned
samawah:SAM-RS-L3-003:qa-12-traction-brake-battery,samawah,SAM-RS-L3-003,line-3 trainset 003,rolling-stock,line-3,qa-12-traction-brake-battery,rolling-stock,systems integration,Bench and trainset-level functional tests accepted before dynamic movement.,"motor/inverter factory test, insulation resistance, BMS cell map, contactor test, thermal soak, brake-rate test",traction and energy assurance lead,planned
samawah:SAM-RS-L3-004:qa-12-traction-brake-battery,samawah,SAM-RS-L3-004,line-3 trainset 004,rolling-stock,line-3,qa-12-traction-brake-battery,rolling-stock,systems integration,Bench and trainset-level functional tests accepted before dynamic movement.,"motor/inverter factory test, insulation resistance, BMS cell map, contactor test, thermal soak, brake-rate test",traction and energy assurance lead,planned
samawah:SAM-RS-L3-005:qa-12-traction-brake-battery,samawah,SAM-RS-L3-005,line-3 trainset 005,rolling-stock,line-3,qa-12-traction-brake-battery,rolling-stock,systems integration,Bench and trainset-level functional tests accepted before dynamic movement.,"motor/inverter factory test, insulation resistance, BMS cell map, contactor test, thermal soak, brake-rate test",traction and energy assurance lead,planned
samawah:SAM-RS-L3-006:qa-12-traction-brake-battery,samawah,SAM-RS-L3-006,line-3 trainset 006,rolling-stock,line-3,qa-12-traction-brake-battery,rolling-stock,systems integration,Bench and trainset-level functional tests accepted before dynamic movement.,"motor/inverter factory test, insulation resistance, BMS cell map, contactor test, thermal soak, brake-rate test",traction and energy assurance lead,planned
samawah:SAM-RS-L3-007:qa-12-traction-brake-battery,samawah,SAM-RS-L3-007,line-3 trainset 007,rolling-stock,line-3,qa-12-traction-brake-battery,rolling-stock,systems integration,Bench and trainset-level functional tests accepted before dynamic movement.,"motor/inverter factory test, insulation resistance, BMS cell map, contactor test, thermal soak, brake-rate test",traction and energy assurance lead,planned
samawah:SAM-RS-L3-008:qa-12-traction-brake-battery,samawah,SAM-RS-L3-008,line-3 trainset 008,rolling-stock,line-3,qa-12-traction-brake-battery,rolling-stock,systems integration,Bench and trainset-level functional tests accepted before dynamic movement.,"motor/inverter factory test, insulation resistance, BMS cell map, contactor test, thermal soak, brake-rate test",traction and energy assurance lead,planned
samawah:SAM-RS-L3-009:qa-12-traction-brake-battery,samawah,SAM-RS-L3-009,line-3 trainset 009,rolling-stock,line-3,qa-12-traction-brake-battery,rolling-stock,systems integration,Bench and trainset-level functional tests accepted before dynamic movement.,"motor/inverter factory test, insulation resistance, BMS cell map, contactor test, thermal soak, brake-rate test",traction and energy assurance lead,planned
samawah:SAM-RS-L3-010:qa-12-traction-brake-battery,samawah,SAM-RS-L3-010,line-3 trainset 010,rolling-stock,line-3,qa-12-traction-brake-battery,rolling-stock,systems integration,Bench and trainset-level functional tests accepted before dynamic movement.,"motor/inverter factory test, insulation resistance, BMS cell map, contactor test, thermal soak, brake-rate test",traction and energy assurance lead,planned
samawah:SAM-RS-L3-011:qa-12-traction-brake-battery,samawah,SAM-RS-L3-011,line-3 trainset 011,rolling-stock,line-3,qa-12-traction-brake-battery,rolling-stock,systems integration,Bench and trainset-level functional tests accepted before dynamic movement.,"motor/inverter factory test, insulation resistance, BMS cell map, contactor test, thermal soak, brake-rate test",traction and energy assurance lead,planned
samawah:SAM-RS-L3-012:qa-12-traction-brake-battery,samawah,SAM-RS-L3-012,line-3 trainset 012,rolling-stock,line-3,qa-12-traction-brake-battery,rolling-stock,systems integration,Bench and trainset-level functional tests accepted before dynamic movement.,"motor/inverter factory test, insulation resistance, BMS cell map, contactor test, thermal soak, brake-rate test",traction and energy assurance lead,planned
samawah:SAM-RS-L3-013:qa-12-traction-brake-battery,samawah,SAM-RS-L3-013,line-3 trainset 013,rolling-stock,line-3,qa-12-traction-brake-battery,rolling-stock,systems integration,Bench and trainset-level functional tests accepted before dynamic movement.,"motor/inverter factory test, insulation resistance, BMS cell map, contactor test, thermal soak, brake-rate test",traction and energy assurance lead,planned
samawah:SAM-RS-L3-014:qa-12-traction-brake-battery,samawah,SAM-RS-L3-014,line-3 trainset 014,rolling-stock,line-3,qa-12-traction-brake-battery,rolling-stock,systems integration,Bench and trainset-level functional tests accepted before dynamic movement.,"motor/inverter factory test, insulation resistance, BMS cell map, contactor test, thermal soak, brake-rate test",traction and energy assurance lead,planned
samawah:SAM-RS-L3-015:qa-12-traction-brake-battery,samawah,SAM-RS-L3-015,line-3 trainset 015,rolling-stock,line-3,qa-12-traction-brake-battery,rolling-stock,systems integration,Bench and trainset-level functional tests accepted before dynamic movement.,"motor/inverter factory test, insulation resistance, BMS cell map, contactor test, thermal soak, brake-rate test",traction and energy assurance lead,planned
samawah:SAM-RS-L3-016:qa-12-traction-brake-battery,samawah,SAM-RS-L3-016,line-3 trainset 016,rolling-stock,line-3,qa-12-traction-brake-battery,rolling-stock,systems integration,Bench and trainset-level functional tests accepted before dynamic movement.,"motor/inverter factory test, insulation resistance, BMS cell map, contactor test, thermal soak, brake-rate test",traction and energy assurance lead,planned
samawah:SAM-RS-L3-017:qa-12-traction-brake-battery,samawah,SAM-RS-L3-017,line-3 trainset 017,rolling-stock,line-3,qa-12-traction-brake-battery,rolling-stock,systems integration,Bench and trainset-level functional tests accepted before dynamic movement.,"motor/inverter factory test, insulation resistance, BMS cell map, contactor test, thermal soak, brake-rate test",traction and energy assurance lead,planned
samawah:SAM-RS-L3-018:qa-12-traction-brake-battery,samawah,SAM-RS-L3-018,line-3 trainset 018,rolling-stock,line-3,qa-12-traction-brake-battery,rolling-stock,systems integration,Bench and trainset-level functional tests accepted before dynamic movement.,"motor/inverter factory test, insulation resistance, BMS cell map, contactor test, thermal soak, brake-rate test",traction and energy assurance lead,planned
samawah:SAM-RS-L3-019:qa-12-traction-brake-battery,samawah,SAM-RS-L3-019,line-3 trainset 019,rolling-stock,line-3,qa-12-traction-brake-battery,rolling-stock,systems integration,Bench and trainset-level functional tests accepted before dynamic movement.,"motor/inverter factory test, insulation resistance, BMS cell map, contactor test, thermal soak, brake-rate test",traction and energy assurance lead,planned
samawah:SAM-RS-L1-001:qa-13-passenger-systems,samawah,SAM-RS-L1-001,line-1 trainset 001,rolling-stock,line-1,qa-13-passenger-systems,rolling-stock,fit-out,"Passenger-facing systems pass functional, accessibility, fire-load, and maintainability checks before trial service.","door cycle log, HVAC performance test, saloon inspection, PRM checklist, emergency equipment inventory",fleet acceptance engineer + accessibility reviewer,planned
samawah:SAM-RS-L1-002:qa-13-passenger-systems,samawah,SAM-RS-L1-002,line-1 trainset 002,rolling-stock,line-1,qa-13-passenger-systems,rolling-stock,fit-out,"Passenger-facing systems pass functional, accessibility, fire-load, and maintainability checks before trial service.","door cycle log, HVAC performance test, saloon inspection, PRM checklist, emergency equipment inventory",fleet acceptance engineer + accessibility reviewer,planned
samawah:SAM-RS-L1-003:qa-13-passenger-systems,samawah,SAM-RS-L1-003,line-1 trainset 003,rolling-stock,line-1,qa-13-passenger-systems,rolling-stock,fit-out,"Passenger-facing systems pass functional, accessibility, fire-load, and maintainability checks before trial service.","door cycle log, HVAC performance test, saloon inspection, PRM checklist, emergency equipment inventory",fleet acceptance engineer + accessibility reviewer,planned
samawah:SAM-RS-L1-004:qa-13-passenger-systems,samawah,SAM-RS-L1-004,line-1 trainset 004,rolling-stock,line-1,qa-13-passenger-systems,rolling-stock,fit-out,"Passenger-facing systems pass functional, accessibility, fire-load, and maintainability checks before trial service.","door cycle log, HVAC performance test, saloon inspection, PRM checklist, emergency equipment inventory",fleet acceptance engineer + accessibility reviewer,planned
samawah:SAM-RS-L1-005:qa-13-passenger-systems,samawah,SAM-RS-L1-005,line-1 trainset 005,rolling-stock,line-1,qa-13-passenger-systems,rolling-stock,fit-out,"Passenger-facing systems pass functional, accessibility, fire-load, and maintainability checks before trial service.","door cycle log, HVAC performance test, saloon inspection, PRM checklist, emergency equipment inventory",fleet acceptance engineer + accessibility reviewer,planned
samawah:SAM-RS-L1-006:qa-13-passenger-systems,samawah,SAM-RS-L1-006,line-1 trainset 006,rolling-stock,line-1,qa-13-passenger-systems,rolling-stock,fit-out,"Passenger-facing systems pass functional, accessibility, fire-load, and maintainability checks before trial service.","door cycle log, HVAC performance test, saloon inspection, PRM checklist, emergency equipment inventory",fleet acceptance engineer + accessibility reviewer,planned
samawah:SAM-RS-L1-007:qa-13-passenger-systems,samawah,SAM-RS-L1-007,line-1 trainset 007,rolling-stock,line-1,qa-13-passenger-systems,rolling-stock,fit-out,"Passenger-facing systems pass functional, accessibility, fire-load, and maintainability checks before trial service.","door cycle log, HVAC performance test, saloon inspection, PRM checklist, emergency equipment inventory",fleet acceptance engineer + accessibility reviewer,planned
samawah:SAM-RS-L1-008:qa-13-passenger-systems,samawah,SAM-RS-L1-008,line-1 trainset 008,rolling-stock,line-1,qa-13-passenger-systems,rolling-stock,fit-out,"Passenger-facing systems pass functional, accessibility, fire-load, and maintainability checks before trial service.","door cycle log, HVAC performance test, saloon inspection, PRM checklist, emergency equipment inventory",fleet acceptance engineer + accessibility reviewer,planned
samawah:SAM-RS-L1-009:qa-13-passenger-systems,samawah,SAM-RS-L1-009,line-1 trainset 009,rolling-stock,line-1,qa-13-passenger-systems,rolling-stock,fit-out,"Passenger-facing systems pass functional, accessibility, fire-load, and maintainability checks before trial service.","door cycle log, HVAC performance test, saloon inspection, PRM checklist, emergency equipment inventory",fleet acceptance engineer + accessibility reviewer,planned
samawah:SAM-RS-L1-010:qa-13-passenger-systems,samawah,SAM-RS-L1-010,line-1 trainset 010,rolling-stock,line-1,qa-13-passenger-systems,rolling-stock,fit-out,"Passenger-facing systems pass functional, accessibility, fire-load, and maintainability checks before trial service.","door cycle log, HVAC performance test, saloon inspection, PRM checklist, emergency equipment inventory",fleet acceptance engineer + accessibility reviewer,planned
samawah:SAM-RS-L1-011:qa-13-passenger-systems,samawah,SAM-RS-L1-011,line-1 trainset 011,rolling-stock,line-1,qa-13-passenger-systems,rolling-stock,fit-out,"Passenger-facing systems pass functional, accessibility, fire-load, and maintainability checks before trial service.","door cycle log, HVAC performance test, saloon inspection, PRM checklist, emergency equipment inventory",fleet acceptance engineer + accessibility reviewer,planned
samawah:SAM-RS-L1-012:qa-13-passenger-systems,samawah,SAM-RS-L1-012,line-1 trainset 012,rolling-stock,line-1,qa-13-passenger-systems,rolling-stock,fit-out,"Passenger-facing systems pass functional, accessibility, fire-load, and maintainability checks before trial service.","door cycle log, HVAC performance test, saloon inspection, PRM checklist, emergency equipment inventory",fleet acceptance engineer + accessibility reviewer,planned
samawah:SAM-RS-L1-013:qa-13-passenger-systems,samawah,SAM-RS-L1-013,line-1 trainset 013,rolling-stock,line-1,qa-13-passenger-systems,rolling-stock,fit-out,"Passenger-facing systems pass functional, accessibility, fire-load, and maintainability checks before trial service.","door cycle log, HVAC performance test, saloon inspection, PRM checklist, emergency equipment inventory",fleet acceptance engineer + accessibility reviewer,planned
samawah:SAM-RS-L1-014:qa-13-passenger-systems,samawah,SAM-RS-L1-014,line-1 trainset 014,rolling-stock,line-1,qa-13-passenger-systems,rolling-stock,fit-out,"Passenger-facing systems pass functional, accessibility, fire-load, and maintainability checks before trial service.","door cycle log, HVAC performance test, saloon inspection, PRM checklist, emergency equipment inventory",fleet acceptance engineer + accessibility reviewer,planned
samawah:SAM-RS-L1-015:qa-13-passenger-systems,samawah,SAM-RS-L1-015,line-1 trainset 015,rolling-stock,line-1,qa-13-passenger-systems,rolling-stock,fit-out,"Passenger-facing systems pass functional, accessibility, fire-load, and maintainability checks before trial service.","door cycle log, HVAC performance test, saloon inspection, PRM checklist, emergency equipment inventory",fleet acceptance engineer + accessibility reviewer,planned
samawah:SAM-RS-L1-016:qa-13-passenger-systems,samawah,SAM-RS-L1-016,line-1 trainset 016,rolling-stock,line-1,qa-13-passenger-systems,rolling-stock,fit-out,"Passenger-facing systems pass functional, accessibility, fire-load, and maintainability checks before trial service.","door cycle log, HVAC performance test, saloon inspection, PRM checklist, emergency equipment inventory",fleet acceptance engineer + accessibility reviewer,planned
samawah:SAM-RS-L1-017:qa-13-passenger-systems,samawah,SAM-RS-L1-017,line-1 trainset 017,rolling-stock,line-1,qa-13-passenger-systems,rolling-stock,fit-out,"Passenger-facing systems pass functional, accessibility, fire-load, and maintainability checks before trial service.","door cycle log, HVAC performance test, saloon inspection, PRM checklist, emergency equipment inventory",fleet acceptance engineer + accessibility reviewer,planned
samawah:SAM-RS-L1-018:qa-13-passenger-systems,samawah,SAM-RS-L1-018,line-1 trainset 018,rolling-stock,line-1,qa-13-passenger-systems,rolling-stock,fit-out,"Passenger-facing systems pass functional, accessibility, fire-load, and maintainability checks before trial service.","door cycle log, HVAC performance test, saloon inspection, PRM checklist, emergency equipment inventory",fleet acceptance engineer + accessibility reviewer,planned
samawah:SAM-RS-L1-019:qa-13-passenger-systems,samawah,SAM-RS-L1-019,line-1 trainset 019,rolling-stock,line-1,qa-13-passenger-systems,rolling-stock,fit-out,"Passenger-facing systems pass functional, accessibility, fire-load, and maintainability checks before trial service.","door cycle log, HVAC performance test, saloon inspection, PRM checklist, emergency equipment inventory",fleet acceptance engineer + accessibility reviewer,planned
samawah:SAM-RS-L1-020:qa-13-passenger-systems,samawah,SAM-RS-L1-020,line-1 trainset 020,rolling-stock,line-1,qa-13-passenger-systems,rolling-stock,fit-out,"Passenger-facing systems pass functional, accessibility, fire-load, and maintainability checks before trial service.","door cycle log, HVAC performance test, saloon inspection, PRM checklist, emergency equipment inventory",fleet acceptance engineer + accessibility reviewer,planned
samawah:SAM-RS-L1-021:qa-13-passenger-systems,samawah,SAM-RS-L1-021,line-1 trainset 021,rolling-stock,line-1,qa-13-passenger-systems,rolling-stock,fit-out,"Passenger-facing systems pass functional, accessibility, fire-load, and maintainability checks before trial service.","door cycle log, HVAC performance test, saloon inspection, PRM checklist, emergency equipment inventory",fleet acceptance engineer + accessibility reviewer,planned
samawah:SAM-RS-L1-022:qa-13-passenger-systems,samawah,SAM-RS-L1-022,line-1 trainset 022,rolling-stock,line-1,qa-13-passenger-systems,rolling-stock,fit-out,"Passenger-facing systems pass functional, accessibility, fire-load, and maintainability checks before trial service.","door cycle log, HVAC performance test, saloon inspection, PRM checklist, emergency equipment inventory",fleet acceptance engineer + accessibility reviewer,planned
samawah:SAM-RS-L1-023:qa-13-passenger-systems,samawah,SAM-RS-L1-023,line-1 trainset 023,rolling-stock,line-1,qa-13-passenger-systems,rolling-stock,fit-out,"Passenger-facing systems pass functional, accessibility, fire-load, and maintainability checks before trial service.","door cycle log, HVAC performance test, saloon inspection, PRM checklist, emergency equipment inventory",fleet acceptance engineer + accessibility reviewer,planned
samawah:SAM-RS-L1-024:qa-13-passenger-systems,samawah,SAM-RS-L1-024,line-1 trainset 024,rolling-stock,line-1,qa-13-passenger-systems,rolling-stock,fit-out,"Passenger-facing systems pass functional, accessibility, fire-load, and maintainability checks before trial service.","door cycle log, HVAC performance test, saloon inspection, PRM checklist, emergency equipment inventory",fleet acceptance engineer + accessibility reviewer,planned
samawah:SAM-RS-L1-025:qa-13-passenger-systems,samawah,SAM-RS-L1-025,line-1 trainset 025,rolling-stock,line-1,qa-13-passenger-systems,rolling-stock,fit-out,"Passenger-facing systems pass functional, accessibility, fire-load, and maintainability checks before trial service.","door cycle log, HVAC performance test, saloon inspection, PRM checklist, emergency equipment inventory",fleet acceptance engineer + accessibility reviewer,planned
samawah:SAM-RS-L1-026:qa-13-passenger-systems,samawah,SAM-RS-L1-026,line-1 trainset 026,rolling-stock,line-1,qa-13-passenger-systems,rolling-stock,fit-out,"Passenger-facing systems pass functional, accessibility, fire-load, and maintainability checks before trial service.","door cycle log, HVAC performance test, saloon inspection, PRM checklist, emergency equipment inventory",fleet acceptance engineer + accessibility reviewer,planned
samawah:SAM-RS-L1-027:qa-13-passenger-systems,samawah,SAM-RS-L1-027,line-1 trainset 027,rolling-stock,line-1,qa-13-passenger-systems,rolling-stock,fit-out,"Passenger-facing systems pass functional, accessibility, fire-load, and maintainability checks before trial service.","door cycle log, HVAC performance test, saloon inspection, PRM checklist, emergency equipment inventory",fleet acceptance engineer + accessibility reviewer,planned
samawah:SAM-RS-L1-028:qa-13-passenger-systems,samawah,SAM-RS-L1-028,line-1 trainset 028,rolling-stock,line-1,qa-13-passenger-systems,rolling-stock,fit-out,"Passenger-facing systems pass functional, accessibility, fire-load, and maintainability checks before trial service.","door cycle log, HVAC performance test, saloon inspection, PRM checklist, emergency equipment inventory",fleet acceptance engineer + accessibility reviewer,planned
samawah:SAM-RS-L1-029:qa-13-passenger-systems,samawah,SAM-RS-L1-029,line-1 trainset 029,rolling-stock,line-1,qa-13-passenger-systems,rolling-stock,fit-out,"Passenger-facing systems pass functional, accessibility, fire-load, and maintainability checks before trial service.","door cycle log, HVAC performance test, saloon inspection, PRM checklist, emergency equipment inventory",fleet acceptance engineer + accessibility reviewer,planned
samawah:SAM-RS-L1-030:qa-13-passenger-systems,samawah,SAM-RS-L1-030,line-1 trainset 030,rolling-stock,line-1,qa-13-passenger-systems,rolling-stock,fit-out,"Passenger-facing systems pass functional, accessibility, fire-load, and maintainability checks before trial service.","door cycle log, HVAC performance test, saloon inspection, PRM checklist, emergency equipment inventory",fleet acceptance engineer + accessibility reviewer,planned
samawah:SAM-RS-L1-031:qa-13-passenger-systems,samawah,SAM-RS-L1-031,line-1 trainset 031,rolling-stock,line-1,qa-13-passenger-systems,rolling-stock,fit-out,"Passenger-facing systems pass functional, accessibility, fire-load, and maintainability checks before trial service.","door cycle log, HVAC performance test, saloon inspection, PRM checklist, emergency equipment inventory",fleet acceptance engineer + accessibility reviewer,planned
samawah:SAM-RS-L1-032:qa-13-passenger-systems,samawah,SAM-RS-L1-032,line-1 trainset 032,rolling-stock,line-1,qa-13-passenger-systems,rolling-stock,fit-out,"Passenger-facing systems pass functional, accessibility, fire-load, and maintainability checks before trial service.","door cycle log, HVAC performance test, saloon inspection, PRM checklist, emergency equipment inventory",fleet acceptance engineer + accessibility reviewer,planned
samawah:SAM-RS-L1-033:qa-13-passenger-systems,samawah,SAM-RS-L1-033,line-1 trainset 033,rolling-stock,line-1,qa-13-passenger-systems,rolling-stock,fit-out,"Passenger-facing systems pass functional, accessibility, fire-load, and maintainability checks before trial service.","door cycle log, HVAC performance test, saloon inspection, PRM checklist, emergency equipment inventory",fleet acceptance engineer + accessibility reviewer,planned
samawah:SAM-RS-L1-034:qa-13-passenger-systems,samawah,SAM-RS-L1-034,line-1 trainset 034,rolling-stock,line-1,qa-13-passenger-systems,rolling-stock,fit-out,"Passenger-facing systems pass functional, accessibility, fire-load, and maintainability checks before trial service.","door cycle log, HVAC performance test, saloon inspection, PRM checklist, emergency equipment inventory",fleet acceptance engineer + accessibility reviewer,planned
samawah:SAM-RS-L1-035:qa-13-passenger-systems,samawah,SAM-RS-L1-035,line-1 trainset 035,rolling-stock,line-1,qa-13-passenger-systems,rolling-stock,fit-out,"Passenger-facing systems pass functional, accessibility, fire-load, and maintainability checks before trial service.","door cycle log, HVAC performance test, saloon inspection, PRM checklist, emergency equipment inventory",fleet acceptance engineer + accessibility reviewer,planned
samawah:SAM-RS-L1-036:qa-13-passenger-systems,samawah,SAM-RS-L1-036,line-1 trainset 036,rolling-stock,line-1,qa-13-passenger-systems,rolling-stock,fit-out,"Passenger-facing systems pass functional, accessibility, fire-load, and maintainability checks before trial service.","door cycle log, HVAC performance test, saloon inspection, PRM checklist, emergency equipment inventory",fleet acceptance engineer + accessibility reviewer,planned
samawah:SAM-RS-L1-037:qa-13-passenger-systems,samawah,SAM-RS-L1-037,line-1 trainset 037,rolling-stock,line-1,qa-13-passenger-systems,rolling-stock,fit-out,"Passenger-facing systems pass functional, accessibility, fire-load, and maintainability checks before trial service.","door cycle log, HVAC performance test, saloon inspection, PRM checklist, emergency equipment inventory",fleet acceptance engineer + accessibility reviewer,planned
samawah:SAM-RS-L1-038:qa-13-passenger-systems,samawah,SAM-RS-L1-038,line-1 trainset 038,rolling-stock,line-1,qa-13-passenger-systems,rolling-stock,fit-out,"Passenger-facing systems pass functional, accessibility, fire-load, and maintainability checks before trial service.","door cycle log, HVAC performance test, saloon inspection, PRM checklist, emergency equipment inventory",fleet acceptance engineer + accessibility reviewer,planned
samawah:SAM-RS-L1-039:qa-13-passenger-systems,samawah,SAM-RS-L1-039,line-1 trainset 039,rolling-stock,line-1,qa-13-passenger-systems,rolling-stock,fit-out,"Passenger-facing systems pass functional, accessibility, fire-load, and maintainability checks before trial service.","door cycle log, HVAC performance test, saloon inspection, PRM checklist, emergency equipment inventory",fleet acceptance engineer + accessibility reviewer,planned
samawah:SAM-RS-L1-040:qa-13-passenger-systems,samawah,SAM-RS-L1-040,line-1 trainset 040,rolling-stock,line-1,qa-13-passenger-systems,rolling-stock,fit-out,"Passenger-facing systems pass functional, accessibility, fire-load, and maintainability checks before trial service.","door cycle log, HVAC performance test, saloon inspection, PRM checklist, emergency equipment inventory",fleet acceptance engineer + accessibility reviewer,planned
samawah:SAM-RS-L1-041:qa-13-passenger-systems,samawah,SAM-RS-L1-041,line-1 trainset 041,rolling-stock,line-1,qa-13-passenger-systems,rolling-stock,fit-out,"Passenger-facing systems pass functional, accessibility, fire-load, and maintainability checks before trial service.","door cycle log, HVAC performance test, saloon inspection, PRM checklist, emergency equipment inventory",fleet acceptance engineer + accessibility reviewer,planned
samawah:SAM-RS-L2-001:qa-13-passenger-systems,samawah,SAM-RS-L2-001,line-2 trainset 001,rolling-stock,line-2,qa-13-passenger-systems,rolling-stock,fit-out,"Passenger-facing systems pass functional, accessibility, fire-load, and maintainability checks before trial service.","door cycle log, HVAC performance test, saloon inspection, PRM checklist, emergency equipment inventory",fleet acceptance engineer + accessibility reviewer,planned
samawah:SAM-RS-L2-002:qa-13-passenger-systems,samawah,SAM-RS-L2-002,line-2 trainset 002,rolling-stock,line-2,qa-13-passenger-systems,rolling-stock,fit-out,"Passenger-facing systems pass functional, accessibility, fire-load, and maintainability checks before trial service.","door cycle log, HVAC performance test, saloon inspection, PRM checklist, emergency equipment inventory",fleet acceptance engineer + accessibility reviewer,planned
samawah:SAM-RS-L2-003:qa-13-passenger-systems,samawah,SAM-RS-L2-003,line-2 trainset 003,rolling-stock,line-2,qa-13-passenger-systems,rolling-stock,fit-out,"Passenger-facing systems pass functional, accessibility, fire-load, and maintainability checks before trial service.","door cycle log, HVAC performance test, saloon inspection, PRM checklist, emergency equipment inventory",fleet acceptance engineer + accessibility reviewer,planned
samawah:SAM-RS-L2-004:qa-13-passenger-systems,samawah,SAM-RS-L2-004,line-2 trainset 004,rolling-stock,line-2,qa-13-passenger-systems,rolling-stock,fit-out,"Passenger-facing systems pass functional, accessibility, fire-load, and maintainability checks before trial service.","door cycle log, HVAC performance test, saloon inspection, PRM checklist, emergency equipment inventory",fleet acceptance engineer + accessibility reviewer,planned
samawah:SAM-RS-L2-005:qa-13-passenger-systems,samawah,SAM-RS-L2-005,line-2 trainset 005,rolling-stock,line-2,qa-13-passenger-systems,rolling-stock,fit-out,"Passenger-facing systems pass functional, accessibility, fire-load, and maintainability checks before trial service.","door cycle log, HVAC performance test, saloon inspection, PRM checklist, emergency equipment inventory",fleet acceptance engineer + accessibility reviewer,planned
samawah:SAM-RS-L2-006:qa-13-passenger-systems,samawah,SAM-RS-L2-006,line-2 trainset 006,rolling-stock,line-2,qa-13-passenger-systems,rolling-stock,fit-out,"Passenger-facing systems pass functional, accessibility, fire-load, and maintainability checks before trial service.","door cycle log, HVAC performance test, saloon inspection, PRM checklist, emergency equipment inventory",fleet acceptance engineer + accessibility reviewer,planned
samawah:SAM-RS-L2-007:qa-13-passenger-systems,samawah,SAM-RS-L2-007,line-2 trainset 007,rolling-stock,line-2,qa-13-passenger-systems,rolling-stock,fit-out,"Passenger-facing systems pass functional, accessibility, fire-load, and maintainability checks before trial service.","door cycle log, HVAC performance test, saloon inspection, PRM checklist, emergency equipment inventory",fleet acceptance engineer + accessibility reviewer,planned
samawah:SAM-RS-L2-008:qa-13-passenger-systems,samawah,SAM-RS-L2-008,line-2 trainset 008,rolling-stock,line-2,qa-13-passenger-systems,rolling-stock,fit-out,"Passenger-facing systems pass functional, accessibility, fire-load, and maintainability checks before trial service.","door cycle log, HVAC performance test, saloon inspection, PRM checklist, emergency equipment inventory",fleet acceptance engineer + accessibility reviewer,planned
samawah:SAM-RS-L2-009:qa-13-passenger-systems,samawah,SAM-RS-L2-009,line-2 trainset 009,rolling-stock,line-2,qa-13-passenger-systems,rolling-stock,fit-out,"Passenger-facing systems pass functional, accessibility, fire-load, and maintainability checks before trial service.","door cycle log, HVAC performance test, saloon inspection, PRM checklist, emergency equipment inventory",fleet acceptance engineer + accessibility reviewer,planned
samawah:SAM-RS-L2-010:qa-13-passenger-systems,samawah,SAM-RS-L2-010,line-2 trainset 010,rolling-stock,line-2,qa-13-passenger-systems,rolling-stock,fit-out,"Passenger-facing systems pass functional, accessibility, fire-load, and maintainability checks before trial service.","door cycle log, HVAC performance test, saloon inspection, PRM checklist, emergency equipment inventory",fleet acceptance engineer + accessibility reviewer,planned
samawah:SAM-RS-L2-011:qa-13-passenger-systems,samawah,SAM-RS-L2-011,line-2 trainset 011,rolling-stock,line-2,qa-13-passenger-systems,rolling-stock,fit-out,"Passenger-facing systems pass functional, accessibility, fire-load, and maintainability checks before trial service.","door cycle log, HVAC performance test, saloon inspection, PRM checklist, emergency equipment inventory",fleet acceptance engineer + accessibility reviewer,planned
samawah:SAM-RS-L2-012:qa-13-passenger-systems,samawah,SAM-RS-L2-012,line-2 trainset 012,rolling-stock,line-2,qa-13-passenger-systems,rolling-stock,fit-out,"Passenger-facing systems pass functional, accessibility, fire-load, and maintainability checks before trial service.","door cycle log, HVAC performance test, saloon inspection, PRM checklist, emergency equipment inventory",fleet acceptance engineer + accessibility reviewer,planned
samawah:SAM-RS-L2-013:qa-13-passenger-systems,samawah,SAM-RS-L2-013,line-2 trainset 013,rolling-stock,line-2,qa-13-passenger-systems,rolling-stock,fit-out,"Passenger-facing systems pass functional, accessibility, fire-load, and maintainability checks before trial service.","door cycle log, HVAC performance test, saloon inspection, PRM checklist, emergency equipment inventory",fleet acceptance engineer + accessibility reviewer,planned
samawah:SAM-RS-L2-014:qa-13-passenger-systems,samawah,SAM-RS-L2-014,line-2 trainset 014,rolling-stock,line-2,qa-13-passenger-systems,rolling-stock,fit-out,"Passenger-facing systems pass functional, accessibility, fire-load, and maintainability checks before trial service.","door cycle log, HVAC performance test, saloon inspection, PRM checklist, emergency equipment inventory",fleet acceptance engineer + accessibility reviewer,planned
samawah:SAM-RS-L2-015:qa-13-passenger-systems,samawah,SAM-RS-L2-015,line-2 trainset 015,rolling-stock,line-2,qa-13-passenger-systems,rolling-stock,fit-out,"Passenger-facing systems pass functional, accessibility, fire-load, and maintainability checks before trial service.","door cycle log, HVAC performance test, saloon inspection, PRM checklist, emergency equipment inventory",fleet acceptance engineer + accessibility reviewer,planned
samawah:SAM-RS-L2-016:qa-13-passenger-systems,samawah,SAM-RS-L2-016,line-2 trainset 016,rolling-stock,line-2,qa-13-passenger-systems,rolling-stock,fit-out,"Passenger-facing systems pass functional, accessibility, fire-load, and maintainability checks before trial service.","door cycle log, HVAC performance test, saloon inspection, PRM checklist, emergency equipment inventory",fleet acceptance engineer + accessibility reviewer,planned
samawah:SAM-RS-L2-017:qa-13-passenger-systems,samawah,SAM-RS-L2-017,line-2 trainset 017,rolling-stock,line-2,qa-13-passenger-systems,rolling-stock,fit-out,"Passenger-facing systems pass functional, accessibility, fire-load, and maintainability checks before trial service.","door cycle log, HVAC performance test, saloon inspection, PRM checklist, emergency equipment inventory",fleet acceptance engineer + accessibility reviewer,planned
samawah:SAM-RS-L2-018:qa-13-passenger-systems,samawah,SAM-RS-L2-018,line-2 trainset 018,rolling-stock,line-2,qa-13-passenger-systems,rolling-stock,fit-out,"Passenger-facing systems pass functional, accessibility, fire-load, and maintainability checks before trial service.","door cycle log, HVAC performance test, saloon inspection, PRM checklist, emergency equipment inventory",fleet acceptance engineer + accessibility reviewer,planned
samawah:SAM-RS-L2-019:qa-13-passenger-systems,samawah,SAM-RS-L2-019,line-2 trainset 019,rolling-stock,line-2,qa-13-passenger-systems,rolling-stock,fit-out,"Passenger-facing systems pass functional, accessibility, fire-load, and maintainability checks before trial service.","door cycle log, HVAC performance test, saloon inspection, PRM checklist, emergency equipment inventory",fleet acceptance engineer + accessibility reviewer,planned
samawah:SAM-RS-L2-020:qa-13-passenger-systems,samawah,SAM-RS-L2-020,line-2 trainset 020,rolling-stock,line-2,qa-13-passenger-systems,rolling-stock,fit-out,"Passenger-facing systems pass functional, accessibility, fire-load, and maintainability checks before trial service.","door cycle log, HVAC performance test, saloon inspection, PRM checklist, emergency equipment inventory",fleet acceptance engineer + accessibility reviewer,planned
samawah:SAM-RS-L2-021:qa-13-passenger-systems,samawah,SAM-RS-L2-021,line-2 trainset 021,rolling-stock,line-2,qa-13-passenger-systems,rolling-stock,fit-out,"Passenger-facing systems pass functional, accessibility, fire-load, and maintainability checks before trial service.","door cycle log, HVAC performance test, saloon inspection, PRM checklist, emergency equipment inventory",fleet acceptance engineer + accessibility reviewer,planned
samawah:SAM-RS-L2-022:qa-13-passenger-systems,samawah,SAM-RS-L2-022,line-2 trainset 022,rolling-stock,line-2,qa-13-passenger-systems,rolling-stock,fit-out,"Passenger-facing systems pass functional, accessibility, fire-load, and maintainability checks before trial service.","door cycle log, HVAC performance test, saloon inspection, PRM checklist, emergency equipment inventory",fleet acceptance engineer + accessibility reviewer,planned
samawah:SAM-RS-L2-023:qa-13-passenger-systems,samawah,SAM-RS-L2-023,line-2 trainset 023,rolling-stock,line-2,qa-13-passenger-systems,rolling-stock,fit-out,"Passenger-facing systems pass functional, accessibility, fire-load, and maintainability checks before trial service.","door cycle log, HVAC performance test, saloon inspection, PRM checklist, emergency equipment inventory",fleet acceptance engineer + accessibility reviewer,planned
samawah:SAM-RS-L2-024:qa-13-passenger-systems,samawah,SAM-RS-L2-024,line-2 trainset 024,rolling-stock,line-2,qa-13-passenger-systems,rolling-stock,fit-out,"Passenger-facing systems pass functional, accessibility, fire-load, and maintainability checks before trial service.","door cycle log, HVAC performance test, saloon inspection, PRM checklist, emergency equipment inventory",fleet acceptance engineer + accessibility reviewer,planned
samawah:SAM-RS-L2-025:qa-13-passenger-systems,samawah,SAM-RS-L2-025,line-2 trainset 025,rolling-stock,line-2,qa-13-passenger-systems,rolling-stock,fit-out,"Passenger-facing systems pass functional, accessibility, fire-load, and maintainability checks before trial service.","door cycle log, HVAC performance test, saloon inspection, PRM checklist, emergency equipment inventory",fleet acceptance engineer + accessibility reviewer,planned
samawah:SAM-RS-L2-026:qa-13-passenger-systems,samawah,SAM-RS-L2-026,line-2 trainset 026,rolling-stock,line-2,qa-13-passenger-systems,rolling-stock,fit-out,"Passenger-facing systems pass functional, accessibility, fire-load, and maintainability checks before trial service.","door cycle log, HVAC performance test, saloon inspection, PRM checklist, emergency equipment inventory",fleet acceptance engineer + accessibility reviewer,planned
samawah:SAM-RS-L2-027:qa-13-passenger-systems,samawah,SAM-RS-L2-027,line-2 trainset 027,rolling-stock,line-2,qa-13-passenger-systems,rolling-stock,fit-out,"Passenger-facing systems pass functional, accessibility, fire-load, and maintainability checks before trial service.","door cycle log, HVAC performance test, saloon inspection, PRM checklist, emergency equipment inventory",fleet acceptance engineer + accessibility reviewer,planned
samawah:SAM-RS-L2-028:qa-13-passenger-systems,samawah,SAM-RS-L2-028,line-2 trainset 028,rolling-stock,line-2,qa-13-passenger-systems,rolling-stock,fit-out,"Passenger-facing systems pass functional, accessibility, fire-load, and maintainability checks before trial service.","door cycle log, HVAC performance test, saloon inspection, PRM checklist, emergency equipment inventory",fleet acceptance engineer + accessibility reviewer,planned
samawah:SAM-RS-L2-029:qa-13-passenger-systems,samawah,SAM-RS-L2-029,line-2 trainset 029,rolling-stock,line-2,qa-13-passenger-systems,rolling-stock,fit-out,"Passenger-facing systems pass functional, accessibility, fire-load, and maintainability checks before trial service.","door cycle log, HVAC performance test, saloon inspection, PRM checklist, emergency equipment inventory",fleet acceptance engineer + accessibility reviewer,planned
samawah:SAM-RS-L2-030:qa-13-passenger-systems,samawah,SAM-RS-L2-030,line-2 trainset 030,rolling-stock,line-2,qa-13-passenger-systems,rolling-stock,fit-out,"Passenger-facing systems pass functional, accessibility, fire-load, and maintainability checks before trial service.","door cycle log, HVAC performance test, saloon inspection, PRM checklist, emergency equipment inventory",fleet acceptance engineer + accessibility reviewer,planned
samawah:SAM-RS-L2-031:qa-13-passenger-systems,samawah,SAM-RS-L2-031,line-2 trainset 031,rolling-stock,line-2,qa-13-passenger-systems,rolling-stock,fit-out,"Passenger-facing systems pass functional, accessibility, fire-load, and maintainability checks before trial service.","door cycle log, HVAC performance test, saloon inspection, PRM checklist, emergency equipment inventory",fleet acceptance engineer + accessibility reviewer,planned
samawah:SAM-RS-L2-032:qa-13-passenger-systems,samawah,SAM-RS-L2-032,line-2 trainset 032,rolling-stock,line-2,qa-13-passenger-systems,rolling-stock,fit-out,"Passenger-facing systems pass functional, accessibility, fire-load, and maintainability checks before trial service.","door cycle log, HVAC performance test, saloon inspection, PRM checklist, emergency equipment inventory",fleet acceptance engineer + accessibility reviewer,planned
samawah:SAM-RS-L2-033:qa-13-passenger-systems,samawah,SAM-RS-L2-033,line-2 trainset 033,rolling-stock,line-2,qa-13-passenger-systems,rolling-stock,fit-out,"Passenger-facing systems pass functional, accessibility, fire-load, and maintainability checks before trial service.","door cycle log, HVAC performance test, saloon inspection, PRM checklist, emergency equipment inventory",fleet acceptance engineer + accessibility reviewer,planned
samawah:SAM-RS-L2-034:qa-13-passenger-systems,samawah,SAM-RS-L2-034,line-2 trainset 034,rolling-stock,line-2,qa-13-passenger-systems,rolling-stock,fit-out,"Passenger-facing systems pass functional, accessibility, fire-load, and maintainability checks before trial service.","door cycle log, HVAC performance test, saloon inspection, PRM checklist, emergency equipment inventory",fleet acceptance engineer + accessibility reviewer,planned
samawah:SAM-RS-L2-035:qa-13-passenger-systems,samawah,SAM-RS-L2-035,line-2 trainset 035,rolling-stock,line-2,qa-13-passenger-systems,rolling-stock,fit-out,"Passenger-facing systems pass functional, accessibility, fire-load, and maintainability checks before trial service.","door cycle log, HVAC performance test, saloon inspection, PRM checklist, emergency equipment inventory",fleet acceptance engineer + accessibility reviewer,planned
samawah:SAM-RS-L2-036:qa-13-passenger-systems,samawah,SAM-RS-L2-036,line-2 trainset 036,rolling-stock,line-2,qa-13-passenger-systems,rolling-stock,fit-out,"Passenger-facing systems pass functional, accessibility, fire-load, and maintainability checks before trial service.","door cycle log, HVAC performance test, saloon inspection, PRM checklist, emergency equipment inventory",fleet acceptance engineer + accessibility reviewer,planned
samawah:SAM-RS-L3-001:qa-13-passenger-systems,samawah,SAM-RS-L3-001,line-3 trainset 001,rolling-stock,line-3,qa-13-passenger-systems,rolling-stock,fit-out,"Passenger-facing systems pass functional, accessibility, fire-load, and maintainability checks before trial service.","door cycle log, HVAC performance test, saloon inspection, PRM checklist, emergency equipment inventory",fleet acceptance engineer + accessibility reviewer,planned
samawah:SAM-RS-L3-002:qa-13-passenger-systems,samawah,SAM-RS-L3-002,line-3 trainset 002,rolling-stock,line-3,qa-13-passenger-systems,rolling-stock,fit-out,"Passenger-facing systems pass functional, accessibility, fire-load, and maintainability checks before trial service.","door cycle log, HVAC performance test, saloon inspection, PRM checklist, emergency equipment inventory",fleet acceptance engineer + accessibility reviewer,planned
samawah:SAM-RS-L3-003:qa-13-passenger-systems,samawah,SAM-RS-L3-003,line-3 trainset 003,rolling-stock,line-3,qa-13-passenger-systems,rolling-stock,fit-out,"Passenger-facing systems pass functional, accessibility, fire-load, and maintainability checks before trial service.","door cycle log, HVAC performance test, saloon inspection, PRM checklist, emergency equipment inventory",fleet acceptance engineer + accessibility reviewer,planned
samawah:SAM-RS-L3-004:qa-13-passenger-systems,samawah,SAM-RS-L3-004,line-3 trainset 004,rolling-stock,line-3,qa-13-passenger-systems,rolling-stock,fit-out,"Passenger-facing systems pass functional, accessibility, fire-load, and maintainability checks before trial service.","door cycle log, HVAC performance test, saloon inspection, PRM checklist, emergency equipment inventory",fleet acceptance engineer + accessibility reviewer,planned
samawah:SAM-RS-L3-005:qa-13-passenger-systems,samawah,SAM-RS-L3-005,line-3 trainset 005,rolling-stock,line-3,qa-13-passenger-systems,rolling-stock,fit-out,"Passenger-facing systems pass functional, accessibility, fire-load, and maintainability checks before trial service.","door cycle log, HVAC performance test, saloon inspection, PRM checklist, emergency equipment inventory",fleet acceptance engineer + accessibility reviewer,planned
samawah:SAM-RS-L3-006:qa-13-passenger-systems,samawah,SAM-RS-L3-006,line-3 trainset 006,rolling-stock,line-3,qa-13-passenger-systems,rolling-stock,fit-out,"Passenger-facing systems pass functional, accessibility, fire-load, and maintainability checks before trial service.","door cycle log, HVAC performance test, saloon inspection, PRM checklist, emergency equipment inventory",fleet acceptance engineer + accessibility reviewer,planned
samawah:SAM-RS-L3-007:qa-13-passenger-systems,samawah,SAM-RS-L3-007,line-3 trainset 007,rolling-stock,line-3,qa-13-passenger-systems,rolling-stock,fit-out,"Passenger-facing systems pass functional, accessibility, fire-load, and maintainability checks before trial service.","door cycle log, HVAC performance test, saloon inspection, PRM checklist, emergency equipment inventory",fleet acceptance engineer + accessibility reviewer,planned
samawah:SAM-RS-L3-008:qa-13-passenger-systems,samawah,SAM-RS-L3-008,line-3 trainset 008,rolling-stock,line-3,qa-13-passenger-systems,rolling-stock,fit-out,"Passenger-facing systems pass functional, accessibility, fire-load, and maintainability checks before trial service.","door cycle log, HVAC performance test, saloon inspection, PRM checklist, emergency equipment inventory",fleet acceptance engineer + accessibility reviewer,planned
samawah:SAM-RS-L3-009:qa-13-passenger-systems,samawah,SAM-RS-L3-009,line-3 trainset 009,rolling-stock,line-3,qa-13-passenger-systems,rolling-stock,fit-out,"Passenger-facing systems pass functional, accessibility, fire-load, and maintainability checks before trial service.","door cycle log, HVAC performance test, saloon inspection, PRM checklist, emergency equipment inventory",fleet acceptance engineer + accessibility reviewer,planned
samawah:SAM-RS-L3-010:qa-13-passenger-systems,samawah,SAM-RS-L3-010,line-3 trainset 010,rolling-stock,line-3,qa-13-passenger-systems,rolling-stock,fit-out,"Passenger-facing systems pass functional, accessibility, fire-load, and maintainability checks before trial service.","door cycle log, HVAC performance test, saloon inspection, PRM checklist, emergency equipment inventory",fleet acceptance engineer + accessibility reviewer,planned
samawah:SAM-RS-L3-011:qa-13-passenger-systems,samawah,SAM-RS-L3-011,line-3 trainset 011,rolling-stock,line-3,qa-13-passenger-systems,rolling-stock,fit-out,"Passenger-facing systems pass functional, accessibility, fire-load, and maintainability checks before trial service.","door cycle log, HVAC performance test, saloon inspection, PRM checklist, emergency equipment inventory",fleet acceptance engineer + accessibility reviewer,planned
samawah:SAM-RS-L3-012:qa-13-passenger-systems,samawah,SAM-RS-L3-012,line-3 trainset 012,rolling-stock,line-3,qa-13-passenger-systems,rolling-stock,fit-out,"Passenger-facing systems pass functional, accessibility, fire-load, and maintainability checks before trial service.","door cycle log, HVAC performance test, saloon inspection, PRM checklist, emergency equipment inventory",fleet acceptance engineer + accessibility reviewer,planned
samawah:SAM-RS-L3-013:qa-13-passenger-systems,samawah,SAM-RS-L3-013,line-3 trainset 013,rolling-stock,line-3,qa-13-passenger-systems,rolling-stock,fit-out,"Passenger-facing systems pass functional, accessibility, fire-load, and maintainability checks before trial service.","door cycle log, HVAC performance test, saloon inspection, PRM checklist, emergency equipment inventory",fleet acceptance engineer + accessibility reviewer,planned
samawah:SAM-RS-L3-014:qa-13-passenger-systems,samawah,SAM-RS-L3-014,line-3 trainset 014,rolling-stock,line-3,qa-13-passenger-systems,rolling-stock,fit-out,"Passenger-facing systems pass functional, accessibility, fire-load, and maintainability checks before trial service.","door cycle log, HVAC performance test, saloon inspection, PRM checklist, emergency equipment inventory",fleet acceptance engineer + accessibility reviewer,planned
samawah:SAM-RS-L3-015:qa-13-passenger-systems,samawah,SAM-RS-L3-015,line-3 trainset 015,rolling-stock,line-3,qa-13-passenger-systems,rolling-stock,fit-out,"Passenger-facing systems pass functional, accessibility, fire-load, and maintainability checks before trial service.","door cycle log, HVAC performance test, saloon inspection, PRM checklist, emergency equipment inventory",fleet acceptance engineer + accessibility reviewer,planned
samawah:SAM-RS-L3-016:qa-13-passenger-systems,samawah,SAM-RS-L3-016,line-3 trainset 016,rolling-stock,line-3,qa-13-passenger-systems,rolling-stock,fit-out,"Passenger-facing systems pass functional, accessibility, fire-load, and maintainability checks before trial service.","door cycle log, HVAC performance test, saloon inspection, PRM checklist, emergency equipment inventory",fleet acceptance engineer + accessibility reviewer,planned
samawah:SAM-RS-L3-017:qa-13-passenger-systems,samawah,SAM-RS-L3-017,line-3 trainset 017,rolling-stock,line-3,qa-13-passenger-systems,rolling-stock,fit-out,"Passenger-facing systems pass functional, accessibility, fire-load, and maintainability checks before trial service.","door cycle log, HVAC performance test, saloon inspection, PRM checklist, emergency equipment inventory",fleet acceptance engineer + accessibility reviewer,planned
samawah:SAM-RS-L3-018:qa-13-passenger-systems,samawah,SAM-RS-L3-018,line-3 trainset 018,rolling-stock,line-3,qa-13-passenger-systems,rolling-stock,fit-out,"Passenger-facing systems pass functional, accessibility, fire-load, and maintainability checks before trial service.","door cycle log, HVAC performance test, saloon inspection, PRM checklist, emergency equipment inventory",fleet acceptance engineer + accessibility reviewer,planned
samawah:SAM-RS-L3-019:qa-13-passenger-systems,samawah,SAM-RS-L3-019,line-3 trainset 019,rolling-stock,line-3,qa-13-passenger-systems,rolling-stock,fit-out,"Passenger-facing systems pass functional, accessibility, fire-load, and maintainability checks before trial service.","door cycle log, HVAC performance test, saloon inspection, PRM checklist, emergency equipment inventory",fleet acceptance engineer + accessibility reviewer,planned
samawah:SAM-RS-L1-001:qa-14-onboard-control,samawah,SAM-RS-L1-001,line-1 trainset 001,rolling-stock,line-1,qa-14-onboard-control,rolling-stock,software/hardware acceptance,"Hardware identity, firmware versions, message authentication, degraded-mode response, and simulator replay pass before line testing.","hardware serial register, firmware hash register, cybersecurity checklist, simulator replay, trainline continuity test",safety software lead,planned
samawah:SAM-RS-L1-002:qa-14-onboard-control,samawah,SAM-RS-L1-002,line-1 trainset 002,rolling-stock,line-1,qa-14-onboard-control,rolling-stock,software/hardware acceptance,"Hardware identity, firmware versions, message authentication, degraded-mode response, and simulator replay pass before line testing.","hardware serial register, firmware hash register, cybersecurity checklist, simulator replay, trainline continuity test",safety software lead,planned
samawah:SAM-RS-L1-003:qa-14-onboard-control,samawah,SAM-RS-L1-003,line-1 trainset 003,rolling-stock,line-1,qa-14-onboard-control,rolling-stock,software/hardware acceptance,"Hardware identity, firmware versions, message authentication, degraded-mode response, and simulator replay pass before line testing.","hardware serial register, firmware hash register, cybersecurity checklist, simulator replay, trainline continuity test",safety software lead,planned
samawah:SAM-RS-L1-004:qa-14-onboard-control,samawah,SAM-RS-L1-004,line-1 trainset 004,rolling-stock,line-1,qa-14-onboard-control,rolling-stock,software/hardware acceptance,"Hardware identity, firmware versions, message authentication, degraded-mode response, and simulator replay pass before line testing.","hardware serial register, firmware hash register, cybersecurity checklist, simulator replay, trainline continuity test",safety software lead,planned
samawah:SAM-RS-L1-005:qa-14-onboard-control,samawah,SAM-RS-L1-005,line-1 trainset 005,rolling-stock,line-1,qa-14-onboard-control,rolling-stock,software/hardware acceptance,"Hardware identity, firmware versions, message authentication, degraded-mode response, and simulator replay pass before line testing.","hardware serial register, firmware hash register, cybersecurity checklist, simulator replay, trainline continuity test",safety software lead,planned
samawah:SAM-RS-L1-006:qa-14-onboard-control,samawah,SAM-RS-L1-006,line-1 trainset 006,rolling-stock,line-1,qa-14-onboard-control,rolling-stock,software/hardware acceptance,"Hardware identity, firmware versions, message authentication, degraded-mode response, and simulator replay pass before line testing.","hardware serial register, firmware hash register, cybersecurity checklist, simulator replay, trainline continuity test",safety software lead,planned
samawah:SAM-RS-L1-007:qa-14-onboard-control,samawah,SAM-RS-L1-007,line-1 trainset 007,rolling-stock,line-1,qa-14-onboard-control,rolling-stock,software/hardware acceptance,"Hardware identity, firmware versions, message authentication, degraded-mode response, and simulator replay pass before line testing.","hardware serial register, firmware hash register, cybersecurity checklist, simulator replay, trainline continuity test",safety software lead,planned
samawah:SAM-RS-L1-008:qa-14-onboard-control,samawah,SAM-RS-L1-008,line-1 trainset 008,rolling-stock,line-1,qa-14-onboard-control,rolling-stock,software/hardware acceptance,"Hardware identity, firmware versions, message authentication, degraded-mode response, and simulator replay pass before line testing.","hardware serial register, firmware hash register, cybersecurity checklist, simulator replay, trainline continuity test",safety software lead,planned
samawah:SAM-RS-L1-009:qa-14-onboard-control,samawah,SAM-RS-L1-009,line-1 trainset 009,rolling-stock,line-1,qa-14-onboard-control,rolling-stock,software/hardware acceptance,"Hardware identity, firmware versions, message authentication, degraded-mode response, and simulator replay pass before line testing.","hardware serial register, firmware hash register, cybersecurity checklist, simulator replay, trainline continuity test",safety software lead,planned
samawah:SAM-RS-L1-010:qa-14-onboard-control,samawah,SAM-RS-L1-010,line-1 trainset 010,rolling-stock,line-1,qa-14-onboard-control,rolling-stock,software/hardware acceptance,"Hardware identity, firmware versions, message authentication, degraded-mode response, and simulator replay pass before line testing.","hardware serial register, firmware hash register, cybersecurity checklist, simulator replay, trainline continuity test",safety software lead,planned
samawah:SAM-RS-L1-011:qa-14-onboard-control,samawah,SAM-RS-L1-011,line-1 trainset 011,rolling-stock,line-1,qa-14-onboard-control,rolling-stock,software/hardware acceptance,"Hardware identity, firmware versions, message authentication, degraded-mode response, and simulator replay pass before line testing.","hardware serial register, firmware hash register, cybersecurity checklist, simulator replay, trainline continuity test",safety software lead,planned
samawah:SAM-RS-L1-012:qa-14-onboard-control,samawah,SAM-RS-L1-012,line-1 trainset 012,rolling-stock,line-1,qa-14-onboard-control,rolling-stock,software/hardware acceptance,"Hardware identity, firmware versions, message authentication, degraded-mode response, and simulator replay pass before line testing.","hardware serial register, firmware hash register, cybersecurity checklist, simulator replay, trainline continuity test",safety software lead,planned
samawah:SAM-RS-L1-013:qa-14-onboard-control,samawah,SAM-RS-L1-013,line-1 trainset 013,rolling-stock,line-1,qa-14-onboard-control,rolling-stock,software/hardware acceptance,"Hardware identity, firmware versions, message authentication, degraded-mode response, and simulator replay pass before line testing.","hardware serial register, firmware hash register, cybersecurity checklist, simulator replay, trainline continuity test",safety software lead,planned
samawah:SAM-RS-L1-014:qa-14-onboard-control,samawah,SAM-RS-L1-014,line-1 trainset 014,rolling-stock,line-1,qa-14-onboard-control,rolling-stock,software/hardware acceptance,"Hardware identity, firmware versions, message authentication, degraded-mode response, and simulator replay pass before line testing.","hardware serial register, firmware hash register, cybersecurity checklist, simulator replay, trainline continuity test",safety software lead,planned
samawah:SAM-RS-L1-015:qa-14-onboard-control,samawah,SAM-RS-L1-015,line-1 trainset 015,rolling-stock,line-1,qa-14-onboard-control,rolling-stock,software/hardware acceptance,"Hardware identity, firmware versions, message authentication, degraded-mode response, and simulator replay pass before line testing.","hardware serial register, firmware hash register, cybersecurity checklist, simulator replay, trainline continuity test",safety software lead,planned
samawah:SAM-RS-L1-016:qa-14-onboard-control,samawah,SAM-RS-L1-016,line-1 trainset 016,rolling-stock,line-1,qa-14-onboard-control,rolling-stock,software/hardware acceptance,"Hardware identity, firmware versions, message authentication, degraded-mode response, and simulator replay pass before line testing.","hardware serial register, firmware hash register, cybersecurity checklist, simulator replay, trainline continuity test",safety software lead,planned
samawah:SAM-RS-L1-017:qa-14-onboard-control,samawah,SAM-RS-L1-017,line-1 trainset 017,rolling-stock,line-1,qa-14-onboard-control,rolling-stock,software/hardware acceptance,"Hardware identity, firmware versions, message authentication, degraded-mode response, and simulator replay pass before line testing.","hardware serial register, firmware hash register, cybersecurity checklist, simulator replay, trainline continuity test",safety software lead,planned
samawah:SAM-RS-L1-018:qa-14-onboard-control,samawah,SAM-RS-L1-018,line-1 trainset 018,rolling-stock,line-1,qa-14-onboard-control,rolling-stock,software/hardware acceptance,"Hardware identity, firmware versions, message authentication, degraded-mode response, and simulator replay pass before line testing.","hardware serial register, firmware hash register, cybersecurity checklist, simulator replay, trainline continuity test",safety software lead,planned
samawah:SAM-RS-L1-019:qa-14-onboard-control,samawah,SAM-RS-L1-019,line-1 trainset 019,rolling-stock,line-1,qa-14-onboard-control,rolling-stock,software/hardware acceptance,"Hardware identity, firmware versions, message authentication, degraded-mode response, and simulator replay pass before line testing.","hardware serial register, firmware hash register, cybersecurity checklist, simulator replay, trainline continuity test",safety software lead,planned
samawah:SAM-RS-L1-020:qa-14-onboard-control,samawah,SAM-RS-L1-020,line-1 trainset 020,rolling-stock,line-1,qa-14-onboard-control,rolling-stock,software/hardware acceptance,"Hardware identity, firmware versions, message authentication, degraded-mode response, and simulator replay pass before line testing.","hardware serial register, firmware hash register, cybersecurity checklist, simulator replay, trainline continuity test",safety software lead,planned
samawah:SAM-RS-L1-021:qa-14-onboard-control,samawah,SAM-RS-L1-021,line-1 trainset 021,rolling-stock,line-1,qa-14-onboard-control,rolling-stock,software/hardware acceptance,"Hardware identity, firmware versions, message authentication, degraded-mode response, and simulator replay pass before line testing.","hardware serial register, firmware hash register, cybersecurity checklist, simulator replay, trainline continuity test",safety software lead,planned
samawah:SAM-RS-L1-022:qa-14-onboard-control,samawah,SAM-RS-L1-022,line-1 trainset 022,rolling-stock,line-1,qa-14-onboard-control,rolling-stock,software/hardware acceptance,"Hardware identity, firmware versions, message authentication, degraded-mode response, and simulator replay pass before line testing.","hardware serial register, firmware hash register, cybersecurity checklist, simulator replay, trainline continuity test",safety software lead,planned
samawah:SAM-RS-L1-023:qa-14-onboard-control,samawah,SAM-RS-L1-023,line-1 trainset 023,rolling-stock,line-1,qa-14-onboard-control,rolling-stock,software/hardware acceptance,"Hardware identity, firmware versions, message authentication, degraded-mode response, and simulator replay pass before line testing.","hardware serial register, firmware hash register, cybersecurity checklist, simulator replay, trainline continuity test",safety software lead,planned
samawah:SAM-RS-L1-024:qa-14-onboard-control,samawah,SAM-RS-L1-024,line-1 trainset 024,rolling-stock,line-1,qa-14-onboard-control,rolling-stock,software/hardware acceptance,"Hardware identity, firmware versions, message authentication, degraded-mode response, and simulator replay pass before line testing.","hardware serial register, firmware hash register, cybersecurity checklist, simulator replay, trainline continuity test",safety software lead,planned
samawah:SAM-RS-L1-025:qa-14-onboard-control,samawah,SAM-RS-L1-025,line-1 trainset 025,rolling-stock,line-1,qa-14-onboard-control,rolling-stock,software/hardware acceptance,"Hardware identity, firmware versions, message authentication, degraded-mode response, and simulator replay pass before line testing.","hardware serial register, firmware hash register, cybersecurity checklist, simulator replay, trainline continuity test",safety software lead,planned
samawah:SAM-RS-L1-026:qa-14-onboard-control,samawah,SAM-RS-L1-026,line-1 trainset 026,rolling-stock,line-1,qa-14-onboard-control,rolling-stock,software/hardware acceptance,"Hardware identity, firmware versions, message authentication, degraded-mode response, and simulator replay pass before line testing.","hardware serial register, firmware hash register, cybersecurity checklist, simulator replay, trainline continuity test",safety software lead,planned
samawah:SAM-RS-L1-027:qa-14-onboard-control,samawah,SAM-RS-L1-027,line-1 trainset 027,rolling-stock,line-1,qa-14-onboard-control,rolling-stock,software/hardware acceptance,"Hardware identity, firmware versions, message authentication, degraded-mode response, and simulator replay pass before line testing.","hardware serial register, firmware hash register, cybersecurity checklist, simulator replay, trainline continuity test",safety software lead,planned
samawah:SAM-RS-L1-028:qa-14-onboard-control,samawah,SAM-RS-L1-028,line-1 trainset 028,rolling-stock,line-1,qa-14-onboard-control,rolling-stock,software/hardware acceptance,"Hardware identity, firmware versions, message authentication, degraded-mode response, and simulator replay pass before line testing.","hardware serial register, firmware hash register, cybersecurity checklist, simulator replay, trainline continuity test",safety software lead,planned
samawah:SAM-RS-L1-029:qa-14-onboard-control,samawah,SAM-RS-L1-029,line-1 trainset 029,rolling-stock,line-1,qa-14-onboard-control,rolling-stock,software/hardware acceptance,"Hardware identity, firmware versions, message authentication, degraded-mode response, and simulator replay pass before line testing.","hardware serial register, firmware hash register, cybersecurity checklist, simulator replay, trainline continuity test",safety software lead,planned
samawah:SAM-RS-L1-030:qa-14-onboard-control,samawah,SAM-RS-L1-030,line-1 trainset 030,rolling-stock,line-1,qa-14-onboard-control,rolling-stock,software/hardware acceptance,"Hardware identity, firmware versions, message authentication, degraded-mode response, and simulator replay pass before line testing.","hardware serial register, firmware hash register, cybersecurity checklist, simulator replay, trainline continuity test",safety software lead,planned
samawah:SAM-RS-L1-031:qa-14-onboard-control,samawah,SAM-RS-L1-031,line-1 trainset 031,rolling-stock,line-1,qa-14-onboard-control,rolling-stock,software/hardware acceptance,"Hardware identity, firmware versions, message authentication, degraded-mode response, and simulator replay pass before line testing.","hardware serial register, firmware hash register, cybersecurity checklist, simulator replay, trainline continuity test",safety software lead,planned
samawah:SAM-RS-L1-032:qa-14-onboard-control,samawah,SAM-RS-L1-032,line-1 trainset 032,rolling-stock,line-1,qa-14-onboard-control,rolling-stock,software/hardware acceptance,"Hardware identity, firmware versions, message authentication, degraded-mode response, and simulator replay pass before line testing.","hardware serial register, firmware hash register, cybersecurity checklist, simulator replay, trainline continuity test",safety software lead,planned
samawah:SAM-RS-L1-033:qa-14-onboard-control,samawah,SAM-RS-L1-033,line-1 trainset 033,rolling-stock,line-1,qa-14-onboard-control,rolling-stock,software/hardware acceptance,"Hardware identity, firmware versions, message authentication, degraded-mode response, and simulator replay pass before line testing.","hardware serial register, firmware hash register, cybersecurity checklist, simulator replay, trainline continuity test",safety software lead,planned
samawah:SAM-RS-L1-034:qa-14-onboard-control,samawah,SAM-RS-L1-034,line-1 trainset 034,rolling-stock,line-1,qa-14-onboard-control,rolling-stock,software/hardware acceptance,"Hardware identity, firmware versions, message authentication, degraded-mode response, and simulator replay pass before line testing.","hardware serial register, firmware hash register, cybersecurity checklist, simulator replay, trainline continuity test",safety software lead,planned
samawah:SAM-RS-L1-035:qa-14-onboard-control,samawah,SAM-RS-L1-035,line-1 trainset 035,rolling-stock,line-1,qa-14-onboard-control,rolling-stock,software/hardware acceptance,"Hardware identity, firmware versions, message authentication, degraded-mode response, and simulator replay pass before line testing.","hardware serial register, firmware hash register, cybersecurity checklist, simulator replay, trainline continuity test",safety software lead,planned
samawah:SAM-RS-L1-036:qa-14-onboard-control,samawah,SAM-RS-L1-036,line-1 trainset 036,rolling-stock,line-1,qa-14-onboard-control,rolling-stock,software/hardware acceptance,"Hardware identity, firmware versions, message authentication, degraded-mode response, and simulator replay pass before line testing.","hardware serial register, firmware hash register, cybersecurity checklist, simulator replay, trainline continuity test",safety software lead,planned
samawah:SAM-RS-L1-037:qa-14-onboard-control,samawah,SAM-RS-L1-037,line-1 trainset 037,rolling-stock,line-1,qa-14-onboard-control,rolling-stock,software/hardware acceptance,"Hardware identity, firmware versions, message authentication, degraded-mode response, and simulator replay pass before line testing.","hardware serial register, firmware hash register, cybersecurity checklist, simulator replay, trainline continuity test",safety software lead,planned
samawah:SAM-RS-L1-038:qa-14-onboard-control,samawah,SAM-RS-L1-038,line-1 trainset 038,rolling-stock,line-1,qa-14-onboard-control,rolling-stock,software/hardware acceptance,"Hardware identity, firmware versions, message authentication, degraded-mode response, and simulator replay pass before line testing.","hardware serial register, firmware hash register, cybersecurity checklist, simulator replay, trainline continuity test",safety software lead,planned
samawah:SAM-RS-L1-039:qa-14-onboard-control,samawah,SAM-RS-L1-039,line-1 trainset 039,rolling-stock,line-1,qa-14-onboard-control,rolling-stock,software/hardware acceptance,"Hardware identity, firmware versions, message authentication, degraded-mode response, and simulator replay pass before line testing.","hardware serial register, firmware hash register, cybersecurity checklist, simulator replay, trainline continuity test",safety software lead,planned
samawah:SAM-RS-L1-040:qa-14-onboard-control,samawah,SAM-RS-L1-040,line-1 trainset 040,rolling-stock,line-1,qa-14-onboard-control,rolling-stock,software/hardware acceptance,"Hardware identity, firmware versions, message authentication, degraded-mode response, and simulator replay pass before line testing.","hardware serial register, firmware hash register, cybersecurity checklist, simulator replay, trainline continuity test",safety software lead,planned
samawah:SAM-RS-L1-041:qa-14-onboard-control,samawah,SAM-RS-L1-041,line-1 trainset 041,rolling-stock,line-1,qa-14-onboard-control,rolling-stock,software/hardware acceptance,"Hardware identity, firmware versions, message authentication, degraded-mode response, and simulator replay pass before line testing.","hardware serial register, firmware hash register, cybersecurity checklist, simulator replay, trainline continuity test",safety software lead,planned
samawah:SAM-RS-L2-001:qa-14-onboard-control,samawah,SAM-RS-L2-001,line-2 trainset 001,rolling-stock,line-2,qa-14-onboard-control,rolling-stock,software/hardware acceptance,"Hardware identity, firmware versions, message authentication, degraded-mode response, and simulator replay pass before line testing.","hardware serial register, firmware hash register, cybersecurity checklist, simulator replay, trainline continuity test",safety software lead,planned
samawah:SAM-RS-L2-002:qa-14-onboard-control,samawah,SAM-RS-L2-002,line-2 trainset 002,rolling-stock,line-2,qa-14-onboard-control,rolling-stock,software/hardware acceptance,"Hardware identity, firmware versions, message authentication, degraded-mode response, and simulator replay pass before line testing.","hardware serial register, firmware hash register, cybersecurity checklist, simulator replay, trainline continuity test",safety software lead,planned
samawah:SAM-RS-L2-003:qa-14-onboard-control,samawah,SAM-RS-L2-003,line-2 trainset 003,rolling-stock,line-2,qa-14-onboard-control,rolling-stock,software/hardware acceptance,"Hardware identity, firmware versions, message authentication, degraded-mode response, and simulator replay pass before line testing.","hardware serial register, firmware hash register, cybersecurity checklist, simulator replay, trainline continuity test",safety software lead,planned
samawah:SAM-RS-L2-004:qa-14-onboard-control,samawah,SAM-RS-L2-004,line-2 trainset 004,rolling-stock,line-2,qa-14-onboard-control,rolling-stock,software/hardware acceptance,"Hardware identity, firmware versions, message authentication, degraded-mode response, and simulator replay pass before line testing.","hardware serial register, firmware hash register, cybersecurity checklist, simulator replay, trainline continuity test",safety software lead,planned
samawah:SAM-RS-L2-005:qa-14-onboard-control,samawah,SAM-RS-L2-005,line-2 trainset 005,rolling-stock,line-2,qa-14-onboard-control,rolling-stock,software/hardware acceptance,"Hardware identity, firmware versions, message authentication, degraded-mode response, and simulator replay pass before line testing.","hardware serial register, firmware hash register, cybersecurity checklist, simulator replay, trainline continuity test",safety software lead,planned
samawah:SAM-RS-L2-006:qa-14-onboard-control,samawah,SAM-RS-L2-006,line-2 trainset 006,rolling-stock,line-2,qa-14-onboard-control,rolling-stock,software/hardware acceptance,"Hardware identity, firmware versions, message authentication, degraded-mode response, and simulator replay pass before line testing.","hardware serial register, firmware hash register, cybersecurity checklist, simulator replay, trainline continuity test",safety software lead,planned
samawah:SAM-RS-L2-007:qa-14-onboard-control,samawah,SAM-RS-L2-007,line-2 trainset 007,rolling-stock,line-2,qa-14-onboard-control,rolling-stock,software/hardware acceptance,"Hardware identity, firmware versions, message authentication, degraded-mode response, and simulator replay pass before line testing.","hardware serial register, firmware hash register, cybersecurity checklist, simulator replay, trainline continuity test",safety software lead,planned
samawah:SAM-RS-L2-008:qa-14-onboard-control,samawah,SAM-RS-L2-008,line-2 trainset 008,rolling-stock,line-2,qa-14-onboard-control,rolling-stock,software/hardware acceptance,"Hardware identity, firmware versions, message authentication, degraded-mode response, and simulator replay pass before line testing.","hardware serial register, firmware hash register, cybersecurity checklist, simulator replay, trainline continuity test",safety software lead,planned
samawah:SAM-RS-L2-009:qa-14-onboard-control,samawah,SAM-RS-L2-009,line-2 trainset 009,rolling-stock,line-2,qa-14-onboard-control,rolling-stock,software/hardware acceptance,"Hardware identity, firmware versions, message authentication, degraded-mode response, and simulator replay pass before line testing.","hardware serial register, firmware hash register, cybersecurity checklist, simulator replay, trainline continuity test",safety software lead,planned
samawah:SAM-RS-L2-010:qa-14-onboard-control,samawah,SAM-RS-L2-010,line-2 trainset 010,rolling-stock,line-2,qa-14-onboard-control,rolling-stock,software/hardware acceptance,"Hardware identity, firmware versions, message authentication, degraded-mode response, and simulator replay pass before line testing.","hardware serial register, firmware hash register, cybersecurity checklist, simulator replay, trainline continuity test",safety software lead,planned
samawah:SAM-RS-L2-011:qa-14-onboard-control,samawah,SAM-RS-L2-011,line-2 trainset 011,rolling-stock,line-2,qa-14-onboard-control,rolling-stock,software/hardware acceptance,"Hardware identity, firmware versions, message authentication, degraded-mode response, and simulator replay pass before line testing.","hardware serial register, firmware hash register, cybersecurity checklist, simulator replay, trainline continuity test",safety software lead,planned
samawah:SAM-RS-L2-012:qa-14-onboard-control,samawah,SAM-RS-L2-012,line-2 trainset 012,rolling-stock,line-2,qa-14-onboard-control,rolling-stock,software/hardware acceptance,"Hardware identity, firmware versions, message authentication, degraded-mode response, and simulator replay pass before line testing.","hardware serial register, firmware hash register, cybersecurity checklist, simulator replay, trainline continuity test",safety software lead,planned
samawah:SAM-RS-L2-013:qa-14-onboard-control,samawah,SAM-RS-L2-013,line-2 trainset 013,rolling-stock,line-2,qa-14-onboard-control,rolling-stock,software/hardware acceptance,"Hardware identity, firmware versions, message authentication, degraded-mode response, and simulator replay pass before line testing.","hardware serial register, firmware hash register, cybersecurity checklist, simulator replay, trainline continuity test",safety software lead,planned
samawah:SAM-RS-L2-014:qa-14-onboard-control,samawah,SAM-RS-L2-014,line-2 trainset 014,rolling-stock,line-2,qa-14-onboard-control,rolling-stock,software/hardware acceptance,"Hardware identity, firmware versions, message authentication, degraded-mode response, and simulator replay pass before line testing.","hardware serial register, firmware hash register, cybersecurity checklist, simulator replay, trainline continuity test",safety software lead,planned
samawah:SAM-RS-L2-015:qa-14-onboard-control,samawah,SAM-RS-L2-015,line-2 trainset 015,rolling-stock,line-2,qa-14-onboard-control,rolling-stock,software/hardware acceptance,"Hardware identity, firmware versions, message authentication, degraded-mode response, and simulator replay pass before line testing.","hardware serial register, firmware hash register, cybersecurity checklist, simulator replay, trainline continuity test",safety software lead,planned
samawah:SAM-RS-L2-016:qa-14-onboard-control,samawah,SAM-RS-L2-016,line-2 trainset 016,rolling-stock,line-2,qa-14-onboard-control,rolling-stock,software/hardware acceptance,"Hardware identity, firmware versions, message authentication, degraded-mode response, and simulator replay pass before line testing.","hardware serial register, firmware hash register, cybersecurity checklist, simulator replay, trainline continuity test",safety software lead,planned
samawah:SAM-RS-L2-017:qa-14-onboard-control,samawah,SAM-RS-L2-017,line-2 trainset 017,rolling-stock,line-2,qa-14-onboard-control,rolling-stock,software/hardware acceptance,"Hardware identity, firmware versions, message authentication, degraded-mode response, and simulator replay pass before line testing.","hardware serial register, firmware hash register, cybersecurity checklist, simulator replay, trainline continuity test",safety software lead,planned
samawah:SAM-RS-L2-018:qa-14-onboard-control,samawah,SAM-RS-L2-018,line-2 trainset 018,rolling-stock,line-2,qa-14-onboard-control,rolling-stock,software/hardware acceptance,"Hardware identity, firmware versions, message authentication, degraded-mode response, and simulator replay pass before line testing.","hardware serial register, firmware hash register, cybersecurity checklist, simulator replay, trainline continuity test",safety software lead,planned
samawah:SAM-RS-L2-019:qa-14-onboard-control,samawah,SAM-RS-L2-019,line-2 trainset 019,rolling-stock,line-2,qa-14-onboard-control,rolling-stock,software/hardware acceptance,"Hardware identity, firmware versions, message authentication, degraded-mode response, and simulator replay pass before line testing.","hardware serial register, firmware hash register, cybersecurity checklist, simulator replay, trainline continuity test",safety software lead,planned
samawah:SAM-RS-L2-020:qa-14-onboard-control,samawah,SAM-RS-L2-020,line-2 trainset 020,rolling-stock,line-2,qa-14-onboard-control,rolling-stock,software/hardware acceptance,"Hardware identity, firmware versions, message authentication, degraded-mode response, and simulator replay pass before line testing.","hardware serial register, firmware hash register, cybersecurity checklist, simulator replay, trainline continuity test",safety software lead,planned
samawah:SAM-RS-L2-021:qa-14-onboard-control,samawah,SAM-RS-L2-021,line-2 trainset 021,rolling-stock,line-2,qa-14-onboard-control,rolling-stock,software/hardware acceptance,"Hardware identity, firmware versions, message authentication, degraded-mode response, and simulator replay pass before line testing.","hardware serial register, firmware hash register, cybersecurity checklist, simulator replay, trainline continuity test",safety software lead,planned
samawah:SAM-RS-L2-022:qa-14-onboard-control,samawah,SAM-RS-L2-022,line-2 trainset 022,rolling-stock,line-2,qa-14-onboard-control,rolling-stock,software/hardware acceptance,"Hardware identity, firmware versions, message authentication, degraded-mode response, and simulator replay pass before line testing.","hardware serial register, firmware hash register, cybersecurity checklist, simulator replay, trainline continuity test",safety software lead,planned
samawah:SAM-RS-L2-023:qa-14-onboard-control,samawah,SAM-RS-L2-023,line-2 trainset 023,rolling-stock,line-2,qa-14-onboard-control,rolling-stock,software/hardware acceptance,"Hardware identity, firmware versions, message authentication, degraded-mode response, and simulator replay pass before line testing.","hardware serial register, firmware hash register, cybersecurity checklist, simulator replay, trainline continuity test",safety software lead,planned
samawah:SAM-RS-L2-024:qa-14-onboard-control,samawah,SAM-RS-L2-024,line-2 trainset 024,rolling-stock,line-2,qa-14-onboard-control,rolling-stock,software/hardware acceptance,"Hardware identity, firmware versions, message authentication, degraded-mode response, and simulator replay pass before line testing.","hardware serial register, firmware hash register, cybersecurity checklist, simulator replay, trainline continuity test",safety software lead,planned
samawah:SAM-RS-L2-025:qa-14-onboard-control,samawah,SAM-RS-L2-025,line-2 trainset 025,rolling-stock,line-2,qa-14-onboard-control,rolling-stock,software/hardware acceptance,"Hardware identity, firmware versions, message authentication, degraded-mode response, and simulator replay pass before line testing.","hardware serial register, firmware hash register, cybersecurity checklist, simulator replay, trainline continuity test",safety software lead,planned
samawah:SAM-RS-L2-026:qa-14-onboard-control,samawah,SAM-RS-L2-026,line-2 trainset 026,rolling-stock,line-2,qa-14-onboard-control,rolling-stock,software/hardware acceptance,"Hardware identity, firmware versions, message authentication, degraded-mode response, and simulator replay pass before line testing.","hardware serial register, firmware hash register, cybersecurity checklist, simulator replay, trainline continuity test",safety software lead,planned
samawah:SAM-RS-L2-027:qa-14-onboard-control,samawah,SAM-RS-L2-027,line-2 trainset 027,rolling-stock,line-2,qa-14-onboard-control,rolling-stock,software/hardware acceptance,"Hardware identity, firmware versions, message authentication, degraded-mode response, and simulator replay pass before line testing.","hardware serial register, firmware hash register, cybersecurity checklist, simulator replay, trainline continuity test",safety software lead,planned
samawah:SAM-RS-L2-028:qa-14-onboard-control,samawah,SAM-RS-L2-028,line-2 trainset 028,rolling-stock,line-2,qa-14-onboard-control,rolling-stock,software/hardware acceptance,"Hardware identity, firmware versions, message authentication, degraded-mode response, and simulator replay pass before line testing.","hardware serial register, firmware hash register, cybersecurity checklist, simulator replay, trainline continuity test",safety software lead,planned
samawah:SAM-RS-L2-029:qa-14-onboard-control,samawah,SAM-RS-L2-029,line-2 trainset 029,rolling-stock,line-2,qa-14-onboard-control,rolling-stock,software/hardware acceptance,"Hardware identity, firmware versions, message authentication, degraded-mode response, and simulator replay pass before line testing.","hardware serial register, firmware hash register, cybersecurity checklist, simulator replay, trainline continuity test",safety software lead,planned
samawah:SAM-RS-L2-030:qa-14-onboard-control,samawah,SAM-RS-L2-030,line-2 trainset 030,rolling-stock,line-2,qa-14-onboard-control,rolling-stock,software/hardware acceptance,"Hardware identity, firmware versions, message authentication, degraded-mode response, and simulator replay pass before line testing.","hardware serial register, firmware hash register, cybersecurity checklist, simulator replay, trainline continuity test",safety software lead,planned
samawah:SAM-RS-L2-031:qa-14-onboard-control,samawah,SAM-RS-L2-031,line-2 trainset 031,rolling-stock,line-2,qa-14-onboard-control,rolling-stock,software/hardware acceptance,"Hardware identity, firmware versions, message authentication, degraded-mode response, and simulator replay pass before line testing.","hardware serial register, firmware hash register, cybersecurity checklist, simulator replay, trainline continuity test",safety software lead,planned
samawah:SAM-RS-L2-032:qa-14-onboard-control,samawah,SAM-RS-L2-032,line-2 trainset 032,rolling-stock,line-2,qa-14-onboard-control,rolling-stock,software/hardware acceptance,"Hardware identity, firmware versions, message authentication, degraded-mode response, and simulator replay pass before line testing.","hardware serial register, firmware hash register, cybersecurity checklist, simulator replay, trainline continuity test",safety software lead,planned
samawah:SAM-RS-L2-033:qa-14-onboard-control,samawah,SAM-RS-L2-033,line-2 trainset 033,rolling-stock,line-2,qa-14-onboard-control,rolling-stock,software/hardware acceptance,"Hardware identity, firmware versions, message authentication, degraded-mode response, and simulator replay pass before line testing.","hardware serial register, firmware hash register, cybersecurity checklist, simulator replay, trainline continuity test",safety software lead,planned
samawah:SAM-RS-L2-034:qa-14-onboard-control,samawah,SAM-RS-L2-034,line-2 trainset 034,rolling-stock,line-2,qa-14-onboard-control,rolling-stock,software/hardware acceptance,"Hardware identity, firmware versions, message authentication, degraded-mode response, and simulator replay pass before line testing.","hardware serial register, firmware hash register, cybersecurity checklist, simulator replay, trainline continuity test",safety software lead,planned
samawah:SAM-RS-L2-035:qa-14-onboard-control,samawah,SAM-RS-L2-035,line-2 trainset 035,rolling-stock,line-2,qa-14-onboard-control,rolling-stock,software/hardware acceptance,"Hardware identity, firmware versions, message authentication, degraded-mode response, and simulator replay pass before line testing.","hardware serial register, firmware hash register, cybersecurity checklist, simulator replay, trainline continuity test",safety software lead,planned
samawah:SAM-RS-L2-036:qa-14-onboard-control,samawah,SAM-RS-L2-036,line-2 trainset 036,rolling-stock,line-2,qa-14-onboard-control,rolling-stock,software/hardware acceptance,"Hardware identity, firmware versions, message authentication, degraded-mode response, and simulator replay pass before line testing.","hardware serial register, firmware hash register, cybersecurity checklist, simulator replay, trainline continuity test",safety software lead,planned
samawah:SAM-RS-L3-001:qa-14-onboard-control,samawah,SAM-RS-L3-001,line-3 trainset 001,rolling-stock,line-3,qa-14-onboard-control,rolling-stock,software/hardware acceptance,"Hardware identity, firmware versions, message authentication, degraded-mode response, and simulator replay pass before line testing.","hardware serial register, firmware hash register, cybersecurity checklist, simulator replay, trainline continuity test",safety software lead,planned
samawah:SAM-RS-L3-002:qa-14-onboard-control,samawah,SAM-RS-L3-002,line-3 trainset 002,rolling-stock,line-3,qa-14-onboard-control,rolling-stock,software/hardware acceptance,"Hardware identity, firmware versions, message authentication, degraded-mode response, and simulator replay pass before line testing.","hardware serial register, firmware hash register, cybersecurity checklist, simulator replay, trainline continuity test",safety software lead,planned
samawah:SAM-RS-L3-003:qa-14-onboard-control,samawah,SAM-RS-L3-003,line-3 trainset 003,rolling-stock,line-3,qa-14-onboard-control,rolling-stock,software/hardware acceptance,"Hardware identity, firmware versions, message authentication, degraded-mode response, and simulator replay pass before line testing.","hardware serial register, firmware hash register, cybersecurity checklist, simulator replay, trainline continuity test",safety software lead,planned
samawah:SAM-RS-L3-004:qa-14-onboard-control,samawah,SAM-RS-L3-004,line-3 trainset 004,rolling-stock,line-3,qa-14-onboard-control,rolling-stock,software/hardware acceptance,"Hardware identity, firmware versions, message authentication, degraded-mode response, and simulator replay pass before line testing.","hardware serial register, firmware hash register, cybersecurity checklist, simulator replay, trainline continuity test",safety software lead,planned
samawah:SAM-RS-L3-005:qa-14-onboard-control,samawah,SAM-RS-L3-005,line-3 trainset 005,rolling-stock,line-3,qa-14-onboard-control,rolling-stock,software/hardware acceptance,"Hardware identity, firmware versions, message authentication, degraded-mode response, and simulator replay pass before line testing.","hardware serial register, firmware hash register, cybersecurity checklist, simulator replay, trainline continuity test",safety software lead,planned
samawah:SAM-RS-L3-006:qa-14-onboard-control,samawah,SAM-RS-L3-006,line-3 trainset 006,rolling-stock,line-3,qa-14-onboard-control,rolling-stock,software/hardware acceptance,"Hardware identity, firmware versions, message authentication, degraded-mode response, and simulator replay pass before line testing.","hardware serial register, firmware hash register, cybersecurity checklist, simulator replay, trainline continuity test",safety software lead,planned
samawah:SAM-RS-L3-007:qa-14-onboard-control,samawah,SAM-RS-L3-007,line-3 trainset 007,rolling-stock,line-3,qa-14-onboard-control,rolling-stock,software/hardware acceptance,"Hardware identity, firmware versions, message authentication, degraded-mode response, and simulator replay pass before line testing.","hardware serial register, firmware hash register, cybersecurity checklist, simulator replay, trainline continuity test",safety software lead,planned
samawah:SAM-RS-L3-008:qa-14-onboard-control,samawah,SAM-RS-L3-008,line-3 trainset 008,rolling-stock,line-3,qa-14-onboard-control,rolling-stock,software/hardware acceptance,"Hardware identity, firmware versions, message authentication, degraded-mode response, and simulator replay pass before line testing.","hardware serial register, firmware hash register, cybersecurity checklist, simulator replay, trainline continuity test",safety software lead,planned
samawah:SAM-RS-L3-009:qa-14-onboard-control,samawah,SAM-RS-L3-009,line-3 trainset 009,rolling-stock,line-3,qa-14-onboard-control,rolling-stock,software/hardware acceptance,"Hardware identity, firmware versions, message authentication, degraded-mode response, and simulator replay pass before line testing.","hardware serial register, firmware hash register, cybersecurity checklist, simulator replay, trainline continuity test",safety software lead,planned
samawah:SAM-RS-L3-010:qa-14-onboard-control,samawah,SAM-RS-L3-010,line-3 trainset 010,rolling-stock,line-3,qa-14-onboard-control,rolling-stock,software/hardware acceptance,"Hardware identity, firmware versions, message authentication, degraded-mode response, and simulator replay pass before line testing.","hardware serial register, firmware hash register, cybersecurity checklist, simulator replay, trainline continuity test",safety software lead,planned
samawah:SAM-RS-L3-011:qa-14-onboard-control,samawah,SAM-RS-L3-011,line-3 trainset 011,rolling-stock,line-3,qa-14-onboard-control,rolling-stock,software/hardware acceptance,"Hardware identity, firmware versions, message authentication, degraded-mode response, and simulator replay pass before line testing.","hardware serial register, firmware hash register, cybersecurity checklist, simulator replay, trainline continuity test",safety software lead,planned
samawah:SAM-RS-L3-012:qa-14-onboard-control,samawah,SAM-RS-L3-012,line-3 trainset 012,rolling-stock,line-3,qa-14-onboard-control,rolling-stock,software/hardware acceptance,"Hardware identity, firmware versions, message authentication, degraded-mode response, and simulator replay pass before line testing.","hardware serial register, firmware hash register, cybersecurity checklist, simulator replay, trainline continuity test",safety software lead,planned
samawah:SAM-RS-L3-013:qa-14-onboard-control,samawah,SAM-RS-L3-013,line-3 trainset 013,rolling-stock,line-3,qa-14-onboard-control,rolling-stock,software/hardware acceptance,"Hardware identity, firmware versions, message authentication, degraded-mode response, and simulator replay pass before line testing.","hardware serial register, firmware hash register, cybersecurity checklist, simulator replay, trainline continuity test",safety software lead,planned
samawah:SAM-RS-L3-014:qa-14-onboard-control,samawah,SAM-RS-L3-014,line-3 trainset 014,rolling-stock,line-3,qa-14-onboard-control,rolling-stock,software/hardware acceptance,"Hardware identity, firmware versions, message authentication, degraded-mode response, and simulator replay pass before line testing.","hardware serial register, firmware hash register, cybersecurity checklist, simulator replay, trainline continuity test",safety software lead,planned
samawah:SAM-RS-L3-015:qa-14-onboard-control,samawah,SAM-RS-L3-015,line-3 trainset 015,rolling-stock,line-3,qa-14-onboard-control,rolling-stock,software/hardware acceptance,"Hardware identity, firmware versions, message authentication, degraded-mode response, and simulator replay pass before line testing.","hardware serial register, firmware hash register, cybersecurity checklist, simulator replay, trainline continuity test",safety software lead,planned
samawah:SAM-RS-L3-016:qa-14-onboard-control,samawah,SAM-RS-L3-016,line-3 trainset 016,rolling-stock,line-3,qa-14-onboard-control,rolling-stock,software/hardware acceptance,"Hardware identity, firmware versions, message authentication, degraded-mode response, and simulator replay pass before line testing.","hardware serial register, firmware hash register, cybersecurity checklist, simulator replay, trainline continuity test",safety software lead,planned
samawah:SAM-RS-L3-017:qa-14-onboard-control,samawah,SAM-RS-L3-017,line-3 trainset 017,rolling-stock,line-3,qa-14-onboard-control,rolling-stock,software/hardware acceptance,"Hardware identity, firmware versions, message authentication, degraded-mode response, and simulator replay pass before line testing.","hardware serial register, firmware hash register, cybersecurity checklist, simulator replay, trainline continuity test",safety software lead,planned
samawah:SAM-RS-L3-018:qa-14-onboard-control,samawah,SAM-RS-L3-018,line-3 trainset 018,rolling-stock,line-3,qa-14-onboard-control,rolling-stock,software/hardware acceptance,"Hardware identity, firmware versions, message authentication, degraded-mode response, and simulator replay pass before line testing.","hardware serial register, firmware hash register, cybersecurity checklist, simulator replay, trainline continuity test",safety software lead,planned
samawah:SAM-RS-L3-019:qa-14-onboard-control,samawah,SAM-RS-L3-019,line-3 trainset 019,rolling-stock,line-3,qa-14-onboard-control,rolling-stock,software/hardware acceptance,"Hardware identity, firmware versions, message authentication, degraded-mode response, and simulator replay pass before line testing.","hardware serial register, firmware hash register, cybersecurity checklist, simulator replay, trainline continuity test",safety software lead,planned
samawah:SAM-RS-L1-001:qa-15-first-article-trainset,samawah,SAM-RS-L1-001,line-1 trainset 001,rolling-stock,line-1,qa-15-first-article-trainset,rolling-stock,first article and batch release,"First trainset completes static, dynamic, endurance, braking, charging, evacuation, and maintainability acceptance before series release.","first-article inspection report, 1,000 km fault-free run, braking curves, charging logs, rescue/coupling drill, maintainability demonstration",owner acceptance board,planned
samawah:SAM-RS-L1-002:qa-15-first-article-trainset,samawah,SAM-RS-L1-002,line-1 trainset 002,rolling-stock,line-1,qa-15-first-article-trainset,rolling-stock,first article and batch release,"First trainset completes static, dynamic, endurance, braking, charging, evacuation, and maintainability acceptance before series release.","first-article inspection report, 1,000 km fault-free run, braking curves, charging logs, rescue/coupling drill, maintainability demonstration",owner acceptance board,planned
samawah:SAM-RS-L1-003:qa-15-first-article-trainset,samawah,SAM-RS-L1-003,line-1 trainset 003,rolling-stock,line-1,qa-15-first-article-trainset,rolling-stock,first article and batch release,"First trainset completes static, dynamic, endurance, braking, charging, evacuation, and maintainability acceptance before series release.","first-article inspection report, 1,000 km fault-free run, braking curves, charging logs, rescue/coupling drill, maintainability demonstration",owner acceptance board,planned
samawah:SAM-RS-L1-004:qa-15-first-article-trainset,samawah,SAM-RS-L1-004,line-1 trainset 004,rolling-stock,line-1,qa-15-first-article-trainset,rolling-stock,first article and batch release,"First trainset completes static, dynamic, endurance, braking, charging, evacuation, and maintainability acceptance before series release.","first-article inspection report, 1,000 km fault-free run, braking curves, charging logs, rescue/coupling drill, maintainability demonstration",owner acceptance board,planned
samawah:SAM-RS-L1-005:qa-15-first-article-trainset,samawah,SAM-RS-L1-005,line-1 trainset 005,rolling-stock,line-1,qa-15-first-article-trainset,rolling-stock,first article and batch release,"First trainset completes static, dynamic, endurance, braking, charging, evacuation, and maintainability acceptance before series release.","first-article inspection report, 1,000 km fault-free run, braking curves, charging logs, rescue/coupling drill, maintainability demonstration",owner acceptance board,planned
samawah:SAM-RS-L1-006:qa-15-first-article-trainset,samawah,SAM-RS-L1-006,line-1 trainset 006,rolling-stock,line-1,qa-15-first-article-trainset,rolling-stock,first article and batch release,"First trainset completes static, dynamic, endurance, braking, charging, evacuation, and maintainability acceptance before series release.","first-article inspection report, 1,000 km fault-free run, braking curves, charging logs, rescue/coupling drill, maintainability demonstration",owner acceptance board,planned
samawah:SAM-RS-L1-007:qa-15-first-article-trainset,samawah,SAM-RS-L1-007,line-1 trainset 007,rolling-stock,line-1,qa-15-first-article-trainset,rolling-stock,first article and batch release,"First trainset completes static, dynamic, endurance, braking, charging, evacuation, and maintainability acceptance before series release.","first-article inspection report, 1,000 km fault-free run, braking curves, charging logs, rescue/coupling drill, maintainability demonstration",owner acceptance board,planned
samawah:SAM-RS-L1-008:qa-15-first-article-trainset,samawah,SAM-RS-L1-008,line-1 trainset 008,rolling-stock,line-1,qa-15-first-article-trainset,rolling-stock,first article and batch release,"First trainset completes static, dynamic, endurance, braking, charging, evacuation, and maintainability acceptance before series release.","first-article inspection report, 1,000 km fault-free run, braking curves, charging logs, rescue/coupling drill, maintainability demonstration",owner acceptance board,planned
samawah:SAM-RS-L1-009:qa-15-first-article-trainset,samawah,SAM-RS-L1-009,line-1 trainset 009,rolling-stock,line-1,qa-15-first-article-trainset,rolling-stock,first article and batch release,"First trainset completes static, dynamic, endurance, braking, charging, evacuation, and maintainability acceptance before series release.","first-article inspection report, 1,000 km fault-free run, braking curves, charging logs, rescue/coupling drill, maintainability demonstration",owner acceptance board,planned
samawah:SAM-RS-L1-010:qa-15-first-article-trainset,samawah,SAM-RS-L1-010,line-1 trainset 010,rolling-stock,line-1,qa-15-first-article-trainset,rolling-stock,first article and batch release,"First trainset completes static, dynamic, endurance, braking, charging, evacuation, and maintainability acceptance before series release.","first-article inspection report, 1,000 km fault-free run, braking curves, charging logs, rescue/coupling drill, maintainability demonstration",owner acceptance board,planned
samawah:SAM-RS-L1-011:qa-15-first-article-trainset,samawah,SAM-RS-L1-011,line-1 trainset 011,rolling-stock,line-1,qa-15-first-article-trainset,rolling-stock,first article and batch release,"First trainset completes static, dynamic, endurance, braking, charging, evacuation, and maintainability acceptance before series release.","first-article inspection report, 1,000 km fault-free run, braking curves, charging logs, rescue/coupling drill, maintainability demonstration",owner acceptance board,planned
samawah:SAM-RS-L1-012:qa-15-first-article-trainset,samawah,SAM-RS-L1-012,line-1 trainset 012,rolling-stock,line-1,qa-15-first-article-trainset,rolling-stock,first article and batch release,"First trainset completes static, dynamic, endurance, braking, charging, evacuation, and maintainability acceptance before series release.","first-article inspection report, 1,000 km fault-free run, braking curves, charging logs, rescue/coupling drill, maintainability demonstration",owner acceptance board,planned
samawah:SAM-RS-L1-013:qa-15-first-article-trainset,samawah,SAM-RS-L1-013,line-1 trainset 013,rolling-stock,line-1,qa-15-first-article-trainset,rolling-stock,first article and batch release,"First trainset completes static, dynamic, endurance, braking, charging, evacuation, and maintainability acceptance before series release.","first-article inspection report, 1,000 km fault-free run, braking curves, charging logs, rescue/coupling drill, maintainability demonstration",owner acceptance board,planned
samawah:SAM-RS-L1-014:qa-15-first-article-trainset,samawah,SAM-RS-L1-014,line-1 trainset 014,rolling-stock,line-1,qa-15-first-article-trainset,rolling-stock,first article and batch release,"First trainset completes static, dynamic, endurance, braking, charging, evacuation, and maintainability acceptance before series release.","first-article inspection report, 1,000 km fault-free run, braking curves, charging logs, rescue/coupling drill, maintainability demonstration",owner acceptance board,planned
samawah:SAM-RS-L1-015:qa-15-first-article-trainset,samawah,SAM-RS-L1-015,line-1 trainset 015,rolling-stock,line-1,qa-15-first-article-trainset,rolling-stock,first article and batch release,"First trainset completes static, dynamic, endurance, braking, charging, evacuation, and maintainability acceptance before series release.","first-article inspection report, 1,000 km fault-free run, braking curves, charging logs, rescue/coupling drill, maintainability demonstration",owner acceptance board,planned
samawah:SAM-RS-L1-016:qa-15-first-article-trainset,samawah,SAM-RS-L1-016,line-1 trainset 016,rolling-stock,line-1,qa-15-first-article-trainset,rolling-stock,first article and batch release,"First trainset completes static, dynamic, endurance, braking, charging, evacuation, and maintainability acceptance before series release.","first-article inspection report, 1,000 km fault-free run, braking curves, charging logs, rescue/coupling drill, maintainability demonstration",owner acceptance board,planned
samawah:SAM-RS-L1-017:qa-15-first-article-trainset,samawah,SAM-RS-L1-017,line-1 trainset 017,rolling-stock,line-1,qa-15-first-article-trainset,rolling-stock,first article and batch release,"First trainset completes static, dynamic, endurance, braking, charging, evacuation, and maintainability acceptance before series release.","first-article inspection report, 1,000 km fault-free run, braking curves, charging logs, rescue/coupling drill, maintainability demonstration",owner acceptance board,planned
samawah:SAM-RS-L1-018:qa-15-first-article-trainset,samawah,SAM-RS-L1-018,line-1 trainset 018,rolling-stock,line-1,qa-15-first-article-trainset,rolling-stock,first article and batch release,"First trainset completes static, dynamic, endurance, braking, charging, evacuation, and maintainability acceptance before series release.","first-article inspection report, 1,000 km fault-free run, braking curves, charging logs, rescue/coupling drill, maintainability demonstration",owner acceptance board,planned
samawah:SAM-RS-L1-019:qa-15-first-article-trainset,samawah,SAM-RS-L1-019,line-1 trainset 019,rolling-stock,line-1,qa-15-first-article-trainset,rolling-stock,first article and batch release,"First trainset completes static, dynamic, endurance, braking, charging, evacuation, and maintainability acceptance before series release.","first-article inspection report, 1,000 km fault-free run, braking curves, charging logs, rescue/coupling drill, maintainability demonstration",owner acceptance board,planned
samawah:SAM-RS-L1-020:qa-15-first-article-trainset,samawah,SAM-RS-L1-020,line-1 trainset 020,rolling-stock,line-1,qa-15-first-article-trainset,rolling-stock,first article and batch release,"First trainset completes static, dynamic, endurance, braking, charging, evacuation, and maintainability acceptance before series release.","first-article inspection report, 1,000 km fault-free run, braking curves, charging logs, rescue/coupling drill, maintainability demonstration",owner acceptance board,planned
samawah:SAM-RS-L1-021:qa-15-first-article-trainset,samawah,SAM-RS-L1-021,line-1 trainset 021,rolling-stock,line-1,qa-15-first-article-trainset,rolling-stock,first article and batch release,"First trainset completes static, dynamic, endurance, braking, charging, evacuation, and maintainability acceptance before series release.","first-article inspection report, 1,000 km fault-free run, braking curves, charging logs, rescue/coupling drill, maintainability demonstration",owner acceptance board,planned
samawah:SAM-RS-L1-022:qa-15-first-article-trainset,samawah,SAM-RS-L1-022,line-1 trainset 022,rolling-stock,line-1,qa-15-first-article-trainset,rolling-stock,first article and batch release,"First trainset completes static, dynamic, endurance, braking, charging, evacuation, and maintainability acceptance before series release.","first-article inspection report, 1,000 km fault-free run, braking curves, charging logs, rescue/coupling drill, maintainability demonstration",owner acceptance board,planned
samawah:SAM-RS-L1-023:qa-15-first-article-trainset,samawah,SAM-RS-L1-023,line-1 trainset 023,rolling-stock,line-1,qa-15-first-article-trainset,rolling-stock,first article and batch release,"First trainset completes static, dynamic, endurance, braking, charging, evacuation, and maintainability acceptance before series release.","first-article inspection report, 1,000 km fault-free run, braking curves, charging logs, rescue/coupling drill, maintainability demonstration",owner acceptance board,planned
samawah:SAM-RS-L1-024:qa-15-first-article-trainset,samawah,SAM-RS-L1-024,line-1 trainset 024,rolling-stock,line-1,qa-15-first-article-trainset,rolling-stock,first article and batch release,"First trainset completes static, dynamic, endurance, braking, charging, evacuation, and maintainability acceptance before series release.","first-article inspection report, 1,000 km fault-free run, braking curves, charging logs, rescue/coupling drill, maintainability demonstration",owner acceptance board,planned
samawah:SAM-RS-L1-025:qa-15-first-article-trainset,samawah,SAM-RS-L1-025,line-1 trainset 025,rolling-stock,line-1,qa-15-first-article-trainset,rolling-stock,first article and batch release,"First trainset completes static, dynamic, endurance, braking, charging, evacuation, and maintainability acceptance before series release.","first-article inspection report, 1,000 km fault-free run, braking curves, charging logs, rescue/coupling drill, maintainability demonstration",owner acceptance board,planned
samawah:SAM-RS-L1-026:qa-15-first-article-trainset,samawah,SAM-RS-L1-026,line-1 trainset 026,rolling-stock,line-1,qa-15-first-article-trainset,rolling-stock,first article and batch release,"First trainset completes static, dynamic, endurance, braking, charging, evacuation, and maintainability acceptance before series release.","first-article inspection report, 1,000 km fault-free run, braking curves, charging logs, rescue/coupling drill, maintainability demonstration",owner acceptance board,planned
samawah:SAM-RS-L1-027:qa-15-first-article-trainset,samawah,SAM-RS-L1-027,line-1 trainset 027,rolling-stock,line-1,qa-15-first-article-trainset,rolling-stock,first article and batch release,"First trainset completes static, dynamic, endurance, braking, charging, evacuation, and maintainability acceptance before series release.","first-article inspection report, 1,000 km fault-free run, braking curves, charging logs, rescue/coupling drill, maintainability demonstration",owner acceptance board,planned
samawah:SAM-RS-L1-028:qa-15-first-article-trainset,samawah,SAM-RS-L1-028,line-1 trainset 028,rolling-stock,line-1,qa-15-first-article-trainset,rolling-stock,first article and batch release,"First trainset completes static, dynamic, endurance, braking, charging, evacuation, and maintainability acceptance before series release.","first-article inspection report, 1,000 km fault-free run, braking curves, charging logs, rescue/coupling drill, maintainability demonstration",owner acceptance board,planned
samawah:SAM-RS-L1-029:qa-15-first-article-trainset,samawah,SAM-RS-L1-029,line-1 trainset 029,rolling-stock,line-1,qa-15-first-article-trainset,rolling-stock,first article and batch release,"First trainset completes static, dynamic, endurance, braking, charging, evacuation, and maintainability acceptance before series release.","first-article inspection report, 1,000 km fault-free run, braking curves, charging logs, rescue/coupling drill, maintainability demonstration",owner acceptance board,planned
samawah:SAM-RS-L1-030:qa-15-first-article-trainset,samawah,SAM-RS-L1-030,line-1 trainset 030,rolling-stock,line-1,qa-15-first-article-trainset,rolling-stock,first article and batch release,"First trainset completes static, dynamic, endurance, braking, charging, evacuation, and maintainability acceptance before series release.","first-article inspection report, 1,000 km fault-free run, braking curves, charging logs, rescue/coupling drill, maintainability demonstration",owner acceptance board,planned
samawah:SAM-RS-L1-031:qa-15-first-article-trainset,samawah,SAM-RS-L1-031,line-1 trainset 031,rolling-stock,line-1,qa-15-first-article-trainset,rolling-stock,first article and batch release,"First trainset completes static, dynamic, endurance, braking, charging, evacuation, and maintainability acceptance before series release.","first-article inspection report, 1,000 km fault-free run, braking curves, charging logs, rescue/coupling drill, maintainability demonstration",owner acceptance board,planned
samawah:SAM-RS-L1-032:qa-15-first-article-trainset,samawah,SAM-RS-L1-032,line-1 trainset 032,rolling-stock,line-1,qa-15-first-article-trainset,rolling-stock,first article and batch release,"First trainset completes static, dynamic, endurance, braking, charging, evacuation, and maintainability acceptance before series release.","first-article inspection report, 1,000 km fault-free run, braking curves, charging logs, rescue/coupling drill, maintainability demonstration",owner acceptance board,planned
samawah:SAM-RS-L1-033:qa-15-first-article-trainset,samawah,SAM-RS-L1-033,line-1 trainset 033,rolling-stock,line-1,qa-15-first-article-trainset,rolling-stock,first article and batch release,"First trainset completes static, dynamic, endurance, braking, charging, evacuation, and maintainability acceptance before series release.","first-article inspection report, 1,000 km fault-free run, braking curves, charging logs, rescue/coupling drill, maintainability demonstration",owner acceptance board,planned
samawah:SAM-RS-L1-034:qa-15-first-article-trainset,samawah,SAM-RS-L1-034,line-1 trainset 034,rolling-stock,line-1,qa-15-first-article-trainset,rolling-stock,first article and batch release,"First trainset completes static, dynamic, endurance, braking, charging, evacuation, and maintainability acceptance before series release.","first-article inspection report, 1,000 km fault-free run, braking curves, charging logs, rescue/coupling drill, maintainability demonstration",owner acceptance board,planned
samawah:SAM-RS-L1-035:qa-15-first-article-trainset,samawah,SAM-RS-L1-035,line-1 trainset 035,rolling-stock,line-1,qa-15-first-article-trainset,rolling-stock,first article and batch release,"First trainset completes static, dynamic, endurance, braking, charging, evacuation, and maintainability acceptance before series release.","first-article inspection report, 1,000 km fault-free run, braking curves, charging logs, rescue/coupling drill, maintainability demonstration",owner acceptance board,planned
samawah:SAM-RS-L1-036:qa-15-first-article-trainset,samawah,SAM-RS-L1-036,line-1 trainset 036,rolling-stock,line-1,qa-15-first-article-trainset,rolling-stock,first article and batch release,"First trainset completes static, dynamic, endurance, braking, charging, evacuation, and maintainability acceptance before series release.","first-article inspection report, 1,000 km fault-free run, braking curves, charging logs, rescue/coupling drill, maintainability demonstration",owner acceptance board,planned
samawah:SAM-RS-L1-037:qa-15-first-article-trainset,samawah,SAM-RS-L1-037,line-1 trainset 037,rolling-stock,line-1,qa-15-first-article-trainset,rolling-stock,first article and batch release,"First trainset completes static, dynamic, endurance, braking, charging, evacuation, and maintainability acceptance before series release.","first-article inspection report, 1,000 km fault-free run, braking curves, charging logs, rescue/coupling drill, maintainability demonstration",owner acceptance board,planned
samawah:SAM-RS-L1-038:qa-15-first-article-trainset,samawah,SAM-RS-L1-038,line-1 trainset 038,rolling-stock,line-1,qa-15-first-article-trainset,rolling-stock,first article and batch release,"First trainset completes static, dynamic, endurance, braking, charging, evacuation, and maintainability acceptance before series release.","first-article inspection report, 1,000 km fault-free run, braking curves, charging logs, rescue/coupling drill, maintainability demonstration",owner acceptance board,planned
samawah:SAM-RS-L1-039:qa-15-first-article-trainset,samawah,SAM-RS-L1-039,line-1 trainset 039,rolling-stock,line-1,qa-15-first-article-trainset,rolling-stock,first article and batch release,"First trainset completes static, dynamic, endurance, braking, charging, evacuation, and maintainability acceptance before series release.","first-article inspection report, 1,000 km fault-free run, braking curves, charging logs, rescue/coupling drill, maintainability demonstration",owner acceptance board,planned
samawah:SAM-RS-L1-040:qa-15-first-article-trainset,samawah,SAM-RS-L1-040,line-1 trainset 040,rolling-stock,line-1,qa-15-first-article-trainset,rolling-stock,first article and batch release,"First trainset completes static, dynamic, endurance, braking, charging, evacuation, and maintainability acceptance before series release.","first-article inspection report, 1,000 km fault-free run, braking curves, charging logs, rescue/coupling drill, maintainability demonstration",owner acceptance board,planned
samawah:SAM-RS-L1-041:qa-15-first-article-trainset,samawah,SAM-RS-L1-041,line-1 trainset 041,rolling-stock,line-1,qa-15-first-article-trainset,rolling-stock,first article and batch release,"First trainset completes static, dynamic, endurance, braking, charging, evacuation, and maintainability acceptance before series release.","first-article inspection report, 1,000 km fault-free run, braking curves, charging logs, rescue/coupling drill, maintainability demonstration",owner acceptance board,planned
samawah:SAM-RS-L2-001:qa-15-first-article-trainset,samawah,SAM-RS-L2-001,line-2 trainset 001,rolling-stock,line-2,qa-15-first-article-trainset,rolling-stock,first article and batch release,"First trainset completes static, dynamic, endurance, braking, charging, evacuation, and maintainability acceptance before series release.","first-article inspection report, 1,000 km fault-free run, braking curves, charging logs, rescue/coupling drill, maintainability demonstration",owner acceptance board,planned
samawah:SAM-RS-L2-002:qa-15-first-article-trainset,samawah,SAM-RS-L2-002,line-2 trainset 002,rolling-stock,line-2,qa-15-first-article-trainset,rolling-stock,first article and batch release,"First trainset completes static, dynamic, endurance, braking, charging, evacuation, and maintainability acceptance before series release.","first-article inspection report, 1,000 km fault-free run, braking curves, charging logs, rescue/coupling drill, maintainability demonstration",owner acceptance board,planned
samawah:SAM-RS-L2-003:qa-15-first-article-trainset,samawah,SAM-RS-L2-003,line-2 trainset 003,rolling-stock,line-2,qa-15-first-article-trainset,rolling-stock,first article and batch release,"First trainset completes static, dynamic, endurance, braking, charging, evacuation, and maintainability acceptance before series release.","first-article inspection report, 1,000 km fault-free run, braking curves, charging logs, rescue/coupling drill, maintainability demonstration",owner acceptance board,planned
samawah:SAM-RS-L2-004:qa-15-first-article-trainset,samawah,SAM-RS-L2-004,line-2 trainset 004,rolling-stock,line-2,qa-15-first-article-trainset,rolling-stock,first article and batch release,"First trainset completes static, dynamic, endurance, braking, charging, evacuation, and maintainability acceptance before series release.","first-article inspection report, 1,000 km fault-free run, braking curves, charging logs, rescue/coupling drill, maintainability demonstration",owner acceptance board,planned
samawah:SAM-RS-L2-005:qa-15-first-article-trainset,samawah,SAM-RS-L2-005,line-2 trainset 005,rolling-stock,line-2,qa-15-first-article-trainset,rolling-stock,first article and batch release,"First trainset completes static, dynamic, endurance, braking, charging, evacuation, and maintainability acceptance before series release.","first-article inspection report, 1,000 km fault-free run, braking curves, charging logs, rescue/coupling drill, maintainability demonstration",owner acceptance board,planned
samawah:SAM-RS-L2-006:qa-15-first-article-trainset,samawah,SAM-RS-L2-006,line-2 trainset 006,rolling-stock,line-2,qa-15-first-article-trainset,rolling-stock,first article and batch release,"First trainset completes static, dynamic, endurance, braking, charging, evacuation, and maintainability acceptance before series release.","first-article inspection report, 1,000 km fault-free run, braking curves, charging logs, rescue/coupling drill, maintainability demonstration",owner acceptance board,planned
samawah:SAM-RS-L2-007:qa-15-first-article-trainset,samawah,SAM-RS-L2-007,line-2 trainset 007,rolling-stock,line-2,qa-15-first-article-trainset,rolling-stock,first article and batch release,"First trainset completes static, dynamic, endurance, braking, charging, evacuation, and maintainability acceptance before series release.","first-article inspection report, 1,000 km fault-free run, braking curves, charging logs, rescue/coupling drill, maintainability demonstration",owner acceptance board,planned
samawah:SAM-RS-L2-008:qa-15-first-article-trainset,samawah,SAM-RS-L2-008,line-2 trainset 008,rolling-stock,line-2,qa-15-first-article-trainset,rolling-stock,first article and batch release,"First trainset completes static, dynamic, endurance, braking, charging, evacuation, and maintainability acceptance before series release.","first-article inspection report, 1,000 km fault-free run, braking curves, charging logs, rescue/coupling drill, maintainability demonstration",owner acceptance board,planned
samawah:SAM-RS-L2-009:qa-15-first-article-trainset,samawah,SAM-RS-L2-009,line-2 trainset 009,rolling-stock,line-2,qa-15-first-article-trainset,rolling-stock,first article and batch release,"First trainset completes static, dynamic, endurance, braking, charging, evacuation, and maintainability acceptance before series release.","first-article inspection report, 1,000 km fault-free run, braking curves, charging logs, rescue/coupling drill, maintainability demonstration",owner acceptance board,planned
samawah:SAM-RS-L2-010:qa-15-first-article-trainset,samawah,SAM-RS-L2-010,line-2 trainset 010,rolling-stock,line-2,qa-15-first-article-trainset,rolling-stock,first article and batch release,"First trainset completes static, dynamic, endurance, braking, charging, evacuation, and maintainability acceptance before series release.","first-article inspection report, 1,000 km fault-free run, braking curves, charging logs, rescue/coupling drill, maintainability demonstration",owner acceptance board,planned
samawah:SAM-RS-L2-011:qa-15-first-article-trainset,samawah,SAM-RS-L2-011,line-2 trainset 011,rolling-stock,line-2,qa-15-first-article-trainset,rolling-stock,first article and batch release,"First trainset completes static, dynamic, endurance, braking, charging, evacuation, and maintainability acceptance before series release.","first-article inspection report, 1,000 km fault-free run, braking curves, charging logs, rescue/coupling drill, maintainability demonstration",owner acceptance board,planned
samawah:SAM-RS-L2-012:qa-15-first-article-trainset,samawah,SAM-RS-L2-012,line-2 trainset 012,rolling-stock,line-2,qa-15-first-article-trainset,rolling-stock,first article and batch release,"First trainset completes static, dynamic, endurance, braking, charging, evacuation, and maintainability acceptance before series release.","first-article inspection report, 1,000 km fault-free run, braking curves, charging logs, rescue/coupling drill, maintainability demonstration",owner acceptance board,planned
samawah:SAM-RS-L2-013:qa-15-first-article-trainset,samawah,SAM-RS-L2-013,line-2 trainset 013,rolling-stock,line-2,qa-15-first-article-trainset,rolling-stock,first article and batch release,"First trainset completes static, dynamic, endurance, braking, charging, evacuation, and maintainability acceptance before series release.","first-article inspection report, 1,000 km fault-free run, braking curves, charging logs, rescue/coupling drill, maintainability demonstration",owner acceptance board,planned
samawah:SAM-RS-L2-014:qa-15-first-article-trainset,samawah,SAM-RS-L2-014,line-2 trainset 014,rolling-stock,line-2,qa-15-first-article-trainset,rolling-stock,first article and batch release,"First trainset completes static, dynamic, endurance, braking, charging, evacuation, and maintainability acceptance before series release.","first-article inspection report, 1,000 km fault-free run, braking curves, charging logs, rescue/coupling drill, maintainability demonstration",owner acceptance board,planned
samawah:SAM-RS-L2-015:qa-15-first-article-trainset,samawah,SAM-RS-L2-015,line-2 trainset 015,rolling-stock,line-2,qa-15-first-article-trainset,rolling-stock,first article and batch release,"First trainset completes static, dynamic, endurance, braking, charging, evacuation, and maintainability acceptance before series release.","first-article inspection report, 1,000 km fault-free run, braking curves, charging logs, rescue/coupling drill, maintainability demonstration",owner acceptance board,planned
samawah:SAM-RS-L2-016:qa-15-first-article-trainset,samawah,SAM-RS-L2-016,line-2 trainset 016,rolling-stock,line-2,qa-15-first-article-trainset,rolling-stock,first article and batch release,"First trainset completes static, dynamic, endurance, braking, charging, evacuation, and maintainability acceptance before series release.","first-article inspection report, 1,000 km fault-free run, braking curves, charging logs, rescue/coupling drill, maintainability demonstration",owner acceptance board,planned
samawah:SAM-RS-L2-017:qa-15-first-article-trainset,samawah,SAM-RS-L2-017,line-2 trainset 017,rolling-stock,line-2,qa-15-first-article-trainset,rolling-stock,first article and batch release,"First trainset completes static, dynamic, endurance, braking, charging, evacuation, and maintainability acceptance before series release.","first-article inspection report, 1,000 km fault-free run, braking curves, charging logs, rescue/coupling drill, maintainability demonstration",owner acceptance board,planned
samawah:SAM-RS-L2-018:qa-15-first-article-trainset,samawah,SAM-RS-L2-018,line-2 trainset 018,rolling-stock,line-2,qa-15-first-article-trainset,rolling-stock,first article and batch release,"First trainset completes static, dynamic, endurance, braking, charging, evacuation, and maintainability acceptance before series release.","first-article inspection report, 1,000 km fault-free run, braking curves, charging logs, rescue/coupling drill, maintainability demonstration",owner acceptance board,planned
samawah:SAM-RS-L2-019:qa-15-first-article-trainset,samawah,SAM-RS-L2-019,line-2 trainset 019,rolling-stock,line-2,qa-15-first-article-trainset,rolling-stock,first article and batch release,"First trainset completes static, dynamic, endurance, braking, charging, evacuation, and maintainability acceptance before series release.","first-article inspection report, 1,000 km fault-free run, braking curves, charging logs, rescue/coupling drill, maintainability demonstration",owner acceptance board,planned
samawah:SAM-RS-L2-020:qa-15-first-article-trainset,samawah,SAM-RS-L2-020,line-2 trainset 020,rolling-stock,line-2,qa-15-first-article-trainset,rolling-stock,first article and batch release,"First trainset completes static, dynamic, endurance, braking, charging, evacuation, and maintainability acceptance before series release.","first-article inspection report, 1,000 km fault-free run, braking curves, charging logs, rescue/coupling drill, maintainability demonstration",owner acceptance board,planned
samawah:SAM-RS-L2-021:qa-15-first-article-trainset,samawah,SAM-RS-L2-021,line-2 trainset 021,rolling-stock,line-2,qa-15-first-article-trainset,rolling-stock,first article and batch release,"First trainset completes static, dynamic, endurance, braking, charging, evacuation, and maintainability acceptance before series release.","first-article inspection report, 1,000 km fault-free run, braking curves, charging logs, rescue/coupling drill, maintainability demonstration",owner acceptance board,planned
samawah:SAM-RS-L2-022:qa-15-first-article-trainset,samawah,SAM-RS-L2-022,line-2 trainset 022,rolling-stock,line-2,qa-15-first-article-trainset,rolling-stock,first article and batch release,"First trainset completes static, dynamic, endurance, braking, charging, evacuation, and maintainability acceptance before series release.","first-article inspection report, 1,000 km fault-free run, braking curves, charging logs, rescue/coupling drill, maintainability demonstration",owner acceptance board,planned
samawah:SAM-RS-L2-023:qa-15-first-article-trainset,samawah,SAM-RS-L2-023,line-2 trainset 023,rolling-stock,line-2,qa-15-first-article-trainset,rolling-stock,first article and batch release,"First trainset completes static, dynamic, endurance, braking, charging, evacuation, and maintainability acceptance before series release.","first-article inspection report, 1,000 km fault-free run, braking curves, charging logs, rescue/coupling drill, maintainability demonstration",owner acceptance board,planned
samawah:SAM-RS-L2-024:qa-15-first-article-trainset,samawah,SAM-RS-L2-024,line-2 trainset 024,rolling-stock,line-2,qa-15-first-article-trainset,rolling-stock,first article and batch release,"First trainset completes static, dynamic, endurance, braking, charging, evacuation, and maintainability acceptance before series release.","first-article inspection report, 1,000 km fault-free run, braking curves, charging logs, rescue/coupling drill, maintainability demonstration",owner acceptance board,planned
samawah:SAM-RS-L2-025:qa-15-first-article-trainset,samawah,SAM-RS-L2-025,line-2 trainset 025,rolling-stock,line-2,qa-15-first-article-trainset,rolling-stock,first article and batch release,"First trainset completes static, dynamic, endurance, braking, charging, evacuation, and maintainability acceptance before series release.","first-article inspection report, 1,000 km fault-free run, braking curves, charging logs, rescue/coupling drill, maintainability demonstration",owner acceptance board,planned
samawah:SAM-RS-L2-026:qa-15-first-article-trainset,samawah,SAM-RS-L2-026,line-2 trainset 026,rolling-stock,line-2,qa-15-first-article-trainset,rolling-stock,first article and batch release,"First trainset completes static, dynamic, endurance, braking, charging, evacuation, and maintainability acceptance before series release.","first-article inspection report, 1,000 km fault-free run, braking curves, charging logs, rescue/coupling drill, maintainability demonstration",owner acceptance board,planned
samawah:SAM-RS-L2-027:qa-15-first-article-trainset,samawah,SAM-RS-L2-027,line-2 trainset 027,rolling-stock,line-2,qa-15-first-article-trainset,rolling-stock,first article and batch release,"First trainset completes static, dynamic, endurance, braking, charging, evacuation, and maintainability acceptance before series release.","first-article inspection report, 1,000 km fault-free run, braking curves, charging logs, rescue/coupling drill, maintainability demonstration",owner acceptance board,planned
samawah:SAM-RS-L2-028:qa-15-first-article-trainset,samawah,SAM-RS-L2-028,line-2 trainset 028,rolling-stock,line-2,qa-15-first-article-trainset,rolling-stock,first article and batch release,"First trainset completes static, dynamic, endurance, braking, charging, evacuation, and maintainability acceptance before series release.","first-article inspection report, 1,000 km fault-free run, braking curves, charging logs, rescue/coupling drill, maintainability demonstration",owner acceptance board,planned
samawah:SAM-RS-L2-029:qa-15-first-article-trainset,samawah,SAM-RS-L2-029,line-2 trainset 029,rolling-stock,line-2,qa-15-first-article-trainset,rolling-stock,first article and batch release,"First trainset completes static, dynamic, endurance, braking, charging, evacuation, and maintainability acceptance before series release.","first-article inspection report, 1,000 km fault-free run, braking curves, charging logs, rescue/coupling drill, maintainability demonstration",owner acceptance board,planned
samawah:SAM-RS-L2-030:qa-15-first-article-trainset,samawah,SAM-RS-L2-030,line-2 trainset 030,rolling-stock,line-2,qa-15-first-article-trainset,rolling-stock,first article and batch release,"First trainset completes static, dynamic, endurance, braking, charging, evacuation, and maintainability acceptance before series release.","first-article inspection report, 1,000 km fault-free run, braking curves, charging logs, rescue/coupling drill, maintainability demonstration",owner acceptance board,planned
samawah:SAM-RS-L2-031:qa-15-first-article-trainset,samawah,SAM-RS-L2-031,line-2 trainset 031,rolling-stock,line-2,qa-15-first-article-trainset,rolling-stock,first article and batch release,"First trainset completes static, dynamic, endurance, braking, charging, evacuation, and maintainability acceptance before series release.","first-article inspection report, 1,000 km fault-free run, braking curves, charging logs, rescue/coupling drill, maintainability demonstration",owner acceptance board,planned
samawah:SAM-RS-L2-032:qa-15-first-article-trainset,samawah,SAM-RS-L2-032,line-2 trainset 032,rolling-stock,line-2,qa-15-first-article-trainset,rolling-stock,first article and batch release,"First trainset completes static, dynamic, endurance, braking, charging, evacuation, and maintainability acceptance before series release.","first-article inspection report, 1,000 km fault-free run, braking curves, charging logs, rescue/coupling drill, maintainability demonstration",owner acceptance board,planned
samawah:SAM-RS-L2-033:qa-15-first-article-trainset,samawah,SAM-RS-L2-033,line-2 trainset 033,rolling-stock,line-2,qa-15-first-article-trainset,rolling-stock,first article and batch release,"First trainset completes static, dynamic, endurance, braking, charging, evacuation, and maintainability acceptance before series release.","first-article inspection report, 1,000 km fault-free run, braking curves, charging logs, rescue/coupling drill, maintainability demonstration",owner acceptance board,planned
samawah:SAM-RS-L2-034:qa-15-first-article-trainset,samawah,SAM-RS-L2-034,line-2 trainset 034,rolling-stock,line-2,qa-15-first-article-trainset,rolling-stock,first article and batch release,"First trainset completes static, dynamic, endurance, braking, charging, evacuation, and maintainability acceptance before series release.","first-article inspection report, 1,000 km fault-free run, braking curves, charging logs, rescue/coupling drill, maintainability demonstration",owner acceptance board,planned
samawah:SAM-RS-L2-035:qa-15-first-article-trainset,samawah,SAM-RS-L2-035,line-2 trainset 035,rolling-stock,line-2,qa-15-first-article-trainset,rolling-stock,first article and batch release,"First trainset completes static, dynamic, endurance, braking, charging, evacuation, and maintainability acceptance before series release.","first-article inspection report, 1,000 km fault-free run, braking curves, charging logs, rescue/coupling drill, maintainability demonstration",owner acceptance board,planned
samawah:SAM-RS-L2-036:qa-15-first-article-trainset,samawah,SAM-RS-L2-036,line-2 trainset 036,rolling-stock,line-2,qa-15-first-article-trainset,rolling-stock,first article and batch release,"First trainset completes static, dynamic, endurance, braking, charging, evacuation, and maintainability acceptance before series release.","first-article inspection report, 1,000 km fault-free run, braking curves, charging logs, rescue/coupling drill, maintainability demonstration",owner acceptance board,planned
samawah:SAM-RS-L3-001:qa-15-first-article-trainset,samawah,SAM-RS-L3-001,line-3 trainset 001,rolling-stock,line-3,qa-15-first-article-trainset,rolling-stock,first article and batch release,"First trainset completes static, dynamic, endurance, braking, charging, evacuation, and maintainability acceptance before series release.","first-article inspection report, 1,000 km fault-free run, braking curves, charging logs, rescue/coupling drill, maintainability demonstration",owner acceptance board,planned
samawah:SAM-RS-L3-002:qa-15-first-article-trainset,samawah,SAM-RS-L3-002,line-3 trainset 002,rolling-stock,line-3,qa-15-first-article-trainset,rolling-stock,first article and batch release,"First trainset completes static, dynamic, endurance, braking, charging, evacuation, and maintainability acceptance before series release.","first-article inspection report, 1,000 km fault-free run, braking curves, charging logs, rescue/coupling drill, maintainability demonstration",owner acceptance board,planned
samawah:SAM-RS-L3-003:qa-15-first-article-trainset,samawah,SAM-RS-L3-003,line-3 trainset 003,rolling-stock,line-3,qa-15-first-article-trainset,rolling-stock,first article and batch release,"First trainset completes static, dynamic, endurance, braking, charging, evacuation, and maintainability acceptance before series release.","first-article inspection report, 1,000 km fault-free run, braking curves, charging logs, rescue/coupling drill, maintainability demonstration",owner acceptance board,planned
samawah:SAM-RS-L3-004:qa-15-first-article-trainset,samawah,SAM-RS-L3-004,line-3 trainset 004,rolling-stock,line-3,qa-15-first-article-trainset,rolling-stock,first article and batch release,"First trainset completes static, dynamic, endurance, braking, charging, evacuation, and maintainability acceptance before series release.","first-article inspection report, 1,000 km fault-free run, braking curves, charging logs, rescue/coupling drill, maintainability demonstration",owner acceptance board,planned
samawah:SAM-RS-L3-005:qa-15-first-article-trainset,samawah,SAM-RS-L3-005,line-3 trainset 005,rolling-stock,line-3,qa-15-first-article-trainset,rolling-stock,first article and batch release,"First trainset completes static, dynamic, endurance, braking, charging, evacuation, and maintainability acceptance before series release.","first-article inspection report, 1,000 km fault-free run, braking curves, charging logs, rescue/coupling drill, maintainability demonstration",owner acceptance board,planned
samawah:SAM-RS-L3-006:qa-15-first-article-trainset,samawah,SAM-RS-L3-006,line-3 trainset 006,rolling-stock,line-3,qa-15-first-article-trainset,rolling-stock,first article and batch release,"First trainset completes static, dynamic, endurance, braking, charging, evacuation, and maintainability acceptance before series release.","first-article inspection report, 1,000 km fault-free run, braking curves, charging logs, rescue/coupling drill, maintainability demonstration",owner acceptance board,planned
samawah:SAM-RS-L3-007:qa-15-first-article-trainset,samawah,SAM-RS-L3-007,line-3 trainset 007,rolling-stock,line-3,qa-15-first-article-trainset,rolling-stock,first article and batch release,"First trainset completes static, dynamic, endurance, braking, charging, evacuation, and maintainability acceptance before series release.","first-article inspection report, 1,000 km fault-free run, braking curves, charging logs, rescue/coupling drill, maintainability demonstration",owner acceptance board,planned
samawah:SAM-RS-L3-008:qa-15-first-article-trainset,samawah,SAM-RS-L3-008,line-3 trainset 008,rolling-stock,line-3,qa-15-first-article-trainset,rolling-stock,first article and batch release,"First trainset completes static, dynamic, endurance, braking, charging, evacuation, and maintainability acceptance before series release.","first-article inspection report, 1,000 km fault-free run, braking curves, charging logs, rescue/coupling drill, maintainability demonstration",owner acceptance board,planned
samawah:SAM-RS-L3-009:qa-15-first-article-trainset,samawah,SAM-RS-L3-009,line-3 trainset 009,rolling-stock,line-3,qa-15-first-article-trainset,rolling-stock,first article and batch release,"First trainset completes static, dynamic, endurance, braking, charging, evacuation, and maintainability acceptance before series release.","first-article inspection report, 1,000 km fault-free run, braking curves, charging logs, rescue/coupling drill, maintainability demonstration",owner acceptance board,planned
samawah:SAM-RS-L3-010:qa-15-first-article-trainset,samawah,SAM-RS-L3-010,line-3 trainset 010,rolling-stock,line-3,qa-15-first-article-trainset,rolling-stock,first article and batch release,"First trainset completes static, dynamic, endurance, braking, charging, evacuation, and maintainability acceptance before series release.","first-article inspection report, 1,000 km fault-free run, braking curves, charging logs, rescue/coupling drill, maintainability demonstration",owner acceptance board,planned
samawah:SAM-RS-L3-011:qa-15-first-article-trainset,samawah,SAM-RS-L3-011,line-3 trainset 011,rolling-stock,line-3,qa-15-first-article-trainset,rolling-stock,first article and batch release,"First trainset completes static, dynamic, endurance, braking, charging, evacuation, and maintainability acceptance before series release.","first-article inspection report, 1,000 km fault-free run, braking curves, charging logs, rescue/coupling drill, maintainability demonstration",owner acceptance board,planned
samawah:SAM-RS-L3-012:qa-15-first-article-trainset,samawah,SAM-RS-L3-012,line-3 trainset 012,rolling-stock,line-3,qa-15-first-article-trainset,rolling-stock,first article and batch release,"First trainset completes static, dynamic, endurance, braking, charging, evacuation, and maintainability acceptance before series release.","first-article inspection report, 1,000 km fault-free run, braking curves, charging logs, rescue/coupling drill, maintainability demonstration",owner acceptance board,planned
samawah:SAM-RS-L3-013:qa-15-first-article-trainset,samawah,SAM-RS-L3-013,line-3 trainset 013,rolling-stock,line-3,qa-15-first-article-trainset,rolling-stock,first article and batch release,"First trainset completes static, dynamic, endurance, braking, charging, evacuation, and maintainability acceptance before series release.","first-article inspection report, 1,000 km fault-free run, braking curves, charging logs, rescue/coupling drill, maintainability demonstration",owner acceptance board,planned
samawah:SAM-RS-L3-014:qa-15-first-article-trainset,samawah,SAM-RS-L3-014,line-3 trainset 014,rolling-stock,line-3,qa-15-first-article-trainset,rolling-stock,first article and batch release,"First trainset completes static, dynamic, endurance, braking, charging, evacuation, and maintainability acceptance before series release.","first-article inspection report, 1,000 km fault-free run, braking curves, charging logs, rescue/coupling drill, maintainability demonstration",owner acceptance board,planned
samawah:SAM-RS-L3-015:qa-15-first-article-trainset,samawah,SAM-RS-L3-015,line-3 trainset 015,rolling-stock,line-3,qa-15-first-article-trainset,rolling-stock,first article and batch release,"First trainset completes static, dynamic, endurance, braking, charging, evacuation, and maintainability acceptance before series release.","first-article inspection report, 1,000 km fault-free run, braking curves, charging logs, rescue/coupling drill, maintainability demonstration",owner acceptance board,planned
samawah:SAM-RS-L3-016:qa-15-first-article-trainset,samawah,SAM-RS-L3-016,line-3 trainset 016,rolling-stock,line-3,qa-15-first-article-trainset,rolling-stock,first article and batch release,"First trainset completes static, dynamic, endurance, braking, charging, evacuation, and maintainability acceptance before series release.","first-article inspection report, 1,000 km fault-free run, braking curves, charging logs, rescue/coupling drill, maintainability demonstration",owner acceptance board,planned
samawah:SAM-RS-L3-017:qa-15-first-article-trainset,samawah,SAM-RS-L3-017,line-3 trainset 017,rolling-stock,line-3,qa-15-first-article-trainset,rolling-stock,first article and batch release,"First trainset completes static, dynamic, endurance, braking, charging, evacuation, and maintainability acceptance before series release.","first-article inspection report, 1,000 km fault-free run, braking curves, charging logs, rescue/coupling drill, maintainability demonstration",owner acceptance board,planned
samawah:SAM-RS-L3-018:qa-15-first-article-trainset,samawah,SAM-RS-L3-018,line-3 trainset 018,rolling-stock,line-3,qa-15-first-article-trainset,rolling-stock,first article and batch release,"First trainset completes static, dynamic, endurance, braking, charging, evacuation, and maintainability acceptance before series release.","first-article inspection report, 1,000 km fault-free run, braking curves, charging logs, rescue/coupling drill, maintainability demonstration",owner acceptance board,planned
samawah:SAM-RS-L3-019:qa-15-first-article-trainset,samawah,SAM-RS-L3-019,line-3 trainset 019,rolling-stock,line-3,qa-15-first-article-trainset,rolling-stock,first article and batch release,"First trainset completes static, dynamic, endurance, braking, charging, evacuation, and maintainability acceptance before series release.","first-article inspection report, 1,000 km fault-free run, braking curves, charging logs, rescue/coupling drill, maintainability demonstration",owner acceptance board,planned
samawah:SAM-ST-001:qa-20-survey-geotech,samawah,SAM-ST-001,الجرعه,station,line-1,qa-20-survey-geotech,infrastructure,pre-construction,"Survey control, cadastral constraints, buried utilities, flood paths, and geotechnical assumptions accepted before civil construction.","topographic survey, utility scan, borehole/test-pit log, flood/drainage map, ROW constraint register",civil owner engineer,planned
samawah:SAM-ST-002:qa-20-survey-geotech,samawah,SAM-ST-002,line-1-0813-0179,station,line-1,qa-20-survey-geotech,infrastructure,pre-construction,"Survey control, cadastral constraints, buried utilities, flood paths, and geotechnical assumptions accepted before civil construction.","topographic survey, utility scan, borehole/test-pit log, flood/drainage map, ROW constraint register",civil owner engineer,planned
samawah:SAM-ST-003:qa-20-survey-geotech,samawah,SAM-ST-003,الطمر الصحي,station,line-1,qa-20-survey-geotech,infrastructure,pre-construction,"Survey control, cadastral constraints, buried utilities, flood paths, and geotechnical assumptions accepted before civil construction.","topographic survey, utility scan, borehole/test-pit log, flood/drainage map, ROW constraint register",civil owner engineer,planned
samawah:SAM-ST-004:qa-20-survey-geotech,samawah,SAM-ST-004,ال معالي خلف السكة,station,line-1,qa-20-survey-geotech,infrastructure,pre-construction,"Survey control, cadastral constraints, buried utilities, flood paths, and geotechnical assumptions accepted before civil construction.","topographic survey, utility scan, borehole/test-pit log, flood/drainage map, ROW constraint register",civil owner engineer,planned
samawah:SAM-ST-005:qa-20-survey-geotech,samawah,SAM-ST-005,حي الاساتذة,station,line-1,qa-20-survey-geotech,infrastructure,pre-construction,"Survey control, cadastral constraints, buried utilities, flood paths, and geotechnical assumptions accepted before civil construction.","topographic survey, utility scan, borehole/test-pit log, flood/drainage map, ROW constraint register",civil owner engineer,planned
samawah:SAM-ST-006:qa-20-survey-geotech,samawah,SAM-ST-006,حي 270 دار,station,line-1,qa-20-survey-geotech,infrastructure,pre-construction,"Survey control, cadastral constraints, buried utilities, flood paths, and geotechnical assumptions accepted before civil construction.","topographic survey, utility scan, borehole/test-pit log, flood/drainage map, ROW constraint register",civil owner engineer,planned
samawah:SAM-ST-007:qa-20-survey-geotech,samawah,SAM-ST-007,عادل البنجرجي شارع الاسكان,station,line-1,qa-20-survey-geotech,infrastructure,pre-construction,"Survey control, cadastral constraints, buried utilities, flood paths, and geotechnical assumptions accepted before civil construction.","topographic survey, utility scan, borehole/test-pit log, flood/drainage map, ROW constraint register",civil owner engineer,planned
samawah:SAM-ST-008:qa-20-survey-geotech,samawah,SAM-ST-008,line-1-0493-0475,station,line-1,qa-20-survey-geotech,infrastructure,pre-construction,"Survey control, cadastral constraints, buried utilities, flood paths, and geotechnical assumptions accepted before civil construction.","topographic survey, utility scan, borehole/test-pit log, flood/drainage map, ROW constraint register",civil owner engineer,planned
samawah:SAM-ST-009:qa-20-survey-geotech,samawah,SAM-ST-009,line-1-0425-0475,station,line-1,qa-20-survey-geotech,infrastructure,pre-construction,"Survey control, cadastral constraints, buried utilities, flood paths, and geotechnical assumptions accepted before civil construction.","topographic survey, utility scan, borehole/test-pit log, flood/drainage map, ROW constraint register",civil owner engineer,planned
samawah:SAM-ST-010:qa-20-survey-geotech,samawah,SAM-ST-010,line-1-0376-0483,station,line-1,qa-20-survey-geotech,infrastructure,pre-construction,"Survey control, cadastral constraints, buried utilities, flood paths, and geotechnical assumptions accepted before civil construction.","topographic survey, utility scan, borehole/test-pit log, flood/drainage map, ROW constraint register",civil owner engineer,planned
samawah:SAM-ST-011:qa-20-survey-geotech,samawah,SAM-ST-011,كلية القانون,station,line-1,qa-20-survey-geotech,infrastructure,pre-construction,"Survey control, cadastral constraints, buried utilities, flood paths, and geotechnical assumptions accepted before civil construction.","topographic survey, utility scan, borehole/test-pit log, flood/drainage map, ROW constraint register",civil owner engineer,planned
samawah:SAM-ST-012:qa-20-survey-geotech,samawah,SAM-ST-012,مستشفى النسائية والاطفال التعليمي,station,line-1,qa-20-survey-geotech,infrastructure,pre-construction,"Survey control, cadastral constraints, buried utilities, flood paths, and geotechnical assumptions accepted before civil construction.","topographic survey, utility scan, borehole/test-pit log, flood/drainage map, ROW constraint register",civil owner engineer,planned
samawah:SAM-ST-013:qa-20-survey-geotech,samawah,SAM-ST-013,الشنابرة,station,line-1,qa-20-survey-geotech,infrastructure,pre-construction,"Survey control, cadastral constraints, buried utilities, flood paths, and geotechnical assumptions accepted before civil construction.","topographic survey, utility scan, borehole/test-pit log, flood/drainage map, ROW constraint register",civil owner engineer,planned
samawah:SAM-ST-014:qa-20-survey-geotech,samawah,SAM-ST-014,مجمع فدك السكني,station,line-2,qa-20-survey-geotech,infrastructure,pre-construction,"Survey control, cadastral constraints, buried utilities, flood paths, and geotechnical assumptions accepted before civil construction.","topographic survey, utility scan, borehole/test-pit log, flood/drainage map, ROW constraint register",civil owner engineer,planned
samawah:SAM-ST-015:qa-20-survey-geotech,samawah,SAM-ST-015,مجمع النهضة السكني,station,line-2,qa-20-survey-geotech,infrastructure,pre-construction,"Survey control, cadastral constraints, buried utilities, flood paths, and geotechnical assumptions accepted before civil construction.","topographic survey, utility scan, borehole/test-pit log, flood/drainage map, ROW constraint register",civil owner engineer,planned
samawah:SAM-ST-016:qa-20-survey-geotech,samawah,SAM-ST-016,دور الشركة,station,line-2,qa-20-survey-geotech,infrastructure,pre-construction,"Survey control, cadastral constraints, buried utilities, flood paths, and geotechnical assumptions accepted before civil construction.","topographic survey, utility scan, borehole/test-pit log, flood/drainage map, ROW constraint register",civil owner engineer,planned
samawah:SAM-ST-017:qa-20-survey-geotech,samawah,SAM-ST-017,الشرقي,station,line-2,qa-20-survey-geotech,infrastructure,pre-construction,"Survey control, cadastral constraints, buried utilities, flood paths, and geotechnical assumptions accepted before civil construction.","topographic survey, utility scan, borehole/test-pit log, flood/drainage map, ROW constraint register",civil owner engineer,planned
samawah:SAM-ST-018:qa-20-survey-geotech,samawah,SAM-ST-018,line-2-0493-0475,station,line-2,qa-20-survey-geotech,infrastructure,pre-construction,"Survey control, cadastral constraints, buried utilities, flood paths, and geotechnical assumptions accepted before civil construction.","topographic survey, utility scan, borehole/test-pit log, flood/drainage map, ROW constraint register",civil owner engineer,planned
samawah:SAM-ST-019:qa-20-survey-geotech,samawah,SAM-ST-019,مركز الأمل للغسل الكلوي,station,line-2,qa-20-survey-geotech,infrastructure,pre-construction,"Survey control, cadastral constraints, buried utilities, flood paths, and geotechnical assumptions accepted before civil construction.","topographic survey, utility scan, borehole/test-pit log, flood/drainage map, ROW constraint register",civil owner engineer,planned
samawah:SAM-ST-020:qa-20-survey-geotech,samawah,SAM-ST-020,مركز صحي الحسنين (الجربوعية 1),station,line-2,qa-20-survey-geotech,infrastructure,pre-construction,"Survey control, cadastral constraints, buried utilities, flood paths, and geotechnical assumptions accepted before civil construction.","topographic survey, utility scan, borehole/test-pit log, flood/drainage map, ROW constraint register",civil owner engineer,planned
samawah:SAM-ST-021:qa-20-survey-geotech,samawah,SAM-ST-021,ابوجويلانة,station,line-2,qa-20-survey-geotech,infrastructure,pre-construction,"Survey control, cadastral constraints, buried utilities, flood paths, and geotechnical assumptions accepted before civil construction.","topographic survey, utility scan, borehole/test-pit log, flood/drainage map, ROW constraint register",civil owner engineer,planned
samawah:SAM-ST-022:qa-20-survey-geotech,samawah,SAM-ST-022,line-2-0225-0239,station,line-2,qa-20-survey-geotech,infrastructure,pre-construction,"Survey control, cadastral constraints, buried utilities, flood paths, and geotechnical assumptions accepted before civil construction.","topographic survey, utility scan, borehole/test-pit log, flood/drainage map, ROW constraint register",civil owner engineer,planned
samawah:SAM-ST-023:qa-20-survey-geotech,samawah,SAM-ST-023,تقاطع شارع مجد هلال  سماوة,station,line-2,qa-20-survey-geotech,infrastructure,pre-construction,"Survey control, cadastral constraints, buried utilities, flood paths, and geotechnical assumptions accepted before civil construction.","topographic survey, utility scan, borehole/test-pit log, flood/drainage map, ROW constraint register",civil owner engineer,planned
samawah:SAM-ST-024:qa-20-survey-geotech,samawah,SAM-ST-024,بستان ال شنان (طريق المهدي),station,line-3,qa-20-survey-geotech,infrastructure,pre-construction,"Survey control, cadastral constraints, buried utilities, flood paths, and geotechnical assumptions accepted before civil construction.","topographic survey, utility scan, borehole/test-pit log, flood/drainage map, ROW constraint register",civil owner engineer,planned
samawah:SAM-ST-025:qa-20-survey-geotech,samawah,SAM-ST-025,حي النفط الزراعي,station,line-3,qa-20-survey-geotech,infrastructure,pre-construction,"Survey control, cadastral constraints, buried utilities, flood paths, and geotechnical assumptions accepted before civil construction.","topographic survey, utility scan, borehole/test-pit log, flood/drainage map, ROW constraint register",civil owner engineer,planned
samawah:SAM-ST-026:qa-20-survey-geotech,samawah,SAM-ST-026,حي السجناء السياسيين,station,line-3,qa-20-survey-geotech,infrastructure,pre-construction,"Survey control, cadastral constraints, buried utilities, flood paths, and geotechnical assumptions accepted before civil construction.","topographic survey, utility scan, borehole/test-pit log, flood/drainage map, ROW constraint register",civil owner engineer,planned
samawah:SAM-ST-027:qa-20-survey-geotech,samawah,SAM-ST-027,حي جضعان الاولى,station,line-3,qa-20-survey-geotech,infrastructure,pre-construction,"Survey control, cadastral constraints, buried utilities, flood paths, and geotechnical assumptions accepted before civil construction.","topographic survey, utility scan, borehole/test-pit log, flood/drainage map, ROW constraint register",civil owner engineer,planned
samawah:SAM-ST-028:qa-20-survey-geotech,samawah,SAM-ST-028,line-3-0493-0475,station,line-3,qa-20-survey-geotech,infrastructure,pre-construction,"Survey control, cadastral constraints, buried utilities, flood paths, and geotechnical assumptions accepted before civil construction.","topographic survey, utility scan, borehole/test-pit log, flood/drainage map, ROW constraint register",civil owner engineer,planned
samawah:SAM-ST-029:qa-20-survey-geotech,samawah,SAM-ST-029,معهد الصحة العالي في المثنى,station,line-3,qa-20-survey-geotech,infrastructure,pre-construction,"Survey control, cadastral constraints, buried utilities, flood paths, and geotechnical assumptions accepted before civil construction.","topographic survey, utility scan, borehole/test-pit log, flood/drainage map, ROW constraint register",civil owner engineer,planned
samawah:SAM-ST-030:qa-20-survey-geotech,samawah,SAM-ST-030,line-3-0625-0534,station,line-3,qa-20-survey-geotech,infrastructure,pre-construction,"Survey control, cadastral constraints, buried utilities, flood paths, and geotechnical assumptions accepted before civil construction.","topographic survey, utility scan, borehole/test-pit log, flood/drainage map, ROW constraint register",civil owner engineer,planned
samawah:SAM-ST-031:qa-20-survey-geotech,samawah,SAM-ST-031,مجمع البركة السكني,station,line-3,qa-20-survey-geotech,infrastructure,pre-construction,"Survey control, cadastral constraints, buried utilities, flood paths, and geotechnical assumptions accepted before civil construction.","topographic survey, utility scan, borehole/test-pit log, flood/drainage map, ROW constraint register",civil owner engineer,planned
samawah:SAM-TRK-L1-001:qa-20-survey-geotech,samawah,SAM-TRK-L1-001,line-1 section 001,track-section,line-1,qa-20-survey-geotech,infrastructure,pre-construction,"Survey control, cadastral constraints, buried utilities, flood paths, and geotechnical assumptions accepted before civil construction.","topographic survey, utility scan, borehole/test-pit log, flood/drainage map, ROW constraint register",civil owner engineer,planned
samawah:SAM-TRK-L1-002:qa-20-survey-geotech,samawah,SAM-TRK-L1-002,line-1 section 002,track-section,line-1,qa-20-survey-geotech,infrastructure,pre-construction,"Survey control, cadastral constraints, buried utilities, flood paths, and geotechnical assumptions accepted before civil construction.","topographic survey, utility scan, borehole/test-pit log, flood/drainage map, ROW constraint register",civil owner engineer,planned
samawah:SAM-TRK-L1-003:qa-20-survey-geotech,samawah,SAM-TRK-L1-003,line-1 section 003,track-section,line-1,qa-20-survey-geotech,infrastructure,pre-construction,"Survey control, cadastral constraints, buried utilities, flood paths, and geotechnical assumptions accepted before civil construction.","topographic survey, utility scan, borehole/test-pit log, flood/drainage map, ROW constraint register",civil owner engineer,planned
samawah:SAM-TRK-L1-004:qa-20-survey-geotech,samawah,SAM-TRK-L1-004,line-1 section 004,track-section,line-1,qa-20-survey-geotech,infrastructure,pre-construction,"Survey control, cadastral constraints, buried utilities, flood paths, and geotechnical assumptions accepted before civil construction.","topographic survey, utility scan, borehole/test-pit log, flood/drainage map, ROW constraint register",civil owner engineer,planned
samawah:SAM-TRK-L1-005:qa-20-survey-geotech,samawah,SAM-TRK-L1-005,line-1 section 005,track-section,line-1,qa-20-survey-geotech,infrastructure,pre-construction,"Survey control, cadastral constraints, buried utilities, flood paths, and geotechnical assumptions accepted before civil construction.","topographic survey, utility scan, borehole/test-pit log, flood/drainage map, ROW constraint register",civil owner engineer,planned
samawah:SAM-TRK-L1-006:qa-20-survey-geotech,samawah,SAM-TRK-L1-006,line-1 section 006,track-section,line-1,qa-20-survey-geotech,infrastructure,pre-construction,"Survey control, cadastral constraints, buried utilities, flood paths, and geotechnical assumptions accepted before civil construction.","topographic survey, utility scan, borehole/test-pit log, flood/drainage map, ROW constraint register",civil owner engineer,planned
samawah:SAM-TRK-L1-007:qa-20-survey-geotech,samawah,SAM-TRK-L1-007,line-1 section 007,track-section,line-1,qa-20-survey-geotech,infrastructure,pre-construction,"Survey control, cadastral constraints, buried utilities, flood paths, and geotechnical assumptions accepted before civil construction.","topographic survey, utility scan, borehole/test-pit log, flood/drainage map, ROW constraint register",civil owner engineer,planned
samawah:SAM-TRK-L1-008:qa-20-survey-geotech,samawah,SAM-TRK-L1-008,line-1 section 008,track-section,line-1,qa-20-survey-geotech,infrastructure,pre-construction,"Survey control, cadastral constraints, buried utilities, flood paths, and geotechnical assumptions accepted before civil construction.","topographic survey, utility scan, borehole/test-pit log, flood/drainage map, ROW constraint register",civil owner engineer,planned
samawah:SAM-TRK-L1-009:qa-20-survey-geotech,samawah,SAM-TRK-L1-009,line-1 section 009,track-section,line-1,qa-20-survey-geotech,infrastructure,pre-construction,"Survey control, cadastral constraints, buried utilities, flood paths, and geotechnical assumptions accepted before civil construction.","topographic survey, utility scan, borehole/test-pit log, flood/drainage map, ROW constraint register",civil owner engineer,planned
samawah:SAM-TRK-L1-010:qa-20-survey-geotech,samawah,SAM-TRK-L1-010,line-1 section 010,track-section,line-1,qa-20-survey-geotech,infrastructure,pre-construction,"Survey control, cadastral constraints, buried utilities, flood paths, and geotechnical assumptions accepted before civil construction.","topographic survey, utility scan, borehole/test-pit log, flood/drainage map, ROW constraint register",civil owner engineer,planned
samawah:SAM-TRK-L1-011:qa-20-survey-geotech,samawah,SAM-TRK-L1-011,line-1 section 011,track-section,line-1,qa-20-survey-geotech,infrastructure,pre-construction,"Survey control, cadastral constraints, buried utilities, flood paths, and geotechnical assumptions accepted before civil construction.","topographic survey, utility scan, borehole/test-pit log, flood/drainage map, ROW constraint register",civil owner engineer,planned
samawah:SAM-TRK-L1-012:qa-20-survey-geotech,samawah,SAM-TRK-L1-012,line-1 section 012,track-section,line-1,qa-20-survey-geotech,infrastructure,pre-construction,"Survey control, cadastral constraints, buried utilities, flood paths, and geotechnical assumptions accepted before civil construction.","topographic survey, utility scan, borehole/test-pit log, flood/drainage map, ROW constraint register",civil owner engineer,planned
samawah:SAM-TRK-L2-001:qa-20-survey-geotech,samawah,SAM-TRK-L2-001,line-2 section 001,track-section,line-2,qa-20-survey-geotech,infrastructure,pre-construction,"Survey control, cadastral constraints, buried utilities, flood paths, and geotechnical assumptions accepted before civil construction.","topographic survey, utility scan, borehole/test-pit log, flood/drainage map, ROW constraint register",civil owner engineer,planned
samawah:SAM-TRK-L2-002:qa-20-survey-geotech,samawah,SAM-TRK-L2-002,line-2 section 002,track-section,line-2,qa-20-survey-geotech,infrastructure,pre-construction,"Survey control, cadastral constraints, buried utilities, flood paths, and geotechnical assumptions accepted before civil construction.","topographic survey, utility scan, borehole/test-pit log, flood/drainage map, ROW constraint register",civil owner engineer,planned
samawah:SAM-TRK-L2-003:qa-20-survey-geotech,samawah,SAM-TRK-L2-003,line-2 section 003,track-section,line-2,qa-20-survey-geotech,infrastructure,pre-construction,"Survey control, cadastral constraints, buried utilities, flood paths, and geotechnical assumptions accepted before civil construction.","topographic survey, utility scan, borehole/test-pit log, flood/drainage map, ROW constraint register",civil owner engineer,planned
samawah:SAM-TRK-L2-004:qa-20-survey-geotech,samawah,SAM-TRK-L2-004,line-2 section 004,track-section,line-2,qa-20-survey-geotech,infrastructure,pre-construction,"Survey control, cadastral constraints, buried utilities, flood paths, and geotechnical assumptions accepted before civil construction.","topographic survey, utility scan, borehole/test-pit log, flood/drainage map, ROW constraint register",civil owner engineer,planned
samawah:SAM-TRK-L2-005:qa-20-survey-geotech,samawah,SAM-TRK-L2-005,line-2 section 005,track-section,line-2,qa-20-survey-geotech,infrastructure,pre-construction,"Survey control, cadastral constraints, buried utilities, flood paths, and geotechnical assumptions accepted before civil construction.","topographic survey, utility scan, borehole/test-pit log, flood/drainage map, ROW constraint register",civil owner engineer,planned
samawah:SAM-TRK-L2-006:qa-20-survey-geotech,samawah,SAM-TRK-L2-006,line-2 section 006,track-section,line-2,qa-20-survey-geotech,infrastructure,pre-construction,"Survey control, cadastral constraints, buried utilities, flood paths, and geotechnical assumptions accepted before civil construction.","topographic survey, utility scan, borehole/test-pit log, flood/drainage map, ROW constraint register",civil owner engineer,planned
samawah:SAM-TRK-L2-007:qa-20-survey-geotech,samawah,SAM-TRK-L2-007,line-2 section 007,track-section,line-2,qa-20-survey-geotech,infrastructure,pre-construction,"Survey control, cadastral constraints, buried utilities, flood paths, and geotechnical assumptions accepted before civil construction.","topographic survey, utility scan, borehole/test-pit log, flood/drainage map, ROW constraint register",civil owner engineer,planned
samawah:SAM-TRK-L2-008:qa-20-survey-geotech,samawah,SAM-TRK-L2-008,line-2 section 008,track-section,line-2,qa-20-survey-geotech,infrastructure,pre-construction,"Survey control, cadastral constraints, buried utilities, flood paths, and geotechnical assumptions accepted before civil construction.","topographic survey, utility scan, borehole/test-pit log, flood/drainage map, ROW constraint register",civil owner engineer,planned
samawah:SAM-TRK-L2-009:qa-20-survey-geotech,samawah,SAM-TRK-L2-009,line-2 section 009,track-section,line-2,qa-20-survey-geotech,infrastructure,pre-construction,"Survey control, cadastral constraints, buried utilities, flood paths, and geotechnical assumptions accepted before civil construction.","topographic survey, utility scan, borehole/test-pit log, flood/drainage map, ROW constraint register",civil owner engineer,planned
samawah:SAM-TRK-L3-001:qa-20-survey-geotech,samawah,SAM-TRK-L3-001,line-3 section 001,track-section,line-3,qa-20-survey-geotech,infrastructure,pre-construction,"Survey control, cadastral constraints, buried utilities, flood paths, and geotechnical assumptions accepted before civil construction.","topographic survey, utility scan, borehole/test-pit log, flood/drainage map, ROW constraint register",civil owner engineer,planned
samawah:SAM-TRK-L3-002:qa-20-survey-geotech,samawah,SAM-TRK-L3-002,line-3 section 002,track-section,line-3,qa-20-survey-geotech,infrastructure,pre-construction,"Survey control, cadastral constraints, buried utilities, flood paths, and geotechnical assumptions accepted before civil construction.","topographic survey, utility scan, borehole/test-pit log, flood/drainage map, ROW constraint register",civil owner engineer,planned
samawah:SAM-TRK-L3-003:qa-20-survey-geotech,samawah,SAM-TRK-L3-003,line-3 section 003,track-section,line-3,qa-20-survey-geotech,infrastructure,pre-construction,"Survey control, cadastral constraints, buried utilities, flood paths, and geotechnical assumptions accepted before civil construction.","topographic survey, utility scan, borehole/test-pit log, flood/drainage map, ROW constraint register",civil owner engineer,planned
samawah:SAM-TRK-L3-004:qa-20-survey-geotech,samawah,SAM-TRK-L3-004,line-3 section 004,track-section,line-3,qa-20-survey-geotech,infrastructure,pre-construction,"Survey control, cadastral constraints, buried utilities, flood paths, and geotechnical assumptions accepted before civil construction.","topographic survey, utility scan, borehole/test-pit log, flood/drainage map, ROW constraint register",civil owner engineer,planned
samawah:SAM-TRK-L3-005:qa-20-survey-geotech,samawah,SAM-TRK-L3-005,line-3 section 005,track-section,line-3,qa-20-survey-geotech,infrastructure,pre-construction,"Survey control, cadastral constraints, buried utilities, flood paths, and geotechnical assumptions accepted before civil construction.","topographic survey, utility scan, borehole/test-pit log, flood/drainage map, ROW constraint register",civil owner engineer,planned
samawah:SAM-TRK-L3-006:qa-20-survey-geotech,samawah,SAM-TRK-L3-006,line-3 section 006,track-section,line-3,qa-20-survey-geotech,infrastructure,pre-construction,"Survey control, cadastral constraints, buried utilities, flood paths, and geotechnical assumptions accepted before civil construction.","topographic survey, utility scan, borehole/test-pit log, flood/drainage map, ROW constraint register",civil owner engineer,planned
samawah:SAM-TRK-L3-007:qa-20-survey-geotech,samawah,SAM-TRK-L3-007,line-3 section 007,track-section,line-3,qa-20-survey-geotech,infrastructure,pre-construction,"Survey control, cadastral constraints, buried utilities, flood paths, and geotechnical assumptions accepted before civil construction.","topographic survey, utility scan, borehole/test-pit log, flood/drainage map, ROW constraint register",civil owner engineer,planned
samawah:SAM-DEP-001:qa-20-survey-geotech,samawah,SAM-DEP-001,layup-minimal at line-1-0985-0109,depot,line-1,qa-20-survey-geotech,infrastructure,pre-construction,"Survey control, cadastral constraints, buried utilities, flood paths, and geotechnical assumptions accepted before civil construction.","topographic survey, utility scan, borehole/test-pit log, flood/drainage map, ROW constraint register",civil owner engineer,planned
samawah:SAM-DEP-002:qa-20-survey-geotech,samawah,SAM-DEP-002,main-heavy at line-1-0147-0558,depot,line-1,qa-20-survey-geotech,infrastructure,pre-construction,"Survey control, cadastral constraints, buried utilities, flood paths, and geotechnical assumptions accepted before civil construction.","topographic survey, utility scan, borehole/test-pit log, flood/drainage map, ROW constraint register",civil owner engineer,planned
samawah:SAM-DEP-003:qa-20-survey-geotech,samawah,SAM-DEP-003,layup-minimal at line-2-0620-0667,depot,line-2,qa-20-survey-geotech,infrastructure,pre-construction,"Survey control, cadastral constraints, buried utilities, flood paths, and geotechnical assumptions accepted before civil construction.","topographic survey, utility scan, borehole/test-pit log, flood/drainage map, ROW constraint register",civil owner engineer,planned
samawah:SAM-DEP-004:qa-20-survey-geotech,samawah,SAM-DEP-004,layup-minimal at line-2-0015-0106,depot,line-2,qa-20-survey-geotech,infrastructure,pre-construction,"Survey control, cadastral constraints, buried utilities, flood paths, and geotechnical assumptions accepted before civil construction.","topographic survey, utility scan, borehole/test-pit log, flood/drainage map, ROW constraint register",civil owner engineer,planned
samawah:SAM-DEP-005:qa-20-survey-geotech,samawah,SAM-DEP-005,layup-minimal at line-3-0484-0261,depot,line-3,qa-20-survey-geotech,infrastructure,pre-construction,"Survey control, cadastral constraints, buried utilities, flood paths, and geotechnical assumptions accepted before civil construction.","topographic survey, utility scan, borehole/test-pit log, flood/drainage map, ROW constraint register",civil owner engineer,planned
samawah:SAM-DEP-006:qa-20-survey-geotech,samawah,SAM-DEP-006,layup-minimal at line-3-0654-0608,depot,line-3,qa-20-survey-geotech,infrastructure,pre-construction,"Survey control, cadastral constraints, buried utilities, flood paths, and geotechnical assumptions accepted before civil construction.","topographic survey, utility scan, borehole/test-pit log, flood/drainage map, ROW constraint register",civil owner engineer,planned
samawah:SAM-TRK-L1-001:qa-21-earthworks-drainage,samawah,SAM-TRK-L1-001,line-1 section 001,track-section,line-1,qa-21-earthworks-drainage,infrastructure,civil works,"Compaction, capping layer, drainage, culverts, and fence lines accepted before trackform installation.","compaction test, material gradation, drainage as-built, culvert inspection, fence/gate punch list",civil QA lead,planned
samawah:SAM-TRK-L1-002:qa-21-earthworks-drainage,samawah,SAM-TRK-L1-002,line-1 section 002,track-section,line-1,qa-21-earthworks-drainage,infrastructure,civil works,"Compaction, capping layer, drainage, culverts, and fence lines accepted before trackform installation.","compaction test, material gradation, drainage as-built, culvert inspection, fence/gate punch list",civil QA lead,planned
samawah:SAM-TRK-L1-003:qa-21-earthworks-drainage,samawah,SAM-TRK-L1-003,line-1 section 003,track-section,line-1,qa-21-earthworks-drainage,infrastructure,civil works,"Compaction, capping layer, drainage, culverts, and fence lines accepted before trackform installation.","compaction test, material gradation, drainage as-built, culvert inspection, fence/gate punch list",civil QA lead,planned
samawah:SAM-TRK-L1-004:qa-21-earthworks-drainage,samawah,SAM-TRK-L1-004,line-1 section 004,track-section,line-1,qa-21-earthworks-drainage,infrastructure,civil works,"Compaction, capping layer, drainage, culverts, and fence lines accepted before trackform installation.","compaction test, material gradation, drainage as-built, culvert inspection, fence/gate punch list",civil QA lead,planned
samawah:SAM-TRK-L1-005:qa-21-earthworks-drainage,samawah,SAM-TRK-L1-005,line-1 section 005,track-section,line-1,qa-21-earthworks-drainage,infrastructure,civil works,"Compaction, capping layer, drainage, culverts, and fence lines accepted before trackform installation.","compaction test, material gradation, drainage as-built, culvert inspection, fence/gate punch list",civil QA lead,planned
samawah:SAM-TRK-L1-006:qa-21-earthworks-drainage,samawah,SAM-TRK-L1-006,line-1 section 006,track-section,line-1,qa-21-earthworks-drainage,infrastructure,civil works,"Compaction, capping layer, drainage, culverts, and fence lines accepted before trackform installation.","compaction test, material gradation, drainage as-built, culvert inspection, fence/gate punch list",civil QA lead,planned
samawah:SAM-TRK-L1-007:qa-21-earthworks-drainage,samawah,SAM-TRK-L1-007,line-1 section 007,track-section,line-1,qa-21-earthworks-drainage,infrastructure,civil works,"Compaction, capping layer, drainage, culverts, and fence lines accepted before trackform installation.","compaction test, material gradation, drainage as-built, culvert inspection, fence/gate punch list",civil QA lead,planned
samawah:SAM-TRK-L1-008:qa-21-earthworks-drainage,samawah,SAM-TRK-L1-008,line-1 section 008,track-section,line-1,qa-21-earthworks-drainage,infrastructure,civil works,"Compaction, capping layer, drainage, culverts, and fence lines accepted before trackform installation.","compaction test, material gradation, drainage as-built, culvert inspection, fence/gate punch list",civil QA lead,planned
samawah:SAM-TRK-L1-009:qa-21-earthworks-drainage,samawah,SAM-TRK-L1-009,line-1 section 009,track-section,line-1,qa-21-earthworks-drainage,infrastructure,civil works,"Compaction, capping layer, drainage, culverts, and fence lines accepted before trackform installation.","compaction test, material gradation, drainage as-built, culvert inspection, fence/gate punch list",civil QA lead,planned
samawah:SAM-TRK-L1-010:qa-21-earthworks-drainage,samawah,SAM-TRK-L1-010,line-1 section 010,track-section,line-1,qa-21-earthworks-drainage,infrastructure,civil works,"Compaction, capping layer, drainage, culverts, and fence lines accepted before trackform installation.","compaction test, material gradation, drainage as-built, culvert inspection, fence/gate punch list",civil QA lead,planned
samawah:SAM-TRK-L1-011:qa-21-earthworks-drainage,samawah,SAM-TRK-L1-011,line-1 section 011,track-section,line-1,qa-21-earthworks-drainage,infrastructure,civil works,"Compaction, capping layer, drainage, culverts, and fence lines accepted before trackform installation.","compaction test, material gradation, drainage as-built, culvert inspection, fence/gate punch list",civil QA lead,planned
samawah:SAM-TRK-L1-012:qa-21-earthworks-drainage,samawah,SAM-TRK-L1-012,line-1 section 012,track-section,line-1,qa-21-earthworks-drainage,infrastructure,civil works,"Compaction, capping layer, drainage, culverts, and fence lines accepted before trackform installation.","compaction test, material gradation, drainage as-built, culvert inspection, fence/gate punch list",civil QA lead,planned
samawah:SAM-TRK-L2-001:qa-21-earthworks-drainage,samawah,SAM-TRK-L2-001,line-2 section 001,track-section,line-2,qa-21-earthworks-drainage,infrastructure,civil works,"Compaction, capping layer, drainage, culverts, and fence lines accepted before trackform installation.","compaction test, material gradation, drainage as-built, culvert inspection, fence/gate punch list",civil QA lead,planned
samawah:SAM-TRK-L2-002:qa-21-earthworks-drainage,samawah,SAM-TRK-L2-002,line-2 section 002,track-section,line-2,qa-21-earthworks-drainage,infrastructure,civil works,"Compaction, capping layer, drainage, culverts, and fence lines accepted before trackform installation.","compaction test, material gradation, drainage as-built, culvert inspection, fence/gate punch list",civil QA lead,planned
samawah:SAM-TRK-L2-003:qa-21-earthworks-drainage,samawah,SAM-TRK-L2-003,line-2 section 003,track-section,line-2,qa-21-earthworks-drainage,infrastructure,civil works,"Compaction, capping layer, drainage, culverts, and fence lines accepted before trackform installation.","compaction test, material gradation, drainage as-built, culvert inspection, fence/gate punch list",civil QA lead,planned
samawah:SAM-TRK-L2-004:qa-21-earthworks-drainage,samawah,SAM-TRK-L2-004,line-2 section 004,track-section,line-2,qa-21-earthworks-drainage,infrastructure,civil works,"Compaction, capping layer, drainage, culverts, and fence lines accepted before trackform installation.","compaction test, material gradation, drainage as-built, culvert inspection, fence/gate punch list",civil QA lead,planned
samawah:SAM-TRK-L2-005:qa-21-earthworks-drainage,samawah,SAM-TRK-L2-005,line-2 section 005,track-section,line-2,qa-21-earthworks-drainage,infrastructure,civil works,"Compaction, capping layer, drainage, culverts, and fence lines accepted before trackform installation.","compaction test, material gradation, drainage as-built, culvert inspection, fence/gate punch list",civil QA lead,planned
samawah:SAM-TRK-L2-006:qa-21-earthworks-drainage,samawah,SAM-TRK-L2-006,line-2 section 006,track-section,line-2,qa-21-earthworks-drainage,infrastructure,civil works,"Compaction, capping layer, drainage, culverts, and fence lines accepted before trackform installation.","compaction test, material gradation, drainage as-built, culvert inspection, fence/gate punch list",civil QA lead,planned
samawah:SAM-TRK-L2-007:qa-21-earthworks-drainage,samawah,SAM-TRK-L2-007,line-2 section 007,track-section,line-2,qa-21-earthworks-drainage,infrastructure,civil works,"Compaction, capping layer, drainage, culverts, and fence lines accepted before trackform installation.","compaction test, material gradation, drainage as-built, culvert inspection, fence/gate punch list",civil QA lead,planned
samawah:SAM-TRK-L2-008:qa-21-earthworks-drainage,samawah,SAM-TRK-L2-008,line-2 section 008,track-section,line-2,qa-21-earthworks-drainage,infrastructure,civil works,"Compaction, capping layer, drainage, culverts, and fence lines accepted before trackform installation.","compaction test, material gradation, drainage as-built, culvert inspection, fence/gate punch list",civil QA lead,planned
samawah:SAM-TRK-L2-009:qa-21-earthworks-drainage,samawah,SAM-TRK-L2-009,line-2 section 009,track-section,line-2,qa-21-earthworks-drainage,infrastructure,civil works,"Compaction, capping layer, drainage, culverts, and fence lines accepted before trackform installation.","compaction test, material gradation, drainage as-built, culvert inspection, fence/gate punch list",civil QA lead,planned
samawah:SAM-TRK-L3-001:qa-21-earthworks-drainage,samawah,SAM-TRK-L3-001,line-3 section 001,track-section,line-3,qa-21-earthworks-drainage,infrastructure,civil works,"Compaction, capping layer, drainage, culverts, and fence lines accepted before trackform installation.","compaction test, material gradation, drainage as-built, culvert inspection, fence/gate punch list",civil QA lead,planned
samawah:SAM-TRK-L3-002:qa-21-earthworks-drainage,samawah,SAM-TRK-L3-002,line-3 section 002,track-section,line-3,qa-21-earthworks-drainage,infrastructure,civil works,"Compaction, capping layer, drainage, culverts, and fence lines accepted before trackform installation.","compaction test, material gradation, drainage as-built, culvert inspection, fence/gate punch list",civil QA lead,planned
samawah:SAM-TRK-L3-003:qa-21-earthworks-drainage,samawah,SAM-TRK-L3-003,line-3 section 003,track-section,line-3,qa-21-earthworks-drainage,infrastructure,civil works,"Compaction, capping layer, drainage, culverts, and fence lines accepted before trackform installation.","compaction test, material gradation, drainage as-built, culvert inspection, fence/gate punch list",civil QA lead,planned
samawah:SAM-TRK-L3-004:qa-21-earthworks-drainage,samawah,SAM-TRK-L3-004,line-3 section 004,track-section,line-3,qa-21-earthworks-drainage,infrastructure,civil works,"Compaction, capping layer, drainage, culverts, and fence lines accepted before trackform installation.","compaction test, material gradation, drainage as-built, culvert inspection, fence/gate punch list",civil QA lead,planned
samawah:SAM-TRK-L3-005:qa-21-earthworks-drainage,samawah,SAM-TRK-L3-005,line-3 section 005,track-section,line-3,qa-21-earthworks-drainage,infrastructure,civil works,"Compaction, capping layer, drainage, culverts, and fence lines accepted before trackform installation.","compaction test, material gradation, drainage as-built, culvert inspection, fence/gate punch list",civil QA lead,planned
samawah:SAM-TRK-L3-006:qa-21-earthworks-drainage,samawah,SAM-TRK-L3-006,line-3 section 006,track-section,line-3,qa-21-earthworks-drainage,infrastructure,civil works,"Compaction, capping layer, drainage, culverts, and fence lines accepted before trackform installation.","compaction test, material gradation, drainage as-built, culvert inspection, fence/gate punch list",civil QA lead,planned
samawah:SAM-TRK-L3-007:qa-21-earthworks-drainage,samawah,SAM-TRK-L3-007,line-3 section 007,track-section,line-3,qa-21-earthworks-drainage,infrastructure,civil works,"Compaction, capping layer, drainage, culverts, and fence lines accepted before trackform installation.","compaction test, material gradation, drainage as-built, culvert inspection, fence/gate punch list",civil QA lead,planned
samawah:SAM-TRK-L1-001:qa-22-trackform-rail,samawah,SAM-TRK-L1-001,line-1 section 001,track-section,line-1,qa-22-trackform-rail,infrastructure,track installation,"Track geometry, rail welds, fasteners, switch detection, and crossing protection accepted before energized testing.","track geometry run, weld NDT, fastener torque log, turnout detection test, crossing functional test",track acceptance engineer,planned
samawah:SAM-TRK-L1-002:qa-22-trackform-rail,samawah,SAM-TRK-L1-002,line-1 section 002,track-section,line-1,qa-22-trackform-rail,infrastructure,track installation,"Track geometry, rail welds, fasteners, switch detection, and crossing protection accepted before energized testing.","track geometry run, weld NDT, fastener torque log, turnout detection test, crossing functional test",track acceptance engineer,planned
samawah:SAM-TRK-L1-003:qa-22-trackform-rail,samawah,SAM-TRK-L1-003,line-1 section 003,track-section,line-1,qa-22-trackform-rail,infrastructure,track installation,"Track geometry, rail welds, fasteners, switch detection, and crossing protection accepted before energized testing.","track geometry run, weld NDT, fastener torque log, turnout detection test, crossing functional test",track acceptance engineer,planned
samawah:SAM-TRK-L1-004:qa-22-trackform-rail,samawah,SAM-TRK-L1-004,line-1 section 004,track-section,line-1,qa-22-trackform-rail,infrastructure,track installation,"Track geometry, rail welds, fasteners, switch detection, and crossing protection accepted before energized testing.","track geometry run, weld NDT, fastener torque log, turnout detection test, crossing functional test",track acceptance engineer,planned
samawah:SAM-TRK-L1-005:qa-22-trackform-rail,samawah,SAM-TRK-L1-005,line-1 section 005,track-section,line-1,qa-22-trackform-rail,infrastructure,track installation,"Track geometry, rail welds, fasteners, switch detection, and crossing protection accepted before energized testing.","track geometry run, weld NDT, fastener torque log, turnout detection test, crossing functional test",track acceptance engineer,planned
samawah:SAM-TRK-L1-006:qa-22-trackform-rail,samawah,SAM-TRK-L1-006,line-1 section 006,track-section,line-1,qa-22-trackform-rail,infrastructure,track installation,"Track geometry, rail welds, fasteners, switch detection, and crossing protection accepted before energized testing.","track geometry run, weld NDT, fastener torque log, turnout detection test, crossing functional test",track acceptance engineer,planned
samawah:SAM-TRK-L1-007:qa-22-trackform-rail,samawah,SAM-TRK-L1-007,line-1 section 007,track-section,line-1,qa-22-trackform-rail,infrastructure,track installation,"Track geometry, rail welds, fasteners, switch detection, and crossing protection accepted before energized testing.","track geometry run, weld NDT, fastener torque log, turnout detection test, crossing functional test",track acceptance engineer,planned
samawah:SAM-TRK-L1-008:qa-22-trackform-rail,samawah,SAM-TRK-L1-008,line-1 section 008,track-section,line-1,qa-22-trackform-rail,infrastructure,track installation,"Track geometry, rail welds, fasteners, switch detection, and crossing protection accepted before energized testing.","track geometry run, weld NDT, fastener torque log, turnout detection test, crossing functional test",track acceptance engineer,planned
samawah:SAM-TRK-L1-009:qa-22-trackform-rail,samawah,SAM-TRK-L1-009,line-1 section 009,track-section,line-1,qa-22-trackform-rail,infrastructure,track installation,"Track geometry, rail welds, fasteners, switch detection, and crossing protection accepted before energized testing.","track geometry run, weld NDT, fastener torque log, turnout detection test, crossing functional test",track acceptance engineer,planned
samawah:SAM-TRK-L1-010:qa-22-trackform-rail,samawah,SAM-TRK-L1-010,line-1 section 010,track-section,line-1,qa-22-trackform-rail,infrastructure,track installation,"Track geometry, rail welds, fasteners, switch detection, and crossing protection accepted before energized testing.","track geometry run, weld NDT, fastener torque log, turnout detection test, crossing functional test",track acceptance engineer,planned
samawah:SAM-TRK-L1-011:qa-22-trackform-rail,samawah,SAM-TRK-L1-011,line-1 section 011,track-section,line-1,qa-22-trackform-rail,infrastructure,track installation,"Track geometry, rail welds, fasteners, switch detection, and crossing protection accepted before energized testing.","track geometry run, weld NDT, fastener torque log, turnout detection test, crossing functional test",track acceptance engineer,planned
samawah:SAM-TRK-L1-012:qa-22-trackform-rail,samawah,SAM-TRK-L1-012,line-1 section 012,track-section,line-1,qa-22-trackform-rail,infrastructure,track installation,"Track geometry, rail welds, fasteners, switch detection, and crossing protection accepted before energized testing.","track geometry run, weld NDT, fastener torque log, turnout detection test, crossing functional test",track acceptance engineer,planned
samawah:SAM-TRK-L2-001:qa-22-trackform-rail,samawah,SAM-TRK-L2-001,line-2 section 001,track-section,line-2,qa-22-trackform-rail,infrastructure,track installation,"Track geometry, rail welds, fasteners, switch detection, and crossing protection accepted before energized testing.","track geometry run, weld NDT, fastener torque log, turnout detection test, crossing functional test",track acceptance engineer,planned
samawah:SAM-TRK-L2-002:qa-22-trackform-rail,samawah,SAM-TRK-L2-002,line-2 section 002,track-section,line-2,qa-22-trackform-rail,infrastructure,track installation,"Track geometry, rail welds, fasteners, switch detection, and crossing protection accepted before energized testing.","track geometry run, weld NDT, fastener torque log, turnout detection test, crossing functional test",track acceptance engineer,planned
samawah:SAM-TRK-L2-003:qa-22-trackform-rail,samawah,SAM-TRK-L2-003,line-2 section 003,track-section,line-2,qa-22-trackform-rail,infrastructure,track installation,"Track geometry, rail welds, fasteners, switch detection, and crossing protection accepted before energized testing.","track geometry run, weld NDT, fastener torque log, turnout detection test, crossing functional test",track acceptance engineer,planned
samawah:SAM-TRK-L2-004:qa-22-trackform-rail,samawah,SAM-TRK-L2-004,line-2 section 004,track-section,line-2,qa-22-trackform-rail,infrastructure,track installation,"Track geometry, rail welds, fasteners, switch detection, and crossing protection accepted before energized testing.","track geometry run, weld NDT, fastener torque log, turnout detection test, crossing functional test",track acceptance engineer,planned
samawah:SAM-TRK-L2-005:qa-22-trackform-rail,samawah,SAM-TRK-L2-005,line-2 section 005,track-section,line-2,qa-22-trackform-rail,infrastructure,track installation,"Track geometry, rail welds, fasteners, switch detection, and crossing protection accepted before energized testing.","track geometry run, weld NDT, fastener torque log, turnout detection test, crossing functional test",track acceptance engineer,planned
samawah:SAM-TRK-L2-006:qa-22-trackform-rail,samawah,SAM-TRK-L2-006,line-2 section 006,track-section,line-2,qa-22-trackform-rail,infrastructure,track installation,"Track geometry, rail welds, fasteners, switch detection, and crossing protection accepted before energized testing.","track geometry run, weld NDT, fastener torque log, turnout detection test, crossing functional test",track acceptance engineer,planned
samawah:SAM-TRK-L2-007:qa-22-trackform-rail,samawah,SAM-TRK-L2-007,line-2 section 007,track-section,line-2,qa-22-trackform-rail,infrastructure,track installation,"Track geometry, rail welds, fasteners, switch detection, and crossing protection accepted before energized testing.","track geometry run, weld NDT, fastener torque log, turnout detection test, crossing functional test",track acceptance engineer,planned
samawah:SAM-TRK-L2-008:qa-22-trackform-rail,samawah,SAM-TRK-L2-008,line-2 section 008,track-section,line-2,qa-22-trackform-rail,infrastructure,track installation,"Track geometry, rail welds, fasteners, switch detection, and crossing protection accepted before energized testing.","track geometry run, weld NDT, fastener torque log, turnout detection test, crossing functional test",track acceptance engineer,planned
samawah:SAM-TRK-L2-009:qa-22-trackform-rail,samawah,SAM-TRK-L2-009,line-2 section 009,track-section,line-2,qa-22-trackform-rail,infrastructure,track installation,"Track geometry, rail welds, fasteners, switch detection, and crossing protection accepted before energized testing.","track geometry run, weld NDT, fastener torque log, turnout detection test, crossing functional test",track acceptance engineer,planned
samawah:SAM-TRK-L3-001:qa-22-trackform-rail,samawah,SAM-TRK-L3-001,line-3 section 001,track-section,line-3,qa-22-trackform-rail,infrastructure,track installation,"Track geometry, rail welds, fasteners, switch detection, and crossing protection accepted before energized testing.","track geometry run, weld NDT, fastener torque log, turnout detection test, crossing functional test",track acceptance engineer,planned
samawah:SAM-TRK-L3-002:qa-22-trackform-rail,samawah,SAM-TRK-L3-002,line-3 section 002,track-section,line-3,qa-22-trackform-rail,infrastructure,track installation,"Track geometry, rail welds, fasteners, switch detection, and crossing protection accepted before energized testing.","track geometry run, weld NDT, fastener torque log, turnout detection test, crossing functional test",track acceptance engineer,planned
samawah:SAM-TRK-L3-003:qa-22-trackform-rail,samawah,SAM-TRK-L3-003,line-3 section 003,track-section,line-3,qa-22-trackform-rail,infrastructure,track installation,"Track geometry, rail welds, fasteners, switch detection, and crossing protection accepted before energized testing.","track geometry run, weld NDT, fastener torque log, turnout detection test, crossing functional test",track acceptance engineer,planned
samawah:SAM-TRK-L3-004:qa-22-trackform-rail,samawah,SAM-TRK-L3-004,line-3 section 004,track-section,line-3,qa-22-trackform-rail,infrastructure,track installation,"Track geometry, rail welds, fasteners, switch detection, and crossing protection accepted before energized testing.","track geometry run, weld NDT, fastener torque log, turnout detection test, crossing functional test",track acceptance engineer,planned
samawah:SAM-TRK-L3-005:qa-22-trackform-rail,samawah,SAM-TRK-L3-005,line-3 section 005,track-section,line-3,qa-22-trackform-rail,infrastructure,track installation,"Track geometry, rail welds, fasteners, switch detection, and crossing protection accepted before energized testing.","track geometry run, weld NDT, fastener torque log, turnout detection test, crossing functional test",track acceptance engineer,planned
samawah:SAM-TRK-L3-006:qa-22-trackform-rail,samawah,SAM-TRK-L3-006,line-3 section 006,track-section,line-3,qa-22-trackform-rail,infrastructure,track installation,"Track geometry, rail welds, fasteners, switch detection, and crossing protection accepted before energized testing.","track geometry run, weld NDT, fastener torque log, turnout detection test, crossing functional test",track acceptance engineer,planned
samawah:SAM-TRK-L3-007:qa-22-trackform-rail,samawah,SAM-TRK-L3-007,line-3 section 007,track-section,line-3,qa-22-trackform-rail,infrastructure,track installation,"Track geometry, rail welds, fasteners, switch detection, and crossing protection accepted before energized testing.","track geometry run, weld NDT, fastener torque log, turnout detection test, crossing functional test",track acceptance engineer,planned
samawah:SAM-SW-001:qa-22-trackform-rail,samawah,SAM-SW-001,sw-line-1-0985-0109-tb,switch,line-1,qa-22-trackform-rail,infrastructure,track installation,"Track geometry, rail welds, fasteners, switch detection, and crossing protection accepted before energized testing.","track geometry run, weld NDT, fastener torque log, turnout detection test, crossing functional test",track acceptance engineer,planned
samawah:SAM-SW-002:qa-22-trackform-rail,samawah,SAM-SW-002,sw-line-1-0147-0558-tb,switch,line-1,qa-22-trackform-rail,infrastructure,track installation,"Track geometry, rail welds, fasteners, switch detection, and crossing protection accepted before energized testing.","track geometry run, weld NDT, fastener torque log, turnout detection test, crossing functional test",track acceptance engineer,planned
samawah:SAM-SW-003:qa-22-trackform-rail,samawah,SAM-SW-003,sw-line-1-0147-0558-yd-01,switch,line-1,qa-22-trackform-rail,infrastructure,track installation,"Track geometry, rail welds, fasteners, switch detection, and crossing protection accepted before energized testing.","track geometry run, weld NDT, fastener torque log, turnout detection test, crossing functional test",track acceptance engineer,planned
samawah:SAM-SW-004:qa-22-trackform-rail,samawah,SAM-SW-004,sw-line-1-0147-0558-yd-02,switch,line-1,qa-22-trackform-rail,infrastructure,track installation,"Track geometry, rail welds, fasteners, switch detection, and crossing protection accepted before energized testing.","track geometry run, weld NDT, fastener torque log, turnout detection test, crossing functional test",track acceptance engineer,planned
samawah:SAM-SW-005:qa-22-trackform-rail,samawah,SAM-SW-005,sw-line-1-0147-0558-yd-03,switch,line-1,qa-22-trackform-rail,infrastructure,track installation,"Track geometry, rail welds, fasteners, switch detection, and crossing protection accepted before energized testing.","track geometry run, weld NDT, fastener torque log, turnout detection test, crossing functional test",track acceptance engineer,planned
samawah:SAM-SW-006:qa-22-trackform-rail,samawah,SAM-SW-006,sw-line-1-0147-0558-yd-04,switch,line-1,qa-22-trackform-rail,infrastructure,track installation,"Track geometry, rail welds, fasteners, switch detection, and crossing protection accepted before energized testing.","track geometry run, weld NDT, fastener torque log, turnout detection test, crossing functional test",track acceptance engineer,planned
samawah:SAM-SW-007:qa-22-trackform-rail,samawah,SAM-SW-007,sw-line-1-0147-0558-yd-05,switch,line-1,qa-22-trackform-rail,infrastructure,track installation,"Track geometry, rail welds, fasteners, switch detection, and crossing protection accepted before energized testing.","track geometry run, weld NDT, fastener torque log, turnout detection test, crossing functional test",track acceptance engineer,planned
samawah:SAM-SW-008:qa-22-trackform-rail,samawah,SAM-SW-008,sw-line-1-0147-0558-yd-06,switch,line-1,qa-22-trackform-rail,infrastructure,track installation,"Track geometry, rail welds, fasteners, switch detection, and crossing protection accepted before energized testing.","track geometry run, weld NDT, fastener torque log, turnout detection test, crossing functional test",track acceptance engineer,planned
samawah:SAM-SW-009:qa-22-trackform-rail,samawah,SAM-SW-009,sw-line-1-0147-0558-yd-07,switch,line-1,qa-22-trackform-rail,infrastructure,track installation,"Track geometry, rail welds, fasteners, switch detection, and crossing protection accepted before energized testing.","track geometry run, weld NDT, fastener torque log, turnout detection test, crossing functional test",track acceptance engineer,planned
samawah:SAM-SW-010:qa-22-trackform-rail,samawah,SAM-SW-010,sw-line-1-0147-0558-yd-08,switch,line-1,qa-22-trackform-rail,infrastructure,track installation,"Track geometry, rail welds, fasteners, switch detection, and crossing protection accepted before energized testing.","track geometry run, weld NDT, fastener torque log, turnout detection test, crossing functional test",track acceptance engineer,planned
samawah:SAM-SW-011:qa-22-trackform-rail,samawah,SAM-SW-011,sw-line-1-0147-0558-yd-09,switch,line-1,qa-22-trackform-rail,infrastructure,track installation,"Track geometry, rail welds, fasteners, switch detection, and crossing protection accepted before energized testing.","track geometry run, weld NDT, fastener torque log, turnout detection test, crossing functional test",track acceptance engineer,planned
samawah:SAM-SW-012:qa-22-trackform-rail,samawah,SAM-SW-012,sw-line-1-0147-0558-yd-10,switch,line-1,qa-22-trackform-rail,infrastructure,track installation,"Track geometry, rail welds, fasteners, switch detection, and crossing protection accepted before energized testing.","track geometry run, weld NDT, fastener torque log, turnout detection test, crossing functional test",track acceptance engineer,planned
samawah:SAM-SW-013:qa-22-trackform-rail,samawah,SAM-SW-013,sw-line-1-0147-0558-yd-11,switch,line-1,qa-22-trackform-rail,infrastructure,track installation,"Track geometry, rail welds, fasteners, switch detection, and crossing protection accepted before energized testing.","track geometry run, weld NDT, fastener torque log, turnout detection test, crossing functional test",track acceptance engineer,planned
samawah:SAM-SW-014:qa-22-trackform-rail,samawah,SAM-SW-014,sw-line-1-0147-0558-yd-12,switch,line-1,qa-22-trackform-rail,infrastructure,track installation,"Track geometry, rail welds, fasteners, switch detection, and crossing protection accepted before energized testing.","track geometry run, weld NDT, fastener torque log, turnout detection test, crossing functional test",track acceptance engineer,planned
samawah:SAM-SW-015:qa-22-trackform-rail,samawah,SAM-SW-015,sw-line-1-0147-0558-yd-13,switch,line-1,qa-22-trackform-rail,infrastructure,track installation,"Track geometry, rail welds, fasteners, switch detection, and crossing protection accepted before energized testing.","track geometry run, weld NDT, fastener torque log, turnout detection test, crossing functional test",track acceptance engineer,planned
samawah:SAM-SW-016:qa-22-trackform-rail,samawah,SAM-SW-016,sw-line-1-0147-0558-yd-14,switch,line-1,qa-22-trackform-rail,infrastructure,track installation,"Track geometry, rail welds, fasteners, switch detection, and crossing protection accepted before energized testing.","track geometry run, weld NDT, fastener torque log, turnout detection test, crossing functional test",track acceptance engineer,planned
samawah:SAM-SW-017:qa-22-trackform-rail,samawah,SAM-SW-017,sw-line-1-0147-0558-yd-15,switch,line-1,qa-22-trackform-rail,infrastructure,track installation,"Track geometry, rail welds, fasteners, switch detection, and crossing protection accepted before energized testing.","track geometry run, weld NDT, fastener torque log, turnout detection test, crossing functional test",track acceptance engineer,planned
samawah:SAM-SW-018:qa-22-trackform-rail,samawah,SAM-SW-018,sw-line-1-0147-0558-yd-16,switch,line-1,qa-22-trackform-rail,infrastructure,track installation,"Track geometry, rail welds, fasteners, switch detection, and crossing protection accepted before energized testing.","track geometry run, weld NDT, fastener torque log, turnout detection test, crossing functional test",track acceptance engineer,planned
samawah:SAM-SW-019:qa-22-trackform-rail,samawah,SAM-SW-019,sw-line-1-0147-0558-yd-17,switch,line-1,qa-22-trackform-rail,infrastructure,track installation,"Track geometry, rail welds, fasteners, switch detection, and crossing protection accepted before energized testing.","track geometry run, weld NDT, fastener torque log, turnout detection test, crossing functional test",track acceptance engineer,planned
samawah:SAM-SW-020:qa-22-trackform-rail,samawah,SAM-SW-020,sw-line-1-0147-0558-yd-18,switch,line-1,qa-22-trackform-rail,infrastructure,track installation,"Track geometry, rail welds, fasteners, switch detection, and crossing protection accepted before energized testing.","track geometry run, weld NDT, fastener torque log, turnout detection test, crossing functional test",track acceptance engineer,planned
samawah:SAM-SW-021:qa-22-trackform-rail,samawah,SAM-SW-021,sw-line-1-0147-0558-yd-19,switch,line-1,qa-22-trackform-rail,infrastructure,track installation,"Track geometry, rail welds, fasteners, switch detection, and crossing protection accepted before energized testing.","track geometry run, weld NDT, fastener torque log, turnout detection test, crossing functional test",track acceptance engineer,planned
samawah:SAM-SW-022:qa-22-trackform-rail,samawah,SAM-SW-022,sw-line-1-0147-0558-yd-20,switch,line-1,qa-22-trackform-rail,infrastructure,track installation,"Track geometry, rail welds, fasteners, switch detection, and crossing protection accepted before energized testing.","track geometry run, weld NDT, fastener torque log, turnout detection test, crossing functional test",track acceptance engineer,planned
samawah:SAM-SW-023:qa-22-trackform-rail,samawah,SAM-SW-023,sw-line-1-0147-0558-yd-21,switch,line-1,qa-22-trackform-rail,infrastructure,track installation,"Track geometry, rail welds, fasteners, switch detection, and crossing protection accepted before energized testing.","track geometry run, weld NDT, fastener torque log, turnout detection test, crossing functional test",track acceptance engineer,planned
samawah:SAM-SW-024:qa-22-trackform-rail,samawah,SAM-SW-024,sw-line-1-0147-0558-yd-22,switch,line-1,qa-22-trackform-rail,infrastructure,track installation,"Track geometry, rail welds, fasteners, switch detection, and crossing protection accepted before energized testing.","track geometry run, weld NDT, fastener torque log, turnout detection test, crossing functional test",track acceptance engineer,planned
samawah:SAM-SW-025:qa-22-trackform-rail,samawah,SAM-SW-025,sw-line-1-0147-0558-yd-23,switch,line-1,qa-22-trackform-rail,infrastructure,track installation,"Track geometry, rail welds, fasteners, switch detection, and crossing protection accepted before energized testing.","track geometry run, weld NDT, fastener torque log, turnout detection test, crossing functional test",track acceptance engineer,planned
samawah:SAM-SW-026:qa-22-trackform-rail,samawah,SAM-SW-026,sw-line-1-0147-0558-yd-24,switch,line-1,qa-22-trackform-rail,infrastructure,track installation,"Track geometry, rail welds, fasteners, switch detection, and crossing protection accepted before energized testing.","track geometry run, weld NDT, fastener torque log, turnout detection test, crossing functional test",track acceptance engineer,planned
samawah:SAM-SW-027:qa-22-trackform-rail,samawah,SAM-SW-027,sw-line-1-0147-0558-yd-25,switch,line-1,qa-22-trackform-rail,infrastructure,track installation,"Track geometry, rail welds, fasteners, switch detection, and crossing protection accepted before energized testing.","track geometry run, weld NDT, fastener torque log, turnout detection test, crossing functional test",track acceptance engineer,planned
samawah:SAM-SW-028:qa-22-trackform-rail,samawah,SAM-SW-028,sw-line-1-0147-0558-yd-26,switch,line-1,qa-22-trackform-rail,infrastructure,track installation,"Track geometry, rail welds, fasteners, switch detection, and crossing protection accepted before energized testing.","track geometry run, weld NDT, fastener torque log, turnout detection test, crossing functional test",track acceptance engineer,planned
samawah:SAM-SW-029:qa-22-trackform-rail,samawah,SAM-SW-029,sw-line-1-0147-0558-yd-27,switch,line-1,qa-22-trackform-rail,infrastructure,track installation,"Track geometry, rail welds, fasteners, switch detection, and crossing protection accepted before energized testing.","track geometry run, weld NDT, fastener torque log, turnout detection test, crossing functional test",track acceptance engineer,planned
samawah:SAM-SW-030:qa-22-trackform-rail,samawah,SAM-SW-030,sw-line-1-0147-0558-yd-28,switch,line-1,qa-22-trackform-rail,infrastructure,track installation,"Track geometry, rail welds, fasteners, switch detection, and crossing protection accepted before energized testing.","track geometry run, weld NDT, fastener torque log, turnout detection test, crossing functional test",track acceptance engineer,planned
samawah:SAM-SW-031:qa-22-trackform-rail,samawah,SAM-SW-031,sw-line-1-0147-0558-yd-29,switch,line-1,qa-22-trackform-rail,infrastructure,track installation,"Track geometry, rail welds, fasteners, switch detection, and crossing protection accepted before energized testing.","track geometry run, weld NDT, fastener torque log, turnout detection test, crossing functional test",track acceptance engineer,planned
samawah:SAM-SW-032:qa-22-trackform-rail,samawah,SAM-SW-032,sw-line-1-0147-0558-yd-30,switch,line-1,qa-22-trackform-rail,infrastructure,track installation,"Track geometry, rail welds, fasteners, switch detection, and crossing protection accepted before energized testing.","track geometry run, weld NDT, fastener torque log, turnout detection test, crossing functional test",track acceptance engineer,planned
samawah:SAM-SW-033:qa-22-trackform-rail,samawah,SAM-SW-033,sw-line-1-0147-0558-yd-31,switch,line-1,qa-22-trackform-rail,infrastructure,track installation,"Track geometry, rail welds, fasteners, switch detection, and crossing protection accepted before energized testing.","track geometry run, weld NDT, fastener torque log, turnout detection test, crossing functional test",track acceptance engineer,planned
samawah:SAM-SW-034:qa-22-trackform-rail,samawah,SAM-SW-034,sw-line-1-0147-0558-yd-32,switch,line-1,qa-22-trackform-rail,infrastructure,track installation,"Track geometry, rail welds, fasteners, switch detection, and crossing protection accepted before energized testing.","track geometry run, weld NDT, fastener torque log, turnout detection test, crossing functional test",track acceptance engineer,planned
samawah:SAM-SW-035:qa-22-trackform-rail,samawah,SAM-SW-035,sw-line-1-0147-0558-yd-33,switch,line-1,qa-22-trackform-rail,infrastructure,track installation,"Track geometry, rail welds, fasteners, switch detection, and crossing protection accepted before energized testing.","track geometry run, weld NDT, fastener torque log, turnout detection test, crossing functional test",track acceptance engineer,planned
samawah:SAM-SW-036:qa-22-trackform-rail,samawah,SAM-SW-036,sw-line-1-0147-0558-yd-34,switch,line-1,qa-22-trackform-rail,infrastructure,track installation,"Track geometry, rail welds, fasteners, switch detection, and crossing protection accepted before energized testing.","track geometry run, weld NDT, fastener torque log, turnout detection test, crossing functional test",track acceptance engineer,planned
samawah:SAM-SW-037:qa-22-trackform-rail,samawah,SAM-SW-037,sw-line-1-0147-0558-yd-35,switch,line-1,qa-22-trackform-rail,infrastructure,track installation,"Track geometry, rail welds, fasteners, switch detection, and crossing protection accepted before energized testing.","track geometry run, weld NDT, fastener torque log, turnout detection test, crossing functional test",track acceptance engineer,planned
samawah:SAM-SW-038:qa-22-trackform-rail,samawah,SAM-SW-038,sw-line-1-0147-0558-yd-36,switch,line-1,qa-22-trackform-rail,infrastructure,track installation,"Track geometry, rail welds, fasteners, switch detection, and crossing protection accepted before energized testing.","track geometry run, weld NDT, fastener torque log, turnout detection test, crossing functional test",track acceptance engineer,planned
samawah:SAM-SW-039:qa-22-trackform-rail,samawah,SAM-SW-039,sw-line-1-0147-0558-yd-37,switch,line-1,qa-22-trackform-rail,infrastructure,track installation,"Track geometry, rail welds, fasteners, switch detection, and crossing protection accepted before energized testing.","track geometry run, weld NDT, fastener torque log, turnout detection test, crossing functional test",track acceptance engineer,planned
samawah:SAM-SW-040:qa-22-trackform-rail,samawah,SAM-SW-040,sw-line-1-0147-0558-yd-38,switch,line-1,qa-22-trackform-rail,infrastructure,track installation,"Track geometry, rail welds, fasteners, switch detection, and crossing protection accepted before energized testing.","track geometry run, weld NDT, fastener torque log, turnout detection test, crossing functional test",track acceptance engineer,planned
samawah:SAM-SW-041:qa-22-trackform-rail,samawah,SAM-SW-041,sw-line-1-0147-0558-yd-39,switch,line-1,qa-22-trackform-rail,infrastructure,track installation,"Track geometry, rail welds, fasteners, switch detection, and crossing protection accepted before energized testing.","track geometry run, weld NDT, fastener torque log, turnout detection test, crossing functional test",track acceptance engineer,planned
samawah:SAM-SW-042:qa-22-trackform-rail,samawah,SAM-SW-042,sw-line-1-0147-0558-yd-40,switch,line-1,qa-22-trackform-rail,infrastructure,track installation,"Track geometry, rail welds, fasteners, switch detection, and crossing protection accepted before energized testing.","track geometry run, weld NDT, fastener torque log, turnout detection test, crossing functional test",track acceptance engineer,planned
samawah:SAM-SW-043:qa-22-trackform-rail,samawah,SAM-SW-043,sw-line-1-0147-0558-yd-41,switch,line-1,qa-22-trackform-rail,infrastructure,track installation,"Track geometry, rail welds, fasteners, switch detection, and crossing protection accepted before energized testing.","track geometry run, weld NDT, fastener torque log, turnout detection test, crossing functional test",track acceptance engineer,planned
samawah:SAM-SW-044:qa-22-trackform-rail,samawah,SAM-SW-044,sw-line-1-0147-0558-yd-42,switch,line-1,qa-22-trackform-rail,infrastructure,track installation,"Track geometry, rail welds, fasteners, switch detection, and crossing protection accepted before energized testing.","track geometry run, weld NDT, fastener torque log, turnout detection test, crossing functional test",track acceptance engineer,planned
samawah:SAM-SW-045:qa-22-trackform-rail,samawah,SAM-SW-045,sw-line-1-0147-0558-yd-43,switch,line-1,qa-22-trackform-rail,infrastructure,track installation,"Track geometry, rail welds, fasteners, switch detection, and crossing protection accepted before energized testing.","track geometry run, weld NDT, fastener torque log, turnout detection test, crossing functional test",track acceptance engineer,planned
samawah:SAM-SW-046:qa-22-trackform-rail,samawah,SAM-SW-046,sw-line-1-0147-0558-yd-44,switch,line-1,qa-22-trackform-rail,infrastructure,track installation,"Track geometry, rail welds, fasteners, switch detection, and crossing protection accepted before energized testing.","track geometry run, weld NDT, fastener torque log, turnout detection test, crossing functional test",track acceptance engineer,planned
samawah:SAM-SW-047:qa-22-trackform-rail,samawah,SAM-SW-047,sw-line-1-0147-0558-yd-45,switch,line-1,qa-22-trackform-rail,infrastructure,track installation,"Track geometry, rail welds, fasteners, switch detection, and crossing protection accepted before energized testing.","track geometry run, weld NDT, fastener torque log, turnout detection test, crossing functional test",track acceptance engineer,planned
samawah:SAM-SW-048:qa-22-trackform-rail,samawah,SAM-SW-048,sw-line-1-0147-0558-yd-46,switch,line-1,qa-22-trackform-rail,infrastructure,track installation,"Track geometry, rail welds, fasteners, switch detection, and crossing protection accepted before energized testing.","track geometry run, weld NDT, fastener torque log, turnout detection test, crossing functional test",track acceptance engineer,planned
samawah:SAM-SW-049:qa-22-trackform-rail,samawah,SAM-SW-049,sw-line-1-0147-0558-yd-47,switch,line-1,qa-22-trackform-rail,infrastructure,track installation,"Track geometry, rail welds, fasteners, switch detection, and crossing protection accepted before energized testing.","track geometry run, weld NDT, fastener torque log, turnout detection test, crossing functional test",track acceptance engineer,planned
samawah:SAM-SW-050:qa-22-trackform-rail,samawah,SAM-SW-050,sw-line-1-0147-0558-yd-48,switch,line-1,qa-22-trackform-rail,infrastructure,track installation,"Track geometry, rail welds, fasteners, switch detection, and crossing protection accepted before energized testing.","track geometry run, weld NDT, fastener torque log, turnout detection test, crossing functional test",track acceptance engineer,planned
samawah:SAM-SW-051:qa-22-trackform-rail,samawah,SAM-SW-051,sw-line-1-0147-0558-yd-49,switch,line-1,qa-22-trackform-rail,infrastructure,track installation,"Track geometry, rail welds, fasteners, switch detection, and crossing protection accepted before energized testing.","track geometry run, weld NDT, fastener torque log, turnout detection test, crossing functional test",track acceptance engineer,planned
samawah:SAM-SW-052:qa-22-trackform-rail,samawah,SAM-SW-052,sw-line-1-0147-0558-yd-50,switch,line-1,qa-22-trackform-rail,infrastructure,track installation,"Track geometry, rail welds, fasteners, switch detection, and crossing protection accepted before energized testing.","track geometry run, weld NDT, fastener torque log, turnout detection test, crossing functional test",track acceptance engineer,planned
samawah:SAM-SW-053:qa-22-trackform-rail,samawah,SAM-SW-053,sw-line-1-0147-0558-yd-51,switch,line-1,qa-22-trackform-rail,infrastructure,track installation,"Track geometry, rail welds, fasteners, switch detection, and crossing protection accepted before energized testing.","track geometry run, weld NDT, fastener torque log, turnout detection test, crossing functional test",track acceptance engineer,planned
samawah:SAM-SW-054:qa-22-trackform-rail,samawah,SAM-SW-054,sw-line-1-0147-0558-yd-52,switch,line-1,qa-22-trackform-rail,infrastructure,track installation,"Track geometry, rail welds, fasteners, switch detection, and crossing protection accepted before energized testing.","track geometry run, weld NDT, fastener torque log, turnout detection test, crossing functional test",track acceptance engineer,planned
samawah:SAM-SW-055:qa-22-trackform-rail,samawah,SAM-SW-055,sw-line-2-0620-0667-tb,switch,line-2,qa-22-trackform-rail,infrastructure,track installation,"Track geometry, rail welds, fasteners, switch detection, and crossing protection accepted before energized testing.","track geometry run, weld NDT, fastener torque log, turnout detection test, crossing functional test",track acceptance engineer,planned
samawah:SAM-SW-056:qa-22-trackform-rail,samawah,SAM-SW-056,sw-line-2-0015-0106-tb,switch,line-2,qa-22-trackform-rail,infrastructure,track installation,"Track geometry, rail welds, fasteners, switch detection, and crossing protection accepted before energized testing.","track geometry run, weld NDT, fastener torque log, turnout detection test, crossing functional test",track acceptance engineer,planned
samawah:SAM-SW-057:qa-22-trackform-rail,samawah,SAM-SW-057,sw-line-3-0484-0261-tb,switch,line-3,qa-22-trackform-rail,infrastructure,track installation,"Track geometry, rail welds, fasteners, switch detection, and crossing protection accepted before energized testing.","track geometry run, weld NDT, fastener torque log, turnout detection test, crossing functional test",track acceptance engineer,planned
samawah:SAM-SW-058:qa-22-trackform-rail,samawah,SAM-SW-058,sw-line-3-0654-0608-tb,switch,line-3,qa-22-trackform-rail,infrastructure,track installation,"Track geometry, rail welds, fasteners, switch detection, and crossing protection accepted before energized testing.","track geometry run, weld NDT, fastener torque log, turnout detection test, crossing functional test",track acceptance engineer,planned
samawah:SAM-STR-001:qa-23-structures,samawah,SAM-STR-001,elevated interchange group 0,structure,line-3,qa-23-structures,infrastructure,structures,"Structural QA, bearing installation, drainage, access, and fall-protection checks accepted before track loading.","concrete/rebar records, bearing survey, load/test certificate where required, expansion-joint record, walkway inspection",structures engineer,planned
samawah:SAM-STR-002:qa-23-structures,samawah,SAM-STR-002,elevated interchange group 1,structure,line-3,qa-23-structures,infrastructure,structures,"Structural QA, bearing installation, drainage, access, and fall-protection checks accepted before track loading.","concrete/rebar records, bearing survey, load/test certificate where required, expansion-joint record, walkway inspection",structures engineer,planned
samawah:SAM-ST-001:qa-24-stations-depots-plant,samawah,SAM-ST-001,الجرعه,station,line-1,qa-24-stations-depots-plant,infrastructure,building works,"Platforms, canopy PV, passenger circulation, depot pits, workshop tools, fire/life safety, and accessibility accepted before public opening.","platform gauge survey, canopy inspection, fire/life-safety signoff, accessibility audit, tool calibration, depot bay test",stations/depot acceptance board,planned
samawah:SAM-ST-002:qa-24-stations-depots-plant,samawah,SAM-ST-002,line-1-0813-0179,station,line-1,qa-24-stations-depots-plant,infrastructure,building works,"Platforms, canopy PV, passenger circulation, depot pits, workshop tools, fire/life safety, and accessibility accepted before public opening.","platform gauge survey, canopy inspection, fire/life-safety signoff, accessibility audit, tool calibration, depot bay test",stations/depot acceptance board,planned
samawah:SAM-ST-003:qa-24-stations-depots-plant,samawah,SAM-ST-003,الطمر الصحي,station,line-1,qa-24-stations-depots-plant,infrastructure,building works,"Platforms, canopy PV, passenger circulation, depot pits, workshop tools, fire/life safety, and accessibility accepted before public opening.","platform gauge survey, canopy inspection, fire/life-safety signoff, accessibility audit, tool calibration, depot bay test",stations/depot acceptance board,planned
samawah:SAM-ST-004:qa-24-stations-depots-plant,samawah,SAM-ST-004,ال معالي خلف السكة,station,line-1,qa-24-stations-depots-plant,infrastructure,building works,"Platforms, canopy PV, passenger circulation, depot pits, workshop tools, fire/life safety, and accessibility accepted before public opening.","platform gauge survey, canopy inspection, fire/life-safety signoff, accessibility audit, tool calibration, depot bay test",stations/depot acceptance board,planned
samawah:SAM-ST-005:qa-24-stations-depots-plant,samawah,SAM-ST-005,حي الاساتذة,station,line-1,qa-24-stations-depots-plant,infrastructure,building works,"Platforms, canopy PV, passenger circulation, depot pits, workshop tools, fire/life safety, and accessibility accepted before public opening.","platform gauge survey, canopy inspection, fire/life-safety signoff, accessibility audit, tool calibration, depot bay test",stations/depot acceptance board,planned
samawah:SAM-ST-006:qa-24-stations-depots-plant,samawah,SAM-ST-006,حي 270 دار,station,line-1,qa-24-stations-depots-plant,infrastructure,building works,"Platforms, canopy PV, passenger circulation, depot pits, workshop tools, fire/life safety, and accessibility accepted before public opening.","platform gauge survey, canopy inspection, fire/life-safety signoff, accessibility audit, tool calibration, depot bay test",stations/depot acceptance board,planned
samawah:SAM-ST-007:qa-24-stations-depots-plant,samawah,SAM-ST-007,عادل البنجرجي شارع الاسكان,station,line-1,qa-24-stations-depots-plant,infrastructure,building works,"Platforms, canopy PV, passenger circulation, depot pits, workshop tools, fire/life safety, and accessibility accepted before public opening.","platform gauge survey, canopy inspection, fire/life-safety signoff, accessibility audit, tool calibration, depot bay test",stations/depot acceptance board,planned
samawah:SAM-ST-008:qa-24-stations-depots-plant,samawah,SAM-ST-008,line-1-0493-0475,station,line-1,qa-24-stations-depots-plant,infrastructure,building works,"Platforms, canopy PV, passenger circulation, depot pits, workshop tools, fire/life safety, and accessibility accepted before public opening.","platform gauge survey, canopy inspection, fire/life-safety signoff, accessibility audit, tool calibration, depot bay test",stations/depot acceptance board,planned
samawah:SAM-ST-009:qa-24-stations-depots-plant,samawah,SAM-ST-009,line-1-0425-0475,station,line-1,qa-24-stations-depots-plant,infrastructure,building works,"Platforms, canopy PV, passenger circulation, depot pits, workshop tools, fire/life safety, and accessibility accepted before public opening.","platform gauge survey, canopy inspection, fire/life-safety signoff, accessibility audit, tool calibration, depot bay test",stations/depot acceptance board,planned
samawah:SAM-ST-010:qa-24-stations-depots-plant,samawah,SAM-ST-010,line-1-0376-0483,station,line-1,qa-24-stations-depots-plant,infrastructure,building works,"Platforms, canopy PV, passenger circulation, depot pits, workshop tools, fire/life safety, and accessibility accepted before public opening.","platform gauge survey, canopy inspection, fire/life-safety signoff, accessibility audit, tool calibration, depot bay test",stations/depot acceptance board,planned
samawah:SAM-ST-011:qa-24-stations-depots-plant,samawah,SAM-ST-011,كلية القانون,station,line-1,qa-24-stations-depots-plant,infrastructure,building works,"Platforms, canopy PV, passenger circulation, depot pits, workshop tools, fire/life safety, and accessibility accepted before public opening.","platform gauge survey, canopy inspection, fire/life-safety signoff, accessibility audit, tool calibration, depot bay test",stations/depot acceptance board,planned
samawah:SAM-ST-012:qa-24-stations-depots-plant,samawah,SAM-ST-012,مستشفى النسائية والاطفال التعليمي,station,line-1,qa-24-stations-depots-plant,infrastructure,building works,"Platforms, canopy PV, passenger circulation, depot pits, workshop tools, fire/life safety, and accessibility accepted before public opening.","platform gauge survey, canopy inspection, fire/life-safety signoff, accessibility audit, tool calibration, depot bay test",stations/depot acceptance board,planned
samawah:SAM-ST-013:qa-24-stations-depots-plant,samawah,SAM-ST-013,الشنابرة,station,line-1,qa-24-stations-depots-plant,infrastructure,building works,"Platforms, canopy PV, passenger circulation, depot pits, workshop tools, fire/life safety, and accessibility accepted before public opening.","platform gauge survey, canopy inspection, fire/life-safety signoff, accessibility audit, tool calibration, depot bay test",stations/depot acceptance board,planned
samawah:SAM-ST-014:qa-24-stations-depots-plant,samawah,SAM-ST-014,مجمع فدك السكني,station,line-2,qa-24-stations-depots-plant,infrastructure,building works,"Platforms, canopy PV, passenger circulation, depot pits, workshop tools, fire/life safety, and accessibility accepted before public opening.","platform gauge survey, canopy inspection, fire/life-safety signoff, accessibility audit, tool calibration, depot bay test",stations/depot acceptance board,planned
samawah:SAM-ST-015:qa-24-stations-depots-plant,samawah,SAM-ST-015,مجمع النهضة السكني,station,line-2,qa-24-stations-depots-plant,infrastructure,building works,"Platforms, canopy PV, passenger circulation, depot pits, workshop tools, fire/life safety, and accessibility accepted before public opening.","platform gauge survey, canopy inspection, fire/life-safety signoff, accessibility audit, tool calibration, depot bay test",stations/depot acceptance board,planned
samawah:SAM-ST-016:qa-24-stations-depots-plant,samawah,SAM-ST-016,دور الشركة,station,line-2,qa-24-stations-depots-plant,infrastructure,building works,"Platforms, canopy PV, passenger circulation, depot pits, workshop tools, fire/life safety, and accessibility accepted before public opening.","platform gauge survey, canopy inspection, fire/life-safety signoff, accessibility audit, tool calibration, depot bay test",stations/depot acceptance board,planned
samawah:SAM-ST-017:qa-24-stations-depots-plant,samawah,SAM-ST-017,الشرقي,station,line-2,qa-24-stations-depots-plant,infrastructure,building works,"Platforms, canopy PV, passenger circulation, depot pits, workshop tools, fire/life safety, and accessibility accepted before public opening.","platform gauge survey, canopy inspection, fire/life-safety signoff, accessibility audit, tool calibration, depot bay test",stations/depot acceptance board,planned
samawah:SAM-ST-018:qa-24-stations-depots-plant,samawah,SAM-ST-018,line-2-0493-0475,station,line-2,qa-24-stations-depots-plant,infrastructure,building works,"Platforms, canopy PV, passenger circulation, depot pits, workshop tools, fire/life safety, and accessibility accepted before public opening.","platform gauge survey, canopy inspection, fire/life-safety signoff, accessibility audit, tool calibration, depot bay test",stations/depot acceptance board,planned
samawah:SAM-ST-019:qa-24-stations-depots-plant,samawah,SAM-ST-019,مركز الأمل للغسل الكلوي,station,line-2,qa-24-stations-depots-plant,infrastructure,building works,"Platforms, canopy PV, passenger circulation, depot pits, workshop tools, fire/life safety, and accessibility accepted before public opening.","platform gauge survey, canopy inspection, fire/life-safety signoff, accessibility audit, tool calibration, depot bay test",stations/depot acceptance board,planned
samawah:SAM-ST-020:qa-24-stations-depots-plant,samawah,SAM-ST-020,مركز صحي الحسنين (الجربوعية 1),station,line-2,qa-24-stations-depots-plant,infrastructure,building works,"Platforms, canopy PV, passenger circulation, depot pits, workshop tools, fire/life safety, and accessibility accepted before public opening.","platform gauge survey, canopy inspection, fire/life-safety signoff, accessibility audit, tool calibration, depot bay test",stations/depot acceptance board,planned
samawah:SAM-ST-021:qa-24-stations-depots-plant,samawah,SAM-ST-021,ابوجويلانة,station,line-2,qa-24-stations-depots-plant,infrastructure,building works,"Platforms, canopy PV, passenger circulation, depot pits, workshop tools, fire/life safety, and accessibility accepted before public opening.","platform gauge survey, canopy inspection, fire/life-safety signoff, accessibility audit, tool calibration, depot bay test",stations/depot acceptance board,planned
samawah:SAM-ST-022:qa-24-stations-depots-plant,samawah,SAM-ST-022,line-2-0225-0239,station,line-2,qa-24-stations-depots-plant,infrastructure,building works,"Platforms, canopy PV, passenger circulation, depot pits, workshop tools, fire/life safety, and accessibility accepted before public opening.","platform gauge survey, canopy inspection, fire/life-safety signoff, accessibility audit, tool calibration, depot bay test",stations/depot acceptance board,planned
samawah:SAM-ST-023:qa-24-stations-depots-plant,samawah,SAM-ST-023,تقاطع شارع مجد هلال  سماوة,station,line-2,qa-24-stations-depots-plant,infrastructure,building works,"Platforms, canopy PV, passenger circulation, depot pits, workshop tools, fire/life safety, and accessibility accepted before public opening.","platform gauge survey, canopy inspection, fire/life-safety signoff, accessibility audit, tool calibration, depot bay test",stations/depot acceptance board,planned
samawah:SAM-ST-024:qa-24-stations-depots-plant,samawah,SAM-ST-024,بستان ال شنان (طريق المهدي),station,line-3,qa-24-stations-depots-plant,infrastructure,building works,"Platforms, canopy PV, passenger circulation, depot pits, workshop tools, fire/life safety, and accessibility accepted before public opening.","platform gauge survey, canopy inspection, fire/life-safety signoff, accessibility audit, tool calibration, depot bay test",stations/depot acceptance board,planned
samawah:SAM-ST-025:qa-24-stations-depots-plant,samawah,SAM-ST-025,حي النفط الزراعي,station,line-3,qa-24-stations-depots-plant,infrastructure,building works,"Platforms, canopy PV, passenger circulation, depot pits, workshop tools, fire/life safety, and accessibility accepted before public opening.","platform gauge survey, canopy inspection, fire/life-safety signoff, accessibility audit, tool calibration, depot bay test",stations/depot acceptance board,planned
samawah:SAM-ST-026:qa-24-stations-depots-plant,samawah,SAM-ST-026,حي السجناء السياسيين,station,line-3,qa-24-stations-depots-plant,infrastructure,building works,"Platforms, canopy PV, passenger circulation, depot pits, workshop tools, fire/life safety, and accessibility accepted before public opening.","platform gauge survey, canopy inspection, fire/life-safety signoff, accessibility audit, tool calibration, depot bay test",stations/depot acceptance board,planned
samawah:SAM-ST-027:qa-24-stations-depots-plant,samawah,SAM-ST-027,حي جضعان الاولى,station,line-3,qa-24-stations-depots-plant,infrastructure,building works,"Platforms, canopy PV, passenger circulation, depot pits, workshop tools, fire/life safety, and accessibility accepted before public opening.","platform gauge survey, canopy inspection, fire/life-safety signoff, accessibility audit, tool calibration, depot bay test",stations/depot acceptance board,planned
samawah:SAM-ST-028:qa-24-stations-depots-plant,samawah,SAM-ST-028,line-3-0493-0475,station,line-3,qa-24-stations-depots-plant,infrastructure,building works,"Platforms, canopy PV, passenger circulation, depot pits, workshop tools, fire/life safety, and accessibility accepted before public opening.","platform gauge survey, canopy inspection, fire/life-safety signoff, accessibility audit, tool calibration, depot bay test",stations/depot acceptance board,planned
samawah:SAM-ST-029:qa-24-stations-depots-plant,samawah,SAM-ST-029,معهد الصحة العالي في المثنى,station,line-3,qa-24-stations-depots-plant,infrastructure,building works,"Platforms, canopy PV, passenger circulation, depot pits, workshop tools, fire/life safety, and accessibility accepted before public opening.","platform gauge survey, canopy inspection, fire/life-safety signoff, accessibility audit, tool calibration, depot bay test",stations/depot acceptance board,planned
samawah:SAM-ST-030:qa-24-stations-depots-plant,samawah,SAM-ST-030,line-3-0625-0534,station,line-3,qa-24-stations-depots-plant,infrastructure,building works,"Platforms, canopy PV, passenger circulation, depot pits, workshop tools, fire/life safety, and accessibility accepted before public opening.","platform gauge survey, canopy inspection, fire/life-safety signoff, accessibility audit, tool calibration, depot bay test",stations/depot acceptance board,planned
samawah:SAM-ST-031:qa-24-stations-depots-plant,samawah,SAM-ST-031,مجمع البركة السكني,station,line-3,qa-24-stations-depots-plant,infrastructure,building works,"Platforms, canopy PV, passenger circulation, depot pits, workshop tools, fire/life safety, and accessibility accepted before public opening.","platform gauge survey, canopy inspection, fire/life-safety signoff, accessibility audit, tool calibration, depot bay test",stations/depot acceptance board,planned
samawah:SAM-DEP-001:qa-24-stations-depots-plant,samawah,SAM-DEP-001,layup-minimal at line-1-0985-0109,depot,line-1,qa-24-stations-depots-plant,infrastructure,building works,"Platforms, canopy PV, passenger circulation, depot pits, workshop tools, fire/life safety, and accessibility accepted before public opening.","platform gauge survey, canopy inspection, fire/life-safety signoff, accessibility audit, tool calibration, depot bay test",stations/depot acceptance board,planned
samawah:SAM-DEP-002:qa-24-stations-depots-plant,samawah,SAM-DEP-002,main-heavy at line-1-0147-0558,depot,line-1,qa-24-stations-depots-plant,infrastructure,building works,"Platforms, canopy PV, passenger circulation, depot pits, workshop tools, fire/life safety, and accessibility accepted before public opening.","platform gauge survey, canopy inspection, fire/life-safety signoff, accessibility audit, tool calibration, depot bay test",stations/depot acceptance board,planned
samawah:SAM-DEP-003:qa-24-stations-depots-plant,samawah,SAM-DEP-003,layup-minimal at line-2-0620-0667,depot,line-2,qa-24-stations-depots-plant,infrastructure,building works,"Platforms, canopy PV, passenger circulation, depot pits, workshop tools, fire/life safety, and accessibility accepted before public opening.","platform gauge survey, canopy inspection, fire/life-safety signoff, accessibility audit, tool calibration, depot bay test",stations/depot acceptance board,planned
samawah:SAM-DEP-004:qa-24-stations-depots-plant,samawah,SAM-DEP-004,layup-minimal at line-2-0015-0106,depot,line-2,qa-24-stations-depots-plant,infrastructure,building works,"Platforms, canopy PV, passenger circulation, depot pits, workshop tools, fire/life safety, and accessibility accepted before public opening.","platform gauge survey, canopy inspection, fire/life-safety signoff, accessibility audit, tool calibration, depot bay test",stations/depot acceptance board,planned
samawah:SAM-DEP-005:qa-24-stations-depots-plant,samawah,SAM-DEP-005,layup-minimal at line-3-0484-0261,depot,line-3,qa-24-stations-depots-plant,infrastructure,building works,"Platforms, canopy PV, passenger circulation, depot pits, workshop tools, fire/life safety, and accessibility accepted before public opening.","platform gauge survey, canopy inspection, fire/life-safety signoff, accessibility audit, tool calibration, depot bay test",stations/depot acceptance board,planned
samawah:SAM-DEP-006:qa-24-stations-depots-plant,samawah,SAM-DEP-006,layup-minimal at line-3-0654-0608,depot,line-3,qa-24-stations-depots-plant,infrastructure,building works,"Platforms, canopy PV, passenger circulation, depot pits, workshop tools, fire/life safety, and accessibility accepted before public opening.","platform gauge survey, canopy inspection, fire/life-safety signoff, accessibility audit, tool calibration, depot bay test",stations/depot acceptance board,planned
samawah:SAM-PLANT-001:qa-24-stations-depots-plant,samawah,SAM-PLANT-001,production/depot tooling at line-1-0985-0109,depots-production,line-1,qa-24-stations-depots-plant,infrastructure,building works,"Platforms, canopy PV, passenger circulation, depot pits, workshop tools, fire/life safety, and accessibility accepted before public opening.","platform gauge survey, canopy inspection, fire/life-safety signoff, accessibility audit, tool calibration, depot bay test",stations/depot acceptance board,planned
samawah:SAM-PLANT-002:qa-24-stations-depots-plant,samawah,SAM-PLANT-002,production/depot tooling at line-1-0147-0558,depots-production,line-1,qa-24-stations-depots-plant,infrastructure,building works,"Platforms, canopy PV, passenger circulation, depot pits, workshop tools, fire/life safety, and accessibility accepted before public opening.","platform gauge survey, canopy inspection, fire/life-safety signoff, accessibility audit, tool calibration, depot bay test",stations/depot acceptance board,planned
samawah:SAM-PLANT-003:qa-24-stations-depots-plant,samawah,SAM-PLANT-003,production/depot tooling at line-2-0620-0667,depots-production,line-2,qa-24-stations-depots-plant,infrastructure,building works,"Platforms, canopy PV, passenger circulation, depot pits, workshop tools, fire/life safety, and accessibility accepted before public opening.","platform gauge survey, canopy inspection, fire/life-safety signoff, accessibility audit, tool calibration, depot bay test",stations/depot acceptance board,planned
samawah:SAM-PLANT-004:qa-24-stations-depots-plant,samawah,SAM-PLANT-004,production/depot tooling at line-2-0015-0106,depots-production,line-2,qa-24-stations-depots-plant,infrastructure,building works,"Platforms, canopy PV, passenger circulation, depot pits, workshop tools, fire/life safety, and accessibility accepted before public opening.","platform gauge survey, canopy inspection, fire/life-safety signoff, accessibility audit, tool calibration, depot bay test",stations/depot acceptance board,planned
samawah:SAM-PLANT-005:qa-24-stations-depots-plant,samawah,SAM-PLANT-005,production/depot tooling at line-3-0484-0261,depots-production,line-3,qa-24-stations-depots-plant,infrastructure,building works,"Platforms, canopy PV, passenger circulation, depot pits, workshop tools, fire/life safety, and accessibility accepted before public opening.","platform gauge survey, canopy inspection, fire/life-safety signoff, accessibility audit, tool calibration, depot bay test",stations/depot acceptance board,planned
samawah:SAM-PLANT-006:qa-24-stations-depots-plant,samawah,SAM-PLANT-006,production/depot tooling at line-3-0654-0608,depots-production,line-3,qa-24-stations-depots-plant,infrastructure,building works,"Platforms, canopy PV, passenger circulation, depot pits, workshop tools, fire/life safety, and accessibility accepted before public opening.","platform gauge survey, canopy inspection, fire/life-safety signoff, accessibility audit, tool calibration, depot bay test",stations/depot acceptance board,planned
samawah:SAM-DEP-001:qa-25-power-energy,samawah,SAM-DEP-001,layup-minimal at line-1-0985-0109,depot,line-1,qa-25-power-energy,infrastructure,energy commissioning,"PV strings, storage, chargers, protection, earthing, islanding, and emergency isolation accepted before train charging.","PV string test, BESS commissioning record, charger load test, protection relay settings, earthing test, isolation drill",energy systems lead,planned
samawah:SAM-DEP-002:qa-25-power-energy,samawah,SAM-DEP-002,main-heavy at line-1-0147-0558,depot,line-1,qa-25-power-energy,infrastructure,energy commissioning,"PV strings, storage, chargers, protection, earthing, islanding, and emergency isolation accepted before train charging.","PV string test, BESS commissioning record, charger load test, protection relay settings, earthing test, isolation drill",energy systems lead,planned
samawah:SAM-DEP-003:qa-25-power-energy,samawah,SAM-DEP-003,layup-minimal at line-2-0620-0667,depot,line-2,qa-25-power-energy,infrastructure,energy commissioning,"PV strings, storage, chargers, protection, earthing, islanding, and emergency isolation accepted before train charging.","PV string test, BESS commissioning record, charger load test, protection relay settings, earthing test, isolation drill",energy systems lead,planned
samawah:SAM-DEP-004:qa-25-power-energy,samawah,SAM-DEP-004,layup-minimal at line-2-0015-0106,depot,line-2,qa-25-power-energy,infrastructure,energy commissioning,"PV strings, storage, chargers, protection, earthing, islanding, and emergency isolation accepted before train charging.","PV string test, BESS commissioning record, charger load test, protection relay settings, earthing test, isolation drill",energy systems lead,planned
samawah:SAM-DEP-005:qa-25-power-energy,samawah,SAM-DEP-005,layup-minimal at line-3-0484-0261,depot,line-3,qa-25-power-energy,infrastructure,energy commissioning,"PV strings, storage, chargers, protection, earthing, islanding, and emergency isolation accepted before train charging.","PV string test, BESS commissioning record, charger load test, protection relay settings, earthing test, isolation drill",energy systems lead,planned
samawah:SAM-DEP-006:qa-25-power-energy,samawah,SAM-DEP-006,layup-minimal at line-3-0654-0608,depot,line-3,qa-25-power-energy,infrastructure,energy commissioning,"PV strings, storage, chargers, protection, earthing, islanding, and emergency isolation accepted before train charging.","PV string test, BESS commissioning record, charger load test, protection relay settings, earthing test, isolation drill",energy systems lead,planned
samawah:SAM-EN-001:qa-25-power-energy,samawah,SAM-EN-001,energy site at line-1-0985-0109,energy,line-1,qa-25-power-energy,infrastructure,energy commissioning,"PV strings, storage, chargers, protection, earthing, islanding, and emergency isolation accepted before train charging.","PV string test, BESS commissioning record, charger load test, protection relay settings, earthing test, isolation drill",energy systems lead,planned
samawah:SAM-EN-002:qa-25-power-energy,samawah,SAM-EN-002,energy site at line-1-0775-0299,energy,line-1,qa-25-power-energy,infrastructure,energy commissioning,"PV strings, storage, chargers, protection, earthing, islanding, and emergency isolation accepted before train charging.","PV string test, BESS commissioning record, charger load test, protection relay settings, earthing test, isolation drill",energy systems lead,planned
samawah:SAM-EN-003:qa-25-power-energy,samawah,SAM-EN-003,energy site at line-1-0709-0371,energy,line-1,qa-25-power-energy,infrastructure,energy commissioning,"PV strings, storage, chargers, protection, earthing, islanding, and emergency isolation accepted before train charging.","PV string test, BESS commissioning record, charger load test, protection relay settings, earthing test, isolation drill",energy systems lead,planned
samawah:SAM-EN-004:qa-25-power-energy,samawah,SAM-EN-004,energy site at line-1-0639-0411,energy,line-1,qa-25-power-energy,infrastructure,energy commissioning,"PV strings, storage, chargers, protection, earthing, islanding, and emergency isolation accepted before train charging.","PV string test, BESS commissioning record, charger load test, protection relay settings, earthing test, isolation drill",energy systems lead,planned
samawah:SAM-EN-005:qa-25-power-energy,samawah,SAM-EN-005,energy site at line-1-0581-0418,energy,line-1,qa-25-power-energy,infrastructure,energy commissioning,"PV strings, storage, chargers, protection, earthing, islanding, and emergency isolation accepted before train charging.","PV string test, BESS commissioning record, charger load test, protection relay settings, earthing test, isolation drill",energy systems lead,planned
samawah:SAM-EN-006:qa-25-power-energy,samawah,SAM-EN-006,energy site at line-1-0524-0427,energy,line-1,qa-25-power-energy,infrastructure,energy commissioning,"PV strings, storage, chargers, protection, earthing, islanding, and emergency isolation accepted before train charging.","PV string test, BESS commissioning record, charger load test, protection relay settings, earthing test, isolation drill",energy systems lead,planned
samawah:SAM-EN-007:qa-25-power-energy,samawah,SAM-EN-007,energy site at line-1-0493-0475,energy,line-1,qa-25-power-energy,infrastructure,energy commissioning,"PV strings, storage, chargers, protection, earthing, islanding, and emergency isolation accepted before train charging.","PV string test, BESS commissioning record, charger load test, protection relay settings, earthing test, isolation drill",energy systems lead,planned
samawah:SAM-EN-008:qa-25-power-energy,samawah,SAM-EN-008,energy site at line-1-0425-0475,energy,line-1,qa-25-power-energy,infrastructure,energy commissioning,"PV strings, storage, chargers, protection, earthing, islanding, and emergency isolation accepted before train charging.","PV string test, BESS commissioning record, charger load test, protection relay settings, earthing test, isolation drill",energy systems lead,planned
samawah:SAM-EN-009:qa-25-power-energy,samawah,SAM-EN-009,energy site at line-1-0376-0483,energy,line-1,qa-25-power-energy,infrastructure,energy commissioning,"PV strings, storage, chargers, protection, earthing, islanding, and emergency isolation accepted before train charging.","PV string test, BESS commissioning record, charger load test, protection relay settings, earthing test, isolation drill",energy systems lead,planned
samawah:SAM-EN-010:qa-25-power-energy,samawah,SAM-EN-010,energy site at line-1-0361-0517,energy,line-1,qa-25-power-energy,infrastructure,energy commissioning,"PV strings, storage, chargers, protection, earthing, islanding, and emergency isolation accepted before train charging.","PV string test, BESS commissioning record, charger load test, protection relay settings, earthing test, isolation drill",energy systems lead,planned
samawah:SAM-EN-011:qa-25-power-energy,samawah,SAM-EN-011,energy site at line-1-0310-0519,energy,line-1,qa-25-power-energy,infrastructure,energy commissioning,"PV strings, storage, chargers, protection, earthing, islanding, and emergency isolation accepted before train charging.","PV string test, BESS commissioning record, charger load test, protection relay settings, earthing test, isolation drill",energy systems lead,planned
samawah:SAM-EN-012:qa-25-power-energy,samawah,SAM-EN-012,energy site at line-1-0147-0558,energy,line-1,qa-25-power-energy,infrastructure,energy commissioning,"PV strings, storage, chargers, protection, earthing, islanding, and emergency isolation accepted before train charging.","PV string test, BESS commissioning record, charger load test, protection relay settings, earthing test, isolation drill",energy systems lead,planned
samawah:SAM-EN-013:qa-25-power-energy,samawah,SAM-EN-013,energy site at line-2-0620-0667,energy,line-2,qa-25-power-energy,infrastructure,energy commissioning,"PV strings, storage, chargers, protection, earthing, islanding, and emergency isolation accepted before train charging.","PV string test, BESS commissioning record, charger load test, protection relay settings, earthing test, isolation drill",energy systems lead,planned
samawah:SAM-EN-014:qa-25-power-energy,samawah,SAM-EN-014,energy site at line-2-0566-0623,energy,line-2,qa-25-power-energy,infrastructure,energy commissioning,"PV strings, storage, chargers, protection, earthing, islanding, and emergency isolation accepted before train charging.","PV string test, BESS commissioning record, charger load test, protection relay settings, earthing test, isolation drill",energy systems lead,planned
samawah:SAM-EN-015:qa-25-power-energy,samawah,SAM-EN-015,energy site at line-2-0531-0579,energy,line-2,qa-25-power-energy,infrastructure,energy commissioning,"PV strings, storage, chargers, protection, earthing, islanding, and emergency isolation accepted before train charging.","PV string test, BESS commissioning record, charger load test, protection relay settings, earthing test, isolation drill",energy systems lead,planned
samawah:SAM-EN-016:qa-25-power-energy,samawah,SAM-EN-016,energy site at line-2-0516-0525,energy,line-2,qa-25-power-energy,infrastructure,energy commissioning,"PV strings, storage, chargers, protection, earthing, islanding, and emergency isolation accepted before train charging.","PV string test, BESS commissioning record, charger load test, protection relay settings, earthing test, isolation drill",energy systems lead,planned
samawah:SAM-EN-017:qa-25-power-energy,samawah,SAM-EN-017,energy site at line-2-0493-0475,energy,line-2,qa-25-power-energy,infrastructure,energy commissioning,"PV strings, storage, chargers, protection, earthing, islanding, and emergency isolation accepted before train charging.","PV string test, BESS commissioning record, charger load test, protection relay settings, earthing test, isolation drill",energy systems lead,planned
samawah:SAM-EN-018:qa-25-power-energy,samawah,SAM-EN-018,energy site at line-2-0459-0432,energy,line-2,qa-25-power-energy,infrastructure,energy commissioning,"PV strings, storage, chargers, protection, earthing, islanding, and emergency isolation accepted before train charging.","PV string test, BESS commissioning record, charger load test, protection relay settings, earthing test, isolation drill",energy systems lead,planned
samawah:SAM-EN-019:qa-25-power-energy,samawah,SAM-EN-019,energy site at line-2-0382-0397,energy,line-2,qa-25-power-energy,infrastructure,energy commissioning,"PV strings, storage, chargers, protection, earthing, islanding, and emergency isolation accepted before train charging.","PV string test, BESS commissioning record, charger load test, protection relay settings, earthing test, isolation drill",energy systems lead,planned
samawah:SAM-EN-020:qa-25-power-energy,samawah,SAM-EN-020,energy site at line-2-0350-0317,energy,line-2,qa-25-power-energy,infrastructure,energy commissioning,"PV strings, storage, chargers, protection, earthing, islanding, and emergency isolation accepted before train charging.","PV string test, BESS commissioning record, charger load test, protection relay settings, earthing test, isolation drill",energy systems lead,planned
samawah:SAM-EN-021:qa-25-power-energy,samawah,SAM-EN-021,energy site at line-2-0015-0106,energy,line-2,qa-25-power-energy,infrastructure,energy commissioning,"PV strings, storage, chargers, protection, earthing, islanding, and emergency isolation accepted before train charging.","PV string test, BESS commissioning record, charger load test, protection relay settings, earthing test, isolation drill",energy systems lead,planned
samawah:SAM-EN-022:qa-25-power-energy,samawah,SAM-EN-022,energy site at line-3-0484-0261,energy,line-3,qa-25-power-energy,infrastructure,energy commissioning,"PV strings, storage, chargers, protection, earthing, islanding, and emergency isolation accepted before train charging.","PV string test, BESS commissioning record, charger load test, protection relay settings, earthing test, isolation drill",energy systems lead,planned
samawah:SAM-EN-023:qa-25-power-energy,samawah,SAM-EN-023,energy site at line-3-0465-0316,energy,line-3,qa-25-power-energy,infrastructure,energy commissioning,"PV strings, storage, chargers, protection, earthing, islanding, and emergency isolation accepted before train charging.","PV string test, BESS commissioning record, charger load test, protection relay settings, earthing test, isolation drill",energy systems lead,planned
samawah:SAM-EN-024:qa-25-power-energy,samawah,SAM-EN-024,energy site at line-3-0500-0378,energy,line-3,qa-25-power-energy,infrastructure,energy commissioning,"PV strings, storage, chargers, protection, earthing, islanding, and emergency isolation accepted before train charging.","PV string test, BESS commissioning record, charger load test, protection relay settings, earthing test, isolation drill",energy systems lead,planned
samawah:SAM-EN-025:qa-25-power-energy,samawah,SAM-EN-025,energy site at line-3-0511-0434,energy,line-3,qa-25-power-energy,infrastructure,energy commissioning,"PV strings, storage, chargers, protection, earthing, islanding, and emergency isolation accepted before train charging.","PV string test, BESS commissioning record, charger load test, protection relay settings, earthing test, isolation drill",energy systems lead,planned
samawah:SAM-EN-026:qa-25-power-energy,samawah,SAM-EN-026,energy site at line-3-0493-0475,energy,line-3,qa-25-power-energy,infrastructure,energy commissioning,"PV strings, storage, chargers, protection, earthing, islanding, and emergency isolation accepted before train charging.","PV string test, BESS commissioning record, charger load test, protection relay settings, earthing test, isolation drill",energy systems lead,planned
samawah:SAM-EN-027:qa-25-power-energy,samawah,SAM-EN-027,energy site at line-3-0537-0502,energy,line-3,qa-25-power-energy,infrastructure,energy commissioning,"PV strings, storage, chargers, protection, earthing, islanding, and emergency isolation accepted before train charging.","PV string test, BESS commissioning record, charger load test, protection relay settings, earthing test, isolation drill",energy systems lead,planned
samawah:SAM-EN-028:qa-25-power-energy,samawah,SAM-EN-028,energy site at line-3-0625-0534,energy,line-3,qa-25-power-energy,infrastructure,energy commissioning,"PV strings, storage, chargers, protection, earthing, islanding, and emergency isolation accepted before train charging.","PV string test, BESS commissioning record, charger load test, protection relay settings, earthing test, isolation drill",energy systems lead,planned
samawah:SAM-EN-029:qa-25-power-energy,samawah,SAM-EN-029,energy site at line-3-0654-0608,energy,line-3,qa-25-power-energy,infrastructure,energy commissioning,"PV strings, storage, chargers, protection, earthing, islanding, and emergency isolation accepted before train charging.","PV string test, BESS commissioning record, charger load test, protection relay settings, earthing test, isolation drill",energy systems lead,planned
samawah:SAM-WPT-L1-001:qa-26-wayside-comms-safety,samawah,SAM-WPT-L1-001,line-1 waypoint 001,waypoint,line-1,qa-26-wayside-comms-safety,infrastructure,systems commissioning,"Wayside hardware, comms resilience, switch control, intrusion verdicts, passenger systems, and cybersecurity accepted before trial running.","W-SBC identity register, radio coverage, switch proof test, sensor calibration, CCTV/fare-system test, penetration-test closeout",systems assurance lead,planned
samawah:SAM-WPT-L1-002:qa-26-wayside-comms-safety,samawah,SAM-WPT-L1-002,line-1 waypoint 002,waypoint,line-1,qa-26-wayside-comms-safety,infrastructure,systems commissioning,"Wayside hardware, comms resilience, switch control, intrusion verdicts, passenger systems, and cybersecurity accepted before trial running.","W-SBC identity register, radio coverage, switch proof test, sensor calibration, CCTV/fare-system test, penetration-test closeout",systems assurance lead,planned
samawah:SAM-WPT-L1-003:qa-26-wayside-comms-safety,samawah,SAM-WPT-L1-003,line-1 waypoint 003,waypoint,line-1,qa-26-wayside-comms-safety,infrastructure,systems commissioning,"Wayside hardware, comms resilience, switch control, intrusion verdicts, passenger systems, and cybersecurity accepted before trial running.","W-SBC identity register, radio coverage, switch proof test, sensor calibration, CCTV/fare-system test, penetration-test closeout",systems assurance lead,planned
samawah:SAM-WPT-L1-004:qa-26-wayside-comms-safety,samawah,SAM-WPT-L1-004,line-1 waypoint 004,waypoint,line-1,qa-26-wayside-comms-safety,infrastructure,systems commissioning,"Wayside hardware, comms resilience, switch control, intrusion verdicts, passenger systems, and cybersecurity accepted before trial running.","W-SBC identity register, radio coverage, switch proof test, sensor calibration, CCTV/fare-system test, penetration-test closeout",systems assurance lead,planned
samawah:SAM-WPT-L1-005:qa-26-wayside-comms-safety,samawah,SAM-WPT-L1-005,line-1 waypoint 005,waypoint,line-1,qa-26-wayside-comms-safety,infrastructure,systems commissioning,"Wayside hardware, comms resilience, switch control, intrusion verdicts, passenger systems, and cybersecurity accepted before trial running.","W-SBC identity register, radio coverage, switch proof test, sensor calibration, CCTV/fare-system test, penetration-test closeout",systems assurance lead,planned
samawah:SAM-WPT-L1-006:qa-26-wayside-comms-safety,samawah,SAM-WPT-L1-006,line-1 waypoint 006,waypoint,line-1,qa-26-wayside-comms-safety,infrastructure,systems commissioning,"Wayside hardware, comms resilience, switch control, intrusion verdicts, passenger systems, and cybersecurity accepted before trial running.","W-SBC identity register, radio coverage, switch proof test, sensor calibration, CCTV/fare-system test, penetration-test closeout",systems assurance lead,planned
samawah:SAM-WPT-L1-007:qa-26-wayside-comms-safety,samawah,SAM-WPT-L1-007,line-1 waypoint 007,waypoint,line-1,qa-26-wayside-comms-safety,infrastructure,systems commissioning,"Wayside hardware, comms resilience, switch control, intrusion verdicts, passenger systems, and cybersecurity accepted before trial running.","W-SBC identity register, radio coverage, switch proof test, sensor calibration, CCTV/fare-system test, penetration-test closeout",systems assurance lead,planned
samawah:SAM-WPT-L1-008:qa-26-wayside-comms-safety,samawah,SAM-WPT-L1-008,line-1 waypoint 008,waypoint,line-1,qa-26-wayside-comms-safety,infrastructure,systems commissioning,"Wayside hardware, comms resilience, switch control, intrusion verdicts, passenger systems, and cybersecurity accepted before trial running.","W-SBC identity register, radio coverage, switch proof test, sensor calibration, CCTV/fare-system test, penetration-test closeout",systems assurance lead,planned
samawah:SAM-WPT-L1-009:qa-26-wayside-comms-safety,samawah,SAM-WPT-L1-009,line-1 waypoint 009,waypoint,line-1,qa-26-wayside-comms-safety,infrastructure,systems commissioning,"Wayside hardware, comms resilience, switch control, intrusion verdicts, passenger systems, and cybersecurity accepted before trial running.","W-SBC identity register, radio coverage, switch proof test, sensor calibration, CCTV/fare-system test, penetration-test closeout",systems assurance lead,planned
samawah:SAM-WPT-L1-010:qa-26-wayside-comms-safety,samawah,SAM-WPT-L1-010,line-1 waypoint 010,waypoint,line-1,qa-26-wayside-comms-safety,infrastructure,systems commissioning,"Wayside hardware, comms resilience, switch control, intrusion verdicts, passenger systems, and cybersecurity accepted before trial running.","W-SBC identity register, radio coverage, switch proof test, sensor calibration, CCTV/fare-system test, penetration-test closeout",systems assurance lead,planned
samawah:SAM-WPT-L1-011:qa-26-wayside-comms-safety,samawah,SAM-WPT-L1-011,line-1 waypoint 011,waypoint,line-1,qa-26-wayside-comms-safety,infrastructure,systems commissioning,"Wayside hardware, comms resilience, switch control, intrusion verdicts, passenger systems, and cybersecurity accepted before trial running.","W-SBC identity register, radio coverage, switch proof test, sensor calibration, CCTV/fare-system test, penetration-test closeout",systems assurance lead,planned
samawah:SAM-WPT-L1-012:qa-26-wayside-comms-safety,samawah,SAM-WPT-L1-012,line-1 waypoint 012,waypoint,line-1,qa-26-wayside-comms-safety,infrastructure,systems commissioning,"Wayside hardware, comms resilience, switch control, intrusion verdicts, passenger systems, and cybersecurity accepted before trial running.","W-SBC identity register, radio coverage, switch proof test, sensor calibration, CCTV/fare-system test, penetration-test closeout",systems assurance lead,planned
samawah:SAM-WPT-L2-001:qa-26-wayside-comms-safety,samawah,SAM-WPT-L2-001,line-2 waypoint 001,waypoint,line-2,qa-26-wayside-comms-safety,infrastructure,systems commissioning,"Wayside hardware, comms resilience, switch control, intrusion verdicts, passenger systems, and cybersecurity accepted before trial running.","W-SBC identity register, radio coverage, switch proof test, sensor calibration, CCTV/fare-system test, penetration-test closeout",systems assurance lead,planned
samawah:SAM-WPT-L2-002:qa-26-wayside-comms-safety,samawah,SAM-WPT-L2-002,line-2 waypoint 002,waypoint,line-2,qa-26-wayside-comms-safety,infrastructure,systems commissioning,"Wayside hardware, comms resilience, switch control, intrusion verdicts, passenger systems, and cybersecurity accepted before trial running.","W-SBC identity register, radio coverage, switch proof test, sensor calibration, CCTV/fare-system test, penetration-test closeout",systems assurance lead,planned
samawah:SAM-WPT-L2-003:qa-26-wayside-comms-safety,samawah,SAM-WPT-L2-003,line-2 waypoint 003,waypoint,line-2,qa-26-wayside-comms-safety,infrastructure,systems commissioning,"Wayside hardware, comms resilience, switch control, intrusion verdicts, passenger systems, and cybersecurity accepted before trial running.","W-SBC identity register, radio coverage, switch proof test, sensor calibration, CCTV/fare-system test, penetration-test closeout",systems assurance lead,planned
samawah:SAM-WPT-L2-004:qa-26-wayside-comms-safety,samawah,SAM-WPT-L2-004,line-2 waypoint 004,waypoint,line-2,qa-26-wayside-comms-safety,infrastructure,systems commissioning,"Wayside hardware, comms resilience, switch control, intrusion verdicts, passenger systems, and cybersecurity accepted before trial running.","W-SBC identity register, radio coverage, switch proof test, sensor calibration, CCTV/fare-system test, penetration-test closeout",systems assurance lead,planned
samawah:SAM-WPT-L2-005:qa-26-wayside-comms-safety,samawah,SAM-WPT-L2-005,line-2 waypoint 005,waypoint,line-2,qa-26-wayside-comms-safety,infrastructure,systems commissioning,"Wayside hardware, comms resilience, switch control, intrusion verdicts, passenger systems, and cybersecurity accepted before trial running.","W-SBC identity register, radio coverage, switch proof test, sensor calibration, CCTV/fare-system test, penetration-test closeout",systems assurance lead,planned
samawah:SAM-WPT-L2-006:qa-26-wayside-comms-safety,samawah,SAM-WPT-L2-006,line-2 waypoint 006,waypoint,line-2,qa-26-wayside-comms-safety,infrastructure,systems commissioning,"Wayside hardware, comms resilience, switch control, intrusion verdicts, passenger systems, and cybersecurity accepted before trial running.","W-SBC identity register, radio coverage, switch proof test, sensor calibration, CCTV/fare-system test, penetration-test closeout",systems assurance lead,planned
samawah:SAM-WPT-L2-007:qa-26-wayside-comms-safety,samawah,SAM-WPT-L2-007,line-2 waypoint 007,waypoint,line-2,qa-26-wayside-comms-safety,infrastructure,systems commissioning,"Wayside hardware, comms resilience, switch control, intrusion verdicts, passenger systems, and cybersecurity accepted before trial running.","W-SBC identity register, radio coverage, switch proof test, sensor calibration, CCTV/fare-system test, penetration-test closeout",systems assurance lead,planned
samawah:SAM-WPT-L2-008:qa-26-wayside-comms-safety,samawah,SAM-WPT-L2-008,line-2 waypoint 008,waypoint,line-2,qa-26-wayside-comms-safety,infrastructure,systems commissioning,"Wayside hardware, comms resilience, switch control, intrusion verdicts, passenger systems, and cybersecurity accepted before trial running.","W-SBC identity register, radio coverage, switch proof test, sensor calibration, CCTV/fare-system test, penetration-test closeout",systems assurance lead,planned
samawah:SAM-WPT-L2-009:qa-26-wayside-comms-safety,samawah,SAM-WPT-L2-009,line-2 waypoint 009,waypoint,line-2,qa-26-wayside-comms-safety,infrastructure,systems commissioning,"Wayside hardware, comms resilience, switch control, intrusion verdicts, passenger systems, and cybersecurity accepted before trial running.","W-SBC identity register, radio coverage, switch proof test, sensor calibration, CCTV/fare-system test, penetration-test closeout",systems assurance lead,planned
samawah:SAM-WPT-L3-001:qa-26-wayside-comms-safety,samawah,SAM-WPT-L3-001,line-3 waypoint 001,waypoint,line-3,qa-26-wayside-comms-safety,infrastructure,systems commissioning,"Wayside hardware, comms resilience, switch control, intrusion verdicts, passenger systems, and cybersecurity accepted before trial running.","W-SBC identity register, radio coverage, switch proof test, sensor calibration, CCTV/fare-system test, penetration-test closeout",systems assurance lead,planned
samawah:SAM-WPT-L3-002:qa-26-wayside-comms-safety,samawah,SAM-WPT-L3-002,line-3 waypoint 002,waypoint,line-3,qa-26-wayside-comms-safety,infrastructure,systems commissioning,"Wayside hardware, comms resilience, switch control, intrusion verdicts, passenger systems, and cybersecurity accepted before trial running.","W-SBC identity register, radio coverage, switch proof test, sensor calibration, CCTV/fare-system test, penetration-test closeout",systems assurance lead,planned
samawah:SAM-WPT-L3-003:qa-26-wayside-comms-safety,samawah,SAM-WPT-L3-003,line-3 waypoint 003,waypoint,line-3,qa-26-wayside-comms-safety,infrastructure,systems commissioning,"Wayside hardware, comms resilience, switch control, intrusion verdicts, passenger systems, and cybersecurity accepted before trial running.","W-SBC identity register, radio coverage, switch proof test, sensor calibration, CCTV/fare-system test, penetration-test closeout",systems assurance lead,planned
samawah:SAM-WPT-L3-004:qa-26-wayside-comms-safety,samawah,SAM-WPT-L3-004,line-3 waypoint 004,waypoint,line-3,qa-26-wayside-comms-safety,infrastructure,systems commissioning,"Wayside hardware, comms resilience, switch control, intrusion verdicts, passenger systems, and cybersecurity accepted before trial running.","W-SBC identity register, radio coverage, switch proof test, sensor calibration, CCTV/fare-system test, penetration-test closeout",systems assurance lead,planned
samawah:SAM-WPT-L3-005:qa-26-wayside-comms-safety,samawah,SAM-WPT-L3-005,line-3 waypoint 005,waypoint,line-3,qa-26-wayside-comms-safety,infrastructure,systems commissioning,"Wayside hardware, comms resilience, switch control, intrusion verdicts, passenger systems, and cybersecurity accepted before trial running.","W-SBC identity register, radio coverage, switch proof test, sensor calibration, CCTV/fare-system test, penetration-test closeout",systems assurance lead,planned
samawah:SAM-WPT-L3-006:qa-26-wayside-comms-safety,samawah,SAM-WPT-L3-006,line-3 waypoint 006,waypoint,line-3,qa-26-wayside-comms-safety,infrastructure,systems commissioning,"Wayside hardware, comms resilience, switch control, intrusion verdicts, passenger systems, and cybersecurity accepted before trial running.","W-SBC identity register, radio coverage, switch proof test, sensor calibration, CCTV/fare-system test, penetration-test closeout",systems assurance lead,planned
samawah:SAM-WPT-L3-007:qa-26-wayside-comms-safety,samawah,SAM-WPT-L3-007,line-3 waypoint 007,waypoint,line-3,qa-26-wayside-comms-safety,infrastructure,systems commissioning,"Wayside hardware, comms resilience, switch control, intrusion verdicts, passenger systems, and cybersecurity accepted before trial running.","W-SBC identity register, radio coverage, switch proof test, sensor calibration, CCTV/fare-system test, penetration-test closeout",systems assurance lead,planned
samawah:SAM-SW-001:qa-26-wayside-comms-safety,samawah,SAM-SW-001,sw-line-1-0985-0109-tb,switch,line-1,qa-26-wayside-comms-safety,infrastructure,systems commissioning,"Wayside hardware, comms resilience, switch control, intrusion verdicts, passenger systems, and cybersecurity accepted before trial running.","W-SBC identity register, radio coverage, switch proof test, sensor calibration, CCTV/fare-system test, penetration-test closeout",systems assurance lead,planned
samawah:SAM-SW-002:qa-26-wayside-comms-safety,samawah,SAM-SW-002,sw-line-1-0147-0558-tb,switch,line-1,qa-26-wayside-comms-safety,infrastructure,systems commissioning,"Wayside hardware, comms resilience, switch control, intrusion verdicts, passenger systems, and cybersecurity accepted before trial running.","W-SBC identity register, radio coverage, switch proof test, sensor calibration, CCTV/fare-system test, penetration-test closeout",systems assurance lead,planned
samawah:SAM-SW-003:qa-26-wayside-comms-safety,samawah,SAM-SW-003,sw-line-1-0147-0558-yd-01,switch,line-1,qa-26-wayside-comms-safety,infrastructure,systems commissioning,"Wayside hardware, comms resilience, switch control, intrusion verdicts, passenger systems, and cybersecurity accepted before trial running.","W-SBC identity register, radio coverage, switch proof test, sensor calibration, CCTV/fare-system test, penetration-test closeout",systems assurance lead,planned
samawah:SAM-SW-004:qa-26-wayside-comms-safety,samawah,SAM-SW-004,sw-line-1-0147-0558-yd-02,switch,line-1,qa-26-wayside-comms-safety,infrastructure,systems commissioning,"Wayside hardware, comms resilience, switch control, intrusion verdicts, passenger systems, and cybersecurity accepted before trial running.","W-SBC identity register, radio coverage, switch proof test, sensor calibration, CCTV/fare-system test, penetration-test closeout",systems assurance lead,planned
samawah:SAM-SW-005:qa-26-wayside-comms-safety,samawah,SAM-SW-005,sw-line-1-0147-0558-yd-03,switch,line-1,qa-26-wayside-comms-safety,infrastructure,systems commissioning,"Wayside hardware, comms resilience, switch control, intrusion verdicts, passenger systems, and cybersecurity accepted before trial running.","W-SBC identity register, radio coverage, switch proof test, sensor calibration, CCTV/fare-system test, penetration-test closeout",systems assurance lead,planned
samawah:SAM-SW-006:qa-26-wayside-comms-safety,samawah,SAM-SW-006,sw-line-1-0147-0558-yd-04,switch,line-1,qa-26-wayside-comms-safety,infrastructure,systems commissioning,"Wayside hardware, comms resilience, switch control, intrusion verdicts, passenger systems, and cybersecurity accepted before trial running.","W-SBC identity register, radio coverage, switch proof test, sensor calibration, CCTV/fare-system test, penetration-test closeout",systems assurance lead,planned
samawah:SAM-SW-007:qa-26-wayside-comms-safety,samawah,SAM-SW-007,sw-line-1-0147-0558-yd-05,switch,line-1,qa-26-wayside-comms-safety,infrastructure,systems commissioning,"Wayside hardware, comms resilience, switch control, intrusion verdicts, passenger systems, and cybersecurity accepted before trial running.","W-SBC identity register, radio coverage, switch proof test, sensor calibration, CCTV/fare-system test, penetration-test closeout",systems assurance lead,planned
samawah:SAM-SW-008:qa-26-wayside-comms-safety,samawah,SAM-SW-008,sw-line-1-0147-0558-yd-06,switch,line-1,qa-26-wayside-comms-safety,infrastructure,systems commissioning,"Wayside hardware, comms resilience, switch control, intrusion verdicts, passenger systems, and cybersecurity accepted before trial running.","W-SBC identity register, radio coverage, switch proof test, sensor calibration, CCTV/fare-system test, penetration-test closeout",systems assurance lead,planned
samawah:SAM-SW-009:qa-26-wayside-comms-safety,samawah,SAM-SW-009,sw-line-1-0147-0558-yd-07,switch,line-1,qa-26-wayside-comms-safety,infrastructure,systems commissioning,"Wayside hardware, comms resilience, switch control, intrusion verdicts, passenger systems, and cybersecurity accepted before trial running.","W-SBC identity register, radio coverage, switch proof test, sensor calibration, CCTV/fare-system test, penetration-test closeout",systems assurance lead,planned
samawah:SAM-SW-010:qa-26-wayside-comms-safety,samawah,SAM-SW-010,sw-line-1-0147-0558-yd-08,switch,line-1,qa-26-wayside-comms-safety,infrastructure,systems commissioning,"Wayside hardware, comms resilience, switch control, intrusion verdicts, passenger systems, and cybersecurity accepted before trial running.","W-SBC identity register, radio coverage, switch proof test, sensor calibration, CCTV/fare-system test, penetration-test closeout",systems assurance lead,planned
samawah:SAM-SW-011:qa-26-wayside-comms-safety,samawah,SAM-SW-011,sw-line-1-0147-0558-yd-09,switch,line-1,qa-26-wayside-comms-safety,infrastructure,systems commissioning,"Wayside hardware, comms resilience, switch control, intrusion verdicts, passenger systems, and cybersecurity accepted before trial running.","W-SBC identity register, radio coverage, switch proof test, sensor calibration, CCTV/fare-system test, penetration-test closeout",systems assurance lead,planned
samawah:SAM-SW-012:qa-26-wayside-comms-safety,samawah,SAM-SW-012,sw-line-1-0147-0558-yd-10,switch,line-1,qa-26-wayside-comms-safety,infrastructure,systems commissioning,"Wayside hardware, comms resilience, switch control, intrusion verdicts, passenger systems, and cybersecurity accepted before trial running.","W-SBC identity register, radio coverage, switch proof test, sensor calibration, CCTV/fare-system test, penetration-test closeout",systems assurance lead,planned
samawah:SAM-SW-013:qa-26-wayside-comms-safety,samawah,SAM-SW-013,sw-line-1-0147-0558-yd-11,switch,line-1,qa-26-wayside-comms-safety,infrastructure,systems commissioning,"Wayside hardware, comms resilience, switch control, intrusion verdicts, passenger systems, and cybersecurity accepted before trial running.","W-SBC identity register, radio coverage, switch proof test, sensor calibration, CCTV/fare-system test, penetration-test closeout",systems assurance lead,planned
samawah:SAM-SW-014:qa-26-wayside-comms-safety,samawah,SAM-SW-014,sw-line-1-0147-0558-yd-12,switch,line-1,qa-26-wayside-comms-safety,infrastructure,systems commissioning,"Wayside hardware, comms resilience, switch control, intrusion verdicts, passenger systems, and cybersecurity accepted before trial running.","W-SBC identity register, radio coverage, switch proof test, sensor calibration, CCTV/fare-system test, penetration-test closeout",systems assurance lead,planned
samawah:SAM-SW-015:qa-26-wayside-comms-safety,samawah,SAM-SW-015,sw-line-1-0147-0558-yd-13,switch,line-1,qa-26-wayside-comms-safety,infrastructure,systems commissioning,"Wayside hardware, comms resilience, switch control, intrusion verdicts, passenger systems, and cybersecurity accepted before trial running.","W-SBC identity register, radio coverage, switch proof test, sensor calibration, CCTV/fare-system test, penetration-test closeout",systems assurance lead,planned
samawah:SAM-SW-016:qa-26-wayside-comms-safety,samawah,SAM-SW-016,sw-line-1-0147-0558-yd-14,switch,line-1,qa-26-wayside-comms-safety,infrastructure,systems commissioning,"Wayside hardware, comms resilience, switch control, intrusion verdicts, passenger systems, and cybersecurity accepted before trial running.","W-SBC identity register, radio coverage, switch proof test, sensor calibration, CCTV/fare-system test, penetration-test closeout",systems assurance lead,planned
samawah:SAM-SW-017:qa-26-wayside-comms-safety,samawah,SAM-SW-017,sw-line-1-0147-0558-yd-15,switch,line-1,qa-26-wayside-comms-safety,infrastructure,systems commissioning,"Wayside hardware, comms resilience, switch control, intrusion verdicts, passenger systems, and cybersecurity accepted before trial running.","W-SBC identity register, radio coverage, switch proof test, sensor calibration, CCTV/fare-system test, penetration-test closeout",systems assurance lead,planned
samawah:SAM-SW-018:qa-26-wayside-comms-safety,samawah,SAM-SW-018,sw-line-1-0147-0558-yd-16,switch,line-1,qa-26-wayside-comms-safety,infrastructure,systems commissioning,"Wayside hardware, comms resilience, switch control, intrusion verdicts, passenger systems, and cybersecurity accepted before trial running.","W-SBC identity register, radio coverage, switch proof test, sensor calibration, CCTV/fare-system test, penetration-test closeout",systems assurance lead,planned
samawah:SAM-SW-019:qa-26-wayside-comms-safety,samawah,SAM-SW-019,sw-line-1-0147-0558-yd-17,switch,line-1,qa-26-wayside-comms-safety,infrastructure,systems commissioning,"Wayside hardware, comms resilience, switch control, intrusion verdicts, passenger systems, and cybersecurity accepted before trial running.","W-SBC identity register, radio coverage, switch proof test, sensor calibration, CCTV/fare-system test, penetration-test closeout",systems assurance lead,planned
samawah:SAM-SW-020:qa-26-wayside-comms-safety,samawah,SAM-SW-020,sw-line-1-0147-0558-yd-18,switch,line-1,qa-26-wayside-comms-safety,infrastructure,systems commissioning,"Wayside hardware, comms resilience, switch control, intrusion verdicts, passenger systems, and cybersecurity accepted before trial running.","W-SBC identity register, radio coverage, switch proof test, sensor calibration, CCTV/fare-system test, penetration-test closeout",systems assurance lead,planned
samawah:SAM-SW-021:qa-26-wayside-comms-safety,samawah,SAM-SW-021,sw-line-1-0147-0558-yd-19,switch,line-1,qa-26-wayside-comms-safety,infrastructure,systems commissioning,"Wayside hardware, comms resilience, switch control, intrusion verdicts, passenger systems, and cybersecurity accepted before trial running.","W-SBC identity register, radio coverage, switch proof test, sensor calibration, CCTV/fare-system test, penetration-test closeout",systems assurance lead,planned
samawah:SAM-SW-022:qa-26-wayside-comms-safety,samawah,SAM-SW-022,sw-line-1-0147-0558-yd-20,switch,line-1,qa-26-wayside-comms-safety,infrastructure,systems commissioning,"Wayside hardware, comms resilience, switch control, intrusion verdicts, passenger systems, and cybersecurity accepted before trial running.","W-SBC identity register, radio coverage, switch proof test, sensor calibration, CCTV/fare-system test, penetration-test closeout",systems assurance lead,planned
samawah:SAM-SW-023:qa-26-wayside-comms-safety,samawah,SAM-SW-023,sw-line-1-0147-0558-yd-21,switch,line-1,qa-26-wayside-comms-safety,infrastructure,systems commissioning,"Wayside hardware, comms resilience, switch control, intrusion verdicts, passenger systems, and cybersecurity accepted before trial running.","W-SBC identity register, radio coverage, switch proof test, sensor calibration, CCTV/fare-system test, penetration-test closeout",systems assurance lead,planned
samawah:SAM-SW-024:qa-26-wayside-comms-safety,samawah,SAM-SW-024,sw-line-1-0147-0558-yd-22,switch,line-1,qa-26-wayside-comms-safety,infrastructure,systems commissioning,"Wayside hardware, comms resilience, switch control, intrusion verdicts, passenger systems, and cybersecurity accepted before trial running.","W-SBC identity register, radio coverage, switch proof test, sensor calibration, CCTV/fare-system test, penetration-test closeout",systems assurance lead,planned
samawah:SAM-SW-025:qa-26-wayside-comms-safety,samawah,SAM-SW-025,sw-line-1-0147-0558-yd-23,switch,line-1,qa-26-wayside-comms-safety,infrastructure,systems commissioning,"Wayside hardware, comms resilience, switch control, intrusion verdicts, passenger systems, and cybersecurity accepted before trial running.","W-SBC identity register, radio coverage, switch proof test, sensor calibration, CCTV/fare-system test, penetration-test closeout",systems assurance lead,planned
samawah:SAM-SW-026:qa-26-wayside-comms-safety,samawah,SAM-SW-026,sw-line-1-0147-0558-yd-24,switch,line-1,qa-26-wayside-comms-safety,infrastructure,systems commissioning,"Wayside hardware, comms resilience, switch control, intrusion verdicts, passenger systems, and cybersecurity accepted before trial running.","W-SBC identity register, radio coverage, switch proof test, sensor calibration, CCTV/fare-system test, penetration-test closeout",systems assurance lead,planned
samawah:SAM-SW-027:qa-26-wayside-comms-safety,samawah,SAM-SW-027,sw-line-1-0147-0558-yd-25,switch,line-1,qa-26-wayside-comms-safety,infrastructure,systems commissioning,"Wayside hardware, comms resilience, switch control, intrusion verdicts, passenger systems, and cybersecurity accepted before trial running.","W-SBC identity register, radio coverage, switch proof test, sensor calibration, CCTV/fare-system test, penetration-test closeout",systems assurance lead,planned
samawah:SAM-SW-028:qa-26-wayside-comms-safety,samawah,SAM-SW-028,sw-line-1-0147-0558-yd-26,switch,line-1,qa-26-wayside-comms-safety,infrastructure,systems commissioning,"Wayside hardware, comms resilience, switch control, intrusion verdicts, passenger systems, and cybersecurity accepted before trial running.","W-SBC identity register, radio coverage, switch proof test, sensor calibration, CCTV/fare-system test, penetration-test closeout",systems assurance lead,planned
samawah:SAM-SW-029:qa-26-wayside-comms-safety,samawah,SAM-SW-029,sw-line-1-0147-0558-yd-27,switch,line-1,qa-26-wayside-comms-safety,infrastructure,systems commissioning,"Wayside hardware, comms resilience, switch control, intrusion verdicts, passenger systems, and cybersecurity accepted before trial running.","W-SBC identity register, radio coverage, switch proof test, sensor calibration, CCTV/fare-system test, penetration-test closeout",systems assurance lead,planned
samawah:SAM-SW-030:qa-26-wayside-comms-safety,samawah,SAM-SW-030,sw-line-1-0147-0558-yd-28,switch,line-1,qa-26-wayside-comms-safety,infrastructure,systems commissioning,"Wayside hardware, comms resilience, switch control, intrusion verdicts, passenger systems, and cybersecurity accepted before trial running.","W-SBC identity register, radio coverage, switch proof test, sensor calibration, CCTV/fare-system test, penetration-test closeout",systems assurance lead,planned
samawah:SAM-SW-031:qa-26-wayside-comms-safety,samawah,SAM-SW-031,sw-line-1-0147-0558-yd-29,switch,line-1,qa-26-wayside-comms-safety,infrastructure,systems commissioning,"Wayside hardware, comms resilience, switch control, intrusion verdicts, passenger systems, and cybersecurity accepted before trial running.","W-SBC identity register, radio coverage, switch proof test, sensor calibration, CCTV/fare-system test, penetration-test closeout",systems assurance lead,planned
samawah:SAM-SW-032:qa-26-wayside-comms-safety,samawah,SAM-SW-032,sw-line-1-0147-0558-yd-30,switch,line-1,qa-26-wayside-comms-safety,infrastructure,systems commissioning,"Wayside hardware, comms resilience, switch control, intrusion verdicts, passenger systems, and cybersecurity accepted before trial running.","W-SBC identity register, radio coverage, switch proof test, sensor calibration, CCTV/fare-system test, penetration-test closeout",systems assurance lead,planned
samawah:SAM-SW-033:qa-26-wayside-comms-safety,samawah,SAM-SW-033,sw-line-1-0147-0558-yd-31,switch,line-1,qa-26-wayside-comms-safety,infrastructure,systems commissioning,"Wayside hardware, comms resilience, switch control, intrusion verdicts, passenger systems, and cybersecurity accepted before trial running.","W-SBC identity register, radio coverage, switch proof test, sensor calibration, CCTV/fare-system test, penetration-test closeout",systems assurance lead,planned
samawah:SAM-SW-034:qa-26-wayside-comms-safety,samawah,SAM-SW-034,sw-line-1-0147-0558-yd-32,switch,line-1,qa-26-wayside-comms-safety,infrastructure,systems commissioning,"Wayside hardware, comms resilience, switch control, intrusion verdicts, passenger systems, and cybersecurity accepted before trial running.","W-SBC identity register, radio coverage, switch proof test, sensor calibration, CCTV/fare-system test, penetration-test closeout",systems assurance lead,planned
samawah:SAM-SW-035:qa-26-wayside-comms-safety,samawah,SAM-SW-035,sw-line-1-0147-0558-yd-33,switch,line-1,qa-26-wayside-comms-safety,infrastructure,systems commissioning,"Wayside hardware, comms resilience, switch control, intrusion verdicts, passenger systems, and cybersecurity accepted before trial running.","W-SBC identity register, radio coverage, switch proof test, sensor calibration, CCTV/fare-system test, penetration-test closeout",systems assurance lead,planned
samawah:SAM-SW-036:qa-26-wayside-comms-safety,samawah,SAM-SW-036,sw-line-1-0147-0558-yd-34,switch,line-1,qa-26-wayside-comms-safety,infrastructure,systems commissioning,"Wayside hardware, comms resilience, switch control, intrusion verdicts, passenger systems, and cybersecurity accepted before trial running.","W-SBC identity register, radio coverage, switch proof test, sensor calibration, CCTV/fare-system test, penetration-test closeout",systems assurance lead,planned
samawah:SAM-SW-037:qa-26-wayside-comms-safety,samawah,SAM-SW-037,sw-line-1-0147-0558-yd-35,switch,line-1,qa-26-wayside-comms-safety,infrastructure,systems commissioning,"Wayside hardware, comms resilience, switch control, intrusion verdicts, passenger systems, and cybersecurity accepted before trial running.","W-SBC identity register, radio coverage, switch proof test, sensor calibration, CCTV/fare-system test, penetration-test closeout",systems assurance lead,planned
samawah:SAM-SW-038:qa-26-wayside-comms-safety,samawah,SAM-SW-038,sw-line-1-0147-0558-yd-36,switch,line-1,qa-26-wayside-comms-safety,infrastructure,systems commissioning,"Wayside hardware, comms resilience, switch control, intrusion verdicts, passenger systems, and cybersecurity accepted before trial running.","W-SBC identity register, radio coverage, switch proof test, sensor calibration, CCTV/fare-system test, penetration-test closeout",systems assurance lead,planned
samawah:SAM-SW-039:qa-26-wayside-comms-safety,samawah,SAM-SW-039,sw-line-1-0147-0558-yd-37,switch,line-1,qa-26-wayside-comms-safety,infrastructure,systems commissioning,"Wayside hardware, comms resilience, switch control, intrusion verdicts, passenger systems, and cybersecurity accepted before trial running.","W-SBC identity register, radio coverage, switch proof test, sensor calibration, CCTV/fare-system test, penetration-test closeout",systems assurance lead,planned
samawah:SAM-SW-040:qa-26-wayside-comms-safety,samawah,SAM-SW-040,sw-line-1-0147-0558-yd-38,switch,line-1,qa-26-wayside-comms-safety,infrastructure,systems commissioning,"Wayside hardware, comms resilience, switch control, intrusion verdicts, passenger systems, and cybersecurity accepted before trial running.","W-SBC identity register, radio coverage, switch proof test, sensor calibration, CCTV/fare-system test, penetration-test closeout",systems assurance lead,planned
samawah:SAM-SW-041:qa-26-wayside-comms-safety,samawah,SAM-SW-041,sw-line-1-0147-0558-yd-39,switch,line-1,qa-26-wayside-comms-safety,infrastructure,systems commissioning,"Wayside hardware, comms resilience, switch control, intrusion verdicts, passenger systems, and cybersecurity accepted before trial running.","W-SBC identity register, radio coverage, switch proof test, sensor calibration, CCTV/fare-system test, penetration-test closeout",systems assurance lead,planned
samawah:SAM-SW-042:qa-26-wayside-comms-safety,samawah,SAM-SW-042,sw-line-1-0147-0558-yd-40,switch,line-1,qa-26-wayside-comms-safety,infrastructure,systems commissioning,"Wayside hardware, comms resilience, switch control, intrusion verdicts, passenger systems, and cybersecurity accepted before trial running.","W-SBC identity register, radio coverage, switch proof test, sensor calibration, CCTV/fare-system test, penetration-test closeout",systems assurance lead,planned
samawah:SAM-SW-043:qa-26-wayside-comms-safety,samawah,SAM-SW-043,sw-line-1-0147-0558-yd-41,switch,line-1,qa-26-wayside-comms-safety,infrastructure,systems commissioning,"Wayside hardware, comms resilience, switch control, intrusion verdicts, passenger systems, and cybersecurity accepted before trial running.","W-SBC identity register, radio coverage, switch proof test, sensor calibration, CCTV/fare-system test, penetration-test closeout",systems assurance lead,planned
samawah:SAM-SW-044:qa-26-wayside-comms-safety,samawah,SAM-SW-044,sw-line-1-0147-0558-yd-42,switch,line-1,qa-26-wayside-comms-safety,infrastructure,systems commissioning,"Wayside hardware, comms resilience, switch control, intrusion verdicts, passenger systems, and cybersecurity accepted before trial running.","W-SBC identity register, radio coverage, switch proof test, sensor calibration, CCTV/fare-system test, penetration-test closeout",systems assurance lead,planned
samawah:SAM-SW-045:qa-26-wayside-comms-safety,samawah,SAM-SW-045,sw-line-1-0147-0558-yd-43,switch,line-1,qa-26-wayside-comms-safety,infrastructure,systems commissioning,"Wayside hardware, comms resilience, switch control, intrusion verdicts, passenger systems, and cybersecurity accepted before trial running.","W-SBC identity register, radio coverage, switch proof test, sensor calibration, CCTV/fare-system test, penetration-test closeout",systems assurance lead,planned
samawah:SAM-SW-046:qa-26-wayside-comms-safety,samawah,SAM-SW-046,sw-line-1-0147-0558-yd-44,switch,line-1,qa-26-wayside-comms-safety,infrastructure,systems commissioning,"Wayside hardware, comms resilience, switch control, intrusion verdicts, passenger systems, and cybersecurity accepted before trial running.","W-SBC identity register, radio coverage, switch proof test, sensor calibration, CCTV/fare-system test, penetration-test closeout",systems assurance lead,planned
samawah:SAM-SW-047:qa-26-wayside-comms-safety,samawah,SAM-SW-047,sw-line-1-0147-0558-yd-45,switch,line-1,qa-26-wayside-comms-safety,infrastructure,systems commissioning,"Wayside hardware, comms resilience, switch control, intrusion verdicts, passenger systems, and cybersecurity accepted before trial running.","W-SBC identity register, radio coverage, switch proof test, sensor calibration, CCTV/fare-system test, penetration-test closeout",systems assurance lead,planned
samawah:SAM-SW-048:qa-26-wayside-comms-safety,samawah,SAM-SW-048,sw-line-1-0147-0558-yd-46,switch,line-1,qa-26-wayside-comms-safety,infrastructure,systems commissioning,"Wayside hardware, comms resilience, switch control, intrusion verdicts, passenger systems, and cybersecurity accepted before trial running.","W-SBC identity register, radio coverage, switch proof test, sensor calibration, CCTV/fare-system test, penetration-test closeout",systems assurance lead,planned
samawah:SAM-SW-049:qa-26-wayside-comms-safety,samawah,SAM-SW-049,sw-line-1-0147-0558-yd-47,switch,line-1,qa-26-wayside-comms-safety,infrastructure,systems commissioning,"Wayside hardware, comms resilience, switch control, intrusion verdicts, passenger systems, and cybersecurity accepted before trial running.","W-SBC identity register, radio coverage, switch proof test, sensor calibration, CCTV/fare-system test, penetration-test closeout",systems assurance lead,planned
samawah:SAM-SW-050:qa-26-wayside-comms-safety,samawah,SAM-SW-050,sw-line-1-0147-0558-yd-48,switch,line-1,qa-26-wayside-comms-safety,infrastructure,systems commissioning,"Wayside hardware, comms resilience, switch control, intrusion verdicts, passenger systems, and cybersecurity accepted before trial running.","W-SBC identity register, radio coverage, switch proof test, sensor calibration, CCTV/fare-system test, penetration-test closeout",systems assurance lead,planned
samawah:SAM-SW-051:qa-26-wayside-comms-safety,samawah,SAM-SW-051,sw-line-1-0147-0558-yd-49,switch,line-1,qa-26-wayside-comms-safety,infrastructure,systems commissioning,"Wayside hardware, comms resilience, switch control, intrusion verdicts, passenger systems, and cybersecurity accepted before trial running.","W-SBC identity register, radio coverage, switch proof test, sensor calibration, CCTV/fare-system test, penetration-test closeout",systems assurance lead,planned
samawah:SAM-SW-052:qa-26-wayside-comms-safety,samawah,SAM-SW-052,sw-line-1-0147-0558-yd-50,switch,line-1,qa-26-wayside-comms-safety,infrastructure,systems commissioning,"Wayside hardware, comms resilience, switch control, intrusion verdicts, passenger systems, and cybersecurity accepted before trial running.","W-SBC identity register, radio coverage, switch proof test, sensor calibration, CCTV/fare-system test, penetration-test closeout",systems assurance lead,planned
samawah:SAM-SW-053:qa-26-wayside-comms-safety,samawah,SAM-SW-053,sw-line-1-0147-0558-yd-51,switch,line-1,qa-26-wayside-comms-safety,infrastructure,systems commissioning,"Wayside hardware, comms resilience, switch control, intrusion verdicts, passenger systems, and cybersecurity accepted before trial running.","W-SBC identity register, radio coverage, switch proof test, sensor calibration, CCTV/fare-system test, penetration-test closeout",systems assurance lead,planned
samawah:SAM-SW-054:qa-26-wayside-comms-safety,samawah,SAM-SW-054,sw-line-1-0147-0558-yd-52,switch,line-1,qa-26-wayside-comms-safety,infrastructure,systems commissioning,"Wayside hardware, comms resilience, switch control, intrusion verdicts, passenger systems, and cybersecurity accepted before trial running.","W-SBC identity register, radio coverage, switch proof test, sensor calibration, CCTV/fare-system test, penetration-test closeout",systems assurance lead,planned
samawah:SAM-SW-055:qa-26-wayside-comms-safety,samawah,SAM-SW-055,sw-line-2-0620-0667-tb,switch,line-2,qa-26-wayside-comms-safety,infrastructure,systems commissioning,"Wayside hardware, comms resilience, switch control, intrusion verdicts, passenger systems, and cybersecurity accepted before trial running.","W-SBC identity register, radio coverage, switch proof test, sensor calibration, CCTV/fare-system test, penetration-test closeout",systems assurance lead,planned
samawah:SAM-SW-056:qa-26-wayside-comms-safety,samawah,SAM-SW-056,sw-line-2-0015-0106-tb,switch,line-2,qa-26-wayside-comms-safety,infrastructure,systems commissioning,"Wayside hardware, comms resilience, switch control, intrusion verdicts, passenger systems, and cybersecurity accepted before trial running.","W-SBC identity register, radio coverage, switch proof test, sensor calibration, CCTV/fare-system test, penetration-test closeout",systems assurance lead,planned
samawah:SAM-SW-057:qa-26-wayside-comms-safety,samawah,SAM-SW-057,sw-line-3-0484-0261-tb,switch,line-3,qa-26-wayside-comms-safety,infrastructure,systems commissioning,"Wayside hardware, comms resilience, switch control, intrusion verdicts, passenger systems, and cybersecurity accepted before trial running.","W-SBC identity register, radio coverage, switch proof test, sensor calibration, CCTV/fare-system test, penetration-test closeout",systems assurance lead,planned
samawah:SAM-SW-058:qa-26-wayside-comms-safety,samawah,SAM-SW-058,sw-line-3-0654-0608-tb,switch,line-3,qa-26-wayside-comms-safety,infrastructure,systems commissioning,"Wayside hardware, comms resilience, switch control, intrusion verdicts, passenger systems, and cybersecurity accepted before trial running.","W-SBC identity register, radio coverage, switch proof test, sensor calibration, CCTV/fare-system test, penetration-test closeout",systems assurance lead,planned
samawah:SAM-SIG-001:qa-26-wayside-comms-safety,samawah,SAM-SIG-001,station systems node line-1-0985-0109,signalling-comms,line-1,qa-26-wayside-comms-safety,infrastructure,systems commissioning,"Wayside hardware, comms resilience, switch control, intrusion verdicts, passenger systems, and cybersecurity accepted before trial running.","W-SBC identity register, radio coverage, switch proof test, sensor calibration, CCTV/fare-system test, penetration-test closeout",systems assurance lead,planned
samawah:SAM-SIG-002:qa-26-wayside-comms-safety,samawah,SAM-SIG-002,station systems node line-1-0813-0179,signalling-comms,line-1,qa-26-wayside-comms-safety,infrastructure,systems commissioning,"Wayside hardware, comms resilience, switch control, intrusion verdicts, passenger systems, and cybersecurity accepted before trial running.","W-SBC identity register, radio coverage, switch proof test, sensor calibration, CCTV/fare-system test, penetration-test closeout",systems assurance lead,planned
samawah:SAM-SIG-003:qa-26-wayside-comms-safety,samawah,SAM-SIG-003,station systems node line-1-0775-0299,signalling-comms,line-1,qa-26-wayside-comms-safety,infrastructure,systems commissioning,"Wayside hardware, comms resilience, switch control, intrusion verdicts, passenger systems, and cybersecurity accepted before trial running.","W-SBC identity register, radio coverage, switch proof test, sensor calibration, CCTV/fare-system test, penetration-test closeout",systems assurance lead,planned
samawah:SAM-SIG-004:qa-26-wayside-comms-safety,samawah,SAM-SIG-004,station systems node line-1-0709-0371,signalling-comms,line-1,qa-26-wayside-comms-safety,infrastructure,systems commissioning,"Wayside hardware, comms resilience, switch control, intrusion verdicts, passenger systems, and cybersecurity accepted before trial running.","W-SBC identity register, radio coverage, switch proof test, sensor calibration, CCTV/fare-system test, penetration-test closeout",systems assurance lead,planned
samawah:SAM-SIG-005:qa-26-wayside-comms-safety,samawah,SAM-SIG-005,station systems node line-1-0639-0411,signalling-comms,line-1,qa-26-wayside-comms-safety,infrastructure,systems commissioning,"Wayside hardware, comms resilience, switch control, intrusion verdicts, passenger systems, and cybersecurity accepted before trial running.","W-SBC identity register, radio coverage, switch proof test, sensor calibration, CCTV/fare-system test, penetration-test closeout",systems assurance lead,planned
samawah:SAM-SIG-006:qa-26-wayside-comms-safety,samawah,SAM-SIG-006,station systems node line-1-0581-0418,signalling-comms,line-1,qa-26-wayside-comms-safety,infrastructure,systems commissioning,"Wayside hardware, comms resilience, switch control, intrusion verdicts, passenger systems, and cybersecurity accepted before trial running.","W-SBC identity register, radio coverage, switch proof test, sensor calibration, CCTV/fare-system test, penetration-test closeout",systems assurance lead,planned
samawah:SAM-SIG-007:qa-26-wayside-comms-safety,samawah,SAM-SIG-007,station systems node line-1-0524-0427,signalling-comms,line-1,qa-26-wayside-comms-safety,infrastructure,systems commissioning,"Wayside hardware, comms resilience, switch control, intrusion verdicts, passenger systems, and cybersecurity accepted before trial running.","W-SBC identity register, radio coverage, switch proof test, sensor calibration, CCTV/fare-system test, penetration-test closeout",systems assurance lead,planned
samawah:SAM-SIG-008:qa-26-wayside-comms-safety,samawah,SAM-SIG-008,station systems node line-1-0493-0475,signalling-comms,line-1,qa-26-wayside-comms-safety,infrastructure,systems commissioning,"Wayside hardware, comms resilience, switch control, intrusion verdicts, passenger systems, and cybersecurity accepted before trial running.","W-SBC identity register, radio coverage, switch proof test, sensor calibration, CCTV/fare-system test, penetration-test closeout",systems assurance lead,planned
samawah:SAM-SIG-009:qa-26-wayside-comms-safety,samawah,SAM-SIG-009,station systems node line-1-0425-0475,signalling-comms,line-1,qa-26-wayside-comms-safety,infrastructure,systems commissioning,"Wayside hardware, comms resilience, switch control, intrusion verdicts, passenger systems, and cybersecurity accepted before trial running.","W-SBC identity register, radio coverage, switch proof test, sensor calibration, CCTV/fare-system test, penetration-test closeout",systems assurance lead,planned
samawah:SAM-SIG-010:qa-26-wayside-comms-safety,samawah,SAM-SIG-010,station systems node line-1-0376-0483,signalling-comms,line-1,qa-26-wayside-comms-safety,infrastructure,systems commissioning,"Wayside hardware, comms resilience, switch control, intrusion verdicts, passenger systems, and cybersecurity accepted before trial running.","W-SBC identity register, radio coverage, switch proof test, sensor calibration, CCTV/fare-system test, penetration-test closeout",systems assurance lead,planned
samawah:SAM-SIG-011:qa-26-wayside-comms-safety,samawah,SAM-SIG-011,station systems node line-1-0361-0517,signalling-comms,line-1,qa-26-wayside-comms-safety,infrastructure,systems commissioning,"Wayside hardware, comms resilience, switch control, intrusion verdicts, passenger systems, and cybersecurity accepted before trial running.","W-SBC identity register, radio coverage, switch proof test, sensor calibration, CCTV/fare-system test, penetration-test closeout",systems assurance lead,planned
samawah:SAM-SIG-012:qa-26-wayside-comms-safety,samawah,SAM-SIG-012,station systems node line-1-0310-0519,signalling-comms,line-1,qa-26-wayside-comms-safety,infrastructure,systems commissioning,"Wayside hardware, comms resilience, switch control, intrusion verdicts, passenger systems, and cybersecurity accepted before trial running.","W-SBC identity register, radio coverage, switch proof test, sensor calibration, CCTV/fare-system test, penetration-test closeout",systems assurance lead,planned
samawah:SAM-SIG-013:qa-26-wayside-comms-safety,samawah,SAM-SIG-013,station systems node line-1-0147-0558,signalling-comms,line-1,qa-26-wayside-comms-safety,infrastructure,systems commissioning,"Wayside hardware, comms resilience, switch control, intrusion verdicts, passenger systems, and cybersecurity accepted before trial running.","W-SBC identity register, radio coverage, switch proof test, sensor calibration, CCTV/fare-system test, penetration-test closeout",systems assurance lead,planned
samawah:SAM-SIG-014:qa-26-wayside-comms-safety,samawah,SAM-SIG-014,station systems node line-2-0620-0667,signalling-comms,line-2,qa-26-wayside-comms-safety,infrastructure,systems commissioning,"Wayside hardware, comms resilience, switch control, intrusion verdicts, passenger systems, and cybersecurity accepted before trial running.","W-SBC identity register, radio coverage, switch proof test, sensor calibration, CCTV/fare-system test, penetration-test closeout",systems assurance lead,planned
samawah:SAM-SIG-015:qa-26-wayside-comms-safety,samawah,SAM-SIG-015,station systems node line-2-0566-0623,signalling-comms,line-2,qa-26-wayside-comms-safety,infrastructure,systems commissioning,"Wayside hardware, comms resilience, switch control, intrusion verdicts, passenger systems, and cybersecurity accepted before trial running.","W-SBC identity register, radio coverage, switch proof test, sensor calibration, CCTV/fare-system test, penetration-test closeout",systems assurance lead,planned
samawah:SAM-SIG-016:qa-26-wayside-comms-safety,samawah,SAM-SIG-016,station systems node line-2-0531-0579,signalling-comms,line-2,qa-26-wayside-comms-safety,infrastructure,systems commissioning,"Wayside hardware, comms resilience, switch control, intrusion verdicts, passenger systems, and cybersecurity accepted before trial running.","W-SBC identity register, radio coverage, switch proof test, sensor calibration, CCTV/fare-system test, penetration-test closeout",systems assurance lead,planned
samawah:SAM-SIG-017:qa-26-wayside-comms-safety,samawah,SAM-SIG-017,station systems node line-2-0516-0525,signalling-comms,line-2,qa-26-wayside-comms-safety,infrastructure,systems commissioning,"Wayside hardware, comms resilience, switch control, intrusion verdicts, passenger systems, and cybersecurity accepted before trial running.","W-SBC identity register, radio coverage, switch proof test, sensor calibration, CCTV/fare-system test, penetration-test closeout",systems assurance lead,planned
samawah:SAM-SIG-018:qa-26-wayside-comms-safety,samawah,SAM-SIG-018,station systems node line-2-0493-0475,signalling-comms,line-2,qa-26-wayside-comms-safety,infrastructure,systems commissioning,"Wayside hardware, comms resilience, switch control, intrusion verdicts, passenger systems, and cybersecurity accepted before trial running.","W-SBC identity register, radio coverage, switch proof test, sensor calibration, CCTV/fare-system test, penetration-test closeout",systems assurance lead,planned
samawah:SAM-SIG-019:qa-26-wayside-comms-safety,samawah,SAM-SIG-019,station systems node line-2-0459-0432,signalling-comms,line-2,qa-26-wayside-comms-safety,infrastructure,systems commissioning,"Wayside hardware, comms resilience, switch control, intrusion verdicts, passenger systems, and cybersecurity accepted before trial running.","W-SBC identity register, radio coverage, switch proof test, sensor calibration, CCTV/fare-system test, penetration-test closeout",systems assurance lead,planned
samawah:SAM-SIG-020:qa-26-wayside-comms-safety,samawah,SAM-SIG-020,station systems node line-2-0382-0397,signalling-comms,line-2,qa-26-wayside-comms-safety,infrastructure,systems commissioning,"Wayside hardware, comms resilience, switch control, intrusion verdicts, passenger systems, and cybersecurity accepted before trial running.","W-SBC identity register, radio coverage, switch proof test, sensor calibration, CCTV/fare-system test, penetration-test closeout",systems assurance lead,planned
samawah:SAM-SIG-021:qa-26-wayside-comms-safety,samawah,SAM-SIG-021,station systems node line-2-0350-0317,signalling-comms,line-2,qa-26-wayside-comms-safety,infrastructure,systems commissioning,"Wayside hardware, comms resilience, switch control, intrusion verdicts, passenger systems, and cybersecurity accepted before trial running.","W-SBC identity register, radio coverage, switch proof test, sensor calibration, CCTV/fare-system test, penetration-test closeout",systems assurance lead,planned
samawah:SAM-SIG-022:qa-26-wayside-comms-safety,samawah,SAM-SIG-022,station systems node line-2-0225-0239,signalling-comms,line-2,qa-26-wayside-comms-safety,infrastructure,systems commissioning,"Wayside hardware, comms resilience, switch control, intrusion verdicts, passenger systems, and cybersecurity accepted before trial running.","W-SBC identity register, radio coverage, switch proof test, sensor calibration, CCTV/fare-system test, penetration-test closeout",systems assurance lead,planned
samawah:SAM-SIG-023:qa-26-wayside-comms-safety,samawah,SAM-SIG-023,station systems node line-2-0015-0106,signalling-comms,line-2,qa-26-wayside-comms-safety,infrastructure,systems commissioning,"Wayside hardware, comms resilience, switch control, intrusion verdicts, passenger systems, and cybersecurity accepted before trial running.","W-SBC identity register, radio coverage, switch proof test, sensor calibration, CCTV/fare-system test, penetration-test closeout",systems assurance lead,planned
samawah:SAM-SIG-024:qa-26-wayside-comms-safety,samawah,SAM-SIG-024,station systems node line-3-0484-0261,signalling-comms,line-3,qa-26-wayside-comms-safety,infrastructure,systems commissioning,"Wayside hardware, comms resilience, switch control, intrusion verdicts, passenger systems, and cybersecurity accepted before trial running.","W-SBC identity register, radio coverage, switch proof test, sensor calibration, CCTV/fare-system test, penetration-test closeout",systems assurance lead,planned
samawah:SAM-SIG-025:qa-26-wayside-comms-safety,samawah,SAM-SIG-025,station systems node line-3-0465-0316,signalling-comms,line-3,qa-26-wayside-comms-safety,infrastructure,systems commissioning,"Wayside hardware, comms resilience, switch control, intrusion verdicts, passenger systems, and cybersecurity accepted before trial running.","W-SBC identity register, radio coverage, switch proof test, sensor calibration, CCTV/fare-system test, penetration-test closeout",systems assurance lead,planned
samawah:SAM-SIG-026:qa-26-wayside-comms-safety,samawah,SAM-SIG-026,station systems node line-3-0500-0378,signalling-comms,line-3,qa-26-wayside-comms-safety,infrastructure,systems commissioning,"Wayside hardware, comms resilience, switch control, intrusion verdicts, passenger systems, and cybersecurity accepted before trial running.","W-SBC identity register, radio coverage, switch proof test, sensor calibration, CCTV/fare-system test, penetration-test closeout",systems assurance lead,planned
samawah:SAM-SIG-027:qa-26-wayside-comms-safety,samawah,SAM-SIG-027,station systems node line-3-0511-0434,signalling-comms,line-3,qa-26-wayside-comms-safety,infrastructure,systems commissioning,"Wayside hardware, comms resilience, switch control, intrusion verdicts, passenger systems, and cybersecurity accepted before trial running.","W-SBC identity register, radio coverage, switch proof test, sensor calibration, CCTV/fare-system test, penetration-test closeout",systems assurance lead,planned
samawah:SAM-SIG-028:qa-26-wayside-comms-safety,samawah,SAM-SIG-028,station systems node line-3-0493-0475,signalling-comms,line-3,qa-26-wayside-comms-safety,infrastructure,systems commissioning,"Wayside hardware, comms resilience, switch control, intrusion verdicts, passenger systems, and cybersecurity accepted before trial running.","W-SBC identity register, radio coverage, switch proof test, sensor calibration, CCTV/fare-system test, penetration-test closeout",systems assurance lead,planned
samawah:SAM-SIG-029:qa-26-wayside-comms-safety,samawah,SAM-SIG-029,station systems node line-3-0537-0502,signalling-comms,line-3,qa-26-wayside-comms-safety,infrastructure,systems commissioning,"Wayside hardware, comms resilience, switch control, intrusion verdicts, passenger systems, and cybersecurity accepted before trial running.","W-SBC identity register, radio coverage, switch proof test, sensor calibration, CCTV/fare-system test, penetration-test closeout",systems assurance lead,planned
samawah:SAM-SIG-030:qa-26-wayside-comms-safety,samawah,SAM-SIG-030,station systems node line-3-0625-0534,signalling-comms,line-3,qa-26-wayside-comms-safety,infrastructure,systems commissioning,"Wayside hardware, comms resilience, switch control, intrusion verdicts, passenger systems, and cybersecurity accepted before trial running.","W-SBC identity register, radio coverage, switch proof test, sensor calibration, CCTV/fare-system test, penetration-test closeout",systems assurance lead,planned
samawah:SAM-SIG-031:qa-26-wayside-comms-safety,samawah,SAM-SIG-031,station systems node line-3-0654-0608,signalling-comms,line-3,qa-26-wayside-comms-safety,infrastructure,systems commissioning,"Wayside hardware, comms resilience, switch control, intrusion verdicts, passenger systems, and cybersecurity accepted before trial running.","W-SBC identity register, radio coverage, switch proof test, sensor calibration, CCTV/fare-system test, penetration-test closeout",systems assurance lead,planned
samawah:SAM-SYS-001:qa-30-integrated-trial-running,samawah,SAM-SYS-001,Samawah railway system,system,,qa-30-integrated-trial-running,system,trial running and handover,"No passenger opening until integrated service, degraded modes, emergency response, maintenance handback, and safety evidence are accepted.","trial-running log, timetable reliability report, emergency exercise, possession/handback records, open-defect register, safety-case release note",owner acceptance board + regulator/authority where applicable,planned
