{
  "features": [
    {
      "geometry": {
        "coordinates": [
          44.36665102584697,
          33.04999460101501
        ],
        "type": "Point"
      },
      "properties": {
        "charger_bus_voltage_v": 650.0,
        "charger_contact_count": 8,
        "charger_efficiency": 0.98,
        "charger_max_current_a": 3300.0,
        "charger_max_kw": 2000.0,
        "grid_export_kw": 3200.0,
        "grid_import_kw": 3200.0,
        "line": "line-1",
        "pv_nameplate_kw": 300.0,
        "station": "line-1-2500-0775-s000000",
        "storage_capacity_kwh": 2000.0,
        "storage_initial_soc": 0.6,
        "storage_max_charge_kw": 2000.0,
        "storage_max_discharge_kw": 2000.0,
        "storage_module_kwh": 500.0,
        "tier": "terminal"
      },
      "type": "Feature"
    },
    {
      "geometry": {
        "coordinates": [
          44.365791446087606,
          33.06817118381744
        ],
        "type": "Point"
      },
      "properties": {
        "charger_bus_voltage_v": 650.0,
        "charger_contact_count": 8,
        "charger_efficiency": 0.98,
        "charger_max_current_a": 3300.0,
        "charger_max_kw": 2000.0,
        "grid_export_kw": 2000.0,
        "grid_import_kw": 2000.0,
        "line": "line-1",
        "pv_nameplate_kw": 300.0,
        "station": "line-1-2399-0771-s002395",
        "storage_capacity_kwh": 2000.0,
        "storage_initial_soc": 0.5,
        "storage_max_charge_kw": 2000.0,
        "storage_max_discharge_kw": 2000.0,
        "storage_module_kwh": 500.0,
        "tier": "standard"
      },
      "type": "Feature"
    },
    {
      "geometry": {
        "coordinates": [
          44.36643613090713,
          33.10920346974769
        ],
        "type": "Point"
      },
      "properties": {
        "charger_bus_voltage_v": 650.0,
        "charger_contact_count": 8,
        "charger_efficiency": 0.98,
        "charger_max_current_a": 3300.0,
        "charger_max_kw": 2000.0,
        "grid_export_kw": 2000.0,
        "grid_import_kw": 2000.0,
        "line": "line-1",
        "pv_nameplate_kw": 300.0,
        "station": "line-1-2171-0774-s007194",
        "storage_capacity_kwh": 2000.0,
        "storage_initial_soc": 0.5,
        "storage_max_charge_kw": 2000.0,
        "storage_max_discharge_kw": 2000.0,
        "storage_module_kwh": 500.0,
        "tier": "standard"
      },
      "type": "Feature"
    },
    {
      "geometry": {
        "coordinates": [
          44.3672957106665,
          33.1228808983911
        ],
        "type": "Point"
      },
      "properties": {
        "charger_bus_voltage_v": 650.0,
        "charger_contact_count": 8,
        "charger_efficiency": 0.98,
        "charger_max_current_a": 3300.0,
        "charger_max_kw": 2000.0,
        "grid_export_kw": 2000.0,
        "grid_import_kw": 2000.0,
        "line": "line-1",
        "pv_nameplate_kw": 300.0,
        "station": "line-1-2095-0778-s008792",
        "storage_capacity_kwh": 2000.0,
        "storage_initial_soc": 0.5,
        "storage_max_charge_kw": 2000.0,
        "storage_max_discharge_kw": 2000.0,
        "storage_module_kwh": 500.0,
        "tier": "standard"
      },
      "type": "Feature"
    },
    {
      "geometry": {
        "coordinates": [
          44.36858508030554,
          33.136018428535436
        ],
        "type": "Point"
      },
      "properties": {
        "charger_bus_voltage_v": 650.0,
        "charger_contact_count": 8,
        "charger_efficiency": 0.98,
        "charger_max_current_a": 3300.0,
        "charger_max_kw": 2000.0,
        "grid_export_kw": 2000.0,
        "grid_import_kw": 2000.0,
        "line": "line-1",
        "pv_nameplate_kw": 300.0,
        "station": "line-1-2022-0784-s010413",
        "storage_capacity_kwh": 2000.0,
        "storage_initial_soc": 0.5,
        "storage_max_charge_kw": 2000.0,
        "storage_max_discharge_kw": 2000.0,
        "storage_module_kwh": 500.0,
        "tier": "standard"
      },
      "type": "Feature"
    },
    {
      "geometry": {
        "coordinates": [
          44.36965955500475,
          33.14969585717885
        ],
        "type": "Point"
      },
      "properties": {
        "charger_bus_voltage_v": 650.0,
        "charger_contact_count": 8,
        "charger_efficiency": 0.98,
        "charger_max_current_a": 3300.0,
        "charger_max_kw": 2000.0,
        "grid_export_kw": 2000.0,
        "grid_import_kw": 2000.0,
        "line": "line-1",
        "pv_nameplate_kw": 300.0,
        "station": "line-1-1946-0789-s011991",
        "storage_capacity_kwh": 2000.0,
        "storage_initial_soc": 0.5,
        "storage_max_charge_kw": 2000.0,
        "storage_max_discharge_kw": 2000.0,
        "storage_module_kwh": 500.0,
        "tier": "standard"
      },
      "type": "Feature"
    },
    {
      "geometry": {
        "coordinates": [
          44.3709489246438,
          33.163553251988624
        ],
        "type": "Point"
      },
      "properties": {
        "charger_bus_voltage_v": 650.0,
        "charger_contact_count": 8,
        "charger_efficiency": 0.98,
        "charger_max_current_a": 3300.0,
        "charger_max_kw": 2000.0,
        "grid_export_kw": 2000.0,
        "grid_import_kw": 2000.0,
        "line": "line-1",
        "pv_nameplate_kw": 300.0,
        "station": "line-1-1869-0795-s013597",
        "storage_capacity_kwh": 2000.0,
        "storage_initial_soc": 0.5,
        "storage_max_charge_kw": 2000.0,
        "storage_max_discharge_kw": 2000.0,
        "storage_module_kwh": 500.0,
        "tier": "standard"
      },
      "type": "Feature"
    },
    {
      "geometry": {
        "coordinates": [
          44.372238294282845,
          33.177590612964764
        ],
        "type": "Point"
      },
      "properties": {
        "charger_bus_voltage_v": 650.0,
        "charger_contact_count": 8,
        "charger_efficiency": 0.98,
        "charger_max_current_a": 3300.0,
        "charger_max_kw": 2000.0,
        "grid_export_kw": 2000.0,
        "grid_import_kw": 2000.0,
        "line": "line-1",
        "pv_nameplate_kw": 300.0,
        "station": "line-1-1791-0801-s015207",
        "storage_capacity_kwh": 2000.0,
        "storage_initial_soc": 0.5,
        "storage_max_charge_kw": 2000.0,
        "storage_max_discharge_kw": 2000.0,
        "storage_module_kwh": 500.0,
        "tier": "standard"
      },
      "type": "Feature"
    },
    {
      "geometry": {
        "coordinates": [
          44.373742558861736,
          33.19144800777454
        ],
        "type": "Point"
      },
      "properties": {
        "charger_bus_voltage_v": 650.0,
        "charger_contact_count": 8,
        "charger_efficiency": 0.98,
        "charger_max_current_a": 3300.0,
        "charger_max_kw": 2000.0,
        "grid_export_kw": 2000.0,
        "grid_import_kw": 2000.0,
        "line": "line-1",
        "pv_nameplate_kw": 300.0,
        "station": "line-1-1714-0808-s016805",
        "storage_capacity_kwh": 2000.0,
        "storage_initial_soc": 0.5,
        "storage_max_charge_kw": 2000.0,
        "storage_max_discharge_kw": 2000.0,
        "storage_module_kwh": 500.0,
        "tier": "standard"
      },
      "type": "Feature"
    },
    {
      "geometry": {
        "coordinates": [
          44.37567661332031,
          33.20602526724976
        ],
        "type": "Point"
      },
      "properties": {
        "charger_bus_voltage_v": 650.0,
        "charger_contact_count": 8,
        "charger_efficiency": 0.98,
        "charger_max_current_a": 3300.0,
        "charger_max_kw": 2000.0,
        "grid_export_kw": 2400.0,
        "grid_import_kw": 2400.0,
        "line": "line-1",
        "pv_nameplate_kw": 300.0,
        "station": "line-1-1633-0817-s018544",
        "storage_capacity_kwh": 2000.0,
        "storage_initial_soc": 0.5,
        "storage_max_charge_kw": 2000.0,
        "storage_max_discharge_kw": 2000.0,
        "storage_module_kwh": 500.0,
        "tier": "interchange"
      },
      "type": "Feature"
    },
    {
      "geometry": {
        "coordinates": [
          44.37610640319999,
          33.22024259439225
        ],
        "type": "Point"
      },
      "properties": {
        "charger_bus_voltage_v": 650.0,
        "charger_contact_count": 8,
        "charger_efficiency": 0.98,
        "charger_max_current_a": 3300.0,
        "charger_max_kw": 2000.0,
        "grid_export_kw": 2400.0,
        "grid_import_kw": 2400.0,
        "line": "line-1",
        "pv_nameplate_kw": 300.0,
        "station": "line-1-1554-0819-s020393",
        "storage_capacity_kwh": 2000.0,
        "storage_initial_soc": 0.5,
        "storage_max_charge_kw": 2000.0,
        "storage_max_discharge_kw": 2000.0,
        "storage_module_kwh": 500.0,
        "tier": "interchange"
      },
      "type": "Feature"
    },
    {
      "geometry": {
        "coordinates": [
          44.37610640319999,
          33.223302019220384
        ],
        "type": "Point"
      },
      "properties": {
        "charger_bus_voltage_v": 650.0,
        "charger_contact_count": 8,
        "charger_efficiency": 0.98,
        "charger_max_current_a": 3300.0,
        "charger_max_kw": 2000.0,
        "grid_export_kw": 2400.0,
        "grid_import_kw": 2400.0,
        "line": "line-1",
        "pv_nameplate_kw": 300.0,
        "station": "line-1-1537-0819-s020733",
        "storage_capacity_kwh": 2000.0,
        "storage_initial_soc": 0.5,
        "storage_max_charge_kw": 2000.0,
        "storage_max_discharge_kw": 2000.0,
        "storage_module_kwh": 500.0,
        "tier": "interchange"
      },
      "type": "Feature"
    },
    {
      "geometry": {
        "coordinates": [
          44.37675108801952,
          33.245257891516395
        ],
        "type": "Point"
      },
      "properties": {
        "charger_bus_voltage_v": 650.0,
        "charger_contact_count": 8,
        "charger_efficiency": 0.98,
        "charger_max_current_a": 3300.0,
        "charger_max_kw": 2000.0,
        "grid_export_kw": 2400.0,
        "grid_import_kw": 2400.0,
        "line": "line-1",
        "pv_nameplate_kw": 300.0,
        "station": "line-1-1415-0822-s023198",
        "storage_capacity_kwh": 2000.0,
        "storage_initial_soc": 0.5,
        "storage_max_charge_kw": 2000.0,
        "storage_max_discharge_kw": 2000.0,
        "storage_module_kwh": 500.0,
        "tier": "interchange"
      },
      "type": "Feature"
    },
    {
      "geometry": {
        "coordinates": [
          44.376965982959355,
          33.258575387827086
        ],
        "type": "Point"
      },
      "properties": {
        "charger_bus_voltage_v": 650.0,
        "charger_contact_count": 8,
        "charger_efficiency": 0.98,
        "charger_max_current_a": 3300.0,
        "charger_max_kw": 2000.0,
        "grid_export_kw": 2400.0,
        "grid_import_kw": 2400.0,
        "line": "line-1",
        "pv_nameplate_kw": 300.0,
        "station": "line-1-1341-0823-s024686",
        "storage_capacity_kwh": 2000.0,
        "storage_initial_soc": 0.5,
        "storage_max_charge_kw": 2000.0,
        "storage_max_discharge_kw": 2000.0,
        "storage_module_kwh": 500.0,
        "tier": "interchange"
      },
      "type": "Feature"
    },
    {
      "geometry": {
        "coordinates": [
          44.37761066777888,
          33.28341071878487
        ],
        "type": "Point"
      },
      "properties": {
        "charger_bus_voltage_v": 650.0,
        "charger_contact_count": 8,
        "charger_efficiency": 0.98,
        "charger_max_current_a": 3300.0,
        "charger_max_kw": 2000.0,
        "grid_export_kw": 2400.0,
        "grid_import_kw": 2400.0,
        "line": "line-1",
        "pv_nameplate_kw": 300.0,
        "station": "line-1-1203-0826-s027471",
        "storage_capacity_kwh": 2000.0,
        "storage_initial_soc": 0.5,
        "storage_max_charge_kw": 2000.0,
        "storage_max_discharge_kw": 2000.0,
        "storage_module_kwh": 500.0,
        "tier": "interchange"
      },
      "type": "Feature"
    },
    {
      "geometry": {
        "coordinates": [
          44.37761066777888,
          33.28503041428211
        ],
        "type": "Point"
      },
      "properties": {
        "charger_bus_voltage_v": 650.0,
        "charger_contact_count": 8,
        "charger_efficiency": 0.98,
        "charger_max_current_a": 3300.0,
        "charger_max_kw": 2000.0,
        "grid_export_kw": 2400.0,
        "grid_import_kw": 2400.0,
        "line": "line-1",
        "pv_nameplate_kw": 300.0,
        "station": "line-1-1194-0826-s027651",
        "storage_capacity_kwh": 2000.0,
        "storage_initial_soc": 0.5,
        "storage_max_charge_kw": 2000.0,
        "storage_max_discharge_kw": 2000.0,
        "storage_module_kwh": 500.0,
        "tier": "interchange"
      },
      "type": "Feature"
    },
    {
      "geometry": {
        "coordinates": [
          44.37782556271872,
          33.288269805276606
        ],
        "type": "Point"
      },
      "properties": {
        "charger_bus_voltage_v": 650.0,
        "charger_contact_count": 8,
        "charger_efficiency": 0.98,
        "charger_max_current_a": 3300.0,
        "charger_max_kw": 2000.0,
        "grid_export_kw": 2400.0,
        "grid_import_kw": 2400.0,
        "line": "line-1",
        "pv_nameplate_kw": 300.0,
        "station": "line-1-1176-0827-s028020",
        "storage_capacity_kwh": 2000.0,
        "storage_initial_soc": 0.5,
        "storage_max_charge_kw": 2000.0,
        "storage_max_discharge_kw": 2000.0,
        "storage_module_kwh": 500.0,
        "tier": "interchange"
      },
      "type": "Feature"
    },
    {
      "geometry": {
        "coordinates": [
          44.378040457658564,
          33.3024871324191
        ],
        "type": "Point"
      },
      "properties": {
        "charger_bus_voltage_v": 650.0,
        "charger_contact_count": 8,
        "charger_efficiency": 0.98,
        "charger_max_current_a": 3300.0,
        "charger_max_kw": 2000.0,
        "grid_export_kw": 2000.0,
        "grid_import_kw": 2000.0,
        "line": "line-1",
        "pv_nameplate_kw": 300.0,
        "station": "line-1-1097-0828-s029608",
        "storage_capacity_kwh": 2000.0,
        "storage_initial_soc": 0.5,
        "storage_max_charge_kw": 2000.0,
        "storage_max_discharge_kw": 2000.0,
        "storage_module_kwh": 500.0,
        "tier": "standard"
      },
      "type": "Feature"
    },
    {
      "geometry": {
        "coordinates": [
          44.378470247538246,
          33.3167044595616
        ],
        "type": "Point"
      },
      "properties": {
        "charger_bus_voltage_v": 650.0,
        "charger_contact_count": 8,
        "charger_efficiency": 0.98,
        "charger_max_current_a": 3300.0,
        "charger_max_kw": 2000.0,
        "grid_export_kw": 2400.0,
        "grid_import_kw": 2400.0,
        "line": "line-1",
        "pv_nameplate_kw": 300.0,
        "station": "line-1-1018-0830-s031204",
        "storage_capacity_kwh": 2000.0,
        "storage_initial_soc": 0.5,
        "storage_max_charge_kw": 2000.0,
        "storage_max_discharge_kw": 2000.0,
        "storage_module_kwh": 500.0,
        "tier": "interchange"
      },
      "type": "Feature"
    },
    {
      "geometry": {
        "coordinates": [
          44.37890003741793,
          33.33074182053774
        ],
        "type": "Point"
      },
      "properties": {
        "charger_bus_voltage_v": 650.0,
        "charger_contact_count": 8,
        "charger_efficiency": 0.98,
        "charger_max_current_a": 3300.0,
        "charger_max_kw": 2000.0,
        "grid_export_kw": 2400.0,
        "grid_import_kw": 2400.0,
        "line": "line-1",
        "pv_nameplate_kw": 300.0,
        "station": "line-1-0940-0832-s032793",
        "storage_capacity_kwh": 2000.0,
        "storage_initial_soc": 0.5,
        "storage_max_charge_kw": 2000.0,
        "storage_max_discharge_kw": 2000.0,
        "storage_module_kwh": 500.0,
        "tier": "major"
      },
      "type": "Feature"
    },
    {
      "geometry": {
        "coordinates": [
          44.37911493235777,
          33.341899722852105
        ],
        "type": "Point"
      },
      "properties": {
        "charger_bus_voltage_v": 650.0,
        "charger_contact_count": 8,
        "charger_efficiency": 0.98,
        "charger_max_current_a": 3300.0,
        "charger_max_kw": 2000.0,
        "grid_export_kw": 2400.0,
        "grid_import_kw": 2400.0,
        "line": "line-1",
        "pv_nameplate_kw": 300.0,
        "station": "line-1-0878-0833-s034041",
        "storage_capacity_kwh": 2000.0,
        "storage_initial_soc": 0.5,
        "storage_max_charge_kw": 2000.0,
        "storage_max_discharge_kw": 2000.0,
        "storage_module_kwh": 500.0,
        "tier": "interchange"
      },
      "type": "Feature"
    },
    {
      "geometry": {
        "coordinates": [
          44.37932982729761,
          33.3460389446784
        ],
        "type": "Point"
      },
      "properties": {
        "charger_bus_voltage_v": 650.0,
        "charger_contact_count": 8,
        "charger_efficiency": 0.98,
        "charger_max_current_a": 3300.0,
        "charger_max_kw": 2000.0,
        "grid_export_kw": 2400.0,
        "grid_import_kw": 2400.0,
        "line": "line-1",
        "pv_nameplate_kw": 300.0,
        "station": "line-1-0855-0834-s034509",
        "storage_capacity_kwh": 2000.0,
        "storage_initial_soc": 0.5,
        "storage_max_charge_kw": 2000.0,
        "storage_max_discharge_kw": 2000.0,
        "storage_module_kwh": 500.0,
        "tier": "interchange"
      },
      "type": "Feature"
    },
    {
      "geometry": {
        "coordinates": [
          44.379544722237455,
          33.358276643990926
        ],
        "type": "Point"
      },
      "properties": {
        "charger_bus_voltage_v": 650.0,
        "charger_contact_count": 8,
        "charger_efficiency": 0.98,
        "charger_max_current_a": 3300.0,
        "charger_max_kw": 2000.0,
        "grid_export_kw": 2400.0,
        "grid_import_kw": 2400.0,
        "line": "line-1",
        "pv_nameplate_kw": 300.0,
        "station": "line-1-0787-0835-s035878",
        "storage_capacity_kwh": 2000.0,
        "storage_initial_soc": 0.5,
        "storage_max_charge_kw": 2000.0,
        "storage_max_discharge_kw": 2000.0,
        "storage_module_kwh": 500.0,
        "tier": "interchange"
      },
      "type": "Feature"
    },
    {
      "geometry": {
        "coordinates": [
          44.37975961717729,
          33.367094986142604
        ],
        "type": "Point"
      },
      "properties": {
        "charger_bus_voltage_v": 650.0,
        "charger_contact_count": 8,
        "charger_efficiency": 0.98,
        "charger_max_current_a": 3300.0,
        "charger_max_kw": 2000.0,
        "grid_export_kw": 2400.0,
        "grid_import_kw": 2400.0,
        "line": "line-1",
        "pv_nameplate_kw": 300.0,
        "station": "line-1-0738-0836-s036866",
        "storage_capacity_kwh": 2000.0,
        "storage_initial_soc": 0.5,
        "storage_max_charge_kw": 2000.0,
        "storage_max_discharge_kw": 2000.0,
        "storage_module_kwh": 500.0,
        "tier": "interchange"
      },
      "type": "Feature"
    },
    {
      "geometry": {
        "coordinates": [
          44.38040430199682,
          33.39121045243494
        ],
        "type": "Point"
      },
      "properties": {
        "charger_bus_voltage_v": 650.0,
        "charger_contact_count": 8,
        "charger_efficiency": 0.98,
        "charger_max_current_a": 3300.0,
        "charger_max_kw": 2000.0,
        "grid_export_kw": 2400.0,
        "grid_import_kw": 2400.0,
        "line": "line-1",
        "pv_nameplate_kw": 300.0,
        "station": "line-1-0604-0839-s039571",
        "storage_capacity_kwh": 2000.0,
        "storage_initial_soc": 0.5,
        "storage_max_charge_kw": 2000.0,
        "storage_max_discharge_kw": 2000.0,
        "storage_module_kwh": 500.0,
        "tier": "interchange"
      },
      "type": "Feature"
    },
    {
      "geometry": {
        "coordinates": [
          44.38061919693666,
          33.3996688622539
        ],
        "type": "Point"
      },
      "properties": {
        "charger_bus_voltage_v": 650.0,
        "charger_contact_count": 8,
        "charger_efficiency": 0.98,
        "charger_max_current_a": 3300.0,
        "charger_max_kw": 2000.0,
        "grid_export_kw": 2400.0,
        "grid_import_kw": 2400.0,
        "line": "line-1",
        "pv_nameplate_kw": 300.0,
        "station": "line-1-0557-0840-s040519",
        "storage_capacity_kwh": 2000.0,
        "storage_initial_soc": 0.5,
        "storage_max_charge_kw": 2000.0,
        "storage_max_discharge_kw": 2000.0,
        "storage_module_kwh": 500.0,
        "tier": "interchange"
      },
      "type": "Feature"
    },
    {
      "geometry": {
        "coordinates": [
          44.38104898681634,
          33.416405715725446
        ],
        "type": "Point"
      },
      "properties": {
        "charger_bus_voltage_v": 650.0,
        "charger_contact_count": 8,
        "charger_efficiency": 0.98,
        "charger_max_current_a": 3300.0,
        "charger_max_kw": 2000.0,
        "grid_export_kw": 2400.0,
        "grid_import_kw": 2400.0,
        "line": "line-1",
        "pv_nameplate_kw": 300.0,
        "station": "line-1-0464-0842-s042396",
        "storage_capacity_kwh": 2000.0,
        "storage_initial_soc": 0.5,
        "storage_max_charge_kw": 2000.0,
        "storage_max_discharge_kw": 2000.0,
        "storage_module_kwh": 500.0,
        "tier": "interchange"
      },
      "type": "Feature"
    },
    {
      "geometry": {
        "coordinates": [
          44.380189407056974,
          33.43026311053522
        ],
        "type": "Point"
      },
      "properties": {
        "charger_bus_voltage_v": 650.0,
        "charger_contact_count": 8,
        "charger_efficiency": 0.98,
        "charger_max_current_a": 3300.0,
        "charger_max_kw": 2000.0,
        "grid_export_kw": 2000.0,
        "grid_import_kw": 2000.0,
        "line": "line-1",
        "pv_nameplate_kw": 300.0,
        "station": "line-1-0387-0838-s044002",
        "storage_capacity_kwh": 2000.0,
        "storage_initial_soc": 0.5,
        "storage_max_charge_kw": 2000.0,
        "storage_max_discharge_kw": 2000.0,
        "storage_module_kwh": 500.0,
        "tier": "standard"
      },
      "type": "Feature"
    },
    {
      "geometry": {
        "coordinates": [
          44.37975961717729,
          33.44448043767772
        ],
        "type": "Point"
      },
      "properties": {
        "charger_bus_voltage_v": 650.0,
        "charger_contact_count": 8,
        "charger_efficiency": 0.98,
        "charger_max_current_a": 3300.0,
        "charger_max_kw": 2000.0,
        "grid_export_kw": 2400.0,
        "grid_import_kw": 2400.0,
        "line": "line-1",
        "pv_nameplate_kw": 300.0,
        "station": "line-1-0308-0836-s045598",
        "storage_capacity_kwh": 2000.0,
        "storage_initial_soc": 0.5,
        "storage_max_charge_kw": 2000.0,
        "storage_max_discharge_kw": 2000.0,
        "storage_module_kwh": 500.0,
        "tier": "interchange"
      },
      "type": "Feature"
    },
    {
      "geometry": {
        "coordinates": [
          44.378470247538246,
          33.45959759565202
        ],
        "type": "Point"
      },
      "properties": {
        "charger_bus_voltage_v": 650.0,
        "charger_contact_count": 8,
        "charger_efficiency": 0.98,
        "charger_max_current_a": 3300.0,
        "charger_max_kw": 2000.0,
        "grid_export_kw": 2400.0,
        "grid_import_kw": 2400.0,
        "line": "line-1",
        "pv_nameplate_kw": 300.0,
        "station": "line-1-0224-0830-s047328",
        "storage_capacity_kwh": 2000.0,
        "storage_initial_soc": 0.5,
        "storage_max_charge_kw": 2000.0,
        "storage_max_discharge_kw": 2000.0,
        "storage_module_kwh": 500.0,
        "tier": "interchange"
      },
      "type": "Feature"
    },
    {
      "geometry": {
        "coordinates": [
          44.37997451211714,
          33.46913580246913
        ],
        "type": "Point"
      },
      "properties": {
        "charger_bus_voltage_v": 650.0,
        "charger_contact_count": 8,
        "charger_efficiency": 0.98,
        "charger_max_current_a": 3300.0,
        "charger_max_kw": 2000.0,
        "grid_export_kw": 2400.0,
        "grid_import_kw": 2400.0,
        "line": "line-1",
        "pv_nameplate_kw": 300.0,
        "station": "line-1-0171-0837-s048446",
        "storage_capacity_kwh": 2000.0,
        "storage_initial_soc": 0.5,
        "storage_max_charge_kw": 2000.0,
        "storage_max_discharge_kw": 2000.0,
        "storage_module_kwh": 500.0,
        "tier": "interchange"
      },
      "type": "Feature"
    },
    {
      "geometry": {
        "coordinates": [
          44.38620646537253,
          33.47003563330094
        ],
        "type": "Point"
      },
      "properties": {
        "charger_bus_voltage_v": 650.0,
        "charger_contact_count": 8,
        "charger_efficiency": 0.98,
        "charger_max_current_a": 3300.0,
        "charger_max_kw": 2000.0,
        "grid_export_kw": 3200.0,
        "grid_import_kw": 3200.0,
        "line": "line-1",
        "pv_nameplate_kw": 300.0,
        "station": "line-1-0166-0866-s049067",
        "storage_capacity_kwh": 2000.0,
        "storage_initial_soc": 0.6,
        "storage_max_charge_kw": 2000.0,
        "storage_max_discharge_kw": 2000.0,
        "storage_module_kwh": 500.0,
        "tier": "terminal"
      },
      "type": "Feature"
    },
    {
      "geometry": {
        "coordinates": [
          44.38104898681634,
          33.4165856818918
        ],
        "type": "Point"
      },
      "properties": {
        "charger_bus_voltage_v": 650.0,
        "charger_contact_count": 8,
        "charger_efficiency": 0.98,
        "charger_max_current_a": 3300.0,
        "charger_max_kw": 2000.0,
        "grid_export_kw": 3200.0,
        "grid_import_kw": 3200.0,
        "line": "line-10",
        "pv_nameplate_kw": 300.0,
        "station": "line-10-0463-0842-s000000",
        "storage_capacity_kwh": 2000.0,
        "storage_initial_soc": 0.6,
        "storage_max_charge_kw": 2000.0,
        "storage_max_discharge_kw": 2000.0,
        "storage_module_kwh": 500.0,
        "tier": "terminal"
      },
      "type": "Feature"
    },
    {
      "geometry": {
        "coordinates": [
          44.407051274537146,
          33.421084836050824
        ],
        "type": "Point"
      },
      "properties": {
        "charger_bus_voltage_v": 650.0,
        "charger_contact_count": 8,
        "charger_efficiency": 0.98,
        "charger_max_current_a": 3300.0,
        "charger_max_kw": 2000.0,
        "grid_export_kw": 2400.0,
        "grid_import_kw": 2400.0,
        "line": "line-10",
        "pv_nameplate_kw": 300.0,
        "station": "line-10-0438-0963-s002627",
        "storage_capacity_kwh": 2000.0,
        "storage_initial_soc": 0.5,
        "storage_max_charge_kw": 2000.0,
        "storage_max_discharge_kw": 2000.0,
        "storage_module_kwh": 500.0,
        "tier": "interchange"
      },
      "type": "Feature"
    },
    {
      "geometry": {
        "coordinates": [
          44.42166413044636,
          33.42126480221718
        ],
        "type": "Point"
      },
      "properties": {
        "charger_bus_voltage_v": 650.0,
        "charger_contact_count": 8,
        "charger_efficiency": 0.98,
        "charger_max_current_a": 3300.0,
        "charger_max_kw": 2000.0,
        "grid_export_kw": 2400.0,
        "grid_import_kw": 2400.0,
        "line": "line-10",
        "pv_nameplate_kw": 300.0,
        "station": "line-10-0437-1031-s003995",
        "storage_capacity_kwh": 2000.0,
        "storage_initial_soc": 0.5,
        "storage_max_charge_kw": 2000.0,
        "storage_max_discharge_kw": 2000.0,
        "storage_module_kwh": 500.0,
        "tier": "interchange"
      },
      "type": "Feature"
    },
    {
      "geometry": {
        "coordinates": [
          44.427251398882234,
          33.404707914911995
        ],
        "type": "Point"
      },
      "properties": {
        "charger_bus_voltage_v": 650.0,
        "charger_contact_count": 8,
        "charger_efficiency": 0.98,
        "charger_max_current_a": 3300.0,
        "charger_max_kw": 2000.0,
        "grid_export_kw": 3200.0,
        "grid_import_kw": 3200.0,
        "line": "line-10",
        "pv_nameplate_kw": 300.0,
        "station": "line-10-0529-1057-s006497",
        "storage_capacity_kwh": 2000.0,
        "storage_initial_soc": 0.6,
        "storage_max_charge_kw": 2000.0,
        "storage_max_discharge_kw": 2000.0,
        "storage_module_kwh": 500.0,
        "tier": "terminal"
      },
      "type": "Feature"
    },
    {
      "geometry": {
        "coordinates": [
          44.42639181912287,
          33.357916711658206
        ],
        "type": "Point"
      },
      "properties": {
        "charger_bus_voltage_v": 650.0,
        "charger_contact_count": 8,
        "charger_efficiency": 0.98,
        "charger_max_current_a": 3300.0,
        "charger_max_kw": 2000.0,
        "grid_export_kw": 3200.0,
        "grid_import_kw": 3200.0,
        "line": "line-11",
        "pv_nameplate_kw": 300.0,
        "station": "line-11-0789-1053-s000000",
        "storage_capacity_kwh": 2000.0,
        "storage_initial_soc": 0.6,
        "storage_max_charge_kw": 2000.0,
        "storage_max_discharge_kw": 2000.0,
        "storage_module_kwh": 500.0,
        "tier": "terminal"
      },
      "type": "Feature"
    },
    {
      "geometry": {
        "coordinates": [
          44.41414280755191,
          33.3460389446784
        ],
        "type": "Point"
      },
      "properties": {
        "charger_bus_voltage_v": 650.0,
        "charger_contact_count": 8,
        "charger_efficiency": 0.98,
        "charger_max_current_a": 3300.0,
        "charger_max_kw": 2000.0,
        "grid_export_kw": 2400.0,
        "grid_import_kw": 2400.0,
        "line": "line-11",
        "pv_nameplate_kw": 300.0,
        "station": "line-11-0855-0996-s001792",
        "storage_capacity_kwh": 2000.0,
        "storage_initial_soc": 0.5,
        "storage_max_charge_kw": 2000.0,
        "storage_max_discharge_kw": 2000.0,
        "storage_module_kwh": 500.0,
        "tier": "interchange"
      },
      "type": "Feature"
    },
    {
      "geometry": {
        "coordinates": [
          44.412423648033176,
          33.344599215347515
        ],
        "type": "Point"
      },
      "properties": {
        "charger_bus_voltage_v": 650.0,
        "charger_contact_count": 8,
        "charger_efficiency": 0.98,
        "charger_max_current_a": 3300.0,
        "charger_max_kw": 2000.0,
        "grid_export_kw": 2400.0,
        "grid_import_kw": 2400.0,
        "line": "line-11",
        "pv_nameplate_kw": 300.0,
        "station": "line-11-0863-0988-s002018",
        "storage_capacity_kwh": 2000.0,
        "storage_initial_soc": 0.5,
        "storage_max_charge_kw": 2000.0,
        "storage_max_discharge_kw": 2000.0,
        "storage_module_kwh": 500.0,
        "tier": "interchange"
      },
      "type": "Feature"
    },
    {
      "geometry": {
        "coordinates": [
          44.39630652754508,
          33.344599215347515
        ],
        "type": "Point"
      },
      "properties": {
        "charger_bus_voltage_v": 650.0,
        "charger_contact_count": 8,
        "charger_efficiency": 0.98,
        "charger_max_current_a": 3300.0,
        "charger_max_kw": 2000.0,
        "grid_export_kw": 2400.0,
        "grid_import_kw": 2400.0,
        "line": "line-11",
        "pv_nameplate_kw": 300.0,
        "station": "line-11-0863-0913-s003518",
        "storage_capacity_kwh": 2000.0,
        "storage_initial_soc": 0.5,
        "storage_max_charge_kw": 2000.0,
        "storage_max_discharge_kw": 2000.0,
        "storage_module_kwh": 500.0,
        "tier": "interchange"
      },
      "type": "Feature"
    },
    {
      "geometry": {
        "coordinates": [
          44.39630652754508,
          33.34585897851204
        ],
        "type": "Point"
      },
      "properties": {
        "charger_bus_voltage_v": 650.0,
        "charger_contact_count": 8,
        "charger_efficiency": 0.98,
        "charger_max_current_a": 3300.0,
        "charger_max_kw": 2000.0,
        "grid_export_kw": 2400.0,
        "grid_import_kw": 2400.0,
        "line": "line-11",
        "pv_nameplate_kw": 300.0,
        "station": "line-11-0856-0913-s003658",
        "storage_capacity_kwh": 2000.0,
        "storage_initial_soc": 0.5,
        "storage_max_charge_kw": 2000.0,
        "storage_max_discharge_kw": 2000.0,
        "storage_module_kwh": 500.0,
        "tier": "interchange"
      },
      "type": "Feature"
    },
    {
      "geometry": {
        "coordinates": [
          44.39630652754508,
          33.358276643990926
        ],
        "type": "Point"
      },
      "properties": {
        "charger_bus_voltage_v": 650.0,
        "charger_contact_count": 8,
        "charger_efficiency": 0.98,
        "charger_max_current_a": 3300.0,
        "charger_max_kw": 2000.0,
        "grid_export_kw": 2400.0,
        "grid_import_kw": 2400.0,
        "line": "line-11",
        "pv_nameplate_kw": 300.0,
        "station": "line-11-0787-0913-s005038",
        "storage_capacity_kwh": 2000.0,
        "storage_initial_soc": 0.5,
        "storage_max_charge_kw": 2000.0,
        "storage_max_discharge_kw": 2000.0,
        "storage_module_kwh": 500.0,
        "tier": "major"
      },
      "type": "Feature"
    },
    {
      "geometry": {
        "coordinates": [
          44.379544722237455,
          33.358276643990926
        ],
        "type": "Point"
      },
      "properties": {
        "charger_bus_voltage_v": 650.0,
        "charger_contact_count": 8,
        "charger_efficiency": 0.98,
        "charger_max_current_a": 3300.0,
        "charger_max_kw": 2000.0,
        "grid_export_kw": 3200.0,
        "grid_import_kw": 3200.0,
        "line": "line-11",
        "pv_nameplate_kw": 300.0,
        "station": "line-11-0787-0835-s006598",
        "storage_capacity_kwh": 2000.0,
        "storage_initial_soc": 0.6,
        "storage_max_charge_kw": 2000.0,
        "storage_max_discharge_kw": 2000.0,
        "storage_module_kwh": 500.0,
        "tier": "terminal"
      },
      "type": "Feature"
    },
    {
      "geometry": {
        "coordinates": [
          44.47409849576765,
          33.33614080552856
        ],
        "type": "Point"
      },
      "properties": {
        "charger_bus_voltage_v": 650.0,
        "charger_contact_count": 8,
        "charger_efficiency": 0.98,
        "charger_max_current_a": 3300.0,
        "charger_max_kw": 2000.0,
        "grid_export_kw": 3200.0,
        "grid_import_kw": 3200.0,
        "line": "line-12",
        "pv_nameplate_kw": 300.0,
        "station": "line-12-0910-1275-s000000",
        "storage_capacity_kwh": 2000.0,
        "storage_initial_soc": 0.6,
        "storage_max_charge_kw": 2000.0,
        "storage_max_discharge_kw": 2000.0,
        "storage_module_kwh": 500.0,
        "tier": "terminal"
      },
      "type": "Feature"
    },
    {
      "geometry": {
        "coordinates": [
          44.47130486154971,
          33.349098369506535
        ],
        "type": "Point"
      },
      "properties": {
        "charger_bus_voltage_v": 650.0,
        "charger_contact_count": 8,
        "charger_efficiency": 0.98,
        "charger_max_current_a": 3300.0,
        "charger_max_kw": 2000.0,
        "grid_export_kw": 2400.0,
        "grid_import_kw": 2400.0,
        "line": "line-12",
        "pv_nameplate_kw": 300.0,
        "station": "line-12-0838-1262-s001548",
        "storage_capacity_kwh": 2000.0,
        "storage_initial_soc": 0.5,
        "storage_max_charge_kw": 2000.0,
        "storage_max_discharge_kw": 2000.0,
        "storage_module_kwh": 500.0,
        "tier": "interchange"
      },
      "type": "Feature"
    },
    {
      "geometry": {
        "coordinates": [
          44.476892129985586,
          33.35377748983191
        ],
        "type": "Point"
      },
      "properties": {
        "charger_bus_voltage_v": 650.0,
        "charger_contact_count": 8,
        "charger_efficiency": 0.98,
        "charger_max_current_a": 3300.0,
        "charger_max_kw": 2000.0,
        "grid_export_kw": 2400.0,
        "grid_import_kw": 2400.0,
        "line": "line-12",
        "pv_nameplate_kw": 300.0,
        "station": "line-12-0812-1288-s002283",
        "storage_capacity_kwh": 2000.0,
        "storage_initial_soc": 0.5,
        "storage_max_charge_kw": 2000.0,
        "storage_max_discharge_kw": 2000.0,
        "storage_module_kwh": 500.0,
        "tier": "interchange"
      },
      "type": "Feature"
    },
    {
      "geometry": {
        "coordinates": [
          44.482264503481616,
          33.36727495230897
        ],
        "type": "Point"
      },
      "properties": {
        "charger_bus_voltage_v": 650.0,
        "charger_contact_count": 8,
        "charger_efficiency": 0.98,
        "charger_max_current_a": 3300.0,
        "charger_max_kw": 2000.0,
        "grid_export_kw": 2000.0,
        "grid_import_kw": 2000.0,
        "line": "line-12",
        "pv_nameplate_kw": 300.0,
        "station": "line-12-0737-1313-s003990",
        "storage_capacity_kwh": 2000.0,
        "storage_initial_soc": 0.5,
        "storage_max_charge_kw": 2000.0,
        "storage_max_discharge_kw": 2000.0,
        "storage_module_kwh": 500.0,
        "tier": "standard"
      },
      "type": "Feature"
    },
    {
      "geometry": {
        "coordinates": [
          44.49838162396972,
          33.376273260627
        ],
        "type": "Point"
      },
      "properties": {
        "charger_bus_voltage_v": 650.0,
        "charger_contact_count": 8,
        "charger_efficiency": 0.98,
        "charger_max_current_a": 3300.0,
        "charger_max_kw": 2000.0,
        "grid_export_kw": 2400.0,
        "grid_import_kw": 2400.0,
        "line": "line-12",
        "pv_nameplate_kw": 300.0,
        "station": "line-12-0687-1388-s005904",
        "storage_capacity_kwh": 2000.0,
        "storage_initial_soc": 0.5,
        "storage_max_charge_kw": 2000.0,
        "storage_max_discharge_kw": 2000.0,
        "storage_module_kwh": 500.0,
        "tier": "major"
      },
      "type": "Feature"
    },
    {
      "geometry": {
        "coordinates": [
          44.50654763168369,
          33.38581146744412
        ],
        "type": "Point"
      },
      "properties": {
        "charger_bus_voltage_v": 650.0,
        "charger_contact_count": 8,
        "charger_efficiency": 0.98,
        "charger_max_current_a": 3300.0,
        "charger_max_kw": 2000.0,
        "grid_export_kw": 3200.0,
        "grid_import_kw": 3200.0,
        "line": "line-12",
        "pv_nameplate_kw": 300.0,
        "station": "line-12-0634-1426-s007727",
        "storage_capacity_kwh": 2000.0,
        "storage_initial_soc": 0.6,
        "storage_max_charge_kw": 2000.0,
        "storage_max_discharge_kw": 2000.0,
        "storage_module_kwh": 500.0,
        "tier": "terminal"
      },
      "type": "Feature"
    },
    {
      "geometry": {
        "coordinates": [
          44.44293872949065,
          33.329302091206856
        ],
        "type": "Point"
      },
      "properties": {
        "charger_bus_voltage_v": 650.0,
        "charger_contact_count": 8,
        "charger_efficiency": 0.98,
        "charger_max_current_a": 3300.0,
        "charger_max_kw": 2000.0,
        "grid_export_kw": 3200.0,
        "grid_import_kw": 3200.0,
        "line": "line-13",
        "pv_nameplate_kw": 300.0,
        "station": "line-13-0948-1130-s000000",
        "storage_capacity_kwh": 2000.0,
        "storage_initial_soc": 0.6,
        "storage_max_charge_kw": 2000.0,
        "storage_max_discharge_kw": 2000.0,
        "storage_module_kwh": 500.0,
        "tier": "terminal"
      },
      "type": "Feature"
    },
    {
      "geometry": {
        "coordinates": [
          44.43369824707747,
          33.30878594824173
        ],
        "type": "Point"
      },
      "properties": {
        "charger_bus_voltage_v": 650.0,
        "charger_contact_count": 8,
        "charger_efficiency": 0.98,
        "charger_max_current_a": 3300.0,
        "charger_max_kw": 2000.0,
        "grid_export_kw": 2400.0,
        "grid_import_kw": 2400.0,
        "line": "line-13",
        "pv_nameplate_kw": 300.0,
        "station": "line-13-1062-1087-s002769",
        "storage_capacity_kwh": 2000.0,
        "storage_initial_soc": 0.5,
        "storage_max_charge_kw": 2000.0,
        "storage_max_discharge_kw": 2000.0,
        "storage_module_kwh": 500.0,
        "tier": "interchange"
      },
      "type": "Feature"
    },
    {
      "geometry": {
        "coordinates": [
          44.41543217719096,
          33.29402872260015
        ],
        "type": "Point"
      },
      "properties": {
        "charger_bus_voltage_v": 650.0,
        "charger_contact_count": 8,
        "charger_efficiency": 0.98,
        "charger_max_current_a": 3300.0,
        "charger_max_kw": 2000.0,
        "grid_export_kw": 2400.0,
        "grid_import_kw": 2400.0,
        "line": "line-13",
        "pv_nameplate_kw": 300.0,
        "station": "line-13-1144-1002-s005148",
        "storage_capacity_kwh": 2000.0,
        "storage_initial_soc": 0.5,
        "storage_max_charge_kw": 2000.0,
        "storage_max_discharge_kw": 2000.0,
        "storage_module_kwh": 500.0,
        "tier": "interchange"
      },
      "type": "Feature"
    },
    {
      "geometry": {
        "coordinates": [
          44.40425764031921,
          33.29294892560198
        ],
        "type": "Point"
      },
      "properties": {
        "charger_bus_voltage_v": 650.0,
        "charger_contact_count": 8,
        "charger_efficiency": 0.98,
        "charger_max_current_a": 3300.0,
        "charger_max_kw": 2000.0,
        "grid_export_kw": 2400.0,
        "grid_import_kw": 2400.0,
        "line": "line-13",
        "pv_nameplate_kw": 300.0,
        "station": "line-13-1150-0950-s006238",
        "storage_capacity_kwh": 2000.0,
        "storage_initial_soc": 0.5,
        "storage_max_charge_kw": 2000.0,
        "storage_max_discharge_kw": 2000.0,
        "storage_module_kwh": 500.0,
        "tier": "interchange"
      },
      "type": "Feature"
    },
    {
      "geometry": {
        "coordinates": [
          44.39630652754508,
          33.28629017744664
        ],
        "type": "Point"
      },
      "properties": {
        "charger_bus_voltage_v": 650.0,
        "charger_contact_count": 8,
        "charger_efficiency": 0.98,
        "charger_max_current_a": 3300.0,
        "charger_max_kw": 2000.0,
        "grid_export_kw": 3200.0,
        "grid_import_kw": 3200.0,
        "line": "line-13",
        "pv_nameplate_kw": 300.0,
        "station": "line-13-1187-0913-s007284",
        "storage_capacity_kwh": 2000.0,
        "storage_initial_soc": 0.6,
        "storage_max_charge_kw": 2000.0,
        "storage_max_discharge_kw": 2000.0,
        "storage_module_kwh": 500.0,
        "tier": "terminal"
      },
      "type": "Feature"
    },
    {
      "geometry": {
        "coordinates": [
          44.29638038051885,
          33.27657200446316
        ],
        "type": "Point"
      },
      "properties": {
        "charger_bus_voltage_v": 650.0,
        "charger_contact_count": 8,
        "charger_efficiency": 0.98,
        "charger_max_current_a": 3300.0,
        "charger_max_kw": 2000.0,
        "grid_export_kw": 3200.0,
        "grid_import_kw": 3200.0,
        "line": "line-14",
        "pv_nameplate_kw": 300.0,
        "station": "line-14-1241-0448-s000000",
        "storage_capacity_kwh": 2000.0,
        "storage_initial_soc": 0.6,
        "storage_max_charge_kw": 2000.0,
        "storage_max_discharge_kw": 2000.0,
        "storage_module_kwh": 500.0,
        "tier": "terminal"
      },
      "type": "Feature"
    },
    {
      "geometry": {
        "coordinates": [
          44.29573569569933,
          33.275492207465
        ],
        "type": "Point"
      },
      "properties": {
        "charger_bus_voltage_v": 650.0,
        "charger_contact_count": 8,
        "charger_efficiency": 0.98,
        "charger_max_current_a": 3300.0,
        "charger_max_kw": 2000.0,
        "grid_export_kw": 2400.0,
        "grid_import_kw": 2400.0,
        "line": "line-14",
        "pv_nameplate_kw": 300.0,
        "station": "line-14-1247-0445-s000145",
        "storage_capacity_kwh": 2000.0,
        "storage_initial_soc": 0.5,
        "storage_max_charge_kw": 2000.0,
        "storage_max_discharge_kw": 2000.0,
        "storage_module_kwh": 500.0,
        "tier": "interchange"
      },
      "type": "Feature"
    },
    {
      "geometry": {
        "coordinates": [
          44.29960380461647,
          33.25461613216715
        ],
        "type": "Point"
      },
      "properties": {
        "charger_bus_voltage_v": 650.0,
        "charger_contact_count": 8,
        "charger_efficiency": 0.98,
        "charger_max_current_a": 3300.0,
        "charger_max_kw": 2000.0,
        "grid_export_kw": 2000.0,
        "grid_import_kw": 2000.0,
        "line": "line-14",
        "pv_nameplate_kw": 300.0,
        "station": "line-14-1363-0463-s003161",
        "storage_capacity_kwh": 2000.0,
        "storage_initial_soc": 0.5,
        "storage_max_charge_kw": 2000.0,
        "storage_max_discharge_kw": 2000.0,
        "storage_module_kwh": 500.0,
        "tier": "standard"
      },
      "type": "Feature"
    },
    {
      "geometry": {
        "coordinates": [
          44.31550603016473,
          33.24579779001548
        ],
        "type": "Point"
      },
      "properties": {
        "charger_bus_voltage_v": 650.0,
        "charger_contact_count": 8,
        "charger_efficiency": 0.98,
        "charger_max_current_a": 3300.0,
        "charger_max_kw": 2000.0,
        "grid_export_kw": 2000.0,
        "grid_import_kw": 2000.0,
        "line": "line-14",
        "pv_nameplate_kw": 300.0,
        "station": "line-14-1412-0537-s005047",
        "storage_capacity_kwh": 2000.0,
        "storage_initial_soc": 0.5,
        "storage_max_charge_kw": 2000.0,
        "storage_max_discharge_kw": 2000.0,
        "storage_module_kwh": 500.0,
        "tier": "standard"
      },
      "type": "Feature"
    },
    {
      "geometry": {
        "coordinates": [
          44.32023371884124,
          33.23158046287298
        ],
        "type": "Point"
      },
      "properties": {
        "charger_bus_voltage_v": 650.0,
        "charger_contact_count": 8,
        "charger_efficiency": 0.98,
        "charger_max_current_a": 3300.0,
        "charger_max_kw": 2000.0,
        "grid_export_kw": 3200.0,
        "grid_import_kw": 3200.0,
        "line": "line-14",
        "pv_nameplate_kw": 300.0,
        "station": "line-14-1491-0559-s006809",
        "storage_capacity_kwh": 2000.0,
        "storage_initial_soc": 0.6,
        "storage_max_charge_kw": 2000.0,
        "storage_max_discharge_kw": 2000.0,
        "storage_module_kwh": 500.0,
        "tier": "terminal"
      },
      "type": "Feature"
    },
    {
      "geometry": {
        "coordinates": [
          44.287999477865036,
          33.339560162689416
        ],
        "type": "Point"
      },
      "properties": {
        "charger_bus_voltage_v": 650.0,
        "charger_contact_count": 8,
        "charger_efficiency": 0.98,
        "charger_max_current_a": 3300.0,
        "charger_max_kw": 2000.0,
        "grid_export_kw": 3200.0,
        "grid_import_kw": 3200.0,
        "line": "line-15",
        "pv_nameplate_kw": 300.0,
        "station": "line-15-0891-0409-s000000",
        "storage_capacity_kwh": 2000.0,
        "storage_initial_soc": 0.6,
        "storage_max_charge_kw": 2000.0,
        "storage_max_discharge_kw": 2000.0,
        "storage_module_kwh": 500.0,
        "tier": "terminal"
      },
      "type": "Feature"
    },
    {
      "geometry": {
        "coordinates": [
          44.277899415692495,
          33.331281719036824
        ],
        "type": "Point"
      },
      "properties": {
        "charger_bus_voltage_v": 650.0,
        "charger_contact_count": 8,
        "charger_efficiency": 0.98,
        "charger_max_current_a": 3300.0,
        "charger_max_kw": 2000.0,
        "grid_export_kw": 2400.0,
        "grid_import_kw": 2400.0,
        "line": "line-15",
        "pv_nameplate_kw": 300.0,
        "station": "line-15-0937-0362-s001321",
        "storage_capacity_kwh": 2000.0,
        "storage_initial_soc": 0.5,
        "storage_max_charge_kw": 2000.0,
        "storage_max_discharge_kw": 2000.0,
        "storage_module_kwh": 500.0,
        "tier": "interchange"
      },
      "type": "Feature"
    },
    {
      "geometry": {
        "coordinates": [
          44.2639312446028,
          33.32012381672246
        ],
        "type": "Point"
      },
      "properties": {
        "charger_bus_voltage_v": 650.0,
        "charger_contact_count": 8,
        "charger_efficiency": 0.98,
        "charger_max_current_a": 3300.0,
        "charger_max_kw": 2000.0,
        "grid_export_kw": 2000.0,
        "grid_import_kw": 2000.0,
        "line": "line-15",
        "pv_nameplate_kw": 300.0,
        "station": "line-15-0999-0297-s003135",
        "storage_capacity_kwh": 2000.0,
        "storage_initial_soc": 0.5,
        "storage_max_charge_kw": 2000.0,
        "storage_max_discharge_kw": 2000.0,
        "storage_module_kwh": 500.0,
        "tier": "standard"
      },
      "type": "Feature"
    },
    {
      "geometry": {
        "coordinates": [
          44.24888859881391,
          33.31094554223806
        ],
        "type": "Point"
      },
      "properties": {
        "charger_bus_voltage_v": 650.0,
        "charger_contact_count": 8,
        "charger_efficiency": 0.98,
        "charger_max_current_a": 3300.0,
        "charger_max_kw": 2000.0,
        "grid_export_kw": 2400.0,
        "grid_import_kw": 2400.0,
        "line": "line-15",
        "pv_nameplate_kw": 300.0,
        "station": "line-15-1050-0227-s004963",
        "storage_capacity_kwh": 2000.0,
        "storage_initial_soc": 0.5,
        "storage_max_charge_kw": 2000.0,
        "storage_max_discharge_kw": 2000.0,
        "storage_module_kwh": 500.0,
        "tier": "interchange"
      },
      "type": "Feature"
    },
    {
      "geometry": {
        "coordinates": [
          44.23105231880708,
          33.29492855343195
        ],
        "type": "Point"
      },
      "properties": {
        "charger_bus_voltage_v": 650.0,
        "charger_contact_count": 8,
        "charger_efficiency": 0.98,
        "charger_max_current_a": 3300.0,
        "charger_max_kw": 2000.0,
        "grid_export_kw": 2400.0,
        "grid_import_kw": 2400.0,
        "line": "line-15",
        "pv_nameplate_kw": 300.0,
        "station": "line-15-1139-0144-s007437",
        "storage_capacity_kwh": 2000.0,
        "storage_initial_soc": 0.5,
        "storage_max_charge_kw": 2000.0,
        "storage_max_discharge_kw": 2000.0,
        "storage_module_kwh": 500.0,
        "tier": "interchange"
      },
      "type": "Feature"
    },
    {
      "geometry": {
        "coordinates": [
          44.22202673133374,
          33.268473526976926
        ],
        "type": "Point"
      },
      "properties": {
        "charger_bus_voltage_v": 650.0,
        "charger_contact_count": 8,
        "charger_efficiency": 0.98,
        "charger_max_current_a": 3300.0,
        "charger_max_kw": 2000.0,
        "grid_export_kw": 2400.0,
        "grid_import_kw": 2400.0,
        "line": "line-15",
        "pv_nameplate_kw": 300.0,
        "station": "line-15-1286-0102-s010724",
        "storage_capacity_kwh": 2000.0,
        "storage_initial_soc": 0.5,
        "storage_max_charge_kw": 2000.0,
        "storage_max_discharge_kw": 2000.0,
        "storage_module_kwh": 500.0,
        "tier": "interchange"
      },
      "type": "Feature"
    },
    {
      "geometry": {
        "coordinates": [
          44.221382046514215,
          33.2562358276644
        ],
        "type": "Point"
      },
      "properties": {
        "charger_bus_voltage_v": 650.0,
        "charger_contact_count": 8,
        "charger_efficiency": 0.98,
        "charger_max_current_a": 3300.0,
        "charger_max_kw": 2000.0,
        "grid_export_kw": 3200.0,
        "grid_import_kw": 3200.0,
        "line": "line-15",
        "pv_nameplate_kw": 300.0,
        "station": "line-15-1354-0099-s012109",
        "storage_capacity_kwh": 2000.0,
        "storage_initial_soc": 0.6,
        "storage_max_charge_kw": 2000.0,
        "storage_max_discharge_kw": 2000.0,
        "storage_module_kwh": 500.0,
        "tier": "terminal"
      },
      "type": "Feature"
    },
    {
      "geometry": {
        "coordinates": [
          44.491290090954955,
          33.29942770759097
        ],
        "type": "Point"
      },
      "properties": {
        "charger_bus_voltage_v": 650.0,
        "charger_contact_count": 8,
        "charger_efficiency": 0.98,
        "charger_max_current_a": 3300.0,
        "charger_max_kw": 2000.0,
        "grid_export_kw": 3200.0,
        "grid_import_kw": 3200.0,
        "line": "line-16",
        "pv_nameplate_kw": 300.0,
        "station": "line-16-1114-1355-s000000",
        "storage_capacity_kwh": 2000.0,
        "storage_initial_soc": 0.6,
        "storage_max_charge_kw": 2000.0,
        "storage_max_discharge_kw": 2000.0,
        "storage_module_kwh": 500.0,
        "tier": "terminal"
      },
      "type": "Feature"
    },
    {
      "geometry": {
        "coordinates": [
          44.500315678428294,
          33.30482669258179
        ],
        "type": "Point"
      },
      "properties": {
        "charger_bus_voltage_v": 650.0,
        "charger_contact_count": 8,
        "charger_efficiency": 0.98,
        "charger_max_current_a": 3300.0,
        "charger_max_kw": 2000.0,
        "grid_export_kw": 2400.0,
        "grid_import_kw": 2400.0,
        "line": "line-16",
        "pv_nameplate_kw": 300.0,
        "station": "line-16-1084-1397-s001138",
        "storage_capacity_kwh": 2000.0,
        "storage_initial_soc": 0.5,
        "storage_max_charge_kw": 2000.0,
        "storage_max_discharge_kw": 2000.0,
        "storage_module_kwh": 500.0,
        "tier": "interchange"
      },
      "type": "Feature"
    },
    {
      "geometry": {
        "coordinates": [
          44.514498744457825,
          33.31328510240075
        ],
        "type": "Point"
      },
      "properties": {
        "charger_bus_voltage_v": 650.0,
        "charger_contact_count": 8,
        "charger_efficiency": 0.98,
        "charger_max_current_a": 3300.0,
        "charger_max_kw": 2000.0,
        "grid_export_kw": 2400.0,
        "grid_import_kw": 2400.0,
        "line": "line-16",
        "pv_nameplate_kw": 300.0,
        "station": "line-16-1037-1463-s002848",
        "storage_capacity_kwh": 2000.0,
        "storage_initial_soc": 0.5,
        "storage_max_charge_kw": 2000.0,
        "storage_max_discharge_kw": 2000.0,
        "storage_module_kwh": 500.0,
        "tier": "interchange"
      },
      "type": "Feature"
    },
    {
      "geometry": {
        "coordinates": [
          44.515143429277344,
          33.31382500089983
        ],
        "type": "Point"
      },
      "properties": {
        "charger_bus_voltage_v": 650.0,
        "charger_contact_count": 8,
        "charger_efficiency": 0.98,
        "charger_max_current_a": 3300.0,
        "charger_max_kw": 2000.0,
        "grid_export_kw": 2400.0,
        "grid_import_kw": 2400.0,
        "line": "line-16",
        "pv_nameplate_kw": 300.0,
        "station": "line-16-1034-1466-s002932",
        "storage_capacity_kwh": 2000.0,
        "storage_initial_soc": 0.5,
        "storage_max_charge_kw": 2000.0,
        "storage_max_discharge_kw": 2000.0,
        "storage_module_kwh": 500.0,
        "tier": "interchange"
      },
      "type": "Feature"
    },
    {
      "geometry": {
        "coordinates": [
          44.51965622301401,
          33.32660259871144
        ],
        "type": "Point"
      },
      "properties": {
        "charger_bus_voltage_v": 650.0,
        "charger_contact_count": 8,
        "charger_efficiency": 0.98,
        "charger_max_current_a": 3300.0,
        "charger_max_kw": 2000.0,
        "grid_export_kw": 2000.0,
        "grid_import_kw": 2000.0,
        "line": "line-16",
        "pv_nameplate_kw": 300.0,
        "station": "line-16-0963-1487-s004526",
        "storage_capacity_kwh": 2000.0,
        "storage_initial_soc": 0.5,
        "storage_max_charge_kw": 2000.0,
        "storage_max_discharge_kw": 2000.0,
        "storage_module_kwh": 500.0,
        "tier": "standard"
      },
      "type": "Feature"
    },
    {
      "geometry": {
        "coordinates": [
          44.537277608081006,
          33.32660259871144
        ],
        "type": "Point"
      },
      "properties": {
        "charger_bus_voltage_v": 650.0,
        "charger_contact_count": 8,
        "charger_efficiency": 0.98,
        "charger_max_current_a": 3300.0,
        "charger_max_kw": 2000.0,
        "grid_export_kw": 3200.0,
        "grid_import_kw": 3200.0,
        "line": "line-16",
        "pv_nameplate_kw": 300.0,
        "station": "line-16-0963-1569-s006581",
        "storage_capacity_kwh": 2000.0,
        "storage_initial_soc": 0.6,
        "storage_max_charge_kw": 2000.0,
        "storage_max_discharge_kw": 2000.0,
        "storage_module_kwh": 500.0,
        "tier": "terminal"
      },
      "type": "Feature"
    },
    {
      "geometry": {
        "coordinates": [
          44.36772550054618,
          33.26685383147968
        ],
        "type": "Point"
      },
      "properties": {
        "charger_bus_voltage_v": 650.0,
        "charger_contact_count": 8,
        "charger_efficiency": 0.98,
        "charger_max_current_a": 3300.0,
        "charger_max_kw": 2000.0,
        "grid_export_kw": 3200.0,
        "grid_import_kw": 3200.0,
        "line": "line-17",
        "pv_nameplate_kw": 300.0,
        "station": "line-17-1295-0780-s000000",
        "storage_capacity_kwh": 2000.0,
        "storage_initial_soc": 0.6,
        "storage_max_charge_kw": 2000.0,
        "storage_max_discharge_kw": 2000.0,
        "storage_module_kwh": 500.0,
        "tier": "terminal"
      },
      "type": "Feature"
    },
    {
      "geometry": {
        "coordinates": [
          44.35869991307284,
          33.25911528632617
        ],
        "type": "Point"
      },
      "properties": {
        "charger_bus_voltage_v": 650.0,
        "charger_contact_count": 8,
        "charger_efficiency": 0.98,
        "charger_max_current_a": 3300.0,
        "charger_max_kw": 2000.0,
        "grid_export_kw": 2000.0,
        "grid_import_kw": 2000.0,
        "line": "line-17",
        "pv_nameplate_kw": 300.0,
        "station": "line-17-1338-0738-s001208",
        "storage_capacity_kwh": 2000.0,
        "storage_initial_soc": 0.5,
        "storage_max_charge_kw": 2000.0,
        "storage_max_discharge_kw": 2000.0,
        "storage_module_kwh": 500.0,
        "tier": "standard"
      },
      "type": "Feature"
    },
    {
      "geometry": {
        "coordinates": [
          44.34021894824649,
          33.26595400064788
        ],
        "type": "Point"
      },
      "properties": {
        "charger_bus_voltage_v": 650.0,
        "charger_contact_count": 8,
        "charger_efficiency": 0.98,
        "charger_max_current_a": 3300.0,
        "charger_max_kw": 2000.0,
        "grid_export_kw": 2400.0,
        "grid_import_kw": 2400.0,
        "line": "line-17",
        "pv_nameplate_kw": 300.0,
        "station": "line-17-1300-0652-s003243",
        "storage_capacity_kwh": 2000.0,
        "storage_initial_soc": 0.5,
        "storage_max_charge_kw": 2000.0,
        "storage_max_discharge_kw": 2000.0,
        "storage_module_kwh": 500.0,
        "tier": "interchange"
      },
      "type": "Feature"
    },
    {
      "geometry": {
        "coordinates": [
          44.326250777156794,
          33.27711190296224
        ],
        "type": "Point"
      },
      "properties": {
        "charger_bus_voltage_v": 650.0,
        "charger_contact_count": 8,
        "charger_efficiency": 0.98,
        "charger_max_current_a": 3300.0,
        "charger_max_kw": 2000.0,
        "grid_export_kw": 2000.0,
        "grid_import_kw": 2000.0,
        "line": "line-17",
        "pv_nameplate_kw": 300.0,
        "station": "line-17-1238-0587-s005056",
        "storage_capacity_kwh": 2000.0,
        "storage_initial_soc": 0.5,
        "storage_max_charge_kw": 2000.0,
        "storage_max_discharge_kw": 2000.0,
        "storage_module_kwh": 500.0,
        "tier": "standard"
      },
      "type": "Feature"
    },
    {
      "geometry": {
        "coordinates": [
          44.30776981233044,
          33.272252816470505
        ],
        "type": "Point"
      },
      "properties": {
        "charger_bus_voltage_v": 650.0,
        "charger_contact_count": 8,
        "charger_efficiency": 0.98,
        "charger_max_current_a": 3300.0,
        "charger_max_kw": 2000.0,
        "grid_export_kw": 3200.0,
        "grid_import_kw": 3200.0,
        "line": "line-17",
        "pv_nameplate_kw": 300.0,
        "station": "line-17-1265-0501-s007000",
        "storage_capacity_kwh": 2000.0,
        "storage_initial_soc": 0.6,
        "storage_max_charge_kw": 2000.0,
        "storage_max_discharge_kw": 2000.0,
        "storage_module_kwh": 500.0,
        "tier": "terminal"
      },
      "type": "Feature"
    },
    {
      "geometry": {
        "coordinates": [
          44.2727419371363,
          33.44304070834683
        ],
        "type": "Point"
      },
      "properties": {
        "charger_bus_voltage_v": 650.0,
        "charger_contact_count": 8,
        "charger_efficiency": 0.98,
        "charger_max_current_a": 3300.0,
        "charger_max_kw": 2000.0,
        "grid_export_kw": 3200.0,
        "grid_import_kw": 3200.0,
        "line": "line-18",
        "pv_nameplate_kw": 300.0,
        "station": "line-18-0316-0338-s000000",
        "storage_capacity_kwh": 2000.0,
        "storage_initial_soc": 0.6,
        "storage_max_charge_kw": 2000.0,
        "storage_max_discharge_kw": 2000.0,
        "storage_module_kwh": 500.0,
        "tier": "terminal"
      },
      "type": "Feature"
    },
    {
      "geometry": {
        "coordinates": [
          44.283271789188525,
          33.448439693337654
        ],
        "type": "Point"
      },
      "properties": {
        "charger_bus_voltage_v": 650.0,
        "charger_contact_count": 8,
        "charger_efficiency": 0.98,
        "charger_max_current_a": 3300.0,
        "charger_max_kw": 2000.0,
        "grid_export_kw": 2000.0,
        "grid_import_kw": 2000.0,
        "line": "line-18",
        "pv_nameplate_kw": 300.0,
        "station": "line-18-0286-0387-s001229",
        "storage_capacity_kwh": 2000.0,
        "storage_initial_soc": 0.5,
        "storage_max_charge_kw": 2000.0,
        "storage_max_discharge_kw": 2000.0,
        "storage_module_kwh": 500.0,
        "tier": "standard"
      },
      "type": "Feature"
    },
    {
      "geometry": {
        "coordinates": [
          44.28864416268456,
          33.461757189648345
        ],
        "type": "Point"
      },
      "properties": {
        "charger_bus_voltage_v": 650.0,
        "charger_contact_count": 8,
        "charger_efficiency": 0.98,
        "charger_max_current_a": 3300.0,
        "charger_max_kw": 2000.0,
        "grid_export_kw": 2000.0,
        "grid_import_kw": 2000.0,
        "line": "line-18",
        "pv_nameplate_kw": 300.0,
        "station": "line-18-0212-0412-s002916",
        "storage_capacity_kwh": 2000.0,
        "storage_initial_soc": 0.5,
        "storage_max_charge_kw": 2000.0,
        "storage_max_discharge_kw": 2000.0,
        "storage_module_kwh": 500.0,
        "tier": "standard"
      },
      "type": "Feature"
    },
    {
      "geometry": {
        "coordinates": [
          44.33699552414886,
          33.488752114602455
        ],
        "type": "Point"
      },
      "properties": {
        "charger_bus_voltage_v": 650.0,
        "charger_contact_count": 8,
        "charger_efficiency": 0.98,
        "charger_max_current_a": 3300.0,
        "charger_max_kw": 2000.0,
        "grid_export_kw": 3200.0,
        "grid_import_kw": 3200.0,
        "line": "line-18",
        "pv_nameplate_kw": 300.0,
        "station": "line-18-0062-0637-s008849",
        "storage_capacity_kwh": 2000.0,
        "storage_initial_soc": 0.6,
        "storage_max_charge_kw": 2000.0,
        "storage_max_discharge_kw": 2000.0,
        "storage_module_kwh": 500.0,
        "tier": "terminal"
      },
      "type": "Feature"
    },
    {
      "geometry": {
        "coordinates": [
          44.54501382591529,
          33.44987942266854
        ],
        "type": "Point"
      },
      "properties": {
        "charger_bus_voltage_v": 650.0,
        "charger_contact_count": 8,
        "charger_efficiency": 0.98,
        "charger_max_current_a": 3300.0,
        "charger_max_kw": 2000.0,
        "grid_export_kw": 3200.0,
        "grid_import_kw": 3200.0,
        "line": "line-19",
        "pv_nameplate_kw": 300.0,
        "station": "line-19-0278-1605-s000000",
        "storage_capacity_kwh": 2000.0,
        "storage_initial_soc": 0.6,
        "storage_max_charge_kw": 2000.0,
        "storage_max_discharge_kw": 2000.0,
        "storage_module_kwh": 500.0,
        "tier": "terminal"
      },
      "type": "Feature"
    },
    {
      "geometry": {
        "coordinates": [
          44.53641802832164,
          33.44987942266854
        ],
        "type": "Point"
      },
      "properties": {
        "charger_bus_voltage_v": 650.0,
        "charger_contact_count": 8,
        "charger_efficiency": 0.98,
        "charger_max_current_a": 3300.0,
        "charger_max_kw": 2000.0,
        "grid_export_kw": 2400.0,
        "grid_import_kw": 2400.0,
        "line": "line-19",
        "pv_nameplate_kw": 300.0,
        "station": "line-19-0278-1565-s000800",
        "storage_capacity_kwh": 2000.0,
        "storage_initial_soc": 0.5,
        "storage_max_charge_kw": 2000.0,
        "storage_max_discharge_kw": 2000.0,
        "storage_module_kwh": 500.0,
        "tier": "interchange"
      },
      "type": "Feature"
    },
    {
      "geometry": {
        "coordinates": [
          44.52159027747258,
          33.451139185833064
        ],
        "type": "Point"
      },
      "properties": {
        "charger_bus_voltage_v": 650.0,
        "charger_contact_count": 8,
        "charger_efficiency": 0.98,
        "charger_max_current_a": 3300.0,
        "charger_max_kw": 2000.0,
        "grid_export_kw": 2000.0,
        "grid_import_kw": 2000.0,
        "line": "line-19",
        "pv_nameplate_kw": 300.0,
        "station": "line-19-0271-1496-s002387",
        "storage_capacity_kwh": 2000.0,
        "storage_initial_soc": 0.5,
        "storage_max_charge_kw": 2000.0,
        "storage_max_discharge_kw": 2000.0,
        "storage_module_kwh": 500.0,
        "tier": "standard"
      },
      "type": "Feature"
    },
    {
      "geometry": {
        "coordinates": [
          44.51965622301401,
          33.461757189648345
        ],
        "type": "Point"
      },
      "properties": {
        "charger_bus_voltage_v": 650.0,
        "charger_contact_count": 8,
        "charger_efficiency": 0.98,
        "charger_max_current_a": 3300.0,
        "charger_max_kw": 2000.0,
        "grid_export_kw": 2000.0,
        "grid_import_kw": 2000.0,
        "line": "line-19",
        "pv_nameplate_kw": 300.0,
        "station": "line-19-0212-1487-s003642",
        "storage_capacity_kwh": 2000.0,
        "storage_initial_soc": 0.5,
        "storage_max_charge_kw": 2000.0,
        "storage_max_discharge_kw": 2000.0,
        "storage_module_kwh": 500.0,
        "tier": "standard"
      },
      "type": "Feature"
    },
    {
      "geometry": {
        "coordinates": [
          44.51965622301401,
          33.488752114602455
        ],
        "type": "Point"
      },
      "properties": {
        "charger_bus_voltage_v": 650.0,
        "charger_contact_count": 8,
        "charger_efficiency": 0.98,
        "charger_max_current_a": 3300.0,
        "charger_max_kw": 2000.0,
        "grid_export_kw": 3200.0,
        "grid_import_kw": 3200.0,
        "line": "line-19",
        "pv_nameplate_kw": 300.0,
        "station": "line-19-0062-1487-s006741",
        "storage_capacity_kwh": 2000.0,
        "storage_initial_soc": 0.6,
        "storage_max_charge_kw": 2000.0,
        "storage_max_discharge_kw": 2000.0,
        "storage_module_kwh": 500.0,
        "tier": "terminal"
      },
      "type": "Feature"
    },
    {
      "geometry": {
        "coordinates": [
          44.67115715560217,
          33.14231724435806
        ],
        "type": "Point"
      },
      "properties": {
        "charger_bus_voltage_v": 650.0,
        "charger_contact_count": 8,
        "charger_efficiency": 0.98,
        "charger_max_current_a": 3300.0,
        "charger_max_kw": 2000.0,
        "grid_export_kw": 3200.0,
        "grid_import_kw": 3200.0,
        "line": "line-2",
        "pv_nameplate_kw": 300.0,
        "station": "line-2-1987-2192-s000000",
        "storage_capacity_kwh": 2000.0,
        "storage_initial_soc": 0.6,
        "storage_max_charge_kw": 2000.0,
        "storage_max_discharge_kw": 2000.0,
        "storage_module_kwh": 500.0,
        "tier": "terminal"
      },
      "type": "Feature"
    },
    {
      "geometry": {
        "coordinates": [
          44.611416362326274,
          33.17723068063204
        ],
        "type": "Point"
      },
      "properties": {
        "charger_bus_voltage_v": 650.0,
        "charger_contact_count": 8,
        "charger_efficiency": 0.98,
        "charger_max_current_a": 3300.0,
        "charger_max_kw": 2000.0,
        "grid_export_kw": 2000.0,
        "grid_import_kw": 2000.0,
        "line": "line-2",
        "pv_nameplate_kw": 300.0,
        "station": "line-2-1793-1914-s007191",
        "storage_capacity_kwh": 2000.0,
        "storage_initial_soc": 0.5,
        "storage_max_charge_kw": 2000.0,
        "storage_max_discharge_kw": 2000.0,
        "storage_module_kwh": 500.0,
        "tier": "standard"
      },
      "type": "Feature"
    },
    {
      "geometry": {
        "coordinates": [
          44.58476938978594,
          33.19324766943814
        ],
        "type": "Point"
      },
      "properties": {
        "charger_bus_voltage_v": 650.0,
        "charger_contact_count": 8,
        "charger_efficiency": 0.98,
        "charger_max_current_a": 3300.0,
        "charger_max_kw": 2000.0,
        "grid_export_kw": 2000.0,
        "grid_import_kw": 2000.0,
        "line": "line-2",
        "pv_nameplate_kw": 300.0,
        "station": "line-2-1704-1790-s010408",
        "storage_capacity_kwh": 2000.0,
        "storage_initial_soc": 0.5,
        "storage_max_charge_kw": 2000.0,
        "storage_max_discharge_kw": 2000.0,
        "storage_module_kwh": 500.0,
        "tier": "standard"
      },
      "type": "Feature"
    },
    {
      "geometry": {
        "coordinates": [
          44.571231008575936,
          33.20062628225894
        ],
        "type": "Point"
      },
      "properties": {
        "charger_bus_voltage_v": 650.0,
        "charger_contact_count": 8,
        "charger_efficiency": 0.98,
        "charger_max_current_a": 3300.0,
        "charger_max_kw": 2000.0,
        "grid_export_kw": 2000.0,
        "grid_import_kw": 2000.0,
        "line": "line-2",
        "pv_nameplate_kw": 300.0,
        "station": "line-2-1663-1727-s012008",
        "storage_capacity_kwh": 2000.0,
        "storage_initial_soc": 0.5,
        "storage_max_charge_kw": 2000.0,
        "storage_max_discharge_kw": 2000.0,
        "storage_module_kwh": 500.0,
        "tier": "standard"
      },
      "type": "Feature"
    },
    {
      "geometry": {
        "coordinates": [
          44.557477732426094,
          33.205665334917036
        ],
        "type": "Point"
      },
      "properties": {
        "charger_bus_voltage_v": 650.0,
        "charger_contact_count": 8,
        "charger_efficiency": 0.98,
        "charger_max_current_a": 3300.0,
        "charger_max_kw": 2000.0,
        "grid_export_kw": 2000.0,
        "grid_import_kw": 2000.0,
        "line": "line-2",
        "pv_nameplate_kw": 300.0,
        "station": "line-2-1635-1663-s013604",
        "storage_capacity_kwh": 2000.0,
        "storage_initial_soc": 0.5,
        "storage_max_charge_kw": 2000.0,
        "storage_max_discharge_kw": 2000.0,
        "storage_module_kwh": 500.0,
        "tier": "standard"
      },
      "type": "Feature"
    },
    {
      "geometry": {
        "coordinates": [
          44.54780746013323,
          33.213403880070544
        ],
        "type": "Point"
      },
      "properties": {
        "charger_bus_voltage_v": 650.0,
        "charger_contact_count": 8,
        "charger_efficiency": 0.98,
        "charger_max_current_a": 3300.0,
        "charger_max_kw": 2000.0,
        "grid_export_kw": 2000.0,
        "grid_import_kw": 2000.0,
        "line": "line-2",
        "pv_nameplate_kw": 300.0,
        "station": "line-2-1592-1618-s015201",
        "storage_capacity_kwh": 2000.0,
        "storage_initial_soc": 0.5,
        "storage_max_charge_kw": 2000.0,
        "storage_max_discharge_kw": 2000.0,
        "storage_module_kwh": 500.0,
        "tier": "standard"
      },
      "type": "Feature"
    },
    {
      "geometry": {
        "coordinates": [
          44.534054183983386,
          33.22024259439225
        ],
        "type": "Point"
      },
      "properties": {
        "charger_bus_voltage_v": 650.0,
        "charger_contact_count": 8,
        "charger_efficiency": 0.98,
        "charger_max_current_a": 3300.0,
        "charger_max_kw": 2000.0,
        "grid_export_kw": 2000.0,
        "grid_import_kw": 2000.0,
        "line": "line-2",
        "pv_nameplate_kw": 300.0,
        "station": "line-2-1554-1554-s016796",
        "storage_capacity_kwh": 2000.0,
        "storage_initial_soc": 0.5,
        "storage_max_charge_kw": 2000.0,
        "storage_max_discharge_kw": 2000.0,
        "storage_module_kwh": 500.0,
        "tier": "standard"
      },
      "type": "Feature"
    },
    {
      "geometry": {
        "coordinates": [
          44.5175072736156,
          33.22924090271029
        ],
        "type": "Point"
      },
      "properties": {
        "charger_bus_voltage_v": 650.0,
        "charger_contact_count": 8,
        "charger_efficiency": 0.98,
        "charger_max_current_a": 3300.0,
        "charger_max_kw": 2000.0,
        "grid_export_kw": 2400.0,
        "grid_import_kw": 2400.0,
        "line": "line-2",
        "pv_nameplate_kw": 300.0,
        "station": "line-2-1504-1477-s018846",
        "storage_capacity_kwh": 2000.0,
        "storage_initial_soc": 0.5,
        "storage_max_charge_kw": 2000.0,
        "storage_max_discharge_kw": 2000.0,
        "storage_module_kwh": 500.0,
        "tier": "interchange"
      },
      "type": "Feature"
    },
    {
      "geometry": {
        "coordinates": [
          44.49666246445099,
          33.242558399020986
        ],
        "type": "Point"
      },
      "properties": {
        "charger_bus_voltage_v": 650.0,
        "charger_contact_count": 8,
        "charger_efficiency": 0.98,
        "charger_max_current_a": 3300.0,
        "charger_max_kw": 2000.0,
        "grid_export_kw": 2000.0,
        "grid_import_kw": 2000.0,
        "line": "line-2",
        "pv_nameplate_kw": 300.0,
        "station": "line-2-1430-1380-s021596",
        "storage_capacity_kwh": 2000.0,
        "storage_initial_soc": 0.5,
        "storage_max_charge_kw": 2000.0,
        "storage_max_discharge_kw": 2000.0,
        "storage_module_kwh": 500.0,
        "tier": "standard"
      },
      "type": "Feature"
    },
    {
      "geometry": {
        "coordinates": [
          44.48312408324098,
          33.251016808839935
        ],
        "type": "Point"
      },
      "properties": {
        "charger_bus_voltage_v": 650.0,
        "charger_contact_count": 8,
        "charger_efficiency": 0.98,
        "charger_max_current_a": 3300.0,
        "charger_max_kw": 2000.0,
        "grid_export_kw": 2400.0,
        "grid_import_kw": 2400.0,
        "line": "line-2",
        "pv_nameplate_kw": 300.0,
        "station": "line-2-1383-1317-s023351",
        "storage_capacity_kwh": 2000.0,
        "storage_initial_soc": 0.5,
        "storage_max_charge_kw": 2000.0,
        "storage_max_discharge_kw": 2000.0,
        "storage_module_kwh": 500.0,
        "tier": "interchange"
      },
      "type": "Feature"
    },
    {
      "geometry": {
        "coordinates": [
          44.477107024925424,
          33.254796098333514
        ],
        "type": "Point"
      },
      "properties": {
        "charger_bus_voltage_v": 650.0,
        "charger_contact_count": 8,
        "charger_efficiency": 0.98,
        "charger_max_current_a": 3300.0,
        "charger_max_kw": 2000.0,
        "grid_export_kw": 2400.0,
        "grid_import_kw": 2400.0,
        "line": "line-2",
        "pv_nameplate_kw": 300.0,
        "station": "line-2-1362-1289-s024085",
        "storage_capacity_kwh": 2000.0,
        "storage_initial_soc": 0.5,
        "storage_max_charge_kw": 2000.0,
        "storage_max_discharge_kw": 2000.0,
        "storage_module_kwh": 500.0,
        "tier": "interchange"
      },
      "type": "Feature"
    },
    {
      "geometry": {
        "coordinates": [
          44.461634589256846,
          33.264694237483354
        ],
        "type": "Point"
      },
      "properties": {
        "charger_bus_voltage_v": 650.0,
        "charger_contact_count": 8,
        "charger_efficiency": 0.98,
        "charger_max_current_a": 3300.0,
        "charger_max_kw": 2000.0,
        "grid_export_kw": 2400.0,
        "grid_import_kw": 2400.0,
        "line": "line-2",
        "pv_nameplate_kw": 300.0,
        "station": "line-2-1307-1217-s026156",
        "storage_capacity_kwh": 2000.0,
        "storage_initial_soc": 0.5,
        "storage_max_charge_kw": 2000.0,
        "storage_max_discharge_kw": 2000.0,
        "storage_module_kwh": 500.0,
        "tier": "interchange"
      },
      "type": "Feature"
    },
    {
      "geometry": {
        "coordinates": [
          44.45217921190383,
          33.27063312097326
        ],
        "type": "Point"
      },
      "properties": {
        "charger_bus_voltage_v": 650.0,
        "charger_contact_count": 8,
        "charger_efficiency": 0.98,
        "charger_max_current_a": 3300.0,
        "charger_max_kw": 2000.0,
        "grid_export_kw": 2400.0,
        "grid_import_kw": 2400.0,
        "line": "line-2",
        "pv_nameplate_kw": 300.0,
        "station": "line-2-1274-1173-s027403",
        "storage_capacity_kwh": 2000.0,
        "storage_initial_soc": 0.5,
        "storage_max_charge_kw": 2000.0,
        "storage_max_discharge_kw": 2000.0,
        "storage_module_kwh": 500.0,
        "tier": "interchange"
      },
      "type": "Feature"
    },
    {
      "geometry": {
        "coordinates": [
          44.45174942202414,
          33.27099305330598
        ],
        "type": "Point"
      },
      "properties": {
        "charger_bus_voltage_v": 650.0,
        "charger_contact_count": 8,
        "charger_efficiency": 0.98,
        "charger_max_current_a": 3300.0,
        "charger_max_kw": 2000.0,
        "grid_export_kw": 2400.0,
        "grid_import_kw": 2400.0,
        "line": "line-2",
        "pv_nameplate_kw": 300.0,
        "station": "line-2-1272-1171-s027472",
        "storage_capacity_kwh": 2000.0,
        "storage_initial_soc": 0.5,
        "storage_max_charge_kw": 2000.0,
        "storage_max_discharge_kw": 2000.0,
        "storage_module_kwh": 500.0,
        "tier": "interchange"
      },
      "type": "Feature"
    },
    {
      "geometry": {
        "coordinates": [
          44.437351461054774,
          33.27999136162401
        ],
        "type": "Point"
      },
      "properties": {
        "charger_bus_voltage_v": 650.0,
        "charger_contact_count": 8,
        "charger_efficiency": 0.98,
        "charger_max_current_a": 3300.0,
        "charger_max_kw": 2000.0,
        "grid_export_kw": 2400.0,
        "grid_import_kw": 2400.0,
        "line": "line-2",
        "pv_nameplate_kw": 300.0,
        "station": "line-2-1222-1104-s029320",
        "storage_capacity_kwh": 2000.0,
        "storage_initial_soc": 0.5,
        "storage_max_charge_kw": 2000.0,
        "storage_max_discharge_kw": 2000.0,
        "storage_module_kwh": 500.0,
        "tier": "interchange"
      },
      "type": "Feature"
    },
    {
      "geometry": {
        "coordinates": [
          44.427251398882234,
          33.286470143613
        ],
        "type": "Point"
      },
      "properties": {
        "charger_bus_voltage_v": 650.0,
        "charger_contact_count": 8,
        "charger_efficiency": 0.98,
        "charger_max_current_a": 3300.0,
        "charger_max_kw": 2000.0,
        "grid_export_kw": 2400.0,
        "grid_import_kw": 2400.0,
        "line": "line-2",
        "pv_nameplate_kw": 300.0,
        "station": "line-2-1186-1057-s030675",
        "storage_capacity_kwh": 2000.0,
        "storage_initial_soc": 0.5,
        "storage_max_charge_kw": 2000.0,
        "storage_max_discharge_kw": 2000.0,
        "storage_module_kwh": 500.0,
        "tier": "interchange"
      },
      "type": "Feature"
    },
    {
      "geometry": {
        "coordinates": [
          44.41543217719096,
          33.29402872260015
        ],
        "type": "Point"
      },
      "properties": {
        "charger_bus_voltage_v": 650.0,
        "charger_contact_count": 8,
        "charger_efficiency": 0.98,
        "charger_max_current_a": 3300.0,
        "charger_max_kw": 2000.0,
        "grid_export_kw": 2400.0,
        "grid_import_kw": 2400.0,
        "line": "line-2",
        "pv_nameplate_kw": 300.0,
        "station": "line-2-1144-1002-s032146",
        "storage_capacity_kwh": 2000.0,
        "storage_initial_soc": 0.5,
        "storage_max_charge_kw": 2000.0,
        "storage_max_discharge_kw": 2000.0,
        "storage_module_kwh": 500.0,
        "tier": "interchange"
      },
      "type": "Feature"
    },
    {
      "geometry": {
        "coordinates": [
          44.412423648033176,
          33.29582838426376
        ],
        "type": "Point"
      },
      "properties": {
        "charger_bus_voltage_v": 650.0,
        "charger_contact_count": 8,
        "charger_efficiency": 0.98,
        "charger_max_current_a": 3300.0,
        "charger_max_kw": 2000.0,
        "grid_export_kw": 2400.0,
        "grid_import_kw": 2400.0,
        "line": "line-2",
        "pv_nameplate_kw": 300.0,
        "station": "line-2-1134-0988-s032544",
        "storage_capacity_kwh": 2000.0,
        "storage_initial_soc": 0.5,
        "storage_max_charge_kw": 2000.0,
        "storage_max_discharge_kw": 2000.0,
        "storage_module_kwh": 500.0,
        "tier": "interchange"
      },
      "type": "Feature"
    },
    {
      "geometry": {
        "coordinates": [
          44.398670371883334,
          33.30446676024907
        ],
        "type": "Point"
      },
      "properties": {
        "charger_bus_voltage_v": 650.0,
        "charger_contact_count": 8,
        "charger_efficiency": 0.98,
        "charger_max_current_a": 3300.0,
        "charger_max_kw": 2000.0,
        "grid_export_kw": 2000.0,
        "grid_import_kw": 2000.0,
        "line": "line-2",
        "pv_nameplate_kw": 300.0,
        "station": "line-2-1086-0924-s034409",
        "storage_capacity_kwh": 2000.0,
        "storage_initial_soc": 0.5,
        "storage_max_charge_kw": 2000.0,
        "storage_max_discharge_kw": 2000.0,
        "storage_module_kwh": 500.0,
        "tier": "standard"
      },
      "type": "Feature"
    },
    {
      "geometry": {
        "coordinates": [
          44.38061919693666,
          33.31598459489616
        ],
        "type": "Point"
      },
      "properties": {
        "charger_bus_voltage_v": 650.0,
        "charger_contact_count": 8,
        "charger_efficiency": 0.98,
        "charger_max_current_a": 3300.0,
        "charger_max_kw": 2000.0,
        "grid_export_kw": 2400.0,
        "grid_import_kw": 2400.0,
        "line": "line-2",
        "pv_nameplate_kw": 300.0,
        "station": "line-2-1022-0840-s036713",
        "storage_capacity_kwh": 2000.0,
        "storage_initial_soc": 0.5,
        "storage_max_charge_kw": 2000.0,
        "storage_max_discharge_kw": 2000.0,
        "storage_module_kwh": 500.0,
        "tier": "interchange"
      },
      "type": "Feature"
    },
    {
      "geometry": {
        "coordinates": [
          44.370089344884434,
          33.3226433430515
        ],
        "type": "Point"
      },
      "properties": {
        "charger_bus_voltage_v": 650.0,
        "charger_contact_count": 8,
        "charger_efficiency": 0.98,
        "charger_max_current_a": 3300.0,
        "charger_max_kw": 2000.0,
        "grid_export_kw": 2000.0,
        "grid_import_kw": 2000.0,
        "line": "line-2",
        "pv_nameplate_kw": 300.0,
        "station": "line-2-0985-0791-s038140",
        "storage_capacity_kwh": 2000.0,
        "storage_initial_soc": 0.5,
        "storage_max_charge_kw": 2000.0,
        "storage_max_discharge_kw": 2000.0,
        "storage_module_kwh": 500.0,
        "tier": "standard"
      },
      "type": "Feature"
    },
    {
      "geometry": {
        "coordinates": [
          44.356336068734585,
          33.33146168520318
        ],
        "type": "Point"
      },
      "properties": {
        "charger_bus_voltage_v": 650.0,
        "charger_contact_count": 8,
        "charger_efficiency": 0.98,
        "charger_max_current_a": 3300.0,
        "charger_max_kw": 2000.0,
        "grid_export_kw": 2400.0,
        "grid_import_kw": 2400.0,
        "line": "line-2",
        "pv_nameplate_kw": 300.0,
        "station": "line-2-0936-0727-s039920",
        "storage_capacity_kwh": 2000.0,
        "storage_initial_soc": 0.5,
        "storage_max_charge_kw": 2000.0,
        "storage_max_discharge_kw": 2000.0,
        "storage_module_kwh": 500.0,
        "tier": "interchange"
      },
      "type": "Feature"
    },
    {
      "geometry": {
        "coordinates": [
          44.3361359443895,
          33.34405931684843
        ],
        "type": "Point"
      },
      "properties": {
        "charger_bus_voltage_v": 650.0,
        "charger_contact_count": 8,
        "charger_efficiency": 0.98,
        "charger_max_current_a": 3300.0,
        "charger_max_kw": 2000.0,
        "grid_export_kw": 2400.0,
        "grid_import_kw": 2400.0,
        "line": "line-2",
        "pv_nameplate_kw": 300.0,
        "station": "line-2-0866-0633-s042579",
        "storage_capacity_kwh": 2000.0,
        "storage_initial_soc": 0.5,
        "storage_max_charge_kw": 2000.0,
        "storage_max_discharge_kw": 2000.0,
        "storage_module_kwh": 500.0,
        "tier": "interchange"
      },
      "type": "Feature"
    },
    {
      "geometry": {
        "coordinates": [
          44.32496140751775,
          33.35125796350286
        ],
        "type": "Point"
      },
      "properties": {
        "charger_bus_voltage_v": 650.0,
        "charger_contact_count": 8,
        "charger_efficiency": 0.98,
        "charger_max_current_a": 3300.0,
        "charger_max_kw": 2000.0,
        "grid_export_kw": 2400.0,
        "grid_import_kw": 2400.0,
        "line": "line-2",
        "pv_nameplate_kw": 300.0,
        "station": "line-2-0826-0581-s043997",
        "storage_capacity_kwh": 2000.0,
        "storage_initial_soc": 0.5,
        "storage_max_charge_kw": 2000.0,
        "storage_max_discharge_kw": 2000.0,
        "storage_module_kwh": 500.0,
        "tier": "interchange"
      },
      "type": "Feature"
    },
    {
      "geometry": {
        "coordinates": [
          44.31271239594679,
          33.358996508656375
        ],
        "type": "Point"
      },
      "properties": {
        "charger_bus_voltage_v": 650.0,
        "charger_contact_count": 8,
        "charger_efficiency": 0.98,
        "charger_max_current_a": 3300.0,
        "charger_max_kw": 2000.0,
        "grid_export_kw": 2000.0,
        "grid_import_kw": 2000.0,
        "line": "line-2",
        "pv_nameplate_kw": 300.0,
        "station": "line-2-0783-0524-s045611",
        "storage_capacity_kwh": 2000.0,
        "storage_initial_soc": 0.5,
        "storage_max_charge_kw": 2000.0,
        "storage_max_discharge_kw": 2000.0,
        "storage_module_kwh": 500.0,
        "tier": "standard"
      },
      "type": "Feature"
    },
    {
      "geometry": {
        "coordinates": [
          44.29208248172202,
          33.3721340388007
        ],
        "type": "Point"
      },
      "properties": {
        "charger_bus_voltage_v": 650.0,
        "charger_contact_count": 8,
        "charger_efficiency": 0.98,
        "charger_max_current_a": 3300.0,
        "charger_max_kw": 2000.0,
        "grid_export_kw": 2400.0,
        "grid_import_kw": 2400.0,
        "line": "line-2",
        "pv_nameplate_kw": 300.0,
        "station": "line-2-0710-0428-s048335",
        "storage_capacity_kwh": 2000.0,
        "storage_initial_soc": 0.5,
        "storage_max_charge_kw": 2000.0,
        "storage_max_discharge_kw": 2000.0,
        "storage_module_kwh": 500.0,
        "tier": "interchange"
      },
      "type": "Feature"
    },
    {
      "geometry": {
        "coordinates": [
          44.269948302918365,
          33.37825288845697
        ],
        "type": "Point"
      },
      "properties": {
        "charger_bus_voltage_v": 650.0,
        "charger_contact_count": 8,
        "charger_efficiency": 0.98,
        "charger_max_current_a": 3300.0,
        "charger_max_kw": 2000.0,
        "grid_export_kw": 2400.0,
        "grid_import_kw": 2400.0,
        "line": "line-2",
        "pv_nameplate_kw": 300.0,
        "station": "line-2-0676-0325-s050990",
        "storage_capacity_kwh": 2000.0,
        "storage_initial_soc": 0.5,
        "storage_max_charge_kw": 2000.0,
        "storage_max_discharge_kw": 2000.0,
        "storage_module_kwh": 500.0,
        "tier": "interchange"
      },
      "type": "Feature"
    },
    {
      "geometry": {
        "coordinates": [
          44.263716349662964,
          33.39283014793219
        ],
        "type": "Point"
      },
      "properties": {
        "charger_bus_voltage_v": 650.0,
        "charger_contact_count": 8,
        "charger_efficiency": 0.98,
        "charger_max_current_a": 3300.0,
        "charger_max_kw": 2000.0,
        "grid_export_kw": 12000.0,
        "grid_import_kw": 12000.0,
        "line": "line-2",
        "pv_nameplate_kw": 5000.0,
        "station": "line-2-0595-0296-s052851",
        "storage_capacity_kwh": 40000.0,
        "storage_initial_soc": 0.6,
        "storage_max_charge_kw": 10000.0,
        "storage_max_discharge_kw": 10000.0,
        "storage_module_kwh": 500.0,
        "tier": "depot-main"
      },
      "type": "Feature"
    },
    {
      "geometry": {
        "coordinates": [
          44.37975961717729,
          33.367094986142604
        ],
        "type": "Point"
      },
      "properties": {
        "charger_bus_voltage_v": 650.0,
        "charger_contact_count": 8,
        "charger_efficiency": 0.98,
        "charger_max_current_a": 3300.0,
        "charger_max_kw": 2000.0,
        "grid_export_kw": 3200.0,
        "grid_import_kw": 3200.0,
        "line": "line-20",
        "pv_nameplate_kw": 300.0,
        "station": "line-20-0738-0836-s000000",
        "storage_capacity_kwh": 2000.0,
        "storage_initial_soc": 0.6,
        "storage_max_charge_kw": 2000.0,
        "storage_max_discharge_kw": 2000.0,
        "storage_module_kwh": 500.0,
        "tier": "terminal"
      },
      "type": "Feature"
    },
    {
      "geometry": {
        "coordinates": [
          44.363642496689195,
          33.367094986142604
        ],
        "type": "Point"
      },
      "properties": {
        "charger_bus_voltage_v": 650.0,
        "charger_contact_count": 8,
        "charger_efficiency": 0.98,
        "charger_max_current_a": 3300.0,
        "charger_max_kw": 2000.0,
        "grid_export_kw": 2000.0,
        "grid_import_kw": 2000.0,
        "line": "line-20",
        "pv_nameplate_kw": 300.0,
        "station": "line-20-0738-0761-s001500",
        "storage_capacity_kwh": 2000.0,
        "storage_initial_soc": 0.5,
        "storage_max_charge_kw": 2000.0,
        "storage_max_discharge_kw": 2000.0,
        "storage_module_kwh": 500.0,
        "tier": "standard"
      },
      "type": "Feature"
    },
    {
      "geometry": {
        "coordinates": [
          44.35053390535887,
          33.3561170499946
        ],
        "type": "Point"
      },
      "properties": {
        "charger_bus_voltage_v": 650.0,
        "charger_contact_count": 8,
        "charger_efficiency": 0.98,
        "charger_max_current_a": 3300.0,
        "charger_max_kw": 2000.0,
        "grid_export_kw": 2400.0,
        "grid_import_kw": 2400.0,
        "line": "line-20",
        "pv_nameplate_kw": 300.0,
        "station": "line-20-0799-0700-s003284",
        "storage_capacity_kwh": 2000.0,
        "storage_initial_soc": 0.5,
        "storage_max_charge_kw": 2000.0,
        "storage_max_discharge_kw": 2000.0,
        "storage_module_kwh": 500.0,
        "tier": "interchange"
      },
      "type": "Feature"
    },
    {
      "geometry": {
        "coordinates": [
          44.3361359443895,
          33.34405931684843
        ],
        "type": "Point"
      },
      "properties": {
        "charger_bus_voltage_v": 650.0,
        "charger_contact_count": 8,
        "charger_efficiency": 0.98,
        "charger_max_current_a": 3300.0,
        "charger_max_kw": 2000.0,
        "grid_export_kw": 2400.0,
        "grid_import_kw": 2400.0,
        "line": "line-20",
        "pv_nameplate_kw": 300.0,
        "station": "line-20-0866-0633-s005179",
        "storage_capacity_kwh": 2000.0,
        "storage_initial_soc": 0.5,
        "storage_max_charge_kw": 2000.0,
        "storage_max_discharge_kw": 2000.0,
        "storage_module_kwh": 500.0,
        "tier": "interchange"
      },
      "type": "Feature"
    },
    {
      "geometry": {
        "coordinates": [
          44.320878403660764,
          33.331281719036824
        ],
        "type": "Point"
      },
      "properties": {
        "charger_bus_voltage_v": 650.0,
        "charger_contact_count": 8,
        "charger_efficiency": 0.98,
        "charger_max_current_a": 3300.0,
        "charger_max_kw": 2000.0,
        "grid_export_kw": 3200.0,
        "grid_import_kw": 3200.0,
        "line": "line-20",
        "pv_nameplate_kw": 300.0,
        "station": "line-20-0937-0562-s007187",
        "storage_capacity_kwh": 2000.0,
        "storage_initial_soc": 0.6,
        "storage_max_charge_kw": 2000.0,
        "storage_max_discharge_kw": 2000.0,
        "storage_module_kwh": 500.0,
        "tier": "terminal"
      },
      "type": "Feature"
    },
    {
      "geometry": {
        "coordinates": [
          44.28284199930884,
          33.282150955620345
        ],
        "type": "Point"
      },
      "properties": {
        "charger_bus_voltage_v": 650.0,
        "charger_contact_count": 8,
        "charger_efficiency": 0.98,
        "charger_max_current_a": 3300.0,
        "charger_max_kw": 2000.0,
        "grid_export_kw": 3200.0,
        "grid_import_kw": 3200.0,
        "line": "line-21",
        "pv_nameplate_kw": 300.0,
        "station": "line-21-1210-0385-s000000",
        "storage_capacity_kwh": 2000.0,
        "storage_initial_soc": 0.6,
        "storage_max_charge_kw": 2000.0,
        "storage_max_discharge_kw": 2000.0,
        "storage_module_kwh": 500.0,
        "tier": "terminal"
      },
      "type": "Feature"
    },
    {
      "geometry": {
        "coordinates": [
          44.27252704219646,
          33.272612748803226
        ],
        "type": "Point"
      },
      "properties": {
        "charger_bus_voltage_v": 650.0,
        "charger_contact_count": 8,
        "charger_efficiency": 0.98,
        "charger_max_current_a": 3300.0,
        "charger_max_kw": 2000.0,
        "grid_export_kw": 2000.0,
        "grid_import_kw": 2000.0,
        "line": "line-21",
        "pv_nameplate_kw": 300.0,
        "station": "line-21-1263-0337-s001458",
        "storage_capacity_kwh": 2000.0,
        "storage_initial_soc": 0.5,
        "storage_max_charge_kw": 2000.0,
        "storage_max_discharge_kw": 2000.0,
        "storage_module_kwh": 500.0,
        "tier": "standard"
      },
      "type": "Feature"
    },
    {
      "geometry": {
        "coordinates": [
          44.25640992170836,
          33.27009322247417
        ],
        "type": "Point"
      },
      "properties": {
        "charger_bus_voltage_v": 650.0,
        "charger_contact_count": 8,
        "charger_efficiency": 0.98,
        "charger_max_current_a": 3300.0,
        "charger_max_kw": 2000.0,
        "grid_export_kw": 2000.0,
        "grid_import_kw": 2000.0,
        "line": "line-21",
        "pv_nameplate_kw": 300.0,
        "station": "line-21-1277-0262-s003074",
        "storage_capacity_kwh": 2000.0,
        "storage_initial_soc": 0.5,
        "storage_max_charge_kw": 2000.0,
        "storage_max_discharge_kw": 2000.0,
        "storage_module_kwh": 500.0,
        "tier": "standard"
      },
      "type": "Feature"
    },
    {
      "geometry": {
        "coordinates": [
          44.242011960738985,
          33.26415433898427
        ],
        "type": "Point"
      },
      "properties": {
        "charger_bus_voltage_v": 650.0,
        "charger_contact_count": 8,
        "charger_efficiency": 0.98,
        "charger_max_current_a": 3300.0,
        "charger_max_kw": 2000.0,
        "grid_export_kw": 2400.0,
        "grid_import_kw": 2400.0,
        "line": "line-21",
        "pv_nameplate_kw": 300.0,
        "station": "line-21-1310-0195-s004687",
        "storage_capacity_kwh": 2000.0,
        "storage_initial_soc": 0.5,
        "storage_max_charge_kw": 2000.0,
        "storage_max_discharge_kw": 2000.0,
        "storage_module_kwh": 500.0,
        "tier": "interchange"
      },
      "type": "Feature"
    },
    {
      "geometry": {
        "coordinates": [
          44.23535021760391,
          33.26397437281791
        ],
        "type": "Point"
      },
      "properties": {
        "charger_bus_voltage_v": 650.0,
        "charger_contact_count": 8,
        "charger_efficiency": 0.98,
        "charger_max_current_a": 3300.0,
        "charger_max_kw": 2000.0,
        "grid_export_kw": 2400.0,
        "grid_import_kw": 2400.0,
        "line": "line-21",
        "pv_nameplate_kw": 300.0,
        "station": "line-21-1311-0164-s005321",
        "storage_capacity_kwh": 2000.0,
        "storage_initial_soc": 0.5,
        "storage_max_charge_kw": 2000.0,
        "storage_max_discharge_kw": 2000.0,
        "storage_module_kwh": 500.0,
        "tier": "interchange"
      },
      "type": "Feature"
    },
    {
      "geometry": {
        "coordinates": [
          44.229333159288345,
          33.268473526976926
        ],
        "type": "Point"
      },
      "properties": {
        "charger_bus_voltage_v": 650.0,
        "charger_contact_count": 8,
        "charger_efficiency": 0.98,
        "charger_max_current_a": 3300.0,
        "charger_max_kw": 2000.0,
        "grid_export_kw": 2400.0,
        "grid_import_kw": 2400.0,
        "line": "line-21",
        "pv_nameplate_kw": 300.0,
        "station": "line-21-1286-0136-s006099",
        "storage_capacity_kwh": 2000.0,
        "storage_initial_soc": 0.5,
        "storage_max_charge_kw": 2000.0,
        "storage_max_discharge_kw": 2000.0,
        "storage_module_kwh": 500.0,
        "tier": "interchange"
      },
      "type": "Feature"
    },
    {
      "geometry": {
        "coordinates": [
          44.22202673133374,
          33.268473526976926
        ],
        "type": "Point"
      },
      "properties": {
        "charger_bus_voltage_v": 650.0,
        "charger_contact_count": 8,
        "charger_efficiency": 0.98,
        "charger_max_current_a": 3300.0,
        "charger_max_kw": 2000.0,
        "grid_export_kw": 2400.0,
        "grid_import_kw": 2400.0,
        "line": "line-21",
        "pv_nameplate_kw": 300.0,
        "station": "line-21-1286-0102-s006779",
        "storage_capacity_kwh": 2000.0,
        "storage_initial_soc": 0.5,
        "storage_max_charge_kw": 2000.0,
        "storage_max_discharge_kw": 2000.0,
        "storage_module_kwh": 500.0,
        "tier": "interchange"
      },
      "type": "Feature"
    },
    {
      "geometry": {
        "coordinates": [
          44.21386072361977,
          33.268473526976926
        ],
        "type": "Point"
      },
      "properties": {
        "charger_bus_voltage_v": 650.0,
        "charger_contact_count": 8,
        "charger_efficiency": 0.98,
        "charger_max_current_a": 3300.0,
        "charger_max_kw": 2000.0,
        "grid_export_kw": 3200.0,
        "grid_import_kw": 3200.0,
        "line": "line-21",
        "pv_nameplate_kw": 300.0,
        "station": "line-21-1286-0064-s007539",
        "storage_capacity_kwh": 2000.0,
        "storage_initial_soc": 0.6,
        "storage_max_charge_kw": 2000.0,
        "storage_max_discharge_kw": 2000.0,
        "storage_module_kwh": 500.0,
        "tier": "terminal"
      },
      "type": "Feature"
    },
    {
      "geometry": {
        "coordinates": [
          44.30347191353361,
          33.34747867400929
        ],
        "type": "Point"
      },
      "properties": {
        "charger_bus_voltage_v": 650.0,
        "charger_contact_count": 8,
        "charger_efficiency": 0.98,
        "charger_max_current_a": 3300.0,
        "charger_max_kw": 2000.0,
        "grid_export_kw": 3200.0,
        "grid_import_kw": 3200.0,
        "line": "line-22",
        "pv_nameplate_kw": 300.0,
        "station": "line-22-0847-0481-s000000",
        "storage_capacity_kwh": 2000.0,
        "storage_initial_soc": 0.6,
        "storage_max_charge_kw": 2000.0,
        "storage_max_discharge_kw": 2000.0,
        "storage_module_kwh": 500.0,
        "tier": "terminal"
      },
      "type": "Feature"
    },
    {
      "geometry": {
        "coordinates": [
          44.283271789188525,
          33.362415865817226
        ],
        "type": "Point"
      },
      "properties": {
        "charger_bus_voltage_v": 650.0,
        "charger_contact_count": 8,
        "charger_efficiency": 0.98,
        "charger_max_current_a": 3300.0,
        "charger_max_kw": 2000.0,
        "grid_export_kw": 2000.0,
        "grid_import_kw": 2000.0,
        "line": "line-22",
        "pv_nameplate_kw": 300.0,
        "station": "line-22-0764-0387-s002767",
        "storage_capacity_kwh": 2000.0,
        "storage_initial_soc": 0.5,
        "storage_max_charge_kw": 2000.0,
        "storage_max_discharge_kw": 2000.0,
        "storage_module_kwh": 500.0,
        "tier": "standard"
      },
      "type": "Feature"
    },
    {
      "geometry": {
        "coordinates": [
          44.27037809279805,
          33.371594140301625
        ],
        "type": "Point"
      },
      "properties": {
        "charger_bus_voltage_v": 650.0,
        "charger_contact_count": 8,
        "charger_efficiency": 0.98,
        "charger_max_current_a": 3300.0,
        "charger_max_kw": 2000.0,
        "grid_export_kw": 2400.0,
        "grid_import_kw": 2400.0,
        "line": "line-22",
        "pv_nameplate_kw": 300.0,
        "station": "line-22-0713-0327-s004389",
        "storage_capacity_kwh": 2000.0,
        "storage_initial_soc": 0.5,
        "storage_max_charge_kw": 2000.0,
        "storage_max_discharge_kw": 2000.0,
        "storage_module_kwh": 500.0,
        "tier": "interchange"
      },
      "type": "Feature"
    },
    {
      "geometry": {
        "coordinates": [
          44.269948302918365,
          33.37825288845697
        ],
        "type": "Point"
      },
      "properties": {
        "charger_bus_voltage_v": 650.0,
        "charger_contact_count": 8,
        "charger_efficiency": 0.98,
        "charger_max_current_a": 3300.0,
        "charger_max_kw": 2000.0,
        "grid_export_kw": 3200.0,
        "grid_import_kw": 3200.0,
        "line": "line-22",
        "pv_nameplate_kw": 300.0,
        "station": "line-22-0676-0325-s006216",
        "storage_capacity_kwh": 2000.0,
        "storage_initial_soc": 0.6,
        "storage_max_charge_kw": 2000.0,
        "storage_max_discharge_kw": 2000.0,
        "storage_module_kwh": 500.0,
        "tier": "terminal"
      },
      "type": "Feature"
    },
    {
      "geometry": {
        "coordinates": [
          44.436706776235255,
          33.4014685239175
        ],
        "type": "Point"
      },
      "properties": {
        "charger_bus_voltage_v": 650.0,
        "charger_contact_count": 8,
        "charger_efficiency": 0.98,
        "charger_max_current_a": 3300.0,
        "charger_max_kw": 2000.0,
        "grid_export_kw": 3200.0,
        "grid_import_kw": 3200.0,
        "line": "line-23",
        "pv_nameplate_kw": 300.0,
        "station": "line-23-0547-1101-s000000",
        "storage_capacity_kwh": 2000.0,
        "storage_initial_soc": 0.6,
        "storage_max_charge_kw": 2000.0,
        "storage_max_discharge_kw": 2000.0,
        "storage_module_kwh": 500.0,
        "tier": "terminal"
      },
      "type": "Feature"
    },
    {
      "geometry": {
        "coordinates": [
          44.44444299406954,
          33.41676564805817
        ],
        "type": "Point"
      },
      "properties": {
        "charger_bus_voltage_v": 650.0,
        "charger_contact_count": 8,
        "charger_efficiency": 0.98,
        "charger_max_current_a": 3300.0,
        "charger_max_kw": 2000.0,
        "grid_export_kw": 2000.0,
        "grid_import_kw": 2000.0,
        "line": "line-23",
        "pv_nameplate_kw": 300.0,
        "station": "line-23-0462-1137-s001998",
        "storage_capacity_kwh": 2000.0,
        "storage_initial_soc": 0.5,
        "storage_max_charge_kw": 2000.0,
        "storage_max_discharge_kw": 2000.0,
        "storage_module_kwh": 500.0,
        "tier": "standard"
      },
      "type": "Feature"
    },
    {
      "geometry": {
        "coordinates": [
          44.43907062057351,
          33.43908145268689
        ],
        "type": "Point"
      },
      "properties": {
        "charger_bus_voltage_v": 650.0,
        "charger_contact_count": 8,
        "charger_efficiency": 0.98,
        "charger_max_current_a": 3300.0,
        "charger_max_kw": 2000.0,
        "grid_export_kw": 2400.0,
        "grid_import_kw": 2400.0,
        "line": "line-23",
        "pv_nameplate_kw": 300.0,
        "station": "line-23-0338-1112-s004685",
        "storage_capacity_kwh": 2000.0,
        "storage_initial_soc": 0.5,
        "storage_max_charge_kw": 2000.0,
        "storage_max_discharge_kw": 2000.0,
        "storage_module_kwh": 500.0,
        "tier": "interchange"
      },
      "type": "Feature"
    },
    {
      "geometry": {
        "coordinates": [
          44.397595897184125,
          33.444660403844075
        ],
        "type": "Point"
      },
      "properties": {
        "charger_bus_voltage_v": 650.0,
        "charger_contact_count": 8,
        "charger_efficiency": 0.98,
        "charger_max_current_a": 3300.0,
        "charger_max_kw": 2000.0,
        "grid_export_kw": 2000.0,
        "grid_import_kw": 2000.0,
        "line": "line-23",
        "pv_nameplate_kw": 300.0,
        "station": "line-23-0307-0919-s008802",
        "storage_capacity_kwh": 2000.0,
        "storage_initial_soc": 0.5,
        "storage_max_charge_kw": 2000.0,
        "storage_max_discharge_kw": 2000.0,
        "storage_module_kwh": 500.0,
        "tier": "standard"
      },
      "type": "Feature"
    },
    {
      "geometry": {
        "coordinates": [
          44.38040430199682,
          33.444660403844075
        ],
        "type": "Point"
      },
      "properties": {
        "charger_bus_voltage_v": 650.0,
        "charger_contact_count": 8,
        "charger_efficiency": 0.98,
        "charger_max_current_a": 3300.0,
        "charger_max_kw": 2000.0,
        "grid_export_kw": 2400.0,
        "grid_import_kw": 2400.0,
        "line": "line-23",
        "pv_nameplate_kw": 300.0,
        "station": "line-23-0307-0839-s010402",
        "storage_capacity_kwh": 2000.0,
        "storage_initial_soc": 0.5,
        "storage_max_charge_kw": 2000.0,
        "storage_max_discharge_kw": 2000.0,
        "storage_module_kwh": 500.0,
        "tier": "interchange"
      },
      "type": "Feature"
    },
    {
      "geometry": {
        "coordinates": [
          44.37975961717729,
          33.444660403844075
        ],
        "type": "Point"
      },
      "properties": {
        "charger_bus_voltage_v": 650.0,
        "charger_contact_count": 8,
        "charger_efficiency": 0.98,
        "charger_max_current_a": 3300.0,
        "charger_max_kw": 2000.0,
        "grid_export_kw": 3200.0,
        "grid_import_kw": 3200.0,
        "line": "line-23",
        "pv_nameplate_kw": 300.0,
        "station": "line-23-0307-0836-s010462",
        "storage_capacity_kwh": 2000.0,
        "storage_initial_soc": 0.6,
        "storage_max_charge_kw": 2000.0,
        "storage_max_discharge_kw": 2000.0,
        "storage_module_kwh": 500.0,
        "tier": "terminal"
      },
      "type": "Feature"
    },
    {
      "geometry": {
        "coordinates": [
          44.335061469690295,
          33.2562358276644
        ],
        "type": "Point"
      },
      "properties": {
        "charger_bus_voltage_v": 650.0,
        "charger_contact_count": 8,
        "charger_efficiency": 0.98,
        "charger_max_current_a": 3300.0,
        "charger_max_kw": 2000.0,
        "grid_export_kw": 3200.0,
        "grid_import_kw": 3200.0,
        "line": "line-24",
        "pv_nameplate_kw": 300.0,
        "station": "line-24-1354-0628-s000000",
        "storage_capacity_kwh": 2000.0,
        "storage_initial_soc": 0.6,
        "storage_max_charge_kw": 2000.0,
        "storage_max_discharge_kw": 2000.0,
        "storage_module_kwh": 500.0,
        "tier": "terminal"
      },
      "type": "Feature"
    },
    {
      "geometry": {
        "coordinates": [
          44.33140825571299,
          33.23409998920203
        ],
        "type": "Point"
      },
      "properties": {
        "charger_bus_voltage_v": 650.0,
        "charger_contact_count": 8,
        "charger_efficiency": 0.98,
        "charger_max_current_a": 3300.0,
        "charger_max_kw": 2000.0,
        "grid_export_kw": 2400.0,
        "grid_import_kw": 2400.0,
        "line": "line-24",
        "pv_nameplate_kw": 300.0,
        "station": "line-24-1477-0611-s002601",
        "storage_capacity_kwh": 2000.0,
        "storage_initial_soc": 0.5,
        "storage_max_charge_kw": 2000.0,
        "storage_max_discharge_kw": 2000.0,
        "storage_module_kwh": 500.0,
        "tier": "interchange"
      },
      "type": "Feature"
    },
    {
      "geometry": {
        "coordinates": [
          44.33699552414886,
          33.21880286506137
        ],
        "type": "Point"
      },
      "properties": {
        "charger_bus_voltage_v": 650.0,
        "charger_contact_count": 8,
        "charger_efficiency": 0.98,
        "charger_max_current_a": 3300.0,
        "charger_max_kw": 2000.0,
        "grid_export_kw": 2000.0,
        "grid_import_kw": 2000.0,
        "line": "line-24",
        "pv_nameplate_kw": 300.0,
        "station": "line-24-1562-0637-s004516",
        "storage_capacity_kwh": 2000.0,
        "storage_initial_soc": 0.5,
        "storage_max_charge_kw": 2000.0,
        "storage_max_discharge_kw": 2000.0,
        "storage_module_kwh": 500.0,
        "tier": "standard"
      },
      "type": "Feature"
    },
    {
      "geometry": {
        "coordinates": [
          44.35526159403538,
          33.21934276356045
        ],
        "type": "Point"
      },
      "properties": {
        "charger_bus_voltage_v": 650.0,
        "charger_contact_count": 8,
        "charger_efficiency": 0.98,
        "charger_max_current_a": 3300.0,
        "charger_max_kw": 2000.0,
        "grid_export_kw": 2000.0,
        "grid_import_kw": 2000.0,
        "line": "line-24",
        "pv_nameplate_kw": 300.0,
        "station": "line-24-1559-0722-s006241",
        "storage_capacity_kwh": 2000.0,
        "storage_initial_soc": 0.5,
        "storage_max_charge_kw": 2000.0,
        "storage_max_discharge_kw": 2000.0,
        "storage_module_kwh": 500.0,
        "tier": "standard"
      },
      "type": "Feature"
    },
    {
      "geometry": {
        "coordinates": [
          44.37288297910237,
          33.221322391390416
        ],
        "type": "Point"
      },
      "properties": {
        "charger_bus_voltage_v": 650.0,
        "charger_contact_count": 8,
        "charger_efficiency": 0.98,
        "charger_max_current_a": 3300.0,
        "charger_max_kw": 2000.0,
        "grid_export_kw": 2400.0,
        "grid_import_kw": 2400.0,
        "line": "line-24",
        "pv_nameplate_kw": 300.0,
        "station": "line-24-1548-0804-s007972",
        "storage_capacity_kwh": 2000.0,
        "storage_initial_soc": 0.5,
        "storage_max_charge_kw": 2000.0,
        "storage_max_discharge_kw": 2000.0,
        "storage_module_kwh": 500.0,
        "tier": "interchange"
      },
      "type": "Feature"
    },
    {
      "geometry": {
        "coordinates": [
          44.37610640319999,
          33.223302019220384
        ],
        "type": "Point"
      },
      "properties": {
        "charger_bus_voltage_v": 650.0,
        "charger_contact_count": 8,
        "charger_efficiency": 0.98,
        "charger_max_current_a": 3300.0,
        "charger_max_kw": 2000.0,
        "grid_export_kw": 2400.0,
        "grid_import_kw": 2400.0,
        "line": "line-24",
        "pv_nameplate_kw": 300.0,
        "station": "line-24-1537-0819-s008363",
        "storage_capacity_kwh": 2000.0,
        "storage_initial_soc": 0.5,
        "storage_max_charge_kw": 2000.0,
        "storage_max_discharge_kw": 2000.0,
        "storage_module_kwh": 500.0,
        "tier": "interchange"
      },
      "type": "Feature"
    },
    {
      "geometry": {
        "coordinates": [
          44.38663625525222,
          33.223302019220384
        ],
        "type": "Point"
      },
      "properties": {
        "charger_bus_voltage_v": 650.0,
        "charger_contact_count": 8,
        "charger_efficiency": 0.98,
        "charger_max_current_a": 3300.0,
        "charger_max_kw": 2000.0,
        "grid_export_kw": 2400.0,
        "grid_import_kw": 2400.0,
        "line": "line-24",
        "pv_nameplate_kw": 300.0,
        "station": "line-24-1537-0868-s009343",
        "storage_capacity_kwh": 2000.0,
        "storage_initial_soc": 0.5,
        "storage_max_charge_kw": 2000.0,
        "storage_max_discharge_kw": 2000.0,
        "storage_module_kwh": 500.0,
        "tier": "interchange"
      },
      "type": "Feature"
    },
    {
      "geometry": {
        "coordinates": [
          44.39007457428968,
          33.2269013425476
        ],
        "type": "Point"
      },
      "properties": {
        "charger_bus_voltage_v": 650.0,
        "charger_contact_count": 8,
        "charger_efficiency": 0.98,
        "charger_max_current_a": 3300.0,
        "charger_max_kw": 2000.0,
        "grid_export_kw": 3200.0,
        "grid_import_kw": 3200.0,
        "line": "line-24",
        "pv_nameplate_kw": 300.0,
        "station": "line-24-1517-0884-s010989",
        "storage_capacity_kwh": 2000.0,
        "storage_initial_soc": 0.6,
        "storage_max_charge_kw": 2000.0,
        "storage_max_discharge_kw": 2000.0,
        "storage_module_kwh": 500.0,
        "tier": "terminal"
      },
      "type": "Feature"
    },
    {
      "geometry": {
        "coordinates": [
          44.492794355533846,
          33.271892884137785
        ],
        "type": "Point"
      },
      "properties": {
        "charger_bus_voltage_v": 650.0,
        "charger_contact_count": 8,
        "charger_efficiency": 0.98,
        "charger_max_current_a": 3300.0,
        "charger_max_kw": 2000.0,
        "grid_export_kw": 3200.0,
        "grid_import_kw": 3200.0,
        "line": "line-25",
        "pv_nameplate_kw": 300.0,
        "station": "line-25-1267-1362-s000000",
        "storage_capacity_kwh": 2000.0,
        "storage_initial_soc": 0.6,
        "storage_max_charge_kw": 2000.0,
        "storage_max_discharge_kw": 2000.0,
        "storage_module_kwh": 500.0,
        "tier": "terminal"
      },
      "type": "Feature"
    },
    {
      "geometry": {
        "coordinates": [
          44.492794355533846,
          33.27027318864054
        ],
        "type": "Point"
      },
      "properties": {
        "charger_bus_voltage_v": 650.0,
        "charger_contact_count": 8,
        "charger_efficiency": 0.98,
        "charger_max_current_a": 3300.0,
        "charger_max_kw": 2000.0,
        "grid_export_kw": 2400.0,
        "grid_import_kw": 2400.0,
        "line": "line-25",
        "pv_nameplate_kw": 300.0,
        "station": "line-25-1276-1362-s000180",
        "storage_capacity_kwh": 2000.0,
        "storage_initial_soc": 0.5,
        "storage_max_charge_kw": 2000.0,
        "storage_max_discharge_kw": 2000.0,
        "storage_module_kwh": 500.0,
        "tier": "interchange"
      },
      "type": "Feature"
    },
    {
      "geometry": {
        "coordinates": [
          44.49838162396972,
          33.25911528632617
        ],
        "type": "Point"
      },
      "properties": {
        "charger_bus_voltage_v": 650.0,
        "charger_contact_count": 8,
        "charger_efficiency": 0.98,
        "charger_max_current_a": 3300.0,
        "charger_max_kw": 2000.0,
        "grid_export_kw": 2400.0,
        "grid_import_kw": 2400.0,
        "line": "line-25",
        "pv_nameplate_kw": 300.0,
        "station": "line-25-1338-1388-s001635",
        "storage_capacity_kwh": 2000.0,
        "storage_initial_soc": 0.5,
        "storage_max_charge_kw": 2000.0,
        "storage_max_discharge_kw": 2000.0,
        "storage_module_kwh": 500.0,
        "tier": "major"
      },
      "type": "Feature"
    },
    {
      "geometry": {
        "coordinates": [
          44.48312408324098,
          33.251016808839935
        ],
        "type": "Point"
      },
      "properties": {
        "charger_bus_voltage_v": 650.0,
        "charger_contact_count": 8,
        "charger_efficiency": 0.98,
        "charger_max_current_a": 3300.0,
        "charger_max_kw": 2000.0,
        "grid_export_kw": 2400.0,
        "grid_import_kw": 2400.0,
        "line": "line-25",
        "pv_nameplate_kw": 300.0,
        "station": "line-25-1383-1317-s003428",
        "storage_capacity_kwh": 2000.0,
        "storage_initial_soc": 0.5,
        "storage_max_charge_kw": 2000.0,
        "storage_max_discharge_kw": 2000.0,
        "storage_module_kwh": 500.0,
        "tier": "interchange"
      },
      "type": "Feature"
    },
    {
      "geometry": {
        "coordinates": [
          44.474313390707486,
          33.2461577223482
        ],
        "type": "Point"
      },
      "properties": {
        "charger_bus_voltage_v": 650.0,
        "charger_contact_count": 8,
        "charger_efficiency": 0.98,
        "charger_max_current_a": 3300.0,
        "charger_max_kw": 2000.0,
        "grid_export_kw": 2400.0,
        "grid_import_kw": 2400.0,
        "line": "line-25",
        "pv_nameplate_kw": 300.0,
        "station": "line-25-1410-1276-s004472",
        "storage_capacity_kwh": 2000.0,
        "storage_initial_soc": 0.5,
        "storage_max_charge_kw": 2000.0,
        "storage_max_discharge_kw": 2000.0,
        "storage_module_kwh": 500.0,
        "tier": "interchange"
      },
      "type": "Feature"
    },
    {
      "geometry": {
        "coordinates": [
          44.47366870588797,
          33.24417809451823
        ],
        "type": "Point"
      },
      "properties": {
        "charger_bus_voltage_v": 650.0,
        "charger_contact_count": 8,
        "charger_efficiency": 0.98,
        "charger_max_current_a": 3300.0,
        "charger_max_kw": 2000.0,
        "grid_export_kw": 3200.0,
        "grid_import_kw": 3200.0,
        "line": "line-25",
        "pv_nameplate_kw": 300.0,
        "station": "line-25-1421-1273-s006023",
        "storage_capacity_kwh": 2000.0,
        "storage_initial_soc": 0.6,
        "storage_max_charge_kw": 2000.0,
        "storage_max_discharge_kw": 2000.0,
        "storage_module_kwh": 500.0,
        "tier": "terminal"
      },
      "type": "Feature"
    },
    {
      "geometry": {
        "coordinates": [
          44.254046077370106,
          33.46031746031746
        ],
        "type": "Point"
      },
      "properties": {
        "charger_bus_voltage_v": 650.0,
        "charger_contact_count": 8,
        "charger_efficiency": 0.98,
        "charger_max_current_a": 3300.0,
        "charger_max_kw": 2000.0,
        "grid_export_kw": 3200.0,
        "grid_import_kw": 3200.0,
        "line": "line-26",
        "pv_nameplate_kw": 300.0,
        "station": "line-26-0220-0251-s000000",
        "storage_capacity_kwh": 2000.0,
        "storage_initial_soc": 0.6,
        "storage_max_charge_kw": 2000.0,
        "storage_max_discharge_kw": 2000.0,
        "storage_module_kwh": 500.0,
        "tier": "terminal"
      },
      "type": "Feature"
    },
    {
      "geometry": {
        "coordinates": [
          44.24007790628041,
          33.461757189648345
        ],
        "type": "Point"
      },
      "properties": {
        "charger_bus_voltage_v": 650.0,
        "charger_contact_count": 8,
        "charger_efficiency": 0.98,
        "charger_max_current_a": 3300.0,
        "charger_max_kw": 2000.0,
        "grid_export_kw": 2000.0,
        "grid_import_kw": 2000.0,
        "line": "line-26",
        "pv_nameplate_kw": 300.0,
        "station": "line-26-0212-0186-s001665",
        "storage_capacity_kwh": 2000.0,
        "storage_initial_soc": 0.5,
        "storage_max_charge_kw": 2000.0,
        "storage_max_discharge_kw": 2000.0,
        "storage_module_kwh": 500.0,
        "tier": "standard"
      },
      "type": "Feature"
    },
    {
      "geometry": {
        "coordinates": [
          44.22417568073215,
          33.466256343807366
        ],
        "type": "Point"
      },
      "properties": {
        "charger_bus_voltage_v": 650.0,
        "charger_contact_count": 8,
        "charger_efficiency": 0.98,
        "charger_max_current_a": 3300.0,
        "charger_max_kw": 2000.0,
        "grid_export_kw": 2000.0,
        "grid_import_kw": 2000.0,
        "line": "line-26",
        "pv_nameplate_kw": 300.0,
        "station": "line-26-0187-0112-s003352",
        "storage_capacity_kwh": 2000.0,
        "storage_initial_soc": 0.5,
        "storage_max_charge_kw": 2000.0,
        "storage_max_discharge_kw": 2000.0,
        "storage_module_kwh": 500.0,
        "tier": "standard"
      },
      "type": "Feature"
    },
    {
      "geometry": {
        "coordinates": [
          44.235135322664064,
          33.489112046935176
        ],
        "type": "Point"
      },
      "properties": {
        "charger_bus_voltage_v": 650.0,
        "charger_contact_count": 8,
        "charger_efficiency": 0.98,
        "charger_max_current_a": 3300.0,
        "charger_max_kw": 2000.0,
        "grid_export_kw": 3200.0,
        "grid_import_kw": 3200.0,
        "line": "line-26",
        "pv_nameplate_kw": 300.0,
        "station": "line-26-0060-0163-s006894",
        "storage_capacity_kwh": 2000.0,
        "storage_initial_soc": 0.6,
        "storage_max_charge_kw": 2000.0,
        "storage_max_discharge_kw": 2000.0,
        "storage_module_kwh": 500.0,
        "tier": "terminal"
      },
      "type": "Feature"
    },
    {
      "geometry": {
        "coordinates": [
          44.414572597431594,
          33.32318324155059
        ],
        "type": "Point"
      },
      "properties": {
        "charger_bus_voltage_v": 650.0,
        "charger_contact_count": 8,
        "charger_efficiency": 0.98,
        "charger_max_current_a": 3300.0,
        "charger_max_kw": 2000.0,
        "grid_export_kw": 3200.0,
        "grid_import_kw": 3200.0,
        "line": "line-27",
        "pv_nameplate_kw": 300.0,
        "station": "line-27-0982-0998-s000000",
        "storage_capacity_kwh": 2000.0,
        "storage_initial_soc": 0.6,
        "storage_max_charge_kw": 2000.0,
        "storage_max_discharge_kw": 2000.0,
        "storage_module_kwh": 500.0,
        "tier": "terminal"
      },
      "type": "Feature"
    },
    {
      "geometry": {
        "coordinates": [
          44.41801091646906,
          33.31328510240075
        ],
        "type": "Point"
      },
      "properties": {
        "charger_bus_voltage_v": 650.0,
        "charger_contact_count": 8,
        "charger_efficiency": 0.98,
        "charger_max_current_a": 3300.0,
        "charger_max_kw": 2000.0,
        "grid_export_kw": 2400.0,
        "grid_import_kw": 2400.0,
        "line": "line-27",
        "pv_nameplate_kw": 300.0,
        "station": "line-27-1037-1014-s001233",
        "storage_capacity_kwh": 2000.0,
        "storage_initial_soc": 0.5,
        "storage_max_charge_kw": 2000.0,
        "storage_max_discharge_kw": 2000.0,
        "storage_module_kwh": 500.0,
        "tier": "major"
      },
      "type": "Feature"
    },
    {
      "geometry": {
        "coordinates": [
          44.412423648033176,
          33.29582838426376
        ],
        "type": "Point"
      },
      "properties": {
        "charger_bus_voltage_v": 650.0,
        "charger_contact_count": 8,
        "charger_efficiency": 0.98,
        "charger_max_current_a": 3300.0,
        "charger_max_kw": 2000.0,
        "grid_export_kw": 2400.0,
        "grid_import_kw": 2400.0,
        "line": "line-27",
        "pv_nameplate_kw": 300.0,
        "station": "line-27-1134-0988-s003499",
        "storage_capacity_kwh": 2000.0,
        "storage_initial_soc": 0.5,
        "storage_max_charge_kw": 2000.0,
        "storage_max_discharge_kw": 2000.0,
        "storage_module_kwh": 500.0,
        "tier": "interchange"
      },
      "type": "Feature"
    },
    {
      "geometry": {
        "coordinates": [
          44.40425764031921,
          33.29294892560198
        ],
        "type": "Point"
      },
      "properties": {
        "charger_bus_voltage_v": 650.0,
        "charger_contact_count": 8,
        "charger_efficiency": 0.98,
        "charger_max_current_a": 3300.0,
        "charger_max_kw": 2000.0,
        "grid_export_kw": 2400.0,
        "grid_import_kw": 2400.0,
        "line": "line-27",
        "pv_nameplate_kw": 300.0,
        "station": "line-27-1150-0950-s004392",
        "storage_capacity_kwh": 2000.0,
        "storage_initial_soc": 0.5,
        "storage_max_charge_kw": 2000.0,
        "storage_max_discharge_kw": 2000.0,
        "storage_module_kwh": 500.0,
        "tier": "interchange"
      },
      "type": "Feature"
    },
    {
      "geometry": {
        "coordinates": [
          44.39630652754508,
          33.28629017744664
        ],
        "type": "Point"
      },
      "properties": {
        "charger_bus_voltage_v": 650.0,
        "charger_contact_count": 8,
        "charger_efficiency": 0.98,
        "charger_max_current_a": 3300.0,
        "charger_max_kw": 2000.0,
        "grid_export_kw": 2400.0,
        "grid_import_kw": 2400.0,
        "line": "line-27",
        "pv_nameplate_kw": 300.0,
        "station": "line-27-1187-0913-s005438",
        "storage_capacity_kwh": 2000.0,
        "storage_initial_soc": 0.5,
        "storage_max_charge_kw": 2000.0,
        "storage_max_discharge_kw": 2000.0,
        "storage_module_kwh": 500.0,
        "tier": "interchange"
      },
      "type": "Feature"
    },
    {
      "geometry": {
        "coordinates": [
          44.38900009959047,
          33.28341071878487
        ],
        "type": "Point"
      },
      "properties": {
        "charger_bus_voltage_v": 650.0,
        "charger_contact_count": 8,
        "charger_efficiency": 0.98,
        "charger_max_current_a": 3300.0,
        "charger_max_kw": 2000.0,
        "grid_export_kw": 2400.0,
        "grid_import_kw": 2400.0,
        "line": "line-27",
        "pv_nameplate_kw": 300.0,
        "station": "line-27-1203-0879-s006251",
        "storage_capacity_kwh": 2000.0,
        "storage_initial_soc": 0.5,
        "storage_max_charge_kw": 2000.0,
        "storage_max_discharge_kw": 2000.0,
        "storage_module_kwh": 500.0,
        "tier": "interchange"
      },
      "type": "Feature"
    },
    {
      "geometry": {
        "coordinates": [
          44.37761066777888,
          33.28341071878487
        ],
        "type": "Point"
      },
      "properties": {
        "charger_bus_voltage_v": 650.0,
        "charger_contact_count": 8,
        "charger_efficiency": 0.98,
        "charger_max_current_a": 3300.0,
        "charger_max_kw": 2000.0,
        "grid_export_kw": 2400.0,
        "grid_import_kw": 2400.0,
        "line": "line-27",
        "pv_nameplate_kw": 300.0,
        "station": "line-27-1203-0826-s007311",
        "storage_capacity_kwh": 2000.0,
        "storage_initial_soc": 0.5,
        "storage_max_charge_kw": 2000.0,
        "storage_max_discharge_kw": 2000.0,
        "storage_module_kwh": 500.0,
        "tier": "interchange"
      },
      "type": "Feature"
    },
    {
      "geometry": {
        "coordinates": [
          44.37567661332031,
          33.28341071878487
        ],
        "type": "Point"
      },
      "properties": {
        "charger_bus_voltage_v": 650.0,
        "charger_contact_count": 8,
        "charger_efficiency": 0.98,
        "charger_max_current_a": 3300.0,
        "charger_max_kw": 2000.0,
        "grid_export_kw": 2400.0,
        "grid_import_kw": 2400.0,
        "line": "line-27",
        "pv_nameplate_kw": 300.0,
        "station": "line-27-1203-0817-s007491",
        "storage_capacity_kwh": 2000.0,
        "storage_initial_soc": 0.5,
        "storage_max_charge_kw": 2000.0,
        "storage_max_discharge_kw": 2000.0,
        "storage_module_kwh": 500.0,
        "tier": "interchange"
      },
      "type": "Feature"
    },
    {
      "geometry": {
        "coordinates": [
          44.37438724368126,
          33.28359068495123
        ],
        "type": "Point"
      },
      "properties": {
        "charger_bus_voltage_v": 650.0,
        "charger_contact_count": 8,
        "charger_efficiency": 0.98,
        "charger_max_current_a": 3300.0,
        "charger_max_kw": 2000.0,
        "grid_export_kw": 2400.0,
        "grid_import_kw": 2400.0,
        "line": "line-27",
        "pv_nameplate_kw": 300.0,
        "station": "line-27-1202-0811-s007619",
        "storage_capacity_kwh": 2000.0,
        "storage_initial_soc": 0.5,
        "storage_max_charge_kw": 2000.0,
        "storage_max_discharge_kw": 2000.0,
        "storage_module_kwh": 500.0,
        "tier": "interchange"
      },
      "type": "Feature"
    },
    {
      "geometry": {
        "coordinates": [
          44.37331276898205,
          33.28413058345031
        ],
        "type": "Point"
      },
      "properties": {
        "charger_bus_voltage_v": 650.0,
        "charger_contact_count": 8,
        "charger_efficiency": 0.98,
        "charger_max_current_a": 3300.0,
        "charger_max_kw": 2000.0,
        "grid_export_kw": 2400.0,
        "grid_import_kw": 2400.0,
        "line": "line-27",
        "pv_nameplate_kw": 300.0,
        "station": "line-27-1199-0806-s007744",
        "storage_capacity_kwh": 2000.0,
        "storage_initial_soc": 0.5,
        "storage_max_charge_kw": 2000.0,
        "storage_max_discharge_kw": 2000.0,
        "storage_module_kwh": 500.0,
        "tier": "interchange"
      },
      "type": "Feature"
    },
    {
      "geometry": {
        "coordinates": [
          44.36235312705014,
          33.29492855343195
        ],
        "type": "Point"
      },
      "properties": {
        "charger_bus_voltage_v": 650.0,
        "charger_contact_count": 8,
        "charger_efficiency": 0.98,
        "charger_max_current_a": 3300.0,
        "charger_max_kw": 2000.0,
        "grid_export_kw": 2000.0,
        "grid_import_kw": 2000.0,
        "line": "line-27",
        "pv_nameplate_kw": 300.0,
        "station": "line-27-1139-0755-s009746",
        "storage_capacity_kwh": 2000.0,
        "storage_initial_soc": 0.5,
        "storage_max_charge_kw": 2000.0,
        "storage_max_discharge_kw": 2000.0,
        "storage_module_kwh": 500.0,
        "tier": "standard"
      },
      "type": "Feature"
    },
    {
      "geometry": {
        "coordinates": [
          44.34387216222379,
          33.28880970377569
        ],
        "type": "Point"
      },
      "properties": {
        "charger_bus_voltage_v": 650.0,
        "charger_contact_count": 8,
        "charger_efficiency": 0.98,
        "charger_max_current_a": 3300.0,
        "charger_max_kw": 2000.0,
        "grid_export_kw": 3200.0,
        "grid_import_kw": 3200.0,
        "line": "line-27",
        "pv_nameplate_kw": 300.0,
        "station": "line-27-1173-0669-s011748",
        "storage_capacity_kwh": 2000.0,
        "storage_initial_soc": 0.6,
        "storage_max_charge_kw": 2000.0,
        "storage_max_discharge_kw": 2000.0,
        "storage_module_kwh": 500.0,
        "tier": "terminal"
      },
      "type": "Feature"
    },
    {
      "geometry": {
        "coordinates": [
          44.53598823844196,
          33.38887089227225
        ],
        "type": "Point"
      },
      "properties": {
        "charger_bus_voltage_v": 650.0,
        "charger_contact_count": 8,
        "charger_efficiency": 0.98,
        "charger_max_current_a": 3300.0,
        "charger_max_kw": 2000.0,
        "grid_export_kw": 3200.0,
        "grid_import_kw": 3200.0,
        "line": "line-28",
        "pv_nameplate_kw": 300.0,
        "station": "line-28-0617-1563-s000000",
        "storage_capacity_kwh": 2000.0,
        "storage_initial_soc": 0.6,
        "storage_max_charge_kw": 2000.0,
        "storage_max_discharge_kw": 2000.0,
        "storage_module_kwh": 500.0,
        "tier": "terminal"
      },
      "type": "Feature"
    },
    {
      "geometry": {
        "coordinates": [
          44.53598823844196,
          33.41712558039089
        ],
        "type": "Point"
      },
      "properties": {
        "charger_bus_voltage_v": 650.0,
        "charger_contact_count": 8,
        "charger_efficiency": 0.98,
        "charger_max_current_a": 3300.0,
        "charger_max_kw": 2000.0,
        "grid_export_kw": 2400.0,
        "grid_import_kw": 2400.0,
        "line": "line-28",
        "pv_nameplate_kw": 300.0,
        "station": "line-28-0460-1563-s003157",
        "storage_capacity_kwh": 2000.0,
        "storage_initial_soc": 0.5,
        "storage_max_charge_kw": 2000.0,
        "storage_max_discharge_kw": 2000.0,
        "storage_module_kwh": 500.0,
        "tier": "interchange"
      },
      "type": "Feature"
    },
    {
      "geometry": {
        "coordinates": [
          44.53598823844196,
          33.43278263686427
        ],
        "type": "Point"
      },
      "properties": {
        "charger_bus_voltage_v": 650.0,
        "charger_contact_count": 8,
        "charger_efficiency": 0.98,
        "charger_max_current_a": 3300.0,
        "charger_max_kw": 2000.0,
        "grid_export_kw": 2400.0,
        "grid_import_kw": 2400.0,
        "line": "line-28",
        "pv_nameplate_kw": 300.0,
        "station": "line-28-0373-1563-s004897",
        "storage_capacity_kwh": 2000.0,
        "storage_initial_soc": 0.5,
        "storage_max_charge_kw": 2000.0,
        "storage_max_discharge_kw": 2000.0,
        "storage_module_kwh": 500.0,
        "tier": "interchange"
      },
      "type": "Feature"
    },
    {
      "geometry": {
        "coordinates": [
          44.53598823844196,
          33.44987942266854
        ],
        "type": "Point"
      },
      "properties": {
        "charger_bus_voltage_v": 650.0,
        "charger_contact_count": 8,
        "charger_efficiency": 0.98,
        "charger_max_current_a": 3300.0,
        "charger_max_kw": 2000.0,
        "grid_export_kw": 2400.0,
        "grid_import_kw": 2400.0,
        "line": "line-28",
        "pv_nameplate_kw": 300.0,
        "station": "line-28-0278-1563-s006797",
        "storage_capacity_kwh": 2000.0,
        "storage_initial_soc": 0.5,
        "storage_max_charge_kw": 2000.0,
        "storage_max_discharge_kw": 2000.0,
        "storage_module_kwh": 500.0,
        "tier": "interchange"
      },
      "type": "Feature"
    },
    {
      "geometry": {
        "coordinates": [
          44.53598823844196,
          33.462117121981066
        ],
        "type": "Point"
      },
      "properties": {
        "charger_bus_voltage_v": 650.0,
        "charger_contact_count": 8,
        "charger_efficiency": 0.98,
        "charger_max_current_a": 3300.0,
        "charger_max_kw": 2000.0,
        "grid_export_kw": 2000.0,
        "grid_import_kw": 2000.0,
        "line": "line-28",
        "pv_nameplate_kw": 300.0,
        "station": "line-28-0210-1563-s008206",
        "storage_capacity_kwh": 2000.0,
        "storage_initial_soc": 0.5,
        "storage_max_charge_kw": 2000.0,
        "storage_max_discharge_kw": 2000.0,
        "storage_module_kwh": 500.0,
        "tier": "standard"
      },
      "type": "Feature"
    },
    {
      "geometry": {
        "coordinates": [
          44.52502859651005,
          33.47507468595904
        ],
        "type": "Point"
      },
      "properties": {
        "charger_bus_voltage_v": 650.0,
        "charger_contact_count": 8,
        "charger_efficiency": 0.98,
        "charger_max_current_a": 3300.0,
        "charger_max_kw": 2000.0,
        "grid_export_kw": 3200.0,
        "grid_import_kw": 3200.0,
        "line": "line-28",
        "pv_nameplate_kw": 300.0,
        "station": "line-28-0138-1512-s010069",
        "storage_capacity_kwh": 2000.0,
        "storage_initial_soc": 0.6,
        "storage_max_charge_kw": 2000.0,
        "storage_max_discharge_kw": 2000.0,
        "storage_module_kwh": 500.0,
        "tier": "terminal"
      },
      "type": "Feature"
    },
    {
      "geometry": {
        "coordinates": [
          44.256195026768516,
          33.28413058345031
        ],
        "type": "Point"
      },
      "properties": {
        "charger_bus_voltage_v": 650.0,
        "charger_contact_count": 8,
        "charger_efficiency": 0.98,
        "charger_max_current_a": 3300.0,
        "charger_max_kw": 2000.0,
        "grid_export_kw": 3200.0,
        "grid_import_kw": 3200.0,
        "line": "line-29",
        "pv_nameplate_kw": 300.0,
        "station": "line-29-1199-0261-s000000",
        "storage_capacity_kwh": 2000.0,
        "storage_initial_soc": 0.6,
        "storage_max_charge_kw": 2000.0,
        "storage_max_discharge_kw": 2000.0,
        "storage_module_kwh": 500.0,
        "tier": "terminal"
      },
      "type": "Feature"
    },
    {
      "geometry": {
        "coordinates": [
          44.2566248166482,
          33.28359068495123
        ],
        "type": "Point"
      },
      "properties": {
        "charger_bus_voltage_v": 650.0,
        "charger_contact_count": 8,
        "charger_efficiency": 0.98,
        "charger_max_current_a": 3300.0,
        "charger_max_kw": 2000.0,
        "grid_export_kw": 2400.0,
        "grid_import_kw": 2400.0,
        "line": "line-29",
        "pv_nameplate_kw": 300.0,
        "station": "line-29-1202-0263-s000077",
        "storage_capacity_kwh": 2000.0,
        "storage_initial_soc": 0.5,
        "storage_max_charge_kw": 2000.0,
        "storage_max_discharge_kw": 2000.0,
        "storage_module_kwh": 500.0,
        "tier": "interchange"
      },
      "type": "Feature"
    },
    {
      "geometry": {
        "coordinates": [
          44.2566248166482,
          33.28269085411942
        ],
        "type": "Point"
      },
      "properties": {
        "charger_bus_voltage_v": 650.0,
        "charger_contact_count": 8,
        "charger_efficiency": 0.98,
        "charger_max_current_a": 3300.0,
        "charger_max_kw": 2000.0,
        "grid_export_kw": 2400.0,
        "grid_import_kw": 2400.0,
        "line": "line-29",
        "pv_nameplate_kw": 300.0,
        "station": "line-29-1207-0263-s000177",
        "storage_capacity_kwh": 2000.0,
        "storage_initial_soc": 0.5,
        "storage_max_charge_kw": 2000.0,
        "storage_max_discharge_kw": 2000.0,
        "storage_module_kwh": 500.0,
        "tier": "interchange"
      },
      "type": "Feature"
    },
    {
      "geometry": {
        "coordinates": [
          44.25963334580598,
          33.28341071878487
        ],
        "type": "Point"
      },
      "properties": {
        "charger_bus_voltage_v": 650.0,
        "charger_contact_count": 8,
        "charger_efficiency": 0.98,
        "charger_max_current_a": 3300.0,
        "charger_max_kw": 2000.0,
        "grid_export_kw": 2400.0,
        "grid_import_kw": 2400.0,
        "line": "line-29",
        "pv_nameplate_kw": 300.0,
        "station": "line-29-1203-0277-s000523",
        "storage_capacity_kwh": 2000.0,
        "storage_initial_soc": 0.5,
        "storage_max_charge_kw": 2000.0,
        "storage_max_discharge_kw": 2000.0,
        "storage_module_kwh": 500.0,
        "tier": "interchange"
      },
      "type": "Feature"
    },
    {
      "geometry": {
        "coordinates": [
          44.25963334580598,
          33.28413058345031
        ],
        "type": "Point"
      },
      "properties": {
        "charger_bus_voltage_v": 650.0,
        "charger_contact_count": 8,
        "charger_efficiency": 0.98,
        "charger_max_current_a": 3300.0,
        "charger_max_kw": 2000.0,
        "grid_export_kw": 2400.0,
        "grid_import_kw": 2400.0,
        "line": "line-29",
        "pv_nameplate_kw": 300.0,
        "station": "line-29-1199-0277-s000603",
        "storage_capacity_kwh": 2000.0,
        "storage_initial_soc": 0.5,
        "storage_max_charge_kw": 2000.0,
        "storage_max_discharge_kw": 2000.0,
        "storage_module_kwh": 500.0,
        "tier": "interchange"
      },
      "type": "Feature"
    },
    {
      "geometry": {
        "coordinates": [
          44.2628567699036,
          33.28701004211208
        ],
        "type": "Point"
      },
      "properties": {
        "charger_bus_voltage_v": 650.0,
        "charger_contact_count": 8,
        "charger_efficiency": 0.98,
        "charger_max_current_a": 3300.0,
        "charger_max_kw": 2000.0,
        "grid_export_kw": 2400.0,
        "grid_import_kw": 2400.0,
        "line": "line-29",
        "pv_nameplate_kw": 300.0,
        "station": "line-29-1183-0292-s001047",
        "storage_capacity_kwh": 2000.0,
        "storage_initial_soc": 0.5,
        "storage_max_charge_kw": 2000.0,
        "storage_max_discharge_kw": 2000.0,
        "storage_module_kwh": 500.0,
        "tier": "interchange"
      },
      "type": "Feature"
    },
    {
      "geometry": {
        "coordinates": [
          44.262641874963755,
          33.28898966994205
        ],
        "type": "Point"
      },
      "properties": {
        "charger_bus_voltage_v": 650.0,
        "charger_contact_count": 8,
        "charger_efficiency": 0.98,
        "charger_max_current_a": 3300.0,
        "charger_max_kw": 2000.0,
        "grid_export_kw": 2400.0,
        "grid_import_kw": 2400.0,
        "line": "line-29",
        "pv_nameplate_kw": 300.0,
        "station": "line-29-1172-0291-s001275",
        "storage_capacity_kwh": 2000.0,
        "storage_initial_soc": 0.5,
        "storage_max_charge_kw": 2000.0,
        "storage_max_discharge_kw": 2000.0,
        "storage_module_kwh": 500.0,
        "tier": "interchange"
      },
      "type": "Feature"
    },
    {
      "geometry": {
        "coordinates": [
          44.25683971158804,
          33.30410682791635
        ],
        "type": "Point"
      },
      "properties": {
        "charger_bus_voltage_v": 650.0,
        "charger_contact_count": 8,
        "charger_efficiency": 0.98,
        "charger_max_current_a": 3300.0,
        "charger_max_kw": 2000.0,
        "grid_export_kw": 2400.0,
        "grid_import_kw": 2400.0,
        "line": "line-29",
        "pv_nameplate_kw": 300.0,
        "station": "line-29-1088-0264-s003179",
        "storage_capacity_kwh": 2000.0,
        "storage_initial_soc": 0.5,
        "storage_max_charge_kw": 2000.0,
        "storage_max_discharge_kw": 2000.0,
        "storage_module_kwh": 500.0,
        "tier": "interchange"
      },
      "type": "Feature"
    },
    {
      "geometry": {
        "coordinates": [
          44.28735479304551,
          33.3057265234136
        ],
        "type": "Point"
      },
      "properties": {
        "charger_bus_voltage_v": 650.0,
        "charger_contact_count": 8,
        "charger_efficiency": 0.98,
        "charger_max_current_a": 3300.0,
        "charger_max_kw": 2000.0,
        "grid_export_kw": 3200.0,
        "grid_import_kw": 3200.0,
        "line": "line-29",
        "pv_nameplate_kw": 300.0,
        "station": "line-29-1079-0406-s006094",
        "storage_capacity_kwh": 2000.0,
        "storage_initial_soc": 0.6,
        "storage_max_charge_kw": 2000.0,
        "storage_max_discharge_kw": 2000.0,
        "storage_module_kwh": 500.0,
        "tier": "terminal"
      },
      "type": "Feature"
    },
    {
      "geometry": {
        "coordinates": [
          44.44078978009224,
          33.091206853111615
        ],
        "type": "Point"
      },
      "properties": {
        "charger_bus_voltage_v": 650.0,
        "charger_contact_count": 8,
        "charger_efficiency": 0.98,
        "charger_max_current_a": 3300.0,
        "charger_max_kw": 2000.0,
        "grid_export_kw": 3200.0,
        "grid_import_kw": 3200.0,
        "line": "line-3",
        "pv_nameplate_kw": 300.0,
        "station": "line-3-2271-1120-s000000",
        "storage_capacity_kwh": 2000.0,
        "storage_initial_soc": 0.6,
        "storage_max_charge_kw": 2000.0,
        "storage_max_discharge_kw": 2000.0,
        "storage_module_kwh": 500.0,
        "tier": "terminal"
      },
      "type": "Feature"
    },
    {
      "geometry": {
        "coordinates": [
          44.46507290829431,
          33.184789259619194
        ],
        "type": "Point"
      },
      "properties": {
        "charger_bus_voltage_v": 650.0,
        "charger_contact_count": 8,
        "charger_efficiency": 0.98,
        "charger_max_current_a": 3300.0,
        "charger_max_kw": 2000.0,
        "grid_export_kw": 2400.0,
        "grid_import_kw": 2400.0,
        "line": "line-3",
        "pv_nameplate_kw": 300.0,
        "station": "line-3-1751-1233-s013011",
        "storage_capacity_kwh": 2000.0,
        "storage_initial_soc": 0.5,
        "storage_max_charge_kw": 2000.0,
        "storage_max_discharge_kw": 2000.0,
        "storage_module_kwh": 500.0,
        "tier": "interchange"
      },
      "type": "Feature"
    },
    {
      "geometry": {
        "coordinates": [
          44.46571759311384,
          33.20548536875067
        ],
        "type": "Point"
      },
      "properties": {
        "charger_bus_voltage_v": 650.0,
        "charger_contact_count": 8,
        "charger_efficiency": 0.98,
        "charger_max_current_a": 3300.0,
        "charger_max_kw": 2000.0,
        "grid_export_kw": 2400.0,
        "grid_import_kw": 2400.0,
        "line": "line-3",
        "pv_nameplate_kw": 300.0,
        "station": "line-3-1636-1236-s015336",
        "storage_capacity_kwh": 2000.0,
        "storage_initial_soc": 0.5,
        "storage_max_charge_kw": 2000.0,
        "storage_max_discharge_kw": 2000.0,
        "storage_module_kwh": 500.0,
        "tier": "interchange"
      },
      "type": "Feature"
    },
    {
      "geometry": {
        "coordinates": [
          44.46571759311384,
          33.20962459057697
        ],
        "type": "Point"
      },
      "properties": {
        "charger_bus_voltage_v": 650.0,
        "charger_contact_count": 8,
        "charger_efficiency": 0.98,
        "charger_max_current_a": 3300.0,
        "charger_max_kw": 2000.0,
        "grid_export_kw": 2400.0,
        "grid_import_kw": 2400.0,
        "line": "line-3",
        "pv_nameplate_kw": 300.0,
        "station": "line-3-1613-1236-s015796",
        "storage_capacity_kwh": 2000.0,
        "storage_initial_soc": 0.5,
        "storage_max_charge_kw": 2000.0,
        "storage_max_discharge_kw": 2000.0,
        "storage_module_kwh": 500.0,
        "tier": "interchange"
      },
      "type": "Feature"
    },
    {
      "geometry": {
        "coordinates": [
          44.46980059697082,
          33.23158046287298
        ],
        "type": "Point"
      },
      "properties": {
        "charger_bus_voltage_v": 650.0,
        "charger_contact_count": 8,
        "charger_efficiency": 0.98,
        "charger_max_current_a": 3300.0,
        "charger_max_kw": 2000.0,
        "grid_export_kw": 2000.0,
        "grid_import_kw": 2000.0,
        "line": "line-3",
        "pv_nameplate_kw": 300.0,
        "station": "line-3-1491-1255-s018393",
        "storage_capacity_kwh": 2000.0,
        "storage_initial_soc": 0.5,
        "storage_max_charge_kw": 2000.0,
        "storage_max_discharge_kw": 2000.0,
        "storage_module_kwh": 500.0,
        "tier": "standard"
      },
      "type": "Feature"
    },
    {
      "geometry": {
        "coordinates": [
          44.473883600827804,
          33.244538026850954
        ],
        "type": "Point"
      },
      "properties": {
        "charger_bus_voltage_v": 650.0,
        "charger_contact_count": 8,
        "charger_efficiency": 0.98,
        "charger_max_current_a": 3300.0,
        "charger_max_kw": 2000.0,
        "grid_export_kw": 2400.0,
        "grid_import_kw": 2400.0,
        "line": "line-3",
        "pv_nameplate_kw": 300.0,
        "station": "line-3-1419-1274-s020002",
        "storage_capacity_kwh": 2000.0,
        "storage_initial_soc": 0.5,
        "storage_max_charge_kw": 2000.0,
        "storage_max_discharge_kw": 2000.0,
        "storage_module_kwh": 500.0,
        "tier": "interchange"
      },
      "type": "Feature"
    },
    {
      "geometry": {
        "coordinates": [
          44.474313390707486,
          33.2461577223482
        ],
        "type": "Point"
      },
      "properties": {
        "charger_bus_voltage_v": 650.0,
        "charger_contact_count": 8,
        "charger_efficiency": 0.98,
        "charger_max_current_a": 3300.0,
        "charger_max_kw": 2000.0,
        "grid_export_kw": 2400.0,
        "grid_import_kw": 2400.0,
        "line": "line-3",
        "pv_nameplate_kw": 300.0,
        "station": "line-3-1410-1276-s020199",
        "storage_capacity_kwh": 2000.0,
        "storage_initial_soc": 0.5,
        "storage_max_charge_kw": 2000.0,
        "storage_max_discharge_kw": 2000.0,
        "storage_module_kwh": 500.0,
        "tier": "interchange"
      },
      "type": "Feature"
    },
    {
      "geometry": {
        "coordinates": [
          44.477107024925424,
          33.254796098333514
        ],
        "type": "Point"
      },
      "properties": {
        "charger_bus_voltage_v": 650.0,
        "charger_contact_count": 8,
        "charger_efficiency": 0.98,
        "charger_max_current_a": 3300.0,
        "charger_max_kw": 2000.0,
        "grid_export_kw": 2400.0,
        "grid_import_kw": 2400.0,
        "line": "line-3",
        "pv_nameplate_kw": 300.0,
        "station": "line-3-1362-1289-s021278",
        "storage_capacity_kwh": 2000.0,
        "storage_initial_soc": 0.5,
        "storage_max_charge_kw": 2000.0,
        "storage_max_discharge_kw": 2000.0,
        "storage_module_kwh": 500.0,
        "tier": "interchange"
      },
      "type": "Feature"
    },
    {
      "geometry": {
        "coordinates": [
          44.4816198186621,
          33.26937335780873
        ],
        "type": "Point"
      },
      "properties": {
        "charger_bus_voltage_v": 650.0,
        "charger_contact_count": 8,
        "charger_efficiency": 0.98,
        "charger_max_current_a": 3300.0,
        "charger_max_kw": 2000.0,
        "grid_export_kw": 2400.0,
        "grid_import_kw": 2400.0,
        "line": "line-3",
        "pv_nameplate_kw": 300.0,
        "station": "line-3-1281-1310-s023072",
        "storage_capacity_kwh": 2000.0,
        "storage_initial_soc": 0.5,
        "storage_max_charge_kw": 2000.0,
        "storage_max_discharge_kw": 2000.0,
        "storage_module_kwh": 500.0,
        "tier": "interchange"
      },
      "type": "Feature"
    },
    {
      "geometry": {
        "coordinates": [
          44.48355387312067,
          33.275492207465
        ],
        "type": "Point"
      },
      "properties": {
        "charger_bus_voltage_v": 650.0,
        "charger_contact_count": 8,
        "charger_efficiency": 0.98,
        "charger_max_current_a": 3300.0,
        "charger_max_kw": 2000.0,
        "grid_export_kw": 2400.0,
        "grid_import_kw": 2400.0,
        "line": "line-3",
        "pv_nameplate_kw": 300.0,
        "station": "line-3-1247-1319-s023827",
        "storage_capacity_kwh": 2000.0,
        "storage_initial_soc": 0.5,
        "storage_max_charge_kw": 2000.0,
        "storage_max_discharge_kw": 2000.0,
        "storage_module_kwh": 500.0,
        "tier": "interchange"
      },
      "type": "Feature"
    },
    {
      "geometry": {
        "coordinates": [
          44.491290090954955,
          33.29942770759097
        ],
        "type": "Point"
      },
      "properties": {
        "charger_bus_voltage_v": 650.0,
        "charger_contact_count": 8,
        "charger_efficiency": 0.98,
        "charger_max_current_a": 3300.0,
        "charger_max_kw": 2000.0,
        "grid_export_kw": 2400.0,
        "grid_import_kw": 2400.0,
        "line": "line-3",
        "pv_nameplate_kw": 300.0,
        "station": "line-3-1114-1355-s026797",
        "storage_capacity_kwh": 2000.0,
        "storage_initial_soc": 0.5,
        "storage_max_charge_kw": 2000.0,
        "storage_max_discharge_kw": 2000.0,
        "storage_module_kwh": 500.0,
        "tier": "interchange"
      },
      "type": "Feature"
    },
    {
      "geometry": {
        "coordinates": [
          44.49429862011274,
          33.309145880574455
        ],
        "type": "Point"
      },
      "properties": {
        "charger_bus_voltage_v": 650.0,
        "charger_contact_count": 8,
        "charger_efficiency": 0.98,
        "charger_max_current_a": 3300.0,
        "charger_max_kw": 2000.0,
        "grid_export_kw": 2400.0,
        "grid_import_kw": 2400.0,
        "line": "line-3",
        "pv_nameplate_kw": 300.0,
        "station": "line-3-1060-1369-s027993",
        "storage_capacity_kwh": 2000.0,
        "storage_initial_soc": 0.5,
        "storage_max_charge_kw": 2000.0,
        "storage_max_discharge_kw": 2000.0,
        "storage_module_kwh": 500.0,
        "tier": "interchange"
      },
      "type": "Feature"
    },
    {
      "geometry": {
        "coordinates": [
          44.49945609866893,
          33.325882734046
        ],
        "type": "Point"
      },
      "properties": {
        "charger_bus_voltage_v": 650.0,
        "charger_contact_count": 8,
        "charger_efficiency": 0.98,
        "charger_max_current_a": 3300.0,
        "charger_max_kw": 2000.0,
        "grid_export_kw": 2400.0,
        "grid_import_kw": 2400.0,
        "line": "line-3",
        "pv_nameplate_kw": 300.0,
        "station": "line-3-0967-1393-s030075",
        "storage_capacity_kwh": 2000.0,
        "storage_initial_soc": 0.5,
        "storage_max_charge_kw": 2000.0,
        "storage_max_discharge_kw": 2000.0,
        "storage_module_kwh": 500.0,
        "tier": "interchange"
      },
      "type": "Feature"
    },
    {
      "geometry": {
        "coordinates": [
          44.50482847216496,
          33.34261958751755
        ],
        "type": "Point"
      },
      "properties": {
        "charger_bus_voltage_v": 650.0,
        "charger_contact_count": 8,
        "charger_efficiency": 0.98,
        "charger_max_current_a": 3300.0,
        "charger_max_kw": 2000.0,
        "grid_export_kw": 2400.0,
        "grid_import_kw": 2400.0,
        "line": "line-3",
        "pv_nameplate_kw": 300.0,
        "station": "line-3-0874-1418-s032165",
        "storage_capacity_kwh": 2000.0,
        "storage_initial_soc": 0.5,
        "storage_max_charge_kw": 2000.0,
        "storage_max_discharge_kw": 2000.0,
        "storage_module_kwh": 500.0,
        "tier": "interchange"
      },
      "type": "Feature"
    },
    {
      "geometry": {
        "coordinates": [
          44.51106042542036,
          33.362415865817226
        ],
        "type": "Point"
      },
      "properties": {
        "charger_bus_voltage_v": 650.0,
        "charger_contact_count": 8,
        "charger_efficiency": 0.98,
        "charger_max_current_a": 3300.0,
        "charger_max_kw": 2000.0,
        "grid_export_kw": 2400.0,
        "grid_import_kw": 2400.0,
        "line": "line-3",
        "pv_nameplate_kw": 300.0,
        "station": "line-3-0764-1447-s034606",
        "storage_capacity_kwh": 2000.0,
        "storage_initial_soc": 0.5,
        "storage_max_charge_kw": 2000.0,
        "storage_max_discharge_kw": 2000.0,
        "storage_module_kwh": 500.0,
        "tier": "interchange"
      },
      "type": "Feature"
    },
    {
      "geometry": {
        "coordinates": [
          44.514498744457825,
          33.37375373429795
        ],
        "type": "Point"
      },
      "properties": {
        "charger_bus_voltage_v": 650.0,
        "charger_contact_count": 8,
        "charger_efficiency": 0.98,
        "charger_max_current_a": 3300.0,
        "charger_max_kw": 2000.0,
        "grid_export_kw": 2400.0,
        "grid_import_kw": 2400.0,
        "line": "line-3",
        "pv_nameplate_kw": 300.0,
        "station": "line-3-0701-1463-s035998",
        "storage_capacity_kwh": 2000.0,
        "storage_initial_soc": 0.5,
        "storage_max_charge_kw": 2000.0,
        "storage_max_discharge_kw": 2000.0,
        "storage_module_kwh": 500.0,
        "tier": "interchange"
      },
      "type": "Feature"
    },
    {
      "geometry": {
        "coordinates": [
          44.518796643254646,
          33.38671129827593
        ],
        "type": "Point"
      },
      "properties": {
        "charger_bus_voltage_v": 650.0,
        "charger_contact_count": 8,
        "charger_efficiency": 0.98,
        "charger_max_current_a": 3300.0,
        "charger_max_kw": 2000.0,
        "grid_export_kw": 2400.0,
        "grid_import_kw": 2400.0,
        "line": "line-3",
        "pv_nameplate_kw": 300.0,
        "station": "line-3-0629-1483-s037604",
        "storage_capacity_kwh": 2000.0,
        "storage_initial_soc": 0.5,
        "storage_max_charge_kw": 2000.0,
        "storage_max_discharge_kw": 2000.0,
        "storage_module_kwh": 500.0,
        "tier": "interchange"
      },
      "type": "Feature"
    },
    {
      "geometry": {
        "coordinates": [
          44.52266475217179,
          33.3996688622539
        ],
        "type": "Point"
      },
      "properties": {
        "charger_bus_voltage_v": 650.0,
        "charger_contact_count": 8,
        "charger_efficiency": 0.98,
        "charger_max_current_a": 3300.0,
        "charger_max_kw": 2000.0,
        "grid_export_kw": 2000.0,
        "grid_import_kw": 2000.0,
        "line": "line-3",
        "pv_nameplate_kw": 300.0,
        "station": "line-3-0557-1501-s039205",
        "storage_capacity_kwh": 2000.0,
        "storage_initial_soc": 0.5,
        "storage_max_charge_kw": 2000.0,
        "storage_max_discharge_kw": 2000.0,
        "storage_module_kwh": 500.0,
        "tier": "standard"
      },
      "type": "Feature"
    },
    {
      "geometry": {
        "coordinates": [
          44.52588817626941,
          33.40992693373646
        ],
        "type": "Point"
      },
      "properties": {
        "charger_bus_voltage_v": 650.0,
        "charger_contact_count": 8,
        "charger_efficiency": 0.98,
        "charger_max_current_a": 3300.0,
        "charger_max_kw": 2000.0,
        "grid_export_kw": 2400.0,
        "grid_import_kw": 2400.0,
        "line": "line-3",
        "pv_nameplate_kw": 300.0,
        "station": "line-3-0500-1516-s040481",
        "storage_capacity_kwh": 2000.0,
        "storage_initial_soc": 0.5,
        "storage_max_charge_kw": 2000.0,
        "storage_max_discharge_kw": 2000.0,
        "storage_module_kwh": 500.0,
        "tier": "interchange"
      },
      "type": "Feature"
    },
    {
      "geometry": {
        "coordinates": [
          44.531045654825604,
          33.424864125544396
        ],
        "type": "Point"
      },
      "properties": {
        "charger_bus_voltage_v": 650.0,
        "charger_contact_count": 8,
        "charger_efficiency": 0.98,
        "charger_max_current_a": 3300.0,
        "charger_max_kw": 2000.0,
        "grid_export_kw": 2000.0,
        "grid_import_kw": 2000.0,
        "line": "line-3",
        "pv_nameplate_kw": 300.0,
        "station": "line-3-0417-1540-s042403",
        "storage_capacity_kwh": 2000.0,
        "storage_initial_soc": 0.5,
        "storage_max_charge_kw": 2000.0,
        "storage_max_discharge_kw": 2000.0,
        "storage_module_kwh": 500.0,
        "tier": "standard"
      },
      "type": "Feature"
    },
    {
      "geometry": {
        "coordinates": [
          44.53598823844196,
          33.43278263686427
        ],
        "type": "Point"
      },
      "properties": {
        "charger_bus_voltage_v": 650.0,
        "charger_contact_count": 8,
        "charger_efficiency": 0.98,
        "charger_max_current_a": 3300.0,
        "charger_max_kw": 2000.0,
        "grid_export_kw": 2400.0,
        "grid_import_kw": 2400.0,
        "line": "line-3",
        "pv_nameplate_kw": 300.0,
        "station": "line-3-0373-1563-s043682",
        "storage_capacity_kwh": 2000.0,
        "storage_initial_soc": 0.5,
        "storage_max_charge_kw": 2000.0,
        "storage_max_discharge_kw": 2000.0,
        "storage_module_kwh": 500.0,
        "tier": "interchange"
      },
      "type": "Feature"
    },
    {
      "geometry": {
        "coordinates": [
          44.54071592711847,
          33.43368246769607
        ],
        "type": "Point"
      },
      "properties": {
        "charger_bus_voltage_v": 650.0,
        "charger_contact_count": 8,
        "charger_efficiency": 0.98,
        "charger_max_current_a": 3300.0,
        "charger_max_kw": 2000.0,
        "grid_export_kw": 2400.0,
        "grid_import_kw": 2400.0,
        "line": "line-3",
        "pv_nameplate_kw": 300.0,
        "station": "line-3-0368-1585-s044164",
        "storage_capacity_kwh": 2000.0,
        "storage_initial_soc": 0.5,
        "storage_max_charge_kw": 2000.0,
        "storage_max_discharge_kw": 2000.0,
        "storage_module_kwh": 500.0,
        "tier": "interchange"
      },
      "type": "Feature"
    },
    {
      "geometry": {
        "coordinates": [
          44.54501382591529,
          33.44987942266854
        ],
        "type": "Point"
      },
      "properties": {
        "charger_bus_voltage_v": 650.0,
        "charger_contact_count": 8,
        "charger_efficiency": 0.98,
        "charger_max_current_a": 3300.0,
        "charger_max_kw": 2000.0,
        "grid_export_kw": 2400.0,
        "grid_import_kw": 2400.0,
        "line": "line-3",
        "pv_nameplate_kw": 300.0,
        "station": "line-3-0278-1605-s046499",
        "storage_capacity_kwh": 2000.0,
        "storage_initial_soc": 0.5,
        "storage_max_charge_kw": 2000.0,
        "storage_max_discharge_kw": 2000.0,
        "storage_module_kwh": 500.0,
        "tier": "interchange"
      },
      "type": "Feature"
    },
    {
      "geometry": {
        "coordinates": [
          44.55189046399022,
          33.47273512579635
        ],
        "type": "Point"
      },
      "properties": {
        "charger_bus_voltage_v": 650.0,
        "charger_contact_count": 8,
        "charger_efficiency": 0.98,
        "charger_max_current_a": 3300.0,
        "charger_max_kw": 2000.0,
        "grid_export_kw": 3200.0,
        "grid_import_kw": 3200.0,
        "line": "line-3",
        "pv_nameplate_kw": 300.0,
        "station": "line-3-0151-1637-s049496",
        "storage_capacity_kwh": 2000.0,
        "storage_initial_soc": 0.6,
        "storage_max_charge_kw": 2000.0,
        "storage_max_discharge_kw": 2000.0,
        "storage_module_kwh": 500.0,
        "tier": "terminal"
      },
      "type": "Feature"
    },
    {
      "geometry": {
        "coordinates": [
          44.436706776235255,
          33.25875535399345
        ],
        "type": "Point"
      },
      "properties": {
        "charger_bus_voltage_v": 650.0,
        "charger_contact_count": 8,
        "charger_efficiency": 0.98,
        "charger_max_current_a": 3300.0,
        "charger_max_kw": 2000.0,
        "grid_export_kw": 3200.0,
        "grid_import_kw": 3200.0,
        "line": "line-30",
        "pv_nameplate_kw": 300.0,
        "station": "line-30-1340-1101-s000000",
        "storage_capacity_kwh": 2000.0,
        "storage_initial_soc": 0.6,
        "storage_max_charge_kw": 2000.0,
        "storage_max_discharge_kw": 2000.0,
        "storage_module_kwh": 500.0,
        "tier": "terminal"
      },
      "type": "Feature"
    },
    {
      "geometry": {
        "coordinates": [
          44.43369824707747,
          33.23661951553108
        ],
        "type": "Point"
      },
      "properties": {
        "charger_bus_voltage_v": 650.0,
        "charger_contact_count": 8,
        "charger_efficiency": 0.98,
        "charger_max_current_a": 3300.0,
        "charger_max_kw": 2000.0,
        "grid_export_kw": 2000.0,
        "grid_import_kw": 2000.0,
        "line": "line-30",
        "pv_nameplate_kw": 300.0,
        "station": "line-30-1463-1087-s002758",
        "storage_capacity_kwh": 2000.0,
        "storage_initial_soc": 0.5,
        "storage_max_charge_kw": 2000.0,
        "storage_max_discharge_kw": 2000.0,
        "storage_module_kwh": 500.0,
        "tier": "standard"
      },
      "type": "Feature"
    },
    {
      "geometry": {
        "coordinates": [
          44.44272383455081,
          33.228521038044846
        ],
        "type": "Point"
      },
      "properties": {
        "charger_bus_voltage_v": 650.0,
        "charger_contact_count": 8,
        "charger_efficiency": 0.98,
        "charger_max_current_a": 3300.0,
        "charger_max_kw": 2000.0,
        "grid_export_kw": 2000.0,
        "grid_import_kw": 2000.0,
        "line": "line-30",
        "pv_nameplate_kw": 300.0,
        "station": "line-30-1508-1129-s004006",
        "storage_capacity_kwh": 2000.0,
        "storage_initial_soc": 0.5,
        "storage_max_charge_kw": 2000.0,
        "storage_max_discharge_kw": 2000.0,
        "storage_module_kwh": 500.0,
        "tier": "standard"
      },
      "type": "Feature"
    },
    {
      "geometry": {
        "coordinates": [
          44.46077500949748,
          33.20962459057697
        ],
        "type": "Point"
      },
      "properties": {
        "charger_bus_voltage_v": 650.0,
        "charger_contact_count": 8,
        "charger_efficiency": 0.98,
        "charger_max_current_a": 3300.0,
        "charger_max_kw": 2000.0,
        "grid_export_kw": 2400.0,
        "grid_import_kw": 2400.0,
        "line": "line-30",
        "pv_nameplate_kw": 300.0,
        "station": "line-30-1613-1213-s006802",
        "storage_capacity_kwh": 2000.0,
        "storage_initial_soc": 0.5,
        "storage_max_charge_kw": 2000.0,
        "storage_max_discharge_kw": 2000.0,
        "storage_module_kwh": 500.0,
        "tier": "interchange"
      },
      "type": "Feature"
    },
    {
      "geometry": {
        "coordinates": [
          44.46571759311384,
          33.20548536875067
        ],
        "type": "Point"
      },
      "properties": {
        "charger_bus_voltage_v": 650.0,
        "charger_contact_count": 8,
        "charger_efficiency": 0.98,
        "charger_max_current_a": 3300.0,
        "charger_max_kw": 2000.0,
        "grid_export_kw": 2400.0,
        "grid_import_kw": 2400.0,
        "line": "line-30",
        "pv_nameplate_kw": 300.0,
        "station": "line-30-1636-1236-s007453",
        "storage_capacity_kwh": 2000.0,
        "storage_initial_soc": 0.5,
        "storage_max_charge_kw": 2000.0,
        "storage_max_discharge_kw": 2000.0,
        "storage_module_kwh": 500.0,
        "tier": "interchange"
      },
      "type": "Feature"
    },
    {
      "geometry": {
        "coordinates": [
          44.47667723504574,
          33.19630709426628
        ],
        "type": "Point"
      },
      "properties": {
        "charger_bus_voltage_v": 650.0,
        "charger_contact_count": 8,
        "charger_efficiency": 0.98,
        "charger_max_current_a": 3300.0,
        "charger_max_kw": 2000.0,
        "grid_export_kw": 3200.0,
        "grid_import_kw": 3200.0,
        "line": "line-30",
        "pv_nameplate_kw": 300.0,
        "station": "line-30-1687-1287-s008895",
        "storage_capacity_kwh": 2000.0,
        "storage_initial_soc": 0.6,
        "storage_max_charge_kw": 2000.0,
        "storage_max_discharge_kw": 2000.0,
        "storage_module_kwh": 500.0,
        "tier": "terminal"
      },
      "type": "Feature"
    },
    {
      "geometry": {
        "coordinates": [
          44.27661004605344,
          33.439261418853256
        ],
        "type": "Point"
      },
      "properties": {
        "charger_bus_voltage_v": 650.0,
        "charger_contact_count": 8,
        "charger_efficiency": 0.98,
        "charger_max_current_a": 3300.0,
        "charger_max_kw": 2000.0,
        "grid_export_kw": 3200.0,
        "grid_import_kw": 3200.0,
        "line": "line-31",
        "pv_nameplate_kw": 300.0,
        "station": "line-31-0337-0356-s000000",
        "storage_capacity_kwh": 2000.0,
        "storage_initial_soc": 0.6,
        "storage_max_charge_kw": 2000.0,
        "storage_max_discharge_kw": 2000.0,
        "storage_module_kwh": 500.0,
        "tier": "terminal"
      },
      "type": "Feature"
    },
    {
      "geometry": {
        "coordinates": [
          44.2888590576244,
          33.40344815174747
        ],
        "type": "Point"
      },
      "properties": {
        "charger_bus_voltage_v": 650.0,
        "charger_contact_count": 8,
        "charger_efficiency": 0.98,
        "charger_max_current_a": 3300.0,
        "charger_max_kw": 2000.0,
        "grid_export_kw": 2400.0,
        "grid_import_kw": 2400.0,
        "line": "line-31",
        "pv_nameplate_kw": 300.0,
        "station": "line-31-0536-0413-s004767",
        "storage_capacity_kwh": 2000.0,
        "storage_initial_soc": 0.5,
        "storage_max_charge_kw": 2000.0,
        "storage_max_discharge_kw": 2000.0,
        "storage_module_kwh": 500.0,
        "tier": "interchange"
      },
      "type": "Feature"
    },
    {
      "geometry": {
        "coordinates": [
          44.3075549173906,
          33.388330993773174
        ],
        "type": "Point"
      },
      "properties": {
        "charger_bus_voltage_v": 650.0,
        "charger_contact_count": 8,
        "charger_efficiency": 0.98,
        "charger_max_current_a": 3300.0,
        "charger_max_kw": 2000.0,
        "grid_export_kw": 2000.0,
        "grid_import_kw": 2000.0,
        "line": "line-31",
        "pv_nameplate_kw": 300.0,
        "station": "line-31-0620-0500-s007203",
        "storage_capacity_kwh": 2000.0,
        "storage_initial_soc": 0.5,
        "storage_max_charge_kw": 2000.0,
        "storage_max_discharge_kw": 2000.0,
        "storage_module_kwh": 500.0,
        "tier": "standard"
      },
      "type": "Feature"
    },
    {
      "geometry": {
        "coordinates": [
          44.327755041735685,
          33.38347190728143
        ],
        "type": "Point"
      },
      "properties": {
        "charger_bus_voltage_v": 650.0,
        "charger_contact_count": 8,
        "charger_efficiency": 0.98,
        "charger_max_current_a": 3300.0,
        "charger_max_kw": 2000.0,
        "grid_export_kw": 2400.0,
        "grid_import_kw": 2400.0,
        "line": "line-31",
        "pv_nameplate_kw": 300.0,
        "station": "line-31-0647-0594-s009307",
        "storage_capacity_kwh": 2000.0,
        "storage_initial_soc": 0.5,
        "storage_max_charge_kw": 2000.0,
        "storage_max_discharge_kw": 2000.0,
        "storage_module_kwh": 500.0,
        "tier": "interchange"
      },
      "type": "Feature"
    },
    {
      "geometry": {
        "coordinates": [
          44.347310481261246,
          33.367094986142604
        ],
        "type": "Point"
      },
      "properties": {
        "charger_bus_voltage_v": 650.0,
        "charger_contact_count": 8,
        "charger_efficiency": 0.98,
        "charger_max_current_a": 3300.0,
        "charger_max_kw": 2000.0,
        "grid_export_kw": 2000.0,
        "grid_import_kw": 2000.0,
        "line": "line-31",
        "pv_nameplate_kw": 300.0,
        "station": "line-31-0738-0685-s011880",
        "storage_capacity_kwh": 2000.0,
        "storage_initial_soc": 0.5,
        "storage_max_charge_kw": 2000.0,
        "storage_max_discharge_kw": 2000.0,
        "storage_module_kwh": 500.0,
        "tier": "standard"
      },
      "type": "Feature"
    },
    {
      "geometry": {
        "coordinates": [
          44.32796993667553,
          33.36493539214628
        ],
        "type": "Point"
      },
      "properties": {
        "charger_bus_voltage_v": 650.0,
        "charger_contact_count": 8,
        "charger_efficiency": 0.98,
        "charger_max_current_a": 3300.0,
        "charger_max_kw": 2000.0,
        "grid_export_kw": 2400.0,
        "grid_import_kw": 2400.0,
        "line": "line-31",
        "pv_nameplate_kw": 300.0,
        "station": "line-31-0750-0595-s013780",
        "storage_capacity_kwh": 2000.0,
        "storage_initial_soc": 0.5,
        "storage_max_charge_kw": 2000.0,
        "storage_max_discharge_kw": 2000.0,
        "storage_module_kwh": 500.0,
        "tier": "interchange"
      },
      "type": "Feature"
    },
    {
      "geometry": {
        "coordinates": [
          44.32539119739743,
          33.36277579814995
        ],
        "type": "Point"
      },
      "properties": {
        "charger_bus_voltage_v": 650.0,
        "charger_contact_count": 8,
        "charger_efficiency": 0.98,
        "charger_max_current_a": 3300.0,
        "charger_max_kw": 2000.0,
        "grid_export_kw": 3200.0,
        "grid_import_kw": 3200.0,
        "line": "line-31",
        "pv_nameplate_kw": 300.0,
        "station": "line-31-0762-0583-s014119",
        "storage_capacity_kwh": 2000.0,
        "storage_initial_soc": 0.6,
        "storage_max_charge_kw": 2000.0,
        "storage_max_discharge_kw": 2000.0,
        "storage_module_kwh": 500.0,
        "tier": "terminal"
      },
      "type": "Feature"
    },
    {
      "geometry": {
        "coordinates": [
          44.45067494732494,
          33.34063995968758
        ],
        "type": "Point"
      },
      "properties": {
        "charger_bus_voltage_v": 650.0,
        "charger_contact_count": 8,
        "charger_efficiency": 0.98,
        "charger_max_current_a": 3300.0,
        "charger_max_kw": 2000.0,
        "grid_export_kw": 3200.0,
        "grid_import_kw": 3200.0,
        "line": "line-32",
        "pv_nameplate_kw": 300.0,
        "station": "line-32-0885-1166-s000000",
        "storage_capacity_kwh": 2000.0,
        "storage_initial_soc": 0.6,
        "storage_max_charge_kw": 2000.0,
        "storage_max_discharge_kw": 2000.0,
        "storage_module_kwh": 500.0,
        "tier": "terminal"
      },
      "type": "Feature"
    },
    {
      "geometry": {
        "coordinates": [
          44.47259423118876,
          33.33560090702948
        ],
        "type": "Point"
      },
      "properties": {
        "charger_bus_voltage_v": 650.0,
        "charger_contact_count": 8,
        "charger_efficiency": 0.98,
        "charger_max_current_a": 3300.0,
        "charger_max_kw": 2000.0,
        "grid_export_kw": 2400.0,
        "grid_import_kw": 2400.0,
        "line": "line-32",
        "pv_nameplate_kw": 300.0,
        "station": "line-32-0913-1268-s002622",
        "storage_capacity_kwh": 2000.0,
        "storage_initial_soc": 0.5,
        "storage_max_charge_kw": 2000.0,
        "storage_max_discharge_kw": 2000.0,
        "storage_module_kwh": 500.0,
        "tier": "interchange"
      },
      "type": "Feature"
    },
    {
      "geometry": {
        "coordinates": [
          44.48376876806051,
          33.332001583702265
        ],
        "type": "Point"
      },
      "properties": {
        "charger_bus_voltage_v": 650.0,
        "charger_contact_count": 8,
        "charger_efficiency": 0.98,
        "charger_max_current_a": 3300.0,
        "charger_max_kw": 2000.0,
        "grid_export_kw": 2400.0,
        "grid_import_kw": 2400.0,
        "line": "line-32",
        "pv_nameplate_kw": 300.0,
        "station": "line-32-0933-1320-s003842",
        "storage_capacity_kwh": 2000.0,
        "storage_initial_soc": 0.5,
        "storage_max_charge_kw": 2000.0,
        "storage_max_discharge_kw": 2000.0,
        "storage_module_kwh": 500.0,
        "tier": "interchange"
      },
      "type": "Feature"
    },
    {
      "geometry": {
        "coordinates": [
          44.49967099360877,
          33.32570276787964
        ],
        "type": "Point"
      },
      "properties": {
        "charger_bus_voltage_v": 650.0,
        "charger_contact_count": 8,
        "charger_efficiency": 0.98,
        "charger_max_current_a": 3300.0,
        "charger_max_kw": 2000.0,
        "grid_export_kw": 2400.0,
        "grid_import_kw": 2400.0,
        "line": "line-32",
        "pv_nameplate_kw": 300.0,
        "station": "line-32-0968-1394-s005612",
        "storage_capacity_kwh": 2000.0,
        "storage_initial_soc": 0.5,
        "storage_max_charge_kw": 2000.0,
        "storage_max_discharge_kw": 2000.0,
        "storage_module_kwh": 500.0,
        "tier": "interchange"
      },
      "type": "Feature"
    },
    {
      "geometry": {
        "coordinates": [
          44.514498744457825,
          33.31328510240075
        ],
        "type": "Point"
      },
      "properties": {
        "charger_bus_voltage_v": 650.0,
        "charger_contact_count": 8,
        "charger_efficiency": 0.98,
        "charger_max_current_a": 3300.0,
        "charger_max_kw": 2000.0,
        "grid_export_kw": 2400.0,
        "grid_import_kw": 2400.0,
        "line": "line-32",
        "pv_nameplate_kw": 300.0,
        "station": "line-32-1037-1463-s007564",
        "storage_capacity_kwh": 2000.0,
        "storage_initial_soc": 0.5,
        "storage_max_charge_kw": 2000.0,
        "storage_max_discharge_kw": 2000.0,
        "storage_module_kwh": 500.0,
        "tier": "interchange"
      },
      "type": "Feature"
    },
    {
      "geometry": {
        "coordinates": [
          44.530400970006085,
          33.30878594824173
        ],
        "type": "Point"
      },
      "properties": {
        "charger_bus_voltage_v": 650.0,
        "charger_contact_count": 8,
        "charger_efficiency": 0.98,
        "charger_max_current_a": 3300.0,
        "charger_max_kw": 2000.0,
        "grid_export_kw": 3200.0,
        "grid_import_kw": 3200.0,
        "line": "line-32",
        "pv_nameplate_kw": 300.0,
        "station": "line-32-1062-1537-s009251",
        "storage_capacity_kwh": 2000.0,
        "storage_initial_soc": 0.6,
        "storage_max_charge_kw": 2000.0,
        "storage_max_discharge_kw": 2000.0,
        "storage_module_kwh": 500.0,
        "tier": "terminal"
      },
      "type": "Feature"
    },
    {
      "geometry": {
        "coordinates": [
          44.25598013182867,
          33.28413058345031
        ],
        "type": "Point"
      },
      "properties": {
        "charger_bus_voltage_v": 650.0,
        "charger_contact_count": 8,
        "charger_efficiency": 0.98,
        "charger_max_current_a": 3300.0,
        "charger_max_kw": 2000.0,
        "grid_export_kw": 3200.0,
        "grid_import_kw": 3200.0,
        "line": "line-33",
        "pv_nameplate_kw": 300.0,
        "station": "line-33-1199-0260-s000000",
        "storage_capacity_kwh": 2000.0,
        "storage_initial_soc": 0.6,
        "storage_max_charge_kw": 2000.0,
        "storage_max_discharge_kw": 2000.0,
        "storage_module_kwh": 500.0,
        "tier": "terminal"
      },
      "type": "Feature"
    },
    {
      "geometry": {
        "coordinates": [
          44.2566248166482,
          33.28359068495123
        ],
        "type": "Point"
      },
      "properties": {
        "charger_bus_voltage_v": 650.0,
        "charger_contact_count": 8,
        "charger_efficiency": 0.98,
        "charger_max_current_a": 3300.0,
        "charger_max_kw": 2000.0,
        "grid_export_kw": 2400.0,
        "grid_import_kw": 2400.0,
        "line": "line-33",
        "pv_nameplate_kw": 300.0,
        "station": "line-33-1202-0263-s000085",
        "storage_capacity_kwh": 2000.0,
        "storage_initial_soc": 0.5,
        "storage_max_charge_kw": 2000.0,
        "storage_max_discharge_kw": 2000.0,
        "storage_module_kwh": 500.0,
        "tier": "interchange"
      },
      "type": "Feature"
    },
    {
      "geometry": {
        "coordinates": [
          44.2566248166482,
          33.28269085411942
        ],
        "type": "Point"
      },
      "properties": {
        "charger_bus_voltage_v": 650.0,
        "charger_contact_count": 8,
        "charger_efficiency": 0.98,
        "charger_max_current_a": 3300.0,
        "charger_max_kw": 2000.0,
        "grid_export_kw": 2400.0,
        "grid_import_kw": 2400.0,
        "line": "line-33",
        "pv_nameplate_kw": 300.0,
        "station": "line-33-1207-0263-s000185",
        "storage_capacity_kwh": 2000.0,
        "storage_initial_soc": 0.5,
        "storage_max_charge_kw": 2000.0,
        "storage_max_discharge_kw": 2000.0,
        "storage_module_kwh": 500.0,
        "tier": "interchange"
      },
      "type": "Feature"
    },
    {
      "geometry": {
        "coordinates": [
          44.2566248166482,
          33.27999136162401
        ],
        "type": "Point"
      },
      "properties": {
        "charger_bus_voltage_v": 650.0,
        "charger_contact_count": 8,
        "charger_efficiency": 0.98,
        "charger_max_current_a": 3300.0,
        "charger_max_kw": 2000.0,
        "grid_export_kw": 2400.0,
        "grid_import_kw": 2400.0,
        "line": "line-33",
        "pv_nameplate_kw": 300.0,
        "station": "line-33-1222-0263-s000485",
        "storage_capacity_kwh": 2000.0,
        "storage_initial_soc": 0.5,
        "storage_max_charge_kw": 2000.0,
        "storage_max_discharge_kw": 2000.0,
        "storage_module_kwh": 500.0,
        "tier": "interchange"
      },
      "type": "Feature"
    },
    {
      "geometry": {
        "coordinates": [
          44.2405076961601,
          33.28701004211208
        ],
        "type": "Point"
      },
      "properties": {
        "charger_bus_voltage_v": 650.0,
        "charger_contact_count": 8,
        "charger_efficiency": 0.98,
        "charger_max_current_a": 3300.0,
        "charger_max_kw": 2000.0,
        "grid_export_kw": 2000.0,
        "grid_import_kw": 2000.0,
        "line": "line-33",
        "pv_nameplate_kw": 300.0,
        "station": "line-33-1183-0188-s002391",
        "storage_capacity_kwh": 2000.0,
        "storage_initial_soc": 0.5,
        "storage_max_charge_kw": 2000.0,
        "storage_max_discharge_kw": 2000.0,
        "storage_module_kwh": 500.0,
        "tier": "standard"
      },
      "type": "Feature"
    },
    {
      "geometry": {
        "coordinates": [
          44.23105231880708,
          33.29492855343195
        ],
        "type": "Point"
      },
      "properties": {
        "charger_bus_voltage_v": 650.0,
        "charger_contact_count": 8,
        "charger_efficiency": 0.98,
        "charger_max_current_a": 3300.0,
        "charger_max_kw": 2000.0,
        "grid_export_kw": 2400.0,
        "grid_import_kw": 2400.0,
        "line": "line-33",
        "pv_nameplate_kw": 300.0,
        "station": "line-33-1139-0144-s003635",
        "storage_capacity_kwh": 2000.0,
        "storage_initial_soc": 0.5,
        "storage_max_charge_kw": 2000.0,
        "storage_max_discharge_kw": 2000.0,
        "storage_module_kwh": 500.0,
        "tier": "interchange"
      },
      "type": "Feature"
    },
    {
      "geometry": {
        "coordinates": [
          44.2093479298831,
          33.31292517006803
        ],
        "type": "Point"
      },
      "properties": {
        "charger_bus_voltage_v": 650.0,
        "charger_contact_count": 8,
        "charger_efficiency": 0.98,
        "charger_max_current_a": 3300.0,
        "charger_max_kw": 2000.0,
        "grid_export_kw": 3200.0,
        "grid_import_kw": 3200.0,
        "line": "line-33",
        "pv_nameplate_kw": 300.0,
        "station": "line-33-1039-0043-s006507",
        "storage_capacity_kwh": 2000.0,
        "storage_initial_soc": 0.6,
        "storage_max_charge_kw": 2000.0,
        "storage_max_discharge_kw": 2000.0,
        "storage_module_kwh": 500.0,
        "tier": "terminal"
      },
      "type": "Feature"
    },
    {
      "geometry": {
        "coordinates": [
          44.29208248172202,
          33.3721340388007
        ],
        "type": "Point"
      },
      "properties": {
        "charger_bus_voltage_v": 650.0,
        "charger_contact_count": 8,
        "charger_efficiency": 0.98,
        "charger_max_current_a": 3300.0,
        "charger_max_kw": 2000.0,
        "grid_export_kw": 3200.0,
        "grid_import_kw": 3200.0,
        "line": "line-34",
        "pv_nameplate_kw": 300.0,
        "station": "line-34-0710-0428-s000000",
        "storage_capacity_kwh": 2000.0,
        "storage_initial_soc": 0.6,
        "storage_max_charge_kw": 2000.0,
        "storage_max_discharge_kw": 2000.0,
        "storage_module_kwh": 500.0,
        "tier": "terminal"
      },
      "type": "Feature"
    },
    {
      "geometry": {
        "coordinates": [
          44.29960380461647,
          33.38077241478602
        ],
        "type": "Point"
      },
      "properties": {
        "charger_bus_voltage_v": 650.0,
        "charger_contact_count": 8,
        "charger_efficiency": 0.98,
        "charger_max_current_a": 3300.0,
        "charger_max_kw": 2000.0,
        "grid_export_kw": 2000.0,
        "grid_import_kw": 2000.0,
        "line": "line-34",
        "pv_nameplate_kw": 300.0,
        "station": "line-34-0662-0463-s001250",
        "storage_capacity_kwh": 2000.0,
        "storage_initial_soc": 0.5,
        "storage_max_charge_kw": 2000.0,
        "storage_max_discharge_kw": 2000.0,
        "storage_module_kwh": 500.0,
        "tier": "standard"
      },
      "type": "Feature"
    },
    {
      "geometry": {
        "coordinates": [
          44.324531617638065,
          33.36493539214628
        ],
        "type": "Point"
      },
      "properties": {
        "charger_bus_voltage_v": 650.0,
        "charger_contact_count": 8,
        "charger_efficiency": 0.98,
        "charger_max_current_a": 3300.0,
        "charger_max_kw": 2000.0,
        "grid_export_kw": 2400.0,
        "grid_import_kw": 2400.0,
        "line": "line-34",
        "pv_nameplate_kw": 300.0,
        "station": "line-34-0750-0579-s004299",
        "storage_capacity_kwh": 2000.0,
        "storage_initial_soc": 0.5,
        "storage_max_charge_kw": 2000.0,
        "storage_max_discharge_kw": 2000.0,
        "storage_module_kwh": 500.0,
        "tier": "interchange"
      },
      "type": "Feature"
    },
    {
      "geometry": {
        "coordinates": [
          44.32796993667553,
          33.36493539214628
        ],
        "type": "Point"
      },
      "properties": {
        "charger_bus_voltage_v": 650.0,
        "charger_contact_count": 8,
        "charger_efficiency": 0.98,
        "charger_max_current_a": 3300.0,
        "charger_max_kw": 2000.0,
        "grid_export_kw": 2400.0,
        "grid_import_kw": 2400.0,
        "line": "line-34",
        "pv_nameplate_kw": 300.0,
        "station": "line-34-0750-0595-s004619",
        "storage_capacity_kwh": 2000.0,
        "storage_initial_soc": 0.5,
        "storage_max_charge_kw": 2000.0,
        "storage_max_discharge_kw": 2000.0,
        "storage_module_kwh": 500.0,
        "tier": "interchange"
      },
      "type": "Feature"
    },
    {
      "geometry": {
        "coordinates": [
          44.35053390535887,
          33.3561170499946
        ],
        "type": "Point"
      },
      "properties": {
        "charger_bus_voltage_v": 650.0,
        "charger_contact_count": 8,
        "charger_efficiency": 0.98,
        "charger_max_current_a": 3300.0,
        "charger_max_kw": 2000.0,
        "grid_export_kw": 2400.0,
        "grid_import_kw": 2400.0,
        "line": "line-34",
        "pv_nameplate_kw": 300.0,
        "station": "line-34-0799-0700-s007125",
        "storage_capacity_kwh": 2000.0,
        "storage_initial_soc": 0.5,
        "storage_max_charge_kw": 2000.0,
        "storage_max_discharge_kw": 2000.0,
        "storage_module_kwh": 500.0,
        "tier": "interchange"
      },
      "type": "Feature"
    },
    {
      "geometry": {
        "coordinates": [
          44.35332753957681,
          33.35377748983191
        ],
        "type": "Point"
      },
      "properties": {
        "charger_bus_voltage_v": 650.0,
        "charger_contact_count": 8,
        "charger_efficiency": 0.98,
        "charger_max_current_a": 3300.0,
        "charger_max_kw": 2000.0,
        "grid_export_kw": 3200.0,
        "grid_import_kw": 3200.0,
        "line": "line-34",
        "pv_nameplate_kw": 300.0,
        "station": "line-34-0812-0713-s007493",
        "storage_capacity_kwh": 2000.0,
        "storage_initial_soc": 0.6,
        "storage_max_charge_kw": 2000.0,
        "storage_max_discharge_kw": 2000.0,
        "storage_module_kwh": 500.0,
        "tier": "terminal"
      },
      "type": "Feature"
    },
    {
      "geometry": {
        "coordinates": [
          44.378470247538246,
          33.45959759565202
        ],
        "type": "Point"
      },
      "properties": {
        "charger_bus_voltage_v": 650.0,
        "charger_contact_count": 8,
        "charger_efficiency": 0.98,
        "charger_max_current_a": 3300.0,
        "charger_max_kw": 2000.0,
        "grid_export_kw": 3200.0,
        "grid_import_kw": 3200.0,
        "line": "line-35",
        "pv_nameplate_kw": 300.0,
        "station": "line-35-0224-0830-s000000",
        "storage_capacity_kwh": 2000.0,
        "storage_initial_soc": 0.6,
        "storage_max_charge_kw": 2000.0,
        "storage_max_discharge_kw": 2000.0,
        "storage_module_kwh": 500.0,
        "tier": "terminal"
      },
      "type": "Feature"
    },
    {
      "geometry": {
        "coordinates": [
          44.34795516608077,
          33.45707806932297
        ],
        "type": "Point"
      },
      "properties": {
        "charger_bus_voltage_v": 650.0,
        "charger_contact_count": 8,
        "charger_efficiency": 0.98,
        "charger_max_current_a": 3300.0,
        "charger_max_kw": 2000.0,
        "grid_export_kw": 2000.0,
        "grid_import_kw": 2000.0,
        "line": "line-35",
        "pv_nameplate_kw": 300.0,
        "station": "line-35-0238-0688-s002956",
        "storage_capacity_kwh": 2000.0,
        "storage_initial_soc": 0.5,
        "storage_max_charge_kw": 2000.0,
        "storage_max_discharge_kw": 2000.0,
        "storage_module_kwh": 500.0,
        "tier": "standard"
      },
      "type": "Feature"
    },
    {
      "geometry": {
        "coordinates": [
          44.35354243451665,
          33.411906561566425
        ],
        "type": "Point"
      },
      "properties": {
        "charger_bus_voltage_v": 650.0,
        "charger_contact_count": 8,
        "charger_efficiency": 0.98,
        "charger_max_current_a": 3300.0,
        "charger_max_kw": 2000.0,
        "grid_export_kw": 2400.0,
        "grid_import_kw": 2400.0,
        "line": "line-35",
        "pv_nameplate_kw": 300.0,
        "station": "line-35-0489-0714-s008208",
        "storage_capacity_kwh": 2000.0,
        "storage_initial_soc": 0.5,
        "storage_max_charge_kw": 2000.0,
        "storage_max_discharge_kw": 2000.0,
        "storage_module_kwh": 500.0,
        "tier": "interchange"
      },
      "type": "Feature"
    },
    {
      "geometry": {
        "coordinates": [
          44.35354243451665,
          33.41046683223554
        ],
        "type": "Point"
      },
      "properties": {
        "charger_bus_voltage_v": 650.0,
        "charger_contact_count": 8,
        "charger_efficiency": 0.98,
        "charger_max_current_a": 3300.0,
        "charger_max_kw": 2000.0,
        "grid_export_kw": 2400.0,
        "grid_import_kw": 2400.0,
        "line": "line-35",
        "pv_nameplate_kw": 300.0,
        "station": "line-35-0497-0714-s008368",
        "storage_capacity_kwh": 2000.0,
        "storage_initial_soc": 0.5,
        "storage_max_charge_kw": 2000.0,
        "storage_max_discharge_kw": 2000.0,
        "storage_module_kwh": 500.0,
        "tier": "interchange"
      },
      "type": "Feature"
    },
    {
      "geometry": {
        "coordinates": [
          44.35354243451665,
          33.39426987726308
        ],
        "type": "Point"
      },
      "properties": {
        "charger_bus_voltage_v": 650.0,
        "charger_contact_count": 8,
        "charger_efficiency": 0.98,
        "charger_max_current_a": 3300.0,
        "charger_max_kw": 2000.0,
        "grid_export_kw": 3200.0,
        "grid_import_kw": 3200.0,
        "line": "line-35",
        "pv_nameplate_kw": 300.0,
        "station": "line-35-0587-0714-s010168",
        "storage_capacity_kwh": 2000.0,
        "storage_initial_soc": 0.6,
        "storage_max_charge_kw": 2000.0,
        "storage_max_discharge_kw": 2000.0,
        "storage_module_kwh": 500.0,
        "tier": "terminal"
      },
      "type": "Feature"
    },
    {
      "geometry": {
        "coordinates": [
          44.38104898681634,
          33.41676564805817
        ],
        "type": "Point"
      },
      "properties": {
        "charger_bus_voltage_v": 650.0,
        "charger_contact_count": 8,
        "charger_efficiency": 0.98,
        "charger_max_current_a": 3300.0,
        "charger_max_kw": 2000.0,
        "grid_export_kw": 3200.0,
        "grid_import_kw": 3200.0,
        "line": "line-36",
        "pv_nameplate_kw": 300.0,
        "station": "line-36-0462-0842-s000000",
        "storage_capacity_kwh": 2000.0,
        "storage_initial_soc": 0.6,
        "storage_max_charge_kw": 2000.0,
        "storage_max_discharge_kw": 2000.0,
        "storage_module_kwh": 500.0,
        "tier": "terminal"
      },
      "type": "Feature"
    },
    {
      "geometry": {
        "coordinates": [
          44.3709489246438,
          33.40452794874564
        ],
        "type": "Point"
      },
      "properties": {
        "charger_bus_voltage_v": 650.0,
        "charger_contact_count": 8,
        "charger_efficiency": 0.98,
        "charger_max_current_a": 3300.0,
        "charger_max_kw": 2000.0,
        "grid_export_kw": 2400.0,
        "grid_import_kw": 2400.0,
        "line": "line-36",
        "pv_nameplate_kw": 300.0,
        "station": "line-36-0530-0795-s002300",
        "storage_capacity_kwh": 2000.0,
        "storage_initial_soc": 0.5,
        "storage_max_charge_kw": 2000.0,
        "storage_max_discharge_kw": 2000.0,
        "storage_module_kwh": 500.0,
        "tier": "interchange"
      },
      "type": "Feature"
    },
    {
      "geometry": {
        "coordinates": [
          44.368370185365706,
          33.399848828420254
        ],
        "type": "Point"
      },
      "properties": {
        "charger_bus_voltage_v": 650.0,
        "charger_contact_count": 8,
        "charger_efficiency": 0.98,
        "charger_max_current_a": 3300.0,
        "charger_max_kw": 2000.0,
        "grid_export_kw": 2400.0,
        "grid_import_kw": 2400.0,
        "line": "line-36",
        "pv_nameplate_kw": 300.0,
        "station": "line-36-0556-0783-s003060",
        "storage_capacity_kwh": 2000.0,
        "storage_initial_soc": 0.5,
        "storage_max_charge_kw": 2000.0,
        "storage_max_discharge_kw": 2000.0,
        "storage_module_kwh": 500.0,
        "tier": "interchange"
      },
      "type": "Feature"
    },
    {
      "geometry": {
        "coordinates": [
          44.358914808012685,
          33.38095238095238
        ],
        "type": "Point"
      },
      "properties": {
        "charger_bus_voltage_v": 650.0,
        "charger_contact_count": 8,
        "charger_efficiency": 0.98,
        "charger_max_current_a": 3300.0,
        "charger_max_kw": 2000.0,
        "grid_export_kw": 2000.0,
        "grid_import_kw": 2000.0,
        "line": "line-36",
        "pv_nameplate_kw": 300.0,
        "station": "line-36-0661-0739-s006040",
        "storage_capacity_kwh": 2000.0,
        "storage_initial_soc": 0.5,
        "storage_max_charge_kw": 2000.0,
        "storage_max_discharge_kw": 2000.0,
        "storage_module_kwh": 500.0,
        "tier": "standard"
      },
      "type": "Feature"
    },
    {
      "geometry": {
        "coordinates": [
          44.3485998509003,
          33.378072922290606
        ],
        "type": "Point"
      },
      "properties": {
        "charger_bus_voltage_v": 650.0,
        "charger_contact_count": 8,
        "charger_efficiency": 0.98,
        "charger_max_current_a": 3300.0,
        "charger_max_kw": 2000.0,
        "grid_export_kw": 2000.0,
        "grid_import_kw": 2000.0,
        "line": "line-36",
        "pv_nameplate_kw": 300.0,
        "station": "line-36-0677-0691-s007840",
        "storage_capacity_kwh": 2000.0,
        "storage_initial_soc": 0.5,
        "storage_max_charge_kw": 2000.0,
        "storage_max_discharge_kw": 2000.0,
        "storage_module_kwh": 500.0,
        "tier": "standard"
      },
      "type": "Feature"
    },
    {
      "geometry": {
        "coordinates": [
          44.33785510390823,
          33.3854515351114
        ],
        "type": "Point"
      },
      "properties": {
        "charger_bus_voltage_v": 650.0,
        "charger_contact_count": 8,
        "charger_efficiency": 0.98,
        "charger_max_current_a": 3300.0,
        "charger_max_kw": 2000.0,
        "grid_export_kw": 3200.0,
        "grid_import_kw": 3200.0,
        "line": "line-36",
        "pv_nameplate_kw": 300.0,
        "station": "line-36-0636-0641-s009660",
        "storage_capacity_kwh": 2000.0,
        "storage_initial_soc": 0.6,
        "storage_max_charge_kw": 2000.0,
        "storage_max_discharge_kw": 2000.0,
        "storage_module_kwh": 500.0,
        "tier": "terminal"
      },
      "type": "Feature"
    },
    {
      "geometry": {
        "coordinates": [
          44.457981375279545,
          33.30320699708455
        ],
        "type": "Point"
      },
      "properties": {
        "charger_bus_voltage_v": 650.0,
        "charger_contact_count": 8,
        "charger_efficiency": 0.98,
        "charger_max_current_a": 3300.0,
        "charger_max_kw": 2000.0,
        "grid_export_kw": 3200.0,
        "grid_import_kw": 3200.0,
        "line": "line-37",
        "pv_nameplate_kw": 300.0,
        "station": "line-37-1093-1200-s000000",
        "storage_capacity_kwh": 2000.0,
        "storage_initial_soc": 0.6,
        "storage_max_charge_kw": 2000.0,
        "storage_max_discharge_kw": 2000.0,
        "storage_module_kwh": 500.0,
        "tier": "terminal"
      },
      "type": "Feature"
    },
    {
      "geometry": {
        "coordinates": [
          44.43369824707747,
          33.30878594824173
        ],
        "type": "Point"
      },
      "properties": {
        "charger_bus_voltage_v": 650.0,
        "charger_contact_count": 8,
        "charger_efficiency": 0.98,
        "charger_max_current_a": 3300.0,
        "charger_max_kw": 2000.0,
        "grid_export_kw": 2400.0,
        "grid_import_kw": 2400.0,
        "line": "line-37",
        "pv_nameplate_kw": 300.0,
        "station": "line-37-1062-1087-s002517",
        "storage_capacity_kwh": 2000.0,
        "storage_initial_soc": 0.5,
        "storage_max_charge_kw": 2000.0,
        "storage_max_discharge_kw": 2000.0,
        "storage_module_kwh": 500.0,
        "tier": "interchange"
      },
      "type": "Feature"
    },
    {
      "geometry": {
        "coordinates": [
          44.41543217719096,
          33.29402872260015
        ],
        "type": "Point"
      },
      "properties": {
        "charger_bus_voltage_v": 650.0,
        "charger_contact_count": 8,
        "charger_efficiency": 0.98,
        "charger_max_current_a": 3300.0,
        "charger_max_kw": 2000.0,
        "grid_export_kw": 2400.0,
        "grid_import_kw": 2400.0,
        "line": "line-37",
        "pv_nameplate_kw": 300.0,
        "station": "line-37-1144-1002-s004896",
        "storage_capacity_kwh": 2000.0,
        "storage_initial_soc": 0.5,
        "storage_max_charge_kw": 2000.0,
        "storage_max_discharge_kw": 2000.0,
        "storage_module_kwh": 500.0,
        "tier": "interchange"
      },
      "type": "Feature"
    },
    {
      "geometry": {
        "coordinates": [
          44.40425764031921,
          33.29294892560198
        ],
        "type": "Point"
      },
      "properties": {
        "charger_bus_voltage_v": 650.0,
        "charger_contact_count": 8,
        "charger_efficiency": 0.98,
        "charger_max_current_a": 3300.0,
        "charger_max_kw": 2000.0,
        "grid_export_kw": 2400.0,
        "grid_import_kw": 2400.0,
        "line": "line-37",
        "pv_nameplate_kw": 300.0,
        "station": "line-37-1150-0950-s005986",
        "storage_capacity_kwh": 2000.0,
        "storage_initial_soc": 0.5,
        "storage_max_charge_kw": 2000.0,
        "storage_max_discharge_kw": 2000.0,
        "storage_module_kwh": 500.0,
        "tier": "interchange"
      },
      "type": "Feature"
    },
    {
      "geometry": {
        "coordinates": [
          44.39630652754508,
          33.28629017744664
        ],
        "type": "Point"
      },
      "properties": {
        "charger_bus_voltage_v": 650.0,
        "charger_contact_count": 8,
        "charger_efficiency": 0.98,
        "charger_max_current_a": 3300.0,
        "charger_max_kw": 2000.0,
        "grid_export_kw": 2400.0,
        "grid_import_kw": 2400.0,
        "line": "line-37",
        "pv_nameplate_kw": 300.0,
        "station": "line-37-1187-0913-s007032",
        "storage_capacity_kwh": 2000.0,
        "storage_initial_soc": 0.5,
        "storage_max_charge_kw": 2000.0,
        "storage_max_discharge_kw": 2000.0,
        "storage_module_kwh": 500.0,
        "tier": "interchange"
      },
      "type": "Feature"
    },
    {
      "geometry": {
        "coordinates": [
          44.38900009959047,
          33.28341071878487
        ],
        "type": "Point"
      },
      "properties": {
        "charger_bus_voltage_v": 650.0,
        "charger_contact_count": 8,
        "charger_efficiency": 0.98,
        "charger_max_current_a": 3300.0,
        "charger_max_kw": 2000.0,
        "grid_export_kw": 2400.0,
        "grid_import_kw": 2400.0,
        "line": "line-37",
        "pv_nameplate_kw": 300.0,
        "station": "line-37-1203-0879-s007845",
        "storage_capacity_kwh": 2000.0,
        "storage_initial_soc": 0.5,
        "storage_max_charge_kw": 2000.0,
        "storage_max_discharge_kw": 2000.0,
        "storage_module_kwh": 500.0,
        "tier": "interchange"
      },
      "type": "Feature"
    },
    {
      "geometry": {
        "coordinates": [
          44.37761066777888,
          33.28341071878487
        ],
        "type": "Point"
      },
      "properties": {
        "charger_bus_voltage_v": 650.0,
        "charger_contact_count": 8,
        "charger_efficiency": 0.98,
        "charger_max_current_a": 3300.0,
        "charger_max_kw": 2000.0,
        "grid_export_kw": 2400.0,
        "grid_import_kw": 2400.0,
        "line": "line-37",
        "pv_nameplate_kw": 300.0,
        "station": "line-37-1203-0826-s008905",
        "storage_capacity_kwh": 2000.0,
        "storage_initial_soc": 0.5,
        "storage_max_charge_kw": 2000.0,
        "storage_max_discharge_kw": 2000.0,
        "storage_module_kwh": 500.0,
        "tier": "interchange"
      },
      "type": "Feature"
    },
    {
      "geometry": {
        "coordinates": [
          44.37567661332031,
          33.28341071878487
        ],
        "type": "Point"
      },
      "properties": {
        "charger_bus_voltage_v": 650.0,
        "charger_contact_count": 8,
        "charger_efficiency": 0.98,
        "charger_max_current_a": 3300.0,
        "charger_max_kw": 2000.0,
        "grid_export_kw": 2400.0,
        "grid_import_kw": 2400.0,
        "line": "line-37",
        "pv_nameplate_kw": 300.0,
        "station": "line-37-1203-0817-s009085",
        "storage_capacity_kwh": 2000.0,
        "storage_initial_soc": 0.5,
        "storage_max_charge_kw": 2000.0,
        "storage_max_discharge_kw": 2000.0,
        "storage_module_kwh": 500.0,
        "tier": "interchange"
      },
      "type": "Feature"
    },
    {
      "geometry": {
        "coordinates": [
          44.37438724368126,
          33.28359068495123
        ],
        "type": "Point"
      },
      "properties": {
        "charger_bus_voltage_v": 650.0,
        "charger_contact_count": 8,
        "charger_efficiency": 0.98,
        "charger_max_current_a": 3300.0,
        "charger_max_kw": 2000.0,
        "grid_export_kw": 2400.0,
        "grid_import_kw": 2400.0,
        "line": "line-37",
        "pv_nameplate_kw": 300.0,
        "station": "line-37-1202-0811-s009213",
        "storage_capacity_kwh": 2000.0,
        "storage_initial_soc": 0.5,
        "storage_max_charge_kw": 2000.0,
        "storage_max_discharge_kw": 2000.0,
        "storage_module_kwh": 500.0,
        "tier": "interchange"
      },
      "type": "Feature"
    },
    {
      "geometry": {
        "coordinates": [
          44.37331276898205,
          33.28413058345031
        ],
        "type": "Point"
      },
      "properties": {
        "charger_bus_voltage_v": 650.0,
        "charger_contact_count": 8,
        "charger_efficiency": 0.98,
        "charger_max_current_a": 3300.0,
        "charger_max_kw": 2000.0,
        "grid_export_kw": 2400.0,
        "grid_import_kw": 2400.0,
        "line": "line-37",
        "pv_nameplate_kw": 300.0,
        "station": "line-37-1199-0806-s009338",
        "storage_capacity_kwh": 2000.0,
        "storage_initial_soc": 0.5,
        "storage_max_charge_kw": 2000.0,
        "storage_max_discharge_kw": 2000.0,
        "storage_module_kwh": 500.0,
        "tier": "interchange"
      },
      "type": "Feature"
    },
    {
      "geometry": {
        "coordinates": [
          44.37782556271872,
          33.288269805276606
        ],
        "type": "Point"
      },
      "properties": {
        "charger_bus_voltage_v": 650.0,
        "charger_contact_count": 8,
        "charger_efficiency": 0.98,
        "charger_max_current_a": 3300.0,
        "charger_max_kw": 2000.0,
        "grid_export_kw": 3200.0,
        "grid_import_kw": 3200.0,
        "line": "line-37",
        "pv_nameplate_kw": 300.0,
        "station": "line-37-1176-0827-s009972",
        "storage_capacity_kwh": 2000.0,
        "storage_initial_soc": 0.6,
        "storage_max_charge_kw": 2000.0,
        "storage_max_discharge_kw": 2000.0,
        "storage_module_kwh": 500.0,
        "tier": "terminal"
      },
      "type": "Feature"
    },
    {
      "geometry": {
        "coordinates": [
          44.46980059697082,
          33.26667386531332
        ],
        "type": "Point"
      },
      "properties": {
        "charger_bus_voltage_v": 650.0,
        "charger_contact_count": 8,
        "charger_efficiency": 0.98,
        "charger_max_current_a": 3300.0,
        "charger_max_kw": 2000.0,
        "grid_export_kw": 3200.0,
        "grid_import_kw": 3200.0,
        "line": "line-38",
        "pv_nameplate_kw": 300.0,
        "station": "line-38-1296-1255-s000000",
        "storage_capacity_kwh": 2000.0,
        "storage_initial_soc": 0.6,
        "storage_max_charge_kw": 2000.0,
        "storage_max_discharge_kw": 2000.0,
        "storage_module_kwh": 500.0,
        "tier": "terminal"
      },
      "type": "Feature"
    },
    {
      "geometry": {
        "coordinates": [
          44.46550269817399,
          33.281431090954904
        ],
        "type": "Point"
      },
      "properties": {
        "charger_bus_voltage_v": 650.0,
        "charger_contact_count": 8,
        "charger_efficiency": 0.98,
        "charger_max_current_a": 3300.0,
        "charger_max_kw": 2000.0,
        "grid_export_kw": 2000.0,
        "grid_import_kw": 2000.0,
        "line": "line-38",
        "pv_nameplate_kw": 300.0,
        "station": "line-38-1214-1235-s001806",
        "storage_capacity_kwh": 2000.0,
        "storage_initial_soc": 0.5,
        "storage_max_charge_kw": 2000.0,
        "storage_max_discharge_kw": 2000.0,
        "storage_module_kwh": 500.0,
        "tier": "standard"
      },
      "type": "Feature"
    },
    {
      "geometry": {
        "coordinates": [
          44.44917068274605,
          33.28898966994205
        ],
        "type": "Point"
      },
      "properties": {
        "charger_bus_voltage_v": 650.0,
        "charger_contact_count": 8,
        "charger_efficiency": 0.98,
        "charger_max_current_a": 3300.0,
        "charger_max_kw": 2000.0,
        "grid_export_kw": 2400.0,
        "grid_import_kw": 2400.0,
        "line": "line-38",
        "pv_nameplate_kw": 300.0,
        "station": "line-38-1172-1159-s003723",
        "storage_capacity_kwh": 2000.0,
        "storage_initial_soc": 0.5,
        "storage_max_charge_kw": 2000.0,
        "storage_max_discharge_kw": 2000.0,
        "storage_module_kwh": 500.0,
        "tier": "interchange"
      },
      "type": "Feature"
    },
    {
      "geometry": {
        "coordinates": [
          44.44745152322732,
          33.28683007594572
        ],
        "type": "Point"
      },
      "properties": {
        "charger_bus_voltage_v": 650.0,
        "charger_contact_count": 8,
        "charger_efficiency": 0.98,
        "charger_max_current_a": 3300.0,
        "charger_max_kw": 2000.0,
        "grid_export_kw": 2400.0,
        "grid_import_kw": 2400.0,
        "line": "line-38",
        "pv_nameplate_kw": 300.0,
        "station": "line-38-1184-1151-s004030",
        "storage_capacity_kwh": 2000.0,
        "storage_initial_soc": 0.5,
        "storage_max_charge_kw": 2000.0,
        "storage_max_discharge_kw": 2000.0,
        "storage_module_kwh": 500.0,
        "tier": "interchange"
      },
      "type": "Feature"
    },
    {
      "geometry": {
        "coordinates": [
          44.45217921190383,
          33.27063312097326
        ],
        "type": "Point"
      },
      "properties": {
        "charger_bus_voltage_v": 650.0,
        "charger_contact_count": 8,
        "charger_efficiency": 0.98,
        "charger_max_current_a": 3300.0,
        "charger_max_kw": 2000.0,
        "grid_export_kw": 3200.0,
        "grid_import_kw": 3200.0,
        "line": "line-38",
        "pv_nameplate_kw": 300.0,
        "station": "line-38-1274-1173-s006028",
        "storage_capacity_kwh": 2000.0,
        "storage_initial_soc": 0.6,
        "storage_max_charge_kw": 2000.0,
        "storage_max_discharge_kw": 2000.0,
        "storage_module_kwh": 500.0,
        "tier": "terminal"
      },
      "type": "Feature"
    },
    {
      "geometry": {
        "coordinates": [
          44.356336068734585,
          33.33146168520318
        ],
        "type": "Point"
      },
      "properties": {
        "charger_bus_voltage_v": 650.0,
        "charger_contact_count": 8,
        "charger_efficiency": 0.98,
        "charger_max_current_a": 3300.0,
        "charger_max_kw": 2000.0,
        "grid_export_kw": 3200.0,
        "grid_import_kw": 3200.0,
        "line": "line-39",
        "pv_nameplate_kw": 300.0,
        "station": "line-39-0936-0727-s000000",
        "storage_capacity_kwh": 2000.0,
        "storage_initial_soc": 0.6,
        "storage_max_charge_kw": 2000.0,
        "storage_max_discharge_kw": 2000.0,
        "storage_module_kwh": 500.0,
        "tier": "terminal"
      },
      "type": "Feature"
    },
    {
      "geometry": {
        "coordinates": [
          44.36385739162903,
          33.340100061188494
        ],
        "type": "Point"
      },
      "properties": {
        "charger_bus_voltage_v": 650.0,
        "charger_contact_count": 8,
        "charger_efficiency": 0.98,
        "charger_max_current_a": 3300.0,
        "charger_max_kw": 2000.0,
        "grid_export_kw": 2000.0,
        "grid_import_kw": 2000.0,
        "line": "line-39",
        "pv_nameplate_kw": 300.0,
        "station": "line-39-0888-0762-s001250",
        "storage_capacity_kwh": 2000.0,
        "storage_initial_soc": 0.5,
        "storage_max_charge_kw": 2000.0,
        "storage_max_discharge_kw": 2000.0,
        "storage_module_kwh": 500.0,
        "tier": "standard"
      },
      "type": "Feature"
    },
    {
      "geometry": {
        "coordinates": [
          44.37911493235777,
          33.341899722852105
        ],
        "type": "Point"
      },
      "properties": {
        "charger_bus_voltage_v": 650.0,
        "charger_contact_count": 8,
        "charger_efficiency": 0.98,
        "charger_max_current_a": 3300.0,
        "charger_max_kw": 2000.0,
        "grid_export_kw": 2400.0,
        "grid_import_kw": 2400.0,
        "line": "line-39",
        "pv_nameplate_kw": 300.0,
        "station": "line-39-0878-0833-s002753",
        "storage_capacity_kwh": 2000.0,
        "storage_initial_soc": 0.5,
        "storage_max_charge_kw": 2000.0,
        "storage_max_discharge_kw": 2000.0,
        "storage_module_kwh": 500.0,
        "tier": "interchange"
      },
      "type": "Feature"
    },
    {
      "geometry": {
        "coordinates": [
          44.39630652754508,
          33.344599215347515
        ],
        "type": "Point"
      },
      "properties": {
        "charger_bus_voltage_v": 650.0,
        "charger_contact_count": 8,
        "charger_efficiency": 0.98,
        "charger_max_current_a": 3300.0,
        "charger_max_kw": 2000.0,
        "grid_export_kw": 2400.0,
        "grid_import_kw": 2400.0,
        "line": "line-39",
        "pv_nameplate_kw": 300.0,
        "station": "line-39-0863-0913-s004536",
        "storage_capacity_kwh": 2000.0,
        "storage_initial_soc": 0.5,
        "storage_max_charge_kw": 2000.0,
        "storage_max_discharge_kw": 2000.0,
        "storage_module_kwh": 500.0,
        "tier": "interchange"
      },
      "type": "Feature"
    },
    {
      "geometry": {
        "coordinates": [
          44.412423648033176,
          33.344599215347515
        ],
        "type": "Point"
      },
      "properties": {
        "charger_bus_voltage_v": 650.0,
        "charger_contact_count": 8,
        "charger_efficiency": 0.98,
        "charger_max_current_a": 3300.0,
        "charger_max_kw": 2000.0,
        "grid_export_kw": 3200.0,
        "grid_import_kw": 3200.0,
        "line": "line-39",
        "pv_nameplate_kw": 300.0,
        "station": "line-39-0863-0988-s006036",
        "storage_capacity_kwh": 2000.0,
        "storage_initial_soc": 0.6,
        "storage_max_charge_kw": 2000.0,
        "storage_max_discharge_kw": 2000.0,
        "storage_module_kwh": 500.0,
        "tier": "terminal"
      },
      "type": "Feature"
    },
    {
      "geometry": {
        "coordinates": [
          44.24287154049835,
          33.47363495662815
        ],
        "type": "Point"
      },
      "properties": {
        "charger_bus_voltage_v": 650.0,
        "charger_contact_count": 8,
        "charger_efficiency": 0.98,
        "charger_max_current_a": 3300.0,
        "charger_max_kw": 2000.0,
        "grid_export_kw": 3200.0,
        "grid_import_kw": 3200.0,
        "line": "line-4",
        "pv_nameplate_kw": 300.0,
        "station": "line-4-0146-0199-s000000",
        "storage_capacity_kwh": 2000.0,
        "storage_initial_soc": 0.6,
        "storage_max_charge_kw": 2000.0,
        "storage_max_discharge_kw": 2000.0,
        "storage_module_kwh": 500.0,
        "tier": "terminal"
      },
      "type": "Feature"
    },
    {
      "geometry": {
        "coordinates": [
          44.254046077370106,
          33.46031746031746
        ],
        "type": "Point"
      },
      "properties": {
        "charger_bus_voltage_v": 650.0,
        "charger_contact_count": 8,
        "charger_efficiency": 0.98,
        "charger_max_current_a": 3300.0,
        "charger_max_kw": 2000.0,
        "grid_export_kw": 2400.0,
        "grid_import_kw": 2400.0,
        "line": "line-4",
        "pv_nameplate_kw": 300.0,
        "station": "line-4-0220-0251-s002091",
        "storage_capacity_kwh": 2000.0,
        "storage_initial_soc": 0.5,
        "storage_max_charge_kw": 2000.0,
        "storage_max_discharge_kw": 2000.0,
        "storage_module_kwh": 500.0,
        "tier": "interchange"
      },
      "type": "Feature"
    },
    {
      "geometry": {
        "coordinates": [
          44.2727419371363,
          33.44304070834683
        ],
        "type": "Point"
      },
      "properties": {
        "charger_bus_voltage_v": 650.0,
        "charger_contact_count": 8,
        "charger_efficiency": 0.98,
        "charger_max_current_a": 3300.0,
        "charger_max_kw": 2000.0,
        "grid_export_kw": 2400.0,
        "grid_import_kw": 2400.0,
        "line": "line-4",
        "pv_nameplate_kw": 300.0,
        "station": "line-4-0316-0338-s005128",
        "storage_capacity_kwh": 2000.0,
        "storage_initial_soc": 0.5,
        "storage_max_charge_kw": 2000.0,
        "storage_max_discharge_kw": 2000.0,
        "storage_module_kwh": 500.0,
        "tier": "interchange"
      },
      "type": "Feature"
    },
    {
      "geometry": {
        "coordinates": [
          44.27661004605344,
          33.439261418853256
        ],
        "type": "Point"
      },
      "properties": {
        "charger_bus_voltage_v": 650.0,
        "charger_contact_count": 8,
        "charger_efficiency": 0.98,
        "charger_max_current_a": 3300.0,
        "charger_max_kw": 2000.0,
        "grid_export_kw": 2400.0,
        "grid_import_kw": 2400.0,
        "line": "line-4",
        "pv_nameplate_kw": 300.0,
        "station": "line-4-0337-0356-s005744",
        "storage_capacity_kwh": 2000.0,
        "storage_initial_soc": 0.5,
        "storage_max_charge_kw": 2000.0,
        "storage_max_discharge_kw": 2000.0,
        "storage_module_kwh": 500.0,
        "tier": "interchange"
      },
      "type": "Feature"
    },
    {
      "geometry": {
        "coordinates": [
          44.30433149329298,
          33.42036497138538
        ],
        "type": "Point"
      },
      "properties": {
        "charger_bus_voltage_v": 650.0,
        "charger_contact_count": 8,
        "charger_efficiency": 0.98,
        "charger_max_current_a": 3300.0,
        "charger_max_kw": 2000.0,
        "grid_export_kw": 2400.0,
        "grid_import_kw": 2400.0,
        "line": "line-4",
        "pv_nameplate_kw": 300.0,
        "station": "line-4-0442-0485-s009328",
        "storage_capacity_kwh": 2000.0,
        "storage_initial_soc": 0.5,
        "storage_max_charge_kw": 2000.0,
        "storage_max_discharge_kw": 2000.0,
        "storage_module_kwh": 500.0,
        "tier": "interchange"
      },
      "type": "Feature"
    },
    {
      "geometry": {
        "coordinates": [
          44.341508317885534,
          33.419105208220856
        ],
        "type": "Point"
      },
      "properties": {
        "charger_bus_voltage_v": 650.0,
        "charger_contact_count": 8,
        "charger_efficiency": 0.98,
        "charger_max_current_a": 3300.0,
        "charger_max_kw": 2000.0,
        "grid_export_kw": 2000.0,
        "grid_import_kw": 2000.0,
        "line": "line-4",
        "pv_nameplate_kw": 300.0,
        "station": "line-4-0449-0658-s013605",
        "storage_capacity_kwh": 2000.0,
        "storage_initial_soc": 0.5,
        "storage_max_charge_kw": 2000.0,
        "storage_max_discharge_kw": 2000.0,
        "storage_module_kwh": 500.0,
        "tier": "standard"
      },
      "type": "Feature"
    },
    {
      "geometry": {
        "coordinates": [
          44.35182327499792,
          33.411546629233705
        ],
        "type": "Point"
      },
      "properties": {
        "charger_bus_voltage_v": 650.0,
        "charger_contact_count": 8,
        "charger_efficiency": 0.98,
        "charger_max_current_a": 3300.0,
        "charger_max_kw": 2000.0,
        "grid_export_kw": 2400.0,
        "grid_import_kw": 2400.0,
        "line": "line-4",
        "pv_nameplate_kw": 300.0,
        "station": "line-4-0491-0706-s015030",
        "storage_capacity_kwh": 2000.0,
        "storage_initial_soc": 0.5,
        "storage_max_charge_kw": 2000.0,
        "storage_max_discharge_kw": 2000.0,
        "storage_module_kwh": 500.0,
        "tier": "interchange"
      },
      "type": "Feature"
    },
    {
      "geometry": {
        "coordinates": [
          44.35354243451665,
          33.41046683223554
        ],
        "type": "Point"
      },
      "properties": {
        "charger_bus_voltage_v": 650.0,
        "charger_contact_count": 8,
        "charger_efficiency": 0.98,
        "charger_max_current_a": 3300.0,
        "charger_max_kw": 2000.0,
        "grid_export_kw": 2400.0,
        "grid_import_kw": 2400.0,
        "line": "line-4",
        "pv_nameplate_kw": 300.0,
        "station": "line-4-0497-0714-s015264",
        "storage_capacity_kwh": 2000.0,
        "storage_initial_soc": 0.5,
        "storage_max_charge_kw": 2000.0,
        "storage_max_discharge_kw": 2000.0,
        "storage_module_kwh": 500.0,
        "tier": "interchange"
      },
      "type": "Feature"
    },
    {
      "geometry": {
        "coordinates": [
          44.368370185365706,
          33.399848828420254
        ],
        "type": "Point"
      },
      "properties": {
        "charger_bus_voltage_v": 650.0,
        "charger_contact_count": 8,
        "charger_efficiency": 0.98,
        "charger_max_current_a": 3300.0,
        "charger_max_kw": 2000.0,
        "grid_export_kw": 2400.0,
        "grid_import_kw": 2400.0,
        "line": "line-4",
        "pv_nameplate_kw": 300.0,
        "station": "line-4-0556-0783-s017308",
        "storage_capacity_kwh": 2000.0,
        "storage_initial_soc": 0.5,
        "storage_max_charge_kw": 2000.0,
        "storage_max_discharge_kw": 2000.0,
        "storage_module_kwh": 500.0,
        "tier": "interchange"
      },
      "type": "Feature"
    },
    {
      "geometry": {
        "coordinates": [
          44.38040430199682,
          33.39121045243494
        ],
        "type": "Point"
      },
      "properties": {
        "charger_bus_voltage_v": 650.0,
        "charger_contact_count": 8,
        "charger_efficiency": 0.98,
        "charger_max_current_a": 3300.0,
        "charger_max_kw": 2000.0,
        "grid_export_kw": 2400.0,
        "grid_import_kw": 2400.0,
        "line": "line-4",
        "pv_nameplate_kw": 300.0,
        "station": "line-4-0604-0839-s018966",
        "storage_capacity_kwh": 2000.0,
        "storage_initial_soc": 0.5,
        "storage_max_charge_kw": 2000.0,
        "storage_max_discharge_kw": 2000.0,
        "storage_module_kwh": 500.0,
        "tier": "interchange"
      },
      "type": "Feature"
    },
    {
      "geometry": {
        "coordinates": [
          44.39200862874825,
          33.38275204261599
        ],
        "type": "Point"
      },
      "properties": {
        "charger_bus_voltage_v": 650.0,
        "charger_contact_count": 8,
        "charger_efficiency": 0.98,
        "charger_max_current_a": 3300.0,
        "charger_max_kw": 2000.0,
        "grid_export_kw": 2000.0,
        "grid_import_kw": 2000.0,
        "line": "line-4",
        "pv_nameplate_kw": 300.0,
        "station": "line-4-0651-0893-s020588",
        "storage_capacity_kwh": 2000.0,
        "storage_initial_soc": 0.5,
        "storage_max_charge_kw": 2000.0,
        "storage_max_discharge_kw": 2000.0,
        "storage_module_kwh": 500.0,
        "tier": "standard"
      },
      "type": "Feature"
    },
    {
      "geometry": {
        "coordinates": [
          44.40361295549968,
          33.374293632797034
        ],
        "type": "Point"
      },
      "properties": {
        "charger_bus_voltage_v": 650.0,
        "charger_contact_count": 8,
        "charger_efficiency": 0.98,
        "charger_max_current_a": 3300.0,
        "charger_max_kw": 2000.0,
        "grid_export_kw": 2400.0,
        "grid_import_kw": 2400.0,
        "line": "line-4",
        "pv_nameplate_kw": 300.0,
        "station": "line-4-0698-0947-s022186",
        "storage_capacity_kwh": 2000.0,
        "storage_initial_soc": 0.5,
        "storage_max_charge_kw": 2000.0,
        "storage_max_discharge_kw": 2000.0,
        "storage_module_kwh": 500.0,
        "tier": "interchange"
      },
      "type": "Feature"
    },
    {
      "geometry": {
        "coordinates": [
          44.42639181912287,
          33.357916711658206
        ],
        "type": "Point"
      },
      "properties": {
        "charger_bus_voltage_v": 650.0,
        "charger_contact_count": 8,
        "charger_efficiency": 0.98,
        "charger_max_current_a": 3300.0,
        "charger_max_kw": 2000.0,
        "grid_export_kw": 2400.0,
        "grid_import_kw": 2400.0,
        "line": "line-4",
        "pv_nameplate_kw": 300.0,
        "station": "line-4-0789-1053-s025329",
        "storage_capacity_kwh": 2000.0,
        "storage_initial_soc": 0.5,
        "storage_max_charge_kw": 2000.0,
        "storage_max_discharge_kw": 2000.0,
        "storage_module_kwh": 500.0,
        "tier": "interchange"
      },
      "type": "Feature"
    },
    {
      "geometry": {
        "coordinates": [
          44.44272383455081,
          33.34621891084476
        ],
        "type": "Point"
      },
      "properties": {
        "charger_bus_voltage_v": 650.0,
        "charger_contact_count": 8,
        "charger_efficiency": 0.98,
        "charger_max_current_a": 3300.0,
        "charger_max_kw": 2000.0,
        "grid_export_kw": 2400.0,
        "grid_import_kw": 2400.0,
        "line": "line-4",
        "pv_nameplate_kw": 300.0,
        "station": "line-4-0854-1129-s027587",
        "storage_capacity_kwh": 2000.0,
        "storage_initial_soc": 0.5,
        "storage_max_charge_kw": 2000.0,
        "storage_max_discharge_kw": 2000.0,
        "storage_module_kwh": 500.0,
        "tier": "interchange"
      },
      "type": "Feature"
    },
    {
      "geometry": {
        "coordinates": [
          44.45067494732494,
          33.34063995968758
        ],
        "type": "Point"
      },
      "properties": {
        "charger_bus_voltage_v": 650.0,
        "charger_contact_count": 8,
        "charger_efficiency": 0.98,
        "charger_max_current_a": 3300.0,
        "charger_max_kw": 2000.0,
        "grid_export_kw": 2400.0,
        "grid_import_kw": 2400.0,
        "line": "line-4",
        "pv_nameplate_kw": 300.0,
        "station": "line-4-0885-1166-s028654",
        "storage_capacity_kwh": 2000.0,
        "storage_initial_soc": 0.5,
        "storage_max_charge_kw": 2000.0,
        "storage_max_discharge_kw": 2000.0,
        "storage_module_kwh": 500.0,
        "tier": "interchange"
      },
      "type": "Feature"
    },
    {
      "geometry": {
        "coordinates": [
          44.46098990443733,
          33.33308138070043
        ],
        "type": "Point"
      },
      "properties": {
        "charger_bus_voltage_v": 650.0,
        "charger_contact_count": 8,
        "charger_efficiency": 0.98,
        "charger_max_current_a": 3300.0,
        "charger_max_kw": 2000.0,
        "grid_export_kw": 2400.0,
        "grid_import_kw": 2400.0,
        "line": "line-4",
        "pv_nameplate_kw": 300.0,
        "station": "line-4-0927-1214-s030089",
        "storage_capacity_kwh": 2000.0,
        "storage_initial_soc": 0.5,
        "storage_max_charge_kw": 2000.0,
        "storage_max_discharge_kw": 2000.0,
        "storage_module_kwh": 500.0,
        "tier": "interchange"
      },
      "type": "Feature"
    },
    {
      "geometry": {
        "coordinates": [
          44.47560276034654,
          33.3226433430515
        ],
        "type": "Point"
      },
      "properties": {
        "charger_bus_voltage_v": 650.0,
        "charger_contact_count": 8,
        "charger_efficiency": 0.98,
        "charger_max_current_a": 3300.0,
        "charger_max_kw": 2000.0,
        "grid_export_kw": 2400.0,
        "grid_import_kw": 2400.0,
        "line": "line-4",
        "pv_nameplate_kw": 300.0,
        "station": "line-4-0985-1282-s032081",
        "storage_capacity_kwh": 2000.0,
        "storage_initial_soc": 0.5,
        "storage_max_charge_kw": 2000.0,
        "storage_max_discharge_kw": 2000.0,
        "storage_module_kwh": 500.0,
        "tier": "interchange"
      },
      "type": "Feature"
    },
    {
      "geometry": {
        "coordinates": [
          44.49429862011274,
          33.30932584674081
        ],
        "type": "Point"
      },
      "properties": {
        "charger_bus_voltage_v": 650.0,
        "charger_contact_count": 8,
        "charger_efficiency": 0.98,
        "charger_max_current_a": 3300.0,
        "charger_max_kw": 2000.0,
        "grid_export_kw": 2400.0,
        "grid_import_kw": 2400.0,
        "line": "line-4",
        "pv_nameplate_kw": 300.0,
        "station": "line-4-1059-1369-s034683",
        "storage_capacity_kwh": 2000.0,
        "storage_initial_soc": 0.5,
        "storage_max_charge_kw": 2000.0,
        "storage_max_discharge_kw": 2000.0,
        "storage_module_kwh": 500.0,
        "tier": "interchange"
      },
      "type": "Feature"
    },
    {
      "geometry": {
        "coordinates": [
          44.500315678428294,
          33.30482669258179
        ],
        "type": "Point"
      },
      "properties": {
        "charger_bus_voltage_v": 650.0,
        "charger_contact_count": 8,
        "charger_efficiency": 0.98,
        "charger_max_current_a": 3300.0,
        "charger_max_kw": 2000.0,
        "grid_export_kw": 2400.0,
        "grid_import_kw": 2400.0,
        "line": "line-4",
        "pv_nameplate_kw": 300.0,
        "station": "line-4-1084-1397-s035509",
        "storage_capacity_kwh": 2000.0,
        "storage_initial_soc": 0.5,
        "storage_max_charge_kw": 2000.0,
        "storage_max_discharge_kw": 2000.0,
        "storage_module_kwh": 500.0,
        "tier": "interchange"
      },
      "type": "Feature"
    },
    {
      "geometry": {
        "coordinates": [
          44.50332420758607,
          33.30284706475182
        ],
        "type": "Point"
      },
      "properties": {
        "charger_bus_voltage_v": 650.0,
        "charger_contact_count": 8,
        "charger_efficiency": 0.98,
        "charger_max_current_a": 3300.0,
        "charger_max_kw": 2000.0,
        "grid_export_kw": 2400.0,
        "grid_import_kw": 2400.0,
        "line": "line-4",
        "pv_nameplate_kw": 300.0,
        "station": "line-4-1095-1411-s035915",
        "storage_capacity_kwh": 2000.0,
        "storage_initial_soc": 0.5,
        "storage_max_charge_kw": 2000.0,
        "storage_max_discharge_kw": 2000.0,
        "storage_module_kwh": 500.0,
        "tier": "interchange"
      },
      "type": "Feature"
    },
    {
      "geometry": {
        "coordinates": [
          44.51557321915703,
          33.29402872260015
        ],
        "type": "Point"
      },
      "properties": {
        "charger_bus_voltage_v": 650.0,
        "charger_contact_count": 8,
        "charger_efficiency": 0.98,
        "charger_max_current_a": 3300.0,
        "charger_max_kw": 2000.0,
        "grid_export_kw": 2000.0,
        "grid_import_kw": 2000.0,
        "line": "line-4",
        "pv_nameplate_kw": 300.0,
        "station": "line-4-1144-1468-s037613",
        "storage_capacity_kwh": 2000.0,
        "storage_initial_soc": 0.5,
        "storage_max_charge_kw": 2000.0,
        "storage_max_discharge_kw": 2000.0,
        "storage_module_kwh": 500.0,
        "tier": "standard"
      },
      "type": "Feature"
    },
    {
      "geometry": {
        "coordinates": [
          44.53169033964513,
          33.2823309217867
        ],
        "type": "Point"
      },
      "properties": {
        "charger_bus_voltage_v": 650.0,
        "charger_contact_count": 8,
        "charger_efficiency": 0.98,
        "charger_max_current_a": 3300.0,
        "charger_max_kw": 2000.0,
        "grid_export_kw": 2400.0,
        "grid_import_kw": 2400.0,
        "line": "line-4",
        "pv_nameplate_kw": 300.0,
        "station": "line-4-1209-1543-s039827",
        "storage_capacity_kwh": 2000.0,
        "storage_initial_soc": 0.5,
        "storage_max_charge_kw": 2000.0,
        "storage_max_discharge_kw": 2000.0,
        "storage_module_kwh": 500.0,
        "tier": "interchange"
      },
      "type": "Feature"
    },
    {
      "geometry": {
        "coordinates": [
          44.5497415145918,
          33.27855163229313
        ],
        "type": "Point"
      },
      "properties": {
        "charger_bus_voltage_v": 650.0,
        "charger_contact_count": 8,
        "charger_efficiency": 0.98,
        "charger_max_current_a": 3300.0,
        "charger_max_kw": 2000.0,
        "grid_export_kw": 3200.0,
        "grid_import_kw": 3200.0,
        "line": "line-4",
        "pv_nameplate_kw": 300.0,
        "station": "line-4-1230-1627-s041932",
        "storage_capacity_kwh": 2000.0,
        "storage_initial_soc": 0.6,
        "storage_max_charge_kw": 2000.0,
        "storage_max_discharge_kw": 2000.0,
        "storage_module_kwh": 500.0,
        "tier": "terminal"
      },
      "type": "Feature"
    },
    {
      "geometry": {
        "coordinates": [
          44.54071592711847,
          33.43368246769607
        ],
        "type": "Point"
      },
      "properties": {
        "charger_bus_voltage_v": 650.0,
        "charger_contact_count": 8,
        "charger_efficiency": 0.98,
        "charger_max_current_a": 3300.0,
        "charger_max_kw": 2000.0,
        "grid_export_kw": 3200.0,
        "grid_import_kw": 3200.0,
        "line": "line-40",
        "pv_nameplate_kw": 300.0,
        "station": "line-40-0368-1585-s000000",
        "storage_capacity_kwh": 2000.0,
        "storage_initial_soc": 0.6,
        "storage_max_charge_kw": 2000.0,
        "storage_max_discharge_kw": 2000.0,
        "storage_module_kwh": 500.0,
        "tier": "terminal"
      },
      "type": "Feature"
    },
    {
      "geometry": {
        "coordinates": [
          44.53598823844196,
          33.41712558039089
        ],
        "type": "Point"
      },
      "properties": {
        "charger_bus_voltage_v": 650.0,
        "charger_contact_count": 8,
        "charger_efficiency": 0.98,
        "charger_max_current_a": 3300.0,
        "charger_max_kw": 2000.0,
        "grid_export_kw": 2400.0,
        "grid_import_kw": 2400.0,
        "line": "line-40",
        "pv_nameplate_kw": 300.0,
        "station": "line-40-0460-1563-s002538",
        "storage_capacity_kwh": 2000.0,
        "storage_initial_soc": 0.5,
        "storage_max_charge_kw": 2000.0,
        "storage_max_discharge_kw": 2000.0,
        "storage_module_kwh": 500.0,
        "tier": "interchange"
      },
      "type": "Feature"
    },
    {
      "geometry": {
        "coordinates": [
          44.52588817626941,
          33.40992693373646
        ],
        "type": "Point"
      },
      "properties": {
        "charger_bus_voltage_v": 650.0,
        "charger_contact_count": 8,
        "charger_efficiency": 0.98,
        "charger_max_current_a": 3300.0,
        "charger_max_kw": 2000.0,
        "grid_export_kw": 2400.0,
        "grid_import_kw": 2400.0,
        "line": "line-40",
        "pv_nameplate_kw": 300.0,
        "station": "line-40-0500-1516-s003809",
        "storage_capacity_kwh": 2000.0,
        "storage_initial_soc": 0.5,
        "storage_max_charge_kw": 2000.0,
        "storage_max_discharge_kw": 2000.0,
        "storage_module_kwh": 500.0,
        "tier": "interchange"
      },
      "type": "Feature"
    },
    {
      "geometry": {
        "coordinates": [
          44.5112753203602,
          33.40038872691934
        ],
        "type": "Point"
      },
      "properties": {
        "charger_bus_voltage_v": 650.0,
        "charger_contact_count": 8,
        "charger_efficiency": 0.98,
        "charger_max_current_a": 3300.0,
        "charger_max_kw": 2000.0,
        "grid_export_kw": 2000.0,
        "grid_import_kw": 2000.0,
        "line": "line-40",
        "pv_nameplate_kw": 300.0,
        "station": "line-40-0553-1448-s005608",
        "storage_capacity_kwh": 2000.0,
        "storage_initial_soc": 0.5,
        "storage_max_charge_kw": 2000.0,
        "storage_max_discharge_kw": 2000.0,
        "storage_module_kwh": 500.0,
        "tier": "standard"
      },
      "type": "Feature"
    },
    {
      "geometry": {
        "coordinates": [
          44.500315678428294,
          33.388330993773174
        ],
        "type": "Point"
      },
      "properties": {
        "charger_bus_voltage_v": 650.0,
        "charger_contact_count": 8,
        "charger_efficiency": 0.98,
        "charger_max_current_a": 3300.0,
        "charger_max_kw": 2000.0,
        "grid_export_kw": 3200.0,
        "grid_import_kw": 3200.0,
        "line": "line-40",
        "pv_nameplate_kw": 300.0,
        "station": "line-40-0620-1397-s007371",
        "storage_capacity_kwh": 2000.0,
        "storage_initial_soc": 0.6,
        "storage_max_charge_kw": 2000.0,
        "storage_max_discharge_kw": 2000.0,
        "storage_module_kwh": 500.0,
        "tier": "terminal"
      },
      "type": "Feature"
    },
    {
      "geometry": {
        "coordinates": [
          44.412423648033176,
          33.39804916675665
        ],
        "type": "Point"
      },
      "properties": {
        "charger_bus_voltage_v": 650.0,
        "charger_contact_count": 8,
        "charger_efficiency": 0.98,
        "charger_max_current_a": 3300.0,
        "charger_max_kw": 2000.0,
        "grid_export_kw": 3200.0,
        "grid_import_kw": 3200.0,
        "line": "line-41",
        "pv_nameplate_kw": 300.0,
        "station": "line-41-0566-0988-s000000",
        "storage_capacity_kwh": 2000.0,
        "storage_initial_soc": 0.6,
        "storage_max_charge_kw": 2000.0,
        "storage_max_discharge_kw": 2000.0,
        "storage_module_kwh": 500.0,
        "tier": "terminal"
      },
      "type": "Feature"
    },
    {
      "geometry": {
        "coordinates": [
          44.469155912151294,
          33.35089803117014
        ],
        "type": "Point"
      },
      "properties": {
        "charger_bus_voltage_v": 650.0,
        "charger_contact_count": 8,
        "charger_efficiency": 0.98,
        "charger_max_current_a": 3300.0,
        "charger_max_kw": 2000.0,
        "grid_export_kw": 2400.0,
        "grid_import_kw": 2400.0,
        "line": "line-41",
        "pv_nameplate_kw": 300.0,
        "station": "line-41-0828-1252-s007987",
        "storage_capacity_kwh": 2000.0,
        "storage_initial_soc": 0.5,
        "storage_max_charge_kw": 2000.0,
        "storage_max_discharge_kw": 2000.0,
        "storage_module_kwh": 500.0,
        "tier": "interchange"
      },
      "type": "Feature"
    },
    {
      "geometry": {
        "coordinates": [
          44.47130486154971,
          33.349098369506535
        ],
        "type": "Point"
      },
      "properties": {
        "charger_bus_voltage_v": 650.0,
        "charger_contact_count": 8,
        "charger_efficiency": 0.98,
        "charger_max_current_a": 3300.0,
        "charger_max_kw": 2000.0,
        "grid_export_kw": 3200.0,
        "grid_import_kw": 3200.0,
        "line": "line-41",
        "pv_nameplate_kw": 300.0,
        "station": "line-41-0838-1262-s008284",
        "storage_capacity_kwh": 2000.0,
        "storage_initial_soc": 0.6,
        "storage_max_charge_kw": 2000.0,
        "storage_max_discharge_kw": 2000.0,
        "storage_module_kwh": 500.0,
        "tier": "terminal"
      },
      "type": "Feature"
    },
    {
      "geometry": {
        "coordinates": [
          44.37997451211714,
          33.46913580246913
        ],
        "type": "Point"
      },
      "properties": {
        "charger_bus_voltage_v": 650.0,
        "charger_contact_count": 8,
        "charger_efficiency": 0.98,
        "charger_max_current_a": 3300.0,
        "charger_max_kw": 2000.0,
        "grid_export_kw": 3200.0,
        "grid_import_kw": 3200.0,
        "line": "line-42",
        "pv_nameplate_kw": 300.0,
        "station": "line-42-0171-0837-s000000",
        "storage_capacity_kwh": 2000.0,
        "storage_initial_soc": 0.6,
        "storage_max_charge_kw": 2000.0,
        "storage_max_discharge_kw": 2000.0,
        "storage_module_kwh": 500.0,
        "tier": "terminal"
      },
      "type": "Feature"
    },
    {
      "geometry": {
        "coordinates": [
          44.35332753957681,
          33.49343123492783
        ],
        "type": "Point"
      },
      "properties": {
        "charger_bus_voltage_v": 650.0,
        "charger_contact_count": 8,
        "charger_efficiency": 0.98,
        "charger_max_current_a": 3300.0,
        "charger_max_kw": 2000.0,
        "grid_export_kw": 2000.0,
        "grid_import_kw": 2000.0,
        "line": "line-42",
        "pv_nameplate_kw": 300.0,
        "station": "line-42-0036-0713-s003727",
        "storage_capacity_kwh": 2000.0,
        "storage_initial_soc": 0.5,
        "storage_max_charge_kw": 2000.0,
        "storage_max_discharge_kw": 2000.0,
        "storage_module_kwh": 500.0,
        "tier": "standard"
      },
      "type": "Feature"
    },
    {
      "geometry": {
        "coordinates": [
          44.320878403660764,
          33.493251268761476
        ],
        "type": "Point"
      },
      "properties": {
        "charger_bus_voltage_v": 650.0,
        "charger_contact_count": 8,
        "charger_efficiency": 0.98,
        "charger_max_current_a": 3300.0,
        "charger_max_kw": 2000.0,
        "grid_export_kw": 3200.0,
        "grid_import_kw": 3200.0,
        "line": "line-42",
        "pv_nameplate_kw": 300.0,
        "station": "line-42-0037-0562-s006756",
        "storage_capacity_kwh": 2000.0,
        "storage_initial_soc": 0.6,
        "storage_max_charge_kw": 2000.0,
        "storage_max_discharge_kw": 2000.0,
        "storage_module_kwh": 500.0,
        "tier": "terminal"
      },
      "type": "Feature"
    },
    {
      "geometry": {
        "coordinates": [
          44.25598013182867,
          33.28413058345031
        ],
        "type": "Point"
      },
      "properties": {
        "charger_bus_voltage_v": 650.0,
        "charger_contact_count": 8,
        "charger_efficiency": 0.98,
        "charger_max_current_a": 3300.0,
        "charger_max_kw": 2000.0,
        "grid_export_kw": 3200.0,
        "grid_import_kw": 3200.0,
        "line": "line-43",
        "pv_nameplate_kw": 300.0,
        "station": "line-43-1199-0260-s000000",
        "storage_capacity_kwh": 2000.0,
        "storage_initial_soc": 0.6,
        "storage_max_charge_kw": 2000.0,
        "storage_max_discharge_kw": 2000.0,
        "storage_module_kwh": 500.0,
        "tier": "terminal"
      },
      "type": "Feature"
    },
    {
      "geometry": {
        "coordinates": [
          44.2566248166482,
          33.28359068495123
        ],
        "type": "Point"
      },
      "properties": {
        "charger_bus_voltage_v": 650.0,
        "charger_contact_count": 8,
        "charger_efficiency": 0.98,
        "charger_max_current_a": 3300.0,
        "charger_max_kw": 2000.0,
        "grid_export_kw": 2400.0,
        "grid_import_kw": 2400.0,
        "line": "line-43",
        "pv_nameplate_kw": 300.0,
        "station": "line-43-1202-0263-s000085",
        "storage_capacity_kwh": 2000.0,
        "storage_initial_soc": 0.5,
        "storage_max_charge_kw": 2000.0,
        "storage_max_discharge_kw": 2000.0,
        "storage_module_kwh": 500.0,
        "tier": "interchange"
      },
      "type": "Feature"
    },
    {
      "geometry": {
        "coordinates": [
          44.2566248166482,
          33.28269085411942
        ],
        "type": "Point"
      },
      "properties": {
        "charger_bus_voltage_v": 650.0,
        "charger_contact_count": 8,
        "charger_efficiency": 0.98,
        "charger_max_current_a": 3300.0,
        "charger_max_kw": 2000.0,
        "grid_export_kw": 2400.0,
        "grid_import_kw": 2400.0,
        "line": "line-43",
        "pv_nameplate_kw": 300.0,
        "station": "line-43-1207-0263-s000185",
        "storage_capacity_kwh": 2000.0,
        "storage_initial_soc": 0.5,
        "storage_max_charge_kw": 2000.0,
        "storage_max_discharge_kw": 2000.0,
        "storage_module_kwh": 500.0,
        "tier": "interchange"
      },
      "type": "Feature"
    },
    {
      "geometry": {
        "coordinates": [
          44.25963334580598,
          33.28341071878487
        ],
        "type": "Point"
      },
      "properties": {
        "charger_bus_voltage_v": 650.0,
        "charger_contact_count": 8,
        "charger_efficiency": 0.98,
        "charger_max_current_a": 3300.0,
        "charger_max_kw": 2000.0,
        "grid_export_kw": 2400.0,
        "grid_import_kw": 2400.0,
        "line": "line-43",
        "pv_nameplate_kw": 300.0,
        "station": "line-43-1203-0277-s000531",
        "storage_capacity_kwh": 2000.0,
        "storage_initial_soc": 0.5,
        "storage_max_charge_kw": 2000.0,
        "storage_max_discharge_kw": 2000.0,
        "storage_module_kwh": 500.0,
        "tier": "interchange"
      },
      "type": "Feature"
    },
    {
      "geometry": {
        "coordinates": [
          44.260492925565345,
          33.28413058345031
        ],
        "type": "Point"
      },
      "properties": {
        "charger_bus_voltage_v": 650.0,
        "charger_contact_count": 8,
        "charger_efficiency": 0.98,
        "charger_max_current_a": 3300.0,
        "charger_max_kw": 2000.0,
        "grid_export_kw": 2400.0,
        "grid_import_kw": 2400.0,
        "line": "line-43",
        "pv_nameplate_kw": 300.0,
        "station": "line-43-1199-0281-s000644",
        "storage_capacity_kwh": 2000.0,
        "storage_initial_soc": 0.5,
        "storage_max_charge_kw": 2000.0,
        "storage_max_discharge_kw": 2000.0,
        "storage_module_kwh": 500.0,
        "tier": "interchange"
      },
      "type": "Feature"
    },
    {
      "geometry": {
        "coordinates": [
          44.2628567699036,
          33.28701004211208
        ],
        "type": "Point"
      },
      "properties": {
        "charger_bus_voltage_v": 650.0,
        "charger_contact_count": 8,
        "charger_efficiency": 0.98,
        "charger_max_current_a": 3300.0,
        "charger_max_kw": 2000.0,
        "grid_export_kw": 2400.0,
        "grid_import_kw": 2400.0,
        "line": "line-43",
        "pv_nameplate_kw": 300.0,
        "station": "line-43-1183-0292-s001055",
        "storage_capacity_kwh": 2000.0,
        "storage_initial_soc": 0.5,
        "storage_max_charge_kw": 2000.0,
        "storage_max_discharge_kw": 2000.0,
        "storage_module_kwh": 500.0,
        "tier": "interchange"
      },
      "type": "Feature"
    },
    {
      "geometry": {
        "coordinates": [
          44.262641874963755,
          33.28898966994205
        ],
        "type": "Point"
      },
      "properties": {
        "charger_bus_voltage_v": 650.0,
        "charger_contact_count": 8,
        "charger_efficiency": 0.98,
        "charger_max_current_a": 3300.0,
        "charger_max_kw": 2000.0,
        "grid_export_kw": 2400.0,
        "grid_import_kw": 2400.0,
        "line": "line-43",
        "pv_nameplate_kw": 300.0,
        "station": "line-43-1172-0291-s001284",
        "storage_capacity_kwh": 2000.0,
        "storage_initial_soc": 0.5,
        "storage_max_charge_kw": 2000.0,
        "storage_max_discharge_kw": 2000.0,
        "storage_module_kwh": 500.0,
        "tier": "interchange"
      },
      "type": "Feature"
    },
    {
      "geometry": {
        "coordinates": [
          44.25683971158804,
          33.30410682791635
        ],
        "type": "Point"
      },
      "properties": {
        "charger_bus_voltage_v": 650.0,
        "charger_contact_count": 8,
        "charger_efficiency": 0.98,
        "charger_max_current_a": 3300.0,
        "charger_max_kw": 2000.0,
        "grid_export_kw": 2400.0,
        "grid_import_kw": 2400.0,
        "line": "line-43",
        "pv_nameplate_kw": 300.0,
        "station": "line-43-1088-0264-s003187",
        "storage_capacity_kwh": 2000.0,
        "storage_initial_soc": 0.5,
        "storage_max_charge_kw": 2000.0,
        "storage_max_discharge_kw": 2000.0,
        "storage_module_kwh": 500.0,
        "tier": "interchange"
      },
      "type": "Feature"
    },
    {
      "geometry": {
        "coordinates": [
          44.24888859881391,
          33.31094554223806
        ],
        "type": "Point"
      },
      "properties": {
        "charger_bus_voltage_v": 650.0,
        "charger_contact_count": 8,
        "charger_efficiency": 0.98,
        "charger_max_current_a": 3300.0,
        "charger_max_kw": 2000.0,
        "grid_export_kw": 2400.0,
        "grid_import_kw": 2400.0,
        "line": "line-43",
        "pv_nameplate_kw": 300.0,
        "station": "line-43-1050-0227-s004268",
        "storage_capacity_kwh": 2000.0,
        "storage_initial_soc": 0.5,
        "storage_max_charge_kw": 2000.0,
        "storage_max_discharge_kw": 2000.0,
        "storage_module_kwh": 500.0,
        "tier": "interchange"
      },
      "type": "Feature"
    },
    {
      "geometry": {
        "coordinates": [
          44.251037548212324,
          33.320663715221535
        ],
        "type": "Point"
      },
      "properties": {
        "charger_bus_voltage_v": 650.0,
        "charger_contact_count": 8,
        "charger_efficiency": 0.98,
        "charger_max_current_a": 3300.0,
        "charger_max_kw": 2000.0,
        "grid_export_kw": 2000.0,
        "grid_import_kw": 2000.0,
        "line": "line-43",
        "pv_nameplate_kw": 300.0,
        "station": "line-43-0996-0237-s005599",
        "storage_capacity_kwh": 2000.0,
        "storage_initial_soc": 0.5,
        "storage_max_charge_kw": 2000.0,
        "storage_max_discharge_kw": 2000.0,
        "storage_module_kwh": 500.0,
        "tier": "standard"
      },
      "type": "Feature"
    },
    {
      "geometry": {
        "coordinates": [
          44.261997190144236,
          33.32660259871144
        ],
        "type": "Point"
      },
      "properties": {
        "charger_bus_voltage_v": 650.0,
        "charger_contact_count": 8,
        "charger_efficiency": 0.98,
        "charger_max_current_a": 3300.0,
        "charger_max_kw": 2000.0,
        "grid_export_kw": 3200.0,
        "grid_import_kw": 3200.0,
        "line": "line-43",
        "pv_nameplate_kw": 300.0,
        "station": "line-43-0963-0288-s006892",
        "storage_capacity_kwh": 2000.0,
        "storage_initial_soc": 0.6,
        "storage_max_charge_kw": 2000.0,
        "storage_max_discharge_kw": 2000.0,
        "storage_module_kwh": 500.0,
        "tier": "terminal"
      },
      "type": "Feature"
    },
    {
      "geometry": {
        "coordinates": [
          44.52975628518656,
          33.245257891516395
        ],
        "type": "Point"
      },
      "properties": {
        "charger_bus_voltage_v": 650.0,
        "charger_contact_count": 8,
        "charger_efficiency": 0.98,
        "charger_max_current_a": 3300.0,
        "charger_max_kw": 2000.0,
        "grid_export_kw": 3200.0,
        "grid_import_kw": 3200.0,
        "line": "line-44",
        "pv_nameplate_kw": 300.0,
        "station": "line-44-1415-1534-s000000",
        "storage_capacity_kwh": 2000.0,
        "storage_initial_soc": 0.6,
        "storage_max_charge_kw": 2000.0,
        "storage_max_discharge_kw": 2000.0,
        "storage_module_kwh": 500.0,
        "tier": "terminal"
      },
      "type": "Feature"
    },
    {
      "geometry": {
        "coordinates": [
          44.51428384951798,
          33.25461613216715
        ],
        "type": "Point"
      },
      "properties": {
        "charger_bus_voltage_v": 650.0,
        "charger_contact_count": 8,
        "charger_efficiency": 0.98,
        "charger_max_current_a": 3300.0,
        "charger_max_kw": 2000.0,
        "grid_export_kw": 2000.0,
        "grid_import_kw": 2000.0,
        "line": "line-44",
        "pv_nameplate_kw": 300.0,
        "station": "line-44-1363-1462-s003016",
        "storage_capacity_kwh": 2000.0,
        "storage_initial_soc": 0.5,
        "storage_max_charge_kw": 2000.0,
        "storage_max_discharge_kw": 2000.0,
        "storage_module_kwh": 500.0,
        "tier": "standard"
      },
      "type": "Feature"
    },
    {
      "geometry": {
        "coordinates": [
          44.503968892405595,
          33.262714609653386
        ],
        "type": "Point"
      },
      "properties": {
        "charger_bus_voltage_v": 650.0,
        "charger_contact_count": 8,
        "charger_efficiency": 0.98,
        "charger_max_current_a": 3300.0,
        "charger_max_kw": 2000.0,
        "grid_export_kw": 2000.0,
        "grid_import_kw": 2000.0,
        "line": "line-44",
        "pv_nameplate_kw": 300.0,
        "station": "line-44-1318-1414-s004876",
        "storage_capacity_kwh": 2000.0,
        "storage_initial_soc": 0.5,
        "storage_max_charge_kw": 2000.0,
        "storage_max_discharge_kw": 2000.0,
        "storage_module_kwh": 500.0,
        "tier": "standard"
      },
      "type": "Feature"
    },
    {
      "geometry": {
        "coordinates": [
          44.492794355533846,
          33.27027318864054
        ],
        "type": "Point"
      },
      "properties": {
        "charger_bus_voltage_v": 650.0,
        "charger_contact_count": 8,
        "charger_efficiency": 0.98,
        "charger_max_current_a": 3300.0,
        "charger_max_kw": 2000.0,
        "grid_export_kw": 2400.0,
        "grid_import_kw": 2400.0,
        "line": "line-44",
        "pv_nameplate_kw": 300.0,
        "station": "line-44-1276-1362-s006756",
        "storage_capacity_kwh": 2000.0,
        "storage_initial_soc": 0.5,
        "storage_max_charge_kw": 2000.0,
        "storage_max_discharge_kw": 2000.0,
        "storage_module_kwh": 500.0,
        "tier": "interchange"
      },
      "type": "Feature"
    },
    {
      "geometry": {
        "coordinates": [
          44.49086030107527,
          33.271532951805064
        ],
        "type": "Point"
      },
      "properties": {
        "charger_bus_voltage_v": 650.0,
        "charger_contact_count": 8,
        "charger_efficiency": 0.98,
        "charger_max_current_a": 3300.0,
        "charger_max_kw": 2000.0,
        "grid_export_kw": 2400.0,
        "grid_import_kw": 2400.0,
        "line": "line-44",
        "pv_nameplate_kw": 300.0,
        "station": "line-44-1269-1353-s007076",
        "storage_capacity_kwh": 2000.0,
        "storage_initial_soc": 0.5,
        "storage_max_charge_kw": 2000.0,
        "storage_max_discharge_kw": 2000.0,
        "storage_module_kwh": 500.0,
        "tier": "interchange"
      },
      "type": "Feature"
    },
    {
      "geometry": {
        "coordinates": [
          44.48355387312067,
          33.275492207465
        ],
        "type": "Point"
      },
      "properties": {
        "charger_bus_voltage_v": 650.0,
        "charger_contact_count": 8,
        "charger_efficiency": 0.98,
        "charger_max_current_a": 3300.0,
        "charger_max_kw": 2000.0,
        "grid_export_kw": 2400.0,
        "grid_import_kw": 2400.0,
        "line": "line-44",
        "pv_nameplate_kw": 300.0,
        "station": "line-44-1247-1319-s008196",
        "storage_capacity_kwh": 2000.0,
        "storage_initial_soc": 0.5,
        "storage_max_charge_kw": 2000.0,
        "storage_max_discharge_kw": 2000.0,
        "storage_module_kwh": 500.0,
        "tier": "interchange"
      },
      "type": "Feature"
    },
    {
      "geometry": {
        "coordinates": [
          44.47259423118876,
          33.28431054961667
        ],
        "type": "Point"
      },
      "properties": {
        "charger_bus_voltage_v": 650.0,
        "charger_contact_count": 8,
        "charger_efficiency": 0.98,
        "charger_max_current_a": 3300.0,
        "charger_max_kw": 2000.0,
        "grid_export_kw": 2000.0,
        "grid_import_kw": 2000.0,
        "line": "line-44",
        "pv_nameplate_kw": 300.0,
        "station": "line-44-1198-1268-s010396",
        "storage_capacity_kwh": 2000.0,
        "storage_initial_soc": 0.5,
        "storage_max_charge_kw": 2000.0,
        "storage_max_discharge_kw": 2000.0,
        "storage_module_kwh": 500.0,
        "tier": "standard"
      },
      "type": "Feature"
    },
    {
      "geometry": {
        "coordinates": [
          44.476462340105904,
          33.29978763992369
        ],
        "type": "Point"
      },
      "properties": {
        "charger_bus_voltage_v": 650.0,
        "charger_contact_count": 8,
        "charger_efficiency": 0.98,
        "charger_max_current_a": 3300.0,
        "charger_max_kw": 2000.0,
        "grid_export_kw": 3200.0,
        "grid_import_kw": 3200.0,
        "line": "line-44",
        "pv_nameplate_kw": 300.0,
        "station": "line-44-1112-1286-s012476",
        "storage_capacity_kwh": 2000.0,
        "storage_initial_soc": 0.6,
        "storage_max_charge_kw": 2000.0,
        "storage_max_discharge_kw": 2000.0,
        "storage_module_kwh": 500.0,
        "tier": "terminal"
      },
      "type": "Feature"
    },
    {
      "geometry": {
        "coordinates": [
          44.34258279258474,
          33.30788611740993
        ],
        "type": "Point"
      },
      "properties": {
        "charger_bus_voltage_v": 650.0,
        "charger_contact_count": 8,
        "charger_efficiency": 0.98,
        "charger_max_current_a": 3300.0,
        "charger_max_kw": 2000.0,
        "grid_export_kw": 3200.0,
        "grid_import_kw": 3200.0,
        "line": "line-45",
        "pv_nameplate_kw": 300.0,
        "station": "line-45-1067-0663-s000000",
        "storage_capacity_kwh": 2000.0,
        "storage_initial_soc": 0.6,
        "storage_max_charge_kw": 2000.0,
        "storage_max_discharge_kw": 2000.0,
        "storage_module_kwh": 500.0,
        "tier": "terminal"
      },
      "type": "Feature"
    },
    {
      "geometry": {
        "coordinates": [
          44.33699552414886,
          33.322103444552425
        ],
        "type": "Point"
      },
      "properties": {
        "charger_bus_voltage_v": 650.0,
        "charger_contact_count": 8,
        "charger_efficiency": 0.98,
        "charger_max_current_a": 3300.0,
        "charger_max_kw": 2000.0,
        "grid_export_kw": 2000.0,
        "grid_import_kw": 2000.0,
        "line": "line-45",
        "pv_nameplate_kw": 300.0,
        "station": "line-45-0988-0637-s001795",
        "storage_capacity_kwh": 2000.0,
        "storage_initial_soc": 0.5,
        "storage_max_charge_kw": 2000.0,
        "storage_max_discharge_kw": 2000.0,
        "storage_module_kwh": 500.0,
        "tier": "standard"
      },
      "type": "Feature"
    },
    {
      "geometry": {
        "coordinates": [
          44.306480442691395,
          33.32282330921787
        ],
        "type": "Point"
      },
      "properties": {
        "charger_bus_voltage_v": 650.0,
        "charger_contact_count": 8,
        "charger_efficiency": 0.98,
        "charger_max_current_a": 3300.0,
        "charger_max_kw": 2000.0,
        "grid_export_kw": 2400.0,
        "grid_import_kw": 2400.0,
        "line": "line-45",
        "pv_nameplate_kw": 300.0,
        "station": "line-45-0984-0495-s004669",
        "storage_capacity_kwh": 2000.0,
        "storage_initial_soc": 0.5,
        "storage_max_charge_kw": 2000.0,
        "storage_max_discharge_kw": 2000.0,
        "storage_module_kwh": 500.0,
        "tier": "interchange"
      },
      "type": "Feature"
    },
    {
      "geometry": {
        "coordinates": [
          44.300248489435994,
          33.32282330921787
        ],
        "type": "Point"
      },
      "properties": {
        "charger_bus_voltage_v": 650.0,
        "charger_contact_count": 8,
        "charger_efficiency": 0.98,
        "charger_max_current_a": 3300.0,
        "charger_max_kw": 2000.0,
        "grid_export_kw": 2400.0,
        "grid_import_kw": 2400.0,
        "line": "line-45",
        "pv_nameplate_kw": 300.0,
        "station": "line-45-0984-0466-s005249",
        "storage_capacity_kwh": 2000.0,
        "storage_initial_soc": 0.5,
        "storage_max_charge_kw": 2000.0,
        "storage_max_discharge_kw": 2000.0,
        "storage_module_kwh": 500.0,
        "tier": "interchange"
      },
      "type": "Feature"
    },
    {
      "geometry": {
        "coordinates": [
          44.277899415692495,
          33.331281719036824
        ],
        "type": "Point"
      },
      "properties": {
        "charger_bus_voltage_v": 650.0,
        "charger_contact_count": 8,
        "charger_efficiency": 0.98,
        "charger_max_current_a": 3300.0,
        "charger_max_kw": 2000.0,
        "grid_export_kw": 3200.0,
        "grid_import_kw": 3200.0,
        "line": "line-45",
        "pv_nameplate_kw": 300.0,
        "station": "line-45-0937-0362-s007718",
        "storage_capacity_kwh": 2000.0,
        "storage_initial_soc": 0.6,
        "storage_max_charge_kw": 2000.0,
        "storage_max_discharge_kw": 2000.0,
        "storage_module_kwh": 500.0,
        "tier": "terminal"
      },
      "type": "Feature"
    },
    {
      "geometry": {
        "coordinates": [
          44.33205294053251,
          33.25911528632617
        ],
        "type": "Point"
      },
      "properties": {
        "charger_bus_voltage_v": 650.0,
        "charger_contact_count": 8,
        "charger_efficiency": 0.98,
        "charger_max_current_a": 3300.0,
        "charger_max_kw": 2000.0,
        "grid_export_kw": 3200.0,
        "grid_import_kw": 3200.0,
        "line": "line-46",
        "pv_nameplate_kw": 300.0,
        "station": "line-46-1338-0614-s000000",
        "storage_capacity_kwh": 2000.0,
        "storage_initial_soc": 0.6,
        "storage_max_charge_kw": 2000.0,
        "storage_max_discharge_kw": 2000.0,
        "storage_module_kwh": 500.0,
        "tier": "terminal"
      },
      "type": "Feature"
    },
    {
      "geometry": {
        "coordinates": [
          44.34021894824649,
          33.26595400064788
        ],
        "type": "Point"
      },
      "properties": {
        "charger_bus_voltage_v": 650.0,
        "charger_contact_count": 8,
        "charger_efficiency": 0.98,
        "charger_max_current_a": 3300.0,
        "charger_max_kw": 2000.0,
        "grid_export_kw": 2400.0,
        "grid_import_kw": 2400.0,
        "line": "line-46",
        "pv_nameplate_kw": 300.0,
        "station": "line-46-1300-0652-s001075",
        "storage_capacity_kwh": 2000.0,
        "storage_initial_soc": 0.5,
        "storage_max_charge_kw": 2000.0,
        "storage_max_discharge_kw": 2000.0,
        "storage_module_kwh": 500.0,
        "tier": "interchange"
      },
      "type": "Feature"
    },
    {
      "geometry": {
        "coordinates": [
          44.35504669909554,
          33.27855163229313
        ],
        "type": "Point"
      },
      "properties": {
        "charger_bus_voltage_v": 650.0,
        "charger_contact_count": 8,
        "charger_efficiency": 0.98,
        "charger_max_current_a": 3300.0,
        "charger_max_kw": 2000.0,
        "grid_export_kw": 2400.0,
        "grid_import_kw": 2400.0,
        "line": "line-46",
        "pv_nameplate_kw": 300.0,
        "station": "line-46-1230-0721-s003052",
        "storage_capacity_kwh": 2000.0,
        "storage_initial_soc": 0.5,
        "storage_max_charge_kw": 2000.0,
        "storage_max_discharge_kw": 2000.0,
        "storage_module_kwh": 500.0,
        "tier": "interchange"
      },
      "type": "Feature"
    },
    {
      "geometry": {
        "coordinates": [
          44.37438724368126,
          33.28359068495123
        ],
        "type": "Point"
      },
      "properties": {
        "charger_bus_voltage_v": 650.0,
        "charger_contact_count": 8,
        "charger_efficiency": 0.98,
        "charger_max_current_a": 3300.0,
        "charger_max_kw": 2000.0,
        "grid_export_kw": 2400.0,
        "grid_import_kw": 2400.0,
        "line": "line-46",
        "pv_nameplate_kw": 300.0,
        "station": "line-46-1202-0811-s005107",
        "storage_capacity_kwh": 2000.0,
        "storage_initial_soc": 0.5,
        "storage_max_charge_kw": 2000.0,
        "storage_max_discharge_kw": 2000.0,
        "storage_module_kwh": 500.0,
        "tier": "interchange"
      },
      "type": "Feature"
    },
    {
      "geometry": {
        "coordinates": [
          44.37567661332031,
          33.28341071878487
        ],
        "type": "Point"
      },
      "properties": {
        "charger_bus_voltage_v": 650.0,
        "charger_contact_count": 8,
        "charger_efficiency": 0.98,
        "charger_max_current_a": 3300.0,
        "charger_max_kw": 2000.0,
        "grid_export_kw": 2400.0,
        "grid_import_kw": 2400.0,
        "line": "line-46",
        "pv_nameplate_kw": 300.0,
        "station": "line-46-1203-0817-s005235",
        "storage_capacity_kwh": 2000.0,
        "storage_initial_soc": 0.5,
        "storage_max_charge_kw": 2000.0,
        "storage_max_discharge_kw": 2000.0,
        "storage_module_kwh": 500.0,
        "tier": "interchange"
      },
      "type": "Feature"
    },
    {
      "geometry": {
        "coordinates": [
          44.37761066777888,
          33.28503041428211
        ],
        "type": "Point"
      },
      "properties": {
        "charger_bus_voltage_v": 650.0,
        "charger_contact_count": 8,
        "charger_efficiency": 0.98,
        "charger_max_current_a": 3300.0,
        "charger_max_kw": 2000.0,
        "grid_export_kw": 2400.0,
        "grid_import_kw": 2400.0,
        "line": "line-46",
        "pv_nameplate_kw": 300.0,
        "station": "line-46-1194-0826-s005490",
        "storage_capacity_kwh": 2000.0,
        "storage_initial_soc": 0.5,
        "storage_max_charge_kw": 2000.0,
        "storage_max_discharge_kw": 2000.0,
        "storage_module_kwh": 500.0,
        "tier": "interchange"
      },
      "type": "Feature"
    },
    {
      "geometry": {
        "coordinates": [
          44.39630652754508,
          33.28629017744664
        ],
        "type": "Point"
      },
      "properties": {
        "charger_bus_voltage_v": 650.0,
        "charger_contact_count": 8,
        "charger_efficiency": 0.98,
        "charger_max_current_a": 3300.0,
        "charger_max_kw": 2000.0,
        "grid_export_kw": 3200.0,
        "grid_import_kw": 3200.0,
        "line": "line-46",
        "pv_nameplate_kw": 300.0,
        "station": "line-46-1187-0913-s007287",
        "storage_capacity_kwh": 2000.0,
        "storage_initial_soc": 0.6,
        "storage_max_charge_kw": 2000.0,
        "storage_max_discharge_kw": 2000.0,
        "storage_module_kwh": 500.0,
        "tier": "terminal"
      },
      "type": "Feature"
    },
    {
      "geometry": {
        "coordinates": [
          44.25598013182867,
          33.28413058345031
        ],
        "type": "Point"
      },
      "properties": {
        "charger_bus_voltage_v": 650.0,
        "charger_contact_count": 8,
        "charger_efficiency": 0.98,
        "charger_max_current_a": 3300.0,
        "charger_max_kw": 2000.0,
        "grid_export_kw": 3200.0,
        "grid_import_kw": 3200.0,
        "line": "line-47",
        "pv_nameplate_kw": 300.0,
        "station": "line-47-1199-0260-s000000",
        "storage_capacity_kwh": 2000.0,
        "storage_initial_soc": 0.6,
        "storage_max_charge_kw": 2000.0,
        "storage_max_discharge_kw": 2000.0,
        "storage_module_kwh": 500.0,
        "tier": "terminal"
      },
      "type": "Feature"
    },
    {
      "geometry": {
        "coordinates": [
          44.2566248166482,
          33.283050786452144
        ],
        "type": "Point"
      },
      "properties": {
        "charger_bus_voltage_v": 650.0,
        "charger_contact_count": 8,
        "charger_efficiency": 0.98,
        "charger_max_current_a": 3300.0,
        "charger_max_kw": 2000.0,
        "grid_export_kw": 2400.0,
        "grid_import_kw": 2400.0,
        "line": "line-47",
        "pv_nameplate_kw": 300.0,
        "station": "line-47-1205-0263-s000145",
        "storage_capacity_kwh": 2000.0,
        "storage_initial_soc": 0.5,
        "storage_max_charge_kw": 2000.0,
        "storage_max_discharge_kw": 2000.0,
        "storage_module_kwh": 500.0,
        "tier": "interchange"
      },
      "type": "Feature"
    },
    {
      "geometry": {
        "coordinates": [
          44.2566248166482,
          33.27999136162401
        ],
        "type": "Point"
      },
      "properties": {
        "charger_bus_voltage_v": 650.0,
        "charger_contact_count": 8,
        "charger_efficiency": 0.98,
        "charger_max_current_a": 3300.0,
        "charger_max_kw": 2000.0,
        "grid_export_kw": 2400.0,
        "grid_import_kw": 2400.0,
        "line": "line-47",
        "pv_nameplate_kw": 300.0,
        "station": "line-47-1222-0263-s000485",
        "storage_capacity_kwh": 2000.0,
        "storage_initial_soc": 0.5,
        "storage_max_charge_kw": 2000.0,
        "storage_max_discharge_kw": 2000.0,
        "storage_module_kwh": 500.0,
        "tier": "interchange"
      },
      "type": "Feature"
    },
    {
      "geometry": {
        "coordinates": [
          44.242011960738985,
          33.26415433898427
        ],
        "type": "Point"
      },
      "properties": {
        "charger_bus_voltage_v": 650.0,
        "charger_contact_count": 8,
        "charger_efficiency": 0.98,
        "charger_max_current_a": 3300.0,
        "charger_max_kw": 2000.0,
        "grid_export_kw": 2400.0,
        "grid_import_kw": 2400.0,
        "line": "line-47",
        "pv_nameplate_kw": 300.0,
        "station": "line-47-1310-0195-s002808",
        "storage_capacity_kwh": 2000.0,
        "storage_initial_soc": 0.5,
        "storage_max_charge_kw": 2000.0,
        "storage_max_discharge_kw": 2000.0,
        "storage_module_kwh": 500.0,
        "tier": "interchange"
      },
      "type": "Feature"
    },
    {
      "geometry": {
        "coordinates": [
          44.242011960738985,
          33.261634812655224
        ],
        "type": "Point"
      },
      "properties": {
        "charger_bus_voltage_v": 650.0,
        "charger_contact_count": 8,
        "charger_efficiency": 0.98,
        "charger_max_current_a": 3300.0,
        "charger_max_kw": 2000.0,
        "grid_export_kw": 2400.0,
        "grid_import_kw": 2400.0,
        "line": "line-47",
        "pv_nameplate_kw": 300.0,
        "station": "line-47-1324-0195-s003088",
        "storage_capacity_kwh": 2000.0,
        "storage_initial_soc": 0.5,
        "storage_max_charge_kw": 2000.0,
        "storage_max_discharge_kw": 2000.0,
        "storage_module_kwh": 500.0,
        "tier": "interchange"
      },
      "type": "Feature"
    },
    {
      "geometry": {
        "coordinates": [
          44.230192739047716,
          33.243458229852784
        ],
        "type": "Point"
      },
      "properties": {
        "charger_bus_voltage_v": 650.0,
        "charger_contact_count": 8,
        "charger_efficiency": 0.98,
        "charger_max_current_a": 3300.0,
        "charger_max_kw": 2000.0,
        "grid_export_kw": 2000.0,
        "grid_import_kw": 2000.0,
        "line": "line-47",
        "pv_nameplate_kw": 300.0,
        "station": "line-47-1425-0140-s005564",
        "storage_capacity_kwh": 2000.0,
        "storage_initial_soc": 0.5,
        "storage_max_charge_kw": 2000.0,
        "storage_max_discharge_kw": 2000.0,
        "storage_module_kwh": 500.0,
        "tier": "standard"
      },
      "type": "Feature"
    },
    {
      "geometry": {
        "coordinates": [
          44.21085219446199,
          33.24597775618184
        ],
        "type": "Point"
      },
      "properties": {
        "charger_bus_voltage_v": 650.0,
        "charger_contact_count": 8,
        "charger_efficiency": 0.98,
        "charger_max_current_a": 3300.0,
        "charger_max_kw": 2000.0,
        "grid_export_kw": 3200.0,
        "grid_import_kw": 3200.0,
        "line": "line-47",
        "pv_nameplate_kw": 300.0,
        "station": "line-47-1411-0050-s012244",
        "storage_capacity_kwh": 2000.0,
        "storage_initial_soc": 0.6,
        "storage_max_charge_kw": 2000.0,
        "storage_max_discharge_kw": 2000.0,
        "storage_module_kwh": 500.0,
        "tier": "terminal"
      },
      "type": "Feature"
    },
    {
      "geometry": {
        "coordinates": [
          44.40361295549968,
          33.374293632797034
        ],
        "type": "Point"
      },
      "properties": {
        "charger_bus_voltage_v": 650.0,
        "charger_contact_count": 8,
        "charger_efficiency": 0.98,
        "charger_max_current_a": 3300.0,
        "charger_max_kw": 2000.0,
        "grid_export_kw": 3200.0,
        "grid_import_kw": 3200.0,
        "line": "line-48",
        "pv_nameplate_kw": 300.0,
        "station": "line-48-0698-0947-s000000",
        "storage_capacity_kwh": 2000.0,
        "storage_initial_soc": 0.6,
        "storage_max_charge_kw": 2000.0,
        "storage_max_discharge_kw": 2000.0,
        "storage_module_kwh": 500.0,
        "tier": "terminal"
      },
      "type": "Feature"
    },
    {
      "geometry": {
        "coordinates": [
          44.408125749236355,
          33.35647698232732
        ],
        "type": "Point"
      },
      "properties": {
        "charger_bus_voltage_v": 650.0,
        "charger_contact_count": 8,
        "charger_efficiency": 0.98,
        "charger_max_current_a": 3300.0,
        "charger_max_kw": 2000.0,
        "grid_export_kw": 2400.0,
        "grid_import_kw": 2400.0,
        "line": "line-48",
        "pv_nameplate_kw": 300.0,
        "station": "line-48-0797-0968-s002386",
        "storage_capacity_kwh": 2000.0,
        "storage_initial_soc": 0.5,
        "storage_max_charge_kw": 2000.0,
        "storage_max_discharge_kw": 2000.0,
        "storage_module_kwh": 500.0,
        "tier": "major"
      },
      "type": "Feature"
    },
    {
      "geometry": {
        "coordinates": [
          44.412423648033176,
          33.344599215347515
        ],
        "type": "Point"
      },
      "properties": {
        "charger_bus_voltage_v": 650.0,
        "charger_contact_count": 8,
        "charger_efficiency": 0.98,
        "charger_max_current_a": 3300.0,
        "charger_max_kw": 2000.0,
        "grid_export_kw": 2400.0,
        "grid_import_kw": 2400.0,
        "line": "line-48",
        "pv_nameplate_kw": 300.0,
        "station": "line-48-0863-0988-s003872",
        "storage_capacity_kwh": 2000.0,
        "storage_initial_soc": 0.5,
        "storage_max_charge_kw": 2000.0,
        "storage_max_discharge_kw": 2000.0,
        "storage_module_kwh": 500.0,
        "tier": "interchange"
      },
      "type": "Feature"
    },
    {
      "geometry": {
        "coordinates": [
          44.41887049622842,
          33.32426303854875
        ],
        "type": "Point"
      },
      "properties": {
        "charger_bus_voltage_v": 650.0,
        "charger_contact_count": 8,
        "charger_efficiency": 0.98,
        "charger_max_current_a": 3300.0,
        "charger_max_kw": 2000.0,
        "grid_export_kw": 3200.0,
        "grid_import_kw": 3200.0,
        "line": "line-48",
        "pv_nameplate_kw": 300.0,
        "station": "line-48-0976-1018-s006380",
        "storage_capacity_kwh": 2000.0,
        "storage_initial_soc": 0.6,
        "storage_max_charge_kw": 2000.0,
        "storage_max_discharge_kw": 2000.0,
        "storage_module_kwh": 500.0,
        "tier": "terminal"
      },
      "type": "Feature"
    },
    {
      "geometry": {
        "coordinates": [
          44.427251398882234,
          33.286470143613
        ],
        "type": "Point"
      },
      "properties": {
        "charger_bus_voltage_v": 650.0,
        "charger_contact_count": 8,
        "charger_efficiency": 0.98,
        "charger_max_current_a": 3300.0,
        "charger_max_kw": 2000.0,
        "grid_export_kw": 3200.0,
        "grid_import_kw": 3200.0,
        "line": "line-49",
        "pv_nameplate_kw": 300.0,
        "station": "line-49-1186-1057-s000000",
        "storage_capacity_kwh": 2000.0,
        "storage_initial_soc": 0.6,
        "storage_max_charge_kw": 2000.0,
        "storage_max_discharge_kw": 2000.0,
        "storage_module_kwh": 500.0,
        "tier": "terminal"
      },
      "type": "Feature"
    },
    {
      "geometry": {
        "coordinates": [
          44.443153624430494,
          33.286470143613
        ],
        "type": "Point"
      },
      "properties": {
        "charger_bus_voltage_v": 650.0,
        "charger_contact_count": 8,
        "charger_efficiency": 0.98,
        "charger_max_current_a": 3300.0,
        "charger_max_kw": 2000.0,
        "grid_export_kw": 2400.0,
        "grid_import_kw": 2400.0,
        "line": "line-49",
        "pv_nameplate_kw": 300.0,
        "station": "line-49-1186-1131-s001480",
        "storage_capacity_kwh": 2000.0,
        "storage_initial_soc": 0.5,
        "storage_max_charge_kw": 2000.0,
        "storage_max_discharge_kw": 2000.0,
        "storage_module_kwh": 500.0,
        "tier": "interchange"
      },
      "type": "Feature"
    },
    {
      "geometry": {
        "coordinates": [
          44.44745152322732,
          33.28683007594572
        ],
        "type": "Point"
      },
      "properties": {
        "charger_bus_voltage_v": 650.0,
        "charger_contact_count": 8,
        "charger_efficiency": 0.98,
        "charger_max_current_a": 3300.0,
        "charger_max_kw": 2000.0,
        "grid_export_kw": 2400.0,
        "grid_import_kw": 2400.0,
        "line": "line-49",
        "pv_nameplate_kw": 300.0,
        "station": "line-49-1184-1151-s001897",
        "storage_capacity_kwh": 2000.0,
        "storage_initial_soc": 0.5,
        "storage_max_charge_kw": 2000.0,
        "storage_max_discharge_kw": 2000.0,
        "storage_module_kwh": 500.0,
        "tier": "interchange"
      },
      "type": "Feature"
    },
    {
      "geometry": {
        "coordinates": [
          44.44917068274605,
          33.28898966994205
        ],
        "type": "Point"
      },
      "properties": {
        "charger_bus_voltage_v": 650.0,
        "charger_contact_count": 8,
        "charger_efficiency": 0.98,
        "charger_max_current_a": 3300.0,
        "charger_max_kw": 2000.0,
        "grid_export_kw": 2400.0,
        "grid_import_kw": 2400.0,
        "line": "line-49",
        "pv_nameplate_kw": 300.0,
        "station": "line-49-1172-1159-s002203",
        "storage_capacity_kwh": 2000.0,
        "storage_initial_soc": 0.5,
        "storage_max_charge_kw": 2000.0,
        "storage_max_discharge_kw": 2000.0,
        "storage_module_kwh": 500.0,
        "tier": "interchange"
      },
      "type": "Feature"
    },
    {
      "geometry": {
        "coordinates": [
          44.44745152322732,
          33.29114926393838
        ],
        "type": "Point"
      },
      "properties": {
        "charger_bus_voltage_v": 650.0,
        "charger_contact_count": 8,
        "charger_efficiency": 0.98,
        "charger_max_current_a": 3300.0,
        "charger_max_kw": 2000.0,
        "grid_export_kw": 2400.0,
        "grid_import_kw": 2400.0,
        "line": "line-49",
        "pv_nameplate_kw": 300.0,
        "station": "line-49-1160-1151-s002509",
        "storage_capacity_kwh": 2000.0,
        "storage_initial_soc": 0.5,
        "storage_max_charge_kw": 2000.0,
        "storage_max_discharge_kw": 2000.0,
        "storage_module_kwh": 500.0,
        "tier": "interchange"
      },
      "type": "Feature"
    },
    {
      "geometry": {
        "coordinates": [
          44.43369824707747,
          33.29492855343195
        ],
        "type": "Point"
      },
      "properties": {
        "charger_bus_voltage_v": 650.0,
        "charger_contact_count": 8,
        "charger_efficiency": 0.98,
        "charger_max_current_a": 3300.0,
        "charger_max_kw": 2000.0,
        "grid_export_kw": 2000.0,
        "grid_import_kw": 2000.0,
        "line": "line-49",
        "pv_nameplate_kw": 300.0,
        "station": "line-49-1139-1087-s003963",
        "storage_capacity_kwh": 2000.0,
        "storage_initial_soc": 0.5,
        "storage_max_charge_kw": 2000.0,
        "storage_max_discharge_kw": 2000.0,
        "storage_module_kwh": 500.0,
        "tier": "standard"
      },
      "type": "Feature"
    },
    {
      "geometry": {
        "coordinates": [
          44.43369824707747,
          33.30878594824173
        ],
        "type": "Point"
      },
      "properties": {
        "charger_bus_voltage_v": 650.0,
        "charger_contact_count": 8,
        "charger_efficiency": 0.98,
        "charger_max_current_a": 3300.0,
        "charger_max_kw": 2000.0,
        "grid_export_kw": 2400.0,
        "grid_import_kw": 2400.0,
        "line": "line-49",
        "pv_nameplate_kw": 300.0,
        "station": "line-49-1062-1087-s005503",
        "storage_capacity_kwh": 2000.0,
        "storage_initial_soc": 0.5,
        "storage_max_charge_kw": 2000.0,
        "storage_max_discharge_kw": 2000.0,
        "storage_module_kwh": 500.0,
        "tier": "interchange"
      },
      "type": "Feature"
    },
    {
      "geometry": {
        "coordinates": [
          44.4281109786416,
          33.32606270021236
        ],
        "type": "Point"
      },
      "properties": {
        "charger_bus_voltage_v": 650.0,
        "charger_contact_count": 8,
        "charger_efficiency": 0.98,
        "charger_max_current_a": 3300.0,
        "charger_max_kw": 2000.0,
        "grid_export_kw": 3200.0,
        "grid_import_kw": 3200.0,
        "line": "line-49",
        "pv_nameplate_kw": 300.0,
        "station": "line-49-0966-1061-s007638",
        "storage_capacity_kwh": 2000.0,
        "storage_initial_soc": 0.6,
        "storage_max_charge_kw": 2000.0,
        "storage_max_discharge_kw": 2000.0,
        "storage_module_kwh": 500.0,
        "tier": "terminal"
      },
      "type": "Feature"
    },
    {
      "geometry": {
        "coordinates": [
          44.25598013182867,
          33.28413058345031
        ],
        "type": "Point"
      },
      "properties": {
        "charger_bus_voltage_v": 650.0,
        "charger_contact_count": 8,
        "charger_efficiency": 0.98,
        "charger_max_current_a": 3300.0,
        "charger_max_kw": 2000.0,
        "grid_export_kw": 3200.0,
        "grid_import_kw": 3200.0,
        "line": "line-5",
        "pv_nameplate_kw": 300.0,
        "station": "line-5-1199-0260-s000000",
        "storage_capacity_kwh": 2000.0,
        "storage_initial_soc": 0.6,
        "storage_max_charge_kw": 2000.0,
        "storage_max_discharge_kw": 2000.0,
        "storage_module_kwh": 500.0,
        "tier": "terminal"
      },
      "type": "Feature"
    },
    {
      "geometry": {
        "coordinates": [
          44.25963334580598,
          33.28413058345031
        ],
        "type": "Point"
      },
      "properties": {
        "charger_bus_voltage_v": 650.0,
        "charger_contact_count": 8,
        "charger_efficiency": 0.98,
        "charger_max_current_a": 3300.0,
        "charger_max_kw": 2000.0,
        "grid_export_kw": 2400.0,
        "grid_import_kw": 2400.0,
        "line": "line-5",
        "pv_nameplate_kw": 300.0,
        "station": "line-5-1199-0277-s000357",
        "storage_capacity_kwh": 2000.0,
        "storage_initial_soc": 0.5,
        "storage_max_charge_kw": 2000.0,
        "storage_max_discharge_kw": 2000.0,
        "storage_module_kwh": 500.0,
        "tier": "interchange"
      },
      "type": "Feature"
    },
    {
      "geometry": {
        "coordinates": [
          44.260492925565345,
          33.28413058345031
        ],
        "type": "Point"
      },
      "properties": {
        "charger_bus_voltage_v": 650.0,
        "charger_contact_count": 8,
        "charger_efficiency": 0.98,
        "charger_max_current_a": 3300.0,
        "charger_max_kw": 2000.0,
        "grid_export_kw": 2400.0,
        "grid_import_kw": 2400.0,
        "line": "line-5",
        "pv_nameplate_kw": 300.0,
        "station": "line-5-1199-0281-s000437",
        "storage_capacity_kwh": 2000.0,
        "storage_initial_soc": 0.5,
        "storage_max_charge_kw": 2000.0,
        "storage_max_discharge_kw": 2000.0,
        "storage_module_kwh": 500.0,
        "tier": "interchange"
      },
      "type": "Feature"
    },
    {
      "geometry": {
        "coordinates": [
          44.27725473087297,
          33.291689162437464
        ],
        "type": "Point"
      },
      "properties": {
        "charger_bus_voltage_v": 650.0,
        "charger_contact_count": 8,
        "charger_efficiency": 0.98,
        "charger_max_current_a": 3300.0,
        "charger_max_kw": 2000.0,
        "grid_export_kw": 2000.0,
        "grid_import_kw": 2000.0,
        "line": "line-5",
        "pv_nameplate_kw": 300.0,
        "station": "line-5-1157-0359-s002403",
        "storage_capacity_kwh": 2000.0,
        "storage_initial_soc": 0.5,
        "storage_max_charge_kw": 2000.0,
        "storage_max_discharge_kw": 2000.0,
        "storage_module_kwh": 500.0,
        "tier": "standard"
      },
      "type": "Feature"
    },
    {
      "geometry": {
        "coordinates": [
          44.291222901962655,
          33.29672821509556
        ],
        "type": "Point"
      },
      "properties": {
        "charger_bus_voltage_v": 650.0,
        "charger_contact_count": 8,
        "charger_efficiency": 0.98,
        "charger_max_current_a": 3300.0,
        "charger_max_kw": 2000.0,
        "grid_export_kw": 2400.0,
        "grid_import_kw": 2400.0,
        "line": "line-5",
        "pv_nameplate_kw": 300.0,
        "station": "line-5-1129-0424-s004005",
        "storage_capacity_kwh": 2000.0,
        "storage_initial_soc": 0.5,
        "storage_max_charge_kw": 2000.0,
        "storage_max_discharge_kw": 2000.0,
        "storage_module_kwh": 500.0,
        "tier": "interchange"
      },
      "type": "Feature"
    },
    {
      "geometry": {
        "coordinates": [
          44.306480442691395,
          33.300147572256414
        ],
        "type": "Point"
      },
      "properties": {
        "charger_bus_voltage_v": 650.0,
        "charger_contact_count": 8,
        "charger_efficiency": 0.98,
        "charger_max_current_a": 3300.0,
        "charger_max_kw": 2000.0,
        "grid_export_kw": 2000.0,
        "grid_import_kw": 2000.0,
        "line": "line-5",
        "pv_nameplate_kw": 300.0,
        "station": "line-5-1110-0495-s005594",
        "storage_capacity_kwh": 2000.0,
        "storage_initial_soc": 0.5,
        "storage_max_charge_kw": 2000.0,
        "storage_max_discharge_kw": 2000.0,
        "storage_module_kwh": 500.0,
        "tier": "standard"
      },
      "type": "Feature"
    },
    {
      "geometry": {
        "coordinates": [
          44.32668056703648,
          33.30446676024907
        ],
        "type": "Point"
      },
      "properties": {
        "charger_bus_voltage_v": 650.0,
        "charger_contact_count": 8,
        "charger_efficiency": 0.98,
        "charger_max_current_a": 3300.0,
        "charger_max_kw": 2000.0,
        "grid_export_kw": 2400.0,
        "grid_import_kw": 2400.0,
        "line": "line-5",
        "pv_nameplate_kw": 300.0,
        "station": "line-5-1086-0589-s007673",
        "storage_capacity_kwh": 2000.0,
        "storage_initial_soc": 0.5,
        "storage_max_charge_kw": 2000.0,
        "storage_max_discharge_kw": 2000.0,
        "storage_module_kwh": 500.0,
        "tier": "interchange"
      },
      "type": "Feature"
    },
    {
      "geometry": {
        "coordinates": [
          44.34258279258474,
          33.30788611740993
        ],
        "type": "Point"
      },
      "properties": {
        "charger_bus_voltage_v": 650.0,
        "charger_contact_count": 8,
        "charger_efficiency": 0.98,
        "charger_max_current_a": 3300.0,
        "charger_max_kw": 2000.0,
        "grid_export_kw": 2400.0,
        "grid_import_kw": 2400.0,
        "line": "line-5",
        "pv_nameplate_kw": 300.0,
        "station": "line-5-1067-0663-s009334",
        "storage_capacity_kwh": 2000.0,
        "storage_initial_soc": 0.5,
        "storage_max_charge_kw": 2000.0,
        "storage_max_discharge_kw": 2000.0,
        "storage_module_kwh": 500.0,
        "tier": "interchange"
      },
      "type": "Feature"
    },
    {
      "geometry": {
        "coordinates": [
          44.36858508030554,
          33.31328510240075
        ],
        "type": "Point"
      },
      "properties": {
        "charger_bus_voltage_v": 650.0,
        "charger_contact_count": 8,
        "charger_efficiency": 0.98,
        "charger_max_current_a": 3300.0,
        "charger_max_kw": 2000.0,
        "grid_export_kw": 2400.0,
        "grid_import_kw": 2400.0,
        "line": "line-5",
        "pv_nameplate_kw": 300.0,
        "station": "line-5-1037-0784-s012003",
        "storage_capacity_kwh": 2000.0,
        "storage_initial_soc": 0.5,
        "storage_max_charge_kw": 2000.0,
        "storage_max_discharge_kw": 2000.0,
        "storage_module_kwh": 500.0,
        "tier": "major"
      },
      "type": "Feature"
    },
    {
      "geometry": {
        "coordinates": [
          44.38061919693666,
          33.31598459489616
        ],
        "type": "Point"
      },
      "properties": {
        "charger_bus_voltage_v": 650.0,
        "charger_contact_count": 8,
        "charger_efficiency": 0.98,
        "charger_max_current_a": 3300.0,
        "charger_max_kw": 2000.0,
        "grid_export_kw": 2400.0,
        "grid_import_kw": 2400.0,
        "line": "line-5",
        "pv_nameplate_kw": 300.0,
        "station": "line-5-1022-0840-s013247",
        "storage_capacity_kwh": 2000.0,
        "storage_initial_soc": 0.5,
        "storage_max_charge_kw": 2000.0,
        "storage_max_discharge_kw": 2000.0,
        "storage_module_kwh": 500.0,
        "tier": "interchange"
      },
      "type": "Feature"
    },
    {
      "geometry": {
        "coordinates": [
          44.399315056702854,
          33.31994385055609
        ],
        "type": "Point"
      },
      "properties": {
        "charger_bus_voltage_v": 650.0,
        "charger_contact_count": 8,
        "charger_efficiency": 0.98,
        "charger_max_current_a": 3300.0,
        "charger_max_kw": 2000.0,
        "grid_export_kw": 2000.0,
        "grid_import_kw": 2000.0,
        "line": "line-5",
        "pv_nameplate_kw": 300.0,
        "station": "line-5-1000-0927-s015193",
        "storage_capacity_kwh": 2000.0,
        "storage_initial_soc": 0.5,
        "storage_max_charge_kw": 2000.0,
        "storage_max_discharge_kw": 2000.0,
        "storage_module_kwh": 500.0,
        "tier": "standard"
      },
      "type": "Feature"
    },
    {
      "geometry": {
        "coordinates": [
          44.415002387311276,
          33.32336320771695
        ],
        "type": "Point"
      },
      "properties": {
        "charger_bus_voltage_v": 650.0,
        "charger_contact_count": 8,
        "charger_efficiency": 0.98,
        "charger_max_current_a": 3300.0,
        "charger_max_kw": 2000.0,
        "grid_export_kw": 2400.0,
        "grid_import_kw": 2400.0,
        "line": "line-5",
        "pv_nameplate_kw": 300.0,
        "station": "line-5-0981-1000-s016810",
        "storage_capacity_kwh": 2000.0,
        "storage_initial_soc": 0.5,
        "storage_max_charge_kw": 2000.0,
        "storage_max_discharge_kw": 2000.0,
        "storage_module_kwh": 500.0,
        "tier": "interchange"
      },
      "type": "Feature"
    },
    {
      "geometry": {
        "coordinates": [
          44.41887049622842,
          33.32426303854875
        ],
        "type": "Point"
      },
      "properties": {
        "charger_bus_voltage_v": 650.0,
        "charger_contact_count": 8,
        "charger_efficiency": 0.98,
        "charger_max_current_a": 3300.0,
        "charger_max_kw": 2000.0,
        "grid_export_kw": 2400.0,
        "grid_import_kw": 2400.0,
        "line": "line-5",
        "pv_nameplate_kw": 300.0,
        "station": "line-5-0976-1018-s017211",
        "storage_capacity_kwh": 2000.0,
        "storage_initial_soc": 0.5,
        "storage_max_charge_kw": 2000.0,
        "storage_max_discharge_kw": 2000.0,
        "storage_module_kwh": 500.0,
        "tier": "interchange"
      },
      "type": "Feature"
    },
    {
      "geometry": {
        "coordinates": [
          44.4281109786416,
          33.32606270021236
        ],
        "type": "Point"
      },
      "properties": {
        "charger_bus_voltage_v": 650.0,
        "charger_contact_count": 8,
        "charger_efficiency": 0.98,
        "charger_max_current_a": 3300.0,
        "charger_max_kw": 2000.0,
        "grid_export_kw": 2400.0,
        "grid_import_kw": 2400.0,
        "line": "line-5",
        "pv_nameplate_kw": 300.0,
        "station": "line-5-0966-1061-s018166",
        "storage_capacity_kwh": 2000.0,
        "storage_initial_soc": 0.5,
        "storage_max_charge_kw": 2000.0,
        "storage_max_discharge_kw": 2000.0,
        "storage_module_kwh": 500.0,
        "tier": "interchange"
      },
      "type": "Feature"
    },
    {
      "geometry": {
        "coordinates": [
          44.44293872949065,
          33.329302091206856
        ],
        "type": "Point"
      },
      "properties": {
        "charger_bus_voltage_v": 650.0,
        "charger_contact_count": 8,
        "charger_efficiency": 0.98,
        "charger_max_current_a": 3300.0,
        "charger_max_kw": 2000.0,
        "grid_export_kw": 2400.0,
        "grid_import_kw": 2400.0,
        "line": "line-5",
        "pv_nameplate_kw": 300.0,
        "station": "line-5-0948-1130-s019707",
        "storage_capacity_kwh": 2000.0,
        "storage_initial_soc": 0.5,
        "storage_max_charge_kw": 2000.0,
        "storage_max_discharge_kw": 2000.0,
        "storage_module_kwh": 500.0,
        "tier": "interchange"
      },
      "type": "Feature"
    },
    {
      "geometry": {
        "coordinates": [
          44.46141969431701,
          33.33326134686679
        ],
        "type": "Point"
      },
      "properties": {
        "charger_bus_voltage_v": 650.0,
        "charger_contact_count": 8,
        "charger_efficiency": 0.98,
        "charger_max_current_a": 3300.0,
        "charger_max_kw": 2000.0,
        "grid_export_kw": 2400.0,
        "grid_import_kw": 2400.0,
        "line": "line-5",
        "pv_nameplate_kw": 300.0,
        "station": "line-5-0926-1216-s021609",
        "storage_capacity_kwh": 2000.0,
        "storage_initial_soc": 0.5,
        "storage_max_charge_kw": 2000.0,
        "storage_max_discharge_kw": 2000.0,
        "storage_module_kwh": 500.0,
        "tier": "interchange"
      },
      "type": "Feature"
    },
    {
      "geometry": {
        "coordinates": [
          44.47259423118876,
          33.33560090702948
        ],
        "type": "Point"
      },
      "properties": {
        "charger_bus_voltage_v": 650.0,
        "charger_contact_count": 8,
        "charger_efficiency": 0.98,
        "charger_max_current_a": 3300.0,
        "charger_max_kw": 2000.0,
        "grid_export_kw": 2400.0,
        "grid_import_kw": 2400.0,
        "line": "line-5",
        "pv_nameplate_kw": 300.0,
        "station": "line-5-0913-1268-s022763",
        "storage_capacity_kwh": 2000.0,
        "storage_initial_soc": 0.5,
        "storage_max_charge_kw": 2000.0,
        "storage_max_discharge_kw": 2000.0,
        "storage_module_kwh": 500.0,
        "tier": "interchange"
      },
      "type": "Feature"
    },
    {
      "geometry": {
        "coordinates": [
          44.47409849576765,
          33.33614080552856
        ],
        "type": "Point"
      },
      "properties": {
        "charger_bus_voltage_v": 650.0,
        "charger_contact_count": 8,
        "charger_efficiency": 0.98,
        "charger_max_current_a": 3300.0,
        "charger_max_kw": 2000.0,
        "grid_export_kw": 2400.0,
        "grid_import_kw": 2400.0,
        "line": "line-5",
        "pv_nameplate_kw": 300.0,
        "station": "line-5-0910-1275-s022945",
        "storage_capacity_kwh": 2000.0,
        "storage_initial_soc": 0.5,
        "storage_max_charge_kw": 2000.0,
        "storage_max_discharge_kw": 2000.0,
        "storage_module_kwh": 500.0,
        "tier": "interchange"
      },
      "type": "Feature"
    },
    {
      "geometry": {
        "coordinates": [
          44.49064540613543,
          33.339560162689416
        ],
        "type": "Point"
      },
      "properties": {
        "charger_bus_voltage_v": 650.0,
        "charger_contact_count": 8,
        "charger_efficiency": 0.98,
        "charger_max_current_a": 3300.0,
        "charger_max_kw": 2000.0,
        "grid_export_kw": 2400.0,
        "grid_import_kw": 2400.0,
        "line": "line-5",
        "pv_nameplate_kw": 300.0,
        "station": "line-5-0891-1352-s024642",
        "storage_capacity_kwh": 2000.0,
        "storage_initial_soc": 0.5,
        "storage_max_charge_kw": 2000.0,
        "storage_max_discharge_kw": 2000.0,
        "storage_module_kwh": 500.0,
        "tier": "interchange"
      },
      "type": "Feature"
    },
    {
      "geometry": {
        "coordinates": [
          44.50482847216496,
          33.34261958751755
        ],
        "type": "Point"
      },
      "properties": {
        "charger_bus_voltage_v": 650.0,
        "charger_contact_count": 8,
        "charger_efficiency": 0.98,
        "charger_max_current_a": 3300.0,
        "charger_max_kw": 2000.0,
        "grid_export_kw": 2400.0,
        "grid_import_kw": 2400.0,
        "line": "line-5",
        "pv_nameplate_kw": 300.0,
        "station": "line-5-0874-1418-s026103",
        "storage_capacity_kwh": 2000.0,
        "storage_initial_soc": 0.5,
        "storage_max_charge_kw": 2000.0,
        "storage_max_discharge_kw": 2000.0,
        "storage_module_kwh": 500.0,
        "tier": "interchange"
      },
      "type": "Feature"
    },
    {
      "geometry": {
        "coordinates": [
          44.51578811409687,
          33.344959147680235
        ],
        "type": "Point"
      },
      "properties": {
        "charger_bus_voltage_v": 650.0,
        "charger_contact_count": 8,
        "charger_efficiency": 0.98,
        "charger_max_current_a": 3300.0,
        "charger_max_kw": 2000.0,
        "grid_export_kw": 2400.0,
        "grid_import_kw": 2400.0,
        "line": "line-5",
        "pv_nameplate_kw": 300.0,
        "station": "line-5-0861-1469-s027243",
        "storage_capacity_kwh": 2000.0,
        "storage_initial_soc": 0.5,
        "storage_max_charge_kw": 2000.0,
        "storage_max_discharge_kw": 2000.0,
        "storage_module_kwh": 500.0,
        "tier": "interchange"
      },
      "type": "Feature"
    },
    {
      "geometry": {
        "coordinates": [
          44.5424350866372,
          33.34639887701112
        ],
        "type": "Point"
      },
      "properties": {
        "charger_bus_voltage_v": 650.0,
        "charger_contact_count": 8,
        "charger_efficiency": 0.98,
        "charger_max_current_a": 3300.0,
        "charger_max_kw": 2000.0,
        "grid_export_kw": 2400.0,
        "grid_import_kw": 2400.0,
        "line": "line-5",
        "pv_nameplate_kw": 300.0,
        "station": "line-5-0853-1593-s029938",
        "storage_capacity_kwh": 2000.0,
        "storage_initial_soc": 0.5,
        "storage_max_charge_kw": 2000.0,
        "storage_max_discharge_kw": 2000.0,
        "storage_module_kwh": 500.0,
        "tier": "interchange"
      },
      "type": "Feature"
    },
    {
      "geometry": {
        "coordinates": [
          44.54393935121609,
          33.34819853867473
        ],
        "type": "Point"
      },
      "properties": {
        "charger_bus_voltage_v": 650.0,
        "charger_contact_count": 8,
        "charger_efficiency": 0.98,
        "charger_max_current_a": 3300.0,
        "charger_max_kw": 2000.0,
        "grid_export_kw": 2400.0,
        "grid_import_kw": 2400.0,
        "line": "line-5",
        "pv_nameplate_kw": 300.0,
        "station": "line-5-0843-1600-s030196",
        "storage_capacity_kwh": 2000.0,
        "storage_initial_soc": 0.5,
        "storage_max_charge_kw": 2000.0,
        "storage_max_discharge_kw": 2000.0,
        "storage_module_kwh": 500.0,
        "tier": "interchange"
      },
      "type": "Feature"
    },
    {
      "geometry": {
        "coordinates": [
          44.68104232283487,
          33.37177410646798
        ],
        "type": "Point"
      },
      "properties": {
        "charger_bus_voltage_v": 650.0,
        "charger_contact_count": 8,
        "charger_efficiency": 0.98,
        "charger_max_current_a": 3300.0,
        "charger_max_kw": 2000.0,
        "grid_export_kw": 2000.0,
        "grid_import_kw": 2000.0,
        "line": "line-5",
        "pv_nameplate_kw": 300.0,
        "station": "line-5-0712-2238-s045601",
        "storage_capacity_kwh": 2000.0,
        "storage_initial_soc": 0.5,
        "storage_max_charge_kw": 2000.0,
        "storage_max_discharge_kw": 2000.0,
        "storage_module_kwh": 500.0,
        "tier": "standard"
      },
      "type": "Feature"
    },
    {
      "geometry": {
        "coordinates": [
          44.6952253888644,
          33.378072922290606
        ],
        "type": "Point"
      },
      "properties": {
        "charger_bus_voltage_v": 650.0,
        "charger_contact_count": 8,
        "charger_efficiency": 0.98,
        "charger_max_current_a": 3300.0,
        "charger_max_kw": 2000.0,
        "grid_export_kw": 3200.0,
        "grid_import_kw": 3200.0,
        "line": "line-5",
        "pv_nameplate_kw": 300.0,
        "station": "line-5-0677-2304-s047345",
        "storage_capacity_kwh": 2000.0,
        "storage_initial_soc": 0.6,
        "storage_max_charge_kw": 2000.0,
        "storage_max_discharge_kw": 2000.0,
        "storage_module_kwh": 500.0,
        "tier": "terminal"
      },
      "type": "Feature"
    },
    {
      "geometry": {
        "coordinates": [
          44.29638038051885,
          33.27657200446316
        ],
        "type": "Point"
      },
      "properties": {
        "charger_bus_voltage_v": 650.0,
        "charger_contact_count": 8,
        "charger_efficiency": 0.98,
        "charger_max_current_a": 3300.0,
        "charger_max_kw": 2000.0,
        "grid_export_kw": 3200.0,
        "grid_import_kw": 3200.0,
        "line": "line-50",
        "pv_nameplate_kw": 300.0,
        "station": "line-50-1241-0448-s000000",
        "storage_capacity_kwh": 2000.0,
        "storage_initial_soc": 0.6,
        "storage_max_charge_kw": 2000.0,
        "storage_max_discharge_kw": 2000.0,
        "storage_module_kwh": 500.0,
        "tier": "terminal"
      },
      "type": "Feature"
    },
    {
      "geometry": {
        "coordinates": [
          44.29573569569933,
          33.275492207465
        ],
        "type": "Point"
      },
      "properties": {
        "charger_bus_voltage_v": 650.0,
        "charger_contact_count": 8,
        "charger_efficiency": 0.98,
        "charger_max_current_a": 3300.0,
        "charger_max_kw": 2000.0,
        "grid_export_kw": 2400.0,
        "grid_import_kw": 2400.0,
        "line": "line-50",
        "pv_nameplate_kw": 300.0,
        "station": "line-50-1247-0445-s000145",
        "storage_capacity_kwh": 2000.0,
        "storage_initial_soc": 0.5,
        "storage_max_charge_kw": 2000.0,
        "storage_max_discharge_kw": 2000.0,
        "storage_module_kwh": 500.0,
        "tier": "interchange"
      },
      "type": "Feature"
    },
    {
      "geometry": {
        "coordinates": [
          44.27725473087297,
          33.254436166000794
        ],
        "type": "Point"
      },
      "properties": {
        "charger_bus_voltage_v": 650.0,
        "charger_contact_count": 8,
        "charger_efficiency": 0.98,
        "charger_max_current_a": 3300.0,
        "charger_max_kw": 2000.0,
        "grid_export_kw": 2000.0,
        "grid_import_kw": 2000.0,
        "line": "line-50",
        "pv_nameplate_kw": 300.0,
        "station": "line-50-1364-0359-s003197",
        "storage_capacity_kwh": 2000.0,
        "storage_initial_soc": 0.5,
        "storage_max_charge_kw": 2000.0,
        "storage_max_discharge_kw": 2000.0,
        "storage_module_kwh": 500.0,
        "tier": "standard"
      },
      "type": "Feature"
    },
    {
      "geometry": {
        "coordinates": [
          44.242011960738985,
          33.261634812655224
        ],
        "type": "Point"
      },
      "properties": {
        "charger_bus_voltage_v": 650.0,
        "charger_contact_count": 8,
        "charger_efficiency": 0.98,
        "charger_max_current_a": 3300.0,
        "charger_max_kw": 2000.0,
        "grid_export_kw": 2400.0,
        "grid_import_kw": 2400.0,
        "line": "line-50",
        "pv_nameplate_kw": 300.0,
        "station": "line-50-1324-0195-s006809",
        "storage_capacity_kwh": 2000.0,
        "storage_initial_soc": 0.5,
        "storage_max_charge_kw": 2000.0,
        "storage_max_discharge_kw": 2000.0,
        "storage_module_kwh": 500.0,
        "tier": "interchange"
      },
      "type": "Feature"
    },
    {
      "geometry": {
        "coordinates": [
          44.23535021760391,
          33.26397437281791
        ],
        "type": "Point"
      },
      "properties": {
        "charger_bus_voltage_v": 650.0,
        "charger_contact_count": 8,
        "charger_efficiency": 0.98,
        "charger_max_current_a": 3300.0,
        "charger_max_kw": 2000.0,
        "grid_export_kw": 2400.0,
        "grid_import_kw": 2400.0,
        "line": "line-50",
        "pv_nameplate_kw": 300.0,
        "station": "line-50-1311-0164-s007551",
        "storage_capacity_kwh": 2000.0,
        "storage_initial_soc": 0.5,
        "storage_max_charge_kw": 2000.0,
        "storage_max_discharge_kw": 2000.0,
        "storage_module_kwh": 500.0,
        "tier": "interchange"
      },
      "type": "Feature"
    },
    {
      "geometry": {
        "coordinates": [
          44.229333159288345,
          33.268473526976926
        ],
        "type": "Point"
      },
      "properties": {
        "charger_bus_voltage_v": 650.0,
        "charger_contact_count": 8,
        "charger_efficiency": 0.98,
        "charger_max_current_a": 3300.0,
        "charger_max_kw": 2000.0,
        "grid_export_kw": 2400.0,
        "grid_import_kw": 2400.0,
        "line": "line-50",
        "pv_nameplate_kw": 300.0,
        "station": "line-50-1286-0136-s008303",
        "storage_capacity_kwh": 2000.0,
        "storage_initial_soc": 0.5,
        "storage_max_charge_kw": 2000.0,
        "storage_max_discharge_kw": 2000.0,
        "storage_module_kwh": 500.0,
        "tier": "interchange"
      },
      "type": "Feature"
    },
    {
      "geometry": {
        "coordinates": [
          44.22202673133374,
          33.268473526976926
        ],
        "type": "Point"
      },
      "properties": {
        "charger_bus_voltage_v": 650.0,
        "charger_contact_count": 8,
        "charger_efficiency": 0.98,
        "charger_max_current_a": 3300.0,
        "charger_max_kw": 2000.0,
        "grid_export_kw": 2400.0,
        "grid_import_kw": 2400.0,
        "line": "line-50",
        "pv_nameplate_kw": 300.0,
        "station": "line-50-1286-0102-s008983",
        "storage_capacity_kwh": 2000.0,
        "storage_initial_soc": 0.5,
        "storage_max_charge_kw": 2000.0,
        "storage_max_discharge_kw": 2000.0,
        "storage_module_kwh": 500.0,
        "tier": "interchange"
      },
      "type": "Feature"
    },
    {
      "geometry": {
        "coordinates": [
          44.21386072361977,
          33.268473526976926
        ],
        "type": "Point"
      },
      "properties": {
        "charger_bus_voltage_v": 650.0,
        "charger_contact_count": 8,
        "charger_efficiency": 0.98,
        "charger_max_current_a": 3300.0,
        "charger_max_kw": 2000.0,
        "grid_export_kw": 2400.0,
        "grid_import_kw": 2400.0,
        "line": "line-50",
        "pv_nameplate_kw": 300.0,
        "station": "line-50-1286-0064-s009743",
        "storage_capacity_kwh": 2000.0,
        "storage_initial_soc": 0.5,
        "storage_max_charge_kw": 2000.0,
        "storage_max_discharge_kw": 2000.0,
        "storage_module_kwh": 500.0,
        "tier": "interchange"
      },
      "type": "Feature"
    },
    {
      "geometry": {
        "coordinates": [
          44.20848835012374,
          33.295108519598315
        ],
        "type": "Point"
      },
      "properties": {
        "charger_bus_voltage_v": 650.0,
        "charger_contact_count": 8,
        "charger_efficiency": 0.98,
        "charger_max_current_a": 3300.0,
        "charger_max_kw": 2000.0,
        "grid_export_kw": 3200.0,
        "grid_import_kw": 3200.0,
        "line": "line-50",
        "pv_nameplate_kw": 300.0,
        "station": "line-50-1138-0039-s013203",
        "storage_capacity_kwh": 2000.0,
        "storage_initial_soc": 0.6,
        "storage_max_charge_kw": 2000.0,
        "storage_max_discharge_kw": 2000.0,
        "storage_module_kwh": 500.0,
        "tier": "terminal"
      },
      "type": "Feature"
    },
    {
      "geometry": {
        "coordinates": [
          44.40296827068016,
          33.40218838858295
        ],
        "type": "Point"
      },
      "properties": {
        "charger_bus_voltage_v": 650.0,
        "charger_contact_count": 8,
        "charger_efficiency": 0.98,
        "charger_max_current_a": 3300.0,
        "charger_max_kw": 2000.0,
        "grid_export_kw": 3200.0,
        "grid_import_kw": 3200.0,
        "line": "line-51",
        "pv_nameplate_kw": 300.0,
        "station": "line-51-0543-0944-s000000",
        "storage_capacity_kwh": 2000.0,
        "storage_initial_soc": 0.6,
        "storage_max_charge_kw": 2000.0,
        "storage_max_discharge_kw": 2000.0,
        "storage_module_kwh": 500.0,
        "tier": "terminal"
      },
      "type": "Feature"
    },
    {
      "geometry": {
        "coordinates": [
          44.407051274537146,
          33.421084836050824
        ],
        "type": "Point"
      },
      "properties": {
        "charger_bus_voltage_v": 650.0,
        "charger_contact_count": 8,
        "charger_efficiency": 0.98,
        "charger_max_current_a": 3300.0,
        "charger_max_kw": 2000.0,
        "grid_export_kw": 2400.0,
        "grid_import_kw": 2400.0,
        "line": "line-51",
        "pv_nameplate_kw": 300.0,
        "station": "line-51-0438-0963-s002257",
        "storage_capacity_kwh": 2000.0,
        "storage_initial_soc": 0.5,
        "storage_max_charge_kw": 2000.0,
        "storage_max_discharge_kw": 2000.0,
        "storage_module_kwh": 500.0,
        "tier": "interchange"
      },
      "type": "Feature"
    },
    {
      "geometry": {
        "coordinates": [
          44.42316839502525,
          33.426303854875286
        ],
        "type": "Point"
      },
      "properties": {
        "charger_bus_voltage_v": 650.0,
        "charger_contact_count": 8,
        "charger_efficiency": 0.98,
        "charger_max_current_a": 3300.0,
        "charger_max_kw": 2000.0,
        "grid_export_kw": 2400.0,
        "grid_import_kw": 2400.0,
        "line": "line-51",
        "pv_nameplate_kw": 300.0,
        "station": "line-51-0409-1038-s003998",
        "storage_capacity_kwh": 2000.0,
        "storage_initial_soc": 0.5,
        "storage_max_charge_kw": 2000.0,
        "storage_max_discharge_kw": 2000.0,
        "storage_module_kwh": 500.0,
        "tier": "interchange"
      },
      "type": "Feature"
    },
    {
      "geometry": {
        "coordinates": [
          44.43907062057351,
          33.43908145268689
        ],
        "type": "Point"
      },
      "properties": {
        "charger_bus_voltage_v": 650.0,
        "charger_contact_count": 8,
        "charger_efficiency": 0.98,
        "charger_max_current_a": 3300.0,
        "charger_max_kw": 2000.0,
        "grid_export_kw": 2400.0,
        "grid_import_kw": 2400.0,
        "line": "line-51",
        "pv_nameplate_kw": 300.0,
        "station": "line-51-0338-1112-s006066",
        "storage_capacity_kwh": 2000.0,
        "storage_initial_soc": 0.5,
        "storage_max_charge_kw": 2000.0,
        "storage_max_discharge_kw": 2000.0,
        "storage_module_kwh": 500.0,
        "tier": "interchange"
      },
      "type": "Feature"
    },
    {
      "geometry": {
        "coordinates": [
          44.46077500949748,
          33.4257639563762
        ],
        "type": "Point"
      },
      "properties": {
        "charger_bus_voltage_v": 650.0,
        "charger_contact_count": 8,
        "charger_efficiency": 0.98,
        "charger_max_current_a": 3300.0,
        "charger_max_kw": 2000.0,
        "grid_export_kw": 3200.0,
        "grid_import_kw": 3200.0,
        "line": "line-51",
        "pv_nameplate_kw": 300.0,
        "station": "line-51-0412-1213-s008699",
        "storage_capacity_kwh": 2000.0,
        "storage_initial_soc": 0.6,
        "storage_max_charge_kw": 2000.0,
        "storage_max_discharge_kw": 2000.0,
        "storage_module_kwh": 500.0,
        "tier": "terminal"
      },
      "type": "Feature"
    },
    {
      "geometry": {
        "coordinates": [
          44.30433149329298,
          33.42036497138538
        ],
        "type": "Point"
      },
      "properties": {
        "charger_bus_voltage_v": 650.0,
        "charger_contact_count": 8,
        "charger_efficiency": 0.98,
        "charger_max_current_a": 3300.0,
        "charger_max_kw": 2000.0,
        "grid_export_kw": 3200.0,
        "grid_import_kw": 3200.0,
        "line": "line-52",
        "pv_nameplate_kw": 300.0,
        "station": "line-52-0442-0485-s000000",
        "storage_capacity_kwh": 2000.0,
        "storage_initial_soc": 0.6,
        "storage_max_charge_kw": 2000.0,
        "storage_max_discharge_kw": 2000.0,
        "storage_module_kwh": 500.0,
        "tier": "terminal"
      },
      "type": "Feature"
    },
    {
      "geometry": {
        "coordinates": [
          44.2888590576244,
          33.40344815174747
        ],
        "type": "Point"
      },
      "properties": {
        "charger_bus_voltage_v": 650.0,
        "charger_contact_count": 8,
        "charger_efficiency": 0.98,
        "charger_max_current_a": 3300.0,
        "charger_max_kw": 2000.0,
        "grid_export_kw": 2400.0,
        "grid_import_kw": 2400.0,
        "line": "line-52",
        "pv_nameplate_kw": 300.0,
        "station": "line-52-0536-0413-s003320",
        "storage_capacity_kwh": 2000.0,
        "storage_initial_soc": 0.5,
        "storage_max_charge_kw": 2000.0,
        "storage_max_discharge_kw": 2000.0,
        "storage_module_kwh": 500.0,
        "tier": "interchange"
      },
      "type": "Feature"
    },
    {
      "geometry": {
        "coordinates": [
          44.27037809279805,
          33.37789295612425
        ],
        "type": "Point"
      },
      "properties": {
        "charger_bus_voltage_v": 650.0,
        "charger_contact_count": 8,
        "charger_efficiency": 0.98,
        "charger_max_current_a": 3300.0,
        "charger_max_kw": 2000.0,
        "grid_export_kw": 2400.0,
        "grid_import_kw": 2400.0,
        "line": "line-52",
        "pv_nameplate_kw": 300.0,
        "station": "line-52-0678-0327-s006872",
        "storage_capacity_kwh": 2000.0,
        "storage_initial_soc": 0.5,
        "storage_max_charge_kw": 2000.0,
        "storage_max_discharge_kw": 2000.0,
        "storage_module_kwh": 500.0,
        "tier": "interchange"
      },
      "type": "Feature"
    },
    {
      "geometry": {
        "coordinates": [
          44.27037809279805,
          33.371594140301625
        ],
        "type": "Point"
      },
      "properties": {
        "charger_bus_voltage_v": 650.0,
        "charger_contact_count": 8,
        "charger_efficiency": 0.98,
        "charger_max_current_a": 3300.0,
        "charger_max_kw": 2000.0,
        "grid_export_kw": 2400.0,
        "grid_import_kw": 2400.0,
        "line": "line-52",
        "pv_nameplate_kw": 300.0,
        "station": "line-52-0713-0327-s007572",
        "storage_capacity_kwh": 2000.0,
        "storage_initial_soc": 0.5,
        "storage_max_charge_kw": 2000.0,
        "storage_max_discharge_kw": 2000.0,
        "storage_module_kwh": 500.0,
        "tier": "interchange"
      },
      "type": "Feature"
    },
    {
      "geometry": {
        "coordinates": [
          44.2701631978582,
          33.35557715149552
        ],
        "type": "Point"
      },
      "properties": {
        "charger_bus_voltage_v": 650.0,
        "charger_contact_count": 8,
        "charger_efficiency": 0.98,
        "charger_max_current_a": 3300.0,
        "charger_max_kw": 2000.0,
        "grid_export_kw": 2400.0,
        "grid_import_kw": 2400.0,
        "line": "line-52",
        "pv_nameplate_kw": 300.0,
        "station": "line-52-0802-0326-s009361",
        "storage_capacity_kwh": 2000.0,
        "storage_initial_soc": 0.5,
        "storage_max_charge_kw": 2000.0,
        "storage_max_discharge_kw": 2000.0,
        "storage_module_kwh": 500.0,
        "tier": "interchange"
      },
      "type": "Feature"
    },
    {
      "geometry": {
        "coordinates": [
          44.2639312446028,
          33.34028002735486
        ],
        "type": "Point"
      },
      "properties": {
        "charger_bus_voltage_v": 650.0,
        "charger_contact_count": 8,
        "charger_efficiency": 0.98,
        "charger_max_current_a": 3300.0,
        "charger_max_kw": 2000.0,
        "grid_export_kw": 3200.0,
        "grid_import_kw": 3200.0,
        "line": "line-52",
        "pv_nameplate_kw": 300.0,
        "station": "line-52-0887-0297-s011301",
        "storage_capacity_kwh": 2000.0,
        "storage_initial_soc": 0.6,
        "storage_max_charge_kw": 2000.0,
        "storage_max_discharge_kw": 2000.0,
        "storage_module_kwh": 500.0,
        "tier": "terminal"
      },
      "type": "Feature"
    },
    {
      "geometry": {
        "coordinates": [
          44.497736939150194,
          33.347658640175645
        ],
        "type": "Point"
      },
      "properties": {
        "charger_bus_voltage_v": 650.0,
        "charger_contact_count": 8,
        "charger_efficiency": 0.98,
        "charger_max_current_a": 3300.0,
        "charger_max_kw": 2000.0,
        "grid_export_kw": 3200.0,
        "grid_import_kw": 3200.0,
        "line": "line-53",
        "pv_nameplate_kw": 300.0,
        "station": "line-53-0846-1385-s000000",
        "storage_capacity_kwh": 2000.0,
        "storage_initial_soc": 0.6,
        "storage_max_charge_kw": 2000.0,
        "storage_max_discharge_kw": 2000.0,
        "storage_module_kwh": 500.0,
        "tier": "terminal"
      },
      "type": "Feature"
    },
    {
      "geometry": {
        "coordinates": [
          44.476892129985586,
          33.35377748983191
        ],
        "type": "Point"
      },
      "properties": {
        "charger_bus_voltage_v": 650.0,
        "charger_contact_count": 8,
        "charger_efficiency": 0.98,
        "charger_max_current_a": 3300.0,
        "charger_max_kw": 2000.0,
        "grid_export_kw": 2400.0,
        "grid_import_kw": 2400.0,
        "line": "line-53",
        "pv_nameplate_kw": 300.0,
        "station": "line-53-0812-1288-s002222",
        "storage_capacity_kwh": 2000.0,
        "storage_initial_soc": 0.5,
        "storage_max_charge_kw": 2000.0,
        "storage_max_discharge_kw": 2000.0,
        "storage_module_kwh": 500.0,
        "tier": "interchange"
      },
      "type": "Feature"
    },
    {
      "geometry": {
        "coordinates": [
          44.469155912151294,
          33.35089803117014
        ],
        "type": "Point"
      },
      "properties": {
        "charger_bus_voltage_v": 650.0,
        "charger_contact_count": 8,
        "charger_efficiency": 0.98,
        "charger_max_current_a": 3300.0,
        "charger_max_kw": 2000.0,
        "grid_export_kw": 2400.0,
        "grid_import_kw": 2400.0,
        "line": "line-53",
        "pv_nameplate_kw": 300.0,
        "station": "line-53-0828-1252-s003080",
        "storage_capacity_kwh": 2000.0,
        "storage_initial_soc": 0.5,
        "storage_max_charge_kw": 2000.0,
        "storage_max_discharge_kw": 2000.0,
        "storage_module_kwh": 500.0,
        "tier": "interchange"
      },
      "type": "Feature"
    },
    {
      "geometry": {
        "coordinates": [
          44.44272383455081,
          33.34621891084476
        ],
        "type": "Point"
      },
      "properties": {
        "charger_bus_voltage_v": 650.0,
        "charger_contact_count": 8,
        "charger_efficiency": 0.98,
        "charger_max_current_a": 3300.0,
        "charger_max_kw": 2000.0,
        "grid_export_kw": 2400.0,
        "grid_import_kw": 2400.0,
        "line": "line-53",
        "pv_nameplate_kw": 300.0,
        "station": "line-53-0854-1129-s005750",
        "storage_capacity_kwh": 2000.0,
        "storage_initial_soc": 0.5,
        "storage_max_charge_kw": 2000.0,
        "storage_max_discharge_kw": 2000.0,
        "storage_module_kwh": 500.0,
        "tier": "interchange"
      },
      "type": "Feature"
    },
    {
      "geometry": {
        "coordinates": [
          44.427251398882234,
          33.3460389446784
        ],
        "type": "Point"
      },
      "properties": {
        "charger_bus_voltage_v": 650.0,
        "charger_contact_count": 8,
        "charger_efficiency": 0.98,
        "charger_max_current_a": 3300.0,
        "charger_max_kw": 2000.0,
        "grid_export_kw": 2400.0,
        "grid_import_kw": 2400.0,
        "line": "line-53",
        "pv_nameplate_kw": 300.0,
        "station": "line-53-0855-1057-s007198",
        "storage_capacity_kwh": 2000.0,
        "storage_initial_soc": 0.5,
        "storage_max_charge_kw": 2000.0,
        "storage_max_discharge_kw": 2000.0,
        "storage_module_kwh": 500.0,
        "tier": "major"
      },
      "type": "Feature"
    },
    {
      "geometry": {
        "coordinates": [
          44.41414280755191,
          33.3460389446784
        ],
        "type": "Point"
      },
      "properties": {
        "charger_bus_voltage_v": 650.0,
        "charger_contact_count": 8,
        "charger_efficiency": 0.98,
        "charger_max_current_a": 3300.0,
        "charger_max_kw": 2000.0,
        "grid_export_kw": 2400.0,
        "grid_import_kw": 2400.0,
        "line": "line-53",
        "pv_nameplate_kw": 300.0,
        "station": "line-53-0855-0996-s008418",
        "storage_capacity_kwh": 2000.0,
        "storage_initial_soc": 0.5,
        "storage_max_charge_kw": 2000.0,
        "storage_max_discharge_kw": 2000.0,
        "storage_module_kwh": 500.0,
        "tier": "interchange"
      },
      "type": "Feature"
    },
    {
      "geometry": {
        "coordinates": [
          44.412423648033176,
          33.344599215347515
        ],
        "type": "Point"
      },
      "properties": {
        "charger_bus_voltage_v": 650.0,
        "charger_contact_count": 8,
        "charger_efficiency": 0.98,
        "charger_max_current_a": 3300.0,
        "charger_max_kw": 2000.0,
        "grid_export_kw": 2400.0,
        "grid_import_kw": 2400.0,
        "line": "line-53",
        "pv_nameplate_kw": 300.0,
        "station": "line-53-0863-0988-s008644",
        "storage_capacity_kwh": 2000.0,
        "storage_initial_soc": 0.5,
        "storage_max_charge_kw": 2000.0,
        "storage_max_discharge_kw": 2000.0,
        "storage_module_kwh": 500.0,
        "tier": "interchange"
      },
      "type": "Feature"
    },
    {
      "geometry": {
        "coordinates": [
          44.39630652754508,
          33.344599215347515
        ],
        "type": "Point"
      },
      "properties": {
        "charger_bus_voltage_v": 650.0,
        "charger_contact_count": 8,
        "charger_efficiency": 0.98,
        "charger_max_current_a": 3300.0,
        "charger_max_kw": 2000.0,
        "grid_export_kw": 2400.0,
        "grid_import_kw": 2400.0,
        "line": "line-53",
        "pv_nameplate_kw": 300.0,
        "station": "line-53-0863-0913-s010144",
        "storage_capacity_kwh": 2000.0,
        "storage_initial_soc": 0.5,
        "storage_max_charge_kw": 2000.0,
        "storage_max_discharge_kw": 2000.0,
        "storage_module_kwh": 500.0,
        "tier": "interchange"
      },
      "type": "Feature"
    },
    {
      "geometry": {
        "coordinates": [
          44.39630652754508,
          33.34585897851204
        ],
        "type": "Point"
      },
      "properties": {
        "charger_bus_voltage_v": 650.0,
        "charger_contact_count": 8,
        "charger_efficiency": 0.98,
        "charger_max_current_a": 3300.0,
        "charger_max_kw": 2000.0,
        "grid_export_kw": 2400.0,
        "grid_import_kw": 2400.0,
        "line": "line-53",
        "pv_nameplate_kw": 300.0,
        "station": "line-53-0856-0913-s010284",
        "storage_capacity_kwh": 2000.0,
        "storage_initial_soc": 0.5,
        "storage_max_charge_kw": 2000.0,
        "storage_max_discharge_kw": 2000.0,
        "storage_module_kwh": 500.0,
        "tier": "interchange"
      },
      "type": "Feature"
    },
    {
      "geometry": {
        "coordinates": [
          44.37932982729761,
          33.3460389446784
        ],
        "type": "Point"
      },
      "properties": {
        "charger_bus_voltage_v": 650.0,
        "charger_contact_count": 8,
        "charger_efficiency": 0.98,
        "charger_max_current_a": 3300.0,
        "charger_max_kw": 2000.0,
        "grid_export_kw": 3200.0,
        "grid_import_kw": 3200.0,
        "line": "line-53",
        "pv_nameplate_kw": 300.0,
        "station": "line-53-0855-0834-s011884",
        "storage_capacity_kwh": 2000.0,
        "storage_initial_soc": 0.6,
        "storage_max_charge_kw": 2000.0,
        "storage_max_discharge_kw": 2000.0,
        "storage_module_kwh": 500.0,
        "tier": "terminal"
      },
      "type": "Feature"
    },
    {
      "geometry": {
        "coordinates": [
          44.54350956133641,
          33.362415865817226
        ],
        "type": "Point"
      },
      "properties": {
        "charger_bus_voltage_v": 650.0,
        "charger_contact_count": 8,
        "charger_efficiency": 0.98,
        "charger_max_current_a": 3300.0,
        "charger_max_kw": 2000.0,
        "grid_export_kw": 3200.0,
        "grid_import_kw": 3200.0,
        "line": "line-54",
        "pv_nameplate_kw": 300.0,
        "station": "line-54-0764-1598-s000000",
        "storage_capacity_kwh": 2000.0,
        "storage_initial_soc": 0.6,
        "storage_max_charge_kw": 2000.0,
        "storage_max_discharge_kw": 2000.0,
        "storage_module_kwh": 500.0,
        "tier": "terminal"
      },
      "type": "Feature"
    },
    {
      "geometry": {
        "coordinates": [
          44.53018607506624,
          33.362415865817226
        ],
        "type": "Point"
      },
      "properties": {
        "charger_bus_voltage_v": 650.0,
        "charger_contact_count": 8,
        "charger_efficiency": 0.98,
        "charger_max_current_a": 3300.0,
        "charger_max_kw": 2000.0,
        "grid_export_kw": 2000.0,
        "grid_import_kw": 2000.0,
        "line": "line-54",
        "pv_nameplate_kw": 300.0,
        "station": "line-54-0764-1536-s001617",
        "storage_capacity_kwh": 2000.0,
        "storage_initial_soc": 0.5,
        "storage_max_charge_kw": 2000.0,
        "storage_max_discharge_kw": 2000.0,
        "storage_module_kwh": 500.0,
        "tier": "standard"
      },
      "type": "Feature"
    },
    {
      "geometry": {
        "coordinates": [
          44.51578811409687,
          33.344959147680235
        ],
        "type": "Point"
      },
      "properties": {
        "charger_bus_voltage_v": 650.0,
        "charger_contact_count": 8,
        "charger_efficiency": 0.98,
        "charger_max_current_a": 3300.0,
        "charger_max_kw": 2000.0,
        "grid_export_kw": 2400.0,
        "grid_import_kw": 2400.0,
        "line": "line-54",
        "pv_nameplate_kw": 300.0,
        "station": "line-54-0861-1469-s004112",
        "storage_capacity_kwh": 2000.0,
        "storage_initial_soc": 0.5,
        "storage_max_charge_kw": 2000.0,
        "storage_max_discharge_kw": 2000.0,
        "storage_module_kwh": 500.0,
        "tier": "interchange"
      },
      "type": "Feature"
    },
    {
      "geometry": {
        "coordinates": [
          44.515143429277344,
          33.3318216175359
        ],
        "type": "Point"
      },
      "properties": {
        "charger_bus_voltage_v": 650.0,
        "charger_contact_count": 8,
        "charger_efficiency": 0.98,
        "charger_max_current_a": 3300.0,
        "charger_max_kw": 2000.0,
        "grid_export_kw": 2400.0,
        "grid_import_kw": 2400.0,
        "line": "line-54",
        "pv_nameplate_kw": 300.0,
        "station": "line-54-0934-1466-s005597",
        "storage_capacity_kwh": 2000.0,
        "storage_initial_soc": 0.5,
        "storage_max_charge_kw": 2000.0,
        "storage_max_discharge_kw": 2000.0,
        "storage_module_kwh": 500.0,
        "tier": "major"
      },
      "type": "Feature"
    },
    {
      "geometry": {
        "coordinates": [
          44.515143429277344,
          33.31382500089983
        ],
        "type": "Point"
      },
      "properties": {
        "charger_bus_voltage_v": 650.0,
        "charger_contact_count": 8,
        "charger_efficiency": 0.98,
        "charger_max_current_a": 3300.0,
        "charger_max_kw": 2000.0,
        "grid_export_kw": 2400.0,
        "grid_import_kw": 2400.0,
        "line": "line-54",
        "pv_nameplate_kw": 300.0,
        "station": "line-54-1034-1466-s007597",
        "storage_capacity_kwh": 2000.0,
        "storage_initial_soc": 0.5,
        "storage_max_charge_kw": 2000.0,
        "storage_max_discharge_kw": 2000.0,
        "storage_module_kwh": 500.0,
        "tier": "interchange"
      },
      "type": "Feature"
    },
    {
      "geometry": {
        "coordinates": [
          44.514498744457825,
          33.31328510240075
        ],
        "type": "Point"
      },
      "properties": {
        "charger_bus_voltage_v": 650.0,
        "charger_contact_count": 8,
        "charger_efficiency": 0.98,
        "charger_max_current_a": 3300.0,
        "charger_max_kw": 2000.0,
        "grid_export_kw": 2400.0,
        "grid_import_kw": 2400.0,
        "line": "line-54",
        "pv_nameplate_kw": 300.0,
        "station": "line-54-1037-1463-s007682",
        "storage_capacity_kwh": 2000.0,
        "storage_initial_soc": 0.5,
        "storage_max_charge_kw": 2000.0,
        "storage_max_discharge_kw": 2000.0,
        "storage_module_kwh": 500.0,
        "tier": "interchange"
      },
      "type": "Feature"
    },
    {
      "geometry": {
        "coordinates": [
          44.50332420758607,
          33.30284706475182
        ],
        "type": "Point"
      },
      "properties": {
        "charger_bus_voltage_v": 650.0,
        "charger_contact_count": 8,
        "charger_efficiency": 0.98,
        "charger_max_current_a": 3300.0,
        "charger_max_kw": 2000.0,
        "grid_export_kw": 3200.0,
        "grid_import_kw": 3200.0,
        "line": "line-54",
        "pv_nameplate_kw": 300.0,
        "station": "line-54-1095-1411-s009273",
        "storage_capacity_kwh": 2000.0,
        "storage_initial_soc": 0.6,
        "storage_max_charge_kw": 2000.0,
        "storage_max_discharge_kw": 2000.0,
        "storage_module_kwh": 500.0,
        "tier": "terminal"
      },
      "type": "Feature"
    },
    {
      "geometry": {
        "coordinates": [
          44.254046077370106,
          33.08202857862722
        ],
        "type": "Point"
      },
      "properties": {
        "charger_bus_voltage_v": 650.0,
        "charger_contact_count": 8,
        "charger_efficiency": 0.98,
        "charger_max_current_a": 3300.0,
        "charger_max_kw": 2000.0,
        "grid_export_kw": 3200.0,
        "grid_import_kw": 3200.0,
        "line": "line-6",
        "pv_nameplate_kw": 300.0,
        "station": "line-6-2322-0251-s000000",
        "storage_capacity_kwh": 2000.0,
        "storage_initial_soc": 0.6,
        "storage_max_charge_kw": 2000.0,
        "storage_max_discharge_kw": 2000.0,
        "storage_module_kwh": 500.0,
        "tier": "terminal"
      },
      "type": "Feature"
    },
    {
      "geometry": {
        "coordinates": [
          44.358914808012685,
          33.18118993629198
        ],
        "type": "Point"
      },
      "properties": {
        "charger_bus_voltage_v": 650.0,
        "charger_contact_count": 8,
        "charger_efficiency": 0.98,
        "charger_max_current_a": 3300.0,
        "charger_max_kw": 2000.0,
        "grid_export_kw": 2000.0,
        "grid_import_kw": 2000.0,
        "line": "line-6",
        "pv_nameplate_kw": 300.0,
        "station": "line-6-1771-0739-s015199",
        "storage_capacity_kwh": 2000.0,
        "storage_initial_soc": 0.5,
        "storage_max_charge_kw": 2000.0,
        "storage_max_discharge_kw": 2000.0,
        "storage_module_kwh": 500.0,
        "tier": "standard"
      },
      "type": "Feature"
    },
    {
      "geometry": {
        "coordinates": [
          44.365361656207924,
          33.19342763560451
        ],
        "type": "Point"
      },
      "properties": {
        "charger_bus_voltage_v": 650.0,
        "charger_contact_count": 8,
        "charger_efficiency": 0.98,
        "charger_max_current_a": 3300.0,
        "charger_max_kw": 2000.0,
        "grid_export_kw": 2000.0,
        "grid_import_kw": 2000.0,
        "line": "line-6",
        "pv_nameplate_kw": 300.0,
        "station": "line-6-1703-0769-s016808",
        "storage_capacity_kwh": 2000.0,
        "storage_initial_soc": 0.5,
        "storage_max_charge_kw": 2000.0,
        "storage_max_discharge_kw": 2000.0,
        "storage_module_kwh": 500.0,
        "tier": "standard"
      },
      "type": "Feature"
    },
    {
      "geometry": {
        "coordinates": [
          44.37567661332031,
          33.20602526724976
        ],
        "type": "Point"
      },
      "properties": {
        "charger_bus_voltage_v": 650.0,
        "charger_contact_count": 8,
        "charger_efficiency": 0.98,
        "charger_max_current_a": 3300.0,
        "charger_max_kw": 2000.0,
        "grid_export_kw": 2400.0,
        "grid_import_kw": 2400.0,
        "line": "line-6",
        "pv_nameplate_kw": 300.0,
        "station": "line-6-1633-0817-s018903",
        "storage_capacity_kwh": 2000.0,
        "storage_initial_soc": 0.5,
        "storage_max_charge_kw": 2000.0,
        "storage_max_discharge_kw": 2000.0,
        "storage_module_kwh": 500.0,
        "tier": "interchange"
      },
      "type": "Feature"
    },
    {
      "geometry": {
        "coordinates": [
          44.38233835645539,
          33.215563474066876
        ],
        "type": "Point"
      },
      "properties": {
        "charger_bus_voltage_v": 650.0,
        "charger_contact_count": 8,
        "charger_efficiency": 0.98,
        "charger_max_current_a": 3300.0,
        "charger_max_kw": 2000.0,
        "grid_export_kw": 2400.0,
        "grid_import_kw": 2400.0,
        "line": "line-6",
        "pv_nameplate_kw": 300.0,
        "station": "line-6-1580-0848-s020342",
        "storage_capacity_kwh": 2000.0,
        "storage_initial_soc": 0.5,
        "storage_max_charge_kw": 2000.0,
        "storage_max_discharge_kw": 2000.0,
        "storage_module_kwh": 500.0,
        "tier": "interchange"
      },
      "type": "Feature"
    },
    {
      "geometry": {
        "coordinates": [
          44.38663625525222,
          33.223302019220384
        ],
        "type": "Point"
      },
      "properties": {
        "charger_bus_voltage_v": 650.0,
        "charger_contact_count": 8,
        "charger_efficiency": 0.98,
        "charger_max_current_a": 3300.0,
        "charger_max_kw": 2000.0,
        "grid_export_kw": 2400.0,
        "grid_import_kw": 2400.0,
        "line": "line-6",
        "pv_nameplate_kw": 300.0,
        "station": "line-6-1537-0868-s021495",
        "storage_capacity_kwh": 2000.0,
        "storage_initial_soc": 0.5,
        "storage_max_charge_kw": 2000.0,
        "storage_max_discharge_kw": 2000.0,
        "storage_module_kwh": 500.0,
        "tier": "interchange"
      },
      "type": "Feature"
    },
    {
      "geometry": {
        "coordinates": [
          44.39007457428968,
          33.2269013425476
        ],
        "type": "Point"
      },
      "properties": {
        "charger_bus_voltage_v": 650.0,
        "charger_contact_count": 8,
        "charger_efficiency": 0.98,
        "charger_max_current_a": 3300.0,
        "charger_max_kw": 2000.0,
        "grid_export_kw": 2400.0,
        "grid_import_kw": 2400.0,
        "line": "line-6",
        "pv_nameplate_kw": 300.0,
        "station": "line-6-1517-0884-s022097",
        "storage_capacity_kwh": 2000.0,
        "storage_initial_soc": 0.5,
        "storage_max_charge_kw": 2000.0,
        "storage_max_discharge_kw": 2000.0,
        "storage_module_kwh": 500.0,
        "tier": "interchange"
      },
      "type": "Feature"
    },
    {
      "geometry": {
        "coordinates": [
          44.39974484658254,
          33.237699312529244
        ],
        "type": "Point"
      },
      "properties": {
        "charger_bus_voltage_v": 650.0,
        "charger_contact_count": 8,
        "charger_efficiency": 0.98,
        "charger_max_current_a": 3300.0,
        "charger_max_kw": 2000.0,
        "grid_export_kw": 2400.0,
        "grid_import_kw": 2400.0,
        "line": "line-6",
        "pv_nameplate_kw": 300.0,
        "station": "line-6-1457-0929-s023846",
        "storage_capacity_kwh": 2000.0,
        "storage_initial_soc": 0.5,
        "storage_max_charge_kw": 2000.0,
        "storage_max_discharge_kw": 2000.0,
        "storage_module_kwh": 500.0,
        "tier": "interchange"
      },
      "type": "Feature"
    },
    {
      "geometry": {
        "coordinates": [
          44.413498122732385,
          33.253356369002624
        ],
        "type": "Point"
      },
      "properties": {
        "charger_bus_voltage_v": 650.0,
        "charger_contact_count": 8,
        "charger_efficiency": 0.98,
        "charger_max_current_a": 3300.0,
        "charger_max_kw": 2000.0,
        "grid_export_kw": 2400.0,
        "grid_import_kw": 2400.0,
        "line": "line-6",
        "pv_nameplate_kw": 300.0,
        "station": "line-6-1370-0993-s026315",
        "storage_capacity_kwh": 2000.0,
        "storage_initial_soc": 0.5,
        "storage_max_charge_kw": 2000.0,
        "storage_max_discharge_kw": 2000.0,
        "storage_module_kwh": 500.0,
        "tier": "interchange"
      },
      "type": "Feature"
    },
    {
      "geometry": {
        "coordinates": [
          44.42381307984477,
          33.26487420364971
        ],
        "type": "Point"
      },
      "properties": {
        "charger_bus_voltage_v": 650.0,
        "charger_contact_count": 8,
        "charger_efficiency": 0.98,
        "charger_max_current_a": 3300.0,
        "charger_max_kw": 2000.0,
        "grid_export_kw": 2400.0,
        "grid_import_kw": 2400.0,
        "line": "line-6",
        "pv_nameplate_kw": 300.0,
        "station": "line-6-1306-1041-s027993",
        "storage_capacity_kwh": 2000.0,
        "storage_initial_soc": 0.5,
        "storage_max_charge_kw": 2000.0,
        "storage_max_discharge_kw": 2000.0,
        "storage_module_kwh": 500.0,
        "tier": "major"
      },
      "type": "Feature"
    },
    {
      "geometry": {
        "coordinates": [
          44.437351461054774,
          33.27999136162401
        ],
        "type": "Point"
      },
      "properties": {
        "charger_bus_voltage_v": 650.0,
        "charger_contact_count": 8,
        "charger_efficiency": 0.98,
        "charger_max_current_a": 3300.0,
        "charger_max_kw": 2000.0,
        "grid_export_kw": 2400.0,
        "grid_import_kw": 2400.0,
        "line": "line-6",
        "pv_nameplate_kw": 300.0,
        "station": "line-6-1222-1104-s030195",
        "storage_capacity_kwh": 2000.0,
        "storage_initial_soc": 0.5,
        "storage_max_charge_kw": 2000.0,
        "storage_max_discharge_kw": 2000.0,
        "storage_module_kwh": 500.0,
        "tier": "interchange"
      },
      "type": "Feature"
    },
    {
      "geometry": {
        "coordinates": [
          44.443153624430494,
          33.286470143613
        ],
        "type": "Point"
      },
      "properties": {
        "charger_bus_voltage_v": 650.0,
        "charger_contact_count": 8,
        "charger_efficiency": 0.98,
        "charger_max_current_a": 3300.0,
        "charger_max_kw": 2000.0,
        "grid_export_kw": 2400.0,
        "grid_import_kw": 2400.0,
        "line": "line-6",
        "pv_nameplate_kw": 300.0,
        "station": "line-6-1186-1131-s031139",
        "storage_capacity_kwh": 2000.0,
        "storage_initial_soc": 0.5,
        "storage_max_charge_kw": 2000.0,
        "storage_max_discharge_kw": 2000.0,
        "storage_module_kwh": 500.0,
        "tier": "interchange"
      },
      "type": "Feature"
    },
    {
      "geometry": {
        "coordinates": [
          44.44745152322732,
          33.29114926393838
        ],
        "type": "Point"
      },
      "properties": {
        "charger_bus_voltage_v": 650.0,
        "charger_contact_count": 8,
        "charger_efficiency": 0.98,
        "charger_max_current_a": 3300.0,
        "charger_max_kw": 2000.0,
        "grid_export_kw": 2400.0,
        "grid_import_kw": 2400.0,
        "line": "line-6",
        "pv_nameplate_kw": 300.0,
        "station": "line-6-1160-1151-s031824",
        "storage_capacity_kwh": 2000.0,
        "storage_initial_soc": 0.5,
        "storage_max_charge_kw": 2000.0,
        "storage_max_discharge_kw": 2000.0,
        "storage_module_kwh": 500.0,
        "tier": "interchange"
      },
      "type": "Feature"
    },
    {
      "geometry": {
        "coordinates": [
          44.457981375279545,
          33.30320699708455
        ],
        "type": "Point"
      },
      "properties": {
        "charger_bus_voltage_v": 650.0,
        "charger_contact_count": 8,
        "charger_efficiency": 0.98,
        "charger_max_current_a": 3300.0,
        "charger_max_kw": 2000.0,
        "grid_export_kw": 2400.0,
        "grid_import_kw": 2400.0,
        "line": "line-6",
        "pv_nameplate_kw": 300.0,
        "station": "line-6-1093-1200-s033758",
        "storage_capacity_kwh": 2000.0,
        "storage_initial_soc": 0.5,
        "storage_max_charge_kw": 2000.0,
        "storage_max_discharge_kw": 2000.0,
        "storage_module_kwh": 500.0,
        "tier": "interchange"
      },
      "type": "Feature"
    },
    {
      "geometry": {
        "coordinates": [
          44.47560276034654,
          33.3226433430515
        ],
        "type": "Point"
      },
      "properties": {
        "charger_bus_voltage_v": 650.0,
        "charger_contact_count": 8,
        "charger_efficiency": 0.98,
        "charger_max_current_a": 3300.0,
        "charger_max_kw": 2000.0,
        "grid_export_kw": 2400.0,
        "grid_import_kw": 2400.0,
        "line": "line-6",
        "pv_nameplate_kw": 300.0,
        "station": "line-6-0985-1282-s036755",
        "storage_capacity_kwh": 2000.0,
        "storage_initial_soc": 0.5,
        "storage_max_charge_kw": 2000.0,
        "storage_max_discharge_kw": 2000.0,
        "storage_module_kwh": 500.0,
        "tier": "interchange"
      },
      "type": "Feature"
    },
    {
      "geometry": {
        "coordinates": [
          44.48376876806051,
          33.332001583702265
        ],
        "type": "Point"
      },
      "properties": {
        "charger_bus_voltage_v": 650.0,
        "charger_contact_count": 8,
        "charger_efficiency": 0.98,
        "charger_max_current_a": 3300.0,
        "charger_max_kw": 2000.0,
        "grid_export_kw": 2400.0,
        "grid_import_kw": 2400.0,
        "line": "line-6",
        "pv_nameplate_kw": 300.0,
        "station": "line-6-0933-1320-s038104",
        "storage_capacity_kwh": 2000.0,
        "storage_initial_soc": 0.5,
        "storage_max_charge_kw": 2000.0,
        "storage_max_discharge_kw": 2000.0,
        "storage_module_kwh": 500.0,
        "tier": "interchange"
      },
      "type": "Feature"
    },
    {
      "geometry": {
        "coordinates": [
          44.49064540613543,
          33.339560162689416
        ],
        "type": "Point"
      },
      "properties": {
        "charger_bus_voltage_v": 650.0,
        "charger_contact_count": 8,
        "charger_efficiency": 0.98,
        "charger_max_current_a": 3300.0,
        "charger_max_kw": 2000.0,
        "grid_export_kw": 2400.0,
        "grid_import_kw": 2400.0,
        "line": "line-6",
        "pv_nameplate_kw": 300.0,
        "station": "line-6-0891-1352-s039209",
        "storage_capacity_kwh": 2000.0,
        "storage_initial_soc": 0.5,
        "storage_max_charge_kw": 2000.0,
        "storage_max_discharge_kw": 2000.0,
        "storage_module_kwh": 500.0,
        "tier": "interchange"
      },
      "type": "Feature"
    },
    {
      "geometry": {
        "coordinates": [
          44.497736939150194,
          33.347658640175645
        ],
        "type": "Point"
      },
      "properties": {
        "charger_bus_voltage_v": 650.0,
        "charger_contact_count": 8,
        "charger_efficiency": 0.98,
        "charger_max_current_a": 3300.0,
        "charger_max_kw": 2000.0,
        "grid_export_kw": 2400.0,
        "grid_import_kw": 2400.0,
        "line": "line-6",
        "pv_nameplate_kw": 300.0,
        "station": "line-6-0846-1385-s040383",
        "storage_capacity_kwh": 2000.0,
        "storage_initial_soc": 0.5,
        "storage_max_charge_kw": 2000.0,
        "storage_max_discharge_kw": 2000.0,
        "storage_module_kwh": 500.0,
        "tier": "interchange"
      },
      "type": "Feature"
    },
    {
      "geometry": {
        "coordinates": [
          44.51106042542036,
          33.362415865817226
        ],
        "type": "Point"
      },
      "properties": {
        "charger_bus_voltage_v": 650.0,
        "charger_contact_count": 8,
        "charger_efficiency": 0.98,
        "charger_max_current_a": 3300.0,
        "charger_max_kw": 2000.0,
        "grid_export_kw": 2400.0,
        "grid_import_kw": 2400.0,
        "line": "line-6",
        "pv_nameplate_kw": 300.0,
        "station": "line-6-0764-1447-s042688",
        "storage_capacity_kwh": 2000.0,
        "storage_initial_soc": 0.5,
        "storage_max_charge_kw": 2000.0,
        "storage_max_discharge_kw": 2000.0,
        "storage_module_kwh": 500.0,
        "tier": "interchange"
      },
      "type": "Feature"
    },
    {
      "geometry": {
        "coordinates": [
          44.518366853374964,
          33.37051434330346
        ],
        "type": "Point"
      },
      "properties": {
        "charger_bus_voltage_v": 650.0,
        "charger_contact_count": 8,
        "charger_efficiency": 0.98,
        "charger_max_current_a": 3300.0,
        "charger_max_kw": 2000.0,
        "grid_export_kw": 2400.0,
        "grid_import_kw": 2400.0,
        "line": "line-6",
        "pv_nameplate_kw": 300.0,
        "station": "line-6-0719-1481-s043999",
        "storage_capacity_kwh": 2000.0,
        "storage_initial_soc": 0.5,
        "storage_max_charge_kw": 2000.0,
        "storage_max_discharge_kw": 2000.0,
        "storage_module_kwh": 500.0,
        "tier": "interchange"
      },
      "type": "Feature"
    },
    {
      "geometry": {
        "coordinates": [
          44.52717754590846,
          33.3804124824533
        ],
        "type": "Point"
      },
      "properties": {
        "charger_bus_voltage_v": 650.0,
        "charger_contact_count": 8,
        "charger_efficiency": 0.98,
        "charger_max_current_a": 3300.0,
        "charger_max_kw": 2000.0,
        "grid_export_kw": 2000.0,
        "grid_import_kw": 2000.0,
        "line": "line-6",
        "pv_nameplate_kw": 300.0,
        "station": "line-6-0664-1522-s045603",
        "storage_capacity_kwh": 2000.0,
        "storage_initial_soc": 0.5,
        "storage_max_charge_kw": 2000.0,
        "storage_max_discharge_kw": 2000.0,
        "storage_module_kwh": 500.0,
        "tier": "standard"
      },
      "type": "Feature"
    },
    {
      "geometry": {
        "coordinates": [
          44.54544361579497,
          33.38347190728143
        ],
        "type": "Point"
      },
      "properties": {
        "charger_bus_voltage_v": 650.0,
        "charger_contact_count": 8,
        "charger_efficiency": 0.98,
        "charger_max_current_a": 3300.0,
        "charger_max_kw": 2000.0,
        "grid_export_kw": 2400.0,
        "grid_import_kw": 2400.0,
        "line": "line-6",
        "pv_nameplate_kw": 300.0,
        "station": "line-6-0647-1607-s047565",
        "storage_capacity_kwh": 2000.0,
        "storage_initial_soc": 0.5,
        "storage_max_charge_kw": 2000.0,
        "storage_max_discharge_kw": 2000.0,
        "storage_module_kwh": 500.0,
        "tier": "interchange"
      },
      "type": "Feature"
    },
    {
      "geometry": {
        "coordinates": [
          44.5523202538699,
          33.38977072310406
        ],
        "type": "Point"
      },
      "properties": {
        "charger_bus_voltage_v": 650.0,
        "charger_contact_count": 8,
        "charger_efficiency": 0.98,
        "charger_max_current_a": 3300.0,
        "charger_max_kw": 2000.0,
        "grid_export_kw": 2000.0,
        "grid_import_kw": 2000.0,
        "line": "line-6",
        "pv_nameplate_kw": 300.0,
        "station": "line-6-0612-1639-s048793",
        "storage_capacity_kwh": 2000.0,
        "storage_initial_soc": 0.5,
        "storage_max_charge_kw": 2000.0,
        "storage_max_discharge_kw": 2000.0,
        "storage_module_kwh": 500.0,
        "tier": "standard"
      },
      "type": "Feature"
    },
    {
      "geometry": {
        "coordinates": [
          44.55876710206514,
          33.41082676456826
        ],
        "type": "Point"
      },
      "properties": {
        "charger_bus_voltage_v": 650.0,
        "charger_contact_count": 8,
        "charger_efficiency": 0.98,
        "charger_max_current_a": 3300.0,
        "charger_max_kw": 2000.0,
        "grid_export_kw": 3200.0,
        "grid_import_kw": 3200.0,
        "line": "line-6",
        "pv_nameplate_kw": 300.0,
        "station": "line-6-0495-1669-s052503",
        "storage_capacity_kwh": 2000.0,
        "storage_initial_soc": 0.6,
        "storage_max_charge_kw": 2000.0,
        "storage_max_discharge_kw": 2000.0,
        "storage_module_kwh": 500.0,
        "tier": "terminal"
      },
      "type": "Feature"
    },
    {
      "geometry": {
        "coordinates": [
          44.67416568475995,
          33.30752618507721
        ],
        "type": "Point"
      },
      "properties": {
        "charger_bus_voltage_v": 650.0,
        "charger_contact_count": 8,
        "charger_efficiency": 0.98,
        "charger_max_current_a": 3300.0,
        "charger_max_kw": 2000.0,
        "grid_export_kw": 3200.0,
        "grid_import_kw": 3200.0,
        "line": "line-7",
        "pv_nameplate_kw": 300.0,
        "station": "line-7-1069-2206-s000000",
        "storage_capacity_kwh": 2000.0,
        "storage_initial_soc": 0.6,
        "storage_max_charge_kw": 2000.0,
        "storage_max_discharge_kw": 2000.0,
        "storage_module_kwh": 500.0,
        "tier": "terminal"
      },
      "type": "Feature"
    },
    {
      "geometry": {
        "coordinates": [
          44.5486670398926,
          33.28665010977936
        ],
        "type": "Point"
      },
      "properties": {
        "charger_bus_voltage_v": 650.0,
        "charger_contact_count": 8,
        "charger_efficiency": 0.98,
        "charger_max_current_a": 3300.0,
        "charger_max_kw": 2000.0,
        "grid_export_kw": 2400.0,
        "grid_import_kw": 2400.0,
        "line": "line-7",
        "pv_nameplate_kw": 300.0,
        "station": "line-7-1185-1622-s012693",
        "storage_capacity_kwh": 2000.0,
        "storage_initial_soc": 0.5,
        "storage_max_charge_kw": 2000.0,
        "storage_max_discharge_kw": 2000.0,
        "storage_module_kwh": 500.0,
        "tier": "interchange"
      },
      "type": "Feature"
    },
    {
      "geometry": {
        "coordinates": [
          44.53169033964513,
          33.2823309217867
        ],
        "type": "Point"
      },
      "properties": {
        "charger_bus_voltage_v": 650.0,
        "charger_contact_count": 8,
        "charger_efficiency": 0.98,
        "charger_max_current_a": 3300.0,
        "charger_max_kw": 2000.0,
        "grid_export_kw": 2400.0,
        "grid_import_kw": 2400.0,
        "line": "line-7",
        "pv_nameplate_kw": 300.0,
        "station": "line-7-1209-1543-s014684",
        "storage_capacity_kwh": 2000.0,
        "storage_initial_soc": 0.5,
        "storage_max_charge_kw": 2000.0,
        "storage_max_discharge_kw": 2000.0,
        "storage_module_kwh": 500.0,
        "tier": "interchange"
      },
      "type": "Feature"
    },
    {
      "geometry": {
        "coordinates": [
          44.511920005179725,
          33.27657200446316
        ],
        "type": "Point"
      },
      "properties": {
        "charger_bus_voltage_v": 650.0,
        "charger_contact_count": 8,
        "charger_efficiency": 0.98,
        "charger_max_current_a": 3300.0,
        "charger_max_kw": 2000.0,
        "grid_export_kw": 2000.0,
        "grid_import_kw": 2000.0,
        "line": "line-7",
        "pv_nameplate_kw": 300.0,
        "station": "line-7-1241-1451-s016801",
        "storage_capacity_kwh": 2000.0,
        "storage_initial_soc": 0.5,
        "storage_max_charge_kw": 2000.0,
        "storage_max_discharge_kw": 2000.0,
        "storage_module_kwh": 500.0,
        "tier": "standard"
      },
      "type": "Feature"
    },
    {
      "geometry": {
        "coordinates": [
          44.492794355533846,
          33.271892884137785
        ],
        "type": "Point"
      },
      "properties": {
        "charger_bus_voltage_v": 650.0,
        "charger_contact_count": 8,
        "charger_efficiency": 0.98,
        "charger_max_current_a": 3300.0,
        "charger_max_kw": 2000.0,
        "grid_export_kw": 2400.0,
        "grid_import_kw": 2400.0,
        "line": "line-7",
        "pv_nameplate_kw": 300.0,
        "station": "line-7-1267-1362-s018796",
        "storage_capacity_kwh": 2000.0,
        "storage_initial_soc": 0.5,
        "storage_max_charge_kw": 2000.0,
        "storage_max_discharge_kw": 2000.0,
        "storage_module_kwh": 500.0,
        "tier": "interchange"
      },
      "type": "Feature"
    },
    {
      "geometry": {
        "coordinates": [
          44.49086030107527,
          33.271532951805064
        ],
        "type": "Point"
      },
      "properties": {
        "charger_bus_voltage_v": 650.0,
        "charger_contact_count": 8,
        "charger_efficiency": 0.98,
        "charger_max_current_a": 3300.0,
        "charger_max_kw": 2000.0,
        "grid_export_kw": 2400.0,
        "grid_import_kw": 2400.0,
        "line": "line-7",
        "pv_nameplate_kw": 300.0,
        "station": "line-7-1269-1353-s018993",
        "storage_capacity_kwh": 2000.0,
        "storage_initial_soc": 0.5,
        "storage_max_charge_kw": 2000.0,
        "storage_max_discharge_kw": 2000.0,
        "storage_module_kwh": 500.0,
        "tier": "interchange"
      },
      "type": "Feature"
    },
    {
      "geometry": {
        "coordinates": [
          44.481190028782414,
          33.26919339164237
        ],
        "type": "Point"
      },
      "properties": {
        "charger_bus_voltage_v": 650.0,
        "charger_contact_count": 8,
        "charger_efficiency": 0.98,
        "charger_max_current_a": 3300.0,
        "charger_max_kw": 2000.0,
        "grid_export_kw": 2400.0,
        "grid_import_kw": 2400.0,
        "line": "line-7",
        "pv_nameplate_kw": 300.0,
        "station": "line-7-1282-1308-s020012",
        "storage_capacity_kwh": 2000.0,
        "storage_initial_soc": 0.5,
        "storage_max_charge_kw": 2000.0,
        "storage_max_discharge_kw": 2000.0,
        "storage_module_kwh": 500.0,
        "tier": "interchange"
      },
      "type": "Feature"
    },
    {
      "geometry": {
        "coordinates": [
          44.46980059697082,
          33.26667386531332
        ],
        "type": "Point"
      },
      "properties": {
        "charger_bus_voltage_v": 650.0,
        "charger_contact_count": 8,
        "charger_efficiency": 0.98,
        "charger_max_current_a": 3300.0,
        "charger_max_kw": 2000.0,
        "grid_export_kw": 2400.0,
        "grid_import_kw": 2400.0,
        "line": "line-7",
        "pv_nameplate_kw": 300.0,
        "station": "line-7-1296-1255-s021200",
        "storage_capacity_kwh": 2000.0,
        "storage_initial_soc": 0.5,
        "storage_max_charge_kw": 2000.0,
        "storage_max_discharge_kw": 2000.0,
        "storage_module_kwh": 500.0,
        "tier": "interchange"
      },
      "type": "Feature"
    },
    {
      "geometry": {
        "coordinates": [
          44.461634589256846,
          33.264694237483354
        ],
        "type": "Point"
      },
      "properties": {
        "charger_bus_voltage_v": 650.0,
        "charger_contact_count": 8,
        "charger_efficiency": 0.98,
        "charger_max_current_a": 3300.0,
        "charger_max_kw": 2000.0,
        "grid_export_kw": 2400.0,
        "grid_import_kw": 2400.0,
        "line": "line-7",
        "pv_nameplate_kw": 300.0,
        "station": "line-7-1307-1217-s022051",
        "storage_capacity_kwh": 2000.0,
        "storage_initial_soc": 0.5,
        "storage_max_charge_kw": 2000.0,
        "storage_max_discharge_kw": 2000.0,
        "storage_module_kwh": 500.0,
        "tier": "interchange"
      },
      "type": "Feature"
    },
    {
      "geometry": {
        "coordinates": [
          44.436706776235255,
          33.25875535399345
        ],
        "type": "Point"
      },
      "properties": {
        "charger_bus_voltage_v": 650.0,
        "charger_contact_count": 8,
        "charger_efficiency": 0.98,
        "charger_max_current_a": 3300.0,
        "charger_max_kw": 2000.0,
        "grid_export_kw": 2400.0,
        "grid_import_kw": 2400.0,
        "line": "line-7",
        "pv_nameplate_kw": 300.0,
        "station": "line-7-1340-1101-s024656",
        "storage_capacity_kwh": 2000.0,
        "storage_initial_soc": 0.5,
        "storage_max_charge_kw": 2000.0,
        "storage_max_discharge_kw": 2000.0,
        "storage_module_kwh": 500.0,
        "tier": "interchange"
      },
      "type": "Feature"
    },
    {
      "geometry": {
        "coordinates": [
          44.413498122732385,
          33.253356369002624
        ],
        "type": "Point"
      },
      "properties": {
        "charger_bus_voltage_v": 650.0,
        "charger_contact_count": 8,
        "charger_efficiency": 0.98,
        "charger_max_current_a": 3300.0,
        "charger_max_kw": 2000.0,
        "grid_export_kw": 2400.0,
        "grid_import_kw": 2400.0,
        "line": "line-7",
        "pv_nameplate_kw": 300.0,
        "station": "line-7-1370-0993-s027076",
        "storage_capacity_kwh": 2000.0,
        "storage_initial_soc": 0.5,
        "storage_max_charge_kw": 2000.0,
        "storage_max_discharge_kw": 2000.0,
        "storage_module_kwh": 500.0,
        "tier": "interchange"
      },
      "type": "Feature"
    },
    {
      "geometry": {
        "coordinates": [
          44.38921499453031,
          33.247597451679084
        ],
        "type": "Point"
      },
      "properties": {
        "charger_bus_voltage_v": 650.0,
        "charger_contact_count": 8,
        "charger_efficiency": 0.98,
        "charger_max_current_a": 3300.0,
        "charger_max_kw": 2000.0,
        "grid_export_kw": 2400.0,
        "grid_import_kw": 2400.0,
        "line": "line-7",
        "pv_nameplate_kw": 300.0,
        "station": "line-7-1402-0880-s029602",
        "storage_capacity_kwh": 2000.0,
        "storage_initial_soc": 0.5,
        "storage_max_charge_kw": 2000.0,
        "storage_max_discharge_kw": 2000.0,
        "storage_module_kwh": 500.0,
        "tier": "interchange"
      },
      "type": "Feature"
    },
    {
      "geometry": {
        "coordinates": [
          44.37675108801952,
          33.24471799301731
        ],
        "type": "Point"
      },
      "properties": {
        "charger_bus_voltage_v": 650.0,
        "charger_contact_count": 8,
        "charger_efficiency": 0.98,
        "charger_max_current_a": 3300.0,
        "charger_max_kw": 2000.0,
        "grid_export_kw": 2400.0,
        "grid_import_kw": 2400.0,
        "line": "line-7",
        "pv_nameplate_kw": 300.0,
        "station": "line-7-1418-0822-s030917",
        "storage_capacity_kwh": 2000.0,
        "storage_initial_soc": 0.5,
        "storage_max_charge_kw": 2000.0,
        "storage_max_discharge_kw": 2000.0,
        "storage_module_kwh": 500.0,
        "tier": "interchange"
      },
      "type": "Feature"
    },
    {
      "geometry": {
        "coordinates": [
          44.35182327499792,
          33.23877910952741
        ],
        "type": "Point"
      },
      "properties": {
        "charger_bus_voltage_v": 650.0,
        "charger_contact_count": 8,
        "charger_efficiency": 0.98,
        "charger_max_current_a": 3300.0,
        "charger_max_kw": 2000.0,
        "grid_export_kw": 2400.0,
        "grid_import_kw": 2400.0,
        "line": "line-7",
        "pv_nameplate_kw": 300.0,
        "station": "line-7-1451-0706-s033517",
        "storage_capacity_kwh": 2000.0,
        "storage_initial_soc": 0.5,
        "storage_max_charge_kw": 2000.0,
        "storage_max_discharge_kw": 2000.0,
        "storage_module_kwh": 500.0,
        "tier": "interchange"
      },
      "type": "Feature"
    },
    {
      "geometry": {
        "coordinates": [
          44.33140825571299,
          33.23409998920203
        ],
        "type": "Point"
      },
      "properties": {
        "charger_bus_voltage_v": 650.0,
        "charger_contact_count": 8,
        "charger_efficiency": 0.98,
        "charger_max_current_a": 3300.0,
        "charger_max_kw": 2000.0,
        "grid_export_kw": 2400.0,
        "grid_import_kw": 2400.0,
        "line": "line-7",
        "pv_nameplate_kw": 300.0,
        "station": "line-7-1477-0611-s035650",
        "storage_capacity_kwh": 2000.0,
        "storage_initial_soc": 0.5,
        "storage_max_charge_kw": 2000.0,
        "storage_max_discharge_kw": 2000.0,
        "storage_module_kwh": 500.0,
        "tier": "interchange"
      },
      "type": "Feature"
    },
    {
      "geometry": {
        "coordinates": [
          44.32023371884124,
          33.23158046287298
        ],
        "type": "Point"
      },
      "properties": {
        "charger_bus_voltage_v": 650.0,
        "charger_contact_count": 8,
        "charger_efficiency": 0.98,
        "charger_max_current_a": 3300.0,
        "charger_max_kw": 2000.0,
        "grid_export_kw": 2400.0,
        "grid_import_kw": 2400.0,
        "line": "line-7",
        "pv_nameplate_kw": 300.0,
        "station": "line-7-1491-0559-s036806",
        "storage_capacity_kwh": 2000.0,
        "storage_initial_soc": 0.5,
        "storage_max_charge_kw": 2000.0,
        "storage_max_discharge_kw": 2000.0,
        "storage_module_kwh": 500.0,
        "tier": "interchange"
      },
      "type": "Feature"
    },
    {
      "geometry": {
        "coordinates": [
          44.28993353232361,
          33.22438181621855
        ],
        "type": "Point"
      },
      "properties": {
        "charger_bus_voltage_v": 650.0,
        "charger_contact_count": 8,
        "charger_efficiency": 0.98,
        "charger_max_current_a": 3300.0,
        "charger_max_kw": 2000.0,
        "grid_export_kw": 3200.0,
        "grid_import_kw": 3200.0,
        "line": "line-7",
        "pv_nameplate_kw": 300.0,
        "station": "line-7-1531-0418-s039957",
        "storage_capacity_kwh": 2000.0,
        "storage_initial_soc": 0.6,
        "storage_max_charge_kw": 2000.0,
        "storage_max_discharge_kw": 2000.0,
        "storage_module_kwh": 500.0,
        "tier": "terminal"
      },
      "type": "Feature"
    },
    {
      "geometry": {
        "coordinates": [
          44.583265125207056,
          33.098405499766045
        ],
        "type": "Point"
      },
      "properties": {
        "charger_bus_voltage_v": 650.0,
        "charger_contact_count": 8,
        "charger_efficiency": 0.98,
        "charger_max_current_a": 3300.0,
        "charger_max_kw": 2000.0,
        "grid_export_kw": 3200.0,
        "grid_import_kw": 3200.0,
        "line": "line-8",
        "pv_nameplate_kw": 300.0,
        "station": "line-8-2231-1783-s000000",
        "storage_capacity_kwh": 2000.0,
        "storage_initial_soc": 0.6,
        "storage_max_charge_kw": 2000.0,
        "storage_max_discharge_kw": 2000.0,
        "storage_module_kwh": 500.0,
        "tier": "terminal"
      },
      "type": "Feature"
    },
    {
      "geometry": {
        "coordinates": [
          44.46507290829431,
          33.184789259619194
        ],
        "type": "Point"
      },
      "properties": {
        "charger_bus_voltage_v": 650.0,
        "charger_contact_count": 8,
        "charger_efficiency": 0.98,
        "charger_max_current_a": 3300.0,
        "charger_max_kw": 2000.0,
        "grid_export_kw": 2400.0,
        "grid_import_kw": 2400.0,
        "line": "line-8",
        "pv_nameplate_kw": 300.0,
        "station": "line-8-1751-1233-s017689",
        "storage_capacity_kwh": 2000.0,
        "storage_initial_soc": 0.5,
        "storage_max_charge_kw": 2000.0,
        "storage_max_discharge_kw": 2000.0,
        "storage_module_kwh": 500.0,
        "tier": "interchange"
      },
      "type": "Feature"
    },
    {
      "geometry": {
        "coordinates": [
          44.435202511656364,
          33.203865673253425
        ],
        "type": "Point"
      },
      "properties": {
        "charger_bus_voltage_v": 650.0,
        "charger_contact_count": 8,
        "charger_efficiency": 0.98,
        "charger_max_current_a": 3300.0,
        "charger_max_kw": 2000.0,
        "grid_export_kw": 2400.0,
        "grid_import_kw": 2400.0,
        "line": "line-8",
        "pv_nameplate_kw": 300.0,
        "station": "line-8-1645-1094-s021347",
        "storage_capacity_kwh": 2000.0,
        "storage_initial_soc": 0.5,
        "storage_max_charge_kw": 2000.0,
        "storage_max_discharge_kw": 2000.0,
        "storage_module_kwh": 500.0,
        "tier": "interchange"
      },
      "type": "Feature"
    },
    {
      "geometry": {
        "coordinates": [
          44.4244577646643,
          33.21646330489868
        ],
        "type": "Point"
      },
      "properties": {
        "charger_bus_voltage_v": 650.0,
        "charger_contact_count": 8,
        "charger_efficiency": 0.98,
        "charger_max_current_a": 3300.0,
        "charger_max_kw": 2000.0,
        "grid_export_kw": 2000.0,
        "grid_import_kw": 2000.0,
        "line": "line-8",
        "pv_nameplate_kw": 300.0,
        "station": "line-8-1575-1044-s023197",
        "storage_capacity_kwh": 2000.0,
        "storage_initial_soc": 0.5,
        "storage_max_charge_kw": 2000.0,
        "storage_max_discharge_kw": 2000.0,
        "storage_module_kwh": 500.0,
        "tier": "standard"
      },
      "type": "Feature"
    },
    {
      "geometry": {
        "coordinates": [
          44.4130683328527,
          33.22564157938307
        ],
        "type": "Point"
      },
      "properties": {
        "charger_bus_voltage_v": 650.0,
        "charger_contact_count": 8,
        "charger_efficiency": 0.98,
        "charger_max_current_a": 3300.0,
        "charger_max_kw": 2000.0,
        "grid_export_kw": 2000.0,
        "grid_import_kw": 2000.0,
        "line": "line-8",
        "pv_nameplate_kw": 300.0,
        "station": "line-8-1524-0991-s024808",
        "storage_capacity_kwh": 2000.0,
        "storage_initial_soc": 0.5,
        "storage_max_charge_kw": 2000.0,
        "storage_max_discharge_kw": 2000.0,
        "storage_module_kwh": 500.0,
        "tier": "standard"
      },
      "type": "Feature"
    },
    {
      "geometry": {
        "coordinates": [
          44.39974484658254,
          33.237699312529244
        ],
        "type": "Point"
      },
      "properties": {
        "charger_bus_voltage_v": 650.0,
        "charger_contact_count": 8,
        "charger_efficiency": 0.98,
        "charger_max_current_a": 3300.0,
        "charger_max_kw": 2000.0,
        "grid_export_kw": 2400.0,
        "grid_import_kw": 2400.0,
        "line": "line-8",
        "pv_nameplate_kw": 300.0,
        "station": "line-8-1457-0929-s026861",
        "storage_capacity_kwh": 2000.0,
        "storage_initial_soc": 0.5,
        "storage_max_charge_kw": 2000.0,
        "storage_max_discharge_kw": 2000.0,
        "storage_module_kwh": 500.0,
        "tier": "interchange"
      },
      "type": "Feature"
    },
    {
      "geometry": {
        "coordinates": [
          44.38878520465063,
          33.247597451679084
        ],
        "type": "Point"
      },
      "properties": {
        "charger_bus_voltage_v": 650.0,
        "charger_contact_count": 8,
        "charger_efficiency": 0.98,
        "charger_max_current_a": 3300.0,
        "charger_max_kw": 2000.0,
        "grid_export_kw": 2400.0,
        "grid_import_kw": 2400.0,
        "line": "line-8",
        "pv_nameplate_kw": 300.0,
        "station": "line-8-1402-0878-s028547",
        "storage_capacity_kwh": 2000.0,
        "storage_initial_soc": 0.5,
        "storage_max_charge_kw": 2000.0,
        "storage_max_discharge_kw": 2000.0,
        "storage_module_kwh": 500.0,
        "tier": "interchange"
      },
      "type": "Feature"
    },
    {
      "geometry": {
        "coordinates": [
          44.376965982959355,
          33.258575387827086
        ],
        "type": "Point"
      },
      "properties": {
        "charger_bus_voltage_v": 650.0,
        "charger_contact_count": 8,
        "charger_efficiency": 0.98,
        "charger_max_current_a": 3300.0,
        "charger_max_kw": 2000.0,
        "grid_export_kw": 2400.0,
        "grid_import_kw": 2400.0,
        "line": "line-8",
        "pv_nameplate_kw": 300.0,
        "station": "line-8-1341-0823-s030364",
        "storage_capacity_kwh": 2000.0,
        "storage_initial_soc": 0.5,
        "storage_max_charge_kw": 2000.0,
        "storage_max_discharge_kw": 2000.0,
        "storage_module_kwh": 500.0,
        "tier": "interchange"
      },
      "type": "Feature"
    },
    {
      "geometry": {
        "coordinates": [
          44.36772550054618,
          33.26685383147968
        ],
        "type": "Point"
      },
      "properties": {
        "charger_bus_voltage_v": 650.0,
        "charger_contact_count": 8,
        "charger_efficiency": 0.98,
        "charger_max_current_a": 3300.0,
        "charger_max_kw": 2000.0,
        "grid_export_kw": 2400.0,
        "grid_import_kw": 2400.0,
        "line": "line-8",
        "pv_nameplate_kw": 300.0,
        "station": "line-8-1295-0780-s031792",
        "storage_capacity_kwh": 2000.0,
        "storage_initial_soc": 0.5,
        "storage_max_charge_kw": 2000.0,
        "storage_max_discharge_kw": 2000.0,
        "storage_module_kwh": 500.0,
        "tier": "interchange"
      },
      "type": "Feature"
    },
    {
      "geometry": {
        "coordinates": [
          44.35504669909554,
          33.27855163229313
        ],
        "type": "Point"
      },
      "properties": {
        "charger_bus_voltage_v": 650.0,
        "charger_contact_count": 8,
        "charger_efficiency": 0.98,
        "charger_max_current_a": 3300.0,
        "charger_max_kw": 2000.0,
        "grid_export_kw": 2400.0,
        "grid_import_kw": 2400.0,
        "line": "line-8",
        "pv_nameplate_kw": 300.0,
        "station": "line-8-1230-0721-s033783",
        "storage_capacity_kwh": 2000.0,
        "storage_initial_soc": 0.5,
        "storage_max_charge_kw": 2000.0,
        "storage_max_discharge_kw": 2000.0,
        "storage_module_kwh": 500.0,
        "tier": "interchange"
      },
      "type": "Feature"
    },
    {
      "geometry": {
        "coordinates": [
          44.34387216222379,
          33.28880970377569
        ],
        "type": "Point"
      },
      "properties": {
        "charger_bus_voltage_v": 650.0,
        "charger_contact_count": 8,
        "charger_efficiency": 0.98,
        "charger_max_current_a": 3300.0,
        "charger_max_kw": 2000.0,
        "grid_export_kw": 2400.0,
        "grid_import_kw": 2400.0,
        "line": "line-8",
        "pv_nameplate_kw": 300.0,
        "station": "line-8-1173-0669-s035480",
        "storage_capacity_kwh": 2000.0,
        "storage_initial_soc": 0.5,
        "storage_max_charge_kw": 2000.0,
        "storage_max_discharge_kw": 2000.0,
        "storage_module_kwh": 500.0,
        "tier": "interchange"
      },
      "type": "Feature"
    },
    {
      "geometry": {
        "coordinates": [
          44.32668056703648,
          33.30446676024907
        ],
        "type": "Point"
      },
      "properties": {
        "charger_bus_voltage_v": 650.0,
        "charger_contact_count": 8,
        "charger_efficiency": 0.98,
        "charger_max_current_a": 3300.0,
        "charger_max_kw": 2000.0,
        "grid_export_kw": 2400.0,
        "grid_import_kw": 2400.0,
        "line": "line-8",
        "pv_nameplate_kw": 300.0,
        "station": "line-8-1086-0589-s038140",
        "storage_capacity_kwh": 2000.0,
        "storage_initial_soc": 0.5,
        "storage_max_charge_kw": 2000.0,
        "storage_max_discharge_kw": 2000.0,
        "storage_module_kwh": 500.0,
        "tier": "interchange"
      },
      "type": "Feature"
    },
    {
      "geometry": {
        "coordinates": [
          44.306480442691395,
          33.32282330921787
        ],
        "type": "Point"
      },
      "properties": {
        "charger_bus_voltage_v": 650.0,
        "charger_contact_count": 8,
        "charger_efficiency": 0.98,
        "charger_max_current_a": 3300.0,
        "charger_max_kw": 2000.0,
        "grid_export_kw": 2400.0,
        "grid_import_kw": 2400.0,
        "line": "line-8",
        "pv_nameplate_kw": 300.0,
        "station": "line-8-0984-0495-s041252",
        "storage_capacity_kwh": 2000.0,
        "storage_initial_soc": 0.5,
        "storage_max_charge_kw": 2000.0,
        "storage_max_discharge_kw": 2000.0,
        "storage_module_kwh": 500.0,
        "tier": "interchange"
      },
      "type": "Feature"
    },
    {
      "geometry": {
        "coordinates": [
          44.30046338437583,
          33.328222294208686
        ],
        "type": "Point"
      },
      "properties": {
        "charger_bus_voltage_v": 650.0,
        "charger_contact_count": 8,
        "charger_efficiency": 0.98,
        "charger_max_current_a": 3300.0,
        "charger_max_kw": 2000.0,
        "grid_export_kw": 2400.0,
        "grid_import_kw": 2400.0,
        "line": "line-8",
        "pv_nameplate_kw": 300.0,
        "station": "line-8-0954-0467-s042166",
        "storage_capacity_kwh": 2000.0,
        "storage_initial_soc": 0.5,
        "storage_max_charge_kw": 2000.0,
        "storage_max_discharge_kw": 2000.0,
        "storage_module_kwh": 500.0,
        "tier": "interchange"
      },
      "type": "Feature"
    },
    {
      "geometry": {
        "coordinates": [
          44.287999477865036,
          33.339560162689416
        ],
        "type": "Point"
      },
      "properties": {
        "charger_bus_voltage_v": 650.0,
        "charger_contact_count": 8,
        "charger_efficiency": 0.98,
        "charger_max_current_a": 3300.0,
        "charger_max_kw": 2000.0,
        "grid_export_kw": 2400.0,
        "grid_import_kw": 2400.0,
        "line": "line-8",
        "pv_nameplate_kw": 300.0,
        "station": "line-8-0891-0409-s044094",
        "storage_capacity_kwh": 2000.0,
        "storage_initial_soc": 0.5,
        "storage_max_charge_kw": 2000.0,
        "storage_max_discharge_kw": 2000.0,
        "storage_module_kwh": 500.0,
        "tier": "interchange"
      },
      "type": "Feature"
    },
    {
      "geometry": {
        "coordinates": [
          44.27918878533154,
          33.348738437173814
        ],
        "type": "Point"
      },
      "properties": {
        "charger_bus_voltage_v": 650.0,
        "charger_contact_count": 8,
        "charger_efficiency": 0.98,
        "charger_max_current_a": 3300.0,
        "charger_max_kw": 2000.0,
        "grid_export_kw": 2000.0,
        "grid_import_kw": 2000.0,
        "line": "line-8",
        "pv_nameplate_kw": 300.0,
        "station": "line-8-0840-0368-s045592",
        "storage_capacity_kwh": 2000.0,
        "storage_initial_soc": 0.5,
        "storage_max_charge_kw": 2000.0,
        "storage_max_discharge_kw": 2000.0,
        "storage_module_kwh": 500.0,
        "tier": "standard"
      },
      "type": "Feature"
    },
    {
      "geometry": {
        "coordinates": [
          44.2701631978582,
          33.35557715149552
        ],
        "type": "Point"
      },
      "properties": {
        "charger_bus_voltage_v": 650.0,
        "charger_contact_count": 8,
        "charger_efficiency": 0.98,
        "charger_max_current_a": 3300.0,
        "charger_max_kw": 2000.0,
        "grid_export_kw": 2400.0,
        "grid_import_kw": 2400.0,
        "line": "line-8",
        "pv_nameplate_kw": 300.0,
        "station": "line-8-0802-0326-s047191",
        "storage_capacity_kwh": 2000.0,
        "storage_initial_soc": 0.5,
        "storage_max_charge_kw": 2000.0,
        "storage_max_discharge_kw": 2000.0,
        "storage_module_kwh": 500.0,
        "tier": "interchange"
      },
      "type": "Feature"
    },
    {
      "geometry": {
        "coordinates": [
          44.26242698002392,
          33.358636576323654
        ],
        "type": "Point"
      },
      "properties": {
        "charger_bus_voltage_v": 650.0,
        "charger_contact_count": 8,
        "charger_efficiency": 0.98,
        "charger_max_current_a": 3300.0,
        "charger_max_kw": 2000.0,
        "grid_export_kw": 3200.0,
        "grid_import_kw": 3200.0,
        "line": "line-8",
        "pv_nameplate_kw": 300.0,
        "station": "line-8-0785-0290-s048137",
        "storage_capacity_kwh": 2000.0,
        "storage_initial_soc": 0.6,
        "storage_max_charge_kw": 2000.0,
        "storage_max_discharge_kw": 2000.0,
        "storage_module_kwh": 500.0,
        "tier": "terminal"
      },
      "type": "Feature"
    },
    {
      "geometry": {
        "coordinates": [
          44.32796993667553,
          33.38383183961415
        ],
        "type": "Point"
      },
      "properties": {
        "charger_bus_voltage_v": 650.0,
        "charger_contact_count": 8,
        "charger_efficiency": 0.98,
        "charger_max_current_a": 3300.0,
        "charger_max_kw": 2000.0,
        "grid_export_kw": 2400.0,
        "grid_import_kw": 2400.0,
        "line": "line-9",
        "pv_nameplate_kw": 300.0,
        "station": "line-9-0645-0595-s000803",
        "storage_capacity_kwh": 2000.0,
        "storage_initial_soc": 0.5,
        "storage_max_charge_kw": 2000.0,
        "storage_max_discharge_kw": 2000.0,
        "storage_module_kwh": 500.0,
        "tier": "interchange"
      },
      "type": "Feature"
    },
    {
      "geometry": {
        "coordinates": [
          44.33785510390823,
          33.3854515351114
        ],
        "type": "Point"
      },
      "properties": {
        "charger_bus_voltage_v": 650.0,
        "charger_contact_count": 8,
        "charger_efficiency": 0.98,
        "charger_max_current_a": 3300.0,
        "charger_max_kw": 2000.0,
        "grid_export_kw": 2400.0,
        "grid_import_kw": 2400.0,
        "line": "line-9",
        "pv_nameplate_kw": 300.0,
        "station": "line-9-0636-0641-s002370",
        "storage_capacity_kwh": 2000.0,
        "storage_initial_soc": 0.5,
        "storage_max_charge_kw": 2000.0,
        "storage_max_discharge_kw": 2000.0,
        "storage_module_kwh": 500.0,
        "tier": "interchange"
      },
      "type": "Feature"
    },
    {
      "geometry": {
        "coordinates": [
          44.336780629209024,
          33.3996688622539
        ],
        "type": "Point"
      },
      "properties": {
        "charger_bus_voltage_v": 650.0,
        "charger_contact_count": 8,
        "charger_efficiency": 0.98,
        "charger_max_current_a": 3300.0,
        "charger_max_kw": 2000.0,
        "grid_export_kw": 2000.0,
        "grid_import_kw": 2000.0,
        "line": "line-9",
        "pv_nameplate_kw": 300.0,
        "station": "line-9-0557-0636-s003991",
        "storage_capacity_kwh": 2000.0,
        "storage_initial_soc": 0.5,
        "storage_max_charge_kw": 2000.0,
        "storage_max_discharge_kw": 2000.0,
        "storage_module_kwh": 500.0,
        "tier": "standard"
      },
      "type": "Feature"
    },
    {
      "geometry": {
        "coordinates": [
          44.35182327499792,
          33.411546629233705
        ],
        "type": "Point"
      },
      "properties": {
        "charger_bus_voltage_v": 650.0,
        "charger_contact_count": 8,
        "charger_efficiency": 0.98,
        "charger_max_current_a": 3300.0,
        "charger_max_kw": 2000.0,
        "grid_export_kw": 2400.0,
        "grid_import_kw": 2400.0,
        "line": "line-9",
        "pv_nameplate_kw": 300.0,
        "station": "line-9-0491-0706-s006266",
        "storage_capacity_kwh": 2000.0,
        "storage_initial_soc": 0.5,
        "storage_max_charge_kw": 2000.0,
        "storage_max_discharge_kw": 2000.0,
        "storage_module_kwh": 500.0,
        "tier": "interchange"
      },
      "type": "Feature"
    },
    {
      "geometry": {
        "coordinates": [
          44.35354243451665,
          33.411906561566425
        ],
        "type": "Point"
      },
      "properties": {
        "charger_bus_voltage_v": 650.0,
        "charger_contact_count": 8,
        "charger_efficiency": 0.98,
        "charger_max_current_a": 3300.0,
        "charger_max_kw": 2000.0,
        "grid_export_kw": 2400.0,
        "grid_import_kw": 2400.0,
        "line": "line-9",
        "pv_nameplate_kw": 300.0,
        "station": "line-9-0489-0714-s006443",
        "storage_capacity_kwh": 2000.0,
        "storage_initial_soc": 0.5,
        "storage_max_charge_kw": 2000.0,
        "storage_max_discharge_kw": 2000.0,
        "storage_module_kwh": 500.0,
        "tier": "interchange"
      },
      "type": "Feature"
    },
    {
      "geometry": {
        "coordinates": [
          44.3709489246438,
          33.40452794874564
        ],
        "type": "Point"
      },
      "properties": {
        "charger_bus_voltage_v": 650.0,
        "charger_contact_count": 8,
        "charger_efficiency": 0.98,
        "charger_max_current_a": 3300.0,
        "charger_max_kw": 2000.0,
        "grid_export_kw": 2400.0,
        "grid_import_kw": 2400.0,
        "line": "line-9",
        "pv_nameplate_kw": 300.0,
        "station": "line-9-0530-0795-s008513",
        "storage_capacity_kwh": 2000.0,
        "storage_initial_soc": 0.5,
        "storage_max_charge_kw": 2000.0,
        "storage_max_discharge_kw": 2000.0,
        "storage_module_kwh": 500.0,
        "tier": "interchange"
      },
      "type": "Feature"
    },
    {
      "geometry": {
        "coordinates": [
          44.38061919693666,
          33.3996688622539
        ],
        "type": "Point"
      },
      "properties": {
        "charger_bus_voltage_v": 650.0,
        "charger_contact_count": 8,
        "charger_efficiency": 0.98,
        "charger_max_current_a": 3300.0,
        "charger_max_kw": 2000.0,
        "grid_export_kw": 2400.0,
        "grid_import_kw": 2400.0,
        "line": "line-9",
        "pv_nameplate_kw": 300.0,
        "station": "line-9-0557-0840-s009730",
        "storage_capacity_kwh": 2000.0,
        "storage_initial_soc": 0.5,
        "storage_max_charge_kw": 2000.0,
        "storage_max_discharge_kw": 2000.0,
        "storage_module_kwh": 500.0,
        "tier": "interchange"
      },
      "type": "Feature"
    },
    {
      "geometry": {
        "coordinates": [
          44.40296827068016,
          33.40218838858295
        ],
        "type": "Point"
      },
      "properties": {
        "charger_bus_voltage_v": 650.0,
        "charger_contact_count": 8,
        "charger_efficiency": 0.98,
        "charger_max_current_a": 3300.0,
        "charger_max_kw": 2000.0,
        "grid_export_kw": 2400.0,
        "grid_import_kw": 2400.0,
        "line": "line-9",
        "pv_nameplate_kw": 300.0,
        "station": "line-9-0543-0944-s011954",
        "storage_capacity_kwh": 2000.0,
        "storage_initial_soc": 0.5,
        "storage_max_charge_kw": 2000.0,
        "storage_max_discharge_kw": 2000.0,
        "storage_module_kwh": 500.0,
        "tier": "interchange"
      },
      "type": "Feature"
    },
    {
      "geometry": {
        "coordinates": [
          44.412423648033176,
          33.39804916675665
        ],
        "type": "Point"
      },
      "properties": {
        "charger_bus_voltage_v": 650.0,
        "charger_contact_count": 8,
        "charger_efficiency": 0.98,
        "charger_max_current_a": 3300.0,
        "charger_max_kw": 2000.0,
        "grid_export_kw": 2400.0,
        "grid_import_kw": 2400.0,
        "line": "line-9",
        "pv_nameplate_kw": 300.0,
        "station": "line-9-0566-0988-s013095",
        "storage_capacity_kwh": 2000.0,
        "storage_initial_soc": 0.5,
        "storage_max_charge_kw": 2000.0,
        "storage_max_discharge_kw": 2000.0,
        "storage_module_kwh": 500.0,
        "tier": "interchange"
      },
      "type": "Feature"
    },
    {
      "geometry": {
        "coordinates": [
          44.427251398882234,
          33.404707914911995
        ],
        "type": "Point"
      },
      "properties": {
        "charger_bus_voltage_v": 650.0,
        "charger_contact_count": 8,
        "charger_efficiency": 0.98,
        "charger_max_current_a": 3300.0,
        "charger_max_kw": 2000.0,
        "grid_export_kw": 2400.0,
        "grid_import_kw": 2400.0,
        "line": "line-9",
        "pv_nameplate_kw": 300.0,
        "station": "line-9-0529-1057-s014887",
        "storage_capacity_kwh": 2000.0,
        "storage_initial_soc": 0.5,
        "storage_max_charge_kw": 2000.0,
        "storage_max_discharge_kw": 2000.0,
        "storage_module_kwh": 500.0,
        "tier": "interchange"
      },
      "type": "Feature"
    },
    {
      "geometry": {
        "coordinates": [
          44.436706776235255,
          33.4014685239175
        ],
        "type": "Point"
      },
      "properties": {
        "charger_bus_voltage_v": 650.0,
        "charger_contact_count": 8,
        "charger_efficiency": 0.98,
        "charger_max_current_a": 3300.0,
        "charger_max_kw": 2000.0,
        "grid_export_kw": 2400.0,
        "grid_import_kw": 2400.0,
        "line": "line-9",
        "pv_nameplate_kw": 300.0,
        "station": "line-9-0547-1101-s015928",
        "storage_capacity_kwh": 2000.0,
        "storage_initial_soc": 0.5,
        "storage_max_charge_kw": 2000.0,
        "storage_max_discharge_kw": 2000.0,
        "storage_module_kwh": 500.0,
        "tier": "interchange"
      },
      "type": "Feature"
    },
    {
      "geometry": {
        "coordinates": [
          44.48634750733861,
          33.39193031710038
        ],
        "type": "Point"
      },
      "properties": {
        "charger_bus_voltage_v": 650.0,
        "charger_contact_count": 8,
        "charger_efficiency": 0.98,
        "charger_max_current_a": 3300.0,
        "charger_max_kw": 2000.0,
        "grid_export_kw": 2000.0,
        "grid_import_kw": 2000.0,
        "line": "line-9",
        "pv_nameplate_kw": 300.0,
        "station": "line-9-0600-1332-s021598",
        "storage_capacity_kwh": 2000.0,
        "storage_initial_soc": 0.5,
        "storage_max_charge_kw": 2000.0,
        "storage_max_discharge_kw": 2000.0,
        "storage_module_kwh": 500.0,
        "tier": "standard"
      },
      "type": "Feature"
    },
    {
      "geometry": {
        "coordinates": [
          44.500315678428294,
          33.388330993773174
        ],
        "type": "Point"
      },
      "properties": {
        "charger_bus_voltage_v": 650.0,
        "charger_contact_count": 8,
        "charger_efficiency": 0.98,
        "charger_max_current_a": 3300.0,
        "charger_max_kw": 2000.0,
        "grid_export_kw": 2400.0,
        "grid_import_kw": 2400.0,
        "line": "line-9",
        "pv_nameplate_kw": 300.0,
        "station": "line-9-0620-1397-s023132",
        "storage_capacity_kwh": 2000.0,
        "storage_initial_soc": 0.5,
        "storage_max_charge_kw": 2000.0,
        "storage_max_discharge_kw": 2000.0,
        "storage_module_kwh": 500.0,
        "tier": "interchange"
      },
      "type": "Feature"
    },
    {
      "geometry": {
        "coordinates": [
          44.50654763168369,
          33.38581146744412
        ],
        "type": "Point"
      },
      "properties": {
        "charger_bus_voltage_v": 650.0,
        "charger_contact_count": 8,
        "charger_efficiency": 0.98,
        "charger_max_current_a": 3300.0,
        "charger_max_kw": 2000.0,
        "grid_export_kw": 2400.0,
        "grid_import_kw": 2400.0,
        "line": "line-9",
        "pv_nameplate_kw": 300.0,
        "station": "line-9-0634-1426-s023840",
        "storage_capacity_kwh": 2000.0,
        "storage_initial_soc": 0.5,
        "storage_max_charge_kw": 2000.0,
        "storage_max_discharge_kw": 2000.0,
        "storage_module_kwh": 500.0,
        "tier": "interchange"
      },
      "type": "Feature"
    },
    {
      "geometry": {
        "coordinates": [
          44.518796643254646,
          33.38689126444228
        ],
        "type": "Point"
      },
      "properties": {
        "charger_bus_voltage_v": 650.0,
        "charger_contact_count": 8,
        "charger_efficiency": 0.98,
        "charger_max_current_a": 3300.0,
        "charger_max_kw": 2000.0,
        "grid_export_kw": 2400.0,
        "grid_import_kw": 2400.0,
        "line": "line-9",
        "pv_nameplate_kw": 300.0,
        "station": "line-9-0628-1483-s025063",
        "storage_capacity_kwh": 2000.0,
        "storage_initial_soc": 0.5,
        "storage_max_charge_kw": 2000.0,
        "storage_max_discharge_kw": 2000.0,
        "storage_module_kwh": 500.0,
        "tier": "interchange"
      },
      "type": "Feature"
    },
    {
      "geometry": {
        "coordinates": [
          44.53598823844196,
          33.38887089227225
        ],
        "type": "Point"
      },
      "properties": {
        "charger_bus_voltage_v": 650.0,
        "charger_contact_count": 8,
        "charger_efficiency": 0.98,
        "charger_max_current_a": 3300.0,
        "charger_max_kw": 2000.0,
        "grid_export_kw": 2400.0,
        "grid_import_kw": 2400.0,
        "line": "line-9",
        "pv_nameplate_kw": 300.0,
        "station": "line-9-0617-1563-s026766",
        "storage_capacity_kwh": 2000.0,
        "storage_initial_soc": 0.5,
        "storage_max_charge_kw": 2000.0,
        "storage_max_discharge_kw": 2000.0,
        "storage_module_kwh": 500.0,
        "tier": "interchange"
      },
      "type": "Feature"
    },
    {
      "geometry": {
        "coordinates": [
          44.54544361579497,
          33.38347190728143
        ],
        "type": "Point"
      },
      "properties": {
        "charger_bus_voltage_v": 650.0,
        "charger_contact_count": 8,
        "charger_efficiency": 0.98,
        "charger_max_current_a": 3300.0,
        "charger_max_kw": 2000.0,
        "grid_export_kw": 2400.0,
        "grid_import_kw": 2400.0,
        "line": "line-9",
        "pv_nameplate_kw": 300.0,
        "station": "line-9-0647-1607-s028105",
        "storage_capacity_kwh": 2000.0,
        "storage_initial_soc": 0.5,
        "storage_max_charge_kw": 2000.0,
        "storage_max_discharge_kw": 2000.0,
        "storage_module_kwh": 500.0,
        "tier": "interchange"
      },
      "type": "Feature"
    },
    {
      "geometry": {
        "coordinates": [
          44.54350956133641,
          33.362415865817226
        ],
        "type": "Point"
      },
      "properties": {
        "charger_bus_voltage_v": 650.0,
        "charger_contact_count": 8,
        "charger_efficiency": 0.98,
        "charger_max_current_a": 3300.0,
        "charger_max_kw": 2000.0,
        "grid_export_kw": 2400.0,
        "grid_import_kw": 2400.0,
        "line": "line-9",
        "pv_nameplate_kw": 300.0,
        "station": "line-9-0764-1598-s030598",
        "storage_capacity_kwh": 2000.0,
        "storage_initial_soc": 0.5,
        "storage_max_charge_kw": 2000.0,
        "storage_max_discharge_kw": 2000.0,
        "storage_module_kwh": 500.0,
        "tier": "interchange"
      },
      "type": "Feature"
    },
    {
      "geometry": {
        "coordinates": [
          44.54393935121609,
          33.34819853867473
        ],
        "type": "Point"
      },
      "properties": {
        "charger_bus_voltage_v": 650.0,
        "charger_contact_count": 8,
        "charger_efficiency": 0.98,
        "charger_max_current_a": 3300.0,
        "charger_max_kw": 2000.0,
        "grid_export_kw": 2400.0,
        "grid_import_kw": 2400.0,
        "line": "line-9",
        "pv_nameplate_kw": 300.0,
        "station": "line-9-0843-1600-s032244",
        "storage_capacity_kwh": 2000.0,
        "storage_initial_soc": 0.5,
        "storage_max_charge_kw": 2000.0,
        "storage_max_discharge_kw": 2000.0,
        "storage_module_kwh": 500.0,
        "tier": "interchange"
      },
      "type": "Feature"
    },
    {
      "geometry": {
        "coordinates": [
          44.5424350866372,
          33.34639887701112
        ],
        "type": "Point"
      },
      "properties": {
        "charger_bus_voltage_v": 650.0,
        "charger_contact_count": 8,
        "charger_efficiency": 0.98,
        "charger_max_current_a": 3300.0,
        "charger_max_kw": 2000.0,
        "grid_export_kw": 2400.0,
        "grid_import_kw": 2400.0,
        "line": "line-9",
        "pv_nameplate_kw": 300.0,
        "station": "line-9-0853-1593-s032502",
        "storage_capacity_kwh": 2000.0,
        "storage_initial_soc": 0.5,
        "storage_max_charge_kw": 2000.0,
        "storage_max_discharge_kw": 2000.0,
        "storage_module_kwh": 500.0,
        "tier": "interchange"
      },
      "type": "Feature"
    },
    {
      "geometry": {
        "coordinates": [
          44.537277608081006,
          33.32660259871144
        ],
        "type": "Point"
      },
      "properties": {
        "charger_bus_voltage_v": 650.0,
        "charger_contact_count": 8,
        "charger_efficiency": 0.98,
        "charger_max_current_a": 3300.0,
        "charger_max_kw": 2000.0,
        "grid_export_kw": 2400.0,
        "grid_import_kw": 2400.0,
        "line": "line-9",
        "pv_nameplate_kw": 300.0,
        "station": "line-9-0963-1569-s035111",
        "storage_capacity_kwh": 2000.0,
        "storage_initial_soc": 0.5,
        "storage_max_charge_kw": 2000.0,
        "storage_max_discharge_kw": 2000.0,
        "storage_module_kwh": 500.0,
        "tier": "interchange"
      },
      "type": "Feature"
    },
    {
      "geometry": {
        "coordinates": [
          44.53964145241926,
          33.30554655724724
        ],
        "type": "Point"
      },
      "properties": {
        "charger_bus_voltage_v": 650.0,
        "charger_contact_count": 8,
        "charger_efficiency": 0.98,
        "charger_max_current_a": 3300.0,
        "charger_max_kw": 2000.0,
        "grid_export_kw": 2000.0,
        "grid_import_kw": 2000.0,
        "line": "line-9",
        "pv_nameplate_kw": 300.0,
        "station": "line-9-1080-1580-s037609",
        "storage_capacity_kwh": 2000.0,
        "storage_initial_soc": 0.5,
        "storage_max_charge_kw": 2000.0,
        "storage_max_discharge_kw": 2000.0,
        "storage_module_kwh": 500.0,
        "tier": "standard"
      },
      "type": "Feature"
    },
    {
      "geometry": {
        "coordinates": [
          44.5486670398926,
          33.28665010977936
        ],
        "type": "Point"
      },
      "properties": {
        "charger_bus_voltage_v": 650.0,
        "charger_contact_count": 8,
        "charger_efficiency": 0.98,
        "charger_max_current_a": 3300.0,
        "charger_max_kw": 2000.0,
        "grid_export_kw": 2400.0,
        "grid_import_kw": 2400.0,
        "line": "line-9",
        "pv_nameplate_kw": 300.0,
        "station": "line-9-1185-1622-s040057",
        "storage_capacity_kwh": 2000.0,
        "storage_initial_soc": 0.5,
        "storage_max_charge_kw": 2000.0,
        "storage_max_discharge_kw": 2000.0,
        "storage_module_kwh": 500.0,
        "tier": "interchange"
      },
      "type": "Feature"
    },
    {
      "geometry": {
        "coordinates": [
          44.5497415145918,
          33.27855163229313
        ],
        "type": "Point"
      },
      "properties": {
        "charger_bus_voltage_v": 650.0,
        "charger_contact_count": 8,
        "charger_efficiency": 0.98,
        "charger_max_current_a": 3300.0,
        "charger_max_kw": 2000.0,
        "grid_export_kw": 2400.0,
        "grid_import_kw": 2400.0,
        "line": "line-9",
        "pv_nameplate_kw": 300.0,
        "station": "line-9-1230-1627-s040998",
        "storage_capacity_kwh": 2000.0,
        "storage_initial_soc": 0.5,
        "storage_max_charge_kw": 2000.0,
        "storage_max_discharge_kw": 2000.0,
        "storage_module_kwh": 500.0,
        "tier": "interchange"
      },
      "type": "Feature"
    },
    {
      "geometry": {
        "coordinates": [
          44.55446920326831,
          33.267753662311485
        ],
        "type": "Point"
      },
      "properties": {
        "charger_bus_voltage_v": 650.0,
        "charger_contact_count": 8,
        "charger_efficiency": 0.98,
        "charger_max_current_a": 3300.0,
        "charger_max_kw": 2000.0,
        "grid_export_kw": 2000.0,
        "grid_import_kw": 2000.0,
        "line": "line-9",
        "pv_nameplate_kw": 300.0,
        "station": "line-9-1290-1649-s042404",
        "storage_capacity_kwh": 2000.0,
        "storage_initial_soc": 0.5,
        "storage_max_charge_kw": 2000.0,
        "storage_max_discharge_kw": 2000.0,
        "storage_module_kwh": 500.0,
        "tier": "standard"
      },
      "type": "Feature"
    },
    {
      "geometry": {
        "coordinates": [
          44.552105358930056,
          33.25677572616348
        ],
        "type": "Point"
      },
      "properties": {
        "charger_bus_voltage_v": 650.0,
        "charger_contact_count": 8,
        "charger_efficiency": 0.98,
        "charger_max_current_a": 3300.0,
        "charger_max_kw": 2000.0,
        "grid_export_kw": 2000.0,
        "grid_import_kw": 2000.0,
        "line": "line-9",
        "pv_nameplate_kw": 300.0,
        "station": "line-9-1351-1638-s043997",
        "storage_capacity_kwh": 2000.0,
        "storage_initial_soc": 0.5,
        "storage_max_charge_kw": 2000.0,
        "storage_max_discharge_kw": 2000.0,
        "storage_module_kwh": 500.0,
        "tier": "standard"
      },
      "type": "Feature"
    },
    {
      "geometry": {
        "coordinates": [
          44.529971180126395,
          33.24543785768275
        ],
        "type": "Point"
      },
      "properties": {
        "charger_bus_voltage_v": 650.0,
        "charger_contact_count": 8,
        "charger_efficiency": 0.98,
        "charger_max_current_a": 3300.0,
        "charger_max_kw": 2000.0,
        "grid_export_kw": 2400.0,
        "grid_import_kw": 2400.0,
        "line": "line-9",
        "pv_nameplate_kw": 300.0,
        "station": "line-9-1414-1535-s046744",
        "storage_capacity_kwh": 2000.0,
        "storage_initial_soc": 0.5,
        "storage_max_charge_kw": 2000.0,
        "storage_max_discharge_kw": 2000.0,
        "storage_module_kwh": 500.0,
        "tier": "interchange"
      },
      "type": "Feature"
    },
    {
      "geometry": {
        "coordinates": [
          44.5175072736156,
          33.22924090271029
        ],
        "type": "Point"
      },
      "properties": {
        "charger_bus_voltage_v": 650.0,
        "charger_contact_count": 8,
        "charger_efficiency": 0.98,
        "charger_max_current_a": 3300.0,
        "charger_max_kw": 2000.0,
        "grid_export_kw": 2400.0,
        "grid_import_kw": 2400.0,
        "line": "line-9",
        "pv_nameplate_kw": 300.0,
        "station": "line-9-1504-1477-s049136",
        "storage_capacity_kwh": 2000.0,
        "storage_initial_soc": 0.5,
        "storage_max_charge_kw": 2000.0,
        "storage_max_discharge_kw": 2000.0,
        "storage_module_kwh": 500.0,
        "tier": "interchange"
      },
      "type": "Feature"
    },
    {
      "geometry": {
        "coordinates": [
          44.510845530480516,
          33.22078249289134
        ],
        "type": "Point"
      },
      "properties": {
        "charger_bus_voltage_v": 650.0,
        "charger_contact_count": 8,
        "charger_efficiency": 0.98,
        "charger_max_current_a": 3300.0,
        "charger_max_kw": 2000.0,
        "grid_export_kw": 2000.0,
        "grid_import_kw": 2000.0,
        "line": "line-9",
        "pv_nameplate_kw": 300.0,
        "station": "line-9-1551-1446-s050409",
        "storage_capacity_kwh": 2000.0,
        "storage_initial_soc": 0.5,
        "storage_max_charge_kw": 2000.0,
        "storage_max_discharge_kw": 2000.0,
        "storage_module_kwh": 500.0,
        "tier": "standard"
      },
      "type": "Feature"
    },
    {
      "geometry": {
        "coordinates": [
          44.48247939842146,
          33.20962459057697
        ],
        "type": "Point"
      },
      "properties": {
        "charger_bus_voltage_v": 650.0,
        "charger_contact_count": 8,
        "charger_efficiency": 0.98,
        "charger_max_current_a": 3300.0,
        "charger_max_kw": 2000.0,
        "grid_export_kw": 2000.0,
        "grid_import_kw": 2000.0,
        "line": "line-9",
        "pv_nameplate_kw": 300.0,
        "station": "line-9-1613-1314-s055203",
        "storage_capacity_kwh": 2000.0,
        "storage_initial_soc": 0.5,
        "storage_max_charge_kw": 2000.0,
        "storage_max_discharge_kw": 2000.0,
        "storage_module_kwh": 500.0,
        "tier": "standard"
      },
      "type": "Feature"
    },
    {
      "geometry": {
        "coordinates": [
          44.465287803234155,
          33.20962459057697
        ],
        "type": "Point"
      },
      "properties": {
        "charger_bus_voltage_v": 650.0,
        "charger_contact_count": 8,
        "charger_efficiency": 0.98,
        "charger_max_current_a": 3300.0,
        "charger_max_kw": 2000.0,
        "grid_export_kw": 2400.0,
        "grid_import_kw": 2400.0,
        "line": "line-9",
        "pv_nameplate_kw": 300.0,
        "station": "line-9-1613-1234-s056803",
        "storage_capacity_kwh": 2000.0,
        "storage_initial_soc": 0.5,
        "storage_max_charge_kw": 2000.0,
        "storage_max_discharge_kw": 2000.0,
        "storage_module_kwh": 500.0,
        "tier": "interchange"
      },
      "type": "Feature"
    },
    {
      "geometry": {
        "coordinates": [
          44.46077500949748,
          33.20962459057697
        ],
        "type": "Point"
      },
      "properties": {
        "charger_bus_voltage_v": 650.0,
        "charger_contact_count": 8,
        "charger_efficiency": 0.98,
        "charger_max_current_a": 3300.0,
        "charger_max_kw": 2000.0,
        "grid_export_kw": 2400.0,
        "grid_import_kw": 2400.0,
        "line": "line-9",
        "pv_nameplate_kw": 300.0,
        "station": "line-9-1613-1213-s057223",
        "storage_capacity_kwh": 2000.0,
        "storage_initial_soc": 0.5,
        "storage_max_charge_kw": 2000.0,
        "storage_max_discharge_kw": 2000.0,
        "storage_module_kwh": 500.0,
        "tier": "interchange"
      },
      "type": "Feature"
    },
    {
      "geometry": {
        "coordinates": [
          44.435202511656364,
          33.203865673253425
        ],
        "type": "Point"
      },
      "properties": {
        "charger_bus_voltage_v": 650.0,
        "charger_contact_count": 8,
        "charger_efficiency": 0.98,
        "charger_max_current_a": 3300.0,
        "charger_max_kw": 2000.0,
        "grid_export_kw": 2400.0,
        "grid_import_kw": 2400.0,
        "line": "line-9",
        "pv_nameplate_kw": 300.0,
        "station": "line-9-1645-1094-s059868",
        "storage_capacity_kwh": 2000.0,
        "storage_initial_soc": 0.5,
        "storage_max_charge_kw": 2000.0,
        "storage_max_discharge_kw": 2000.0,
        "storage_module_kwh": 500.0,
        "tier": "interchange"
      },
      "type": "Feature"
    },
    {
      "geometry": {
        "coordinates": [
          44.39351289332714,
          33.204585537918874
        ],
        "type": "Point"
      },
      "properties": {
        "charger_bus_voltage_v": 650.0,
        "charger_contact_count": 8,
        "charger_efficiency": 0.98,
        "charger_max_current_a": 3300.0,
        "charger_max_kw": 2000.0,
        "grid_export_kw": 2000.0,
        "grid_import_kw": 2000.0,
        "line": "line-9",
        "pv_nameplate_kw": 300.0,
        "station": "line-9-1641-0900-s064796",
        "storage_capacity_kwh": 2000.0,
        "storage_initial_soc": 0.5,
        "storage_max_charge_kw": 2000.0,
        "storage_max_discharge_kw": 2000.0,
        "storage_module_kwh": 500.0,
        "tier": "standard"
      },
      "type": "Feature"
    },
    {
      "geometry": {
        "coordinates": [
          44.38233835645539,
          33.215563474066876
        ],
        "type": "Point"
      },
      "properties": {
        "charger_bus_voltage_v": 650.0,
        "charger_contact_count": 8,
        "charger_efficiency": 0.98,
        "charger_max_current_a": 3300.0,
        "charger_max_kw": 2000.0,
        "grid_export_kw": 2400.0,
        "grid_import_kw": 2400.0,
        "line": "line-9",
        "pv_nameplate_kw": 300.0,
        "station": "line-9-1580-0848-s066616",
        "storage_capacity_kwh": 2000.0,
        "storage_initial_soc": 0.5,
        "storage_max_charge_kw": 2000.0,
        "storage_max_discharge_kw": 2000.0,
        "storage_module_kwh": 500.0,
        "tier": "interchange"
      },
      "type": "Feature"
    },
    {
      "geometry": {
        "coordinates": [
          44.37610640319999,
          33.22024259439225
        ],
        "type": "Point"
      },
      "properties": {
        "charger_bus_voltage_v": 650.0,
        "charger_contact_count": 8,
        "charger_efficiency": 0.98,
        "charger_max_current_a": 3300.0,
        "charger_max_kw": 2000.0,
        "grid_export_kw": 2400.0,
        "grid_import_kw": 2400.0,
        "line": "line-9",
        "pv_nameplate_kw": 300.0,
        "station": "line-9-1554-0819-s067411",
        "storage_capacity_kwh": 2000.0,
        "storage_initial_soc": 0.5,
        "storage_max_charge_kw": 2000.0,
        "storage_max_discharge_kw": 2000.0,
        "storage_module_kwh": 500.0,
        "tier": "interchange"
      },
      "type": "Feature"
    },
    {
      "geometry": {
        "coordinates": [
          44.37288297910237,
          33.221322391390416
        ],
        "type": "Point"
      },
      "properties": {
        "charger_bus_voltage_v": 650.0,
        "charger_contact_count": 8,
        "charger_efficiency": 0.98,
        "charger_max_current_a": 3300.0,
        "charger_max_kw": 2000.0,
        "grid_export_kw": 2400.0,
        "grid_import_kw": 2400.0,
        "line": "line-9",
        "pv_nameplate_kw": 300.0,
        "station": "line-9-1548-0804-s067761",
        "storage_capacity_kwh": 2000.0,
        "storage_initial_soc": 0.5,
        "storage_max_charge_kw": 2000.0,
        "storage_max_discharge_kw": 2000.0,
        "storage_module_kwh": 500.0,
        "tier": "interchange"
      },
      "type": "Feature"
    },
    {
      "geometry": {
        "coordinates": [
          44.365791446087606,
          33.23248029370478
        ],
        "type": "Point"
      },
      "properties": {
        "charger_bus_voltage_v": 650.0,
        "charger_contact_count": 8,
        "charger_efficiency": 0.98,
        "charger_max_current_a": 3300.0,
        "charger_max_kw": 2000.0,
        "grid_export_kw": 2000.0,
        "grid_import_kw": 2000.0,
        "line": "line-9",
        "pv_nameplate_kw": 300.0,
        "station": "line-9-1486-0771-s069592",
        "storage_capacity_kwh": 2000.0,
        "storage_initial_soc": 0.5,
        "storage_max_charge_kw": 2000.0,
        "storage_max_discharge_kw": 2000.0,
        "storage_module_kwh": 500.0,
        "tier": "standard"
      },
      "type": "Feature"
    },
    {
      "geometry": {
        "coordinates": [
          44.35182327499792,
          33.23877910952741
        ],
        "type": "Point"
      },
      "properties": {
        "charger_bus_voltage_v": 650.0,
        "charger_contact_count": 8,
        "charger_efficiency": 0.98,
        "charger_max_current_a": 3300.0,
        "charger_max_kw": 2000.0,
        "grid_export_kw": 2400.0,
        "grid_import_kw": 2400.0,
        "line": "line-9",
        "pv_nameplate_kw": 300.0,
        "station": "line-9-1451-0706-s071327",
        "storage_capacity_kwh": 2000.0,
        "storage_initial_soc": 0.5,
        "storage_max_charge_kw": 2000.0,
        "storage_max_discharge_kw": 2000.0,
        "storage_module_kwh": 500.0,
        "tier": "interchange"
      },
      "type": "Feature"
    },
    {
      "geometry": {
        "coordinates": [
          44.345161531862836,
          33.24903718100997
        ],
        "type": "Point"
      },
      "properties": {
        "charger_bus_voltage_v": 650.0,
        "charger_contact_count": 8,
        "charger_efficiency": 0.98,
        "charger_max_current_a": 3300.0,
        "charger_max_kw": 2000.0,
        "grid_export_kw": 2400.0,
        "grid_import_kw": 2400.0,
        "line": "line-9",
        "pv_nameplate_kw": 300.0,
        "station": "line-9-1394-0675-s072797",
        "storage_capacity_kwh": 2000.0,
        "storage_initial_soc": 0.5,
        "storage_max_charge_kw": 2000.0,
        "storage_max_discharge_kw": 2000.0,
        "storage_module_kwh": 500.0,
        "tier": "major"
      },
      "type": "Feature"
    },
    {
      "geometry": {
        "coordinates": [
          44.335061469690295,
          33.2562358276644
        ],
        "type": "Point"
      },
      "properties": {
        "charger_bus_voltage_v": 650.0,
        "charger_contact_count": 8,
        "charger_efficiency": 0.98,
        "charger_max_current_a": 3300.0,
        "charger_max_kw": 2000.0,
        "grid_export_kw": 2400.0,
        "grid_import_kw": 2400.0,
        "line": "line-9",
        "pv_nameplate_kw": 300.0,
        "station": "line-9-1354-0628-s074261",
        "storage_capacity_kwh": 2000.0,
        "storage_initial_soc": 0.5,
        "storage_max_charge_kw": 2000.0,
        "storage_max_discharge_kw": 2000.0,
        "storage_module_kwh": 500.0,
        "tier": "interchange"
      },
      "type": "Feature"
    },
    {
      "geometry": {
        "coordinates": [
          44.33205294053251,
          33.25911528632617
        ],
        "type": "Point"
      },
      "properties": {
        "charger_bus_voltage_v": 650.0,
        "charger_contact_count": 8,
        "charger_efficiency": 0.98,
        "charger_max_current_a": 3300.0,
        "charger_max_kw": 2000.0,
        "grid_export_kw": 2400.0,
        "grid_import_kw": 2400.0,
        "line": "line-9",
        "pv_nameplate_kw": 300.0,
        "station": "line-9-1338-0614-s074720",
        "storage_capacity_kwh": 2000.0,
        "storage_initial_soc": 0.5,
        "storage_max_charge_kw": 2000.0,
        "storage_max_discharge_kw": 2000.0,
        "storage_module_kwh": 500.0,
        "tier": "interchange"
      },
      "type": "Feature"
    },
    {
      "geometry": {
        "coordinates": [
          44.31400176558584,
          33.25911528632617
        ],
        "type": "Point"
      },
      "properties": {
        "charger_bus_voltage_v": 650.0,
        "charger_contact_count": 8,
        "charger_efficiency": 0.98,
        "charger_max_current_a": 3300.0,
        "charger_max_kw": 2000.0,
        "grid_export_kw": 2000.0,
        "grid_import_kw": 2000.0,
        "line": "line-9",
        "pv_nameplate_kw": 300.0,
        "station": "line-9-1338-0530-s076606",
        "storage_capacity_kwh": 2000.0,
        "storage_initial_soc": 0.5,
        "storage_max_charge_kw": 2000.0,
        "storage_max_discharge_kw": 2000.0,
        "storage_module_kwh": 500.0,
        "tier": "standard"
      },
      "type": "Feature"
    },
    {
      "geometry": {
        "coordinates": [
          44.30776981233044,
          33.272252816470505
        ],
        "type": "Point"
      },
      "properties": {
        "charger_bus_voltage_v": 650.0,
        "charger_contact_count": 8,
        "charger_efficiency": 0.98,
        "charger_max_current_a": 3300.0,
        "charger_max_kw": 2000.0,
        "grid_export_kw": 2400.0,
        "grid_import_kw": 2400.0,
        "line": "line-9",
        "pv_nameplate_kw": 300.0,
        "station": "line-9-1265-0501-s078473",
        "storage_capacity_kwh": 2000.0,
        "storage_initial_soc": 0.5,
        "storage_max_charge_kw": 2000.0,
        "storage_max_discharge_kw": 2000.0,
        "storage_module_kwh": 500.0,
        "tier": "interchange"
      },
      "type": "Feature"
    },
    {
      "geometry": {
        "coordinates": [
          44.29638038051885,
          33.27657200446316
        ],
        "type": "Point"
      },
      "properties": {
        "charger_bus_voltage_v": 650.0,
        "charger_contact_count": 8,
        "charger_efficiency": 0.98,
        "charger_max_current_a": 3300.0,
        "charger_max_kw": 2000.0,
        "grid_export_kw": 2400.0,
        "grid_import_kw": 2400.0,
        "line": "line-9",
        "pv_nameplate_kw": 300.0,
        "station": "line-9-1241-0448-s080108",
        "storage_capacity_kwh": 2000.0,
        "storage_initial_soc": 0.5,
        "storage_max_charge_kw": 2000.0,
        "storage_max_discharge_kw": 2000.0,
        "storage_module_kwh": 500.0,
        "tier": "interchange"
      },
      "type": "Feature"
    },
    {
      "geometry": {
        "coordinates": [
          44.28284199930884,
          33.282150955620345
        ],
        "type": "Point"
      },
      "properties": {
        "charger_bus_voltage_v": 650.0,
        "charger_contact_count": 8,
        "charger_efficiency": 0.98,
        "charger_max_current_a": 3300.0,
        "charger_max_kw": 2000.0,
        "grid_export_kw": 2400.0,
        "grid_import_kw": 2400.0,
        "line": "line-9",
        "pv_nameplate_kw": 300.0,
        "station": "line-9-1210-0385-s082531",
        "storage_capacity_kwh": 2000.0,
        "storage_initial_soc": 0.5,
        "storage_max_charge_kw": 2000.0,
        "storage_max_discharge_kw": 2000.0,
        "storage_module_kwh": 500.0,
        "tier": "interchange"
      },
      "type": "Feature"
    },
    {
      "geometry": {
        "coordinates": [
          44.29100800702282,
          33.29672821509556
        ],
        "type": "Point"
      },
      "properties": {
        "charger_bus_voltage_v": 650.0,
        "charger_contact_count": 8,
        "charger_efficiency": 0.98,
        "charger_max_current_a": 3300.0,
        "charger_max_kw": 2000.0,
        "grid_export_kw": 2400.0,
        "grid_import_kw": 2400.0,
        "line": "line-9",
        "pv_nameplate_kw": 300.0,
        "station": "line-9-1129-0423-s085079",
        "storage_capacity_kwh": 2000.0,
        "storage_initial_soc": 0.5,
        "storage_max_charge_kw": 2000.0,
        "storage_max_discharge_kw": 2000.0,
        "storage_module_kwh": 500.0,
        "tier": "interchange"
      },
      "type": "Feature"
    },
    {
      "geometry": {
        "coordinates": [
          44.28735479304551,
          33.3057265234136
        ],
        "type": "Point"
      },
      "properties": {
        "charger_bus_voltage_v": 650.0,
        "charger_contact_count": 8,
        "charger_efficiency": 0.98,
        "charger_max_current_a": 3300.0,
        "charger_max_kw": 2000.0,
        "grid_export_kw": 2400.0,
        "grid_import_kw": 2400.0,
        "line": "line-9",
        "pv_nameplate_kw": 300.0,
        "station": "line-9-1079-0406-s086220",
        "storage_capacity_kwh": 2000.0,
        "storage_initial_soc": 0.5,
        "storage_max_charge_kw": 2000.0,
        "storage_max_discharge_kw": 2000.0,
        "storage_module_kwh": 500.0,
        "tier": "interchange"
      },
      "type": "Feature"
    },
    {
      "geometry": {
        "coordinates": [
          44.300248489435994,
          33.32282330921787
        ],
        "type": "Point"
      },
      "properties": {
        "charger_bus_voltage_v": 650.0,
        "charger_contact_count": 8,
        "charger_efficiency": 0.98,
        "charger_max_current_a": 3300.0,
        "charger_max_kw": 2000.0,
        "grid_export_kw": 2400.0,
        "grid_import_kw": 2400.0,
        "line": "line-9",
        "pv_nameplate_kw": 300.0,
        "station": "line-9-0984-0466-s088947",
        "storage_capacity_kwh": 2000.0,
        "storage_initial_soc": 0.5,
        "storage_max_charge_kw": 2000.0,
        "storage_max_discharge_kw": 2000.0,
        "storage_module_kwh": 500.0,
        "tier": "interchange"
      },
      "type": "Feature"
    },
    {
      "geometry": {
        "coordinates": [
          44.30046338437583,
          33.328222294208686
        ],
        "type": "Point"
      },
      "properties": {
        "charger_bus_voltage_v": 650.0,
        "charger_contact_count": 8,
        "charger_efficiency": 0.98,
        "charger_max_current_a": 3300.0,
        "charger_max_kw": 2000.0,
        "grid_export_kw": 2400.0,
        "grid_import_kw": 2400.0,
        "line": "line-9",
        "pv_nameplate_kw": 300.0,
        "station": "line-9-0954-0467-s089572",
        "storage_capacity_kwh": 2000.0,
        "storage_initial_soc": 0.5,
        "storage_max_charge_kw": 2000.0,
        "storage_max_discharge_kw": 2000.0,
        "storage_module_kwh": 500.0,
        "tier": "interchange"
      },
      "type": "Feature"
    },
    {
      "geometry": {
        "coordinates": [
          44.30347191353361,
          33.34747867400929
        ],
        "type": "Point"
      },
      "properties": {
        "charger_bus_voltage_v": 650.0,
        "charger_contact_count": 8,
        "charger_efficiency": 0.98,
        "charger_max_current_a": 3300.0,
        "charger_max_kw": 2000.0,
        "grid_export_kw": 2400.0,
        "grid_import_kw": 2400.0,
        "line": "line-9",
        "pv_nameplate_kw": 300.0,
        "station": "line-9-0847-0481-s091928",
        "storage_capacity_kwh": 2000.0,
        "storage_initial_soc": 0.5,
        "storage_max_charge_kw": 2000.0,
        "storage_max_discharge_kw": 2000.0,
        "storage_module_kwh": 500.0,
        "tier": "interchange"
      },
      "type": "Feature"
    },
    {
      "geometry": {
        "coordinates": [
          44.32474651257791,
          33.351437929669224
        ],
        "type": "Point"
      },
      "properties": {
        "charger_bus_voltage_v": 650.0,
        "charger_contact_count": 8,
        "charger_efficiency": 0.98,
        "charger_max_current_a": 3300.0,
        "charger_max_kw": 2000.0,
        "grid_export_kw": 2400.0,
        "grid_import_kw": 2400.0,
        "line": "line-9",
        "pv_nameplate_kw": 300.0,
        "station": "line-9-0825-0580-s094205",
        "storage_capacity_kwh": 2000.0,
        "storage_initial_soc": 0.5,
        "storage_max_charge_kw": 2000.0,
        "storage_max_discharge_kw": 2000.0,
        "storage_module_kwh": 500.0,
        "tier": "interchange"
      },
      "type": "Feature"
    },
    {
      "geometry": {
        "coordinates": [
          44.32539119739743,
          33.36277579814995
        ],
        "type": "Point"
      },
      "properties": {
        "charger_bus_voltage_v": 650.0,
        "charger_contact_count": 8,
        "charger_efficiency": 0.98,
        "charger_max_current_a": 3300.0,
        "charger_max_kw": 2000.0,
        "grid_export_kw": 2400.0,
        "grid_import_kw": 2400.0,
        "line": "line-9",
        "pv_nameplate_kw": 300.0,
        "station": "line-9-0762-0583-s095601",
        "storage_capacity_kwh": 2000.0,
        "storage_initial_soc": 0.5,
        "storage_max_charge_kw": 2000.0,
        "storage_max_discharge_kw": 2000.0,
        "storage_module_kwh": 500.0,
        "tier": "interchange"
      },
      "type": "Feature"
    },
    {
      "geometry": {
        "coordinates": [
          44.324531617638065,
          33.36493539214628
        ],
        "type": "Point"
      },
      "properties": {
        "charger_bus_voltage_v": 650.0,
        "charger_contact_count": 8,
        "charger_efficiency": 0.98,
        "charger_max_current_a": 3300.0,
        "charger_max_kw": 2000.0,
        "grid_export_kw": 2400.0,
        "grid_import_kw": 2400.0,
        "line": "line-9",
        "pv_nameplate_kw": 300.0,
        "station": "line-9-0750-0579-s095874",
        "storage_capacity_kwh": 2000.0,
        "storage_initial_soc": 0.5,
        "storage_max_charge_kw": 2000.0,
        "storage_max_discharge_kw": 2000.0,
        "storage_module_kwh": 500.0,
        "tier": "interchange"
      },
      "type": "Feature"
    }
  ],
  "type": "FeatureCollection"
}
