
                        S T E P       1


                                INCREMENT     1


 displacements (vx,vy,vz) for set ALLN and time  0.1000000E+01

         1 -1.576864E-03 -1.776517E+00  6.414755E-02
         2  0.000000E+00  0.000000E+00  0.000000E+00
         3  4.402458E-02  1.678699E+00  5.701367E-03
         4  7.562973E-02  4.271727E+00  1.792668E-02
         5  8.982390E-02  6.575398E+00  2.555180E-02
         6  9.887581E-02  9.011712E+00  2.874588E-02
         7  1.011703E-01  1.135225E+01  1.764741E-02
         8  1.036499E-01  1.352760E+01  0.000000E+00
         9  1.053281E-01  1.582949E+01  2.974164E-02
        10  4.344159E-02 -1.152579E+00  6.207791E-02
        11  4.490218E-02  7.441683E-01  1.373147E-02
        12  5.978930E-02  2.598220E+00  1.025789E-02
        13  7.264558E-02  5.021020E+00  1.671630E-02
        14  8.125111E-02  7.369492E+00  2.586292E-02
        15  8.507139E-02  9.720844E+00  2.674623E-02
        16  8.872385E-02  1.204869E+01  1.781606E-02
        17  9.094884E-02  1.417901E+01  9.895439E-03
        18  9.061033E-02  1.646145E+01  2.912806E-02
        19  6.915891E-02 -5.482689E-02  6.176431E-02
        20  6.918410E-02  2.140510E+00  2.057040E-02
        21  6.928697E-02  4.164435E+00  1.020618E-02
        22  7.293521E-02  6.495295E+00  1.719666E-02
        23  7.776842E-02  8.759676E+00  2.538172E-02
        24  8.226335E-02  1.102589E+01  2.635861E-02
        25  8.437666E-02  1.329227E+01  1.818543E-02
        26  8.371333E-02  1.537122E+01  1.519017E-02
        27  8.276324E-02  1.760241E+01  2.962190E-02
        28  8.190018E-02  1.702011E-01  6.211882E-02
        29  7.860268E-02  2.426617E+00  2.176743E-02
        30  7.546657E-02  4.516029E+00  1.152269E-02
        31  7.596153E-02  6.785097E+00  1.808735E-02
        32  7.833268E-02  9.041621E+00  2.636827E-02
        33  8.160738E-02  1.129335E+01  2.712521E-02
        34  8.231350E-02  1.353817E+01  1.884252E-02
        35  7.940513E-02  1.561100E+01  1.605878E-02
        36  7.702414E-02  1.783609E+01  3.031166E-02
        37 -2.730056E+00 -1.844996E+00 -6.309392E-02
        38 -2.736919E+00  0.000000E+00  0.000000E+00
        39 -2.771029E+00  1.967907E+00 -5.558934E-03
        40 -2.798520E+00  4.136998E+00 -1.437371E-02
        41 -2.817666E+00  6.639106E+00 -2.210533E-02
        42 -2.824753E+00  8.981420E+00 -2.671152E-02
        43 -2.828548E+00  1.136630E+01 -1.581958E-02
        44 -2.830499E+00  1.352207E+01  0.000000E+00
        45 -2.832469E+00  1.583073E+01 -2.952824E-02
        46 -2.772634E+00 -1.201217E+00 -6.260498E-02
        47 -2.775602E+00  7.596702E-01 -1.344332E-02
        48 -2.788046E+00  2.739746E+00 -5.878239E-03
        49 -2.800698E+00  4.981323E+00 -1.566439E-02
        50 -2.808201E+00  7.374141E+00 -2.165988E-02
        51 -2.812731E+00  9.720313E+00 -2.488405E-02
        52 -2.815751E+00  1.204519E+01 -1.603064E-02
        53 -2.818259E+00  1.417950E+01 -9.576121E-03
        54 -2.817524E+00  1.646091E+01 -2.887371E-02
        55 -2.799217E+00 -7.002001E-02 -6.180371E-02
        56 -2.798638E+00  2.136519E+00 -1.963910E-02
        57 -2.798487E+00  4.232481E+00 -7.651300E-03
        58 -2.801233E+00  6.465387E+00 -1.479279E-02
        59 -2.805560E+00  8.760898E+00 -2.218524E-02
        60 -2.809517E+00  1.103074E+01 -2.390149E-02
        61 -2.811465E+00  1.328764E+01 -1.673102E-02
        62 -2.810657E+00  1.537275E+01 -1.458142E-02
        63 -2.809807E+00  1.760169E+01 -2.946658E-02
        64 -2.811699E+00  1.705296E-01 -6.214129E-02
        65 -2.808433E+00  2.424730E+00 -2.083346E-02
        66 -2.804624E+00  4.519811E+00 -8.880878E-03
        67 -2.804361E+00  6.782060E+00 -1.566965E-02
        68 -2.806281E+00  9.042946E+00 -2.316158E-02
        69 -2.808803E+00  1.129311E+01 -2.462321E-02
        70 -2.809273E+00  1.353829E+01 -1.738964E-02
        71 -2.806266E+00  1.561095E+01 -1.543507E-02
        72 -2.803913E+00  1.783611E+01 -3.016606E-02

 stresses (elem, integ.pnt.,sxx,syy,szz,sxy,sxz,syz) for set ALLE and time  0.1000000E+01

         1   1  1.727225E+01  5.824106E-01  5.896821E+00  1.248519E+00  1.408969E-01  1.888232E-13
         1   2  1.727225E+01 -4.426154E-01  4.871795E+00  1.248519E+00  1.408969E-01  1.485956E-13
         1   3 -1.745158E+01  5.824106E-01 -4.520326E+00  1.248519E+00 -2.199360E-01  2.807719E-13
         1   4 -1.745158E+01 -4.426154E-01 -5.545351E+00  1.248519E+00 -2.199360E-01  1.476378E-13
         1   5  1.797783E+01  7.940853E-01  5.896821E+00  1.450804E+00  1.408969E-01  7.936047E-14
         1   6  1.797783E+01 -2.309407E-01  4.871795E+00  1.450804E+00  1.408969E-01  1.227351E-13
         1   7 -1.674599E+01  7.940853E-01 -4.520326E+00  1.450804E+00 -2.199360E-01  1.527005E-13
         1   8 -1.674599E+01 -2.309407E-01 -5.545351E+00  1.450804E+00 -2.199360E-01  9.044357E-14
         2   1 -1.346638E+01  4.275449E-01 -4.942291E+00  5.551593E+00 -2.014515E-01  1.319026E-13
         2   2 -1.346638E+01 -1.364340E+00 -6.734176E+00  5.551593E+00 -2.014515E-01 -2.517643E-14
         2   3  2.236219E+01  4.275449E-01  5.806282E+00  5.551593E+00  4.841710E-01 -8.674921E-14
         2   4  2.236219E+01 -1.364340E+00  4.014397E+00  5.551593E+00  4.841710E-01  7.224539E-14
         2   5 -1.343671E+01  4.364457E-01 -4.942291E+00  5.167229E+00 -2.014515E-01  9.796913E-14
         2   6 -1.343671E+01 -1.355439E+00 -6.734176E+00  5.167229E+00 -2.014515E-01 -9.851645E-15
         2   7  2.239186E+01  4.364457E-01  5.806282E+00  5.167229E+00  4.841710E-01 -1.209563E-13
         2   8  2.239186E+01 -1.355439E+00  4.014397E+00  5.167229E+00  4.841710E-01  1.225982E-13
         3   1  1.002514E+01 -1.712718E+00  4.345871E-01 -1.367277E+00  4.863094E-01 -4.050121E-14
         3   2  1.002514E+01  9.335127E-01  3.080817E+00 -1.367277E+00  4.863094E-01 -1.885495E-13
         3   3 -4.225065E+00 -1.712718E+00 -3.840475E+00 -1.367277E+00 -3.734410E-01 -2.397234E-13
         3   4 -4.225065E+00  9.335127E-01 -1.194245E+00 -1.367277E+00 -3.734410E-01 -1.539319E-14
         3   5  1.009030E+01 -1.693170E+00  4.345871E-01 -8.852960E-01  4.863094E-01  7.224539E-14
         3   6  1.009030E+01  9.530599E-01  3.080817E+00 -8.852960E-01  4.863094E-01 -2.700308E-13
         3   7 -4.159907E+00 -1.693170E+00 -3.840475E+00 -8.852960E-01 -3.734410E-01 -4.422294E-13
         3   8 -4.159907E+00  9.530599E-01 -1.194245E+00 -8.852960E-01 -3.734410E-01  5.958877E-14
         4   1 -1.790321E+00  9.897146E-01 -7.922820E-02  1.853940E+00 -3.485740E-01  1.602261E-13
         4   2 -1.790321E+00 -9.948366E-02 -1.168426E+00  1.853940E+00 -3.485740E-01 -2.960967E-13
         4   3  5.241090E+00  9.897146E-01  2.030195E+00  1.853940E+00  3.120761E-01 -1.433962E-13
         4   4  5.241090E+00 -9.948366E-02  9.409968E-01  1.853940E+00  3.120761E-01  3.464495E-13
         4   5 -1.885196E+00  9.612523E-01 -7.922820E-02  1.483575E+00 -3.485740E-01  1.012530E-14
         4   6 -1.885196E+00 -1.279460E-01 -1.168426E+00  1.483575E+00 -3.485740E-01  2.900762E-13
         4   7  5.146215E+00  9.612523E-01  2.030195E+00  1.483575E+00  3.120761E-01  9.112771E-14
         4   8  5.146215E+00 -1.279460E-01  9.409968E-01  1.483575E+00  3.120761E-01  6.157278E-13
         5   1  2.565083E+00 -5.908832E-01 -4.624081E-02  1.174145E-02  1.141263E-01  1.734984E-13
         5   2  2.565083E+00  2.396447E-01  7.842871E-01  1.174145E-02  1.141263E-01  9.460316E-13
         5   3 -1.010689E+00 -5.908832E-01 -1.118972E+00  1.174145E-02 -2.183056E-01 -7.251905E-13
         5   4 -1.010689E+00  2.396447E-01 -2.884444E-01  1.174145E-02 -2.183056E-01  3.628689E-13
         5   5  2.620261E+00 -5.743298E-01 -4.624081E-02  1.981048E-01  1.141263E-01  4.570069E-13
         5   6  2.620261E+00  2.561981E-01  7.842871E-01  1.981048E-01  1.141263E-01  4.923086E-13
         5   7 -9.555106E-01 -5.743298E-01 -1.118972E+00  1.981048E-01 -2.183056E-01 -3.716259E-13
         5   8 -9.555106E-01  2.561981E-01 -2.884444E-01  1.981048E-01 -2.183056E-01  8.543565E-13
         6   1 -3.021606E-01  2.688385E-01  2.686334E-02  6.464817E-01 -1.240871E-01  8.784383E-14
         6   2 -3.021606E-01  7.725382E-03 -2.342498E-01  6.464817E-01 -1.240871E-01  3.204521E-13
         6   3  1.100016E+00  2.688385E-01  4.475162E-01  6.464817E-01 -7.306374E-03 -5.144748E-14
         6   4  1.100016E+00  7.725382E-03  1.864031E-01  6.464817E-01 -7.306374E-03  3.905083E-13
         6   5 -5.131520E-01  2.055410E-01  2.686334E-02  5.810137E-01 -1.240871E-01  4.463342E-13
         6   6 -5.131520E-01 -5.557205E-02 -2.342498E-01  5.810137E-01 -1.240871E-01  1.378409E-12
         6   7  8.890241E-01  2.055410E-01  4.475162E-01  5.810137E-01 -7.306374E-03  1.661097E-13
         6   8  8.890241E-01 -5.557205E-02  1.864031E-01  5.810137E-01 -7.306374E-03  1.868802E-12
         7   1  7.354147E-01 -1.471168E-01  5.876565E-02  9.395017E-02 -9.023975E-02  1.073556E-12
         7   2  7.354147E-01 -6.544182E-02  1.404406E-01  9.395017E-02 -9.023975E-02  1.790536E-12
         7   3 -4.677640E-01 -1.471168E-01 -3.021880E-01  9.395017E-02 -2.796844E-01  2.818665E-14
         7   4 -4.677640E-01 -6.544182E-02 -2.205130E-01  9.395017E-02 -2.796844E-01  5.701639E-13
         7   5  9.047858E-01 -9.630550E-02  5.876565E-02  2.001540E-01 -9.023975E-02  4.591961E-13
         7   6  9.047858E-01 -1.463050E-02  1.404406E-01  2.001540E-01 -9.023975E-02  8.921212E-14
         7   7 -2.983929E-01 -9.630550E-02 -3.021880E-01  2.001540E-01 -2.796844E-01 -3.056746E-13
         7   8 -2.983929E-01 -1.463050E-02 -2.205130E-01  2.001540E-01 -2.796844E-01 -6.057393E-13
         8   1 -1.543324E-01 -6.800598E-02 -6.921007E-02  1.544348E-01 -2.028574E-02  1.597745E-12
         8   2 -1.543324E-01 -3.457606E-02 -3.578015E-02  1.544348E-01 -2.028574E-02  1.439435E-12
         8   3  1.694800E-01 -6.800598E-02  2.793364E-02  1.544348E-01  1.447968E-01  1.447644E-13
         8   4  1.694800E-01 -3.457606E-02  6.136357E-02  1.544348E-01  1.447968E-01  1.597335E-12
         8   5  1.614527E-01  2.672955E-02 -6.921007E-02  6.188854E-02 -2.028574E-02  9.333065E-13
         8   6  1.614527E-01  6.015948E-02 -3.578015E-02  6.188854E-02 -2.028574E-02  5.648276E-13
         8   7  4.852651E-01  2.672955E-02  2.793364E-02  6.188854E-02  1.447968E-01  1.441761E-12
         8   8  4.852651E-01  6.015948E-02  6.136357E-02  6.188854E-02  1.447968E-01  2.053521E-12
         9   1  7.400958E-01 -1.319316E-01  9.884326E-02  6.496638E-02 -3.412483E-01  7.005614E-14
         9   2  7.400958E-01 -5.731982E-01 -3.424234E-01  6.496638E-02 -3.412483E-01  3.152526E-13
         9   3 -8.383227E-01 -1.319316E-01 -3.746823E-01  6.496638E-02  3.431036E-01  1.926544E-13
         9   4 -8.383227E-01 -5.731982E-01 -8.159489E-01  6.496638E-02  3.431036E-01  2.101684E-13
         9   5  7.001761E-01 -1.439075E-01  9.884326E-02 -7.049295E-01 -3.412483E-01  5.254211E-14
         9   6  7.001761E-01 -5.851741E-01 -3.424234E-01 -7.049295E-01 -3.412483E-01  3.152526E-13
         9   7 -8.782424E-01 -1.439075E-01 -3.746823E-01 -7.049295E-01  3.431036E-01  2.627105E-13
         9   8 -8.782424E-01 -5.851741E-01 -8.159489E-01 -7.049295E-01  3.431036E-01  1.751404E-13
        10   1  3.989330E-01  1.617227E-01 -1.987340E-01 -7.427893E-01  6.717686E-01  1.751404E-13
        10   2  3.989330E-01  5.032190E-01  1.427623E-01 -7.427893E-01  6.717686E-01  2.627105E-13
        10   3  3.024237E+00  1.617227E-01  5.888571E-01 -7.427893E-01  1.191529E+00  5.254211E-14
        10   4  3.024237E+00  5.032190E-01  9.303534E-01 -7.427893E-01  1.191529E+00  1.926544E-13
        10   5  6.211923E-01  2.284005E-01 -1.987340E-01 -1.327520E+00  6.717686E-01  1.225982E-13
        10   6  6.211923E-01  5.698967E-01  1.427623E-01 -1.327520E+00  6.717686E-01  5.079070E-13
        10   7  3.246496E+00  2.284005E-01  5.888571E-01 -1.327520E+00  1.191529E+00  1.401123E-13
        10   8  3.246496E+00  5.698967E-01  9.303534E-01 -1.327520E+00  1.191529E+00  1.401123E-13
        11   1  1.411691E+00  4.820374E-01  4.543023E-01  1.083524E+00  3.761199E-01  3.677947E-13
        11   2  1.411691E+00  3.408787E-01  3.131436E-01  1.083524E+00  3.761199E-01  7.531035E-13
        11   3  1.627759E+00  4.820374E-01  5.191225E-01  1.083524E+00  3.161921E-02  3.502807E-13
        11   4  1.627759E+00  3.408787E-01  3.779638E-01  1.083524E+00  3.161921E-02  3.677947E-13
        11   5  1.442858E+00  4.913874E-01  4.543023E-01  1.471087E+00  3.761199E-01  1.751404E-13
        11   6  1.442858E+00  3.502287E-01  3.131436E-01  1.471087E+00  3.761199E-01  1.751404E-13
        11   7  1.658925E+00  4.913874E-01  5.191225E-01  1.471087E+00  3.161921E-02  1.050842E-13
        11   8  1.658925E+00  3.502287E-01  3.779638E-01  1.471087E+00  3.161921E-02  5.604491E-13
        12   1  1.204454E+00  1.397807E-01  2.056024E-01 -5.875462E-01  1.087707E-01 -7.005614E-14
        12   2  1.204454E+00  3.454262E-01  4.112478E-01 -5.875462E-01  1.087707E-01  2.451965E-13
        12   3  7.887930E-01  1.397807E-01  8.090423E-02 -5.875462E-01 -6.460737E-03  5.079070E-13
        12   4  7.887930E-01  3.454262E-01  2.865497E-01 -5.875462E-01 -6.460737E-03  7.180754E-13
        12   5  1.227604E+00  1.467259E-01  2.056024E-01 -4.579108E-01  1.087707E-01  7.005614E-14
        12   6  1.227604E+00  3.523714E-01  4.112478E-01 -4.579108E-01  1.087707E-01  1.173440E-12
        12   7  8.119437E-01  1.467259E-01  8.090423E-02 -4.579108E-01 -6.460737E-03  1.296039E-12
        12   8  8.119437E-01  3.523714E-01  2.865497E-01 -4.579108E-01 -6.460737E-03  6.830474E-13
        13   1  3.759350E-01  1.996727E-01  1.535033E-01  2.362287E-01 -7.911082E-02  4.028228E-13
        13   2  3.759350E-01  1.758409E-01  1.296715E-01  2.362287E-01 -7.911082E-02  5.429351E-13
        13   3  6.451032E-01  1.996727E-01  2.342538E-01  2.362287E-01 -3.082664E-01  1.506207E-12
        13   4  6.451032E-01  1.758409E-01  2.104219E-01  2.362287E-01 -3.082664E-01  1.383609E-12
        13   5  3.373071E-01  1.880844E-01  1.535033E-01  4.940288E-01 -7.911082E-02  7.531035E-13
        13   6  3.373071E-01  1.642525E-01  1.296715E-01  4.940288E-01 -7.911082E-02  1.366095E-12
        13   7  6.064753E-01  1.880844E-01  2.342538E-01  4.940288E-01 -3.082664E-01  7.531035E-13
        13   8  6.064753E-01  1.642525E-01  2.104219E-01  4.940288E-01 -3.082664E-01  1.173440E-12
        14   1  6.287109E-01  1.456614E-01  1.989225E-01 -1.647270E-01 -3.390623E-01  1.401123E-13
        14   2  6.287109E-01  1.479421E-01  2.012032E-01 -1.647270E-01 -3.390623E-01 -1.418637E-12
        14   3  2.760034E-01  1.456614E-01  9.311022E-02 -1.647270E-01 -4.612497E-01 -2.802246E-13
        14   4  2.760034E-01  1.479421E-01  9.539092E-02 -1.647270E-01 -4.612497E-01 -2.627105E-13
        14   5  6.310772E-01  1.463713E-01  1.989225E-01 -2.726615E-02 -3.390623E-01  1.786432E-12
        14   6  6.310772E-01  1.486520E-01  2.012032E-01 -2.726615E-02 -3.390623E-01 -3.327667E-13
        14   7  2.783696E-01  1.463713E-01  9.311022E-02 -2.726615E-02 -4.612497E-01  9.457579E-13
        14   8  2.783696E-01  1.486520E-01  9.539092E-02 -2.726615E-02 -4.612497E-01  1.401123E-13
        15   1  8.147108E-02 -6.800520E-02 -7.103249E-02  5.480158E-02 -5.397273E-01  7.531035E-13
        15   2  8.147108E-02 -2.751306E-01 -2.781579E-01  5.480158E-02 -5.397273E-01 -2.101684E-13
        15   3  1.512261E-01 -6.800520E-02 -5.010599E-02  5.480158E-02 -6.861934E-01 -1.593777E-12
        15   4  1.512261E-01 -2.751306E-01 -2.572314E-01  5.480158E-02 -6.861934E-01 -1.891516E-12
        15   5  1.310441E-01 -5.313328E-02 -7.103249E-02  2.195759E-01 -5.397273E-01 -4.903930E-13
        15   6  1.310441E-01 -2.602587E-01 -2.781579E-01  2.195759E-01 -5.397273E-01 -7.005614E-13
        15   7  2.007992E-01 -5.313328E-02 -5.010599E-02  2.195759E-01 -6.861934E-01 -4.378509E-13
        15   8  2.007992E-01 -2.602587E-01 -2.572314E-01  2.195759E-01 -6.861934E-01 -3.502807E-14
        16   1 -9.057069E-02 -3.644274E-01 -3.419337E-01  4.332736E-02  2.910952E-01  9.983000E-13
        16   2 -9.057069E-02 -6.491258E-02 -4.241887E-02  4.332736E-02  2.910952E-01  2.189254E-12
        16   3 -2.373456E-01 -3.644274E-01 -3.859662E-01  4.332736E-02  1.544599E-01  1.576263E-13
        16   4 -2.373456E-01 -6.491258E-02 -8.645135E-02  4.332736E-02  1.544599E-01  4.728789E-13
        16   5 -8.738758E-02 -3.634725E-01 -3.419337E-01  1.970421E-01  2.910952E-01  1.821460E-12
        16   6 -8.738758E-02 -6.395764E-02 -4.241887E-02  1.970421E-01  2.910952E-01  9.632719E-13
        16   7 -2.341625E-01 -3.634725E-01 -3.859662E-01  1.970421E-01  1.544599E-01  1.050842E-13
        16   8 -2.341625E-01 -6.395764E-02 -8.645135E-02  1.970421E-01  1.544599E-01  1.891516E-12
        17   1  1.227103E+00  7.913548E-03  3.936578E-01  3.803901E-01 -5.927166E-01  2.014114E-13
        17   2  1.227103E+00 -3.015827E-02  3.555860E-01  3.803901E-01 -5.927166E-01  3.590377E-13
        17   3 -1.284573E+00  7.913548E-03 -3.598451E-01  3.803901E-01  3.258961E-01  2.364395E-13
        17   4 -1.284573E+00 -3.015827E-02 -3.979169E-01  3.803901E-01  3.258961E-01  7.881316E-14
        17   5  1.287055E+00  2.589913E-02  3.936578E-01 -3.448305E-01 -5.927166E-01  2.101684E-13
        17   6  1.287055E+00 -1.217269E-02  3.555860E-01 -3.448305E-01 -5.927166E-01  3.152526E-13
        17   7 -1.224621E+00  2.589913E-02 -3.598451E-01 -3.448305E-01  3.258961E-01  2.189254E-13
        17   8 -1.224621E+00 -1.217269E-02 -3.979169E-01 -3.448305E-01  3.258961E-01 -1.138412E-13
        18   1 -1.354466E+00 -8.658089E-02 -4.323954E-01  3.320030E-01 -1.381934E-01  3.590377E-13
        18   2 -1.354466E+00 -1.165743E-01 -4.623887E-01  3.320030E-01 -1.381934E-01  1.838974E-13
        18   3  1.117868E+00 -8.658089E-02  3.093050E-01  3.320030E-01  3.573987E-01  2.977386E-13
        18   4  1.117868E+00 -1.165743E-01  2.793116E-01  3.320030E-01  3.573987E-01  6.918044E-13
        18   5 -1.187562E+00 -3.650949E-02 -4.323954E-01 -5.925394E-02 -1.381934E-01  8.757018E-14
        18   6 -1.187562E+00 -6.650287E-02 -4.623887E-01 -5.925394E-02 -1.381934E-01 -1.926544E-13
        18   7  1.284773E+00 -3.650949E-02  3.093050E-01 -5.925394E-02  3.573987E-01 -1.576263E-13
        18   8  1.284773E+00 -6.650287E-02  2.793116E-01 -5.925394E-02  3.573987E-01  8.757018E-14
        19   1  5.744916E-01  3.864990E-02  1.042509E-01 -4.055724E-01  2.393966E-01  5.867202E-13
        19   2  5.744916E-01 -4.023298E-02  2.536802E-02 -4.055724E-01  2.393966E-01 -5.341781E-13
        19   3  1.465231E-01  3.864990E-02 -2.413965E-02 -4.055724E-01 -1.877100E-02  4.290939E-13
        19   4  1.465231E-01 -4.023298E-02 -1.030225E-01 -4.055724E-01 -1.877100E-02 -1.050842E-13
        19   5  5.838630E-01  4.146134E-02  1.042509E-01 -2.017558E-01  2.393966E-01  7.881316E-13
        19   6  5.838630E-01 -3.742154E-02  2.536802E-02 -2.017558E-01  2.393966E-01  1.838974E-13
        19   7  1.558945E-01  4.146134E-02 -2.413965E-02 -2.017558E-01 -1.877100E-02  6.567763E-13
        19   8  1.558945E-01 -3.742154E-02 -1.030225E-01 -2.017558E-01 -1.877100E-02  1.313553E-13
        20   1  6.978409E-01 -1.025186E-02  5.517030E-02 -1.086815E-01  2.660090E-01  3.240096E-13
        20   2  6.978409E-01  9.712059E-03  7.513423E-02 -1.086815E-01  2.660090E-01  1.042085E-12
        20   3  2.654197E-01 -1.025186E-02 -7.455605E-02 -1.086815E-01 -6.465662E-02  4.991500E-13
        20   4  2.654197E-01  9.712059E-03 -5.459213E-02 -1.086815E-01 -6.465662E-02  9.282439E-13
        20   5  7.015675E-01 -9.133886E-03  5.517030E-02  1.523703E-01  2.660090E-01  7.531035E-13
        20   6  7.015675E-01  1.083004E-02  7.513423E-02  1.523703E-01  2.660090E-01  1.129655E-12
        20   7  2.691463E-01 -9.133886E-03 -7.455605E-02  1.523703E-01 -6.465662E-02  3.064956E-13
        20   8  2.691463E-01  1.083004E-02 -5.459213E-02  1.523703E-01 -6.465662E-02  1.182197E-12
        21   1  2.611496E-01  1.954805E-02 -5.442655E-02 -3.645911E-02  1.111978E-01  1.585020E-12
        21   2  2.611496E-01  3.225820E-02 -4.171640E-02 -3.645911E-02  1.111978E-01 -2.101684E-13
        21   3  7.073947E-01  1.954805E-02  7.944697E-02 -3.645911E-02 -9.774507E-02  6.129912E-13
        21   4  7.073947E-01  3.225820E-02  9.215712E-02 -3.645911E-02 -9.774507E-02  4.203368E-13
        21   5  2.142307E-01  5.472373E-03 -5.442655E-02  1.284958E-01  1.111978E-01  1.847731E-12
        21   6  2.142307E-01  1.818252E-02 -4.171640E-02  1.284958E-01  1.111978E-01 -4.378509E-14
        21   7  6.604758E-01  5.472373E-03  7.944697E-02  1.284958E-01 -9.774507E-02  8.844588E-13
        21   8  6.604758E-01  1.818252E-02  9.215712E-02  1.284958E-01 -9.774507E-02  1.077113E-12
        22   1  4.361510E-01 -4.401180E-02  1.865258E-02 -5.678385E-02  2.716576E-02  9.107298E-13
        22   2  4.361510E-01  4.153450E-02  1.041989E-01 -5.678385E-02  2.716576E-02  1.663833E-13
        22   3  5.680618E-05 -4.401180E-02 -1.121757E-01 -5.678385E-02 -1.637784E-01  1.514964E-12
        22   4  5.680618E-05  4.153450E-02 -2.662940E-02 -5.678385E-02 -1.637784E-01 -3.152526E-13
        22   5  4.178193E-01 -4.951132E-02  1.865258E-02  9.396156E-02  2.716576E-02  1.838974E-13
        22   6  4.178193E-01  3.603498E-02  1.041989E-01  9.396156E-02  2.716576E-02  1.138412E-13
        22   7 -1.827491E-02 -4.951132E-02 -1.121757E-01  9.396156E-02 -1.637784E-01  1.059599E-12
        22   8 -1.827491E-02  3.603498E-02 -2.662940E-02  9.396156E-02 -1.637784E-01 -6.567763E-13
        23   1 -1.872822E-01 -6.116648E-02 -6.631934E-02  2.578071E-02 -4.078445E-02 -8.056456E-13
        23   2 -1.872822E-01 -3.449084E-02 -3.964370E-02  2.578071E-02 -4.078445E-02 -6.042342E-13
        23   3 -7.603696E-02 -6.116648E-02 -3.294578E-02  2.578071E-02 -1.656476E-01  1.103384E-12
        23   4 -7.603696E-02 -3.449084E-02 -6.270140E-03  2.578071E-02 -1.656476E-01  1.409880E-12
        23   5 -1.103893E-01 -3.809864E-02 -6.631934E-02  1.243569E-01 -4.078445E-02  2.338124E-12
        23   6 -1.103893E-01 -1.142300E-02 -3.964370E-02  1.243569E-01 -4.078445E-02  6.129912E-14
        23   7  8.558490E-04 -3.809864E-02 -3.294578E-02  1.243569E-01 -1.656476E-01  7.618605E-13
        23   8  8.558490E-04 -1.142300E-02 -6.270140E-03  1.243569E-01 -1.656476E-01  1.716375E-12
        24   1 -5.922320E-02 -4.047120E-02 -5.811581E-03 -2.279647E-02  1.050172E-01  7.093184E-13
        24   2 -5.922320E-02 -6.080547E-02 -2.614585E-02 -2.279647E-02  1.050172E-01 -1.725132E-12
        24   3 -2.360419E-01 -4.047120E-02 -5.885718E-02 -2.279647E-02 -1.955111E-02  1.103384E-12
        24   4 -2.360419E-01 -6.080547E-02 -7.919145E-02 -2.279647E-02 -1.955111E-02 -3.502807E-13
        24   5 -4.977743E-03 -2.419756E-02 -5.811581E-03  7.554691E-02  1.050172E-01  5.341781E-13
        24   6 -4.977743E-03 -4.453183E-02 -2.614585E-02  7.554691E-02  1.050172E-01 -2.758461E-12
        24   7 -1.817964E-01 -2.419756E-02 -5.885718E-02  7.554691E-02 -1.955111E-02  6.655333E-13
        24   8 -1.817964E-01 -4.453183E-02 -7.919145E-02  7.554691E-02 -1.955111E-02 -8.494307E-13
        25   1 -2.716461E-01 -9.006157E-02 -3.436081E-02  6.756071E-02 -4.478192E-02  2.342502E-13
        25   2 -2.716461E-01 -3.677052E-02  1.893025E-02  6.756071E-02 -4.478192E-02  5.048968E-13
        25   3 -5.446153E-01 -9.006157E-02 -1.162516E-01  6.756071E-02 -1.287955E-01  3.283882E-13
        25   4 -5.446153E-01 -3.677052E-02 -6.296051E-02  6.756071E-02 -1.287955E-01  5.609964E-14
        25   5 -1.732769E-01 -6.055081E-02 -3.436081E-02  1.515743E-01 -4.478192E-02 -7.115077E-14
        25   6 -1.732769E-01 -7.259750E-03  1.893025E-02  1.515743E-01 -4.478192E-02  2.386287E-13
        25   7 -4.462461E-01 -6.055081E-02 -1.162516E-01  1.515743E-01 -1.287955E-01  1.193144E-13
        25   8 -4.462461E-01 -7.259750E-03 -6.296051E-02  1.515743E-01 -1.287955E-01 -2.922655E-13
        26   1 -5.758353E-01 -7.626888E-02 -9.819251E-02  2.235236E-01  2.420015E-03  4.069277E-13
        26   2 -5.758353E-01 -1.824905E-01 -2.044141E-01  2.235236E-01  2.420015E-03 -5.254211E-14
        26   3 -3.336406E-01 -7.626888E-02 -2.553410E-02  2.235236E-01  2.426824E-01  1.009794E-13
        26   4 -3.336406E-01 -1.824905E-01 -1.317557E-01  2.235236E-01  2.426824E-01  3.929712E-13
        26   5 -4.797981E-01 -4.745772E-02 -9.819251E-02 -1.673882E-02  2.420015E-03 -2.898025E-13
        26   6 -4.797981E-01 -1.536793E-01 -2.044141E-01 -1.673882E-02  2.420015E-03 -1.477747E-13
        26   7 -2.376034E-01 -4.745772E-02 -2.553410E-02 -1.673882E-02  2.426824E-01 -2.794036E-13
        26   8 -2.376034E-01 -1.536793E-01 -1.317557E-01 -1.673882E-02  2.426824E-01 -1.652887E-13
        27   1  9.545351E-02 -1.090858E-02  1.556598E-02  2.181194E-01  3.001234E-01 -1.598156E-13
        27   2  9.545351E-02  5.946515E-03  3.242107E-02  2.181194E-01  3.001234E-01 -2.417416E-13
        27   3 -3.620548E-02 -1.090858E-02 -2.393172E-02  2.181194E-01 -1.374990E-02 -1.455854E-13
        27   4 -3.620548E-02  5.946515E-03 -7.076626E-03  2.181194E-01 -1.374990E-02 -6.298553E-13
        27   5  1.402916E-01  2.542836E-03  1.556598E-02  5.319928E-01  3.001234E-01 -6.392623E-13
        27   6  1.402916E-01  1.939793E-02  3.242107E-02  5.319928E-01  3.001234E-01 -1.564599E-12
        27   7  8.632572E-03  2.542836E-03 -2.393172E-02  5.319928E-01 -1.374990E-02 -6.239375E-13
        27   8  8.632572E-03  1.939793E-02 -7.076626E-03  5.319928E-01 -1.374990E-02 -3.403949E-13
        28   1  2.358957E-01  7.980718E-02  6.786442E-02  3.006923E-01  2.402603E-03 -4.014545E-13
        28   2  2.358957E-01 -2.608132E-03 -1.455090E-02  3.006923E-01  2.402603E-03 -2.131786E-13
        28   3  2.985582E-01  7.980718E-02  8.666317E-02  3.006923E-01  1.429483E-01 -6.901624E-13
        28   4  2.985582E-01 -2.608132E-03  4.247852E-03  3.006923E-01  1.429483E-01 -9.304331E-15
        28   5  2.189398E-01  7.472040E-02  6.786442E-02  1.601466E-01  2.402603E-03 -7.525562E-14
        28   6  2.189398E-01 -7.694913E-03 -1.455090E-02  1.601466E-01  2.402603E-03 -3.776464E-13
        28   7  2.816023E-01  7.472040E-02  8.666317E-02  1.601466E-01  1.429483E-01 -1.623058E-12
        28   8  2.816023E-01 -7.694913E-03  4.247852E-03  1.601466E-01  1.429483E-01 -9.416530E-13
        29   1  3.942590E-01  2.173992E-02  2.611724E-02  3.753194E-02  1.061882E-02  1.696946E-12
        29   2  3.942590E-01  5.935188E-02  6.372920E-02  3.753194E-02  1.061882E-02  8.362952E-13
        29   3  3.344500E-01  2.173992E-02  8.174524E-03  3.753194E-02  2.193077E-02 -2.900762E-13
        29   4  3.344500E-01  5.935188E-02  4.578649E-02  3.753194E-02  2.193077E-02  1.021834E-12
        29   5  3.636321E-01  1.255184E-02  2.611724E-02  2.621999E-02  1.061882E-02  6.614285E-13
        29   6  3.636321E-01  5.016380E-02  6.372920E-02  2.621999E-02  1.061882E-02  4.679531E-13
        29   7  3.038230E-01  1.255184E-02  8.174524E-03  2.621999E-02  2.193077E-02 -1.184113E-12
        29   8  3.038230E-01  5.016380E-02  4.578649E-02  2.621999E-02  2.193077E-02  6.874259E-13
        30   1  7.847243E-02 -1.982127E-02 -2.494089E-02 -4.756226E-02 -6.797291E-02  7.621342E-13
        30   2  7.847243E-02  4.912825E-02  4.400863E-02 -4.756226E-02 -6.797291E-02  1.352686E-12
        30   3  9.487315E-02 -1.982127E-02 -2.002067E-02 -4.756226E-02 -1.212851E-01  8.702286E-13
        30   4  9.487315E-02  4.912825E-02  4.892884E-02 -4.756226E-02 -1.212851E-01  5.462190E-13
        30   5  6.074233E-02 -2.514030E-02 -2.494089E-02  5.749932E-03 -6.797291E-02  1.829669E-12
        30   6  6.074233E-02  4.380922E-02  4.400863E-02  5.749932E-03 -6.797291E-02 -1.365000E-12
        30   7  7.714305E-02 -2.514030E-02 -2.002067E-02  5.749932E-03 -1.212851E-01  1.138412E-13
        30   8  7.714305E-02  4.380922E-02  4.892884E-02  5.749932E-03 -1.212851E-01 -1.049747E-12
        31   1 -3.595935E-01 -1.168806E-01 -9.463738E-02 -2.019859E-01 -1.156298E-01  3.980338E-13
        31   2 -3.595935E-01 -8.364231E-02 -6.139913E-02 -2.019859E-01 -1.156298E-01 -7.416099E-13
        31   3 -4.415392E-01 -1.168806E-01 -1.192211E-01 -2.019859E-01 -9.674415E-02  1.334077E-13
        31   4 -4.415392E-01 -8.364231E-02 -8.598286E-02 -2.019859E-01 -9.674415E-02  1.723217E-12
        31   5 -2.932513E-01 -9.697792E-02 -9.463738E-02 -2.208715E-01 -1.156298E-01  1.990853E-13
        31   6 -2.932513E-01 -6.373967E-02 -6.139913E-02 -2.208715E-01 -1.156298E-01 -1.223246E-12
        31   7 -3.751971E-01 -9.697792E-02 -1.192211E-01 -2.208715E-01 -9.674415E-02 -3.474073E-13
        31   8 -3.751971E-01 -6.373967E-02 -8.598286E-02 -2.208715E-01 -9.674415E-02  6.844157E-13
        32   1 -3.099395E-01 -3.993475E-02 -3.767084E-02 -2.686836E-01  5.039646E-03 -1.888232E-13
        32   2 -3.099395E-01 -7.655467E-02 -7.429076E-02 -2.686836E-01  5.039646E-03 -3.694367E-14
        32   3 -2.761964E-01 -3.993475E-02 -2.754794E-02 -2.686836E-01  2.806434E-02  3.349559E-13
        32   4 -2.761964E-01 -7.655467E-02 -6.416786E-02 -2.686836E-01  2.806434E-02 -9.862591E-13
        32   5 -2.611037E-01 -2.528402E-02 -3.767084E-02 -2.917083E-01  5.039646E-03 -2.320610E-13
        32   6 -2.611037E-01 -6.190395E-02 -7.429076E-02 -2.917083E-01  5.039646E-03 -4.321041E-13
        32   7 -2.273607E-01 -2.528402E-02 -2.754794E-02 -2.917083E-01  2.806434E-02  8.510726E-13
        32   8 -2.273607E-01 -6.190395E-02 -6.416786E-02 -2.917083E-01  2.806434E-02  1.213668E-12
        33   1  4.321491E-01  3.563049E-02  2.199591E-01  1.865625E-01  1.091388E-01  1.154911E-01
        33   2  4.179402E-01 -1.565588E-02  1.828815E-01  1.865625E-01  1.320916E-01  1.154911E-01
        33   3 -1.201518E-01  3.563049E-02 -4.550744E-01  1.865625E-01 -2.906006E-01  1.154911E-01
        33   4 -1.343607E-01 -1.565588E-02 -4.921520E-01  1.865625E-01 -2.676478E-01  1.154911E-01
        33   5  4.505215E-01  4.325441E-02  2.269997E-01  3.187347E-01  1.205122E-01  1.973120E-01
        33   6  4.363126E-01 -8.031970E-03  1.899222E-01  3.187347E-01  1.434649E-01  1.973120E-01
        33   7 -1.017794E-01  4.325441E-02 -4.480338E-01  3.187347E-01 -2.792272E-01  1.973120E-01
        33   8 -1.159883E-01 -8.031970E-03 -4.851113E-01  3.187347E-01 -2.562745E-01  1.973120E-01
        34   1  1.578084E+00 -1.297060E-02  1.325684E+00  4.673612E-01 -8.929901E-01 -2.893188E-01
        34   2  1.459493E+00 -4.410227E-01  1.016223E+00  4.673612E-01 -1.084561E+00 -2.893188E-01
        34   3 -9.784787E-01 -1.297060E-02 -1.422042E+00  4.673612E-01  7.500968E-01 -2.893188E-01
        34   4 -1.097070E+00 -4.410227E-01 -1.731502E+00  4.673612E-01  5.585260E-01 -2.893188E-01
        34   5  1.564825E+00 -1.847270E-02  1.320603E+00  3.565168E-03 -8.847821E-01 -2.207009E-03
        34   6  1.446233E+00 -4.465248E-01  1.011142E+00  3.565168E-03 -1.076353E+00 -2.207009E-03
        34   7 -9.917379E-01 -1.847270E-02 -1.427123E+00  3.565168E-03  7.583049E-01 -2.207009E-03
        34   8 -1.110329E+00 -4.465248E-01 -1.736584E+00  3.565168E-03  5.667340E-01 -2.207009E-03
        35   1  2.156348E-01  2.119051E-01  1.400046E+00  1.464640E+00  9.831285E-01  9.764268E-01
        35   2  3.263999E-01  5.718919E-01  1.649267E+00  1.464640E+00  8.169808E-01  9.764268E-01
        35   3  1.722837E+00  2.119051E-01  7.777404E-01  1.464640E+00  7.975762E-01  9.764268E-01
        35   4  1.833602E+00  5.718919E-01  1.026962E+00  1.464640E+00  6.314284E-01  9.764268E-01
        35   5  3.001270E-01  2.485184E-01  1.437598E+00  2.049414E+00  1.039457E+00  1.366276E+00
        35   6  4.108922E-01  6.085052E-01  1.686819E+00  2.049414E+00  8.733089E-01  1.366276E+00
        35   7  1.807330E+00  2.485184E-01  8.152925E-01  2.049414E+00  8.539044E-01  1.366276E+00
        35   8  1.918095E+00  6.085052E-01  1.064514E+00  2.049414E+00  6.877566E-01  1.366276E+00
        36   1 -3.138013E-01 -1.978737E-01  5.859219E-01 -6.374061E-01 -3.374053E-01  4.249374E-01
        36   2 -3.287194E-01 -2.463577E-01  5.523561E-01 -6.374061E-01 -3.597826E-01  4.249374E-01
        36   3  3.965011E-02 -1.978737E-01 -1.381827E+00 -6.374061E-01  6.170150E-01  4.249374E-01
        36   4  2.473195E-02 -2.463577E-01 -1.415393E+00 -6.374061E-01  5.946378E-01  4.249374E-01
        36   5 -2.711483E-01 -1.793907E-01  6.048788E-01 -1.435291E+00 -3.658407E-01  9.568609E-01
        36   6 -2.860664E-01 -2.278747E-01  5.713130E-01 -1.435291E+00 -3.882179E-01  9.568609E-01
        36   7  8.230311E-02 -1.793907E-01 -1.362871E+00 -1.435291E+00  5.885797E-01  9.568609E-01
        36   8  6.738496E-02 -2.278747E-01 -1.396436E+00 -1.435291E+00  5.662025E-01  9.568609E-01
        37   1  1.699236E+00  5.238236E-01  1.704558E+00  1.537368E-01  9.726569E-01  9.517037E-02
        37   2  1.682505E+00  4.634313E-01  1.660897E+00  1.537368E-01  9.996849E-01  9.517037E-02
        37   3  9.797656E-01  5.238236E-01 -2.300693E-01  1.537368E-01 -1.283428E-01  9.517037E-02
        37   4  9.630340E-01  4.634313E-01 -2.737299E-01  1.537368E-01 -1.013148E-01  9.517037E-02
        37   5  1.710854E+00  5.286443E-01  1.709010E+00  7.402893E-01  9.798484E-01  4.582743E-01
        37   6  1.694122E+00  4.682520E-01  1.665349E+00  7.402893E-01  1.006876E+00  4.582743E-01
        37   7  9.913827E-01  5.286443E-01 -2.256174E-01  7.402893E-01 -1.211513E-01  4.582743E-01
        37   8  9.746510E-01  4.682520E-01 -2.692780E-01  7.402893E-01 -9.412330E-02  4.582743E-01
        38   1 -4.632714E-02 -2.527831E-01  2.764162E-01 -7.681768E-01 -3.019613E-01  4.755380E-01
        38   2 -9.055785E-02 -4.124325E-01  1.609976E-01 -7.681768E-01 -3.734109E-01  4.755380E-01
        38   3 -3.046253E-01 -2.527831E-01 -9.292663E-01 -7.681768E-01  3.743664E-01  4.755380E-01
        38   4 -3.488560E-01 -4.124325E-01 -1.044685E+00 -7.681768E-01  3.029168E-01  4.755380E-01
        38   5 -4.351894E-02 -2.516178E-01  2.774924E-01 -1.179461E+00 -3.036997E-01  7.301424E-01
        38   6 -8.774965E-02 -4.112672E-01  1.620738E-01 -1.179461E+00 -3.751493E-01  7.301424E-01
        38   7 -3.018171E-01 -2.516178E-01 -9.281901E-01 -1.179461E+00  3.726280E-01  7.301424E-01
        38   8 -3.460478E-01 -4.112672E-01 -1.043609E+00 -1.179461E+00  3.011784E-01  7.301424E-01
        39   1  1.141817E+00  1.402422E-02  1.112644E+00 -2.298342E-01  8.637465E-01 -1.422783E-01
        39   2  1.169724E+00  1.147546E-01  1.185467E+00 -2.298342E-01  8.186655E-01 -1.422783E-01
        39   3  1.207362E-01  1.402422E-02 -7.546128E-01 -2.298342E-01 -2.158025E-01 -1.422783E-01
        39   4  1.486434E-01  1.147546E-01 -6.817898E-01 -2.298342E-01 -2.608835E-01 -1.422783E-01
        39   5  1.143303E+00  1.464080E-02  1.113213E+00  2.576913E-01  8.646663E-01  1.595232E-01
        39   6  1.171210E+00  1.153712E-01  1.186036E+00  2.576913E-01  8.195853E-01  1.595232E-01
        39   7  1.222220E-01  1.464080E-02 -7.540434E-01  2.576913E-01 -2.148827E-01  1.595232E-01
        39   8  1.501293E-01  1.153712E-01 -6.812203E-01  2.576913E-01 -2.599636E-01  1.595232E-01
        40   1  3.718162E-01 -9.728801E-02  5.604436E-01  4.678711E-01 -4.579701E-01 -2.896345E-01
        40   2  4.064139E-01  2.759102E-02  6.507250E-01  4.678711E-01 -4.020816E-01 -2.896345E-01
        40   3 -9.918087E-03 -9.728801E-02 -7.379154E-01  4.678711E-01  2.757002E-01 -2.896345E-01
        40   4  2.467955E-02  2.759102E-02 -6.476340E-01  4.678711E-01  3.315887E-01 -2.896345E-01
        40   5  3.799851E-01 -9.389821E-02  5.635741E-01  4.989668E-02 -4.630270E-01 -3.088842E-02
        40   6  4.145827E-01  3.098082E-02  6.538555E-01  4.989668E-02 -4.071385E-01 -3.088842E-02
        40   7 -1.749223E-03 -9.389821E-02 -7.347850E-01  4.989668E-02  2.706433E-01 -3.088842E-02
        40   8  3.284841E-02  3.098082E-02 -6.445036E-01  4.989668E-02  3.265318E-01 -3.088842E-02
        41   1  4.209846E-01 -1.239451E-02  7.652252E-01 -3.616702E-01  4.759795E-01 -2.238911E-01
        41   2  3.954392E-01 -1.045995E-01  6.985656E-01 -3.616702E-01  5.172450E-01 -2.238911E-01
        41   3 -1.022573E-01 -1.239451E-02 -9.721494E-01 -3.616702E-01 -5.064103E-01 -2.238911E-01
        41   4 -1.278026E-01 -1.045995E-01 -1.038809E+00 -3.616702E-01 -4.651448E-01 -2.238911E-01
        41   5  3.986555E-01 -2.166030E-02  7.566683E-01  1.946432E-01  4.621568E-01  1.204934E-01
        41   6  3.731102E-01 -1.138653E-01  6.900086E-01  1.946432E-01  5.034223E-01  1.204934E-01
        41   7 -1.245863E-01 -2.166030E-02 -9.807064E-01  1.946432E-01 -5.202331E-01  1.204934E-01
        41   8 -1.501316E-01 -1.138653E-01 -1.047366E+00  1.946432E-01 -4.789676E-01  1.204934E-01
        42   1  4.212265E-01  6.955444E-02  7.521864E-01 -4.956857E-02 -5.153305E-01  3.068530E-02
        42   2  4.436906E-01  1.506377E-01  8.108056E-01 -4.956857E-02 -4.790425E-01  3.068530E-02
        42   3  4.393239E-01  6.955444E-02 -4.025855E-01 -4.956857E-02  1.187118E-01  3.068530E-02
        42   4  4.617880E-01  1.506377E-01 -3.439663E-01 -4.956857E-02  1.549999E-01  3.068530E-02
        42   5  4.141028E-01  6.659834E-02  7.494564E-01 -5.073670E-01 -5.109206E-01  3.140843E-01
        42   6  4.365669E-01  1.476816E-01  8.080756E-01 -5.073670E-01 -4.746326E-01  3.140843E-01
        42   7  4.322002E-01  6.659834E-02 -4.053154E-01 -5.073670E-01  1.231218E-01  3.140843E-01
        42   8  4.546642E-01  1.476816E-01 -3.466962E-01 -5.073670E-01  1.594098E-01  3.140843E-01
        43   1 -3.630034E-03 -3.018401E-01  3.936078E-01 -2.816091E-01  3.231862E-01 -1.743295E-01
        43   2  1.127783E-03 -2.846669E-01  4.060232E-01 -2.816091E-01  3.155005E-01 -1.743295E-01
        43   3 -8.789440E-01 -3.018401E-01 -1.323068E+00 -2.816091E-01 -6.660258E-01 -1.743295E-01
        43   4 -8.741862E-01 -2.846669E-01 -1.310653E+00 -2.816091E-01 -6.737115E-01 -1.743295E-01
        43   5 -1.789810E-02 -3.077608E-01  3.881400E-01  1.818620E-01  3.143536E-01  1.125813E-01
        43   6 -1.314028E-02 -2.905877E-01  4.005554E-01  1.818620E-01  3.066678E-01  1.125813E-01
        43   7 -8.932121E-01 -3.077608E-01 -1.328536E+00  1.818620E-01 -6.748584E-01  1.125813E-01
        43   8 -8.884543E-01 -2.905877E-01 -1.316121E+00  1.818620E-01 -6.825442E-01  1.125813E-01
        44   1  1.000253E+00  3.095338E-01  1.236941E+00  1.858511E-01 -7.352390E-01 -1.150507E-01
        44   2  1.019828E+00  3.801876E-01  1.288021E+00  1.858511E-01 -7.036185E-01 -1.150507E-01
        44   3  5.558543E-01  3.095338E-01 -6.795541E-02  1.858511E-01  5.266215E-03 -1.150507E-01
        44   4  5.754289E-01  3.801876E-01 -1.687618E-02  1.858511E-01  3.688669E-02 -1.150507E-01
        44   5  1.009373E+00  3.133183E-01  1.240436E+00 -2.196123E-01 -7.408848E-01  1.359505E-01
        44   6  1.028948E+00  3.839721E-01  1.291516E+00 -2.196123E-01 -7.092643E-01  1.359505E-01
        44   7  5.649745E-01  3.133183E-01 -6.446039E-02 -2.196123E-01 -3.795857E-04  1.359505E-01
        44   8  5.845491E-01  3.839721E-01 -1.338116E-02 -2.196123E-01  3.124089E-02  1.359505E-01
        45   1 -1.320866E-01 -3.258546E-01  2.871534E-01 -2.900840E-01  2.295884E-01 -1.933893E-01
        45   2 -1.192964E-01 -2.842865E-01  3.159314E-01 -2.900840E-01  2.104031E-01 -1.933893E-01
        45   3 -7.403395E-01 -3.258546E-01 -1.446963E+00 -2.900840E-01 -6.881575E-01 -1.933893E-01
        45   4 -7.275493E-01 -2.842865E-01 -1.418185E+00 -2.900840E-01 -7.073428E-01 -1.933893E-01
        45   5 -1.237326E-01 -3.222346E-01  2.908663E-01  1.939521E-01  2.351577E-01  1.293014E-01
        45   6 -1.109425E-01 -2.806665E-01  3.196442E-01  1.939521E-01  2.159724E-01  1.293014E-01
        45   7 -7.319856E-01 -3.222346E-01 -1.443250E+00  1.939521E-01 -6.825882E-01  1.293014E-01
        45   8 -7.191954E-01 -2.806665E-01 -1.414472E+00  1.939521E-01 -7.017735E-01  1.293014E-01
        46   1  7.414779E-01  3.394348E-01  1.414267E+00 -2.655026E-02 -7.352575E-01  1.770017E-02
        46   2  6.731647E-01  1.174170E-01  1.260562E+00 -2.655026E-02 -8.377273E-01  1.770017E-02
        46   3  5.127451E-01  3.394348E-01  6.439922E-02 -2.655026E-02 -4.126252E-02  1.770017E-02
        46   4  4.444319E-01  1.174170E-01 -8.930546E-02 -2.655026E-02 -1.437323E-01  1.770017E-02
        46   5  7.736688E-01  3.533842E-01  1.428574E+00 -4.616394E-01 -7.567181E-01  3.077596E-01
        46   6  7.053556E-01  1.313664E-01  1.274869E+00 -4.616394E-01 -8.591879E-01  3.077596E-01
        46   7  5.449360E-01  3.533842E-01  7.870629E-02 -4.616394E-01 -6.272313E-02  3.077596E-01
        46   8  4.766228E-01  1.313664E-01 -7.499839E-02 -4.616394E-01 -1.651929E-01  3.077596E-01
        47   1  3.660081E-01 -2.258045E-01  7.230983E-01 -3.227183E-01  6.653501E-01 -1.997780E-01
        47   2  4.292749E-01  2.554712E-03  8.881908E-01 -3.227183E-01  5.631500E-01 -1.997780E-01
        47   3 -2.939389E-01 -2.258045E-01 -8.052891E-01 -3.227183E-01 -2.091916E-01 -1.997780E-01
        47   4 -2.306722E-01  2.554712E-03 -6.401966E-01 -3.227183E-01 -3.113917E-01 -1.997780E-01
        47   5  3.753019E-01 -2.219479E-01  7.266599E-01  1.186385E-01  6.711034E-01  7.344290E-02
        47   6  4.385687E-01  6.411316E-03  8.917524E-01  1.186385E-01  5.689032E-01  7.344290E-02
        47   7 -2.846451E-01 -2.219479E-01 -8.017276E-01  1.186385E-01 -2.034383E-01  7.344290E-02
        47   8 -2.213784E-01  6.411316E-03 -6.366351E-01  1.186385E-01 -3.056384E-01  7.344290E-02
        48   1  1.636073E-01 -4.354565E-03  4.649483E-01  7.140546E-03 -2.357217E-01 -4.420338E-03
        48   2  1.776873E-01  4.646673E-02  5.016896E-01  7.140546E-03 -2.129771E-01 -4.420338E-03
        48   3 -1.578868E-01 -4.354565E-03 -7.113672E-01  7.140546E-03  4.277254E-01 -4.420338E-03
        48   4 -1.438068E-01  4.646673E-02 -6.746259E-01  7.140546E-03  4.504700E-01 -4.420338E-03
        48   5  1.732569E-01 -3.503308E-04  4.686462E-01 -3.774059E-01 -2.416953E-01  2.336322E-01
        48   6  1.873369E-01  5.047097E-02  5.053875E-01 -3.774059E-01 -2.189506E-01  2.336322E-01
        48   7 -1.482373E-01 -3.503308E-04 -7.076693E-01 -3.774059E-01  4.217518E-01  2.336322E-01
        48   8 -1.341573E-01  5.047097E-02 -6.709280E-01 -3.774059E-01  4.444964E-01  2.336322E-01
        49   1 -1.588479E+00  6.242521E-01 -8.095534E+00  3.152526E-13  1.670773E+00  1.936676E+00
        49   2 -2.106631E+00  1.060996E-01 -8.095534E+00 -5.779632E-13  1.670773E+00  1.936676E+00
        49   3  3.021907E+00  6.242521E-01  7.272418E+00  3.502807E-14 -1.874682E+00  1.936676E+00
        49   4  2.503754E+00  1.060996E-01  7.272418E+00 -5.254211E-13 -1.874682E+00  1.936676E+00
        49   5 -1.588479E+00  8.091760E-01 -7.479121E+00  1.225982E-13  1.670773E+00 -1.608779E+00
        49   6 -2.106631E+00  2.910235E-01 -7.479121E+00 -6.830474E-13  1.670773E+00 -1.608779E+00
        49   7  3.021907E+00  8.091760E-01  7.888831E+00 -2.276825E-13 -1.874682E+00 -1.608779E+00
        49   8  2.503754E+00  2.910235E-01  7.888831E+00 -5.254211E-13 -1.874682E+00 -1.608779E+00
        50   1  8.263797E-01  3.444165E-02  2.611011E+00  1.751404E-13 -4.263627E-01 -4.354557E-02
        50   2  8.131652E-01  2.122709E-02  2.611011E+00 -7.531035E-13 -4.263627E-01 -4.354557E-02
        50   3 -7.592023E-01  3.444165E-02 -2.674263E+00 -2.802246E-13  2.444442E-01 -4.354557E-02
        50   4 -7.724169E-01  2.122709E-02 -2.674263E+00 -4.903930E-13  2.444442E-01 -4.354557E-02
        50   5  8.263797E-01  3.273575E-02  2.605324E+00  2.276825E-13 -4.263627E-01  6.272613E-01
        50   6  8.131652E-01  1.952118E-02  2.605324E+00 -7.355895E-13 -4.263627E-01  6.272613E-01
        50   7 -7.592023E-01  3.273575E-02 -2.679949E+00 -3.502807E-13  2.444442E-01  6.272613E-01
        50   8 -7.724169E-01  1.952118E-02 -2.679949E+00 -4.028228E-13  2.444442E-01  6.272613E-01
        51   1  2.650540E+00  1.303239E-01  8.673702E+00  2.101684E-13  4.614110E-02  4.071990E-01
        51   2  2.667117E+00  1.469009E-01  8.673702E+00 -5.954772E-13  4.614110E-02  4.071990E-01
        51   3 -2.414710E+00  1.303239E-01 -8.210467E+00  0.000000E+00 -5.318931E-01  4.071990E-01
        51   4 -2.398133E+00  1.469009E-01 -8.210467E+00 -3.853088E-13 -5.318931E-01  4.071990E-01
        51   5  2.650540E+00  1.055062E-01  8.590976E+00  1.926544E-13  4.614110E-02 -1.708352E-01
        51   6  2.667117E+00  1.220832E-01  8.590976E+00 -5.779632E-13  4.614110E-02 -1.708352E-01
        51   7 -2.414710E+00  1.055062E-01 -8.293193E+00 -1.751404E-14 -5.318931E-01 -1.708352E-01
        51   8 -2.398133E+00  1.220832E-01 -8.293193E+00 -3.677947E-13 -5.318931E-01 -1.708352E-01
        52   1 -2.643153E+00  4.395969E-01 -7.123903E+00 -3.502807E-14 -6.995121E-02 -1.974176E+00
        52   2 -2.577546E+00  5.052037E-01 -7.123903E+00  1.838974E-13 -6.995121E-02 -1.974176E+00
        52   3  3.403334E+00  4.395969E-01  1.303105E+01  7.005614E-14  4.328651E+00 -1.974176E+00
        52   4  3.468941E+00  5.052037E-01  1.303105E+01  4.378509E-14  4.328651E+00 -1.974176E+00
        52   5 -2.643153E+00  3.205846E-01 -7.520610E+00 -7.005614E-14 -6.995121E-02  2.424427E+00
        52   6 -2.577546E+00  3.861914E-01 -7.520610E+00  1.663833E-13 -6.995121E-02  2.424427E+00
        52   7  3.403334E+00  3.205846E-01  1.263435E+01  1.313553E-14  4.328651E+00  2.424427E+00
        52   8  3.468941E+00  3.861914E-01  1.263435E+01 -4.378509E-14  4.328651E+00  2.424427E+00
        53   1  8.136863E-01 -8.213541E-02  4.025711E+00 -7.881316E-14 -4.468458E-01 -6.540701E-01
        53   2  1.203667E+00  3.078448E-01  4.025711E+00  4.290939E-13 -4.468458E-01 -6.540701E-01
        53   3 -9.341690E-01 -8.213541E-02 -1.800473E+00 -1.751404E-13  2.189340E-01 -6.540701E-01
        53   4 -5.441888E-01  3.078448E-01 -1.800473E+00  4.378509E-13  2.189340E-01 -6.540701E-01
        53   5  8.136863E-01 -3.834734E-02  4.171672E+00  1.050842E-13 -4.468458E-01  1.170972E-02
        53   6  1.203667E+00  3.516329E-01  4.171672E+00  4.466079E-13 -4.468458E-01  1.170972E-02
        53   7 -9.341690E-01 -3.834734E-02 -1.654513E+00 -7.881316E-14  2.189340E-01  1.170972E-02
        53   8 -5.441888E-01  3.516329E-01 -1.654513E+00  4.290939E-13  2.189340E-01  1.170972E-02
        54   1  3.804177E+00  2.360668E-01  1.238804E+01  2.451965E-13 -4.794003E-01 -4.692995E-01
        54   2  3.912117E+00  3.440066E-01  1.238804E+01  7.355895E-13 -4.794003E-01 -4.692995E-01
        54   3 -3.310148E+00  2.360668E-01 -1.132638E+01  4.728789E-13  6.400131E-01 -4.692995E-01
        54   4 -3.202208E+00  3.440066E-01 -1.132638E+01  3.502807E-13  6.400131E-01 -4.692995E-01
        54   5  3.804177E+00  2.579621E-01  1.246102E+01  2.451965E-13 -4.794003E-01  6.501139E-01
        54   6  3.912117E+00  3.659019E-01  1.246102E+01  6.655333E-13 -4.794003E-01  6.501139E-01
        54   7 -3.310148E+00  2.579621E-01 -1.125339E+01  2.276825E-13  6.400131E-01  6.501139E-01
        54   8 -3.202208E+00  3.659019E-01 -1.125339E+01  3.327667E-13  6.400131E-01  6.501139E-01
        55   1 -6.588401E+00 -3.335576E+00 -1.130088E+01  8.757018E-14  2.424441E+00  2.991359E+00
        55   2 -4.389414E+00 -1.136589E+00 -1.130088E+01  5.429351E-13  2.424441E+00  2.991359E+00
        55   3 -9.971497E-02 -3.335576E+00  1.032807E+01  2.977386E-13 -1.228358E-01  2.991359E+00
        55   4  2.099273E+00 -1.136589E+00  1.032807E+01 -3.502807E-14 -1.228358E-01  2.991359E+00
        55   5 -6.588401E+00 -3.352540E+00 -1.135743E+01 -1.751404E-14  2.424441E+00  4.440821E-01
        55   6 -4.389414E+00 -1.153552E+00 -1.135743E+01  3.853088E-13  2.424441E+00  4.440821E-01
        55   7 -9.971497E-02 -3.352540E+00  1.027153E+01  2.101684E-13 -1.228358E-01  4.440821E-01
        55   8  2.099273E+00 -1.153552E+00  1.027153E+01 -7.005614E-14 -1.228358E-01  4.440821E-01
        56   1  8.699345E-01 -1.592050E-01  3.297652E+00  3.502807E-13  5.795459E-01 -1.505101E+00
        56   2  8.884251E-01 -1.407144E-01  3.297652E+00  5.254211E-13  5.795459E-01 -1.505101E+00
        56   3 -1.176977E+00 -1.592050E-01 -3.525385E+00 -1.050842E-13  6.170015E-01 -1.505101E+00
        56   4 -1.158486E+00 -1.407144E-01 -3.525385E+00  7.355895E-13  6.170015E-01 -1.505101E+00
        56   5  8.699345E-01 -1.478372E-01  3.335545E+00  0.000000E+00  5.795459E-01 -1.467646E+00
        56   6  8.884251E-01 -1.293466E-01  3.335545E+00  3.677947E-13  5.795459E-01 -1.467646E+00
        56   7 -1.176977E+00 -1.478372E-01 -3.487492E+00  1.050842E-13  6.170015E-01 -1.467646E+00
        56   8 -1.158486E+00 -1.293466E-01 -3.487492E+00  3.152526E-13  6.170015E-01 -1.467646E+00
        57   1  3.837712E+00  1.603688E-01  1.286028E+01  3.502807E-13  1.002646E+00  9.323090E-01
        57   2  3.869423E+00  1.920804E-01  1.286028E+01  5.954772E-13  1.002646E+00  9.323090E-01
        57   3 -3.540514E+00  1.603688E-01 -1.173380E+01  7.355895E-13  5.416530E-01  9.323090E-01
        57   4 -3.508802E+00  1.920804E-01 -1.173380E+01  2.451965E-13  5.416530E-01  9.323090E-01
        57   5  3.837712E+00  1.368291E-01  1.278182E+01  1.225982E-13  1.002646E+00  4.713162E-01
        57   6  3.869423E+00  1.685407E-01  1.278182E+01  3.677947E-13  1.002646E+00  4.713162E-01
        57   7 -3.540514E+00  1.368291E-01 -1.181227E+01  5.079070E-13  5.416530E-01  4.713162E-01
        57   8 -3.508802E+00  1.685407E-01 -1.181227E+01 -4.028228E-13  5.416530E-01  4.713162E-01
        58   1 -2.853781E+00  3.754763E-01 -1.085777E+01  7.531035E-13 -4.618570E-01 -9.458912E-01
        58   2 -3.442183E+00 -2.129250E-01 -1.085777E+01  8.757018E-13 -4.618570E-01 -9.458912E-01
        58   3  3.578796E+00  3.754763E-01  1.058415E+01  3.152526E-13  8.721180E-01 -9.458912E-01
        58   4  2.990395E+00 -2.129250E-01  1.058415E+01  1.751404E-14  8.721180E-01 -9.458912E-01
        58   5 -2.853781E+00  3.495389E-01 -1.094423E+01  1.138412E-13 -4.618570E-01  3.880838E-01
        58   6 -3.442183E+00 -2.388624E-01 -1.094423E+01  6.480193E-13 -4.618570E-01  3.880838E-01
        58   7  3.578796E+00  3.495389E-01  1.049769E+01  1.663833E-13  8.721180E-01  3.880838E-01
        58   8  2.990395E+00 -2.388624E-01  1.049769E+01 -1.050842E-13  8.721180E-01  3.880838E-01
        59   1  4.905385E-01 -3.917731E-01  2.806735E+00 -3.327667E-13  3.488455E-01  6.295957E-01
        59   2  5.713049E-01 -3.110067E-01  2.806735E+00  2.802246E-13  3.488455E-01  6.295957E-01
        59   3 -1.273733E+00 -3.917731E-01 -3.074171E+00 -1.576263E-13  7.694600E-02  6.295957E-01
        59   4 -1.192967E+00 -3.110067E-01 -3.074171E+00  7.531035E-13  7.694600E-02  6.295957E-01
        59   5  4.905385E-01 -3.914217E-01  2.807906E+00  3.853088E-13  3.488455E-01  3.576962E-01
        59   6  5.713049E-01 -3.106553E-01  2.807906E+00 -5.954772E-13  3.488455E-01  3.576962E-01
        59   7 -1.273733E+00 -3.914217E-01 -3.073000E+00 -1.576263E-13  7.694600E-02  3.576962E-01
        59   8 -1.192967E+00 -3.106553E-01 -3.073000E+00  3.677947E-13  7.694600E-02  3.576962E-01
        60   1  3.835484E+00 -5.765854E-02  1.322785E+01 -8.056456E-13  7.755068E-01  2.148248E-02
        60   2  3.962934E+00  6.979105E-02  1.322785E+01  4.203368E-13  7.755068E-01  2.148248E-02
        60   3 -3.937386E+00 -5.765854E-02 -1.268172E+01  8.406737E-13  5.037596E-01  2.148248E-02
        60   4 -3.809936E+00  6.979105E-02 -1.268172E+01  5.779632E-13  5.037596E-01  2.148248E-02
        60   5  3.835484E+00 -4.424312E-02  1.327257E+01 -5.254211E-14  7.755068E-01 -2.502647E-01
        60   6  3.962934E+00  8.320647E-02  1.327257E+01  0.000000E+00  7.755068E-01 -2.502647E-01
        60   7 -3.937386E+00 -4.424312E-02 -1.263700E+01  5.429351E-13  5.037596E-01 -2.502647E-01
        60   8 -3.809936E+00  8.320647E-02 -1.263700E+01  5.779632E-13  5.037596E-01 -2.502647E-01
        61   1 -4.057995E+00 -1.167008E+00 -1.014292E+01 -4.028228E-13 -2.988560E-03  1.374819E+00
        61   2 -3.351552E+00 -4.605660E-01 -1.014292E+01  8.757018E-13 -2.988560E-03  1.374819E+00
        61   3  1.748651E+00 -1.167008E+00  9.212564E+00  1.576263E-13 -8.063325E-01  1.374819E+00
        61   4  2.455093E+00 -4.605660E-01  9.212564E+00 -4.203368E-13 -8.063325E-01  1.374819E+00
        61   5 -4.057995E+00 -1.142336E+00 -1.006068E+01 -9.632719E-13 -2.988560E-03  5.714747E-01
        61   6 -3.351552E+00 -4.358933E-01 -1.006068E+01  4.553649E-13 -2.988560E-03  5.714747E-01
        61   7  1.748651E+00 -1.142336E+00  9.294806E+00 -8.231596E-13 -8.063325E-01  5.714747E-01
        61   8  2.455093E+00 -4.358933E-01  9.294806E+00 -1.050842E-13 -8.063325E-01  5.714747E-01
        62   1  8.296911E-01 -1.207314E-01  3.014465E+00  3.502807E-14  1.941041E-01  2.711139E-01
        62   2  7.247760E-01 -2.256465E-01  3.014465E+00  4.903930E-13  1.941041E-01  2.711139E-01
        62   3 -1.080396E+00 -1.207314E-01 -3.352493E+00 -1.225982E-12  1.287609E-02  2.711139E-01
        62   4 -1.185311E+00 -2.256465E-01 -3.352493E+00  7.005614E-14  1.287609E-02  2.711139E-01
        62   5  8.296911E-01 -1.299738E-01  2.983657E+00  2.977386E-13  1.941041E-01  8.988590E-02
        62   6  7.247760E-01 -2.348889E-01  2.983657E+00  4.203368E-13  1.941041E-01  8.988590E-02
        62   7 -1.080396E+00 -1.299738E-01 -3.383301E+00  1.751404E-14  1.287609E-02  8.988590E-02
        62   8 -1.185311E+00 -2.348889E-01 -3.383301E+00  1.751404E-13  1.287609E-02  8.988590E-02
        63   1  3.304338E+00 -5.124857E-02  1.150173E+01  3.853088E-13  1.918596E-01  3.365048E-02
        63   2  3.329409E+00 -2.617822E-02  1.150173E+01 -1.401123E-13  1.918596E-01  3.365048E-02
        63   3 -3.413737E+00 -5.124857E-02 -1.089186E+01  1.401123E-12  3.411195E-01  3.365048E-02
        63   4 -3.388667E+00 -2.617822E-02 -1.089186E+01  4.903930E-13  3.411195E-01  3.365048E-02
        63   5  3.304338E+00 -5.815018E-02  1.147872E+01 -1.453665E-12  1.918596E-01  1.829104E-01
        63   6  3.329409E+00 -3.307983E-02  1.147872E+01  5.079070E-13  1.918596E-01  1.829104E-01
        63   7 -3.413737E+00 -5.815018E-02 -1.091486E+01  4.028228E-13  3.411195E-01  1.829104E-01
        63   8 -3.388667E+00 -3.307983E-02 -1.091486E+01 -2.276825E-13  3.411195E-01  1.829104E-01
        64   1 -2.838483E+00 -2.121234E-02 -9.756899E+00 -7.005614E-13 -9.269430E-01  1.484091E-01
        64   2 -2.986400E+00 -1.691296E-01 -9.756899E+00  8.581877E-13 -9.269430E-01  1.484091E-01
        64   3  2.777511E+00 -2.121234E-02  8.963081E+00 -3.502807E-13 -6.018192E-01  1.484091E-01
        64   4  2.629594E+00 -1.691296E-01  8.963081E+00  4.553649E-13 -6.018192E-01  1.484091E-01
        64   5 -2.838483E+00 -3.975925E-02 -9.818722E+00  6.480193E-13 -9.269430E-01  4.735330E-01
        64   6 -2.986400E+00 -1.876765E-01 -9.818722E+00  1.436151E-12 -9.269430E-01  4.735330E-01
        64   7  2.777511E+00 -3.975925E-02  8.901258E+00 -2.627105E-13 -6.018192E-01  4.735330E-01
        64   8  2.629594E+00 -1.876765E-01  8.901258E+00  1.173440E-12 -6.018192E-01  4.735330E-01
        65   1  7.314771E-01 -1.423759E-01  2.777615E+00 -1.225982E-13 -1.492419E-01  4.502684E-01
        65   2  6.631040E-01 -2.107490E-01  2.777615E+00 -1.050842E-13 -1.492419E-01  4.502684E-01
        65   3 -1.027216E+00 -1.423759E-01 -3.084694E+00 -7.005614E-14 -3.224105E-01  4.502684E-01
        65   4 -1.095589E+00 -2.107490E-01 -3.084694E+00 -6.655333E-13 -3.224105E-01  4.502684E-01
        65   5  7.314771E-01 -1.533625E-01  2.740993E+00  2.627105E-13 -1.492419E-01  2.770997E-01
        65   6  6.631040E-01 -2.217356E-01  2.740993E+00  2.977386E-13 -1.492419E-01  2.770997E-01
        65   7 -1.027216E+00 -1.533625E-01 -3.121316E+00 -7.005614E-13 -3.224105E-01  2.770997E-01
        65   8 -1.095589E+00 -2.217356E-01 -3.121316E+00  9.807860E-13 -3.224105E-01  2.770997E-01
        66   1  3.087733E+00 -5.108089E-02  1.068502E+01 -2.101684E-13 -9.444835E-02  2.894901E-01
        66   2  3.137705E+00 -1.108727E-03  1.068502E+01  1.085870E-12 -9.444835E-02  2.894901E-01
        66   3 -3.186695E+00 -5.108089E-02 -1.022974E+01 -2.627105E-13 -3.739515E-01  2.894901E-01
        66   4 -3.136722E+00 -1.108727E-03 -1.022974E+01 -5.604491E-13 -3.739515E-01  2.894901E-01
        66   5  3.087733E+00 -4.788105E-02  1.069569E+01 -1.716375E-12 -9.444835E-02  9.986956E-03
        66   6  3.137705E+00  2.091120E-03  1.069569E+01  1.015814E-12 -9.444835E-02  9.986956E-03
        66   7 -3.186695E+00 -4.788105E-02 -1.021907E+01  3.502807E-14 -3.739515E-01  9.986956E-03
        66   8 -3.136722E+00  2.091120E-03 -1.021907E+01  7.881316E-13 -3.739515E-01  9.986956E-03
        67   1 -2.898528E+00 -2.690459E-01 -9.064455E+00 -2.627105E-13 -1.236259E+00  7.751902E-01
        67   2 -2.783052E+00 -1.535694E-01 -9.064455E+00 -1.523721E-12 -1.236259E+00  7.751902E-01
        67   3  2.427533E+00 -2.690459E-01  8.689081E+00  5.429351E-13 -1.531356E+00  7.751902E-01
        67   4  2.543009E+00 -1.535694E-01  8.689081E+00  1.050842E-12 -1.531356E+00  7.751902E-01
        67   5 -2.898528E+00 -2.019496E-01 -8.840801E+00  1.155926E-12 -1.236259E+00  4.800933E-01
        67   6 -2.783052E+00 -8.647300E-02 -8.840801E+00  1.926544E-13 -1.236259E+00  4.800933E-01
        67   7  2.427533E+00 -2.019496E-01  8.912736E+00 -1.576263E-13 -1.531356E+00  4.800933E-01
        67   8  2.543009E+00 -8.647300E-02  8.912736E+00 -9.983000E-13 -1.531356E+00  4.800933E-01
        68   1  8.615428E-01 -6.499878E-03  3.014768E+00  2.802246E-13 -3.360810E-01  2.867851E-01
        68   2  8.764353E-01  8.392605E-03  3.014768E+00  1.751404E-12 -3.360810E-01  2.867851E-01
        68   3 -8.946713E-01 -6.499878E-03 -2.839279E+00 -2.977386E-13 -4.600953E-01  2.867851E-01
        68   4 -8.797788E-01  8.392605E-03 -2.839279E+00  1.506207E-12 -4.600953E-01  2.867851E-01
        68   5  8.615428E-01 -2.662864E-02  2.947673E+00 -8.581877E-13 -3.360810E-01  1.627708E-01
        68   6  8.764353E-01 -1.173615E-02  2.947673E+00  1.436151E-12 -3.360810E-01  1.627708E-01
        68   7 -8.946713E-01 -2.662864E-02 -2.906375E+00 -1.296039E-12 -4.600953E-01  1.627708E-01
        68   8 -8.797788E-01 -1.173615E-02 -2.906375E+00 -1.453665E-12 -4.600953E-01  1.627708E-01
        69   1  3.144534E+00  1.178437E-01  1.037790E+01 -5.079070E-13 -6.187289E-01 -5.371236E-04
        69   2  3.177909E+00  1.512191E-01  1.037790E+01 -4.378509E-13 -6.187289E-01 -5.371236E-04
        69   3 -2.907501E+00  1.178437E-01 -9.795555E+00  1.366095E-12 -5.285973E-01 -5.371236E-04
        69   4 -2.874126E+00  1.512191E-01 -9.795555E+00  7.005614E-13 -5.285973E-01 -5.371236E-04
        69   5  3.144534E+00  1.191889E-01  1.038238E+01 -4.378509E-13 -6.187289E-01  8.959452E-02
        69   6  3.177909E+00  1.525643E-01  1.038238E+01 -1.926544E-13 -6.187289E-01  8.959452E-02
        69   7 -2.907501E+00  1.191889E-01 -9.791071E+00  1.103384E-12 -5.285973E-01  8.959452E-02
        69   8 -2.874126E+00  1.525643E-01 -9.791071E+00 -3.502807E-14 -5.285973E-01  8.959452E-02
        70   1 -1.812227E+00  7.726602E-01 -6.487004E+00  2.276825E-13 -6.653146E-01  4.736473E-01
        70   2 -1.985550E+00  5.993364E-01 -6.487004E+00 -1.261011E-12 -6.653146E-01  4.736473E-01
        70   3  3.386989E+00  7.726602E-01  1.084371E+01 -1.278525E-12 -6.217231E-01  4.736473E-01
        70   4  3.213665E+00  5.993364E-01  1.084371E+01  2.802246E-13 -6.217231E-01  4.736473E-01
        70   5 -1.812227E+00  8.021019E-01 -6.388865E+00 -4.203368E-13 -6.653146E-01  5.172388E-01
        70   6 -1.985550E+00  6.287781E-01 -6.388865E+00 -2.276825E-13 -6.653146E-01  5.172388E-01
        70   7  3.386989E+00  8.021019E-01  1.094185E+01  1.751404E-14 -6.217231E-01  5.172388E-01
        70   8  3.213665E+00  6.287781E-01  1.094185E+01 -5.254211E-14 -6.217231E-01  5.172388E-01
        71   1  9.444005E-01  1.208340E-01  3.781895E+00 -1.138412E-12  4.349928E-03  2.655412E-01
        71   2  1.193094E+00  3.695275E-01  3.781895E+00 -2.101684E-12  4.349928E-03  2.655412E-01
        71   3 -7.140276E-01  1.208340E-01 -1.746199E+00 -2.977386E-13 -1.193661E-01  2.655412E-01
        71   4 -4.653341E-01  3.695275E-01 -1.746199E+00 -1.558749E-12 -1.193661E-01  2.655412E-01
        71   5  9.444005E-01  1.095389E-01  3.744244E+00  4.203368E-13  4.349928E-03  1.418252E-01
        71   6  1.193094E+00  3.582325E-01  3.744244E+00 -3.152526E-13  4.349928E-03  1.418252E-01
        71   7 -7.140276E-01  1.095389E-01 -1.783849E+00  1.576263E-13 -1.193661E-01  1.418252E-01
        71   8 -4.653341E-01  3.582325E-01 -1.783849E+00  3.502807E-14 -1.193661E-01  1.418252E-01
        72   1  3.111243E+00  2.239748E-01  1.004799E+01 -1.681347E-12 -2.069011E-01  1.896403E-01
        72   2  3.151181E+00  2.639128E-01  1.004799E+01  1.576263E-13 -2.069011E-01  1.896403E-01
        72   3 -2.662227E+00  2.239748E-01 -9.196916E+00 -1.015814E-12 -2.891166E-01  1.896403E-01
        72   4 -2.622289E+00  2.639128E-01 -9.196916E+00 -1.628805E-12 -2.891166E-01  1.896403E-01
        72   5  3.111243E+00  2.250412E-01  1.005154E+01  1.401123E-13 -2.069011E-01  1.074248E-01
        72   6  3.151181E+00  2.649792E-01  1.005154E+01  1.033328E-12 -2.069011E-01  1.074248E-01
        72   7 -2.662227E+00  2.250412E-01 -9.193361E+00  5.254211E-13 -2.891166E-01  1.074248E-01
        72   8 -2.622289E+00  2.649792E-01 -9.193361E+00 -6.129912E-13 -2.891166E-01  1.074248E-01
        73   1 -2.491107E+00 -1.712340E-02 -8.052772E+00 -1.155926E-12  3.896717E-01  3.639065E-01
        73   2 -2.398346E+00  7.563764E-02 -8.052772E+00  1.768918E-12  3.896717E-01  3.639065E-01
        73   3  2.361806E+00 -1.712340E-02  8.123606E+00  2.101684E-13  2.430640E-01  3.639065E-01
        73   4  2.454567E+00  7.563764E-02  8.123606E+00  3.327667E-13  2.430640E-01  3.639065E-01
        73   5 -2.491107E+00 -1.121778E-01 -8.369620E+00  1.786432E-12  3.896717E-01  2.172989E-01
        73   6 -2.398346E+00 -1.941672E-02 -8.369620E+00  1.944058E-12  3.896717E-01  2.172989E-01
        73   7  2.361806E+00 -1.121778E-01  7.806758E+00 -2.101684E-13  2.430640E-01  2.172989E-01
        73   8  2.454567E+00 -1.941672E-02  7.806758E+00 -5.254211E-14  2.430640E-01  2.172989E-01
        74   1  9.372325E-01  1.477499E-01  2.745861E+00  2.802246E-13  2.003901E-01  3.334369E-01
        74   2  8.660769E-01  7.659434E-02  2.745861E+00  8.757018E-13  2.003901E-01  3.334369E-01
        74   3 -6.309109E-01  1.477499E-01 -2.481284E+00  4.203368E-13  9.899970E-02  3.334369E-01
        74   4 -7.020665E-01  7.659434E-02 -2.481284E+00  3.853088E-13  9.899970E-02  3.334369E-01
        74   5  9.372325E-01  1.585716E-01  2.781933E+00  5.604491E-13  2.003901E-01  2.320466E-01
        74   6  8.660769E-01  8.741608E-02  2.781933E+00  1.155926E-12  2.003901E-01  2.320466E-01
        74   7 -6.309109E-01  1.585716E-01 -2.445211E+00 -1.401123E-13  9.899970E-02  2.320466E-01
        74   8 -7.020665E-01  8.741608E-02 -2.445211E+00  9.632719E-13  9.899970E-02  2.320466E-01
        75   1  2.863995E+00  1.314663E-01  9.408447E+00  2.977386E-13 -6.237790E-03  2.110366E-01
        75   2  2.887647E+00  1.551187E-01  9.408447E+00  1.961572E-12 -6.237790E-03  2.110366E-01
        75   3 -2.598161E+00  1.314663E-01 -8.798739E+00  1.838974E-12  9.323320E-02  2.110366E-01
        75   4 -2.574509E+00  1.551187E-01 -8.798739E+00  3.222582E-12  9.323320E-02  2.110366E-01
        75   5  2.863995E+00  1.343677E-01  9.418118E+00  2.977386E-13 -6.237790E-03  3.105076E-01
        75   6  2.887647E+00  1.580200E-01  9.418118E+00 -1.751404E-14 -6.237790E-03  3.105076E-01
        75   7 -2.598161E+00  1.343677E-01 -8.789068E+00 -1.225982E-13  9.323320E-02  3.105076E-01
        75   8 -2.574509E+00  1.580200E-01 -8.789068E+00  1.838974E-12  9.323320E-02  3.105076E-01
        76   1 -1.173954E+01  5.226371E-01 -3.071795E+00 -1.499772E+00  1.343360E-01 -1.198617E-13
        76   2 -1.173954E+01  1.155309E+00 -2.439123E+00 -1.499772E+00  1.343360E-01  1.392913E-13
        76   3  1.175653E+01  5.226371E-01  3.977027E+00 -1.499772E+00 -1.115954E-01 -1.477747E-14
        76   4  1.175653E+01  1.155309E+00  4.609699E+00 -1.499772E+00 -1.115954E-01  8.319167E-14
        76   5 -1.220635E+01  3.825950E-01 -3.071795E+00 -1.361901E+00  1.343360E-01  7.115077E-15
        76   6 -1.220635E+01  1.015267E+00 -2.439123E+00 -1.361901E+00  1.343360E-01  1.570790E-13
        76   7  1.128973E+01  3.825950E-01  3.977027E+00 -1.361901E+00 -1.115954E-01  8.209704E-15
        76   8  1.128973E+01  1.015267E+00  4.609699E+00 -1.361901E+00 -1.115954E-01  1.039896E-13
        77   1  4.744541E+00 -9.726827E-01  1.769067E+00 -3.187768E+00  6.988447E-03  1.451749E-13
        77   2  4.744541E+00 -2.162283E+00  5.794665E-01 -3.187768E+00  6.988447E-03 -9.632719E-14
        77   3 -1.377466E+01 -9.726827E-01 -3.786693E+00 -3.187768E+00 -5.467207E-01 -4.515337E-14
        77   4 -1.377466E+01 -2.162283E+00 -4.976294E+00 -3.187768E+00 -5.467207E-01  1.100100E-13
        77   5  4.503671E+00 -1.044944E+00  1.769067E+00 -2.877355E+00  6.988447E-03  5.418405E-14
        77   6  4.503671E+00 -2.234544E+00  5.794665E-01 -2.877355E+00  6.988447E-03 -6.403569E-14
        77   7 -1.401553E+01 -1.044944E+00 -3.786693E+00 -2.877355E+00 -5.467207E-01 -1.187671E-13
        77   8 -1.401553E+01 -2.234544E+00 -4.976294E+00 -2.877355E+00 -5.467207E-01  1.067262E-13
        78   1 -1.067628E+01 -1.337042E+00 -3.598005E+00  3.011807E+00 -4.288844E-01 -2.654471E-14
        78   2 -1.067628E+01  3.703735E-01 -1.890589E+00  3.011807E+00 -4.288844E-01 -1.554371E-13
        78   3  4.507366E+00 -1.337042E+00  9.570879E-01  3.011807E+00  4.499390E-01 -3.037590E-13
        78   4  4.507366E+00  3.703735E-01  2.664503E+00  3.011807E+00  4.499390E-01 -3.749098E-13
        78   5 -1.056572E+01 -1.303875E+00 -3.598005E+00  2.519134E+00 -4.288844E-01  1.310816E-13
        78   6 -1.056572E+01  4.035405E-01 -1.890589E+00  2.519134E+00 -4.288844E-01  2.993805E-13
        78   7  4.617922E+00 -1.303875E+00  9.570879E-01  2.519134E+00  4.499390E-01 -1.989485E-13
        78   8  4.617922E+00  4.035405E-01  2.664503E+00  2.519134E+00  4.499390E-01  7.936047E-14
        79   1  1.787794E+00  1.023099E+00  2.061922E+00 -3.527500E-01  2.257536E-01 -1.056315E-13
        79   2  1.787794E+00 -4.702361E-01  5.685868E-01 -3.527500E-01  2.257536E-01  8.070139E-13
        79   3 -5.218819E+00  1.023099E+00 -4.006158E-02 -3.527500E-01 -3.238960E-01 -1.789715E-13
        79   4 -5.218819E+00 -4.702361E-01 -1.533397E+00 -3.527500E-01 -3.238960E-01 -4.927191E-13
        79   5  1.706667E+00  9.987613E-01  2.061922E+00 -4.461310E-02  2.257536E-01  1.417542E-13
        79   6  1.706667E+00 -4.945742E-01  5.685868E-01 -4.461310E-02  2.257536E-01 -3.256516E-14
        79   7 -5.299946E+00  9.987613E-01 -4.006158E-02 -4.461310E-02 -3.238960E-01 -3.667001E-14
        79   8 -5.299946E+00 -4.945742E-01 -1.533397E+00 -4.461310E-02 -3.238960E-01  2.103052E-13
        80   1 -2.478876E+00 -4.729594E-01 -9.412667E-01  1.101819E+00 -9.083515E-02 -3.785358E-13
        80   2 -2.478876E+00  6.775351E-03 -4.615319E-01  1.101819E+00 -9.083515E-02 -4.219788E-13
        80   3  7.193125E-01 -4.729594E-01  1.818984E-02  1.101819E+00  2.674306E-01 -1.249927E-13
        80   4  7.193125E-01  6.775351E-03  4.979246E-01  1.101819E+00  2.674306E-01 -9.211288E-13
        80   5 -2.402736E+00 -4.501175E-01 -9.412667E-01  9.009731E-01 -9.083515E-02  1.567369E-13
        80   6 -2.402736E+00  2.961728E-02 -4.615319E-01  9.009731E-01 -9.083515E-02  2.572374E-14
        80   7  7.954522E-01 -4.501175E-01  1.818984E-02  9.009731E-01  2.674306E-01 -2.207726E-13
        80   8  7.954522E-01  2.961728E-02  4.979246E-01  9.009731E-01  2.674306E-01 -3.880453E-13
        81   1  5.784630E-01  2.569178E-01  5.630591E-01  1.233812E-01  1.532099E-01 -9.375482E-13
        81   2  5.784630E-01 -1.242289E-01  1.819124E-01  1.233812E-01  1.532099E-01  2.917181E-13
        81   3 -1.349997E+00  2.569178E-01 -1.547899E-02  1.233812E-01 -8.242793E-02  1.165778E-13
        81   4 -1.349997E+00 -1.242289E-01 -3.966257E-01  1.233812E-01 -8.242793E-02  2.952757E-13
        81   5  6.909445E-01  2.906623E-01  5.630591E-01  2.554812E-01  1.532099E-01 -1.154284E-12
        81   6  6.909445E-01 -9.048443E-02  1.819124E-01  2.554812E-01  1.532099E-01 -6.964566E-13
        81   7 -1.237516E+00  2.906623E-01 -1.547899E-02  2.554812E-01 -8.242793E-02 -1.080944E-12
        81   8 -1.237516E+00 -9.048443E-02 -3.966257E-01  2.554812E-01 -8.242793E-02 -6.233902E-13
        82   1 -4.906198E-01 -1.109215E-01 -2.201933E-01  3.453262E-01  1.913391E-01  2.698256E-13
        82   2 -4.906198E-01  9.629103E-02 -1.298077E-02  3.453262E-01  1.913391E-01  1.299870E-14
        82   3  1.410683E-01 -1.109215E-01 -3.068690E-02  3.453262E-01  1.965484E-01 -6.870154E-13
        82   4  1.410683E-01  9.629103E-02  1.765257E-01  3.453262E-01  1.965484E-01 -4.527652E-13
        82   5 -5.874104E-01 -1.399587E-01 -2.201933E-01  3.424058E-01  1.913391E-01  4.301885E-13
        82   6 -5.874104E-01  6.725386E-02 -1.298077E-02  3.424058E-01  1.913391E-01 -1.064525E-13
        82   7  4.427769E-02 -1.399587E-01 -3.068690E-02  3.424058E-01  1.965484E-01  4.548176E-13
        82   8  4.427769E-02  6.725386E-02  1.765257E-01  3.424058E-01  1.965484E-01 -2.919918E-13
        83   1  3.543853E-01  1.750076E-01  2.263191E-01  8.944053E-02 -1.212361E-01 -5.895936E-13
        83   2  3.543853E-01  1.661963E-02  6.793115E-02  8.944053E-02 -1.212361E-01  4.627536E-13
        83   3 -3.425660E-01  1.750076E-01  1.723370E-02  8.944053E-02 -1.226851E-02  9.461684E-13
        83   4 -3.425660E-01  1.661963E-02 -1.411542E-01  8.944053E-02 -1.226851E-02  3.527436E-13
        83   5 -4.892396E-04  6.854521E-02  2.263191E-01  2.835261E-02 -1.212361E-01 -3.270199E-13
        83   6 -4.892396E-04 -8.984273E-02  6.793115E-02  2.835261E-02 -1.212361E-01  2.339766E-13
        83   7 -6.974405E-01  6.854521E-02  1.723370E-02  2.835261E-02 -1.226851E-02  1.909577E-12
        83   8 -6.974405E-01 -8.984273E-02 -1.411542E-01  2.835261E-02 -1.226851E-02  1.875370E-12
        84   1 -8.619239E-01 -6.533515E-02 -2.637248E-01 -1.301202E-01 -2.440648E-01  1.926544E-13
        84   2 -8.619239E-01  3.446421E-01  1.462525E-01 -1.301202E-01 -2.440648E-01  3.502807E-13
        84   3  4.471034E-01 -6.533515E-02  1.289834E-01 -1.301202E-01  3.392824E-01  2.101684E-13
        84   4  4.471034E-01  3.446421E-01  5.389607E-01 -1.301202E-01  3.392824E-01  1.401123E-13
        84   5 -8.754941E-01 -6.940622E-02 -2.637248E-01 -7.863859E-01 -2.440648E-01  2.101684E-13
        84   6 -8.754941E-01  3.405710E-01  1.462525E-01 -7.863859E-01 -2.440648E-01  3.327667E-13
        84   7  4.335332E-01 -6.940622E-02  1.289834E-01 -7.863859E-01  3.392824E-01  2.101684E-13
        84   8  4.335332E-01  3.405710E-01  5.389607E-01 -7.863859E-01  3.392824E-01  2.627105E-13
        85   1 -1.206188E+00  4.302824E-03  2.515703E-03  1.175560E-01 -8.676938E-01  7.005614E-14
        85   2 -1.206188E+00 -4.755765E-02 -4.934477E-02  1.175560E-01 -8.676938E-01 -1.751404E-14
        85   3 -1.362263E+00  4.302824E-03 -4.430692E-02  1.175560E-01 -5.930961E-01  0.000000E+00
        85   4 -1.362263E+00 -4.755765E-02 -9.616740E-02  1.175560E-01 -5.930961E-01 -5.254211E-14
        85   5 -1.374177E+00 -4.609404E-02  2.515703E-03 -1.913665E-01 -8.676938E-01  1.751404E-13
        85   6 -1.374177E+00 -9.795452E-02 -4.934477E-02 -1.913665E-01 -8.676938E-01  1.225982E-13
        85   7 -1.530253E+00 -4.609404E-02 -4.430692E-02 -1.913665E-01 -5.930961E-01 -8.757018E-14
        85   8 -1.530253E+00 -9.795452E-02 -9.616740E-02 -1.913665E-01 -5.930961E-01  7.005614E-14
        86   1 -1.932122E+00 -2.316935E-01 -3.825891E-01 -8.624623E-02 -4.008257E-01 -2.276825E-13
        86   2 -1.932122E+00 -4.969845E-01 -6.478802E-01 -8.624623E-02 -4.008257E-01 -2.627105E-13
        86   3 -9.862608E-01 -2.316935E-01 -9.883077E-02 -8.624623E-02 -4.016048E-01 -2.802246E-13
        86   4 -9.862608E-01 -4.969845E-01 -3.641218E-01 -8.624623E-02 -4.016048E-01 -3.502807E-13
        86   5 -1.992232E+00 -2.497264E-01 -3.825891E-01 -8.536981E-02 -4.008257E-01  5.254211E-14
        86   6 -1.992232E+00 -5.150174E-01 -6.478802E-01 -8.536981E-02 -4.008257E-01 -8.757018E-14
        86   7 -1.046370E+00 -2.497264E-01 -9.883077E-02 -8.536981E-02 -4.016048E-01 -3.853088E-13
        86   8 -1.046370E+00 -5.150174E-01 -3.641218E-01 -8.536981E-02 -4.016048E-01 -2.627105E-13
        87   1 -9.381285E-01 -3.233161E-01 -3.301667E-01  3.272440E-01  1.666543E-01  4.203368E-13
        87   2 -9.381285E-01 -2.301190E-01 -2.369696E-01  3.272440E-01  1.666543E-01  8.581877E-13
        87   3 -8.935502E-01 -3.233161E-01 -3.167932E-01  3.272440E-01 -1.003566E-01  2.276825E-13
        87   4 -8.935502E-01 -2.301190E-01 -2.235961E-01  3.272440E-01 -1.003566E-01 -8.932158E-13
        87   5 -9.392210E-01 -3.236439E-01 -3.301667E-01  6.276313E-01  1.666543E-01 -4.553649E-13
        87   6 -9.392210E-01 -2.304467E-01 -2.369696E-01  6.276313E-01  1.666543E-01  5.254211E-13
        87   7 -8.946427E-01 -3.236439E-01 -3.167932E-01  6.276313E-01 -1.003566E-01 -9.632719E-13
        87   8 -8.946427E-01 -2.304467E-01 -2.235961E-01  6.276313E-01 -1.003566E-01 -3.502807E-13
        88   1 -4.285433E-01 -9.546105E-02 -5.473076E-02 -2.531573E-01  1.628393E-01  7.881316E-13
        88   2 -4.285433E-01 -2.411745E-01 -2.004442E-01 -2.531573E-01  1.628393E-01  3.502807E-13
        88   3 -6.887530E-01 -9.546105E-02 -1.327937E-01 -2.531573E-01  2.013952E-02  1.488693E-12
        88   4 -6.887530E-01 -2.411745E-01 -2.785072E-01 -2.531573E-01  2.013952E-02 -2.627105E-13
        88   5 -4.172178E-01 -9.206338E-02 -5.473076E-02 -9.262003E-02  1.628393E-01 -3.677947E-13
        88   6 -4.172178E-01 -2.377769E-01 -2.004442E-01 -9.262003E-02  1.628393E-01 -9.107298E-13
        88   7 -6.774275E-01 -9.206338E-02 -1.327937E-01 -9.262003E-02  2.013952E-02 -2.977386E-13
        88   8 -6.774275E-01 -2.377769E-01 -2.785072E-01 -9.262003E-02  2.013952E-02 -1.681347E-12
        89   1 -4.167961E-01 -1.933917E-01 -1.965363E-01  9.483831E-02  5.138476E-01 -2.627105E-13
        89   2 -4.167961E-01 -1.056964E-01 -1.088410E-01  9.483831E-02  5.138476E-01 -4.203368E-13
        89   3 -3.798185E-01 -1.933917E-01 -1.854430E-01  9.483831E-02  3.403634E-01 -1.243496E-12
        89   4 -3.798185E-01 -1.056964E-01 -9.774773E-02  9.483831E-02  3.403634E-01  1.296039E-12
        89   5 -4.007822E-01 -1.885876E-01 -1.965363E-01  2.900081E-01  5.138476E-01  1.208468E-12
        89   6 -4.007822E-01 -1.008923E-01 -1.088410E-01  2.900081E-01  5.138476E-01  5.254211E-13
        89   7 -3.638046E-01 -1.885876E-01 -1.854430E-01  2.900081E-01  3.403634E-01 -1.926544E-12
        89   8 -3.638046E-01 -1.008923E-01 -9.774773E-02  2.900081E-01  3.403634E-01  3.240096E-12
        90   1 -4.246023E-02  8.733260E-02  1.082533E-01 -8.306504E-02  6.209027E-01  1.138412E-12
        90   2 -4.246023E-02  2.438139E-01  2.647346E-01 -8.306504E-02  6.209027E-01 -2.451965E-13
        90   3 -2.463153E-01  8.733260E-02  4.709675E-02 -8.306504E-02  4.997352E-01  1.120898E-12
        90   4 -2.463153E-01  2.438139E-01  2.035781E-01 -8.306504E-02  4.997352E-01 -1.103384E-12
        90   5 -1.068441E-01  6.801743E-02  1.082533E-01  5.324840E-02  6.209027E-01  1.996600E-12
        90   6 -1.068441E-01  2.244987E-01  2.647346E-01  5.324840E-02  6.209027E-01  1.225982E-13
        90   7 -3.106992E-01  6.801743E-02  4.709675E-02  5.324840E-02  4.997352E-01  1.821460E-12
        90   8 -3.106992E-01  2.244987E-01  2.035781E-01  5.324840E-02  4.997352E-01  1.453665E-12
        91   1  1.821419E-01  3.517185E-01  3.484554E-01  8.387947E-02 -1.410634E-01 -1.050842E-12
        91   2  1.821419E-01  7.623059E-02  7.296741E-02  8.387947E-02 -1.410634E-01  3.502807E-14
        91   3  2.136683E-01  3.517185E-01  3.579133E-01  8.387947E-02 -2.857959E-01 -3.502807E-13
        91   4  2.136683E-01  7.623059E-02  8.242533E-02  8.387947E-02 -2.857959E-01  1.611291E-12
        91   5  1.919138E-01  3.546501E-01  3.484554E-01  2.467035E-01 -1.410634E-01  1.751404E-14
        91   6  1.919138E-01  7.916215E-02  7.296741E-02  2.467035E-01 -1.410634E-01 -4.553649E-13
        91   7  2.234402E-01  3.546501E-01  3.579133E-01  2.467035E-01 -2.857959E-01 -1.751404E-13
        91   8  2.234402E-01  7.916215E-02  8.242533E-02  2.467035E-01 -2.857959E-01 -9.457579E-13
        92   1 -7.031616E-01  2.578890E-02 -2.255868E-01  3.229152E-01 -2.296662E-01  3.765518E-13
        92   2 -7.031616E-01  3.265648E-02 -2.187192E-01  3.229152E-01 -2.296662E-01  4.641219E-13
        92   3  9.075020E-01  2.578890E-02  2.576123E-01  3.229152E-01  4.950745E-01  1.926544E-13
        92   4  9.075020E-01  3.265648E-02  2.644798E-01  3.229152E-01  4.950745E-01  9.632719E-14
        92   5 -7.683362E-01  6.236534E-03 -2.255868E-01 -2.492485E-01 -2.296662E-01  2.276825E-13
        92   6 -7.683362E-01  1.310412E-02 -2.187192E-01 -2.492485E-01 -2.296662E-01  3.677947E-13
        92   7  8.423275E-01  6.236534E-03  2.576123E-01 -2.492485E-01  4.950745E-01  3.502807E-14
        92   8  8.423275E-01  1.310412E-02  2.644798E-01 -2.492485E-01  4.950745E-01 -7.005614E-14
        93   1  6.814878E-01  6.195717E-02  2.023553E-01  1.425193E-01 -2.782304E-01  2.802246E-13
        93   2  6.814878E-01  1.141214E-01  2.545195E-01  1.425193E-01 -2.782304E-01 -2.014114E-13
        93   3 -4.131895E-01  6.195717E-02 -1.260479E-01  1.425193E-01  9.702680E-02 -2.539535E-13
        93   4 -4.131895E-01  1.141214E-01 -7.388370E-02  1.425193E-01  9.702680E-02  6.830474E-13
        93   5  5.227980E-01  1.435025E-02  2.023553E-01 -1.537364E-01 -2.782304E-01  1.663833E-13
        93   6  5.227980E-01  6.651443E-02  2.545195E-01 -1.537364E-01 -2.782304E-01  1.138412E-13
        93   7 -5.718793E-01  1.435025E-02 -1.260479E-01 -1.537364E-01  9.702680E-02 -3.415237E-13
        93   8 -5.718793E-01  6.651443E-02 -7.388370E-02 -1.537364E-01  9.702680E-02  6.392623E-13
        94   1 -6.401546E-01 -9.772914E-03 -1.285900E-01 -1.313920E-01 -9.166460E-02  8.757018E-13
        94   2 -6.401546E-01  3.400054E-02 -8.481651E-02 -1.313920E-01 -9.166460E-02  4.115798E-13
        94   3  1.264520E-01 -9.772914E-03  1.013920E-01 -1.313920E-01 -1.648699E-01 -1.926544E-13
        94   4  1.264520E-01  3.400054E-02  1.451655E-01 -1.313920E-01 -1.648699E-01 -2.451965E-13
        94   5 -6.656617E-01 -1.742505E-02 -1.285900E-01 -7.359830E-02 -9.166460E-02  5.954772E-13
        94   6 -6.656617E-01  2.634841E-02 -8.481651E-02 -7.359830E-02 -9.166460E-02 -4.641219E-13
        94   7  1.009449E-01 -1.742505E-02  1.013920E-01 -7.359830E-02 -1.648699E-01 -4.903930E-13
        94   8  1.009449E-01  2.634841E-02  1.451655E-01 -7.359830E-02 -1.648699E-01 -7.005614E-14
        95   1 -4.105626E-01 -1.767984E-02 -6.943745E-03 -1.719025E-01  6.422054E-02  6.129912E-14
        95   2 -4.105626E-01  6.266998E-03  1.700309E-02 -1.719025E-01  6.422054E-02  1.138412E-13
        95   3 -4.709866E-01 -1.767984E-02 -2.507095E-02 -1.719025E-01 -2.182095E-01 -1.392366E-12
        95   4 -4.709866E-01  6.266998E-03 -1.124115E-03 -1.719025E-01 -2.182095E-01 -1.506207E-12
        95   5 -3.994126E-01 -1.433486E-02 -6.943745E-03  5.106857E-02  6.422054E-02 -1.401123E-13
        95   6 -3.994126E-01  9.611979E-03  1.700309E-02  5.106857E-02  6.422054E-02 -8.406737E-13
        95   7 -4.598366E-01 -1.433486E-02 -2.507095E-02  5.106857E-02 -2.182095E-01 -1.296039E-12
        95   8 -4.598366E-01  9.611979E-03 -1.124115E-03  5.106857E-02 -2.182095E-01 -6.655333E-13
        96   1 -2.784920E-01  1.530187E-02  5.883213E-02 -6.569164E-02  1.006389E-01 -7.531035E-13
        96   2 -2.784920E-01 -2.341702E-02  2.011324E-02 -6.569164E-02  1.006389E-01  1.926544E-13
        96   3 -5.407116E-01  1.530187E-02 -1.983378E-02 -6.569164E-02 -1.501115E-01 -5.779632E-13
        96   4 -5.407116E-01 -2.341702E-02 -5.855267E-02 -6.569164E-02 -1.501115E-01 -2.189254E-13
        96   5 -2.505099E-01  2.369648E-02  5.883213E-02  1.322692E-01  1.006389E-01 -4.203368E-13
        96   6 -2.505099E-01 -1.502241E-02  2.011324E-02  1.322692E-01  1.006389E-01 -3.765518E-13
        96   7 -5.127296E-01  2.369648E-02 -1.983378E-02  1.322692E-01 -1.501115E-01 -7.706175E-13
        96   8 -5.127296E-01 -1.502241E-02 -5.855267E-02  1.322692E-01 -1.501115E-01 -3.415237E-13
        97   1 -2.678490E-01  2.419023E-02  1.172059E-02 -3.205316E-02  1.585190E-01  1.488693E-12
        97   2 -2.678490E-01 -3.934590E-02 -5.181554E-02 -3.205316E-02  1.585190E-01  5.867202E-13
        97   3 -1.550343E-01  2.419023E-02  4.556498E-02 -3.205316E-02 -1.381079E-02  4.290939E-13
        97   4 -1.550343E-01 -3.934590E-02 -1.797115E-02 -3.205316E-02 -1.381079E-02  2.889816E-13
        97   5 -2.381652E-01  3.309535E-02  1.172059E-02  1.039967E-01  1.585190E-01  1.208468E-12
        97   6 -2.381652E-01 -3.044078E-02 -5.181554E-02  1.039967E-01  1.585190E-01 -7.881316E-13
        97   7 -1.253506E-01  3.309535E-02  4.556498E-02  1.039967E-01 -1.381079E-02  1.488693E-13
        97   8 -1.253506E-01 -3.044078E-02 -1.797115E-02  1.039967E-01 -1.381079E-02  3.765518E-13
        98   1  2.923279E-01  7.518442E-02  1.031725E-01  9.634121E-03  1.636984E-01  8.932158E-13
        98   2  2.923279E-01  4.085930E-02  6.884738E-02  9.634121E-03  1.636984E-01 -1.961572E-12
        98   3  2.080739E-02  7.518442E-02  2.171636E-02  9.634121E-03  2.492699E-02  1.506207E-12
        98   4  2.080739E-02  4.085930E-02 -1.260875E-02  9.634121E-03  2.492699E-02  4.290939E-13
        98   5  2.073946E-01  4.970444E-02  1.031725E-01  1.191905E-01  1.636984E-01  5.254211E-13
        98   6  2.073946E-01  1.537933E-02  6.884738E-02  1.191905E-01  1.636984E-01 -2.732189E-12
        98   7 -6.412586E-02  4.970444E-02  2.171636E-02  1.191905E-01  2.492699E-02  5.954772E-13
        98   8 -6.412586E-02  1.537933E-02 -1.260875E-02  1.191905E-01  2.492699E-02 -1.120898E-12
        99   1  9.519352E-02  3.095889E-02  1.331167E-02 -1.764652E-02  2.122376E-02 -8.757018E-14
        99   2  9.519352E-02  6.093197E-02  4.328475E-02 -1.764652E-02  2.122376E-02  3.502807E-14
        99   3  1.673432E-01  3.095889E-02  3.495656E-02 -1.764652E-02 -1.001920E-01 -7.968886E-13
        99   4  1.673432E-01  6.093197E-02  6.492965E-02 -1.764652E-02 -1.001920E-01  5.954772E-13
        99   5  4.969503E-02  1.730934E-02  1.331167E-02  7.820800E-02  2.122376E-02  7.180754E-13
        99   6  4.969503E-02  4.728243E-02  4.328475E-02  7.820800E-02  2.122376E-02  1.068356E-12
        99   7  1.218447E-01  1.730934E-02  3.495656E-02  7.820800E-02 -1.001920E-01  8.757018E-15
        99   8  1.218447E-01  4.728243E-02  6.492965E-02  7.820800E-02 -1.001920E-01  2.040385E-12
       100   1  2.855694E-01  8.479396E-02  3.775176E-02  1.057021E-01  1.292276E-01  9.413794E-14
       100   2  2.855694E-01  8.684464E-02  3.980243E-02  1.057021E-01  1.292276E-01  1.204090E-14
       100   3  5.284927E-01  8.479396E-02  1.106287E-01  1.057021E-01  4.903513E-02  2.451965E-13
       100   4  5.284927E-01  8.684464E-02  1.126794E-01  1.057021E-01  4.903513E-02  2.856977E-13
       100   5  2.148780E-01  6.358654E-02  3.775176E-02  1.858946E-01  1.292276E-01 -4.816360E-14
       100   6  2.148780E-01  6.563721E-02  3.980243E-02  1.858946E-01  1.292276E-01  2.243986E-14
       100   7  4.578013E-01  6.358654E-02  1.106287E-01  1.858946E-01  4.903513E-02  1.313553E-14
       100   8  4.578013E-01  6.563721E-02  1.126794E-01  1.858946E-01  4.903513E-02  5.473136E-15
       101   1  6.391266E-01  1.283258E-01  1.428812E-01 -1.103855E-01  3.214696E-02 -3.661528E-13
       101   2  6.391266E-01  1.046554E-01  1.192109E-01 -1.103855E-01  3.214696E-02 -5.642803E-13
       101   3  4.206637E-01  1.283258E-01  7.734236E-02 -1.103855E-01 -2.448282E-01 -3.962550E-13
       101   4  4.206637E-01  1.046554E-01  5.367199E-02 -1.103855E-01 -2.448282E-01 -5.090016E-13
       101   5  5.177001E-01  9.189782E-02  1.428812E-01  1.665897E-01  3.214696E-02  1.149359E-14
       101   6  5.177001E-01  6.822745E-02  1.192109E-01  1.665897E-01  3.214696E-02 -5.210425E-13
       101   7  2.992371E-01  9.189782E-02  7.734236E-02  1.665897E-01 -2.448282E-01 -2.993805E-13
       101   8  2.992371E-01  6.822745E-02  5.367199E-02  1.665897E-01 -2.448282E-01 -9.796913E-14
       102   1 -3.860435E-02 -5.950288E-02 -8.863721E-02  6.209235E-01 -3.187446E-01  7.158862E-13
       102   2 -3.860435E-02  7.047212E-02  4.133779E-02  6.209235E-01 -3.187446E-01  2.254932E-13
       102   3  1.238469E-01 -5.950288E-02 -3.990182E-02  6.209235E-01  9.049330E-03 -6.863313E-13
       102   4  1.238469E-01  7.047212E-02  9.007318E-02  6.209235E-01  9.049331E-03 -5.128328E-13
       102   5 -7.038189E-02 -6.903615E-02 -8.863721E-02  2.931295E-01 -3.187446E-01  1.882759E-13
       102   6 -7.038189E-02  6.093886E-02  4.133779E-02  2.931295E-01 -3.187446E-01  6.567763E-14
       102   7  9.206939E-02 -6.903615E-02 -3.990182E-02  2.931295E-01  9.049330E-03 -6.534924E-13
       102   8  9.206939E-02  6.093886E-02  9.007318E-02  2.931295E-01  9.049330E-03 -1.177819E-12
       103   1 -1.348635E-01  1.410793E-02  3.221970E-02  1.103215E-01 -8.042453E-03  6.359784E-13
       103   2 -1.348635E-01 -2.519130E-03  1.559264E-02  1.103215E-01 -8.042453E-03  5.076334E-13
       103   3 -2.482726E-01  1.410793E-02 -1.803044E-03  1.103215E-01 -1.163920E-01 -2.408180E-13
       103   4 -2.482726E-01 -2.519130E-03 -1.843011E-02  1.103215E-01 -1.163920E-01 -1.137044E-12
       103   5 -1.275275E-01  1.630873E-02  3.221970E-02  2.186711E-01 -8.042453E-03  3.951604E-13
       103   6 -1.275275E-01 -3.183324E-04  1.559264E-02  2.186711E-01 -8.042453E-03 -6.756586E-13
       103   7 -2.409366E-01  1.630873E-02 -1.803044E-03  2.186711E-01 -1.163920E-01 -7.596713E-13
       103   8 -2.409366E-01 -3.183324E-04 -1.843011E-02  2.186711E-01 -1.163920E-01 -1.141149E-13
       104   1 -3.161762E-01 -4.799971E-02 -5.015496E-02  7.235396E-02 -2.319257E-02  4.572805E-13
       104   2 -3.161762E-01 -4.184083E-02 -4.399608E-02  7.235396E-02 -2.319257E-02  1.840889E-12
       104   3 -2.689718E-01 -4.799971E-02 -3.599363E-02  7.235396E-02 -3.076796E-02  2.952757E-13
       104   4 -2.689718E-01 -4.184083E-02 -2.983476E-02  7.235396E-02 -3.076796E-02  1.257453E-12
       104   5 -2.833401E-01 -3.814888E-02 -5.015496E-02  7.992935E-02 -2.319257E-02  8.748808E-13
       104   6 -2.833401E-01 -3.199000E-02 -4.399608E-02  7.992935E-02 -2.319257E-02  2.616159E-13
       104   7 -2.361357E-01 -3.814888E-02 -3.599363E-02  7.992935E-02 -3.076796E-02 -8.289064E-13
       104   8 -2.361357E-01 -3.199000E-02 -2.983476E-02  7.992935E-02 -3.076796E-02  1.674506E-12
       105   1 -2.413640E-02  3.306785E-02  4.386749E-02 -3.977217E-02  8.395984E-02  1.702145E-13
       105   2 -2.413640E-02 -4.326055E-02 -3.246091E-02 -3.977217E-02  8.395984E-02  1.438340E-12
       105   3 -8.505318E-02  3.306785E-02  2.559245E-02 -3.977217E-02  1.008744E-01  3.257063E-12
       105   4 -8.505318E-02 -4.326055E-02 -5.073595E-02 -3.977217E-02  1.008744E-01  2.109894E-12
       105   5 -1.305563E-02  3.639208E-02  4.386749E-02 -5.668676E-02  8.395984E-02  8.182338E-14
       105   6 -1.305563E-02 -3.993632E-02 -3.246091E-02 -5.668676E-02  8.395984E-02  5.415668E-13
       105   7 -7.397241E-02  3.639208E-02  2.559245E-02 -5.668676E-02  1.008744E-01  1.207647E-12
       105   8 -7.397241E-02 -3.993632E-02 -5.073595E-02 -5.668676E-02  1.008744E-01  2.579489E-12
       106   1  4.133547E-01  1.125576E-01  1.058781E-01 -2.093268E-01  1.161255E-01  1.332709E-13
       106   2  4.133547E-01  8.621507E-02  7.953565E-02 -2.093268E-01  1.161255E-01  7.851214E-13
       106   3  4.005156E-01  1.125576E-01  1.020264E-01 -2.093268E-01  8.735316E-02  1.821733E-12
       106   4  4.005156E-01  8.621507E-02  7.568393E-02 -2.093268E-01  8.735316E-02  7.922364E-13
       106   5  3.559862E-01  9.534699E-02  1.058781E-01 -1.805545E-01  1.161255E-01  8.458732E-13
       106   6  3.559862E-01  6.900451E-02  7.953565E-02 -1.805545E-01  1.161255E-01 -3.251043E-13
       106   7  3.431471E-01  9.534699E-02  1.020264E-01 -1.805545E-01  8.735316E-02 -2.673627E-13
       106   8  3.431471E-01  6.900451E-02  7.568393E-02 -1.805545E-01  8.735316E-02  1.037159E-13
       107   1  3.046669E-01  4.067594E-02  3.600689E-02 -2.666715E-01 -3.613680E-02 -4.137691E-13
       107   2  3.046669E-01  7.584302E-02  7.117396E-02 -2.666715E-01 -3.613680E-02 -1.854572E-12
       107   3  2.808783E-01  4.067594E-02  2.887030E-02 -2.666715E-01  3.988013E-03  1.320668E-12
       107   4  2.808783E-01  7.584302E-02  6.403738E-02 -2.666715E-01  3.988013E-03 -6.827737E-13
       107   5  2.497512E-01  2.420125E-02  3.600689E-02 -3.067963E-01 -3.613680E-02 -1.135402E-12
       107   6  2.497512E-01  5.936832E-02  7.117396E-02 -3.067963E-01 -3.613680E-02 -2.788563E-12
       107   7  2.259626E-01  2.420125E-02  2.887030E-02 -3.067963E-01  3.988013E-03  8.781647E-13
       107   8  2.259626E-01  5.936832E-02  6.403738E-02 -3.067963E-01  3.988013E-03 -3.089312E-12
       108   1 -6.984642E-01 -9.217312E-02  1.610678E-01  5.351427E-01  1.426082E-01  3.312788E-01
       108   2 -6.790765E-01 -2.219392E-02  2.116593E-01  5.351427E-01  1.112896E-01  3.312788E-01
       108   3  5.311833E-01 -9.217312E-02 -1.415115E-01  5.351427E-01  3.980652E-02  3.312788E-01
       108   4  5.505709E-01 -2.219392E-02 -9.091997E-02  5.351427E-01  8.487964E-03  3.312788E-01
       108   5 -7.253018E-01 -1.033098E-01  1.507831E-01  9.498304E-01  1.259944E-01  5.879902E-01
       108   6 -7.059142E-01 -3.333062E-02  2.013746E-01  9.498304E-01  9.467587E-02  5.879902E-01
       108   7  5.043456E-01 -1.033098E-01 -1.517962E-01  9.498304E-01  2.319276E-02  5.879902E-01
       108   8  5.237333E-01 -3.333062E-02 -1.012047E-01  9.498304E-01 -8.125801E-03  5.879902E-01
       109   1 -1.183953E-01 -5.483335E-02  8.723655E-01  1.505922E-01 -4.210254E-01 -9.322376E-02
       109   2 -2.229650E-02  2.920323E-01  1.123132E+00  1.505922E-01 -2.657888E-01 -9.322376E-02
       109   3 -5.083448E-01 -5.483335E-02 -1.127498E+00  1.505922E-01  6.988083E-01 -9.322376E-02
       109   4 -4.122459E-01  2.920323E-01 -8.767315E-01  1.505922E-01  8.540449E-01 -9.322376E-02
       109   5 -1.178677E-01 -5.461441E-02  8.725677E-01 -5.408651E-01 -4.213520E-01  3.348213E-01
       109   6 -2.176887E-02  2.922512E-01  1.123335E+00 -5.408651E-01 -2.661154E-01  3.348213E-01
       109   7 -5.078172E-01 -5.461441E-02 -1.127296E+00 -5.408651E-01  6.984817E-01  3.348213E-01
       109   8 -4.117183E-01  2.922512E-01 -8.765293E-01 -5.408651E-01  8.537183E-01  3.348213E-01
       110   1 -7.417714E-01 -2.077719E-01 -2.278923E-01  6.105314E-01 -3.866700E-01  4.070209E-01
       110   2 -8.303357E-01 -4.956057E-01 -4.271619E-01  6.105314E-01 -2.538236E-01  4.070209E-01
       110   3 -1.100598E+00 -2.077719E-01 -1.550741E+00  6.105314E-01 -1.077997E+00  4.070209E-01
       110   4 -1.189162E+00 -4.956057E-01 -1.750011E+00  6.105314E-01 -9.451501E-01  4.070209E-01
       110   5 -8.126194E-01 -2.384726E-01 -2.593803E-01  1.004828E+00 -4.339019E-01  6.698853E-01
       110   6 -9.011836E-01 -5.263065E-01 -4.586499E-01  1.004828E+00 -3.010555E-01  6.698853E-01
       110   7 -1.171446E+00 -2.384726E-01 -1.582229E+00  1.004828E+00 -1.125229E+00  6.698853E-01
       110   8 -1.260010E+00 -5.263065E-01 -1.781499E+00  1.004828E+00 -9.923821E-01  6.698853E-01
       111   1  7.942152E-01  2.545123E-01  1.533436E+00 -3.409327E-01 -7.186088E-01  2.272885E-01
       111   2  8.828729E-01  5.426499E-01  1.732915E+00 -3.409327E-01 -5.856222E-01  2.272885E-01
       111   3 -4.372784E-01  2.545123E-01 -6.651361E-01 -3.409327E-01  4.833015E-01  2.272885E-01
       111   4 -3.486207E-01  5.426499E-01 -4.656562E-01 -3.409327E-01  6.162881E-01  2.272885E-01
       111   5  7.589668E-01  2.392380E-01  1.517770E+00 -8.449427E-01 -6.951098E-01  5.632951E-01
       111   6  8.476245E-01  5.273756E-01  1.717249E+00 -8.449427E-01 -5.621233E-01  5.632951E-01
       111   7 -4.725268E-01  2.392380E-01 -6.808020E-01 -8.449427E-01  5.068004E-01  5.632951E-01
       111   8 -3.838691E-01  5.273756E-01 -4.813221E-01 -8.449427E-01  6.397870E-01  5.632951E-01
       112   1 -1.147511E+00 -2.377613E-01  7.490777E-02  5.195522E-01 -2.070468E-01  3.216276E-01
       112   2 -1.200759E+00 -4.299612E-01 -6.404334E-02  5.195522E-01 -1.210294E-01  3.216276E-01
       112   3 -1.128448E+00 -2.377613E-01 -1.364052E+00  5.195522E-01 -9.973066E-01  3.216276E-01
       112   4 -1.181697E+00 -4.299612E-01 -1.503003E+00  5.195522E-01 -9.112893E-01  3.216276E-01
       112   5 -1.169254E+00 -2.467841E-01  6.657526E-02  1.089175E+00 -2.205070E-01  6.742511E-01
       112   6 -1.222503E+00 -4.389840E-01 -7.237585E-02  1.089175E+00 -1.344896E-01  6.742511E-01
       112   7 -1.150191E+00 -2.467841E-01 -1.372385E+00  1.089175E+00 -1.010767E+00  6.742511E-01
       112   8 -1.203440E+00 -4.389840E-01 -1.511336E+00  1.089175E+00 -9.247495E-01  6.742511E-01
       113   1  1.505894E-01  2.125721E-01  1.025338E+00 -3.543545E-01 -4.735265E-01  2.193623E-01
       113   2  1.424670E-01  1.832545E-01  1.004143E+00 -3.543545E-01 -4.866473E-01  2.193623E-01
       113   3  2.308706E-01  2.125721E-01 -3.405502E-01 -3.543545E-01  2.733881E-01  2.193623E-01
       113   4  2.227482E-01  1.832545E-01 -3.617454E-01 -3.543545E-01  2.602673E-01  2.193623E-01
       113   5  1.420747E-01  2.090388E-01  1.022075E+00 -9.100145E-01 -4.682554E-01  5.633423E-01
       113   6  1.339522E-01  1.797212E-01  1.000880E+00 -9.100145E-01 -4.813763E-01  5.633423E-01
       113   7  2.223559E-01  2.090388E-01 -3.438133E-01 -9.100145E-01  2.786591E-01  5.633423E-01
       113   8  2.142335E-01  1.797212E-01 -3.650085E-01 -9.100145E-01  2.655383E-01  5.633423E-01
       114   1 -3.499653E-01 -2.600314E-01  6.382841E-01 -2.391981E-01  3.565298E-01 -1.480750E-01
       114   2 -3.230810E-01 -1.629935E-01  7.084377E-01 -2.391981E-01  3.131014E-01 -1.480750E-01
       114   3 -1.110431E+00 -2.600314E-01 -1.241188E+00 -2.391981E-01 -7.162614E-01 -1.480750E-01
       114   4 -1.083547E+00 -1.629935E-01 -1.171035E+00 -2.391981E-01 -7.596898E-01 -1.480750E-01
       114   5 -3.461574E-01 -2.584512E-01  6.397434E-01  3.158326E-01  3.588871E-01  1.955154E-01
       114   6 -3.192731E-01 -1.614133E-01  7.098970E-01  3.158326E-01  3.154587E-01  1.955154E-01
       114   7 -1.106623E+00 -2.584512E-01 -1.239729E+00  3.158326E-01 -7.139041E-01  1.955154E-01
       114   8 -1.079739E+00 -1.614133E-01 -1.169575E+00  3.158326E-01 -7.573325E-01  1.955154E-01
       115   1 -2.120513E-02  1.178997E-01  6.855147E-01 -1.249314E-01 -2.438531E-01  7.733850E-02
       115   2 -1.563476E-02  1.380058E-01  7.000504E-01 -1.249314E-01 -2.348549E-01  7.733850E-02
       115   3 -1.740378E-01  1.178997E-01 -4.934116E-01 -1.249314E-01  4.123090E-01  7.733850E-02
       115   4 -1.684674E-01  1.380058E-01 -4.788759E-01 -1.249314E-01  4.213073E-01  7.733850E-02
       115   5 -2.175560E-02  1.176713E-01  6.853037E-01 -5.510858E-01 -2.435124E-01  3.411484E-01
       115   6 -1.618523E-02  1.377773E-01  6.998394E-01 -5.510858E-01 -2.345141E-01  3.411484E-01
       115   7 -1.745883E-01  1.176713E-01 -4.936225E-01 -5.510858E-01  4.126497E-01  3.411484E-01
       115   8 -1.690179E-01  1.377773E-01 -4.790868E-01 -5.510858E-01  4.216480E-01  3.411484E-01
       116   1  3.210312E-01  1.258237E-01  9.979581E-01 -2.776424E-01  4.192380E-01 -1.718739E-01
       116   2  3.113682E-01  9.094552E-02  9.727429E-01 -2.776424E-01  4.348474E-01 -1.718739E-01
       116   3 -5.497166E-01  1.258237E-01 -7.881820E-01 -2.776424E-01 -6.079343E-01 -1.718739E-01
       116   4 -5.593796E-01  9.094552E-02 -8.133972E-01 -2.776424E-01 -5.923249E-01 -1.718739E-01
       116   5  3.344107E-01  1.313757E-01  1.003085E+00  2.142039E-01  4.275205E-01  1.326024E-01
       116   6  3.247477E-01  9.649756E-02  9.778702E-01  2.142039E-01  4.431299E-01  1.326024E-01
       116   7 -5.363371E-01  1.313757E-01 -7.830547E-01  2.142039E-01 -5.996518E-01  1.326024E-01
       116   8 -5.460001E-01  9.649756E-02 -8.082699E-01  2.142039E-01 -5.840424E-01  1.326024E-01
       117   1 -2.292002E-01 -5.538702E-02  4.980043E-01  2.476022E-01 -1.869658E-01 -1.532775E-01
       117   2 -2.706341E-01 -2.049413E-01  3.898839E-01  2.476022E-01 -2.538974E-01 -1.532775E-01
       117   3 -5.562480E-01 -5.538702E-02 -7.747006E-01  2.476022E-01  5.297704E-01 -1.532775E-01
       117   4 -5.976819E-01 -2.049413E-01 -8.828210E-01  2.476022E-01  4.628388E-01 -1.532775E-01
       117   5 -2.292806E-01 -5.542036E-02  4.979735E-01 -1.734571E-01 -1.869160E-01  1.073782E-01
       117   6 -2.707145E-01 -2.049746E-01  3.898531E-01 -1.734571E-01 -2.538477E-01  1.073782E-01
       117   7 -5.563284E-01 -5.542036E-02 -7.747314E-01 -1.734571E-01  5.298202E-01  1.073782E-01
       117   8 -5.977623E-01 -2.049746E-01 -8.828518E-01 -1.734571E-01  4.628885E-01  1.073782E-01
       118   1  6.874344E-01  2.157430E-01  1.266094E+00 -3.369361E-01  6.948743E-01 -2.085795E-01
       118   2  7.005386E-01  2.630423E-01  1.300289E+00 -3.369361E-01  6.737059E-01 -2.085795E-01
       118   3  6.930551E-02  2.157430E-01 -4.048610E-01 -3.369361E-01 -2.558992E-01 -2.085795E-01
       118   4  8.240972E-02  2.630423E-01 -3.706660E-01 -3.369361E-01 -2.770675E-01 -2.085795E-01
       118   5  7.064199E-01  2.236214E-01  1.273369E+00  1.704648E-01  7.066272E-01  1.055258E-01
       118   6  7.195241E-01  2.709206E-01  1.307564E+00  1.704648E-01  6.854588E-01  1.055258E-01
       118   7  8.829100E-02  2.236214E-01 -3.975854E-01  1.704648E-01 -2.441463E-01  1.055258E-01
       118   8  1.013952E-01  2.709206E-01 -3.633904E-01  1.704648E-01 -2.653146E-01  1.055258E-01
       119   1 -6.361905E-01 -2.946367E-01  4.824684E-02  2.631821E-02  6.421468E-03 -1.629223E-02
       119   2 -6.426014E-01 -3.177768E-01  3.151772E-02  2.631821E-02 -3.934657E-03 -1.629223E-02
       119   3 -8.109772E-01 -2.946367E-01 -1.161191E+00  2.631821E-02  6.804963E-01 -1.629223E-02
       119   4 -8.173882E-01 -3.177768E-01 -1.177920E+00  2.631821E-02  6.701401E-01 -1.629223E-02
       119   5 -6.396112E-01 -2.960562E-01  4.693598E-02 -4.065347E-01  8.539016E-03  2.516643E-01
       119   6 -6.460221E-01 -3.191962E-01  3.020686E-02 -4.065347E-01 -1.817109E-03  2.516643E-01
       119   7 -8.143979E-01 -2.960562E-01 -1.162502E+00 -4.065347E-01  6.826138E-01  2.516643E-01
       119   8 -8.208088E-01 -3.191962E-01 -1.179231E+00 -4.065347E-01  6.722577E-01  2.516643E-01
       120   1  8.308926E-01  3.430176E-01  1.426726E+00 -2.654692E-01  6.597687E-01 -1.769795E-01
       120   2  8.079015E-01  2.682964E-01  1.374996E+00 -2.654692E-01  6.942554E-01 -1.769795E-01
       120   3  4.752816E-02  3.430176E-01 -3.390845E-01 -2.654692E-01 -2.884170E-01 -1.769795E-01
       120   4  2.453703E-02  2.682964E-01 -3.908146E-01 -2.654692E-01 -2.539303E-01 -1.769795E-01
       120   5  8.180725E-01  3.374622E-01  1.421028E+00  1.883440E-01  6.512219E-01  1.255627E-01
       120   6  7.950814E-01  2.627410E-01  1.369298E+00  1.883440E-01  6.857086E-01  1.255627E-01
       120   7  3.470804E-02  3.374622E-01 -3.447823E-01  1.883440E-01 -2.969637E-01  1.255627E-01
       120   8  1.171691E-02  2.627410E-01 -3.965124E-01  1.883440E-01 -2.624770E-01  1.255627E-01
       121   1 -3.935327E-01 -3.235757E-01 -1.192334E-02  6.116871E-02  6.853845E-03 -4.077914E-02
       121   2 -3.329551E-01 -1.266983E-01  1.243764E-01  6.116871E-02  9.772033E-02 -4.077914E-02
       121   3 -7.967326E-01 -3.235757E-01 -1.413109E+00  6.116871E-02  7.410469E-01 -4.077914E-02
       121   4 -7.361549E-01 -1.266983E-01 -1.276810E+00  6.116871E-02  8.319134E-01 -4.077914E-02
       121   5 -4.287834E-01 -3.388510E-01 -2.759029E-02 -3.509685E-01  3.035428E-02  2.339790E-01
       121   6 -3.682057E-01 -1.419736E-01  1.087094E-01 -3.509685E-01  1.212208E-01  2.339790E-01
       121   7 -8.319832E-01 -3.388510E-01 -1.428776E+00 -3.509685E-01  7.645473E-01  2.339790E-01
       121   8 -7.714056E-01 -1.419736E-01 -1.292477E+00 -3.509685E-01  8.554138E-01  2.339790E-01
       122   1  2.126882E-01  2.003999E-01  7.906377E-01 -3.161301E-01  2.188991E-01 -1.956996E-01
       122   2  1.569378E-01 -8.295467E-04  6.451587E-01 -3.161301E-01  3.089575E-01 -1.956996E-01
       122   3 -3.284265E-01  2.003999E-01 -7.083543E-01 -3.161301E-01 -6.333346E-01 -1.956996E-01
       122   4 -3.841769E-01 -8.295467E-04 -8.538333E-01 -3.161301E-01 -5.432762E-01 -1.956996E-01
       122   5  2.068462E-01  1.979756E-01  7.883989E-01  1.422771E-01  2.152826E-01  8.807633E-02
       122   6  1.510958E-01 -3.253769E-03  6.429200E-01  1.422771E-01  3.053410E-01  8.807633E-02
       122   7 -3.342684E-01  1.979756E-01 -7.105931E-01  1.422771E-01 -6.369511E-01  8.807633E-02
       122   8 -3.900189E-01 -3.253769E-03 -8.560720E-01  1.422771E-01 -5.468927E-01  8.807633E-02
       123   1  1.089617E-01  9.386288E-03  7.071532E-01 -3.364229E-02 -4.231477E-01  2.082618E-02
       123   2  9.669246E-02 -3.489918E-02  6.751370E-01 -3.364229E-02 -4.429673E-01  2.082618E-02
       123   3 -9.056403E-02  9.386288E-03 -4.317209E-01 -3.364229E-02  2.134050E-01  2.082618E-02
       123   4 -1.028333E-01 -3.489918E-02 -4.637371E-01 -3.364229E-02  1.935855E-01  2.082618E-02
       123   5  1.034470E-01  7.097889E-03  7.050399E-01 -4.328343E-01 -4.197339E-01  2.679450E-01
       123   6  9.117780E-02 -3.718758E-02  6.730236E-01 -4.328343E-01 -4.395534E-01  2.679450E-01
       123   7 -9.607870E-02  7.097889E-03 -4.338342E-01 -4.328343E-01  2.168189E-01  2.679450E-01
       123   8 -1.083480E-01 -3.718758E-02 -4.658504E-01 -4.328343E-01  1.969993E-01  2.679450E-01
       124   1 -2.061812E+00  3.699176E-01 -7.498703E+00  4.378509E-15 -1.444699E+00 -1.310652E+00
       124   2 -2.317616E+00  1.141136E-01 -7.498703E+00 -5.166640E-13 -1.444699E+00 -1.310652E+00
       124   3  2.678822E+00  3.699176E-01  8.303410E+00 -1.444908E-13  1.392547E+00 -1.310652E+00
       124   4  2.423018E+00  1.141136E-01  8.303410E+00 -2.101684E-13  1.392547E+00 -1.310652E+00
       124   5 -2.061812E+00  2.470930E-01 -7.908119E+00  3.196311E-13 -1.444699E+00  1.526594E+00
       124   6 -2.317616E+00 -8.710921E-03 -7.908119E+00 -5.516921E-13 -1.444699E+00  1.526594E+00
       124   7  2.678822E+00  2.470930E-01  7.893995E+00  6.567763E-14  1.392547E+00  1.526594E+00
       124   8  2.423018E+00 -8.710921E-03  7.893995E+00 -2.451965E-13  1.392547E+00  1.526594E+00
       125   1  7.535158E-01 -4.878983E-02  2.815525E+00  5.429351E-13 -1.299818E-01 -2.594591E-01
       125   2  8.166274E-01  1.432178E-02  2.815525E+00 -3.415237E-13 -1.299818E-01 -2.594591E-01
       125   3 -8.583737E-01 -4.878983E-02 -2.557440E+00 -3.152526E-13  4.995932E-01 -2.594591E-01
       125   4 -7.952621E-01  1.432178E-02 -2.557440E+00 -2.889816E-13  4.995932E-01 -2.594591E-01
       125   5  7.535158E-01 -5.606811E-02  2.791265E+00 -3.502807E-14 -1.299818E-01  3.701159E-01
       125   6  8.166274E-01  7.043504E-03  2.791265E+00 -6.655333E-13 -1.299818E-01  3.701159E-01
       125   7 -8.583737E-01 -5.606811E-02 -2.581701E+00 -5.779632E-13  4.995932E-01  3.701159E-01
       125   8 -7.952621E-01  7.043504E-03 -2.581701E+00 -3.502807E-13  4.995932E-01  3.701159E-01
       126   1  2.434391E+00 -1.157433E-01  8.284895E+00  3.502807E-14 -1.008900E-01 -2.369608E-01
       126   2  2.394247E+00 -1.558875E-01  8.284895E+00 -3.853088E-13 -1.008900E-01 -2.369608E-01
       126   3 -2.657636E+00 -1.157433E-01 -8.688529E+00 -3.502807E-14  6.102682E-01 -2.369608E-01
       126   4 -2.697780E+00 -1.558875E-01 -8.688529E+00 -7.005614E-14  6.102682E-01 -2.369608E-01
       126   5  2.434391E+00 -1.075021E-01  8.312365E+00  4.378509E-13 -1.008900E-01  4.741973E-01
       126   6  2.394247E+00 -1.476463E-01  8.312365E+00 -7.881316E-13 -1.008900E-01  4.741973E-01
       126   7 -2.657636E+00 -1.075021E-01 -8.661059E+00  3.502807E-13  6.102682E-01  4.741973E-01
       126   8 -2.697780E+00 -1.476463E-01 -8.661059E+00 -4.378509E-13  6.102682E-01  4.741973E-01
       127   1 -2.795056E+00  1.394199E-01 -1.246729E+01 -1.225982E-13 -2.401927E-01  1.944422E+00
       127   2 -3.273555E+00 -3.390790E-01 -1.246729E+01 -7.005614E-14 -2.401927E-01  1.944422E+00
       127   3  3.130250E+00  1.394199E-01  7.283727E+00 -1.576263E-13 -2.605068E+00  1.944422E+00
       127   4  2.651752E+00 -3.390790E-01  7.283727E+00 -1.576263E-13 -2.605068E+00  1.944422E+00
       127   5 -2.795056E+00  1.957743E-01 -1.227945E+01  1.050842E-13 -2.401927E-01 -4.204536E-01
       127   6 -3.273555E+00 -2.827245E-01 -1.227945E+01 -1.050842E-13 -2.401927E-01 -4.204536E-01
       127   7  3.130250E+00  1.957743E-01  7.471576E+00  1.050842E-13 -2.605068E+00 -4.204536E-01
       127   8  2.651752E+00 -2.827245E-01  7.471576E+00 -2.451965E-13 -2.605068E+00 -4.204536E-01
       128   1  8.867734E-01 -2.443110E-03  1.948088E+00 -5.079070E-13 -1.573815E-01 -6.823138E-01
       128   2  5.467754E-01 -3.424412E-01  1.948088E+00 -1.576263E-13 -1.573815E-01 -6.823138E-01
       128   3 -9.207877E-01 -2.443110E-03 -4.077116E+00 -5.954772E-13  2.866135E-01 -6.823138E-01
       128   4 -1.260786E+00 -3.424412E-01 -4.077116E+00 -3.327667E-13  2.866135E-01 -6.823138E-01
       128   5  8.867734E-01 -3.157119E-02  1.850995E+00 -2.802246E-13 -1.573815E-01 -2.383189E-01
       128   6  5.467754E-01 -3.715692E-01  1.850995E+00 -5.254211E-14 -1.573815E-01 -2.383189E-01
       128   7 -9.207877E-01 -3.157119E-02 -4.174209E+00 -1.050842E-13  2.866135E-01 -2.383189E-01
       128   8 -1.260786E+00 -3.715692E-01 -4.174209E+00 -1.401123E-13  2.866135E-01 -2.383189E-01
       129   1  3.115813E+00 -2.554820E-01  1.070338E+01 -3.327667E-13  1.146321E-01  3.746763E-01
       129   2  3.070852E+00 -3.004431E-01  1.070338E+01 -1.050842E-13  1.146321E-01  3.746763E-01
       129   3 -3.632835E+00 -2.554820E-01 -1.179211E+01 -1.050842E-13 -1.830283E-01  3.746763E-01
       129   4 -3.677796E+00 -3.004431E-01 -1.179211E+01 -1.751404E-13 -1.830283E-01  3.746763E-01
       129   5  3.115813E+00 -2.615401E-01  1.068319E+01  1.401123E-13  1.146321E-01  7.701595E-02
       129   6  3.070852E+00 -3.065012E-01  1.068319E+01 -2.101684E-13  1.146321E-01  7.701595E-02
       129   7 -3.632835E+00 -2.615401E-01 -1.181231E+01  3.853088E-13 -1.830283E-01  7.701595E-02
       129   8 -3.677796E+00 -3.065012E-01 -1.181231E+01  3.502807E-14 -1.830283E-01  7.701595E-02
       130   1 -3.817703E+00 -4.960975E-01 -1.141316E+01 -9.632719E-14 -2.419605E+00 -4.277463E-01
       130   2 -3.158462E+00  1.631435E-01 -1.141316E+01  2.627105E-13 -2.419605E+00 -4.277463E-01
       130   3  2.885820E+00 -4.960975E-01  1.093192E+01 -2.627105E-14 -3.924736E-01 -4.277463E-01
       130   4  3.545061E+00  1.631435E-01  1.093192E+01 -1.751404E-13 -3.924736E-01 -4.277463E-01
       130   5 -3.817703E+00 -4.357851E-01 -1.121212E+01 -1.838974E-13 -2.419605E+00  1.599385E+00
       130   6 -3.158462E+00  2.234559E-01 -1.121212E+01 -2.014114E-13 -2.419605E+00  1.599385E+00
       130   7  2.885820E+00 -4.357851E-01  1.113296E+01  8.757018E-15 -3.924736E-01  1.599385E+00
       130   8  3.545061E+00  2.234559E-01  1.113296E+01 -1.663833E-13 -3.924736E-01  1.599385E+00
       131   1  1.274479E+00  3.524121E-01  2.981795E+00  2.276825E-13 -5.775717E-01 -5.238732E-01
       131   2  1.038506E+00  1.164387E-01  2.981795E+00  4.903930E-13 -5.775717E-01 -5.238732E-01
       131   3 -5.874574E-01  3.524121E-01 -3.224661E+00 -1.225982E-13 -4.497381E-01 -5.238732E-01
       131   4 -8.234309E-01  1.164387E-01 -3.224661E+00 -5.079070E-13 -4.497381E-01 -5.238732E-01
       131   5  1.274479E+00  3.346100E-01  2.922455E+00 -1.576263E-13 -5.775717E-01 -3.960397E-01
       131   6  1.038506E+00  9.863655E-02  2.922455E+00  5.254211E-14 -5.775717E-01 -3.960397E-01
       131   7 -5.874574E-01  3.346100E-01 -3.284001E+00  8.757018E-14 -4.497381E-01 -3.960397E-01
       131   8 -8.234309E-01  9.863655E-02 -3.284001E+00 -1.926544E-13 -4.497381E-01 -3.960397E-01
       132   1  3.893000E+00 -1.984380E-01  1.305830E+01 -3.853088E-13 -8.974313E-01  2.385512E-01
       132   2  3.772205E+00 -3.192336E-01  1.305830E+01 -2.101684E-13 -8.974313E-01  2.385512E-01
       132   3 -4.280883E+00 -1.984380E-01 -1.418798E+01  1.401123E-13 -6.166134E-01  2.385512E-01
       132   4 -4.401679E+00 -3.192336E-01 -1.418798E+01  3.677947E-13 -6.166134E-01  2.385512E-01
       132   5  3.893000E+00 -1.894445E-01  1.308828E+01  1.401123E-13 -8.974313E-01  5.193690E-01
       132   6  3.772205E+00 -3.102401E-01  1.308828E+01  5.079070E-13 -8.974313E-01  5.193690E-01
       132   7 -4.280883E+00 -1.894445E-01 -1.415800E+01  5.254211E-13 -6.166134E-01  5.193690E-01
       132   8 -4.401679E+00 -3.102401E-01 -1.415800E+01 -5.254211E-13 -6.166134E-01  5.193690E-01
       133   1 -9.704036E-01  2.107717E+00 -9.574498E+00  7.005614E-14  3.644964E-01  1.476743E+00
       133   2 -2.283869E+00  7.942513E-01 -9.574498E+00  7.355895E-13  3.644964E-01  1.476743E+00
       133   3  5.169023E+00  2.107717E+00  1.089026E+01  7.005614E-13 -8.982295E-01  1.476743E+00
       133   4  3.855558E+00  7.942513E-01  1.089026E+01  9.457579E-13 -8.982295E-01  1.476743E+00
       133   5 -9.704036E-01  2.090903E+00 -9.630545E+00 -7.706175E-13  3.644964E-01  2.140173E-01
       133   6 -2.283869E+00  7.774374E-01 -9.630545E+00 -6.830474E-13  3.644964E-01  2.140173E-01
       133   7  5.169023E+00  2.090903E+00  1.083421E+01 -1.050842E-13 -8.982295E-01  2.140173E-01
       133   8  3.855558E+00  7.774374E-01  1.083421E+01 -3.502807E-13 -8.982295E-01  2.140173E-01
       134   1  1.143574E+00  1.771010E-01  3.489946E+00 -2.627105E-13 -2.069037E-01 -2.033121E-01
       134   2  1.216665E+00  2.501920E-01  3.489946E+00 -4.553649E-13 -2.069037E-01 -2.033121E-01
       134   3 -7.891692E-01  1.771010E-01 -2.952532E+00  6.830474E-13 -3.727308E-01 -2.033121E-01
       134   4 -7.160781E-01  2.501920E-01 -2.952532E+00  1.576263E-13 -3.727308E-01 -2.033121E-01
       134   5  1.143574E+00  1.773039E-01  3.490622E+00 -6.480193E-13 -2.069037E-01 -3.691392E-01
       134   6  1.216665E+00  2.503949E-01  3.490622E+00  3.152526E-13 -2.069037E-01 -3.691392E-01
       134   7 -7.891692E-01  1.773039E-01 -2.951855E+00  7.531035E-13 -3.727308E-01 -3.691392E-01
       134   8 -7.160781E-01  2.503949E-01 -2.951855E+00  6.129912E-13 -3.727308E-01 -3.691392E-01
       135   1  3.574855E+00  3.162905E-02  1.153831E+01  5.429351E-13 -5.748108E-01  2.122990E-01
       135   2  3.540261E+00 -2.965067E-03  1.153831E+01  9.983000E-13 -5.748108E-01  2.122990E-01
       135   3 -3.512338E+00  3.162905E-02 -1.208567E+01 -6.830474E-13 -7.191562E-01  2.122990E-01
       135   4 -3.546932E+00 -2.965067E-03 -1.208567E+01  0.000000E+00 -7.191562E-01  2.122990E-01
       135   5  3.574855E+00  3.088820E-02  1.153584E+01  5.079070E-13 -5.748108E-01  6.795356E-02
       135   6  3.540261E+00 -3.705921E-03  1.153584E+01  2.276825E-13 -5.748108E-01  6.795356E-02
       135   7 -3.512338E+00  3.088820E-02 -1.208814E+01 -4.728789E-13 -7.191562E-01  6.795356E-02
       135   8 -3.546932E+00 -3.705921E-03 -1.208814E+01 -1.208468E-12 -7.191562E-01  6.795356E-02
       136   1 -3.153942E+00 -1.508489E-01 -9.983114E+00 -1.751404E-14 -3.400842E-02 -5.528258E-02
       136   2 -2.880874E+00  1.222182E-01 -9.983114E+00  8.581877E-13 -3.400842E-02 -5.528258E-02
       136   3  2.867263E+00 -1.508489E-01  1.008757E+01  2.977386E-13  5.672846E-01 -5.528258E-02
       136   4  3.140330E+00  1.222182E-01  1.008757E+01  1.576263E-13  5.672846E-01 -5.528258E-02
       136   5 -3.153942E+00 -1.358296E-01 -9.933050E+00  1.225982E-13 -3.400842E-02  5.460105E-01
       136   6 -2.880874E+00  1.372376E-01 -9.933050E+00  1.576263E-13 -3.400842E-02  5.460105E-01
       136   7  2.867263E+00 -1.358296E-01  1.013763E+01  2.977386E-13  5.672846E-01  5.460105E-01
       136   8  3.140330E+00  1.372376E-01  1.013763E+01  2.276825E-13  5.672846E-01  5.460105E-01
       137   1  1.115544E+00  2.154069E-01  3.029014E+00 -1.225982E-13  5.882332E-02  5.273501E-01
       137   2  1.119385E+00  2.192477E-01  3.029014E+00 -5.254211E-14  5.882332E-02  5.273501E-01
       137   3 -6.791347E-01  2.154069E-01 -2.953248E+00  2.276825E-13 -1.596317E-01  5.273501E-01
       137   4 -6.752939E-01  2.192477E-01 -2.953248E+00  1.576263E-13 -1.596317E-01  5.273501E-01
       137   5  1.115544E+00  2.210023E-01  3.047666E+00  2.627105E-13  5.882332E-02  3.088950E-01
       137   6  1.119385E+00  2.248431E-01  3.047666E+00  1.628805E-12  5.882332E-02  3.088950E-01
       137   7 -6.791347E-01  2.210023E-01 -2.934596E+00  9.632719E-13 -1.596317E-01  3.088950E-01
       137   8 -6.752939E-01  2.248431E-01 -2.934596E+00  8.581877E-13 -1.596317E-01  3.088950E-01
       138   1  3.463070E+00  4.307884E-02  1.109719E+01  1.313553E-12 -1.501164E-01  1.712836E-01
       138   2  3.387902E+00 -3.208918E-02  1.109719E+01  8.932158E-13 -1.501164E-01  1.712836E-01
       138   3 -3.379996E+00  4.307884E-02 -1.171303E+01 -4.728789E-13 -3.790865E-01  1.712836E-01
       138   4 -3.455164E+00 -3.208918E-02 -1.171303E+01  7.005614E-14 -3.790865E-01  1.712836E-01
       138   5  3.463070E+00  3.999555E-02  1.108691E+01  1.208468E-12 -1.501164E-01 -5.768654E-02
       138   6  3.387902E+00 -3.517247E-02  1.108691E+01  1.208468E-12 -1.501164E-01 -5.768654E-02
       138   7 -3.379996E+00  3.999555E-02 -1.172331E+01  3.327667E-13 -3.790865E-01 -5.768654E-02
       138   8 -3.455164E+00 -3.517247E-02 -1.172331E+01 -4.728789E-13 -3.790865E-01 -5.768654E-02
       139   1 -2.065878E+00  7.089924E-01 -8.568224E+00  2.627105E-13  9.726021E-01  9.154916E-01
       139   2 -2.418259E+00  3.566114E-01 -8.568224E+00  6.129912E-13  9.726021E-01  9.154916E-01
       139   3  3.474648E+00  7.089924E-01  9.900195E+00 -5.079070E-13  5.505926E-01  9.154916E-01
       139   4  3.122267E+00  3.566114E-01  9.900195E+00 -1.383609E-12  5.505926E-01  9.154916E-01
       139   5 -2.065878E+00  6.997782E-01 -8.598938E+00 -8.932158E-13  9.726021E-01  4.934820E-01
       139   6 -2.418259E+00  3.473971E-01 -8.598938E+00 -2.627105E-13  9.726021E-01  4.934820E-01
       139   7  3.474648E+00  6.997782E-01  9.869481E+00 -2.627105E-13  5.505926E-01  4.934820E-01
       139   8  3.122267E+00  3.473971E-01  9.869481E+00 -1.068356E-12  5.505926E-01  4.934820E-01
       140   1  9.997696E-01  8.407096E-02  3.257399E+00  8.056456E-13  2.364939E-01  3.178808E-01
       140   2  1.110605E+00  1.949063E-01  3.257399E+00  1.471179E-12  2.364939E-01  3.178808E-01
       140   3 -8.193163E-01  8.407096E-02 -2.806221E+00  3.152526E-13  7.820817E-02  3.178808E-01
       140   4 -7.084810E-01  1.949063E-01 -2.806221E+00 -8.757018E-13  7.820817E-02  3.178808E-01
       140   5  9.997696E-01  9.638233E-02  3.298437E+00 -3.502807E-14  2.364939E-01  1.595951E-01
       140   6  1.110605E+00  2.072177E-01  3.298437E+00  7.005614E-13  2.364939E-01  1.595951E-01
       140   7 -8.193163E-01  9.638233E-02 -2.765183E+00 -1.050842E-12  7.820817E-02  1.595951E-01
       140   8 -7.084810E-01  2.072177E-01 -2.765183E+00  2.451965E-13  7.820817E-02  1.595951E-01
       141   1  3.214333E+00  2.581883E-02  1.038476E+01  2.276825E-13  1.747075E-01  9.853747E-02
       141   2  3.184043E+00 -4.471419E-03  1.038476E+01 -3.502807E-14  1.747075E-01  9.853747E-02
       141   3 -3.157138E+00  2.581883E-02 -1.085348E+01  5.429351E-13  2.118458E-01  9.853747E-02
       141   4 -3.187428E+00 -4.471419E-03 -1.085348E+01 -1.751404E-14  2.118458E-01  9.853747E-02
       141   5  3.214333E+00  3.137643E-02  1.040328E+01  1.523721E-12  1.747075E-01  1.356757E-01
       141   6  3.184043E+00  1.086186E-03  1.040328E+01  1.243496E-12  1.747075E-01  1.356757E-01
       141   7 -3.157138E+00  3.137643E-02 -1.083496E+01  1.874002E-12  2.118458E-01  1.356757E-01
       141   8 -3.187428E+00  1.086186E-03 -1.083496E+01 -1.033328E-12  2.118458E-01  1.356757E-01
       142   1 -2.779866E+00 -6.419974E-02 -8.956608E+00 -1.015814E-12  1.224109E+00  3.639688E-01
       142   2 -2.663405E+00  5.226123E-02 -8.956608E+00  1.331067E-12  1.224109E+00  3.639688E-01
       142   3  2.606059E+00 -6.419974E-02  8.996476E+00  1.541235E-12  1.332907E+00  3.639688E-01
       142   4  2.722520E+00  5.226123E-02  8.996476E+00  1.506207E-12  1.332907E+00  3.639688E-01
       142   5 -2.779866E+00 -1.096074E-01 -9.107967E+00 -1.576263E-12  1.224109E+00  4.727668E-01
       142   6 -2.663405E+00  6.853614E-03 -9.107967E+00 -5.604491E-13  1.224109E+00  4.727668E-01
       142   7  2.606059E+00 -1.096074E-01  8.845118E+00 -7.005614E-14  1.332907E+00  4.727668E-01
       142   8  2.722520E+00  6.853614E-03  8.845118E+00  1.366095E-12  1.332907E+00  4.727668E-01
       143   1  8.963595E-01  2.841582E-02  2.731862E+00 -7.355895E-13  4.937232E-01  3.619846E-01
       143   2  8.559634E-01 -1.198025E-02  2.731862E+00  1.891516E-12  4.937232E-01  3.619846E-01
       143   3 -8.220304E-01  2.841582E-02 -2.996105E+00  1.296039E-12  3.572376E-01  3.619846E-01
       143   4 -8.624265E-01 -1.198025E-02 -2.996105E+00  2.101684E-13  3.572376E-01  3.619846E-01
       143   5  8.963595E-01  4.591329E-02  2.790186E+00  8.757018E-13  4.937232E-01  2.254989E-01
       143   6  8.559634E-01  5.517219E-03  2.790186E+00  2.031628E-12  4.937232E-01  2.254989E-01
       143   7 -8.220304E-01  4.591329E-02 -2.937780E+00  1.681347E-12  3.572376E-01  2.254989E-01
       143   8 -8.624265E-01  5.517219E-03 -2.937780E+00  1.401123E-13  3.572376E-01  2.254989E-01
       144   1  2.875578E+00 -1.117066E-01  9.692739E+00  1.103384E-12  6.195835E-01  1.363912E-01
       144   2  2.832495E+00 -1.547892E-01  9.692739E+00 -3.677947E-13  6.195835E-01  1.363912E-01
       144   3 -3.108174E+00 -1.117066E-01 -1.025310E+01 -7.881316E-13  4.945497E-01  1.363912E-01
       144   4 -3.151256E+00 -1.547892E-01 -1.025310E+01  1.488693E-12  4.945497E-01  1.363912E-01
       144   5  2.875578E+00 -1.208895E-01  9.662129E+00 -3.327667E-13  6.195835E-01  1.135733E-02
       144   6  2.832495E+00 -1.639720E-01  9.662129E+00 -1.558749E-12  6.195835E-01  1.135733E-02
       144   7 -3.108174E+00 -1.208895E-01 -1.028371E+01 -4.728789E-13  4.945497E-01  1.135733E-02
       144   8 -3.151256E+00 -1.639720E-01 -1.028371E+01 -7.881316E-13  4.945497E-01  1.135733E-02
       145   1 -3.216516E+00 -6.030476E-01 -1.067426E+01 -1.278525E-12  7.385493E-01  6.797576E-01
       145   2 -3.150787E+00 -5.373179E-01 -1.067426E+01  3.502807E-14  7.385493E-01  6.797576E-01
       145   3  1.968191E+00 -6.030476E-01  6.608101E+00 -8.231596E-13  5.578755E-01  6.797576E-01
       145   4  2.033921E+00 -5.373179E-01  6.608101E+00 -1.068356E-12  5.578755E-01  6.797576E-01
       145   5 -3.216516E+00 -6.452774E-01 -1.081502E+01 -9.983000E-13  7.385493E-01  4.990838E-01
       145   6 -3.150787E+00 -5.795476E-01 -1.081502E+01  1.278525E-12  7.385493E-01  4.990838E-01
       145   7  1.968191E+00 -6.452774E-01  6.467335E+00 -6.830474E-13  5.578755E-01  4.990838E-01
       145   8  2.033921E+00 -5.795476E-01  6.467335E+00  2.627105E-13  5.578755E-01  4.990838E-01
       146   1  7.087314E-01 -1.322558E-01  1.809409E+00 -1.523721E-12  7.360070E-02  2.344873E-01
       146   2  4.775289E-01 -3.634583E-01  1.809409E+00  3.327667E-13  7.360070E-02  2.344873E-01
       146   3 -9.611707E-01 -1.322558E-01 -3.756931E+00 -2.627105E-13 -4.376732E-02  2.344873E-01
       146   4 -1.192373E+00 -3.634583E-01 -3.756931E+00 -1.768918E-12 -4.376732E-02  2.344873E-01
       146   5  7.087314E-01 -1.201836E-01  1.849650E+00  1.225982E-13  7.360070E-02  1.171192E-01
       146   6  4.775289E-01 -3.513860E-01  1.849650E+00  1.576263E-13  7.360070E-02  1.171192E-01
       146   7 -9.611707E-01 -1.201836E-01 -3.716690E+00  2.994900E-12 -4.376732E-02  1.171192E-01
       146   8 -1.192373E+00 -3.513860E-01 -3.716690E+00  1.926544E-13 -4.376732E-02  1.171192E-01
       147   1  2.676150E+00 -2.303670E-01  9.245659E+00 -5.779632E-13  2.030820E-01  1.019314E-01
       147   2  2.641050E+00 -2.654669E-01  9.245659E+00  5.079070E-13  2.030820E-01  1.019314E-01
       147   3 -3.130889E+00 -2.303670E-01 -1.011114E+01 -7.881316E-13  2.666172E-01  1.019314E-01
       147   4 -3.165988E+00 -2.654669E-01 -1.011114E+01  8.757018E-14  2.666172E-01  1.019314E-01
       147   5  2.676150E+00 -2.243714E-01  9.265645E+00  1.033328E-12  2.030820E-01  1.654666E-01
       147   6  2.641050E+00 -2.594713E-01  9.265645E+00  8.757018E-14  2.030820E-01  1.654666E-01
       147   7 -3.130889E+00 -2.243714E-01 -1.009115E+01 -1.558749E-12  2.666172E-01  1.654666E-01
       147   8 -3.165988E+00 -2.594713E-01 -1.009115E+01  4.028228E-13  2.666172E-01  1.654666E-01
       148   1 -2.423655E+00 -4.611003E-02 -8.167171E+00 -1.891516E-12 -3.487824E-01  2.568975E-01
       148   2 -2.475025E+00 -9.748031E-02 -8.167171E+00 -1.436151E-12 -3.487824E-01  2.568975E-01
       148   3  2.436424E+00 -4.611003E-02  8.033092E+00  4.203368E-13 -3.245614E-01  2.568975E-01
       148   4  2.385054E+00 -9.748031E-02  8.033092E+00  9.632719E-13 -3.245614E-01  2.568975E-01
       148   5 -2.423655E+00  5.887991E-02 -7.817205E+00 -2.697161E-12 -3.487824E-01  2.811185E-01
       148   6 -2.475025E+00  7.509632E-03 -7.817205E+00 -1.961572E-12 -3.487824E-01  2.811185E-01
       148   7  2.436424E+00  5.887991E-02  8.383058E+00 -9.457579E-13 -3.245614E-01  2.811185E-01
       148   8  2.385054E+00  7.509632E-03  8.383058E+00  3.502807E-13 -3.245614E-01  2.811185E-01
       149   1  6.279967E-01 -1.477009E-01  2.461485E+00 -2.101684E-12 -7.070687E-02  3.256583E-01
       149   2  7.022553E-01 -7.344234E-02  2.461485E+00  9.807860E-13 -7.070687E-02  3.256583E-01
       149   3 -9.359062E-01 -1.477009E-01 -2.751525E+00  5.954772E-13 -1.791435E-01  3.256583E-01
       149   4 -8.616476E-01 -7.344234E-02 -2.751525E+00  2.434451E-12 -1.791435E-01  3.256583E-01
       149   5  6.279967E-01 -1.602086E-01  2.419792E+00  1.050842E-12 -7.070687E-02  2.172217E-01
       149   6  7.022553E-01 -8.595004E-02  2.419792E+00  1.961572E-12 -7.070687E-02  2.172217E-01
       149   7 -9.359062E-01 -1.602086E-01 -2.793217E+00 -1.050842E-13 -1.791435E-01  2.172217E-01
       149   8 -8.616476E-01 -8.595004E-02 -2.793217E+00  4.798846E-12 -1.791435E-01  2.172217E-01
       150   1  2.601085E+00 -1.204959E-01  8.793768E+00  2.381909E-12 -2.922145E-02  2.761240E-01
       150   2  2.571179E+00 -1.504018E-01  8.793768E+00 -2.872302E-12 -2.922145E-02  2.761240E-01
       150   3 -2.851666E+00 -1.204959E-01 -9.382070E+00 -9.457579E-13 -5.158827E-02  2.761240E-01
       150   4 -2.881572E+00 -1.504018E-01 -9.382070E+00 -3.853088E-13 -5.158827E-02  2.761240E-01
       150   5  2.601085E+00 -1.300847E-01  8.761805E+00 -1.120898E-12 -2.922145E-02  2.537572E-01
       150   6  2.571179E+00 -1.599906E-01  8.761805E+00  5.604491E-13 -2.922145E-02  2.537572E-01
       150   7 -2.851666E+00 -1.300847E-01 -9.414032E+00  2.662133E-12 -5.158827E-02  2.537572E-01
       150   8 -2.881572E+00 -1.599906E-01 -9.414032E+00  2.451965E-13 -5.158827E-02  2.537572E-01
       151   1 -2.033587E+00 -2.240307E+00 -7.140928E-01 -1.197828E+00 -1.105573E-13  2.068642E-01
       151   2 -2.399185E+00 -2.240307E+00 -1.079691E+00 -1.197828E+00 -3.379661E-13  2.068642E-01
       151   3 -2.033587E+00 -1.105600E+01 -3.358800E+00 -1.197828E+00  1.592683E-13  4.631167E-01
       151   4 -2.399185E+00 -1.105600E+01 -3.724398E+00 -1.197828E+00  4.061067E-13  4.631167E-01
       151   5 -2.039306E+00 -2.259369E+00 -7.140928E-01 -1.017502E+00 -1.921071E-13  2.068642E-01
       151   6 -2.404904E+00 -2.259369E+00 -1.079691E+00 -1.017502E+00 -1.064525E-13  2.068642E-01
       151   7 -2.039306E+00 -1.107506E+01 -3.358800E+00 -1.017502E+00 -9.304331E-15  4.631167E-01
       151   8 -2.404904E+00 -1.107506E+01 -3.724398E+00 -1.017502E+00 -5.856255E-14  4.631167E-01
       152   1  5.415758E-02  1.849197E-01  7.125751E-02  8.933576E-02 -9.619036E-14  3.299850E-01
       152   2 -2.948663E-02  1.849197E-01 -1.238670E-02  8.933576E-02 -1.602261E-13  3.299850E-01
       152   3  5.415758E-02 -3.343839E-02  5.750069E-03  8.933576E-02 -1.440803E-13  4.394680E-01
       152   4 -2.948663E-02 -3.343839E-02 -7.789414E-02  8.933576E-02  9.208551E-14  4.394680E-01
       152   5  2.285000E-02  8.056114E-02  7.125751E-02  1.663794E-01 -1.273872E-13  3.299850E-01
       152   6 -6.079421E-02  8.056114E-02 -1.238670E-02  1.663794E-01 -4.656270E-13  3.299850E-01
       152   7  2.285000E-02 -1.377970E-01  5.750069E-03  1.663794E-01 -1.785611E-13  4.394680E-01
       152   8 -6.079421E-02 -1.377970E-01 -7.789414E-02  1.663794E-01 -1.927912E-13  4.394680E-01
       153   1 -2.360468E-01 -4.570455E+00 -1.706255E+00 -2.302528E+01 -6.119650E-14  7.857591E-01
       153   2  1.056054E+00 -4.570455E+00 -4.141546E-01 -2.302528E+01  1.561212E-13  7.857591E-01
       153   3 -2.360468E-01  5.138365E+00  1.206391E+00 -2.302528E+01  7.470831E-14  8.091180E-01
       153   4  1.056054E+00  5.138365E+00  2.498491E+00 -2.302528E+01  3.212731E-13  8.091180E-01
       153   5 -2.638170E-01 -4.663023E+00 -1.706255E+00 -2.300884E+01  3.560959E-14  7.857591E-01
       153   6  1.028283E+00 -4.663023E+00 -4.141546E-01 -2.300884E+01  2.529957E-13  7.857591E-01
       153   7 -2.638170E-01  5.045797E+00  1.206391E+00 -2.300884E+01  1.717538E-13  8.091180E-01
       153   8  1.028283E+00  5.045797E+00  2.498491E+00 -2.300884E+01  4.181476E-13  8.091180E-01
       154   1  4.580496E-02 -2.135910E-01 -5.282354E-04  1.553663E-01 -2.414337E-13  4.994943E-01
       154   2 -8.907963E-02 -2.135910E-01 -1.354128E-01  1.553663E-01 -6.138122E-13  4.994943E-01
       154   3  4.580496E-02 -1.526679E-02  5.896904E-02  1.553663E-01  2.376025E-13  5.611852E-01
       154   4 -8.907963E-02 -1.526679E-02 -7.591555E-02  1.553663E-01  2.287771E-13  5.611852E-01
       154   5  1.263584E-02 -3.241548E-01 -5.282354E-04  1.987784E-01 -2.488224E-13  4.994943E-01
       154   6 -1.222487E-01 -3.241548E-01 -1.354128E-01  1.987784E-01 -4.764365E-13  4.994943E-01
       154   7  1.263584E-02 -1.258305E-01  5.896904E-02  1.987784E-01  1.568738E-13  5.611852E-01
       154   8 -1.222487E-01 -1.258305E-01 -7.591555E-02  1.987784E-01 -1.387440E-13  5.611852E-01
       155   1  8.853823E+00  3.128489E+01  9.902641E+00  5.657730E+00  2.381835E-13  1.148921E+00
       155   2  1.074821E+01  3.128489E+01  1.179703E+01  5.657730E+00  6.079970E-13  1.148921E+00
       155   3  8.853823E+00  2.493641E+01  7.998097E+00  5.657730E+00 -4.853667E-15  1.122376E+00
       155   4  1.074821E+01  2.493641E+01  9.892482E+00  5.657730E+00 -6.841420E-17  1.122376E+00
       155   5  9.046915E+00  3.192853E+01  9.902641E+00  5.639051E+00  1.804045E-13  1.148921E+00
       155   6  1.094130E+01  3.192853E+01  1.179703E+01  5.639051E+00  2.410232E-13  1.148921E+00
       155   7  9.046915E+00  2.558005E+01  7.998097E+00  5.639051E+00 -7.453674E-14  1.122376E+00
       155   8  1.094130E+01  2.558005E+01  9.892482E+00  5.639051E+00 -4.630957E-13  1.122376E+00
       156   1 -9.503081E-03  7.189512E-02  1.129819E-01  4.911151E-01  5.618516E-14  7.151452E-01
       156   2 -6.183644E-02  7.189512E-02  6.064856E-02  4.911151E-01 -2.446748E-13  7.151452E-01
       156   3 -9.503081E-03 -7.527390E-02  6.883122E-02  4.911151E-01 -1.546845E-13  7.197519E-01
       156   4 -6.183644E-02 -7.527390E-02  1.649786E-02  4.911151E-01  2.490277E-14  7.197519E-01
       156   5  1.913162E-01  7.412928E-01  1.129819E-01  4.943568E-01  6.834579E-14  7.151452E-01
       156   6  1.389829E-01  7.412928E-01  6.064856E-02  4.943568E-01  1.963488E-14  7.151452E-01
       156   7  1.913162E-01  5.941238E-01  6.883122E-02  4.943568E-01 -2.006246E-14  7.197519E-01
       156   8  1.389829E-01  5.941238E-01  1.649786E-02  4.943568E-01  3.289868E-14  7.197519E-01
       157   1 -4.457225E+00 -1.418286E+01 -4.980037E+00  5.687193E+00 -1.022792E-13  6.201193E-01
       157   2 -3.501655E+00 -1.418286E+01 -4.024467E+00  5.687193E+00 -2.939758E-13  6.201193E-01
       157   3 -4.457225E+00 -1.116602E+01 -4.074986E+00  5.687193E+00  6.164119E-14  6.025932E-01
       157   4 -3.501655E+00 -1.116602E+01 -3.119416E+00  5.687193E+00 -3.297564E-14  6.025932E-01
       157   5 -4.597799E+00 -1.465144E+01 -4.980037E+00  5.674859E+00  1.633047E-13  6.201193E-01
       157   6 -3.642229E+00 -1.465144E+01 -4.024467E+00  5.674859E+00 -7.395575E-14  6.201193E-01
       157   7 -4.597799E+00 -1.163460E+01 -4.074986E+00  5.674859E+00  1.783558E-13  6.025932E-01
       157   8 -3.642229E+00 -1.163460E+01 -3.119416E+00  5.674859E+00  2.175572E-14  6.025932E-01
       158   1 -4.458371E-02 -1.371616E-01 -1.140349E-01  6.425678E-01  1.146964E-13  5.212572E-01
       158   2  1.620284E-02 -1.371616E-01 -5.324832E-02  6.425678E-01 -2.504302E-13  5.212572E-01
       158   3 -4.458371E-02 -4.677997E-02 -8.692039E-02  6.425678E-01  9.389849E-14  5.042052E-01
       158   4  1.620284E-02 -4.677997E-02 -2.613385E-02  6.425678E-01  3.431656E-13  5.042052E-01
       158   5 -1.563716E-01 -5.097877E-01 -1.140349E-01  6.305682E-01  6.153857E-14  5.212572E-01
       158   6 -9.558501E-02 -5.097877E-01 -5.324832E-02  6.305682E-01 -2.487540E-13  5.212572E-01
       158   7 -1.563716E-01 -4.194061E-01 -8.692039E-02  6.305682E-01 -7.611080E-14  5.042052E-01
       158   8 -9.558501E-02 -4.194061E-01 -2.613385E-02  6.305682E-01  2.495408E-13  5.042052E-01
       159   1  1.522187E+00  6.633385E+00  1.785511E+00  4.736699E+00 -5.987953E-14  7.710953E-01
       159   2  2.073620E+00  6.633385E+00  2.336944E+00  4.736699E+00 -1.249927E-13  7.710953E-01
       159   3  1.522187E+00  5.183579E+00  1.350569E+00  4.736699E+00  1.341773E-13  7.563001E-01
       159   4  2.073620E+00  5.183579E+00  1.902002E+00  4.736699E+00 -3.283197E-13  7.563001E-01
       159   5  1.613893E+00  6.939072E+00  1.785511E+00  4.726288E+00 -7.889868E-14  7.710953E-01
       159   6  2.165326E+00  6.939072E+00  2.336944E+00  4.726288E+00 -3.175103E-13  7.710953E-01
       159   7  1.613893E+00  5.489265E+00  1.350569E+00  4.726288E+00  8.396133E-14  7.563001E-01
       159   8  2.165326E+00  5.489265E+00  1.902002E+00  4.726288E+00 -3.079323E-13  7.563001E-01
       160   1 -5.782373E-02  1.193130E-01 -4.531481E-02  2.632980E-01 -5.558654E-15  4.963989E-01
       160   2  6.875107E-02  1.193130E-01  8.125999E-02  2.632980E-01 -5.395999E-13  4.963989E-01
       160   3 -5.782373E-02  6.748291E-02 -6.086385E-02  2.632980E-01 -2.090567E-13  4.862140E-01
       160   4  6.875107E-02  6.748291E-02  6.571095E-02  2.632980E-01 -4.869381E-14  4.862140E-01
       160   5 -4.835493E-02  1.508757E-01 -4.531481E-02  2.561309E-01 -2.753672E-15  4.963989E-01
       160   6  7.821987E-02  1.508757E-01  8.125999E-02  2.561309E-01 -4.137862E-13  4.963989E-01
       160   7 -4.835493E-02  9.904558E-02 -6.086385E-02  2.561309E-01 -2.204819E-13  4.862140E-01
       160   8  7.821987E-02  9.904558E-02  6.571095E-02  2.561309E-01 -2.702874E-13  4.862140E-01
       161   1 -9.265689E-01 -3.148715E+00 -1.052827E+00  3.524133E+00  1.426436E-13  6.780439E-01
       161   2 -7.259295E-01 -3.148715E+00 -8.521872E-01  3.524133E+00 -1.968191E-13  6.780439E-01
       161   3 -9.265689E-01 -2.443171E+00 -8.411634E-01  3.524133E+00 -3.075902E-13  6.674127E-01
       161   4 -7.259295E-01 -2.443171E+00 -6.405239E-01  3.524133E+00  1.197163E-13  6.674127E-01
       161   5 -9.674211E-01 -3.284889E+00 -1.052827E+00  3.516652E+00  1.784242E-13  6.780439E-01
       161   6 -7.667817E-01 -3.284889E+00 -8.521872E-01  3.516652E+00 -1.094542E-13  6.780439E-01
       161   7 -9.674211E-01 -2.579345E+00 -8.411634E-01  3.516652E+00 -1.431909E-13  6.674127E-01
       161   8 -7.667817E-01 -2.579345E+00 -6.405239E-01  3.516652E+00 -1.213069E-13  6.674127E-01
       162   1 -6.586040E-02 -7.240105E-02 -6.171581E-02  2.187532E-02  3.297393E-13  4.733344E-01
       162   2  2.926132E-02 -7.240105E-02  3.340591E-02  2.187532E-02 -3.820078E-14  4.733344E-01
       162   3 -6.586040E-02 -3.779725E-02 -5.133467E-02  2.187532E-02 -5.693772E-14  4.810901E-01
       162   4  2.926132E-02 -3.779725E-02  4.378705E-02  2.187532E-02  2.127425E-13  4.810901E-01
       162   5 -4.719008E-02 -1.016665E-02 -6.171581E-02  2.733302E-02  1.352036E-13  4.733344E-01
       162   6  4.793164E-02 -1.016665E-02  3.340591E-02  2.733302E-02 -2.988076E-13  4.733344E-01
       162   7 -4.719008E-02  2.443715E-02 -5.133467E-02  2.733302E-02 -3.680513E-13  4.810901E-01
       162   8  4.793164E-02  2.443715E-02  4.378705E-02  2.733302E-02  3.970589E-14  4.810901E-01
       163   1  3.407160E-01  1.462131E+00  4.072384E-01  2.304235E+00 -2.545008E-14  6.487182E-01
       163   2  4.213218E-01  1.462131E+00  4.878442E-01  2.304235E+00  1.600208E-13  6.487182E-01
       163   3  3.407160E-01  1.107927E+00  3.009773E-01  2.304235E+00  1.286187E-14  7.023445E-01
       163   4  4.213218E-01  1.107927E+00  3.815831E-01  2.304235E+00 -1.654255E-13  7.023445E-01
       163   5  3.674997E-01  1.551410E+00  4.072384E-01  2.341972E+00 -7.279271E-14  6.487182E-01
       163   6  4.481055E-01  1.551410E+00  4.878442E-01  2.341972E+00 -1.805451E-13  6.487182E-01
       163   7  3.674997E-01  1.197206E+00  3.009773E-01  2.341972E+00 -1.340918E-13  7.023445E-01
       163   8  4.481055E-01  1.197206E+00  3.815831E-01  2.341972E+00 -3.400186E-14  7.023445E-01
       164   1  3.120783E-02  4.784218E-02  2.761321E-02 -2.341387E-01 -4.833463E-14  4.242345E-01
       164   2 -1.894837E-02  4.784218E-02 -2.254299E-02 -2.341387E-01  1.821015E-13  4.242345E-01
       164   3  3.120783E-02  1.999724E-02  1.925972E-02 -2.341387E-01  5.141327E-14  4.401348E-01
       164   4 -1.894837E-02  1.999724E-02 -3.089648E-02 -2.341387E-01 -8.444023E-14  4.401348E-01
       164   5  1.566510E-02 -3.966904E-03  2.761321E-02 -2.229496E-01 -7.905261E-14  4.242345E-01
       164   6 -3.449110E-02 -3.966904E-03 -2.254299E-02 -2.229496E-01  5.940063E-14  4.242345E-01
       164   7  1.566510E-02 -3.181185E-02  1.925972E-02 -2.229496E-01  1.216747E-13  4.401348E-01
       164   8 -3.449110E-02 -3.181185E-02 -3.089648E-02 -2.229496E-01  2.650537E-13  4.401348E-01
       165   1 -2.467776E-01 -5.997050E-01 -2.789179E-01  1.165385E+00 -1.066663E-13  7.316058E-01
       165   2 -4.063424E-02 -5.997050E-01 -7.277452E-02  1.165385E+00 -2.459319E-13  7.316058E-01
       165   3 -2.467776E-01 -4.117889E-01 -2.225431E-01  1.165385E+00 -3.188102E-14  7.361361E-01
       165   4 -4.063424E-02 -4.117889E-01 -1.639970E-02  1.165385E+00  4.889905E-14  7.361361E-01
       165   5 -2.546834E-01 -6.260574E-01 -2.789179E-01  1.168573E+00 -2.558263E-14  7.316058E-01
       165   6 -4.853998E-02 -6.260574E-01 -7.277452E-02  1.168573E+00 -2.037888E-13  7.316058E-01
       165   7 -2.546834E-01 -4.381414E-01 -2.225431E-01  1.168573E+00  5.795110E-14  7.361361E-01
       165   8 -4.853998E-02 -4.381414E-01 -1.639970E-02  1.168573E+00  3.707194E-13  7.361361E-01
       166   1  5.077031E-02 -2.665213E-02  5.018097E-02 -4.767225E-01  1.108994E-13  4.537832E-01
       166   2 -5.896662E-02 -2.665213E-02 -5.955596E-02 -4.767225E-01  3.012277E-13  4.537832E-01
       166   3  5.077031E-02 -2.667069E-03  5.737649E-02 -4.767225E-01 -5.124224E-14  4.372095E-01
       166   4 -5.896662E-02 -2.667069E-03 -5.236044E-02 -4.767225E-01  9.037516E-14  4.372095E-01
       166   5  5.678715E-02 -6.595984E-03  5.018097E-02 -4.883855E-01  1.481167E-13  4.537832E-01
       166   6 -5.294978E-02 -6.595984E-03 -5.955596E-02 -4.883855E-01  4.869039E-13  4.537832E-01
       166   7  5.678715E-02  1.738908E-02  5.737649E-02 -4.883855E-01 -5.671537E-14  4.372095E-01
       166   8 -5.294978E-02  1.738908E-02 -5.236044E-02 -4.883855E-01  3.630742E-13  4.372095E-01
       167   1  1.602415E-03  1.655763E-01  2.356516E-02  3.833649E-01  1.785611E-13  5.354977E-01
       167   2  1.592793E-02  1.655763E-01  3.789068E-02  3.833649E-01 -4.980554E-14  5.354977E-01
       167   3  1.602415E-03  2.870393E-02 -1.749656E-02  3.833649E-01  4.063803E-14  4.068024E-01
       167   4  1.592793E-02  2.870393E-02 -3.171039E-03  3.833649E-01  1.209563E-13  4.068024E-01
       167   5  4.466195E-03  1.751223E-01  2.356516E-02  2.928015E-01  4.501654E-14  5.354977E-01
       167   6  1.879171E-02  1.751223E-01  3.789068E-02  2.928015E-01 -3.448076E-13  5.354977E-01
       167   7  4.466195E-03  3.824986E-02 -1.749656E-02  2.928015E-01 -1.628258E-14  4.068024E-01
       167   8  1.879171E-02  3.824986E-02 -3.171039E-03  2.928015E-01  3.010225E-13  4.068024E-01
       168   1  2.034573E-02  1.644382E-02  2.256116E-02 -2.760469E-01  2.310348E-13  4.848481E-01
       168   2 -1.760421E-02  1.644382E-02 -1.538878E-02 -2.760469E-01  1.772612E-13  4.848481E-01
       168   3  2.034573E-02 -6.038979E-03  1.581632E-02 -2.760469E-01 -6.300948E-14  4.389446E-01
       168   4 -1.760421E-02 -6.038979E-03 -2.213362E-02 -2.760469E-01  6.127860E-13  4.389446E-01
       168   5  1.803175E-02  8.730543E-03  2.256116E-02 -3.083493E-01  1.467485E-13  4.848481E-01
       168   6 -1.991819E-02  8.730543E-03 -1.538878E-02 -3.083493E-01  2.573058E-13  4.848481E-01
       168   7  1.803175E-02 -1.375225E-02  1.581632E-02 -3.083493E-01 -1.297817E-13  4.389446E-01
       168   8 -1.991819E-02 -1.375225E-02 -2.213362E-02 -3.083493E-01 -4.002231E-14  4.389446E-01
