{
  "features": [
    {
      "geometry": {
        "coordinates": [
          32.60116756793135,
          15.498646654428969
        ],
        "type": "Point"
      },
      "properties": {
        "charger_bus_voltage_v": 650.0,
        "charger_contact_count": 8,
        "charger_efficiency": 0.98,
        "charger_max_current_a": 3300.0,
        "charger_max_kw": 2000.0,
        "grid_export_kw": 3200.0,
        "grid_import_kw": 3200.0,
        "line": "line-1",
        "pv_nameplate_kw": 300.0,
        "station": "line-1-1674-1346-s000000",
        "storage_capacity_kwh": 2000.0,
        "storage_initial_soc": 0.6,
        "storage_max_charge_kw": 2000.0,
        "storage_max_discharge_kw": 2000.0,
        "storage_module_kwh": 500.0,
        "tier": "terminal"
      },
      "type": "Feature"
    },
    {
      "geometry": {
        "coordinates": [
          32.59351968803147,
          15.504585537918873
        ],
        "type": "Point"
      },
      "properties": {
        "charger_bus_voltage_v": 650.0,
        "charger_contact_count": 8,
        "charger_efficiency": 0.98,
        "charger_max_current_a": 3300.0,
        "charger_max_kw": 2000.0,
        "grid_export_kw": 2400.0,
        "grid_import_kw": 2400.0,
        "line": "line-1",
        "pv_nameplate_kw": 300.0,
        "station": "line-1-1641-1305-s001806",
        "storage_capacity_kwh": 2000.0,
        "storage_initial_soc": 0.5,
        "storage_max_charge_kw": 2000.0,
        "storage_max_discharge_kw": 2000.0,
        "storage_module_kwh": 500.0,
        "tier": "interchange"
      },
      "type": "Feature"
    },
    {
      "geometry": {
        "coordinates": [
          32.590721683190054,
          15.519342763560452
        ],
        "type": "Point"
      },
      "properties": {
        "charger_bus_voltage_v": 650.0,
        "charger_contact_count": 8,
        "charger_efficiency": 0.98,
        "charger_max_current_a": 3300.0,
        "charger_max_kw": 2000.0,
        "grid_export_kw": 2000.0,
        "grid_import_kw": 2000.0,
        "line": "line-1",
        "pv_nameplate_kw": 300.0,
        "station": "line-1-1559-1290-s004018",
        "storage_capacity_kwh": 2000.0,
        "storage_initial_soc": 0.5,
        "storage_max_charge_kw": 2000.0,
        "storage_max_discharge_kw": 2000.0,
        "storage_module_kwh": 500.0,
        "tier": "standard"
      },
      "type": "Feature"
    },
    {
      "geometry": {
        "coordinates": [
          32.57654512532687,
          15.522402188388584
        ],
        "type": "Point"
      },
      "properties": {
        "charger_bus_voltage_v": 650.0,
        "charger_contact_count": 8,
        "charger_efficiency": 0.98,
        "charger_max_current_a": 3300.0,
        "charger_max_kw": 2000.0,
        "grid_export_kw": 2400.0,
        "grid_import_kw": 2400.0,
        "line": "line-1",
        "pv_nameplate_kw": 300.0,
        "station": "line-1-1542-1214-s006130",
        "storage_capacity_kwh": 2000.0,
        "storage_initial_soc": 0.5,
        "storage_max_charge_kw": 2000.0,
        "storage_max_discharge_kw": 2000.0,
        "storage_module_kwh": 500.0,
        "tier": "interchange"
      },
      "type": "Feature"
    },
    {
      "geometry": {
        "coordinates": [
          32.56982991370746,
          15.53392002303567
        ],
        "type": "Point"
      },
      "properties": {
        "charger_bus_voltage_v": 650.0,
        "charger_contact_count": 8,
        "charger_efficiency": 0.98,
        "charger_max_current_a": 3300.0,
        "charger_max_kw": 2000.0,
        "grid_export_kw": 2000.0,
        "grid_import_kw": 2000.0,
        "line": "line-1",
        "pv_nameplate_kw": 300.0,
        "station": "line-1-1478-1178-s008039",
        "storage_capacity_kwh": 2000.0,
        "storage_initial_soc": 0.5,
        "storage_max_charge_kw": 2000.0,
        "storage_max_discharge_kw": 2000.0,
        "storage_module_kwh": 500.0,
        "tier": "standard"
      },
      "type": "Feature"
    },
    {
      "geometry": {
        "coordinates": [
          32.565726173273376,
          15.549397113342692
        ],
        "type": "Point"
      },
      "properties": {
        "charger_bus_voltage_v": 650.0,
        "charger_contact_count": 8,
        "charger_efficiency": 0.98,
        "charger_max_current_a": 3300.0,
        "charger_max_kw": 2000.0,
        "grid_export_kw": 2000.0,
        "grid_import_kw": 2000.0,
        "line": "line-1",
        "pv_nameplate_kw": 300.0,
        "station": "line-1-1392-1156-s010052",
        "storage_capacity_kwh": 2000.0,
        "storage_initial_soc": 0.5,
        "storage_max_charge_kw": 2000.0,
        "storage_max_discharge_kw": 2000.0,
        "storage_module_kwh": 500.0,
        "tier": "standard"
      },
      "type": "Feature"
    },
    {
      "geometry": {
        "coordinates": [
          32.56311470208806,
          15.56649389914696
        ],
        "type": "Point"
      },
      "properties": {
        "charger_bus_voltage_v": 650.0,
        "charger_contact_count": 8,
        "charger_efficiency": 0.98,
        "charger_max_current_a": 3300.0,
        "charger_max_kw": 2000.0,
        "grid_export_kw": 2000.0,
        "grid_import_kw": 2000.0,
        "line": "line-1",
        "pv_nameplate_kw": 300.0,
        "station": "line-1-1297-1142-s012068",
        "storage_capacity_kwh": 2000.0,
        "storage_initial_soc": 0.5,
        "storage_max_charge_kw": 2000.0,
        "storage_max_discharge_kw": 2000.0,
        "storage_module_kwh": 500.0,
        "tier": "standard"
      },
      "type": "Feature"
    },
    {
      "geometry": {
        "coordinates": [
          32.5513630817541,
          15.572792714969587
        ],
        "type": "Point"
      },
      "properties": {
        "charger_bus_voltage_v": 650.0,
        "charger_contact_count": 8,
        "charger_efficiency": 0.98,
        "charger_max_current_a": 3300.0,
        "charger_max_kw": 2000.0,
        "grid_export_kw": 2000.0,
        "grid_import_kw": 2000.0,
        "line": "line-1",
        "pv_nameplate_kw": 300.0,
        "station": "line-1-1262-1079-s014080",
        "storage_capacity_kwh": 2000.0,
        "storage_initial_soc": 0.5,
        "storage_max_charge_kw": 2000.0,
        "storage_max_discharge_kw": 2000.0,
        "storage_module_kwh": 500.0,
        "tier": "standard"
      },
      "type": "Feature"
    },
    {
      "geometry": {
        "coordinates": [
          32.54539400475907,
          15.588629737609331
        ],
        "type": "Point"
      },
      "properties": {
        "charger_bus_voltage_v": 650.0,
        "charger_contact_count": 8,
        "charger_efficiency": 0.98,
        "charger_max_current_a": 3300.0,
        "charger_max_kw": 2000.0,
        "grid_export_kw": 2000.0,
        "grid_import_kw": 2000.0,
        "line": "line-1",
        "pv_nameplate_kw": 300.0,
        "station": "line-1-1174-1047-s016105",
        "storage_capacity_kwh": 2000.0,
        "storage_initial_soc": 0.5,
        "storage_max_charge_kw": 2000.0,
        "storage_max_discharge_kw": 2000.0,
        "storage_module_kwh": 500.0,
        "tier": "standard"
      },
      "type": "Feature"
    },
    {
      "geometry": {
        "coordinates": [
          32.53811919217138,
          15.595648418097399
        ],
        "type": "Point"
      },
      "properties": {
        "charger_bus_voltage_v": 650.0,
        "charger_contact_count": 8,
        "charger_efficiency": 0.98,
        "charger_max_current_a": 3300.0,
        "charger_max_kw": 2000.0,
        "grid_export_kw": 2400.0,
        "grid_import_kw": 2400.0,
        "line": "line-1",
        "pv_nameplate_kw": 300.0,
        "station": "line-1-1135-1008-s017319",
        "storage_capacity_kwh": 2000.0,
        "storage_initial_soc": 0.5,
        "storage_max_charge_kw": 2000.0,
        "storage_max_discharge_kw": 2000.0,
        "storage_module_kwh": 500.0,
        "tier": "interchange"
      },
      "type": "Feature"
    },
    {
      "geometry": {
        "coordinates": [
          32.534575052705584,
          15.603926861749992
        ],
        "type": "Point"
      },
      "properties": {
        "charger_bus_voltage_v": 650.0,
        "charger_contact_count": 8,
        "charger_efficiency": 0.98,
        "charger_max_current_a": 3300.0,
        "charger_max_kw": 2000.0,
        "grid_export_kw": 2400.0,
        "grid_import_kw": 2400.0,
        "line": "line-1",
        "pv_nameplate_kw": 300.0,
        "station": "line-1-1089-0989-s018530",
        "storage_capacity_kwh": 2000.0,
        "storage_initial_soc": 0.5,
        "storage_max_charge_kw": 2000.0,
        "storage_max_discharge_kw": 2000.0,
        "storage_module_kwh": 500.0,
        "tier": "interchange"
      },
      "type": "Feature"
    },
    {
      "geometry": {
        "coordinates": [
          32.533269317112925,
          15.612205305402584
        ],
        "type": "Point"
      },
      "properties": {
        "charger_bus_voltage_v": 650.0,
        "charger_contact_count": 8,
        "charger_efficiency": 0.98,
        "charger_max_current_a": 3300.0,
        "charger_max_kw": 2000.0,
        "grid_export_kw": 2400.0,
        "grid_import_kw": 2400.0,
        "line": "line-1",
        "pv_nameplate_kw": 300.0,
        "station": "line-1-1043-0982-s019732",
        "storage_capacity_kwh": 2000.0,
        "storage_initial_soc": 0.5,
        "storage_max_charge_kw": 2000.0,
        "storage_max_discharge_kw": 2000.0,
        "storage_module_kwh": 500.0,
        "tier": "major"
      },
      "type": "Feature"
    },
    {
      "geometry": {
        "coordinates": [
          32.53028477861541,
          15.62102364755426
        ],
        "type": "Point"
      },
      "properties": {
        "charger_bus_voltage_v": 650.0,
        "charger_contact_count": 8,
        "charger_efficiency": 0.98,
        "charger_max_current_a": 3300.0,
        "charger_max_kw": 2000.0,
        "grid_export_kw": 2400.0,
        "grid_import_kw": 2400.0,
        "line": "line-1",
        "pv_nameplate_kw": 300.0,
        "station": "line-1-0994-0966-s020943",
        "storage_capacity_kwh": 2000.0,
        "storage_initial_soc": 0.5,
        "storage_max_charge_kw": 2000.0,
        "storage_max_discharge_kw": 2000.0,
        "storage_module_kwh": 500.0,
        "tier": "major"
      },
      "type": "Feature"
    },
    {
      "geometry": {
        "coordinates": [
          32.52095809581068,
          15.634341143864955
        ],
        "type": "Point"
      },
      "properties": {
        "charger_bus_voltage_v": 650.0,
        "charger_contact_count": 8,
        "charger_efficiency": 0.98,
        "charger_max_current_a": 3300.0,
        "charger_max_kw": 2000.0,
        "grid_export_kw": 2000.0,
        "grid_import_kw": 2000.0,
        "line": "line-1",
        "pv_nameplate_kw": 300.0,
        "station": "line-1-0920-0916-s022971",
        "storage_capacity_kwh": 2000.0,
        "storage_initial_soc": 0.5,
        "storage_max_charge_kw": 2000.0,
        "storage_max_discharge_kw": 2000.0,
        "storage_module_kwh": 500.0,
        "tier": "standard"
      },
      "type": "Feature"
    },
    {
      "geometry": {
        "coordinates": [
          32.50827380719625,
          15.643699384515712
        ],
        "type": "Point"
      },
      "properties": {
        "charger_bus_voltage_v": 650.0,
        "charger_contact_count": 8,
        "charger_efficiency": 0.98,
        "charger_max_current_a": 3300.0,
        "charger_max_kw": 2000.0,
        "grid_export_kw": 2000.0,
        "grid_import_kw": 2000.0,
        "line": "line-1",
        "pv_nameplate_kw": 300.0,
        "station": "line-1-0868-0848-s024973",
        "storage_capacity_kwh": 2000.0,
        "storage_initial_soc": 0.5,
        "storage_max_charge_kw": 2000.0,
        "storage_max_discharge_kw": 2000.0,
        "storage_module_kwh": 500.0,
        "tier": "standard"
      },
      "type": "Feature"
    },
    {
      "geometry": {
        "coordinates": [
          32.49372418202087,
          15.647298707842927
        ],
        "type": "Point"
      },
      "properties": {
        "charger_bus_voltage_v": 650.0,
        "charger_contact_count": 8,
        "charger_efficiency": 0.98,
        "charger_max_current_a": 3300.0,
        "charger_max_kw": 2000.0,
        "grid_export_kw": 2400.0,
        "grid_import_kw": 2400.0,
        "line": "line-1",
        "pv_nameplate_kw": 300.0,
        "station": "line-1-0848-0770-s026699",
        "storage_capacity_kwh": 2000.0,
        "storage_initial_soc": 0.5,
        "storage_max_charge_kw": 2000.0,
        "storage_max_discharge_kw": 2000.0,
        "storage_module_kwh": 500.0,
        "tier": "major"
      },
      "type": "Feature"
    },
    {
      "geometry": {
        "coordinates": [
          32.49932019170371,
          15.660076305654538
        ],
        "type": "Point"
      },
      "properties": {
        "charger_bus_voltage_v": 650.0,
        "charger_contact_count": 8,
        "charger_efficiency": 0.98,
        "charger_max_current_a": 3300.0,
        "charger_max_kw": 2000.0,
        "grid_export_kw": 2000.0,
        "grid_import_kw": 2000.0,
        "line": "line-1",
        "pv_nameplate_kw": 300.0,
        "station": "line-1-0777-0800-s028711",
        "storage_capacity_kwh": 2000.0,
        "storage_initial_soc": 0.5,
        "storage_max_charge_kw": 2000.0,
        "storage_max_discharge_kw": 2000.0,
        "storage_module_kwh": 500.0,
        "tier": "standard"
      },
      "type": "Feature"
    },
    {
      "geometry": {
        "coordinates": [
          32.48738203771366,
          15.666015189144442
        ],
        "type": "Point"
      },
      "properties": {
        "charger_bus_voltage_v": 650.0,
        "charger_contact_count": 8,
        "charger_efficiency": 0.98,
        "charger_max_current_a": 3300.0,
        "charger_max_kw": 2000.0,
        "grid_export_kw": 2400.0,
        "grid_import_kw": 2400.0,
        "line": "line-1",
        "pv_nameplate_kw": 300.0,
        "station": "line-1-0744-0736-s030738",
        "storage_capacity_kwh": 2000.0,
        "storage_initial_soc": 0.5,
        "storage_max_charge_kw": 2000.0,
        "storage_max_discharge_kw": 2000.0,
        "storage_module_kwh": 500.0,
        "tier": "interchange"
      },
      "type": "Feature"
    },
    {
      "geometry": {
        "coordinates": [
          32.477309220284546,
          15.666735053809884
        ],
        "type": "Point"
      },
      "properties": {
        "charger_bus_voltage_v": 650.0,
        "charger_contact_count": 8,
        "charger_efficiency": 0.98,
        "charger_max_current_a": 3300.0,
        "charger_max_kw": 2000.0,
        "grid_export_kw": 2400.0,
        "grid_import_kw": 2400.0,
        "line": "line-1",
        "pv_nameplate_kw": 300.0,
        "station": "line-1-0740-0682-s031879",
        "storage_capacity_kwh": 2000.0,
        "storage_initial_soc": 0.5,
        "storage_max_charge_kw": 2000.0,
        "storage_max_discharge_kw": 2000.0,
        "storage_module_kwh": 500.0,
        "tier": "interchange"
      },
      "type": "Feature"
    },
    {
      "geometry": {
        "coordinates": [
          32.47693615297236,
          15.672673937299788
        ],
        "type": "Point"
      },
      "properties": {
        "charger_bus_voltage_v": 650.0,
        "charger_contact_count": 8,
        "charger_efficiency": 0.98,
        "charger_max_current_a": 3300.0,
        "charger_max_kw": 2000.0,
        "grid_export_kw": 2400.0,
        "grid_import_kw": 2400.0,
        "line": "line-1",
        "pv_nameplate_kw": 300.0,
        "station": "line-1-0707-0680-s032749",
        "storage_capacity_kwh": 2000.0,
        "storage_initial_soc": 0.5,
        "storage_max_charge_kw": 2000.0,
        "storage_max_discharge_kw": 2000.0,
        "storage_module_kwh": 500.0,
        "tier": "interchange"
      },
      "type": "Feature"
    },
    {
      "geometry": {
        "coordinates": [
          32.46816907113592,
          15.681312313285103
        ],
        "type": "Point"
      },
      "properties": {
        "charger_bus_voltage_v": 650.0,
        "charger_contact_count": 8,
        "charger_efficiency": 0.98,
        "charger_max_current_a": 3300.0,
        "charger_max_kw": 2000.0,
        "grid_export_kw": 2000.0,
        "grid_import_kw": 2000.0,
        "line": "line-1",
        "pv_nameplate_kw": 300.0,
        "station": "line-1-0659-0633-s034770",
        "storage_capacity_kwh": 2000.0,
        "storage_initial_soc": 0.5,
        "storage_max_charge_kw": 2000.0,
        "storage_max_discharge_kw": 2000.0,
        "storage_module_kwh": 500.0,
        "tier": "standard"
      },
      "type": "Feature"
    },
    {
      "geometry": {
        "coordinates": [
          32.46760947016763,
          15.698948997588454
        ],
        "type": "Point"
      },
      "properties": {
        "charger_bus_voltage_v": 650.0,
        "charger_contact_count": 8,
        "charger_efficiency": 0.98,
        "charger_max_current_a": 3300.0,
        "charger_max_kw": 2000.0,
        "grid_export_kw": 2000.0,
        "grid_import_kw": 2000.0,
        "line": "line-1",
        "pv_nameplate_kw": 300.0,
        "station": "line-1-0561-0630-s036788",
        "storage_capacity_kwh": 2000.0,
        "storage_initial_soc": 0.5,
        "storage_max_charge_kw": 2000.0,
        "storage_max_discharge_kw": 2000.0,
        "storage_module_kwh": 500.0,
        "tier": "standard"
      },
      "type": "Feature"
    },
    {
      "geometry": {
        "coordinates": [
          32.45007530649474,
          15.715865817226362
        ],
        "type": "Point"
      },
      "properties": {
        "charger_bus_voltage_v": 650.0,
        "charger_contact_count": 8,
        "charger_efficiency": 0.98,
        "charger_max_current_a": 3300.0,
        "charger_max_kw": 2000.0,
        "grid_export_kw": 3200.0,
        "grid_import_kw": 3200.0,
        "line": "line-1",
        "pv_nameplate_kw": 300.0,
        "station": "line-1-0467-0536-s040752",
        "storage_capacity_kwh": 2000.0,
        "storage_initial_soc": 0.6,
        "storage_max_charge_kw": 2000.0,
        "storage_max_discharge_kw": 2000.0,
        "storage_module_kwh": 500.0,
        "tier": "terminal"
      },
      "type": "Feature"
    },
    {
      "geometry": {
        "coordinates": [
          32.68286930930077,
          15.627502429543247
        ],
        "type": "Point"
      },
      "properties": {
        "charger_bus_voltage_v": 650.0,
        "charger_contact_count": 8,
        "charger_efficiency": 0.98,
        "charger_max_current_a": 3300.0,
        "charger_max_kw": 2000.0,
        "grid_export_kw": 3200.0,
        "grid_import_kw": 3200.0,
        "line": "line-2",
        "pv_nameplate_kw": 300.0,
        "station": "line-2-0958-1784-s000000",
        "storage_capacity_kwh": 2000.0,
        "storage_initial_soc": 0.6,
        "storage_max_charge_kw": 2000.0,
        "storage_max_discharge_kw": 2000.0,
        "storage_module_kwh": 500.0,
        "tier": "terminal"
      },
      "type": "Feature"
    },
    {
      "geometry": {
        "coordinates": [
          32.68100397273982,
          15.613105136234388
        ],
        "type": "Point"
      },
      "properties": {
        "charger_bus_voltage_v": 650.0,
        "charger_contact_count": 8,
        "charger_efficiency": 0.98,
        "charger_max_current_a": 3300.0,
        "charger_max_kw": 2000.0,
        "grid_export_kw": 2400.0,
        "grid_import_kw": 2400.0,
        "line": "line-2",
        "pv_nameplate_kw": 300.0,
        "station": "line-2-1038-1774-s002347",
        "storage_capacity_kwh": 2000.0,
        "storage_initial_soc": 0.5,
        "storage_max_charge_kw": 2000.0,
        "storage_max_discharge_kw": 2000.0,
        "storage_module_kwh": 500.0,
        "tier": "interchange"
      },
      "type": "Feature"
    },
    {
      "geometry": {
        "coordinates": [
          32.66776008315711,
          15.613825000899832
        ],
        "type": "Point"
      },
      "properties": {
        "charger_bus_voltage_v": 650.0,
        "charger_contact_count": 8,
        "charger_efficiency": 0.98,
        "charger_max_current_a": 3300.0,
        "charger_max_kw": 2000.0,
        "grid_export_kw": 2000.0,
        "grid_import_kw": 2000.0,
        "line": "line-2",
        "pv_nameplate_kw": 300.0,
        "station": "line-2-1034-1703-s004036",
        "storage_capacity_kwh": 2000.0,
        "storage_initial_soc": 0.5,
        "storage_max_charge_kw": 2000.0,
        "storage_max_discharge_kw": 2000.0,
        "storage_module_kwh": 500.0,
        "tier": "standard"
      },
      "type": "Feature"
    },
    {
      "geometry": {
        "coordinates": [
          32.654889260886584,
          15.617784256559768
        ],
        "type": "Point"
      },
      "properties": {
        "charger_bus_voltage_v": 650.0,
        "charger_contact_count": 8,
        "charger_efficiency": 0.98,
        "charger_max_current_a": 3300.0,
        "charger_max_kw": 2000.0,
        "grid_export_kw": 2000.0,
        "grid_import_kw": 2000.0,
        "line": "line-2",
        "pv_nameplate_kw": 300.0,
        "station": "line-2-1012-1634-s006047",
        "storage_capacity_kwh": 2000.0,
        "storage_initial_soc": 0.5,
        "storage_max_charge_kw": 2000.0,
        "storage_max_discharge_kw": 2000.0,
        "storage_module_kwh": 500.0,
        "tier": "standard"
      },
      "type": "Feature"
    },
    {
      "geometry": {
        "coordinates": [
          32.64462990980138,
          15.610225677572616
        ],
        "type": "Point"
      },
      "properties": {
        "charger_bus_voltage_v": 650.0,
        "charger_contact_count": 8,
        "charger_efficiency": 0.98,
        "charger_max_current_a": 3300.0,
        "charger_max_kw": 2000.0,
        "grid_export_kw": 2000.0,
        "grid_import_kw": 2000.0,
        "line": "line-2",
        "pv_nameplate_kw": 300.0,
        "station": "line-2-1054-1579-s008056",
        "storage_capacity_kwh": 2000.0,
        "storage_initial_soc": 0.5,
        "storage_max_charge_kw": 2000.0,
        "storage_max_discharge_kw": 2000.0,
        "storage_module_kwh": 500.0,
        "tier": "standard"
      },
      "type": "Feature"
    },
    {
      "geometry": {
        "coordinates": [
          32.63045335193819,
          15.608785948241731
        ],
        "type": "Point"
      },
      "properties": {
        "charger_bus_voltage_v": 650.0,
        "charger_contact_count": 8,
        "charger_efficiency": 0.98,
        "charger_max_current_a": 3300.0,
        "charger_max_kw": 2000.0,
        "grid_export_kw": 2000.0,
        "grid_import_kw": 2000.0,
        "line": "line-2",
        "pv_nameplate_kw": 300.0,
        "station": "line-2-1062-1503-s010074",
        "storage_capacity_kwh": 2000.0,
        "storage_initial_soc": 0.5,
        "storage_max_charge_kw": 2000.0,
        "storage_max_discharge_kw": 2000.0,
        "storage_module_kwh": 500.0,
        "tier": "standard"
      },
      "type": "Feature"
    },
    {
      "geometry": {
        "coordinates": [
          32.61273265460921,
          15.61130547457078
        ],
        "type": "Point"
      },
      "properties": {
        "charger_bus_voltage_v": 650.0,
        "charger_contact_count": 8,
        "charger_efficiency": 0.98,
        "charger_max_current_a": 3300.0,
        "charger_max_kw": 2000.0,
        "grid_export_kw": 2000.0,
        "grid_import_kw": 2000.0,
        "line": "line-2",
        "pv_nameplate_kw": 300.0,
        "station": "line-2-1048-1408-s012090",
        "storage_capacity_kwh": 2000.0,
        "storage_initial_soc": 0.5,
        "storage_max_charge_kw": 2000.0,
        "storage_max_discharge_kw": 2000.0,
        "storage_module_kwh": 500.0,
        "tier": "standard"
      },
      "type": "Feature"
    },
    {
      "geometry": {
        "coordinates": [
          32.596131159216796,
          15.61616456106252
        ],
        "type": "Point"
      },
      "properties": {
        "charger_bus_voltage_v": 650.0,
        "charger_contact_count": 8,
        "charger_efficiency": 0.98,
        "charger_max_current_a": 3300.0,
        "charger_max_kw": 2000.0,
        "grid_export_kw": 2000.0,
        "grid_import_kw": 2000.0,
        "line": "line-2",
        "pv_nameplate_kw": 300.0,
        "station": "line-2-1021-1319-s014094",
        "storage_capacity_kwh": 2000.0,
        "storage_initial_soc": 0.5,
        "storage_max_charge_kw": 2000.0,
        "storage_max_discharge_kw": 2000.0,
        "storage_module_kwh": 500.0,
        "tier": "standard"
      },
      "type": "Feature"
    },
    {
      "geometry": {
        "coordinates": [
          32.57971619748047,
          15.61094554223806
        ],
        "type": "Point"
      },
      "properties": {
        "charger_bus_voltage_v": 650.0,
        "charger_contact_count": 8,
        "charger_efficiency": 0.98,
        "charger_max_current_a": 3300.0,
        "charger_max_kw": 2000.0,
        "grid_export_kw": 2000.0,
        "grid_import_kw": 2000.0,
        "line": "line-2",
        "pv_nameplate_kw": 300.0,
        "station": "line-2-1050-1231-s016110",
        "storage_capacity_kwh": 2000.0,
        "storage_initial_soc": 0.5,
        "storage_max_charge_kw": 2000.0,
        "storage_max_discharge_kw": 2000.0,
        "storage_module_kwh": 500.0,
        "tier": "standard"
      },
      "type": "Feature"
    },
    {
      "geometry": {
        "coordinates": [
          32.56982991370746,
          15.600507504589139
        ],
        "type": "Point"
      },
      "properties": {
        "charger_bus_voltage_v": 650.0,
        "charger_contact_count": 8,
        "charger_efficiency": 0.98,
        "charger_max_current_a": 3300.0,
        "charger_max_kw": 2000.0,
        "grid_export_kw": 2400.0,
        "grid_import_kw": 2400.0,
        "line": "line-2",
        "pv_nameplate_kw": 300.0,
        "station": "line-2-1108-1178-s017925",
        "storage_capacity_kwh": 2000.0,
        "storage_initial_soc": 0.5,
        "storage_max_charge_kw": 2000.0,
        "storage_max_discharge_kw": 2000.0,
        "storage_module_kwh": 500.0,
        "tier": "major"
      },
      "type": "Feature"
    },
    {
      "geometry": {
        "coordinates": [
          32.558264827029596,
          15.602847064751828
        ],
        "type": "Point"
      },
      "properties": {
        "charger_bus_voltage_v": 650.0,
        "charger_contact_count": 8,
        "charger_efficiency": 0.98,
        "charger_max_current_a": 3300.0,
        "charger_max_kw": 2000.0,
        "grid_export_kw": 2000.0,
        "grid_import_kw": 2000.0,
        "line": "line-2",
        "pv_nameplate_kw": 300.0,
        "station": "line-2-1095-1116-s019523",
        "storage_capacity_kwh": 2000.0,
        "storage_initial_soc": 0.5,
        "storage_max_charge_kw": 2000.0,
        "storage_max_discharge_kw": 2000.0,
        "storage_module_kwh": 500.0,
        "tier": "standard"
      },
      "type": "Feature"
    },
    {
      "geometry": {
        "coordinates": [
          32.55061694712972,
          15.608785948241731
        ],
        "type": "Point"
      },
      "properties": {
        "charger_bus_voltage_v": 650.0,
        "charger_contact_count": 8,
        "charger_efficiency": 0.98,
        "charger_max_current_a": 3300.0,
        "charger_max_kw": 2000.0,
        "grid_export_kw": 2400.0,
        "grid_import_kw": 2400.0,
        "line": "line-2",
        "pv_nameplate_kw": 300.0,
        "station": "line-2-1062-1075-s020726",
        "storage_capacity_kwh": 2000.0,
        "storage_initial_soc": 0.5,
        "storage_max_charge_kw": 2000.0,
        "storage_max_discharge_kw": 2000.0,
        "storage_module_kwh": 500.0,
        "tier": "major"
      },
      "type": "Feature"
    },
    {
      "geometry": {
        "coordinates": [
          32.54184986529327,
          15.603566929417271
        ],
        "type": "Point"
      },
      "properties": {
        "charger_bus_voltage_v": 650.0,
        "charger_contact_count": 8,
        "charger_efficiency": 0.98,
        "charger_max_current_a": 3300.0,
        "charger_max_kw": 2000.0,
        "grid_export_kw": 2400.0,
        "grid_import_kw": 2400.0,
        "line": "line-2",
        "pv_nameplate_kw": 300.0,
        "station": "line-2-1091-1028-s021953",
        "storage_capacity_kwh": 2000.0,
        "storage_initial_soc": 0.5,
        "storage_max_charge_kw": 2000.0,
        "storage_max_discharge_kw": 2000.0,
        "storage_module_kwh": 500.0,
        "tier": "interchange"
      },
      "type": "Feature"
    },
    {
      "geometry": {
        "coordinates": [
          32.53233664883245,
          15.600147572256416
        ],
        "type": "Point"
      },
      "properties": {
        "charger_bus_voltage_v": 650.0,
        "charger_contact_count": 8,
        "charger_efficiency": 0.98,
        "charger_max_current_a": 3300.0,
        "charger_max_kw": 2000.0,
        "grid_export_kw": 2400.0,
        "grid_import_kw": 2400.0,
        "line": "line-2",
        "pv_nameplate_kw": 300.0,
        "station": "line-2-1110-0977-s023154",
        "storage_capacity_kwh": 2000.0,
        "storage_initial_soc": 0.5,
        "storage_max_charge_kw": 2000.0,
        "storage_max_discharge_kw": 2000.0,
        "storage_module_kwh": 500.0,
        "tier": "interchange"
      },
      "type": "Feature"
    },
    {
      "geometry": {
        "coordinates": [
          32.52543490355695,
          15.59582838426376
        ],
        "type": "Point"
      },
      "properties": {
        "charger_bus_voltage_v": 650.0,
        "charger_contact_count": 8,
        "charger_efficiency": 0.98,
        "charger_max_current_a": 3300.0,
        "charger_max_kw": 2000.0,
        "grid_export_kw": 2400.0,
        "grid_import_kw": 2400.0,
        "line": "line-2",
        "pv_nameplate_kw": 300.0,
        "station": "line-2-1134-0940-s024365",
        "storage_capacity_kwh": 2000.0,
        "storage_initial_soc": 0.5,
        "storage_max_charge_kw": 2000.0,
        "storage_max_discharge_kw": 2000.0,
        "storage_module_kwh": 500.0,
        "tier": "major"
      },
      "type": "Feature"
    },
    {
      "geometry": {
        "coordinates": [
          32.508833408164534,
          15.599247741424612
        ],
        "type": "Point"
      },
      "properties": {
        "charger_bus_voltage_v": 650.0,
        "charger_contact_count": 8,
        "charger_efficiency": 0.98,
        "charger_max_current_a": 3300.0,
        "charger_max_kw": 2000.0,
        "grid_export_kw": 2000.0,
        "grid_import_kw": 2000.0,
        "line": "line-2",
        "pv_nameplate_kw": 300.0,
        "station": "line-2-1115-0851-s026369",
        "storage_capacity_kwh": 2000.0,
        "storage_initial_soc": 0.5,
        "storage_max_charge_kw": 2000.0,
        "storage_max_discharge_kw": 2000.0,
        "storage_module_kwh": 500.0,
        "tier": "standard"
      },
      "type": "Feature"
    },
    {
      "geometry": {
        "coordinates": [
          32.49167231180383,
          15.603027030918188
        ],
        "type": "Point"
      },
      "properties": {
        "charger_bus_voltage_v": 650.0,
        "charger_contact_count": 8,
        "charger_efficiency": 0.98,
        "charger_max_current_a": 3300.0,
        "charger_max_kw": 2000.0,
        "grid_export_kw": 2000.0,
        "grid_import_kw": 2000.0,
        "line": "line-2",
        "pv_nameplate_kw": 300.0,
        "station": "line-2-1094-0759-s028383",
        "storage_capacity_kwh": 2000.0,
        "storage_initial_soc": 0.5,
        "storage_max_charge_kw": 2000.0,
        "storage_max_discharge_kw": 2000.0,
        "storage_module_kwh": 500.0,
        "tier": "standard"
      },
      "type": "Feature"
    },
    {
      "geometry": {
        "coordinates": [
          32.476376552004076,
          15.596728215095563
        ],
        "type": "Point"
      },
      "properties": {
        "charger_bus_voltage_v": 650.0,
        "charger_contact_count": 8,
        "charger_efficiency": 0.98,
        "charger_max_current_a": 3300.0,
        "charger_max_kw": 2000.0,
        "grid_export_kw": 2000.0,
        "grid_import_kw": 2000.0,
        "line": "line-2",
        "pv_nameplate_kw": 300.0,
        "station": "line-2-1129-0677-s030391",
        "storage_capacity_kwh": 2000.0,
        "storage_initial_soc": 0.5,
        "storage_max_charge_kw": 2000.0,
        "storage_max_discharge_kw": 2000.0,
        "storage_module_kwh": 500.0,
        "tier": "standard"
      },
      "type": "Feature"
    },
    {
      "geometry": {
        "coordinates": [
          32.46593066726278,
          15.586830075945723
        ],
        "type": "Point"
      },
      "properties": {
        "charger_bus_voltage_v": 650.0,
        "charger_contact_count": 8,
        "charger_efficiency": 0.98,
        "charger_max_current_a": 3300.0,
        "charger_max_kw": 2000.0,
        "grid_export_kw": 2000.0,
        "grid_import_kw": 2000.0,
        "line": "line-2",
        "pv_nameplate_kw": 300.0,
        "station": "line-2-1184-0621-s032399",
        "storage_capacity_kwh": 2000.0,
        "storage_initial_soc": 0.5,
        "storage_max_charge_kw": 2000.0,
        "storage_max_discharge_kw": 2000.0,
        "storage_module_kwh": 500.0,
        "tier": "standard"
      },
      "type": "Feature"
    },
    {
      "geometry": {
        "coordinates": [
          32.453059844992254,
          15.589529568441133
        ],
        "type": "Point"
      },
      "properties": {
        "charger_bus_voltage_v": 650.0,
        "charger_contact_count": 8,
        "charger_efficiency": 0.98,
        "charger_max_current_a": 3300.0,
        "charger_max_kw": 2000.0,
        "grid_export_kw": 2400.0,
        "grid_import_kw": 2400.0,
        "line": "line-2",
        "pv_nameplate_kw": 300.0,
        "station": "line-2-1169-0552-s033998",
        "storage_capacity_kwh": 2000.0,
        "storage_initial_soc": 0.5,
        "storage_max_charge_kw": 2000.0,
        "storage_max_discharge_kw": 2000.0,
        "storage_module_kwh": 500.0,
        "tier": "interchange"
      },
      "type": "Feature"
    },
    {
      "geometry": {
        "coordinates": [
          32.44037555637782,
          15.594388654932873
        ],
        "type": "Point"
      },
      "properties": {
        "charger_bus_voltage_v": 650.0,
        "charger_contact_count": 8,
        "charger_efficiency": 0.98,
        "charger_max_current_a": 3300.0,
        "charger_max_kw": 2000.0,
        "grid_export_kw": 3200.0,
        "grid_import_kw": 3200.0,
        "line": "line-2",
        "pv_nameplate_kw": 300.0,
        "station": "line-2-1142-0484-s035581",
        "storage_capacity_kwh": 2000.0,
        "storage_initial_soc": 0.6,
        "storage_max_charge_kw": 2000.0,
        "storage_max_discharge_kw": 2000.0,
        "storage_module_kwh": 500.0,
        "tier": "terminal"
      },
      "type": "Feature"
    },
    {
      "geometry": {
        "coordinates": [
          32.475816951035796,
          15.746460065507685
        ],
        "type": "Point"
      },
      "properties": {
        "charger_bus_voltage_v": 650.0,
        "charger_contact_count": 8,
        "charger_efficiency": 0.98,
        "charger_max_current_a": 3300.0,
        "charger_max_kw": 2000.0,
        "grid_export_kw": 3200.0,
        "grid_import_kw": 3200.0,
        "line": "line-3",
        "pv_nameplate_kw": 300.0,
        "station": "line-3-0297-0674-s000000",
        "storage_capacity_kwh": 2000.0,
        "storage_initial_soc": 0.6,
        "storage_max_charge_kw": 2000.0,
        "storage_max_discharge_kw": 2000.0,
        "storage_module_kwh": 500.0,
        "tier": "terminal"
      },
      "type": "Feature"
    },
    {
      "geometry": {
        "coordinates": [
          32.50491620138655,
          15.717125580390887
        ],
        "type": "Point"
      },
      "properties": {
        "charger_bus_voltage_v": 650.0,
        "charger_contact_count": 8,
        "charger_efficiency": 0.98,
        "charger_max_current_a": 3300.0,
        "charger_max_kw": 2000.0,
        "grid_export_kw": 2400.0,
        "grid_import_kw": 2400.0,
        "line": "line-3",
        "pv_nameplate_kw": 300.0,
        "station": "line-3-0460-0830-s006024",
        "storage_capacity_kwh": 2000.0,
        "storage_initial_soc": 0.5,
        "storage_max_charge_kw": 2000.0,
        "storage_max_discharge_kw": 2000.0,
        "storage_module_kwh": 500.0,
        "tier": "interchange"
      },
      "type": "Feature"
    },
    {
      "geometry": {
        "coordinates": [
          32.509206475476724,
          15.706327610409243
        ],
        "type": "Point"
      },
      "properties": {
        "charger_bus_voltage_v": 650.0,
        "charger_contact_count": 8,
        "charger_efficiency": 0.98,
        "charger_max_current_a": 3300.0,
        "charger_max_kw": 2000.0,
        "grid_export_kw": 2000.0,
        "grid_import_kw": 2000.0,
        "line": "line-3",
        "pv_nameplate_kw": 300.0,
        "station": "line-3-0520-0853-s008034",
        "storage_capacity_kwh": 2000.0,
        "storage_initial_soc": 0.5,
        "storage_max_charge_kw": 2000.0,
        "storage_max_discharge_kw": 2000.0,
        "storage_module_kwh": 500.0,
        "tier": "standard"
      },
      "type": "Feature"
    },
    {
      "geometry": {
        "coordinates": [
          32.51275061494252,
          15.696249505093043
        ],
        "type": "Point"
      },
      "properties": {
        "charger_bus_voltage_v": 650.0,
        "charger_contact_count": 8,
        "charger_efficiency": 0.98,
        "charger_max_current_a": 3300.0,
        "charger_max_kw": 2000.0,
        "grid_export_kw": 2000.0,
        "grid_import_kw": 2000.0,
        "line": "line-3",
        "pv_nameplate_kw": 300.0,
        "station": "line-3-0576-0872-s010046",
        "storage_capacity_kwh": 2000.0,
        "storage_initial_soc": 0.5,
        "storage_max_charge_kw": 2000.0,
        "storage_max_discharge_kw": 2000.0,
        "storage_module_kwh": 500.0,
        "tier": "standard"
      },
      "type": "Feature"
    },
    {
      "geometry": {
        "coordinates": [
          32.52394263430819,
          15.694089911096714
        ],
        "type": "Point"
      },
      "properties": {
        "charger_bus_voltage_v": 650.0,
        "charger_contact_count": 8,
        "charger_efficiency": 0.98,
        "charger_max_current_a": 3300.0,
        "charger_max_kw": 2000.0,
        "grid_export_kw": 2000.0,
        "grid_import_kw": 2000.0,
        "line": "line-3",
        "pv_nameplate_kw": 300.0,
        "station": "line-3-0588-0932-s011362",
        "storage_capacity_kwh": 2000.0,
        "storage_initial_soc": 0.5,
        "storage_max_charge_kw": 2000.0,
        "storage_max_discharge_kw": 2000.0,
        "storage_module_kwh": 500.0,
        "tier": "standard"
      },
      "type": "Feature"
    },
    {
      "geometry": {
        "coordinates": [
          32.53270971614464,
          15.68563150127776
        ],
        "type": "Point"
      },
      "properties": {
        "charger_bus_voltage_v": 650.0,
        "charger_contact_count": 8,
        "charger_efficiency": 0.98,
        "charger_max_current_a": 3300.0,
        "charger_max_kw": 2000.0,
        "grid_export_kw": 2400.0,
        "grid_import_kw": 2400.0,
        "line": "line-3",
        "pv_nameplate_kw": 300.0,
        "station": "line-3-0635-0979-s012691",
        "storage_capacity_kwh": 2000.0,
        "storage_initial_soc": 0.5,
        "storage_max_charge_kw": 2000.0,
        "storage_max_discharge_kw": 2000.0,
        "storage_module_kwh": 500.0,
        "tier": "interchange"
      },
      "type": "Feature"
    },
    {
      "geometry": {
        "coordinates": [
          32.53177704786417,
          15.67555339596156
        ],
        "type": "Point"
      },
      "properties": {
        "charger_bus_voltage_v": 650.0,
        "charger_contact_count": 8,
        "charger_efficiency": 0.98,
        "charger_max_current_a": 3300.0,
        "charger_max_kw": 2000.0,
        "grid_export_kw": 2000.0,
        "grid_import_kw": 2000.0,
        "line": "line-3",
        "pv_nameplate_kw": 300.0,
        "station": "line-3-0691-0974-s014070",
        "storage_capacity_kwh": 2000.0,
        "storage_initial_soc": 0.5,
        "storage_max_charge_kw": 2000.0,
        "storage_max_discharge_kw": 2000.0,
        "storage_module_kwh": 500.0,
        "tier": "standard"
      },
      "type": "Feature"
    },
    {
      "geometry": {
        "coordinates": [
          32.535507720986054,
          15.664035561314474
        ],
        "type": "Point"
      },
      "properties": {
        "charger_bus_voltage_v": 650.0,
        "charger_contact_count": 8,
        "charger_efficiency": 0.98,
        "charger_max_current_a": 3300.0,
        "charger_max_kw": 2000.0,
        "grid_export_kw": 2000.0,
        "grid_import_kw": 2000.0,
        "line": "line-3",
        "pv_nameplate_kw": 300.0,
        "station": "line-3-0755-0994-s016079",
        "storage_capacity_kwh": 2000.0,
        "storage_initial_soc": 0.5,
        "storage_max_charge_kw": 2000.0,
        "storage_max_discharge_kw": 2000.0,
        "storage_module_kwh": 500.0,
        "tier": "standard"
      },
      "type": "Feature"
    },
    {
      "geometry": {
        "coordinates": [
          32.547259341320014,
          15.659896339488178
        ],
        "type": "Point"
      },
      "properties": {
        "charger_bus_voltage_v": 650.0,
        "charger_contact_count": 8,
        "charger_efficiency": 0.98,
        "charger_max_current_a": 3300.0,
        "charger_max_kw": 2000.0,
        "grid_export_kw": 2000.0,
        "grid_import_kw": 2000.0,
        "line": "line-3",
        "pv_nameplate_kw": 300.0,
        "station": "line-3-0778-1057-s018089",
        "storage_capacity_kwh": 2000.0,
        "storage_initial_soc": 0.5,
        "storage_max_charge_kw": 2000.0,
        "storage_max_discharge_kw": 2000.0,
        "storage_module_kwh": 500.0,
        "tier": "standard"
      },
      "type": "Feature"
    },
    {
      "geometry": {
        "coordinates": [
          32.55080348078581,
          15.651257963502863
        ],
        "type": "Point"
      },
      "properties": {
        "charger_bus_voltage_v": 650.0,
        "charger_contact_count": 8,
        "charger_efficiency": 0.98,
        "charger_max_current_a": 3300.0,
        "charger_max_kw": 2000.0,
        "grid_export_kw": 2400.0,
        "grid_import_kw": 2400.0,
        "line": "line-3",
        "pv_nameplate_kw": 300.0,
        "station": "line-3-0826-1076-s020096",
        "storage_capacity_kwh": 2000.0,
        "storage_initial_soc": 0.5,
        "storage_max_charge_kw": 2000.0,
        "storage_max_discharge_kw": 2000.0,
        "storage_module_kwh": 500.0,
        "tier": "interchange"
      },
      "type": "Feature"
    },
    {
      "geometry": {
        "coordinates": [
          32.55583988950037,
          15.638660331857611
        ],
        "type": "Point"
      },
      "properties": {
        "charger_bus_voltage_v": 650.0,
        "charger_contact_count": 8,
        "charger_efficiency": 0.98,
        "charger_max_current_a": 3300.0,
        "charger_max_kw": 2000.0,
        "grid_export_kw": 2000.0,
        "grid_import_kw": 2000.0,
        "line": "line-3",
        "pv_nameplate_kw": 300.0,
        "station": "line-3-0896-1103-s022103",
        "storage_capacity_kwh": 2000.0,
        "storage_initial_soc": 0.5,
        "storage_max_charge_kw": 2000.0,
        "storage_max_discharge_kw": 2000.0,
        "storage_module_kwh": 500.0,
        "tier": "standard"
      },
      "type": "Feature"
    },
    {
      "geometry": {
        "coordinates": [
          32.5614358991832,
          15.627322463376887
        ],
        "type": "Point"
      },
      "properties": {
        "charger_bus_voltage_v": 650.0,
        "charger_contact_count": 8,
        "charger_efficiency": 0.98,
        "charger_max_current_a": 3300.0,
        "charger_max_kw": 2000.0,
        "grid_export_kw": 2000.0,
        "grid_import_kw": 2000.0,
        "line": "line-3",
        "pv_nameplate_kw": 300.0,
        "station": "line-3-0959-1133-s024112",
        "storage_capacity_kwh": 2000.0,
        "storage_initial_soc": 0.5,
        "storage_max_charge_kw": 2000.0,
        "storage_max_discharge_kw": 2000.0,
        "storage_module_kwh": 500.0,
        "tier": "standard"
      },
      "type": "Feature"
    },
    {
      "geometry": {
        "coordinates": [
          32.57486632242201,
          15.622463376885147
        ],
        "type": "Point"
      },
      "properties": {
        "charger_bus_voltage_v": 650.0,
        "charger_contact_count": 8,
        "charger_efficiency": 0.98,
        "charger_max_current_a": 3300.0,
        "charger_max_kw": 2000.0,
        "grid_export_kw": 2000.0,
        "grid_import_kw": 2000.0,
        "line": "line-3",
        "pv_nameplate_kw": 300.0,
        "station": "line-3-0986-1205-s026130",
        "storage_capacity_kwh": 2000.0,
        "storage_initial_soc": 0.5,
        "storage_max_charge_kw": 2000.0,
        "storage_max_discharge_kw": 2000.0,
        "storage_module_kwh": 500.0,
        "tier": "standard"
      },
      "type": "Feature"
    },
    {
      "geometry": {
        "coordinates": [
          32.58699101006816,
          15.6158046287298
        ],
        "type": "Point"
      },
      "properties": {
        "charger_bus_voltage_v": 650.0,
        "charger_contact_count": 8,
        "charger_efficiency": 0.98,
        "charger_max_current_a": 3300.0,
        "charger_max_kw": 2000.0,
        "grid_export_kw": 2000.0,
        "grid_import_kw": 2000.0,
        "line": "line-3",
        "pv_nameplate_kw": 300.0,
        "station": "line-3-1023-1270-s028133",
        "storage_capacity_kwh": 2000.0,
        "storage_initial_soc": 0.5,
        "storage_max_charge_kw": 2000.0,
        "storage_max_discharge_kw": 2000.0,
        "storage_module_kwh": 500.0,
        "tier": "standard"
      },
      "type": "Feature"
    },
    {
      "geometry": {
        "coordinates": [
          32.59202741878271,
          15.599607673757335
        ],
        "type": "Point"
      },
      "properties": {
        "charger_bus_voltage_v": 650.0,
        "charger_contact_count": 8,
        "charger_efficiency": 0.98,
        "charger_max_current_a": 3300.0,
        "charger_max_kw": 2000.0,
        "grid_export_kw": 2000.0,
        "grid_import_kw": 2000.0,
        "line": "line-3",
        "pv_nameplate_kw": 300.0,
        "station": "line-3-1113-1297-s030156",
        "storage_capacity_kwh": 2000.0,
        "storage_initial_soc": 0.5,
        "storage_max_charge_kw": 2000.0,
        "storage_max_discharge_kw": 2000.0,
        "storage_module_kwh": 500.0,
        "tier": "standard"
      },
      "type": "Feature"
    },
    {
      "geometry": {
        "coordinates": [
          32.60676357761419,
          15.594748587265595
        ],
        "type": "Point"
      },
      "properties": {
        "charger_bus_voltage_v": 650.0,
        "charger_contact_count": 8,
        "charger_efficiency": 0.98,
        "charger_max_current_a": 3300.0,
        "charger_max_kw": 2000.0,
        "grid_export_kw": 2000.0,
        "grid_import_kw": 2000.0,
        "line": "line-3",
        "pv_nameplate_kw": 300.0,
        "station": "line-3-1140-1376-s032183",
        "storage_capacity_kwh": 2000.0,
        "storage_initial_soc": 0.5,
        "storage_max_charge_kw": 2000.0,
        "storage_max_discharge_kw": 2000.0,
        "storage_module_kwh": 500.0,
        "tier": "standard"
      },
      "type": "Feature"
    },
    {
      "geometry": {
        "coordinates": [
          32.610867318048264,
          15.578371666126769
        ],
        "type": "Point"
      },
      "properties": {
        "charger_bus_voltage_v": 650.0,
        "charger_contact_count": 8,
        "charger_efficiency": 0.98,
        "charger_max_current_a": 3300.0,
        "charger_max_kw": 2000.0,
        "grid_export_kw": 2400.0,
        "grid_import_kw": 2400.0,
        "line": "line-3",
        "pv_nameplate_kw": 300.0,
        "station": "line-3-1231-1398-s034186",
        "storage_capacity_kwh": 2000.0,
        "storage_initial_soc": 0.5,
        "storage_max_charge_kw": 2000.0,
        "storage_max_discharge_kw": 2000.0,
        "storage_module_kwh": 500.0,
        "tier": "interchange"
      },
      "type": "Feature"
    },
    {
      "geometry": {
        "coordinates": [
          32.61814213063595,
          15.563434474318829
        ],
        "type": "Point"
      },
      "properties": {
        "charger_bus_voltage_v": 650.0,
        "charger_contact_count": 8,
        "charger_efficiency": 0.98,
        "charger_max_current_a": 3300.0,
        "charger_max_kw": 2000.0,
        "grid_export_kw": 2000.0,
        "grid_import_kw": 2000.0,
        "line": "line-3",
        "pv_nameplate_kw": 300.0,
        "station": "line-3-1314-1437-s036202",
        "storage_capacity_kwh": 2000.0,
        "storage_initial_soc": 0.5,
        "storage_max_charge_kw": 2000.0,
        "storage_max_discharge_kw": 2000.0,
        "storage_module_kwh": 500.0,
        "tier": "standard"
      },
      "type": "Feature"
    },
    {
      "geometry": {
        "coordinates": [
          32.63138602021867,
          15.550656876507217
        ],
        "type": "Point"
      },
      "properties": {
        "charger_bus_voltage_v": 650.0,
        "charger_contact_count": 8,
        "charger_efficiency": 0.98,
        "charger_max_current_a": 3300.0,
        "charger_max_kw": 2000.0,
        "grid_export_kw": 2000.0,
        "grid_import_kw": 2000.0,
        "line": "line-3",
        "pv_nameplate_kw": 300.0,
        "station": "line-3-1385-1508-s038210",
        "storage_capacity_kwh": 2000.0,
        "storage_initial_soc": 0.5,
        "storage_max_charge_kw": 2000.0,
        "storage_max_discharge_kw": 2000.0,
        "storage_module_kwh": 500.0,
        "tier": "standard"
      },
      "type": "Feature"
    },
    {
      "geometry": {
        "coordinates": [
          32.64462990980138,
          15.537879278695605
        ],
        "type": "Point"
      },
      "properties": {
        "charger_bus_voltage_v": 650.0,
        "charger_contact_count": 8,
        "charger_efficiency": 0.98,
        "charger_max_current_a": 3300.0,
        "charger_max_kw": 2000.0,
        "grid_export_kw": 2000.0,
        "grid_import_kw": 2000.0,
        "line": "line-3",
        "pv_nameplate_kw": 300.0,
        "station": "line-3-1456-1579-s040218",
        "storage_capacity_kwh": 2000.0,
        "storage_initial_soc": 0.5,
        "storage_max_charge_kw": 2000.0,
        "storage_max_discharge_kw": 2000.0,
        "storage_module_kwh": 500.0,
        "tier": "standard"
      },
      "type": "Feature"
    },
    {
      "geometry": {
        "coordinates": [
          32.653583525293925,
          15.529240902710292
        ],
        "type": "Point"
      },
      "properties": {
        "charger_bus_voltage_v": 650.0,
        "charger_contact_count": 8,
        "charger_efficiency": 0.98,
        "charger_max_current_a": 3300.0,
        "charger_max_kw": 2000.0,
        "grid_export_kw": 2400.0,
        "grid_import_kw": 2400.0,
        "line": "line-3",
        "pv_nameplate_kw": 300.0,
        "station": "line-3-1504-1627-s041576",
        "storage_capacity_kwh": 2000.0,
        "storage_initial_soc": 0.5,
        "storage_max_charge_kw": 2000.0,
        "storage_max_discharge_kw": 2000.0,
        "storage_module_kwh": 500.0,
        "tier": "interchange"
      },
      "type": "Feature"
    },
    {
      "geometry": {
        "coordinates": [
          32.72446631460986,
          15.433678868372747
        ],
        "type": "Point"
      },
      "properties": {
        "charger_bus_voltage_v": 650.0,
        "charger_contact_count": 8,
        "charger_efficiency": 0.98,
        "charger_max_current_a": 3300.0,
        "charger_max_kw": 2000.0,
        "grid_export_kw": 12000.0,
        "grid_import_kw": 12000.0,
        "line": "line-3",
        "pv_nameplate_kw": 5000.0,
        "station": "line-3-2035-2007-s055965",
        "storage_capacity_kwh": 40000.0,
        "storage_initial_soc": 0.6,
        "storage_max_charge_kw": 10000.0,
        "storage_max_discharge_kw": 10000.0,
        "storage_module_kwh": 500.0,
        "tier": "depot-main"
      },
      "type": "Feature"
    },
    {
      "geometry": {
        "coordinates": [
          32.45660398445805,
          15.664935392146278
        ],
        "type": "Point"
      },
      "properties": {
        "charger_bus_voltage_v": 650.0,
        "charger_contact_count": 8,
        "charger_efficiency": 0.98,
        "charger_max_current_a": 3300.0,
        "charger_max_kw": 2000.0,
        "grid_export_kw": 3200.0,
        "grid_import_kw": 3200.0,
        "line": "line-4",
        "pv_nameplate_kw": 300.0,
        "station": "line-4-0750-0571-s000000",
        "storage_capacity_kwh": 2000.0,
        "storage_initial_soc": 0.6,
        "storage_max_charge_kw": 2000.0,
        "storage_max_discharge_kw": 2000.0,
        "storage_module_kwh": 500.0,
        "tier": "terminal"
      },
      "type": "Feature"
    },
    {
      "geometry": {
        "coordinates": [
          32.46108079220432,
          15.655937083828242
        ],
        "type": "Point"
      },
      "properties": {
        "charger_bus_voltage_v": 650.0,
        "charger_contact_count": 8,
        "charger_efficiency": 0.98,
        "charger_max_current_a": 3300.0,
        "charger_max_kw": 2000.0,
        "grid_export_kw": 2400.0,
        "grid_import_kw": 2400.0,
        "line": "line-4",
        "pv_nameplate_kw": 300.0,
        "station": "line-4-0800-0595-s001549",
        "storage_capacity_kwh": 2000.0,
        "storage_initial_soc": 0.5,
        "storage_max_charge_kw": 2000.0,
        "storage_max_discharge_kw": 2000.0,
        "storage_module_kwh": 500.0,
        "tier": "interchange"
      },
      "type": "Feature"
    },
    {
      "geometry": {
        "coordinates": [
          32.46089425854823,
          15.651797862001944
        ],
        "type": "Point"
      },
      "properties": {
        "charger_bus_voltage_v": 650.0,
        "charger_contact_count": 8,
        "charger_efficiency": 0.98,
        "charger_max_current_a": 3300.0,
        "charger_max_kw": 2000.0,
        "grid_export_kw": 2400.0,
        "grid_import_kw": 2400.0,
        "line": "line-4",
        "pv_nameplate_kw": 300.0,
        "station": "line-4-0823-0594-s002017",
        "storage_capacity_kwh": 2000.0,
        "storage_initial_soc": 0.5,
        "storage_max_charge_kw": 2000.0,
        "storage_max_discharge_kw": 2000.0,
        "storage_module_kwh": 500.0,
        "tier": "interchange"
      },
      "type": "Feature"
    },
    {
      "geometry": {
        "coordinates": [
          32.4720862779139,
          15.64315948601663
        ],
        "type": "Point"
      },
      "properties": {
        "charger_bus_voltage_v": 650.0,
        "charger_contact_count": 8,
        "charger_efficiency": 0.98,
        "charger_max_current_a": 3300.0,
        "charger_max_kw": 2000.0,
        "grid_export_kw": 2000.0,
        "grid_import_kw": 2000.0,
        "line": "line-4",
        "pv_nameplate_kw": 300.0,
        "station": "line-4-0871-0654-s004023",
        "storage_capacity_kwh": 2000.0,
        "storage_initial_soc": 0.5,
        "storage_max_charge_kw": 2000.0,
        "storage_max_discharge_kw": 2000.0,
        "storage_module_kwh": 500.0,
        "tier": "standard"
      },
      "type": "Feature"
    },
    {
      "geometry": {
        "coordinates": [
          32.482345628999106,
          15.64063995968758
        ],
        "type": "Point"
      },
      "properties": {
        "charger_bus_voltage_v": 650.0,
        "charger_contact_count": 8,
        "charger_efficiency": 0.98,
        "charger_max_current_a": 3300.0,
        "charger_max_kw": 2000.0,
        "grid_export_kw": 2400.0,
        "grid_import_kw": 2400.0,
        "line": "line-4",
        "pv_nameplate_kw": 300.0,
        "station": "line-4-0885-0709-s005239",
        "storage_capacity_kwh": 2000.0,
        "storage_initial_soc": 0.5,
        "storage_max_charge_kw": 2000.0,
        "storage_max_discharge_kw": 2000.0,
        "storage_module_kwh": 500.0,
        "tier": "major"
      },
      "type": "Feature"
    },
    {
      "geometry": {
        "coordinates": [
          32.48999350889898,
          15.635420940863119
        ],
        "type": "Point"
      },
      "properties": {
        "charger_bus_voltage_v": 650.0,
        "charger_contact_count": 8,
        "charger_efficiency": 0.98,
        "charger_max_current_a": 3300.0,
        "charger_max_kw": 2000.0,
        "grid_export_kw": 2400.0,
        "grid_import_kw": 2400.0,
        "line": "line-4",
        "pv_nameplate_kw": 300.0,
        "station": "line-4-0914-0750-s006440",
        "storage_capacity_kwh": 2000.0,
        "storage_initial_soc": 0.5,
        "storage_max_charge_kw": 2000.0,
        "storage_max_discharge_kw": 2000.0,
        "storage_module_kwh": 500.0,
        "tier": "major"
      },
      "type": "Feature"
    },
    {
      "geometry": {
        "coordinates": [
          32.48794163868194,
          15.621383579886983
        ],
        "type": "Point"
      },
      "properties": {
        "charger_bus_voltage_v": 650.0,
        "charger_contact_count": 8,
        "charger_efficiency": 0.98,
        "charger_max_current_a": 3300.0,
        "charger_max_kw": 2000.0,
        "grid_export_kw": 2000.0,
        "grid_import_kw": 2000.0,
        "line": "line-4",
        "pv_nameplate_kw": 300.0,
        "station": "line-4-0992-0739-s008452",
        "storage_capacity_kwh": 2000.0,
        "storage_initial_soc": 0.5,
        "storage_max_charge_kw": 2000.0,
        "storage_max_discharge_kw": 2000.0,
        "storage_module_kwh": 500.0,
        "tier": "standard"
      },
      "type": "Feature"
    },
    {
      "geometry": {
        "coordinates": [
          32.49689525417448,
          15.6107655760717
        ],
        "type": "Point"
      },
      "properties": {
        "charger_bus_voltage_v": 650.0,
        "charger_contact_count": 8,
        "charger_efficiency": 0.98,
        "charger_max_current_a": 3300.0,
        "charger_max_kw": 2000.0,
        "grid_export_kw": 2000.0,
        "grid_import_kw": 2000.0,
        "line": "line-4",
        "pv_nameplate_kw": 300.0,
        "station": "line-4-1051-0787-s010460",
        "storage_capacity_kwh": 2000.0,
        "storage_initial_soc": 0.5,
        "storage_max_charge_kw": 2000.0,
        "storage_max_discharge_kw": 2000.0,
        "storage_module_kwh": 500.0,
        "tier": "standard"
      },
      "type": "Feature"
    },
    {
      "geometry": {
        "coordinates": [
          32.51237754763033,
          15.605006658748156
        ],
        "type": "Point"
      },
      "properties": {
        "charger_bus_voltage_v": 650.0,
        "charger_contact_count": 8,
        "charger_efficiency": 0.98,
        "charger_max_current_a": 3300.0,
        "charger_max_kw": 2000.0,
        "grid_export_kw": 2000.0,
        "grid_import_kw": 2000.0,
        "line": "line-4",
        "pv_nameplate_kw": 300.0,
        "station": "line-4-1083-0870-s012472",
        "storage_capacity_kwh": 2000.0,
        "storage_initial_soc": 0.5,
        "storage_max_charge_kw": 2000.0,
        "storage_max_discharge_kw": 2000.0,
        "storage_module_kwh": 500.0,
        "tier": "standard"
      },
      "type": "Feature"
    },
    {
      "geometry": {
        "coordinates": [
          32.515175552471746,
          15.589169636108412
        ],
        "type": "Point"
      },
      "properties": {
        "charger_bus_voltage_v": 650.0,
        "charger_contact_count": 8,
        "charger_efficiency": 0.98,
        "charger_max_current_a": 3300.0,
        "charger_max_kw": 2000.0,
        "grid_export_kw": 2000.0,
        "grid_import_kw": 2000.0,
        "line": "line-4",
        "pv_nameplate_kw": 300.0,
        "station": "line-4-1171-0885-s014479",
        "storage_capacity_kwh": 2000.0,
        "storage_initial_soc": 0.5,
        "storage_max_charge_kw": 2000.0,
        "storage_max_discharge_kw": 2000.0,
        "storage_module_kwh": 500.0,
        "tier": "standard"
      },
      "type": "Feature"
    },
    {
      "geometry": {
        "coordinates": [
          32.52431570162038,
          15.580531260123097
        ],
        "type": "Point"
      },
      "properties": {
        "charger_bus_voltage_v": 650.0,
        "charger_contact_count": 8,
        "charger_efficiency": 0.98,
        "charger_max_current_a": 3300.0,
        "charger_max_kw": 2000.0,
        "grid_export_kw": 2400.0,
        "grid_import_kw": 2400.0,
        "line": "line-4",
        "pv_nameplate_kw": 300.0,
        "station": "line-4-1219-0934-s016488",
        "storage_capacity_kwh": 2000.0,
        "storage_initial_soc": 0.5,
        "storage_max_charge_kw": 2000.0,
        "storage_max_discharge_kw": 2000.0,
        "storage_module_kwh": 500.0,
        "tier": "interchange"
      },
      "type": "Feature"
    },
    {
      "geometry": {
        "coordinates": [
          32.528232908398365,
          15.564334305150632
        ],
        "type": "Point"
      },
      "properties": {
        "charger_bus_voltage_v": 650.0,
        "charger_contact_count": 8,
        "charger_efficiency": 0.98,
        "charger_max_current_a": 3300.0,
        "charger_max_kw": 2000.0,
        "grid_export_kw": 2000.0,
        "grid_import_kw": 2000.0,
        "line": "line-4",
        "pv_nameplate_kw": 300.0,
        "station": "line-4-1309-0955-s018509",
        "storage_capacity_kwh": 2000.0,
        "storage_initial_soc": 0.5,
        "storage_max_charge_kw": 2000.0,
        "storage_max_discharge_kw": 2000.0,
        "storage_module_kwh": 500.0,
        "tier": "standard"
      },
      "type": "Feature"
    },
    {
      "geometry": {
        "coordinates": [
          32.53681345657872,
          15.561814778821581
        ],
        "type": "Point"
      },
      "properties": {
        "charger_bus_voltage_v": 650.0,
        "charger_contact_count": 8,
        "charger_efficiency": 0.98,
        "charger_max_current_a": 3300.0,
        "charger_max_kw": 2000.0,
        "grid_export_kw": 2400.0,
        "grid_import_kw": 2400.0,
        "line": "line-4",
        "pv_nameplate_kw": 300.0,
        "station": "line-4-1323-1001-s019726",
        "storage_capacity_kwh": 2000.0,
        "storage_initial_soc": 0.5,
        "storage_max_charge_kw": 2000.0,
        "storage_max_discharge_kw": 2000.0,
        "storage_module_kwh": 500.0,
        "tier": "major"
      },
      "type": "Feature"
    },
    {
      "geometry": {
        "coordinates": [
          32.545953605727355,
          15.552996436669908
        ],
        "type": "Point"
      },
      "properties": {
        "charger_bus_voltage_v": 650.0,
        "charger_contact_count": 8,
        "charger_efficiency": 0.98,
        "charger_max_current_a": 3300.0,
        "charger_max_kw": 2000.0,
        "grid_export_kw": 2000.0,
        "grid_import_kw": 2000.0,
        "line": "line-4",
        "pv_nameplate_kw": 300.0,
        "station": "line-4-1372-1050-s021744",
        "storage_capacity_kwh": 2000.0,
        "storage_initial_soc": 0.5,
        "storage_max_charge_kw": 2000.0,
        "storage_max_discharge_kw": 2000.0,
        "storage_module_kwh": 500.0,
        "tier": "standard"
      },
      "type": "Feature"
    },
    {
      "geometry": {
        "coordinates": [
          32.54893814422487,
          15.53625958319836
        ],
        "type": "Point"
      },
      "properties": {
        "charger_bus_voltage_v": 650.0,
        "charger_contact_count": 8,
        "charger_efficiency": 0.98,
        "charger_max_current_a": 3300.0,
        "charger_max_kw": 2000.0,
        "grid_export_kw": 2000.0,
        "grid_import_kw": 2000.0,
        "line": "line-4",
        "pv_nameplate_kw": 300.0,
        "station": "line-4-1465-1066-s023753",
        "storage_capacity_kwh": 2000.0,
        "storage_initial_soc": 0.5,
        "storage_max_charge_kw": 2000.0,
        "storage_max_discharge_kw": 2000.0,
        "storage_module_kwh": 500.0,
        "tier": "standard"
      },
      "type": "Feature"
    },
    {
      "geometry": {
        "coordinates": [
          32.55845136068569,
          15.528161105712126
        ],
        "type": "Point"
      },
      "properties": {
        "charger_bus_voltage_v": 650.0,
        "charger_contact_count": 8,
        "charger_efficiency": 0.98,
        "charger_max_current_a": 3300.0,
        "charger_max_kw": 2000.0,
        "grid_export_kw": 2400.0,
        "grid_import_kw": 2400.0,
        "line": "line-4",
        "pv_nameplate_kw": 300.0,
        "station": "line-4-1510-1117-s025754",
        "storage_capacity_kwh": 2000.0,
        "storage_initial_soc": 0.5,
        "storage_max_charge_kw": 2000.0,
        "storage_max_discharge_kw": 2000.0,
        "storage_module_kwh": 500.0,
        "tier": "interchange"
      },
      "type": "Feature"
    },
    {
      "geometry": {
        "coordinates": [
          32.559943629934445,
          15.519702695893173
        ],
        "type": "Point"
      },
      "properties": {
        "charger_bus_voltage_v": 650.0,
        "charger_contact_count": 8,
        "charger_efficiency": 0.98,
        "charger_max_current_a": 3300.0,
        "charger_max_kw": 2000.0,
        "grid_export_kw": 2400.0,
        "grid_import_kw": 2400.0,
        "line": "line-4",
        "pv_nameplate_kw": 300.0,
        "station": "line-4-1557-1125-s026760",
        "storage_capacity_kwh": 2000.0,
        "storage_initial_soc": 0.5,
        "storage_max_charge_kw": 2000.0,
        "storage_max_discharge_kw": 2000.0,
        "storage_module_kwh": 500.0,
        "tier": "interchange"
      },
      "type": "Feature"
    },
    {
      "geometry": {
        "coordinates": [
          32.56180896649539,
          15.51142425224058
        ],
        "type": "Point"
      },
      "properties": {
        "charger_bus_voltage_v": 650.0,
        "charger_contact_count": 8,
        "charger_efficiency": 0.98,
        "charger_max_current_a": 3300.0,
        "charger_max_kw": 2000.0,
        "grid_export_kw": 2400.0,
        "grid_import_kw": 2400.0,
        "line": "line-4",
        "pv_nameplate_kw": 300.0,
        "station": "line-4-1603-1135-s027763",
        "storage_capacity_kwh": 2000.0,
        "storage_initial_soc": 0.5,
        "storage_max_charge_kw": 2000.0,
        "storage_max_discharge_kw": 2000.0,
        "storage_module_kwh": 500.0,
        "tier": "interchange"
      },
      "type": "Feature"
    },
    {
      "geometry": {
        "coordinates": [
          32.56628577424166,
          15.496667026599
        ],
        "type": "Point"
      },
      "properties": {
        "charger_bus_voltage_v": 650.0,
        "charger_contact_count": 8,
        "charger_efficiency": 0.98,
        "charger_max_current_a": 3300.0,
        "charger_max_kw": 2000.0,
        "grid_export_kw": 2000.0,
        "grid_import_kw": 2000.0,
        "line": "line-4",
        "pv_nameplate_kw": 300.0,
        "station": "line-4-1685-1159-s029768",
        "storage_capacity_kwh": 2000.0,
        "storage_initial_soc": 0.5,
        "storage_max_charge_kw": 2000.0,
        "storage_max_discharge_kw": 2000.0,
        "storage_module_kwh": 500.0,
        "tier": "standard"
      },
      "type": "Feature"
    },
    {
      "geometry": {
        "coordinates": [
          32.58064886576094,
          15.501346146924378
        ],
        "type": "Point"
      },
      "properties": {
        "charger_bus_voltage_v": 650.0,
        "charger_contact_count": 8,
        "charger_efficiency": 0.98,
        "charger_max_current_a": 3300.0,
        "charger_max_kw": 2000.0,
        "grid_export_kw": 3200.0,
        "grid_import_kw": 3200.0,
        "line": "line-4",
        "pv_nameplate_kw": 300.0,
        "station": "line-4-1659-1236-s031721",
        "storage_capacity_kwh": 2000.0,
        "storage_initial_soc": 0.6,
        "storage_max_charge_kw": 2000.0,
        "storage_max_discharge_kw": 2000.0,
        "storage_module_kwh": 500.0,
        "tier": "terminal"
      },
      "type": "Feature"
    },
    {
      "geometry": {
        "coordinates": [
          32.58046233210485,
          15.71298635856459
        ],
        "type": "Point"
      },
      "properties": {
        "charger_bus_voltage_v": 650.0,
        "charger_contact_count": 8,
        "charger_efficiency": 0.98,
        "charger_max_current_a": 3300.0,
        "charger_max_kw": 2000.0,
        "grid_export_kw": 3200.0,
        "grid_import_kw": 3200.0,
        "line": "line-5",
        "pv_nameplate_kw": 300.0,
        "station": "line-5-0483-1235-s000000",
        "storage_capacity_kwh": 2000.0,
        "storage_initial_soc": 0.6,
        "storage_max_charge_kw": 2000.0,
        "storage_max_discharge_kw": 2000.0,
        "storage_module_kwh": 500.0,
        "tier": "terminal"
      },
      "type": "Feature"
    },
    {
      "geometry": {
        "coordinates": [
          32.57971619748047,
          15.70272828708203
        ],
        "type": "Point"
      },
      "properties": {
        "charger_bus_voltage_v": 650.0,
        "charger_contact_count": 8,
        "charger_efficiency": 0.98,
        "charger_max_current_a": 3300.0,
        "charger_max_kw": 2000.0,
        "grid_export_kw": 2000.0,
        "grid_import_kw": 2000.0,
        "line": "line-5",
        "pv_nameplate_kw": 300.0,
        "station": "line-5-0540-1231-s002019",
        "storage_capacity_kwh": 2000.0,
        "storage_initial_soc": 0.5,
        "storage_max_charge_kw": 2000.0,
        "storage_max_discharge_kw": 2000.0,
        "storage_module_kwh": 500.0,
        "tier": "standard"
      },
      "type": "Feature"
    },
    {
      "geometry": {
        "coordinates": [
          32.5683376444587,
          15.696969369758486
        ],
        "type": "Point"
      },
      "properties": {
        "charger_bus_voltage_v": 650.0,
        "charger_contact_count": 8,
        "charger_efficiency": 0.98,
        "charger_max_current_a": 3300.0,
        "charger_max_kw": 2000.0,
        "grid_export_kw": 2000.0,
        "grid_import_kw": 2000.0,
        "line": "line-5",
        "pv_nameplate_kw": 300.0,
        "station": "line-5-0572-1170-s004045",
        "storage_capacity_kwh": 2000.0,
        "storage_initial_soc": 0.5,
        "storage_max_charge_kw": 2000.0,
        "storage_max_discharge_kw": 2000.0,
        "storage_module_kwh": 500.0,
        "tier": "standard"
      },
      "type": "Feature"
    },
    {
      "geometry": {
        "coordinates": [
          32.56180896649539,
          15.681492279451463
        ],
        "type": "Point"
      },
      "properties": {
        "charger_bus_voltage_v": 650.0,
        "charger_contact_count": 8,
        "charger_efficiency": 0.98,
        "charger_max_current_a": 3300.0,
        "charger_max_kw": 2000.0,
        "grid_export_kw": 2000.0,
        "grid_import_kw": 2000.0,
        "line": "line-5",
        "pv_nameplate_kw": 300.0,
        "station": "line-5-0658-1135-s006054",
        "storage_capacity_kwh": 2000.0,
        "storage_initial_soc": 0.5,
        "storage_max_charge_kw": 2000.0,
        "storage_max_discharge_kw": 2000.0,
        "storage_module_kwh": 500.0,
        "tier": "standard"
      },
      "type": "Feature"
    },
    {
      "geometry": {
        "coordinates": [
          32.55677255778084,
          15.666915019976246
        ],
        "type": "Point"
      },
      "properties": {
        "charger_bus_voltage_v": 650.0,
        "charger_contact_count": 8,
        "charger_efficiency": 0.98,
        "charger_max_current_a": 3300.0,
        "charger_max_kw": 2000.0,
        "grid_export_kw": 2000.0,
        "grid_import_kw": 2000.0,
        "line": "line-5",
        "pv_nameplate_kw": 300.0,
        "station": "line-5-0739-1108-s008074",
        "storage_capacity_kwh": 2000.0,
        "storage_initial_soc": 0.5,
        "storage_max_charge_kw": 2000.0,
        "storage_max_discharge_kw": 2000.0,
        "storage_module_kwh": 500.0,
        "tier": "standard"
      },
      "type": "Feature"
    },
    {
      "geometry": {
        "coordinates": [
          32.551736149066286,
          15.65305762516647
        ],
        "type": "Point"
      },
      "properties": {
        "charger_bus_voltage_v": 650.0,
        "charger_contact_count": 8,
        "charger_efficiency": 0.98,
        "charger_max_current_a": 3300.0,
        "charger_max_kw": 2000.0,
        "grid_export_kw": 2400.0,
        "grid_import_kw": 2400.0,
        "line": "line-5",
        "pv_nameplate_kw": 300.0,
        "station": "line-5-0816-1081-s010094",
        "storage_capacity_kwh": 2000.0,
        "storage_initial_soc": 0.5,
        "storage_max_charge_kw": 2000.0,
        "storage_max_discharge_kw": 2000.0,
        "storage_module_kwh": 500.0,
        "tier": "interchange"
      },
      "type": "Feature"
    },
    {
      "geometry": {
        "coordinates": [
          32.54408826916641,
          15.640459993521219
        ],
        "type": "Point"
      },
      "properties": {
        "charger_bus_voltage_v": 650.0,
        "charger_contact_count": 8,
        "charger_efficiency": 0.98,
        "charger_max_current_a": 3300.0,
        "charger_max_kw": 2000.0,
        "grid_export_kw": 2000.0,
        "grid_import_kw": 2000.0,
        "line": "line-5",
        "pv_nameplate_kw": 300.0,
        "station": "line-5-0886-1040-s012106",
        "storage_capacity_kwh": 2000.0,
        "storage_initial_soc": 0.5,
        "storage_max_charge_kw": 2000.0,
        "storage_max_discharge_kw": 2000.0,
        "storage_module_kwh": 500.0,
        "tier": "standard"
      },
      "type": "Feature"
    },
    {
      "geometry": {
        "coordinates": [
          32.54147679798108,
          15.625522801713279
        ],
        "type": "Point"
      },
      "properties": {
        "charger_bus_voltage_v": 650.0,
        "charger_contact_count": 8,
        "charger_efficiency": 0.98,
        "charger_max_current_a": 3300.0,
        "charger_max_kw": 2000.0,
        "grid_export_kw": 2000.0,
        "grid_import_kw": 2000.0,
        "line": "line-5",
        "pv_nameplate_kw": 300.0,
        "station": "line-5-0969-1026-s014110",
        "storage_capacity_kwh": 2000.0,
        "storage_initial_soc": 0.5,
        "storage_max_charge_kw": 2000.0,
        "storage_max_discharge_kw": 2000.0,
        "storage_module_kwh": 500.0,
        "tier": "standard"
      },
      "type": "Feature"
    },
    {
      "geometry": {
        "coordinates": [
          32.54371520185422,
          15.61616456106252
        ],
        "type": "Point"
      },
      "properties": {
        "charger_bus_voltage_v": 650.0,
        "charger_contact_count": 8,
        "charger_efficiency": 0.98,
        "charger_max_current_a": 3300.0,
        "charger_max_kw": 2000.0,
        "grid_export_kw": 2400.0,
        "grid_import_kw": 2400.0,
        "line": "line-5",
        "pv_nameplate_kw": 300.0,
        "station": "line-5-1021-1038-s015323",
        "storage_capacity_kwh": 2000.0,
        "storage_initial_soc": 0.5,
        "storage_max_charge_kw": 2000.0,
        "storage_max_discharge_kw": 2000.0,
        "storage_module_kwh": 500.0,
        "tier": "major"
      },
      "type": "Feature"
    },
    {
      "geometry": {
        "coordinates": [
          32.54408826916641,
          15.606446388079043
        ],
        "type": "Point"
      },
      "properties": {
        "charger_bus_voltage_v": 650.0,
        "charger_contact_count": 8,
        "charger_efficiency": 0.98,
        "charger_max_current_a": 3300.0,
        "charger_max_kw": 2000.0,
        "grid_export_kw": 2400.0,
        "grid_import_kw": 2400.0,
        "line": "line-5",
        "pv_nameplate_kw": 300.0,
        "station": "line-5-1075-1040-s016531",
        "storage_capacity_kwh": 2000.0,
        "storage_initial_soc": 0.5,
        "storage_max_charge_kw": 2000.0,
        "storage_max_discharge_kw": 2000.0,
        "storage_module_kwh": 500.0,
        "tier": "interchange"
      },
      "type": "Feature"
    },
    {
      "geometry": {
        "coordinates": [
          32.53699999023481,
          15.598347910592809
        ],
        "type": "Point"
      },
      "properties": {
        "charger_bus_voltage_v": 650.0,
        "charger_contact_count": 8,
        "charger_efficiency": 0.98,
        "charger_max_current_a": 3300.0,
        "charger_max_kw": 2000.0,
        "grid_export_kw": 2400.0,
        "grid_import_kw": 2400.0,
        "line": "line-5",
        "pv_nameplate_kw": 300.0,
        "station": "line-5-1120-1002-s017745",
        "storage_capacity_kwh": 2000.0,
        "storage_initial_soc": 0.5,
        "storage_max_charge_kw": 2000.0,
        "storage_max_discharge_kw": 2000.0,
        "storage_module_kwh": 500.0,
        "tier": "interchange"
      },
      "type": "Feature"
    },
    {
      "geometry": {
        "coordinates": [
          32.53159051420807,
          15.592049094770184
        ],
        "type": "Point"
      },
      "properties": {
        "charger_bus_voltage_v": 650.0,
        "charger_contact_count": 8,
        "charger_efficiency": 0.98,
        "charger_max_current_a": 3300.0,
        "charger_max_kw": 2000.0,
        "grid_export_kw": 2400.0,
        "grid_import_kw": 2400.0,
        "line": "line-5",
        "pv_nameplate_kw": 300.0,
        "station": "line-5-1155-0973-s018951",
        "storage_capacity_kwh": 2000.0,
        "storage_initial_soc": 0.5,
        "storage_max_charge_kw": 2000.0,
        "storage_max_discharge_kw": 2000.0,
        "storage_module_kwh": 500.0,
        "tier": "major"
      },
      "type": "Feature"
    },
    {
      "geometry": {
        "coordinates": [
          32.52599450452524,
          15.582870820285788
        ],
        "type": "Point"
      },
      "properties": {
        "charger_bus_voltage_v": 650.0,
        "charger_contact_count": 8,
        "charger_efficiency": 0.98,
        "charger_max_current_a": 3300.0,
        "charger_max_kw": 2000.0,
        "grid_export_kw": 2400.0,
        "grid_import_kw": 2400.0,
        "line": "line-5",
        "pv_nameplate_kw": 300.0,
        "station": "line-5-1206-0943-s020951",
        "storage_capacity_kwh": 2000.0,
        "storage_initial_soc": 0.5,
        "storage_max_charge_kw": 2000.0,
        "storage_max_discharge_kw": 2000.0,
        "storage_module_kwh": 500.0,
        "tier": "interchange"
      },
      "type": "Feature"
    },
    {
      "geometry": {
        "coordinates": [
          32.51405635053518,
          15.574232444300472
        ],
        "type": "Point"
      },
      "properties": {
        "charger_bus_voltage_v": 650.0,
        "charger_contact_count": 8,
        "charger_efficiency": 0.98,
        "charger_max_current_a": 3300.0,
        "charger_max_kw": 2000.0,
        "grid_export_kw": 2000.0,
        "grid_import_kw": 2000.0,
        "line": "line-5",
        "pv_nameplate_kw": 300.0,
        "station": "line-5-1254-0879-s022962",
        "storage_capacity_kwh": 2000.0,
        "storage_initial_soc": 0.5,
        "storage_max_charge_kw": 2000.0,
        "storage_max_discharge_kw": 2000.0,
        "storage_module_kwh": 500.0,
        "tier": "standard"
      },
      "type": "Feature"
    },
    {
      "geometry": {
        "coordinates": [
          32.5065950042914,
          15.559475218658893
        ],
        "type": "Point"
      },
      "properties": {
        "charger_bus_voltage_v": 650.0,
        "charger_contact_count": 8,
        "charger_efficiency": 0.98,
        "charger_max_current_a": 3300.0,
        "charger_max_kw": 2000.0,
        "grid_export_kw": 2000.0,
        "grid_import_kw": 2000.0,
        "line": "line-5",
        "pv_nameplate_kw": 300.0,
        "station": "line-5-1336-0839-s024966",
        "storage_capacity_kwh": 2000.0,
        "storage_initial_soc": 0.5,
        "storage_max_charge_kw": 2000.0,
        "storage_max_discharge_kw": 2000.0,
        "storage_module_kwh": 500.0,
        "tier": "standard"
      },
      "type": "Feature"
    },
    {
      "geometry": {
        "coordinates": [
          32.515362086127844,
          15.550656876507217
        ],
        "type": "Point"
      },
      "properties": {
        "charger_bus_voltage_v": 650.0,
        "charger_contact_count": 8,
        "charger_efficiency": 0.98,
        "charger_max_current_a": 3300.0,
        "charger_max_kw": 2000.0,
        "grid_export_kw": 2000.0,
        "grid_import_kw": 2000.0,
        "line": "line-5",
        "pv_nameplate_kw": 300.0,
        "station": "line-5-1385-0886-s026977",
        "storage_capacity_kwh": 2000.0,
        "storage_initial_soc": 0.5,
        "storage_max_charge_kw": 2000.0,
        "storage_max_discharge_kw": 2000.0,
        "storage_module_kwh": 500.0,
        "tier": "standard"
      },
      "type": "Feature"
    },
    {
      "geometry": {
        "coordinates": [
          32.515362086127844,
          15.536979447863802
        ],
        "type": "Point"
      },
      "properties": {
        "charger_bus_voltage_v": 650.0,
        "charger_contact_count": 8,
        "charger_efficiency": 0.98,
        "charger_max_current_a": 3300.0,
        "charger_max_kw": 2000.0,
        "grid_export_kw": 2000.0,
        "grid_import_kw": 2000.0,
        "line": "line-5",
        "pv_nameplate_kw": 300.0,
        "station": "line-5-1461-0886-s028989",
        "storage_capacity_kwh": 2000.0,
        "storage_initial_soc": 0.5,
        "storage_max_charge_kw": 2000.0,
        "storage_max_discharge_kw": 2000.0,
        "storage_module_kwh": 500.0,
        "tier": "standard"
      },
      "type": "Feature"
    },
    {
      "geometry": {
        "coordinates": [
          32.508087273540156,
          15.528521038044849
        ],
        "type": "Point"
      },
      "properties": {
        "charger_bus_voltage_v": 650.0,
        "charger_contact_count": 8,
        "charger_efficiency": 0.98,
        "charger_max_current_a": 3300.0,
        "charger_max_kw": 2000.0,
        "grid_export_kw": 2000.0,
        "grid_import_kw": 2000.0,
        "line": "line-5",
        "pv_nameplate_kw": 300.0,
        "station": "line-5-1508-0847-s030995",
        "storage_capacity_kwh": 2000.0,
        "storage_initial_soc": 0.5,
        "storage_max_charge_kw": 2000.0,
        "storage_max_discharge_kw": 2000.0,
        "storage_module_kwh": 500.0,
        "tier": "standard"
      },
      "type": "Feature"
    },
    {
      "geometry": {
        "coordinates": [
          32.50174512923294,
          15.522402188388584
        ],
        "type": "Point"
      },
      "properties": {
        "charger_bus_voltage_v": 650.0,
        "charger_contact_count": 8,
        "charger_efficiency": 0.98,
        "charger_max_current_a": 3300.0,
        "charger_max_kw": 2000.0,
        "grid_export_kw": 2000.0,
        "grid_import_kw": 2000.0,
        "line": "line-5",
        "pv_nameplate_kw": 300.0,
        "station": "line-5-1542-0813-s032358",
        "storage_capacity_kwh": 2000.0,
        "storage_initial_soc": 0.5,
        "storage_max_charge_kw": 2000.0,
        "storage_max_discharge_kw": 2000.0,
        "storage_module_kwh": 500.0,
        "tier": "standard"
      },
      "type": "Feature"
    },
    {
      "geometry": {
        "coordinates": [
          32.502304730201224,
          15.510704387575137
        ],
        "type": "Point"
      },
      "properties": {
        "charger_bus_voltage_v": 650.0,
        "charger_contact_count": 8,
        "charger_efficiency": 0.98,
        "charger_max_current_a": 3300.0,
        "charger_max_kw": 2000.0,
        "grid_export_kw": 2400.0,
        "grid_import_kw": 2400.0,
        "line": "line-5",
        "pv_nameplate_kw": 300.0,
        "station": "line-5-1607-0816-s033716",
        "storage_capacity_kwh": 2000.0,
        "storage_initial_soc": 0.5,
        "storage_max_charge_kw": 2000.0,
        "storage_max_discharge_kw": 2000.0,
        "storage_module_kwh": 500.0,
        "tier": "interchange"
      },
      "type": "Feature"
    },
    {
      "geometry": {
        "coordinates": [
          32.49129924449164,
          15.477230680632042
        ],
        "type": "Point"
      },
      "properties": {
        "charger_bus_voltage_v": 650.0,
        "charger_contact_count": 8,
        "charger_efficiency": 0.98,
        "charger_max_current_a": 3300.0,
        "charger_max_kw": 2000.0,
        "grid_export_kw": 2000.0,
        "grid_import_kw": 2000.0,
        "line": "line-5",
        "pv_nameplate_kw": 300.0,
        "station": "line-5-1793-0757-s038725",
        "storage_capacity_kwh": 2000.0,
        "storage_initial_soc": 0.5,
        "storage_max_charge_kw": 2000.0,
        "storage_max_discharge_kw": 2000.0,
        "storage_module_kwh": 500.0,
        "tier": "standard"
      },
      "type": "Feature"
    },
    {
      "geometry": {
        "coordinates": [
          32.48682243674537,
          15.467872439981285
        ],
        "type": "Point"
      },
      "properties": {
        "charger_bus_voltage_v": 650.0,
        "charger_contact_count": 8,
        "charger_efficiency": 0.98,
        "charger_max_current_a": 3300.0,
        "charger_max_kw": 2000.0,
        "grid_export_kw": 2000.0,
        "grid_import_kw": 2000.0,
        "line": "line-5",
        "pv_nameplate_kw": 300.0,
        "station": "line-5-1845-0733-s040184",
        "storage_capacity_kwh": 2000.0,
        "storage_initial_soc": 0.5,
        "storage_max_charge_kw": 2000.0,
        "storage_max_discharge_kw": 2000.0,
        "storage_module_kwh": 500.0,
        "tier": "standard"
      },
      "type": "Feature"
    },
    {
      "geometry": {
        "coordinates": [
          32.475816951035796,
          15.462473454990462
        ],
        "type": "Point"
      },
      "properties": {
        "charger_bus_voltage_v": 650.0,
        "charger_contact_count": 8,
        "charger_efficiency": 0.98,
        "charger_max_current_a": 3300.0,
        "charger_max_kw": 2000.0,
        "grid_export_kw": 3200.0,
        "grid_import_kw": 3200.0,
        "line": "line-5",
        "pv_nameplate_kw": 300.0,
        "station": "line-5-1875-0674-s041653",
        "storage_capacity_kwh": 2000.0,
        "storage_initial_soc": 0.6,
        "storage_max_charge_kw": 2000.0,
        "storage_max_discharge_kw": 2000.0,
        "storage_module_kwh": 500.0,
        "tier": "terminal"
      },
      "type": "Feature"
    },
    {
      "geometry": {
        "coordinates": [
          32.53961146142014,
          15.442497210524422
        ],
        "type": "Point"
      },
      "properties": {
        "charger_bus_voltage_v": 650.0,
        "charger_contact_count": 8,
        "charger_efficiency": 0.98,
        "charger_max_current_a": 3300.0,
        "charger_max_kw": 2000.0,
        "grid_export_kw": 3200.0,
        "grid_import_kw": 3200.0,
        "line": "line-6",
        "pv_nameplate_kw": 300.0,
        "station": "line-6-1986-1016-s000000",
        "storage_capacity_kwh": 2000.0,
        "storage_initial_soc": 0.6,
        "storage_max_charge_kw": 2000.0,
        "storage_max_discharge_kw": 2000.0,
        "storage_module_kwh": 500.0,
        "tier": "terminal"
      },
      "type": "Feature"
    },
    {
      "geometry": {
        "coordinates": [
          32.54949774519315,
          15.477590612964763
        ],
        "type": "Point"
      },
      "properties": {
        "charger_bus_voltage_v": 650.0,
        "charger_contact_count": 8,
        "charger_efficiency": 0.98,
        "charger_max_current_a": 3300.0,
        "charger_max_kw": 2000.0,
        "grid_export_kw": 2000.0,
        "grid_import_kw": 2000.0,
        "line": "line-6",
        "pv_nameplate_kw": 300.0,
        "station": "line-6-1791-1069-s005011",
        "storage_capacity_kwh": 2000.0,
        "storage_initial_soc": 0.5,
        "storage_max_charge_kw": 2000.0,
        "storage_max_discharge_kw": 2000.0,
        "storage_module_kwh": 500.0,
        "tier": "standard"
      },
      "type": "Feature"
    },
    {
      "geometry": {
        "coordinates": [
          32.553414951971135,
          15.488388582946406
        ],
        "type": "Point"
      },
      "properties": {
        "charger_bus_voltage_v": 650.0,
        "charger_contact_count": 8,
        "charger_efficiency": 0.98,
        "charger_max_current_a": 3300.0,
        "charger_max_kw": 2000.0,
        "grid_export_kw": 2000.0,
        "grid_import_kw": 2000.0,
        "line": "line-6",
        "pv_nameplate_kw": 300.0,
        "station": "line-6-1731-1090-s007026",
        "storage_capacity_kwh": 2000.0,
        "storage_initial_soc": 0.5,
        "storage_max_charge_kw": 2000.0,
        "storage_max_discharge_kw": 2000.0,
        "storage_module_kwh": 500.0,
        "tier": "standard"
      },
      "type": "Feature"
    },
    {
      "geometry": {
        "coordinates": [
          32.5513630817541,
          15.50422560558615
        ],
        "type": "Point"
      },
      "properties": {
        "charger_bus_voltage_v": 650.0,
        "charger_contact_count": 8,
        "charger_efficiency": 0.98,
        "charger_max_current_a": 3300.0,
        "charger_max_kw": 2000.0,
        "grid_export_kw": 2000.0,
        "grid_import_kw": 2000.0,
        "line": "line-6",
        "pv_nameplate_kw": 300.0,
        "station": "line-6-1643-1079-s009040",
        "storage_capacity_kwh": 2000.0,
        "storage_initial_soc": 0.5,
        "storage_max_charge_kw": 2000.0,
        "storage_max_discharge_kw": 2000.0,
        "storage_module_kwh": 500.0,
        "tier": "standard"
      },
      "type": "Feature"
    },
    {
      "geometry": {
        "coordinates": [
          32.56124936552711,
          15.515203541734154
        ],
        "type": "Point"
      },
      "properties": {
        "charger_bus_voltage_v": 650.0,
        "charger_contact_count": 8,
        "charger_efficiency": 0.98,
        "charger_max_current_a": 3300.0,
        "charger_max_kw": 2000.0,
        "grid_export_kw": 2400.0,
        "grid_import_kw": 2400.0,
        "line": "line-6",
        "pv_nameplate_kw": 300.0,
        "station": "line-6-1582-1132-s011051",
        "storage_capacity_kwh": 2000.0,
        "storage_initial_soc": 0.5,
        "storage_max_charge_kw": 2000.0,
        "storage_max_discharge_kw": 2000.0,
        "storage_module_kwh": 500.0,
        "tier": "interchange"
      },
      "type": "Feature"
    },
    {
      "geometry": {
        "coordinates": [
          32.56460697133681,
          15.520062628225894
        ],
        "type": "Point"
      },
      "properties": {
        "charger_bus_voltage_v": 650.0,
        "charger_contact_count": 8,
        "charger_efficiency": 0.98,
        "charger_max_current_a": 3300.0,
        "charger_max_kw": 2000.0,
        "grid_export_kw": 2400.0,
        "grid_import_kw": 2400.0,
        "line": "line-6",
        "pv_nameplate_kw": 300.0,
        "station": "line-6-1555-1150-s011796",
        "storage_capacity_kwh": 2000.0,
        "storage_initial_soc": 0.5,
        "storage_max_charge_kw": 2000.0,
        "storage_max_discharge_kw": 2000.0,
        "storage_module_kwh": 500.0,
        "tier": "interchange"
      },
      "type": "Feature"
    },
    {
      "geometry": {
        "coordinates": [
          32.56348776940025,
          15.52906093654393
        ],
        "type": "Point"
      },
      "properties": {
        "charger_bus_voltage_v": 650.0,
        "charger_contact_count": 8,
        "charger_efficiency": 0.98,
        "charger_max_current_a": 3300.0,
        "charger_max_kw": 2000.0,
        "grid_export_kw": 2400.0,
        "grid_import_kw": 2400.0,
        "line": "line-6",
        "pv_nameplate_kw": 300.0,
        "station": "line-6-1505-1144-s013061",
        "storage_capacity_kwh": 2000.0,
        "storage_initial_soc": 0.5,
        "storage_max_charge_kw": 2000.0,
        "storage_max_discharge_kw": 2000.0,
        "storage_module_kwh": 500.0,
        "tier": "interchange"
      },
      "type": "Feature"
    },
    {
      "geometry": {
        "coordinates": [
          32.57673165898296,
          15.534999820033834
        ],
        "type": "Point"
      },
      "properties": {
        "charger_bus_voltage_v": 650.0,
        "charger_contact_count": 8,
        "charger_efficiency": 0.98,
        "charger_max_current_a": 3300.0,
        "charger_max_kw": 2000.0,
        "grid_export_kw": 2000.0,
        "grid_import_kw": 2000.0,
        "line": "line-6",
        "pv_nameplate_kw": 300.0,
        "station": "line-6-1472-1215-s015061",
        "storage_capacity_kwh": 2000.0,
        "storage_initial_soc": 0.5,
        "storage_max_charge_kw": 2000.0,
        "storage_max_discharge_kw": 2000.0,
        "storage_module_kwh": 500.0,
        "tier": "standard"
      },
      "type": "Feature"
    },
    {
      "geometry": {
        "coordinates": [
          32.58158153404142,
          15.546877587013642
        ],
        "type": "Point"
      },
      "properties": {
        "charger_bus_voltage_v": 650.0,
        "charger_contact_count": 8,
        "charger_efficiency": 0.98,
        "charger_max_current_a": 3300.0,
        "charger_max_kw": 2000.0,
        "grid_export_kw": 2000.0,
        "grid_import_kw": 2000.0,
        "line": "line-6",
        "pv_nameplate_kw": 300.0,
        "station": "line-6-1406-1241-s017074",
        "storage_capacity_kwh": 2000.0,
        "storage_initial_soc": 0.5,
        "storage_max_charge_kw": 2000.0,
        "storage_max_discharge_kw": 2000.0,
        "storage_module_kwh": 500.0,
        "tier": "standard"
      },
      "type": "Feature"
    },
    {
      "geometry": {
        "coordinates": [
          32.578783529199995,
          15.563614440485189
        ],
        "type": "Point"
      },
      "properties": {
        "charger_bus_voltage_v": 650.0,
        "charger_contact_count": 8,
        "charger_efficiency": 0.98,
        "charger_max_current_a": 3300.0,
        "charger_max_kw": 2000.0,
        "grid_export_kw": 2000.0,
        "grid_import_kw": 2000.0,
        "line": "line-6",
        "pv_nameplate_kw": 300.0,
        "station": "line-6-1313-1226-s019075",
        "storage_capacity_kwh": 2000.0,
        "storage_initial_soc": 0.5,
        "storage_max_charge_kw": 2000.0,
        "storage_max_discharge_kw": 2000.0,
        "storage_module_kwh": 500.0,
        "tier": "standard"
      },
      "type": "Feature"
    },
    {
      "geometry": {
        "coordinates": [
          32.591654351470524,
          15.570093222474176
        ],
        "type": "Point"
      },
      "properties": {
        "charger_bus_voltage_v": 650.0,
        "charger_contact_count": 8,
        "charger_efficiency": 0.98,
        "charger_max_current_a": 3300.0,
        "charger_max_kw": 2000.0,
        "grid_export_kw": 2400.0,
        "grid_import_kw": 2400.0,
        "line": "line-6",
        "pv_nameplate_kw": 300.0,
        "station": "line-6-1277-1295-s021084",
        "storage_capacity_kwh": 2000.0,
        "storage_initial_soc": 0.5,
        "storage_max_charge_kw": 2000.0,
        "storage_max_discharge_kw": 2000.0,
        "storage_module_kwh": 500.0,
        "tier": "interchange"
      },
      "type": "Feature"
    },
    {
      "geometry": {
        "coordinates": [
          32.60042143330697,
          15.583770651117591
        ],
        "type": "Point"
      },
      "properties": {
        "charger_bus_voltage_v": 650.0,
        "charger_contact_count": 8,
        "charger_efficiency": 0.98,
        "charger_max_current_a": 3300.0,
        "charger_max_kw": 2000.0,
        "grid_export_kw": 2000.0,
        "grid_import_kw": 2000.0,
        "line": "line-6",
        "pv_nameplate_kw": 300.0,
        "station": "line-6-1201-1342-s023104",
        "storage_capacity_kwh": 2000.0,
        "storage_initial_soc": 0.5,
        "storage_max_charge_kw": 2000.0,
        "storage_max_discharge_kw": 2000.0,
        "storage_module_kwh": 500.0,
        "tier": "standard"
      },
      "type": "Feature"
    },
    {
      "geometry": {
        "coordinates": [
          32.60247330352401,
          15.600147572256416
        ],
        "type": "Point"
      },
      "properties": {
        "charger_bus_voltage_v": 650.0,
        "charger_contact_count": 8,
        "charger_efficiency": 0.98,
        "charger_max_current_a": 3300.0,
        "charger_max_kw": 2000.0,
        "grid_export_kw": 2000.0,
        "grid_import_kw": 2000.0,
        "line": "line-6",
        "pv_nameplate_kw": 300.0,
        "station": "line-6-1110-1353-s025114",
        "storage_capacity_kwh": 2000.0,
        "storage_initial_soc": 0.5,
        "storage_max_charge_kw": 2000.0,
        "storage_max_discharge_kw": 2000.0,
        "storage_module_kwh": 500.0,
        "tier": "standard"
      },
      "type": "Feature"
    },
    {
      "geometry": {
        "coordinates": [
          32.6028463708362,
          15.612385271568947
        ],
        "type": "Point"
      },
      "properties": {
        "charger_bus_voltage_v": 650.0,
        "charger_contact_count": 8,
        "charger_efficiency": 0.98,
        "charger_max_current_a": 3300.0,
        "charger_max_kw": 2000.0,
        "grid_export_kw": 2000.0,
        "grid_import_kw": 2000.0,
        "line": "line-6",
        "pv_nameplate_kw": 300.0,
        "station": "line-6-1042-1355-s027128",
        "storage_capacity_kwh": 2000.0,
        "storage_initial_soc": 0.5,
        "storage_max_charge_kw": 2000.0,
        "storage_max_discharge_kw": 2000.0,
        "storage_module_kwh": 500.0,
        "tier": "standard"
      },
      "type": "Feature"
    },
    {
      "geometry": {
        "coordinates": [
          32.603592505460576,
          15.629841989705936
        ],
        "type": "Point"
      },
      "properties": {
        "charger_bus_voltage_v": 650.0,
        "charger_contact_count": 8,
        "charger_efficiency": 0.98,
        "charger_max_current_a": 3300.0,
        "charger_max_kw": 2000.0,
        "grid_export_kw": 2000.0,
        "grid_import_kw": 2000.0,
        "line": "line-6",
        "pv_nameplate_kw": 300.0,
        "station": "line-6-0945-1359-s029134",
        "storage_capacity_kwh": 2000.0,
        "storage_initial_soc": 0.5,
        "storage_max_charge_kw": 2000.0,
        "storage_max_discharge_kw": 2000.0,
        "storage_module_kwh": 500.0,
        "tier": "standard"
      },
      "type": "Feature"
    },
    {
      "geometry": {
        "coordinates": [
          32.603032904492295,
          15.647658640175647
        ],
        "type": "Point"
      },
      "properties": {
        "charger_bus_voltage_v": 650.0,
        "charger_contact_count": 8,
        "charger_efficiency": 0.98,
        "charger_max_current_a": 3300.0,
        "charger_max_kw": 2000.0,
        "grid_export_kw": 2000.0,
        "grid_import_kw": 2000.0,
        "line": "line-6",
        "pv_nameplate_kw": 300.0,
        "station": "line-6-0846-1356-s031139",
        "storage_capacity_kwh": 2000.0,
        "storage_initial_soc": 0.5,
        "storage_max_charge_kw": 2000.0,
        "storage_max_discharge_kw": 2000.0,
        "storage_module_kwh": 500.0,
        "tier": "standard"
      },
      "type": "Feature"
    },
    {
      "geometry": {
        "coordinates": [
          32.61217305364093,
          15.652157794334666
        ],
        "type": "Point"
      },
      "properties": {
        "charger_bus_voltage_v": 650.0,
        "charger_contact_count": 8,
        "charger_efficiency": 0.98,
        "charger_max_current_a": 3300.0,
        "charger_max_kw": 2000.0,
        "grid_export_kw": 2000.0,
        "grid_import_kw": 2000.0,
        "line": "line-6",
        "pv_nameplate_kw": 300.0,
        "station": "line-6-0821-1405-s032662",
        "storage_capacity_kwh": 2000.0,
        "storage_initial_soc": 0.5,
        "storage_max_charge_kw": 2000.0,
        "storage_max_discharge_kw": 2000.0,
        "storage_module_kwh": 500.0,
        "tier": "standard"
      },
      "type": "Feature"
    },
    {
      "geometry": {
        "coordinates": [
          32.61795559697986,
          15.66061620415362
        ],
        "type": "Point"
      },
      "properties": {
        "charger_bus_voltage_v": 650.0,
        "charger_contact_count": 8,
        "charger_efficiency": 0.98,
        "charger_max_current_a": 3300.0,
        "charger_max_kw": 2000.0,
        "grid_export_kw": 3200.0,
        "grid_import_kw": 3200.0,
        "line": "line-6",
        "pv_nameplate_kw": 300.0,
        "station": "line-6-0774-1436-s034186",
        "storage_capacity_kwh": 2000.0,
        "storage_initial_soc": 0.6,
        "storage_max_charge_kw": 2000.0,
        "storage_max_discharge_kw": 2000.0,
        "storage_module_kwh": 500.0,
        "tier": "terminal"
      },
      "type": "Feature"
    },
    {
      "geometry": {
        "coordinates": [
          32.37415610846425,
          15.659356440989095
        ],
        "type": "Point"
      },
      "properties": {
        "charger_bus_voltage_v": 650.0,
        "charger_contact_count": 8,
        "charger_efficiency": 0.98,
        "charger_max_current_a": 3300.0,
        "charger_max_kw": 2000.0,
        "grid_export_kw": 3200.0,
        "grid_import_kw": 3200.0,
        "line": "line-7",
        "pv_nameplate_kw": 300.0,
        "station": "line-7-0781-0129-s000000",
        "storage_capacity_kwh": 2000.0,
        "storage_initial_soc": 0.6,
        "storage_max_charge_kw": 2000.0,
        "storage_max_discharge_kw": 2000.0,
        "storage_module_kwh": 500.0,
        "tier": "terminal"
      },
      "type": "Feature"
    },
    {
      "geometry": {
        "coordinates": [
          32.41593964742943,
          15.647298707842927
        ],
        "type": "Point"
      },
      "properties": {
        "charger_bus_voltage_v": 650.0,
        "charger_contact_count": 8,
        "charger_efficiency": 0.98,
        "charger_max_current_a": 3300.0,
        "charger_max_kw": 2000.0,
        "grid_export_kw": 2000.0,
        "grid_import_kw": 2000.0,
        "line": "line-7",
        "pv_nameplate_kw": 300.0,
        "station": "line-7-0848-0353-s005778",
        "storage_capacity_kwh": 2000.0,
        "storage_initial_soc": 0.5,
        "storage_max_charge_kw": 2000.0,
        "storage_max_discharge_kw": 2000.0,
        "storage_module_kwh": 500.0,
        "tier": "standard"
      },
      "type": "Feature"
    },
    {
      "geometry": {
        "coordinates": [
          32.434406479382794,
          15.647658640175647
        ],
        "type": "Point"
      },
      "properties": {
        "charger_bus_voltage_v": 650.0,
        "charger_contact_count": 8,
        "charger_efficiency": 0.98,
        "charger_max_current_a": 3300.0,
        "charger_max_kw": 2000.0,
        "grid_export_kw": 2000.0,
        "grid_import_kw": 2000.0,
        "line": "line-7",
        "pv_nameplate_kw": 300.0,
        "station": "line-7-0846-0452-s007791",
        "storage_capacity_kwh": 2000.0,
        "storage_initial_soc": 0.5,
        "storage_max_charge_kw": 2000.0,
        "storage_max_discharge_kw": 2000.0,
        "storage_module_kwh": 500.0,
        "tier": "standard"
      },
      "type": "Feature"
    },
    {
      "geometry": {
        "coordinates": [
          32.44503889778019,
          15.639920095022136
        ],
        "type": "Point"
      },
      "properties": {
        "charger_bus_voltage_v": 650.0,
        "charger_contact_count": 8,
        "charger_efficiency": 0.98,
        "charger_max_current_a": 3300.0,
        "charger_max_kw": 2000.0,
        "grid_export_kw": 2000.0,
        "grid_import_kw": 2000.0,
        "line": "line-7",
        "pv_nameplate_kw": 300.0,
        "station": "line-7-0889-0509-s009801",
        "storage_capacity_kwh": 2000.0,
        "storage_initial_soc": 0.5,
        "storage_max_charge_kw": 2000.0,
        "storage_max_discharge_kw": 2000.0,
        "storage_module_kwh": 500.0,
        "tier": "standard"
      },
      "type": "Feature"
    },
    {
      "geometry": {
        "coordinates": [
          32.46108079220432,
          15.63812043335853
        ],
        "type": "Point"
      },
      "properties": {
        "charger_bus_voltage_v": 650.0,
        "charger_contact_count": 8,
        "charger_efficiency": 0.98,
        "charger_max_current_a": 3300.0,
        "charger_max_kw": 2000.0,
        "grid_export_kw": 2400.0,
        "grid_import_kw": 2400.0,
        "line": "line-7",
        "pv_nameplate_kw": 300.0,
        "station": "line-7-0899-0595-s011604",
        "storage_capacity_kwh": 2000.0,
        "storage_initial_soc": 0.5,
        "storage_max_charge_kw": 2000.0,
        "storage_max_discharge_kw": 2000.0,
        "storage_module_kwh": 500.0,
        "tier": "interchange"
      },
      "type": "Feature"
    },
    {
      "geometry": {
        "coordinates": [
          32.46126732586042,
          15.636320771694923
        ],
        "type": "Point"
      },
      "properties": {
        "charger_bus_voltage_v": 650.0,
        "charger_contact_count": 8,
        "charger_efficiency": 0.98,
        "charger_max_current_a": 3300.0,
        "charger_max_kw": 2000.0,
        "grid_export_kw": 2400.0,
        "grid_import_kw": 2400.0,
        "line": "line-7",
        "pv_nameplate_kw": 300.0,
        "station": "line-7-0909-0596-s011812",
        "storage_capacity_kwh": 2000.0,
        "storage_initial_soc": 0.5,
        "storage_max_charge_kw": 2000.0,
        "storage_max_discharge_kw": 2000.0,
        "storage_module_kwh": 500.0,
        "tier": "interchange"
      },
      "type": "Feature"
    },
    {
      "geometry": {
        "coordinates": [
          32.465371066294495,
          15.622283410718786
        ],
        "type": "Point"
      },
      "properties": {
        "charger_bus_voltage_v": 650.0,
        "charger_contact_count": 8,
        "charger_efficiency": 0.98,
        "charger_max_current_a": 3300.0,
        "charger_max_kw": 2000.0,
        "grid_export_kw": 2400.0,
        "grid_import_kw": 2400.0,
        "line": "line-7",
        "pv_nameplate_kw": 300.0,
        "station": "line-7-0987-0618-s013829",
        "storage_capacity_kwh": 2000.0,
        "storage_initial_soc": 0.5,
        "storage_max_charge_kw": 2000.0,
        "storage_max_discharge_kw": 2000.0,
        "storage_module_kwh": 500.0,
        "tier": "interchange"
      },
      "type": "Feature"
    },
    {
      "geometry": {
        "coordinates": [
          32.47954762415768,
          15.617964222726128
        ],
        "type": "Point"
      },
      "properties": {
        "charger_bus_voltage_v": 650.0,
        "charger_contact_count": 8,
        "charger_efficiency": 0.98,
        "charger_max_current_a": 3300.0,
        "charger_max_kw": 2000.0,
        "grid_export_kw": 2000.0,
        "grid_import_kw": 2000.0,
        "line": "line-7",
        "pv_nameplate_kw": 300.0,
        "station": "line-7-1011-0694-s015838",
        "storage_capacity_kwh": 2000.0,
        "storage_initial_soc": 0.5,
        "storage_max_charge_kw": 2000.0,
        "storage_max_discharge_kw": 2000.0,
        "storage_module_kwh": 500.0,
        "tier": "standard"
      },
      "type": "Feature"
    },
    {
      "geometry": {
        "coordinates": [
          32.48906084061851,
          15.609685779073535
        ],
        "type": "Point"
      },
      "properties": {
        "charger_bus_voltage_v": 650.0,
        "charger_contact_count": 8,
        "charger_efficiency": 0.98,
        "charger_max_current_a": 3300.0,
        "charger_max_kw": 2000.0,
        "grid_export_kw": 2000.0,
        "grid_import_kw": 2000.0,
        "line": "line-7",
        "pv_nameplate_kw": 300.0,
        "station": "line-7-1057-0745-s017847",
        "storage_capacity_kwh": 2000.0,
        "storage_initial_soc": 0.5,
        "storage_max_charge_kw": 2000.0,
        "storage_max_discharge_kw": 2000.0,
        "storage_module_kwh": 500.0,
        "tier": "standard"
      },
      "type": "Feature"
    },
    {
      "geometry": {
        "coordinates": [
          32.50603540332311,
          15.607166252744484
        ],
        "type": "Point"
      },
      "properties": {
        "charger_bus_voltage_v": 650.0,
        "charger_contact_count": 8,
        "charger_efficiency": 0.98,
        "charger_max_current_a": 3300.0,
        "charger_max_kw": 2000.0,
        "grid_export_kw": 2000.0,
        "grid_import_kw": 2000.0,
        "line": "line-7",
        "pv_nameplate_kw": 300.0,
        "station": "line-7-1071-0836-s019866",
        "storage_capacity_kwh": 2000.0,
        "storage_initial_soc": 0.5,
        "storage_max_charge_kw": 2000.0,
        "storage_max_discharge_kw": 2000.0,
        "storage_module_kwh": 500.0,
        "tier": "standard"
      },
      "type": "Feature"
    },
    {
      "geometry": {
        "coordinates": [
          32.522077297747245,
          15.606806320411764
        ],
        "type": "Point"
      },
      "properties": {
        "charger_bus_voltage_v": 650.0,
        "charger_contact_count": 8,
        "charger_efficiency": 0.98,
        "charger_max_current_a": 3300.0,
        "charger_max_kw": 2000.0,
        "grid_export_kw": 2000.0,
        "grid_import_kw": 2000.0,
        "line": "line-7",
        "pv_nameplate_kw": 300.0,
        "station": "line-7-1073-0922-s021890",
        "storage_capacity_kwh": 2000.0,
        "storage_initial_soc": 0.5,
        "storage_max_charge_kw": 2000.0,
        "storage_max_discharge_kw": 2000.0,
        "storage_module_kwh": 500.0,
        "tier": "standard"
      },
      "type": "Feature"
    },
    {
      "geometry": {
        "coordinates": [
          32.53159051420807,
          15.60590648957996
        ],
        "type": "Point"
      },
      "properties": {
        "charger_bus_voltage_v": 650.0,
        "charger_contact_count": 8,
        "charger_efficiency": 0.98,
        "charger_max_current_a": 3300.0,
        "charger_max_kw": 2000.0,
        "grid_export_kw": 2400.0,
        "grid_import_kw": 2400.0,
        "line": "line-7",
        "pv_nameplate_kw": 300.0,
        "station": "line-7-1078-0973-s023103",
        "storage_capacity_kwh": 2000.0,
        "storage_initial_soc": 0.5,
        "storage_max_charge_kw": 2000.0,
        "storage_max_discharge_kw": 2000.0,
        "storage_module_kwh": 500.0,
        "tier": "interchange"
      },
      "type": "Feature"
    },
    {
      "geometry": {
        "coordinates": [
          32.540730663356705,
          15.60104740308822
        ],
        "type": "Point"
      },
      "properties": {
        "charger_bus_voltage_v": 650.0,
        "charger_contact_count": 8,
        "charger_efficiency": 0.98,
        "charger_max_current_a": 3300.0,
        "charger_max_kw": 2000.0,
        "grid_export_kw": 2400.0,
        "grid_import_kw": 2400.0,
        "line": "line-7",
        "pv_nameplate_kw": 300.0,
        "station": "line-7-1105-1022-s024307",
        "storage_capacity_kwh": 2000.0,
        "storage_initial_soc": 0.5,
        "storage_max_charge_kw": 2000.0,
        "storage_max_discharge_kw": 2000.0,
        "storage_module_kwh": 500.0,
        "tier": "interchange"
      },
      "type": "Feature"
    },
    {
      "geometry": {
        "coordinates": [
          32.55639949046865,
          15.597268113594644
        ],
        "type": "Point"
      },
      "properties": {
        "charger_bus_voltage_v": 650.0,
        "charger_contact_count": 8,
        "charger_efficiency": 0.98,
        "charger_max_current_a": 3300.0,
        "charger_max_kw": 2000.0,
        "grid_export_kw": 2000.0,
        "grid_import_kw": 2000.0,
        "line": "line-7",
        "pv_nameplate_kw": 300.0,
        "station": "line-7-1126-1106-s026316",
        "storage_capacity_kwh": 2000.0,
        "storage_initial_soc": 0.5,
        "storage_max_charge_kw": 2000.0,
        "storage_max_discharge_kw": 2000.0,
        "storage_module_kwh": 500.0,
        "tier": "standard"
      },
      "type": "Feature"
    },
    {
      "geometry": {
        "coordinates": [
          32.565166572305095,
          15.586830075945723
        ],
        "type": "Point"
      },
      "properties": {
        "charger_bus_voltage_v": 650.0,
        "charger_contact_count": 8,
        "charger_efficiency": 0.98,
        "charger_max_current_a": 3300.0,
        "charger_max_kw": 2000.0,
        "grid_export_kw": 2000.0,
        "grid_import_kw": 2000.0,
        "line": "line-7",
        "pv_nameplate_kw": 300.0,
        "station": "line-7-1184-1153-s028330",
        "storage_capacity_kwh": 2000.0,
        "storage_initial_soc": 0.5,
        "storage_max_charge_kw": 2000.0,
        "storage_max_discharge_kw": 2000.0,
        "storage_module_kwh": 500.0,
        "tier": "standard"
      },
      "type": "Feature"
    },
    {
      "geometry": {
        "coordinates": [
          32.57579899070249,
          15.580171327790376
        ],
        "type": "Point"
      },
      "properties": {
        "charger_bus_voltage_v": 650.0,
        "charger_contact_count": 8,
        "charger_efficiency": 0.98,
        "charger_max_current_a": 3300.0,
        "charger_max_kw": 2000.0,
        "grid_export_kw": 2000.0,
        "grid_import_kw": 2000.0,
        "line": "line-7",
        "pv_nameplate_kw": 300.0,
        "station": "line-7-1221-1210-s030331",
        "storage_capacity_kwh": 2000.0,
        "storage_initial_soc": 0.5,
        "storage_max_charge_kw": 2000.0,
        "storage_max_discharge_kw": 2000.0,
        "storage_module_kwh": 500.0,
        "tier": "standard"
      },
      "type": "Feature"
    },
    {
      "geometry": {
        "coordinates": [
          32.590721683190054,
          15.572972681135948
        ],
        "type": "Point"
      },
      "properties": {
        "charger_bus_voltage_v": 650.0,
        "charger_contact_count": 8,
        "charger_efficiency": 0.98,
        "charger_max_current_a": 3300.0,
        "charger_max_kw": 2000.0,
        "grid_export_kw": 2400.0,
        "grid_import_kw": 2400.0,
        "line": "line-7",
        "pv_nameplate_kw": 300.0,
        "station": "line-7-1261-1290-s032342",
        "storage_capacity_kwh": 2000.0,
        "storage_initial_soc": 0.5,
        "storage_max_charge_kw": 2000.0,
        "storage_max_discharge_kw": 2000.0,
        "storage_module_kwh": 500.0,
        "tier": "interchange"
      },
      "type": "Feature"
    },
    {
      "geometry": {
        "coordinates": [
          32.606390510302,
          15.578191699960408
        ],
        "type": "Point"
      },
      "properties": {
        "charger_bus_voltage_v": 650.0,
        "charger_contact_count": 8,
        "charger_efficiency": 0.98,
        "charger_max_current_a": 3300.0,
        "charger_max_kw": 2000.0,
        "grid_export_kw": 2400.0,
        "grid_import_kw": 2400.0,
        "line": "line-7",
        "pv_nameplate_kw": 300.0,
        "station": "line-7-1232-1374-s034352",
        "storage_capacity_kwh": 2000.0,
        "storage_initial_soc": 0.5,
        "storage_max_charge_kw": 2000.0,
        "storage_max_discharge_kw": 2000.0,
        "storage_module_kwh": 500.0,
        "tier": "interchange"
      },
      "type": "Feature"
    },
    {
      "geometry": {
        "coordinates": [
          32.6233650730066,
          15.578191699960408
        ],
        "type": "Point"
      },
      "properties": {
        "charger_bus_voltage_v": 650.0,
        "charger_contact_count": 8,
        "charger_efficiency": 0.98,
        "charger_max_current_a": 3300.0,
        "charger_max_kw": 2000.0,
        "grid_export_kw": 2000.0,
        "grid_import_kw": 2000.0,
        "line": "line-7",
        "pv_nameplate_kw": 300.0,
        "station": "line-7-1232-1465-s036354",
        "storage_capacity_kwh": 2000.0,
        "storage_initial_soc": 0.5,
        "storage_max_charge_kw": 2000.0,
        "storage_max_discharge_kw": 2000.0,
        "storage_module_kwh": 500.0,
        "tier": "standard"
      },
      "type": "Feature"
    },
    {
      "geometry": {
        "coordinates": [
          32.63810123183807,
          15.568833459309651
        ],
        "type": "Point"
      },
      "properties": {
        "charger_bus_voltage_v": 650.0,
        "charger_contact_count": 8,
        "charger_efficiency": 0.98,
        "charger_max_current_a": 3300.0,
        "charger_max_kw": 2000.0,
        "grid_export_kw": 2000.0,
        "grid_import_kw": 2000.0,
        "line": "line-7",
        "pv_nameplate_kw": 300.0,
        "station": "line-7-1284-1544-s038365",
        "storage_capacity_kwh": 2000.0,
        "storage_initial_soc": 0.5,
        "storage_max_charge_kw": 2000.0,
        "storage_max_discharge_kw": 2000.0,
        "storage_module_kwh": 500.0,
        "tier": "standard"
      },
      "type": "Feature"
    },
    {
      "geometry": {
        "coordinates": [
          32.65302392432564,
          15.555695929165317
        ],
        "type": "Point"
      },
      "properties": {
        "charger_bus_voltage_v": 650.0,
        "charger_contact_count": 8,
        "charger_efficiency": 0.98,
        "charger_max_current_a": 3300.0,
        "charger_max_kw": 2000.0,
        "grid_export_kw": 3200.0,
        "grid_import_kw": 3200.0,
        "line": "line-7",
        "pv_nameplate_kw": 300.0,
        "station": "line-7-1357-1624-s040708",
        "storage_capacity_kwh": 2000.0,
        "storage_initial_soc": 0.6,
        "storage_max_charge_kw": 2000.0,
        "storage_max_discharge_kw": 2000.0,
        "storage_module_kwh": 500.0,
        "tier": "terminal"
      },
      "type": "Feature"
    },
    {
      "geometry": {
        "coordinates": [
          32.446531167028944,
          15.563614440485189
        ],
        "type": "Point"
      },
      "properties": {
        "charger_bus_voltage_v": 650.0,
        "charger_contact_count": 8,
        "charger_efficiency": 0.98,
        "charger_max_current_a": 3300.0,
        "charger_max_kw": 2000.0,
        "grid_export_kw": 3200.0,
        "grid_import_kw": 3200.0,
        "line": "line-8",
        "pv_nameplate_kw": 300.0,
        "station": "line-8-1313-0517-s000000",
        "storage_capacity_kwh": 2000.0,
        "storage_initial_soc": 0.6,
        "storage_max_charge_kw": 2000.0,
        "storage_max_discharge_kw": 2000.0,
        "storage_module_kwh": 500.0,
        "tier": "terminal"
      },
      "type": "Feature"
    },
    {
      "geometry": {
        "coordinates": [
          32.44820996993379,
          15.571892884137783
        ],
        "type": "Point"
      },
      "properties": {
        "charger_bus_voltage_v": 650.0,
        "charger_contact_count": 8,
        "charger_efficiency": 0.98,
        "charger_max_current_a": 3300.0,
        "charger_max_kw": 2000.0,
        "grid_export_kw": 2400.0,
        "grid_import_kw": 2400.0,
        "line": "line-8",
        "pv_nameplate_kw": 300.0,
        "station": "line-8-1267-0526-s002005",
        "storage_capacity_kwh": 2000.0,
        "storage_initial_soc": 0.5,
        "storage_max_charge_kw": 2000.0,
        "storage_max_discharge_kw": 2000.0,
        "storage_module_kwh": 500.0,
        "tier": "interchange"
      },
      "type": "Feature"
    },
    {
      "geometry": {
        "coordinates": [
          32.45380597961663,
          15.584670481949395
        ],
        "type": "Point"
      },
      "properties": {
        "charger_bus_voltage_v": 650.0,
        "charger_contact_count": 8,
        "charger_efficiency": 0.98,
        "charger_max_current_a": 3300.0,
        "charger_max_kw": 2000.0,
        "grid_export_kw": 2400.0,
        "grid_import_kw": 2400.0,
        "line": "line-8",
        "pv_nameplate_kw": 300.0,
        "station": "line-8-1196-0556-s004017",
        "storage_capacity_kwh": 2000.0,
        "storage_initial_soc": 0.5,
        "storage_max_charge_kw": 2000.0,
        "storage_max_discharge_kw": 2000.0,
        "storage_module_kwh": 500.0,
        "tier": "interchange"
      },
      "type": "Feature"
    },
    {
      "geometry": {
        "coordinates": [
          32.46145385951651,
          15.598707842925531
        ],
        "type": "Point"
      },
      "properties": {
        "charger_bus_voltage_v": 650.0,
        "charger_contact_count": 8,
        "charger_efficiency": 0.98,
        "charger_max_current_a": 3300.0,
        "charger_max_kw": 2000.0,
        "grid_export_kw": 2000.0,
        "grid_import_kw": 2000.0,
        "line": "line-8",
        "pv_nameplate_kw": 300.0,
        "station": "line-8-1118-0597-s006041",
        "storage_capacity_kwh": 2000.0,
        "storage_initial_soc": 0.5,
        "storage_max_charge_kw": 2000.0,
        "storage_max_discharge_kw": 2000.0,
        "storage_module_kwh": 500.0,
        "tier": "standard"
      },
      "type": "Feature"
    },
    {
      "geometry": {
        "coordinates": [
          32.458282787362904,
          15.60842601590901
        ],
        "type": "Point"
      },
      "properties": {
        "charger_bus_voltage_v": 650.0,
        "charger_contact_count": 8,
        "charger_efficiency": 0.98,
        "charger_max_current_a": 3300.0,
        "charger_max_kw": 2000.0,
        "grid_export_kw": 2000.0,
        "grid_import_kw": 2000.0,
        "line": "line-8",
        "pv_nameplate_kw": 300.0,
        "station": "line-8-1064-0580-s008058",
        "storage_capacity_kwh": 2000.0,
        "storage_initial_soc": 0.5,
        "storage_max_charge_kw": 2000.0,
        "storage_max_discharge_kw": 2000.0,
        "storage_module_kwh": 500.0,
        "tier": "standard"
      },
      "type": "Feature"
    },
    {
      "geometry": {
        "coordinates": [
          32.46126732586042,
          15.623723140049671
        ],
        "type": "Point"
      },
      "properties": {
        "charger_bus_voltage_v": 650.0,
        "charger_contact_count": 8,
        "charger_efficiency": 0.98,
        "charger_max_current_a": 3300.0,
        "charger_max_kw": 2000.0,
        "grid_export_kw": 2400.0,
        "grid_import_kw": 2400.0,
        "line": "line-8",
        "pv_nameplate_kw": 300.0,
        "station": "line-8-0979-0596-s010065",
        "storage_capacity_kwh": 2000.0,
        "storage_initial_soc": 0.5,
        "storage_max_charge_kw": 2000.0,
        "storage_max_discharge_kw": 2000.0,
        "storage_module_kwh": 500.0,
        "tier": "interchange"
      },
      "type": "Feature"
    },
    {
      "geometry": {
        "coordinates": [
          32.46275959510917,
          15.625342835546919
        ],
        "type": "Point"
      },
      "properties": {
        "charger_bus_voltage_v": 650.0,
        "charger_contact_count": 8,
        "charger_efficiency": 0.98,
        "charger_max_current_a": 3300.0,
        "charger_max_kw": 2000.0,
        "grid_export_kw": 2400.0,
        "grid_import_kw": 2400.0,
        "line": "line-8",
        "pv_nameplate_kw": 300.0,
        "station": "line-8-0970-0604-s010311",
        "storage_capacity_kwh": 2000.0,
        "storage_initial_soc": 0.5,
        "storage_max_charge_kw": 2000.0,
        "storage_max_discharge_kw": 2000.0,
        "storage_module_kwh": 500.0,
        "tier": "interchange"
      },
      "type": "Feature"
    },
    {
      "geometry": {
        "coordinates": [
          32.47264587888218,
          15.63326134686679
        ],
        "type": "Point"
      },
      "properties": {
        "charger_bus_voltage_v": 650.0,
        "charger_contact_count": 8,
        "charger_efficiency": 0.98,
        "charger_max_current_a": 3300.0,
        "charger_max_kw": 2000.0,
        "grid_export_kw": 2000.0,
        "grid_import_kw": 2000.0,
        "line": "line-8",
        "pv_nameplate_kw": 300.0,
        "station": "line-8-0926-0657-s012077",
        "storage_capacity_kwh": 2000.0,
        "storage_initial_soc": 0.5,
        "storage_max_charge_kw": 2000.0,
        "storage_max_discharge_kw": 2000.0,
        "storage_module_kwh": 500.0,
        "tier": "standard"
      },
      "type": "Feature"
    },
    {
      "geometry": {
        "coordinates": [
          32.477495753940644,
          15.647658640175647
        ],
        "type": "Point"
      },
      "properties": {
        "charger_bus_voltage_v": 650.0,
        "charger_contact_count": 8,
        "charger_efficiency": 0.98,
        "charger_max_current_a": 3300.0,
        "charger_max_kw": 2000.0,
        "grid_export_kw": 2000.0,
        "grid_import_kw": 2000.0,
        "line": "line-8",
        "pv_nameplate_kw": 300.0,
        "station": "line-8-0846-0683-s014078",
        "storage_capacity_kwh": 2000.0,
        "storage_initial_soc": 0.5,
        "storage_max_charge_kw": 2000.0,
        "storage_max_discharge_kw": 2000.0,
        "storage_module_kwh": 500.0,
        "tier": "standard"
      },
      "type": "Feature"
    },
    {
      "geometry": {
        "coordinates": [
          32.470967075977335,
          15.651977828168306
        ],
        "type": "Point"
      },
      "properties": {
        "charger_bus_voltage_v": 650.0,
        "charger_contact_count": 8,
        "charger_efficiency": 0.98,
        "charger_max_current_a": 3300.0,
        "charger_max_kw": 2000.0,
        "grid_export_kw": 2000.0,
        "grid_import_kw": 2000.0,
        "line": "line-8",
        "pv_nameplate_kw": 300.0,
        "station": "line-8-0822-0648-s015334",
        "storage_capacity_kwh": 2000.0,
        "storage_initial_soc": 0.5,
        "storage_max_charge_kw": 2000.0,
        "storage_max_discharge_kw": 2000.0,
        "storage_module_kwh": 500.0,
        "tier": "standard"
      },
      "type": "Feature"
    },
    {
      "geometry": {
        "coordinates": [
          32.47488428275532,
          15.65791671165821
        ],
        "type": "Point"
      },
      "properties": {
        "charger_bus_voltage_v": 650.0,
        "charger_contact_count": 8,
        "charger_efficiency": 0.98,
        "charger_max_current_a": 3300.0,
        "charger_max_kw": 2000.0,
        "grid_export_kw": 2400.0,
        "grid_import_kw": 2400.0,
        "line": "line-8",
        "pv_nameplate_kw": 300.0,
        "station": "line-8-0789-0669-s016592",
        "storage_capacity_kwh": 2000.0,
        "storage_initial_soc": 0.5,
        "storage_max_charge_kw": 2000.0,
        "storage_max_discharge_kw": 2000.0,
        "storage_module_kwh": 500.0,
        "tier": "interchange"
      },
      "type": "Feature"
    },
    {
      "geometry": {
        "coordinates": [
          32.48122642706254,
          15.66565525681172
        ],
        "type": "Point"
      },
      "properties": {
        "charger_bus_voltage_v": 650.0,
        "charger_contact_count": 8,
        "charger_efficiency": 0.98,
        "charger_max_current_a": 3300.0,
        "charger_max_kw": 2000.0,
        "grid_export_kw": 2400.0,
        "grid_import_kw": 2400.0,
        "line": "line-8",
        "pv_nameplate_kw": 300.0,
        "station": "line-8-0746-0703-s017932",
        "storage_capacity_kwh": 2000.0,
        "storage_initial_soc": 0.5,
        "storage_max_charge_kw": 2000.0,
        "storage_max_discharge_kw": 2000.0,
        "storage_module_kwh": 500.0,
        "tier": "interchange"
      },
      "type": "Feature"
    },
    {
      "geometry": {
        "coordinates": [
          32.48215909534301,
          15.666555087643523
        ],
        "type": "Point"
      },
      "properties": {
        "charger_bus_voltage_v": 650.0,
        "charger_contact_count": 8,
        "charger_efficiency": 0.98,
        "charger_max_current_a": 3300.0,
        "charger_max_kw": 2000.0,
        "grid_export_kw": 2400.0,
        "grid_import_kw": 2400.0,
        "line": "line-8",
        "pv_nameplate_kw": 300.0,
        "station": "line-8-0741-0708-s018109",
        "storage_capacity_kwh": 2000.0,
        "storage_initial_soc": 0.5,
        "storage_max_charge_kw": 2000.0,
        "storage_max_discharge_kw": 2000.0,
        "storage_module_kwh": 500.0,
        "tier": "interchange"
      },
      "type": "Feature"
    },
    {
      "geometry": {
        "coordinates": [
          32.49521645126963,
          15.675373429795199
        ],
        "type": "Point"
      },
      "properties": {
        "charger_bus_voltage_v": 650.0,
        "charger_contact_count": 8,
        "charger_efficiency": 0.98,
        "charger_max_current_a": 3300.0,
        "charger_max_kw": 2000.0,
        "grid_export_kw": 2400.0,
        "grid_import_kw": 2400.0,
        "line": "line-8",
        "pv_nameplate_kw": 300.0,
        "station": "line-8-0692-0778-s020131",
        "storage_capacity_kwh": 2000.0,
        "storage_initial_soc": 0.5,
        "storage_max_charge_kw": 2000.0,
        "storage_max_discharge_kw": 2000.0,
        "storage_module_kwh": 500.0,
        "tier": "interchange"
      },
      "type": "Feature"
    },
    {
      "geometry": {
        "coordinates": [
          32.496149119550104,
          15.676813159126086
        ],
        "type": "Point"
      },
      "properties": {
        "charger_bus_voltage_v": 650.0,
        "charger_contact_count": 8,
        "charger_efficiency": 0.98,
        "charger_max_current_a": 3300.0,
        "charger_max_kw": 2000.0,
        "grid_export_kw": 2400.0,
        "grid_import_kw": 2400.0,
        "line": "line-8",
        "pv_nameplate_kw": 300.0,
        "station": "line-8-0684-0783-s020332",
        "storage_capacity_kwh": 2000.0,
        "storage_initial_soc": 0.5,
        "storage_max_charge_kw": 2000.0,
        "storage_max_discharge_kw": 2000.0,
        "storage_module_kwh": 500.0,
        "tier": "interchange"
      },
      "type": "Feature"
    },
    {
      "geometry": {
        "coordinates": [
          32.50081246095247,
          15.689230824604975
        ],
        "type": "Point"
      },
      "properties": {
        "charger_bus_voltage_v": 650.0,
        "charger_contact_count": 8,
        "charger_efficiency": 0.98,
        "charger_max_current_a": 3300.0,
        "charger_max_kw": 2000.0,
        "grid_export_kw": 2000.0,
        "grid_import_kw": 2000.0,
        "line": "line-8",
        "pv_nameplate_kw": 300.0,
        "station": "line-8-0615-0808-s022134",
        "storage_capacity_kwh": 2000.0,
        "storage_initial_soc": 0.5,
        "storage_max_charge_kw": 2000.0,
        "storage_max_discharge_kw": 2000.0,
        "storage_module_kwh": 500.0,
        "tier": "standard"
      },
      "type": "Feature"
    },
    {
      "geometry": {
        "coordinates": [
          32.496149119550104,
          15.700748659252062
        ],
        "type": "Point"
      },
      "properties": {
        "charger_bus_voltage_v": 650.0,
        "charger_contact_count": 8,
        "charger_efficiency": 0.98,
        "charger_max_current_a": 3300.0,
        "charger_max_kw": 2000.0,
        "grid_export_kw": 2000.0,
        "grid_import_kw": 2000.0,
        "line": "line-8",
        "pv_nameplate_kw": 300.0,
        "station": "line-8-0551-0783-s024151",
        "storage_capacity_kwh": 2000.0,
        "storage_initial_soc": 0.5,
        "storage_max_charge_kw": 2000.0,
        "storage_max_discharge_kw": 2000.0,
        "storage_module_kwh": 500.0,
        "tier": "standard"
      },
      "type": "Feature"
    },
    {
      "geometry": {
        "coordinates": [
          32.50454313407436,
          15.722164633048987
        ],
        "type": "Point"
      },
      "properties": {
        "charger_bus_voltage_v": 650.0,
        "charger_contact_count": 8,
        "charger_efficiency": 0.98,
        "charger_max_current_a": 3300.0,
        "charger_max_kw": 2000.0,
        "grid_export_kw": 2400.0,
        "grid_import_kw": 2400.0,
        "line": "line-8",
        "pv_nameplate_kw": 300.0,
        "station": "line-8-0432-0828-s027168",
        "storage_capacity_kwh": 2000.0,
        "storage_initial_soc": 0.5,
        "storage_max_charge_kw": 2000.0,
        "storage_max_discharge_kw": 2000.0,
        "storage_module_kwh": 500.0,
        "tier": "interchange"
      },
      "type": "Feature"
    },
    {
      "geometry": {
        "coordinates": [
          32.5237561006521,
          15.7500593888349
        ],
        "type": "Point"
      },
      "properties": {
        "charger_bus_voltage_v": 650.0,
        "charger_contact_count": 8,
        "charger_efficiency": 0.98,
        "charger_max_current_a": 3300.0,
        "charger_max_kw": 2000.0,
        "grid_export_kw": 2000.0,
        "grid_import_kw": 2000.0,
        "line": "line-8",
        "pv_nameplate_kw": 300.0,
        "station": "line-8-0277-0931-s032169",
        "storage_capacity_kwh": 2000.0,
        "storage_initial_soc": 0.5,
        "storage_max_charge_kw": 2000.0,
        "storage_max_discharge_kw": 2000.0,
        "storage_module_kwh": 500.0,
        "tier": "standard"
      },
      "type": "Feature"
    },
    {
      "geometry": {
        "coordinates": [
          32.527113706461805,
          15.78731238527157
        ],
        "type": "Point"
      },
      "properties": {
        "charger_bus_voltage_v": 650.0,
        "charger_contact_count": 8,
        "charger_efficiency": 0.98,
        "charger_max_current_a": 3300.0,
        "charger_max_kw": 2000.0,
        "grid_export_kw": 3200.0,
        "grid_import_kw": 3200.0,
        "line": "line-8",
        "pv_nameplate_kw": 300.0,
        "station": "line-8-0070-0949-s036614",
        "storage_capacity_kwh": 2000.0,
        "storage_initial_soc": 0.6,
        "storage_max_charge_kw": 2000.0,
        "storage_max_discharge_kw": 2000.0,
        "storage_module_kwh": 500.0,
        "tier": "terminal"
      },
      "type": "Feature"
    },
    {
      "geometry": {
        "coordinates": [
          32.47954762415768,
          15.671414174135263
        ],
        "type": "Point"
      },
      "properties": {
        "charger_bus_voltage_v": 650.0,
        "charger_contact_count": 8,
        "charger_efficiency": 0.98,
        "charger_max_current_a": 3300.0,
        "charger_max_kw": 2000.0,
        "grid_export_kw": 2400.0,
        "grid_import_kw": 2400.0,
        "line": "line-9",
        "pv_nameplate_kw": 300.0,
        "station": "line-9-0714-0694-s000000",
        "storage_capacity_kwh": 2000.0,
        "storage_initial_soc": 0.5,
        "storage_max_charge_kw": 2000.0,
        "storage_max_discharge_kw": 2000.0,
        "storage_module_kwh": 500.0,
        "tier": "interchange"
      },
      "type": "Feature"
    },
    {
      "geometry": {
        "coordinates": [
          32.484584032872235,
          15.677173091458807
        ],
        "type": "Point"
      },
      "properties": {
        "charger_bus_voltage_v": 650.0,
        "charger_contact_count": 8,
        "charger_efficiency": 0.98,
        "charger_max_current_a": 3300.0,
        "charger_max_kw": 2000.0,
        "grid_export_kw": 2000.0,
        "grid_import_kw": 2000.0,
        "line": "line-9",
        "pv_nameplate_kw": 300.0,
        "station": "line-9-0682-0721-s001459",
        "storage_capacity_kwh": 2000.0,
        "storage_initial_soc": 0.5,
        "storage_max_charge_kw": 2000.0,
        "storage_max_discharge_kw": 2000.0,
        "storage_module_kwh": 500.0,
        "tier": "standard"
      },
      "type": "Feature"
    },
    {
      "geometry": {
        "coordinates": [
          32.496149119550104,
          15.676813159126086
        ],
        "type": "Point"
      },
      "properties": {
        "charger_bus_voltage_v": 650.0,
        "charger_contact_count": 8,
        "charger_efficiency": 0.98,
        "charger_max_current_a": 3300.0,
        "charger_max_kw": 2000.0,
        "grid_export_kw": 2400.0,
        "grid_import_kw": 2400.0,
        "line": "line-9",
        "pv_nameplate_kw": 300.0,
        "station": "line-9-0684-0783-s002890",
        "storage_capacity_kwh": 2000.0,
        "storage_initial_soc": 0.5,
        "storage_max_charge_kw": 2000.0,
        "storage_max_discharge_kw": 2000.0,
        "storage_module_kwh": 500.0,
        "tier": "interchange"
      },
      "type": "Feature"
    },
    {
      "geometry": {
        "coordinates": [
          32.509206475476724,
          15.67321383579887
        ],
        "type": "Point"
      },
      "properties": {
        "charger_bus_voltage_v": 650.0,
        "charger_contact_count": 8,
        "charger_efficiency": 0.98,
        "charger_max_current_a": 3300.0,
        "charger_max_kw": 2000.0,
        "grid_export_kw": 2000.0,
        "grid_import_kw": 2000.0,
        "line": "line-9",
        "pv_nameplate_kw": 300.0,
        "station": "line-9-0704-0853-s004472",
        "storage_capacity_kwh": 2000.0,
        "storage_initial_soc": 0.5,
        "storage_max_charge_kw": 2000.0,
        "storage_max_discharge_kw": 2000.0,
        "storage_module_kwh": 500.0,
        "tier": "standard"
      },
      "type": "Feature"
    },
    {
      "geometry": {
        "coordinates": [
          32.515175552471746,
          15.683471907281431
        ],
        "type": "Point"
      },
      "properties": {
        "charger_bus_voltage_v": 650.0,
        "charger_contact_count": 8,
        "charger_efficiency": 0.98,
        "charger_max_current_a": 3300.0,
        "charger_max_kw": 2000.0,
        "grid_export_kw": 2000.0,
        "grid_import_kw": 2000.0,
        "line": "line-9",
        "pv_nameplate_kw": 300.0,
        "station": "line-9-0647-0885-s006053",
        "storage_capacity_kwh": 2000.0,
        "storage_initial_soc": 0.5,
        "storage_max_charge_kw": 2000.0,
        "storage_max_discharge_kw": 2000.0,
        "storage_module_kwh": 500.0,
        "tier": "standard"
      },
      "type": "Feature"
    },
    {
      "geometry": {
        "coordinates": [
          32.53270971614464,
          15.68563150127776
        ],
        "type": "Point"
      },
      "properties": {
        "charger_bus_voltage_v": 650.0,
        "charger_contact_count": 8,
        "charger_efficiency": 0.98,
        "charger_max_current_a": 3300.0,
        "charger_max_kw": 2000.0,
        "grid_export_kw": 2400.0,
        "grid_import_kw": 2400.0,
        "line": "line-9",
        "pv_nameplate_kw": 300.0,
        "station": "line-9-0635-0979-s008049",
        "storage_capacity_kwh": 2000.0,
        "storage_initial_soc": 0.5,
        "storage_max_charge_kw": 2000.0,
        "storage_max_discharge_kw": 2000.0,
        "storage_module_kwh": 500.0,
        "tier": "interchange"
      },
      "type": "Feature"
    },
    {
      "geometry": {
        "coordinates": [
          32.54819200960049,
          15.6904905877695
        ],
        "type": "Point"
      },
      "properties": {
        "charger_bus_voltage_v": 650.0,
        "charger_contact_count": 8,
        "charger_efficiency": 0.98,
        "charger_max_current_a": 3300.0,
        "charger_max_kw": 2000.0,
        "grid_export_kw": 2000.0,
        "grid_import_kw": 2000.0,
        "line": "line-9",
        "pv_nameplate_kw": 300.0,
        "station": "line-9-0608-1062-s010091",
        "storage_capacity_kwh": 2000.0,
        "storage_initial_soc": 0.5,
        "storage_max_charge_kw": 2000.0,
        "storage_max_discharge_kw": 2000.0,
        "storage_module_kwh": 500.0,
        "tier": "standard"
      },
      "type": "Feature"
    },
    {
      "geometry": {
        "coordinates": [
          32.55677255778084,
          15.705247813411079
        ],
        "type": "Point"
      },
      "properties": {
        "charger_bus_voltage_v": 650.0,
        "charger_contact_count": 8,
        "charger_efficiency": 0.98,
        "charger_max_current_a": 3300.0,
        "charger_max_kw": 2000.0,
        "grid_export_kw": 2000.0,
        "grid_import_kw": 2000.0,
        "line": "line-9",
        "pv_nameplate_kw": 300.0,
        "station": "line-9-0526-1108-s012112",
        "storage_capacity_kwh": 2000.0,
        "storage_initial_soc": 0.5,
        "storage_max_charge_kw": 2000.0,
        "storage_max_discharge_kw": 2000.0,
        "storage_module_kwh": 500.0,
        "tier": "standard"
      },
      "type": "Feature"
    },
    {
      "geometry": {
        "coordinates": [
          32.56982991370746,
          15.712086527732787
        ],
        "type": "Point"
      },
      "properties": {
        "charger_bus_voltage_v": 650.0,
        "charger_contact_count": 8,
        "charger_efficiency": 0.98,
        "charger_max_current_a": 3300.0,
        "charger_max_kw": 2000.0,
        "grid_export_kw": 2000.0,
        "grid_import_kw": 2000.0,
        "line": "line-9",
        "pv_nameplate_kw": 300.0,
        "station": "line-9-0488-1178-s014130",
        "storage_capacity_kwh": 2000.0,
        "storage_initial_soc": 0.5,
        "storage_max_charge_kw": 2000.0,
        "storage_max_discharge_kw": 2000.0,
        "storage_module_kwh": 500.0,
        "tier": "standard"
      },
      "type": "Feature"
    },
    {
      "geometry": {
        "coordinates": [
          32.58046233210485,
          15.71298635856459
        ],
        "type": "Point"
      },
      "properties": {
        "charger_bus_voltage_v": 650.0,
        "charger_contact_count": 8,
        "charger_efficiency": 0.98,
        "charger_max_current_a": 3300.0,
        "charger_max_kw": 2000.0,
        "grid_export_kw": 2400.0,
        "grid_import_kw": 2400.0,
        "line": "line-9",
        "pv_nameplate_kw": 300.0,
        "station": "line-9-0483-1235-s015418",
        "storage_capacity_kwh": 2000.0,
        "storage_initial_soc": 0.5,
        "storage_max_charge_kw": 2000.0,
        "storage_max_discharge_kw": 2000.0,
        "storage_module_kwh": 500.0,
        "tier": "interchange"
      },
      "type": "Feature"
    },
    {
      "geometry": {
        "coordinates": [
          32.585685274475495,
          15.71280639239823
        ],
        "type": "Point"
      },
      "properties": {
        "charger_bus_voltage_v": 650.0,
        "charger_contact_count": 8,
        "charger_efficiency": 0.98,
        "charger_max_current_a": 3300.0,
        "charger_max_kw": 2000.0,
        "grid_export_kw": 2400.0,
        "grid_import_kw": 2400.0,
        "line": "line-9",
        "pv_nameplate_kw": 300.0,
        "station": "line-9-0484-1263-s016132",
        "storage_capacity_kwh": 2000.0,
        "storage_initial_soc": 0.5,
        "storage_max_charge_kw": 2000.0,
        "storage_max_discharge_kw": 2000.0,
        "storage_module_kwh": 500.0,
        "tier": "interchange"
      },
      "type": "Feature"
    },
    {
      "geometry": {
        "coordinates": [
          32.59911569771431,
          15.711006730734622
        ],
        "type": "Point"
      },
      "properties": {
        "charger_bus_voltage_v": 650.0,
        "charger_contact_count": 8,
        "charger_efficiency": 0.98,
        "charger_max_current_a": 3300.0,
        "charger_max_kw": 2000.0,
        "grid_export_kw": 2000.0,
        "grid_import_kw": 2000.0,
        "line": "line-9",
        "pv_nameplate_kw": 300.0,
        "station": "line-9-0494-1335-s018143",
        "storage_capacity_kwh": 2000.0,
        "storage_initial_soc": 0.5,
        "storage_max_charge_kw": 2000.0,
        "storage_max_discharge_kw": 2000.0,
        "storage_module_kwh": 500.0,
        "tier": "standard"
      },
      "type": "Feature"
    },
    {
      "geometry": {
        "coordinates": [
          32.60527130836543,
          15.69768923442393
        ],
        "type": "Point"
      },
      "properties": {
        "charger_bus_voltage_v": 650.0,
        "charger_contact_count": 8,
        "charger_efficiency": 0.98,
        "charger_max_current_a": 3300.0,
        "charger_max_kw": 2000.0,
        "grid_export_kw": 2000.0,
        "grid_import_kw": 2000.0,
        "line": "line-9",
        "pv_nameplate_kw": 300.0,
        "station": "line-9-0568-1368-s020162",
        "storage_capacity_kwh": 2000.0,
        "storage_initial_soc": 0.5,
        "storage_max_charge_kw": 2000.0,
        "storage_max_discharge_kw": 2000.0,
        "storage_module_kwh": 500.0,
        "tier": "standard"
      },
      "type": "Feature"
    },
    {
      "geometry": {
        "coordinates": [
          32.617395996011574,
          15.68815102760681
        ],
        "type": "Point"
      },
      "properties": {
        "charger_bus_voltage_v": 650.0,
        "charger_contact_count": 8,
        "charger_efficiency": 0.98,
        "charger_max_current_a": 3300.0,
        "charger_max_kw": 2000.0,
        "grid_export_kw": 2000.0,
        "grid_import_kw": 2000.0,
        "line": "line-9",
        "pv_nameplate_kw": 300.0,
        "station": "line-9-0621-1433-s022164",
        "storage_capacity_kwh": 2000.0,
        "storage_initial_soc": 0.5,
        "storage_max_charge_kw": 2000.0,
        "storage_max_discharge_kw": 2000.0,
        "storage_module_kwh": 500.0,
        "tier": "standard"
      },
      "type": "Feature"
    },
    {
      "geometry": {
        "coordinates": [
          32.629707217313815,
          15.679692617787856
        ],
        "type": "Point"
      },
      "properties": {
        "charger_bus_voltage_v": 650.0,
        "charger_contact_count": 8,
        "charger_efficiency": 0.98,
        "charger_max_current_a": 3300.0,
        "charger_max_kw": 2000.0,
        "grid_export_kw": 2000.0,
        "grid_import_kw": 2000.0,
        "line": "line-9",
        "pv_nameplate_kw": 300.0,
        "station": "line-9-0668-1499-s024171",
        "storage_capacity_kwh": 2000.0,
        "storage_initial_soc": 0.5,
        "storage_max_charge_kw": 2000.0,
        "storage_max_discharge_kw": 2000.0,
        "storage_module_kwh": 500.0,
        "tier": "standard"
      },
      "type": "Feature"
    },
    {
      "geometry": {
        "coordinates": [
          32.63978003474293,
          15.669614512471655
        ],
        "type": "Point"
      },
      "properties": {
        "charger_bus_voltage_v": 650.0,
        "charger_contact_count": 8,
        "charger_efficiency": 0.98,
        "charger_max_current_a": 3300.0,
        "charger_max_kw": 2000.0,
        "grid_export_kw": 2000.0,
        "grid_import_kw": 2000.0,
        "line": "line-9",
        "pv_nameplate_kw": 300.0,
        "station": "line-9-0724-1553-s026191",
        "storage_capacity_kwh": 2000.0,
        "storage_initial_soc": 0.5,
        "storage_max_charge_kw": 2000.0,
        "storage_max_discharge_kw": 2000.0,
        "storage_module_kwh": 500.0,
        "tier": "standard"
      },
      "type": "Feature"
    },
    {
      "geometry": {
        "coordinates": [
          32.65302392432564,
          15.656836914660044
        ],
        "type": "Point"
      },
      "properties": {
        "charger_bus_voltage_v": 650.0,
        "charger_contact_count": 8,
        "charger_efficiency": 0.98,
        "charger_max_current_a": 3300.0,
        "charger_max_kw": 2000.0,
        "grid_export_kw": 2000.0,
        "grid_import_kw": 2000.0,
        "line": "line-9",
        "pv_nameplate_kw": 300.0,
        "station": "line-9-0795-1624-s028200",
        "storage_capacity_kwh": 2000.0,
        "storage_initial_soc": 0.5,
        "storage_max_charge_kw": 2000.0,
        "storage_max_discharge_kw": 2000.0,
        "storage_module_kwh": 500.0,
        "tier": "standard"
      },
      "type": "Feature"
    },
    {
      "geometry": {
        "coordinates": [
          32.66850621778149,
          15.650358132671059
        ],
        "type": "Point"
      },
      "properties": {
        "charger_bus_voltage_v": 650.0,
        "charger_contact_count": 8,
        "charger_efficiency": 0.98,
        "charger_max_current_a": 3300.0,
        "charger_max_kw": 2000.0,
        "grid_export_kw": 2000.0,
        "grid_import_kw": 2000.0,
        "line": "line-9",
        "pv_nameplate_kw": 300.0,
        "station": "line-9-0831-1707-s030208",
        "storage_capacity_kwh": 2000.0,
        "storage_initial_soc": 0.5,
        "storage_max_charge_kw": 2000.0,
        "storage_max_discharge_kw": 2000.0,
        "storage_module_kwh": 500.0,
        "tier": "standard"
      },
      "type": "Feature"
    },
    {
      "geometry": {
        "coordinates": [
          32.67988477080326,
          15.646038944678402
        ],
        "type": "Point"
      },
      "properties": {
        "charger_bus_voltage_v": 650.0,
        "charger_contact_count": 8,
        "charger_efficiency": 0.98,
        "charger_max_current_a": 3300.0,
        "charger_max_kw": 2000.0,
        "grid_export_kw": 2000.0,
        "grid_import_kw": 2000.0,
        "line": "line-9",
        "pv_nameplate_kw": 300.0,
        "station": "line-9-0855-1768-s032222",
        "storage_capacity_kwh": 2000.0,
        "storage_initial_soc": 0.5,
        "storage_max_charge_kw": 2000.0,
        "storage_max_discharge_kw": 2000.0,
        "storage_module_kwh": 500.0,
        "tier": "standard"
      },
      "type": "Feature"
    },
    {
      "geometry": {
        "coordinates": [
          32.68100397273982,
          15.629662023539575
        ],
        "type": "Point"
      },
      "properties": {
        "charger_bus_voltage_v": 650.0,
        "charger_contact_count": 8,
        "charger_efficiency": 0.98,
        "charger_max_current_a": 3300.0,
        "charger_max_kw": 2000.0,
        "grid_export_kw": 2400.0,
        "grid_import_kw": 2400.0,
        "line": "line-9",
        "pv_nameplate_kw": 300.0,
        "station": "line-9-0946-1774-s034224",
        "storage_capacity_kwh": 2000.0,
        "storage_initial_soc": 0.5,
        "storage_max_charge_kw": 2000.0,
        "storage_max_discharge_kw": 2000.0,
        "storage_module_kwh": 500.0,
        "tier": "interchange"
      },
      "type": "Feature"
    },
    {
      "geometry": {
        "coordinates": [
          32.68286930930077,
          15.627502429543247
        ],
        "type": "Point"
      },
      "properties": {
        "charger_bus_voltage_v": 650.0,
        "charger_contact_count": 8,
        "charger_efficiency": 0.98,
        "charger_max_current_a": 3300.0,
        "charger_max_kw": 2000.0,
        "grid_export_kw": 2400.0,
        "grid_import_kw": 2400.0,
        "line": "line-9",
        "pv_nameplate_kw": 300.0,
        "station": "line-9-0958-1784-s034652",
        "storage_capacity_kwh": 2000.0,
        "storage_initial_soc": 0.5,
        "storage_max_charge_kw": 2000.0,
        "storage_max_discharge_kw": 2000.0,
        "storage_module_kwh": 500.0,
        "tier": "interchange"
      },
      "type": "Feature"
    },
    {
      "geometry": {
        "coordinates": [
          32.69051718920065,
          15.619044019724292
        ],
        "type": "Point"
      },
      "properties": {
        "charger_bus_voltage_v": 650.0,
        "charger_contact_count": 8,
        "charger_efficiency": 0.98,
        "charger_max_current_a": 3300.0,
        "charger_max_kw": 2000.0,
        "grid_export_kw": 2000.0,
        "grid_import_kw": 2000.0,
        "line": "line-9",
        "pv_nameplate_kw": 300.0,
        "station": "line-9-1005-1825-s036225",
        "storage_capacity_kwh": 2000.0,
        "storage_initial_soc": 0.5,
        "storage_max_charge_kw": 2000.0,
        "storage_max_discharge_kw": 2000.0,
        "storage_module_kwh": 500.0,
        "tier": "standard"
      },
      "type": "Feature"
    },
    {
      "geometry": {
        "coordinates": [
          32.685667314142194,
          15.612025339236224
        ],
        "type": "Point"
      },
      "properties": {
        "charger_bus_voltage_v": 650.0,
        "charger_contact_count": 8,
        "charger_efficiency": 0.98,
        "charger_max_current_a": 3300.0,
        "charger_max_kw": 2000.0,
        "grid_export_kw": 2400.0,
        "grid_import_kw": 2400.0,
        "line": "line-9",
        "pv_nameplate_kw": 300.0,
        "station": "line-9-1044-1799-s037494",
        "storage_capacity_kwh": 2000.0,
        "storage_initial_soc": 0.5,
        "storage_max_charge_kw": 2000.0,
        "storage_max_discharge_kw": 2000.0,
        "storage_module_kwh": 500.0,
        "tier": "interchange"
      },
      "type": "Feature"
    },
    {
      "geometry": {
        "coordinates": [
          32.685667314142194,
          15.599607673757335
        ],
        "type": "Point"
      },
      "properties": {
        "charger_bus_voltage_v": 650.0,
        "charger_contact_count": 8,
        "charger_efficiency": 0.98,
        "charger_max_current_a": 3300.0,
        "charger_max_kw": 2000.0,
        "grid_export_kw": 2000.0,
        "grid_import_kw": 2000.0,
        "line": "line-9",
        "pv_nameplate_kw": 300.0,
        "station": "line-9-1113-1799-s038874",
        "storage_capacity_kwh": 2000.0,
        "storage_initial_soc": 0.5,
        "storage_max_charge_kw": 2000.0,
        "storage_max_discharge_kw": 2000.0,
        "storage_module_kwh": 500.0,
        "tier": "standard"
      },
      "type": "Feature"
    },
    {
      "geometry": {
        "coordinates": [
          32.684175044893436,
          15.588629737609331
        ],
        "type": "Point"
      },
      "properties": {
        "charger_bus_voltage_v": 650.0,
        "charger_contact_count": 8,
        "charger_efficiency": 0.98,
        "charger_max_current_a": 3300.0,
        "charger_max_kw": 2000.0,
        "grid_export_kw": 2000.0,
        "grid_import_kw": 2000.0,
        "line": "line-9",
        "pv_nameplate_kw": 300.0,
        "station": "line-9-1174-1791-s040243",
        "storage_capacity_kwh": 2000.0,
        "storage_initial_soc": 0.5,
        "storage_max_charge_kw": 2000.0,
        "storage_max_discharge_kw": 2000.0,
        "storage_module_kwh": 500.0,
        "tier": "standard"
      },
      "type": "Feature"
    },
    {
      "geometry": {
        "coordinates": [
          32.680630905427634,
          15.574052478134112
        ],
        "type": "Point"
      },
      "properties": {
        "charger_bus_voltage_v": 650.0,
        "charger_contact_count": 8,
        "charger_efficiency": 0.98,
        "charger_max_current_a": 3300.0,
        "charger_max_kw": 2000.0,
        "grid_export_kw": 2000.0,
        "grid_import_kw": 2000.0,
        "line": "line-9",
        "pv_nameplate_kw": 300.0,
        "station": "line-9-1255-1772-s042243",
        "storage_capacity_kwh": 2000.0,
        "storage_initial_soc": 0.5,
        "storage_max_charge_kw": 2000.0,
        "storage_max_discharge_kw": 2000.0,
        "storage_module_kwh": 500.0,
        "tier": "standard"
      },
      "type": "Feature"
    },
    {
      "geometry": {
        "coordinates": [
          32.680630905427634,
          15.560555015657057
        ],
        "type": "Point"
      },
      "properties": {
        "charger_bus_voltage_v": 650.0,
        "charger_contact_count": 8,
        "charger_efficiency": 0.98,
        "charger_max_current_a": 3300.0,
        "charger_max_kw": 2000.0,
        "grid_export_kw": 2000.0,
        "grid_import_kw": 2000.0,
        "line": "line-9",
        "pv_nameplate_kw": 300.0,
        "station": "line-9-1330-1772-s043743",
        "storage_capacity_kwh": 2000.0,
        "storage_initial_soc": 0.5,
        "storage_max_charge_kw": 2000.0,
        "storage_max_discharge_kw": 2000.0,
        "storage_module_kwh": 500.0,
        "tier": "standard"
      },
      "type": "Feature"
    },
    {
      "geometry": {
        "coordinates": [
          32.67745983327403,
          15.532120361372062
        ],
        "type": "Point"
      },
      "properties": {
        "charger_bus_voltage_v": 650.0,
        "charger_contact_count": 8,
        "charger_efficiency": 0.98,
        "charger_max_current_a": 3300.0,
        "charger_max_kw": 2000.0,
        "grid_export_kw": 2000.0,
        "grid_import_kw": 2000.0,
        "line": "line-9",
        "pv_nameplate_kw": 300.0,
        "station": "line-9-1488-1755-s047248",
        "storage_capacity_kwh": 2000.0,
        "storage_initial_soc": 0.5,
        "storage_max_charge_kw": 2000.0,
        "storage_max_discharge_kw": 2000.0,
        "storage_module_kwh": 500.0,
        "tier": "standard"
      },
      "type": "Feature"
    },
    {
      "geometry": {
        "coordinates": [
          32.66346980906694,
          15.53625958319836
        ],
        "type": "Point"
      },
      "properties": {
        "charger_bus_voltage_v": 650.0,
        "charger_contact_count": 8,
        "charger_efficiency": 0.98,
        "charger_max_current_a": 3300.0,
        "charger_max_kw": 2000.0,
        "grid_export_kw": 2000.0,
        "grid_import_kw": 2000.0,
        "line": "line-9",
        "pv_nameplate_kw": 300.0,
        "station": "line-9-1465-1680-s049265",
        "storage_capacity_kwh": 2000.0,
        "storage_initial_soc": 0.5,
        "storage_max_charge_kw": 2000.0,
        "storage_max_discharge_kw": 2000.0,
        "storage_module_kwh": 500.0,
        "tier": "standard"
      },
      "type": "Feature"
    },
    {
      "geometry": {
        "coordinates": [
          32.653583525293925,
          15.529240902710292
        ],
        "type": "Point"
      },
      "properties": {
        "charger_bus_voltage_v": 650.0,
        "charger_contact_count": 8,
        "charger_efficiency": 0.98,
        "charger_max_current_a": 3300.0,
        "charger_max_kw": 2000.0,
        "grid_export_kw": 2400.0,
        "grid_import_kw": 2400.0,
        "line": "line-9",
        "pv_nameplate_kw": 300.0,
        "station": "line-9-1504-1627-s050648",
        "storage_capacity_kwh": 2000.0,
        "storage_initial_soc": 0.5,
        "storage_max_charge_kw": 2000.0,
        "storage_max_discharge_kw": 2000.0,
        "storage_module_kwh": 500.0,
        "tier": "interchange"
      },
      "type": "Feature"
    },
    {
      "geometry": {
        "coordinates": [
          32.64929325120375,
          15.525821545549437
        ],
        "type": "Point"
      },
      "properties": {
        "charger_bus_voltage_v": 650.0,
        "charger_contact_count": 8,
        "charger_efficiency": 0.98,
        "charger_max_current_a": 3300.0,
        "charger_max_kw": 2000.0,
        "grid_export_kw": 2400.0,
        "grid_import_kw": 2400.0,
        "line": "line-9",
        "pv_nameplate_kw": 300.0,
        "station": "line-9-1523-1604-s051266",
        "storage_capacity_kwh": 2000.0,
        "storage_initial_soc": 0.5,
        "storage_max_charge_kw": 2000.0,
        "storage_max_discharge_kw": 2000.0,
        "storage_module_kwh": 500.0,
        "tier": "interchange"
      },
      "type": "Feature"
    },
    {
      "geometry": {
        "coordinates": [
          32.63735509721369,
          15.512504049238744
        ],
        "type": "Point"
      },
      "properties": {
        "charger_bus_voltage_v": 650.0,
        "charger_contact_count": 8,
        "charger_efficiency": 0.98,
        "charger_max_current_a": 3300.0,
        "charger_max_kw": 2000.0,
        "grid_export_kw": 2000.0,
        "grid_import_kw": 2000.0,
        "line": "line-9",
        "pv_nameplate_kw": 300.0,
        "station": "line-9-1597-1540-s053276",
        "storage_capacity_kwh": 2000.0,
        "storage_initial_soc": 0.5,
        "storage_max_charge_kw": 2000.0,
        "storage_max_discharge_kw": 2000.0,
        "storage_module_kwh": 500.0,
        "tier": "standard"
      },
      "type": "Feature"
    },
    {
      "geometry": {
        "coordinates": [
          32.628028414408966,
          15.503325774754346
        ],
        "type": "Point"
      },
      "properties": {
        "charger_bus_voltage_v": 650.0,
        "charger_contact_count": 8,
        "charger_efficiency": 0.98,
        "charger_max_current_a": 3300.0,
        "charger_max_kw": 2000.0,
        "grid_export_kw": 2000.0,
        "grid_import_kw": 2000.0,
        "line": "line-9",
        "pv_nameplate_kw": 300.0,
        "station": "line-9-1648-1490-s055285",
        "storage_capacity_kwh": 2000.0,
        "storage_initial_soc": 0.5,
        "storage_max_charge_kw": 2000.0,
        "storage_max_discharge_kw": 2000.0,
        "storage_module_kwh": 500.0,
        "tier": "standard"
      },
      "type": "Feature"
    },
    {
      "geometry": {
        "coordinates": [
          32.61497105848235,
          15.500806248425297
        ],
        "type": "Point"
      },
      "properties": {
        "charger_bus_voltage_v": 650.0,
        "charger_contact_count": 8,
        "charger_efficiency": 0.98,
        "charger_max_current_a": 3300.0,
        "charger_max_kw": 2000.0,
        "grid_export_kw": 2000.0,
        "grid_import_kw": 2000.0,
        "line": "line-9",
        "pv_nameplate_kw": 300.0,
        "station": "line-9-1662-1420-s056867",
        "storage_capacity_kwh": 2000.0,
        "storage_initial_soc": 0.5,
        "storage_max_charge_kw": 2000.0,
        "storage_max_discharge_kw": 2000.0,
        "storage_module_kwh": 500.0,
        "tier": "standard"
      },
      "type": "Feature"
    },
    {
      "geometry": {
        "coordinates": [
          32.60116756793135,
          15.498646654428969
        ],
        "type": "Point"
      },
      "properties": {
        "charger_bus_voltage_v": 650.0,
        "charger_contact_count": 8,
        "charger_efficiency": 0.98,
        "charger_max_current_a": 3300.0,
        "charger_max_kw": 2000.0,
        "grid_export_kw": 2400.0,
        "grid_import_kw": 2400.0,
        "line": "line-9",
        "pv_nameplate_kw": 300.0,
        "station": "line-9-1674-1346-s058447",
        "storage_capacity_kwh": 2000.0,
        "storage_initial_soc": 0.5,
        "storage_max_charge_kw": 2000.0,
        "storage_max_discharge_kw": 2000.0,
        "storage_module_kwh": 500.0,
        "tier": "interchange"
      },
      "type": "Feature"
    },
    {
      "geometry": {
        "coordinates": [
          32.590721683190054,
          15.500806248425297
        ],
        "type": "Point"
      },
      "properties": {
        "charger_bus_voltage_v": 650.0,
        "charger_contact_count": 8,
        "charger_efficiency": 0.98,
        "charger_max_current_a": 3300.0,
        "charger_max_kw": 2000.0,
        "grid_export_kw": 2400.0,
        "grid_import_kw": 2400.0,
        "line": "line-9",
        "pv_nameplate_kw": 300.0,
        "station": "line-9-1662-1290-s060015",
        "storage_capacity_kwh": 2000.0,
        "storage_initial_soc": 0.5,
        "storage_max_charge_kw": 2000.0,
        "storage_max_discharge_kw": 2000.0,
        "storage_module_kwh": 500.0,
        "tier": "interchange"
      },
      "type": "Feature"
    },
    {
      "geometry": {
        "coordinates": [
          32.58064886576094,
          15.501346146924378
        ],
        "type": "Point"
      },
      "properties": {
        "charger_bus_voltage_v": 650.0,
        "charger_contact_count": 8,
        "charger_efficiency": 0.98,
        "charger_max_current_a": 3300.0,
        "charger_max_kw": 2000.0,
        "grid_export_kw": 2400.0,
        "grid_import_kw": 2400.0,
        "line": "line-9",
        "pv_nameplate_kw": 300.0,
        "station": "line-9-1659-1236-s061159",
        "storage_capacity_kwh": 2000.0,
        "storage_initial_soc": 0.5,
        "storage_max_charge_kw": 2000.0,
        "storage_max_discharge_kw": 2000.0,
        "storage_module_kwh": 500.0,
        "tier": "interchange"
      },
      "type": "Feature"
    },
    {
      "geometry": {
        "coordinates": [
          32.58046233210485,
          15.502605910088905
        ],
        "type": "Point"
      },
      "properties": {
        "charger_bus_voltage_v": 650.0,
        "charger_contact_count": 8,
        "charger_efficiency": 0.98,
        "charger_max_current_a": 3300.0,
        "charger_max_kw": 2000.0,
        "grid_export_kw": 2400.0,
        "grid_import_kw": 2400.0,
        "line": "line-9",
        "pv_nameplate_kw": 300.0,
        "station": "line-9-1652-1235-s061308",
        "storage_capacity_kwh": 2000.0,
        "storage_initial_soc": 0.5,
        "storage_max_charge_kw": 2000.0,
        "storage_max_discharge_kw": 2000.0,
        "storage_module_kwh": 500.0,
        "tier": "interchange"
      },
      "type": "Feature"
    },
    {
      "geometry": {
        "coordinates": [
          32.57654512532687,
          15.518083000395926
        ],
        "type": "Point"
      },
      "properties": {
        "charger_bus_voltage_v": 650.0,
        "charger_contact_count": 8,
        "charger_efficiency": 0.98,
        "charger_max_current_a": 3300.0,
        "charger_max_kw": 2000.0,
        "grid_export_kw": 2400.0,
        "grid_import_kw": 2400.0,
        "line": "line-9",
        "pv_nameplate_kw": 300.0,
        "station": "line-9-1566-1214-s063237",
        "storage_capacity_kwh": 2000.0,
        "storage_initial_soc": 0.5,
        "storage_max_charge_kw": 2000.0,
        "storage_max_discharge_kw": 2000.0,
        "storage_module_kwh": 500.0,
        "tier": "interchange"
      },
      "type": "Feature"
    },
    {
      "geometry": {
        "coordinates": [
          32.56460697133681,
          15.520062628225894
        ],
        "type": "Point"
      },
      "properties": {
        "charger_bus_voltage_v": 650.0,
        "charger_contact_count": 8,
        "charger_efficiency": 0.98,
        "charger_max_current_a": 3300.0,
        "charger_max_kw": 2000.0,
        "grid_export_kw": 2400.0,
        "grid_import_kw": 2400.0,
        "line": "line-9",
        "pv_nameplate_kw": 300.0,
        "station": "line-9-1555-1150-s064747",
        "storage_capacity_kwh": 2000.0,
        "storage_initial_soc": 0.5,
        "storage_max_charge_kw": 2000.0,
        "storage_max_discharge_kw": 2000.0,
        "storage_module_kwh": 500.0,
        "tier": "interchange"
      },
      "type": "Feature"
    },
    {
      "geometry": {
        "coordinates": [
          32.559943629934445,
          15.519702695893173
        ],
        "type": "Point"
      },
      "properties": {
        "charger_bus_voltage_v": 650.0,
        "charger_contact_count": 8,
        "charger_efficiency": 0.98,
        "charger_max_current_a": 3300.0,
        "charger_max_kw": 2000.0,
        "grid_export_kw": 2400.0,
        "grid_import_kw": 2400.0,
        "line": "line-9",
        "pv_nameplate_kw": 300.0,
        "station": "line-9-1557-1125-s065280",
        "storage_capacity_kwh": 2000.0,
        "storage_initial_soc": 0.5,
        "storage_max_charge_kw": 2000.0,
        "storage_max_discharge_kw": 2000.0,
        "storage_module_kwh": 500.0,
        "tier": "interchange"
      },
      "type": "Feature"
    },
    {
      "geometry": {
        "coordinates": [
          32.54184986529327,
          15.516823237231401
        ],
        "type": "Point"
      },
      "properties": {
        "charger_bus_voltage_v": 650.0,
        "charger_contact_count": 8,
        "charger_efficiency": 0.98,
        "charger_max_current_a": 3300.0,
        "charger_max_kw": 2000.0,
        "grid_export_kw": 2000.0,
        "grid_import_kw": 2000.0,
        "line": "line-9",
        "pv_nameplate_kw": 300.0,
        "station": "line-9-1573-1028-s067353",
        "storage_capacity_kwh": 2000.0,
        "storage_initial_soc": 0.5,
        "storage_max_charge_kw": 2000.0,
        "storage_max_discharge_kw": 2000.0,
        "storage_module_kwh": 500.0,
        "tier": "standard"
      },
      "type": "Feature"
    },
    {
      "geometry": {
        "coordinates": [
          32.52431570162038,
          15.51412374473599
        ],
        "type": "Point"
      },
      "properties": {
        "charger_bus_voltage_v": 650.0,
        "charger_contact_count": 8,
        "charger_efficiency": 0.98,
        "charger_max_current_a": 3300.0,
        "charger_max_kw": 2000.0,
        "grid_export_kw": 2000.0,
        "grid_import_kw": 2000.0,
        "line": "line-9",
        "pv_nameplate_kw": 300.0,
        "station": "line-9-1588-0934-s069357",
        "storage_capacity_kwh": 2000.0,
        "storage_initial_soc": 0.5,
        "storage_max_charge_kw": 2000.0,
        "storage_max_discharge_kw": 2000.0,
        "storage_module_kwh": 500.0,
        "tier": "standard"
      },
      "type": "Feature"
    },
    {
      "geometry": {
        "coordinates": [
          32.50678153794749,
          15.511244286074218
        ],
        "type": "Point"
      },
      "properties": {
        "charger_bus_voltage_v": 650.0,
        "charger_contact_count": 8,
        "charger_efficiency": 0.98,
        "charger_max_current_a": 3300.0,
        "charger_max_kw": 2000.0,
        "grid_export_kw": 2400.0,
        "grid_import_kw": 2400.0,
        "line": "line-9",
        "pv_nameplate_kw": 300.0,
        "station": "line-9-1604-0840-s071370",
        "storage_capacity_kwh": 2000.0,
        "storage_initial_soc": 0.5,
        "storage_max_charge_kw": 2000.0,
        "storage_max_discharge_kw": 2000.0,
        "storage_module_kwh": 500.0,
        "tier": "interchange"
      },
      "type": "Feature"
    },
    {
      "geometry": {
        "coordinates": [
          32.502304730201224,
          15.510704387575137
        ],
        "type": "Point"
      },
      "properties": {
        "charger_bus_voltage_v": 650.0,
        "charger_contact_count": 8,
        "charger_efficiency": 0.98,
        "charger_max_current_a": 3300.0,
        "charger_max_kw": 2000.0,
        "grid_export_kw": 2400.0,
        "grid_import_kw": 2400.0,
        "line": "line-9",
        "pv_nameplate_kw": 300.0,
        "station": "line-9-1607-0816-s071875",
        "storage_capacity_kwh": 2000.0,
        "storage_initial_soc": 0.5,
        "storage_max_charge_kw": 2000.0,
        "storage_max_discharge_kw": 2000.0,
        "storage_module_kwh": 500.0,
        "tier": "interchange"
      },
      "type": "Feature"
    },
    {
      "geometry": {
        "coordinates": [
          32.49316458105259,
          15.517183169564122
        ],
        "type": "Point"
      },
      "properties": {
        "charger_bus_voltage_v": 650.0,
        "charger_contact_count": 8,
        "charger_efficiency": 0.98,
        "charger_max_current_a": 3300.0,
        "charger_max_kw": 2000.0,
        "grid_export_kw": 2000.0,
        "grid_import_kw": 2000.0,
        "line": "line-9",
        "pv_nameplate_kw": 300.0,
        "station": "line-9-1571-0767-s073371",
        "storage_capacity_kwh": 2000.0,
        "storage_initial_soc": 0.5,
        "storage_max_charge_kw": 2000.0,
        "storage_max_discharge_kw": 2000.0,
        "storage_module_kwh": 500.0,
        "tier": "standard"
      },
      "type": "Feature"
    },
    {
      "geometry": {
        "coordinates": [
          32.47861495587721,
          15.519342763560452
        ],
        "type": "Point"
      },
      "properties": {
        "charger_bus_voltage_v": 650.0,
        "charger_contact_count": 8,
        "charger_efficiency": 0.98,
        "charger_max_current_a": 3300.0,
        "charger_max_kw": 2000.0,
        "grid_export_kw": 2000.0,
        "grid_import_kw": 2000.0,
        "line": "line-9",
        "pv_nameplate_kw": 300.0,
        "station": "line-9-1559-0689-s075391",
        "storage_capacity_kwh": 2000.0,
        "storage_initial_soc": 0.5,
        "storage_max_charge_kw": 2000.0,
        "storage_max_discharge_kw": 2000.0,
        "storage_module_kwh": 500.0,
        "tier": "standard"
      },
      "type": "Feature"
    },
    {
      "geometry": {
        "coordinates": [
          32.446531167028944,
          15.563614440485189
        ],
        "type": "Point"
      },
      "properties": {
        "charger_bus_voltage_v": 650.0,
        "charger_contact_count": 8,
        "charger_efficiency": 0.98,
        "charger_max_current_a": 3300.0,
        "charger_max_kw": 2000.0,
        "grid_export_kw": 2400.0,
        "grid_import_kw": 2400.0,
        "line": "line-9",
        "pv_nameplate_kw": 300.0,
        "station": "line-9-1313-0517-s081982",
        "storage_capacity_kwh": 2000.0,
        "storage_initial_soc": 0.5,
        "storage_max_charge_kw": 2000.0,
        "storage_max_discharge_kw": 2000.0,
        "storage_module_kwh": 500.0,
        "tier": "interchange"
      },
      "type": "Feature"
    },
    {
      "geometry": {
        "coordinates": [
          32.444665830468,
          15.5713529856387
        ],
        "type": "Point"
      },
      "properties": {
        "charger_bus_voltage_v": 650.0,
        "charger_contact_count": 8,
        "charger_efficiency": 0.98,
        "charger_max_current_a": 3300.0,
        "charger_max_kw": 2000.0,
        "grid_export_kw": 2400.0,
        "grid_import_kw": 2400.0,
        "line": "line-9",
        "pv_nameplate_kw": 300.0,
        "station": "line-9-1270-0507-s083041",
        "storage_capacity_kwh": 2000.0,
        "storage_initial_soc": 0.5,
        "storage_max_charge_kw": 2000.0,
        "storage_max_discharge_kw": 2000.0,
        "storage_module_kwh": 500.0,
        "tier": "interchange"
      },
      "type": "Feature"
    },
    {
      "geometry": {
        "coordinates": [
          32.44336009487534,
          15.58107115862218
        ],
        "type": "Point"
      },
      "properties": {
        "charger_bus_voltage_v": 650.0,
        "charger_contact_count": 8,
        "charger_efficiency": 0.98,
        "charger_max_current_a": 3300.0,
        "charger_max_kw": 2000.0,
        "grid_export_kw": 2000.0,
        "grid_import_kw": 2000.0,
        "line": "line-9",
        "pv_nameplate_kw": 300.0,
        "station": "line-9-1216-0500-s085063",
        "storage_capacity_kwh": 2000.0,
        "storage_initial_soc": 0.5,
        "storage_max_charge_kw": 2000.0,
        "storage_max_discharge_kw": 2000.0,
        "storage_module_kwh": 500.0,
        "tier": "standard"
      },
      "type": "Feature"
    },
    {
      "geometry": {
        "coordinates": [
          32.4480234362777,
          15.591509196271101
        ],
        "type": "Point"
      },
      "properties": {
        "charger_bus_voltage_v": 650.0,
        "charger_contact_count": 8,
        "charger_efficiency": 0.98,
        "charger_max_current_a": 3300.0,
        "charger_max_kw": 2000.0,
        "grid_export_kw": 2400.0,
        "grid_import_kw": 2400.0,
        "line": "line-9",
        "pv_nameplate_kw": 300.0,
        "station": "line-9-1158-0525-s086430",
        "storage_capacity_kwh": 2000.0,
        "storage_initial_soc": 0.5,
        "storage_max_charge_kw": 2000.0,
        "storage_max_discharge_kw": 2000.0,
        "storage_module_kwh": 500.0,
        "tier": "interchange"
      },
      "type": "Feature"
    },
    {
      "geometry": {
        "coordinates": [
          32.446531167028944,
          15.60842601590901
        ],
        "type": "Point"
      },
      "properties": {
        "charger_bus_voltage_v": 650.0,
        "charger_contact_count": 8,
        "charger_efficiency": 0.98,
        "charger_max_current_a": 3300.0,
        "charger_max_kw": 2000.0,
        "grid_export_kw": 2000.0,
        "grid_import_kw": 2000.0,
        "line": "line-9",
        "pv_nameplate_kw": 300.0,
        "station": "line-9-1064-0517-s089075",
        "storage_capacity_kwh": 2000.0,
        "storage_initial_soc": 0.5,
        "storage_max_charge_kw": 2000.0,
        "storage_max_discharge_kw": 2000.0,
        "storage_module_kwh": 500.0,
        "tier": "standard"
      },
      "type": "Feature"
    },
    {
      "geometry": {
        "coordinates": [
          32.453059844992254,
          15.621743512219703
        ],
        "type": "Point"
      },
      "properties": {
        "charger_bus_voltage_v": 650.0,
        "charger_contact_count": 8,
        "charger_efficiency": 0.98,
        "charger_max_current_a": 3300.0,
        "charger_max_kw": 2000.0,
        "grid_export_kw": 2000.0,
        "grid_import_kw": 2000.0,
        "line": "line-9",
        "pv_nameplate_kw": 300.0,
        "station": "line-9-0990-0552-s091092",
        "storage_capacity_kwh": 2000.0,
        "storage_initial_soc": 0.5,
        "storage_max_charge_kw": 2000.0,
        "storage_max_discharge_kw": 2000.0,
        "storage_module_kwh": 500.0,
        "tier": "standard"
      },
      "type": "Feature"
    },
    {
      "geometry": {
        "coordinates": [
          32.46089425854823,
          15.627142497210524
        ],
        "type": "Point"
      },
      "properties": {
        "charger_bus_voltage_v": 650.0,
        "charger_contact_count": 8,
        "charger_efficiency": 0.98,
        "charger_max_current_a": 3300.0,
        "charger_max_kw": 2000.0,
        "grid_export_kw": 2400.0,
        "grid_import_kw": 2400.0,
        "line": "line-9",
        "pv_nameplate_kw": 300.0,
        "station": "line-9-0960-0594-s092817",
        "storage_capacity_kwh": 2000.0,
        "storage_initial_soc": 0.5,
        "storage_max_charge_kw": 2000.0,
        "storage_max_discharge_kw": 2000.0,
        "storage_module_kwh": 500.0,
        "tier": "interchange"
      },
      "type": "Feature"
    },
    {
      "geometry": {
        "coordinates": [
          32.46126732586042,
          15.629482057373215
        ],
        "type": "Point"
      },
      "properties": {
        "charger_bus_voltage_v": 650.0,
        "charger_contact_count": 8,
        "charger_efficiency": 0.98,
        "charger_max_current_a": 3300.0,
        "charger_max_kw": 2000.0,
        "grid_export_kw": 2400.0,
        "grid_import_kw": 2400.0,
        "line": "line-9",
        "pv_nameplate_kw": 300.0,
        "station": "line-9-0947-0596-s093094",
        "storage_capacity_kwh": 2000.0,
        "storage_initial_soc": 0.5,
        "storage_max_charge_kw": 2000.0,
        "storage_max_discharge_kw": 2000.0,
        "storage_module_kwh": 500.0,
        "tier": "interchange"
      },
      "type": "Feature"
    },
    {
      "geometry": {
        "coordinates": [
          32.46108079220432,
          15.63812043335853
        ],
        "type": "Point"
      },
      "properties": {
        "charger_bus_voltage_v": 650.0,
        "charger_contact_count": 8,
        "charger_efficiency": 0.98,
        "charger_max_current_a": 3300.0,
        "charger_max_kw": 2000.0,
        "grid_export_kw": 2400.0,
        "grid_import_kw": 2400.0,
        "line": "line-9",
        "pv_nameplate_kw": 300.0,
        "station": "line-9-0899-0595-s094062",
        "storage_capacity_kwh": 2000.0,
        "storage_initial_soc": 0.5,
        "storage_max_charge_kw": 2000.0,
        "storage_max_discharge_kw": 2000.0,
        "storage_module_kwh": 500.0,
        "tier": "interchange"
      },
      "type": "Feature"
    },
    {
      "geometry": {
        "coordinates": [
          32.46126732586042,
          15.647478674009287
        ],
        "type": "Point"
      },
      "properties": {
        "charger_bus_voltage_v": 650.0,
        "charger_contact_count": 8,
        "charger_efficiency": 0.98,
        "charger_max_current_a": 3300.0,
        "charger_max_kw": 2000.0,
        "grid_export_kw": 2400.0,
        "grid_import_kw": 2400.0,
        "line": "line-9",
        "pv_nameplate_kw": 300.0,
        "station": "line-9-0847-0596-s095110",
        "storage_capacity_kwh": 2000.0,
        "storage_initial_soc": 0.5,
        "storage_max_charge_kw": 2000.0,
        "storage_max_discharge_kw": 2000.0,
        "storage_module_kwh": 500.0,
        "tier": "interchange"
      },
      "type": "Feature"
    },
    {
      "geometry": {
        "coordinates": [
          32.46108079220432,
          15.655937083828242
        ],
        "type": "Point"
      },
      "properties": {
        "charger_bus_voltage_v": 650.0,
        "charger_contact_count": 8,
        "charger_efficiency": 0.98,
        "charger_max_current_a": 3300.0,
        "charger_max_kw": 2000.0,
        "grid_export_kw": 2400.0,
        "grid_import_kw": 2400.0,
        "line": "line-9",
        "pv_nameplate_kw": 300.0,
        "station": "line-9-0800-0595-s096092",
        "storage_capacity_kwh": 2000.0,
        "storage_initial_soc": 0.5,
        "storage_max_charge_kw": 2000.0,
        "storage_max_discharge_kw": 2000.0,
        "storage_module_kwh": 500.0,
        "tier": "interchange"
      },
      "type": "Feature"
    },
    {
      "geometry": {
        "coordinates": [
          32.470220941352956,
          15.65827664399093
        ],
        "type": "Point"
      },
      "properties": {
        "charger_bus_voltage_v": 650.0,
        "charger_contact_count": 8,
        "charger_efficiency": 0.98,
        "charger_max_current_a": 3300.0,
        "charger_max_kw": 2000.0,
        "grid_export_kw": 2400.0,
        "grid_import_kw": 2400.0,
        "line": "line-9",
        "pv_nameplate_kw": 300.0,
        "station": "line-9-0787-0644-s097526",
        "storage_capacity_kwh": 2000.0,
        "storage_initial_soc": 0.5,
        "storage_max_charge_kw": 2000.0,
        "storage_max_discharge_kw": 2000.0,
        "storage_module_kwh": 500.0,
        "tier": "interchange"
      },
      "type": "Feature"
    },
    {
      "geometry": {
        "coordinates": [
          32.477309220284546,
          15.666735053809884
        ],
        "type": "Point"
      },
      "properties": {
        "charger_bus_voltage_v": 650.0,
        "charger_contact_count": 8,
        "charger_efficiency": 0.98,
        "charger_max_current_a": 3300.0,
        "charger_max_kw": 2000.0,
        "grid_export_kw": 2400.0,
        "grid_import_kw": 2400.0,
        "line": "line-9",
        "pv_nameplate_kw": 300.0,
        "station": "line-9-0740-0682-s099175",
        "storage_capacity_kwh": 2000.0,
        "storage_initial_soc": 0.5,
        "storage_max_charge_kw": 2000.0,
        "storage_max_discharge_kw": 2000.0,
        "storage_module_kwh": 500.0,
        "tier": "interchange"
      },
      "type": "Feature"
    }
  ],
  "type": "FeatureCollection"
}
