{
  "features": [
    {
      "geometry": {
        "coordinates": [
          33.26660661,
          0.48967486
        ],
        "type": "Point"
      },
      "properties": {
        "chainage_m": 0.0,
        "civil_class": "at-grade",
        "investigation_flags": [
          "acidic-soil-durability-testing",
          "fine-soil-plasticity-and-shrink-swell-tests"
        ],
        "lat": 0.48967486,
        "line": "line-1",
        "lon": 33.26660661,
        "sample_id": "segment:line-1-civil-001:0000",
        "scope_id": "line-1-civil-001",
        "scope_type": "civil_segment"
      },
      "type": "Feature"
    },
    {
      "geometry": {
        "coordinates": [
          33.26660661,
          0.48063117
        ],
        "type": "Point"
      },
      "properties": {
        "chainage_m": 1002.314,
        "civil_class": "at-grade",
        "investigation_flags": [
          "acidic-soil-durability-testing",
          "fine-soil-plasticity-and-shrink-swell-tests"
        ],
        "lat": 0.48063117,
        "line": "line-1",
        "lon": 33.26660661,
        "sample_id": "segment:line-1-civil-001:0001",
        "scope_id": "line-1-civil-001",
        "scope_type": "civil_segment"
      },
      "type": "Feature"
    },
    {
      "geometry": {
        "coordinates": [
          33.26221941,
          0.4750976
        ],
        "type": "Point"
      },
      "properties": {
        "chainage_m": 2004.628,
        "civil_class": "at-grade",
        "investigation_flags": [
          "acidic-soil-durability-testing",
          "fine-soil-plasticity-and-shrink-swell-tests"
        ],
        "lat": 0.4750976,
        "line": "line-1",
        "lon": 33.26221941,
        "sample_id": "segment:line-1-civil-001:0002",
        "scope_id": "line-1-civil-001",
        "scope_type": "civil_segment"
      },
      "type": "Feature"
    },
    {
      "geometry": {
        "coordinates": [
          33.26058875,
          0.4746487
        ],
        "type": "Point"
      },
      "properties": {
        "chainage_m": 2207.1,
        "civil_class": "at-grade",
        "investigation_flags": [
          "acidic-soil-durability-testing",
          "fine-soil-plasticity-and-shrink-swell-tests"
        ],
        "lat": 0.4746487,
        "line": "line-1",
        "lon": 33.26058875,
        "sample_id": "segment:line-1-civil-001:0003",
        "scope_id": "line-1-civil-001",
        "scope_type": "civil_segment"
      },
      "type": "Feature"
    },
    {
      "geometry": {
        "coordinates": [
          33.25441652,
          0.47221814
        ],
        "type": "Point"
      },
      "properties": {
        "chainage_m": 3006.941,
        "civil_class": "at-grade",
        "investigation_flags": [
          "acidic-soil-durability-testing",
          "fine-soil-plasticity-and-shrink-swell-tests"
        ],
        "lat": 0.47221814,
        "line": "line-1",
        "lon": 33.25441652,
        "sample_id": "segment:line-1-civil-001:0004",
        "scope_id": "line-1-civil-001",
        "scope_type": "civil_segment"
      },
      "type": "Feature"
    },
    {
      "geometry": {
        "coordinates": [
          33.24661362,
          0.46933868
        ],
        "type": "Point"
      },
      "properties": {
        "chainage_m": 4009.255,
        "civil_class": "at-grade",
        "investigation_flags": [
          "acidic-soil-durability-testing",
          "fine-soil-plasticity-and-shrink-swell-tests"
        ],
        "lat": 0.46933868,
        "line": "line-1",
        "lon": 33.24661362,
        "sample_id": "segment:line-1-civil-001:0005",
        "scope_id": "line-1-civil-001",
        "scope_type": "civil_segment"
      },
      "type": "Feature"
    },
    {
      "geometry": {
        "coordinates": [
          33.24342767,
          0.46825708
        ],
        "type": "Point"
      },
      "properties": {
        "chainage_m": 4414.2,
        "civil_class": "at-grade",
        "investigation_flags": [
          "acidic-soil-durability-testing",
          "fine-soil-plasticity-and-shrink-swell-tests"
        ],
        "lat": 0.46825708,
        "line": "line-1",
        "lon": 33.24342767,
        "sample_id": "segment:line-1-civil-001:0006",
        "scope_id": "line-1-civil-001",
        "scope_type": "civil_segment"
      },
      "type": "Feature"
    },
    {
      "geometry": {
        "coordinates": [
          33.24342767,
          0.46825708
        ],
        "type": "Point"
      },
      "properties": {
        "chainage_m": 4414.2,
        "civil_class": "elevated",
        "investigation_flags": [
          "acidic-soil-durability-testing",
          "fine-soil-plasticity-and-shrink-swell-tests"
        ],
        "lat": 0.46825708,
        "line": "line-1",
        "lon": 33.24342767,
        "sample_id": "segment:line-1-civil-002:0000",
        "scope_id": "line-1-civil-002",
        "scope_type": "civil_segment"
      },
      "type": "Feature"
    },
    {
      "geometry": {
        "coordinates": [
          33.24315812,
          0.46798708
        ],
        "type": "Point"
      },
      "properties": {
        "chainage_m": 4456.633,
        "civil_class": "elevated",
        "investigation_flags": [
          "acidic-soil-durability-testing",
          "fine-soil-plasticity-and-shrink-swell-tests"
        ],
        "lat": 0.46798708,
        "line": "line-1",
        "lon": 33.24315812,
        "sample_id": "segment:line-1-civil-002:0001",
        "scope_id": "line-1-civil-002",
        "scope_type": "civil_segment"
      },
      "type": "Feature"
    },
    {
      "geometry": {
        "coordinates": [
          33.24289047,
          0.4677163
        ],
        "type": "Point"
      },
      "properties": {
        "chainage_m": 4499.066,
        "civil_class": "elevated",
        "investigation_flags": [
          "acidic-soil-durability-testing",
          "fine-soil-plasticity-and-shrink-swell-tests"
        ],
        "lat": 0.4677163,
        "line": "line-1",
        "lon": 33.24289047,
        "sample_id": "segment:line-1-civil-002:0002",
        "scope_id": "line-1-civil-002",
        "scope_type": "civil_segment"
      },
      "type": "Feature"
    },
    {
      "geometry": {
        "coordinates": [
          33.24289047,
          0.4677163
        ],
        "type": "Point"
      },
      "properties": {
        "chainage_m": 4499.066,
        "civil_class": "elevated",
        "investigation_flags": [
          "acidic-soil-durability-testing",
          "fine-soil-plasticity-and-shrink-swell-tests"
        ],
        "lat": 0.4677163,
        "line": "line-1",
        "lon": 33.24289047,
        "sample_id": "segment:line-1-civil-003:0000",
        "scope_id": "line-1-civil-003",
        "scope_type": "civil_segment"
      },
      "type": "Feature"
    },
    {
      "geometry": {
        "coordinates": [
          33.23762264,
          0.46172254
        ],
        "type": "Point"
      },
      "properties": {
        "chainage_m": 5501.806,
        "civil_class": "elevated",
        "investigation_flags": [
          "acidic-soil-durability-testing",
          "fine-soil-plasticity-and-shrink-swell-tests"
        ],
        "lat": 0.46172254,
        "line": "line-1",
        "lon": 33.23762264,
        "sample_id": "segment:line-1-civil-003:0001",
        "scope_id": "line-1-civil-003",
        "scope_type": "civil_segment"
      },
      "type": "Feature"
    },
    {
      "geometry": {
        "coordinates": [
          33.23222999,
          0.45578103
        ],
        "type": "Point"
      },
      "properties": {
        "chainage_m": 6504.545,
        "civil_class": "elevated",
        "investigation_flags": [
          "acidic-soil-durability-testing",
          "fine-soil-plasticity-and-shrink-swell-tests"
        ],
        "lat": 0.45578103,
        "line": "line-1",
        "lon": 33.23222999,
        "sample_id": "segment:line-1-civil-003:0002",
        "scope_id": "line-1-civil-003",
        "scope_type": "civil_segment"
      },
      "type": "Feature"
    },
    {
      "geometry": {
        "coordinates": [
          33.22696406,
          0.44978649
        ],
        "type": "Point"
      },
      "properties": {
        "chainage_m": 7507.285,
        "civil_class": "elevated",
        "investigation_flags": [
          "acidic-soil-durability-testing",
          "fine-soil-plasticity-and-shrink-swell-tests"
        ],
        "lat": 0.44978649,
        "line": "line-1",
        "lon": 33.22696406,
        "sample_id": "segment:line-1-civil-003:0003",
        "scope_id": "line-1-civil-003",
        "scope_type": "civil_segment"
      },
      "type": "Feature"
    },
    {
      "geometry": {
        "coordinates": [
          33.22169813,
          0.44379195
        ],
        "type": "Point"
      },
      "properties": {
        "chainage_m": 8510.024,
        "civil_class": "elevated",
        "investigation_flags": [
          "acidic-soil-durability-testing",
          "fine-soil-plasticity-and-shrink-swell-tests"
        ],
        "lat": 0.44379195,
        "line": "line-1",
        "lon": 33.22169813,
        "sample_id": "segment:line-1-civil-003:0004",
        "scope_id": "line-1-civil-003",
        "scope_type": "civil_segment"
      },
      "type": "Feature"
    },
    {
      "geometry": {
        "coordinates": [
          33.220432,
          0.44241047
        ],
        "type": "Point"
      },
      "properties": {
        "chainage_m": 8745.383,
        "civil_class": "elevated",
        "investigation_flags": [
          "acidic-soil-durability-testing",
          "fine-soil-plasticity-and-shrink-swell-tests"
        ],
        "lat": 0.44241047,
        "line": "line-1",
        "lon": 33.220432,
        "sample_id": "segment:line-1-civil-003:0005",
        "scope_id": "line-1-civil-003",
        "scope_type": "civil_segment"
      },
      "type": "Feature"
    },
    {
      "geometry": {
        "coordinates": [
          33.21623107,
          0.43777591
        ],
        "type": "Point"
      },
      "properties": {
        "chainage_m": 9512.764,
        "civil_class": "elevated",
        "investigation_flags": [
          "acidic-soil-durability-testing",
          "fine-soil-plasticity-and-shrink-swell-tests"
        ],
        "lat": 0.43777591,
        "line": "line-1",
        "lon": 33.21623107,
        "sample_id": "segment:line-1-civil-003:0006",
        "scope_id": "line-1-civil-003",
        "scope_type": "civil_segment"
      },
      "type": "Feature"
    },
    {
      "geometry": {
        "coordinates": [
          33.21096515,
          0.43178137
        ],
        "type": "Point"
      },
      "properties": {
        "chainage_m": 10515.503,
        "civil_class": "elevated",
        "investigation_flags": [
          "acidic-soil-durability-testing",
          "fine-soil-plasticity-and-shrink-swell-tests"
        ],
        "lat": 0.43178137,
        "line": "line-1",
        "lon": 33.21096515,
        "sample_id": "segment:line-1-civil-003:0007",
        "scope_id": "line-1-civil-003",
        "scope_type": "civil_segment"
      },
      "type": "Feature"
    },
    {
      "geometry": {
        "coordinates": [
          33.20569923,
          0.42578684
        ],
        "type": "Point"
      },
      "properties": {
        "chainage_m": 11518.243,
        "civil_class": "elevated",
        "investigation_flags": [
          "acidic-soil-durability-testing",
          "fine-soil-plasticity-and-shrink-swell-tests"
        ],
        "lat": 0.42578684,
        "line": "line-1",
        "lon": 33.20569923,
        "sample_id": "segment:line-1-civil-003:0008",
        "scope_id": "line-1-civil-003",
        "scope_type": "civil_segment"
      },
      "type": "Feature"
    },
    {
      "geometry": {
        "coordinates": [
          33.20030658,
          0.41984534
        ],
        "type": "Point"
      },
      "properties": {
        "chainage_m": 12520.982,
        "civil_class": "elevated",
        "investigation_flags": [
          "acidic-soil-durability-testing",
          "fine-soil-plasticity-and-shrink-swell-tests"
        ],
        "lat": 0.41984534,
        "line": "line-1",
        "lon": 33.20030658,
        "sample_id": "segment:line-1-civil-003:0009",
        "scope_id": "line-1-civil-003",
        "scope_type": "civil_segment"
      },
      "type": "Feature"
    },
    {
      "geometry": {
        "coordinates": [
          33.19779387,
          0.41696852
        ],
        "type": "Point"
      },
      "properties": {
        "chainage_m": 12991.7,
        "civil_class": "elevated",
        "investigation_flags": [
          "acidic-soil-durability-testing",
          "fine-soil-plasticity-and-shrink-swell-tests"
        ],
        "lat": 0.41696852,
        "line": "line-1",
        "lon": 33.19779387,
        "sample_id": "segment:line-1-civil-003:0010",
        "scope_id": "line-1-civil-003",
        "scope_type": "civil_segment"
      },
      "type": "Feature"
    },
    {
      "geometry": {
        "coordinates": [
          33.25169419,
          0.47131831
        ],
        "type": "Point"
      },
      "properties": {
        "chainage_m": 0.0,
        "civil_class": "at-grade",
        "investigation_flags": [
          "acidic-soil-durability-testing",
          "fine-soil-plasticity-and-shrink-swell-tests"
        ],
        "lat": 0.47131831,
        "line": "line-10",
        "lon": 33.25169419,
        "sample_id": "segment:line-10-civil-161:0000",
        "scope_id": "line-10-civil-161",
        "scope_type": "civil_segment"
      },
      "type": "Feature"
    },
    {
      "geometry": {
        "coordinates": [
          33.2515144,
          0.47149839
        ],
        "type": "Point"
      },
      "properties": {
        "chainage_m": 28.3,
        "civil_class": "at-grade",
        "investigation_flags": [
          "acidic-soil-durability-testing",
          "fine-soil-plasticity-and-shrink-swell-tests"
        ],
        "lat": 0.47149839,
        "line": "line-10",
        "lon": 33.2515144,
        "sample_id": "segment:line-10-civil-161:0001",
        "scope_id": "line-10-civil-161",
        "scope_type": "civil_segment"
      },
      "type": "Feature"
    },
    {
      "geometry": {
        "coordinates": [
          33.25133462,
          0.47167847
        ],
        "type": "Point"
      },
      "properties": {
        "chainage_m": 56.6,
        "civil_class": "at-grade",
        "investigation_flags": [
          "acidic-soil-durability-testing",
          "fine-soil-plasticity-and-shrink-swell-tests"
        ],
        "lat": 0.47167847,
        "line": "line-10",
        "lon": 33.25133462,
        "sample_id": "segment:line-10-civil-161:0002",
        "scope_id": "line-10-civil-161",
        "scope_type": "civil_segment"
      },
      "type": "Feature"
    },
    {
      "geometry": {
        "coordinates": [
          33.25133462,
          0.47167847
        ],
        "type": "Point"
      },
      "properties": {
        "chainage_m": 56.6,
        "civil_class": "elevated",
        "investigation_flags": [
          "acidic-soil-durability-testing",
          "fine-soil-plasticity-and-shrink-swell-tests"
        ],
        "lat": 0.47167847,
        "line": "line-10",
        "lon": 33.25133462,
        "sample_id": "segment:line-10-civil-162:0000",
        "scope_id": "line-10-civil-162",
        "scope_type": "civil_segment"
      },
      "type": "Feature"
    },
    {
      "geometry": {
        "coordinates": [
          33.25079559,
          0.47221839
        ],
        "type": "Point"
      },
      "properties": {
        "chainage_m": 141.45,
        "civil_class": "elevated",
        "investigation_flags": [
          "acidic-soil-durability-testing",
          "fine-soil-plasticity-and-shrink-swell-tests"
        ],
        "lat": 0.47221839,
        "line": "line-10",
        "lon": 33.25079559,
        "sample_id": "segment:line-10-civil-162:0001",
        "scope_id": "line-10-civil-162",
        "scope_type": "civil_segment"
      },
      "type": "Feature"
    },
    {
      "geometry": {
        "coordinates": [
          33.25025656,
          0.47275832
        ],
        "type": "Point"
      },
      "properties": {
        "chainage_m": 226.3,
        "civil_class": "elevated",
        "investigation_flags": [
          "acidic-soil-durability-testing",
          "fine-soil-plasticity-and-shrink-swell-tests"
        ],
        "lat": 0.47275832,
        "line": "line-10",
        "lon": 33.25025656,
        "sample_id": "segment:line-10-civil-162:0002",
        "scope_id": "line-10-civil-162",
        "scope_type": "civil_segment"
      },
      "type": "Feature"
    },
    {
      "geometry": {
        "coordinates": [
          33.25025656,
          0.47275832
        ],
        "type": "Point"
      },
      "properties": {
        "chainage_m": 226.3,
        "civil_class": "at-grade",
        "investigation_flags": [
          "acidic-soil-durability-testing",
          "fine-soil-plasticity-and-shrink-swell-tests"
        ],
        "lat": 0.47275832,
        "line": "line-10",
        "lon": 33.25025656,
        "sample_id": "segment:line-10-civil-163:0000",
        "scope_id": "line-10-civil-163",
        "scope_type": "civil_segment"
      },
      "type": "Feature"
    },
    {
      "geometry": {
        "coordinates": [
          33.25016667,
          0.47284836
        ],
        "type": "Point"
      },
      "properties": {
        "chainage_m": 240.45,
        "civil_class": "at-grade",
        "investigation_flags": [
          "acidic-soil-durability-testing",
          "fine-soil-plasticity-and-shrink-swell-tests"
        ],
        "lat": 0.47284836,
        "line": "line-10",
        "lon": 33.25016667,
        "sample_id": "segment:line-10-civil-163:0001",
        "scope_id": "line-10-civil-163",
        "scope_type": "civil_segment"
      },
      "type": "Feature"
    },
    {
      "geometry": {
        "coordinates": [
          33.25007678,
          0.4729384
        ],
        "type": "Point"
      },
      "properties": {
        "chainage_m": 254.6,
        "civil_class": "at-grade",
        "investigation_flags": [
          "acidic-soil-durability-testing",
          "fine-soil-plasticity-and-shrink-swell-tests"
        ],
        "lat": 0.4729384,
        "line": "line-10",
        "lon": 33.25007678,
        "sample_id": "segment:line-10-civil-163:0002",
        "scope_id": "line-10-civil-163",
        "scope_type": "civil_segment"
      },
      "type": "Feature"
    },
    {
      "geometry": {
        "coordinates": [
          33.25007678,
          0.4729384
        ],
        "type": "Point"
      },
      "properties": {
        "chainage_m": 254.6,
        "civil_class": "elevated",
        "investigation_flags": [
          "acidic-soil-durability-testing",
          "fine-soil-plasticity-and-shrink-swell-tests"
        ],
        "lat": 0.4729384,
        "line": "line-10",
        "lon": 33.25007678,
        "sample_id": "segment:line-10-civil-164:0000",
        "scope_id": "line-10-civil-164",
        "scope_type": "civil_segment"
      },
      "type": "Feature"
    },
    {
      "geometry": {
        "coordinates": [
          33.24998721,
          0.47302812
        ],
        "type": "Point"
      },
      "properties": {
        "chainage_m": 268.7,
        "civil_class": "elevated",
        "investigation_flags": [
          "acidic-soil-durability-testing",
          "fine-soil-plasticity-and-shrink-swell-tests"
        ],
        "lat": 0.47302812,
        "line": "line-10",
        "lon": 33.24998721,
        "sample_id": "segment:line-10-civil-164:0001",
        "scope_id": "line-10-civil-164",
        "scope_type": "civil_segment"
      },
      "type": "Feature"
    },
    {
      "geometry": {
        "coordinates": [
          33.24989763,
          0.47311785
        ],
        "type": "Point"
      },
      "properties": {
        "chainage_m": 282.8,
        "civil_class": "elevated",
        "investigation_flags": [
          "acidic-soil-durability-testing",
          "fine-soil-plasticity-and-shrink-swell-tests"
        ],
        "lat": 0.47311785,
        "line": "line-10",
        "lon": 33.24989763,
        "sample_id": "segment:line-10-civil-164:0002",
        "scope_id": "line-10-civil-164",
        "scope_type": "civil_segment"
      },
      "type": "Feature"
    },
    {
      "geometry": {
        "coordinates": [
          33.24989763,
          0.47311785
        ],
        "type": "Point"
      },
      "properties": {
        "chainage_m": 282.8,
        "civil_class": "at-grade",
        "investigation_flags": [
          "acidic-soil-durability-testing",
          "fine-soil-plasticity-and-shrink-swell-tests"
        ],
        "lat": 0.47311785,
        "line": "line-10",
        "lon": 33.24989763,
        "sample_id": "segment:line-10-civil-165:0000",
        "scope_id": "line-10-civil-165",
        "scope_type": "civil_segment"
      },
      "type": "Feature"
    },
    {
      "geometry": {
        "coordinates": [
          33.24980774,
          0.47320789
        ],
        "type": "Point"
      },
      "properties": {
        "chainage_m": 296.95,
        "civil_class": "at-grade",
        "investigation_flags": [
          "acidic-soil-durability-testing",
          "fine-soil-plasticity-and-shrink-swell-tests"
        ],
        "lat": 0.47320789,
        "line": "line-10",
        "lon": 33.24980774,
        "sample_id": "segment:line-10-civil-165:0001",
        "scope_id": "line-10-civil-165",
        "scope_type": "civil_segment"
      },
      "type": "Feature"
    },
    {
      "geometry": {
        "coordinates": [
          33.24971785,
          0.47329793
        ],
        "type": "Point"
      },
      "properties": {
        "chainage_m": 311.1,
        "civil_class": "at-grade",
        "investigation_flags": [
          "acidic-soil-durability-testing",
          "fine-soil-plasticity-and-shrink-swell-tests"
        ],
        "lat": 0.47329793,
        "line": "line-10",
        "lon": 33.24971785,
        "sample_id": "segment:line-10-civil-165:0002",
        "scope_id": "line-10-civil-165",
        "scope_type": "civil_segment"
      },
      "type": "Feature"
    },
    {
      "geometry": {
        "coordinates": [
          33.24971785,
          0.47329793
        ],
        "type": "Point"
      },
      "properties": {
        "chainage_m": 311.1,
        "civil_class": "elevated",
        "investigation_flags": [
          "acidic-soil-durability-testing",
          "fine-soil-plasticity-and-shrink-swell-tests"
        ],
        "lat": 0.47329793,
        "line": "line-10",
        "lon": 33.24971785,
        "sample_id": "segment:line-10-civil-166:0000",
        "scope_id": "line-10-civil-166",
        "scope_type": "civil_segment"
      },
      "type": "Feature"
    },
    {
      "geometry": {
        "coordinates": [
          33.24953807,
          0.47347801
        ],
        "type": "Point"
      },
      "properties": {
        "chainage_m": 339.4,
        "civil_class": "elevated",
        "investigation_flags": [
          "acidic-soil-durability-testing",
          "fine-soil-plasticity-and-shrink-swell-tests"
        ],
        "lat": 0.47347801,
        "line": "line-10",
        "lon": 33.24953807,
        "sample_id": "segment:line-10-civil-166:0001",
        "scope_id": "line-10-civil-166",
        "scope_type": "civil_segment"
      },
      "type": "Feature"
    },
    {
      "geometry": {
        "coordinates": [
          33.24935828,
          0.47365809
        ],
        "type": "Point"
      },
      "properties": {
        "chainage_m": 367.7,
        "civil_class": "elevated",
        "investigation_flags": [
          "acidic-soil-durability-testing",
          "fine-soil-plasticity-and-shrink-swell-tests"
        ],
        "lat": 0.47365809,
        "line": "line-10",
        "lon": 33.24935828,
        "sample_id": "segment:line-10-civil-166:0002",
        "scope_id": "line-10-civil-166",
        "scope_type": "civil_segment"
      },
      "type": "Feature"
    },
    {
      "geometry": {
        "coordinates": [
          33.24935828,
          0.47365809
        ],
        "type": "Point"
      },
      "properties": {
        "chainage_m": 367.7,
        "civil_class": "at-grade",
        "investigation_flags": [
          "acidic-soil-durability-testing",
          "fine-soil-plasticity-and-shrink-swell-tests"
        ],
        "lat": 0.47365809,
        "line": "line-10",
        "lon": 33.24935828,
        "sample_id": "segment:line-10-civil-167:0000",
        "scope_id": "line-10-civil-167",
        "scope_type": "civil_segment"
      },
      "type": "Feature"
    },
    {
      "geometry": {
        "coordinates": [
          33.2491785,
          0.47383817
        ],
        "type": "Point"
      },
      "properties": {
        "chainage_m": 396.0,
        "civil_class": "at-grade",
        "investigation_flags": [
          "acidic-soil-durability-testing",
          "fine-soil-plasticity-and-shrink-swell-tests"
        ],
        "lat": 0.47383817,
        "line": "line-10",
        "lon": 33.2491785,
        "sample_id": "segment:line-10-civil-167:0001",
        "scope_id": "line-10-civil-167",
        "scope_type": "civil_segment"
      },
      "type": "Feature"
    },
    {
      "geometry": {
        "coordinates": [
          33.24899872,
          0.47401825
        ],
        "type": "Point"
      },
      "properties": {
        "chainage_m": 424.3,
        "civil_class": "at-grade",
        "investigation_flags": [
          "acidic-soil-durability-testing",
          "fine-soil-plasticity-and-shrink-swell-tests"
        ],
        "lat": 0.47401825,
        "line": "line-10",
        "lon": 33.24899872,
        "sample_id": "segment:line-10-civil-167:0002",
        "scope_id": "line-10-civil-167",
        "scope_type": "civil_segment"
      },
      "type": "Feature"
    },
    {
      "geometry": {
        "coordinates": [
          33.24899872,
          0.47401825
        ],
        "type": "Point"
      },
      "properties": {
        "chainage_m": 424.3,
        "civil_class": "elevated",
        "investigation_flags": [
          "acidic-soil-durability-testing",
          "fine-soil-plasticity-and-shrink-swell-tests"
        ],
        "lat": 0.47401825,
        "line": "line-10",
        "lon": 33.24899872,
        "sample_id": "segment:line-10-civil-168:0000",
        "scope_id": "line-10-civil-168",
        "scope_type": "civil_segment"
      },
      "type": "Feature"
    },
    {
      "geometry": {
        "coordinates": [
          33.24890914,
          0.47410798
        ],
        "type": "Point"
      },
      "properties": {
        "chainage_m": 438.4,
        "civil_class": "elevated",
        "investigation_flags": [
          "acidic-soil-durability-testing",
          "fine-soil-plasticity-and-shrink-swell-tests"
        ],
        "lat": 0.47410798,
        "line": "line-10",
        "lon": 33.24890914,
        "sample_id": "segment:line-10-civil-168:0001",
        "scope_id": "line-10-civil-168",
        "scope_type": "civil_segment"
      },
      "type": "Feature"
    },
    {
      "geometry": {
        "coordinates": [
          33.24881957,
          0.4741977
        ],
        "type": "Point"
      },
      "properties": {
        "chainage_m": 452.5,
        "civil_class": "elevated",
        "investigation_flags": [
          "acidic-soil-durability-testing",
          "fine-soil-plasticity-and-shrink-swell-tests"
        ],
        "lat": 0.4741977,
        "line": "line-10",
        "lon": 33.24881957,
        "sample_id": "segment:line-10-civil-168:0002",
        "scope_id": "line-10-civil-168",
        "scope_type": "civil_segment"
      },
      "type": "Feature"
    },
    {
      "geometry": {
        "coordinates": [
          33.24881957,
          0.4741977
        ],
        "type": "Point"
      },
      "properties": {
        "chainage_m": 452.5,
        "civil_class": "at-grade",
        "investigation_flags": [
          "acidic-soil-durability-testing",
          "fine-soil-plasticity-and-shrink-swell-tests"
        ],
        "lat": 0.4741977,
        "line": "line-10",
        "lon": 33.24881957,
        "sample_id": "segment:line-10-civil-169:0000",
        "scope_id": "line-10-civil-169",
        "scope_type": "civil_segment"
      },
      "type": "Feature"
    },
    {
      "geometry": {
        "coordinates": [
          33.24863979,
          0.47437778
        ],
        "type": "Point"
      },
      "properties": {
        "chainage_m": 480.8,
        "civil_class": "at-grade",
        "investigation_flags": [
          "acidic-soil-durability-testing",
          "fine-soil-plasticity-and-shrink-swell-tests"
        ],
        "lat": 0.47437778,
        "line": "line-10",
        "lon": 33.24863979,
        "sample_id": "segment:line-10-civil-169:0001",
        "scope_id": "line-10-civil-169",
        "scope_type": "civil_segment"
      },
      "type": "Feature"
    },
    {
      "geometry": {
        "coordinates": [
          33.24846001,
          0.47455786
        ],
        "type": "Point"
      },
      "properties": {
        "chainage_m": 509.1,
        "civil_class": "at-grade",
        "investigation_flags": [
          "acidic-soil-durability-testing",
          "fine-soil-plasticity-and-shrink-swell-tests"
        ],
        "lat": 0.47455786,
        "line": "line-10",
        "lon": 33.24846001,
        "sample_id": "segment:line-10-civil-169:0002",
        "scope_id": "line-10-civil-169",
        "scope_type": "civil_segment"
      },
      "type": "Feature"
    },
    {
      "geometry": {
        "coordinates": [
          33.24846001,
          0.47455786
        ],
        "type": "Point"
      },
      "properties": {
        "chainage_m": 509.1,
        "civil_class": "elevated",
        "investigation_flags": [
          "acidic-soil-durability-testing",
          "fine-soil-plasticity-and-shrink-swell-tests"
        ],
        "lat": 0.47455786,
        "line": "line-10",
        "lon": 33.24846001,
        "sample_id": "segment:line-10-civil-170:0000",
        "scope_id": "line-10-civil-170",
        "scope_type": "civil_segment"
      },
      "type": "Feature"
    },
    {
      "geometry": {
        "coordinates": [
          33.24837011,
          0.4746479
        ],
        "type": "Point"
      },
      "properties": {
        "chainage_m": 523.25,
        "civil_class": "elevated",
        "investigation_flags": [
          "acidic-soil-durability-testing",
          "fine-soil-plasticity-and-shrink-swell-tests"
        ],
        "lat": 0.4746479,
        "line": "line-10",
        "lon": 33.24837011,
        "sample_id": "segment:line-10-civil-170:0001",
        "scope_id": "line-10-civil-170",
        "scope_type": "civil_segment"
      },
      "type": "Feature"
    },
    {
      "geometry": {
        "coordinates": [
          33.24828022,
          0.47473794
        ],
        "type": "Point"
      },
      "properties": {
        "chainage_m": 537.4,
        "civil_class": "elevated",
        "investigation_flags": [
          "acidic-soil-durability-testing",
          "fine-soil-plasticity-and-shrink-swell-tests"
        ],
        "lat": 0.47473794,
        "line": "line-10",
        "lon": 33.24828022,
        "sample_id": "segment:line-10-civil-170:0002",
        "scope_id": "line-10-civil-170",
        "scope_type": "civil_segment"
      },
      "type": "Feature"
    },
    {
      "geometry": {
        "coordinates": [
          33.24828022,
          0.47473794
        ],
        "type": "Point"
      },
      "properties": {
        "chainage_m": 537.4,
        "civil_class": "at-grade",
        "investigation_flags": [
          "acidic-soil-durability-testing",
          "fine-soil-plasticity-and-shrink-swell-tests"
        ],
        "lat": 0.47473794,
        "line": "line-10",
        "lon": 33.24828022,
        "sample_id": "segment:line-10-civil-171:0000",
        "scope_id": "line-10-civil-171",
        "scope_type": "civil_segment"
      },
      "type": "Feature"
    },
    {
      "geometry": {
        "coordinates": [
          33.24801055,
          0.47500806
        ],
        "type": "Point"
      },
      "properties": {
        "chainage_m": 579.85,
        "civil_class": "at-grade",
        "investigation_flags": [
          "acidic-soil-durability-testing",
          "fine-soil-plasticity-and-shrink-swell-tests"
        ],
        "lat": 0.47500806,
        "line": "line-10",
        "lon": 33.24801055,
        "sample_id": "segment:line-10-civil-171:0001",
        "scope_id": "line-10-civil-171",
        "scope_type": "civil_segment"
      },
      "type": "Feature"
    },
    {
      "geometry": {
        "coordinates": [
          33.24774088,
          0.47527819
        ],
        "type": "Point"
      },
      "properties": {
        "chainage_m": 622.3,
        "civil_class": "at-grade",
        "investigation_flags": [
          "acidic-soil-durability-testing",
          "fine-soil-plasticity-and-shrink-swell-tests"
        ],
        "lat": 0.47527819,
        "line": "line-10",
        "lon": 33.24774088,
        "sample_id": "segment:line-10-civil-171:0002",
        "scope_id": "line-10-civil-171",
        "scope_type": "civil_segment"
      },
      "type": "Feature"
    },
    {
      "geometry": {
        "coordinates": [
          33.24774088,
          0.47527819
        ],
        "type": "Point"
      },
      "properties": {
        "chainage_m": 622.3,
        "civil_class": "elevated",
        "investigation_flags": [
          "acidic-soil-durability-testing",
          "fine-soil-plasticity-and-shrink-swell-tests"
        ],
        "lat": 0.47527819,
        "line": "line-10",
        "lon": 33.24774088,
        "sample_id": "segment:line-10-civil-172:0000",
        "scope_id": "line-10-civil-172",
        "scope_type": "civil_segment"
      },
      "type": "Feature"
    },
    {
      "geometry": {
        "coordinates": [
          33.24756141,
          0.47545795
        ],
        "type": "Point"
      },
      "properties": {
        "chainage_m": 650.55,
        "civil_class": "elevated",
        "investigation_flags": [
          "acidic-soil-durability-testing",
          "fine-soil-plasticity-and-shrink-swell-tests"
        ],
        "lat": 0.47545795,
        "line": "line-10",
        "lon": 33.24756141,
        "sample_id": "segment:line-10-civil-172:0001",
        "scope_id": "line-10-civil-172",
        "scope_type": "civil_segment"
      },
      "type": "Feature"
    },
    {
      "geometry": {
        "coordinates": [
          33.24738195,
          0.47563771
        ],
        "type": "Point"
      },
      "properties": {
        "chainage_m": 678.8,
        "civil_class": "elevated",
        "investigation_flags": [
          "acidic-soil-durability-testing",
          "fine-soil-plasticity-and-shrink-swell-tests"
        ],
        "lat": 0.47563771,
        "line": "line-10",
        "lon": 33.24738195,
        "sample_id": "segment:line-10-civil-172:0002",
        "scope_id": "line-10-civil-172",
        "scope_type": "civil_segment"
      },
      "type": "Feature"
    },
    {
      "geometry": {
        "coordinates": [
          33.24738195,
          0.47563771
        ],
        "type": "Point"
      },
      "properties": {
        "chainage_m": 678.8,
        "civil_class": "at-grade",
        "investigation_flags": [
          "acidic-soil-durability-testing",
          "fine-soil-plasticity-and-shrink-swell-tests"
        ],
        "lat": 0.47563771,
        "line": "line-10",
        "lon": 33.24738195,
        "sample_id": "segment:line-10-civil-173:0000",
        "scope_id": "line-10-civil-173",
        "scope_type": "civil_segment"
      },
      "type": "Feature"
    },
    {
      "geometry": {
        "coordinates": [
          33.24729205,
          0.47572775
        ],
        "type": "Point"
      },
      "properties": {
        "chainage_m": 692.95,
        "civil_class": "at-grade",
        "investigation_flags": [
          "acidic-soil-durability-testing",
          "fine-soil-plasticity-and-shrink-swell-tests"
        ],
        "lat": 0.47572775,
        "line": "line-10",
        "lon": 33.24729205,
        "sample_id": "segment:line-10-civil-173:0001",
        "scope_id": "line-10-civil-173",
        "scope_type": "civil_segment"
      },
      "type": "Feature"
    },
    {
      "geometry": {
        "coordinates": [
          33.24720216,
          0.47581779
        ],
        "type": "Point"
      },
      "properties": {
        "chainage_m": 707.1,
        "civil_class": "at-grade",
        "investigation_flags": [
          "acidic-soil-durability-testing",
          "fine-soil-plasticity-and-shrink-swell-tests"
        ],
        "lat": 0.47581779,
        "line": "line-10",
        "lon": 33.24720216,
        "sample_id": "segment:line-10-civil-173:0002",
        "scope_id": "line-10-civil-173",
        "scope_type": "civil_segment"
      },
      "type": "Feature"
    },
    {
      "geometry": {
        "coordinates": [
          33.24720216,
          0.47581779
        ],
        "type": "Point"
      },
      "properties": {
        "chainage_m": 707.1,
        "civil_class": "elevated",
        "investigation_flags": [
          "acidic-soil-durability-testing",
          "fine-soil-plasticity-and-shrink-swell-tests"
        ],
        "lat": 0.47581779,
        "line": "line-10",
        "lon": 33.24720216,
        "sample_id": "segment:line-10-civil-174:0000",
        "scope_id": "line-10-civil-174",
        "scope_type": "civil_segment"
      },
      "type": "Feature"
    },
    {
      "geometry": {
        "coordinates": [
          33.24711227,
          0.47590783
        ],
        "type": "Point"
      },
      "properties": {
        "chainage_m": 721.25,
        "civil_class": "elevated",
        "investigation_flags": [
          "acidic-soil-durability-testing",
          "fine-soil-plasticity-and-shrink-swell-tests"
        ],
        "lat": 0.47590783,
        "line": "line-10",
        "lon": 33.24711227,
        "sample_id": "segment:line-10-civil-174:0001",
        "scope_id": "line-10-civil-174",
        "scope_type": "civil_segment"
      },
      "type": "Feature"
    },
    {
      "geometry": {
        "coordinates": [
          33.24702238,
          0.47599787
        ],
        "type": "Point"
      },
      "properties": {
        "chainage_m": 735.4,
        "civil_class": "elevated",
        "investigation_flags": [
          "acidic-soil-durability-testing",
          "fine-soil-plasticity-and-shrink-swell-tests"
        ],
        "lat": 0.47599787,
        "line": "line-10",
        "lon": 33.24702238,
        "sample_id": "segment:line-10-civil-174:0002",
        "scope_id": "line-10-civil-174",
        "scope_type": "civil_segment"
      },
      "type": "Feature"
    },
    {
      "geometry": {
        "coordinates": [
          33.24702238,
          0.47599787
        ],
        "type": "Point"
      },
      "properties": {
        "chainage_m": 735.4,
        "civil_class": "at-grade",
        "investigation_flags": [
          "acidic-soil-durability-testing",
          "fine-soil-plasticity-and-shrink-swell-tests"
        ],
        "lat": 0.47599787,
        "line": "line-10",
        "lon": 33.24702238,
        "sample_id": "segment:line-10-civil-175:0000",
        "scope_id": "line-10-civil-175",
        "scope_type": "civil_segment"
      },
      "type": "Feature"
    },
    {
      "geometry": {
        "coordinates": [
          33.24693249,
          0.47608791
        ],
        "type": "Point"
      },
      "properties": {
        "chainage_m": 749.55,
        "civil_class": "at-grade",
        "investigation_flags": [
          "acidic-soil-durability-testing",
          "fine-soil-plasticity-and-shrink-swell-tests"
        ],
        "lat": 0.47608791,
        "line": "line-10",
        "lon": 33.24693249,
        "sample_id": "segment:line-10-civil-175:0001",
        "scope_id": "line-10-civil-175",
        "scope_type": "civil_segment"
      },
      "type": "Feature"
    },
    {
      "geometry": {
        "coordinates": [
          33.2468426,
          0.47617796
        ],
        "type": "Point"
      },
      "properties": {
        "chainage_m": 763.7,
        "civil_class": "at-grade",
        "investigation_flags": [
          "acidic-soil-durability-testing",
          "fine-soil-plasticity-and-shrink-swell-tests"
        ],
        "lat": 0.47617796,
        "line": "line-10",
        "lon": 33.2468426,
        "sample_id": "segment:line-10-civil-175:0002",
        "scope_id": "line-10-civil-175",
        "scope_type": "civil_segment"
      },
      "type": "Feature"
    },
    {
      "geometry": {
        "coordinates": [
          33.2468426,
          0.47617796
        ],
        "type": "Point"
      },
      "properties": {
        "chainage_m": 763.7,
        "civil_class": "elevated",
        "investigation_flags": [
          "acidic-soil-durability-testing",
          "fine-soil-plasticity-and-shrink-swell-tests"
        ],
        "lat": 0.47617796,
        "line": "line-10",
        "lon": 33.2468426,
        "sample_id": "segment:line-10-civil-176:0000",
        "scope_id": "line-10-civil-176",
        "scope_type": "civil_segment"
      },
      "type": "Feature"
    },
    {
      "geometry": {
        "coordinates": [
          33.24666313,
          0.47635772
        ],
        "type": "Point"
      },
      "properties": {
        "chainage_m": 791.95,
        "civil_class": "elevated",
        "investigation_flags": [
          "acidic-soil-durability-testing",
          "fine-soil-plasticity-and-shrink-swell-tests"
        ],
        "lat": 0.47635772,
        "line": "line-10",
        "lon": 33.24666313,
        "sample_id": "segment:line-10-civil-176:0001",
        "scope_id": "line-10-civil-176",
        "scope_type": "civil_segment"
      },
      "type": "Feature"
    },
    {
      "geometry": {
        "coordinates": [
          33.24648367,
          0.47653748
        ],
        "type": "Point"
      },
      "properties": {
        "chainage_m": 820.2,
        "civil_class": "elevated",
        "investigation_flags": [
          "acidic-soil-durability-testing",
          "fine-soil-plasticity-and-shrink-swell-tests"
        ],
        "lat": 0.47653748,
        "line": "line-10",
        "lon": 33.24648367,
        "sample_id": "segment:line-10-civil-176:0002",
        "scope_id": "line-10-civil-176",
        "scope_type": "civil_segment"
      },
      "type": "Feature"
    },
    {
      "geometry": {
        "coordinates": [
          33.24648367,
          0.47653748
        ],
        "type": "Point"
      },
      "properties": {
        "chainage_m": 820.2,
        "civil_class": "at-grade",
        "investigation_flags": [
          "acidic-soil-durability-testing",
          "fine-soil-plasticity-and-shrink-swell-tests"
        ],
        "lat": 0.47653748,
        "line": "line-10",
        "lon": 33.24648367,
        "sample_id": "segment:line-10-civil-177:0000",
        "scope_id": "line-10-civil-177",
        "scope_type": "civil_segment"
      },
      "type": "Feature"
    },
    {
      "geometry": {
        "coordinates": [
          33.24630388,
          0.47671756
        ],
        "type": "Point"
      },
      "properties": {
        "chainage_m": 848.5,
        "civil_class": "at-grade",
        "investigation_flags": [
          "acidic-soil-durability-testing",
          "fine-soil-plasticity-and-shrink-swell-tests"
        ],
        "lat": 0.47671756,
        "line": "line-10",
        "lon": 33.24630388,
        "sample_id": "segment:line-10-civil-177:0001",
        "scope_id": "line-10-civil-177",
        "scope_type": "civil_segment"
      },
      "type": "Feature"
    },
    {
      "geometry": {
        "coordinates": [
          33.2461241,
          0.47689764
        ],
        "type": "Point"
      },
      "properties": {
        "chainage_m": 876.8,
        "civil_class": "at-grade",
        "investigation_flags": [
          "acidic-soil-durability-testing",
          "fine-soil-plasticity-and-shrink-swell-tests"
        ],
        "lat": 0.47689764,
        "line": "line-10",
        "lon": 33.2461241,
        "sample_id": "segment:line-10-civil-177:0002",
        "scope_id": "line-10-civil-177",
        "scope_type": "civil_segment"
      },
      "type": "Feature"
    },
    {
      "geometry": {
        "coordinates": [
          33.2461241,
          0.47689764
        ],
        "type": "Point"
      },
      "properties": {
        "chainage_m": 876.8,
        "civil_class": "elevated",
        "investigation_flags": [
          "acidic-soil-durability-testing",
          "fine-soil-plasticity-and-shrink-swell-tests"
        ],
        "lat": 0.47689764,
        "line": "line-10",
        "lon": 33.2461241,
        "sample_id": "segment:line-10-civil-178:0000",
        "scope_id": "line-10-civil-178",
        "scope_type": "civil_segment"
      },
      "type": "Feature"
    },
    {
      "geometry": {
        "coordinates": [
          33.24603421,
          0.47698768
        ],
        "type": "Point"
      },
      "properties": {
        "chainage_m": 890.95,
        "civil_class": "elevated",
        "investigation_flags": [
          "acidic-soil-durability-testing",
          "fine-soil-plasticity-and-shrink-swell-tests"
        ],
        "lat": 0.47698768,
        "line": "line-10",
        "lon": 33.24603421,
        "sample_id": "segment:line-10-civil-178:0001",
        "scope_id": "line-10-civil-178",
        "scope_type": "civil_segment"
      },
      "type": "Feature"
    },
    {
      "geometry": {
        "coordinates": [
          33.24594432,
          0.47707773
        ],
        "type": "Point"
      },
      "properties": {
        "chainage_m": 905.1,
        "civil_class": "elevated",
        "investigation_flags": [
          "acidic-soil-durability-testing",
          "fine-soil-plasticity-and-shrink-swell-tests"
        ],
        "lat": 0.47707773,
        "line": "line-10",
        "lon": 33.24594432,
        "sample_id": "segment:line-10-civil-178:0002",
        "scope_id": "line-10-civil-178",
        "scope_type": "civil_segment"
      },
      "type": "Feature"
    },
    {
      "geometry": {
        "coordinates": [
          33.24594432,
          0.47707773
        ],
        "type": "Point"
      },
      "properties": {
        "chainage_m": 905.1,
        "civil_class": "at-grade",
        "investigation_flags": [
          "acidic-soil-durability-testing",
          "fine-soil-plasticity-and-shrink-swell-tests"
        ],
        "lat": 0.47707773,
        "line": "line-10",
        "lon": 33.24594432,
        "sample_id": "segment:line-10-civil-179:0000",
        "scope_id": "line-10-civil-179",
        "scope_type": "civil_segment"
      },
      "type": "Feature"
    },
    {
      "geometry": {
        "coordinates": [
          33.24558507,
          0.47743757
        ],
        "type": "Point"
      },
      "properties": {
        "chainage_m": 961.65,
        "civil_class": "at-grade",
        "investigation_flags": [
          "acidic-soil-durability-testing",
          "fine-soil-plasticity-and-shrink-swell-tests"
        ],
        "lat": 0.47743757,
        "line": "line-10",
        "lon": 33.24558507,
        "sample_id": "segment:line-10-civil-179:0001",
        "scope_id": "line-10-civil-179",
        "scope_type": "civil_segment"
      },
      "type": "Feature"
    },
    {
      "geometry": {
        "coordinates": [
          33.24522582,
          0.47779741
        ],
        "type": "Point"
      },
      "properties": {
        "chainage_m": 1018.2,
        "civil_class": "at-grade",
        "investigation_flags": [
          "acidic-soil-durability-testing",
          "fine-soil-plasticity-and-shrink-swell-tests"
        ],
        "lat": 0.47779741,
        "line": "line-10",
        "lon": 33.24522582,
        "sample_id": "segment:line-10-civil-179:0002",
        "scope_id": "line-10-civil-179",
        "scope_type": "civil_segment"
      },
      "type": "Feature"
    },
    {
      "geometry": {
        "coordinates": [
          33.24522582,
          0.47779741
        ],
        "type": "Point"
      },
      "properties": {
        "chainage_m": 1018.2,
        "civil_class": "elevated",
        "investigation_flags": [
          "acidic-soil-durability-testing",
          "fine-soil-plasticity-and-shrink-swell-tests"
        ],
        "lat": 0.47779741,
        "line": "line-10",
        "lon": 33.24522582,
        "sample_id": "segment:line-10-civil-180:0000",
        "scope_id": "line-10-civil-180",
        "scope_type": "civil_segment"
      },
      "type": "Feature"
    },
    {
      "geometry": {
        "coordinates": [
          33.24513593,
          0.47788745
        ],
        "type": "Point"
      },
      "properties": {
        "chainage_m": 1032.35,
        "civil_class": "elevated",
        "investigation_flags": [
          "acidic-soil-durability-testing",
          "fine-soil-plasticity-and-shrink-swell-tests"
        ],
        "lat": 0.47788745,
        "line": "line-10",
        "lon": 33.24513593,
        "sample_id": "segment:line-10-civil-180:0001",
        "scope_id": "line-10-civil-180",
        "scope_type": "civil_segment"
      },
      "type": "Feature"
    },
    {
      "geometry": {
        "coordinates": [
          33.24504604,
          0.4779775
        ],
        "type": "Point"
      },
      "properties": {
        "chainage_m": 1046.5,
        "civil_class": "elevated",
        "investigation_flags": [
          "acidic-soil-durability-testing",
          "fine-soil-plasticity-and-shrink-swell-tests"
        ],
        "lat": 0.4779775,
        "line": "line-10",
        "lon": 33.24504604,
        "sample_id": "segment:line-10-civil-180:0002",
        "scope_id": "line-10-civil-180",
        "scope_type": "civil_segment"
      },
      "type": "Feature"
    },
    {
      "geometry": {
        "coordinates": [
          33.24504604,
          0.4779775
        ],
        "type": "Point"
      },
      "properties": {
        "chainage_m": 1046.5,
        "civil_class": "elevated",
        "investigation_flags": [
          "acidic-soil-durability-testing",
          "fine-soil-plasticity-and-shrink-swell-tests"
        ],
        "lat": 0.4779775,
        "line": "line-10",
        "lon": 33.24504604,
        "sample_id": "segment:line-10-civil-181:0000",
        "scope_id": "line-10-civil-181",
        "scope_type": "civil_segment"
      },
      "type": "Feature"
    },
    {
      "geometry": {
        "coordinates": [
          33.24495615,
          0.47806753
        ],
        "type": "Point"
      },
      "properties": {
        "chainage_m": 1060.65,
        "civil_class": "elevated",
        "investigation_flags": [
          "acidic-soil-durability-testing",
          "fine-soil-plasticity-and-shrink-swell-tests"
        ],
        "lat": 0.47806753,
        "line": "line-10",
        "lon": 33.24495615,
        "sample_id": "segment:line-10-civil-181:0001",
        "scope_id": "line-10-civil-181",
        "scope_type": "civil_segment"
      },
      "type": "Feature"
    },
    {
      "geometry": {
        "coordinates": [
          33.24486681,
          0.47815781
        ],
        "type": "Point"
      },
      "properties": {
        "chainage_m": 1074.8,
        "civil_class": "elevated",
        "investigation_flags": [
          "acidic-soil-durability-testing",
          "fine-soil-plasticity-and-shrink-swell-tests"
        ],
        "lat": 0.47815781,
        "line": "line-10",
        "lon": 33.24486681,
        "sample_id": "segment:line-10-civil-181:0002",
        "scope_id": "line-10-civil-181",
        "scope_type": "civil_segment"
      },
      "type": "Feature"
    },
    {
      "geometry": {
        "coordinates": [
          33.24486681,
          0.47815781
        ],
        "type": "Point"
      },
      "properties": {
        "chainage_m": 1074.8,
        "civil_class": "at-grade",
        "investigation_flags": [
          "acidic-soil-durability-testing",
          "fine-soil-plasticity-and-shrink-swell-tests"
        ],
        "lat": 0.47815781,
        "line": "line-10",
        "lon": 33.24486681,
        "sample_id": "segment:line-10-civil-182:0000",
        "scope_id": "line-10-civil-182",
        "scope_type": "civil_segment"
      },
      "type": "Feature"
    },
    {
      "geometry": {
        "coordinates": [
          33.24486681,
          0.47824772
        ],
        "type": "Point"
      },
      "properties": {
        "chainage_m": 1084.8,
        "civil_class": "at-grade",
        "investigation_flags": [
          "acidic-soil-durability-testing",
          "fine-soil-plasticity-and-shrink-swell-tests"
        ],
        "lat": 0.47824772,
        "line": "line-10",
        "lon": 33.24486681,
        "sample_id": "segment:line-10-civil-182:0001",
        "scope_id": "line-10-civil-182",
        "scope_type": "civil_segment"
      },
      "type": "Feature"
    },
    {
      "geometry": {
        "coordinates": [
          33.24486681,
          0.47833764
        ],
        "type": "Point"
      },
      "properties": {
        "chainage_m": 1094.8,
        "civil_class": "at-grade",
        "investigation_flags": [
          "acidic-soil-durability-testing",
          "fine-soil-plasticity-and-shrink-swell-tests"
        ],
        "lat": 0.47833764,
        "line": "line-10",
        "lon": 33.24486681,
        "sample_id": "segment:line-10-civil-182:0002",
        "scope_id": "line-10-civil-182",
        "scope_type": "civil_segment"
      },
      "type": "Feature"
    },
    {
      "geometry": {
        "coordinates": [
          33.24486681,
          0.47833764
        ],
        "type": "Point"
      },
      "properties": {
        "chainage_m": 1094.8,
        "civil_class": "elevated",
        "investigation_flags": [
          "acidic-soil-durability-testing",
          "fine-soil-plasticity-and-shrink-swell-tests"
        ],
        "lat": 0.47833764,
        "line": "line-10",
        "lon": 33.24486681,
        "sample_id": "segment:line-10-civil-183:0000",
        "scope_id": "line-10-civil-183",
        "scope_type": "civil_segment"
      },
      "type": "Feature"
    },
    {
      "geometry": {
        "coordinates": [
          33.24486681,
          0.47860738
        ],
        "type": "Point"
      },
      "properties": {
        "chainage_m": 1124.8,
        "civil_class": "elevated",
        "investigation_flags": [
          "acidic-soil-durability-testing",
          "fine-soil-plasticity-and-shrink-swell-tests"
        ],
        "lat": 0.47860738,
        "line": "line-10",
        "lon": 33.24486681,
        "sample_id": "segment:line-10-civil-183:0001",
        "scope_id": "line-10-civil-183",
        "scope_type": "civil_segment"
      },
      "type": "Feature"
    },
    {
      "geometry": {
        "coordinates": [
          33.24486681,
          0.47887712
        ],
        "type": "Point"
      },
      "properties": {
        "chainage_m": 1154.8,
        "civil_class": "elevated",
        "investigation_flags": [
          "acidic-soil-durability-testing",
          "fine-soil-plasticity-and-shrink-swell-tests"
        ],
        "lat": 0.47887712,
        "line": "line-10",
        "lon": 33.24486681,
        "sample_id": "segment:line-10-civil-183:0002",
        "scope_id": "line-10-civil-183",
        "scope_type": "civil_segment"
      },
      "type": "Feature"
    },
    {
      "geometry": {
        "coordinates": [
          33.24486681,
          0.47887712
        ],
        "type": "Point"
      },
      "properties": {
        "chainage_m": 1154.8,
        "civil_class": "elevated",
        "investigation_flags": [
          "acidic-soil-durability-testing",
          "fine-soil-plasticity-and-shrink-swell-tests"
        ],
        "lat": 0.47887712,
        "line": "line-10",
        "lon": 33.24486681,
        "sample_id": "segment:line-10-civil-184:0000",
        "scope_id": "line-10-civil-184",
        "scope_type": "civil_segment"
      },
      "type": "Feature"
    },
    {
      "geometry": {
        "coordinates": [
          33.24486681,
          0.47896704
        ],
        "type": "Point"
      },
      "properties": {
        "chainage_m": 1164.8,
        "civil_class": "elevated",
        "investigation_flags": [
          "acidic-soil-durability-testing",
          "fine-soil-plasticity-and-shrink-swell-tests"
        ],
        "lat": 0.47896704,
        "line": "line-10",
        "lon": 33.24486681,
        "sample_id": "segment:line-10-civil-184:0001",
        "scope_id": "line-10-civil-184",
        "scope_type": "civil_segment"
      },
      "type": "Feature"
    },
    {
      "geometry": {
        "coordinates": [
          33.24486681,
          0.47905695
        ],
        "type": "Point"
      },
      "properties": {
        "chainage_m": 1174.8,
        "civil_class": "elevated",
        "investigation_flags": [
          "acidic-soil-durability-testing",
          "fine-soil-plasticity-and-shrink-swell-tests"
        ],
        "lat": 0.47905695,
        "line": "line-10",
        "lon": 33.24486681,
        "sample_id": "segment:line-10-civil-184:0002",
        "scope_id": "line-10-civil-184",
        "scope_type": "civil_segment"
      },
      "type": "Feature"
    },
    {
      "geometry": {
        "coordinates": [
          33.24486681,
          0.47905695
        ],
        "type": "Point"
      },
      "properties": {
        "chainage_m": 1174.8,
        "civil_class": "at-grade",
        "investigation_flags": [
          "acidic-soil-durability-testing",
          "fine-soil-plasticity-and-shrink-swell-tests"
        ],
        "lat": 0.47905695,
        "line": "line-10",
        "lon": 33.24486681,
        "sample_id": "segment:line-10-civil-185:0000",
        "scope_id": "line-10-civil-185",
        "scope_type": "civil_segment"
      },
      "type": "Feature"
    },
    {
      "geometry": {
        "coordinates": [
          33.24486681,
          0.48067542
        ],
        "type": "Point"
      },
      "properties": {
        "chainage_m": 1354.8,
        "civil_class": "at-grade",
        "investigation_flags": [
          "acidic-soil-durability-testing",
          "fine-soil-plasticity-and-shrink-swell-tests"
        ],
        "lat": 0.48067542,
        "line": "line-10",
        "lon": 33.24486681,
        "sample_id": "segment:line-10-civil-185:0001",
        "scope_id": "line-10-civil-185",
        "scope_type": "civil_segment"
      },
      "type": "Feature"
    },
    {
      "geometry": {
        "coordinates": [
          33.24486681,
          0.48229388
        ],
        "type": "Point"
      },
      "properties": {
        "chainage_m": 1534.8,
        "civil_class": "at-grade",
        "investigation_flags": [
          "acidic-soil-durability-testing",
          "fine-soil-plasticity-and-shrink-swell-tests"
        ],
        "lat": 0.48229388,
        "line": "line-10",
        "lon": 33.24486681,
        "sample_id": "segment:line-10-civil-185:0002",
        "scope_id": "line-10-civil-185",
        "scope_type": "civil_segment"
      },
      "type": "Feature"
    },
    {
      "geometry": {
        "coordinates": [
          33.24486681,
          0.48229388
        ],
        "type": "Point"
      },
      "properties": {
        "chainage_m": 1534.8,
        "civil_class": "elevated",
        "investigation_flags": [
          "acidic-soil-durability-testing",
          "fine-soil-plasticity-and-shrink-swell-tests"
        ],
        "lat": 0.48229388,
        "line": "line-10",
        "lon": 33.24486681,
        "sample_id": "segment:line-10-civil-186:0000",
        "scope_id": "line-10-civil-186",
        "scope_type": "civil_segment"
      },
      "type": "Feature"
    },
    {
      "geometry": {
        "coordinates": [
          33.24486681,
          0.4823838
        ],
        "type": "Point"
      },
      "properties": {
        "chainage_m": 1544.8,
        "civil_class": "elevated",
        "investigation_flags": [
          "acidic-soil-durability-testing",
          "fine-soil-plasticity-and-shrink-swell-tests"
        ],
        "lat": 0.4823838,
        "line": "line-10",
        "lon": 33.24486681,
        "sample_id": "segment:line-10-civil-186:0001",
        "scope_id": "line-10-civil-186",
        "scope_type": "civil_segment"
      },
      "type": "Feature"
    },
    {
      "geometry": {
        "coordinates": [
          33.24486681,
          0.48247371
        ],
        "type": "Point"
      },
      "properties": {
        "chainage_m": 1554.8,
        "civil_class": "elevated",
        "investigation_flags": [
          "acidic-soil-durability-testing",
          "fine-soil-plasticity-and-shrink-swell-tests"
        ],
        "lat": 0.48247371,
        "line": "line-10",
        "lon": 33.24486681,
        "sample_id": "segment:line-10-civil-186:0002",
        "scope_id": "line-10-civil-186",
        "scope_type": "civil_segment"
      },
      "type": "Feature"
    },
    {
      "geometry": {
        "coordinates": [
          33.24486681,
          0.48247371
        ],
        "type": "Point"
      },
      "properties": {
        "chainage_m": 1554.8,
        "civil_class": "at-grade",
        "investigation_flags": [
          "acidic-soil-durability-testing",
          "fine-soil-plasticity-and-shrink-swell-tests"
        ],
        "lat": 0.48247371,
        "line": "line-10",
        "lon": 33.24486681,
        "sample_id": "segment:line-10-civil-187:0000",
        "scope_id": "line-10-civil-187",
        "scope_type": "civil_segment"
      },
      "type": "Feature"
    },
    {
      "geometry": {
        "coordinates": [
          33.24486681,
          0.48274345
        ],
        "type": "Point"
      },
      "properties": {
        "chainage_m": 1584.8,
        "civil_class": "at-grade",
        "investigation_flags": [
          "acidic-soil-durability-testing",
          "fine-soil-plasticity-and-shrink-swell-tests"
        ],
        "lat": 0.48274345,
        "line": "line-10",
        "lon": 33.24486681,
        "sample_id": "segment:line-10-civil-187:0001",
        "scope_id": "line-10-civil-187",
        "scope_type": "civil_segment"
      },
      "type": "Feature"
    },
    {
      "geometry": {
        "coordinates": [
          33.24486681,
          0.4830132
        ],
        "type": "Point"
      },
      "properties": {
        "chainage_m": 1614.8,
        "civil_class": "at-grade",
        "investigation_flags": [
          "acidic-soil-durability-testing",
          "fine-soil-plasticity-and-shrink-swell-tests"
        ],
        "lat": 0.4830132,
        "line": "line-10",
        "lon": 33.24486681,
        "sample_id": "segment:line-10-civil-187:0002",
        "scope_id": "line-10-civil-187",
        "scope_type": "civil_segment"
      },
      "type": "Feature"
    },
    {
      "geometry": {
        "coordinates": [
          33.24486681,
          0.4830132
        ],
        "type": "Point"
      },
      "properties": {
        "chainage_m": 1614.8,
        "civil_class": "elevated",
        "investigation_flags": [
          "acidic-soil-durability-testing",
          "fine-soil-plasticity-and-shrink-swell-tests"
        ],
        "lat": 0.4830132,
        "line": "line-10",
        "lon": 33.24486681,
        "sample_id": "segment:line-10-civil-188:0000",
        "scope_id": "line-10-civil-188",
        "scope_type": "civil_segment"
      },
      "type": "Feature"
    },
    {
      "geometry": {
        "coordinates": [
          33.24486681,
          0.48310311
        ],
        "type": "Point"
      },
      "properties": {
        "chainage_m": 1624.8,
        "civil_class": "elevated",
        "investigation_flags": [
          "acidic-soil-durability-testing",
          "fine-soil-plasticity-and-shrink-swell-tests"
        ],
        "lat": 0.48310311,
        "line": "line-10",
        "lon": 33.24486681,
        "sample_id": "segment:line-10-civil-188:0001",
        "scope_id": "line-10-civil-188",
        "scope_type": "civil_segment"
      },
      "type": "Feature"
    },
    {
      "geometry": {
        "coordinates": [
          33.24486681,
          0.48319303
        ],
        "type": "Point"
      },
      "properties": {
        "chainage_m": 1634.8,
        "civil_class": "elevated",
        "investigation_flags": [
          "acidic-soil-durability-testing",
          "fine-soil-plasticity-and-shrink-swell-tests"
        ],
        "lat": 0.48319303,
        "line": "line-10",
        "lon": 33.24486681,
        "sample_id": "segment:line-10-civil-188:0002",
        "scope_id": "line-10-civil-188",
        "scope_type": "civil_segment"
      },
      "type": "Feature"
    },
    {
      "geometry": {
        "coordinates": [
          33.24486681,
          0.48319303
        ],
        "type": "Point"
      },
      "properties": {
        "chainage_m": 1634.8,
        "civil_class": "at-grade",
        "investigation_flags": [
          "acidic-soil-durability-testing",
          "fine-soil-plasticity-and-shrink-swell-tests"
        ],
        "lat": 0.48319303,
        "line": "line-10",
        "lon": 33.24486681,
        "sample_id": "segment:line-10-civil-189:0000",
        "scope_id": "line-10-civil-189",
        "scope_type": "civil_segment"
      },
      "type": "Feature"
    },
    {
      "geometry": {
        "coordinates": [
          33.24486681,
          0.48535098
        ],
        "type": "Point"
      },
      "properties": {
        "chainage_m": 1874.8,
        "civil_class": "at-grade",
        "investigation_flags": [
          "acidic-soil-durability-testing",
          "fine-soil-plasticity-and-shrink-swell-tests"
        ],
        "lat": 0.48535098,
        "line": "line-10",
        "lon": 33.24486681,
        "sample_id": "segment:line-10-civil-189:0001",
        "scope_id": "line-10-civil-189",
        "scope_type": "civil_segment"
      },
      "type": "Feature"
    },
    {
      "geometry": {
        "coordinates": [
          33.24486681,
          0.48750893
        ],
        "type": "Point"
      },
      "properties": {
        "chainage_m": 2114.8,
        "civil_class": "at-grade",
        "investigation_flags": [
          "acidic-soil-durability-testing",
          "fine-soil-plasticity-and-shrink-swell-tests"
        ],
        "lat": 0.48750893,
        "line": "line-10",
        "lon": 33.24486681,
        "sample_id": "segment:line-10-civil-189:0002",
        "scope_id": "line-10-civil-189",
        "scope_type": "civil_segment"
      },
      "type": "Feature"
    },
    {
      "geometry": {
        "coordinates": [
          33.24486681,
          0.48750893
        ],
        "type": "Point"
      },
      "properties": {
        "chainage_m": 2114.8,
        "civil_class": "elevated",
        "investigation_flags": [
          "acidic-soil-durability-testing",
          "fine-soil-plasticity-and-shrink-swell-tests"
        ],
        "lat": 0.48750893,
        "line": "line-10",
        "lon": 33.24486681,
        "sample_id": "segment:line-10-civil-190:0000",
        "scope_id": "line-10-civil-190",
        "scope_type": "civil_segment"
      },
      "type": "Feature"
    },
    {
      "geometry": {
        "coordinates": [
          33.24486681,
          0.48759885
        ],
        "type": "Point"
      },
      "properties": {
        "chainage_m": 2124.8,
        "civil_class": "elevated",
        "investigation_flags": [
          "acidic-soil-durability-testing",
          "fine-soil-plasticity-and-shrink-swell-tests"
        ],
        "lat": 0.48759885,
        "line": "line-10",
        "lon": 33.24486681,
        "sample_id": "segment:line-10-civil-190:0001",
        "scope_id": "line-10-civil-190",
        "scope_type": "civil_segment"
      },
      "type": "Feature"
    },
    {
      "geometry": {
        "coordinates": [
          33.24486681,
          0.48768876
        ],
        "type": "Point"
      },
      "properties": {
        "chainage_m": 2134.8,
        "civil_class": "elevated",
        "investigation_flags": [
          "acidic-soil-durability-testing",
          "fine-soil-plasticity-and-shrink-swell-tests"
        ],
        "lat": 0.48768876,
        "line": "line-10",
        "lon": 33.24486681,
        "sample_id": "segment:line-10-civil-190:0002",
        "scope_id": "line-10-civil-190",
        "scope_type": "civil_segment"
      },
      "type": "Feature"
    },
    {
      "geometry": {
        "coordinates": [
          33.24486681,
          0.48768876
        ],
        "type": "Point"
      },
      "properties": {
        "chainage_m": 2134.8,
        "civil_class": "at-grade",
        "investigation_flags": [
          "acidic-soil-durability-testing",
          "fine-soil-plasticity-and-shrink-swell-tests"
        ],
        "lat": 0.48768876,
        "line": "line-10",
        "lon": 33.24486681,
        "sample_id": "segment:line-10-civil-191:0000",
        "scope_id": "line-10-civil-191",
        "scope_type": "civil_segment"
      },
      "type": "Feature"
    },
    {
      "geometry": {
        "coordinates": [
          33.24468598,
          0.49057469
        ],
        "type": "Point"
      },
      "properties": {
        "chainage_m": 2474.8,
        "civil_class": "at-grade",
        "investigation_flags": [
          "acidic-soil-durability-testing",
          "fine-soil-plasticity-and-shrink-swell-tests"
        ],
        "lat": 0.49057469,
        "line": "line-10",
        "lon": 33.24468598,
        "sample_id": "segment:line-10-civil-191:0001",
        "scope_id": "line-10-civil-191",
        "scope_type": "civil_segment"
      },
      "type": "Feature"
    },
    {
      "geometry": {
        "coordinates": [
          33.24163844,
          0.49057469
        ],
        "type": "Point"
      },
      "properties": {
        "chainage_m": 2814.8,
        "civil_class": "at-grade",
        "investigation_flags": [
          "acidic-soil-durability-testing",
          "fine-soil-plasticity-and-shrink-swell-tests"
        ],
        "lat": 0.49057469,
        "line": "line-10",
        "lon": 33.24163844,
        "sample_id": "segment:line-10-civil-191:0002",
        "scope_id": "line-10-civil-191",
        "scope_type": "civil_segment"
      },
      "type": "Feature"
    },
    {
      "geometry": {
        "coordinates": [
          33.24163844,
          0.49057469
        ],
        "type": "Point"
      },
      "properties": {
        "chainage_m": 2814.8,
        "civil_class": "elevated",
        "investigation_flags": [
          "acidic-soil-durability-testing",
          "fine-soil-plasticity-and-shrink-swell-tests"
        ],
        "lat": 0.49057469,
        "line": "line-10",
        "lon": 33.24163844,
        "sample_id": "segment:line-10-civil-192:0000",
        "scope_id": "line-10-civil-192",
        "scope_type": "civil_segment"
      },
      "type": "Feature"
    },
    {
      "geometry": {
        "coordinates": [
          33.24154853,
          0.49057469
        ],
        "type": "Point"
      },
      "properties": {
        "chainage_m": 2824.8,
        "civil_class": "elevated",
        "investigation_flags": [
          "acidic-soil-durability-testing",
          "fine-soil-plasticity-and-shrink-swell-tests"
        ],
        "lat": 0.49057469,
        "line": "line-10",
        "lon": 33.24154853,
        "sample_id": "segment:line-10-civil-192:0001",
        "scope_id": "line-10-civil-192",
        "scope_type": "civil_segment"
      },
      "type": "Feature"
    },
    {
      "geometry": {
        "coordinates": [
          33.24145861,
          0.49057469
        ],
        "type": "Point"
      },
      "properties": {
        "chainage_m": 2834.8,
        "civil_class": "elevated",
        "investigation_flags": [
          "acidic-soil-durability-testing",
          "fine-soil-plasticity-and-shrink-swell-tests"
        ],
        "lat": 0.49057469,
        "line": "line-10",
        "lon": 33.24145861,
        "sample_id": "segment:line-10-civil-192:0002",
        "scope_id": "line-10-civil-192",
        "scope_type": "civil_segment"
      },
      "type": "Feature"
    },
    {
      "geometry": {
        "coordinates": [
          33.24145861,
          0.49057469
        ],
        "type": "Point"
      },
      "properties": {
        "chainage_m": 2834.8,
        "civil_class": "at-grade",
        "investigation_flags": [
          "acidic-soil-durability-testing",
          "fine-soil-plasticity-and-shrink-swell-tests"
        ],
        "lat": 0.49057469,
        "line": "line-10",
        "lon": 33.24145861,
        "sample_id": "segment:line-10-civil-193:0000",
        "scope_id": "line-10-civil-193",
        "scope_type": "civil_segment"
      },
      "type": "Feature"
    },
    {
      "geometry": {
        "coordinates": [
          33.23957034,
          0.49057469
        ],
        "type": "Point"
      },
      "properties": {
        "chainage_m": 3044.8,
        "civil_class": "at-grade",
        "investigation_flags": [
          "acidic-soil-durability-testing",
          "fine-soil-plasticity-and-shrink-swell-tests"
        ],
        "lat": 0.49057469,
        "line": "line-10",
        "lon": 33.23957034,
        "sample_id": "segment:line-10-civil-193:0001",
        "scope_id": "line-10-civil-193",
        "scope_type": "civil_segment"
      },
      "type": "Feature"
    },
    {
      "geometry": {
        "coordinates": [
          33.23768208,
          0.49057469
        ],
        "type": "Point"
      },
      "properties": {
        "chainage_m": 3254.8,
        "civil_class": "at-grade",
        "investigation_flags": [
          "acidic-soil-durability-testing",
          "fine-soil-plasticity-and-shrink-swell-tests"
        ],
        "lat": 0.49057469,
        "line": "line-10",
        "lon": 33.23768208,
        "sample_id": "segment:line-10-civil-193:0002",
        "scope_id": "line-10-civil-193",
        "scope_type": "civil_segment"
      },
      "type": "Feature"
    },
    {
      "geometry": {
        "coordinates": [
          33.23768208,
          0.49057469
        ],
        "type": "Point"
      },
      "properties": {
        "chainage_m": 3254.8,
        "civil_class": "elevated",
        "investigation_flags": [
          "acidic-soil-durability-testing",
          "fine-soil-plasticity-and-shrink-swell-tests"
        ],
        "lat": 0.49057469,
        "line": "line-10",
        "lon": 33.23768208,
        "sample_id": "segment:line-10-civil-194:0000",
        "scope_id": "line-10-civil-194",
        "scope_type": "civil_segment"
      },
      "type": "Feature"
    },
    {
      "geometry": {
        "coordinates": [
          33.23750225,
          0.49057469
        ],
        "type": "Point"
      },
      "properties": {
        "chainage_m": 3274.8,
        "civil_class": "elevated",
        "investigation_flags": [
          "acidic-soil-durability-testing",
          "fine-soil-plasticity-and-shrink-swell-tests"
        ],
        "lat": 0.49057469,
        "line": "line-10",
        "lon": 33.23750225,
        "sample_id": "segment:line-10-civil-194:0001",
        "scope_id": "line-10-civil-194",
        "scope_type": "civil_segment"
      },
      "type": "Feature"
    },
    {
      "geometry": {
        "coordinates": [
          33.23732241,
          0.49057469
        ],
        "type": "Point"
      },
      "properties": {
        "chainage_m": 3294.8,
        "civil_class": "elevated",
        "investigation_flags": [
          "acidic-soil-durability-testing",
          "fine-soil-plasticity-and-shrink-swell-tests"
        ],
        "lat": 0.49057469,
        "line": "line-10",
        "lon": 33.23732241,
        "sample_id": "segment:line-10-civil-194:0002",
        "scope_id": "line-10-civil-194",
        "scope_type": "civil_segment"
      },
      "type": "Feature"
    },
    {
      "geometry": {
        "coordinates": [
          33.23732241,
          0.49057469
        ],
        "type": "Point"
      },
      "properties": {
        "chainage_m": 3294.8,
        "civil_class": "at-grade",
        "investigation_flags": [
          "acidic-soil-durability-testing",
          "fine-soil-plasticity-and-shrink-swell-tests"
        ],
        "lat": 0.49057469,
        "line": "line-10",
        "lon": 33.23732241,
        "sample_id": "segment:line-10-civil-195:0000",
        "scope_id": "line-10-civil-195",
        "scope_type": "civil_segment"
      },
      "type": "Feature"
    },
    {
      "geometry": {
        "coordinates": [
          33.2345068,
          0.48919578
        ],
        "type": "Point"
      },
      "properties": {
        "chainage_m": 3671.8,
        "civil_class": "at-grade",
        "investigation_flags": [
          "acidic-soil-durability-testing",
          "fine-soil-plasticity-and-shrink-swell-tests"
        ],
        "lat": 0.48919578,
        "line": "line-10",
        "lon": 33.2345068,
        "sample_id": "segment:line-10-civil-195:0001",
        "scope_id": "line-10-civil-195",
        "scope_type": "civil_segment"
      },
      "type": "Feature"
    },
    {
      "geometry": {
        "coordinates": [
          33.23211011,
          0.48679511
        ],
        "type": "Point"
      },
      "properties": {
        "chainage_m": 4048.8,
        "civil_class": "at-grade",
        "investigation_flags": [
          "acidic-soil-durability-testing",
          "fine-soil-plasticity-and-shrink-swell-tests"
        ],
        "lat": 0.48679511,
        "line": "line-10",
        "lon": 33.23211011,
        "sample_id": "segment:line-10-civil-195:0002",
        "scope_id": "line-10-civil-195",
        "scope_type": "civil_segment"
      },
      "type": "Feature"
    },
    {
      "geometry": {
        "coordinates": [
          33.23211011,
          0.48679511
        ],
        "type": "Point"
      },
      "properties": {
        "chainage_m": 4048.8,
        "civil_class": "elevated",
        "investigation_flags": [
          "acidic-soil-durability-testing",
          "fine-soil-plasticity-and-shrink-swell-tests"
        ],
        "lat": 0.48679511,
        "line": "line-10",
        "lon": 33.23211011,
        "sample_id": "segment:line-10-civil-196:0000",
        "scope_id": "line-10-civil-196",
        "scope_type": "civil_segment"
      },
      "type": "Feature"
    },
    {
      "geometry": {
        "coordinates": [
          33.23184076,
          0.4865253
        ],
        "type": "Point"
      },
      "properties": {
        "chainage_m": 4091.2,
        "civil_class": "elevated",
        "investigation_flags": [
          "acidic-soil-durability-testing",
          "fine-soil-plasticity-and-shrink-swell-tests"
        ],
        "lat": 0.4865253,
        "line": "line-10",
        "lon": 33.23184076,
        "sample_id": "segment:line-10-civil-196:0001",
        "scope_id": "line-10-civil-196",
        "scope_type": "civil_segment"
      },
      "type": "Feature"
    },
    {
      "geometry": {
        "coordinates": [
          33.2315714,
          0.4862555
        ],
        "type": "Point"
      },
      "properties": {
        "chainage_m": 4133.6,
        "civil_class": "elevated",
        "investigation_flags": [
          "acidic-soil-durability-testing",
          "fine-soil-plasticity-and-shrink-swell-tests"
        ],
        "lat": 0.4862555,
        "line": "line-10",
        "lon": 33.2315714,
        "sample_id": "segment:line-10-civil-196:0002",
        "scope_id": "line-10-civil-196",
        "scope_type": "civil_segment"
      },
      "type": "Feature"
    },
    {
      "geometry": {
        "coordinates": [
          33.18521713,
          0.4149889
        ],
        "type": "Point"
      },
      "properties": {
        "chainage_m": 0.0,
        "civil_class": "elevated",
        "investigation_flags": [
          "acidic-soil-durability-testing",
          "fine-soil-plasticity-and-shrink-swell-tests"
        ],
        "lat": 0.4149889,
        "line": "line-11",
        "lon": 33.18521713,
        "sample_id": "segment:line-11-civil-197:0000",
        "scope_id": "line-11-civil-197",
        "scope_type": "civil_segment"
      },
      "type": "Feature"
    },
    {
      "geometry": {
        "coordinates": [
          33.17928889,
          0.42092698
        ],
        "type": "Point"
      },
      "properties": {
        "chainage_m": 933.4,
        "civil_class": "elevated",
        "investigation_flags": [
          "acidic-soil-durability-testing",
          "fine-soil-plasticity-and-shrink-swell-tests"
        ],
        "lat": 0.42092698,
        "line": "line-11",
        "lon": 33.17928889,
        "sample_id": "segment:line-11-civil-197:0001",
        "scope_id": "line-11-civil-197",
        "scope_type": "civil_segment"
      },
      "type": "Feature"
    },
    {
      "geometry": {
        "coordinates": [
          33.17884896,
          0.42136765
        ],
        "type": "Point"
      },
      "properties": {
        "chainage_m": 1002.667,
        "civil_class": "elevated",
        "investigation_flags": [
          "acidic-soil-durability-testing",
          "fine-soil-plasticity-and-shrink-swell-tests"
        ],
        "lat": 0.42136765,
        "line": "line-11",
        "lon": 33.17884896,
        "sample_id": "segment:line-11-civil-197:0002",
        "scope_id": "line-11-civil-197",
        "scope_type": "civil_segment"
      },
      "type": "Feature"
    },
    {
      "geometry": {
        "coordinates": [
          33.17336064,
          0.42686508
        ],
        "type": "Point"
      },
      "properties": {
        "chainage_m": 1866.8,
        "civil_class": "elevated",
        "investigation_flags": [
          "acidic-soil-durability-testing",
          "fine-soil-plasticity-and-shrink-swell-tests"
        ],
        "lat": 0.42686508,
        "line": "line-11",
        "lon": 33.17336064,
        "sample_id": "segment:line-11-civil-197:0003",
        "scope_id": "line-11-civil-197",
        "scope_type": "civil_segment"
      },
      "type": "Feature"
    },
    {
      "geometry": {
        "coordinates": [
          33.17336064,
          0.42686508
        ],
        "type": "Point"
      },
      "properties": {
        "chainage_m": 1866.8,
        "civil_class": "elevated",
        "investigation_flags": [
          "acidic-soil-durability-testing",
          "fine-soil-plasticity-and-shrink-swell-tests"
        ],
        "lat": 0.42686508,
        "line": "line-11",
        "lon": 33.17336064,
        "sample_id": "segment:line-11-civil-198:0000",
        "scope_id": "line-11-civil-198",
        "scope_type": "civil_segment"
      },
      "type": "Feature"
    },
    {
      "geometry": {
        "coordinates": [
          33.17294917,
          0.42704663
        ],
        "type": "Point"
      },
      "properties": {
        "chainage_m": 1920.9,
        "civil_class": "elevated",
        "investigation_flags": [
          "acidic-soil-durability-testing",
          "fine-soil-plasticity-and-shrink-swell-tests"
        ],
        "lat": 0.42704663,
        "line": "line-11",
        "lon": 33.17294917,
        "sample_id": "segment:line-11-civil-198:0001",
        "scope_id": "line-11-civil-198",
        "scope_type": "civil_segment"
      },
      "type": "Feature"
    },
    {
      "geometry": {
        "coordinates": [
          33.17246326,
          0.42704663
        ],
        "type": "Point"
      },
      "properties": {
        "chainage_m": 1975.0,
        "civil_class": "elevated",
        "investigation_flags": [
          "acidic-soil-durability-testing",
          "fine-soil-plasticity-and-shrink-swell-tests"
        ],
        "lat": 0.42704663,
        "line": "line-11",
        "lon": 33.17246326,
        "sample_id": "segment:line-11-civil-198:0002",
        "scope_id": "line-11-civil-198",
        "scope_type": "civil_segment"
      },
      "type": "Feature"
    },
    {
      "geometry": {
        "coordinates": [
          33.17246326,
          0.42704663
        ],
        "type": "Point"
      },
      "properties": {
        "chainage_m": 1975.0,
        "civil_class": "elevated",
        "investigation_flags": [
          "acidic-soil-durability-testing",
          "fine-soil-plasticity-and-shrink-swell-tests"
        ],
        "lat": 0.42704663,
        "line": "line-11",
        "lon": 33.17246326,
        "sample_id": "segment:line-11-civil-199:0000",
        "scope_id": "line-11-civil-199",
        "scope_type": "civil_segment"
      },
      "type": "Feature"
    },
    {
      "geometry": {
        "coordinates": [
          33.17147387,
          0.42713528
        ],
        "type": "Point"
      },
      "properties": {
        "chainage_m": 2089.15,
        "civil_class": "elevated",
        "investigation_flags": [
          "acidic-soil-durability-testing",
          "fine-soil-plasticity-and-shrink-swell-tests"
        ],
        "lat": 0.42713528,
        "line": "line-11",
        "lon": 33.17147387,
        "sample_id": "segment:line-11-civil-199:0001",
        "scope_id": "line-11-civil-199",
        "scope_type": "civil_segment"
      },
      "type": "Feature"
    },
    {
      "geometry": {
        "coordinates": [
          33.17048557,
          0.4272266
        ],
        "type": "Point"
      },
      "properties": {
        "chainage_m": 2203.3,
        "civil_class": "elevated",
        "investigation_flags": [
          "acidic-soil-durability-testing",
          "fine-soil-plasticity-and-shrink-swell-tests"
        ],
        "lat": 0.4272266,
        "line": "line-11",
        "lon": 33.17048557,
        "sample_id": "segment:line-11-civil-199:0002",
        "scope_id": "line-11-civil-199",
        "scope_type": "civil_segment"
      },
      "type": "Feature"
    },
    {
      "geometry": {
        "coordinates": [
          33.17048557,
          0.4272266
        ],
        "type": "Point"
      },
      "properties": {
        "chainage_m": 2203.3,
        "civil_class": "elevated",
        "investigation_flags": [
          "acidic-soil-durability-testing",
          "fine-soil-plasticity-and-shrink-swell-tests"
        ],
        "lat": 0.4272266,
        "line": "line-11",
        "lon": 33.17048557,
        "sample_id": "segment:line-11-civil-200:0000",
        "scope_id": "line-11-civil-200",
        "scope_type": "civil_segment"
      },
      "type": "Feature"
    },
    {
      "geometry": {
        "coordinates": [
          33.170179,
          0.4272266
        ],
        "type": "Point"
      },
      "properties": {
        "chainage_m": 2237.45,
        "civil_class": "elevated",
        "investigation_flags": [
          "acidic-soil-durability-testing",
          "fine-soil-plasticity-and-shrink-swell-tests"
        ],
        "lat": 0.4272266,
        "line": "line-11",
        "lon": 33.170179,
        "sample_id": "segment:line-11-civil-200:0001",
        "scope_id": "line-11-civil-200",
        "scope_type": "civil_segment"
      },
      "type": "Feature"
    },
    {
      "geometry": {
        "coordinates": [
          33.16994597,
          0.42740596
        ],
        "type": "Point"
      },
      "properties": {
        "chainage_m": 2271.6,
        "civil_class": "elevated",
        "investigation_flags": [
          "acidic-soil-durability-testing",
          "fine-soil-plasticity-and-shrink-swell-tests"
        ],
        "lat": 0.42740596,
        "line": "line-11",
        "lon": 33.16994597,
        "sample_id": "segment:line-11-civil-200:0002",
        "scope_id": "line-11-civil-200",
        "scope_type": "civil_segment"
      },
      "type": "Feature"
    },
    {
      "geometry": {
        "coordinates": [
          33.16994597,
          0.42740596
        ],
        "type": "Point"
      },
      "properties": {
        "chainage_m": 2271.6,
        "civil_class": "elevated",
        "investigation_flags": [
          "acidic-soil-durability-testing",
          "fine-soil-plasticity-and-shrink-swell-tests"
        ],
        "lat": 0.42740596,
        "line": "line-11",
        "lon": 33.16994597,
        "sample_id": "segment:line-11-civil-201:0000",
        "scope_id": "line-11-civil-201",
        "scope_type": "civil_segment"
      },
      "type": "Feature"
    },
    {
      "geometry": {
        "coordinates": [
          33.1698561,
          0.42749598
        ],
        "type": "Point"
      },
      "properties": {
        "chainage_m": 2285.75,
        "civil_class": "elevated",
        "investigation_flags": [
          "acidic-soil-durability-testing",
          "fine-soil-plasticity-and-shrink-swell-tests"
        ],
        "lat": 0.42749598,
        "line": "line-11",
        "lon": 33.1698561,
        "sample_id": "segment:line-11-civil-201:0001",
        "scope_id": "line-11-civil-201",
        "scope_type": "civil_segment"
      },
      "type": "Feature"
    },
    {
      "geometry": {
        "coordinates": [
          33.16976623,
          0.427586
        ],
        "type": "Point"
      },
      "properties": {
        "chainage_m": 2299.9,
        "civil_class": "elevated",
        "investigation_flags": [
          "acidic-soil-durability-testing",
          "fine-soil-plasticity-and-shrink-swell-tests"
        ],
        "lat": 0.427586,
        "line": "line-11",
        "lon": 33.16976623,
        "sample_id": "segment:line-11-civil-201:0002",
        "scope_id": "line-11-civil-201",
        "scope_type": "civil_segment"
      },
      "type": "Feature"
    },
    {
      "geometry": {
        "coordinates": [
          33.16976623,
          0.427586
        ],
        "type": "Point"
      },
      "properties": {
        "chainage_m": 2299.9,
        "civil_class": "elevated",
        "investigation_flags": [
          "acidic-soil-durability-testing",
          "fine-soil-plasticity-and-shrink-swell-tests"
        ],
        "lat": 0.427586,
        "line": "line-11",
        "lon": 33.16976623,
        "sample_id": "segment:line-11-civil-202:0000",
        "scope_id": "line-11-civil-202",
        "scope_type": "civil_segment"
      },
      "type": "Feature"
    },
    {
      "geometry": {
        "coordinates": [
          33.16940686,
          0.42758653
        ],
        "type": "Point"
      },
      "properties": {
        "chainage_m": 2339.9,
        "civil_class": "elevated",
        "investigation_flags": [
          "acidic-soil-durability-testing",
          "fine-soil-plasticity-and-shrink-swell-tests"
        ],
        "lat": 0.42758653,
        "line": "line-11",
        "lon": 33.16940686,
        "sample_id": "segment:line-11-civil-202:0001",
        "scope_id": "line-11-civil-202",
        "scope_type": "civil_segment"
      },
      "type": "Feature"
    },
    {
      "geometry": {
        "coordinates": [
          33.16904728,
          0.42758653
        ],
        "type": "Point"
      },
      "properties": {
        "chainage_m": 2379.9,
        "civil_class": "elevated",
        "investigation_flags": [
          "acidic-soil-durability-testing",
          "fine-soil-plasticity-and-shrink-swell-tests"
        ],
        "lat": 0.42758653,
        "line": "line-11",
        "lon": 33.16904728,
        "sample_id": "segment:line-11-civil-202:0002",
        "scope_id": "line-11-civil-202",
        "scope_type": "civil_segment"
      },
      "type": "Feature"
    },
    {
      "geometry": {
        "coordinates": [
          33.16904728,
          0.42758653
        ],
        "type": "Point"
      },
      "properties": {
        "chainage_m": 2379.9,
        "civil_class": "elevated",
        "investigation_flags": [
          "acidic-soil-durability-testing",
          "fine-soil-plasticity-and-shrink-swell-tests"
        ],
        "lat": 0.42758653,
        "line": "line-11",
        "lon": 33.16904728,
        "sample_id": "segment:line-11-civil-203:0000",
        "scope_id": "line-11-civil-203",
        "scope_type": "civil_segment"
      },
      "type": "Feature"
    },
    {
      "geometry": {
        "coordinates": [
          33.16886749,
          0.42758653
        ],
        "type": "Point"
      },
      "properties": {
        "chainage_m": 2399.9,
        "civil_class": "elevated",
        "investigation_flags": [
          "acidic-soil-durability-testing",
          "fine-soil-plasticity-and-shrink-swell-tests"
        ],
        "lat": 0.42758653,
        "line": "line-11",
        "lon": 33.16886749,
        "sample_id": "segment:line-11-civil-203:0001",
        "scope_id": "line-11-civil-203",
        "scope_type": "civil_segment"
      },
      "type": "Feature"
    },
    {
      "geometry": {
        "coordinates": [
          33.1686877,
          0.42758653
        ],
        "type": "Point"
      },
      "properties": {
        "chainage_m": 2419.9,
        "civil_class": "elevated",
        "investigation_flags": [
          "acidic-soil-durability-testing",
          "fine-soil-plasticity-and-shrink-swell-tests"
        ],
        "lat": 0.42758653,
        "line": "line-11",
        "lon": 33.1686877,
        "sample_id": "segment:line-11-civil-203:0002",
        "scope_id": "line-11-civil-203",
        "scope_type": "civil_segment"
      },
      "type": "Feature"
    },
    {
      "geometry": {
        "coordinates": [
          33.21791665,
          0.43946429
        ],
        "type": "Point"
      },
      "properties": {
        "chainage_m": 0.0,
        "civil_class": "elevated",
        "investigation_flags": [
          "acidic-soil-durability-testing",
          "fine-soil-plasticity-and-shrink-swell-tests"
        ],
        "lat": 0.43946429,
        "line": "line-12",
        "lon": 33.21791665,
        "sample_id": "segment:line-12-civil-204:0000",
        "scope_id": "line-12-civil-204",
        "scope_type": "civil_segment"
      },
      "type": "Feature"
    },
    {
      "geometry": {
        "coordinates": [
          33.21800658,
          0.43946429
        ],
        "type": "Point"
      },
      "properties": {
        "chainage_m": 10.0,
        "civil_class": "elevated",
        "investigation_flags": [
          "acidic-soil-durability-testing",
          "fine-soil-plasticity-and-shrink-swell-tests"
        ],
        "lat": 0.43946429,
        "line": "line-12",
        "lon": 33.21800658,
        "sample_id": "segment:line-12-civil-204:0001",
        "scope_id": "line-12-civil-204",
        "scope_type": "civil_segment"
      },
      "type": "Feature"
    },
    {
      "geometry": {
        "coordinates": [
          33.2180965,
          0.43946429
        ],
        "type": "Point"
      },
      "properties": {
        "chainage_m": 20.0,
        "civil_class": "elevated",
        "investigation_flags": [
          "acidic-soil-durability-testing",
          "fine-soil-plasticity-and-shrink-swell-tests"
        ],
        "lat": 0.43946429,
        "line": "line-12",
        "lon": 33.2180965,
        "sample_id": "segment:line-12-civil-204:0002",
        "scope_id": "line-12-civil-204",
        "scope_type": "civil_segment"
      },
      "type": "Feature"
    },
    {
      "geometry": {
        "coordinates": [
          33.2180965,
          0.43946429
        ],
        "type": "Point"
      },
      "properties": {
        "chainage_m": 20.0,
        "civil_class": "elevated",
        "investigation_flags": [
          "acidic-soil-durability-testing",
          "fine-soil-plasticity-and-shrink-swell-tests"
        ],
        "lat": 0.43946429,
        "line": "line-12",
        "lon": 33.2180965,
        "sample_id": "segment:line-12-civil-205:0000",
        "scope_id": "line-12-civil-205",
        "scope_type": "civil_segment"
      },
      "type": "Feature"
    },
    {
      "geometry": {
        "coordinates": [
          33.21840316,
          0.43946429
        ],
        "type": "Point"
      },
      "properties": {
        "chainage_m": 54.15,
        "civil_class": "elevated",
        "investigation_flags": [
          "acidic-soil-durability-testing",
          "fine-soil-plasticity-and-shrink-swell-tests"
        ],
        "lat": 0.43946429,
        "line": "line-12",
        "lon": 33.21840316,
        "sample_id": "segment:line-12-civil-205:0001",
        "scope_id": "line-12-civil-205",
        "scope_type": "civil_segment"
      },
      "type": "Feature"
    },
    {
      "geometry": {
        "coordinates": [
          33.21863582,
          0.43928383
        ],
        "type": "Point"
      },
      "properties": {
        "chainage_m": 88.3,
        "civil_class": "elevated",
        "investigation_flags": [
          "acidic-soil-durability-testing",
          "fine-soil-plasticity-and-shrink-swell-tests"
        ],
        "lat": 0.43928383,
        "line": "line-12",
        "lon": 33.21863582,
        "sample_id": "segment:line-12-civil-205:0002",
        "scope_id": "line-12-civil-205",
        "scope_type": "civil_segment"
      },
      "type": "Feature"
    },
    {
      "geometry": {
        "coordinates": [
          33.21863582,
          0.43928383
        ],
        "type": "Point"
      },
      "properties": {
        "chainage_m": 88.3,
        "civil_class": "elevated",
        "investigation_flags": [
          "acidic-soil-durability-testing",
          "fine-soil-plasticity-and-shrink-swell-tests"
        ],
        "lat": 0.43928383,
        "line": "line-12",
        "lon": 33.21863582,
        "sample_id": "segment:line-12-civil-206:0000",
        "scope_id": "line-12-civil-206",
        "scope_type": "civil_segment"
      },
      "type": "Feature"
    },
    {
      "geometry": {
        "coordinates": [
          33.21881562,
          0.43910374
        ],
        "type": "Point"
      },
      "properties": {
        "chainage_m": 116.6,
        "civil_class": "elevated",
        "investigation_flags": [
          "acidic-soil-durability-testing",
          "fine-soil-plasticity-and-shrink-swell-tests"
        ],
        "lat": 0.43910374,
        "line": "line-12",
        "lon": 33.21881562,
        "sample_id": "segment:line-12-civil-206:0001",
        "scope_id": "line-12-civil-206",
        "scope_type": "civil_segment"
      },
      "type": "Feature"
    },
    {
      "geometry": {
        "coordinates": [
          33.21899572,
          0.4389244
        ],
        "type": "Point"
      },
      "properties": {
        "chainage_m": 144.9,
        "civil_class": "elevated",
        "investigation_flags": [
          "acidic-soil-durability-testing",
          "fine-soil-plasticity-and-shrink-swell-tests"
        ],
        "lat": 0.4389244,
        "line": "line-12",
        "lon": 33.21899572,
        "sample_id": "segment:line-12-civil-206:0002",
        "scope_id": "line-12-civil-206",
        "scope_type": "civil_segment"
      },
      "type": "Feature"
    },
    {
      "geometry": {
        "coordinates": [
          33.21899572,
          0.4389244
        ],
        "type": "Point"
      },
      "properties": {
        "chainage_m": 144.9,
        "civil_class": "elevated",
        "investigation_flags": [
          "acidic-soil-durability-testing",
          "fine-soil-plasticity-and-shrink-swell-tests"
        ],
        "lat": 0.4389244,
        "line": "line-12",
        "lon": 33.21899572,
        "sample_id": "segment:line-12-civil-207:0000",
        "scope_id": "line-12-civil-207",
        "scope_type": "civil_segment"
      },
      "type": "Feature"
    },
    {
      "geometry": {
        "coordinates": [
          33.2193554,
          0.4389244
        ],
        "type": "Point"
      },
      "properties": {
        "chainage_m": 184.9,
        "civil_class": "elevated",
        "investigation_flags": [
          "acidic-soil-durability-testing",
          "fine-soil-plasticity-and-shrink-swell-tests"
        ],
        "lat": 0.4389244,
        "line": "line-12",
        "lon": 33.2193554,
        "sample_id": "segment:line-12-civil-207:0001",
        "scope_id": "line-12-civil-207",
        "scope_type": "civil_segment"
      },
      "type": "Feature"
    },
    {
      "geometry": {
        "coordinates": [
          33.21971509,
          0.4389244
        ],
        "type": "Point"
      },
      "properties": {
        "chainage_m": 224.9,
        "civil_class": "elevated",
        "investigation_flags": [
          "acidic-soil-durability-testing",
          "fine-soil-plasticity-and-shrink-swell-tests"
        ],
        "lat": 0.4389244,
        "line": "line-12",
        "lon": 33.21971509,
        "sample_id": "segment:line-12-civil-207:0002",
        "scope_id": "line-12-civil-207",
        "scope_type": "civil_segment"
      },
      "type": "Feature"
    },
    {
      "geometry": {
        "coordinates": [
          33.21971509,
          0.4389244
        ],
        "type": "Point"
      },
      "properties": {
        "chainage_m": 224.9,
        "civil_class": "elevated",
        "investigation_flags": [
          "acidic-soil-durability-testing",
          "fine-soil-plasticity-and-shrink-swell-tests"
        ],
        "lat": 0.4389244,
        "line": "line-12",
        "lon": 33.21971509,
        "sample_id": "segment:line-12-civil-208:0000",
        "scope_id": "line-12-civil-208",
        "scope_type": "civil_segment"
      },
      "type": "Feature"
    },
    {
      "geometry": {
        "coordinates": [
          33.21980501,
          0.4389244
        ],
        "type": "Point"
      },
      "properties": {
        "chainage_m": 234.9,
        "civil_class": "elevated",
        "investigation_flags": [
          "acidic-soil-durability-testing",
          "fine-soil-plasticity-and-shrink-swell-tests"
        ],
        "lat": 0.4389244,
        "line": "line-12",
        "lon": 33.21980501,
        "sample_id": "segment:line-12-civil-208:0001",
        "scope_id": "line-12-civil-208",
        "scope_type": "civil_segment"
      },
      "type": "Feature"
    },
    {
      "geometry": {
        "coordinates": [
          33.21989494,
          0.4389244
        ],
        "type": "Point"
      },
      "properties": {
        "chainage_m": 244.9,
        "civil_class": "elevated",
        "investigation_flags": [
          "acidic-soil-durability-testing",
          "fine-soil-plasticity-and-shrink-swell-tests"
        ],
        "lat": 0.4389244,
        "line": "line-12",
        "lon": 33.21989494,
        "sample_id": "segment:line-12-civil-208:0002",
        "scope_id": "line-12-civil-208",
        "scope_type": "civil_segment"
      },
      "type": "Feature"
    },
    {
      "geometry": {
        "coordinates": [
          33.21989494,
          0.4389244
        ],
        "type": "Point"
      },
      "properties": {
        "chainage_m": 244.9,
        "civil_class": "elevated",
        "investigation_flags": [
          "acidic-soil-durability-testing",
          "fine-soil-plasticity-and-shrink-swell-tests"
        ],
        "lat": 0.4389244,
        "line": "line-12",
        "lon": 33.21989494,
        "sample_id": "segment:line-12-civil-209:0000",
        "scope_id": "line-12-civil-209",
        "scope_type": "civil_segment"
      },
      "type": "Feature"
    },
    {
      "geometry": {
        "coordinates": [
          33.22041788,
          0.4389244
        ],
        "type": "Point"
      },
      "properties": {
        "chainage_m": 303.15,
        "civil_class": "elevated",
        "investigation_flags": [
          "acidic-soil-durability-testing",
          "fine-soil-plasticity-and-shrink-swell-tests"
        ],
        "lat": 0.4389244,
        "line": "line-12",
        "lon": 33.22041788,
        "sample_id": "segment:line-12-civil-209:0001",
        "scope_id": "line-12-civil-209",
        "scope_type": "civil_segment"
      },
      "type": "Feature"
    },
    {
      "geometry": {
        "coordinates": [
          33.22079269,
          0.43856311
        ],
        "type": "Point"
      },
      "properties": {
        "chainage_m": 361.4,
        "civil_class": "elevated",
        "investigation_flags": [
          "acidic-soil-durability-testing",
          "fine-soil-plasticity-and-shrink-swell-tests"
        ],
        "lat": 0.43856311,
        "line": "line-12",
        "lon": 33.22079269,
        "sample_id": "segment:line-12-civil-209:0002",
        "scope_id": "line-12-civil-209",
        "scope_type": "civil_segment"
      },
      "type": "Feature"
    },
    {
      "geometry": {
        "coordinates": [
          33.22079269,
          0.43856311
        ],
        "type": "Point"
      },
      "properties": {
        "chainage_m": 361.4,
        "civil_class": "elevated",
        "investigation_flags": [
          "acidic-soil-durability-testing",
          "fine-soil-plasticity-and-shrink-swell-tests"
        ],
        "lat": 0.43856311,
        "line": "line-12",
        "lon": 33.22079269,
        "sample_id": "segment:line-12-civil-210:0000",
        "scope_id": "line-12-civil-210",
        "scope_type": "civil_segment"
      },
      "type": "Feature"
    },
    {
      "geometry": {
        "coordinates": [
          33.22384756,
          0.43550316
        ],
        "type": "Point"
      },
      "properties": {
        "chainage_m": 842.25,
        "civil_class": "elevated",
        "investigation_flags": [
          "acidic-soil-durability-testing",
          "fine-soil-plasticity-and-shrink-swell-tests"
        ],
        "lat": 0.43550316,
        "line": "line-12",
        "lon": 33.22384756,
        "sample_id": "segment:line-12-civil-210:0001",
        "scope_id": "line-12-civil-210",
        "scope_type": "civil_segment"
      },
      "type": "Feature"
    },
    {
      "geometry": {
        "coordinates": [
          33.22690244,
          0.43244321
        ],
        "type": "Point"
      },
      "properties": {
        "chainage_m": 1323.1,
        "civil_class": "elevated",
        "investigation_flags": [
          "acidic-soil-durability-testing",
          "fine-soil-plasticity-and-shrink-swell-tests"
        ],
        "lat": 0.43244321,
        "line": "line-12",
        "lon": 33.22690244,
        "sample_id": "segment:line-12-civil-210:0002",
        "scope_id": "line-12-civil-210",
        "scope_type": "civil_segment"
      },
      "type": "Feature"
    },
    {
      "geometry": {
        "coordinates": [
          33.22690244,
          0.43244321
        ],
        "type": "Point"
      },
      "properties": {
        "chainage_m": 1323.1,
        "civil_class": "elevated",
        "investigation_flags": [
          "acidic-soil-durability-testing",
          "fine-soil-plasticity-and-shrink-swell-tests"
        ],
        "lat": 0.43244321,
        "line": "line-12",
        "lon": 33.22690244,
        "sample_id": "segment:line-12-civil-211:0000",
        "scope_id": "line-12-civil-211",
        "scope_type": "civil_segment"
      },
      "type": "Feature"
    },
    {
      "geometry": {
        "coordinates": [
          33.22707971,
          0.43172256
        ],
        "type": "Point"
      },
      "properties": {
        "chainage_m": 1411.4,
        "civil_class": "elevated",
        "investigation_flags": [
          "acidic-soil-durability-testing",
          "fine-soil-plasticity-and-shrink-swell-tests"
        ],
        "lat": 0.43172256,
        "line": "line-12",
        "lon": 33.22707971,
        "sample_id": "segment:line-12-civil-211:0001",
        "scope_id": "line-12-civil-211",
        "scope_type": "civil_segment"
      },
      "type": "Feature"
    },
    {
      "geometry": {
        "coordinates": [
          33.22689794,
          0.43100378
        ],
        "type": "Point"
      },
      "properties": {
        "chainage_m": 1499.7,
        "civil_class": "elevated",
        "investigation_flags": [
          "acidic-soil-durability-testing",
          "fine-soil-plasticity-and-shrink-swell-tests"
        ],
        "lat": 0.43100378,
        "line": "line-12",
        "lon": 33.22689794,
        "sample_id": "segment:line-12-civil-211:0002",
        "scope_id": "line-12-civil-211",
        "scope_type": "civil_segment"
      },
      "type": "Feature"
    },
    {
      "geometry": {
        "coordinates": [
          33.22689794,
          0.43100378
        ],
        "type": "Point"
      },
      "properties": {
        "chainage_m": 1499.7,
        "civil_class": "elevated",
        "investigation_flags": [
          "acidic-soil-durability-testing",
          "fine-soil-plasticity-and-shrink-swell-tests"
        ],
        "lat": 0.43100378,
        "line": "line-12",
        "lon": 33.22689794,
        "sample_id": "segment:line-12-civil-212:0000",
        "scope_id": "line-12-civil-212",
        "scope_type": "civil_segment"
      },
      "type": "Feature"
    },
    {
      "geometry": {
        "coordinates": [
          33.22680836,
          0.43091405
        ],
        "type": "Point"
      },
      "properties": {
        "chainage_m": 1513.8,
        "civil_class": "elevated",
        "investigation_flags": [
          "acidic-soil-durability-testing",
          "fine-soil-plasticity-and-shrink-swell-tests"
        ],
        "lat": 0.43091405,
        "line": "line-12",
        "lon": 33.22680836,
        "sample_id": "segment:line-12-civil-212:0001",
        "scope_id": "line-12-civil-212",
        "scope_type": "civil_segment"
      },
      "type": "Feature"
    },
    {
      "geometry": {
        "coordinates": [
          33.22672037,
          0.43082367
        ],
        "type": "Point"
      },
      "properties": {
        "chainage_m": 1527.9,
        "civil_class": "elevated",
        "investigation_flags": [
          "acidic-soil-durability-testing",
          "fine-soil-plasticity-and-shrink-swell-tests"
        ],
        "lat": 0.43082367,
        "line": "line-12",
        "lon": 33.22672037,
        "sample_id": "segment:line-12-civil-212:0002",
        "scope_id": "line-12-civil-212",
        "scope_type": "civil_segment"
      },
      "type": "Feature"
    },
    {
      "geometry": {
        "coordinates": [
          33.22672037,
          0.43082367
        ],
        "type": "Point"
      },
      "properties": {
        "chainage_m": 1527.9,
        "civil_class": "elevated",
        "investigation_flags": [
          "acidic-soil-durability-testing",
          "fine-soil-plasticity-and-shrink-swell-tests"
        ],
        "lat": 0.43082367,
        "line": "line-12",
        "lon": 33.22672037,
        "sample_id": "segment:line-12-civil-213:0000",
        "scope_id": "line-12-civil-213",
        "scope_type": "civil_segment"
      },
      "type": "Feature"
    },
    {
      "geometry": {
        "coordinates": [
          33.22672037,
          0.43055391
        ],
        "type": "Point"
      },
      "properties": {
        "chainage_m": 1557.9,
        "civil_class": "elevated",
        "investigation_flags": [
          "acidic-soil-durability-testing",
          "fine-soil-plasticity-and-shrink-swell-tests"
        ],
        "lat": 0.43055391,
        "line": "line-12",
        "lon": 33.22672037,
        "sample_id": "segment:line-12-civil-213:0001",
        "scope_id": "line-12-civil-213",
        "scope_type": "civil_segment"
      },
      "type": "Feature"
    },
    {
      "geometry": {
        "coordinates": [
          33.22672037,
          0.43028415
        ],
        "type": "Point"
      },
      "properties": {
        "chainage_m": 1587.9,
        "civil_class": "elevated",
        "investigation_flags": [
          "acidic-soil-durability-testing",
          "fine-soil-plasticity-and-shrink-swell-tests"
        ],
        "lat": 0.43028415,
        "line": "line-12",
        "lon": 33.22672037,
        "sample_id": "segment:line-12-civil-213:0002",
        "scope_id": "line-12-civil-213",
        "scope_type": "civil_segment"
      },
      "type": "Feature"
    },
    {
      "geometry": {
        "coordinates": [
          33.22672037,
          0.43028415
        ],
        "type": "Point"
      },
      "properties": {
        "chainage_m": 1587.9,
        "civil_class": "elevated",
        "investigation_flags": [
          "acidic-soil-durability-testing",
          "fine-soil-plasticity-and-shrink-swell-tests"
        ],
        "lat": 0.43028415,
        "line": "line-12",
        "lon": 33.22672037,
        "sample_id": "segment:line-12-civil-214:0000",
        "scope_id": "line-12-civil-214",
        "scope_type": "civil_segment"
      },
      "type": "Feature"
    },
    {
      "geometry": {
        "coordinates": [
          33.22654071,
          0.42933248
        ],
        "type": "Point"
      },
      "properties": {
        "chainage_m": 1702.05,
        "civil_class": "elevated",
        "investigation_flags": [
          "acidic-soil-durability-testing",
          "fine-soil-plasticity-and-shrink-swell-tests"
        ],
        "lat": 0.42933248,
        "line": "line-12",
        "lon": 33.22654071,
        "sample_id": "segment:line-12-civil-214:0001",
        "scope_id": "line-12-civil-214",
        "scope_type": "civil_segment"
      },
      "type": "Feature"
    },
    {
      "geometry": {
        "coordinates": [
          33.22654071,
          0.42830562
        ],
        "type": "Point"
      },
      "properties": {
        "chainage_m": 1816.2,
        "civil_class": "elevated",
        "investigation_flags": [
          "acidic-soil-durability-testing",
          "fine-soil-plasticity-and-shrink-swell-tests"
        ],
        "lat": 0.42830562,
        "line": "line-12",
        "lon": 33.22654071,
        "sample_id": "segment:line-12-civil-214:0002",
        "scope_id": "line-12-civil-214",
        "scope_type": "civil_segment"
      },
      "type": "Feature"
    },
    {
      "geometry": {
        "coordinates": [
          33.22654071,
          0.42830562
        ],
        "type": "Point"
      },
      "properties": {
        "chainage_m": 1816.2,
        "civil_class": "elevated",
        "investigation_flags": [
          "acidic-soil-durability-testing",
          "fine-soil-plasticity-and-shrink-swell-tests"
        ],
        "lat": 0.42830562,
        "line": "line-12",
        "lon": 33.22654071,
        "sample_id": "segment:line-12-civil-215:0000",
        "scope_id": "line-12-civil-215",
        "scope_type": "civil_segment"
      },
      "type": "Feature"
    },
    {
      "geometry": {
        "coordinates": [
          33.22654071,
          0.42778054
        ],
        "type": "Point"
      },
      "properties": {
        "chainage_m": 1874.5,
        "civil_class": "elevated",
        "investigation_flags": [
          "acidic-soil-durability-testing",
          "fine-soil-plasticity-and-shrink-swell-tests"
        ],
        "lat": 0.42778054,
        "line": "line-12",
        "lon": 33.22654071,
        "sample_id": "segment:line-12-civil-215:0001",
        "scope_id": "line-12-civil-215",
        "scope_type": "civil_segment"
      },
      "type": "Feature"
    },
    {
      "geometry": {
        "coordinates": [
          33.22618085,
          0.42740604
        ],
        "type": "Point"
      },
      "properties": {
        "chainage_m": 1932.8,
        "civil_class": "elevated",
        "investigation_flags": [
          "acidic-soil-durability-testing",
          "fine-soil-plasticity-and-shrink-swell-tests"
        ],
        "lat": 0.42740604,
        "line": "line-12",
        "lon": 33.22618085,
        "sample_id": "segment:line-12-civil-215:0002",
        "scope_id": "line-12-civil-215",
        "scope_type": "civil_segment"
      },
      "type": "Feature"
    },
    {
      "geometry": {
        "coordinates": [
          33.22618085,
          0.42740604
        ],
        "type": "Point"
      },
      "properties": {
        "chainage_m": 1932.8,
        "civil_class": "elevated",
        "investigation_flags": [
          "acidic-soil-durability-testing",
          "fine-soil-plasticity-and-shrink-swell-tests"
        ],
        "lat": 0.42740604,
        "line": "line-12",
        "lon": 33.22618085,
        "sample_id": "segment:line-12-civil-216:0000",
        "scope_id": "line-12-civil-216",
        "scope_type": "civil_segment"
      },
      "type": "Feature"
    },
    {
      "geometry": {
        "coordinates": [
          33.22220702,
          0.42342561
        ],
        "type": "Point"
      },
      "properties": {
        "chainage_m": 2558.5,
        "civil_class": "elevated",
        "investigation_flags": [
          "acidic-soil-durability-testing",
          "fine-soil-plasticity-and-shrink-swell-tests"
        ],
        "lat": 0.42342561,
        "line": "line-12",
        "lon": 33.22220702,
        "sample_id": "segment:line-12-civil-216:0001",
        "scope_id": "line-12-civil-216",
        "scope_type": "civil_segment"
      },
      "type": "Feature"
    },
    {
      "geometry": {
        "coordinates": [
          33.21981267,
          0.42102729
        ],
        "type": "Point"
      },
      "properties": {
        "chainage_m": 2935.502,
        "civil_class": "elevated",
        "investigation_flags": [
          "acidic-soil-durability-testing",
          "fine-soil-plasticity-and-shrink-swell-tests"
        ],
        "lat": 0.42102729,
        "line": "line-12",
        "lon": 33.21981267,
        "sample_id": "segment:line-12-civil-216:0002",
        "scope_id": "line-12-civil-216",
        "scope_type": "civil_segment"
      },
      "type": "Feature"
    },
    {
      "geometry": {
        "coordinates": [
          33.21899466,
          0.41912652
        ],
        "type": "Point"
      },
      "properties": {
        "chainage_m": 3184.2,
        "civil_class": "elevated",
        "investigation_flags": [
          "acidic-soil-durability-testing",
          "fine-soil-plasticity-and-shrink-swell-tests"
        ],
        "lat": 0.41912652,
        "line": "line-12",
        "lon": 33.21899466,
        "sample_id": "segment:line-12-civil-216:0003",
        "scope_id": "line-12-civil-216",
        "scope_type": "civil_segment"
      },
      "type": "Feature"
    },
    {
      "geometry": {
        "coordinates": [
          33.21899466,
          0.41912652
        ],
        "type": "Point"
      },
      "properties": {
        "chainage_m": 3184.2,
        "civil_class": "elevated",
        "investigation_flags": [
          "acidic-soil-durability-testing",
          "fine-soil-plasticity-and-shrink-swell-tests"
        ],
        "lat": 0.41912652,
        "line": "line-12",
        "lon": 33.21899466,
        "sample_id": "segment:line-12-civil-217:0000",
        "scope_id": "line-12-civil-217",
        "scope_type": "civil_segment"
      },
      "type": "Feature"
    },
    {
      "geometry": {
        "coordinates": [
          33.21899466,
          0.41894668
        ],
        "type": "Point"
      },
      "properties": {
        "chainage_m": 3204.2,
        "civil_class": "elevated",
        "investigation_flags": [
          "acidic-soil-durability-testing",
          "fine-soil-plasticity-and-shrink-swell-tests"
        ],
        "lat": 0.41894668,
        "line": "line-12",
        "lon": 33.21899466,
        "sample_id": "segment:line-12-civil-217:0001",
        "scope_id": "line-12-civil-217",
        "scope_type": "civil_segment"
      },
      "type": "Feature"
    },
    {
      "geometry": {
        "coordinates": [
          33.21899466,
          0.41876684
        ],
        "type": "Point"
      },
      "properties": {
        "chainage_m": 3224.2,
        "civil_class": "elevated",
        "investigation_flags": [
          "acidic-soil-durability-testing",
          "fine-soil-plasticity-and-shrink-swell-tests"
        ],
        "lat": 0.41876684,
        "line": "line-12",
        "lon": 33.21899466,
        "sample_id": "segment:line-12-civil-217:0002",
        "scope_id": "line-12-civil-217",
        "scope_type": "civil_segment"
      },
      "type": "Feature"
    },
    {
      "geometry": {
        "coordinates": [
          33.21899466,
          0.41876684
        ],
        "type": "Point"
      },
      "properties": {
        "chainage_m": 3224.2,
        "civil_class": "elevated",
        "investigation_flags": [
          "acidic-soil-durability-testing",
          "fine-soil-plasticity-and-shrink-swell-tests"
        ],
        "lat": 0.41876684,
        "line": "line-12",
        "lon": 33.21899466,
        "sample_id": "segment:line-12-civil-218:0000",
        "scope_id": "line-12-civil-218",
        "scope_type": "civil_segment"
      },
      "type": "Feature"
    },
    {
      "geometry": {
        "coordinates": [
          33.21899466,
          0.41822732
        ],
        "type": "Point"
      },
      "properties": {
        "chainage_m": 3284.2,
        "civil_class": "elevated",
        "investigation_flags": [
          "acidic-soil-durability-testing",
          "fine-soil-plasticity-and-shrink-swell-tests"
        ],
        "lat": 0.41822732,
        "line": "line-12",
        "lon": 33.21899466,
        "sample_id": "segment:line-12-civil-218:0001",
        "scope_id": "line-12-civil-218",
        "scope_type": "civil_segment"
      },
      "type": "Feature"
    },
    {
      "geometry": {
        "coordinates": [
          33.21899466,
          0.41768781
        ],
        "type": "Point"
      },
      "properties": {
        "chainage_m": 3344.2,
        "civil_class": "elevated",
        "investigation_flags": [
          "acidic-soil-durability-testing",
          "fine-soil-plasticity-and-shrink-swell-tests"
        ],
        "lat": 0.41768781,
        "line": "line-12",
        "lon": 33.21899466,
        "sample_id": "segment:line-12-civil-218:0002",
        "scope_id": "line-12-civil-218",
        "scope_type": "civil_segment"
      },
      "type": "Feature"
    },
    {
      "geometry": {
        "coordinates": [
          33.21899466,
          0.41768781
        ],
        "type": "Point"
      },
      "properties": {
        "chainage_m": 3344.2,
        "civil_class": "elevated",
        "investigation_flags": [
          "acidic-soil-durability-testing",
          "fine-soil-plasticity-and-shrink-swell-tests"
        ],
        "lat": 0.41768781,
        "line": "line-12",
        "lon": 33.21899466,
        "sample_id": "segment:line-12-civil-219:0000",
        "scope_id": "line-12-civil-219",
        "scope_type": "civil_segment"
      },
      "type": "Feature"
    },
    {
      "geometry": {
        "coordinates": [
          33.21916411,
          0.41697876
        ],
        "type": "Point"
      },
      "properties": {
        "chainage_m": 3430.75,
        "civil_class": "elevated",
        "investigation_flags": [
          "acidic-soil-durability-testing",
          "fine-soil-plasticity-and-shrink-swell-tests"
        ],
        "lat": 0.41697876,
        "line": "line-12",
        "lon": 33.21916411,
        "sample_id": "segment:line-12-civil-219:0001",
        "scope_id": "line-12-civil-219",
        "scope_type": "civil_segment"
      },
      "type": "Feature"
    },
    {
      "geometry": {
        "coordinates": [
          33.21971333,
          0.41642863
        ],
        "type": "Point"
      },
      "properties": {
        "chainage_m": 3517.3,
        "civil_class": "elevated",
        "investigation_flags": [
          "acidic-soil-durability-testing",
          "fine-soil-plasticity-and-shrink-swell-tests"
        ],
        "lat": 0.41642863,
        "line": "line-12",
        "lon": 33.21971333,
        "sample_id": "segment:line-12-civil-219:0002",
        "scope_id": "line-12-civil-219",
        "scope_type": "civil_segment"
      },
      "type": "Feature"
    },
    {
      "geometry": {
        "coordinates": [
          33.17892876,
          0.45782084
        ],
        "type": "Point"
      },
      "properties": {
        "chainage_m": 0.0,
        "civil_class": "elevated",
        "investigation_flags": [
          "acidic-soil-durability-testing",
          "fine-soil-plasticity-and-shrink-swell-tests"
        ],
        "lat": 0.45782084,
        "line": "line-13",
        "lon": 33.17892876,
        "sample_id": "segment:line-13-civil-220:0000",
        "scope_id": "line-13-civil-220",
        "scope_type": "civil_segment"
      },
      "type": "Feature"
    },
    {
      "geometry": {
        "coordinates": [
          33.17892876,
          0.45773092
        ],
        "type": "Point"
      },
      "properties": {
        "chainage_m": 10.0,
        "civil_class": "elevated",
        "investigation_flags": [
          "acidic-soil-durability-testing",
          "fine-soil-plasticity-and-shrink-swell-tests"
        ],
        "lat": 0.45773092,
        "line": "line-13",
        "lon": 33.17892876,
        "sample_id": "segment:line-13-civil-220:0001",
        "scope_id": "line-13-civil-220",
        "scope_type": "civil_segment"
      },
      "type": "Feature"
    },
    {
      "geometry": {
        "coordinates": [
          33.17892876,
          0.457641
        ],
        "type": "Point"
      },
      "properties": {
        "chainage_m": 20.0,
        "civil_class": "elevated",
        "investigation_flags": [
          "acidic-soil-durability-testing",
          "fine-soil-plasticity-and-shrink-swell-tests"
        ],
        "lat": 0.457641,
        "line": "line-13",
        "lon": 33.17892876,
        "sample_id": "segment:line-13-civil-220:0002",
        "scope_id": "line-13-civil-220",
        "scope_type": "civil_segment"
      },
      "type": "Feature"
    },
    {
      "geometry": {
        "coordinates": [
          33.17892876,
          0.457641
        ],
        "type": "Point"
      },
      "properties": {
        "chainage_m": 20.0,
        "civil_class": "elevated",
        "investigation_flags": [
          "acidic-soil-durability-testing",
          "fine-soil-plasticity-and-shrink-swell-tests"
        ],
        "lat": 0.457641,
        "line": "line-13",
        "lon": 33.17892876,
        "sample_id": "segment:line-13-civil-221:0000",
        "scope_id": "line-13-civil-221",
        "scope_type": "civil_segment"
      },
      "type": "Feature"
    },
    {
      "geometry": {
        "coordinates": [
          33.17901855,
          0.45764088
        ],
        "type": "Point"
      },
      "properties": {
        "chainage_m": 30.0,
        "civil_class": "elevated",
        "investigation_flags": [
          "acidic-soil-durability-testing",
          "fine-soil-plasticity-and-shrink-swell-tests"
        ],
        "lat": 0.45764088,
        "line": "line-13",
        "lon": 33.17901855,
        "sample_id": "segment:line-13-civil-221:0001",
        "scope_id": "line-13-civil-221",
        "scope_type": "civil_segment"
      },
      "type": "Feature"
    },
    {
      "geometry": {
        "coordinates": [
          33.17910848,
          0.45764088
        ],
        "type": "Point"
      },
      "properties": {
        "chainage_m": 40.0,
        "civil_class": "elevated",
        "investigation_flags": [
          "acidic-soil-durability-testing",
          "fine-soil-plasticity-and-shrink-swell-tests"
        ],
        "lat": 0.45764088,
        "line": "line-13",
        "lon": 33.17910848,
        "sample_id": "segment:line-13-civil-221:0002",
        "scope_id": "line-13-civil-221",
        "scope_type": "civil_segment"
      },
      "type": "Feature"
    },
    {
      "geometry": {
        "coordinates": [
          33.17910848,
          0.45764088
        ],
        "type": "Point"
      },
      "properties": {
        "chainage_m": 40.0,
        "civil_class": "elevated",
        "investigation_flags": [
          "acidic-soil-durability-testing",
          "fine-soil-plasticity-and-shrink-swell-tests"
        ],
        "lat": 0.45764088,
        "line": "line-13",
        "lon": 33.17910848,
        "sample_id": "segment:line-13-civil-222:0000",
        "scope_id": "line-13-civil-222",
        "scope_type": "civil_segment"
      },
      "type": "Feature"
    },
    {
      "geometry": {
        "coordinates": [
          33.1791984,
          0.45764088
        ],
        "type": "Point"
      },
      "properties": {
        "chainage_m": 50.0,
        "civil_class": "elevated",
        "investigation_flags": [
          "acidic-soil-durability-testing",
          "fine-soil-plasticity-and-shrink-swell-tests"
        ],
        "lat": 0.45764088,
        "line": "line-13",
        "lon": 33.1791984,
        "sample_id": "segment:line-13-civil-222:0001",
        "scope_id": "line-13-civil-222",
        "scope_type": "civil_segment"
      },
      "type": "Feature"
    },
    {
      "geometry": {
        "coordinates": [
          33.17928832,
          0.45764088
        ],
        "type": "Point"
      },
      "properties": {
        "chainage_m": 60.0,
        "civil_class": "elevated",
        "investigation_flags": [
          "acidic-soil-durability-testing",
          "fine-soil-plasticity-and-shrink-swell-tests"
        ],
        "lat": 0.45764088,
        "line": "line-13",
        "lon": 33.17928832,
        "sample_id": "segment:line-13-civil-222:0002",
        "scope_id": "line-13-civil-222",
        "scope_type": "civil_segment"
      },
      "type": "Feature"
    },
    {
      "geometry": {
        "coordinates": [
          33.17928832,
          0.45764088
        ],
        "type": "Point"
      },
      "properties": {
        "chainage_m": 60.0,
        "civil_class": "elevated",
        "investigation_flags": [
          "acidic-soil-durability-testing",
          "fine-soil-plasticity-and-shrink-swell-tests"
        ],
        "lat": 0.45764088,
        "line": "line-13",
        "lon": 33.17928832,
        "sample_id": "segment:line-13-civil-223:0000",
        "scope_id": "line-13-civil-223",
        "scope_type": "civil_segment"
      },
      "type": "Feature"
    },
    {
      "geometry": {
        "coordinates": [
          33.17964743,
          0.45755159
        ],
        "type": "Point"
      },
      "properties": {
        "chainage_m": 110.0,
        "civil_class": "elevated",
        "investigation_flags": [
          "acidic-soil-durability-testing",
          "fine-soil-plasticity-and-shrink-swell-tests"
        ],
        "lat": 0.45755159,
        "line": "line-13",
        "lon": 33.17964743,
        "sample_id": "segment:line-13-civil-223:0001",
        "scope_id": "line-13-civil-223",
        "scope_type": "civil_segment"
      },
      "type": "Feature"
    },
    {
      "geometry": {
        "coordinates": [
          33.17964763,
          0.45710098
        ],
        "type": "Point"
      },
      "properties": {
        "chainage_m": 160.0,
        "civil_class": "elevated",
        "investigation_flags": [
          "acidic-soil-durability-testing",
          "fine-soil-plasticity-and-shrink-swell-tests"
        ],
        "lat": 0.45710098,
        "line": "line-13",
        "lon": 33.17964763,
        "sample_id": "segment:line-13-civil-223:0002",
        "scope_id": "line-13-civil-223",
        "scope_type": "civil_segment"
      },
      "type": "Feature"
    },
    {
      "geometry": {
        "coordinates": [
          33.17964763,
          0.45710098
        ],
        "type": "Point"
      },
      "properties": {
        "chainage_m": 160.0,
        "civil_class": "elevated",
        "investigation_flags": [
          "acidic-soil-durability-testing",
          "fine-soil-plasticity-and-shrink-swell-tests"
        ],
        "lat": 0.45710098,
        "line": "line-13",
        "lon": 33.17964763,
        "sample_id": "segment:line-13-civil-224:0000",
        "scope_id": "line-13-civil-224",
        "scope_type": "civil_segment"
      },
      "type": "Feature"
    },
    {
      "geometry": {
        "coordinates": [
          33.17973755,
          0.45710098
        ],
        "type": "Point"
      },
      "properties": {
        "chainage_m": 170.0,
        "civil_class": "elevated",
        "investigation_flags": [
          "acidic-soil-durability-testing",
          "fine-soil-plasticity-and-shrink-swell-tests"
        ],
        "lat": 0.45710098,
        "line": "line-13",
        "lon": 33.17973755,
        "sample_id": "segment:line-13-civil-224:0001",
        "scope_id": "line-13-civil-224",
        "scope_type": "civil_segment"
      },
      "type": "Feature"
    },
    {
      "geometry": {
        "coordinates": [
          33.1798271,
          0.45710061
        ],
        "type": "Point"
      },
      "properties": {
        "chainage_m": 180.0,
        "civil_class": "elevated",
        "investigation_flags": [
          "acidic-soil-durability-testing",
          "fine-soil-plasticity-and-shrink-swell-tests"
        ],
        "lat": 0.45710061,
        "line": "line-13",
        "lon": 33.1798271,
        "sample_id": "segment:line-13-civil-224:0002",
        "scope_id": "line-13-civil-224",
        "scope_type": "civil_segment"
      },
      "type": "Feature"
    },
    {
      "geometry": {
        "coordinates": [
          33.1798271,
          0.45710061
        ],
        "type": "Point"
      },
      "properties": {
        "chainage_m": 180.0,
        "civil_class": "elevated",
        "investigation_flags": [
          "acidic-soil-durability-testing",
          "fine-soil-plasticity-and-shrink-swell-tests"
        ],
        "lat": 0.45710061,
        "line": "line-13",
        "lon": 33.1798271,
        "sample_id": "segment:line-13-civil-225:0000",
        "scope_id": "line-13-civil-225",
        "scope_type": "civil_segment"
      },
      "type": "Feature"
    },
    {
      "geometry": {
        "coordinates": [
          33.1798271,
          0.45692077
        ],
        "type": "Point"
      },
      "properties": {
        "chainage_m": 200.0,
        "civil_class": "elevated",
        "investigation_flags": [
          "acidic-soil-durability-testing",
          "fine-soil-plasticity-and-shrink-swell-tests"
        ],
        "lat": 0.45692077,
        "line": "line-13",
        "lon": 33.1798271,
        "sample_id": "segment:line-13-civil-225:0001",
        "scope_id": "line-13-civil-225",
        "scope_type": "civil_segment"
      },
      "type": "Feature"
    },
    {
      "geometry": {
        "coordinates": [
          33.1798271,
          0.45674093
        ],
        "type": "Point"
      },
      "properties": {
        "chainage_m": 220.0,
        "civil_class": "elevated",
        "investigation_flags": [
          "acidic-soil-durability-testing",
          "fine-soil-plasticity-and-shrink-swell-tests"
        ],
        "lat": 0.45674093,
        "line": "line-13",
        "lon": 33.1798271,
        "sample_id": "segment:line-13-civil-225:0002",
        "scope_id": "line-13-civil-225",
        "scope_type": "civil_segment"
      },
      "type": "Feature"
    },
    {
      "geometry": {
        "coordinates": [
          33.1798271,
          0.45674093
        ],
        "type": "Point"
      },
      "properties": {
        "chainage_m": 220.0,
        "civil_class": "elevated",
        "investigation_flags": [
          "acidic-soil-durability-testing",
          "fine-soil-plasticity-and-shrink-swell-tests"
        ],
        "lat": 0.45674093,
        "line": "line-13",
        "lon": 33.1798271,
        "sample_id": "segment:line-13-civil-226:0000",
        "scope_id": "line-13-civil-226",
        "scope_type": "civil_segment"
      },
      "type": "Feature"
    },
    {
      "geometry": {
        "coordinates": [
          33.17982769,
          0.45656108
        ],
        "type": "Point"
      },
      "properties": {
        "chainage_m": 240.0,
        "civil_class": "elevated",
        "investigation_flags": [
          "acidic-soil-durability-testing",
          "fine-soil-plasticity-and-shrink-swell-tests"
        ],
        "lat": 0.45656108,
        "line": "line-13",
        "lon": 33.17982769,
        "sample_id": "segment:line-13-civil-226:0001",
        "scope_id": "line-13-civil-226",
        "scope_type": "civil_segment"
      },
      "type": "Feature"
    },
    {
      "geometry": {
        "coordinates": [
          33.18000677,
          0.45656091
        ],
        "type": "Point"
      },
      "properties": {
        "chainage_m": 260.0,
        "civil_class": "elevated",
        "investigation_flags": [
          "acidic-soil-durability-testing",
          "fine-soil-plasticity-and-shrink-swell-tests"
        ],
        "lat": 0.45656091,
        "line": "line-13",
        "lon": 33.18000677,
        "sample_id": "segment:line-13-civil-226:0002",
        "scope_id": "line-13-civil-226",
        "scope_type": "civil_segment"
      },
      "type": "Feature"
    },
    {
      "geometry": {
        "coordinates": [
          33.18000677,
          0.45656091
        ],
        "type": "Point"
      },
      "properties": {
        "chainage_m": 260.0,
        "civil_class": "elevated",
        "investigation_flags": [
          "acidic-soil-durability-testing",
          "fine-soil-plasticity-and-shrink-swell-tests"
        ],
        "lat": 0.45656091,
        "line": "line-13",
        "lon": 33.18000677,
        "sample_id": "segment:line-13-civil-227:0000",
        "scope_id": "line-13-civil-227",
        "scope_type": "civil_segment"
      },
      "type": "Feature"
    },
    {
      "geometry": {
        "coordinates": [
          33.18000677,
          0.45647099
        ],
        "type": "Point"
      },
      "properties": {
        "chainage_m": 270.0,
        "civil_class": "elevated",
        "investigation_flags": [
          "acidic-soil-durability-testing",
          "fine-soil-plasticity-and-shrink-swell-tests"
        ],
        "lat": 0.45647099,
        "line": "line-13",
        "lon": 33.18000677,
        "sample_id": "segment:line-13-civil-227:0001",
        "scope_id": "line-13-civil-227",
        "scope_type": "civil_segment"
      },
      "type": "Feature"
    },
    {
      "geometry": {
        "coordinates": [
          33.18000681,
          0.45638111
        ],
        "type": "Point"
      },
      "properties": {
        "chainage_m": 280.0,
        "civil_class": "elevated",
        "investigation_flags": [
          "acidic-soil-durability-testing",
          "fine-soil-plasticity-and-shrink-swell-tests"
        ],
        "lat": 0.45638111,
        "line": "line-13",
        "lon": 33.18000681,
        "sample_id": "segment:line-13-civil-227:0002",
        "scope_id": "line-13-civil-227",
        "scope_type": "civil_segment"
      },
      "type": "Feature"
    },
    {
      "geometry": {
        "coordinates": [
          33.18000681,
          0.45638111
        ],
        "type": "Point"
      },
      "properties": {
        "chainage_m": 280.0,
        "civil_class": "elevated",
        "investigation_flags": [
          "acidic-soil-durability-testing",
          "fine-soil-plasticity-and-shrink-swell-tests"
        ],
        "lat": 0.45638111,
        "line": "line-13",
        "lon": 33.18000681,
        "sample_id": "segment:line-13-civil-228:0000",
        "scope_id": "line-13-civil-228",
        "scope_type": "civil_segment"
      },
      "type": "Feature"
    },
    {
      "geometry": {
        "coordinates": [
          33.18009673,
          0.45638111
        ],
        "type": "Point"
      },
      "properties": {
        "chainage_m": 290.0,
        "civil_class": "elevated",
        "investigation_flags": [
          "acidic-soil-durability-testing",
          "fine-soil-plasticity-and-shrink-swell-tests"
        ],
        "lat": 0.45638111,
        "line": "line-13",
        "lon": 33.18009673,
        "sample_id": "segment:line-13-civil-228:0001",
        "scope_id": "line-13-civil-228",
        "scope_type": "civil_segment"
      },
      "type": "Feature"
    },
    {
      "geometry": {
        "coordinates": [
          33.18018665,
          0.45638111
        ],
        "type": "Point"
      },
      "properties": {
        "chainage_m": 300.0,
        "civil_class": "elevated",
        "investigation_flags": [
          "acidic-soil-durability-testing",
          "fine-soil-plasticity-and-shrink-swell-tests"
        ],
        "lat": 0.45638111,
        "line": "line-13",
        "lon": 33.18018665,
        "sample_id": "segment:line-13-civil-228:0002",
        "scope_id": "line-13-civil-228",
        "scope_type": "civil_segment"
      },
      "type": "Feature"
    },
    {
      "geometry": {
        "coordinates": [
          33.18018665,
          0.45638111
        ],
        "type": "Point"
      },
      "properties": {
        "chainage_m": 300.0,
        "civil_class": "elevated",
        "investigation_flags": [
          "acidic-soil-durability-testing",
          "fine-soil-plasticity-and-shrink-swell-tests"
        ],
        "lat": 0.45638111,
        "line": "line-13",
        "lon": 33.18018665,
        "sample_id": "segment:line-13-civil-229:0000",
        "scope_id": "line-13-civil-229",
        "scope_type": "civil_segment"
      },
      "type": "Feature"
    },
    {
      "geometry": {
        "coordinates": [
          33.18027657,
          0.45638111
        ],
        "type": "Point"
      },
      "properties": {
        "chainage_m": 310.0,
        "civil_class": "elevated",
        "investigation_flags": [
          "acidic-soil-durability-testing",
          "fine-soil-plasticity-and-shrink-swell-tests"
        ],
        "lat": 0.45638111,
        "line": "line-13",
        "lon": 33.18027657,
        "sample_id": "segment:line-13-civil-229:0001",
        "scope_id": "line-13-civil-229",
        "scope_type": "civil_segment"
      },
      "type": "Feature"
    },
    {
      "geometry": {
        "coordinates": [
          33.1803661,
          0.45638072
        ],
        "type": "Point"
      },
      "properties": {
        "chainage_m": 320.0,
        "civil_class": "elevated",
        "investigation_flags": [
          "acidic-soil-durability-testing",
          "fine-soil-plasticity-and-shrink-swell-tests"
        ],
        "lat": 0.45638072,
        "line": "line-13",
        "lon": 33.1803661,
        "sample_id": "segment:line-13-civil-229:0002",
        "scope_id": "line-13-civil-229",
        "scope_type": "civil_segment"
      },
      "type": "Feature"
    },
    {
      "geometry": {
        "coordinates": [
          33.1803661,
          0.45638072
        ],
        "type": "Point"
      },
      "properties": {
        "chainage_m": 320.0,
        "civil_class": "elevated",
        "investigation_flags": [
          "acidic-soil-durability-testing",
          "fine-soil-plasticity-and-shrink-swell-tests"
        ],
        "lat": 0.45638072,
        "line": "line-13",
        "lon": 33.1803661,
        "sample_id": "segment:line-13-civil-230:0000",
        "scope_id": "line-13-civil-230",
        "scope_type": "civil_segment"
      },
      "type": "Feature"
    },
    {
      "geometry": {
        "coordinates": [
          33.18054561,
          0.45620115
        ],
        "type": "Point"
      },
      "properties": {
        "chainage_m": 360.0,
        "civil_class": "elevated",
        "investigation_flags": [
          "acidic-soil-durability-testing",
          "fine-soil-plasticity-and-shrink-swell-tests"
        ],
        "lat": 0.45620115,
        "line": "line-13",
        "lon": 33.18054561,
        "sample_id": "segment:line-13-civil-230:0001",
        "scope_id": "line-13-civil-230",
        "scope_type": "civil_segment"
      },
      "type": "Feature"
    },
    {
      "geometry": {
        "coordinates": [
          33.18054596,
          0.45584122
        ],
        "type": "Point"
      },
      "properties": {
        "chainage_m": 400.0,
        "civil_class": "elevated",
        "investigation_flags": [
          "acidic-soil-durability-testing",
          "fine-soil-plasticity-and-shrink-swell-tests"
        ],
        "lat": 0.45584122,
        "line": "line-13",
        "lon": 33.18054596,
        "sample_id": "segment:line-13-civil-230:0002",
        "scope_id": "line-13-civil-230",
        "scope_type": "civil_segment"
      },
      "type": "Feature"
    },
    {
      "geometry": {
        "coordinates": [
          33.18054596,
          0.45584122
        ],
        "type": "Point"
      },
      "properties": {
        "chainage_m": 400.0,
        "civil_class": "elevated",
        "investigation_flags": [
          "acidic-soil-durability-testing",
          "fine-soil-plasticity-and-shrink-swell-tests"
        ],
        "lat": 0.45584122,
        "line": "line-13",
        "lon": 33.18054596,
        "sample_id": "segment:line-13-civil-231:0000",
        "scope_id": "line-13-civil-231",
        "scope_type": "civil_segment"
      },
      "type": "Feature"
    },
    {
      "geometry": {
        "coordinates": [
          33.1807252,
          0.45584122
        ],
        "type": "Point"
      },
      "properties": {
        "chainage_m": 420.0,
        "civil_class": "elevated",
        "investigation_flags": [
          "acidic-soil-durability-testing",
          "fine-soil-plasticity-and-shrink-swell-tests"
        ],
        "lat": 0.45584122,
        "line": "line-13",
        "lon": 33.1807252,
        "sample_id": "segment:line-13-civil-231:0001",
        "scope_id": "line-13-civil-231",
        "scope_type": "civil_segment"
      },
      "type": "Feature"
    },
    {
      "geometry": {
        "coordinates": [
          33.18072567,
          0.45566125
        ],
        "type": "Point"
      },
      "properties": {
        "chainage_m": 440.0,
        "civil_class": "elevated",
        "investigation_flags": [
          "acidic-soil-durability-testing",
          "fine-soil-plasticity-and-shrink-swell-tests"
        ],
        "lat": 0.45566125,
        "line": "line-13",
        "lon": 33.18072567,
        "sample_id": "segment:line-13-civil-231:0002",
        "scope_id": "line-13-civil-231",
        "scope_type": "civil_segment"
      },
      "type": "Feature"
    },
    {
      "geometry": {
        "coordinates": [
          33.18072567,
          0.45566125
        ],
        "type": "Point"
      },
      "properties": {
        "chainage_m": 440.0,
        "civil_class": "elevated",
        "investigation_flags": [
          "acidic-soil-durability-testing",
          "fine-soil-plasticity-and-shrink-swell-tests"
        ],
        "lat": 0.45566125,
        "line": "line-13",
        "lon": 33.18072567,
        "sample_id": "segment:line-13-civil-232:0000",
        "scope_id": "line-13-civil-232",
        "scope_type": "civil_segment"
      },
      "type": "Feature"
    },
    {
      "geometry": {
        "coordinates": [
          33.18090491,
          0.45566125
        ],
        "type": "Point"
      },
      "properties": {
        "chainage_m": 460.0,
        "civil_class": "elevated",
        "investigation_flags": [
          "acidic-soil-durability-testing",
          "fine-soil-plasticity-and-shrink-swell-tests"
        ],
        "lat": 0.45566125,
        "line": "line-13",
        "lon": 33.18090491,
        "sample_id": "segment:line-13-civil-232:0001",
        "scope_id": "line-13-civil-232",
        "scope_type": "civil_segment"
      },
      "type": "Feature"
    },
    {
      "geometry": {
        "coordinates": [
          33.1809051,
          0.455481
        ],
        "type": "Point"
      },
      "properties": {
        "chainage_m": 480.0,
        "civil_class": "elevated",
        "investigation_flags": [
          "acidic-soil-durability-testing",
          "fine-soil-plasticity-and-shrink-swell-tests"
        ],
        "lat": 0.455481,
        "line": "line-13",
        "lon": 33.1809051,
        "sample_id": "segment:line-13-civil-232:0002",
        "scope_id": "line-13-civil-232",
        "scope_type": "civil_segment"
      },
      "type": "Feature"
    },
    {
      "geometry": {
        "coordinates": [
          33.1809051,
          0.455481
        ],
        "type": "Point"
      },
      "properties": {
        "chainage_m": 480.0,
        "civil_class": "elevated",
        "investigation_flags": [
          "acidic-soil-durability-testing",
          "fine-soil-plasticity-and-shrink-swell-tests"
        ],
        "lat": 0.455481,
        "line": "line-13",
        "lon": 33.1809051,
        "sample_id": "segment:line-13-civil-233:0000",
        "scope_id": "line-13-civil-233",
        "scope_type": "civil_segment"
      },
      "type": "Feature"
    },
    {
      "geometry": {
        "coordinates": [
          33.1809051,
          0.45539108
        ],
        "type": "Point"
      },
      "properties": {
        "chainage_m": 490.0,
        "civil_class": "elevated",
        "investigation_flags": [
          "acidic-soil-durability-testing",
          "fine-soil-plasticity-and-shrink-swell-tests"
        ],
        "lat": 0.45539108,
        "line": "line-13",
        "lon": 33.1809051,
        "sample_id": "segment:line-13-civil-233:0001",
        "scope_id": "line-13-civil-233",
        "scope_type": "civil_segment"
      },
      "type": "Feature"
    },
    {
      "geometry": {
        "coordinates": [
          33.18090526,
          0.45530132
        ],
        "type": "Point"
      },
      "properties": {
        "chainage_m": 500.0,
        "civil_class": "elevated",
        "investigation_flags": [
          "acidic-soil-durability-testing",
          "fine-soil-plasticity-and-shrink-swell-tests"
        ],
        "lat": 0.45530132,
        "line": "line-13",
        "lon": 33.18090526,
        "sample_id": "segment:line-13-civil-233:0002",
        "scope_id": "line-13-civil-233",
        "scope_type": "civil_segment"
      },
      "type": "Feature"
    },
    {
      "geometry": {
        "coordinates": [
          33.18090526,
          0.45530132
        ],
        "type": "Point"
      },
      "properties": {
        "chainage_m": 500.0,
        "civil_class": "bridge",
        "investigation_flags": [
          "acidic-soil-durability-testing",
          "fine-soil-plasticity-and-shrink-swell-tests"
        ],
        "lat": 0.45530132,
        "line": "line-13",
        "lon": 33.18090526,
        "sample_id": "segment:line-13-civil-234:0000",
        "scope_id": "line-13-civil-234",
        "scope_type": "civil_segment"
      },
      "type": "Feature"
    },
    {
      "geometry": {
        "coordinates": [
          33.18117503,
          0.45530132
        ],
        "type": "Point"
      },
      "properties": {
        "chainage_m": 530.0,
        "civil_class": "bridge",
        "investigation_flags": [
          "acidic-soil-durability-testing",
          "fine-soil-plasticity-and-shrink-swell-tests"
        ],
        "lat": 0.45530132,
        "line": "line-13",
        "lon": 33.18117503,
        "sample_id": "segment:line-13-civil-234:0001",
        "scope_id": "line-13-civil-234",
        "scope_type": "civil_segment"
      },
      "type": "Feature"
    },
    {
      "geometry": {
        "coordinates": [
          33.1814448,
          0.45530132
        ],
        "type": "Point"
      },
      "properties": {
        "chainage_m": 560.0,
        "civil_class": "bridge",
        "investigation_flags": [
          "acidic-soil-durability-testing",
          "fine-soil-plasticity-and-shrink-swell-tests"
        ],
        "lat": 0.45530132,
        "line": "line-13",
        "lon": 33.1814448,
        "sample_id": "segment:line-13-civil-234:0002",
        "scope_id": "line-13-civil-234",
        "scope_type": "civil_segment"
      },
      "type": "Feature"
    },
    {
      "geometry": {
        "coordinates": [
          33.1814448,
          0.45530132
        ],
        "type": "Point"
      },
      "properties": {
        "chainage_m": 560.0,
        "civil_class": "elevated",
        "investigation_flags": [
          "acidic-soil-durability-testing",
          "fine-soil-plasticity-and-shrink-swell-tests"
        ],
        "lat": 0.45530132,
        "line": "line-13",
        "lon": 33.1814448,
        "sample_id": "segment:line-13-civil-235:0000",
        "scope_id": "line-13-civil-235",
        "scope_type": "civil_segment"
      },
      "type": "Feature"
    },
    {
      "geometry": {
        "coordinates": [
          33.18162377,
          0.45530158
        ],
        "type": "Point"
      },
      "properties": {
        "chainage_m": 580.0,
        "civil_class": "elevated",
        "investigation_flags": [
          "acidic-soil-durability-testing",
          "fine-soil-plasticity-and-shrink-swell-tests"
        ],
        "lat": 0.45530158,
        "line": "line-13",
        "lon": 33.18162377,
        "sample_id": "segment:line-13-civil-235:0001",
        "scope_id": "line-13-civil-235",
        "scope_type": "civil_segment"
      },
      "type": "Feature"
    },
    {
      "geometry": {
        "coordinates": [
          33.18162451,
          0.45548128
        ],
        "type": "Point"
      },
      "properties": {
        "chainage_m": 600.0,
        "civil_class": "elevated",
        "investigation_flags": [
          "acidic-soil-durability-testing",
          "fine-soil-plasticity-and-shrink-swell-tests"
        ],
        "lat": 0.45548128,
        "line": "line-13",
        "lon": 33.18162451,
        "sample_id": "segment:line-13-civil-235:0002",
        "scope_id": "line-13-civil-235",
        "scope_type": "civil_segment"
      },
      "type": "Feature"
    },
    {
      "geometry": {
        "coordinates": [
          33.18162451,
          0.45548128
        ],
        "type": "Point"
      },
      "properties": {
        "chainage_m": 600.0,
        "civil_class": "elevated",
        "investigation_flags": [
          "acidic-soil-durability-testing",
          "fine-soil-plasticity-and-shrink-swell-tests"
        ],
        "lat": 0.45548128,
        "line": "line-13",
        "lon": 33.18162451,
        "sample_id": "segment:line-13-civil-236:0000",
        "scope_id": "line-13-civil-236",
        "scope_type": "civil_segment"
      },
      "type": "Feature"
    },
    {
      "geometry": {
        "coordinates": [
          33.18180436,
          0.45548128
        ],
        "type": "Point"
      },
      "properties": {
        "chainage_m": 620.0,
        "civil_class": "elevated",
        "investigation_flags": [
          "acidic-soil-durability-testing",
          "fine-soil-plasticity-and-shrink-swell-tests"
        ],
        "lat": 0.45548128,
        "line": "line-13",
        "lon": 33.18180436,
        "sample_id": "segment:line-13-civil-236:0001",
        "scope_id": "line-13-civil-236",
        "scope_type": "civil_segment"
      },
      "type": "Feature"
    },
    {
      "geometry": {
        "coordinates": [
          33.1819842,
          0.45548128
        ],
        "type": "Point"
      },
      "properties": {
        "chainage_m": 640.0,
        "civil_class": "elevated",
        "investigation_flags": [
          "acidic-soil-durability-testing",
          "fine-soil-plasticity-and-shrink-swell-tests"
        ],
        "lat": 0.45548128,
        "line": "line-13",
        "lon": 33.1819842,
        "sample_id": "segment:line-13-civil-236:0002",
        "scope_id": "line-13-civil-236",
        "scope_type": "civil_segment"
      },
      "type": "Feature"
    },
    {
      "geometry": {
        "coordinates": [
          33.1819842,
          0.45548128
        ],
        "type": "Point"
      },
      "properties": {
        "chainage_m": 640.0,
        "civil_class": "elevated",
        "investigation_flags": [
          "acidic-soil-durability-testing",
          "fine-soil-plasticity-and-shrink-swell-tests"
        ],
        "lat": 0.45548128,
        "line": "line-13",
        "lon": 33.1819842,
        "sample_id": "segment:line-13-civil-237:0000",
        "scope_id": "line-13-civil-237",
        "scope_type": "civil_segment"
      },
      "type": "Feature"
    },
    {
      "geometry": {
        "coordinates": [
          33.18216278,
          0.45575231
        ],
        "type": "Point"
      },
      "properties": {
        "chainage_m": 690.0,
        "civil_class": "elevated",
        "investigation_flags": [
          "acidic-soil-durability-testing",
          "fine-soil-plasticity-and-shrink-swell-tests"
        ],
        "lat": 0.45575231,
        "line": "line-13",
        "lon": 33.18216278,
        "sample_id": "segment:line-13-civil-237:0001",
        "scope_id": "line-13-civil-237",
        "scope_type": "civil_segment"
      },
      "type": "Feature"
    },
    {
      "geometry": {
        "coordinates": [
          33.18234245,
          0.45602224
        ],
        "type": "Point"
      },
      "properties": {
        "chainage_m": 740.0,
        "civil_class": "elevated",
        "investigation_flags": [
          "acidic-soil-durability-testing",
          "fine-soil-plasticity-and-shrink-swell-tests"
        ],
        "lat": 0.45602224,
        "line": "line-13",
        "lon": 33.18234245,
        "sample_id": "segment:line-13-civil-237:0002",
        "scope_id": "line-13-civil-237",
        "scope_type": "civil_segment"
      },
      "type": "Feature"
    },
    {
      "geometry": {
        "coordinates": [
          33.18234245,
          0.45602224
        ],
        "type": "Point"
      },
      "properties": {
        "chainage_m": 740.0,
        "civil_class": "elevated",
        "investigation_flags": [
          "acidic-soil-durability-testing",
          "fine-soil-plasticity-and-shrink-swell-tests"
        ],
        "lat": 0.45602224,
        "line": "line-13",
        "lon": 33.18234245,
        "sample_id": "segment:line-13-civil-238:0000",
        "scope_id": "line-13-civil-238",
        "scope_type": "civil_segment"
      },
      "type": "Feature"
    },
    {
      "geometry": {
        "coordinates": [
          33.18234245,
          0.45611216
        ],
        "type": "Point"
      },
      "properties": {
        "chainage_m": 750.0,
        "civil_class": "elevated",
        "investigation_flags": [
          "acidic-soil-durability-testing",
          "fine-soil-plasticity-and-shrink-swell-tests"
        ],
        "lat": 0.45611216,
        "line": "line-13",
        "lon": 33.18234245,
        "sample_id": "segment:line-13-civil-238:0001",
        "scope_id": "line-13-civil-238",
        "scope_type": "civil_segment"
      },
      "type": "Feature"
    },
    {
      "geometry": {
        "coordinates": [
          33.18234245,
          0.45620208
        ],
        "type": "Point"
      },
      "properties": {
        "chainage_m": 760.0,
        "civil_class": "elevated",
        "investigation_flags": [
          "acidic-soil-durability-testing",
          "fine-soil-plasticity-and-shrink-swell-tests"
        ],
        "lat": 0.45620208,
        "line": "line-13",
        "lon": 33.18234245,
        "sample_id": "segment:line-13-civil-238:0002",
        "scope_id": "line-13-civil-238",
        "scope_type": "civil_segment"
      },
      "type": "Feature"
    },
    {
      "geometry": {
        "coordinates": [
          33.18234245,
          0.45620208
        ],
        "type": "Point"
      },
      "properties": {
        "chainage_m": 760.0,
        "civil_class": "elevated",
        "investigation_flags": [
          "acidic-soil-durability-testing",
          "fine-soil-plasticity-and-shrink-swell-tests"
        ],
        "lat": 0.45620208,
        "line": "line-13",
        "lon": 33.18234245,
        "sample_id": "segment:line-13-civil-239:0000",
        "scope_id": "line-13-civil-239",
        "scope_type": "civil_segment"
      },
      "type": "Feature"
    },
    {
      "geometry": {
        "coordinates": [
          33.18234245,
          0.45665168
        ],
        "type": "Point"
      },
      "properties": {
        "chainage_m": 810.0,
        "civil_class": "elevated",
        "investigation_flags": [
          "acidic-soil-durability-testing",
          "fine-soil-plasticity-and-shrink-swell-tests"
        ],
        "lat": 0.45665168,
        "line": "line-13",
        "lon": 33.18234245,
        "sample_id": "segment:line-13-civil-239:0001",
        "scope_id": "line-13-civil-239",
        "scope_type": "civil_segment"
      },
      "type": "Feature"
    },
    {
      "geometry": {
        "coordinates": [
          33.18234245,
          0.45710128
        ],
        "type": "Point"
      },
      "properties": {
        "chainage_m": 860.0,
        "civil_class": "elevated",
        "investigation_flags": [
          "acidic-soil-durability-testing",
          "fine-soil-plasticity-and-shrink-swell-tests"
        ],
        "lat": 0.45710128,
        "line": "line-13",
        "lon": 33.18234245,
        "sample_id": "segment:line-13-civil-239:0002",
        "scope_id": "line-13-civil-239",
        "scope_type": "civil_segment"
      },
      "type": "Feature"
    },
    {
      "geometry": {
        "coordinates": [
          33.18234245,
          0.45710128
        ],
        "type": "Point"
      },
      "properties": {
        "chainage_m": 860.0,
        "civil_class": "elevated",
        "investigation_flags": [
          "acidic-soil-durability-testing",
          "fine-soil-plasticity-and-shrink-swell-tests"
        ],
        "lat": 0.45710128,
        "line": "line-13",
        "lon": 33.18234245,
        "sample_id": "segment:line-13-civil-240:0000",
        "scope_id": "line-13-civil-240",
        "scope_type": "civil_segment"
      },
      "type": "Feature"
    },
    {
      "geometry": {
        "coordinates": [
          33.18243254,
          0.45728095
        ],
        "type": "Point"
      },
      "properties": {
        "chainage_m": 890.0,
        "civil_class": "elevated",
        "investigation_flags": [
          "acidic-soil-durability-testing",
          "fine-soil-plasticity-and-shrink-swell-tests"
        ],
        "lat": 0.45728095,
        "line": "line-13",
        "lon": 33.18243254,
        "sample_id": "segment:line-13-civil-240:0001",
        "scope_id": "line-13-civil-240",
        "scope_type": "civil_segment"
      },
      "type": "Feature"
    },
    {
      "geometry": {
        "coordinates": [
          33.18252211,
          0.45746113
        ],
        "type": "Point"
      },
      "properties": {
        "chainage_m": 920.0,
        "civil_class": "elevated",
        "investigation_flags": [
          "acidic-soil-durability-testing",
          "fine-soil-plasticity-and-shrink-swell-tests"
        ],
        "lat": 0.45746113,
        "line": "line-13",
        "lon": 33.18252211,
        "sample_id": "segment:line-13-civil-240:0002",
        "scope_id": "line-13-civil-240",
        "scope_type": "civil_segment"
      },
      "type": "Feature"
    },
    {
      "geometry": {
        "coordinates": [
          33.18252211,
          0.45746113
        ],
        "type": "Point"
      },
      "properties": {
        "chainage_m": 920.0,
        "civil_class": "elevated",
        "investigation_flags": [
          "acidic-soil-durability-testing",
          "fine-soil-plasticity-and-shrink-swell-tests"
        ],
        "lat": 0.45746113,
        "line": "line-13",
        "lon": 33.18252211,
        "sample_id": "segment:line-13-civil-241:0000",
        "scope_id": "line-13-civil-241",
        "scope_type": "civil_segment"
      },
      "type": "Feature"
    },
    {
      "geometry": {
        "coordinates": [
          33.18252281,
          0.45764088
        ],
        "type": "Point"
      },
      "properties": {
        "chainage_m": 940.0,
        "civil_class": "elevated",
        "investigation_flags": [
          "acidic-soil-durability-testing",
          "fine-soil-plasticity-and-shrink-swell-tests"
        ],
        "lat": 0.45764088,
        "line": "line-13",
        "lon": 33.18252281,
        "sample_id": "segment:line-13-civil-241:0001",
        "scope_id": "line-13-civil-241",
        "scope_type": "civil_segment"
      },
      "type": "Feature"
    },
    {
      "geometry": {
        "coordinates": [
          33.18270178,
          0.45764115
        ],
        "type": "Point"
      },
      "properties": {
        "chainage_m": 960.0,
        "civil_class": "elevated",
        "investigation_flags": [
          "acidic-soil-durability-testing",
          "fine-soil-plasticity-and-shrink-swell-tests"
        ],
        "lat": 0.45764115,
        "line": "line-13",
        "lon": 33.18270178,
        "sample_id": "segment:line-13-civil-241:0002",
        "scope_id": "line-13-civil-241",
        "scope_type": "civil_segment"
      },
      "type": "Feature"
    },
    {
      "geometry": {
        "coordinates": [
          33.18270178,
          0.45764115
        ],
        "type": "Point"
      },
      "properties": {
        "chainage_m": 960.0,
        "civil_class": "elevated",
        "investigation_flags": [
          "acidic-soil-durability-testing",
          "fine-soil-plasticity-and-shrink-swell-tests"
        ],
        "lat": 0.45764115,
        "line": "line-13",
        "lon": 33.18270178,
        "sample_id": "segment:line-13-civil-242:0000",
        "scope_id": "line-13-civil-242",
        "scope_type": "civil_segment"
      },
      "type": "Feature"
    },
    {
      "geometry": {
        "coordinates": [
          33.18270178,
          0.45773107
        ],
        "type": "Point"
      },
      "properties": {
        "chainage_m": 970.0,
        "civil_class": "elevated",
        "investigation_flags": [
          "acidic-soil-durability-testing",
          "fine-soil-plasticity-and-shrink-swell-tests"
        ],
        "lat": 0.45773107,
        "line": "line-13",
        "lon": 33.18270178,
        "sample_id": "segment:line-13-civil-242:0001",
        "scope_id": "line-13-civil-242",
        "scope_type": "civil_segment"
      },
      "type": "Feature"
    },
    {
      "geometry": {
        "coordinates": [
          33.18270192,
          0.45782084
        ],
        "type": "Point"
      },
      "properties": {
        "chainage_m": 980.0,
        "civil_class": "elevated",
        "investigation_flags": [
          "acidic-soil-durability-testing",
          "fine-soil-plasticity-and-shrink-swell-tests"
        ],
        "lat": 0.45782084,
        "line": "line-13",
        "lon": 33.18270192,
        "sample_id": "segment:line-13-civil-242:0002",
        "scope_id": "line-13-civil-242",
        "scope_type": "civil_segment"
      },
      "type": "Feature"
    },
    {
      "geometry": {
        "coordinates": [
          33.18270192,
          0.45782084
        ],
        "type": "Point"
      },
      "properties": {
        "chainage_m": 980.0,
        "civil_class": "elevated",
        "investigation_flags": [
          "acidic-soil-durability-testing",
          "fine-soil-plasticity-and-shrink-swell-tests"
        ],
        "lat": 0.45782084,
        "line": "line-13",
        "lon": 33.18270192,
        "sample_id": "segment:line-13-civil-243:0000",
        "scope_id": "line-13-civil-243",
        "scope_type": "civil_segment"
      },
      "type": "Feature"
    },
    {
      "geometry": {
        "coordinates": [
          33.18288177,
          0.45782084
        ],
        "type": "Point"
      },
      "properties": {
        "chainage_m": 1000.0,
        "civil_class": "elevated",
        "investigation_flags": [
          "acidic-soil-durability-testing",
          "fine-soil-plasticity-and-shrink-swell-tests"
        ],
        "lat": 0.45782084,
        "line": "line-13",
        "lon": 33.18288177,
        "sample_id": "segment:line-13-civil-243:0001",
        "scope_id": "line-13-civil-243",
        "scope_type": "civil_segment"
      },
      "type": "Feature"
    },
    {
      "geometry": {
        "coordinates": [
          33.18306161,
          0.45782084
        ],
        "type": "Point"
      },
      "properties": {
        "chainage_m": 1020.0,
        "civil_class": "elevated",
        "investigation_flags": [
          "acidic-soil-durability-testing",
          "fine-soil-plasticity-and-shrink-swell-tests"
        ],
        "lat": 0.45782084,
        "line": "line-13",
        "lon": 33.18306161,
        "sample_id": "segment:line-13-civil-243:0002",
        "scope_id": "line-13-civil-243",
        "scope_type": "civil_segment"
      },
      "type": "Feature"
    },
    {
      "geometry": {
        "coordinates": [
          33.18306161,
          0.45782084
        ],
        "type": "Point"
      },
      "properties": {
        "chainage_m": 1020.0,
        "civil_class": "elevated",
        "investigation_flags": [
          "acidic-soil-durability-testing",
          "fine-soil-plasticity-and-shrink-swell-tests"
        ],
        "lat": 0.45782084,
        "line": "line-13",
        "lon": 33.18306161,
        "sample_id": "segment:line-13-civil-244:0000",
        "scope_id": "line-13-civil-244",
        "scope_type": "civil_segment"
      },
      "type": "Feature"
    },
    {
      "geometry": {
        "coordinates": [
          33.18315153,
          0.45782084
        ],
        "type": "Point"
      },
      "properties": {
        "chainage_m": 1030.0,
        "civil_class": "elevated",
        "investigation_flags": [
          "acidic-soil-durability-testing",
          "fine-soil-plasticity-and-shrink-swell-tests"
        ],
        "lat": 0.45782084,
        "line": "line-13",
        "lon": 33.18315153,
        "sample_id": "segment:line-13-civil-244:0001",
        "scope_id": "line-13-civil-244",
        "scope_type": "civil_segment"
      },
      "type": "Feature"
    },
    {
      "geometry": {
        "coordinates": [
          33.18324078,
          0.45782151
        ],
        "type": "Point"
      },
      "properties": {
        "chainage_m": 1040.0,
        "civil_class": "elevated",
        "investigation_flags": [
          "acidic-soil-durability-testing",
          "fine-soil-plasticity-and-shrink-swell-tests"
        ],
        "lat": 0.45782151,
        "line": "line-13",
        "lon": 33.18324078,
        "sample_id": "segment:line-13-civil-244:0002",
        "scope_id": "line-13-civil-244",
        "scope_type": "civil_segment"
      },
      "type": "Feature"
    },
    {
      "geometry": {
        "coordinates": [
          33.18324078,
          0.45782151
        ],
        "type": "Point"
      },
      "properties": {
        "chainage_m": 1040.0,
        "civil_class": "elevated",
        "investigation_flags": [
          "acidic-soil-durability-testing",
          "fine-soil-plasticity-and-shrink-swell-tests"
        ],
        "lat": 0.45782151,
        "line": "line-13",
        "lon": 33.18324078,
        "sample_id": "segment:line-13-civil-245:0000",
        "scope_id": "line-13-civil-245",
        "scope_type": "civil_segment"
      },
      "type": "Feature"
    },
    {
      "geometry": {
        "coordinates": [
          33.18324078,
          0.45791144
        ],
        "type": "Point"
      },
      "properties": {
        "chainage_m": 1050.0,
        "civil_class": "elevated",
        "investigation_flags": [
          "acidic-soil-durability-testing",
          "fine-soil-plasticity-and-shrink-swell-tests"
        ],
        "lat": 0.45791144,
        "line": "line-13",
        "lon": 33.18324078,
        "sample_id": "segment:line-13-civil-245:0001",
        "scope_id": "line-13-civil-245",
        "scope_type": "civil_segment"
      },
      "type": "Feature"
    },
    {
      "geometry": {
        "coordinates": [
          33.18324133,
          0.45800081
        ],
        "type": "Point"
      },
      "properties": {
        "chainage_m": 1060.0,
        "civil_class": "elevated",
        "investigation_flags": [
          "acidic-soil-durability-testing",
          "fine-soil-plasticity-and-shrink-swell-tests"
        ],
        "lat": 0.45800081,
        "line": "line-13",
        "lon": 33.18324133,
        "sample_id": "segment:line-13-civil-245:0002",
        "scope_id": "line-13-civil-245",
        "scope_type": "civil_segment"
      },
      "type": "Feature"
    },
    {
      "geometry": {
        "coordinates": [
          33.18324133,
          0.45800081
        ],
        "type": "Point"
      },
      "properties": {
        "chainage_m": 1060.0,
        "civil_class": "elevated",
        "investigation_flags": [
          "acidic-soil-durability-testing",
          "fine-soil-plasticity-and-shrink-swell-tests"
        ],
        "lat": 0.45800081,
        "line": "line-13",
        "lon": 33.18324133,
        "sample_id": "segment:line-13-civil-246:0000",
        "scope_id": "line-13-civil-246",
        "scope_type": "civil_segment"
      },
      "type": "Feature"
    },
    {
      "geometry": {
        "coordinates": [
          33.18333125,
          0.45800081
        ],
        "type": "Point"
      },
      "properties": {
        "chainage_m": 1070.0,
        "civil_class": "elevated",
        "investigation_flags": [
          "acidic-soil-durability-testing",
          "fine-soil-plasticity-and-shrink-swell-tests"
        ],
        "lat": 0.45800081,
        "line": "line-13",
        "lon": 33.18333125,
        "sample_id": "segment:line-13-civil-246:0001",
        "scope_id": "line-13-civil-246",
        "scope_type": "civil_segment"
      },
      "type": "Feature"
    },
    {
      "geometry": {
        "coordinates": [
          33.18342117,
          0.45800081
        ],
        "type": "Point"
      },
      "properties": {
        "chainage_m": 1080.0,
        "civil_class": "elevated",
        "investigation_flags": [
          "acidic-soil-durability-testing",
          "fine-soil-plasticity-and-shrink-swell-tests"
        ],
        "lat": 0.45800081,
        "line": "line-13",
        "lon": 33.18342117,
        "sample_id": "segment:line-13-civil-246:0002",
        "scope_id": "line-13-civil-246",
        "scope_type": "civil_segment"
      },
      "type": "Feature"
    },
    {
      "geometry": {
        "coordinates": [
          33.18342117,
          0.45800081
        ],
        "type": "Point"
      },
      "properties": {
        "chainage_m": 1080.0,
        "civil_class": "elevated",
        "investigation_flags": [
          "acidic-soil-durability-testing",
          "fine-soil-plasticity-and-shrink-swell-tests"
        ],
        "lat": 0.45800081,
        "line": "line-13",
        "lon": 33.18342117,
        "sample_id": "segment:line-13-civil-247:0000",
        "scope_id": "line-13-civil-247",
        "scope_type": "civil_segment"
      },
      "type": "Feature"
    },
    {
      "geometry": {
        "coordinates": [
          33.18360012,
          0.4580011
        ],
        "type": "Point"
      },
      "properties": {
        "chainage_m": 1100.0,
        "civil_class": "elevated",
        "investigation_flags": [
          "acidic-soil-durability-testing",
          "fine-soil-plasticity-and-shrink-swell-tests"
        ],
        "lat": 0.4580011,
        "line": "line-13",
        "lon": 33.18360012,
        "sample_id": "segment:line-13-civil-247:0001",
        "scope_id": "line-13-civil-247",
        "scope_type": "civil_segment"
      },
      "type": "Feature"
    },
    {
      "geometry": {
        "coordinates": [
          33.18360012,
          0.45818155
        ],
        "type": "Point"
      },
      "properties": {
        "chainage_m": 1120.0,
        "civil_class": "elevated",
        "investigation_flags": [
          "acidic-soil-durability-testing",
          "fine-soil-plasticity-and-shrink-swell-tests"
        ],
        "lat": 0.45818155,
        "line": "line-13",
        "lon": 33.18360012,
        "sample_id": "segment:line-13-civil-247:0002",
        "scope_id": "line-13-civil-247",
        "scope_type": "civil_segment"
      },
      "type": "Feature"
    },
    {
      "geometry": {
        "coordinates": [
          33.18360012,
          0.45818155
        ],
        "type": "Point"
      },
      "properties": {
        "chainage_m": 1120.0,
        "civil_class": "elevated",
        "investigation_flags": [
          "acidic-soil-durability-testing",
          "fine-soil-plasticity-and-shrink-swell-tests"
        ],
        "lat": 0.45818155,
        "line": "line-13",
        "lon": 33.18360012,
        "sample_id": "segment:line-13-civil-248:0000",
        "scope_id": "line-13-civil-248",
        "scope_type": "civil_segment"
      },
      "type": "Feature"
    },
    {
      "geometry": {
        "coordinates": [
          33.18369068,
          0.45836074
        ],
        "type": "Point"
      },
      "properties": {
        "chainage_m": 1150.0,
        "civil_class": "elevated",
        "investigation_flags": [
          "acidic-soil-durability-testing",
          "fine-soil-plasticity-and-shrink-swell-tests"
        ],
        "lat": 0.45836074,
        "line": "line-13",
        "lon": 33.18369068,
        "sample_id": "segment:line-13-civil-248:0001",
        "scope_id": "line-13-civil-248",
        "scope_type": "civil_segment"
      },
      "type": "Feature"
    },
    {
      "geometry": {
        "coordinates": [
          33.18377979,
          0.4585414
        ],
        "type": "Point"
      },
      "properties": {
        "chainage_m": 1180.0,
        "civil_class": "elevated",
        "investigation_flags": [
          "acidic-soil-durability-testing",
          "fine-soil-plasticity-and-shrink-swell-tests"
        ],
        "lat": 0.4585414,
        "line": "line-13",
        "lon": 33.18377979,
        "sample_id": "segment:line-13-civil-248:0002",
        "scope_id": "line-13-civil-248",
        "scope_type": "civil_segment"
      },
      "type": "Feature"
    },
    {
      "geometry": {
        "coordinates": [
          33.18377979,
          0.4585414
        ],
        "type": "Point"
      },
      "properties": {
        "chainage_m": 1180.0,
        "civil_class": "elevated",
        "investigation_flags": [
          "acidic-soil-durability-testing",
          "fine-soil-plasticity-and-shrink-swell-tests"
        ],
        "lat": 0.4585414,
        "line": "line-13",
        "lon": 33.18377979,
        "sample_id": "segment:line-13-civil-249:0000",
        "scope_id": "line-13-civil-249",
        "scope_type": "civil_segment"
      },
      "type": "Feature"
    },
    {
      "geometry": {
        "coordinates": [
          33.18377979,
          0.45863132
        ],
        "type": "Point"
      },
      "properties": {
        "chainage_m": 1190.0,
        "civil_class": "elevated",
        "investigation_flags": [
          "acidic-soil-durability-testing",
          "fine-soil-plasticity-and-shrink-swell-tests"
        ],
        "lat": 0.45863132,
        "line": "line-13",
        "lon": 33.18377979,
        "sample_id": "segment:line-13-civil-249:0001",
        "scope_id": "line-13-civil-249",
        "scope_type": "civil_segment"
      },
      "type": "Feature"
    },
    {
      "geometry": {
        "coordinates": [
          33.18378035,
          0.45872067
        ],
        "type": "Point"
      },
      "properties": {
        "chainage_m": 1200.0,
        "civil_class": "elevated",
        "investigation_flags": [
          "acidic-soil-durability-testing",
          "fine-soil-plasticity-and-shrink-swell-tests"
        ],
        "lat": 0.45872067,
        "line": "line-13",
        "lon": 33.18378035,
        "sample_id": "segment:line-13-civil-249:0002",
        "scope_id": "line-13-civil-249",
        "scope_type": "civil_segment"
      },
      "type": "Feature"
    },
    {
      "geometry": {
        "coordinates": [
          33.18378035,
          0.45872067
        ],
        "type": "Point"
      },
      "properties": {
        "chainage_m": 1200.0,
        "civil_class": "elevated",
        "investigation_flags": [
          "acidic-soil-durability-testing",
          "fine-soil-plasticity-and-shrink-swell-tests"
        ],
        "lat": 0.45872067,
        "line": "line-13",
        "lon": 33.18378035,
        "sample_id": "segment:line-13-civil-250:0000",
        "scope_id": "line-13-civil-250",
        "scope_type": "civil_segment"
      },
      "type": "Feature"
    },
    {
      "geometry": {
        "coordinates": [
          33.18387027,
          0.45872067
        ],
        "type": "Point"
      },
      "properties": {
        "chainage_m": 1210.0,
        "civil_class": "elevated",
        "investigation_flags": [
          "acidic-soil-durability-testing",
          "fine-soil-plasticity-and-shrink-swell-tests"
        ],
        "lat": 0.45872067,
        "line": "line-13",
        "lon": 33.18387027,
        "sample_id": "segment:line-13-civil-250:0001",
        "scope_id": "line-13-civil-250",
        "scope_type": "civil_segment"
      },
      "type": "Feature"
    },
    {
      "geometry": {
        "coordinates": [
          33.1839602,
          0.45872067
        ],
        "type": "Point"
      },
      "properties": {
        "chainage_m": 1220.0,
        "civil_class": "elevated",
        "investigation_flags": [
          "acidic-soil-durability-testing",
          "fine-soil-plasticity-and-shrink-swell-tests"
        ],
        "lat": 0.45872067,
        "line": "line-13",
        "lon": 33.1839602,
        "sample_id": "segment:line-13-civil-250:0002",
        "scope_id": "line-13-civil-250",
        "scope_type": "civil_segment"
      },
      "type": "Feature"
    },
    {
      "geometry": {
        "coordinates": [
          33.1839602,
          0.45872067
        ],
        "type": "Point"
      },
      "properties": {
        "chainage_m": 1220.0,
        "civil_class": "elevated",
        "investigation_flags": [
          "acidic-soil-durability-testing",
          "fine-soil-plasticity-and-shrink-swell-tests"
        ],
        "lat": 0.45872067,
        "line": "line-13",
        "lon": 33.1839602,
        "sample_id": "segment:line-13-civil-251:0000",
        "scope_id": "line-13-civil-251",
        "scope_type": "civil_segment"
      },
      "type": "Feature"
    },
    {
      "geometry": {
        "coordinates": [
          33.18405011,
          0.45872067
        ],
        "type": "Point"
      },
      "properties": {
        "chainage_m": 1230.0,
        "civil_class": "elevated",
        "investigation_flags": [
          "acidic-soil-durability-testing",
          "fine-soil-plasticity-and-shrink-swell-tests"
        ],
        "lat": 0.45872067,
        "line": "line-13",
        "lon": 33.18405011,
        "sample_id": "segment:line-13-civil-251:0001",
        "scope_id": "line-13-civil-251",
        "scope_type": "civil_segment"
      },
      "type": "Feature"
    },
    {
      "geometry": {
        "coordinates": [
          33.18413912,
          0.45872159
        ],
        "type": "Point"
      },
      "properties": {
        "chainage_m": 1240.0,
        "civil_class": "elevated",
        "investigation_flags": [
          "acidic-soil-durability-testing",
          "fine-soil-plasticity-and-shrink-swell-tests"
        ],
        "lat": 0.45872159,
        "line": "line-13",
        "lon": 33.18413912,
        "sample_id": "segment:line-13-civil-251:0002",
        "scope_id": "line-13-civil-251",
        "scope_type": "civil_segment"
      },
      "type": "Feature"
    },
    {
      "geometry": {
        "coordinates": [
          33.18413912,
          0.45872159
        ],
        "type": "Point"
      },
      "properties": {
        "chainage_m": 1240.0,
        "civil_class": "elevated",
        "investigation_flags": [
          "acidic-soil-durability-testing",
          "fine-soil-plasticity-and-shrink-swell-tests"
        ],
        "lat": 0.45872159,
        "line": "line-13",
        "lon": 33.18413912,
        "sample_id": "segment:line-13-civil-252:0000",
        "scope_id": "line-13-civil-252",
        "scope_type": "civil_segment"
      },
      "type": "Feature"
    },
    {
      "geometry": {
        "coordinates": [
          33.18414038,
          0.45908061
        ],
        "type": "Point"
      },
      "properties": {
        "chainage_m": 1280.0,
        "civil_class": "elevated",
        "investigation_flags": [
          "acidic-soil-durability-testing",
          "fine-soil-plasticity-and-shrink-swell-tests"
        ],
        "lat": 0.45908061,
        "line": "line-13",
        "lon": 33.18414038,
        "sample_id": "segment:line-13-civil-252:0001",
        "scope_id": "line-13-civil-252",
        "scope_type": "civil_segment"
      },
      "type": "Feature"
    },
    {
      "geometry": {
        "coordinates": [
          33.1843195,
          0.45926057
        ],
        "type": "Point"
      },
      "properties": {
        "chainage_m": 1320.0,
        "civil_class": "elevated",
        "investigation_flags": [
          "acidic-soil-durability-testing",
          "fine-soil-plasticity-and-shrink-swell-tests"
        ],
        "lat": 0.45926057,
        "line": "line-13",
        "lon": 33.1843195,
        "sample_id": "segment:line-13-civil-252:0002",
        "scope_id": "line-13-civil-252",
        "scope_type": "civil_segment"
      },
      "type": "Feature"
    },
    {
      "geometry": {
        "coordinates": [
          33.1843195,
          0.45926057
        ],
        "type": "Point"
      },
      "properties": {
        "chainage_m": 1320.0,
        "civil_class": "elevated",
        "investigation_flags": [
          "acidic-soil-durability-testing",
          "fine-soil-plasticity-and-shrink-swell-tests"
        ],
        "lat": 0.45926057,
        "line": "line-13",
        "lon": 33.1843195,
        "sample_id": "segment:line-13-civil-253:0000",
        "scope_id": "line-13-civil-253",
        "scope_type": "civil_segment"
      },
      "type": "Feature"
    },
    {
      "geometry": {
        "coordinates": [
          33.18440942,
          0.45926057
        ],
        "type": "Point"
      },
      "properties": {
        "chainage_m": 1330.0,
        "civil_class": "elevated",
        "investigation_flags": [
          "acidic-soil-durability-testing",
          "fine-soil-plasticity-and-shrink-swell-tests"
        ],
        "lat": 0.45926057,
        "line": "line-13",
        "lon": 33.18440942,
        "sample_id": "segment:line-13-civil-253:0001",
        "scope_id": "line-13-civil-253",
        "scope_type": "civil_segment"
      },
      "type": "Feature"
    },
    {
      "geometry": {
        "coordinates": [
          33.18449935,
          0.45926057
        ],
        "type": "Point"
      },
      "properties": {
        "chainage_m": 1340.0,
        "civil_class": "elevated",
        "investigation_flags": [
          "acidic-soil-durability-testing",
          "fine-soil-plasticity-and-shrink-swell-tests"
        ],
        "lat": 0.45926057,
        "line": "line-13",
        "lon": 33.18449935,
        "sample_id": "segment:line-13-civil-253:0002",
        "scope_id": "line-13-civil-253",
        "scope_type": "civil_segment"
      },
      "type": "Feature"
    },
    {
      "geometry": {
        "coordinates": [
          33.18449935,
          0.45926057
        ],
        "type": "Point"
      },
      "properties": {
        "chainage_m": 1340.0,
        "civil_class": "elevated",
        "investigation_flags": [
          "acidic-soil-durability-testing",
          "fine-soil-plasticity-and-shrink-swell-tests"
        ],
        "lat": 0.45926057,
        "line": "line-13",
        "lon": 33.18449935,
        "sample_id": "segment:line-13-civil-254:0000",
        "scope_id": "line-13-civil-254",
        "scope_type": "civil_segment"
      },
      "type": "Feature"
    },
    {
      "geometry": {
        "coordinates": [
          33.18458926,
          0.45926057
        ],
        "type": "Point"
      },
      "properties": {
        "chainage_m": 1350.0,
        "civil_class": "elevated",
        "investigation_flags": [
          "acidic-soil-durability-testing",
          "fine-soil-plasticity-and-shrink-swell-tests"
        ],
        "lat": 0.45926057,
        "line": "line-13",
        "lon": 33.18458926,
        "sample_id": "segment:line-13-civil-254:0001",
        "scope_id": "line-13-civil-254",
        "scope_type": "civil_segment"
      },
      "type": "Feature"
    },
    {
      "geometry": {
        "coordinates": [
          33.18467813,
          0.45926164
        ],
        "type": "Point"
      },
      "properties": {
        "chainage_m": 1360.0,
        "civil_class": "elevated",
        "investigation_flags": [
          "acidic-soil-durability-testing",
          "fine-soil-plasticity-and-shrink-swell-tests"
        ],
        "lat": 0.45926164,
        "line": "line-13",
        "lon": 33.18467813,
        "sample_id": "segment:line-13-civil-254:0002",
        "scope_id": "line-13-civil-254",
        "scope_type": "civil_segment"
      },
      "type": "Feature"
    },
    {
      "geometry": {
        "coordinates": [
          33.18467813,
          0.45926164
        ],
        "type": "Point"
      },
      "properties": {
        "chainage_m": 1360.0,
        "civil_class": "elevated",
        "investigation_flags": [
          "acidic-soil-durability-testing",
          "fine-soil-plasticity-and-shrink-swell-tests"
        ],
        "lat": 0.45926164,
        "line": "line-13",
        "lon": 33.18467813,
        "sample_id": "segment:line-13-civil-255:0000",
        "scope_id": "line-13-civil-255",
        "scope_type": "civil_segment"
      },
      "type": "Feature"
    },
    {
      "geometry": {
        "coordinates": [
          33.18467813,
          0.45944148
        ],
        "type": "Point"
      },
      "properties": {
        "chainage_m": 1380.0,
        "civil_class": "elevated",
        "investigation_flags": [
          "acidic-soil-durability-testing",
          "fine-soil-plasticity-and-shrink-swell-tests"
        ],
        "lat": 0.45944148,
        "line": "line-13",
        "lon": 33.18467813,
        "sample_id": "segment:line-13-civil-255:0001",
        "scope_id": "line-13-civil-255",
        "scope_type": "civil_segment"
      },
      "type": "Feature"
    },
    {
      "geometry": {
        "coordinates": [
          33.18467813,
          0.45962132
        ],
        "type": "Point"
      },
      "properties": {
        "chainage_m": 1400.0,
        "civil_class": "elevated",
        "investigation_flags": [
          "acidic-soil-durability-testing",
          "fine-soil-plasticity-and-shrink-swell-tests"
        ],
        "lat": 0.45962132,
        "line": "line-13",
        "lon": 33.18467813,
        "sample_id": "segment:line-13-civil-255:0002",
        "scope_id": "line-13-civil-255",
        "scope_type": "civil_segment"
      },
      "type": "Feature"
    },
    {
      "geometry": {
        "coordinates": [
          33.18467813,
          0.45962132
        ],
        "type": "Point"
      },
      "properties": {
        "chainage_m": 1400.0,
        "civil_class": "elevated",
        "investigation_flags": [
          "acidic-soil-durability-testing",
          "fine-soil-plasticity-and-shrink-swell-tests"
        ],
        "lat": 0.45962132,
        "line": "line-13",
        "lon": 33.18467813,
        "sample_id": "segment:line-13-civil-256:0000",
        "scope_id": "line-13-civil-256",
        "scope_type": "civil_segment"
      },
      "type": "Feature"
    },
    {
      "geometry": {
        "coordinates": [
          33.18467813,
          0.45971123
        ],
        "type": "Point"
      },
      "properties": {
        "chainage_m": 1410.0,
        "civil_class": "elevated",
        "investigation_flags": [
          "acidic-soil-durability-testing",
          "fine-soil-plasticity-and-shrink-swell-tests"
        ],
        "lat": 0.45971123,
        "line": "line-13",
        "lon": 33.18467813,
        "sample_id": "segment:line-13-civil-256:0001",
        "scope_id": "line-13-civil-256",
        "scope_type": "civil_segment"
      },
      "type": "Feature"
    },
    {
      "geometry": {
        "coordinates": [
          33.18467813,
          0.45980115
        ],
        "type": "Point"
      },
      "properties": {
        "chainage_m": 1420.0,
        "civil_class": "elevated",
        "investigation_flags": [
          "acidic-soil-durability-testing",
          "fine-soil-plasticity-and-shrink-swell-tests"
        ],
        "lat": 0.45980115,
        "line": "line-13",
        "lon": 33.18467813,
        "sample_id": "segment:line-13-civil-256:0002",
        "scope_id": "line-13-civil-256",
        "scope_type": "civil_segment"
      },
      "type": "Feature"
    },
    {
      "geometry": {
        "coordinates": [
          33.18467813,
          0.45980115
        ],
        "type": "Point"
      },
      "properties": {
        "chainage_m": 1420.0,
        "civil_class": "elevated",
        "investigation_flags": [
          "acidic-soil-durability-testing",
          "fine-soil-plasticity-and-shrink-swell-tests"
        ],
        "lat": 0.45980115,
        "line": "line-13",
        "lon": 33.18467813,
        "sample_id": "segment:line-13-civil-257:0000",
        "scope_id": "line-13-civil-257",
        "scope_type": "civil_segment"
      },
      "type": "Feature"
    },
    {
      "geometry": {
        "coordinates": [
          33.18467813,
          0.45989108
        ],
        "type": "Point"
      },
      "properties": {
        "chainage_m": 1430.0,
        "civil_class": "elevated",
        "investigation_flags": [
          "acidic-soil-durability-testing",
          "fine-soil-plasticity-and-shrink-swell-tests"
        ],
        "lat": 0.45989108,
        "line": "line-13",
        "lon": 33.18467813,
        "sample_id": "segment:line-13-civil-257:0001",
        "scope_id": "line-13-civil-257",
        "scope_type": "civil_segment"
      },
      "type": "Feature"
    },
    {
      "geometry": {
        "coordinates": [
          33.18467868,
          0.45998044
        ],
        "type": "Point"
      },
      "properties": {
        "chainage_m": 1440.0,
        "civil_class": "elevated",
        "investigation_flags": [
          "acidic-soil-durability-testing",
          "fine-soil-plasticity-and-shrink-swell-tests"
        ],
        "lat": 0.45998044,
        "line": "line-13",
        "lon": 33.18467868,
        "sample_id": "segment:line-13-civil-257:0002",
        "scope_id": "line-13-civil-257",
        "scope_type": "civil_segment"
      },
      "type": "Feature"
    },
    {
      "geometry": {
        "coordinates": [
          33.18467868,
          0.45998044
        ],
        "type": "Point"
      },
      "properties": {
        "chainage_m": 1440.0,
        "civil_class": "elevated",
        "investigation_flags": [
          "acidic-soil-durability-testing",
          "fine-soil-plasticity-and-shrink-swell-tests"
        ],
        "lat": 0.45998044,
        "line": "line-13",
        "lon": 33.18467868,
        "sample_id": "segment:line-13-civil-258:0000",
        "scope_id": "line-13-civil-258",
        "scope_type": "civil_segment"
      },
      "type": "Feature"
    },
    {
      "geometry": {
        "coordinates": [
          33.18485779,
          0.46016101
        ],
        "type": "Point"
      },
      "properties": {
        "chainage_m": 1480.0,
        "civil_class": "elevated",
        "investigation_flags": [
          "acidic-soil-durability-testing",
          "fine-soil-plasticity-and-shrink-swell-tests"
        ],
        "lat": 0.46016101,
        "line": "line-13",
        "lon": 33.18485779,
        "sample_id": "segment:line-13-civil-258:0001",
        "scope_id": "line-13-civil-258",
        "scope_type": "civil_segment"
      },
      "type": "Feature"
    },
    {
      "geometry": {
        "coordinates": [
          33.18503812,
          0.46034037
        ],
        "type": "Point"
      },
      "properties": {
        "chainage_m": 1520.0,
        "civil_class": "elevated",
        "investigation_flags": [
          "acidic-soil-durability-testing",
          "fine-soil-plasticity-and-shrink-swell-tests"
        ],
        "lat": 0.46034037,
        "line": "line-13",
        "lon": 33.18503812,
        "sample_id": "segment:line-13-civil-258:0002",
        "scope_id": "line-13-civil-258",
        "scope_type": "civil_segment"
      },
      "type": "Feature"
    },
    {
      "geometry": {
        "coordinates": [
          33.18503812,
          0.46034037
        ],
        "type": "Point"
      },
      "properties": {
        "chainage_m": 1520.0,
        "civil_class": "elevated",
        "investigation_flags": [
          "acidic-soil-durability-testing",
          "fine-soil-plasticity-and-shrink-swell-tests"
        ],
        "lat": 0.46034037,
        "line": "line-13",
        "lon": 33.18503812,
        "sample_id": "segment:line-13-civil-259:0000",
        "scope_id": "line-13-civil-259",
        "scope_type": "civil_segment"
      },
      "type": "Feature"
    },
    {
      "geometry": {
        "coordinates": [
          33.18521796,
          0.46034037
        ],
        "type": "Point"
      },
      "properties": {
        "chainage_m": 1540.0,
        "civil_class": "elevated",
        "investigation_flags": [
          "acidic-soil-durability-testing",
          "fine-soil-plasticity-and-shrink-swell-tests"
        ],
        "lat": 0.46034037,
        "line": "line-13",
        "lon": 33.18521796,
        "sample_id": "segment:line-13-civil-259:0001",
        "scope_id": "line-13-civil-259",
        "scope_type": "civil_segment"
      },
      "type": "Feature"
    },
    {
      "geometry": {
        "coordinates": [
          33.1853968,
          0.46034138
        ],
        "type": "Point"
      },
      "properties": {
        "chainage_m": 1560.0,
        "civil_class": "elevated",
        "investigation_flags": [
          "acidic-soil-durability-testing",
          "fine-soil-plasticity-and-shrink-swell-tests"
        ],
        "lat": 0.46034138,
        "line": "line-13",
        "lon": 33.1853968,
        "sample_id": "segment:line-13-civil-259:0002",
        "scope_id": "line-13-civil-259",
        "scope_type": "civil_segment"
      },
      "type": "Feature"
    },
    {
      "geometry": {
        "coordinates": [
          33.1853968,
          0.46034138
        ],
        "type": "Point"
      },
      "properties": {
        "chainage_m": 1560.0,
        "civil_class": "elevated",
        "investigation_flags": [
          "acidic-soil-durability-testing",
          "fine-soil-plasticity-and-shrink-swell-tests"
        ],
        "lat": 0.46034138,
        "line": "line-13",
        "lon": 33.1853968,
        "sample_id": "segment:line-13-civil-260:0000",
        "scope_id": "line-13-civil-260",
        "scope_type": "civil_segment"
      },
      "type": "Feature"
    },
    {
      "geometry": {
        "coordinates": [
          33.1853968,
          0.4604313
        ],
        "type": "Point"
      },
      "properties": {
        "chainage_m": 1570.0,
        "civil_class": "elevated",
        "investigation_flags": [
          "acidic-soil-durability-testing",
          "fine-soil-plasticity-and-shrink-swell-tests"
        ],
        "lat": 0.4604313,
        "line": "line-13",
        "lon": 33.1853968,
        "sample_id": "segment:line-13-civil-260:0001",
        "scope_id": "line-13-civil-260",
        "scope_type": "civil_segment"
      },
      "type": "Feature"
    },
    {
      "geometry": {
        "coordinates": [
          33.1853968,
          0.46052122
        ],
        "type": "Point"
      },
      "properties": {
        "chainage_m": 1580.0,
        "civil_class": "elevated",
        "investigation_flags": [
          "acidic-soil-durability-testing",
          "fine-soil-plasticity-and-shrink-swell-tests"
        ],
        "lat": 0.46052122,
        "line": "line-13",
        "lon": 33.1853968,
        "sample_id": "segment:line-13-civil-260:0002",
        "scope_id": "line-13-civil-260",
        "scope_type": "civil_segment"
      },
      "type": "Feature"
    },
    {
      "geometry": {
        "coordinates": [
          33.1853968,
          0.46052122
        ],
        "type": "Point"
      },
      "properties": {
        "chainage_m": 1580.0,
        "civil_class": "elevated",
        "investigation_flags": [
          "acidic-soil-durability-testing",
          "fine-soil-plasticity-and-shrink-swell-tests"
        ],
        "lat": 0.46052122,
        "line": "line-13",
        "lon": 33.1853968,
        "sample_id": "segment:line-13-civil-261:0000",
        "scope_id": "line-13-civil-261",
        "scope_type": "civil_segment"
      },
      "type": "Feature"
    },
    {
      "geometry": {
        "coordinates": [
          33.1853968,
          0.46061114
        ],
        "type": "Point"
      },
      "properties": {
        "chainage_m": 1590.0,
        "civil_class": "elevated",
        "investigation_flags": [
          "acidic-soil-durability-testing",
          "fine-soil-plasticity-and-shrink-swell-tests"
        ],
        "lat": 0.46061114,
        "line": "line-13",
        "lon": 33.1853968,
        "sample_id": "segment:line-13-civil-261:0001",
        "scope_id": "line-13-civil-261",
        "scope_type": "civil_segment"
      },
      "type": "Feature"
    },
    {
      "geometry": {
        "coordinates": [
          33.18539755,
          0.4607003
        ],
        "type": "Point"
      },
      "properties": {
        "chainage_m": 1600.0,
        "civil_class": "elevated",
        "investigation_flags": [
          "acidic-soil-durability-testing",
          "fine-soil-plasticity-and-shrink-swell-tests"
        ],
        "lat": 0.4607003,
        "line": "line-13",
        "lon": 33.18539755,
        "sample_id": "segment:line-13-civil-261:0002",
        "scope_id": "line-13-civil-261",
        "scope_type": "civil_segment"
      },
      "type": "Feature"
    },
    {
      "geometry": {
        "coordinates": [
          33.18539755,
          0.4607003
        ],
        "type": "Point"
      },
      "properties": {
        "chainage_m": 1600.0,
        "civil_class": "elevated",
        "investigation_flags": [
          "acidic-soil-durability-testing",
          "fine-soil-plasticity-and-shrink-swell-tests"
        ],
        "lat": 0.4607003,
        "line": "line-13",
        "lon": 33.18539755,
        "sample_id": "segment:line-13-civil-262:0000",
        "scope_id": "line-13-civil-262",
        "scope_type": "civil_segment"
      },
      "type": "Feature"
    },
    {
      "geometry": {
        "coordinates": [
          33.18548747,
          0.4607003
        ],
        "type": "Point"
      },
      "properties": {
        "chainage_m": 1610.0,
        "civil_class": "elevated",
        "investigation_flags": [
          "acidic-soil-durability-testing",
          "fine-soil-plasticity-and-shrink-swell-tests"
        ],
        "lat": 0.4607003,
        "line": "line-13",
        "lon": 33.18548747,
        "sample_id": "segment:line-13-civil-262:0001",
        "scope_id": "line-13-civil-262",
        "scope_type": "civil_segment"
      },
      "type": "Feature"
    },
    {
      "geometry": {
        "coordinates": [
          33.18557646,
          0.46070123
        ],
        "type": "Point"
      },
      "properties": {
        "chainage_m": 1620.0,
        "civil_class": "elevated",
        "investigation_flags": [
          "acidic-soil-durability-testing",
          "fine-soil-plasticity-and-shrink-swell-tests"
        ],
        "lat": 0.46070123,
        "line": "line-13",
        "lon": 33.18557646,
        "sample_id": "segment:line-13-civil-262:0002",
        "scope_id": "line-13-civil-262",
        "scope_type": "civil_segment"
      },
      "type": "Feature"
    },
    {
      "geometry": {
        "coordinates": [
          33.18557646,
          0.46070123
        ],
        "type": "Point"
      },
      "properties": {
        "chainage_m": 1620.0,
        "civil_class": "elevated",
        "investigation_flags": [
          "acidic-soil-durability-testing",
          "fine-soil-plasticity-and-shrink-swell-tests"
        ],
        "lat": 0.46070123,
        "line": "line-13",
        "lon": 33.18557646,
        "sample_id": "segment:line-13-civil-263:0000",
        "scope_id": "line-13-civil-263",
        "scope_type": "civil_segment"
      },
      "type": "Feature"
    },
    {
      "geometry": {
        "coordinates": [
          33.18557646,
          0.46079115
        ],
        "type": "Point"
      },
      "properties": {
        "chainage_m": 1630.0,
        "civil_class": "elevated",
        "investigation_flags": [
          "acidic-soil-durability-testing",
          "fine-soil-plasticity-and-shrink-swell-tests"
        ],
        "lat": 0.46079115,
        "line": "line-13",
        "lon": 33.18557646,
        "sample_id": "segment:line-13-civil-263:0001",
        "scope_id": "line-13-civil-263",
        "scope_type": "civil_segment"
      },
      "type": "Feature"
    },
    {
      "geometry": {
        "coordinates": [
          33.18557646,
          0.46088107
        ],
        "type": "Point"
      },
      "properties": {
        "chainage_m": 1640.0,
        "civil_class": "elevated",
        "investigation_flags": [
          "acidic-soil-durability-testing",
          "fine-soil-plasticity-and-shrink-swell-tests"
        ],
        "lat": 0.46088107,
        "line": "line-13",
        "lon": 33.18557646,
        "sample_id": "segment:line-13-civil-263:0002",
        "scope_id": "line-13-civil-263",
        "scope_type": "civil_segment"
      },
      "type": "Feature"
    },
    {
      "geometry": {
        "coordinates": [
          33.18557646,
          0.46088107
        ],
        "type": "Point"
      },
      "properties": {
        "chainage_m": 1640.0,
        "civil_class": "elevated",
        "investigation_flags": [
          "acidic-soil-durability-testing",
          "fine-soil-plasticity-and-shrink-swell-tests"
        ],
        "lat": 0.46088107,
        "line": "line-13",
        "lon": 33.18557646,
        "sample_id": "segment:line-13-civil-264:0000",
        "scope_id": "line-13-civil-264",
        "scope_type": "civil_segment"
      },
      "type": "Feature"
    },
    {
      "geometry": {
        "coordinates": [
          33.18557646,
          0.46097099
        ],
        "type": "Point"
      },
      "properties": {
        "chainage_m": 1650.0,
        "civil_class": "elevated",
        "investigation_flags": [
          "acidic-soil-durability-testing",
          "fine-soil-plasticity-and-shrink-swell-tests"
        ],
        "lat": 0.46097099,
        "line": "line-13",
        "lon": 33.18557646,
        "sample_id": "segment:line-13-civil-264:0001",
        "scope_id": "line-13-civil-264",
        "scope_type": "civil_segment"
      },
      "type": "Feature"
    },
    {
      "geometry": {
        "coordinates": [
          33.18557714,
          0.46106023
        ],
        "type": "Point"
      },
      "properties": {
        "chainage_m": 1660.0,
        "civil_class": "elevated",
        "investigation_flags": [
          "acidic-soil-durability-testing",
          "fine-soil-plasticity-and-shrink-swell-tests"
        ],
        "lat": 0.46106023,
        "line": "line-13",
        "lon": 33.18557714,
        "sample_id": "segment:line-13-civil-264:0002",
        "scope_id": "line-13-civil-264",
        "scope_type": "civil_segment"
      },
      "type": "Feature"
    },
    {
      "geometry": {
        "coordinates": [
          33.18557714,
          0.46106023
        ],
        "type": "Point"
      },
      "properties": {
        "chainage_m": 1660.0,
        "civil_class": "elevated",
        "investigation_flags": [
          "acidic-soil-durability-testing",
          "fine-soil-plasticity-and-shrink-swell-tests"
        ],
        "lat": 0.46106023,
        "line": "line-13",
        "lon": 33.18557714,
        "sample_id": "segment:line-13-civil-265:0000",
        "scope_id": "line-13-civil-265",
        "scope_type": "civil_segment"
      },
      "type": "Feature"
    },
    {
      "geometry": {
        "coordinates": [
          33.18575698,
          0.46106023
        ],
        "type": "Point"
      },
      "properties": {
        "chainage_m": 1680.0,
        "civil_class": "elevated",
        "investigation_flags": [
          "acidic-soil-durability-testing",
          "fine-soil-plasticity-and-shrink-swell-tests"
        ],
        "lat": 0.46106023,
        "line": "line-13",
        "lon": 33.18575698,
        "sample_id": "segment:line-13-civil-265:0001",
        "scope_id": "line-13-civil-265",
        "scope_type": "civil_segment"
      },
      "type": "Feature"
    },
    {
      "geometry": {
        "coordinates": [
          33.1859358,
          0.46106126
        ],
        "type": "Point"
      },
      "properties": {
        "chainage_m": 1700.0,
        "civil_class": "elevated",
        "investigation_flags": [
          "acidic-soil-durability-testing",
          "fine-soil-plasticity-and-shrink-swell-tests"
        ],
        "lat": 0.46106126,
        "line": "line-13",
        "lon": 33.1859358,
        "sample_id": "segment:line-13-civil-265:0002",
        "scope_id": "line-13-civil-265",
        "scope_type": "civil_segment"
      },
      "type": "Feature"
    },
    {
      "geometry": {
        "coordinates": [
          33.1859358,
          0.46106126
        ],
        "type": "Point"
      },
      "properties": {
        "chainage_m": 1700.0,
        "civil_class": "elevated",
        "investigation_flags": [
          "acidic-soil-durability-testing",
          "fine-soil-plasticity-and-shrink-swell-tests"
        ],
        "lat": 0.46106126,
        "line": "line-13",
        "lon": 33.1859358,
        "sample_id": "segment:line-13-civil-266:0000",
        "scope_id": "line-13-civil-266",
        "scope_type": "civil_segment"
      },
      "type": "Feature"
    },
    {
      "geometry": {
        "coordinates": [
          33.1859358,
          0.46115118
        ],
        "type": "Point"
      },
      "properties": {
        "chainage_m": 1710.0,
        "civil_class": "elevated",
        "investigation_flags": [
          "acidic-soil-durability-testing",
          "fine-soil-plasticity-and-shrink-swell-tests"
        ],
        "lat": 0.46115118,
        "line": "line-13",
        "lon": 33.1859358,
        "sample_id": "segment:line-13-civil-266:0001",
        "scope_id": "line-13-civil-266",
        "scope_type": "civil_segment"
      },
      "type": "Feature"
    },
    {
      "geometry": {
        "coordinates": [
          33.1859358,
          0.4612411
        ],
        "type": "Point"
      },
      "properties": {
        "chainage_m": 1720.0,
        "civil_class": "elevated",
        "investigation_flags": [
          "acidic-soil-durability-testing",
          "fine-soil-plasticity-and-shrink-swell-tests"
        ],
        "lat": 0.4612411,
        "line": "line-13",
        "lon": 33.1859358,
        "sample_id": "segment:line-13-civil-266:0002",
        "scope_id": "line-13-civil-266",
        "scope_type": "civil_segment"
      },
      "type": "Feature"
    },
    {
      "geometry": {
        "coordinates": [
          33.1859358,
          0.4612411
        ],
        "type": "Point"
      },
      "properties": {
        "chainage_m": 1720.0,
        "civil_class": "elevated",
        "investigation_flags": [
          "acidic-soil-durability-testing",
          "fine-soil-plasticity-and-shrink-swell-tests"
        ],
        "lat": 0.4612411,
        "line": "line-13",
        "lon": 33.1859358,
        "sample_id": "segment:line-13-civil-267:0000",
        "scope_id": "line-13-civil-267",
        "scope_type": "civil_segment"
      },
      "type": "Feature"
    },
    {
      "geometry": {
        "coordinates": [
          33.1859358,
          0.46142094
        ],
        "type": "Point"
      },
      "properties": {
        "chainage_m": 1740.0,
        "civil_class": "elevated",
        "investigation_flags": [
          "acidic-soil-durability-testing",
          "fine-soil-plasticity-and-shrink-swell-tests"
        ],
        "lat": 0.46142094,
        "line": "line-13",
        "lon": 33.1859358,
        "sample_id": "segment:line-13-civil-267:0001",
        "scope_id": "line-13-civil-267",
        "scope_type": "civil_segment"
      },
      "type": "Feature"
    },
    {
      "geometry": {
        "coordinates": [
          33.1859358,
          0.46160078
        ],
        "type": "Point"
      },
      "properties": {
        "chainage_m": 1760.0,
        "civil_class": "elevated",
        "investigation_flags": [
          "acidic-soil-durability-testing",
          "fine-soil-plasticity-and-shrink-swell-tests"
        ],
        "lat": 0.46160078,
        "line": "line-13",
        "lon": 33.1859358,
        "sample_id": "segment:line-13-civil-267:0002",
        "scope_id": "line-13-civil-267",
        "scope_type": "civil_segment"
      },
      "type": "Feature"
    },
    {
      "geometry": {
        "coordinates": [
          33.1859358,
          0.46160078
        ],
        "type": "Point"
      },
      "properties": {
        "chainage_m": 1760.0,
        "civil_class": "elevated",
        "investigation_flags": [
          "acidic-soil-durability-testing",
          "fine-soil-plasticity-and-shrink-swell-tests"
        ],
        "lat": 0.46160078,
        "line": "line-13",
        "lon": 33.1859358,
        "sample_id": "segment:line-13-civil-268:0000",
        "scope_id": "line-13-civil-268",
        "scope_type": "civil_segment"
      },
      "type": "Feature"
    },
    {
      "geometry": {
        "coordinates": [
          33.1859358,
          0.4616907
        ],
        "type": "Point"
      },
      "properties": {
        "chainage_m": 1770.0,
        "civil_class": "elevated",
        "investigation_flags": [
          "acidic-soil-durability-testing",
          "fine-soil-plasticity-and-shrink-swell-tests"
        ],
        "lat": 0.4616907,
        "line": "line-13",
        "lon": 33.1859358,
        "sample_id": "segment:line-13-civil-268:0001",
        "scope_id": "line-13-civil-268",
        "scope_type": "civil_segment"
      },
      "type": "Feature"
    },
    {
      "geometry": {
        "coordinates": [
          33.18593632,
          0.4617801
        ],
        "type": "Point"
      },
      "properties": {
        "chainage_m": 1780.0,
        "civil_class": "elevated",
        "investigation_flags": [
          "acidic-soil-durability-testing",
          "fine-soil-plasticity-and-shrink-swell-tests"
        ],
        "lat": 0.4617801,
        "line": "line-13",
        "lon": 33.18593632,
        "sample_id": "segment:line-13-civil-268:0002",
        "scope_id": "line-13-civil-268",
        "scope_type": "civil_segment"
      },
      "type": "Feature"
    },
    {
      "geometry": {
        "coordinates": [
          33.18593632,
          0.4617801
        ],
        "type": "Point"
      },
      "properties": {
        "chainage_m": 1780.0,
        "civil_class": "elevated",
        "investigation_flags": [
          "acidic-soil-durability-testing",
          "fine-soil-plasticity-and-shrink-swell-tests"
        ],
        "lat": 0.4617801,
        "line": "line-13",
        "lon": 33.18593632,
        "sample_id": "segment:line-13-civil-269:0000",
        "scope_id": "line-13-civil-269",
        "scope_type": "civil_segment"
      },
      "type": "Feature"
    },
    {
      "geometry": {
        "coordinates": [
          33.18602624,
          0.4617801
        ],
        "type": "Point"
      },
      "properties": {
        "chainage_m": 1790.0,
        "civil_class": "elevated",
        "investigation_flags": [
          "acidic-soil-durability-testing",
          "fine-soil-plasticity-and-shrink-swell-tests"
        ],
        "lat": 0.4617801,
        "line": "line-13",
        "lon": 33.18602624,
        "sample_id": "segment:line-13-civil-269:0001",
        "scope_id": "line-13-civil-269",
        "scope_type": "civil_segment"
      },
      "type": "Feature"
    },
    {
      "geometry": {
        "coordinates": [
          33.18611547,
          0.46178079
        ],
        "type": "Point"
      },
      "properties": {
        "chainage_m": 1800.0,
        "civil_class": "elevated",
        "investigation_flags": [
          "acidic-soil-durability-testing",
          "fine-soil-plasticity-and-shrink-swell-tests"
        ],
        "lat": 0.46178079,
        "line": "line-13",
        "lon": 33.18611547,
        "sample_id": "segment:line-13-civil-269:0002",
        "scope_id": "line-13-civil-269",
        "scope_type": "civil_segment"
      },
      "type": "Feature"
    },
    {
      "geometry": {
        "coordinates": [
          33.18611547,
          0.46178079
        ],
        "type": "Point"
      },
      "properties": {
        "chainage_m": 1800.0,
        "civil_class": "elevated",
        "investigation_flags": [
          "acidic-soil-durability-testing",
          "fine-soil-plasticity-and-shrink-swell-tests"
        ],
        "lat": 0.46178079,
        "line": "line-13",
        "lon": 33.18611547,
        "sample_id": "segment:line-13-civil-270:0000",
        "scope_id": "line-13-civil-270",
        "scope_type": "civil_segment"
      },
      "type": "Feature"
    },
    {
      "geometry": {
        "coordinates": [
          33.18611547,
          0.46205116
        ],
        "type": "Point"
      },
      "properties": {
        "chainage_m": 1830.0,
        "civil_class": "elevated",
        "investigation_flags": [
          "acidic-soil-durability-testing",
          "fine-soil-plasticity-and-shrink-swell-tests"
        ],
        "lat": 0.46205116,
        "line": "line-13",
        "lon": 33.18611547,
        "sample_id": "segment:line-13-civil-270:0001",
        "scope_id": "line-13-civil-270",
        "scope_type": "civil_segment"
      },
      "type": "Feature"
    },
    {
      "geometry": {
        "coordinates": [
          33.18629514,
          0.46214065
        ],
        "type": "Point"
      },
      "properties": {
        "chainage_m": 1860.0,
        "civil_class": "elevated",
        "investigation_flags": [
          "acidic-soil-durability-testing",
          "fine-soil-plasticity-and-shrink-swell-tests"
        ],
        "lat": 0.46214065,
        "line": "line-13",
        "lon": 33.18629514,
        "sample_id": "segment:line-13-civil-270:0002",
        "scope_id": "line-13-civil-270",
        "scope_type": "civil_segment"
      },
      "type": "Feature"
    },
    {
      "geometry": {
        "coordinates": [
          33.18629514,
          0.46214065
        ],
        "type": "Point"
      },
      "properties": {
        "chainage_m": 1860.0,
        "civil_class": "elevated",
        "investigation_flags": [
          "acidic-soil-durability-testing",
          "fine-soil-plasticity-and-shrink-swell-tests"
        ],
        "lat": 0.46214065,
        "line": "line-13",
        "lon": 33.18629514,
        "sample_id": "segment:line-13-civil-271:0000",
        "scope_id": "line-13-civil-271",
        "scope_type": "civil_segment"
      },
      "type": "Feature"
    },
    {
      "geometry": {
        "coordinates": [
          33.18629514,
          0.46232049
        ],
        "type": "Point"
      },
      "properties": {
        "chainage_m": 1880.0,
        "civil_class": "elevated",
        "investigation_flags": [
          "acidic-soil-durability-testing",
          "fine-soil-plasticity-and-shrink-swell-tests"
        ],
        "lat": 0.46232049,
        "line": "line-13",
        "lon": 33.18629514,
        "sample_id": "segment:line-13-civil-271:0001",
        "scope_id": "line-13-civil-271",
        "scope_type": "civil_segment"
      },
      "type": "Feature"
    },
    {
      "geometry": {
        "coordinates": [
          33.18629514,
          0.46250033
        ],
        "type": "Point"
      },
      "properties": {
        "chainage_m": 1900.0,
        "civil_class": "elevated",
        "investigation_flags": [
          "acidic-soil-durability-testing",
          "fine-soil-plasticity-and-shrink-swell-tests"
        ],
        "lat": 0.46250033,
        "line": "line-13",
        "lon": 33.18629514,
        "sample_id": "segment:line-13-civil-271:0002",
        "scope_id": "line-13-civil-271",
        "scope_type": "civil_segment"
      },
      "type": "Feature"
    },
    {
      "geometry": {
        "coordinates": [
          33.18629514,
          0.46250033
        ],
        "type": "Point"
      },
      "properties": {
        "chainage_m": 1900.0,
        "civil_class": "elevated",
        "investigation_flags": [
          "acidic-soil-durability-testing",
          "fine-soil-plasticity-and-shrink-swell-tests"
        ],
        "lat": 0.46250033,
        "line": "line-13",
        "lon": 33.18629514,
        "sample_id": "segment:line-13-civil-272:0000",
        "scope_id": "line-13-civil-272",
        "scope_type": "civil_segment"
      },
      "type": "Feature"
    },
    {
      "geometry": {
        "coordinates": [
          33.18629514,
          0.46286
        ],
        "type": "Point"
      },
      "properties": {
        "chainage_m": 1940.0,
        "civil_class": "elevated",
        "investigation_flags": [
          "acidic-soil-durability-testing",
          "fine-soil-plasticity-and-shrink-swell-tests"
        ],
        "lat": 0.46286,
        "line": "line-13",
        "lon": 33.18629514,
        "sample_id": "segment:line-13-civil-272:0001",
        "scope_id": "line-13-civil-272",
        "scope_type": "civil_segment"
      },
      "type": "Feature"
    },
    {
      "geometry": {
        "coordinates": [
          33.18629514,
          0.46321968
        ],
        "type": "Point"
      },
      "properties": {
        "chainage_m": 1980.0,
        "civil_class": "elevated",
        "investigation_flags": [
          "acidic-soil-durability-testing",
          "fine-soil-plasticity-and-shrink-swell-tests"
        ],
        "lat": 0.46321968,
        "line": "line-13",
        "lon": 33.18629514,
        "sample_id": "segment:line-13-civil-272:0002",
        "scope_id": "line-13-civil-272",
        "scope_type": "civil_segment"
      },
      "type": "Feature"
    },
    {
      "geometry": {
        "coordinates": [
          33.18629514,
          0.46321968
        ],
        "type": "Point"
      },
      "properties": {
        "chainage_m": 1980.0,
        "civil_class": "elevated",
        "investigation_flags": [
          "acidic-soil-durability-testing",
          "fine-soil-plasticity-and-shrink-swell-tests"
        ],
        "lat": 0.46321968,
        "line": "line-13",
        "lon": 33.18629514,
        "sample_id": "segment:line-13-civil-273:0000",
        "scope_id": "line-13-civil-273",
        "scope_type": "civil_segment"
      },
      "type": "Feature"
    },
    {
      "geometry": {
        "coordinates": [
          33.18629514,
          0.4633096
        ],
        "type": "Point"
      },
      "properties": {
        "chainage_m": 1990.0,
        "civil_class": "elevated",
        "investigation_flags": [
          "acidic-soil-durability-testing",
          "fine-soil-plasticity-and-shrink-swell-tests"
        ],
        "lat": 0.4633096,
        "line": "line-13",
        "lon": 33.18629514,
        "sample_id": "segment:line-13-civil-273:0001",
        "scope_id": "line-13-civil-273",
        "scope_type": "civil_segment"
      },
      "type": "Feature"
    },
    {
      "geometry": {
        "coordinates": [
          33.18629514,
          0.46339952
        ],
        "type": "Point"
      },
      "properties": {
        "chainage_m": 2000.0,
        "civil_class": "elevated",
        "investigation_flags": [
          "acidic-soil-durability-testing",
          "fine-soil-plasticity-and-shrink-swell-tests"
        ],
        "lat": 0.46339952,
        "line": "line-13",
        "lon": 33.18629514,
        "sample_id": "segment:line-13-civil-273:0002",
        "scope_id": "line-13-civil-273",
        "scope_type": "civil_segment"
      },
      "type": "Feature"
    },
    {
      "geometry": {
        "coordinates": [
          33.18629514,
          0.46339952
        ],
        "type": "Point"
      },
      "properties": {
        "chainage_m": 2000.0,
        "civil_class": "elevated",
        "investigation_flags": [
          "acidic-soil-durability-testing",
          "fine-soil-plasticity-and-shrink-swell-tests"
        ],
        "lat": 0.46339952,
        "line": "line-13",
        "lon": 33.18629514,
        "sample_id": "segment:line-13-civil-274:0000",
        "scope_id": "line-13-civil-274",
        "scope_type": "civil_segment"
      },
      "type": "Feature"
    },
    {
      "geometry": {
        "coordinates": [
          33.18638478,
          0.46339979
        ],
        "type": "Point"
      },
      "properties": {
        "chainage_m": 2010.0,
        "civil_class": "elevated",
        "investigation_flags": [
          "acidic-soil-durability-testing",
          "fine-soil-plasticity-and-shrink-swell-tests"
        ],
        "lat": 0.46339979,
        "line": "line-13",
        "lon": 33.18638478,
        "sample_id": "segment:line-13-civil-274:0001",
        "scope_id": "line-13-civil-274",
        "scope_type": "civil_segment"
      },
      "type": "Feature"
    },
    {
      "geometry": {
        "coordinates": [
          33.1864747,
          0.46339979
        ],
        "type": "Point"
      },
      "properties": {
        "chainage_m": 2020.0,
        "civil_class": "elevated",
        "investigation_flags": [
          "acidic-soil-durability-testing",
          "fine-soil-plasticity-and-shrink-swell-tests"
        ],
        "lat": 0.46339979,
        "line": "line-13",
        "lon": 33.1864747,
        "sample_id": "segment:line-13-civil-274:0002",
        "scope_id": "line-13-civil-274",
        "scope_type": "civil_segment"
      },
      "type": "Feature"
    },
    {
      "geometry": {
        "coordinates": [
          33.1864747,
          0.46339979
        ],
        "type": "Point"
      },
      "properties": {
        "chainage_m": 2020.0,
        "civil_class": "elevated",
        "investigation_flags": [
          "acidic-soil-durability-testing",
          "fine-soil-plasticity-and-shrink-swell-tests"
        ],
        "lat": 0.46339979,
        "line": "line-13",
        "lon": 33.1864747,
        "sample_id": "segment:line-13-civil-275:0000",
        "scope_id": "line-13-civil-275",
        "scope_type": "civil_segment"
      },
      "type": "Feature"
    },
    {
      "geometry": {
        "coordinates": [
          33.1864748,
          0.46348962
        ],
        "type": "Point"
      },
      "properties": {
        "chainage_m": 2030.0,
        "civil_class": "elevated",
        "investigation_flags": [
          "acidic-soil-durability-testing",
          "fine-soil-plasticity-and-shrink-swell-tests"
        ],
        "lat": 0.46348962,
        "line": "line-13",
        "lon": 33.1864748,
        "sample_id": "segment:line-13-civil-275:0001",
        "scope_id": "line-13-civil-275",
        "scope_type": "civil_segment"
      },
      "type": "Feature"
    },
    {
      "geometry": {
        "coordinates": [
          33.1864748,
          0.46357954
        ],
        "type": "Point"
      },
      "properties": {
        "chainage_m": 2040.0,
        "civil_class": "elevated",
        "investigation_flags": [
          "acidic-soil-durability-testing",
          "fine-soil-plasticity-and-shrink-swell-tests"
        ],
        "lat": 0.46357954,
        "line": "line-13",
        "lon": 33.1864748,
        "sample_id": "segment:line-13-civil-275:0002",
        "scope_id": "line-13-civil-275",
        "scope_type": "civil_segment"
      },
      "type": "Feature"
    },
    {
      "geometry": {
        "coordinates": [
          33.1864748,
          0.46357954
        ],
        "type": "Point"
      },
      "properties": {
        "chainage_m": 2040.0,
        "civil_class": "elevated",
        "investigation_flags": [
          "acidic-soil-durability-testing",
          "fine-soil-plasticity-and-shrink-swell-tests"
        ],
        "lat": 0.46357954,
        "line": "line-13",
        "lon": 33.1864748,
        "sample_id": "segment:line-13-civil-276:0000",
        "scope_id": "line-13-civil-276",
        "scope_type": "civil_segment"
      },
      "type": "Feature"
    },
    {
      "geometry": {
        "coordinates": [
          33.18656498,
          0.46375973
        ],
        "type": "Point"
      },
      "properties": {
        "chainage_m": 2070.0,
        "civil_class": "elevated",
        "investigation_flags": [
          "acidic-soil-durability-testing",
          "fine-soil-plasticity-and-shrink-swell-tests"
        ],
        "lat": 0.46375973,
        "line": "line-13",
        "lon": 33.18656498,
        "sample_id": "segment:line-13-civil-276:0001",
        "scope_id": "line-13-civil-276",
        "scope_type": "civil_segment"
      },
      "type": "Feature"
    },
    {
      "geometry": {
        "coordinates": [
          33.18683414,
          0.46375973
        ],
        "type": "Point"
      },
      "properties": {
        "chainage_m": 2100.0,
        "civil_class": "elevated",
        "investigation_flags": [
          "acidic-soil-durability-testing",
          "fine-soil-plasticity-and-shrink-swell-tests"
        ],
        "lat": 0.46375973,
        "line": "line-13",
        "lon": 33.18683414,
        "sample_id": "segment:line-13-civil-276:0002",
        "scope_id": "line-13-civil-276",
        "scope_type": "civil_segment"
      },
      "type": "Feature"
    },
    {
      "geometry": {
        "coordinates": [
          33.17335906,
          0.46555939
        ],
        "type": "Point"
      },
      "properties": {
        "chainage_m": 0.0,
        "civil_class": "elevated",
        "investigation_flags": [
          "acidic-soil-durability-testing",
          "fine-soil-plasticity-and-shrink-swell-tests"
        ],
        "lat": 0.46555939,
        "line": "line-14",
        "lon": 33.17335906,
        "sample_id": "segment:line-14-civil-277:0000",
        "scope_id": "line-14-civil-277",
        "scope_type": "civil_segment"
      },
      "type": "Feature"
    },
    {
      "geometry": {
        "coordinates": [
          33.1732691,
          0.4656495
        ],
        "type": "Point"
      },
      "properties": {
        "chainage_m": 14.15,
        "civil_class": "elevated",
        "investigation_flags": [
          "acidic-soil-durability-testing",
          "fine-soil-plasticity-and-shrink-swell-tests"
        ],
        "lat": 0.4656495,
        "line": "line-14",
        "lon": 33.1732691,
        "sample_id": "segment:line-14-civil-277:0001",
        "scope_id": "line-14-civil-277",
        "scope_type": "civil_segment"
      },
      "type": "Feature"
    },
    {
      "geometry": {
        "coordinates": [
          33.17317939,
          0.46573971
        ],
        "type": "Point"
      },
      "properties": {
        "chainage_m": 28.3,
        "civil_class": "elevated",
        "investigation_flags": [
          "acidic-soil-durability-testing",
          "fine-soil-plasticity-and-shrink-swell-tests"
        ],
        "lat": 0.46573971,
        "line": "line-14",
        "lon": 33.17317939,
        "sample_id": "segment:line-14-civil-277:0002",
        "scope_id": "line-14-civil-277",
        "scope_type": "civil_segment"
      },
      "type": "Feature"
    },
    {
      "geometry": {
        "coordinates": [
          33.17317939,
          0.46573971
        ],
        "type": "Point"
      },
      "properties": {
        "chainage_m": 28.3,
        "civil_class": "elevated",
        "investigation_flags": [
          "acidic-soil-durability-testing",
          "fine-soil-plasticity-and-shrink-swell-tests"
        ],
        "lat": 0.46573971,
        "line": "line-14",
        "lon": 33.17317939,
        "sample_id": "segment:line-14-civil-278:0000",
        "scope_id": "line-14-civil-278",
        "scope_type": "civil_segment"
      },
      "type": "Feature"
    },
    {
      "geometry": {
        "coordinates": [
          33.17317939,
          0.46582969
        ],
        "type": "Point"
      },
      "properties": {
        "chainage_m": 38.3,
        "civil_class": "elevated",
        "investigation_flags": [
          "acidic-soil-durability-testing",
          "fine-soil-plasticity-and-shrink-swell-tests"
        ],
        "lat": 0.46582969,
        "line": "line-14",
        "lon": 33.17317939,
        "sample_id": "segment:line-14-civil-278:0001",
        "scope_id": "line-14-civil-278",
        "scope_type": "civil_segment"
      },
      "type": "Feature"
    },
    {
      "geometry": {
        "coordinates": [
          33.17317939,
          0.46591967
        ],
        "type": "Point"
      },
      "properties": {
        "chainage_m": 48.3,
        "civil_class": "elevated",
        "investigation_flags": [
          "acidic-soil-durability-testing",
          "fine-soil-plasticity-and-shrink-swell-tests"
        ],
        "lat": 0.46591967,
        "line": "line-14",
        "lon": 33.17317939,
        "sample_id": "segment:line-14-civil-278:0002",
        "scope_id": "line-14-civil-278",
        "scope_type": "civil_segment"
      },
      "type": "Feature"
    },
    {
      "geometry": {
        "coordinates": [
          33.17317939,
          0.46591967
        ],
        "type": "Point"
      },
      "properties": {
        "chainage_m": 48.3,
        "civil_class": "elevated",
        "investigation_flags": [
          "acidic-soil-durability-testing",
          "fine-soil-plasticity-and-shrink-swell-tests"
        ],
        "lat": 0.46591967,
        "line": "line-14",
        "lon": 33.17317939,
        "sample_id": "segment:line-14-civil-279:0000",
        "scope_id": "line-14-civil-279",
        "scope_type": "civil_segment"
      },
      "type": "Feature"
    },
    {
      "geometry": {
        "coordinates": [
          33.17317939,
          0.46609963
        ],
        "type": "Point"
      },
      "properties": {
        "chainage_m": 68.3,
        "civil_class": "elevated",
        "investigation_flags": [
          "acidic-soil-durability-testing",
          "fine-soil-plasticity-and-shrink-swell-tests"
        ],
        "lat": 0.46609963,
        "line": "line-14",
        "lon": 33.17317939,
        "sample_id": "segment:line-14-civil-279:0001",
        "scope_id": "line-14-civil-279",
        "scope_type": "civil_segment"
      },
      "type": "Feature"
    },
    {
      "geometry": {
        "coordinates": [
          33.17317939,
          0.4662796
        ],
        "type": "Point"
      },
      "properties": {
        "chainage_m": 88.3,
        "civil_class": "elevated",
        "investigation_flags": [
          "acidic-soil-durability-testing",
          "fine-soil-plasticity-and-shrink-swell-tests"
        ],
        "lat": 0.4662796,
        "line": "line-14",
        "lon": 33.17317939,
        "sample_id": "segment:line-14-civil-279:0002",
        "scope_id": "line-14-civil-279",
        "scope_type": "civil_segment"
      },
      "type": "Feature"
    },
    {
      "geometry": {
        "coordinates": [
          33.17317939,
          0.4662796
        ],
        "type": "Point"
      },
      "properties": {
        "chainage_m": 88.3,
        "civil_class": "elevated",
        "investigation_flags": [
          "acidic-soil-durability-testing",
          "fine-soil-plasticity-and-shrink-swell-tests"
        ],
        "lat": 0.4662796,
        "line": "line-14",
        "lon": 33.17317939,
        "sample_id": "segment:line-14-civil-280:0000",
        "scope_id": "line-14-civil-280",
        "scope_type": "civil_segment"
      },
      "type": "Feature"
    },
    {
      "geometry": {
        "coordinates": [
          33.17317939,
          0.47532328
        ],
        "type": "Point"
      },
      "properties": {
        "chainage_m": 1093.361,
        "civil_class": "elevated",
        "investigation_flags": [
          "acidic-soil-durability-testing",
          "fine-soil-plasticity-and-shrink-swell-tests"
        ],
        "lat": 0.47532328,
        "line": "line-14",
        "lon": 33.17317939,
        "sample_id": "segment:line-14-civil-280:0001",
        "scope_id": "line-14-civil-280",
        "scope_type": "civil_segment"
      },
      "type": "Feature"
    },
    {
      "geometry": {
        "coordinates": [
          33.17317939,
          0.47617756
        ],
        "type": "Point"
      },
      "properties": {
        "chainage_m": 1188.3,
        "civil_class": "elevated",
        "investigation_flags": [
          "acidic-soil-durability-testing",
          "fine-soil-plasticity-and-shrink-swell-tests"
        ],
        "lat": 0.47617756,
        "line": "line-14",
        "lon": 33.17317939,
        "sample_id": "segment:line-14-civil-280:0002",
        "scope_id": "line-14-civil-280",
        "scope_type": "civil_segment"
      },
      "type": "Feature"
    },
    {
      "geometry": {
        "coordinates": [
          33.17317939,
          0.48436697
        ],
        "type": "Point"
      },
      "properties": {
        "chainage_m": 2098.421,
        "civil_class": "elevated",
        "investigation_flags": [
          "acidic-soil-durability-testing",
          "fine-soil-plasticity-and-shrink-swell-tests"
        ],
        "lat": 0.48436697,
        "line": "line-14",
        "lon": 33.17317939,
        "sample_id": "segment:line-14-civil-280:0003",
        "scope_id": "line-14-civil-280",
        "scope_type": "civil_segment"
      },
      "type": "Feature"
    },
    {
      "geometry": {
        "coordinates": [
          33.17317939,
          0.48607553
        ],
        "type": "Point"
      },
      "properties": {
        "chainage_m": 2288.3,
        "civil_class": "elevated",
        "investigation_flags": [
          "acidic-soil-durability-testing",
          "fine-soil-plasticity-and-shrink-swell-tests"
        ],
        "lat": 0.48607553,
        "line": "line-14",
        "lon": 33.17317939,
        "sample_id": "segment:line-14-civil-280:0004",
        "scope_id": "line-14-civil-280",
        "scope_type": "civil_segment"
      },
      "type": "Feature"
    },
    {
      "geometry": {
        "coordinates": [
          33.21881499,
          0.39879194
        ],
        "type": "Point"
      },
      "properties": {
        "chainage_m": 0.0,
        "civil_class": "at-grade",
        "investigation_flags": [
          "acidic-soil-durability-testing",
          "fine-soil-plasticity-and-shrink-swell-tests"
        ],
        "lat": 0.39879194,
        "line": "line-2",
        "lon": 33.21881499,
        "sample_id": "segment:line-2-civil-004:0000",
        "scope_id": "line-2-civil-004",
        "scope_type": "civil_segment"
      },
      "type": "Feature"
    },
    {
      "geometry": {
        "coordinates": [
          33.21057792,
          0.39881963
        ],
        "type": "Point"
      },
      "properties": {
        "chainage_m": 1000.597,
        "civil_class": "at-grade",
        "investigation_flags": [
          "acidic-soil-durability-testing",
          "fine-soil-plasticity-and-shrink-swell-tests"
        ],
        "lat": 0.39881963,
        "line": "line-2",
        "lon": 33.21057792,
        "sample_id": "segment:line-2-civil-004:0001",
        "scope_id": "line-2-civil-004",
        "scope_type": "civil_segment"
      },
      "type": "Feature"
    },
    {
      "geometry": {
        "coordinates": [
          33.20479026,
          0.40024234
        ],
        "type": "Point"
      },
      "properties": {
        "chainage_m": 1827.8,
        "civil_class": "at-grade",
        "investigation_flags": [
          "acidic-soil-durability-testing",
          "fine-soil-plasticity-and-shrink-swell-tests"
        ],
        "lat": 0.40024234,
        "line": "line-2",
        "lon": 33.20479026,
        "sample_id": "segment:line-2-civil-004:0002",
        "scope_id": "line-2-civil-004",
        "scope_type": "civil_segment"
      },
      "type": "Feature"
    },
    {
      "geometry": {
        "coordinates": [
          33.20363441,
          0.40122014
        ],
        "type": "Point"
      },
      "properties": {
        "chainage_m": 2001.194,
        "civil_class": "at-grade",
        "investigation_flags": [
          "acidic-soil-durability-testing",
          "fine-soil-plasticity-and-shrink-swell-tests"
        ],
        "lat": 0.40122014,
        "line": "line-2",
        "lon": 33.20363441,
        "sample_id": "segment:line-2-civil-004:0003",
        "scope_id": "line-2-civil-004",
        "scope_type": "civil_segment"
      },
      "type": "Feature"
    },
    {
      "geometry": {
        "coordinates": [
          33.19579524,
          0.40401096
        ],
        "type": "Point"
      },
      "properties": {
        "chainage_m": 3001.791,
        "civil_class": "at-grade",
        "investigation_flags": [
          "acidic-soil-durability-testing",
          "fine-soil-plasticity-and-shrink-swell-tests"
        ],
        "lat": 0.40401096,
        "line": "line-2",
        "lon": 33.19579524,
        "sample_id": "segment:line-2-civil-004:0004",
        "scope_id": "line-2-civil-004",
        "scope_type": "civil_segment"
      },
      "type": "Feature"
    },
    {
      "geometry": {
        "coordinates": [
          33.19078683,
          0.40582942
        ],
        "type": "Point"
      },
      "properties": {
        "chainage_m": 3655.6,
        "civil_class": "at-grade",
        "investigation_flags": [
          "acidic-soil-durability-testing",
          "fine-soil-plasticity-and-shrink-swell-tests"
        ],
        "lat": 0.40582942,
        "line": "line-2",
        "lon": 33.19078683,
        "sample_id": "segment:line-2-civil-004:0005",
        "scope_id": "line-2-civil-004",
        "scope_type": "civil_segment"
      },
      "type": "Feature"
    },
    {
      "geometry": {
        "coordinates": [
          33.19078683,
          0.40582942
        ],
        "type": "Point"
      },
      "properties": {
        "chainage_m": 3655.6,
        "civil_class": "elevated",
        "investigation_flags": [
          "acidic-soil-durability-testing",
          "fine-soil-plasticity-and-shrink-swell-tests"
        ],
        "lat": 0.40582942,
        "line": "line-2",
        "lon": 33.19078683,
        "sample_id": "segment:line-2-civil-005:0000",
        "scope_id": "line-2-civil-005",
        "scope_type": "civil_segment"
      },
      "type": "Feature"
    },
    {
      "geometry": {
        "coordinates": [
          33.19078683,
          0.4059195
        ],
        "type": "Point"
      },
      "properties": {
        "chainage_m": 3665.618,
        "civil_class": "elevated",
        "investigation_flags": [
          "acidic-soil-durability-testing",
          "fine-soil-plasticity-and-shrink-swell-tests"
        ],
        "lat": 0.4059195,
        "line": "line-2",
        "lon": 33.19078683,
        "sample_id": "segment:line-2-civil-005:0001",
        "scope_id": "line-2-civil-005",
        "scope_type": "civil_segment"
      },
      "type": "Feature"
    },
    {
      "geometry": {
        "coordinates": [
          33.19078683,
          0.40600958
        ],
        "type": "Point"
      },
      "properties": {
        "chainage_m": 3675.635,
        "civil_class": "elevated",
        "investigation_flags": [
          "acidic-soil-durability-testing",
          "fine-soil-plasticity-and-shrink-swell-tests"
        ],
        "lat": 0.40600958,
        "line": "line-2",
        "lon": 33.19078683,
        "sample_id": "segment:line-2-civil-005:0002",
        "scope_id": "line-2-civil-005",
        "scope_type": "civil_segment"
      },
      "type": "Feature"
    },
    {
      "geometry": {
        "coordinates": [
          33.19078683,
          0.40600958
        ],
        "type": "Point"
      },
      "properties": {
        "chainage_m": 3675.635,
        "civil_class": "elevated",
        "investigation_flags": [
          "acidic-soil-durability-testing",
          "fine-soil-plasticity-and-shrink-swell-tests"
        ],
        "lat": 0.40600958,
        "line": "line-2",
        "lon": 33.19078683,
        "sample_id": "segment:line-2-civil-006:0000",
        "scope_id": "line-2-civil-006",
        "scope_type": "civil_segment"
      },
      "type": "Feature"
    },
    {
      "geometry": {
        "coordinates": [
          33.19078683,
          0.40627918
        ],
        "type": "Point"
      },
      "properties": {
        "chainage_m": 3705.618,
        "civil_class": "elevated",
        "investigation_flags": [
          "acidic-soil-durability-testing",
          "fine-soil-plasticity-and-shrink-swell-tests"
        ],
        "lat": 0.40627918,
        "line": "line-2",
        "lon": 33.19078683,
        "sample_id": "segment:line-2-civil-006:0001",
        "scope_id": "line-2-civil-006",
        "scope_type": "civil_segment"
      },
      "type": "Feature"
    },
    {
      "geometry": {
        "coordinates": [
          33.19078683,
          0.40654878
        ],
        "type": "Point"
      },
      "properties": {
        "chainage_m": 3735.6,
        "civil_class": "elevated",
        "investigation_flags": [
          "acidic-soil-durability-testing",
          "fine-soil-plasticity-and-shrink-swell-tests"
        ],
        "lat": 0.40654878,
        "line": "line-2",
        "lon": 33.19078683,
        "sample_id": "segment:line-2-civil-006:0002",
        "scope_id": "line-2-civil-006",
        "scope_type": "civil_segment"
      },
      "type": "Feature"
    },
    {
      "geometry": {
        "coordinates": [
          33.19078683,
          0.40654878
        ],
        "type": "Point"
      },
      "properties": {
        "chainage_m": 3735.6,
        "civil_class": "elevated",
        "investigation_flags": [
          "acidic-soil-durability-testing",
          "fine-soil-plasticity-and-shrink-swell-tests"
        ],
        "lat": 0.40654878,
        "line": "line-2",
        "lon": 33.19078683,
        "sample_id": "segment:line-2-civil-007:0000",
        "scope_id": "line-2-civil-007",
        "scope_type": "civil_segment"
      },
      "type": "Feature"
    },
    {
      "geometry": {
        "coordinates": [
          33.19074746,
          0.40674988
        ],
        "type": "Point"
      },
      "properties": {
        "chainage_m": 3759.75,
        "civil_class": "elevated",
        "investigation_flags": [
          "acidic-soil-durability-testing",
          "fine-soil-plasticity-and-shrink-swell-tests"
        ],
        "lat": 0.40674988,
        "line": "line-2",
        "lon": 33.19074746,
        "sample_id": "segment:line-2-civil-007:0001",
        "scope_id": "line-2-civil-007",
        "scope_type": "civil_segment"
      },
      "type": "Feature"
    },
    {
      "geometry": {
        "coordinates": [
          33.19060716,
          0.40690876
        ],
        "type": "Point"
      },
      "properties": {
        "chainage_m": 3783.9,
        "civil_class": "elevated",
        "investigation_flags": [
          "acidic-soil-durability-testing",
          "fine-soil-plasticity-and-shrink-swell-tests"
        ],
        "lat": 0.40690876,
        "line": "line-2",
        "lon": 33.19060716,
        "sample_id": "segment:line-2-civil-007:0002",
        "scope_id": "line-2-civil-007",
        "scope_type": "civil_segment"
      },
      "type": "Feature"
    },
    {
      "geometry": {
        "coordinates": [
          33.19060716,
          0.40690876
        ],
        "type": "Point"
      },
      "properties": {
        "chainage_m": 3783.9,
        "civil_class": "elevated",
        "investigation_flags": [
          "acidic-soil-durability-testing",
          "fine-soil-plasticity-and-shrink-swell-tests"
        ],
        "lat": 0.40690876,
        "line": "line-2",
        "lon": 33.19060716,
        "sample_id": "segment:line-2-civil-008:0000",
        "scope_id": "line-2-civil-008",
        "scope_type": "civil_segment"
      },
      "type": "Feature"
    },
    {
      "geometry": {
        "coordinates": [
          33.19060716,
          0.40721626
        ],
        "type": "Point"
      },
      "properties": {
        "chainage_m": 3818.05,
        "civil_class": "elevated",
        "investigation_flags": [
          "acidic-soil-durability-testing",
          "fine-soil-plasticity-and-shrink-swell-tests"
        ],
        "lat": 0.40721626,
        "line": "line-2",
        "lon": 33.19060716,
        "sample_id": "segment:line-2-civil-008:0001",
        "scope_id": "line-2-civil-008",
        "scope_type": "civil_segment"
      },
      "type": "Feature"
    },
    {
      "geometry": {
        "coordinates": [
          33.19042749,
          0.40744857
        ],
        "type": "Point"
      },
      "properties": {
        "chainage_m": 3852.2,
        "civil_class": "elevated",
        "investigation_flags": [
          "acidic-soil-durability-testing",
          "fine-soil-plasticity-and-shrink-swell-tests"
        ],
        "lat": 0.40744857,
        "line": "line-2",
        "lon": 33.19042749,
        "sample_id": "segment:line-2-civil-008:0002",
        "scope_id": "line-2-civil-008",
        "scope_type": "civil_segment"
      },
      "type": "Feature"
    },
    {
      "geometry": {
        "coordinates": [
          33.19042749,
          0.40744857
        ],
        "type": "Point"
      },
      "properties": {
        "chainage_m": 3852.2,
        "civil_class": "elevated",
        "investigation_flags": [
          "acidic-soil-durability-testing",
          "fine-soil-plasticity-and-shrink-swell-tests"
        ],
        "lat": 0.40744857,
        "line": "line-2",
        "lon": 33.19042749,
        "sample_id": "segment:line-2-civil-009:0000",
        "scope_id": "line-2-civil-009",
        "scope_type": "civil_segment"
      },
      "type": "Feature"
    },
    {
      "geometry": {
        "coordinates": [
          33.19042749,
          0.40762841
        ],
        "type": "Point"
      },
      "properties": {
        "chainage_m": 3872.2,
        "civil_class": "elevated",
        "investigation_flags": [
          "acidic-soil-durability-testing",
          "fine-soil-plasticity-and-shrink-swell-tests"
        ],
        "lat": 0.40762841,
        "line": "line-2",
        "lon": 33.19042749,
        "sample_id": "segment:line-2-civil-009:0001",
        "scope_id": "line-2-civil-009",
        "scope_type": "civil_segment"
      },
      "type": "Feature"
    },
    {
      "geometry": {
        "coordinates": [
          33.19042749,
          0.40780825
        ],
        "type": "Point"
      },
      "properties": {
        "chainage_m": 3892.2,
        "civil_class": "elevated",
        "investigation_flags": [
          "acidic-soil-durability-testing",
          "fine-soil-plasticity-and-shrink-swell-tests"
        ],
        "lat": 0.40780825,
        "line": "line-2",
        "lon": 33.19042749,
        "sample_id": "segment:line-2-civil-009:0002",
        "scope_id": "line-2-civil-009",
        "scope_type": "civil_segment"
      },
      "type": "Feature"
    },
    {
      "geometry": {
        "coordinates": [
          33.19042749,
          0.40780825
        ],
        "type": "Point"
      },
      "properties": {
        "chainage_m": 3892.2,
        "civil_class": "elevated",
        "investigation_flags": [
          "acidic-soil-durability-testing",
          "fine-soil-plasticity-and-shrink-swell-tests"
        ],
        "lat": 0.40780825,
        "line": "line-2",
        "lon": 33.19042749,
        "sample_id": "segment:line-2-civil-010:0000",
        "scope_id": "line-2-civil-010",
        "scope_type": "civil_segment"
      },
      "type": "Feature"
    },
    {
      "geometry": {
        "coordinates": [
          33.19042749,
          0.4085276
        ],
        "type": "Point"
      },
      "properties": {
        "chainage_m": 3972.2,
        "civil_class": "elevated",
        "investigation_flags": [
          "acidic-soil-durability-testing",
          "fine-soil-plasticity-and-shrink-swell-tests"
        ],
        "lat": 0.4085276,
        "line": "line-2",
        "lon": 33.19042749,
        "sample_id": "segment:line-2-civil-010:0001",
        "scope_id": "line-2-civil-010",
        "scope_type": "civil_segment"
      },
      "type": "Feature"
    },
    {
      "geometry": {
        "coordinates": [
          33.19042749,
          0.40924696
        ],
        "type": "Point"
      },
      "properties": {
        "chainage_m": 4052.2,
        "civil_class": "elevated",
        "investigation_flags": [
          "acidic-soil-durability-testing",
          "fine-soil-plasticity-and-shrink-swell-tests"
        ],
        "lat": 0.40924696,
        "line": "line-2",
        "lon": 33.19042749,
        "sample_id": "segment:line-2-civil-010:0002",
        "scope_id": "line-2-civil-010",
        "scope_type": "civil_segment"
      },
      "type": "Feature"
    },
    {
      "geometry": {
        "coordinates": [
          33.19042749,
          0.40924696
        ],
        "type": "Point"
      },
      "properties": {
        "chainage_m": 4052.2,
        "civil_class": "elevated",
        "investigation_flags": [
          "acidic-soil-durability-testing",
          "fine-soil-plasticity-and-shrink-swell-tests"
        ],
        "lat": 0.40924696,
        "line": "line-2",
        "lon": 33.19042749,
        "sample_id": "segment:line-2-civil-011:0000",
        "scope_id": "line-2-civil-011",
        "scope_type": "civil_segment"
      },
      "type": "Feature"
    },
    {
      "geometry": {
        "coordinates": [
          33.19046594,
          0.40944845
        ],
        "type": "Point"
      },
      "properties": {
        "chainage_m": 4076.35,
        "civil_class": "elevated",
        "investigation_flags": [
          "acidic-soil-durability-testing",
          "fine-soil-plasticity-and-shrink-swell-tests"
        ],
        "lat": 0.40944845,
        "line": "line-2",
        "lon": 33.19046594,
        "sample_id": "segment:line-2-civil-011:0001",
        "scope_id": "line-2-civil-011",
        "scope_type": "civil_segment"
      },
      "type": "Feature"
    },
    {
      "geometry": {
        "coordinates": [
          33.19060716,
          0.40960694
        ],
        "type": "Point"
      },
      "properties": {
        "chainage_m": 4100.5,
        "civil_class": "elevated",
        "investigation_flags": [
          "acidic-soil-durability-testing",
          "fine-soil-plasticity-and-shrink-swell-tests"
        ],
        "lat": 0.40960694,
        "line": "line-2",
        "lon": 33.19060716,
        "sample_id": "segment:line-2-civil-011:0002",
        "scope_id": "line-2-civil-011",
        "scope_type": "civil_segment"
      },
      "type": "Feature"
    },
    {
      "geometry": {
        "coordinates": [
          33.19060716,
          0.40960694
        ],
        "type": "Point"
      },
      "properties": {
        "chainage_m": 4100.5,
        "civil_class": "elevated",
        "investigation_flags": [
          "acidic-soil-durability-testing",
          "fine-soil-plasticity-and-shrink-swell-tests"
        ],
        "lat": 0.40960694,
        "line": "line-2",
        "lon": 33.19060716,
        "sample_id": "segment:line-2-civil-012:0000",
        "scope_id": "line-2-civil-012",
        "scope_type": "civil_segment"
      },
      "type": "Feature"
    },
    {
      "geometry": {
        "coordinates": [
          33.19060716,
          0.40991444
        ],
        "type": "Point"
      },
      "properties": {
        "chainage_m": 4134.65,
        "civil_class": "elevated",
        "investigation_flags": [
          "acidic-soil-durability-testing",
          "fine-soil-plasticity-and-shrink-swell-tests"
        ],
        "lat": 0.40991444,
        "line": "line-2",
        "lon": 33.19060716,
        "sample_id": "segment:line-2-civil-012:0001",
        "scope_id": "line-2-civil-012",
        "scope_type": "civil_segment"
      },
      "type": "Feature"
    },
    {
      "geometry": {
        "coordinates": [
          33.19078683,
          0.41014675
        ],
        "type": "Point"
      },
      "properties": {
        "chainage_m": 4168.8,
        "civil_class": "elevated",
        "investigation_flags": [
          "acidic-soil-durability-testing",
          "fine-soil-plasticity-and-shrink-swell-tests"
        ],
        "lat": 0.41014675,
        "line": "line-2",
        "lon": 33.19078683,
        "sample_id": "segment:line-2-civil-012:0002",
        "scope_id": "line-2-civil-012",
        "scope_type": "civil_segment"
      },
      "type": "Feature"
    },
    {
      "geometry": {
        "coordinates": [
          33.19078683,
          0.41014675
        ],
        "type": "Point"
      },
      "properties": {
        "chainage_m": 4168.8,
        "civil_class": "elevated",
        "investigation_flags": [
          "acidic-soil-durability-testing",
          "fine-soil-plasticity-and-shrink-swell-tests"
        ],
        "lat": 0.41014675,
        "line": "line-2",
        "lon": 33.19078683,
        "sample_id": "segment:line-2-civil-013:0000",
        "scope_id": "line-2-civil-013",
        "scope_type": "civil_segment"
      },
      "type": "Feature"
    },
    {
      "geometry": {
        "coordinates": [
          33.19078683,
          0.41023667
        ],
        "type": "Point"
      },
      "properties": {
        "chainage_m": 4178.8,
        "civil_class": "elevated",
        "investigation_flags": [
          "acidic-soil-durability-testing",
          "fine-soil-plasticity-and-shrink-swell-tests"
        ],
        "lat": 0.41023667,
        "line": "line-2",
        "lon": 33.19078683,
        "sample_id": "segment:line-2-civil-013:0001",
        "scope_id": "line-2-civil-013",
        "scope_type": "civil_segment"
      },
      "type": "Feature"
    },
    {
      "geometry": {
        "coordinates": [
          33.19078683,
          0.41032659
        ],
        "type": "Point"
      },
      "properties": {
        "chainage_m": 4188.8,
        "civil_class": "elevated",
        "investigation_flags": [
          "acidic-soil-durability-testing",
          "fine-soil-plasticity-and-shrink-swell-tests"
        ],
        "lat": 0.41032659,
        "line": "line-2",
        "lon": 33.19078683,
        "sample_id": "segment:line-2-civil-013:0002",
        "scope_id": "line-2-civil-013",
        "scope_type": "civil_segment"
      },
      "type": "Feature"
    },
    {
      "geometry": {
        "coordinates": [
          33.19078683,
          0.41032659
        ],
        "type": "Point"
      },
      "properties": {
        "chainage_m": 4188.8,
        "civil_class": "elevated",
        "investigation_flags": [
          "acidic-soil-durability-testing",
          "fine-soil-plasticity-and-shrink-swell-tests"
        ],
        "lat": 0.41032659,
        "line": "line-2",
        "lon": 33.19078683,
        "sample_id": "segment:line-2-civil-014:0000",
        "scope_id": "line-2-civil-014",
        "scope_type": "civil_segment"
      },
      "type": "Feature"
    },
    {
      "geometry": {
        "coordinates": [
          33.19078683,
          0.4106863
        ],
        "type": "Point"
      },
      "properties": {
        "chainage_m": 4228.8,
        "civil_class": "elevated",
        "investigation_flags": [
          "acidic-soil-durability-testing",
          "fine-soil-plasticity-and-shrink-swell-tests"
        ],
        "lat": 0.4106863,
        "line": "line-2",
        "lon": 33.19078683,
        "sample_id": "segment:line-2-civil-014:0001",
        "scope_id": "line-2-civil-014",
        "scope_type": "civil_segment"
      },
      "type": "Feature"
    },
    {
      "geometry": {
        "coordinates": [
          33.19079835,
          0.41104118
        ],
        "type": "Point"
      },
      "properties": {
        "chainage_m": 4268.8,
        "civil_class": "elevated",
        "investigation_flags": [
          "acidic-soil-durability-testing",
          "fine-soil-plasticity-and-shrink-swell-tests"
        ],
        "lat": 0.41104118,
        "line": "line-2",
        "lon": 33.19079835,
        "sample_id": "segment:line-2-civil-014:0002",
        "scope_id": "line-2-civil-014",
        "scope_type": "civil_segment"
      },
      "type": "Feature"
    },
    {
      "geometry": {
        "coordinates": [
          33.19079835,
          0.41104118
        ],
        "type": "Point"
      },
      "properties": {
        "chainage_m": 4268.8,
        "civil_class": "elevated",
        "investigation_flags": [
          "acidic-soil-durability-testing",
          "fine-soil-plasticity-and-shrink-swell-tests"
        ],
        "lat": 0.41104118,
        "line": "line-2",
        "lon": 33.19079835,
        "sample_id": "segment:line-2-civil-015:0000",
        "scope_id": "line-2-civil-015",
        "scope_type": "civil_segment"
      },
      "type": "Feature"
    },
    {
      "geometry": {
        "coordinates": [
          33.19088824,
          0.41113123
        ],
        "type": "Point"
      },
      "properties": {
        "chainage_m": 4282.95,
        "civil_class": "elevated",
        "investigation_flags": [
          "acidic-soil-durability-testing",
          "fine-soil-plasticity-and-shrink-swell-tests"
        ],
        "lat": 0.41113123,
        "line": "line-2",
        "lon": 33.19088824,
        "sample_id": "segment:line-2-civil-015:0001",
        "scope_id": "line-2-civil-015",
        "scope_type": "civil_segment"
      },
      "type": "Feature"
    },
    {
      "geometry": {
        "coordinates": [
          33.19097814,
          0.41122127
        ],
        "type": "Point"
      },
      "properties": {
        "chainage_m": 4297.1,
        "civil_class": "elevated",
        "investigation_flags": [
          "acidic-soil-durability-testing",
          "fine-soil-plasticity-and-shrink-swell-tests"
        ],
        "lat": 0.41122127,
        "line": "line-2",
        "lon": 33.19097814,
        "sample_id": "segment:line-2-civil-015:0002",
        "scope_id": "line-2-civil-015",
        "scope_type": "civil_segment"
      },
      "type": "Feature"
    },
    {
      "geometry": {
        "coordinates": [
          33.19097814,
          0.41122127
        ],
        "type": "Point"
      },
      "properties": {
        "chainage_m": 4297.1,
        "civil_class": "elevated",
        "investigation_flags": [
          "acidic-soil-durability-testing",
          "fine-soil-plasticity-and-shrink-swell-tests"
        ],
        "lat": 0.41122127,
        "line": "line-2",
        "lon": 33.19097814,
        "sample_id": "segment:line-2-civil-016:0000",
        "scope_id": "line-2-civil-016",
        "scope_type": "civil_segment"
      },
      "type": "Feature"
    },
    {
      "geometry": {
        "coordinates": [
          33.1910677,
          0.41131098
        ],
        "type": "Point"
      },
      "properties": {
        "chainage_m": 4311.2,
        "civil_class": "elevated",
        "investigation_flags": [
          "acidic-soil-durability-testing",
          "fine-soil-plasticity-and-shrink-swell-tests"
        ],
        "lat": 0.41131098,
        "line": "line-2",
        "lon": 33.1910677,
        "sample_id": "segment:line-2-civil-016:0001",
        "scope_id": "line-2-civil-016",
        "scope_type": "civil_segment"
      },
      "type": "Feature"
    },
    {
      "geometry": {
        "coordinates": [
          33.19114616,
          0.41140533
        ],
        "type": "Point"
      },
      "properties": {
        "chainage_m": 4325.3,
        "civil_class": "elevated",
        "investigation_flags": [
          "acidic-soil-durability-testing",
          "fine-soil-plasticity-and-shrink-swell-tests"
        ],
        "lat": 0.41140533,
        "line": "line-2",
        "lon": 33.19114616,
        "sample_id": "segment:line-2-civil-016:0002",
        "scope_id": "line-2-civil-016",
        "scope_type": "civil_segment"
      },
      "type": "Feature"
    },
    {
      "geometry": {
        "coordinates": [
          33.19114616,
          0.41140533
        ],
        "type": "Point"
      },
      "properties": {
        "chainage_m": 4325.3,
        "civil_class": "elevated",
        "investigation_flags": [
          "acidic-soil-durability-testing",
          "fine-soil-plasticity-and-shrink-swell-tests"
        ],
        "lat": 0.41140533,
        "line": "line-2",
        "lon": 33.19114616,
        "sample_id": "segment:line-2-civil-017:0000",
        "scope_id": "line-2-civil-017",
        "scope_type": "civil_segment"
      },
      "type": "Feature"
    },
    {
      "geometry": {
        "coordinates": [
          33.19114616,
          0.41176501
        ],
        "type": "Point"
      },
      "properties": {
        "chainage_m": 4365.3,
        "civil_class": "elevated",
        "investigation_flags": [
          "acidic-soil-durability-testing",
          "fine-soil-plasticity-and-shrink-swell-tests"
        ],
        "lat": 0.41176501,
        "line": "line-2",
        "lon": 33.19114616,
        "sample_id": "segment:line-2-civil-017:0001",
        "scope_id": "line-2-civil-017",
        "scope_type": "civil_segment"
      },
      "type": "Feature"
    },
    {
      "geometry": {
        "coordinates": [
          33.19114616,
          0.41212468
        ],
        "type": "Point"
      },
      "properties": {
        "chainage_m": 4405.3,
        "civil_class": "elevated",
        "investigation_flags": [
          "acidic-soil-durability-testing",
          "fine-soil-plasticity-and-shrink-swell-tests"
        ],
        "lat": 0.41212468,
        "line": "line-2",
        "lon": 33.19114616,
        "sample_id": "segment:line-2-civil-017:0002",
        "scope_id": "line-2-civil-017",
        "scope_type": "civil_segment"
      },
      "type": "Feature"
    },
    {
      "geometry": {
        "coordinates": [
          33.19114616,
          0.41212468
        ],
        "type": "Point"
      },
      "properties": {
        "chainage_m": 4405.3,
        "civil_class": "elevated",
        "investigation_flags": [
          "acidic-soil-durability-testing",
          "fine-soil-plasticity-and-shrink-swell-tests"
        ],
        "lat": 0.41212468,
        "line": "line-2",
        "lon": 33.19114616,
        "sample_id": "segment:line-2-civil-018:0000",
        "scope_id": "line-2-civil-018",
        "scope_type": "civil_segment"
      },
      "type": "Feature"
    },
    {
      "geometry": {
        "coordinates": [
          33.19132583,
          0.41973037
        ],
        "type": "Point"
      },
      "properties": {
        "chainage_m": 5259.45,
        "civil_class": "elevated",
        "investigation_flags": [
          "acidic-soil-durability-testing",
          "fine-soil-plasticity-and-shrink-swell-tests"
        ],
        "lat": 0.41973037,
        "line": "line-2",
        "lon": 33.19132583,
        "sample_id": "segment:line-2-civil-018:0001",
        "scope_id": "line-2-civil-018",
        "scope_type": "civil_segment"
      },
      "type": "Feature"
    },
    {
      "geometry": {
        "coordinates": [
          33.19132583,
          0.42109319
        ],
        "type": "Point"
      },
      "properties": {
        "chainage_m": 5411.002,
        "civil_class": "elevated",
        "investigation_flags": [
          "acidic-soil-durability-testing",
          "fine-soil-plasticity-and-shrink-swell-tests"
        ],
        "lat": 0.42109319,
        "line": "line-2",
        "lon": 33.19132583,
        "sample_id": "segment:line-2-civil-018:0002",
        "scope_id": "line-2-civil-018",
        "scope_type": "civil_segment"
      },
      "type": "Feature"
    },
    {
      "geometry": {
        "coordinates": [
          33.19132583,
          0.42741124
        ],
        "type": "Point"
      },
      "properties": {
        "chainage_m": 6113.6,
        "civil_class": "elevated",
        "investigation_flags": [
          "acidic-soil-durability-testing",
          "fine-soil-plasticity-and-shrink-swell-tests"
        ],
        "lat": 0.42741124,
        "line": "line-2",
        "lon": 33.19132583,
        "sample_id": "segment:line-2-civil-018:0003",
        "scope_id": "line-2-civil-018",
        "scope_type": "civil_segment"
      },
      "type": "Feature"
    },
    {
      "geometry": {
        "coordinates": [
          33.19132583,
          0.42741124
        ],
        "type": "Point"
      },
      "properties": {
        "chainage_m": 6113.6,
        "civil_class": "bridge",
        "investigation_flags": [
          "acidic-soil-durability-testing",
          "fine-soil-plasticity-and-shrink-swell-tests"
        ],
        "lat": 0.42741124,
        "line": "line-2",
        "lon": 33.19132583,
        "sample_id": "segment:line-2-civil-019:0000",
        "scope_id": "line-2-civil-019",
        "scope_type": "civil_segment"
      },
      "type": "Feature"
    },
    {
      "geometry": {
        "coordinates": [
          33.19132583,
          0.43049242
        ],
        "type": "Point"
      },
      "properties": {
        "chainage_m": 6456.05,
        "civil_class": "bridge",
        "investigation_flags": [
          "acidic-soil-durability-testing",
          "fine-soil-plasticity-and-shrink-swell-tests"
        ],
        "lat": 0.43049242,
        "line": "line-2",
        "lon": 33.19132583,
        "sample_id": "segment:line-2-civil-019:0001",
        "scope_id": "line-2-civil-019",
        "scope_type": "civil_segment"
      },
      "type": "Feature"
    },
    {
      "geometry": {
        "coordinates": [
          33.19204569,
          0.43316666
        ],
        "type": "Point"
      },
      "properties": {
        "chainage_m": 6798.5,
        "civil_class": "bridge",
        "investigation_flags": [
          "coverage-gap"
        ],
        "lat": 0.43316666,
        "line": "line-2",
        "lon": 33.19204569,
        "sample_id": "segment:line-2-civil-019:0002",
        "scope_id": "line-2-civil-019",
        "scope_type": "civil_segment"
      },
      "type": "Feature"
    },
    {
      "geometry": {
        "coordinates": [
          33.19204569,
          0.43316666
        ],
        "type": "Point"
      },
      "properties": {
        "chainage_m": 6798.5,
        "civil_class": "elevated",
        "investigation_flags": [
          "coverage-gap"
        ],
        "lat": 0.43316666,
        "line": "line-2",
        "lon": 33.19204569,
        "sample_id": "segment:line-2-civil-020:0000",
        "scope_id": "line-2-civil-020",
        "scope_type": "civil_segment"
      },
      "type": "Feature"
    },
    {
      "geometry": {
        "coordinates": [
          33.19213558,
          0.43325671
        ],
        "type": "Point"
      },
      "properties": {
        "chainage_m": 6812.65,
        "civil_class": "elevated",
        "investigation_flags": [
          "coverage-gap"
        ],
        "lat": 0.43325671,
        "line": "line-2",
        "lon": 33.19213558,
        "sample_id": "segment:line-2-civil-020:0001",
        "scope_id": "line-2-civil-020",
        "scope_type": "civil_segment"
      },
      "type": "Feature"
    },
    {
      "geometry": {
        "coordinates": [
          33.19222602,
          0.43334545
        ],
        "type": "Point"
      },
      "properties": {
        "chainage_m": 6826.8,
        "civil_class": "elevated",
        "investigation_flags": [
          "coverage-gap"
        ],
        "lat": 0.43334545,
        "line": "line-2",
        "lon": 33.19222602,
        "sample_id": "segment:line-2-civil-020:0002",
        "scope_id": "line-2-civil-020",
        "scope_type": "civil_segment"
      },
      "type": "Feature"
    },
    {
      "geometry": {
        "coordinates": [
          33.19222602,
          0.43334545
        ],
        "type": "Point"
      },
      "properties": {
        "chainage_m": 6826.8,
        "civil_class": "elevated",
        "investigation_flags": [
          "coverage-gap"
        ],
        "lat": 0.43334545,
        "line": "line-2",
        "lon": 33.19222602,
        "sample_id": "segment:line-2-civil-021:0000",
        "scope_id": "line-2-civil-021",
        "scope_type": "civil_segment"
      },
      "type": "Feature"
    },
    {
      "geometry": {
        "coordinates": [
          33.19240586,
          0.43334545
        ],
        "type": "Point"
      },
      "properties": {
        "chainage_m": 6846.8,
        "civil_class": "elevated",
        "investigation_flags": [
          "coverage-gap"
        ],
        "lat": 0.43334545,
        "line": "line-2",
        "lon": 33.19240586,
        "sample_id": "segment:line-2-civil-021:0001",
        "scope_id": "line-2-civil-021",
        "scope_type": "civil_segment"
      },
      "type": "Feature"
    },
    {
      "geometry": {
        "coordinates": [
          33.19258506,
          0.433347
        ],
        "type": "Point"
      },
      "properties": {
        "chainage_m": 6866.8,
        "civil_class": "elevated",
        "investigation_flags": [
          "coverage-gap"
        ],
        "lat": 0.433347,
        "line": "line-2",
        "lon": 33.19258506,
        "sample_id": "segment:line-2-civil-021:0002",
        "scope_id": "line-2-civil-021",
        "scope_type": "civil_segment"
      },
      "type": "Feature"
    },
    {
      "geometry": {
        "coordinates": [
          33.19258506,
          0.433347
        ],
        "type": "Point"
      },
      "properties": {
        "chainage_m": 6866.8,
        "civil_class": "elevated",
        "investigation_flags": [
          "coverage-gap"
        ],
        "lat": 0.433347,
        "line": "line-2",
        "lon": 33.19258506,
        "sample_id": "segment:line-2-civil-022:0000",
        "scope_id": "line-2-civil-022",
        "scope_type": "civil_segment"
      },
      "type": "Feature"
    },
    {
      "geometry": {
        "coordinates": [
          33.19276454,
          0.43352678
        ],
        "type": "Point"
      },
      "properties": {
        "chainage_m": 6895.05,
        "civil_class": "elevated",
        "investigation_flags": [
          "coverage-gap"
        ],
        "lat": 0.43352678,
        "line": "line-2",
        "lon": 33.19276454,
        "sample_id": "segment:line-2-civil-022:0001",
        "scope_id": "line-2-civil-022",
        "scope_type": "civil_segment"
      },
      "type": "Feature"
    },
    {
      "geometry": {
        "coordinates": [
          33.19294449,
          0.43370538
        ],
        "type": "Point"
      },
      "properties": {
        "chainage_m": 6923.3,
        "civil_class": "elevated",
        "investigation_flags": [
          "coverage-gap"
        ],
        "lat": 0.43370538,
        "line": "line-2",
        "lon": 33.19294449,
        "sample_id": "segment:line-2-civil-022:0002",
        "scope_id": "line-2-civil-022",
        "scope_type": "civil_segment"
      },
      "type": "Feature"
    },
    {
      "geometry": {
        "coordinates": [
          33.19294449,
          0.43370538
        ],
        "type": "Point"
      },
      "properties": {
        "chainage_m": 6923.3,
        "civil_class": "elevated",
        "investigation_flags": [
          "coverage-gap"
        ],
        "lat": 0.43370538,
        "line": "line-2",
        "lon": 33.19294449,
        "sample_id": "segment:line-2-civil-023:0000",
        "scope_id": "line-2-civil-023",
        "scope_type": "civil_segment"
      },
      "type": "Feature"
    },
    {
      "geometry": {
        "coordinates": [
          33.19364773,
          0.43370538
        ],
        "type": "Point"
      },
      "properties": {
        "chainage_m": 7001.6,
        "civil_class": "elevated",
        "investigation_flags": [
          "coverage-gap"
        ],
        "lat": 0.43370538,
        "line": "line-2",
        "lon": 33.19364773,
        "sample_id": "segment:line-2-civil-023:0001",
        "scope_id": "line-2-civil-023",
        "scope_type": "civil_segment"
      },
      "type": "Feature"
    },
    {
      "geometry": {
        "coordinates": [
          33.19420255,
          0.4333434
        ],
        "type": "Point"
      },
      "properties": {
        "chainage_m": 7079.9,
        "civil_class": "elevated",
        "investigation_flags": [
          "acidic-soil-durability-testing",
          "fine-soil-plasticity-and-shrink-swell-tests"
        ],
        "lat": 0.4333434,
        "line": "line-2",
        "lon": 33.19420255,
        "sample_id": "segment:line-2-civil-023:0002",
        "scope_id": "line-2-civil-023",
        "scope_type": "civil_segment"
      },
      "type": "Feature"
    },
    {
      "geometry": {
        "coordinates": [
          33.19420255,
          0.4333434
        ],
        "type": "Point"
      },
      "properties": {
        "chainage_m": 7079.9,
        "civil_class": "elevated",
        "investigation_flags": [
          "acidic-soil-durability-testing",
          "fine-soil-plasticity-and-shrink-swell-tests"
        ],
        "lat": 0.4333434,
        "line": "line-2",
        "lon": 33.19420255,
        "sample_id": "segment:line-2-civil-024:0000",
        "scope_id": "line-2-civil-024",
        "scope_type": "civil_segment"
      },
      "type": "Feature"
    },
    {
      "geometry": {
        "coordinates": [
          33.20072764,
          0.42734737
        ],
        "type": "Point"
      },
      "properties": {
        "chainage_m": 8082.683,
        "civil_class": "elevated",
        "investigation_flags": [
          "acidic-soil-durability-testing",
          "fine-soil-plasticity-and-shrink-swell-tests"
        ],
        "lat": 0.42734737,
        "line": "line-2",
        "lon": 33.20072764,
        "sample_id": "segment:line-2-civil-024:0001",
        "scope_id": "line-2-civil-024",
        "scope_type": "civil_segment"
      },
      "type": "Feature"
    },
    {
      "geometry": {
        "coordinates": [
          33.20285167,
          0.42521982
        ],
        "type": "Point"
      },
      "properties": {
        "chainage_m": 8417.15,
        "civil_class": "elevated",
        "investigation_flags": [
          "acidic-soil-durability-testing",
          "fine-soil-plasticity-and-shrink-swell-tests"
        ],
        "lat": 0.42521982,
        "line": "line-2",
        "lon": 33.20285167,
        "sample_id": "segment:line-2-civil-024:0002",
        "scope_id": "line-2-civil-024",
        "scope_type": "civil_segment"
      },
      "type": "Feature"
    },
    {
      "geometry": {
        "coordinates": [
          33.20658892,
          0.4207565
        ],
        "type": "Point"
      },
      "properties": {
        "chainage_m": 9085.467,
        "civil_class": "elevated",
        "investigation_flags": [
          "acidic-soil-durability-testing",
          "fine-soil-plasticity-and-shrink-swell-tests"
        ],
        "lat": 0.4207565,
        "line": "line-2",
        "lon": 33.20658892,
        "sample_id": "segment:line-2-civil-024:0003",
        "scope_id": "line-2-civil-024",
        "scope_type": "civil_segment"
      },
      "type": "Feature"
    },
    {
      "geometry": {
        "coordinates": [
          33.20893327,
          0.41570472
        ],
        "type": "Point"
      },
      "properties": {
        "chainage_m": 9754.4,
        "civil_class": "elevated",
        "investigation_flags": [
          "acidic-soil-durability-testing",
          "fine-soil-plasticity-and-shrink-swell-tests"
        ],
        "lat": 0.41570472,
        "line": "line-2",
        "lon": 33.20893327,
        "sample_id": "segment:line-2-civil-024:0004",
        "scope_id": "line-2-civil-024",
        "scope_type": "civil_segment"
      },
      "type": "Feature"
    },
    {
      "geometry": {
        "coordinates": [
          33.20893327,
          0.41570472
        ],
        "type": "Point"
      },
      "properties": {
        "chainage_m": 9754.4,
        "civil_class": "elevated",
        "investigation_flags": [
          "acidic-soil-durability-testing",
          "fine-soil-plasticity-and-shrink-swell-tests"
        ],
        "lat": 0.41570472,
        "line": "line-2",
        "lon": 33.20893327,
        "sample_id": "segment:line-2-civil-025:0000",
        "scope_id": "line-2-civil-025",
        "scope_type": "civil_segment"
      },
      "type": "Feature"
    },
    {
      "geometry": {
        "coordinates": [
          33.20893327,
          0.4156148
        ],
        "type": "Point"
      },
      "properties": {
        "chainage_m": 9764.4,
        "civil_class": "elevated",
        "investigation_flags": [
          "acidic-soil-durability-testing",
          "fine-soil-plasticity-and-shrink-swell-tests"
        ],
        "lat": 0.4156148,
        "line": "line-2",
        "lon": 33.20893327,
        "sample_id": "segment:line-2-civil-025:0001",
        "scope_id": "line-2-civil-025",
        "scope_type": "civil_segment"
      },
      "type": "Feature"
    },
    {
      "geometry": {
        "coordinates": [
          33.20893327,
          0.41552488
        ],
        "type": "Point"
      },
      "properties": {
        "chainage_m": 9774.4,
        "civil_class": "elevated",
        "investigation_flags": [
          "acidic-soil-durability-testing",
          "fine-soil-plasticity-and-shrink-swell-tests"
        ],
        "lat": 0.41552488,
        "line": "line-2",
        "lon": 33.20893327,
        "sample_id": "segment:line-2-civil-025:0002",
        "scope_id": "line-2-civil-025",
        "scope_type": "civil_segment"
      },
      "type": "Feature"
    },
    {
      "geometry": {
        "coordinates": [
          33.20893327,
          0.41552488
        ],
        "type": "Point"
      },
      "properties": {
        "chainage_m": 9774.4,
        "civil_class": "elevated",
        "investigation_flags": [
          "acidic-soil-durability-testing",
          "fine-soil-plasticity-and-shrink-swell-tests"
        ],
        "lat": 0.41552488,
        "line": "line-2",
        "lon": 33.20893327,
        "sample_id": "segment:line-2-civil-026:0000",
        "scope_id": "line-2-civil-026",
        "scope_type": "civil_segment"
      },
      "type": "Feature"
    },
    {
      "geometry": {
        "coordinates": [
          33.20905209,
          0.41522981
        ],
        "type": "Point"
      },
      "properties": {
        "chainage_m": 9812.65,
        "civil_class": "elevated",
        "investigation_flags": [
          "acidic-soil-durability-testing",
          "fine-soil-plasticity-and-shrink-swell-tests"
        ],
        "lat": 0.41522981,
        "line": "line-2",
        "lon": 33.20905209,
        "sample_id": "segment:line-2-civil-026:0001",
        "scope_id": "line-2-civil-026",
        "scope_type": "civil_segment"
      },
      "type": "Feature"
    },
    {
      "geometry": {
        "coordinates": [
          33.20893327,
          0.41535206
        ],
        "type": "Point"
      },
      "properties": {
        "chainage_m": 9850.9,
        "civil_class": "elevated",
        "investigation_flags": [
          "acidic-soil-durability-testing",
          "fine-soil-plasticity-and-shrink-swell-tests"
        ],
        "lat": 0.41535206,
        "line": "line-2",
        "lon": 33.20893327,
        "sample_id": "segment:line-2-civil-026:0002",
        "scope_id": "line-2-civil-026",
        "scope_type": "civil_segment"
      },
      "type": "Feature"
    },
    {
      "geometry": {
        "coordinates": [
          33.20893327,
          0.41535206
        ],
        "type": "Point"
      },
      "properties": {
        "chainage_m": 9850.9,
        "civil_class": "elevated",
        "investigation_flags": [
          "acidic-soil-durability-testing",
          "fine-soil-plasticity-and-shrink-swell-tests"
        ],
        "lat": 0.41535206,
        "line": "line-2",
        "lon": 33.20893327,
        "sample_id": "segment:line-2-civil-027:0000",
        "scope_id": "line-2-civil-027",
        "scope_type": "civil_segment"
      },
      "type": "Feature"
    },
    {
      "geometry": {
        "coordinates": [
          33.20893327,
          0.41544199
        ],
        "type": "Point"
      },
      "properties": {
        "chainage_m": 9860.9,
        "civil_class": "elevated",
        "investigation_flags": [
          "acidic-soil-durability-testing",
          "fine-soil-plasticity-and-shrink-swell-tests"
        ],
        "lat": 0.41544199,
        "line": "line-2",
        "lon": 33.20893327,
        "sample_id": "segment:line-2-civil-027:0001",
        "scope_id": "line-2-civil-027",
        "scope_type": "civil_segment"
      },
      "type": "Feature"
    },
    {
      "geometry": {
        "coordinates": [
          33.20893107,
          0.41553099
        ],
        "type": "Point"
      },
      "properties": {
        "chainage_m": 9870.9,
        "civil_class": "elevated",
        "investigation_flags": [
          "acidic-soil-durability-testing",
          "fine-soil-plasticity-and-shrink-swell-tests"
        ],
        "lat": 0.41553099,
        "line": "line-2",
        "lon": 33.20893107,
        "sample_id": "segment:line-2-civil-027:0002",
        "scope_id": "line-2-civil-027",
        "scope_type": "civil_segment"
      },
      "type": "Feature"
    },
    {
      "geometry": {
        "coordinates": [
          33.20893107,
          0.41553099
        ],
        "type": "Point"
      },
      "properties": {
        "chainage_m": 9870.9,
        "civil_class": "elevated",
        "investigation_flags": [
          "acidic-soil-durability-testing",
          "fine-soil-plasticity-and-shrink-swell-tests"
        ],
        "lat": 0.41553099,
        "line": "line-2",
        "lon": 33.20893107,
        "sample_id": "segment:line-2-civil-028:0000",
        "scope_id": "line-2-civil-028",
        "scope_type": "civil_segment"
      },
      "type": "Feature"
    },
    {
      "geometry": {
        "coordinates": [
          33.20884118,
          0.41562104
        ],
        "type": "Point"
      },
      "properties": {
        "chainage_m": 9885.05,
        "civil_class": "elevated",
        "investigation_flags": [
          "acidic-soil-durability-testing",
          "fine-soil-plasticity-and-shrink-swell-tests"
        ],
        "lat": 0.41562104,
        "line": "line-2",
        "lon": 33.20884118,
        "sample_id": "segment:line-2-civil-028:0001",
        "scope_id": "line-2-civil-028",
        "scope_type": "civil_segment"
      },
      "type": "Feature"
    },
    {
      "geometry": {
        "coordinates": [
          33.20875128,
          0.41571108
        ],
        "type": "Point"
      },
      "properties": {
        "chainage_m": 9899.2,
        "civil_class": "elevated",
        "investigation_flags": [
          "acidic-soil-durability-testing",
          "fine-soil-plasticity-and-shrink-swell-tests"
        ],
        "lat": 0.41571108,
        "line": "line-2",
        "lon": 33.20875128,
        "sample_id": "segment:line-2-civil-028:0002",
        "scope_id": "line-2-civil-028",
        "scope_type": "civil_segment"
      },
      "type": "Feature"
    },
    {
      "geometry": {
        "coordinates": [
          33.20875128,
          0.41571108
        ],
        "type": "Point"
      },
      "properties": {
        "chainage_m": 9899.2,
        "civil_class": "elevated",
        "investigation_flags": [
          "acidic-soil-durability-testing",
          "fine-soil-plasticity-and-shrink-swell-tests"
        ],
        "lat": 0.41571108,
        "line": "line-2",
        "lon": 33.20875128,
        "sample_id": "segment:line-2-civil-029:0000",
        "scope_id": "line-2-civil-029",
        "scope_type": "civil_segment"
      },
      "type": "Feature"
    },
    {
      "geometry": {
        "coordinates": [
          33.20400034,
          0.42244955
        ],
        "type": "Point"
      },
      "properties": {
        "chainage_m": 10902.301,
        "civil_class": "elevated",
        "investigation_flags": [
          "acidic-soil-durability-testing",
          "fine-soil-plasticity-and-shrink-swell-tests"
        ],
        "lat": 0.42244955,
        "line": "line-2",
        "lon": 33.20400034,
        "sample_id": "segment:line-2-civil-029:0001",
        "scope_id": "line-2-civil-029",
        "scope_type": "civil_segment"
      },
      "type": "Feature"
    },
    {
      "geometry": {
        "coordinates": [
          33.20158049,
          0.42577325
        ],
        "type": "Point"
      },
      "properties": {
        "chainage_m": 11395.0,
        "civil_class": "elevated",
        "investigation_flags": [
          "acidic-soil-durability-testing",
          "fine-soil-plasticity-and-shrink-swell-tests"
        ],
        "lat": 0.42577325,
        "line": "line-2",
        "lon": 33.20158049,
        "sample_id": "segment:line-2-civil-029:0002",
        "scope_id": "line-2-civil-029",
        "scope_type": "civil_segment"
      },
      "type": "Feature"
    },
    {
      "geometry": {
        "coordinates": [
          33.19919708,
          0.42906044
        ],
        "type": "Point"
      },
      "properties": {
        "chainage_m": 11905.402,
        "civil_class": "elevated",
        "investigation_flags": [
          "acidic-soil-durability-testing",
          "fine-soil-plasticity-and-shrink-swell-tests"
        ],
        "lat": 0.42906044,
        "line": "line-2",
        "lon": 33.19919708,
        "sample_id": "segment:line-2-civil-029:0003",
        "scope_id": "line-2-civil-029",
        "scope_type": "civil_segment"
      },
      "type": "Feature"
    },
    {
      "geometry": {
        "coordinates": [
          33.19455853,
          0.43568633
        ],
        "type": "Point"
      },
      "properties": {
        "chainage_m": 12890.8,
        "civil_class": "elevated",
        "investigation_flags": [
          "acidic-soil-durability-testing",
          "fine-soil-plasticity-and-shrink-swell-tests"
        ],
        "lat": 0.43568633,
        "line": "line-2",
        "lon": 33.19455853,
        "sample_id": "segment:line-2-civil-029:0004",
        "scope_id": "line-2-civil-029",
        "scope_type": "civil_segment"
      },
      "type": "Feature"
    },
    {
      "geometry": {
        "coordinates": [
          33.19455853,
          0.43568633
        ],
        "type": "Point"
      },
      "properties": {
        "chainage_m": 12890.8,
        "civil_class": "bridge",
        "investigation_flags": [
          "acidic-soil-durability-testing",
          "fine-soil-plasticity-and-shrink-swell-tests"
        ],
        "lat": 0.43568633,
        "line": "line-2",
        "lon": 33.19455853,
        "sample_id": "segment:line-2-civil-030:0000",
        "scope_id": "line-2-civil-030",
        "scope_type": "civil_segment"
      },
      "type": "Feature"
    },
    {
      "geometry": {
        "coordinates": [
          33.19420052,
          0.43604644
        ],
        "type": "Point"
      },
      "properties": {
        "chainage_m": 12959.1,
        "civil_class": "bridge",
        "investigation_flags": [
          "acidic-soil-durability-testing",
          "fine-soil-plasticity-and-shrink-swell-tests"
        ],
        "lat": 0.43604644,
        "line": "line-2",
        "lon": 33.19420052,
        "sample_id": "segment:line-2-civil-030:0001",
        "scope_id": "line-2-civil-030",
        "scope_type": "civil_segment"
      },
      "type": "Feature"
    },
    {
      "geometry": {
        "coordinates": [
          33.19401942,
          0.43658626
        ],
        "type": "Point"
      },
      "properties": {
        "chainage_m": 13027.4,
        "civil_class": "bridge",
        "investigation_flags": [
          "acidic-soil-durability-testing",
          "fine-soil-plasticity-and-shrink-swell-tests"
        ],
        "lat": 0.43658626,
        "line": "line-2",
        "lon": 33.19401942,
        "sample_id": "segment:line-2-civil-030:0002",
        "scope_id": "line-2-civil-030",
        "scope_type": "civil_segment"
      },
      "type": "Feature"
    },
    {
      "geometry": {
        "coordinates": [
          33.19401942,
          0.43658626
        ],
        "type": "Point"
      },
      "properties": {
        "chainage_m": 13027.4,
        "civil_class": "elevated",
        "investigation_flags": [
          "acidic-soil-durability-testing",
          "fine-soil-plasticity-and-shrink-swell-tests"
        ],
        "lat": 0.43658626,
        "line": "line-2",
        "lon": 33.19401942,
        "sample_id": "segment:line-2-civil-031:0000",
        "scope_id": "line-2-civil-031",
        "scope_type": "civil_segment"
      },
      "type": "Feature"
    },
    {
      "geometry": {
        "coordinates": [
          33.19228656,
          0.4388619
        ],
        "type": "Point"
      },
      "properties": {
        "chainage_m": 13371.95,
        "civil_class": "elevated",
        "investigation_flags": [
          "acidic-soil-durability-testing",
          "fine-soil-plasticity-and-shrink-swell-tests"
        ],
        "lat": 0.4388619,
        "line": "line-2",
        "lon": 33.19228656,
        "sample_id": "segment:line-2-civil-031:0001",
        "scope_id": "line-2-civil-031",
        "scope_type": "civil_segment"
      },
      "type": "Feature"
    },
    {
      "geometry": {
        "coordinates": [
          33.19060601,
          0.44126511
        ],
        "type": "Point"
      },
      "properties": {
        "chainage_m": 13716.5,
        "civil_class": "elevated",
        "investigation_flags": [
          "acidic-soil-durability-testing",
          "fine-soil-plasticity-and-shrink-swell-tests"
        ],
        "lat": 0.44126511,
        "line": "line-2",
        "lon": 33.19060601,
        "sample_id": "segment:line-2-civil-031:0002",
        "scope_id": "line-2-civil-031",
        "scope_type": "civil_segment"
      },
      "type": "Feature"
    },
    {
      "geometry": {
        "coordinates": [
          33.19060601,
          0.44126511
        ],
        "type": "Point"
      },
      "properties": {
        "chainage_m": 13716.5,
        "civil_class": "bridge",
        "investigation_flags": [
          "acidic-soil-durability-testing",
          "fine-soil-plasticity-and-shrink-swell-tests"
        ],
        "lat": 0.44126511,
        "line": "line-2",
        "lon": 33.19060601,
        "sample_id": "segment:line-2-civil-032:0000",
        "scope_id": "line-2-civil-032",
        "scope_type": "civil_segment"
      },
      "type": "Feature"
    },
    {
      "geometry": {
        "coordinates": [
          33.19006816,
          0.44198527
        ],
        "type": "Point"
      },
      "properties": {
        "chainage_m": 13833.05,
        "civil_class": "bridge",
        "investigation_flags": [
          "acidic-soil-durability-testing",
          "fine-soil-plasticity-and-shrink-swell-tests"
        ],
        "lat": 0.44198527,
        "line": "line-2",
        "lon": 33.19006816,
        "sample_id": "segment:line-2-civil-032:0001",
        "scope_id": "line-2-civil-032",
        "scope_type": "civil_segment"
      },
      "type": "Feature"
    },
    {
      "geometry": {
        "coordinates": [
          33.18952915,
          0.44270496
        ],
        "type": "Point"
      },
      "properties": {
        "chainage_m": 13949.6,
        "civil_class": "bridge",
        "investigation_flags": [
          "coverage-gap"
        ],
        "lat": 0.44270496,
        "line": "line-2",
        "lon": 33.18952915,
        "sample_id": "segment:line-2-civil-032:0002",
        "scope_id": "line-2-civil-032",
        "scope_type": "civil_segment"
      },
      "type": "Feature"
    },
    {
      "geometry": {
        "coordinates": [
          33.18952915,
          0.44270496
        ],
        "type": "Point"
      },
      "properties": {
        "chainage_m": 13949.6,
        "civil_class": "elevated",
        "investigation_flags": [
          "coverage-gap"
        ],
        "lat": 0.44270496,
        "line": "line-2",
        "lon": 33.18952915,
        "sample_id": "segment:line-2-civil-033:0000",
        "scope_id": "line-2-civil-033",
        "scope_type": "civil_segment"
      },
      "type": "Feature"
    },
    {
      "geometry": {
        "coordinates": [
          33.18932198,
          0.44309117
        ],
        "type": "Point"
      },
      "properties": {
        "chainage_m": 14002.05,
        "civil_class": "elevated",
        "investigation_flags": [
          "acidic-soil-durability-testing",
          "fine-soil-plasticity-and-shrink-swell-tests"
        ],
        "lat": 0.44309117,
        "line": "line-2",
        "lon": 33.18932198,
        "sample_id": "segment:line-2-civil-033:0001",
        "scope_id": "line-2-civil-033",
        "scope_type": "civil_segment"
      },
      "type": "Feature"
    },
    {
      "geometry": {
        "coordinates": [
          33.18899015,
          0.44342522
        ],
        "type": "Point"
      },
      "properties": {
        "chainage_m": 14054.5,
        "civil_class": "elevated",
        "investigation_flags": [
          "acidic-soil-durability-testing",
          "fine-soil-plasticity-and-shrink-swell-tests"
        ],
        "lat": 0.44342522,
        "line": "line-2",
        "lon": 33.18899015,
        "sample_id": "segment:line-2-civil-033:0002",
        "scope_id": "line-2-civil-033",
        "scope_type": "civil_segment"
      },
      "type": "Feature"
    },
    {
      "geometry": {
        "coordinates": [
          33.18899015,
          0.44342522
        ],
        "type": "Point"
      },
      "properties": {
        "chainage_m": 14054.5,
        "civil_class": "bridge",
        "investigation_flags": [
          "acidic-soil-durability-testing",
          "fine-soil-plasticity-and-shrink-swell-tests"
        ],
        "lat": 0.44342522,
        "line": "line-2",
        "lon": 33.18899015,
        "sample_id": "segment:line-2-civil-034:0000",
        "scope_id": "line-2-civil-034",
        "scope_type": "civil_segment"
      },
      "type": "Feature"
    },
    {
      "geometry": {
        "coordinates": [
          33.18889917,
          0.44369465
        ],
        "type": "Point"
      },
      "properties": {
        "chainage_m": 14088.65,
        "civil_class": "bridge",
        "investigation_flags": [
          "acidic-soil-durability-testing",
          "fine-soil-plasticity-and-shrink-swell-tests"
        ],
        "lat": 0.44369465,
        "line": "line-2",
        "lon": 33.18889917,
        "sample_id": "segment:line-2-civil-034:0001",
        "scope_id": "line-2-civil-034",
        "scope_type": "civil_segment"
      },
      "type": "Feature"
    },
    {
      "geometry": {
        "coordinates": [
          33.18880889,
          0.44396345
        ],
        "type": "Point"
      },
      "properties": {
        "chainage_m": 14122.8,
        "civil_class": "bridge",
        "investigation_flags": [
          "acidic-soil-durability-testing",
          "fine-soil-plasticity-and-shrink-swell-tests"
        ],
        "lat": 0.44396345,
        "line": "line-2",
        "lon": 33.18880889,
        "sample_id": "segment:line-2-civil-034:0002",
        "scope_id": "line-2-civil-034",
        "scope_type": "civil_segment"
      },
      "type": "Feature"
    },
    {
      "geometry": {
        "coordinates": [
          33.18880889,
          0.44396345
        ],
        "type": "Point"
      },
      "properties": {
        "chainage_m": 14122.8,
        "civil_class": "elevated",
        "investigation_flags": [
          "acidic-soil-durability-testing",
          "fine-soil-plasticity-and-shrink-swell-tests"
        ],
        "lat": 0.44396345,
        "line": "line-2",
        "lon": 33.18880889,
        "sample_id": "segment:line-2-civil-035:0000",
        "scope_id": "line-2-civil-035",
        "scope_type": "civil_segment"
      },
      "type": "Feature"
    },
    {
      "geometry": {
        "coordinates": [
          33.18641056,
          0.44708722
        ],
        "type": "Point"
      },
      "properties": {
        "chainage_m": 14603.9,
        "civil_class": "elevated",
        "investigation_flags": [
          "acidic-soil-durability-testing",
          "fine-soil-plasticity-and-shrink-swell-tests"
        ],
        "lat": 0.44708722,
        "line": "line-2",
        "lon": 33.18641056,
        "sample_id": "segment:line-2-civil-035:0001",
        "scope_id": "line-2-civil-035",
        "scope_type": "civil_segment"
      },
      "type": "Feature"
    },
    {
      "geometry": {
        "coordinates": [
          33.18413912,
          0.45026316
        ],
        "type": "Point"
      },
      "properties": {
        "chainage_m": 15085.0,
        "civil_class": "elevated",
        "investigation_flags": [
          "acidic-soil-durability-testing",
          "fine-soil-plasticity-and-shrink-swell-tests"
        ],
        "lat": 0.45026316,
        "line": "line-2",
        "lon": 33.18413912,
        "sample_id": "segment:line-2-civil-035:0002",
        "scope_id": "line-2-civil-035",
        "scope_type": "civil_segment"
      },
      "type": "Feature"
    },
    {
      "geometry": {
        "coordinates": [
          33.18413912,
          0.45026316
        ],
        "type": "Point"
      },
      "properties": {
        "chainage_m": 15085.0,
        "civil_class": "bridge",
        "investigation_flags": [
          "acidic-soil-durability-testing",
          "fine-soil-plasticity-and-shrink-swell-tests"
        ],
        "lat": 0.45026316,
        "line": "line-2",
        "lon": 33.18413912,
        "sample_id": "segment:line-2-civil-036:0000",
        "scope_id": "line-2-civil-036",
        "scope_type": "civil_segment"
      },
      "type": "Feature"
    },
    {
      "geometry": {
        "coordinates": [
          33.1819979,
          0.45332169
        ],
        "type": "Point"
      },
      "properties": {
        "chainage_m": 15546.15,
        "civil_class": "bridge",
        "investigation_flags": [
          "coverage-gap"
        ],
        "lat": 0.45332169,
        "line": "line-2",
        "lon": 33.1819979,
        "sample_id": "segment:line-2-civil-036:0001",
        "scope_id": "line-2-civil-036",
        "scope_type": "civil_segment"
      },
      "type": "Feature"
    },
    {
      "geometry": {
        "coordinates": [
          33.17982636,
          0.45656108
        ],
        "type": "Point"
      },
      "properties": {
        "chainage_m": 16007.3,
        "civil_class": "bridge",
        "investigation_flags": [
          "acidic-soil-durability-testing",
          "fine-soil-plasticity-and-shrink-swell-tests"
        ],
        "lat": 0.45656108,
        "line": "line-2",
        "lon": 33.17982636,
        "sample_id": "segment:line-2-civil-036:0002",
        "scope_id": "line-2-civil-036",
        "scope_type": "civil_segment"
      },
      "type": "Feature"
    },
    {
      "geometry": {
        "coordinates": [
          33.17982636,
          0.45656108
        ],
        "type": "Point"
      },
      "properties": {
        "chainage_m": 16007.3,
        "civil_class": "elevated",
        "investigation_flags": [
          "acidic-soil-durability-testing",
          "fine-soil-plasticity-and-shrink-swell-tests"
        ],
        "lat": 0.45656108,
        "line": "line-2",
        "lon": 33.17982636,
        "sample_id": "segment:line-2-civil-037:0000",
        "scope_id": "line-2-civil-037",
        "scope_type": "civil_segment"
      },
      "type": "Feature"
    },
    {
      "geometry": {
        "coordinates": [
          33.17675713,
          0.46089591
        ],
        "type": "Point"
      },
      "properties": {
        "chainage_m": 16677.4,
        "civil_class": "elevated",
        "investigation_flags": [
          "acidic-soil-durability-testing",
          "fine-soil-plasticity-and-shrink-swell-tests"
        ],
        "lat": 0.46089591,
        "line": "line-2",
        "lon": 33.17675713,
        "sample_id": "segment:line-2-civil-037:0001",
        "scope_id": "line-2-civil-037",
        "scope_type": "civil_segment"
      },
      "type": "Feature"
    },
    {
      "geometry": {
        "coordinates": [
          33.17509773,
          0.46309796
        ],
        "type": "Point"
      },
      "properties": {
        "chainage_m": 17010.386,
        "civil_class": "elevated",
        "investigation_flags": [
          "acidic-soil-durability-testing",
          "fine-soil-plasticity-and-shrink-swell-tests"
        ],
        "lat": 0.46309796,
        "line": "line-2",
        "lon": 33.17509773,
        "sample_id": "segment:line-2-civil-037:0002",
        "scope_id": "line-2-civil-037",
        "scope_type": "civil_segment"
      },
      "type": "Feature"
    },
    {
      "geometry": {
        "coordinates": [
          33.17353873,
          0.46537925
        ],
        "type": "Point"
      },
      "properties": {
        "chainage_m": 17347.5,
        "civil_class": "elevated",
        "investigation_flags": [
          "acidic-soil-durability-testing",
          "fine-soil-plasticity-and-shrink-swell-tests"
        ],
        "lat": 0.46537925,
        "line": "line-2",
        "lon": 33.17353873,
        "sample_id": "segment:line-2-civil-037:0003",
        "scope_id": "line-2-civil-037",
        "scope_type": "civil_segment"
      },
      "type": "Feature"
    },
    {
      "geometry": {
        "coordinates": [
          33.17353873,
          0.46537925
        ],
        "type": "Point"
      },
      "properties": {
        "chainage_m": 17347.5,
        "civil_class": "elevated",
        "investigation_flags": [
          "acidic-soil-durability-testing",
          "fine-soil-plasticity-and-shrink-swell-tests"
        ],
        "lat": 0.46537925,
        "line": "line-2",
        "lon": 33.17353873,
        "sample_id": "segment:line-2-civil-038:0000",
        "scope_id": "line-2-civil-038",
        "scope_type": "civil_segment"
      },
      "type": "Feature"
    },
    {
      "geometry": {
        "coordinates": [
          33.17344895,
          0.46546934
        ],
        "type": "Point"
      },
      "properties": {
        "chainage_m": 17361.65,
        "civil_class": "elevated",
        "investigation_flags": [
          "acidic-soil-durability-testing",
          "fine-soil-plasticity-and-shrink-swell-tests"
        ],
        "lat": 0.46546934,
        "line": "line-2",
        "lon": 33.17344895,
        "sample_id": "segment:line-2-civil-038:0001",
        "scope_id": "line-2-civil-038",
        "scope_type": "civil_segment"
      },
      "type": "Feature"
    },
    {
      "geometry": {
        "coordinates": [
          33.17335906,
          0.46555939
        ],
        "type": "Point"
      },
      "properties": {
        "chainage_m": 17375.8,
        "civil_class": "elevated",
        "investigation_flags": [
          "acidic-soil-durability-testing",
          "fine-soil-plasticity-and-shrink-swell-tests"
        ],
        "lat": 0.46555939,
        "line": "line-2",
        "lon": 33.17335906,
        "sample_id": "segment:line-2-civil-038:0002",
        "scope_id": "line-2-civil-038",
        "scope_type": "civil_segment"
      },
      "type": "Feature"
    },
    {
      "geometry": {
        "coordinates": [
          33.15215827,
          0.38367478
        ],
        "type": "Point"
      },
      "properties": {
        "chainage_m": 0.0,
        "civil_class": "at-grade",
        "investigation_flags": [
          "acidic-soil-durability-testing",
          "fine-soil-plasticity-and-shrink-swell-tests"
        ],
        "lat": 0.38367478,
        "line": "line-3",
        "lon": 33.15215827,
        "sample_id": "segment:line-3-civil-039:0000",
        "scope_id": "line-3-civil-039",
        "scope_type": "civil_segment"
      },
      "type": "Feature"
    },
    {
      "geometry": {
        "coordinates": [
          33.15887044,
          0.38427925
        ],
        "type": "Point"
      },
      "properties": {
        "chainage_m": 1002.384,
        "civil_class": "at-grade",
        "investigation_flags": [
          "acidic-soil-durability-testing",
          "fine-soil-plasticity-and-shrink-swell-tests"
        ],
        "lat": 0.38427925,
        "line": "line-3",
        "lon": 33.15887044,
        "sample_id": "segment:line-3-civil-039:0001",
        "scope_id": "line-3-civil-039",
        "scope_type": "civil_segment"
      },
      "type": "Feature"
    },
    {
      "geometry": {
        "coordinates": [
          33.16623238,
          0.38823406
        ],
        "type": "Point"
      },
      "properties": {
        "chainage_m": 2004.767,
        "civil_class": "at-grade",
        "investigation_flags": [
          "acidic-soil-durability-testing",
          "fine-soil-plasticity-and-shrink-swell-tests"
        ],
        "lat": 0.38823406,
        "line": "line-3",
        "lon": 33.16623238,
        "sample_id": "segment:line-3-civil-039:0002",
        "scope_id": "line-3-civil-039",
        "scope_type": "civil_segment"
      },
      "type": "Feature"
    },
    {
      "geometry": {
        "coordinates": [
          33.16816358,
          0.39016848
        ],
        "type": "Point"
      },
      "properties": {
        "chainage_m": 2308.75,
        "civil_class": "at-grade",
        "investigation_flags": [
          "acidic-soil-durability-testing",
          "fine-soil-plasticity-and-shrink-swell-tests"
        ],
        "lat": 0.39016848,
        "line": "line-3",
        "lon": 33.16816358,
        "sample_id": "segment:line-3-civil-039:0003",
        "scope_id": "line-3-civil-039",
        "scope_type": "civil_segment"
      },
      "type": "Feature"
    },
    {
      "geometry": {
        "coordinates": [
          33.17260054,
          0.3946128
        ],
        "type": "Point"
      },
      "properties": {
        "chainage_m": 3007.151,
        "civil_class": "at-grade",
        "investigation_flags": [
          "acidic-soil-durability-testing",
          "fine-soil-plasticity-and-shrink-swell-tests"
        ],
        "lat": 0.3946128,
        "line": "line-3",
        "lon": 33.17260054,
        "sample_id": "segment:line-3-civil-039:0004",
        "scope_id": "line-3-civil-039",
        "scope_type": "civil_segment"
      },
      "type": "Feature"
    },
    {
      "geometry": {
        "coordinates": [
          33.17635724,
          0.40125521
        ],
        "type": "Point"
      },
      "properties": {
        "chainage_m": 4009.535,
        "civil_class": "at-grade",
        "investigation_flags": [
          "acidic-soil-durability-testing",
          "fine-soil-plasticity-and-shrink-swell-tests"
        ],
        "lat": 0.40125521,
        "line": "line-3",
        "lon": 33.17635724,
        "sample_id": "segment:line-3-civil-039:0005",
        "scope_id": "line-3-civil-039",
        "scope_type": "civil_segment"
      },
      "type": "Feature"
    },
    {
      "geometry": {
        "coordinates": [
          33.17857224,
          0.40581345
        ],
        "type": "Point"
      },
      "properties": {
        "chainage_m": 4617.5,
        "civil_class": "at-grade",
        "investigation_flags": [
          "acidic-soil-durability-testing",
          "fine-soil-plasticity-and-shrink-swell-tests"
        ],
        "lat": 0.40581345,
        "line": "line-3",
        "lon": 33.17857224,
        "sample_id": "segment:line-3-civil-039:0006",
        "scope_id": "line-3-civil-039",
        "scope_type": "civil_segment"
      },
      "type": "Feature"
    },
    {
      "geometry": {
        "coordinates": [
          33.17857224,
          0.40581345
        ],
        "type": "Point"
      },
      "properties": {
        "chainage_m": 4617.5,
        "civil_class": "elevated",
        "investigation_flags": [
          "acidic-soil-durability-testing",
          "fine-soil-plasticity-and-shrink-swell-tests"
        ],
        "lat": 0.40581345,
        "line": "line-3",
        "lon": 33.17857224,
        "sample_id": "segment:line-3-civil-040:0000",
        "scope_id": "line-3-civil-040",
        "scope_type": "civil_segment"
      },
      "type": "Feature"
    },
    {
      "geometry": {
        "coordinates": [
          33.18327895,
          0.41214767
        ],
        "type": "Point"
      },
      "properties": {
        "chainage_m": 5620.533,
        "civil_class": "elevated",
        "investigation_flags": [
          "acidic-soil-durability-testing",
          "fine-soil-plasticity-and-shrink-swell-tests"
        ],
        "lat": 0.41214767,
        "line": "line-3",
        "lon": 33.18327895,
        "sample_id": "segment:line-3-civil-040:0001",
        "scope_id": "line-3-civil-040",
        "scope_type": "civil_segment"
      },
      "type": "Feature"
    },
    {
      "geometry": {
        "coordinates": [
          33.18545625,
          0.41504845
        ],
        "type": "Point"
      },
      "properties": {
        "chainage_m": 6090.2,
        "civil_class": "elevated",
        "investigation_flags": [
          "acidic-soil-durability-testing",
          "fine-soil-plasticity-and-shrink-swell-tests"
        ],
        "lat": 0.41504845,
        "line": "line-3",
        "lon": 33.18545625,
        "sample_id": "segment:line-3-civil-040:0002",
        "scope_id": "line-3-civil-040",
        "scope_type": "civil_segment"
      },
      "type": "Feature"
    },
    {
      "geometry": {
        "coordinates": [
          33.18791125,
          0.41840735
        ],
        "type": "Point"
      },
      "properties": {
        "chainage_m": 6623.566,
        "civil_class": "elevated",
        "investigation_flags": [
          "acidic-soil-durability-testing",
          "fine-soil-plasticity-and-shrink-swell-tests"
        ],
        "lat": 0.41840735,
        "line": "line-3",
        "lon": 33.18791125,
        "sample_id": "segment:line-3-civil-040:0003",
        "scope_id": "line-3-civil-040",
        "scope_type": "civil_segment"
      },
      "type": "Feature"
    },
    {
      "geometry": {
        "coordinates": [
          33.19258351,
          0.4247101
        ],
        "type": "Point"
      },
      "properties": {
        "chainage_m": 7562.9,
        "civil_class": "elevated",
        "investigation_flags": [
          "acidic-soil-durability-testing",
          "fine-soil-plasticity-and-shrink-swell-tests"
        ],
        "lat": 0.4247101,
        "line": "line-3",
        "lon": 33.19258351,
        "sample_id": "segment:line-3-civil-040:0004",
        "scope_id": "line-3-civil-040",
        "scope_type": "civil_segment"
      },
      "type": "Feature"
    },
    {
      "geometry": {
        "coordinates": [
          33.19258351,
          0.4247101
        ],
        "type": "Point"
      },
      "properties": {
        "chainage_m": 7562.9,
        "civil_class": "bridge",
        "investigation_flags": [
          "acidic-soil-durability-testing",
          "fine-soil-plasticity-and-shrink-swell-tests"
        ],
        "lat": 0.4247101,
        "line": "line-3",
        "lon": 33.19258351,
        "sample_id": "segment:line-3-civil-041:0000",
        "scope_id": "line-3-civil-041",
        "scope_type": "civil_segment"
      },
      "type": "Feature"
    },
    {
      "geometry": {
        "coordinates": [
          33.1941915,
          0.42685764
        ],
        "type": "Point"
      },
      "properties": {
        "chainage_m": 7910.9,
        "civil_class": "bridge",
        "investigation_flags": [
          "coverage-gap"
        ],
        "lat": 0.42685764,
        "line": "line-3",
        "lon": 33.1941915,
        "sample_id": "segment:line-3-civil-041:0001",
        "scope_id": "line-3-civil-041",
        "scope_type": "civil_segment"
      },
      "type": "Feature"
    },
    {
      "geometry": {
        "coordinates": [
          33.19581948,
          0.42920818
        ],
        "type": "Point"
      },
      "properties": {
        "chainage_m": 8258.9,
        "civil_class": "bridge",
        "investigation_flags": [
          "coverage-gap"
        ],
        "lat": 0.42920818,
        "line": "line-3",
        "lon": 33.19581948,
        "sample_id": "segment:line-3-civil-041:0002",
        "scope_id": "line-3-civil-041",
        "scope_type": "civil_segment"
      },
      "type": "Feature"
    },
    {
      "geometry": {
        "coordinates": [
          33.19581948,
          0.42920818
        ],
        "type": "Point"
      },
      "properties": {
        "chainage_m": 8258.9,
        "civil_class": "elevated",
        "investigation_flags": [
          "coverage-gap"
        ],
        "lat": 0.42920818,
        "line": "line-3",
        "lon": 33.19581948,
        "sample_id": "segment:line-3-civil-042:0000",
        "scope_id": "line-3-civil-042",
        "scope_type": "civil_segment"
      },
      "type": "Feature"
    },
    {
      "geometry": {
        "coordinates": [
          33.20092041,
          0.43611725
        ],
        "type": "Point"
      },
      "properties": {
        "chainage_m": 9261.956,
        "civil_class": "elevated",
        "investigation_flags": [
          "acidic-soil-durability-testing",
          "fine-soil-plasticity-and-shrink-swell-tests"
        ],
        "lat": 0.43611725,
        "line": "line-3",
        "lon": 33.20092041,
        "sample_id": "segment:line-3-civil-042:0001",
        "scope_id": "line-3-civil-042",
        "scope_type": "civil_segment"
      },
      "type": "Feature"
    },
    {
      "geometry": {
        "coordinates": [
          33.20569925,
          0.44263268
        ],
        "type": "Point"
      },
      "properties": {
        "chainage_m": 10265.012,
        "civil_class": "elevated",
        "investigation_flags": [
          "acidic-soil-durability-testing",
          "fine-soil-plasticity-and-shrink-swell-tests"
        ],
        "lat": 0.44263268,
        "line": "line-3",
        "lon": 33.20569925,
        "sample_id": "segment:line-3-civil-042:0002",
        "scope_id": "line-3-civil-042",
        "scope_type": "civil_segment"
      },
      "type": "Feature"
    },
    {
      "geometry": {
        "coordinates": [
          33.20703434,
          0.44440093
        ],
        "type": "Point"
      },
      "properties": {
        "chainage_m": 10523.1,
        "civil_class": "elevated",
        "investigation_flags": [
          "acidic-soil-durability-testing",
          "fine-soil-plasticity-and-shrink-swell-tests"
        ],
        "lat": 0.44440093,
        "line": "line-3",
        "lon": 33.20703434,
        "sample_id": "segment:line-3-civil-042:0003",
        "scope_id": "line-3-civil-042",
        "scope_type": "civil_segment"
      },
      "type": "Feature"
    },
    {
      "geometry": {
        "coordinates": [
          33.21050481,
          0.44913693
        ],
        "type": "Point"
      },
      "properties": {
        "chainage_m": 11268.069,
        "civil_class": "elevated",
        "investigation_flags": [
          "acidic-soil-durability-testing",
          "fine-soil-plasticity-and-shrink-swell-tests"
        ],
        "lat": 0.44913693,
        "line": "line-3",
        "lon": 33.21050481,
        "sample_id": "segment:line-3-civil-042:0004",
        "scope_id": "line-3-civil-042",
        "scope_type": "civil_segment"
      },
      "type": "Feature"
    },
    {
      "geometry": {
        "coordinates": [
          33.21520739,
          0.45548128
        ],
        "type": "Point"
      },
      "properties": {
        "chainage_m": 12271.125,
        "civil_class": "elevated",
        "investigation_flags": [
          "acidic-soil-durability-testing",
          "fine-soil-plasticity-and-shrink-swell-tests"
        ],
        "lat": 0.45548128,
        "line": "line-3",
        "lon": 33.21520739,
        "sample_id": "segment:line-3-civil-042:0005",
        "scope_id": "line-3-civil-042",
        "scope_type": "civil_segment"
      },
      "type": "Feature"
    },
    {
      "geometry": {
        "coordinates": [
          33.21755732,
          0.45872067
        ],
        "type": "Point"
      },
      "properties": {
        "chainage_m": 12787.3,
        "civil_class": "elevated",
        "investigation_flags": [
          "acidic-soil-durability-testing",
          "fine-soil-plasticity-and-shrink-swell-tests"
        ],
        "lat": 0.45872067,
        "line": "line-3",
        "lon": 33.21755732,
        "sample_id": "segment:line-3-civil-042:0006",
        "scope_id": "line-3-civil-042",
        "scope_type": "civil_segment"
      },
      "type": "Feature"
    },
    {
      "geometry": {
        "coordinates": [
          33.2477415,
          0.46987858
        ],
        "type": "Point"
      },
      "properties": {
        "chainage_m": 0.0,
        "civil_class": "elevated",
        "investigation_flags": [
          "acidic-soil-durability-testing",
          "fine-soil-plasticity-and-shrink-swell-tests"
        ],
        "lat": 0.46987858,
        "line": "line-4",
        "lon": 33.2477415,
        "sample_id": "segment:line-4-civil-043:0000",
        "scope_id": "line-4-civil-043",
        "scope_type": "civil_segment"
      },
      "type": "Feature"
    },
    {
      "geometry": {
        "coordinates": [
          33.24657397,
          0.47104804
        ],
        "type": "Point"
      },
      "properties": {
        "chainage_m": 183.85,
        "civil_class": "elevated",
        "investigation_flags": [
          "acidic-soil-durability-testing",
          "fine-soil-plasticity-and-shrink-swell-tests"
        ],
        "lat": 0.47104804,
        "line": "line-4",
        "lon": 33.24657397,
        "sample_id": "segment:line-4-civil-043:0001",
        "scope_id": "line-4-civil-043",
        "scope_type": "civil_segment"
      },
      "type": "Feature"
    },
    {
      "geometry": {
        "coordinates": [
          33.24540644,
          0.47221751
        ],
        "type": "Point"
      },
      "properties": {
        "chainage_m": 367.7,
        "civil_class": "elevated",
        "investigation_flags": [
          "acidic-soil-durability-testing",
          "fine-soil-plasticity-and-shrink-swell-tests"
        ],
        "lat": 0.47221751,
        "line": "line-4",
        "lon": 33.24540644,
        "sample_id": "segment:line-4-civil-043:0002",
        "scope_id": "line-4-civil-043",
        "scope_type": "civil_segment"
      },
      "type": "Feature"
    },
    {
      "geometry": {
        "coordinates": [
          33.24540644,
          0.47221751
        ],
        "type": "Point"
      },
      "properties": {
        "chainage_m": 367.7,
        "civil_class": "elevated",
        "investigation_flags": [
          "acidic-soil-durability-testing",
          "fine-soil-plasticity-and-shrink-swell-tests"
        ],
        "lat": 0.47221751,
        "line": "line-4",
        "lon": 33.24540644,
        "sample_id": "segment:line-4-civil-044:0000",
        "scope_id": "line-4-civil-044",
        "scope_type": "civil_segment"
      },
      "type": "Feature"
    },
    {
      "geometry": {
        "coordinates": [
          33.24522615,
          0.4726292
        ],
        "type": "Point"
      },
      "properties": {
        "chainage_m": 421.85,
        "civil_class": "elevated",
        "investigation_flags": [
          "acidic-soil-durability-testing",
          "fine-soil-plasticity-and-shrink-swell-tests"
        ],
        "lat": 0.4726292,
        "line": "line-4",
        "lon": 33.24522615,
        "sample_id": "segment:line-4-civil-044:0001",
        "scope_id": "line-4-civil-044",
        "scope_type": "civil_segment"
      },
      "type": "Feature"
    },
    {
      "geometry": {
        "coordinates": [
          33.24522615,
          0.47311634
        ],
        "type": "Point"
      },
      "properties": {
        "chainage_m": 476.0,
        "civil_class": "elevated",
        "investigation_flags": [
          "acidic-soil-durability-testing",
          "fine-soil-plasticity-and-shrink-swell-tests"
        ],
        "lat": 0.47311634,
        "line": "line-4",
        "lon": 33.24522615,
        "sample_id": "segment:line-4-civil-044:0002",
        "scope_id": "line-4-civil-044",
        "scope_type": "civil_segment"
      },
      "type": "Feature"
    },
    {
      "geometry": {
        "coordinates": [
          33.24522615,
          0.47311634
        ],
        "type": "Point"
      },
      "properties": {
        "chainage_m": 476.0,
        "civil_class": "elevated",
        "investigation_flags": [
          "acidic-soil-durability-testing",
          "fine-soil-plasticity-and-shrink-swell-tests"
        ],
        "lat": 0.47311634,
        "line": "line-4",
        "lon": 33.24522615,
        "sample_id": "segment:line-4-civil-045:0000",
        "scope_id": "line-4-civil-045",
        "scope_type": "civil_segment"
      },
      "type": "Feature"
    },
    {
      "geometry": {
        "coordinates": [
          33.24522615,
          0.47396301
        ],
        "type": "Point"
      },
      "properties": {
        "chainage_m": 570.15,
        "civil_class": "elevated",
        "investigation_flags": [
          "acidic-soil-durability-testing",
          "fine-soil-plasticity-and-shrink-swell-tests"
        ],
        "lat": 0.47396301,
        "line": "line-4",
        "lon": 33.24522615,
        "sample_id": "segment:line-4-civil-045:0001",
        "scope_id": "line-4-civil-045",
        "scope_type": "civil_segment"
      },
      "type": "Feature"
    },
    {
      "geometry": {
        "coordinates": [
          33.24504648,
          0.47473449
        ],
        "type": "Point"
      },
      "properties": {
        "chainage_m": 664.3,
        "civil_class": "elevated",
        "investigation_flags": [
          "acidic-soil-durability-testing",
          "fine-soil-plasticity-and-shrink-swell-tests"
        ],
        "lat": 0.47473449,
        "line": "line-4",
        "lon": 33.24504648,
        "sample_id": "segment:line-4-civil-045:0002",
        "scope_id": "line-4-civil-045",
        "scope_type": "civil_segment"
      },
      "type": "Feature"
    },
    {
      "geometry": {
        "coordinates": [
          33.24504648,
          0.47473449
        ],
        "type": "Point"
      },
      "properties": {
        "chainage_m": 664.3,
        "civil_class": "at-grade",
        "investigation_flags": [
          "acidic-soil-durability-testing",
          "fine-soil-plasticity-and-shrink-swell-tests"
        ],
        "lat": 0.47473449,
        "line": "line-4",
        "lon": 33.24504648,
        "sample_id": "segment:line-4-civil-046:0000",
        "scope_id": "line-4-civil-046",
        "scope_type": "civil_segment"
      },
      "type": "Feature"
    },
    {
      "geometry": {
        "coordinates": [
          33.24504648,
          0.47491425
        ],
        "type": "Point"
      },
      "properties": {
        "chainage_m": 684.3,
        "civil_class": "at-grade",
        "investigation_flags": [
          "acidic-soil-durability-testing",
          "fine-soil-plasticity-and-shrink-swell-tests"
        ],
        "lat": 0.47491425,
        "line": "line-4",
        "lon": 33.24504648,
        "sample_id": "segment:line-4-civil-046:0001",
        "scope_id": "line-4-civil-046",
        "scope_type": "civil_segment"
      },
      "type": "Feature"
    },
    {
      "geometry": {
        "coordinates": [
          33.24504648,
          0.47509402
        ],
        "type": "Point"
      },
      "properties": {
        "chainage_m": 704.3,
        "civil_class": "at-grade",
        "investigation_flags": [
          "acidic-soil-durability-testing",
          "fine-soil-plasticity-and-shrink-swell-tests"
        ],
        "lat": 0.47509402,
        "line": "line-4",
        "lon": 33.24504648,
        "sample_id": "segment:line-4-civil-046:0002",
        "scope_id": "line-4-civil-046",
        "scope_type": "civil_segment"
      },
      "type": "Feature"
    },
    {
      "geometry": {
        "coordinates": [
          33.24504648,
          0.47509402
        ],
        "type": "Point"
      },
      "properties": {
        "chainage_m": 704.3,
        "civil_class": "elevated",
        "investigation_flags": [
          "acidic-soil-durability-testing",
          "fine-soil-plasticity-and-shrink-swell-tests"
        ],
        "lat": 0.47509402,
        "line": "line-4",
        "lon": 33.24504648,
        "sample_id": "segment:line-4-civil-047:0000",
        "scope_id": "line-4-civil-047",
        "scope_type": "civil_segment"
      },
      "type": "Feature"
    },
    {
      "geometry": {
        "coordinates": [
          33.24504648,
          0.4751839
        ],
        "type": "Point"
      },
      "properties": {
        "chainage_m": 714.3,
        "civil_class": "elevated",
        "investigation_flags": [
          "acidic-soil-durability-testing",
          "fine-soil-plasticity-and-shrink-swell-tests"
        ],
        "lat": 0.4751839,
        "line": "line-4",
        "lon": 33.24504648,
        "sample_id": "segment:line-4-civil-047:0001",
        "scope_id": "line-4-civil-047",
        "scope_type": "civil_segment"
      },
      "type": "Feature"
    },
    {
      "geometry": {
        "coordinates": [
          33.24504648,
          0.47527378
        ],
        "type": "Point"
      },
      "properties": {
        "chainage_m": 724.3,
        "civil_class": "elevated",
        "investigation_flags": [
          "acidic-soil-durability-testing",
          "fine-soil-plasticity-and-shrink-swell-tests"
        ],
        "lat": 0.47527378,
        "line": "line-4",
        "lon": 33.24504648,
        "sample_id": "segment:line-4-civil-047:0002",
        "scope_id": "line-4-civil-047",
        "scope_type": "civil_segment"
      },
      "type": "Feature"
    },
    {
      "geometry": {
        "coordinates": [
          33.24504648,
          0.47527378
        ],
        "type": "Point"
      },
      "properties": {
        "chainage_m": 724.3,
        "civil_class": "elevated",
        "investigation_flags": [
          "acidic-soil-durability-testing",
          "fine-soil-plasticity-and-shrink-swell-tests"
        ],
        "lat": 0.47527378,
        "line": "line-4",
        "lon": 33.24504648,
        "sample_id": "segment:line-4-civil-048:0000",
        "scope_id": "line-4-civil-048",
        "scope_type": "civil_segment"
      },
      "type": "Feature"
    },
    {
      "geometry": {
        "coordinates": [
          33.24504648,
          0.47536366
        ],
        "type": "Point"
      },
      "properties": {
        "chainage_m": 734.3,
        "civil_class": "elevated",
        "investigation_flags": [
          "acidic-soil-durability-testing",
          "fine-soil-plasticity-and-shrink-swell-tests"
        ],
        "lat": 0.47536366,
        "line": "line-4",
        "lon": 33.24504648,
        "sample_id": "segment:line-4-civil-048:0001",
        "scope_id": "line-4-civil-048",
        "scope_type": "civil_segment"
      },
      "type": "Feature"
    },
    {
      "geometry": {
        "coordinates": [
          33.24504648,
          0.47545355
        ],
        "type": "Point"
      },
      "properties": {
        "chainage_m": 744.3,
        "civil_class": "elevated",
        "investigation_flags": [
          "acidic-soil-durability-testing",
          "fine-soil-plasticity-and-shrink-swell-tests"
        ],
        "lat": 0.47545355,
        "line": "line-4",
        "lon": 33.24504648,
        "sample_id": "segment:line-4-civil-048:0002",
        "scope_id": "line-4-civil-048",
        "scope_type": "civil_segment"
      },
      "type": "Feature"
    },
    {
      "geometry": {
        "coordinates": [
          33.24504648,
          0.47545355
        ],
        "type": "Point"
      },
      "properties": {
        "chainage_m": 744.3,
        "civil_class": "at-grade",
        "investigation_flags": [
          "acidic-soil-durability-testing",
          "fine-soil-plasticity-and-shrink-swell-tests"
        ],
        "lat": 0.47545355,
        "line": "line-4",
        "lon": 33.24504648,
        "sample_id": "segment:line-4-civil-049:0000",
        "scope_id": "line-4-civil-049",
        "scope_type": "civil_segment"
      },
      "type": "Feature"
    },
    {
      "geometry": {
        "coordinates": [
          33.24480674,
          0.47587764
        ],
        "type": "Point"
      },
      "properties": {
        "chainage_m": 802.55,
        "civil_class": "at-grade",
        "investigation_flags": [
          "acidic-soil-durability-testing",
          "fine-soil-plasticity-and-shrink-swell-tests"
        ],
        "lat": 0.47587764,
        "line": "line-4",
        "lon": 33.24480674,
        "sample_id": "segment:line-4-civil-049:0001",
        "scope_id": "line-4-civil-049",
        "scope_type": "civil_segment"
      },
      "type": "Feature"
    },
    {
      "geometry": {
        "coordinates": [
          33.24468715,
          0.47635201
        ],
        "type": "Point"
      },
      "properties": {
        "chainage_m": 860.8,
        "civil_class": "at-grade",
        "investigation_flags": [
          "acidic-soil-durability-testing",
          "fine-soil-plasticity-and-shrink-swell-tests"
        ],
        "lat": 0.47635201,
        "line": "line-4",
        "lon": 33.24468715,
        "sample_id": "segment:line-4-civil-049:0002",
        "scope_id": "line-4-civil-049",
        "scope_type": "civil_segment"
      },
      "type": "Feature"
    },
    {
      "geometry": {
        "coordinates": [
          33.24468715,
          0.47635201
        ],
        "type": "Point"
      },
      "properties": {
        "chainage_m": 860.8,
        "civil_class": "elevated",
        "investigation_flags": [
          "acidic-soil-durability-testing",
          "fine-soil-plasticity-and-shrink-swell-tests"
        ],
        "lat": 0.47635201,
        "line": "line-4",
        "lon": 33.24468715,
        "sample_id": "segment:line-4-civil-050:0000",
        "scope_id": "line-4-civil-050",
        "scope_type": "civil_segment"
      },
      "type": "Feature"
    },
    {
      "geometry": {
        "coordinates": [
          33.24468715,
          0.47653177
        ],
        "type": "Point"
      },
      "properties": {
        "chainage_m": 880.8,
        "civil_class": "elevated",
        "investigation_flags": [
          "acidic-soil-durability-testing",
          "fine-soil-plasticity-and-shrink-swell-tests"
        ],
        "lat": 0.47653177,
        "line": "line-4",
        "lon": 33.24468715,
        "sample_id": "segment:line-4-civil-050:0001",
        "scope_id": "line-4-civil-050",
        "scope_type": "civil_segment"
      },
      "type": "Feature"
    },
    {
      "geometry": {
        "coordinates": [
          33.24468715,
          0.47671154
        ],
        "type": "Point"
      },
      "properties": {
        "chainage_m": 900.8,
        "civil_class": "elevated",
        "investigation_flags": [
          "acidic-soil-durability-testing",
          "fine-soil-plasticity-and-shrink-swell-tests"
        ],
        "lat": 0.47671154,
        "line": "line-4",
        "lon": 33.24468715,
        "sample_id": "segment:line-4-civil-050:0002",
        "scope_id": "line-4-civil-050",
        "scope_type": "civil_segment"
      },
      "type": "Feature"
    },
    {
      "geometry": {
        "coordinates": [
          33.24468715,
          0.47671154
        ],
        "type": "Point"
      },
      "properties": {
        "chainage_m": 900.8,
        "civil_class": "elevated",
        "investigation_flags": [
          "acidic-soil-durability-testing",
          "fine-soil-plasticity-and-shrink-swell-tests"
        ],
        "lat": 0.47671154,
        "line": "line-4",
        "lon": 33.24468715,
        "sample_id": "segment:line-4-civil-051:0000",
        "scope_id": "line-4-civil-051",
        "scope_type": "civil_segment"
      },
      "type": "Feature"
    },
    {
      "geometry": {
        "coordinates": [
          33.24468715,
          0.47707226
        ],
        "type": "Point"
      },
      "properties": {
        "chainage_m": 940.8,
        "civil_class": "elevated",
        "investigation_flags": [
          "acidic-soil-durability-testing",
          "fine-soil-plasticity-and-shrink-swell-tests"
        ],
        "lat": 0.47707226,
        "line": "line-4",
        "lon": 33.24468715,
        "sample_id": "segment:line-4-civil-051:0001",
        "scope_id": "line-4-civil-051",
        "scope_type": "civil_segment"
      },
      "type": "Feature"
    },
    {
      "geometry": {
        "coordinates": [
          33.24433376,
          0.47707722
        ],
        "type": "Point"
      },
      "properties": {
        "chainage_m": 980.8,
        "civil_class": "elevated",
        "investigation_flags": [
          "acidic-soil-durability-testing",
          "fine-soil-plasticity-and-shrink-swell-tests"
        ],
        "lat": 0.47707722,
        "line": "line-4",
        "lon": 33.24433376,
        "sample_id": "segment:line-4-civil-051:0002",
        "scope_id": "line-4-civil-051",
        "scope_type": "civil_segment"
      },
      "type": "Feature"
    },
    {
      "geometry": {
        "coordinates": [
          33.24433376,
          0.47707722
        ],
        "type": "Point"
      },
      "properties": {
        "chainage_m": 980.8,
        "civil_class": "at-grade",
        "investigation_flags": [
          "acidic-soil-durability-testing",
          "fine-soil-plasticity-and-shrink-swell-tests"
        ],
        "lat": 0.47707722,
        "line": "line-4",
        "lon": 33.24433376,
        "sample_id": "segment:line-4-civil-052:0000",
        "scope_id": "line-4-civil-052",
        "scope_type": "civil_segment"
      },
      "type": "Feature"
    },
    {
      "geometry": {
        "coordinates": [
          33.24424388,
          0.47707722
        ],
        "type": "Point"
      },
      "properties": {
        "chainage_m": 990.8,
        "civil_class": "at-grade",
        "investigation_flags": [
          "acidic-soil-durability-testing",
          "fine-soil-plasticity-and-shrink-swell-tests"
        ],
        "lat": 0.47707722,
        "line": "line-4",
        "lon": 33.24424388,
        "sample_id": "segment:line-4-civil-052:0001",
        "scope_id": "line-4-civil-052",
        "scope_type": "civil_segment"
      },
      "type": "Feature"
    },
    {
      "geometry": {
        "coordinates": [
          33.244154,
          0.47707722
        ],
        "type": "Point"
      },
      "properties": {
        "chainage_m": 1000.8,
        "civil_class": "at-grade",
        "investigation_flags": [
          "acidic-soil-durability-testing",
          "fine-soil-plasticity-and-shrink-swell-tests"
        ],
        "lat": 0.47707722,
        "line": "line-4",
        "lon": 33.244154,
        "sample_id": "segment:line-4-civil-052:0002",
        "scope_id": "line-4-civil-052",
        "scope_type": "civil_segment"
      },
      "type": "Feature"
    },
    {
      "geometry": {
        "coordinates": [
          33.244154,
          0.47707722
        ],
        "type": "Point"
      },
      "properties": {
        "chainage_m": 1000.8,
        "civil_class": "elevated",
        "investigation_flags": [
          "acidic-soil-durability-testing",
          "fine-soil-plasticity-and-shrink-swell-tests"
        ],
        "lat": 0.47707722,
        "line": "line-4",
        "lon": 33.244154,
        "sample_id": "segment:line-4-civil-053:0000",
        "scope_id": "line-4-civil-053",
        "scope_type": "civil_segment"
      },
      "type": "Feature"
    },
    {
      "geometry": {
        "coordinates": [
          33.24406411,
          0.47707722
        ],
        "type": "Point"
      },
      "properties": {
        "chainage_m": 1010.8,
        "civil_class": "elevated",
        "investigation_flags": [
          "acidic-soil-durability-testing",
          "fine-soil-plasticity-and-shrink-swell-tests"
        ],
        "lat": 0.47707722,
        "line": "line-4",
        "lon": 33.24406411,
        "sample_id": "segment:line-4-civil-053:0001",
        "scope_id": "line-4-civil-053",
        "scope_type": "civil_segment"
      },
      "type": "Feature"
    },
    {
      "geometry": {
        "coordinates": [
          33.24397423,
          0.47707722
        ],
        "type": "Point"
      },
      "properties": {
        "chainage_m": 1020.8,
        "civil_class": "elevated",
        "investigation_flags": [
          "acidic-soil-durability-testing",
          "fine-soil-plasticity-and-shrink-swell-tests"
        ],
        "lat": 0.47707722,
        "line": "line-4",
        "lon": 33.24397423,
        "sample_id": "segment:line-4-civil-053:0002",
        "scope_id": "line-4-civil-053",
        "scope_type": "civil_segment"
      },
      "type": "Feature"
    },
    {
      "geometry": {
        "coordinates": [
          33.24397423,
          0.47707722
        ],
        "type": "Point"
      },
      "properties": {
        "chainage_m": 1020.8,
        "civil_class": "elevated",
        "investigation_flags": [
          "acidic-soil-durability-testing",
          "fine-soil-plasticity-and-shrink-swell-tests"
        ],
        "lat": 0.47707722,
        "line": "line-4",
        "lon": 33.24397423,
        "sample_id": "segment:line-4-civil-054:0000",
        "scope_id": "line-4-civil-054",
        "scope_type": "civil_segment"
      },
      "type": "Feature"
    },
    {
      "geometry": {
        "coordinates": [
          33.24388434,
          0.47707722
        ],
        "type": "Point"
      },
      "properties": {
        "chainage_m": 1030.8,
        "civil_class": "elevated",
        "investigation_flags": [
          "acidic-soil-durability-testing",
          "fine-soil-plasticity-and-shrink-swell-tests"
        ],
        "lat": 0.47707722,
        "line": "line-4",
        "lon": 33.24388434,
        "sample_id": "segment:line-4-civil-054:0001",
        "scope_id": "line-4-civil-054",
        "scope_type": "civil_segment"
      },
      "type": "Feature"
    },
    {
      "geometry": {
        "coordinates": [
          33.24379446,
          0.47707722
        ],
        "type": "Point"
      },
      "properties": {
        "chainage_m": 1040.8,
        "civil_class": "elevated",
        "investigation_flags": [
          "acidic-soil-durability-testing",
          "fine-soil-plasticity-and-shrink-swell-tests"
        ],
        "lat": 0.47707722,
        "line": "line-4",
        "lon": 33.24379446,
        "sample_id": "segment:line-4-civil-054:0002",
        "scope_id": "line-4-civil-054",
        "scope_type": "civil_segment"
      },
      "type": "Feature"
    },
    {
      "geometry": {
        "coordinates": [
          33.24379446,
          0.47707722
        ],
        "type": "Point"
      },
      "properties": {
        "chainage_m": 1040.8,
        "civil_class": "at-grade",
        "investigation_flags": [
          "acidic-soil-durability-testing",
          "fine-soil-plasticity-and-shrink-swell-tests"
        ],
        "lat": 0.47707722,
        "line": "line-4",
        "lon": 33.24379446,
        "sample_id": "segment:line-4-civil-055:0000",
        "scope_id": "line-4-civil-055",
        "scope_type": "civil_segment"
      },
      "type": "Feature"
    },
    {
      "geometry": {
        "coordinates": [
          33.24361469,
          0.47707722
        ],
        "type": "Point"
      },
      "properties": {
        "chainage_m": 1060.8,
        "civil_class": "at-grade",
        "investigation_flags": [
          "acidic-soil-durability-testing",
          "fine-soil-plasticity-and-shrink-swell-tests"
        ],
        "lat": 0.47707722,
        "line": "line-4",
        "lon": 33.24361469,
        "sample_id": "segment:line-4-civil-055:0001",
        "scope_id": "line-4-civil-055",
        "scope_type": "civil_segment"
      },
      "type": "Feature"
    },
    {
      "geometry": {
        "coordinates": [
          33.24343492,
          0.47707722
        ],
        "type": "Point"
      },
      "properties": {
        "chainage_m": 1080.8,
        "civil_class": "at-grade",
        "investigation_flags": [
          "acidic-soil-durability-testing",
          "fine-soil-plasticity-and-shrink-swell-tests"
        ],
        "lat": 0.47707722,
        "line": "line-4",
        "lon": 33.24343492,
        "sample_id": "segment:line-4-civil-055:0002",
        "scope_id": "line-4-civil-055",
        "scope_type": "civil_segment"
      },
      "type": "Feature"
    },
    {
      "geometry": {
        "coordinates": [
          33.24343492,
          0.47707722
        ],
        "type": "Point"
      },
      "properties": {
        "chainage_m": 1080.8,
        "civil_class": "elevated",
        "investigation_flags": [
          "acidic-soil-durability-testing",
          "fine-soil-plasticity-and-shrink-swell-tests"
        ],
        "lat": 0.47707722,
        "line": "line-4",
        "lon": 33.24343492,
        "sample_id": "segment:line-4-civil-056:0000",
        "scope_id": "line-4-civil-056",
        "scope_type": "civil_segment"
      },
      "type": "Feature"
    },
    {
      "geometry": {
        "coordinates": [
          33.24019907,
          0.47707722
        ],
        "type": "Point"
      },
      "properties": {
        "chainage_m": 1440.8,
        "civil_class": "elevated",
        "investigation_flags": [
          "acidic-soil-durability-testing",
          "fine-soil-plasticity-and-shrink-swell-tests"
        ],
        "lat": 0.47707722,
        "line": "line-4",
        "lon": 33.24019907,
        "sample_id": "segment:line-4-civil-056:0001",
        "scope_id": "line-4-civil-056",
        "scope_type": "civil_segment"
      },
      "type": "Feature"
    },
    {
      "geometry": {
        "coordinates": [
          33.23696323,
          0.47707722
        ],
        "type": "Point"
      },
      "properties": {
        "chainage_m": 1800.8,
        "civil_class": "elevated",
        "investigation_flags": [
          "acidic-soil-durability-testing",
          "fine-soil-plasticity-and-shrink-swell-tests"
        ],
        "lat": 0.47707722,
        "line": "line-4",
        "lon": 33.23696323,
        "sample_id": "segment:line-4-civil-056:0002",
        "scope_id": "line-4-civil-056",
        "scope_type": "civil_segment"
      },
      "type": "Feature"
    },
    {
      "geometry": {
        "coordinates": [
          33.23696323,
          0.47707722
        ],
        "type": "Point"
      },
      "properties": {
        "chainage_m": 1800.8,
        "civil_class": "elevated",
        "investigation_flags": [
          "acidic-soil-durability-testing",
          "fine-soil-plasticity-and-shrink-swell-tests"
        ],
        "lat": 0.47707722,
        "line": "line-4",
        "lon": 33.23696323,
        "sample_id": "segment:line-4-civil-057:0000",
        "scope_id": "line-4-civil-057",
        "scope_type": "civil_segment"
      },
      "type": "Feature"
    },
    {
      "geometry": {
        "coordinates": [
          33.23644005,
          0.47707722
        ],
        "type": "Point"
      },
      "properties": {
        "chainage_m": 1859.1,
        "civil_class": "elevated",
        "investigation_flags": [
          "acidic-soil-durability-testing",
          "fine-soil-plasticity-and-shrink-swell-tests"
        ],
        "lat": 0.47707722,
        "line": "line-4",
        "lon": 33.23644005,
        "sample_id": "segment:line-4-civil-057:0001",
        "scope_id": "line-4-civil-057",
        "scope_type": "civil_segment"
      },
      "type": "Feature"
    },
    {
      "geometry": {
        "coordinates": [
          33.23606405,
          0.47671825
        ],
        "type": "Point"
      },
      "properties": {
        "chainage_m": 1917.4,
        "civil_class": "elevated",
        "investigation_flags": [
          "acidic-soil-durability-testing",
          "fine-soil-plasticity-and-shrink-swell-tests"
        ],
        "lat": 0.47671825,
        "line": "line-4",
        "lon": 33.23606405,
        "sample_id": "segment:line-4-civil-057:0002",
        "scope_id": "line-4-civil-057",
        "scope_type": "civil_segment"
      },
      "type": "Feature"
    },
    {
      "geometry": {
        "coordinates": [
          33.23606405,
          0.47671825
        ],
        "type": "Point"
      },
      "properties": {
        "chainage_m": 1917.4,
        "civil_class": "elevated",
        "investigation_flags": [
          "acidic-soil-durability-testing",
          "fine-soil-plasticity-and-shrink-swell-tests"
        ],
        "lat": 0.47671825,
        "line": "line-4",
        "lon": 33.23606405,
        "sample_id": "segment:line-4-civil-058:0000",
        "scope_id": "line-4-civil-058",
        "scope_type": "civil_segment"
      },
      "type": "Feature"
    },
    {
      "geometry": {
        "coordinates": [
          33.23417797,
          0.47482903
        ],
        "type": "Point"
      },
      "properties": {
        "chainage_m": 2214.4,
        "civil_class": "elevated",
        "investigation_flags": [
          "acidic-soil-durability-testing",
          "fine-soil-plasticity-and-shrink-swell-tests"
        ],
        "lat": 0.47482903,
        "line": "line-4",
        "lon": 33.23417797,
        "sample_id": "segment:line-4-civil-058:0001",
        "scope_id": "line-4-civil-058",
        "scope_type": "civil_segment"
      },
      "type": "Feature"
    },
    {
      "geometry": {
        "coordinates": [
          33.23229189,
          0.47293982
        ],
        "type": "Point"
      },
      "properties": {
        "chainage_m": 2511.4,
        "civil_class": "elevated",
        "investigation_flags": [
          "acidic-soil-durability-testing",
          "fine-soil-plasticity-and-shrink-swell-tests"
        ],
        "lat": 0.47293982,
        "line": "line-4",
        "lon": 33.23229189,
        "sample_id": "segment:line-4-civil-058:0002",
        "scope_id": "line-4-civil-058",
        "scope_type": "civil_segment"
      },
      "type": "Feature"
    },
    {
      "geometry": {
        "coordinates": [
          33.23229189,
          0.47293982
        ],
        "type": "Point"
      },
      "properties": {
        "chainage_m": 2511.4,
        "civil_class": "elevated",
        "investigation_flags": [
          "acidic-soil-durability-testing",
          "fine-soil-plasticity-and-shrink-swell-tests"
        ],
        "lat": 0.47293982,
        "line": "line-4",
        "lon": 33.23229189,
        "sample_id": "segment:line-4-civil-059:0000",
        "scope_id": "line-4-civil-059",
        "scope_type": "civil_segment"
      },
      "type": "Feature"
    },
    {
      "geometry": {
        "coordinates": [
          33.23211249,
          0.47276013
        ],
        "type": "Point"
      },
      "properties": {
        "chainage_m": 2539.65,
        "civil_class": "elevated",
        "investigation_flags": [
          "acidic-soil-durability-testing",
          "fine-soil-plasticity-and-shrink-swell-tests"
        ],
        "lat": 0.47276013,
        "line": "line-4",
        "lon": 33.23211249,
        "sample_id": "segment:line-4-civil-059:0001",
        "scope_id": "line-4-civil-059",
        "scope_type": "civil_segment"
      },
      "type": "Feature"
    },
    {
      "geometry": {
        "coordinates": [
          33.23193309,
          0.47258043
        ],
        "type": "Point"
      },
      "properties": {
        "chainage_m": 2567.9,
        "civil_class": "elevated",
        "investigation_flags": [
          "acidic-soil-durability-testing",
          "fine-soil-plasticity-and-shrink-swell-tests"
        ],
        "lat": 0.47258043,
        "line": "line-4",
        "lon": 33.23193309,
        "sample_id": "segment:line-4-civil-059:0002",
        "scope_id": "line-4-civil-059",
        "scope_type": "civil_segment"
      },
      "type": "Feature"
    },
    {
      "geometry": {
        "coordinates": [
          33.23193309,
          0.47258043
        ],
        "type": "Point"
      },
      "properties": {
        "chainage_m": 2567.9,
        "civil_class": "elevated",
        "investigation_flags": [
          "acidic-soil-durability-testing",
          "fine-soil-plasticity-and-shrink-swell-tests"
        ],
        "lat": 0.47258043,
        "line": "line-4",
        "lon": 33.23193309,
        "sample_id": "segment:line-4-civil-060:0000",
        "scope_id": "line-4-civil-060",
        "scope_type": "civil_segment"
      },
      "type": "Feature"
    },
    {
      "geometry": {
        "coordinates": [
          33.23166352,
          0.4724858
        ],
        "type": "Point"
      },
      "properties": {
        "chainage_m": 2610.35,
        "civil_class": "elevated",
        "investigation_flags": [
          "acidic-soil-durability-testing",
          "fine-soil-plasticity-and-shrink-swell-tests"
        ],
        "lat": 0.4724858,
        "line": "line-4",
        "lon": 33.23166352,
        "sample_id": "segment:line-4-civil-060:0001",
        "scope_id": "line-4-civil-060",
        "scope_type": "civil_segment"
      },
      "type": "Feature"
    },
    {
      "geometry": {
        "coordinates": [
          33.23139394,
          0.47275583
        ],
        "type": "Point"
      },
      "properties": {
        "chainage_m": 2652.8,
        "civil_class": "elevated",
        "investigation_flags": [
          "acidic-soil-durability-testing",
          "fine-soil-plasticity-and-shrink-swell-tests"
        ],
        "lat": 0.47275583,
        "line": "line-4",
        "lon": 33.23139394,
        "sample_id": "segment:line-4-civil-060:0002",
        "scope_id": "line-4-civil-060",
        "scope_type": "civil_segment"
      },
      "type": "Feature"
    },
    {
      "geometry": {
        "coordinates": [
          33.23139394,
          0.47275583
        ],
        "type": "Point"
      },
      "properties": {
        "chainage_m": 2652.8,
        "civil_class": "elevated",
        "investigation_flags": [
          "acidic-soil-durability-testing",
          "fine-soil-plasticity-and-shrink-swell-tests"
        ],
        "lat": 0.47275583,
        "line": "line-4",
        "lon": 33.23139394,
        "sample_id": "segment:line-4-civil-061:0000",
        "scope_id": "line-4-civil-061",
        "scope_type": "civil_segment"
      },
      "type": "Feature"
    },
    {
      "geometry": {
        "coordinates": [
          33.23121422,
          0.47293584
        ],
        "type": "Point"
      },
      "properties": {
        "chainage_m": 2681.1,
        "civil_class": "elevated",
        "investigation_flags": [
          "acidic-soil-durability-testing",
          "fine-soil-plasticity-and-shrink-swell-tests"
        ],
        "lat": 0.47293584,
        "line": "line-4",
        "lon": 33.23121422,
        "sample_id": "segment:line-4-civil-061:0001",
        "scope_id": "line-4-civil-061",
        "scope_type": "civil_segment"
      },
      "type": "Feature"
    },
    {
      "geometry": {
        "coordinates": [
          33.23103451,
          0.47311586
        ],
        "type": "Point"
      },
      "properties": {
        "chainage_m": 2709.4,
        "civil_class": "elevated",
        "investigation_flags": [
          "acidic-soil-durability-testing",
          "fine-soil-plasticity-and-shrink-swell-tests"
        ],
        "lat": 0.47311586,
        "line": "line-4",
        "lon": 33.23103451,
        "sample_id": "segment:line-4-civil-061:0002",
        "scope_id": "line-4-civil-061",
        "scope_type": "civil_segment"
      },
      "type": "Feature"
    },
    {
      "geometry": {
        "coordinates": [
          33.23103451,
          0.47311586
        ],
        "type": "Point"
      },
      "properties": {
        "chainage_m": 2709.4,
        "civil_class": "elevated",
        "investigation_flags": [
          "acidic-soil-durability-testing",
          "fine-soil-plasticity-and-shrink-swell-tests"
        ],
        "lat": 0.47311586,
        "line": "line-4",
        "lon": 33.23103451,
        "sample_id": "segment:line-4-civil-062:0000",
        "scope_id": "line-4-civil-062",
        "scope_type": "civil_segment"
      },
      "type": "Feature"
    },
    {
      "geometry": {
        "coordinates": [
          33.22932814,
          0.47482505
        ],
        "type": "Point"
      },
      "properties": {
        "chainage_m": 2978.1,
        "civil_class": "elevated",
        "investigation_flags": [
          "acidic-soil-durability-testing",
          "fine-soil-plasticity-and-shrink-swell-tests"
        ],
        "lat": 0.47482505,
        "line": "line-4",
        "lon": 33.22932814,
        "sample_id": "segment:line-4-civil-062:0001",
        "scope_id": "line-4-civil-062",
        "scope_type": "civil_segment"
      },
      "type": "Feature"
    },
    {
      "geometry": {
        "coordinates": [
          33.22762178,
          0.47653425
        ],
        "type": "Point"
      },
      "properties": {
        "chainage_m": 3246.8,
        "civil_class": "elevated",
        "investigation_flags": [
          "acidic-soil-durability-testing",
          "fine-soil-plasticity-and-shrink-swell-tests"
        ],
        "lat": 0.47653425,
        "line": "line-4",
        "lon": 33.22762178,
        "sample_id": "segment:line-4-civil-062:0002",
        "scope_id": "line-4-civil-062",
        "scope_type": "civil_segment"
      },
      "type": "Feature"
    },
    {
      "geometry": {
        "coordinates": [
          33.22762178,
          0.47653425
        ],
        "type": "Point"
      },
      "properties": {
        "chainage_m": 3246.8,
        "civil_class": "elevated",
        "investigation_flags": [
          "acidic-soil-durability-testing",
          "fine-soil-plasticity-and-shrink-swell-tests"
        ],
        "lat": 0.47653425,
        "line": "line-4",
        "lon": 33.22762178,
        "sample_id": "segment:line-4-civil-063:0000",
        "scope_id": "line-4-civil-063",
        "scope_type": "civil_segment"
      },
      "type": "Feature"
    },
    {
      "geometry": {
        "coordinates": [
          33.22721099,
          0.47671729
        ],
        "type": "Point"
      },
      "properties": {
        "chainage_m": 3300.9,
        "civil_class": "elevated",
        "investigation_flags": [
          "acidic-soil-durability-testing",
          "fine-soil-plasticity-and-shrink-swell-tests"
        ],
        "lat": 0.47671729,
        "line": "line-4",
        "lon": 33.22721099,
        "sample_id": "segment:line-4-civil-063:0001",
        "scope_id": "line-4-civil-063",
        "scope_type": "civil_segment"
      },
      "type": "Feature"
    },
    {
      "geometry": {
        "coordinates": [
          33.22672514,
          0.47671729
        ],
        "type": "Point"
      },
      "properties": {
        "chainage_m": 3355.0,
        "civil_class": "elevated",
        "investigation_flags": [
          "acidic-soil-durability-testing",
          "fine-soil-plasticity-and-shrink-swell-tests"
        ],
        "lat": 0.47671729,
        "line": "line-4",
        "lon": 33.22672514,
        "sample_id": "segment:line-4-civil-063:0002",
        "scope_id": "line-4-civil-063",
        "scope_type": "civil_segment"
      },
      "type": "Feature"
    },
    {
      "geometry": {
        "coordinates": [
          33.22672514,
          0.47671729
        ],
        "type": "Point"
      },
      "properties": {
        "chainage_m": 3355.0,
        "civil_class": "elevated",
        "investigation_flags": [
          "acidic-soil-durability-testing",
          "fine-soil-plasticity-and-shrink-swell-tests"
        ],
        "lat": 0.47671729,
        "line": "line-4",
        "lon": 33.22672514,
        "sample_id": "segment:line-4-civil-064:0000",
        "scope_id": "line-4-civil-064",
        "scope_type": "civil_segment"
      },
      "type": "Feature"
    },
    {
      "geometry": {
        "coordinates": [
          33.22250057,
          0.47671729
        ],
        "type": "Point"
      },
      "properties": {
        "chainage_m": 3825.0,
        "civil_class": "elevated",
        "investigation_flags": [
          "acidic-soil-durability-testing",
          "fine-soil-plasticity-and-shrink-swell-tests"
        ],
        "lat": 0.47671729,
        "line": "line-4",
        "lon": 33.22250057,
        "sample_id": "segment:line-4-civil-064:0001",
        "scope_id": "line-4-civil-064",
        "scope_type": "civil_segment"
      },
      "type": "Feature"
    },
    {
      "geometry": {
        "coordinates": [
          33.21827599,
          0.47671729
        ],
        "type": "Point"
      },
      "properties": {
        "chainage_m": 4295.0,
        "civil_class": "elevated",
        "investigation_flags": [
          "acidic-soil-durability-testing",
          "fine-soil-plasticity-and-shrink-swell-tests"
        ],
        "lat": 0.47671729,
        "line": "line-4",
        "lon": 33.21827599,
        "sample_id": "segment:line-4-civil-064:0002",
        "scope_id": "line-4-civil-064",
        "scope_type": "civil_segment"
      },
      "type": "Feature"
    },
    {
      "geometry": {
        "coordinates": [
          33.19114616,
          0.44036413
        ],
        "type": "Point"
      },
      "properties": {
        "chainage_m": 0.0,
        "civil_class": "elevated",
        "investigation_flags": [
          "acidic-soil-durability-testing",
          "fine-soil-plasticity-and-shrink-swell-tests"
        ],
        "lat": 0.44036413,
        "line": "line-5",
        "lon": 33.19114616,
        "sample_id": "segment:line-5-civil-065:0000",
        "scope_id": "line-5-civil-065",
        "scope_type": "civil_segment"
      },
      "type": "Feature"
    },
    {
      "geometry": {
        "coordinates": [
          33.19114616,
          0.44027424
        ],
        "type": "Point"
      },
      "properties": {
        "chainage_m": 10.0,
        "civil_class": "elevated",
        "investigation_flags": [
          "acidic-soil-durability-testing",
          "fine-soil-plasticity-and-shrink-swell-tests"
        ],
        "lat": 0.44027424,
        "line": "line-5",
        "lon": 33.19114616,
        "sample_id": "segment:line-5-civil-065:0001",
        "scope_id": "line-5-civil-065",
        "scope_type": "civil_segment"
      },
      "type": "Feature"
    },
    {
      "geometry": {
        "coordinates": [
          33.19114616,
          0.44018436
        ],
        "type": "Point"
      },
      "properties": {
        "chainage_m": 20.0,
        "civil_class": "elevated",
        "investigation_flags": [
          "acidic-soil-durability-testing",
          "fine-soil-plasticity-and-shrink-swell-tests"
        ],
        "lat": 0.44018436,
        "line": "line-5",
        "lon": 33.19114616,
        "sample_id": "segment:line-5-civil-065:0002",
        "scope_id": "line-5-civil-065",
        "scope_type": "civil_segment"
      },
      "type": "Feature"
    },
    {
      "geometry": {
        "coordinates": [
          33.19114616,
          0.44018436
        ],
        "type": "Point"
      },
      "properties": {
        "chainage_m": 20.0,
        "civil_class": "elevated",
        "investigation_flags": [
          "acidic-soil-durability-testing",
          "fine-soil-plasticity-and-shrink-swell-tests"
        ],
        "lat": 0.44018436,
        "line": "line-5",
        "lon": 33.19114616,
        "sample_id": "segment:line-5-civil-066:0000",
        "scope_id": "line-5-civil-066",
        "scope_type": "civil_segment"
      },
      "type": "Feature"
    },
    {
      "geometry": {
        "coordinates": [
          33.19119887,
          0.43977143
        ],
        "type": "Point"
      },
      "properties": {
        "chainage_m": 68.3,
        "civil_class": "elevated",
        "investigation_flags": [
          "acidic-soil-durability-testing",
          "fine-soil-plasticity-and-shrink-swell-tests"
        ],
        "lat": 0.43977143,
        "line": "line-5",
        "lon": 33.19119887,
        "sample_id": "segment:line-5-civil-066:0001",
        "scope_id": "line-5-civil-066",
        "scope_type": "civil_segment"
      },
      "type": "Feature"
    },
    {
      "geometry": {
        "coordinates": [
          33.19150517,
          0.43946462
        ],
        "type": "Point"
      },
      "properties": {
        "chainage_m": 116.6,
        "civil_class": "elevated",
        "investigation_flags": [
          "acidic-soil-durability-testing",
          "fine-soil-plasticity-and-shrink-swell-tests"
        ],
        "lat": 0.43946462,
        "line": "line-5",
        "lon": 33.19150517,
        "sample_id": "segment:line-5-civil-066:0002",
        "scope_id": "line-5-civil-066",
        "scope_type": "civil_segment"
      },
      "type": "Feature"
    },
    {
      "geometry": {
        "coordinates": [
          33.19150517,
          0.43946462
        ],
        "type": "Point"
      },
      "properties": {
        "chainage_m": 116.6,
        "civil_class": "elevated",
        "investigation_flags": [
          "acidic-soil-durability-testing",
          "fine-soil-plasticity-and-shrink-swell-tests"
        ],
        "lat": 0.43946462,
        "line": "line-5",
        "lon": 33.19150517,
        "sample_id": "segment:line-5-civil-067:0000",
        "scope_id": "line-5-civil-067",
        "scope_type": "civil_segment"
      },
      "type": "Feature"
    },
    {
      "geometry": {
        "coordinates": [
          33.19305825,
          0.437729
        ],
        "type": "Point"
      },
      "properties": {
        "chainage_m": 381.15,
        "civil_class": "elevated",
        "investigation_flags": [
          "acidic-soil-durability-testing",
          "fine-soil-plasticity-and-shrink-swell-tests"
        ],
        "lat": 0.437729,
        "line": "line-5",
        "lon": 33.19305825,
        "sample_id": "segment:line-5-civil-067:0001",
        "scope_id": "line-5-civil-067",
        "scope_type": "civil_segment"
      },
      "type": "Feature"
    },
    {
      "geometry": {
        "coordinates": [
          33.19473805,
          0.4360464
        ],
        "type": "Point"
      },
      "properties": {
        "chainage_m": 645.7,
        "civil_class": "elevated",
        "investigation_flags": [
          "acidic-soil-durability-testing",
          "fine-soil-plasticity-and-shrink-swell-tests"
        ],
        "lat": 0.4360464,
        "line": "line-5",
        "lon": 33.19473805,
        "sample_id": "segment:line-5-civil-067:0002",
        "scope_id": "line-5-civil-067",
        "scope_type": "civil_segment"
      },
      "type": "Feature"
    },
    {
      "geometry": {
        "coordinates": [
          33.19473805,
          0.4360464
        ],
        "type": "Point"
      },
      "properties": {
        "chainage_m": 645.7,
        "civil_class": "elevated",
        "investigation_flags": [
          "acidic-soil-durability-testing",
          "fine-soil-plasticity-and-shrink-swell-tests"
        ],
        "lat": 0.4360464,
        "line": "line-5",
        "lon": 33.19473805,
        "sample_id": "segment:line-5-civil-068:0000",
        "scope_id": "line-5-civil-068",
        "scope_type": "civil_segment"
      },
      "type": "Feature"
    },
    {
      "geometry": {
        "coordinates": [
          33.19475122,
          0.43479689
        ],
        "type": "Point"
      },
      "properties": {
        "chainage_m": 800.55,
        "civil_class": "elevated",
        "investigation_flags": [
          "acidic-soil-durability-testing",
          "fine-soil-plasticity-and-shrink-swell-tests"
        ],
        "lat": 0.43479689,
        "line": "line-5",
        "lon": 33.19475122,
        "sample_id": "segment:line-5-civil-068:0001",
        "scope_id": "line-5-civil-068",
        "scope_type": "civil_segment"
      },
      "type": "Feature"
    },
    {
      "geometry": {
        "coordinates": [
          33.19366486,
          0.43406531
        ],
        "type": "Point"
      },
      "properties": {
        "chainage_m": 955.4,
        "civil_class": "elevated",
        "investigation_flags": [
          "coverage-gap"
        ],
        "lat": 0.43406531,
        "line": "line-5",
        "lon": 33.19366486,
        "sample_id": "segment:line-5-civil-068:0002",
        "scope_id": "line-5-civil-068",
        "scope_type": "civil_segment"
      },
      "type": "Feature"
    },
    {
      "geometry": {
        "coordinates": [
          33.19366486,
          0.43406531
        ],
        "type": "Point"
      },
      "properties": {
        "chainage_m": 955.4,
        "civil_class": "elevated",
        "investigation_flags": [
          "coverage-gap"
        ],
        "lat": 0.43406531,
        "line": "line-5",
        "lon": 33.19366486,
        "sample_id": "segment:line-5-civil-069:0000",
        "scope_id": "line-5-civil-069",
        "scope_type": "civil_segment"
      },
      "type": "Feature"
    },
    {
      "geometry": {
        "coordinates": [
          33.1933952,
          0.43406531
        ],
        "type": "Point"
      },
      "properties": {
        "chainage_m": 985.4,
        "civil_class": "elevated",
        "investigation_flags": [
          "coverage-gap"
        ],
        "lat": 0.43406531,
        "line": "line-5",
        "lon": 33.1933952,
        "sample_id": "segment:line-5-civil-069:0001",
        "scope_id": "line-5-civil-069",
        "scope_type": "civil_segment"
      },
      "type": "Feature"
    },
    {
      "geometry": {
        "coordinates": [
          33.19312555,
          0.43406531
        ],
        "type": "Point"
      },
      "properties": {
        "chainage_m": 1015.4,
        "civil_class": "elevated",
        "investigation_flags": [
          "coverage-gap"
        ],
        "lat": 0.43406531,
        "line": "line-5",
        "lon": 33.19312555,
        "sample_id": "segment:line-5-civil-069:0002",
        "scope_id": "line-5-civil-069",
        "scope_type": "civil_segment"
      },
      "type": "Feature"
    },
    {
      "geometry": {
        "coordinates": [
          33.19312555,
          0.43406531
        ],
        "type": "Point"
      },
      "properties": {
        "chainage_m": 1015.4,
        "civil_class": "elevated",
        "investigation_flags": [
          "coverage-gap"
        ],
        "lat": 0.43406531,
        "line": "line-5",
        "lon": 33.19312555,
        "sample_id": "segment:line-5-civil-070:0000",
        "scope_id": "line-5-civil-070",
        "scope_type": "civil_segment"
      },
      "type": "Feature"
    },
    {
      "geometry": {
        "coordinates": [
          33.19273938,
          0.43386151
        ],
        "type": "Point"
      },
      "properties": {
        "chainage_m": 1067.8,
        "civil_class": "elevated",
        "investigation_flags": [
          "coverage-gap"
        ],
        "lat": 0.43386151,
        "line": "line-5",
        "lon": 33.19273938,
        "sample_id": "segment:line-5-civil-070:0001",
        "scope_id": "line-5-civil-070",
        "scope_type": "civil_segment"
      },
      "type": "Feature"
    },
    {
      "geometry": {
        "coordinates": [
          33.19240639,
          0.43352797
        ],
        "type": "Point"
      },
      "properties": {
        "chainage_m": 1120.2,
        "civil_class": "elevated",
        "investigation_flags": [
          "coverage-gap"
        ],
        "lat": 0.43352797,
        "line": "line-5",
        "lon": 33.19240639,
        "sample_id": "segment:line-5-civil-070:0002",
        "scope_id": "line-5-civil-070",
        "scope_type": "civil_segment"
      },
      "type": "Feature"
    },
    {
      "geometry": {
        "coordinates": [
          33.19240639,
          0.43352797
        ],
        "type": "Point"
      },
      "properties": {
        "chainage_m": 1120.2,
        "civil_class": "elevated",
        "investigation_flags": [
          "coverage-gap"
        ],
        "lat": 0.43352797,
        "line": "line-5",
        "lon": 33.19240639,
        "sample_id": "segment:line-5-civil-071:0000",
        "scope_id": "line-5-civil-071",
        "scope_type": "civil_segment"
      },
      "type": "Feature"
    },
    {
      "geometry": {
        "coordinates": [
          33.19213682,
          0.43325795
        ],
        "type": "Point"
      },
      "properties": {
        "chainage_m": 1162.65,
        "civil_class": "elevated",
        "investigation_flags": [
          "coverage-gap"
        ],
        "lat": 0.43325795,
        "line": "line-5",
        "lon": 33.19213682,
        "sample_id": "segment:line-5-civil-071:0001",
        "scope_id": "line-5-civil-071",
        "scope_type": "civil_segment"
      },
      "type": "Feature"
    },
    {
      "geometry": {
        "coordinates": [
          33.19186724,
          0.43298792
        ],
        "type": "Point"
      },
      "properties": {
        "chainage_m": 1205.1,
        "civil_class": "elevated",
        "investigation_flags": [
          "acidic-soil-durability-testing",
          "fine-soil-plasticity-and-shrink-swell-tests"
        ],
        "lat": 0.43298792,
        "line": "line-5",
        "lon": 33.19186724,
        "sample_id": "segment:line-5-civil-071:0002",
        "scope_id": "line-5-civil-071",
        "scope_type": "civil_segment"
      },
      "type": "Feature"
    },
    {
      "geometry": {
        "coordinates": [
          33.19186724,
          0.43298792
        ],
        "type": "Point"
      },
      "properties": {
        "chainage_m": 1205.1,
        "civil_class": "bridge",
        "investigation_flags": [
          "acidic-soil-durability-testing",
          "fine-soil-plasticity-and-shrink-swell-tests"
        ],
        "lat": 0.43298792,
        "line": "line-5",
        "lon": 33.19186724,
        "sample_id": "segment:line-5-civil-072:0000",
        "scope_id": "line-5-civil-072",
        "scope_type": "civil_segment"
      },
      "type": "Feature"
    },
    {
      "geometry": {
        "coordinates": [
          33.19011948,
          0.43244561
        ],
        "type": "Point"
      },
      "properties": {
        "chainage_m": 1436.5,
        "civil_class": "bridge",
        "investigation_flags": [
          "acidic-soil-durability-testing",
          "fine-soil-plasticity-and-shrink-swell-tests"
        ],
        "lat": 0.43244561,
        "line": "line-5",
        "lon": 33.19011948,
        "sample_id": "segment:line-5-civil-072:0001",
        "scope_id": "line-5-civil-072",
        "scope_type": "civil_segment"
      },
      "type": "Feature"
    },
    {
      "geometry": {
        "coordinates": [
          33.18863355,
          0.43388261
        ],
        "type": "Point"
      },
      "properties": {
        "chainage_m": 1667.9,
        "civil_class": "bridge",
        "investigation_flags": [
          "acidic-soil-durability-testing",
          "fine-soil-plasticity-and-shrink-swell-tests"
        ],
        "lat": 0.43388261,
        "line": "line-5",
        "lon": 33.18863355,
        "sample_id": "segment:line-5-civil-072:0002",
        "scope_id": "line-5-civil-072",
        "scope_type": "civil_segment"
      },
      "type": "Feature"
    },
    {
      "geometry": {
        "coordinates": [
          33.18863355,
          0.43388261
        ],
        "type": "Point"
      },
      "properties": {
        "chainage_m": 1667.9,
        "civil_class": "elevated",
        "investigation_flags": [
          "acidic-soil-durability-testing",
          "fine-soil-plasticity-and-shrink-swell-tests"
        ],
        "lat": 0.43388261,
        "line": "line-5",
        "lon": 33.18863355,
        "sample_id": "segment:line-5-civil-073:0000",
        "scope_id": "line-5-civil-073",
        "scope_type": "civil_segment"
      },
      "type": "Feature"
    },
    {
      "geometry": {
        "coordinates": [
          33.18863082,
          0.43406123
        ],
        "type": "Point"
      },
      "properties": {
        "chainage_m": 1687.9,
        "civil_class": "elevated",
        "investigation_flags": [
          "acidic-soil-durability-testing",
          "fine-soil-plasticity-and-shrink-swell-tests"
        ],
        "lat": 0.43406123,
        "line": "line-5",
        "lon": 33.18863082,
        "sample_id": "segment:line-5-civil-073:0001",
        "scope_id": "line-5-civil-073",
        "scope_type": "civil_segment"
      },
      "type": "Feature"
    },
    {
      "geometry": {
        "coordinates": [
          33.18863082,
          0.434241
        ],
        "type": "Point"
      },
      "properties": {
        "chainage_m": 1707.9,
        "civil_class": "elevated",
        "investigation_flags": [
          "acidic-soil-durability-testing",
          "fine-soil-plasticity-and-shrink-swell-tests"
        ],
        "lat": 0.434241,
        "line": "line-5",
        "lon": 33.18863082,
        "sample_id": "segment:line-5-civil-073:0002",
        "scope_id": "line-5-civil-073",
        "scope_type": "civil_segment"
      },
      "type": "Feature"
    },
    {
      "geometry": {
        "coordinates": [
          33.18863082,
          0.434241
        ],
        "type": "Point"
      },
      "properties": {
        "chainage_m": 1707.9,
        "civil_class": "bridge",
        "investigation_flags": [
          "acidic-soil-durability-testing",
          "fine-soil-plasticity-and-shrink-swell-tests"
        ],
        "lat": 0.434241,
        "line": "line-5",
        "lon": 33.18863082,
        "sample_id": "segment:line-5-civil-074:0000",
        "scope_id": "line-5-civil-074",
        "scope_type": "civil_segment"
      },
      "type": "Feature"
    },
    {
      "geometry": {
        "coordinates": [
          33.18854397,
          0.43433227
        ],
        "type": "Point"
      },
      "properties": {
        "chainage_m": 1722.05,
        "civil_class": "bridge",
        "investigation_flags": [
          "acidic-soil-durability-testing",
          "fine-soil-plasticity-and-shrink-swell-tests"
        ],
        "lat": 0.43433227,
        "line": "line-5",
        "lon": 33.18854397,
        "sample_id": "segment:line-5-civil-074:0001",
        "scope_id": "line-5-civil-074",
        "scope_type": "civil_segment"
      },
      "type": "Feature"
    },
    {
      "geometry": {
        "coordinates": [
          33.18845412,
          0.43442227
        ],
        "type": "Point"
      },
      "properties": {
        "chainage_m": 1736.2,
        "civil_class": "bridge",
        "investigation_flags": [
          "acidic-soil-durability-testing",
          "fine-soil-plasticity-and-shrink-swell-tests"
        ],
        "lat": 0.43442227,
        "line": "line-5",
        "lon": 33.18845412,
        "sample_id": "segment:line-5-civil-074:0002",
        "scope_id": "line-5-civil-074",
        "scope_type": "civil_segment"
      },
      "type": "Feature"
    },
    {
      "geometry": {
        "coordinates": [
          33.18845412,
          0.43442227
        ],
        "type": "Point"
      },
      "properties": {
        "chainage_m": 1736.2,
        "civil_class": "elevated",
        "investigation_flags": [
          "acidic-soil-durability-testing",
          "fine-soil-plasticity-and-shrink-swell-tests"
        ],
        "lat": 0.43442227,
        "line": "line-5",
        "lon": 33.18845412,
        "sample_id": "segment:line-5-civil-075:0000",
        "scope_id": "line-5-civil-075",
        "scope_type": "civil_segment"
      },
      "type": "Feature"
    },
    {
      "geometry": {
        "coordinates": [
          33.18845115,
          0.43451092
        ],
        "type": "Point"
      },
      "properties": {
        "chainage_m": 1746.2,
        "civil_class": "elevated",
        "investigation_flags": [
          "acidic-soil-durability-testing",
          "fine-soil-plasticity-and-shrink-swell-tests"
        ],
        "lat": 0.43451092,
        "line": "line-5",
        "lon": 33.18845115,
        "sample_id": "segment:line-5-civil-075:0001",
        "scope_id": "line-5-civil-075",
        "scope_type": "civil_segment"
      },
      "type": "Feature"
    },
    {
      "geometry": {
        "coordinates": [
          33.18845115,
          0.43460081
        ],
        "type": "Point"
      },
      "properties": {
        "chainage_m": 1756.2,
        "civil_class": "elevated",
        "investigation_flags": [
          "acidic-soil-durability-testing",
          "fine-soil-plasticity-and-shrink-swell-tests"
        ],
        "lat": 0.43460081,
        "line": "line-5",
        "lon": 33.18845115,
        "sample_id": "segment:line-5-civil-075:0002",
        "scope_id": "line-5-civil-075",
        "scope_type": "civil_segment"
      },
      "type": "Feature"
    },
    {
      "geometry": {
        "coordinates": [
          33.18845115,
          0.43460081
        ],
        "type": "Point"
      },
      "properties": {
        "chainage_m": 1756.2,
        "civil_class": "bridge",
        "investigation_flags": [
          "acidic-soil-durability-testing",
          "fine-soil-plasticity-and-shrink-swell-tests"
        ],
        "lat": 0.43460081,
        "line": "line-5",
        "lon": 33.18845115,
        "sample_id": "segment:line-5-civil-076:0000",
        "scope_id": "line-5-civil-076",
        "scope_type": "civil_segment"
      },
      "type": "Feature"
    },
    {
      "geometry": {
        "coordinates": [
          33.18836439,
          0.43469211
        ],
        "type": "Point"
      },
      "properties": {
        "chainage_m": 1770.35,
        "civil_class": "bridge",
        "investigation_flags": [
          "acidic-soil-durability-testing",
          "fine-soil-plasticity-and-shrink-swell-tests"
        ],
        "lat": 0.43469211,
        "line": "line-5",
        "lon": 33.18836439,
        "sample_id": "segment:line-5-civil-076:0001",
        "scope_id": "line-5-civil-076",
        "scope_type": "civil_segment"
      },
      "type": "Feature"
    },
    {
      "geometry": {
        "coordinates": [
          33.18827454,
          0.43478211
        ],
        "type": "Point"
      },
      "properties": {
        "chainage_m": 1784.5,
        "civil_class": "bridge",
        "investigation_flags": [
          "acidic-soil-durability-testing",
          "fine-soil-plasticity-and-shrink-swell-tests"
        ],
        "lat": 0.43478211,
        "line": "line-5",
        "lon": 33.18827454,
        "sample_id": "segment:line-5-civil-076:0002",
        "scope_id": "line-5-civil-076",
        "scope_type": "civil_segment"
      },
      "type": "Feature"
    },
    {
      "geometry": {
        "coordinates": [
          33.18827454,
          0.43478211
        ],
        "type": "Point"
      },
      "properties": {
        "chainage_m": 1784.5,
        "civil_class": "elevated",
        "investigation_flags": [
          "acidic-soil-durability-testing",
          "fine-soil-plasticity-and-shrink-swell-tests"
        ],
        "lat": 0.43478211,
        "line": "line-5",
        "lon": 33.18827454,
        "sample_id": "segment:line-5-civil-077:0000",
        "scope_id": "line-5-civil-077",
        "scope_type": "civil_segment"
      },
      "type": "Feature"
    },
    {
      "geometry": {
        "coordinates": [
          33.18513106,
          0.43793081
        ],
        "type": "Point"
      },
      "properties": {
        "chainage_m": 2279.5,
        "civil_class": "elevated",
        "investigation_flags": [
          "acidic-soil-durability-testing",
          "fine-soil-plasticity-and-shrink-swell-tests"
        ],
        "lat": 0.43793081,
        "line": "line-5",
        "lon": 33.18513106,
        "sample_id": "segment:line-5-civil-077:0001",
        "scope_id": "line-5-civil-077",
        "scope_type": "civil_segment"
      },
      "type": "Feature"
    },
    {
      "geometry": {
        "coordinates": [
          33.18198758,
          0.44107952
        ],
        "type": "Point"
      },
      "properties": {
        "chainage_m": 2774.5,
        "civil_class": "elevated",
        "investigation_flags": [
          "acidic-soil-durability-testing",
          "fine-soil-plasticity-and-shrink-swell-tests"
        ],
        "lat": 0.44107952,
        "line": "line-5",
        "lon": 33.18198758,
        "sample_id": "segment:line-5-civil-077:0002",
        "scope_id": "line-5-civil-077",
        "scope_type": "civil_segment"
      },
      "type": "Feature"
    },
    {
      "geometry": {
        "coordinates": [
          33.18198758,
          0.44107952
        ],
        "type": "Point"
      },
      "properties": {
        "chainage_m": 2774.5,
        "civil_class": "elevated",
        "investigation_flags": [
          "acidic-soil-durability-testing",
          "fine-soil-plasticity-and-shrink-swell-tests"
        ],
        "lat": 0.44107952,
        "line": "line-5",
        "lon": 33.18198758,
        "sample_id": "segment:line-5-civil-078:0000",
        "scope_id": "line-5-civil-078",
        "scope_type": "civil_segment"
      },
      "type": "Feature"
    },
    {
      "geometry": {
        "coordinates": [
          33.18157735,
          0.44126396
        ],
        "type": "Point"
      },
      "properties": {
        "chainage_m": 2828.6,
        "civil_class": "elevated",
        "investigation_flags": [
          "acidic-soil-durability-testing",
          "fine-soil-plasticity-and-shrink-swell-tests"
        ],
        "lat": 0.44126396,
        "line": "line-5",
        "lon": 33.18157735,
        "sample_id": "segment:line-5-civil-078:0001",
        "scope_id": "line-5-civil-078",
        "scope_type": "civil_segment"
      },
      "type": "Feature"
    },
    {
      "geometry": {
        "coordinates": [
          33.18109151,
          0.44126396
        ],
        "type": "Point"
      },
      "properties": {
        "chainage_m": 2882.7,
        "civil_class": "elevated",
        "investigation_flags": [
          "acidic-soil-durability-testing",
          "fine-soil-plasticity-and-shrink-swell-tests"
        ],
        "lat": 0.44126396,
        "line": "line-5",
        "lon": 33.18109151,
        "sample_id": "segment:line-5-civil-078:0002",
        "scope_id": "line-5-civil-078",
        "scope_type": "civil_segment"
      },
      "type": "Feature"
    },
    {
      "geometry": {
        "coordinates": [
          33.18109151,
          0.44126396
        ],
        "type": "Point"
      },
      "properties": {
        "chainage_m": 2882.7,
        "civil_class": "elevated",
        "investigation_flags": [
          "acidic-soil-durability-testing",
          "fine-soil-plasticity-and-shrink-swell-tests"
        ],
        "lat": 0.44126396,
        "line": "line-5",
        "lon": 33.18109151,
        "sample_id": "segment:line-5-civil-079:0000",
        "scope_id": "line-5-civil-079",
        "scope_type": "civil_segment"
      },
      "type": "Feature"
    },
    {
      "geometry": {
        "coordinates": [
          33.17300185,
          0.44126396
        ],
        "type": "Point"
      },
      "properties": {
        "chainage_m": 3782.7,
        "civil_class": "elevated",
        "investigation_flags": [
          "acidic-soil-durability-testing",
          "fine-soil-plasticity-and-shrink-swell-tests"
        ],
        "lat": 0.44126396,
        "line": "line-5",
        "lon": 33.17300185,
        "sample_id": "segment:line-5-civil-079:0001",
        "scope_id": "line-5-civil-079",
        "scope_type": "civil_segment"
      },
      "type": "Feature"
    },
    {
      "geometry": {
        "coordinates": [
          33.17210809,
          0.44126396
        ],
        "type": "Point"
      },
      "properties": {
        "chainage_m": 3882.133,
        "civil_class": "elevated",
        "investigation_flags": [
          "acidic-soil-durability-testing",
          "fine-soil-plasticity-and-shrink-swell-tests"
        ],
        "lat": 0.44126396,
        "line": "line-5",
        "lon": 33.17210809,
        "sample_id": "segment:line-5-civil-079:0002",
        "scope_id": "line-5-civil-079",
        "scope_type": "civil_segment"
      },
      "type": "Feature"
    },
    {
      "geometry": {
        "coordinates": [
          33.16491219,
          0.44126396
        ],
        "type": "Point"
      },
      "properties": {
        "chainage_m": 4682.7,
        "civil_class": "elevated",
        "investigation_flags": [
          "acidic-soil-durability-testing",
          "fine-soil-plasticity-and-shrink-swell-tests"
        ],
        "lat": 0.44126396,
        "line": "line-5",
        "lon": 33.16491219,
        "sample_id": "segment:line-5-civil-079:0003",
        "scope_id": "line-5-civil-079",
        "scope_type": "civil_segment"
      },
      "type": "Feature"
    },
    {
      "geometry": {
        "coordinates": [
          33.16491219,
          0.44126396
        ],
        "type": "Point"
      },
      "properties": {
        "chainage_m": 4682.7,
        "civil_class": "elevated",
        "investigation_flags": [
          "acidic-soil-durability-testing",
          "fine-soil-plasticity-and-shrink-swell-tests"
        ],
        "lat": 0.44126396,
        "line": "line-5",
        "lon": 33.16491219,
        "sample_id": "segment:line-5-civil-080:0000",
        "scope_id": "line-5-civil-080",
        "scope_type": "civil_segment"
      },
      "type": "Feature"
    },
    {
      "geometry": {
        "coordinates": [
          33.16438902,
          0.44126396
        ],
        "type": "Point"
      },
      "properties": {
        "chainage_m": 4741.0,
        "civil_class": "elevated",
        "investigation_flags": [
          "acidic-soil-durability-testing",
          "fine-soil-plasticity-and-shrink-swell-tests"
        ],
        "lat": 0.44126396,
        "line": "line-5",
        "lon": 33.16438902,
        "sample_id": "segment:line-5-civil-080:0001",
        "scope_id": "line-5-civil-080",
        "scope_type": "civil_segment"
      },
      "type": "Feature"
    },
    {
      "geometry": {
        "coordinates": [
          33.16401426,
          0.44090195
        ],
        "type": "Point"
      },
      "properties": {
        "chainage_m": 4799.3,
        "civil_class": "elevated",
        "investigation_flags": [
          "acidic-soil-durability-testing",
          "fine-soil-plasticity-and-shrink-swell-tests"
        ],
        "lat": 0.44090195,
        "line": "line-5",
        "lon": 33.16401426,
        "sample_id": "segment:line-5-civil-080:0002",
        "scope_id": "line-5-civil-080",
        "scope_type": "civil_segment"
      },
      "type": "Feature"
    },
    {
      "geometry": {
        "coordinates": [
          33.16401426,
          0.44090195
        ],
        "type": "Point"
      },
      "properties": {
        "chainage_m": 4799.3,
        "civil_class": "elevated",
        "investigation_flags": [
          "acidic-soil-durability-testing",
          "fine-soil-plasticity-and-shrink-swell-tests"
        ],
        "lat": 0.44090195,
        "line": "line-5",
        "lon": 33.16401426,
        "sample_id": "segment:line-5-civil-081:0000",
        "scope_id": "line-5-civil-081",
        "scope_type": "civil_segment"
      },
      "type": "Feature"
    },
    {
      "geometry": {
        "coordinates": [
          33.16320585,
          0.44009219
        ],
        "type": "Point"
      },
      "properties": {
        "chainage_m": 4926.6,
        "civil_class": "elevated",
        "investigation_flags": [
          "acidic-soil-durability-testing",
          "fine-soil-plasticity-and-shrink-swell-tests"
        ],
        "lat": 0.44009219,
        "line": "line-5",
        "lon": 33.16320585,
        "sample_id": "segment:line-5-civil-081:0001",
        "scope_id": "line-5-civil-081",
        "scope_type": "civil_segment"
      },
      "type": "Feature"
    },
    {
      "geometry": {
        "coordinates": [
          33.16239744,
          0.43928243
        ],
        "type": "Point"
      },
      "properties": {
        "chainage_m": 5053.9,
        "civil_class": "elevated",
        "investigation_flags": [
          "acidic-soil-durability-testing",
          "fine-soil-plasticity-and-shrink-swell-tests"
        ],
        "lat": 0.43928243,
        "line": "line-5",
        "lon": 33.16239744,
        "sample_id": "segment:line-5-civil-081:0002",
        "scope_id": "line-5-civil-081",
        "scope_type": "civil_segment"
      },
      "type": "Feature"
    },
    {
      "geometry": {
        "coordinates": [
          33.16239744,
          0.43928243
        ],
        "type": "Point"
      },
      "properties": {
        "chainage_m": 5053.9,
        "civil_class": "at-grade",
        "investigation_flags": [
          "acidic-soil-durability-testing",
          "fine-soil-plasticity-and-shrink-swell-tests"
        ],
        "lat": 0.43928243,
        "line": "line-5",
        "lon": 33.16239744,
        "sample_id": "segment:line-5-civil-082:0000",
        "scope_id": "line-5-civil-082",
        "scope_type": "civil_segment"
      },
      "type": "Feature"
    },
    {
      "geometry": {
        "coordinates": [
          33.16087078,
          0.43775325
        ],
        "type": "Point"
      },
      "properties": {
        "chainage_m": 5294.3,
        "civil_class": "at-grade",
        "investigation_flags": [
          "acidic-soil-durability-testing",
          "fine-soil-plasticity-and-shrink-swell-tests"
        ],
        "lat": 0.43775325,
        "line": "line-5",
        "lon": 33.16087078,
        "sample_id": "segment:line-5-civil-082:0001",
        "scope_id": "line-5-civil-082",
        "scope_type": "civil_segment"
      },
      "type": "Feature"
    },
    {
      "geometry": {
        "coordinates": [
          33.15934413,
          0.43622406
        ],
        "type": "Point"
      },
      "properties": {
        "chainage_m": 5534.7,
        "civil_class": "at-grade",
        "investigation_flags": [
          "acidic-soil-durability-testing",
          "fine-soil-plasticity-and-shrink-swell-tests"
        ],
        "lat": 0.43622406,
        "line": "line-5",
        "lon": 33.15934413,
        "sample_id": "segment:line-5-civil-082:0002",
        "scope_id": "line-5-civil-082",
        "scope_type": "civil_segment"
      },
      "type": "Feature"
    },
    {
      "geometry": {
        "coordinates": [
          33.15934413,
          0.43622406
        ],
        "type": "Point"
      },
      "properties": {
        "chainage_m": 5534.7,
        "civil_class": "elevated",
        "investigation_flags": [
          "acidic-soil-durability-testing",
          "fine-soil-plasticity-and-shrink-swell-tests"
        ],
        "lat": 0.43622406,
        "line": "line-5",
        "lon": 33.15934413,
        "sample_id": "segment:line-5-civil-083:0000",
        "scope_id": "line-5-civil-083",
        "scope_type": "civil_segment"
      },
      "type": "Feature"
    },
    {
      "geometry": {
        "coordinates": [
          33.15925427,
          0.43613405
        ],
        "type": "Point"
      },
      "properties": {
        "chainage_m": 5548.85,
        "civil_class": "elevated",
        "investigation_flags": [
          "acidic-soil-durability-testing",
          "fine-soil-plasticity-and-shrink-swell-tests"
        ],
        "lat": 0.43613405,
        "line": "line-5",
        "lon": 33.15925427,
        "sample_id": "segment:line-5-civil-083:0001",
        "scope_id": "line-5-civil-083",
        "scope_type": "civil_segment"
      },
      "type": "Feature"
    },
    {
      "geometry": {
        "coordinates": [
          33.15916441,
          0.43604404
        ],
        "type": "Point"
      },
      "properties": {
        "chainage_m": 5563.0,
        "civil_class": "elevated",
        "investigation_flags": [
          "acidic-soil-durability-testing",
          "fine-soil-plasticity-and-shrink-swell-tests"
        ],
        "lat": 0.43604404,
        "line": "line-5",
        "lon": 33.15916441,
        "sample_id": "segment:line-5-civil-083:0002",
        "scope_id": "line-5-civil-083",
        "scope_type": "civil_segment"
      },
      "type": "Feature"
    },
    {
      "geometry": {
        "coordinates": [
          33.15916441,
          0.43604404
        ],
        "type": "Point"
      },
      "properties": {
        "chainage_m": 5563.0,
        "civil_class": "at-grade",
        "investigation_flags": [
          "acidic-soil-durability-testing",
          "fine-soil-plasticity-and-shrink-swell-tests"
        ],
        "lat": 0.43604404,
        "line": "line-5",
        "lon": 33.15916441,
        "sample_id": "segment:line-5-civil-084:0000",
        "scope_id": "line-5-civil-084",
        "scope_type": "civil_segment"
      },
      "type": "Feature"
    },
    {
      "geometry": {
        "coordinates": [
          33.15907455,
          0.43595403
        ],
        "type": "Point"
      },
      "properties": {
        "chainage_m": 5577.15,
        "civil_class": "at-grade",
        "investigation_flags": [
          "acidic-soil-durability-testing",
          "fine-soil-plasticity-and-shrink-swell-tests"
        ],
        "lat": 0.43595403,
        "line": "line-5",
        "lon": 33.15907455,
        "sample_id": "segment:line-5-civil-084:0001",
        "scope_id": "line-5-civil-084",
        "scope_type": "civil_segment"
      },
      "type": "Feature"
    },
    {
      "geometry": {
        "coordinates": [
          33.1589847,
          0.43586402
        ],
        "type": "Point"
      },
      "properties": {
        "chainage_m": 5591.3,
        "civil_class": "at-grade",
        "investigation_flags": [
          "acidic-soil-durability-testing",
          "fine-soil-plasticity-and-shrink-swell-tests"
        ],
        "lat": 0.43586402,
        "line": "line-5",
        "lon": 33.1589847,
        "sample_id": "segment:line-5-civil-084:0002",
        "scope_id": "line-5-civil-084",
        "scope_type": "civil_segment"
      },
      "type": "Feature"
    },
    {
      "geometry": {
        "coordinates": [
          33.1589847,
          0.43586402
        ],
        "type": "Point"
      },
      "properties": {
        "chainage_m": 5591.3,
        "civil_class": "elevated",
        "investigation_flags": [
          "acidic-soil-durability-testing",
          "fine-soil-plasticity-and-shrink-swell-tests"
        ],
        "lat": 0.43586402,
        "line": "line-5",
        "lon": 33.1589847,
        "sample_id": "segment:line-5-civil-085:0000",
        "scope_id": "line-5-civil-085",
        "scope_type": "civil_segment"
      },
      "type": "Feature"
    },
    {
      "geometry": {
        "coordinates": [
          33.15889484,
          0.43577402
        ],
        "type": "Point"
      },
      "properties": {
        "chainage_m": 5605.45,
        "civil_class": "elevated",
        "investigation_flags": [
          "acidic-soil-durability-testing",
          "fine-soil-plasticity-and-shrink-swell-tests"
        ],
        "lat": 0.43577402,
        "line": "line-5",
        "lon": 33.15889484,
        "sample_id": "segment:line-5-civil-085:0001",
        "scope_id": "line-5-civil-085",
        "scope_type": "civil_segment"
      },
      "type": "Feature"
    },
    {
      "geometry": {
        "coordinates": [
          33.15880498,
          0.43568401
        ],
        "type": "Point"
      },
      "properties": {
        "chainage_m": 5619.6,
        "civil_class": "elevated",
        "investigation_flags": [
          "acidic-soil-durability-testing",
          "fine-soil-plasticity-and-shrink-swell-tests"
        ],
        "lat": 0.43568401,
        "line": "line-5",
        "lon": 33.15880498,
        "sample_id": "segment:line-5-civil-085:0002",
        "scope_id": "line-5-civil-085",
        "scope_type": "civil_segment"
      },
      "type": "Feature"
    },
    {
      "geometry": {
        "coordinates": [
          33.15880498,
          0.43568401
        ],
        "type": "Point"
      },
      "properties": {
        "chainage_m": 5619.6,
        "civil_class": "at-grade",
        "investigation_flags": [
          "acidic-soil-durability-testing",
          "fine-soil-plasticity-and-shrink-swell-tests"
        ],
        "lat": 0.43568401,
        "line": "line-5",
        "lon": 33.15880498,
        "sample_id": "segment:line-5-civil-086:0000",
        "scope_id": "line-5-civil-086",
        "scope_type": "civil_segment"
      },
      "type": "Feature"
    },
    {
      "geometry": {
        "coordinates": [
          33.15862558,
          0.43550431
        ],
        "type": "Point"
      },
      "properties": {
        "chainage_m": 5647.85,
        "civil_class": "at-grade",
        "investigation_flags": [
          "acidic-soil-durability-testing",
          "fine-soil-plasticity-and-shrink-swell-tests"
        ],
        "lat": 0.43550431,
        "line": "line-5",
        "lon": 33.15862558,
        "sample_id": "segment:line-5-civil-086:0001",
        "scope_id": "line-5-civil-086",
        "scope_type": "civil_segment"
      },
      "type": "Feature"
    },
    {
      "geometry": {
        "coordinates": [
          33.15844618,
          0.43532461
        ],
        "type": "Point"
      },
      "properties": {
        "chainage_m": 5676.1,
        "civil_class": "at-grade",
        "investigation_flags": [
          "acidic-soil-durability-testing",
          "fine-soil-plasticity-and-shrink-swell-tests"
        ],
        "lat": 0.43532461,
        "line": "line-5",
        "lon": 33.15844618,
        "sample_id": "segment:line-5-civil-086:0002",
        "scope_id": "line-5-civil-086",
        "scope_type": "civil_segment"
      },
      "type": "Feature"
    },
    {
      "geometry": {
        "coordinates": [
          33.15844618,
          0.43532461
        ],
        "type": "Point"
      },
      "properties": {
        "chainage_m": 5676.1,
        "civil_class": "elevated",
        "investigation_flags": [
          "acidic-soil-durability-testing",
          "fine-soil-plasticity-and-shrink-swell-tests"
        ],
        "lat": 0.43532461,
        "line": "line-5",
        "lon": 33.15844618,
        "sample_id": "segment:line-5-civil-087:0000",
        "scope_id": "line-5-civil-087",
        "scope_type": "civil_segment"
      },
      "type": "Feature"
    },
    {
      "geometry": {
        "coordinates": [
          33.15835632,
          0.4352346
        ],
        "type": "Point"
      },
      "properties": {
        "chainage_m": 5690.25,
        "civil_class": "elevated",
        "investigation_flags": [
          "acidic-soil-durability-testing",
          "fine-soil-plasticity-and-shrink-swell-tests"
        ],
        "lat": 0.4352346,
        "line": "line-5",
        "lon": 33.15835632,
        "sample_id": "segment:line-5-civil-087:0001",
        "scope_id": "line-5-civil-087",
        "scope_type": "civil_segment"
      },
      "type": "Feature"
    },
    {
      "geometry": {
        "coordinates": [
          33.15826646,
          0.43514459
        ],
        "type": "Point"
      },
      "properties": {
        "chainage_m": 5704.4,
        "civil_class": "elevated",
        "investigation_flags": [
          "acidic-soil-durability-testing",
          "fine-soil-plasticity-and-shrink-swell-tests"
        ],
        "lat": 0.43514459,
        "line": "line-5",
        "lon": 33.15826646,
        "sample_id": "segment:line-5-civil-087:0002",
        "scope_id": "line-5-civil-087",
        "scope_type": "civil_segment"
      },
      "type": "Feature"
    },
    {
      "geometry": {
        "coordinates": [
          33.15826646,
          0.43514459
        ],
        "type": "Point"
      },
      "properties": {
        "chainage_m": 5704.4,
        "civil_class": "at-grade",
        "investigation_flags": [
          "acidic-soil-durability-testing",
          "fine-soil-plasticity-and-shrink-swell-tests"
        ],
        "lat": 0.43514459,
        "line": "line-5",
        "lon": 33.15826646,
        "sample_id": "segment:line-5-civil-088:0000",
        "scope_id": "line-5-civil-088",
        "scope_type": "civil_segment"
      },
      "type": "Feature"
    },
    {
      "geometry": {
        "coordinates": [
          33.15727864,
          0.43415514
        ],
        "type": "Point"
      },
      "properties": {
        "chainage_m": 5859.95,
        "civil_class": "at-grade",
        "investigation_flags": [
          "acidic-soil-durability-testing",
          "fine-soil-plasticity-and-shrink-swell-tests"
        ],
        "lat": 0.43415514,
        "line": "line-5",
        "lon": 33.15727864,
        "sample_id": "segment:line-5-civil-088:0001",
        "scope_id": "line-5-civil-088",
        "scope_type": "civil_segment"
      },
      "type": "Feature"
    },
    {
      "geometry": {
        "coordinates": [
          33.15629083,
          0.43316568
        ],
        "type": "Point"
      },
      "properties": {
        "chainage_m": 6015.5,
        "civil_class": "at-grade",
        "investigation_flags": [
          "acidic-soil-durability-testing",
          "fine-soil-plasticity-and-shrink-swell-tests"
        ],
        "lat": 0.43316568,
        "line": "line-5",
        "lon": 33.15629083,
        "sample_id": "segment:line-5-civil-088:0002",
        "scope_id": "line-5-civil-088",
        "scope_type": "civil_segment"
      },
      "type": "Feature"
    },
    {
      "geometry": {
        "coordinates": [
          33.15629083,
          0.43316568
        ],
        "type": "Point"
      },
      "properties": {
        "chainage_m": 6015.5,
        "civil_class": "elevated",
        "investigation_flags": [
          "acidic-soil-durability-testing",
          "fine-soil-plasticity-and-shrink-swell-tests"
        ],
        "lat": 0.43316568,
        "line": "line-5",
        "lon": 33.15629083,
        "sample_id": "segment:line-5-civil-089:0000",
        "scope_id": "line-5-civil-089",
        "scope_type": "civil_segment"
      },
      "type": "Feature"
    },
    {
      "geometry": {
        "coordinates": [
          33.15602125,
          0.43289566
        ],
        "type": "Point"
      },
      "properties": {
        "chainage_m": 6057.95,
        "civil_class": "elevated",
        "investigation_flags": [
          "acidic-soil-durability-testing",
          "fine-soil-plasticity-and-shrink-swell-tests"
        ],
        "lat": 0.43289566,
        "line": "line-5",
        "lon": 33.15602125,
        "sample_id": "segment:line-5-civil-089:0001",
        "scope_id": "line-5-civil-089",
        "scope_type": "civil_segment"
      },
      "type": "Feature"
    },
    {
      "geometry": {
        "coordinates": [
          33.15575167,
          0.43262563
        ],
        "type": "Point"
      },
      "properties": {
        "chainage_m": 6100.4,
        "civil_class": "elevated",
        "investigation_flags": [
          "acidic-soil-durability-testing",
          "fine-soil-plasticity-and-shrink-swell-tests"
        ],
        "lat": 0.43262563,
        "line": "line-5",
        "lon": 33.15575167,
        "sample_id": "segment:line-5-civil-089:0002",
        "scope_id": "line-5-civil-089",
        "scope_type": "civil_segment"
      },
      "type": "Feature"
    },
    {
      "geometry": {
        "coordinates": [
          33.15575167,
          0.43262563
        ],
        "type": "Point"
      },
      "properties": {
        "chainage_m": 6100.4,
        "civil_class": "at-grade",
        "investigation_flags": [
          "acidic-soil-durability-testing",
          "fine-soil-plasticity-and-shrink-swell-tests"
        ],
        "lat": 0.43262563,
        "line": "line-5",
        "lon": 33.15575167,
        "sample_id": "segment:line-5-civil-090:0000",
        "scope_id": "line-5-civil-090",
        "scope_type": "civil_segment"
      },
      "type": "Feature"
    },
    {
      "geometry": {
        "coordinates": [
          33.15566181,
          0.43253562
        ],
        "type": "Point"
      },
      "properties": {
        "chainage_m": 6114.55,
        "civil_class": "at-grade",
        "investigation_flags": [
          "acidic-soil-durability-testing",
          "fine-soil-plasticity-and-shrink-swell-tests"
        ],
        "lat": 0.43253562,
        "line": "line-5",
        "lon": 33.15566181,
        "sample_id": "segment:line-5-civil-090:0001",
        "scope_id": "line-5-civil-090",
        "scope_type": "civil_segment"
      },
      "type": "Feature"
    },
    {
      "geometry": {
        "coordinates": [
          33.15557195,
          0.43244561
        ],
        "type": "Point"
      },
      "properties": {
        "chainage_m": 6128.7,
        "civil_class": "at-grade",
        "investigation_flags": [
          "acidic-soil-durability-testing",
          "fine-soil-plasticity-and-shrink-swell-tests"
        ],
        "lat": 0.43244561,
        "line": "line-5",
        "lon": 33.15557195,
        "sample_id": "segment:line-5-civil-090:0002",
        "scope_id": "line-5-civil-090",
        "scope_type": "civil_segment"
      },
      "type": "Feature"
    },
    {
      "geometry": {
        "coordinates": [
          33.21755732,
          0.45872067
        ],
        "type": "Point"
      },
      "properties": {
        "chainage_m": 0.0,
        "civil_class": "elevated",
        "investigation_flags": [
          "acidic-soil-durability-testing",
          "fine-soil-plasticity-and-shrink-swell-tests"
        ],
        "lat": 0.45872067,
        "line": "line-6",
        "lon": 33.21755732,
        "sample_id": "segment:line-6-civil-091:0000",
        "scope_id": "line-6-civil-091",
        "scope_type": "civil_segment"
      },
      "type": "Feature"
    },
    {
      "geometry": {
        "coordinates": [
          33.21144258,
          0.46520551
        ],
        "type": "Point"
      },
      "properties": {
        "chainage_m": 1002.472,
        "civil_class": "elevated",
        "investigation_flags": [
          "acidic-soil-durability-testing",
          "fine-soil-plasticity-and-shrink-swell-tests"
        ],
        "lat": 0.46520551,
        "line": "line-6",
        "lon": 33.21144258,
        "sample_id": "segment:line-6-civil-091:0001",
        "scope_id": "line-6-civil-091",
        "scope_type": "civil_segment"
      },
      "type": "Feature"
    },
    {
      "geometry": {
        "coordinates": [
          33.2109612,
          0.46568768
        ],
        "type": "Point"
      },
      "properties": {
        "chainage_m": 1078.25,
        "civil_class": "elevated",
        "investigation_flags": [
          "acidic-soil-durability-testing",
          "fine-soil-plasticity-and-shrink-swell-tests"
        ],
        "lat": 0.46568768,
        "line": "line-6",
        "lon": 33.2109612,
        "sample_id": "segment:line-6-civil-091:0002",
        "scope_id": "line-6-civil-091",
        "scope_type": "civil_segment"
      },
      "type": "Feature"
    },
    {
      "geometry": {
        "coordinates": [
          33.20520111,
          0.47163731
        ],
        "type": "Point"
      },
      "properties": {
        "chainage_m": 2004.944,
        "civil_class": "elevated",
        "investigation_flags": [
          "acidic-soil-durability-testing",
          "fine-soil-plasticity-and-shrink-swell-tests"
        ],
        "lat": 0.47163731,
        "line": "line-6",
        "lon": 33.20520111,
        "sample_id": "segment:line-6-civil-091:0003",
        "scope_id": "line-6-civil-091",
        "scope_type": "civil_segment"
      },
      "type": "Feature"
    },
    {
      "geometry": {
        "coordinates": [
          33.20462124,
          0.47276189
        ],
        "type": "Point"
      },
      "properties": {
        "chainage_m": 2156.5,
        "civil_class": "elevated",
        "investigation_flags": [
          "acidic-soil-durability-testing",
          "fine-soil-plasticity-and-shrink-swell-tests"
        ],
        "lat": 0.47276189,
        "line": "line-6",
        "lon": 33.20462124,
        "sample_id": "segment:line-6-civil-091:0004",
        "scope_id": "line-6-civil-091",
        "scope_type": "civil_segment"
      },
      "type": "Feature"
    },
    {
      "geometry": {
        "coordinates": [
          33.20462124,
          0.47276189
        ],
        "type": "Point"
      },
      "properties": {
        "chainage_m": 2156.5,
        "civil_class": "elevated",
        "investigation_flags": [
          "acidic-soil-durability-testing",
          "fine-soil-plasticity-and-shrink-swell-tests"
        ],
        "lat": 0.47276189,
        "line": "line-6",
        "lon": 33.20462124,
        "sample_id": "segment:line-6-civil-092:0000",
        "scope_id": "line-6-civil-092",
        "scope_type": "civil_segment"
      },
      "type": "Feature"
    },
    {
      "geometry": {
        "coordinates": [
          33.20462124,
          0.4731216
        ],
        "type": "Point"
      },
      "properties": {
        "chainage_m": 2196.5,
        "civil_class": "elevated",
        "investigation_flags": [
          "acidic-soil-durability-testing",
          "fine-soil-plasticity-and-shrink-swell-tests"
        ],
        "lat": 0.4731216,
        "line": "line-6",
        "lon": 33.20462124,
        "sample_id": "segment:line-6-civil-092:0001",
        "scope_id": "line-6-civil-092",
        "scope_type": "civil_segment"
      },
      "type": "Feature"
    },
    {
      "geometry": {
        "coordinates": [
          33.20462124,
          0.47348132
        ],
        "type": "Point"
      },
      "properties": {
        "chainage_m": 2236.5,
        "civil_class": "elevated",
        "investigation_flags": [
          "acidic-soil-durability-testing",
          "fine-soil-plasticity-and-shrink-swell-tests"
        ],
        "lat": 0.47348132,
        "line": "line-6",
        "lon": 33.20462124,
        "sample_id": "segment:line-6-civil-092:0002",
        "scope_id": "line-6-civil-092",
        "scope_type": "civil_segment"
      },
      "type": "Feature"
    },
    {
      "geometry": {
        "coordinates": [
          33.20462124,
          0.47348132
        ],
        "type": "Point"
      },
      "properties": {
        "chainage_m": 2236.5,
        "civil_class": "elevated",
        "investigation_flags": [
          "acidic-soil-durability-testing",
          "fine-soil-plasticity-and-shrink-swell-tests"
        ],
        "lat": 0.47348132,
        "line": "line-6",
        "lon": 33.20462124,
        "sample_id": "segment:line-6-civil-093:0000",
        "scope_id": "line-6-civil-093",
        "scope_type": "civil_segment"
      },
      "type": "Feature"
    },
    {
      "geometry": {
        "coordinates": [
          33.20462124,
          0.47959642
        ],
        "type": "Point"
      },
      "properties": {
        "chainage_m": 2916.5,
        "civil_class": "elevated",
        "investigation_flags": [
          "acidic-soil-durability-testing",
          "fine-soil-plasticity-and-shrink-swell-tests"
        ],
        "lat": 0.47959642,
        "line": "line-6",
        "lon": 33.20462124,
        "sample_id": "segment:line-6-civil-093:0001",
        "scope_id": "line-6-civil-093",
        "scope_type": "civil_segment"
      },
      "type": "Feature"
    },
    {
      "geometry": {
        "coordinates": [
          33.20462124,
          0.48252501
        ],
        "type": "Point"
      },
      "properties": {
        "chainage_m": 3242.159,
        "civil_class": "elevated",
        "investigation_flags": [
          "acidic-soil-durability-testing",
          "fine-soil-plasticity-and-shrink-swell-tests"
        ],
        "lat": 0.48252501,
        "line": "line-6",
        "lon": 33.20462124,
        "sample_id": "segment:line-6-civil-093:0002",
        "scope_id": "line-6-civil-093",
        "scope_type": "civil_segment"
      },
      "type": "Feature"
    },
    {
      "geometry": {
        "coordinates": [
          33.20462124,
          0.48571152
        ],
        "type": "Point"
      },
      "properties": {
        "chainage_m": 3596.5,
        "civil_class": "elevated",
        "investigation_flags": [
          "acidic-soil-durability-testing",
          "fine-soil-plasticity-and-shrink-swell-tests"
        ],
        "lat": 0.48571152,
        "line": "line-6",
        "lon": 33.20462124,
        "sample_id": "segment:line-6-civil-093:0003",
        "scope_id": "line-6-civil-093",
        "scope_type": "civil_segment"
      },
      "type": "Feature"
    },
    {
      "geometry": {
        "coordinates": [
          33.20462124,
          0.48571152
        ],
        "type": "Point"
      },
      "properties": {
        "chainage_m": 3596.5,
        "civil_class": "elevated",
        "investigation_flags": [
          "acidic-soil-durability-testing",
          "fine-soil-plasticity-and-shrink-swell-tests"
        ],
        "lat": 0.48571152,
        "line": "line-6",
        "lon": 33.20462124,
        "sample_id": "segment:line-6-civil-094:0000",
        "scope_id": "line-6-civil-094",
        "scope_type": "civil_segment"
      },
      "type": "Feature"
    },
    {
      "geometry": {
        "coordinates": [
          33.20462124,
          0.48623636
        ],
        "type": "Point"
      },
      "properties": {
        "chainage_m": 3654.768,
        "civil_class": "elevated",
        "investigation_flags": [
          "acidic-soil-durability-testing",
          "fine-soil-plasticity-and-shrink-swell-tests"
        ],
        "lat": 0.48623636,
        "line": "line-6",
        "lon": 33.20462124,
        "sample_id": "segment:line-6-civil-094:0001",
        "scope_id": "line-6-civil-094",
        "scope_type": "civil_segment"
      },
      "type": "Feature"
    },
    {
      "geometry": {
        "coordinates": [
          33.20497734,
          0.48661218
        ],
        "type": "Point"
      },
      "properties": {
        "chainage_m": 3713.036,
        "civil_class": "elevated",
        "investigation_flags": [
          "acidic-soil-durability-testing",
          "fine-soil-plasticity-and-shrink-swell-tests"
        ],
        "lat": 0.48661218,
        "line": "line-6",
        "lon": 33.20497734,
        "sample_id": "segment:line-6-civil-094:0002",
        "scope_id": "line-6-civil-094",
        "scope_type": "civil_segment"
      },
      "type": "Feature"
    },
    {
      "geometry": {
        "coordinates": [
          33.20497734,
          0.48661218
        ],
        "type": "Point"
      },
      "properties": {
        "chainage_m": 3713.036,
        "civil_class": "elevated",
        "investigation_flags": [
          "acidic-soil-durability-testing",
          "fine-soil-plasticity-and-shrink-swell-tests"
        ],
        "lat": 0.48661218,
        "line": "line-6",
        "lon": 33.20497734,
        "sample_id": "segment:line-6-civil-095:0000",
        "scope_id": "line-6-civil-095",
        "scope_type": "civil_segment"
      },
      "type": "Feature"
    },
    {
      "geometry": {
        "coordinates": [
          33.20524694,
          0.48688223
        ],
        "type": "Point"
      },
      "properties": {
        "chainage_m": 3755.468,
        "civil_class": "elevated",
        "investigation_flags": [
          "acidic-soil-durability-testing",
          "fine-soil-plasticity-and-shrink-swell-tests"
        ],
        "lat": 0.48688223,
        "line": "line-6",
        "lon": 33.20524694,
        "sample_id": "segment:line-6-civil-095:0001",
        "scope_id": "line-6-civil-095",
        "scope_type": "civil_segment"
      },
      "type": "Feature"
    },
    {
      "geometry": {
        "coordinates": [
          33.20551654,
          0.48715228
        ],
        "type": "Point"
      },
      "properties": {
        "chainage_m": 3797.9,
        "civil_class": "elevated",
        "investigation_flags": [
          "acidic-soil-durability-testing",
          "fine-soil-plasticity-and-shrink-swell-tests"
        ],
        "lat": 0.48715228,
        "line": "line-6",
        "lon": 33.20551654,
        "sample_id": "segment:line-6-civil-095:0002",
        "scope_id": "line-6-civil-095",
        "scope_type": "civil_segment"
      },
      "type": "Feature"
    },
    {
      "geometry": {
        "coordinates": [
          33.20551654,
          0.48715228
        ],
        "type": "Point"
      },
      "properties": {
        "chainage_m": 3797.9,
        "civil_class": "at-grade",
        "investigation_flags": [
          "acidic-soil-durability-testing",
          "fine-soil-plasticity-and-shrink-swell-tests"
        ],
        "lat": 0.48715228,
        "line": "line-6",
        "lon": 33.20551654,
        "sample_id": "segment:line-6-civil-096:0000",
        "scope_id": "line-6-civil-096",
        "scope_type": "civil_segment"
      },
      "type": "Feature"
    },
    {
      "geometry": {
        "coordinates": [
          33.20560644,
          0.48724233
        ],
        "type": "Point"
      },
      "properties": {
        "chainage_m": 3812.05,
        "civil_class": "at-grade",
        "investigation_flags": [
          "acidic-soil-durability-testing",
          "fine-soil-plasticity-and-shrink-swell-tests"
        ],
        "lat": 0.48724233,
        "line": "line-6",
        "lon": 33.20560644,
        "sample_id": "segment:line-6-civil-096:0001",
        "scope_id": "line-6-civil-096",
        "scope_type": "civil_segment"
      },
      "type": "Feature"
    },
    {
      "geometry": {
        "coordinates": [
          33.20569634,
          0.48733238
        ],
        "type": "Point"
      },
      "properties": {
        "chainage_m": 3826.2,
        "civil_class": "at-grade",
        "investigation_flags": [
          "acidic-soil-durability-testing",
          "fine-soil-plasticity-and-shrink-swell-tests"
        ],
        "lat": 0.48733238,
        "line": "line-6",
        "lon": 33.20569634,
        "sample_id": "segment:line-6-civil-096:0002",
        "scope_id": "line-6-civil-096",
        "scope_type": "civil_segment"
      },
      "type": "Feature"
    },
    {
      "geometry": {
        "coordinates": [
          33.20569634,
          0.48733238
        ],
        "type": "Point"
      },
      "properties": {
        "chainage_m": 3826.2,
        "civil_class": "elevated",
        "investigation_flags": [
          "acidic-soil-durability-testing",
          "fine-soil-plasticity-and-shrink-swell-tests"
        ],
        "lat": 0.48733238,
        "line": "line-6",
        "lon": 33.20569634,
        "sample_id": "segment:line-6-civil-097:0000",
        "scope_id": "line-6-civil-097",
        "scope_type": "civil_segment"
      },
      "type": "Feature"
    },
    {
      "geometry": {
        "coordinates": [
          33.20587584,
          0.48751217
        ],
        "type": "Point"
      },
      "properties": {
        "chainage_m": 3854.45,
        "civil_class": "elevated",
        "investigation_flags": [
          "acidic-soil-durability-testing",
          "fine-soil-plasticity-and-shrink-swell-tests"
        ],
        "lat": 0.48751217,
        "line": "line-6",
        "lon": 33.20587584,
        "sample_id": "segment:line-6-civil-097:0001",
        "scope_id": "line-6-civil-097",
        "scope_type": "civil_segment"
      },
      "type": "Feature"
    },
    {
      "geometry": {
        "coordinates": [
          33.20605533,
          0.48769196
        ],
        "type": "Point"
      },
      "properties": {
        "chainage_m": 3882.7,
        "civil_class": "elevated",
        "investigation_flags": [
          "acidic-soil-durability-testing",
          "fine-soil-plasticity-and-shrink-swell-tests"
        ],
        "lat": 0.48769196,
        "line": "line-6",
        "lon": 33.20605533,
        "sample_id": "segment:line-6-civil-097:0002",
        "scope_id": "line-6-civil-097",
        "scope_type": "civil_segment"
      },
      "type": "Feature"
    },
    {
      "geometry": {
        "coordinates": [
          33.20605533,
          0.48769196
        ],
        "type": "Point"
      },
      "properties": {
        "chainage_m": 3882.7,
        "civil_class": "at-grade",
        "investigation_flags": [
          "acidic-soil-durability-testing",
          "fine-soil-plasticity-and-shrink-swell-tests"
        ],
        "lat": 0.48769196,
        "line": "line-6",
        "lon": 33.20605533,
        "sample_id": "segment:line-6-civil-098:0000",
        "scope_id": "line-6-civil-098",
        "scope_type": "civil_segment"
      },
      "type": "Feature"
    },
    {
      "geometry": {
        "coordinates": [
          33.20641495,
          0.48805218
        ],
        "type": "Point"
      },
      "properties": {
        "chainage_m": 3939.3,
        "civil_class": "at-grade",
        "investigation_flags": [
          "acidic-soil-durability-testing",
          "fine-soil-plasticity-and-shrink-swell-tests"
        ],
        "lat": 0.48805218,
        "line": "line-6",
        "lon": 33.20641495,
        "sample_id": "segment:line-6-civil-098:0001",
        "scope_id": "line-6-civil-098",
        "scope_type": "civil_segment"
      },
      "type": "Feature"
    },
    {
      "geometry": {
        "coordinates": [
          33.20677456,
          0.4884124
        ],
        "type": "Point"
      },
      "properties": {
        "chainage_m": 3995.9,
        "civil_class": "at-grade",
        "investigation_flags": [
          "acidic-soil-durability-testing",
          "fine-soil-plasticity-and-shrink-swell-tests"
        ],
        "lat": 0.4884124,
        "line": "line-6",
        "lon": 33.20677456,
        "sample_id": "segment:line-6-civil-098:0002",
        "scope_id": "line-6-civil-098",
        "scope_type": "civil_segment"
      },
      "type": "Feature"
    },
    {
      "geometry": {
        "coordinates": [
          33.20677456,
          0.4884124
        ],
        "type": "Point"
      },
      "properties": {
        "chainage_m": 3995.9,
        "civil_class": "elevated",
        "investigation_flags": [
          "acidic-soil-durability-testing",
          "fine-soil-plasticity-and-shrink-swell-tests"
        ],
        "lat": 0.4884124,
        "line": "line-6",
        "lon": 33.20677456,
        "sample_id": "segment:line-6-civil-099:0000",
        "scope_id": "line-6-civil-099",
        "scope_type": "civil_segment"
      },
      "type": "Feature"
    },
    {
      "geometry": {
        "coordinates": [
          33.20686447,
          0.48850245
        ],
        "type": "Point"
      },
      "properties": {
        "chainage_m": 4010.05,
        "civil_class": "elevated",
        "investigation_flags": [
          "acidic-soil-durability-testing",
          "fine-soil-plasticity-and-shrink-swell-tests"
        ],
        "lat": 0.48850245,
        "line": "line-6",
        "lon": 33.20686447,
        "sample_id": "segment:line-6-civil-099:0001",
        "scope_id": "line-6-civil-099",
        "scope_type": "civil_segment"
      },
      "type": "Feature"
    },
    {
      "geometry": {
        "coordinates": [
          33.20695437,
          0.4885925
        ],
        "type": "Point"
      },
      "properties": {
        "chainage_m": 4024.2,
        "civil_class": "elevated",
        "investigation_flags": [
          "acidic-soil-durability-testing",
          "fine-soil-plasticity-and-shrink-swell-tests"
        ],
        "lat": 0.4885925,
        "line": "line-6",
        "lon": 33.20695437,
        "sample_id": "segment:line-6-civil-099:0002",
        "scope_id": "line-6-civil-099",
        "scope_type": "civil_segment"
      },
      "type": "Feature"
    },
    {
      "geometry": {
        "coordinates": [
          33.20695437,
          0.4885925
        ],
        "type": "Point"
      },
      "properties": {
        "chainage_m": 4024.2,
        "civil_class": "at-grade",
        "investigation_flags": [
          "acidic-soil-durability-testing",
          "fine-soil-plasticity-and-shrink-swell-tests"
        ],
        "lat": 0.4885925,
        "line": "line-6",
        "lon": 33.20695437,
        "sample_id": "segment:line-6-civil-100:0000",
        "scope_id": "line-6-civil-100",
        "scope_type": "civil_segment"
      },
      "type": "Feature"
    },
    {
      "geometry": {
        "coordinates": [
          33.20731367,
          0.4889524
        ],
        "type": "Point"
      },
      "properties": {
        "chainage_m": 4080.75,
        "civil_class": "at-grade",
        "investigation_flags": [
          "acidic-soil-durability-testing",
          "fine-soil-plasticity-and-shrink-swell-tests"
        ],
        "lat": 0.4889524,
        "line": "line-6",
        "lon": 33.20731367,
        "sample_id": "segment:line-6-civil-100:0001",
        "scope_id": "line-6-civil-100",
        "scope_type": "civil_segment"
      },
      "type": "Feature"
    },
    {
      "geometry": {
        "coordinates": [
          33.20767297,
          0.4893123
        ],
        "type": "Point"
      },
      "properties": {
        "chainage_m": 4137.3,
        "civil_class": "at-grade",
        "investigation_flags": [
          "acidic-soil-durability-testing",
          "fine-soil-plasticity-and-shrink-swell-tests"
        ],
        "lat": 0.4893123,
        "line": "line-6",
        "lon": 33.20767297,
        "sample_id": "segment:line-6-civil-100:0002",
        "scope_id": "line-6-civil-100",
        "scope_type": "civil_segment"
      },
      "type": "Feature"
    },
    {
      "geometry": {
        "coordinates": [
          33.20767297,
          0.4893123
        ],
        "type": "Point"
      },
      "properties": {
        "chainage_m": 4137.3,
        "civil_class": "elevated",
        "investigation_flags": [
          "acidic-soil-durability-testing",
          "fine-soil-plasticity-and-shrink-swell-tests"
        ],
        "lat": 0.4893123,
        "line": "line-6",
        "lon": 33.20767297,
        "sample_id": "segment:line-6-civil-101:0000",
        "scope_id": "line-6-civil-101",
        "scope_type": "civil_segment"
      },
      "type": "Feature"
    },
    {
      "geometry": {
        "coordinates": [
          33.20776288,
          0.48940235
        ],
        "type": "Point"
      },
      "properties": {
        "chainage_m": 4151.45,
        "civil_class": "elevated",
        "investigation_flags": [
          "acidic-soil-durability-testing",
          "fine-soil-plasticity-and-shrink-swell-tests"
        ],
        "lat": 0.48940235,
        "line": "line-6",
        "lon": 33.20776288,
        "sample_id": "segment:line-6-civil-101:0001",
        "scope_id": "line-6-civil-101",
        "scope_type": "civil_segment"
      },
      "type": "Feature"
    },
    {
      "geometry": {
        "coordinates": [
          33.20785278,
          0.48949241
        ],
        "type": "Point"
      },
      "properties": {
        "chainage_m": 4165.6,
        "civil_class": "elevated",
        "investigation_flags": [
          "acidic-soil-durability-testing",
          "fine-soil-plasticity-and-shrink-swell-tests"
        ],
        "lat": 0.48949241,
        "line": "line-6",
        "lon": 33.20785278,
        "sample_id": "segment:line-6-civil-101:0002",
        "scope_id": "line-6-civil-101",
        "scope_type": "civil_segment"
      },
      "type": "Feature"
    },
    {
      "geometry": {
        "coordinates": [
          33.20785278,
          0.48949241
        ],
        "type": "Point"
      },
      "properties": {
        "chainage_m": 4165.6,
        "civil_class": "at-grade",
        "investigation_flags": [
          "acidic-soil-durability-testing",
          "fine-soil-plasticity-and-shrink-swell-tests"
        ],
        "lat": 0.48949241,
        "line": "line-6",
        "lon": 33.20785278,
        "sample_id": "segment:line-6-civil-102:0000",
        "scope_id": "line-6-civil-102",
        "scope_type": "civil_segment"
      },
      "type": "Feature"
    },
    {
      "geometry": {
        "coordinates": [
          33.20803259,
          0.48967251
        ],
        "type": "Point"
      },
      "properties": {
        "chainage_m": 4193.9,
        "civil_class": "at-grade",
        "investigation_flags": [
          "acidic-soil-durability-testing",
          "fine-soil-plasticity-and-shrink-swell-tests"
        ],
        "lat": 0.48967251,
        "line": "line-6",
        "lon": 33.20803259,
        "sample_id": "segment:line-6-civil-102:0001",
        "scope_id": "line-6-civil-102",
        "scope_type": "civil_segment"
      },
      "type": "Feature"
    },
    {
      "geometry": {
        "coordinates": [
          33.2082124,
          0.48985262
        ],
        "type": "Point"
      },
      "properties": {
        "chainage_m": 4222.2,
        "civil_class": "at-grade",
        "investigation_flags": [
          "acidic-soil-durability-testing",
          "fine-soil-plasticity-and-shrink-swell-tests"
        ],
        "lat": 0.48985262,
        "line": "line-6",
        "lon": 33.2082124,
        "sample_id": "segment:line-6-civil-102:0002",
        "scope_id": "line-6-civil-102",
        "scope_type": "civil_segment"
      },
      "type": "Feature"
    },
    {
      "geometry": {
        "coordinates": [
          33.2082124,
          0.48985262
        ],
        "type": "Point"
      },
      "properties": {
        "chainage_m": 4222.2,
        "civil_class": "elevated",
        "investigation_flags": [
          "acidic-soil-durability-testing",
          "fine-soil-plasticity-and-shrink-swell-tests"
        ],
        "lat": 0.48985262,
        "line": "line-6",
        "lon": 33.2082124,
        "sample_id": "segment:line-6-civil-103:0000",
        "scope_id": "line-6-civil-103",
        "scope_type": "civil_segment"
      },
      "type": "Feature"
    },
    {
      "geometry": {
        "coordinates": [
          33.20830199,
          0.48994236
        ],
        "type": "Point"
      },
      "properties": {
        "chainage_m": 4236.3,
        "civil_class": "elevated",
        "investigation_flags": [
          "acidic-soil-durability-testing",
          "fine-soil-plasticity-and-shrink-swell-tests"
        ],
        "lat": 0.48994236,
        "line": "line-6",
        "lon": 33.20830199,
        "sample_id": "segment:line-6-civil-103:0001",
        "scope_id": "line-6-civil-103",
        "scope_type": "civil_segment"
      },
      "type": "Feature"
    },
    {
      "geometry": {
        "coordinates": [
          33.20839158,
          0.49003209
        ],
        "type": "Point"
      },
      "properties": {
        "chainage_m": 4250.4,
        "civil_class": "elevated",
        "investigation_flags": [
          "acidic-soil-durability-testing",
          "fine-soil-plasticity-and-shrink-swell-tests"
        ],
        "lat": 0.49003209,
        "line": "line-6",
        "lon": 33.20839158,
        "sample_id": "segment:line-6-civil-103:0002",
        "scope_id": "line-6-civil-103",
        "scope_type": "civil_segment"
      },
      "type": "Feature"
    },
    {
      "geometry": {
        "coordinates": [
          33.20839158,
          0.49003209
        ],
        "type": "Point"
      },
      "properties": {
        "chainage_m": 4250.4,
        "civil_class": "at-grade",
        "investigation_flags": [
          "acidic-soil-durability-testing",
          "fine-soil-plasticity-and-shrink-swell-tests"
        ],
        "lat": 0.49003209,
        "line": "line-6",
        "lon": 33.20839158,
        "sample_id": "segment:line-6-civil-104:0000",
        "scope_id": "line-6-civil-104",
        "scope_type": "civil_segment"
      },
      "type": "Feature"
    },
    {
      "geometry": {
        "coordinates": [
          33.21144674,
          0.49309233
        ],
        "type": "Point"
      },
      "properties": {
        "chainage_m": 4731.25,
        "civil_class": "at-grade",
        "investigation_flags": [
          "acidic-soil-durability-testing",
          "fine-soil-plasticity-and-shrink-swell-tests"
        ],
        "lat": 0.49309233,
        "line": "line-6",
        "lon": 33.21144674,
        "sample_id": "segment:line-6-civil-104:0001",
        "scope_id": "line-6-civil-104",
        "scope_type": "civil_segment"
      },
      "type": "Feature"
    },
    {
      "geometry": {
        "coordinates": [
          33.21450191,
          0.49615258
        ],
        "type": "Point"
      },
      "properties": {
        "chainage_m": 5212.1,
        "civil_class": "at-grade",
        "investigation_flags": [
          "acidic-soil-durability-testing",
          "fine-soil-plasticity-and-shrink-swell-tests"
        ],
        "lat": 0.49615258,
        "line": "line-6",
        "lon": 33.21450191,
        "sample_id": "segment:line-6-civil-104:0002",
        "scope_id": "line-6-civil-104",
        "scope_type": "civil_segment"
      },
      "type": "Feature"
    },
    {
      "geometry": {
        "coordinates": [
          33.21450191,
          0.49615258
        ],
        "type": "Point"
      },
      "properties": {
        "chainage_m": 5212.1,
        "civil_class": "elevated",
        "investigation_flags": [
          "acidic-soil-durability-testing",
          "fine-soil-plasticity-and-shrink-swell-tests"
        ],
        "lat": 0.49615258,
        "line": "line-6",
        "lon": 33.21450191,
        "sample_id": "segment:line-6-civil-105:0000",
        "scope_id": "line-6-civil-105",
        "scope_type": "civil_segment"
      },
      "type": "Feature"
    },
    {
      "geometry": {
        "coordinates": [
          33.21477162,
          0.49642274
        ],
        "type": "Point"
      },
      "properties": {
        "chainage_m": 5254.55,
        "civil_class": "elevated",
        "investigation_flags": [
          "acidic-soil-durability-testing",
          "fine-soil-plasticity-and-shrink-swell-tests"
        ],
        "lat": 0.49642274,
        "line": "line-6",
        "lon": 33.21477162,
        "sample_id": "segment:line-6-civil-105:0001",
        "scope_id": "line-6-civil-105",
        "scope_type": "civil_segment"
      },
      "type": "Feature"
    },
    {
      "geometry": {
        "coordinates": [
          33.21504134,
          0.4966929
        ],
        "type": "Point"
      },
      "properties": {
        "chainage_m": 5297.0,
        "civil_class": "elevated",
        "investigation_flags": [
          "acidic-soil-durability-testing",
          "fine-soil-plasticity-and-shrink-swell-tests"
        ],
        "lat": 0.4966929,
        "line": "line-6",
        "lon": 33.21504134,
        "sample_id": "segment:line-6-civil-105:0002",
        "scope_id": "line-6-civil-105",
        "scope_type": "civil_segment"
      },
      "type": "Feature"
    },
    {
      "geometry": {
        "coordinates": [
          33.21504134,
          0.4966929
        ],
        "type": "Point"
      },
      "properties": {
        "chainage_m": 5297.0,
        "civil_class": "at-grade",
        "investigation_flags": [
          "acidic-soil-durability-testing",
          "fine-soil-plasticity-and-shrink-swell-tests"
        ],
        "lat": 0.4966929,
        "line": "line-6",
        "lon": 33.21504134,
        "sample_id": "segment:line-6-civil-106:0000",
        "scope_id": "line-6-civil-106",
        "scope_type": "civil_segment"
      },
      "type": "Feature"
    },
    {
      "geometry": {
        "coordinates": [
          33.21513092,
          0.49678264
        ],
        "type": "Point"
      },
      "properties": {
        "chainage_m": 5311.1,
        "civil_class": "at-grade",
        "investigation_flags": [
          "acidic-soil-durability-testing",
          "fine-soil-plasticity-and-shrink-swell-tests"
        ],
        "lat": 0.49678264,
        "line": "line-6",
        "lon": 33.21513092,
        "sample_id": "segment:line-6-civil-106:0001",
        "scope_id": "line-6-civil-106",
        "scope_type": "civil_segment"
      },
      "type": "Feature"
    },
    {
      "geometry": {
        "coordinates": [
          33.21522051,
          0.49687237
        ],
        "type": "Point"
      },
      "properties": {
        "chainage_m": 5325.2,
        "civil_class": "at-grade",
        "investigation_flags": [
          "acidic-soil-durability-testing",
          "fine-soil-plasticity-and-shrink-swell-tests"
        ],
        "lat": 0.49687237,
        "line": "line-6",
        "lon": 33.21522051,
        "sample_id": "segment:line-6-civil-106:0002",
        "scope_id": "line-6-civil-106",
        "scope_type": "civil_segment"
      },
      "type": "Feature"
    },
    {
      "geometry": {
        "coordinates": [
          33.21522051,
          0.49687237
        ],
        "type": "Point"
      },
      "properties": {
        "chainage_m": 5325.2,
        "civil_class": "elevated",
        "investigation_flags": [
          "acidic-soil-durability-testing",
          "fine-soil-plasticity-and-shrink-swell-tests"
        ],
        "lat": 0.49687237,
        "line": "line-6",
        "lon": 33.21522051,
        "sample_id": "segment:line-6-civil-107:0000",
        "scope_id": "line-6-civil-107",
        "scope_type": "civil_segment"
      },
      "type": "Feature"
    },
    {
      "geometry": {
        "coordinates": [
          33.21567003,
          0.49732264
        ],
        "type": "Point"
      },
      "properties": {
        "chainage_m": 5395.95,
        "civil_class": "elevated",
        "investigation_flags": [
          "acidic-soil-durability-testing",
          "fine-soil-plasticity-and-shrink-swell-tests"
        ],
        "lat": 0.49732264,
        "line": "line-6",
        "lon": 33.21567003,
        "sample_id": "segment:line-6-civil-107:0001",
        "scope_id": "line-6-civil-107",
        "scope_type": "civil_segment"
      },
      "type": "Feature"
    },
    {
      "geometry": {
        "coordinates": [
          33.21611956,
          0.49777291
        ],
        "type": "Point"
      },
      "properties": {
        "chainage_m": 5466.7,
        "civil_class": "elevated",
        "investigation_flags": [
          "acidic-soil-durability-testing",
          "fine-soil-plasticity-and-shrink-swell-tests"
        ],
        "lat": 0.49777291,
        "line": "line-6",
        "lon": 33.21611956,
        "sample_id": "segment:line-6-civil-107:0002",
        "scope_id": "line-6-civil-107",
        "scope_type": "civil_segment"
      },
      "type": "Feature"
    },
    {
      "geometry": {
        "coordinates": [
          33.21611956,
          0.49777291
        ],
        "type": "Point"
      },
      "properties": {
        "chainage_m": 5466.7,
        "civil_class": "at-grade",
        "investigation_flags": [
          "acidic-soil-durability-testing",
          "fine-soil-plasticity-and-shrink-swell-tests"
        ],
        "lat": 0.49777291,
        "line": "line-6",
        "lon": 33.21611956,
        "sample_id": "segment:line-6-civil-108:0000",
        "scope_id": "line-6-civil-108",
        "scope_type": "civil_segment"
      },
      "type": "Feature"
    },
    {
      "geometry": {
        "coordinates": [
          33.21620914,
          0.49786265
        ],
        "type": "Point"
      },
      "properties": {
        "chainage_m": 5480.8,
        "civil_class": "at-grade",
        "investigation_flags": [
          "acidic-soil-durability-testing",
          "fine-soil-plasticity-and-shrink-swell-tests"
        ],
        "lat": 0.49786265,
        "line": "line-6",
        "lon": 33.21620914,
        "sample_id": "segment:line-6-civil-108:0001",
        "scope_id": "line-6-civil-108",
        "scope_type": "civil_segment"
      },
      "type": "Feature"
    },
    {
      "geometry": {
        "coordinates": [
          33.21629873,
          0.49795238
        ],
        "type": "Point"
      },
      "properties": {
        "chainage_m": 5494.9,
        "civil_class": "at-grade",
        "investigation_flags": [
          "acidic-soil-durability-testing",
          "fine-soil-plasticity-and-shrink-swell-tests"
        ],
        "lat": 0.49795238,
        "line": "line-6",
        "lon": 33.21629873,
        "sample_id": "segment:line-6-civil-108:0002",
        "scope_id": "line-6-civil-108",
        "scope_type": "civil_segment"
      },
      "type": "Feature"
    },
    {
      "geometry": {
        "coordinates": [
          33.21629873,
          0.49795238
        ],
        "type": "Point"
      },
      "properties": {
        "chainage_m": 5494.9,
        "civil_class": "elevated",
        "investigation_flags": [
          "acidic-soil-durability-testing",
          "fine-soil-plasticity-and-shrink-swell-tests"
        ],
        "lat": 0.49795238,
        "line": "line-6",
        "lon": 33.21629873,
        "sample_id": "segment:line-6-civil-109:0000",
        "scope_id": "line-6-civil-109",
        "scope_type": "civil_segment"
      },
      "type": "Feature"
    },
    {
      "geometry": {
        "coordinates": [
          33.21638863,
          0.49804244
        ],
        "type": "Point"
      },
      "properties": {
        "chainage_m": 5509.05,
        "civil_class": "elevated",
        "investigation_flags": [
          "acidic-soil-durability-testing",
          "fine-soil-plasticity-and-shrink-swell-tests"
        ],
        "lat": 0.49804244,
        "line": "line-6",
        "lon": 33.21638863,
        "sample_id": "segment:line-6-civil-109:0001",
        "scope_id": "line-6-civil-109",
        "scope_type": "civil_segment"
      },
      "type": "Feature"
    },
    {
      "geometry": {
        "coordinates": [
          33.21647854,
          0.49813249
        ],
        "type": "Point"
      },
      "properties": {
        "chainage_m": 5523.2,
        "civil_class": "elevated",
        "investigation_flags": [
          "acidic-soil-durability-testing",
          "fine-soil-plasticity-and-shrink-swell-tests"
        ],
        "lat": 0.49813249,
        "line": "line-6",
        "lon": 33.21647854,
        "sample_id": "segment:line-6-civil-109:0002",
        "scope_id": "line-6-civil-109",
        "scope_type": "civil_segment"
      },
      "type": "Feature"
    },
    {
      "geometry": {
        "coordinates": [
          33.21647854,
          0.49813249
        ],
        "type": "Point"
      },
      "properties": {
        "chainage_m": 5523.2,
        "civil_class": "at-grade",
        "investigation_flags": [
          "acidic-soil-durability-testing",
          "fine-soil-plasticity-and-shrink-swell-tests"
        ],
        "lat": 0.49813249,
        "line": "line-6",
        "lon": 33.21647854,
        "sample_id": "segment:line-6-civil-110:0000",
        "scope_id": "line-6-civil-110",
        "scope_type": "civil_segment"
      },
      "type": "Feature"
    },
    {
      "geometry": {
        "coordinates": [
          33.21656844,
          0.49822254
        ],
        "type": "Point"
      },
      "properties": {
        "chainage_m": 5537.35,
        "civil_class": "at-grade",
        "investigation_flags": [
          "acidic-soil-durability-testing",
          "fine-soil-plasticity-and-shrink-swell-tests"
        ],
        "lat": 0.49822254,
        "line": "line-6",
        "lon": 33.21656844,
        "sample_id": "segment:line-6-civil-110:0001",
        "scope_id": "line-6-civil-110",
        "scope_type": "civil_segment"
      },
      "type": "Feature"
    },
    {
      "geometry": {
        "coordinates": [
          33.21665835,
          0.4983126
        ],
        "type": "Point"
      },
      "properties": {
        "chainage_m": 5551.5,
        "civil_class": "at-grade",
        "investigation_flags": [
          "acidic-soil-durability-testing",
          "fine-soil-plasticity-and-shrink-swell-tests"
        ],
        "lat": 0.4983126,
        "line": "line-6",
        "lon": 33.21665835,
        "sample_id": "segment:line-6-civil-110:0002",
        "scope_id": "line-6-civil-110",
        "scope_type": "civil_segment"
      },
      "type": "Feature"
    },
    {
      "geometry": {
        "coordinates": [
          33.21665835,
          0.4983126
        ],
        "type": "Point"
      },
      "properties": {
        "chainage_m": 5551.5,
        "civil_class": "elevated",
        "investigation_flags": [
          "acidic-soil-durability-testing",
          "fine-soil-plasticity-and-shrink-swell-tests"
        ],
        "lat": 0.4983126,
        "line": "line-6",
        "lon": 33.21665835,
        "sample_id": "segment:line-6-civil-111:0000",
        "scope_id": "line-6-civil-111",
        "scope_type": "civil_segment"
      },
      "type": "Feature"
    },
    {
      "geometry": {
        "coordinates": [
          33.21710755,
          0.49876255
        ],
        "type": "Point"
      },
      "properties": {
        "chainage_m": 5622.2,
        "civil_class": "elevated",
        "investigation_flags": [
          "acidic-soil-durability-testing",
          "fine-soil-plasticity-and-shrink-swell-tests"
        ],
        "lat": 0.49876255,
        "line": "line-6",
        "lon": 33.21710755,
        "sample_id": "segment:line-6-civil-111:0001",
        "scope_id": "line-6-civil-111",
        "scope_type": "civil_segment"
      },
      "type": "Feature"
    },
    {
      "geometry": {
        "coordinates": [
          33.21755676,
          0.4992125
        ],
        "type": "Point"
      },
      "properties": {
        "chainage_m": 5692.9,
        "civil_class": "elevated",
        "investigation_flags": [
          "acidic-soil-durability-testing",
          "fine-soil-plasticity-and-shrink-swell-tests"
        ],
        "lat": 0.4992125,
        "line": "line-6",
        "lon": 33.21755676,
        "sample_id": "segment:line-6-civil-111:0002",
        "scope_id": "line-6-civil-111",
        "scope_type": "civil_segment"
      },
      "type": "Feature"
    },
    {
      "geometry": {
        "coordinates": [
          33.21755676,
          0.4992125
        ],
        "type": "Point"
      },
      "properties": {
        "chainage_m": 5692.9,
        "civil_class": "at-grade",
        "investigation_flags": [
          "acidic-soil-durability-testing",
          "fine-soil-plasticity-and-shrink-swell-tests"
        ],
        "lat": 0.4992125,
        "line": "line-6",
        "lon": 33.21755676,
        "sample_id": "segment:line-6-civil-112:0000",
        "scope_id": "line-6-civil-112",
        "scope_type": "civil_segment"
      },
      "type": "Feature"
    },
    {
      "geometry": {
        "coordinates": [
          33.21773657,
          0.49939261
        ],
        "type": "Point"
      },
      "properties": {
        "chainage_m": 5721.2,
        "civil_class": "at-grade",
        "investigation_flags": [
          "acidic-soil-durability-testing",
          "fine-soil-plasticity-and-shrink-swell-tests"
        ],
        "lat": 0.49939261,
        "line": "line-6",
        "lon": 33.21773657,
        "sample_id": "segment:line-6-civil-112:0001",
        "scope_id": "line-6-civil-112",
        "scope_type": "civil_segment"
      },
      "type": "Feature"
    },
    {
      "geometry": {
        "coordinates": [
          33.21791638,
          0.49957272
        ],
        "type": "Point"
      },
      "properties": {
        "chainage_m": 5749.5,
        "civil_class": "at-grade",
        "investigation_flags": [
          "acidic-soil-durability-testing",
          "fine-soil-plasticity-and-shrink-swell-tests"
        ],
        "lat": 0.49957272,
        "line": "line-6",
        "lon": 33.21791638,
        "sample_id": "segment:line-6-civil-112:0002",
        "scope_id": "line-6-civil-112",
        "scope_type": "civil_segment"
      },
      "type": "Feature"
    },
    {
      "geometry": {
        "coordinates": [
          33.21791638,
          0.49957272
        ],
        "type": "Point"
      },
      "properties": {
        "chainage_m": 5749.5,
        "civil_class": "elevated",
        "investigation_flags": [
          "acidic-soil-durability-testing",
          "fine-soil-plasticity-and-shrink-swell-tests"
        ],
        "lat": 0.49957272,
        "line": "line-6",
        "lon": 33.21791638,
        "sample_id": "segment:line-6-civil-113:0000",
        "scope_id": "line-6-civil-113",
        "scope_type": "civil_segment"
      },
      "type": "Feature"
    },
    {
      "geometry": {
        "coordinates": [
          33.21800628,
          0.49966277
        ],
        "type": "Point"
      },
      "properties": {
        "chainage_m": 5763.65,
        "civil_class": "elevated",
        "investigation_flags": [
          "acidic-soil-durability-testing",
          "fine-soil-plasticity-and-shrink-swell-tests"
        ],
        "lat": 0.49966277,
        "line": "line-6",
        "lon": 33.21800628,
        "sample_id": "segment:line-6-civil-113:0001",
        "scope_id": "line-6-civil-113",
        "scope_type": "civil_segment"
      },
      "type": "Feature"
    },
    {
      "geometry": {
        "coordinates": [
          33.21809619,
          0.49975282
        ],
        "type": "Point"
      },
      "properties": {
        "chainage_m": 5777.8,
        "civil_class": "elevated",
        "investigation_flags": [
          "acidic-soil-durability-testing",
          "fine-soil-plasticity-and-shrink-swell-tests"
        ],
        "lat": 0.49975282,
        "line": "line-6",
        "lon": 33.21809619,
        "sample_id": "segment:line-6-civil-113:0002",
        "scope_id": "line-6-civil-113",
        "scope_type": "civil_segment"
      },
      "type": "Feature"
    },
    {
      "geometry": {
        "coordinates": [
          33.21809619,
          0.49975282
        ],
        "type": "Point"
      },
      "properties": {
        "chainage_m": 5777.8,
        "civil_class": "elevated",
        "investigation_flags": [
          "acidic-soil-durability-testing",
          "fine-soil-plasticity-and-shrink-swell-tests"
        ],
        "lat": 0.49975282,
        "line": "line-6",
        "lon": 33.21809619,
        "sample_id": "segment:line-6-civil-114:0000",
        "scope_id": "line-6-civil-114",
        "scope_type": "civil_segment"
      },
      "type": "Feature"
    },
    {
      "geometry": {
        "coordinates": [
          33.21818601,
          0.49975296
        ],
        "type": "Point"
      },
      "properties": {
        "chainage_m": 5787.794,
        "civil_class": "elevated",
        "investigation_flags": [
          "acidic-soil-durability-testing",
          "fine-soil-plasticity-and-shrink-swell-tests"
        ],
        "lat": 0.49975296,
        "line": "line-6",
        "lon": 33.21818601,
        "sample_id": "segment:line-6-civil-114:0001",
        "scope_id": "line-6-civil-114",
        "scope_type": "civil_segment"
      },
      "type": "Feature"
    },
    {
      "geometry": {
        "coordinates": [
          33.21827588,
          0.49975296
        ],
        "type": "Point"
      },
      "properties": {
        "chainage_m": 5797.788,
        "civil_class": "elevated",
        "investigation_flags": [
          "acidic-soil-durability-testing",
          "fine-soil-plasticity-and-shrink-swell-tests"
        ],
        "lat": 0.49975296,
        "line": "line-6",
        "lon": 33.21827588,
        "sample_id": "segment:line-6-civil-114:0002",
        "scope_id": "line-6-civil-114",
        "scope_type": "civil_segment"
      },
      "type": "Feature"
    },
    {
      "geometry": {
        "coordinates": [
          33.21827588,
          0.49975296
        ],
        "type": "Point"
      },
      "properties": {
        "chainage_m": 5797.788,
        "civil_class": "elevated",
        "investigation_flags": [
          "acidic-soil-durability-testing",
          "fine-soil-plasticity-and-shrink-swell-tests"
        ],
        "lat": 0.49975296,
        "line": "line-6",
        "lon": 33.21827588,
        "sample_id": "segment:line-6-civil-115:0000",
        "scope_id": "line-6-civil-115",
        "scope_type": "civil_segment"
      },
      "type": "Feature"
    },
    {
      "geometry": {
        "coordinates": [
          33.21827594,
          0.49975296
        ],
        "type": "Point"
      },
      "properties": {
        "chainage_m": 5797.794,
        "civil_class": "elevated",
        "investigation_flags": [
          "acidic-soil-durability-testing",
          "fine-soil-plasticity-and-shrink-swell-tests"
        ],
        "lat": 0.49975296,
        "line": "line-6",
        "lon": 33.21827594,
        "sample_id": "segment:line-6-civil-115:0001",
        "scope_id": "line-6-civil-115",
        "scope_type": "civil_segment"
      },
      "type": "Feature"
    },
    {
      "geometry": {
        "coordinates": [
          33.21827599,
          0.49975296
        ],
        "type": "Point"
      },
      "properties": {
        "chainage_m": 5797.8,
        "civil_class": "elevated",
        "investigation_flags": [
          "acidic-soil-durability-testing",
          "fine-soil-plasticity-and-shrink-swell-tests"
        ],
        "lat": 0.49975296,
        "line": "line-6",
        "lon": 33.21827599,
        "sample_id": "segment:line-6-civil-115:0002",
        "scope_id": "line-6-civil-115",
        "scope_type": "civil_segment"
      },
      "type": "Feature"
    },
    {
      "geometry": {
        "coordinates": [
          33.16958604,
          0.39159329
        ],
        "type": "Point"
      },
      "properties": {
        "chainage_m": 0.0,
        "civil_class": "elevated",
        "investigation_flags": [
          "acidic-soil-durability-testing",
          "fine-soil-plasticity-and-shrink-swell-tests"
        ],
        "lat": 0.39159329,
        "line": "line-7",
        "lon": 33.16958604,
        "sample_id": "segment:line-7-civil-116:0000",
        "scope_id": "line-7-civil-116",
        "scope_type": "civil_segment"
      },
      "type": "Feature"
    },
    {
      "geometry": {
        "coordinates": [
          33.16725017,
          0.39393304
        ],
        "type": "Point"
      },
      "properties": {
        "chainage_m": 367.7,
        "civil_class": "elevated",
        "investigation_flags": [
          "acidic-soil-durability-testing",
          "fine-soil-plasticity-and-shrink-swell-tests"
        ],
        "lat": 0.39393304,
        "line": "line-7",
        "lon": 33.16725017,
        "sample_id": "segment:line-7-civil-116:0001",
        "scope_id": "line-7-civil-116",
        "scope_type": "civil_segment"
      },
      "type": "Feature"
    },
    {
      "geometry": {
        "coordinates": [
          33.1649143,
          0.39627279
        ],
        "type": "Point"
      },
      "properties": {
        "chainage_m": 735.4,
        "civil_class": "elevated",
        "investigation_flags": [
          "acidic-soil-durability-testing",
          "fine-soil-plasticity-and-shrink-swell-tests"
        ],
        "lat": 0.39627279,
        "line": "line-7",
        "lon": 33.1649143,
        "sample_id": "segment:line-7-civil-116:0002",
        "scope_id": "line-7-civil-116",
        "scope_type": "civil_segment"
      },
      "type": "Feature"
    },
    {
      "geometry": {
        "coordinates": [
          33.1649143,
          0.39627279
        ],
        "type": "Point"
      },
      "properties": {
        "chainage_m": 735.4,
        "civil_class": "at-grade",
        "investigation_flags": [
          "acidic-soil-durability-testing",
          "fine-soil-plasticity-and-shrink-swell-tests"
        ],
        "lat": 0.39627279,
        "line": "line-7",
        "lon": 33.1649143,
        "sample_id": "segment:line-7-civil-117:0000",
        "scope_id": "line-7-civil-117",
        "scope_type": "civil_segment"
      },
      "type": "Feature"
    },
    {
      "geometry": {
        "coordinates": [
          33.16473452,
          0.39645287
        ],
        "type": "Point"
      },
      "properties": {
        "chainage_m": 763.7,
        "civil_class": "at-grade",
        "investigation_flags": [
          "acidic-soil-durability-testing",
          "fine-soil-plasticity-and-shrink-swell-tests"
        ],
        "lat": 0.39645287,
        "line": "line-7",
        "lon": 33.16473452,
        "sample_id": "segment:line-7-civil-117:0001",
        "scope_id": "line-7-civil-117",
        "scope_type": "civil_segment"
      },
      "type": "Feature"
    },
    {
      "geometry": {
        "coordinates": [
          33.16455474,
          0.39663295
        ],
        "type": "Point"
      },
      "properties": {
        "chainage_m": 792.0,
        "civil_class": "at-grade",
        "investigation_flags": [
          "acidic-soil-durability-testing",
          "fine-soil-plasticity-and-shrink-swell-tests"
        ],
        "lat": 0.39663295,
        "line": "line-7",
        "lon": 33.16455474,
        "sample_id": "segment:line-7-civil-117:0002",
        "scope_id": "line-7-civil-117",
        "scope_type": "civil_segment"
      },
      "type": "Feature"
    },
    {
      "geometry": {
        "coordinates": [
          33.16455474,
          0.39663295
        ],
        "type": "Point"
      },
      "properties": {
        "chainage_m": 792.0,
        "civil_class": "elevated",
        "investigation_flags": [
          "acidic-soil-durability-testing",
          "fine-soil-plasticity-and-shrink-swell-tests"
        ],
        "lat": 0.39663295,
        "line": "line-7",
        "lon": 33.16455474,
        "sample_id": "segment:line-7-civil-118:0000",
        "scope_id": "line-7-civil-118",
        "scope_type": "civil_segment"
      },
      "type": "Feature"
    },
    {
      "geometry": {
        "coordinates": [
          33.16446516,
          0.39672267
        ],
        "type": "Point"
      },
      "properties": {
        "chainage_m": 806.1,
        "civil_class": "elevated",
        "investigation_flags": [
          "acidic-soil-durability-testing",
          "fine-soil-plasticity-and-shrink-swell-tests"
        ],
        "lat": 0.39672267,
        "line": "line-7",
        "lon": 33.16446516,
        "sample_id": "segment:line-7-civil-118:0001",
        "scope_id": "line-7-civil-118",
        "scope_type": "civil_segment"
      },
      "type": "Feature"
    },
    {
      "geometry": {
        "coordinates": [
          33.16437559,
          0.39681239
        ],
        "type": "Point"
      },
      "properties": {
        "chainage_m": 820.2,
        "civil_class": "elevated",
        "investigation_flags": [
          "acidic-soil-durability-testing",
          "fine-soil-plasticity-and-shrink-swell-tests"
        ],
        "lat": 0.39681239,
        "line": "line-7",
        "lon": 33.16437559,
        "sample_id": "segment:line-7-civil-118:0002",
        "scope_id": "line-7-civil-118",
        "scope_type": "civil_segment"
      },
      "type": "Feature"
    },
    {
      "geometry": {
        "coordinates": [
          33.16437559,
          0.39681239
        ],
        "type": "Point"
      },
      "properties": {
        "chainage_m": 820.2,
        "civil_class": "at-grade",
        "investigation_flags": [
          "acidic-soil-durability-testing",
          "fine-soil-plasticity-and-shrink-swell-tests"
        ],
        "lat": 0.39681239,
        "line": "line-7",
        "lon": 33.16437559,
        "sample_id": "segment:line-7-civil-119:0000",
        "scope_id": "line-7-civil-119",
        "scope_type": "civil_segment"
      },
      "type": "Feature"
    },
    {
      "geometry": {
        "coordinates": [
          33.16032621,
          0.40077157
        ],
        "type": "Point"
      },
      "properties": {
        "chainage_m": 1453.5,
        "civil_class": "at-grade",
        "investigation_flags": [
          "acidic-soil-durability-testing",
          "fine-soil-plasticity-and-shrink-swell-tests"
        ],
        "lat": 0.40077157,
        "line": "line-7",
        "lon": 33.16032621,
        "sample_id": "segment:line-7-civil-119:0001",
        "scope_id": "line-7-civil-119",
        "scope_type": "civil_segment"
      },
      "type": "Feature"
    },
    {
      "geometry": {
        "coordinates": [
          33.15795512,
          0.40306356
        ],
        "type": "Point"
      },
      "properties": {
        "chainage_m": 1823.122,
        "civil_class": "at-grade",
        "investigation_flags": [
          "acidic-soil-durability-testing",
          "fine-soil-plasticity-and-shrink-swell-tests"
        ],
        "lat": 0.40306356,
        "line": "line-7",
        "lon": 33.15795512,
        "sample_id": "segment:line-7-civil-119:0002",
        "scope_id": "line-7-civil-119",
        "scope_type": "civil_segment"
      },
      "type": "Feature"
    },
    {
      "geometry": {
        "coordinates": [
          33.1575483,
          0.40527099
        ],
        "type": "Point"
      },
      "properties": {
        "chainage_m": 2086.8,
        "civil_class": "at-grade",
        "investigation_flags": [
          "acidic-soil-durability-testing",
          "fine-soil-plasticity-and-shrink-swell-tests"
        ],
        "lat": 0.40527099,
        "line": "line-7",
        "lon": 33.1575483,
        "sample_id": "segment:line-7-civil-119:0003",
        "scope_id": "line-7-civil-119",
        "scope_type": "civil_segment"
      },
      "type": "Feature"
    },
    {
      "geometry": {
        "coordinates": [
          33.1575483,
          0.40527099
        ],
        "type": "Point"
      },
      "properties": {
        "chainage_m": 2086.8,
        "civil_class": "elevated",
        "investigation_flags": [
          "acidic-soil-durability-testing",
          "fine-soil-plasticity-and-shrink-swell-tests"
        ],
        "lat": 0.40527099,
        "line": "line-7",
        "lon": 33.1575483,
        "sample_id": "segment:line-7-civil-120:0000",
        "scope_id": "line-7-civil-120",
        "scope_type": "civil_segment"
      },
      "type": "Feature"
    },
    {
      "geometry": {
        "coordinates": [
          33.1575483,
          0.40536091
        ],
        "type": "Point"
      },
      "properties": {
        "chainage_m": 2096.8,
        "civil_class": "elevated",
        "investigation_flags": [
          "acidic-soil-durability-testing",
          "fine-soil-plasticity-and-shrink-swell-tests"
        ],
        "lat": 0.40536091,
        "line": "line-7",
        "lon": 33.1575483,
        "sample_id": "segment:line-7-civil-120:0001",
        "scope_id": "line-7-civil-120",
        "scope_type": "civil_segment"
      },
      "type": "Feature"
    },
    {
      "geometry": {
        "coordinates": [
          33.1575483,
          0.40545082
        ],
        "type": "Point"
      },
      "properties": {
        "chainage_m": 2106.8,
        "civil_class": "elevated",
        "investigation_flags": [
          "acidic-soil-durability-testing",
          "fine-soil-plasticity-and-shrink-swell-tests"
        ],
        "lat": 0.40545082,
        "line": "line-7",
        "lon": 33.1575483,
        "sample_id": "segment:line-7-civil-120:0002",
        "scope_id": "line-7-civil-120",
        "scope_type": "civil_segment"
      },
      "type": "Feature"
    },
    {
      "geometry": {
        "coordinates": [
          33.1575483,
          0.40545082
        ],
        "type": "Point"
      },
      "properties": {
        "chainage_m": 2106.8,
        "civil_class": "at-grade",
        "investigation_flags": [
          "acidic-soil-durability-testing",
          "fine-soil-plasticity-and-shrink-swell-tests"
        ],
        "lat": 0.40545082,
        "line": "line-7",
        "lon": 33.1575483,
        "sample_id": "segment:line-7-civil-121:0000",
        "scope_id": "line-7-civil-121",
        "scope_type": "civil_segment"
      },
      "type": "Feature"
    },
    {
      "geometry": {
        "coordinates": [
          33.1575483,
          0.40617013
        ],
        "type": "Point"
      },
      "properties": {
        "chainage_m": 2186.8,
        "civil_class": "at-grade",
        "investigation_flags": [
          "acidic-soil-durability-testing",
          "fine-soil-plasticity-and-shrink-swell-tests"
        ],
        "lat": 0.40617013,
        "line": "line-7",
        "lon": 33.1575483,
        "sample_id": "segment:line-7-civil-121:0001",
        "scope_id": "line-7-civil-121",
        "scope_type": "civil_segment"
      },
      "type": "Feature"
    },
    {
      "geometry": {
        "coordinates": [
          33.1575483,
          0.40688944
        ],
        "type": "Point"
      },
      "properties": {
        "chainage_m": 2266.8,
        "civil_class": "at-grade",
        "investigation_flags": [
          "acidic-soil-durability-testing",
          "fine-soil-plasticity-and-shrink-swell-tests"
        ],
        "lat": 0.40688944,
        "line": "line-7",
        "lon": 33.1575483,
        "sample_id": "segment:line-7-civil-121:0002",
        "scope_id": "line-7-civil-121",
        "scope_type": "civil_segment"
      },
      "type": "Feature"
    },
    {
      "geometry": {
        "coordinates": [
          33.1575483,
          0.40688944
        ],
        "type": "Point"
      },
      "properties": {
        "chainage_m": 2266.8,
        "civil_class": "elevated",
        "investigation_flags": [
          "acidic-soil-durability-testing",
          "fine-soil-plasticity-and-shrink-swell-tests"
        ],
        "lat": 0.40688944,
        "line": "line-7",
        "lon": 33.1575483,
        "sample_id": "segment:line-7-civil-122:0000",
        "scope_id": "line-7-civil-122",
        "scope_type": "civil_segment"
      },
      "type": "Feature"
    },
    {
      "geometry": {
        "coordinates": [
          33.15745942,
          0.40697944
        ],
        "type": "Point"
      },
      "properties": {
        "chainage_m": 2280.9,
        "civil_class": "elevated",
        "investigation_flags": [
          "acidic-soil-durability-testing",
          "fine-soil-plasticity-and-shrink-swell-tests"
        ],
        "lat": 0.40697944,
        "line": "line-7",
        "lon": 33.15745942,
        "sample_id": "segment:line-7-civil-122:0001",
        "scope_id": "line-7-civil-122",
        "scope_type": "civil_segment"
      },
      "type": "Feature"
    },
    {
      "geometry": {
        "coordinates": [
          33.15736985,
          0.40706916
        ],
        "type": "Point"
      },
      "properties": {
        "chainage_m": 2295.0,
        "civil_class": "elevated",
        "investigation_flags": [
          "acidic-soil-durability-testing",
          "fine-soil-plasticity-and-shrink-swell-tests"
        ],
        "lat": 0.40706916,
        "line": "line-7",
        "lon": 33.15736985,
        "sample_id": "segment:line-7-civil-122:0002",
        "scope_id": "line-7-civil-122",
        "scope_type": "civil_segment"
      },
      "type": "Feature"
    },
    {
      "geometry": {
        "coordinates": [
          33.15736985,
          0.40706916
        ],
        "type": "Point"
      },
      "properties": {
        "chainage_m": 2295.0,
        "civil_class": "at-grade",
        "investigation_flags": [
          "acidic-soil-durability-testing",
          "fine-soil-plasticity-and-shrink-swell-tests"
        ],
        "lat": 0.40706916,
        "line": "line-7",
        "lon": 33.15736985,
        "sample_id": "segment:line-7-civil-123:0000",
        "scope_id": "line-7-civil-123",
        "scope_type": "civil_segment"
      },
      "type": "Feature"
    },
    {
      "geometry": {
        "coordinates": [
          33.1569204,
          0.40751936
        ],
        "type": "Point"
      },
      "properties": {
        "chainage_m": 2365.75,
        "civil_class": "at-grade",
        "investigation_flags": [
          "acidic-soil-durability-testing",
          "fine-soil-plasticity-and-shrink-swell-tests"
        ],
        "lat": 0.40751936,
        "line": "line-7",
        "lon": 33.1569204,
        "sample_id": "segment:line-7-civil-123:0001",
        "scope_id": "line-7-civil-123",
        "scope_type": "civil_segment"
      },
      "type": "Feature"
    },
    {
      "geometry": {
        "coordinates": [
          33.15647095,
          0.40796956
        ],
        "type": "Point"
      },
      "properties": {
        "chainage_m": 2436.5,
        "civil_class": "at-grade",
        "investigation_flags": [
          "acidic-soil-durability-testing",
          "fine-soil-plasticity-and-shrink-swell-tests"
        ],
        "lat": 0.40796956,
        "line": "line-7",
        "lon": 33.15647095,
        "sample_id": "segment:line-7-civil-123:0002",
        "scope_id": "line-7-civil-123",
        "scope_type": "civil_segment"
      },
      "type": "Feature"
    },
    {
      "geometry": {
        "coordinates": [
          33.15647095,
          0.40796956
        ],
        "type": "Point"
      },
      "properties": {
        "chainage_m": 2436.5,
        "civil_class": "elevated",
        "investigation_flags": [
          "acidic-soil-durability-testing",
          "fine-soil-plasticity-and-shrink-swell-tests"
        ],
        "lat": 0.40796956,
        "line": "line-7",
        "lon": 33.15647095,
        "sample_id": "segment:line-7-civil-124:0000",
        "scope_id": "line-7-civil-124",
        "scope_type": "civil_segment"
      },
      "type": "Feature"
    },
    {
      "geometry": {
        "coordinates": [
          33.15638106,
          0.4080596
        ],
        "type": "Point"
      },
      "properties": {
        "chainage_m": 2450.65,
        "civil_class": "elevated",
        "investigation_flags": [
          "acidic-soil-durability-testing",
          "fine-soil-plasticity-and-shrink-swell-tests"
        ],
        "lat": 0.4080596,
        "line": "line-7",
        "lon": 33.15638106,
        "sample_id": "segment:line-7-civil-124:0001",
        "scope_id": "line-7-civil-124",
        "scope_type": "civil_segment"
      },
      "type": "Feature"
    },
    {
      "geometry": {
        "coordinates": [
          33.15629117,
          0.40814964
        ],
        "type": "Point"
      },
      "properties": {
        "chainage_m": 2464.8,
        "civil_class": "elevated",
        "investigation_flags": [
          "acidic-soil-durability-testing",
          "fine-soil-plasticity-and-shrink-swell-tests"
        ],
        "lat": 0.40814964,
        "line": "line-7",
        "lon": 33.15629117,
        "sample_id": "segment:line-7-civil-124:0002",
        "scope_id": "line-7-civil-124",
        "scope_type": "civil_segment"
      },
      "type": "Feature"
    },
    {
      "geometry": {
        "coordinates": [
          33.15629117,
          0.40814964
        ],
        "type": "Point"
      },
      "properties": {
        "chainage_m": 2464.8,
        "civil_class": "at-grade",
        "investigation_flags": [
          "acidic-soil-durability-testing",
          "fine-soil-plasticity-and-shrink-swell-tests"
        ],
        "lat": 0.40814964,
        "line": "line-7",
        "lon": 33.15629117,
        "sample_id": "segment:line-7-civil-125:0000",
        "scope_id": "line-7-civil-125",
        "scope_type": "civil_segment"
      },
      "type": "Feature"
    },
    {
      "geometry": {
        "coordinates": [
          33.15530301,
          0.40913943
        ],
        "type": "Point"
      },
      "properties": {
        "chainage_m": 2620.35,
        "civil_class": "at-grade",
        "investigation_flags": [
          "acidic-soil-durability-testing",
          "fine-soil-plasticity-and-shrink-swell-tests"
        ],
        "lat": 0.40913943,
        "line": "line-7",
        "lon": 33.15530301,
        "sample_id": "segment:line-7-civil-125:0001",
        "scope_id": "line-7-civil-125",
        "scope_type": "civil_segment"
      },
      "type": "Feature"
    },
    {
      "geometry": {
        "coordinates": [
          33.15431486,
          0.41012923
        ],
        "type": "Point"
      },
      "properties": {
        "chainage_m": 2775.9,
        "civil_class": "at-grade",
        "investigation_flags": [
          "acidic-soil-durability-testing",
          "fine-soil-plasticity-and-shrink-swell-tests"
        ],
        "lat": 0.41012923,
        "line": "line-7",
        "lon": 33.15431486,
        "sample_id": "segment:line-7-civil-125:0002",
        "scope_id": "line-7-civil-125",
        "scope_type": "civil_segment"
      },
      "type": "Feature"
    },
    {
      "geometry": {
        "coordinates": [
          33.15431486,
          0.41012923
        ],
        "type": "Point"
      },
      "properties": {
        "chainage_m": 2775.9,
        "civil_class": "elevated",
        "investigation_flags": [
          "acidic-soil-durability-testing",
          "fine-soil-plasticity-and-shrink-swell-tests"
        ],
        "lat": 0.41012923,
        "line": "line-7",
        "lon": 33.15431486,
        "sample_id": "segment:line-7-civil-126:0000",
        "scope_id": "line-7-civil-126",
        "scope_type": "civil_segment"
      },
      "type": "Feature"
    },
    {
      "geometry": {
        "coordinates": [
          33.15422497,
          0.41021927
        ],
        "type": "Point"
      },
      "properties": {
        "chainage_m": 2790.05,
        "civil_class": "elevated",
        "investigation_flags": [
          "acidic-soil-durability-testing",
          "fine-soil-plasticity-and-shrink-swell-tests"
        ],
        "lat": 0.41021927,
        "line": "line-7",
        "lon": 33.15422497,
        "sample_id": "segment:line-7-civil-126:0001",
        "scope_id": "line-7-civil-126",
        "scope_type": "civil_segment"
      },
      "type": "Feature"
    },
    {
      "geometry": {
        "coordinates": [
          33.15413508,
          0.41030931
        ],
        "type": "Point"
      },
      "properties": {
        "chainage_m": 2804.2,
        "civil_class": "elevated",
        "investigation_flags": [
          "acidic-soil-durability-testing",
          "fine-soil-plasticity-and-shrink-swell-tests"
        ],
        "lat": 0.41030931,
        "line": "line-7",
        "lon": 33.15413508,
        "sample_id": "segment:line-7-civil-126:0002",
        "scope_id": "line-7-civil-126",
        "scope_type": "civil_segment"
      },
      "type": "Feature"
    },
    {
      "geometry": {
        "coordinates": [
          33.15413508,
          0.41030931
        ],
        "type": "Point"
      },
      "properties": {
        "chainage_m": 2804.2,
        "civil_class": "at-grade",
        "investigation_flags": [
          "acidic-soil-durability-testing",
          "fine-soil-plasticity-and-shrink-swell-tests"
        ],
        "lat": 0.41030931,
        "line": "line-7",
        "lon": 33.15413508,
        "sample_id": "segment:line-7-civil-127:0000",
        "scope_id": "line-7-civil-127",
        "scope_type": "civil_segment"
      },
      "type": "Feature"
    },
    {
      "geometry": {
        "coordinates": [
          33.15404551,
          0.41039903
        ],
        "type": "Point"
      },
      "properties": {
        "chainage_m": 2818.3,
        "civil_class": "at-grade",
        "investigation_flags": [
          "acidic-soil-durability-testing",
          "fine-soil-plasticity-and-shrink-swell-tests"
        ],
        "lat": 0.41039903,
        "line": "line-7",
        "lon": 33.15404551,
        "sample_id": "segment:line-7-civil-127:0001",
        "scope_id": "line-7-civil-127",
        "scope_type": "civil_segment"
      },
      "type": "Feature"
    },
    {
      "geometry": {
        "coordinates": [
          33.15395593,
          0.41048875
        ],
        "type": "Point"
      },
      "properties": {
        "chainage_m": 2832.4,
        "civil_class": "at-grade",
        "investigation_flags": [
          "acidic-soil-durability-testing",
          "fine-soil-plasticity-and-shrink-swell-tests"
        ],
        "lat": 0.41048875,
        "line": "line-7",
        "lon": 33.15395593,
        "sample_id": "segment:line-7-civil-127:0002",
        "scope_id": "line-7-civil-127",
        "scope_type": "civil_segment"
      },
      "type": "Feature"
    },
    {
      "geometry": {
        "coordinates": [
          33.15395593,
          0.41048875
        ],
        "type": "Point"
      },
      "properties": {
        "chainage_m": 2832.4,
        "civil_class": "elevated",
        "investigation_flags": [
          "acidic-soil-durability-testing",
          "fine-soil-plasticity-and-shrink-swell-tests"
        ],
        "lat": 0.41048875,
        "line": "line-7",
        "lon": 33.15395593,
        "sample_id": "segment:line-7-civil-128:0000",
        "scope_id": "line-7-civil-128",
        "scope_type": "civil_segment"
      },
      "type": "Feature"
    },
    {
      "geometry": {
        "coordinates": [
          33.15386604,
          0.41057879
        ],
        "type": "Point"
      },
      "properties": {
        "chainage_m": 2846.55,
        "civil_class": "elevated",
        "investigation_flags": [
          "acidic-soil-durability-testing",
          "fine-soil-plasticity-and-shrink-swell-tests"
        ],
        "lat": 0.41057879,
        "line": "line-7",
        "lon": 33.15386604,
        "sample_id": "segment:line-7-civil-128:0001",
        "scope_id": "line-7-civil-128",
        "scope_type": "civil_segment"
      },
      "type": "Feature"
    },
    {
      "geometry": {
        "coordinates": [
          33.15377615,
          0.41066883
        ],
        "type": "Point"
      },
      "properties": {
        "chainage_m": 2860.7,
        "civil_class": "elevated",
        "investigation_flags": [
          "acidic-soil-durability-testing",
          "fine-soil-plasticity-and-shrink-swell-tests"
        ],
        "lat": 0.41066883,
        "line": "line-7",
        "lon": 33.15377615,
        "sample_id": "segment:line-7-civil-128:0002",
        "scope_id": "line-7-civil-128",
        "scope_type": "civil_segment"
      },
      "type": "Feature"
    },
    {
      "geometry": {
        "coordinates": [
          33.15377615,
          0.41066883
        ],
        "type": "Point"
      },
      "properties": {
        "chainage_m": 2860.7,
        "civil_class": "at-grade",
        "investigation_flags": [
          "acidic-soil-durability-testing",
          "fine-soil-plasticity-and-shrink-swell-tests"
        ],
        "lat": 0.41066883,
        "line": "line-7",
        "lon": 33.15377615,
        "sample_id": "segment:line-7-civil-129:0000",
        "scope_id": "line-7-civil-129",
        "scope_type": "civil_segment"
      },
      "type": "Feature"
    },
    {
      "geometry": {
        "coordinates": [
          33.1533267,
          0.41111903
        ],
        "type": "Point"
      },
      "properties": {
        "chainage_m": 2931.45,
        "civil_class": "at-grade",
        "investigation_flags": [
          "acidic-soil-durability-testing",
          "fine-soil-plasticity-and-shrink-swell-tests"
        ],
        "lat": 0.41111903,
        "line": "line-7",
        "lon": 33.1533267,
        "sample_id": "segment:line-7-civil-129:0001",
        "scope_id": "line-7-civil-129",
        "scope_type": "civil_segment"
      },
      "type": "Feature"
    },
    {
      "geometry": {
        "coordinates": [
          33.15287725,
          0.41156922
        ],
        "type": "Point"
      },
      "properties": {
        "chainage_m": 3002.2,
        "civil_class": "at-grade",
        "investigation_flags": [
          "acidic-soil-durability-testing",
          "fine-soil-plasticity-and-shrink-swell-tests"
        ],
        "lat": 0.41156922,
        "line": "line-7",
        "lon": 33.15287725,
        "sample_id": "segment:line-7-civil-129:0002",
        "scope_id": "line-7-civil-129",
        "scope_type": "civil_segment"
      },
      "type": "Feature"
    },
    {
      "geometry": {
        "coordinates": [
          33.15287725,
          0.41156922
        ],
        "type": "Point"
      },
      "properties": {
        "chainage_m": 3002.2,
        "civil_class": "elevated",
        "investigation_flags": [
          "acidic-soil-durability-testing",
          "fine-soil-plasticity-and-shrink-swell-tests"
        ],
        "lat": 0.41156922,
        "line": "line-7",
        "lon": 33.15287725,
        "sample_id": "segment:line-7-civil-130:0000",
        "scope_id": "line-7-civil-130",
        "scope_type": "civil_segment"
      },
      "type": "Feature"
    },
    {
      "geometry": {
        "coordinates": [
          33.1526079,
          0.41183902
        ],
        "type": "Point"
      },
      "properties": {
        "chainage_m": 3044.6,
        "civil_class": "elevated",
        "investigation_flags": [
          "acidic-soil-durability-testing",
          "fine-soil-plasticity-and-shrink-swell-tests"
        ],
        "lat": 0.41183902,
        "line": "line-7",
        "lon": 33.1526079,
        "sample_id": "segment:line-7-civil-130:0001",
        "scope_id": "line-7-civil-130",
        "scope_type": "civil_segment"
      },
      "type": "Feature"
    },
    {
      "geometry": {
        "coordinates": [
          33.15233855,
          0.41210882
        ],
        "type": "Point"
      },
      "properties": {
        "chainage_m": 3087.0,
        "civil_class": "elevated",
        "investigation_flags": [
          "acidic-soil-durability-testing",
          "fine-soil-plasticity-and-shrink-swell-tests"
        ],
        "lat": 0.41210882,
        "line": "line-7",
        "lon": 33.15233855,
        "sample_id": "segment:line-7-civil-130:0002",
        "scope_id": "line-7-civil-130",
        "scope_type": "civil_segment"
      },
      "type": "Feature"
    },
    {
      "geometry": {
        "coordinates": [
          33.15233855,
          0.41210882
        ],
        "type": "Point"
      },
      "properties": {
        "chainage_m": 3087.0,
        "civil_class": "at-grade",
        "investigation_flags": [
          "acidic-soil-durability-testing",
          "fine-soil-plasticity-and-shrink-swell-tests"
        ],
        "lat": 0.41210882,
        "line": "line-7",
        "lon": 33.15233855,
        "sample_id": "segment:line-7-civil-131:0000",
        "scope_id": "line-7-civil-131",
        "scope_type": "civil_segment"
      },
      "type": "Feature"
    },
    {
      "geometry": {
        "coordinates": [
          33.14991279,
          0.41453861
        ],
        "type": "Point"
      },
      "properties": {
        "chainage_m": 3468.85,
        "civil_class": "at-grade",
        "investigation_flags": [
          "acidic-soil-durability-testing",
          "fine-soil-plasticity-and-shrink-swell-tests"
        ],
        "lat": 0.41453861,
        "line": "line-7",
        "lon": 33.14991279,
        "sample_id": "segment:line-7-civil-131:0001",
        "scope_id": "line-7-civil-131",
        "scope_type": "civil_segment"
      },
      "type": "Feature"
    },
    {
      "geometry": {
        "coordinates": [
          33.14748703,
          0.4169684
        ],
        "type": "Point"
      },
      "properties": {
        "chainage_m": 3850.7,
        "civil_class": "at-grade",
        "investigation_flags": [
          "acidic-soil-durability-testing",
          "fine-soil-plasticity-and-shrink-swell-tests"
        ],
        "lat": 0.4169684,
        "line": "line-7",
        "lon": 33.14748703,
        "sample_id": "segment:line-7-civil-131:0002",
        "scope_id": "line-7-civil-131",
        "scope_type": "civil_segment"
      },
      "type": "Feature"
    },
    {
      "geometry": {
        "coordinates": [
          33.14748703,
          0.4169684
        ],
        "type": "Point"
      },
      "properties": {
        "chainage_m": 3850.7,
        "civil_class": "elevated",
        "investigation_flags": [
          "acidic-soil-durability-testing",
          "fine-soil-plasticity-and-shrink-swell-tests"
        ],
        "lat": 0.4169684,
        "line": "line-7",
        "lon": 33.14748703,
        "sample_id": "segment:line-7-civil-132:0000",
        "scope_id": "line-7-civil-132",
        "scope_type": "civil_segment"
      },
      "type": "Feature"
    },
    {
      "geometry": {
        "coordinates": [
          33.14739714,
          0.41705844
        ],
        "type": "Point"
      },
      "properties": {
        "chainage_m": 3864.85,
        "civil_class": "elevated",
        "investigation_flags": [
          "acidic-soil-durability-testing",
          "fine-soil-plasticity-and-shrink-swell-tests"
        ],
        "lat": 0.41705844,
        "line": "line-7",
        "lon": 33.14739714,
        "sample_id": "segment:line-7-civil-132:0001",
        "scope_id": "line-7-civil-132",
        "scope_type": "civil_segment"
      },
      "type": "Feature"
    },
    {
      "geometry": {
        "coordinates": [
          33.14730725,
          0.41714848
        ],
        "type": "Point"
      },
      "properties": {
        "chainage_m": 3879.0,
        "civil_class": "elevated",
        "investigation_flags": [
          "acidic-soil-durability-testing",
          "fine-soil-plasticity-and-shrink-swell-tests"
        ],
        "lat": 0.41714848,
        "line": "line-7",
        "lon": 33.14730725,
        "sample_id": "segment:line-7-civil-132:0002",
        "scope_id": "line-7-civil-132",
        "scope_type": "civil_segment"
      },
      "type": "Feature"
    },
    {
      "geometry": {
        "coordinates": [
          33.14730725,
          0.41714848
        ],
        "type": "Point"
      },
      "properties": {
        "chainage_m": 3879.0,
        "civil_class": "at-grade",
        "investigation_flags": [
          "acidic-soil-durability-testing",
          "fine-soil-plasticity-and-shrink-swell-tests"
        ],
        "lat": 0.41714848,
        "line": "line-7",
        "lon": 33.14730725,
        "sample_id": "segment:line-7-civil-133:0000",
        "scope_id": "line-7-civil-133",
        "scope_type": "civil_segment"
      },
      "type": "Feature"
    },
    {
      "geometry": {
        "coordinates": [
          33.14712779,
          0.41732824
        ],
        "type": "Point"
      },
      "properties": {
        "chainage_m": 3907.25,
        "civil_class": "at-grade",
        "investigation_flags": [
          "acidic-soil-durability-testing",
          "fine-soil-plasticity-and-shrink-swell-tests"
        ],
        "lat": 0.41732824,
        "line": "line-7",
        "lon": 33.14712779,
        "sample_id": "segment:line-7-civil-133:0001",
        "scope_id": "line-7-civil-133",
        "scope_type": "civil_segment"
      },
      "type": "Feature"
    },
    {
      "geometry": {
        "coordinates": [
          33.14694832,
          0.417508
        ],
        "type": "Point"
      },
      "properties": {
        "chainage_m": 3935.5,
        "civil_class": "at-grade",
        "investigation_flags": [
          "acidic-soil-durability-testing",
          "fine-soil-plasticity-and-shrink-swell-tests"
        ],
        "lat": 0.417508,
        "line": "line-7",
        "lon": 33.14694832,
        "sample_id": "segment:line-7-civil-133:0002",
        "scope_id": "line-7-civil-133",
        "scope_type": "civil_segment"
      },
      "type": "Feature"
    },
    {
      "geometry": {
        "coordinates": [
          33.14694832,
          0.417508
        ],
        "type": "Point"
      },
      "properties": {
        "chainage_m": 3935.5,
        "civil_class": "elevated",
        "investigation_flags": [
          "acidic-soil-durability-testing",
          "fine-soil-plasticity-and-shrink-swell-tests"
        ],
        "lat": 0.417508,
        "line": "line-7",
        "lon": 33.14694832,
        "sample_id": "segment:line-7-civil-134:0000",
        "scope_id": "line-7-civil-134",
        "scope_type": "civil_segment"
      },
      "type": "Feature"
    },
    {
      "geometry": {
        "coordinates": [
          33.14667865,
          0.41777812
        ],
        "type": "Point"
      },
      "properties": {
        "chainage_m": 3977.95,
        "civil_class": "elevated",
        "investigation_flags": [
          "acidic-soil-durability-testing",
          "fine-soil-plasticity-and-shrink-swell-tests"
        ],
        "lat": 0.41777812,
        "line": "line-7",
        "lon": 33.14667865,
        "sample_id": "segment:line-7-civil-134:0001",
        "scope_id": "line-7-civil-134",
        "scope_type": "civil_segment"
      },
      "type": "Feature"
    },
    {
      "geometry": {
        "coordinates": [
          33.14640898,
          0.41804824
        ],
        "type": "Point"
      },
      "properties": {
        "chainage_m": 4020.4,
        "civil_class": "elevated",
        "investigation_flags": [
          "acidic-soil-durability-testing",
          "fine-soil-plasticity-and-shrink-swell-tests",
          "granular-density-and-groundwater-tests"
        ],
        "lat": 0.41804824,
        "line": "line-7",
        "lon": 33.14640898,
        "sample_id": "segment:line-7-civil-134:0002",
        "scope_id": "line-7-civil-134",
        "scope_type": "civil_segment"
      },
      "type": "Feature"
    },
    {
      "geometry": {
        "coordinates": [
          33.14640898,
          0.41804824
        ],
        "type": "Point"
      },
      "properties": {
        "chainage_m": 4020.4,
        "civil_class": "at-grade",
        "investigation_flags": [
          "acidic-soil-durability-testing",
          "fine-soil-plasticity-and-shrink-swell-tests",
          "granular-density-and-groundwater-tests"
        ],
        "lat": 0.41804824,
        "line": "line-7",
        "lon": 33.14640898,
        "sample_id": "segment:line-7-civil-135:0000",
        "scope_id": "line-7-civil-135",
        "scope_type": "civil_segment"
      },
      "type": "Feature"
    },
    {
      "geometry": {
        "coordinates": [
          33.14586996,
          0.41858815
        ],
        "type": "Point"
      },
      "properties": {
        "chainage_m": 4105.25,
        "civil_class": "at-grade",
        "investigation_flags": [
          "acidic-soil-durability-testing",
          "fine-soil-plasticity-and-shrink-swell-tests"
        ],
        "lat": 0.41858815,
        "line": "line-7",
        "lon": 33.14586996,
        "sample_id": "segment:line-7-civil-135:0001",
        "scope_id": "line-7-civil-135",
        "scope_type": "civil_segment"
      },
      "type": "Feature"
    },
    {
      "geometry": {
        "coordinates": [
          33.14533094,
          0.41912807
        ],
        "type": "Point"
      },
      "properties": {
        "chainage_m": 4190.1,
        "civil_class": "at-grade",
        "investigation_flags": [
          "acidic-soil-durability-testing",
          "fine-soil-plasticity-and-shrink-swell-tests",
          "granular-density-and-groundwater-tests"
        ],
        "lat": 0.41912807,
        "line": "line-7",
        "lon": 33.14533094,
        "sample_id": "segment:line-7-civil-135:0002",
        "scope_id": "line-7-civil-135",
        "scope_type": "civil_segment"
      },
      "type": "Feature"
    },
    {
      "geometry": {
        "coordinates": [
          33.14533094,
          0.41912807
        ],
        "type": "Point"
      },
      "properties": {
        "chainage_m": 4190.1,
        "civil_class": "elevated",
        "investigation_flags": [
          "acidic-soil-durability-testing",
          "fine-soil-plasticity-and-shrink-swell-tests",
          "granular-density-and-groundwater-tests"
        ],
        "lat": 0.41912807,
        "line": "line-7",
        "lon": 33.14533094,
        "sample_id": "segment:line-7-civil-136:0000",
        "scope_id": "line-7-civil-136",
        "scope_type": "civil_segment"
      },
      "type": "Feature"
    },
    {
      "geometry": {
        "coordinates": [
          33.14515116,
          0.41930815
        ],
        "type": "Point"
      },
      "properties": {
        "chainage_m": 4218.4,
        "civil_class": "elevated",
        "investigation_flags": [
          "acidic-soil-durability-testing",
          "fine-soil-plasticity-and-shrink-swell-tests",
          "granular-density-and-groundwater-tests"
        ],
        "lat": 0.41930815,
        "line": "line-7",
        "lon": 33.14515116,
        "sample_id": "segment:line-7-civil-136:0001",
        "scope_id": "line-7-civil-136",
        "scope_type": "civil_segment"
      },
      "type": "Feature"
    },
    {
      "geometry": {
        "coordinates": [
          33.14497138,
          0.41948823
        ],
        "type": "Point"
      },
      "properties": {
        "chainage_m": 4246.7,
        "civil_class": "elevated",
        "investigation_flags": [
          "acidic-soil-durability-testing",
          "fine-soil-plasticity-and-shrink-swell-tests"
        ],
        "lat": 0.41948823,
        "line": "line-7",
        "lon": 33.14497138,
        "sample_id": "segment:line-7-civil-136:0002",
        "scope_id": "line-7-civil-136",
        "scope_type": "civil_segment"
      },
      "type": "Feature"
    },
    {
      "geometry": {
        "coordinates": [
          33.14497138,
          0.41948823
        ],
        "type": "Point"
      },
      "properties": {
        "chainage_m": 4246.7,
        "civil_class": "at-grade",
        "investigation_flags": [
          "acidic-soil-durability-testing",
          "fine-soil-plasticity-and-shrink-swell-tests"
        ],
        "lat": 0.41948823,
        "line": "line-7",
        "lon": 33.14497138,
        "sample_id": "segment:line-7-civil-137:0000",
        "scope_id": "line-7-civil-137",
        "scope_type": "civil_segment"
      },
      "type": "Feature"
    },
    {
      "geometry": {
        "coordinates": [
          33.14479192,
          0.41966799
        ],
        "type": "Point"
      },
      "properties": {
        "chainage_m": 4274.95,
        "civil_class": "at-grade",
        "investigation_flags": [
          "acidic-soil-durability-testing",
          "fine-soil-plasticity-and-shrink-swell-tests"
        ],
        "lat": 0.41966799,
        "line": "line-7",
        "lon": 33.14479192,
        "sample_id": "segment:line-7-civil-137:0001",
        "scope_id": "line-7-civil-137",
        "scope_type": "civil_segment"
      },
      "type": "Feature"
    },
    {
      "geometry": {
        "coordinates": [
          33.14461245,
          0.41984775
        ],
        "type": "Point"
      },
      "properties": {
        "chainage_m": 4303.2,
        "civil_class": "at-grade",
        "investigation_flags": [
          "acidic-soil-durability-testing",
          "fine-soil-plasticity-and-shrink-swell-tests"
        ],
        "lat": 0.41984775,
        "line": "line-7",
        "lon": 33.14461245,
        "sample_id": "segment:line-7-civil-137:0002",
        "scope_id": "line-7-civil-137",
        "scope_type": "civil_segment"
      },
      "type": "Feature"
    },
    {
      "geometry": {
        "coordinates": [
          33.14461245,
          0.41984775
        ],
        "type": "Point"
      },
      "properties": {
        "chainage_m": 4303.2,
        "civil_class": "elevated",
        "investigation_flags": [
          "acidic-soil-durability-testing",
          "fine-soil-plasticity-and-shrink-swell-tests"
        ],
        "lat": 0.41984775,
        "line": "line-7",
        "lon": 33.14461245,
        "sample_id": "segment:line-7-civil-138:0000",
        "scope_id": "line-7-civil-138",
        "scope_type": "civil_segment"
      },
      "type": "Feature"
    },
    {
      "geometry": {
        "coordinates": [
          33.14452256,
          0.41993779
        ],
        "type": "Point"
      },
      "properties": {
        "chainage_m": 4317.35,
        "civil_class": "elevated",
        "investigation_flags": [
          "acidic-soil-durability-testing",
          "fine-soil-plasticity-and-shrink-swell-tests"
        ],
        "lat": 0.41993779,
        "line": "line-7",
        "lon": 33.14452256,
        "sample_id": "segment:line-7-civil-138:0001",
        "scope_id": "line-7-civil-138",
        "scope_type": "civil_segment"
      },
      "type": "Feature"
    },
    {
      "geometry": {
        "coordinates": [
          33.14443267,
          0.42002783
        ],
        "type": "Point"
      },
      "properties": {
        "chainage_m": 4331.5,
        "civil_class": "elevated",
        "investigation_flags": [
          "acidic-soil-durability-testing",
          "fine-soil-plasticity-and-shrink-swell-tests",
          "granular-density-and-groundwater-tests"
        ],
        "lat": 0.42002783,
        "line": "line-7",
        "lon": 33.14443267,
        "sample_id": "segment:line-7-civil-138:0002",
        "scope_id": "line-7-civil-138",
        "scope_type": "civil_segment"
      },
      "type": "Feature"
    },
    {
      "geometry": {
        "coordinates": [
          33.14443267,
          0.42002783
        ],
        "type": "Point"
      },
      "properties": {
        "chainage_m": 4331.5,
        "civil_class": "at-grade",
        "investigation_flags": [
          "acidic-soil-durability-testing",
          "fine-soil-plasticity-and-shrink-swell-tests",
          "granular-density-and-groundwater-tests"
        ],
        "lat": 0.42002783,
        "line": "line-7",
        "lon": 33.14443267,
        "sample_id": "segment:line-7-civil-139:0000",
        "scope_id": "line-7-civil-139",
        "scope_type": "civil_segment"
      },
      "type": "Feature"
    },
    {
      "geometry": {
        "coordinates": [
          33.14434278,
          0.42011787
        ],
        "type": "Point"
      },
      "properties": {
        "chainage_m": 4345.65,
        "civil_class": "at-grade",
        "investigation_flags": [
          "acidic-soil-durability-testing",
          "fine-soil-plasticity-and-shrink-swell-tests",
          "granular-density-and-groundwater-tests"
        ],
        "lat": 0.42011787,
        "line": "line-7",
        "lon": 33.14434278,
        "sample_id": "segment:line-7-civil-139:0001",
        "scope_id": "line-7-civil-139",
        "scope_type": "civil_segment"
      },
      "type": "Feature"
    },
    {
      "geometry": {
        "coordinates": [
          33.14425289,
          0.42020791
        ],
        "type": "Point"
      },
      "properties": {
        "chainage_m": 4359.8,
        "civil_class": "at-grade",
        "investigation_flags": [
          "acidic-soil-durability-testing",
          "fine-soil-plasticity-and-shrink-swell-tests",
          "granular-density-and-groundwater-tests"
        ],
        "lat": 0.42020791,
        "line": "line-7",
        "lon": 33.14425289,
        "sample_id": "segment:line-7-civil-139:0002",
        "scope_id": "line-7-civil-139",
        "scope_type": "civil_segment"
      },
      "type": "Feature"
    },
    {
      "geometry": {
        "coordinates": [
          33.14425289,
          0.42020791
        ],
        "type": "Point"
      },
      "properties": {
        "chainage_m": 4359.8,
        "civil_class": "elevated",
        "investigation_flags": [
          "acidic-soil-durability-testing",
          "fine-soil-plasticity-and-shrink-swell-tests",
          "granular-density-and-groundwater-tests"
        ],
        "lat": 0.42020791,
        "line": "line-7",
        "lon": 33.14425289,
        "sample_id": "segment:line-7-civil-140:0000",
        "scope_id": "line-7-civil-140",
        "scope_type": "civil_segment"
      },
      "type": "Feature"
    },
    {
      "geometry": {
        "coordinates": [
          33.144163,
          0.42029795
        ],
        "type": "Point"
      },
      "properties": {
        "chainage_m": 4373.95,
        "civil_class": "elevated",
        "investigation_flags": [
          "acidic-soil-durability-testing",
          "fine-soil-plasticity-and-shrink-swell-tests",
          "granular-density-and-groundwater-tests"
        ],
        "lat": 0.42029795,
        "line": "line-7",
        "lon": 33.144163,
        "sample_id": "segment:line-7-civil-140:0001",
        "scope_id": "line-7-civil-140",
        "scope_type": "civil_segment"
      },
      "type": "Feature"
    },
    {
      "geometry": {
        "coordinates": [
          33.14407311,
          0.42038799
        ],
        "type": "Point"
      },
      "properties": {
        "chainage_m": 4388.1,
        "civil_class": "elevated",
        "investigation_flags": [
          "acidic-soil-durability-testing",
          "fine-soil-plasticity-and-shrink-swell-tests",
          "granular-density-and-groundwater-tests"
        ],
        "lat": 0.42038799,
        "line": "line-7",
        "lon": 33.14407311,
        "sample_id": "segment:line-7-civil-140:0002",
        "scope_id": "line-7-civil-140",
        "scope_type": "civil_segment"
      },
      "type": "Feature"
    },
    {
      "geometry": {
        "coordinates": [
          33.14407311,
          0.42038799
        ],
        "type": "Point"
      },
      "properties": {
        "chainage_m": 4388.1,
        "civil_class": "at-grade",
        "investigation_flags": [
          "acidic-soil-durability-testing",
          "fine-soil-plasticity-and-shrink-swell-tests",
          "granular-density-and-groundwater-tests"
        ],
        "lat": 0.42038799,
        "line": "line-7",
        "lon": 33.14407311,
        "sample_id": "segment:line-7-civil-141:0000",
        "scope_id": "line-7-civil-141",
        "scope_type": "civil_segment"
      },
      "type": "Feature"
    },
    {
      "geometry": {
        "coordinates": [
          33.14389333,
          0.42056807
        ],
        "type": "Point"
      },
      "properties": {
        "chainage_m": 4416.4,
        "civil_class": "at-grade",
        "investigation_flags": [
          "acidic-soil-durability-testing",
          "fine-soil-plasticity-and-shrink-swell-tests",
          "granular-density-and-groundwater-tests"
        ],
        "lat": 0.42056807,
        "line": "line-7",
        "lon": 33.14389333,
        "sample_id": "segment:line-7-civil-141:0001",
        "scope_id": "line-7-civil-141",
        "scope_type": "civil_segment"
      },
      "type": "Feature"
    },
    {
      "geometry": {
        "coordinates": [
          33.14371355,
          0.42074814
        ],
        "type": "Point"
      },
      "properties": {
        "chainage_m": 4444.7,
        "civil_class": "at-grade",
        "investigation_flags": [
          "acidic-soil-durability-testing",
          "fine-soil-plasticity-and-shrink-swell-tests",
          "granular-density-and-groundwater-tests"
        ],
        "lat": 0.42074814,
        "line": "line-7",
        "lon": 33.14371355,
        "sample_id": "segment:line-7-civil-141:0002",
        "scope_id": "line-7-civil-141",
        "scope_type": "civil_segment"
      },
      "type": "Feature"
    },
    {
      "geometry": {
        "coordinates": [
          33.14371355,
          0.42074814
        ],
        "type": "Point"
      },
      "properties": {
        "chainage_m": 4444.7,
        "civil_class": "elevated",
        "investigation_flags": [
          "acidic-soil-durability-testing",
          "fine-soil-plasticity-and-shrink-swell-tests",
          "granular-density-and-groundwater-tests"
        ],
        "lat": 0.42074814,
        "line": "line-7",
        "lon": 33.14371355,
        "sample_id": "segment:line-7-civil-142:0000",
        "scope_id": "line-7-civil-142",
        "scope_type": "civil_segment"
      },
      "type": "Feature"
    },
    {
      "geometry": {
        "coordinates": [
          33.14362398,
          0.42083787
        ],
        "type": "Point"
      },
      "properties": {
        "chainage_m": 4458.8,
        "civil_class": "elevated",
        "investigation_flags": [
          "acidic-soil-durability-testing",
          "fine-soil-plasticity-and-shrink-swell-tests",
          "granular-density-and-groundwater-tests"
        ],
        "lat": 0.42083787,
        "line": "line-7",
        "lon": 33.14362398,
        "sample_id": "segment:line-7-civil-142:0001",
        "scope_id": "line-7-civil-142",
        "scope_type": "civil_segment"
      },
      "type": "Feature"
    },
    {
      "geometry": {
        "coordinates": [
          33.14353441,
          0.42092759
        ],
        "type": "Point"
      },
      "properties": {
        "chainage_m": 4472.9,
        "civil_class": "elevated",
        "investigation_flags": [
          "acidic-soil-durability-testing",
          "fine-soil-plasticity-and-shrink-swell-tests",
          "granular-density-and-groundwater-tests"
        ],
        "lat": 0.42092759,
        "line": "line-7",
        "lon": 33.14353441,
        "sample_id": "segment:line-7-civil-142:0002",
        "scope_id": "line-7-civil-142",
        "scope_type": "civil_segment"
      },
      "type": "Feature"
    },
    {
      "geometry": {
        "coordinates": [
          33.14353441,
          0.42092759
        ],
        "type": "Point"
      },
      "properties": {
        "chainage_m": 4472.9,
        "civil_class": "at-grade",
        "investigation_flags": [
          "acidic-soil-durability-testing",
          "fine-soil-plasticity-and-shrink-swell-tests",
          "granular-density-and-groundwater-tests"
        ],
        "lat": 0.42092759,
        "line": "line-7",
        "lon": 33.14353441,
        "sample_id": "segment:line-7-civil-143:0000",
        "scope_id": "line-7-civil-143",
        "scope_type": "civil_segment"
      },
      "type": "Feature"
    },
    {
      "geometry": {
        "coordinates": [
          33.14299539,
          0.4214675
        ],
        "type": "Point"
      },
      "properties": {
        "chainage_m": 4557.75,
        "civil_class": "at-grade",
        "investigation_flags": [
          "acidic-soil-durability-testing",
          "fine-soil-plasticity-and-shrink-swell-tests",
          "granular-density-and-groundwater-tests"
        ],
        "lat": 0.4214675,
        "line": "line-7",
        "lon": 33.14299539,
        "sample_id": "segment:line-7-civil-143:0001",
        "scope_id": "line-7-civil-143",
        "scope_type": "civil_segment"
      },
      "type": "Feature"
    },
    {
      "geometry": {
        "coordinates": [
          33.14245636,
          0.42200742
        ],
        "type": "Point"
      },
      "properties": {
        "chainage_m": 4642.6,
        "civil_class": "at-grade",
        "investigation_flags": [
          "acidic-soil-durability-testing",
          "fine-soil-plasticity-and-shrink-swell-tests",
          "granular-density-and-groundwater-tests"
        ],
        "lat": 0.42200742,
        "line": "line-7",
        "lon": 33.14245636,
        "sample_id": "segment:line-7-civil-143:0002",
        "scope_id": "line-7-civil-143",
        "scope_type": "civil_segment"
      },
      "type": "Feature"
    },
    {
      "geometry": {
        "coordinates": [
          33.14245636,
          0.42200742
        ],
        "type": "Point"
      },
      "properties": {
        "chainage_m": 4642.6,
        "civil_class": "elevated",
        "investigation_flags": [
          "acidic-soil-durability-testing",
          "fine-soil-plasticity-and-shrink-swell-tests",
          "granular-density-and-groundwater-tests"
        ],
        "lat": 0.42200742,
        "line": "line-7",
        "lon": 33.14245636,
        "sample_id": "segment:line-7-civil-144:0000",
        "scope_id": "line-7-civil-144",
        "scope_type": "civil_segment"
      },
      "type": "Feature"
    },
    {
      "geometry": {
        "coordinates": [
          33.14218669,
          0.42227754
        ],
        "type": "Point"
      },
      "properties": {
        "chainage_m": 4685.05,
        "civil_class": "elevated",
        "investigation_flags": [
          "acidic-soil-durability-testing",
          "fine-soil-plasticity-and-shrink-swell-tests",
          "granular-density-and-groundwater-tests"
        ],
        "lat": 0.42227754,
        "line": "line-7",
        "lon": 33.14218669,
        "sample_id": "segment:line-7-civil-144:0001",
        "scope_id": "line-7-civil-144",
        "scope_type": "civil_segment"
      },
      "type": "Feature"
    },
    {
      "geometry": {
        "coordinates": [
          33.14191702,
          0.42254766
        ],
        "type": "Point"
      },
      "properties": {
        "chainage_m": 4727.5,
        "civil_class": "elevated",
        "investigation_flags": [
          "acidic-soil-durability-testing",
          "fine-soil-plasticity-and-shrink-swell-tests",
          "granular-density-and-groundwater-tests"
        ],
        "lat": 0.42254766,
        "line": "line-7",
        "lon": 33.14191702,
        "sample_id": "segment:line-7-civil-144:0002",
        "scope_id": "line-7-civil-144",
        "scope_type": "civil_segment"
      },
      "type": "Feature"
    },
    {
      "geometry": {
        "coordinates": [
          33.14191702,
          0.42254766
        ],
        "type": "Point"
      },
      "properties": {
        "chainage_m": 4727.5,
        "civil_class": "elevated",
        "investigation_flags": [
          "acidic-soil-durability-testing",
          "fine-soil-plasticity-and-shrink-swell-tests",
          "granular-density-and-groundwater-tests"
        ],
        "lat": 0.42254766,
        "line": "line-7",
        "lon": 33.14191702,
        "sample_id": "segment:line-7-civil-145:0000",
        "scope_id": "line-7-civil-145",
        "scope_type": "civil_segment"
      },
      "type": "Feature"
    },
    {
      "geometry": {
        "coordinates": [
          33.14182713,
          0.4226377
        ],
        "type": "Point"
      },
      "properties": {
        "chainage_m": 4741.65,
        "civil_class": "elevated",
        "investigation_flags": [
          "acidic-soil-durability-testing",
          "fine-soil-plasticity-and-shrink-swell-tests",
          "granular-density-and-groundwater-tests"
        ],
        "lat": 0.4226377,
        "line": "line-7",
        "lon": 33.14182713,
        "sample_id": "segment:line-7-civil-145:0001",
        "scope_id": "line-7-civil-145",
        "scope_type": "civil_segment"
      },
      "type": "Feature"
    },
    {
      "geometry": {
        "coordinates": [
          33.14173754,
          0.42272786
        ],
        "type": "Point"
      },
      "properties": {
        "chainage_m": 4755.8,
        "civil_class": "elevated",
        "investigation_flags": [
          "acidic-soil-durability-testing",
          "fine-soil-plasticity-and-shrink-swell-tests",
          "granular-density-and-groundwater-tests"
        ],
        "lat": 0.42272786,
        "line": "line-7",
        "lon": 33.14173754,
        "sample_id": "segment:line-7-civil-145:0002",
        "scope_id": "line-7-civil-145",
        "scope_type": "civil_segment"
      },
      "type": "Feature"
    },
    {
      "geometry": {
        "coordinates": [
          33.14173754,
          0.42272786
        ],
        "type": "Point"
      },
      "properties": {
        "chainage_m": 4755.8,
        "civil_class": "at-grade",
        "investigation_flags": [
          "acidic-soil-durability-testing",
          "fine-soil-plasticity-and-shrink-swell-tests",
          "granular-density-and-groundwater-tests"
        ],
        "lat": 0.42272786,
        "line": "line-7",
        "lon": 33.14173754,
        "sample_id": "segment:line-7-civil-146:0000",
        "scope_id": "line-7-civil-146",
        "scope_type": "civil_segment"
      },
      "type": "Feature"
    },
    {
      "geometry": {
        "coordinates": [
          33.14173754,
          0.4229976
        ],
        "type": "Point"
      },
      "properties": {
        "chainage_m": 4785.8,
        "civil_class": "at-grade",
        "investigation_flags": [
          "acidic-soil-durability-testing",
          "fine-soil-plasticity-and-shrink-swell-tests",
          "granular-density-and-groundwater-tests"
        ],
        "lat": 0.4229976,
        "line": "line-7",
        "lon": 33.14173754,
        "sample_id": "segment:line-7-civil-146:0001",
        "scope_id": "line-7-civil-146",
        "scope_type": "civil_segment"
      },
      "type": "Feature"
    },
    {
      "geometry": {
        "coordinates": [
          33.14173754,
          0.42326734
        ],
        "type": "Point"
      },
      "properties": {
        "chainage_m": 4815.8,
        "civil_class": "at-grade",
        "investigation_flags": [
          "acidic-soil-durability-testing",
          "fine-soil-plasticity-and-shrink-swell-tests",
          "granular-density-and-groundwater-tests"
        ],
        "lat": 0.42326734,
        "line": "line-7",
        "lon": 33.14173754,
        "sample_id": "segment:line-7-civil-146:0002",
        "scope_id": "line-7-civil-146",
        "scope_type": "civil_segment"
      },
      "type": "Feature"
    },
    {
      "geometry": {
        "coordinates": [
          33.23354775,
          0.45710098
        ],
        "type": "Point"
      },
      "properties": {
        "chainage_m": 0.0,
        "civil_class": "elevated",
        "investigation_flags": [
          "acidic-soil-durability-testing",
          "fine-soil-plasticity-and-shrink-swell-tests"
        ],
        "lat": 0.45710098,
        "line": "line-8",
        "lon": 33.23354775,
        "sample_id": "segment:line-8-civil-147:0000",
        "scope_id": "line-8-civil-147",
        "scope_type": "civil_segment"
      },
      "type": "Feature"
    },
    {
      "geometry": {
        "coordinates": [
          33.23363767,
          0.45710098
        ],
        "type": "Point"
      },
      "properties": {
        "chainage_m": 10.0,
        "civil_class": "elevated",
        "investigation_flags": [
          "acidic-soil-durability-testing",
          "fine-soil-plasticity-and-shrink-swell-tests"
        ],
        "lat": 0.45710098,
        "line": "line-8",
        "lon": 33.23363767,
        "sample_id": "segment:line-8-civil-147:0001",
        "scope_id": "line-8-civil-147",
        "scope_type": "civil_segment"
      },
      "type": "Feature"
    },
    {
      "geometry": {
        "coordinates": [
          33.23372753,
          0.45710086
        ],
        "type": "Point"
      },
      "properties": {
        "chainage_m": 20.0,
        "civil_class": "elevated",
        "investigation_flags": [
          "acidic-soil-durability-testing",
          "fine-soil-plasticity-and-shrink-swell-tests"
        ],
        "lat": 0.45710086,
        "line": "line-8",
        "lon": 33.23372753,
        "sample_id": "segment:line-8-civil-147:0002",
        "scope_id": "line-8-civil-147",
        "scope_type": "civil_segment"
      },
      "type": "Feature"
    },
    {
      "geometry": {
        "coordinates": [
          33.23372753,
          0.45710086
        ],
        "type": "Point"
      },
      "properties": {
        "chainage_m": 20.0,
        "civil_class": "elevated",
        "investigation_flags": [
          "acidic-soil-durability-testing",
          "fine-soil-plasticity-and-shrink-swell-tests"
        ],
        "lat": 0.45710086,
        "line": "line-8",
        "lon": 33.23372753,
        "sample_id": "segment:line-8-civil-148:0000",
        "scope_id": "line-8-civil-148",
        "scope_type": "civil_segment"
      },
      "type": "Feature"
    },
    {
      "geometry": {
        "coordinates": [
          33.23381743,
          0.45701082
        ],
        "type": "Point"
      },
      "properties": {
        "chainage_m": 34.15,
        "civil_class": "elevated",
        "investigation_flags": [
          "acidic-soil-durability-testing",
          "fine-soil-plasticity-and-shrink-swell-tests"
        ],
        "lat": 0.45701082,
        "line": "line-8",
        "lon": 33.23381743,
        "sample_id": "segment:line-8-civil-148:0001",
        "scope_id": "line-8-civil-148",
        "scope_type": "civil_segment"
      },
      "type": "Feature"
    },
    {
      "geometry": {
        "coordinates": [
          33.23390732,
          0.45692078
        ],
        "type": "Point"
      },
      "properties": {
        "chainage_m": 48.3,
        "civil_class": "elevated",
        "investigation_flags": [
          "acidic-soil-durability-testing",
          "fine-soil-plasticity-and-shrink-swell-tests"
        ],
        "lat": 0.45692078,
        "line": "line-8",
        "lon": 33.23390732,
        "sample_id": "segment:line-8-civil-148:0002",
        "scope_id": "line-8-civil-148",
        "scope_type": "civil_segment"
      },
      "type": "Feature"
    },
    {
      "geometry": {
        "coordinates": [
          33.23390732,
          0.45692078
        ],
        "type": "Point"
      },
      "properties": {
        "chainage_m": 48.3,
        "civil_class": "elevated",
        "investigation_flags": [
          "acidic-soil-durability-testing",
          "fine-soil-plasticity-and-shrink-swell-tests"
        ],
        "lat": 0.45692078,
        "line": "line-8",
        "lon": 33.23390732,
        "sample_id": "segment:line-8-civil-149:0000",
        "scope_id": "line-8-civil-149",
        "scope_type": "civil_segment"
      },
      "type": "Feature"
    },
    {
      "geometry": {
        "coordinates": [
          33.23399721,
          0.45683073
        ],
        "type": "Point"
      },
      "properties": {
        "chainage_m": 62.45,
        "civil_class": "elevated",
        "investigation_flags": [
          "acidic-soil-durability-testing",
          "fine-soil-plasticity-and-shrink-swell-tests"
        ],
        "lat": 0.45683073,
        "line": "line-8",
        "lon": 33.23399721,
        "sample_id": "segment:line-8-civil-149:0001",
        "scope_id": "line-8-civil-149",
        "scope_type": "civil_segment"
      },
      "type": "Feature"
    },
    {
      "geometry": {
        "coordinates": [
          33.2340871,
          0.45674069
        ],
        "type": "Point"
      },
      "properties": {
        "chainage_m": 76.6,
        "civil_class": "elevated",
        "investigation_flags": [
          "acidic-soil-durability-testing",
          "fine-soil-plasticity-and-shrink-swell-tests"
        ],
        "lat": 0.45674069,
        "line": "line-8",
        "lon": 33.2340871,
        "sample_id": "segment:line-8-civil-149:0002",
        "scope_id": "line-8-civil-149",
        "scope_type": "civil_segment"
      },
      "type": "Feature"
    },
    {
      "geometry": {
        "coordinates": [
          33.2340871,
          0.45674069
        ],
        "type": "Point"
      },
      "properties": {
        "chainage_m": 76.6,
        "civil_class": "elevated",
        "investigation_flags": [
          "acidic-soil-durability-testing",
          "fine-soil-plasticity-and-shrink-swell-tests"
        ],
        "lat": 0.45674069,
        "line": "line-8",
        "lon": 33.2340871,
        "sample_id": "segment:line-8-civil-150:0000",
        "scope_id": "line-8-civil-150",
        "scope_type": "civil_segment"
      },
      "type": "Feature"
    },
    {
      "geometry": {
        "coordinates": [
          33.23732133,
          0.45350109
        ],
        "type": "Point"
      },
      "properties": {
        "chainage_m": 585.7,
        "civil_class": "elevated",
        "investigation_flags": [
          "acidic-soil-durability-testing",
          "fine-soil-plasticity-and-shrink-swell-tests"
        ],
        "lat": 0.45350109,
        "line": "line-8",
        "lon": 33.23732133,
        "sample_id": "segment:line-8-civil-150:0001",
        "scope_id": "line-8-civil-150",
        "scope_type": "civil_segment"
      },
      "type": "Feature"
    },
    {
      "geometry": {
        "coordinates": [
          33.24045529,
          0.45036193
        ],
        "type": "Point"
      },
      "properties": {
        "chainage_m": 1079.017,
        "civil_class": "elevated",
        "investigation_flags": [
          "acidic-soil-durability-testing",
          "fine-soil-plasticity-and-shrink-swell-tests"
        ],
        "lat": 0.45036193,
        "line": "line-8",
        "lon": 33.24045529,
        "sample_id": "segment:line-8-civil-150:0002",
        "scope_id": "line-8-civil-150",
        "scope_type": "civil_segment"
      },
      "type": "Feature"
    },
    {
      "geometry": {
        "coordinates": [
          33.24055556,
          0.4502615
        ],
        "type": "Point"
      },
      "properties": {
        "chainage_m": 1094.8,
        "civil_class": "elevated",
        "investigation_flags": [
          "acidic-soil-durability-testing",
          "fine-soil-plasticity-and-shrink-swell-tests"
        ],
        "lat": 0.4502615,
        "line": "line-8",
        "lon": 33.24055556,
        "sample_id": "segment:line-8-civil-150:0003",
        "scope_id": "line-8-civil-150",
        "scope_type": "civil_segment"
      },
      "type": "Feature"
    },
    {
      "geometry": {
        "coordinates": [
          33.24055556,
          0.4502615
        ],
        "type": "Point"
      },
      "properties": {
        "chainage_m": 1094.8,
        "civil_class": "elevated",
        "investigation_flags": [
          "acidic-soil-durability-testing",
          "fine-soil-plasticity-and-shrink-swell-tests"
        ],
        "lat": 0.4502615,
        "line": "line-8",
        "lon": 33.24055556,
        "sample_id": "segment:line-8-civil-151:0000",
        "scope_id": "line-8-civil-151",
        "scope_type": "civil_segment"
      },
      "type": "Feature"
    },
    {
      "geometry": {
        "coordinates": [
          33.24073446,
          0.44954155
        ],
        "type": "Point"
      },
      "properties": {
        "chainage_m": 1183.1,
        "civil_class": "elevated",
        "investigation_flags": [
          "acidic-soil-durability-testing",
          "fine-soil-plasticity-and-shrink-swell-tests"
        ],
        "lat": 0.44954155,
        "line": "line-8",
        "lon": 33.24073446,
        "sample_id": "segment:line-8-civil-151:0001",
        "scope_id": "line-8-civil-151",
        "scope_type": "civil_segment"
      },
      "type": "Feature"
    },
    {
      "geometry": {
        "coordinates": [
          33.24055435,
          0.4488221
        ],
        "type": "Point"
      },
      "properties": {
        "chainage_m": 1271.4,
        "civil_class": "elevated",
        "investigation_flags": [
          "acidic-soil-durability-testing",
          "fine-soil-plasticity-and-shrink-swell-tests"
        ],
        "lat": 0.4488221,
        "line": "line-8",
        "lon": 33.24055435,
        "sample_id": "segment:line-8-civil-151:0002",
        "scope_id": "line-8-civil-151",
        "scope_type": "civil_segment"
      },
      "type": "Feature"
    },
    {
      "geometry": {
        "coordinates": [
          33.24055435,
          0.4488221
        ],
        "type": "Point"
      },
      "properties": {
        "chainage_m": 1271.4,
        "civil_class": "elevated",
        "investigation_flags": [
          "acidic-soil-durability-testing",
          "fine-soil-plasticity-and-shrink-swell-tests"
        ],
        "lat": 0.4488221,
        "line": "line-8",
        "lon": 33.24055435,
        "sample_id": "segment:line-8-civil-152:0000",
        "scope_id": "line-8-civil-152",
        "scope_type": "civil_segment"
      },
      "type": "Feature"
    },
    {
      "geometry": {
        "coordinates": [
          33.24046446,
          0.44873206
        ],
        "type": "Point"
      },
      "properties": {
        "chainage_m": 1285.55,
        "civil_class": "elevated",
        "investigation_flags": [
          "acidic-soil-durability-testing",
          "fine-soil-plasticity-and-shrink-swell-tests"
        ],
        "lat": 0.44873206,
        "line": "line-8",
        "lon": 33.24046446,
        "sample_id": "segment:line-8-civil-152:0001",
        "scope_id": "line-8-civil-152",
        "scope_type": "civil_segment"
      },
      "type": "Feature"
    },
    {
      "geometry": {
        "coordinates": [
          33.24037512,
          0.44864179
        ],
        "type": "Point"
      },
      "properties": {
        "chainage_m": 1299.7,
        "civil_class": "elevated",
        "investigation_flags": [
          "acidic-soil-durability-testing",
          "fine-soil-plasticity-and-shrink-swell-tests"
        ],
        "lat": 0.44864179,
        "line": "line-8",
        "lon": 33.24037512,
        "sample_id": "segment:line-8-civil-152:0002",
        "scope_id": "line-8-civil-152",
        "scope_type": "civil_segment"
      },
      "type": "Feature"
    },
    {
      "geometry": {
        "coordinates": [
          33.24037512,
          0.44864179
        ],
        "type": "Point"
      },
      "properties": {
        "chainage_m": 1299.7,
        "civil_class": "elevated",
        "investigation_flags": [
          "acidic-soil-durability-testing",
          "fine-soil-plasticity-and-shrink-swell-tests"
        ],
        "lat": 0.44864179,
        "line": "line-8",
        "lon": 33.24037512,
        "sample_id": "segment:line-8-civil-153:0000",
        "scope_id": "line-8-civil-153",
        "scope_type": "civil_segment"
      },
      "type": "Feature"
    },
    {
      "geometry": {
        "coordinates": [
          33.24037512,
          0.44837204
        ],
        "type": "Point"
      },
      "properties": {
        "chainage_m": 1329.7,
        "civil_class": "elevated",
        "investigation_flags": [
          "acidic-soil-durability-testing",
          "fine-soil-plasticity-and-shrink-swell-tests"
        ],
        "lat": 0.44837204,
        "line": "line-8",
        "lon": 33.24037512,
        "sample_id": "segment:line-8-civil-153:0001",
        "scope_id": "line-8-civil-153",
        "scope_type": "civil_segment"
      },
      "type": "Feature"
    },
    {
      "geometry": {
        "coordinates": [
          33.24037512,
          0.44810229
        ],
        "type": "Point"
      },
      "properties": {
        "chainage_m": 1359.7,
        "civil_class": "elevated",
        "investigation_flags": [
          "acidic-soil-durability-testing",
          "fine-soil-plasticity-and-shrink-swell-tests"
        ],
        "lat": 0.44810229,
        "line": "line-8",
        "lon": 33.24037512,
        "sample_id": "segment:line-8-civil-153:0002",
        "scope_id": "line-8-civil-153",
        "scope_type": "civil_segment"
      },
      "type": "Feature"
    },
    {
      "geometry": {
        "coordinates": [
          33.24037512,
          0.44810229
        ],
        "type": "Point"
      },
      "properties": {
        "chainage_m": 1359.7,
        "civil_class": "elevated",
        "investigation_flags": [
          "acidic-soil-durability-testing",
          "fine-soil-plasticity-and-shrink-swell-tests"
        ],
        "lat": 0.44810229,
        "line": "line-8",
        "lon": 33.24037512,
        "sample_id": "segment:line-8-civil-154:0000",
        "scope_id": "line-8-civil-154",
        "scope_type": "civil_segment"
      },
      "type": "Feature"
    },
    {
      "geometry": {
        "coordinates": [
          33.24019545,
          0.44715111
        ],
        "type": "Point"
      },
      "properties": {
        "chainage_m": 1473.8,
        "civil_class": "elevated",
        "investigation_flags": [
          "acidic-soil-durability-testing",
          "fine-soil-plasticity-and-shrink-swell-tests"
        ],
        "lat": 0.44715111,
        "line": "line-8",
        "lon": 33.24019545,
        "sample_id": "segment:line-8-civil-154:0001",
        "scope_id": "line-8-civil-154",
        "scope_type": "civil_segment"
      },
      "type": "Feature"
    },
    {
      "geometry": {
        "coordinates": [
          33.24019545,
          0.44612474
        ],
        "type": "Point"
      },
      "properties": {
        "chainage_m": 1587.9,
        "civil_class": "elevated",
        "investigation_flags": [
          "acidic-soil-durability-testing",
          "fine-soil-plasticity-and-shrink-swell-tests"
        ],
        "lat": 0.44612474,
        "line": "line-8",
        "lon": 33.24019545,
        "sample_id": "segment:line-8-civil-154:0002",
        "scope_id": "line-8-civil-154",
        "scope_type": "civil_segment"
      },
      "type": "Feature"
    },
    {
      "geometry": {
        "coordinates": [
          33.24019545,
          0.44612474
        ],
        "type": "Point"
      },
      "properties": {
        "chainage_m": 1587.9,
        "civil_class": "elevated",
        "investigation_flags": [
          "acidic-soil-durability-testing",
          "fine-soil-plasticity-and-shrink-swell-tests"
        ],
        "lat": 0.44612474,
        "line": "line-8",
        "lon": 33.24019545,
        "sample_id": "segment:line-8-civil-155:0000",
        "scope_id": "line-8-civil-155",
        "scope_type": "civil_segment"
      },
      "type": "Feature"
    },
    {
      "geometry": {
        "coordinates": [
          33.24019545,
          0.44559968
        ],
        "type": "Point"
      },
      "properties": {
        "chainage_m": 1646.2,
        "civil_class": "elevated",
        "investigation_flags": [
          "acidic-soil-durability-testing",
          "fine-soil-plasticity-and-shrink-swell-tests"
        ],
        "lat": 0.44559968,
        "line": "line-8",
        "lon": 33.24019545,
        "sample_id": "segment:line-8-civil-155:0001",
        "scope_id": "line-8-civil-155",
        "scope_type": "civil_segment"
      },
      "type": "Feature"
    },
    {
      "geometry": {
        "coordinates": [
          33.23983737,
          0.44522446
        ],
        "type": "Point"
      },
      "properties": {
        "chainage_m": 1704.5,
        "civil_class": "elevated",
        "investigation_flags": [
          "acidic-soil-durability-testing",
          "fine-soil-plasticity-and-shrink-swell-tests"
        ],
        "lat": 0.44522446,
        "line": "line-8",
        "lon": 33.23983737,
        "sample_id": "segment:line-8-civil-155:0002",
        "scope_id": "line-8-civil-155",
        "scope_type": "civil_segment"
      },
      "type": "Feature"
    },
    {
      "geometry": {
        "coordinates": [
          33.23983737,
          0.44522446
        ],
        "type": "Point"
      },
      "properties": {
        "chainage_m": 1704.5,
        "civil_class": "elevated",
        "investigation_flags": [
          "acidic-soil-durability-testing",
          "fine-soil-plasticity-and-shrink-swell-tests"
        ],
        "lat": 0.44522446,
        "line": "line-8",
        "lon": 33.23983737,
        "sample_id": "segment:line-8-civil-156:0000",
        "scope_id": "line-8-civil-156",
        "scope_type": "civil_segment"
      },
      "type": "Feature"
    },
    {
      "geometry": {
        "coordinates": [
          33.23359591,
          0.43879267
        ],
        "type": "Point"
      },
      "properties": {
        "chainage_m": 2706.95,
        "civil_class": "elevated",
        "investigation_flags": [
          "acidic-soil-durability-testing",
          "fine-soil-plasticity-and-shrink-swell-tests"
        ],
        "lat": 0.43879267,
        "line": "line-8",
        "lon": 33.23359591,
        "sample_id": "segment:line-8-civil-156:0001",
        "scope_id": "line-8-civil-156",
        "scope_type": "civil_segment"
      },
      "type": "Feature"
    },
    {
      "geometry": {
        "coordinates": [
          33.2335219,
          0.43871854
        ],
        "type": "Point"
      },
      "properties": {
        "chainage_m": 2718.6,
        "civil_class": "elevated",
        "investigation_flags": [
          "acidic-soil-durability-testing",
          "fine-soil-plasticity-and-shrink-swell-tests"
        ],
        "lat": 0.43871854,
        "line": "line-8",
        "lon": 33.2335219,
        "sample_id": "segment:line-8-civil-156:0002",
        "scope_id": "line-8-civil-156",
        "scope_type": "civil_segment"
      },
      "type": "Feature"
    },
    {
      "geometry": {
        "coordinates": [
          33.22722773,
          0.43241392
        ],
        "type": "Point"
      },
      "properties": {
        "chainage_m": 3709.399,
        "civil_class": "elevated",
        "investigation_flags": [
          "acidic-soil-durability-testing",
          "fine-soil-plasticity-and-shrink-swell-tests"
        ],
        "lat": 0.43241392,
        "line": "line-8",
        "lon": 33.22722773,
        "sample_id": "segment:line-8-civil-156:0003",
        "scope_id": "line-8-civil-156",
        "scope_type": "civil_segment"
      },
      "type": "Feature"
    },
    {
      "geometry": {
        "coordinates": [
          33.22707971,
          0.43226565
        ],
        "type": "Point"
      },
      "properties": {
        "chainage_m": 3732.7,
        "civil_class": "elevated",
        "investigation_flags": [
          "acidic-soil-durability-testing",
          "fine-soil-plasticity-and-shrink-swell-tests"
        ],
        "lat": 0.43226565,
        "line": "line-8",
        "lon": 33.22707971,
        "sample_id": "segment:line-8-civil-156:0004",
        "scope_id": "line-8-civil-156",
        "scope_type": "civil_segment"
      },
      "type": "Feature"
    },
    {
      "geometry": {
        "coordinates": [
          33.19312251,
          0.40437089
        ],
        "type": "Point"
      },
      "properties": {
        "chainage_m": 0.0,
        "civil_class": "elevated",
        "investigation_flags": [
          "acidic-soil-durability-testing",
          "fine-soil-plasticity-and-shrink-swell-tests"
        ],
        "lat": 0.40437089,
        "line": "line-9",
        "lon": 33.19312251,
        "sample_id": "segment:line-9-civil-157:0000",
        "scope_id": "line-9-civil-157",
        "scope_type": "civil_segment"
      },
      "type": "Feature"
    },
    {
      "geometry": {
        "coordinates": [
          33.19312251,
          0.40203344
        ],
        "type": "Point"
      },
      "properties": {
        "chainage_m": 260.0,
        "civil_class": "elevated",
        "investigation_flags": [
          "acidic-soil-durability-testing",
          "fine-soil-plasticity-and-shrink-swell-tests"
        ],
        "lat": 0.40203344,
        "line": "line-9",
        "lon": 33.19312251,
        "sample_id": "segment:line-9-civil-157:0001",
        "scope_id": "line-9-civil-157",
        "scope_type": "civil_segment"
      },
      "type": "Feature"
    },
    {
      "geometry": {
        "coordinates": [
          33.19312251,
          0.39969599
        ],
        "type": "Point"
      },
      "properties": {
        "chainage_m": 520.0,
        "civil_class": "elevated",
        "investigation_flags": [
          "acidic-soil-durability-testing",
          "fine-soil-plasticity-and-shrink-swell-tests"
        ],
        "lat": 0.39969599,
        "line": "line-9",
        "lon": 33.19312251,
        "sample_id": "segment:line-9-civil-157:0002",
        "scope_id": "line-9-civil-157",
        "scope_type": "civil_segment"
      },
      "type": "Feature"
    },
    {
      "geometry": {
        "coordinates": [
          33.19312251,
          0.39969599
        ],
        "type": "Point"
      },
      "properties": {
        "chainage_m": 520.0,
        "civil_class": "at-grade",
        "investigation_flags": [
          "acidic-soil-durability-testing",
          "fine-soil-plasticity-and-shrink-swell-tests"
        ],
        "lat": 0.39969599,
        "line": "line-9",
        "lon": 33.19312251,
        "sample_id": "segment:line-9-civil-158:0000",
        "scope_id": "line-9-civil-158",
        "scope_type": "civil_segment"
      },
      "type": "Feature"
    },
    {
      "geometry": {
        "coordinates": [
          33.19180423,
          0.39675161
        ],
        "type": "Point"
      },
      "properties": {
        "chainage_m": 907.3,
        "civil_class": "at-grade",
        "investigation_flags": [
          "acidic-soil-durability-testing",
          "fine-soil-plasticity-and-shrink-swell-tests"
        ],
        "lat": 0.39675161,
        "line": "line-9",
        "lon": 33.19180423,
        "sample_id": "segment:line-9-civil-158:0001",
        "scope_id": "line-9-civil-158",
        "scope_type": "civil_segment"
      },
      "type": "Feature"
    },
    {
      "geometry": {
        "coordinates": [
          33.19455682,
          0.39645238
        ],
        "type": "Point"
      },
      "properties": {
        "chainage_m": 1294.6,
        "civil_class": "at-grade",
        "investigation_flags": [
          "acidic-soil-durability-testing",
          "fine-soil-plasticity-and-shrink-swell-tests"
        ],
        "lat": 0.39645238,
        "line": "line-9",
        "lon": 33.19455682,
        "sample_id": "segment:line-9-civil-158:0002",
        "scope_id": "line-9-civil-158",
        "scope_type": "civil_segment"
      },
      "type": "Feature"
    },
    {
      "geometry": {
        "coordinates": [
          33.19455682,
          0.39645238
        ],
        "type": "Point"
      },
      "properties": {
        "chainage_m": 1294.6,
        "civil_class": "elevated",
        "investigation_flags": [
          "acidic-soil-durability-testing",
          "fine-soil-plasticity-and-shrink-swell-tests"
        ],
        "lat": 0.39645238,
        "line": "line-9",
        "lon": 33.19455682,
        "sample_id": "segment:line-9-civil-159:0000",
        "scope_id": "line-9-civil-159",
        "scope_type": "civil_segment"
      },
      "type": "Feature"
    },
    {
      "geometry": {
        "coordinates": [
          33.19482653,
          0.39645238
        ],
        "type": "Point"
      },
      "properties": {
        "chainage_m": 1324.6,
        "civil_class": "elevated",
        "investigation_flags": [
          "acidic-soil-durability-testing",
          "fine-soil-plasticity-and-shrink-swell-tests"
        ],
        "lat": 0.39645238,
        "line": "line-9",
        "lon": 33.19482653,
        "sample_id": "segment:line-9-civil-159:0001",
        "scope_id": "line-9-civil-159",
        "scope_type": "civil_segment"
      },
      "type": "Feature"
    },
    {
      "geometry": {
        "coordinates": [
          33.19509625,
          0.39645238
        ],
        "type": "Point"
      },
      "properties": {
        "chainage_m": 1354.6,
        "civil_class": "elevated",
        "investigation_flags": [
          "acidic-soil-durability-testing",
          "fine-soil-plasticity-and-shrink-swell-tests"
        ],
        "lat": 0.39645238,
        "line": "line-9",
        "lon": 33.19509625,
        "sample_id": "segment:line-9-civil-159:0002",
        "scope_id": "line-9-civil-159",
        "scope_type": "civil_segment"
      },
      "type": "Feature"
    },
    {
      "geometry": {
        "coordinates": [
          33.19509625,
          0.39645238
        ],
        "type": "Point"
      },
      "properties": {
        "chainage_m": 1354.6,
        "civil_class": "at-grade",
        "investigation_flags": [
          "acidic-soil-durability-testing",
          "fine-soil-plasticity-and-shrink-swell-tests"
        ],
        "lat": 0.39645238,
        "line": "line-9",
        "lon": 33.19509625,
        "sample_id": "segment:line-9-civil-160:0000",
        "scope_id": "line-9-civil-160",
        "scope_type": "civil_segment"
      },
      "type": "Feature"
    },
    {
      "geometry": {
        "coordinates": [
          33.20053908,
          0.39568224
        ],
        "type": "Point"
      },
      "properties": {
        "chainage_m": 1996.4,
        "civil_class": "at-grade",
        "investigation_flags": [
          "acidic-soil-durability-testing",
          "fine-soil-plasticity-and-shrink-swell-tests"
        ],
        "lat": 0.39568224,
        "line": "line-9",
        "lon": 33.20053908,
        "sample_id": "segment:line-9-civil-160:0001",
        "scope_id": "line-9-civil-160",
        "scope_type": "civil_segment"
      },
      "type": "Feature"
    },
    {
      "geometry": {
        "coordinates": [
          33.20282508,
          0.39339244
        ],
        "type": "Point"
      },
      "properties": {
        "chainage_m": 2355.806,
        "civil_class": "at-grade",
        "investigation_flags": [
          "acidic-soil-durability-testing",
          "fine-soil-plasticity-and-shrink-swell-tests"
        ],
        "lat": 0.39339244,
        "line": "line-9",
        "lon": 33.20282508,
        "sample_id": "segment:line-9-civil-160:0002",
        "scope_id": "line-9-civil-160",
        "scope_type": "civil_segment"
      },
      "type": "Feature"
    },
    {
      "geometry": {
        "coordinates": [
          33.20462124,
          0.39159329
        ],
        "type": "Point"
      },
      "properties": {
        "chainage_m": 2638.2,
        "civil_class": "at-grade",
        "investigation_flags": [
          "acidic-soil-durability-testing",
          "fine-soil-plasticity-and-shrink-swell-tests"
        ],
        "lat": 0.39159329,
        "line": "line-9",
        "lon": 33.20462124,
        "sample_id": "segment:line-9-civil-160:0003",
        "scope_id": "line-9-civil-160",
        "scope_type": "civil_segment"
      },
      "type": "Feature"
    },
    {
      "geometry": {
        "coordinates": [
          33.26660661,
          0.48967486
        ],
        "type": "Point"
      },
      "properties": {
        "chainage_m": 0.0,
        "civil_class": "station",
        "investigation_flags": [
          "acidic-soil-durability-testing",
          "fine-soil-plasticity-and-shrink-swell-tests"
        ],
        "lat": 0.48967486,
        "line": "line-1",
        "lon": 33.26660661,
        "sample_id": "station:line-1-0143-0732-s000000",
        "scope_id": "line-1-0143-0732-s000000",
        "scope_type": "station"
      },
      "type": "Feature"
    },
    {
      "geometry": {
        "coordinates": [
          33.26480993,
          0.47599743
        ],
        "type": "Point"
      },
      "properties": {
        "chainage_m": 1678.0,
        "civil_class": "station",
        "investigation_flags": [
          "acidic-soil-durability-testing",
          "fine-soil-plasticity-and-shrink-swell-tests"
        ],
        "lat": 0.47599743,
        "line": "line-1",
        "lon": 33.26480993,
        "sample_id": "station:line-1-0219-0722-s001678",
        "scope_id": "line-1-0219-0722-s001678",
        "scope_type": "station"
      },
      "type": "Feature"
    },
    {
      "geometry": {
        "coordinates": [
          33.25169419,
          0.47131831
        ],
        "type": "Point"
      },
      "properties": {
        "chainage_m": 3353.4,
        "civil_class": "station",
        "investigation_flags": [
          "acidic-soil-durability-testing",
          "fine-soil-plasticity-and-shrink-swell-tests"
        ],
        "lat": 0.47131831,
        "line": "line-1",
        "lon": 33.25169419,
        "sample_id": "station:line-1-0245-0649-s003353",
        "scope_id": "line-1-0245-0649-s003353",
        "scope_type": "station"
      },
      "type": "Feature"
    },
    {
      "geometry": {
        "coordinates": [
          33.2477415,
          0.46987858
        ],
        "type": "Point"
      },
      "properties": {
        "chainage_m": 3859.7,
        "civil_class": "station",
        "investigation_flags": [
          "acidic-soil-durability-testing",
          "fine-soil-plasticity-and-shrink-swell-tests"
        ],
        "lat": 0.46987858,
        "line": "line-1",
        "lon": 33.2477415,
        "sample_id": "station:line-1-0253-0627-s003860",
        "scope_id": "line-1-0253-0627-s003860",
        "scope_type": "station"
      },
      "type": "Feature"
    },
    {
      "geometry": {
        "coordinates": [
          33.23354775,
          0.45710098
        ],
        "type": "Point"
      },
      "properties": {
        "chainage_m": 6273.9,
        "civil_class": "station",
        "investigation_flags": [
          "acidic-soil-durability-testing",
          "fine-soil-plasticity-and-shrink-swell-tests"
        ],
        "lat": 0.45710098,
        "line": "line-1",
        "lon": 33.23354775,
        "sample_id": "station:line-1-0324-0548-s006274",
        "scope_id": "line-1-0324-0548-s006274",
        "scope_type": "station"
      },
      "type": "Feature"
    },
    {
      "geometry": {
        "coordinates": [
          33.21791665,
          0.43946429
        ],
        "type": "Point"
      },
      "properties": {
        "chainage_m": 9212.3,
        "civil_class": "station",
        "investigation_flags": [
          "acidic-soil-durability-testing",
          "fine-soil-plasticity-and-shrink-swell-tests"
        ],
        "lat": 0.43946429,
        "line": "line-1",
        "lon": 33.21791665,
        "sample_id": "station:line-1-0422-0461-s009212",
        "scope_id": "line-1-0422-0461-s009212",
        "scope_type": "station"
      },
      "type": "Feature"
    },
    {
      "geometry": {
        "coordinates": [
          33.20408224,
          0.4239872
        ],
        "type": "Point"
      },
      "properties": {
        "chainage_m": 11828.0,
        "civil_class": "station",
        "investigation_flags": [
          "acidic-soil-durability-testing",
          "fine-soil-plasticity-and-shrink-swell-tests"
        ],
        "lat": 0.4239872,
        "line": "line-1",
        "lon": 33.20408224,
        "sample_id": "station:line-1-0508-0384-s011828",
        "scope_id": "line-1-0508-0384-s011828",
        "scope_type": "station"
      },
      "type": "Feature"
    },
    {
      "geometry": {
        "coordinates": [
          33.20336357,
          0.42326734
        ],
        "type": "Point"
      },
      "properties": {
        "chainage_m": 11941.1,
        "civil_class": "station",
        "investigation_flags": [
          "acidic-soil-durability-testing",
          "fine-soil-plasticity-and-shrink-swell-tests"
        ],
        "lat": 0.42326734,
        "line": "line-1",
        "lon": 33.20336357,
        "sample_id": "station:line-1-0512-0380-s011941",
        "scope_id": "line-1-0512-0380-s011941",
        "scope_type": "station"
      },
      "type": "Feature"
    },
    {
      "geometry": {
        "coordinates": [
          33.19779387,
          0.41696852
        ],
        "type": "Point"
      },
      "properties": {
        "chainage_m": 12991.7,
        "civil_class": "station",
        "investigation_flags": [
          "acidic-soil-durability-testing",
          "fine-soil-plasticity-and-shrink-swell-tests"
        ],
        "lat": 0.41696852,
        "line": "line-1",
        "lon": 33.19779387,
        "sample_id": "station:line-1-0547-0349-s012992",
        "scope_id": "line-1-0547-0349-s012992",
        "scope_type": "station"
      },
      "type": "Feature"
    },
    {
      "geometry": {
        "coordinates": [
          33.24486681,
          0.49057469
        ],
        "type": "Point"
      },
      "properties": {
        "chainage_m": 2454.8,
        "civil_class": "station",
        "investigation_flags": [
          "acidic-soil-durability-testing",
          "fine-soil-plasticity-and-shrink-swell-tests"
        ],
        "lat": 0.49057469,
        "line": "line-10",
        "lon": 33.24486681,
        "sample_id": "station:line-10-0138-0611-s002455",
        "scope_id": "line-10-0138-0611-s002455",
        "scope_type": "station"
      },
      "type": "Feature"
    },
    {
      "geometry": {
        "coordinates": [
          33.2315714,
          0.4862555
        ],
        "type": "Point"
      },
      "properties": {
        "chainage_m": 4133.6,
        "civil_class": "station",
        "investigation_flags": [
          "acidic-soil-durability-testing",
          "fine-soil-plasticity-and-shrink-swell-tests"
        ],
        "lat": 0.4862555,
        "line": "line-10",
        "lon": 33.2315714,
        "sample_id": "station:line-10-0162-0537-s004134",
        "scope_id": "line-10-0162-0537-s004134",
        "scope_type": "station"
      },
      "type": "Feature"
    },
    {
      "geometry": {
        "coordinates": [
          33.25169419,
          0.47131831
        ],
        "type": "Point"
      },
      "properties": {
        "chainage_m": 0.0,
        "civil_class": "station",
        "investigation_flags": [
          "acidic-soil-durability-testing",
          "fine-soil-plasticity-and-shrink-swell-tests"
        ],
        "lat": 0.47131831,
        "line": "line-10",
        "lon": 33.25169419,
        "sample_id": "station:line-10-0245-0649-s000000",
        "scope_id": "line-10-0245-0649-s000000",
        "scope_type": "station"
      },
      "type": "Feature"
    },
    {
      "geometry": {
        "coordinates": [
          33.1686877,
          0.42758653
        ],
        "type": "Point"
      },
      "properties": {
        "chainage_m": 2419.9,
        "civil_class": "station",
        "investigation_flags": [
          "acidic-soil-durability-testing",
          "fine-soil-plasticity-and-shrink-swell-tests"
        ],
        "lat": 0.42758653,
        "line": "line-11",
        "lon": 33.1686877,
        "sample_id": "station:line-11-0488-0187-s002420",
        "scope_id": "line-11-0488-0187-s002420",
        "scope_type": "station"
      },
      "type": "Feature"
    },
    {
      "geometry": {
        "coordinates": [
          33.18521713,
          0.4149889
        ],
        "type": "Point"
      },
      "properties": {
        "chainage_m": 0.0,
        "civil_class": "station",
        "investigation_flags": [
          "acidic-soil-durability-testing",
          "fine-soil-plasticity-and-shrink-swell-tests"
        ],
        "lat": 0.4149889,
        "line": "line-11",
        "lon": 33.18521713,
        "sample_id": "station:line-11-0558-0279-s000000",
        "scope_id": "line-11-0558-0279-s000000",
        "scope_type": "station"
      },
      "type": "Feature"
    },
    {
      "geometry": {
        "coordinates": [
          33.21791665,
          0.43946429
        ],
        "type": "Point"
      },
      "properties": {
        "chainage_m": 0.0,
        "civil_class": "station",
        "investigation_flags": [
          "acidic-soil-durability-testing",
          "fine-soil-plasticity-and-shrink-swell-tests"
        ],
        "lat": 0.43946429,
        "line": "line-12",
        "lon": 33.21791665,
        "sample_id": "station:line-12-0422-0461-s000000",
        "scope_id": "line-12-0422-0461-s000000",
        "scope_type": "station"
      },
      "type": "Feature"
    },
    {
      "geometry": {
        "coordinates": [
          33.22707971,
          0.43226565
        ],
        "type": "Point"
      },
      "properties": {
        "chainage_m": 1351.4,
        "civil_class": "station",
        "investigation_flags": [
          "acidic-soil-durability-testing",
          "fine-soil-plasticity-and-shrink-swell-tests"
        ],
        "lat": 0.43226565,
        "line": "line-12",
        "lon": 33.22707971,
        "sample_id": "station:line-12-0462-0512-s001351",
        "scope_id": "line-12-0462-0512-s001351",
        "scope_type": "station"
      },
      "type": "Feature"
    },
    {
      "geometry": {
        "coordinates": [
          33.21971333,
          0.41642863
        ],
        "type": "Point"
      },
      "properties": {
        "chainage_m": 3517.3,
        "civil_class": "station",
        "investigation_flags": [
          "acidic-soil-durability-testing",
          "fine-soil-plasticity-and-shrink-swell-tests"
        ],
        "lat": 0.41642863,
        "line": "line-12",
        "lon": 33.21971333,
        "sample_id": "station:line-12-0550-0471-s003517",
        "scope_id": "line-12-0550-0471-s003517",
        "scope_type": "station"
      },
      "type": "Feature"
    },
    {
      "geometry": {
        "coordinates": [
          33.18683414,
          0.46375973
        ],
        "type": "Point"
      },
      "properties": {
        "chainage_m": 2100.0,
        "civil_class": "station",
        "investigation_flags": [
          "acidic-soil-durability-testing",
          "fine-soil-plasticity-and-shrink-swell-tests"
        ],
        "lat": 0.46375973,
        "line": "line-13",
        "lon": 33.18683414,
        "sample_id": "station:line-13-0287-0288-s002100",
        "scope_id": "line-13-0287-0288-s002100",
        "scope_type": "station"
      },
      "type": "Feature"
    },
    {
      "geometry": {
        "coordinates": [
          33.17892876,
          0.45782084
        ],
        "type": "Point"
      },
      "properties": {
        "chainage_m": 0.0,
        "civil_class": "station",
        "investigation_flags": [
          "acidic-soil-durability-testing",
          "fine-soil-plasticity-and-shrink-swell-tests"
        ],
        "lat": 0.45782084,
        "line": "line-13",
        "lon": 33.17892876,
        "sample_id": "station:line-13-0320-0244-s000000",
        "scope_id": "line-13-0320-0244-s000000",
        "scope_type": "station"
      },
      "type": "Feature"
    },
    {
      "geometry": {
        "coordinates": [
          33.1798271,
          0.45656108
        ],
        "type": "Point"
      },
      "properties": {
        "chainage_m": 240.0,
        "civil_class": "station",
        "investigation_flags": [
          "acidic-soil-durability-testing",
          "fine-soil-plasticity-and-shrink-swell-tests"
        ],
        "lat": 0.45656108,
        "line": "line-13",
        "lon": 33.1798271,
        "sample_id": "station:line-13-0327-0249-s000240",
        "scope_id": "line-13-0327-0249-s000240",
        "scope_type": "station"
      },
      "type": "Feature"
    },
    {
      "geometry": {
        "coordinates": [
          33.17317939,
          0.48607553
        ],
        "type": "Point"
      },
      "properties": {
        "chainage_m": 2288.3,
        "civil_class": "station",
        "investigation_flags": [
          "acidic-soil-durability-testing",
          "fine-soil-plasticity-and-shrink-swell-tests"
        ],
        "lat": 0.48607553,
        "line": "line-14",
        "lon": 33.17317939,
        "sample_id": "station:line-14-0163-0212-s002288",
        "scope_id": "line-14-0163-0212-s002288",
        "scope_type": "station"
      },
      "type": "Feature"
    },
    {
      "geometry": {
        "coordinates": [
          33.17335906,
          0.46555939
        ],
        "type": "Point"
      },
      "properties": {
        "chainage_m": 0.0,
        "civil_class": "station",
        "investigation_flags": [
          "acidic-soil-durability-testing",
          "fine-soil-plasticity-and-shrink-swell-tests"
        ],
        "lat": 0.46555939,
        "line": "line-14",
        "lon": 33.17335906,
        "sample_id": "station:line-14-0277-0213-s000000",
        "scope_id": "line-14-0277-0213-s000000",
        "scope_type": "station"
      },
      "type": "Feature"
    },
    {
      "geometry": {
        "coordinates": [
          33.17335906,
          0.46555939
        ],
        "type": "Point"
      },
      "properties": {
        "chainage_m": 17375.8,
        "civil_class": "station",
        "investigation_flags": [
          "acidic-soil-durability-testing",
          "fine-soil-plasticity-and-shrink-swell-tests"
        ],
        "lat": 0.46555939,
        "line": "line-2",
        "lon": 33.17335906,
        "sample_id": "station:line-2-0277-0213-s017376",
        "scope_id": "line-2-0277-0213-s017376",
        "scope_type": "station"
      },
      "type": "Feature"
    },
    {
      "geometry": {
        "coordinates": [
          33.17892876,
          0.45764088
        ],
        "type": "Point"
      },
      "properties": {
        "chainage_m": 16192.1,
        "civil_class": "station",
        "investigation_flags": [
          "acidic-soil-durability-testing",
          "fine-soil-plasticity-and-shrink-swell-tests"
        ],
        "lat": 0.45764088,
        "line": "line-2",
        "lon": 33.17892876,
        "sample_id": "station:line-2-0321-0244-s016192",
        "scope_id": "line-2-0321-0244-s016192",
        "scope_type": "station"
      },
      "type": "Feature"
    },
    {
      "geometry": {
        "coordinates": [
          33.1798271,
          0.45656108
        ],
        "type": "Point"
      },
      "properties": {
        "chainage_m": 16007.3,
        "civil_class": "station",
        "investigation_flags": [
          "acidic-soil-durability-testing",
          "fine-soil-plasticity-and-shrink-swell-tests"
        ],
        "lat": 0.45656108,
        "line": "line-2",
        "lon": 33.1798271,
        "sample_id": "station:line-2-0327-0249-s016007",
        "scope_id": "line-2-0327-0249-s016007",
        "scope_type": "station"
      },
      "type": "Feature"
    },
    {
      "geometry": {
        "coordinates": [
          33.19114616,
          0.44036413
        ],
        "type": "Point"
      },
      "properties": {
        "chainage_m": 13591.7,
        "civil_class": "station",
        "investigation_flags": [
          "acidic-soil-durability-testing",
          "fine-soil-plasticity-and-shrink-swell-tests"
        ],
        "lat": 0.44036413,
        "line": "line-2",
        "lon": 33.19114616,
        "sample_id": "station:line-2-0417-0312-s013592",
        "scope_id": "line-2-0417-0312-s013592",
        "scope_type": "station"
      },
      "type": "Feature"
    },
    {
      "geometry": {
        "coordinates": [
          33.19294284,
          0.4378446
        ],
        "type": "Point"
      },
      "properties": {
        "chainage_m": 13217.1,
        "civil_class": "station",
        "investigation_flags": [
          "acidic-soil-durability-testing",
          "fine-soil-plasticity-and-shrink-swell-tests"
        ],
        "lat": 0.4378446,
        "line": "line-2",
        "lon": 33.19294284,
        "sample_id": "station:line-2-0431-0322-s013217",
        "scope_id": "line-2-0431-0322-s013217",
        "scope_type": "station"
      },
      "type": "Feature"
    },
    {
      "geometry": {
        "coordinates": [
          33.19348184,
          0.4373047
        ],
        "type": "Point"
      },
      "properties": {
        "chainage_m": 13132.2,
        "civil_class": "station",
        "investigation_flags": [
          "acidic-soil-durability-testing",
          "fine-soil-plasticity-and-shrink-swell-tests"
        ],
        "lat": 0.4373047,
        "line": "line-2",
        "lon": 33.19348184,
        "sample_id": "station:line-2-0434-0325-s013132",
        "scope_id": "line-2-0434-0325-s013132",
        "scope_type": "station"
      },
      "type": "Feature"
    },
    {
      "geometry": {
        "coordinates": [
          33.19491919,
          0.43514511
        ],
        "type": "Point"
      },
      "properties": {
        "chainage_m": 12802.5,
        "civil_class": "station",
        "investigation_flags": [
          "acidic-soil-durability-testing",
          "fine-soil-plasticity-and-shrink-swell-tests"
        ],
        "lat": 0.43514511,
        "line": "line-2",
        "lon": 33.19491919,
        "sample_id": "station:line-2-0446-0333-s012803",
        "scope_id": "line-2-0446-0333-s012803",
        "scope_type": "station"
      },
      "type": "Feature"
    },
    {
      "geometry": {
        "coordinates": [
          33.19222417,
          0.43334545
        ],
        "type": "Point"
      },
      "properties": {
        "chainage_m": 6826.8,
        "civil_class": "station",
        "investigation_flags": [
          "coverage-gap"
        ],
        "lat": 0.43334545,
        "line": "line-2",
        "lon": 33.19222417,
        "sample_id": "station:line-2-0456-0318-s006827",
        "scope_id": "line-2-0456-0318-s006827",
        "scope_type": "station"
      },
      "type": "Feature"
    },
    {
      "geometry": {
        "coordinates": [
          33.19132583,
          0.43244561
        ],
        "type": "Point"
      },
      "properties": {
        "chainage_m": 6673.6,
        "civil_class": "station",
        "investigation_flags": [
          "acidic-soil-durability-testing",
          "fine-soil-plasticity-and-shrink-swell-tests"
        ],
        "lat": 0.43244561,
        "line": "line-2",
        "lon": 33.19132583,
        "sample_id": "station:line-2-0461-0313-s006674",
        "scope_id": "line-2-0461-0313-s006674",
        "scope_type": "station"
      },
      "type": "Feature"
    },
    {
      "geometry": {
        "coordinates": [
          33.1976142,
          0.43136582
        ],
        "type": "Point"
      },
      "properties": {
        "chainage_m": 12260.7,
        "civil_class": "station",
        "investigation_flags": [
          "acidic-soil-durability-testing",
          "fine-soil-plasticity-and-shrink-swell-tests"
        ],
        "lat": 0.43136582,
        "line": "line-2",
        "lon": 33.1976142,
        "sample_id": "station:line-2-0467-0348-s012261",
        "scope_id": "line-2-0467-0348-s012261",
        "scope_type": "station"
      },
      "type": "Feature"
    },
    {
      "geometry": {
        "coordinates": [
          33.1970752,
          0.43100588
        ],
        "type": "Point"
      },
      "properties": {
        "chainage_m": 7507.6,
        "civil_class": "station",
        "investigation_flags": [
          "acidic-soil-durability-testing",
          "fine-soil-plasticity-and-shrink-swell-tests"
        ],
        "lat": 0.43100588,
        "line": "line-2",
        "lon": 33.1970752,
        "sample_id": "station:line-2-0469-0345-s007508",
        "scope_id": "line-2-0469-0345-s007508",
        "scope_type": "station"
      },
      "type": "Feature"
    },
    {
      "geometry": {
        "coordinates": [
          33.20408224,
          0.4239872
        ],
        "type": "Point"
      },
      "properties": {
        "chainage_m": 8610.7,
        "civil_class": "station",
        "investigation_flags": [
          "acidic-soil-durability-testing",
          "fine-soil-plasticity-and-shrink-swell-tests"
        ],
        "lat": 0.4239872,
        "line": "line-2",
        "lon": 33.20408224,
        "sample_id": "station:line-2-0508-0384-s008611",
        "scope_id": "line-2-0508-0384-s008611",
        "scope_type": "station"
      },
      "type": "Feature"
    },
    {
      "geometry": {
        "coordinates": [
          33.20336357,
          0.42326734
        ],
        "type": "Point"
      },
      "properties": {
        "chainage_m": 11022.9,
        "civil_class": "station",
        "investigation_flags": [
          "acidic-soil-durability-testing",
          "fine-soil-plasticity-and-shrink-swell-tests"
        ],
        "lat": 0.42326734,
        "line": "line-2",
        "lon": 33.20336357,
        "sample_id": "station:line-2-0512-0380-s011023",
        "scope_id": "line-2-0512-0380-s011023",
        "scope_type": "station"
      },
      "type": "Feature"
    },
    {
      "geometry": {
        "coordinates": [
          33.19132583,
          0.42272744
        ],
        "type": "Point"
      },
      "properties": {
        "chainage_m": 5593.6,
        "civil_class": "station",
        "investigation_flags": [
          "acidic-soil-durability-testing",
          "fine-soil-plasticity-and-shrink-swell-tests"
        ],
        "lat": 0.42272744,
        "line": "line-2",
        "lon": 33.19132583,
        "sample_id": "station:line-2-0515-0313-s005594",
        "scope_id": "line-2-0515-0313-s005594",
        "scope_type": "station"
      },
      "type": "Feature"
    },
    {
      "geometry": {
        "coordinates": [
          33.19312251,
          0.40437089
        ],
        "type": "Point"
      },
      "properties": {
        "chainage_m": 3317.6,
        "civil_class": "station",
        "investigation_flags": [
          "acidic-soil-durability-testing",
          "fine-soil-plasticity-and-shrink-swell-tests"
        ],
        "lat": 0.40437089,
        "line": "line-2",
        "lon": 33.19312251,
        "sample_id": "station:line-2-0617-0323-s003318",
        "scope_id": "line-2-0617-0323-s003318",
        "scope_type": "station"
      },
      "type": "Feature"
    },
    {
      "geometry": {
        "coordinates": [
          33.20587892,
          0.39933184
        ],
        "type": "Point"
      },
      "properties": {
        "chainage_m": 1665.7,
        "civil_class": "station",
        "investigation_flags": [
          "acidic-soil-durability-testing",
          "fine-soil-plasticity-and-shrink-swell-tests"
        ],
        "lat": 0.39933184,
        "line": "line-2",
        "lon": 33.20587892,
        "sample_id": "station:line-2-0645-0394-s001666",
        "scope_id": "line-2-0645-0394-s001666",
        "scope_type": "station"
      },
      "type": "Feature"
    },
    {
      "geometry": {
        "coordinates": [
          33.21881499,
          0.39879194
        ],
        "type": "Point"
      },
      "properties": {
        "chainage_m": 0.0,
        "civil_class": "station",
        "investigation_flags": [
          "acidic-soil-durability-testing",
          "fine-soil-plasticity-and-shrink-swell-tests"
        ],
        "lat": 0.39879194,
        "line": "line-2",
        "lon": 33.21881499,
        "sample_id": "station:line-2-0648-0466-s000000",
        "scope_id": "line-2-0648-0466-s000000",
        "scope_type": "station"
      },
      "type": "Feature"
    },
    {
      "geometry": {
        "coordinates": [
          33.21755732,
          0.45872067
        ],
        "type": "Point"
      },
      "properties": {
        "chainage_m": 12787.3,
        "civil_class": "station",
        "investigation_flags": [
          "acidic-soil-durability-testing",
          "fine-soil-plasticity-and-shrink-swell-tests"
        ],
        "lat": 0.45872067,
        "line": "line-3",
        "lon": 33.21755732,
        "sample_id": "station:line-3-0315-0459-s012787",
        "scope_id": "line-3-0315-0459-s012787",
        "scope_type": "station"
      },
      "type": "Feature"
    },
    {
      "geometry": {
        "coordinates": [
          33.20623825,
          0.44342355
        ],
        "type": "Point"
      },
      "properties": {
        "chainage_m": 10377.9,
        "civil_class": "station",
        "investigation_flags": [
          "acidic-soil-durability-testing",
          "fine-soil-plasticity-and-shrink-swell-tests"
        ],
        "lat": 0.44342355,
        "line": "line-3",
        "lon": 33.20623825,
        "sample_id": "station:line-3-0400-0396-s010378",
        "scope_id": "line-3-0400-0396-s010378",
        "scope_type": "station"
      },
      "type": "Feature"
    },
    {
      "geometry": {
        "coordinates": [
          33.1976142,
          0.43136582
        ],
        "type": "Point"
      },
      "properties": {
        "chainage_m": 8587.6,
        "civil_class": "station",
        "investigation_flags": [
          "acidic-soil-durability-testing",
          "fine-soil-plasticity-and-shrink-swell-tests"
        ],
        "lat": 0.43136582,
        "line": "line-3",
        "lon": 33.1976142,
        "sample_id": "station:line-3-0467-0348-s008588",
        "scope_id": "line-3-0467-0348-s008588",
        "scope_type": "station"
      },
      "type": "Feature"
    },
    {
      "geometry": {
        "coordinates": [
          33.1970752,
          0.43100588
        ],
        "type": "Point"
      },
      "properties": {
        "chainage_m": 8516.9,
        "civil_class": "station",
        "investigation_flags": [
          "acidic-soil-durability-testing",
          "fine-soil-plasticity-and-shrink-swell-tests"
        ],
        "lat": 0.43100588,
        "line": "line-3",
        "lon": 33.1970752,
        "sample_id": "station:line-3-0469-0345-s008517",
        "scope_id": "line-3-0469-0345-s008517",
        "scope_type": "station"
      },
      "type": "Feature"
    },
    {
      "geometry": {
        "coordinates": [
          33.19132583,
          0.42308737
        ],
        "type": "Point"
      },
      "properties": {
        "chainage_m": 7313.2,
        "civil_class": "station",
        "investigation_flags": [
          "acidic-soil-durability-testing",
          "fine-soil-plasticity-and-shrink-swell-tests"
        ],
        "lat": 0.42308737,
        "line": "line-3",
        "lon": 33.19132583,
        "sample_id": "station:line-3-0513-0313-s007313",
        "scope_id": "line-3-0513-0313-s007313",
        "scope_type": "station"
      },
      "type": "Feature"
    },
    {
      "geometry": {
        "coordinates": [
          33.18521713,
          0.4149889
        ],
        "type": "Point"
      },
      "properties": {
        "chainage_m": 6061.2,
        "civil_class": "station",
        "investigation_flags": [
          "acidic-soil-durability-testing",
          "fine-soil-plasticity-and-shrink-swell-tests"
        ],
        "lat": 0.4149889,
        "line": "line-3",
        "lon": 33.18521713,
        "sample_id": "station:line-3-0558-0279-s006061",
        "scope_id": "line-3-0558-0279-s006061",
        "scope_type": "station"
      },
      "type": "Feature"
    },
    {
      "geometry": {
        "coordinates": [
          33.17623374,
          0.4011315
        ],
        "type": "Point"
      },
      "properties": {
        "chainage_m": 3989.8,
        "civil_class": "station",
        "investigation_flags": [
          "acidic-soil-durability-testing",
          "fine-soil-plasticity-and-shrink-swell-tests"
        ],
        "lat": 0.4011315,
        "line": "line-3",
        "lon": 33.17623374,
        "sample_id": "station:line-3-0635-0229-s003990",
        "scope_id": "line-3-0635-0229-s003990",
        "scope_type": "station"
      },
      "type": "Feature"
    },
    {
      "geometry": {
        "coordinates": [
          33.16958604,
          0.39159329
        ],
        "type": "Point"
      },
      "properties": {
        "chainage_m": 2531.6,
        "civil_class": "station",
        "investigation_flags": [
          "acidic-soil-durability-testing",
          "fine-soil-plasticity-and-shrink-swell-tests"
        ],
        "lat": 0.39159329,
        "line": "line-3",
        "lon": 33.16958604,
        "sample_id": "station:line-3-0688-0192-s002532",
        "scope_id": "line-3-0688-0192-s002532",
        "scope_type": "station"
      },
      "type": "Feature"
    },
    {
      "geometry": {
        "coordinates": [
          33.15215827,
          0.38367478
        ],
        "type": "Point"
      },
      "properties": {
        "chainage_m": 0.0,
        "civil_class": "station",
        "investigation_flags": [
          "acidic-soil-durability-testing",
          "fine-soil-plasticity-and-shrink-swell-tests"
        ],
        "lat": 0.38367478,
        "line": "line-3",
        "lon": 33.15215827,
        "sample_id": "station:line-3-0732-0095-s000000",
        "scope_id": "line-3-0732-0095-s000000",
        "scope_type": "station"
      },
      "type": "Feature"
    },
    {
      "geometry": {
        "coordinates": [
          33.21827599,
          0.47671729
        ],
        "type": "Point"
      },
      "properties": {
        "chainage_m": 4295.0,
        "civil_class": "station",
        "investigation_flags": [
          "acidic-soil-durability-testing",
          "fine-soil-plasticity-and-shrink-swell-tests"
        ],
        "lat": 0.47671729,
        "line": "line-4",
        "lon": 33.21827599,
        "sample_id": "station:line-4-0215-0463-s004295",
        "scope_id": "line-4-0215-0463-s004295",
        "scope_type": "station"
      },
      "type": "Feature"
    },
    {
      "geometry": {
        "coordinates": [
          33.23175107,
          0.4723981
        ],
        "type": "Point"
      },
      "properties": {
        "chainage_m": 2596.2,
        "civil_class": "station",
        "investigation_flags": [
          "acidic-soil-durability-testing",
          "fine-soil-plasticity-and-shrink-swell-tests"
        ],
        "lat": 0.4723981,
        "line": "line-4",
        "lon": 33.23175107,
        "sample_id": "station:line-4-0239-0538-s002596",
        "scope_id": "line-4-0239-0538-s002596",
        "scope_type": "station"
      },
      "type": "Feature"
    },
    {
      "geometry": {
        "coordinates": [
          33.2477415,
          0.46987858
        ],
        "type": "Point"
      },
      "properties": {
        "chainage_m": 0.0,
        "civil_class": "station",
        "investigation_flags": [
          "acidic-soil-durability-testing",
          "fine-soil-plasticity-and-shrink-swell-tests"
        ],
        "lat": 0.46987858,
        "line": "line-4",
        "lon": 33.2477415,
        "sample_id": "station:line-4-0253-0627-s000000",
        "scope_id": "line-4-0253-0627-s000000",
        "scope_type": "station"
      },
      "type": "Feature"
    },
    {
      "geometry": {
        "coordinates": [
          33.17335906,
          0.44126396
        ],
        "type": "Point"
      },
      "properties": {
        "chainage_m": 3742.7,
        "civil_class": "station",
        "investigation_flags": [
          "acidic-soil-durability-testing",
          "fine-soil-plasticity-and-shrink-swell-tests"
        ],
        "lat": 0.44126396,
        "line": "line-5",
        "lon": 33.17335906,
        "sample_id": "station:line-5-0412-0213-s003743",
        "scope_id": "line-5-0412-0213-s003743",
        "scope_type": "station"
      },
      "type": "Feature"
    },
    {
      "geometry": {
        "coordinates": [
          33.19114616,
          0.44036413
        ],
        "type": "Point"
      },
      "properties": {
        "chainage_m": 0.0,
        "civil_class": "station",
        "investigation_flags": [
          "acidic-soil-durability-testing",
          "fine-soil-plasticity-and-shrink-swell-tests"
        ],
        "lat": 0.44036413,
        "line": "line-5",
        "lon": 33.19114616,
        "sample_id": "station:line-5-0417-0312-s000000",
        "scope_id": "line-5-0417-0312-s000000",
        "scope_type": "station"
      },
      "type": "Feature"
    },
    {
      "geometry": {
        "coordinates": [
          33.19294284,
          0.4378446
        ],
        "type": "Point"
      },
      "properties": {
        "chainage_m": 362.8,
        "civil_class": "station",
        "investigation_flags": [
          "acidic-soil-durability-testing",
          "fine-soil-plasticity-and-shrink-swell-tests"
        ],
        "lat": 0.4378446,
        "line": "line-5",
        "lon": 33.19294284,
        "sample_id": "station:line-5-0431-0322-s000363",
        "scope_id": "line-5-0431-0322-s000363",
        "scope_type": "station"
      },
      "type": "Feature"
    },
    {
      "geometry": {
        "coordinates": [
          33.19348184,
          0.4373047
        ],
        "type": "Point"
      },
      "properties": {
        "chainage_m": 447.7,
        "civil_class": "station",
        "investigation_flags": [
          "acidic-soil-durability-testing",
          "fine-soil-plasticity-and-shrink-swell-tests"
        ],
        "lat": 0.4373047,
        "line": "line-5",
        "lon": 33.19348184,
        "sample_id": "station:line-5-0434-0325-s000448",
        "scope_id": "line-5-0434-0325-s000448",
        "scope_type": "station"
      },
      "type": "Feature"
    },
    {
      "geometry": {
        "coordinates": [
          33.19491919,
          0.43514511
        ],
        "type": "Point"
      },
      "properties": {
        "chainage_m": 754.0,
        "civil_class": "station",
        "investigation_flags": [
          "acidic-soil-durability-testing",
          "fine-soil-plasticity-and-shrink-swell-tests"
        ],
        "lat": 0.43514511,
        "line": "line-5",
        "lon": 33.19491919,
        "sample_id": "station:line-5-0446-0333-s000754",
        "scope_id": "line-5-0446-0333-s000754",
        "scope_type": "station"
      },
      "type": "Feature"
    },
    {
      "geometry": {
        "coordinates": [
          33.19222417,
          0.43334545
        ],
        "type": "Point"
      },
      "properties": {
        "chainage_m": 1148.5,
        "civil_class": "station",
        "investigation_flags": [
          "coverage-gap"
        ],
        "lat": 0.43334545,
        "line": "line-5",
        "lon": 33.19222417,
        "sample_id": "station:line-5-0456-0318-s001149",
        "scope_id": "line-5-0456-0318-s001149",
        "scope_type": "station"
      },
      "type": "Feature"
    },
    {
      "geometry": {
        "coordinates": [
          33.15557195,
          0.43244561
        ],
        "type": "Point"
      },
      "properties": {
        "chainage_m": 6128.7,
        "civil_class": "station",
        "investigation_flags": [
          "acidic-soil-durability-testing",
          "fine-soil-plasticity-and-shrink-swell-tests"
        ],
        "lat": 0.43244561,
        "line": "line-5",
        "lon": 33.15557195,
        "sample_id": "station:line-5-0461-0114-s006129",
        "scope_id": "line-5-0461-0114-s006129",
        "scope_type": "station"
      },
      "type": "Feature"
    },
    {
      "geometry": {
        "coordinates": [
          33.19132583,
          0.43244561
        ],
        "type": "Point"
      },
      "properties": {
        "chainage_m": 1301.7,
        "civil_class": "station",
        "investigation_flags": [
          "acidic-soil-durability-testing",
          "fine-soil-plasticity-and-shrink-swell-tests"
        ],
        "lat": 0.43244561,
        "line": "line-5",
        "lon": 33.19132583,
        "sample_id": "station:line-5-0461-0313-s001302",
        "scope_id": "line-5-0461-0313-s001302",
        "scope_type": "station"
      },
      "type": "Feature"
    },
    {
      "geometry": {
        "coordinates": [
          33.21827599,
          0.49975296
        ],
        "type": "Point"
      },
      "properties": {
        "chainage_m": 5797.8,
        "civil_class": "station",
        "investigation_flags": [
          "acidic-soil-durability-testing",
          "fine-soil-plasticity-and-shrink-swell-tests"
        ],
        "lat": 0.49975296,
        "line": "line-6",
        "lon": 33.21827599,
        "sample_id": "station:line-6-0087-0463-s005798",
        "scope_id": "line-6-0087-0463-s005798",
        "scope_type": "station"
      },
      "type": "Feature"
    },
    {
      "geometry": {
        "coordinates": [
          33.20462124,
          0.4862555
        ],
        "type": "Point"
      },
      "properties": {
        "chainage_m": 3656.5,
        "civil_class": "station",
        "investigation_flags": [
          "acidic-soil-durability-testing",
          "fine-soil-plasticity-and-shrink-swell-tests"
        ],
        "lat": 0.4862555,
        "line": "line-6",
        "lon": 33.20462124,
        "sample_id": "station:line-6-0162-0387-s003656",
        "scope_id": "line-6-0162-0387-s003656",
        "scope_type": "station"
      },
      "type": "Feature"
    },
    {
      "geometry": {
        "coordinates": [
          33.20498058,
          0.4723981
        ],
        "type": "Point"
      },
      "properties": {
        "chainage_m": 2099.9,
        "civil_class": "station",
        "investigation_flags": [
          "acidic-soil-durability-testing",
          "fine-soil-plasticity-and-shrink-swell-tests"
        ],
        "lat": 0.4723981,
        "line": "line-6",
        "lon": 33.20498058,
        "sample_id": "station:line-6-0239-0389-s002100",
        "scope_id": "line-6-0239-0389-s002100",
        "scope_type": "station"
      },
      "type": "Feature"
    },
    {
      "geometry": {
        "coordinates": [
          33.21755732,
          0.45872067
        ],
        "type": "Point"
      },
      "properties": {
        "chainage_m": 0.0,
        "civil_class": "station",
        "investigation_flags": [
          "acidic-soil-durability-testing",
          "fine-soil-plasticity-and-shrink-swell-tests"
        ],
        "lat": 0.45872067,
        "line": "line-6",
        "lon": 33.21755732,
        "sample_id": "station:line-6-0315-0459-s000000",
        "scope_id": "line-6-0315-0459-s000000",
        "scope_type": "station"
      },
      "type": "Feature"
    },
    {
      "geometry": {
        "coordinates": [
          33.14173754,
          0.42326734
        ],
        "type": "Point"
      },
      "properties": {
        "chainage_m": 4815.8,
        "civil_class": "station",
        "investigation_flags": [
          "acidic-soil-durability-testing",
          "fine-soil-plasticity-and-shrink-swell-tests",
          "granular-density-and-groundwater-tests"
        ],
        "lat": 0.42326734,
        "line": "line-7",
        "lon": 33.14173754,
        "sample_id": "station:line-7-0512-0037-s004816",
        "scope_id": "line-7-0512-0037-s004816",
        "scope_type": "station"
      },
      "type": "Feature"
    },
    {
      "geometry": {
        "coordinates": [
          33.1519786,
          0.41246937
        ],
        "type": "Point"
      },
      "properties": {
        "chainage_m": 3143.6,
        "civil_class": "station",
        "investigation_flags": [
          "acidic-soil-durability-testing",
          "fine-soil-plasticity-and-shrink-swell-tests"
        ],
        "lat": 0.41246937,
        "line": "line-7",
        "lon": 33.1519786,
        "sample_id": "station:line-7-0572-0094-s003144",
        "scope_id": "line-7-0572-0094-s003144",
        "scope_type": "station"
      },
      "type": "Feature"
    },
    {
      "geometry": {
        "coordinates": [
          33.16024332,
          0.40077157
        ],
        "type": "Point"
      },
      "properties": {
        "chainage_m": 1462.5,
        "civil_class": "station",
        "investigation_flags": [
          "acidic-soil-durability-testing",
          "fine-soil-plasticity-and-shrink-swell-tests"
        ],
        "lat": 0.40077157,
        "line": "line-7",
        "lon": 33.16024332,
        "sample_id": "station:line-7-0637-0140-s001462",
        "scope_id": "line-7-0637-0140-s001462",
        "scope_type": "station"
      },
      "type": "Feature"
    },
    {
      "geometry": {
        "coordinates": [
          33.16958604,
          0.39159329
        ],
        "type": "Point"
      },
      "properties": {
        "chainage_m": 0.0,
        "civil_class": "station",
        "investigation_flags": [
          "acidic-soil-durability-testing",
          "fine-soil-plasticity-and-shrink-swell-tests"
        ],
        "lat": 0.39159329,
        "line": "line-7",
        "lon": 33.16958604,
        "sample_id": "station:line-7-0688-0192-s000000",
        "scope_id": "line-7-0688-0192-s000000",
        "scope_type": "station"
      },
      "type": "Feature"
    },
    {
      "geometry": {
        "coordinates": [
          33.23354775,
          0.45710098
        ],
        "type": "Point"
      },
      "properties": {
        "chainage_m": 0.0,
        "civil_class": "station",
        "investigation_flags": [
          "acidic-soil-durability-testing",
          "fine-soil-plasticity-and-shrink-swell-tests"
        ],
        "lat": 0.45710098,
        "line": "line-8",
        "lon": 33.23354775,
        "sample_id": "station:line-8-0324-0548-s000000",
        "scope_id": "line-8-0324-0548-s000000",
        "scope_type": "station"
      },
      "type": "Feature"
    },
    {
      "geometry": {
        "coordinates": [
          33.23552409,
          0.44072406
        ],
        "type": "Point"
      },
      "properties": {
        "chainage_m": 2403.3,
        "civil_class": "station",
        "investigation_flags": [
          "acidic-soil-durability-testing",
          "fine-soil-plasticity-and-shrink-swell-tests"
        ],
        "lat": 0.44072406,
        "line": "line-8",
        "lon": 33.23552409,
        "sample_id": "station:line-8-0415-0559-s002403",
        "scope_id": "line-8-0415-0559-s002403",
        "scope_type": "station"
      },
      "type": "Feature"
    },
    {
      "geometry": {
        "coordinates": [
          33.22707971,
          0.43226565
        ],
        "type": "Point"
      },
      "properties": {
        "chainage_m": 3732.7,
        "civil_class": "station",
        "investigation_flags": [
          "acidic-soil-durability-testing",
          "fine-soil-plasticity-and-shrink-swell-tests"
        ],
        "lat": 0.43226565,
        "line": "line-8",
        "lon": 33.22707971,
        "sample_id": "station:line-8-0462-0512-s003733",
        "scope_id": "line-8-0462-0512-s003733",
        "scope_type": "station"
      },
      "type": "Feature"
    },
    {
      "geometry": {
        "coordinates": [
          33.19312251,
          0.40437089
        ],
        "type": "Point"
      },
      "properties": {
        "chainage_m": 0.0,
        "civil_class": "station",
        "investigation_flags": [
          "acidic-soil-durability-testing",
          "fine-soil-plasticity-and-shrink-swell-tests"
        ],
        "lat": 0.40437089,
        "line": "line-9",
        "lon": 33.19312251,
        "sample_id": "station:line-9-0617-0323-s000000",
        "scope_id": "line-9-0617-0323-s000000",
        "scope_type": "station"
      },
      "type": "Feature"
    },
    {
      "geometry": {
        "coordinates": [
          33.20462124,
          0.39159329
        ],
        "type": "Point"
      },
      "properties": {
        "chainage_m": 2638.2,
        "civil_class": "station",
        "investigation_flags": [
          "acidic-soil-durability-testing",
          "fine-soil-plasticity-and-shrink-swell-tests"
        ],
        "lat": 0.39159329,
        "line": "line-9",
        "lon": 33.20462124,
        "sample_id": "station:line-9-0688-0387-s002638",
        "scope_id": "line-9-0688-0387-s002638",
        "scope_type": "station"
      },
      "type": "Feature"
    }
  ],
  "type": "FeatureCollection"
}
