{
  "features": [
    {
      "geometry": {
        "coordinates": [
          44.08791377117796,
          15.498470287585933
        ],
        "type": "Point"
      },
      "properties": {
        "charger_bus_voltage_v": 650.0,
        "charger_contact_count": 8,
        "charger_efficiency": 0.98,
        "charger_max_current_a": 3300.0,
        "charger_max_kw": 2000.0,
        "grid_export_kw": 3200.0,
        "grid_import_kw": 3200.0,
        "line": "line-1",
        "pv_nameplate_kw": 300.0,
        "station": "line-1-0008-0203-s000000",
        "storage_capacity_kwh": 2000.0,
        "storage_initial_soc": 0.6,
        "storage_max_charge_kw": 2000.0,
        "storage_max_discharge_kw": 2000.0,
        "storage_module_kwh": 500.0,
        "tier": "terminal"
      },
      "type": "Feature"
    },
    {
      "geometry": {
        "coordinates": [
          44.15032710456675,
          15.39319008026491
        ],
        "type": "Point"
      },
      "properties": {
        "charger_bus_voltage_v": 650.0,
        "charger_contact_count": 8,
        "charger_efficiency": 0.98,
        "charger_max_current_a": 3300.0,
        "charger_max_kw": 2000.0,
        "grid_export_kw": 2000.0,
        "grid_import_kw": 2000.0,
        "line": "line-1",
        "pv_nameplate_kw": 300.0,
        "station": "line-1-0593-0538-s015200",
        "storage_capacity_kwh": 2000.0,
        "storage_initial_soc": 0.5,
        "storage_max_charge_kw": 2000.0,
        "storage_max_discharge_kw": 2000.0,
        "storage_module_kwh": 500.0,
        "tier": "standard"
      },
      "type": "Feature"
    },
    {
      "geometry": {
        "coordinates": [
          44.16057406974998,
          15.379872583954217
        ],
        "type": "Point"
      },
      "properties": {
        "charger_bus_voltage_v": 650.0,
        "charger_contact_count": 8,
        "charger_efficiency": 0.98,
        "charger_max_current_a": 3300.0,
        "charger_max_kw": 2000.0,
        "grid_export_kw": 2400.0,
        "grid_import_kw": 2400.0,
        "line": "line-1",
        "pv_nameplate_kw": 300.0,
        "station": "line-1-0667-0593-s017347",
        "storage_capacity_kwh": 2000.0,
        "storage_initial_soc": 0.5,
        "storage_max_charge_kw": 2000.0,
        "storage_max_discharge_kw": 2000.0,
        "storage_module_kwh": 500.0,
        "tier": "interchange"
      },
      "type": "Feature"
    },
    {
      "geometry": {
        "coordinates": [
          44.173988278717125,
          15.362235899650866
        ],
        "type": "Point"
      },
      "properties": {
        "charger_bus_voltage_v": 650.0,
        "charger_contact_count": 8,
        "charger_efficiency": 0.98,
        "charger_max_current_a": 3300.0,
        "charger_max_kw": 2000.0,
        "grid_export_kw": 2000.0,
        "grid_import_kw": 2000.0,
        "line": "line-1",
        "pv_nameplate_kw": 300.0,
        "station": "line-1-0765-0665-s019997",
        "storage_capacity_kwh": 2000.0,
        "storage_initial_soc": 0.5,
        "storage_max_charge_kw": 2000.0,
        "storage_max_discharge_kw": 2000.0,
        "storage_module_kwh": 500.0,
        "tier": "standard"
      },
      "type": "Feature"
    },
    {
      "geometry": {
        "coordinates": [
          44.18218585086371,
          15.351797862001943
        ],
        "type": "Point"
      },
      "properties": {
        "charger_bus_voltage_v": 650.0,
        "charger_contact_count": 8,
        "charger_efficiency": 0.98,
        "charger_max_current_a": 3300.0,
        "charger_max_kw": 2000.0,
        "grid_export_kw": 2400.0,
        "grid_import_kw": 2400.0,
        "line": "line-1",
        "pv_nameplate_kw": 300.0,
        "station": "line-1-0823-0709-s021604",
        "storage_capacity_kwh": 2000.0,
        "storage_initial_soc": 0.5,
        "storage_max_charge_kw": 2000.0,
        "storage_max_discharge_kw": 2000.0,
        "storage_module_kwh": 500.0,
        "tier": "interchange"
      },
      "type": "Feature"
    },
    {
      "geometry": {
        "coordinates": [
          44.1952274429151,
          15.334701076197675
        ],
        "type": "Point"
      },
      "properties": {
        "charger_bus_voltage_v": 650.0,
        "charger_contact_count": 8,
        "charger_efficiency": 0.98,
        "charger_max_current_a": 3300.0,
        "charger_max_kw": 2000.0,
        "grid_export_kw": 2400.0,
        "grid_import_kw": 2400.0,
        "line": "line-1",
        "pv_nameplate_kw": 300.0,
        "station": "line-1-0918-0779-s024259",
        "storage_capacity_kwh": 2000.0,
        "storage_initial_soc": 0.5,
        "storage_max_charge_kw": 2000.0,
        "storage_max_discharge_kw": 2000.0,
        "storage_module_kwh": 500.0,
        "tier": "interchange"
      },
      "type": "Feature"
    },
    {
      "geometry": {
        "coordinates": [
          44.20212085585654,
          15.325882734045999
        ],
        "type": "Point"
      },
      "properties": {
        "charger_bus_voltage_v": 650.0,
        "charger_contact_count": 8,
        "charger_efficiency": 0.98,
        "charger_max_current_a": 3300.0,
        "charger_max_kw": 2000.0,
        "grid_export_kw": 2400.0,
        "grid_import_kw": 2400.0,
        "line": "line-1",
        "pv_nameplate_kw": 300.0,
        "station": "line-1-0967-0816-s025651",
        "storage_capacity_kwh": 2000.0,
        "storage_initial_soc": 0.5,
        "storage_max_charge_kw": 2000.0,
        "storage_max_discharge_kw": 2000.0,
        "storage_module_kwh": 500.0,
        "tier": "interchange"
      },
      "type": "Feature"
    },
    {
      "geometry": {
        "coordinates": [
          44.21069104491889,
          15.314724831731635
        ],
        "type": "Point"
      },
      "properties": {
        "charger_bus_voltage_v": 650.0,
        "charger_contact_count": 8,
        "charger_efficiency": 0.98,
        "charger_max_current_a": 3300.0,
        "charger_max_kw": 2000.0,
        "grid_export_kw": 2400.0,
        "grid_import_kw": 2400.0,
        "line": "line-1",
        "pv_nameplate_kw": 300.0,
        "station": "line-1-1029-0862-s027296",
        "storage_capacity_kwh": 2000.0,
        "storage_initial_soc": 0.5,
        "storage_max_charge_kw": 2000.0,
        "storage_max_discharge_kw": 2000.0,
        "storage_module_kwh": 500.0,
        "tier": "interchange"
      },
      "type": "Feature"
    },
    {
      "geometry": {
        "coordinates": [
          44.221683243933626,
          15.300507504589138
        ],
        "type": "Point"
      },
      "properties": {
        "charger_bus_voltage_v": 650.0,
        "charger_contact_count": 8,
        "charger_efficiency": 0.98,
        "charger_max_current_a": 3300.0,
        "charger_max_kw": 2000.0,
        "grid_export_kw": 2000.0,
        "grid_import_kw": 2000.0,
        "line": "line-1",
        "pv_nameplate_kw": 300.0,
        "station": "line-1-1108-0921-s029599",
        "storage_capacity_kwh": 2000.0,
        "storage_initial_soc": 0.5,
        "storage_max_charge_kw": 2000.0,
        "storage_max_discharge_kw": 2000.0,
        "storage_module_kwh": 500.0,
        "tier": "standard"
      },
      "type": "Feature"
    },
    {
      "geometry": {
        "coordinates": [
          44.229321890706586,
          15.290429399272936
        ],
        "type": "Point"
      },
      "properties": {
        "charger_bus_voltage_v": 650.0,
        "charger_contact_count": 8,
        "charger_efficiency": 0.98,
        "charger_max_current_a": 3300.0,
        "charger_max_kw": 2000.0,
        "grid_export_kw": 2000.0,
        "grid_import_kw": 2000.0,
        "line": "line-1",
        "pv_nameplate_kw": 300.0,
        "station": "line-1-1164-0962-s031199",
        "storage_capacity_kwh": 2000.0,
        "storage_initial_soc": 0.5,
        "storage_max_charge_kw": 2000.0,
        "storage_max_discharge_kw": 2000.0,
        "storage_module_kwh": 500.0,
        "tier": "standard"
      },
      "type": "Feature"
    },
    {
      "geometry": {
        "coordinates": [
          44.23770577131105,
          15.279631429291292
        ],
        "type": "Point"
      },
      "properties": {
        "charger_bus_voltage_v": 650.0,
        "charger_contact_count": 8,
        "charger_efficiency": 0.98,
        "charger_max_current_a": 3300.0,
        "charger_max_kw": 2000.0,
        "grid_export_kw": 2400.0,
        "grid_import_kw": 2400.0,
        "line": "line-1",
        "pv_nameplate_kw": 300.0,
        "station": "line-1-1224-1007-s032795",
        "storage_capacity_kwh": 2000.0,
        "storage_initial_soc": 0.5,
        "storage_max_charge_kw": 2000.0,
        "storage_max_discharge_kw": 2000.0,
        "storage_module_kwh": 500.0,
        "tier": "interchange"
      },
      "type": "Feature"
    },
    {
      "geometry": {
        "coordinates": [
          44.24553072654188,
          15.269373357808732
        ],
        "type": "Point"
      },
      "properties": {
        "charger_bus_voltage_v": 650.0,
        "charger_contact_count": 8,
        "charger_efficiency": 0.98,
        "charger_max_current_a": 3300.0,
        "charger_max_kw": 2000.0,
        "grid_export_kw": 2000.0,
        "grid_import_kw": 2000.0,
        "line": "line-1",
        "pv_nameplate_kw": 300.0,
        "station": "line-1-1281-1049-s034389",
        "storage_capacity_kwh": 2000.0,
        "storage_initial_soc": 0.5,
        "storage_max_charge_kw": 2000.0,
        "storage_max_discharge_kw": 2000.0,
        "storage_module_kwh": 500.0,
        "tier": "standard"
      },
      "type": "Feature"
    },
    {
      "geometry": {
        "coordinates": [
          44.253728298688465,
          15.248857214843609
        ],
        "type": "Point"
      },
      "properties": {
        "charger_bus_voltage_v": 650.0,
        "charger_contact_count": 8,
        "charger_efficiency": 0.98,
        "charger_max_current_a": 3300.0,
        "charger_max_kw": 2000.0,
        "grid_export_kw": 12000.0,
        "grid_import_kw": 12000.0,
        "line": "line-1",
        "pv_nameplate_kw": 5000.0,
        "station": "line-1-1395-1093-s037289",
        "storage_capacity_kwh": 40000.0,
        "storage_initial_soc": 0.6,
        "storage_max_charge_kw": 10000.0,
        "storage_max_discharge_kw": 10000.0,
        "storage_module_kwh": 500.0,
        "tier": "depot-main"
      },
      "type": "Feature"
    },
    {
      "geometry": {
        "coordinates": [
          44.20510179118258,
          15.332001583702263
        ],
        "type": "Point"
      },
      "properties": {
        "charger_bus_voltage_v": 650.0,
        "charger_contact_count": 8,
        "charger_efficiency": 0.98,
        "charger_max_current_a": 3300.0,
        "charger_max_kw": 2000.0,
        "grid_export_kw": 12000.0,
        "grid_import_kw": 12000.0,
        "line": "line-10",
        "pv_nameplate_kw": 5000.0,
        "station": "line-10-0933-0832-s000000",
        "storage_capacity_kwh": 40000.0,
        "storage_initial_soc": 0.6,
        "storage_max_charge_kw": 10000.0,
        "storage_max_discharge_kw": 10000.0,
        "storage_module_kwh": 500.0,
        "tier": "depot-main"
      },
      "type": "Feature"
    },
    {
      "geometry": {
        "coordinates": [
          44.206033333471964,
          15.333081380700428
        ],
        "type": "Point"
      },
      "properties": {
        "charger_bus_voltage_v": 650.0,
        "charger_contact_count": 8,
        "charger_efficiency": 0.98,
        "charger_max_current_a": 3300.0,
        "charger_max_kw": 2000.0,
        "grid_export_kw": 2400.0,
        "grid_import_kw": 2400.0,
        "line": "line-10",
        "pv_nameplate_kw": 300.0,
        "station": "line-10-0927-0837-s000161",
        "storage_capacity_kwh": 2000.0,
        "storage_initial_soc": 0.5,
        "storage_max_charge_kw": 2000.0,
        "storage_max_discharge_kw": 2000.0,
        "storage_module_kwh": 500.0,
        "tier": "interchange"
      },
      "type": "Feature"
    },
    {
      "geometry": {
        "coordinates": [
          44.206033333471964,
          15.334341143864954
        ],
        "type": "Point"
      },
      "properties": {
        "charger_bus_voltage_v": 650.0,
        "charger_contact_count": 8,
        "charger_efficiency": 0.98,
        "charger_max_current_a": 3300.0,
        "charger_max_kw": 2000.0,
        "grid_export_kw": 2400.0,
        "grid_import_kw": 2400.0,
        "line": "line-10",
        "pv_nameplate_kw": 300.0,
        "station": "line-10-0920-0837-s000301",
        "storage_capacity_kwh": 2000.0,
        "storage_initial_soc": 0.5,
        "storage_max_charge_kw": 2000.0,
        "storage_max_discharge_kw": 2000.0,
        "storage_module_kwh": 500.0,
        "tier": "interchange"
      },
      "type": "Feature"
    },
    {
      "geometry": {
        "coordinates": [
          44.206033333471964,
          15.336140805528562
        ],
        "type": "Point"
      },
      "properties": {
        "charger_bus_voltage_v": 650.0,
        "charger_contact_count": 8,
        "charger_efficiency": 0.98,
        "charger_max_current_a": 3300.0,
        "charger_max_kw": 2000.0,
        "grid_export_kw": 2400.0,
        "grid_import_kw": 2400.0,
        "line": "line-10",
        "pv_nameplate_kw": 300.0,
        "station": "line-10-0910-0837-s000535",
        "storage_capacity_kwh": 2000.0,
        "storage_initial_soc": 0.5,
        "storage_max_charge_kw": 2000.0,
        "storage_max_discharge_kw": 2000.0,
        "storage_module_kwh": 500.0,
        "tier": "interchange"
      },
      "type": "Feature"
    },
    {
      "geometry": {
        "coordinates": [
          44.19913992053051,
          15.354857286830075
        ],
        "type": "Point"
      },
      "properties": {
        "charger_bus_voltage_v": 650.0,
        "charger_contact_count": 8,
        "charger_efficiency": 0.98,
        "charger_max_current_a": 3300.0,
        "charger_max_kw": 2000.0,
        "grid_export_kw": 2400.0,
        "grid_import_kw": 2400.0,
        "line": "line-10",
        "pv_nameplate_kw": 300.0,
        "station": "line-10-0806-0800-s002921",
        "storage_capacity_kwh": 2000.0,
        "storage_initial_soc": 0.5,
        "storage_max_charge_kw": 2000.0,
        "storage_max_discharge_kw": 2000.0,
        "storage_module_kwh": 500.0,
        "tier": "interchange"
      },
      "type": "Feature"
    },
    {
      "geometry": {
        "coordinates": [
          44.18740248768427,
          15.366735053809883
        ],
        "type": "Point"
      },
      "properties": {
        "charger_bus_voltage_v": 650.0,
        "charger_contact_count": 8,
        "charger_efficiency": 0.98,
        "charger_max_current_a": 3300.0,
        "charger_max_kw": 2000.0,
        "grid_export_kw": 2000.0,
        "grid_import_kw": 2000.0,
        "line": "line-10",
        "pv_nameplate_kw": 300.0,
        "station": "line-10-0740-0737-s004763",
        "storage_capacity_kwh": 2000.0,
        "storage_initial_soc": 0.5,
        "storage_max_charge_kw": 2000.0,
        "storage_max_discharge_kw": 2000.0,
        "storage_module_kwh": 500.0,
        "tier": "standard"
      },
      "type": "Feature"
    },
    {
      "geometry": {
        "coordinates": [
          44.19485482599934,
          15.374293632797034
        ],
        "type": "Point"
      },
      "properties": {
        "charger_bus_voltage_v": 650.0,
        "charger_contact_count": 8,
        "charger_efficiency": 0.98,
        "charger_max_current_a": 3300.0,
        "charger_max_kw": 2000.0,
        "grid_export_kw": 2400.0,
        "grid_import_kw": 2400.0,
        "line": "line-10",
        "pv_nameplate_kw": 300.0,
        "station": "line-10-0698-0777-s006403",
        "storage_capacity_kwh": 2000.0,
        "storage_initial_soc": 0.5,
        "storage_max_charge_kw": 2000.0,
        "storage_max_discharge_kw": 2000.0,
        "storage_module_kwh": 500.0,
        "tier": "interchange"
      },
      "type": "Feature"
    },
    {
      "geometry": {
        "coordinates": [
          44.206033333471964,
          15.384731670445957
        ],
        "type": "Point"
      },
      "properties": {
        "charger_bus_voltage_v": 650.0,
        "charger_contact_count": 8,
        "charger_efficiency": 0.98,
        "charger_max_current_a": 3300.0,
        "charger_max_kw": 2000.0,
        "grid_export_kw": 3200.0,
        "grid_import_kw": 3200.0,
        "line": "line-10",
        "pv_nameplate_kw": 300.0,
        "station": "line-10-0640-0837-s008763",
        "storage_capacity_kwh": 2000.0,
        "storage_initial_soc": 0.6,
        "storage_max_charge_kw": 2000.0,
        "storage_max_discharge_kw": 2000.0,
        "storage_module_kwh": 500.0,
        "tier": "terminal"
      },
      "type": "Feature"
    },
    {
      "geometry": {
        "coordinates": [
          44.170634726475335,
          15.386711298275925
        ],
        "type": "Point"
      },
      "properties": {
        "charger_bus_voltage_v": 650.0,
        "charger_contact_count": 8,
        "charger_efficiency": 0.98,
        "charger_max_current_a": 3300.0,
        "charger_max_kw": 2000.0,
        "grid_export_kw": 12000.0,
        "grid_import_kw": 12000.0,
        "line": "line-11",
        "pv_nameplate_kw": 5000.0,
        "station": "line-11-0629-0647-s000000",
        "storage_capacity_kwh": 40000.0,
        "storage_initial_soc": 0.6,
        "storage_max_charge_kw": 10000.0,
        "storage_max_discharge_kw": 10000.0,
        "storage_module_kwh": 500.0,
        "tier": "depot-main"
      },
      "type": "Feature"
    },
    {
      "geometry": {
        "coordinates": [
          44.170634726475335,
          15.390130655436778
        ],
        "type": "Point"
      },
      "properties": {
        "charger_bus_voltage_v": 650.0,
        "charger_contact_count": 8,
        "charger_efficiency": 0.98,
        "charger_max_current_a": 3300.0,
        "charger_max_kw": 2000.0,
        "grid_export_kw": 2400.0,
        "grid_import_kw": 2400.0,
        "line": "line-11",
        "pv_nameplate_kw": 300.0,
        "station": "line-11-0610-0647-s000380",
        "storage_capacity_kwh": 2000.0,
        "storage_initial_soc": 0.5,
        "storage_max_charge_kw": 2000.0,
        "storage_max_discharge_kw": 2000.0,
        "storage_module_kwh": 500.0,
        "tier": "interchange"
      },
      "type": "Feature"
    },
    {
      "geometry": {
        "coordinates": [
          44.165604398112656,
          15.39337004643127
        ],
        "type": "Point"
      },
      "properties": {
        "charger_bus_voltage_v": 650.0,
        "charger_contact_count": 8,
        "charger_efficiency": 0.98,
        "charger_max_current_a": 3300.0,
        "charger_max_kw": 2000.0,
        "grid_export_kw": 2400.0,
        "grid_import_kw": 2400.0,
        "line": "line-11",
        "pv_nameplate_kw": 300.0,
        "station": "line-11-0592-0620-s001186",
        "storage_capacity_kwh": 2000.0,
        "storage_initial_soc": 0.5,
        "storage_max_charge_kw": 2000.0,
        "storage_max_discharge_kw": 2000.0,
        "storage_module_kwh": 500.0,
        "tier": "interchange"
      },
      "type": "Feature"
    },
    {
      "geometry": {
        "coordinates": [
          44.179204915537674,
          15.399128963754814
        ],
        "type": "Point"
      },
      "properties": {
        "charger_bus_voltage_v": 650.0,
        "charger_contact_count": 8,
        "charger_efficiency": 0.98,
        "charger_max_current_a": 3300.0,
        "charger_max_kw": 2000.0,
        "grid_export_kw": 2400.0,
        "grid_import_kw": 2400.0,
        "line": "line-11",
        "pv_nameplate_kw": 300.0,
        "station": "line-11-0560-0693-s002970",
        "storage_capacity_kwh": 2000.0,
        "storage_initial_soc": 0.5,
        "storage_max_charge_kw": 2000.0,
        "storage_max_discharge_kw": 2000.0,
        "storage_module_kwh": 500.0,
        "tier": "interchange"
      },
      "type": "Feature"
    },
    {
      "geometry": {
        "coordinates": [
          44.19653160212024,
          15.399128963754814
        ],
        "type": "Point"
      },
      "properties": {
        "charger_bus_voltage_v": 650.0,
        "charger_contact_count": 8,
        "charger_efficiency": 0.98,
        "charger_max_current_a": 3300.0,
        "charger_max_kw": 2000.0,
        "grid_export_kw": 2000.0,
        "grid_import_kw": 2000.0,
        "line": "line-11",
        "pv_nameplate_kw": 300.0,
        "station": "line-11-0560-0786-s004830",
        "storage_capacity_kwh": 2000.0,
        "storage_initial_soc": 0.5,
        "storage_max_charge_kw": 2000.0,
        "storage_max_discharge_kw": 2000.0,
        "storage_module_kwh": 500.0,
        "tier": "standard"
      },
      "type": "Feature"
    },
    {
      "geometry": {
        "coordinates": [
          44.20640595038772,
          15.404168016412914
        ],
        "type": "Point"
      },
      "properties": {
        "charger_bus_voltage_v": 650.0,
        "charger_contact_count": 8,
        "charger_efficiency": 0.98,
        "charger_max_current_a": 3300.0,
        "charger_max_kw": 2000.0,
        "grid_export_kw": 2400.0,
        "grid_import_kw": 2400.0,
        "line": "line-11",
        "pv_nameplate_kw": 300.0,
        "station": "line-11-0532-0839-s006116",
        "storage_capacity_kwh": 2000.0,
        "storage_initial_soc": 0.5,
        "storage_max_charge_kw": 2000.0,
        "storage_max_discharge_kw": 2000.0,
        "storage_module_kwh": 500.0,
        "tier": "interchange"
      },
      "type": "Feature"
    },
    {
      "geometry": {
        "coordinates": [
          44.20771010959285,
          15.404527948745637
        ],
        "type": "Point"
      },
      "properties": {
        "charger_bus_voltage_v": 650.0,
        "charger_contact_count": 8,
        "charger_efficiency": 0.98,
        "charger_max_current_a": 3300.0,
        "charger_max_kw": 2000.0,
        "grid_export_kw": 3200.0,
        "grid_import_kw": 3200.0,
        "line": "line-11",
        "pv_nameplate_kw": 300.0,
        "station": "line-11-0530-0846-s006278",
        "storage_capacity_kwh": 2000.0,
        "storage_initial_soc": 0.6,
        "storage_max_charge_kw": 2000.0,
        "storage_max_discharge_kw": 2000.0,
        "storage_module_kwh": 500.0,
        "tier": "terminal"
      },
      "type": "Feature"
    },
    {
      "geometry": {
        "coordinates": [
          44.218888617065474,
          15.328042328042327
        ],
        "type": "Point"
      },
      "properties": {
        "charger_bus_voltage_v": 650.0,
        "charger_contact_count": 8,
        "charger_efficiency": 0.98,
        "charger_max_current_a": 3300.0,
        "charger_max_kw": 2000.0,
        "grid_export_kw": 12000.0,
        "grid_import_kw": 12000.0,
        "line": "line-12",
        "pv_nameplate_kw": 5000.0,
        "station": "line-12-0955-0906-s000000",
        "storage_capacity_kwh": 40000.0,
        "storage_initial_soc": 0.6,
        "storage_max_charge_kw": 10000.0,
        "storage_max_discharge_kw": 10000.0,
        "storage_module_kwh": 500.0,
        "tier": "depot-main"
      },
      "type": "Feature"
    },
    {
      "geometry": {
        "coordinates": [
          44.22336002005452,
          15.314724831731635
        ],
        "type": "Point"
      },
      "properties": {
        "charger_bus_voltage_v": 650.0,
        "charger_contact_count": 8,
        "charger_efficiency": 0.98,
        "charger_max_current_a": 3300.0,
        "charger_max_kw": 2000.0,
        "grid_export_kw": 2000.0,
        "grid_import_kw": 2000.0,
        "line": "line-12",
        "pv_nameplate_kw": 300.0,
        "station": "line-12-1029-0930-s001679",
        "storage_capacity_kwh": 2000.0,
        "storage_initial_soc": 0.5,
        "storage_max_charge_kw": 2000.0,
        "storage_max_discharge_kw": 2000.0,
        "storage_module_kwh": 500.0,
        "tier": "standard"
      },
      "type": "Feature"
    },
    {
      "geometry": {
        "coordinates": [
          44.23472483598501,
          15.307166252744484
        ],
        "type": "Point"
      },
      "properties": {
        "charger_bus_voltage_v": 650.0,
        "charger_contact_count": 8,
        "charger_efficiency": 0.98,
        "charger_max_current_a": 3300.0,
        "charger_max_kw": 2000.0,
        "grid_export_kw": 2400.0,
        "grid_import_kw": 2400.0,
        "line": "line-12",
        "pv_nameplate_kw": 300.0,
        "station": "line-12-1071-0991-s003376",
        "storage_capacity_kwh": 2000.0,
        "storage_initial_soc": 0.5,
        "storage_max_charge_kw": 2000.0,
        "storage_max_discharge_kw": 2000.0,
        "storage_module_kwh": 500.0,
        "tier": "interchange"
      },
      "type": "Feature"
    },
    {
      "geometry": {
        "coordinates": [
          44.23714684593742,
          15.300147572256416
        ],
        "type": "Point"
      },
      "properties": {
        "charger_bus_voltage_v": 650.0,
        "charger_contact_count": 8,
        "charger_efficiency": 0.98,
        "charger_max_current_a": 3300.0,
        "charger_max_kw": 2000.0,
        "grid_export_kw": 3200.0,
        "grid_import_kw": 3200.0,
        "line": "line-12",
        "pv_nameplate_kw": 300.0,
        "station": "line-12-1110-1004-s005450",
        "storage_capacity_kwh": 2000.0,
        "storage_initial_soc": 0.6,
        "storage_max_charge_kw": 2000.0,
        "storage_max_discharge_kw": 2000.0,
        "storage_module_kwh": 500.0,
        "tier": "terminal"
      },
      "type": "Feature"
    },
    {
      "geometry": {
        "coordinates": [
          44.21124997029251,
          15.36367562898175
        ],
        "type": "Point"
      },
      "properties": {
        "charger_bus_voltage_v": 650.0,
        "charger_contact_count": 8,
        "charger_efficiency": 0.98,
        "charger_max_current_a": 3300.0,
        "charger_max_kw": 2000.0,
        "grid_export_kw": 12000.0,
        "grid_import_kw": 12000.0,
        "line": "line-13",
        "pv_nameplate_kw": 5000.0,
        "station": "line-13-0757-0865-s000000",
        "storage_capacity_kwh": 40000.0,
        "storage_initial_soc": 0.6,
        "storage_max_charge_kw": 10000.0,
        "storage_max_discharge_kw": 10000.0,
        "storage_module_kwh": 500.0,
        "tier": "depot-main"
      },
      "type": "Feature"
    },
    {
      "geometry": {
        "coordinates": [
          44.21628029865519,
          15.385271568945038
        ],
        "type": "Point"
      },
      "properties": {
        "charger_bus_voltage_v": 650.0,
        "charger_contact_count": 8,
        "charger_efficiency": 0.98,
        "charger_max_current_a": 3300.0,
        "charger_max_kw": 2000.0,
        "grid_export_kw": 2400.0,
        "grid_import_kw": 2400.0,
        "line": "line-13",
        "pv_nameplate_kw": 300.0,
        "station": "line-13-0637-0892-s002624",
        "storage_capacity_kwh": 2000.0,
        "storage_initial_soc": 0.5,
        "storage_max_charge_kw": 2000.0,
        "storage_max_discharge_kw": 2000.0,
        "storage_module_kwh": 500.0,
        "tier": "interchange"
      },
      "type": "Feature"
    },
    {
      "geometry": {
        "coordinates": [
          44.22280109468089,
          15.391570384767663
        ],
        "type": "Point"
      },
      "properties": {
        "charger_bus_voltage_v": 650.0,
        "charger_contact_count": 8,
        "charger_efficiency": 0.98,
        "charger_max_current_a": 3300.0,
        "charger_max_kw": 2000.0,
        "grid_export_kw": 2400.0,
        "grid_import_kw": 2400.0,
        "line": "line-13",
        "pv_nameplate_kw": 300.0,
        "station": "line-13-0602-0927-s003614",
        "storage_capacity_kwh": 2000.0,
        "storage_initial_soc": 0.5,
        "storage_max_charge_kw": 2000.0,
        "storage_max_discharge_kw": 2000.0,
        "storage_module_kwh": 500.0,
        "tier": "interchange"
      },
      "type": "Feature"
    },
    {
      "geometry": {
        "coordinates": [
          44.22391894542815,
          15.401828456250225
        ],
        "type": "Point"
      },
      "properties": {
        "charger_bus_voltage_v": 650.0,
        "charger_contact_count": 8,
        "charger_efficiency": 0.98,
        "charger_max_current_a": 3300.0,
        "charger_max_kw": 2000.0,
        "grid_export_kw": 2400.0,
        "grid_import_kw": 2400.0,
        "line": "line-13",
        "pv_nameplate_kw": 300.0,
        "station": "line-13-0545-0933-s004803",
        "storage_capacity_kwh": 2000.0,
        "storage_initial_soc": 0.5,
        "storage_max_charge_kw": 2000.0,
        "storage_max_discharge_kw": 2000.0,
        "storage_module_kwh": 500.0,
        "tier": "interchange"
      },
      "type": "Feature"
    },
    {
      "geometry": {
        "coordinates": [
          44.22391894542815,
          15.40308821941475
        ],
        "type": "Point"
      },
      "properties": {
        "charger_bus_voltage_v": 650.0,
        "charger_contact_count": 8,
        "charger_efficiency": 0.98,
        "charger_max_current_a": 3300.0,
        "charger_max_kw": 2000.0,
        "grid_export_kw": 2400.0,
        "grid_import_kw": 2400.0,
        "line": "line-13",
        "pv_nameplate_kw": 300.0,
        "station": "line-13-0538-0933-s004943",
        "storage_capacity_kwh": 2000.0,
        "storage_initial_soc": 0.5,
        "storage_max_charge_kw": 2000.0,
        "storage_max_discharge_kw": 2000.0,
        "storage_module_kwh": 500.0,
        "tier": "interchange"
      },
      "type": "Feature"
    },
    {
      "geometry": {
        "coordinates": [
          44.20845534342436,
          15.40308821941475
        ],
        "type": "Point"
      },
      "properties": {
        "charger_bus_voltage_v": 650.0,
        "charger_contact_count": 8,
        "charger_efficiency": 0.98,
        "charger_max_current_a": 3300.0,
        "charger_max_kw": 2000.0,
        "grid_export_kw": 2400.0,
        "grid_import_kw": 2400.0,
        "line": "line-13",
        "pv_nameplate_kw": 300.0,
        "station": "line-13-0538-0850-s006603",
        "storage_capacity_kwh": 2000.0,
        "storage_initial_soc": 0.5,
        "storage_max_charge_kw": 2000.0,
        "storage_max_discharge_kw": 2000.0,
        "storage_module_kwh": 500.0,
        "tier": "interchange"
      },
      "type": "Feature"
    },
    {
      "geometry": {
        "coordinates": [
          44.20640595038772,
          15.404168016412914
        ],
        "type": "Point"
      },
      "properties": {
        "charger_bus_voltage_v": 650.0,
        "charger_contact_count": 8,
        "charger_efficiency": 0.98,
        "charger_max_current_a": 3300.0,
        "charger_max_kw": 2000.0,
        "grid_export_kw": 2400.0,
        "grid_import_kw": 2400.0,
        "line": "line-13",
        "pv_nameplate_kw": 300.0,
        "station": "line-13-0532-0839-s006887",
        "storage_capacity_kwh": 2000.0,
        "storage_initial_soc": 0.5,
        "storage_max_charge_kw": 2000.0,
        "storage_max_discharge_kw": 2000.0,
        "storage_module_kwh": 500.0,
        "tier": "interchange"
      },
      "type": "Feature"
    },
    {
      "geometry": {
        "coordinates": [
          44.1838626269846,
          15.41316632473095
        ],
        "type": "Point"
      },
      "properties": {
        "charger_bus_voltage_v": 650.0,
        "charger_contact_count": 8,
        "charger_efficiency": 0.98,
        "charger_max_current_a": 3300.0,
        "charger_max_kw": 2000.0,
        "grid_export_kw": 3200.0,
        "grid_import_kw": 3200.0,
        "line": "line-13",
        "pv_nameplate_kw": 300.0,
        "station": "line-13-0482-0718-s009707",
        "storage_capacity_kwh": 2000.0,
        "storage_initial_soc": 0.6,
        "storage_max_charge_kw": 2000.0,
        "storage_max_discharge_kw": 2000.0,
        "storage_module_kwh": 500.0,
        "tier": "terminal"
      },
      "type": "Feature"
    },
    {
      "geometry": {
        "coordinates": [
          44.20286608968805,
          15.415865817226361
        ],
        "type": "Point"
      },
      "properties": {
        "charger_bus_voltage_v": 650.0,
        "charger_contact_count": 8,
        "charger_efficiency": 0.98,
        "charger_max_current_a": 3300.0,
        "charger_max_kw": 2000.0,
        "grid_export_kw": 12000.0,
        "grid_import_kw": 12000.0,
        "line": "line-2",
        "pv_nameplate_kw": 5000.0,
        "station": "line-2-0467-0820-s000000",
        "storage_capacity_kwh": 40000.0,
        "storage_initial_soc": 0.6,
        "storage_max_charge_kw": 10000.0,
        "storage_max_discharge_kw": 10000.0,
        "storage_module_kwh": 500.0,
        "tier": "depot-main"
      },
      "type": "Feature"
    },
    {
      "geometry": {
        "coordinates": [
          44.20771010959285,
          15.404527948745637
        ],
        "type": "Point"
      },
      "properties": {
        "charger_bus_voltage_v": 650.0,
        "charger_contact_count": 8,
        "charger_efficiency": 0.98,
        "charger_max_current_a": 3300.0,
        "charger_max_kw": 2000.0,
        "grid_export_kw": 2400.0,
        "grid_import_kw": 2400.0,
        "line": "line-2",
        "pv_nameplate_kw": 300.0,
        "station": "line-2-0530-0846-s001487",
        "storage_capacity_kwh": 2000.0,
        "storage_initial_soc": 0.5,
        "storage_max_charge_kw": 2000.0,
        "storage_max_discharge_kw": 2000.0,
        "storage_module_kwh": 500.0,
        "tier": "interchange"
      },
      "type": "Feature"
    },
    {
      "geometry": {
        "coordinates": [
          44.20845534342436,
          15.40308821941475
        ],
        "type": "Point"
      },
      "properties": {
        "charger_bus_voltage_v": 650.0,
        "charger_contact_count": 8,
        "charger_efficiency": 0.98,
        "charger_max_current_a": 3300.0,
        "charger_max_kw": 2000.0,
        "grid_export_kw": 2400.0,
        "grid_import_kw": 2400.0,
        "line": "line-2",
        "pv_nameplate_kw": 300.0,
        "station": "line-2-0538-0850-s001680",
        "storage_capacity_kwh": 2000.0,
        "storage_initial_soc": 0.5,
        "storage_max_charge_kw": 2000.0,
        "storage_max_discharge_kw": 2000.0,
        "storage_module_kwh": 500.0,
        "tier": "interchange"
      },
      "type": "Feature"
    },
    {
      "geometry": {
        "coordinates": [
          44.216093990197315,
          15.385631501277759
        ],
        "type": "Point"
      },
      "properties": {
        "charger_bus_voltage_v": 650.0,
        "charger_contact_count": 8,
        "charger_efficiency": 0.98,
        "charger_max_current_a": 3300.0,
        "charger_max_kw": 2000.0,
        "grid_export_kw": 2400.0,
        "grid_import_kw": 2400.0,
        "line": "line-2",
        "pv_nameplate_kw": 300.0,
        "station": "line-2-0635-0891-s004007",
        "storage_capacity_kwh": 2000.0,
        "storage_initial_soc": 0.5,
        "storage_max_charge_kw": 2000.0,
        "storage_max_discharge_kw": 2000.0,
        "storage_module_kwh": 500.0,
        "tier": "interchange"
      },
      "type": "Feature"
    },
    {
      "geometry": {
        "coordinates": [
          44.221124318559994,
          15.374293632797034
        ],
        "type": "Point"
      },
      "properties": {
        "charger_bus_voltage_v": 650.0,
        "charger_contact_count": 8,
        "charger_efficiency": 0.98,
        "charger_max_current_a": 3300.0,
        "charger_max_kw": 2000.0,
        "grid_export_kw": 2400.0,
        "grid_import_kw": 2400.0,
        "line": "line-2",
        "pv_nameplate_kw": 300.0,
        "station": "line-2-0698-0918-s005526",
        "storage_capacity_kwh": 2000.0,
        "storage_initial_soc": 0.5,
        "storage_max_charge_kw": 2000.0,
        "storage_max_discharge_kw": 2000.0,
        "storage_module_kwh": 500.0,
        "tier": "interchange"
      },
      "type": "Feature"
    },
    {
      "geometry": {
        "coordinates": [
          44.22615464692267,
          15.362775798149947
        ],
        "type": "Point"
      },
      "properties": {
        "charger_bus_voltage_v": 650.0,
        "charger_contact_count": 8,
        "charger_efficiency": 0.98,
        "charger_max_current_a": 3300.0,
        "charger_max_kw": 2000.0,
        "grid_export_kw": 2400.0,
        "grid_import_kw": 2400.0,
        "line": "line-2",
        "pv_nameplate_kw": 300.0,
        "station": "line-2-0762-0945-s007041",
        "storage_capacity_kwh": 2000.0,
        "storage_initial_soc": 0.5,
        "storage_max_charge_kw": 2000.0,
        "storage_max_discharge_kw": 2000.0,
        "storage_module_kwh": 500.0,
        "tier": "interchange"
      },
      "type": "Feature"
    },
    {
      "geometry": {
        "coordinates": [
          44.22689988075418,
          15.360616204153619
        ],
        "type": "Point"
      },
      "properties": {
        "charger_bus_voltage_v": 650.0,
        "charger_contact_count": 8,
        "charger_efficiency": 0.98,
        "charger_max_current_a": 3300.0,
        "charger_max_kw": 2000.0,
        "grid_export_kw": 2400.0,
        "grid_import_kw": 2400.0,
        "line": "line-2",
        "pv_nameplate_kw": 300.0,
        "station": "line-2-0774-0949-s007314",
        "storage_capacity_kwh": 2000.0,
        "storage_initial_soc": 0.5,
        "storage_max_charge_kw": 2000.0,
        "storage_max_discharge_kw": 2000.0,
        "storage_module_kwh": 500.0,
        "tier": "interchange"
      },
      "type": "Feature"
    },
    {
      "geometry": {
        "coordinates": [
          44.231557592201106,
          15.350358132671058
        ],
        "type": "Point"
      },
      "properties": {
        "charger_bus_voltage_v": 650.0,
        "charger_contact_count": 8,
        "charger_efficiency": 0.98,
        "charger_max_current_a": 3300.0,
        "charger_max_kw": 2000.0,
        "grid_export_kw": 2400.0,
        "grid_import_kw": 2400.0,
        "line": "line-2",
        "pv_nameplate_kw": 300.0,
        "station": "line-2-0831-0974-s008696",
        "storage_capacity_kwh": 2000.0,
        "storage_initial_soc": 0.5,
        "storage_max_charge_kw": 2000.0,
        "storage_max_discharge_kw": 2000.0,
        "storage_module_kwh": 500.0,
        "tier": "interchange"
      },
      "type": "Feature"
    },
    {
      "geometry": {
        "coordinates": [
          44.23714684593742,
          15.337400568693086
        ],
        "type": "Point"
      },
      "properties": {
        "charger_bus_voltage_v": 650.0,
        "charger_contact_count": 8,
        "charger_efficiency": 0.98,
        "charger_max_current_a": 3300.0,
        "charger_max_kw": 2000.0,
        "grid_export_kw": 2400.0,
        "grid_import_kw": 2400.0,
        "line": "line-2",
        "pv_nameplate_kw": 300.0,
        "station": "line-2-0903-1004-s010408",
        "storage_capacity_kwh": 2000.0,
        "storage_initial_soc": 0.5,
        "storage_max_charge_kw": 2000.0,
        "storage_max_discharge_kw": 2000.0,
        "storage_module_kwh": 500.0,
        "tier": "interchange"
      },
      "type": "Feature"
    },
    {
      "geometry": {
        "coordinates": [
          44.24236348275797,
          15.325342835546918
        ],
        "type": "Point"
      },
      "properties": {
        "charger_bus_voltage_v": 650.0,
        "charger_contact_count": 8,
        "charger_efficiency": 0.98,
        "charger_max_current_a": 3300.0,
        "charger_max_kw": 2000.0,
        "grid_export_kw": 2000.0,
        "grid_import_kw": 2000.0,
        "line": "line-2",
        "pv_nameplate_kw": 300.0,
        "station": "line-2-0970-1032-s012004",
        "storage_capacity_kwh": 2000.0,
        "storage_initial_soc": 0.5,
        "storage_max_charge_kw": 2000.0,
        "storage_max_discharge_kw": 2000.0,
        "storage_module_kwh": 500.0,
        "tier": "standard"
      },
      "type": "Feature"
    },
    {
      "geometry": {
        "coordinates": [
          44.24758011957853,
          15.31346506856711
        ],
        "type": "Point"
      },
      "properties": {
        "charger_bus_voltage_v": 650.0,
        "charger_contact_count": 8,
        "charger_efficiency": 0.98,
        "charger_max_current_a": 3300.0,
        "charger_max_kw": 2000.0,
        "grid_export_kw": 2000.0,
        "grid_import_kw": 2000.0,
        "line": "line-2",
        "pv_nameplate_kw": 300.0,
        "station": "line-2-1036-1060-s013591",
        "storage_capacity_kwh": 2000.0,
        "storage_initial_soc": 0.5,
        "storage_max_charge_kw": 2000.0,
        "storage_max_discharge_kw": 2000.0,
        "storage_module_kwh": 500.0,
        "tier": "standard"
      },
      "type": "Feature"
    },
    {
      "geometry": {
        "coordinates": [
          44.252983064856956,
          15.30122736925458
        ],
        "type": "Point"
      },
      "properties": {
        "charger_bus_voltage_v": 650.0,
        "charger_contact_count": 8,
        "charger_efficiency": 0.98,
        "charger_max_current_a": 3300.0,
        "charger_max_kw": 2000.0,
        "grid_export_kw": 2000.0,
        "grid_import_kw": 2000.0,
        "line": "line-2",
        "pv_nameplate_kw": 300.0,
        "station": "line-2-1104-1089-s015203",
        "storage_capacity_kwh": 2000.0,
        "storage_initial_soc": 0.5,
        "storage_max_charge_kw": 2000.0,
        "storage_max_discharge_kw": 2000.0,
        "storage_module_kwh": 500.0,
        "tier": "standard"
      },
      "type": "Feature"
    },
    {
      "geometry": {
        "coordinates": [
          44.26211217929293,
          15.280351293956736
        ],
        "type": "Point"
      },
      "properties": {
        "charger_bus_voltage_v": 650.0,
        "charger_contact_count": 8,
        "charger_efficiency": 0.98,
        "charger_max_current_a": 3300.0,
        "charger_max_kw": 2000.0,
        "grid_export_kw": 3200.0,
        "grid_import_kw": 3200.0,
        "line": "line-2",
        "pv_nameplate_kw": 300.0,
        "station": "line-2-1220-1138-s017976",
        "storage_capacity_kwh": 2000.0,
        "storage_initial_soc": 0.6,
        "storage_max_charge_kw": 2000.0,
        "storage_max_discharge_kw": 2000.0,
        "storage_module_kwh": 500.0,
        "tier": "terminal"
      },
      "type": "Feature"
    },
    {
      "geometry": {
        "coordinates": [
          44.1531217314349,
          15.401468523917503
        ],
        "type": "Point"
      },
      "properties": {
        "charger_bus_voltage_v": 650.0,
        "charger_contact_count": 8,
        "charger_efficiency": 0.98,
        "charger_max_current_a": 3300.0,
        "charger_max_kw": 2000.0,
        "grid_export_kw": 12000.0,
        "grid_import_kw": 12000.0,
        "line": "line-3",
        "pv_nameplate_kw": 5000.0,
        "station": "line-3-0547-0553-s000000",
        "storage_capacity_kwh": 40000.0,
        "storage_initial_soc": 0.6,
        "storage_max_charge_kw": 10000.0,
        "storage_max_discharge_kw": 10000.0,
        "storage_module_kwh": 500.0,
        "tier": "depot-main"
      },
      "type": "Feature"
    },
    {
      "geometry": {
        "coordinates": [
          44.165604398112656,
          15.39337004643127
        ],
        "type": "Point"
      },
      "properties": {
        "charger_bus_voltage_v": 650.0,
        "charger_contact_count": 8,
        "charger_efficiency": 0.98,
        "charger_max_current_a": 3300.0,
        "charger_max_kw": 2000.0,
        "grid_export_kw": 2400.0,
        "grid_import_kw": 2400.0,
        "line": "line-3",
        "pv_nameplate_kw": 300.0,
        "station": "line-3-0592-0620-s001807",
        "storage_capacity_kwh": 2000.0,
        "storage_initial_soc": 0.5,
        "storage_max_charge_kw": 2000.0,
        "storage_max_discharge_kw": 2000.0,
        "storage_module_kwh": 500.0,
        "tier": "interchange"
      },
      "type": "Feature"
    },
    {
      "geometry": {
        "coordinates": [
          44.170634726475335,
          15.390130655436778
        ],
        "type": "Point"
      },
      "properties": {
        "charger_bus_voltage_v": 650.0,
        "charger_contact_count": 8,
        "charger_efficiency": 0.98,
        "charger_max_current_a": 3300.0,
        "charger_max_kw": 2000.0,
        "grid_export_kw": 2400.0,
        "grid_import_kw": 2400.0,
        "line": "line-3",
        "pv_nameplate_kw": 300.0,
        "station": "line-3-0610-0647-s002531",
        "storage_capacity_kwh": 2000.0,
        "storage_initial_soc": 0.5,
        "storage_max_charge_kw": 2000.0,
        "storage_max_discharge_kw": 2000.0,
        "storage_module_kwh": 500.0,
        "tier": "interchange"
      },
      "type": "Feature"
    },
    {
      "geometry": {
        "coordinates": [
          44.173243044885616,
          15.38833099377317
        ],
        "type": "Point"
      },
      "properties": {
        "charger_bus_voltage_v": 650.0,
        "charger_contact_count": 8,
        "charger_efficiency": 0.98,
        "charger_max_current_a": 3300.0,
        "charger_max_kw": 2000.0,
        "grid_export_kw": 2400.0,
        "grid_import_kw": 2400.0,
        "line": "line-3",
        "pv_nameplate_kw": 300.0,
        "station": "line-3-0620-0661-s002905",
        "storage_capacity_kwh": 2000.0,
        "storage_initial_soc": 0.5,
        "storage_max_charge_kw": 2000.0,
        "storage_max_discharge_kw": 2000.0,
        "storage_module_kwh": 500.0,
        "tier": "interchange"
      },
      "type": "Feature"
    },
    {
      "geometry": {
        "coordinates": [
          44.19485482599934,
          15.374293632797034
        ],
        "type": "Point"
      },
      "properties": {
        "charger_bus_voltage_v": 650.0,
        "charger_contact_count": 8,
        "charger_efficiency": 0.98,
        "charger_max_current_a": 3300.0,
        "charger_max_kw": 2000.0,
        "grid_export_kw": 2400.0,
        "grid_import_kw": 2400.0,
        "line": "line-3",
        "pv_nameplate_kw": 300.0,
        "station": "line-3-0698-0777-s006047",
        "storage_capacity_kwh": 2000.0,
        "storage_initial_soc": 0.5,
        "storage_max_charge_kw": 2000.0,
        "storage_max_discharge_kw": 2000.0,
        "storage_module_kwh": 500.0,
        "tier": "interchange"
      },
      "type": "Feature"
    },
    {
      "geometry": {
        "coordinates": [
          44.21124997029251,
          15.36367562898175
        ],
        "type": "Point"
      },
      "properties": {
        "charger_bus_voltage_v": 650.0,
        "charger_contact_count": 8,
        "charger_efficiency": 0.98,
        "charger_max_current_a": 3300.0,
        "charger_max_kw": 2000.0,
        "grid_export_kw": 2400.0,
        "grid_import_kw": 2400.0,
        "line": "line-3",
        "pv_nameplate_kw": 300.0,
        "station": "line-3-0757-0865-s008413",
        "storage_capacity_kwh": 2000.0,
        "storage_initial_soc": 0.5,
        "storage_max_charge_kw": 2000.0,
        "storage_max_discharge_kw": 2000.0,
        "storage_module_kwh": 500.0,
        "tier": "interchange"
      },
      "type": "Feature"
    },
    {
      "geometry": {
        "coordinates": [
          44.21832969169184,
          15.358816542490011
        ],
        "type": "Point"
      },
      "properties": {
        "charger_bus_voltage_v": 650.0,
        "charger_contact_count": 8,
        "charger_efficiency": 0.98,
        "charger_max_current_a": 3300.0,
        "charger_max_kw": 2000.0,
        "grid_export_kw": 2400.0,
        "grid_import_kw": 2400.0,
        "line": "line-3",
        "pv_nameplate_kw": 300.0,
        "station": "line-3-0784-0903-s009455",
        "storage_capacity_kwh": 2000.0,
        "storage_initial_soc": 0.5,
        "storage_max_charge_kw": 2000.0,
        "storage_max_discharge_kw": 2000.0,
        "storage_module_kwh": 500.0,
        "tier": "interchange"
      },
      "type": "Feature"
    },
    {
      "geometry": {
        "coordinates": [
          44.22391894542815,
          15.355217219162798
        ],
        "type": "Point"
      },
      "properties": {
        "charger_bus_voltage_v": 650.0,
        "charger_contact_count": 8,
        "charger_efficiency": 0.98,
        "charger_max_current_a": 3300.0,
        "charger_max_kw": 2000.0,
        "grid_export_kw": 2400.0,
        "grid_import_kw": 2400.0,
        "line": "line-3",
        "pv_nameplate_kw": 300.0,
        "station": "line-3-0804-0933-s010254",
        "storage_capacity_kwh": 2000.0,
        "storage_initial_soc": 0.5,
        "storage_max_charge_kw": 2000.0,
        "storage_max_discharge_kw": 2000.0,
        "storage_module_kwh": 500.0,
        "tier": "interchange"
      },
      "type": "Feature"
    },
    {
      "geometry": {
        "coordinates": [
          44.22689988075418,
          15.35341755749919
        ],
        "type": "Point"
      },
      "properties": {
        "charger_bus_voltage_v": 650.0,
        "charger_contact_count": 8,
        "charger_efficiency": 0.98,
        "charger_max_current_a": 3300.0,
        "charger_max_kw": 2000.0,
        "grid_export_kw": 2400.0,
        "grid_import_kw": 2400.0,
        "line": "line-3",
        "pv_nameplate_kw": 300.0,
        "station": "line-3-0814-0949-s010694",
        "storage_capacity_kwh": 2000.0,
        "storage_initial_soc": 0.5,
        "storage_max_charge_kw": 2000.0,
        "storage_max_discharge_kw": 2000.0,
        "storage_module_kwh": 500.0,
        "tier": "interchange"
      },
      "type": "Feature"
    },
    {
      "geometry": {
        "coordinates": [
          44.231557592201106,
          15.350358132671058
        ],
        "type": "Point"
      },
      "properties": {
        "charger_bus_voltage_v": 650.0,
        "charger_contact_count": 8,
        "charger_efficiency": 0.98,
        "charger_max_current_a": 3300.0,
        "charger_max_kw": 2000.0,
        "grid_export_kw": 2400.0,
        "grid_import_kw": 2400.0,
        "line": "line-3",
        "pv_nameplate_kw": 300.0,
        "station": "line-3-0831-0974-s011359",
        "storage_capacity_kwh": 2000.0,
        "storage_initial_soc": 0.5,
        "storage_max_charge_kw": 2000.0,
        "storage_max_discharge_kw": 2000.0,
        "storage_module_kwh": 500.0,
        "tier": "interchange"
      },
      "type": "Feature"
    },
    {
      "geometry": {
        "coordinates": [
          44.24683488574702,
          15.340280027354858
        ],
        "type": "Point"
      },
      "properties": {
        "charger_bus_voltage_v": 650.0,
        "charger_contact_count": 8,
        "charger_efficiency": 0.98,
        "charger_max_current_a": 3300.0,
        "charger_max_kw": 2000.0,
        "grid_export_kw": 2000.0,
        "grid_import_kw": 2000.0,
        "line": "line-3",
        "pv_nameplate_kw": 300.0,
        "station": "line-3-0887-1056-s013603",
        "storage_capacity_kwh": 2000.0,
        "storage_initial_soc": 0.5,
        "storage_max_charge_kw": 2000.0,
        "storage_max_discharge_kw": 2000.0,
        "storage_module_kwh": 500.0,
        "tier": "standard"
      },
      "type": "Feature"
    },
    {
      "geometry": {
        "coordinates": [
          44.258013393219635,
          15.333081380700428
        ],
        "type": "Point"
      },
      "properties": {
        "charger_bus_voltage_v": 650.0,
        "charger_contact_count": 8,
        "charger_efficiency": 0.98,
        "charger_max_current_a": 3300.0,
        "charger_max_kw": 2000.0,
        "grid_export_kw": 2000.0,
        "grid_import_kw": 2000.0,
        "line": "line-3",
        "pv_nameplate_kw": 300.0,
        "station": "line-3-0927-1116-s015205",
        "storage_capacity_kwh": 2000.0,
        "storage_initial_soc": 0.5,
        "storage_max_charge_kw": 2000.0,
        "storage_max_discharge_kw": 2000.0,
        "storage_module_kwh": 500.0,
        "tier": "standard"
      },
      "type": "Feature"
    },
    {
      "geometry": {
        "coordinates": [
          44.26900559223438,
          15.325882734045999
        ],
        "type": "Point"
      },
      "properties": {
        "charger_bus_voltage_v": 650.0,
        "charger_contact_count": 8,
        "charger_efficiency": 0.98,
        "charger_max_current_a": 3300.0,
        "charger_max_kw": 2000.0,
        "grid_export_kw": 2000.0,
        "grid_import_kw": 2000.0,
        "line": "line-3",
        "pv_nameplate_kw": 300.0,
        "station": "line-3-0967-1175-s016798",
        "storage_capacity_kwh": 2000.0,
        "storage_initial_soc": 0.5,
        "storage_max_charge_kw": 2000.0,
        "storage_max_discharge_kw": 2000.0,
        "storage_module_kwh": 500.0,
        "tier": "standard"
      },
      "type": "Feature"
    },
    {
      "geometry": {
        "coordinates": [
          44.27999779124912,
          15.31868408739157
        ],
        "type": "Point"
      },
      "properties": {
        "charger_bus_voltage_v": 650.0,
        "charger_contact_count": 8,
        "charger_efficiency": 0.98,
        "charger_max_current_a": 3300.0,
        "charger_max_kw": 2000.0,
        "grid_export_kw": 2000.0,
        "grid_import_kw": 2000.0,
        "line": "line-3",
        "pv_nameplate_kw": 300.0,
        "station": "line-3-1007-1234-s018391",
        "storage_capacity_kwh": 2000.0,
        "storage_initial_soc": 0.5,
        "storage_max_charge_kw": 2000.0,
        "storage_max_discharge_kw": 2000.0,
        "storage_module_kwh": 500.0,
        "tier": "standard"
      },
      "type": "Feature"
    },
    {
      "geometry": {
        "coordinates": [
          44.29117629872174,
          15.311485440737142
        ],
        "type": "Point"
      },
      "properties": {
        "charger_bus_voltage_v": 650.0,
        "charger_contact_count": 8,
        "charger_efficiency": 0.98,
        "charger_max_current_a": 3300.0,
        "charger_max_kw": 2000.0,
        "grid_export_kw": 2000.0,
        "grid_import_kw": 2000.0,
        "line": "line-3",
        "pv_nameplate_kw": 300.0,
        "station": "line-3-1047-1294-s020005",
        "storage_capacity_kwh": 2000.0,
        "storage_initial_soc": 0.5,
        "storage_max_charge_kw": 2000.0,
        "storage_max_discharge_kw": 2000.0,
        "storage_module_kwh": 500.0,
        "tier": "standard"
      },
      "type": "Feature"
    },
    {
      "geometry": {
        "coordinates": [
          44.35414855748415,
          15.272792714969587
        ],
        "type": "Point"
      },
      "properties": {
        "charger_bus_voltage_v": 650.0,
        "charger_contact_count": 8,
        "charger_efficiency": 0.98,
        "charger_max_current_a": 3300.0,
        "charger_max_kw": 2000.0,
        "grid_export_kw": 3200.0,
        "grid_import_kw": 3200.0,
        "line": "line-3",
        "pv_nameplate_kw": 300.0,
        "station": "line-3-1262-1632-s029346",
        "storage_capacity_kwh": 2000.0,
        "storage_initial_soc": 0.6,
        "storage_max_charge_kw": 2000.0,
        "storage_max_discharge_kw": 2000.0,
        "storage_module_kwh": 500.0,
        "tier": "terminal"
      },
      "type": "Feature"
    },
    {
      "geometry": {
        "coordinates": [
          44.19783576132537,
          15.274952308965915
        ],
        "type": "Point"
      },
      "properties": {
        "charger_bus_voltage_v": 650.0,
        "charger_contact_count": 8,
        "charger_efficiency": 0.98,
        "charger_max_current_a": 3300.0,
        "charger_max_kw": 2000.0,
        "grid_export_kw": 12000.0,
        "grid_import_kw": 12000.0,
        "line": "line-4",
        "pv_nameplate_kw": 5000.0,
        "station": "line-4-1250-0793-s000000",
        "storage_capacity_kwh": 40000.0,
        "storage_initial_soc": 0.6,
        "storage_max_charge_kw": 10000.0,
        "storage_max_discharge_kw": 10000.0,
        "storage_module_kwh": 500.0,
        "tier": "depot-main"
      },
      "type": "Feature"
    },
    {
      "geometry": {
        "coordinates": [
          44.20230716431442,
          15.28880970377569
        ],
        "type": "Point"
      },
      "properties": {
        "charger_bus_voltage_v": 650.0,
        "charger_contact_count": 8,
        "charger_efficiency": 0.98,
        "charger_max_current_a": 3300.0,
        "charger_max_kw": 2000.0,
        "grid_export_kw": 2400.0,
        "grid_import_kw": 2400.0,
        "line": "line-4",
        "pv_nameplate_kw": 300.0,
        "station": "line-4-1173-0817-s001739",
        "storage_capacity_kwh": 2000.0,
        "storage_initial_soc": 0.5,
        "storage_max_charge_kw": 2000.0,
        "storage_max_discharge_kw": 2000.0,
        "storage_module_kwh": 500.0,
        "tier": "interchange"
      },
      "type": "Feature"
    },
    {
      "geometry": {
        "coordinates": [
          44.20621964192984,
          15.300687470755499
        ],
        "type": "Point"
      },
      "properties": {
        "charger_bus_voltage_v": 650.0,
        "charger_contact_count": 8,
        "charger_efficiency": 0.98,
        "charger_max_current_a": 3300.0,
        "charger_max_kw": 2000.0,
        "grid_export_kw": 2400.0,
        "grid_import_kw": 2400.0,
        "line": "line-4",
        "pv_nameplate_kw": 300.0,
        "station": "line-4-1107-0838-s003245",
        "storage_capacity_kwh": 2000.0,
        "storage_initial_soc": 0.5,
        "storage_max_charge_kw": 2000.0,
        "storage_max_discharge_kw": 2000.0,
        "storage_module_kwh": 500.0,
        "tier": "interchange"
      },
      "type": "Feature"
    },
    {
      "geometry": {
        "coordinates": [
          44.21069104491889,
          15.314724831731635
        ],
        "type": "Point"
      },
      "properties": {
        "charger_bus_voltage_v": 650.0,
        "charger_contact_count": 8,
        "charger_efficiency": 0.98,
        "charger_max_current_a": 3300.0,
        "charger_max_kw": 2000.0,
        "grid_export_kw": 2400.0,
        "grid_import_kw": 2400.0,
        "line": "line-4",
        "pv_nameplate_kw": 300.0,
        "station": "line-4-1029-0862-s005015",
        "storage_capacity_kwh": 2000.0,
        "storage_initial_soc": 0.5,
        "storage_max_charge_kw": 2000.0,
        "storage_max_discharge_kw": 2000.0,
        "storage_module_kwh": 500.0,
        "tier": "interchange"
      },
      "type": "Feature"
    },
    {
      "geometry": {
        "coordinates": [
          44.21534875636581,
          15.329122125040492
        ],
        "type": "Point"
      },
      "properties": {
        "charger_bus_voltage_v": 650.0,
        "charger_contact_count": 8,
        "charger_efficiency": 0.98,
        "charger_max_current_a": 3300.0,
        "charger_max_kw": 2000.0,
        "grid_export_kw": 2400.0,
        "grid_import_kw": 2400.0,
        "line": "line-4",
        "pv_nameplate_kw": 300.0,
        "station": "line-4-0949-0887-s006822",
        "storage_capacity_kwh": 2000.0,
        "storage_initial_soc": 0.5,
        "storage_max_charge_kw": 2000.0,
        "storage_max_discharge_kw": 2000.0,
        "storage_module_kwh": 500.0,
        "tier": "interchange"
      },
      "type": "Feature"
    },
    {
      "geometry": {
        "coordinates": [
          44.220379084728485,
          15.344779181513875
        ],
        "type": "Point"
      },
      "properties": {
        "charger_bus_voltage_v": 650.0,
        "charger_contact_count": 8,
        "charger_efficiency": 0.98,
        "charger_max_current_a": 3300.0,
        "charger_max_kw": 2000.0,
        "grid_export_kw": 2400.0,
        "grid_import_kw": 2400.0,
        "line": "line-4",
        "pv_nameplate_kw": 300.0,
        "station": "line-4-0862-0914-s008809",
        "storage_capacity_kwh": 2000.0,
        "storage_initial_soc": 0.5,
        "storage_max_charge_kw": 2000.0,
        "storage_max_discharge_kw": 2000.0,
        "storage_module_kwh": 500.0,
        "tier": "major"
      },
      "type": "Feature"
    },
    {
      "geometry": {
        "coordinates": [
          44.22391894542815,
          15.355217219162798
        ],
        "type": "Point"
      },
      "properties": {
        "charger_bus_voltage_v": 650.0,
        "charger_contact_count": 8,
        "charger_efficiency": 0.98,
        "charger_max_current_a": 3300.0,
        "charger_max_kw": 2000.0,
        "grid_export_kw": 2400.0,
        "grid_import_kw": 2400.0,
        "line": "line-4",
        "pv_nameplate_kw": 300.0,
        "station": "line-4-0804-0933-s010144",
        "storage_capacity_kwh": 2000.0,
        "storage_initial_soc": 0.5,
        "storage_max_charge_kw": 2000.0,
        "storage_max_discharge_kw": 2000.0,
        "storage_module_kwh": 500.0,
        "tier": "interchange"
      },
      "type": "Feature"
    },
    {
      "geometry": {
        "coordinates": [
          44.22503679617541,
          15.358816542490011
        ],
        "type": "Point"
      },
      "properties": {
        "charger_bus_voltage_v": 650.0,
        "charger_contact_count": 8,
        "charger_efficiency": 0.98,
        "charger_max_current_a": 3300.0,
        "charger_max_kw": 2000.0,
        "grid_export_kw": 2400.0,
        "grid_import_kw": 2400.0,
        "line": "line-4",
        "pv_nameplate_kw": 300.0,
        "station": "line-4-0784-0939-s010588",
        "storage_capacity_kwh": 2000.0,
        "storage_initial_soc": 0.5,
        "storage_max_charge_kw": 2000.0,
        "storage_max_discharge_kw": 2000.0,
        "storage_module_kwh": 500.0,
        "tier": "interchange"
      },
      "type": "Feature"
    },
    {
      "geometry": {
        "coordinates": [
          44.225409413091164,
          15.360256271820898
        ],
        "type": "Point"
      },
      "properties": {
        "charger_bus_voltage_v": 650.0,
        "charger_contact_count": 8,
        "charger_efficiency": 0.98,
        "charger_max_current_a": 3300.0,
        "charger_max_kw": 2000.0,
        "grid_export_kw": 2400.0,
        "grid_import_kw": 2400.0,
        "line": "line-4",
        "pv_nameplate_kw": 300.0,
        "station": "line-4-0776-0941-s010765",
        "storage_capacity_kwh": 2000.0,
        "storage_initial_soc": 0.5,
        "storage_max_charge_kw": 2000.0,
        "storage_max_discharge_kw": 2000.0,
        "storage_module_kwh": 500.0,
        "tier": "interchange"
      },
      "type": "Feature"
    },
    {
      "geometry": {
        "coordinates": [
          44.22615464692267,
          15.362775798149947
        ],
        "type": "Point"
      },
      "properties": {
        "charger_bus_voltage_v": 650.0,
        "charger_contact_count": 8,
        "charger_efficiency": 0.98,
        "charger_max_current_a": 3300.0,
        "charger_max_kw": 2000.0,
        "grid_export_kw": 2400.0,
        "grid_import_kw": 2400.0,
        "line": "line-4",
        "pv_nameplate_kw": 300.0,
        "station": "line-4-0762-0945-s011078",
        "storage_capacity_kwh": 2000.0,
        "storage_initial_soc": 0.5,
        "storage_max_charge_kw": 2000.0,
        "storage_max_discharge_kw": 2000.0,
        "storage_module_kwh": 500.0,
        "tier": "interchange"
      },
      "type": "Feature"
    },
    {
      "geometry": {
        "coordinates": [
          44.23267544294837,
          15.382572076449627
        ],
        "type": "Point"
      },
      "properties": {
        "charger_bus_voltage_v": 650.0,
        "charger_contact_count": 8,
        "charger_efficiency": 0.98,
        "charger_max_current_a": 3300.0,
        "charger_max_kw": 2000.0,
        "grid_export_kw": 2000.0,
        "grid_import_kw": 2000.0,
        "line": "line-4",
        "pv_nameplate_kw": 300.0,
        "station": "line-4-0652-0980-s013603",
        "storage_capacity_kwh": 2000.0,
        "storage_initial_soc": 0.5,
        "storage_max_charge_kw": 2000.0,
        "storage_max_discharge_kw": 2000.0,
        "storage_module_kwh": 500.0,
        "tier": "standard"
      },
      "type": "Feature"
    },
    {
      "geometry": {
        "coordinates": [
          44.23677422902166,
          15.395349674261238
        ],
        "type": "Point"
      },
      "properties": {
        "charger_bus_voltage_v": 650.0,
        "charger_contact_count": 8,
        "charger_efficiency": 0.98,
        "charger_max_current_a": 3300.0,
        "charger_max_kw": 2000.0,
        "grid_export_kw": 2000.0,
        "grid_import_kw": 2000.0,
        "line": "line-4",
        "pv_nameplate_kw": 300.0,
        "station": "line-4-0581-1002-s015205",
        "storage_capacity_kwh": 2000.0,
        "storage_initial_soc": 0.5,
        "storage_max_charge_kw": 2000.0,
        "storage_max_discharge_kw": 2000.0,
        "storage_module_kwh": 500.0,
        "tier": "standard"
      },
      "type": "Feature"
    },
    {
      "geometry": {
        "coordinates": [
          44.240873015094955,
          15.40812727207285
        ],
        "type": "Point"
      },
      "properties": {
        "charger_bus_voltage_v": 650.0,
        "charger_contact_count": 8,
        "charger_efficiency": 0.98,
        "charger_max_current_a": 3300.0,
        "charger_max_kw": 2000.0,
        "grid_export_kw": 2000.0,
        "grid_import_kw": 2000.0,
        "line": "line-4",
        "pv_nameplate_kw": 300.0,
        "station": "line-4-0510-1024-s016807",
        "storage_capacity_kwh": 2000.0,
        "storage_initial_soc": 0.5,
        "storage_max_charge_kw": 2000.0,
        "storage_max_discharge_kw": 2000.0,
        "storage_module_kwh": 500.0,
        "tier": "standard"
      },
      "type": "Feature"
    },
    {
      "geometry": {
        "coordinates": [
          44.24497180116825,
          15.42054493755174
        ],
        "type": "Point"
      },
      "properties": {
        "charger_bus_voltage_v": 650.0,
        "charger_contact_count": 8,
        "charger_efficiency": 0.98,
        "charger_max_current_a": 3300.0,
        "charger_max_kw": 2000.0,
        "grid_export_kw": 2000.0,
        "grid_import_kw": 2000.0,
        "line": "line-4",
        "pv_nameplate_kw": 300.0,
        "station": "line-4-0441-1046-s018393",
        "storage_capacity_kwh": 2000.0,
        "storage_initial_soc": 0.5,
        "storage_max_charge_kw": 2000.0,
        "storage_max_discharge_kw": 2000.0,
        "storage_module_kwh": 500.0,
        "tier": "standard"
      },
      "type": "Feature"
    },
    {
      "geometry": {
        "coordinates": [
          44.24422656733674,
          15.446280099341324
        ],
        "type": "Point"
      },
      "properties": {
        "charger_bus_voltage_v": 650.0,
        "charger_contact_count": 8,
        "charger_efficiency": 0.98,
        "charger_max_current_a": 3300.0,
        "charger_max_kw": 2000.0,
        "grid_export_kw": 3200.0,
        "grid_import_kw": 3200.0,
        "line": "line-4",
        "pv_nameplate_kw": 300.0,
        "station": "line-4-0298-1042-s022084",
        "storage_capacity_kwh": 2000.0,
        "storage_initial_soc": 0.6,
        "storage_max_charge_kw": 2000.0,
        "storage_max_discharge_kw": 2000.0,
        "storage_module_kwh": 500.0,
        "tier": "terminal"
      },
      "type": "Feature"
    },
    {
      "geometry": {
        "coordinates": [
          44.331791542538916,
          15.383651873447791
        ],
        "type": "Point"
      },
      "properties": {
        "charger_bus_voltage_v": 650.0,
        "charger_contact_count": 8,
        "charger_efficiency": 0.98,
        "charger_max_current_a": 3300.0,
        "charger_max_kw": 2000.0,
        "grid_export_kw": 12000.0,
        "grid_import_kw": 12000.0,
        "line": "line-5",
        "pv_nameplate_kw": 5000.0,
        "station": "line-5-0646-1512-s000000",
        "storage_capacity_kwh": 40000.0,
        "storage_initial_soc": 0.6,
        "storage_max_charge_kw": 10000.0,
        "storage_max_discharge_kw": 10000.0,
        "storage_module_kwh": 500.0,
        "tier": "depot-main"
      },
      "type": "Feature"
    },
    {
      "geometry": {
        "coordinates": [
          44.29844232857894,
          15.375193463628838
        ],
        "type": "Point"
      },
      "properties": {
        "charger_bus_voltage_v": 650.0,
        "charger_contact_count": 8,
        "charger_efficiency": 0.98,
        "charger_max_current_a": 3300.0,
        "charger_max_kw": 2000.0,
        "grid_export_kw": 2000.0,
        "grid_import_kw": 2000.0,
        "line": "line-5",
        "pv_nameplate_kw": 300.0,
        "station": "line-5-0693-1333-s004005",
        "storage_capacity_kwh": 2000.0,
        "storage_initial_soc": 0.5,
        "storage_max_charge_kw": 2000.0,
        "storage_max_discharge_kw": 2000.0,
        "storage_module_kwh": 500.0,
        "tier": "standard"
      },
      "type": "Feature"
    },
    {
      "geometry": {
        "coordinates": [
          44.28484181115392,
          15.372314004967066
        ],
        "type": "Point"
      },
      "properties": {
        "charger_bus_voltage_v": 650.0,
        "charger_contact_count": 8,
        "charger_efficiency": 0.98,
        "charger_max_current_a": 3300.0,
        "charger_max_kw": 2000.0,
        "grid_export_kw": 2000.0,
        "grid_import_kw": 2000.0,
        "line": "line-5",
        "pv_nameplate_kw": 300.0,
        "station": "line-5-0709-1260-s005597",
        "storage_capacity_kwh": 2000.0,
        "storage_initial_soc": 0.5,
        "storage_max_charge_kw": 2000.0,
        "storage_max_discharge_kw": 2000.0,
        "storage_module_kwh": 500.0,
        "tier": "standard"
      },
      "type": "Feature"
    },
    {
      "geometry": {
        "coordinates": [
          44.2712412937289,
          15.369614512471655
        ],
        "type": "Point"
      },
      "properties": {
        "charger_bus_voltage_v": 650.0,
        "charger_contact_count": 8,
        "charger_efficiency": 0.98,
        "charger_max_current_a": 3300.0,
        "charger_max_kw": 2000.0,
        "grid_export_kw": 2000.0,
        "grid_import_kw": 2000.0,
        "line": "line-5",
        "pv_nameplate_kw": 300.0,
        "station": "line-5-0724-1187-s007193",
        "storage_capacity_kwh": 2000.0,
        "storage_initial_soc": 0.5,
        "storage_max_charge_kw": 2000.0,
        "storage_max_discharge_kw": 2000.0,
        "storage_module_kwh": 500.0,
        "tier": "standard"
      },
      "type": "Feature"
    },
    {
      "geometry": {
        "coordinates": [
          44.25764077630388,
          15.366915019976245
        ],
        "type": "Point"
      },
      "properties": {
        "charger_bus_voltage_v": 650.0,
        "charger_contact_count": 8,
        "charger_efficiency": 0.98,
        "charger_max_current_a": 3300.0,
        "charger_max_kw": 2000.0,
        "grid_export_kw": 2000.0,
        "grid_import_kw": 2000.0,
        "line": "line-5",
        "pv_nameplate_kw": 300.0,
        "station": "line-5-0739-1114-s008789",
        "storage_capacity_kwh": 2000.0,
        "storage_initial_soc": 0.5,
        "storage_max_charge_kw": 2000.0,
        "storage_max_discharge_kw": 2000.0,
        "storage_module_kwh": 500.0,
        "tier": "standard"
      },
      "type": "Feature"
    },
    {
      "geometry": {
        "coordinates": [
          44.24404025887886,
          15.364035561314473
        ],
        "type": "Point"
      },
      "properties": {
        "charger_bus_voltage_v": 650.0,
        "charger_contact_count": 8,
        "charger_efficiency": 0.98,
        "charger_max_current_a": 3300.0,
        "charger_max_kw": 2000.0,
        "grid_export_kw": 2000.0,
        "grid_import_kw": 2000.0,
        "line": "line-5",
        "pv_nameplate_kw": 300.0,
        "station": "line-5-0755-1041-s010393",
        "storage_capacity_kwh": 2000.0,
        "storage_initial_soc": 0.5,
        "storage_max_charge_kw": 2000.0,
        "storage_max_discharge_kw": 2000.0,
        "storage_module_kwh": 500.0,
        "tier": "standard"
      },
      "type": "Feature"
    },
    {
      "geometry": {
        "coordinates": [
          44.22689988075418,
          15.360616204153619
        ],
        "type": "Point"
      },
      "properties": {
        "charger_bus_voltage_v": 650.0,
        "charger_contact_count": 8,
        "charger_efficiency": 0.98,
        "charger_max_current_a": 3300.0,
        "charger_max_kw": 2000.0,
        "grid_export_kw": 2400.0,
        "grid_import_kw": 2400.0,
        "line": "line-5",
        "pv_nameplate_kw": 300.0,
        "station": "line-5-0774-0949-s012402",
        "storage_capacity_kwh": 2000.0,
        "storage_initial_soc": 0.5,
        "storage_max_charge_kw": 2000.0,
        "storage_max_discharge_kw": 2000.0,
        "storage_module_kwh": 500.0,
        "tier": "interchange"
      },
      "type": "Feature"
    },
    {
      "geometry": {
        "coordinates": [
          44.225409413091164,
          15.360256271820898
        ],
        "type": "Point"
      },
      "properties": {
        "charger_bus_voltage_v": 650.0,
        "charger_contact_count": 8,
        "charger_efficiency": 0.98,
        "charger_max_current_a": 3300.0,
        "charger_max_kw": 2000.0,
        "grid_export_kw": 2400.0,
        "grid_import_kw": 2400.0,
        "line": "line-5",
        "pv_nameplate_kw": 300.0,
        "station": "line-5-0776-0941-s012579",
        "storage_capacity_kwh": 2000.0,
        "storage_initial_soc": 0.5,
        "storage_max_charge_kw": 2000.0,
        "storage_max_discharge_kw": 2000.0,
        "storage_module_kwh": 500.0,
        "tier": "interchange"
      },
      "type": "Feature"
    },
    {
      "geometry": {
        "coordinates": [
          44.224477870801785,
          15.360076305654538
        ],
        "type": "Point"
      },
      "properties": {
        "charger_bus_voltage_v": 650.0,
        "charger_contact_count": 8,
        "charger_efficiency": 0.98,
        "charger_max_current_a": 3300.0,
        "charger_max_kw": 2000.0,
        "grid_export_kw": 2400.0,
        "grid_import_kw": 2400.0,
        "line": "line-5",
        "pv_nameplate_kw": 300.0,
        "station": "line-5-0777-0936-s012687",
        "storage_capacity_kwh": 2000.0,
        "storage_initial_soc": 0.5,
        "storage_max_charge_kw": 2000.0,
        "storage_max_discharge_kw": 2000.0,
        "storage_module_kwh": 500.0,
        "tier": "interchange"
      },
      "type": "Feature"
    },
    {
      "geometry": {
        "coordinates": [
          44.21832969169184,
          15.358816542490011
        ],
        "type": "Point"
      },
      "properties": {
        "charger_bus_voltage_v": 650.0,
        "charger_contact_count": 8,
        "charger_efficiency": 0.98,
        "charger_max_current_a": 3300.0,
        "charger_max_kw": 2000.0,
        "grid_export_kw": 2400.0,
        "grid_import_kw": 2400.0,
        "line": "line-5",
        "pv_nameplate_kw": 300.0,
        "station": "line-5-0784-0903-s013405",
        "storage_capacity_kwh": 2000.0,
        "storage_initial_soc": 0.5,
        "storage_max_charge_kw": 2000.0,
        "storage_max_discharge_kw": 2000.0,
        "storage_module_kwh": 500.0,
        "tier": "interchange"
      },
      "type": "Feature"
    },
    {
      "geometry": {
        "coordinates": [
          44.19913992053051,
          15.354857286830075
        ],
        "type": "Point"
      },
      "properties": {
        "charger_bus_voltage_v": 650.0,
        "charger_contact_count": 8,
        "charger_efficiency": 0.98,
        "charger_max_current_a": 3300.0,
        "charger_max_kw": 2000.0,
        "grid_export_kw": 2400.0,
        "grid_import_kw": 2400.0,
        "line": "line-5",
        "pv_nameplate_kw": 300.0,
        "station": "line-5-0806-0800-s015659",
        "storage_capacity_kwh": 2000.0,
        "storage_initial_soc": 0.5,
        "storage_max_charge_kw": 2000.0,
        "storage_max_discharge_kw": 2000.0,
        "storage_module_kwh": 500.0,
        "tier": "interchange"
      },
      "type": "Feature"
    },
    {
      "geometry": {
        "coordinates": [
          44.18237215932159,
          15.351437929669222
        ],
        "type": "Point"
      },
      "properties": {
        "charger_bus_voltage_v": 650.0,
        "charger_contact_count": 8,
        "charger_efficiency": 0.98,
        "charger_max_current_a": 3300.0,
        "charger_max_kw": 2000.0,
        "grid_export_kw": 2400.0,
        "grid_import_kw": 2400.0,
        "line": "line-5",
        "pv_nameplate_kw": 300.0,
        "station": "line-5-0825-0710-s017628",
        "storage_capacity_kwh": 2000.0,
        "storage_initial_soc": 0.5,
        "storage_max_charge_kw": 2000.0,
        "storage_max_discharge_kw": 2000.0,
        "storage_module_kwh": 500.0,
        "tier": "interchange"
      },
      "type": "Feature"
    },
    {
      "geometry": {
        "coordinates": [
          44.15591635830305,
          15.346038944678401
        ],
        "type": "Point"
      },
      "properties": {
        "charger_bus_voltage_v": 650.0,
        "charger_contact_count": 8,
        "charger_efficiency": 0.98,
        "charger_max_current_a": 3300.0,
        "charger_max_kw": 2000.0,
        "grid_export_kw": 2400.0,
        "grid_import_kw": 2400.0,
        "line": "line-5",
        "pv_nameplate_kw": 300.0,
        "station": "line-5-0855-0568-s020740",
        "storage_capacity_kwh": 2000.0,
        "storage_initial_soc": 0.5,
        "storage_max_charge_kw": 2000.0,
        "storage_max_discharge_kw": 2000.0,
        "storage_module_kwh": 500.0,
        "tier": "interchange"
      },
      "type": "Feature"
    },
    {
      "geometry": {
        "coordinates": [
          44.13784443788899,
          15.342439621351186
        ],
        "type": "Point"
      },
      "properties": {
        "charger_bus_voltage_v": 650.0,
        "charger_contact_count": 8,
        "charger_efficiency": 0.98,
        "charger_max_current_a": 3300.0,
        "charger_max_kw": 2000.0,
        "grid_export_kw": 2400.0,
        "grid_import_kw": 2400.0,
        "line": "line-5",
        "pv_nameplate_kw": 300.0,
        "station": "line-5-0875-0471-s022846",
        "storage_capacity_kwh": 2000.0,
        "storage_initial_soc": 0.5,
        "storage_max_charge_kw": 2000.0,
        "storage_max_discharge_kw": 2000.0,
        "storage_module_kwh": 500.0,
        "tier": "interchange"
      },
      "type": "Feature"
    },
    {
      "geometry": {
        "coordinates": [
          44.08064774132076,
          15.339740128855775
        ],
        "type": "Point"
      },
      "properties": {
        "charger_bus_voltage_v": 650.0,
        "charger_contact_count": 8,
        "charger_efficiency": 0.98,
        "charger_max_current_a": 3300.0,
        "charger_max_kw": 2000.0,
        "grid_export_kw": 3200.0,
        "grid_import_kw": 3200.0,
        "line": "line-5",
        "pv_nameplate_kw": 300.0,
        "station": "line-5-0890-0164-s031023",
        "storage_capacity_kwh": 2000.0,
        "storage_initial_soc": 0.6,
        "storage_max_charge_kw": 2000.0,
        "storage_max_discharge_kw": 2000.0,
        "storage_module_kwh": 500.0,
        "tier": "terminal"
      },
      "type": "Feature"
    },
    {
      "geometry": {
        "coordinates": [
          44.05735918408614,
          15.369974444804377
        ],
        "type": "Point"
      },
      "properties": {
        "charger_bus_voltage_v": 650.0,
        "charger_contact_count": 8,
        "charger_efficiency": 0.98,
        "charger_max_current_a": 3300.0,
        "charger_max_kw": 2000.0,
        "grid_export_kw": 12000.0,
        "grid_import_kw": 12000.0,
        "line": "line-6",
        "pv_nameplate_kw": 5000.0,
        "station": "line-6-0722-0039-s000000",
        "storage_capacity_kwh": 40000.0,
        "storage_initial_soc": 0.6,
        "storage_max_charge_kw": 10000.0,
        "storage_max_discharge_kw": 10000.0,
        "storage_module_kwh": 500.0,
        "tier": "depot-main"
      },
      "type": "Feature"
    },
    {
      "geometry": {
        "coordinates": [
          44.14175691550441,
          15.349998200338337
        ],
        "type": "Point"
      },
      "properties": {
        "charger_bus_voltage_v": 650.0,
        "charger_contact_count": 8,
        "charger_efficiency": 0.98,
        "charger_max_current_a": 3300.0,
        "charger_max_kw": 2000.0,
        "grid_export_kw": 2400.0,
        "grid_import_kw": 2400.0,
        "line": "line-6",
        "pv_nameplate_kw": 300.0,
        "station": "line-6-0833-0492-s011010",
        "storage_capacity_kwh": 2000.0,
        "storage_initial_soc": 0.5,
        "storage_max_charge_kw": 2000.0,
        "storage_max_discharge_kw": 2000.0,
        "storage_module_kwh": 500.0,
        "tier": "interchange"
      },
      "type": "Feature"
    },
    {
      "geometry": {
        "coordinates": [
          44.15591635830305,
          15.346038944678401
        ],
        "type": "Point"
      },
      "properties": {
        "charger_bus_voltage_v": 650.0,
        "charger_contact_count": 8,
        "charger_efficiency": 0.98,
        "charger_max_current_a": 3300.0,
        "charger_max_kw": 2000.0,
        "grid_export_kw": 2400.0,
        "grid_import_kw": 2400.0,
        "line": "line-6",
        "pv_nameplate_kw": 300.0,
        "station": "line-6-0855-0568-s012736",
        "storage_capacity_kwh": 2000.0,
        "storage_initial_soc": 0.5,
        "storage_max_charge_kw": 2000.0,
        "storage_max_discharge_kw": 2000.0,
        "storage_module_kwh": 500.0,
        "tier": "interchange"
      },
      "type": "Feature"
    },
    {
      "geometry": {
        "coordinates": [
          44.176223980211645,
          15.340280027354858
        ],
        "type": "Point"
      },
      "properties": {
        "charger_bus_voltage_v": 650.0,
        "charger_contact_count": 8,
        "charger_efficiency": 0.98,
        "charger_max_current_a": 3300.0,
        "charger_max_kw": 2000.0,
        "grid_export_kw": 2000.0,
        "grid_import_kw": 2000.0,
        "line": "line-6",
        "pv_nameplate_kw": 300.0,
        "station": "line-6-0887-0677-s015193",
        "storage_capacity_kwh": 2000.0,
        "storage_initial_soc": 0.5,
        "storage_max_charge_kw": 2000.0,
        "storage_max_discharge_kw": 2000.0,
        "storage_module_kwh": 500.0,
        "tier": "standard"
      },
      "type": "Feature"
    },
    {
      "geometry": {
        "coordinates": [
          44.187588796142144,
          15.336860670194003
        ],
        "type": "Point"
      },
      "properties": {
        "charger_bus_voltage_v": 650.0,
        "charger_contact_count": 8,
        "charger_efficiency": 0.98,
        "charger_max_current_a": 3300.0,
        "charger_max_kw": 2000.0,
        "grid_export_kw": 2400.0,
        "grid_import_kw": 2400.0,
        "line": "line-6",
        "pv_nameplate_kw": 300.0,
        "station": "line-6-0906-0738-s016594",
        "storage_capacity_kwh": 2000.0,
        "storage_initial_soc": 0.5,
        "storage_max_charge_kw": 2000.0,
        "storage_max_discharge_kw": 2000.0,
        "storage_module_kwh": 500.0,
        "tier": "interchange"
      },
      "type": "Feature"
    },
    {
      "geometry": {
        "coordinates": [
          44.1952274429151,
          15.334701076197675
        ],
        "type": "Point"
      },
      "properties": {
        "charger_bus_voltage_v": 650.0,
        "charger_contact_count": 8,
        "charger_efficiency": 0.98,
        "charger_max_current_a": 3300.0,
        "charger_max_kw": 2000.0,
        "grid_export_kw": 2400.0,
        "grid_import_kw": 2400.0,
        "line": "line-6",
        "pv_nameplate_kw": 300.0,
        "station": "line-6-0918-0779-s017525",
        "storage_capacity_kwh": 2000.0,
        "storage_initial_soc": 0.5,
        "storage_max_charge_kw": 2000.0,
        "storage_max_discharge_kw": 2000.0,
        "storage_module_kwh": 500.0,
        "tier": "interchange"
      },
      "type": "Feature"
    },
    {
      "geometry": {
        "coordinates": [
          44.20510179118258,
          15.332001583702263
        ],
        "type": "Point"
      },
      "properties": {
        "charger_bus_voltage_v": 650.0,
        "charger_contact_count": 8,
        "charger_efficiency": 0.98,
        "charger_max_current_a": 3300.0,
        "charger_max_kw": 2000.0,
        "grid_export_kw": 2400.0,
        "grid_import_kw": 2400.0,
        "line": "line-6",
        "pv_nameplate_kw": 300.0,
        "station": "line-6-0933-0832-s018709",
        "storage_capacity_kwh": 2000.0,
        "storage_initial_soc": 0.5,
        "storage_max_charge_kw": 2000.0,
        "storage_max_discharge_kw": 2000.0,
        "storage_module_kwh": 500.0,
        "tier": "interchange"
      },
      "type": "Feature"
    },
    {
      "geometry": {
        "coordinates": [
          44.206033333471964,
          15.331641651369543
        ],
        "type": "Point"
      },
      "properties": {
        "charger_bus_voltage_v": 650.0,
        "charger_contact_count": 8,
        "charger_efficiency": 0.98,
        "charger_max_current_a": 3300.0,
        "charger_max_kw": 2000.0,
        "grid_export_kw": 2400.0,
        "grid_import_kw": 2400.0,
        "line": "line-6",
        "pv_nameplate_kw": 300.0,
        "station": "line-6-0935-0837-s018825",
        "storage_capacity_kwh": 2000.0,
        "storage_initial_soc": 0.5,
        "storage_max_charge_kw": 2000.0,
        "storage_max_discharge_kw": 2000.0,
        "storage_module_kwh": 500.0,
        "tier": "interchange"
      },
      "type": "Feature"
    },
    {
      "geometry": {
        "coordinates": [
          44.21534875636581,
          15.329122125040492
        ],
        "type": "Point"
      },
      "properties": {
        "charger_bus_voltage_v": 650.0,
        "charger_contact_count": 8,
        "charger_efficiency": 0.98,
        "charger_max_current_a": 3300.0,
        "charger_max_kw": 2000.0,
        "grid_export_kw": 2400.0,
        "grid_import_kw": 2400.0,
        "line": "line-6",
        "pv_nameplate_kw": 300.0,
        "station": "line-6-0949-0887-s019941",
        "storage_capacity_kwh": 2000.0,
        "storage_initial_soc": 0.5,
        "storage_max_charge_kw": 2000.0,
        "storage_max_discharge_kw": 2000.0,
        "storage_module_kwh": 500.0,
        "tier": "interchange"
      },
      "type": "Feature"
    },
    {
      "geometry": {
        "coordinates": [
          44.218888617065474,
          15.328042328042327
        ],
        "type": "Point"
      },
      "properties": {
        "charger_bus_voltage_v": 650.0,
        "charger_contact_count": 8,
        "charger_efficiency": 0.98,
        "charger_max_current_a": 3300.0,
        "charger_max_kw": 2000.0,
        "grid_export_kw": 3200.0,
        "grid_import_kw": 3200.0,
        "line": "line-6",
        "pv_nameplate_kw": 300.0,
        "station": "line-6-0955-0906-s020383",
        "storage_capacity_kwh": 2000.0,
        "storage_initial_soc": 0.6,
        "storage_max_charge_kw": 2000.0,
        "storage_max_discharge_kw": 2000.0,
        "storage_module_kwh": 500.0,
        "tier": "terminal"
      },
      "type": "Feature"
    },
    {
      "geometry": {
        "coordinates": [
          44.216093990197315,
          15.44034121585142
        ],
        "type": "Point"
      },
      "properties": {
        "charger_bus_voltage_v": 650.0,
        "charger_contact_count": 8,
        "charger_efficiency": 0.98,
        "charger_max_current_a": 3300.0,
        "charger_max_kw": 2000.0,
        "grid_export_kw": 12000.0,
        "grid_import_kw": 12000.0,
        "line": "line-7",
        "pv_nameplate_kw": 5000.0,
        "station": "line-7-0331-0891-s000791",
        "storage_capacity_kwh": 40000.0,
        "storage_initial_soc": 0.6,
        "storage_max_charge_kw": 10000.0,
        "storage_max_discharge_kw": 10000.0,
        "storage_module_kwh": 500.0,
        "tier": "depot-main"
      },
      "type": "Feature"
    },
    {
      "geometry": {
        "coordinates": [
          44.22634095538055,
          15.426483821041645
        ],
        "type": "Point"
      },
      "properties": {
        "charger_bus_voltage_v": 650.0,
        "charger_contact_count": 8,
        "charger_efficiency": 0.98,
        "charger_max_current_a": 3300.0,
        "charger_max_kw": 2000.0,
        "grid_export_kw": 2000.0,
        "grid_import_kw": 2000.0,
        "line": "line-7",
        "pv_nameplate_kw": 300.0,
        "station": "line-7-0408-0946-s005604",
        "storage_capacity_kwh": 2000.0,
        "storage_initial_soc": 0.5,
        "storage_max_charge_kw": 2000.0,
        "storage_max_discharge_kw": 2000.0,
        "storage_module_kwh": 500.0,
        "tier": "standard"
      },
      "type": "Feature"
    },
    {
      "geometry": {
        "coordinates": [
          44.22391894542815,
          15.40308821941475
        ],
        "type": "Point"
      },
      "properties": {
        "charger_bus_voltage_v": 650.0,
        "charger_contact_count": 8,
        "charger_efficiency": 0.98,
        "charger_max_current_a": 3300.0,
        "charger_max_kw": 2000.0,
        "grid_export_kw": 2400.0,
        "grid_import_kw": 2400.0,
        "line": "line-7",
        "pv_nameplate_kw": 300.0,
        "station": "line-7-0538-0933-s008311",
        "storage_capacity_kwh": 2000.0,
        "storage_initial_soc": 0.5,
        "storage_max_charge_kw": 2000.0,
        "storage_max_discharge_kw": 2000.0,
        "storage_module_kwh": 500.0,
        "tier": "interchange"
      },
      "type": "Feature"
    },
    {
      "geometry": {
        "coordinates": [
          44.22391894542815,
          15.401828456250225
        ],
        "type": "Point"
      },
      "properties": {
        "charger_bus_voltage_v": 650.0,
        "charger_contact_count": 8,
        "charger_efficiency": 0.98,
        "charger_max_current_a": 3300.0,
        "charger_max_kw": 2000.0,
        "grid_export_kw": 2400.0,
        "grid_import_kw": 2400.0,
        "line": "line-7",
        "pv_nameplate_kw": 300.0,
        "station": "line-7-0545-0933-s008451",
        "storage_capacity_kwh": 2000.0,
        "storage_initial_soc": 0.5,
        "storage_max_charge_kw": 2000.0,
        "storage_max_discharge_kw": 2000.0,
        "storage_module_kwh": 500.0,
        "tier": "interchange"
      },
      "type": "Feature"
    },
    {
      "geometry": {
        "coordinates": [
          44.22280109468089,
          15.391570384767663
        ],
        "type": "Point"
      },
      "properties": {
        "charger_bus_voltage_v": 650.0,
        "charger_contact_count": 8,
        "charger_efficiency": 0.98,
        "charger_max_current_a": 3300.0,
        "charger_max_kw": 2000.0,
        "grid_export_kw": 2400.0,
        "grid_import_kw": 2400.0,
        "line": "line-7",
        "pv_nameplate_kw": 300.0,
        "station": "line-7-0602-0927-s009641",
        "storage_capacity_kwh": 2000.0,
        "storage_initial_soc": 0.5,
        "storage_max_charge_kw": 2000.0,
        "storage_max_discharge_kw": 2000.0,
        "storage_module_kwh": 500.0,
        "tier": "interchange"
      },
      "type": "Feature"
    },
    {
      "geometry": {
        "coordinates": [
          44.221124318559994,
          15.374293632797034
        ],
        "type": "Point"
      },
      "properties": {
        "charger_bus_voltage_v": 650.0,
        "charger_contact_count": 8,
        "charger_efficiency": 0.98,
        "charger_max_current_a": 3300.0,
        "charger_max_kw": 2000.0,
        "grid_export_kw": 2400.0,
        "grid_import_kw": 2400.0,
        "line": "line-7",
        "pv_nameplate_kw": 300.0,
        "station": "line-7-0698-0918-s011636",
        "storage_capacity_kwh": 2000.0,
        "storage_initial_soc": 0.5,
        "storage_max_charge_kw": 2000.0,
        "storage_max_discharge_kw": 2000.0,
        "storage_module_kwh": 500.0,
        "tier": "interchange"
      },
      "type": "Feature"
    },
    {
      "geometry": {
        "coordinates": [
          44.224477870801785,
          15.360076305654538
        ],
        "type": "Point"
      },
      "properties": {
        "charger_bus_voltage_v": 650.0,
        "charger_contact_count": 8,
        "charger_efficiency": 0.98,
        "charger_max_current_a": 3300.0,
        "charger_max_kw": 2000.0,
        "grid_export_kw": 2400.0,
        "grid_import_kw": 2400.0,
        "line": "line-7",
        "pv_nameplate_kw": 300.0,
        "station": "line-7-0777-0936-s013393",
        "storage_capacity_kwh": 2000.0,
        "storage_initial_soc": 0.5,
        "storage_max_charge_kw": 2000.0,
        "storage_max_discharge_kw": 2000.0,
        "storage_module_kwh": 500.0,
        "tier": "interchange"
      },
      "type": "Feature"
    },
    {
      "geometry": {
        "coordinates": [
          44.22503679617541,
          15.358816542490011
        ],
        "type": "Point"
      },
      "properties": {
        "charger_bus_voltage_v": 650.0,
        "charger_contact_count": 8,
        "charger_efficiency": 0.98,
        "charger_max_current_a": 3300.0,
        "charger_max_kw": 2000.0,
        "grid_export_kw": 2400.0,
        "grid_import_kw": 2400.0,
        "line": "line-7",
        "pv_nameplate_kw": 300.0,
        "station": "line-7-0784-0939-s013558",
        "storage_capacity_kwh": 2000.0,
        "storage_initial_soc": 0.5,
        "storage_max_charge_kw": 2000.0,
        "storage_max_discharge_kw": 2000.0,
        "storage_module_kwh": 500.0,
        "tier": "interchange"
      },
      "type": "Feature"
    },
    {
      "geometry": {
        "coordinates": [
          44.22689988075418,
          15.35341755749919
        ],
        "type": "Point"
      },
      "properties": {
        "charger_bus_voltage_v": 650.0,
        "charger_contact_count": 8,
        "charger_efficiency": 0.98,
        "charger_max_current_a": 3300.0,
        "charger_max_kw": 2000.0,
        "grid_export_kw": 2400.0,
        "grid_import_kw": 2400.0,
        "line": "line-7",
        "pv_nameplate_kw": 300.0,
        "station": "line-7-0814-0949-s014241",
        "storage_capacity_kwh": 2000.0,
        "storage_initial_soc": 0.5,
        "storage_max_charge_kw": 2000.0,
        "storage_max_discharge_kw": 2000.0,
        "storage_module_kwh": 500.0,
        "tier": "interchange"
      },
      "type": "Feature"
    },
    {
      "geometry": {
        "coordinates": [
          44.23397960215351,
          15.33344131303315
        ],
        "type": "Point"
      },
      "properties": {
        "charger_bus_voltage_v": 650.0,
        "charger_contact_count": 8,
        "charger_efficiency": 0.98,
        "charger_max_current_a": 3300.0,
        "charger_max_kw": 2000.0,
        "grid_export_kw": 2400.0,
        "grid_import_kw": 2400.0,
        "line": "line-7",
        "pv_nameplate_kw": 300.0,
        "station": "line-7-0925-0987-s016799",
        "storage_capacity_kwh": 2000.0,
        "storage_initial_soc": 0.5,
        "storage_max_charge_kw": 2000.0,
        "storage_max_discharge_kw": 2000.0,
        "storage_module_kwh": 500.0,
        "tier": "interchange"
      },
      "type": "Feature"
    },
    {
      "geometry": {
        "coordinates": [
          44.23547006981652,
          15.320843681387899
        ],
        "type": "Point"
      },
      "properties": {
        "charger_bus_voltage_v": 650.0,
        "charger_contact_count": 8,
        "charger_efficiency": 0.98,
        "charger_max_current_a": 3300.0,
        "charger_max_kw": 2000.0,
        "grid_export_kw": 2000.0,
        "grid_import_kw": 2000.0,
        "line": "line-7",
        "pv_nameplate_kw": 300.0,
        "station": "line-7-0995-0995-s018393",
        "storage_capacity_kwh": 2000.0,
        "storage_initial_soc": 0.5,
        "storage_max_charge_kw": 2000.0,
        "storage_max_discharge_kw": 2000.0,
        "storage_module_kwh": 500.0,
        "tier": "standard"
      },
      "type": "Feature"
    },
    {
      "geometry": {
        "coordinates": [
          44.23472483598501,
          15.307166252744484
        ],
        "type": "Point"
      },
      "properties": {
        "charger_bus_voltage_v": 650.0,
        "charger_contact_count": 8,
        "charger_efficiency": 0.98,
        "charger_max_current_a": 3300.0,
        "charger_max_kw": 2000.0,
        "grid_export_kw": 2400.0,
        "grid_import_kw": 2400.0,
        "line": "line-7",
        "pv_nameplate_kw": 300.0,
        "station": "line-7-1071-0991-s020208",
        "storage_capacity_kwh": 2000.0,
        "storage_initial_soc": 0.5,
        "storage_max_charge_kw": 2000.0,
        "storage_max_discharge_kw": 2000.0,
        "storage_module_kwh": 500.0,
        "tier": "interchange"
      },
      "type": "Feature"
    },
    {
      "geometry": {
        "coordinates": [
          44.23714684593742,
          15.300147572256416
        ],
        "type": "Point"
      },
      "properties": {
        "charger_bus_voltage_v": 650.0,
        "charger_contact_count": 8,
        "charger_efficiency": 0.98,
        "charger_max_current_a": 3300.0,
        "charger_max_kw": 2000.0,
        "grid_export_kw": 2400.0,
        "grid_import_kw": 2400.0,
        "line": "line-7",
        "pv_nameplate_kw": 300.0,
        "station": "line-7-1110-1004-s021096",
        "storage_capacity_kwh": 2000.0,
        "storage_initial_soc": 0.5,
        "storage_max_charge_kw": 2000.0,
        "storage_max_discharge_kw": 2000.0,
        "storage_module_kwh": 500.0,
        "tier": "interchange"
      },
      "type": "Feature"
    },
    {
      "geometry": {
        "coordinates": [
          44.237892079768926,
          15.279271496958572
        ],
        "type": "Point"
      },
      "properties": {
        "charger_bus_voltage_v": 650.0,
        "charger_contact_count": 8,
        "charger_efficiency": 0.98,
        "charger_max_current_a": 3300.0,
        "charger_max_kw": 2000.0,
        "grid_export_kw": 2400.0,
        "grid_import_kw": 2400.0,
        "line": "line-7",
        "pv_nameplate_kw": 300.0,
        "station": "line-7-1226-1008-s023783",
        "storage_capacity_kwh": 2000.0,
        "storage_initial_soc": 0.5,
        "storage_max_charge_kw": 2000.0,
        "storage_max_discharge_kw": 2000.0,
        "storage_module_kwh": 500.0,
        "tier": "interchange"
      },
      "type": "Feature"
    },
    {
      "geometry": {
        "coordinates": [
          44.21758445786033,
          15.282690854119426
        ],
        "type": "Point"
      },
      "properties": {
        "charger_bus_voltage_v": 650.0,
        "charger_contact_count": 8,
        "charger_efficiency": 0.98,
        "charger_max_current_a": 3300.0,
        "charger_max_kw": 2000.0,
        "grid_export_kw": 2000.0,
        "grid_import_kw": 2000.0,
        "line": "line-7",
        "pv_nameplate_kw": 300.0,
        "station": "line-7-1207-0899-s026406",
        "storage_capacity_kwh": 2000.0,
        "storage_initial_soc": 0.5,
        "storage_max_charge_kw": 2000.0,
        "storage_max_discharge_kw": 2000.0,
        "storage_module_kwh": 500.0,
        "tier": "standard"
      },
      "type": "Feature"
    },
    {
      "geometry": {
        "coordinates": [
          44.20230716431442,
          15.28880970377569
        ],
        "type": "Point"
      },
      "properties": {
        "charger_bus_voltage_v": 650.0,
        "charger_contact_count": 8,
        "charger_efficiency": 0.98,
        "charger_max_current_a": 3300.0,
        "charger_max_kw": 2000.0,
        "grid_export_kw": 2400.0,
        "grid_import_kw": 2400.0,
        "line": "line-7",
        "pv_nameplate_kw": 300.0,
        "station": "line-7-1173-0817-s028362",
        "storage_capacity_kwh": 2000.0,
        "storage_initial_soc": 0.5,
        "storage_max_charge_kw": 2000.0,
        "storage_max_discharge_kw": 2000.0,
        "storage_module_kwh": 500.0,
        "tier": "interchange"
      },
      "type": "Feature"
    },
    {
      "geometry": {
        "coordinates": [
          44.1879614130579,
          15.294568621099234
        ],
        "type": "Point"
      },
      "properties": {
        "charger_bus_voltage_v": 650.0,
        "charger_contact_count": 8,
        "charger_efficiency": 0.98,
        "charger_max_current_a": 3300.0,
        "charger_max_kw": 2000.0,
        "grid_export_kw": 2400.0,
        "grid_import_kw": 2400.0,
        "line": "line-7",
        "pv_nameplate_kw": 300.0,
        "station": "line-7-1141-0740-s030191",
        "storage_capacity_kwh": 2000.0,
        "storage_initial_soc": 0.5,
        "storage_max_charge_kw": 2000.0,
        "storage_max_discharge_kw": 2000.0,
        "storage_module_kwh": 500.0,
        "tier": "interchange"
      },
      "type": "Feature"
    },
    {
      "geometry": {
        "coordinates": [
          44.166349631944165,
          15.296908181261923
        ],
        "type": "Point"
      },
      "properties": {
        "charger_bus_voltage_v": 650.0,
        "charger_contact_count": 8,
        "charger_efficiency": 0.98,
        "charger_max_current_a": 3300.0,
        "charger_max_kw": 2000.0,
        "grid_export_kw": 2000.0,
        "grid_import_kw": 2000.0,
        "line": "line-7",
        "pv_nameplate_kw": 300.0,
        "station": "line-7-1128-0624-s032791",
        "storage_capacity_kwh": 2000.0,
        "storage_initial_soc": 0.5,
        "storage_max_charge_kw": 2000.0,
        "storage_max_discharge_kw": 2000.0,
        "storage_module_kwh": 500.0,
        "tier": "standard"
      },
      "type": "Feature"
    },
    {
      "geometry": {
        "coordinates": [
          44.13765812943111,
          15.342259655184826
        ],
        "type": "Point"
      },
      "properties": {
        "charger_bus_voltage_v": 650.0,
        "charger_contact_count": 8,
        "charger_efficiency": 0.98,
        "charger_max_current_a": 3300.0,
        "charger_max_kw": 2000.0,
        "grid_export_kw": 2400.0,
        "grid_import_kw": 2400.0,
        "line": "line-7",
        "pv_nameplate_kw": 300.0,
        "station": "line-7-0876-0470-s040742",
        "storage_capacity_kwh": 2000.0,
        "storage_initial_soc": 0.5,
        "storage_max_charge_kw": 2000.0,
        "storage_max_discharge_kw": 2000.0,
        "storage_module_kwh": 500.0,
        "tier": "interchange"
      },
      "type": "Feature"
    },
    {
      "geometry": {
        "coordinates": [
          44.138030746346864,
          15.342619587517547
        ],
        "type": "Point"
      },
      "properties": {
        "charger_bus_voltage_v": 650.0,
        "charger_contact_count": 8,
        "charger_efficiency": 0.98,
        "charger_max_current_a": 3300.0,
        "charger_max_kw": 2000.0,
        "grid_export_kw": 2400.0,
        "grid_import_kw": 2400.0,
        "line": "line-7",
        "pv_nameplate_kw": 300.0,
        "station": "line-7-0874-0472-s040810",
        "storage_capacity_kwh": 2000.0,
        "storage_initial_soc": 0.5,
        "storage_max_charge_kw": 2000.0,
        "storage_max_discharge_kw": 2000.0,
        "storage_module_kwh": 500.0,
        "tier": "interchange"
      },
      "type": "Feature"
    },
    {
      "geometry": {
        "coordinates": [
          44.14175691550441,
          15.349998200338337
        ],
        "type": "Point"
      },
      "properties": {
        "charger_bus_voltage_v": 650.0,
        "charger_contact_count": 8,
        "charger_efficiency": 0.98,
        "charger_max_current_a": 3300.0,
        "charger_max_kw": 2000.0,
        "grid_export_kw": 2400.0,
        "grid_import_kw": 2400.0,
        "line": "line-7",
        "pv_nameplate_kw": 300.0,
        "station": "line-7-0833-0492-s041831",
        "storage_capacity_kwh": 2000.0,
        "storage_initial_soc": 0.5,
        "storage_max_charge_kw": 2000.0,
        "storage_max_discharge_kw": 2000.0,
        "storage_module_kwh": 500.0,
        "tier": "interchange"
      },
      "type": "Feature"
    },
    {
      "geometry": {
        "coordinates": [
          44.149954487650994,
          15.365835222978081
        ],
        "type": "Point"
      },
      "properties": {
        "charger_bus_voltage_v": 650.0,
        "charger_contact_count": 8,
        "charger_efficiency": 0.98,
        "charger_max_current_a": 3300.0,
        "charger_max_kw": 2000.0,
        "grid_export_kw": 2000.0,
        "grid_import_kw": 2000.0,
        "line": "line-7",
        "pv_nameplate_kw": 300.0,
        "station": "line-7-0745-0536-s044003",
        "storage_capacity_kwh": 2000.0,
        "storage_initial_soc": 0.5,
        "storage_max_charge_kw": 2000.0,
        "storage_max_discharge_kw": 2000.0,
        "storage_module_kwh": 500.0,
        "tier": "standard"
      },
      "type": "Feature"
    },
    {
      "geometry": {
        "coordinates": [
          44.16057406974998,
          15.379872583954217
        ],
        "type": "Point"
      },
      "properties": {
        "charger_bus_voltage_v": 650.0,
        "charger_contact_count": 8,
        "charger_efficiency": 0.98,
        "charger_max_current_a": 3300.0,
        "charger_max_kw": 2000.0,
        "grid_export_kw": 2400.0,
        "grid_import_kw": 2400.0,
        "line": "line-7",
        "pv_nameplate_kw": 300.0,
        "station": "line-7-0667-0593-s046211",
        "storage_capacity_kwh": 2000.0,
        "storage_initial_soc": 0.5,
        "storage_max_charge_kw": 2000.0,
        "storage_max_discharge_kw": 2000.0,
        "storage_module_kwh": 500.0,
        "tier": "interchange"
      },
      "type": "Feature"
    },
    {
      "geometry": {
        "coordinates": [
          44.170634726475335,
          15.386711298275925
        ],
        "type": "Point"
      },
      "properties": {
        "charger_bus_voltage_v": 650.0,
        "charger_contact_count": 8,
        "charger_efficiency": 0.98,
        "charger_max_current_a": 3300.0,
        "charger_max_kw": 2000.0,
        "grid_export_kw": 2400.0,
        "grid_import_kw": 2400.0,
        "line": "line-7",
        "pv_nameplate_kw": 300.0,
        "station": "line-7-0629-0647-s047687",
        "storage_capacity_kwh": 2000.0,
        "storage_initial_soc": 0.5,
        "storage_max_charge_kw": 2000.0,
        "storage_max_discharge_kw": 2000.0,
        "storage_module_kwh": 500.0,
        "tier": "interchange"
      },
      "type": "Feature"
    },
    {
      "geometry": {
        "coordinates": [
          44.173243044885616,
          15.38833099377317
        ],
        "type": "Point"
      },
      "properties": {
        "charger_bus_voltage_v": 650.0,
        "charger_contact_count": 8,
        "charger_efficiency": 0.98,
        "charger_max_current_a": 3300.0,
        "charger_max_kw": 2000.0,
        "grid_export_kw": 2400.0,
        "grid_import_kw": 2400.0,
        "line": "line-7",
        "pv_nameplate_kw": 300.0,
        "station": "line-7-0620-0661-s048065",
        "storage_capacity_kwh": 2000.0,
        "storage_initial_soc": 0.5,
        "storage_max_charge_kw": 2000.0,
        "storage_max_discharge_kw": 2000.0,
        "storage_module_kwh": 500.0,
        "tier": "interchange"
      },
      "type": "Feature"
    },
    {
      "geometry": {
        "coordinates": [
          44.179204915537674,
          15.399128963754814
        ],
        "type": "Point"
      },
      "properties": {
        "charger_bus_voltage_v": 650.0,
        "charger_contact_count": 8,
        "charger_efficiency": 0.98,
        "charger_max_current_a": 3300.0,
        "charger_max_kw": 2000.0,
        "grid_export_kw": 2400.0,
        "grid_import_kw": 2400.0,
        "line": "line-7",
        "pv_nameplate_kw": 300.0,
        "station": "line-7-0560-0693-s049577",
        "storage_capacity_kwh": 2000.0,
        "storage_initial_soc": 0.5,
        "storage_max_charge_kw": 2000.0,
        "storage_max_discharge_kw": 2000.0,
        "storage_module_kwh": 500.0,
        "tier": "interchange"
      },
      "type": "Feature"
    },
    {
      "geometry": {
        "coordinates": [
          44.1838626269846,
          15.41316632473095
        ],
        "type": "Point"
      },
      "properties": {
        "charger_bus_voltage_v": 650.0,
        "charger_contact_count": 8,
        "charger_efficiency": 0.98,
        "charger_max_current_a": 3300.0,
        "charger_max_kw": 2000.0,
        "grid_export_kw": 2400.0,
        "grid_import_kw": 2400.0,
        "line": "line-7",
        "pv_nameplate_kw": 300.0,
        "station": "line-7-0482-0718-s051368",
        "storage_capacity_kwh": 2000.0,
        "storage_initial_soc": 0.5,
        "storage_max_charge_kw": 2000.0,
        "storage_max_discharge_kw": 2000.0,
        "storage_module_kwh": 500.0,
        "tier": "interchange"
      },
      "type": "Feature"
    },
    {
      "geometry": {
        "coordinates": [
          44.203238706603805,
          15.435122197026958
        ],
        "type": "Point"
      },
      "properties": {
        "charger_bus_voltage_v": 650.0,
        "charger_contact_count": 8,
        "charger_efficiency": 0.98,
        "charger_max_current_a": 3300.0,
        "charger_max_kw": 2000.0,
        "grid_export_kw": 2000.0,
        "grid_import_kw": 2000.0,
        "line": "line-7",
        "pv_nameplate_kw": 300.0,
        "station": "line-7-0360-0822-s055197",
        "storage_capacity_kwh": 2000.0,
        "storage_initial_soc": 0.5,
        "storage_max_charge_kw": 2000.0,
        "storage_max_discharge_kw": 2000.0,
        "storage_module_kwh": 500.0,
        "tier": "standard"
      },
      "type": "Feature"
    },
    {
      "geometry": {
        "coordinates": [
          44.1879614130579,
          15.294568621099234
        ],
        "type": "Point"
      },
      "properties": {
        "charger_bus_voltage_v": 650.0,
        "charger_contact_count": 8,
        "charger_efficiency": 0.98,
        "charger_max_current_a": 3300.0,
        "charger_max_kw": 2000.0,
        "grid_export_kw": 12000.0,
        "grid_import_kw": 12000.0,
        "line": "line-8",
        "pv_nameplate_kw": 5000.0,
        "station": "line-8-1141-0740-s000000",
        "storage_capacity_kwh": 40000.0,
        "storage_initial_soc": 0.6,
        "storage_max_charge_kw": 10000.0,
        "storage_max_discharge_kw": 10000.0,
        "storage_module_kwh": 500.0,
        "tier": "depot-main"
      },
      "type": "Feature"
    },
    {
      "geometry": {
        "coordinates": [
          44.194668517541466,
          15.306446388079042
        ],
        "type": "Point"
      },
      "properties": {
        "charger_bus_voltage_v": 650.0,
        "charger_contact_count": 8,
        "charger_efficiency": 0.98,
        "charger_max_current_a": 3300.0,
        "charger_max_kw": 2000.0,
        "grid_export_kw": 2400.0,
        "grid_import_kw": 2400.0,
        "line": "line-8",
        "pv_nameplate_kw": 300.0,
        "station": "line-8-1075-0776-s001624",
        "storage_capacity_kwh": 2000.0,
        "storage_initial_soc": 0.5,
        "storage_max_charge_kw": 2000.0,
        "storage_max_discharge_kw": 2000.0,
        "storage_module_kwh": 500.0,
        "tier": "interchange"
      },
      "type": "Feature"
    },
    {
      "geometry": {
        "coordinates": [
          44.19690421903599,
          15.317244358060684
        ],
        "type": "Point"
      },
      "properties": {
        "charger_bus_voltage_v": 650.0,
        "charger_contact_count": 8,
        "charger_efficiency": 0.98,
        "charger_max_current_a": 3300.0,
        "charger_max_kw": 2000.0,
        "grid_export_kw": 2000.0,
        "grid_import_kw": 2000.0,
        "line": "line-8",
        "pv_nameplate_kw": 300.0,
        "station": "line-8-1015-0788-s002918",
        "storage_capacity_kwh": 2000.0,
        "storage_initial_soc": 0.5,
        "storage_max_charge_kw": 2000.0,
        "storage_max_discharge_kw": 2000.0,
        "storage_module_kwh": 500.0,
        "tier": "standard"
      },
      "type": "Feature"
    },
    {
      "geometry": {
        "coordinates": [
          44.20212085585654,
          15.325882734045999
        ],
        "type": "Point"
      },
      "properties": {
        "charger_bus_voltage_v": 650.0,
        "charger_contact_count": 8,
        "charger_efficiency": 0.98,
        "charger_max_current_a": 3300.0,
        "charger_max_kw": 2000.0,
        "grid_export_kw": 2400.0,
        "grid_import_kw": 2400.0,
        "line": "line-8",
        "pv_nameplate_kw": 300.0,
        "station": "line-8-0967-0816-s004438",
        "storage_capacity_kwh": 2000.0,
        "storage_initial_soc": 0.5,
        "storage_max_charge_kw": 2000.0,
        "storage_max_discharge_kw": 2000.0,
        "storage_module_kwh": 500.0,
        "tier": "interchange"
      },
      "type": "Feature"
    },
    {
      "geometry": {
        "coordinates": [
          44.206033333471964,
          15.331641651369543
        ],
        "type": "Point"
      },
      "properties": {
        "charger_bus_voltage_v": 650.0,
        "charger_contact_count": 8,
        "charger_efficiency": 0.98,
        "charger_max_current_a": 3300.0,
        "charger_max_kw": 2000.0,
        "grid_export_kw": 2400.0,
        "grid_import_kw": 2400.0,
        "line": "line-8",
        "pv_nameplate_kw": 300.0,
        "station": "line-8-0935-0837-s005498",
        "storage_capacity_kwh": 2000.0,
        "storage_initial_soc": 0.5,
        "storage_max_charge_kw": 2000.0,
        "storage_max_discharge_kw": 2000.0,
        "storage_module_kwh": 500.0,
        "tier": "interchange"
      },
      "type": "Feature"
    },
    {
      "geometry": {
        "coordinates": [
          44.206033333471964,
          15.333081380700428
        ],
        "type": "Point"
      },
      "properties": {
        "charger_bus_voltage_v": 650.0,
        "charger_contact_count": 8,
        "charger_efficiency": 0.98,
        "charger_max_current_a": 3300.0,
        "charger_max_kw": 2000.0,
        "grid_export_kw": 2400.0,
        "grid_import_kw": 2400.0,
        "line": "line-8",
        "pv_nameplate_kw": 300.0,
        "station": "line-8-0927-0837-s005658",
        "storage_capacity_kwh": 2000.0,
        "storage_initial_soc": 0.5,
        "storage_max_charge_kw": 2000.0,
        "storage_max_discharge_kw": 2000.0,
        "storage_module_kwh": 500.0,
        "tier": "interchange"
      },
      "type": "Feature"
    },
    {
      "geometry": {
        "coordinates": [
          44.206033333471964,
          15.334341143864954
        ],
        "type": "Point"
      },
      "properties": {
        "charger_bus_voltage_v": 650.0,
        "charger_contact_count": 8,
        "charger_efficiency": 0.98,
        "charger_max_current_a": 3300.0,
        "charger_max_kw": 2000.0,
        "grid_export_kw": 2400.0,
        "grid_import_kw": 2400.0,
        "line": "line-8",
        "pv_nameplate_kw": 300.0,
        "station": "line-8-0920-0837-s005798",
        "storage_capacity_kwh": 2000.0,
        "storage_initial_soc": 0.5,
        "storage_max_charge_kw": 2000.0,
        "storage_max_discharge_kw": 2000.0,
        "storage_module_kwh": 500.0,
        "tier": "interchange"
      },
      "type": "Feature"
    },
    {
      "geometry": {
        "coordinates": [
          44.206033333471964,
          15.336140805528562
        ],
        "type": "Point"
      },
      "properties": {
        "charger_bus_voltage_v": 650.0,
        "charger_contact_count": 8,
        "charger_efficiency": 0.98,
        "charger_max_current_a": 3300.0,
        "charger_max_kw": 2000.0,
        "grid_export_kw": 2400.0,
        "grid_import_kw": 2400.0,
        "line": "line-8",
        "pv_nameplate_kw": 300.0,
        "station": "line-8-0910-0837-s005998",
        "storage_capacity_kwh": 2000.0,
        "storage_initial_soc": 0.5,
        "storage_max_charge_kw": 2000.0,
        "storage_max_discharge_kw": 2000.0,
        "storage_module_kwh": 500.0,
        "tier": "interchange"
      },
      "type": "Feature"
    },
    {
      "geometry": {
        "coordinates": [
          44.20621964192984,
          15.349458301839254
        ],
        "type": "Point"
      },
      "properties": {
        "charger_bus_voltage_v": 650.0,
        "charger_contact_count": 8,
        "charger_efficiency": 0.98,
        "charger_max_current_a": 3300.0,
        "charger_max_kw": 2000.0,
        "grid_export_kw": 3200.0,
        "grid_import_kw": 3200.0,
        "line": "line-8",
        "pv_nameplate_kw": 300.0,
        "station": "line-8-0836-0838-s007498",
        "storage_capacity_kwh": 2000.0,
        "storage_initial_soc": 0.6,
        "storage_max_charge_kw": 2000.0,
        "storage_max_discharge_kw": 2000.0,
        "storage_module_kwh": 500.0,
        "tier": "terminal"
      },
      "type": "Feature"
    },
    {
      "geometry": {
        "coordinates": [
          44.187588796142144,
          15.336860670194003
        ],
        "type": "Point"
      },
      "properties": {
        "charger_bus_voltage_v": 650.0,
        "charger_contact_count": 8,
        "charger_efficiency": 0.98,
        "charger_max_current_a": 3300.0,
        "charger_max_kw": 2000.0,
        "grid_export_kw": 12000.0,
        "grid_import_kw": 12000.0,
        "line": "line-9",
        "pv_nameplate_kw": 5000.0,
        "station": "line-9-0906-0738-s000000",
        "storage_capacity_kwh": 40000.0,
        "storage_initial_soc": 0.6,
        "storage_max_charge_kw": 10000.0,
        "storage_max_discharge_kw": 10000.0,
        "storage_module_kwh": 500.0,
        "tier": "depot-main"
      },
      "type": "Feature"
    },
    {
      "geometry": {
        "coordinates": [
          44.18293108469522,
          15.317424324227046
        ],
        "type": "Point"
      },
      "properties": {
        "charger_bus_voltage_v": 650.0,
        "charger_contact_count": 8,
        "charger_efficiency": 0.98,
        "charger_max_current_a": 3300.0,
        "charger_max_kw": 2000.0,
        "grid_export_kw": 2000.0,
        "grid_import_kw": 2000.0,
        "line": "line-9",
        "pv_nameplate_kw": 300.0,
        "station": "line-9-1014-0713-s002395",
        "storage_capacity_kwh": 2000.0,
        "storage_initial_soc": 0.5,
        "storage_max_charge_kw": 2000.0,
        "storage_max_discharge_kw": 2000.0,
        "storage_module_kwh": 500.0,
        "tier": "standard"
      },
      "type": "Feature"
    },
    {
      "geometry": {
        "coordinates": [
          44.194668517541466,
          15.306446388079042
        ],
        "type": "Point"
      },
      "properties": {
        "charger_bus_voltage_v": 650.0,
        "charger_contact_count": 8,
        "charger_efficiency": 0.98,
        "charger_max_current_a": 3300.0,
        "charger_max_kw": 2000.0,
        "grid_export_kw": 2400.0,
        "grid_import_kw": 2400.0,
        "line": "line-9",
        "pv_nameplate_kw": 300.0,
        "station": "line-9-1075-0776-s004147",
        "storage_capacity_kwh": 2000.0,
        "storage_initial_soc": 0.5,
        "storage_max_charge_kw": 2000.0,
        "storage_max_discharge_kw": 2000.0,
        "storage_module_kwh": 500.0,
        "tier": "interchange"
      },
      "type": "Feature"
    },
    {
      "geometry": {
        "coordinates": [
          44.20584702501409,
          15.30104740308822
        ],
        "type": "Point"
      },
      "properties": {
        "charger_bus_voltage_v": 650.0,
        "charger_contact_count": 8,
        "charger_efficiency": 0.98,
        "charger_max_current_a": 3300.0,
        "charger_max_kw": 2000.0,
        "grid_export_kw": 2400.0,
        "grid_import_kw": 2400.0,
        "line": "line-9",
        "pv_nameplate_kw": 300.0,
        "station": "line-9-1105-0836-s005609",
        "storage_capacity_kwh": 2000.0,
        "storage_initial_soc": 0.5,
        "storage_max_charge_kw": 2000.0,
        "storage_max_discharge_kw": 2000.0,
        "storage_module_kwh": 500.0,
        "tier": "interchange"
      },
      "type": "Feature"
    },
    {
      "geometry": {
        "coordinates": [
          44.20621964192984,
          15.300687470755499
        ],
        "type": "Point"
      },
      "properties": {
        "charger_bus_voltage_v": 650.0,
        "charger_contact_count": 8,
        "charger_efficiency": 0.98,
        "charger_max_current_a": 3300.0,
        "charger_max_kw": 2000.0,
        "grid_export_kw": 3200.0,
        "grid_import_kw": 3200.0,
        "line": "line-9",
        "pv_nameplate_kw": 300.0,
        "station": "line-9-1107-0838-s005666",
        "storage_capacity_kwh": 2000.0,
        "storage_initial_soc": 0.6,
        "storage_max_charge_kw": 2000.0,
        "storage_max_discharge_kw": 2000.0,
        "storage_module_kwh": 500.0,
        "tier": "terminal"
      },
      "type": "Feature"
    }
  ],
  "type": "FeatureCollection"
}
