
                        S T E P       1


                                INCREMENT     1


 displacements (vx,vy,vz) for set ALLN and time  0.1000000E+01

         1  1.508197E-04 -3.223029E-04  6.297993E-02
         2  0.000000E+00  0.000000E+00  0.000000E+00
         3  3.004654E-03 -1.697522E-03 -1.704861E-01
         4  1.634684E-02 -4.466128E-03 -3.180631E-01
         5  3.382879E-02 -6.818223E-03 -3.534416E-01
         6  5.154041E-02 -9.575606E-03 -3.219886E-01
         7  6.583231E-02 -1.166139E-02 -1.897680E-01
         8  7.100465E-02 -1.331176E-02  0.000000E+00
         9  7.010623E-02 -1.683422E-02  7.994354E-02
        10  3.208915E-02  4.618296E-03  6.347775E-02
        11  3.076102E-02  3.831280E-03 -1.590626E-02
        12  3.551305E-02  3.167570E-03 -1.709519E-01
        13  3.219201E-02 -1.080006E-03 -3.050332E-01
        14  3.366043E-02 -3.231731E-03 -3.484199E-01
        15  3.409017E-02 -6.467418E-03 -3.110225E-01
        16  3.292558E-02 -9.113993E-03 -1.853277E-01
        17  3.401332E-02 -1.167331E-02 -1.654476E-02
        18  3.863797E-02 -1.480581E-02  7.925655E-02
        19  7.032389E-02  2.012337E-02  6.398624E-02
        20  6.925137E-02  1.120493E-02 -2.641189E-02
        21  6.083001E-02  3.815733E-03 -1.717133E-01
        22  4.949106E-02  2.160548E-04 -3.004281E-01
        23  3.265566E-02 -2.393199E-03 -3.463464E-01
        24  1.608565E-02 -4.575461E-03 -3.070877E-01
        25  2.980213E-03 -6.933026E-03 -1.842441E-01
        26 -5.247637E-03 -8.986494E-03 -2.699287E-02
        27 -8.800143E-03 -1.084002E-02  7.895868E-02
        28  9.607824E-02  2.121736E-02  6.420097E-02
        29  9.644536E-02  1.307733E-02 -2.864171E-02
        30  9.066599E-02  6.892124E-03 -1.726058E-01
        31  6.686509E-02  3.487544E-03 -3.008130E-01
        32  3.332588E-02  7.217644E-04 -3.478368E-01
        33 -1.236566E-03 -2.094186E-03 -3.076966E-01
        34 -2.689761E-02 -5.300871E-03 -1.849379E-01
        35 -3.650803E-02 -8.253507E-03 -2.935253E-02
        36 -3.584280E-02 -1.032119E-02  7.897933E-02
        37 -2.248267E-04 -3.568964E-04  8.055584E-02
        38 -1.249450E-03  0.000000E+00  0.000000E+00
        39  4.059751E-03  1.062774E-03 -1.959837E-01
        40  1.864954E-02  7.893831E-04 -3.306569E-01
        41  3.707551E-02 -1.431269E-03 -3.706095E-01
        42  5.552508E-02 -4.290704E-03 -3.308366E-01
        43  7.014971E-02 -8.546691E-03 -1.963414E-01
        44  7.548772E-02 -1.387061E-02  0.000000E+00
        45  7.449554E-02 -1.712878E-02  8.140330E-02
        46  3.154128E-02  4.828484E-03  7.998826E-02
        47  3.643222E-02  3.846294E-03 -1.739103E-02
        48  3.748645E-02  4.093907E-03 -1.909044E-01
        49  3.625963E-02  5.675831E-04 -3.208727E-01
        50  3.698262E-02 -1.837123E-03 -3.635544E-01
        51  3.770397E-02 -4.958633E-03 -3.210625E-01
        52  3.648873E-02 -8.404656E-03 -1.912114E-01
        53  3.752480E-02 -1.259730E-02 -1.732961E-02
        54  4.242713E-02 -1.523015E-02  8.082427E-02
        55  8.000264E-02  2.046098E-02  7.967306E-02
        56  7.634315E-02  1.082271E-02 -2.805049E-02
        57  6.789774E-02  1.825549E-03 -1.900020E-01
        58  5.441255E-02 -3.674340E-03 -3.168475E-01
        59  3.686179E-02 -7.126597E-03 -3.615405E-01
        60  1.928833E-02 -8.639750E-03 -3.170493E-01
        61  5.786128E-03 -9.317549E-03 -1.902848E-01
        62 -2.699163E-03 -9.848145E-03 -2.795387E-02
        63 -6.358966E-03 -1.074121E-02  8.051293E-02
        64  1.074466E-01  2.149963E-02  7.973530E-02
        65  1.082940E-01  1.239295E-02 -3.059137E-02
        66  9.863233E-02  3.557217E-03 -1.904771E-01
        67  7.239667E-02 -2.949631E-03 -3.178413E-01
        68  3.682511E-02 -6.815215E-03 -3.626741E-01
        69  1.246641E-03 -8.694630E-03 -3.180449E-01
        70 -2.508469E-02 -8.960358E-03 -1.907539E-01
        71 -3.481852E-02 -9.156630E-03 -3.048665E-02
        72 -3.405988E-02 -9.951736E-03  8.057759E-02

 stresses (elem, integ.pnt.,sxx,syy,szz,sxy,sxz,syz) for set ALLE and time  0.1000000E+01

         1   1 -3.133401E-01 -1.038577E-01 -6.728768E-03  1.101002E-02 -4.298084E-02  2.326083E-15
         1   2 -3.133401E-01 -2.468294E-02  7.244596E-02  1.101002E-02 -4.298084E-02 -1.812976E-15
         1   3 -3.197024E-01 -1.038577E-01 -8.637467E-03  1.101002E-02 -2.287225E-04  1.847183E-15
         1   4 -3.197024E-01 -2.468294E-02  7.053726E-02  1.101002E-02 -2.287225E-04 -2.633947E-15
         1   5  3.278236E-01  8.849143E-02 -6.728768E-03 -1.321618E-02 -4.298084E-02  2.668154E-15
         1   6  3.278236E-01  1.676662E-01  7.244596E-02 -1.321618E-02 -4.298084E-02 -3.318089E-15
         1   7  3.214612E-01  8.849143E-02 -8.637467E-03 -1.321618E-02 -2.287225E-04  2.257669E-15
         1   8  3.214612E-01  1.676662E-01  7.053726E-02 -1.321618E-02 -2.287225E-04 -4.036438E-15
         2   1  1.039882E+00  3.661365E-01  1.557345E-01  1.469503E-02 -6.827516E-01  5.404722E-15
         2   2  1.039882E+00  1.458660E-01 -6.453597E-02  1.469503E-02 -6.827516E-01 -6.841420E-15
         2   3  1.013097E+00  3.661365E-01  1.476991E-01  1.469503E-02 -6.210598E-01  4.515337E-15
         2   4  1.013097E+00  1.458660E-01 -7.257141E-02  1.469503E-02 -6.210598E-01 -1.190407E-14
         2   5 -3.895832E-01 -6.270295E-02  1.557345E-01 -2.026370E-02 -6.827516E-01  1.087786E-14
         2   6 -3.895832E-01 -2.829734E-01 -6.453597E-02 -2.026370E-02 -6.827516E-01 -4.925822E-15
         2   7 -4.163681E-01 -6.270295E-02  1.476991E-01 -2.026370E-02 -6.210598E-01  1.111731E-14
         2   8 -4.163681E-01 -2.829734E-01 -7.257141E-02 -2.026370E-02 -6.210598E-01  2.736568E-16
         3   1  6.581677E-01  7.609750E-03  2.280116E-01 -9.100227E-03  2.504896E-02 -4.788994E-15
         3   2  6.581677E-01 -2.327813E-01 -1.237946E-02 -9.100227E-03  2.504896E-02 -1.641941E-14
         3   3  6.648356E-01  7.609750E-03  2.300120E-01 -9.100227E-03 -1.570528E-03 -3.147053E-15
         3   4  6.648356E-01 -2.327813E-01 -1.037908E-02 -9.100227E-03 -1.570528E-03 -6.978248E-15
         3   5  2.134181E+00  4.504139E-01  2.280116E-01  5.984151E-03  2.504896E-02 -9.714816E-15
         3   6  2.134181E+00  2.100228E-01 -1.237946E-02  5.984151E-03  2.504896E-02 -1.115151E-14
         3   7  2.140849E+00  4.504139E-01  2.300120E-01  5.984151E-03 -1.570528E-03 -7.251905E-15
         3   8  2.140849E+00  2.100228E-01 -1.037908E-02  5.984151E-03 -1.570528E-03 -8.483361E-15
         4   1  1.941794E+00  1.252744E-01  8.476668E-02  3.159586E-03 -1.944132E-01  5.404722E-15
         4   2  1.941794E+00  1.513879E-01  1.108801E-01  3.159586E-03 -1.944132E-01  9.577988E-15
         4   3  1.941927E+00  1.252744E-01  8.480648E-02  3.159586E-03 -1.833762E-01 -9.509574E-15
         4   4  1.941927E+00  1.513879E-01  1.109199E-01  3.159586E-03 -1.833762E-01  1.108310E-14
         4   5  1.671875E+00  4.429872E-02  8.476668E-02 -3.094718E-03 -1.944132E-01 -7.183491E-15
         4   6  1.671875E+00  7.041218E-02  1.108801E-01 -3.094718E-03 -1.944132E-01 -1.573527E-15
         4   7  1.672008E+00  4.429872E-02  8.480648E-02 -3.094718E-03 -1.833762E-01 -4.173266E-15
         4   8  1.672008E+00  7.041218E-02  1.109199E-01 -3.094718E-03 -1.833762E-01  1.033054E-14
         5   1  1.411246E+00 -2.220108E-03  1.291725E-01 -6.017012E-03  1.495242E-01  3.831195E-15
         5   2  1.411246E+00 -2.242837E-02  1.089643E-01 -6.017012E-03  1.495242E-01 -2.736568E-15
         5   3  1.403973E+00 -2.220108E-03  1.269905E-01 -6.017012E-03  1.297149E-01  8.346532E-15
         5   4  1.403973E+00 -2.242837E-02  1.067822E-01 -6.017012E-03  1.297149E-01 -5.473136E-15
         5   5  2.279924E+00  2.583831E-01  1.291725E-01  5.208246E-03  1.495242E-01  2.531325E-15
         5   6  2.279924E+00  2.381749E-01  1.089643E-01  5.208246E-03  1.495242E-01 -8.893846E-15
         5   7  2.272650E+00  2.583831E-01  1.269905E-01  5.208246E-03  1.297149E-01  5.746793E-15
         5   8  2.272650E+00  2.381749E-01  1.067822E-01  5.208246E-03  1.297149E-01 -6.225692E-15
         6   1  1.382232E+00 -1.981002E-02  4.817732E-03 -2.378738E-03  7.955112E-02 -6.636177E-15
         6   2  1.382232E+00  1.462892E-01  1.709169E-01 -2.378738E-03  7.955112E-02 -1.299870E-15
         6   3  1.401557E+00 -1.981002E-02  1.061526E-02 -2.378738E-03  7.166539E-02 -6.841420E-16
         6   4  1.401557E+00  1.462892E-01  1.767145E-01 -2.378738E-03  7.166539E-02  2.052426E-15
         6   5  1.565742E+00  3.524302E-02  4.817732E-03  2.089843E-03  7.955112E-02 -2.640788E-14
         6   6  1.565742E+00  2.013422E-01  1.709169E-01  2.089843E-03  7.955112E-02 -1.053579E-14
         6   7  1.585067E+00  3.524302E-02  1.061526E-02  2.089843E-03  7.166539E-02 -1.888232E-14
         6   8  1.585067E+00  2.013422E-01  1.767145E-01  2.089843E-03  7.166539E-02 -1.272504E-14
         7   1  4.323246E-01 -1.025731E-01 -6.855451E-02 -2.747298E-03  4.310978E-01 -9.920059E-15
         7   2  4.323246E-01  1.754844E-01  2.095030E-01 -2.747298E-03  4.310978E-01  2.531325E-15
         7   3  4.216519E-01 -1.025731E-01 -7.175632E-02 -2.747298E-03  4.136086E-01 -9.714816E-15
         7   4  4.216519E-01  1.754844E-01  2.063012E-01 -2.747298E-03  4.136086E-01  1.778769E-15
         7   5  6.484426E-01 -3.773772E-02 -6.855451E-02  7.163232E-03  4.310978E-01 -6.567763E-15
         7   6  6.484426E-01  2.403198E-01  2.095030E-01  7.163232E-03  4.310978E-01  8.209704E-15
         7   7  6.377699E-01 -3.773772E-02 -7.175632E-02  7.163232E-03  4.136086E-01 -1.087786E-14
         7   8  6.377699E-01  2.403198E-01  2.063012E-01  7.163232E-03  4.136086E-01  6.362521E-15
         8   1  5.031713E-01  2.083193E-01  4.167699E-02 -2.018743E-03 -7.054260E-02 -2.120840E-15
         8   2  5.031713E-01  1.811426E-01  1.450034E-02 -2.018743E-03 -7.054260E-02  1.874977E-15
         8   3  4.804397E-01  2.083193E-01  3.485751E-02 -2.018743E-03 -7.510210E-02 -9.064881E-16
         8   4  4.804397E-01  1.811426E-01  7.680861E-03 -2.018743E-03 -7.510210E-02  5.417549E-15
         8   5 -6.305087E-01 -1.317848E-01  4.167699E-02  5.649724E-04 -7.054260E-02  2.129392E-15
         8   6 -6.305087E-01 -1.589614E-01  1.450034E-02  5.649724E-04 -7.054260E-02 -6.563487E-16
         8   7 -6.532403E-01 -1.317848E-01  3.485751E-02  5.649724E-04 -7.510210E-02  1.017661E-15
         8   8 -6.532403E-01 -1.589614E-01  7.680861E-03  5.649724E-04 -7.510210E-02  3.023052E-15
         9   1  2.925709E-01  1.159571E-01  1.610201E-02 -1.170247E-02  4.622051E-02 -3.420710E-15
         9   2  2.925709E-01  4.761077E-01  3.762525E-01 -1.170247E-02  4.622051E-02 -1.121993E-14
         9   3  3.202344E-01  1.159571E-01  2.440107E-02 -1.170247E-02  2.689348E-02 -3.557538E-15
         9   4  3.202344E-01  4.761077E-01  3.845516E-01 -1.170247E-02  2.689348E-02 -1.340918E-14
         9   5 -3.454665E-01 -7.545406E-02  1.610201E-02  1.038557E-02  4.622051E-02  9.577988E-16
         9   6 -3.454665E-01  2.846965E-01  3.762525E-01  1.038557E-02  4.622051E-02 -1.258821E-14
         9   7 -3.178029E-01 -7.545406E-02  2.440107E-02  1.038557E-02  2.689348E-02 -4.104852E-15
         9   8 -3.178029E-01  2.846965E-01  3.845516E-01  1.038557E-02  2.689348E-02 -1.340918E-14
        10   1  5.675825E-01  6.665765E-01  7.438188E-01 -7.135882E-03 -1.926610E+00  1.347760E-14
        10   2  5.675825E-01  3.382691E-01  4.155114E-01 -7.135882E-03 -1.926610E+00 -3.865402E-14
        10   3  5.415879E-01  6.665765E-01  7.360205E-01 -7.135882E-03 -1.943701E+00  1.587209E-14
        10   4  5.415879E-01  3.382691E-01  4.077130E-01 -7.135882E-03 -1.943701E+00 -3.511359E-14
        10   5  1.056537E+00  8.132628E-01  7.438188E-01  1.239681E-02 -1.926610E+00  2.442387E-14
        10   6  1.056537E+00  4.849554E-01  4.155114E-01  1.239681E-02 -1.926610E+00 -2.201227E-14
        10   7  1.030542E+00  8.132628E-01  7.360205E-01  1.239681E-02 -1.943701E+00  3.133370E-14
        10   8  1.030542E+00  4.849554E-01  4.077130E-01  1.239681E-02 -1.943701E+00 -3.930396E-14
        11   1 -4.185698E-01 -3.112353E-01 -3.671784E-01 -1.766021E-03 -2.168257E+00 -4.558096E-14
        11   2 -4.185698E-01 -4.706142E-01 -5.265573E-01 -1.766021E-03 -2.168257E+00 -2.543512E-14
        11   3 -4.132710E-01 -3.112353E-01 -3.655888E-01 -1.766021E-03 -2.165387E+00 -5.050678E-14
        11   4 -4.132710E-01 -4.706142E-01 -5.249677E-01 -1.766021E-03 -2.165387E+00 -3.293075E-14
        11   5 -7.862251E-01 -4.215319E-01 -3.671784E-01 -5.045435E-03 -2.168257E+00  1.667596E-14
        11   6 -7.862251E-01 -5.809108E-01 -5.265573E-01 -5.045435E-03 -2.168257E+00  1.297090E-14
        11   7 -7.809263E-01 -4.215319E-01 -3.655888E-01 -5.045435E-03 -2.165387E+00  1.178435E-14
        11   8 -7.809263E-01 -5.809108E-01 -5.249677E-01 -5.045435E-03 -2.165387E+00  1.192331E-14
        12   1 -3.052271E-01 -3.674757E-01 -2.709243E-01  1.738995E-03 -1.779700E-01 -6.745212E-15
        12   2 -3.052271E-01 -2.387992E-01 -1.422478E-01  1.738995E-03 -1.779700E-01 -2.052426E-15
        12   3 -2.983268E-01 -3.674757E-01 -2.688542E-01  1.738995E-03 -1.806160E-01 -4.586103E-14
        12   4 -2.983268E-01 -2.387992E-01 -1.401777E-01  1.738995E-03 -1.806160E-01 -4.155307E-14
        12   5  3.453495E-01 -1.723027E-01 -2.709243E-01  4.763020E-03 -1.779700E-01 -6.475832E-15
        12   6  3.453495E-01 -4.362622E-02 -1.422478E-01  4.763020E-03 -1.779700E-01  5.260197E-14
        12   7  3.522498E-01 -1.723027E-01 -2.688542E-01  4.763020E-03 -1.806160E-01  3.754871E-14
        12   8  3.522498E-01 -4.362622E-02 -1.401777E-01  4.763020E-03 -1.806160E-01  2.190110E-14
        13   1 -2.579188E-02 -1.609326E-01 -1.773649E-01 -1.275145E-04  1.234660E-01 -1.310987E-14
        13   2 -2.579188E-02 -2.567856E-01 -2.732179E-01 -1.275145E-04  1.234660E-01 -1.967763E-14
        13   3 -3.857733E-02 -1.609326E-01 -1.812005E-01 -1.275145E-04  1.280777E-01 -3.243688E-14
        13   4 -3.857733E-02 -2.567856E-01 -2.770536E-01 -1.275145E-04  1.280777E-01 -1.177579E-14
        13   5 -1.481264E-01 -1.976329E-01 -1.773649E-01 -5.398062E-03  1.234660E-01  3.339468E-14
        13   6 -1.481264E-01 -2.934859E-01 -2.732179E-01 -5.398062E-03  1.234660E-01  2.041309E-14
        13   7 -1.609118E-01 -1.976329E-01 -1.812005E-01 -5.398062E-03  1.280777E-01 -1.110876E-14
        13   8 -1.609118E-01 -2.934859E-01 -2.770536E-01 -5.398062E-03  1.280777E-01  2.232013E-15
        14   1 -5.797878E-01 -4.654693E-01 -3.974728E-01  2.318748E-03  1.682313E+00  1.197248E-16
        14   2 -5.797878E-01 -4.116619E-01 -3.436653E-01  2.318748E-03  1.682313E+00 -7.405837E-15
        14   3 -5.640384E-01 -4.654693E-01 -3.927479E-01  2.318748E-03  1.682997E+00 -3.658449E-14
        14   4 -5.640384E-01 -4.116619E-01 -3.389405E-01  2.318748E-03  1.682997E+00 -3.138501E-14
        14   5 -1.107279E-01 -3.247514E-01 -3.974728E-01  1.536450E-03  1.682313E+00  2.385945E-14
        14   6 -1.107279E-01 -2.709439E-01 -3.436653E-01  1.536450E-03  1.682313E+00  4.960029E-16
        14   7 -9.497848E-02 -3.247514E-01 -3.927479E-01  1.536450E-03  1.682997E+00  4.395612E-15
        14   8 -9.497848E-02 -2.709439E-01 -3.389405E-01  1.536450E-03  1.682997E+00 -1.968619E-14
        15   1  4.491671E-01  1.426333E-01  9.711863E-02  1.937129E-04  2.315647E+00 -2.043874E-14
        15   2  4.491671E-01  5.534306E-01  5.079160E-01  1.937129E-04  2.315647E+00  1.231456E-14
        15   3  4.358578E-01  1.426333E-01  9.312582E-02  1.937129E-04  2.318072E+00 -1.216062E-14
        15   4  4.358578E-01  5.534306E-01  5.039232E-01  1.937129E-04  2.318072E+00  1.491430E-14
        15   5  1.324266E-01  4.761115E-02  9.711863E-02 -2.577424E-03  2.315647E+00  2.445808E-15
        15   6  1.324266E-01  4.584085E-01  5.079160E-01 -2.577424E-03  2.315647E+00  1.881390E-14
        15   7  1.191173E-01  4.761115E-02  9.312582E-02 -2.577424E-03  2.318072E+00 -7.884737E-15
        15   8  1.191173E-01  4.584085E-01  5.039232E-01 -2.577424E-03  2.318072E+00  2.086633E-14
        16   1  5.945149E-01  6.411541E-01  6.802643E-01  2.286027E-03  1.311234E-01  5.815207E-16
        16   2  5.945149E-01  1.835474E-01  2.226575E-01  2.286027E-03  1.311234E-01  2.049005E-14
        16   3  6.038110E-01  6.411541E-01  6.830531E-01  2.286027E-03  1.343199E-01  6.875627E-15
        16   4  6.038110E-01  1.835474E-01  2.254464E-01  2.286027E-03  1.343199E-01  2.952073E-14
        16   5  8.645454E-01  7.221633E-01  6.802643E-01 -1.367118E-03  1.311234E-01  7.491355E-15
        16   6  8.645454E-01  2.645565E-01  2.226575E-01 -1.367118E-03  1.311234E-01  5.131065E-16
        16   7  8.738416E-01  7.221633E-01  6.830531E-01 -1.367118E-03  1.343199E-01  1.200669E-14
        16   8  8.738416E-01  2.645565E-01  2.254464E-01 -1.367118E-03  1.343199E-01  1.118572E-14
        17   1 -2.053356E-01 -6.433802E-02 -1.320023E-02 -6.123962E-03 -5.964802E-03  0.000000E+00
        17   2 -2.053356E-01  1.862210E-01  2.373588E-01 -6.123962E-03 -5.964802E-03 -8.825432E-15
        17   3 -2.109699E-01 -6.433802E-02 -1.489051E-02 -6.123962E-03 -2.135748E-02  4.104852E-15
        17   4 -2.109699E-01  1.862210E-01  2.356685E-01 -6.123962E-03 -2.135748E-02 -6.294106E-15
        17   5  1.299487E-01  3.624728E-02 -1.320023E-02  6.099639E-03 -5.964802E-03 -5.473136E-16
        17   6  1.299487E-01  2.868063E-01  2.373588E-01  6.099639E-03 -5.964802E-03 -1.299870E-14
        17   7  1.243144E-01  3.624728E-02 -1.489051E-02  6.099639E-03 -2.135748E-02 -1.368284E-15
        17   8  1.243144E-01  2.868063E-01  2.356685E-01  6.099639E-03 -2.135748E-02 -8.483361E-15
        18   1 -5.384449E-01  8.441685E-02 -2.138968E-03 -5.054902E-03 -7.155811E-01  1.368284E-14
        18   2 -5.384449E-01  8.443306E-02 -2.122749E-03 -5.054902E-03 -7.155811E-01 -5.438929E-15
        18   3 -5.144582E-01  8.441685E-02  5.057044E-03 -5.054902E-03 -7.251130E-01  9.851645E-15
        18   4 -5.144582E-01  8.443306E-02  5.073262E-03 -5.054902E-03 -7.251130E-01 -7.354526E-15
        18   5 -1.091497E+00 -8.149877E-02 -2.138968E-03  2.514556E-03 -7.155811E-01  1.737721E-14
        18   6 -1.091497E+00 -8.148255E-02 -2.122749E-03  2.514556E-03 -7.155811E-01 -2.907603E-15
        18   7 -1.067510E+00 -8.149877E-02  5.057044E-03  2.514556E-03 -7.251130E-01  1.559844E-14
        18   8 -1.067510E+00 -8.148255E-02  5.073262E-03  2.514556E-03 -7.251130E-01 -3.523331E-15
        19   1 -1.538619E+00 -2.484479E-01 -1.517358E-01  1.404513E-03 -6.894422E-01  1.299870E-14
        19   2 -1.538619E+00 -1.904429E-01 -9.373076E-02  1.404513E-03 -6.894422E-01  9.441160E-15
        19   3 -1.529047E+00 -2.484479E-01 -1.488642E-01  1.404513E-03 -6.900160E-01  5.883621E-15
        19   4 -1.529047E+00 -1.904429E-01 -9.085918E-02  1.404513E-03 -6.900160E-01  1.765086E-14
        19   5 -8.842998E-01 -5.215213E-02 -1.517358E-01  1.860113E-03 -6.894422E-01  9.714816E-15
        19   6 -8.842998E-01  5.852934E-03 -9.373076E-02  1.860113E-03 -6.894422E-01  4.043279E-14
        19   7 -8.747279E-01 -5.215213E-02 -1.488642E-01  1.860113E-03 -6.900160E-01  1.156200E-14
        19   8 -8.747279E-01  5.852934E-03 -9.085918E-02  1.860113E-03 -6.900160E-01  2.387656E-14
        20   1 -1.797145E+00 -2.907181E-01 -3.020805E-01 -8.913517E-04 -2.404816E-01 -1.710355E-16
        20   2 -1.797145E+00 -1.872214E-01 -1.985839E-01 -8.913517E-04 -2.404816E-01 -9.372745E-15
        20   3 -1.795738E+00 -2.907181E-01 -3.016582E-01 -8.913517E-04 -2.392362E-01  5.917828E-15
        20   4 -1.795738E+00 -1.872214E-01 -1.981615E-01 -8.913517E-04 -2.392362E-01  7.320319E-15
        20   5 -1.871487E+00 -3.130206E-01 -3.020805E-01 -1.880291E-03 -2.404816E-01  7.662390E-15
        20   6 -1.871487E+00 -2.095240E-01 -1.985839E-01 -1.880291E-03 -2.404816E-01 -1.026213E-14
        20   7 -1.870079E+00 -3.130206E-01 -3.016582E-01 -1.880291E-03 -2.392362E-01 -8.175497E-15
        20   8 -1.870079E+00 -2.095240E-01 -1.981615E-01 -1.880291E-03 -2.392362E-01 -2.654471E-14
        21   1 -2.119617E+00 -2.665954E-01 -1.649318E-01  8.957663E-04  1.809828E-01 -1.214352E-14
        21   2 -2.119617E+00 -3.423543E-01 -2.406907E-01  8.957663E-04  1.809828E-01 -3.649898E-14
        21   3 -2.117363E+00 -2.665954E-01 -1.642559E-01  8.957663E-04  1.798911E-01 -3.742257E-14
        21   4 -2.117363E+00 -3.423543E-01 -2.400148E-01  8.957663E-04  1.798911E-01 -1.443540E-14
        21   5 -1.439606E+00 -6.259222E-02 -1.649318E-01  1.762666E-03  1.809828E-01 -2.695519E-14
        21   6 -1.439606E+00 -1.383511E-01 -2.406907E-01  1.762666E-03  1.809828E-01 -3.581483E-14
        21   7 -1.437353E+00 -6.259222E-02 -1.642559E-01  1.762666E-03  1.798911E-01 -4.330619E-14
        21   8 -1.437353E+00 -1.383511E-01 -2.400148E-01  1.762666E-03  1.798911E-01 -1.778769E-14
        22   1 -1.380135E+00 -1.354817E-01 -1.481347E-01 -8.805989E-04  6.027802E-01 -2.876817E-14
        22   2 -1.380135E+00 -2.221980E-01 -2.348510E-01 -8.805989E-04  6.027802E-01 -9.920059E-16
        22   3 -1.383572E+00 -1.354817E-01 -1.491658E-01 -8.805989E-04  6.030330E-01  2.702361E-15
        22   4 -1.383572E+00 -2.221980E-01 -2.358820E-01 -8.805989E-04  6.030330E-01 -1.269083E-14
        22   5 -1.467926E+00 -1.618188E-01 -1.481347E-01 -1.081338E-03  6.027802E-01 -2.131102E-14
        22   6 -1.467926E+00 -2.485350E-01 -2.348510E-01 -1.081338E-03  6.027802E-01 -1.467485E-14
        22   7 -1.471362E+00 -1.618188E-01 -1.491658E-01 -1.081338E-03  6.030330E-01 -2.521063E-14
        22   8 -1.471362E+00 -2.485350E-01 -2.358820E-01 -1.081338E-03  6.030330E-01 -1.515375E-14
        23   1 -9.037275E-01 -2.009579E-02  1.805507E-02  2.583736E-04  7.761153E-01 -1.576947E-14
        23   2 -9.037275E-01 -6.285143E-03  3.186571E-02  2.583736E-04  7.761153E-01  6.636177E-15
        23   3 -8.969709E-01 -2.009579E-02  2.008204E-02  2.583736E-04  7.750778E-01 -2.473173E-14
        23   4 -8.969709E-01 -6.285143E-03  3.389269E-02  2.583736E-04  7.750778E-01  7.183491E-16
        23   5 -6.426318E-01  5.823290E-02  1.805507E-02  1.082302E-03  7.761153E-01 -1.316973E-14
        23   6 -6.426318E-01  7.204354E-02  3.186571E-02  1.082302E-03  7.761153E-01  8.038668E-15
        23   7 -6.358753E-01  5.823290E-02  2.008204E-02  1.082302E-03  7.750778E-01 -2.815244E-14
        23   8 -6.358753E-01  7.204354E-02  3.389269E-02  1.082302E-03  7.750778E-01  4.139059E-15
        24   1 -5.607143E-02  2.466497E-01  1.739386E-01  6.370925E-04  9.937596E-02 -1.744562E-15
        24   2 -5.607143E-02  7.069212E-02 -2.018971E-03  6.370925E-04  9.937596E-02  1.258821E-14
        24   3 -6.182195E-02  2.466497E-01  1.722135E-01  6.370925E-04  1.014873E-01  9.577988E-16
        24   4 -6.182195E-02  7.069212E-02 -3.744128E-03  6.370925E-04  1.014873E-01  1.576947E-14
        24   5 -5.465626E-01  9.950238E-02  1.739386E-01 -1.039525E-03  9.937596E-02  9.167503E-15
        24   6 -5.465626E-01 -7.645522E-02 -2.018971E-03 -1.039525E-03  9.937596E-02  4.788994E-16
        24   7 -5.523131E-01  9.950238E-02  1.722135E-01 -1.039525E-03  1.014873E-01  8.449154E-15
        24   8 -5.523131E-01 -7.645522E-02 -3.744128E-03 -1.039525E-03  1.014873E-01  9.270124E-15
        25   1  2.826686E-01  9.641587E-02  3.148002E-02  1.498023E-02  4.322256E-02  3.078639E-15
        25   2  2.826686E-01  1.314425E-01  6.650662E-02  1.498023E-02  4.322256E-02 -1.016806E-14
        25   3  2.825506E-01  9.641587E-02  3.144463E-02  1.498023E-02  5.999176E-02  5.678379E-15
        25   4  2.825506E-01  1.314425E-01  6.647122E-02  1.498023E-02  5.999176E-02 -4.207473E-15
        25   5 -1.503550E-01 -3.349122E-02  3.148002E-02 -1.788969E-03  4.322256E-02  1.984012E-15
        25   6 -1.503550E-01  1.535376E-03  6.650662E-02 -1.788969E-03  4.322256E-02 -1.330656E-14
        25   7 -1.504730E-01 -3.349122E-02  3.144463E-02 -1.788969E-03  5.999176E-02  7.525562E-16
        25   8 -1.504730E-01  1.535376E-03  6.647122E-02 -1.788969E-03  5.999176E-02 -6.935489E-15
        26   1 -6.622065E-01 -1.492453E-01 -1.255928E-01  1.699327E-02 -2.726495E-01  2.674995E-14
        26   2 -6.622065E-01  4.033916E-02  6.399171E-02  1.699327E-02 -2.726495E-01 -1.067262E-14
        26   3 -6.476822E-01 -1.492453E-01 -1.212355E-01  1.699327E-02 -2.567164E-01  3.147053E-14
        26   4 -6.476822E-01  4.033916E-02  6.834900E-02  1.699327E-02 -2.567164E-01 -1.026213E-15
        26   5 -4.899986E-01 -9.758291E-02 -1.255928E-01  1.060149E-03 -2.726495E-01  2.298717E-14
        26   6 -4.899986E-01  9.200155E-02  6.399171E-02  1.060149E-03 -2.726495E-01 -1.895073E-14
        26   7 -4.754743E-01 -9.758291E-02 -1.212355E-01  1.060149E-03 -2.567164E-01  2.004536E-14
        26   8 -4.754743E-01  9.200155E-02  6.834900E-02  1.060149E-03 -2.567164E-01 -1.717196E-14
        27   1 -2.683444E+00 -6.892126E-01 -7.044192E-01  4.608473E-03 -3.656380E-01 -6.704592E-15
        27   2 -2.683444E+00 -4.511432E-01 -4.663498E-01  4.608473E-03 -3.656380E-01 -4.953188E-14
        27   3 -2.680355E+00 -6.892126E-01 -7.034925E-01  4.608473E-03 -3.641043E-01  1.464064E-14
        27   4 -2.680355E+00 -4.511432E-01 -4.654231E-01  4.608473E-03 -3.641043E-01 -1.368284E-14
        27   5 -2.781732E+00 -7.186990E-01 -7.044192E-01  3.074818E-03 -3.656380E-01 -1.190407E-14
        27   6 -2.781732E+00 -4.806296E-01 -4.663498E-01  3.074818E-03 -3.656380E-01 -4.241680E-14
        27   7 -2.778643E+00 -7.186990E-01 -7.034925E-01  3.074818E-03 -3.641043E-01  5.746793E-15
        27   8 -2.778643E+00 -4.806296E-01 -4.654231E-01  3.074818E-03 -3.641043E-01 -2.695519E-14
        28   1 -4.107063E+00 -8.945348E-01 -8.052585E-01  2.470428E-03  1.849126E-04 -3.502807E-14
        28   2 -4.107063E+00 -7.981676E-01 -7.088913E-01  2.470428E-03  1.849126E-04 -1.491430E-14
        28   3 -4.105624E+00 -8.945348E-01 -8.048268E-01  2.470428E-03 -1.567722E-03 -6.704592E-15
        28   4 -4.105624E+00 -7.981676E-01 -7.084595E-01  2.470428E-03 -1.567722E-03  1.477747E-14
        28   5 -3.510449E+00 -7.155505E-01 -8.052585E-01  4.223063E-03  1.849126E-04 -4.652166E-14
        28   6 -3.510449E+00 -6.191832E-01 -7.088913E-01  4.223063E-03  1.849126E-04 -4.289570E-14
        28   7 -3.509010E+00 -7.155505E-01 -8.048268E-01  4.223063E-03 -1.567722E-03 -9.441160E-15
        28   8 -3.509010E+00 -6.191832E-01 -7.084595E-01  4.223063E-03 -1.567722E-03  1.368284E-15
        29   1 -3.932065E+00 -7.518299E-01 -7.501482E-01 -3.108428E-03 -4.545207E-03 -1.340918E-14
        29   2 -3.932065E+00 -8.220563E-01 -8.203747E-01 -3.108428E-03 -4.545207E-03  3.413869E-14
        29   3 -3.933100E+00 -7.518299E-01 -7.504586E-01 -3.108428E-03 -9.118464E-03  3.694367E-15
        29   4 -3.933100E+00 -8.220563E-01 -8.206851E-01 -3.108428E-03 -9.118464E-03  4.063803E-14
        29   5 -3.921889E+00 -7.487770E-01 -7.501482E-01  1.464828E-03 -4.545207E-03 -4.022755E-14
        29   6 -3.921889E+00 -8.190035E-01 -8.203747E-01  1.464828E-03 -4.545207E-03 -3.017066E-14
        29   7 -3.922924E+00 -7.487770E-01 -7.504586E-01  1.464828E-03 -9.118464E-03  1.156200E-14
        29   8 -3.922924E+00 -8.190035E-01 -8.206851E-01  1.464828E-03 -9.118464E-03 -6.020450E-15
        30   1 -3.179856E+00 -5.704611E-01 -4.937082E-01 -4.373938E-03  2.946858E-01  4.713738E-14
        30   2 -3.179856E+00 -7.810477E-01 -7.042949E-01 -4.373938E-03  2.946858E-01  1.573527E-15
        30   3 -3.181496E+00 -5.704611E-01 -4.942003E-01 -4.373938E-03  2.880274E-01  2.066109E-14
        30   4 -3.181496E+00 -7.810477E-01 -7.047869E-01 -4.373938E-03  2.880274E-01 -1.221193E-14
        30   5 -2.669811E+00 -4.174474E-01 -4.937082E-01  2.284469E-03  2.946858E-01  4.310095E-15
        30   6 -2.669811E+00 -6.280341E-01 -7.042949E-01  2.284469E-03  2.946858E-01 -1.614575E-14
        30   7 -2.671451E+00 -4.174474E-01 -4.942003E-01  2.284469E-03  2.880274E-01  4.761628E-14
        30   8 -2.671451E+00 -6.280341E-01 -7.047869E-01  2.284469E-03  2.880274E-01 -1.686410E-14
        31   1 -8.395470E-01  1.705778E-02 -3.181484E-02 -5.679124E-03  3.256718E-01 -2.213199E-14
        31   2 -8.395470E-01 -1.896164E-01 -2.384890E-01 -5.679124E-03  3.256718E-01  4.087748E-15
        31   3 -8.351440E-01  1.705778E-02 -3.049392E-02 -5.679124E-03  3.194438E-01 -1.576947E-14
        31   4 -8.351440E-01 -1.896164E-01 -2.371681E-01 -5.679124E-03  3.194438E-01  1.007399E-14
        31   5 -1.160961E+00 -7.936654E-02 -3.181484E-02  5.489185E-04  3.256718E-01  2.633947E-15
        31   6 -1.160961E+00 -2.860407E-01 -2.384890E-01  5.489185E-04  3.256718E-01  1.352891E-14
        31   7 -1.156558E+00 -7.936654E-02 -3.049392E-02  5.489185E-04  3.194438E-01 -4.412716E-15
        31   8 -1.156558E+00 -2.860407E-01 -2.371681E-01  5.489185E-04  3.194438E-01  1.376836E-14
        32   1  5.820292E-02  1.133935E-01  1.311573E-01 -2.749821E-03 -1.504403E-02  1.601320E-15
        32   2  5.820292E-02  2.180566E-02  3.956940E-02 -2.749821E-03 -1.504403E-02  1.938687E-14
        32   3  5.856039E-02  1.133935E-01  1.312645E-01 -2.749821E-03 -1.814242E-02 -6.492935E-15
        32   4  5.856039E-02  2.180566E-02  3.967664E-02 -2.749821E-03 -1.814242E-02  1.020227E-14
        32   5  1.769853E-01  1.490283E-01  1.311573E-01  3.485679E-04 -1.504403E-02  8.819018E-15
        32   6  1.769853E-01  5.744038E-02  3.956940E-02  3.485679E-04 -1.504403E-02  1.599182E-15
        32   7  1.773428E-01  1.490283E-01  1.312645E-01  3.485679E-04 -1.814242E-02  3.324503E-15
        32   8  1.773428E-01  5.744038E-02  3.967664E-02  3.485679E-04 -1.814242E-02 -2.146496E-15
        33   1 -6.970459E-02 -1.568752E-01 -5.226160E-01 -1.924149E-16 -3.472970E-03  1.217072E-02
        33   2 -1.088273E-01 -1.959979E-01 -5.226160E-01  3.369399E-15 -3.472970E-03  1.217072E-02
        33   3  1.910653E-02 -1.568752E-01 -2.265789E-01  1.453802E-15 -1.698667E-02  1.217072E-02
        33   4 -2.001616E-02 -1.959979E-01 -2.265789E-01  2.873396E-15 -1.698667E-02  1.217072E-02
        33   5 -6.970459E-02  1.062771E-01  3.545585E-01  3.249674E-16 -3.472970E-03 -1.342980E-03
        33   6 -1.088273E-01  6.715445E-02  3.545585E-01  2.787879E-15 -3.472970E-03 -1.342980E-03
        33   7  1.910653E-02  1.062771E-01  6.505956E-01  1.830080E-15 -1.698667E-02 -1.342980E-03
        33   8 -2.001616E-02  6.715445E-02  6.505956E-01  3.129950E-15 -1.698667E-02 -1.342980E-03
        34   1 -7.754129E-02  3.324181E-02  4.756375E-01  7.765012E-15  4.129313E-03  9.310113E-03
        34   2 -6.728110E-02  4.350200E-02  4.756375E-01  5.575757E-15  4.129313E-03  9.310113E-03
        34   3 -9.984872E-02  3.324181E-02  4.012794E-01  5.096858E-15 -2.510888E-03  9.310113E-03
        34   4 -8.958853E-02  4.350200E-02  4.012794E-01  9.235917E-16 -2.510888E-03  9.310113E-03
        34   5 -7.754129E-02 -2.106318E-01 -3.372746E-01  5.370515E-15  4.129313E-03  2.669912E-03
        34   6 -6.728110E-02 -2.003716E-01 -3.372746E-01  5.131065E-16  4.129313E-03  2.669912E-03
        34   7 -9.984872E-02 -2.106318E-01 -4.116327E-01  3.523331E-15 -2.510888E-03  2.669912E-03
        34   8 -8.958853E-02 -2.003716E-01 -4.116327E-01 -1.607734E-15 -2.510888E-03  2.669912E-03
        35   1  4.570706E-03 -2.231408E-01 -3.500242E-01  8.209704E-16  6.521908E-02  5.855469E-03
        35   2  5.001320E-02 -1.776983E-01 -3.500242E-01 -2.052426E-15  6.521908E-02  5.855469E-03
        35   3 -1.020010E-01 -2.231408E-01 -7.052634E-01  8.072876E-15  6.552693E-02  5.855469E-03
        35   4 -5.655855E-02 -1.776983E-01 -7.052634E-01  1.600892E-14  6.552693E-02  5.855469E-03
        35   5  4.570706E-03  1.257104E-01  8.128131E-01  6.430935E-15  6.521908E-02  6.163321E-03
        35   6  5.001320E-02  1.711529E-01  8.128131E-01 -4.241680E-15  6.521908E-02  6.163321E-03
        35   7 -1.020010E-01  1.257104E-01  4.575740E-01  1.231456E-14  6.552693E-02  6.163321E-03
        35   8 -5.655855E-02  1.711529E-01  4.575740E-01  4.652166E-15  6.552693E-02  6.163321E-03
        36   1 -1.395544E+00 -1.214649E+00 -3.149737E+00  1.026213E-16 -1.080785E+00 -1.074681E-03
        36   2 -1.153691E+00 -9.727955E-01 -3.149737E+00 -2.360290E-15 -1.080785E+00 -1.074681E-03
        36   3 -1.368072E+00 -1.214649E+00 -3.058164E+00  1.000558E-15 -1.072466E+00 -1.074681E-03
        36   4 -1.126219E+00 -9.727955E-01 -3.058164E+00 -2.103737E-15 -1.072466E+00 -1.074681E-03
        36   5 -1.395544E+00 -1.548968E+00 -4.264136E+00 -7.953151E-16 -1.080785E+00  7.244582E-03
        36   6 -1.153691E+00 -1.307115E+00 -4.264136E+00  4.960029E-16 -1.080785E+00  7.244582E-03
        36   7 -1.368072E+00 -1.548968E+00 -4.172562E+00  6.499349E-16 -1.072466E+00  7.244582E-03
        36   8 -1.126219E+00 -1.307115E+00 -4.172562E+00  0.000000E+00 -1.072466E+00  7.244582E-03
        37   1 -3.450123E-01 -4.532762E-01 -2.274219E+00  8.893846E-16 -1.773462E+00  1.358901E-02
        37   2 -4.443436E-01 -5.526074E-01 -2.274219E+00 -1.214352E-14 -1.773462E+00  1.358901E-02
        37   3 -3.517807E-01 -4.532762E-01 -2.296781E+00  4.840305E-15 -1.800226E+00  1.358901E-02
        37   4 -4.511120E-01 -5.526074E-01 -2.296781E+00 -1.641941E-15 -1.800226E+00  1.358901E-02
        37   5 -3.450123E-01 -2.435169E-01 -1.575022E+00 -1.488009E-15 -1.773462E+00 -1.317471E-02
        37   6 -4.443436E-01 -3.428482E-01 -1.575022E+00 -2.462911E-15 -1.773462E+00 -1.317471E-02
        37   7 -3.517807E-01 -2.435169E-01 -1.597583E+00  5.473136E-15 -1.800226E+00 -1.317471E-02
        37   8 -4.511120E-01 -3.428482E-01 -1.597583E+00  2.736568E-15 -1.800226E+00 -1.317471E-02
        38   1 -4.963807E-02  1.253273E-01 -1.329824E-01  7.799219E-15 -5.739951E-01 -1.208187E-04
        38   2 -2.197280E-01 -4.476266E-02 -1.329824E-01 -3.762781E-15 -5.739951E-01 -1.208187E-04
        38   3 -7.766413E-02  1.253273E-01 -2.264026E-01  6.841420E-15 -5.693292E-01 -1.208187E-04
        38   4 -2.477541E-01 -4.476266E-02 -2.264026E-01  5.883621E-15 -5.693292E-01 -1.208187E-04
        38   5 -4.963807E-02 -2.526295E-01 -1.392838E+00  7.662390E-15 -5.739951E-01  4.545030E-03
        38   6 -2.197280E-01 -4.227194E-01 -1.392838E+00 -5.746793E-15 -5.739951E-01  4.545030E-03
        38   7 -7.766413E-02 -2.526295E-01 -1.486259E+00  2.462911E-15 -5.693292E-01  4.545030E-03
        38   8 -2.477541E-01 -4.227194E-01 -1.486259E+00 -6.020450E-15 -5.693292E-01  4.545030E-03
        39   1 -3.181440E-01 -6.033520E-01 -1.049932E+00 -1.710355E-17 -3.841781E+00 -3.779777E-03
        39   2 -1.843278E-01 -4.695358E-01 -1.049932E+00 -2.941811E-15 -3.841781E+00 -3.779777E-03
        39   3 -3.631645E-01 -6.033520E-01 -1.200001E+00  1.966908E-15 -3.846179E+00 -3.779777E-03
        39   4 -2.293483E-01 -4.695358E-01 -1.200001E+00 -1.299870E-15 -3.846179E+00 -3.779777E-03
        39   5 -3.181440E-01 -7.795649E-02  7.013859E-01 -2.497118E-15 -3.841781E+00 -8.178300E-03
        39   6 -1.843278E-01  5.585965E-02  7.013859E-01 -3.968024E-15 -3.841781E+00 -8.178300E-03
        39   7 -3.631645E-01 -7.795649E-02  5.513176E-01 -7.012455E-16 -3.846179E+00 -8.178300E-03
        39   8 -2.293483E-01  5.585965E-02  5.513176E-01 -1.539319E-15 -3.846179E+00 -8.178300E-03
        40   1  6.931470E-03  1.568647E-01  4.138286E-01 -2.736568E-16 -2.620452E+00 -1.128073E-03
        40   2  2.359238E-01  3.858570E-01  4.138286E-01 -2.941811E-15 -2.620452E+00 -1.128073E-03
        40   3  1.873630E-02  1.568647E-01  4.531780E-01  2.736568E-15 -2.619590E+00 -1.128073E-03
        40   4  2.477287E-01  3.858570E-01  4.531780E-01 -5.609964E-15 -2.619590E+00 -1.128073E-03
        40   5  6.931470E-03 -1.311969E-01 -5.463768E-01 -1.710355E-15 -2.620452E+00 -2.666669E-04
        40   6  2.359238E-01  9.779543E-02 -5.463768E-01  3.010225E-15 -2.620452E+00 -2.666669E-04
        40   7  1.873630E-02 -1.311969E-01 -5.070274E-01  6.841420E-16 -2.619590E+00 -2.666669E-04
        40   8  2.477287E-01  9.779543E-02 -5.070274E-01  6.430935E-15 -2.619590E+00 -2.666669E-04
        41   1  2.919961E-01  1.600257E-01 -6.677217E-01  7.183491E-16 -1.977911E+00 -6.604191E-03
        41   2  3.114744E-01  1.795040E-01 -6.677217E-01  1.676148E-15 -1.977911E+00 -6.604191E-03
        41   3  3.317232E-01  1.600257E-01 -5.352983E-01  3.933816E-15 -1.975349E+00 -6.604191E-03
        41   4  3.512014E-01  1.795040E-01 -5.352983E-01  7.080870E-15 -1.975349E+00 -6.604191E-03
        41   5  2.919961E-01  4.636936E-01  3.445048E-01 -7.867633E-16 -1.977911E+00 -4.042223E-03
        41   6  3.114744E-01  4.831719E-01  3.445048E-01 -3.386503E-15 -1.977911E+00 -4.042223E-03
        41   7  3.317232E-01  4.636936E-01  4.769282E-01  9.235917E-16 -1.975349E+00 -4.042223E-03
        41   8  3.512014E-01  4.831719E-01  4.769282E-01  3.420710E-17 -1.975349E+00 -4.042223E-03
        42   1  5.861830E-01  6.979680E-01  3.238582E+00  5.302100E-16 -1.436765E+00  2.934328E-03
        42   2  8.010113E-01  9.127963E-01  3.238582E+00 -7.525562E-16 -1.436765E+00  2.934328E-03
        42   3  5.629616E-01  6.979680E-01  3.161178E+00  3.933816E-16 -1.438998E+00  2.934328E-03
        42   4  7.777899E-01  9.127963E-01  3.161178E+00 -7.012455E-16 -1.438998E+00  2.934328E-03
        42   5  5.861830E-01  4.511767E-01  2.415945E+00 -1.145938E-15 -1.436765E+00  7.015647E-04
        42   6  8.010113E-01  6.660050E-01  2.415945E+00 -2.565532E-15 -1.436765E+00  7.015647E-04
        42   7  5.629616E-01  4.511767E-01  2.338540E+00  2.223461E-16 -1.438998E+00  7.015647E-04
        42   8  7.777899E-01  6.660050E-01  2.338540E+00 -1.881390E-16 -1.438998E+00  7.015647E-04
        43   1  2.827433E-01  2.001098E-01  7.516837E-01 -2.308979E-15 -1.983863E+00 -4.635536E-03
        43   2  7.291197E-01  6.464862E-01  7.516837E-01 -3.369399E-15 -1.983863E+00 -4.635536E-03
        43   3  2.894467E-01  2.001098E-01  7.740283E-01 -4.686373E-15 -1.982605E+00 -4.635536E-03
        43   4  7.358230E-01  6.464862E-01  7.740283E-01 -3.232571E-15 -1.982605E+00 -4.635536E-03
        43   5  2.827433E-01  3.720802E-01  1.324918E+00  4.617958E-16 -1.983863E+00 -3.377859E-03
        43   6  7.291197E-01  8.184566E-01  1.324918E+00  5.849414E-15 -1.983863E+00 -3.377859E-03
        43   7  2.894467E-01  3.720802E-01  1.347263E+00 -1.436698E-15 -1.982605E+00 -3.377859E-03
        43   8  7.358230E-01  8.184566E-01  1.347263E+00  7.440044E-15 -1.982605E+00 -3.377859E-03
        44   1  6.389766E-01  8.413461E-01  8.561238E-01 -1.659044E-15 -9.833333E-01  1.520120E-03
        44   2  8.385192E-01  1.040889E+00  8.561238E-01 -2.172151E-15 -9.833333E-01  1.520120E-03
        44   3  6.842568E-01  8.413461E-01  1.007058E+00 -6.037553E-15 -9.847666E-01  1.520120E-03
        44   4  8.837994E-01  1.040889E+00  1.007058E+00 -7.405837E-15 -9.847666E-01  1.520120E-03
        44   5  6.389766E-01  4.818873E-01 -3.420723E-01  1.009109E-15 -9.833333E-01  8.678840E-05
        44   6  8.385192E-01  6.814299E-01 -3.420723E-01 -3.745677E-15 -9.833333E-01  8.678840E-05
        44   7  6.842568E-01  4.818873E-01 -1.911383E-01  1.026213E-16 -9.847666E-01  8.678840E-05
        44   8  8.837994E-01  6.814299E-01 -1.911383E-01  1.282766E-15 -9.847666E-01  8.678840E-05
        45   1 -1.224922E-01 -2.469193E-01  6.297292E-01  1.180145E-15 -1.236969E-01 -6.573904E-03
        45   2  1.948991E-01  7.047198E-02  6.297292E-01 -1.470905E-15 -1.236969E-01 -6.573904E-03
        45   3 -1.573570E-01 -2.469193E-01  5.135133E-01  2.616843E-15 -1.209233E-01 -6.573904E-03
        45   4  1.600343E-01  7.047198E-02  5.135133E-01 -1.351180E-15 -1.209233E-01 -6.573904E-03
        45   5 -1.224922E-01 -3.292987E-02  1.343027E+00  6.670384E-16 -1.236969E-01 -3.800386E-03
        45   6  1.948991E-01  2.844614E-01  1.343027E+00  3.643056E-15 -1.236969E-01 -3.800386E-03
        45   7 -1.573570E-01 -3.292987E-02  1.226812E+00  1.282766E-15 -1.209233E-01 -3.800386E-03
        45   8  1.600343E-01  2.844614E-01  1.226812E+00  2.360290E-15 -1.209233E-01 -3.800386E-03
        46   1  3.273555E-01  4.210759E-01  9.333812E-01 -4.464027E-15 -1.873524E-02  1.394476E-03
        46   2  7.485520E-01  8.422724E-01  9.333812E-01 -2.343186E-15 -1.873524E-02  1.394476E-03
        46   3  3.394631E-01  4.210759E-01  9.737400E-01 -1.128834E-15 -2.137434E-02  1.394476E-03
        46   4  7.606596E-01  8.422724E-01  9.737400E-01 -9.235917E-16 -2.137434E-02  1.394476E-03
        46   5  3.273555E-01  2.457427E-01  3.489372E-01 -2.360290E-15 -1.873524E-02 -1.244623E-03
        46   6  7.485520E-01  6.669392E-01  3.489372E-01  7.183491E-16 -1.873524E-02 -1.244623E-03
        46   7  3.394631E-01  2.457427E-01  3.892960E-01 -1.830080E-15 -2.137434E-02 -1.244623E-03
        46   8  7.606596E-01  6.669392E-01  3.892960E-01  9.920059E-16 -2.137434E-02 -1.244623E-03
        47   1  6.732348E-01  5.381313E-01 -5.847909E-01 -2.343186E-15 -1.074852E-01 -3.822715E-03
        47   2  8.656480E-01  7.305445E-01 -5.847909E-01  1.145938E-15 -1.074852E-01 -3.822715E-03
        47   3  7.110162E-01  5.381313E-01 -4.588528E-01 -2.069530E-15 -1.083441E-01 -3.822715E-03
        47   4  9.034294E-01  7.305445E-01 -4.588528E-01 -1.864287E-15 -1.083441E-01 -3.822715E-03
        47   5  6.732348E-01  8.461197E-01  4.418371E-01  1.419595E-15 -1.074852E-01 -4.681615E-03
        47   6  8.656480E-01  1.038533E+00  4.418371E-01  2.907603E-16 -1.074852E-01 -4.681615E-03
        47   7  7.110162E-01  8.461197E-01  5.677751E-01  1.316973E-15 -1.083441E-01 -4.681615E-03
        47   8  9.034294E-01  1.038533E+00  5.677751E-01 -1.111731E-15 -1.083441E-01 -4.681615E-03
        48   1  3.959514E-01  4.833184E-01  2.646941E+00 -6.448038E-15  1.269931E+00  3.782416E-03
        48   2  6.376980E-01  7.250649E-01  2.646941E+00  2.394497E-15  1.269931E+00  3.782416E-03
        48   3  3.817385E-01  4.833184E-01  2.599565E+00 -6.174382E-15  1.265225E+00  3.782416E-03
        48   4  6.234851E-01  7.250649E-01  2.599565E+00  1.641941E-15  1.265225E+00  3.782416E-03
        48   5  3.959514E-01  2.943716E-01  2.017119E+00 -3.540435E-15  1.269931E+00 -9.235183E-04
        48   6  6.376980E-01  5.361181E-01  2.017119E+00  2.257669E-15  1.269931E+00 -9.235183E-04
        48   7  3.817385E-01  2.943716E-01  1.969742E+00  1.932701E-15  1.265225E+00 -9.235183E-04
        48   8  6.234851E-01  5.361181E-01  1.969742E+00  4.925822E-15  1.265225E+00 -9.235183E-04
        49   1  2.948978E-01  2.083295E-01  6.450314E-01 -2.565532E-15  1.477845E+00 -5.935384E-03
        49   2  7.361885E-01  6.496201E-01  6.450314E-01  2.394497E-16  1.477845E+00 -5.935384E-03
        49   3  2.986408E-01  2.083295E-01  6.575081E-01  1.060420E-15  1.484366E+00 -5.935384E-03
        49   4  7.399315E-01  6.496201E-01  6.575081E-01  8.209704E-16  1.484366E+00 -5.935384E-03
        49   5  2.948978E-01  3.852092E-01  1.234630E+00 -5.507343E-15  1.477845E+00  5.861031E-04
        49   6  7.361885E-01  8.264998E-01  1.234630E+00  1.265663E-15  1.477845E+00  5.861031E-04
        49   7  2.986408E-01  3.852092E-01  1.247107E+00 -4.960029E-15  1.484366E+00  5.861031E-04
        49   8  7.399315E-01  8.264998E-01  1.247107E+00  1.470905E-15  1.484366E+00  5.861031E-04
        50   1  6.701247E-01  8.172624E-01  6.742164E-01 -1.505112E-15  9.208718E-01  2.946316E-03
        50   2  8.680704E-01  1.015208E+00  6.742164E-01  1.316973E-15  9.208718E-01  2.946316E-03
        50   3  6.968250E-01  8.172624E-01  7.632174E-01  6.841420E-16  9.169936E-01  2.946316E-03
        50   4  8.947706E-01  1.015208E+00  7.632174E-01  6.841420E-16  9.169936E-01  2.946316E-03
        50   5  6.701247E-01  5.496872E-01 -2.177009E-01 -2.736568E-16  9.208718E-01 -9.318832E-04
        50   6  8.680704E-01  7.476329E-01 -2.177009E-01  1.624837E-15  9.208718E-01 -9.318832E-04
        50   7  6.968250E-01  5.496872E-01 -1.287000E-01  1.026213E-15  9.169936E-01 -9.318832E-04
        50   8  8.947706E-01  7.476329E-01 -1.287000E-01  1.710355E-15  9.169936E-01 -9.318832E-04
        51   1  1.788090E-02  1.532878E-02  8.763182E-01 -6.341141E-15  3.356275E+00 -2.936952E-03
        51   2  1.473357E-01  1.447835E-01  8.763182E-01 -2.854155E-15  3.356275E+00 -2.936952E-03
        51   3  9.829629E-03  1.532878E-02  8.494807E-01 -4.416992E-15  3.358133E+00 -2.936952E-03
        51   4  1.392844E-01  1.447835E-01  8.494807E-01  5.436791E-15  3.358133E+00 -2.936952E-03
        51   5  1.788090E-02  1.238175E-02  8.664948E-01 -2.698085E-15  3.356275E+00 -1.079502E-03
        51   6  1.473357E-01  1.418365E-01  8.664948E-01 -2.358152E-15  3.356275E+00 -1.079502E-03
        51   7  9.829629E-03  1.238175E-02  8.396572E-01 -2.266220E-16  3.358133E+00 -1.079502E-03
        51   8  1.392844E-01  1.418365E-01  8.396572E-01  2.512084E-15  3.358133E+00 -1.079502E-03
        52   1  6.150187E-02  1.070810E-01  4.452993E-01 -5.131065E-16  2.815883E+00  3.234628E-03
        52   2  3.622688E-01  4.078479E-01  4.452993E-01 -8.380739E-16  2.815883E+00  3.234628E-03
        52   3  6.440875E-02  1.070810E-01  4.549889E-01 -1.522216E-15  2.810856E+00  3.234628E-03
        52   4  3.651757E-01  4.078479E-01  4.549889E-01 -1.539319E-16  2.810856E+00  3.234628E-03
        52   5  6.150187E-02  1.882964E-02  1.511282E-01  2.907603E-16  2.815883E+00 -1.792036E-03
        52   6  3.622688E-01  3.195966E-01  1.511282E-01  2.377393E-15  2.815883E+00 -1.792036E-03
        52   7  6.440875E-02  1.882964E-02  1.608178E-01 -8.551775E-16  2.810856E+00 -1.792036E-03
        52   8  3.651757E-01  3.195966E-01  1.608178E-01  2.958914E-15  2.810856E+00 -1.792036E-03
        53   1  3.794877E-01  2.210182E-01 -5.236172E-01  1.163041E-15  1.769488E+00 -3.753761E-04
        53   2  4.535630E-01  2.950934E-01 -5.236172E-01  3.232571E-15  1.769488E+00 -3.753761E-04
        53   3  3.864535E-01  2.210182E-01 -5.003979E-01  2.052426E-15  1.766418E+00 -3.753761E-04
        53   4  4.605288E-01  2.950934E-01 -5.003979E-01 -5.131065E-16  1.766418E+00 -3.753761E-04
        53   5  3.794877E-01  5.449230E-01  5.560656E-01  3.420710E-16  1.769488E+00 -3.445570E-03
        53   6  4.535630E-01  6.189983E-01  5.560656E-01  3.386503E-15  1.769488E+00 -3.445570E-03
        53   7  3.864535E-01  5.449230E-01  5.792850E-01  2.052426E-15  1.766418E+00 -3.445570E-03
        53   8  4.605288E-01  6.189983E-01  5.792850E-01  3.489124E-15  1.766418E+00 -3.445570E-03
        54   1 -1.464229E+00 -1.324106E+00 -3.378179E+00  6.037553E-15  2.160676E+00  3.959610E-03
        54   2 -1.202034E+00 -1.061912E+00 -3.378179E+00  4.617958E-15  2.160676E+00  3.959610E-03
        54   3 -1.456265E+00 -1.324106E+00 -3.351632E+00  8.603086E-15  2.155207E+00  3.959610E-03
        54   4 -1.194070E+00 -1.061912E+00 -3.351632E+00  4.481130E-15  2.155207E+00  3.959610E-03
        54   5 -1.464229E+00 -1.596387E+00 -4.285783E+00  5.627068E-15  2.160676E+00 -1.509068E-03
        54   6 -1.202034E+00 -1.334193E+00 -4.285783E+00  1.607734E-15  2.160676E+00 -1.509068E-03
        54   7 -1.456265E+00 -1.596387E+00 -4.259236E+00  4.361405E-15  2.155207E+00 -1.509068E-03
        54   8 -1.194070E+00 -1.334193E+00 -4.259236E+00 -1.949805E-15  2.155207E+00 -1.509068E-03
        55   1 -3.171619E-01 -4.134410E-01 -2.221267E+00 -3.215467E-15  1.760756E+00 -3.623460E-03
        55   2 -4.133816E-01 -5.096608E-01 -2.221267E+00 -6.926938E-16  1.760756E+00 -3.623460E-03
        55   3 -3.193370E-01 -4.134410E-01 -2.228517E+00 -4.412716E-15  1.767564E+00 -3.623460E-03
        55   4 -4.155568E-01 -5.096608E-01 -2.228517E+00 -8.466257E-16  1.767564E+00 -3.623460E-03
        55   5 -3.171619E-01 -2.230579E-01 -1.586656E+00 -1.470905E-15  1.760756E+00  3.184210E-03
        55   6 -4.133816E-01 -3.192776E-01 -1.586656E+00  2.625395E-15  1.760756E+00  3.184210E-03
        55   7 -3.193370E-01 -2.230579E-01 -1.593907E+00 -4.720580E-15  1.767564E+00  3.184210E-03
        55   8 -4.155568E-01 -3.192776E-01 -1.593907E+00  2.137944E-16  1.767564E+00  3.184210E-03
        56   1 -3.723430E-02  8.403382E-02 -3.947715E-01  2.163599E-15  1.023734E+00  2.808071E-03
        56   2 -1.836439E-01 -6.237575E-02 -3.947715E-01  3.052984E-15  1.023734E+00  2.808071E-03
        56   3 -4.699752E-02  8.403382E-02 -4.273156E-01  3.412158E-15  1.020457E+00  2.808071E-03
        56   4 -1.934071E-01 -6.237575E-02 -4.273156E-01  4.780442E-15  1.020457E+00  2.808071E-03
        56   5 -3.723430E-02 -1.682656E-01 -1.235770E+00 -6.755902E-16  1.023734E+00 -4.692432E-04
        56   6 -1.836439E-01 -3.146752E-01 -1.235770E+00  6.131623E-15  1.023734E+00 -4.692432E-04
        56   7 -4.699752E-02 -1.682656E-01 -1.268314E+00  4.361405E-16  1.020457E+00 -4.692432E-04
        56   8 -1.934071E-01 -3.146752E-01 -1.268314E+00  6.114519E-15  1.020457E+00 -4.692432E-04
        57   1 -1.478280E-01 -2.965816E-01 -8.106252E-01 -2.736568E-15 -2.701884E-01 -2.676951E-03
        57   2 -3.160636E-01 -4.648171E-01 -8.106252E-01  7.525562E-16 -2.701884E-01 -2.676951E-03
        57   3 -1.312916E-01 -2.965816E-01 -7.555036E-01 -2.257669E-15 -2.630554E-01 -2.676951E-03
        57   4 -2.995271E-01 -4.648171E-01 -7.555036E-01  1.026213E-15 -2.630554E-01 -2.676951E-03
        57   5 -1.478280E-01  1.746197E-02  2.361866E-01 -4.310095E-15 -2.701884E-01  4.455975E-03
        57   6 -3.160636E-01 -1.507735E-01  2.361866E-01 -7.388734E-15 -2.701884E-01  4.455975E-03
        57   7 -1.312916E-01  1.746197E-02  2.913082E-01 -5.199479E-15 -2.630554E-01  4.455975E-03
        57   8 -2.995271E-01 -1.507735E-01  2.913082E-01 -7.662390E-15 -2.630554E-01  4.455975E-03
        58   1 -2.491464E-01 -1.758481E-01  1.180332E-01 -2.172151E-15  3.765311E-01  2.038569E-03
        58   2 -6.371695E-02  9.581304E-03  1.180332E-01 -2.308979E-15  3.765311E-01  2.038569E-03
        58   3 -2.543162E-01 -1.758481E-01  1.008005E-01 -1.607734E-15  3.750370E-01  2.038569E-03
        58   4 -6.888677E-02  9.581304E-03  1.008005E-01 -2.565532E-16  3.750370E-01  2.038569E-03
        58   5 -2.491464E-01 -3.276145E-01 -3.878546E-01 -4.960029E-15  3.765311E-01  5.445005E-04
        58   6 -6.371695E-02 -1.421850E-01 -3.878546E-01  5.986242E-16  3.765311E-01  5.445005E-04
        58   7 -2.543162E-01 -3.276145E-01 -4.050873E-01 -4.121956E-15  3.750370E-01  5.445005E-04
        58   8 -6.888677E-02 -1.421850E-01 -4.050873E-01  3.266778E-15  3.750370E-01  5.445005E-04
        59   1  5.888197E-02 -9.774510E-02 -4.294095E-01  0.000000E+00 -1.098896E-01  1.036026E-04
        59   2 -3.157874E-03 -1.597849E-01 -4.294095E-01 -3.420710E-16 -1.098896E-01  1.036026E-04
        59   3  3.603849E-02 -9.774510E-02 -5.055544E-01 -8.551775E-16 -1.081551E-01  1.036026E-04
        59   4 -2.600136E-02 -1.597849E-01 -5.055544E-01 -3.112846E-15 -1.081551E-01  1.036026E-04
        59   5  5.888197E-02  1.926656E-01  5.386261E-01  5.815207E-16 -1.098896E-01  1.838090E-03
        59   6 -3.157874E-03  1.306257E-01  5.386261E-01 -5.131065E-16 -1.098896E-01  1.838090E-03
        59   7  3.603849E-02  1.926656E-01  4.624811E-01 -1.915598E-15 -1.081551E-01  1.838090E-03
        59   8 -2.600136E-02  1.306257E-01  4.624811E-01 -2.462911E-15 -1.081551E-01  1.838090E-03
        60   1  3.215616E-01  1.396524E-01  1.322651E-02  1.004705E-02  4.850459E-02  2.941811E-15
        60   2  3.215616E-01  1.641333E-01  3.770746E-02  1.004705E-02  4.850459E-02 -2.257669E-15
        60   3  3.354911E-01  1.396524E-01  1.740537E-02  1.004705E-02  9.095926E-02  8.209704E-16
        60   4  3.354911E-01  1.641333E-01  4.188631E-02  1.004705E-02  9.095926E-02 -2.599740E-15
        60   5 -5.073481E-01 -1.090205E-01  1.322651E-02 -1.401060E-02  4.850459E-02  2.052426E-16
        60   6 -5.073481E-01 -8.453957E-02  3.770746E-02 -1.401060E-02  4.850459E-02 -5.353411E-15
        60   7 -4.934186E-01 -1.090205E-01  1.740537E-02 -1.401060E-02  9.095926E-02  2.736568E-16
        60   8 -4.934186E-01 -8.453957E-02  4.188631E-02 -1.401060E-02  9.095926E-02 -5.592861E-15
        61   1  6.093606E-01  2.294337E-01  2.103319E-01  1.337031E-02 -4.438649E-01  9.646402E-15
        61   2  6.093606E-01 -6.725485E-02 -8.635665E-02  1.337031E-02 -4.438649E-01 -5.336308E-15
        61   3  6.074837E-01  2.294337E-01  2.097688E-01  1.337031E-02 -3.893568E-01  1.046737E-14
        61   4  6.074837E-01 -6.725485E-02 -8.691974E-02  1.337031E-02 -3.893568E-01 -6.909834E-15
        61   5  4.801383E-01  1.906670E-01  2.103319E-01 -1.751764E-02 -4.438649E-01  1.190407E-14
        61   6  4.801383E-01 -1.060215E-01 -8.635665E-02 -1.751764E-02 -4.438649E-01 -4.788994E-16
        61   7  4.782614E-01  1.906670E-01  2.097688E-01 -1.751764E-02 -3.893568E-01  1.060420E-14
        61   8  4.782614E-01 -1.060215E-01 -8.691974E-02 -1.751764E-02 -3.893568E-01 -7.525562E-16
        62   1  1.229417E+00  7.786868E-02  1.701966E-01 -9.188442E-03 -9.867074E-02 -1.149359E-14
        62   2  1.229417E+00 -6.981870E-02  2.250918E-02 -9.188442E-03 -9.867074E-02 -2.373973E-14
        62   3  1.207015E+00  7.786868E-02  1.634759E-01 -9.188442E-03 -1.314449E-01 -1.587209E-14
        62   4  1.207015E+00 -6.981870E-02  1.578854E-02 -9.188442E-03 -1.314449E-01 -1.457222E-14
        62   5  1.822534E+00  2.558038E-01  1.701966E-01  9.383580E-03 -9.867074E-02 -5.062651E-15
        62   6  1.822534E+00  1.081164E-01  2.250918E-02  9.383580E-03 -9.867074E-02 -4.173266E-15
        62   7  1.800132E+00  2.558038E-01  1.634759E-01  9.383580E-03 -1.314449E-01 -3.968024E-15
        62   8  1.800132E+00  1.081164E-01  1.578854E-02  9.383580E-03 -1.314449E-01 -2.531325E-15
        63   1  1.729895E+00  7.047949E-02  1.285764E-01  2.603302E-04 -1.033785E-01 -2.784458E-14
        63   2  1.729895E+00  4.746113E-02  1.055581E-01  2.603302E-04 -1.033785E-01 -2.476594E-14
        63   3  1.718121E+00  7.047949E-02  1.250444E-01  2.603302E-04 -9.439528E-02 -1.299870E-14
        63   4  1.718121E+00  4.746113E-02  1.020261E-01  2.603302E-04 -9.439528E-02 -2.018219E-14
        63   5  2.105434E+00  1.831414E-01  1.285764E-01 -4.830170E-03 -1.033785E-01 -6.362521E-15
        63   6  2.105434E+00  1.601230E-01  1.055581E-01 -4.830170E-03 -1.033785E-01  4.788994E-15
        63   7  2.093661E+00  1.831414E-01  1.250444E-01 -4.830170E-03 -9.439528E-02 -4.788994E-16
        63   8  2.093661E+00  1.601230E-01  1.020261E-01 -4.830170E-03 -9.439528E-02  1.087786E-14
        64   1  1.718740E+00  4.510915E-02  1.039591E-01 -4.323299E-03  1.073889E-01 -2.736568E-14
        64   2  1.718740E+00  6.601094E-02  1.248608E-01 -4.323299E-03  1.073889E-01 -1.857446E-14
        64   3  1.717308E+00  4.510915E-02  1.035294E-01 -4.323299E-03  8.801765E-02 -1.039896E-14
        64   4  1.717308E+00  6.601094E-02  1.244312E-01 -4.323299E-03  8.801765E-02 -1.077524E-14
        64   5  2.109640E+00  1.623793E-01  1.039591E-01  6.653770E-03  1.073889E-01  2.599740E-15
        64   6  2.109640E+00  1.832811E-01  1.248608E-01  6.653770E-03  1.073889E-01  3.010225E-15
        64   7  2.108208E+00  1.623793E-01  1.035294E-01  6.653770E-03  8.801765E-02  8.551775E-15
        64   8  2.108208E+00  1.832811E-01  1.244312E-01  6.653770E-03  8.801765E-02  6.157278E-16
        65   1  1.242621E+00 -6.732849E-02  2.285924E-02 -8.891416E-04  1.159300E-01 -5.541550E-15
        65   2  1.242621E+00  8.503717E-02  1.752249E-01 -8.891416E-04  1.159300E-01 -5.969139E-15
        65   3  1.219150E+00 -6.732849E-02  1.581822E-02 -8.891416E-04  1.117748E-01 -1.388808E-14
        65   4  1.219150E+00  8.503717E-02  1.681839E-01 -8.891416E-04  1.117748E-01 -1.305001E-14
        65   5  1.820402E+00  1.060059E-01  2.285924E-02  1.465521E-03  1.159300E-01 -1.118572E-14
        65   6  1.820402E+00  2.583716E-01  1.752249E-01  1.465521E-03  1.159300E-01 -2.360290E-15
        65   7  1.796932E+00  1.060059E-01  1.581822E-02  1.465521E-03  1.117748E-01 -1.156200E-14
        65   8  1.796932E+00  2.583716E-01  1.681839E-01  1.465521E-03  1.117748E-01  5.131065E-17
        66   1  6.015866E-01 -6.264319E-02 -8.037579E-02 -4.368861E-03  4.220996E-01 -6.225692E-15
        66   2  6.015866E-01  2.340382E-01  2.163056E-01 -4.368861E-03  4.220996E-01  1.103179E-15
        66   3  6.101996E-01 -6.264319E-02 -7.779188E-02 -4.368861E-03  4.095947E-01 -1.224614E-14
        66   4  6.101996E-01  2.340382E-01  2.188895E-01 -4.368861E-03  4.095947E-01  1.443112E-15
        66   5  4.919822E-01 -9.552449E-02 -8.037579E-02  2.717262E-03  4.220996E-01 -4.583751E-15
        66   6  4.919822E-01  2.011569E-01  2.163056E-01  2.717262E-03  4.220996E-01  9.024261E-15
        66   7  5.005953E-01 -9.552449E-02 -7.779188E-02  2.717262E-03  4.095947E-01 -1.169883E-14
        66   8  5.005953E-01  2.011569E-01  2.188895E-01  2.717262E-03  4.095947E-01  7.585424E-15
        67   1  3.271883E-01  1.689052E-01  3.871968E-02  4.573807E-04 -6.688444E-02 -2.176427E-15
        67   2  3.271883E-01  1.362429E-01  6.057442E-03  4.573807E-04 -6.688444E-02  7.200595E-15
        67   3  3.502416E-01  1.689052E-01  4.563565E-02  4.573807E-04 -6.971746E-02 -6.841420E-17
        67   4  3.502416E-01  1.362429E-01  1.297342E-02  4.573807E-04 -6.971746E-02  7.628183E-15
        67   5 -5.176617E-01 -8.454984E-02  3.871968E-02  2.062761E-03 -6.688444E-02 -5.259342E-16
        67   6 -5.176617E-01 -1.172121E-01  6.057442E-03  2.062761E-03 -6.688444E-02  2.308979E-16
        67   7 -4.946085E-01 -8.454984E-02  4.563565E-02  2.062761E-03 -6.971746E-02  3.630228E-15
        67   8 -4.946085E-01 -1.172121E-01  1.297342E-02  2.062761E-03 -6.971746E-02  1.684700E-15
        68   1  7.431886E-01  2.254587E-01  2.250321E-01 -1.217132E-02 -8.242951E-02 -4.241680E-15
        68   2  7.431886E-01  7.089330E-01  7.085064E-01 -1.217132E-02 -8.242951E-02 -1.299870E-14
        68   3  7.732860E-01  2.254587E-01  2.340613E-01 -1.217132E-02 -1.025848E-01  8.620189E-15
        68   4  7.732860E-01  7.089330E-01  7.175356E-01 -1.217132E-02 -1.025848E-01 -1.135676E-14
        68   5  7.704420E-01  2.336347E-01  2.250321E-01  1.086335E-02 -8.242951E-02  3.420710E-15
        68   6  7.704420E-01  7.171090E-01  7.085064E-01  1.086335E-02 -8.242951E-02 -1.423015E-14
        68   7  8.005394E-01  2.336347E-01  2.340613E-01  1.086335E-02 -1.025848E-01  7.251905E-15
        68   8  8.005394E-01  7.171090E-01  7.175356E-01  1.086335E-02 -1.025848E-01 -1.121993E-14
        69   1  3.299889E-01  5.323054E-01  5.248384E-01 -9.812834E-03 -2.452982E+00  3.318089E-14
        69   2  3.299889E-01  9.787091E-02  9.040390E-02 -9.812834E-03 -2.452982E+00 -1.973750E-14
        69   3  3.081268E-01  5.323054E-01  5.182798E-01 -9.812834E-03 -2.474706E+00  2.668154E-14
        69   4  3.081268E-01  9.787091E-02  8.384527E-02 -9.812834E-03 -2.474706E+00 -3.318089E-15
        69   5  2.583467E-01  5.108127E-01  5.248384E-01  1.501385E-02 -2.452982E+00  3.523331E-14
        69   6  2.583467E-01  7.637826E-02  9.040390E-02  1.501385E-02 -2.452982E+00 -6.773006E-15
        69   7  2.364846E-01  5.108127E-01  5.182798E-01  1.501385E-02 -2.474706E+00  3.256516E-14
        69   8  2.364846E-01  7.637826E-02  8.384527E-02  1.501385E-02 -2.474706E+00 -1.104889E-14
        70   1 -4.279685E-01 -3.756207E-01 -3.494224E-01 -4.383641E-03 -1.619549E+00 -7.491355E-15
        70   2 -4.279685E-01 -4.033565E-01 -3.771582E-01 -4.383641E-03 -1.619549E+00 -4.405874E-14
        70   3 -4.279860E-01 -3.756207E-01 -3.494277E-01 -4.383641E-03 -1.621675E+00 -4.487971E-14
        70   4 -4.279860E-01 -4.033565E-01 -3.771634E-01 -4.383641E-03 -1.621675E+00 -5.418405E-14
        70   5 -2.533307E-01 -3.232294E-01 -3.494224E-01 -1.953811E-03 -1.619549E+00  4.139059E-15
        70   6 -2.533307E-01 -3.509651E-01 -3.771582E-01 -1.953811E-03 -1.619549E+00 -1.737721E-14
        70   7 -2.533482E-01 -3.232294E-01 -3.494277E-01 -1.953811E-03 -1.621675E+00 -1.169883E-14
        70   8 -2.533482E-01 -3.509651E-01 -3.771634E-01 -1.953811E-03 -1.621675E+00  2.298717E-14
        71   1 -1.833630E-01 -2.856580E-01 -2.514988E-01  9.695202E-04 -4.284509E-01 -5.096858E-14
        71   2 -1.833630E-01 -2.367597E-01 -2.026004E-01  9.695202E-04 -4.284509E-01 -1.860866E-14
        71   3 -1.772435E-01 -2.856580E-01 -2.496629E-01  9.695202E-04 -4.319677E-01 -4.973712E-14
        71   4 -1.772435E-01 -2.367597E-01 -2.007646E-01  9.695202E-04 -4.319677E-01 -3.920134E-14
        71   5  5.048503E-02 -2.155036E-01 -2.514988E-01  4.988715E-03 -4.284509E-01  1.553002E-14
        71   6  5.048503E-02 -1.666053E-01 -2.026004E-01  4.988715E-03 -4.284509E-01  4.330619E-14
        71   7  5.660454E-02 -2.155036E-01 -2.496629E-01  4.988715E-03 -4.319677E-01  8.004461E-15
        71   8  5.660454E-02 -1.666053E-01 -2.007646E-01  4.988715E-03 -4.319677E-01  3.639635E-14
        72   1 -1.700549E-01 -2.349332E-01 -1.999590E-01  5.007912E-04  4.175479E-01 -3.215467E-15
        72   2 -1.700549E-01 -2.832973E-01 -2.483231E-01  5.007912E-04  4.175479E-01  1.464064E-14
        72   3 -1.798084E-01 -2.349332E-01 -2.028850E-01  5.007912E-04  4.229048E-01 -3.810671E-14
        72   4 -1.798084E-01 -2.832973E-01 -2.512491E-01  5.007912E-04  4.229048E-01  1.587209E-14
        72   5  5.335282E-02 -1.679109E-01 -1.999590E-01 -5.621397E-03  4.175479E-01  5.035285E-14
        72   6  5.335282E-02 -2.162749E-01 -2.483231E-01 -5.621397E-03  4.175479E-01  4.864250E-14
        72   7  4.359931E-02 -1.679109E-01 -2.028850E-01 -5.621397E-03  4.229048E-01  2.456070E-14
        72   8  4.359931E-02 -2.162749E-01 -2.512491E-01 -5.621397E-03  4.229048E-01  4.980554E-14
        73   1 -4.359552E-01 -4.042175E-01 -3.773636E-01  4.678385E-03  1.606125E+00  2.356869E-14
        73   2 -4.359552E-01 -3.780921E-01 -3.512383E-01  4.678385E-03  1.606125E+00 -1.818107E-14
        73   3 -4.289909E-01 -4.042175E-01 -3.752743E-01  4.678385E-03  1.611045E+00 -1.488009E-14
        73   4 -4.289909E-01 -3.780921E-01 -3.491490E-01  4.678385E-03  1.611045E+00 -1.828369E-14
        73   5 -2.499650E-01 -3.484204E-01 -3.773636E-01 -9.440968E-04  1.606125E+00  1.864287E-14
        73   6 -2.499650E-01 -3.222951E-01 -3.512383E-01 -9.440968E-04  1.606125E+00 -8.928053E-15
        73   7 -2.430007E-01 -3.484204E-01 -3.752743E-01 -9.440968E-04  1.611045E+00  1.563264E-14
        73   8 -2.430007E-01 -3.222951E-01 -3.491490E-01 -9.440968E-04  1.611045E+00 -2.153337E-14
        74   1  3.242490E-01  9.538808E-02  8.466342E-02  3.457610E-03  2.457351E+00 -2.412028E-14
        74   2  3.242490E-01  5.292570E-01  5.185323E-01  3.457610E-03  2.457351E+00 -2.240565E-15
        74   3  3.147505E-01  9.538808E-02  8.181387E-02  3.457610E-03  2.465877E+00 -1.189124E-14
        74   4  3.147505E-01  5.292570E-01  5.156828E-01  3.457610E-03  2.465877E+00  1.930991E-14
        74   5  2.432527E-01  7.108921E-02  8.466342E-02 -6.286707E-03  2.457351E+00 -5.104982E-14
        74   6  2.432527E-01  5.049581E-01  5.185323E-01 -6.286707E-03  2.457351E+00 -1.316973E-15
        74   7  2.337543E-01  7.108921E-02  8.181387E-02 -6.286707E-03  2.465877E+00 -1.501264E-14
        74   8  2.337543E-01  5.049581E-01  5.156828E-01 -6.286707E-03  2.465877E+00  1.948094E-14
        75   1  7.450206E-01  7.061958E-01  7.091832E-01  2.633732E-03  9.855205E-02 -2.702361E-15
        75   2  7.450206E-01  2.258433E-01  2.288307E-01  2.633732E-03  9.855205E-02  2.261089E-14
        75   3  7.633273E-01  7.061958E-01  7.146752E-01  2.633732E-03  1.021244E-01  2.086633E-15
        75   4  7.633273E-01  2.258433E-01  2.343227E-01  2.633732E-03  1.021244E-01  1.795873E-14
        75   5  7.832431E-01  7.176626E-01  7.091832E-01 -1.448980E-03  9.855205E-02  8.996467E-15
        75   6  7.832431E-01  2.373101E-01  2.288307E-01 -1.448980E-03  9.855205E-02  7.867633E-16
        75   7  8.015498E-01  7.176626E-01  7.146752E-01 -1.448980E-03  1.021244E-01  6.807213E-15
        75   8  8.015498E-01  2.373101E-01  2.343227E-01 -1.448980E-03  1.021244E-01  3.523331E-15
        76   1 -1.973354E-01  3.271488E-02  2.997981E-04 -6.735718E-03 -1.058129E-01  4.378509E-15
        76   2 -1.973354E-01  2.114016E-01  1.789865E-01 -6.735718E-03 -1.058129E-01 -1.046737E-14
        76   3 -2.047823E-01  3.271488E-02 -1.934263E-03 -6.735718E-03 -1.229159E-01  1.641941E-15
        76   4 -2.047823E-01  2.114016E-01  1.767524E-01 -6.735718E-03 -1.229159E-01 -1.012530E-14
        76   5 -4.208828E-01 -3.434934E-02  2.997981E-04  6.846046E-03 -1.058129E-01 -1.915598E-15
        76   6 -4.208828E-01  1.443374E-01  1.789865E-01  6.846046E-03 -1.058129E-01 -1.388808E-14
        76   7 -4.283297E-01 -3.434934E-02 -1.934263E-03  6.846046E-03 -1.229159E-01  1.641941E-15
        76   8 -4.283297E-01  1.443374E-01  1.767524E-01  6.846046E-03 -1.229159E-01 -9.167503E-15
        77   1 -7.902950E-01  3.551583E-02  2.990442E-02 -7.599144E-03 -7.577566E-01  8.620189E-15
        77   2 -7.902950E-01  2.003090E-02  1.441949E-02 -7.599144E-03 -7.577566E-01 -1.089496E-14
        77   3 -7.725545E-01  3.551583E-02  3.522659E-02 -7.599144E-03 -7.737148E-01  9.167503E-15
        77   4 -7.725545E-01  2.003090E-02  1.974166E-02 -7.599144E-03 -7.737148E-01 -1.080944E-14
        77   5 -8.099638E-01  2.961519E-02  2.990442E-02  5.073541E-03 -7.577566E-01  1.710355E-14
        77   6 -8.099638E-01  1.413026E-02  1.441949E-02  5.073541E-03 -7.577566E-01 -5.917828E-15
        77   7 -7.922233E-01  2.961519E-02  3.522659E-02  5.073541E-03 -7.737148E-01  1.874549E-14
        77   8 -7.922233E-01  1.413026E-02  1.974166E-02  5.073541E-03 -7.737148E-01  5.627068E-15
        78   1 -1.582851E+00 -2.735684E-01 -2.409778E-01 -1.652914E-03 -6.806518E-01 -9.749023E-16
        78   2 -1.582851E+00 -1.729094E-01 -1.403188E-01 -1.652914E-03 -6.806518E-01 -1.563264E-14
        78   3 -1.570426E+00 -2.735684E-01 -2.372503E-01 -1.652914E-03 -6.883548E-01 -1.108310E-14
        78   4 -1.570426E+00 -1.729094E-01 -1.365912E-01 -1.652914E-03 -6.883548E-01 -2.491987E-14
        78   5 -1.353155E+00 -2.046597E-01 -2.409778E-01  4.464173E-03 -6.806518E-01 -1.202380E-14
        78   6 -1.353155E+00 -1.040007E-01 -1.403188E-01  4.464173E-03 -6.806518E-01 -1.859156E-14
        78   7 -1.340730E+00 -2.046597E-01 -2.372503E-01  4.464173E-03 -6.883548E-01 -2.582636E-15
        78   8 -1.340730E+00 -1.040007E-01 -1.365912E-01  4.464173E-03 -6.883548E-01 -2.916155E-14
        79   1 -2.058833E+00 -3.094316E-01 -2.618191E-01 -1.586516E-03 -1.480549E-01 -2.818665E-14
        79   2 -2.058833E+00 -2.409914E-01 -1.933789E-01 -1.586516E-03 -1.480549E-01 -1.888232E-14
        79   3 -2.049504E+00 -3.094316E-01 -2.590205E-01 -1.586516E-03 -1.487957E-01 -2.107157E-14
        79   4 -2.049504E+00 -2.409914E-01 -1.905802E-01 -1.586516E-03 -1.487957E-01 -3.448076E-14
        79   5 -1.732087E+00 -2.114080E-01 -2.618191E-01 -9.981665E-04 -1.480549E-01 -3.277040E-14
        79   6 -1.732087E+00 -1.429677E-01 -1.933789E-01 -9.981665E-04 -1.480549E-01 -1.494850E-14
        79   7 -1.722759E+00 -2.114080E-01 -2.590205E-01 -9.981665E-04 -1.487957E-01 -7.388734E-15
        79   8 -1.722759E+00 -1.429677E-01 -1.905802E-01 -9.981665E-04 -1.487957E-01 -1.156200E-14
        80   1 -2.067717E+00 -2.436727E-01 -1.943527E-01  1.609237E-03  1.436417E-01 -1.864287E-14
        80   2 -2.067717E+00 -3.114774E-01 -2.621574E-01  1.609237E-03  1.436417E-01  1.231456E-15
        80   3 -2.057807E+00 -2.436727E-01 -1.913796E-01  1.609237E-03  1.445412E-01 -2.548429E-14
        80   4 -2.057807E+00 -3.114774E-01 -2.591843E-01  1.609237E-03  1.445412E-01  2.702361E-15
        80   5 -1.729007E+00 -1.420595E-01 -1.943527E-01  8.949322E-04  1.436417E-01  2.042164E-14
        80   6 -1.729007E+00 -2.098643E-01 -2.621574E-01  8.949322E-04  1.436417E-01  3.424131E-14
        80   7 -1.719097E+00 -1.420595E-01 -1.913796E-01  8.949322E-04  1.445412E-01 -7.080870E-15
        80   8 -1.719097E+00 -2.098643E-01 -2.591843E-01  8.949322E-04  1.445412E-01  2.633947E-15
        81   1 -1.572199E+00 -1.707922E-01 -1.378633E-01  2.289253E-03  6.761524E-01  1.831790E-14
        81   2 -1.572199E+00 -2.714906E-01 -2.385617E-01  2.289253E-03  6.761524E-01 -3.591745E-16
        81   3 -1.572981E+00 -1.707922E-01 -1.380980E-01  2.289253E-03  6.839265E-01  1.316973E-15
        81   4 -1.572981E+00 -2.714906E-01 -2.387964E-01  2.289253E-03  6.839265E-01 -1.619706E-14
        81   5 -1.353455E+00 -1.051691E-01 -1.378633E-01 -3.884335E-03  6.761524E-01  1.145938E-15
        81   6 -1.353455E+00 -2.058675E-01 -2.385617E-01 -3.884335E-03  6.761524E-01 -2.088343E-14
        81   7 -1.354237E+00 -1.051691E-01 -1.380980E-01 -3.884335E-03  6.839265E-01  1.958356E-14
        81   8 -1.354237E+00 -2.058675E-01 -2.387964E-01 -3.884335E-03  6.839265E-01 -4.498234E-15
        82   1 -7.933406E-01  1.725293E-02  1.597818E-02  3.265162E-03  7.613736E-01 -1.426864E-14
        82   2 -7.933406E-01  3.275544E-02  3.148068E-02  3.265162E-03  7.613736E-01 -3.625953E-15
        82   3 -7.912880E-01  1.725293E-02  1.659394E-02  3.265162E-03  7.679121E-01 -2.736140E-14
        82   4 -7.912880E-01  3.275544E-02  3.209645E-02  3.265162E-03  7.679121E-01 -2.599740E-15
        82   5 -7.997864E-01  1.531919E-02  1.597818E-02 -1.927208E-03  7.613736E-01 -2.011805E-14
        82   6 -7.997864E-01  3.082169E-02  3.148068E-02 -1.927208E-03  7.613736E-01  8.312325E-15
        82   7 -7.977338E-01  1.531919E-02  1.659394E-02 -1.927208E-03  7.679121E-01 -1.555995E-14
        82   8 -7.977338E-01  3.082169E-02  3.209645E-02 -1.927208E-03  7.679121E-01  1.358022E-14
        83   1 -1.927188E-01  2.134319E-01  1.790551E-01  1.398309E-03  1.147631E-01 -3.831195E-15
        83   2 -1.927188E-01  3.308148E-02 -1.295348E-03  1.398309E-03  1.147631E-01  3.386503E-15
        83   3 -1.985915E-01  2.134319E-01  1.772932E-01  1.398309E-03  1.189439E-01 -4.173266E-15
        83   4 -1.985915E-01  3.308148E-02 -3.057177E-03  1.398309E-03  1.189439E-01  4.310095E-15
        83   5 -4.277703E-01  1.429164E-01  1.790551E-01 -1.921772E-03  1.147631E-01  5.541550E-15
        83   6 -4.277703E-01 -3.743400E-02 -1.295348E-03 -1.921772E-03  1.147631E-01  1.026213E-15
        83   7 -4.336431E-01  1.429164E-01  1.772932E-01 -1.921772E-03  1.189439E-01  8.483361E-15
        83   8 -4.336431E-01 -3.743400E-02 -3.057177E-03 -1.921772E-03  1.189439E-01 -4.104852E-15
        84   1  2.016473E-01  5.478179E-02  3.644297E-02  1.446190E-02  3.028814E-02 -3.283882E-15
        84   2  2.016473E-01  1.644910E-01  1.461522E-01  1.446190E-02  3.028814E-02 -1.600037E-14
        84   3  2.005487E-01  5.478179E-02  3.611339E-02  1.446190E-02  4.625915E-02 -7.251905E-15
        84   4  2.005487E-01  1.644910E-01  1.458226E-01  1.446190E-02  4.625915E-02 -9.381297E-15
        84   5  7.828992E-02  1.777458E-02  3.644297E-02 -1.509112E-03  3.028814E-02 -1.299870E-14
        84   6  7.828992E-02  1.274838E-01  1.461522E-01 -1.509112E-03  3.028814E-02 -2.154192E-14
        84   7  7.719130E-02  1.777458E-02  3.611339E-02 -1.509112E-03  4.625915E-02 -1.340918E-14
        84   8  7.719130E-02  1.274838E-01  1.458226E-01 -1.509112E-03  4.625915E-02 -1.451236E-14
        85   1 -9.518433E-01 -2.108380E-01 -2.253330E-01  1.535476E-02 -3.807379E-01  1.689831E-14
        85   2 -9.518433E-01 -4.550209E-03 -1.904526E-02  1.535476E-02 -3.807379E-01 -2.271351E-14
        85   3 -9.467894E-01 -2.108380E-01 -2.238168E-01  1.535476E-02 -3.682667E-01  2.391076E-14
        85   4 -9.467894E-01 -4.550209E-03 -1.752906E-02  1.535476E-02 -3.682667E-01 -2.155047E-14
        85   5 -1.043423E+00 -2.383119E-01 -2.253330E-01  2.883632E-03 -3.807379E-01  2.452649E-14
        85   6 -1.043423E+00 -3.202411E-02 -1.904526E-02  2.883632E-03 -3.807379E-01 -3.667001E-14
        85   7 -1.038369E+00 -2.383119E-01 -2.238168E-01  2.883632E-03 -3.682667E-01  2.031902E-14
        85   8 -1.038369E+00 -3.202411E-02 -1.752906E-02  2.883632E-03 -3.682667E-01 -2.647630E-14
        86   1 -3.108573E+00 -7.468316E-01 -7.112485E-01  1.268305E-03 -2.348259E-01 -2.928128E-14
        86   2 -3.108573E+00 -5.176229E-01 -4.820398E-01  1.268305E-03 -2.348259E-01 -1.963488E-14
        86   3 -3.099331E+00 -7.468316E-01 -7.084758E-01  1.268305E-03 -2.378538E-01 -1.231456E-14
        86   4 -3.099331E+00 -5.176229E-01 -4.792672E-01  1.268305E-03 -2.378538E-01 -4.638483E-14
        86   5 -2.862111E+00 -6.728927E-01 -7.112485E-01  4.296236E-03 -2.348259E-01 -3.359137E-14
        86   6 -2.862111E+00 -4.436841E-01 -4.820398E-01  4.296236E-03 -2.348259E-01 -4.645324E-14
        86   7 -2.852868E+00 -6.728927E-01 -7.084758E-01  4.296236E-03 -2.378538E-01 -3.407027E-14
        86   8 -2.852868E+00 -4.436841E-01 -4.792672E-01  4.296236E-03 -2.378538E-01 -3.646477E-14
        87   1 -4.186120E+00 -8.681233E-01 -8.243399E-01  2.823653E-03 -8.978973E-02 -6.786689E-14
        87   2 -4.186120E+00 -8.025675E-01 -7.587841E-01  2.823653E-03 -8.978973E-02 -4.491392E-14
        87   3 -4.177238E+00 -8.681233E-01 -8.216753E-01  2.823653E-03 -9.224530E-02 -4.173266E-14
        87   4 -4.177238E+00 -8.025675E-01 -7.561195E-01  2.823653E-03 -9.224530E-02 -2.438966E-14
        87   5 -3.885349E+00 -7.778919E-01 -8.243399E-01  5.279228E-03 -8.978973E-02 -1.518795E-14
        87   6 -3.885349E+00 -7.123361E-01 -7.587841E-01  5.279228E-03 -8.978973E-02 -3.376241E-14
        87   7 -3.876467E+00 -7.778919E-01 -8.216753E-01  5.279228E-03 -9.224530E-02 -2.408180E-14
        87   8 -3.876467E+00 -7.123361E-01 -7.561195E-01  5.279228E-03 -9.224530E-02  4.207473E-15
        88   1 -4.180594E+00 -8.022825E-01 -7.599218E-01 -3.416500E-03  9.103210E-02 -1.929280E-14
        88   2 -4.180594E+00 -8.696141E-01 -8.272535E-01 -3.416500E-03  9.103210E-02 -4.002231E-15
        88   3 -4.174668E+00 -8.022825E-01 -7.581440E-01 -3.416500E-03  8.723956E-02 -2.880238E-14
        88   4 -4.174668E+00 -8.696141E-01 -8.254756E-01 -3.416500E-03  8.723956E-02 -2.045585E-14
        88   5 -3.892264E+00 -7.157833E-01 -7.599218E-01  3.760390E-04  9.103210E-02 -8.962260E-15
        88   6 -3.892264E+00 -7.831149E-01 -8.272535E-01  3.760390E-04  9.103210E-02 -5.609964E-15
        88   7 -3.886338E+00 -7.157833E-01 -7.581440E-01  3.760390E-04  8.723956E-02 -2.052426E-14
        88   8 -3.886338E+00 -7.831149E-01 -8.254756E-01  3.760390E-04  8.723956E-02 -7.799219E-15
        89   1 -3.130798E+00 -5.314282E-01 -4.931888E-01 -9.862403E-04  2.346351E-01  8.380739E-15
        89   2 -3.130798E+00 -7.638248E-01 -7.255854E-01 -9.862403E-04  2.346351E-01 -9.954266E-15
        89   3 -3.125778E+00 -5.314282E-01 -4.916830E-01 -9.862403E-04  2.327399E-01  2.911024E-14
        89   4 -3.125778E+00 -7.638248E-01 -7.240796E-01 -9.862403E-04  2.327399E-01 -1.015951E-14
        89   5 -2.870849E+00 -4.534436E-01 -4.931888E-01  9.089334E-04  2.346351E-01  7.970254E-15
        89   6 -2.870849E+00 -6.858402E-01 -7.255854E-01  9.089334E-04  2.346351E-01 -1.484588E-14
        89   7 -2.865830E+00 -4.534436E-01 -4.916830E-01  9.089334E-04  2.327399E-01  1.296449E-14
        89   8 -2.865830E+00 -6.858402E-01 -7.240796E-01  9.089334E-04  2.327399E-01 -1.836921E-14
        90   1 -9.576897E-01 -1.783126E-02 -3.254913E-02 -3.664929E-03  3.752089E-01 -2.278193E-14
        90   2 -9.576897E-01 -2.230481E-01 -2.377660E-01 -3.664929E-03  3.752089E-01  1.635099E-14
        90   3 -9.615183E-01 -1.783126E-02 -3.369769E-02 -3.664929E-03  3.730909E-01 -1.635099E-14
        90   4 -9.615183E-01 -2.230481E-01 -2.389146E-01 -3.664929E-03  3.730909E-01  2.497118E-14
        90   5 -1.059637E+00 -4.841555E-02 -3.254913E-02 -1.546965E-03  3.752089E-01 -1.046737E-14
        90   6 -1.059637E+00 -2.536324E-01 -2.377660E-01 -1.546965E-03  3.752089E-01  2.873396E-15
        90   7 -1.063466E+00 -4.841555E-02 -3.369769E-02 -1.546965E-03  3.730909E-01 -1.847183E-15
        90   8 -1.063466E+00 -2.536324E-01 -2.389146E-01 -1.546965E-03  3.730909E-01  2.606581E-14
        91   1  1.847616E-01  1.554324E-01  1.390122E-01 -2.070595E-03 -3.728342E-02  9.406952E-16
        91   2  1.847616E-01  5.645943E-02  4.003927E-02 -2.070595E-03 -3.728342E-02  2.276696E-14
        91   3  1.842690E-01  1.554324E-01  1.388645E-01 -2.070595E-03 -3.931609E-02 -3.326640E-15
        91   4  1.842690E-01  5.645943E-02  3.989149E-02 -2.070595E-03 -3.931609E-02  1.774280E-14
        91   5  7.480132E-02  1.224443E-01  1.390122E-01 -3.792187E-05 -3.728342E-02  1.564120E-14
        91   6  7.480132E-02  2.347134E-02  4.003927E-02 -3.792187E-05 -3.728342E-02  1.523285E-14
        91   7  7.430872E-02  1.224443E-01  1.388645E-01 -3.792187E-05 -3.931609E-02  8.637293E-15
        91   8  7.430872E-02  2.347134E-02  3.989149E-02 -3.792187E-05 -3.931609E-02  1.164538E-14
        92   1 -1.698152E-01 -2.882668E-02 -6.183375E-02  1.624837E-16  3.063758E-01  1.170885E-02
        92   2 -3.553743E-01 -2.143858E-01 -6.183375E-02  5.438929E-15  3.063758E-01  1.170885E-02
        92   3 -8.060858E-02 -2.882668E-02  2.355216E-01  5.644171E-16  2.939815E-01  1.170885E-02
        92   4 -2.661677E-01 -2.143858E-01  2.355216E-01  4.823201E-15  2.939815E-01  1.170885E-02
        92   5 -1.698152E-01 -2.215971E-01 -7.044018E-01  7.097973E-16  3.063758E-01 -6.855108E-04
        92   6 -3.553743E-01 -4.071562E-01 -7.044018E-01  4.378509E-15  3.063758E-01 -6.855108E-04
        92   7 -8.060858E-02 -2.215971E-01 -4.070464E-01  1.163041E-15  2.939815E-01 -6.855108E-04
        92   8 -2.661677E-01 -4.071562E-01 -4.070464E-01  2.804982E-15  2.939815E-01 -6.855108E-04
        93   1 -2.591156E-01 -2.896561E-01 -1.769500E-01  4.446923E-15 -3.719169E-01  9.369382E-03
        93   2 -5.931434E-02 -8.985478E-02 -1.769500E-01 -6.088864E-15 -3.719169E-01  9.369382E-03
        93   3 -2.826200E-01 -2.896561E-01 -2.552978E-01  2.257669E-15 -3.784879E-01  9.369382E-03
        93   4 -8.281866E-02 -8.985478E-02 -2.552978E-01 -4.241680E-15 -3.784879E-01  9.369382E-03
        93   5 -2.591156E-01 -2.520795E-01 -5.169483E-02  6.430935E-15 -3.719169E-01  2.798434E-03
        93   6 -5.931434E-02 -5.227822E-02 -5.169483E-02 -8.278118E-15 -3.719169E-01  2.798434E-03
        93   7 -2.826200E-01 -2.520795E-01 -1.300426E-01  2.531325E-15 -3.784879E-01  2.798434E-03
        93   8 -8.281866E-02 -5.227822E-02 -1.300426E-01  1.984012E-15 -3.784879E-01  2.798434E-03
        94   1  1.058266E-01  8.090070E-02  3.018899E-01 -4.378509E-15  1.237890E-01  6.410484E-03
        94   2  2.991702E-02  4.991102E-03  3.018899E-01  1.984012E-15  1.237890E-01  6.410484E-03
        94   3 -1.034685E-03  8.090070E-02 -5.431447E-02 -3.420710E-15  1.229600E-01  6.410484E-03
        94   4 -7.694428E-02  4.991102E-03 -5.431447E-02 -4.241680E-15  1.229600E-01  6.410484E-03
        94   5  1.058266E-01  2.389123E-02  1.118583E-01  1.778769E-15  1.237890E-01  5.581496E-03
        94   6  2.991702E-02 -5.201837E-02  1.118583E-01 -7.115077E-15  1.237890E-01  5.581496E-03
        94   7 -1.034685E-03  2.389123E-02 -2.443460E-01 -5.473136E-15  1.229600E-01  5.581496E-03
        94   8 -7.694428E-02 -5.201837E-02 -2.443460E-01 -9.577988E-15  1.229600E-01  5.581496E-03
        95   1 -1.548189E+00 -1.606253E+00 -4.296785E+00 -1.068972E-15 -2.246474E+00  1.805793E-04
        95   2 -1.274755E+00 -1.332819E+00 -4.296785E+00 -4.669269E-15 -2.246474E+00  1.805793E-04
        95   3 -1.521617E+00 -1.606253E+00 -4.208211E+00  4.019334E-16 -2.240445E+00  1.805793E-04
        95   4 -1.248183E+00 -1.332819E+00 -4.208211E+00 -4.481130E-15 -2.240445E+00  1.805793E-04
        95   5 -1.548189E+00 -1.463553E+00 -3.821119E+00 -1.949805E-15 -2.246474E+00  6.209291E-03
        95   6 -1.274755E+00 -1.190119E+00 -3.821119E+00 -5.952035E-15 -2.246474E+00  6.209291E-03
        95   7 -1.521617E+00 -1.463553E+00 -3.732546E+00 -1.710355E-16 -2.240445E+00  6.209291E-03
        95   8 -1.248183E+00 -1.190119E+00 -3.732546E+00 -3.591745E-15 -2.240445E+00  6.209291E-03
        96   1 -3.063981E-01 -2.745971E-01 -1.805988E+00  8.124186E-17 -1.801415E+00  1.484251E-02
        96   2 -4.113843E-01 -3.795833E-01 -1.805988E+00 -5.952035E-15 -1.801415E+00  1.484251E-02
        96   3 -3.147243E-01 -2.745971E-01 -1.833742E+00  4.827477E-15 -1.830406E+00  1.484251E-02
        96   4 -4.197105E-01 -3.795833E-01 -1.833742E+00 -4.823201E-15 -1.830406E+00  1.484251E-02
        96   5 -3.063981E-01 -3.465253E-01 -2.045749E+00 -4.006507E-15 -1.801415E+00 -1.414800E-02
        96   6 -4.113843E-01 -4.515115E-01 -2.045749E+00 -8.654396E-15 -1.801415E+00 -1.414800E-02
        96   7 -3.147243E-01 -3.465253E-01 -2.073503E+00 -7.127904E-15 -1.830406E+00 -1.414800E-02
        96   8 -4.197105E-01 -4.515115E-01 -2.073503E+00 -5.233686E-15 -1.830406E+00 -1.414800E-02
        97   1 -4.845809E-02 -6.751011E-02 -8.741995E-01  1.778769E-15 -1.055328E+00  5.383917E-04
        97   2 -1.933452E-01 -2.123972E-01 -8.741995E-01 -1.053579E-14 -1.055328E+00  5.383917E-04
        97   3 -7.573701E-02 -6.751011E-02 -9.651292E-01  4.241680E-15 -1.051509E+00  5.383917E-04
        97   4 -2.206241E-01 -2.123972E-01 -9.651292E-01  2.873396E-15 -1.051509E+00  5.383917E-04
        97   5 -4.845809E-02 -5.668498E-02 -8.381157E-01 -9.988473E-15 -1.055328E+00  4.357130E-03
        97   6 -1.933452E-01 -2.015721E-01 -8.381157E-01 -9.646402E-15 -1.055328E+00  4.357130E-03
        97   7 -7.573701E-02 -5.668498E-02 -9.290454E-01 -1.026213E-14 -1.051509E+00  4.357130E-03
        97   8 -2.206241E-01 -2.015721E-01 -9.290454E-01 -1.600892E-14 -1.051509E+00  4.357130E-03
        98   1  7.384218E-02 -2.806919E-02  8.241583E-01 -1.270740E-16 -3.442205E+00 -9.549623E-04
        98   2  2.095304E-01  1.076191E-01  8.241583E-01  1.590630E-15 -3.442205E+00 -9.549623E-04
        98   3  2.395269E-02 -2.806919E-02  6.578600E-01  6.051717E-16 -3.452403E+00 -9.549623E-04
        98   4  1.596409E-01  1.076191E-01  6.578600E-01 -1.145938E-15 -3.452403E+00 -9.549623E-04
        98   5  7.384218E-02  1.258641E-01  1.337269E+00  1.131774E-16 -3.442205E+00 -1.115281E-02
        98   6  2.095304E-01  2.615523E-01  1.337269E+00  9.749023E-16 -3.442205E+00 -1.115281E-02
        98   7  2.395269E-02  1.258641E-01  1.170971E+00 -1.978934E-16 -3.452403E+00 -1.115281E-02
        98   8  1.596409E-01  2.615523E-01  1.170971E+00  1.077524E-15 -3.452403E+00 -1.115281E-02
        99   1  2.728445E-02  5.517368E-02  3.148798E-01  1.710355E-16 -2.898009E+00  2.381303E-03
        99   2  3.412478E-01  3.691370E-01  3.148798E-01 -4.686373E-15 -2.898009E+00  2.381303E-03
        99   3  3.863071E-02  5.517368E-02  3.527007E-01  3.728574E-15 -2.904783E+00  2.381303E-03
        99   4  3.525940E-01  3.691370E-01  3.527007E-01 -6.054657E-15 -2.904783E+00  2.381303E-03
        99   5  2.728445E-02  1.074149E-02  1.667725E-01 -1.128834E-15 -2.898009E+00 -4.392921E-03
        99   6  3.412478E-01  3.247048E-01  1.667725E-01  4.446923E-16 -2.898009E+00 -4.392921E-03
        99   7  3.863071E-02  1.074149E-02  2.045934E-01  9.338538E-15 -2.904783E+00 -4.392921E-03
        99   8  3.525940E-01  3.247048E-01  2.045934E-01  5.917828E-15 -2.904783E+00 -4.392921E-03
       100   1  4.129199E-01  4.687239E-01  1.724395E-01  3.181260E-15 -1.830352E+00 -2.874341E-03
       100   2  4.898055E-01  5.456095E-01  1.724395E-01 -1.111731E-14 -1.830352E+00 -2.874341E-03
       100   3  4.560738E-01  4.687239E-01  3.162856E-01  3.078639E-15 -1.835121E+00 -2.874341E-03
       100   4  5.329594E-01  5.456095E-01  3.162856E-01 -1.033054E-14 -1.835121E+00 -2.874341E-03
       100   5  4.129199E-01  4.002698E-01 -5.574080E-02  1.005689E-14 -1.830352E+00 -7.642902E-03
       100   6  4.898055E-01  4.771554E-01 -5.574080E-02 -7.593976E-15 -1.830352E+00 -7.642902E-03
       100   7  4.560738E-01  4.002698E-01  8.810534E-02  7.593976E-15 -1.835121E+00 -7.642902E-03
       100   8  5.329594E-01  4.771554E-01  8.810534E-02 -1.525637E-14 -1.835121E+00 -7.642902E-03
       101   1  2.966648E-01  2.699554E-01  2.052958E+00 -1.727459E-15 -1.408779E+00  3.228860E-03
       101   2  5.523047E-01  5.255953E-01  2.052958E+00 -6.670384E-16 -1.408779E+00  3.228860E-03
       101   3  2.634915E-01  2.699554E-01  1.942381E+00  4.104852E-16 -1.413262E+00  3.228860E-03
       101   4  5.191314E-01  5.255953E-01  1.942381E+00 -9.577988E-16 -1.413262E+00  3.228860E-03
       101   5  2.966648E-01  2.902009E-01  2.120443E+00 -2.651050E-15 -1.408779E+00 -1.254639E-03
       101   6  5.523047E-01  5.458408E-01  2.120443E+00  5.131065E-16 -1.408779E+00 -1.254639E-03
       101   7  2.634915E-01  2.902009E-01  2.009866E+00 -2.668154E-15 -1.413262E+00 -1.254639E-03
       101   8  5.191314E-01  5.458408E-01  2.009866E+00 -5.815207E-16 -1.413262E+00 -1.254639E-03
       102   1  3.412111E-01  3.598613E-01  1.028037E+00 -1.693251E-15 -1.652738E+00 -3.490236E-03
       102   2  7.835692E-01  8.022194E-01  1.028037E+00 -2.804982E-15 -1.652738E+00 -3.490236E-03
       102   3  3.483930E-01  3.598613E-01  1.051977E+00  1.590630E-15 -1.654542E+00 -3.490236E-03
       102   4  7.907511E-01  8.022194E-01  1.051977E+00 -1.573527E-15 -1.654542E+00 -3.490236E-03
       102   5  3.412111E-01  3.297428E-01  9.276423E-01 -4.686373E-15 -1.652738E+00 -5.294269E-03
       102   6  7.835692E-01  7.721009E-01  9.276423E-01  3.591745E-15 -1.652738E+00 -5.294269E-03
       102   7  3.483930E-01  3.297428E-01  9.515820E-01  2.069530E-15 -1.654542E+00 -5.294269E-03
       102   8  7.907511E-01  7.721009E-01  9.515820E-01  2.804982E-15 -1.654542E+00 -5.294269E-03
       103   1  6.333777E-01  6.666486E-01  8.146627E-02 -3.899609E-15 -9.680219E-01  1.798144E-03
       103   2  8.388129E-01  8.720838E-01  8.146627E-02 -3.147053E-15 -9.680219E-01  1.798144E-03
       103   3  6.828393E-01  6.666486E-01  2.463385E-01 -3.557538E-15 -9.718029E-01  1.798144E-03
       103   4  8.882745E-01  8.720838E-01  2.463385E-01 -1.026213E-15 -9.718029E-01  1.798144E-03
       103   5  6.333777E-01  6.495684E-01  2.453220E-02 -5.746793E-15 -9.680219E-01 -1.982868E-03
       103   6  8.388129E-01  8.550036E-01  2.453220E-02 -3.420710E-15 -9.680219E-01 -1.982868E-03
       103   7  6.828393E-01  6.495684E-01  1.894045E-01 -5.199479E-15 -9.718029E-01 -1.982868E-03
       103   8  8.882745E-01  8.550036E-01  1.894045E-01 -3.968024E-15 -9.718029E-01 -1.982868E-03
       104   1  9.322339E-03 -1.478793E-02  1.448579E+00 -4.652166E-15 -9.318750E-03 -6.983231E-03
       104   2  3.368789E-01  3.127687E-01  1.448579E+00 -1.086075E-15 -9.318750E-03 -6.983231E-03
       104   3 -3.576609E-02 -1.478793E-02  1.298284E+00 -4.857408E-15 -6.322472E-03 -6.983231E-03
       104   4  2.917905E-01  3.127687E-01  1.298284E+00 -3.078639E-15 -6.322472E-03 -6.983231E-03
       104   5  9.322339E-03 -1.165582E-02  1.459019E+00 -5.336308E-15 -9.318750E-03 -3.986953E-03
       104   6  3.368789E-01  3.159008E-01  1.459019E+00 -6.499349E-16 -9.318750E-03 -3.986953E-03
       104   7 -3.576609E-02 -1.165582E-02  1.308724E+00 -5.404722E-15 -6.322472E-03 -3.986953E-03
       104   8  2.917905E-01  3.159008E-01  1.308724E+00  4.788994E-16 -6.322472E-03 -3.986953E-03
       105   1  2.783711E-01  2.857290E-01  6.189706E-01  9.920059E-16 -6.935535E-03  3.794730E-04
       105   2  7.402710E-01  7.476290E-01  6.189706E-01 -3.369399E-15 -6.935535E-03  3.794730E-04
       105   3  2.903939E-01  2.857290E-01  6.590467E-01 -1.009109E-15 -8.970678E-03  3.794730E-04
       105   4  7.522939E-01  7.476290E-01  6.590467E-01 -1.624837E-15 -8.970678E-03  3.794730E-04
       105   5  2.783711E-01  2.830360E-01  6.099940E-01  1.145938E-15 -6.935535E-03 -1.655671E-03
       105   6  7.402710E-01  7.449360E-01  6.099940E-01  4.977133E-15 -6.935535E-03 -1.655671E-03
       105   7  2.903939E-01  2.830360E-01  6.500701E-01  0.000000E+00 -8.970678E-03 -1.655671E-03
       105   8  7.522939E-01  7.449360E-01  6.500701E-01  5.729689E-15 -8.970678E-03 -1.655671E-03
       106   1  7.677818E-01  7.868852E-01  8.595244E-02  2.548429E-15 -3.417672E-03 -4.319753E-03
       106   2  9.703326E-01  9.894360E-01  8.595244E-02  6.277003E-15 -3.417672E-03 -4.319753E-03
       106   3  8.115961E-01  7.868852E-01  2.319998E-01  2.907603E-16 -4.164722E-03 -4.319753E-03
       106   4  1.014147E+00  9.894360E-01  2.319998E-01  5.079754E-15 -4.164722E-03 -4.319753E-03
       106   5  7.677818E-01  7.924927E-01  1.046439E-01 -1.248559E-15 -3.417672E-03 -5.066803E-03
       106   6  9.703326E-01  9.950434E-01  1.046439E-01  1.761666E-15 -3.417672E-03 -5.066803E-03
       106   7  8.115961E-01  7.924927E-01  2.506912E-01 -2.822086E-15 -4.164722E-03 -5.066803E-03
       106   8  1.014147E+00  9.950434E-01  2.506912E-01  1.145938E-15 -4.164722E-03 -5.066803E-03
       107   1  2.875391E-01  2.886707E-01  2.109534E+00 -3.660160E-15  1.397623E+00  2.637100E-03
       107   2  5.458298E-01  5.469614E-01  2.109534E+00  8.893846E-16  1.397623E+00  2.637100E-03
       107   3  2.641614E-01  2.886707E-01  2.031609E+00 -3.215467E-15  1.393861E+00  2.637100E-03
       107   4  5.224521E-01  5.469614E-01  2.031609E+00  8.209704E-16  1.393861E+00  2.637100E-03
       107   5  2.875391E-01  2.630298E-01  2.024065E+00  7.525562E-16  1.397623E+00 -1.124802E-03
       107   6  5.458298E-01  5.213205E-01  2.024065E+00 -6.157278E-16  1.397623E+00 -1.124802E-03
       107   7  2.641614E-01  2.630298E-01  1.946139E+00 -3.933816E-15  1.393861E+00 -1.124802E-03
       107   8  5.224521E-01  5.213205E-01  1.946139E+00  1.778769E-15  1.393861E+00 -1.124802E-03
       108   1  3.427861E-01  3.275256E-01  9.224038E-01 -2.035322E-15  1.633350E+00 -7.229013E-03
       108   2  7.852454E-01  7.699848E-01  9.224038E-01 -3.386503E-15  1.633350E+00 -7.229013E-03
       108   3  3.472112E-01  3.275256E-01  9.371541E-01 -8.380739E-16  1.641572E+00 -7.229013E-03
       108   4  7.896705E-01  7.699848E-01  9.371541E-01 -5.644171E-16  1.641572E+00 -7.229013E-03
       108   5  3.427861E-01  3.624718E-01  1.038891E+00 -5.592861E-15  1.633350E+00  9.932801E-04
       108   6  7.852454E-01  8.049311E-01  1.038891E+00  1.351180E-15  1.633350E+00  9.932801E-04
       108   7  3.472112E-01  3.624718E-01  1.053642E+00 -4.275887E-16  1.641572E+00  9.932801E-04
       108   8  7.896705E-01  8.049311E-01  1.053642E+00  4.908719E-15  1.641572E+00  9.932801E-04
       109   1  6.421011E-01  6.549472E-01  7.301959E-02 -1.509388E-15  9.526802E-01  9.812067E-04
       109   2  8.451250E-01  8.579711E-01  7.301959E-02  3.040156E-15  9.526802E-01  9.812067E-04
       109   3  6.731980E-01  6.549472E-01  1.766759E-01 -7.995910E-16  9.510153E-01  9.812067E-04
       109   4  8.762219E-01  8.579711E-01  1.766759E-01  2.210634E-15  9.510153E-01  9.812067E-04
       109   5  6.421011E-01  6.603519E-01  9.103514E-02 -1.526492E-15  9.526802E-01 -6.837584E-04
       109   6  8.451250E-01  8.633758E-01  9.103514E-02  2.270496E-15  9.526802E-01 -6.837584E-04
       109   7  6.731980E-01  6.603519E-01  1.946914E-01 -1.227180E-15  9.510153E-01 -6.837584E-04
       109   8  8.762219E-01  8.633758E-01  1.946914E-01  2.604015E-15  9.510153E-01 -6.837584E-04
       110   1  6.377418E-02  1.313759E-01  1.276317E+00  1.197248E-15  3.429526E+00 -6.040479E-03
       110   2  1.958246E-01  2.634263E-01  1.276317E+00  6.242796E-15  3.429526E+00 -6.040479E-03
       110   3  5.179840E-02  1.313759E-01  1.236398E+00  1.949805E-15  3.436852E+00 -6.040479E-03
       110   4  1.838488E-01  2.634263E-01  1.236398E+00  7.029559E-15  3.436852E+00 -6.040479E-03
       110   5  6.377418E-02 -1.580330E-02  7.857201E-01 -5.507343E-15  3.429526E+00  1.284750E-03
       110   6  1.958246E-01  1.162471E-01  7.857201E-01 -3.437814E-15  3.429526E+00  1.284750E-03
       110   7  5.179840E-02 -1.580330E-02  7.458009E-01 -2.394497E-16  3.436852E+00  1.284750E-03
       110   8  1.838488E-01  1.162471E-01  7.458009E-01 -1.077524E-15  3.436852E+00  1.284750E-03
       111   1  3.169624E-02  1.429515E-02  1.925275E-01  2.411601E-15  2.890314E+00 -1.211454E-03
       111   2  3.473318E-01  3.299307E-01  1.925275E-01  3.805540E-15  2.890314E+00 -1.211454E-03
       111   3  3.593464E-02  1.429515E-02  2.066555E-01 -1.761666E-15  2.893724E+00 -1.211454E-03
       111   4  3.515702E-01  3.299307E-01  2.066555E-01  1.530768E-15  2.893724E+00 -1.211454E-03
       111   5  3.169624E-02  5.333573E-02  3.226628E-01  6.670384E-16  2.890314E+00  2.198687E-03
       111   6  3.473318E-01  3.689713E-01  3.226628E-01  1.034765E-15  2.890314E+00  2.198687E-03
       111   7  3.593464E-02  5.333573E-02  3.367908E-01 -1.043317E-15  2.893724E+00  2.198687E-03
       111   8  3.515702E-01  3.689713E-01  3.367908E-01  1.154490E-15  2.893724E+00  2.198687E-03
       112   1  4.280895E-01  3.933748E-01 -2.063985E-02  6.200037E-17  1.825462E+00 -4.284540E-03
       112   2  4.994152E-01  4.647005E-01 -2.063985E-02  2.115495E-15  1.825462E+00 -4.284540E-03
       112   3  4.385135E-01  3.933748E-01  1.410683E-02 -6.734523E-16  1.830344E+00 -4.284540E-03
       112   4  5.098392E-01  4.647005E-01  1.410683E-02  3.703988E-15  1.830344E+00 -4.284540E-03
       112   5  4.280895E-01  4.732282E-01  2.455381E-01  2.452221E-15  1.825462E+00  5.972473E-04
       112   6  4.994152E-01  5.445539E-01  2.455381E-01  5.908208E-15  1.825462E+00  5.972473E-04
       112   7  4.385135E-01  4.732282E-01  2.802848E-01  2.127254E-15  1.830344E+00  5.972473E-04
       112   8  5.098392E-01  5.445539E-01  2.802848E-01  4.999581E-15  1.830344E+00  5.972473E-04
       113   1 -1.531371E+00 -1.450638E+00 -3.770498E+00 -3.147053E-15  2.252143E+00  2.906526E-03
       113   2 -1.262133E+00 -1.181400E+00 -3.770498E+00 -6.567763E-15  2.252143E+00  2.906526E-03
       113   3 -1.519167E+00 -1.450638E+00 -3.729817E+00 -1.915598E-15  2.249893E+00  2.906526E-03
       113   4 -1.249929E+00 -1.181400E+00 -3.729817E+00 -2.736568E-15  2.249893E+00  2.906526E-03
       113   5 -1.531371E+00 -1.599900E+00 -4.268037E+00 -1.094627E-15  2.252143E+00  6.565573E-04
       113   6 -1.262133E+00 -1.330662E+00 -4.268037E+00 -6.157278E-16  2.252143E+00  6.565573E-04
       113   7 -1.519167E+00 -1.599900E+00 -4.227355E+00 -2.326083E-15  2.249893E+00  6.565573E-04
       113   8 -1.249929E+00 -1.330662E+00 -4.227355E+00 -3.147053E-15  2.249893E+00  6.565573E-04
       114   1 -3.080063E-01 -3.482334E-01 -2.056230E+00 -1.026213E-15  1.813171E+00 -5.323543E-03
       114   2 -4.107372E-01 -4.509643E-01 -2.056230E+00 -6.926938E-16  1.813171E+00 -5.323543E-03
       114   3 -3.112076E-01 -3.482334E-01 -2.066901E+00 -3.215467E-15  1.823869E+00 -5.323543E-03
       114   4 -4.139385E-01 -4.509643E-01 -2.066901E+00  1.017661E-15  1.823869E+00 -5.323543E-03
       114   5 -3.080063E-01 -2.709805E-01 -1.798720E+00 -7.730805E-15  1.813171E+00  5.374509E-03
       114   6 -4.107372E-01 -3.737114E-01 -1.798720E+00 -4.019334E-16  1.813171E+00  5.374509E-03
       114   7 -3.112076E-01 -2.709805E-01 -1.809391E+00 -8.825432E-15  1.823869E+00  5.374509E-03
       114   8 -4.139385E-01 -3.737114E-01 -1.809391E+00  7.611080E-16  1.823869E+00  5.374509E-03
       115   1 -5.746989E-02 -5.098579E-02 -8.475245E-01  3.442089E-16  1.050549E+00  2.292357E-03
       115   2 -2.068636E-01 -2.003795E-01 -8.475245E-01 -1.539319E-15  1.050549E+00  2.292357E-03
       115   3 -6.684730E-02 -5.098579E-02 -8.787825E-01  5.344859E-17  1.048981E+00  2.292357E-03
       115   4 -2.162410E-01 -2.003795E-01 -8.787825E-01  1.590630E-15  1.048981E+00  2.292357E-03
       115   5 -5.746989E-02 -7.333140E-02 -9.220099E-01 -1.079662E-15  1.050549E+00  7.252418E-04
       115   6 -2.068636E-01 -2.227251E-01 -9.220099E-01  1.419595E-15  1.050549E+00  7.252418E-04
       115   7 -6.684730E-02 -7.333140E-02 -9.532679E-01  1.776631E-15  1.048981E+00  7.252418E-04
       115   8 -2.162410E-01 -2.227251E-01 -9.532679E-01  2.497118E-15  1.048981E+00  7.252418E-04
       116   1 -1.449892E-01 -2.339958E-01 -6.047371E-01  2.368842E-15 -2.982126E-01 -1.615287E-03
       116   2 -3.234414E-01 -4.124481E-01 -6.047371E-01  1.209007E-15 -2.982126E-01 -1.615287E-03
       116   3 -1.246206E-01 -2.339958E-01 -5.368420E-01  3.001673E-15 -2.929843E-01 -1.615287E-03
       116   4 -3.030729E-01 -4.124481E-01 -5.368420E-01  2.729085E-15 -2.929843E-01 -1.615287E-03
       116   5 -1.449892E-01 -3.561397E-02  5.653569E-02  2.745120E-15 -2.982126E-01  3.612992E-03
       116   6 -3.234414E-01 -2.140663E-01  5.653569E-02  2.265151E-15 -2.982126E-01  3.612992E-03
       116   7 -1.246206E-01 -3.561397E-02  1.244307E-01  1.736010E-15 -2.929843E-01  3.612992E-03
       116   8 -3.030729E-01 -2.140663E-01  1.244307E-01  5.563999E-15 -2.929843E-01  3.612992E-03
       117   1 -2.663581E-01 -2.474805E-01 -7.353829E-02  1.660113E-15  3.827634E-01  3.254528E-03
       117   2 -6.908691E-02 -5.020926E-02 -7.353829E-02  1.659044E-15  3.827634E-01  3.254528E-03
       117   3 -2.711261E-01 -2.474805E-01 -8.943173E-02 -6.841420E-16  3.792887E-01  3.254528E-03
       117   4 -7.385494E-02 -5.020926E-02 -8.943173E-02  1.231456E-15  3.792887E-01  3.254528E-03
       117   5 -2.663581E-01 -2.900038E-01 -2.152827E-01 -2.599740E-15  3.827634E-01 -2.201651E-04
       117   6 -6.908691E-02 -9.273259E-02 -2.152827E-01  2.394497E-15  3.827634E-01 -2.201651E-04
       117   7 -2.711261E-01 -2.900038E-01 -2.311761E-01 -3.302054E-15  3.792887E-01 -2.201651E-04
       117   8 -7.385494E-02 -9.273259E-02 -2.311761E-01  8.038668E-16  3.792887E-01 -2.201651E-04
       118   1  6.736658E-02  2.117994E-02 -4.199878E-02 -1.513664E-15 -1.193757E-01 -1.695650E-04
       118   2 -6.496723E-04 -4.683632E-02 -4.199878E-02 -9.364194E-16 -1.193757E-01 -1.695650E-04
       118   3  4.394299E-02  2.117994E-02 -1.200774E-01  2.651050E-16 -1.168364E-01 -1.695650E-04
       118   4 -2.407327E-02 -4.683632E-02 -1.200774E-01  3.476297E-15 -1.168364E-01 -1.695650E-04
       118   5  6.736658E-02  9.012963E-02  1.878335E-01 -4.019334E-16 -1.193757E-01  2.369659E-03
       118   6 -6.496723E-04  2.211338E-02  1.878335E-01  3.638780E-15 -1.193757E-01  2.369659E-03
       118   7  4.394299E-02  9.012963E-02  1.097549E-01  2.060978E-15 -1.168364E-01  2.369659E-03
       118   8 -2.407327E-02  2.211338E-02  1.097549E-01  1.791597E-15 -1.168364E-01  2.369659E-03
       119   1 -2.177211E-02  3.771810E-04 -2.138226E-02 -5.277579E-02  7.662390E-15 -5.430776E-02
       119   2  2.533108E-02  3.771810E-04  2.572093E-02 -5.277579E-02 -5.199479E-15 -5.430776E-02
       119   3 -2.177211E-02 -2.991681E-03 -2.239292E-02 -5.277579E-02  1.094627E-14  8.243887E-02
       119   4  2.533108E-02 -2.991681E-03  2.471027E-02 -5.277579E-02 -1.915598E-15  8.243887E-02
       119   5 -2.200308E-02 -3.927214E-04 -2.138226E-02  4.345333E-02 -2.736568E-15 -5.430776E-02
       119   6  2.510011E-02 -3.927214E-04  2.572093E-02  4.345333E-02  9.577988E-16 -5.430776E-02
       119   7 -2.200308E-02 -3.761583E-03 -2.239292E-02  4.345333E-02  1.094627E-15  8.243887E-02
       119   8  2.510011E-02 -3.761583E-03  2.471027E-02  4.345333E-02  1.641941E-15  8.243887E-02
       120   1 -2.118218E-02  1.005378E-03 -2.071729E-02  2.934611E-02 -1.039896E-14  4.141539E-02
       120   2 -5.232639E-02  1.005378E-03 -5.186150E-02  2.934611E-02  0.000000E+00  4.141539E-02
       120   3 -2.118218E-02 -1.603576E-03 -2.149998E-02  2.934611E-02  5.473136E-15 -2.709127E-02
       120   4 -5.232639E-02 -1.603576E-03 -5.264419E-02  2.934611E-02  6.020450E-15 -2.709127E-02
       120   5 -2.103509E-02  1.495669E-03 -2.071729E-02 -1.886228E-02 -3.283882E-15  4.141539E-02
       120   6 -5.217930E-02  1.495669E-03 -5.186150E-02 -1.886228E-02 -4.925822E-15  4.141539E-02
       120   7 -2.103509E-02 -1.113286E-03 -2.149998E-02 -1.886228E-02  8.209704E-15 -2.709127E-02
       120   8 -5.217930E-02 -1.113286E-03 -5.264419E-02 -1.886228E-02  2.736568E-15 -2.709127E-02
       121   1  1.279378E-01  7.284869E-02  1.272937E-01  4.895744E-02  5.473136E-15  9.535360E-02
       121   2  1.203472E-01  7.284869E-02  1.197031E-01  4.895744E-02 -1.970329E-14  9.535360E-02
       121   3  1.279378E-01  7.658198E-02  1.284137E-01  4.895744E-02  4.104852E-15 -8.569503E-02
       121   4  1.203472E-01  7.658198E-02  1.208231E-01  4.895744E-02 -1.423015E-14 -8.569503E-02
       121   5  1.277696E-01  7.228810E-02  1.272937E-01 -7.844716E-02 -1.067262E-14  9.535360E-02
       121   6  1.201790E-01  7.228810E-02  1.197031E-01 -7.844716E-02  1.094627E-15  9.535360E-02
       121   7  1.277696E-01  7.602139E-02  1.284137E-01 -7.844716E-02 -1.204090E-14 -8.569503E-02
       121   8  1.201790E-01  7.602139E-02  1.208231E-01 -7.844716E-02  2.189254E-15 -8.569503E-02
       122   1  6.661481E-02  7.512328E-04  6.743379E-02  2.160513E-03  2.517643E-14 -1.332330E-02
       122   2  1.101532E-01  7.512328E-04  1.109722E-01  2.160513E-03 -8.757018E-15 -1.332330E-02
       122   3  6.661481E-02 -2.753074E-03  6.638250E-02  2.160513E-03 -1.204090E-14  1.712861E-02
       122   4  1.101532E-01 -2.753074E-03  1.099209E-01  2.160513E-03 -3.064956E-14  1.712861E-02
       122   5  6.720148E-02  2.706805E-03  6.743379E-02  2.358963E-02 -1.204090E-14 -1.332330E-02
       122   6  1.107399E-01  2.706805E-03  1.109722E-01  2.358963E-02  1.641941E-14 -1.332330E-02
       122   7  6.720148E-02 -7.975014E-04  6.638250E-02  2.358963E-02 -3.612270E-14  1.712861E-02
       122   8  1.107399E-01 -7.975014E-04  1.099209E-01  2.358963E-02 -7.662390E-15  1.712861E-02
       123   1 -3.134607E-01 -6.963958E-03 -3.146804E-01 -4.942117E-02 -6.786689E-14 -7.665945E-02
       123   2 -3.974694E-01 -6.963958E-03 -3.986890E-01 -4.942117E-02 -4.378509E-14 -7.665945E-02
       123   3 -3.134607E-01  5.902210E-03 -3.108205E-01 -4.942117E-02 -7.224539E-14  3.675862E-02
       123   4 -3.974694E-01  5.902210E-03 -3.948292E-01 -4.942117E-02 -3.502807E-14  3.675862E-02
       123   5 -3.120401E-01 -2.228612E-03 -3.146804E-01  3.039154E-02 -5.692061E-14 -7.665945E-02
       123   6 -3.960488E-01 -2.228612E-03 -3.986890E-01  3.039154E-02 -3.174419E-14 -7.665945E-02
       123   7 -3.120401E-01  1.063756E-02 -3.108205E-01  3.039154E-02 -7.224539E-14  3.675862E-02
       123   8 -3.960488E-01  1.063756E-02 -3.948292E-01  3.039154E-02 -2.298717E-14  3.675862E-02
       124   1  3.998397E-01  1.344501E-03  4.030162E-01  3.062352E-02 -8.757018E-15  2.513065E-02
       124   2  4.600814E-01  1.344501E-03  4.632579E-01  3.062352E-02 -2.846031E-14  2.513065E-02
       124   3  3.998397E-01 -1.121837E-02  3.992473E-01  3.062352E-02 -2.079792E-14 -3.272897E-02
       124   4  4.600814E-01 -1.121837E-02  4.594890E-01  3.062352E-02 -1.313553E-14 -3.272897E-02
       124   5  4.024238E-01  9.958066E-03  4.030162E-01 -1.009250E-02 -4.487971E-14  2.513065E-02
       124   6  4.626655E-01  9.958066E-03  4.632579E-01 -1.009250E-02 -5.473136E-15  2.513065E-02
       124   7  4.024238E-01 -2.604802E-03  3.992473E-01 -1.009250E-02 -3.721732E-14 -3.272897E-02
       124   8  4.626655E-01 -2.604802E-03  4.594890E-01 -1.009250E-02  1.313553E-14 -3.272897E-02
       125   1 -7.009206E-01 -1.424492E-02 -6.999644E-01  2.167099E-02 -5.746793E-15  4.472935E-02
       125   2 -6.922256E-01 -1.424492E-02 -6.912694E-01  2.167099E-02  4.980554E-14  4.472935E-02
       125   3 -7.009206E-01 -1.155327E-02 -6.991569E-01  2.167099E-02 -2.079792E-14 -3.271405E-02
       125   4 -6.922256E-01 -1.155327E-02 -6.904619E-01  2.167099E-02  2.380814E-14 -3.271405E-02
       125   5 -6.982007E-01 -5.178508E-03 -6.999644E-01 -3.282622E-02  1.532478E-14  4.472935E-02
       125   6 -6.895057E-01 -5.178508E-03 -6.912694E-01 -3.282622E-02  2.134523E-14  4.472935E-02
       125   7 -6.982007E-01 -2.486863E-03 -6.991569E-01 -3.282622E-02 -8.209704E-15 -3.271405E-02
       125   8 -6.895057E-01 -2.486863E-03 -6.904619E-01 -3.282622E-02  1.121993E-14 -3.271405E-02
       126   1  8.085641E-01 -3.608918E-03  8.121539E-01 -1.272015E-02 -2.736568E-14 -2.836837E-02
       126   2  8.599450E-01 -3.608918E-03  8.635348E-01 -1.272015E-02 -3.283882E-15 -2.836837E-02
       126   3  8.085641E-01 -1.055366E-02  8.100705E-01 -1.272015E-02 -2.627105E-14  2.394238E-02
       126   4  8.599450E-01 -1.055366E-02  8.614514E-01 -1.272015E-02  3.283882E-15  2.394238E-02
       126   5  8.136603E-01  1.337857E-02  8.121539E-01  2.409112E-02 -2.408180E-14 -2.836837E-02
       126   6  8.650412E-01  1.337857E-02  8.635348E-01  2.409112E-02  3.283882E-14 -2.836837E-02
       126   7  8.136603E-01  6.433837E-03  8.100705E-01  2.409112E-02 -1.423015E-14  2.394238E-02
       126   8  8.650412E-01  6.433837E-03  8.614514E-01  2.409112E-02  8.757018E-15  2.394238E-02
       127   1 -6.670652E-01  3.043110E-03 -6.652671E-01 -2.388278E-02  1.860866E-14 -4.050420E-02
       127   2 -7.075019E-01  3.043110E-03 -7.057039E-01 -2.388278E-02  1.676148E-14 -4.050420E-02
       127   3 -6.670652E-01  1.567667E-03 -6.657097E-01 -2.388278E-02 -2.736568E-15  2.158536E-02
       127   4 -7.075019E-01  1.567667E-03 -7.061465E-01 -2.388278E-02  2.668154E-15  2.158536E-02
       127   5 -6.639117E-01  1.355476E-02 -6.652671E-01  1.980988E-02  3.557538E-14 -4.050420E-02
       127   6 -7.043484E-01  1.355476E-02 -7.057039E-01  1.980988E-02  6.841420E-17 -4.050420E-02
       127   7 -6.639117E-01  1.207932E-02 -6.657097E-01  1.980988E-02  4.323777E-14  2.158536E-02
       127   8 -7.043484E-01  1.207932E-02 -7.061465E-01  1.980988E-02 -1.046737E-14  2.158536E-02
       128   1  9.631964E-01 -9.540143E-03  9.659605E-01  1.687520E-02 -1.094627E-15  1.789448E-02
       128   2  9.837659E-01 -9.540143E-03  9.865300E-01  1.687520E-02  1.600892E-14  1.789448E-02
       128   3  9.631964E-01 -9.689373E-03  9.659157E-01  1.687520E-02 -4.050121E-14 -2.433602E-02
       128   4  9.837659E-01 -9.689373E-03  9.864852E-01  1.687520E-02  3.885927E-14 -2.433602E-02
       128   5  9.686798E-01  8.737771E-03  9.659605E-01 -1.284256E-02  6.020450E-15  1.789448E-02
       128   6  9.892493E-01  8.737771E-03  9.865300E-01 -1.284256E-02  3.968024E-14  1.789448E-02
       128   7  9.686798E-01  8.588540E-03  9.659157E-01 -1.284256E-02  1.313553E-14 -2.433602E-02
       128   8  9.892493E-01  8.588540E-03  9.864852E-01 -1.284256E-02  1.710355E-14 -2.433602E-02
       129   1 -6.913447E-01 -8.024905E-03 -6.898995E-01  1.606217E-02 -3.010225E-14  2.250397E-02
       129   2 -6.906714E-01 -8.024905E-03 -6.892263E-01  1.606217E-02  2.243986E-14  2.250397E-02
       129   3 -6.913447E-01 -7.455855E-03 -6.897288E-01  1.606217E-02 -7.115077E-15 -1.869058E-02
       129   4 -6.906714E-01 -7.455855E-03 -6.890556E-01  1.606217E-02  3.229150E-14 -1.869058E-02
       129   5 -6.882837E-01  2.178540E-03 -6.898995E-01 -1.292659E-02 -4.323777E-14  2.250397E-02
       129   6 -6.876104E-01  2.178540E-03 -6.892263E-01 -1.292659E-02 -3.448076E-14  2.250397E-02
       129   7 -6.882837E-01  2.747590E-03 -6.897288E-01 -1.292659E-02 -2.353448E-14 -1.869058E-02
       129   8 -6.876104E-01  2.747590E-03 -6.890556E-01 -1.292659E-02 -2.134523E-14 -1.869058E-02
       130   1  8.436223E-01 -1.016471E-02  8.452181E-01 -1.772010E-02 -1.915598E-15 -2.456283E-02
       130   2  8.670867E-01 -1.016471E-02  8.686824E-01 -1.772010E-02 -6.020450E-15 -2.456283E-02
       130   3  8.436223E-01 -3.958410E-03  8.470800E-01 -1.772010E-02 -6.020450E-15  2.209518E-02
       130   4  8.670867E-01 -3.958410E-03  8.705443E-01 -1.772010E-02 -2.298717E-14  2.209518E-02
       130   5  8.486757E-01  6.680005E-03  8.452181E-01  1.511332E-02 -6.020450E-15 -2.456283E-02
       130   6  8.721401E-01  6.680005E-03  8.686824E-01  1.511332E-02 -1.641941E-15 -2.456283E-02
       130   7  8.486757E-01  1.288630E-02  8.470800E-01  1.511332E-02 -1.477747E-14  2.209518E-02
       130   8  8.721401E-01  1.288630E-02  8.705443E-01  1.511332E-02 -2.462911E-14  2.209518E-02
       131   1 -4.101974E-01 -3.684311E-03 -4.068993E-01 -1.276791E-02  4.378509E-15 -2.506105E-02
       131   2 -4.232577E-01 -3.684311E-03 -4.199595E-01 -1.276791E-02  3.940658E-14 -2.506105E-02
       131   3 -4.101974E-01 -1.809357E-02 -4.112220E-01 -1.276791E-02  4.378509E-15  1.897657E-02
       131   4 -4.232577E-01 -1.809357E-02 -4.242823E-01 -1.276791E-02  3.721732E-14  1.897657E-02
       131   5 -4.079239E-01  3.894007E-03 -4.068993E-01  1.822153E-02  3.721732E-14 -2.506105E-02
       131   6 -4.209842E-01  3.894007E-03 -4.199595E-01  1.822153E-02  1.751404E-14 -2.506105E-02
       131   7 -4.079239E-01 -1.051525E-02 -4.112220E-01  1.822153E-02  4.378509E-14  1.897657E-02
       131   8 -4.209842E-01 -1.051525E-02 -4.242823E-01  1.822153E-02  0.000000E+00  1.897657E-02
       132   1  4.713735E-01 -1.077095E-02  4.707456E-01  9.053303E-03 -8.757018E-15  1.570983E-02
       132   2  4.730279E-01 -1.077095E-02  4.724000E-01  9.053303E-03  1.094627E-14  1.570983E-02
       132   3  4.713735E-01  1.515725E-03  4.744316E-01  9.053303E-03  1.313553E-14 -1.755436E-02
       132   4  4.730279E-01  1.515725E-03  4.760860E-01  9.053303E-03  1.423015E-14 -1.755436E-02
       132   5  4.738037E-01 -2.670336E-03  4.707456E-01 -1.435484E-02  7.662390E-15  1.570983E-02
       132   6  4.754581E-01 -2.670336E-03  4.724000E-01 -1.435484E-02 -2.189254E-15  1.570983E-02
       132   7  4.738037E-01  9.616335E-03  4.744316E-01 -1.435484E-02  2.846031E-14 -1.755436E-02
       132   8  4.754581E-01  9.616335E-03  4.760860E-01 -1.435484E-02  0.000000E+00 -1.755436E-02
       133   1  8.623522E-02  1.201199E-02  8.792147E-02  1.356464E-02  2.846031E-14  1.797192E-02
       133   2  9.179878E-02  1.201199E-02  9.348503E-02  1.356464E-02  2.846031E-14  1.797192E-02
       133   3  8.623522E-02  4.674174E-03  8.572012E-02  1.356464E-02  2.189254E-14 -1.175698E-02
       133   4  9.179878E-02  4.674174E-03  9.128369E-02  1.356464E-02  2.517643E-14 -1.175698E-02
       133   5  8.740637E-02  1.591586E-02  8.792147E-02 -7.355697E-03  1.423015E-14  1.797192E-02
       133   6  9.296994E-02  1.591586E-02  9.348503E-02 -7.355697E-03  4.159583E-14  1.797192E-02
       133   7  8.740637E-02  8.578037E-03  8.572012E-02 -7.355697E-03  7.662390E-15 -1.175698E-02
       133   8  9.296994E-02  8.578037E-03  9.128369E-02 -7.355697E-03  3.831195E-14 -1.175698E-02
       134   1  1.153295E-01 -2.398604E-03  1.146970E-01 -1.715916E-02  8.209704E-15 -1.924245E-02
       134   2  1.184412E-01 -2.398604E-03  1.178087E-01 -1.715916E-02  9.851645E-15 -1.924245E-02
       134   3  1.153295E-01  2.014340E-03  1.160209E-01 -1.715916E-02  2.189254E-14  2.096701E-02
       134   4  1.184412E-01  2.014340E-03  1.191326E-01 -1.715916E-02  1.368284E-14  2.096701E-02
       134   5  1.153884E-01 -2.202353E-03  1.146970E-01  1.113638E-02 -5.473136E-16 -1.924245E-02
       134   6  1.185001E-01 -2.202353E-03  1.178087E-01  1.113638E-02  2.462911E-14 -1.924245E-02
       134   7  1.153884E-01  2.210591E-03  1.160209E-01  1.113638E-02  1.094627E-14  2.096701E-02
       134   8  1.185001E-01  2.210591E-03  1.191326E-01  1.113638E-02  2.517643E-14  2.096701E-02
       135   1  3.125927E-02 -9.577197E-03  3.035957E-02 -1.052674E-02  1.039896E-14 -1.439422E-02
       135   2  3.133725E-02 -9.577197E-03  3.043755E-02 -1.052674E-02  4.549544E-15 -1.439422E-02
       135   3  3.125927E-02 -8.903177E-04  3.296564E-02 -1.052674E-02  6.841420E-15  1.831513E-02
       135   4  3.133725E-02 -8.903177E-04  3.304362E-02 -1.052674E-02  2.770775E-15  1.831513E-02
       135   5  3.206595E-02 -6.888260E-03  3.035957E-02  1.249095E-02  5.199479E-15 -1.439422E-02
       135   6  3.214393E-02 -6.888260E-03  3.043755E-02  1.249095E-02  1.994274E-14 -1.439422E-02
       135   7  3.206595E-02  1.798619E-03  3.296564E-02  1.249095E-02  2.736568E-15  1.831513E-02
       135   8  3.214393E-02  1.798619E-03  3.304362E-02  1.249095E-02  1.050158E-14  1.831513E-02
       136   1 -4.573814E-02 -1.086326E-03 -4.654768E-02  1.060701E-02 -6.020450E-15  1.790016E-02
       136   2 -5.001154E-02 -1.086326E-03 -5.082108E-02  1.060701E-02  5.473136E-16  1.790016E-02
       136   3 -4.573814E-02  2.550461E-03 -4.545664E-02  1.060701E-02 -8.209704E-15 -1.498859E-02
       136   4 -5.001154E-02  2.550461E-03 -4.973005E-02  1.060701E-02 -1.204090E-14 -1.498859E-02
       136   5 -4.626618E-02 -2.846462E-03 -4.654768E-02 -1.253693E-02 -1.039896E-14  1.790016E-02
       136   6 -5.053958E-02 -2.846462E-03 -5.082108E-02 -1.253693E-02 -8.209704E-15  1.790016E-02
       136   7 -4.626618E-02  7.903257E-04 -4.545664E-02 -1.253693E-02 -7.115077E-15 -1.498859E-02
       136   8 -5.053958E-02  7.903257E-04 -4.973005E-02 -1.253693E-02 -8.757018E-15 -1.498859E-02
