
                        S T E P       1


                                INCREMENT     1


 displacements (vx,vy,vz) for set ALLN and time  0.1000000E+01

         1 -2.017107E-12  6.925530E-12  1.576336E+00
         2 -2.013467E-12  4.001193E-12  9.118337E-01
         3 -1.968584E-12  3.441460E-15 -3.775616E-02
         4 -2.182268E-12 -7.864127E-12 -3.295855E+00
         5 -2.256879E-12 -1.941212E-11 -8.489255E+00
         6 -2.297594E-12 -2.997511E-11 -1.127541E+01
         7 -2.295164E-12 -3.997589E-11 -1.053170E+01
         8 -2.287873E-12 -5.076417E-11 -5.900351E+00
         9 -2.267467E-12 -6.000592E-11  2.738005E-03
        10 -2.264123E-12 -6.561430E-11  3.700322E+00
        11 -2.261123E-12 -6.979538E-11  6.403574E+00
        12  8.988453E-12  7.019293E-12  3.427755E+00
        13  8.993972E-12  4.068748E-12  2.094026E+00
        14  9.039612E-12 -5.635203E-15  1.058892E-01
        15  9.171105E-12 -8.075901E-12 -3.954149E+00
        16  9.276075E-12 -1.948910E-11 -8.523461E+00
        17  9.279434E-12 -3.003407E-11 -1.074026E+01
        18  9.275972E-12 -3.999390E-11 -9.882409E+00
        19  9.268758E-12 -5.071826E-11 -5.523064E+00
        20  9.261102E-12 -5.999894E-11  8.116193E-02
        21  9.254961E-12 -6.560355E-11  3.713505E+00
        22  9.253528E-12 -6.978579E-11  6.410905E+00
        23  1.407928E-13  3.942287E-12  8.601123E-01
        24  0.000000E+00  0.000000E+00  0.000000E+00
        25  4.183833E-13 -7.755822E-12 -3.226323E+00
        26  4.805708E-13 -1.951652E-11 -8.786265E+00
        27  4.834920E-13 -2.992124E-11 -1.138226E+01
        28  4.052407E-13 -4.000574E-11 -1.071984E+01
        29  3.682463E-13 -5.074232E-11 -5.970889E+00
        30  3.197623E-13 -6.002051E-11  0.000000E+00
        31  3.094666E-13 -6.560338E-11  3.654592E+00
        32  2.956957E-13 -6.979634E-11  6.339522E+00
        33  6.975076E-12  4.066385E-12  1.773032E+00
        34  6.885963E-12  0.000000E+00  0.000000E+00
        35  6.682484E-12 -8.025720E-12 -4.002355E+00
        36  6.506591E-12 -1.949912E-11 -8.778023E+00
        37  6.553489E-12 -3.003108E-11 -1.105553E+01
        38  6.582580E-12 -3.999277E-11 -1.022622E+01
        39  6.642959E-12 -5.073022E-11 -5.743960E+00
        40  6.672593E-12 -6.000320E-11  0.000000E+00
        41  6.688094E-12 -6.560741E-11  3.619044E+00
        42  6.688066E-12 -6.978890E-11  6.313542E+00
        43  0.000000E+00  0.000000E+00  0.000000E+00
        44  0.000000E+00  0.000000E+00  0.000000E+00
        45  0.000000E+00  0.000000E+00  0.000000E+00
        46  0.000000E+00  0.000000E+00  0.000000E+00
        47  0.000000E+00  0.000000E+00  0.000000E+00
        48  0.000000E+00  0.000000E+00  0.000000E+00
        49  0.000000E+00  0.000000E+00  0.000000E+00
        50  0.000000E+00  0.000000E+00  0.000000E+00
        51  0.000000E+00  0.000000E+00  0.000000E+00
        52  0.000000E+00  0.000000E+00  0.000000E+00
        53  0.000000E+00  0.000000E+00  0.000000E+00
        54  0.000000E+00  0.000000E+00  0.000000E+00
        55  0.000000E+00  0.000000E+00  0.000000E+00
        56  0.000000E+00  0.000000E+00  0.000000E+00
        57  0.000000E+00  0.000000E+00  0.000000E+00
        58  0.000000E+00  0.000000E+00  0.000000E+00
        59  0.000000E+00  0.000000E+00  0.000000E+00
        60  0.000000E+00  0.000000E+00  0.000000E+00
        61  0.000000E+00  0.000000E+00  0.000000E+00
        62  0.000000E+00  0.000000E+00  0.000000E+00
        63  0.000000E+00  0.000000E+00  0.000000E+00
        64  0.000000E+00  0.000000E+00  0.000000E+00
        65  0.000000E+00  0.000000E+00  0.000000E+00
        66  0.000000E+00  0.000000E+00  0.000000E+00
        67  0.000000E+00  0.000000E+00  0.000000E+00
        68  0.000000E+00  0.000000E+00  0.000000E+00
        69  0.000000E+00  0.000000E+00  0.000000E+00
        70  0.000000E+00  0.000000E+00  0.000000E+00
        71  0.000000E+00  0.000000E+00  0.000000E+00
        72  0.000000E+00  0.000000E+00  0.000000E+00
        73  0.000000E+00  0.000000E+00  0.000000E+00
        74  0.000000E+00  0.000000E+00  0.000000E+00
        75  0.000000E+00  0.000000E+00  0.000000E+00
        76  0.000000E+00  0.000000E+00  0.000000E+00
        77  0.000000E+00  0.000000E+00  0.000000E+00
        78  0.000000E+00  0.000000E+00  0.000000E+00
        79  0.000000E+00  0.000000E+00  0.000000E+00
        80  0.000000E+00  0.000000E+00  0.000000E+00
        81  0.000000E+00  0.000000E+00  0.000000E+00
        82  0.000000E+00  0.000000E+00  0.000000E+00
        83  1.217412E-13  6.944181E-12  1.771730E+00
        84  1.350200E-12  6.955069E-12  1.971781E+00
        85  3.436413E-12  6.971465E-12  2.366818E+00
        86  5.547840E-12  6.988736E-12  2.794111E+00
        87  6.820247E-12  6.999858E-12  3.047414E+00
        88  1.706758E-12  3.959260E-12  8.886494E-01
        89  4.018475E-12  4.002139E-12  1.149490E+00
        90  5.972863E-12  4.043572E-12  1.546979E+00
        91  5.344562E-13  2.998985E-15 -1.246871E-02
        92  2.790701E-12  1.680297E-15 -3.890788E-02
        93  5.542412E-12  2.484775E-15 -2.608202E-02
        94  2.052442E-12 -7.799510E-12 -3.295043E+00
        95  3.985985E-12 -7.887122E-12 -3.600864E+00
        96  5.572900E-12 -7.972903E-12 -3.907219E+00
        97  0.000000E+00  0.000000E+00  0.000000E+00
        98  0.000000E+00  0.000000E+00  0.000000E+00
        99  1.589727E-12 -1.951495E-11 -8.933130E+00
       100  3.298991E-12 -1.950966E-11 -9.004339E+00
       101  5.135149E-12 -1.950367E-11 -8.897026E+00
       102  0.000000E+00  0.000000E+00  0.000000E+00
       103  0.000000E+00  0.000000E+00  0.000000E+00
       104  1.922820E-12 -2.994197E-11 -1.141536E+01
       105  3.767597E-12 -2.997655E-11 -1.137995E+01
       106  5.383458E-12 -3.001279E-11 -1.121247E+01
       107  0.000000E+00  0.000000E+00  0.000000E+00
       108  0.000000E+00  0.000000E+00  0.000000E+00
       109  1.569272E-12 -4.000468E-11 -1.077033E+01
       110  3.379670E-12 -4.000181E-11 -1.068187E+01
       111  5.280535E-12 -3.999551E-11 -1.042504E+01
       112  0.000000E+00  0.000000E+00  0.000000E+00
       113  0.000000E+00  0.000000E+00  0.000000E+00
       114  1.693746E-12 -5.073819E-11 -5.993331E+00
       115  3.628320E-12 -5.073380E-11 -5.971248E+00
       116  5.440984E-12 -5.073159E-11 -5.852981E+00
       117  0.000000E+00  0.000000E+00  0.000000E+00
       118  0.000000E+00  0.000000E+00  0.000000E+00
       119  1.530654E-12 -6.001819E-11 -8.693203E-03
       120  3.458636E-12 -6.001218E-11 -3.317595E-02
       121  5.412726E-12 -6.000663E-11 -2.274863E-02
       122  1.607148E-12 -6.560386E-11  3.620903E+00
       123  3.596845E-12 -6.560438E-11  3.576841E+00
       124  5.486056E-12 -6.560681E-11  3.588052E+00
       125  1.511076E-12 -6.979627E-11  6.307844E+00
       126  3.454462E-12 -6.979548E-11  6.279469E+00
       127  5.431544E-12 -6.979150E-11  6.286852E+00
       128  0.000000E+00  0.000000E+00  0.000000E+00
       129  0.000000E+00  0.000000E+00  0.000000E+00
       130  0.000000E+00  0.000000E+00  0.000000E+00
       131  0.000000E+00  0.000000E+00  0.000000E+00
       132  0.000000E+00  0.000000E+00  0.000000E+00
       133  0.000000E+00  0.000000E+00  0.000000E+00
       134  0.000000E+00  0.000000E+00  0.000000E+00
       135  0.000000E+00  0.000000E+00  0.000000E+00
       136  0.000000E+00  0.000000E+00  0.000000E+00
       137  0.000000E+00  0.000000E+00  0.000000E+00
       138  0.000000E+00  0.000000E+00  0.000000E+00
       139  0.000000E+00  0.000000E+00  0.000000E+00
       140  0.000000E+00  0.000000E+00  0.000000E+00
       141  0.000000E+00  0.000000E+00  0.000000E+00
       142  0.000000E+00  0.000000E+00  0.000000E+00
       143  0.000000E+00  0.000000E+00  0.000000E+00
       144  0.000000E+00  0.000000E+00  0.000000E+00
       145  0.000000E+00  0.000000E+00  0.000000E+00
       146  0.000000E+00  0.000000E+00  0.000000E+00
       147  0.000000E+00  0.000000E+00  0.000000E+00
       148  0.000000E+00  0.000000E+00  0.000000E+00
       149  0.000000E+00  0.000000E+00  0.000000E+00
       150  0.000000E+00  0.000000E+00  0.000000E+00
       151  0.000000E+00  0.000000E+00  0.000000E+00
       152  0.000000E+00  0.000000E+00  0.000000E+00
       153  0.000000E+00  0.000000E+00  0.000000E+00
       154  0.000000E+00  0.000000E+00  0.000000E+00
       155  0.000000E+00  0.000000E+00  0.000000E+00

 stresses (elem, integ.pnt.,sxx,syy,szz,sxy,sxz,syz) for set ALLE and time  0.1000000E+01

         1   1 -8.076464E-01 -2.422939E-01 -3.309575E-12  3.410106E-01 -6.803815E-01 -1.915598E-14
         1   2 -8.076464E-01 -2.422939E-01 -7.498169E-12  3.410106E-01 -6.803815E-01  3.365979E-14
         1   3 -8.076464E-01 -2.422939E-01  4.469480E-12  3.410106E-01  5.415730E-01 -2.681837E-14
         1   4 -8.076464E-01 -2.422939E-01 -1.450839E-12  3.410106E-01  5.415730E-01  1.559844E-14
         1   5  8.076464E-01  2.422939E-01 -3.609890E-12 -3.410106E-01 -6.803815E-01  4.378509E-15
         1   6  8.076464E-01  2.422939E-01 -7.674306E-12 -3.410106E-01 -6.803815E-01  7.689756E-14
         1   7  8.076464E-01  2.422939E-01  4.353573E-12 -3.410106E-01  5.415730E-01 -5.473136E-16
         1   8  8.076464E-01  2.422939E-01 -1.749267E-12 -3.410106E-01  5.415730E-01  7.771853E-14
         2   1  2.252379E+00  6.757136E-01  7.020828E-12 -3.988173E-01  1.356353E+00  1.039896E-13
         2   2  2.252379E+00  6.757136E-01  1.370881E-11 -3.988173E-01  1.356353E+00  0.000000E+00
         2   3  2.252379E+00  6.757136E-01 -2.448264E-12 -3.988173E-01 -7.274218E-02  1.198617E-13
         2   4  2.252379E+00  6.757136E-01  3.834488E-12 -3.988173E-01 -7.274218E-02 -9.851645E-15
         2   5 -2.252379E+00 -6.757136E-01  6.988854E-12  3.988173E-01  1.356353E+00  1.100100E-13
         2   6 -2.252379E+00 -6.757136E-01  1.371658E-11  3.988173E-01  1.356353E+00  4.378509E-15
         2   7 -2.252379E+00 -6.757136E-01 -2.357670E-12  3.988173E-01 -7.274218E-02  1.026213E-13
         2   8 -2.252379E+00 -6.757136E-01  3.804734E-12  3.988173E-01 -7.274218E-02 -1.094627E-15
         3   1  1.294127E+01  3.882382E+00 -2.144951E-12 -5.903748E-03  1.858998E-01  1.784242E-13
         3   2  1.294127E+01  3.882382E+00 -7.434053E-13 -5.903748E-03  1.858998E-01  6.129912E-14
         3   3  1.294127E+01  3.882382E+00 -7.108092E-12 -5.903748E-03  1.647447E-01  1.751404E-13
         3   4  1.294127E+01  3.882382E+00 -7.744916E-12 -5.903748E-03  1.647447E-01  5.582599E-14
         3   5 -1.294127E+01 -3.882382E+00 -1.794120E-12  5.903748E-03  1.858998E-01  1.685726E-13
         3   6 -1.294127E+01 -3.882382E+00 -5.062617E-13  5.903748E-03  1.858998E-01  2.517643E-14
         3   7 -1.294127E+01 -3.882382E+00 -6.744827E-12  5.903748E-03  1.647447E-01  1.620048E-13
         3   8 -1.294127E+01 -3.882382E+00 -7.505108E-12  5.903748E-03  1.647447E-01  1.970329E-14
         4   1 -1.642698E+00 -4.928093E-01  7.446377E-12  1.012244E+00 -2.740196E+00 -2.750251E-14
         4   2 -1.642698E+00 -4.928093E-01  6.134981E-12  1.012244E+00 -2.740196E+00  8.319167E-14
         4   3 -1.642698E+00 -4.928093E-01 -1.789457E-12  1.012244E+00  8.870138E-01  1.491430E-14
         4   4 -1.642698E+00 -4.928093E-01 -4.234058E-12  1.012244E+00  8.870138E-01  9.413794E-14
         4   5  1.642698E+00  4.928093E-01  9.068635E-12 -1.012244E+00 -2.740196E+00  7.115077E-15
         4   6  1.642698E+00  4.928093E-01  8.218093E-12 -1.012244E+00 -2.740196E+00 -1.510586E-13
         4   7  1.642698E+00  4.928093E-01 -9.013901E-13 -1.012244E+00  8.870138E-01  5.048968E-14
         4   8  1.642698E+00  4.928093E-01 -3.591238E-12 -1.012244E+00  8.870138E-01 -1.007057E-13
         5   1 -1.345570E+01 -4.036710E+00 -2.885692E-12 -1.619005E-01  4.081927E-01  1.882759E-13
         5   2 -1.345570E+01 -4.036710E+00 -4.337863E-12 -1.619005E-01  4.081927E-01  4.378509E-14
         5   3 -1.345570E+01 -4.036710E+00  5.903722E-12 -1.619005E-01 -1.719508E-01  1.707618E-13
         5   4 -1.345570E+01 -4.036710E+00  2.918554E-12 -1.619005E-01 -1.719508E-01 -5.692061E-14
         5   5  1.345570E+01  4.036710E+00 -5.459633E-12  1.619005E-01  4.081927E-01 -5.692061E-14
         5   6  1.345570E+01  4.036710E+00 -4.272138E-12  1.619005E-01  4.081927E-01 -2.145469E-13
         5   7  1.345570E+01  4.036710E+00  4.554579E-12  1.619005E-01 -1.719508E-01 -7.443465E-14
         5   8  1.345570E+01  4.036710E+00  3.780087E-12  1.619005E-01 -1.719508E-01 -2.320610E-13
         6   1 -1.482033E+01 -4.446098E+00  9.583445E-13  1.502093E-01 -4.436882E-01  2.101684E-13
         6   2 -1.482033E+01 -4.446098E+00  3.620215E-12  1.502093E-01 -4.436882E-01 -2.627105E-14
         6   3 -1.482033E+01 -4.446098E+00 -3.890221E-13  1.502093E-01  9.456176E-02  1.970329E-13
         6   4 -1.482033E+01 -4.446098E+00  2.149392E-12  1.502093E-01  9.456176E-02 -4.816360E-14
         6   5  1.482033E+01  4.446098E+00  1.865175E-13 -1.502093E-01 -4.436882E-01  8.757018E-15
         6   6  1.482033E+01  4.446098E+00  2.727596E-12 -1.502093E-01 -4.436882E-01  7.005614E-14
         6   7  1.482033E+01  4.446098E+00 -1.657341E-12 -1.502093E-01  9.456176E-02 -1.313553E-14
         6   8  1.482033E+01  4.446098E+00 -2.057909E-12 -1.502093E-01  9.456176E-02  5.692061E-14
         7   1 -1.162674E+01 -3.488022E+00 -3.312906E-13 -3.583639E-01  9.855166E-01  2.189254E-14
         7   2 -1.162674E+01 -3.488022E+00 -4.086509E-12 -3.583639E-01  9.855166E-01 -1.225982E-13
         7   3 -1.162674E+01 -3.488022E+00 -1.259437E-12 -3.583639E-01 -2.986208E-01  3.940658E-14
         7   4 -1.162674E+01 -3.488022E+00  2.035705E-12 -3.583639E-01 -2.986208E-01 -3.721732E-14
         7   5  1.162674E+01  3.488022E+00 -1.810996E-12  3.583639E-01  9.855166E-01 -1.050842E-13
         7   6  1.162674E+01  3.488022E+00 -3.173461E-12  3.583639E-01  9.855166E-01  4.378509E-14
         7   7  1.162674E+01  3.488022E+00  2.042810E-13  3.583639E-01 -2.986208E-01 -9.632719E-14
         7   8  1.162674E+01  3.488022E+00  2.030376E-12  3.583639E-01 -2.986208E-01  1.291660E-13
         8   1 -2.013968E+00 -6.041905E-01 -8.550938E-13 -2.805369E-01  7.911470E-01 -2.189254E-14
         8   2 -2.013968E+00 -6.041905E-01 -7.354117E-13 -2.805369E-01  7.911470E-01  1.609102E-13
         8   3 -2.013968E+00 -6.041905E-01  9.103829E-14 -2.805369E-01 -2.141101E-01 -7.881316E-14
         8   4 -2.013968E+00 -6.041905E-01  7.012169E-13 -2.805369E-01 -2.141101E-01  9.632719E-14
         8   5  2.013968E+00  6.041905E-01 -1.896261E-13  2.805369E-01  7.911470E-01  1.466800E-13
         8   6  2.013968E+00  6.041905E-01  5.373479E-14  2.805369E-01  7.911470E-01  1.499639E-13
         8   7  2.013968E+00  6.041905E-01  5.158096E-13  2.805369E-01 -2.141101E-01  8.975943E-14
         8   8  2.013968E+00  6.041905E-01  1.372236E-12  2.805369E-01 -2.141101E-01  1.302606E-13
         9   1  1.720114E+00  5.160341E-01 -2.813083E-12  7.546536E-02 -1.835244E-01  1.204090E-14
         9   2  1.720114E+00  5.160341E-01  1.173950E-12  7.546536E-02 -1.835244E-01  1.773296E-13
         9   3  1.720114E+00  5.160341E-01  8.583134E-13  7.546536E-02  8.689316E-02  1.860866E-14
         9   4  1.720114E+00  5.160341E-01  1.294298E-12  7.546536E-02  8.689316E-02  1.488693E-13
         9   5 -1.720114E+00 -5.160341E-01 -2.738143E-12 -7.546536E-02 -1.835244E-01 -3.721732E-14
         9   6 -1.720114E+00 -5.160341E-01  1.555200E-12 -7.546536E-02 -1.835244E-01  3.043064E-13
         9   7 -1.720114E+00 -5.160341E-01  8.720802E-13 -7.546536E-02  8.689316E-02 -4.925822E-14
         9   8 -1.720114E+00 -5.160341E-01  1.305733E-12 -7.546536E-02  8.689316E-02  2.911708E-13
        10   1  4.493966E-01  1.348190E-01  4.353268E-12  1.042475E-01 -2.759214E-01  3.885927E-13
        10   2  4.493966E-01  1.348190E-01 -8.634482E-13  1.042475E-01 -2.759214E-01 -3.590377E-13
        10   3  4.493966E-01  1.348190E-01 -3.632733E-12  1.042475E-01  9.763222E-02  4.290939E-13
        10   4  4.493966E-01  1.348190E-01  9.889034E-13  1.042475E-01  9.763222E-02 -2.692783E-13
        10   5 -4.493966E-01 -1.348190E-01  3.243711E-12 -1.042475E-01 -2.759214E-01  3.010225E-13
        10   6 -4.493966E-01 -1.348190E-01  2.134404E-12 -1.042475E-01 -2.759214E-01 -2.714675E-13
        10   7 -4.493966E-01 -1.348190E-01 -2.780914E-12 -1.042475E-01  9.763222E-02  3.459022E-13
        10   8 -4.493966E-01 -1.348190E-01  1.244282E-13 -1.042475E-01  9.763222E-02 -3.502807E-13
        11   1  8.076464E-01  2.422939E-01 -4.570788E-13  2.538515E-01 -3.854130E-01  1.313553E-14
        11   2  8.076464E-01  2.422939E-01 -8.062995E-13  2.538515E-01 -3.854130E-01  1.751404E-13
        11   3  8.076464E-01  2.422939E-01  2.408074E-13  2.538515E-01  5.242215E-01  1.313553E-14
        11   4  8.076464E-01  2.422939E-01 -3.660128E-12  2.538515E-01  5.242215E-01  1.138412E-13
        11   5 -8.076464E-01 -2.422939E-01  3.322342E-13 -2.538515E-01 -3.854130E-01  3.064956E-14
        11   6 -8.076464E-01 -2.422939E-01 -9.313661E-13 -2.538515E-01 -3.854130E-01  1.620048E-13
        11   7 -8.076464E-01 -2.422939E-01  6.602496E-13 -2.538515E-01  5.242215E-01 -3.064956E-14
        11   8 -8.076464E-01 -2.422939E-01 -3.855027E-12 -2.538515E-01  5.242215E-01  1.313553E-13
        12   1  4.123359E+00  1.237008E+00  2.394085E-12  5.759086E-01 -7.513571E-01  2.802246E-13
        12   2  4.123359E+00  1.237008E+00  1.842970E-13  5.759086E-01 -7.513571E-01  4.378509E-15
        12   3  4.123359E+00  1.237008E+00  4.205525E-13  5.759086E-01  1.312315E+00  2.408180E-13
        12   4  4.123359E+00  1.237008E+00 -2.846612E-12  5.759086E-01  1.312315E+00  1.313553E-14
        12   5 -4.123359E+00 -1.237008E+00  2.325251E-12 -5.759086E-01 -7.513571E-01  2.714675E-13
        12   6 -4.123359E+00 -1.237008E+00  3.330669E-14 -5.759086E-01 -7.513571E-01  1.313553E-14
        12   7 -4.123359E+00 -1.237008E+00  7.212009E-13 -5.759086E-01  1.312315E+00  2.408180E-13
        12   8 -4.123359E+00 -1.237008E+00 -3.102407E-12 -5.759086E-01  1.312315E+00  8.757018E-15
        13   1  4.338353E+00  1.301506E+00  5.254019E-12  8.229448E-03 -2.177387E-01  1.970329E-13
        13   2  4.338353E+00  1.301506E+00  6.871392E-12  8.229448E-03 -2.177387E-01 -1.313553E-14
        13   3  4.338353E+00  1.301506E+00 -3.821832E-12  8.229448E-03 -1.882499E-01  1.882759E-13
        13   4  4.338353E+00  1.301506E+00 -4.882761E-12  8.229448E-03 -1.882499E-01 -3.940658E-14
        13   5 -4.338353E+00 -1.301506E+00  5.321965E-12 -8.229448E-03 -2.177387E-01  1.620048E-13
        13   6 -4.338353E+00 -1.301506E+00  7.180923E-12 -8.229448E-03 -2.177387E-01 -1.050842E-13
        13   7 -4.338353E+00 -1.301506E+00 -3.629985E-12 -8.229448E-03 -1.882499E-01  1.620048E-13
        13   8 -4.338353E+00 -1.301506E+00 -4.814815E-12 -8.229448E-03 -1.882499E-01 -1.094627E-13
        14   1 -3.939285E+00 -1.181786E+00  1.698197E-12 -3.256950E-01  2.714270E-01 -1.138412E-13
        14   2 -3.939285E+00 -1.181786E+00  3.561151E-12 -3.256950E-01  2.714270E-01 -9.632719E-14
        14   3 -3.939285E+00 -1.181786E+00 -3.788081E-12 -3.256950E-01 -8.956466E-01 -8.757018E-14
        14   4 -3.939285E+00 -1.181786E+00  6.217249E-15 -3.256950E-01 -8.956466E-01 -4.816360E-14
        14   5  3.939285E+00  1.181786E+00  1.601386E-12  3.256950E-01  2.714270E-01 -1.444908E-13
        14   6  3.939285E+00  1.181786E+00  3.065104E-12  3.256950E-01  2.714270E-01 -1.532478E-13
        14   7  3.939285E+00  1.181786E+00 -4.744649E-12  3.256950E-01 -8.956466E-01 -1.138412E-13
        14   8  3.939285E+00  1.181786E+00 -2.668088E-12  3.256950E-01 -8.956466E-01 -1.488693E-13
        15   1 -1.111950E+01 -3.335849E+00 -6.137313E-12 -1.665972E-01  1.520347E-01  2.627105E-14
        15   2 -1.111950E+01 -3.335849E+00 -3.653078E-12 -1.665972E-01  1.520347E-01  1.313553E-13
        15   3 -1.111950E+01 -3.335849E+00 -2.504663E-12 -1.665972E-01 -4.449387E-01  4.378509E-14
        15   4 -1.111950E+01 -3.335849E+00 -1.552536E-12 -1.665972E-01 -4.449387E-01 -1.401123E-13
        15   5  1.111950E+01  3.335849E+00 -5.952572E-12  1.665972E-01  1.520347E-01 -1.488693E-13
        15   6  1.111950E+01  3.335849E+00 -1.012523E-12  1.665972E-01  1.520347E-01 -6.129912E-14
        15   7  1.111950E+01  3.335849E+00  1.314504E-13  1.665972E-01 -4.449387E-01 -1.313553E-13
        15   8  1.111950E+01  3.335849E+00  1.821654E-12  1.665972E-01 -4.449387E-01 -4.378509E-14
        16   1 -1.343214E+01 -4.029643E+00 -2.092548E-12  1.860206E-02 -4.160899E-02  2.627105E-14
        16   2 -1.343214E+01 -4.029643E+00 -2.255085E-12  1.860206E-02 -4.160899E-02 -2.627105E-13
        16   3 -1.343214E+01 -4.029643E+00  7.656098E-13  1.860206E-02  2.504840E-02  4.378509E-14
        16   4 -1.343214E+01 -4.029643E+00 -2.827960E-12  1.860206E-02  2.504840E-02 -6.129912E-14
        16   5  1.343214E+01  4.029643E+00 -2.025047E-13 -1.860206E-02 -4.160899E-02 -3.502807E-14
        16   6  1.343214E+01  4.029643E+00  1.845635E-12 -1.860206E-02 -4.160899E-02  2.627105E-14
        16   7  1.343214E+01  4.029643E+00  3.143263E-12 -1.860206E-02  2.504840E-02 -2.627105E-14
        16   8  1.343214E+01  4.029643E+00  2.001066E-12 -1.860206E-02  2.504840E-02  3.502807E-14
        17   1 -1.031722E+01 -3.095166E+00  7.966960E-13  3.288428E-01 -3.849888E-01  2.627105E-14
        17   2 -1.031722E+01 -3.095166E+00 -7.984724E-13  3.288428E-01 -3.849888E-01 -1.094627E-13
        17   3 -1.031722E+01 -3.095166E+00 -1.871392E-12  3.288428E-01  7.933645E-01  1.751404E-14
        17   4 -1.031722E+01 -3.095166E+00  2.113865E-12  3.288428E-01  7.933645E-01 -9.194868E-14
        17   5  1.031722E+01  3.095166E+00  3.810285E-13 -3.288428E-01 -3.849888E-01 -2.364395E-13
        17   6  1.031722E+01  3.095166E+00 -5.977441E-13 -3.288428E-01 -3.849888E-01 -4.816360E-14
        17   7  1.031722E+01  3.095166E+00 -1.061373E-12 -3.288428E-01  7.933645E-01 -3.853088E-13
        17   8  1.031722E+01  3.095166E+00  2.679634E-12 -3.288428E-01  7.933645E-01 -5.692061E-14
        18   1 -2.981945E+00 -8.945835E-01 -6.477041E-13  4.096488E-01 -4.683475E-01 -3.502807E-14
        18   2 -2.981945E+00 -8.945835E-01 -1.762146E-12  4.096488E-01 -4.683475E-01  1.532478E-13
        18   3 -2.981945E+00 -8.945835E-01  1.850298E-12  4.096488E-01  9.995608E-01 -8.757018E-14
        18   4 -2.981945E+00 -8.945835E-01  1.350031E-12  4.096488E-01  9.995608E-01  9.194868E-14
        18   5  2.981945E+00  8.945835E-01  1.374456E-13 -4.096488E-01 -4.683475E-01  1.050842E-13
        18   6  2.981945E+00  8.945835E-01 -8.539836E-13 -4.096488E-01 -4.683475E-01  1.182197E-13
        18   7  2.981945E+00  8.945835E-01  7.969181E-13 -4.096488E-01  9.995608E-01 -7.881316E-14
        18   8  2.981945E+00  8.945835E-01  1.767031E-12 -4.096488E-01  9.995608E-01  6.129912E-14
        19   1  6.753642E-01  2.026092E-01 -1.665779E-12  7.007218E-02 -1.435234E-01  4.378509E-14
        19   2  6.753642E-01  2.026092E-01  2.387923E-12  7.007218E-02 -1.435234E-01  3.305774E-13
        19   3  6.753642E-01  2.026092E-01  1.710299E-13  7.007218E-02  1.075686E-01  3.502807E-14
        19   4  6.753642E-01  2.026092E-01  1.150191E-12  7.007218E-02  1.075686E-01  3.261989E-13
        19   5 -6.753642E-01 -2.026092E-01 -1.375455E-12 -7.007218E-02 -1.435234E-01 -3.283882E-14
        19   6 -6.753642E-01 -2.026092E-01  2.430611E-12 -7.007218E-02 -1.435234E-01  3.656055E-13
        19   7 -6.753642E-01 -2.026092E-01  5.832002E-13 -7.007218E-02  1.075686E-01 -3.940658E-14
        19   8 -6.753642E-01 -2.026092E-01  1.560918E-12 -7.007218E-02  1.075686E-01  3.568485E-13
        20   1  1.511139E-01  4.533416E-02  3.478551E-12  6.217936E-03 -4.878242E-02  4.093906E-13
        20   2  1.511139E-01  4.533416E-02 -9.756501E-13  6.217936E-03 -4.878242E-02 -3.677947E-13
        20   3  1.511139E-01  4.533416E-02 -3.125000E-12  6.217936E-03 -2.650149E-02  5.713954E-13
        20   4  1.511139E-01  4.533416E-02 -2.943770E-12  6.217936E-03 -2.650149E-02 -2.627105E-13
        20   5 -1.511139E-01 -4.533416E-02  3.083506E-12 -6.217936E-03 -4.878242E-02  3.393344E-13
        20   6 -1.511139E-01 -4.533416E-02 -1.057335E-12 -6.217936E-03 -4.878242E-02 -4.597434E-13
        20   7 -1.511139E-01 -4.533416E-02 -2.414624E-12 -6.217936E-03 -2.650149E-02  3.809303E-13
        20   8 -1.511139E-01 -4.533416E-02 -1.007874E-12 -6.217936E-03 -2.650149E-02 -5.495029E-13
        21   1 -1.277004E+01 -3.831012E+00 -2.423839E-11 -4.180965E-01 -9.320756E-01  1.784242E-13
        21   2 -1.277004E+01 -3.831012E+00 -4.169554E-11 -4.180965E-01 -9.320756E-01 -8.757018E-15
        21   3 -1.277004E+01 -3.831012E+00  2.730083E-11 -4.180965E-01 -2.249713E+00  2.189254E-13
        21   4 -1.277004E+01 -3.831012E+00  9.021228E-12 -4.180965E-01 -2.249713E+00 -4.652166E-15
        21   5  1.277004E+01  3.831012E+00 -2.449507E-11  4.180965E-01 -9.320756E-01  1.806135E-13
        21   6  1.277004E+01  3.831012E+00 -4.172662E-11  4.180965E-01 -9.320756E-01  2.462911E-15
        21   7  1.277004E+01  3.831012E+00  2.687095E-11  4.180965E-01 -2.249713E+00  2.156416E-13
        21   8  1.277004E+01  3.831012E+00  8.962608E-12  4.180965E-01 -2.249713E+00  6.294106E-15
        22   1  1.825525E+01  5.476574E+00  2.717826E-11 -1.074131E-01 -2.677680E+00  1.713092E-13
        22   2  1.825525E+01  5.476574E+00  2.537703E-11 -1.074131E-01 -2.677680E+00 -4.652166E-14
        22   3  1.825525E+01  5.476574E+00 -6.933121E-12 -1.074131E-01 -3.016194E+00  1.710355E-13
        22   4  1.825525E+01  5.476574E+00 -1.111466E-11 -1.074131E-01 -3.016194E+00 -1.313553E-14
        22   5 -1.825525E+01 -5.476574E+00  2.710543E-11  1.074131E-01 -2.677680E+00  2.904867E-13
        22   6 -1.825525E+01 -5.476574E+00  2.545697E-11  1.074131E-01 -2.677680E+00  1.111047E-13
        22   7 -1.825525E+01 -5.476574E+00 -7.101875E-12  1.074131E-01 -3.016194E+00  2.891184E-13
        22   8 -1.825525E+01 -5.476574E+00 -1.140954E-11  1.074131E-01 -3.016194E+00  1.105573E-13
        23   1 -6.987356E+00 -2.096207E+00 -1.752909E-11  1.286072E+00 -1.052912E+00  4.487971E-14
        23   2 -6.987356E+00 -2.096207E+00 -2.606804E-13  1.286072E+00 -1.052912E+00  1.576263E-13
        23   3 -6.987356E+00 -2.096207E+00 -4.324985E-12  1.286072E+00  3.000162E+00  1.510586E-13
        23   4 -6.987356E+00 -2.096207E+00  7.736922E-12  1.286072E+00  3.000162E+00  1.751404E-14
        23   5  6.987356E+00  2.096207E+00 -1.568612E-11 -1.286072E+00 -1.052912E+00  9.851645E-15
        23   6  6.987356E+00  2.096207E+00  2.267075E-12 -1.286072E+00 -1.052912E+00  0.000000E+00
        23   7  6.987356E+00  2.096207E+00 -1.866951E-12 -1.286072E+00  3.000162E+00 -5.692061E-14
        23   8  6.987356E+00  2.096207E+00  1.032330E-11 -1.286072E+00  3.000162E+00  6.129912E-14
        24   1 -6.070906E+00 -1.821272E+00  9.365841E-12 -9.798004E-01  7.153586E-01  3.590377E-13
        24   2 -6.070906E+00 -1.821272E+00  5.056400E-12 -9.798004E-01  7.153586E-01  3.940658E-13
        24   3 -6.070906E+00 -1.821272E+00  2.461142E-12 -9.798004E-01 -2.372497E+00  2.189254E-13
        24   4 -6.070906E+00 -1.821272E+00 -3.811174E-12 -9.798004E-01 -2.372497E+00  1.707618E-13
        24   5  6.070906E+00  1.821272E+00  8.072210E-12  9.798004E-01  7.153586E-01  1.488693E-13
        24   6  6.070906E+00  1.821272E+00  8.179679E-12  9.798004E-01  7.153586E-01 -8.757018E-15
        24   7  6.070906E+00  1.821272E+00  3.128164E-12  9.798004E-01 -2.372497E+00  2.627105E-14
        24   8  6.070906E+00  1.821272E+00 -1.179501E-12  9.798004E-01 -2.372497E+00 -1.269768E-13
        25   1 -1.166651E+01 -3.499953E+00 -6.567191E-12  3.204567E-01 -7.988525E-02  9.851645E-14
        25   2 -1.166651E+01 -3.499953E+00 -1.327827E-12  3.204567E-01 -7.988525E-02  2.364395E-13
        25   3 -1.166651E+01 -3.499953E+00  1.199041E-13  3.204567E-01  9.300390E-01  4.575542E-13
        25   4 -1.166651E+01 -3.499953E+00  5.485390E-12  3.204567E-01  9.300390E-01  3.021171E-13
        25   5  1.166651E+01  3.499953E+00 -2.287059E-12 -3.204567E-01 -7.988525E-02 -1.707618E-13
        25   6  1.166651E+01  3.499953E+00  7.540635E-13 -3.204567E-01 -7.988525E-02 -1.050842E-13
        25   7  1.166651E+01  3.499953E+00 -4.973799E-13 -3.204567E-01  9.300390E-01 -1.970329E-14
        25   8  1.166651E+01  3.499953E+00  8.792966E-12 -3.204567E-01  9.300390E-01 -2.320610E-13
        26   1 -7.726936E+00 -2.318081E+00  6.596501E-12 -4.083412E-01  4.837037E-01 -1.269768E-13
        26   2 -7.726936E+00 -2.318081E+00  2.517098E-12 -4.083412E-01  4.837037E-01  1.751404E-13
        26   3 -7.726936E+00 -2.318081E+00  2.543743E-12 -4.083412E-01 -8.031899E-01  1.269768E-13
        26   4 -7.726936E+00 -2.318081E+00  1.283418E-12 -4.083412E-01 -8.031899E-01  1.773296E-13
        26   5  7.726936E+00  2.318081E+00  5.755396E-12  4.083412E-01  4.837037E-01 -3.240096E-13
        26   6  7.726936E+00  2.318081E+00 -5.275780E-13  4.083412E-01  4.837037E-01  7.005614E-14
        26   7  7.726936E+00  2.318081E+00  2.193801E-12  4.083412E-01 -8.031899E-01  4.203368E-13
        26   8  7.726936E+00  2.318081E+00 -1.025846E-12  4.083412E-01 -8.031899E-01  1.269768E-13
        27   1 -1.370953E+00 -4.112860E-01 -1.919909E-12 -2.418583E-01  9.086633E-01 -2.156416E-13
        27   2 -1.370953E+00 -4.112860E-01 -3.293366E-12 -2.418583E-01  9.086633E-01  1.101469E-13
        27   3 -1.370953E+00 -4.112860E-01  1.926903E-12 -2.418583E-01  1.464433E-01 -2.014114E-13
        27   4 -1.370953E+00 -4.112860E-01  2.392531E-12 -2.418583E-01  1.464433E-01  1.256085E-13
        27   5  1.370953E+00  4.112860E-01 -3.396394E-12  2.418583E-01  9.086633E-01 -1.335445E-13
        27   6  1.370953E+00  4.112860E-01 -3.849587E-12  2.418583E-01  9.086633E-01  2.956862E-13
        27   7  1.370953E+00  4.112860E-01  1.188050E-12  2.418583E-01  1.464433E-01 -1.193144E-13
        27   8  1.370953E+00  4.112860E-01  1.654121E-12  2.418583E-01  1.464433E-01  3.479546E-13
        28   1  2.293505E+00  6.880515E-01 -1.056932E-13  3.611301E-01 -1.084567E+00  5.733110E-14
        28   2  2.293505E+00  6.880515E-01  3.730349E-12  3.611301E-01 -1.084567E+00  3.141580E-13
        28   3  2.293505E+00  6.880515E-01  1.216804E-13  3.611301E-01  5.354027E-02  6.697750E-14
        28   4  2.293505E+00  6.880515E-01 -1.131317E-12  3.611301E-01  5.354027E-02  3.459022E-13
        28   5 -2.293505E+00 -6.880515E-01  6.841194E-13 -3.611301E-01 -1.084567E+00  1.676148E-14
        28   6 -2.293505E+00 -6.880515E-01  4.457545E-12 -3.611301E-01 -1.084567E+00  5.221372E-13
        28   7 -2.293505E+00 -6.880515E-01  7.336354E-13 -3.611301E-01  5.354027E-02  1.546161E-14
        28   8 -2.293505E+00 -6.880515E-01  4.605205E-13 -3.611301E-01  5.354027E-02  5.221372E-13
        29   1 -1.323854E+00 -3.971561E-01  1.140976E-12  1.615087E-01 -6.272880E-02  8.997836E-13
        29   2 -1.323854E+00 -3.971561E-01 -7.699064E-12  1.615087E-01 -6.272880E-02 -5.232318E-13
        29   3 -1.323854E+00 -3.971561E-01 -5.928591E-12  1.615087E-01  4.462682E-01  9.391901E-13
        29   4 -1.323854E+00 -3.971561E-01 -3.427592E-12  1.615087E-01  4.462682E-01 -3.656055E-13
        29   5  1.323854E+00  3.971561E-01  3.483769E-12 -1.615087E-01 -6.272880E-02  9.490418E-13
        29   6  1.323854E+00  3.971561E-01 -4.309664E-12 -1.615087E-01 -6.272880E-02 -6.173697E-13
        29   7  1.323854E+00  3.971561E-01 -6.773804E-12 -1.615087E-01  4.462682E-01  1.026760E-12
        29   8  1.323854E+00  3.971561E-01 -1.694533E-12 -1.615087E-01  4.462682E-01 -4.356616E-13
        30   1  2.206244E+00  6.618733E-01 -1.111555E-12  1.904851E+00 -2.696931E+00  4.466079E-13
        30   2  2.206244E+00  6.618733E-01  1.130873E-12  1.904851E+00 -2.696931E+00 -2.189254E-14
        30   3  2.206244E+00  6.618733E-01 -3.038458E-12  1.904851E+00  3.306237E+00  3.853088E-13
        30   4  2.206244E+00  6.618733E-01 -2.006617E-12  1.904851E+00  3.306237E+00  2.189254E-15
        30   5 -2.206244E+00 -6.618733E-01 -1.229461E-12 -1.904851E+00 -2.696931E+00  4.903930E-13
        30   6 -2.206244E+00 -6.618733E-01  1.155742E-12 -1.904851E+00 -2.696931E+00  8.757018E-15
        30   7 -2.206244E+00 -6.618733E-01 -3.038236E-12 -1.904851E+00  3.306237E+00  4.553649E-13
        30   8 -2.206244E+00 -6.618733E-01 -2.028600E-12 -1.904851E+00  3.306237E+00  1.970329E-14
        31   1  5.055490E+00  1.516647E+00  7.260859E-13  4.768053E-01 -9.395101E-01  2.627105E-13
        31   2  5.055490E+00  1.516647E+00  4.980460E-12  4.768053E-01 -9.395101E-01  1.609102E-13
        31   3  5.055490E+00  1.516647E+00 -1.428191E-12  4.768053E-01  5.631491E-01  3.026644E-13
        31   4  5.055490E+00  1.516647E+00 -3.286260E-14  4.768053E-01  5.631491E-01  2.003168E-13
        31   5 -5.055490E+00 -1.516647E+00  3.828049E-13 -4.768053E-01 -9.395101E-01  2.337029E-13
        31   6 -5.055490E+00 -1.516647E+00  3.837375E-12 -4.768053E-01 -9.395101E-01  2.189254E-14
        31   7 -5.055490E+00 -1.516647E+00 -1.836753E-12 -4.768053E-01  5.631491E-01  2.780353E-13
        31   8 -5.055490E+00 -1.516647E+00 -9.370282E-13 -4.768053E-01  5.631491E-01  6.129912E-14
        32   1 -3.296090E+00 -9.888270E-01  5.314638E-12 -1.043641E+00  1.481427E+00  9.112771E-14
        32   2 -3.296090E+00 -9.888270E-01  1.810108E-12 -1.043641E+00  1.481427E+00  3.196311E-13
        32   3 -3.296090E+00 -9.888270E-01  1.260547E-12 -1.043641E+00 -1.807623E+00 -1.016635E-13
        32   4 -3.296090E+00 -9.888270E-01 -5.614620E-12 -1.043641E+00 -1.807623E+00  2.495750E-13
        32   5  3.296090E+00  9.888270E-01  2.557954E-12  1.043641E+00  1.481427E+00  2.863818E-13
        32   6  3.296090E+00  9.888270E-01 -2.358114E-12  1.043641E+00  1.481427E+00  4.072013E-13
        32   7  3.296090E+00  9.888270E-01 -1.249001E-12  1.043641E+00 -1.807623E+00  2.319241E-13
        32   8  3.296090E+00  9.888270E-01 -7.146062E-12  1.043641E+00 -1.807623E+00  3.546592E-13
        33   1 -7.702411E+00 -2.310723E+00 -2.868816E-13 -3.150041E-01  4.475842E-01  2.714675E-13
        33   2 -7.702411E+00 -2.310723E+00  1.242562E-12 -3.150041E-01  4.475842E-01  1.138412E-13
        33   3 -7.702411E+00 -2.310723E+00  5.910827E-12 -3.150041E-01 -5.451561E-01  2.539535E-13
        33   4 -7.702411E+00 -2.310723E+00  3.027800E-12 -3.150041E-01 -5.451561E-01  7.881316E-14
        33   5  7.702411E+00  2.310723E+00  1.765699E-12  3.150041E-01  4.475842E-01  5.429351E-13
        33   6  7.702411E+00  2.310723E+00  2.556177E-12  3.150041E-01  4.475842E-01  2.889816E-13
        33   7  7.702411E+00  2.310723E+00  4.042988E-12  3.150041E-01 -5.451561E-01  5.429351E-13
        33   8  7.702411E+00  2.310723E+00  2.134293E-12  3.150041E-01 -5.451561E-01  2.714675E-13
        34   1 -9.365548E+00 -2.809664E+00  3.108624E-12 -1.991589E-01  3.154894E-01 -5.341781E-13
        34   2 -9.365548E+00 -2.809664E+00  3.199219E-12 -1.991589E-01  3.154894E-01 -3.940658E-13
        34   3 -9.365548E+00 -2.809664E+00  2.438938E-12 -1.991589E-01 -3.121629E-01  3.853088E-13
        34   4 -9.365548E+00 -2.809664E+00  2.033929E-13 -1.991589E-01 -3.121629E-01  7.881316E-14
        34   5  9.365548E+00  2.809664E+00 -3.064216E-13  1.991589E-01  3.154894E-01 -4.378509E-14
        34   6  9.365548E+00  2.809664E+00 -1.440625E-12  1.991589E-01  3.154894E-01 -4.203368E-13
        34   7  9.365548E+00  2.809664E+00  2.462031E-12  1.991589E-01 -3.121629E-01 -3.502807E-14
        34   8  9.365548E+00  2.809664E+00  7.140954E-13  1.991589E-01 -3.121629E-01 -4.203368E-13
        35   1 -7.694874E+00 -2.308462E+00  2.581935E-12  5.309811E-01 -7.836749E-01 -4.816360E-13
        35   2 -7.694874E+00 -2.308462E+00  2.042810E-13  5.309811E-01 -7.836749E-01 -2.145469E-13
        35   3 -7.694874E+00 -2.308462E+00  7.949197E-13  5.309811E-01  8.897201E-01 -2.451965E-13
        35   4 -7.694874E+00 -2.308462E+00  4.789058E-12  5.309811E-01  8.897201E-01  6.567763E-14
        35   5  7.694874E+00  2.308462E+00  1.683986E-12 -5.309811E-01 -7.836749E-01 -5.692061E-13
        35   6  7.694874E+00  2.308462E+00 -2.049028E-12 -5.309811E-01 -7.836749E-01 -1.707618E-13
        35   7  7.694874E+00  2.308462E+00  1.857181E-12 -5.309811E-01  8.897201E-01 -3.327667E-13
        35   8  7.694874E+00  2.308462E+00  4.520828E-13 -5.309811E-01  8.897201E-01  1.707618E-13
        36   1 -1.525681E+00 -4.577043E-01 -8.421042E-13  6.575930E-01 -7.536907E-01 -1.050842E-13
        36   2 -1.525681E+00 -4.577043E-01 -1.282752E-12  6.575930E-01 -7.536907E-01  1.138412E-13
        36   3 -1.525681E+00 -4.577043E-01  8.004708E-14  6.575930E-01  1.318723E+00 -1.138412E-13
        36   4 -1.525681E+00 -4.577043E-01  8.041345E-13  6.575930E-01  1.318723E+00  9.632719E-14
        36   5  1.525681E+00  4.577043E-01 -3.869127E-13 -6.575930E-01 -7.536907E-01 -1.007057E-13
        36   6  1.525681E+00  4.577043E-01 -2.055134E-12 -6.575930E-01 -7.536907E-01  2.583320E-13
        36   7  1.525681E+00  4.577043E-01 -4.432010E-13 -6.575930E-01  1.318723E+00 -1.182197E-13
        36   8  1.525681E+00  4.577043E-01  2.785550E-13 -6.575930E-01  1.318723E+00  2.014114E-13
        37   1  1.069812E+00  3.209437E-01 -2.830181E-12 -1.245957E-01 -6.108107E-02  2.517643E-14
        37   2  1.069812E+00  3.209437E-01  3.050227E-12 -1.245957E-01 -6.108107E-02  2.944547E-13
        37   3  1.069812E+00  3.209437E-01  6.243894E-13 -1.245957E-01 -4.537463E-01 -1.751404E-14
        37   4  1.069812E+00  3.209437E-01  2.750022E-12 -1.245957E-01 -4.537463E-01  4.006336E-13
        37   5 -1.069812E+00 -3.209437E-01 -2.580158E-12  1.245957E-01 -6.108107E-02 -5.473136E-15
        37   6 -1.069812E+00 -3.209437E-01  3.147815E-12  1.245957E-01 -6.108107E-02  4.072013E-13
        37   7 -1.069812E+00 -3.209437E-01  1.087797E-12  1.245957E-01 -4.537463E-01 -3.940658E-14
        37   8 -1.069812E+00 -3.209437E-01  3.456901E-12  1.245957E-01 -4.537463E-01  5.122855E-13
        38   1 -7.773605E-01 -2.332081E-01  4.629297E-12 -2.661976E-02  1.551736E-01  6.830474E-13
        38   2 -7.773605E-01 -2.332081E-01  3.263501E-13 -2.661976E-02  1.551736E-01 -1.007057E-12
        38   3 -7.773605E-01 -2.332081E-01 -5.436873E-12 -2.661976E-02  7.128099E-02  8.538092E-13
        38   4 -7.773605E-01 -2.332081E-01 -2.070566E-13 -2.661976E-02  7.128099E-02 -5.144748E-13
        38   5  7.773605E-01  2.332081E-01  3.959444E-12  2.661976E-02  1.551736E-01  7.027507E-13
        38   6  7.773605E-01  2.332081E-01 -3.409828E-12  2.661976E-02  1.551736E-01 -7.158862E-13
        38   7  7.773605E-01  2.332081E-01 -5.735690E-12  2.661976E-02  7.128099E-02  7.662390E-13
        38   8  7.773605E-01  2.332081E-01 -1.733780E-12  2.661976E-02  7.128099E-02 -4.093906E-13
        39   1  0.000000E+00  0.000000E+00  0.000000E+00  0.000000E+00  0.000000E+00  0.000000E+00
        39   2  0.000000E+00  0.000000E+00  0.000000E+00  0.000000E+00  0.000000E+00  0.000000E+00
        39   3  0.000000E+00  0.000000E+00  0.000000E+00  0.000000E+00  0.000000E+00  0.000000E+00
        39   4  0.000000E+00  0.000000E+00  0.000000E+00  0.000000E+00  0.000000E+00  0.000000E+00
        39   5  0.000000E+00  0.000000E+00  0.000000E+00  0.000000E+00  0.000000E+00  0.000000E+00
        39   6  0.000000E+00  0.000000E+00  0.000000E+00  0.000000E+00  0.000000E+00  0.000000E+00
        39   7  0.000000E+00  0.000000E+00  0.000000E+00  0.000000E+00  0.000000E+00  0.000000E+00
        39   8  0.000000E+00  0.000000E+00  0.000000E+00  0.000000E+00  0.000000E+00  0.000000E+00
        40   1  0.000000E+00  0.000000E+00  0.000000E+00  0.000000E+00  0.000000E+00  0.000000E+00
        40   2  0.000000E+00  0.000000E+00  0.000000E+00  0.000000E+00  0.000000E+00  0.000000E+00
        40   3  0.000000E+00  0.000000E+00  0.000000E+00  0.000000E+00  0.000000E+00  0.000000E+00
        40   4  0.000000E+00  0.000000E+00  0.000000E+00  0.000000E+00  0.000000E+00  0.000000E+00
        40   5  0.000000E+00  0.000000E+00  0.000000E+00  0.000000E+00  0.000000E+00  0.000000E+00
        40   6  0.000000E+00  0.000000E+00  0.000000E+00  0.000000E+00  0.000000E+00  0.000000E+00
        40   7  0.000000E+00  0.000000E+00  0.000000E+00  0.000000E+00  0.000000E+00  0.000000E+00
        40   8  0.000000E+00  0.000000E+00  0.000000E+00  0.000000E+00  0.000000E+00  0.000000E+00
        41   1  0.000000E+00  0.000000E+00  0.000000E+00  0.000000E+00  0.000000E+00  0.000000E+00
        41   2  0.000000E+00  0.000000E+00  0.000000E+00  0.000000E+00  0.000000E+00  0.000000E+00
        41   3  0.000000E+00  0.000000E+00  0.000000E+00  0.000000E+00  0.000000E+00  0.000000E+00
        41   4  0.000000E+00  0.000000E+00  0.000000E+00  0.000000E+00  0.000000E+00  0.000000E+00
        41   5  0.000000E+00  0.000000E+00  0.000000E+00  0.000000E+00  0.000000E+00  0.000000E+00
        41   6  0.000000E+00  0.000000E+00  0.000000E+00  0.000000E+00  0.000000E+00  0.000000E+00
        41   7  0.000000E+00  0.000000E+00  0.000000E+00  0.000000E+00  0.000000E+00  0.000000E+00
        41   8  0.000000E+00  0.000000E+00  0.000000E+00  0.000000E+00  0.000000E+00  0.000000E+00
        42   1  0.000000E+00  0.000000E+00  0.000000E+00  0.000000E+00  0.000000E+00  0.000000E+00
        42   2  0.000000E+00  0.000000E+00  0.000000E+00  0.000000E+00  0.000000E+00  0.000000E+00
        42   3  0.000000E+00  0.000000E+00  0.000000E+00  0.000000E+00  0.000000E+00  0.000000E+00
        42   4  0.000000E+00  0.000000E+00  0.000000E+00  0.000000E+00  0.000000E+00  0.000000E+00
        42   5  0.000000E+00  0.000000E+00  0.000000E+00  0.000000E+00  0.000000E+00  0.000000E+00
        42   6  0.000000E+00  0.000000E+00  0.000000E+00  0.000000E+00  0.000000E+00  0.000000E+00
        42   7  0.000000E+00  0.000000E+00  0.000000E+00  0.000000E+00  0.000000E+00  0.000000E+00
        42   8  0.000000E+00  0.000000E+00  0.000000E+00  0.000000E+00  0.000000E+00  0.000000E+00
        43   1  0.000000E+00  0.000000E+00  0.000000E+00  0.000000E+00  0.000000E+00  0.000000E+00
        43   2  0.000000E+00  0.000000E+00  0.000000E+00  0.000000E+00  0.000000E+00  0.000000E+00
        43   3  0.000000E+00  0.000000E+00  0.000000E+00  0.000000E+00  0.000000E+00  0.000000E+00
        43   4  0.000000E+00  0.000000E+00  0.000000E+00  0.000000E+00  0.000000E+00  0.000000E+00
        43   5  0.000000E+00  0.000000E+00  0.000000E+00  0.000000E+00  0.000000E+00  0.000000E+00
        43   6  0.000000E+00  0.000000E+00  0.000000E+00  0.000000E+00  0.000000E+00  0.000000E+00
        43   7  0.000000E+00  0.000000E+00  0.000000E+00  0.000000E+00  0.000000E+00  0.000000E+00
        43   8  0.000000E+00  0.000000E+00  0.000000E+00  0.000000E+00  0.000000E+00  0.000000E+00
        44   1  0.000000E+00  0.000000E+00  0.000000E+00  0.000000E+00  0.000000E+00  0.000000E+00
        44   2  0.000000E+00  0.000000E+00  0.000000E+00  0.000000E+00  0.000000E+00  0.000000E+00
        44   3  0.000000E+00  0.000000E+00  0.000000E+00  0.000000E+00  0.000000E+00  0.000000E+00
        44   4  0.000000E+00  0.000000E+00  0.000000E+00  0.000000E+00  0.000000E+00  0.000000E+00
        44   5  0.000000E+00  0.000000E+00  0.000000E+00  0.000000E+00  0.000000E+00  0.000000E+00
        44   6  0.000000E+00  0.000000E+00  0.000000E+00  0.000000E+00  0.000000E+00  0.000000E+00
        44   7  0.000000E+00  0.000000E+00  0.000000E+00  0.000000E+00  0.000000E+00  0.000000E+00
        44   8  0.000000E+00  0.000000E+00  0.000000E+00  0.000000E+00  0.000000E+00  0.000000E+00
        45   1  0.000000E+00  0.000000E+00  0.000000E+00  0.000000E+00  0.000000E+00  0.000000E+00
        45   2  0.000000E+00  0.000000E+00  0.000000E+00  0.000000E+00  0.000000E+00  0.000000E+00
        45   3  0.000000E+00  0.000000E+00  0.000000E+00  0.000000E+00  0.000000E+00  0.000000E+00
        45   4  0.000000E+00  0.000000E+00  0.000000E+00  0.000000E+00  0.000000E+00  0.000000E+00
        45   5  0.000000E+00  0.000000E+00  0.000000E+00  0.000000E+00  0.000000E+00  0.000000E+00
        45   6  0.000000E+00  0.000000E+00  0.000000E+00  0.000000E+00  0.000000E+00  0.000000E+00
        45   7  0.000000E+00  0.000000E+00  0.000000E+00  0.000000E+00  0.000000E+00  0.000000E+00
        45   8  0.000000E+00  0.000000E+00  0.000000E+00  0.000000E+00  0.000000E+00  0.000000E+00
        46   1  0.000000E+00  0.000000E+00  0.000000E+00  0.000000E+00  0.000000E+00  0.000000E+00
        46   2  0.000000E+00  0.000000E+00  0.000000E+00  0.000000E+00  0.000000E+00  0.000000E+00
        46   3  0.000000E+00  0.000000E+00  0.000000E+00  0.000000E+00  0.000000E+00  0.000000E+00
        46   4  0.000000E+00  0.000000E+00  0.000000E+00  0.000000E+00  0.000000E+00  0.000000E+00
        46   5  0.000000E+00  0.000000E+00  0.000000E+00  0.000000E+00  0.000000E+00  0.000000E+00
        46   6  0.000000E+00  0.000000E+00  0.000000E+00  0.000000E+00  0.000000E+00  0.000000E+00
        46   7  0.000000E+00  0.000000E+00  0.000000E+00  0.000000E+00  0.000000E+00  0.000000E+00
        46   8  0.000000E+00  0.000000E+00  0.000000E+00  0.000000E+00  0.000000E+00  0.000000E+00
        47   1  0.000000E+00  0.000000E+00  0.000000E+00  0.000000E+00  0.000000E+00  0.000000E+00
        47   2  0.000000E+00  0.000000E+00  0.000000E+00  0.000000E+00  0.000000E+00  0.000000E+00
        47   3  0.000000E+00  0.000000E+00  0.000000E+00  0.000000E+00  0.000000E+00  0.000000E+00
        47   4  0.000000E+00  0.000000E+00  0.000000E+00  0.000000E+00  0.000000E+00  0.000000E+00
        47   5  0.000000E+00  0.000000E+00  0.000000E+00  0.000000E+00  0.000000E+00  0.000000E+00
        47   6  0.000000E+00  0.000000E+00  0.000000E+00  0.000000E+00  0.000000E+00  0.000000E+00
        47   7  0.000000E+00  0.000000E+00  0.000000E+00  0.000000E+00  0.000000E+00  0.000000E+00
        47   8  0.000000E+00  0.000000E+00  0.000000E+00  0.000000E+00  0.000000E+00  0.000000E+00
        48   1  0.000000E+00  0.000000E+00  0.000000E+00  0.000000E+00  0.000000E+00  0.000000E+00
        48   2  0.000000E+00  0.000000E+00  0.000000E+00  0.000000E+00  0.000000E+00  0.000000E+00
        48   3  0.000000E+00  0.000000E+00  0.000000E+00  0.000000E+00  0.000000E+00  0.000000E+00
        48   4  0.000000E+00  0.000000E+00  0.000000E+00  0.000000E+00  0.000000E+00  0.000000E+00
        48   5  0.000000E+00  0.000000E+00  0.000000E+00  0.000000E+00  0.000000E+00  0.000000E+00
        48   6  0.000000E+00  0.000000E+00  0.000000E+00  0.000000E+00  0.000000E+00  0.000000E+00
        48   7  0.000000E+00  0.000000E+00  0.000000E+00  0.000000E+00  0.000000E+00  0.000000E+00
        48   8  0.000000E+00  0.000000E+00  0.000000E+00  0.000000E+00  0.000000E+00  0.000000E+00
        49   1  0.000000E+00  0.000000E+00  0.000000E+00  0.000000E+00  0.000000E+00  0.000000E+00
        49   2  0.000000E+00  0.000000E+00  0.000000E+00  0.000000E+00  0.000000E+00  0.000000E+00
        49   3  0.000000E+00  0.000000E+00  0.000000E+00  0.000000E+00  0.000000E+00  0.000000E+00
        49   4  0.000000E+00  0.000000E+00  0.000000E+00  0.000000E+00  0.000000E+00  0.000000E+00
        49   5  0.000000E+00  0.000000E+00  0.000000E+00  0.000000E+00  0.000000E+00  0.000000E+00
        49   6  0.000000E+00  0.000000E+00  0.000000E+00  0.000000E+00  0.000000E+00  0.000000E+00
        49   7  0.000000E+00  0.000000E+00  0.000000E+00  0.000000E+00  0.000000E+00  0.000000E+00
        49   8  0.000000E+00  0.000000E+00  0.000000E+00  0.000000E+00  0.000000E+00  0.000000E+00
        50   1  0.000000E+00  0.000000E+00  0.000000E+00  0.000000E+00  0.000000E+00  0.000000E+00
        50   2  0.000000E+00  0.000000E+00  0.000000E+00  0.000000E+00  0.000000E+00  0.000000E+00
        50   3  0.000000E+00  0.000000E+00  0.000000E+00  0.000000E+00  0.000000E+00  0.000000E+00
        50   4  0.000000E+00  0.000000E+00  0.000000E+00  0.000000E+00  0.000000E+00  0.000000E+00
        50   5  0.000000E+00  0.000000E+00  0.000000E+00  0.000000E+00  0.000000E+00  0.000000E+00
        50   6  0.000000E+00  0.000000E+00  0.000000E+00  0.000000E+00  0.000000E+00  0.000000E+00
        50   7  0.000000E+00  0.000000E+00  0.000000E+00  0.000000E+00  0.000000E+00  0.000000E+00
        50   8  0.000000E+00  0.000000E+00  0.000000E+00  0.000000E+00  0.000000E+00  0.000000E+00
        51   1  0.000000E+00  0.000000E+00  0.000000E+00  0.000000E+00  0.000000E+00  0.000000E+00
        51   2  0.000000E+00  0.000000E+00  0.000000E+00  0.000000E+00  0.000000E+00  0.000000E+00
        51   3  0.000000E+00  0.000000E+00  0.000000E+00  0.000000E+00  0.000000E+00  0.000000E+00
        51   4  0.000000E+00  0.000000E+00  0.000000E+00  0.000000E+00  0.000000E+00  0.000000E+00
        51   5  0.000000E+00  0.000000E+00  0.000000E+00  0.000000E+00  0.000000E+00  0.000000E+00
        51   6  0.000000E+00  0.000000E+00  0.000000E+00  0.000000E+00  0.000000E+00  0.000000E+00
        51   7  0.000000E+00  0.000000E+00  0.000000E+00  0.000000E+00  0.000000E+00  0.000000E+00
        51   8  0.000000E+00  0.000000E+00  0.000000E+00  0.000000E+00  0.000000E+00  0.000000E+00
        52   1  0.000000E+00  0.000000E+00  0.000000E+00  0.000000E+00  0.000000E+00  0.000000E+00
        52   2  0.000000E+00  0.000000E+00  0.000000E+00  0.000000E+00  0.000000E+00  0.000000E+00
        52   3  0.000000E+00  0.000000E+00  0.000000E+00  0.000000E+00  0.000000E+00  0.000000E+00
        52   4  0.000000E+00  0.000000E+00  0.000000E+00  0.000000E+00  0.000000E+00  0.000000E+00
        52   5  0.000000E+00  0.000000E+00  0.000000E+00  0.000000E+00  0.000000E+00  0.000000E+00
        52   6  0.000000E+00  0.000000E+00  0.000000E+00  0.000000E+00  0.000000E+00  0.000000E+00
        52   7  0.000000E+00  0.000000E+00  0.000000E+00  0.000000E+00  0.000000E+00  0.000000E+00
        52   8  0.000000E+00  0.000000E+00  0.000000E+00  0.000000E+00  0.000000E+00  0.000000E+00
        53   1  0.000000E+00  0.000000E+00  0.000000E+00  0.000000E+00  0.000000E+00  0.000000E+00
        53   2  0.000000E+00  0.000000E+00  0.000000E+00  0.000000E+00  0.000000E+00  0.000000E+00
        53   3  0.000000E+00  0.000000E+00  0.000000E+00  0.000000E+00  0.000000E+00  0.000000E+00
        53   4  0.000000E+00  0.000000E+00  0.000000E+00  0.000000E+00  0.000000E+00  0.000000E+00
        53   5  0.000000E+00  0.000000E+00  0.000000E+00  0.000000E+00  0.000000E+00  0.000000E+00
        53   6  0.000000E+00  0.000000E+00  0.000000E+00  0.000000E+00  0.000000E+00  0.000000E+00
        53   7  0.000000E+00  0.000000E+00  0.000000E+00  0.000000E+00  0.000000E+00  0.000000E+00
        53   8  0.000000E+00  0.000000E+00  0.000000E+00  0.000000E+00  0.000000E+00  0.000000E+00
        54   1  0.000000E+00  0.000000E+00  0.000000E+00  0.000000E+00  0.000000E+00  0.000000E+00
        54   2  0.000000E+00  0.000000E+00  0.000000E+00  0.000000E+00  0.000000E+00  0.000000E+00
        54   3  0.000000E+00  0.000000E+00  0.000000E+00  0.000000E+00  0.000000E+00  0.000000E+00
        54   4  0.000000E+00  0.000000E+00  0.000000E+00  0.000000E+00  0.000000E+00  0.000000E+00
        54   5  0.000000E+00  0.000000E+00  0.000000E+00  0.000000E+00  0.000000E+00  0.000000E+00
        54   6  0.000000E+00  0.000000E+00  0.000000E+00  0.000000E+00  0.000000E+00  0.000000E+00
        54   7  0.000000E+00  0.000000E+00  0.000000E+00  0.000000E+00  0.000000E+00  0.000000E+00
        54   8  0.000000E+00  0.000000E+00  0.000000E+00  0.000000E+00  0.000000E+00  0.000000E+00
        55   1  0.000000E+00  0.000000E+00  0.000000E+00  0.000000E+00  0.000000E+00  0.000000E+00
        55   2  0.000000E+00  0.000000E+00  0.000000E+00  0.000000E+00  0.000000E+00  0.000000E+00
        55   3  0.000000E+00  0.000000E+00  0.000000E+00  0.000000E+00  0.000000E+00  0.000000E+00
        55   4  0.000000E+00  0.000000E+00  0.000000E+00  0.000000E+00  0.000000E+00  0.000000E+00
        55   5  0.000000E+00  0.000000E+00  0.000000E+00  0.000000E+00  0.000000E+00  0.000000E+00
        55   6  0.000000E+00  0.000000E+00  0.000000E+00  0.000000E+00  0.000000E+00  0.000000E+00
        55   7  0.000000E+00  0.000000E+00  0.000000E+00  0.000000E+00  0.000000E+00  0.000000E+00
        55   8  0.000000E+00  0.000000E+00  0.000000E+00  0.000000E+00  0.000000E+00  0.000000E+00
        56   1  0.000000E+00  0.000000E+00  0.000000E+00  0.000000E+00  0.000000E+00  0.000000E+00
        56   2  0.000000E+00  0.000000E+00  0.000000E+00  0.000000E+00  0.000000E+00  0.000000E+00
        56   3  0.000000E+00  0.000000E+00  0.000000E+00  0.000000E+00  0.000000E+00  0.000000E+00
        56   4  0.000000E+00  0.000000E+00  0.000000E+00  0.000000E+00  0.000000E+00  0.000000E+00
        56   5  0.000000E+00  0.000000E+00  0.000000E+00  0.000000E+00  0.000000E+00  0.000000E+00
        56   6  0.000000E+00  0.000000E+00  0.000000E+00  0.000000E+00  0.000000E+00  0.000000E+00
        56   7  0.000000E+00  0.000000E+00  0.000000E+00  0.000000E+00  0.000000E+00  0.000000E+00
        56   8  0.000000E+00  0.000000E+00  0.000000E+00  0.000000E+00  0.000000E+00  0.000000E+00
        57   1  0.000000E+00  0.000000E+00  0.000000E+00  0.000000E+00  0.000000E+00  0.000000E+00
        57   2  0.000000E+00  0.000000E+00  0.000000E+00  0.000000E+00  0.000000E+00  0.000000E+00
        57   3  0.000000E+00  0.000000E+00  0.000000E+00  0.000000E+00  0.000000E+00  0.000000E+00
        57   4  0.000000E+00  0.000000E+00  0.000000E+00  0.000000E+00  0.000000E+00  0.000000E+00
        57   5  0.000000E+00  0.000000E+00  0.000000E+00  0.000000E+00  0.000000E+00  0.000000E+00
        57   6  0.000000E+00  0.000000E+00  0.000000E+00  0.000000E+00  0.000000E+00  0.000000E+00
        57   7  0.000000E+00  0.000000E+00  0.000000E+00  0.000000E+00  0.000000E+00  0.000000E+00
        57   8  0.000000E+00  0.000000E+00  0.000000E+00  0.000000E+00  0.000000E+00  0.000000E+00
        58   1  0.000000E+00  0.000000E+00  0.000000E+00  0.000000E+00  0.000000E+00  0.000000E+00
        58   2  0.000000E+00  0.000000E+00  0.000000E+00  0.000000E+00  0.000000E+00  0.000000E+00
        58   3  0.000000E+00  0.000000E+00  0.000000E+00  0.000000E+00  0.000000E+00  0.000000E+00
        58   4  0.000000E+00  0.000000E+00  0.000000E+00  0.000000E+00  0.000000E+00  0.000000E+00
        58   5  0.000000E+00  0.000000E+00  0.000000E+00  0.000000E+00  0.000000E+00  0.000000E+00
        58   6  0.000000E+00  0.000000E+00  0.000000E+00  0.000000E+00  0.000000E+00  0.000000E+00
        58   7  0.000000E+00  0.000000E+00  0.000000E+00  0.000000E+00  0.000000E+00  0.000000E+00
        58   8  0.000000E+00  0.000000E+00  0.000000E+00  0.000000E+00  0.000000E+00  0.000000E+00
        59   1  0.000000E+00  0.000000E+00  0.000000E+00  0.000000E+00  0.000000E+00  0.000000E+00
        59   2  0.000000E+00  0.000000E+00  0.000000E+00  0.000000E+00  0.000000E+00  0.000000E+00
        59   3  0.000000E+00  0.000000E+00  0.000000E+00  0.000000E+00  0.000000E+00  0.000000E+00
        59   4  0.000000E+00  0.000000E+00  0.000000E+00  0.000000E+00  0.000000E+00  0.000000E+00
        59   5  0.000000E+00  0.000000E+00  0.000000E+00  0.000000E+00  0.000000E+00  0.000000E+00
        59   6  0.000000E+00  0.000000E+00  0.000000E+00  0.000000E+00  0.000000E+00  0.000000E+00
        59   7  0.000000E+00  0.000000E+00  0.000000E+00  0.000000E+00  0.000000E+00  0.000000E+00
        59   8  0.000000E+00  0.000000E+00  0.000000E+00  0.000000E+00  0.000000E+00  0.000000E+00
        60   1  0.000000E+00  0.000000E+00  0.000000E+00  0.000000E+00  0.000000E+00  0.000000E+00
        60   2  0.000000E+00  0.000000E+00  0.000000E+00  0.000000E+00  0.000000E+00  0.000000E+00
        60   3  0.000000E+00  0.000000E+00  0.000000E+00  0.000000E+00  0.000000E+00  0.000000E+00
        60   4  0.000000E+00  0.000000E+00  0.000000E+00  0.000000E+00  0.000000E+00  0.000000E+00
        60   5  0.000000E+00  0.000000E+00  0.000000E+00  0.000000E+00  0.000000E+00  0.000000E+00
        60   6  0.000000E+00  0.000000E+00  0.000000E+00  0.000000E+00  0.000000E+00  0.000000E+00
        60   7  0.000000E+00  0.000000E+00  0.000000E+00  0.000000E+00  0.000000E+00  0.000000E+00
        60   8  0.000000E+00  0.000000E+00  0.000000E+00  0.000000E+00  0.000000E+00  0.000000E+00
        61   1  0.000000E+00  0.000000E+00  0.000000E+00  0.000000E+00  0.000000E+00  0.000000E+00
        61   2  0.000000E+00  0.000000E+00  0.000000E+00  0.000000E+00  0.000000E+00  0.000000E+00
        61   3  0.000000E+00  0.000000E+00  0.000000E+00  0.000000E+00  0.000000E+00  0.000000E+00
        61   4  0.000000E+00  0.000000E+00  0.000000E+00  0.000000E+00  0.000000E+00  0.000000E+00
        61   5  0.000000E+00  0.000000E+00  0.000000E+00  0.000000E+00  0.000000E+00  0.000000E+00
        61   6  0.000000E+00  0.000000E+00  0.000000E+00  0.000000E+00  0.000000E+00  0.000000E+00
        61   7  0.000000E+00  0.000000E+00  0.000000E+00  0.000000E+00  0.000000E+00  0.000000E+00
        61   8  0.000000E+00  0.000000E+00  0.000000E+00  0.000000E+00  0.000000E+00  0.000000E+00
        62   1  0.000000E+00  0.000000E+00  0.000000E+00  0.000000E+00  0.000000E+00  0.000000E+00
        62   2  0.000000E+00  0.000000E+00  0.000000E+00  0.000000E+00  0.000000E+00  0.000000E+00
        62   3  0.000000E+00  0.000000E+00  0.000000E+00  0.000000E+00  0.000000E+00  0.000000E+00
        62   4  0.000000E+00  0.000000E+00  0.000000E+00  0.000000E+00  0.000000E+00  0.000000E+00
        62   5  0.000000E+00  0.000000E+00  0.000000E+00  0.000000E+00  0.000000E+00  0.000000E+00
        62   6  0.000000E+00  0.000000E+00  0.000000E+00  0.000000E+00  0.000000E+00  0.000000E+00
        62   7  0.000000E+00  0.000000E+00  0.000000E+00  0.000000E+00  0.000000E+00  0.000000E+00
        62   8  0.000000E+00  0.000000E+00  0.000000E+00  0.000000E+00  0.000000E+00  0.000000E+00
        63   1  0.000000E+00  0.000000E+00  0.000000E+00  0.000000E+00  0.000000E+00  0.000000E+00
        63   2  0.000000E+00  0.000000E+00  0.000000E+00  0.000000E+00  0.000000E+00  0.000000E+00
        63   3  0.000000E+00  0.000000E+00  0.000000E+00  0.000000E+00  0.000000E+00  0.000000E+00
        63   4  0.000000E+00  0.000000E+00  0.000000E+00  0.000000E+00  0.000000E+00  0.000000E+00
        63   5  0.000000E+00  0.000000E+00  0.000000E+00  0.000000E+00  0.000000E+00  0.000000E+00
        63   6  0.000000E+00  0.000000E+00  0.000000E+00  0.000000E+00  0.000000E+00  0.000000E+00
        63   7  0.000000E+00  0.000000E+00  0.000000E+00  0.000000E+00  0.000000E+00  0.000000E+00
        63   8  0.000000E+00  0.000000E+00  0.000000E+00  0.000000E+00  0.000000E+00  0.000000E+00
        64   1  0.000000E+00  0.000000E+00  0.000000E+00  0.000000E+00  0.000000E+00  0.000000E+00
        64   2  0.000000E+00  0.000000E+00  0.000000E+00  0.000000E+00  0.000000E+00  0.000000E+00
        64   3  0.000000E+00  0.000000E+00  0.000000E+00  0.000000E+00  0.000000E+00  0.000000E+00
        64   4  0.000000E+00  0.000000E+00  0.000000E+00  0.000000E+00  0.000000E+00  0.000000E+00
        64   5  0.000000E+00  0.000000E+00  0.000000E+00  0.000000E+00  0.000000E+00  0.000000E+00
        64   6  0.000000E+00  0.000000E+00  0.000000E+00  0.000000E+00  0.000000E+00  0.000000E+00
        64   7  0.000000E+00  0.000000E+00  0.000000E+00  0.000000E+00  0.000000E+00  0.000000E+00
        64   8  0.000000E+00  0.000000E+00  0.000000E+00  0.000000E+00  0.000000E+00  0.000000E+00
        65   1  0.000000E+00  0.000000E+00  0.000000E+00  0.000000E+00  0.000000E+00  0.000000E+00
        65   2  0.000000E+00  0.000000E+00  0.000000E+00  0.000000E+00  0.000000E+00  0.000000E+00
        65   3  0.000000E+00  0.000000E+00  0.000000E+00  0.000000E+00  0.000000E+00  0.000000E+00
        65   4  0.000000E+00  0.000000E+00  0.000000E+00  0.000000E+00  0.000000E+00  0.000000E+00
        65   5  0.000000E+00  0.000000E+00  0.000000E+00  0.000000E+00  0.000000E+00  0.000000E+00
        65   6  0.000000E+00  0.000000E+00  0.000000E+00  0.000000E+00  0.000000E+00  0.000000E+00
        65   7  0.000000E+00  0.000000E+00  0.000000E+00  0.000000E+00  0.000000E+00  0.000000E+00
        65   8  0.000000E+00  0.000000E+00  0.000000E+00  0.000000E+00  0.000000E+00  0.000000E+00
        66   1  0.000000E+00  0.000000E+00  0.000000E+00  0.000000E+00  0.000000E+00  0.000000E+00
        66   2  0.000000E+00  0.000000E+00  0.000000E+00  0.000000E+00  0.000000E+00  0.000000E+00
        66   3  0.000000E+00  0.000000E+00  0.000000E+00  0.000000E+00  0.000000E+00  0.000000E+00
        66   4  0.000000E+00  0.000000E+00  0.000000E+00  0.000000E+00  0.000000E+00  0.000000E+00
        66   5  0.000000E+00  0.000000E+00  0.000000E+00  0.000000E+00  0.000000E+00  0.000000E+00
        66   6  0.000000E+00  0.000000E+00  0.000000E+00  0.000000E+00  0.000000E+00  0.000000E+00
        66   7  0.000000E+00  0.000000E+00  0.000000E+00  0.000000E+00  0.000000E+00  0.000000E+00
        66   8  0.000000E+00  0.000000E+00  0.000000E+00  0.000000E+00  0.000000E+00  0.000000E+00
        67   1  0.000000E+00  0.000000E+00  0.000000E+00  0.000000E+00  0.000000E+00  0.000000E+00
        67   2  0.000000E+00  0.000000E+00  0.000000E+00  0.000000E+00  0.000000E+00  0.000000E+00
        67   3  0.000000E+00  0.000000E+00  0.000000E+00  0.000000E+00  0.000000E+00  0.000000E+00
        67   4  0.000000E+00  0.000000E+00  0.000000E+00  0.000000E+00  0.000000E+00  0.000000E+00
        67   5  0.000000E+00  0.000000E+00  0.000000E+00  0.000000E+00  0.000000E+00  0.000000E+00
        67   6  0.000000E+00  0.000000E+00  0.000000E+00  0.000000E+00  0.000000E+00  0.000000E+00
        67   7  0.000000E+00  0.000000E+00  0.000000E+00  0.000000E+00  0.000000E+00  0.000000E+00
        67   8  0.000000E+00  0.000000E+00  0.000000E+00  0.000000E+00  0.000000E+00  0.000000E+00
        68   1  0.000000E+00  0.000000E+00  0.000000E+00  0.000000E+00  0.000000E+00  0.000000E+00
        68   2  0.000000E+00  0.000000E+00  0.000000E+00  0.000000E+00  0.000000E+00  0.000000E+00
        68   3  0.000000E+00  0.000000E+00  0.000000E+00  0.000000E+00  0.000000E+00  0.000000E+00
        68   4  0.000000E+00  0.000000E+00  0.000000E+00  0.000000E+00  0.000000E+00  0.000000E+00
        68   5  0.000000E+00  0.000000E+00  0.000000E+00  0.000000E+00  0.000000E+00  0.000000E+00
        68   6  0.000000E+00  0.000000E+00  0.000000E+00  0.000000E+00  0.000000E+00  0.000000E+00
        68   7  0.000000E+00  0.000000E+00  0.000000E+00  0.000000E+00  0.000000E+00  0.000000E+00
        68   8  0.000000E+00  0.000000E+00  0.000000E+00  0.000000E+00  0.000000E+00  0.000000E+00
        69   1  0.000000E+00  0.000000E+00  0.000000E+00  0.000000E+00  0.000000E+00  0.000000E+00
        69   2  0.000000E+00  0.000000E+00  0.000000E+00  0.000000E+00  0.000000E+00  0.000000E+00
        69   3  0.000000E+00  0.000000E+00  0.000000E+00  0.000000E+00  0.000000E+00  0.000000E+00
        69   4  0.000000E+00  0.000000E+00  0.000000E+00  0.000000E+00  0.000000E+00  0.000000E+00
        69   5  0.000000E+00  0.000000E+00  0.000000E+00  0.000000E+00  0.000000E+00  0.000000E+00
        69   6  0.000000E+00  0.000000E+00  0.000000E+00  0.000000E+00  0.000000E+00  0.000000E+00
        69   7  0.000000E+00  0.000000E+00  0.000000E+00  0.000000E+00  0.000000E+00  0.000000E+00
        69   8  0.000000E+00  0.000000E+00  0.000000E+00  0.000000E+00  0.000000E+00  0.000000E+00
        70   1  0.000000E+00  0.000000E+00  0.000000E+00  0.000000E+00  0.000000E+00  0.000000E+00
        70   2  0.000000E+00  0.000000E+00  0.000000E+00  0.000000E+00  0.000000E+00  0.000000E+00
        70   3  0.000000E+00  0.000000E+00  0.000000E+00  0.000000E+00  0.000000E+00  0.000000E+00
        70   4  0.000000E+00  0.000000E+00  0.000000E+00  0.000000E+00  0.000000E+00  0.000000E+00
        70   5  0.000000E+00  0.000000E+00  0.000000E+00  0.000000E+00  0.000000E+00  0.000000E+00
        70   6  0.000000E+00  0.000000E+00  0.000000E+00  0.000000E+00  0.000000E+00  0.000000E+00
        70   7  0.000000E+00  0.000000E+00  0.000000E+00  0.000000E+00  0.000000E+00  0.000000E+00
        70   8  0.000000E+00  0.000000E+00  0.000000E+00  0.000000E+00  0.000000E+00  0.000000E+00
        71   1  0.000000E+00  0.000000E+00  0.000000E+00  0.000000E+00  0.000000E+00  0.000000E+00
        71   2  0.000000E+00  0.000000E+00  0.000000E+00  0.000000E+00  0.000000E+00  0.000000E+00
        71   3  0.000000E+00  0.000000E+00  0.000000E+00  0.000000E+00  0.000000E+00  0.000000E+00
        71   4  0.000000E+00  0.000000E+00  0.000000E+00  0.000000E+00  0.000000E+00  0.000000E+00
        71   5  0.000000E+00  0.000000E+00  0.000000E+00  0.000000E+00  0.000000E+00  0.000000E+00
        71   6  0.000000E+00  0.000000E+00  0.000000E+00  0.000000E+00  0.000000E+00  0.000000E+00
        71   7  0.000000E+00  0.000000E+00  0.000000E+00  0.000000E+00  0.000000E+00  0.000000E+00
        71   8  0.000000E+00  0.000000E+00  0.000000E+00  0.000000E+00  0.000000E+00  0.000000E+00
        72   1  0.000000E+00  0.000000E+00  0.000000E+00  0.000000E+00  0.000000E+00  0.000000E+00
        72   2  0.000000E+00  0.000000E+00  0.000000E+00  0.000000E+00  0.000000E+00  0.000000E+00
        72   3  0.000000E+00  0.000000E+00  0.000000E+00  0.000000E+00  0.000000E+00  0.000000E+00
        72   4  0.000000E+00  0.000000E+00  0.000000E+00  0.000000E+00  0.000000E+00  0.000000E+00
        72   5  0.000000E+00  0.000000E+00  0.000000E+00  0.000000E+00  0.000000E+00  0.000000E+00
        72   6  0.000000E+00  0.000000E+00  0.000000E+00  0.000000E+00  0.000000E+00  0.000000E+00
        72   7  0.000000E+00  0.000000E+00  0.000000E+00  0.000000E+00  0.000000E+00  0.000000E+00
        72   8  0.000000E+00  0.000000E+00  0.000000E+00  0.000000E+00  0.000000E+00  0.000000E+00
        73   1  0.000000E+00  0.000000E+00  0.000000E+00  0.000000E+00  0.000000E+00  0.000000E+00
        73   2  0.000000E+00  0.000000E+00  0.000000E+00  0.000000E+00  0.000000E+00  0.000000E+00
        73   3  0.000000E+00  0.000000E+00  0.000000E+00  0.000000E+00  0.000000E+00  0.000000E+00
        73   4  0.000000E+00  0.000000E+00  0.000000E+00  0.000000E+00  0.000000E+00  0.000000E+00
        73   5  0.000000E+00  0.000000E+00  0.000000E+00  0.000000E+00  0.000000E+00  0.000000E+00
        73   6  0.000000E+00  0.000000E+00  0.000000E+00  0.000000E+00  0.000000E+00  0.000000E+00
        73   7  0.000000E+00  0.000000E+00  0.000000E+00  0.000000E+00  0.000000E+00  0.000000E+00
        73   8  0.000000E+00  0.000000E+00  0.000000E+00  0.000000E+00  0.000000E+00  0.000000E+00
        74   1  0.000000E+00  0.000000E+00  0.000000E+00  0.000000E+00  0.000000E+00  0.000000E+00
        74   2  0.000000E+00  0.000000E+00  0.000000E+00  0.000000E+00  0.000000E+00  0.000000E+00
        74   3  0.000000E+00  0.000000E+00  0.000000E+00  0.000000E+00  0.000000E+00  0.000000E+00
        74   4  0.000000E+00  0.000000E+00  0.000000E+00  0.000000E+00  0.000000E+00  0.000000E+00
        74   5  0.000000E+00  0.000000E+00  0.000000E+00  0.000000E+00  0.000000E+00  0.000000E+00
        74   6  0.000000E+00  0.000000E+00  0.000000E+00  0.000000E+00  0.000000E+00  0.000000E+00
        74   7  0.000000E+00  0.000000E+00  0.000000E+00  0.000000E+00  0.000000E+00  0.000000E+00
        74   8  0.000000E+00  0.000000E+00  0.000000E+00  0.000000E+00  0.000000E+00  0.000000E+00
        75   1 -2.339040E+00 -8.960707E+00 -4.797339E-01  7.719432E-01  4.654235E-01  1.404905E+00
        75   2 -5.255624E-01 -8.183503E+00  2.974706E-01  1.075715E+00 -4.206417E-01  8.702665E-01
        75   3 -2.156776E+00 -8.535426E+00 -2.974706E-01  9.791978E-01 -4.464965E-01 -8.839950E-01
        75   4 -3.432991E-01 -7.758222E+00  4.797339E-01  1.282970E+00  4.912783E-01 -3.493560E-01
        75   5  2.339040E+00  8.960707E+00  4.797339E-01 -7.719432E-01  4.654235E-01  1.404905E+00
        75   6  5.255624E-01  8.183503E+00 -2.974706E-01 -1.075715E+00 -4.206417E-01  8.702665E-01
        75   7  2.156776E+00  8.535426E+00  2.974706E-01 -9.791978E-01 -4.464965E-01 -8.839950E-01
        75   8  3.432991E-01  7.758222E+00 -4.797339E-01 -1.282970E+00  4.912783E-01 -3.493560E-01
        76   1  6.172575E-01 -5.127026E+00  2.279837E-01  1.477310E+00 -1.963119E-01  9.089336E-01
        76   2 -2.888312E-01 -5.515350E+00 -1.603400E-01  1.421965E+00  2.230476E-01  1.006340E+00
        76   3  5.496138E-01 -5.284862E+00  1.603400E-01  1.266369E+00  2.593213E-01 -3.880230E-01
        76   4 -3.564749E-01 -5.673185E+00 -2.279837E-01  1.211024E+00 -2.325856E-01 -4.854299E-01
        76   5 -6.172575E-01  5.127026E+00 -2.279837E-01 -1.477310E+00 -1.963119E-01  9.089336E-01
        76   6  2.888312E-01  5.515350E+00  1.603400E-01 -1.421965E+00  2.230476E-01  1.006340E+00
        76   7 -5.496138E-01  5.284862E+00 -1.603400E-01 -1.266369E+00  2.593213E-01 -3.880230E-01
        76   8  3.564749E-01  5.673185E+00  2.279837E-01 -1.211024E+00 -2.325856E-01 -4.854299E-01
        77   1  2.182717E-01 -2.748259E+00  1.271783E-01  1.325536E+00 -1.648746E-01  9.949827E-01
        77   2 -3.808732E-01 -3.005035E+00 -1.295981E-01  1.328689E+00  1.468286E-01  9.894335E-01
        77   3  2.206914E-01 -2.742613E+00  1.295981E-01  1.237954E+00  1.364097E-01 -4.740722E-01
        77   4 -3.784535E-01 -2.999389E+00 -1.271783E-01  1.241107E+00 -1.544557E-01 -4.685230E-01
        77   5 -2.182717E-01  2.748259E+00 -1.271783E-01 -1.325536E+00 -1.648746E-01  9.949827E-01
        77   6  3.808732E-01  3.005035E+00  1.295981E-01 -1.328689E+00  1.468286E-01  9.894335E-01
        77   7 -2.206914E-01  2.742613E+00 -1.295981E-01 -1.237954E+00  1.364097E-01 -4.740722E-01
        77   8  3.784535E-01  2.999389E+00  1.271783E-01 -1.241107E+00 -1.544557E-01 -4.685230E-01
        78   1  3.808444E-01  3.611986E-01  1.296919E-01  1.328721E+00 -1.469387E-01  9.894335E-01
        78   2 -2.187384E-01  1.042345E-01 -1.272722E-01  1.325568E+00  1.649847E-01  9.949827E-01
        78   3  3.784247E-01  3.555526E-01  1.272722E-01  1.241075E+00  1.545658E-01 -4.685230E-01
        78   4 -2.211582E-01  9.858853E-02 -1.296919E-01  1.237922E+00 -1.365198E-01 -4.740722E-01
        78   5 -3.808444E-01 -3.611986E-01 -1.296919E-01 -1.328721E+00 -1.469387E-01  9.894335E-01
        78   6  2.187384E-01 -1.042345E-01  1.272722E-01 -1.325568E+00  1.649847E-01  9.949827E-01
        78   7 -3.784247E-01 -3.555526E-01 -1.272722E-01 -1.241075E+00  1.545658E-01 -4.685230E-01
        78   8  2.211582E-01 -9.858853E-02  1.296919E-01 -1.237922E+00 -1.365198E-01 -4.740722E-01
        79   1  2.925573E-01  2.865057E+00  1.539779E-01  1.418509E+00 -2.155827E-01  1.006340E+00
        79   2 -5.838413E-01  2.489458E+00 -2.216215E-01  1.473854E+00  1.888469E-01  9.089336E-01
        79   3  3.602010E-01  3.022893E+00  2.216215E-01  1.214480E+00  2.251206E-01 -4.854299E-01
        79   4 -5.161976E-01  2.647293E+00 -1.539779E-01  1.269825E+00 -2.518564E-01 -3.880230E-01
        79   5 -2.925573E-01 -2.865057E+00 -1.539779E-01 -1.418509E+00 -2.155827E-01  1.006340E+00
        79   6  5.838413E-01 -2.489458E+00  2.216215E-01 -1.473854E+00  1.888469E-01  9.089336E-01
        79   7 -3.602010E-01 -3.022893E+00 -2.216215E-01 -1.214480E+00  2.251206E-01 -4.854299E-01
        79   8  5.161976E-01 -2.647293E+00  1.539779E-01 -1.269825E+00 -2.518564E-01 -3.880230E-01
        80   1  4.706784E-01  5.677945E+00 -1.590979E-01  1.112615E+00  2.582844E-01  8.702665E-01
        80   2  1.638416E+00  6.178404E+00  3.413612E-01  8.088426E-01 -3.030662E-01  1.404905E+00
        80   3  2.884151E-01  5.252664E+00 -3.413612E-01  1.246071E+00 -3.289210E-01 -3.493560E-01
        80   4  1.456153E+00  5.753123E+00  1.590979E-01  9.422984E-01  2.841392E-01 -8.839950E-01
        80   5 -4.706784E-01 -5.677945E+00  1.590979E-01 -1.112615E+00  2.582844E-01  8.702665E-01
        80   6 -1.638416E+00 -6.178404E+00 -3.413612E-01 -8.088426E-01 -3.030662E-01  1.404905E+00
        80   7 -2.884151E-01 -5.252664E+00  3.413612E-01 -1.246071E+00 -3.289210E-01 -3.493560E-01
        80   8 -1.456153E+00 -5.753123E+00 -1.590979E-01 -9.422984E-01  2.841392E-01 -8.839950E-01
        81   1  6.306034E-01  2.102011E+00  1.180633E-11  3.600120E+00 -1.751404E-14  3.667236E+00
        81   2  6.306034E-01  2.102011E+00  2.686584E-11  3.600120E+00 -1.576263E-13  3.667236E+00
        81   3  6.306034E-01  2.102011E+00 -3.331779E-11  3.600120E+00 -5.254211E-14 -9.005188E+00
        81   4  6.306034E-01  2.102011E+00 -1.843192E-11  3.600120E+00 -1.050842E-13 -9.005188E+00
        81   5 -6.306034E-01 -2.102011E+00  1.154299E-11 -3.600120E+00  2.627105E-14  3.667236E+00
        81   6 -6.306034E-01 -2.102011E+00  2.686540E-11 -3.600120E+00 -1.751404E-13  3.667236E+00
        81   7 -6.306034E-01 -2.102011E+00 -3.376388E-11 -3.600120E+00  0.000000E+00 -9.005188E+00
        81   8 -6.306034E-01 -2.102011E+00 -1.907119E-11 -3.600120E+00 -5.254211E-14 -9.005188E+00
        82   1 -3.701708E+00 -1.421699E+01 -5.631415E-01 -3.858212E-01  6.763034E-01  3.221104E-01
        82   2 -1.008371E+00 -1.306270E+01  5.911456E-01 -4.087336E-01 -6.804600E-01  3.624363E-01
        82   3 -3.729712E+00 -1.428233E+01 -5.911456E-01  2.411990E-01 -6.780602E-01  5.156488E-01
        82   4 -1.036375E+00 -1.312804E+01  5.631415E-01  2.182866E-01  6.739036E-01  4.753229E-01
        82   5  3.701708E+00  1.421699E+01  5.631415E-01  3.858212E-01  6.763034E-01  3.221104E-01
        82   6  1.008371E+00  1.306270E+01 -5.911456E-01  4.087336E-01 -6.804600E-01  3.624363E-01
        82   7  3.729712E+00  1.428233E+01  5.911456E-01 -2.411990E-01 -6.780602E-01  5.156488E-01
        82   8  1.036375E+00  1.312804E+01 -5.631415E-01 -2.182866E-01  6.739036E-01  4.753229E-01
        83   1  3.825206E-01 -9.313292E+00  2.972588E-01 -9.942125E-03 -3.529005E-01  3.591841E-01
        83   2 -1.008023E+00 -9.909239E+00 -2.986883E-01 -8.079389E-03  3.487439E-01  3.559057E-01
        83   3  3.839501E-01 -9.309957E+00  2.986883E-01 -2.132109E-01  3.463441E-01  4.785751E-01
        83   4 -1.006593E+00 -9.905904E+00 -2.972588E-01 -2.113481E-01 -3.505007E-01  4.818535E-01
        83   5 -3.825206E-01  9.313292E+00 -2.972588E-01  9.942125E-03 -3.529005E-01  3.591841E-01
        83   6  1.008023E+00  9.909239E+00  2.986883E-01  8.079389E-03  3.487439E-01  3.559057E-01
        83   7 -3.839501E-01  9.309957E+00 -2.986883E-01  2.132109E-01  3.463441E-01  4.785751E-01
        83   8  1.006593E+00  9.905904E+00  2.972588E-01  2.113481E-01 -3.505007E-01  4.818535E-01
        84   1  9.761922E-01 -1.036901E+00  4.024255E-01  2.730384E-02 -4.704622E-01  8.892390E-01
        84   2 -8.984579E-01 -1.840322E+00 -4.009959E-01  2.544110E-02  4.746188E-01  8.925174E-01
        84   3  9.747626E-01 -1.040237E+00  4.009959E-01 -2.467314E-01  4.722190E-01  1.015187E+00
        84   4 -8.998874E-01 -1.843658E+00 -4.024255E-01 -2.485941E-01 -4.680624E-01  1.011908E+00
        84   5 -9.761922E-01  1.036901E+00 -4.024255E-01 -2.730384E-02 -4.704622E-01  8.892390E-01
        84   6  8.984579E-01  1.840322E+00  4.009959E-01 -2.544110E-02  4.746188E-01  8.925174E-01
        84   7 -9.747626E-01  1.040237E+00 -4.009959E-01  2.467314E-01  4.722190E-01  1.015187E+00
        84   8  8.998874E-01  1.843658E+00  4.024255E-01  2.485941E-01 -4.680624E-01  1.011908E+00
        85   1  1.670884E+00  7.640483E+00 -1.365427E-01 -1.617888E-01  1.470592E-01  8.957697E-01
        85   2  2.242741E+00  7.885564E+00  1.085386E-01 -1.388764E-01 -1.429026E-01  8.554438E-01
        85   3  1.698888E+00  7.705826E+00 -1.085386E-01 -2.865822E-02 -1.405028E-01  1.008656E+00
        85   4  2.270745E+00  7.950907E+00  1.365427E-01 -5.745778E-03  1.446594E-01  1.048982E+00
        85   5 -1.670884E+00 -7.640483E+00  1.365427E-01  1.617888E-01  1.470592E-01  8.957697E-01
        85   6 -2.242741E+00 -7.885564E+00 -1.085386E-01  1.388764E-01 -1.429026E-01  8.554438E-01
        85   7 -1.698888E+00 -7.705826E+00  1.085386E-01  2.865822E-02 -1.405028E-01  1.008656E+00
        85   8 -2.270745E+00 -7.950907E+00 -1.365427E-01  5.745778E-03  1.446594E-01  1.048982E+00
        86   1  1.119838E+00  3.732794E+00  3.677281E-12  7.664854E-01 -5.254211E-14  2.141121E+00
        86   2  1.119838E+00  3.732794E+00  1.544320E-12  7.664854E-01 -2.101684E-13  2.141121E+00
        86   3  1.119838E+00  3.732794E+00  3.473444E-12  7.664854E-01  1.751404E-14 -5.569079E-01
        86   4  1.119838E+00  3.732794E+00  1.054490E-12  7.664854E-01 -1.401123E-13 -5.569079E-01
        86   5 -1.119838E+00 -3.732794E+00  2.897682E-12 -7.664854E-01  8.757018E-14  2.141121E+00
        86   6 -1.119838E+00 -3.732794E+00  3.641532E-13 -7.664854E-01 -8.757018E-14  2.141121E+00
        86   7 -1.119838E+00 -3.732794E+00  3.303580E-12 -7.664854E-01  0.000000E+00 -5.569079E-01
        86   8 -1.119838E+00 -3.732794E+00  1.341149E-13 -7.664854E-01 -3.502807E-14 -5.569079E-01
        87   1  4.267173E-01  1.422391E+00 -2.840728E-11 -4.683339E+00  8.757018E-14 -6.492092E+00
        87   2  4.267173E-01  1.422391E+00 -3.773781E-11 -4.683339E+00 -3.502807E-14 -6.492092E+00
        87   3  4.267173E-01  1.422391E+00  3.157619E-11 -4.683339E+00  7.005614E-14  9.993260E+00
        87   4  4.267173E-01  1.422391E+00  2.201117E-11 -4.683339E+00 -2.846031E-14  9.993260E+00
        87   5 -4.267173E-01 -1.422391E+00 -2.839751E-11  4.683339E+00  4.378509E-14 -6.492092E+00
        87   6 -4.267173E-01 -1.422391E+00 -3.773237E-11  4.683339E+00  1.751404E-14 -6.492092E+00
        87   7 -4.267173E-01 -1.422391E+00  3.158540E-11  4.683339E+00  2.627105E-14  9.993260E+00
        87   8 -4.267173E-01 -1.422391E+00  2.201750E-11  4.683339E+00  1.751404E-14  9.993260E+00
        88   1  7.439637E-02  9.985910E-01 -6.507268E-01  3.495337E+00  1.459689E-02  4.298065E+00
        88   2 -3.579997E-02  9.513640E-01 -6.979538E-01  4.598803E+00  1.855849E-01  2.355965E+00
        88   3  1.423077E+00  4.145512E+00  6.979538E-01  3.469682E+00  7.000991E-02 -5.022764E+00
        88   4  1.312881E+00  4.098285E+00  6.507268E-01  4.573148E+00  1.301719E-01 -3.080664E+00
        88   5 -7.439637E-02 -9.985910E-01  6.507268E-01 -3.495337E+00  1.459689E-02  4.298065E+00
        88   6  3.579997E-02 -9.513640E-01  6.979538E-01 -4.598803E+00  1.855849E-01  2.355965E+00
        88   7 -1.423077E+00 -4.145512E+00 -6.979538E-01 -3.469682E+00  7.000991E-02 -5.022764E+00
        88   8 -1.312881E+00 -4.098285E+00 -6.507268E-01 -4.573148E+00  1.301719E-01 -3.080664E+00
        89   1 -3.278638E-01 -9.895226E-01 -6.925399E-02  5.338175E+00  2.795266E-01  2.512593E+00
        89   2  1.559642E-01 -7.821677E-01  1.381009E-01  5.248465E+00 -7.934478E-02  2.670482E+00
        89   3 -3.967107E-01 -1.150165E+00 -1.381009E-01  5.408901E+00  3.623025E-02 -3.237293E+00
        89   4  8.711728E-02 -9.428104E-01  6.925399E-02  5.319191E+00  1.639516E-01 -3.395181E+00
        89   5  3.278638E-01  9.895226E-01  6.925399E-02 -5.338175E+00  2.795266E-01  2.512593E+00
        89   6 -1.559642E-01  7.821677E-01 -1.381009E-01 -5.248465E+00 -7.934478E-02  2.670482E+00
        89   7  3.967107E-01  1.150165E+00  1.381009E-01 -5.408901E+00  3.623025E-02 -3.237293E+00
        89   8 -8.711728E-02  9.428104E-01 -6.925399E-02 -5.319191E+00  1.639516E-01 -3.395181E+00
        90   1 -1.896237E-01 -2.180674E+00 -2.840224E-02  5.285882E+00 -4.936827E-02  3.203815E+00
        90   2 -2.177227E-01 -2.192716E+00 -4.044464E-02  5.375591E+00 -1.508136E-01  3.045927E+00
        90   3 -1.207768E-01 -2.020031E+00  4.044464E-02  5.281774E+00 -3.523853E-02 -2.861848E+00
        90   4 -1.488758E-01 -2.032073E+00  2.840224E-02  5.371484E+00 -1.649433E-01 -2.703959E+00
        90   5  1.896237E-01  2.180674E+00  2.840224E-02 -5.285882E+00 -4.936827E-02  3.203815E+00
        90   6  2.177227E-01  2.192716E+00  4.044464E-02 -5.375591E+00 -1.508136E-01  3.045927E+00
        90   7  1.207768E-01  2.020031E+00 -4.044464E-02 -5.281774E+00 -3.523853E-02 -2.861848E+00
        90   8  1.488758E-01  2.032073E+00 -2.840224E-02 -5.371484E+00 -1.649433E-01 -2.703959E+00
        91   1  9.350234E-01  1.199584E+00  7.483830E-01  4.626196E+00 -2.447552E-01  2.889299E+00
        91   2  5.894907E-01  1.051498E+00  6.002976E-01  3.522730E+00  4.457340E-02  4.831399E+00
        91   3 -4.136572E-01 -1.947338E+00 -6.002976E-01  4.545755E+00 -7.100164E-02 -2.547331E+00
        91   4 -7.591899E-01 -2.095423E+00 -7.483830E-01  3.442289E+00 -1.291802E-01 -4.489431E+00
        91   5 -9.350234E-01 -1.199584E+00 -7.483830E-01 -4.626196E+00 -2.447552E-01  2.889299E+00
        91   6 -5.894907E-01 -1.051498E+00 -6.002976E-01 -3.522730E+00  4.457340E-02  4.831399E+00
        91   7  4.136572E-01  1.947338E+00  6.002976E-01 -4.545755E+00 -7.100164E-02 -2.547331E+00
        91   8  7.591899E-01  2.095423E+00  7.483830E-01 -3.442289E+00 -1.291802E-01 -4.489431E+00
        92   1 -1.017939E+00 -3.393130E+00  2.152944E-12  1.130118E+00  1.576263E-13  1.746637E-01
        92   2 -1.017939E+00 -3.393130E+00 -5.539791E-12  1.130118E+00 -1.050842E-13  1.746637E-01
        92   3 -1.017939E+00 -3.393130E+00  5.244249E-12  1.130118E+00  1.401123E-13 -3.803352E+00
        92   4 -1.017939E+00 -3.393130E+00 -1.507461E-12  1.130118E+00 -3.502807E-14 -3.803352E+00
        92   5  1.017939E+00  3.393130E+00  2.121192E-12 -1.130118E+00  1.751404E-13  1.746637E-01
        92   6  1.017939E+00  3.393130E+00 -5.392575E-12 -1.130118E+00 -1.401123E-13  1.746637E-01
        92   7  1.017939E+00  3.393130E+00  5.191847E-12 -1.130118E+00  1.050842E-13 -3.803352E+00
        92   8  1.017939E+00  3.393130E+00 -1.584066E-12 -1.130118E+00 -5.254211E-14 -3.803352E+00
        93   1  1.887707E-01  6.292356E-01  4.335993E-11  4.114069E+00  4.903930E-13  1.137594E+01
        93   2  1.887707E-01  6.292356E-01  2.915351E-11  4.114069E+00  4.903930E-13  1.137594E+01
        93   3  1.887707E-01  6.292356E-01  5.555445E-12  4.114069E+00  3.152526E-13 -3.105581E+00
        93   4  1.887707E-01  6.292356E-01 -9.209467E-12  4.114069E+00  4.553649E-13 -3.105581E+00
        93   5 -1.887707E-01 -6.292356E-01  4.240946E-11 -4.114069E+00  5.604491E-13  1.137594E+01
        93   6 -1.887707E-01 -6.292356E-01  2.772810E-11 -4.114069E+00  5.604491E-13  1.137594E+01
        93   7 -1.887707E-01 -6.292356E-01  4.606315E-12 -4.114069E+00  4.203368E-13 -3.105581E+00
        93   8 -1.887707E-01 -6.292356E-01 -1.021366E-11 -4.114069E+00  5.254211E-13 -3.105581E+00
        94   1  5.224899E+00  1.885939E+01  8.548087E-01 -1.313726E+00 -6.569904E-01 -3.371843E+00
        94   2  2.689598E+00  1.777283E+01 -2.317490E-01 -1.823502E+00  5.645110E-01 -2.474637E+00
        94   3  4.601840E+00  1.740558E+01  2.317490E-01 -1.903954E+00  6.179040E-01  9.341682E-01
        94   4  2.066538E+00  1.631903E+01 -8.548087E-01 -2.413731E+00 -7.103834E-01  3.696229E-02
        94   5 -5.224899E+00 -1.885939E+01 -8.548087E-01  1.313726E+00 -6.569904E-01 -3.371843E+00
        94   6 -2.689598E+00 -1.777283E+01  2.317490E-01  1.823502E+00  5.645110E-01 -2.474637E+00
        94   7 -4.601840E+00 -1.740558E+01 -2.317490E-01  1.903954E+00  6.179040E-01  9.341682E-01
        94   8 -2.066538E+00 -1.631903E+01  8.548087E-01  2.413731E+00 -7.103834E-01  3.696229E-02
        95   1 -1.185337E+00  5.188038E+00 -5.578739E-01 -2.667310E+00  5.629764E-01 -2.546995E+00
        95   2  1.343861E+00  6.271980E+00  5.260682E-01 -2.625866E+00 -6.554559E-01 -2.619936E+00
        95   3 -1.153532E+00  5.262251E+00 -5.260682E-01 -2.297594E+00 -7.088489E-01  1.093209E-01
        95   4  1.375667E+00  6.346193E+00  5.578739E-01 -2.256150E+00  6.163695E-01  1.822619E-01
        95   5  1.185337E+00 -5.188038E+00  5.578739E-01  2.667310E+00  5.629764E-01 -2.546995E+00
        95   6 -1.343861E+00 -6.271980E+00 -5.260682E-01  2.625866E+00 -6.554559E-01 -2.619936E+00
        95   7  1.153532E+00 -5.262251E+00  5.260682E-01  2.297594E+00 -7.088489E-01  1.093209E-01
        95   8 -1.375667E+00 -6.346193E+00 -5.578739E-01  2.256150E+00  6.163695E-01  1.822619E-01
        96   1 -1.378268E+00 -5.972163E+00 -4.139332E-01 -2.587619E+00  5.238842E-01 -2.086603E+00
        96   2  6.276335E-01 -5.112491E+00  4.457389E-01 -2.629063E+00 -4.314047E-01 -2.013662E+00
        96   3 -1.410074E+00 -6.046377E+00 -4.457389E-01 -2.294397E+00 -4.847978E-01  7.155953E-01
        96   4  5.958278E-01 -5.186704E+00  4.139332E-01 -2.335841E+00  5.772772E-01  6.426542E-01
        96   5  1.378268E+00  5.972163E+00  4.139332E-01  2.587619E+00  5.238842E-01 -2.086603E+00
        96   6 -6.276335E-01  5.112491E+00 -4.457389E-01  2.629063E+00 -4.314047E-01 -2.013662E+00
        96   7  1.410074E+00  6.046377E+00  4.457389E-01  2.294397E+00 -4.847978E-01  7.155953E-01
        96   8 -5.958278E-01  5.186704E+00 -4.139332E-01  2.335841E+00  5.772772E-01  6.426542E-01
        97   1 -1.693635E+00 -1.252684E+01  1.169984E-01 -1.885835E+00 -4.298702E-01 -1.941303E+00
        97   2 -3.693433E+00 -1.338390E+01 -7.400580E-01 -1.376059E+00  5.223496E-01 -2.838509E+00
        97   3 -1.070575E+00 -1.107304E+01  7.400580E-01 -2.351397E+00  5.757427E-01  5.702956E-01
        97   4 -3.070373E+00 -1.193009E+01 -1.169984E-01 -1.841621E+00 -4.832632E-01  1.467502E+00
        97   5  1.693635E+00  1.252684E+01 -1.169984E-01  1.885835E+00 -4.298702E-01 -1.941303E+00
        97   6  3.693433E+00  1.338390E+01  7.400580E-01  1.376059E+00  5.223496E-01 -2.838509E+00
        97   7  1.070575E+00  1.107304E+01 -7.400580E-01  2.351397E+00  5.757427E-01  5.702956E-01
        97   8  3.070373E+00  1.193009E+01  1.169984E-01  1.841621E+00 -4.832632E-01  1.467502E+00
        98   1 -2.102635E+00 -7.008784E+00 -2.875922E-12 -8.185529E-01  5.954772E-13 -1.850134E+00
        98   2 -2.102635E+00 -7.008784E+00 -1.339018E-11 -8.185529E-01  1.751404E-13 -1.850134E+00
        98   3 -2.102635E+00 -7.008784E+00 -3.620659E-12 -8.185529E-01  3.502807E-13  1.031173E+00
        98   4 -2.102635E+00 -7.008784E+00 -1.604850E-11 -8.185529E-01  3.152526E-13  1.031173E+00
        98   5  2.102635E+00  7.008784E+00 -1.132872E-12  8.185529E-01  3.152526E-13 -1.850134E+00
        98   6  2.102635E+00  7.008784E+00 -1.089484E-11  8.185529E-01  3.152526E-13 -1.850134E+00
        98   7  2.102635E+00  7.008784E+00 -2.139178E-12  8.185529E-01  1.751404E-13  1.031173E+00
        98   8  2.102635E+00  7.008784E+00 -1.361844E-11  8.185529E-01  3.853088E-13  1.031173E+00
        99   1  0.000000E+00  0.000000E+00  0.000000E+00  0.000000E+00  0.000000E+00  0.000000E+00
        99   2  0.000000E+00  0.000000E+00  0.000000E+00  0.000000E+00  0.000000E+00  0.000000E+00
        99   3  0.000000E+00  0.000000E+00  0.000000E+00  0.000000E+00  0.000000E+00  0.000000E+00
        99   4  0.000000E+00  0.000000E+00  0.000000E+00  0.000000E+00  0.000000E+00  0.000000E+00
        99   5  0.000000E+00  0.000000E+00  0.000000E+00  0.000000E+00  0.000000E+00  0.000000E+00
        99   6  0.000000E+00  0.000000E+00  0.000000E+00  0.000000E+00  0.000000E+00  0.000000E+00
        99   7  0.000000E+00  0.000000E+00  0.000000E+00  0.000000E+00  0.000000E+00  0.000000E+00
        99   8  0.000000E+00  0.000000E+00  0.000000E+00  0.000000E+00  0.000000E+00  0.000000E+00
       100   1  1.721637E+00  5.738791E+00 -3.365086E-11 -2.098963E+00  4.203368E-13 -7.614694E+00
       100   2  1.721637E+00  5.738791E+00 -2.725953E-11 -2.098963E+00 -2.276825E-13 -7.614694E+00
       100   3  1.721637E+00  5.738791E+00 -5.186962E-12 -2.098963E+00  2.451965E-13 -2.263428E-01
       100   4  1.721637E+00  5.738791E+00 -1.001421E-12 -2.098963E+00  0.000000E+00 -2.263428E-01
       100   5 -1.721637E+00 -5.738791E+00 -2.982325E-11  2.098963E+00  3.152526E-13 -7.614694E+00
       100   6 -1.721637E+00 -5.738791E+00 -2.420331E-11  2.098963E+00 -4.553649E-13 -7.614694E+00
       100   7 -1.721637E+00 -5.738791E+00 -6.757261E-12  2.098963E+00  1.050842E-13 -2.263428E-01
       100   8 -1.721637E+00 -5.738791E+00 -5.538237E-12  2.098963E+00 -2.276825E-13 -2.263428E-01
       101   1 -2.135772E+00 -8.494046E+00 -4.250455E-01 -2.336809E-01  4.992634E-01 -5.186975E-02
       101   2 -1.499430E-01 -7.642977E+00  4.260239E-01 -2.344814E-01 -4.994086E-01 -5.046093E-02
       101   3 -2.136750E+00 -8.496329E+00 -4.260239E-01  2.286284E-01 -4.993247E-01 -4.510831E-02
       101   4 -1.509214E-01 -7.645259E+00  4.250455E-01  2.278279E-01  4.991795E-01 -4.651713E-02
       101   5  2.135772E+00  8.494046E+00  4.250455E-01  2.336809E-01  4.992634E-01 -5.186975E-02
       101   6  1.499430E-01  7.642977E+00 -4.260239E-01  2.344814E-01 -4.994086E-01 -5.046093E-02
       101   7  2.136750E+00  8.496329E+00  4.260239E-01 -2.286284E-01 -4.993247E-01 -4.510831E-02
       101   8  1.509214E-01  7.645259E+00 -4.250455E-01 -2.278279E-01  4.991795E-01 -4.651713E-02
       102   1 -4.755369E-02 -8.479278E+00  6.072665E-02  1.682346E-02 -7.139643E-02 -5.057455E-02
       102   2 -3.310613E-01 -8.600781E+00 -6.077659E-02  1.688853E-02  7.125121E-02 -5.068908E-02
       102   3 -4.750375E-02 -8.479161E+00  6.077659E-02 -2.461951E-02  7.116737E-02 -4.640351E-02
       102   4 -3.310113E-01 -8.600665E+00 -6.072665E-02 -2.455443E-02 -7.131259E-02 -4.628898E-02
       102   5  4.755369E-02  8.479278E+00 -6.072665E-02 -1.682346E-02 -7.139643E-02 -5.057455E-02
       102   6  3.310613E-01  8.600781E+00  6.077659E-02 -1.688853E-02  7.125121E-02 -5.068908E-02
       102   7  4.750375E-02  8.479161E+00 -6.077659E-02  2.461951E-02  7.116737E-02 -4.640351E-02
       102   8  3.310113E-01  8.600665E+00  6.072665E-02  2.455443E-02 -7.131259E-02 -4.628898E-02
       103   1  3.000174E-01 -5.778072E+00  1.619504E-01  5.139744E-02 -1.899619E-01  4.826443E-01
       103   2 -4.556348E-01 -6.101923E+00 -1.619005E-01  5.133237E-02  1.901071E-01  4.827588E-01
       103   3  2.999675E-01 -5.778188E+00  1.619005E-01 -5.906335E-02  1.900232E-01  4.870444E-01
       103   4 -4.556848E-01 -6.102039E+00 -1.619504E-01 -5.912842E-02 -1.898780E-01  4.869298E-01
       103   5 -3.000174E-01  5.778072E+00 -1.619504E-01 -5.139744E-02 -1.899619E-01  4.826443E-01
       103   6  4.556348E-01  6.101923E+00  1.619005E-01 -5.133237E-02  1.901071E-01  4.827588E-01
       103   7 -2.999675E-01  5.778188E+00 -1.619005E-01  5.906335E-02  1.900232E-01  4.870444E-01
       103   8  4.556848E-01  6.102039E+00  1.619504E-01  5.912842E-02 -1.898780E-01  4.869298E-01
       104   1  7.106739E-01 -1.035599E+00  2.023684E-01  1.068675E-01 -2.379050E-01  4.828724E-01
       104   2 -2.359948E-01 -1.441315E+00 -2.033468E-01  1.076680E-01  2.380503E-01  4.814636E-01
       104   3  7.116523E-01 -1.033317E+00  2.033468E-01 -1.135210E-01  2.381341E-01  4.868162E-01
       104   4 -2.350165E-01 -1.439032E+00 -2.023684E-01 -1.127205E-01 -2.379889E-01  4.882250E-01
       104   5 -7.106739E-01  1.035599E+00 -2.023684E-01 -1.068675E-01 -2.379050E-01  4.828724E-01
       104   6  2.359948E-01  1.441315E+00  2.033468E-01 -1.076680E-01  2.380503E-01  4.814636E-01
       104   7 -7.116523E-01  1.033317E+00 -2.033468E-01  1.135210E-01  2.381341E-01  4.868162E-01
       104   8  2.350165E-01  1.439032E+00  2.023684E-01  1.127205E-01 -2.379889E-01  4.882250E-01
       105   1  2.652209E-02  8.840696E-02 -2.293263E-12 -1.950954E-01  5.429351E-13  2.783007E-01
       105   2  2.652209E-02  8.840696E-02 -1.845725E-12 -1.950954E-01 -4.553649E-13  2.783007E-01
       105   3  2.652209E-02  8.840696E-02  1.346145E-14 -1.950954E-01  1.225982E-13  9.650364E-01
       105   4  2.652209E-02  8.840696E-02  4.679243E-13 -1.950954E-01 -4.553649E-13  9.650364E-01
       105   5 -2.652209E-02 -8.840696E-02  3.499083E-12  1.950954E-01 -8.757018E-14  2.783007E-01
       105   6 -2.652209E-02 -8.840696E-02  6.126211E-13  1.950954E-01 -2.451965E-13  2.783007E-01
       105   7 -2.652209E-02 -8.840696E-02  3.857623E-12  1.950954E-01  1.576263E-13  9.650364E-01
       105   8 -2.652209E-02 -8.840696E-02  8.436724E-13  1.950954E-01 -1.050842E-13  9.650364E-01
       106   1  0.000000E+00  0.000000E+00  0.000000E+00  0.000000E+00  0.000000E+00  0.000000E+00
       106   2  0.000000E+00  0.000000E+00  0.000000E+00  0.000000E+00  0.000000E+00  0.000000E+00
       106   3  0.000000E+00  0.000000E+00  0.000000E+00  0.000000E+00  0.000000E+00  0.000000E+00
       106   4  0.000000E+00  0.000000E+00  0.000000E+00  0.000000E+00  0.000000E+00  0.000000E+00
       106   5  0.000000E+00  0.000000E+00  0.000000E+00  0.000000E+00  0.000000E+00  0.000000E+00
       106   6  0.000000E+00  0.000000E+00  0.000000E+00  0.000000E+00  0.000000E+00  0.000000E+00
       106   7  0.000000E+00  0.000000E+00  0.000000E+00  0.000000E+00  0.000000E+00  0.000000E+00
       106   8  0.000000E+00  0.000000E+00  0.000000E+00  0.000000E+00  0.000000E+00  0.000000E+00
       107   1 -3.291157E-01 -1.097052E+00  1.627931E-11  9.670430E-01  3.853088E-13  2.800360E+00
       107   2 -3.291157E-01 -1.097052E+00  1.827127E-11  9.670430E-01 -7.005614E-14  2.800360E+00
       107   3 -3.291157E-01 -1.097052E+00 -4.907186E-14  9.670430E-01  2.627105E-14 -6.036318E-01
       107   4 -3.291157E-01 -1.097052E+00  1.028133E-11  9.670430E-01 -7.093184E-13 -6.036318E-01
       107   5  3.291157E-01  1.097052E+00  1.615463E-11 -9.670430E-01 -7.005614E-14  2.800360E+00
       107   6  3.291157E-01  1.097052E+00  1.838485E-11 -9.670430E-01 -8.231596E-13  2.800360E+00
       107   7  3.291157E-01  1.097052E+00  3.169687E-13 -9.670430E-01 -5.692061E-13 -6.036318E-01
       107   8  3.291157E-01  1.097052E+00  3.771761E-12 -9.670430E-01 -1.409880E-12 -6.036318E-01
       108   1 -6.212340E-01 -2.925064E+00 -1.001974E-01 -7.705422E-01  2.569101E-01 -1.118384E+00
       108   2  4.318725E-01 -2.473733E+00  3.511339E-01 -9.758539E-01 -2.941560E-01 -7.570352E-01
       108   3 -8.721705E-01 -3.510583E+00 -3.511339E-01 -5.253745E-01 -2.726521E-01  6.158568E-01
       108   4  1.809360E-01 -3.059251E+00  1.001974E-01 -7.306862E-01  2.354061E-01  2.545082E-01
       108   5  6.212340E-01  2.925064E+00  1.001974E-01  7.705422E-01  2.569101E-01 -1.118384E+00
       108   6 -4.318725E-01  2.473733E+00 -3.511339E-01  9.758539E-01 -2.941560E-01 -7.570352E-01
       108   7  8.721705E-01  3.510583E+00  3.511339E-01  5.253745E-01 -2.726521E-01  6.158568E-01
       108   8 -1.809360E-01  3.059251E+00 -1.001974E-01  7.306862E-01  2.354061E-01  2.545082E-01
       109   1 -2.506633E-01 -5.488377E+00 -5.055311E-02 -1.014863E+00  2.242564E-02 -7.861776E-01
       109   2 -4.463806E-02 -5.400081E+00  3.774341E-02 -9.981714E-01 -5.967162E-02 -8.155545E-01
       109   3 -2.378536E-01 -5.458488E+00 -3.774341E-02 -9.847462E-01 -8.117560E-02  2.836505E-01
       109   4 -3.182836E-02 -5.370191E+00  5.055311E-02 -9.680547E-01  4.392962E-02  3.130275E-01
       109   5  2.506633E-01  5.488377E+00  5.055311E-02  1.014863E+00  2.242564E-02 -7.861776E-01
       109   6  4.463806E-02  5.400081E+00 -3.774341E-02  9.981714E-01 -5.967162E-02 -8.155545E-01
       109   7  2.378536E-01  5.458488E+00  3.774341E-02  9.847462E-01 -8.117560E-02  2.836505E-01
       109   8  3.182836E-02  5.370191E+00 -5.055311E-02  9.680547E-01  4.392962E-02  3.130275E-01
       110   1  1.272172E-02 -5.170919E+00  6.627392E-02 -9.626926E-01 -6.237537E-02 -2.822211E-01
       110   2 -2.666673E-01 -5.290657E+00 -5.346422E-02 -9.793840E-01  9.962135E-02 -2.528442E-01
       110   3 -8.798006E-05 -5.200808E+00  5.346422E-02 -1.003534E+00  7.811738E-02  8.463608E-01
       110   4 -2.794770E-01 -5.320546E+00 -6.627392E-02 -1.020225E+00 -4.087139E-02  8.169839E-01
       110   5 -1.272172E-02  5.170919E+00 -6.627392E-02  9.626926E-01 -6.237537E-02 -2.822211E-01
       110   6  2.666673E-01  5.290657E+00  5.346422E-02  9.793840E-01  9.962135E-02 -2.528442E-01
       110   7  8.798005E-05  5.200808E+00 -5.346422E-02  1.003534E+00  7.811738E-02  8.463608E-01
       110   8  2.794770E-01  5.320546E+00  6.627392E-02  1.020225E+00 -4.087139E-02  8.169839E-01
       111   1  2.417639E-01 -2.592615E+00  8.447660E-02 -7.392259E-01 -2.169603E-01 -2.237019E-01
       111   2 -7.379788E-01 -3.012505E+00 -3.354131E-01 -5.339142E-01  2.542063E-01 -5.850505E-01
       111   3  4.927004E-01 -2.007096E+00  3.354131E-01 -9.673142E-01  2.757103E-01  7.878415E-01
       111   4 -4.870423E-01 -2.426986E+00 -8.447660E-02 -7.620025E-01 -2.384643E-01  1.149190E+00
       111   5 -2.417639E-01  2.592615E+00 -8.447660E-02  7.392259E-01 -2.169603E-01 -2.237019E-01
       111   6  7.379788E-01  3.012505E+00  3.354131E-01  5.339142E-01  2.542063E-01 -5.850505E-01
       111   7 -4.927004E-01  2.007096E+00 -3.354131E-01  9.673142E-01  2.757103E-01  7.878415E-01
       111   8  4.870423E-01  2.426986E+00  8.447660E-02  7.620025E-01 -2.384643E-01  1.149190E+00
       112   1  4.998835E-01  1.666278E+00  1.515899E-12 -1.394068E-01  1.620048E-13  2.731646E-01
       112   2  4.998835E-01  1.666278E+00 -1.017963E-12 -1.394068E-01 -6.261268E-13  2.731646E-01
       112   3  4.998835E-01  1.666278E+00 -1.765144E-12 -1.394068E-01 -2.145469E-13  7.638767E-01
       112   4  4.998835E-01  1.666278E+00 -3.563816E-12 -1.394068E-01 -8.757018E-13  7.638767E-01
       112   5 -4.998835E-01 -1.666278E+00  6.261658E-14  1.394068E-01  4.597434E-13  2.731646E-01
       112   6 -4.998835E-01 -1.666278E+00  1.444622E-12  1.394068E-01 -3.283882E-13  2.731646E-01
       112   7 -4.998835E-01 -1.666278E+00 -1.256995E-12  1.394068E-01 -2.014114E-13  7.638767E-01
       112   8 -4.998835E-01 -1.666278E+00 -1.099676E-12  1.394068E-01 -2.627105E-13  7.638767E-01
       113   1  0.000000E+00  0.000000E+00  0.000000E+00  0.000000E+00  0.000000E+00  0.000000E+00
       113   2  0.000000E+00  0.000000E+00  0.000000E+00  0.000000E+00  0.000000E+00  0.000000E+00
       113   3  0.000000E+00  0.000000E+00  0.000000E+00  0.000000E+00  0.000000E+00  0.000000E+00
       113   4  0.000000E+00  0.000000E+00  0.000000E+00  0.000000E+00  0.000000E+00  0.000000E+00
       113   5  0.000000E+00  0.000000E+00  0.000000E+00  0.000000E+00  0.000000E+00  0.000000E+00
       113   6  0.000000E+00  0.000000E+00  0.000000E+00  0.000000E+00  0.000000E+00  0.000000E+00
       113   7  0.000000E+00  0.000000E+00  0.000000E+00  0.000000E+00  0.000000E+00  0.000000E+00
       113   8  0.000000E+00  0.000000E+00  0.000000E+00  0.000000E+00  0.000000E+00  0.000000E+00
       114   1  1.837246E-01  6.124152E-01 -1.089628E-11 -4.575762E-01  1.401123E-13 -2.749289E+00
       114   2  1.837246E-01  6.124152E-01 -8.952505E-12 -4.575762E-01  1.190954E-12 -2.749289E+00
       114   3  1.837246E-01  6.124152E-01 -3.541945E-12 -4.575762E-01  1.926544E-13 -1.138620E+00
       114   4  1.837246E-01  6.124152E-01  7.660539E-15 -4.575762E-01  6.655333E-13 -1.138620E+00
       114   5 -1.837246E-01 -6.124152E-01 -9.242940E-12  4.575762E-01  1.576263E-13 -2.749289E+00
       114   6 -1.837246E-01 -6.124152E-01 -1.070521E-11  4.575762E-01  2.451965E-13 -2.749289E+00
       114   7 -1.837246E-01 -6.124152E-01  1.546374E-12  4.575762E-01  3.502807E-13 -1.138620E+00
       114   8 -1.837246E-01 -6.124152E-01  2.100542E-13  4.575762E-01  9.107298E-13 -1.138620E+00
       115   1 -2.413905E+00 -9.429555E+00 -4.948068E-01  2.112240E-02  5.241619E-01  3.800095E-01
       115   2 -3.418441E-01 -8.541528E+00  3.932195E-01  1.042393E-01 -5.090835E-01  2.337237E-01
       115   3 -2.312318E+00 -9.192517E+00 -3.932195E-01  5.035071E-01 -5.177890E-01 -3.220678E-01
       115   4 -2.402568E-01 -8.304491E+00  4.948068E-01  5.866239E-01  5.328674E-01 -1.757821E-01
       115   5  2.413905E+00  9.429555E+00  4.948068E-01 -2.112240E-02  5.241619E-01  3.800095E-01
       115   6  3.418441E-01  8.541528E+00 -3.932195E-01 -1.042393E-01 -5.090835E-01  2.337237E-01
       115   7  2.312318E+00  9.192517E+00  3.932195E-01 -5.035071E-01 -5.177890E-01 -3.220678E-01
       115   8  2.402568E-01  8.304491E+00 -4.948068E-01 -5.866239E-01  5.328674E-01 -1.757821E-01
       116   1  2.596960E-02 -8.480001E+00  1.025627E-01  4.388518E-01 -1.054059E-01  2.455215E-01
       116   2 -4.405561E-01 -8.679940E+00 -9.737690E-02  4.320945E-01  1.204843E-01  2.574143E-01
       116   3  2.078381E-02 -8.492101E+00  9.737690E-02  3.706553E-01  1.291898E-01 -1.875799E-01
       116   4 -4.457419E-01 -8.692041E+00 -1.025627E-01  3.638981E-01 -1.141114E-01 -1.994726E-01
       116   5 -2.596960E-02  8.480001E+00 -1.025627E-01 -4.388518E-01 -1.054059E-01  2.455215E-01
       116   6  4.405561E-01  8.679940E+00  9.737690E-02 -4.320945E-01  1.204843E-01  2.574143E-01
       116   7 -2.078381E-02  8.492101E+00 -9.737690E-02 -3.706553E-01  1.291898E-01 -1.875799E-01
       116   8  4.457419E-01  8.692041E+00  1.025627E-01 -3.638981E-01 -1.141114E-01 -1.994726E-01
       117   1  4.093217E-01 -4.867339E+00  1.991717E-01  4.668152E-01 -2.399236E-01  7.907476E-01
       117   2 -5.322465E-01 -5.270868E+00 -2.043575E-01  4.735725E-01  2.248452E-01  7.788549E-01
       117   3  4.145075E-01 -4.855239E+00  2.043575E-01  3.291774E-01  2.335507E-01  3.338607E-01
       117   4 -5.270607E-01 -5.258768E+00 -1.991717E-01  3.359346E-01 -2.486291E-01  3.457535E-01
       117   5 -4.093217E-01  4.867339E+00 -1.991717E-01 -4.668152E-01 -2.399236E-01  7.907476E-01
       117   6  5.322465E-01  5.270868E+00  2.043575E-01 -4.735725E-01  2.248452E-01  7.788549E-01
       117   7 -4.145075E-01  4.855239E+00 -2.043575E-01 -3.291774E-01  2.335507E-01  3.338607E-01
       117   8  5.270607E-01  5.258768E+00  1.991717E-01 -3.359346E-01 -2.486291E-01  3.457535E-01
       118   1  9.272317E-01  6.518040E-01  1.930724E-01  4.227188E-01 -1.788323E-01  7.670571E-01
       118   2  2.632642E-01  3.672465E-01 -9.148509E-02  3.396019E-01  1.637540E-01  9.133428E-01
       118   3  8.256444E-01  4.147669E-01  9.148509E-02  2.681444E-01  1.550484E-01  3.575512E-01
       118   4  1.616769E-01  1.302095E-01 -1.930724E-01  1.850275E-01 -1.701268E-01  2.112655E-01
       118   5 -9.272317E-01 -6.518040E-01 -1.930724E-01 -4.227188E-01 -1.788323E-01  7.670571E-01
       118   6 -2.632642E-01 -3.672465E-01  9.148509E-02 -3.396019E-01  1.637540E-01  9.133428E-01
       118   7 -8.256444E-01 -4.147669E-01 -9.148509E-02 -2.681444E-01  1.550484E-01  3.575512E-01
       118   8 -1.616769E-01 -1.302095E-01  1.930724E-01 -1.850275E-01 -1.701268E-01  2.112655E-01
       119   1  1.000351E+00  3.334502E+00  1.651346E-12 -1.314812E-02 -5.254211E-14  7.741944E-01
       119   2  1.000351E+00  3.334502E+00 -2.860379E-12 -1.314812E-02  7.881316E-13  7.741944E-01
       119   3  1.000351E+00  3.334502E+00 -2.533307E-12 -1.314812E-02  2.101684E-13  8.204757E-01
       119   4  1.000351E+00  3.334502E+00  2.393419E-12 -1.314812E-02  5.429351E-13  8.204757E-01
       119   5 -1.000351E+00 -3.334502E+00 -2.312373E-12  1.314812E-02  1.050842E-13  7.741944E-01
       119   6 -1.000351E+00 -3.334502E+00 -2.755352E-12  1.314812E-02  4.203368E-13  7.741944E-01
       119   7 -1.000351E+00 -3.334502E+00 -1.104228E-12  1.314812E-02  3.327667E-13  8.204757E-01
       119   8 -1.000351E+00 -3.334502E+00 -5.662137E-13  1.314812E-02  1.033328E-12  8.204757E-01
       120   1  0.000000E+00  0.000000E+00  0.000000E+00  0.000000E+00  0.000000E+00  0.000000E+00
       120   2  0.000000E+00  0.000000E+00  0.000000E+00  0.000000E+00  0.000000E+00  0.000000E+00
       120   3  0.000000E+00  0.000000E+00  0.000000E+00  0.000000E+00  0.000000E+00  0.000000E+00
       120   4  0.000000E+00  0.000000E+00  0.000000E+00  0.000000E+00  0.000000E+00  0.000000E+00
       120   5  0.000000E+00  0.000000E+00  0.000000E+00  0.000000E+00  0.000000E+00  0.000000E+00
       120   6  0.000000E+00  0.000000E+00  0.000000E+00  0.000000E+00  0.000000E+00  0.000000E+00
       120   7  0.000000E+00  0.000000E+00  0.000000E+00  0.000000E+00  0.000000E+00  0.000000E+00
       120   8  0.000000E+00  0.000000E+00  0.000000E+00  0.000000E+00  0.000000E+00  0.000000E+00
       121   1 -2.369664E-01 -7.898881E-01  7.795542E-12 -1.749793E-01  1.050842E-13 -1.018284E-01
       121   2 -2.369664E-01 -7.898881E-01  5.294598E-12 -1.749793E-01 -2.451965E-13 -1.018284E-01
       121   3 -2.369664E-01 -7.898881E-01  1.626810E-12 -1.749793E-01  1.050842E-13  5.140988E-01
       121   4 -2.369664E-01 -7.898881E-01  3.186618E-12 -1.749793E-01 -3.152526E-13  5.140988E-01
       121   5  2.369664E-01  7.898881E-01  7.336798E-12  1.749793E-01  1.401123E-13 -1.018284E-01
       121   6  2.369664E-01  7.898881E-01  9.572954E-12  1.749793E-01 -7.355895E-13 -1.018284E-01
       121   7  2.369664E-01  7.898881E-01  2.890910E-12  1.749793E-01  2.451965E-13  5.140988E-01
       121   8  2.369664E-01  7.898881E-01  2.284173E-12  1.749793E-01 -6.655333E-13  5.140988E-01
       122   1 -3.710373E-01 -1.657211E+00 -2.002354E-01  1.965564E-01  1.755309E-01  1.097236E-01
       122   2  3.137497E-01 -1.363731E+00  9.324473E-02  2.840943E-01 -1.596505E-01 -4.434299E-02
       122   3 -2.640466E-01 -1.407566E+00 -9.324473E-02  3.559778E-01 -1.688191E-01 -6.296968E-01
       122   4  4.207404E-01 -1.114086E+00  2.002354E-01  4.435156E-01  1.846995E-01 -4.756302E-01
       122   5  3.710373E-01  1.657211E+00  2.002354E-01 -1.965564E-01  1.755309E-01  1.097236E-01
       122   6 -3.137497E-01  1.363731E+00 -9.324473E-02 -2.840943E-01 -1.596505E-01 -4.434299E-02
       122   7  2.640466E-01  1.407566E+00  9.324473E-02 -3.559778E-01 -1.688191E-01 -6.296968E-01
       122   8 -4.207404E-01  1.114086E+00 -2.002354E-01 -4.435156E-01  1.846995E-01 -4.756302E-01
       123   1 -2.551497E-01 -3.950711E+00 -4.696741E-02  4.093308E-01  7.083706E-02 -3.191771E-02
       123   2 -2.322468E-02 -3.851315E+00  5.242903E-02  4.022142E-01 -5.495665E-02 -1.939240E-02
       123   3 -2.606113E-01 -3.963455E+00 -5.242903E-02  4.432335E-01 -4.578810E-02 -4.880555E-01
       123   4 -2.868630E-02 -3.864058E+00  4.696741E-02  4.361168E-01  6.166850E-02 -5.005808E-01
       123   5  2.551497E-01  3.950711E+00  4.696741E-02 -4.093308E-01  7.083706E-02 -3.191771E-02
       123   6  2.322468E-02  3.851315E+00 -5.242903E-02 -4.022142E-01 -5.495665E-02 -1.939240E-02
       123   7  2.606113E-01  3.963455E+00  5.242903E-02 -4.432335E-01 -4.578810E-02 -4.880555E-01
       123   8  2.868630E-02  3.864058E+00 -4.696741E-02 -4.361168E-01  6.166850E-02 -5.005808E-01
       124   1 -9.365758E-03 -3.777638E+00  5.378524E-02  4.384423E-01 -6.966808E-02  5.139409E-01
       124   2 -2.731073E-01 -3.890670E+00 -5.924685E-02  4.455589E-01  5.378768E-02  5.014156E-01
       124   3 -3.904143E-03 -3.764894E+00  5.924685E-02  3.998887E-01  6.295623E-02  3.275252E-02
       124   4 -2.676457E-01 -3.877926E+00 -5.378524E-02  4.070054E-01 -7.883664E-02  4.527783E-02
       124   5  9.365758E-03  3.777638E+00 -5.378524E-02 -4.384423E-01 -6.966808E-02  5.139409E-01
       124   6  2.731073E-01  3.890670E+00  5.924685E-02 -4.455589E-01  5.378768E-02  5.014156E-01
       124   7  3.904143E-03  3.764894E+00 -5.924685E-02 -3.998887E-01  6.295623E-02  3.275252E-02
       124   8  2.676457E-01  3.877926E+00  5.378524E-02 -4.070054E-01 -7.883664E-02  4.527783E-02
       125   1  4.471203E-01 -9.117147E-01  1.934176E-01  4.398121E-01 -1.766999E-01  4.889903E-01
       125   2 -2.058501E-01 -1.191559E+00 -8.642691E-02  3.522742E-01  1.608195E-01  6.430569E-01
       125   3  3.401297E-01 -1.161360E+00  8.642691E-02  2.877978E-01  1.516510E-01  5.770311E-02
       125   4 -3.128408E-01 -1.441204E+00 -1.934176E-01  2.002600E-01 -1.675314E-01 -9.636346E-02
       125   5 -4.471203E-01  9.117147E-01 -1.934176E-01 -4.398121E-01 -1.766999E-01  4.889903E-01
       125   6  2.058501E-01  1.191559E+00  8.642691E-02 -3.522742E-01  1.608195E-01  6.430569E-01
       125   7 -3.401297E-01  1.161360E+00 -8.642691E-02 -2.877978E-01  1.516510E-01  5.770311E-02
       125   8  3.128408E-01  1.441204E+00  1.934176E-01 -2.002600E-01 -1.675314E-01 -9.636346E-02
       126   1  2.083980E-01  6.946602E-01 -1.009692E-12  6.251090E-01 -4.903930E-13  1.330680E+00
       126   2  2.083980E-01  6.946602E-01  1.701639E-12  6.251090E-01 -1.751404E-13  1.330680E+00
       126   3  2.083980E-01  6.946602E-01 -2.031264E-12  6.251090E-01 -3.853088E-13 -8.697038E-01
       126   4  2.083980E-01  6.946602E-01  1.346145E-13  6.251090E-01 -2.451965E-13 -8.697038E-01
       126   5 -2.083980E-01 -6.946602E-01 -1.971534E-12 -6.251090E-01 -2.802246E-13  1.330680E+00
       126   6 -2.083980E-01 -6.946602E-01  1.337430E-12 -6.251090E-01 -4.553649E-13  1.330680E+00
       126   7 -2.083980E-01 -6.946602E-01 -1.767531E-12 -6.251090E-01 -1.751404E-13 -8.697038E-01
       126   8 -2.083980E-01 -6.946602E-01  1.935119E-13 -6.251090E-01 -3.152526E-13 -8.697038E-01
       127   1  0.000000E+00  0.000000E+00  0.000000E+00  0.000000E+00  0.000000E+00  0.000000E+00
       127   2  0.000000E+00  0.000000E+00  0.000000E+00  0.000000E+00  0.000000E+00  0.000000E+00
       127   3  0.000000E+00  0.000000E+00  0.000000E+00  0.000000E+00  0.000000E+00  0.000000E+00
       127   4  0.000000E+00  0.000000E+00  0.000000E+00  0.000000E+00  0.000000E+00  0.000000E+00
       127   5  0.000000E+00  0.000000E+00  0.000000E+00  0.000000E+00  0.000000E+00  0.000000E+00
       127   6  0.000000E+00  0.000000E+00  0.000000E+00  0.000000E+00  0.000000E+00  0.000000E+00
       127   7  0.000000E+00  0.000000E+00  0.000000E+00  0.000000E+00  0.000000E+00  0.000000E+00
       127   8  0.000000E+00  0.000000E+00  0.000000E+00  0.000000E+00  0.000000E+00  0.000000E+00
       128   1 -3.497514E-01 -1.165838E+00 -1.463052E-12 -1.621473E-01 -3.853088E-13  9.786672E-01
       128   2 -3.497514E-01 -1.165838E+00 -1.942557E-12 -1.621473E-01 -1.050842E-13  9.786672E-01
       128   3 -3.497514E-01 -1.165838E+00 -4.573009E-13 -1.621473E-01 -2.101684E-13  1.549426E+00
       128   4 -3.497514E-01 -1.165838E+00  1.300515E-12 -1.621473E-01 -2.101684E-13  1.549426E+00
       128   5  3.497514E-01  1.165838E+00 -1.606160E-12  1.621473E-01 -3.152526E-13  9.786672E-01
       128   6  3.497514E-01  1.165838E+00 -1.914469E-12  1.621473E-01 -1.401123E-13  9.786672E-01
       128   7  3.497514E-01  1.165838E+00 -5.544454E-13  1.621473E-01 -1.401123E-13  1.549426E+00
       128   8  3.497514E-01  1.165838E+00  1.237233E-12  1.621473E-01 -2.451965E-13  1.549426E+00
       129   1  7.678005E-01  2.711845E+00 -7.702387E-03  2.351839E-01 -3.753995E-02 -7.561385E-02
       129   2  6.080299E-01  2.643372E+00 -7.617553E-02  3.038113E-01  4.998978E-02 -1.963980E-01
       129   3  8.516784E-01  2.907561E+00  7.617553E-02  1.979886E-01  4.280187E-02 -6.553002E-01
       129   4  6.919078E-01  2.839087E+00  7.702387E-03  2.666160E-01 -3.035204E-02 -5.345160E-01
       129   5 -7.678005E-01 -2.711845E+00  7.702387E-03 -2.351839E-01 -3.753995E-02 -7.561385E-02
       129   6 -6.080299E-01 -2.643372E+00  7.617553E-02 -3.038113E-01  4.998978E-02 -1.963980E-01
       129   7 -8.516784E-01 -2.907561E+00 -7.617553E-02 -1.979886E-01  4.280187E-02 -6.553002E-01
       129   8 -6.919078E-01 -2.839087E+00 -7.702387E-03 -2.666160E-01 -3.035204E-02 -5.345160E-01
       130   1 -3.637158E-01 -8.696796E-01 -1.032556E-01  2.982450E-01  1.334841E-01 -1.866569E-01
       130   2  1.281344E-01 -6.588866E-01  1.075374E-01  2.926657E-01 -1.210342E-01 -1.768374E-01
       130   3 -3.679975E-01 -8.796704E-01 -1.075374E-01  3.701433E-01 -1.138463E-01 -5.442571E-01
       130   4  1.238527E-01 -6.688774E-01  1.032556E-01  3.645641E-01  1.262961E-01 -5.540766E-01
       130   5  3.637158E-01  8.696796E-01  1.032556E-01 -2.982450E-01  1.334841E-01 -1.866569E-01
       130   6 -1.281344E-01  6.588866E-01 -1.075374E-01 -2.926657E-01 -1.210342E-01 -1.768374E-01
       130   7  3.679975E-01  8.796704E-01  1.075374E-01 -3.701433E-01 -1.138463E-01 -5.442571E-01
       130   8 -1.238527E-01  6.688774E-01 -1.032556E-01 -3.645641E-01  1.262961E-01 -5.540766E-01
       131   1 -1.618758E-01 -1.946942E+00  2.427869E-03  3.301732E-01 -7.991626E-03  3.564959E-01
       131   2 -1.831966E-01 -1.956079E+00 -6.709634E-03  3.357525E-01 -4.458198E-03  3.466764E-01
       131   3 -1.575940E-01 -1.936951E+00  6.709634E-03  3.270565E-01  2.729711E-03 -2.074332E-02
       131   4 -1.789149E-01 -1.946088E+00 -2.427869E-03  3.326358E-01 -1.517953E-02 -1.092380E-02
       131   5  1.618758E-01  1.946942E+00 -2.427869E-03 -3.301732E-01 -7.991626E-03  3.564959E-01
       131   6  1.831966E-01  1.956079E+00  6.709634E-03 -3.357525E-01 -4.458198E-03  3.466764E-01
       131   7  1.575940E-01  1.936951E+00 -6.709634E-03 -3.270565E-01  2.729711E-03 -2.074332E-02
       131   8  1.789149E-01  1.946088E+00  2.427869E-03 -3.326358E-01 -1.517953E-02 -1.092380E-02
       132   1  3.017793E-01 -1.537527E-01  1.085301E-01  3.213866E-01 -8.795248E-02  3.369353E-01
       132   2 -8.979429E-03 -2.869349E-01 -2.465219E-02  2.527592E-01  7.550265E-02  4.577195E-01
       132   3  2.179013E-01 -3.494678E-01  2.465219E-02  2.490406E-01  6.831475E-02 -1.182698E-03
       132   4 -9.285734E-02 -4.826501E-01 -1.085301E-01  1.804133E-01 -8.076457E-02 -1.219669E-01
       132   5 -3.017793E-01  1.537527E-01 -1.085301E-01 -3.213866E-01 -8.795248E-02  3.369353E-01
       132   6  8.979429E-03  2.869349E-01  2.465219E-02 -2.527592E-01  7.550265E-02  4.577195E-01
       132   7 -2.179013E-01  3.494678E-01 -2.465219E-02 -2.490406E-01  6.831475E-02 -1.182698E-03
       132   8  9.285734E-02  4.826501E-01  1.085301E-01 -1.804133E-01 -8.076457E-02 -1.219669E-01
       133   1 -6.571519E-01 -2.190506E+00  2.225109E-12  1.321239E-01 -3.502807E-13 -8.316755E-01
       133   2 -6.571519E-01 -2.190506E+00  1.644684E-12  1.321239E-01 -7.005614E-14 -8.316755E-01
       133   3 -6.571519E-01 -2.190506E+00  5.349055E-13  1.321239E-01 -2.101684E-13 -1.296752E+00
       133   4 -6.571519E-01 -2.190506E+00  1.884271E-12  1.321239E-01 -1.401123E-13 -1.296752E+00
       133   5  6.571519E-01  2.190506E+00  2.179368E-12 -1.321239E-01 -3.152526E-13 -8.316755E-01
       133   6  6.571519E-01  2.190506E+00  1.525224E-12 -1.321239E-01 -1.401123E-13 -8.316755E-01
       133   7  6.571519E-01  2.190506E+00  4.736211E-13 -1.321239E-01 -1.751404E-13 -1.296752E+00
       133   8  6.571519E-01  2.190506E+00  1.886491E-12 -1.321239E-01 -2.451965E-13 -1.296752E+00
       134   1  8.837984E-02  2.945995E-01  7.449319E-13  4.805376E-01 -1.050842E-13  9.989662E-01
       134   2  8.837984E-02  2.945995E-01  1.542155E-12  4.805376E-01  1.401123E-13  9.989662E-01
       134   3  8.837984E-02  2.945995E-01  9.375833E-13  4.805376E-01  1.050842E-13 -6.925262E-01
       134   4  8.837984E-02  2.945995E-01 -4.638512E-13  4.805376E-01  2.101684E-13 -6.925262E-01
       134   5 -8.837984E-02 -2.945995E-01 -7.281398E-13 -4.805376E-01 -3.502807E-13  9.989662E-01
       134   6 -8.837984E-02 -2.945995E-01 -1.770334E-12 -4.805376E-01  1.751404E-13  9.989662E-01
       134   7 -8.837984E-02 -2.945995E-01 -1.022626E-12 -4.805376E-01 -1.050842E-13 -6.925262E-01
       134   8 -8.837984E-02 -2.945995E-01 -2.871342E-12 -4.805376E-01  7.005614E-14 -6.925262E-01
       135   1  5.089861E-01  1.621185E+00 -4.623544E-03 -8.415541E-02  2.131163E-02 -4.429408E-01
       135   2  5.973174E-01  1.659041E+00  3.323271E-02 -1.075629E-01 -2.555803E-02 -4.017436E-01
       135   3  4.803770E-01  1.554430E+00 -3.323271E-02 -6.359152E-02 -2.310637E-02 -2.452207E-01
       135   4  5.687082E-01  1.592287E+00  4.623544E-03 -8.699902E-02  1.885997E-02 -2.864179E-01
       135   5 -5.089861E-01 -1.621185E+00  4.623544E-03  8.415541E-02  2.131163E-02 -4.429408E-01
       135   6 -5.973174E-01 -1.659041E+00 -3.323271E-02  1.075629E-01 -2.555803E-02 -4.017436E-01
       135   7 -4.803770E-01 -1.554430E+00  3.323271E-02  6.359152E-02 -2.310637E-02 -2.452207E-01
       135   8 -5.687082E-01 -1.592287E+00 -4.623544E-03  8.699902E-02  1.885997E-02 -2.864179E-01
       136   1 -3.434934E-01 -1.826238E+00 -9.459485E-02 -1.460031E-01  1.067855E-01 -4.050661E-01
       136   2  9.454156E-02 -1.638509E+00  9.313442E-02 -1.441002E-01 -1.110319E-01 -4.084153E-01
       136   3 -3.420330E-01 -1.822831E+00 -9.313442E-02 -8.197145E-02 -1.134835E-01 -2.830954E-01
       136   4  9.600199E-02 -1.635102E+00  9.459485E-02 -8.006846E-02  1.092371E-01 -2.797462E-01
       136   5  3.434934E-01  1.826238E+00  9.459485E-02  1.460031E-01  1.067855E-01 -4.050661E-01
       136   6 -9.454156E-02  1.638509E+00 -9.313442E-02  1.441002E-01 -1.110319E-01 -4.084153E-01
       136   7  3.420330E-01  1.822831E+00  9.313442E-02  8.197145E-02 -1.134835E-01 -2.830954E-01
       136   8 -9.600199E-02  1.635102E+00 -9.459485E-02  8.006846E-02  1.092371E-01 -2.797462E-01
       137   1 -1.279005E-01 -2.636618E+00  1.558427E-02 -1.070178E-01 -1.653139E-02  1.249180E-01
       137   2 -1.972194E-01 -2.666326E+00 -1.412384E-02 -1.089208E-01  2.077779E-02  1.282673E-01
       137   3 -1.293609E-01 -2.640025E+00  1.412384E-02 -1.171508E-01  1.832613E-02  2.535872E-01
       137   4 -1.986798E-01 -2.669734E+00 -1.558427E-02 -1.190538E-01 -1.407973E-02  2.502379E-01
       137   5  1.279005E-01  2.636618E+00 -1.558427E-02  1.070178E-01 -1.653139E-02  1.249180E-01
       137   6  1.972194E-01  2.666326E+00  1.412384E-02  1.089208E-01  2.077779E-02  1.282673E-01
       137   7  1.293609E-01  2.640025E+00 -1.412384E-02  1.171508E-01  1.832613E-02  2.535872E-01
       137   8  1.986798E-01  2.669734E+00  1.558427E-02  1.190538E-01 -1.407973E-02  2.502379E-01
       138   1  2.629959E-01 -7.529617E-01  8.363413E-02 -4.407969E-02 -1.115657E-01  1.315898E-01
       138   2 -1.940515E-01 -9.488392E-01 -1.122433E-01 -2.067219E-02  1.158121E-01  9.039256E-02
       138   3  2.916050E-01 -6.862070E-01  1.122433E-01 -1.504822E-01  1.182638E-01  2.469154E-01
       138   4 -1.654423E-01 -8.820844E-01 -8.363413E-02 -1.270747E-01 -1.140174E-01  2.881126E-01
       138   5 -2.629959E-01  7.529617E-01 -8.363413E-02  4.407969E-02 -1.115657E-01  1.315898E-01
       138   6  1.940515E-01  9.488392E-01  1.122433E-01  2.067219E-02  1.158121E-01  9.039256E-02
       138   7 -2.916050E-01  6.862070E-01 -1.122433E-01  1.504822E-01  1.182638E-01  2.469154E-01
       138   8  1.654423E-01  8.820844E-01  8.363413E-02  1.270747E-01 -1.140174E-01  2.881126E-01
       139   1 -4.123770E-01 -1.374590E+00  5.464518E-13 -2.181651E-01 -1.751404E-13 -4.577665E-01
       139   2 -4.123770E-01 -1.374590E+00 -6.509238E-13 -2.181651E-01  3.502807E-13 -4.577665E-01
       139   3 -4.123770E-01 -1.374590E+00  3.941292E-13 -2.181651E-01 -3.502807E-14  3.101749E-01
       139   4 -4.123770E-01 -1.374590E+00 -1.421974E-12 -2.181651E-01  3.152526E-13  3.101749E-01
       139   5  4.123770E-01  1.374590E+00 -3.603451E-12  2.181651E-01 -1.401123E-13 -4.577665E-01
       139   6  4.123770E-01  1.374590E+00 -2.381761E-12  2.181651E-01  3.502807E-13 -4.577665E-01
       139   7  4.123770E-01  1.374590E+00 -1.783795E-12  2.181651E-01  7.005614E-14  3.101749E-01
       139   8  4.123770E-01  1.374590E+00 -3.324008E-12  2.181651E-01  2.802246E-13  3.101749E-01
       140   1  1.838399E-01  6.127996E-01 -2.592371E-14 -2.279146E-01 -1.401123E-13 -7.356651E-01
       140   2  1.838399E-01  6.127996E-01 -9.633960E-13 -2.279146E-01  2.101684E-13 -7.356651E-01
       140   3  1.838399E-01  6.127996E-01 -5.428435E-12 -2.279146E-01  1.401123E-13  6.659440E-02
       140   4  1.838399E-01  6.127996E-01  7.740086E-12 -2.279146E-01  0.000000E+00  6.659440E-02
       140   5 -1.838399E-01 -6.127996E-01  1.988298E-12  2.279146E-01 -2.451965E-13 -7.356651E-01
       140   6 -1.838399E-01 -6.127996E-01 -2.431499E-12  2.279146E-01  2.101684E-13 -7.356651E-01
       140   7 -1.838399E-01 -6.127996E-01 -4.885592E-12  2.279146E-01 -7.005614E-14  6.659440E-02
       140   8 -1.838399E-01 -6.127996E-01  3.435252E-12  2.279146E-01  3.152526E-13  6.659440E-02
       141   1 -2.401771E-01 -9.774002E-01 -6.068399E-02 -7.086682E-03  6.616718E-02 -4.040353E-03
       141   2  2.185657E-02 -8.651001E-01  5.161616E-02  3.324515E-04 -6.482126E-02 -1.709803E-02
       141   3 -2.311093E-01 -9.562419E-01 -5.161616E-02  5.391587E-02 -6.559833E-02 -6.670879E-02
       141   4  3.092440E-02 -8.439418E-01  6.068399E-02  6.133500E-02  6.694424E-02 -5.365111E-02
       141   5  2.401771E-01  9.774002E-01  6.068399E-02  7.086682E-03  6.616718E-02 -4.040353E-03
       141   6 -2.185657E-02  8.651001E-01 -5.161616E-02 -3.324516E-04 -6.482126E-02 -1.709803E-02
       141   7  2.311093E-01  9.562419E-01  5.161616E-02 -5.391587E-02 -6.559833E-02 -6.670879E-02
       141   8 -3.092440E-02  8.439418E-01 -6.068399E-02 -6.133500E-02  6.694424E-02 -5.365111E-02
       142   1 -2.741175E-02 -1.270204E+00 -1.672615E-02  3.034490E-02  2.095840E-02 -1.604494E-02
       142   2  5.172368E-02 -1.236288E+00  1.718904E-02  2.974174E-02 -1.961248E-02 -1.498338E-02
       142   3 -2.787464E-02 -1.271284E+00 -1.718904E-02  4.191287E-02 -1.883541E-02 -5.470420E-02
       142   4  5.126078E-02 -1.237369E+00  1.672615E-02  4.130971E-02  2.018133E-02 -5.576576E-02
       142   5  2.741175E-02  1.270204E+00  1.672615E-02 -3.034490E-02  2.095840E-02 -1.604494E-02
       142   6 -5.172368E-02  1.236288E+00 -1.718904E-02 -2.974174E-02 -1.961248E-02 -1.498338E-02
       142   7  2.787464E-02  1.271284E+00  1.718904E-02 -4.191287E-02 -1.883541E-02 -5.470420E-02
       142   8 -5.126078E-02  1.237369E+00 -1.672615E-02 -4.130971E-02  2.018133E-02 -5.576576E-02
       143   1 -5.105204E-02 -1.695014E+00 -1.937795E-02  2.899513E-02  2.218081E-02 -1.498338E-02
       143   2  3.829832E-02 -1.656721E+00  1.891506E-02  2.959830E-02 -2.352673E-02 -1.604494E-02
       143   3 -5.058915E-02 -1.693934E+00 -1.891506E-02  4.205632E-02 -2.274966E-02 -5.576576E-02
       143   4  3.876122E-02 -1.655641E+00  1.937795E-02  4.265948E-02  2.140374E-02 -5.470420E-02
       143   5  5.105204E-02  1.695014E+00  1.937795E-02 -2.899513E-02  2.218081E-02 -1.498338E-02
       143   6 -3.829832E-02  1.656721E+00 -1.891506E-02 -2.959830E-02 -2.352673E-02 -1.604494E-02
       143   7  5.058915E-02  1.693934E+00  1.891506E-02 -4.205632E-02 -2.274966E-02 -5.576576E-02
       143   8 -3.876122E-02  1.655641E+00 -1.937795E-02 -4.265948E-02  2.140374E-02 -5.470420E-02
       144   1 -1.087717E-01 -1.915609E+00  9.678808E-02  8.094710E-02 -1.093064E-01 -1.709803E-02
       144   2 -5.392911E-01 -2.100118E+00 -8.772025E-02  7.352797E-02  1.079605E-01 -4.040353E-03
       144   3 -1.178395E-01 -1.936768E+00  8.772025E-02 -1.927965E-02  1.071834E-01 -5.365111E-02
       144   4 -5.483590E-01 -2.121276E+00 -9.678808E-02 -2.669878E-02 -1.085293E-01 -6.670879E-02
       144   5  1.087717E-01  1.915609E+00 -9.678808E-02 -8.094710E-02 -1.093064E-01 -1.709803E-02
       144   6  5.392911E-01  2.100118E+00  8.772025E-02 -7.352797E-02  1.079605E-01 -4.040353E-03
       144   7  1.178395E-01  1.936768E+00 -8.772025E-02  1.927965E-02  1.071834E-01 -5.365111E-02
       144   8  5.483590E-01  2.121276E+00  9.678808E-02  2.669878E-02 -1.085293E-01 -6.670879E-02
       145   1 -3.795492E-01 -1.265164E+00 -2.237099E-13  1.641959E-01 -1.751404E-13  4.302448E-01
       145   2 -3.795492E-01 -1.265164E+00 -1.831535E-12  1.641959E-01 -2.802246E-13  4.302448E-01
       145   3 -3.795492E-01 -1.265164E+00 -4.009904E-12  1.641959E-01 -4.553649E-13 -1.477248E-01
       145   4 -3.795492E-01 -1.265164E+00  7.361778E-12  1.641959E-01 -2.101684E-13 -1.477248E-01
       145   5  3.795492E-01  1.265164E+00  6.936673E-13 -1.641959E-01 -6.305053E-13  4.302448E-01
       145   6  3.795492E-01  1.265164E+00 -1.986189E-12 -1.641959E-01  1.751404E-13  4.302448E-01
       145   7  3.795492E-01  1.265164E+00 -4.527378E-12 -1.641959E-01 -1.050842E-13 -1.477248E-01
       145   8  3.795492E-01  1.265164E+00  5.907164E-12 -1.641959E-01 -1.050842E-13 -1.477248E-01
       146   1  0.000000E+00  0.000000E+00  0.000000E+00  0.000000E+00  0.000000E+00  0.000000E+00
       146   2  0.000000E+00  0.000000E+00  0.000000E+00  0.000000E+00  0.000000E+00  0.000000E+00
       146   3  0.000000E+00  0.000000E+00  0.000000E+00  0.000000E+00  0.000000E+00  0.000000E+00
       146   4  0.000000E+00  0.000000E+00  0.000000E+00  0.000000E+00  0.000000E+00  0.000000E+00
       146   5  0.000000E+00  0.000000E+00  0.000000E+00  0.000000E+00  0.000000E+00  0.000000E+00
       146   6  0.000000E+00  0.000000E+00  0.000000E+00  0.000000E+00  0.000000E+00  0.000000E+00
       146   7  0.000000E+00  0.000000E+00  0.000000E+00  0.000000E+00  0.000000E+00  0.000000E+00
       146   8  0.000000E+00  0.000000E+00  0.000000E+00  0.000000E+00  0.000000E+00  0.000000E+00
       147   1  0.000000E+00  0.000000E+00  0.000000E+00  0.000000E+00  0.000000E+00  0.000000E+00
       147   2  0.000000E+00  0.000000E+00  0.000000E+00  0.000000E+00  0.000000E+00  0.000000E+00
       147   3  0.000000E+00  0.000000E+00  0.000000E+00  0.000000E+00  0.000000E+00  0.000000E+00
       147   4  0.000000E+00  0.000000E+00  0.000000E+00  0.000000E+00  0.000000E+00  0.000000E+00
       147   5  0.000000E+00  0.000000E+00  0.000000E+00  0.000000E+00  0.000000E+00  0.000000E+00
       147   6  0.000000E+00  0.000000E+00  0.000000E+00  0.000000E+00  0.000000E+00  0.000000E+00
       147   7  0.000000E+00  0.000000E+00  0.000000E+00  0.000000E+00  0.000000E+00  0.000000E+00
       147   8  0.000000E+00  0.000000E+00  0.000000E+00  0.000000E+00  0.000000E+00  0.000000E+00
       148   1  0.000000E+00  0.000000E+00  0.000000E+00  0.000000E+00  0.000000E+00  0.000000E+00
       148   2  0.000000E+00  0.000000E+00  0.000000E+00  0.000000E+00  0.000000E+00  0.000000E+00
       148   3  0.000000E+00  0.000000E+00  0.000000E+00  0.000000E+00  0.000000E+00  0.000000E+00
       148   4  0.000000E+00  0.000000E+00  0.000000E+00  0.000000E+00  0.000000E+00  0.000000E+00
       148   5  0.000000E+00  0.000000E+00  0.000000E+00  0.000000E+00  0.000000E+00  0.000000E+00
       148   6  0.000000E+00  0.000000E+00  0.000000E+00  0.000000E+00  0.000000E+00  0.000000E+00
       148   7  0.000000E+00  0.000000E+00  0.000000E+00  0.000000E+00  0.000000E+00  0.000000E+00
       148   8  0.000000E+00  0.000000E+00  0.000000E+00  0.000000E+00  0.000000E+00  0.000000E+00
       149   1  0.000000E+00  0.000000E+00  0.000000E+00  0.000000E+00  0.000000E+00  0.000000E+00
       149   2  0.000000E+00  0.000000E+00  0.000000E+00  0.000000E+00  0.000000E+00  0.000000E+00
       149   3  0.000000E+00  0.000000E+00  0.000000E+00  0.000000E+00  0.000000E+00  0.000000E+00
       149   4  0.000000E+00  0.000000E+00  0.000000E+00  0.000000E+00  0.000000E+00  0.000000E+00
       149   5  0.000000E+00  0.000000E+00  0.000000E+00  0.000000E+00  0.000000E+00  0.000000E+00
       149   6  0.000000E+00  0.000000E+00  0.000000E+00  0.000000E+00  0.000000E+00  0.000000E+00
       149   7  0.000000E+00  0.000000E+00  0.000000E+00  0.000000E+00  0.000000E+00  0.000000E+00
       149   8  0.000000E+00  0.000000E+00  0.000000E+00  0.000000E+00  0.000000E+00  0.000000E+00
       150   1  0.000000E+00  0.000000E+00  0.000000E+00  0.000000E+00  0.000000E+00  0.000000E+00
       150   2  0.000000E+00  0.000000E+00  0.000000E+00  0.000000E+00  0.000000E+00  0.000000E+00
       150   3  0.000000E+00  0.000000E+00  0.000000E+00  0.000000E+00  0.000000E+00  0.000000E+00
       150   4  0.000000E+00  0.000000E+00  0.000000E+00  0.000000E+00  0.000000E+00  0.000000E+00
       150   5  0.000000E+00  0.000000E+00  0.000000E+00  0.000000E+00  0.000000E+00  0.000000E+00
       150   6  0.000000E+00  0.000000E+00  0.000000E+00  0.000000E+00  0.000000E+00  0.000000E+00
       150   7  0.000000E+00  0.000000E+00  0.000000E+00  0.000000E+00  0.000000E+00  0.000000E+00
       150   8  0.000000E+00  0.000000E+00  0.000000E+00  0.000000E+00  0.000000E+00  0.000000E+00
       151   1  0.000000E+00  0.000000E+00  0.000000E+00  0.000000E+00  0.000000E+00  0.000000E+00
       151   2  0.000000E+00  0.000000E+00  0.000000E+00  0.000000E+00  0.000000E+00  0.000000E+00
       151   3  0.000000E+00  0.000000E+00  0.000000E+00  0.000000E+00  0.000000E+00  0.000000E+00
       151   4  0.000000E+00  0.000000E+00  0.000000E+00  0.000000E+00  0.000000E+00  0.000000E+00
       151   5  0.000000E+00  0.000000E+00  0.000000E+00  0.000000E+00  0.000000E+00  0.000000E+00
       151   6  0.000000E+00  0.000000E+00  0.000000E+00  0.000000E+00  0.000000E+00  0.000000E+00
       151   7  0.000000E+00  0.000000E+00  0.000000E+00  0.000000E+00  0.000000E+00  0.000000E+00
       151   8  0.000000E+00  0.000000E+00  0.000000E+00  0.000000E+00  0.000000E+00  0.000000E+00
       152   1  0.000000E+00  0.000000E+00  0.000000E+00  0.000000E+00  0.000000E+00  0.000000E+00
       152   2  0.000000E+00  0.000000E+00  0.000000E+00  0.000000E+00  0.000000E+00  0.000000E+00
       152   3  0.000000E+00  0.000000E+00  0.000000E+00  0.000000E+00  0.000000E+00  0.000000E+00
       152   4  0.000000E+00  0.000000E+00  0.000000E+00  0.000000E+00  0.000000E+00  0.000000E+00
       152   5  0.000000E+00  0.000000E+00  0.000000E+00  0.000000E+00  0.000000E+00  0.000000E+00
       152   6  0.000000E+00  0.000000E+00  0.000000E+00  0.000000E+00  0.000000E+00  0.000000E+00
       152   7  0.000000E+00  0.000000E+00  0.000000E+00  0.000000E+00  0.000000E+00  0.000000E+00
       152   8  0.000000E+00  0.000000E+00  0.000000E+00  0.000000E+00  0.000000E+00  0.000000E+00
       153   1  0.000000E+00  0.000000E+00  0.000000E+00  0.000000E+00  0.000000E+00  0.000000E+00
       153   2  0.000000E+00  0.000000E+00  0.000000E+00  0.000000E+00  0.000000E+00  0.000000E+00
       153   3  0.000000E+00  0.000000E+00  0.000000E+00  0.000000E+00  0.000000E+00  0.000000E+00
       153   4  0.000000E+00  0.000000E+00  0.000000E+00  0.000000E+00  0.000000E+00  0.000000E+00
       153   5  0.000000E+00  0.000000E+00  0.000000E+00  0.000000E+00  0.000000E+00  0.000000E+00
       153   6  0.000000E+00  0.000000E+00  0.000000E+00  0.000000E+00  0.000000E+00  0.000000E+00
       153   7  0.000000E+00  0.000000E+00  0.000000E+00  0.000000E+00  0.000000E+00  0.000000E+00
       153   8  0.000000E+00  0.000000E+00  0.000000E+00  0.000000E+00  0.000000E+00  0.000000E+00
       154   1  0.000000E+00  0.000000E+00  0.000000E+00  0.000000E+00  0.000000E+00  0.000000E+00
       154   2  0.000000E+00  0.000000E+00  0.000000E+00  0.000000E+00  0.000000E+00  0.000000E+00
       154   3  0.000000E+00  0.000000E+00  0.000000E+00  0.000000E+00  0.000000E+00  0.000000E+00
       154   4  0.000000E+00  0.000000E+00  0.000000E+00  0.000000E+00  0.000000E+00  0.000000E+00
       154   5  0.000000E+00  0.000000E+00  0.000000E+00  0.000000E+00  0.000000E+00  0.000000E+00
       154   6  0.000000E+00  0.000000E+00  0.000000E+00  0.000000E+00  0.000000E+00  0.000000E+00
       154   7  0.000000E+00  0.000000E+00  0.000000E+00  0.000000E+00  0.000000E+00  0.000000E+00
       154   8  0.000000E+00  0.000000E+00  0.000000E+00  0.000000E+00  0.000000E+00  0.000000E+00
       155   1  0.000000E+00  0.000000E+00  0.000000E+00  0.000000E+00  0.000000E+00  0.000000E+00
       155   2  0.000000E+00  0.000000E+00  0.000000E+00  0.000000E+00  0.000000E+00  0.000000E+00
       155   3  0.000000E+00  0.000000E+00  0.000000E+00  0.000000E+00  0.000000E+00  0.000000E+00
       155   4  0.000000E+00  0.000000E+00  0.000000E+00  0.000000E+00  0.000000E+00  0.000000E+00
       155   5  0.000000E+00  0.000000E+00  0.000000E+00  0.000000E+00  0.000000E+00  0.000000E+00
       155   6  0.000000E+00  0.000000E+00  0.000000E+00  0.000000E+00  0.000000E+00  0.000000E+00
       155   7  0.000000E+00  0.000000E+00  0.000000E+00  0.000000E+00  0.000000E+00  0.000000E+00
       155   8  0.000000E+00  0.000000E+00  0.000000E+00  0.000000E+00  0.000000E+00  0.000000E+00
       156   1  0.000000E+00  0.000000E+00  0.000000E+00  0.000000E+00  0.000000E+00  0.000000E+00
       156   2  0.000000E+00  0.000000E+00  0.000000E+00  0.000000E+00  0.000000E+00  0.000000E+00
       156   3  0.000000E+00  0.000000E+00  0.000000E+00  0.000000E+00  0.000000E+00  0.000000E+00
       156   4  0.000000E+00  0.000000E+00  0.000000E+00  0.000000E+00  0.000000E+00  0.000000E+00
       156   5  0.000000E+00  0.000000E+00  0.000000E+00  0.000000E+00  0.000000E+00  0.000000E+00
       156   6  0.000000E+00  0.000000E+00  0.000000E+00  0.000000E+00  0.000000E+00  0.000000E+00
       156   7  0.000000E+00  0.000000E+00  0.000000E+00  0.000000E+00  0.000000E+00  0.000000E+00
       156   8  0.000000E+00  0.000000E+00  0.000000E+00  0.000000E+00  0.000000E+00  0.000000E+00
       157   1  0.000000E+00  0.000000E+00  0.000000E+00  0.000000E+00  0.000000E+00  0.000000E+00
       157   2  0.000000E+00  0.000000E+00  0.000000E+00  0.000000E+00  0.000000E+00  0.000000E+00
       157   3  0.000000E+00  0.000000E+00  0.000000E+00  0.000000E+00  0.000000E+00  0.000000E+00
       157   4  0.000000E+00  0.000000E+00  0.000000E+00  0.000000E+00  0.000000E+00  0.000000E+00
       157   5  0.000000E+00  0.000000E+00  0.000000E+00  0.000000E+00  0.000000E+00  0.000000E+00
       157   6  0.000000E+00  0.000000E+00  0.000000E+00  0.000000E+00  0.000000E+00  0.000000E+00
       157   7  0.000000E+00  0.000000E+00  0.000000E+00  0.000000E+00  0.000000E+00  0.000000E+00
       157   8  0.000000E+00  0.000000E+00  0.000000E+00  0.000000E+00  0.000000E+00  0.000000E+00
       158   1  0.000000E+00  0.000000E+00  0.000000E+00  0.000000E+00  0.000000E+00  0.000000E+00
       158   2  0.000000E+00  0.000000E+00  0.000000E+00  0.000000E+00  0.000000E+00  0.000000E+00
       158   3  0.000000E+00  0.000000E+00  0.000000E+00  0.000000E+00  0.000000E+00  0.000000E+00
       158   4  0.000000E+00  0.000000E+00  0.000000E+00  0.000000E+00  0.000000E+00  0.000000E+00
       158   5  0.000000E+00  0.000000E+00  0.000000E+00  0.000000E+00  0.000000E+00  0.000000E+00
       158   6  0.000000E+00  0.000000E+00  0.000000E+00  0.000000E+00  0.000000E+00  0.000000E+00
       158   7  0.000000E+00  0.000000E+00  0.000000E+00  0.000000E+00  0.000000E+00  0.000000E+00
       158   8  0.000000E+00  0.000000E+00  0.000000E+00  0.000000E+00  0.000000E+00  0.000000E+00
       159   1  0.000000E+00  0.000000E+00  0.000000E+00  0.000000E+00  0.000000E+00  0.000000E+00
       159   2  0.000000E+00  0.000000E+00  0.000000E+00  0.000000E+00  0.000000E+00  0.000000E+00
       159   3  0.000000E+00  0.000000E+00  0.000000E+00  0.000000E+00  0.000000E+00  0.000000E+00
       159   4  0.000000E+00  0.000000E+00  0.000000E+00  0.000000E+00  0.000000E+00  0.000000E+00
       159   5  0.000000E+00  0.000000E+00  0.000000E+00  0.000000E+00  0.000000E+00  0.000000E+00
       159   6  0.000000E+00  0.000000E+00  0.000000E+00  0.000000E+00  0.000000E+00  0.000000E+00
       159   7  0.000000E+00  0.000000E+00  0.000000E+00  0.000000E+00  0.000000E+00  0.000000E+00
       159   8  0.000000E+00  0.000000E+00  0.000000E+00  0.000000E+00  0.000000E+00  0.000000E+00
