sample_id,scope_type,scope_id,line,civil_class,chainage_m,lon,lat,depth_interval,clay_mean,clay_p16,clay_p84,sand_mean,sand_p16,sand_p84,silt_mean,silt_p16,silt_p84,bd.core_mean,bd.core_p16,bd.core_p84,soc_mean,soc_p16,soc_p84,ph.h2o_mean,ph.h2o_p16,ph.h2o_p84
segment:line-1-civil-001:0000,civil_segment,line-1-civil-001,line-1,at-grade,0.0,-9.4880753,30.330107,0..30cm,23.0,8.0,34.0,52.0,31.0,79.0,24.0,8.0,39.0,1440.0,1240.0,1580.0,3.5,1.3,7.2,7.9,7.4,8.3
segment:line-1-civil-001:0000,civil_segment,line-1-civil-001,line-1,at-grade,0.0,-9.4880753,30.330107,30..60cm,25.0,11.0,37.0,50.0,28.0,77.0,25.0,10.0,43.0,1550.0,1380.0,1730.0,2.5,1.1,6.0,8.2,7.5,8.9
segment:line-1-civil-001:0000,civil_segment,line-1-civil-001,line-1,at-grade,0.0,-9.4880753,30.330107,60..100cm,25.0,10.0,38.0,49.0,26.0,77.0,26.0,10.0,43.0,1550.0,1350.0,1780.0,2.0,0.8,4.8,8.2,7.4,9.2
segment:line-1-civil-001:0001,civil_segment,line-1-civil-001,line-1,at-grade,1001.055,-9.49307594,30.33637452,0..30cm,22.0,7.0,32.0,54.0,36.0,80.0,23.0,8.0,38.0,1450.0,1260.0,1600.0,3.9,1.4,7.9,7.8,7.2,8.4
segment:line-1-civil-001:0001,civil_segment,line-1-civil-001,line-1,at-grade,1001.055,-9.49307594,30.33637452,30..60cm,23.0,7.0,36.0,53.0,33.0,80.0,24.0,6.0,39.0,1550.0,1360.0,1710.0,2.6,0.7,7.1,8.1,7.2,8.8
segment:line-1-civil-001:0001,civil_segment,line-1-civil-001,line-1,at-grade,1001.055,-9.49307594,30.33637452,60..100cm,24.0,7.0,36.0,53.0,30.0,80.0,24.0,8.0,40.0,1550.0,1400.0,1770.0,1.9,0.6,3.8,8.1,7.2,9.0
segment:line-1-civil-001:0002,civil_segment,line-1-civil-001,line-1,at-grade,1312.95,-9.49464638,30.33830214,0..30cm,22.0,7.0,33.0,53.0,36.0,79.0,24.0,8.0,37.0,1440.0,1250.0,1610.0,3.9,1.7,7.7,7.8,7.2,8.3
segment:line-1-civil-001:0002,civil_segment,line-1-civil-001,line-1,at-grade,1312.95,-9.49464638,30.33830214,30..60cm,24.0,9.0,35.0,52.0,30.0,78.0,24.0,9.0,38.0,1550.0,1380.0,1730.0,2.5,1.3,4.6,8.1,7.5,8.8
segment:line-1-civil-001:0002,civil_segment,line-1-civil-001,line-1,at-grade,1312.95,-9.49464638,30.33830214,60..100cm,24.0,9.0,35.0,52.0,30.0,80.0,24.0,8.0,39.0,1570.0,1400.0,1770.0,1.6,0.7,2.9,8.1,7.5,9.0
segment:line-1-civil-001:0003,civil_segment,line-1-civil-001,line-1,at-grade,2002.11,-9.49854346,30.34310789,0..30cm,22.0,6.0,32.0,55.0,36.0,79.0,23.0,7.0,34.0,1430.0,1260.0,1600.0,3.9,1.8,7.0,7.8,7.3,8.3
segment:line-1-civil-001:0003,civil_segment,line-1-civil-001,line-1,at-grade,2002.11,-9.49854346,30.34310789,30..60cm,23.0,8.0,36.0,54.0,32.0,77.0,23.0,10.0,36.0,1550.0,1350.0,1730.0,2.3,1.2,4.4,8.1,7.5,8.8
segment:line-1-civil-001:0003,civil_segment,line-1-civil-001,line-1,at-grade,2002.11,-9.49854346,30.34310789,60..100cm,23.0,8.0,39.0,54.0,31.0,77.0,23.0,9.0,38.0,1560.0,1390.0,1790.0,1.5,0.6,2.8,8.1,7.2,9.0
segment:line-1-civil-001:0004,civil_segment,line-1-civil-001,line-1,at-grade,2625.9,-9.50181981,30.34702382,0..30cm,22.0,10.0,32.0,55.0,37.0,80.0,23.0,8.0,39.0,1380.0,1210.0,1580.0,5.2,2.3,11.3,7.9,7.5,8.3
segment:line-1-civil-001:0004,civil_segment,line-1-civil-001,line-1,at-grade,2625.9,-9.50181981,30.34702382,30..60cm,23.0,7.0,35.0,54.0,31.0,82.0,23.0,6.0,40.0,1520.0,1300.0,1760.0,2.8,1.0,6.3,8.1,7.5,8.8
segment:line-1-civil-001:0004,civil_segment,line-1-civil-001,line-1,at-grade,2625.9,-9.50181981,30.34702382,60..100cm,23.0,8.0,38.0,54.0,26.0,82.0,23.0,6.0,40.0,1570.0,1340.0,1800.0,2.4,0.7,5.3,8.1,7.3,8.8
segment:line-1-civil-002:0000,civil_segment,line-1-civil-002,line-1,elevated,2625.9,-9.50181981,30.34702382,0..30cm,22.0,10.0,32.0,55.0,37.0,80.0,23.0,8.0,39.0,1380.0,1210.0,1580.0,5.2,2.3,11.3,7.9,7.5,8.3
segment:line-1-civil-002:0000,civil_segment,line-1-civil-002,line-1,elevated,2625.9,-9.50181981,30.34702382,30..60cm,23.0,7.0,35.0,54.0,31.0,82.0,23.0,6.0,40.0,1520.0,1300.0,1760.0,2.8,1.0,6.3,8.1,7.5,8.8
segment:line-1-civil-002:0000,civil_segment,line-1-civil-002,line-1,elevated,2625.9,-9.50181981,30.34702382,60..100cm,23.0,8.0,38.0,54.0,26.0,82.0,23.0,6.0,40.0,1570.0,1340.0,1800.0,2.4,0.7,5.3,8.1,7.3,8.8
segment:line-1-civil-002:0001,civil_segment,line-1-civil-002,line-1,elevated,2635.9,-9.50182706,30.34710745,0..30cm,22.0,10.0,32.0,55.0,37.0,80.0,23.0,8.0,39.0,1380.0,1210.0,1580.0,5.2,2.3,11.3,7.9,7.5,8.3
segment:line-1-civil-002:0001,civil_segment,line-1-civil-002,line-1,elevated,2635.9,-9.50182706,30.34710745,30..60cm,23.0,7.0,35.0,54.0,31.0,82.0,23.0,6.0,40.0,1520.0,1300.0,1760.0,2.8,1.0,6.3,8.1,7.5,8.8
segment:line-1-civil-002:0001,civil_segment,line-1-civil-002,line-1,elevated,2635.9,-9.50182706,30.34710745,60..100cm,23.0,8.0,38.0,54.0,26.0,82.0,23.0,6.0,40.0,1570.0,1340.0,1800.0,2.4,0.7,5.3,8.1,7.3,8.8
segment:line-1-civil-002:0002,civil_segment,line-1-civil-002,line-1,elevated,2645.9,-9.50182706,30.34719737,0..30cm,22.0,10.0,32.0,55.0,37.0,80.0,23.0,8.0,39.0,1380.0,1210.0,1580.0,5.2,2.3,11.3,7.9,7.5,8.3
segment:line-1-civil-002:0002,civil_segment,line-1-civil-002,line-1,elevated,2645.9,-9.50182706,30.34719737,30..60cm,23.0,7.0,35.0,54.0,31.0,82.0,23.0,6.0,40.0,1520.0,1300.0,1760.0,2.8,1.0,6.3,8.1,7.5,8.8
segment:line-1-civil-002:0002,civil_segment,line-1-civil-002,line-1,elevated,2645.9,-9.50182706,30.34719737,60..100cm,23.0,8.0,38.0,54.0,26.0,82.0,23.0,6.0,40.0,1570.0,1340.0,1800.0,2.4,0.7,5.3,8.1,7.3,8.8
segment:line-1-civil-003:0000,civil_segment,line-1-civil-003,line-1,at-grade,2645.9,-9.50182706,30.34719737,0..30cm,22.0,10.0,32.0,55.0,37.0,80.0,23.0,8.0,39.0,1380.0,1210.0,1580.0,5.2,2.3,11.3,7.9,7.5,8.3
segment:line-1-civil-003:0000,civil_segment,line-1-civil-003,line-1,at-grade,2645.9,-9.50182706,30.34719737,30..60cm,23.0,7.0,35.0,54.0,31.0,82.0,23.0,6.0,40.0,1520.0,1300.0,1760.0,2.8,1.0,6.3,8.1,7.5,8.8
segment:line-1-civil-003:0000,civil_segment,line-1-civil-003,line-1,at-grade,2645.9,-9.50182706,30.34719737,60..100cm,23.0,8.0,38.0,54.0,26.0,82.0,23.0,6.0,40.0,1570.0,1340.0,1800.0,2.4,0.7,5.3,8.1,7.3,8.8
segment:line-1-civil-003:0001,civil_segment,line-1-civil-003,line-1,at-grade,2900.75,-9.5031446,30.34870171,0..30cm,22.0,7.0,32.0,55.0,37.0,80.0,23.0,8.0,39.0,1430.0,1210.0,1620.0,3.7,1.6,6.3,7.9,7.4,8.3
segment:line-1-civil-003:0001,civil_segment,line-1-civil-003,line-1,at-grade,2900.75,-9.5031446,30.34870171,30..60cm,23.0,9.0,35.0,54.0,33.0,80.0,23.0,7.0,40.0,1560.0,1380.0,1800.0,2.4,1.2,4.4,8.1,7.5,8.8
segment:line-1-civil-003:0001,civil_segment,line-1-civil-003,line-1,at-grade,2900.75,-9.5031446,30.34870171,60..100cm,23.0,9.0,37.0,53.0,30.0,80.0,23.0,8.0,40.0,1560.0,1330.0,1810.0,1.5,0.7,2.7,8.1,7.3,9.0
segment:line-1-civil-003:0002,civil_segment,line-1-civil-003,line-1,at-grade,3155.6,-9.5041126,30.35043763,0..30cm,20.0,7.0,31.0,59.0,41.0,81.0,22.0,8.0,34.0,1440.0,1210.0,1610.0,5.9,2.8,11.7,7.8,7.3,8.3
segment:line-1-civil-003:0002,civil_segment,line-1-civil-003,line-1,at-grade,3155.6,-9.5041126,30.35043763,30..60cm,21.0,7.0,33.0,58.0,35.0,84.0,21.0,5.0,39.0,1550.0,1380.0,1760.0,3.2,1.4,5.9,8.0,7.4,8.7
segment:line-1-civil-003:0002,civil_segment,line-1-civil-003,line-1,at-grade,3155.6,-9.5041126,30.35043763,60..100cm,21.0,7.0,34.0,58.0,31.0,88.0,22.0,5.0,39.0,1550.0,1360.0,1800.0,2.7,1.3,5.1,8.0,7.5,8.9
segment:line-1-civil-004:0000,civil_segment,line-1-civil-004,line-1,bridge,3155.6,-9.5041126,30.35043763,0..30cm,20.0,7.0,31.0,59.0,41.0,81.0,22.0,8.0,34.0,1440.0,1210.0,1610.0,5.9,2.8,11.7,7.8,7.3,8.3
segment:line-1-civil-004:0000,civil_segment,line-1-civil-004,line-1,bridge,3155.6,-9.5041126,30.35043763,30..60cm,21.0,7.0,33.0,58.0,35.0,84.0,21.0,5.0,39.0,1550.0,1380.0,1760.0,3.2,1.4,5.9,8.0,7.4,8.7
segment:line-1-civil-004:0000,civil_segment,line-1-civil-004,line-1,bridge,3155.6,-9.5041126,30.35043763,60..100cm,21.0,7.0,34.0,58.0,31.0,88.0,22.0,5.0,39.0,1550.0,1360.0,1800.0,2.7,1.3,5.1,8.0,7.5,8.9
segment:line-1-civil-004:0001,civil_segment,line-1-civil-004,line-1,bridge,3208.05,-9.50449874,30.35077114,0..30cm,20.0,7.0,31.0,59.0,41.0,81.0,22.0,8.0,34.0,1440.0,1210.0,1610.0,5.9,2.8,11.7,7.8,7.3,8.3
segment:line-1-civil-004:0001,civil_segment,line-1-civil-004,line-1,bridge,3208.05,-9.50449874,30.35077114,30..60cm,21.0,7.0,33.0,58.0,35.0,84.0,21.0,5.0,39.0,1550.0,1380.0,1760.0,3.2,1.4,5.9,8.0,7.4,8.7
segment:line-1-civil-004:0001,civil_segment,line-1-civil-004,line-1,bridge,3208.05,-9.50449874,30.35077114,60..100cm,21.0,7.0,34.0,58.0,31.0,88.0,22.0,5.0,39.0,1550.0,1360.0,1800.0,2.7,1.3,5.1,8.0,7.5,8.9
segment:line-1-civil-004:0002,civil_segment,line-1-civil-004,line-1,bridge,3260.5,-9.50473785,30.35115763,0..30cm,21.0,10.0,32.0,56.0,35.0,81.0,23.0,8.0,36.0,1440.0,1210.0,1630.0,6.2,2.7,10.7,7.8,7.2,8.2
segment:line-1-civil-004:0002,civil_segment,line-1-civil-004,line-1,bridge,3260.5,-9.50473785,30.35115763,30..60cm,21.0,9.0,35.0,57.0,34.0,82.0,22.0,4.0,39.0,1540.0,1330.0,1770.0,3.7,1.7,8.0,8.0,7.3,8.5
segment:line-1-civil-004:0002,civil_segment,line-1-civil-004,line-1,bridge,3260.5,-9.50473785,30.35115763,60..100cm,21.0,7.0,36.0,57.0,27.0,88.0,22.0,4.0,39.0,1540.0,1310.0,1790.0,2.9,1.4,5.8,8.0,7.3,8.8
segment:line-1-civil-005:0000,civil_segment,line-1-civil-005,line-1,at-grade,3260.5,-9.50473785,30.35115763,0..30cm,21.0,10.0,32.0,56.0,35.0,81.0,23.0,8.0,36.0,1440.0,1210.0,1630.0,6.2,2.7,10.7,7.8,7.2,8.2
segment:line-1-civil-005:0000,civil_segment,line-1-civil-005,line-1,at-grade,3260.5,-9.50473785,30.35115763,30..60cm,21.0,9.0,35.0,57.0,34.0,82.0,22.0,4.0,39.0,1540.0,1330.0,1770.0,3.7,1.7,8.0,8.0,7.3,8.5
segment:line-1-civil-005:0000,civil_segment,line-1-civil-005,line-1,at-grade,3260.5,-9.50473785,30.35115763,60..100cm,21.0,7.0,36.0,57.0,27.0,88.0,22.0,4.0,39.0,1540.0,1310.0,1790.0,2.9,1.4,5.8,8.0,7.3,8.8
segment:line-1-civil-005:0001,civil_segment,line-1-civil-005,line-1,at-grade,3475.35,-9.50617631,30.35206287,0..30cm,21.0,9.0,32.0,56.0,34.0,80.0,23.0,8.0,39.0,1380.0,1200.0,1590.0,6.6,3.0,12.1,7.9,7.3,8.4
segment:line-1-civil-005:0001,civil_segment,line-1-civil-005,line-1,at-grade,3475.35,-9.50617631,30.35206287,30..60cm,22.0,8.0,36.0,55.0,29.0,84.0,23.0,4.0,41.0,1530.0,1280.0,1820.0,3.9,1.5,10.1,8.0,7.4,8.7
segment:line-1-civil-005:0001,civil_segment,line-1-civil-005,line-1,at-grade,3475.35,-9.50617631,30.35206287,60..100cm,22.0,7.0,36.0,55.0,25.0,88.0,23.0,4.0,40.0,1570.0,1270.0,1820.0,3.3,1.2,6.9,8.0,7.3,8.8
segment:line-1-civil-005:0002,civil_segment,line-1-civil-005,line-1,at-grade,3690.2,-9.50786097,30.3529627,0..30cm,22.0,9.0,32.0,55.0,34.0,79.0,24.0,9.0,39.0,1400.0,1190.0,1610.0,6.2,2.8,10.2,7.9,7.4,8.4
segment:line-1-civil-005:0002,civil_segment,line-1-civil-005,line-1,at-grade,3690.2,-9.50786097,30.3529627,30..60cm,23.0,9.0,36.0,54.0,31.0,82.0,23.0,5.0,40.0,1540.0,1370.0,1760.0,3.3,1.3,6.9,8.1,7.5,8.8
segment:line-1-civil-005:0002,civil_segment,line-1-civil-005,line-1,at-grade,3690.2,-9.50786097,30.3529627,60..100cm,23.0,7.0,37.0,53.0,24.0,86.0,24.0,5.0,40.0,1540.0,1330.0,1790.0,2.9,1.0,6.2,8.1,7.5,8.9
segment:line-1-civil-006:0000,civil_segment,line-1-civil-006,line-1,elevated,3690.2,-9.50786097,30.3529627,0..30cm,22.0,9.0,32.0,55.0,34.0,79.0,24.0,9.0,39.0,1400.0,1190.0,1610.0,6.2,2.8,10.2,7.9,7.4,8.4
segment:line-1-civil-006:0000,civil_segment,line-1-civil-006,line-1,elevated,3690.2,-9.50786097,30.3529627,30..60cm,23.0,9.0,36.0,54.0,31.0,82.0,23.0,5.0,40.0,1540.0,1370.0,1760.0,3.3,1.3,6.9,8.1,7.5,8.8
segment:line-1-civil-006:0000,civil_segment,line-1-civil-006,line-1,elevated,3690.2,-9.50786097,30.3529627,60..100cm,23.0,7.0,37.0,53.0,24.0,86.0,24.0,5.0,40.0,1540.0,1330.0,1790.0,2.9,1.0,6.2,8.1,7.5,8.9
segment:line-1-civil-006:0001,civil_segment,line-1-civil-006,line-1,elevated,3704.35,-9.5079677,30.35304751,0..30cm,21.0,9.0,32.0,57.0,37.0,79.0,23.0,9.0,38.0,1360.0,1170.0,1560.0,8.4,3.7,16.5,7.8,7.4,8.3
segment:line-1-civil-006:0001,civil_segment,line-1-civil-006,line-1,elevated,3704.35,-9.5079677,30.35304751,30..60cm,22.0,10.0,34.0,55.0,36.0,82.0,23.0,6.0,39.0,1510.0,1230.0,1790.0,4.9,2.1,11.3,8.0,7.3,8.6
segment:line-1-civil-006:0001,civil_segment,line-1-civil-006,line-1,elevated,3704.35,-9.5079677,30.35304751,60..100cm,22.0,11.0,34.0,55.0,31.0,81.0,23.0,6.0,39.0,1550.0,1230.0,1810.0,3.1,1.2,6.7,8.0,7.3,8.7
segment:line-1-civil-006:0002,civil_segment,line-1-civil-006,line-1,elevated,3718.5,-9.50807193,30.35313754,0..30cm,22.0,11.0,33.0,54.0,34.0,77.0,24.0,9.0,39.0,1370.0,1190.0,1570.0,7.9,3.5,15.3,7.9,7.4,8.3
segment:line-1-civil-006:0002,civil_segment,line-1-civil-006,line-1,elevated,3718.5,-9.50807193,30.35313754,30..60cm,23.0,11.0,36.0,53.0,28.0,80.0,24.0,7.0,41.0,1520.0,1230.0,1820.0,4.9,2.1,11.3,8.0,7.5,8.5
segment:line-1-civil-006:0002,civil_segment,line-1-civil-006,line-1,elevated,3718.5,-9.50807193,30.35313754,60..100cm,24.0,9.0,36.0,52.0,24.0,81.0,24.0,7.0,42.0,1560.0,1230.0,1820.0,3.3,1.3,6.8,8.0,7.3,8.5
segment:line-1-civil-007:0000,civil_segment,line-1-civil-007,line-1,at-grade,3718.5,-9.50807193,30.35313754,0..30cm,22.0,11.0,33.0,54.0,34.0,77.0,24.0,9.0,39.0,1370.0,1190.0,1570.0,7.9,3.5,15.3,7.9,7.4,8.3
segment:line-1-civil-007:0000,civil_segment,line-1-civil-007,line-1,at-grade,3718.5,-9.50807193,30.35313754,30..60cm,23.0,11.0,36.0,53.0,28.0,80.0,24.0,7.0,41.0,1520.0,1230.0,1820.0,4.9,2.1,11.3,8.0,7.5,8.5
segment:line-1-civil-007:0000,civil_segment,line-1-civil-007,line-1,at-grade,3718.5,-9.50807193,30.35313754,60..100cm,24.0,9.0,36.0,52.0,24.0,81.0,24.0,7.0,42.0,1560.0,1230.0,1820.0,3.3,1.3,6.8,8.0,7.3,8.5
segment:line-1-civil-007:0001,civil_segment,line-1-civil-007,line-1,at-grade,3752.65,-9.50838461,30.35322765,0..30cm,22.0,11.0,33.0,54.0,34.0,77.0,24.0,9.0,39.0,1370.0,1190.0,1570.0,7.9,3.5,15.3,7.9,7.4,8.3
segment:line-1-civil-007:0001,civil_segment,line-1-civil-007,line-1,at-grade,3752.65,-9.50838461,30.35322765,30..60cm,23.0,11.0,36.0,53.0,28.0,80.0,24.0,7.0,41.0,1520.0,1230.0,1820.0,4.9,2.1,11.3,8.0,7.5,8.5
segment:line-1-civil-007:0001,civil_segment,line-1-civil-007,line-1,at-grade,3752.65,-9.50838461,30.35322765,60..100cm,24.0,9.0,36.0,52.0,24.0,81.0,24.0,7.0,42.0,1560.0,1230.0,1820.0,3.3,1.3,6.8,8.0,7.3,8.5
segment:line-1-civil-007:0002,civil_segment,line-1-civil-007,line-1,at-grade,3786.8,-9.50869497,30.35332263,0..30cm,22.0,11.0,33.0,54.0,34.0,77.0,24.0,9.0,39.0,1370.0,1190.0,1570.0,7.9,3.5,15.3,7.9,7.4,8.3
segment:line-1-civil-007:0002,civil_segment,line-1-civil-007,line-1,at-grade,3786.8,-9.50869497,30.35332263,30..60cm,23.0,11.0,36.0,53.0,28.0,80.0,24.0,7.0,41.0,1520.0,1230.0,1820.0,4.9,2.1,11.3,8.0,7.5,8.5
segment:line-1-civil-007:0002,civil_segment,line-1-civil-007,line-1,at-grade,3786.8,-9.50869497,30.35332263,60..100cm,24.0,9.0,36.0,52.0,24.0,81.0,24.0,7.0,42.0,1560.0,1230.0,1820.0,3.3,1.3,6.8,8.0,7.3,8.5
segment:line-1-civil-008:0000,civil_segment,line-1-civil-008,line-1,elevated,3786.8,-9.50869497,30.35332263,0..30cm,22.0,11.0,33.0,54.0,34.0,77.0,24.0,9.0,39.0,1370.0,1190.0,1570.0,7.9,3.5,15.3,7.9,7.4,8.3
segment:line-1-civil-008:0000,civil_segment,line-1-civil-008,line-1,elevated,3786.8,-9.50869497,30.35332263,30..60cm,23.0,11.0,36.0,53.0,28.0,80.0,24.0,7.0,41.0,1520.0,1230.0,1820.0,4.9,2.1,11.3,8.0,7.5,8.5
segment:line-1-civil-008:0000,civil_segment,line-1-civil-008,line-1,elevated,3786.8,-9.50869497,30.35332263,60..100cm,24.0,9.0,36.0,52.0,24.0,81.0,24.0,7.0,42.0,1560.0,1230.0,1820.0,3.3,1.3,6.8,8.0,7.3,8.5
segment:line-1-civil-008:0001,civil_segment,line-1-civil-008,line-1,elevated,3800.9,-9.50880116,30.35340746,0..30cm,22.0,11.0,33.0,54.0,34.0,77.0,24.0,9.0,39.0,1370.0,1190.0,1570.0,7.9,3.5,15.3,7.9,7.4,8.3
segment:line-1-civil-008:0001,civil_segment,line-1-civil-008,line-1,elevated,3800.9,-9.50880116,30.35340746,30..60cm,23.0,11.0,36.0,53.0,28.0,80.0,24.0,7.0,41.0,1520.0,1230.0,1820.0,4.9,2.1,11.3,8.0,7.5,8.5
segment:line-1-civil-008:0001,civil_segment,line-1-civil-008,line-1,elevated,3800.9,-9.50880116,30.35340746,60..100cm,24.0,9.0,36.0,52.0,24.0,81.0,24.0,7.0,42.0,1560.0,1230.0,1820.0,3.3,1.3,6.8,8.0,7.3,8.5
segment:line-1-civil-008:0002,civil_segment,line-1-civil-008,line-1,elevated,3815.0,-9.50890503,30.35349718,0..30cm,22.0,11.0,33.0,54.0,34.0,77.0,24.0,9.0,39.0,1370.0,1190.0,1570.0,7.9,3.5,15.3,7.9,7.4,8.3
segment:line-1-civil-008:0002,civil_segment,line-1-civil-008,line-1,elevated,3815.0,-9.50890503,30.35349718,30..60cm,23.0,11.0,36.0,53.0,28.0,80.0,24.0,7.0,41.0,1520.0,1230.0,1820.0,4.9,2.1,11.3,8.0,7.5,8.5
segment:line-1-civil-008:0002,civil_segment,line-1-civil-008,line-1,elevated,3815.0,-9.50890503,30.35349718,60..100cm,24.0,9.0,36.0,52.0,24.0,81.0,24.0,7.0,42.0,1560.0,1230.0,1820.0,3.3,1.3,6.8,8.0,7.3,8.5
segment:line-1-civil-009:0000,civil_segment,line-1-civil-009,line-1,at-grade,3815.0,-9.50890503,30.35349718,0..30cm,22.0,11.0,33.0,54.0,34.0,77.0,24.0,9.0,39.0,1370.0,1190.0,1570.0,7.9,3.5,15.3,7.9,7.4,8.3
segment:line-1-civil-009:0000,civil_segment,line-1-civil-009,line-1,at-grade,3815.0,-9.50890503,30.35349718,30..60cm,23.0,11.0,36.0,53.0,28.0,80.0,24.0,7.0,41.0,1520.0,1230.0,1820.0,4.9,2.1,11.3,8.0,7.5,8.5
segment:line-1-civil-009:0000,civil_segment,line-1-civil-009,line-1,at-grade,3815.0,-9.50890503,30.35349718,60..100cm,24.0,9.0,36.0,52.0,24.0,81.0,24.0,7.0,42.0,1560.0,1230.0,1820.0,3.3,1.3,6.8,8.0,7.3,8.5
segment:line-1-civil-009:0001,civil_segment,line-1-civil-009,line-1,at-grade,4814.434,-9.51726565,30.35675922,0..30cm,20.0,7.0,32.0,59.0,37.0,77.0,22.0,11.0,32.0,1440.0,1260.0,1610.0,5.6,2.4,12.4,7.9,7.4,8.3
segment:line-1-civil-009:0001,civil_segment,line-1-civil-009,line-1,at-grade,4814.434,-9.51726565,30.35675922,30..60cm,19.0,8.0,32.0,60.0,36.0,82.0,21.0,8.0,35.0,1570.0,1380.0,1760.0,3.1,1.5,5.9,8.1,7.6,8.8
segment:line-1-civil-009:0001,civil_segment,line-1-civil-009,line-1,at-grade,4814.434,-9.51726565,30.35675922,60..100cm,19.0,7.0,33.0,60.0,37.0,82.0,21.0,7.0,35.0,1580.0,1390.0,1810.0,2.5,0.9,5.0,8.2,7.7,8.9
segment:line-1-civil-009:0002,civil_segment,line-1-civil-009,line-1,at-grade,5344.85,-9.52144982,30.35854165,0..30cm,21.0,7.0,32.0,57.0,37.0,81.0,23.0,8.0,37.0,1450.0,1310.0,1610.0,5.9,2.8,10.3,7.9,7.4,8.3
segment:line-1-civil-009:0002,civil_segment,line-1-civil-009,line-1,at-grade,5344.85,-9.52144982,30.35854165,30..60cm,21.0,8.0,35.0,56.0,30.0,84.0,23.0,6.0,40.0,1560.0,1380.0,1760.0,3.1,1.6,5.8,8.1,7.5,8.7
segment:line-1-civil-009:0002,civil_segment,line-1-civil-009,line-1,at-grade,5344.85,-9.52144982,30.35854165,60..100cm,21.0,7.0,36.0,57.0,28.0,87.0,23.0,7.0,39.0,1570.0,1390.0,1790.0,2.5,1.3,4.3,8.1,7.5,8.9
segment:line-1-civil-009:0003,civil_segment,line-1-civil-009,line-1,at-grade,5813.868,-9.52539311,30.35999983,0..30cm,20.0,5.0,34.0,57.0,34.0,81.0,22.0,8.0,37.0,1420.0,1220.0,1610.0,3.4,1.6,7.2,7.8,7.3,8.3
segment:line-1-civil-009:0003,civil_segment,line-1-civil-009,line-1,at-grade,5813.868,-9.52539311,30.35999983,30..60cm,21.0,6.0,35.0,57.0,29.0,86.0,22.0,3.0,39.0,1500.0,1320.0,1640.0,2.4,1.3,4.4,8.1,7.5,8.7
segment:line-1-civil-009:0003,civil_segment,line-1-civil-009,line-1,at-grade,5813.868,-9.52539311,30.35999983,60..100cm,22.0,6.0,37.0,56.0,27.0,91.0,22.0,2.0,40.0,1520.0,1340.0,1700.0,1.5,0.7,3.1,8.1,7.3,8.8
segment:line-1-civil-009:0004,civil_segment,line-1-civil-009,line-1,at-grade,6813.302,-9.53344928,30.36344264,0..30cm,21.0,6.0,31.0,57.0,39.0,82.0,22.0,8.0,36.0,1410.0,1200.0,1590.0,4.0,1.7,7.7,7.8,7.2,8.4
segment:line-1-civil-009:0004,civil_segment,line-1-civil-009,line-1,at-grade,6813.302,-9.53344928,30.36344264,30..60cm,22.0,8.0,37.0,57.0,30.0,82.0,20.0,2.0,38.0,1490.0,1310.0,1660.0,2.7,1.2,4.9,8.1,7.4,8.9
segment:line-1-civil-009:0004,civil_segment,line-1-civil-009,line-1,at-grade,6813.302,-9.53344928,30.36344264,60..100cm,22.0,7.0,35.0,58.0,31.0,87.0,20.0,2.0,36.0,1520.0,1340.0,1660.0,1.7,0.5,2.9,8.1,7.2,9.0
segment:line-1-civil-009:0005,civil_segment,line-1-civil-009,line-1,at-grade,6874.7,-9.53328943,30.36393922,0..30cm,21.0,6.0,31.0,57.0,39.0,82.0,22.0,8.0,36.0,1410.0,1200.0,1590.0,4.0,1.7,7.7,7.8,7.2,8.4
segment:line-1-civil-009:0005,civil_segment,line-1-civil-009,line-1,at-grade,6874.7,-9.53328943,30.36393922,30..60cm,22.0,8.0,37.0,57.0,30.0,82.0,20.0,2.0,38.0,1490.0,1310.0,1660.0,2.7,1.2,4.9,8.1,7.4,8.9
segment:line-1-civil-009:0005,civil_segment,line-1-civil-009,line-1,at-grade,6874.7,-9.53328943,30.36393922,60..100cm,22.0,7.0,35.0,58.0,31.0,87.0,20.0,2.0,36.0,1520.0,1340.0,1660.0,1.7,0.5,2.9,8.1,7.2,9.0
segment:line-1-civil-010:0000,civil_segment,line-1-civil-010,line-1,elevated,6874.7,-9.53328943,30.36393922,0..30cm,21.0,6.0,31.0,57.0,39.0,82.0,22.0,8.0,36.0,1410.0,1200.0,1590.0,4.0,1.7,7.7,7.8,7.2,8.4
segment:line-1-civil-010:0000,civil_segment,line-1-civil-010,line-1,elevated,6874.7,-9.53328943,30.36393922,30..60cm,22.0,8.0,37.0,57.0,30.0,82.0,20.0,2.0,38.0,1490.0,1310.0,1660.0,2.7,1.2,4.9,8.1,7.4,8.9
segment:line-1-civil-010:0000,civil_segment,line-1-civil-010,line-1,elevated,6874.7,-9.53328943,30.36393922,60..100cm,22.0,7.0,35.0,58.0,31.0,87.0,20.0,2.0,36.0,1520.0,1340.0,1660.0,1.7,0.5,2.9,8.1,7.2,9.0
segment:line-1-civil-010:0001,civil_segment,line-1-civil-010,line-1,elevated,6884.7,-9.53328943,30.36402912,0..30cm,21.0,7.0,31.0,57.0,42.0,79.0,22.0,9.0,36.0,1410.0,1210.0,1570.0,3.6,1.2,6.9,7.8,7.2,8.4
segment:line-1-civil-010:0001,civil_segment,line-1-civil-010,line-1,elevated,6884.7,-9.53328943,30.36402912,30..60cm,22.0,8.0,34.0,57.0,30.0,82.0,20.0,3.0,36.0,1500.0,1310.0,1670.0,2.3,0.9,4.6,8.1,7.4,8.9
segment:line-1-civil-010:0001,civil_segment,line-1-civil-010,line-1,elevated,6884.7,-9.53328943,30.36402912,60..100cm,22.0,7.0,35.0,58.0,31.0,85.0,20.0,1.0,33.0,1510.0,1330.0,1670.0,1.3,0.4,2.6,8.1,7.2,9.0
segment:line-1-civil-010:0002,civil_segment,line-1-civil-010,line-1,elevated,6894.7,-9.53328943,30.36411903,0..30cm,21.0,7.0,31.0,57.0,42.0,79.0,22.0,9.0,36.0,1410.0,1210.0,1570.0,3.6,1.2,6.9,7.8,7.2,8.4
segment:line-1-civil-010:0002,civil_segment,line-1-civil-010,line-1,elevated,6894.7,-9.53328943,30.36411903,30..60cm,22.0,8.0,34.0,57.0,30.0,82.0,20.0,3.0,36.0,1500.0,1310.0,1670.0,2.3,0.9,4.6,8.1,7.4,8.9
segment:line-1-civil-010:0002,civil_segment,line-1-civil-010,line-1,elevated,6894.7,-9.53328943,30.36411903,60..100cm,22.0,7.0,35.0,58.0,31.0,85.0,20.0,1.0,33.0,1510.0,1330.0,1670.0,1.3,0.4,2.6,8.1,7.2,9.0
segment:line-1-civil-011:0000,civil_segment,line-1-civil-011,line-1,elevated,6894.7,-9.53328943,30.36411903,0..30cm,21.0,7.0,31.0,57.0,42.0,79.0,22.0,9.0,36.0,1410.0,1210.0,1570.0,3.6,1.2,6.9,7.8,7.2,8.4
segment:line-1-civil-011:0000,civil_segment,line-1-civil-011,line-1,elevated,6894.7,-9.53328943,30.36411903,30..60cm,22.0,8.0,34.0,57.0,30.0,82.0,20.0,3.0,36.0,1500.0,1310.0,1670.0,2.3,0.9,4.6,8.1,7.4,8.9
segment:line-1-civil-011:0000,civil_segment,line-1-civil-011,line-1,elevated,6894.7,-9.53328943,30.36411903,60..100cm,22.0,7.0,35.0,58.0,31.0,85.0,20.0,1.0,33.0,1510.0,1330.0,1670.0,1.3,0.4,2.6,8.1,7.2,9.0
segment:line-1-civil-011:0001,civil_segment,line-1-civil-011,line-1,elevated,6918.85,-9.53331879,30.36432593,0..30cm,21.0,7.0,31.0,57.0,42.0,79.0,22.0,9.0,36.0,1410.0,1210.0,1570.0,3.6,1.2,6.9,7.8,7.2,8.4
segment:line-1-civil-011:0001,civil_segment,line-1-civil-011,line-1,elevated,6918.85,-9.53331879,30.36432593,30..60cm,22.0,8.0,34.0,57.0,30.0,82.0,20.0,3.0,36.0,1500.0,1310.0,1670.0,2.3,0.9,4.6,8.1,7.4,8.9
segment:line-1-civil-011:0001,civil_segment,line-1-civil-011,line-1,elevated,6918.85,-9.53331879,30.36432593,60..100cm,22.0,7.0,35.0,58.0,31.0,85.0,20.0,1.0,33.0,1510.0,1330.0,1670.0,1.3,0.4,2.6,8.1,7.2,9.0
segment:line-1-civil-011:0002,civil_segment,line-1-civil-011,line-1,elevated,6943.0,-9.53349648,30.3644794,0..30cm,21.0,7.0,31.0,57.0,42.0,79.0,22.0,9.0,36.0,1410.0,1210.0,1570.0,3.6,1.2,6.9,7.8,7.2,8.4
segment:line-1-civil-011:0002,civil_segment,line-1-civil-011,line-1,elevated,6943.0,-9.53349648,30.3644794,30..60cm,22.0,8.0,34.0,57.0,30.0,82.0,20.0,3.0,36.0,1500.0,1310.0,1670.0,2.3,0.9,4.6,8.1,7.4,8.9
segment:line-1-civil-011:0002,civil_segment,line-1-civil-011,line-1,elevated,6943.0,-9.53349648,30.3644794,60..100cm,22.0,7.0,35.0,58.0,31.0,85.0,20.0,1.0,33.0,1510.0,1330.0,1670.0,1.3,0.4,2.6,8.1,7.2,9.0
segment:line-1-civil-012:0000,civil_segment,line-1-civil-012,line-1,elevated,6943.0,-9.53349648,30.3644794,0..30cm,21.0,7.0,31.0,57.0,42.0,79.0,22.0,9.0,36.0,1410.0,1210.0,1570.0,3.6,1.2,6.9,7.8,7.2,8.4
segment:line-1-civil-012:0000,civil_segment,line-1-civil-012,line-1,elevated,6943.0,-9.53349648,30.3644794,30..60cm,22.0,8.0,34.0,57.0,30.0,82.0,20.0,3.0,36.0,1500.0,1310.0,1670.0,2.3,0.9,4.6,8.1,7.4,8.9
segment:line-1-civil-012:0000,civil_segment,line-1-civil-012,line-1,elevated,6943.0,-9.53349648,30.3644794,60..100cm,22.0,7.0,35.0,58.0,31.0,85.0,20.0,1.0,33.0,1510.0,1330.0,1670.0,1.3,0.4,2.6,8.1,7.2,9.0
segment:line-1-civil-012:0001,civil_segment,line-1-civil-012,line-1,elevated,6973.0,-9.53370615,30.36456895,0..30cm,21.0,7.0,31.0,57.0,42.0,79.0,22.0,9.0,36.0,1410.0,1210.0,1570.0,3.6,1.2,6.9,7.8,7.2,8.4
segment:line-1-civil-012:0001,civil_segment,line-1-civil-012,line-1,elevated,6973.0,-9.53370615,30.36456895,30..60cm,22.0,8.0,34.0,57.0,30.0,82.0,20.0,3.0,36.0,1500.0,1310.0,1670.0,2.3,0.9,4.6,8.1,7.4,8.9
segment:line-1-civil-012:0001,civil_segment,line-1-civil-012,line-1,elevated,6973.0,-9.53370615,30.36456895,60..100cm,22.0,7.0,35.0,58.0,31.0,85.0,20.0,1.0,33.0,1510.0,1330.0,1670.0,1.3,0.4,2.6,8.1,7.2,9.0
segment:line-1-civil-012:0002,civil_segment,line-1-civil-012,line-1,elevated,7003.0,-9.53391275,30.3646605,0..30cm,21.0,7.0,31.0,57.0,42.0,79.0,22.0,9.0,36.0,1410.0,1210.0,1570.0,3.6,1.2,6.9,7.8,7.2,8.4
segment:line-1-civil-012:0002,civil_segment,line-1-civil-012,line-1,elevated,7003.0,-9.53391275,30.3646605,30..60cm,22.0,8.0,34.0,57.0,30.0,82.0,20.0,3.0,36.0,1500.0,1310.0,1670.0,2.3,0.9,4.6,8.1,7.4,8.9
segment:line-1-civil-012:0002,civil_segment,line-1-civil-012,line-1,elevated,7003.0,-9.53391275,30.3646605,60..100cm,22.0,7.0,35.0,58.0,31.0,85.0,20.0,1.0,33.0,1510.0,1330.0,1670.0,1.3,0.4,2.6,8.1,7.2,9.0
segment:line-1-civil-013:0000,civil_segment,line-1-civil-013,line-1,elevated,7003.0,-9.53391275,30.3646605,0..30cm,21.0,7.0,31.0,57.0,42.0,79.0,22.0,9.0,36.0,1410.0,1210.0,1570.0,3.6,1.2,6.9,7.8,7.2,8.4
segment:line-1-civil-013:0000,civil_segment,line-1-civil-013,line-1,elevated,7003.0,-9.53391275,30.3646605,30..60cm,22.0,8.0,34.0,57.0,30.0,82.0,20.0,3.0,36.0,1500.0,1310.0,1670.0,2.3,0.9,4.6,8.1,7.4,8.9
segment:line-1-civil-013:0000,civil_segment,line-1-civil-013,line-1,elevated,7003.0,-9.53391275,30.3646605,60..100cm,22.0,7.0,35.0,58.0,31.0,85.0,20.0,1.0,33.0,1510.0,1330.0,1670.0,1.3,0.4,2.6,8.1,7.2,9.0
segment:line-1-civil-013:0001,civil_segment,line-1-civil-013,line-1,elevated,8003.26,-9.54141548,30.36971024,0..30cm,22.0,7.0,30.0,57.0,38.0,83.0,22.0,5.0,36.0,1430.0,1210.0,1620.0,4.2,1.9,7.5,7.8,7.2,8.3
segment:line-1-civil-013:0001,civil_segment,line-1-civil-013,line-1,elevated,8003.26,-9.54141548,30.36971024,30..60cm,24.0,10.0,34.0,56.0,35.0,86.0,20.0,3.0,36.0,1550.0,1330.0,1760.0,2.7,1.3,6.1,8.0,7.2,8.8
segment:line-1-civil-013:0001,civil_segment,line-1-civil-013,line-1,elevated,8003.26,-9.54141548,30.36971024,60..100cm,25.0,9.0,36.0,55.0,31.0,87.0,20.0,1.0,36.0,1560.0,1370.0,1770.0,1.8,0.8,3.8,8.0,7.2,8.8
segment:line-1-civil-013:0002,civil_segment,line-1-civil-013,line-1,elevated,9003.519,-9.54870202,30.37473337,0..30cm,22.0,7.0,34.0,56.0,36.0,80.0,22.0,8.0,36.0,1430.0,1210.0,1610.0,3.9,1.9,7.5,7.8,7.2,8.4
segment:line-1-civil-013:0002,civil_segment,line-1-civil-013,line-1,elevated,9003.519,-9.54870202,30.37473337,30..60cm,24.0,8.0,36.0,57.0,29.0,81.0,19.0,3.0,36.0,1530.0,1320.0,1740.0,3.0,1.6,5.4,8.0,7.4,8.7
segment:line-1-civil-013:0002,civil_segment,line-1-civil-013,line-1,elevated,9003.519,-9.54870202,30.37473337,60..100cm,24.0,7.0,37.0,56.0,30.0,82.0,19.0,2.0,36.0,1530.0,1370.0,1750.0,2.2,0.7,4.5,8.1,7.2,8.9
segment:line-1-civil-013:0003,civil_segment,line-1-civil-013,line-1,elevated,10003.779,-9.5561791,30.37959769,0..30cm,22.0,9.0,33.0,56.0,37.0,83.0,22.0,5.0,38.0,1440.0,1280.0,1590.0,5.6,3.1,9.7,7.8,7.3,8.3
segment:line-1-civil-013:0003,civil_segment,line-1-civil-013,line-1,elevated,10003.779,-9.5561791,30.37959769,30..60cm,24.0,10.0,36.0,56.0,29.0,84.0,20.0,1.0,39.0,1520.0,1330.0,1760.0,3.0,1.4,5.2,8.0,7.6,8.7
segment:line-1-civil-013:0003,civil_segment,line-1-civil-013,line-1,elevated,10003.779,-9.5561791,30.37959769,60..100cm,24.0,10.0,39.0,56.0,25.0,87.0,20.0,1.0,38.0,1530.0,1310.0,1750.0,2.5,1.3,4.2,8.1,7.5,8.8
segment:line-1-civil-013:0004,civil_segment,line-1-civil-013,line-1,elevated,10989.6,-9.56318705,30.38436502,0..30cm,23.0,11.0,33.0,55.0,36.0,79.0,22.0,8.0,37.0,1440.0,1280.0,1590.0,5.3,3.1,8.4,7.7,7.2,8.4
segment:line-1-civil-013:0004,civil_segment,line-1-civil-013,line-1,elevated,10989.6,-9.56318705,30.38436502,30..60cm,24.0,11.0,36.0,57.0,29.0,79.0,19.0,5.0,39.0,1510.0,1370.0,1690.0,3.2,1.4,5.8,7.9,7.2,8.5
segment:line-1-civil-013:0004,civil_segment,line-1-civil-013,line-1,elevated,10989.6,-9.56318705,30.38436502,60..100cm,24.0,12.0,34.0,57.0,30.0,79.0,19.0,1.0,36.0,1530.0,1340.0,1720.0,2.6,1.2,4.3,8.0,7.3,8.8
segment:line-1-civil-013:0005,civil_segment,line-1-civil-013,line-1,elevated,11004.039,-9.56329345,30.38445692,0..30cm,23.0,11.0,33.0,55.0,36.0,79.0,22.0,8.0,37.0,1440.0,1280.0,1590.0,5.3,3.1,8.4,7.7,7.2,8.4
segment:line-1-civil-013:0005,civil_segment,line-1-civil-013,line-1,elevated,11004.039,-9.56329345,30.38445692,30..60cm,24.0,11.0,36.0,57.0,29.0,79.0,19.0,5.0,39.0,1510.0,1370.0,1690.0,3.2,1.4,5.8,7.9,7.2,8.5
segment:line-1-civil-013:0005,civil_segment,line-1-civil-013,line-1,elevated,11004.039,-9.56329345,30.38445692,60..100cm,24.0,12.0,34.0,57.0,30.0,79.0,19.0,1.0,36.0,1530.0,1340.0,1720.0,2.6,1.2,4.3,8.0,7.3,8.8
segment:line-1-civil-013:0006,civil_segment,line-1-civil-013,line-1,elevated,12004.298,-9.57063263,30.38935624,0..30cm,23.0,11.0,33.0,53.0,33.0,73.0,24.0,11.0,37.0,1410.0,1140.0,1600.0,4.9,2.0,10.1,7.8,7.2,8.3
segment:line-1-civil-013:0006,civil_segment,line-1-civil-013,line-1,elevated,12004.298,-9.57063263,30.38935624,30..60cm,26.0,11.0,37.0,53.0,27.0,84.0,22.0,4.0,39.0,1490.0,1310.0,1710.0,3.0,1.5,5.6,8.0,7.2,8.8
segment:line-1-civil-013:0006,civil_segment,line-1-civil-013,line-1,elevated,12004.298,-9.57063263,30.38935624,60..100cm,26.0,10.0,38.0,52.0,26.0,85.0,22.0,4.0,38.0,1500.0,1310.0,1720.0,2.7,1.2,5.3,8.1,7.3,8.9
segment:line-1-civil-013:0007,civil_segment,line-1-civil-013,line-1,elevated,13004.558,-9.57805833,30.39433029,0..30cm,24.0,10.0,34.0,53.0,23.0,79.0,23.0,9.0,38.0,1420.0,1290.0,1550.0,6.6,3.5,10.8,7.8,7.3,8.4
segment:line-1-civil-013:0007,civil_segment,line-1-civil-013,line-1,elevated,13004.558,-9.57805833,30.39433029,30..60cm,25.0,9.0,36.0,54.0,22.0,83.0,21.0,4.0,37.0,1510.0,1370.0,1720.0,3.5,1.6,6.5,8.0,7.4,8.7
segment:line-1-civil-013:0007,civil_segment,line-1-civil-013,line-1,elevated,13004.558,-9.57805833,30.39433029,60..100cm,25.0,9.0,38.0,55.0,24.0,84.0,20.0,0.0,38.0,1520.0,1270.0,1700.0,2.8,1.1,6.2,8.1,7.6,8.8
segment:line-1-civil-013:0008,civil_segment,line-1-civil-013,line-1,elevated,14004.818,-9.58517109,30.39920603,0..30cm,23.0,10.0,33.0,55.0,38.0,79.0,22.0,9.0,36.0,1410.0,1150.0,1560.0,4.6,2.0,9.7,7.9,7.2,8.4
segment:line-1-civil-013:0008,civil_segment,line-1-civil-013,line-1,elevated,14004.818,-9.58517109,30.39920603,30..60cm,25.0,9.0,37.0,56.0,34.0,82.0,19.0,4.0,33.0,1480.0,1310.0,1670.0,2.7,1.1,5.3,8.2,7.6,8.8
segment:line-1-civil-013:0008,civil_segment,line-1-civil-013,line-1,elevated,14004.818,-9.58517109,30.39920603,60..100cm,25.0,8.0,39.0,56.0,25.0,85.0,19.0,3.0,36.0,1510.0,1340.0,1680.0,2.5,1.1,6.1,8.2,7.6,8.9
segment:line-1-civil-013:0009,civil_segment,line-1-civil-013,line-1,elevated,14976.2,-9.59246439,30.40407309,0..30cm,20.0,7.0,30.0,60.0,38.0,82.0,20.0,8.0,32.0,1380.0,1170.0,1560.0,4.3,1.8,8.2,7.8,7.3,8.4
segment:line-1-civil-013:0009,civil_segment,line-1-civil-013,line-1,elevated,14976.2,-9.59246439,30.40407309,30..60cm,23.0,8.0,35.0,58.0,35.0,86.0,19.0,4.0,35.0,1450.0,1300.0,1600.0,2.4,1.1,4.6,8.1,7.5,8.8
segment:line-1-civil-013:0009,civil_segment,line-1-civil-013,line-1,elevated,14976.2,-9.59246439,30.40407309,60..100cm,23.0,7.0,37.0,58.0,29.0,88.0,19.0,4.0,38.0,1480.0,1310.0,1650.0,2.1,1.0,3.8,8.1,7.3,8.9
segment:line-1-civil-014:0000,civil_segment,line-1-civil-014,line-1,bridge,14976.2,-9.59246439,30.40407309,0..30cm,20.0,7.0,30.0,60.0,38.0,82.0,20.0,8.0,32.0,1380.0,1170.0,1560.0,4.3,1.8,8.2,7.8,7.3,8.4
segment:line-1-civil-014:0000,civil_segment,line-1-civil-014,line-1,bridge,14976.2,-9.59246439,30.40407309,30..60cm,23.0,8.0,35.0,58.0,35.0,86.0,19.0,4.0,35.0,1450.0,1300.0,1600.0,2.4,1.1,4.6,8.1,7.5,8.8
segment:line-1-civil-014:0000,civil_segment,line-1-civil-014,line-1,bridge,14976.2,-9.59246439,30.40407309,60..100cm,23.0,7.0,37.0,58.0,29.0,88.0,19.0,4.0,38.0,1480.0,1310.0,1650.0,2.1,1.0,3.8,8.1,7.3,8.9
segment:line-1-civil-014:0001,civil_segment,line-1-civil-014,line-1,bridge,15000.3,-9.59270266,30.40409953,0..30cm,20.0,7.0,30.0,60.0,38.0,82.0,20.0,8.0,32.0,1380.0,1170.0,1560.0,4.3,1.8,8.2,7.8,7.3,8.4
segment:line-1-civil-014:0001,civil_segment,line-1-civil-014,line-1,bridge,15000.3,-9.59270266,30.40409953,30..60cm,23.0,8.0,35.0,58.0,35.0,86.0,19.0,4.0,35.0,1450.0,1300.0,1600.0,2.4,1.1,4.6,8.1,7.5,8.8
segment:line-1-civil-014:0001,civil_segment,line-1-civil-014,line-1,bridge,15000.3,-9.59270266,30.40409953,60..100cm,23.0,7.0,37.0,58.0,29.0,88.0,19.0,4.0,38.0,1480.0,1310.0,1650.0,2.1,1.0,3.8,8.1,7.3,8.9
segment:line-1-civil-014:0002,civil_segment,line-1-civil-014,line-1,bridge,15024.4,-9.59288037,30.40425302,0..30cm,20.0,7.0,30.0,60.0,38.0,82.0,20.0,8.0,32.0,1380.0,1170.0,1560.0,4.3,1.8,8.2,7.8,7.3,8.4
segment:line-1-civil-014:0002,civil_segment,line-1-civil-014,line-1,bridge,15024.4,-9.59288037,30.40425302,30..60cm,23.0,8.0,35.0,58.0,35.0,86.0,19.0,4.0,35.0,1450.0,1300.0,1600.0,2.4,1.1,4.6,8.1,7.5,8.8
segment:line-1-civil-014:0002,civil_segment,line-1-civil-014,line-1,bridge,15024.4,-9.59288037,30.40425302,60..100cm,23.0,7.0,37.0,58.0,29.0,88.0,19.0,4.0,38.0,1480.0,1310.0,1650.0,2.1,1.0,3.8,8.1,7.3,8.9
segment:line-1-civil-015:0000,civil_segment,line-1-civil-015,line-1,elevated,15024.4,-9.59288037,30.40425302,0..30cm,20.0,7.0,30.0,60.0,38.0,82.0,20.0,8.0,32.0,1380.0,1170.0,1560.0,4.3,1.8,8.2,7.8,7.3,8.4
segment:line-1-civil-015:0000,civil_segment,line-1-civil-015,line-1,elevated,15024.4,-9.59288037,30.40425302,30..60cm,23.0,8.0,35.0,58.0,35.0,86.0,19.0,4.0,35.0,1450.0,1300.0,1600.0,2.4,1.1,4.6,8.1,7.5,8.8
segment:line-1-civil-015:0000,civil_segment,line-1-civil-015,line-1,elevated,15024.4,-9.59288037,30.40425302,60..100cm,23.0,7.0,37.0,58.0,29.0,88.0,19.0,4.0,38.0,1480.0,1310.0,1650.0,2.1,1.0,3.8,8.1,7.3,8.9
segment:line-1-civil-015:0001,civil_segment,line-1-civil-015,line-1,elevated,15796.95,-9.59844542,30.40815987,0..30cm,24.0,11.0,37.0,51.0,23.0,78.0,25.0,11.0,39.0,1420.0,1250.0,1630.0,6.1,2.7,10.4,7.8,7.2,8.4
segment:line-1-civil-015:0001,civil_segment,line-1-civil-015,line-1,elevated,15796.95,-9.59844542,30.40815987,30..60cm,26.0,11.0,39.0,53.0,23.0,83.0,22.0,4.0,38.0,1490.0,1350.0,1690.0,3.5,1.2,7.7,8.0,7.5,8.8
segment:line-1-civil-015:0001,civil_segment,line-1-civil-015,line-1,elevated,15796.95,-9.59844542,30.40815987,60..100cm,25.0,9.0,40.0,53.0,23.0,86.0,21.0,4.0,39.0,1500.0,1310.0,1750.0,3.5,1.4,6.9,8.1,7.5,8.9
segment:line-1-civil-015:0002,civil_segment,line-1-civil-015,line-1,elevated,16024.799,-9.60007333,30.40920601,0..30cm,24.0,12.0,38.0,51.0,26.0,71.0,25.0,12.0,39.0,1410.0,1220.0,1600.0,5.8,2.8,9.7,7.8,7.3,8.4
segment:line-1-civil-015:0002,civil_segment,line-1-civil-015,line-1,elevated,16024.799,-9.60007333,30.40920601,30..60cm,25.0,11.0,37.0,53.0,23.0,83.0,22.0,5.0,38.0,1490.0,1370.0,1660.0,3.1,1.2,6.9,8.1,7.5,8.9
segment:line-1-civil-015:0002,civil_segment,line-1-civil-015,line-1,elevated,16024.799,-9.60007333,30.40920601,60..100cm,25.0,8.0,39.0,54.0,23.0,83.0,21.0,2.0,38.0,1510.0,1360.0,1720.0,2.9,1.2,6.3,8.2,7.5,8.9
segment:line-1-civil-015:0003,civil_segment,line-1-civil-015,line-1,elevated,16569.5,-9.60413214,30.41181188,0..30cm,20.0,6.0,33.0,59.0,34.0,81.0,21.0,8.0,35.0,1400.0,1220.0,1570.0,5.6,2.0,16.7,7.8,7.0,8.5
segment:line-1-civil-015:0003,civil_segment,line-1-civil-015,line-1,elevated,16569.5,-9.60413214,30.41181188,30..60cm,23.0,6.0,39.0,57.0,23.0,84.0,21.0,1.0,41.0,1450.0,1260.0,1630.0,4.5,1.3,16.0,7.9,7.0,8.9
segment:line-1-civil-015:0003,civil_segment,line-1-civil-015,line-1,elevated,16569.5,-9.60413214,30.41181188,60..100cm,23.0,5.0,38.0,56.0,22.0,86.0,21.0,0.0,42.0,1460.0,1240.0,1720.0,3.7,1.1,14.2,8.0,7.2,8.9
segment:line-1-civil-016:0000,civil_segment,line-1-civil-016,line-1,elevated,16569.5,-9.60413214,30.41181188,0..30cm,20.0,6.0,33.0,59.0,34.0,81.0,21.0,8.0,35.0,1400.0,1220.0,1570.0,5.6,2.0,16.7,7.8,7.0,8.5
segment:line-1-civil-016:0000,civil_segment,line-1-civil-016,line-1,elevated,16569.5,-9.60413214,30.41181188,30..60cm,23.0,6.0,39.0,57.0,23.0,84.0,21.0,1.0,41.0,1450.0,1260.0,1630.0,4.5,1.3,16.0,7.9,7.0,8.9
segment:line-1-civil-016:0000,civil_segment,line-1-civil-016,line-1,elevated,16569.5,-9.60413214,30.41181188,60..100cm,23.0,5.0,38.0,56.0,22.0,86.0,21.0,0.0,42.0,1460.0,1240.0,1720.0,3.7,1.1,14.2,8.0,7.2,8.9
segment:line-1-civil-016:0001,civil_segment,line-1-civil-016,line-1,elevated,16617.8,-9.60448755,30.41211885,0..30cm,22.0,10.0,33.0,55.0,27.0,74.0,23.0,11.0,40.0,1400.0,1240.0,1560.0,6.2,2.7,12.7,7.8,7.0,8.5
segment:line-1-civil-016:0001,civil_segment,line-1-civil-016,line-1,elevated,16617.8,-9.60448755,30.41211885,30..60cm,24.0,10.0,37.0,55.0,24.0,82.0,21.0,5.0,39.0,1470.0,1310.0,1650.0,4.9,1.7,10.5,8.0,7.2,8.9
segment:line-1-civil-016:0001,civil_segment,line-1-civil-016,line-1,elevated,16617.8,-9.60448755,30.41211885,60..100cm,24.0,10.0,38.0,55.0,26.0,80.0,21.0,2.0,38.0,1460.0,1240.0,1720.0,4.9,1.3,15.6,8.1,7.4,8.9
segment:line-1-civil-016:0002,civil_segment,line-1-civil-016,line-1,elevated,16666.1,-9.6045488,30.41253169,0..30cm,22.0,10.0,33.0,55.0,27.0,74.0,23.0,11.0,40.0,1400.0,1240.0,1560.0,6.2,2.7,12.7,7.8,7.0,8.5
segment:line-1-civil-016:0002,civil_segment,line-1-civil-016,line-1,elevated,16666.1,-9.6045488,30.41253169,30..60cm,24.0,10.0,37.0,55.0,24.0,82.0,21.0,5.0,39.0,1470.0,1310.0,1650.0,4.9,1.7,10.5,8.0,7.2,8.9
segment:line-1-civil-016:0002,civil_segment,line-1-civil-016,line-1,elevated,16666.1,-9.6045488,30.41253169,60..100cm,24.0,10.0,38.0,55.0,26.0,80.0,21.0,2.0,38.0,1460.0,1240.0,1720.0,4.9,1.3,15.6,8.1,7.4,8.9
segment:line-1-civil-017:0000,civil_segment,line-1-civil-017,line-1,elevated,16666.1,-9.6045488,30.41253169,0..30cm,22.0,10.0,33.0,55.0,27.0,74.0,23.0,11.0,40.0,1400.0,1240.0,1560.0,6.2,2.7,12.7,7.8,7.0,8.5
segment:line-1-civil-017:0000,civil_segment,line-1-civil-017,line-1,elevated,16666.1,-9.6045488,30.41253169,30..60cm,24.0,10.0,37.0,55.0,24.0,82.0,21.0,5.0,39.0,1470.0,1310.0,1650.0,4.9,1.7,10.5,8.0,7.2,8.9
segment:line-1-civil-017:0000,civil_segment,line-1-civil-017,line-1,elevated,16666.1,-9.6045488,30.41253169,60..100cm,24.0,10.0,38.0,55.0,26.0,80.0,21.0,2.0,38.0,1460.0,1240.0,1720.0,4.9,1.3,15.6,8.1,7.4,8.9
segment:line-1-civil-017:0001,civil_segment,line-1-civil-017,line-1,elevated,16748.55,-9.60475694,30.41319902,0..30cm,25.0,15.0,35.0,50.0,26.0,71.0,26.0,12.0,40.0,1400.0,1240.0,1560.0,6.3,3.3,12.1,7.8,7.0,8.5
segment:line-1-civil-017:0001,civil_segment,line-1-civil-017,line-1,elevated,16748.55,-9.60475694,30.41319902,30..60cm,27.0,13.0,39.0,50.0,22.0,73.0,23.0,5.0,39.0,1470.0,1310.0,1650.0,4.4,1.8,8.8,8.0,7.2,8.9
segment:line-1-civil-017:0001,civil_segment,line-1-civil-017,line-1,elevated,16748.55,-9.60475694,30.41319902,60..100cm,27.0,13.0,40.0,50.0,22.0,75.0,23.0,3.0,38.0,1470.0,1240.0,1670.0,3.9,1.2,8.1,8.1,7.4,8.9
segment:line-1-civil-017:0002,civil_segment,line-1-civil-017,line-1,elevated,16831.0,-9.60517366,30.41379128,0..30cm,21.0,6.0,37.0,56.0,25.0,77.0,23.0,9.0,39.0,1400.0,1220.0,1570.0,5.6,2.2,16.7,7.8,6.9,8.5
segment:line-1-civil-017:0002,civil_segment,line-1-civil-017,line-1,elevated,16831.0,-9.60517366,30.41379128,30..60cm,23.0,6.0,37.0,56.0,27.0,84.0,21.0,6.0,38.0,1440.0,1250.0,1630.0,4.4,1.2,16.0,7.9,7.0,8.9
segment:line-1-civil-017:0002,civil_segment,line-1-civil-017,line-1,elevated,16831.0,-9.60517366,30.41379128,60..100cm,23.0,6.0,38.0,57.0,25.0,87.0,21.0,5.0,37.0,1450.0,1240.0,1680.0,3.7,1.1,14.2,8.0,7.2,8.9
segment:line-1-civil-018:0000,civil_segment,line-1-civil-018,line-1,elevated,16831.0,-9.60517366,30.41379128,0..30cm,21.0,6.0,37.0,56.0,25.0,77.0,23.0,9.0,39.0,1400.0,1220.0,1570.0,5.6,2.2,16.7,7.8,6.9,8.5
segment:line-1-civil-018:0000,civil_segment,line-1-civil-018,line-1,elevated,16831.0,-9.60517366,30.41379128,30..60cm,23.0,6.0,37.0,56.0,27.0,84.0,21.0,6.0,38.0,1440.0,1250.0,1630.0,4.4,1.2,16.0,7.9,7.0,8.9
segment:line-1-civil-018:0000,civil_segment,line-1-civil-018,line-1,elevated,16831.0,-9.60517366,30.41379128,60..100cm,23.0,6.0,38.0,57.0,25.0,87.0,21.0,5.0,37.0,1450.0,1240.0,1680.0,3.7,1.1,14.2,8.0,7.2,8.9
segment:line-1-civil-018:0001,civil_segment,line-1-civil-018,line-1,elevated,16861.0,-9.60517366,30.414061,0..30cm,24.0,10.0,36.0,50.0,26.0,74.0,26.0,14.0,39.0,1400.0,1230.0,1560.0,6.1,2.4,13.2,7.8,7.0,8.5
segment:line-1-civil-018:0001,civil_segment,line-1-civil-018,line-1,elevated,16861.0,-9.60517366,30.414061,30..60cm,26.0,10.0,39.0,49.0,23.0,73.0,25.0,12.0,39.0,1460.0,1300.0,1650.0,4.8,1.5,16.2,7.9,7.1,8.9
segment:line-1-civil-018:0001,civil_segment,line-1-civil-018,line-1,elevated,16861.0,-9.60517366,30.414061,60..100cm,27.0,8.0,41.0,49.0,23.0,77.0,25.0,10.0,40.0,1440.0,1240.0,1720.0,3.7,1.2,13.5,8.0,7.3,8.9
segment:line-1-civil-018:0002,civil_segment,line-1-civil-018,line-1,elevated,16891.0,-9.60517366,30.41433072,0..30cm,24.0,10.0,36.0,50.0,26.0,74.0,26.0,14.0,39.0,1400.0,1230.0,1560.0,6.1,2.4,13.2,7.8,7.0,8.5
segment:line-1-civil-018:0002,civil_segment,line-1-civil-018,line-1,elevated,16891.0,-9.60517366,30.41433072,30..60cm,26.0,10.0,39.0,49.0,23.0,73.0,25.0,12.0,39.0,1460.0,1300.0,1650.0,4.8,1.5,16.2,7.9,7.1,8.9
segment:line-1-civil-018:0002,civil_segment,line-1-civil-018,line-1,elevated,16891.0,-9.60517366,30.41433072,60..100cm,27.0,8.0,41.0,49.0,23.0,77.0,25.0,10.0,40.0,1440.0,1240.0,1720.0,3.7,1.2,13.5,8.0,7.3,8.9
segment:line-1-civil-019:0000,civil_segment,line-1-civil-019,line-1,elevated,16891.0,-9.60517366,30.41433072,0..30cm,24.0,10.0,36.0,50.0,26.0,74.0,26.0,14.0,39.0,1400.0,1230.0,1560.0,6.1,2.4,13.2,7.8,7.0,8.5
segment:line-1-civil-019:0000,civil_segment,line-1-civil-019,line-1,elevated,16891.0,-9.60517366,30.41433072,30..60cm,26.0,10.0,39.0,49.0,23.0,73.0,25.0,12.0,39.0,1460.0,1300.0,1650.0,4.8,1.5,16.2,7.9,7.1,8.9
segment:line-1-civil-019:0000,civil_segment,line-1-civil-019,line-1,elevated,16891.0,-9.60517366,30.41433072,60..100cm,27.0,8.0,41.0,49.0,23.0,77.0,25.0,10.0,40.0,1440.0,1240.0,1720.0,3.7,1.2,13.5,8.0,7.3,8.9
segment:line-1-civil-019:0001,civil_segment,line-1-civil-019,line-1,elevated,17041.0,-9.60517366,30.41567931,0..30cm,21.0,9.0,31.0,57.0,36.0,78.0,22.0,10.0,35.0,1350.0,1120.0,1530.0,5.5,2.3,14.2,7.9,7.3,8.5
segment:line-1-civil-019:0001,civil_segment,line-1-civil-019,line-1,elevated,17041.0,-9.60517366,30.41567931,30..60cm,23.0,9.0,37.0,56.0,26.0,84.0,21.0,7.0,37.0,1430.0,1300.0,1610.0,4.6,0.8,24.6,8.0,7.5,8.9
segment:line-1-civil-019:0001,civil_segment,line-1-civil-019,line-1,elevated,17041.0,-9.60517366,30.41567931,60..100cm,23.0,7.0,37.0,56.0,24.0,87.0,21.0,5.0,39.0,1470.0,1300.0,1680.0,2.8,0.5,10.3,8.1,7.5,9.0
segment:line-1-civil-019:0002,civil_segment,line-1-civil-019,line-1,elevated,17191.0,-9.60517366,30.41702791,0..30cm,25.0,12.0,36.0,48.0,24.0,67.0,27.0,16.0,40.0,1390.0,1160.0,1570.0,4.4,2.0,8.0,7.8,7.4,8.3
segment:line-1-civil-019:0002,civil_segment,line-1-civil-019,line-1,elevated,17191.0,-9.60517366,30.41702791,30..60cm,27.0,15.0,39.0,48.0,19.0,70.0,25.0,9.0,41.0,1460.0,1310.0,1630.0,2.6,1.2,4.9,8.1,7.5,8.9
segment:line-1-civil-019:0002,civil_segment,line-1-civil-019,line-1,elevated,17191.0,-9.60517366,30.41702791,60..100cm,27.0,12.0,41.0,48.0,19.0,74.0,25.0,7.0,40.0,1490.0,1300.0,1700.0,2.5,1.1,4.3,8.2,7.2,9.0
segment:line-1-civil-020:0000,civil_segment,line-1-civil-020,line-1,elevated,17191.0,-9.60517366,30.41702791,0..30cm,25.0,12.0,36.0,48.0,24.0,67.0,27.0,16.0,40.0,1390.0,1160.0,1570.0,4.4,2.0,8.0,7.8,7.4,8.3
segment:line-1-civil-020:0000,civil_segment,line-1-civil-020,line-1,elevated,17191.0,-9.60517366,30.41702791,30..60cm,27.0,15.0,39.0,48.0,19.0,70.0,25.0,9.0,41.0,1460.0,1310.0,1630.0,2.6,1.2,4.9,8.1,7.5,8.9
segment:line-1-civil-020:0000,civil_segment,line-1-civil-020,line-1,elevated,17191.0,-9.60517366,30.41702791,60..100cm,27.0,12.0,41.0,48.0,19.0,74.0,25.0,7.0,40.0,1490.0,1300.0,1700.0,2.5,1.1,4.3,8.2,7.2,9.0
segment:line-1-civil-020:0001,civil_segment,line-1-civil-020,line-1,elevated,17249.25,-9.60517366,30.41755224,0..30cm,25.0,12.0,36.0,48.0,24.0,67.0,27.0,16.0,40.0,1390.0,1160.0,1570.0,4.4,2.0,8.0,7.8,7.4,8.3
segment:line-1-civil-020:0001,civil_segment,line-1-civil-020,line-1,elevated,17249.25,-9.60517366,30.41755224,30..60cm,27.0,15.0,39.0,48.0,19.0,70.0,25.0,9.0,41.0,1460.0,1310.0,1630.0,2.6,1.2,4.9,8.1,7.5,8.9
segment:line-1-civil-020:0001,civil_segment,line-1-civil-020,line-1,elevated,17249.25,-9.60517366,30.41755224,60..100cm,27.0,12.0,41.0,48.0,19.0,74.0,25.0,7.0,40.0,1490.0,1300.0,1700.0,2.5,1.1,4.3,8.2,7.2,9.0
segment:line-1-civil-020:0002,civil_segment,line-1-civil-020,line-1,elevated,17307.5,-9.60558721,30.41792775,0..30cm,25.0,12.0,36.0,48.0,24.0,67.0,27.0,16.0,40.0,1390.0,1160.0,1570.0,4.4,2.0,8.0,7.8,7.4,8.3
segment:line-1-civil-020:0002,civil_segment,line-1-civil-020,line-1,elevated,17307.5,-9.60558721,30.41792775,30..60cm,27.0,15.0,39.0,48.0,19.0,70.0,25.0,9.0,41.0,1460.0,1310.0,1630.0,2.6,1.2,4.9,8.1,7.5,8.9
segment:line-1-civil-020:0002,civil_segment,line-1-civil-020,line-1,elevated,17307.5,-9.60558721,30.41792775,60..100cm,27.0,12.0,41.0,48.0,19.0,74.0,25.0,7.0,40.0,1490.0,1300.0,1700.0,2.5,1.1,4.3,8.2,7.2,9.0
segment:line-1-civil-021:0000,civil_segment,line-1-civil-021,line-1,elevated,17307.5,-9.60558721,30.41792775,0..30cm,25.0,12.0,36.0,48.0,24.0,67.0,27.0,16.0,40.0,1390.0,1160.0,1570.0,4.4,2.0,8.0,7.8,7.4,8.3
segment:line-1-civil-021:0000,civil_segment,line-1-civil-021,line-1,elevated,17307.5,-9.60558721,30.41792775,30..60cm,27.0,15.0,39.0,48.0,19.0,70.0,25.0,9.0,41.0,1460.0,1310.0,1630.0,2.6,1.2,4.9,8.1,7.5,8.9
segment:line-1-civil-021:0000,civil_segment,line-1-civil-021,line-1,elevated,17307.5,-9.60558721,30.41792775,60..100cm,27.0,12.0,41.0,48.0,19.0,74.0,25.0,7.0,40.0,1490.0,1300.0,1700.0,2.5,1.1,4.3,8.2,7.2,9.0
segment:line-1-civil-021:0001,civil_segment,line-1-civil-021,line-1,elevated,17505.5,-9.60704567,30.41918746,0..30cm,25.0,12.0,38.0,51.0,26.0,70.0,24.0,13.0,36.0,1380.0,1160.0,1550.0,4.5,1.9,7.6,7.9,7.4,8.4
segment:line-1-civil-021:0001,civil_segment,line-1-civil-021,line-1,elevated,17505.5,-9.60704567,30.41918746,30..60cm,27.0,14.0,39.0,51.0,21.0,72.0,22.0,7.0,37.0,1430.0,1300.0,1610.0,2.5,1.2,5.0,8.2,7.6,9.1
segment:line-1-civil-021:0001,civil_segment,line-1-civil-021,line-1,elevated,17505.5,-9.60704567,30.41918746,60..100cm,27.0,12.0,40.0,51.0,22.0,78.0,21.0,7.0,38.0,1460.0,1310.0,1660.0,2.4,1.0,4.1,8.3,7.6,9.1
segment:line-1-civil-021:0002,civil_segment,line-1-civil-021,line-1,elevated,17703.5,-9.60850413,30.42044717,0..30cm,26.0,14.0,36.0,50.0,24.0,74.0,25.0,7.0,43.0,1410.0,1240.0,1570.0,5.6,3.1,8.8,7.9,7.5,8.4
segment:line-1-civil-021:0002,civil_segment,line-1-civil-021,line-1,elevated,17703.5,-9.60850413,30.42044717,30..60cm,27.0,12.0,40.0,49.0,22.0,77.0,24.0,3.0,42.0,1480.0,1250.0,1670.0,3.5,1.4,6.5,8.2,7.5,8.9
segment:line-1-civil-021:0002,civil_segment,line-1-civil-021,line-1,elevated,17703.5,-9.60850413,30.42044717,60..100cm,27.0,11.0,39.0,49.0,20.0,77.0,24.0,4.0,41.0,1500.0,1260.0,1720.0,2.8,1.0,5.7,8.2,7.3,9.0
segment:line-1-civil-022:0000,civil_segment,line-1-civil-022,line-1,elevated,17703.5,-9.60850413,30.42044717,0..30cm,26.0,14.0,36.0,50.0,24.0,74.0,25.0,7.0,43.0,1410.0,1240.0,1570.0,5.6,3.1,8.8,7.9,7.5,8.4
segment:line-1-civil-022:0000,civil_segment,line-1-civil-022,line-1,elevated,17703.5,-9.60850413,30.42044717,30..60cm,27.0,12.0,40.0,49.0,22.0,77.0,24.0,3.0,42.0,1480.0,1250.0,1670.0,3.5,1.4,6.5,8.2,7.5,8.9
segment:line-1-civil-022:0000,civil_segment,line-1-civil-022,line-1,elevated,17703.5,-9.60850413,30.42044717,60..100cm,27.0,11.0,39.0,49.0,20.0,77.0,24.0,4.0,41.0,1500.0,1260.0,1720.0,2.8,1.0,5.7,8.2,7.3,9.0
segment:line-1-civil-022:0001,civil_segment,line-1-civil-022,line-1,elevated,17743.5,-9.6087116,30.42062998,0..30cm,26.0,14.0,36.0,50.0,24.0,74.0,25.0,7.0,43.0,1410.0,1240.0,1570.0,5.6,3.1,8.8,7.9,7.5,8.4
segment:line-1-civil-022:0001,civil_segment,line-1-civil-022,line-1,elevated,17743.5,-9.6087116,30.42062998,30..60cm,27.0,12.0,40.0,49.0,22.0,77.0,24.0,3.0,42.0,1480.0,1250.0,1670.0,3.5,1.4,6.5,8.2,7.5,8.9
segment:line-1-civil-022:0001,civil_segment,line-1-civil-022,line-1,elevated,17743.5,-9.6087116,30.42062998,60..100cm,27.0,11.0,39.0,49.0,20.0,77.0,24.0,4.0,41.0,1500.0,1260.0,1720.0,2.8,1.0,5.7,8.2,7.3,9.0
segment:line-1-civil-022:0002,civil_segment,line-1-civil-022,line-1,elevated,17783.5,-9.60912809,30.42062998,0..30cm,23.0,13.0,33.0,55.0,36.0,75.0,22.0,7.0,32.0,1430.0,1240.0,1620.0,5.4,2.6,10.6,7.8,6.9,8.5
segment:line-1-civil-022:0002,civil_segment,line-1-civil-022,line-1,elevated,17783.5,-9.60912809,30.42062998,30..60cm,26.0,9.0,40.0,52.0,26.0,84.0,22.0,3.0,40.0,1520.0,1310.0,1770.0,4.4,1.6,9.7,7.9,7.1,8.9
segment:line-1-civil-022:0002,civil_segment,line-1-civil-022,line-1,elevated,17783.5,-9.60912809,30.42062998,60..100cm,25.0,9.0,39.0,52.0,26.0,85.0,23.0,4.0,41.0,1530.0,1240.0,1790.0,4.0,1.3,12.8,8.0,7.3,8.8
segment:line-1-civil-023:0000,civil_segment,line-1-civil-023,line-1,elevated,17783.5,-9.60912809,30.42062998,0..30cm,23.0,13.0,33.0,55.0,36.0,75.0,22.0,7.0,32.0,1430.0,1240.0,1620.0,5.4,2.6,10.6,7.8,6.9,8.5
segment:line-1-civil-023:0000,civil_segment,line-1-civil-023,line-1,elevated,17783.5,-9.60912809,30.42062998,30..60cm,26.0,9.0,40.0,52.0,26.0,84.0,22.0,3.0,40.0,1520.0,1310.0,1770.0,4.4,1.6,9.7,7.9,7.1,8.9
segment:line-1-civil-023:0000,civil_segment,line-1-civil-023,line-1,elevated,17783.5,-9.60912809,30.42062998,60..100cm,25.0,9.0,39.0,52.0,26.0,85.0,23.0,4.0,41.0,1530.0,1240.0,1790.0,4.0,1.3,12.8,8.0,7.3,8.8
segment:line-1-civil-023:0001,civil_segment,line-1-civil-023,line-1,elevated,17813.5,-9.60944084,30.42062998,0..30cm,23.0,13.0,33.0,55.0,36.0,75.0,22.0,7.0,32.0,1430.0,1240.0,1620.0,5.4,2.6,10.6,7.8,6.9,8.5
segment:line-1-civil-023:0001,civil_segment,line-1-civil-023,line-1,elevated,17813.5,-9.60944084,30.42062998,30..60cm,26.0,9.0,40.0,52.0,26.0,84.0,22.0,3.0,40.0,1520.0,1310.0,1770.0,4.4,1.6,9.7,7.9,7.1,8.9
segment:line-1-civil-023:0001,civil_segment,line-1-civil-023,line-1,elevated,17813.5,-9.60944084,30.42062998,60..100cm,25.0,9.0,39.0,52.0,26.0,85.0,23.0,4.0,41.0,1530.0,1240.0,1790.0,4.0,1.3,12.8,8.0,7.3,8.8
segment:line-1-civil-023:0002,civil_segment,line-1-civil-023,line-1,elevated,17843.5,-9.60975359,30.42062998,0..30cm,23.0,13.0,33.0,55.0,36.0,75.0,22.0,7.0,32.0,1430.0,1240.0,1620.0,5.4,2.6,10.6,7.8,6.9,8.5
segment:line-1-civil-023:0002,civil_segment,line-1-civil-023,line-1,elevated,17843.5,-9.60975359,30.42062998,30..60cm,26.0,9.0,40.0,52.0,26.0,84.0,22.0,3.0,40.0,1520.0,1310.0,1770.0,4.4,1.6,9.7,7.9,7.1,8.9
segment:line-1-civil-023:0002,civil_segment,line-1-civil-023,line-1,elevated,17843.5,-9.60975359,30.42062998,60..100cm,25.0,9.0,39.0,52.0,26.0,85.0,23.0,4.0,41.0,1530.0,1240.0,1790.0,4.0,1.3,12.8,8.0,7.3,8.8
segment:line-1-civil-024:0000,civil_segment,line-1-civil-024,line-1,elevated,17843.5,-9.60975359,30.42062998,0..30cm,23.0,13.0,33.0,55.0,36.0,75.0,22.0,7.0,32.0,1430.0,1240.0,1620.0,5.4,2.6,10.6,7.8,6.9,8.5
segment:line-1-civil-024:0000,civil_segment,line-1-civil-024,line-1,elevated,17843.5,-9.60975359,30.42062998,30..60cm,26.0,9.0,40.0,52.0,26.0,84.0,22.0,3.0,40.0,1520.0,1310.0,1770.0,4.4,1.6,9.7,7.9,7.1,8.9
segment:line-1-civil-024:0000,civil_segment,line-1-civil-024,line-1,elevated,17843.5,-9.60975359,30.42062998,60..100cm,25.0,9.0,39.0,52.0,26.0,85.0,23.0,4.0,41.0,1530.0,1240.0,1790.0,4.0,1.3,12.8,8.0,7.3,8.8
segment:line-1-civil-024:0001,civil_segment,line-1-civil-024,line-1,elevated,17867.65,-9.6099936,30.42065387,0..30cm,23.0,13.0,33.0,55.0,36.0,75.0,22.0,7.0,32.0,1430.0,1240.0,1620.0,5.4,2.6,10.6,7.8,6.9,8.5
segment:line-1-civil-024:0001,civil_segment,line-1-civil-024,line-1,elevated,17867.65,-9.6099936,30.42065387,30..60cm,26.0,9.0,40.0,52.0,26.0,84.0,22.0,3.0,40.0,1520.0,1310.0,1770.0,4.4,1.6,9.7,7.9,7.1,8.9
segment:line-1-civil-024:0001,civil_segment,line-1-civil-024,line-1,elevated,17867.65,-9.6099936,30.42065387,60..100cm,25.0,9.0,39.0,52.0,26.0,85.0,23.0,4.0,41.0,1530.0,1240.0,1790.0,4.0,1.3,12.8,8.0,7.3,8.8
segment:line-1-civil-024:0002,civil_segment,line-1-civil-024,line-1,elevated,17891.8,-9.61017168,30.42080768,0..30cm,23.0,12.0,35.0,56.0,27.0,77.0,21.0,6.0,37.0,1430.0,1220.0,1610.0,5.2,2.2,12.0,7.7,6.9,8.5
segment:line-1-civil-024:0002,civil_segment,line-1-civil-024,line-1,elevated,17891.8,-9.61017168,30.42080768,30..60cm,25.0,8.0,41.0,54.0,22.0,83.0,21.0,3.0,40.0,1530.0,1310.0,1770.0,4.2,1.4,9.7,7.8,7.1,8.8
segment:line-1-civil-024:0002,civil_segment,line-1-civil-024,line-1,elevated,17891.8,-9.61017168,30.42080768,60..100cm,26.0,8.0,42.0,51.0,20.0,81.0,23.0,5.0,41.0,1530.0,1240.0,1810.0,3.7,1.3,17.3,7.9,7.3,8.7
segment:line-1-civil-025:0000,civil_segment,line-1-civil-025,line-1,elevated,17891.8,-9.61017168,30.42080768,0..30cm,23.0,12.0,35.0,56.0,27.0,77.0,21.0,6.0,37.0,1430.0,1220.0,1610.0,5.2,2.2,12.0,7.7,6.9,8.5
segment:line-1-civil-025:0000,civil_segment,line-1-civil-025,line-1,elevated,17891.8,-9.61017168,30.42080768,30..60cm,25.0,8.0,41.0,54.0,22.0,83.0,21.0,3.0,40.0,1530.0,1310.0,1770.0,4.2,1.4,9.7,7.8,7.1,8.8
segment:line-1-civil-025:0000,civil_segment,line-1-civil-025,line-1,elevated,17891.8,-9.61017168,30.42080768,60..100cm,26.0,8.0,42.0,51.0,20.0,81.0,23.0,5.0,41.0,1530.0,1240.0,1810.0,3.7,1.3,17.3,7.9,7.3,8.7
segment:line-1-civil-025:0001,civil_segment,line-1-civil-025,line-1,elevated,17911.8,-9.61037909,30.42080994,0..30cm,23.0,12.0,35.0,56.0,27.0,77.0,21.0,6.0,37.0,1430.0,1220.0,1610.0,5.2,2.2,12.0,7.7,6.9,8.5
segment:line-1-civil-025:0001,civil_segment,line-1-civil-025,line-1,elevated,17911.8,-9.61037909,30.42080994,30..60cm,25.0,8.0,41.0,54.0,22.0,83.0,21.0,3.0,40.0,1530.0,1310.0,1770.0,4.2,1.4,9.7,7.8,7.1,8.8
segment:line-1-civil-025:0001,civil_segment,line-1-civil-025,line-1,elevated,17911.8,-9.61037909,30.42080994,60..100cm,26.0,8.0,42.0,51.0,20.0,81.0,23.0,5.0,41.0,1530.0,1240.0,1810.0,3.7,1.3,17.3,7.9,7.3,8.7
segment:line-1-civil-025:0002,civil_segment,line-1-civil-025,line-1,elevated,17931.8,-9.61058758,30.42080994,0..30cm,23.0,12.0,35.0,56.0,27.0,77.0,21.0,6.0,37.0,1430.0,1220.0,1610.0,5.2,2.2,12.0,7.7,6.9,8.5
segment:line-1-civil-025:0002,civil_segment,line-1-civil-025,line-1,elevated,17931.8,-9.61058758,30.42080994,30..60cm,25.0,8.0,41.0,54.0,22.0,83.0,21.0,3.0,40.0,1530.0,1310.0,1770.0,4.2,1.4,9.7,7.8,7.1,8.8
segment:line-1-civil-025:0002,civil_segment,line-1-civil-025,line-1,elevated,17931.8,-9.61058758,30.42080994,60..100cm,26.0,8.0,42.0,51.0,20.0,81.0,23.0,5.0,41.0,1530.0,1240.0,1810.0,3.7,1.3,17.3,7.9,7.3,8.7
segment:line-1-civil-026:0000,civil_segment,line-1-civil-026,line-1,elevated,17931.8,-9.61058758,30.42080994,0..30cm,23.0,12.0,35.0,56.0,27.0,77.0,21.0,6.0,37.0,1430.0,1220.0,1610.0,5.2,2.2,12.0,7.7,6.9,8.5
segment:line-1-civil-026:0000,civil_segment,line-1-civil-026,line-1,elevated,17931.8,-9.61058758,30.42080994,30..60cm,25.0,8.0,41.0,54.0,22.0,83.0,21.0,3.0,40.0,1530.0,1310.0,1770.0,4.2,1.4,9.7,7.8,7.1,8.8
segment:line-1-civil-026:0000,civil_segment,line-1-civil-026,line-1,elevated,17931.8,-9.61058758,30.42080994,60..100cm,26.0,8.0,42.0,51.0,20.0,81.0,23.0,5.0,41.0,1530.0,1240.0,1810.0,3.7,1.3,17.3,7.9,7.3,8.7
segment:line-1-civil-026:0001,civil_segment,line-1-civil-026,line-1,elevated,17945.95,-9.61069282,30.42089787,0..30cm,23.0,12.0,35.0,56.0,27.0,77.0,21.0,6.0,37.0,1430.0,1220.0,1610.0,5.2,2.2,12.0,7.7,6.9,8.5
segment:line-1-civil-026:0001,civil_segment,line-1-civil-026,line-1,elevated,17945.95,-9.61069282,30.42089787,30..60cm,25.0,8.0,41.0,54.0,22.0,83.0,21.0,3.0,40.0,1530.0,1310.0,1770.0,4.2,1.4,9.7,7.8,7.1,8.8
segment:line-1-civil-026:0001,civil_segment,line-1-civil-026,line-1,elevated,17945.95,-9.61069282,30.42089787,60..100cm,26.0,8.0,42.0,51.0,20.0,81.0,23.0,5.0,41.0,1530.0,1240.0,1810.0,3.7,1.3,17.3,7.9,7.3,8.7
segment:line-1-civil-026:0002,civil_segment,line-1-civil-026,line-1,elevated,17960.1,-9.61079705,30.4209879,0..30cm,23.0,12.0,35.0,56.0,27.0,77.0,21.0,6.0,37.0,1430.0,1220.0,1610.0,5.2,2.2,12.0,7.7,6.9,8.5
segment:line-1-civil-026:0002,civil_segment,line-1-civil-026,line-1,elevated,17960.1,-9.61079705,30.4209879,30..60cm,25.0,8.0,41.0,54.0,22.0,83.0,21.0,3.0,40.0,1530.0,1310.0,1770.0,4.2,1.4,9.7,7.8,7.1,8.8
segment:line-1-civil-026:0002,civil_segment,line-1-civil-026,line-1,elevated,17960.1,-9.61079705,30.4209879,60..100cm,26.0,8.0,42.0,51.0,20.0,81.0,23.0,5.0,41.0,1530.0,1240.0,1810.0,3.7,1.3,17.3,7.9,7.3,8.7
segment:line-1-civil-027:0000,civil_segment,line-1-civil-027,line-1,elevated,17960.1,-9.61079705,30.4209879,0..30cm,23.0,12.0,35.0,56.0,27.0,77.0,21.0,6.0,37.0,1430.0,1220.0,1610.0,5.2,2.2,12.0,7.7,6.9,8.5
segment:line-1-civil-027:0000,civil_segment,line-1-civil-027,line-1,elevated,17960.1,-9.61079705,30.4209879,30..60cm,25.0,8.0,41.0,54.0,22.0,83.0,21.0,3.0,40.0,1530.0,1310.0,1770.0,4.2,1.4,9.7,7.8,7.1,8.8
segment:line-1-civil-027:0000,civil_segment,line-1-civil-027,line-1,elevated,17960.1,-9.61079705,30.4209879,60..100cm,26.0,8.0,42.0,51.0,20.0,81.0,23.0,5.0,41.0,1530.0,1240.0,1810.0,3.7,1.3,17.3,7.9,7.3,8.7
segment:line-1-civil-027:0001,civil_segment,line-1-civil-027,line-1,elevated,18167.35,-9.61250742,30.42192529,0..30cm,22.0,9.0,37.0,58.0,28.0,84.0,20.0,7.0,37.0,1440.0,1220.0,1640.0,4.9,1.8,11.0,7.7,6.9,8.3
segment:line-1-civil-027:0001,civil_segment,line-1-civil-027,line-1,elevated,18167.35,-9.61250742,30.42192529,30..60cm,24.0,8.0,38.0,57.0,25.0,86.0,19.0,2.0,39.0,1490.0,1310.0,1720.0,4.0,1.2,9.7,7.7,6.8,8.6
segment:line-1-civil-027:0001,civil_segment,line-1-civil-027,line-1,elevated,18167.35,-9.61250742,30.42192529,60..100cm,24.0,8.0,44.0,56.0,22.0,87.0,20.0,4.0,39.0,1490.0,1240.0,1770.0,3.7,1.0,13.3,7.8,7.0,8.7
segment:line-1-civil-027:0002,civil_segment,line-1-civil-027,line-1,elevated,18374.6,-9.61433936,30.42260775,0..30cm,24.0,13.0,36.0,53.0,27.0,77.0,22.0,8.0,38.0,1430.0,1220.0,1600.0,5.2,2.2,12.7,7.7,7.0,8.5
segment:line-1-civil-027:0002,civil_segment,line-1-civil-027,line-1,elevated,18374.6,-9.61433936,30.42260775,30..60cm,26.0,10.0,44.0,53.0,24.0,84.0,21.0,2.0,36.0,1510.0,1310.0,1740.0,4.1,1.3,9.7,7.8,7.0,8.8
segment:line-1-civil-027:0002,civil_segment,line-1-civil-027,line-1,elevated,18374.6,-9.61433936,30.42260775,60..100cm,26.0,10.0,45.0,51.0,23.0,81.0,23.0,1.0,37.0,1510.0,1230.0,1790.0,3.6,0.8,17.3,7.9,7.3,8.8
segment:line-1-civil-028:0000,civil_segment,line-1-civil-028,line-1,elevated,18374.6,-9.61433936,30.42260775,0..30cm,24.0,13.0,36.0,53.0,27.0,77.0,22.0,8.0,38.0,1430.0,1220.0,1600.0,5.2,2.2,12.7,7.7,7.0,8.5
segment:line-1-civil-028:0000,civil_segment,line-1-civil-028,line-1,elevated,18374.6,-9.61433936,30.42260775,30..60cm,26.0,10.0,44.0,53.0,24.0,84.0,21.0,2.0,36.0,1510.0,1310.0,1740.0,4.1,1.3,9.7,7.8,7.0,8.8
segment:line-1-civil-028:0000,civil_segment,line-1-civil-028,line-1,elevated,18374.6,-9.61433936,30.42260775,60..100cm,26.0,10.0,45.0,51.0,23.0,81.0,23.0,1.0,37.0,1510.0,1230.0,1790.0,3.6,0.8,17.3,7.9,7.3,8.8
segment:line-1-civil-028:0001,civil_segment,line-1-civil-028,line-1,elevated,18384.6,-9.61444272,30.42260961,0..30cm,24.0,13.0,36.0,53.0,27.0,77.0,22.0,8.0,38.0,1430.0,1220.0,1600.0,5.2,2.2,12.7,7.7,7.0,8.5
segment:line-1-civil-028:0001,civil_segment,line-1-civil-028,line-1,elevated,18384.6,-9.61444272,30.42260961,30..60cm,26.0,10.0,44.0,53.0,24.0,84.0,21.0,2.0,36.0,1510.0,1310.0,1740.0,4.1,1.3,9.7,7.8,7.0,8.8
segment:line-1-civil-028:0001,civil_segment,line-1-civil-028,line-1,elevated,18384.6,-9.61444272,30.42260961,60..100cm,26.0,10.0,45.0,51.0,23.0,81.0,23.0,1.0,37.0,1510.0,1230.0,1790.0,3.6,0.8,17.3,7.9,7.3,8.8
segment:line-1-civil-028:0002,civil_segment,line-1-civil-028,line-1,elevated,18394.6,-9.61454697,30.42260961,0..30cm,24.0,13.0,36.0,53.0,27.0,77.0,22.0,8.0,38.0,1430.0,1220.0,1600.0,5.2,2.2,12.7,7.7,7.0,8.5
segment:line-1-civil-028:0002,civil_segment,line-1-civil-028,line-1,elevated,18394.6,-9.61454697,30.42260961,30..60cm,26.0,10.0,44.0,53.0,24.0,84.0,21.0,2.0,36.0,1510.0,1310.0,1740.0,4.1,1.3,9.7,7.8,7.0,8.8
segment:line-1-civil-028:0002,civil_segment,line-1-civil-028,line-1,elevated,18394.6,-9.61454697,30.42260961,60..100cm,26.0,10.0,45.0,51.0,23.0,81.0,23.0,1.0,37.0,1510.0,1230.0,1790.0,3.6,0.8,17.3,7.9,7.3,8.8
segment:line-1-civil-029:0000,civil_segment,line-1-civil-029,line-1,elevated,18394.6,-9.61454697,30.42260961,0..30cm,24.0,13.0,36.0,53.0,27.0,77.0,22.0,8.0,38.0,1430.0,1220.0,1600.0,5.2,2.2,12.7,7.7,7.0,8.5
segment:line-1-civil-029:0000,civil_segment,line-1-civil-029,line-1,elevated,18394.6,-9.61454697,30.42260961,30..60cm,26.0,10.0,44.0,53.0,24.0,84.0,21.0,2.0,36.0,1510.0,1310.0,1740.0,4.1,1.3,9.7,7.8,7.0,8.8
segment:line-1-civil-029:0000,civil_segment,line-1-civil-029,line-1,elevated,18394.6,-9.61454697,30.42260961,60..100cm,26.0,10.0,45.0,51.0,23.0,81.0,23.0,1.0,37.0,1510.0,1230.0,1790.0,3.6,0.8,17.3,7.9,7.3,8.8
segment:line-1-civil-029:0001,civil_segment,line-1-civil-029,line-1,elevated,18434.6,-9.61496397,30.42260961,0..30cm,24.0,13.0,36.0,53.0,27.0,77.0,22.0,8.0,38.0,1430.0,1220.0,1600.0,5.2,2.2,12.7,7.7,7.0,8.5
segment:line-1-civil-029:0001,civil_segment,line-1-civil-029,line-1,elevated,18434.6,-9.61496397,30.42260961,30..60cm,26.0,10.0,44.0,53.0,24.0,84.0,21.0,2.0,36.0,1510.0,1310.0,1740.0,4.1,1.3,9.7,7.8,7.0,8.8
segment:line-1-civil-029:0001,civil_segment,line-1-civil-029,line-1,elevated,18434.6,-9.61496397,30.42260961,60..100cm,26.0,10.0,45.0,51.0,23.0,81.0,23.0,1.0,37.0,1510.0,1230.0,1790.0,3.6,0.8,17.3,7.9,7.3,8.8
segment:line-1-civil-029:0002,civil_segment,line-1-civil-029,line-1,elevated,18474.6,-9.61538097,30.42260961,0..30cm,25.0,14.0,35.0,53.0,26.0,77.0,22.0,8.0,37.0,1430.0,1220.0,1600.0,5.3,2.2,12.7,7.7,7.1,8.4
segment:line-1-civil-029:0002,civil_segment,line-1-civil-029,line-1,elevated,18474.6,-9.61538097,30.42260961,30..60cm,26.0,11.0,44.0,52.0,24.0,81.0,22.0,6.0,34.0,1510.0,1320.0,1740.0,4.2,1.3,9.7,7.8,7.0,8.8
segment:line-1-civil-029:0002,civil_segment,line-1-civil-029,line-1,elevated,18474.6,-9.61538097,30.42260961,60..100cm,27.0,10.0,44.0,51.0,23.0,76.0,23.0,7.0,36.0,1520.0,1240.0,1780.0,3.6,0.8,17.3,7.9,7.3,8.8
segment:line-1-civil-030:0000,civil_segment,line-1-civil-030,line-1,elevated,18474.6,-9.61538097,30.42260961,0..30cm,25.0,14.0,35.0,53.0,26.0,77.0,22.0,8.0,37.0,1430.0,1220.0,1600.0,5.3,2.2,12.7,7.7,7.1,8.4
segment:line-1-civil-030:0000,civil_segment,line-1-civil-030,line-1,elevated,18474.6,-9.61538097,30.42260961,30..60cm,26.0,11.0,44.0,52.0,24.0,81.0,22.0,6.0,34.0,1510.0,1320.0,1740.0,4.2,1.3,9.7,7.8,7.0,8.8
segment:line-1-civil-030:0000,civil_segment,line-1-civil-030,line-1,elevated,18474.6,-9.61538097,30.42260961,60..100cm,27.0,10.0,44.0,51.0,23.0,76.0,23.0,7.0,36.0,1520.0,1240.0,1780.0,3.6,0.8,17.3,7.9,7.3,8.8
segment:line-1-civil-030:0001,civil_segment,line-1-civil-030,line-1,elevated,18508.75,-9.61573662,30.42260961,0..30cm,25.0,14.0,35.0,53.0,26.0,77.0,22.0,8.0,37.0,1430.0,1220.0,1600.0,5.3,2.2,12.7,7.7,7.1,8.4
segment:line-1-civil-030:0001,civil_segment,line-1-civil-030,line-1,elevated,18508.75,-9.61573662,30.42260961,30..60cm,26.0,11.0,44.0,52.0,24.0,81.0,22.0,6.0,34.0,1510.0,1320.0,1740.0,4.2,1.3,9.7,7.8,7.0,8.8
segment:line-1-civil-030:0001,civil_segment,line-1-civil-030,line-1,elevated,18508.75,-9.61573662,30.42260961,60..100cm,27.0,10.0,44.0,51.0,23.0,76.0,23.0,7.0,36.0,1520.0,1240.0,1780.0,3.6,0.8,17.3,7.9,7.3,8.8
segment:line-1-civil-030:0002,civil_segment,line-1-civil-030,line-1,elevated,18542.9,-9.61600703,30.4227884,0..30cm,26.0,14.0,40.0,49.0,25.0,75.0,24.0,10.0,39.0,1420.0,1220.0,1610.0,5.7,3.4,10.5,7.7,7.1,8.4
segment:line-1-civil-030:0002,civil_segment,line-1-civil-030,line-1,elevated,18542.9,-9.61600703,30.4227884,30..60cm,29.0,13.0,44.0,47.0,18.0,76.0,25.0,10.0,41.0,1500.0,1310.0,1740.0,4.5,1.8,8.7,7.8,7.0,8.7
segment:line-1-civil-030:0002,civil_segment,line-1-civil-030,line-1,elevated,18542.9,-9.61600703,30.4227884,60..100cm,29.0,11.0,45.0,46.0,18.0,76.0,25.0,11.0,42.0,1510.0,1230.0,1780.0,4.0,1.3,9.7,7.9,7.3,8.8
segment:line-1-civil-031:0000,civil_segment,line-1-civil-031,line-1,elevated,18542.9,-9.61600703,30.4227884,0..30cm,26.0,14.0,40.0,49.0,25.0,75.0,24.0,10.0,39.0,1420.0,1220.0,1610.0,5.7,3.4,10.5,7.7,7.1,8.4
segment:line-1-civil-031:0000,civil_segment,line-1-civil-031,line-1,elevated,18542.9,-9.61600703,30.4227884,30..60cm,29.0,13.0,44.0,47.0,18.0,76.0,25.0,10.0,41.0,1500.0,1310.0,1740.0,4.5,1.8,8.7,7.8,7.0,8.7
segment:line-1-civil-031:0000,civil_segment,line-1-civil-031,line-1,elevated,18542.9,-9.61600703,30.4227884,60..100cm,29.0,11.0,45.0,46.0,18.0,76.0,25.0,11.0,42.0,1510.0,1230.0,1780.0,4.0,1.3,9.7,7.9,7.3,8.8
segment:line-1-civil-031:0001,civil_segment,line-1-civil-031,line-1,elevated,18605.35,-9.61648481,30.42314951,0..30cm,27.0,16.0,39.0,49.0,25.0,76.0,24.0,9.0,38.0,1400.0,1250.0,1580.0,6.1,2.9,15.4,7.8,7.5,8.4
segment:line-1-civil-031:0001,civil_segment,line-1-civil-031,line-1,elevated,18605.35,-9.61648481,30.42314951,30..60cm,27.0,14.0,41.0,51.0,23.0,77.0,22.0,7.0,38.0,1450.0,1210.0,1680.0,3.8,1.3,6.4,8.0,7.5,8.9
segment:line-1-civil-031:0001,civil_segment,line-1-civil-031,line-1,elevated,18605.35,-9.61648481,30.42314951,60..100cm,26.0,11.0,40.0,51.0,22.0,76.0,22.0,7.0,37.0,1430.0,1070.0,1680.0,3.3,1.2,6.4,8.1,7.3,8.9
segment:line-1-civil-031:0002,civil_segment,line-1-civil-031,line-1,elevated,18667.8,-9.61704932,30.42332872,0..30cm,27.0,16.0,40.0,47.0,22.0,72.0,26.0,11.0,40.0,1420.0,1310.0,1550.0,7.0,4.0,12.7,7.8,7.3,8.3
segment:line-1-civil-031:0002,civil_segment,line-1-civil-031,line-1,elevated,18667.8,-9.61704932,30.42332872,30..60cm,28.0,15.0,41.0,47.0,20.0,78.0,24.0,7.0,42.0,1510.0,1320.0,1720.0,3.8,1.6,7.4,8.0,7.4,8.7
segment:line-1-civil-031:0002,civil_segment,line-1-civil-031,line-1,elevated,18667.8,-9.61704932,30.42332872,60..100cm,29.0,15.0,43.0,46.0,19.0,76.0,25.0,7.0,42.0,1520.0,1320.0,1710.0,3.1,1.8,5.6,8.1,7.3,8.8
segment:line-1-civil-032:0000,civil_segment,line-1-civil-032,line-1,elevated,18667.8,-9.61704932,30.42332872,0..30cm,27.0,16.0,40.0,47.0,22.0,72.0,26.0,11.0,40.0,1420.0,1310.0,1550.0,7.0,4.0,12.7,7.8,7.3,8.3
segment:line-1-civil-032:0000,civil_segment,line-1-civil-032,line-1,elevated,18667.8,-9.61704932,30.42332872,30..60cm,28.0,15.0,41.0,47.0,20.0,78.0,24.0,7.0,42.0,1510.0,1320.0,1720.0,3.8,1.6,7.4,8.0,7.4,8.7
segment:line-1-civil-032:0000,civil_segment,line-1-civil-032,line-1,elevated,18667.8,-9.61704932,30.42332872,60..100cm,29.0,15.0,43.0,46.0,19.0,76.0,25.0,7.0,42.0,1520.0,1320.0,1710.0,3.1,1.8,5.6,8.1,7.3,8.8
segment:line-1-civil-032:0001,civil_segment,line-1-civil-032,line-1,elevated,18687.8,-9.61725746,30.42332947,0..30cm,27.0,16.0,40.0,47.0,22.0,72.0,26.0,11.0,40.0,1420.0,1310.0,1550.0,7.0,4.0,12.7,7.8,7.3,8.3
segment:line-1-civil-032:0001,civil_segment,line-1-civil-032,line-1,elevated,18687.8,-9.61725746,30.42332947,30..60cm,28.0,15.0,41.0,47.0,20.0,78.0,24.0,7.0,42.0,1510.0,1320.0,1720.0,3.8,1.6,7.4,8.0,7.4,8.7
segment:line-1-civil-032:0001,civil_segment,line-1-civil-032,line-1,elevated,18687.8,-9.61725746,30.42332947,60..100cm,29.0,15.0,43.0,46.0,19.0,76.0,25.0,7.0,42.0,1520.0,1320.0,1710.0,3.1,1.8,5.6,8.1,7.3,8.8
segment:line-1-civil-032:0002,civil_segment,line-1-civil-032,line-1,elevated,18707.8,-9.61746595,30.42332947,0..30cm,27.0,16.0,40.0,47.0,22.0,72.0,26.0,11.0,40.0,1420.0,1310.0,1550.0,7.0,4.0,12.7,7.8,7.3,8.3
segment:line-1-civil-032:0002,civil_segment,line-1-civil-032,line-1,elevated,18707.8,-9.61746595,30.42332947,30..60cm,28.0,15.0,41.0,47.0,20.0,78.0,24.0,7.0,42.0,1510.0,1320.0,1720.0,3.8,1.6,7.4,8.0,7.4,8.7
segment:line-1-civil-032:0002,civil_segment,line-1-civil-032,line-1,elevated,18707.8,-9.61746595,30.42332947,60..100cm,29.0,15.0,43.0,46.0,19.0,76.0,25.0,7.0,42.0,1520.0,1320.0,1710.0,3.1,1.8,5.6,8.1,7.3,8.8
segment:line-1-civil-033:0000,civil_segment,line-1-civil-033,line-1,elevated,18707.8,-9.61746595,30.42332947,0..30cm,27.0,16.0,40.0,47.0,22.0,72.0,26.0,11.0,40.0,1420.0,1310.0,1550.0,7.0,4.0,12.7,7.8,7.3,8.3
segment:line-1-civil-033:0000,civil_segment,line-1-civil-033,line-1,elevated,18707.8,-9.61746595,30.42332947,30..60cm,28.0,15.0,41.0,47.0,20.0,78.0,24.0,7.0,42.0,1510.0,1320.0,1720.0,3.8,1.6,7.4,8.0,7.4,8.7
segment:line-1-civil-033:0000,civil_segment,line-1-civil-033,line-1,elevated,18707.8,-9.61746595,30.42332947,60..100cm,29.0,15.0,43.0,46.0,19.0,76.0,25.0,7.0,42.0,1520.0,1320.0,1710.0,3.1,1.8,5.6,8.1,7.3,8.8
segment:line-1-civil-033:0001,civil_segment,line-1-civil-033,line-1,elevated,18717.8,-9.6175702,30.42332947,0..30cm,27.0,16.0,40.0,47.0,22.0,72.0,26.0,11.0,40.0,1420.0,1310.0,1550.0,7.0,4.0,12.7,7.8,7.3,8.3
segment:line-1-civil-033:0001,civil_segment,line-1-civil-033,line-1,elevated,18717.8,-9.6175702,30.42332947,30..60cm,28.0,15.0,41.0,47.0,20.0,78.0,24.0,7.0,42.0,1510.0,1320.0,1720.0,3.8,1.6,7.4,8.0,7.4,8.7
segment:line-1-civil-033:0001,civil_segment,line-1-civil-033,line-1,elevated,18717.8,-9.6175702,30.42332947,60..100cm,29.0,15.0,43.0,46.0,19.0,76.0,25.0,7.0,42.0,1520.0,1320.0,1710.0,3.1,1.8,5.6,8.1,7.3,8.8
segment:line-1-civil-033:0002,civil_segment,line-1-civil-033,line-1,elevated,18727.8,-9.61767445,30.42332947,0..30cm,27.0,16.0,40.0,47.0,22.0,72.0,26.0,11.0,40.0,1420.0,1310.0,1550.0,7.0,4.0,12.7,7.8,7.3,8.3
segment:line-1-civil-033:0002,civil_segment,line-1-civil-033,line-1,elevated,18727.8,-9.61767445,30.42332947,30..60cm,28.0,15.0,41.0,47.0,20.0,78.0,24.0,7.0,42.0,1510.0,1320.0,1720.0,3.8,1.6,7.4,8.0,7.4,8.7
segment:line-1-civil-033:0002,civil_segment,line-1-civil-033,line-1,elevated,18727.8,-9.61767445,30.42332947,60..100cm,29.0,15.0,43.0,46.0,19.0,76.0,25.0,7.0,42.0,1520.0,1320.0,1710.0,3.1,1.8,5.6,8.1,7.3,8.8
segment:line-1-civil-034:0000,civil_segment,line-1-civil-034,line-1,elevated,18727.8,-9.61767445,30.42332947,0..30cm,27.0,16.0,40.0,47.0,22.0,72.0,26.0,11.0,40.0,1420.0,1310.0,1550.0,7.0,4.0,12.7,7.8,7.3,8.3
segment:line-1-civil-034:0000,civil_segment,line-1-civil-034,line-1,elevated,18727.8,-9.61767445,30.42332947,30..60cm,28.0,15.0,41.0,47.0,20.0,78.0,24.0,7.0,42.0,1510.0,1320.0,1720.0,3.8,1.6,7.4,8.0,7.4,8.7
segment:line-1-civil-034:0000,civil_segment,line-1-civil-034,line-1,elevated,18727.8,-9.61767445,30.42332947,60..100cm,29.0,15.0,43.0,46.0,19.0,76.0,25.0,7.0,42.0,1520.0,1320.0,1710.0,3.1,1.8,5.6,8.1,7.3,8.8
segment:line-1-civil-034:0001,civil_segment,line-1-civil-034,line-1,elevated,18757.8,-9.6179872,30.42332947,0..30cm,27.0,16.0,40.0,47.0,22.0,72.0,26.0,11.0,40.0,1420.0,1310.0,1550.0,7.0,4.0,12.7,7.8,7.3,8.3
segment:line-1-civil-034:0001,civil_segment,line-1-civil-034,line-1,elevated,18757.8,-9.6179872,30.42332947,30..60cm,28.0,15.0,41.0,47.0,20.0,78.0,24.0,7.0,42.0,1510.0,1320.0,1720.0,3.8,1.6,7.4,8.0,7.4,8.7
segment:line-1-civil-034:0001,civil_segment,line-1-civil-034,line-1,elevated,18757.8,-9.6179872,30.42332947,60..100cm,29.0,15.0,43.0,46.0,19.0,76.0,25.0,7.0,42.0,1520.0,1320.0,1710.0,3.1,1.8,5.6,8.1,7.3,8.8
segment:line-1-civil-034:0002,civil_segment,line-1-civil-034,line-1,elevated,18787.8,-9.61829995,30.42332947,0..30cm,28.0,15.0,39.0,47.0,25.0,72.0,25.0,10.0,40.0,1390.0,1230.0,1580.0,5.6,2.7,12.7,7.9,7.5,8.4
segment:line-1-civil-034:0002,civil_segment,line-1-civil-034,line-1,elevated,18787.8,-9.61829995,30.42332947,30..60cm,29.0,11.0,42.0,47.0,19.0,78.0,24.0,10.0,41.0,1480.0,1230.0,1760.0,3.6,1.4,6.8,8.0,7.5,8.7
segment:line-1-civil-034:0002,civil_segment,line-1-civil-034,line-1,elevated,18787.8,-9.61829995,30.42332947,60..100cm,29.0,10.0,45.0,46.0,19.0,76.0,25.0,9.0,41.0,1480.0,1180.0,1760.0,3.1,1.2,8.1,8.1,7.5,9.1
segment:line-1-civil-035:0000,civil_segment,line-1-civil-035,line-1,elevated,18787.8,-9.61829995,30.42332947,0..30cm,28.0,15.0,39.0,47.0,25.0,72.0,25.0,10.0,40.0,1390.0,1230.0,1580.0,5.6,2.7,12.7,7.9,7.5,8.4
segment:line-1-civil-035:0000,civil_segment,line-1-civil-035,line-1,elevated,18787.8,-9.61829995,30.42332947,30..60cm,29.0,11.0,42.0,47.0,19.0,78.0,24.0,10.0,41.0,1480.0,1230.0,1760.0,3.6,1.4,6.8,8.0,7.5,8.7
segment:line-1-civil-035:0000,civil_segment,line-1-civil-035,line-1,elevated,18787.8,-9.61829995,30.42332947,60..100cm,29.0,10.0,45.0,46.0,19.0,76.0,25.0,9.0,41.0,1480.0,1180.0,1760.0,3.1,1.2,8.1,8.1,7.5,9.1
segment:line-1-civil-035:0001,civil_segment,line-1-civil-035,line-1,elevated,18831.95,-9.61853879,30.42312352,0..30cm,28.0,15.0,39.0,47.0,25.0,72.0,25.0,10.0,40.0,1390.0,1230.0,1580.0,5.6,2.7,12.7,7.9,7.5,8.4
segment:line-1-civil-035:0001,civil_segment,line-1-civil-035,line-1,elevated,18831.95,-9.61853879,30.42312352,30..60cm,29.0,11.0,42.0,47.0,19.0,78.0,24.0,10.0,41.0,1480.0,1230.0,1760.0,3.6,1.4,6.8,8.0,7.5,8.7
segment:line-1-civil-035:0001,civil_segment,line-1-civil-035,line-1,elevated,18831.95,-9.61853879,30.42312352,60..100cm,29.0,10.0,45.0,46.0,19.0,76.0,25.0,9.0,41.0,1480.0,1180.0,1760.0,3.1,1.2,8.1,8.1,7.5,9.1
segment:line-1-civil-035:0002,civil_segment,line-1-civil-035,line-1,elevated,18876.1,-9.61871707,30.42278998,0..30cm,27.0,14.0,37.0,49.0,25.0,75.0,24.0,9.0,39.0,1370.0,1110.0,1590.0,4.4,2.0,7.7,7.8,7.4,8.3
segment:line-1-civil-035:0002,civil_segment,line-1-civil-035,line-1,elevated,18876.1,-9.61871707,30.42278998,30..60cm,28.0,11.0,44.0,48.0,22.0,76.0,24.0,11.0,41.0,1470.0,1160.0,1760.0,2.8,0.9,6.0,8.0,7.3,8.7
segment:line-1-civil-035:0002,civil_segment,line-1-civil-035,line-1,elevated,18876.1,-9.61871707,30.42278998,60..100cm,28.0,10.0,46.0,47.0,19.0,76.0,25.0,11.0,41.0,1470.0,1100.0,1790.0,2.3,0.6,4.9,8.1,7.3,8.8
segment:line-1-civil-036:0000,civil_segment,line-1-civil-036,line-1,elevated,18876.1,-9.61871707,30.42278998,0..30cm,27.0,14.0,37.0,49.0,25.0,75.0,24.0,9.0,39.0,1370.0,1110.0,1590.0,4.4,2.0,7.7,7.8,7.4,8.3
segment:line-1-civil-036:0000,civil_segment,line-1-civil-036,line-1,elevated,18876.1,-9.61871707,30.42278998,30..60cm,28.0,11.0,44.0,48.0,22.0,76.0,24.0,11.0,41.0,1470.0,1160.0,1760.0,2.8,0.9,6.0,8.0,7.3,8.7
segment:line-1-civil-036:0000,civil_segment,line-1-civil-036,line-1,elevated,18876.1,-9.61871707,30.42278998,60..100cm,28.0,10.0,46.0,47.0,19.0,76.0,25.0,11.0,41.0,1470.0,1100.0,1790.0,2.3,0.6,4.9,8.1,7.3,8.8
segment:line-1-civil-036:0001,civil_segment,line-1-civil-036,line-1,elevated,18886.1,-9.61871707,30.42270007,0..30cm,27.0,14.0,37.0,49.0,25.0,75.0,24.0,9.0,39.0,1370.0,1110.0,1590.0,4.4,2.0,7.7,7.8,7.4,8.3
segment:line-1-civil-036:0001,civil_segment,line-1-civil-036,line-1,elevated,18886.1,-9.61871707,30.42270007,30..60cm,28.0,11.0,44.0,48.0,22.0,76.0,24.0,11.0,41.0,1470.0,1160.0,1760.0,2.8,0.9,6.0,8.0,7.3,8.7
segment:line-1-civil-036:0001,civil_segment,line-1-civil-036,line-1,elevated,18886.1,-9.61871707,30.42270007,60..100cm,28.0,10.0,46.0,47.0,19.0,76.0,25.0,11.0,41.0,1470.0,1100.0,1790.0,2.3,0.6,4.9,8.1,7.3,8.8
segment:line-1-civil-036:0002,civil_segment,line-1-civil-036,line-1,elevated,18896.1,-9.61871707,30.42261017,0..30cm,27.0,14.0,37.0,49.0,25.0,75.0,24.0,9.0,39.0,1370.0,1110.0,1590.0,4.4,2.0,7.7,7.8,7.4,8.3
segment:line-1-civil-036:0002,civil_segment,line-1-civil-036,line-1,elevated,18896.1,-9.61871707,30.42261017,30..60cm,28.0,11.0,44.0,48.0,22.0,76.0,24.0,11.0,41.0,1470.0,1160.0,1760.0,2.8,0.9,6.0,8.0,7.3,8.7
segment:line-1-civil-036:0002,civil_segment,line-1-civil-036,line-1,elevated,18896.1,-9.61871707,30.42261017,60..100cm,28.0,10.0,46.0,47.0,19.0,76.0,25.0,11.0,41.0,1470.0,1100.0,1790.0,2.3,0.6,4.9,8.1,7.3,8.8
segment:line-1-civil-037:0000,civil_segment,line-1-civil-037,line-1,elevated,18896.1,-9.61871707,30.42261017,0..30cm,27.0,14.0,37.0,49.0,25.0,75.0,24.0,9.0,39.0,1370.0,1110.0,1590.0,4.4,2.0,7.7,7.8,7.4,8.3
segment:line-1-civil-037:0000,civil_segment,line-1-civil-037,line-1,elevated,18896.1,-9.61871707,30.42261017,30..60cm,28.0,11.0,44.0,48.0,22.0,76.0,24.0,11.0,41.0,1470.0,1160.0,1760.0,2.8,0.9,6.0,8.0,7.3,8.7
segment:line-1-civil-037:0000,civil_segment,line-1-civil-037,line-1,elevated,18896.1,-9.61871707,30.42261017,60..100cm,28.0,10.0,46.0,47.0,19.0,76.0,25.0,11.0,41.0,1470.0,1100.0,1790.0,2.3,0.6,4.9,8.1,7.3,8.8
segment:line-1-civil-037:0001,civil_segment,line-1-civil-037,line-1,elevated,18906.1,-9.61871707,30.42252026,0..30cm,27.0,14.0,37.0,49.0,25.0,75.0,24.0,9.0,39.0,1370.0,1110.0,1590.0,4.4,2.0,7.7,7.8,7.4,8.3
segment:line-1-civil-037:0001,civil_segment,line-1-civil-037,line-1,elevated,18906.1,-9.61871707,30.42252026,30..60cm,28.0,11.0,44.0,48.0,22.0,76.0,24.0,11.0,41.0,1470.0,1160.0,1760.0,2.8,0.9,6.0,8.0,7.3,8.7
segment:line-1-civil-037:0001,civil_segment,line-1-civil-037,line-1,elevated,18906.1,-9.61871707,30.42252026,60..100cm,28.0,10.0,46.0,47.0,19.0,76.0,25.0,11.0,41.0,1470.0,1100.0,1790.0,2.3,0.6,4.9,8.1,7.3,8.8
segment:line-1-civil-037:0002,civil_segment,line-1-civil-037,line-1,elevated,18916.1,-9.61871707,30.42243035,0..30cm,27.0,14.0,37.0,49.0,25.0,75.0,24.0,9.0,39.0,1370.0,1110.0,1590.0,4.4,2.0,7.7,7.8,7.4,8.3
segment:line-1-civil-037:0002,civil_segment,line-1-civil-037,line-1,elevated,18916.1,-9.61871707,30.42243035,30..60cm,28.0,11.0,44.0,48.0,22.0,76.0,24.0,11.0,41.0,1470.0,1160.0,1760.0,2.8,0.9,6.0,8.0,7.3,8.7
segment:line-1-civil-037:0002,civil_segment,line-1-civil-037,line-1,elevated,18916.1,-9.61871707,30.42243035,60..100cm,28.0,10.0,46.0,47.0,19.0,76.0,25.0,11.0,41.0,1470.0,1100.0,1790.0,2.3,0.6,4.9,8.1,7.3,8.8
segment:line-1-civil-038:0000,civil_segment,line-1-civil-038,line-1,elevated,18916.1,-9.61871707,30.42243035,0..30cm,27.0,14.0,37.0,49.0,25.0,75.0,24.0,9.0,39.0,1370.0,1110.0,1590.0,4.4,2.0,7.7,7.8,7.4,8.3
segment:line-1-civil-038:0000,civil_segment,line-1-civil-038,line-1,elevated,18916.1,-9.61871707,30.42243035,30..60cm,28.0,11.0,44.0,48.0,22.0,76.0,24.0,11.0,41.0,1470.0,1160.0,1760.0,2.8,0.9,6.0,8.0,7.3,8.7
segment:line-1-civil-038:0000,civil_segment,line-1-civil-038,line-1,elevated,18916.1,-9.61871707,30.42243035,60..100cm,28.0,10.0,46.0,47.0,19.0,76.0,25.0,11.0,41.0,1470.0,1100.0,1790.0,2.3,0.6,4.9,8.1,7.3,8.8
segment:line-1-civil-038:0001,civil_segment,line-1-civil-038,line-1,elevated,18988.5,-9.61896778,30.42188974,0..30cm,26.0,14.0,39.0,51.0,25.0,74.0,23.0,9.0,40.0,1430.0,1240.0,1600.0,5.5,3.4,9.2,7.7,7.1,8.4
segment:line-1-civil-038:0001,civil_segment,line-1-civil-038,line-1,elevated,18988.5,-9.61896778,30.42188974,30..60cm,27.0,12.0,40.0,50.0,24.0,75.0,23.0,9.0,41.0,1510.0,1300.0,1720.0,3.8,1.5,7.4,7.8,7.0,8.5
segment:line-1-civil-038:0001,civil_segment,line-1-civil-038,line-1,elevated,18988.5,-9.61896778,30.42188974,60..100cm,27.0,11.0,44.0,49.0,22.0,76.0,23.0,7.0,40.0,1540.0,1250.0,1790.0,3.2,1.3,5.7,7.8,7.3,8.6
segment:line-1-civil-038:0002,civil_segment,line-1-civil-038,line-1,elevated,19060.9,-9.61954932,30.42224865,0..30cm,26.0,13.0,37.0,51.0,26.0,77.0,23.0,9.0,38.0,1400.0,1230.0,1590.0,4.2,2.0,7.5,8.0,7.6,8.4
segment:line-1-civil-038:0002,civil_segment,line-1-civil-038,line-1,elevated,19060.9,-9.61954932,30.42224865,30..60cm,27.0,11.0,40.0,51.0,25.0,81.0,22.0,5.0,38.0,1480.0,1260.0,1670.0,2.9,1.8,5.5,8.2,7.6,8.7
segment:line-1-civil-038:0002,civil_segment,line-1-civil-038,line-1,elevated,19060.9,-9.61954932,30.42224865,60..100cm,27.0,10.0,43.0,49.0,22.0,76.0,23.0,6.0,39.0,1510.0,1290.0,1720.0,2.3,0.8,4.6,8.2,7.6,9.0
segment:line-1-civil-039:0000,civil_segment,line-1-civil-039,line-1,elevated,19060.9,-9.61954932,30.42224865,0..30cm,26.0,13.0,37.0,51.0,26.0,77.0,23.0,9.0,38.0,1400.0,1230.0,1590.0,4.2,2.0,7.5,8.0,7.6,8.4
segment:line-1-civil-039:0000,civil_segment,line-1-civil-039,line-1,elevated,19060.9,-9.61954932,30.42224865,30..60cm,27.0,11.0,40.0,51.0,25.0,81.0,22.0,5.0,38.0,1480.0,1260.0,1670.0,2.9,1.8,5.5,8.2,7.6,8.7
segment:line-1-civil-039:0000,civil_segment,line-1-civil-039,line-1,elevated,19060.9,-9.61954932,30.42224865,60..100cm,27.0,10.0,43.0,49.0,22.0,76.0,23.0,6.0,39.0,1510.0,1290.0,1720.0,2.3,0.8,4.6,8.2,7.6,9.0
segment:line-1-civil-039:0001,civil_segment,line-1-civil-039,line-1,elevated,19075.05,-9.61965355,30.42233868,0..30cm,26.0,13.0,37.0,51.0,26.0,77.0,23.0,9.0,38.0,1400.0,1230.0,1590.0,4.2,2.0,7.5,8.0,7.6,8.4
segment:line-1-civil-039:0001,civil_segment,line-1-civil-039,line-1,elevated,19075.05,-9.61965355,30.42233868,30..60cm,27.0,11.0,40.0,51.0,25.0,81.0,22.0,5.0,38.0,1480.0,1260.0,1670.0,2.9,1.8,5.5,8.2,7.6,8.7
segment:line-1-civil-039:0001,civil_segment,line-1-civil-039,line-1,elevated,19075.05,-9.61965355,30.42233868,60..100cm,27.0,10.0,43.0,49.0,22.0,76.0,23.0,6.0,39.0,1510.0,1290.0,1720.0,2.3,0.8,4.6,8.2,7.6,9.0
segment:line-1-civil-039:0002,civil_segment,line-1-civil-039,line-1,elevated,19089.2,-9.61975778,30.4224287,0..30cm,26.0,13.0,37.0,51.0,26.0,77.0,23.0,9.0,38.0,1400.0,1230.0,1590.0,4.2,2.0,7.5,8.0,7.6,8.4
segment:line-1-civil-039:0002,civil_segment,line-1-civil-039,line-1,elevated,19089.2,-9.61975778,30.4224287,30..60cm,27.0,11.0,40.0,51.0,25.0,81.0,22.0,5.0,38.0,1480.0,1260.0,1670.0,2.9,1.8,5.5,8.2,7.6,8.7
segment:line-1-civil-039:0002,civil_segment,line-1-civil-039,line-1,elevated,19089.2,-9.61975778,30.4224287,60..100cm,27.0,10.0,43.0,49.0,22.0,76.0,23.0,6.0,39.0,1510.0,1290.0,1720.0,2.3,0.8,4.6,8.2,7.6,9.0
segment:line-1-civil-040:0000,civil_segment,line-1-civil-040,line-1,elevated,19089.2,-9.61975778,30.4224287,0..30cm,26.0,13.0,37.0,51.0,26.0,77.0,23.0,9.0,38.0,1400.0,1230.0,1590.0,4.2,2.0,7.5,8.0,7.6,8.4
segment:line-1-civil-040:0000,civil_segment,line-1-civil-040,line-1,elevated,19089.2,-9.61975778,30.4224287,30..60cm,27.0,11.0,40.0,51.0,25.0,81.0,22.0,5.0,38.0,1480.0,1260.0,1670.0,2.9,1.8,5.5,8.2,7.6,8.7
segment:line-1-civil-040:0000,civil_segment,line-1-civil-040,line-1,elevated,19089.2,-9.61975778,30.4224287,60..100cm,27.0,10.0,43.0,49.0,22.0,76.0,23.0,6.0,39.0,1510.0,1290.0,1720.0,2.3,0.8,4.6,8.2,7.6,9.0
segment:line-1-civil-040:0001,civil_segment,line-1-civil-040,line-1,elevated,19141.65,-9.62020508,30.42263508,0..30cm,26.0,12.0,38.0,51.0,25.0,77.0,23.0,9.0,38.0,1410.0,1230.0,1590.0,3.9,2.0,7.0,7.9,7.5,8.4
segment:line-1-civil-040:0001,civil_segment,line-1-civil-040,line-1,elevated,19141.65,-9.62020508,30.42263508,30..60cm,27.0,11.0,43.0,50.0,22.0,81.0,23.0,4.0,40.0,1490.0,1300.0,1680.0,2.8,1.4,5.9,8.1,7.6,8.7
segment:line-1-civil-040:0001,civil_segment,line-1-civil-040,line-1,elevated,19141.65,-9.62020508,30.42263508,60..100cm,28.0,9.0,46.0,49.0,20.0,78.0,23.0,4.0,40.0,1510.0,1290.0,1720.0,2.2,0.7,4.6,8.2,7.6,8.7
segment:line-1-civil-040:0002,civil_segment,line-1-civil-040,line-1,elevated,19194.1,-9.62059161,30.42296894,0..30cm,26.0,12.0,38.0,51.0,25.0,77.0,23.0,9.0,38.0,1410.0,1230.0,1590.0,3.9,2.0,7.0,7.9,7.5,8.4
segment:line-1-civil-040:0002,civil_segment,line-1-civil-040,line-1,elevated,19194.1,-9.62059161,30.42296894,30..60cm,27.0,11.0,43.0,50.0,22.0,81.0,23.0,4.0,40.0,1490.0,1300.0,1680.0,2.8,1.4,5.9,8.1,7.6,8.7
segment:line-1-civil-040:0002,civil_segment,line-1-civil-040,line-1,elevated,19194.1,-9.62059161,30.42296894,60..100cm,28.0,9.0,46.0,49.0,20.0,78.0,23.0,4.0,40.0,1510.0,1290.0,1720.0,2.2,0.7,4.6,8.2,7.6,8.7
segment:line-1-civil-041:0000,civil_segment,line-1-civil-041,line-1,bridge,19194.1,-9.62059161,30.42296894,0..30cm,26.0,12.0,38.0,51.0,25.0,77.0,23.0,9.0,38.0,1410.0,1230.0,1590.0,3.9,2.0,7.0,7.9,7.5,8.4
segment:line-1-civil-041:0000,civil_segment,line-1-civil-041,line-1,bridge,19194.1,-9.62059161,30.42296894,30..60cm,27.0,11.0,43.0,50.0,22.0,81.0,23.0,4.0,40.0,1490.0,1300.0,1680.0,2.8,1.4,5.9,8.1,7.6,8.7
segment:line-1-civil-041:0000,civil_segment,line-1-civil-041,line-1,bridge,19194.1,-9.62059161,30.42296894,60..100cm,28.0,9.0,46.0,49.0,20.0,78.0,23.0,4.0,40.0,1510.0,1290.0,1720.0,2.2,0.7,4.6,8.2,7.6,8.7
segment:line-1-civil-041:0001,civil_segment,line-1-civil-041,line-1,bridge,19310.65,-9.62142494,30.42350875,0..30cm,22.0,9.0,35.0,58.0,30.0,86.0,20.0,5.0,37.0,1450.0,1260.0,1610.0,5.0,2.6,9.6,7.7,7.1,8.3
segment:line-1-civil-041:0001,civil_segment,line-1-civil-041,line-1,bridge,19310.65,-9.62142494,30.42350875,30..60cm,24.0,8.0,40.0,56.0,24.0,86.0,19.0,3.0,36.0,1510.0,1310.0,1670.0,3.6,1.5,7.8,7.8,7.0,8.7
segment:line-1-civil-041:0001,civil_segment,line-1-civil-041,line-1,bridge,19310.65,-9.62142494,30.42350875,60..100cm,24.0,7.0,44.0,56.0,22.0,88.0,20.0,2.0,38.0,1530.0,1250.0,1740.0,3.1,1.3,5.2,7.9,7.0,8.7
segment:line-1-civil-041:0002,civil_segment,line-1-civil-041,line-1,bridge,19427.2,-9.62225828,30.42404856,0..30cm,25.0,14.0,35.0,53.0,31.0,71.0,23.0,12.0,36.0,1400.0,1230.0,1560.0,4.6,1.9,7.9,8.0,7.5,8.3
segment:line-1-civil-041:0002,civil_segment,line-1-civil-041,line-1,bridge,19427.2,-9.62225828,30.42404856,30..60cm,26.0,13.0,40.0,53.0,27.0,76.0,21.0,8.0,33.0,1460.0,1250.0,1660.0,3.1,1.6,5.3,8.2,7.6,8.8
segment:line-1-civil-041:0002,civil_segment,line-1-civil-041,line-1,bridge,19427.2,-9.62225828,30.42404856,60..100cm,27.0,11.0,42.0,51.0,23.0,74.0,22.0,8.0,35.0,1500.0,1250.0,1700.0,2.5,0.7,4.9,8.3,7.6,9.1
segment:line-1-civil-042:0000,civil_segment,line-1-civil-042,line-1,elevated,19427.2,-9.62225828,30.42404856,0..30cm,25.0,14.0,35.0,53.0,31.0,71.0,23.0,12.0,36.0,1400.0,1230.0,1560.0,4.6,1.9,7.9,8.0,7.5,8.3
segment:line-1-civil-042:0000,civil_segment,line-1-civil-042,line-1,elevated,19427.2,-9.62225828,30.42404856,30..60cm,26.0,13.0,40.0,53.0,27.0,76.0,21.0,8.0,33.0,1460.0,1250.0,1660.0,3.1,1.6,5.3,8.2,7.6,8.8
segment:line-1-civil-042:0000,civil_segment,line-1-civil-042,line-1,elevated,19427.2,-9.62225828,30.42404856,60..100cm,27.0,11.0,42.0,51.0,23.0,74.0,22.0,8.0,35.0,1500.0,1250.0,1700.0,2.5,0.7,4.9,8.3,7.6,9.1
segment:line-1-civil-042:0001,civil_segment,line-1-civil-042,line-1,elevated,20427.759,-9.62968548,30.4290239,0..30cm,26.0,14.0,39.0,49.0,23.0,71.0,25.0,11.0,40.0,1410.0,1290.0,1550.0,6.0,3.0,11.5,7.7,7.1,8.2
segment:line-1-civil-042:0001,civil_segment,line-1-civil-042,line-1,elevated,20427.759,-9.62968548,30.4290239,30..60cm,26.0,13.0,39.0,51.0,24.0,76.0,22.0,8.0,40.0,1520.0,1340.0,1740.0,3.6,1.8,6.3,7.8,7.2,8.6
segment:line-1-civil-042:0001,civil_segment,line-1-civil-042,line-1,elevated,20427.759,-9.62968548,30.4290239,60..100cm,26.0,12.0,39.0,52.0,24.0,76.0,22.0,9.0,37.0,1560.0,1340.0,1790.0,2.8,1.6,5.1,7.9,7.0,8.7
segment:line-1-civil-042:0002,civil_segment,line-1-civil-042,line-1,elevated,21428.318,-9.63685398,30.43377579,0..30cm,28.0,14.0,41.0,46.0,20.0,76.0,27.0,11.0,40.0,1430.0,1280.0,1600.0,6.9,3.5,11.6,7.7,7.2,8.2
segment:line-1-civil-042:0002,civil_segment,line-1-civil-042,line-1,elevated,21428.318,-9.63685398,30.43377579,30..60cm,28.0,13.0,41.0,48.0,19.0,80.0,24.0,9.0,41.0,1510.0,1320.0,1730.0,3.3,1.5,6.9,7.8,7.0,8.4
segment:line-1-civil-042:0002,civil_segment,line-1-civil-042,line-1,elevated,21428.318,-9.63685398,30.43377579,60..100cm,28.0,12.0,41.0,48.0,20.0,81.0,24.0,7.0,42.0,1520.0,1260.0,1750.0,2.6,1.2,5.4,7.8,7.0,8.6
segment:line-1-civil-042:0003,civil_segment,line-1-civil-042,line-1,elevated,21910.4,-9.64041604,30.43631254,0..30cm,26.0,15.0,37.0,47.0,27.0,69.0,26.0,11.0,39.0,1400.0,1240.0,1580.0,7.1,4.2,11.1,7.6,7.3,8.1
segment:line-1-civil-042:0003,civil_segment,line-1-civil-042,line-1,elevated,21910.4,-9.64041604,30.43631254,30..60cm,28.0,16.0,39.0,47.0,23.0,72.0,25.0,10.0,40.0,1560.0,1330.0,1780.0,3.6,1.6,6.7,7.8,7.2,8.4
segment:line-1-civil-042:0003,civil_segment,line-1-civil-042,line-1,elevated,21910.4,-9.64041604,30.43631254,60..100cm,28.0,16.0,39.0,47.0,22.0,73.0,25.0,10.0,42.0,1600.0,1340.0,1830.0,3.0,1.3,5.6,7.8,7.0,8.5
segment:line-1-civil-042:0004,civil_segment,line-1-civil-042,line-1,elevated,22428.877,-9.6441953,30.43867696,0..30cm,24.0,12.0,37.0,51.0,25.0,73.0,24.0,9.0,40.0,1410.0,1220.0,1580.0,4.8,2.1,8.3,7.9,7.4,8.4
segment:line-1-civil-042:0004,civil_segment,line-1-civil-042,line-1,elevated,22428.877,-9.6441953,30.43867696,30..60cm,26.0,11.0,38.0,51.0,19.0,80.0,23.0,7.0,43.0,1460.0,1330.0,1620.0,3.2,1.9,5.3,8.1,7.6,8.8
segment:line-1-civil-042:0004,civil_segment,line-1-civil-042,line-1,elevated,22428.877,-9.6441953,30.43867696,60..100cm,26.0,10.0,38.0,51.0,19.0,82.0,23.0,6.0,43.0,1490.0,1310.0,1730.0,2.4,0.8,4.5,8.1,7.2,9.0
segment:line-1-civil-042:0005,civil_segment,line-1-civil-042,line-1,elevated,23429.436,-9.65156235,30.44378031,0..30cm,27.0,13.0,42.0,49.0,20.0,77.0,24.0,9.0,41.0,1410.0,1150.0,1580.0,5.2,2.5,9.1,7.9,7.5,8.3
segment:line-1-civil-042:0005,civil_segment,line-1-civil-042,line-1,elevated,23429.436,-9.65156235,30.44378031,30..60cm,29.0,12.0,43.0,48.0,17.0,76.0,24.0,7.0,41.0,1480.0,1270.0,1700.0,2.9,1.2,5.9,8.1,7.5,8.7
segment:line-1-civil-042:0005,civil_segment,line-1-civil-042,line-1,elevated,23429.436,-9.65156235,30.44378031,60..100cm,29.0,12.0,43.0,47.0,17.0,75.0,24.0,11.0,42.0,1500.0,1290.0,1720.0,2.3,1.1,3.4,8.1,7.3,8.8
segment:line-1-civil-042:0006,civil_segment,line-1-civil-042,line-1,elevated,24393.6,-9.6587222,30.44852473,0..30cm,27.0,11.0,41.0,50.0,20.0,79.0,24.0,10.0,40.0,1370.0,1110.0,1590.0,4.9,2.0,8.7,7.8,7.4,8.2
segment:line-1-civil-042:0006,civil_segment,line-1-civil-042,line-1,elevated,24393.6,-9.6587222,30.44852473,30..60cm,28.0,12.0,41.0,48.0,17.0,79.0,24.0,7.0,40.0,1450.0,1190.0,1700.0,3.0,1.3,5.7,7.9,7.5,8.6
segment:line-1-civil-042:0006,civil_segment,line-1-civil-042,line-1,elevated,24393.6,-9.6587222,30.44852473,60..100cm,28.0,11.0,42.0,47.0,18.0,80.0,25.0,10.0,42.0,1480.0,1230.0,1720.0,2.5,1.0,4.6,7.9,7.0,8.6
segment:line-10-civil-146:0000,civil_segment,line-10-civil-146,line-10,at-grade,0.0,-9.67518265,30.49567587,0..30cm,24.0,12.0,37.0,50.0,25.0,73.0,25.0,12.0,40.0,1360.0,1130.0,1540.0,5.1,2.4,10.2,7.8,7.1,8.4
segment:line-10-civil-146:0000,civil_segment,line-10-civil-146,line-10,at-grade,0.0,-9.67518265,30.49567587,30..60cm,26.0,11.0,38.0,50.0,25.0,78.0,25.0,7.0,41.0,1420.0,1300.0,1600.0,3.0,1.2,6.1,8.0,7.2,8.7
segment:line-10-civil-146:0000,civil_segment,line-10-civil-146,line-10,at-grade,0.0,-9.67518265,30.49567587,60..100cm,25.0,10.0,38.0,51.0,25.0,85.0,24.0,5.0,41.0,1450.0,1260.0,1600.0,2.2,0.8,4.2,8.0,7.0,8.9
segment:line-10-civil-146:0001,civil_segment,line-10-civil-146,line-10,at-grade,1000.533,-9.66652998,30.49937012,0..30cm,27.0,14.0,39.0,44.0,18.0,69.0,29.0,16.0,43.0,1430.0,1230.0,1600.0,7.6,4.2,13.4,7.7,6.9,8.3
segment:line-10-civil-146:0001,civil_segment,line-10-civil-146,line-10,at-grade,1000.533,-9.66652998,30.49937012,30..60cm,29.0,14.0,42.0,45.0,19.0,73.0,26.0,12.0,41.0,1520.0,1350.0,1670.0,3.9,1.3,8.8,7.9,7.0,8.4
segment:line-10-civil-146:0001,civil_segment,line-10-civil-146,line-10,at-grade,1000.533,-9.66652998,30.49937012,60..100cm,28.0,14.0,41.0,46.0,22.0,78.0,26.0,12.0,41.0,1530.0,1330.0,1750.0,3.5,1.4,6.7,7.9,7.0,8.7
segment:line-10-civil-146:0002,civil_segment,line-10-civil-146,line-10,at-grade,1179.85,-9.66520819,30.50051179,0..30cm,28.0,14.0,40.0,43.0,18.0,68.0,29.0,17.0,43.0,1360.0,1180.0,1560.0,9.2,5.2,15.6,7.6,7.0,8.1
segment:line-10-civil-146:0002,civil_segment,line-10-civil-146,line-10,at-grade,1179.85,-9.66520819,30.50051179,30..60cm,29.0,14.0,39.0,45.0,22.0,70.0,27.0,11.0,41.0,1560.0,1390.0,1810.0,5.1,2.5,9.6,7.7,7.0,8.2
segment:line-10-civil-146:0002,civil_segment,line-10-civil-146,line-10,at-grade,1179.85,-9.66520819,30.50051179,60..100cm,28.0,15.0,40.0,46.0,22.0,78.0,26.0,9.0,41.0,1620.0,1340.0,1850.0,3.7,2.0,6.5,7.8,7.0,8.5
segment:line-10-civil-146:0003,civil_segment,line-10-civil-146,line-10,at-grade,2001.067,-9.65787221,30.50305448,0..30cm,24.0,10.0,36.0,51.0,25.0,75.0,25.0,10.0,38.0,1390.0,1210.0,1530.0,5.1,3.1,8.1,7.7,7.0,8.2
segment:line-10-civil-146:0003,civil_segment,line-10-civil-146,line-10,at-grade,2001.067,-9.65787221,30.50305448,30..60cm,25.0,9.0,41.0,52.0,20.0,78.0,23.0,7.0,37.0,1480.0,1320.0,1650.0,3.1,1.8,5.3,7.9,7.3,8.6
segment:line-10-civil-146:0003,civil_segment,line-10-civil-146,line-10,at-grade,2001.067,-9.65787221,30.50305448,60..100cm,25.0,10.0,41.0,52.0,20.0,78.0,23.0,7.0,37.0,1510.0,1330.0,1670.0,2.4,0.9,4.8,7.9,7.0,8.7
segment:line-10-civil-146:0004,civil_segment,line-10-civil-146,line-10,at-grade,2359.7,-9.65413828,30.50305448,0..30cm,21.0,9.0,32.0,56.0,39.0,75.0,23.0,11.0,36.0,1400.0,1230.0,1580.0,5.0,3.1,8.1,7.8,7.1,8.4
segment:line-10-civil-146:0004,civil_segment,line-10-civil-146,line-10,at-grade,2359.7,-9.65413828,30.50305448,30..60cm,22.0,7.0,35.0,58.0,32.0,84.0,21.0,3.0,36.0,1460.0,1300.0,1630.0,3.1,1.6,5.7,8.0,7.2,8.7
segment:line-10-civil-146:0004,civil_segment,line-10-civil-146,line-10,at-grade,2359.7,-9.65413828,30.50305448,60..100cm,22.0,7.0,36.0,57.0,34.0,86.0,21.0,3.0,36.0,1480.0,1300.0,1640.0,2.4,1.0,4.8,7.9,7.0,8.7
segment:line-2-civil-043:0000,civil_segment,line-2-civil-043,line-2,at-grade,0.0,-9.68351705,30.50215465,0..30cm,25.0,12.0,37.0,50.0,24.0,75.0,26.0,11.0,42.0,1400.0,1210.0,1550.0,5.5,3.3,10.0,7.8,7.3,8.3
segment:line-2-civil-043:0000,civil_segment,line-2-civil-043,line-2,at-grade,0.0,-9.68351705,30.50215465,30..60cm,25.0,11.0,38.0,50.0,21.0,77.0,25.0,8.0,42.0,1510.0,1290.0,1720.0,3.9,1.8,7.6,7.9,7.0,8.6
segment:line-2-civil-043:0000,civil_segment,line-2-civil-043,line-2,at-grade,0.0,-9.68351705,30.50215465,60..100cm,24.0,9.0,36.0,51.0,22.0,81.0,25.0,7.0,42.0,1530.0,1250.0,1770.0,2.8,1.5,4.9,7.9,7.0,8.7
segment:line-2-civil-043:0001,civil_segment,line-2-civil-043,line-2,at-grade,14.15,-9.68341282,30.50206463,0..30cm,25.0,12.0,37.0,50.0,24.0,75.0,26.0,11.0,42.0,1400.0,1210.0,1550.0,5.5,3.3,10.0,7.8,7.3,8.3
segment:line-2-civil-043:0001,civil_segment,line-2-civil-043,line-2,at-grade,14.15,-9.68341282,30.50206463,30..60cm,25.0,11.0,38.0,50.0,21.0,77.0,25.0,8.0,42.0,1510.0,1290.0,1720.0,3.9,1.8,7.6,7.9,7.0,8.6
segment:line-2-civil-043:0001,civil_segment,line-2-civil-043,line-2,at-grade,14.15,-9.68341282,30.50206463,60..100cm,24.0,9.0,36.0,51.0,22.0,81.0,25.0,7.0,42.0,1530.0,1250.0,1770.0,2.8,1.5,4.9,7.9,7.0,8.7
segment:line-2-civil-043:0002,civil_segment,line-2-civil-043,line-2,at-grade,28.3,-9.6833086,30.50197461,0..30cm,,,,,,,,,,,,,,,,,,
segment:line-2-civil-043:0002,civil_segment,line-2-civil-043,line-2,at-grade,28.3,-9.6833086,30.50197461,30..60cm,,,,,,,,,,,,,,,,,,
segment:line-2-civil-043:0002,civil_segment,line-2-civil-043,line-2,at-grade,28.3,-9.6833086,30.50197461,60..100cm,,,,,,,,,,,,,,,,,,
segment:line-2-civil-044:0000,civil_segment,line-2-civil-044,line-2,bridge,28.3,-9.6833086,30.50197461,0..30cm,,,,,,,,,,,,,,,,,,
segment:line-2-civil-044:0000,civil_segment,line-2-civil-044,line-2,bridge,28.3,-9.6833086,30.50197461,30..60cm,,,,,,,,,,,,,,,,,,
segment:line-2-civil-044:0000,civil_segment,line-2-civil-044,line-2,bridge,28.3,-9.6833086,30.50197461,60..100cm,,,,,,,,,,,,,,,,,,
segment:line-2-civil-044:0001,civil_segment,line-2-civil-044,line-2,bridge,253.85,-9.68164678,30.50053925,0..30cm,,,,,,,,,,,,,,,,,,
segment:line-2-civil-044:0001,civil_segment,line-2-civil-044,line-2,bridge,253.85,-9.68164678,30.50053925,30..60cm,,,,,,,,,,,,,,,,,,
segment:line-2-civil-044:0001,civil_segment,line-2-civil-044,line-2,bridge,253.85,-9.68164678,30.50053925,60..100cm,,,,,,,,,,,,,,,,,,
segment:line-2-civil-044:0002,civil_segment,line-2-civil-044,line-2,bridge,479.4,-9.67997513,30.49963513,0..30cm,,,,,,,,,,,,,,,,,,
segment:line-2-civil-044:0002,civil_segment,line-2-civil-044,line-2,bridge,479.4,-9.67997513,30.49963513,30..60cm,,,,,,,,,,,,,,,,,,
segment:line-2-civil-044:0002,civil_segment,line-2-civil-044,line-2,bridge,479.4,-9.67997513,30.49963513,60..100cm,,,,,,,,,,,,,,,,,,
segment:line-2-civil-045:0000,civil_segment,line-2-civil-045,line-2,elevated,479.4,-9.67997513,30.49963513,0..30cm,,,,,,,,,,,,,,,,,,
segment:line-2-civil-045:0000,civil_segment,line-2-civil-045,line-2,elevated,479.4,-9.67997513,30.49963513,30..60cm,,,,,,,,,,,,,,,,,,
segment:line-2-civil-045:0000,civil_segment,line-2-civil-045,line-2,elevated,479.4,-9.67997513,30.49963513,60..100cm,,,,,,,,,,,,,,,,,,
segment:line-2-civil-045:0001,civil_segment,line-2-civil-045,line-2,elevated,489.4,-9.67997493,30.4995454,0..30cm,,,,,,,,,,,,,,,,,,
segment:line-2-civil-045:0001,civil_segment,line-2-civil-045,line-2,elevated,489.4,-9.67997493,30.4995454,30..60cm,,,,,,,,,,,,,,,,,,
segment:line-2-civil-045:0001,civil_segment,line-2-civil-045,line-2,elevated,489.4,-9.67997493,30.4995454,60..100cm,,,,,,,,,,,,,,,,,,
segment:line-2-civil-045:0002,civil_segment,line-2-civil-045,line-2,elevated,499.4,-9.67997493,30.49945549,0..30cm,,,,,,,,,,,,,,,,,,
segment:line-2-civil-045:0002,civil_segment,line-2-civil-045,line-2,elevated,499.4,-9.67997493,30.49945549,30..60cm,,,,,,,,,,,,,,,,,,
segment:line-2-civil-045:0002,civil_segment,line-2-civil-045,line-2,elevated,499.4,-9.67997493,30.49945549,60..100cm,,,,,,,,,,,,,,,,,,
segment:line-2-civil-046:0000,civil_segment,line-2-civil-046,line-2,elevated,499.4,-9.67997493,30.49945549,0..30cm,,,,,,,,,,,,,,,,,,
segment:line-2-civil-046:0000,civil_segment,line-2-civil-046,line-2,elevated,499.4,-9.67997493,30.49945549,30..60cm,,,,,,,,,,,,,,,,,,
segment:line-2-civil-046:0000,civil_segment,line-2-civil-046,line-2,elevated,499.4,-9.67997493,30.49945549,60..100cm,,,,,,,,,,,,,,,,,,
segment:line-2-civil-046:0001,civil_segment,line-2-civil-046,line-2,elevated,519.4,-9.67976682,30.49945516,0..30cm,,,,,,,,,,,,,,,,,,
segment:line-2-civil-046:0001,civil_segment,line-2-civil-046,line-2,elevated,519.4,-9.67976682,30.49945516,30..60cm,,,,,,,,,,,,,,,,,,
segment:line-2-civil-046:0001,civil_segment,line-2-civil-046,line-2,elevated,519.4,-9.67976682,30.49945516,60..100cm,,,,,,,,,,,,,,,,,,
segment:line-2-civil-046:0002,civil_segment,line-2-civil-046,line-2,elevated,539.4,-9.67955832,30.49945516,0..30cm,,,,,,,,,,,,,,,,,,
segment:line-2-civil-046:0002,civil_segment,line-2-civil-046,line-2,elevated,539.4,-9.67955832,30.49945516,30..60cm,,,,,,,,,,,,,,,,,,
segment:line-2-civil-046:0002,civil_segment,line-2-civil-046,line-2,elevated,539.4,-9.67955832,30.49945516,60..100cm,,,,,,,,,,,,,,,,,,
segment:line-2-civil-047:0000,civil_segment,line-2-civil-047,line-2,elevated,539.4,-9.67955832,30.49945516,0..30cm,,,,,,,,,,,,,,,,,,
segment:line-2-civil-047:0000,civil_segment,line-2-civil-047,line-2,elevated,539.4,-9.67955832,30.49945516,30..60cm,,,,,,,,,,,,,,,,,,
segment:line-2-civil-047:0000,civil_segment,line-2-civil-047,line-2,elevated,539.4,-9.67955832,30.49945516,60..100cm,,,,,,,,,,,,,,,,,,
segment:line-2-civil-047:0001,civil_segment,line-2-civil-047,line-2,elevated,549.4,-9.67955821,30.49936536,0..30cm,,,,,,,,,,,,,,,,,,
segment:line-2-civil-047:0001,civil_segment,line-2-civil-047,line-2,elevated,549.4,-9.67955821,30.49936536,30..60cm,,,,,,,,,,,,,,,,,,
segment:line-2-civil-047:0001,civil_segment,line-2-civil-047,line-2,elevated,549.4,-9.67955821,30.49936536,60..100cm,,,,,,,,,,,,,,,,,,
segment:line-2-civil-047:0002,civil_segment,line-2-civil-047,line-2,elevated,559.4,-9.67955821,30.49927545,0..30cm,,,,,,,,,,,,,,,,,,
segment:line-2-civil-047:0002,civil_segment,line-2-civil-047,line-2,elevated,559.4,-9.67955821,30.49927545,30..60cm,,,,,,,,,,,,,,,,,,
segment:line-2-civil-047:0002,civil_segment,line-2-civil-047,line-2,elevated,559.4,-9.67955821,30.49927545,60..100cm,,,,,,,,,,,,,,,,,,
segment:line-2-civil-048:0000,civil_segment,line-2-civil-048,line-2,elevated,559.4,-9.67955821,30.49927545,0..30cm,,,,,,,,,,,,,,,,,,
segment:line-2-civil-048:0000,civil_segment,line-2-civil-048,line-2,elevated,559.4,-9.67955821,30.49927545,30..60cm,,,,,,,,,,,,,,,,,,
segment:line-2-civil-048:0000,civil_segment,line-2-civil-048,line-2,elevated,559.4,-9.67955821,30.49927545,60..100cm,,,,,,,,,,,,,,,,,,
segment:line-2-civil-048:0001,civil_segment,line-2-civil-048,line-2,elevated,838.1,-9.67744457,30.49762955,0..30cm,22.0,8.0,32.0,56.0,34.0,75.0,23.0,10.0,35.0,1390.0,1210.0,1560.0,5.8,3.1,10.0,7.7,7.2,8.3
segment:line-2-civil-048:0001,civil_segment,line-2-civil-048,line-2,elevated,838.1,-9.67744457,30.49762955,30..60cm,23.0,7.0,38.0,55.0,26.0,86.0,22.0,5.0,39.0,1460.0,1250.0,1660.0,3.9,2.0,7.0,7.8,7.0,8.6
segment:line-2-civil-048:0001,civil_segment,line-2-civil-048,line-2,elevated,838.1,-9.67744457,30.49762955,60..100cm,22.0,6.0,37.0,56.0,29.0,89.0,21.0,3.0,36.0,1480.0,1240.0,1740.0,2.6,1.2,4.9,7.9,7.0,8.6
segment:line-2-civil-048:0002,civil_segment,line-2-civil-048,line-2,elevated,1116.8,-9.67539158,30.49585633,0..30cm,24.0,12.0,37.0,50.0,25.0,73.0,25.0,12.0,40.0,1360.0,1130.0,1540.0,5.1,2.4,10.2,7.8,7.1,8.4
segment:line-2-civil-048:0002,civil_segment,line-2-civil-048,line-2,elevated,1116.8,-9.67539158,30.49585633,30..60cm,26.0,11.0,38.0,50.0,25.0,78.0,25.0,7.0,41.0,1420.0,1300.0,1600.0,3.0,1.2,6.1,8.0,7.2,8.7
segment:line-2-civil-048:0002,civil_segment,line-2-civil-048,line-2,elevated,1116.8,-9.67539158,30.49585633,60..100cm,25.0,10.0,38.0,51.0,25.0,85.0,24.0,5.0,41.0,1450.0,1260.0,1600.0,2.2,0.8,4.2,8.0,7.0,8.9
segment:line-2-civil-049:0000,civil_segment,line-2-civil-049,line-2,elevated,1116.8,-9.67539158,30.49585633,0..30cm,24.0,12.0,37.0,50.0,25.0,73.0,25.0,12.0,40.0,1360.0,1130.0,1540.0,5.1,2.4,10.2,7.8,7.1,8.4
segment:line-2-civil-049:0000,civil_segment,line-2-civil-049,line-2,elevated,1116.8,-9.67539158,30.49585633,30..60cm,26.0,11.0,38.0,50.0,25.0,78.0,25.0,7.0,41.0,1420.0,1300.0,1600.0,3.0,1.2,6.1,8.0,7.2,8.7
segment:line-2-civil-049:0000,civil_segment,line-2-civil-049,line-2,elevated,1116.8,-9.67539158,30.49585633,60..100cm,25.0,10.0,38.0,51.0,25.0,85.0,24.0,5.0,41.0,1450.0,1260.0,1600.0,2.2,0.8,4.2,8.0,7.0,8.9
segment:line-2-civil-049:0001,civil_segment,line-2-civil-049,line-2,elevated,1150.95,-9.67518265,30.49562412,0..30cm,24.0,12.0,37.0,50.0,25.0,73.0,25.0,12.0,40.0,1360.0,1130.0,1540.0,5.1,2.4,10.2,7.8,7.1,8.4
segment:line-2-civil-049:0001,civil_segment,line-2-civil-049,line-2,elevated,1150.95,-9.67518265,30.49562412,30..60cm,26.0,11.0,38.0,50.0,25.0,78.0,25.0,7.0,41.0,1420.0,1300.0,1600.0,3.0,1.2,6.1,8.0,7.2,8.7
segment:line-2-civil-049:0001,civil_segment,line-2-civil-049,line-2,elevated,1150.95,-9.67518265,30.49562412,60..100cm,25.0,10.0,38.0,51.0,25.0,85.0,24.0,5.0,41.0,1450.0,1260.0,1600.0,2.2,0.8,4.2,8.0,7.0,8.9
segment:line-2-civil-049:0002,civil_segment,line-2-civil-049,line-2,elevated,1185.1,-9.67518265,30.49531684,0..30cm,24.0,12.0,37.0,50.0,25.0,73.0,25.0,12.0,40.0,1360.0,1130.0,1540.0,5.1,2.4,10.2,7.8,7.1,8.4
segment:line-2-civil-049:0002,civil_segment,line-2-civil-049,line-2,elevated,1185.1,-9.67518265,30.49531684,30..60cm,26.0,11.0,38.0,50.0,25.0,78.0,25.0,7.0,41.0,1420.0,1300.0,1600.0,3.0,1.2,6.1,8.0,7.2,8.7
segment:line-2-civil-049:0002,civil_segment,line-2-civil-049,line-2,elevated,1185.1,-9.67518265,30.49531684,60..100cm,25.0,10.0,38.0,51.0,25.0,85.0,24.0,5.0,41.0,1450.0,1260.0,1600.0,2.2,0.8,4.2,8.0,7.0,8.9
segment:line-2-civil-050:0000,civil_segment,line-2-civil-050,line-2,elevated,1185.1,-9.67518265,30.49531684,0..30cm,24.0,12.0,37.0,50.0,25.0,73.0,25.0,12.0,40.0,1360.0,1130.0,1540.0,5.1,2.4,10.2,7.8,7.1,8.4
segment:line-2-civil-050:0000,civil_segment,line-2-civil-050,line-2,elevated,1185.1,-9.67518265,30.49531684,30..60cm,26.0,11.0,38.0,50.0,25.0,78.0,25.0,7.0,41.0,1420.0,1300.0,1600.0,3.0,1.2,6.1,8.0,7.2,8.7
segment:line-2-civil-050:0000,civil_segment,line-2-civil-050,line-2,elevated,1185.1,-9.67518265,30.49531684,60..100cm,25.0,10.0,38.0,51.0,25.0,85.0,24.0,5.0,41.0,1450.0,1260.0,1600.0,2.2,0.8,4.2,8.0,7.0,8.9
segment:line-2-civil-050:0001,civil_segment,line-2-civil-050,line-2,elevated,1205.1,-9.67518265,30.49513703,0..30cm,24.0,12.0,37.0,50.0,25.0,73.0,25.0,12.0,40.0,1360.0,1130.0,1540.0,5.1,2.4,10.2,7.8,7.1,8.4
segment:line-2-civil-050:0001,civil_segment,line-2-civil-050,line-2,elevated,1205.1,-9.67518265,30.49513703,30..60cm,26.0,11.0,38.0,50.0,25.0,78.0,25.0,7.0,41.0,1420.0,1300.0,1600.0,3.0,1.2,6.1,8.0,7.2,8.7
segment:line-2-civil-050:0001,civil_segment,line-2-civil-050,line-2,elevated,1205.1,-9.67518265,30.49513703,60..100cm,25.0,10.0,38.0,51.0,25.0,85.0,24.0,5.0,41.0,1450.0,1260.0,1600.0,2.2,0.8,4.2,8.0,7.0,8.9
segment:line-2-civil-050:0002,civil_segment,line-2-civil-050,line-2,elevated,1225.1,-9.67518265,30.49495722,0..30cm,23.0,10.0,35.0,54.0,34.0,80.0,23.0,9.0,37.0,1370.0,1240.0,1540.0,5.7,3.0,11.6,7.6,6.9,8.5
segment:line-2-civil-050:0002,civil_segment,line-2-civil-050,line-2,elevated,1225.1,-9.67518265,30.49495722,30..60cm,24.0,11.0,34.0,52.0,30.0,79.0,24.0,9.0,38.0,1450.0,1250.0,1650.0,3.1,1.4,5.8,7.8,6.6,8.7
segment:line-2-civil-050:0002,civil_segment,line-2-civil-050,line-2,elevated,1225.1,-9.67518265,30.49495722,60..100cm,24.0,11.0,39.0,51.0,25.0,81.0,24.0,8.0,42.0,1490.0,1250.0,1670.0,2.2,0.8,4.1,7.9,7.0,8.9
segment:line-2-civil-051:0000,civil_segment,line-2-civil-051,line-2,elevated,1225.1,-9.67518265,30.49495722,0..30cm,23.0,10.0,35.0,54.0,34.0,80.0,23.0,9.0,37.0,1370.0,1240.0,1540.0,5.7,3.0,11.6,7.6,6.9,8.5
segment:line-2-civil-051:0000,civil_segment,line-2-civil-051,line-2,elevated,1225.1,-9.67518265,30.49495722,30..60cm,24.0,11.0,34.0,52.0,30.0,79.0,24.0,9.0,38.0,1450.0,1250.0,1650.0,3.1,1.4,5.8,7.8,6.6,8.7
segment:line-2-civil-051:0000,civil_segment,line-2-civil-051,line-2,elevated,1225.1,-9.67518265,30.49495722,60..100cm,24.0,11.0,39.0,51.0,25.0,81.0,24.0,8.0,42.0,1490.0,1250.0,1670.0,2.2,0.8,4.1,7.9,7.0,8.9
segment:line-2-civil-051:0001,civil_segment,line-2-civil-051,line-2,elevated,1245.1,-9.67518265,30.49477704,0..30cm,23.0,10.0,35.0,54.0,34.0,80.0,23.0,9.0,37.0,1370.0,1240.0,1540.0,5.7,3.0,11.6,7.6,6.9,8.5
segment:line-2-civil-051:0001,civil_segment,line-2-civil-051,line-2,elevated,1245.1,-9.67518265,30.49477704,30..60cm,24.0,11.0,34.0,52.0,30.0,79.0,24.0,9.0,38.0,1450.0,1250.0,1650.0,3.1,1.4,5.8,7.8,6.6,8.7
segment:line-2-civil-051:0001,civil_segment,line-2-civil-051,line-2,elevated,1245.1,-9.67518265,30.49477704,60..100cm,24.0,11.0,39.0,51.0,25.0,81.0,24.0,8.0,42.0,1490.0,1250.0,1670.0,2.2,0.8,4.1,7.9,7.0,8.9
segment:line-2-civil-051:0002,civil_segment,line-2-civil-051,line-2,elevated,1265.1,-9.67497574,30.49477604,0..30cm,24.0,10.0,35.0,52.0,28.0,80.0,24.0,9.0,37.0,1420.0,1240.0,1550.0,6.8,3.1,12.4,7.5,6.8,8.3
segment:line-2-civil-051:0002,civil_segment,line-2-civil-051,line-2,elevated,1265.1,-9.67497574,30.49477604,30..60cm,24.0,8.0,37.0,52.0,23.0,80.0,24.0,9.0,39.0,1520.0,1340.0,1750.0,3.4,1.4,5.5,7.7,6.6,8.6
segment:line-2-civil-051:0002,civil_segment,line-2-civil-051,line-2,elevated,1265.1,-9.67497574,30.49477604,60..100cm,24.0,9.0,39.0,52.0,20.0,81.0,24.0,8.0,42.0,1540.0,1340.0,1780.0,3.3,1.6,6.9,7.8,6.9,8.7
segment:line-2-civil-052:0000,civil_segment,line-2-civil-052,line-2,elevated,1265.1,-9.67497574,30.49477604,0..30cm,24.0,10.0,35.0,52.0,28.0,80.0,24.0,9.0,37.0,1420.0,1240.0,1550.0,6.8,3.1,12.4,7.5,6.8,8.3
segment:line-2-civil-052:0000,civil_segment,line-2-civil-052,line-2,elevated,1265.1,-9.67497574,30.49477604,30..60cm,24.0,8.0,37.0,52.0,23.0,80.0,24.0,9.0,39.0,1520.0,1340.0,1750.0,3.4,1.4,5.5,7.7,6.6,8.6
segment:line-2-civil-052:0000,civil_segment,line-2-civil-052,line-2,elevated,1265.1,-9.67497574,30.49477604,60..100cm,24.0,9.0,39.0,52.0,20.0,81.0,24.0,8.0,42.0,1540.0,1340.0,1780.0,3.3,1.6,6.9,7.8,6.9,8.7
segment:line-2-civil-052:0001,civil_segment,line-2-civil-052,line-2,elevated,1275.1,-9.67497429,30.49468739,0..30cm,24.0,10.0,35.0,52.0,28.0,80.0,24.0,9.0,37.0,1420.0,1240.0,1550.0,6.8,3.1,12.4,7.5,6.8,8.3
segment:line-2-civil-052:0001,civil_segment,line-2-civil-052,line-2,elevated,1275.1,-9.67497429,30.49468739,30..60cm,24.0,8.0,37.0,52.0,23.0,80.0,24.0,9.0,39.0,1520.0,1340.0,1750.0,3.4,1.4,5.5,7.7,6.6,8.6
segment:line-2-civil-052:0001,civil_segment,line-2-civil-052,line-2,elevated,1275.1,-9.67497429,30.49468739,60..100cm,24.0,9.0,39.0,52.0,20.0,81.0,24.0,8.0,42.0,1540.0,1340.0,1780.0,3.3,1.6,6.9,7.8,6.9,8.7
segment:line-2-civil-052:0002,civil_segment,line-2-civil-052,line-2,elevated,1285.1,-9.67497429,30.49459748,0..30cm,24.0,10.0,35.0,52.0,28.0,80.0,24.0,9.0,37.0,1420.0,1240.0,1550.0,6.8,3.1,12.4,7.5,6.8,8.3
segment:line-2-civil-052:0002,civil_segment,line-2-civil-052,line-2,elevated,1285.1,-9.67497429,30.49459748,30..60cm,24.0,8.0,37.0,52.0,23.0,80.0,24.0,9.0,39.0,1520.0,1340.0,1750.0,3.4,1.4,5.5,7.7,6.6,8.6
segment:line-2-civil-052:0002,civil_segment,line-2-civil-052,line-2,elevated,1285.1,-9.67497429,30.49459748,60..100cm,24.0,9.0,39.0,52.0,20.0,81.0,24.0,8.0,42.0,1540.0,1340.0,1780.0,3.3,1.6,6.9,7.8,6.9,8.7
segment:line-2-civil-053:0000,civil_segment,line-2-civil-053,line-2,elevated,1285.1,-9.67497429,30.49459748,0..30cm,24.0,10.0,35.0,52.0,28.0,80.0,24.0,9.0,37.0,1420.0,1240.0,1550.0,6.8,3.1,12.4,7.5,6.8,8.3
segment:line-2-civil-053:0000,civil_segment,line-2-civil-053,line-2,elevated,1285.1,-9.67497429,30.49459748,30..60cm,24.0,8.0,37.0,52.0,23.0,80.0,24.0,9.0,39.0,1520.0,1340.0,1750.0,3.4,1.4,5.5,7.7,6.6,8.6
segment:line-2-civil-053:0000,civil_segment,line-2-civil-053,line-2,elevated,1285.1,-9.67497429,30.49459748,60..100cm,24.0,9.0,39.0,52.0,20.0,81.0,24.0,8.0,42.0,1540.0,1340.0,1780.0,3.3,1.6,6.9,7.8,6.9,8.7
segment:line-2-civil-053:0001,civil_segment,line-2-civil-053,line-2,elevated,1315.1,-9.67487185,30.49441611,0..30cm,24.0,10.0,35.0,52.0,28.0,80.0,24.0,9.0,37.0,1420.0,1240.0,1550.0,6.8,3.1,12.4,7.5,6.8,8.3
segment:line-2-civil-053:0001,civil_segment,line-2-civil-053,line-2,elevated,1315.1,-9.67487185,30.49441611,30..60cm,24.0,8.0,37.0,52.0,23.0,80.0,24.0,9.0,39.0,1520.0,1340.0,1750.0,3.4,1.4,5.5,7.7,6.6,8.6
segment:line-2-civil-053:0001,civil_segment,line-2-civil-053,line-2,elevated,1315.1,-9.67487185,30.49441611,60..100cm,24.0,9.0,39.0,52.0,20.0,81.0,24.0,8.0,42.0,1540.0,1340.0,1780.0,3.3,1.6,6.9,7.8,6.9,8.7
segment:line-2-civil-053:0002,civil_segment,line-2-civil-053,line-2,elevated,1345.1,-9.67476593,30.49423775,0..30cm,24.0,10.0,35.0,52.0,28.0,80.0,24.0,9.0,37.0,1420.0,1240.0,1550.0,6.8,3.1,12.4,7.5,6.8,8.3
segment:line-2-civil-053:0002,civil_segment,line-2-civil-053,line-2,elevated,1345.1,-9.67476593,30.49423775,30..60cm,24.0,8.0,37.0,52.0,23.0,80.0,24.0,9.0,39.0,1520.0,1340.0,1750.0,3.4,1.4,5.5,7.7,6.6,8.6
segment:line-2-civil-053:0002,civil_segment,line-2-civil-053,line-2,elevated,1345.1,-9.67476593,30.49423775,60..100cm,24.0,9.0,39.0,52.0,20.0,81.0,24.0,8.0,42.0,1540.0,1340.0,1780.0,3.3,1.6,6.9,7.8,6.9,8.7
segment:line-2-civil-054:0000,civil_segment,line-2-civil-054,line-2,elevated,1345.1,-9.67476593,30.49423775,0..30cm,24.0,10.0,35.0,52.0,28.0,80.0,24.0,9.0,37.0,1420.0,1240.0,1550.0,6.8,3.1,12.4,7.5,6.8,8.3
segment:line-2-civil-054:0000,civil_segment,line-2-civil-054,line-2,elevated,1345.1,-9.67476593,30.49423775,30..60cm,24.0,8.0,37.0,52.0,23.0,80.0,24.0,9.0,39.0,1520.0,1340.0,1750.0,3.4,1.4,5.5,7.7,6.6,8.6
segment:line-2-civil-054:0000,civil_segment,line-2-civil-054,line-2,elevated,1345.1,-9.67476593,30.49423775,60..100cm,24.0,9.0,39.0,52.0,20.0,81.0,24.0,8.0,42.0,1540.0,1340.0,1780.0,3.3,1.6,6.9,7.8,6.9,8.7
segment:line-2-civil-054:0001,civil_segment,line-2-civil-054,line-2,elevated,1355.1,-9.67476593,30.49414784,0..30cm,24.0,10.0,35.0,52.0,28.0,80.0,24.0,9.0,37.0,1420.0,1240.0,1550.0,6.8,3.1,12.4,7.5,6.8,8.3
segment:line-2-civil-054:0001,civil_segment,line-2-civil-054,line-2,elevated,1355.1,-9.67476593,30.49414784,30..60cm,24.0,8.0,37.0,52.0,23.0,80.0,24.0,9.0,39.0,1520.0,1340.0,1750.0,3.4,1.4,5.5,7.7,6.6,8.6
segment:line-2-civil-054:0001,civil_segment,line-2-civil-054,line-2,elevated,1355.1,-9.67476593,30.49414784,60..100cm,24.0,9.0,39.0,52.0,20.0,81.0,24.0,8.0,42.0,1540.0,1340.0,1780.0,3.3,1.6,6.9,7.8,6.9,8.7
segment:line-2-civil-054:0002,civil_segment,line-2-civil-054,line-2,elevated,1365.1,-9.67476593,30.49405794,0..30cm,24.0,10.0,35.0,52.0,28.0,80.0,24.0,9.0,37.0,1420.0,1240.0,1550.0,6.8,3.1,12.4,7.5,6.8,8.3
segment:line-2-civil-054:0002,civil_segment,line-2-civil-054,line-2,elevated,1365.1,-9.67476593,30.49405794,30..60cm,24.0,8.0,37.0,52.0,23.0,80.0,24.0,9.0,39.0,1520.0,1340.0,1750.0,3.4,1.4,5.5,7.7,6.6,8.6
segment:line-2-civil-054:0002,civil_segment,line-2-civil-054,line-2,elevated,1365.1,-9.67476593,30.49405794,60..100cm,24.0,9.0,39.0,52.0,20.0,81.0,24.0,8.0,42.0,1540.0,1340.0,1780.0,3.3,1.6,6.9,7.8,6.9,8.7
segment:line-2-civil-055:0000,civil_segment,line-2-civil-055,line-2,elevated,1365.1,-9.67476593,30.49405794,0..30cm,24.0,10.0,35.0,52.0,28.0,80.0,24.0,9.0,37.0,1420.0,1240.0,1550.0,6.8,3.1,12.4,7.5,6.8,8.3
segment:line-2-civil-055:0000,civil_segment,line-2-civil-055,line-2,elevated,1365.1,-9.67476593,30.49405794,30..60cm,24.0,8.0,37.0,52.0,23.0,80.0,24.0,9.0,39.0,1520.0,1340.0,1750.0,3.4,1.4,5.5,7.7,6.6,8.6
segment:line-2-civil-055:0000,civil_segment,line-2-civil-055,line-2,elevated,1365.1,-9.67476593,30.49405794,60..100cm,24.0,9.0,39.0,52.0,20.0,81.0,24.0,8.0,42.0,1540.0,1340.0,1780.0,3.3,1.6,6.9,7.8,6.9,8.7
segment:line-2-civil-055:0001,civil_segment,line-2-civil-055,line-2,elevated,1385.1,-9.6745599,30.49405617,0..30cm,24.0,10.0,35.0,52.0,28.0,80.0,24.0,9.0,37.0,1420.0,1240.0,1550.0,6.8,3.1,12.4,7.5,6.8,8.3
segment:line-2-civil-055:0001,civil_segment,line-2-civil-055,line-2,elevated,1385.1,-9.6745599,30.49405617,30..60cm,24.0,8.0,37.0,52.0,23.0,80.0,24.0,9.0,39.0,1520.0,1340.0,1750.0,3.4,1.4,5.5,7.7,6.6,8.6
segment:line-2-civil-055:0001,civil_segment,line-2-civil-055,line-2,elevated,1385.1,-9.6745599,30.49405617,60..100cm,24.0,9.0,39.0,52.0,20.0,81.0,24.0,8.0,42.0,1540.0,1340.0,1780.0,3.3,1.6,6.9,7.8,6.9,8.7
segment:line-2-civil-055:0002,civil_segment,line-2-civil-055,line-2,elevated,1405.1,-9.67455757,30.49387801,0..30cm,24.0,11.0,34.0,52.0,28.0,80.0,24.0,9.0,37.0,1400.0,1210.0,1560.0,6.3,2.7,12.7,7.5,6.9,8.3
segment:line-2-civil-055:0002,civil_segment,line-2-civil-055,line-2,elevated,1405.1,-9.67455757,30.49387801,30..60cm,25.0,11.0,38.0,52.0,23.0,78.0,24.0,9.0,38.0,1500.0,1290.0,1670.0,3.0,1.4,5.3,7.7,6.7,8.6
segment:line-2-civil-055:0002,civil_segment,line-2-civil-055,line-2,elevated,1405.1,-9.67455757,30.49387801,60..100cm,24.0,10.0,40.0,51.0,20.0,78.0,24.0,8.0,42.0,1530.0,1310.0,1680.0,2.3,1.0,4.6,7.8,7.0,8.6
segment:line-2-civil-056:0000,civil_segment,line-2-civil-056,line-2,elevated,1405.1,-9.67455757,30.49387801,0..30cm,24.0,11.0,34.0,52.0,28.0,80.0,24.0,9.0,37.0,1400.0,1210.0,1560.0,6.3,2.7,12.7,7.5,6.9,8.3
segment:line-2-civil-056:0000,civil_segment,line-2-civil-056,line-2,elevated,1405.1,-9.67455757,30.49387801,30..60cm,25.0,11.0,38.0,52.0,23.0,78.0,24.0,9.0,38.0,1500.0,1290.0,1670.0,3.0,1.4,5.3,7.7,6.7,8.6
segment:line-2-civil-056:0000,civil_segment,line-2-civil-056,line-2,elevated,1405.1,-9.67455757,30.49387801,60..100cm,24.0,10.0,40.0,51.0,20.0,78.0,24.0,8.0,42.0,1530.0,1310.0,1680.0,2.3,1.0,4.6,7.8,7.0,8.6
segment:line-2-civil-056:0001,civil_segment,line-2-civil-056,line-2,elevated,1415.1,-9.67455757,30.49378811,0..30cm,24.0,11.0,34.0,52.0,28.0,80.0,24.0,9.0,37.0,1400.0,1210.0,1560.0,6.3,2.7,12.7,7.5,6.9,8.3
segment:line-2-civil-056:0001,civil_segment,line-2-civil-056,line-2,elevated,1415.1,-9.67455757,30.49378811,30..60cm,25.0,11.0,38.0,52.0,23.0,78.0,24.0,9.0,38.0,1500.0,1290.0,1670.0,3.0,1.4,5.3,7.7,6.7,8.6
segment:line-2-civil-056:0001,civil_segment,line-2-civil-056,line-2,elevated,1415.1,-9.67455757,30.49378811,60..100cm,24.0,10.0,40.0,51.0,20.0,78.0,24.0,8.0,42.0,1530.0,1310.0,1680.0,2.3,1.0,4.6,7.8,7.0,8.6
segment:line-2-civil-056:0002,civil_segment,line-2-civil-056,line-2,elevated,1425.1,-9.67455757,30.49369821,0..30cm,24.0,11.0,34.0,52.0,28.0,80.0,24.0,9.0,37.0,1400.0,1210.0,1560.0,6.3,2.7,12.7,7.5,6.9,8.3
segment:line-2-civil-056:0002,civil_segment,line-2-civil-056,line-2,elevated,1425.1,-9.67455757,30.49369821,30..60cm,25.0,11.0,38.0,52.0,23.0,78.0,24.0,9.0,38.0,1500.0,1290.0,1670.0,3.0,1.4,5.3,7.7,6.7,8.6
segment:line-2-civil-056:0002,civil_segment,line-2-civil-056,line-2,elevated,1425.1,-9.67455757,30.49369821,60..100cm,24.0,10.0,40.0,51.0,20.0,78.0,24.0,8.0,42.0,1530.0,1310.0,1680.0,2.3,1.0,4.6,7.8,7.0,8.6
segment:line-2-civil-057:0000,civil_segment,line-2-civil-057,line-2,elevated,1425.1,-9.67455757,30.49369821,0..30cm,24.0,11.0,34.0,52.0,28.0,80.0,24.0,9.0,37.0,1400.0,1210.0,1560.0,6.3,2.7,12.7,7.5,6.9,8.3
segment:line-2-civil-057:0000,civil_segment,line-2-civil-057,line-2,elevated,1425.1,-9.67455757,30.49369821,30..60cm,25.0,11.0,38.0,52.0,23.0,78.0,24.0,9.0,38.0,1500.0,1290.0,1670.0,3.0,1.4,5.3,7.7,6.7,8.6
segment:line-2-civil-057:0000,civil_segment,line-2-civil-057,line-2,elevated,1425.1,-9.67455757,30.49369821,60..100cm,24.0,10.0,40.0,51.0,20.0,78.0,24.0,8.0,42.0,1530.0,1310.0,1680.0,2.3,1.0,4.6,7.8,7.0,8.6
segment:line-2-civil-057:0001,civil_segment,line-2-civil-057,line-2,elevated,1435.1,-9.67445559,30.49369624,0..30cm,24.0,11.0,34.0,52.0,28.0,80.0,24.0,9.0,37.0,1400.0,1210.0,1560.0,6.3,2.7,12.7,7.5,6.9,8.3
segment:line-2-civil-057:0001,civil_segment,line-2-civil-057,line-2,elevated,1435.1,-9.67445559,30.49369624,30..60cm,25.0,11.0,38.0,52.0,23.0,78.0,24.0,9.0,38.0,1500.0,1290.0,1670.0,3.0,1.4,5.3,7.7,6.7,8.6
segment:line-2-civil-057:0001,civil_segment,line-2-civil-057,line-2,elevated,1435.1,-9.67445559,30.49369624,60..100cm,24.0,10.0,40.0,51.0,20.0,78.0,24.0,8.0,42.0,1530.0,1310.0,1680.0,2.3,1.0,4.6,7.8,7.0,8.6
segment:line-2-civil-057:0002,civil_segment,line-2-civil-057,line-2,elevated,1445.1,-9.67435135,30.49369624,0..30cm,24.0,11.0,34.0,52.0,28.0,80.0,24.0,9.0,37.0,1400.0,1210.0,1560.0,6.3,2.7,12.7,7.5,6.9,8.3
segment:line-2-civil-057:0002,civil_segment,line-2-civil-057,line-2,elevated,1445.1,-9.67435135,30.49369624,30..60cm,25.0,11.0,38.0,52.0,23.0,78.0,24.0,9.0,38.0,1500.0,1290.0,1670.0,3.0,1.4,5.3,7.7,6.7,8.6
segment:line-2-civil-057:0002,civil_segment,line-2-civil-057,line-2,elevated,1445.1,-9.67435135,30.49369624,60..100cm,24.0,10.0,40.0,51.0,20.0,78.0,24.0,8.0,42.0,1530.0,1310.0,1680.0,2.3,1.0,4.6,7.8,7.0,8.6
segment:line-2-civil-058:0000,civil_segment,line-2-civil-058,line-2,elevated,1445.1,-9.67435135,30.49369624,0..30cm,24.0,11.0,34.0,52.0,28.0,80.0,24.0,9.0,37.0,1400.0,1210.0,1560.0,6.3,2.7,12.7,7.5,6.9,8.3
segment:line-2-civil-058:0000,civil_segment,line-2-civil-058,line-2,elevated,1445.1,-9.67435135,30.49369624,30..60cm,25.0,11.0,38.0,52.0,23.0,78.0,24.0,9.0,38.0,1500.0,1290.0,1670.0,3.0,1.4,5.3,7.7,6.7,8.6
segment:line-2-civil-058:0000,civil_segment,line-2-civil-058,line-2,elevated,1445.1,-9.67435135,30.49369624,60..100cm,24.0,10.0,40.0,51.0,20.0,78.0,24.0,8.0,42.0,1530.0,1310.0,1680.0,2.3,1.0,4.6,7.8,7.0,8.6
segment:line-2-civil-058:0001,civil_segment,line-2-civil-058,line-2,elevated,1465.1,-9.67434921,30.49351828,0..30cm,24.0,11.0,34.0,52.0,28.0,80.0,24.0,9.0,37.0,1400.0,1210.0,1560.0,6.3,2.7,12.7,7.5,6.9,8.3
segment:line-2-civil-058:0001,civil_segment,line-2-civil-058,line-2,elevated,1465.1,-9.67434921,30.49351828,30..60cm,25.0,11.0,38.0,52.0,23.0,78.0,24.0,9.0,38.0,1500.0,1290.0,1670.0,3.0,1.4,5.3,7.7,6.7,8.6
segment:line-2-civil-058:0001,civil_segment,line-2-civil-058,line-2,elevated,1465.1,-9.67434921,30.49351828,60..100cm,24.0,10.0,40.0,51.0,20.0,78.0,24.0,8.0,42.0,1530.0,1310.0,1680.0,2.3,1.0,4.6,7.8,7.0,8.6
segment:line-2-civil-058:0002,civil_segment,line-2-civil-058,line-2,elevated,1485.1,-9.67434921,30.49333847,0..30cm,24.0,11.0,34.0,52.0,28.0,80.0,24.0,9.0,37.0,1400.0,1210.0,1560.0,6.3,2.7,12.7,7.5,6.9,8.3
segment:line-2-civil-058:0002,civil_segment,line-2-civil-058,line-2,elevated,1485.1,-9.67434921,30.49333847,30..60cm,25.0,11.0,38.0,52.0,23.0,78.0,24.0,9.0,38.0,1500.0,1290.0,1670.0,3.0,1.4,5.3,7.7,6.7,8.6
segment:line-2-civil-058:0002,civil_segment,line-2-civil-058,line-2,elevated,1485.1,-9.67434921,30.49333847,60..100cm,24.0,10.0,40.0,51.0,20.0,78.0,24.0,8.0,42.0,1530.0,1310.0,1680.0,2.3,1.0,4.6,7.8,7.0,8.6
segment:line-2-civil-059:0000,civil_segment,line-2-civil-059,line-2,elevated,1485.1,-9.67434921,30.49333847,0..30cm,24.0,11.0,34.0,52.0,28.0,80.0,24.0,9.0,37.0,1400.0,1210.0,1560.0,6.3,2.7,12.7,7.5,6.9,8.3
segment:line-2-civil-059:0000,civil_segment,line-2-civil-059,line-2,elevated,1485.1,-9.67434921,30.49333847,30..60cm,25.0,11.0,38.0,52.0,23.0,78.0,24.0,9.0,38.0,1500.0,1290.0,1670.0,3.0,1.4,5.3,7.7,6.7,8.6
segment:line-2-civil-059:0000,civil_segment,line-2-civil-059,line-2,elevated,1485.1,-9.67434921,30.49333847,60..100cm,24.0,10.0,40.0,51.0,20.0,78.0,24.0,8.0,42.0,1530.0,1310.0,1680.0,2.3,1.0,4.6,7.8,7.0,8.6
segment:line-2-civil-059:0001,civil_segment,line-2-civil-059,line-2,elevated,1495.1,-9.67424746,30.49333631,0..30cm,24.0,11.0,34.0,52.0,28.0,80.0,24.0,9.0,37.0,1400.0,1210.0,1560.0,6.3,2.7,12.7,7.5,6.9,8.3
segment:line-2-civil-059:0001,civil_segment,line-2-civil-059,line-2,elevated,1495.1,-9.67424746,30.49333631,30..60cm,25.0,11.0,38.0,52.0,23.0,78.0,24.0,9.0,38.0,1500.0,1290.0,1670.0,3.0,1.4,5.3,7.7,6.7,8.6
segment:line-2-civil-059:0001,civil_segment,line-2-civil-059,line-2,elevated,1495.1,-9.67424746,30.49333631,60..100cm,24.0,10.0,40.0,51.0,20.0,78.0,24.0,8.0,42.0,1530.0,1310.0,1680.0,2.3,1.0,4.6,7.8,7.0,8.6
segment:line-2-civil-059:0002,civil_segment,line-2-civil-059,line-2,elevated,1505.1,-9.67414322,30.49333631,0..30cm,24.0,11.0,34.0,52.0,28.0,80.0,24.0,9.0,37.0,1400.0,1210.0,1560.0,6.3,2.7,12.7,7.5,6.9,8.3
segment:line-2-civil-059:0002,civil_segment,line-2-civil-059,line-2,elevated,1505.1,-9.67414322,30.49333631,30..60cm,25.0,11.0,38.0,52.0,23.0,78.0,24.0,9.0,38.0,1500.0,1290.0,1670.0,3.0,1.4,5.3,7.7,6.7,8.6
segment:line-2-civil-059:0002,civil_segment,line-2-civil-059,line-2,elevated,1505.1,-9.67414322,30.49333631,60..100cm,24.0,10.0,40.0,51.0,20.0,78.0,24.0,8.0,42.0,1530.0,1310.0,1680.0,2.3,1.0,4.6,7.8,7.0,8.6
segment:line-2-civil-060:0000,civil_segment,line-2-civil-060,line-2,elevated,1505.1,-9.67414322,30.49333631,0..30cm,24.0,11.0,34.0,52.0,28.0,80.0,24.0,9.0,37.0,1400.0,1210.0,1560.0,6.3,2.7,12.7,7.5,6.9,8.3
segment:line-2-civil-060:0000,civil_segment,line-2-civil-060,line-2,elevated,1505.1,-9.67414322,30.49333631,30..60cm,25.0,11.0,38.0,52.0,23.0,78.0,24.0,9.0,38.0,1500.0,1290.0,1670.0,3.0,1.4,5.3,7.7,6.7,8.6
segment:line-2-civil-060:0000,civil_segment,line-2-civil-060,line-2,elevated,1505.1,-9.67414322,30.49333631,60..100cm,24.0,10.0,40.0,51.0,20.0,78.0,24.0,8.0,42.0,1530.0,1310.0,1680.0,2.3,1.0,4.6,7.8,7.0,8.6
segment:line-2-civil-060:0001,civil_segment,line-2-civil-060,line-2,elevated,1614.1,-9.67348694,30.49259155,0..30cm,24.0,10.0,38.0,52.0,30.0,80.0,24.0,9.0,35.0,1400.0,1210.0,1550.0,6.2,2.7,12.2,7.5,6.9,8.3
segment:line-2-civil-060:0001,civil_segment,line-2-civil-060,line-2,elevated,1614.1,-9.67348694,30.49259155,30..60cm,25.0,9.0,36.0,51.0,23.0,78.0,24.0,9.0,38.0,1500.0,1300.0,1680.0,3.1,1.3,6.0,7.6,6.7,8.6
segment:line-2-civil-060:0001,civil_segment,line-2-civil-060,line-2,elevated,1614.1,-9.67348694,30.49259155,60..100cm,24.0,9.0,39.0,51.0,20.0,78.0,24.0,8.0,42.0,1540.0,1310.0,1670.0,2.5,1.0,4.9,7.8,6.9,8.6
segment:line-2-civil-060:0002,civil_segment,line-2-civil-060,line-2,elevated,1723.1,-9.67268422,30.49189822,0..30cm,28.0,14.0,42.0,44.0,21.0,68.0,28.0,11.0,41.0,1390.0,1210.0,1540.0,5.9,2.6,11.0,7.8,7.3,8.3
segment:line-2-civil-060:0002,civil_segment,line-2-civil-060,line-2,elevated,1723.1,-9.67268422,30.49189822,30..60cm,29.0,13.0,42.0,43.0,19.0,70.0,28.0,12.0,46.0,1480.0,1300.0,1620.0,2.8,1.2,5.3,7.9,7.1,8.6
segment:line-2-civil-060:0002,civil_segment,line-2-civil-060,line-2,elevated,1723.1,-9.67268422,30.49189822,60..100cm,29.0,13.0,40.0,44.0,18.0,72.0,28.0,13.0,44.0,1510.0,1380.0,1650.0,2.2,0.9,4.3,7.9,6.9,8.7
segment:line-2-civil-061:0000,civil_segment,line-2-civil-061,line-2,at-grade,1723.1,-9.67268422,30.49189822,0..30cm,28.0,14.0,42.0,44.0,21.0,68.0,28.0,11.0,41.0,1390.0,1210.0,1540.0,5.9,2.6,11.0,7.8,7.3,8.3
segment:line-2-civil-061:0000,civil_segment,line-2-civil-061,line-2,at-grade,1723.1,-9.67268422,30.49189822,30..60cm,29.0,13.0,42.0,43.0,19.0,70.0,28.0,12.0,46.0,1480.0,1300.0,1620.0,2.8,1.2,5.3,7.9,7.1,8.6
segment:line-2-civil-061:0000,civil_segment,line-2-civil-061,line-2,at-grade,1723.1,-9.67268422,30.49189822,60..100cm,29.0,13.0,40.0,44.0,18.0,72.0,28.0,13.0,44.0,1510.0,1380.0,1650.0,2.2,0.9,4.3,7.9,6.9,8.7
segment:line-2-civil-061:0001,civil_segment,line-2-civil-061,line-2,at-grade,2725.228,-9.66938464,30.4854178,0..30cm,28.0,15.0,38.0,45.0,23.0,65.0,27.0,15.0,38.0,1410.0,1250.0,1540.0,6.4,3.6,10.6,7.8,7.2,8.3
segment:line-2-civil-061:0001,civil_segment,line-2-civil-061,line-2,at-grade,2725.228,-9.66938464,30.4854178,30..60cm,28.0,15.0,38.0,47.0,22.0,70.0,25.0,9.0,40.0,1480.0,1290.0,1620.0,2.9,1.2,5.9,7.8,7.0,8.6
segment:line-2-civil-061:0001,civil_segment,line-2-civil-061,line-2,at-grade,2725.228,-9.66938464,30.4854178,60..100cm,27.0,14.0,38.0,48.0,22.0,72.0,25.0,6.0,40.0,1520.0,1300.0,1670.0,2.4,1.0,4.4,7.8,7.0,8.7
segment:line-2-civil-061:0002,civil_segment,line-2-civil-061,line-2,at-grade,3498.35,-9.66768168,30.47993372,0..30cm,28.0,13.0,41.0,45.0,17.0,74.0,27.0,9.0,46.0,1410.0,1260.0,1550.0,6.1,2.9,10.4,7.8,7.2,8.2
segment:line-2-civil-061:0002,civil_segment,line-2-civil-061,line-2,at-grade,3498.35,-9.66768168,30.47993372,30..60cm,28.0,11.0,42.0,46.0,18.0,78.0,26.0,7.0,45.0,1490.0,1330.0,1650.0,2.9,1.3,5.5,7.9,7.0,8.6
segment:line-2-civil-061:0002,civil_segment,line-2-civil-061,line-2,at-grade,3498.35,-9.66768168,30.47993372,60..100cm,28.0,12.0,39.0,46.0,18.0,78.0,26.0,7.0,44.0,1520.0,1340.0,1670.0,2.2,0.7,4.0,7.8,6.9,8.7
segment:line-2-civil-061:0003,civil_segment,line-2-civil-061,line-2,at-grade,3727.356,-9.66726496,30.47823332,0..30cm,27.0,13.0,38.0,47.0,17.0,77.0,26.0,7.0,45.0,1400.0,1230.0,1550.0,5.5,2.6,10.1,7.8,7.1,8.2
segment:line-2-civil-061:0003,civil_segment,line-2-civil-061,line-2,at-grade,3727.356,-9.66726496,30.47823332,30..60cm,28.0,13.0,40.0,47.0,19.0,77.0,26.0,7.0,44.0,1470.0,1260.0,1650.0,2.9,1.3,5.5,7.9,7.0,8.6
segment:line-2-civil-061:0003,civil_segment,line-2-civil-061,line-2,at-grade,3727.356,-9.66726496,30.47823332,60..100cm,28.0,14.0,39.0,47.0,18.0,77.0,25.0,7.0,44.0,1500.0,1250.0,1670.0,2.3,0.9,4.7,7.9,6.9,8.8
segment:line-2-civil-061:0004,civil_segment,line-2-civil-061,line-2,at-grade,4729.484,-9.66503197,30.47107144,0..30cm,26.0,11.0,38.0,47.0,21.0,75.0,27.0,12.0,44.0,1410.0,1280.0,1560.0,5.4,3.1,8.5,7.7,7.1,8.2
segment:line-2-civil-061:0004,civil_segment,line-2-civil-061,line-2,at-grade,4729.484,-9.66503197,30.47107144,30..60cm,27.0,13.0,39.0,48.0,19.0,77.0,25.0,13.0,41.0,1460.0,1350.0,1590.0,2.9,1.2,6.2,7.9,7.0,8.6
segment:line-2-civil-061:0004,civil_segment,line-2-civil-061,line-2,at-grade,4729.484,-9.66503197,30.47107144,60..100cm,26.0,10.0,38.0,49.0,19.0,81.0,25.0,9.0,41.0,1490.0,1340.0,1660.0,2.3,1.0,4.1,7.9,7.0,8.6
segment:line-2-civil-061:0005,civil_segment,line-2-civil-061,line-2,at-grade,5273.6,-9.66102814,30.46761323,0..30cm,26.0,11.0,39.0,48.0,20.0,79.0,26.0,11.0,42.0,1430.0,1300.0,1610.0,7.2,3.5,11.5,7.6,7.1,8.2
segment:line-2-civil-061:0005,civil_segment,line-2-civil-061,line-2,at-grade,5273.6,-9.66102814,30.46761323,30..60cm,26.0,10.0,38.0,51.0,22.0,80.0,23.0,9.0,40.0,1500.0,1360.0,1630.0,3.4,1.3,6.9,7.8,7.0,8.4
segment:line-2-civil-061:0005,civil_segment,line-2-civil-061,line-2,at-grade,5273.6,-9.66102814,30.46761323,60..100cm,26.0,9.0,38.0,52.0,23.0,82.0,22.0,6.0,39.0,1520.0,1380.0,1670.0,2.8,1.4,5.6,7.8,7.0,8.6
segment:line-2-civil-062:0000,civil_segment,line-2-civil-062,line-2,elevated,5273.6,-9.66102814,30.46761323,0..30cm,26.0,11.0,39.0,48.0,20.0,79.0,26.0,11.0,42.0,1430.0,1300.0,1610.0,7.2,3.5,11.5,7.6,7.1,8.2
segment:line-2-civil-062:0000,civil_segment,line-2-civil-062,line-2,elevated,5273.6,-9.66102814,30.46761323,30..60cm,26.0,10.0,38.0,51.0,22.0,80.0,23.0,9.0,40.0,1500.0,1360.0,1630.0,3.4,1.3,6.9,7.8,7.0,8.4
segment:line-2-civil-062:0000,civil_segment,line-2-civil-062,line-2,elevated,5273.6,-9.66102814,30.46761323,60..100cm,26.0,9.0,38.0,52.0,23.0,82.0,22.0,6.0,39.0,1520.0,1380.0,1670.0,2.8,1.4,5.6,7.8,7.0,8.6
segment:line-2-civil-062:0001,civil_segment,line-2-civil-062,line-2,elevated,6273.908,-9.65283971,30.46346193,0..30cm,24.0,10.0,36.0,51.0,30.0,77.0,24.0,10.0,34.0,1400.0,1250.0,1530.0,4.8,2.9,8.7,7.6,7.1,8.2
segment:line-2-civil-062:0001,civil_segment,line-2-civil-062,line-2,elevated,6273.908,-9.65283971,30.46346193,30..60cm,27.0,10.0,41.0,51.0,25.0,80.0,23.0,7.0,36.0,1440.0,1320.0,1590.0,2.5,1.1,4.6,7.8,7.0,8.6
segment:line-2-civil-062:0001,civil_segment,line-2-civil-062,line-2,elevated,6273.908,-9.65283971,30.46346193,60..100cm,27.0,9.0,41.0,50.0,24.0,81.0,23.0,6.0,37.0,1480.0,1300.0,1670.0,2.3,1.2,3.6,7.7,6.9,8.6
segment:line-2-civil-062:0002,civil_segment,line-2-civil-062,line-2,elevated,7274.216,-9.64476768,30.4593227,0..30cm,28.0,15.0,41.0,45.0,19.0,69.0,27.0,13.0,44.0,1410.0,1210.0,1560.0,4.7,2.5,8.7,7.7,7.1,8.2
segment:line-2-civil-062:0002,civil_segment,line-2-civil-062,line-2,elevated,7274.216,-9.64476768,30.4593227,30..60cm,29.0,15.0,43.0,45.0,18.0,71.0,25.0,9.0,43.0,1490.0,1320.0,1680.0,3.3,1.4,5.5,7.9,7.0,8.5
segment:line-2-civil-062:0002,civil_segment,line-2-civil-062,line-2,elevated,7274.216,-9.64476768,30.4593227,60..100cm,29.0,12.0,43.0,45.0,16.0,75.0,25.0,9.0,43.0,1520.0,1350.0,1740.0,2.5,0.9,4.9,7.8,7.0,8.6
segment:line-2-civil-062:0003,civil_segment,line-2-civil-062,line-2,elevated,8274.524,-9.63681781,30.45518348,0..30cm,28.0,17.0,37.0,45.0,23.0,69.0,27.0,13.0,41.0,1400.0,1220.0,1560.0,4.8,2.7,7.9,7.8,7.2,8.3
segment:line-2-civil-062:0003,civil_segment,line-2-civil-062,line-2,elevated,8274.524,-9.63681781,30.45518348,30..60cm,29.0,14.0,45.0,45.0,22.0,68.0,26.0,13.0,41.0,1460.0,1300.0,1620.0,3.1,1.6,5.3,8.0,7.3,8.7
segment:line-2-civil-062:0003,civil_segment,line-2-civil-062,line-2,elevated,8274.524,-9.63681781,30.45518348,60..100cm,29.0,13.0,44.0,46.0,23.0,69.0,25.0,10.0,41.0,1480.0,1310.0,1640.0,2.7,1.2,5.7,8.0,7.0,8.8
segment:line-2-civil-062:0004,civil_segment,line-2-civil-062,line-2,elevated,8885.95,-9.63188319,30.45269802,0..30cm,28.0,15.0,40.0,44.0,18.0,72.0,28.0,10.0,44.0,1400.0,1250.0,1540.0,6.7,3.4,12.6,7.6,7.1,8.1
segment:line-2-civil-062:0004,civil_segment,line-2-civil-062,line-2,elevated,8885.95,-9.63188319,30.45269802,30..60cm,29.0,15.0,42.0,45.0,16.0,75.0,26.0,9.0,43.0,1470.0,1300.0,1620.0,3.6,1.8,6.9,7.7,7.0,8.3
segment:line-2-civil-062:0004,civil_segment,line-2-civil-062,line-2,elevated,8885.95,-9.63188319,30.45269802,60..100cm,28.0,13.0,41.0,47.0,18.0,77.0,25.0,7.0,43.0,1490.0,1300.0,1670.0,2.5,1.1,4.9,7.7,6.9,8.4
segment:line-2-civil-062:0005,civil_segment,line-2-civil-062,line-2,elevated,9274.832,-9.62873818,30.45106139,0..30cm,27.0,13.0,39.0,45.0,18.0,69.0,28.0,12.0,43.0,1390.0,1250.0,1570.0,8.1,4.0,14.2,7.5,7.1,8.1
segment:line-2-civil-062:0005,civil_segment,line-2-civil-062,line-2,elevated,9274.832,-9.62873818,30.45106139,30..60cm,28.0,14.0,42.0,45.0,16.0,75.0,26.0,12.0,43.0,1490.0,1270.0,1690.0,3.9,1.5,7.5,7.6,7.0,8.2
segment:line-2-civil-062:0005,civil_segment,line-2-civil-062,line-2,elevated,9274.832,-9.62873818,30.45106139,60..100cm,28.0,12.0,41.0,46.0,18.0,77.0,26.0,9.0,41.0,1520.0,1260.0,1730.0,2.9,1.5,6.1,7.7,7.0,8.3
segment:line-2-civil-062:0006,civil_segment,line-2-civil-062,line-2,elevated,10275.14,-9.62059231,30.44708242,0..30cm,29.0,14.0,41.0,43.0,19.0,69.0,29.0,12.0,44.0,1410.0,1280.0,1550.0,6.9,3.7,13.6,7.5,7.0,8.1
segment:line-2-civil-062:0006,civil_segment,line-2-civil-062,line-2,elevated,10275.14,-9.62059231,30.44708242,30..60cm,30.0,16.0,42.0,44.0,16.0,71.0,26.0,9.0,45.0,1490.0,1320.0,1620.0,3.4,1.6,7.4,7.6,6.9,8.3
segment:line-2-civil-062:0006,civil_segment,line-2-civil-062,line-2,elevated,10275.14,-9.62059231,30.44708242,60..100cm,28.0,12.0,41.0,46.0,17.0,77.0,25.0,7.0,44.0,1520.0,1340.0,1700.0,2.7,1.3,5.1,7.7,7.0,8.4
segment:line-2-civil-062:0007,civil_segment,line-2-civil-062,line-2,elevated,11275.448,-9.61265031,30.44292478,0..30cm,29.0,17.0,40.0,41.0,17.0,63.0,30.0,16.0,42.0,1410.0,1240.0,1580.0,7.7,3.2,14.2,7.5,7.0,8.1
segment:line-2-civil-062:0007,civil_segment,line-2-civil-062,line-2,elevated,11275.448,-9.61265031,30.44292478,30..60cm,30.0,16.0,42.0,42.0,16.0,68.0,28.0,13.0,42.0,1510.0,1290.0,1690.0,3.7,1.9,7.2,7.7,7.0,8.3
segment:line-2-civil-062:0007,civil_segment,line-2-civil-062,line-2,elevated,11275.448,-9.61265031,30.44292478,60..100cm,29.0,15.0,41.0,44.0,18.0,72.0,27.0,9.0,42.0,1530.0,1260.0,1730.0,3.0,1.4,5.4,7.7,7.0,8.4
segment:line-2-civil-062:0008,civil_segment,line-2-civil-062,line-2,elevated,12275.756,-9.60456969,30.43880656,0..30cm,28.0,14.0,39.0,46.0,22.0,64.0,27.0,13.0,39.0,1440.0,1300.0,1600.0,7.2,3.6,14.0,7.5,7.0,8.1
segment:line-2-civil-062:0008,civil_segment,line-2-civil-062,line-2,elevated,12275.756,-9.60456969,30.43880656,30..60cm,29.0,12.0,42.0,46.0,19.0,70.0,25.0,9.0,38.0,1510.0,1370.0,1660.0,3.3,1.7,5.5,7.7,7.0,8.5
segment:line-2-civil-062:0008,civil_segment,line-2-civil-062,line-2,elevated,12275.756,-9.60456969,30.43880656,60..100cm,29.0,12.0,44.0,46.0,20.0,75.0,25.0,10.0,38.0,1510.0,1330.0,1670.0,2.7,1.2,5.1,7.7,7.0,8.6
segment:line-2-civil-062:0009,civil_segment,line-2-civil-062,line-2,elevated,12498.3,-9.60268285,30.43790673,0..30cm,28.0,14.0,39.0,45.0,21.0,69.0,27.0,11.0,41.0,1430.0,1210.0,1610.0,7.7,3.9,14.3,7.5,7.0,8.1
segment:line-2-civil-062:0009,civil_segment,line-2-civil-062,line-2,elevated,12498.3,-9.60268285,30.43790673,30..60cm,29.0,15.0,40.0,46.0,18.0,72.0,25.0,11.0,41.0,1570.0,1360.0,1750.0,3.4,1.7,6.5,7.7,7.0,8.4
segment:line-2-civil-062:0009,civil_segment,line-2-civil-062,line-2,elevated,12498.3,-9.60268285,30.43790673,60..100cm,28.0,14.0,41.0,47.0,18.0,75.0,25.0,9.0,42.0,1610.0,1410.0,1840.0,2.7,1.3,4.5,7.8,7.0,8.7
segment:line-2-civil-063:0000,civil_segment,line-2-civil-063,line-2,bridge,12498.3,-9.60268285,30.43790673,0..30cm,28.0,14.0,39.0,45.0,21.0,69.0,27.0,11.0,41.0,1430.0,1210.0,1610.0,7.7,3.9,14.3,7.5,7.0,8.1
segment:line-2-civil-063:0000,civil_segment,line-2-civil-063,line-2,bridge,12498.3,-9.60268285,30.43790673,30..60cm,29.0,15.0,40.0,46.0,18.0,72.0,25.0,11.0,41.0,1570.0,1360.0,1750.0,3.4,1.7,6.5,7.7,7.0,8.4
segment:line-2-civil-063:0000,civil_segment,line-2-civil-063,line-2,bridge,12498.3,-9.60268285,30.43790673,60..100cm,28.0,14.0,41.0,47.0,18.0,75.0,25.0,9.0,42.0,1610.0,1410.0,1840.0,2.7,1.3,4.5,7.8,7.0,8.7
segment:line-2-civil-063:0001,civil_segment,line-2-civil-063,line-2,bridge,12705.55,-9.60107695,30.4370069,0..30cm,28.0,14.0,41.0,44.0,21.0,65.0,27.0,12.0,41.0,1430.0,1260.0,1580.0,6.8,3.8,10.7,7.5,7.1,8.1
segment:line-2-civil-063:0001,civil_segment,line-2-civil-063,line-2,bridge,12705.55,-9.60107695,30.4370069,30..60cm,29.0,13.0,41.0,46.0,19.0,71.0,25.0,9.0,41.0,1500.0,1360.0,1670.0,2.9,1.4,5.3,7.7,7.0,8.6
segment:line-2-civil-063:0001,civil_segment,line-2-civil-063,line-2,bridge,12705.55,-9.60107695,30.4370069,60..100cm,29.0,12.0,41.0,47.0,18.0,73.0,25.0,9.0,43.0,1510.0,1330.0,1680.0,2.6,1.2,4.5,7.8,7.0,8.6
segment:line-2-civil-063:0002,civil_segment,line-2-civil-063,line-2,bridge,12912.8,-9.5993464,30.43611296,0..30cm,28.0,16.0,40.0,44.0,19.0,65.0,28.0,13.0,43.0,1410.0,1250.0,1540.0,6.5,3.8,10.2,7.6,7.1,8.2
segment:line-2-civil-063:0002,civil_segment,line-2-civil-063,line-2,bridge,12912.8,-9.5993464,30.43611296,30..60cm,29.0,15.0,41.0,46.0,18.0,69.0,25.0,9.0,41.0,1480.0,1370.0,1610.0,2.8,1.4,5.2,7.8,7.2,8.6
segment:line-2-civil-063:0002,civil_segment,line-2-civil-063,line-2,bridge,12912.8,-9.5993464,30.43611296,60..100cm,28.0,14.0,41.0,47.0,18.0,73.0,25.0,8.0,41.0,1490.0,1370.0,1660.0,2.4,1.3,4.4,7.9,7.0,8.8
segment:line-2-civil-064:0000,civil_segment,line-2-civil-064,line-2,elevated,12912.8,-9.5993464,30.43611296,0..30cm,28.0,16.0,40.0,44.0,19.0,65.0,28.0,13.0,43.0,1410.0,1250.0,1540.0,6.5,3.8,10.2,7.6,7.1,8.2
segment:line-2-civil-064:0000,civil_segment,line-2-civil-064,line-2,elevated,12912.8,-9.5993464,30.43611296,30..60cm,29.0,15.0,41.0,46.0,18.0,69.0,25.0,9.0,41.0,1480.0,1370.0,1610.0,2.8,1.4,5.2,7.8,7.2,8.6
segment:line-2-civil-064:0000,civil_segment,line-2-civil-064,line-2,elevated,12912.8,-9.5993464,30.43611296,60..100cm,28.0,14.0,41.0,47.0,18.0,73.0,25.0,8.0,41.0,1490.0,1370.0,1660.0,2.4,1.3,4.4,7.9,7.0,8.8
segment:line-2-civil-064:0001,civil_segment,line-2-civil-064,line-2,elevated,13912.929,-9.59125995,30.43200794,0..30cm,27.0,14.0,41.0,46.0,21.0,72.0,27.0,11.0,40.0,1410.0,1230.0,1550.0,5.9,3.1,10.4,7.7,7.2,8.3
segment:line-2-civil-064:0001,civil_segment,line-2-civil-064,line-2,elevated,13912.929,-9.59125995,30.43200794,30..60cm,28.0,13.0,42.0,47.0,22.0,74.0,25.0,9.0,41.0,1510.0,1330.0,1730.0,3.2,1.3,6.4,7.9,7.4,8.7
segment:line-2-civil-064:0001,civil_segment,line-2-civil-064,line-2,elevated,13912.929,-9.59125995,30.43200794,60..100cm,28.0,12.0,44.0,47.0,21.0,75.0,25.0,9.0,41.0,1520.0,1330.0,1660.0,3.0,1.3,7.0,8.0,7.0,8.9
segment:line-2-civil-064:0002,civil_segment,line-2-civil-064,line-2,elevated,14913.058,-9.58329585,30.42785915,0..30cm,25.0,12.0,39.0,49.0,23.0,75.0,25.0,11.0,40.0,1390.0,1230.0,1560.0,5.4,2.5,10.8,7.8,7.2,8.3
segment:line-2-civil-064:0002,civil_segment,line-2-civil-064,line-2,elevated,14913.058,-9.58329585,30.42785915,30..60cm,26.0,10.0,39.0,51.0,23.0,80.0,22.0,7.0,40.0,1510.0,1320.0,1690.0,3.0,1.2,6.3,7.8,7.3,8.5
segment:line-2-civil-064:0002,civil_segment,line-2-civil-064,line-2,elevated,14913.058,-9.58329585,30.42785915,60..100cm,26.0,10.0,41.0,52.0,23.0,80.0,22.0,7.0,39.0,1520.0,1250.0,1760.0,2.9,1.2,6.2,7.9,7.0,8.6
segment:line-2-civil-064:0003,civil_segment,line-2-civil-064,line-2,elevated,15258.05,-9.58041298,30.42641841,0..30cm,25.0,12.0,38.0,50.0,24.0,72.0,25.0,11.0,40.0,1380.0,1190.0,1560.0,4.8,2.4,9.0,7.8,7.2,8.3
segment:line-2-civil-064:0003,civil_segment,line-2-civil-064,line-2,elevated,15258.05,-9.58041298,30.42641841,30..60cm,26.0,13.0,40.0,52.0,23.0,80.0,22.0,8.0,39.0,1510.0,1330.0,1690.0,3.0,1.4,4.9,7.9,7.1,8.7
segment:line-2-civil-064:0003,civil_segment,line-2-civil-064,line-2,elevated,15258.05,-9.58041298,30.42641841,60..100cm,27.0,12.0,41.0,51.0,23.0,80.0,22.0,7.0,39.0,1530.0,1350.0,1670.0,2.5,1.3,4.6,7.9,6.9,8.8
segment:line-2-civil-064:0004,civil_segment,line-2-civil-064,line-2,elevated,15913.187,-9.57523476,30.4237455,0..30cm,22.0,10.0,34.0,57.0,37.0,78.0,22.0,10.0,35.0,1390.0,1220.0,1560.0,4.2,2.4,7.7,7.8,7.3,8.3
segment:line-2-civil-064:0004,civil_segment,line-2-civil-064,line-2,elevated,15913.187,-9.57523476,30.4237455,30..60cm,23.0,9.0,38.0,58.0,29.0,83.0,19.0,6.0,34.0,1480.0,1320.0,1620.0,2.8,1.4,5.2,8.0,7.4,8.8
segment:line-2-civil-064:0004,civil_segment,line-2-civil-064,line-2,elevated,15913.187,-9.57523476,30.4237455,60..100cm,24.0,9.0,41.0,57.0,27.0,84.0,19.0,6.0,35.0,1510.0,1330.0,1640.0,2.1,0.8,4.4,8.1,7.2,8.8
segment:line-2-civil-064:0005,civil_segment,line-2-civil-064,line-2,elevated,16913.315,-9.56700184,30.41969393,0..30cm,25.0,11.0,39.0,51.0,21.0,77.0,24.0,12.0,39.0,1400.0,1200.0,1550.0,4.8,2.5,9.5,7.7,7.3,8.2
segment:line-2-civil-064:0005,civil_segment,line-2-civil-064,line-2,elevated,16913.315,-9.56700184,30.41969393,30..60cm,26.0,12.0,41.0,52.0,23.0,81.0,21.0,6.0,37.0,1500.0,1320.0,1730.0,3.1,1.3,6.8,7.9,7.4,8.7
segment:line-2-civil-064:0005,civil_segment,line-2-civil-064,line-2,elevated,16913.315,-9.56700184,30.41969393,60..100cm,27.0,12.0,41.0,52.0,23.0,82.0,21.0,7.0,37.0,1530.0,1350.0,1690.0,2.3,0.9,4.6,8.0,7.0,8.8
segment:line-2-civil-064:0006,civil_segment,line-2-civil-064,line-2,elevated,17603.3,-9.56142065,30.41685069,0..30cm,25.0,13.0,39.0,50.0,22.0,74.0,25.0,12.0,39.0,1410.0,1190.0,1570.0,4.6,2.0,8.7,7.7,7.2,8.2
segment:line-2-civil-064:0006,civil_segment,line-2-civil-064,line-2,elevated,17603.3,-9.56142065,30.41685069,30..60cm,27.0,12.0,41.0,51.0,23.0,80.0,22.0,6.0,39.0,1510.0,1320.0,1660.0,2.7,1.3,5.2,7.9,7.3,8.7
segment:line-2-civil-064:0006,civil_segment,line-2-civil-064,line-2,elevated,17603.3,-9.56142065,30.41685069,60..100cm,27.0,12.0,41.0,51.0,23.0,82.0,22.0,7.0,38.0,1530.0,1350.0,1690.0,2.5,1.1,6.0,8.0,7.2,8.9
segment:line-2-civil-065:0000,civil_segment,line-2-civil-065,line-2,bridge,17603.3,-9.56142065,30.41685069,0..30cm,25.0,13.0,39.0,50.0,22.0,74.0,25.0,12.0,39.0,1410.0,1190.0,1570.0,4.6,2.0,8.7,7.7,7.2,8.2
segment:line-2-civil-065:0000,civil_segment,line-2-civil-065,line-2,bridge,17603.3,-9.56142065,30.41685069,30..60cm,27.0,12.0,41.0,51.0,23.0,80.0,22.0,6.0,39.0,1510.0,1320.0,1660.0,2.7,1.3,5.2,7.9,7.3,8.7
segment:line-2-civil-065:0000,civil_segment,line-2-civil-065,line-2,bridge,17603.3,-9.56142065,30.41685069,60..100cm,27.0,12.0,41.0,51.0,23.0,82.0,22.0,7.0,38.0,1530.0,1350.0,1690.0,2.5,1.1,6.0,8.0,7.2,8.9
segment:line-2-civil-065:0001,civil_segment,line-2-civil-065,line-2,bridge,17613.3,-9.56141804,30.41676304,0..30cm,25.0,13.0,39.0,50.0,22.0,74.0,25.0,12.0,39.0,1410.0,1190.0,1570.0,4.6,2.0,8.7,7.7,7.2,8.2
segment:line-2-civil-065:0001,civil_segment,line-2-civil-065,line-2,bridge,17613.3,-9.56141804,30.41676304,30..60cm,27.0,12.0,41.0,51.0,23.0,80.0,22.0,6.0,39.0,1510.0,1320.0,1660.0,2.7,1.3,5.2,7.9,7.3,8.7
segment:line-2-civil-065:0001,civil_segment,line-2-civil-065,line-2,bridge,17613.3,-9.56141804,30.41676304,60..100cm,27.0,12.0,41.0,51.0,23.0,82.0,22.0,7.0,38.0,1530.0,1350.0,1690.0,2.5,1.1,6.0,8.0,7.2,8.9
segment:line-2-civil-065:0002,civil_segment,line-2-civil-065,line-2,bridge,17623.3,-9.56141804,30.41667313,0..30cm,25.0,13.0,39.0,50.0,22.0,74.0,25.0,12.0,39.0,1410.0,1190.0,1570.0,4.6,2.0,8.7,7.7,7.2,8.2
segment:line-2-civil-065:0002,civil_segment,line-2-civil-065,line-2,bridge,17623.3,-9.56141804,30.41667313,30..60cm,27.0,12.0,41.0,51.0,23.0,80.0,22.0,6.0,39.0,1510.0,1320.0,1660.0,2.7,1.3,5.2,7.9,7.3,8.7
segment:line-2-civil-065:0002,civil_segment,line-2-civil-065,line-2,bridge,17623.3,-9.56141804,30.41667313,60..100cm,27.0,12.0,41.0,51.0,23.0,82.0,22.0,7.0,38.0,1530.0,1350.0,1690.0,2.5,1.1,6.0,8.0,7.2,8.9
segment:line-2-civil-066:0000,civil_segment,line-2-civil-066,line-2,elevated,17623.3,-9.56141804,30.41667313,0..30cm,25.0,13.0,39.0,50.0,22.0,74.0,25.0,12.0,39.0,1410.0,1190.0,1570.0,4.6,2.0,8.7,7.7,7.2,8.2
segment:line-2-civil-066:0000,civil_segment,line-2-civil-066,line-2,elevated,17623.3,-9.56141804,30.41667313,30..60cm,27.0,12.0,41.0,51.0,23.0,80.0,22.0,6.0,39.0,1510.0,1320.0,1660.0,2.7,1.3,5.2,7.9,7.3,8.7
segment:line-2-civil-066:0000,civil_segment,line-2-civil-066,line-2,elevated,17623.3,-9.56141804,30.41667313,60..100cm,27.0,12.0,41.0,51.0,23.0,82.0,22.0,7.0,38.0,1530.0,1350.0,1690.0,2.5,1.1,6.0,8.0,7.2,8.9
segment:line-2-civil-066:0001,civil_segment,line-2-civil-066,line-2,elevated,18623.304,-9.55333452,30.41256822,0..30cm,21.0,10.0,30.0,57.0,40.0,82.0,21.0,9.0,34.0,1410.0,1220.0,1560.0,3.9,1.4,7.8,7.8,7.2,8.4
segment:line-2-civil-066:0001,civil_segment,line-2-civil-066,line-2,elevated,18623.304,-9.55333452,30.41256822,30..60cm,24.0,9.0,35.0,58.0,37.0,82.0,19.0,3.0,33.0,1490.0,1330.0,1620.0,3.0,1.4,5.5,8.1,7.4,8.9
segment:line-2-civil-066:0001,civil_segment,line-2-civil-066,line-2,elevated,18623.304,-9.55333452,30.41256822,60..100cm,24.0,9.0,39.0,57.0,35.0,84.0,19.0,5.0,34.0,1520.0,1380.0,1640.0,2.4,0.8,5.2,8.2,7.3,9.0
segment:line-2-civil-066:0002,civil_segment,line-2-civil-066,line-2,elevated,19623.308,-9.54519773,30.40857225,0..30cm,25.0,12.0,37.0,51.0,22.0,81.0,24.0,9.0,40.0,1410.0,1240.0,1560.0,5.2,2.5,9.2,7.8,7.1,8.4
segment:line-2-civil-066:0002,civil_segment,line-2-civil-066,line-2,elevated,19623.308,-9.54519773,30.40857225,30..60cm,27.0,12.0,42.0,51.0,19.0,80.0,22.0,4.0,40.0,1480.0,1320.0,1640.0,3.1,0.9,6.7,8.0,7.4,8.8
segment:line-2-civil-066:0002,civil_segment,line-2-civil-066,line-2,elevated,19623.308,-9.54519773,30.40857225,60..100cm,26.0,12.0,43.0,52.0,19.0,83.0,22.0,4.0,38.0,1490.0,1340.0,1650.0,2.5,1.0,5.7,8.1,7.2,8.9
segment:line-2-civil-066:0003,civil_segment,line-2-civil-066,line-2,elevated,19982.65,-9.54240826,30.40709018,0..30cm,24.0,9.0,40.0,53.0,21.0,78.0,23.0,9.0,39.0,1440.0,1280.0,1610.0,5.6,3.1,9.9,7.6,7.1,8.2
segment:line-2-civil-066:0003,civil_segment,line-2-civil-066,line-2,elevated,19982.65,-9.54240826,30.40709018,30..60cm,26.0,9.0,42.0,53.0,20.0,82.0,22.0,5.0,38.0,1510.0,1310.0,1720.0,3.5,1.8,6.7,7.9,7.1,8.6
segment:line-2-civil-066:0003,civil_segment,line-2-civil-066,line-2,elevated,19982.65,-9.54240826,30.40709018,60..100cm,26.0,9.0,41.0,53.0,23.0,84.0,21.0,4.0,38.0,1530.0,1340.0,1750.0,3.0,1.2,5.9,8.0,7.1,8.8
segment:line-2-civil-066:0004,civil_segment,line-2-civil-066,line-2,elevated,20623.312,-9.53725045,30.4044349,0..30cm,24.0,12.0,41.0,51.0,22.0,73.0,25.0,11.0,40.0,1420.0,1280.0,1560.0,4.7,2.3,8.9,7.8,7.3,8.3
segment:line-2-civil-066:0004,civil_segment,line-2-civil-066,line-2,elevated,20623.312,-9.53725045,30.4044349,30..60cm,26.0,13.0,42.0,50.0,20.0,77.0,25.0,9.0,42.0,1480.0,1330.0,1620.0,2.9,1.3,5.3,8.0,7.4,8.7
segment:line-2-civil-066:0004,civil_segment,line-2-civil-066,line-2,elevated,20623.312,-9.53725045,30.4044349,60..100cm,26.0,12.0,41.0,50.0,20.0,75.0,24.0,8.0,41.0,1500.0,1380.0,1650.0,2.4,1.1,4.2,8.0,7.3,8.8
segment:line-2-civil-066:0005,civil_segment,line-2-civil-066,line-2,elevated,21623.316,-9.52918341,30.4002938,0..30cm,23.0,10.0,41.0,52.0,22.0,81.0,25.0,11.0,40.0,1400.0,1240.0,1560.0,4.9,2.0,10.9,7.8,7.3,8.3
segment:line-2-civil-066:0005,civil_segment,line-2-civil-066,line-2,elevated,21623.316,-9.52918341,30.4002938,30..60cm,26.0,12.0,42.0,49.0,19.0,80.0,25.0,8.0,42.0,1460.0,1290.0,1620.0,2.5,1.2,5.2,8.1,7.5,8.8
segment:line-2-civil-066:0005,civil_segment,line-2-civil-066,line-2,elevated,21623.316,-9.52918341,30.4002938,60..100cm,26.0,10.0,44.0,48.0,19.0,78.0,26.0,10.0,41.0,1480.0,1320.0,1640.0,2.3,0.9,4.9,8.2,7.4,8.9
segment:line-2-civil-066:0006,civil_segment,line-2-civil-066,line-2,elevated,22342.0,-9.52328578,30.39723233,0..30cm,23.0,11.0,36.0,53.0,23.0,81.0,24.0,8.0,42.0,1410.0,1230.0,1570.0,4.2,1.8,8.7,7.9,7.2,8.4
segment:line-2-civil-066:0006,civil_segment,line-2-civil-066,line-2,elevated,22342.0,-9.52328578,30.39723233,30..60cm,25.0,10.0,41.0,50.0,19.0,80.0,25.0,7.0,44.0,1480.0,1320.0,1620.0,2.8,1.2,5.6,8.1,7.6,8.8
segment:line-2-civil-066:0006,civil_segment,line-2-civil-066,line-2,elevated,22342.0,-9.52328578,30.39723233,60..100cm,26.0,9.0,42.0,48.0,19.0,78.0,26.0,9.0,44.0,1520.0,1350.0,1670.0,2.1,0.7,5.0,8.2,7.6,8.9
segment:line-2-civil-067:0000,civil_segment,line-2-civil-067,line-2,at-grade,22342.0,-9.52328578,30.39723233,0..30cm,23.0,11.0,36.0,53.0,23.0,81.0,24.0,8.0,42.0,1410.0,1230.0,1570.0,4.2,1.8,8.7,7.9,7.2,8.4
segment:line-2-civil-067:0000,civil_segment,line-2-civil-067,line-2,at-grade,22342.0,-9.52328578,30.39723233,30..60cm,25.0,10.0,41.0,50.0,19.0,80.0,25.0,7.0,44.0,1480.0,1320.0,1620.0,2.8,1.2,5.6,8.1,7.6,8.8
segment:line-2-civil-067:0000,civil_segment,line-2-civil-067,line-2,at-grade,22342.0,-9.52328578,30.39723233,60..100cm,26.0,9.0,42.0,48.0,19.0,78.0,26.0,9.0,44.0,1520.0,1350.0,1670.0,2.1,0.7,5.0,8.2,7.6,8.9
segment:line-2-civil-067:0001,civil_segment,line-2-civil-067,line-2,at-grade,23342.78,-9.51599116,30.39147167,0..30cm,23.0,10.0,38.0,52.0,21.0,79.0,25.0,8.0,40.0,1440.0,1260.0,1590.0,5.3,2.5,10.2,7.9,7.3,8.3
segment:line-2-civil-067:0001,civil_segment,line-2-civil-067,line-2,at-grade,23342.78,-9.51599116,30.39147167,30..60cm,25.0,11.0,40.0,50.0,19.0,77.0,26.0,7.0,41.0,1520.0,1320.0,1760.0,2.8,1.3,5.3,8.0,7.4,8.8
segment:line-2-civil-067:0001,civil_segment,line-2-civil-067,line-2,at-grade,23342.78,-9.51599116,30.39147167,60..100cm,26.0,10.0,41.0,48.0,18.0,74.0,26.0,9.0,41.0,1530.0,1310.0,1780.0,2.4,1.0,4.1,8.0,7.4,8.9
segment:line-2-civil-067:0002,civil_segment,line-2-civil-067,line-2,at-grade,23343.25,-9.5159877,30.39146868,0..30cm,23.0,10.0,38.0,52.0,21.0,79.0,25.0,8.0,40.0,1440.0,1260.0,1590.0,5.3,2.5,10.2,7.9,7.3,8.3
segment:line-2-civil-067:0002,civil_segment,line-2-civil-067,line-2,at-grade,23343.25,-9.5159877,30.39146868,30..60cm,25.0,11.0,40.0,50.0,19.0,77.0,26.0,7.0,41.0,1520.0,1320.0,1760.0,2.8,1.3,5.3,8.0,7.4,8.8
segment:line-2-civil-067:0002,civil_segment,line-2-civil-067,line-2,at-grade,23343.25,-9.5159877,30.39146868,60..100cm,26.0,10.0,41.0,48.0,18.0,74.0,26.0,9.0,41.0,1530.0,1310.0,1780.0,2.4,1.0,4.1,8.0,7.4,8.9
segment:line-2-civil-067:0003,civil_segment,line-2-civil-067,line-2,at-grade,24343.56,-9.51495375,30.38536448,0..30cm,21.0,10.0,30.0,57.0,36.0,80.0,22.0,8.0,31.0,1430.0,1240.0,1590.0,4.0,1.5,8.6,7.9,7.2,8.5
segment:line-2-civil-067:0003,civil_segment,line-2-civil-067,line-2,at-grade,24343.56,-9.51495375,30.38536448,30..60cm,23.0,8.0,36.0,55.0,34.0,80.0,22.0,7.0,35.0,1500.0,1320.0,1640.0,2.4,1.1,4.4,8.1,7.5,8.8
segment:line-2-civil-067:0003,civil_segment,line-2-civil-067,line-2,at-grade,24343.56,-9.51495375,30.38536448,60..100cm,23.0,8.0,39.0,54.0,28.0,81.0,23.0,7.0,40.0,1540.0,1350.0,1760.0,1.6,0.6,3.4,8.1,7.4,9.0
segment:line-2-civil-067:0004,civil_segment,line-2-civil-067,line-2,at-grade,24344.5,-9.51495305,30.38535661,0..30cm,21.0,10.0,30.0,57.0,36.0,80.0,22.0,8.0,31.0,1430.0,1240.0,1590.0,4.0,1.5,8.6,7.9,7.2,8.5
segment:line-2-civil-067:0004,civil_segment,line-2-civil-067,line-2,at-grade,24344.5,-9.51495305,30.38535661,30..60cm,23.0,8.0,36.0,55.0,34.0,80.0,22.0,7.0,35.0,1500.0,1320.0,1640.0,2.4,1.1,4.4,8.1,7.5,8.8
segment:line-2-civil-067:0004,civil_segment,line-2-civil-067,line-2,at-grade,24344.5,-9.51495305,30.38535661,60..100cm,23.0,8.0,39.0,54.0,28.0,81.0,23.0,7.0,40.0,1540.0,1350.0,1760.0,1.6,0.6,3.4,8.1,7.4,9.0
segment:line-2-civil-068:0000,civil_segment,line-2-civil-068,line-2,elevated,24344.5,-9.51495305,30.38535661,0..30cm,21.0,10.0,30.0,57.0,36.0,80.0,22.0,8.0,31.0,1430.0,1240.0,1590.0,4.0,1.5,8.6,7.9,7.2,8.5
segment:line-2-civil-068:0000,civil_segment,line-2-civil-068,line-2,elevated,24344.5,-9.51495305,30.38535661,30..60cm,23.0,8.0,36.0,55.0,34.0,80.0,22.0,7.0,35.0,1500.0,1320.0,1640.0,2.4,1.1,4.4,8.1,7.5,8.8
segment:line-2-civil-068:0000,civil_segment,line-2-civil-068,line-2,elevated,24344.5,-9.51495305,30.38535661,60..100cm,23.0,8.0,39.0,54.0,28.0,81.0,23.0,7.0,40.0,1540.0,1350.0,1760.0,1.6,0.6,3.4,8.1,7.4,9.0
segment:line-2-civil-068:0001,civil_segment,line-2-civil-068,line-2,elevated,24354.5,-9.5148488,30.38535661,0..30cm,21.0,10.0,30.0,57.0,36.0,80.0,22.0,8.0,31.0,1430.0,1240.0,1590.0,4.0,1.5,8.6,7.9,7.2,8.5
segment:line-2-civil-068:0001,civil_segment,line-2-civil-068,line-2,elevated,24354.5,-9.5148488,30.38535661,30..60cm,23.0,8.0,36.0,55.0,34.0,80.0,22.0,7.0,35.0,1500.0,1320.0,1640.0,2.4,1.1,4.4,8.1,7.5,8.8
segment:line-2-civil-068:0001,civil_segment,line-2-civil-068,line-2,elevated,24354.5,-9.5148488,30.38535661,60..100cm,23.0,8.0,39.0,54.0,28.0,81.0,23.0,7.0,40.0,1540.0,1350.0,1760.0,1.6,0.6,3.4,8.1,7.4,9.0
segment:line-2-civil-068:0002,civil_segment,line-2-civil-068,line-2,elevated,24364.5,-9.51474539,30.38535589,0..30cm,21.0,10.0,30.0,57.0,36.0,80.0,22.0,8.0,31.0,1430.0,1240.0,1590.0,4.0,1.5,8.6,7.9,7.2,8.5
segment:line-2-civil-068:0002,civil_segment,line-2-civil-068,line-2,elevated,24364.5,-9.51474539,30.38535589,30..60cm,23.0,8.0,36.0,55.0,34.0,80.0,22.0,7.0,35.0,1500.0,1320.0,1640.0,2.4,1.1,4.4,8.1,7.5,8.8
segment:line-2-civil-068:0002,civil_segment,line-2-civil-068,line-2,elevated,24364.5,-9.51474539,30.38535589,60..100cm,23.0,8.0,39.0,54.0,28.0,81.0,23.0,7.0,40.0,1540.0,1350.0,1760.0,1.6,0.6,3.4,8.1,7.4,9.0
segment:line-2-civil-069:0000,civil_segment,line-2-civil-069,line-2,at-grade,24364.5,-9.51474539,30.38535589,0..30cm,21.0,10.0,30.0,57.0,36.0,80.0,22.0,8.0,31.0,1430.0,1240.0,1590.0,4.0,1.5,8.6,7.9,7.2,8.5
segment:line-2-civil-069:0000,civil_segment,line-2-civil-069,line-2,at-grade,24364.5,-9.51474539,30.38535589,30..60cm,23.0,8.0,36.0,55.0,34.0,80.0,22.0,7.0,35.0,1500.0,1320.0,1640.0,2.4,1.1,4.4,8.1,7.5,8.8
segment:line-2-civil-069:0000,civil_segment,line-2-civil-069,line-2,at-grade,24364.5,-9.51474539,30.38535589,60..100cm,23.0,8.0,39.0,54.0,28.0,81.0,23.0,7.0,40.0,1540.0,1350.0,1760.0,1.6,0.6,3.4,8.1,7.4,9.0
segment:line-2-civil-069:0001,civil_segment,line-2-civil-069,line-2,at-grade,24416.9,-9.51450608,30.38496995,0..30cm,16.0,7.0,27.0,66.0,46.0,87.0,17.0,5.0,28.0,1420.0,1220.0,1590.0,3.7,1.6,8.0,7.9,7.3,8.5
segment:line-2-civil-069:0001,civil_segment,line-2-civil-069,line-2,at-grade,24416.9,-9.51450608,30.38496995,30..60cm,19.0,6.0,30.0,64.0,40.0,88.0,18.0,4.0,30.0,1490.0,1300.0,1620.0,2.2,0.8,4.4,8.1,7.5,8.8
segment:line-2-civil-069:0001,civil_segment,line-2-civil-069,line-2,at-grade,24416.9,-9.51450608,30.38496995,60..100cm,19.0,5.0,34.0,63.0,38.0,88.0,18.0,4.0,35.0,1540.0,1350.0,1720.0,1.4,0.5,3.5,8.1,7.3,9.0
segment:line-2-civil-069:0002,civil_segment,line-2-civil-069,line-2,at-grade,24469.3,-9.51453703,30.38463675,0..30cm,16.0,7.0,27.0,66.0,46.0,87.0,17.0,5.0,28.0,1420.0,1220.0,1590.0,3.7,1.6,8.0,7.9,7.3,8.5
segment:line-2-civil-069:0002,civil_segment,line-2-civil-069,line-2,at-grade,24469.3,-9.51453703,30.38463675,30..60cm,19.0,6.0,30.0,64.0,40.0,88.0,18.0,4.0,30.0,1490.0,1300.0,1620.0,2.2,0.8,4.4,8.1,7.5,8.8
segment:line-2-civil-069:0002,civil_segment,line-2-civil-069,line-2,at-grade,24469.3,-9.51453703,30.38463675,60..100cm,19.0,5.0,34.0,63.0,38.0,88.0,18.0,4.0,35.0,1540.0,1350.0,1720.0,1.4,0.5,3.5,8.1,7.3,9.0
segment:line-3-civil-070:0000,civil_segment,line-3-civil-070,line-3,at-grade,0.0,-9.51953767,30.33586591,0..30cm,20.0,7.0,31.0,58.0,39.0,82.0,22.0,8.0,33.0,1440.0,1290.0,1620.0,3.8,2.0,7.0,7.9,7.5,8.4
segment:line-3-civil-070:0000,civil_segment,line-3-civil-070,line-3,at-grade,0.0,-9.51953767,30.33586591,30..60cm,21.0,9.0,33.0,57.0,34.0,82.0,22.0,6.0,38.0,1600.0,1430.0,1760.0,2.7,1.6,4.7,8.2,7.6,8.9
segment:line-3-civil-070:0000,civil_segment,line-3-civil-070,line-3,at-grade,0.0,-9.51953767,30.33586591,60..100cm,21.0,8.0,33.0,57.0,33.0,84.0,22.0,5.0,39.0,1610.0,1400.0,1790.0,1.8,0.7,3.3,8.3,7.5,9.0
segment:line-3-civil-070:0001,civil_segment,line-3-civil-070,line-3,at-grade,903.15,-9.52391323,30.34071048,0..30cm,21.0,7.0,31.0,56.0,35.0,81.0,23.0,8.0,34.0,1440.0,1210.0,1650.0,6.3,3.4,11.8,7.8,7.3,8.2
segment:line-3-civil-070:0001,civil_segment,line-3-civil-070,line-3,at-grade,903.15,-9.52391323,30.34071048,30..60cm,22.0,9.0,33.0,55.0,34.0,82.0,23.0,8.0,39.0,1540.0,1360.0,1730.0,3.5,1.6,5.8,8.0,7.5,8.7
segment:line-3-civil-070:0001,civil_segment,line-3-civil-070,line-3,at-grade,903.15,-9.52391323,30.34071048,60..100cm,21.0,8.0,33.0,56.0,28.0,83.0,23.0,6.0,38.0,1530.0,1350.0,1770.0,2.9,1.3,5.9,8.1,7.5,8.8
segment:line-3-civil-070:0002,civil_segment,line-3-civil-070,line-3,at-grade,999.044,-9.52489473,30.340725,0..30cm,20.0,7.0,29.0,58.0,35.0,84.0,22.0,8.0,36.0,1450.0,1250.0,1620.0,4.6,2.6,8.0,7.9,7.4,8.4
segment:line-3-civil-070:0002,civil_segment,line-3-civil-070,line-3,at-grade,999.044,-9.52489473,30.340725,30..60cm,20.0,8.0,32.0,57.0,31.0,84.0,22.0,5.0,39.0,1570.0,1430.0,1740.0,2.8,1.3,5.2,8.1,7.4,8.8
segment:line-3-civil-070:0002,civil_segment,line-3-civil-070,line-3,at-grade,999.044,-9.52489473,30.340725,60..100cm,20.0,7.0,33.0,58.0,29.0,87.0,22.0,4.0,39.0,1590.0,1430.0,1790.0,2.3,0.8,4.8,8.1,7.3,8.8
segment:line-3-civil-070:0003,civil_segment,line-3-civil-070,line-3,at-grade,1806.3,-9.53267567,30.34090497,0..30cm,22.0,11.0,31.0,54.0,37.0,76.0,24.0,10.0,36.0,1390.0,1120.0,1630.0,7.9,3.8,16.6,7.8,7.4,8.3
segment:line-3-civil-070:0003,civil_segment,line-3-civil-070,line-3,at-grade,1806.3,-9.53267567,30.34090497,30..60cm,23.0,11.0,32.0,53.0,34.0,77.0,24.0,9.0,39.0,1490.0,1220.0,1770.0,4.3,1.8,8.7,8.0,7.3,8.6
segment:line-3-civil-070:0003,civil_segment,line-3-civil-070,line-3,at-grade,1806.3,-9.53267567,30.34090497,60..100cm,23.0,8.0,32.0,53.0,34.0,80.0,24.0,7.0,40.0,1480.0,1160.0,1800.0,3.5,1.4,7.4,8.0,7.5,8.5
segment:line-3-civil-071:0000,civil_segment,line-3-civil-071,line-3,bridge,1806.3,-9.53267567,30.34090497,0..30cm,22.0,11.0,31.0,54.0,37.0,76.0,24.0,10.0,36.0,1390.0,1120.0,1630.0,7.9,3.8,16.6,7.8,7.4,8.3
segment:line-3-civil-071:0000,civil_segment,line-3-civil-071,line-3,bridge,1806.3,-9.53267567,30.34090497,30..60cm,23.0,11.0,32.0,53.0,34.0,77.0,24.0,9.0,39.0,1490.0,1220.0,1770.0,4.3,1.8,8.7,8.0,7.3,8.6
segment:line-3-civil-071:0000,civil_segment,line-3-civil-071,line-3,bridge,1806.3,-9.53267567,30.34090497,60..100cm,23.0,8.0,32.0,53.0,34.0,80.0,24.0,7.0,40.0,1480.0,1160.0,1800.0,3.5,1.4,7.4,8.0,7.5,8.5
segment:line-3-civil-071:0001,civil_segment,line-3-civil-071,line-3,bridge,1846.3,-9.53308107,30.34091463,0..30cm,21.0,10.0,31.0,57.0,37.0,78.0,22.0,8.0,34.0,1420.0,1260.0,1590.0,5.9,2.7,10.9,7.9,7.4,8.4
segment:line-3-civil-071:0001,civil_segment,line-3-civil-071,line-3,bridge,1846.3,-9.53308107,30.34091463,30..60cm,22.0,10.0,32.0,55.0,35.0,80.0,23.0,9.0,39.0,1540.0,1370.0,1740.0,3.5,1.6,6.7,8.1,7.2,8.8
segment:line-3-civil-071:0001,civil_segment,line-3-civil-071,line-3,bridge,1846.3,-9.53308107,30.34091463,60..100cm,22.0,8.0,32.0,54.0,36.0,82.0,24.0,8.0,40.0,1530.0,1380.0,1770.0,3.0,1.4,5.6,8.1,7.5,8.9
segment:line-3-civil-071:0002,civil_segment,line-3-civil-071,line-3,bridge,1886.3,-9.53328943,30.3410952,0..30cm,20.0,6.0,28.0,59.0,38.0,84.0,21.0,6.0,34.0,1430.0,1240.0,1610.0,5.5,2.7,9.0,7.9,7.4,8.4
segment:line-3-civil-071:0002,civil_segment,line-3-civil-071,line-3,bridge,1886.3,-9.53328943,30.3410952,30..60cm,20.0,6.0,33.0,58.0,29.0,84.0,21.0,5.0,38.0,1550.0,1390.0,1740.0,3.5,1.9,6.2,8.1,7.4,8.7
segment:line-3-civil-071:0002,civil_segment,line-3-civil-071,line-3,bridge,1886.3,-9.53328943,30.3410952,60..100cm,20.0,7.0,35.0,58.0,31.0,87.0,21.0,5.0,38.0,1560.0,1350.0,1780.0,3.1,1.3,6.2,8.1,7.5,8.8
segment:line-3-civil-072:0000,civil_segment,line-3-civil-072,line-3,at-grade,1886.3,-9.53328943,30.3410952,0..30cm,20.0,6.0,28.0,59.0,38.0,84.0,21.0,6.0,34.0,1430.0,1240.0,1610.0,5.5,2.7,9.0,7.9,7.4,8.4
segment:line-3-civil-072:0000,civil_segment,line-3-civil-072,line-3,at-grade,1886.3,-9.53328943,30.3410952,30..60cm,20.0,6.0,33.0,58.0,29.0,84.0,21.0,5.0,38.0,1550.0,1390.0,1740.0,3.5,1.9,6.2,8.1,7.4,8.7
segment:line-3-civil-072:0000,civil_segment,line-3-civil-072,line-3,at-grade,1886.3,-9.53328943,30.3410952,60..100cm,20.0,7.0,35.0,58.0,31.0,87.0,21.0,5.0,38.0,1560.0,1350.0,1780.0,3.1,1.3,6.2,8.1,7.5,8.8
segment:line-3-civil-072:0001,civil_segment,line-3-civil-072,line-3,at-grade,2886.947,-9.53287271,30.34828067,0..30cm,21.0,7.0,33.0,57.0,37.0,83.0,23.0,7.0,36.0,1410.0,1200.0,1600.0,6.8,3.8,12.0,7.7,7.3,8.2
segment:line-3-civil-072:0001,civil_segment,line-3-civil-072,line-3,at-grade,2886.947,-9.53287271,30.34828067,30..60cm,21.0,8.0,34.0,56.0,32.0,84.0,22.0,7.0,39.0,1530.0,1360.0,1760.0,3.6,1.6,6.7,7.9,7.2,8.5
segment:line-3-civil-072:0001,civil_segment,line-3-civil-072,line-3,at-grade,2886.947,-9.53287271,30.34828067,60..100cm,21.0,7.0,35.0,58.0,32.0,85.0,22.0,5.0,39.0,1550.0,1400.0,1750.0,2.7,1.2,5.1,8.0,7.5,8.8
segment:line-3-civil-072:0002,civil_segment,line-3-civil-072,line-3,at-grade,3689.65,-9.53325083,30.35314267,0..30cm,21.0,7.0,32.0,57.0,36.0,85.0,22.0,7.0,36.0,1420.0,1210.0,1610.0,5.4,2.7,10.3,7.8,7.2,8.4
segment:line-3-civil-072:0002,civil_segment,line-3-civil-072,line-3,at-grade,3689.65,-9.53325083,30.35314267,30..60cm,23.0,8.0,35.0,56.0,33.0,85.0,22.0,5.0,36.0,1510.0,1310.0,1750.0,2.9,1.3,4.7,7.9,7.1,8.8
segment:line-3-civil-072:0002,civil_segment,line-3-civil-072,line-3,at-grade,3689.65,-9.53325083,30.35314267,60..100cm,22.0,7.0,36.0,56.0,31.0,87.0,21.0,4.0,38.0,1510.0,1310.0,1750.0,2.7,1.2,6.1,7.9,7.0,8.8
segment:line-3-civil-072:0003,civil_segment,line-3-civil-072,line-3,at-grade,3887.595,-9.53412287,30.35417079,0..30cm,22.0,7.0,34.0,56.0,37.0,80.0,22.0,8.0,37.0,1420.0,1210.0,1590.0,4.0,2.0,7.7,7.8,7.2,8.4
segment:line-3-civil-072:0003,civil_segment,line-3-civil-072,line-3,at-grade,3887.595,-9.53412287,30.35417079,30..60cm,23.0,9.0,37.0,55.0,30.0,80.0,22.0,6.0,38.0,1530.0,1330.0,1730.0,2.7,1.3,4.8,8.0,7.2,8.8
segment:line-3-civil-072:0003,civil_segment,line-3-civil-072,line-3,at-grade,3887.595,-9.53412287,30.35417079,60..100cm,23.0,8.0,36.0,55.0,30.0,84.0,22.0,4.0,39.0,1550.0,1350.0,1740.0,1.6,0.5,3.3,8.0,7.2,9.0
segment:line-3-civil-072:0004,civil_segment,line-3-civil-072,line-3,at-grade,4888.242,-9.54130709,30.36034131,0..30cm,20.0,6.0,30.0,59.0,39.0,84.0,20.0,8.0,36.0,1440.0,1220.0,1620.0,6.5,3.2,12.4,7.7,7.2,8.4
segment:line-3-civil-072:0004,civil_segment,line-3-civil-072,line-3,at-grade,4888.242,-9.54130709,30.36034131,30..60cm,21.0,6.0,37.0,59.0,35.0,86.0,19.0,3.0,36.0,1550.0,1360.0,1770.0,3.6,1.3,7.0,7.9,7.2,8.7
segment:line-3-civil-072:0004,civil_segment,line-3-civil-072,line-3,at-grade,4888.242,-9.54130709,30.36034131,60..100cm,21.0,6.0,38.0,60.0,33.0,89.0,19.0,3.0,36.0,1560.0,1340.0,1790.0,3.2,1.3,6.9,7.9,7.2,8.7
segment:line-3-civil-072:0005,civil_segment,line-3-civil-072,line-3,at-grade,5493.0,-9.5407904,30.3639561,0..30cm,21.0,6.0,33.0,57.0,36.0,82.0,21.0,6.0,36.0,1410.0,1210.0,1610.0,5.5,2.9,9.7,7.8,7.2,8.4
segment:line-3-civil-072:0005,civil_segment,line-3-civil-072,line-3,at-grade,5493.0,-9.5407904,30.3639561,30..60cm,22.0,7.0,37.0,59.0,29.0,88.0,19.0,2.0,39.0,1480.0,1280.0,1650.0,3.3,1.3,6.7,7.9,7.2,8.7
segment:line-3-civil-072:0005,civil_segment,line-3-civil-072,line-3,at-grade,5493.0,-9.5407904,30.3639561,60..100cm,22.0,7.0,38.0,59.0,25.0,89.0,18.0,1.0,38.0,1510.0,1310.0,1680.0,3.1,1.0,6.1,7.9,7.2,8.8
segment:line-3-civil-073:0000,civil_segment,line-3-civil-073,line-3,elevated,5493.0,-9.5407904,30.3639561,0..30cm,21.0,6.0,33.0,57.0,36.0,82.0,21.0,6.0,36.0,1410.0,1210.0,1610.0,5.5,2.9,9.7,7.8,7.2,8.4
segment:line-3-civil-073:0000,civil_segment,line-3-civil-073,line-3,elevated,5493.0,-9.5407904,30.3639561,30..60cm,22.0,7.0,37.0,59.0,29.0,88.0,19.0,2.0,39.0,1480.0,1280.0,1650.0,3.3,1.3,6.7,7.9,7.2,8.7
segment:line-3-civil-073:0000,civil_segment,line-3-civil-073,line-3,elevated,5493.0,-9.5407904,30.3639561,60..100cm,22.0,7.0,38.0,59.0,25.0,89.0,18.0,1.0,38.0,1510.0,1310.0,1680.0,3.1,1.0,6.1,7.9,7.2,8.8
segment:line-3-civil-073:0001,civil_segment,line-3-civil-073,line-3,elevated,5517.15,-9.54083375,30.36415805,0..30cm,22.0,7.0,30.0,56.0,39.0,82.0,22.0,7.0,37.0,1410.0,1210.0,1600.0,5.5,2.2,10.2,7.8,7.2,8.4
segment:line-3-civil-073:0001,civil_segment,line-3-civil-073,line-3,elevated,5517.15,-9.54083375,30.36415805,30..60cm,23.0,8.0,34.0,57.0,31.0,84.0,19.0,2.0,38.0,1520.0,1310.0,1750.0,2.9,1.2,6.4,8.0,7.4,8.8
segment:line-3-civil-073:0001,civil_segment,line-3-civil-073,line-3,elevated,5517.15,-9.54083375,30.36415805,60..100cm,23.0,8.0,35.0,58.0,31.0,87.0,19.0,1.0,36.0,1540.0,1340.0,1790.0,2.8,0.8,6.0,8.0,7.2,8.9
segment:line-3-civil-073:0002,civil_segment,line-3-civil-073,line-3,elevated,5541.3,-9.54099876,30.36431618,0..30cm,22.0,7.0,30.0,56.0,39.0,82.0,22.0,7.0,37.0,1410.0,1210.0,1600.0,5.5,2.2,10.2,7.8,7.2,8.4
segment:line-3-civil-073:0002,civil_segment,line-3-civil-073,line-3,elevated,5541.3,-9.54099876,30.36431618,30..60cm,23.0,8.0,34.0,57.0,31.0,84.0,19.0,2.0,38.0,1520.0,1310.0,1750.0,2.9,1.2,6.4,8.0,7.4,8.8
segment:line-3-civil-073:0002,civil_segment,line-3-civil-073,line-3,elevated,5541.3,-9.54099876,30.36431618,60..100cm,23.0,8.0,35.0,58.0,31.0,87.0,19.0,1.0,36.0,1540.0,1340.0,1790.0,2.8,0.8,6.0,8.0,7.2,8.9
segment:line-3-civil-074:0000,civil_segment,line-3-civil-074,line-3,elevated,5541.3,-9.54099876,30.36431618,0..30cm,22.0,7.0,30.0,56.0,39.0,82.0,22.0,7.0,37.0,1410.0,1210.0,1600.0,5.5,2.2,10.2,7.8,7.2,8.4
segment:line-3-civil-074:0000,civil_segment,line-3-civil-074,line-3,elevated,5541.3,-9.54099876,30.36431618,30..60cm,23.0,8.0,34.0,57.0,31.0,84.0,19.0,2.0,38.0,1520.0,1310.0,1750.0,2.9,1.2,6.4,8.0,7.4,8.8
segment:line-3-civil-074:0000,civil_segment,line-3-civil-074,line-3,elevated,5541.3,-9.54099876,30.36431618,60..100cm,23.0,8.0,35.0,58.0,31.0,87.0,19.0,1.0,36.0,1540.0,1340.0,1790.0,2.8,0.8,6.0,8.0,7.2,8.9
segment:line-3-civil-074:0001,civil_segment,line-3-civil-074,line-3,elevated,5575.452,-9.54099876,30.36462371,0..30cm,22.0,7.0,30.0,56.0,39.0,82.0,22.0,7.0,37.0,1410.0,1210.0,1600.0,5.5,2.2,10.2,7.8,7.2,8.4
segment:line-3-civil-074:0001,civil_segment,line-3-civil-074,line-3,elevated,5575.452,-9.54099876,30.36462371,30..60cm,23.0,8.0,34.0,57.0,31.0,84.0,19.0,2.0,38.0,1520.0,1310.0,1750.0,2.9,1.2,6.4,8.0,7.4,8.8
segment:line-3-civil-074:0001,civil_segment,line-3-civil-074,line-3,elevated,5575.452,-9.54099876,30.36462371,60..100cm,23.0,8.0,35.0,58.0,31.0,87.0,19.0,1.0,36.0,1540.0,1340.0,1790.0,2.8,0.8,6.0,8.0,7.2,8.9
segment:line-3-civil-074:0002,civil_segment,line-3-civil-074,line-3,elevated,5609.605,-9.54120712,30.36485619,0..30cm,21.0,8.0,30.0,57.0,40.0,81.0,21.0,7.0,36.0,1420.0,1210.0,1610.0,5.3,2.2,10.2,7.8,7.2,8.3
segment:line-3-civil-074:0002,civil_segment,line-3-civil-074,line-3,elevated,5609.605,-9.54120712,30.36485619,30..60cm,23.0,8.0,34.0,58.0,31.0,83.0,19.0,2.0,37.0,1550.0,1320.0,1770.0,2.6,1.2,5.3,8.0,7.2,8.8
segment:line-3-civil-074:0002,civil_segment,line-3-civil-074,line-3,elevated,5609.605,-9.54120712,30.36485619,60..100cm,23.0,8.0,35.0,58.0,31.0,86.0,19.0,0.0,36.0,1570.0,1370.0,1820.0,2.5,0.8,6.0,8.0,7.0,8.9
segment:line-3-civil-075:0000,civil_segment,line-3-civil-075,line-3,elevated,5609.605,-9.54120712,30.36485619,0..30cm,21.0,8.0,30.0,57.0,40.0,81.0,21.0,7.0,36.0,1420.0,1210.0,1610.0,5.3,2.2,10.2,7.8,7.2,8.3
segment:line-3-civil-075:0000,civil_segment,line-3-civil-075,line-3,elevated,5609.605,-9.54120712,30.36485619,30..60cm,23.0,8.0,34.0,58.0,31.0,83.0,19.0,2.0,37.0,1550.0,1320.0,1770.0,2.6,1.2,5.3,8.0,7.2,8.8
segment:line-3-civil-075:0000,civil_segment,line-3-civil-075,line-3,elevated,5609.605,-9.54120712,30.36485619,60..100cm,23.0,8.0,35.0,58.0,31.0,86.0,19.0,0.0,36.0,1570.0,1370.0,1820.0,2.5,0.8,6.0,8.0,7.0,8.9
segment:line-3-civil-075:0001,civil_segment,line-3-civil-075,line-3,elevated,6611.251,-9.54465269,30.37257901,0..30cm,22.0,8.0,33.0,56.0,37.0,79.0,22.0,6.0,36.0,1420.0,1210.0,1600.0,3.8,1.7,7.7,7.8,7.2,8.4
segment:line-3-civil-075:0001,civil_segment,line-3-civil-075,line-3,elevated,6611.251,-9.54465269,30.37257901,30..60cm,25.0,9.0,37.0,55.0,29.0,81.0,21.0,4.0,37.0,1530.0,1320.0,1720.0,2.2,1.2,4.4,8.1,7.4,8.8
segment:line-3-civil-075:0001,civil_segment,line-3-civil-075,line-3,elevated,6611.251,-9.54465269,30.37257901,60..100cm,25.0,9.0,39.0,54.0,25.0,81.0,21.0,4.0,38.0,1530.0,1370.0,1730.0,1.3,0.3,2.6,8.1,7.3,8.9
segment:line-3-civil-075:0002,civil_segment,line-3-civil-075,line-3,elevated,7612.898,-9.548083,30.38010399,0..30cm,24.0,13.0,32.0,53.0,32.0,74.0,23.0,10.0,37.0,1420.0,1300.0,1590.0,5.7,3.0,10.2,7.7,7.2,8.2
segment:line-3-civil-075:0002,civil_segment,line-3-civil-075,line-3,elevated,7612.898,-9.548083,30.38010399,30..60cm,24.0,12.0,34.0,56.0,29.0,78.0,20.0,6.0,36.0,1520.0,1330.0,1760.0,3.4,1.4,5.8,8.0,7.2,8.7
segment:line-3-civil-075:0002,civil_segment,line-3-civil-075,line-3,elevated,7612.898,-9.548083,30.38010399,60..100cm,23.0,12.0,34.0,57.0,29.0,78.0,19.0,6.0,35.0,1550.0,1270.0,1840.0,3.0,1.4,5.3,8.1,7.3,8.8
segment:line-3-civil-075:0003,civil_segment,line-3-civil-075,line-3,elevated,8614.544,-9.55151668,30.38778248,0..30cm,20.0,8.0,28.0,60.0,41.0,81.0,20.0,5.0,31.0,1430.0,1240.0,1570.0,4.0,2.2,6.8,7.9,7.3,8.4
segment:line-3-civil-075:0003,civil_segment,line-3-civil-075,line-3,elevated,8614.544,-9.55151668,30.38778248,30..60cm,22.0,7.0,37.0,59.0,35.0,86.0,19.0,4.0,36.0,1490.0,1330.0,1620.0,2.6,1.2,5.1,8.1,7.6,8.8
segment:line-3-civil-075:0003,civil_segment,line-3-civil-075,line-3,elevated,8614.544,-9.55151668,30.38778248,60..100cm,23.0,8.0,38.0,58.0,31.0,87.0,19.0,4.0,36.0,1520.0,1340.0,1650.0,2.3,1.1,3.8,8.2,7.3,8.9
segment:line-3-civil-075:0004,civil_segment,line-3-civil-075,line-3,elevated,8946.252,-9.55266692,30.39024998,0..30cm,21.0,12.0,28.0,57.0,42.0,77.0,22.0,9.0,34.0,1430.0,1240.0,1560.0,4.3,2.1,6.8,7.8,7.3,8.3
segment:line-3-civil-075:0004,civil_segment,line-3-civil-075,line-3,elevated,8946.252,-9.55266692,30.39024998,30..60cm,23.0,10.0,32.0,56.0,37.0,78.0,21.0,6.0,34.0,1490.0,1360.0,1620.0,2.6,1.2,5.1,8.1,7.5,8.7
segment:line-3-civil-075:0004,civil_segment,line-3-civil-075,line-3,elevated,8946.252,-9.55266692,30.39024998,60..100cm,23.0,10.0,34.0,56.0,37.0,80.0,20.0,7.0,35.0,1520.0,1360.0,1650.0,2.3,0.9,4.5,8.1,7.3,8.9
segment:line-3-civil-075:0005,civil_segment,line-3-civil-075,line-3,elevated,9616.19,-9.55489165,30.39537664,0..30cm,22.0,10.0,30.0,55.0,36.0,76.0,22.0,7.0,36.0,1400.0,1220.0,1550.0,3.8,1.7,7.0,7.8,7.2,8.3
segment:line-3-civil-075:0005,civil_segment,line-3-civil-075,line-3,elevated,9616.19,-9.55489165,30.39537664,30..60cm,24.0,10.0,34.0,55.0,29.0,81.0,21.0,3.0,36.0,1490.0,1320.0,1660.0,2.9,1.4,5.7,8.0,7.4,8.8
segment:line-3-civil-075:0005,civil_segment,line-3-civil-075,line-3,elevated,9616.19,-9.55489165,30.39537664,60..100cm,25.0,10.0,36.0,54.0,30.0,85.0,21.0,3.0,36.0,1520.0,1350.0,1670.0,2.2,0.8,5.2,8.1,7.3,8.9
segment:line-3-civil-075:0006,civil_segment,line-3-civil-075,line-3,elevated,10617.836,-9.55829264,30.40317282,0..30cm,23.0,8.0,40.0,54.0,28.0,82.0,22.0,6.0,40.0,1410.0,1220.0,1560.0,4.8,2.2,7.9,7.8,7.3,8.3
segment:line-3-civil-075:0006,civil_segment,line-3-civil-075,line-3,elevated,10617.836,-9.55829264,30.40317282,30..60cm,26.0,9.0,43.0,54.0,20.0,84.0,21.0,2.0,40.0,1500.0,1320.0,1690.0,2.5,1.1,5.4,8.0,7.5,8.8
segment:line-3-civil-075:0006,civil_segment,line-3-civil-075,line-3,elevated,10617.836,-9.55829264,30.40317282,60..100cm,26.0,10.0,44.0,54.0,21.0,84.0,21.0,2.0,38.0,1500.0,1300.0,1670.0,2.1,1.0,3.9,8.1,7.2,9.0
segment:line-3-civil-075:0007,civil_segment,line-3-civil-075,line-3,elevated,11619.483,-9.56183476,30.41091837,0..30cm,22.0,8.0,31.0,56.0,36.0,83.0,22.0,8.0,36.0,1390.0,1190.0,1550.0,4.5,2.0,8.2,7.8,7.2,8.4
segment:line-3-civil-075:0007,civil_segment,line-3-civil-075,line-3,elevated,11619.483,-9.56183476,30.41091837,30..60cm,24.0,8.0,34.0,58.0,37.0,85.0,19.0,3.0,31.0,1480.0,1320.0,1620.0,3.2,1.3,6.4,8.1,7.4,8.9
segment:line-3-civil-075:0007,civil_segment,line-3-civil-075,line-3,elevated,11619.483,-9.56183476,30.41091837,60..100cm,24.0,8.0,37.0,57.0,32.0,85.0,19.0,2.0,31.0,1490.0,1340.0,1630.0,2.5,0.9,4.9,8.1,7.3,8.9
segment:line-3-civil-075:0008,civil_segment,line-3-civil-075,line-3,elevated,12282.9,-9.56412673,30.4159624,0..30cm,25.0,12.0,39.0,50.0,21.0,74.0,25.0,12.0,41.0,1390.0,1190.0,1560.0,4.3,2.0,7.8,7.7,7.2,8.2
segment:line-3-civil-075:0008,civil_segment,line-3-civil-075,line-3,elevated,12282.9,-9.56412673,30.4159624,30..60cm,27.0,13.0,41.0,51.0,21.0,81.0,22.0,6.0,41.0,1510.0,1350.0,1660.0,3.1,1.2,5.4,7.9,7.3,8.7
segment:line-3-civil-075:0008,civil_segment,line-3-civil-075,line-3,elevated,12282.9,-9.56412673,30.4159624,60..100cm,27.0,12.0,41.0,51.0,22.0,80.0,22.0,7.0,38.0,1530.0,1380.0,1670.0,2.5,0.9,4.5,8.0,7.0,8.8
segment:line-3-civil-076:0000,civil_segment,line-3-civil-076,line-3,bridge,12282.9,-9.56412673,30.4159624,0..30cm,25.0,12.0,39.0,50.0,21.0,74.0,25.0,12.0,41.0,1390.0,1190.0,1560.0,4.3,2.0,7.8,7.7,7.2,8.2
segment:line-3-civil-076:0000,civil_segment,line-3-civil-076,line-3,bridge,12282.9,-9.56412673,30.4159624,30..60cm,27.0,13.0,41.0,51.0,21.0,81.0,22.0,6.0,41.0,1510.0,1350.0,1660.0,3.1,1.2,5.4,7.9,7.3,8.7
segment:line-3-civil-076:0000,civil_segment,line-3-civil-076,line-3,bridge,12282.9,-9.56412673,30.4159624,60..100cm,27.0,12.0,41.0,51.0,22.0,80.0,22.0,7.0,38.0,1530.0,1380.0,1670.0,2.5,0.9,4.5,8.0,7.0,8.8
segment:line-3-civil-076:0001,civil_segment,line-3-civil-076,line-3,bridge,12292.9,-9.56412673,30.41605234,0..30cm,25.0,12.0,39.0,50.0,22.0,77.0,25.0,12.0,40.0,1400.0,1210.0,1560.0,4.6,2.3,8.7,7.7,7.2,8.2
segment:line-3-civil-076:0001,civil_segment,line-3-civil-076,line-3,bridge,12292.9,-9.56412673,30.41605234,30..60cm,27.0,13.0,41.0,50.0,19.0,81.0,22.0,5.0,41.0,1510.0,1310.0,1760.0,2.8,1.2,6.0,7.9,7.3,8.7
segment:line-3-civil-076:0001,civil_segment,line-3-civil-076,line-3,bridge,12292.9,-9.56412673,30.41605234,60..100cm,28.0,12.0,41.0,50.0,21.0,82.0,23.0,7.0,39.0,1520.0,1300.0,1740.0,2.3,1.2,4.4,8.0,7.0,8.8
segment:line-3-civil-076:0002,civil_segment,line-3-civil-076,line-3,bridge,12302.9,-9.56412673,30.41614229,0..30cm,25.0,12.0,39.0,50.0,22.0,77.0,25.0,12.0,40.0,1400.0,1210.0,1560.0,4.6,2.3,8.7,7.7,7.2,8.2
segment:line-3-civil-076:0002,civil_segment,line-3-civil-076,line-3,bridge,12302.9,-9.56412673,30.41614229,30..60cm,27.0,13.0,41.0,50.0,19.0,81.0,22.0,5.0,41.0,1510.0,1310.0,1760.0,2.8,1.2,6.0,7.9,7.3,8.7
segment:line-3-civil-076:0002,civil_segment,line-3-civil-076,line-3,bridge,12302.9,-9.56412673,30.41614229,60..100cm,28.0,12.0,41.0,50.0,21.0,82.0,23.0,7.0,39.0,1520.0,1300.0,1740.0,2.3,1.2,4.4,8.0,7.0,8.8
segment:line-3-civil-077:0000,civil_segment,line-3-civil-077,line-3,elevated,12302.9,-9.56412673,30.41614229,0..30cm,25.0,12.0,39.0,50.0,22.0,77.0,25.0,12.0,40.0,1400.0,1210.0,1560.0,4.6,2.3,8.7,7.7,7.2,8.2
segment:line-3-civil-077:0000,civil_segment,line-3-civil-077,line-3,elevated,12302.9,-9.56412673,30.41614229,30..60cm,27.0,13.0,41.0,50.0,19.0,81.0,22.0,5.0,41.0,1510.0,1310.0,1760.0,2.8,1.2,6.0,7.9,7.3,8.7
segment:line-3-civil-077:0000,civil_segment,line-3-civil-077,line-3,elevated,12302.9,-9.56412673,30.41614229,60..100cm,28.0,12.0,41.0,50.0,21.0,82.0,23.0,7.0,39.0,1520.0,1300.0,1740.0,2.3,1.2,4.4,8.0,7.0,8.8
segment:line-3-civil-077:0001,civil_segment,line-3-civil-077,line-3,elevated,13304.658,-9.56751155,30.4237335,0..30cm,25.0,12.0,37.0,51.0,21.0,76.0,25.0,13.0,39.0,1400.0,1190.0,1580.0,4.4,2.4,7.6,7.8,7.3,8.2
segment:line-3-civil-077:0001,civil_segment,line-3-civil-077,line-3,elevated,13304.658,-9.56751155,30.4237335,30..60cm,26.0,11.0,41.0,53.0,23.0,81.0,21.0,8.0,37.0,1500.0,1320.0,1680.0,3.0,1.4,5.6,8.0,7.4,8.8
segment:line-3-civil-077:0001,civil_segment,line-3-civil-077,line-3,elevated,13304.658,-9.56751155,30.4237335,60..100cm,26.0,10.0,41.0,53.0,22.0,82.0,21.0,7.0,37.0,1510.0,1300.0,1730.0,2.3,0.9,4.6,8.0,7.2,8.8
segment:line-3-civil-077:0002,civil_segment,line-3-civil-077,line-3,elevated,14306.415,-9.57088713,30.43132821,0..30cm,26.0,12.0,39.0,47.0,21.0,69.0,27.0,15.0,40.0,1420.0,1240.0,1600.0,6.3,3.1,11.7,7.7,7.1,8.2
segment:line-3-civil-077:0002,civil_segment,line-3-civil-077,line-3,elevated,14306.415,-9.57088713,30.43132821,30..60cm,28.0,13.0,42.0,47.0,22.0,72.0,25.0,9.0,43.0,1500.0,1320.0,1730.0,3.4,1.4,6.4,7.9,7.4,8.5
segment:line-3-civil-077:0002,civil_segment,line-3-civil-077,line-3,elevated,14306.415,-9.57088713,30.43132821,60..100cm,28.0,12.0,43.0,47.0,21.0,75.0,25.0,8.0,43.0,1490.0,1300.0,1660.0,2.7,1.1,5.6,8.0,7.2,8.7
segment:line-3-civil-077:0003,civil_segment,line-3-civil-077,line-3,elevated,15308.173,-9.57433637,30.43900216,0..30cm,22.0,12.0,32.0,54.0,38.0,71.0,24.0,15.0,35.0,1410.0,1220.0,1560.0,4.5,2.6,8.7,7.8,7.2,8.3
segment:line-3-civil-077:0003,civil_segment,line-3-civil-077,line-3,elevated,15308.173,-9.57433637,30.43900216,30..60cm,25.0,11.0,39.0,52.0,26.0,77.0,24.0,7.0,38.0,1470.0,1320.0,1600.0,2.7,1.2,4.8,8.1,7.5,8.8
segment:line-3-civil-077:0003,civil_segment,line-3-civil-077,line-3,elevated,15308.173,-9.57433637,30.43900216,60..100cm,25.0,10.0,39.0,52.0,25.0,79.0,24.0,9.0,38.0,1470.0,1340.0,1600.0,2.3,1.0,4.2,8.1,7.2,8.9
segment:line-3-civil-077:0004,civil_segment,line-3-civil-077,line-3,elevated,15460.55,-9.57496145,30.4401494,0..30cm,23.0,12.0,32.0,54.0,39.0,70.0,24.0,15.0,33.0,1400.0,1270.0,1540.0,5.0,2.8,9.0,7.8,7.1,8.3
segment:line-3-civil-077:0004,civil_segment,line-3-civil-077,line-3,elevated,15460.55,-9.57496145,30.4401494,30..60cm,25.0,10.0,39.0,51.0,26.0,78.0,24.0,7.0,38.0,1460.0,1310.0,1600.0,2.9,1.4,4.8,8.0,7.5,8.7
segment:line-3-civil-077:0004,civil_segment,line-3-civil-077,line-3,elevated,15460.55,-9.57496145,30.4401494,60..100cm,25.0,10.0,39.0,51.0,24.0,80.0,24.0,8.0,39.0,1480.0,1310.0,1620.0,2.4,1.3,5.2,8.1,7.2,8.8
segment:line-3-civil-077:0005,civil_segment,line-3-civil-077,line-3,elevated,16309.931,-9.57787849,30.44674847,0..30cm,23.0,12.0,36.0,53.0,30.0,71.0,23.0,11.0,35.0,1430.0,1280.0,1580.0,5.4,2.9,9.0,7.6,7.1,8.1
segment:line-3-civil-077:0005,civil_segment,line-3-civil-077,line-3,elevated,16309.931,-9.57787849,30.44674847,30..60cm,25.0,7.0,39.0,51.0,27.0,77.0,24.0,8.0,38.0,1510.0,1350.0,1650.0,2.6,1.2,4.7,7.9,7.2,8.5
segment:line-3-civil-077:0005,civil_segment,line-3-civil-077,line-3,elevated,16309.931,-9.57787849,30.44674847,60..100cm,26.0,12.0,39.0,50.0,25.0,74.0,24.0,9.0,38.0,1520.0,1320.0,1670.0,2.3,1.0,4.7,7.9,7.0,8.6
segment:line-3-civil-077:0006,civil_segment,line-3-civil-077,line-3,elevated,17311.689,-9.58121279,30.45446409,0..30cm,26.0,16.0,39.0,46.0,21.0,69.0,28.0,15.0,42.0,1450.0,1300.0,1600.0,7.1,2.9,15.9,7.5,7.1,8.0
segment:line-3-civil-077:0006,civil_segment,line-3-civil-077,line-3,elevated,17311.689,-9.58121279,30.45446409,30..60cm,26.0,13.0,39.0,47.0,20.0,72.0,27.0,12.0,42.0,1510.0,1310.0,1670.0,3.2,1.1,6.1,7.6,7.0,8.2
segment:line-3-civil-077:0006,civil_segment,line-3-civil-077,line-3,elevated,17311.689,-9.58121279,30.45446409,60..100cm,26.0,13.0,38.0,48.0,26.0,72.0,26.0,11.0,40.0,1540.0,1340.0,1690.0,2.9,1.2,5.4,7.8,7.0,8.4
segment:line-3-civil-077:0007,civil_segment,line-3-civil-077,line-3,elevated,18313.446,-9.58473602,30.46200635,0..30cm,27.0,17.0,36.0,44.0,18.0,68.0,29.0,15.0,44.0,1440.0,1260.0,1620.0,7.1,3.3,13.3,7.6,7.1,8.1
segment:line-3-civil-077:0007,civil_segment,line-3-civil-077,line-3,elevated,18313.446,-9.58473602,30.46200635,30..60cm,27.0,11.0,40.0,45.0,16.0,72.0,28.0,14.0,44.0,1510.0,1310.0,1730.0,3.4,1.3,7.2,7.7,7.0,8.3
segment:line-3-civil-077:0007,civil_segment,line-3-civil-077,line-3,elevated,18313.446,-9.58473602,30.46200635,60..100cm,26.0,12.0,40.0,47.0,17.0,72.0,27.0,13.0,42.0,1530.0,1320.0,1700.0,2.9,1.3,5.8,7.7,7.0,8.3
segment:line-3-civil-077:0008,civil_segment,line-3-civil-077,line-3,elevated,18618.2,-9.58579617,30.46436932,0..30cm,27.0,17.0,37.0,45.0,21.0,69.0,28.0,13.0,42.0,1400.0,1250.0,1600.0,7.2,3.6,13.9,7.5,7.1,8.0
segment:line-3-civil-077:0008,civil_segment,line-3-civil-077,line-3,elevated,18618.2,-9.58579617,30.46436932,30..60cm,27.0,14.0,40.0,47.0,18.0,72.0,26.0,13.0,42.0,1500.0,1270.0,1720.0,3.2,1.4,7.2,7.6,7.0,8.2
segment:line-3-civil-077:0008,civil_segment,line-3-civil-077,line-3,elevated,18618.2,-9.58579617,30.46436932,60..100cm,26.0,12.0,39.0,48.0,20.0,71.0,26.0,11.0,42.0,1530.0,1250.0,1740.0,2.7,1.3,5.5,7.7,6.9,8.4
segment:line-3-civil-078:0000,civil_segment,line-3-civil-078,line-3,bridge,18618.2,-9.58579617,30.46436932,0..30cm,27.0,17.0,37.0,45.0,21.0,69.0,28.0,13.0,42.0,1400.0,1250.0,1600.0,7.2,3.6,13.9,7.5,7.1,8.0
segment:line-3-civil-078:0000,civil_segment,line-3-civil-078,line-3,bridge,18618.2,-9.58579617,30.46436932,30..60cm,27.0,14.0,40.0,47.0,18.0,72.0,26.0,13.0,42.0,1500.0,1270.0,1720.0,3.2,1.4,7.2,7.6,7.0,8.2
segment:line-3-civil-078:0000,civil_segment,line-3-civil-078,line-3,bridge,18618.2,-9.58579617,30.46436932,60..100cm,26.0,12.0,39.0,48.0,20.0,71.0,26.0,11.0,42.0,1530.0,1250.0,1740.0,2.7,1.3,5.5,7.7,6.9,8.4
segment:line-3-civil-078:0001,civil_segment,line-3-civil-078,line-3,bridge,18853.05,-9.58650102,30.46623032,0..30cm,27.0,16.0,39.0,43.0,18.0,68.0,30.0,15.0,44.0,1450.0,1340.0,1590.0,7.1,2.6,15.0,7.6,7.1,8.1
segment:line-3-civil-078:0001,civil_segment,line-3-civil-078,line-3,bridge,18853.05,-9.58650102,30.46623032,30..60cm,27.0,14.0,41.0,44.0,18.0,71.0,29.0,14.0,45.0,1510.0,1350.0,1650.0,3.5,1.2,6.6,7.7,7.0,8.4
segment:line-3-civil-078:0001,civil_segment,line-3-civil-078,line-3,bridge,18853.05,-9.58650102,30.46623032,60..100cm,26.0,14.0,40.0,46.0,18.0,71.0,28.0,13.0,45.0,1520.0,1340.0,1670.0,2.8,1.2,5.6,7.8,6.9,8.4
segment:line-3-civil-078:0002,civil_segment,line-3-civil-078,line-3,bridge,19087.9,-9.58726051,30.46796611,0..30cm,27.0,16.0,39.0,43.0,18.0,64.0,30.0,17.0,44.0,1460.0,1350.0,1580.0,6.9,2.6,13.7,7.6,7.1,8.1
segment:line-3-civil-078:0002,civil_segment,line-3-civil-078,line-3,bridge,19087.9,-9.58726051,30.46796611,30..60cm,26.0,13.0,41.0,45.0,18.0,72.0,29.0,13.0,46.0,1520.0,1360.0,1660.0,3.3,1.2,6.6,7.7,7.2,8.4
segment:line-3-civil-078:0002,civil_segment,line-3-civil-078,line-3,bridge,19087.9,-9.58726051,30.46796611,60..100cm,26.0,13.0,40.0,46.0,18.0,71.0,28.0,13.0,45.0,1550.0,1380.0,1690.0,2.7,1.2,5.1,7.8,7.0,8.5
segment:line-3-civil-079:0000,civil_segment,line-3-civil-079,line-3,elevated,19087.9,-9.58726051,30.46796611,0..30cm,27.0,16.0,39.0,43.0,18.0,64.0,30.0,17.0,44.0,1460.0,1350.0,1580.0,6.9,2.6,13.7,7.6,7.1,8.1
segment:line-3-civil-079:0000,civil_segment,line-3-civil-079,line-3,elevated,19087.9,-9.58726051,30.46796611,30..60cm,26.0,13.0,41.0,45.0,18.0,72.0,29.0,13.0,46.0,1520.0,1360.0,1660.0,3.3,1.2,6.6,7.7,7.2,8.4
segment:line-3-civil-079:0000,civil_segment,line-3-civil-079,line-3,elevated,19087.9,-9.58726051,30.46796611,60..100cm,26.0,13.0,40.0,46.0,18.0,71.0,28.0,13.0,45.0,1550.0,1380.0,1690.0,2.7,1.2,5.1,7.8,7.0,8.5
segment:line-3-civil-079:0001,civil_segment,line-3-civil-079,line-3,elevated,20066.3,-9.59061158,30.47535966,0..30cm,27.0,14.0,39.0,44.0,20.0,66.0,30.0,15.0,43.0,1450.0,1340.0,1580.0,6.3,3.0,12.2,7.6,7.1,8.1
segment:line-3-civil-079:0001,civil_segment,line-3-civil-079,line-3,elevated,20066.3,-9.59061158,30.47535966,30..60cm,26.0,11.0,41.0,46.0,18.0,77.0,28.0,11.0,45.0,1540.0,1410.0,1690.0,2.9,1.0,6.4,7.7,7.0,8.4
segment:line-3-civil-079:0001,civil_segment,line-3-civil-079,line-3,elevated,20066.3,-9.59061158,30.47535966,60..100cm,26.0,12.0,39.0,46.0,18.0,76.0,28.0,13.0,45.0,1540.0,1310.0,1720.0,2.7,1.3,4.6,7.8,7.0,8.5
segment:line-3-civil-079:0002,civil_segment,line-3-civil-079,line-3,elevated,20089.722,-9.59078399,30.47550858,0..30cm,27.0,14.0,39.0,44.0,20.0,66.0,30.0,15.0,43.0,1450.0,1340.0,1580.0,6.3,3.0,12.2,7.6,7.1,8.1
segment:line-3-civil-079:0002,civil_segment,line-3-civil-079,line-3,elevated,20089.722,-9.59078399,30.47550858,30..60cm,26.0,11.0,41.0,46.0,18.0,77.0,28.0,11.0,45.0,1540.0,1410.0,1690.0,2.9,1.0,6.4,7.7,7.0,8.4
segment:line-3-civil-079:0002,civil_segment,line-3-civil-079,line-3,elevated,20089.722,-9.59078399,30.47550858,60..100cm,26.0,12.0,39.0,46.0,18.0,76.0,28.0,13.0,45.0,1540.0,1310.0,1720.0,2.7,1.3,4.6,7.8,7.0,8.5
segment:line-3-civil-079:0003,civil_segment,line-3-civil-079,line-3,elevated,21044.7,-9.59413538,30.48290242,0..30cm,26.0,14.0,40.0,44.0,16.0,72.0,30.0,14.0,44.0,1440.0,1340.0,1580.0,7.2,3.4,13.9,7.5,7.1,8.0
segment:line-3-civil-079:0003,civil_segment,line-3-civil-079,line-3,elevated,21044.7,-9.59413538,30.48290242,30..60cm,27.0,13.0,41.0,44.0,15.0,71.0,29.0,13.0,45.0,1530.0,1360.0,1660.0,3.5,1.6,6.3,7.7,7.0,8.4
segment:line-3-civil-079:0003,civil_segment,line-3-civil-079,line-3,elevated,21044.7,-9.59413538,30.48290242,60..100cm,27.0,12.0,41.0,44.0,18.0,71.0,29.0,13.0,43.0,1550.0,1360.0,1700.0,3.0,1.6,5.8,7.8,7.0,8.5
segment:line-3-civil-080:0000,civil_segment,line-3-civil-080,line-3,at-grade,21044.7,-9.59413538,30.48290242,0..30cm,26.0,14.0,40.0,44.0,16.0,72.0,30.0,14.0,44.0,1440.0,1340.0,1580.0,7.2,3.4,13.9,7.5,7.1,8.0
segment:line-3-civil-080:0000,civil_segment,line-3-civil-080,line-3,at-grade,21044.7,-9.59413538,30.48290242,30..60cm,27.0,13.0,41.0,44.0,15.0,71.0,29.0,13.0,45.0,1530.0,1360.0,1660.0,3.5,1.6,6.3,7.7,7.0,8.4
segment:line-3-civil-080:0000,civil_segment,line-3-civil-080,line-3,at-grade,21044.7,-9.59413538,30.48290242,60..100cm,27.0,12.0,41.0,44.0,18.0,71.0,29.0,13.0,43.0,1550.0,1360.0,1700.0,3.0,1.6,5.8,7.8,7.0,8.5
segment:line-3-civil-080:0001,civil_segment,line-3-civil-080,line-3,at-grade,22046.901,-9.59621418,30.49043662,0..30cm,26.0,15.0,40.0,44.0,20.0,70.0,29.0,15.0,44.0,1430.0,1290.0,1570.0,7.0,3.4,14.1,7.6,7.1,8.1
segment:line-3-civil-080:0001,civil_segment,line-3-civil-080,line-3,at-grade,22046.901,-9.59621418,30.49043662,30..60cm,26.0,14.0,39.0,46.0,18.0,72.0,28.0,9.0,45.0,1510.0,1310.0,1660.0,3.3,1.2,6.4,7.8,7.0,8.4
segment:line-3-civil-080:0001,civil_segment,line-3-civil-080,line-3,at-grade,22046.901,-9.59621418,30.49043662,60..100cm,25.0,13.0,38.0,48.0,20.0,72.0,27.0,11.0,45.0,1520.0,1310.0,1690.0,2.9,1.4,5.7,7.8,7.0,8.6
segment:line-3-civil-080:0002,civil_segment,line-3-civil-080,line-3,at-grade,22690.95,-9.59621418,30.49623338,0..30cm,27.0,12.0,42.0,44.0,17.0,74.0,30.0,14.0,45.0,1420.0,1250.0,1590.0,7.3,3.3,12.8,7.5,7.1,8.0
segment:line-3-civil-080:0002,civil_segment,line-3-civil-080,line-3,at-grade,22690.95,-9.59621418,30.49623338,30..60cm,27.0,10.0,42.0,45.0,14.0,75.0,28.0,10.0,46.0,1500.0,1300.0,1710.0,3.2,1.3,6.0,7.7,6.9,8.3
segment:line-3-civil-080:0002,civil_segment,line-3-civil-080,line-3,at-grade,22690.95,-9.59621418,30.49623338,60..100cm,26.0,10.0,40.0,46.0,14.0,75.0,28.0,11.0,46.0,1530.0,1300.0,1700.0,3.2,1.6,5.8,7.8,7.0,8.6
segment:line-3-civil-080:0003,civil_segment,line-3-civil-080,line-3,at-grade,23049.103,-9.59621418,30.49945693,0..30cm,25.0,10.0,39.0,46.0,17.0,75.0,29.0,11.0,42.0,1360.0,1210.0,1520.0,9.4,5.0,16.6,7.5,6.8,8.0
segment:line-3-civil-080:0003,civil_segment,line-3-civil-080,line-3,at-grade,23049.103,-9.59621418,30.49945693,30..60cm,25.0,8.0,40.0,49.0,14.0,75.0,26.0,6.0,46.0,1460.0,1250.0,1630.0,3.9,1.7,7.1,7.6,6.9,8.4
segment:line-3-civil-080:0003,civil_segment,line-3-civil-080,line-3,at-grade,23049.103,-9.59621418,30.49945693,60..100cm,24.0,8.0,39.0,49.0,15.0,78.0,26.0,6.0,43.0,1510.0,1310.0,1680.0,3.2,1.5,5.8,7.8,7.0,8.5
segment:line-3-civil-080:0004,civil_segment,line-3-civil-080,line-3,at-grade,24051.304,-9.59330605,30.50665381,0..30cm,27.0,12.0,43.0,44.0,19.0,75.0,29.0,13.0,43.0,1410.0,1270.0,1540.0,7.0,3.2,12.1,7.7,7.0,8.2
segment:line-3-civil-080:0004,civil_segment,line-3-civil-080,line-3,at-grade,24051.304,-9.59330605,30.50665381,30..60cm,27.0,12.0,43.0,45.0,14.0,76.0,28.0,11.0,46.0,1490.0,1330.0,1630.0,3.1,1.1,7.2,7.9,7.3,8.5
segment:line-3-civil-080:0004,civil_segment,line-3-civil-080,line-3,at-grade,24051.304,-9.59330605,30.50665381,60..100cm,27.0,12.0,45.0,46.0,16.0,75.0,28.0,11.0,46.0,1500.0,1310.0,1660.0,2.8,1.3,5.2,8.0,7.2,8.7
segment:line-3-civil-080:0005,civil_segment,line-3-civil-080,line-3,at-grade,24337.2,-9.59204698,30.50809354,0..30cm,27.0,13.0,44.0,44.0,19.0,74.0,29.0,14.0,43.0,1420.0,1310.0,1550.0,7.1,3.6,13.3,7.6,7.1,8.1
segment:line-3-civil-080:0005,civil_segment,line-3-civil-080,line-3,at-grade,24337.2,-9.59204698,30.50809354,30..60cm,28.0,13.0,43.0,43.0,16.0,75.0,29.0,11.0,45.0,1510.0,1350.0,1640.0,3.5,1.5,7.0,7.8,7.3,8.3
segment:line-3-civil-080:0005,civil_segment,line-3-civil-080,line-3,at-grade,24337.2,-9.59204698,30.50809354,60..100cm,27.0,12.0,44.0,44.0,18.0,72.0,29.0,11.0,44.0,1530.0,1340.0,1680.0,3.0,1.5,5.2,7.9,7.2,8.7
segment:line-4-civil-081:0000,civil_segment,line-4-civil-081,line-4,elevated,0.0,-9.54162384,30.36034131,0..30cm,20.0,6.0,30.0,59.0,39.0,84.0,20.0,8.0,36.0,1440.0,1220.0,1620.0,6.5,3.2,12.4,7.7,7.2,8.4
segment:line-4-civil-081:0000,civil_segment,line-4-civil-081,line-4,elevated,0.0,-9.54162384,30.36034131,30..60cm,21.0,6.0,37.0,59.0,35.0,86.0,19.0,3.0,36.0,1550.0,1360.0,1770.0,3.6,1.3,7.0,7.9,7.2,8.7
segment:line-4-civil-081:0000,civil_segment,line-4-civil-081,line-4,elevated,0.0,-9.54162384,30.36034131,60..100cm,21.0,6.0,38.0,60.0,33.0,89.0,19.0,3.0,36.0,1560.0,1340.0,1790.0,3.2,1.3,6.9,7.9,7.2,8.7
segment:line-4-civil-081:0001,civil_segment,line-4-civil-081,line-4,elevated,10.0,-9.54162384,30.36025142,0..30cm,20.0,6.0,30.0,59.0,39.0,84.0,20.0,8.0,36.0,1440.0,1220.0,1620.0,6.5,3.2,12.4,7.7,7.2,8.4
segment:line-4-civil-081:0001,civil_segment,line-4-civil-081,line-4,elevated,10.0,-9.54162384,30.36025142,30..60cm,21.0,6.0,37.0,59.0,35.0,86.0,19.0,3.0,36.0,1550.0,1360.0,1770.0,3.6,1.3,7.0,7.9,7.2,8.7
segment:line-4-civil-081:0001,civil_segment,line-4-civil-081,line-4,elevated,10.0,-9.54162384,30.36025142,60..100cm,21.0,6.0,38.0,60.0,33.0,89.0,19.0,3.0,36.0,1560.0,1340.0,1790.0,3.2,1.3,6.9,7.9,7.2,8.7
segment:line-4-civil-081:0002,civil_segment,line-4-civil-081,line-4,elevated,20.0,-9.54162384,30.36016152,0..30cm,20.0,6.0,30.0,59.0,39.0,84.0,20.0,8.0,36.0,1440.0,1220.0,1620.0,6.5,3.2,12.4,7.7,7.2,8.4
segment:line-4-civil-081:0002,civil_segment,line-4-civil-081,line-4,elevated,20.0,-9.54162384,30.36016152,30..60cm,21.0,6.0,37.0,59.0,35.0,86.0,19.0,3.0,36.0,1550.0,1360.0,1770.0,3.6,1.3,7.0,7.9,7.2,8.7
segment:line-4-civil-081:0002,civil_segment,line-4-civil-081,line-4,elevated,20.0,-9.54162384,30.36016152,60..100cm,21.0,6.0,38.0,60.0,33.0,89.0,19.0,3.0,36.0,1560.0,1340.0,1790.0,3.2,1.3,6.9,7.9,7.2,8.7
segment:line-4-civil-082:0000,civil_segment,line-4-civil-082,line-4,elevated,20.0,-9.54162384,30.36016152,0..30cm,20.0,6.0,30.0,59.0,39.0,84.0,20.0,8.0,36.0,1440.0,1220.0,1620.0,6.5,3.2,12.4,7.7,7.2,8.4
segment:line-4-civil-082:0000,civil_segment,line-4-civil-082,line-4,elevated,20.0,-9.54162384,30.36016152,30..60cm,21.0,6.0,37.0,59.0,35.0,86.0,19.0,3.0,36.0,1550.0,1360.0,1770.0,3.6,1.3,7.0,7.9,7.2,8.7
segment:line-4-civil-082:0000,civil_segment,line-4-civil-082,line-4,elevated,20.0,-9.54162384,30.36016152,60..100cm,21.0,6.0,38.0,60.0,33.0,89.0,19.0,3.0,36.0,1560.0,1340.0,1790.0,3.2,1.3,6.9,7.9,7.2,8.7
segment:line-4-civil-082:0001,civil_segment,line-4-civil-082,line-4,elevated,68.3,-9.54168494,30.35974863,0..30cm,21.0,7.0,34.0,58.0,36.0,81.0,21.0,8.0,38.0,1420.0,1230.0,1610.0,6.9,3.5,12.4,7.7,7.2,8.3
segment:line-4-civil-082:0001,civil_segment,line-4-civil-082,line-4,elevated,68.3,-9.54168494,30.35974863,30..60cm,22.0,6.0,37.0,58.0,32.0,86.0,20.0,3.0,38.0,1540.0,1310.0,1790.0,4.0,1.3,8.0,7.9,7.2,8.7
segment:line-4-civil-082:0001,civil_segment,line-4-civil-082,line-4,elevated,68.3,-9.54168494,30.35974863,60..100cm,22.0,6.0,38.0,58.0,25.0,88.0,19.0,3.0,38.0,1550.0,1310.0,1810.0,3.3,1.0,7.1,8.0,7.2,8.8
segment:line-4-civil-082:0002,civil_segment,line-4-civil-082,line-4,elevated,116.6,-9.54204027,30.35944173,0..30cm,21.0,7.0,31.0,57.0,37.0,78.0,22.0,11.0,36.0,1390.0,1180.0,1570.0,4.9,2.2,9.7,7.8,7.2,8.4
segment:line-4-civil-082:0002,civil_segment,line-4-civil-082,line-4,elevated,116.6,-9.54204027,30.35944173,30..60cm,22.0,7.0,34.0,58.0,35.0,82.0,20.0,3.0,34.0,1490.0,1300.0,1660.0,2.7,1.2,5.2,8.0,7.4,8.8
segment:line-4-civil-082:0002,civil_segment,line-4-civil-082,line-4,elevated,116.6,-9.54204027,30.35944173,60..100cm,22.0,7.0,36.0,59.0,35.0,87.0,19.0,2.0,34.0,1510.0,1310.0,1650.0,2.6,1.0,5.9,8.0,7.1,8.9
segment:line-4-civil-083:0000,civil_segment,line-4-civil-083,line-4,elevated,116.6,-9.54204027,30.35944173,0..30cm,21.0,7.0,31.0,57.0,37.0,78.0,22.0,11.0,36.0,1390.0,1180.0,1570.0,4.9,2.2,9.7,7.8,7.2,8.4
segment:line-4-civil-083:0000,civil_segment,line-4-civil-083,line-4,elevated,116.6,-9.54204027,30.35944173,30..60cm,22.0,7.0,34.0,58.0,35.0,82.0,20.0,3.0,34.0,1490.0,1300.0,1660.0,2.7,1.2,5.2,8.0,7.4,8.8
segment:line-4-civil-083:0000,civil_segment,line-4-civil-083,line-4,elevated,116.6,-9.54204027,30.35944173,60..100cm,22.0,7.0,36.0,59.0,35.0,87.0,19.0,2.0,34.0,1510.0,1310.0,1650.0,2.6,1.0,5.9,8.0,7.1,8.9
segment:line-4-civil-083:0001,civil_segment,line-4-civil-083,line-4,elevated,413.55,-9.54422733,30.35755271,0..30cm,21.0,7.0,34.0,57.0,37.0,80.0,22.0,8.0,36.0,1430.0,1210.0,1620.0,6.2,3.6,10.4,7.7,7.2,8.4
segment:line-4-civil-083:0001,civil_segment,line-4-civil-083,line-4,elevated,413.55,-9.54422733,30.35755271,30..60cm,22.0,7.0,36.0,58.0,31.0,82.0,19.0,3.0,37.0,1540.0,1360.0,1760.0,3.3,1.4,6.6,7.9,7.1,8.7
segment:line-4-civil-083:0001,civil_segment,line-4-civil-083,line-4,elevated,413.55,-9.54422733,30.35755271,60..100cm,22.0,7.0,37.0,59.0,31.0,89.0,19.0,1.0,36.0,1550.0,1340.0,1790.0,2.9,1.0,6.1,7.9,7.2,8.6
segment:line-4-civil-083:0002,civil_segment,line-4-civil-083,line-4,elevated,710.5,-9.54641438,30.3556637,0..30cm,22.0,8.0,32.0,56.0,39.0,81.0,22.0,8.0,36.0,1390.0,1160.0,1570.0,5.3,2.1,10.5,7.8,7.2,8.4
segment:line-4-civil-083:0002,civil_segment,line-4-civil-083,line-4,elevated,710.5,-9.54641438,30.3556637,30..60cm,24.0,8.0,36.0,56.0,32.0,80.0,21.0,4.0,37.0,1500.0,1310.0,1670.0,2.6,1.4,5.2,8.0,7.2,8.8
segment:line-4-civil-083:0002,civil_segment,line-4-civil-083,line-4,elevated,710.5,-9.54641438,30.3556637,60..100cm,24.0,8.0,36.0,56.0,33.0,85.0,20.0,2.0,36.0,1520.0,1310.0,1650.0,2.4,1.0,5.2,8.0,7.0,8.9
segment:line-4-civil-084:0000,civil_segment,line-4-civil-084,line-4,at-grade,710.5,-9.54641438,30.3556637,0..30cm,22.0,8.0,32.0,56.0,39.0,81.0,22.0,8.0,36.0,1390.0,1160.0,1570.0,5.3,2.1,10.5,7.8,7.2,8.4
segment:line-4-civil-084:0000,civil_segment,line-4-civil-084,line-4,at-grade,710.5,-9.54641438,30.3556637,30..60cm,24.0,8.0,36.0,56.0,32.0,80.0,21.0,4.0,37.0,1500.0,1310.0,1670.0,2.6,1.4,5.2,8.0,7.2,8.8
segment:line-4-civil-084:0000,civil_segment,line-4-civil-084,line-4,at-grade,710.5,-9.54641438,30.3556637,60..100cm,24.0,8.0,36.0,56.0,33.0,85.0,20.0,2.0,36.0,1520.0,1310.0,1650.0,2.4,1.0,5.2,8.0,7.0,8.9
segment:line-4-civil-084:0001,civil_segment,line-4-civil-084,line-4,at-grade,767.1,-9.54683124,30.35530364,0..30cm,22.0,8.0,32.0,56.0,39.0,81.0,22.0,8.0,36.0,1390.0,1160.0,1570.0,5.3,2.1,10.5,7.8,7.2,8.4
segment:line-4-civil-084:0001,civil_segment,line-4-civil-084,line-4,at-grade,767.1,-9.54683124,30.35530364,30..60cm,24.0,8.0,36.0,56.0,32.0,80.0,21.0,4.0,37.0,1500.0,1310.0,1670.0,2.6,1.4,5.2,8.0,7.2,8.8
segment:line-4-civil-084:0001,civil_segment,line-4-civil-084,line-4,at-grade,767.1,-9.54683124,30.35530364,60..100cm,24.0,8.0,36.0,56.0,33.0,85.0,20.0,2.0,36.0,1520.0,1310.0,1650.0,2.4,1.0,5.2,8.0,7.0,8.9
segment:line-4-civil-084:0002,civil_segment,line-4-civil-084,line-4,at-grade,823.7,-9.5472481,30.35494359,0..30cm,21.0,7.0,32.0,57.0,39.0,82.0,21.0,8.0,36.0,1410.0,1160.0,1600.0,4.1,2.0,7.0,7.8,7.2,8.4
segment:line-4-civil-084:0002,civil_segment,line-4-civil-084,line-4,at-grade,823.7,-9.5472481,30.35494359,30..60cm,23.0,7.0,35.0,58.0,33.0,82.0,20.0,3.0,36.0,1550.0,1320.0,1760.0,2.8,1.2,5.9,8.0,7.2,8.8
segment:line-4-civil-084:0002,civil_segment,line-4-civil-084,line-4,at-grade,823.7,-9.5472481,30.35494359,60..100cm,23.0,7.0,35.0,58.0,33.0,87.0,19.0,1.0,36.0,1570.0,1350.0,1790.0,2.0,0.8,3.9,8.0,7.2,8.9
segment:line-4-civil-085:0000,civil_segment,line-4-civil-085,line-4,elevated,823.7,-9.5472481,30.35494359,0..30cm,21.0,7.0,32.0,57.0,39.0,82.0,21.0,8.0,36.0,1410.0,1160.0,1600.0,4.1,2.0,7.0,7.8,7.2,8.4
segment:line-4-civil-085:0000,civil_segment,line-4-civil-085,line-4,elevated,823.7,-9.5472481,30.35494359,30..60cm,23.0,7.0,35.0,58.0,33.0,82.0,20.0,3.0,36.0,1550.0,1320.0,1760.0,2.8,1.2,5.9,8.0,7.2,8.8
segment:line-4-civil-085:0000,civil_segment,line-4-civil-085,line-4,elevated,823.7,-9.5472481,30.35494359,60..100cm,23.0,7.0,35.0,58.0,33.0,87.0,19.0,1.0,36.0,1570.0,1350.0,1790.0,2.0,0.8,3.9,8.0,7.2,8.9
segment:line-4-civil-085:0001,civil_segment,line-4-civil-085,line-4,elevated,837.85,-9.54735232,30.35485357,0..30cm,21.0,7.0,32.0,57.0,39.0,82.0,21.0,8.0,36.0,1410.0,1160.0,1600.0,4.1,2.0,7.0,7.8,7.2,8.4
segment:line-4-civil-085:0001,civil_segment,line-4-civil-085,line-4,elevated,837.85,-9.54735232,30.35485357,30..60cm,23.0,7.0,35.0,58.0,33.0,82.0,20.0,3.0,36.0,1550.0,1320.0,1760.0,2.8,1.2,5.9,8.0,7.2,8.8
segment:line-4-civil-085:0001,civil_segment,line-4-civil-085,line-4,elevated,837.85,-9.54735232,30.35485357,60..100cm,23.0,7.0,35.0,58.0,33.0,87.0,19.0,1.0,36.0,1570.0,1350.0,1790.0,2.0,0.8,3.9,8.0,7.2,8.9
segment:line-4-civil-085:0002,civil_segment,line-4-civil-085,line-4,elevated,852.0,-9.54745653,30.35476356,0..30cm,21.0,7.0,32.0,57.0,39.0,82.0,21.0,8.0,36.0,1410.0,1160.0,1600.0,4.1,2.0,7.0,7.8,7.2,8.4
segment:line-4-civil-085:0002,civil_segment,line-4-civil-085,line-4,elevated,852.0,-9.54745653,30.35476356,30..60cm,23.0,7.0,35.0,58.0,33.0,82.0,20.0,3.0,36.0,1550.0,1320.0,1760.0,2.8,1.2,5.9,8.0,7.2,8.8
segment:line-4-civil-085:0002,civil_segment,line-4-civil-085,line-4,elevated,852.0,-9.54745653,30.35476356,60..100cm,23.0,7.0,35.0,58.0,33.0,87.0,19.0,1.0,36.0,1570.0,1350.0,1790.0,2.0,0.8,3.9,8.0,7.2,8.9
segment:line-4-civil-086:0000,civil_segment,line-4-civil-086,line-4,at-grade,852.0,-9.54745653,30.35476356,0..30cm,21.0,7.0,32.0,57.0,39.0,82.0,21.0,8.0,36.0,1410.0,1160.0,1600.0,4.1,2.0,7.0,7.8,7.2,8.4
segment:line-4-civil-086:0000,civil_segment,line-4-civil-086,line-4,at-grade,852.0,-9.54745653,30.35476356,30..60cm,23.0,7.0,35.0,58.0,33.0,82.0,20.0,3.0,36.0,1550.0,1320.0,1760.0,2.8,1.2,5.9,8.0,7.2,8.8
segment:line-4-civil-086:0000,civil_segment,line-4-civil-086,line-4,at-grade,852.0,-9.54745653,30.35476356,60..100cm,23.0,7.0,35.0,58.0,33.0,87.0,19.0,1.0,36.0,1570.0,1350.0,1790.0,2.0,0.8,3.9,8.0,7.2,8.9
segment:line-4-civil-086:0001,civil_segment,line-4-civil-086,line-4,at-grade,1558.95,-9.54870808,30.34885173,0..30cm,22.0,6.0,32.0,54.0,37.0,78.0,24.0,10.0,36.0,1410.0,1210.0,1590.0,3.8,1.7,6.6,7.8,7.2,8.4
segment:line-4-civil-086:0001,civil_segment,line-4-civil-086,line-4,at-grade,1558.95,-9.54870808,30.34885173,30..60cm,23.0,7.0,36.0,55.0,34.0,80.0,22.0,9.0,37.0,1530.0,1330.0,1720.0,2.7,1.3,4.9,8.0,7.2,8.8
segment:line-4-civil-086:0001,civil_segment,line-4-civil-086,line-4,at-grade,1558.95,-9.54870808,30.34885173,60..100cm,23.0,7.0,38.0,56.0,33.0,82.0,22.0,7.0,38.0,1530.0,1310.0,1750.0,1.8,0.7,3.4,8.0,7.2,8.9
segment:line-4-civil-086:0002,civil_segment,line-4-civil-086,line-4,at-grade,1854.254,-9.54861819,30.34622631,0..30cm,22.0,7.0,32.0,54.0,32.0,78.0,24.0,9.0,39.0,1410.0,1210.0,1590.0,3.9,1.8,7.8,7.8,7.2,8.3
segment:line-4-civil-086:0002,civil_segment,line-4-civil-086,line-4,at-grade,1854.254,-9.54861819,30.34622631,30..60cm,23.0,8.0,37.0,54.0,30.0,82.0,23.0,9.0,39.0,1560.0,1380.0,1710.0,2.4,1.2,4.7,8.0,7.2,8.9
segment:line-4-civil-086:0002,civil_segment,line-4-civil-086,line-4,at-grade,1854.254,-9.54861819,30.34622631,60..100cm,23.0,7.0,37.0,54.0,27.0,82.0,23.0,8.0,42.0,1570.0,1380.0,1750.0,1.5,0.6,2.6,8.0,7.2,9.0
segment:line-4-civil-086:0003,civil_segment,line-4-civil-086,line-4,at-grade,2265.9,-9.54559142,30.34361201,0..30cm,22.0,7.0,34.0,54.0,35.0,78.0,24.0,8.0,35.0,1420.0,1230.0,1580.0,4.0,2.1,6.3,7.9,7.3,8.4
segment:line-4-civil-086:0003,civil_segment,line-4-civil-086,line-4,at-grade,2265.9,-9.54559142,30.34361201,30..60cm,23.0,8.0,37.0,53.0,29.0,79.0,24.0,8.0,39.0,1540.0,1380.0,1670.0,2.6,1.4,4.8,8.1,7.2,8.9
segment:line-4-civil-086:0003,civil_segment,line-4-civil-086,line-4,at-grade,2265.9,-9.54559142,30.34361201,60..100cm,23.0,8.0,37.0,55.0,31.0,84.0,23.0,5.0,41.0,1550.0,1390.0,1710.0,1.6,0.6,2.9,8.1,7.4,9.0
segment:line-4-civil-087:0000,civil_segment,line-4-civil-087,line-4,bridge,2265.9,-9.54559142,30.34361201,0..30cm,22.0,7.0,34.0,54.0,35.0,78.0,24.0,8.0,35.0,1420.0,1230.0,1580.0,4.0,2.1,6.3,7.9,7.3,8.4
segment:line-4-civil-087:0000,civil_segment,line-4-civil-087,line-4,bridge,2265.9,-9.54559142,30.34361201,30..60cm,23.0,8.0,37.0,53.0,29.0,79.0,24.0,8.0,39.0,1540.0,1380.0,1670.0,2.6,1.4,4.8,8.1,7.2,8.9
segment:line-4-civil-087:0000,civil_segment,line-4-civil-087,line-4,bridge,2265.9,-9.54559142,30.34361201,60..100cm,23.0,8.0,37.0,55.0,31.0,84.0,23.0,5.0,41.0,1550.0,1390.0,1710.0,1.6,0.6,2.9,8.1,7.4,9.0
segment:line-4-civil-087:0001,civil_segment,line-4-civil-087,line-4,bridge,2605.35,-9.54309133,30.34145262,0..30cm,21.0,6.0,31.0,57.0,36.0,84.0,23.0,8.0,35.0,1420.0,1210.0,1590.0,4.6,2.2,8.2,7.9,7.3,8.5
segment:line-4-civil-087:0001,civil_segment,line-4-civil-087,line-4,bridge,2605.35,-9.54309133,30.34145262,30..60cm,22.0,6.0,32.0,55.0,30.0,84.0,23.0,5.0,41.0,1540.0,1380.0,1700.0,2.8,1.4,5.0,8.2,7.5,8.9
segment:line-4-civil-087:0001,civil_segment,line-4-civil-087,line-4,bridge,2605.35,-9.54309133,30.34145262,60..100cm,22.0,7.0,37.0,55.0,27.0,87.0,23.0,5.0,45.0,1550.0,1400.0,1750.0,2.4,1.0,4.7,8.2,7.5,9.1
segment:line-4-civil-087:0002,civil_segment,line-4-civil-087,line-4,bridge,2944.8,-9.54140623,30.33929326,0..30cm,22.0,9.0,32.0,54.0,35.0,79.0,23.0,8.0,39.0,1410.0,1190.0,1600.0,5.6,2.8,11.9,7.9,7.4,8.4
segment:line-4-civil-087:0002,civil_segment,line-4-civil-087,line-4,bridge,2944.8,-9.54140623,30.33929326,30..60cm,23.0,8.0,35.0,53.0,33.0,82.0,24.0,7.0,39.0,1540.0,1300.0,1790.0,3.3,1.5,6.3,8.1,7.2,8.8
segment:line-4-civil-087:0002,civil_segment,line-4-civil-087,line-4,bridge,2944.8,-9.54140623,30.33929326,60..100cm,23.0,7.0,37.0,53.0,25.0,82.0,24.0,7.0,42.0,1550.0,1260.0,1810.0,2.7,1.0,5.6,8.1,7.5,8.9
segment:line-4-civil-088:0000,civil_segment,line-4-civil-088,line-4,at-grade,2944.8,-9.54140623,30.33929326,0..30cm,22.0,9.0,32.0,54.0,35.0,79.0,23.0,8.0,39.0,1410.0,1190.0,1600.0,5.6,2.8,11.9,7.9,7.4,8.4
segment:line-4-civil-088:0000,civil_segment,line-4-civil-088,line-4,at-grade,2944.8,-9.54140623,30.33929326,30..60cm,23.0,8.0,35.0,53.0,33.0,82.0,24.0,7.0,39.0,1540.0,1300.0,1790.0,3.3,1.5,6.3,8.1,7.2,8.8
segment:line-4-civil-088:0000,civil_segment,line-4-civil-088,line-4,at-grade,2944.8,-9.54140623,30.33929326,60..100cm,23.0,7.0,37.0,53.0,25.0,82.0,24.0,7.0,42.0,1550.0,1260.0,1810.0,2.7,1.0,5.6,8.1,7.5,8.9
segment:line-4-civil-088:0001,civil_segment,line-4-civil-088,line-4,at-grade,3555.5,-9.53549332,30.33838544,0..30cm,23.0,9.0,32.0,53.0,35.0,76.0,24.0,9.0,36.0,1410.0,1210.0,1610.0,4.9,2.4,7.9,7.9,7.5,8.5
segment:line-4-civil-088:0001,civil_segment,line-4-civil-088,line-4,at-grade,3555.5,-9.53549332,30.33838544,30..60cm,23.0,9.0,36.0,53.0,34.0,77.0,24.0,10.0,39.0,1530.0,1290.0,1790.0,3.4,1.9,6.4,8.0,7.2,8.8
segment:line-4-civil-088:0001,civil_segment,line-4-civil-088,line-4,at-grade,3555.5,-9.53549332,30.33838544,60..100cm,23.0,8.0,37.0,52.0,33.0,77.0,24.0,8.0,38.0,1540.0,1220.0,1800.0,2.7,1.3,6.1,8.1,7.5,8.9
segment:line-4-civil-088:0002,civil_segment,line-4-civil-088,line-4,at-grade,3942.825,-9.53145731,30.33838544,0..30cm,20.0,9.0,30.0,58.0,35.0,84.0,22.0,6.0,34.0,1450.0,1250.0,1630.0,5.9,3.1,10.2,7.9,7.3,8.3
segment:line-4-civil-088:0002,civil_segment,line-4-civil-088,line-4,at-grade,3942.825,-9.53145731,30.33838544,30..60cm,21.0,9.0,32.0,57.0,34.0,84.0,22.0,5.0,38.0,1550.0,1380.0,1760.0,3.4,1.6,6.2,8.1,7.5,8.7
segment:line-4-civil-088:0002,civil_segment,line-4-civil-088,line-4,at-grade,3942.825,-9.53145731,30.33838544,60..100cm,20.0,7.0,33.0,58.0,33.0,85.0,22.0,4.0,38.0,1550.0,1350.0,1790.0,3.1,1.2,5.9,8.1,7.5,8.9
segment:line-4-civil-088:0003,civil_segment,line-4-civil-088,line-4,at-grade,4166.2,-9.5291297,30.33838544,0..30cm,20.0,7.0,30.0,57.0,35.0,82.0,23.0,8.0,34.0,1450.0,1270.0,1650.0,6.2,2.9,11.2,7.8,7.4,8.2
segment:line-4-civil-088:0003,civil_segment,line-4-civil-088,line-4,at-grade,4166.2,-9.5291297,30.33838544,30..60cm,21.0,9.0,32.0,57.0,34.0,82.0,22.0,4.0,39.0,1540.0,1400.0,1760.0,3.5,1.6,7.7,8.0,7.3,8.7
segment:line-4-civil-088:0003,civil_segment,line-4-civil-088,line-4,at-grade,4166.2,-9.5291297,30.33838544,60..100cm,21.0,7.0,33.0,58.0,31.0,86.0,22.0,4.0,38.0,1520.0,1300.0,1790.0,3.2,1.3,6.4,8.1,7.6,8.8
segment:line-4-civil-089:0000,civil_segment,line-4-civil-089,line-4,elevated,4166.2,-9.5291297,30.33838544,0..30cm,20.0,7.0,30.0,57.0,35.0,82.0,23.0,8.0,34.0,1450.0,1270.0,1650.0,6.2,2.9,11.2,7.8,7.4,8.2
segment:line-4-civil-089:0000,civil_segment,line-4-civil-089,line-4,elevated,4166.2,-9.5291297,30.33838544,30..60cm,21.0,9.0,32.0,57.0,34.0,82.0,22.0,4.0,39.0,1540.0,1400.0,1760.0,3.5,1.6,7.7,8.0,7.3,8.7
segment:line-4-civil-089:0000,civil_segment,line-4-civil-089,line-4,elevated,4166.2,-9.5291297,30.33838544,60..100cm,21.0,7.0,33.0,58.0,31.0,86.0,22.0,4.0,38.0,1520.0,1300.0,1790.0,3.2,1.3,6.4,8.1,7.6,8.8
segment:line-4-civil-089:0001,civil_segment,line-4-civil-089,line-4,elevated,4286.2,-9.52787885,30.33838544,0..30cm,19.0,8.0,28.0,59.0,37.0,82.0,22.0,8.0,34.0,1450.0,1290.0,1620.0,4.5,2.4,7.7,7.9,7.4,8.4
segment:line-4-civil-089:0001,civil_segment,line-4-civil-089,line-4,elevated,4286.2,-9.52787885,30.33838544,30..60cm,20.0,8.0,31.0,58.0,35.0,84.0,22.0,5.0,38.0,1570.0,1430.0,1700.0,2.7,1.3,5.0,8.1,7.5,8.8
segment:line-4-civil-089:0001,civil_segment,line-4-civil-089,line-4,elevated,4286.2,-9.52787885,30.33838544,60..100cm,20.0,8.0,33.0,58.0,32.0,86.0,21.0,5.0,41.0,1590.0,1430.0,1780.0,1.9,0.8,3.0,8.1,7.5,8.8
segment:line-4-civil-089:0002,civil_segment,line-4-civil-089,line-4,elevated,4406.2,-9.52662801,30.33838544,0..30cm,18.0,5.0,27.0,61.0,37.0,88.0,21.0,6.0,34.0,1460.0,1290.0,1630.0,5.4,2.4,9.4,7.8,7.4,8.4
segment:line-4-civil-089:0002,civil_segment,line-4-civil-089,line-4,elevated,4406.2,-9.52662801,30.33838544,30..60cm,19.0,6.0,31.0,60.0,31.0,86.0,21.0,5.0,38.0,1570.0,1440.0,1710.0,3.1,1.6,5.4,8.1,7.4,8.8
segment:line-4-civil-089:0002,civil_segment,line-4-civil-089,line-4,elevated,4406.2,-9.52662801,30.33838544,60..100cm,19.0,6.0,33.0,60.0,31.0,88.0,21.0,5.0,38.0,1610.0,1440.0,1790.0,2.8,1.3,5.9,8.1,7.5,8.9
segment:line-4-civil-090:0000,civil_segment,line-4-civil-090,line-4,elevated,4406.2,-9.52662801,30.33838544,0..30cm,18.0,5.0,27.0,61.0,37.0,88.0,21.0,6.0,34.0,1460.0,1290.0,1630.0,5.4,2.4,9.4,7.8,7.4,8.4
segment:line-4-civil-090:0000,civil_segment,line-4-civil-090,line-4,elevated,4406.2,-9.52662801,30.33838544,30..60cm,19.0,6.0,31.0,60.0,31.0,86.0,21.0,5.0,38.0,1570.0,1440.0,1710.0,3.1,1.6,5.4,8.1,7.4,8.8
segment:line-4-civil-090:0000,civil_segment,line-4-civil-090,line-4,elevated,4406.2,-9.52662801,30.33838544,60..100cm,19.0,6.0,33.0,60.0,31.0,88.0,21.0,5.0,38.0,1610.0,1440.0,1790.0,2.8,1.3,5.9,8.1,7.5,8.9
segment:line-4-civil-090:0001,civil_segment,line-4-civil-090,line-4,elevated,4464.45,-9.52602167,30.33838544,0..30cm,18.0,5.0,27.0,61.0,37.0,88.0,21.0,6.0,34.0,1460.0,1290.0,1630.0,5.4,2.4,9.4,7.8,7.4,8.4
segment:line-4-civil-090:0001,civil_segment,line-4-civil-090,line-4,elevated,4464.45,-9.52602167,30.33838544,30..60cm,19.0,6.0,31.0,60.0,31.0,86.0,21.0,5.0,38.0,1570.0,1440.0,1710.0,3.1,1.6,5.4,8.1,7.4,8.8
segment:line-4-civil-090:0001,civil_segment,line-4-civil-090,line-4,elevated,4464.45,-9.52602167,30.33838544,60..100cm,19.0,6.0,33.0,60.0,31.0,88.0,21.0,5.0,38.0,1610.0,1440.0,1790.0,2.8,1.3,5.9,8.1,7.5,8.9
segment:line-4-civil-090:0002,civil_segment,line-4-civil-090,line-4,elevated,4522.7,-9.52558477,30.33874135,0..30cm,19.0,7.0,27.0,60.0,38.0,84.0,21.0,6.0,34.0,1450.0,1290.0,1630.0,4.7,2.3,7.7,7.9,7.4,8.4
segment:line-4-civil-090:0002,civil_segment,line-4-civil-090,line-4,elevated,4522.7,-9.52558477,30.33874135,30..60cm,20.0,6.0,31.0,58.0,34.0,84.0,22.0,5.0,38.0,1570.0,1440.0,1700.0,2.8,1.5,4.9,8.2,7.4,8.8
segment:line-4-civil-090:0002,civil_segment,line-4-civil-090,line-4,elevated,4522.7,-9.52558477,30.33874135,60..100cm,20.0,7.0,33.0,58.0,33.0,87.0,22.0,5.0,38.0,1590.0,1400.0,1780.0,2.3,1.2,3.7,8.2,7.6,8.9
segment:line-4-civil-091:0000,civil_segment,line-4-civil-091,line-4,elevated,4522.7,-9.52558477,30.33874135,0..30cm,19.0,7.0,27.0,60.0,38.0,84.0,21.0,6.0,34.0,1450.0,1290.0,1630.0,4.7,2.3,7.7,7.9,7.4,8.4
segment:line-4-civil-091:0000,civil_segment,line-4-civil-091,line-4,elevated,4522.7,-9.52558477,30.33874135,30..60cm,20.0,6.0,31.0,58.0,34.0,84.0,22.0,5.0,38.0,1570.0,1440.0,1700.0,2.8,1.5,4.9,8.2,7.4,8.8
segment:line-4-civil-091:0000,civil_segment,line-4-civil-091,line-4,elevated,4522.7,-9.52558477,30.33874135,60..100cm,20.0,7.0,33.0,58.0,33.0,87.0,22.0,5.0,38.0,1590.0,1400.0,1780.0,2.3,1.2,3.7,8.2,7.6,8.9
segment:line-4-civil-091:0001,civil_segment,line-4-civil-091,line-4,elevated,4961.15,-9.52235559,30.34153048,0..30cm,20.0,5.0,30.0,58.0,36.0,86.0,22.0,6.0,34.0,1430.0,1230.0,1620.0,5.0,2.5,8.4,7.9,7.4,8.4
segment:line-4-civil-091:0001,civil_segment,line-4-civil-091,line-4,elevated,4961.15,-9.52235559,30.34153048,30..60cm,21.0,6.0,33.0,57.0,31.0,86.0,22.0,5.0,38.0,1540.0,1390.0,1670.0,3.1,1.5,5.9,8.1,7.5,8.6
segment:line-4-civil-091:0001,civil_segment,line-4-civil-091,line-4,elevated,4961.15,-9.52235559,30.34153048,60..100cm,21.0,6.0,35.0,57.0,29.0,88.0,22.0,4.0,38.0,1580.0,1400.0,1770.0,2.4,1.2,4.3,8.1,7.5,8.8
segment:line-4-civil-091:0002,civil_segment,line-4-civil-091,line-4,elevated,5399.6,-9.51912635,30.34431966,0..30cm,21.0,7.0,31.0,56.0,38.0,78.0,23.0,9.0,34.0,1430.0,1290.0,1590.0,3.6,1.9,6.3,8.0,7.4,8.5
segment:line-4-civil-091:0002,civil_segment,line-4-civil-091,line-4,elevated,5399.6,-9.51912635,30.34431966,30..60cm,22.0,9.0,33.0,56.0,35.0,80.0,23.0,8.0,38.0,1560.0,1400.0,1710.0,2.6,1.4,4.8,8.2,7.5,8.9
segment:line-4-civil-091:0002,civil_segment,line-4-civil-091,line-4,elevated,5399.6,-9.51912635,30.34431966,60..100cm,21.0,8.0,35.0,56.0,32.0,83.0,22.0,7.0,39.0,1580.0,1400.0,1780.0,1.9,0.7,3.4,8.2,7.5,9.0
segment:line-4-civil-092:0000,civil_segment,line-4-civil-092,line-4,elevated,5399.6,-9.51912635,30.34431966,0..30cm,21.0,7.0,31.0,56.0,38.0,78.0,23.0,9.0,34.0,1430.0,1290.0,1590.0,3.6,1.9,6.3,8.0,7.4,8.5
segment:line-4-civil-092:0000,civil_segment,line-4-civil-092,line-4,elevated,5399.6,-9.51912635,30.34431966,30..60cm,22.0,9.0,33.0,56.0,35.0,80.0,23.0,8.0,38.0,1560.0,1400.0,1710.0,2.6,1.4,4.8,8.2,7.5,8.9
segment:line-4-civil-092:0000,civil_segment,line-4-civil-092,line-4,elevated,5399.6,-9.51912635,30.34431966,60..100cm,21.0,8.0,35.0,56.0,32.0,83.0,22.0,7.0,39.0,1580.0,1400.0,1780.0,1.9,0.7,3.4,8.2,7.5,9.0
segment:line-4-civil-092:0001,civil_segment,line-4-civil-092,line-4,elevated,5433.7,-9.51885925,30.34450429,0..30cm,21.0,8.0,30.0,56.0,38.0,78.0,23.0,9.0,34.0,1430.0,1250.0,1560.0,3.7,2.0,5.9,7.9,7.4,8.5
segment:line-4-civil-092:0001,civil_segment,line-4-civil-092,line-4,elevated,5433.7,-9.51885925,30.34450429,30..60cm,22.0,9.0,32.0,56.0,32.0,82.0,23.0,8.0,39.0,1550.0,1380.0,1710.0,2.7,1.5,4.7,8.2,7.5,8.9
segment:line-4-civil-092:0001,civil_segment,line-4-civil-092,line-4,elevated,5433.7,-9.51885925,30.34450429,60..100cm,21.0,8.0,35.0,56.0,32.0,82.0,22.0,7.0,40.0,1580.0,1380.0,1780.0,1.8,0.7,3.3,8.2,7.5,9.1
segment:line-4-civil-092:0002,civil_segment,line-4-civil-092,line-4,elevated,5467.8,-9.51850423,30.34450429,0..30cm,21.0,8.0,30.0,56.0,38.0,78.0,23.0,9.0,34.0,1430.0,1250.0,1560.0,3.7,2.0,5.9,7.9,7.4,8.5
segment:line-4-civil-092:0002,civil_segment,line-4-civil-092,line-4,elevated,5467.8,-9.51850423,30.34450429,30..60cm,22.0,9.0,32.0,56.0,32.0,82.0,23.0,8.0,39.0,1550.0,1380.0,1710.0,2.7,1.5,4.7,8.2,7.5,8.9
segment:line-4-civil-092:0002,civil_segment,line-4-civil-092,line-4,elevated,5467.8,-9.51850423,30.34450429,60..100cm,21.0,8.0,35.0,56.0,32.0,82.0,22.0,7.0,40.0,1580.0,1380.0,1780.0,1.8,0.7,3.3,8.2,7.5,9.1
segment:line-4-civil-093:0000,civil_segment,line-4-civil-093,line-4,at-grade,5467.8,-9.51850423,30.34450429,0..30cm,21.0,8.0,30.0,56.0,38.0,78.0,23.0,9.0,34.0,1430.0,1250.0,1560.0,3.7,2.0,5.9,7.9,7.4,8.5
segment:line-4-civil-093:0000,civil_segment,line-4-civil-093,line-4,at-grade,5467.8,-9.51850423,30.34450429,30..60cm,22.0,9.0,32.0,56.0,32.0,82.0,23.0,8.0,39.0,1550.0,1380.0,1710.0,2.7,1.5,4.7,8.2,7.5,8.9
segment:line-4-civil-093:0000,civil_segment,line-4-civil-093,line-4,at-grade,5467.8,-9.51850423,30.34450429,60..100cm,21.0,8.0,35.0,56.0,32.0,82.0,22.0,7.0,40.0,1580.0,1380.0,1780.0,1.8,0.7,3.3,8.2,7.5,9.1
segment:line-4-civil-093:0001,civil_segment,line-4-civil-093,line-4,at-grade,6077.8,-9.51214577,30.34450429,0..30cm,20.0,6.0,30.0,58.0,40.0,82.0,22.0,7.0,35.0,1430.0,1210.0,1610.0,5.9,2.9,10.2,7.8,7.3,8.4
segment:line-4-civil-093:0001,civil_segment,line-4-civil-093,line-4,at-grade,6077.8,-9.51214577,30.34450429,30..60cm,21.0,6.0,33.0,57.0,35.0,83.0,22.0,5.0,39.0,1550.0,1380.0,1760.0,3.3,1.4,7.3,8.0,7.2,8.7
segment:line-4-civil-093:0001,civil_segment,line-4-civil-093,line-4,at-grade,6077.8,-9.51214577,30.34450429,60..100cm,21.0,6.0,35.0,57.0,31.0,84.0,22.0,6.0,38.0,1550.0,1350.0,1810.0,2.7,1.3,5.5,8.1,7.3,8.8
segment:line-4-civil-093:0002,civil_segment,line-4-civil-093,line-4,at-grade,6465.553,-9.50810395,30.34450429,0..30cm,20.0,7.0,30.0,58.0,37.0,82.0,22.0,6.0,35.0,1450.0,1210.0,1610.0,4.9,2.4,9.5,7.9,7.4,8.3
segment:line-4-civil-093:0002,civil_segment,line-4-civil-093,line-4,at-grade,6465.553,-9.50810395,30.34450429,30..60cm,21.0,7.0,33.0,57.0,34.0,82.0,22.0,6.0,38.0,1570.0,1380.0,1770.0,2.9,1.5,5.8,8.1,7.6,8.8
segment:line-4-civil-093:0002,civil_segment,line-4-civil-093,line-4,at-grade,6465.553,-9.50810395,30.34450429,60..100cm,22.0,6.0,36.0,56.0,33.0,82.0,22.0,6.0,38.0,1580.0,1360.0,1790.0,2.5,0.9,4.7,8.2,7.5,9.0
segment:line-4-civil-093:0003,civil_segment,line-4-civil-093,line-4,at-grade,6687.8,-9.50578731,30.34450429,0..30cm,21.0,7.0,30.0,58.0,37.0,80.0,22.0,7.0,35.0,1440.0,1260.0,1570.0,3.8,1.9,6.3,7.9,7.4,8.4
segment:line-4-civil-093:0003,civil_segment,line-4-civil-093,line-4,at-grade,6687.8,-9.50578731,30.34450429,30..60cm,22.0,8.0,34.0,56.0,30.0,82.0,22.0,6.0,36.0,1560.0,1380.0,1760.0,2.4,1.2,5.1,8.2,7.5,8.9
segment:line-4-civil-093:0003,civil_segment,line-4-civil-093,line-4,at-grade,6687.8,-9.50578731,30.34450429,60..100cm,23.0,8.0,35.0,55.0,28.0,84.0,22.0,6.0,38.0,1580.0,1380.0,1780.0,1.5,0.6,3.0,8.2,7.5,9.0
segment:line-4-civil-094:0000,civil_segment,line-4-civil-094,line-4,elevated,6687.8,-9.50578731,30.34450429,0..30cm,21.0,7.0,30.0,58.0,37.0,80.0,22.0,7.0,35.0,1440.0,1260.0,1570.0,3.8,1.9,6.3,7.9,7.4,8.4
segment:line-4-civil-094:0000,civil_segment,line-4-civil-094,line-4,elevated,6687.8,-9.50578731,30.34450429,30..60cm,22.0,8.0,34.0,56.0,30.0,82.0,22.0,6.0,36.0,1560.0,1380.0,1760.0,2.4,1.2,5.1,8.2,7.5,8.9
segment:line-4-civil-094:0000,civil_segment,line-4-civil-094,line-4,elevated,6687.8,-9.50578731,30.34450429,60..100cm,23.0,8.0,35.0,55.0,28.0,84.0,22.0,6.0,38.0,1580.0,1380.0,1780.0,1.5,0.6,3.0,8.2,7.5,9.0
segment:line-4-civil-094:0001,civil_segment,line-4-civil-094,line-4,elevated,6837.8,-9.50422376,30.34450429,0..30cm,21.0,6.0,31.0,56.0,37.0,80.0,23.0,7.0,33.0,1440.0,1260.0,1600.0,3.7,1.9,7.5,7.9,7.4,8.4
segment:line-4-civil-094:0001,civil_segment,line-4-civil-094,line-4,elevated,6837.8,-9.50422376,30.34450429,30..60cm,23.0,7.0,34.0,55.0,31.0,79.0,23.0,9.0,37.0,1550.0,1380.0,1710.0,2.4,1.2,4.5,8.2,7.5,8.9
segment:line-4-civil-094:0001,civil_segment,line-4-civil-094,line-4,elevated,6837.8,-9.50422376,30.34450429,60..100cm,23.0,9.0,35.0,54.0,31.0,80.0,23.0,8.0,38.0,1580.0,1380.0,1780.0,1.5,0.6,2.8,8.3,7.5,9.2
segment:line-4-civil-094:0002,civil_segment,line-4-civil-094,line-4,elevated,6987.8,-9.5026602,30.34450429,0..30cm,22.0,6.0,32.0,56.0,39.0,80.0,23.0,7.0,35.0,1440.0,1240.0,1600.0,3.8,1.7,7.5,7.8,7.3,8.4
segment:line-4-civil-094:0002,civil_segment,line-4-civil-094,line-4,elevated,6987.8,-9.5026602,30.34450429,30..60cm,23.0,7.0,35.0,54.0,33.0,78.0,23.0,9.0,37.0,1550.0,1380.0,1710.0,2.4,1.3,4.5,8.1,7.5,8.9
segment:line-4-civil-094:0002,civil_segment,line-4-civil-094,line-4,elevated,6987.8,-9.5026602,30.34450429,60..100cm,23.0,8.0,35.0,54.0,31.0,80.0,23.0,8.0,39.0,1560.0,1390.0,1750.0,1.5,0.6,2.7,8.1,7.5,9.0
segment:line-4-civil-095:0000,civil_segment,line-4-civil-095,line-4,elevated,6987.8,-9.5026602,30.34450429,0..30cm,22.0,6.0,32.0,56.0,39.0,80.0,23.0,7.0,35.0,1440.0,1240.0,1600.0,3.8,1.7,7.5,7.8,7.3,8.4
segment:line-4-civil-095:0000,civil_segment,line-4-civil-095,line-4,elevated,6987.8,-9.5026602,30.34450429,30..60cm,23.0,7.0,35.0,54.0,33.0,78.0,23.0,9.0,37.0,1550.0,1380.0,1710.0,2.4,1.3,4.5,8.1,7.5,8.9
segment:line-4-civil-095:0000,civil_segment,line-4-civil-095,line-4,elevated,6987.8,-9.5026602,30.34450429,60..100cm,23.0,8.0,35.0,54.0,31.0,80.0,23.0,8.0,39.0,1560.0,1390.0,1750.0,1.5,0.6,2.7,8.1,7.5,9.0
segment:line-4-civil-095:0001,civil_segment,line-4-civil-095,line-4,elevated,7074.4,-9.50183969,30.34467335,0..30cm,21.0,5.0,32.0,57.0,39.0,80.0,22.0,6.0,33.0,1430.0,1250.0,1580.0,3.9,1.7,8.5,7.9,7.3,8.4
segment:line-4-civil-095:0001,civil_segment,line-4-civil-095,line-4,elevated,7074.4,-9.50183969,30.34467335,30..60cm,22.0,6.0,34.0,56.0,35.0,78.0,22.0,7.0,36.0,1540.0,1360.0,1710.0,2.6,1.1,6.1,8.1,7.5,8.9
segment:line-4-civil-095:0001,civil_segment,line-4-civil-095,line-4,elevated,7074.4,-9.50183969,30.34467335,60..100cm,22.0,7.0,36.0,55.0,31.0,82.0,22.0,7.0,38.0,1550.0,1360.0,1750.0,1.9,0.7,4.1,8.1,7.5,9.0
segment:line-4-civil-095:0002,civil_segment,line-4-civil-095,line-4,elevated,7161.0,-9.50120124,30.34522479,0..30cm,21.0,6.0,31.0,57.0,38.0,81.0,22.0,7.0,36.0,1440.0,1270.0,1570.0,3.7,1.9,7.5,7.9,7.4,8.4
segment:line-4-civil-095:0002,civil_segment,line-4-civil-095,line-4,elevated,7161.0,-9.50120124,30.34522479,30..60cm,23.0,6.0,35.0,55.0,31.0,82.0,22.0,7.0,37.0,1570.0,1390.0,1760.0,2.3,1.2,4.4,8.2,7.5,8.9
segment:line-4-civil-095:0002,civil_segment,line-4-civil-095,line-4,elevated,7161.0,-9.50120124,30.34522479,60..100cm,23.0,7.0,36.0,54.0,29.0,84.0,23.0,8.0,41.0,1590.0,1400.0,1810.0,1.5,0.6,2.8,8.2,7.5,9.1
segment:line-4-civil-096:0000,civil_segment,line-4-civil-096,line-4,elevated,7161.0,-9.50120124,30.34522479,0..30cm,21.0,6.0,31.0,57.0,38.0,81.0,22.0,7.0,36.0,1440.0,1270.0,1570.0,3.7,1.9,7.5,7.9,7.4,8.4
segment:line-4-civil-096:0000,civil_segment,line-4-civil-096,line-4,elevated,7161.0,-9.50120124,30.34522479,30..60cm,23.0,6.0,35.0,55.0,31.0,82.0,22.0,7.0,37.0,1570.0,1390.0,1760.0,2.3,1.2,4.4,8.2,7.5,8.9
segment:line-4-civil-096:0000,civil_segment,line-4-civil-096,line-4,elevated,7161.0,-9.50120124,30.34522479,60..100cm,23.0,7.0,36.0,54.0,29.0,84.0,23.0,8.0,41.0,1590.0,1400.0,1810.0,1.5,0.6,2.8,8.2,7.5,9.1
segment:line-4-civil-096:0001,civil_segment,line-4-civil-096,line-4,elevated,7175.15,-9.50109703,30.34531481,0..30cm,21.0,6.0,31.0,57.0,38.0,81.0,22.0,7.0,36.0,1440.0,1270.0,1570.0,3.7,1.9,7.5,7.9,7.4,8.4
segment:line-4-civil-096:0001,civil_segment,line-4-civil-096,line-4,elevated,7175.15,-9.50109703,30.34531481,30..60cm,23.0,6.0,35.0,55.0,31.0,82.0,22.0,7.0,37.0,1570.0,1390.0,1760.0,2.3,1.2,4.4,8.2,7.5,8.9
segment:line-4-civil-096:0001,civil_segment,line-4-civil-096,line-4,elevated,7175.15,-9.50109703,30.34531481,60..100cm,23.0,7.0,36.0,54.0,29.0,84.0,23.0,8.0,41.0,1590.0,1400.0,1810.0,1.5,0.6,2.8,8.2,7.5,9.1
segment:line-4-civil-096:0002,civil_segment,line-4-civil-096,line-4,elevated,7189.3,-9.50099281,30.34540482,0..30cm,22.0,7.0,32.0,55.0,37.0,79.0,23.0,7.0,36.0,1420.0,1220.0,1600.0,3.7,1.7,6.9,7.9,7.4,8.3
segment:line-4-civil-096:0002,civil_segment,line-4-civil-096,line-4,elevated,7189.3,-9.50099281,30.34540482,30..60cm,24.0,9.0,35.0,53.0,30.0,77.0,23.0,9.0,37.0,1540.0,1330.0,1760.0,2.4,1.3,4.6,8.2,7.6,8.8
segment:line-4-civil-096:0002,civil_segment,line-4-civil-096,line-4,elevated,7189.3,-9.50099281,30.34540482,60..100cm,24.0,9.0,36.0,53.0,28.0,80.0,23.0,8.0,39.0,1560.0,1340.0,1820.0,1.5,0.6,2.8,8.2,7.6,9.0
segment:line-4-civil-097:0000,civil_segment,line-4-civil-097,line-4,elevated,7189.3,-9.50099281,30.34540482,0..30cm,22.0,7.0,32.0,55.0,37.0,79.0,23.0,7.0,36.0,1420.0,1220.0,1600.0,3.7,1.7,6.9,7.9,7.4,8.3
segment:line-4-civil-097:0000,civil_segment,line-4-civil-097,line-4,elevated,7189.3,-9.50099281,30.34540482,30..60cm,24.0,9.0,35.0,53.0,30.0,77.0,23.0,9.0,37.0,1540.0,1330.0,1760.0,2.4,1.3,4.6,8.2,7.6,8.8
segment:line-4-civil-097:0000,civil_segment,line-4-civil-097,line-4,elevated,7189.3,-9.50099281,30.34540482,60..100cm,24.0,9.0,36.0,53.0,28.0,80.0,23.0,8.0,39.0,1560.0,1340.0,1820.0,1.5,0.6,2.8,8.2,7.6,9.0
segment:line-4-civil-097:0001,civil_segment,line-4-civil-097,line-4,elevated,7203.4,-9.50088897,30.34549452,0..30cm,22.0,7.0,32.0,55.0,37.0,79.0,23.0,7.0,36.0,1420.0,1220.0,1600.0,3.7,1.7,6.9,7.9,7.4,8.3
segment:line-4-civil-097:0001,civil_segment,line-4-civil-097,line-4,elevated,7203.4,-9.50088897,30.34549452,30..60cm,24.0,9.0,35.0,53.0,30.0,77.0,23.0,9.0,37.0,1540.0,1330.0,1760.0,2.4,1.3,4.6,8.2,7.6,8.8
segment:line-4-civil-097:0001,civil_segment,line-4-civil-097,line-4,elevated,7203.4,-9.50088897,30.34549452,60..100cm,24.0,9.0,36.0,53.0,28.0,80.0,23.0,8.0,39.0,1560.0,1340.0,1820.0,1.5,0.6,2.8,8.2,7.6,9.0
segment:line-4-civil-097:0002,civil_segment,line-4-civil-097,line-4,elevated,7217.5,-9.50078526,30.34558426,0..30cm,22.0,7.0,32.0,55.0,37.0,79.0,23.0,7.0,36.0,1420.0,1220.0,1600.0,3.7,1.7,6.9,7.9,7.4,8.3
segment:line-4-civil-097:0002,civil_segment,line-4-civil-097,line-4,elevated,7217.5,-9.50078526,30.34558426,30..60cm,24.0,9.0,35.0,53.0,30.0,77.0,23.0,9.0,37.0,1540.0,1330.0,1760.0,2.4,1.3,4.6,8.2,7.6,8.8
segment:line-4-civil-097:0002,civil_segment,line-4-civil-097,line-4,elevated,7217.5,-9.50078526,30.34558426,60..100cm,24.0,9.0,36.0,53.0,28.0,80.0,23.0,8.0,39.0,1560.0,1340.0,1820.0,1.5,0.6,2.8,8.2,7.6,9.0
segment:line-4-civil-098:0000,civil_segment,line-4-civil-098,line-4,elevated,7217.5,-9.50078526,30.34558426,0..30cm,22.0,7.0,32.0,55.0,37.0,79.0,23.0,7.0,36.0,1420.0,1220.0,1600.0,3.7,1.7,6.9,7.9,7.4,8.3
segment:line-4-civil-098:0000,civil_segment,line-4-civil-098,line-4,elevated,7217.5,-9.50078526,30.34558426,30..60cm,24.0,9.0,35.0,53.0,30.0,77.0,23.0,9.0,37.0,1540.0,1330.0,1760.0,2.4,1.3,4.6,8.2,7.6,8.8
segment:line-4-civil-098:0000,civil_segment,line-4-civil-098,line-4,elevated,7217.5,-9.50078526,30.34558426,60..100cm,24.0,9.0,36.0,53.0,28.0,80.0,23.0,8.0,39.0,1560.0,1340.0,1820.0,1.5,0.6,2.8,8.2,7.6,9.0
segment:line-4-civil-098:0001,civil_segment,line-4-civil-098,line-4,elevated,7227.5,-9.50078526,30.34567416,0..30cm,22.0,7.0,32.0,55.0,37.0,79.0,23.0,7.0,36.0,1420.0,1220.0,1600.0,3.7,1.7,6.9,7.9,7.4,8.3
segment:line-4-civil-098:0001,civil_segment,line-4-civil-098,line-4,elevated,7227.5,-9.50078526,30.34567416,30..60cm,24.0,9.0,35.0,53.0,30.0,77.0,23.0,9.0,37.0,1540.0,1330.0,1760.0,2.4,1.3,4.6,8.2,7.6,8.8
segment:line-4-civil-098:0001,civil_segment,line-4-civil-098,line-4,elevated,7227.5,-9.50078526,30.34567416,60..100cm,24.0,9.0,36.0,53.0,28.0,80.0,23.0,8.0,39.0,1560.0,1340.0,1820.0,1.5,0.6,2.8,8.2,7.6,9.0
segment:line-4-civil-098:0002,civil_segment,line-4-civil-098,line-4,elevated,7237.5,-9.50078526,30.34576405,0..30cm,22.0,7.0,32.0,55.0,37.0,79.0,23.0,7.0,36.0,1420.0,1220.0,1600.0,3.7,1.7,6.9,7.9,7.4,8.3
segment:line-4-civil-098:0002,civil_segment,line-4-civil-098,line-4,elevated,7237.5,-9.50078526,30.34576405,30..60cm,24.0,9.0,35.0,53.0,30.0,77.0,23.0,9.0,37.0,1540.0,1330.0,1760.0,2.4,1.3,4.6,8.2,7.6,8.8
segment:line-4-civil-098:0002,civil_segment,line-4-civil-098,line-4,elevated,7237.5,-9.50078526,30.34576405,60..100cm,24.0,9.0,36.0,53.0,28.0,80.0,23.0,8.0,39.0,1560.0,1340.0,1820.0,1.5,0.6,2.8,8.2,7.6,9.0
segment:line-5-civil-099:0000,civil_segment,line-5-civil-099,line-5,elevated,0.0,-9.5935055,30.43304764,0..30cm,27.0,12.0,39.0,47.0,21.0,70.0,26.0,13.0,39.0,1430.0,1260.0,1600.0,6.6,3.5,10.5,7.7,7.1,8.3
segment:line-5-civil-099:0000,civil_segment,line-5-civil-099,line-5,elevated,0.0,-9.5935055,30.43304764,30..60cm,28.0,13.0,41.0,47.0,22.0,68.0,25.0,9.0,41.0,1530.0,1420.0,1750.0,3.5,1.5,7.4,7.9,7.3,8.5
segment:line-5-civil-099:0000,civil_segment,line-5-civil-099,line-5,elevated,0.0,-9.5935055,30.43304764,60..100cm,29.0,12.0,43.0,47.0,20.0,75.0,25.0,8.0,41.0,1530.0,1390.0,1680.0,3.2,1.5,7.0,8.0,7.0,8.8
segment:line-5-civil-099:0001,civil_segment,line-5-civil-099,line-5,elevated,10.0,-9.5935055,30.43295771,0..30cm,26.0,12.0,40.0,48.0,21.0,72.0,26.0,13.0,39.0,1440.0,1250.0,1600.0,7.2,4.1,10.9,7.7,7.1,8.3
segment:line-5-civil-099:0001,civil_segment,line-5-civil-099,line-5,elevated,10.0,-9.5935055,30.43295771,30..60cm,28.0,13.0,41.0,48.0,22.0,76.0,24.0,9.0,41.0,1540.0,1420.0,1760.0,3.4,1.8,5.7,7.9,7.3,8.5
segment:line-5-civil-099:0001,civil_segment,line-5-civil-099,line-5,elevated,10.0,-9.5935055,30.43295771,60..100cm,28.0,12.0,43.0,48.0,19.0,76.0,24.0,8.0,41.0,1530.0,1350.0,1750.0,2.6,1.3,4.7,7.9,7.1,8.8
segment:line-5-civil-099:0002,civil_segment,line-5-civil-099,line-5,elevated,20.0,-9.5935055,30.43286777,0..30cm,26.0,12.0,40.0,48.0,21.0,72.0,26.0,13.0,39.0,1440.0,1250.0,1600.0,7.2,4.1,10.9,7.7,7.1,8.3
segment:line-5-civil-099:0002,civil_segment,line-5-civil-099,line-5,elevated,20.0,-9.5935055,30.43286777,30..60cm,28.0,13.0,41.0,48.0,22.0,76.0,24.0,9.0,41.0,1540.0,1420.0,1760.0,3.4,1.8,5.7,7.9,7.3,8.5
segment:line-5-civil-099:0002,civil_segment,line-5-civil-099,line-5,elevated,20.0,-9.5935055,30.43286777,60..100cm,28.0,12.0,43.0,48.0,19.0,76.0,24.0,8.0,41.0,1530.0,1350.0,1750.0,2.6,1.3,4.7,7.9,7.1,8.8
segment:line-5-civil-100:0000,civil_segment,line-5-civil-100,line-5,elevated,20.0,-9.5935055,30.43286777,0..30cm,26.0,12.0,40.0,48.0,21.0,72.0,26.0,13.0,39.0,1440.0,1250.0,1600.0,7.2,4.1,10.9,7.7,7.1,8.3
segment:line-5-civil-100:0000,civil_segment,line-5-civil-100,line-5,elevated,20.0,-9.5935055,30.43286777,30..60cm,28.0,13.0,41.0,48.0,22.0,76.0,24.0,9.0,41.0,1540.0,1420.0,1760.0,3.4,1.8,5.7,7.9,7.3,8.5
segment:line-5-civil-100:0000,civil_segment,line-5-civil-100,line-5,elevated,20.0,-9.5935055,30.43286777,60..100cm,28.0,12.0,43.0,48.0,19.0,76.0,24.0,8.0,41.0,1530.0,1350.0,1750.0,2.6,1.3,4.7,7.9,7.1,8.8
segment:line-5-civil-100:0001,civil_segment,line-5-civil-100,line-5,elevated,54.15,-9.5935055,30.43256034,0..30cm,26.0,12.0,40.0,48.0,21.0,72.0,26.0,13.0,39.0,1440.0,1250.0,1600.0,7.2,4.1,10.9,7.7,7.1,8.3
segment:line-5-civil-100:0001,civil_segment,line-5-civil-100,line-5,elevated,54.15,-9.5935055,30.43256034,30..60cm,28.0,13.0,41.0,48.0,22.0,76.0,24.0,9.0,41.0,1540.0,1420.0,1760.0,3.4,1.8,5.7,7.9,7.3,8.5
segment:line-5-civil-100:0001,civil_segment,line-5-civil-100,line-5,elevated,54.15,-9.5935055,30.43256034,60..100cm,28.0,12.0,43.0,48.0,19.0,76.0,24.0,8.0,41.0,1530.0,1350.0,1750.0,2.6,1.3,4.7,7.9,7.1,8.8
segment:line-5-civil-100:0002,civil_segment,line-5-civil-100,line-5,elevated,88.3,-9.59371379,30.43232784,0..30cm,26.0,12.0,40.0,48.0,21.0,72.0,26.0,13.0,39.0,1440.0,1250.0,1600.0,7.2,4.1,10.9,7.7,7.1,8.3
segment:line-5-civil-100:0002,civil_segment,line-5-civil-100,line-5,elevated,88.3,-9.59371379,30.43232784,30..60cm,28.0,13.0,41.0,48.0,22.0,76.0,24.0,9.0,41.0,1540.0,1420.0,1760.0,3.4,1.8,5.7,7.9,7.3,8.5
segment:line-5-civil-100:0002,civil_segment,line-5-civil-100,line-5,elevated,88.3,-9.59371379,30.43232784,60..100cm,28.0,12.0,43.0,48.0,19.0,76.0,24.0,8.0,41.0,1530.0,1350.0,1750.0,2.6,1.3,4.7,7.9,7.1,8.8
segment:line-5-civil-101:0000,civil_segment,line-5-civil-101,line-5,elevated,88.3,-9.59371379,30.43232784,0..30cm,26.0,12.0,40.0,48.0,21.0,72.0,26.0,13.0,39.0,1440.0,1250.0,1600.0,7.2,4.1,10.9,7.7,7.1,8.3
segment:line-5-civil-101:0000,civil_segment,line-5-civil-101,line-5,elevated,88.3,-9.59371379,30.43232784,30..60cm,28.0,13.0,41.0,48.0,22.0,76.0,24.0,9.0,41.0,1540.0,1420.0,1760.0,3.4,1.8,5.7,7.9,7.3,8.5
segment:line-5-civil-101:0000,civil_segment,line-5-civil-101,line-5,elevated,88.3,-9.59371379,30.43232784,60..100cm,28.0,12.0,43.0,48.0,19.0,76.0,24.0,8.0,41.0,1530.0,1350.0,1750.0,2.6,1.3,4.7,7.9,7.1,8.8
segment:line-5-civil-101:0001,civil_segment,line-5-civil-101,line-5,elevated,116.6,-9.59392231,30.43214773,0..30cm,26.0,12.0,40.0,48.0,21.0,72.0,26.0,13.0,39.0,1440.0,1250.0,1600.0,7.2,4.1,10.9,7.7,7.1,8.3
segment:line-5-civil-101:0001,civil_segment,line-5-civil-101,line-5,elevated,116.6,-9.59392231,30.43214773,30..60cm,28.0,13.0,41.0,48.0,22.0,76.0,24.0,9.0,41.0,1540.0,1420.0,1760.0,3.4,1.8,5.7,7.9,7.3,8.5
segment:line-5-civil-101:0001,civil_segment,line-5-civil-101,line-5,elevated,116.6,-9.59392231,30.43214773,60..100cm,28.0,12.0,43.0,48.0,19.0,76.0,24.0,8.0,41.0,1530.0,1350.0,1750.0,2.6,1.3,4.7,7.9,7.1,8.8
segment:line-5-civil-101:0002,civil_segment,line-5-civil-101,line-5,elevated,144.9,-9.59413058,30.43196753,0..30cm,26.0,12.0,41.0,48.0,21.0,75.0,26.0,13.0,40.0,1440.0,1240.0,1610.0,7.2,3.8,10.8,7.7,7.1,8.2
segment:line-5-civil-101:0002,civil_segment,line-5-civil-101,line-5,elevated,144.9,-9.59413058,30.43196753,30..60cm,28.0,13.0,42.0,48.0,18.0,76.0,24.0,9.0,40.0,1540.0,1410.0,1760.0,3.3,1.4,6.6,7.9,7.4,8.5
segment:line-5-civil-101:0002,civil_segment,line-5-civil-101,line-5,elevated,144.9,-9.59413058,30.43196753,60..100cm,28.0,12.0,42.0,49.0,18.0,78.0,24.0,8.0,40.0,1520.0,1310.0,1760.0,2.6,1.1,4.7,8.0,7.0,8.8
segment:line-5-civil-102:0000,civil_segment,line-5-civil-102,line-5,elevated,144.9,-9.59413058,30.43196753,0..30cm,26.0,12.0,41.0,48.0,21.0,75.0,26.0,13.0,40.0,1440.0,1240.0,1610.0,7.2,3.8,10.8,7.7,7.1,8.2
segment:line-5-civil-102:0000,civil_segment,line-5-civil-102,line-5,elevated,144.9,-9.59413058,30.43196753,30..60cm,28.0,13.0,42.0,48.0,18.0,76.0,24.0,9.0,40.0,1540.0,1410.0,1760.0,3.3,1.4,6.6,7.9,7.4,8.5
segment:line-5-civil-102:0000,civil_segment,line-5-civil-102,line-5,elevated,144.9,-9.59413058,30.43196753,60..100cm,28.0,12.0,42.0,49.0,18.0,78.0,24.0,8.0,40.0,1520.0,1310.0,1760.0,2.6,1.1,4.7,8.0,7.0,8.8
segment:line-5-civil-102:0001,civil_segment,line-5-civil-102,line-5,elevated,164.9,-9.59413058,30.43178766,0..30cm,26.0,12.0,41.0,48.0,21.0,75.0,26.0,13.0,40.0,1440.0,1240.0,1610.0,7.2,3.8,10.8,7.7,7.1,8.2
segment:line-5-civil-102:0001,civil_segment,line-5-civil-102,line-5,elevated,164.9,-9.59413058,30.43178766,30..60cm,28.0,13.0,42.0,48.0,18.0,76.0,24.0,9.0,40.0,1540.0,1410.0,1760.0,3.3,1.4,6.6,7.9,7.4,8.5
segment:line-5-civil-102:0001,civil_segment,line-5-civil-102,line-5,elevated,164.9,-9.59413058,30.43178766,60..100cm,28.0,12.0,42.0,49.0,18.0,78.0,24.0,8.0,40.0,1520.0,1310.0,1760.0,2.6,1.1,4.7,8.0,7.0,8.8
segment:line-5-civil-102:0002,civil_segment,line-5-civil-102,line-5,elevated,184.9,-9.59413058,30.43160779,0..30cm,26.0,12.0,41.0,48.0,21.0,75.0,26.0,13.0,40.0,1440.0,1240.0,1610.0,7.2,3.8,10.8,7.7,7.1,8.2
segment:line-5-civil-102:0002,civil_segment,line-5-civil-102,line-5,elevated,184.9,-9.59413058,30.43160779,30..60cm,28.0,13.0,42.0,48.0,18.0,76.0,24.0,9.0,40.0,1540.0,1410.0,1760.0,3.3,1.4,6.6,7.9,7.4,8.5
segment:line-5-civil-102:0002,civil_segment,line-5-civil-102,line-5,elevated,184.9,-9.59413058,30.43160779,60..100cm,28.0,12.0,42.0,49.0,18.0,78.0,24.0,8.0,40.0,1520.0,1310.0,1760.0,2.6,1.1,4.7,8.0,7.0,8.8
segment:line-5-civil-103:0000,civil_segment,line-5-civil-103,line-5,elevated,184.9,-9.59413058,30.43160779,0..30cm,26.0,12.0,41.0,48.0,21.0,75.0,26.0,13.0,40.0,1440.0,1240.0,1610.0,7.2,3.8,10.8,7.7,7.1,8.2
segment:line-5-civil-103:0000,civil_segment,line-5-civil-103,line-5,elevated,184.9,-9.59413058,30.43160779,30..60cm,28.0,13.0,42.0,48.0,18.0,76.0,24.0,9.0,40.0,1540.0,1410.0,1760.0,3.3,1.4,6.6,7.9,7.4,8.5
segment:line-5-civil-103:0000,civil_segment,line-5-civil-103,line-5,elevated,184.9,-9.59413058,30.43160779,60..100cm,28.0,12.0,42.0,49.0,18.0,78.0,24.0,8.0,40.0,1520.0,1310.0,1760.0,2.6,1.1,4.7,8.0,7.0,8.8
segment:line-5-civil-103:0001,civil_segment,line-5-civil-103,line-5,elevated,214.9,-9.59413058,30.43133798,0..30cm,26.0,12.0,41.0,48.0,21.0,75.0,26.0,13.0,40.0,1440.0,1240.0,1610.0,7.2,3.8,10.8,7.7,7.1,8.2
segment:line-5-civil-103:0001,civil_segment,line-5-civil-103,line-5,elevated,214.9,-9.59413058,30.43133798,30..60cm,28.0,13.0,42.0,48.0,18.0,76.0,24.0,9.0,40.0,1540.0,1410.0,1760.0,3.3,1.4,6.6,7.9,7.4,8.5
segment:line-5-civil-103:0001,civil_segment,line-5-civil-103,line-5,elevated,214.9,-9.59413058,30.43133798,60..100cm,28.0,12.0,42.0,49.0,18.0,78.0,24.0,8.0,40.0,1520.0,1310.0,1760.0,2.6,1.1,4.7,8.0,7.0,8.8
segment:line-5-civil-103:0002,civil_segment,line-5-civil-103,line-5,elevated,244.9,-9.59413058,30.43106818,0..30cm,26.0,12.0,41.0,48.0,21.0,75.0,26.0,13.0,40.0,1440.0,1240.0,1610.0,7.2,3.8,10.8,7.7,7.1,8.2
segment:line-5-civil-103:0002,civil_segment,line-5-civil-103,line-5,elevated,244.9,-9.59413058,30.43106818,30..60cm,28.0,13.0,42.0,48.0,18.0,76.0,24.0,9.0,40.0,1540.0,1410.0,1760.0,3.3,1.4,6.6,7.9,7.4,8.5
segment:line-5-civil-103:0002,civil_segment,line-5-civil-103,line-5,elevated,244.9,-9.59413058,30.43106818,60..100cm,28.0,12.0,42.0,49.0,18.0,78.0,24.0,8.0,40.0,1520.0,1310.0,1760.0,2.6,1.1,4.7,8.0,7.0,8.8
segment:line-5-civil-104:0000,civil_segment,line-5-civil-104,line-5,elevated,244.9,-9.59413058,30.43106818,0..30cm,26.0,12.0,41.0,48.0,21.0,75.0,26.0,13.0,40.0,1440.0,1240.0,1610.0,7.2,3.8,10.8,7.7,7.1,8.2
segment:line-5-civil-104:0000,civil_segment,line-5-civil-104,line-5,elevated,244.9,-9.59413058,30.43106818,30..60cm,28.0,13.0,42.0,48.0,18.0,76.0,24.0,9.0,40.0,1540.0,1410.0,1760.0,3.3,1.4,6.6,7.9,7.4,8.5
segment:line-5-civil-104:0000,civil_segment,line-5-civil-104,line-5,elevated,244.9,-9.59413058,30.43106818,60..100cm,28.0,12.0,42.0,49.0,18.0,78.0,24.0,8.0,40.0,1520.0,1310.0,1760.0,2.6,1.1,4.7,8.0,7.0,8.8
segment:line-5-civil-104:0001,civil_segment,line-5-civil-104,line-5,elevated,283.15,-9.59426502,30.43077193,0..30cm,25.0,12.0,39.0,50.0,22.0,77.0,25.0,12.0,39.0,1440.0,1230.0,1620.0,7.4,3.8,12.4,7.7,7.2,8.3
segment:line-5-civil-104:0001,civil_segment,line-5-civil-104,line-5,elevated,283.15,-9.59426502,30.43077193,30..60cm,27.0,14.0,41.0,50.0,22.0,77.0,23.0,9.0,39.0,1530.0,1400.0,1760.0,4.3,1.8,8.7,7.9,7.4,8.5
segment:line-5-civil-104:0001,civil_segment,line-5-civil-104,line-5,elevated,283.15,-9.59426502,30.43077193,60..100cm,27.0,10.0,41.0,51.0,23.0,79.0,22.0,8.0,38.0,1520.0,1350.0,1740.0,3.6,1.5,7.7,7.9,7.0,8.8
segment:line-5-civil-104:0002,civil_segment,line-5-civil-104,line-5,elevated,321.4,-9.59454668,30.43052865,0..30cm,25.0,12.0,39.0,50.0,22.0,77.0,25.0,12.0,39.0,1440.0,1230.0,1620.0,7.4,3.8,12.4,7.7,7.2,8.3
segment:line-5-civil-104:0002,civil_segment,line-5-civil-104,line-5,elevated,321.4,-9.59454668,30.43052865,30..60cm,27.0,14.0,41.0,50.0,22.0,77.0,23.0,9.0,39.0,1530.0,1400.0,1760.0,4.3,1.8,8.7,7.9,7.4,8.5
segment:line-5-civil-104:0002,civil_segment,line-5-civil-104,line-5,elevated,321.4,-9.59454668,30.43052865,60..100cm,27.0,10.0,41.0,51.0,23.0,79.0,22.0,8.0,38.0,1520.0,1350.0,1740.0,3.6,1.5,7.7,7.9,7.0,8.8
segment:line-5-civil-105:0000,civil_segment,line-5-civil-105,line-5,elevated,321.4,-9.59454668,30.43052865,0..30cm,25.0,12.0,39.0,50.0,22.0,77.0,25.0,12.0,39.0,1440.0,1230.0,1620.0,7.4,3.8,12.4,7.7,7.2,8.3
segment:line-5-civil-105:0000,civil_segment,line-5-civil-105,line-5,elevated,321.4,-9.59454668,30.43052865,30..60cm,27.0,14.0,41.0,50.0,22.0,77.0,23.0,9.0,39.0,1530.0,1400.0,1760.0,4.3,1.8,8.7,7.9,7.4,8.5
segment:line-5-civil-105:0000,civil_segment,line-5-civil-105,line-5,elevated,321.4,-9.59454668,30.43052865,60..100cm,27.0,10.0,41.0,51.0,23.0,79.0,22.0,8.0,38.0,1520.0,1350.0,1740.0,3.6,1.5,7.7,7.9,7.0,8.8
segment:line-5-civil-105:0001,civil_segment,line-5-civil-105,line-5,elevated,349.7,-9.5947552,30.43034854,0..30cm,25.0,12.0,39.0,50.0,22.0,77.0,25.0,12.0,39.0,1440.0,1230.0,1620.0,7.4,3.8,12.4,7.7,7.2,8.3
segment:line-5-civil-105:0001,civil_segment,line-5-civil-105,line-5,elevated,349.7,-9.5947552,30.43034854,30..60cm,27.0,14.0,41.0,50.0,22.0,77.0,23.0,9.0,39.0,1530.0,1400.0,1760.0,4.3,1.8,8.7,7.9,7.4,8.5
segment:line-5-civil-105:0001,civil_segment,line-5-civil-105,line-5,elevated,349.7,-9.5947552,30.43034854,60..100cm,27.0,10.0,41.0,51.0,23.0,79.0,22.0,8.0,38.0,1520.0,1350.0,1740.0,3.6,1.5,7.7,7.9,7.0,8.8
segment:line-5-civil-105:0002,civil_segment,line-5-civil-105,line-5,elevated,378.0,-9.59496373,30.43016844,0..30cm,25.0,12.0,39.0,50.0,22.0,77.0,25.0,12.0,39.0,1440.0,1230.0,1620.0,7.4,3.8,12.4,7.7,7.2,8.3
segment:line-5-civil-105:0002,civil_segment,line-5-civil-105,line-5,elevated,378.0,-9.59496373,30.43016844,30..60cm,27.0,14.0,41.0,50.0,22.0,77.0,23.0,9.0,39.0,1530.0,1400.0,1760.0,4.3,1.8,8.7,7.9,7.4,8.5
segment:line-5-civil-105:0002,civil_segment,line-5-civil-105,line-5,elevated,378.0,-9.59496373,30.43016844,60..100cm,27.0,10.0,41.0,51.0,23.0,79.0,22.0,8.0,38.0,1520.0,1350.0,1740.0,3.6,1.5,7.7,7.9,7.0,8.8
segment:line-5-civil-106:0000,civil_segment,line-5-civil-106,line-5,elevated,378.0,-9.59496373,30.43016844,0..30cm,25.0,12.0,39.0,50.0,22.0,77.0,25.0,12.0,39.0,1440.0,1230.0,1620.0,7.4,3.8,12.4,7.7,7.2,8.3
segment:line-5-civil-106:0000,civil_segment,line-5-civil-106,line-5,elevated,378.0,-9.59496373,30.43016844,30..60cm,27.0,14.0,41.0,50.0,22.0,77.0,23.0,9.0,39.0,1530.0,1400.0,1760.0,4.3,1.8,8.7,7.9,7.4,8.5
segment:line-5-civil-106:0000,civil_segment,line-5-civil-106,line-5,elevated,378.0,-9.59496373,30.43016844,60..100cm,27.0,10.0,41.0,51.0,23.0,79.0,22.0,8.0,38.0,1520.0,1350.0,1740.0,3.6,1.5,7.7,7.9,7.0,8.8
segment:line-5-civil-106:0001,civil_segment,line-5-civil-106,line-5,elevated,466.3,-9.59517238,30.42944876,0..30cm,26.0,12.0,39.0,49.0,22.0,77.0,25.0,12.0,40.0,1440.0,1230.0,1610.0,7.3,4.0,11.4,7.7,7.1,8.3
segment:line-5-civil-106:0001,civil_segment,line-5-civil-106,line-5,elevated,466.3,-9.59517238,30.42944876,30..60cm,27.0,13.0,42.0,50.0,22.0,78.0,23.0,9.0,40.0,1530.0,1380.0,1760.0,4.0,1.6,8.1,7.9,7.4,8.5
segment:line-5-civil-106:0001,civil_segment,line-5-civil-106,line-5,elevated,466.3,-9.59517238,30.42944876,60..100cm,26.0,10.0,41.0,51.0,23.0,80.0,23.0,5.0,40.0,1510.0,1270.0,1760.0,3.6,1.3,7.7,7.9,7.0,8.7
segment:line-5-civil-106:0002,civil_segment,line-5-civil-106,line-5,elevated,554.6,-9.59496445,30.42872883,0..30cm,26.0,13.0,39.0,49.0,22.0,74.0,25.0,11.0,39.0,1430.0,1230.0,1610.0,8.0,4.5,13.9,7.7,7.1,8.2
segment:line-5-civil-106:0002,civil_segment,line-5-civil-106,line-5,elevated,554.6,-9.59496445,30.42872883,30..60cm,27.0,14.0,40.0,50.0,22.0,80.0,23.0,9.0,40.0,1530.0,1410.0,1760.0,4.5,2.2,9.1,7.8,7.3,8.4
segment:line-5-civil-106:0002,civil_segment,line-5-civil-106,line-5,elevated,554.6,-9.59496445,30.42872883,60..100cm,26.0,10.0,40.0,51.0,23.0,80.0,22.0,5.0,38.0,1520.0,1270.0,1760.0,3.7,1.7,7.7,7.9,7.0,8.6
segment:line-5-civil-107:0000,civil_segment,line-5-civil-107,line-5,elevated,554.6,-9.59496445,30.42872883,0..30cm,26.0,13.0,39.0,49.0,22.0,74.0,25.0,11.0,39.0,1430.0,1230.0,1610.0,8.0,4.5,13.9,7.7,7.1,8.2
segment:line-5-civil-107:0000,civil_segment,line-5-civil-107,line-5,elevated,554.6,-9.59496445,30.42872883,30..60cm,27.0,14.0,40.0,50.0,22.0,80.0,23.0,9.0,40.0,1530.0,1410.0,1760.0,4.5,2.2,9.1,7.8,7.3,8.4
segment:line-5-civil-107:0000,civil_segment,line-5-civil-107,line-5,elevated,554.6,-9.59496445,30.42872883,60..100cm,26.0,10.0,40.0,51.0,23.0,80.0,22.0,5.0,38.0,1520.0,1270.0,1760.0,3.7,1.7,7.7,7.9,7.0,8.6
segment:line-5-civil-107:0001,civil_segment,line-5-civil-107,line-5,elevated,568.7,-9.59486055,30.42863909,0..30cm,26.0,13.0,39.0,49.0,22.0,74.0,25.0,11.0,39.0,1430.0,1230.0,1610.0,8.0,4.5,13.9,7.7,7.1,8.2
segment:line-5-civil-107:0001,civil_segment,line-5-civil-107,line-5,elevated,568.7,-9.59486055,30.42863909,30..60cm,27.0,14.0,40.0,50.0,22.0,80.0,23.0,9.0,40.0,1530.0,1410.0,1760.0,4.5,2.2,9.1,7.8,7.3,8.4
segment:line-5-civil-107:0001,civil_segment,line-5-civil-107,line-5,elevated,568.7,-9.59486055,30.42863909,60..100cm,26.0,10.0,40.0,51.0,23.0,80.0,22.0,5.0,38.0,1520.0,1270.0,1760.0,3.7,1.7,7.7,7.9,7.0,8.6
segment:line-5-civil-107:0002,civil_segment,line-5-civil-107,line-5,elevated,582.8,-9.59475666,30.42854936,0..30cm,26.0,13.0,39.0,49.0,22.0,74.0,25.0,11.0,39.0,1430.0,1230.0,1610.0,8.0,4.5,13.9,7.7,7.1,8.2
segment:line-5-civil-107:0002,civil_segment,line-5-civil-107,line-5,elevated,582.8,-9.59475666,30.42854936,30..60cm,27.0,14.0,40.0,50.0,22.0,80.0,23.0,9.0,40.0,1530.0,1410.0,1760.0,4.5,2.2,9.1,7.8,7.3,8.4
segment:line-5-civil-107:0002,civil_segment,line-5-civil-107,line-5,elevated,582.8,-9.59475666,30.42854936,60..100cm,26.0,10.0,40.0,51.0,23.0,80.0,22.0,5.0,38.0,1520.0,1270.0,1760.0,3.7,1.7,7.7,7.9,7.0,8.6
segment:line-5-civil-108:0000,civil_segment,line-5-civil-108,line-5,elevated,582.8,-9.59475666,30.42854936,0..30cm,26.0,13.0,39.0,49.0,22.0,74.0,25.0,11.0,39.0,1430.0,1230.0,1610.0,8.0,4.5,13.9,7.7,7.1,8.2
segment:line-5-civil-108:0000,civil_segment,line-5-civil-108,line-5,elevated,582.8,-9.59475666,30.42854936,30..60cm,27.0,14.0,40.0,50.0,22.0,80.0,23.0,9.0,40.0,1530.0,1410.0,1760.0,4.5,2.2,9.1,7.8,7.3,8.4
segment:line-5-civil-108:0000,civil_segment,line-5-civil-108,line-5,elevated,582.8,-9.59475666,30.42854936,60..100cm,26.0,10.0,40.0,51.0,23.0,80.0,22.0,5.0,38.0,1520.0,1270.0,1760.0,3.7,1.7,7.7,7.9,7.0,8.6
segment:line-5-civil-108:0001,civil_segment,line-5-civil-108,line-5,elevated,612.8,-9.59475566,30.42827991,0..30cm,26.0,13.0,39.0,49.0,22.0,74.0,25.0,11.0,39.0,1430.0,1230.0,1610.0,8.0,4.5,13.9,7.7,7.1,8.2
segment:line-5-civil-108:0001,civil_segment,line-5-civil-108,line-5,elevated,612.8,-9.59475566,30.42827991,30..60cm,27.0,14.0,40.0,50.0,22.0,80.0,23.0,9.0,40.0,1530.0,1410.0,1760.0,4.5,2.2,9.1,7.8,7.3,8.4
segment:line-5-civil-108:0001,civil_segment,line-5-civil-108,line-5,elevated,612.8,-9.59475566,30.42827991,60..100cm,26.0,10.0,40.0,51.0,23.0,80.0,22.0,5.0,38.0,1520.0,1270.0,1760.0,3.7,1.7,7.7,7.9,7.0,8.6
segment:line-5-civil-108:0002,civil_segment,line-5-civil-108,line-5,elevated,642.8,-9.59475566,30.4280101,0..30cm,26.0,13.0,39.0,49.0,22.0,74.0,25.0,11.0,39.0,1430.0,1230.0,1610.0,8.0,4.5,13.9,7.7,7.1,8.2
segment:line-5-civil-108:0002,civil_segment,line-5-civil-108,line-5,elevated,642.8,-9.59475566,30.4280101,30..60cm,27.0,14.0,40.0,50.0,22.0,80.0,23.0,9.0,40.0,1530.0,1410.0,1760.0,4.5,2.2,9.1,7.8,7.3,8.4
segment:line-5-civil-108:0002,civil_segment,line-5-civil-108,line-5,elevated,642.8,-9.59475566,30.4280101,60..100cm,26.0,10.0,40.0,51.0,23.0,80.0,22.0,5.0,38.0,1520.0,1270.0,1760.0,3.7,1.7,7.7,7.9,7.0,8.6
segment:line-5-civil-109:0000,civil_segment,line-5-civil-109,line-5,elevated,642.8,-9.59475566,30.4280101,0..30cm,26.0,13.0,39.0,49.0,22.0,74.0,25.0,11.0,39.0,1430.0,1230.0,1610.0,8.0,4.5,13.9,7.7,7.1,8.2
segment:line-5-civil-109:0000,civil_segment,line-5-civil-109,line-5,elevated,642.8,-9.59475566,30.4280101,30..60cm,27.0,14.0,40.0,50.0,22.0,80.0,23.0,9.0,40.0,1530.0,1410.0,1760.0,4.5,2.2,9.1,7.8,7.3,8.4
segment:line-5-civil-109:0000,civil_segment,line-5-civil-109,line-5,elevated,642.8,-9.59475566,30.4280101,60..100cm,26.0,10.0,40.0,51.0,23.0,80.0,22.0,5.0,38.0,1520.0,1270.0,1760.0,3.7,1.7,7.7,7.9,7.0,8.6
segment:line-5-civil-109:0001,civil_segment,line-5-civil-109,line-5,elevated,806.95,-9.5945473,30.42660847,0..30cm,27.0,13.0,40.0,47.0,21.0,69.0,26.0,13.0,41.0,1390.0,1210.0,1590.0,10.1,5.2,17.5,7.6,7.1,8.2
segment:line-5-civil-109:0001,civil_segment,line-5-civil-109,line-5,elevated,806.95,-9.5945473,30.42660847,30..60cm,28.0,10.0,42.0,48.0,22.0,76.0,24.0,6.0,41.0,1570.0,1370.0,1800.0,5.9,2.4,11.7,7.8,7.2,8.3
segment:line-5-civil-109:0001,civil_segment,line-5-civil-109,line-5,elevated,806.95,-9.5945473,30.42660847,60..100cm,27.0,10.0,41.0,50.0,23.0,80.0,23.0,6.0,40.0,1610.0,1330.0,1810.0,3.9,2.1,7.7,7.8,7.0,8.5
segment:line-5-civil-109:0002,civil_segment,line-5-civil-109,line-5,elevated,971.1,-9.5945473,30.42513187,0..30cm,26.0,13.0,40.0,49.0,21.0,73.0,25.0,10.0,40.0,1410.0,1280.0,1580.0,8.1,4.6,15.7,7.7,7.1,8.3
segment:line-5-civil-109:0002,civil_segment,line-5-civil-109,line-5,elevated,971.1,-9.5945473,30.42513187,30..60cm,27.0,14.0,41.0,50.0,22.0,75.0,23.0,6.0,40.0,1550.0,1390.0,1760.0,4.5,1.7,9.9,7.9,7.5,8.6
segment:line-5-civil-109:0002,civil_segment,line-5-civil-109,line-5,elevated,971.1,-9.5945473,30.42513187,60..100cm,27.0,10.0,41.0,51.0,23.0,80.0,22.0,6.0,38.0,1560.0,1330.0,1790.0,3.8,1.7,7.7,8.0,7.2,8.8
segment:line-5-civil-110:0000,civil_segment,line-5-civil-110,line-5,elevated,971.1,-9.5945473,30.42513187,0..30cm,26.0,13.0,40.0,49.0,21.0,73.0,25.0,10.0,40.0,1410.0,1280.0,1580.0,8.1,4.6,15.7,7.7,7.1,8.3
segment:line-5-civil-110:0000,civil_segment,line-5-civil-110,line-5,elevated,971.1,-9.5945473,30.42513187,30..60cm,27.0,14.0,41.0,50.0,22.0,75.0,23.0,6.0,40.0,1550.0,1390.0,1760.0,4.5,1.7,9.9,7.9,7.5,8.6
segment:line-5-civil-110:0000,civil_segment,line-5-civil-110,line-5,elevated,971.1,-9.5945473,30.42513187,60..100cm,27.0,10.0,41.0,51.0,23.0,80.0,22.0,6.0,38.0,1560.0,1330.0,1790.0,3.8,1.7,7.7,8.0,7.2,8.8
segment:line-5-civil-110:0001,civil_segment,line-5-civil-110,line-5,elevated,1029.4,-9.5945473,30.42460693,0..30cm,26.0,14.0,40.0,48.0,22.0,72.0,26.0,10.0,40.0,1410.0,1280.0,1560.0,6.7,3.4,11.7,7.8,7.2,8.4
segment:line-5-civil-110:0001,civil_segment,line-5-civil-110,line-5,elevated,1029.4,-9.5945473,30.42460693,30..60cm,28.0,10.0,42.0,49.0,22.0,81.0,23.0,6.0,39.0,1540.0,1370.0,1740.0,3.9,1.4,7.4,8.0,7.5,8.6
segment:line-5-civil-110:0001,civil_segment,line-5-civil-110,line-5,elevated,1029.4,-9.5945473,30.42460693,60..100cm,27.0,10.0,41.0,50.0,22.0,82.0,22.0,5.0,39.0,1560.0,1380.0,1780.0,3.6,1.4,7.1,8.0,7.0,8.8
segment:line-5-civil-110:0002,civil_segment,line-5-civil-110,line-5,elevated,1087.7,-9.59413273,30.42423116,0..30cm,26.0,14.0,40.0,48.0,22.0,72.0,26.0,10.0,40.0,1410.0,1280.0,1560.0,6.7,3.4,11.7,7.8,7.2,8.4
segment:line-5-civil-110:0002,civil_segment,line-5-civil-110,line-5,elevated,1087.7,-9.59413273,30.42423116,30..60cm,28.0,10.0,42.0,49.0,22.0,81.0,23.0,6.0,39.0,1540.0,1370.0,1740.0,3.9,1.4,7.4,8.0,7.5,8.6
segment:line-5-civil-110:0002,civil_segment,line-5-civil-110,line-5,elevated,1087.7,-9.59413273,30.42423116,60..100cm,27.0,10.0,41.0,50.0,22.0,82.0,22.0,5.0,39.0,1560.0,1380.0,1780.0,3.6,1.4,7.1,8.0,7.0,8.8
segment:line-5-civil-111:0000,civil_segment,line-5-civil-111,line-5,elevated,1087.7,-9.59413273,30.42423116,0..30cm,26.0,14.0,40.0,48.0,22.0,72.0,26.0,10.0,40.0,1410.0,1280.0,1560.0,6.7,3.4,11.7,7.8,7.2,8.4
segment:line-5-civil-111:0000,civil_segment,line-5-civil-111,line-5,elevated,1087.7,-9.59413273,30.42423116,30..60cm,28.0,10.0,42.0,49.0,22.0,81.0,23.0,6.0,39.0,1540.0,1370.0,1740.0,3.9,1.4,7.4,8.0,7.5,8.6
segment:line-5-civil-111:0000,civil_segment,line-5-civil-111,line-5,elevated,1087.7,-9.59413273,30.42423116,60..100cm,27.0,10.0,41.0,50.0,22.0,82.0,22.0,5.0,39.0,1560.0,1380.0,1780.0,3.6,1.4,7.1,8.0,7.0,8.8
segment:line-5-civil-111:0001,civil_segment,line-5-civil-111,line-5,elevated,1687.55,-9.58975501,30.42039878,0..30cm,26.0,14.0,40.0,49.0,22.0,70.0,25.0,11.0,39.0,1390.0,1190.0,1610.0,8.0,4.2,15.9,7.7,7.2,8.3
segment:line-5-civil-111:0001,civil_segment,line-5-civil-111,line-5,elevated,1687.55,-9.58975501,30.42039878,30..60cm,27.0,11.0,41.0,50.0,23.0,80.0,23.0,9.0,39.0,1560.0,1360.0,1790.0,4.6,2.2,10.7,8.0,7.4,8.6
segment:line-5-civil-111:0001,civil_segment,line-5-civil-111,line-5,elevated,1687.55,-9.58975501,30.42039878,60..100cm,27.0,10.0,41.0,51.0,23.0,81.0,22.0,6.0,38.0,1610.0,1350.0,1830.0,3.8,1.9,7.6,8.0,7.3,8.9
segment:line-5-civil-111:0002,civil_segment,line-5-civil-111,line-5,elevated,2088.31,-9.58705463,30.41775769,0..30cm,26.0,12.0,40.0,48.0,22.0,73.0,26.0,11.0,39.0,1400.0,1160.0,1590.0,5.0,2.4,8.8,7.8,7.2,8.4
segment:line-5-civil-111:0002,civil_segment,line-5-civil-111,line-5,elevated,2088.31,-9.58705463,30.41775769,30..60cm,28.0,11.0,42.0,49.0,21.0,77.0,23.0,9.0,39.0,1480.0,1330.0,1650.0,2.6,1.1,4.7,8.1,7.5,8.9
segment:line-5-civil-111:0002,civil_segment,line-5-civil-111,line-5,elevated,2088.31,-9.58705463,30.41775769,60..100cm,28.0,10.0,42.0,50.0,19.0,80.0,22.0,5.0,39.0,1510.0,1330.0,1690.0,2.4,1.0,6.1,8.1,7.2,9.0
segment:line-5-civil-111:0003,civil_segment,line-5-civil-111,line-5,elevated,2287.4,-9.58558781,30.41649076,0..30cm,25.0,12.0,36.0,50.0,25.0,73.0,25.0,11.0,37.0,1390.0,1130.0,1560.0,4.6,2.4,7.2,7.8,7.2,8.4
segment:line-5-civil-111:0003,civil_segment,line-5-civil-111,line-5,elevated,2287.4,-9.58558781,30.41649076,30..60cm,27.0,11.0,42.0,51.0,23.0,77.0,22.0,9.0,39.0,1470.0,1320.0,1640.0,2.7,1.3,4.9,8.0,7.4,8.9
segment:line-5-civil-111:0003,civil_segment,line-5-civil-111,line-5,elevated,2287.4,-9.58558781,30.41649076,60..100cm,27.0,10.0,43.0,51.0,19.0,80.0,22.0,5.0,39.0,1500.0,1330.0,1730.0,2.4,1.0,5.4,8.1,7.2,9.0
segment:line-6-civil-112:0000,civil_segment,line-6-civil-112,line-6,elevated,0.0,-9.51453703,30.38463675,0..30cm,16.0,7.0,27.0,66.0,46.0,87.0,17.0,5.0,28.0,1420.0,1220.0,1590.0,3.7,1.6,8.0,7.9,7.3,8.5
segment:line-6-civil-112:0000,civil_segment,line-6-civil-112,line-6,elevated,0.0,-9.51453703,30.38463675,30..60cm,19.0,6.0,30.0,64.0,40.0,88.0,18.0,4.0,30.0,1490.0,1300.0,1620.0,2.2,0.8,4.4,8.1,7.5,8.8
segment:line-6-civil-112:0000,civil_segment,line-6-civil-112,line-6,elevated,0.0,-9.51453703,30.38463675,60..100cm,19.0,5.0,34.0,63.0,38.0,88.0,18.0,4.0,35.0,1540.0,1350.0,1720.0,1.4,0.5,3.5,8.1,7.3,9.0
segment:line-6-civil-112:0001,civil_segment,line-6-civil-112,line-6,elevated,10.0,-9.51453703,30.38454685,0..30cm,16.0,7.0,27.0,66.0,46.0,87.0,17.0,5.0,28.0,1420.0,1220.0,1590.0,3.7,1.6,8.0,7.9,7.3,8.5
segment:line-6-civil-112:0001,civil_segment,line-6-civil-112,line-6,elevated,10.0,-9.51453703,30.38454685,30..60cm,19.0,6.0,30.0,64.0,40.0,88.0,18.0,4.0,30.0,1490.0,1300.0,1620.0,2.2,0.8,4.4,8.1,7.5,8.8
segment:line-6-civil-112:0001,civil_segment,line-6-civil-112,line-6,elevated,10.0,-9.51453703,30.38454685,60..100cm,19.0,5.0,34.0,63.0,38.0,88.0,18.0,4.0,35.0,1540.0,1350.0,1720.0,1.4,0.5,3.5,8.1,7.3,9.0
segment:line-6-civil-112:0002,civil_segment,line-6-civil-112,line-6,elevated,20.0,-9.51453703,30.38445695,0..30cm,16.0,7.0,27.0,66.0,46.0,87.0,17.0,5.0,28.0,1420.0,1220.0,1590.0,3.7,1.6,8.0,7.9,7.3,8.5
segment:line-6-civil-112:0002,civil_segment,line-6-civil-112,line-6,elevated,20.0,-9.51453703,30.38445695,30..60cm,19.0,6.0,30.0,64.0,40.0,88.0,18.0,4.0,30.0,1490.0,1300.0,1620.0,2.2,0.8,4.4,8.1,7.5,8.8
segment:line-6-civil-112:0002,civil_segment,line-6-civil-112,line-6,elevated,20.0,-9.51453703,30.38445695,60..100cm,19.0,5.0,34.0,63.0,38.0,88.0,18.0,4.0,35.0,1540.0,1350.0,1720.0,1.4,0.5,3.5,8.1,7.3,9.0
segment:line-6-civil-113:0000,civil_segment,line-6-civil-113,line-6,at-grade,20.0,-9.51453703,30.38445695,0..30cm,16.0,7.0,27.0,66.0,46.0,87.0,17.0,5.0,28.0,1420.0,1220.0,1590.0,3.7,1.6,8.0,7.9,7.3,8.5
segment:line-6-civil-113:0000,civil_segment,line-6-civil-113,line-6,at-grade,20.0,-9.51453703,30.38445695,30..60cm,19.0,6.0,30.0,64.0,40.0,88.0,18.0,4.0,30.0,1490.0,1300.0,1620.0,2.2,0.8,4.4,8.1,7.5,8.8
segment:line-6-civil-113:0000,civil_segment,line-6-civil-113,line-6,at-grade,20.0,-9.51453703,30.38445695,60..100cm,19.0,5.0,34.0,63.0,38.0,88.0,18.0,4.0,35.0,1540.0,1350.0,1720.0,1.4,0.5,3.5,8.1,7.3,9.0
segment:line-6-civil-113:0001,civil_segment,line-6-civil-113,line-6,at-grade,1020.119,-9.50848989,30.37761401,0..30cm,23.0,12.0,32.0,54.0,36.0,75.0,23.0,9.0,36.0,1420.0,1260.0,1600.0,3.5,1.7,6.4,7.9,7.3,8.3
segment:line-6-civil-113:0001,civil_segment,line-6-civil-113,line-6,at-grade,1020.119,-9.50848989,30.37761401,30..60cm,25.0,12.0,36.0,52.0,29.0,78.0,23.0,8.0,37.0,1540.0,1380.0,1710.0,2.2,1.1,4.5,8.0,7.4,8.8
segment:line-6-civil-113:0001,civil_segment,line-6-civil-113,line-6,at-grade,1020.119,-9.50848989,30.37761401,60..100cm,26.0,10.0,39.0,51.0,26.0,80.0,24.0,9.0,39.0,1570.0,1400.0,1780.0,1.5,0.5,2.9,8.0,7.2,8.8
segment:line-6-civil-113:0002,civil_segment,line-6-civil-113,line-6,at-grade,1473.4,-9.50514932,30.37726807,0..30cm,20.0,9.0,30.0,59.0,38.0,80.0,21.0,7.0,34.0,1450.0,1300.0,1610.0,3.8,2.0,7.2,7.9,7.3,8.4
segment:line-6-civil-113:0002,civil_segment,line-6-civil-113,line-6,at-grade,1473.4,-9.50514932,30.37726807,30..60cm,22.0,8.0,34.0,57.0,31.0,84.0,21.0,4.0,39.0,1520.0,1330.0,1660.0,2.5,0.9,5.3,8.2,7.5,8.8
segment:line-6-civil-113:0002,civil_segment,line-6-civil-113,line-6,at-grade,1473.4,-9.50514932,30.37726807,60..100cm,22.0,8.0,37.0,57.0,29.0,88.0,21.0,4.0,39.0,1550.0,1420.0,1750.0,1.7,0.7,3.6,8.1,7.3,9.0
segment:line-6-civil-113:0003,civil_segment,line-6-civil-113,line-6,at-grade,2020.237,-9.50111923,30.38074897,0..30cm,22.0,12.0,34.0,56.0,37.0,74.0,23.0,10.0,33.0,1440.0,1230.0,1610.0,3.7,1.7,7.4,7.9,7.3,8.3
segment:line-6-civil-113:0003,civil_segment,line-6-civil-113,line-6,at-grade,2020.237,-9.50111923,30.38074897,30..60cm,23.0,11.0,37.0,54.0,30.0,80.0,22.0,8.0,36.0,1520.0,1330.0,1670.0,2.4,1.0,5.3,8.1,7.4,8.8
segment:line-6-civil-113:0003,civil_segment,line-6-civil-113,line-6,at-grade,2020.237,-9.50111923,30.38074897,60..100cm,24.0,8.0,39.0,53.0,28.0,82.0,23.0,7.0,38.0,1550.0,1380.0,1750.0,2.0,0.9,3.9,8.1,7.2,9.0
segment:line-6-civil-113:0004,civil_segment,line-6-civil-113,line-6,at-grade,2926.8,-9.49182578,30.38103742,0..30cm,18.0,7.0,29.0,62.0,40.0,82.0,19.0,7.0,33.0,1470.0,1320.0,1600.0,4.2,2.4,7.4,7.9,7.4,8.3
segment:line-6-civil-113:0004,civil_segment,line-6-civil-113,line-6,at-grade,2926.8,-9.49182578,30.38103742,30..60cm,20.0,6.0,34.0,60.0,37.0,85.0,20.0,7.0,36.0,1510.0,1320.0,1650.0,2.9,1.2,6.4,8.1,7.6,8.8
segment:line-6-civil-113:0004,civil_segment,line-6-civil-113,line-6,at-grade,2926.8,-9.49182578,30.38103742,60..100cm,21.0,6.0,34.0,59.0,33.0,87.0,20.0,4.0,37.0,1550.0,1380.0,1760.0,2.4,1.2,4.9,8.1,7.3,8.8
segment:line-7-civil-114:0000,civil_segment,line-7-civil-114,line-7,at-grade,0.0,-9.51578719,30.38625644,0..30cm,23.0,13.0,34.0,52.0,32.0,71.0,25.0,9.0,34.0,1450.0,1240.0,1610.0,4.0,1.7,7.8,7.9,7.3,8.5
segment:line-7-civil-114:0000,civil_segment,line-7-civil-114,line-7,at-grade,0.0,-9.51578719,30.38625644,30..60cm,25.0,14.0,37.0,50.0,24.0,73.0,25.0,11.0,42.0,1520.0,1330.0,1660.0,2.5,0.9,4.8,8.1,7.5,8.8
segment:line-7-civil-114:0000,civil_segment,line-7-civil-114,line-7,at-grade,0.0,-9.51578719,30.38625644,60..100cm,25.0,11.0,39.0,49.0,22.0,75.0,25.0,11.0,41.0,1550.0,1380.0,1690.0,1.6,0.6,3.1,8.1,7.4,9.0
segment:line-7-civil-114:0001,civil_segment,line-7-civil-114,line-7,at-grade,40.0,-9.51620428,30.38625644,0..30cm,19.0,8.0,29.0,62.0,40.0,84.0,20.0,7.0,31.0,1410.0,1210.0,1580.0,3.8,1.8,7.8,7.9,7.3,8.5
segment:line-7-civil-114:0001,civil_segment,line-7-civil-114,line-7,at-grade,40.0,-9.51620428,30.38625644,30..60cm,21.0,6.0,37.0,58.0,32.0,87.0,21.0,5.0,34.0,1480.0,1260.0,1630.0,2.3,0.6,4.4,8.1,7.5,8.8
segment:line-7-civil-114:0001,civil_segment,line-7-civil-114,line-7,at-grade,40.0,-9.51620428,30.38625644,60..100cm,22.0,6.0,39.0,57.0,22.0,87.0,21.0,4.0,41.0,1530.0,1320.0,1720.0,1.6,0.6,3.9,8.1,7.3,8.9
segment:line-7-civil-114:0002,civil_segment,line-7-civil-114,line-7,at-grade,80.0,-9.51662138,30.38625644,0..30cm,19.0,8.0,29.0,62.0,40.0,84.0,20.0,7.0,31.0,1410.0,1210.0,1580.0,3.8,1.8,7.8,7.9,7.3,8.5
segment:line-7-civil-114:0002,civil_segment,line-7-civil-114,line-7,at-grade,80.0,-9.51662138,30.38625644,30..60cm,21.0,6.0,37.0,58.0,32.0,87.0,21.0,5.0,34.0,1480.0,1260.0,1630.0,2.3,0.6,4.4,8.1,7.5,8.8
segment:line-7-civil-114:0002,civil_segment,line-7-civil-114,line-7,at-grade,80.0,-9.51662138,30.38625644,60..100cm,22.0,6.0,39.0,57.0,22.0,87.0,21.0,4.0,41.0,1530.0,1320.0,1720.0,1.6,0.6,3.9,8.1,7.3,8.9
segment:line-7-civil-115:0000,civil_segment,line-7-civil-115,line-7,elevated,80.0,-9.51662138,30.38625644,0..30cm,19.0,8.0,29.0,62.0,40.0,84.0,20.0,7.0,31.0,1410.0,1210.0,1580.0,3.8,1.8,7.8,7.9,7.3,8.5
segment:line-7-civil-115:0000,civil_segment,line-7-civil-115,line-7,elevated,80.0,-9.51662138,30.38625644,30..60cm,21.0,6.0,37.0,58.0,32.0,87.0,21.0,5.0,34.0,1480.0,1260.0,1630.0,2.3,0.6,4.4,8.1,7.5,8.8
segment:line-7-civil-115:0000,civil_segment,line-7-civil-115,line-7,elevated,80.0,-9.51662138,30.38625644,60..100cm,22.0,6.0,39.0,57.0,22.0,87.0,21.0,4.0,41.0,1530.0,1320.0,1720.0,1.6,0.6,3.9,8.1,7.3,8.9
segment:line-7-civil-115:0001,civil_segment,line-7-civil-115,line-7,elevated,114.15,-9.51697708,30.38625644,0..30cm,19.0,8.0,29.0,62.0,40.0,84.0,20.0,7.0,31.0,1410.0,1210.0,1580.0,3.8,1.8,7.8,7.9,7.3,8.5
segment:line-7-civil-115:0001,civil_segment,line-7-civil-115,line-7,elevated,114.15,-9.51697708,30.38625644,30..60cm,21.0,6.0,37.0,58.0,32.0,87.0,21.0,5.0,34.0,1480.0,1260.0,1630.0,2.3,0.6,4.4,8.1,7.5,8.8
segment:line-7-civil-115:0001,civil_segment,line-7-civil-115,line-7,elevated,114.15,-9.51697708,30.38625644,60..100cm,22.0,6.0,39.0,57.0,22.0,87.0,21.0,4.0,41.0,1530.0,1320.0,1720.0,1.6,0.6,3.9,8.1,7.3,8.9
segment:line-7-civil-115:0002,civil_segment,line-7-civil-115,line-7,elevated,148.3,-9.51724665,30.38607566,0..30cm,21.0,10.0,32.0,57.0,36.0,79.0,22.0,8.0,33.0,1430.0,1230.0,1590.0,3.8,1.6,7.8,7.9,7.3,8.5
segment:line-7-civil-115:0002,civil_segment,line-7-civil-115,line-7,elevated,148.3,-9.51724665,30.38607566,30..60cm,23.0,5.0,39.0,54.0,26.0,87.0,23.0,7.0,38.0,1500.0,1320.0,1630.0,2.2,0.6,4.7,8.1,7.5,8.8
segment:line-7-civil-115:0002,civil_segment,line-7-civil-115,line-7,elevated,148.3,-9.51724665,30.38607566,60..100cm,24.0,5.0,41.0,53.0,19.0,87.0,24.0,6.0,41.0,1540.0,1350.0,1690.0,1.5,0.6,3.7,8.1,7.4,8.9
segment:line-7-civil-116:0000,civil_segment,line-7-civil-116,line-7,at-grade,148.3,-9.51724665,30.38607566,0..30cm,21.0,10.0,32.0,57.0,36.0,79.0,22.0,8.0,33.0,1430.0,1230.0,1590.0,3.8,1.6,7.8,7.9,7.3,8.5
segment:line-7-civil-116:0000,civil_segment,line-7-civil-116,line-7,at-grade,148.3,-9.51724665,30.38607566,30..60cm,23.0,5.0,39.0,54.0,26.0,87.0,23.0,7.0,38.0,1500.0,1320.0,1630.0,2.2,0.6,4.7,8.1,7.5,8.8
segment:line-7-civil-116:0000,civil_segment,line-7-civil-116,line-7,at-grade,148.3,-9.51724665,30.38607566,60..100cm,24.0,5.0,41.0,53.0,19.0,87.0,24.0,6.0,41.0,1540.0,1350.0,1690.0,1.5,0.6,3.7,8.1,7.4,8.9
segment:line-7-civil-116:0001,civil_segment,line-7-civil-116,line-7,at-grade,162.45,-9.5173509,30.38598562,0..30cm,20.0,10.0,32.0,58.0,38.0,80.0,21.0,8.0,32.0,1430.0,1210.0,1610.0,3.5,1.3,7.8,7.9,7.2,8.5
segment:line-7-civil-116:0001,civil_segment,line-7-civil-116,line-7,at-grade,162.45,-9.5173509,30.38598562,30..60cm,22.0,6.0,38.0,57.0,33.0,87.0,21.0,5.0,38.0,1510.0,1330.0,1650.0,2.2,0.6,4.4,8.1,7.5,8.8
segment:line-7-civil-116:0001,civil_segment,line-7-civil-116,line-7,at-grade,162.45,-9.5173509,30.38598562,60..100cm,23.0,5.0,41.0,55.0,23.0,89.0,22.0,4.0,40.0,1540.0,1350.0,1720.0,1.5,0.5,3.4,8.1,7.4,9.0
segment:line-7-civil-116:0002,civil_segment,line-7-civil-116,line-7,at-grade,176.6,-9.5174556,30.38589651,0..30cm,20.0,10.0,32.0,58.0,38.0,80.0,21.0,8.0,32.0,1430.0,1210.0,1610.0,3.5,1.3,7.8,7.9,7.2,8.5
segment:line-7-civil-116:0002,civil_segment,line-7-civil-116,line-7,at-grade,176.6,-9.5174556,30.38589651,30..60cm,22.0,6.0,38.0,57.0,33.0,87.0,21.0,5.0,38.0,1510.0,1330.0,1650.0,2.2,0.6,4.4,8.1,7.5,8.8
segment:line-7-civil-116:0002,civil_segment,line-7-civil-116,line-7,at-grade,176.6,-9.5174556,30.38589651,60..100cm,23.0,5.0,41.0,55.0,23.0,89.0,22.0,4.0,40.0,1540.0,1350.0,1720.0,1.5,0.5,3.4,8.1,7.4,9.0
segment:line-7-civil-117:0000,civil_segment,line-7-civil-117,line-7,elevated,176.6,-9.5174556,30.38589651,0..30cm,20.0,10.0,32.0,58.0,38.0,80.0,21.0,8.0,32.0,1430.0,1210.0,1610.0,3.5,1.3,7.8,7.9,7.2,8.5
segment:line-7-civil-117:0000,civil_segment,line-7-civil-117,line-7,elevated,176.6,-9.5174556,30.38589651,30..60cm,22.0,6.0,38.0,57.0,33.0,87.0,21.0,5.0,38.0,1510.0,1330.0,1650.0,2.2,0.6,4.4,8.1,7.5,8.8
segment:line-7-civil-117:0000,civil_segment,line-7-civil-117,line-7,elevated,176.6,-9.5174556,30.38589651,60..100cm,23.0,5.0,41.0,55.0,23.0,89.0,22.0,4.0,40.0,1540.0,1350.0,1720.0,1.5,0.5,3.4,8.1,7.4,9.0
segment:line-7-civil-117:0001,civil_segment,line-7-civil-117,line-7,elevated,196.6,-9.51766415,30.38589651,0..30cm,20.0,10.0,32.0,58.0,38.0,80.0,21.0,8.0,32.0,1430.0,1210.0,1610.0,3.5,1.3,7.8,7.9,7.2,8.5
segment:line-7-civil-117:0001,civil_segment,line-7-civil-117,line-7,elevated,196.6,-9.51766415,30.38589651,30..60cm,22.0,6.0,38.0,57.0,33.0,87.0,21.0,5.0,38.0,1510.0,1330.0,1650.0,2.2,0.6,4.4,8.1,7.5,8.8
segment:line-7-civil-117:0001,civil_segment,line-7-civil-117,line-7,elevated,196.6,-9.51766415,30.38589651,60..100cm,23.0,5.0,41.0,55.0,23.0,89.0,22.0,4.0,40.0,1540.0,1350.0,1720.0,1.5,0.5,3.4,8.1,7.4,9.0
segment:line-7-civil-117:0002,civil_segment,line-7-civil-117,line-7,elevated,216.6,-9.51787269,30.38589651,0..30cm,20.0,10.0,32.0,58.0,38.0,80.0,21.0,8.0,32.0,1430.0,1210.0,1610.0,3.5,1.3,7.8,7.9,7.2,8.5
segment:line-7-civil-117:0002,civil_segment,line-7-civil-117,line-7,elevated,216.6,-9.51787269,30.38589651,30..60cm,22.0,6.0,38.0,57.0,33.0,87.0,21.0,5.0,38.0,1510.0,1330.0,1650.0,2.2,0.6,4.4,8.1,7.5,8.8
segment:line-7-civil-117:0002,civil_segment,line-7-civil-117,line-7,elevated,216.6,-9.51787269,30.38589651,60..100cm,23.0,5.0,41.0,55.0,23.0,89.0,22.0,4.0,40.0,1540.0,1350.0,1720.0,1.5,0.5,3.4,8.1,7.4,9.0
segment:line-7-civil-118:0000,civil_segment,line-7-civil-118,line-7,at-grade,216.6,-9.51787269,30.38589651,0..30cm,20.0,10.0,32.0,58.0,38.0,80.0,21.0,8.0,32.0,1430.0,1210.0,1610.0,3.5,1.3,7.8,7.9,7.2,8.5
segment:line-7-civil-118:0000,civil_segment,line-7-civil-118,line-7,at-grade,216.6,-9.51787269,30.38589651,30..60cm,22.0,6.0,38.0,57.0,33.0,87.0,21.0,5.0,38.0,1510.0,1330.0,1650.0,2.2,0.6,4.4,8.1,7.5,8.8
segment:line-7-civil-118:0000,civil_segment,line-7-civil-118,line-7,at-grade,216.6,-9.51787269,30.38589651,60..100cm,23.0,5.0,41.0,55.0,23.0,89.0,22.0,4.0,40.0,1540.0,1350.0,1720.0,1.5,0.5,3.4,8.1,7.4,9.0
segment:line-7-civil-118:0001,civil_segment,line-7-civil-118,line-7,at-grade,226.6,-9.51797697,30.38589651,0..30cm,20.0,10.0,32.0,58.0,38.0,80.0,21.0,8.0,32.0,1430.0,1210.0,1610.0,3.5,1.3,7.8,7.9,7.2,8.5
segment:line-7-civil-118:0001,civil_segment,line-7-civil-118,line-7,at-grade,226.6,-9.51797697,30.38589651,30..60cm,22.0,6.0,38.0,57.0,33.0,87.0,21.0,5.0,38.0,1510.0,1330.0,1650.0,2.2,0.6,4.4,8.1,7.5,8.8
segment:line-7-civil-118:0001,civil_segment,line-7-civil-118,line-7,at-grade,226.6,-9.51797697,30.38589651,60..100cm,23.0,5.0,41.0,55.0,23.0,89.0,22.0,4.0,40.0,1540.0,1350.0,1720.0,1.5,0.5,3.4,8.1,7.4,9.0
segment:line-7-civil-118:0002,civil_segment,line-7-civil-118,line-7,at-grade,236.6,-9.51808124,30.38589651,0..30cm,19.0,10.0,28.0,61.0,44.0,81.0,20.0,8.0,29.0,1420.0,1210.0,1590.0,3.8,1.7,7.8,7.9,7.3,8.4
segment:line-7-civil-118:0002,civil_segment,line-7-civil-118,line-7,at-grade,236.6,-9.51808124,30.38589651,30..60cm,21.0,6.0,35.0,58.0,38.0,87.0,20.0,7.0,32.0,1490.0,1300.0,1630.0,2.3,0.6,4.4,8.1,7.5,8.8
segment:line-7-civil-118:0002,civil_segment,line-7-civil-118,line-7,at-grade,236.6,-9.51808124,30.38589651,60..100cm,22.0,6.0,39.0,57.0,24.0,87.0,21.0,6.0,39.0,1540.0,1320.0,1720.0,1.6,0.7,3.4,8.1,7.4,8.9
segment:line-7-civil-119:0000,civil_segment,line-7-civil-119,line-7,elevated,236.6,-9.51808124,30.38589651,0..30cm,19.0,10.0,28.0,61.0,44.0,81.0,20.0,8.0,29.0,1420.0,1210.0,1590.0,3.8,1.7,7.8,7.9,7.3,8.4
segment:line-7-civil-119:0000,civil_segment,line-7-civil-119,line-7,elevated,236.6,-9.51808124,30.38589651,30..60cm,21.0,6.0,35.0,58.0,38.0,87.0,20.0,7.0,32.0,1490.0,1300.0,1630.0,2.3,0.6,4.4,8.1,7.5,8.8
segment:line-7-civil-119:0000,civil_segment,line-7-civil-119,line-7,elevated,236.6,-9.51808124,30.38589651,60..100cm,22.0,6.0,39.0,57.0,24.0,87.0,21.0,6.0,39.0,1540.0,1320.0,1720.0,1.6,0.7,3.4,8.1,7.4,8.9
segment:line-7-civil-119:0001,civil_segment,line-7-civil-119,line-7,elevated,266.6,-9.51839406,30.38589651,0..30cm,19.0,10.0,28.0,61.0,44.0,81.0,20.0,8.0,29.0,1420.0,1210.0,1590.0,3.8,1.7,7.8,7.9,7.3,8.4
segment:line-7-civil-119:0001,civil_segment,line-7-civil-119,line-7,elevated,266.6,-9.51839406,30.38589651,30..60cm,21.0,6.0,35.0,58.0,38.0,87.0,20.0,7.0,32.0,1490.0,1300.0,1630.0,2.3,0.6,4.4,8.1,7.5,8.8
segment:line-7-civil-119:0001,civil_segment,line-7-civil-119,line-7,elevated,266.6,-9.51839406,30.38589651,60..100cm,22.0,6.0,39.0,57.0,24.0,87.0,21.0,6.0,39.0,1540.0,1320.0,1720.0,1.6,0.7,3.4,8.1,7.4,8.9
segment:line-7-civil-119:0002,civil_segment,line-7-civil-119,line-7,elevated,296.6,-9.51870688,30.38589651,0..30cm,19.0,10.0,28.0,61.0,44.0,81.0,20.0,8.0,29.0,1420.0,1210.0,1590.0,3.8,1.7,7.8,7.9,7.3,8.4
segment:line-7-civil-119:0002,civil_segment,line-7-civil-119,line-7,elevated,296.6,-9.51870688,30.38589651,30..60cm,21.0,6.0,35.0,58.0,38.0,87.0,20.0,7.0,32.0,1490.0,1300.0,1630.0,2.3,0.6,4.4,8.1,7.5,8.8
segment:line-7-civil-119:0002,civil_segment,line-7-civil-119,line-7,elevated,296.6,-9.51870688,30.38589651,60..100cm,22.0,6.0,39.0,57.0,24.0,87.0,21.0,6.0,39.0,1540.0,1320.0,1720.0,1.6,0.7,3.4,8.1,7.4,8.9
segment:line-7-civil-120:0000,civil_segment,line-7-civil-120,line-7,at-grade,296.6,-9.51870688,30.38589651,0..30cm,19.0,10.0,28.0,61.0,44.0,81.0,20.0,8.0,29.0,1420.0,1210.0,1590.0,3.8,1.7,7.8,7.9,7.3,8.4
segment:line-7-civil-120:0000,civil_segment,line-7-civil-120,line-7,at-grade,296.6,-9.51870688,30.38589651,30..60cm,21.0,6.0,35.0,58.0,38.0,87.0,20.0,7.0,32.0,1490.0,1300.0,1630.0,2.3,0.6,4.4,8.1,7.5,8.8
segment:line-7-civil-120:0000,civil_segment,line-7-civil-120,line-7,at-grade,296.6,-9.51870688,30.38589651,60..100cm,22.0,6.0,39.0,57.0,24.0,87.0,21.0,6.0,39.0,1540.0,1320.0,1720.0,1.6,0.7,3.4,8.1,7.4,8.9
segment:line-7-civil-120:0001,civil_segment,line-7-civil-120,line-7,at-grade,394.85,-9.51964484,30.38571654,0..30cm,22.0,11.0,34.0,56.0,33.0,79.0,23.0,7.0,34.0,1440.0,1240.0,1610.0,4.5,2.1,9.0,7.9,7.3,8.4
segment:line-7-civil-120:0001,civil_segment,line-7-civil-120,line-7,at-grade,394.85,-9.51964484,30.38571654,30..60cm,23.0,10.0,35.0,54.0,29.0,78.0,23.0,7.0,39.0,1520.0,1310.0,1730.0,2.7,0.6,5.7,8.1,7.4,8.8
segment:line-7-civil-120:0001,civil_segment,line-7-civil-120,line-7,at-grade,394.85,-9.51964484,30.38571654,60..100cm,24.0,9.0,38.0,53.0,24.0,80.0,23.0,7.0,39.0,1530.0,1290.0,1750.0,2.1,1.0,3.7,8.1,7.3,9.0
segment:line-7-civil-120:0002,civil_segment,line-7-civil-120,line-7,at-grade,493.1,-9.52058182,30.38553454,0..30cm,22.0,12.0,30.0,55.0,37.0,75.0,23.0,8.0,34.0,1430.0,1240.0,1590.0,4.0,2.0,8.6,7.9,7.3,8.4
segment:line-7-civil-120:0002,civil_segment,line-7-civil-120,line-7,at-grade,493.1,-9.52058182,30.38553454,30..60cm,23.0,12.0,34.0,54.0,29.0,77.0,23.0,7.0,38.0,1530.0,1320.0,1730.0,2.6,1.0,5.1,8.1,7.5,8.8
segment:line-7-civil-120:0002,civil_segment,line-7-civil-120,line-7,at-grade,493.1,-9.52058182,30.38553454,60..100cm,24.0,10.0,37.0,53.0,26.0,77.0,23.0,9.0,39.0,1540.0,1290.0,1770.0,1.9,0.7,3.8,8.1,7.3,9.0
segment:line-7-civil-121:0000,civil_segment,line-7-civil-121,line-7,elevated,493.1,-9.52058182,30.38553454,0..30cm,22.0,12.0,30.0,55.0,37.0,75.0,23.0,8.0,34.0,1430.0,1240.0,1590.0,4.0,2.0,8.6,7.9,7.3,8.4
segment:line-7-civil-121:0000,civil_segment,line-7-civil-121,line-7,elevated,493.1,-9.52058182,30.38553454,30..60cm,23.0,12.0,34.0,54.0,29.0,77.0,23.0,7.0,38.0,1530.0,1320.0,1730.0,2.6,1.0,5.1,8.1,7.5,8.8
segment:line-7-civil-121:0000,civil_segment,line-7-civil-121,line-7,elevated,493.1,-9.52058182,30.38553454,60..100cm,24.0,10.0,37.0,53.0,26.0,77.0,23.0,9.0,39.0,1540.0,1290.0,1770.0,1.9,0.7,3.8,8.1,7.3,9.0
segment:line-7-civil-121:0001,civil_segment,line-7-civil-121,line-7,elevated,507.25,-9.52068608,30.3854445,0..30cm,22.0,12.0,30.0,55.0,37.0,75.0,23.0,8.0,34.0,1430.0,1240.0,1590.0,4.0,2.0,8.6,7.9,7.3,8.4
segment:line-7-civil-121:0001,civil_segment,line-7-civil-121,line-7,elevated,507.25,-9.52068608,30.3854445,30..60cm,23.0,12.0,34.0,54.0,29.0,77.0,23.0,7.0,38.0,1530.0,1320.0,1730.0,2.6,1.0,5.1,8.1,7.5,8.8
segment:line-7-civil-121:0001,civil_segment,line-7-civil-121,line-7,elevated,507.25,-9.52068608,30.3854445,60..100cm,24.0,10.0,37.0,53.0,26.0,77.0,23.0,9.0,39.0,1540.0,1290.0,1770.0,1.9,0.7,3.8,8.1,7.3,9.0
segment:line-7-civil-121:0002,civil_segment,line-7-civil-121,line-7,elevated,521.4,-9.52079033,30.38535445,0..30cm,22.0,12.0,30.0,55.0,37.0,75.0,23.0,8.0,34.0,1430.0,1240.0,1590.0,4.0,2.0,8.6,7.9,7.3,8.4
segment:line-7-civil-121:0002,civil_segment,line-7-civil-121,line-7,elevated,521.4,-9.52079033,30.38535445,30..60cm,23.0,12.0,34.0,54.0,29.0,77.0,23.0,7.0,38.0,1530.0,1320.0,1730.0,2.6,1.0,5.1,8.1,7.5,8.8
segment:line-7-civil-121:0002,civil_segment,line-7-civil-121,line-7,elevated,521.4,-9.52079033,30.38535445,60..100cm,24.0,10.0,37.0,53.0,26.0,77.0,23.0,9.0,39.0,1540.0,1290.0,1770.0,1.9,0.7,3.8,8.1,7.3,9.0
segment:line-7-civil-122:0000,civil_segment,line-7-civil-122,line-7,at-grade,521.4,-9.52079033,30.38535445,0..30cm,22.0,12.0,30.0,55.0,37.0,75.0,23.0,8.0,34.0,1430.0,1240.0,1590.0,4.0,2.0,8.6,7.9,7.3,8.4
segment:line-7-civil-122:0000,civil_segment,line-7-civil-122,line-7,at-grade,521.4,-9.52079033,30.38535445,30..60cm,23.0,12.0,34.0,54.0,29.0,77.0,23.0,7.0,38.0,1530.0,1320.0,1730.0,2.6,1.0,5.1,8.1,7.5,8.8
segment:line-7-civil-122:0000,civil_segment,line-7-civil-122,line-7,at-grade,521.4,-9.52079033,30.38535445,60..100cm,24.0,10.0,37.0,53.0,26.0,77.0,23.0,9.0,39.0,1540.0,1290.0,1770.0,1.9,0.7,3.8,8.1,7.3,9.0
segment:line-7-civil-122:0001,civil_segment,line-7-civil-122,line-7,at-grade,592.1,-9.52131122,30.38490454,0..30cm,21.0,11.0,30.0,57.0,40.0,76.0,22.0,8.0,33.0,1420.0,1220.0,1590.0,3.7,1.1,7.8,7.9,7.2,8.4
segment:line-7-civil-122:0001,civil_segment,line-7-civil-122,line-7,at-grade,592.1,-9.52131122,30.38490454,30..60cm,23.0,10.0,33.0,56.0,31.0,78.0,21.0,9.0,36.0,1510.0,1320.0,1660.0,2.4,0.9,4.7,8.1,7.4,8.8
segment:line-7-civil-122:0001,civil_segment,line-7-civil-122,line-7,at-grade,592.1,-9.52131122,30.38490454,60..100cm,23.0,9.0,36.0,55.0,31.0,80.0,22.0,7.0,37.0,1530.0,1340.0,1730.0,1.6,0.5,3.4,8.1,7.3,8.9
segment:line-7-civil-122:0002,civil_segment,line-7-civil-122,line-7,at-grade,662.8,-9.52183211,30.38445463,0..30cm,21.0,11.0,30.0,57.0,40.0,76.0,22.0,8.0,33.0,1420.0,1220.0,1590.0,3.7,1.1,7.8,7.9,7.2,8.4
segment:line-7-civil-122:0002,civil_segment,line-7-civil-122,line-7,at-grade,662.8,-9.52183211,30.38445463,30..60cm,23.0,10.0,33.0,56.0,31.0,78.0,21.0,9.0,36.0,1510.0,1320.0,1660.0,2.4,0.9,4.7,8.1,7.4,8.8
segment:line-7-civil-122:0002,civil_segment,line-7-civil-122,line-7,at-grade,662.8,-9.52183211,30.38445463,60..100cm,23.0,9.0,36.0,55.0,31.0,80.0,22.0,7.0,37.0,1530.0,1340.0,1730.0,1.6,0.5,3.4,8.1,7.3,8.9
segment:line-7-civil-123:0000,civil_segment,line-7-civil-123,line-7,elevated,662.8,-9.52183211,30.38445463,0..30cm,21.0,11.0,30.0,57.0,40.0,76.0,22.0,8.0,33.0,1420.0,1220.0,1590.0,3.7,1.1,7.8,7.9,7.2,8.4
segment:line-7-civil-123:0000,civil_segment,line-7-civil-123,line-7,elevated,662.8,-9.52183211,30.38445463,30..60cm,23.0,10.0,33.0,56.0,31.0,78.0,21.0,9.0,36.0,1510.0,1320.0,1660.0,2.4,0.9,4.7,8.1,7.4,8.8
segment:line-7-civil-123:0000,civil_segment,line-7-civil-123,line-7,elevated,662.8,-9.52183211,30.38445463,60..100cm,23.0,9.0,36.0,55.0,31.0,80.0,22.0,7.0,37.0,1530.0,1340.0,1730.0,1.6,0.5,3.4,8.1,7.3,8.9
segment:line-7-civil-123:0001,civil_segment,line-7-civil-123,line-7,elevated,691.1,-9.52204062,30.38427454,0..30cm,20.0,7.0,30.0,59.0,40.0,79.0,21.0,7.0,32.0,1430.0,1240.0,1590.0,3.7,1.3,7.7,7.9,7.2,8.4
segment:line-7-civil-123:0001,civil_segment,line-7-civil-123,line-7,elevated,691.1,-9.52204062,30.38427454,30..60cm,22.0,9.0,33.0,58.0,39.0,80.0,20.0,6.0,34.0,1510.0,1320.0,1660.0,2.4,0.8,5.0,8.1,7.4,8.8
segment:line-7-civil-123:0001,civil_segment,line-7-civil-123,line-7,elevated,691.1,-9.52204062,30.38427454,60..100cm,22.0,8.0,37.0,57.0,31.0,82.0,21.0,6.0,36.0,1540.0,1340.0,1760.0,1.6,0.6,2.9,8.1,7.3,8.9
segment:line-7-civil-123:0002,civil_segment,line-7-civil-123,line-7,elevated,719.4,-9.52224912,30.38409445,0..30cm,20.0,7.0,30.0,59.0,40.0,79.0,21.0,7.0,32.0,1430.0,1240.0,1590.0,3.7,1.3,7.7,7.9,7.2,8.4
segment:line-7-civil-123:0002,civil_segment,line-7-civil-123,line-7,elevated,719.4,-9.52224912,30.38409445,30..60cm,22.0,9.0,33.0,58.0,39.0,80.0,20.0,6.0,34.0,1510.0,1320.0,1660.0,2.4,0.8,5.0,8.1,7.4,8.8
segment:line-7-civil-123:0002,civil_segment,line-7-civil-123,line-7,elevated,719.4,-9.52224912,30.38409445,60..100cm,22.0,8.0,37.0,57.0,31.0,82.0,21.0,6.0,36.0,1540.0,1340.0,1760.0,1.6,0.6,2.9,8.1,7.3,8.9
segment:line-7-civil-124:0000,civil_segment,line-7-civil-124,line-7,at-grade,719.4,-9.52224912,30.38409445,0..30cm,20.0,7.0,30.0,59.0,40.0,79.0,21.0,7.0,32.0,1430.0,1240.0,1590.0,3.7,1.3,7.7,7.9,7.2,8.4
segment:line-7-civil-124:0000,civil_segment,line-7-civil-124,line-7,at-grade,719.4,-9.52224912,30.38409445,30..60cm,22.0,9.0,33.0,58.0,39.0,80.0,20.0,6.0,34.0,1510.0,1320.0,1660.0,2.4,0.8,5.0,8.1,7.4,8.8
segment:line-7-civil-124:0000,civil_segment,line-7-civil-124,line-7,at-grade,719.4,-9.52224912,30.38409445,60..100cm,22.0,8.0,37.0,57.0,31.0,82.0,21.0,6.0,36.0,1540.0,1340.0,1760.0,1.6,0.6,2.9,8.1,7.3,8.9
segment:line-7-civil-124:0001,civil_segment,line-7-civil-124,line-7,at-grade,775.95,-9.52266576,30.38373459,0..30cm,21.0,11.0,30.0,58.0,39.0,79.0,21.0,8.0,33.0,1420.0,1230.0,1590.0,3.9,1.7,7.7,7.9,7.2,8.4
segment:line-7-civil-124:0001,civil_segment,line-7-civil-124,line-7,at-grade,775.95,-9.52266576,30.38373459,30..60cm,23.0,10.0,32.0,56.0,38.0,78.0,21.0,8.0,35.0,1500.0,1320.0,1660.0,2.5,1.3,4.7,8.1,7.4,8.8
segment:line-7-civil-124:0001,civil_segment,line-7-civil-124,line-7,at-grade,775.95,-9.52266576,30.38373459,60..100cm,23.0,9.0,37.0,56.0,33.0,80.0,21.0,8.0,37.0,1530.0,1340.0,1720.0,1.6,0.7,2.8,8.1,7.3,8.9
segment:line-7-civil-124:0002,civil_segment,line-7-civil-124,line-7,at-grade,832.5,-9.5230824,30.38337473,0..30cm,19.0,7.0,29.0,61.0,40.0,80.0,20.0,7.0,32.0,1430.0,1240.0,1590.0,4.0,1.5,8.5,7.9,7.2,8.3
segment:line-7-civil-124:0002,civil_segment,line-7-civil-124,line-7,at-grade,832.5,-9.5230824,30.38337473,30..60cm,21.0,8.0,31.0,60.0,39.0,80.0,19.0,7.0,31.0,1510.0,1330.0,1640.0,2.6,1.2,4.8,8.1,7.4,8.8
segment:line-7-civil-124:0002,civil_segment,line-7-civil-124,line-7,at-grade,832.5,-9.5230824,30.38337473,60..100cm,21.0,8.0,37.0,59.0,33.0,84.0,20.0,7.0,35.0,1540.0,1350.0,1690.0,1.6,0.7,3.4,8.1,7.3,8.9
segment:line-7-civil-125:0000,civil_segment,line-7-civil-125,line-7,elevated,832.5,-9.5230824,30.38337473,0..30cm,19.0,7.0,29.0,61.0,40.0,80.0,20.0,7.0,32.0,1430.0,1240.0,1590.0,4.0,1.5,8.5,7.9,7.2,8.3
segment:line-7-civil-125:0000,civil_segment,line-7-civil-125,line-7,elevated,832.5,-9.5230824,30.38337473,30..60cm,21.0,8.0,31.0,60.0,39.0,80.0,19.0,7.0,31.0,1510.0,1330.0,1640.0,2.6,1.2,4.8,8.1,7.4,8.8
segment:line-7-civil-125:0000,civil_segment,line-7-civil-125,line-7,elevated,832.5,-9.5230824,30.38337473,60..100cm,21.0,8.0,37.0,59.0,33.0,84.0,20.0,7.0,35.0,1540.0,1350.0,1690.0,1.6,0.7,3.4,8.1,7.3,8.9
segment:line-7-civil-125:0001,civil_segment,line-7-civil-125,line-7,elevated,846.65,-9.52318665,30.38328468,0..30cm,19.0,7.0,29.0,61.0,40.0,80.0,20.0,7.0,32.0,1430.0,1240.0,1590.0,4.0,1.5,8.5,7.9,7.2,8.3
segment:line-7-civil-125:0001,civil_segment,line-7-civil-125,line-7,elevated,846.65,-9.52318665,30.38328468,30..60cm,21.0,8.0,31.0,60.0,39.0,80.0,19.0,7.0,31.0,1510.0,1330.0,1640.0,2.6,1.2,4.8,8.1,7.4,8.8
segment:line-7-civil-125:0001,civil_segment,line-7-civil-125,line-7,elevated,846.65,-9.52318665,30.38328468,60..100cm,21.0,8.0,37.0,59.0,33.0,84.0,20.0,7.0,35.0,1540.0,1350.0,1690.0,1.6,0.7,3.4,8.1,7.3,8.9
segment:line-7-civil-125:0002,civil_segment,line-7-civil-125,line-7,elevated,860.8,-9.52329091,30.38319464,0..30cm,19.0,7.0,29.0,61.0,40.0,80.0,20.0,7.0,32.0,1430.0,1240.0,1590.0,4.0,1.5,8.5,7.9,7.2,8.3
segment:line-7-civil-125:0002,civil_segment,line-7-civil-125,line-7,elevated,860.8,-9.52329091,30.38319464,30..60cm,21.0,8.0,31.0,60.0,39.0,80.0,19.0,7.0,31.0,1510.0,1330.0,1640.0,2.6,1.2,4.8,8.1,7.4,8.8
segment:line-7-civil-125:0002,civil_segment,line-7-civil-125,line-7,elevated,860.8,-9.52329091,30.38319464,60..100cm,21.0,8.0,37.0,59.0,33.0,84.0,20.0,7.0,35.0,1540.0,1350.0,1690.0,1.6,0.7,3.4,8.1,7.3,8.9
segment:line-7-civil-126:0000,civil_segment,line-7-civil-126,line-7,at-grade,860.8,-9.52329091,30.38319464,0..30cm,19.0,7.0,29.0,61.0,40.0,80.0,20.0,7.0,32.0,1430.0,1240.0,1590.0,4.0,1.5,8.5,7.9,7.2,8.3
segment:line-7-civil-126:0000,civil_segment,line-7-civil-126,line-7,at-grade,860.8,-9.52329091,30.38319464,30..60cm,21.0,8.0,31.0,60.0,39.0,80.0,19.0,7.0,31.0,1510.0,1330.0,1640.0,2.6,1.2,4.8,8.1,7.4,8.8
segment:line-7-civil-126:0000,civil_segment,line-7-civil-126,line-7,at-grade,860.8,-9.52329091,30.38319464,60..100cm,21.0,8.0,37.0,59.0,33.0,84.0,20.0,7.0,35.0,1540.0,1350.0,1690.0,1.6,0.7,3.4,8.1,7.3,8.9
segment:line-7-civil-126:0001,civil_segment,line-7-civil-126,line-7,at-grade,874.95,-9.52339516,30.38310459,0..30cm,19.0,7.0,29.0,61.0,40.0,80.0,20.0,7.0,32.0,1430.0,1240.0,1590.0,4.0,1.5,8.5,7.9,7.2,8.3
segment:line-7-civil-126:0001,civil_segment,line-7-civil-126,line-7,at-grade,874.95,-9.52339516,30.38310459,30..60cm,21.0,8.0,31.0,60.0,39.0,80.0,19.0,7.0,31.0,1510.0,1330.0,1640.0,2.6,1.2,4.8,8.1,7.4,8.8
segment:line-7-civil-126:0001,civil_segment,line-7-civil-126,line-7,at-grade,874.95,-9.52339516,30.38310459,60..100cm,21.0,8.0,37.0,59.0,33.0,84.0,20.0,7.0,35.0,1540.0,1350.0,1690.0,1.6,0.7,3.4,8.1,7.3,8.9
segment:line-7-civil-126:0002,civil_segment,line-7-civil-126,line-7,at-grade,889.1,-9.52349941,30.38301454,0..30cm,19.0,7.0,29.0,61.0,40.0,80.0,20.0,7.0,32.0,1430.0,1240.0,1590.0,4.0,1.5,8.5,7.9,7.2,8.3
segment:line-7-civil-126:0002,civil_segment,line-7-civil-126,line-7,at-grade,889.1,-9.52349941,30.38301454,30..60cm,21.0,8.0,31.0,60.0,39.0,80.0,19.0,7.0,31.0,1510.0,1330.0,1640.0,2.6,1.2,4.8,8.1,7.4,8.8
segment:line-7-civil-126:0002,civil_segment,line-7-civil-126,line-7,at-grade,889.1,-9.52349941,30.38301454,60..100cm,21.0,8.0,37.0,59.0,33.0,84.0,20.0,7.0,35.0,1540.0,1350.0,1690.0,1.6,0.7,3.4,8.1,7.3,8.9
segment:line-7-civil-127:0000,civil_segment,line-7-civil-127,line-7,elevated,889.1,-9.52349941,30.38301454,0..30cm,19.0,7.0,29.0,61.0,40.0,80.0,20.0,7.0,32.0,1430.0,1240.0,1590.0,4.0,1.5,8.5,7.9,7.2,8.3
segment:line-7-civil-127:0000,civil_segment,line-7-civil-127,line-7,elevated,889.1,-9.52349941,30.38301454,30..60cm,21.0,8.0,31.0,60.0,39.0,80.0,19.0,7.0,31.0,1510.0,1330.0,1640.0,2.6,1.2,4.8,8.1,7.4,8.8
segment:line-7-civil-127:0000,civil_segment,line-7-civil-127,line-7,elevated,889.1,-9.52349941,30.38301454,60..100cm,21.0,8.0,37.0,59.0,33.0,84.0,20.0,7.0,35.0,1540.0,1350.0,1690.0,1.6,0.7,3.4,8.1,7.3,8.9
segment:line-7-civil-127:0001,civil_segment,line-7-civil-127,line-7,elevated,1115.4,-9.52516671,30.38157445,0..30cm,22.0,11.0,31.0,56.0,38.0,76.0,23.0,10.0,33.0,1430.0,1220.0,1590.0,3.6,1.4,7.0,7.8,7.2,8.3
segment:line-7-civil-127:0001,civil_segment,line-7-civil-127,line-7,elevated,1115.4,-9.52516671,30.38157445,30..60cm,23.0,9.0,35.0,54.0,29.0,78.0,22.0,10.0,36.0,1520.0,1350.0,1730.0,2.5,0.9,6.0,8.1,7.4,8.8
segment:line-7-civil-127:0001,civil_segment,line-7-civil-127,line-7,elevated,1115.4,-9.52516671,30.38157445,60..100cm,24.0,9.0,37.0,53.0,24.0,80.0,23.0,8.0,38.0,1550.0,1380.0,1770.0,1.7,0.4,3.4,8.1,7.2,9.0
segment:line-7-civil-127:0002,civil_segment,line-7-civil-127,line-7,elevated,1341.7,-9.52683401,30.38013437,0..30cm,20.0,7.0,30.0,59.0,38.0,81.0,21.0,8.0,33.0,1420.0,1200.0,1590.0,4.2,2.2,7.3,7.9,7.2,8.3
segment:line-7-civil-127:0002,civil_segment,line-7-civil-127,line-7,elevated,1341.7,-9.52683401,30.38013437,30..60cm,22.0,9.0,34.0,57.0,35.0,81.0,21.0,7.0,36.0,1510.0,1330.0,1680.0,2.8,1.3,5.1,8.1,7.5,8.9
segment:line-7-civil-127:0002,civil_segment,line-7-civil-127,line-7,elevated,1341.7,-9.52683401,30.38013437,60..100cm,23.0,8.0,37.0,56.0,30.0,84.0,21.0,6.0,38.0,1540.0,1350.0,1770.0,2.2,0.9,3.9,8.1,7.3,9.0
segment:line-7-civil-128:0000,civil_segment,line-7-civil-128,line-7,elevated,1341.7,-9.52683401,30.38013437,0..30cm,20.0,7.0,30.0,59.0,38.0,81.0,21.0,8.0,33.0,1420.0,1200.0,1590.0,4.2,2.2,7.3,7.9,7.2,8.3
segment:line-7-civil-128:0000,civil_segment,line-7-civil-128,line-7,elevated,1341.7,-9.52683401,30.38013437,30..60cm,22.0,9.0,34.0,57.0,35.0,81.0,21.0,7.0,36.0,1510.0,1330.0,1680.0,2.8,1.3,5.1,8.1,7.5,8.9
segment:line-7-civil-128:0000,civil_segment,line-7-civil-128,line-7,elevated,1341.7,-9.52683401,30.38013437,60..100cm,23.0,8.0,37.0,56.0,30.0,84.0,21.0,6.0,38.0,1540.0,1350.0,1770.0,2.2,0.9,3.9,8.1,7.3,9.0
segment:line-7-civil-128:0001,civil_segment,line-7-civil-128,line-7,elevated,1395.8,-9.52703863,30.37972121,0..30cm,20.0,7.0,28.0,61.0,41.0,81.0,20.0,6.0,31.0,1430.0,1260.0,1580.0,4.3,2.2,8.4,7.8,7.3,8.4
segment:line-7-civil-128:0001,civil_segment,line-7-civil-128,line-7,elevated,1395.8,-9.52703863,30.37972121,30..60cm,21.0,9.0,34.0,59.0,35.0,82.0,20.0,6.0,37.0,1500.0,1330.0,1630.0,2.6,1.1,4.9,8.1,7.4,8.6
segment:line-7-civil-128:0001,civil_segment,line-7-civil-128,line-7,elevated,1395.8,-9.52703863,30.37972121,60..100cm,22.0,8.0,37.0,58.0,29.0,82.0,20.0,6.0,36.0,1540.0,1380.0,1680.0,2.2,0.9,4.1,8.0,7.2,8.6
segment:line-7-civil-128:0002,civil_segment,line-7-civil-128,line-7,elevated,1449.9,-9.52703863,30.37923437,0..30cm,20.0,7.0,28.0,61.0,41.0,81.0,20.0,6.0,31.0,1430.0,1260.0,1580.0,4.3,2.2,8.4,7.8,7.3,8.4
segment:line-7-civil-128:0002,civil_segment,line-7-civil-128,line-7,elevated,1449.9,-9.52703863,30.37923437,30..60cm,21.0,9.0,34.0,59.0,35.0,82.0,20.0,6.0,37.0,1500.0,1330.0,1630.0,2.6,1.1,4.9,8.1,7.4,8.6
segment:line-7-civil-128:0002,civil_segment,line-7-civil-128,line-7,elevated,1449.9,-9.52703863,30.37923437,60..100cm,22.0,8.0,37.0,58.0,29.0,82.0,20.0,6.0,36.0,1540.0,1380.0,1680.0,2.2,0.9,4.1,8.0,7.2,8.6
segment:line-7-civil-129:0000,civil_segment,line-7-civil-129,line-7,elevated,1449.9,-9.52703863,30.37923437,0..30cm,20.0,7.0,28.0,61.0,41.0,81.0,20.0,6.0,31.0,1430.0,1260.0,1580.0,4.3,2.2,8.4,7.8,7.3,8.4
segment:line-7-civil-129:0000,civil_segment,line-7-civil-129,line-7,elevated,1449.9,-9.52703863,30.37923437,30..60cm,21.0,9.0,34.0,59.0,35.0,82.0,20.0,6.0,37.0,1500.0,1330.0,1630.0,2.6,1.1,4.9,8.1,7.4,8.6
segment:line-7-civil-129:0000,civil_segment,line-7-civil-129,line-7,elevated,1449.9,-9.52703863,30.37923437,60..100cm,22.0,8.0,37.0,58.0,29.0,82.0,20.0,6.0,36.0,1540.0,1380.0,1680.0,2.2,0.9,4.1,8.0,7.2,8.6
segment:line-7-civil-129:0001,civil_segment,line-7-civil-129,line-7,elevated,1839.9,-9.52703863,30.37572723,0..30cm,21.0,9.0,30.0,57.0,38.0,78.0,22.0,9.0,34.0,1430.0,1230.0,1590.0,4.6,2.2,7.9,7.9,7.2,8.4
segment:line-7-civil-129:0001,civil_segment,line-7-civil-129,line-7,elevated,1839.9,-9.52703863,30.37572723,30..60cm,23.0,10.0,35.0,56.0,34.0,80.0,21.0,7.0,34.0,1520.0,1380.0,1730.0,2.8,1.3,5.7,8.1,7.5,8.8
segment:line-7-civil-129:0001,civil_segment,line-7-civil-129,line-7,elevated,1839.9,-9.52703863,30.37572723,60..100cm,23.0,8.0,38.0,56.0,25.0,82.0,20.0,6.0,35.0,1540.0,1340.0,1770.0,2.7,1.0,5.8,8.1,7.2,8.9
segment:line-7-civil-129:0002,civil_segment,line-7-civil-129,line-7,elevated,2229.9,-9.52703863,30.37222008,0..30cm,21.0,5.0,30.0,58.0,38.0,84.0,21.0,6.0,35.0,1420.0,1210.0,1620.0,5.8,2.8,10.0,7.8,7.2,8.4
segment:line-7-civil-129:0002,civil_segment,line-7-civil-129,line-7,elevated,2229.9,-9.52703863,30.37222008,30..60cm,23.0,7.0,37.0,57.0,29.0,85.0,21.0,3.0,36.0,1520.0,1310.0,1760.0,3.1,1.3,5.6,8.0,7.2,8.7
segment:line-7-civil-129:0002,civil_segment,line-7-civil-129,line-7,elevated,2229.9,-9.52703863,30.37222008,60..100cm,24.0,7.0,39.0,56.0,24.0,85.0,21.0,4.0,36.0,1530.0,1310.0,1790.0,3.0,1.3,5.9,8.0,7.0,8.8
segment:line-7-civil-130:0000,civil_segment,line-7-civil-130,line-7,elevated,2229.9,-9.52703863,30.37222008,0..30cm,21.0,5.0,30.0,58.0,38.0,84.0,21.0,6.0,35.0,1420.0,1210.0,1620.0,5.8,2.8,10.0,7.8,7.2,8.4
segment:line-7-civil-130:0000,civil_segment,line-7-civil-130,line-7,elevated,2229.9,-9.52703863,30.37222008,30..60cm,23.0,7.0,37.0,57.0,29.0,85.0,21.0,3.0,36.0,1520.0,1310.0,1760.0,3.1,1.3,5.6,8.0,7.2,8.7
segment:line-7-civil-130:0000,civil_segment,line-7-civil-130,line-7,elevated,2229.9,-9.52703863,30.37222008,60..100cm,24.0,7.0,39.0,56.0,24.0,85.0,21.0,4.0,36.0,1530.0,1310.0,1790.0,3.0,1.3,5.9,8.0,7.0,8.8
segment:line-7-civil-130:0001,civil_segment,line-7-civil-130,line-7,elevated,2288.2,-9.52703863,30.37169511,0..30cm,22.0,6.0,33.0,56.0,38.0,82.0,22.0,8.0,36.0,1420.0,1210.0,1580.0,3.6,1.1,6.9,7.8,7.2,8.4
segment:line-7-civil-130:0001,civil_segment,line-7-civil-130,line-7,elevated,2288.2,-9.52703863,30.37169511,30..60cm,24.0,8.0,37.0,56.0,29.0,81.0,21.0,3.0,36.0,1530.0,1320.0,1730.0,2.6,1.2,4.9,8.0,7.3,8.8
segment:line-7-civil-130:0001,civil_segment,line-7-civil-130,line-7,elevated,2288.2,-9.52703863,30.37169511,60..100cm,24.0,8.0,38.0,55.0,28.0,85.0,21.0,2.0,36.0,1540.0,1340.0,1780.0,1.8,0.5,3.3,8.1,7.2,9.0
segment:line-7-civil-130:0002,civil_segment,line-7-civil-130,line-7,elevated,2346.5,-9.52745455,30.37131994,0..30cm,22.0,6.0,33.0,56.0,38.0,82.0,22.0,8.0,36.0,1420.0,1210.0,1580.0,3.6,1.1,6.9,7.8,7.2,8.4
segment:line-7-civil-130:0002,civil_segment,line-7-civil-130,line-7,elevated,2346.5,-9.52745455,30.37131994,30..60cm,24.0,8.0,37.0,56.0,29.0,81.0,21.0,3.0,36.0,1530.0,1320.0,1730.0,2.6,1.2,4.9,8.0,7.3,8.8
segment:line-7-civil-130:0002,civil_segment,line-7-civil-130,line-7,elevated,2346.5,-9.52745455,30.37131994,60..100cm,24.0,8.0,38.0,55.0,28.0,85.0,21.0,2.0,36.0,1540.0,1340.0,1780.0,1.8,0.5,3.3,8.1,7.2,9.0
segment:line-7-civil-131:0000,civil_segment,line-7-civil-131,line-7,elevated,2346.5,-9.52745455,30.37131994,0..30cm,22.0,6.0,33.0,56.0,38.0,82.0,22.0,8.0,36.0,1420.0,1210.0,1580.0,3.6,1.1,6.9,7.8,7.2,8.4
segment:line-7-civil-131:0000,civil_segment,line-7-civil-131,line-7,elevated,2346.5,-9.52745455,30.37131994,30..60cm,24.0,8.0,37.0,56.0,29.0,81.0,21.0,3.0,36.0,1530.0,1320.0,1730.0,2.6,1.2,4.9,8.0,7.3,8.8
segment:line-7-civil-131:0000,civil_segment,line-7-civil-131,line-7,elevated,2346.5,-9.52745455,30.37131994,60..100cm,24.0,8.0,38.0,55.0,28.0,85.0,21.0,2.0,36.0,1540.0,1340.0,1780.0,1.8,0.5,3.3,8.1,7.2,9.0
segment:line-7-civil-131:0001,civil_segment,line-7-civil-131,line-7,elevated,2714.2,-9.53016365,30.36898002,0..30cm,20.0,7.0,30.0,59.0,39.0,85.0,21.0,5.0,34.0,1420.0,1210.0,1590.0,4.5,2.5,8.3,7.9,7.3,8.4
segment:line-7-civil-131:0001,civil_segment,line-7-civil-131,line-7,elevated,2714.2,-9.53016365,30.36898002,30..60cm,22.0,6.0,36.0,58.0,30.0,89.0,20.0,2.0,37.0,1500.0,1350.0,1660.0,2.8,1.3,5.7,8.0,7.4,8.7
segment:line-7-civil-131:0001,civil_segment,line-7-civil-131,line-7,elevated,2714.2,-9.53016365,30.36898002,60..100cm,22.0,6.0,38.0,57.0,25.0,92.0,20.0,0.0,38.0,1530.0,1340.0,1720.0,2.3,0.8,4.6,8.0,7.2,8.8
segment:line-7-civil-131:0002,civil_segment,line-7-civil-131,line-7,elevated,3081.9,-9.53287271,30.36664013,0..30cm,21.0,6.0,32.0,58.0,39.0,79.0,21.0,7.0,36.0,1410.0,1210.0,1580.0,4.6,1.9,10.1,7.8,7.2,8.4
segment:line-7-civil-131:0002,civil_segment,line-7-civil-131,line-7,elevated,3081.9,-9.53287271,30.36664013,30..60cm,22.0,7.0,35.0,58.0,33.0,84.0,20.0,2.0,37.0,1510.0,1310.0,1670.0,2.8,1.4,4.8,8.0,7.2,8.8
segment:line-7-civil-131:0002,civil_segment,line-7-civil-131,line-7,elevated,3081.9,-9.53287271,30.36664013,60..100cm,22.0,7.0,35.0,58.0,31.0,92.0,19.0,0.0,36.0,1530.0,1340.0,1740.0,2.5,1.0,5.4,8.0,7.2,8.9
segment:line-8-civil-132:0000,civil_segment,line-8-civil-132,line-8,elevated,0.0,-9.55975116,30.40623269,0..30cm,21.0,7.0,29.0,58.0,42.0,83.0,21.0,7.0,33.0,1410.0,1190.0,1550.0,4.4,2.0,7.5,7.8,7.2,8.3
segment:line-8-civil-132:0000,civil_segment,line-8-civil-132,line-8,elevated,0.0,-9.55975116,30.40623269,30..60cm,24.0,9.0,34.0,57.0,35.0,85.0,19.0,3.0,36.0,1480.0,1250.0,1660.0,2.8,1.3,5.6,8.0,7.3,8.8
segment:line-8-civil-132:0000,civil_segment,line-8-civil-132,line-8,elevated,0.0,-9.55975116,30.40623269,60..100cm,24.0,10.0,38.0,56.0,30.0,84.0,19.0,3.0,36.0,1480.0,1230.0,1640.0,2.4,1.1,4.4,8.0,7.2,8.9
segment:line-8-civil-132:0001,civil_segment,line-8-civil-132,line-8,elevated,260.0,-9.56246159,30.40623269,0..30cm,22.0,7.0,30.0,58.0,41.0,83.0,21.0,7.0,36.0,1410.0,1190.0,1550.0,4.1,1.8,7.8,7.8,7.2,8.2
segment:line-8-civil-132:0001,civil_segment,line-8-civil-132,line-8,elevated,260.0,-9.56246159,30.40623269,30..60cm,24.0,9.0,35.0,57.0,30.0,85.0,19.0,3.0,38.0,1490.0,1330.0,1660.0,3.1,1.3,6.6,8.0,7.4,8.8
segment:line-8-civil-132:0001,civil_segment,line-8-civil-132,line-8,elevated,260.0,-9.56246159,30.40623269,60..100cm,25.0,10.0,38.0,56.0,27.0,85.0,19.0,3.0,38.0,1520.0,1380.0,1620.0,2.5,0.8,5.4,8.1,7.3,9.0
segment:line-8-civil-132:0002,civil_segment,line-8-civil-132,line-8,elevated,520.0,-9.56517201,30.40623269,0..30cm,23.0,7.0,30.0,56.0,35.0,81.0,22.0,9.0,36.0,1420.0,1220.0,1560.0,4.8,2.7,8.0,7.8,7.3,8.3
segment:line-8-civil-132:0002,civil_segment,line-8-civil-132,line-8,elevated,520.0,-9.56517201,30.40623269,30..60cm,25.0,9.0,35.0,55.0,34.0,82.0,20.0,3.0,36.0,1500.0,1320.0,1730.0,2.7,1.2,5.2,8.0,7.4,8.8
segment:line-8-civil-132:0002,civil_segment,line-8-civil-132,line-8,elevated,520.0,-9.56517201,30.40623269,60..100cm,25.0,9.0,38.0,55.0,27.0,84.0,20.0,4.0,38.0,1510.0,1310.0,1730.0,2.3,1.1,4.4,8.1,7.2,9.0
segment:line-8-civil-133:0000,civil_segment,line-8-civil-133,line-8,elevated,520.0,-9.56517201,30.40623269,0..30cm,23.0,7.0,30.0,56.0,35.0,81.0,22.0,9.0,36.0,1420.0,1220.0,1560.0,4.8,2.7,8.0,7.8,7.3,8.3
segment:line-8-civil-133:0000,civil_segment,line-8-civil-133,line-8,elevated,520.0,-9.56517201,30.40623269,30..60cm,25.0,9.0,35.0,55.0,34.0,82.0,20.0,3.0,36.0,1500.0,1320.0,1730.0,2.7,1.2,5.2,8.0,7.4,8.8
segment:line-8-civil-133:0000,civil_segment,line-8-civil-133,line-8,elevated,520.0,-9.56517201,30.40623269,60..100cm,25.0,9.0,38.0,55.0,27.0,84.0,20.0,4.0,38.0,1510.0,1310.0,1730.0,2.3,1.1,4.4,8.1,7.2,9.0
segment:line-8-civil-133:0001,civil_segment,line-8-civil-133,line-8,elevated,578.3,-9.56577902,30.40623269,0..30cm,23.0,7.0,30.0,56.0,35.0,81.0,22.0,9.0,36.0,1420.0,1220.0,1560.0,4.8,2.7,8.0,7.8,7.3,8.3
segment:line-8-civil-133:0001,civil_segment,line-8-civil-133,line-8,elevated,578.3,-9.56577902,30.40623269,30..60cm,25.0,9.0,35.0,55.0,34.0,82.0,20.0,3.0,36.0,1500.0,1320.0,1730.0,2.7,1.2,5.2,8.0,7.4,8.8
segment:line-8-civil-133:0001,civil_segment,line-8-civil-133,line-8,elevated,578.3,-9.56577902,30.40623269,60..100cm,25.0,9.0,38.0,55.0,27.0,84.0,20.0,4.0,38.0,1510.0,1310.0,1730.0,2.3,1.1,4.4,8.1,7.2,9.0
segment:line-8-civil-133:0002,civil_segment,line-8-civil-133,line-8,elevated,636.6,-9.56621325,30.40587023,0..30cm,21.0,11.0,30.0,58.0,42.0,77.0,21.0,10.0,32.0,1410.0,1240.0,1580.0,5.2,2.9,8.6,7.7,7.2,8.4
segment:line-8-civil-133:0002,civil_segment,line-8-civil-133,line-8,elevated,636.6,-9.56621325,30.40587023,30..60cm,24.0,10.0,37.0,57.0,33.0,81.0,19.0,7.0,35.0,1450.0,1300.0,1600.0,2.7,0.9,5.8,8.0,7.4,8.7
segment:line-8-civil-133:0002,civil_segment,line-8-civil-133,line-8,elevated,636.6,-9.56621325,30.40587023,60..100cm,24.0,10.0,38.0,57.0,32.0,84.0,19.0,5.0,36.0,1460.0,1260.0,1600.0,2.2,0.9,4.2,8.1,7.5,8.9
segment:line-8-civil-134:0000,civil_segment,line-8-civil-134,line-8,elevated,636.6,-9.56621325,30.40587023,0..30cm,21.0,11.0,30.0,58.0,42.0,77.0,21.0,10.0,32.0,1410.0,1240.0,1580.0,5.2,2.9,8.6,7.7,7.2,8.4
segment:line-8-civil-134:0000,civil_segment,line-8-civil-134,line-8,elevated,636.6,-9.56621325,30.40587023,30..60cm,24.0,10.0,37.0,57.0,33.0,81.0,19.0,7.0,35.0,1450.0,1300.0,1600.0,2.7,0.9,5.8,8.0,7.4,8.7
segment:line-8-civil-134:0000,civil_segment,line-8-civil-134,line-8,elevated,636.6,-9.56621325,30.40587023,60..100cm,24.0,10.0,38.0,57.0,32.0,84.0,19.0,5.0,36.0,1460.0,1260.0,1600.0,2.2,0.9,4.2,8.1,7.5,8.9
segment:line-8-civil-134:0001,civil_segment,line-8-civil-134,line-8,elevated,921.15,-9.56830862,30.4040604,0..30cm,20.0,7.0,29.0,61.0,40.0,85.0,20.0,7.0,36.0,1430.0,1260.0,1610.0,4.0,1.8,8.3,7.8,7.3,8.3
segment:line-8-civil-134:0001,civil_segment,line-8-civil-134,line-8,elevated,921.15,-9.56830862,30.4040604,30..60cm,23.0,7.0,42.0,59.0,29.0,86.0,18.0,4.0,36.0,1490.0,1330.0,1600.0,2.4,0.9,4.6,8.1,7.4,8.8
segment:line-8-civil-134:0001,civil_segment,line-8-civil-134,line-8,elevated,921.15,-9.56830862,30.4040604,60..100cm,23.0,6.0,42.0,58.0,25.0,88.0,19.0,4.0,38.0,1510.0,1350.0,1640.0,2.0,0.8,3.8,8.1,7.3,9.0
segment:line-8-civil-134:0002,civil_segment,line-8-civil-134,line-8,elevated,1205.7,-9.56996081,30.40209107,0..30cm,20.0,7.0,28.0,61.0,40.0,84.0,19.0,6.0,36.0,1430.0,1240.0,1610.0,4.4,1.9,8.5,7.8,7.3,8.3
segment:line-8-civil-134:0002,civil_segment,line-8-civil-134,line-8,elevated,1205.7,-9.56996081,30.40209107,30..60cm,22.0,6.0,39.0,60.0,35.0,89.0,18.0,4.0,34.0,1480.0,1320.0,1600.0,2.4,1.2,5.1,8.0,7.4,8.7
segment:line-8-civil-134:0002,civil_segment,line-8-civil-134,line-8,elevated,1205.7,-9.56996081,30.40209107,60..100cm,23.0,6.0,40.0,60.0,30.0,90.0,18.0,4.0,36.0,1500.0,1340.0,1640.0,2.1,0.8,4.3,8.1,7.3,8.9
segment:line-8-civil-135:0000,civil_segment,line-8-civil-135,line-8,elevated,1205.7,-9.56996081,30.40209107,0..30cm,20.0,7.0,28.0,61.0,40.0,84.0,19.0,6.0,36.0,1430.0,1240.0,1610.0,4.4,1.9,8.5,7.8,7.3,8.3
segment:line-8-civil-135:0000,civil_segment,line-8-civil-135,line-8,elevated,1205.7,-9.56996081,30.40209107,30..60cm,22.0,6.0,39.0,60.0,35.0,89.0,18.0,4.0,34.0,1480.0,1320.0,1600.0,2.4,1.2,5.1,8.0,7.4,8.7
segment:line-8-civil-135:0000,civil_segment,line-8-civil-135,line-8,elevated,1205.7,-9.56996081,30.40209107,60..100cm,23.0,6.0,40.0,60.0,30.0,90.0,18.0,4.0,36.0,1500.0,1340.0,1640.0,2.1,0.8,4.3,8.1,7.3,8.9
segment:line-8-civil-135:0001,civil_segment,line-8-civil-135,line-8,elevated,1235.7,-9.56996081,30.40182136,0..30cm,20.0,7.0,28.0,60.0,40.0,82.0,20.0,7.0,36.0,1430.0,1240.0,1590.0,4.3,1.4,7.8,7.9,7.3,8.4
segment:line-8-civil-135:0001,civil_segment,line-8-civil-135,line-8,elevated,1235.7,-9.56996081,30.40182136,30..60cm,22.0,6.0,35.0,58.0,35.0,87.0,19.0,4.0,36.0,1480.0,1320.0,1600.0,2.5,1.2,4.7,8.1,7.6,8.9
segment:line-8-civil-135:0001,civil_segment,line-8-civil-135,line-8,elevated,1235.7,-9.56996081,30.40182136,60..100cm,23.0,6.0,37.0,58.0,30.0,90.0,19.0,4.0,38.0,1510.0,1350.0,1620.0,2.2,1.0,4.1,8.2,7.5,9.0
segment:line-8-civil-135:0002,civil_segment,line-8-civil-135,line-8,elevated,1265.7,-9.56996081,30.40155164,0..30cm,20.0,7.0,28.0,60.0,40.0,82.0,20.0,7.0,36.0,1430.0,1240.0,1590.0,4.3,1.4,7.8,7.9,7.3,8.4
segment:line-8-civil-135:0002,civil_segment,line-8-civil-135,line-8,elevated,1265.7,-9.56996081,30.40155164,30..60cm,22.0,6.0,35.0,58.0,35.0,87.0,19.0,4.0,36.0,1480.0,1320.0,1600.0,2.5,1.2,4.7,8.1,7.6,8.9
segment:line-8-civil-135:0002,civil_segment,line-8-civil-135,line-8,elevated,1265.7,-9.56996081,30.40155164,60..100cm,23.0,6.0,37.0,58.0,30.0,90.0,19.0,4.0,38.0,1510.0,1350.0,1620.0,2.2,1.0,4.1,8.2,7.5,9.0
segment:line-8-civil-136:0000,civil_segment,line-8-civil-136,line-8,elevated,1265.7,-9.56996081,30.40155164,0..30cm,20.0,7.0,28.0,60.0,40.0,82.0,20.0,7.0,36.0,1430.0,1240.0,1590.0,4.3,1.4,7.8,7.9,7.3,8.4
segment:line-8-civil-136:0000,civil_segment,line-8-civil-136,line-8,elevated,1265.7,-9.56996081,30.40155164,30..60cm,22.0,6.0,35.0,58.0,35.0,87.0,19.0,4.0,36.0,1480.0,1320.0,1600.0,2.5,1.2,4.7,8.1,7.6,8.9
segment:line-8-civil-136:0000,civil_segment,line-8-civil-136,line-8,elevated,1265.7,-9.56996081,30.40155164,60..100cm,23.0,6.0,37.0,58.0,30.0,90.0,19.0,4.0,38.0,1510.0,1350.0,1620.0,2.2,1.0,4.1,8.2,7.5,9.0
segment:line-8-civil-136:0001,civil_segment,line-8-civil-136,line-8,elevated,1285.7,-9.56996081,30.40137184,0..30cm,20.0,7.0,28.0,60.0,40.0,82.0,20.0,7.0,36.0,1430.0,1240.0,1590.0,4.3,1.4,7.8,7.9,7.3,8.4
segment:line-8-civil-136:0001,civil_segment,line-8-civil-136,line-8,elevated,1285.7,-9.56996081,30.40137184,30..60cm,22.0,6.0,35.0,58.0,35.0,87.0,19.0,4.0,36.0,1480.0,1320.0,1600.0,2.5,1.2,4.7,8.1,7.6,8.9
segment:line-8-civil-136:0001,civil_segment,line-8-civil-136,line-8,elevated,1285.7,-9.56996081,30.40137184,60..100cm,23.0,6.0,37.0,58.0,30.0,90.0,19.0,4.0,38.0,1510.0,1350.0,1620.0,2.2,1.0,4.1,8.2,7.5,9.0
segment:line-8-civil-136:0002,civil_segment,line-8-civil-136,line-8,elevated,1305.7,-9.56996081,30.40119203,0..30cm,20.0,7.0,28.0,60.0,40.0,82.0,20.0,7.0,36.0,1430.0,1240.0,1590.0,4.3,1.4,7.8,7.9,7.3,8.4
segment:line-8-civil-136:0002,civil_segment,line-8-civil-136,line-8,elevated,1305.7,-9.56996081,30.40119203,30..60cm,22.0,6.0,35.0,58.0,35.0,87.0,19.0,4.0,36.0,1480.0,1320.0,1600.0,2.5,1.2,4.7,8.1,7.6,8.9
segment:line-8-civil-136:0002,civil_segment,line-8-civil-136,line-8,elevated,1305.7,-9.56996081,30.40119203,60..100cm,23.0,6.0,37.0,58.0,30.0,90.0,19.0,4.0,38.0,1510.0,1350.0,1620.0,2.2,1.0,4.1,8.2,7.5,9.0
segment:line-8-civil-137:0000,civil_segment,line-8-civil-137,line-8,elevated,1305.7,-9.56996081,30.40119203,0..30cm,20.0,7.0,28.0,60.0,40.0,82.0,20.0,7.0,36.0,1430.0,1240.0,1590.0,4.3,1.4,7.8,7.9,7.3,8.4
segment:line-8-civil-137:0000,civil_segment,line-8-civil-137,line-8,elevated,1305.7,-9.56996081,30.40119203,30..60cm,22.0,6.0,35.0,58.0,35.0,87.0,19.0,4.0,36.0,1480.0,1320.0,1600.0,2.5,1.2,4.7,8.1,7.6,8.9
segment:line-8-civil-137:0000,civil_segment,line-8-civil-137,line-8,elevated,1305.7,-9.56996081,30.40119203,60..100cm,23.0,6.0,37.0,58.0,30.0,90.0,19.0,4.0,38.0,1510.0,1350.0,1620.0,2.2,1.0,4.1,8.2,7.5,9.0
segment:line-8-civil-137:0001,civil_segment,line-8-civil-137,line-8,elevated,1354.0,-9.57002337,30.40077966,0..30cm,19.0,7.0,28.0,61.0,40.0,84.0,19.0,6.0,36.0,1430.0,1240.0,1610.0,4.4,1.5,7.7,7.8,7.3,8.4
segment:line-8-civil-137:0001,civil_segment,line-8-civil-137,line-8,elevated,1354.0,-9.57002337,30.40077966,30..60cm,22.0,7.0,34.0,60.0,36.0,87.0,18.0,4.0,34.0,1480.0,1320.0,1620.0,2.5,1.2,5.2,8.1,7.5,8.8
segment:line-8-civil-137:0001,civil_segment,line-8-civil-137,line-8,elevated,1354.0,-9.57002337,30.40077966,60..100cm,22.0,7.0,35.0,60.0,31.0,90.0,18.0,4.0,36.0,1510.0,1340.0,1640.0,2.2,0.7,4.2,8.1,7.5,8.9
segment:line-8-civil-137:0002,civil_segment,line-8-civil-137,line-8,elevated,1402.3,-9.57037876,30.4004727,0..30cm,19.0,7.0,28.0,61.0,40.0,84.0,19.0,6.0,36.0,1430.0,1240.0,1610.0,4.4,1.5,7.7,7.8,7.3,8.4
segment:line-8-civil-137:0002,civil_segment,line-8-civil-137,line-8,elevated,1402.3,-9.57037876,30.4004727,30..60cm,22.0,7.0,34.0,60.0,36.0,87.0,18.0,4.0,34.0,1480.0,1320.0,1620.0,2.5,1.2,5.2,8.1,7.5,8.8
segment:line-8-civil-137:0002,civil_segment,line-8-civil-137,line-8,elevated,1402.3,-9.57037876,30.4004727,60..100cm,22.0,7.0,35.0,60.0,31.0,90.0,18.0,4.0,36.0,1510.0,1340.0,1640.0,2.2,0.7,4.2,8.1,7.5,8.9
segment:line-8-civil-138:0000,civil_segment,line-8-civil-138,line-8,elevated,1402.3,-9.57037876,30.4004727,0..30cm,19.0,7.0,28.0,61.0,40.0,84.0,19.0,6.0,36.0,1430.0,1240.0,1610.0,4.4,1.5,7.7,7.8,7.3,8.4
segment:line-8-civil-138:0000,civil_segment,line-8-civil-138,line-8,elevated,1402.3,-9.57037876,30.4004727,30..60cm,22.0,7.0,34.0,60.0,36.0,87.0,18.0,4.0,34.0,1480.0,1320.0,1620.0,2.5,1.2,5.2,8.1,7.5,8.8
segment:line-8-civil-138:0000,civil_segment,line-8-civil-138,line-8,elevated,1402.3,-9.57037876,30.4004727,60..100cm,22.0,7.0,35.0,60.0,31.0,90.0,18.0,4.0,36.0,1510.0,1340.0,1640.0,2.2,0.7,4.2,8.1,7.5,8.9
segment:line-8-civil-138:0001,civil_segment,line-8-civil-138,line-8,elevated,1897.25,-9.57402448,30.3973238,0..30cm,24.0,13.0,34.0,50.0,25.0,73.0,25.0,11.0,39.0,1400.0,1160.0,1560.0,4.4,2.0,7.5,7.9,7.3,8.4
segment:line-8-civil-138:0001,civil_segment,line-8-civil-138,line-8,elevated,1897.25,-9.57402448,30.3973238,30..60cm,27.0,13.0,42.0,50.0,19.0,72.0,24.0,7.0,43.0,1460.0,1320.0,1640.0,2.6,1.2,5.2,8.1,7.5,8.9
segment:line-8-civil-138:0001,civil_segment,line-8-civil-138,line-8,elevated,1897.25,-9.57402448,30.3973238,60..100cm,27.0,10.0,45.0,50.0,18.0,80.0,23.0,6.0,41.0,1490.0,1340.0,1660.0,2.4,1.0,6.0,8.2,7.5,9.0
segment:line-8-civil-138:0002,civil_segment,line-8-civil-138,line-8,elevated,2392.2,-9.57767013,30.39417495,0..30cm,24.0,11.0,35.0,52.0,29.0,78.0,23.0,9.0,38.0,1430.0,1310.0,1600.0,6.3,3.3,10.5,7.8,7.3,8.3
segment:line-8-civil-138:0002,civil_segment,line-8-civil-138,line-8,elevated,2392.2,-9.57767013,30.39417495,30..60cm,25.0,10.0,36.0,54.0,22.0,82.0,20.0,4.0,37.0,1500.0,1370.0,1740.0,3.4,1.4,7.5,8.0,7.2,8.7
segment:line-8-civil-138:0002,civil_segment,line-8-civil-138,line-8,elevated,2392.2,-9.57767013,30.39417495,60..100cm,25.0,9.0,38.0,56.0,24.0,87.0,20.0,0.0,38.0,1510.0,1320.0,1740.0,2.7,1.1,6.1,8.1,7.5,8.8
segment:line-9-civil-139:0000,civil_segment,line-9-civil-139,line-9,elevated,0.0,-9.57079425,30.43124798,0..30cm,26.0,12.0,39.0,47.0,21.0,69.0,27.0,15.0,40.0,1420.0,1240.0,1600.0,6.3,3.1,11.7,7.7,7.1,8.2
segment:line-9-civil-139:0000,civil_segment,line-9-civil-139,line-9,elevated,0.0,-9.57079425,30.43124798,30..60cm,28.0,13.0,42.0,47.0,22.0,72.0,25.0,9.0,43.0,1500.0,1320.0,1730.0,3.4,1.4,6.4,7.9,7.4,8.5
segment:line-9-civil-139:0000,civil_segment,line-9-civil-139,line-9,elevated,0.0,-9.57079425,30.43124798,60..100cm,28.0,12.0,43.0,47.0,21.0,75.0,25.0,8.0,43.0,1490.0,1300.0,1660.0,2.7,1.1,5.6,8.0,7.2,8.7
segment:line-9-civil-139:0001,civil_segment,line-9-civil-139,line-9,elevated,254.55,-9.56891899,30.43286769,0..30cm,22.0,10.0,32.0,55.0,38.0,75.0,23.0,11.0,35.0,1400.0,1230.0,1560.0,4.7,2.2,8.4,7.8,7.2,8.3
segment:line-9-civil-139:0001,civil_segment,line-9-civil-139,line-9,elevated,254.55,-9.56891899,30.43286769,30..60cm,25.0,10.0,42.0,53.0,23.0,81.0,23.0,7.0,37.0,1470.0,1320.0,1610.0,2.9,1.3,5.1,8.0,7.4,8.8
segment:line-9-civil-139:0001,civil_segment,line-9-civil-139,line-9,elevated,254.55,-9.56891899,30.43286769,60..100cm,25.0,10.0,41.0,52.0,23.0,84.0,23.0,6.0,37.0,1490.0,1330.0,1600.0,2.3,0.9,4.3,8.1,7.1,8.8
segment:line-9-civil-139:0002,civil_segment,line-9-civil-139,line-9,elevated,509.1,-9.56704373,30.43448741,0..30cm,26.0,14.0,39.0,47.0,22.0,64.0,27.0,17.0,39.0,1410.0,1260.0,1540.0,4.4,2.5,8.4,7.7,7.2,8.2
segment:line-9-civil-139:0002,civil_segment,line-9-civil-139,line-9,elevated,509.1,-9.56704373,30.43448741,30..60cm,28.0,14.0,42.0,45.0,20.0,68.0,27.0,16.0,41.0,1470.0,1330.0,1610.0,2.5,1.1,5.5,7.9,7.3,8.6
segment:line-9-civil-139:0002,civil_segment,line-9-civil-139,line-9,elevated,509.1,-9.56704373,30.43448741,60..100cm,28.0,14.0,43.0,45.0,20.0,66.0,27.0,17.0,41.0,1500.0,1350.0,1600.0,2.1,1.0,3.9,7.9,7.0,8.6
segment:line-9-civil-140:0000,civil_segment,line-9-civil-140,line-9,elevated,509.1,-9.56704373,30.43448741,0..30cm,26.0,14.0,39.0,47.0,22.0,64.0,27.0,17.0,39.0,1410.0,1260.0,1540.0,4.4,2.5,8.4,7.7,7.2,8.2
segment:line-9-civil-140:0000,civil_segment,line-9-civil-140,line-9,elevated,509.1,-9.56704373,30.43448741,30..60cm,28.0,14.0,42.0,45.0,20.0,68.0,27.0,16.0,41.0,1470.0,1330.0,1610.0,2.5,1.1,5.5,7.9,7.3,8.6
segment:line-9-civil-140:0000,civil_segment,line-9-civil-140,line-9,elevated,509.1,-9.56704373,30.43448741,60..100cm,28.0,14.0,43.0,45.0,20.0,66.0,27.0,17.0,41.0,1500.0,1350.0,1600.0,2.1,1.0,3.9,7.9,7.0,8.6
segment:line-9-civil-140:0001,civil_segment,line-9-civil-140,line-9,elevated,563.25,-9.5665653,30.43466734,0..30cm,25.0,14.0,37.0,48.0,23.0,65.0,27.0,15.0,39.0,1400.0,1220.0,1540.0,4.3,2.4,8.1,7.7,7.2,8.2
segment:line-9-civil-140:0001,civil_segment,line-9-civil-140,line-9,elevated,563.25,-9.5665653,30.43466734,30..60cm,27.0,14.0,41.0,46.0,20.0,69.0,27.0,13.0,41.0,1490.0,1350.0,1640.0,2.7,1.3,4.8,7.9,7.4,8.7
segment:line-9-civil-140:0001,civil_segment,line-9-civil-140,line-9,elevated,563.25,-9.5665653,30.43466734,60..100cm,28.0,14.0,41.0,46.0,20.0,68.0,27.0,15.0,39.0,1510.0,1380.0,1630.0,2.2,0.7,4.5,8.0,7.1,8.8
segment:line-9-civil-140:0002,civil_segment,line-9-civil-140,line-9,elevated,617.4,-9.56600106,30.43466734,0..30cm,25.0,14.0,37.0,48.0,23.0,65.0,27.0,15.0,39.0,1400.0,1220.0,1540.0,4.3,2.4,8.1,7.7,7.2,8.2
segment:line-9-civil-140:0002,civil_segment,line-9-civil-140,line-9,elevated,617.4,-9.56600106,30.43466734,30..60cm,27.0,14.0,41.0,46.0,20.0,69.0,27.0,13.0,41.0,1490.0,1350.0,1640.0,2.7,1.3,4.8,7.9,7.4,8.7
segment:line-9-civil-140:0002,civil_segment,line-9-civil-140,line-9,elevated,617.4,-9.56600106,30.43466734,60..100cm,28.0,14.0,41.0,46.0,20.0,68.0,27.0,15.0,39.0,1510.0,1380.0,1630.0,2.2,0.7,4.5,8.0,7.1,8.8
segment:line-9-civil-141:0000,civil_segment,line-9-civil-141,line-9,elevated,617.4,-9.56600106,30.43466734,0..30cm,25.0,14.0,37.0,48.0,23.0,65.0,27.0,15.0,39.0,1400.0,1220.0,1540.0,4.3,2.4,8.1,7.7,7.2,8.2
segment:line-9-civil-141:0000,civil_segment,line-9-civil-141,line-9,elevated,617.4,-9.56600106,30.43466734,30..60cm,27.0,14.0,41.0,46.0,20.0,69.0,27.0,13.0,41.0,1490.0,1350.0,1640.0,2.7,1.3,4.8,7.9,7.4,8.7
segment:line-9-civil-141:0000,civil_segment,line-9-civil-141,line-9,elevated,617.4,-9.56600106,30.43466734,60..100cm,28.0,14.0,41.0,46.0,20.0,68.0,27.0,15.0,39.0,1510.0,1380.0,1630.0,2.2,0.7,4.5,8.0,7.1,8.8
segment:line-9-civil-141:0001,civil_segment,line-9-civil-141,line-9,elevated,907.4,-9.56297741,30.43466734,0..30cm,22.0,11.0,33.0,54.0,41.0,73.0,23.0,11.0,35.0,1410.0,1230.0,1560.0,4.3,2.1,7.9,7.8,7.3,8.2
segment:line-9-civil-141:0001,civil_segment,line-9-civil-141,line-9,elevated,907.4,-9.56297741,30.43466734,30..60cm,25.0,11.0,40.0,51.0,23.0,81.0,24.0,6.0,39.0,1470.0,1320.0,1610.0,3.0,1.1,5.5,8.0,7.5,8.7
segment:line-9-civil-141:0001,civil_segment,line-9-civil-141,line-9,elevated,907.4,-9.56297741,30.43466734,60..100cm,25.0,10.0,41.0,51.0,23.0,81.0,24.0,9.0,39.0,1490.0,1350.0,1600.0,2.5,0.9,4.5,8.0,7.2,8.7
segment:line-9-civil-141:0002,civil_segment,line-9-civil-141,line-9,elevated,1197.4,-9.55995375,30.43466734,0..30cm,26.0,14.0,38.0,48.0,22.0,65.0,27.0,15.0,41.0,1410.0,1230.0,1550.0,4.4,2.1,8.3,7.7,7.2,8.1
segment:line-9-civil-141:0002,civil_segment,line-9-civil-141,line-9,elevated,1197.4,-9.55995375,30.43466734,30..60cm,28.0,13.0,41.0,46.0,20.0,69.0,26.0,13.0,44.0,1490.0,1330.0,1620.0,3.0,1.4,6.1,7.9,7.3,8.7
segment:line-9-civil-141:0002,civil_segment,line-9-civil-141,line-9,elevated,1197.4,-9.55995375,30.43466734,60..100cm,28.0,13.0,41.0,46.0,20.0,69.0,27.0,14.0,45.0,1510.0,1400.0,1620.0,2.4,1.2,4.5,7.9,7.0,8.8
segment:line-9-civil-142:0000,civil_segment,line-9-civil-142,line-9,elevated,1197.4,-9.55995375,30.43466734,0..30cm,26.0,14.0,38.0,48.0,22.0,65.0,27.0,15.0,41.0,1410.0,1230.0,1550.0,4.4,2.1,8.3,7.7,7.2,8.1
segment:line-9-civil-142:0000,civil_segment,line-9-civil-142,line-9,elevated,1197.4,-9.55995375,30.43466734,30..60cm,28.0,13.0,41.0,46.0,20.0,69.0,26.0,13.0,44.0,1490.0,1330.0,1620.0,3.0,1.4,6.1,7.9,7.3,8.7
segment:line-9-civil-142:0000,civil_segment,line-9-civil-142,line-9,elevated,1197.4,-9.55995375,30.43466734,60..100cm,28.0,13.0,41.0,46.0,20.0,69.0,27.0,14.0,45.0,1510.0,1400.0,1620.0,2.4,1.2,4.5,7.9,7.0,8.8
segment:line-9-civil-142:0001,civil_segment,line-9-civil-142,line-9,elevated,1255.7,-9.5593466,30.43466734,0..30cm,26.0,14.0,38.0,48.0,22.0,65.0,27.0,15.0,41.0,1410.0,1230.0,1550.0,4.4,2.1,8.3,7.7,7.2,8.1
segment:line-9-civil-142:0001,civil_segment,line-9-civil-142,line-9,elevated,1255.7,-9.5593466,30.43466734,30..60cm,28.0,13.0,41.0,46.0,20.0,69.0,26.0,13.0,44.0,1490.0,1330.0,1620.0,3.0,1.4,6.1,7.9,7.3,8.7
segment:line-9-civil-142:0001,civil_segment,line-9-civil-142,line-9,elevated,1255.7,-9.5593466,30.43466734,60..100cm,28.0,13.0,41.0,46.0,20.0,69.0,27.0,14.0,45.0,1510.0,1400.0,1620.0,2.4,1.2,4.5,7.9,7.0,8.8
segment:line-9-civil-142:0002,civil_segment,line-9-civil-142,line-9,elevated,1314.0,-9.55891304,30.43503132,0..30cm,24.0,14.0,34.0,52.0,35.0,68.0,25.0,12.0,35.0,1410.0,1230.0,1540.0,4.4,2.1,8.2,7.8,7.2,8.2
segment:line-9-civil-142:0002,civil_segment,line-9-civil-142,line-9,elevated,1314.0,-9.55891304,30.43503132,30..60cm,26.0,13.0,37.0,49.0,27.0,68.0,25.0,10.0,40.0,1470.0,1320.0,1620.0,3.2,1.4,6.6,8.0,7.4,8.7
segment:line-9-civil-142:0002,civil_segment,line-9-civil-142,line-9,elevated,1314.0,-9.55891304,30.43503132,60..100cm,26.0,13.0,38.0,49.0,24.0,68.0,26.0,15.0,40.0,1500.0,1370.0,1620.0,2.5,1.0,4.7,8.0,7.1,8.8
segment:line-9-civil-143:0000,civil_segment,line-9-civil-143,line-9,elevated,1314.0,-9.55891304,30.43503132,0..30cm,24.0,14.0,34.0,52.0,35.0,68.0,25.0,12.0,35.0,1410.0,1230.0,1540.0,4.4,2.1,8.2,7.8,7.2,8.2
segment:line-9-civil-143:0000,civil_segment,line-9-civil-143,line-9,elevated,1314.0,-9.55891304,30.43503132,30..60cm,26.0,13.0,37.0,49.0,27.0,68.0,25.0,10.0,40.0,1470.0,1320.0,1620.0,3.2,1.4,6.6,8.0,7.4,8.7
segment:line-9-civil-143:0000,civil_segment,line-9-civil-143,line-9,elevated,1314.0,-9.55891304,30.43503132,60..100cm,26.0,13.0,38.0,49.0,24.0,68.0,26.0,15.0,40.0,1500.0,1370.0,1620.0,2.5,1.0,4.7,8.0,7.1,8.8
segment:line-9-civil-143:0001,civil_segment,line-9-civil-143,line-9,elevated,1653.4,-9.5564127,30.43719092,0..30cm,23.0,14.0,34.0,52.0,35.0,69.0,24.0,12.0,35.0,1410.0,1230.0,1570.0,4.5,2.7,8.1,7.8,7.2,8.2
segment:line-9-civil-143:0001,civil_segment,line-9-civil-143,line-9,elevated,1653.4,-9.5564127,30.43719092,30..60cm,25.0,13.0,37.0,49.0,27.0,70.0,25.0,7.0,40.0,1480.0,1320.0,1610.0,2.9,1.4,5.3,8.0,7.5,8.7
segment:line-9-civil-143:0001,civil_segment,line-9-civil-143,line-9,elevated,1653.4,-9.5564127,30.43719092,60..100cm,25.0,12.0,38.0,50.0,25.0,72.0,25.0,10.0,40.0,1500.0,1340.0,1620.0,2.2,0.9,4.6,8.1,7.3,8.8
segment:line-9-civil-143:0002,civil_segment,line-9-civil-143,line-9,elevated,1992.8,-9.55391234,30.43935055,0..30cm,24.0,12.0,36.0,50.0,31.0,73.0,25.0,14.0,36.0,1440.0,1270.0,1590.0,4.5,2.8,7.6,7.8,7.3,8.2
segment:line-9-civil-143:0002,civil_segment,line-9-civil-143,line-9,elevated,1992.8,-9.55391234,30.43935055,30..60cm,26.0,13.0,38.0,48.0,21.0,68.0,26.0,11.0,42.0,1510.0,1320.0,1660.0,2.9,1.4,5.6,7.9,7.4,8.7
segment:line-9-civil-143:0002,civil_segment,line-9-civil-143,line-9,elevated,1992.8,-9.55391234,30.43935055,60..100cm,26.0,12.0,40.0,48.0,20.0,70.0,26.0,11.0,41.0,1530.0,1330.0,1720.0,2.2,0.8,4.9,7.9,7.1,8.8
segment:line-9-civil-144:0000,civil_segment,line-9-civil-144,line-9,elevated,1992.8,-9.55391234,30.43935055,0..30cm,24.0,12.0,36.0,50.0,31.0,73.0,25.0,14.0,36.0,1440.0,1270.0,1590.0,4.5,2.8,7.6,7.8,7.3,8.2
segment:line-9-civil-144:0000,civil_segment,line-9-civil-144,line-9,elevated,1992.8,-9.55391234,30.43935055,30..60cm,26.0,13.0,38.0,48.0,21.0,68.0,26.0,11.0,42.0,1510.0,1320.0,1660.0,2.9,1.4,5.6,7.9,7.4,8.7
segment:line-9-civil-144:0000,civil_segment,line-9-civil-144,line-9,elevated,1992.8,-9.55391234,30.43935055,60..100cm,26.0,12.0,40.0,48.0,20.0,70.0,26.0,11.0,41.0,1530.0,1330.0,1720.0,2.2,0.8,4.9,7.9,7.1,8.8
segment:line-9-civil-144:0001,civil_segment,line-9-civil-144,line-9,elevated,2046.95,-9.55370872,30.43976451,0..30cm,24.0,12.0,36.0,50.0,31.0,73.0,25.0,14.0,36.0,1440.0,1270.0,1590.0,4.5,2.8,7.6,7.8,7.3,8.2
segment:line-9-civil-144:0001,civil_segment,line-9-civil-144,line-9,elevated,2046.95,-9.55370872,30.43976451,30..60cm,26.0,13.0,38.0,48.0,21.0,68.0,26.0,11.0,42.0,1510.0,1320.0,1660.0,2.9,1.4,5.6,7.9,7.4,8.7
segment:line-9-civil-144:0001,civil_segment,line-9-civil-144,line-9,elevated,2046.95,-9.55370872,30.43976451,60..100cm,26.0,12.0,40.0,48.0,20.0,70.0,26.0,11.0,41.0,1530.0,1330.0,1720.0,2.2,0.8,4.9,7.9,7.1,8.8
segment:line-9-civil-144:0002,civil_segment,line-9-civil-144,line-9,elevated,2101.1,-9.55370872,30.44025171,0..30cm,25.0,14.0,36.0,50.0,31.0,68.0,25.0,13.0,37.0,1450.0,1310.0,1580.0,4.6,2.6,8.2,7.8,7.2,8.3
segment:line-9-civil-144:0002,civil_segment,line-9-civil-144,line-9,elevated,2101.1,-9.55370872,30.44025171,30..60cm,26.0,13.0,39.0,48.0,20.0,68.0,26.0,10.0,42.0,1500.0,1320.0,1640.0,2.9,1.5,5.6,8.0,7.4,8.7
segment:line-9-civil-144:0002,civil_segment,line-9-civil-144,line-9,elevated,2101.1,-9.55370872,30.44025171,60..100cm,26.0,12.0,41.0,48.0,20.0,70.0,26.0,10.0,43.0,1520.0,1340.0,1690.0,2.1,0.8,5.1,8.1,7.2,8.9
segment:line-9-civil-145:0000,civil_segment,line-9-civil-145,line-9,elevated,2101.1,-9.55370872,30.44025171,0..30cm,25.0,14.0,36.0,50.0,31.0,68.0,25.0,13.0,37.0,1450.0,1310.0,1580.0,4.6,2.6,8.2,7.8,7.2,8.3
segment:line-9-civil-145:0000,civil_segment,line-9-civil-145,line-9,elevated,2101.1,-9.55370872,30.44025171,30..60cm,26.0,13.0,39.0,48.0,20.0,68.0,26.0,10.0,42.0,1500.0,1320.0,1640.0,2.9,1.5,5.6,8.0,7.4,8.7
segment:line-9-civil-145:0000,civil_segment,line-9-civil-145,line-9,elevated,2101.1,-9.55370872,30.44025171,60..100cm,26.0,12.0,41.0,48.0,20.0,70.0,26.0,10.0,43.0,1520.0,1340.0,1690.0,2.1,0.8,5.1,8.1,7.2,8.9
segment:line-9-civil-145:0001,civil_segment,line-9-civil-145,line-9,elevated,2521.1,-9.55370872,30.44402829,0..30cm,26.0,17.0,37.0,46.0,23.0,65.0,27.0,15.0,42.0,1470.0,1310.0,1600.0,5.0,2.9,8.5,7.7,7.2,8.1
segment:line-9-civil-145:0001,civil_segment,line-9-civil-145,line-9,elevated,2521.1,-9.55370872,30.44402829,30..60cm,27.0,16.0,38.0,45.0,21.0,67.0,28.0,14.0,43.0,1510.0,1330.0,1660.0,3.1,1.6,6.2,7.9,7.0,8.6
segment:line-9-civil-145:0001,civil_segment,line-9-civil-145,line-9,elevated,2521.1,-9.55370872,30.44402829,60..100cm,27.0,14.0,42.0,45.0,20.0,68.0,28.0,11.0,43.0,1520.0,1330.0,1690.0,2.5,0.9,4.3,7.9,7.0,8.6
segment:line-9-civil-145:0002,civil_segment,line-9-civil-145,line-9,elevated,2941.1,-9.55370872,30.44780487,0..30cm,23.0,13.0,34.0,53.0,34.0,70.0,24.0,12.0,39.0,1450.0,1270.0,1620.0,5.4,2.9,10.2,7.8,7.3,8.3
segment:line-9-civil-145:0002,civil_segment,line-9-civil-145,line-9,elevated,2941.1,-9.55370872,30.44780487,30..60cm,25.0,14.0,36.0,49.0,27.0,72.0,26.0,9.0,42.0,1480.0,1320.0,1650.0,3.1,1.5,5.5,8.0,7.2,8.7
segment:line-9-civil-145:0002,civil_segment,line-9-civil-145,line-9,elevated,2941.1,-9.55370872,30.44780487,60..100cm,26.0,14.0,39.0,48.0,25.0,75.0,27.0,9.0,44.0,1510.0,1310.0,1720.0,2.5,1.1,4.7,8.1,7.3,8.9
station:line-1-0435-0260-s024394,station,line-1-0435-0260-s024394,line-1,station,24393.6,-9.6587222,30.44852473,0..30cm,27.0,11.0,41.0,50.0,20.0,79.0,24.0,10.0,40.0,1370.0,1110.0,1590.0,4.9,2.0,8.7,7.8,7.4,8.2
station:line-1-0435-0260-s024394,station,line-1-0435-0260-s024394,line-1,station,24393.6,-9.6587222,30.44852473,30..60cm,28.0,12.0,41.0,48.0,17.0,79.0,24.0,7.0,40.0,1450.0,1190.0,1700.0,3.0,1.3,5.7,7.9,7.5,8.6
station:line-1-0435-0260-s024394,station,line-1-0435-0260-s024394,line-1,station,24393.6,-9.6587222,30.44852473,60..100cm,28.0,11.0,42.0,47.0,18.0,80.0,25.0,10.0,42.0,1480.0,1230.0,1720.0,2.5,1.0,4.6,7.9,7.0,8.6
station:line-1-0512-0359-s021588,station,line-1-0512-0359-s021588,line-1,station,21588.3,-9.63809455,30.43466734,0..30cm,26.0,14.0,37.0,48.0,23.0,71.0,26.0,11.0,40.0,1420.0,1270.0,1600.0,6.1,3.3,11.0,7.7,7.2,8.2
station:line-1-0512-0359-s021588,station,line-1-0512-0359-s021588,line-1,station,21588.3,-9.63809455,30.43466734,30..60cm,26.0,13.0,39.0,51.0,22.0,78.0,23.0,6.0,40.0,1480.0,1290.0,1740.0,3.0,1.3,5.8,7.8,7.2,8.5
station:line-1-0512-0359-s021588,station,line-1-0512-0359-s021588,line-1,station,21588.3,-9.63809455,30.43466734,60..100cm,26.0,12.0,39.0,52.0,23.0,76.0,22.0,8.0,38.0,1500.0,1200.0,1770.0,2.5,1.2,5.1,7.8,7.0,8.6
station:line-1-0555-0415-s020007,station,line-1-0555-0415-s020007,line-1,station,20006.6,-9.62642639,30.42692879,0..30cm,26.0,14.0,39.0,49.0,23.0,75.0,25.0,8.0,40.0,1410.0,1260.0,1550.0,5.6,3.1,11.1,7.8,7.3,8.3
station:line-1-0555-0415-s020007,station,line-1-0555-0415-s020007,line-1,station,20006.6,-9.62642639,30.42692879,30..60cm,27.0,14.0,39.0,50.0,20.0,80.0,23.0,6.0,41.0,1470.0,1340.0,1650.0,3.4,1.8,5.6,8.0,7.4,8.7
station:line-1-0555-0415-s020007,station,line-1-0555-0415-s020007,line-1,station,20006.6,-9.62642639,30.42692879,60..100cm,27.0,13.0,39.0,50.0,20.0,82.0,23.0,4.0,41.0,1500.0,1360.0,1720.0,2.5,1.3,4.1,8.0,7.0,8.9
station:line-1-0579-0472-s018395,station,line-1-0579-0472-s018395,line-1,station,18394.6,-9.61454986,30.42260961,0..30cm,24.0,13.0,36.0,53.0,27.0,77.0,22.0,8.0,38.0,1430.0,1220.0,1600.0,5.2,2.2,12.7,7.7,7.0,8.5
station:line-1-0579-0472-s018395,station,line-1-0579-0472-s018395,line-1,station,18394.6,-9.61454986,30.42260961,30..60cm,26.0,10.0,44.0,53.0,24.0,84.0,21.0,2.0,36.0,1510.0,1310.0,1740.0,4.1,1.3,9.7,7.8,7.0,8.8
station:line-1-0579-0472-s018395,station,line-1-0579-0472-s018395,line-1,station,18394.6,-9.61454986,30.42260961,60..100cm,26.0,10.0,45.0,51.0,23.0,81.0,23.0,1.0,37.0,1510.0,1230.0,1790.0,3.6,0.8,17.3,7.9,7.3,8.8
station:line-1-0629-0518-s016803,station,line-1-0629-0518-s016803,line-1,station,16802.7,-9.6049653,30.4136113,0..30cm,25.0,15.0,35.0,50.0,26.0,71.0,26.0,12.0,40.0,1400.0,1240.0,1560.0,6.3,3.3,12.1,7.8,7.0,8.5
station:line-1-0629-0518-s016803,station,line-1-0629-0518-s016803,line-1,station,16802.7,-9.6049653,30.4136113,30..60cm,27.0,13.0,39.0,50.0,22.0,73.0,23.0,5.0,39.0,1470.0,1310.0,1650.0,4.4,1.8,8.8,8.0,7.2,8.9
station:line-1-0629-0518-s016803,station,line-1-0629-0518-s016803,line-1,station,16802.7,-9.6049653,30.4136113,60..100cm,27.0,13.0,40.0,50.0,22.0,75.0,23.0,3.0,38.0,1470.0,1240.0,1670.0,3.9,1.2,8.1,8.1,7.4,8.9
station:line-1-0676-0570-s015209,station,line-1-0676-0570-s015209,line-1,station,15209.3,-9.59413058,30.40515289,0..30cm,25.0,11.0,40.0,49.0,23.0,75.0,25.0,12.0,39.0,1410.0,1250.0,1600.0,5.8,3.2,9.7,7.8,7.3,8.3
station:line-1-0676-0570-s015209,station,line-1-0676-0570-s015209,line-1,station,15209.3,-9.59413058,30.40515289,30..60cm,27.0,11.0,41.0,50.0,23.0,82.0,23.0,9.0,39.0,1500.0,1350.0,1670.0,3.2,1.6,5.9,8.1,7.5,8.8
station:line-1-0676-0570-s015209,station,line-1-0676-0570-s015209,line-1,station,15209.3,-9.59413058,30.40515289,60..100cm,27.0,9.0,41.0,51.0,23.0,83.0,23.0,6.0,38.0,1520.0,1340.0,1670.0,2.8,1.4,5.3,8.1,7.3,8.9
station:line-1-0737-0649-s012960,station,line-1-0737-0649-s012960,line-1,station,12959.9,-9.57767013,30.39417495,0..30cm,24.0,11.0,35.0,52.0,29.0,78.0,23.0,9.0,38.0,1430.0,1310.0,1600.0,6.3,3.3,10.5,7.8,7.3,8.3
station:line-1-0737-0649-s012960,station,line-1-0737-0649-s012960,line-1,station,12959.9,-9.57767013,30.39417495,30..60cm,25.0,10.0,36.0,54.0,22.0,82.0,20.0,4.0,37.0,1500.0,1370.0,1740.0,3.4,1.4,7.5,8.0,7.2,8.7
station:line-1-0737-0649-s012960,station,line-1-0737-0649-s012960,line-1,station,12959.9,-9.57767013,30.39417495,60..100cm,25.0,9.0,38.0,56.0,24.0,87.0,20.0,0.0,38.0,1510.0,1320.0,1740.0,2.7,1.1,6.1,8.1,7.5,8.8
station:line-1-0807-0739-s010404,station,line-1-0807-0739-s010404,line-1,station,10404.3,-9.55891772,30.38157732,0..30cm,23.0,12.0,34.0,55.0,35.0,75.0,22.0,9.0,37.0,1440.0,1310.0,1590.0,5.7,3.0,9.7,7.7,7.2,8.3
station:line-1-0807-0739-s010404,station,line-1-0807-0739-s010404,line-1,station,10404.3,-9.55891772,30.38157732,30..60cm,23.0,12.0,35.0,57.0,29.0,77.0,19.0,5.0,36.0,1520.0,1380.0,1760.0,3.5,1.4,5.9,8.0,7.1,8.6
station:line-1-0807-0739-s010404,station,line-1-0807-0739-s010404,line-1,station,10404.3,-9.55891772,30.38157732,60..100cm,22.0,12.0,33.0,59.0,30.0,78.0,18.0,3.0,35.0,1540.0,1310.0,1770.0,3.0,1.4,5.4,8.1,7.3,8.8
station:line-1-0863-0810-s008380,station,line-1-0863-0810-s008380,line-1,station,8379.8,-9.54412416,30.37149922,0..30cm,23.0,9.0,34.0,54.0,36.0,79.0,23.0,9.0,36.0,1430.0,1210.0,1610.0,3.9,1.5,7.1,7.8,7.2,8.3
station:line-1-0863-0810-s008380,station,line-1-0863-0810-s008380,line-1,station,8379.8,-9.54412416,30.37149922,30..60cm,25.0,13.0,37.0,53.0,28.0,79.0,22.0,7.0,39.0,1540.0,1350.0,1730.0,2.3,1.2,4.2,8.0,7.4,8.8
station:line-1-0863-0810-s008380,station,line-1-0863-0810-s008380,line-1,station,8379.8,-9.54412416,30.37149922,60..100cm,26.0,10.0,41.0,52.0,22.0,80.0,22.0,5.0,39.0,1550.0,1380.0,1750.0,1.4,0.5,2.6,8.0,7.2,8.9
station:line-1-0930-0909-s005606,station,line-1-0930-0909-s005606,line-1,station,5605.6,-9.52349651,30.35944148,0..30cm,20.0,7.0,30.0,57.0,36.0,81.0,22.0,7.0,38.0,1370.0,1190.0,1610.0,7.8,3.9,14.9,7.7,7.3,8.3
station:line-1-0930-0909-s005606,station,line-1-0930-0909-s005606,line-1,station,5605.6,-9.52349651,30.35944148,30..60cm,21.0,7.0,32.0,57.0,29.0,84.0,22.0,4.0,40.0,1520.0,1230.0,1820.0,4.8,2.3,9.5,7.9,7.2,8.5
station:line-1-0930-0909-s005606,station,line-1-0930-0909-s005606,line-1,station,5605.6,-9.52349651,30.35944148,60..100cm,21.0,7.0,34.0,58.0,31.0,88.0,22.0,4.0,40.0,1560.0,1250.0,1810.0,3.3,1.3,6.2,8.0,7.3,8.5
station:line-1-0960-0972-s004003,station,line-1-0960-0972-s004003,line-1,station,4003.3,-9.51036983,30.3540425,0..30cm,22.0,10.0,33.0,55.0,35.0,74.0,24.0,12.0,34.0,1360.0,1170.0,1590.0,10.7,5.3,20.1,7.7,7.1,8.3
station:line-1-0960-0972-s004003,station,line-1-0960-0972-s004003,line-1,station,4003.3,-9.51036983,30.3540425,30..60cm,22.0,12.0,35.0,56.0,31.0,77.0,23.0,10.0,36.0,1500.0,1220.0,1750.0,5.4,2.2,11.2,7.8,7.0,8.8
station:line-1-0960-0972-s004003,station,line-1-0960-0972-s004003,line-1,station,4003.3,-9.51036983,30.3540425,60..100cm,22.0,9.0,33.0,55.0,31.0,78.0,23.0,6.0,39.0,1540.0,1230.0,1820.0,3.9,1.7,7.9,7.7,6.6,8.7
station:line-1-1005-1018-s002406,station,line-1-1005-1018-s002406,line-1,station,2405.9,-9.50078526,30.34594402,0..30cm,22.0,7.0,32.0,55.0,37.0,79.0,23.0,7.0,36.0,1420.0,1220.0,1600.0,3.7,1.7,6.9,7.9,7.4,8.3
station:line-1-1005-1018-s002406,station,line-1-1005-1018-s002406,line-1,station,2405.9,-9.50078526,30.34594402,30..60cm,24.0,9.0,35.0,53.0,30.0,77.0,23.0,9.0,37.0,1540.0,1330.0,1760.0,2.4,1.3,4.6,8.2,7.6,8.8
station:line-1-1005-1018-s002406,station,line-1-1005-1018-s002406,line-1,station,2405.9,-9.50078526,30.34594402,60..100cm,24.0,9.0,36.0,53.0,28.0,80.0,23.0,8.0,39.0,1560.0,1340.0,1820.0,1.5,0.6,2.8,8.2,7.6,9.0
station:line-1-1093-1079-s000000,station,line-1-1093-1079-s000000,line-1,station,0.0,-9.4880753,30.330107,0..30cm,23.0,8.0,34.0,52.0,31.0,79.0,24.0,8.0,39.0,1440.0,1240.0,1580.0,3.5,1.3,7.2,7.9,7.4,8.3
station:line-1-1093-1079-s000000,station,line-1-1093-1079-s000000,line-1,station,0.0,-9.4880753,30.330107,30..60cm,25.0,11.0,37.0,50.0,28.0,77.0,25.0,10.0,43.0,1550.0,1380.0,1730.0,2.5,1.1,6.0,8.2,7.5,8.9
station:line-1-1093-1079-s000000,station,line-1-1093-1079-s000000,line-1,station,0.0,-9.4880753,30.330107,60..100cm,25.0,10.0,38.0,49.0,26.0,77.0,26.0,10.0,43.0,1550.0,1350.0,1780.0,2.0,0.8,4.8,8.2,7.4,9.2
station:line-10-0132-0282-s002360,station,line-10-0132-0282-s002360,line-10,station,2359.7,-9.65413828,30.50305448,0..30cm,21.0,9.0,32.0,56.0,39.0,75.0,23.0,11.0,36.0,1400.0,1230.0,1580.0,5.0,3.1,8.1,7.8,7.1,8.4
station:line-10-0132-0282-s002360,station,line-10-0132-0282-s002360,line-10,station,2359.7,-9.65413828,30.50305448,30..60cm,22.0,7.0,35.0,58.0,32.0,84.0,21.0,3.0,36.0,1460.0,1300.0,1630.0,3.1,1.6,5.7,8.0,7.2,8.7
station:line-10-0132-0282-s002360,station,line-10-0132-0282-s002360,line-10,station,2359.7,-9.65413828,30.50305448,60..100cm,22.0,7.0,36.0,57.0,34.0,86.0,21.0,3.0,36.0,1480.0,1300.0,1640.0,2.4,1.0,4.8,7.9,7.0,8.7
station:line-10-0173-0181-s000000,station,line-10-0173-0181-s000000,line-10,station,0.0,-9.67518265,30.49567587,0..30cm,24.0,12.0,37.0,50.0,25.0,73.0,25.0,12.0,40.0,1360.0,1130.0,1540.0,5.1,2.4,10.2,7.8,7.1,8.4
station:line-10-0173-0181-s000000,station,line-10-0173-0181-s000000,line-10,station,0.0,-9.67518265,30.49567587,30..60cm,26.0,11.0,38.0,50.0,25.0,78.0,25.0,7.0,41.0,1420.0,1300.0,1600.0,3.0,1.2,6.1,8.0,7.2,8.7
station:line-10-0173-0181-s000000,station,line-10-0173-0181-s000000,line-10,station,0.0,-9.67518265,30.49567587,60..100cm,25.0,10.0,38.0,51.0,25.0,85.0,24.0,5.0,41.0,1450.0,1260.0,1600.0,2.2,0.8,4.2,8.0,7.0,8.9
station:line-2-0137-0141-s000000,station,line-2-0137-0141-s000000,line-2,station,0.0,-9.68351705,30.50215465,0..30cm,25.0,12.0,37.0,50.0,24.0,75.0,26.0,11.0,42.0,1400.0,1210.0,1550.0,5.5,3.3,10.0,7.8,7.3,8.3
station:line-2-0137-0141-s000000,station,line-2-0137-0141-s000000,line-2,station,0.0,-9.68351705,30.50215465,30..60cm,25.0,11.0,38.0,50.0,21.0,77.0,25.0,8.0,42.0,1510.0,1290.0,1720.0,3.9,1.8,7.6,7.9,7.0,8.6
station:line-2-0137-0141-s000000,station,line-2-0137-0141-s000000,line-2,station,0.0,-9.68351705,30.50215465,60..100cm,24.0,9.0,36.0,51.0,22.0,81.0,25.0,7.0,42.0,1530.0,1250.0,1770.0,2.8,1.5,4.9,7.9,7.0,8.7
station:line-2-0173-0181-s001145,station,line-2-0173-0181-s001145,line-2,station,1145.1,-9.67518265,30.49567587,0..30cm,24.0,12.0,37.0,50.0,25.0,73.0,25.0,12.0,40.0,1360.0,1130.0,1540.0,5.1,2.4,10.2,7.8,7.1,8.4
station:line-2-0173-0181-s001145,station,line-2-0173-0181-s001145,line-2,station,1145.1,-9.67518265,30.49567587,30..60cm,26.0,11.0,38.0,50.0,25.0,78.0,25.0,7.0,41.0,1420.0,1300.0,1600.0,3.0,1.2,6.1,8.0,7.2,8.7
station:line-2-0173-0181-s001145,station,line-2-0173-0181-s001145,line-2,station,1145.1,-9.67518265,30.49567587,60..100cm,25.0,10.0,38.0,51.0,25.0,85.0,24.0,5.0,41.0,1450.0,1260.0,1600.0,2.2,0.8,4.2,8.0,7.0,8.9
station:line-2-0218-0205-s002408,station,line-2-0218-0205-s002408,line-2,station,2407.9,-9.670182,30.48757739,0..30cm,28.0,14.0,42.0,44.0,16.0,73.0,28.0,13.0,46.0,1400.0,1220.0,1540.0,6.4,3.6,10.3,7.7,7.1,8.2
station:line-2-0218-0205-s002408,station,line-2-0218-0205-s002408,line-2,station,2407.9,-9.670182,30.48757739,30..60cm,29.0,12.0,43.0,44.0,16.0,74.0,27.0,10.0,45.0,1490.0,1300.0,1630.0,2.9,1.4,5.2,7.8,7.0,8.5
station:line-2-0218-0205-s002408,station,line-2-0218-0205-s002408,line-2,station,2407.9,-9.670182,30.48757739,60..100cm,28.0,13.0,43.0,45.0,16.0,75.0,27.0,11.0,43.0,1520.0,1310.0,1670.0,2.5,1.0,4.7,7.8,7.0,8.7
station:line-2-0281-0222-s004008,station,line-2-0281-0222-s004008,line-2,station,4007.9,-9.66663988,30.47623952,0..30cm,26.0,13.0,38.0,48.0,19.0,73.0,27.0,12.0,42.0,1420.0,1310.0,1580.0,5.8,3.1,8.8,7.6,7.1,8.2
station:line-2-0281-0222-s004008,station,line-2-0281-0222-s004008,line-2,station,4007.9,-9.66663988,30.47623952,30..60cm,26.0,12.0,38.0,49.0,19.0,73.0,25.0,12.0,42.0,1480.0,1360.0,1610.0,3.0,1.4,5.7,7.8,7.0,8.6
station:line-2-0281-0222-s004008,station,line-2-0281-0222-s004008,line-2,station,4007.9,-9.66663988,30.47623952,60..100cm,25.0,11.0,38.0,50.0,20.0,81.0,24.0,7.0,42.0,1500.0,1310.0,1670.0,2.4,1.2,4.2,7.8,7.0,8.6
station:line-2-0337-0262-s005612,station,line-2-0337-0262-s005612,line-2,station,5611.6,-9.65830548,30.46616142,0..30cm,27.0,14.0,41.0,45.0,20.0,66.0,28.0,15.0,42.0,1420.0,1280.0,1580.0,6.9,3.4,12.1,7.5,7.0,8.1
station:line-2-0337-0262-s005612,station,line-2-0337-0262-s005612,line-2,station,5611.6,-9.65830548,30.46616142,30..60cm,29.0,17.0,42.0,44.0,18.0,69.0,27.0,16.0,40.0,1470.0,1350.0,1610.0,3.3,1.4,6.9,7.7,7.0,8.3
station:line-2-0337-0262-s005612,station,line-2-0337-0262-s005612,line-2,station,5611.6,-9.65830548,30.46616142,60..100cm,29.0,16.0,42.0,44.0,18.0,72.0,27.0,16.0,40.0,1500.0,1340.0,1670.0,2.6,1.2,4.7,7.7,6.9,8.6
station:line-2-0374-0325-s007213,station,line-2-0374-0325-s007213,line-2,station,7213.3,-9.64517879,30.45950267,0..30cm,27.0,15.0,39.0,47.0,21.0,69.0,26.0,12.0,42.0,1410.0,1200.0,1590.0,4.5,2.3,8.4,7.8,7.1,8.2
station:line-2-0374-0325-s007213,station,line-2-0374-0325-s007213,line-2,station,7213.3,-9.64517879,30.45950267,30..60cm,29.0,14.0,43.0,47.0,18.0,77.0,24.0,8.0,42.0,1500.0,1320.0,1720.0,3.1,1.4,6.1,7.9,7.0,8.5
station:line-2-0374-0325-s007213,station,line-2-0374-0325-s007213,line-2,station,7213.3,-9.64517879,30.45950267,60..100cm,29.0,12.0,43.0,47.0,16.0,78.0,24.0,5.0,43.0,1520.0,1350.0,1770.0,2.4,0.9,4.6,7.8,7.0,8.6
station:line-2-0410-0386-s008814,station,line-2-0410-0386-s008814,line-2,station,8813.5,-9.63246883,30.45302389,0..30cm,27.0,16.0,36.0,46.0,27.0,69.0,26.0,12.0,39.0,1410.0,1250.0,1560.0,5.2,2.8,9.7,7.7,7.3,8.1
station:line-2-0410-0386-s008814,station,line-2-0410-0386-s008814,line-2,station,8813.5,-9.63246883,30.45302389,30..60cm,29.0,15.0,38.0,46.0,25.0,71.0,25.0,9.0,41.0,1480.0,1320.0,1640.0,3.2,1.5,6.3,7.8,7.1,8.6
station:line-2-0410-0386-s008814,station,line-2-0410-0386-s008814,line-2,station,8813.5,-9.63246883,30.45302389,60..100cm,28.0,14.0,39.0,47.0,26.0,75.0,25.0,7.0,40.0,1510.0,1310.0,1690.0,2.6,1.2,5.3,7.9,7.0,8.6
station:line-2-0446-0447-s010390,station,line-2-0446-0447-s010390,line-2,station,10390.3,-9.61975887,30.44654511,0..30cm,24.0,10.0,35.0,52.0,32.0,76.0,23.0,7.0,36.0,1390.0,1210.0,1560.0,5.0,2.8,10.2,7.8,7.1,8.3
station:line-2-0446-0447-s010390,station,line-2-0446-0447-s010390,line-2,station,10390.3,-9.61975887,30.44654511,30..60cm,26.0,11.0,42.0,51.0,26.0,81.0,23.0,6.0,38.0,1450.0,1300.0,1620.0,2.8,1.4,5.2,8.0,7.4,8.7
station:line-2-0446-0447-s010390,station,line-2-0446-0447-s010390,line-2,station,10390.3,-9.61975887,30.44654511,60..100cm,26.0,12.0,41.0,52.0,26.0,84.0,23.0,4.0,40.0,1480.0,1310.0,1660.0,2.7,1.1,5.3,8.1,7.2,8.7
station:line-2-0483-0509-s011995,station,line-2-0483-0509-s011995,line-2,station,11995.4,-9.60684054,30.43988636,0..30cm,28.0,14.0,39.0,45.0,22.0,65.0,27.0,11.0,40.0,1440.0,1320.0,1560.0,6.6,3.4,11.3,7.5,7.0,8.1
station:line-2-0483-0509-s011995,station,line-2-0483-0509-s011995,line-2,station,11995.4,-9.60684054,30.43988636,30..60cm,29.0,13.0,41.0,45.0,19.0,70.0,25.0,9.0,39.0,1510.0,1360.0,1670.0,3.0,1.4,5.7,7.7,7.0,8.4
station:line-2-0483-0509-s011995,station,line-2-0483-0509-s011995,line-2,station,11995.4,-9.60684054,30.43988636,60..100cm,29.0,12.0,41.0,46.0,20.0,77.0,25.0,9.0,38.0,1530.0,1330.0,1680.0,2.4,1.2,4.3,7.7,7.0,8.4
station:line-2-0520-0572-s013609,station,line-2-0520-0572-s013609,line-2,station,13608.8,-9.59371386,30.43322761,0..30cm,27.0,12.0,39.0,47.0,21.0,70.0,26.0,13.0,39.0,1430.0,1260.0,1600.0,6.6,3.5,10.5,7.7,7.1,8.3
station:line-2-0520-0572-s013609,station,line-2-0520-0572-s013609,line-2,station,13608.8,-9.59371386,30.43322761,30..60cm,28.0,13.0,41.0,47.0,22.0,68.0,25.0,9.0,41.0,1530.0,1420.0,1750.0,3.5,1.5,7.4,7.9,7.3,8.5
station:line-2-0520-0572-s013609,station,line-2-0520-0572-s013609,line-2,station,13608.8,-9.59371386,30.43322761,60..100cm,29.0,12.0,43.0,47.0,20.0,75.0,25.0,8.0,41.0,1530.0,1390.0,1680.0,3.2,1.5,7.0,8.0,7.0,8.8
station:line-2-0556-0634-s015206,station,line-2-0556-0634-s015206,line-2,station,15205.6,-9.58079553,30.42674883,0..30cm,25.0,12.0,38.0,50.0,24.0,72.0,25.0,11.0,40.0,1380.0,1190.0,1560.0,4.8,2.4,9.0,7.8,7.2,8.3
station:line-2-0556-0634-s015206,station,line-2-0556-0634-s015206,line-2,station,15205.6,-9.58079553,30.42674883,30..60cm,26.0,13.0,40.0,52.0,23.0,80.0,22.0,8.0,39.0,1510.0,1330.0,1690.0,3.0,1.4,4.9,7.9,7.1,8.7
station:line-2-0556-0634-s015206,station,line-2-0556-0634-s015206,line-2,station,15205.6,-9.58079553,30.42674883,60..100cm,27.0,12.0,41.0,51.0,23.0,80.0,22.0,7.0,39.0,1530.0,1350.0,1670.0,2.5,1.3,4.6,7.9,6.9,8.8
station:line-2-0600-0708-s017120,station,line-2-0600-0708-s017120,line-2,station,17120.4,-9.56537689,30.41883032,0..30cm,24.0,10.0,39.0,51.0,22.0,75.0,24.0,12.0,39.0,1400.0,1220.0,1560.0,4.3,2.1,7.9,7.7,7.2,8.2
station:line-2-0600-0708-s017120,station,line-2-0600-0708-s017120,line-2,station,17120.4,-9.56537689,30.41883032,30..60cm,26.0,11.0,41.0,53.0,23.0,81.0,21.0,5.0,37.0,1510.0,1330.0,1700.0,3.0,0.9,6.4,7.9,7.4,8.7
station:line-2-0600-0708-s017120,station,line-2-0600-0708-s017120,line-2,station,17120.4,-9.56537689,30.41883032,60..100cm,26.0,10.0,43.0,53.0,21.0,84.0,21.0,4.0,37.0,1540.0,1380.0,1730.0,2.4,0.8,4.6,8.0,7.2,8.8
station:line-2-0629-0757-s018388,station,line-2-0629-0757-s018388,line-2,station,18387.5,-9.55516724,30.4136113,0..30cm,21.0,7.0,30.0,58.0,41.0,82.0,21.0,9.0,33.0,1390.0,1220.0,1550.0,4.2,1.9,7.8,7.8,7.2,8.2
station:line-2-0629-0757-s018388,station,line-2-0629-0757-s018388,line-2,station,18387.5,-9.55516724,30.4136113,30..60cm,23.0,8.0,35.0,58.0,37.0,85.0,19.0,2.0,31.0,1480.0,1320.0,1620.0,2.9,1.4,5.6,8.0,7.3,8.8
station:line-2-0629-0757-s018388,station,line-2-0629-0757-s018388,line-2,station,18387.5,-9.55516724,30.4136113,60..100cm,24.0,8.0,34.0,57.0,34.0,85.0,19.0,2.0,32.0,1500.0,1360.0,1630.0,2.3,1.2,4.6,8.0,7.2,8.9
station:line-2-0666-0819-s020004,station,line-2-0666-0819-s020004,line-2,station,20004.3,-9.54224892,30.40695255,0..30cm,24.0,9.0,41.0,52.0,21.0,77.0,24.0,10.0,40.0,1440.0,1250.0,1620.0,6.2,3.2,11.0,7.6,7.1,8.2
station:line-2-0666-0819-s020004,station,line-2-0666-0819-s020004,line-2,station,20004.3,-9.54224892,30.40695255,30..60cm,26.0,9.0,41.0,52.0,20.0,81.0,22.0,7.0,40.0,1520.0,1340.0,1750.0,3.6,1.4,7.2,7.9,7.2,8.7
station:line-2-0666-0819-s020004,station,line-2-0666-0819-s020004,line-2,station,20004.3,-9.54224892,30.40695255,60..100cm,26.0,9.0,41.0,52.0,20.0,83.0,22.0,4.0,38.0,1530.0,1340.0,1750.0,3.0,1.5,5.8,8.0,7.3,8.8
station:line-2-0703-0881-s021609,station,line-2-0703-0881-s021609,line-2,station,21609.4,-9.52933059,30.4002938,0..30cm,23.0,10.0,41.0,52.0,22.0,81.0,25.0,11.0,40.0,1400.0,1240.0,1560.0,4.9,2.0,10.9,7.8,7.3,8.3
station:line-2-0703-0881-s021609,station,line-2-0703-0881-s021609,line-2,station,21609.4,-9.52933059,30.4002938,30..60cm,26.0,12.0,42.0,49.0,19.0,80.0,25.0,8.0,42.0,1460.0,1290.0,1620.0,2.5,1.2,5.2,8.1,7.5,8.8
station:line-2-0703-0881-s021609,station,line-2-0703-0881-s021609,line-2,station,21609.4,-9.52933059,30.4002938,60..100cm,26.0,10.0,44.0,48.0,19.0,78.0,26.0,10.0,41.0,1480.0,1320.0,1640.0,2.3,0.9,4.9,8.2,7.4,8.9
station:line-2-0781-0946-s024211,station,line-2-0781-0946-s024211,line-2,station,24211.4,-9.51578719,30.38625644,0..30cm,23.0,13.0,34.0,52.0,32.0,71.0,25.0,9.0,34.0,1450.0,1240.0,1610.0,4.0,1.7,7.8,7.9,7.3,8.5
station:line-2-0781-0946-s024211,station,line-2-0781-0946-s024211,line-2,station,24211.4,-9.51578719,30.38625644,30..60cm,25.0,14.0,37.0,50.0,24.0,73.0,25.0,11.0,42.0,1520.0,1330.0,1660.0,2.5,0.9,4.8,8.1,7.5,8.8
station:line-2-0781-0946-s024211,station,line-2-0781-0946-s024211,line-2,station,24211.4,-9.51578719,30.38625644,60..100cm,25.0,11.0,39.0,49.0,22.0,75.0,25.0,11.0,41.0,1550.0,1380.0,1690.0,1.6,0.6,3.1,8.1,7.4,9.0
station:line-2-0790-0952-s024469,station,line-2-0790-0952-s024469,line-2,station,24469.3,-9.51453703,30.38463675,0..30cm,16.0,7.0,27.0,66.0,46.0,87.0,17.0,5.0,28.0,1420.0,1220.0,1590.0,3.7,1.6,8.0,7.9,7.3,8.5
station:line-2-0790-0952-s024469,station,line-2-0790-0952-s024469,line-2,station,24469.3,-9.51453703,30.38463675,30..60cm,19.0,6.0,30.0,64.0,40.0,88.0,18.0,4.0,30.0,1490.0,1300.0,1620.0,2.2,0.8,4.4,8.1,7.5,8.8
station:line-2-0790-0952-s024469,station,line-2-0790-0952-s024469,line-2,station,24469.3,-9.51453703,30.38463675,60..100cm,19.0,5.0,34.0,63.0,38.0,88.0,18.0,4.0,35.0,1540.0,1350.0,1720.0,1.4,0.5,3.5,8.1,7.3,9.0
station:line-3-0104-0580-s024337,station,line-3-0104-0580-s024337,line-3,station,24337.2,-9.59204698,30.50809354,0..30cm,27.0,13.0,44.0,44.0,19.0,74.0,29.0,14.0,43.0,1420.0,1310.0,1550.0,7.1,3.6,13.3,7.6,7.1,8.1
station:line-3-0104-0580-s024337,station,line-3-0104-0580-s024337,line-3,station,24337.2,-9.59204698,30.50809354,30..60cm,28.0,13.0,43.0,43.0,16.0,75.0,29.0,11.0,45.0,1510.0,1350.0,1640.0,3.5,1.5,7.0,7.8,7.3,8.3
station:line-3-0104-0580-s024337,station,line-3-0104-0580-s024337,line-3,station,24337.2,-9.59204698,30.50809354,60..100cm,27.0,12.0,44.0,44.0,18.0,72.0,29.0,11.0,44.0,1530.0,1340.0,1680.0,3.0,1.5,5.2,7.9,7.2,8.7
station:line-3-0224-0560-s021610,station,line-3-0224-0560-s021610,line-3,station,21609.5,-9.59621418,30.4864976,0..30cm,27.0,17.0,40.0,42.0,18.0,64.0,31.0,16.0,44.0,1440.0,1320.0,1560.0,7.4,2.9,15.6,7.6,7.1,8.0
station:line-3-0224-0560-s021610,station,line-3-0224-0560-s021610,line-3,station,21609.5,-9.59621418,30.4864976,30..60cm,27.0,14.0,41.0,44.0,16.0,68.0,29.0,14.0,45.0,1510.0,1320.0,1640.0,3.4,1.3,7.0,7.7,7.0,8.4
station:line-3-0224-0560-s021610,station,line-3-0224-0560-s021610,line-3,station,21609.5,-9.59621418,30.4864976,60..100cm,26.0,14.0,41.0,45.0,18.0,70.0,29.0,13.0,43.0,1540.0,1360.0,1690.0,3.0,1.4,5.8,7.8,7.0,8.5
station:line-3-0289-0588-s019996,station,line-3-0289-0588-s019996,line-3,station,19995.6,-9.59038009,30.47479979,0..30cm,27.0,17.0,40.0,43.0,17.0,66.0,30.0,17.0,44.0,1440.0,1290.0,1590.0,7.4,3.7,15.8,7.6,7.1,8.1
station:line-3-0289-0588-s019996,station,line-3-0289-0588-s019996,line-3,station,19995.6,-9.59038009,30.47479979,30..60cm,27.0,14.0,42.0,45.0,16.0,68.0,28.0,16.0,43.0,1500.0,1290.0,1660.0,3.2,1.5,6.2,7.7,7.0,8.3
station:line-3-0289-0588-s019996,station,line-3-0289-0588-s019996,line-3,station,19995.6,-9.59038009,30.47479979,60..100cm,26.0,12.0,41.0,46.0,16.0,70.0,28.0,14.0,43.0,1520.0,1310.0,1680.0,2.8,1.3,5.3,7.7,6.9,8.4
station:line-3-0356-0614-s018405,station,line-3-0356-0614-s018405,line-3,station,18405.0,-9.58496273,30.46274206,0..30cm,27.0,17.0,36.0,44.0,18.0,68.0,29.0,15.0,44.0,1440.0,1260.0,1620.0,7.1,3.3,13.3,7.6,7.1,8.1
station:line-3-0356-0614-s018405,station,line-3-0356-0614-s018405,line-3,station,18405.0,-9.58496273,30.46274206,30..60cm,27.0,11.0,40.0,45.0,16.0,72.0,28.0,14.0,44.0,1510.0,1310.0,1730.0,3.4,1.3,7.2,7.7,7.0,8.3
station:line-3-0356-0614-s018405,station,line-3-0356-0614-s018405,line-3,station,18405.0,-9.58496273,30.46274206,60..100cm,26.0,12.0,40.0,47.0,17.0,72.0,27.0,13.0,42.0,1530.0,1320.0,1700.0,2.9,1.3,5.8,7.7,7.0,8.3
station:line-3-0424-0640-s016794,station,line-3-0424-0640-s016794,line-3,station,16794.5,-9.57954537,30.45050436,0..30cm,22.0,12.0,34.0,55.0,35.0,74.0,22.0,9.0,37.0,1410.0,1200.0,1580.0,5.0,2.6,9.8,7.7,7.1,8.1
station:line-3-0424-0640-s016794,station,line-3-0424-0640-s016794,line-3,station,16794.5,-9.57954537,30.45050436,30..60cm,23.0,7.0,36.0,55.0,35.0,77.0,22.0,7.0,38.0,1500.0,1350.0,1650.0,2.6,0.5,5.9,7.9,7.0,8.6
station:line-3-0424-0640-s016794,station,line-3-0424-0640-s016794,line-3,station,16794.5,-9.57954537,30.45050436,60..100cm,24.0,8.0,36.0,54.0,32.0,77.0,22.0,7.0,37.0,1520.0,1310.0,1730.0,2.4,0.9,5.6,8.0,7.0,8.6
station:line-3-0531-0682-s014295,station,line-3-0531-0682-s014295,line-3,station,14294.8,-9.57079425,30.43124798,0..30cm,26.0,12.0,39.0,47.0,21.0,69.0,27.0,15.0,40.0,1420.0,1240.0,1600.0,6.3,3.1,11.7,7.7,7.1,8.2
station:line-3-0531-0682-s014295,station,line-3-0531-0682-s014295,line-3,station,14294.8,-9.57079425,30.43124798,30..60cm,28.0,13.0,42.0,47.0,22.0,72.0,25.0,9.0,43.0,1500.0,1320.0,1730.0,3.4,1.4,6.4,7.9,7.4,8.5
station:line-3-0531-0682-s014295,station,line-3-0531-0682-s014295,line-3,station,14294.8,-9.57079425,30.43124798,60..100cm,28.0,12.0,43.0,47.0,21.0,75.0,25.0,8.0,43.0,1490.0,1300.0,1660.0,2.7,1.1,5.6,8.0,7.2,8.7
station:line-3-0600-0708-s012664,station,line-3-0600-0708-s012664,line-3,station,12664.3,-9.56537689,30.41883032,0..30cm,24.0,10.0,39.0,51.0,22.0,75.0,24.0,12.0,39.0,1400.0,1220.0,1560.0,4.3,2.1,7.9,7.7,7.2,8.2
station:line-3-0600-0708-s012664,station,line-3-0600-0708-s012664,line-3,station,12664.3,-9.56537689,30.41883032,30..60cm,26.0,11.0,41.0,53.0,23.0,81.0,21.0,5.0,37.0,1510.0,1330.0,1700.0,3.0,0.9,6.4,7.9,7.4,8.7
station:line-3-0600-0708-s012664,station,line-3-0600-0708-s012664,line-3,station,12664.3,-9.56537689,30.41883032,60..100cm,26.0,10.0,43.0,53.0,21.0,84.0,21.0,4.0,37.0,1540.0,1380.0,1730.0,2.4,0.8,4.6,8.0,7.2,8.8
station:line-3-0670-0735-s011017,station,line-3-0670-0735-s011017,line-3,station,11017.2,-9.55975116,30.40623269,0..30cm,21.0,7.0,29.0,58.0,42.0,83.0,21.0,7.0,33.0,1410.0,1190.0,1550.0,4.4,2.0,7.5,7.8,7.2,8.3
station:line-3-0670-0735-s011017,station,line-3-0670-0735-s011017,line-3,station,11017.2,-9.55975116,30.40623269,30..60cm,24.0,9.0,34.0,57.0,35.0,85.0,19.0,3.0,36.0,1480.0,1250.0,1660.0,2.8,1.3,5.6,8.0,7.3,8.8
station:line-3-0670-0735-s011017,station,line-3-0670-0735-s011017,line-3,station,11017.2,-9.55975116,30.40623269,60..100cm,24.0,10.0,38.0,56.0,30.0,84.0,19.0,3.0,36.0,1480.0,1230.0,1640.0,2.4,1.1,4.4,8.0,7.2,8.9
station:line-3-0764-0772-s008807,station,line-3-0764-0772-s008807,line-3,station,8807.2,-9.55204184,30.38931587,0..30cm,22.0,11.0,29.0,57.0,42.0,77.0,21.0,8.0,34.0,1440.0,1330.0,1580.0,4.3,2.1,7.3,7.8,7.3,8.4
station:line-3-0764-0772-s008807,station,line-3-0764-0772-s008807,line-3,station,8807.2,-9.55204184,30.38931587,30..60cm,24.0,11.0,32.0,56.0,37.0,80.0,20.0,6.0,35.0,1490.0,1360.0,1620.0,2.6,1.2,4.9,8.1,7.4,8.7
station:line-3-0764-0772-s008807,station,line-3-0764-0772-s008807,line-3,station,8807.2,-9.55204184,30.38931587,60..100cm,24.0,10.0,34.0,56.0,36.0,81.0,20.0,5.0,36.0,1520.0,1360.0,1650.0,2.3,1.0,3.8,8.1,7.3,8.9
station:line-3-0863-0810-s006466,station,line-3-0863-0810-s006466,line-3,station,6465.6,-9.54412416,30.37149922,0..30cm,23.0,9.0,34.0,54.0,36.0,79.0,23.0,9.0,36.0,1430.0,1210.0,1610.0,3.9,1.5,7.1,7.8,7.2,8.3
station:line-3-0863-0810-s006466,station,line-3-0863-0810-s006466,line-3,station,6465.6,-9.54412416,30.37149922,30..60cm,25.0,13.0,37.0,53.0,28.0,79.0,22.0,7.0,39.0,1540.0,1350.0,1730.0,2.3,1.2,4.2,8.0,7.4,8.8
station:line-3-0863-0810-s006466,station,line-3-0863-0810-s006466,line-3,station,6465.6,-9.54412416,30.37149922,60..100cm,26.0,10.0,41.0,52.0,22.0,80.0,22.0,5.0,39.0,1550.0,1380.0,1750.0,1.4,0.5,2.6,8.0,7.2,8.9
station:line-3-0925-0822-s004920,station,line-3-0925-0822-s004920,line-3,station,4920.5,-9.54162384,30.36034131,0..30cm,20.0,6.0,30.0,59.0,39.0,84.0,20.0,8.0,36.0,1440.0,1220.0,1620.0,6.5,3.2,12.4,7.7,7.2,8.4
station:line-3-0925-0822-s004920,station,line-3-0925-0822-s004920,line-3,station,4920.5,-9.54162384,30.36034131,30..60cm,21.0,6.0,37.0,59.0,35.0,86.0,19.0,3.0,36.0,1550.0,1360.0,1770.0,3.6,1.3,7.0,7.9,7.2,8.7
station:line-3-0925-0822-s004920,station,line-3-0925-0822-s004920,line-3,station,4920.5,-9.54162384,30.36034131,60..100cm,21.0,6.0,38.0,60.0,33.0,89.0,19.0,3.0,36.0,1560.0,1340.0,1790.0,3.2,1.3,6.9,7.9,7.2,8.7
station:line-3-1010-0857-s002413,station,line-3-1010-0857-s002413,line-3,station,2412.5,-9.53433123,30.34504419,0..30cm,21.0,7.0,34.0,55.0,36.0,80.0,23.0,9.0,38.0,1370.0,1130.0,1610.0,7.7,4.2,14.5,7.7,7.3,8.2
station:line-3-1010-0857-s002413,station,line-3-1010-0857-s002413,line-3,station,2412.5,-9.53433123,30.34504419,30..60cm,22.0,8.0,36.0,56.0,29.0,84.0,23.0,4.0,40.0,1520.0,1250.0,1790.0,4.8,2.0,9.8,7.9,7.2,8.6
station:line-3-1010-0857-s002413,station,line-3-1010-0857-s002413,line-3,station,2412.5,-9.53433123,30.34504419,60..100cm,21.0,6.0,37.0,57.0,25.0,89.0,22.0,3.0,40.0,1550.0,1340.0,1810.0,4.2,1.4,9.0,8.0,7.3,8.6
station:line-3-1038-0908-s000806,station,line-3-1038-0908-s000806,line-3,station,806.3,-9.52370487,30.34000514,0..30cm,21.0,7.0,31.0,56.0,35.0,81.0,23.0,8.0,34.0,1440.0,1210.0,1650.0,6.3,3.4,11.8,7.8,7.3,8.2
station:line-3-1038-0908-s000806,station,line-3-1038-0908-s000806,line-3,station,806.3,-9.52370487,30.34000514,30..60cm,22.0,9.0,33.0,55.0,34.0,82.0,23.0,8.0,39.0,1540.0,1360.0,1730.0,3.5,1.6,5.8,8.0,7.5,8.7
station:line-3-1038-0908-s000806,station,line-3-1038-0908-s000806,line-3,station,806.3,-9.52370487,30.34000514,60..100cm,21.0,8.0,33.0,56.0,28.0,83.0,23.0,6.0,38.0,1530.0,1350.0,1770.0,2.9,1.3,5.9,8.1,7.5,8.8
station:line-3-1061-0928-s000000,station,line-3-1061-0928-s000000,line-3,station,0.0,-9.51953767,30.33586591,0..30cm,20.0,7.0,31.0,58.0,39.0,82.0,22.0,8.0,33.0,1440.0,1290.0,1620.0,3.8,2.0,7.0,7.9,7.5,8.4
station:line-3-1061-0928-s000000,station,line-3-1061-0928-s000000,line-3,station,0.0,-9.51953767,30.33586591,30..60cm,21.0,9.0,33.0,57.0,34.0,82.0,22.0,6.0,38.0,1600.0,1430.0,1760.0,2.7,1.6,4.7,8.2,7.6,8.9
station:line-3-1061-0928-s000000,station,line-3-1061-0928-s000000,line-3,station,0.0,-9.51953767,30.33586591,60..100cm,21.0,8.0,33.0,57.0,33.0,84.0,22.0,5.0,39.0,1610.0,1400.0,1790.0,1.8,0.7,3.3,8.3,7.5,9.0
station:line-4-0925-0822-s000000,station,line-4-0925-0822-s000000,line-4,station,0.0,-9.54162384,30.36034131,0..30cm,20.0,6.0,30.0,59.0,39.0,84.0,20.0,8.0,36.0,1440.0,1220.0,1620.0,6.5,3.2,12.4,7.7,7.2,8.4
station:line-4-0925-0822-s000000,station,line-4-0925-0822-s000000,line-4,station,0.0,-9.54162384,30.36034131,30..60cm,21.0,6.0,37.0,59.0,35.0,86.0,19.0,3.0,36.0,1550.0,1360.0,1770.0,3.6,1.3,7.0,7.9,7.2,8.7
station:line-4-0925-0822-s000000,station,line-4-0925-0822-s000000,line-4,station,0.0,-9.54162384,30.36034131,60..100cm,21.0,6.0,38.0,60.0,33.0,89.0,19.0,3.0,36.0,1560.0,1340.0,1790.0,3.2,1.3,6.9,7.9,7.2,8.7
station:line-4-1006-1018-s007238,station,line-4-1006-1018-s007238,line-4,station,7237.5,-9.50078526,30.34576405,0..30cm,22.0,7.0,32.0,55.0,37.0,79.0,23.0,7.0,36.0,1420.0,1220.0,1600.0,3.7,1.7,6.9,7.9,7.4,8.3
station:line-4-1006-1018-s007238,station,line-4-1006-1018-s007238,line-4,station,7237.5,-9.50078526,30.34576405,30..60cm,24.0,9.0,35.0,53.0,30.0,77.0,23.0,9.0,37.0,1540.0,1330.0,1760.0,2.4,1.3,4.6,8.2,7.6,8.8
station:line-4-1006-1018-s007238,station,line-4-1006-1018-s007238,line-4,station,7237.5,-9.50078526,30.34576405,60..100cm,24.0,9.0,36.0,53.0,28.0,80.0,23.0,8.0,39.0,1560.0,1340.0,1820.0,1.5,0.6,2.8,8.2,7.6,9.0
station:line-4-1008-1017-s007189,station,line-4-1008-1017-s007189,line-4,station,7189.3,-9.50099362,30.34540412,0..30cm,22.0,7.0,32.0,55.0,37.0,79.0,23.0,7.0,36.0,1420.0,1220.0,1600.0,3.7,1.7,6.9,7.9,7.4,8.3
station:line-4-1008-1017-s007189,station,line-4-1008-1017-s007189,line-4,station,7189.3,-9.50099362,30.34540412,30..60cm,24.0,9.0,35.0,53.0,30.0,77.0,23.0,9.0,37.0,1540.0,1330.0,1760.0,2.4,1.3,4.6,8.2,7.6,8.8
station:line-4-1008-1017-s007189,station,line-4-1008-1017-s007189,line-4,station,7189.3,-9.50099362,30.34540412,60..100cm,24.0,9.0,36.0,53.0,28.0,80.0,23.0,8.0,39.0,1560.0,1340.0,1820.0,1.5,0.6,2.8,8.2,7.6,9.0
station:line-4-1036-0908-s004777,station,line-4-1036-0908-s004777,line-4,station,4777.3,-9.52370487,30.34036507,0..30cm,21.0,7.0,31.0,56.0,35.0,81.0,23.0,8.0,34.0,1440.0,1210.0,1650.0,6.3,3.4,11.8,7.8,7.3,8.2
station:line-4-1036-0908-s004777,station,line-4-1036-0908-s004777,line-4,station,4777.3,-9.52370487,30.34036507,30..60cm,22.0,9.0,33.0,55.0,34.0,82.0,23.0,8.0,39.0,1540.0,1360.0,1730.0,3.5,1.6,5.8,8.0,7.5,8.7
station:line-4-1036-0908-s004777,station,line-4-1036-0908-s004777,line-4,station,4777.3,-9.52370487,30.34036507,60..100cm,21.0,8.0,33.0,56.0,28.0,83.0,23.0,6.0,38.0,1530.0,1350.0,1770.0,2.9,1.3,5.9,8.1,7.5,8.8
station:line-4-1047-0828-s003086,station,line-4-1047-0828-s003086,line-4,station,3086.2,-9.54037368,30.33838544,0..30cm,20.0,9.0,29.0,58.0,40.0,83.0,22.0,8.0,34.0,1450.0,1290.0,1610.0,5.3,3.3,8.5,7.9,7.3,8.4
station:line-4-1047-0828-s003086,station,line-4-1047-0828-s003086,line-4,station,3086.2,-9.54037368,30.33838544,30..60cm,22.0,9.0,32.0,55.0,35.0,81.0,23.0,9.0,38.0,1580.0,1420.0,1770.0,3.1,1.3,5.5,8.1,7.4,8.7
station:line-4-1047-0828-s003086,station,line-4-1047-0828-s003086,line-4,station,3086.2,-9.54037368,30.33838544,60..100cm,22.0,7.0,35.0,56.0,33.0,82.0,22.0,7.0,38.0,1580.0,1400.0,1790.0,2.6,1.2,4.7,8.1,7.5,8.8
station:line-5-0521-0573-s000000,station,line-5-0521-0573-s000000,line-5,station,0.0,-9.5935055,30.43304764,0..30cm,27.0,12.0,39.0,47.0,21.0,70.0,26.0,13.0,39.0,1430.0,1260.0,1600.0,6.6,3.5,10.5,7.7,7.1,8.3
station:line-5-0521-0573-s000000,station,line-5-0521-0573-s000000,line-5,station,0.0,-9.5935055,30.43304764,30..60cm,28.0,13.0,41.0,47.0,22.0,68.0,25.0,9.0,41.0,1530.0,1420.0,1750.0,3.5,1.5,7.4,7.9,7.3,8.5
station:line-5-0521-0573-s000000,station,line-5-0521-0573-s000000,line-5,station,0.0,-9.5935055,30.43304764,60..100cm,29.0,12.0,43.0,47.0,20.0,75.0,25.0,8.0,41.0,1530.0,1390.0,1680.0,3.2,1.5,7.0,8.0,7.0,8.8
station:line-5-0613-0611-s002287,station,line-5-0613-0611-s002287,line-5,station,2287.4,-9.58558781,30.41649076,0..30cm,25.0,12.0,36.0,50.0,25.0,73.0,25.0,11.0,37.0,1390.0,1130.0,1560.0,4.6,2.4,7.2,7.8,7.2,8.4
station:line-5-0613-0611-s002287,station,line-5-0613-0611-s002287,line-5,station,2287.4,-9.58558781,30.41649076,30..60cm,27.0,11.0,42.0,51.0,23.0,77.0,22.0,9.0,39.0,1470.0,1320.0,1640.0,2.7,1.3,4.9,8.0,7.4,8.9
station:line-5-0613-0611-s002287,station,line-5-0613-0611-s002287,line-5,station,2287.4,-9.58558781,30.41649076,60..100cm,27.0,10.0,43.0,51.0,19.0,80.0,22.0,5.0,39.0,1500.0,1330.0,1730.0,2.4,1.0,5.4,8.1,7.2,9.0
station:line-6-0790-0952-s000000,station,line-6-0790-0952-s000000,line-6,station,0.0,-9.51453703,30.38463675,0..30cm,16.0,7.0,27.0,66.0,46.0,87.0,17.0,5.0,28.0,1420.0,1220.0,1590.0,3.7,1.6,8.0,7.9,7.3,8.5
station:line-6-0790-0952-s000000,station,line-6-0790-0952-s000000,line-6,station,0.0,-9.51453703,30.38463675,30..60cm,19.0,6.0,30.0,64.0,40.0,88.0,18.0,4.0,30.0,1490.0,1300.0,1620.0,2.2,0.8,4.4,8.1,7.5,8.8
station:line-6-0790-0952-s000000,station,line-6-0790-0952-s000000,line-6,station,0.0,-9.51453703,30.38463675,60..100cm,19.0,5.0,34.0,63.0,38.0,88.0,18.0,4.0,35.0,1540.0,1350.0,1720.0,1.4,0.5,3.5,8.1,7.3,9.0
station:line-6-0810-1061-s002927,station,line-6-0810-1061-s002927,line-6,station,2926.8,-9.49182578,30.38103742,0..30cm,18.0,7.0,29.0,62.0,40.0,82.0,19.0,7.0,33.0,1470.0,1320.0,1600.0,4.2,2.4,7.4,7.9,7.4,8.3
station:line-6-0810-1061-s002927,station,line-6-0810-1061-s002927,line-6,station,2926.8,-9.49182578,30.38103742,30..60cm,20.0,6.0,34.0,60.0,37.0,85.0,20.0,7.0,36.0,1510.0,1320.0,1650.0,2.9,1.2,6.4,8.1,7.6,8.8
station:line-6-0810-1061-s002927,station,line-6-0810-1061-s002927,line-6,station,2926.8,-9.49182578,30.38103742,60..100cm,21.0,6.0,34.0,59.0,33.0,87.0,20.0,4.0,37.0,1550.0,1380.0,1760.0,2.4,1.2,4.9,8.1,7.3,8.8
station:line-6-0838-0990-s001275,station,line-6-0838-0990-s001275,line-6,station,1274.8,-9.50661934,30.37599837,0..30cm,22.0,9.0,31.0,55.0,38.0,78.0,22.0,8.0,37.0,1430.0,1230.0,1610.0,3.8,1.7,7.9,7.8,7.3,8.3
station:line-6-0838-0990-s001275,station,line-6-0838-0990-s001275,line-6,station,1274.8,-9.50661934,30.37599837,30..60cm,24.0,11.0,34.0,53.0,30.0,78.0,22.0,7.0,38.0,1540.0,1340.0,1730.0,2.4,1.2,4.9,8.0,7.4,8.8
station:line-6-0838-0990-s001275,station,line-6-0838-0990-s001275,line-6,station,1274.8,-9.50661934,30.37599837,60..100cm,24.0,10.0,37.0,53.0,30.0,81.0,23.0,8.0,39.0,1570.0,1380.0,1790.0,1.6,0.7,2.9,8.0,7.2,8.9
station:line-7-0781-0946-s000000,station,line-7-0781-0946-s000000,line-7,station,0.0,-9.51578719,30.38625644,0..30cm,23.0,13.0,34.0,52.0,32.0,71.0,25.0,9.0,34.0,1450.0,1240.0,1610.0,4.0,1.7,7.8,7.9,7.3,8.5
station:line-7-0781-0946-s000000,station,line-7-0781-0946-s000000,line-7,station,0.0,-9.51578719,30.38625644,30..60cm,25.0,14.0,37.0,50.0,24.0,73.0,25.0,11.0,42.0,1520.0,1330.0,1660.0,2.5,0.9,4.8,8.1,7.5,8.8
station:line-7-0781-0946-s000000,station,line-7-0781-0946-s000000,line-7,station,0.0,-9.51578719,30.38625644,60..100cm,25.0,11.0,39.0,49.0,22.0,75.0,25.0,11.0,41.0,1550.0,1380.0,1690.0,1.6,0.6,3.1,8.1,7.4,9.0
station:line-7-0816-0892-s001370,station,line-7-0816-0892-s001370,line-7,station,1369.9,-9.52703863,30.37995763,0..30cm,20.0,7.0,28.0,61.0,41.0,81.0,20.0,6.0,31.0,1430.0,1260.0,1580.0,4.3,2.2,8.4,7.8,7.3,8.4
station:line-7-0816-0892-s001370,station,line-7-0816-0892-s001370,line-7,station,1369.9,-9.52703863,30.37995763,30..60cm,21.0,9.0,34.0,59.0,35.0,82.0,20.0,6.0,37.0,1500.0,1330.0,1630.0,2.6,1.1,4.9,8.1,7.4,8.6
station:line-7-0816-0892-s001370,station,line-7-0816-0892-s001370,line-7,station,1369.9,-9.52703863,30.37995763,60..100cm,22.0,8.0,37.0,58.0,29.0,82.0,20.0,6.0,36.0,1540.0,1380.0,1680.0,2.2,0.9,4.1,8.0,7.2,8.6
station:line-7-0890-0864-s003082,station,line-7-0890-0864-s003082,line-7,station,3081.9,-9.53287271,30.36664013,0..30cm,21.0,6.0,32.0,58.0,39.0,79.0,21.0,7.0,36.0,1410.0,1210.0,1580.0,4.6,1.9,10.1,7.8,7.2,8.4
station:line-7-0890-0864-s003082,station,line-7-0890-0864-s003082,line-7,station,3081.9,-9.53287271,30.36664013,30..60cm,22.0,7.0,35.0,58.0,33.0,84.0,20.0,2.0,37.0,1510.0,1310.0,1670.0,2.8,1.4,4.8,8.0,7.2,8.8
station:line-7-0890-0864-s003082,station,line-7-0890-0864-s003082,line-7,station,3081.9,-9.53287271,30.36664013,60..100cm,22.0,7.0,35.0,58.0,31.0,92.0,19.0,0.0,36.0,1530.0,1340.0,1740.0,2.5,1.0,5.4,8.0,7.2,8.9
station:line-8-0670-0735-s000000,station,line-8-0670-0735-s000000,line-8,station,0.0,-9.55975116,30.40623269,0..30cm,21.0,7.0,29.0,58.0,42.0,83.0,21.0,7.0,33.0,1410.0,1190.0,1550.0,4.4,2.0,7.5,7.8,7.2,8.3
station:line-8-0670-0735-s000000,station,line-8-0670-0735-s000000,line-8,station,0.0,-9.55975116,30.40623269,30..60cm,24.0,9.0,34.0,57.0,35.0,85.0,19.0,3.0,36.0,1480.0,1250.0,1660.0,2.8,1.3,5.6,8.0,7.3,8.8
station:line-8-0670-0735-s000000,station,line-8-0670-0735-s000000,line-8,station,0.0,-9.55975116,30.40623269,60..100cm,24.0,10.0,38.0,56.0,30.0,84.0,19.0,3.0,36.0,1480.0,1230.0,1640.0,2.4,1.1,4.4,8.0,7.2,8.9
station:line-8-0737-0649-s002392,station,line-8-0737-0649-s002392,line-8,station,2392.2,-9.57767013,30.39417495,0..30cm,24.0,11.0,35.0,52.0,29.0,78.0,23.0,9.0,38.0,1430.0,1310.0,1600.0,6.3,3.3,10.5,7.8,7.3,8.3
station:line-8-0737-0649-s002392,station,line-8-0737-0649-s002392,line-8,station,2392.2,-9.57767013,30.39417495,30..60cm,25.0,10.0,36.0,54.0,22.0,82.0,20.0,4.0,37.0,1500.0,1370.0,1740.0,3.4,1.4,7.5,8.0,7.2,8.7
station:line-8-0737-0649-s002392,station,line-8-0737-0649-s002392,line-8,station,2392.2,-9.57767013,30.39417495,60..100cm,25.0,9.0,38.0,56.0,24.0,87.0,20.0,0.0,38.0,1510.0,1320.0,1740.0,2.7,1.1,6.1,8.1,7.5,8.8
station:line-9-0439-0764-s002941,station,line-9-0439-0764-s002941,line-9,station,2941.1,-9.55370872,30.44780487,0..30cm,23.0,13.0,34.0,53.0,34.0,70.0,24.0,12.0,39.0,1450.0,1270.0,1620.0,5.4,2.9,10.2,7.8,7.3,8.3
station:line-9-0439-0764-s002941,station,line-9-0439-0764-s002941,line-9,station,2941.1,-9.55370872,30.44780487,30..60cm,25.0,14.0,36.0,49.0,27.0,72.0,26.0,9.0,42.0,1480.0,1320.0,1650.0,3.1,1.5,5.5,8.0,7.2,8.7
station:line-9-0439-0764-s002941,station,line-9-0439-0764-s002941,line-9,station,2941.1,-9.55370872,30.44780487,60..100cm,26.0,14.0,39.0,48.0,25.0,75.0,27.0,9.0,44.0,1510.0,1310.0,1720.0,2.5,1.1,4.7,8.1,7.3,8.9
station:line-9-0512-0737-s001257,station,line-9-0512-0737-s001257,line-9,station,1257.4,-9.55933444,30.43466734,0..30cm,26.0,14.0,38.0,48.0,22.0,65.0,27.0,15.0,41.0,1410.0,1230.0,1550.0,4.4,2.1,8.3,7.7,7.2,8.1
station:line-9-0512-0737-s001257,station,line-9-0512-0737-s001257,line-9,station,1257.4,-9.55933444,30.43466734,30..60cm,28.0,13.0,41.0,46.0,20.0,69.0,26.0,13.0,44.0,1490.0,1330.0,1620.0,3.0,1.4,6.1,7.9,7.3,8.7
station:line-9-0512-0737-s001257,station,line-9-0512-0737-s001257,line-9,station,1257.4,-9.55933444,30.43466734,60..100cm,28.0,13.0,41.0,46.0,20.0,69.0,27.0,14.0,45.0,1510.0,1400.0,1620.0,2.4,1.2,4.5,7.9,7.0,8.8
station:line-9-0531-0682-s000000,station,line-9-0531-0682-s000000,line-9,station,0.0,-9.57079425,30.43124798,0..30cm,26.0,12.0,39.0,47.0,21.0,69.0,27.0,15.0,40.0,1420.0,1240.0,1600.0,6.3,3.1,11.7,7.7,7.1,8.2
station:line-9-0531-0682-s000000,station,line-9-0531-0682-s000000,line-9,station,0.0,-9.57079425,30.43124798,30..60cm,28.0,13.0,42.0,47.0,22.0,72.0,25.0,9.0,43.0,1500.0,1320.0,1730.0,3.4,1.4,6.4,7.9,7.4,8.5
station:line-9-0531-0682-s000000,station,line-9-0531-0682-s000000,line-9,station,0.0,-9.57079425,30.43124798,60..100cm,28.0,12.0,43.0,47.0,21.0,75.0,25.0,8.0,43.0,1490.0,1300.0,1660.0,2.7,1.1,5.6,8.0,7.2,8.7
