sample_id,scope_type,scope_id,line,civil_class,chainage_m,lon,lat,depth_interval,clay_mean,clay_p16,clay_p84,sand_mean,sand_p16,sand_p84,silt_mean,silt_p16,silt_p84,bd.core_mean,bd.core_p16,bd.core_p84,soc_mean,soc_p16,soc_p84,ph.h2o_mean,ph.h2o_p16,ph.h2o_p84
segment:line-1-civil-001:0000,civil_segment,line-1-civil-001,line-1,at-grade,0.0,31.81498877,31.50183259,0..30cm,26.0,14.0,36.0,45.0,25.0,69.0,29.0,16.0,44.0,1390.0,1170.0,1570.0,5.4,2.2,12.4,8.0,7.4,8.7
segment:line-1-civil-001:0000,civil_segment,line-1-civil-001,line-1,at-grade,0.0,31.81498877,31.50183259,30..60cm,27.0,13.0,38.0,46.0,23.0,71.0,27.0,13.0,42.0,1460.0,1230.0,1720.0,3.4,1.3,8.6,8.1,7.1,9.4
segment:line-1-civil-001:0000,civil_segment,line-1-civil-001,line-1,at-grade,0.0,31.81498877,31.50183259,60..100cm,27.0,14.0,39.0,47.0,23.0,75.0,26.0,9.0,42.0,1450.0,1170.0,1850.0,3.6,0.8,9.0,8.2,7.0,9.4
segment:line-1-civil-001:0001,civil_segment,line-1-civil-001,line-1,at-grade,1000.858,31.80930459,31.49719954,0..30cm,22.0,9.0,33.0,52.0,32.0,75.0,25.0,13.0,38.0,1410.0,1160.0,1640.0,4.1,2.1,6.2,8.3,7.6,8.9
segment:line-1-civil-001:0001,civil_segment,line-1-civil-001,line-1,at-grade,1000.858,31.80930459,31.49719954,30..60cm,24.0,10.0,35.0,53.0,29.0,81.0,24.0,8.0,36.0,1520.0,1260.0,1730.0,3.1,1.3,6.9,8.3,7.7,9.2
segment:line-1-civil-001:0001,civil_segment,line-1-civil-001,line-1,at-grade,1000.858,31.80930459,31.49719954,60..100cm,24.0,9.0,35.0,53.0,29.0,83.0,23.0,7.0,40.0,1520.0,1250.0,1770.0,2.9,0.7,7.7,8.4,7.7,9.3
segment:line-1-civil-001:0002,civil_segment,line-1-civil-001,line-1,at-grade,2001.716,31.81624218,31.49391408,0..30cm,25.0,14.0,34.0,48.0,29.0,68.0,27.0,17.0,38.0,1400.0,1140.0,1620.0,5.0,2.5,10.0,8.2,7.6,8.9
segment:line-1-civil-001:0002,civil_segment,line-1-civil-001,line-1,at-grade,2001.716,31.81624218,31.49391408,30..60cm,26.0,12.0,36.0,49.0,28.0,71.0,25.0,13.0,37.0,1510.0,1250.0,1770.0,3.4,1.0,6.5,8.3,7.6,9.2
segment:line-1-civil-001:0002,civil_segment,line-1-civil-001,line-1,at-grade,2001.716,31.81624218,31.49391408,60..100cm,26.0,11.0,36.0,50.0,29.0,74.0,24.0,10.0,37.0,1500.0,1220.0,1880.0,3.8,1.3,13.5,8.4,7.7,9.3
segment:line-1-civil-001:0003,civil_segment,line-1-civil-001,line-1,at-grade,2180.85,31.81744004,31.49325835,0..30cm,25.0,12.0,35.0,47.0,28.0,70.0,28.0,17.0,38.0,1410.0,1180.0,1600.0,5.4,2.2,10.2,8.2,7.6,8.8
segment:line-1-civil-001:0003,civil_segment,line-1-civil-001,line-1,at-grade,2180.85,31.81744004,31.49325835,30..60cm,27.0,12.0,36.0,48.0,28.0,74.0,26.0,14.0,39.0,1500.0,1270.0,1690.0,3.7,1.3,7.7,8.3,7.6,9.1
segment:line-1-civil-001:0003,civil_segment,line-1-civil-001,line-1,at-grade,2180.85,31.81744004,31.49325835,60..100cm,27.0,14.0,36.0,48.0,29.0,74.0,25.0,11.0,39.0,1490.0,1250.0,1710.0,3.7,1.2,12.9,8.3,7.6,9.3
segment:line-1-civil-001:0004,civil_segment,line-1-civil-001,line-1,at-grade,3002.574,31.82127837,31.48815516,0..30cm,24.0,14.0,34.0,49.0,29.0,74.0,26.0,12.0,40.0,1400.0,1140.0,1630.0,4.2,1.9,7.1,8.3,7.6,8.9
segment:line-1-civil-001:0004,civil_segment,line-1-civil-001,line-1,at-grade,3002.574,31.82127837,31.48815516,30..60cm,25.0,11.0,35.0,50.0,29.0,79.0,25.0,9.0,41.0,1510.0,1260.0,1700.0,2.7,0.8,5.8,8.4,7.8,9.1
segment:line-1-civil-001:0004,civil_segment,line-1-civil-001,line-1,at-grade,3002.574,31.82127837,31.48815516,60..100cm,25.0,10.0,36.0,51.0,29.0,80.0,24.0,7.0,40.0,1500.0,1220.0,1730.0,2.3,0.5,4.8,8.4,7.7,9.3
segment:line-1-civil-001:0005,civil_segment,line-1-civil-001,line-1,at-grade,4003.433,31.82129619,31.48130932,0..30cm,25.0,16.0,34.0,48.0,27.0,67.0,27.0,15.0,38.0,1400.0,1210.0,1610.0,5.3,2.4,10.3,8.1,7.6,8.6
segment:line-1-civil-001:0005,civil_segment,line-1-civil-001,line-1,at-grade,4003.433,31.82129619,31.48130932,30..60cm,26.0,14.0,36.0,48.0,28.0,71.0,26.0,13.0,39.0,1470.0,1260.0,1720.0,3.4,1.2,8.3,8.1,7.6,8.9
segment:line-1-civil-001:0005,civil_segment,line-1-civil-001,line-1,at-grade,4003.433,31.82129619,31.48130932,60..100cm,27.0,12.0,37.0,48.0,29.0,71.0,25.0,10.0,38.0,1460.0,1170.0,1760.0,3.2,1.0,8.5,8.2,7.6,9.2
segment:line-1-civil-001:0006,civil_segment,line-1-civil-001,line-1,at-grade,4361.7,31.81983085,31.47860199,0..30cm,25.0,12.0,36.0,48.0,25.0,78.0,27.0,11.0,43.0,1370.0,1140.0,1600.0,7.5,4.3,12.8,7.9,7.1,8.7
segment:line-1-civil-001:0006,civil_segment,line-1-civil-001,line-1,at-grade,4361.7,31.81983085,31.47860199,30..60cm,26.0,11.0,38.0,48.0,25.0,79.0,26.0,9.0,41.0,1460.0,1210.0,1740.0,5.1,2.2,8.8,8.0,7.2,9.0
segment:line-1-civil-001:0006,civil_segment,line-1-civil-001,line-1,at-grade,4361.7,31.81983085,31.47860199,60..100cm,27.0,12.0,40.0,48.0,21.0,80.0,25.0,6.0,41.0,1450.0,1090.0,1890.0,5.1,1.3,16.8,8.1,7.0,9.2
segment:line-1-civil-002:0000,civil_segment,line-1-civil-002,line-1,elevated,4361.7,31.81983085,31.47860199,0..30cm,25.0,12.0,36.0,48.0,25.0,78.0,27.0,11.0,43.0,1370.0,1140.0,1600.0,7.5,4.3,12.8,7.9,7.1,8.7
segment:line-1-civil-002:0000,civil_segment,line-1-civil-002,line-1,elevated,4361.7,31.81983085,31.47860199,30..60cm,26.0,11.0,38.0,48.0,25.0,79.0,26.0,9.0,41.0,1460.0,1210.0,1740.0,5.1,2.2,8.8,8.0,7.2,9.0
segment:line-1-civil-002:0000,civil_segment,line-1-civil-002,line-1,elevated,4361.7,31.81983085,31.47860199,60..100cm,27.0,12.0,40.0,48.0,21.0,80.0,25.0,6.0,41.0,1450.0,1090.0,1890.0,5.1,1.3,16.8,8.1,7.0,9.2
segment:line-1-civil-002:0001,civil_segment,line-1-civil-002,line-1,elevated,4608.25,31.8194098,31.47653297,0..30cm,25.0,15.0,36.0,46.0,29.0,68.0,28.0,18.0,38.0,1420.0,1190.0,1660.0,4.8,2.0,10.0,8.3,7.7,8.9
segment:line-1-civil-002:0001,civil_segment,line-1-civil-002,line-1,elevated,4608.25,31.8194098,31.47653297,30..60cm,27.0,14.0,37.0,45.0,28.0,72.0,27.0,15.0,38.0,1500.0,1250.0,1770.0,3.0,1.3,6.5,8.4,7.7,9.2
segment:line-1-civil-002:0001,civil_segment,line-1-civil-002,line-1,elevated,4608.25,31.8194098,31.47653297,60..100cm,28.0,15.0,39.0,45.0,27.0,72.0,27.0,14.0,40.0,1500.0,1170.0,1890.0,3.6,1.2,14.3,8.4,7.7,9.4
segment:line-1-civil-002:0002,civil_segment,line-1-civil-002,line-1,elevated,4854.8,31.81897737,31.47446801,0..30cm,25.0,12.0,37.0,48.0,22.0,80.0,27.0,11.0,43.0,1320.0,1040.0,1560.0,11.3,3.3,31.6,7.7,6.8,8.5
segment:line-1-civil-002:0002,civil_segment,line-1-civil-002,line-1,elevated,4854.8,31.81897737,31.47446801,30..60cm,27.0,12.0,40.0,47.0,22.0,82.0,26.0,9.0,43.0,1400.0,1200.0,1640.0,7.4,2.2,21.2,7.5,6.2,8.7
segment:line-1-civil-002:0002,civil_segment,line-1-civil-002,line-1,elevated,4854.8,31.81897737,31.47446801,60..100cm,28.0,13.0,43.0,47.0,22.0,82.0,25.0,7.0,43.0,1410.0,1030.0,1820.0,7.7,2.1,20.1,7.5,6.2,8.6
segment:line-1-civil-003:0000,civil_segment,line-1-civil-003,line-1,bridge,4854.8,31.81897737,31.47446801,0..30cm,25.0,12.0,37.0,48.0,22.0,80.0,27.0,11.0,43.0,1320.0,1040.0,1560.0,11.3,3.3,31.6,7.7,6.8,8.5
segment:line-1-civil-003:0000,civil_segment,line-1-civil-003,line-1,bridge,4854.8,31.81897737,31.47446801,30..60cm,27.0,12.0,40.0,47.0,22.0,82.0,26.0,9.0,43.0,1400.0,1200.0,1640.0,7.4,2.2,21.2,7.5,6.2,8.7
segment:line-1-civil-003:0000,civil_segment,line-1-civil-003,line-1,bridge,4854.8,31.81897737,31.47446801,60..100cm,28.0,13.0,43.0,47.0,22.0,82.0,25.0,7.0,43.0,1410.0,1030.0,1820.0,7.7,2.1,20.1,7.5,6.2,8.6
segment:line-1-civil-003:0001,civil_segment,line-1-civil-003,line-1,bridge,4868.95,31.81887202,31.47437795,0..30cm,25.0,12.0,37.0,48.0,22.0,80.0,27.0,11.0,43.0,1320.0,1040.0,1560.0,11.3,3.3,31.6,7.7,6.8,8.5
segment:line-1-civil-003:0001,civil_segment,line-1-civil-003,line-1,bridge,4868.95,31.81887202,31.47437795,30..60cm,27.0,12.0,40.0,47.0,22.0,82.0,26.0,9.0,43.0,1400.0,1200.0,1640.0,7.4,2.2,21.2,7.5,6.2,8.7
segment:line-1-civil-003:0001,civil_segment,line-1-civil-003,line-1,bridge,4868.95,31.81887202,31.47437795,60..100cm,28.0,13.0,43.0,47.0,22.0,82.0,25.0,7.0,43.0,1410.0,1030.0,1820.0,7.7,2.1,20.1,7.5,6.2,8.6
segment:line-1-civil-003:0002,civil_segment,line-1-civil-003,line-1,bridge,4883.1,31.81877822,31.47428377,0..30cm,25.0,12.0,37.0,48.0,22.0,80.0,27.0,11.0,43.0,1320.0,1040.0,1560.0,11.3,3.3,31.6,7.7,6.8,8.5
segment:line-1-civil-003:0002,civil_segment,line-1-civil-003,line-1,bridge,4883.1,31.81877822,31.47428377,30..60cm,27.0,12.0,40.0,47.0,22.0,82.0,26.0,9.0,43.0,1400.0,1200.0,1640.0,7.4,2.2,21.2,7.5,6.2,8.7
segment:line-1-civil-003:0002,civil_segment,line-1-civil-003,line-1,bridge,4883.1,31.81877822,31.47428377,60..100cm,28.0,13.0,43.0,47.0,22.0,82.0,25.0,7.0,43.0,1410.0,1030.0,1820.0,7.7,2.1,20.1,7.5,6.2,8.6
segment:line-1-civil-004:0000,civil_segment,line-1-civil-004,line-1,elevated,4883.1,31.81877822,31.47428377,0..30cm,25.0,12.0,37.0,48.0,22.0,80.0,27.0,11.0,43.0,1320.0,1040.0,1560.0,11.3,3.3,31.6,7.7,6.8,8.5
segment:line-1-civil-004:0000,civil_segment,line-1-civil-004,line-1,elevated,4883.1,31.81877822,31.47428377,30..60cm,27.0,12.0,40.0,47.0,22.0,82.0,26.0,9.0,43.0,1400.0,1200.0,1640.0,7.4,2.2,21.2,7.5,6.2,8.7
segment:line-1-civil-004:0000,civil_segment,line-1-civil-004,line-1,elevated,4883.1,31.81877822,31.47428377,60..100cm,28.0,13.0,43.0,47.0,22.0,82.0,25.0,7.0,43.0,1410.0,1030.0,1820.0,7.7,2.1,20.1,7.5,6.2,8.6
segment:line-1-civil-004:0001,civil_segment,line-1-civil-004,line-1,elevated,4893.1,31.81877822,31.47419382,0..30cm,25.0,12.0,37.0,48.0,22.0,80.0,27.0,11.0,43.0,1320.0,1040.0,1560.0,11.3,3.3,31.6,7.7,6.8,8.5
segment:line-1-civil-004:0001,civil_segment,line-1-civil-004,line-1,elevated,4893.1,31.81877822,31.47419382,30..60cm,27.0,12.0,40.0,47.0,22.0,82.0,26.0,9.0,43.0,1400.0,1200.0,1640.0,7.4,2.2,21.2,7.5,6.2,8.7
segment:line-1-civil-004:0001,civil_segment,line-1-civil-004,line-1,elevated,4893.1,31.81877822,31.47419382,60..100cm,28.0,13.0,43.0,47.0,22.0,82.0,25.0,7.0,43.0,1410.0,1030.0,1820.0,7.7,2.1,20.1,7.5,6.2,8.6
segment:line-1-civil-004:0002,civil_segment,line-1-civil-004,line-1,elevated,4903.1,31.81877822,31.47410387,0..30cm,25.0,12.0,37.0,48.0,22.0,80.0,27.0,11.0,43.0,1320.0,1040.0,1560.0,11.3,3.3,31.6,7.7,6.8,8.5
segment:line-1-civil-004:0002,civil_segment,line-1-civil-004,line-1,elevated,4903.1,31.81877822,31.47410387,30..60cm,27.0,12.0,40.0,47.0,22.0,82.0,26.0,9.0,43.0,1400.0,1200.0,1640.0,7.4,2.2,21.2,7.5,6.2,8.7
segment:line-1-civil-004:0002,civil_segment,line-1-civil-004,line-1,elevated,4903.1,31.81877822,31.47410387,60..100cm,28.0,13.0,43.0,47.0,22.0,82.0,25.0,7.0,43.0,1410.0,1030.0,1820.0,7.7,2.1,20.1,7.5,6.2,8.6
segment:line-1-civil-005:0000,civil_segment,line-1-civil-005,line-1,bridge,4903.1,31.81877822,31.47410387,0..30cm,25.0,12.0,37.0,48.0,22.0,80.0,27.0,11.0,43.0,1320.0,1040.0,1560.0,11.3,3.3,31.6,7.7,6.8,8.5
segment:line-1-civil-005:0000,civil_segment,line-1-civil-005,line-1,bridge,4903.1,31.81877822,31.47410387,30..60cm,27.0,12.0,40.0,47.0,22.0,82.0,26.0,9.0,43.0,1400.0,1200.0,1640.0,7.4,2.2,21.2,7.5,6.2,8.7
segment:line-1-civil-005:0000,civil_segment,line-1-civil-005,line-1,bridge,4903.1,31.81877822,31.47410387,60..100cm,28.0,13.0,43.0,47.0,22.0,82.0,25.0,7.0,43.0,1410.0,1030.0,1820.0,7.7,2.1,20.1,7.5,6.2,8.6
segment:line-1-civil-005:0001,civil_segment,line-1-civil-005,line-1,bridge,5592.8,31.81751507,31.46834614,0..30cm,26.0,13.0,37.0,44.0,21.0,71.0,29.0,13.0,43.0,1190.0,880.0,1400.0,16.8,4.5,58.0,7.7,7.0,8.6
segment:line-1-civil-005:0001,civil_segment,line-1-civil-005,line-1,bridge,5592.8,31.81751507,31.46834614,30..60cm,28.0,15.0,40.0,44.0,21.0,71.0,28.0,14.0,41.0,1260.0,950.0,1560.0,15.8,5.0,59.0,7.6,6.3,8.7
segment:line-1-civil-005:0001,civil_segment,line-1-civil-005,line-1,bridge,5592.8,31.81751507,31.46834614,60..100cm,30.0,16.0,41.0,43.0,16.0,74.0,28.0,13.0,44.0,1280.0,870.0,1650.0,17.8,3.0,93.7,7.6,6.6,8.6
segment:line-1-civil-005:0002,civil_segment,line-1-civil-005,line-1,bridge,5905.253,31.81688349,31.46575884,0..30cm,26.0,14.0,37.0,45.0,27.0,71.0,28.0,14.0,43.0,1330.0,1100.0,1590.0,7.9,3.9,12.5,8.2,7.7,8.9
segment:line-1-civil-005:0002,civil_segment,line-1-civil-005,line-1,bridge,5905.253,31.81688349,31.46575884,30..60cm,28.0,14.0,39.0,45.0,26.0,72.0,27.0,13.0,39.0,1380.0,1110.0,1630.0,7.2,2.4,19.3,8.5,7.9,9.3
segment:line-1-civil-005:0002,civil_segment,line-1-civil-005,line-1,bridge,5905.253,31.81688349,31.46575884,60..100cm,29.0,15.0,39.0,44.0,25.0,74.0,26.0,10.0,40.0,1390.0,1010.0,1830.0,8.5,1.3,38.4,8.7,8.0,9.6
segment:line-1-civil-005:0003,civil_segment,line-1-civil-005,line-1,bridge,6282.5,31.8162424,31.46259183,0..30cm,26.0,13.0,37.0,45.0,22.0,76.0,29.0,12.0,43.0,1050.0,760.0,1360.0,23.9,8.8,62.4,7.5,6.6,8.4
segment:line-1-civil-005:0003,civil_segment,line-1-civil-005,line-1,bridge,6282.5,31.8162424,31.46259183,30..60cm,28.0,15.0,40.0,44.0,21.0,78.0,28.0,9.0,41.0,1090.0,870.0,1400.0,21.8,7.6,62.3,7.1,5.2,8.6
segment:line-1-civil-005:0003,civil_segment,line-1-civil-005,line-1,bridge,6282.5,31.8162424,31.46259183,60..100cm,29.0,16.0,40.0,43.0,21.0,80.0,27.0,5.0,41.0,1090.0,750.0,1460.0,22.8,4.1,122.0,6.9,4.8,8.4
segment:line-1-civil-006:0000,civil_segment,line-1-civil-006,line-1,elevated,6282.5,31.8162424,31.46259183,0..30cm,26.0,13.0,37.0,45.0,22.0,76.0,29.0,12.0,43.0,1050.0,760.0,1360.0,23.9,8.8,62.4,7.5,6.6,8.4
segment:line-1-civil-006:0000,civil_segment,line-1-civil-006,line-1,elevated,6282.5,31.8162424,31.46259183,30..60cm,28.0,15.0,40.0,44.0,21.0,78.0,28.0,9.0,41.0,1090.0,870.0,1400.0,21.8,7.6,62.3,7.1,5.2,8.6
segment:line-1-civil-006:0000,civil_segment,line-1-civil-006,line-1,elevated,6282.5,31.8162424,31.46259183,60..100cm,29.0,16.0,40.0,43.0,21.0,80.0,27.0,5.0,41.0,1090.0,750.0,1460.0,22.8,4.1,122.0,6.9,4.8,8.4
segment:line-1-civil-006:0001,civil_segment,line-1-civil-006,line-1,elevated,6739.778,31.81536992,31.45878656,0..30cm,25.0,12.0,37.0,47.0,22.0,80.0,28.0,10.0,44.0,1250.0,970.0,1480.0,14.1,4.2,43.7,7.7,7.0,8.5
segment:line-1-civil-006:0001,civil_segment,line-1-civil-006,line-1,elevated,6739.778,31.81536992,31.45878656,30..60cm,27.0,14.0,40.0,47.0,21.0,82.0,26.0,9.0,41.0,1300.0,970.0,1580.0,15.0,5.7,48.0,7.6,6.3,8.8
segment:line-1-civil-006:0001,civil_segment,line-1-civil-006,line-1,elevated,6739.778,31.81536992,31.45878656,60..100cm,28.0,14.0,39.0,46.0,17.0,83.0,26.0,5.0,41.0,1310.0,750.0,1760.0,15.1,2.2,59.4,7.6,6.4,8.6
segment:line-1-civil-006:0002,civil_segment,line-1-civil-006,line-1,elevated,7197.056,31.81435719,31.45503122,0..30cm,25.0,11.0,37.0,48.0,27.0,81.0,27.0,9.0,43.0,1340.0,1140.0,1570.0,8.5,4.1,15.6,8.1,7.5,8.7
segment:line-1-civil-006:0002,civil_segment,line-1-civil-006,line-1,elevated,7197.056,31.81435719,31.45503122,30..60cm,27.0,12.0,39.0,48.0,27.0,82.0,25.0,8.0,39.0,1410.0,1160.0,1660.0,6.6,2.2,15.1,8.4,7.8,8.9
segment:line-1-civil-006:0002,civil_segment,line-1-civil-006,line-1,elevated,7197.056,31.81435719,31.45503122,60..100cm,28.0,12.0,39.0,47.0,26.0,82.0,25.0,5.0,39.0,1400.0,1010.0,1760.0,6.3,1.4,22.4,8.6,7.9,9.3
segment:line-1-civil-007:0000,civil_segment,line-1-civil-007,line-1,elevated,7197.056,31.81435719,31.45503122,0..30cm,25.0,11.0,37.0,48.0,27.0,81.0,27.0,9.0,43.0,1340.0,1140.0,1570.0,8.5,4.1,15.6,8.1,7.5,8.7
segment:line-1-civil-007:0000,civil_segment,line-1-civil-007,line-1,elevated,7197.056,31.81435719,31.45503122,30..60cm,27.0,12.0,39.0,48.0,27.0,82.0,25.0,8.0,39.0,1410.0,1160.0,1660.0,6.6,2.2,15.1,8.4,7.8,8.9
segment:line-1-civil-007:0000,civil_segment,line-1-civil-007,line-1,elevated,7197.056,31.81435719,31.45503122,60..100cm,28.0,12.0,39.0,47.0,26.0,82.0,25.0,5.0,39.0,1400.0,1010.0,1760.0,6.3,1.4,22.4,8.6,7.9,9.3
segment:line-1-civil-007:0001,civil_segment,line-1-civil-007,line-1,elevated,7207.056,31.81435719,31.45494127,0..30cm,25.0,11.0,35.0,50.0,28.0,77.0,26.0,12.0,35.0,1350.0,1140.0,1580.0,6.4,3.4,11.1,8.2,7.6,8.7
segment:line-1-civil-007:0001,civil_segment,line-1-civil-007,line-1,elevated,7207.056,31.81435719,31.45494127,30..60cm,26.0,11.0,37.0,50.0,27.0,80.0,24.0,9.0,36.0,1420.0,1140.0,1660.0,5.0,1.5,13.3,8.4,7.8,9.0
segment:line-1-civil-007:0001,civil_segment,line-1-civil-007,line-1,elevated,7207.056,31.81435719,31.45494127,60..100cm,27.0,11.0,37.0,50.0,27.0,82.0,24.0,4.0,36.0,1420.0,1110.0,1750.0,5.6,1.4,16.0,8.5,7.9,9.3
segment:line-1-civil-007:0002,civil_segment,line-1-civil-007,line-1,elevated,7217.056,31.81435719,31.45485132,0..30cm,25.0,11.0,35.0,50.0,28.0,77.0,26.0,12.0,35.0,1350.0,1140.0,1580.0,6.4,3.4,11.1,8.2,7.6,8.7
segment:line-1-civil-007:0002,civil_segment,line-1-civil-007,line-1,elevated,7217.056,31.81435719,31.45485132,30..60cm,26.0,11.0,37.0,50.0,27.0,80.0,24.0,9.0,36.0,1420.0,1140.0,1660.0,5.0,1.5,13.3,8.4,7.8,9.0
segment:line-1-civil-007:0002,civil_segment,line-1-civil-007,line-1,elevated,7217.056,31.81435719,31.45485132,60..100cm,27.0,11.0,37.0,50.0,27.0,82.0,24.0,4.0,36.0,1420.0,1110.0,1750.0,5.6,1.4,16.0,8.5,7.9,9.3
segment:line-1-civil-008:0000,civil_segment,line-1-civil-008,line-1,elevated,7217.056,31.81435719,31.45485132,0..30cm,25.0,11.0,35.0,50.0,28.0,77.0,26.0,12.0,35.0,1350.0,1140.0,1580.0,6.4,3.4,11.1,8.2,7.6,8.7
segment:line-1-civil-008:0000,civil_segment,line-1-civil-008,line-1,elevated,7217.056,31.81435719,31.45485132,30..60cm,26.0,11.0,37.0,50.0,27.0,80.0,24.0,9.0,36.0,1420.0,1140.0,1660.0,5.0,1.5,13.3,8.4,7.8,9.0
segment:line-1-civil-008:0000,civil_segment,line-1-civil-008,line-1,elevated,7217.056,31.81435719,31.45485132,60..100cm,27.0,11.0,37.0,50.0,27.0,82.0,24.0,4.0,36.0,1420.0,1110.0,1750.0,5.6,1.4,16.0,8.5,7.9,9.3
segment:line-1-civil-008:0001,civil_segment,line-1-civil-008,line-1,elevated,8219.159,31.81246247,31.4465065,0..30cm,26.0,11.0,37.0,46.0,19.0,79.0,28.0,12.0,43.0,1360.0,1140.0,1580.0,8.5,3.8,13.8,8.0,7.3,8.7
segment:line-1-civil-008:0001,civil_segment,line-1-civil-008,line-1,elevated,8219.159,31.81246247,31.4465065,30..60cm,27.0,11.0,40.0,46.0,20.0,81.0,27.0,10.0,41.0,1430.0,1190.0,1640.0,6.4,2.2,21.4,8.2,7.5,8.9
segment:line-1-civil-008:0001,civil_segment,line-1-civil-008,line-1,elevated,8219.159,31.81246247,31.4465065,60..100cm,28.0,11.0,41.0,46.0,21.0,82.0,26.0,7.0,41.0,1420.0,1080.0,1760.0,5.9,1.5,13.6,8.3,7.8,9.2
segment:line-1-civil-008:0002,civil_segment,line-1-civil-008,line-1,elevated,9172.028,31.81077827,31.43852996,0..30cm,24.0,13.0,33.0,51.0,34.0,73.0,25.0,13.0,35.0,1370.0,1160.0,1550.0,4.5,2.2,7.9,8.3,7.6,8.8
segment:line-1-civil-008:0002,civil_segment,line-1-civil-008,line-1,elevated,9172.028,31.81077827,31.43852996,30..60cm,25.0,13.0,37.0,51.0,34.0,75.0,24.0,12.0,34.0,1480.0,1290.0,1660.0,3.2,1.3,6.5,8.4,7.8,9.2
segment:line-1-civil-008:0002,civil_segment,line-1-civil-008,line-1,elevated,9172.028,31.81077827,31.43852996,60..100cm,26.0,13.0,37.0,50.0,30.0,73.0,24.0,10.0,35.0,1490.0,1260.0,1710.0,3.0,1.2,7.5,8.4,7.8,9.5
segment:line-1-civil-008:0003,civil_segment,line-1-civil-008,line-1,elevated,9221.262,31.81059847,31.43815083,0..30cm,24.0,13.0,33.0,51.0,34.0,73.0,25.0,13.0,35.0,1370.0,1160.0,1550.0,4.5,2.2,7.9,8.3,7.6,8.8
segment:line-1-civil-008:0003,civil_segment,line-1-civil-008,line-1,elevated,9221.262,31.81059847,31.43815083,30..60cm,25.0,13.0,37.0,51.0,34.0,75.0,24.0,12.0,34.0,1480.0,1290.0,1660.0,3.2,1.3,6.5,8.4,7.8,9.2
segment:line-1-civil-008:0003,civil_segment,line-1-civil-008,line-1,elevated,9221.262,31.81059847,31.43815083,60..100cm,26.0,13.0,37.0,50.0,30.0,73.0,24.0,10.0,35.0,1490.0,1260.0,1710.0,3.0,1.2,7.5,8.4,7.8,9.5
segment:line-1-civil-008:0004,civil_segment,line-1-civil-008,line-1,elevated,10223.365,31.80867302,31.42981713,0..30cm,23.0,11.0,32.0,52.0,33.0,74.0,25.0,13.0,36.0,1410.0,1170.0,1630.0,4.2,2.5,6.7,8.2,7.7,8.7
segment:line-1-civil-008:0004,civil_segment,line-1-civil-008,line-1,elevated,10223.365,31.80867302,31.42981713,30..60cm,25.0,10.0,35.0,52.0,34.0,80.0,23.0,9.0,35.0,1460.0,1190.0,1740.0,2.6,1.4,4.4,8.3,7.8,8.9
segment:line-1-civil-008:0004,civil_segment,line-1-civil-008,line-1,elevated,10223.365,31.80867302,31.42981713,60..100cm,25.0,10.0,36.0,52.0,32.0,83.0,23.0,7.0,35.0,1410.0,1100.0,1790.0,2.2,0.8,4.3,8.3,7.8,9.2
segment:line-1-civil-008:0005,civil_segment,line-1-civil-008,line-1,elevated,11127.0,31.80698882,31.42228386,0..30cm,22.0,9.0,33.0,54.0,31.0,81.0,24.0,9.0,38.0,1330.0,990.0,1620.0,7.2,2.1,19.5,7.8,7.1,8.7
segment:line-1-civil-008:0005,civil_segment,line-1-civil-008,line-1,elevated,11127.0,31.80698882,31.42228386,30..60cm,23.0,7.0,37.0,54.0,30.0,87.0,23.0,7.0,36.0,1400.0,1090.0,1700.0,3.8,1.0,10.0,7.7,6.7,8.8
segment:line-1-civil-008:0005,civil_segment,line-1-civil-008,line-1,elevated,11127.0,31.80698882,31.42228386,60..100cm,23.0,7.0,40.0,55.0,30.0,88.0,22.0,3.0,36.0,1320.0,790.0,1760.0,3.6,0.9,6.5,7.6,6.5,8.6
segment:line-1-civil-009:0000,civil_segment,line-1-civil-009,line-1,bridge,11127.0,31.80698882,31.42228386,0..30cm,22.0,9.0,33.0,54.0,31.0,81.0,24.0,9.0,38.0,1330.0,990.0,1620.0,7.2,2.1,19.5,7.8,7.1,8.7
segment:line-1-civil-009:0000,civil_segment,line-1-civil-009,line-1,bridge,11127.0,31.80698882,31.42228386,30..60cm,23.0,7.0,37.0,54.0,30.0,87.0,23.0,7.0,36.0,1400.0,1090.0,1700.0,3.8,1.0,10.0,7.7,6.7,8.8
segment:line-1-civil-009:0000,civil_segment,line-1-civil-009,line-1,bridge,11127.0,31.80698882,31.42228386,60..100cm,23.0,7.0,40.0,55.0,30.0,88.0,22.0,3.0,36.0,1320.0,790.0,1760.0,3.6,0.9,6.5,7.6,6.5,8.6
segment:line-1-civil-009:0001,civil_segment,line-1-civil-009,line-1,bridge,11560.15,31.80614672,31.41868509,0..30cm,23.0,9.0,35.0,53.0,28.0,82.0,25.0,10.0,36.0,1370.0,1030.0,1630.0,8.7,5.0,16.1,8.0,7.4,8.7
segment:line-1-civil-009:0001,civil_segment,line-1-civil-009,line-1,bridge,11560.15,31.80614672,31.41868509,30..60cm,24.0,10.0,37.0,53.0,28.0,82.0,23.0,9.0,36.0,1430.0,1090.0,1750.0,5.0,2.4,9.9,8.2,7.4,8.9
segment:line-1-civil-009:0001,civil_segment,line-1-civil-009,line-1,bridge,11560.15,31.80614672,31.41868509,60..100cm,25.0,10.0,36.0,52.0,29.0,82.0,23.0,9.0,36.0,1370.0,820.0,1830.0,3.2,1.1,7.5,8.2,7.6,9.1
segment:line-1-civil-009:0002,civil_segment,line-1-civil-009,line-1,bridge,11993.3,31.80530462,31.41508634,0..30cm,24.0,9.0,36.0,51.0,29.0,78.0,25.0,11.0,38.0,1310.0,960.0,1620.0,9.8,4.1,20.9,7.7,6.9,8.6
segment:line-1-civil-009:0002,civil_segment,line-1-civil-009,line-1,bridge,11993.3,31.80530462,31.41508634,30..60cm,25.0,8.0,37.0,51.0,28.0,79.0,24.0,9.0,38.0,1440.0,1100.0,1750.0,5.5,1.8,11.0,7.6,6.6,8.6
segment:line-1-civil-009:0002,civil_segment,line-1-civil-009,line-1,bridge,11993.3,31.80530462,31.41508634,60..100cm,25.0,9.0,37.0,52.0,28.0,83.0,23.0,8.0,36.0,1400.0,830.0,1880.0,5.4,1.4,15.6,7.4,6.4,8.4
segment:line-1-civil-010:0000,civil_segment,line-1-civil-010,line-1,elevated,11993.3,31.80530462,31.41508634,0..30cm,24.0,9.0,36.0,51.0,29.0,78.0,25.0,11.0,38.0,1310.0,960.0,1620.0,9.8,4.1,20.9,7.7,6.9,8.6
segment:line-1-civil-010:0000,civil_segment,line-1-civil-010,line-1,elevated,11993.3,31.80530462,31.41508634,30..60cm,25.0,8.0,37.0,51.0,28.0,79.0,24.0,9.0,38.0,1440.0,1100.0,1750.0,5.5,1.8,11.0,7.6,6.6,8.6
segment:line-1-civil-010:0000,civil_segment,line-1-civil-010,line-1,elevated,11993.3,31.80530462,31.41508634,60..100cm,25.0,9.0,37.0,52.0,28.0,83.0,23.0,8.0,36.0,1400.0,830.0,1880.0,5.4,1.4,15.6,7.4,6.4,8.4
segment:line-1-civil-010:0001,civil_segment,line-1-civil-010,line-1,elevated,12995.371,31.80340989,31.40674195,0..30cm,23.0,14.0,34.0,52.0,33.0,71.0,24.0,14.0,36.0,1410.0,1180.0,1610.0,4.2,2.3,7.8,8.4,7.7,9.0
segment:line-1-civil-010:0001,civil_segment,line-1-civil-010,line-1,elevated,12995.371,31.80340989,31.40674195,30..60cm,25.0,15.0,35.0,52.0,34.0,69.0,24.0,13.0,34.0,1510.0,1350.0,1710.0,3.0,0.9,6.2,8.4,7.8,9.5
segment:line-1-civil-010:0001,civil_segment,line-1-civil-010,line-1,elevated,12995.371,31.80340989,31.40674195,60..100cm,25.0,14.0,37.0,51.0,33.0,70.0,24.0,12.0,34.0,1500.0,1340.0,1710.0,2.9,0.8,6.9,8.5,7.8,9.7
segment:line-1-civil-010:0002,civil_segment,line-1-civil-010,line-1,elevated,13879.98,31.80172569,31.39937988,0..30cm,25.0,11.0,37.0,46.0,19.0,79.0,28.0,13.0,43.0,1360.0,1160.0,1600.0,9.9,4.4,19.9,7.9,7.2,8.8
segment:line-1-civil-010:0002,civil_segment,line-1-civil-010,line-1,elevated,13879.98,31.80172569,31.39937988,30..60cm,27.0,11.0,40.0,47.0,19.0,80.0,26.0,9.0,40.0,1450.0,1230.0,1660.0,5.4,2.1,11.9,8.0,7.4,8.8
segment:line-1-civil-010:0002,civil_segment,line-1-civil-010,line-1,elevated,13879.98,31.80172569,31.39937988,60..100cm,27.0,11.0,40.0,47.0,20.0,80.0,26.0,9.0,39.0,1440.0,1150.0,1800.0,3.3,0.9,8.8,8.2,7.6,9.1
segment:line-1-civil-010:0003,civil_segment,line-1-civil-010,line-1,elevated,13997.442,31.80155284,31.39838425,0..30cm,26.0,11.0,38.0,46.0,18.0,75.0,29.0,13.0,46.0,1340.0,1110.0,1550.0,10.9,4.7,21.5,7.8,7.1,8.6
segment:line-1-civil-010:0003,civil_segment,line-1-civil-010,line-1,elevated,13997.442,31.80155284,31.39838425,30..60cm,27.0,12.0,39.0,46.0,19.0,81.0,27.0,10.0,43.0,1420.0,1170.0,1670.0,6.1,2.3,12.5,7.9,7.2,8.6
segment:line-1-civil-010:0003,civil_segment,line-1-civil-010,line-1,elevated,13997.442,31.80155284,31.39838425,60..100cm,28.0,12.0,39.0,46.0,19.0,80.0,27.0,9.0,40.0,1440.0,1120.0,1810.0,3.9,1.1,8.9,8.0,7.6,8.8
segment:line-1-civil-010:0004,civil_segment,line-1-civil-010,line-1,elevated,14999.513,31.79962044,31.39005346,0..30cm,27.0,13.0,38.0,43.0,18.0,71.0,30.0,14.0,48.0,1210.0,980.0,1450.0,16.8,5.6,48.7,7.6,6.8,8.6
segment:line-1-civil-010:0004,civil_segment,line-1-civil-010,line-1,elevated,14999.513,31.79962044,31.39005346,30..60cm,28.0,16.0,40.0,43.0,17.0,70.0,29.0,14.0,44.0,1360.0,1170.0,1610.0,14.7,4.7,39.8,7.4,6.3,8.8
segment:line-1-civil-010:0004,civil_segment,line-1-civil-010,line-1,elevated,14999.513,31.79962044,31.39005346,60..100cm,29.0,17.0,39.0,43.0,15.0,70.0,28.0,13.0,44.0,1410.0,1040.0,1830.0,17.6,2.9,92.0,7.3,5.5,8.6
segment:line-1-civil-010:0005,civil_segment,line-1-civil-010,line-1,elevated,15766.661,31.79835729,31.38359876,0..30cm,27.0,13.0,39.0,44.0,15.0,72.0,29.0,14.0,48.0,1280.0,1000.0,1520.0,11.2,2.8,39.7,7.7,7.0,8.6
segment:line-1-civil-010:0005,civil_segment,line-1-civil-010,line-1,elevated,15766.661,31.79835729,31.38359876,30..60cm,28.0,13.0,41.0,44.0,15.0,75.0,28.0,14.0,44.0,1390.0,1170.0,1610.0,10.5,2.9,28.2,7.6,6.3,8.8
segment:line-1-civil-010:0005,civil_segment,line-1-civil-010,line-1,elevated,15766.661,31.79835729,31.38359876,60..100cm,28.0,13.0,42.0,44.0,15.0,74.0,28.0,12.0,43.0,1420.0,1030.0,1840.0,12.7,1.8,87.2,7.6,6.6,8.7
segment:line-1-civil-011:0000,civil_segment,line-1-civil-011,line-1,elevated,15766.661,31.79835729,31.38359876,0..30cm,27.0,13.0,39.0,44.0,15.0,72.0,29.0,14.0,48.0,1280.0,1000.0,1520.0,11.2,2.8,39.7,7.7,7.0,8.6
segment:line-1-civil-011:0000,civil_segment,line-1-civil-011,line-1,elevated,15766.661,31.79835729,31.38359876,30..60cm,28.0,13.0,41.0,44.0,15.0,75.0,28.0,14.0,44.0,1390.0,1170.0,1610.0,10.5,2.9,28.2,7.6,6.3,8.8
segment:line-1-civil-011:0000,civil_segment,line-1-civil-011,line-1,elevated,15766.661,31.79835729,31.38359876,60..100cm,28.0,13.0,42.0,44.0,15.0,74.0,28.0,12.0,43.0,1420.0,1030.0,1840.0,12.7,1.8,87.2,7.6,6.6,8.7
segment:line-1-civil-011:0001,civil_segment,line-1-civil-011,line-1,elevated,15780.803,31.79825524,31.38350758,0..30cm,27.0,13.0,39.0,44.0,15.0,72.0,29.0,14.0,48.0,1280.0,1000.0,1520.0,11.2,2.8,39.7,7.7,7.0,8.6
segment:line-1-civil-011:0001,civil_segment,line-1-civil-011,line-1,elevated,15780.803,31.79825524,31.38350758,30..60cm,28.0,13.0,41.0,44.0,15.0,75.0,28.0,14.0,44.0,1390.0,1170.0,1610.0,10.5,2.9,28.2,7.6,6.3,8.8
segment:line-1-civil-011:0001,civil_segment,line-1-civil-011,line-1,elevated,15780.803,31.79825524,31.38350758,60..100cm,28.0,13.0,42.0,44.0,15.0,74.0,28.0,12.0,43.0,1420.0,1030.0,1840.0,12.7,1.8,87.2,7.6,6.6,8.7
segment:line-1-civil-011:0002,civil_segment,line-1-civil-011,line-1,elevated,15794.945,31.79814993,31.38341756,0..30cm,27.0,13.0,39.0,44.0,15.0,72.0,29.0,14.0,48.0,1280.0,1000.0,1520.0,11.2,2.8,39.7,7.7,7.0,8.6
segment:line-1-civil-011:0002,civil_segment,line-1-civil-011,line-1,elevated,15794.945,31.79814993,31.38341756,30..60cm,28.0,13.0,41.0,44.0,15.0,75.0,28.0,14.0,44.0,1390.0,1170.0,1610.0,10.5,2.9,28.2,7.6,6.3,8.8
segment:line-1-civil-011:0002,civil_segment,line-1-civil-011,line-1,elevated,15794.945,31.79814993,31.38341756,60..100cm,28.0,13.0,42.0,44.0,15.0,74.0,28.0,12.0,43.0,1420.0,1030.0,1840.0,12.7,1.8,87.2,7.6,6.6,8.7
segment:line-1-civil-012:0000,civil_segment,line-1-civil-012,line-1,elevated,15794.945,31.79814993,31.38341756,0..30cm,27.0,13.0,39.0,44.0,15.0,72.0,29.0,14.0,48.0,1280.0,1000.0,1520.0,11.2,2.8,39.7,7.7,7.0,8.6
segment:line-1-civil-012:0000,civil_segment,line-1-civil-012,line-1,elevated,15794.945,31.79814993,31.38341756,30..60cm,28.0,13.0,41.0,44.0,15.0,75.0,28.0,14.0,44.0,1390.0,1170.0,1610.0,10.5,2.9,28.2,7.6,6.3,8.8
segment:line-1-civil-012:0000,civil_segment,line-1-civil-012,line-1,elevated,15794.945,31.79814993,31.38341756,60..100cm,28.0,13.0,42.0,44.0,15.0,74.0,28.0,12.0,43.0,1420.0,1030.0,1840.0,12.7,1.8,87.2,7.6,6.6,8.7
segment:line-1-civil-012:0001,civil_segment,line-1-civil-012,line-1,elevated,16390.508,31.79709414,31.37843303,0..30cm,22.0,9.0,37.0,53.0,23.0,80.0,25.0,11.0,38.0,1320.0,1110.0,1510.0,10.5,3.5,23.0,7.8,7.0,8.8
segment:line-1-civil-012:0001,civil_segment,line-1-civil-012,line-1,elevated,16390.508,31.79709414,31.37843303,30..60cm,24.0,10.0,38.0,52.0,23.0,78.0,24.0,10.0,38.0,1410.0,1150.0,1610.0,10.0,2.5,33.1,7.9,6.9,8.9
segment:line-1-civil-012:0001,civil_segment,line-1-civil-012,line-1,elevated,16390.508,31.79709414,31.37843303,60..100cm,25.0,10.0,39.0,52.0,24.0,80.0,24.0,7.0,40.0,1410.0,1030.0,1820.0,11.6,1.7,74.4,8.0,7.0,9.1
segment:line-1-civil-012:0002,civil_segment,line-1-civil-012,line-1,elevated,16796.954,31.79625204,31.37507464,0..30cm,25.0,13.0,37.0,47.0,19.0,75.0,28.0,13.0,42.0,1340.0,1180.0,1550.0,9.4,4.4,17.2,8.1,7.4,8.9
segment:line-1-civil-012:0002,civil_segment,line-1-civil-012,line-1,elevated,16796.954,31.79625204,31.37507464,30..60cm,26.0,12.0,39.0,47.0,18.0,76.0,27.0,9.0,43.0,1400.0,1160.0,1630.0,6.9,2.5,17.9,8.3,7.5,9.3
segment:line-1-civil-012:0002,civil_segment,line-1-civil-012,line-1,elevated,16796.954,31.79625204,31.37507464,60..100cm,27.0,13.0,39.0,47.0,20.0,75.0,27.0,8.0,42.0,1400.0,900.0,1830.0,5.8,1.3,22.4,8.4,7.8,9.5
segment:line-1-civil-012:0003,civil_segment,line-1-civil-012,line-1,elevated,16986.072,31.7958357,31.37352074,0..30cm,26.0,14.0,38.0,45.0,14.0,72.0,29.0,13.0,47.0,1310.0,1040.0,1470.0,10.2,4.3,23.0,7.9,7.2,8.7
segment:line-1-civil-012:0003,civil_segment,line-1-civil-012,line-1,elevated,16986.072,31.7958357,31.37352074,30..60cm,28.0,14.0,39.0,44.0,14.0,72.0,28.0,13.0,47.0,1390.0,1130.0,1660.0,9.9,3.1,35.9,7.9,6.9,8.8
segment:line-1-civil-012:0003,civil_segment,line-1-civil-012,line-1,elevated,16986.072,31.7958357,31.37352074,60..100cm,28.0,14.0,39.0,44.0,15.0,73.0,28.0,10.0,44.0,1400.0,950.0,1820.0,10.0,1.7,52.9,7.9,7.6,8.7
segment:line-1-civil-013:0000,civil_segment,line-1-civil-013,line-1,elevated,16986.072,31.7958357,31.37352074,0..30cm,26.0,14.0,38.0,45.0,14.0,72.0,29.0,13.0,47.0,1310.0,1040.0,1470.0,10.2,4.3,23.0,7.9,7.2,8.7
segment:line-1-civil-013:0000,civil_segment,line-1-civil-013,line-1,elevated,16986.072,31.7958357,31.37352074,30..60cm,28.0,14.0,39.0,44.0,14.0,72.0,28.0,13.0,47.0,1390.0,1130.0,1660.0,9.9,3.1,35.9,7.9,6.9,8.8
segment:line-1-civil-013:0000,civil_segment,line-1-civil-013,line-1,elevated,16986.072,31.7958357,31.37352074,60..100cm,28.0,14.0,39.0,44.0,15.0,73.0,28.0,10.0,44.0,1400.0,950.0,1820.0,10.0,1.7,52.9,7.9,7.6,8.7
segment:line-1-civil-013:0001,civil_segment,line-1-civil-013,line-1,elevated,16996.072,31.79583099,31.37343246,0..30cm,26.0,14.0,38.0,45.0,14.0,72.0,29.0,13.0,47.0,1310.0,1040.0,1470.0,10.2,4.3,23.0,7.9,7.2,8.7
segment:line-1-civil-013:0001,civil_segment,line-1-civil-013,line-1,elevated,16996.072,31.79583099,31.37343246,30..60cm,28.0,14.0,39.0,44.0,14.0,72.0,28.0,13.0,47.0,1390.0,1130.0,1660.0,9.9,3.1,35.9,7.9,6.9,8.8
segment:line-1-civil-013:0001,civil_segment,line-1-civil-013,line-1,elevated,16996.072,31.79583099,31.37343246,60..100cm,28.0,14.0,39.0,44.0,15.0,73.0,28.0,10.0,44.0,1400.0,950.0,1820.0,10.0,1.7,52.9,7.9,7.6,8.7
segment:line-1-civil-013:0002,civil_segment,line-1-civil-013,line-1,elevated,17006.072,31.79583099,31.37334251,0..30cm,26.0,14.0,38.0,45.0,14.0,72.0,29.0,13.0,47.0,1310.0,1040.0,1470.0,10.2,4.3,23.0,7.9,7.2,8.7
segment:line-1-civil-013:0002,civil_segment,line-1-civil-013,line-1,elevated,17006.072,31.79583099,31.37334251,30..60cm,28.0,14.0,39.0,44.0,14.0,72.0,28.0,13.0,47.0,1390.0,1130.0,1660.0,9.9,3.1,35.9,7.9,6.9,8.8
segment:line-1-civil-013:0002,civil_segment,line-1-civil-013,line-1,elevated,17006.072,31.79583099,31.37334251,60..100cm,28.0,14.0,39.0,44.0,15.0,73.0,28.0,10.0,44.0,1400.0,950.0,1820.0,10.0,1.7,52.9,7.9,7.6,8.7
segment:line-1-civil-014:0000,civil_segment,line-1-civil-014,line-1,elevated,17006.072,31.79583099,31.37334251,0..30cm,26.0,14.0,38.0,45.0,14.0,72.0,29.0,13.0,47.0,1310.0,1040.0,1470.0,10.2,4.3,23.0,7.9,7.2,8.7
segment:line-1-civil-014:0000,civil_segment,line-1-civil-014,line-1,elevated,17006.072,31.79583099,31.37334251,30..60cm,28.0,14.0,39.0,44.0,14.0,72.0,28.0,13.0,47.0,1390.0,1130.0,1660.0,9.9,3.1,35.9,7.9,6.9,8.8
segment:line-1-civil-014:0000,civil_segment,line-1-civil-014,line-1,elevated,17006.072,31.79583099,31.37334251,60..100cm,28.0,14.0,39.0,44.0,15.0,73.0,28.0,10.0,44.0,1400.0,950.0,1820.0,10.0,1.7,52.9,7.9,7.6,8.7
segment:line-1-civil-014:0001,civil_segment,line-1-civil-014,line-1,elevated,17499.209,31.79498889,31.36920417,0..30cm,27.0,13.0,40.0,43.0,12.0,73.0,30.0,13.0,48.0,1140.0,850.0,1430.0,19.1,6.1,56.0,7.7,6.9,8.5
segment:line-1-civil-014:0001,civil_segment,line-1-civil-014,line-1,elevated,17499.209,31.79498889,31.36920417,30..60cm,28.0,13.0,40.0,43.0,13.0,76.0,29.0,13.0,48.0,1220.0,860.0,1550.0,12.1,3.6,31.9,7.6,6.3,8.7
segment:line-1-civil-014:0001,civil_segment,line-1-civil-014,line-1,elevated,17499.209,31.79498889,31.36920417,60..100cm,29.0,13.0,41.0,43.0,13.0,76.0,28.0,10.0,46.0,1240.0,740.0,1650.0,12.3,2.6,87.2,7.6,6.6,8.6
segment:line-1-civil-014:0002,civil_segment,line-1-civil-014,line-1,elevated,17992.346,31.79414679,31.36506585,0..30cm,28.0,13.0,40.0,42.0,13.0,75.0,30.0,12.0,48.0,1240.0,940.0,1490.0,13.4,4.0,35.4,7.7,7.0,8.6
segment:line-1-civil-014:0002,civil_segment,line-1-civil-014,line-1,elevated,17992.346,31.79414679,31.36506585,30..60cm,29.0,11.0,41.0,42.0,14.0,77.0,29.0,12.0,45.0,1350.0,1030.0,1620.0,14.8,5.2,40.9,7.6,6.3,8.8
segment:line-1-civil-014:0002,civil_segment,line-1-civil-014,line-1,elevated,17992.346,31.79414679,31.36506585,60..100cm,29.0,11.0,42.0,42.0,13.0,77.0,28.0,9.0,44.0,1390.0,950.0,1830.0,19.6,2.4,98.6,7.4,5.7,8.6
segment:line-1-civil-015:0000,civil_segment,line-1-civil-015,line-1,elevated,17992.346,31.79414679,31.36506585,0..30cm,28.0,13.0,40.0,42.0,13.0,75.0,30.0,12.0,48.0,1240.0,940.0,1490.0,13.4,4.0,35.4,7.7,7.0,8.6
segment:line-1-civil-015:0000,civil_segment,line-1-civil-015,line-1,elevated,17992.346,31.79414679,31.36506585,30..60cm,29.0,11.0,41.0,42.0,14.0,77.0,29.0,12.0,45.0,1350.0,1030.0,1620.0,14.8,5.2,40.9,7.6,6.3,8.8
segment:line-1-civil-015:0000,civil_segment,line-1-civil-015,line-1,elevated,17992.346,31.79414679,31.36506585,60..100cm,29.0,11.0,42.0,42.0,13.0,77.0,28.0,9.0,44.0,1390.0,950.0,1830.0,19.6,2.4,98.6,7.4,5.7,8.6
segment:line-1-civil-015:0001,civil_segment,line-1-civil-015,line-1,elevated,18006.488,31.79404772,31.36497361,0..30cm,28.0,15.0,41.0,41.0,12.0,72.0,31.0,15.0,48.0,1240.0,970.0,1500.0,17.4,6.0,49.9,7.7,7.1,8.7
segment:line-1-civil-015:0001,civil_segment,line-1-civil-015,line-1,elevated,18006.488,31.79404772,31.36497361,30..60cm,29.0,14.0,41.0,42.0,12.0,73.0,29.0,14.0,45.0,1350.0,990.0,1620.0,18.1,6.9,49.4,7.6,6.3,8.8
segment:line-1-civil-015:0001,civil_segment,line-1-civil-015,line-1,elevated,18006.488,31.79404772,31.36497361,60..100cm,30.0,14.0,42.0,42.0,12.0,73.0,29.0,10.0,44.0,1370.0,1030.0,1830.0,21.2,2.3,141.5,7.4,5.5,8.6
segment:line-1-civil-015:0002,civil_segment,line-1-civil-015,line-1,elevated,18020.631,31.79394241,31.36488359,0..30cm,27.0,13.0,39.0,43.0,14.0,72.0,30.0,12.0,47.0,1250.0,960.0,1500.0,16.2,5.0,49.9,7.7,7.1,8.6
segment:line-1-civil-015:0002,civil_segment,line-1-civil-015,line-1,elevated,18020.631,31.79394241,31.36488359,30..60cm,28.0,13.0,39.0,44.0,14.0,76.0,28.0,13.0,44.0,1360.0,990.0,1640.0,16.5,5.6,61.0,7.6,6.3,8.8
segment:line-1-civil-015:0002,civil_segment,line-1-civil-015,line-1,elevated,18020.631,31.79394241,31.36488359,60..100cm,28.0,13.0,39.0,44.0,14.0,76.0,28.0,9.0,44.0,1400.0,1030.0,1830.0,20.5,1.9,130.4,7.5,5.7,8.6
segment:line-1-civil-016:0000,civil_segment,line-1-civil-016,line-1,elevated,18020.631,31.79394241,31.36488359,0..30cm,27.0,13.0,39.0,43.0,14.0,72.0,30.0,12.0,47.0,1250.0,960.0,1500.0,16.2,5.0,49.9,7.7,7.1,8.6
segment:line-1-civil-016:0000,civil_segment,line-1-civil-016,line-1,elevated,18020.631,31.79394241,31.36488359,30..60cm,28.0,13.0,39.0,44.0,14.0,76.0,28.0,13.0,44.0,1360.0,990.0,1640.0,16.5,5.6,61.0,7.6,6.3,8.8
segment:line-1-civil-016:0000,civil_segment,line-1-civil-016,line-1,elevated,18020.631,31.79394241,31.36488359,60..100cm,28.0,13.0,39.0,44.0,14.0,76.0,28.0,9.0,44.0,1400.0,1030.0,1830.0,20.5,1.9,130.4,7.5,5.7,8.6
segment:line-1-civil-016:0001,civil_segment,line-1-civil-016,line-1,elevated,18173.066,31.79372574,31.36358865,0..30cm,28.0,13.0,40.0,42.0,14.0,72.0,30.0,15.0,47.0,1240.0,970.0,1480.0,15.2,6.0,41.6,7.7,7.0,8.7
segment:line-1-civil-016:0001,civil_segment,line-1-civil-016,line-1,elevated,18173.066,31.79372574,31.36358865,30..60cm,28.0,11.0,40.0,43.0,14.0,76.0,29.0,13.0,45.0,1350.0,950.0,1640.0,17.1,5.2,51.3,7.5,5.7,8.8
segment:line-1-civil-016:0001,civil_segment,line-1-civil-016,line-1,elevated,18173.066,31.79372574,31.36358865,60..100cm,29.0,11.0,41.0,43.0,14.0,76.0,28.0,9.0,44.0,1380.0,880.0,1820.0,21.8,1.9,142.3,7.3,5.5,8.6
segment:line-1-civil-016:0002,civil_segment,line-1-civil-016,line-1,elevated,18325.5,31.79331108,31.36236427,0..30cm,20.0,6.0,33.0,58.0,30.0,85.0,23.0,9.0,37.0,1280.0,1040.0,1510.0,6.6,2.6,17.6,7.8,7.2,8.6
segment:line-1-civil-016:0002,civil_segment,line-1-civil-016,line-1,elevated,18325.5,31.79331108,31.36236427,30..60cm,21.0,6.0,36.0,57.0,28.0,87.0,22.0,5.0,39.0,1360.0,1010.0,1630.0,4.1,0.9,11.1,7.8,6.8,8.8
segment:line-1-civil-016:0002,civil_segment,line-1-civil-016,line-1,elevated,18325.5,31.79331108,31.36236427,60..100cm,21.0,6.0,37.0,58.0,27.0,87.0,21.0,5.0,37.0,1340.0,810.0,1800.0,4.2,0.6,16.5,7.6,6.4,8.6
segment:line-1-civil-017:0000,civil_segment,line-1-civil-017,line-1,bridge,18325.5,31.79331108,31.36236427,0..30cm,20.0,6.0,33.0,58.0,30.0,85.0,23.0,9.0,37.0,1280.0,1040.0,1510.0,6.6,2.6,17.6,7.8,7.2,8.6
segment:line-1-civil-017:0000,civil_segment,line-1-civil-017,line-1,bridge,18325.5,31.79331108,31.36236427,30..60cm,21.0,6.0,36.0,57.0,28.0,87.0,22.0,5.0,39.0,1360.0,1010.0,1630.0,4.1,0.9,11.1,7.8,6.8,8.8
segment:line-1-civil-017:0000,civil_segment,line-1-civil-017,line-1,bridge,18325.5,31.79331108,31.36236427,60..100cm,21.0,6.0,37.0,58.0,27.0,87.0,21.0,5.0,37.0,1340.0,810.0,1800.0,4.2,0.6,16.5,7.6,6.4,8.6
segment:line-1-civil-017:0001,civil_segment,line-1-civil-017,line-1,bridge,18365.5,31.79330469,31.36200675,0..30cm,20.0,6.0,33.0,58.0,30.0,85.0,23.0,9.0,37.0,1280.0,1040.0,1510.0,6.6,2.6,17.6,7.8,7.2,8.6
segment:line-1-civil-017:0001,civil_segment,line-1-civil-017,line-1,bridge,18365.5,31.79330469,31.36200675,30..60cm,21.0,6.0,36.0,57.0,28.0,87.0,22.0,5.0,39.0,1360.0,1010.0,1630.0,4.1,0.9,11.1,7.8,6.8,8.8
segment:line-1-civil-017:0001,civil_segment,line-1-civil-017,line-1,bridge,18365.5,31.79330469,31.36200675,60..100cm,21.0,6.0,37.0,58.0,27.0,87.0,21.0,5.0,37.0,1340.0,810.0,1800.0,4.2,0.6,16.5,7.6,6.4,8.6
segment:line-1-civil-017:0002,civil_segment,line-1-civil-017,line-1,bridge,18405.5,31.79330469,31.36164695,0..30cm,23.0,9.0,36.0,51.0,21.0,80.0,26.0,10.0,42.0,1290.0,1070.0,1490.0,10.7,3.4,23.1,7.9,7.0,8.9
segment:line-1-civil-017:0002,civil_segment,line-1-civil-017,line-1,bridge,18405.5,31.79330469,31.36164695,30..60cm,24.0,8.0,41.0,52.0,18.0,79.0,24.0,11.0,41.0,1360.0,1020.0,1650.0,11.6,3.5,40.9,8.0,7.0,9.1
segment:line-1-civil-017:0002,civil_segment,line-1-civil-017,line-1,bridge,18405.5,31.79330469,31.36164695,60..100cm,24.0,7.0,41.0,52.0,24.0,80.0,24.0,8.0,41.0,1370.0,810.0,1830.0,16.1,1.9,114.3,8.0,7.2,9.1
segment:line-1-civil-018:0000,civil_segment,line-1-civil-018,line-1,elevated,18405.5,31.79330469,31.36164695,0..30cm,23.0,9.0,36.0,51.0,21.0,80.0,26.0,10.0,42.0,1290.0,1070.0,1490.0,10.7,3.4,23.1,7.9,7.0,8.9
segment:line-1-civil-018:0000,civil_segment,line-1-civil-018,line-1,elevated,18405.5,31.79330469,31.36164695,30..60cm,24.0,8.0,41.0,52.0,18.0,79.0,24.0,11.0,41.0,1360.0,1020.0,1650.0,11.6,3.5,40.9,8.0,7.0,9.1
segment:line-1-civil-018:0000,civil_segment,line-1-civil-018,line-1,elevated,18405.5,31.79330469,31.36164695,60..100cm,24.0,7.0,41.0,52.0,24.0,80.0,24.0,8.0,41.0,1370.0,810.0,1830.0,16.1,1.9,114.3,8.0,7.2,9.1
segment:line-1-civil-018:0001,civil_segment,line-1-civil-018,line-1,elevated,18493.776,31.79309416,31.36092726,0..30cm,23.0,11.0,35.0,51.0,24.0,77.0,26.0,11.0,41.0,1290.0,1020.0,1500.0,12.3,5.4,26.8,7.8,7.0,8.8
segment:line-1-civil-018:0001,civil_segment,line-1-civil-018,line-1,elevated,18493.776,31.79309416,31.36092726,30..60cm,24.0,8.0,40.0,52.0,25.0,80.0,25.0,11.0,41.0,1380.0,1060.0,1650.0,14.0,5.1,46.1,7.9,6.9,8.9
segment:line-1-civil-018:0001,civil_segment,line-1-civil-018,line-1,elevated,18493.776,31.79309416,31.36092726,60..100cm,24.0,10.0,41.0,52.0,25.0,80.0,24.0,8.0,41.0,1390.0,830.0,1820.0,18.1,1.9,114.3,7.9,7.0,8.9
segment:line-1-civil-018:0002,civil_segment,line-1-civil-018,line-1,elevated,18582.052,31.79288364,31.36020756,0..30cm,23.0,11.0,35.0,51.0,21.0,77.0,26.0,11.0,41.0,1270.0,1070.0,1500.0,12.6,4.8,31.9,7.8,7.0,8.8
segment:line-1-civil-018:0002,civil_segment,line-1-civil-018,line-1,elevated,18582.052,31.79288364,31.36020756,30..60cm,24.0,8.0,40.0,51.0,20.0,80.0,25.0,11.0,41.0,1350.0,1030.0,1620.0,14.8,4.8,41.5,7.9,6.8,8.9
segment:line-1-civil-018:0002,civil_segment,line-1-civil-018,line-1,elevated,18582.052,31.79288364,31.36020756,60..100cm,25.0,10.0,41.0,51.0,24.0,80.0,24.0,8.0,41.0,1360.0,810.0,1820.0,20.8,2.3,135.6,7.9,7.0,9.1
segment:line-1-civil-019:0000,civil_segment,line-1-civil-019,line-1,elevated,18582.052,31.79288364,31.36020756,0..30cm,23.0,11.0,35.0,51.0,21.0,77.0,26.0,11.0,41.0,1270.0,1070.0,1500.0,12.6,4.8,31.9,7.8,7.0,8.8
segment:line-1-civil-019:0000,civil_segment,line-1-civil-019,line-1,elevated,18582.052,31.79288364,31.36020756,30..60cm,24.0,8.0,40.0,51.0,20.0,80.0,25.0,11.0,41.0,1350.0,1030.0,1620.0,14.8,4.8,41.5,7.9,6.8,8.9
segment:line-1-civil-019:0000,civil_segment,line-1-civil-019,line-1,elevated,18582.052,31.79288364,31.36020756,60..100cm,25.0,10.0,41.0,51.0,24.0,80.0,24.0,8.0,41.0,1360.0,810.0,1820.0,20.8,2.3,135.6,7.9,7.0,9.1
segment:line-1-civil-019:0001,civil_segment,line-1-civil-019,line-1,elevated,18606.194,31.79285955,31.35999866,0..30cm,23.0,11.0,34.0,52.0,21.0,77.0,26.0,11.0,42.0,1270.0,1060.0,1510.0,11.2,4.2,28.4,7.8,7.0,8.9
segment:line-1-civil-019:0001,civil_segment,line-1-civil-019,line-1,elevated,18606.194,31.79285955,31.35999866,30..60cm,24.0,8.0,37.0,52.0,18.0,80.0,24.0,10.0,41.0,1340.0,1020.0,1620.0,13.0,3.0,40.9,7.9,6.9,8.9
segment:line-1-civil-019:0001,civil_segment,line-1-civil-019,line-1,elevated,18606.194,31.79285955,31.35999866,60..100cm,24.0,10.0,37.0,52.0,24.0,80.0,24.0,8.0,41.0,1340.0,810.0,1810.0,16.4,1.6,130.4,8.0,7.0,9.1
segment:line-1-civil-019:0002,civil_segment,line-1-civil-019,line-1,elevated,18630.336,31.79267999,31.35984516,0..30cm,23.0,11.0,34.0,52.0,21.0,77.0,26.0,11.0,42.0,1270.0,1060.0,1510.0,11.2,4.2,28.4,7.8,7.0,8.9
segment:line-1-civil-019:0002,civil_segment,line-1-civil-019,line-1,elevated,18630.336,31.79267999,31.35984516,30..60cm,24.0,8.0,37.0,52.0,18.0,80.0,24.0,10.0,41.0,1340.0,1020.0,1620.0,13.0,3.0,40.9,7.9,6.9,8.9
segment:line-1-civil-019:0002,civil_segment,line-1-civil-019,line-1,elevated,18630.336,31.79267999,31.35984516,60..100cm,24.0,10.0,37.0,52.0,24.0,80.0,24.0,8.0,41.0,1340.0,810.0,1810.0,16.4,1.6,130.4,8.0,7.0,9.1
segment:line-1-civil-020:0000,civil_segment,line-1-civil-020,line-1,elevated,18630.336,31.79267999,31.35984516,0..30cm,23.0,11.0,34.0,52.0,21.0,77.0,26.0,11.0,42.0,1270.0,1060.0,1510.0,11.2,4.2,28.4,7.8,7.0,8.9
segment:line-1-civil-020:0000,civil_segment,line-1-civil-020,line-1,elevated,18630.336,31.79267999,31.35984516,30..60cm,24.0,8.0,37.0,52.0,18.0,80.0,24.0,10.0,41.0,1340.0,1020.0,1620.0,13.0,3.0,40.9,7.9,6.9,8.9
segment:line-1-civil-020:0000,civil_segment,line-1-civil-020,line-1,elevated,18630.336,31.79267999,31.35984516,60..100cm,24.0,10.0,37.0,52.0,24.0,80.0,24.0,8.0,41.0,1340.0,810.0,1810.0,16.4,1.6,130.4,8.0,7.0,9.1
segment:line-1-civil-020:0001,civil_segment,line-1-civil-020,line-1,elevated,18644.468,31.79257475,31.3597552,0..30cm,23.0,11.0,34.0,52.0,21.0,77.0,26.0,11.0,42.0,1270.0,1060.0,1510.0,11.2,4.2,28.4,7.8,7.0,8.9
segment:line-1-civil-020:0001,civil_segment,line-1-civil-020,line-1,elevated,18644.468,31.79257475,31.3597552,30..60cm,24.0,8.0,37.0,52.0,18.0,80.0,24.0,10.0,41.0,1340.0,1020.0,1620.0,13.0,3.0,40.9,7.9,6.9,8.9
segment:line-1-civil-020:0001,civil_segment,line-1-civil-020,line-1,elevated,18644.468,31.79257475,31.3597552,60..100cm,24.0,10.0,37.0,52.0,24.0,80.0,24.0,8.0,41.0,1340.0,810.0,1810.0,16.4,1.6,130.4,8.0,7.0,9.1
segment:line-1-civil-020:0002,civil_segment,line-1-civil-020,line-1,elevated,18658.6,31.79246951,31.35966524,0..30cm,23.0,11.0,34.0,52.0,21.0,77.0,26.0,11.0,42.0,1270.0,1060.0,1510.0,11.2,4.2,28.4,7.8,7.0,8.9
segment:line-1-civil-020:0002,civil_segment,line-1-civil-020,line-1,elevated,18658.6,31.79246951,31.35966524,30..60cm,24.0,8.0,37.0,52.0,18.0,80.0,24.0,10.0,41.0,1340.0,1020.0,1620.0,13.0,3.0,40.9,7.9,6.9,8.9
segment:line-1-civil-020:0002,civil_segment,line-1-civil-020,line-1,elevated,18658.6,31.79246951,31.35966524,60..100cm,24.0,10.0,37.0,52.0,24.0,80.0,24.0,8.0,41.0,1340.0,810.0,1810.0,16.4,1.6,130.4,8.0,7.0,9.1
segment:line-1-civil-021:0000,civil_segment,line-1-civil-021,line-1,at-grade,18658.6,31.79246951,31.35966524,0..30cm,23.0,11.0,34.0,52.0,21.0,77.0,26.0,11.0,42.0,1270.0,1060.0,1510.0,11.2,4.2,28.4,7.8,7.0,8.9
segment:line-1-civil-021:0000,civil_segment,line-1-civil-021,line-1,at-grade,18658.6,31.79246951,31.35966524,30..60cm,24.0,8.0,37.0,52.0,18.0,80.0,24.0,10.0,41.0,1340.0,1020.0,1620.0,13.0,3.0,40.9,7.9,6.9,8.9
segment:line-1-civil-021:0000,civil_segment,line-1-civil-021,line-1,at-grade,18658.6,31.79246951,31.35966524,60..100cm,24.0,10.0,37.0,52.0,24.0,80.0,24.0,8.0,41.0,1340.0,810.0,1810.0,16.4,1.6,130.4,8.0,7.0,9.1
segment:line-1-civil-021:0001,civil_segment,line-1-civil-021,line-1,at-grade,19659.372,31.7850235,31.35330005,0..30cm,25.0,13.0,37.0,46.0,16.0,72.0,29.0,12.0,47.0,1120.0,930.0,1290.0,16.7,6.1,43.8,7.5,6.6,8.5
segment:line-1-civil-021:0001,civil_segment,line-1-civil-021,line-1,at-grade,19659.372,31.7850235,31.35330005,30..60cm,26.0,11.0,38.0,47.0,17.0,77.0,27.0,10.0,43.0,1190.0,980.0,1400.0,14.6,5.1,33.4,7.1,5.4,8.6
segment:line-1-civil-021:0001,civil_segment,line-1-civil-021,line-1,at-grade,19659.372,31.7850235,31.35330005,60..100cm,26.0,12.0,38.0,48.0,23.0,77.0,26.0,9.0,41.0,1190.0,910.0,1510.0,15.8,4.2,78.6,6.8,3.6,8.5
segment:line-1-civil-021:0002,civil_segment,line-1-civil-021,line-1,at-grade,20660.144,31.77757773,31.34693508,0..30cm,25.0,11.0,37.0,47.0,16.0,80.0,28.0,10.0,47.0,1230.0,970.0,1500.0,15.9,5.0,47.0,7.5,6.5,8.5
segment:line-1-civil-021:0002,civil_segment,line-1-civil-021,line-1,at-grade,20660.144,31.77757773,31.34693508,30..60cm,26.0,10.0,37.0,47.0,17.0,82.0,27.0,9.0,42.0,1340.0,1020.0,1610.0,11.0,3.8,29.9,7.1,5.6,8.6
segment:line-1-civil-021:0002,civil_segment,line-1-civil-021,line-1,at-grade,20660.144,31.77757773,31.34693508,60..100cm,26.0,11.0,38.0,48.0,22.0,82.0,26.0,6.0,41.0,1330.0,720.0,1760.0,10.8,2.3,56.4,6.9,3.3,8.5
segment:line-1-civil-021:0003,civil_segment,line-1-civil-021,line-1,at-grade,20877.7,31.77595914,31.34555144,0..30cm,25.0,11.0,38.0,46.0,14.0,80.0,28.0,10.0,48.0,1270.0,1010.0,1520.0,13.1,4.3,43.1,7.5,6.6,8.5
segment:line-1-civil-021:0003,civil_segment,line-1-civil-021,line-1,at-grade,20877.7,31.77595914,31.34555144,30..60cm,26.0,10.0,39.0,47.0,16.0,82.0,27.0,9.0,44.0,1370.0,1050.0,1640.0,10.2,2.2,30.4,7.1,5.6,8.6
segment:line-1-civil-021:0003,civil_segment,line-1-civil-021,line-1,at-grade,20877.7,31.77595914,31.34555144,60..100cm,27.0,11.0,39.0,47.0,17.0,82.0,26.0,6.0,44.0,1380.0,700.0,1830.0,10.0,2.3,38.0,7.0,3.5,8.6
segment:line-1-civil-021:0004,civil_segment,line-1-civil-021,line-1,at-grade,21660.916,31.77014693,31.34056507,0..30cm,25.0,13.0,37.0,46.0,16.0,74.0,28.0,12.0,47.0,1150.0,950.0,1360.0,20.1,6.0,57.3,7.6,6.7,8.5
segment:line-1-civil-021:0004,civil_segment,line-1-civil-021,line-1,at-grade,21660.916,31.77014693,31.34056507,30..60cm,26.0,13.0,36.0,47.0,16.0,81.0,27.0,9.0,43.0,1250.0,910.0,1590.0,13.3,3.7,39.8,7.3,5.6,8.6
segment:line-1-civil-021:0004,civil_segment,line-1-civil-021,line-1,at-grade,21660.916,31.77014693,31.34056507,60..100cm,26.0,12.0,38.0,47.0,21.0,80.0,26.0,9.0,43.0,1240.0,810.0,1610.0,11.9,2.4,87.2,7.1,3.5,8.6
segment:line-1-civil-021:0005,civil_segment,line-1-civil-021,line-1,at-grade,22661.688,31.76993641,31.33172662,0..30cm,23.0,10.0,37.0,51.0,20.0,80.0,26.0,10.0,41.0,1290.0,1060.0,1520.0,14.1,5.1,36.4,7.6,6.6,8.6
segment:line-1-civil-021:0005,civil_segment,line-1-civil-021,line-1,at-grade,22661.688,31.76993641,31.33172662,30..60cm,24.0,9.0,38.0,51.0,20.0,83.0,24.0,6.0,41.0,1380.0,1040.0,1690.0,10.6,2.8,39.1,7.3,5.6,8.6
segment:line-1-civil-021:0005,civil_segment,line-1-civil-021,line-1,at-grade,22661.688,31.76993641,31.33172662,60..100cm,25.0,9.0,38.0,51.0,22.0,83.0,24.0,6.0,38.0,1380.0,830.0,1840.0,11.1,2.4,40.0,7.2,3.5,8.7
segment:line-1-civil-021:0006,civil_segment,line-1-civil-021,line-1,at-grade,23096.8,31.76993641,31.32780531,0..30cm,23.0,10.0,37.0,50.0,20.0,81.0,27.0,10.0,42.0,1260.0,980.0,1520.0,18.6,5.1,47.2,7.5,6.5,8.6
segment:line-1-civil-021:0006,civil_segment,line-1-civil-021,line-1,at-grade,23096.8,31.76993641,31.32780531,30..60cm,24.0,9.0,38.0,50.0,20.0,83.0,25.0,8.0,41.0,1360.0,1030.0,1690.0,11.7,3.9,30.7,7.1,5.3,8.6
segment:line-1-civil-021:0006,civil_segment,line-1-civil-021,line-1,at-grade,23096.8,31.76993641,31.32780531,60..100cm,25.0,9.0,37.0,50.0,27.0,84.0,25.0,6.0,38.0,1350.0,830.0,1800.0,10.5,2.4,33.1,6.9,3.3,8.6
segment:line-2-civil-022:0000,civil_segment,line-2-civil-022,line-2,elevated,0.0,31.83098867,31.38107529,0..30cm,26.0,14.0,40.0,45.0,19.0,71.0,29.0,14.0,47.0,1140.0,810.0,1490.0,20.7,6.1,66.1,7.6,6.9,8.4
segment:line-2-civil-022:0000,civil_segment,line-2-civil-022,line-2,elevated,0.0,31.83098867,31.38107529,30..60cm,28.0,14.0,41.0,45.0,19.0,76.0,27.0,10.0,44.0,1240.0,830.0,1610.0,15.0,5.9,34.1,7.6,6.3,8.7
segment:line-2-civil-022:0000,civil_segment,line-2-civil-022,line-2,elevated,0.0,31.83098867,31.38107529,60..100cm,28.0,13.0,42.0,46.0,19.0,78.0,26.0,9.0,45.0,1250.0,680.0,1600.0,16.7,4.0,77.4,7.5,6.6,8.6
segment:line-2-civil-022:0001,civil_segment,line-2-civil-022,line-2,elevated,678.406,31.82625208,31.38476441,0..30cm,23.0,10.0,37.0,51.0,23.0,80.0,26.0,12.0,43.0,1330.0,1070.0,1510.0,10.0,5.1,18.7,8.0,7.5,8.8
segment:line-2-civil-022:0001,civil_segment,line-2-civil-022,line-2,elevated,678.406,31.82625208,31.38476441,30..60cm,25.0,10.0,36.0,51.0,22.0,82.0,24.0,9.0,40.0,1400.0,1150.0,1630.0,10.2,2.7,35.9,8.3,7.6,9.1
segment:line-2-civil-022:0001,civil_segment,line-2-civil-022,line-2,elevated,678.406,31.82625208,31.38476441,60..100cm,25.0,10.0,37.0,51.0,23.0,82.0,24.0,8.0,39.0,1370.0,830.0,1820.0,11.5,1.9,87.0,8.5,7.8,9.6
segment:line-2-civil-022:0002,civil_segment,line-2-civil-022,line-2,elevated,1000.458,31.82390642,31.38640965,0..30cm,26.0,12.0,37.0,46.0,21.0,72.0,28.0,14.0,44.0,1270.0,980.0,1520.0,13.2,3.8,48.2,7.7,6.9,8.5
segment:line-2-civil-022:0002,civil_segment,line-2-civil-022,line-2,elevated,1000.458,31.82390642,31.38640965,30..60cm,27.0,11.0,40.0,47.0,21.0,82.0,26.0,9.0,41.0,1320.0,1030.0,1640.0,10.3,3.1,24.9,7.5,6.3,8.7
segment:line-2-civil-022:0002,civil_segment,line-2-civil-022,line-2,elevated,1000.458,31.82390642,31.38640965,60..100cm,27.0,11.0,40.0,47.0,22.0,82.0,25.0,9.0,42.0,1310.0,820.0,1750.0,11.8,2.9,65.1,7.5,6.4,8.7
segment:line-2-civil-022:0003,civil_segment,line-2-civil-022,line-2,elevated,1356.812,31.82130575,31.38827394,0..30cm,27.0,14.0,39.0,43.0,19.0,71.0,30.0,12.0,47.0,1280.0,1020.0,1510.0,14.0,4.5,31.4,7.6,6.3,8.5
segment:line-2-civil-022:0003,civil_segment,line-2-civil-022,line-2,elevated,1356.812,31.82130575,31.38827394,30..60cm,29.0,15.0,40.0,44.0,20.0,76.0,28.0,10.0,44.0,1370.0,1130.0,1650.0,11.2,3.6,27.4,7.4,6.2,8.6
segment:line-2-civil-022:0003,civil_segment,line-2-civil-022,line-2,elevated,1356.812,31.82130575,31.38827394,60..100cm,29.0,14.0,40.0,45.0,22.0,78.0,27.0,9.0,44.0,1370.0,930.0,1820.0,13.0,2.3,86.9,7.3,4.7,8.5
segment:line-2-civil-023:0000,civil_segment,line-2-civil-023,line-2,elevated,1356.812,31.82130575,31.38827394,0..30cm,27.0,14.0,39.0,43.0,19.0,71.0,30.0,12.0,47.0,1280.0,1020.0,1510.0,14.0,4.5,31.4,7.6,6.3,8.5
segment:line-2-civil-023:0000,civil_segment,line-2-civil-023,line-2,elevated,1356.812,31.82130575,31.38827394,30..60cm,29.0,15.0,40.0,44.0,20.0,76.0,28.0,10.0,44.0,1370.0,1130.0,1650.0,11.2,3.6,27.4,7.4,6.2,8.6
segment:line-2-civil-023:0000,civil_segment,line-2-civil-023,line-2,elevated,1356.812,31.82130575,31.38827394,60..100cm,29.0,14.0,40.0,45.0,22.0,78.0,27.0,9.0,44.0,1370.0,930.0,1820.0,13.0,2.3,86.9,7.3,4.7,8.5
segment:line-2-civil-023:0001,civil_segment,line-2-civil-023,line-2,elevated,1366.812,31.82130452,31.38836278,0..30cm,27.0,14.0,39.0,43.0,19.0,71.0,30.0,12.0,47.0,1280.0,1020.0,1510.0,14.0,4.5,31.4,7.6,6.3,8.5
segment:line-2-civil-023:0001,civil_segment,line-2-civil-023,line-2,elevated,1366.812,31.82130452,31.38836278,30..60cm,29.0,15.0,40.0,44.0,20.0,76.0,28.0,10.0,44.0,1370.0,1130.0,1650.0,11.2,3.6,27.4,7.4,6.2,8.6
segment:line-2-civil-023:0001,civil_segment,line-2-civil-023,line-2,elevated,1366.812,31.82130452,31.38836278,60..100cm,29.0,14.0,40.0,45.0,22.0,78.0,27.0,9.0,44.0,1370.0,930.0,1820.0,13.0,2.3,86.9,7.3,4.7,8.5
segment:line-2-civil-023:0002,civil_segment,line-2-civil-023,line-2,elevated,1376.812,31.82130452,31.38845267,0..30cm,27.0,14.0,39.0,43.0,19.0,71.0,30.0,12.0,47.0,1280.0,1020.0,1510.0,14.0,4.5,31.4,7.6,6.3,8.5
segment:line-2-civil-023:0002,civil_segment,line-2-civil-023,line-2,elevated,1376.812,31.82130452,31.38845267,30..60cm,29.0,15.0,40.0,44.0,20.0,76.0,28.0,10.0,44.0,1370.0,1130.0,1650.0,11.2,3.6,27.4,7.4,6.2,8.6
segment:line-2-civil-023:0002,civil_segment,line-2-civil-023,line-2,elevated,1376.812,31.82130452,31.38845267,60..100cm,29.0,14.0,40.0,45.0,22.0,78.0,27.0,9.0,44.0,1370.0,930.0,1820.0,13.0,2.3,86.9,7.3,4.7,8.5
segment:line-2-civil-024:0000,civil_segment,line-2-civil-024,line-2,elevated,1376.812,31.82130452,31.38845267,0..30cm,27.0,14.0,39.0,43.0,19.0,71.0,30.0,12.0,47.0,1280.0,1020.0,1510.0,14.0,4.5,31.4,7.6,6.3,8.5
segment:line-2-civil-024:0000,civil_segment,line-2-civil-024,line-2,elevated,1376.812,31.82130452,31.38845267,30..60cm,29.0,15.0,40.0,44.0,20.0,76.0,28.0,10.0,44.0,1370.0,1130.0,1650.0,11.2,3.6,27.4,7.4,6.2,8.6
segment:line-2-civil-024:0000,civil_segment,line-2-civil-024,line-2,elevated,1376.812,31.82130452,31.38845267,60..100cm,29.0,14.0,40.0,45.0,22.0,78.0,27.0,9.0,44.0,1370.0,930.0,1820.0,13.0,2.3,86.9,7.3,4.7,8.5
segment:line-2-civil-024:0001,civil_segment,line-2-civil-024,line-2,elevated,2377.384,31.81422298,31.39378766,0..30cm,24.0,10.0,37.0,48.0,20.0,79.0,27.0,11.0,43.0,1350.0,1160.0,1580.0,11.7,5.6,23.3,7.9,7.2,8.7
segment:line-2-civil-024:0001,civil_segment,line-2-civil-024,line-2,elevated,2377.384,31.81422298,31.39378766,30..60cm,26.0,10.0,38.0,49.0,21.0,82.0,25.0,9.0,41.0,1440.0,1190.0,1670.0,10.3,3.8,33.7,8.0,7.2,8.7
segment:line-2-civil-024:0001,civil_segment,line-2-civil-024,line-2,elevated,2377.384,31.81422298,31.39378766,60..100cm,27.0,11.0,38.0,49.0,22.0,83.0,24.0,8.0,39.0,1450.0,1120.0,1830.0,10.5,1.7,36.4,8.0,7.6,8.9
segment:line-2-civil-024:0002,civil_segment,line-2-civil-024,line-2,elevated,3377.955,31.80723894,31.39907191,0..30cm,25.0,10.0,37.0,47.0,20.0,81.0,28.0,12.0,46.0,1370.0,1160.0,1590.0,11.0,4.1,23.0,7.8,7.1,8.7
segment:line-2-civil-024:0002,civil_segment,line-2-civil-024,line-2,elevated,3377.955,31.80723894,31.39907191,30..60cm,26.0,10.0,37.0,48.0,21.0,82.0,26.0,9.0,44.0,1460.0,1180.0,1690.0,9.8,2.6,33.8,7.8,7.1,8.6
segment:line-2-civil-024:0002,civil_segment,line-2-civil-024,line-2,elevated,3377.955,31.80723894,31.39907191,60..100cm,27.0,11.0,37.0,48.0,24.0,80.0,25.0,8.0,41.0,1450.0,1070.0,1830.0,9.6,1.6,76.4,7.8,7.2,8.7
segment:line-2-civil-024:0003,civil_segment,line-2-civil-024,line-2,elevated,3550.306,31.80603171,31.40007005,0..30cm,25.0,10.0,37.0,47.0,20.0,81.0,28.0,11.0,43.0,1320.0,1070.0,1570.0,12.9,3.4,30.9,7.7,7.0,8.6
segment:line-2-civil-024:0003,civil_segment,line-2-civil-024,line-2,elevated,3550.306,31.80603171,31.40007005,30..60cm,27.0,10.0,39.0,47.0,20.0,82.0,26.0,9.0,40.0,1450.0,1210.0,1680.0,10.8,4.0,29.3,7.7,6.8,8.7
segment:line-2-civil-024:0003,civil_segment,line-2-civil-024,line-2,elevated,3550.306,31.80603171,31.40007005,60..100cm,27.0,11.0,39.0,47.0,21.0,82.0,26.0,9.0,39.0,1480.0,1070.0,1840.0,12.6,1.7,79.8,7.7,6.6,8.7
segment:line-2-civil-024:0004,civil_segment,line-2-civil-024,line-2,elevated,4378.527,31.80023158,31.4043084,0..30cm,26.0,12.0,37.0,46.0,20.0,77.0,28.0,12.0,40.0,1410.0,1240.0,1630.0,6.9,3.8,12.5,8.1,7.6,8.7
segment:line-2-civil-024:0004,civil_segment,line-2-civil-024,line-2,elevated,4378.527,31.80023158,31.4043084,30..60cm,28.0,13.0,39.0,46.0,21.0,77.0,26.0,12.0,40.0,1500.0,1200.0,1810.0,3.5,1.5,7.5,8.4,7.8,9.4
segment:line-2-civil-024:0004,civil_segment,line-2-civil-024,line-2,elevated,4378.527,31.80023158,31.4043084,60..100cm,28.0,13.0,38.0,46.0,22.0,77.0,26.0,12.0,39.0,1480.0,1080.0,1850.0,2.4,1.0,4.6,8.4,7.8,9.5
segment:line-2-civil-024:0005,civil_segment,line-2-civil-024,line-2,elevated,5379.099,31.79329696,31.40969652,0..30cm,24.0,10.0,37.0,49.0,24.0,81.0,27.0,11.0,43.0,1380.0,1170.0,1620.0,8.4,4.4,13.8,8.0,7.4,8.8
segment:line-2-civil-024:0005,civil_segment,line-2-civil-024,line-2,elevated,5379.099,31.79329696,31.40969652,30..60cm,25.0,10.0,37.0,50.0,24.0,83.0,25.0,9.0,41.0,1490.0,1190.0,1780.0,5.0,2.0,12.5,8.1,7.3,9.2
segment:line-2-civil-024:0005,civil_segment,line-2-civil-024,line-2,elevated,5379.099,31.79329696,31.40969652,60..100cm,25.0,10.0,37.0,50.0,25.0,84.0,24.0,7.0,39.0,1480.0,1090.0,1880.0,4.4,1.1,15.2,8.0,7.4,9.2
segment:line-2-civil-024:0006,civil_segment,line-2-civil-024,line-2,elevated,5723.8,31.79078435,31.41148957,0..30cm,25.0,10.0,37.0,48.0,26.0,73.0,28.0,14.0,39.0,1310.0,990.0,1620.0,16.9,4.8,49.7,7.8,6.9,8.7
segment:line-2-civil-024:0006,civil_segment,line-2-civil-024,line-2,elevated,5723.8,31.79078435,31.41148957,30..60cm,26.0,10.0,37.0,49.0,25.0,73.0,26.0,12.0,39.0,1460.0,1230.0,1700.0,11.7,3.3,33.8,7.6,6.4,8.6
segment:line-2-civil-024:0006,civil_segment,line-2-civil-024,line-2,elevated,5723.8,31.79078435,31.41148957,60..100cm,26.0,9.0,37.0,49.0,28.0,75.0,25.0,12.0,38.0,1470.0,1160.0,1820.0,12.4,2.2,89.4,7.4,6.2,8.6
segment:line-2-civil-025:0000,civil_segment,line-2-civil-025,line-2,bridge,5723.8,31.79078435,31.41148957,0..30cm,25.0,10.0,37.0,48.0,26.0,73.0,28.0,14.0,39.0,1310.0,990.0,1620.0,16.9,4.8,49.7,7.8,6.9,8.7
segment:line-2-civil-025:0000,civil_segment,line-2-civil-025,line-2,bridge,5723.8,31.79078435,31.41148957,30..60cm,26.0,10.0,37.0,49.0,25.0,73.0,26.0,12.0,39.0,1460.0,1230.0,1700.0,11.7,3.3,33.8,7.6,6.4,8.6
segment:line-2-civil-025:0000,civil_segment,line-2-civil-025,line-2,bridge,5723.8,31.79078435,31.41148957,60..100cm,26.0,9.0,37.0,49.0,28.0,75.0,25.0,12.0,38.0,1470.0,1160.0,1820.0,12.4,2.2,89.4,7.4,6.2,8.6
segment:line-2-civil-025:0001,civil_segment,line-2-civil-025,line-2,bridge,5882.8,31.78977374,31.41234839,0..30cm,,,,,,,,,,,,,,,,,,
segment:line-2-civil-025:0001,civil_segment,line-2-civil-025,line-2,bridge,5882.8,31.78977374,31.41234839,30..60cm,,,,,,,,,,,,,,,,,,
segment:line-2-civil-025:0001,civil_segment,line-2-civil-025,line-2,bridge,5882.8,31.78977374,31.41234839,60..100cm,,,,,,,,,,,,,,,,,,
segment:line-2-civil-025:0002,civil_segment,line-2-civil-025,line-2,bridge,6041.8,31.78867766,31.41328537,0..30cm,25.0,11.0,37.0,46.0,25.0,73.0,28.0,14.0,38.0,1390.0,1190.0,1620.0,6.0,2.4,12.4,8.2,7.6,8.8
segment:line-2-civil-025:0002,civil_segment,line-2-civil-025,line-2,bridge,6041.8,31.78867766,31.41328537,30..60cm,26.0,12.0,37.0,48.0,25.0,78.0,26.0,11.0,37.0,1440.0,1190.0,1730.0,3.7,1.1,8.4,8.4,7.8,9.5
segment:line-2-civil-025:0002,civil_segment,line-2-civil-025,line-2,bridge,6041.8,31.78867766,31.41328537,60..100cm,27.0,10.0,37.0,47.0,25.0,79.0,26.0,10.0,37.0,1430.0,1210.0,1800.0,3.9,0.9,9.1,8.4,7.8,9.6
segment:line-2-civil-026:0000,civil_segment,line-2-civil-026,line-2,elevated,6041.8,31.78867766,31.41328537,0..30cm,25.0,11.0,37.0,46.0,25.0,73.0,28.0,14.0,38.0,1390.0,1190.0,1620.0,6.0,2.4,12.4,8.2,7.6,8.8
segment:line-2-civil-026:0000,civil_segment,line-2-civil-026,line-2,elevated,6041.8,31.78867766,31.41328537,30..60cm,26.0,12.0,37.0,48.0,25.0,78.0,26.0,11.0,37.0,1440.0,1190.0,1730.0,3.7,1.1,8.4,8.4,7.8,9.5
segment:line-2-civil-026:0000,civil_segment,line-2-civil-026,line-2,elevated,6041.8,31.78867766,31.41328537,60..100cm,27.0,10.0,37.0,47.0,25.0,79.0,26.0,10.0,37.0,1430.0,1210.0,1800.0,3.9,0.9,9.1,8.4,7.8,9.6
segment:line-2-civil-026:0001,civil_segment,line-2-civil-026,line-2,elevated,7042.533,31.78153977,31.41850825,0..30cm,24.0,11.0,35.0,48.0,26.0,73.0,28.0,14.0,38.0,1340.0,1070.0,1540.0,9.3,4.2,19.9,8.0,7.4,8.8
segment:line-2-civil-026:0001,civil_segment,line-2-civil-026,line-2,elevated,7042.533,31.78153977,31.41850825,30..60cm,25.0,14.0,37.0,49.0,27.0,79.0,26.0,13.0,38.0,1460.0,1180.0,1720.0,7.1,2.5,18.5,8.2,7.5,9.1
segment:line-2-civil-026:0001,civil_segment,line-2-civil-026,line-2,elevated,7042.533,31.78153977,31.41850825,60..100cm,26.0,13.0,37.0,48.0,28.0,77.0,26.0,12.0,39.0,1470.0,1080.0,1880.0,5.2,1.3,23.1,8.2,7.6,9.5
segment:line-2-civil-026:0002,civil_segment,line-2-civil-026,line-2,elevated,8043.267,31.77459742,31.42388205,0..30cm,26.0,13.0,37.0,46.0,23.0,73.0,28.0,11.0,43.0,1370.0,1210.0,1610.0,10.3,5.0,22.1,7.8,7.2,8.5
segment:line-2-civil-026:0002,civil_segment,line-2-civil-026,line-2,elevated,8043.267,31.77459742,31.42388205,30..60cm,27.0,12.0,38.0,46.0,24.0,82.0,27.0,9.0,40.0,1450.0,1230.0,1670.0,5.1,1.6,11.1,7.7,6.9,8.6
segment:line-2-civil-026:0002,civil_segment,line-2-civil-026,line-2,elevated,8043.267,31.77459742,31.42388205,60..100cm,28.0,13.0,39.0,45.0,24.0,81.0,27.0,9.0,41.0,1460.0,1150.0,1760.0,3.1,1.1,6.9,7.7,7.4,8.4
segment:line-2-civil-026:0003,civil_segment,line-2-civil-026,line-2,elevated,8615.723,31.77056243,31.42697141,0..30cm,26.0,14.0,35.0,46.0,25.0,72.0,28.0,14.0,41.0,1350.0,1160.0,1570.0,10.1,4.3,22.9,7.8,7.1,8.5
segment:line-2-civil-026:0003,civil_segment,line-2-civil-026,line-2,elevated,8615.723,31.77056243,31.42697141,30..60cm,27.0,13.0,38.0,46.0,24.0,75.0,27.0,13.0,39.0,1420.0,1200.0,1650.0,4.9,1.3,11.1,7.7,6.9,8.4
segment:line-2-civil-026:0003,civil_segment,line-2-civil-026,line-2,elevated,8615.723,31.77056243,31.42697141,60..100cm,28.0,15.0,39.0,45.0,24.0,73.0,27.0,13.0,40.0,1430.0,1030.0,1760.0,3.0,1.1,6.9,7.6,6.9,8.4
segment:line-2-civil-026:0004,civil_segment,line-2-civil-026,line-2,elevated,9044.0,31.76760056,31.42914341,0..30cm,27.0,13.0,38.0,44.0,19.0,72.0,29.0,16.0,42.0,1150.0,920.0,1390.0,13.3,4.8,36.9,7.5,6.7,8.3
segment:line-2-civil-026:0004,civil_segment,line-2-civil-026,line-2,elevated,9044.0,31.76760056,31.42914341,30..60cm,29.0,13.0,40.0,44.0,20.0,72.0,28.0,14.0,40.0,1210.0,910.0,1470.0,4.6,1.4,12.4,7.1,5.6,8.4
segment:line-2-civil-026:0004,civil_segment,line-2-civil-026,line-2,elevated,9044.0,31.76760056,31.42914341,60..100cm,29.0,16.0,42.0,43.0,21.0,69.0,28.0,14.0,40.0,1210.0,910.0,1530.0,3.7,1.4,8.5,6.9,4.8,8.4
segment:line-2-civil-026:0005,civil_segment,line-2-civil-026,line-2,elevated,10044.733,31.76066146,31.43452524,0..30cm,26.0,10.0,39.0,45.0,20.0,78.0,29.0,12.0,43.0,1340.0,1130.0,1510.0,9.8,4.0,22.6,7.7,7.0,8.5
segment:line-2-civil-026:0005,civil_segment,line-2-civil-026,line-2,elevated,10044.733,31.76066146,31.43452524,30..60cm,27.0,11.0,40.0,46.0,20.0,81.0,27.0,9.0,40.0,1450.0,1230.0,1680.0,4.7,1.4,10.4,7.5,6.7,8.6
segment:line-2-civil-026:0005,civil_segment,line-2-civil-026,line-2,elevated,10044.733,31.76066146,31.43452524,60..100cm,28.0,14.0,42.0,46.0,21.0,76.0,26.0,9.0,39.0,1460.0,1110.0,1840.0,3.4,1.1,7.0,7.3,6.2,8.4
segment:line-2-civil-026:0006,civil_segment,line-2-civil-026,line-2,elevated,11045.467,31.75358041,31.4398687,0..30cm,25.0,11.0,38.0,48.0,25.0,80.0,27.0,12.0,38.0,1370.0,1190.0,1610.0,10.1,4.5,21.5,7.9,7.3,8.6
segment:line-2-civil-026:0006,civil_segment,line-2-civil-026,line-2,elevated,11045.467,31.75358041,31.4398687,30..60cm,27.0,11.0,39.0,48.0,25.0,80.0,25.0,11.0,38.0,1430.0,1170.0,1670.0,6.7,2.5,15.4,8.0,7.5,8.7
segment:line-2-civil-026:0006,civil_segment,line-2-civil-026,line-2,elevated,11045.467,31.75358041,31.4398687,60..100cm,27.0,13.0,38.0,48.0,25.0,80.0,25.0,10.0,39.0,1420.0,1070.0,1830.0,5.9,1.2,22.3,8.1,7.6,8.6
segment:line-2-civil-026:0007,civil_segment,line-2-civil-026,line-2,elevated,11189.646,31.75267335,31.44063414,0..30cm,26.0,11.0,39.0,46.0,21.0,79.0,28.0,11.0,40.0,1380.0,1210.0,1550.0,10.3,4.7,22.1,7.8,7.1,8.6
segment:line-2-civil-026:0007,civil_segment,line-2-civil-026,line-2,elevated,11189.646,31.75267335,31.44063414,30..60cm,27.0,11.0,40.0,47.0,21.0,80.0,26.0,10.0,40.0,1440.0,1220.0,1640.0,5.1,1.8,12.5,7.9,7.2,8.7
segment:line-2-civil-026:0007,civil_segment,line-2-civil-026,line-2,elevated,11189.646,31.75267335,31.44063414,60..100cm,28.0,13.0,41.0,47.0,22.0,80.0,25.0,10.0,39.0,1420.0,1150.0,1760.0,3.1,1.1,8.4,7.9,7.5,8.5
segment:line-2-civil-027:0000,civil_segment,line-2-civil-027,line-2,elevated,11189.646,31.75267335,31.44063414,0..30cm,26.0,11.0,39.0,46.0,21.0,79.0,28.0,11.0,40.0,1380.0,1210.0,1550.0,10.3,4.7,22.1,7.8,7.1,8.6
segment:line-2-civil-027:0000,civil_segment,line-2-civil-027,line-2,elevated,11189.646,31.75267335,31.44063414,30..60cm,27.0,11.0,40.0,47.0,21.0,80.0,26.0,10.0,40.0,1440.0,1220.0,1640.0,5.1,1.8,12.5,7.9,7.2,8.7
segment:line-2-civil-027:0000,civil_segment,line-2-civil-027,line-2,elevated,11189.646,31.75267335,31.44063414,60..100cm,28.0,13.0,41.0,47.0,22.0,80.0,25.0,10.0,39.0,1420.0,1150.0,1760.0,3.1,1.1,8.4,7.9,7.5,8.5
segment:line-2-civil-027:0001,civil_segment,line-2-civil-027,line-2,elevated,11199.646,31.75257965,31.44064409,0..30cm,26.0,11.0,39.0,46.0,21.0,79.0,28.0,11.0,40.0,1380.0,1210.0,1550.0,10.3,4.7,22.1,7.8,7.1,8.6
segment:line-2-civil-027:0001,civil_segment,line-2-civil-027,line-2,elevated,11199.646,31.75257965,31.44064409,30..60cm,27.0,11.0,40.0,47.0,21.0,80.0,26.0,10.0,40.0,1440.0,1220.0,1640.0,5.1,1.8,12.5,7.9,7.2,8.7
segment:line-2-civil-027:0001,civil_segment,line-2-civil-027,line-2,elevated,11199.646,31.75257965,31.44064409,60..100cm,28.0,13.0,41.0,47.0,22.0,80.0,25.0,10.0,39.0,1420.0,1150.0,1760.0,3.1,1.1,8.4,7.9,7.5,8.5
segment:line-2-civil-027:0002,civil_segment,line-2-civil-027,line-2,elevated,11209.646,31.75247434,31.44064409,0..30cm,26.0,11.0,39.0,46.0,21.0,79.0,28.0,11.0,40.0,1380.0,1210.0,1550.0,10.3,4.7,22.1,7.8,7.1,8.6
segment:line-2-civil-027:0002,civil_segment,line-2-civil-027,line-2,elevated,11209.646,31.75247434,31.44064409,30..60cm,27.0,11.0,40.0,47.0,21.0,80.0,26.0,10.0,40.0,1440.0,1220.0,1640.0,5.1,1.8,12.5,7.9,7.2,8.7
segment:line-2-civil-027:0002,civil_segment,line-2-civil-027,line-2,elevated,11209.646,31.75247434,31.44064409,60..100cm,28.0,13.0,41.0,47.0,22.0,80.0,25.0,10.0,39.0,1420.0,1150.0,1760.0,3.1,1.1,8.4,7.9,7.5,8.5
segment:line-2-civil-028:0000,civil_segment,line-2-civil-028,line-2,elevated,11209.646,31.75247434,31.44064409,0..30cm,26.0,11.0,39.0,46.0,21.0,79.0,28.0,11.0,40.0,1380.0,1210.0,1550.0,10.3,4.7,22.1,7.8,7.1,8.6
segment:line-2-civil-028:0000,civil_segment,line-2-civil-028,line-2,elevated,11209.646,31.75247434,31.44064409,30..60cm,27.0,11.0,40.0,47.0,21.0,80.0,26.0,10.0,40.0,1440.0,1220.0,1640.0,5.1,1.8,12.5,7.9,7.2,8.7
segment:line-2-civil-028:0000,civil_segment,line-2-civil-028,line-2,elevated,11209.646,31.75247434,31.44064409,60..100cm,28.0,13.0,41.0,47.0,22.0,80.0,25.0,10.0,39.0,1420.0,1150.0,1760.0,3.1,1.1,8.4,7.9,7.5,8.5
segment:line-2-civil-028:0001,civil_segment,line-2-civil-028,line-2,elevated,11825.626,31.74811212,31.44400334,0..30cm,26.0,11.0,38.0,47.0,22.0,80.0,28.0,11.0,43.0,1350.0,1160.0,1550.0,10.7,4.7,24.0,7.7,6.8,8.5
segment:line-2-civil-028:0001,civil_segment,line-2-civil-028,line-2,elevated,11825.626,31.74811212,31.44400334,30..60cm,28.0,12.0,40.0,46.0,23.0,81.0,26.0,10.0,40.0,1430.0,1170.0,1640.0,4.9,1.5,11.1,7.5,6.1,8.6
segment:line-2-civil-028:0001,civil_segment,line-2-civil-028,line-2,elevated,11825.626,31.74811212,31.44400334,60..100cm,28.0,14.0,41.0,46.0,24.0,80.0,26.0,8.0,40.0,1450.0,1150.0,1830.0,3.5,1.1,8.3,7.4,5.8,8.4
segment:line-2-civil-028:0002,civil_segment,line-2-civil-028,line-2,elevated,12210.493,31.74538621,31.44597364,0..30cm,28.0,13.0,38.0,44.0,20.0,75.0,28.0,12.0,43.0,1350.0,1160.0,1520.0,12.6,4.7,28.6,7.7,6.9,8.5
segment:line-2-civil-028:0002,civil_segment,line-2-civil-028,line-2,elevated,12210.493,31.74538621,31.44597364,30..60cm,30.0,14.0,42.0,43.0,21.0,80.0,27.0,10.0,39.0,1430.0,1170.0,1680.0,5.7,2.0,11.2,7.5,6.1,8.6
segment:line-2-civil-028:0002,civil_segment,line-2-civil-028,line-2,elevated,12210.493,31.74538621,31.44597364,60..100cm,30.0,14.0,44.0,43.0,21.0,73.0,27.0,10.0,40.0,1460.0,1160.0,1830.0,3.7,1.1,8.5,7.4,6.0,8.4
segment:line-2-civil-028:0003,civil_segment,line-2-civil-028,line-2,elevated,12441.606,31.7438313,31.44729185,0..30cm,25.0,11.0,39.0,49.0,23.0,80.0,26.0,11.0,39.0,1000.0,700.0,1310.0,19.1,7.2,61.2,7.6,6.7,8.6
segment:line-2-civil-028:0003,civil_segment,line-2-civil-028,line-2,elevated,12441.606,31.7438313,31.44729185,30..60cm,27.0,11.0,40.0,48.0,22.0,80.0,25.0,11.0,39.0,1060.0,760.0,1390.0,10.8,3.1,39.2,7.7,6.7,8.8
segment:line-2-civil-028:0003,civil_segment,line-2-civil-028,line-2,elevated,12441.606,31.7438313,31.44729185,60..100cm,27.0,12.0,42.0,48.0,22.0,79.0,25.0,9.0,40.0,1100.0,700.0,1480.0,9.7,2.0,45.9,7.8,6.9,8.9
segment:line-2-civil-029:0000,civil_segment,line-2-civil-029,line-2,elevated,12441.606,31.7438313,31.44729185,0..30cm,25.0,11.0,39.0,49.0,23.0,80.0,26.0,11.0,39.0,1000.0,700.0,1310.0,19.1,7.2,61.2,7.6,6.7,8.6
segment:line-2-civil-029:0000,civil_segment,line-2-civil-029,line-2,elevated,12441.606,31.7438313,31.44729185,30..60cm,27.0,11.0,40.0,48.0,22.0,80.0,25.0,11.0,39.0,1060.0,760.0,1390.0,10.8,3.1,39.2,7.7,6.7,8.8
segment:line-2-civil-029:0000,civil_segment,line-2-civil-029,line-2,elevated,12441.606,31.7438313,31.44729185,60..100cm,27.0,12.0,42.0,48.0,22.0,79.0,25.0,9.0,40.0,1100.0,700.0,1480.0,9.7,2.0,45.9,7.8,6.9,8.9
segment:line-2-civil-029:0001,civil_segment,line-2-civil-029,line-2,elevated,12451.606,31.74373882,31.44730284,0..30cm,25.0,11.0,39.0,49.0,23.0,80.0,26.0,11.0,39.0,1000.0,700.0,1310.0,19.1,7.2,61.2,7.6,6.7,8.6
segment:line-2-civil-029:0001,civil_segment,line-2-civil-029,line-2,elevated,12451.606,31.74373882,31.44730284,30..60cm,27.0,11.0,40.0,48.0,22.0,80.0,25.0,11.0,39.0,1060.0,760.0,1390.0,10.8,3.1,39.2,7.7,6.7,8.8
segment:line-2-civil-029:0001,civil_segment,line-2-civil-029,line-2,elevated,12451.606,31.74373882,31.44730284,60..100cm,27.0,12.0,42.0,48.0,22.0,79.0,25.0,9.0,40.0,1100.0,700.0,1480.0,9.7,2.0,45.9,7.8,6.9,8.9
segment:line-2-civil-029:0002,civil_segment,line-2-civil-029,line-2,elevated,12461.606,31.74363351,31.44730284,0..30cm,25.0,11.0,39.0,49.0,23.0,80.0,26.0,11.0,39.0,1000.0,700.0,1310.0,19.1,7.2,61.2,7.6,6.7,8.6
segment:line-2-civil-029:0002,civil_segment,line-2-civil-029,line-2,elevated,12461.606,31.74363351,31.44730284,30..60cm,27.0,11.0,40.0,48.0,22.0,80.0,25.0,11.0,39.0,1060.0,760.0,1390.0,10.8,3.1,39.2,7.7,6.7,8.8
segment:line-2-civil-029:0002,civil_segment,line-2-civil-029,line-2,elevated,12461.606,31.74363351,31.44730284,60..100cm,27.0,12.0,42.0,48.0,22.0,79.0,25.0,9.0,40.0,1100.0,700.0,1480.0,9.7,2.0,45.9,7.8,6.9,8.9
segment:line-2-civil-030:0000,civil_segment,line-2-civil-030,line-2,elevated,12461.606,31.74363351,31.44730284,0..30cm,25.0,11.0,39.0,49.0,23.0,80.0,26.0,11.0,39.0,1000.0,700.0,1310.0,19.1,7.2,61.2,7.6,6.7,8.6
segment:line-2-civil-030:0000,civil_segment,line-2-civil-030,line-2,elevated,12461.606,31.74363351,31.44730284,30..60cm,27.0,11.0,40.0,48.0,22.0,80.0,25.0,11.0,39.0,1060.0,760.0,1390.0,10.8,3.1,39.2,7.7,6.7,8.8
segment:line-2-civil-030:0000,civil_segment,line-2-civil-030,line-2,elevated,12461.606,31.74363351,31.44730284,60..100cm,27.0,12.0,42.0,48.0,22.0,79.0,25.0,9.0,40.0,1100.0,700.0,1480.0,9.7,2.0,45.9,7.8,6.9,8.9
segment:line-2-civil-030:0001,civil_segment,line-2-civil-030,line-2,elevated,12489.89,31.74341929,31.44747508,0..30cm,25.0,11.0,39.0,49.0,23.0,80.0,26.0,11.0,39.0,1000.0,700.0,1310.0,19.1,7.2,61.2,7.6,6.7,8.6
segment:line-2-civil-030:0001,civil_segment,line-2-civil-030,line-2,elevated,12489.89,31.74341929,31.44747508,30..60cm,27.0,11.0,40.0,48.0,22.0,80.0,25.0,11.0,39.0,1060.0,760.0,1390.0,10.8,3.1,39.2,7.7,6.7,8.8
segment:line-2-civil-030:0001,civil_segment,line-2-civil-030,line-2,elevated,12489.89,31.74341929,31.44747508,60..100cm,27.0,12.0,42.0,48.0,22.0,79.0,25.0,9.0,40.0,1100.0,700.0,1480.0,9.7,2.0,45.9,7.8,6.9,8.9
segment:line-2-civil-030:0002,civil_segment,line-2-civil-030,line-2,elevated,12518.175,31.74320879,31.44765503,0..30cm,25.0,11.0,39.0,49.0,23.0,80.0,26.0,11.0,39.0,1000.0,700.0,1310.0,19.1,7.2,61.2,7.6,6.7,8.6
segment:line-2-civil-030:0002,civil_segment,line-2-civil-030,line-2,elevated,12518.175,31.74320879,31.44765503,30..60cm,27.0,11.0,40.0,48.0,22.0,80.0,25.0,11.0,39.0,1060.0,760.0,1390.0,10.8,3.1,39.2,7.7,6.7,8.8
segment:line-2-civil-030:0002,civil_segment,line-2-civil-030,line-2,elevated,12518.175,31.74320879,31.44765503,60..100cm,27.0,12.0,42.0,48.0,22.0,79.0,25.0,9.0,40.0,1100.0,700.0,1480.0,9.7,2.0,45.9,7.8,6.9,8.9
segment:line-2-civil-031:0000,civil_segment,line-2-civil-031,line-2,elevated,12518.175,31.74320879,31.44765503,0..30cm,25.0,11.0,39.0,49.0,23.0,80.0,26.0,11.0,39.0,1000.0,700.0,1310.0,19.1,7.2,61.2,7.6,6.7,8.6
segment:line-2-civil-031:0000,civil_segment,line-2-civil-031,line-2,elevated,12518.175,31.74320879,31.44765503,30..60cm,27.0,11.0,40.0,48.0,22.0,80.0,25.0,11.0,39.0,1060.0,760.0,1390.0,10.8,3.1,39.2,7.7,6.7,8.8
segment:line-2-civil-031:0000,civil_segment,line-2-civil-031,line-2,elevated,12518.175,31.74320879,31.44765503,60..100cm,27.0,12.0,42.0,48.0,22.0,79.0,25.0,9.0,40.0,1100.0,700.0,1480.0,9.7,2.0,45.9,7.8,6.9,8.9
segment:line-2-civil-031:0001,civil_segment,line-2-civil-031,line-2,elevated,12552.337,31.7429398,31.44784274,0..30cm,25.0,11.0,38.0,48.0,23.0,80.0,26.0,11.0,40.0,1010.0,730.0,1310.0,20.3,6.0,61.2,7.7,6.8,8.6
segment:line-2-civil-031:0001,civil_segment,line-2-civil-031,line-2,elevated,12552.337,31.7429398,31.44784274,30..60cm,27.0,11.0,40.0,48.0,21.0,80.0,25.0,11.0,40.0,1050.0,740.0,1390.0,10.3,3.1,37.2,7.7,6.7,8.8
segment:line-2-civil-031:0001,civil_segment,line-2-civil-031,line-2,elevated,12552.337,31.7429398,31.44784274,60..100cm,28.0,12.0,42.0,48.0,22.0,79.0,25.0,9.0,40.0,1060.0,680.0,1400.0,7.5,1.7,45.6,7.8,6.9,8.9
segment:line-2-civil-031:0002,civil_segment,line-2-civil-031,line-2,elevated,12586.5,31.7425803,31.44784274,0..30cm,25.0,11.0,38.0,48.0,23.0,80.0,26.0,11.0,40.0,1010.0,730.0,1310.0,20.3,6.0,61.2,7.7,6.8,8.6
segment:line-2-civil-031:0002,civil_segment,line-2-civil-031,line-2,elevated,12586.5,31.7425803,31.44784274,30..60cm,27.0,11.0,40.0,48.0,21.0,80.0,25.0,11.0,40.0,1050.0,740.0,1390.0,10.3,3.1,37.2,7.7,6.7,8.8
segment:line-2-civil-031:0002,civil_segment,line-2-civil-031,line-2,elevated,12586.5,31.7425803,31.44784274,60..100cm,28.0,12.0,42.0,48.0,22.0,79.0,25.0,9.0,40.0,1060.0,680.0,1400.0,7.5,1.7,45.6,7.8,6.9,8.9
segment:line-2-civil-032:0000,civil_segment,line-2-civil-032,line-2,at-grade,12586.5,31.7425803,31.44784274,0..30cm,25.0,11.0,38.0,48.0,23.0,80.0,26.0,11.0,40.0,1010.0,730.0,1310.0,20.3,6.0,61.2,7.7,6.8,8.6
segment:line-2-civil-032:0000,civil_segment,line-2-civil-032,line-2,at-grade,12586.5,31.7425803,31.44784274,30..60cm,27.0,11.0,40.0,48.0,21.0,80.0,25.0,11.0,40.0,1050.0,740.0,1390.0,10.3,3.1,37.2,7.7,6.7,8.8
segment:line-2-civil-032:0000,civil_segment,line-2-civil-032,line-2,at-grade,12586.5,31.7425803,31.44784274,60..100cm,28.0,12.0,42.0,48.0,22.0,79.0,25.0,9.0,40.0,1060.0,680.0,1400.0,7.5,1.7,45.6,7.8,6.9,8.9
segment:line-2-civil-032:0001,civil_segment,line-2-civil-032,line-2,at-grade,13586.51,31.73469958,31.45306176,0..30cm,25.0,11.0,38.0,50.0,28.0,79.0,26.0,11.0,40.0,1370.0,1170.0,1550.0,11.6,5.2,25.3,7.8,6.9,8.6
segment:line-2-civil-032:0001,civil_segment,line-2-civil-032,line-2,at-grade,13586.51,31.73469958,31.45306176,30..60cm,27.0,11.0,40.0,49.0,26.0,79.0,25.0,10.0,37.0,1420.0,1220.0,1610.0,8.1,3.8,15.6,7.9,7.0,8.9
segment:line-2-civil-032:0001,civil_segment,line-2-civil-032,line-2,at-grade,13586.51,31.73469958,31.45306176,60..100cm,27.0,11.0,42.0,49.0,24.0,79.0,24.0,7.0,40.0,1410.0,1080.0,1760.0,7.7,1.6,33.0,7.9,7.2,8.9
segment:line-2-civil-032:0002,civil_segment,line-2-civil-032,line-2,at-grade,14586.521,31.72522849,31.45216193,0..30cm,25.0,11.0,38.0,50.0,26.0,79.0,26.0,11.0,40.0,1360.0,1130.0,1520.0,8.2,3.6,16.1,7.9,7.3,8.5
segment:line-2-civil-032:0002,civil_segment,line-2-civil-032,line-2,at-grade,14586.521,31.72522849,31.45216193,30..60cm,26.0,11.0,40.0,49.0,26.0,79.0,25.0,11.0,38.0,1440.0,1190.0,1670.0,7.8,2.5,24.0,8.0,7.5,8.7
segment:line-2-civil-032:0002,civil_segment,line-2-civil-032,line-2,at-grade,14586.521,31.72522849,31.45216193,60..100cm,27.0,11.0,42.0,49.0,22.0,79.0,25.0,8.0,40.0,1420.0,1080.0,1800.0,8.2,1.3,33.0,8.0,7.5,8.6
segment:line-2-civil-032:0003,civil_segment,line-2-civil-032,line-2,at-grade,15170.75,31.71971186,31.45162203,0..30cm,28.0,11.0,39.0,44.0,20.0,78.0,29.0,12.0,43.0,1390.0,1240.0,1580.0,8.7,3.9,19.3,8.0,7.4,8.7
segment:line-2-civil-032:0003,civil_segment,line-2-civil-032,line-2,at-grade,15170.75,31.71971186,31.45162203,30..60cm,29.0,13.0,44.0,44.0,21.0,78.0,27.0,11.0,40.0,1450.0,1190.0,1730.0,4.8,2.0,12.1,8.3,7.7,9.3
segment:line-2-civil-032:0003,civil_segment,line-2-civil-032,line-2,at-grade,15170.75,31.71971186,31.45162203,60..100cm,30.0,14.0,44.0,43.0,19.0,78.0,27.0,10.0,40.0,1430.0,1110.0,1770.0,2.8,1.1,6.6,8.3,7.7,9.3
segment:line-2-civil-032:0004,civil_segment,line-2-civil-032,line-2,at-grade,15586.531,31.71596741,31.45108213,0..30cm,27.0,15.0,35.0,46.0,28.0,67.0,27.0,15.0,39.0,1410.0,1170.0,1640.0,5.0,2.1,10.0,8.3,7.7,8.7
segment:line-2-civil-032:0004,civil_segment,line-2-civil-032,line-2,at-grade,15586.531,31.71596741,31.45108213,30..60cm,29.0,17.0,38.0,45.0,28.0,65.0,26.0,16.0,36.0,1510.0,1270.0,1690.0,3.2,1.2,6.5,8.6,7.9,9.5
segment:line-2-civil-032:0004,civil_segment,line-2-civil-032,line-2,at-grade,15586.531,31.71596741,31.45108213,60..100cm,29.0,18.0,38.0,44.0,28.0,65.0,26.0,14.0,37.0,1500.0,1250.0,1740.0,3.2,1.0,9.0,8.7,7.8,9.6
segment:line-2-civil-032:0005,civil_segment,line-2-civil-032,line-2,at-grade,16586.542,31.70750985,31.4491025,0..30cm,22.0,9.0,32.0,52.0,34.0,73.0,26.0,14.0,38.0,1400.0,1150.0,1620.0,3.9,1.9,6.4,8.4,7.7,8.9
segment:line-2-civil-032:0005,civil_segment,line-2-civil-032,line-2,at-grade,16586.542,31.70750985,31.4491025,30..60cm,24.0,9.0,33.0,50.0,33.0,70.0,26.0,13.0,38.0,1520.0,1310.0,1670.0,2.3,1.0,5.0,8.5,7.9,9.1
segment:line-2-civil-032:0005,civil_segment,line-2-civil-032,line-2,at-grade,16586.542,31.70750985,31.4491025,60..100cm,24.0,10.0,34.0,49.0,33.0,71.0,27.0,13.0,39.0,1530.0,1260.0,1760.0,1.7,0.6,3.6,8.6,7.8,9.3
segment:line-2-civil-032:0006,civil_segment,line-2-civil-032,line-2,at-grade,17586.552,31.70130524,31.44992285,0..30cm,24.0,15.0,33.0,50.0,32.0,71.0,26.0,12.0,39.0,1420.0,1150.0,1640.0,3.7,1.9,6.0,8.3,7.6,8.9
segment:line-2-civil-032:0006,civil_segment,line-2-civil-032,line-2,at-grade,17586.552,31.70130524,31.44992285,30..60cm,26.0,16.0,36.0,49.0,34.0,72.0,25.0,13.0,39.0,1530.0,1330.0,1720.0,2.2,0.8,5.0,8.4,7.9,9.0
segment:line-2-civil-032:0006,civil_segment,line-2-civil-032,line-2,at-grade,17586.552,31.70130524,31.44992285,60..100cm,27.0,16.0,37.0,48.0,33.0,67.0,25.0,13.0,39.0,1520.0,1270.0,1780.0,1.5,0.6,2.9,8.5,7.8,9.2
segment:line-2-civil-032:0007,civil_segment,line-2-civil-032,line-2,at-grade,17755.0,31.70130524,31.45144206,0..30cm,26.0,18.0,35.0,46.0,30.0,64.0,28.0,18.0,39.0,1390.0,1140.0,1620.0,3.7,1.9,6.1,8.3,7.7,8.8
segment:line-2-civil-032:0007,civil_segment,line-2-civil-032,line-2,at-grade,17755.0,31.70130524,31.45144206,30..60cm,28.0,18.0,37.0,45.0,33.0,65.0,27.0,16.0,38.0,1520.0,1310.0,1700.0,2.5,1.2,5.0,8.5,7.9,9.4
segment:line-2-civil-032:0007,civil_segment,line-2-civil-032,line-2,at-grade,17755.0,31.70130524,31.45144206,60..100cm,29.0,18.0,38.0,44.0,31.0,65.0,27.0,14.0,38.0,1520.0,1250.0,1780.0,1.9,0.6,3.3,8.6,7.8,9.5
segment:line-3-civil-033:0000,civil_segment,line-3-civil-033,line-3,at-grade,0.0,31.72593667,31.33608375,0..30cm,25.0,11.0,38.0,47.0,16.0,72.0,28.0,13.0,42.0,1280.0,1020.0,1530.0,14.4,4.5,38.4,7.6,6.7,8.6
segment:line-3-civil-033:0000,civil_segment,line-3-civil-033,line-3,at-grade,0.0,31.72593667,31.33608375,30..60cm,26.0,10.0,40.0,48.0,16.0,81.0,27.0,9.0,42.0,1390.0,1040.0,1710.0,12.3,2.8,31.2,7.2,5.4,8.7
segment:line-3-civil-033:0000,civil_segment,line-3-civil-033,line-3,at-grade,0.0,31.72593667,31.33608375,60..100cm,26.0,11.0,38.0,48.0,23.0,80.0,26.0,9.0,38.0,1410.0,1010.0,1850.0,14.2,2.6,95.2,6.9,3.3,8.6
segment:line-3-civil-033:0001,civil_segment,line-3-civil-033,line-3,at-grade,1000.661,31.71856829,31.33473306,0..30cm,23.0,11.0,35.0,51.0,25.0,78.0,26.0,11.0,40.0,1390.0,1200.0,1610.0,5.3,1.9,10.3,8.2,7.5,9.0
segment:line-3-civil-033:0001,civil_segment,line-3-civil-033,line-3,at-grade,1000.661,31.71856829,31.33473306,30..60cm,24.0,11.0,37.0,52.0,26.0,80.0,25.0,9.0,40.0,1470.0,1220.0,1700.0,2.9,1.2,6.2,8.2,7.5,9.5
segment:line-3-civil-033:0001,civil_segment,line-3-civil-033,line-3,at-grade,1000.661,31.71856829,31.33473306,60..100cm,24.0,11.0,37.0,52.0,29.0,79.0,24.0,9.0,36.0,1500.0,1260.0,1700.0,2.2,1.2,3.6,8.1,7.6,9.6
segment:line-3-civil-033:0002,civil_segment,line-3-civil-033,line-3,at-grade,2001.322,31.71898934,31.34302942,0..30cm,24.0,12.0,37.0,50.0,26.0,78.0,26.0,12.0,39.0,1370.0,1120.0,1570.0,6.4,3.2,11.1,8.1,7.2,8.8
segment:line-3-civil-033:0002,civil_segment,line-3-civil-033,line-3,at-grade,2001.322,31.71898934,31.34302942,30..60cm,25.0,12.0,37.0,50.0,25.0,81.0,25.0,8.0,39.0,1450.0,1140.0,1730.0,4.0,1.4,10.1,8.0,7.2,9.2
segment:line-3-civil-033:0002,civil_segment,line-3-civil-033,line-3,at-grade,2001.322,31.71898934,31.34302942,60..100cm,25.0,12.0,37.0,50.0,29.0,80.0,25.0,8.0,37.0,1470.0,1010.0,1830.0,4.3,1.1,11.5,8.0,7.6,9.5
segment:line-3-civil-033:0003,civil_segment,line-3-civil-033,line-3,at-grade,2993.9,31.72050425,31.35069625,0..30cm,26.0,10.0,38.0,46.0,18.0,78.0,28.0,10.0,42.0,1270.0,1000.0,1510.0,11.5,3.4,34.2,7.6,6.5,8.6
segment:line-3-civil-033:0003,civil_segment,line-3-civil-033,line-3,at-grade,2993.9,31.72050425,31.35069625,30..60cm,27.0,10.0,41.0,46.0,17.0,80.0,27.0,10.0,40.0,1360.0,1130.0,1590.0,8.5,2.8,23.8,7.1,4.4,8.7
segment:line-3-civil-033:0003,civil_segment,line-3-civil-033,line-3,at-grade,2993.9,31.72050425,31.35069625,60..100cm,27.0,10.0,41.0,46.0,20.0,78.0,27.0,10.0,39.0,1350.0,1010.0,1770.0,8.0,1.9,26.1,6.8,3.3,8.5
segment:line-3-civil-033:0004,civil_segment,line-3-civil-033,line-3,at-grade,3001.983,31.72056439,31.35074767,0..30cm,26.0,10.0,38.0,46.0,18.0,78.0,28.0,10.0,42.0,1270.0,1000.0,1510.0,11.5,3.4,34.2,7.6,6.5,8.6
segment:line-3-civil-033:0004,civil_segment,line-3-civil-033,line-3,at-grade,3001.983,31.72056439,31.35074767,30..60cm,27.0,10.0,41.0,46.0,17.0,80.0,27.0,10.0,40.0,1360.0,1130.0,1590.0,8.5,2.8,23.8,7.1,4.4,8.7
segment:line-3-civil-033:0004,civil_segment,line-3-civil-033,line-3,at-grade,3001.983,31.72056439,31.35074767,60..100cm,27.0,10.0,41.0,46.0,20.0,78.0,27.0,10.0,39.0,1350.0,1010.0,1770.0,8.0,1.9,26.1,6.8,3.3,8.5
segment:line-3-civil-033:0005,civil_segment,line-3-civil-033,line-3,at-grade,4002.644,31.72801031,31.35711277,0..30cm,26.0,13.0,38.0,45.0,18.0,71.0,29.0,14.0,44.0,1170.0,920.0,1410.0,21.0,6.0,66.2,7.5,6.4,8.6
segment:line-3-civil-033:0005,civil_segment,line-3-civil-033,line-3,at-grade,4002.644,31.72801031,31.35711277,30..60cm,27.0,11.0,39.0,46.0,19.0,76.0,27.0,10.0,42.0,1310.0,920.0,1640.0,18.1,5.1,64.4,7.3,5.4,8.8
segment:line-3-civil-033:0005,civil_segment,line-3-civil-033,line-3,at-grade,4002.644,31.72801031,31.35711277,60..100cm,27.0,13.0,38.0,47.0,22.0,76.0,26.0,9.0,41.0,1340.0,790.0,1840.0,21.1,4.1,95.4,7.1,4.1,8.5
segment:line-3-civil-033:0006,civil_segment,line-3-civil-033,line-3,at-grade,5003.305,31.73545648,31.36347808,0..30cm,26.0,13.0,39.0,45.0,13.0,72.0,29.0,13.0,47.0,1090.0,840.0,1270.0,19.2,7.9,46.4,7.6,6.8,8.6
segment:line-3-civil-033:0006,civil_segment,line-3-civil-033,line-3,at-grade,5003.305,31.73545648,31.36347808,30..60cm,27.0,11.0,41.0,46.0,15.0,79.0,27.0,10.0,43.0,1160.0,890.0,1380.0,13.1,4.0,36.3,7.4,5.8,8.7
segment:line-3-civil-033:0006,civil_segment,line-3-civil-033,line-3,at-grade,5003.305,31.73545648,31.36347808,60..100cm,28.0,13.0,41.0,46.0,14.0,76.0,26.0,9.0,44.0,1180.0,820.0,1530.0,12.8,2.6,79.8,7.3,5.5,8.5
segment:line-3-civil-033:0007,civil_segment,line-3-civil-033,line-3,at-grade,5987.8,31.74277867,31.36974216,0..30cm,27.0,13.0,39.0,44.0,13.0,72.0,30.0,14.0,46.0,1200.0,980.0,1410.0,15.5,4.4,43.2,7.6,6.8,8.6
segment:line-3-civil-033:0007,civil_segment,line-3-civil-033,line-3,at-grade,5987.8,31.74277867,31.36974216,30..60cm,28.0,12.0,41.0,44.0,14.0,76.0,28.0,12.0,43.0,1310.0,990.0,1610.0,11.4,4.0,27.3,7.4,5.8,8.7
segment:line-3-civil-033:0007,civil_segment,line-3-civil-033,line-3,at-grade,5987.8,31.74277867,31.36974216,60..100cm,28.0,13.0,41.0,45.0,14.0,76.0,27.0,10.0,43.0,1300.0,810.0,1650.0,11.5,2.8,56.2,7.3,5.5,8.6
segment:line-3-civil-034:0000,civil_segment,line-3-civil-034,line-3,elevated,5987.8,31.74277867,31.36974216,0..30cm,27.0,13.0,39.0,44.0,13.0,72.0,30.0,14.0,46.0,1200.0,980.0,1410.0,15.5,4.4,43.2,7.6,6.8,8.6
segment:line-3-civil-034:0000,civil_segment,line-3-civil-034,line-3,elevated,5987.8,31.74277867,31.36974216,30..60cm,28.0,12.0,41.0,44.0,14.0,76.0,28.0,12.0,43.0,1310.0,990.0,1610.0,11.4,4.0,27.3,7.4,5.8,8.7
segment:line-3-civil-034:0000,civil_segment,line-3-civil-034,line-3,elevated,5987.8,31.74277867,31.36974216,60..100cm,28.0,13.0,41.0,45.0,14.0,76.0,27.0,10.0,43.0,1300.0,810.0,1650.0,11.5,2.8,56.2,7.3,5.5,8.6
segment:line-3-civil-034:0001,civil_segment,line-3-civil-034,line-3,elevated,6548.25,31.74499291,31.37378984,0..30cm,24.0,12.0,35.0,49.0,22.0,76.0,26.0,12.0,40.0,1240.0,990.0,1510.0,15.1,4.9,41.8,7.6,6.8,8.8
segment:line-3-civil-034:0001,civil_segment,line-3-civil-034,line-3,elevated,6548.25,31.74499291,31.37378984,30..60cm,26.0,11.0,37.0,49.0,25.0,76.0,26.0,12.0,39.0,1370.0,1020.0,1690.0,9.9,2.8,29.7,7.6,6.5,8.6
segment:line-3-civil-034:0001,civil_segment,line-3-civil-034,line-3,elevated,6548.25,31.74499291,31.37378984,60..100cm,26.0,10.0,40.0,48.0,25.0,76.0,25.0,10.0,40.0,1360.0,780.0,1830.0,10.0,2.3,47.6,7.7,6.4,8.9
segment:line-3-civil-034:0002,civil_segment,line-3-civil-034,line-3,elevated,6989.158,31.74677865,31.37701916,0..30cm,28.0,14.0,39.0,42.0,13.0,72.0,31.0,14.0,47.0,1270.0,1000.0,1510.0,12.0,3.4,31.2,7.7,7.1,8.7
segment:line-3-civil-034:0002,civil_segment,line-3-civil-034,line-3,elevated,6989.158,31.74677865,31.37701916,30..60cm,29.0,14.0,41.0,42.0,13.0,72.0,29.0,14.0,44.0,1370.0,970.0,1650.0,11.7,3.7,30.8,7.6,6.3,8.8
segment:line-3-civil-034:0002,civil_segment,line-3-civil-034,line-3,elevated,6989.158,31.74677865,31.37701916,60..100cm,30.0,14.0,41.0,42.0,13.0,70.0,29.0,13.0,44.0,1380.0,810.0,1840.0,14.3,2.8,92.2,7.6,6.2,8.6
segment:line-3-civil-034:0003,civil_segment,line-3-civil-034,line-3,elevated,7108.7,31.74720328,31.37783896,0..30cm,28.0,14.0,40.0,41.0,13.0,70.0,31.0,14.0,46.0,1260.0,970.0,1510.0,14.0,5.1,41.9,7.7,6.9,8.6
segment:line-3-civil-034:0003,civil_segment,line-3-civil-034,line-3,elevated,7108.7,31.74720328,31.37783896,30..60cm,29.0,14.0,41.0,42.0,12.0,70.0,29.0,14.0,44.0,1360.0,970.0,1650.0,12.5,3.1,38.6,7.5,6.3,8.7
segment:line-3-civil-034:0003,civil_segment,line-3-civil-034,line-3,elevated,7108.7,31.74720328,31.37783896,60..100cm,30.0,14.0,42.0,42.0,13.0,70.0,28.0,10.0,44.0,1370.0,830.0,1840.0,14.9,2.8,89.4,7.3,5.5,8.5
segment:line-3-civil-035:0000,civil_segment,line-3-civil-035,line-3,bridge,7108.7,31.74720328,31.37783896,0..30cm,28.0,14.0,40.0,41.0,13.0,70.0,31.0,14.0,46.0,1260.0,970.0,1510.0,14.0,5.1,41.9,7.7,6.9,8.6
segment:line-3-civil-035:0000,civil_segment,line-3-civil-035,line-3,bridge,7108.7,31.74720328,31.37783896,30..60cm,29.0,14.0,41.0,42.0,12.0,70.0,29.0,14.0,44.0,1360.0,970.0,1650.0,12.5,3.1,38.6,7.5,6.3,8.7
segment:line-3-civil-035:0000,civil_segment,line-3-civil-035,line-3,bridge,7108.7,31.74720328,31.37783896,60..100cm,30.0,14.0,42.0,42.0,13.0,70.0,28.0,10.0,44.0,1370.0,830.0,1840.0,14.9,2.8,89.4,7.3,5.5,8.5
segment:line-3-civil-035:0001,civil_segment,line-3-civil-035,line-3,bridge,8110.117,31.75119968,31.38511745,0..30cm,27.0,14.0,39.0,43.0,16.0,71.0,30.0,15.0,43.0,1240.0,970.0,1480.0,14.9,5.2,44.4,7.7,6.9,8.6
segment:line-3-civil-035:0001,civil_segment,line-3-civil-035,line-3,bridge,8110.117,31.75119968,31.38511745,30..60cm,28.0,14.0,41.0,43.0,16.0,70.0,29.0,15.0,43.0,1330.0,970.0,1620.0,14.8,4.6,45.6,7.4,5.6,8.8
segment:line-3-civil-035:0001,civil_segment,line-3-civil-035,line-3,bridge,8110.117,31.75119968,31.38511745,60..100cm,29.0,14.0,42.0,42.0,13.0,70.0,29.0,14.0,43.0,1340.0,840.0,1840.0,19.4,2.9,95.6,7.3,5.5,8.6
segment:line-3-civil-035:0002,civil_segment,line-3-civil-035,line-3,bridge,8823.05,31.75410517,31.39039775,0..30cm,26.0,14.0,37.0,45.0,18.0,71.0,29.0,14.0,44.0,1330.0,1100.0,1540.0,6.7,2.4,14.0,8.4,7.8,8.8
segment:line-3-civil-035:0002,civil_segment,line-3-civil-035,line-3,bridge,8823.05,31.75410517,31.39039775,30..60cm,27.0,16.0,39.0,45.0,19.0,73.0,28.0,14.0,41.0,1390.0,1000.0,1680.0,5.1,1.3,15.9,8.5,7.8,9.5
segment:line-3-civil-035:0002,civil_segment,line-3-civil-035,line-3,bridge,8823.05,31.75410517,31.39039775,60..100cm,28.0,14.0,39.0,45.0,19.0,73.0,27.0,13.0,41.0,1410.0,900.0,1830.0,6.0,0.8,33.3,8.5,7.8,9.9
segment:line-3-civil-035:0003,civil_segment,line-3-civil-035,line-3,bridge,9111.534,31.75521475,31.39259313,0..30cm,26.0,14.0,39.0,44.0,14.0,71.0,30.0,14.0,46.0,1280.0,1000.0,1510.0,14.7,5.8,34.6,7.8,7.1,8.5
segment:line-3-civil-035:0003,civil_segment,line-3-civil-035,line-3,bridge,9111.534,31.75521475,31.39259313,30..60cm,28.0,14.0,40.0,43.0,15.0,70.0,29.0,14.0,43.0,1350.0,1040.0,1630.0,16.8,4.5,57.0,7.8,6.7,8.7
segment:line-3-civil-035:0003,civil_segment,line-3-civil-035,line-3,bridge,9111.534,31.75521475,31.39259313,60..100cm,29.0,14.0,41.0,42.0,14.0,70.0,29.0,13.0,44.0,1370.0,840.0,1820.0,23.5,2.5,121.1,7.7,6.8,8.6
segment:line-3-civil-035:0004,civil_segment,line-3-civil-035,line-3,bridge,10112.951,31.75927552,31.39985665,0..30cm,25.0,11.0,39.0,47.0,21.0,76.0,28.0,13.0,40.0,1240.0,970.0,1490.0,16.3,5.8,50.0,7.7,6.8,8.6
segment:line-3-civil-035:0004,civil_segment,line-3-civil-035,line-3,bridge,10112.951,31.75927552,31.39985665,30..60cm,26.0,10.0,40.0,47.0,18.0,77.0,27.0,12.0,41.0,1320.0,1030.0,1590.0,17.5,4.1,65.4,7.7,6.7,8.8
segment:line-3-civil-035:0004,civil_segment,line-3-civil-035,line-3,bridge,10112.951,31.75927552,31.39985665,60..100cm,27.0,9.0,42.0,46.0,18.0,77.0,27.0,12.0,43.0,1290.0,720.0,1760.0,24.9,3.3,142.4,7.7,6.9,8.9
segment:line-3-civil-035:0005,civil_segment,line-3-civil-035,line-3,bridge,10537.4,31.76109435,31.40303162,0..30cm,27.0,12.0,38.0,44.0,14.0,72.0,30.0,14.0,47.0,1340.0,1110.0,1530.0,12.3,5.5,29.6,7.9,7.3,8.7
segment:line-3-civil-035:0005,civil_segment,line-3-civil-035,line-3,bridge,10537.4,31.76109435,31.40303162,30..60cm,28.0,13.0,40.0,43.0,14.0,76.0,29.0,13.0,43.0,1370.0,1160.0,1600.0,14.5,4.0,46.1,7.9,7.2,8.6
segment:line-3-civil-035:0005,civil_segment,line-3-civil-035,line-3,bridge,10537.4,31.76109435,31.40303162,60..100cm,28.0,14.0,39.0,43.0,14.0,74.0,29.0,10.0,43.0,1360.0,1010.0,1760.0,18.2,2.4,114.3,7.8,7.4,8.6
segment:line-3-civil-036:0000,civil_segment,line-3-civil-036,line-3,elevated,10537.4,31.76109435,31.40303162,0..30cm,27.0,12.0,38.0,44.0,14.0,72.0,30.0,14.0,47.0,1340.0,1110.0,1530.0,12.3,5.5,29.6,7.9,7.3,8.7
segment:line-3-civil-036:0000,civil_segment,line-3-civil-036,line-3,elevated,10537.4,31.76109435,31.40303162,30..60cm,28.0,13.0,40.0,43.0,14.0,76.0,29.0,13.0,43.0,1370.0,1160.0,1600.0,14.5,4.0,46.1,7.9,7.2,8.6
segment:line-3-civil-036:0000,civil_segment,line-3-civil-036,line-3,elevated,10537.4,31.76109435,31.40303162,60..100cm,28.0,14.0,39.0,43.0,14.0,74.0,29.0,10.0,43.0,1360.0,1010.0,1760.0,18.2,2.4,114.3,7.8,7.4,8.6
segment:line-3-civil-036:0001,civil_segment,line-3-civil-036,line-3,elevated,11538.961,31.76509433,31.41041511,0..30cm,23.0,10.0,37.0,52.0,25.0,79.0,25.0,12.0,38.0,1150.0,900.0,1400.0,21.8,6.8,63.9,7.6,6.7,8.6
segment:line-3-civil-036:0001,civil_segment,line-3-civil-036,line-3,elevated,11538.961,31.76509433,31.41041511,30..60cm,24.0,10.0,39.0,51.0,23.0,79.0,24.0,12.0,38.0,1240.0,920.0,1550.0,13.0,5.1,39.7,7.6,6.4,8.6
segment:line-3-civil-036:0001,civil_segment,line-3-civil-036,line-3,elevated,11538.961,31.76509433,31.41041511,60..100cm,24.0,9.0,38.0,52.0,25.0,79.0,24.0,10.0,38.0,1240.0,810.0,1600.0,12.2,3.0,64.0,7.7,6.4,8.8
segment:line-3-civil-036:0002,civil_segment,line-3-civil-036,line-3,elevated,12540.523,31.76912867,31.41799773,0..30cm,28.0,17.0,39.0,41.0,17.0,69.0,30.0,15.0,43.0,1280.0,990.0,1550.0,10.9,3.9,22.1,7.7,6.7,8.6
segment:line-3-civil-036:0002,civil_segment,line-3-civil-036,line-3,elevated,12540.523,31.76912867,31.41799773,30..60cm,29.0,16.0,40.0,41.0,19.0,63.0,29.0,16.0,43.0,1360.0,1030.0,1660.0,10.1,3.5,31.7,7.3,5.2,8.8
segment:line-3-civil-036:0002,civil_segment,line-3-civil-036,line-3,elevated,12540.523,31.76912867,31.41799773,60..100cm,30.0,18.0,40.0,41.0,24.0,61.0,29.0,14.0,41.0,1370.0,930.0,1830.0,12.3,1.9,87.3,7.0,3.8,8.4
segment:line-3-civil-036:0003,civil_segment,line-3-civil-036,line-3,elevated,13542.084,31.77330739,31.42552914,0..30cm,26.0,13.0,37.0,47.0,24.0,72.0,28.0,16.0,37.0,1130.0,870.0,1350.0,14.7,6.0,32.0,7.6,6.8,8.3
segment:line-3-civil-036:0003,civil_segment,line-3-civil-036,line-3,elevated,13542.084,31.77330739,31.42552914,30..60cm,27.0,13.0,40.0,45.0,24.0,75.0,27.0,16.0,39.0,1170.0,920.0,1400.0,5.2,1.9,13.5,7.2,5.6,8.4
segment:line-3-civil-036:0003,civil_segment,line-3-civil-036,line-3,elevated,13542.084,31.77330739,31.42552914,60..100cm,28.0,14.0,40.0,44.0,24.0,73.0,27.0,14.0,40.0,1150.0,860.0,1480.0,4.3,1.6,11.2,7.0,4.8,8.4
segment:line-3-civil-036:0004,civil_segment,line-3-civil-036,line-3,elevated,14512.15,31.77730478,31.43284167,0..30cm,25.0,11.0,37.0,48.0,24.0,79.0,27.0,12.0,41.0,1350.0,1140.0,1550.0,11.0,5.0,23.3,7.8,7.1,8.5
segment:line-3-civil-036:0004,civil_segment,line-3-civil-036,line-3,elevated,14512.15,31.77730478,31.43284167,30..60cm,27.0,12.0,39.0,47.0,26.0,80.0,26.0,10.0,38.0,1410.0,1170.0,1640.0,5.3,1.9,11.9,7.8,7.1,8.5
segment:line-3-civil-036:0004,civil_segment,line-3-civil-036,line-3,elevated,14512.15,31.77730478,31.43284167,60..100cm,28.0,13.0,40.0,46.0,25.0,80.0,26.0,10.0,39.0,1420.0,1080.0,1760.0,3.2,1.1,7.0,7.8,7.4,8.4
segment:line-3-civil-036:0005,civil_segment,line-3-civil-036,line-3,elevated,14543.645,31.77748627,31.43306069,0..30cm,25.0,11.0,37.0,48.0,23.0,82.0,27.0,10.0,41.0,1310.0,1100.0,1520.0,13.3,5.0,44.4,7.7,7.0,8.5
segment:line-3-civil-036:0005,civil_segment,line-3-civil-036,line-3,elevated,14543.645,31.77748627,31.43306069,30..60cm,27.0,12.0,39.0,48.0,24.0,82.0,26.0,9.0,38.0,1410.0,1200.0,1640.0,6.8,2.2,16.4,7.6,6.8,8.6
segment:line-3-civil-036:0005,civil_segment,line-3-civil-036,line-3,elevated,14543.645,31.77748627,31.43306069,60..100cm,28.0,12.0,40.0,46.0,22.0,82.0,26.0,8.0,40.0,1440.0,1150.0,1830.0,4.9,1.5,12.9,7.5,6.6,8.6
segment:line-3-civil-036:0006,civil_segment,line-3-civil-036,line-3,elevated,15545.207,31.78157812,31.44051784,0..30cm,26.0,11.0,37.0,47.0,23.0,80.0,27.0,10.0,42.0,1250.0,1030.0,1460.0,13.7,5.4,31.5,7.5,6.7,8.3
segment:line-3-civil-036:0006,civil_segment,line-3-civil-036,line-3,elevated,15545.207,31.78157812,31.44051784,30..60cm,28.0,12.0,39.0,46.0,21.0,82.0,26.0,9.0,38.0,1340.0,1200.0,1540.0,5.5,1.4,14.0,7.3,5.6,8.4
segment:line-3-civil-036:0006,civil_segment,line-3-civil-036,line-3,elevated,15545.207,31.78157812,31.44051784,60..100cm,28.0,12.0,39.0,45.0,24.0,82.0,26.0,8.0,40.0,1350.0,1070.0,1580.0,4.4,1.5,12.7,7.1,5.5,8.4
segment:line-3-civil-036:0007,civil_segment,line-3-civil-036,line-3,elevated,16546.768,31.78567012,31.44797512,0..30cm,26.0,12.0,37.0,46.0,22.0,80.0,28.0,12.0,43.0,1300.0,1050.0,1500.0,12.7,4.3,32.5,7.7,7.0,8.3
segment:line-3-civil-036:0007,civil_segment,line-3-civil-036,line-3,elevated,16546.768,31.78567012,31.44797512,30..60cm,28.0,12.0,41.0,45.0,22.0,80.0,27.0,10.0,40.0,1400.0,1200.0,1640.0,6.8,2.6,15.0,7.6,6.3,8.6
segment:line-3-civil-036:0007,civil_segment,line-3-civil-036,line-3,elevated,16546.768,31.78567012,31.44797512,60..100cm,29.0,14.0,42.0,45.0,22.0,80.0,27.0,9.0,41.0,1420.0,1090.0,1760.0,5.1,1.4,10.3,7.4,6.3,8.4
segment:line-3-civil-036:0008,civil_segment,line-3-civil-036,line-3,elevated,17548.329,31.78967508,31.45535799,0..30cm,24.0,12.0,35.0,48.0,25.0,79.0,28.0,11.0,43.0,1350.0,1140.0,1570.0,6.8,4.0,12.2,8.1,7.7,8.7
segment:line-3-civil-036:0008,civil_segment,line-3-civil-036,line-3,elevated,17548.329,31.78967508,31.45535799,30..60cm,25.0,12.0,37.0,49.0,25.0,80.0,26.0,9.0,43.0,1450.0,1160.0,1660.0,5.4,2.2,12.5,8.3,7.9,9.1
segment:line-3-civil-036:0008,civil_segment,line-3-civil-036,line-3,elevated,17548.329,31.78967508,31.45535799,60..100cm,26.0,14.0,37.0,49.0,25.0,81.0,25.0,6.0,43.0,1480.0,1110.0,1830.0,5.7,1.3,24.5,8.5,7.9,9.5
segment:line-3-civil-036:0009,civil_segment,line-3-civil-036,line-3,elevated,18486.9,31.79350896,31.46223468,0..30cm,25.0,11.0,35.0,47.0,29.0,75.0,28.0,11.0,38.0,1310.0,980.0,1590.0,17.2,6.9,39.8,7.6,6.8,8.5
segment:line-3-civil-036:0009,civil_segment,line-3-civil-036,line-3,elevated,18486.9,31.79350896,31.46223468,30..60cm,26.0,10.0,37.0,48.0,29.0,79.0,25.0,9.0,38.0,1400.0,1160.0,1640.0,11.8,4.9,26.9,7.5,6.3,8.6
segment:line-3-civil-036:0009,civil_segment,line-3-civil-036,line-3,elevated,18486.9,31.79350896,31.46223468,60..100cm,27.0,13.0,39.0,49.0,30.0,78.0,24.0,5.0,38.0,1390.0,940.0,1820.0,11.5,2.2,33.9,7.4,5.7,8.6
segment:line-3-civil-037:0000,civil_segment,line-3-civil-037,line-3,bridge,18486.9,31.79350896,31.46223468,0..30cm,25.0,11.0,35.0,47.0,29.0,75.0,28.0,11.0,38.0,1310.0,980.0,1590.0,17.2,6.9,39.8,7.6,6.8,8.5
segment:line-3-civil-037:0000,civil_segment,line-3-civil-037,line-3,bridge,18486.9,31.79350896,31.46223468,30..60cm,26.0,10.0,37.0,48.0,29.0,79.0,25.0,9.0,38.0,1400.0,1160.0,1640.0,11.8,4.9,26.9,7.5,6.3,8.6
segment:line-3-civil-037:0000,civil_segment,line-3-civil-037,line-3,bridge,18486.9,31.79350896,31.46223468,60..100cm,27.0,13.0,39.0,49.0,30.0,78.0,24.0,5.0,38.0,1390.0,940.0,1820.0,11.5,2.2,33.9,7.4,5.7,8.6
segment:line-3-civil-037:0001,civil_segment,line-3-civil-037,line-3,bridge,18535.2,31.79371957,31.46259469,0..30cm,25.0,11.0,35.0,47.0,29.0,75.0,28.0,11.0,38.0,1310.0,980.0,1590.0,17.2,6.9,39.8,7.6,6.8,8.5
segment:line-3-civil-037:0001,civil_segment,line-3-civil-037,line-3,bridge,18535.2,31.79371957,31.46259469,30..60cm,26.0,10.0,37.0,48.0,29.0,79.0,25.0,9.0,38.0,1400.0,1160.0,1640.0,11.8,4.9,26.9,7.5,6.3,8.6
segment:line-3-civil-037:0001,civil_segment,line-3-civil-037,line-3,bridge,18535.2,31.79371957,31.46259469,60..100cm,27.0,13.0,39.0,49.0,30.0,78.0,24.0,5.0,38.0,1390.0,940.0,1820.0,11.5,2.2,33.9,7.4,5.7,8.6
segment:line-3-civil-037:0002,civil_segment,line-3-civil-037,line-3,bridge,18583.5,31.79393018,31.46295469,0..30cm,25.0,11.0,35.0,47.0,29.0,75.0,28.0,11.0,38.0,1310.0,980.0,1590.0,17.2,6.9,39.8,7.6,6.8,8.5
segment:line-3-civil-037:0002,civil_segment,line-3-civil-037,line-3,bridge,18583.5,31.79393018,31.46295469,30..60cm,26.0,10.0,37.0,48.0,29.0,79.0,25.0,9.0,38.0,1400.0,1160.0,1640.0,11.8,4.9,26.9,7.5,6.3,8.6
segment:line-3-civil-037:0002,civil_segment,line-3-civil-037,line-3,bridge,18583.5,31.79393018,31.46295469,60..100cm,27.0,13.0,39.0,49.0,30.0,78.0,24.0,5.0,38.0,1390.0,940.0,1820.0,11.5,2.2,33.9,7.4,5.7,8.6
segment:line-3-civil-038:0000,civil_segment,line-3-civil-038,line-3,elevated,18583.5,31.79393018,31.46295469,0..30cm,25.0,11.0,35.0,47.0,29.0,75.0,28.0,11.0,38.0,1310.0,980.0,1590.0,17.2,6.9,39.8,7.6,6.8,8.5
segment:line-3-civil-038:0000,civil_segment,line-3-civil-038,line-3,elevated,18583.5,31.79393018,31.46295469,30..60cm,26.0,10.0,37.0,48.0,29.0,79.0,25.0,9.0,38.0,1400.0,1160.0,1640.0,11.8,4.9,26.9,7.5,6.3,8.6
segment:line-3-civil-038:0000,civil_segment,line-3-civil-038,line-3,elevated,18583.5,31.79393018,31.46295469,60..100cm,27.0,13.0,39.0,49.0,30.0,78.0,24.0,5.0,38.0,1390.0,940.0,1820.0,11.5,2.2,33.9,7.4,5.7,8.6
segment:line-3-civil-038:0001,civil_segment,line-3-civil-038,line-3,elevated,19585.139,31.79784826,31.4702633,0..30cm,26.0,13.0,37.0,44.0,21.0,73.0,30.0,14.0,43.0,1330.0,1070.0,1570.0,13.7,5.1,39.5,7.7,6.9,8.5
segment:line-3-civil-038:0001,civil_segment,line-3-civil-038,line-3,elevated,19585.139,31.79784826,31.4702633,30..60cm,28.0,14.0,40.0,44.0,18.0,75.0,28.0,13.0,41.0,1400.0,1100.0,1670.0,9.4,2.7,28.3,7.6,6.3,8.8
segment:line-3-civil-038:0001,civil_segment,line-3-civil-038,line-3,elevated,19585.139,31.79784826,31.4702633,60..100cm,29.0,14.0,41.0,44.0,17.0,77.0,28.0,11.0,43.0,1380.0,870.0,1880.0,12.1,2.6,61.7,7.5,6.2,8.6
segment:line-3-civil-038:0002,civil_segment,line-3-civil-038,line-3,elevated,19640.198,31.79810913,31.47066627,0..30cm,25.0,12.0,35.0,45.0,22.0,71.0,29.0,13.0,43.0,1280.0,970.0,1550.0,15.2,5.5,46.7,7.7,6.9,8.5
segment:line-3-civil-038:0002,civil_segment,line-3-civil-038,line-3,elevated,19640.198,31.79810913,31.47066627,30..60cm,27.0,14.0,39.0,45.0,21.0,72.0,28.0,13.0,42.0,1370.0,1040.0,1680.0,11.3,4.3,40.8,7.6,6.3,8.8
segment:line-3-civil-038:0002,civil_segment,line-3-civil-038,line-3,elevated,19640.198,31.79810913,31.47066627,60..100cm,28.0,14.0,40.0,44.0,17.0,72.0,28.0,13.0,44.0,1370.0,930.0,1840.0,13.3,3.4,37.5,7.6,6.6,8.6
segment:line-3-civil-038:0003,civil_segment,line-3-civil-038,line-3,elevated,20586.778,31.80178331,31.47753716,0..30cm,24.0,12.0,36.0,48.0,26.0,75.0,28.0,11.0,42.0,1350.0,1120.0,1580.0,9.9,3.7,27.8,7.7,7.0,8.5
segment:line-3-civil-038:0003,civil_segment,line-3-civil-038,line-3,elevated,20586.778,31.80178331,31.47753716,30..60cm,26.0,14.0,39.0,48.0,27.0,74.0,26.0,12.0,40.0,1420.0,1150.0,1660.0,7.3,2.3,16.3,7.7,6.5,8.7
segment:line-3-civil-038:0003,civil_segment,line-3-civil-038,line-3,elevated,20586.778,31.80178331,31.47753716,60..100cm,27.0,14.0,39.0,47.0,23.0,74.0,26.0,7.0,42.0,1400.0,1060.0,1760.0,9.9,1.7,33.4,7.7,6.7,8.6
segment:line-3-civil-038:0004,civil_segment,line-3-civil-038,line-3,elevated,20696.896,31.80234973,31.47825058,0..30cm,25.0,11.0,36.0,47.0,26.0,79.0,28.0,12.0,41.0,1380.0,1250.0,1600.0,8.5,4.1,14.2,8.0,7.4,8.7
segment:line-3-civil-038:0004,civil_segment,line-3-civil-038,line-3,elevated,20696.896,31.80234973,31.47825058,30..60cm,26.0,12.0,38.0,47.0,26.0,78.0,26.0,9.0,40.0,1450.0,1210.0,1680.0,5.8,2.4,12.3,8.2,7.7,9.0
segment:line-3-civil-038:0004,civil_segment,line-3-civil-038,line-3,elevated,20696.896,31.80234973,31.47825058,60..100cm,27.0,13.0,39.0,47.0,21.0,81.0,26.0,5.0,41.0,1440.0,1090.0,1770.0,5.9,1.3,23.3,8.3,7.8,9.2
segment:line-3-civil-039:0000,civil_segment,line-3-civil-039,line-3,elevated,20696.896,31.80234973,31.47825058,0..30cm,25.0,11.0,36.0,47.0,26.0,79.0,28.0,12.0,41.0,1380.0,1250.0,1600.0,8.5,4.1,14.2,8.0,7.4,8.7
segment:line-3-civil-039:0000,civil_segment,line-3-civil-039,line-3,elevated,20696.896,31.80234973,31.47825058,30..60cm,26.0,12.0,38.0,47.0,26.0,78.0,26.0,9.0,40.0,1450.0,1210.0,1680.0,5.8,2.4,12.3,8.2,7.7,9.0
segment:line-3-civil-039:0000,civil_segment,line-3-civil-039,line-3,elevated,20696.896,31.80234973,31.47825058,60..100cm,27.0,13.0,39.0,47.0,21.0,81.0,26.0,5.0,41.0,1440.0,1090.0,1770.0,5.9,1.3,23.3,8.3,7.8,9.2
segment:line-3-civil-039:0001,civil_segment,line-3-civil-039,line-3,elevated,20726.898,31.80235727,31.47851772,0..30cm,25.0,11.0,36.0,47.0,26.0,79.0,28.0,12.0,41.0,1380.0,1250.0,1600.0,8.5,4.1,14.2,8.0,7.4,8.7
segment:line-3-civil-039:0001,civil_segment,line-3-civil-039,line-3,elevated,20726.898,31.80235727,31.47851772,30..60cm,26.0,12.0,38.0,47.0,26.0,78.0,26.0,9.0,40.0,1450.0,1210.0,1680.0,5.8,2.4,12.3,8.2,7.7,9.0
segment:line-3-civil-039:0001,civil_segment,line-3-civil-039,line-3,elevated,20726.898,31.80235727,31.47851772,60..100cm,27.0,13.0,39.0,47.0,21.0,81.0,26.0,5.0,41.0,1440.0,1090.0,1770.0,5.9,1.3,23.3,8.3,7.8,9.2
segment:line-3-civil-039:0002,civil_segment,line-3-civil-039,line-3,elevated,20756.9,31.80235727,31.47878753,0..30cm,25.0,11.0,36.0,47.0,26.0,79.0,28.0,12.0,41.0,1380.0,1250.0,1600.0,8.5,4.1,14.2,8.0,7.4,8.7
segment:line-3-civil-039:0002,civil_segment,line-3-civil-039,line-3,elevated,20756.9,31.80235727,31.47878753,30..60cm,26.0,12.0,38.0,47.0,26.0,78.0,26.0,9.0,40.0,1450.0,1210.0,1680.0,5.8,2.4,12.3,8.2,7.7,9.0
segment:line-3-civil-039:0002,civil_segment,line-3-civil-039,line-3,elevated,20756.9,31.80235727,31.47878753,60..100cm,27.0,13.0,39.0,47.0,21.0,81.0,26.0,5.0,41.0,1440.0,1090.0,1770.0,5.9,1.3,23.3,8.3,7.8,9.2
segment:line-3-civil-040:0000,civil_segment,line-3-civil-040,line-3,at-grade,20756.9,31.80235727,31.47878753,0..30cm,25.0,11.0,36.0,47.0,26.0,79.0,28.0,12.0,41.0,1380.0,1250.0,1600.0,8.5,4.1,14.2,8.0,7.4,8.7
segment:line-3-civil-040:0000,civil_segment,line-3-civil-040,line-3,at-grade,20756.9,31.80235727,31.47878753,30..60cm,26.0,12.0,38.0,47.0,26.0,78.0,26.0,9.0,40.0,1450.0,1210.0,1680.0,5.8,2.4,12.3,8.2,7.7,9.0
segment:line-3-civil-040:0000,civil_segment,line-3-civil-040,line-3,at-grade,20756.9,31.80235727,31.47878753,60..100cm,27.0,13.0,39.0,47.0,21.0,81.0,26.0,5.0,41.0,1440.0,1090.0,1770.0,5.9,1.3,23.3,8.3,7.8,9.2
segment:line-3-civil-040:0001,civil_segment,line-3-civil-040,line-3,at-grade,21246.9,31.80235727,31.48319596,0..30cm,25.0,12.0,37.0,48.0,27.0,74.0,27.0,13.0,38.0,1390.0,1210.0,1590.0,7.8,3.6,14.2,8.1,7.4,8.7
segment:line-3-civil-040:0001,civil_segment,line-3-civil-040,line-3,at-grade,21246.9,31.80235727,31.48319596,30..60cm,27.0,14.0,38.0,47.0,27.0,74.0,26.0,12.0,37.0,1470.0,1230.0,1720.0,4.5,2.3,7.7,8.3,7.5,9.0
segment:line-3-civil-040:0001,civil_segment,line-3-civil-040,line-3,at-grade,21246.9,31.80235727,31.48319596,60..100cm,28.0,15.0,39.0,46.0,27.0,74.0,26.0,8.0,39.0,1470.0,1220.0,1770.0,3.9,0.9,11.4,8.4,7.6,9.3
segment:line-3-civil-040:0002,civil_segment,line-3-civil-040,line-3,at-grade,21736.9,31.80340989,31.48670233,0..30cm,25.0,11.0,34.0,48.0,29.0,74.0,28.0,12.0,39.0,1370.0,1210.0,1580.0,6.6,3.1,11.4,8.0,7.4,8.7
segment:line-3-civil-040:0002,civil_segment,line-3-civil-040,line-3,at-grade,21736.9,31.80340989,31.48670233,30..60cm,26.0,11.0,36.0,48.0,28.0,75.0,26.0,10.0,38.0,1460.0,1150.0,1710.0,4.2,2.0,8.9,8.2,7.8,9.0
segment:line-3-civil-040:0002,civil_segment,line-3-civil-040,line-3,at-grade,21736.9,31.80340989,31.48670233,60..100cm,27.0,12.0,37.0,48.0,29.0,77.0,25.0,5.0,38.0,1440.0,1090.0,1880.0,4.6,1.0,13.6,8.2,7.6,9.2
segment:line-3-civil-041:0000,civil_segment,line-3-civil-041,line-3,bridge,21736.9,31.80340989,31.48670233,0..30cm,25.0,11.0,34.0,48.0,29.0,74.0,28.0,12.0,39.0,1370.0,1210.0,1580.0,6.6,3.1,11.4,8.0,7.4,8.7
segment:line-3-civil-041:0000,civil_segment,line-3-civil-041,line-3,bridge,21736.9,31.80340989,31.48670233,30..60cm,26.0,11.0,36.0,48.0,28.0,75.0,26.0,10.0,38.0,1460.0,1150.0,1710.0,4.2,2.0,8.9,8.2,7.8,9.0
segment:line-3-civil-041:0000,civil_segment,line-3-civil-041,line-3,bridge,21736.9,31.80340989,31.48670233,60..100cm,27.0,12.0,37.0,48.0,29.0,77.0,25.0,5.0,38.0,1440.0,1090.0,1880.0,4.6,1.0,13.6,8.2,7.6,9.2
segment:line-3-civil-041:0001,civil_segment,line-3-civil-041,line-3,bridge,21756.9,31.80340989,31.48688254,0..30cm,25.0,11.0,34.0,48.0,29.0,74.0,28.0,12.0,39.0,1370.0,1210.0,1580.0,6.6,3.1,11.4,8.0,7.4,8.7
segment:line-3-civil-041:0001,civil_segment,line-3-civil-041,line-3,bridge,21756.9,31.80340989,31.48688254,30..60cm,26.0,11.0,36.0,48.0,28.0,75.0,26.0,10.0,38.0,1460.0,1150.0,1710.0,4.2,2.0,8.9,8.2,7.8,9.0
segment:line-3-civil-041:0001,civil_segment,line-3-civil-041,line-3,bridge,21756.9,31.80340989,31.48688254,60..100cm,27.0,12.0,37.0,48.0,29.0,77.0,25.0,5.0,38.0,1440.0,1090.0,1880.0,4.6,1.0,13.6,8.2,7.6,9.2
segment:line-3-civil-041:0002,civil_segment,line-3-civil-041,line-3,bridge,21776.9,31.80360518,31.4868954,0..30cm,25.0,11.0,34.0,48.0,29.0,74.0,28.0,12.0,39.0,1370.0,1210.0,1580.0,6.6,3.1,11.4,8.0,7.4,8.7
segment:line-3-civil-041:0002,civil_segment,line-3-civil-041,line-3,bridge,21776.9,31.80360518,31.4868954,30..60cm,26.0,11.0,36.0,48.0,28.0,75.0,26.0,10.0,38.0,1460.0,1150.0,1710.0,4.2,2.0,8.9,8.2,7.8,9.0
segment:line-3-civil-041:0002,civil_segment,line-3-civil-041,line-3,bridge,21776.9,31.80360518,31.4868954,60..100cm,27.0,12.0,37.0,48.0,29.0,77.0,25.0,5.0,38.0,1440.0,1090.0,1880.0,4.6,1.0,13.6,8.2,7.6,9.2
segment:line-3-civil-042:0000,civil_segment,line-3-civil-042,line-3,at-grade,21776.9,31.80360518,31.4868954,0..30cm,25.0,11.0,34.0,48.0,29.0,74.0,28.0,12.0,39.0,1370.0,1210.0,1580.0,6.6,3.1,11.4,8.0,7.4,8.7
segment:line-3-civil-042:0000,civil_segment,line-3-civil-042,line-3,at-grade,21776.9,31.80360518,31.4868954,30..60cm,26.0,11.0,36.0,48.0,28.0,75.0,26.0,10.0,38.0,1460.0,1150.0,1710.0,4.2,2.0,8.9,8.2,7.8,9.0
segment:line-3-civil-042:0000,civil_segment,line-3-civil-042,line-3,at-grade,21776.9,31.80360518,31.4868954,60..100cm,27.0,12.0,37.0,48.0,29.0,77.0,25.0,5.0,38.0,1440.0,1090.0,1880.0,4.6,1.0,13.6,8.2,7.6,9.2
segment:line-3-civil-042:0001,civil_segment,line-3-civil-042,line-3,at-grade,22496.9,31.80887422,31.48887502,0..30cm,24.0,11.0,35.0,51.0,30.0,74.0,25.0,12.0,38.0,1400.0,1110.0,1660.0,5.5,2.3,11.7,8.2,7.6,8.8
segment:line-3-civil-042:0001,civil_segment,line-3-civil-042,line-3,at-grade,22496.9,31.80887422,31.48887502,30..60cm,26.0,12.0,37.0,50.0,28.0,75.0,24.0,12.0,38.0,1450.0,1220.0,1720.0,2.9,1.3,6.5,8.3,7.7,9.1
segment:line-3-civil-042:0001,civil_segment,line-3-civil-042,line-3,at-grade,22496.9,31.80887422,31.48887502,60..100cm,27.0,14.0,39.0,49.0,27.0,74.0,24.0,10.0,39.0,1420.0,1110.0,1700.0,3.2,1.0,8.5,8.4,7.6,9.3
segment:line-3-civil-042:0002,civil_segment,line-3-civil-042,line-3,at-grade,22776.72,31.81118976,31.48941492,0..30cm,25.0,13.0,34.0,48.0,26.0,71.0,28.0,15.0,39.0,1410.0,1170.0,1620.0,5.3,2.1,9.9,8.2,7.6,8.8
segment:line-3-civil-042:0002,civil_segment,line-3-civil-042,line-3,at-grade,22776.72,31.81118976,31.48941492,30..60cm,26.0,16.0,35.0,47.0,24.0,73.0,26.0,15.0,40.0,1470.0,1250.0,1720.0,3.3,1.3,8.3,8.3,7.7,9.1
segment:line-3-civil-042:0002,civil_segment,line-3-civil-042,line-3,at-grade,22776.72,31.81118976,31.48941492,60..100cm,27.0,18.0,37.0,47.0,24.0,72.0,26.0,11.0,40.0,1440.0,1150.0,1670.0,3.4,1.0,10.5,8.4,7.7,9.3
segment:line-3-civil-042:0003,civil_segment,line-3-civil-042,line-3,at-grade,23216.9,31.81477338,31.49031475,0..30cm,26.0,16.0,36.0,46.0,24.0,68.0,28.0,15.0,43.0,1400.0,1170.0,1580.0,5.6,2.4,10.0,8.2,7.6,8.8
segment:line-3-civil-042:0003,civil_segment,line-3-civil-042,line-3,at-grade,23216.9,31.81477338,31.49031475,30..60cm,28.0,16.0,39.0,45.0,23.0,70.0,28.0,16.0,41.0,1480.0,1250.0,1720.0,3.6,1.3,8.7,8.3,7.6,9.0
segment:line-3-civil-042:0003,civil_segment,line-3-civil-042,line-3,at-grade,23216.9,31.81477338,31.49031475,60..100cm,28.0,18.0,39.0,44.0,23.0,65.0,27.0,11.0,42.0,1460.0,1170.0,1760.0,3.7,1.1,10.4,8.3,7.6,9.3
segment:line-3-civil-043:0000,civil_segment,line-3-civil-043,line-3,elevated,23216.9,31.81477338,31.49031475,0..30cm,26.0,16.0,36.0,46.0,24.0,68.0,28.0,15.0,43.0,1400.0,1170.0,1580.0,5.6,2.4,10.0,8.2,7.6,8.8
segment:line-3-civil-043:0000,civil_segment,line-3-civil-043,line-3,elevated,23216.9,31.81477338,31.49031475,30..60cm,28.0,16.0,39.0,45.0,23.0,70.0,28.0,16.0,41.0,1480.0,1250.0,1720.0,3.6,1.3,8.7,8.3,7.6,9.0
segment:line-3-civil-043:0000,civil_segment,line-3-civil-043,line-3,elevated,23216.9,31.81477338,31.49031475,60..100cm,28.0,18.0,39.0,44.0,23.0,65.0,27.0,11.0,42.0,1460.0,1170.0,1760.0,3.7,1.1,10.4,8.3,7.6,9.3
segment:line-3-civil-043:0001,civil_segment,line-3-civil-043,line-3,elevated,23226.898,31.81487874,31.49031475,0..30cm,26.0,16.0,36.0,46.0,24.0,68.0,28.0,15.0,43.0,1400.0,1170.0,1580.0,5.6,2.4,10.0,8.2,7.6,8.8
segment:line-3-civil-043:0001,civil_segment,line-3-civil-043,line-3,elevated,23226.898,31.81487874,31.49031475,30..60cm,28.0,16.0,39.0,45.0,23.0,70.0,28.0,16.0,41.0,1480.0,1250.0,1720.0,3.6,1.3,8.7,8.3,7.6,9.0
segment:line-3-civil-043:0001,civil_segment,line-3-civil-043,line-3,elevated,23226.898,31.81487874,31.49031475,60..100cm,28.0,18.0,39.0,44.0,23.0,65.0,27.0,11.0,42.0,1460.0,1170.0,1760.0,3.7,1.1,10.4,8.3,7.6,9.3
segment:line-3-civil-043:0002,civil_segment,line-3-civil-043,line-3,elevated,23236.896,31.8149841,31.49031475,0..30cm,26.0,16.0,36.0,46.0,24.0,68.0,28.0,15.0,43.0,1400.0,1170.0,1580.0,5.6,2.4,10.0,8.2,7.6,8.8
segment:line-3-civil-043:0002,civil_segment,line-3-civil-043,line-3,elevated,23236.896,31.8149841,31.49031475,30..60cm,28.0,16.0,39.0,45.0,23.0,70.0,28.0,16.0,41.0,1480.0,1250.0,1720.0,3.6,1.3,8.7,8.3,7.6,9.0
segment:line-3-civil-043:0002,civil_segment,line-3-civil-043,line-3,elevated,23236.896,31.8149841,31.49031475,60..100cm,28.0,18.0,39.0,44.0,23.0,65.0,27.0,11.0,42.0,1460.0,1170.0,1760.0,3.7,1.1,10.4,8.3,7.6,9.3
segment:line-3-civil-044:0000,civil_segment,line-3-civil-044,line-3,elevated,23236.896,31.8149841,31.49031475,0..30cm,26.0,16.0,36.0,46.0,24.0,68.0,28.0,15.0,43.0,1400.0,1170.0,1580.0,5.6,2.4,10.0,8.2,7.6,8.8
segment:line-3-civil-044:0000,civil_segment,line-3-civil-044,line-3,elevated,23236.896,31.8149841,31.49031475,30..60cm,28.0,16.0,39.0,45.0,23.0,70.0,28.0,16.0,41.0,1480.0,1250.0,1720.0,3.6,1.3,8.7,8.3,7.6,9.0
segment:line-3-civil-044:0000,civil_segment,line-3-civil-044,line-3,elevated,23236.896,31.8149841,31.49031475,60..100cm,28.0,18.0,39.0,44.0,23.0,65.0,27.0,11.0,42.0,1460.0,1170.0,1760.0,3.7,1.1,10.4,8.3,7.6,9.3
segment:line-3-civil-044:0001,civil_segment,line-3-civil-044,line-3,elevated,23256.896,31.81519444,31.49031475,0..30cm,26.0,12.0,35.0,45.0,24.0,73.0,29.0,14.0,42.0,1390.0,1130.0,1590.0,6.0,3.1,12.7,8.2,7.4,8.7
segment:line-3-civil-044:0001,civil_segment,line-3-civil-044,line-3,elevated,23256.896,31.81519444,31.49031475,30..60cm,28.0,15.0,38.0,45.0,22.0,75.0,27.0,10.0,42.0,1480.0,1210.0,1740.0,3.8,1.4,8.3,8.2,7.6,9.1
segment:line-3-civil-044:0001,civil_segment,line-3-civil-044,line-3,elevated,23256.896,31.81519444,31.49031475,60..100cm,28.0,16.0,39.0,45.0,22.0,75.0,27.0,9.0,42.0,1470.0,1140.0,1780.0,3.8,1.1,12.6,8.3,7.5,9.3
segment:line-3-civil-044:0002,civil_segment,line-3-civil-044,line-3,elevated,23276.896,31.81519929,31.49049084,0..30cm,26.0,12.0,35.0,45.0,24.0,73.0,29.0,14.0,42.0,1390.0,1130.0,1590.0,6.0,3.1,12.7,8.2,7.4,8.7
segment:line-3-civil-044:0002,civil_segment,line-3-civil-044,line-3,elevated,23276.896,31.81519929,31.49049084,30..60cm,28.0,15.0,38.0,45.0,22.0,75.0,27.0,10.0,42.0,1480.0,1210.0,1740.0,3.8,1.4,8.3,8.2,7.6,9.1
segment:line-3-civil-044:0002,civil_segment,line-3-civil-044,line-3,elevated,23276.896,31.81519929,31.49049084,60..100cm,28.0,16.0,39.0,45.0,22.0,75.0,27.0,9.0,42.0,1470.0,1140.0,1780.0,3.8,1.1,12.6,8.3,7.5,9.3
segment:line-3-civil-045:0000,civil_segment,line-3-civil-045,line-3,elevated,23276.896,31.81519929,31.49049084,0..30cm,26.0,12.0,35.0,45.0,24.0,73.0,29.0,14.0,42.0,1390.0,1130.0,1590.0,6.0,3.1,12.7,8.2,7.4,8.7
segment:line-3-civil-045:0000,civil_segment,line-3-civil-045,line-3,elevated,23276.896,31.81519929,31.49049084,30..60cm,28.0,15.0,38.0,45.0,22.0,75.0,27.0,10.0,42.0,1480.0,1210.0,1740.0,3.8,1.4,8.3,8.2,7.6,9.1
segment:line-3-civil-045:0000,civil_segment,line-3-civil-045,line-3,elevated,23276.896,31.81519929,31.49049084,60..100cm,28.0,16.0,39.0,45.0,22.0,75.0,27.0,9.0,42.0,1470.0,1140.0,1780.0,3.8,1.1,12.6,8.3,7.5,9.3
segment:line-3-civil-045:0001,civil_segment,line-3-civil-045,line-3,elevated,23286.896,31.81530013,31.49049472,0..30cm,26.0,12.0,35.0,45.0,24.0,73.0,29.0,14.0,42.0,1390.0,1130.0,1590.0,6.0,3.1,12.7,8.2,7.4,8.7
segment:line-3-civil-045:0001,civil_segment,line-3-civil-045,line-3,elevated,23286.896,31.81530013,31.49049472,30..60cm,28.0,15.0,38.0,45.0,22.0,75.0,27.0,10.0,42.0,1480.0,1210.0,1740.0,3.8,1.4,8.3,8.2,7.6,9.1
segment:line-3-civil-045:0001,civil_segment,line-3-civil-045,line-3,elevated,23286.896,31.81530013,31.49049472,60..100cm,28.0,16.0,39.0,45.0,22.0,75.0,27.0,9.0,42.0,1470.0,1140.0,1780.0,3.8,1.1,12.6,8.3,7.5,9.3
segment:line-3-civil-045:0002,civil_segment,line-3-civil-045,line-3,elevated,23296.896,31.81540551,31.49049472,0..30cm,26.0,12.0,35.0,45.0,24.0,73.0,29.0,14.0,42.0,1390.0,1130.0,1590.0,6.0,3.1,12.7,8.2,7.4,8.7
segment:line-3-civil-045:0002,civil_segment,line-3-civil-045,line-3,elevated,23296.896,31.81540551,31.49049472,30..60cm,28.0,15.0,38.0,45.0,22.0,75.0,27.0,10.0,42.0,1480.0,1210.0,1740.0,3.8,1.4,8.3,8.2,7.6,9.1
segment:line-3-civil-045:0002,civil_segment,line-3-civil-045,line-3,elevated,23296.896,31.81540551,31.49049472,60..100cm,28.0,16.0,39.0,45.0,22.0,75.0,27.0,9.0,42.0,1470.0,1140.0,1780.0,3.8,1.1,12.6,8.3,7.5,9.3
segment:line-3-civil-046:0000,civil_segment,line-3-civil-046,line-3,elevated,23296.896,31.81540551,31.49049472,0..30cm,26.0,12.0,35.0,45.0,24.0,73.0,29.0,14.0,42.0,1390.0,1130.0,1590.0,6.0,3.1,12.7,8.2,7.4,8.7
segment:line-3-civil-046:0000,civil_segment,line-3-civil-046,line-3,elevated,23296.896,31.81540551,31.49049472,30..60cm,28.0,15.0,38.0,45.0,22.0,75.0,27.0,10.0,42.0,1480.0,1210.0,1740.0,3.8,1.4,8.3,8.2,7.6,9.1
segment:line-3-civil-046:0000,civil_segment,line-3-civil-046,line-3,elevated,23296.896,31.81540551,31.49049472,60..100cm,28.0,16.0,39.0,45.0,22.0,75.0,27.0,9.0,42.0,1470.0,1140.0,1780.0,3.8,1.1,12.6,8.3,7.5,9.3
segment:line-3-civil-046:0001,civil_segment,line-3-civil-046,line-3,elevated,23336.896,31.81562034,31.49067146,0..30cm,26.0,12.0,35.0,45.0,24.0,73.0,29.0,14.0,42.0,1390.0,1130.0,1590.0,6.0,3.1,12.7,8.2,7.4,8.7
segment:line-3-civil-046:0001,civil_segment,line-3-civil-046,line-3,elevated,23336.896,31.81562034,31.49067146,30..60cm,28.0,15.0,38.0,45.0,22.0,75.0,27.0,10.0,42.0,1480.0,1210.0,1740.0,3.8,1.4,8.3,8.2,7.6,9.1
segment:line-3-civil-046:0001,civil_segment,line-3-civil-046,line-3,elevated,23336.896,31.81562034,31.49067146,60..100cm,28.0,16.0,39.0,45.0,22.0,75.0,27.0,9.0,42.0,1470.0,1140.0,1780.0,3.8,1.1,12.6,8.3,7.5,9.3
segment:line-3-civil-046:0002,civil_segment,line-3-civil-046,line-3,elevated,23376.896,31.81603768,31.49067469,0..30cm,27.0,15.0,37.0,44.0,24.0,69.0,29.0,15.0,42.0,1380.0,1170.0,1620.0,6.9,3.4,11.6,8.0,7.4,8.7
segment:line-3-civil-046:0002,civil_segment,line-3-civil-046,line-3,elevated,23376.896,31.81603768,31.49067469,30..60cm,28.0,15.0,38.0,44.0,21.0,70.0,28.0,14.0,42.0,1480.0,1210.0,1780.0,4.3,1.8,8.0,8.2,7.2,8.9
segment:line-3-civil-046:0002,civil_segment,line-3-civil-046,line-3,elevated,23376.896,31.81603768,31.49067469,60..100cm,29.0,17.0,39.0,44.0,21.0,74.0,27.0,9.0,41.0,1470.0,1110.0,1890.0,3.9,1.1,13.7,8.2,7.4,9.3
segment:line-3-civil-047:0000,civil_segment,line-3-civil-047,line-3,elevated,23376.896,31.81603768,31.49067469,0..30cm,27.0,15.0,37.0,44.0,24.0,69.0,29.0,15.0,42.0,1380.0,1170.0,1620.0,6.9,3.4,11.6,8.0,7.4,8.7
segment:line-3-civil-047:0000,civil_segment,line-3-civil-047,line-3,elevated,23376.896,31.81603768,31.49067469,30..60cm,28.0,15.0,38.0,44.0,21.0,70.0,28.0,14.0,42.0,1480.0,1210.0,1780.0,4.3,1.8,8.0,8.2,7.2,8.9
segment:line-3-civil-047:0000,civil_segment,line-3-civil-047,line-3,elevated,23376.896,31.81603768,31.49067469,60..100cm,29.0,17.0,39.0,44.0,21.0,74.0,27.0,9.0,41.0,1470.0,1110.0,1890.0,3.9,1.1,13.7,8.2,7.4,9.3
segment:line-3-civil-047:0001,civil_segment,line-3-civil-047,line-3,elevated,23386.896,31.81604139,31.49076144,0..30cm,27.0,15.0,37.0,44.0,24.0,69.0,29.0,15.0,42.0,1380.0,1170.0,1620.0,6.9,3.4,11.6,8.0,7.4,8.7
segment:line-3-civil-047:0001,civil_segment,line-3-civil-047,line-3,elevated,23386.896,31.81604139,31.49076144,30..60cm,28.0,15.0,38.0,44.0,21.0,70.0,28.0,14.0,42.0,1480.0,1210.0,1780.0,4.3,1.8,8.0,8.2,7.2,8.9
segment:line-3-civil-047:0001,civil_segment,line-3-civil-047,line-3,elevated,23386.896,31.81604139,31.49076144,60..100cm,29.0,17.0,39.0,44.0,21.0,74.0,27.0,9.0,41.0,1470.0,1110.0,1890.0,3.9,1.1,13.7,8.2,7.4,9.3
segment:line-3-civil-047:0002,civil_segment,line-3-civil-047,line-3,elevated,23396.896,31.81604139,31.49085137,0..30cm,27.0,15.0,37.0,44.0,24.0,69.0,29.0,15.0,42.0,1380.0,1170.0,1620.0,6.9,3.4,11.6,8.0,7.4,8.7
segment:line-3-civil-047:0002,civil_segment,line-3-civil-047,line-3,elevated,23396.896,31.81604139,31.49085137,30..60cm,28.0,15.0,38.0,44.0,21.0,70.0,28.0,14.0,42.0,1480.0,1210.0,1780.0,4.3,1.8,8.0,8.2,7.2,8.9
segment:line-3-civil-047:0002,civil_segment,line-3-civil-047,line-3,elevated,23396.896,31.81604139,31.49085137,60..100cm,29.0,17.0,39.0,44.0,21.0,74.0,27.0,9.0,41.0,1470.0,1110.0,1890.0,3.9,1.1,13.7,8.2,7.4,9.3
segment:line-3-civil-048:0000,civil_segment,line-3-civil-048,line-3,elevated,23396.896,31.81604139,31.49085137,0..30cm,27.0,15.0,37.0,44.0,24.0,69.0,29.0,15.0,42.0,1380.0,1170.0,1620.0,6.9,3.4,11.6,8.0,7.4,8.7
segment:line-3-civil-048:0000,civil_segment,line-3-civil-048,line-3,elevated,23396.896,31.81604139,31.49085137,30..60cm,28.0,15.0,38.0,44.0,21.0,70.0,28.0,14.0,42.0,1480.0,1210.0,1780.0,4.3,1.8,8.0,8.2,7.2,8.9
segment:line-3-civil-048:0000,civil_segment,line-3-civil-048,line-3,elevated,23396.896,31.81604139,31.49085137,60..100cm,29.0,17.0,39.0,44.0,21.0,74.0,27.0,9.0,41.0,1470.0,1110.0,1890.0,3.9,1.1,13.7,8.2,7.4,9.3
segment:line-3-civil-048:0001,civil_segment,line-3-civil-048,line-3,elevated,23416.896,31.81624833,31.49085465,0..30cm,27.0,15.0,37.0,44.0,24.0,69.0,29.0,15.0,42.0,1380.0,1170.0,1620.0,6.9,3.4,11.6,8.0,7.4,8.7
segment:line-3-civil-048:0001,civil_segment,line-3-civil-048,line-3,elevated,23416.896,31.81624833,31.49085465,30..60cm,28.0,15.0,38.0,44.0,21.0,70.0,28.0,14.0,42.0,1480.0,1210.0,1780.0,4.3,1.8,8.0,8.2,7.2,8.9
segment:line-3-civil-048:0001,civil_segment,line-3-civil-048,line-3,elevated,23416.896,31.81624833,31.49085465,60..100cm,29.0,17.0,39.0,44.0,21.0,74.0,27.0,9.0,41.0,1470.0,1110.0,1890.0,3.9,1.1,13.7,8.2,7.4,9.3
segment:line-3-civil-048:0002,civil_segment,line-3-civil-048,line-3,elevated,23436.896,31.81645909,31.49085465,0..30cm,27.0,15.0,37.0,44.0,24.0,69.0,29.0,15.0,42.0,1380.0,1170.0,1620.0,6.9,3.4,11.6,8.0,7.4,8.7
segment:line-3-civil-048:0002,civil_segment,line-3-civil-048,line-3,elevated,23436.896,31.81645909,31.49085465,30..60cm,28.0,15.0,38.0,44.0,21.0,70.0,28.0,14.0,42.0,1480.0,1210.0,1780.0,4.3,1.8,8.0,8.2,7.2,8.9
segment:line-3-civil-048:0002,civil_segment,line-3-civil-048,line-3,elevated,23436.896,31.81645909,31.49085465,60..100cm,29.0,17.0,39.0,44.0,21.0,74.0,27.0,9.0,41.0,1470.0,1110.0,1890.0,3.9,1.1,13.7,8.2,7.4,9.3
segment:line-3-civil-049:0000,civil_segment,line-3-civil-049,line-3,elevated,23436.896,31.81645909,31.49085465,0..30cm,27.0,15.0,37.0,44.0,24.0,69.0,29.0,15.0,42.0,1380.0,1170.0,1620.0,6.9,3.4,11.6,8.0,7.4,8.7
segment:line-3-civil-049:0000,civil_segment,line-3-civil-049,line-3,elevated,23436.896,31.81645909,31.49085465,30..60cm,28.0,15.0,38.0,44.0,21.0,70.0,28.0,14.0,42.0,1480.0,1210.0,1780.0,4.3,1.8,8.0,8.2,7.2,8.9
segment:line-3-civil-049:0000,civil_segment,line-3-civil-049,line-3,elevated,23436.896,31.81645909,31.49085465,60..100cm,29.0,17.0,39.0,44.0,21.0,74.0,27.0,9.0,41.0,1470.0,1110.0,1890.0,3.9,1.1,13.7,8.2,7.4,9.3
segment:line-3-civil-049:0001,civil_segment,line-3-civil-049,line-3,elevated,23446.896,31.81656447,31.49085465,0..30cm,27.0,15.0,37.0,44.0,24.0,69.0,29.0,15.0,42.0,1380.0,1170.0,1620.0,6.9,3.4,11.6,8.0,7.4,8.7
segment:line-3-civil-049:0001,civil_segment,line-3-civil-049,line-3,elevated,23446.896,31.81656447,31.49085465,30..60cm,28.0,15.0,38.0,44.0,21.0,70.0,28.0,14.0,42.0,1480.0,1210.0,1780.0,4.3,1.8,8.0,8.2,7.2,8.9
segment:line-3-civil-049:0001,civil_segment,line-3-civil-049,line-3,elevated,23446.896,31.81656447,31.49085465,60..100cm,29.0,17.0,39.0,44.0,21.0,74.0,27.0,9.0,41.0,1470.0,1110.0,1890.0,3.9,1.1,13.7,8.2,7.4,9.3
segment:line-3-civil-049:0002,civil_segment,line-3-civil-049,line-3,elevated,23456.896,31.81666985,31.49085465,0..30cm,27.0,15.0,37.0,44.0,24.0,69.0,29.0,15.0,42.0,1380.0,1170.0,1620.0,6.9,3.4,11.6,8.0,7.4,8.7
segment:line-3-civil-049:0002,civil_segment,line-3-civil-049,line-3,elevated,23456.896,31.81666985,31.49085465,30..60cm,28.0,15.0,38.0,44.0,21.0,70.0,28.0,14.0,42.0,1480.0,1210.0,1780.0,4.3,1.8,8.0,8.2,7.2,8.9
segment:line-3-civil-049:0002,civil_segment,line-3-civil-049,line-3,elevated,23456.896,31.81666985,31.49085465,60..100cm,29.0,17.0,39.0,44.0,21.0,74.0,27.0,9.0,41.0,1470.0,1110.0,1890.0,3.9,1.1,13.7,8.2,7.4,9.3
segment:line-3-civil-050:0000,civil_segment,line-3-civil-050,line-3,elevated,23456.896,31.81666985,31.49085465,0..30cm,27.0,15.0,37.0,44.0,24.0,69.0,29.0,15.0,42.0,1380.0,1170.0,1620.0,6.9,3.4,11.6,8.0,7.4,8.7
segment:line-3-civil-050:0000,civil_segment,line-3-civil-050,line-3,elevated,23456.896,31.81666985,31.49085465,30..60cm,28.0,15.0,38.0,44.0,21.0,70.0,28.0,14.0,42.0,1480.0,1210.0,1780.0,4.3,1.8,8.0,8.2,7.2,8.9
segment:line-3-civil-050:0000,civil_segment,line-3-civil-050,line-3,elevated,23456.896,31.81666985,31.49085465,60..100cm,29.0,17.0,39.0,44.0,21.0,74.0,27.0,9.0,41.0,1470.0,1110.0,1890.0,3.9,1.1,13.7,8.2,7.4,9.3
segment:line-3-civil-050:0001,civil_segment,line-3-civil-050,line-3,elevated,23476.896,31.81688019,31.49085465,0..30cm,27.0,15.0,37.0,44.0,24.0,69.0,29.0,15.0,42.0,1380.0,1170.0,1620.0,6.9,3.4,11.6,8.0,7.4,8.7
segment:line-3-civil-050:0001,civil_segment,line-3-civil-050,line-3,elevated,23476.896,31.81688019,31.49085465,30..60cm,28.0,15.0,38.0,44.0,21.0,70.0,28.0,14.0,42.0,1480.0,1210.0,1780.0,4.3,1.8,8.0,8.2,7.2,8.9
segment:line-3-civil-050:0001,civil_segment,line-3-civil-050,line-3,elevated,23476.896,31.81688019,31.49085465,60..100cm,29.0,17.0,39.0,44.0,21.0,74.0,27.0,9.0,41.0,1470.0,1110.0,1890.0,3.9,1.1,13.7,8.2,7.4,9.3
segment:line-3-civil-050:0002,civil_segment,line-3-civil-050,line-3,elevated,23496.896,31.81688349,31.49103206,0..30cm,25.0,15.0,34.0,47.0,31.0,68.0,28.0,15.0,39.0,1410.0,1140.0,1580.0,5.6,2.7,10.0,8.2,7.7,8.7
segment:line-3-civil-050:0002,civil_segment,line-3-civil-050,line-3,elevated,23496.896,31.81688349,31.49103206,30..60cm,27.0,17.0,35.0,46.0,25.0,65.0,26.0,15.0,40.0,1480.0,1250.0,1720.0,3.6,1.3,8.3,8.3,7.6,9.0
segment:line-3-civil-050:0002,civil_segment,line-3-civil-050,line-3,elevated,23496.896,31.81688349,31.49103206,60..100cm,27.0,17.0,37.0,47.0,24.0,63.0,26.0,12.0,40.0,1470.0,1230.0,1700.0,3.8,1.3,12.8,8.3,7.6,9.3
segment:line-3-civil-051:0000,civil_segment,line-3-civil-051,line-3,elevated,23496.896,31.81688349,31.49103206,0..30cm,25.0,15.0,34.0,47.0,31.0,68.0,28.0,15.0,39.0,1410.0,1140.0,1580.0,5.6,2.7,10.0,8.2,7.7,8.7
segment:line-3-civil-051:0000,civil_segment,line-3-civil-051,line-3,elevated,23496.896,31.81688349,31.49103206,30..60cm,27.0,17.0,35.0,46.0,25.0,65.0,26.0,15.0,40.0,1480.0,1250.0,1720.0,3.6,1.3,8.3,8.3,7.6,9.0
segment:line-3-civil-051:0000,civil_segment,line-3-civil-051,line-3,elevated,23496.896,31.81688349,31.49103206,60..100cm,27.0,17.0,37.0,47.0,24.0,63.0,26.0,12.0,40.0,1470.0,1230.0,1700.0,3.8,1.3,12.8,8.3,7.6,9.3
segment:line-3-civil-051:0001,civil_segment,line-3-civil-051,line-3,elevated,23526.896,31.81719622,31.49103462,0..30cm,27.0,18.0,36.0,42.0,24.0,64.0,30.0,20.0,41.0,1380.0,1210.0,1590.0,6.8,3.8,11.3,8.0,7.4,8.7
segment:line-3-civil-051:0001,civil_segment,line-3-civil-051,line-3,elevated,23526.896,31.81719622,31.49103462,30..60cm,29.0,19.0,38.0,42.0,21.0,65.0,29.0,18.0,40.0,1470.0,1230.0,1720.0,4.5,1.5,8.5,8.2,7.5,8.9
segment:line-3-civil-051:0001,civil_segment,line-3-civil-051,line-3,elevated,23526.896,31.81719622,31.49103462,60..100cm,29.0,19.0,39.0,43.0,21.0,64.0,28.0,14.0,40.0,1450.0,1110.0,1850.0,3.9,1.2,13.6,8.2,7.5,9.2
segment:line-3-civil-051:0002,civil_segment,line-3-civil-051,line-3,elevated,23556.896,31.81730454,31.49121232,0..30cm,27.0,18.0,36.0,42.0,24.0,64.0,30.0,20.0,41.0,1380.0,1210.0,1590.0,6.8,3.8,11.3,8.0,7.4,8.7
segment:line-3-civil-051:0002,civil_segment,line-3-civil-051,line-3,elevated,23556.896,31.81730454,31.49121232,30..60cm,29.0,19.0,38.0,42.0,21.0,65.0,29.0,18.0,40.0,1470.0,1230.0,1720.0,4.5,1.5,8.5,8.2,7.5,8.9
segment:line-3-civil-051:0002,civil_segment,line-3-civil-051,line-3,elevated,23556.896,31.81730454,31.49121232,60..100cm,29.0,19.0,39.0,43.0,21.0,64.0,28.0,14.0,40.0,1450.0,1110.0,1850.0,3.9,1.2,13.6,8.2,7.5,9.2
segment:line-3-civil-052:0000,civil_segment,line-3-civil-052,line-3,elevated,23556.896,31.81730454,31.49121232,0..30cm,27.0,18.0,36.0,42.0,24.0,64.0,30.0,20.0,41.0,1380.0,1210.0,1590.0,6.8,3.8,11.3,8.0,7.4,8.7
segment:line-3-civil-052:0000,civil_segment,line-3-civil-052,line-3,elevated,23556.896,31.81730454,31.49121232,30..60cm,29.0,19.0,38.0,42.0,21.0,65.0,29.0,18.0,40.0,1470.0,1230.0,1720.0,4.5,1.5,8.5,8.2,7.5,8.9
segment:line-3-civil-052:0000,civil_segment,line-3-civil-052,line-3,elevated,23556.896,31.81730454,31.49121232,60..100cm,29.0,19.0,39.0,43.0,21.0,64.0,28.0,14.0,40.0,1450.0,1110.0,1850.0,3.9,1.2,13.6,8.2,7.5,9.2
segment:line-3-civil-052:0001,civil_segment,line-3-civil-052,line-3,elevated,23576.896,31.81751267,31.49121458,0..30cm,27.0,18.0,36.0,42.0,24.0,64.0,30.0,20.0,41.0,1380.0,1210.0,1590.0,6.8,3.8,11.3,8.0,7.4,8.7
segment:line-3-civil-052:0001,civil_segment,line-3-civil-052,line-3,elevated,23576.896,31.81751267,31.49121458,30..60cm,29.0,19.0,38.0,42.0,21.0,65.0,29.0,18.0,40.0,1470.0,1230.0,1720.0,4.5,1.5,8.5,8.2,7.5,8.9
segment:line-3-civil-052:0001,civil_segment,line-3-civil-052,line-3,elevated,23576.896,31.81751267,31.49121458,60..100cm,29.0,19.0,39.0,43.0,21.0,64.0,28.0,14.0,40.0,1450.0,1110.0,1850.0,3.9,1.2,13.6,8.2,7.5,9.2
segment:line-3-civil-052:0002,civil_segment,line-3-civil-052,line-3,elevated,23596.896,31.81772343,31.49121458,0..30cm,27.0,18.0,36.0,42.0,24.0,64.0,30.0,20.0,41.0,1380.0,1210.0,1590.0,6.8,3.8,11.3,8.0,7.4,8.7
segment:line-3-civil-052:0002,civil_segment,line-3-civil-052,line-3,elevated,23596.896,31.81772343,31.49121458,30..60cm,29.0,19.0,38.0,42.0,21.0,65.0,29.0,18.0,40.0,1470.0,1230.0,1720.0,4.5,1.5,8.5,8.2,7.5,8.9
segment:line-3-civil-052:0002,civil_segment,line-3-civil-052,line-3,elevated,23596.896,31.81772343,31.49121458,60..100cm,29.0,19.0,39.0,43.0,21.0,64.0,28.0,14.0,40.0,1450.0,1110.0,1850.0,3.9,1.2,13.6,8.2,7.5,9.2
segment:line-3-civil-053:0000,civil_segment,line-3-civil-053,line-3,elevated,23596.896,31.81772343,31.49121458,0..30cm,27.0,18.0,36.0,42.0,24.0,64.0,30.0,20.0,41.0,1380.0,1210.0,1590.0,6.8,3.8,11.3,8.0,7.4,8.7
segment:line-3-civil-053:0000,civil_segment,line-3-civil-053,line-3,elevated,23596.896,31.81772343,31.49121458,30..60cm,29.0,19.0,38.0,42.0,21.0,65.0,29.0,18.0,40.0,1470.0,1230.0,1720.0,4.5,1.5,8.5,8.2,7.5,8.9
segment:line-3-civil-053:0000,civil_segment,line-3-civil-053,line-3,elevated,23596.896,31.81772343,31.49121458,60..100cm,29.0,19.0,39.0,43.0,21.0,64.0,28.0,14.0,40.0,1450.0,1110.0,1850.0,3.9,1.2,13.6,8.2,7.5,9.2
segment:line-3-civil-053:0001,civil_segment,line-3-civil-053,line-3,elevated,23606.896,31.81782881,31.49121458,0..30cm,27.0,18.0,36.0,42.0,24.0,64.0,30.0,20.0,41.0,1380.0,1210.0,1590.0,6.8,3.8,11.3,8.0,7.4,8.7
segment:line-3-civil-053:0001,civil_segment,line-3-civil-053,line-3,elevated,23606.896,31.81782881,31.49121458,30..60cm,29.0,19.0,38.0,42.0,21.0,65.0,29.0,18.0,40.0,1470.0,1230.0,1720.0,4.5,1.5,8.5,8.2,7.5,8.9
segment:line-3-civil-053:0001,civil_segment,line-3-civil-053,line-3,elevated,23606.896,31.81782881,31.49121458,60..100cm,29.0,19.0,39.0,43.0,21.0,64.0,28.0,14.0,40.0,1450.0,1110.0,1850.0,3.9,1.2,13.6,8.2,7.5,9.2
segment:line-3-civil-053:0002,civil_segment,line-3-civil-053,line-3,elevated,23616.896,31.81793419,31.49121458,0..30cm,27.0,18.0,36.0,42.0,24.0,64.0,30.0,20.0,41.0,1380.0,1210.0,1590.0,6.8,3.8,11.3,8.0,7.4,8.7
segment:line-3-civil-053:0002,civil_segment,line-3-civil-053,line-3,elevated,23616.896,31.81793419,31.49121458,30..60cm,29.0,19.0,38.0,42.0,21.0,65.0,29.0,18.0,40.0,1470.0,1230.0,1720.0,4.5,1.5,8.5,8.2,7.5,8.9
segment:line-3-civil-053:0002,civil_segment,line-3-civil-053,line-3,elevated,23616.896,31.81793419,31.49121458,60..100cm,29.0,19.0,39.0,43.0,21.0,64.0,28.0,14.0,40.0,1450.0,1110.0,1850.0,3.9,1.2,13.6,8.2,7.5,9.2
segment:line-3-civil-054:0000,civil_segment,line-3-civil-054,line-3,elevated,23616.896,31.81793419,31.49121458,0..30cm,27.0,18.0,36.0,42.0,24.0,64.0,30.0,20.0,41.0,1380.0,1210.0,1590.0,6.8,3.8,11.3,8.0,7.4,8.7
segment:line-3-civil-054:0000,civil_segment,line-3-civil-054,line-3,elevated,23616.896,31.81793419,31.49121458,30..60cm,29.0,19.0,38.0,42.0,21.0,65.0,29.0,18.0,40.0,1470.0,1230.0,1720.0,4.5,1.5,8.5,8.2,7.5,8.9
segment:line-3-civil-054:0000,civil_segment,line-3-civil-054,line-3,elevated,23616.896,31.81793419,31.49121458,60..100cm,29.0,19.0,39.0,43.0,21.0,64.0,28.0,14.0,40.0,1450.0,1110.0,1850.0,3.9,1.2,13.6,8.2,7.5,9.2
segment:line-3-civil-054:0001,civil_segment,line-3-civil-054,line-3,elevated,23661.038,31.81818861,31.49139455,0..30cm,26.0,16.0,36.0,45.0,27.0,68.0,29.0,17.0,40.0,1420.0,1160.0,1640.0,5.2,2.1,10.4,8.2,7.6,8.9
segment:line-3-civil-054:0001,civil_segment,line-3-civil-054,line-3,elevated,23661.038,31.81818861,31.49139455,30..60cm,28.0,14.0,37.0,45.0,27.0,65.0,27.0,15.0,40.0,1510.0,1250.0,1770.0,3.5,1.0,8.3,8.3,7.6,9.1
segment:line-3-civil-054:0001,civil_segment,line-3-civil-054,line-3,elevated,23661.038,31.81818861,31.49139455,60..100cm,28.0,17.0,38.0,46.0,28.0,65.0,26.0,11.0,39.0,1500.0,1220.0,1820.0,3.5,1.1,12.9,8.4,7.6,9.3
segment:line-3-civil-054:0002,civil_segment,line-3-civil-054,line-3,elevated,23705.18,31.81856664,31.49157362,0..30cm,26.0,16.0,36.0,45.0,27.0,68.0,29.0,17.0,40.0,1420.0,1160.0,1640.0,5.2,2.1,10.4,8.2,7.6,8.9
segment:line-3-civil-054:0002,civil_segment,line-3-civil-054,line-3,elevated,23705.18,31.81856664,31.49157362,30..60cm,28.0,14.0,37.0,45.0,27.0,65.0,27.0,15.0,40.0,1510.0,1250.0,1770.0,3.5,1.0,8.3,8.3,7.6,9.1
segment:line-3-civil-054:0002,civil_segment,line-3-civil-054,line-3,elevated,23705.18,31.81856664,31.49157362,60..100cm,28.0,17.0,38.0,46.0,28.0,65.0,26.0,11.0,39.0,1500.0,1220.0,1820.0,3.5,1.1,12.9,8.4,7.6,9.3
segment:line-3-civil-055:0000,civil_segment,line-3-civil-055,line-3,elevated,23705.18,31.81856664,31.49157362,0..30cm,26.0,16.0,36.0,45.0,27.0,68.0,29.0,17.0,40.0,1420.0,1160.0,1640.0,5.2,2.1,10.4,8.2,7.6,8.9
segment:line-3-civil-055:0000,civil_segment,line-3-civil-055,line-3,elevated,23705.18,31.81856664,31.49157362,30..60cm,28.0,14.0,37.0,45.0,27.0,65.0,27.0,15.0,40.0,1510.0,1250.0,1770.0,3.5,1.0,8.3,8.3,7.6,9.1
segment:line-3-civil-055:0000,civil_segment,line-3-civil-055,line-3,elevated,23705.18,31.81856664,31.49157362,60..100cm,28.0,17.0,38.0,46.0,28.0,65.0,26.0,11.0,39.0,1500.0,1220.0,1820.0,3.5,1.1,12.9,8.4,7.6,9.3
segment:line-3-civil-055:0001,civil_segment,line-3-civil-055,line-3,elevated,23739.323,31.81883842,31.49175448,0..30cm,26.0,16.0,36.0,45.0,27.0,68.0,29.0,17.0,40.0,1420.0,1160.0,1640.0,5.2,2.1,10.4,8.2,7.6,8.9
segment:line-3-civil-055:0001,civil_segment,line-3-civil-055,line-3,elevated,23739.323,31.81883842,31.49175448,30..60cm,28.0,14.0,37.0,45.0,27.0,65.0,27.0,15.0,40.0,1510.0,1250.0,1770.0,3.5,1.0,8.3,8.3,7.6,9.1
segment:line-3-civil-055:0001,civil_segment,line-3-civil-055,line-3,elevated,23739.323,31.81883842,31.49175448,60..100cm,28.0,17.0,38.0,46.0,28.0,65.0,26.0,11.0,39.0,1500.0,1220.0,1820.0,3.5,1.1,12.9,8.4,7.6,9.3
segment:line-3-civil-055:0002,civil_segment,line-3-civil-055,line-3,elevated,23773.465,31.81898875,31.49193335,0..30cm,26.0,16.0,36.0,45.0,27.0,68.0,29.0,17.0,40.0,1420.0,1160.0,1640.0,5.2,2.1,10.4,8.2,7.6,8.9
segment:line-3-civil-055:0002,civil_segment,line-3-civil-055,line-3,elevated,23773.465,31.81898875,31.49193335,30..60cm,28.0,14.0,37.0,45.0,27.0,65.0,27.0,15.0,40.0,1510.0,1250.0,1770.0,3.5,1.0,8.3,8.3,7.6,9.1
segment:line-3-civil-055:0002,civil_segment,line-3-civil-055,line-3,elevated,23773.465,31.81898875,31.49193335,60..100cm,28.0,17.0,38.0,46.0,28.0,65.0,26.0,11.0,39.0,1500.0,1220.0,1820.0,3.5,1.1,12.9,8.4,7.6,9.3
segment:line-3-civil-056:0000,civil_segment,line-3-civil-056,line-3,elevated,23773.465,31.81898875,31.49193335,0..30cm,26.0,16.0,36.0,45.0,27.0,68.0,29.0,17.0,40.0,1420.0,1160.0,1640.0,5.2,2.1,10.4,8.2,7.6,8.9
segment:line-3-civil-056:0000,civil_segment,line-3-civil-056,line-3,elevated,23773.465,31.81898875,31.49193335,30..60cm,28.0,14.0,37.0,45.0,27.0,65.0,27.0,15.0,40.0,1510.0,1250.0,1770.0,3.5,1.0,8.3,8.3,7.6,9.1
segment:line-3-civil-056:0000,civil_segment,line-3-civil-056,line-3,elevated,23773.465,31.81898875,31.49193335,60..100cm,28.0,17.0,38.0,46.0,28.0,65.0,26.0,11.0,39.0,1500.0,1220.0,1820.0,3.5,1.1,12.9,8.4,7.6,9.3
segment:line-3-civil-056:0001,civil_segment,line-3-civil-056,line-3,elevated,23783.465,31.81909284,31.49193445,0..30cm,25.0,15.0,34.0,47.0,29.0,68.0,28.0,17.0,38.0,1410.0,1140.0,1620.0,5.1,1.9,10.2,8.3,7.6,8.9
segment:line-3-civil-056:0001,civil_segment,line-3-civil-056,line-3,elevated,23783.465,31.81909284,31.49193445,30..60cm,27.0,12.0,36.0,47.0,29.0,70.0,26.0,14.0,39.0,1510.0,1250.0,1760.0,3.5,1.0,8.3,8.4,7.8,9.2
segment:line-3-civil-056:0001,civil_segment,line-3-civil-056,line-3,elevated,23783.465,31.81909284,31.49193445,60..100cm,27.0,14.0,38.0,47.0,29.0,70.0,26.0,12.0,37.0,1500.0,1220.0,1820.0,3.7,1.3,12.9,8.4,7.6,9.4
segment:line-3-civil-056:0002,civil_segment,line-3-civil-056,line-3,elevated,23793.465,31.81919822,31.49193445,0..30cm,25.0,15.0,34.0,47.0,29.0,68.0,28.0,17.0,38.0,1410.0,1140.0,1620.0,5.1,1.9,10.2,8.3,7.6,8.9
segment:line-3-civil-056:0002,civil_segment,line-3-civil-056,line-3,elevated,23793.465,31.81919822,31.49193445,30..60cm,27.0,12.0,36.0,47.0,29.0,70.0,26.0,14.0,39.0,1510.0,1250.0,1760.0,3.5,1.0,8.3,8.4,7.8,9.2
segment:line-3-civil-056:0002,civil_segment,line-3-civil-056,line-3,elevated,23793.465,31.81919822,31.49193445,60..100cm,27.0,14.0,38.0,47.0,29.0,70.0,26.0,12.0,37.0,1500.0,1220.0,1820.0,3.7,1.3,12.9,8.4,7.6,9.4
segment:line-3-civil-057:0000,civil_segment,line-3-civil-057,line-3,elevated,23793.465,31.81919822,31.49193445,0..30cm,25.0,15.0,34.0,47.0,29.0,68.0,28.0,17.0,38.0,1410.0,1140.0,1620.0,5.1,1.9,10.2,8.3,7.6,8.9
segment:line-3-civil-057:0000,civil_segment,line-3-civil-057,line-3,elevated,23793.465,31.81919822,31.49193445,30..60cm,27.0,12.0,36.0,47.0,29.0,70.0,26.0,14.0,39.0,1510.0,1250.0,1760.0,3.5,1.0,8.3,8.4,7.8,9.2
segment:line-3-civil-057:0000,civil_segment,line-3-civil-057,line-3,elevated,23793.465,31.81919822,31.49193445,60..100cm,27.0,14.0,38.0,47.0,29.0,70.0,26.0,12.0,37.0,1500.0,1220.0,1820.0,3.7,1.3,12.9,8.4,7.6,9.4
segment:line-3-civil-057:0001,civil_segment,line-3-civil-057,line-3,elevated,23833.465,31.8194098,31.49211399,0..30cm,25.0,12.0,35.0,48.0,28.0,69.0,27.0,14.0,39.0,1410.0,1140.0,1630.0,5.3,2.1,10.4,8.3,7.6,9.0
segment:line-3-civil-057:0001,civil_segment,line-3-civil-057,line-3,elevated,23833.465,31.8194098,31.49211399,30..60cm,27.0,11.0,36.0,48.0,28.0,76.0,26.0,12.0,39.0,1490.0,1220.0,1720.0,3.6,1.0,8.6,8.3,7.6,9.3
segment:line-3-civil-057:0001,civil_segment,line-3-civil-057,line-3,elevated,23833.465,31.8194098,31.49211399,60..100cm,27.0,11.0,38.0,49.0,28.0,75.0,25.0,10.0,38.0,1480.0,1200.0,1760.0,3.8,1.3,14.1,8.4,7.7,9.5
segment:line-3-civil-057:0002,civil_segment,line-3-civil-057,line-3,elevated,23873.465,31.81983039,31.49211442,0..30cm,25.0,12.0,35.0,48.0,28.0,69.0,27.0,14.0,39.0,1410.0,1140.0,1630.0,5.3,2.1,10.4,8.3,7.6,9.0
segment:line-3-civil-057:0002,civil_segment,line-3-civil-057,line-3,elevated,23873.465,31.81983039,31.49211442,30..60cm,27.0,11.0,36.0,48.0,28.0,76.0,26.0,12.0,39.0,1490.0,1220.0,1720.0,3.6,1.0,8.6,8.3,7.6,9.3
segment:line-3-civil-057:0002,civil_segment,line-3-civil-057,line-3,elevated,23873.465,31.81983039,31.49211442,60..100cm,27.0,11.0,38.0,49.0,28.0,75.0,25.0,10.0,38.0,1480.0,1200.0,1760.0,3.8,1.3,14.1,8.4,7.7,9.5
segment:line-3-civil-058:0000,civil_segment,line-3-civil-058,line-3,elevated,23873.465,31.81983039,31.49211442,0..30cm,25.0,12.0,35.0,48.0,28.0,69.0,27.0,14.0,39.0,1410.0,1140.0,1630.0,5.3,2.1,10.4,8.3,7.6,9.0
segment:line-3-civil-058:0000,civil_segment,line-3-civil-058,line-3,elevated,23873.465,31.81983039,31.49211442,30..60cm,27.0,11.0,36.0,48.0,28.0,76.0,26.0,12.0,39.0,1490.0,1220.0,1720.0,3.6,1.0,8.6,8.3,7.6,9.3
segment:line-3-civil-058:0000,civil_segment,line-3-civil-058,line-3,elevated,23873.465,31.81983039,31.49211442,60..100cm,27.0,11.0,38.0,49.0,28.0,75.0,25.0,10.0,38.0,1480.0,1200.0,1760.0,3.8,1.3,14.1,8.4,7.7,9.5
segment:line-3-civil-058:0001,civil_segment,line-3-civil-058,line-3,elevated,23883.465,31.81983085,31.49220396,0..30cm,25.0,12.0,35.0,48.0,28.0,69.0,27.0,14.0,39.0,1410.0,1140.0,1630.0,5.3,2.1,10.4,8.3,7.6,9.0
segment:line-3-civil-058:0001,civil_segment,line-3-civil-058,line-3,elevated,23883.465,31.81983085,31.49220396,30..60cm,27.0,11.0,36.0,48.0,28.0,76.0,26.0,12.0,39.0,1490.0,1220.0,1720.0,3.6,1.0,8.6,8.3,7.6,9.3
segment:line-3-civil-058:0001,civil_segment,line-3-civil-058,line-3,elevated,23883.465,31.81983085,31.49220396,60..100cm,27.0,11.0,38.0,49.0,28.0,75.0,25.0,10.0,38.0,1480.0,1200.0,1760.0,3.8,1.3,14.1,8.4,7.7,9.5
segment:line-3-civil-058:0002,civil_segment,line-3-civil-058,line-3,elevated,23893.465,31.81983085,31.49229389,0..30cm,25.0,12.0,35.0,48.0,28.0,69.0,27.0,14.0,39.0,1410.0,1140.0,1630.0,5.3,2.1,10.4,8.3,7.6,9.0
segment:line-3-civil-058:0002,civil_segment,line-3-civil-058,line-3,elevated,23893.465,31.81983085,31.49229389,30..60cm,27.0,11.0,36.0,48.0,28.0,76.0,26.0,12.0,39.0,1490.0,1220.0,1720.0,3.6,1.0,8.6,8.3,7.6,9.3
segment:line-3-civil-058:0002,civil_segment,line-3-civil-058,line-3,elevated,23893.465,31.81983085,31.49229389,60..100cm,27.0,11.0,38.0,49.0,28.0,75.0,25.0,10.0,38.0,1480.0,1200.0,1760.0,3.8,1.3,14.1,8.4,7.7,9.5
segment:line-3-civil-059:0000,civil_segment,line-3-civil-059,line-3,elevated,23893.465,31.81983085,31.49229389,0..30cm,25.0,12.0,35.0,48.0,28.0,69.0,27.0,14.0,39.0,1410.0,1140.0,1630.0,5.3,2.1,10.4,8.3,7.6,9.0
segment:line-3-civil-059:0000,civil_segment,line-3-civil-059,line-3,elevated,23893.465,31.81983085,31.49229389,30..60cm,27.0,11.0,36.0,48.0,28.0,76.0,26.0,12.0,39.0,1490.0,1220.0,1720.0,3.6,1.0,8.6,8.3,7.6,9.3
segment:line-3-civil-059:0000,civil_segment,line-3-civil-059,line-3,elevated,23893.465,31.81983085,31.49229389,60..100cm,27.0,11.0,38.0,49.0,28.0,75.0,25.0,10.0,38.0,1480.0,1200.0,1760.0,3.8,1.3,14.1,8.4,7.7,9.5
segment:line-3-civil-059:0001,civil_segment,line-3-civil-059,line-3,elevated,24103.171,31.82145322,31.49350129,0..30cm,26.0,15.0,36.0,46.0,26.0,68.0,28.0,13.0,39.0,1400.0,1120.0,1620.0,5.9,2.7,10.0,8.2,7.6,8.7
segment:line-3-civil-059:0001,civil_segment,line-3-civil-059,line-3,elevated,24103.171,31.82145322,31.49350129,30..60cm,28.0,16.0,38.0,45.0,24.0,70.0,27.0,15.0,40.0,1490.0,1250.0,1690.0,3.8,1.4,12.8,8.3,7.6,9.1
segment:line-3-civil-059:0001,civil_segment,line-3-civil-059,line-3,elevated,24103.171,31.82145322,31.49350129,60..100cm,29.0,17.0,39.0,45.0,24.0,70.0,27.0,12.0,39.0,1460.0,1200.0,1670.0,3.9,1.2,13.8,8.3,7.6,9.3
segment:line-3-civil-059:0002,civil_segment,line-3-civil-059,line-3,elevated,24312.876,31.8227782,31.49481444,0..30cm,27.0,18.0,36.0,45.0,28.0,65.0,29.0,16.0,39.0,1390.0,1160.0,1570.0,5.8,2.5,10.0,8.2,7.6,8.7
segment:line-3-civil-059:0002,civil_segment,line-3-civil-059,line-3,elevated,24312.876,31.8227782,31.49481444,30..60cm,29.0,18.0,38.0,43.0,25.0,64.0,28.0,17.0,40.0,1480.0,1250.0,1660.0,3.8,1.3,8.6,8.3,7.6,9.1
segment:line-3-civil-059:0002,civil_segment,line-3-civil-059,line-3,elevated,24312.876,31.8227782,31.49481444,60..100cm,29.0,19.0,38.0,44.0,26.0,63.0,27.0,16.0,39.0,1480.0,1220.0,1690.0,3.9,1.1,14.2,8.3,7.6,9.4
segment:line-3-civil-060:0000,civil_segment,line-3-civil-060,line-3,elevated,24312.876,31.8227782,31.49481444,0..30cm,27.0,18.0,36.0,45.0,28.0,65.0,29.0,16.0,39.0,1390.0,1160.0,1570.0,5.8,2.5,10.0,8.2,7.6,8.7
segment:line-3-civil-060:0000,civil_segment,line-3-civil-060,line-3,elevated,24312.876,31.8227782,31.49481444,30..60cm,29.0,18.0,38.0,43.0,25.0,64.0,28.0,17.0,40.0,1480.0,1250.0,1660.0,3.8,1.3,8.6,8.3,7.6,9.1
segment:line-3-civil-060:0000,civil_segment,line-3-civil-060,line-3,elevated,24312.876,31.8227782,31.49481444,60..100cm,29.0,19.0,38.0,44.0,26.0,63.0,27.0,16.0,39.0,1480.0,1220.0,1690.0,3.9,1.1,14.2,8.3,7.6,9.4
segment:line-3-civil-060:0001,civil_segment,line-3-civil-060,line-3,elevated,24332.888,31.82277925,31.49499387,0..30cm,27.0,18.0,36.0,45.0,28.0,65.0,29.0,16.0,39.0,1390.0,1160.0,1570.0,5.8,2.5,10.0,8.2,7.6,8.7
segment:line-3-civil-060:0001,civil_segment,line-3-civil-060,line-3,elevated,24332.888,31.82277925,31.49499387,30..60cm,29.0,18.0,38.0,43.0,25.0,64.0,28.0,17.0,40.0,1480.0,1250.0,1660.0,3.8,1.3,8.6,8.3,7.6,9.1
segment:line-3-civil-060:0001,civil_segment,line-3-civil-060,line-3,elevated,24332.888,31.82277925,31.49499387,60..100cm,29.0,19.0,38.0,44.0,26.0,63.0,27.0,16.0,39.0,1480.0,1220.0,1690.0,3.9,1.1,14.2,8.3,7.6,9.4
segment:line-3-civil-060:0002,civil_segment,line-3-civil-060,line-3,elevated,24352.9,31.82298872,31.49499472,0..30cm,27.0,18.0,36.0,45.0,28.0,65.0,29.0,16.0,39.0,1390.0,1160.0,1570.0,5.8,2.5,10.0,8.2,7.6,8.7
segment:line-3-civil-060:0002,civil_segment,line-3-civil-060,line-3,elevated,24352.9,31.82298872,31.49499472,30..60cm,29.0,18.0,38.0,43.0,25.0,64.0,28.0,17.0,40.0,1480.0,1250.0,1660.0,3.8,1.3,8.6,8.3,7.6,9.1
segment:line-3-civil-060:0002,civil_segment,line-3-civil-060,line-3,elevated,24352.9,31.82298872,31.49499472,60..100cm,29.0,19.0,38.0,44.0,26.0,63.0,27.0,16.0,39.0,1480.0,1220.0,1690.0,3.9,1.1,14.2,8.3,7.6,9.4
segment:line-3-civil-061:0000,civil_segment,line-3-civil-061,line-3,at-grade,24352.9,31.82298872,31.49499472,0..30cm,27.0,18.0,36.0,45.0,28.0,65.0,29.0,16.0,39.0,1390.0,1160.0,1570.0,5.8,2.5,10.0,8.2,7.6,8.7
segment:line-3-civil-061:0000,civil_segment,line-3-civil-061,line-3,at-grade,24352.9,31.82298872,31.49499472,30..60cm,29.0,18.0,38.0,43.0,25.0,64.0,28.0,17.0,40.0,1480.0,1250.0,1660.0,3.8,1.3,8.6,8.3,7.6,9.1
segment:line-3-civil-061:0000,civil_segment,line-3-civil-061,line-3,at-grade,24352.9,31.82298872,31.49499472,60..100cm,29.0,19.0,38.0,44.0,26.0,63.0,27.0,16.0,39.0,1480.0,1220.0,1690.0,3.9,1.1,14.2,8.3,7.6,9.4
segment:line-3-civil-061:0001,civil_segment,line-3-civil-061,line-3,at-grade,25354.478,31.82656765,31.50158036,0..30cm,26.0,16.0,34.0,46.0,27.0,72.0,28.0,14.0,41.0,1390.0,1120.0,1600.0,5.4,2.4,10.6,8.1,7.5,8.7
segment:line-3-civil-061:0001,civil_segment,line-3-civil-061,line-3,at-grade,25354.478,31.82656765,31.50158036,30..60cm,28.0,16.0,37.0,45.0,26.0,72.0,27.0,10.0,45.0,1480.0,1250.0,1660.0,3.1,1.4,7.3,8.1,7.2,8.8
segment:line-3-civil-061:0001,civil_segment,line-3-civil-061,line-3,at-grade,25354.478,31.82656765,31.50158036,60..100cm,29.0,16.0,37.0,45.0,26.0,73.0,26.0,7.0,43.0,1450.0,1210.0,1700.0,3.0,1.2,6.0,8.1,7.4,8.9
segment:line-3-civil-061:0002,civil_segment,line-3-civil-061,line-3,at-grade,25802.6,31.82804132,31.50456402,0..30cm,27.0,15.0,36.0,45.0,26.0,72.0,28.0,13.0,43.0,1400.0,1170.0,1620.0,5.3,2.4,10.6,8.1,7.5,8.7
segment:line-3-civil-061:0002,civil_segment,line-3-civil-061,line-3,at-grade,25802.6,31.82804132,31.50456402,30..60cm,28.0,15.0,38.0,45.0,25.0,72.0,27.0,10.0,42.0,1490.0,1250.0,1670.0,3.1,1.2,7.7,8.1,7.3,8.8
segment:line-3-civil-061:0002,civil_segment,line-3-civil-061,line-3,at-grade,25802.6,31.82804132,31.50456402,60..100cm,29.0,16.0,38.0,45.0,26.0,72.0,26.0,8.0,44.0,1470.0,1220.0,1740.0,2.9,1.2,6.0,8.2,7.5,9.0
segment:line-3-civil-061:0003,civil_segment,line-3-civil-061,line-3,at-grade,26356.055,31.83014657,31.5079551,0..30cm,27.0,14.0,36.0,43.0,26.0,68.0,30.0,15.0,43.0,1420.0,1220.0,1590.0,5.1,1.8,10.0,8.1,7.4,8.9
segment:line-3-civil-061:0003,civil_segment,line-3-civil-061,line-3,at-grade,26356.055,31.83014657,31.5079551,30..60cm,29.0,15.0,38.0,43.0,23.0,70.0,29.0,13.0,44.0,1510.0,1260.0,1750.0,3.0,1.1,7.8,8.1,7.3,8.8
segment:line-3-civil-061:0003,civil_segment,line-3-civil-061,line-3,at-grade,26356.055,31.83014657,31.5079551,60..100cm,29.0,15.0,39.0,43.0,25.0,71.0,28.0,10.0,44.0,1490.0,1230.0,1780.0,3.1,1.4,6.2,8.2,7.5,9.0
segment:line-3-civil-061:0004,civil_segment,line-3-civil-061,line-3,at-grade,27252.3,31.8337255,31.51317046,0..30cm,25.0,15.0,34.0,48.0,28.0,70.0,27.0,12.0,39.0,1440.0,1260.0,1650.0,5.2,2.4,9.9,8.2,7.5,8.9
segment:line-3-civil-061:0004,civil_segment,line-3-civil-061,line-3,at-grade,27252.3,31.8337255,31.51317046,30..60cm,26.0,12.0,36.0,48.0,29.0,72.0,26.0,10.0,39.0,1530.0,1270.0,1770.0,3.3,1.0,8.3,8.2,7.3,8.9
segment:line-3-civil-061:0004,civil_segment,line-3-civil-061,line-3,at-grade,27252.3,31.8337255,31.51317046,60..100cm,27.0,12.0,37.0,48.0,26.0,73.0,26.0,10.0,39.0,1550.0,1280.0,1820.0,3.5,1.1,7.2,8.3,7.6,9.3
station:line-1-0076-0559-s000000,station,line-1-0076-0559-s000000,line-1,station,0.0,31.81498877,31.50183259,0..30cm,26.0,14.0,36.0,45.0,25.0,69.0,29.0,16.0,44.0,1390.0,1170.0,1570.0,5.4,2.2,12.4,8.0,7.4,8.7
station:line-1-0076-0559-s000000,station,line-1-0076-0559-s000000,line-1,station,0.0,31.81498877,31.50183259,30..60cm,27.0,13.0,38.0,46.0,23.0,71.0,27.0,13.0,42.0,1460.0,1230.0,1720.0,3.4,1.3,8.6,8.1,7.1,9.4
station:line-1-0076-0559-s000000,station,line-1-0076-0559-s000000,line-1,station,0.0,31.81498877,31.50183259,60..100cm,27.0,14.0,39.0,47.0,23.0,75.0,26.0,9.0,42.0,1450.0,1170.0,1850.0,3.6,0.8,9.0,8.2,7.0,9.4
station:line-1-0132-0577-s002424,station,line-1-0132-0577-s002424,line-1,station,2424.3,31.81877822,31.49175448,0..30cm,26.0,16.0,36.0,45.0,27.0,68.0,29.0,17.0,40.0,1420.0,1160.0,1640.0,5.2,2.1,10.4,8.2,7.6,8.9
station:line-1-0132-0577-s002424,station,line-1-0132-0577-s002424,line-1,station,2424.3,31.81877822,31.49175448,30..60cm,28.0,14.0,37.0,45.0,27.0,65.0,27.0,15.0,40.0,1510.0,1250.0,1770.0,3.5,1.0,8.3,8.3,7.6,9.1
station:line-1-0132-0577-s002424,station,line-1-0132-0577-s002424,line-1,station,2424.3,31.81877822,31.49175448,60..100cm,28.0,17.0,38.0,46.0,28.0,65.0,26.0,11.0,39.0,1500.0,1220.0,1820.0,3.5,1.1,12.9,8.4,7.6,9.3
station:line-1-0334-0557-s007149,station,line-1-0334-0557-s007149,line-1,station,7148.8,31.81456772,31.45540132,0..30cm,25.0,11.0,37.0,48.0,27.0,81.0,27.0,9.0,43.0,1340.0,1140.0,1570.0,8.5,4.1,15.6,8.1,7.5,8.7
station:line-1-0334-0557-s007149,station,line-1-0334-0557-s007149,line-1,station,7148.8,31.81456772,31.45540132,30..60cm,27.0,12.0,39.0,48.0,27.0,82.0,25.0,8.0,39.0,1410.0,1160.0,1660.0,6.6,2.2,15.1,8.4,7.8,8.9
station:line-1-0334-0557-s007149,station,line-1-0334-0557-s007149,line-1,station,7148.8,31.81456772,31.45540132,60..100cm,28.0,12.0,39.0,47.0,26.0,82.0,25.0,5.0,39.0,1400.0,1010.0,1760.0,6.3,1.4,22.4,8.6,7.9,9.3
station:line-1-0473-0530-s010152,station,line-1-0473-0530-s010152,line-1,station,10152.4,31.80888354,31.43038602,0..30cm,25.0,15.0,33.0,49.0,32.0,65.0,27.0,17.0,38.0,1390.0,1150.0,1590.0,3.4,2.0,5.4,8.2,7.6,8.8
station:line-1-0473-0530-s010152,station,line-1-0473-0530-s010152,line-1,station,10152.4,31.80888354,31.43038602,30..60cm,26.0,13.0,36.0,48.0,31.0,73.0,25.0,13.0,36.0,1510.0,1270.0,1730.0,2.5,1.4,4.7,8.4,7.8,9.3
station:line-1-0473-0530-s010152,station,line-1-0473-0530-s010152,line-1,station,10152.4,31.80888354,31.43038602,60..100cm,27.0,13.0,37.0,48.0,29.0,72.0,25.0,10.0,36.0,1530.0,1260.0,1780.0,2.0,0.7,4.0,8.5,7.8,9.5
station:line-1-0532-0519-s011424,station,line-1-0532-0519-s011424,line-1,station,11423.6,31.80656777,31.41976802,0..30cm,25.0,15.0,35.0,49.0,30.0,72.0,26.0,11.0,38.0,1390.0,1170.0,1630.0,5.4,2.4,9.1,8.3,7.7,8.8
station:line-1-0532-0519-s011424,station,line-1-0532-0519-s011424,line-1,station,11423.6,31.80656777,31.41976802,30..60cm,26.0,13.0,37.0,50.0,30.0,76.0,24.0,9.0,37.0,1430.0,1100.0,1760.0,3.1,1.4,6.5,8.4,7.8,9.5
station:line-1-0532-0519-s011424,station,line-1-0532-0519-s011424,line-1,station,11423.6,31.80656777,31.41976802,60..100cm,26.0,14.0,36.0,50.0,30.0,73.0,24.0,9.0,35.0,1380.0,860.0,1770.0,2.7,0.7,6.5,8.5,7.8,9.7
station:line-1-0627-0500-s013481,station,line-1-0627-0500-s013481,line-1,station,13481.0,31.80256779,31.40267123,0..30cm,27.0,14.0,37.0,44.0,24.0,67.0,30.0,18.0,43.0,1420.0,1260.0,1640.0,6.1,2.5,12.6,8.2,7.8,8.8
station:line-1-0627-0500-s013481,station,line-1-0627-0500-s013481,line-1,station,13481.0,31.80256779,31.40267123,30..60cm,27.0,13.0,37.0,46.0,21.0,72.0,27.0,14.0,42.0,1480.0,1250.0,1760.0,3.4,1.2,7.3,8.4,7.8,9.4
station:line-1-0627-0500-s013481,station,line-1-0627-0500-s013481,line-1,station,13481.0,31.80256779,31.40267123,60..100cm,28.0,14.0,37.0,46.0,25.0,70.0,26.0,13.0,40.0,1450.0,1170.0,1830.0,2.3,1.0,4.5,8.5,7.8,9.5
station:line-1-0738-0478-s015883,station,line-1-0738-0478-s015883,line-1,station,15883.2,31.79793624,31.38269499,0..30cm,27.0,13.0,39.0,43.0,18.0,72.0,30.0,14.0,47.0,1310.0,1070.0,1560.0,10.8,3.4,28.8,7.8,7.0,8.6
station:line-1-0738-0478-s015883,station,line-1-0738-0478-s015883,line-1,station,15883.2,31.79793624,31.38269499,30..60cm,28.0,13.0,40.0,43.0,15.0,76.0,28.0,13.0,44.0,1390.0,1140.0,1610.0,10.3,3.7,28.6,7.7,6.8,8.7
station:line-1-0738-0478-s015883,station,line-1-0738-0478-s015883,line-1,station,15883.2,31.79793624,31.38269499,60..100cm,29.0,13.0,42.0,43.0,15.0,73.0,28.0,9.0,44.0,1410.0,950.0,1840.0,11.7,1.7,89.4,7.7,6.9,8.6
station:line-1-0850-0457-s018297,station,line-1-0850-0457-s018297,line-1,station,18297.2,31.79351521,31.36253878,0..30cm,20.0,6.0,33.0,58.0,30.0,85.0,23.0,9.0,37.0,1280.0,1040.0,1510.0,6.6,2.6,17.6,7.8,7.2,8.6
station:line-1-0850-0457-s018297,station,line-1-0850-0457-s018297,line-1,station,18297.2,31.79351521,31.36253878,30..60cm,21.0,6.0,36.0,57.0,28.0,87.0,22.0,5.0,39.0,1360.0,1010.0,1630.0,4.1,0.9,11.1,7.8,6.8,8.8
station:line-1-0850-0457-s018297,station,line-1-0850-0457-s018297,line-1,station,18297.2,31.79351521,31.36253878,60..100cm,21.0,6.0,37.0,58.0,27.0,87.0,21.0,5.0,37.0,1340.0,810.0,1800.0,4.2,0.6,16.5,7.6,6.4,8.6
station:line-1-1043-0345-s023097,station,line-1-1043-0345-s023097,line-1,station,23096.8,31.76993641,31.32780531,0..30cm,23.0,10.0,37.0,50.0,20.0,81.0,27.0,10.0,42.0,1260.0,980.0,1520.0,18.6,5.1,47.2,7.5,6.5,8.6
station:line-1-1043-0345-s023097,station,line-1-1043-0345-s023097,line-1,station,23096.8,31.76993641,31.32780531,30..60cm,24.0,9.0,38.0,50.0,20.0,83.0,25.0,8.0,41.0,1360.0,1030.0,1690.0,11.7,3.9,30.7,7.1,5.3,8.6
station:line-1-1043-0345-s023097,station,line-1-1043-0345-s023097,line-1,station,23096.8,31.76993641,31.32780531,60..100cm,25.0,9.0,37.0,50.0,27.0,84.0,25.0,6.0,38.0,1350.0,830.0,1800.0,10.5,2.4,33.1,6.9,3.3,8.6
station:line-2-0356-0019-s017755,station,line-2-0356-0019-s017755,line-2,station,17755.0,31.70130524,31.45144206,0..30cm,26.0,18.0,35.0,46.0,30.0,64.0,28.0,18.0,39.0,1390.0,1140.0,1620.0,3.7,1.9,6.1,8.3,7.7,8.8
station:line-2-0356-0019-s017755,station,line-2-0356-0019-s017755,line-2,station,17755.0,31.70130524,31.45144206,30..60cm,28.0,18.0,37.0,45.0,33.0,65.0,27.0,16.0,38.0,1520.0,1310.0,1700.0,2.5,1.2,5.0,8.5,7.9,9.4
station:line-2-0356-0019-s017755,station,line-2-0356-0019-s017755,line-2,station,17755.0,31.70130524,31.45144206,60..100cm,29.0,18.0,38.0,44.0,31.0,65.0,27.0,14.0,38.0,1520.0,1250.0,1780.0,1.9,0.6,3.3,8.6,7.8,9.5
station:line-2-0365-0198-s013018,station,line-2-0365-0198-s013018,line-2,station,13017.6,31.73898922,31.44982237,0..30cm,25.0,12.0,38.0,50.0,28.0,77.0,25.0,11.0,40.0,1370.0,1160.0,1560.0,11.4,4.7,23.4,7.8,6.9,8.8
station:line-2-0365-0198-s013018,station,line-2-0365-0198-s013018,line-2,station,13017.6,31.73898922,31.44982237,30..60cm,27.0,12.0,40.0,49.0,24.0,78.0,24.0,10.0,37.0,1450.0,1230.0,1640.0,5.5,1.9,11.4,7.8,7.0,8.9
station:line-2-0365-0198-s013018,station,line-2-0365-0198-s013018,line-2,station,13017.6,31.73898922,31.44982237,60..100cm,27.0,13.0,42.0,49.0,24.0,79.0,24.0,6.0,37.0,1450.0,1150.0,1760.0,3.7,1.1,10.8,7.9,7.0,8.9
station:line-2-0503-0360-s008259,station,line-2-0503-0360-s008259,line-2,station,8259.5,31.77309428,31.42498704,0..30cm,26.0,14.0,35.0,47.0,24.0,72.0,27.0,12.0,40.0,1340.0,1140.0,1570.0,9.8,3.3,22.9,7.7,7.0,8.5
station:line-2-0503-0360-s008259,station,line-2-0503-0360-s008259,line-2,station,8259.5,31.77309428,31.42498704,30..60cm,27.0,13.0,39.0,46.0,24.0,82.0,27.0,9.0,39.0,1420.0,1220.0,1610.0,4.9,1.6,11.0,7.5,6.3,8.6
station:line-2-0503-0360-s008259,station,line-2-0503-0360-s008259,line-2,station,8259.5,31.77309428,31.42498704,60..100cm,28.0,14.0,39.0,45.0,24.0,81.0,27.0,9.0,40.0,1440.0,1080.0,1770.0,3.0,1.1,6.7,7.4,6.2,8.4
station:line-2-0568-0434-s006042,station,line-2-0568-0434-s006042,line-2,station,6041.8,31.78867314,31.41328923,0..30cm,25.0,11.0,37.0,46.0,25.0,73.0,28.0,14.0,38.0,1390.0,1190.0,1620.0,6.0,2.4,12.4,8.2,7.6,8.8
station:line-2-0568-0434-s006042,station,line-2-0568-0434-s006042,line-2,station,6041.8,31.78867314,31.41328923,30..60cm,26.0,12.0,37.0,48.0,25.0,78.0,26.0,11.0,37.0,1440.0,1190.0,1730.0,3.7,1.1,8.4,8.4,7.8,9.5
station:line-2-0568-0434-s006042,station,line-2-0568-0434-s006042,line-2,station,6041.8,31.78867314,31.41328923,60..100cm,27.0,10.0,37.0,47.0,25.0,79.0,26.0,10.0,37.0,1430.0,1210.0,1800.0,3.9,0.9,9.1,8.4,7.8,9.6
station:line-2-0627-0500-s004057,station,line-2-0627-0500-s004057,line-2,station,4057.3,31.80256779,31.40267123,0..30cm,27.0,14.0,37.0,44.0,24.0,67.0,30.0,18.0,43.0,1420.0,1260.0,1640.0,6.1,2.5,12.6,8.2,7.8,8.8
station:line-2-0627-0500-s004057,station,line-2-0627-0500-s004057,line-2,station,4057.3,31.80256779,31.40267123,30..60cm,27.0,13.0,37.0,46.0,21.0,72.0,27.0,14.0,42.0,1480.0,1250.0,1760.0,3.4,1.2,7.3,8.4,7.8,9.4
station:line-2-0627-0500-s004057,station,line-2-0627-0500-s004057,line-2,station,4057.3,31.80256779,31.40267123,60..100cm,28.0,14.0,37.0,46.0,25.0,70.0,26.0,13.0,40.0,1450.0,1170.0,1830.0,2.3,1.0,4.5,8.5,7.8,9.5
station:line-2-0687-0567-s002033,station,line-2-0687-0567-s002033,line-2,station,2032.8,31.81667297,31.39187326,0..30cm,25.0,12.0,37.0,46.0,19.0,75.0,29.0,13.0,44.0,1330.0,1110.0,1530.0,11.1,4.0,28.1,7.8,7.0,8.6
station:line-2-0687-0567-s002033,station,line-2-0687-0567-s002033,line-2,station,2032.8,31.81667297,31.39187326,30..60cm,27.0,13.0,38.0,47.0,21.0,80.0,27.0,13.0,41.0,1410.0,1180.0,1670.0,11.4,4.0,35.8,7.8,6.9,8.7
station:line-2-0687-0567-s002033,station,line-2-0687-0567-s002033,line-2,station,2032.8,31.81667297,31.39187326,60..100cm,28.0,13.0,38.0,47.0,22.0,80.0,26.0,9.0,41.0,1410.0,1060.0,1830.0,11.6,1.4,87.0,7.8,7.4,8.7
station:line-2-0747-0635-s000000,station,line-2-0747-0635-s000000,line-2,station,0.0,31.83098867,31.38107529,0..30cm,26.0,14.0,40.0,45.0,19.0,71.0,29.0,14.0,47.0,1140.0,810.0,1490.0,20.7,6.1,66.1,7.6,6.9,8.4
station:line-2-0747-0635-s000000,station,line-2-0747-0635-s000000,line-2,station,0.0,31.83098867,31.38107529,30..60cm,28.0,14.0,41.0,45.0,19.0,76.0,27.0,10.0,44.0,1240.0,830.0,1610.0,15.0,5.9,34.1,7.6,6.3,8.7
station:line-2-0747-0635-s000000,station,line-2-0747-0635-s000000,line-2,station,0.0,31.83098867,31.38107529,60..100cm,28.0,13.0,42.0,46.0,19.0,78.0,26.0,9.0,45.0,1250.0,680.0,1600.0,16.7,4.0,77.4,7.5,6.6,8.6
station:line-3-0013-0648-s027252,station,line-3-0013-0648-s027252,line-3,station,27252.3,31.8337255,31.51317046,0..30cm,25.0,15.0,34.0,48.0,28.0,70.0,27.0,12.0,39.0,1440.0,1260.0,1650.0,5.2,2.4,9.9,8.2,7.5,8.9
station:line-3-0013-0648-s027252,station,line-3-0013-0648-s027252,line-3,station,27252.3,31.8337255,31.51317046,30..60cm,26.0,12.0,36.0,48.0,29.0,72.0,26.0,10.0,39.0,1530.0,1270.0,1770.0,3.3,1.0,8.3,8.2,7.3,8.9
station:line-3-0013-0648-s027252,station,line-3-0013-0648-s027252,line-3,station,27252.3,31.8337255,31.51317046,60..100cm,27.0,12.0,37.0,48.0,26.0,73.0,26.0,10.0,39.0,1550.0,1280.0,1820.0,3.5,1.1,7.2,8.3,7.6,9.3
station:line-3-0132-0577-s023733,station,line-3-0132-0577-s023733,line-3,station,23733.5,31.81877822,31.49175448,0..30cm,26.0,16.0,36.0,45.0,27.0,68.0,29.0,17.0,40.0,1420.0,1160.0,1640.0,5.2,2.1,10.4,8.2,7.6,8.9
station:line-3-0132-0577-s023733,station,line-3-0132-0577-s023733,line-3,station,23733.5,31.81877822,31.49175448,30..60cm,28.0,14.0,37.0,45.0,27.0,65.0,27.0,15.0,40.0,1510.0,1250.0,1770.0,3.5,1.0,8.3,8.3,7.6,9.1
station:line-3-0132-0577-s023733,station,line-3-0132-0577-s023733,line-3,station,23733.5,31.81877822,31.49175448,60..100cm,28.0,17.0,38.0,46.0,28.0,65.0,26.0,11.0,39.0,1500.0,1220.0,1820.0,3.5,1.1,12.9,8.4,7.6,9.3
station:line-3-0164-0502-s021617,station,line-3-0164-0502-s021617,line-3,station,21616.9,31.80298884,31.48599557,0..30cm,24.0,11.0,36.0,48.0,27.0,80.0,28.0,11.0,41.0,1390.0,1200.0,1590.0,10.2,5.1,22.3,7.8,7.1,8.7
station:line-3-0164-0502-s021617,station,line-3-0164-0502-s021617,line-3,station,21616.9,31.80298884,31.48599557,30..60cm,26.0,12.0,38.0,48.0,27.0,81.0,26.0,9.0,39.0,1460.0,1150.0,1720.0,6.1,2.3,12.3,7.9,7.2,8.8
station:line-3-0164-0502-s021617,station,line-3-0164-0502-s021617,line-3,station,21616.9,31.80298884,31.48599557,60..100cm,27.0,13.0,38.0,48.0,27.0,82.0,25.0,4.0,40.0,1440.0,1080.0,1840.0,6.1,1.5,17.0,8.0,7.5,8.8
station:line-3-0418-0399-s015496,station,line-3-0418-0399-s015496,line-3,station,15496.2,31.78130476,31.44028416,0..30cm,26.0,11.0,37.0,47.0,23.0,80.0,27.0,10.0,42.0,1250.0,1030.0,1460.0,13.7,5.4,31.5,7.5,6.7,8.3
station:line-3-0418-0399-s015496,station,line-3-0418-0399-s015496,line-3,station,15496.2,31.78130476,31.44028416,30..60cm,28.0,12.0,39.0,46.0,21.0,82.0,26.0,9.0,38.0,1340.0,1200.0,1540.0,5.5,1.4,14.0,7.3,5.6,8.4
station:line-3-0418-0399-s015496,station,line-3-0418-0399-s015496,line-3,station,15496.2,31.78130476,31.44028416,60..100cm,28.0,12.0,39.0,45.0,24.0,82.0,26.0,8.0,40.0,1350.0,1070.0,1580.0,4.4,1.5,12.7,7.1,5.5,8.4
station:line-3-0503-0360-s013473,station,line-3-0503-0360-s013473,line-3,station,13473.1,31.77309428,31.42498704,0..30cm,26.0,14.0,35.0,47.0,24.0,72.0,27.0,12.0,40.0,1340.0,1140.0,1570.0,9.8,3.3,22.9,7.7,7.0,8.5
station:line-3-0503-0360-s013473,station,line-3-0503-0360-s013473,line-3,station,13473.1,31.77309428,31.42498704,30..60cm,27.0,13.0,39.0,46.0,24.0,82.0,27.0,9.0,39.0,1420.0,1220.0,1610.0,4.9,1.6,11.0,7.5,6.3,8.6
station:line-3-0503-0360-s013473,station,line-3-0503-0360-s013473,line-3,station,13473.1,31.77309428,31.42498704,60..100cm,28.0,14.0,39.0,45.0,24.0,81.0,27.0,9.0,40.0,1440.0,1080.0,1770.0,3.0,1.1,6.7,7.4,6.2,8.4
station:line-3-0769-0235-s007000,station,line-3-0769-0235-s007000,line-3,station,7000.4,31.74677865,31.37711603,0..30cm,28.0,14.0,39.0,42.0,13.0,72.0,31.0,14.0,47.0,1270.0,1000.0,1510.0,12.0,3.4,31.2,7.7,7.1,8.7
station:line-3-0769-0235-s007000,station,line-3-0769-0235-s007000,line-3,station,7000.4,31.74677865,31.37711603,30..60cm,29.0,14.0,41.0,42.0,13.0,72.0,29.0,14.0,44.0,1370.0,970.0,1650.0,11.7,3.7,30.8,7.6,6.3,8.8
station:line-3-0769-0235-s007000,station,line-3-0769-0235-s007000,line-3,station,7000.4,31.74677865,31.37711603,60..100cm,30.0,14.0,41.0,42.0,13.0,70.0,29.0,13.0,44.0,1380.0,810.0,1840.0,14.3,2.8,92.2,7.6,6.2,8.6
station:line-3-0898-0128-s003499,station,line-3-0898-0128-s003499,line-3,station,3498.8,31.72425247,31.3539004,0..30cm,25.0,13.0,37.0,48.0,22.0,74.0,27.0,12.0,40.0,1250.0,1000.0,1510.0,14.1,4.4,41.8,7.6,6.9,8.5
station:line-3-0898-0128-s003499,station,line-3-0898-0128-s003499,line-3,station,3498.8,31.72425247,31.3539004,30..60cm,26.0,10.0,38.0,48.0,21.0,80.0,26.0,10.0,41.0,1320.0,860.0,1690.0,11.3,3.2,40.7,7.4,5.7,8.6
station:line-3-0898-0128-s003499,station,line-3-0898-0128-s003499,line-3,station,3498.8,31.72425247,31.3539004,60..100cm,26.0,11.0,37.0,48.0,22.0,79.0,25.0,10.0,38.0,1330.0,660.0,1840.0,12.3,1.6,79.8,7.3,4.8,8.6
station:line-3-0997-0136-s000000,station,line-3-0997-0136-s000000,line-3,station,0.0,31.72593667,31.33608375,0..30cm,25.0,11.0,38.0,47.0,16.0,72.0,28.0,13.0,42.0,1280.0,1020.0,1530.0,14.4,4.5,38.4,7.6,6.7,8.6
station:line-3-0997-0136-s000000,station,line-3-0997-0136-s000000,line-3,station,0.0,31.72593667,31.33608375,30..60cm,26.0,10.0,40.0,48.0,16.0,81.0,27.0,9.0,42.0,1390.0,1040.0,1710.0,12.3,2.8,31.2,7.2,5.4,8.7
station:line-3-0997-0136-s000000,station,line-3-0997-0136-s000000,line-3,station,0.0,31.72593667,31.33608375,60..100cm,26.0,11.0,38.0,48.0,23.0,80.0,26.0,9.0,38.0,1410.0,1010.0,1850.0,14.2,2.6,95.2,6.9,3.3,8.6
