{
  "features": [
    {
      "geometry": {
        "coordinates": [
          44.97997036,
          12.88011374
        ],
        "type": "Point"
      },
      "properties": {
        "chainage_m": 0.0,
        "civil_class": "at-grade",
        "investigation_flags": [
          "coverage-gap"
        ],
        "lat": 12.88011374,
        "line": "line-1",
        "lon": 44.97997036,
        "sample_id": "segment:line-1-civil-001:0000",
        "scope_id": "line-1-civil-001",
        "scope_type": "civil_segment"
      },
      "type": "Feature"
    },
    {
      "geometry": {
        "coordinates": [
          44.98361495,
          12.87345499
        ],
        "type": "Point"
      },
      "properties": {
        "chainage_m": 1002.796,
        "civil_class": "at-grade",
        "investigation_flags": [
          "granular-density-and-groundwater-tests"
        ],
        "lat": 12.87345499,
        "line": "line-1",
        "lon": 44.98361495,
        "sample_id": "segment:line-1-civil-001:0001",
        "scope_id": "line-1-civil-001",
        "scope_type": "civil_segment"
      },
      "type": "Feature"
    },
    {
      "geometry": {
        "coordinates": [
          44.985954,
          12.8712095
        ],
        "type": "Point"
      },
      "properties": {
        "chainage_m": 1360.25,
        "civil_class": "at-grade",
        "investigation_flags": [
          "coverage-gap"
        ],
        "lat": 12.8712095,
        "line": "line-1",
        "lon": 44.985954,
        "sample_id": "segment:line-1-civil-001:0002",
        "scope_id": "line-1-civil-001",
        "scope_type": "civil_segment"
      },
      "type": "Feature"
    },
    {
      "geometry": {
        "coordinates": [
          44.99024882,
          12.86809412
        ],
        "type": "Point"
      },
      "properties": {
        "chainage_m": 2005.591,
        "civil_class": "at-grade",
        "investigation_flags": [
          "granular-density-and-groundwater-tests"
        ],
        "lat": 12.86809412,
        "line": "line-1",
        "lon": 44.99024882,
        "sample_id": "segment:line-1-civil-001:0003",
        "scope_id": "line-1-civil-001",
        "scope_type": "civil_segment"
      },
      "type": "Feature"
    },
    {
      "geometry": {
        "coordinates": [
          44.98955088,
          12.86211651
        ],
        "type": "Point"
      },
      "properties": {
        "chainage_m": 2720.5,
        "civil_class": "at-grade",
        "investigation_flags": [
          "granular-density-and-groundwater-tests"
        ],
        "lat": 12.86211651,
        "line": "line-1",
        "lon": 44.98955088,
        "sample_id": "segment:line-1-civil-001:0004",
        "scope_id": "line-1-civil-001",
        "scope_type": "civil_segment"
      },
      "type": "Feature"
    },
    {
      "geometry": {
        "coordinates": [
          44.98955088,
          12.86211651
        ],
        "type": "Point"
      },
      "properties": {
        "chainage_m": 2720.5,
        "civil_class": "elevated",
        "investigation_flags": [
          "granular-density-and-groundwater-tests"
        ],
        "lat": 12.86211651,
        "line": "line-1",
        "lon": 44.98955088,
        "sample_id": "segment:line-1-civil-002:0000",
        "scope_id": "line-1-civil-002",
        "scope_type": "civil_segment"
      },
      "type": "Feature"
    },
    {
      "geometry": {
        "coordinates": [
          44.98957838,
          12.86191029
        ],
        "type": "Point"
      },
      "properties": {
        "chainage_m": 2744.636,
        "civil_class": "elevated",
        "investigation_flags": [
          "granular-density-and-groundwater-tests"
        ],
        "lat": 12.86191029,
        "line": "line-1",
        "lon": 44.98957838,
        "sample_id": "segment:line-1-civil-002:0001",
        "scope_id": "line-1-civil-002",
        "scope_type": "civil_segment"
      },
      "type": "Feature"
    },
    {
      "geometry": {
        "coordinates": [
          44.98973512,
          12.86175676
        ],
        "type": "Point"
      },
      "properties": {
        "chainage_m": 2768.772,
        "civil_class": "elevated",
        "investigation_flags": [
          "granular-density-and-groundwater-tests"
        ],
        "lat": 12.86175676,
        "line": "line-1",
        "lon": 44.98973512,
        "sample_id": "segment:line-1-civil-002:0002",
        "scope_id": "line-1-civil-002",
        "scope_type": "civil_segment"
      },
      "type": "Feature"
    },
    {
      "geometry": {
        "coordinates": [
          44.98973512,
          12.86175676
        ],
        "type": "Point"
      },
      "properties": {
        "chainage_m": 2768.772,
        "civil_class": "elevated",
        "investigation_flags": [
          "granular-density-and-groundwater-tests"
        ],
        "lat": 12.86175676,
        "line": "line-1",
        "lon": 44.98973512,
        "sample_id": "segment:line-1-civil-003:0000",
        "scope_id": "line-1-civil-003",
        "scope_type": "civil_segment"
      },
      "type": "Feature"
    },
    {
      "geometry": {
        "coordinates": [
          44.99139313,
          12.85851796
        ],
        "type": "Point"
      },
      "properties": {
        "chainage_m": 3215.036,
        "civil_class": "elevated",
        "investigation_flags": [
          "granular-density-and-groundwater-tests"
        ],
        "lat": 12.85851796,
        "line": "line-1",
        "lon": 44.99139313,
        "sample_id": "segment:line-1-civil-003:0001",
        "scope_id": "line-1-civil-003",
        "scope_type": "civil_segment"
      },
      "type": "Feature"
    },
    {
      "geometry": {
        "coordinates": [
          44.99305081,
          12.85527904
        ],
        "type": "Point"
      },
      "properties": {
        "chainage_m": 3661.3,
        "civil_class": "elevated",
        "investigation_flags": [
          "granular-density-and-groundwater-tests"
        ],
        "lat": 12.85527904,
        "line": "line-1",
        "lon": 44.99305081,
        "sample_id": "segment:line-1-civil-003:0002",
        "scope_id": "line-1-civil-003",
        "scope_type": "civil_segment"
      },
      "type": "Feature"
    },
    {
      "geometry": {
        "coordinates": [
          44.99305081,
          12.85527904
        ],
        "type": "Point"
      },
      "properties": {
        "chainage_m": 3661.3,
        "civil_class": "bridge",
        "investigation_flags": [
          "granular-density-and-groundwater-tests"
        ],
        "lat": 12.85527904,
        "line": "line-1",
        "lon": 44.99305081,
        "sample_id": "segment:line-1-civil-004:0000",
        "scope_id": "line-1-civil-004",
        "scope_type": "civil_segment"
      },
      "type": "Feature"
    },
    {
      "geometry": {
        "coordinates": [
          44.99360417,
          12.85414695
        ],
        "type": "Point"
      },
      "properties": {
        "chainage_m": 3812.0,
        "civil_class": "bridge",
        "investigation_flags": [
          "granular-density-and-groundwater-tests"
        ],
        "lat": 12.85414695,
        "line": "line-1",
        "lon": 44.99360417,
        "sample_id": "segment:line-1-civil-004:0001",
        "scope_id": "line-1-civil-004",
        "scope_type": "civil_segment"
      },
      "type": "Feature"
    },
    {
      "geometry": {
        "coordinates": [
          44.99415585,
          12.85311984
        ],
        "type": "Point"
      },
      "properties": {
        "chainage_m": 3962.7,
        "civil_class": "bridge",
        "investigation_flags": [
          "granular-density-and-groundwater-tests"
        ],
        "lat": 12.85311984,
        "line": "line-1",
        "lon": 44.99415585,
        "sample_id": "segment:line-1-civil-004:0002",
        "scope_id": "line-1-civil-004",
        "scope_type": "civil_segment"
      },
      "type": "Feature"
    },
    {
      "geometry": {
        "coordinates": [
          44.99415585,
          12.85311984
        ],
        "type": "Point"
      },
      "properties": {
        "chainage_m": 3962.7,
        "civil_class": "elevated",
        "investigation_flags": [
          "granular-density-and-groundwater-tests"
        ],
        "lat": 12.85311984,
        "line": "line-1",
        "lon": 44.99415585,
        "sample_id": "segment:line-1-civil-005:0000",
        "scope_id": "line-1-civil-005",
        "scope_type": "civil_segment"
      },
      "type": "Feature"
    },
    {
      "geometry": {
        "coordinates": [
          44.994183,
          12.85291335
        ],
        "type": "Point"
      },
      "properties": {
        "chainage_m": 3986.85,
        "civil_class": "elevated",
        "investigation_flags": [
          "coverage-gap"
        ],
        "lat": 12.85291335,
        "line": "line-1",
        "lon": 44.994183,
        "sample_id": "segment:line-1-civil-005:0001",
        "scope_id": "line-1-civil-005",
        "scope_type": "civil_segment"
      },
      "type": "Feature"
    },
    {
      "geometry": {
        "coordinates": [
          44.99434014,
          12.85275985
        ],
        "type": "Point"
      },
      "properties": {
        "chainage_m": 4011.0,
        "civil_class": "elevated",
        "investigation_flags": [
          "coverage-gap"
        ],
        "lat": 12.85275985,
        "line": "line-1",
        "lon": 44.99434014,
        "sample_id": "segment:line-1-civil-005:0002",
        "scope_id": "line-1-civil-005",
        "scope_type": "civil_segment"
      },
      "type": "Feature"
    },
    {
      "geometry": {
        "coordinates": [
          44.99434014,
          12.85275985
        ],
        "type": "Point"
      },
      "properties": {
        "chainage_m": 4011.0,
        "civil_class": "bridge",
        "investigation_flags": [
          "coverage-gap"
        ],
        "lat": 12.85275985,
        "line": "line-1",
        "lon": 44.99434014,
        "sample_id": "segment:line-1-civil-006:0000",
        "scope_id": "line-1-civil-006",
        "scope_type": "civil_segment"
      },
      "type": "Feature"
    },
    {
      "geometry": {
        "coordinates": [
          44.99434114,
          12.85267034
        ],
        "type": "Point"
      },
      "properties": {
        "chainage_m": 4021.0,
        "civil_class": "bridge",
        "investigation_flags": [
          "coverage-gap"
        ],
        "lat": 12.85267034,
        "line": "line-1",
        "lon": 44.99434114,
        "sample_id": "segment:line-1-civil-006:0001",
        "scope_id": "line-1-civil-006",
        "scope_type": "civil_segment"
      },
      "type": "Feature"
    },
    {
      "geometry": {
        "coordinates": [
          44.99434114,
          12.85258041
        ],
        "type": "Point"
      },
      "properties": {
        "chainage_m": 4031.0,
        "civil_class": "bridge",
        "investigation_flags": [
          "coverage-gap"
        ],
        "lat": 12.85258041,
        "line": "line-1",
        "lon": 44.99434114,
        "sample_id": "segment:line-1-civil-006:0002",
        "scope_id": "line-1-civil-006",
        "scope_type": "civil_segment"
      },
      "type": "Feature"
    },
    {
      "geometry": {
        "coordinates": [
          44.99434114,
          12.85258041
        ],
        "type": "Point"
      },
      "properties": {
        "chainage_m": 4031.0,
        "civil_class": "elevated",
        "investigation_flags": [
          "coverage-gap"
        ],
        "lat": 12.85258041,
        "line": "line-1",
        "lon": 44.99434114,
        "sample_id": "segment:line-1-civil-007:0000",
        "scope_id": "line-1-civil-007",
        "scope_type": "civil_segment"
      },
      "type": "Feature"
    },
    {
      "geometry": {
        "coordinates": [
          44.9944972,
          12.85242648
        ],
        "type": "Point"
      },
      "properties": {
        "chainage_m": 4055.15,
        "civil_class": "elevated",
        "investigation_flags": [
          "coverage-gap"
        ],
        "lat": 12.85242648,
        "line": "line-1",
        "lon": 44.9944972,
        "sample_id": "segment:line-1-civil-007:0001",
        "scope_id": "line-1-civil-007",
        "scope_type": "civil_segment"
      },
      "type": "Feature"
    },
    {
      "geometry": {
        "coordinates": [
          44.99452538,
          12.8522204
        ],
        "type": "Point"
      },
      "properties": {
        "chainage_m": 4079.3,
        "civil_class": "elevated",
        "investigation_flags": [
          "coverage-gap"
        ],
        "lat": 12.8522204,
        "line": "line-1",
        "lon": 44.99452538,
        "sample_id": "segment:line-1-civil-007:0002",
        "scope_id": "line-1-civil-007",
        "scope_type": "civil_segment"
      },
      "type": "Feature"
    },
    {
      "geometry": {
        "coordinates": [
          44.99452538,
          12.8522204
        ],
        "type": "Point"
      },
      "properties": {
        "chainage_m": 4079.3,
        "civil_class": "bridge",
        "investigation_flags": [
          "coverage-gap"
        ],
        "lat": 12.8522204,
        "line": "line-1",
        "lon": 44.99452538,
        "sample_id": "segment:line-1-civil-008:0000",
        "scope_id": "line-1-civil-008",
        "scope_type": "civil_segment"
      },
      "type": "Feature"
    },
    {
      "geometry": {
        "coordinates": [
          44.99470962,
          12.85213085
        ],
        "type": "Point"
      },
      "properties": {
        "chainage_m": 4109.3,
        "civil_class": "bridge",
        "investigation_flags": [
          "coverage-gap"
        ],
        "lat": 12.85213085,
        "line": "line-1",
        "lon": 44.99470962,
        "sample_id": "segment:line-1-civil-008:0001",
        "scope_id": "line-1-civil-008",
        "scope_type": "civil_segment"
      },
      "type": "Feature"
    },
    {
      "geometry": {
        "coordinates": [
          44.99470962,
          12.85186051
        ],
        "type": "Point"
      },
      "properties": {
        "chainage_m": 4139.3,
        "civil_class": "bridge",
        "investigation_flags": [
          "coverage-gap"
        ],
        "lat": 12.85186051,
        "line": "line-1",
        "lon": 44.99470962,
        "sample_id": "segment:line-1-civil-008:0002",
        "scope_id": "line-1-civil-008",
        "scope_type": "civil_segment"
      },
      "type": "Feature"
    },
    {
      "geometry": {
        "coordinates": [
          44.99470962,
          12.85186051
        ],
        "type": "Point"
      },
      "properties": {
        "chainage_m": 4139.3,
        "civil_class": "elevated",
        "investigation_flags": [
          "coverage-gap"
        ],
        "lat": 12.85186051,
        "line": "line-1",
        "lon": 44.99470962,
        "sample_id": "segment:line-1-civil-009:0000",
        "scope_id": "line-1-civil-009",
        "scope_type": "civil_segment"
      },
      "type": "Feature"
    },
    {
      "geometry": {
        "coordinates": [
          44.9948657,
          12.85170659
        ],
        "type": "Point"
      },
      "properties": {
        "chainage_m": 4163.45,
        "civil_class": "elevated",
        "investigation_flags": [
          "coverage-gap"
        ],
        "lat": 12.85170659,
        "line": "line-1",
        "lon": 44.9948657,
        "sample_id": "segment:line-1-civil-009:0001",
        "scope_id": "line-1-civil-009",
        "scope_type": "civil_segment"
      },
      "type": "Feature"
    },
    {
      "geometry": {
        "coordinates": [
          44.99489386,
          12.8515005
        ],
        "type": "Point"
      },
      "properties": {
        "chainage_m": 4187.6,
        "civil_class": "elevated",
        "investigation_flags": [
          "coverage-gap"
        ],
        "lat": 12.8515005,
        "line": "line-1",
        "lon": 44.99489386,
        "sample_id": "segment:line-1-civil-009:0002",
        "scope_id": "line-1-civil-009",
        "scope_type": "civil_segment"
      },
      "type": "Feature"
    },
    {
      "geometry": {
        "coordinates": [
          44.99489386,
          12.8515005
        ],
        "type": "Point"
      },
      "properties": {
        "chainage_m": 4187.6,
        "civil_class": "bridge",
        "investigation_flags": [
          "coverage-gap"
        ],
        "lat": 12.8515005,
        "line": "line-1",
        "lon": 44.99489386,
        "sample_id": "segment:line-1-civil-010:0000",
        "scope_id": "line-1-civil-010",
        "scope_type": "civil_segment"
      },
      "type": "Feature"
    },
    {
      "geometry": {
        "coordinates": [
          44.99638237,
          12.84860542
        ],
        "type": "Point"
      },
      "properties": {
        "chainage_m": 4599.75,
        "civil_class": "bridge",
        "investigation_flags": [
          "coverage-gap"
        ],
        "lat": 12.84860542,
        "line": "line-1",
        "lon": 44.99638237,
        "sample_id": "segment:line-1-civil-010:0001",
        "scope_id": "line-1-civil-010",
        "scope_type": "civil_segment"
      },
      "type": "Feature"
    },
    {
      "geometry": {
        "coordinates": [
          44.99802449,
          12.84556166
        ],
        "type": "Point"
      },
      "properties": {
        "chainage_m": 5011.9,
        "civil_class": "bridge",
        "investigation_flags": [
          "fine-soil-plasticity-and-shrink-swell-tests",
          "granular-density-and-groundwater-tests"
        ],
        "lat": 12.84556166,
        "line": "line-1",
        "lon": 44.99802449,
        "sample_id": "segment:line-1-civil-010:0002",
        "scope_id": "line-1-civil-010",
        "scope_type": "civil_segment"
      },
      "type": "Feature"
    },
    {
      "geometry": {
        "coordinates": [
          44.99802449,
          12.84556166
        ],
        "type": "Point"
      },
      "properties": {
        "chainage_m": 5011.9,
        "civil_class": "elevated",
        "investigation_flags": [
          "fine-soil-plasticity-and-shrink-swell-tests",
          "granular-density-and-groundwater-tests"
        ],
        "lat": 12.84556166,
        "line": "line-1",
        "lon": 44.99802449,
        "sample_id": "segment:line-1-civil-011:0000",
        "scope_id": "line-1-civil-011",
        "scope_type": "civil_segment"
      },
      "type": "Feature"
    },
    {
      "geometry": {
        "coordinates": [
          44.99811929,
          12.8452891
        ],
        "type": "Point"
      },
      "properties": {
        "chainage_m": 5074.306,
        "civil_class": "elevated",
        "investigation_flags": [
          "fine-soil-plasticity-and-shrink-swell-tests",
          "granular-density-and-groundwater-tests"
        ],
        "lat": 12.8452891,
        "line": "line-1",
        "lon": 44.99811929,
        "sample_id": "segment:line-1-civil-011:0001",
        "scope_id": "line-1-civil-011",
        "scope_type": "civil_segment"
      },
      "type": "Feature"
    },
    {
      "geometry": {
        "coordinates": [
          44.99765903,
          12.84555871
        ],
        "type": "Point"
      },
      "properties": {
        "chainage_m": 5136.711,
        "civil_class": "elevated",
        "investigation_flags": [
          "fine-soil-plasticity-and-shrink-swell-tests",
          "granular-density-and-groundwater-tests"
        ],
        "lat": 12.84555871,
        "line": "line-1",
        "lon": 44.99765903,
        "sample_id": "segment:line-1-civil-011:0002",
        "scope_id": "line-1-civil-011",
        "scope_type": "civil_segment"
      },
      "type": "Feature"
    },
    {
      "geometry": {
        "coordinates": [
          44.99765903,
          12.84555871
        ],
        "type": "Point"
      },
      "properties": {
        "chainage_m": 5136.711,
        "civil_class": "elevated",
        "investigation_flags": [
          "fine-soil-plasticity-and-shrink-swell-tests",
          "granular-density-and-groundwater-tests"
        ],
        "lat": 12.84555871,
        "line": "line-1",
        "lon": 44.99765903,
        "sample_id": "segment:line-1-civil-012:0000",
        "scope_id": "line-1-civil-012",
        "scope_type": "civil_segment"
      },
      "type": "Feature"
    },
    {
      "geometry": {
        "coordinates": [
          44.99756688,
          12.84564872
        ],
        "type": "Point"
      },
      "properties": {
        "chainage_m": 5150.854,
        "civil_class": "elevated",
        "investigation_flags": [
          "fine-soil-plasticity-and-shrink-swell-tests",
          "granular-density-and-groundwater-tests"
        ],
        "lat": 12.84564872,
        "line": "line-1",
        "lon": 44.99756688,
        "sample_id": "segment:line-1-civil-012:0001",
        "scope_id": "line-1-civil-012",
        "scope_type": "civil_segment"
      },
      "type": "Feature"
    },
    {
      "geometry": {
        "coordinates": [
          44.99747474,
          12.84573872
        ],
        "type": "Point"
      },
      "properties": {
        "chainage_m": 5164.996,
        "civil_class": "elevated",
        "investigation_flags": [
          "fine-soil-plasticity-and-shrink-swell-tests",
          "granular-density-and-groundwater-tests"
        ],
        "lat": 12.84573872,
        "line": "line-1",
        "lon": 44.99747474,
        "sample_id": "segment:line-1-civil-012:0002",
        "scope_id": "line-1-civil-012",
        "scope_type": "civil_segment"
      },
      "type": "Feature"
    },
    {
      "geometry": {
        "coordinates": [
          44.99747474,
          12.84573872
        ],
        "type": "Point"
      },
      "properties": {
        "chainage_m": 5164.996,
        "civil_class": "elevated",
        "investigation_flags": [
          "fine-soil-plasticity-and-shrink-swell-tests",
          "granular-density-and-groundwater-tests"
        ],
        "lat": 12.84573872,
        "line": "line-1",
        "lon": 44.99747474,
        "sample_id": "segment:line-1-civil-013:0000",
        "scope_id": "line-1-civil-013",
        "scope_type": "civil_segment"
      },
      "type": "Feature"
    },
    {
      "geometry": {
        "coordinates": [
          44.99499802,
          12.84689822
        ],
        "type": "Point"
      },
      "properties": {
        "chainage_m": 5487.128,
        "civil_class": "elevated",
        "investigation_flags": [
          "coverage-gap"
        ],
        "lat": 12.84689822,
        "line": "line-1",
        "lon": 44.99499802,
        "sample_id": "segment:line-1-civil-013:0001",
        "scope_id": "line-1-civil-013",
        "scope_type": "civil_segment"
      },
      "type": "Feature"
    },
    {
      "geometry": {
        "coordinates": [
          44.99268231,
          12.84844034
        ],
        "type": "Point"
      },
      "properties": {
        "chainage_m": 5809.26,
        "civil_class": "elevated",
        "investigation_flags": [
          "fine-soil-plasticity-and-shrink-swell-tests",
          "granular-density-and-groundwater-tests"
        ],
        "lat": 12.84844034,
        "line": "line-1",
        "lon": 44.99268231,
        "sample_id": "segment:line-1-civil-013:0002",
        "scope_id": "line-1-civil-013",
        "scope_type": "civil_segment"
      },
      "type": "Feature"
    },
    {
      "geometry": {
        "coordinates": [
          44.99268231,
          12.84844034
        ],
        "type": "Point"
      },
      "properties": {
        "chainage_m": 5809.26,
        "civil_class": "elevated",
        "investigation_flags": [
          "fine-soil-plasticity-and-shrink-swell-tests",
          "granular-density-and-groundwater-tests"
        ],
        "lat": 12.84844034,
        "line": "line-1",
        "lon": 44.99268231,
        "sample_id": "segment:line-1-civil-014:0000",
        "scope_id": "line-1-civil-014",
        "scope_type": "civil_segment"
      },
      "type": "Feature"
    },
    {
      "geometry": {
        "coordinates": [
          44.99231449,
          12.84881528
        ],
        "type": "Point"
      },
      "properties": {
        "chainage_m": 5867.544,
        "civil_class": "elevated",
        "investigation_flags": [
          "fine-soil-plasticity-and-shrink-swell-tests",
          "granular-density-and-groundwater-tests"
        ],
        "lat": 12.84881528,
        "line": "line-1",
        "lon": 44.99231449,
        "sample_id": "segment:line-1-civil-014:0001",
        "scope_id": "line-1-civil-014",
        "scope_type": "civil_segment"
      },
      "type": "Feature"
    },
    {
      "geometry": {
        "coordinates": [
          44.99231449,
          12.84934018
        ],
        "type": "Point"
      },
      "properties": {
        "chainage_m": 5925.828,
        "civil_class": "elevated",
        "investigation_flags": [
          "coverage-gap"
        ],
        "lat": 12.84934018,
        "line": "line-1",
        "lon": 44.99231449,
        "sample_id": "segment:line-1-civil-014:0002",
        "scope_id": "line-1-civil-014",
        "scope_type": "civil_segment"
      },
      "type": "Feature"
    },
    {
      "geometry": {
        "coordinates": [
          44.99231449,
          12.84934018
        ],
        "type": "Point"
      },
      "properties": {
        "chainage_m": 5925.828,
        "civil_class": "elevated",
        "investigation_flags": [
          "coverage-gap"
        ],
        "lat": 12.84934018,
        "line": "line-1",
        "lon": 44.99231449,
        "sample_id": "segment:line-1-civil-015:0000",
        "scope_id": "line-1-civil-015",
        "scope_type": "civil_segment"
      },
      "type": "Feature"
    },
    {
      "geometry": {
        "coordinates": [
          44.99231449,
          12.84952003
        ],
        "type": "Point"
      },
      "properties": {
        "chainage_m": 5945.828,
        "civil_class": "elevated",
        "investigation_flags": [
          "coverage-gap"
        ],
        "lat": 12.84952003,
        "line": "line-1",
        "lon": 44.99231449,
        "sample_id": "segment:line-1-civil-015:0001",
        "scope_id": "line-1-civil-015",
        "scope_type": "civil_segment"
      },
      "type": "Feature"
    },
    {
      "geometry": {
        "coordinates": [
          44.99231449,
          12.84969987
        ],
        "type": "Point"
      },
      "properties": {
        "chainage_m": 5965.828,
        "civil_class": "elevated",
        "investigation_flags": [
          "coverage-gap"
        ],
        "lat": 12.84969987,
        "line": "line-1",
        "lon": 44.99231449,
        "sample_id": "segment:line-1-civil-015:0002",
        "scope_id": "line-1-civil-015",
        "scope_type": "civil_segment"
      },
      "type": "Feature"
    },
    {
      "geometry": {
        "coordinates": [
          44.99231449,
          12.84969987
        ],
        "type": "Point"
      },
      "properties": {
        "chainage_m": 5965.828,
        "civil_class": "elevated",
        "investigation_flags": [
          "coverage-gap"
        ],
        "lat": 12.84969987,
        "line": "line-1",
        "lon": 44.99231449,
        "sample_id": "segment:line-1-civil-016:0000",
        "scope_id": "line-1-civil-016",
        "scope_type": "civil_segment"
      },
      "type": "Feature"
    },
    {
      "geometry": {
        "coordinates": [
          44.99225998,
          12.85011264
        ],
        "type": "Point"
      },
      "properties": {
        "chainage_m": 6014.113,
        "civil_class": "elevated",
        "investigation_flags": [
          "coverage-gap"
        ],
        "lat": 12.85011264,
        "line": "line-1",
        "lon": 44.99225998,
        "sample_id": "segment:line-1-civil-016:0001",
        "scope_id": "line-1-civil-016",
        "scope_type": "civil_segment"
      },
      "type": "Feature"
    },
    {
      "geometry": {
        "coordinates": [
          44.9919458,
          12.85041953
        ],
        "type": "Point"
      },
      "properties": {
        "chainage_m": 6062.397,
        "civil_class": "elevated",
        "investigation_flags": [
          "coverage-gap"
        ],
        "lat": 12.85041953,
        "line": "line-1",
        "lon": 44.9919458,
        "sample_id": "segment:line-1-civil-016:0002",
        "scope_id": "line-1-civil-016",
        "scope_type": "civil_segment"
      },
      "type": "Feature"
    },
    {
      "geometry": {
        "coordinates": [
          44.9919458,
          12.85041953
        ],
        "type": "Point"
      },
      "properties": {
        "chainage_m": 6062.397,
        "civil_class": "elevated",
        "investigation_flags": [
          "coverage-gap"
        ],
        "lat": 12.85041953,
        "line": "line-1",
        "lon": 44.9919458,
        "sample_id": "segment:line-1-civil-017:0000",
        "scope_id": "line-1-civil-017",
        "scope_type": "civil_segment"
      },
      "type": "Feature"
    },
    {
      "geometry": {
        "coordinates": [
          44.99157724,
          12.85077954
        ],
        "type": "Point"
      },
      "properties": {
        "chainage_m": 6118.966,
        "civil_class": "elevated",
        "investigation_flags": [
          "coverage-gap"
        ],
        "lat": 12.85077954,
        "line": "line-1",
        "lon": 44.99157724,
        "sample_id": "segment:line-1-civil-017:0001",
        "scope_id": "line-1-civil-017",
        "scope_type": "civil_segment"
      },
      "type": "Feature"
    },
    {
      "geometry": {
        "coordinates": [
          44.99120868,
          12.85113955
        ],
        "type": "Point"
      },
      "properties": {
        "chainage_m": 6175.534,
        "civil_class": "elevated",
        "investigation_flags": [
          "coverage-gap"
        ],
        "lat": 12.85113955,
        "line": "line-1",
        "lon": 44.99120868,
        "sample_id": "segment:line-1-civil-017:0002",
        "scope_id": "line-1-civil-017",
        "scope_type": "civil_segment"
      },
      "type": "Feature"
    },
    {
      "geometry": {
        "coordinates": [
          44.99120868,
          12.85113955
        ],
        "type": "Point"
      },
      "properties": {
        "chainage_m": 6175.534,
        "civil_class": "elevated",
        "investigation_flags": [
          "coverage-gap"
        ],
        "lat": 12.85113955,
        "line": "line-1",
        "lon": 44.99120868,
        "sample_id": "segment:line-1-civil-018:0000",
        "scope_id": "line-1-civil-018",
        "scope_type": "civil_segment"
      },
      "type": "Feature"
    },
    {
      "geometry": {
        "coordinates": [
          44.9910248,
          12.85155184
        ],
        "type": "Point"
      },
      "properties": {
        "chainage_m": 6229.676,
        "civil_class": "elevated",
        "investigation_flags": [
          "coverage-gap"
        ],
        "lat": 12.85155184,
        "line": "line-1",
        "lon": 44.9910248,
        "sample_id": "segment:line-1-civil-018:0001",
        "scope_id": "line-1-civil-018",
        "scope_type": "civil_segment"
      },
      "type": "Feature"
    },
    {
      "geometry": {
        "coordinates": [
          44.9910248,
          12.8520391
        ],
        "type": "Point"
      },
      "properties": {
        "chainage_m": 6283.818,
        "civil_class": "elevated",
        "investigation_flags": [
          "granular-density-and-groundwater-tests"
        ],
        "lat": 12.8520391,
        "line": "line-1",
        "lon": 44.9910248,
        "sample_id": "segment:line-1-civil-018:0002",
        "scope_id": "line-1-civil-018",
        "scope_type": "civil_segment"
      },
      "type": "Feature"
    },
    {
      "geometry": {
        "coordinates": [
          44.9910248,
          12.8520391
        ],
        "type": "Point"
      },
      "properties": {
        "chainage_m": 6283.818,
        "civil_class": "elevated",
        "investigation_flags": [
          "granular-density-and-groundwater-tests"
        ],
        "lat": 12.8520391,
        "line": "line-1",
        "lon": 44.9910248,
        "sample_id": "segment:line-1-civil-019:0000",
        "scope_id": "line-1-civil-019",
        "scope_type": "civil_segment"
      },
      "type": "Feature"
    },
    {
      "geometry": {
        "coordinates": [
          44.9910248,
          12.85257863
        ],
        "type": "Point"
      },
      "properties": {
        "chainage_m": 6343.818,
        "civil_class": "elevated",
        "investigation_flags": [
          "granular-density-and-groundwater-tests"
        ],
        "lat": 12.85257863,
        "line": "line-1",
        "lon": 44.9910248,
        "sample_id": "segment:line-1-civil-019:0001",
        "scope_id": "line-1-civil-019",
        "scope_type": "civil_segment"
      },
      "type": "Feature"
    },
    {
      "geometry": {
        "coordinates": [
          44.9910248,
          12.85311817
        ],
        "type": "Point"
      },
      "properties": {
        "chainage_m": 6403.818,
        "civil_class": "elevated",
        "investigation_flags": [
          "granular-density-and-groundwater-tests"
        ],
        "lat": 12.85311817,
        "line": "line-1",
        "lon": 44.9910248,
        "sample_id": "segment:line-1-civil-019:0002",
        "scope_id": "line-1-civil-019",
        "scope_type": "civil_segment"
      },
      "type": "Feature"
    },
    {
      "geometry": {
        "coordinates": [
          44.9910248,
          12.85311817
        ],
        "type": "Point"
      },
      "properties": {
        "chainage_m": 6403.818,
        "civil_class": "elevated",
        "investigation_flags": [
          "granular-density-and-groundwater-tests"
        ],
        "lat": 12.85311817,
        "line": "line-1",
        "lon": 44.9910248,
        "sample_id": "segment:line-1-civil-020:0000",
        "scope_id": "line-1-civil-020",
        "scope_type": "civil_segment"
      },
      "type": "Feature"
    },
    {
      "geometry": {
        "coordinates": [
          44.9910248,
          12.85364308
        ],
        "type": "Point"
      },
      "properties": {
        "chainage_m": 6462.102,
        "civil_class": "elevated",
        "investigation_flags": [
          "granular-density-and-groundwater-tests"
        ],
        "lat": 12.85364308,
        "line": "line-1",
        "lon": 44.9910248,
        "sample_id": "segment:line-1-civil-020:0001",
        "scope_id": "line-1-civil-020",
        "scope_type": "civil_segment"
      },
      "type": "Feature"
    },
    {
      "geometry": {
        "coordinates": [
          44.99139264,
          12.85401801
        ],
        "type": "Point"
      },
      "properties": {
        "chainage_m": 6520.387,
        "civil_class": "elevated",
        "investigation_flags": [
          "granular-density-and-groundwater-tests"
        ],
        "lat": 12.85401801,
        "line": "line-1",
        "lon": 44.99139264,
        "sample_id": "segment:line-1-civil-020:0002",
        "scope_id": "line-1-civil-020",
        "scope_type": "civil_segment"
      },
      "type": "Feature"
    },
    {
      "geometry": {
        "coordinates": [
          44.99139264,
          12.85401801
        ],
        "type": "Point"
      },
      "properties": {
        "chainage_m": 6520.387,
        "civil_class": "elevated",
        "investigation_flags": [
          "granular-density-and-groundwater-tests"
        ],
        "lat": 12.85401801,
        "line": "line-1",
        "lon": 44.99139264,
        "sample_id": "segment:line-1-civil-021:0000",
        "scope_id": "line-1-civil-021",
        "scope_type": "civil_segment"
      },
      "type": "Feature"
    },
    {
      "geometry": {
        "coordinates": [
          44.9923794,
          12.85498188
        ],
        "type": "Point"
      },
      "properties": {
        "chainage_m": 6671.808,
        "civil_class": "elevated",
        "investigation_flags": [
          "granular-density-and-groundwater-tests"
        ],
        "lat": 12.85498188,
        "line": "line-1",
        "lon": 44.9923794,
        "sample_id": "segment:line-1-civil-021:0001",
        "scope_id": "line-1-civil-021",
        "scope_type": "civil_segment"
      },
      "type": "Feature"
    },
    {
      "geometry": {
        "coordinates": [
          44.99341982,
          12.8558182
        ],
        "type": "Point"
      },
      "properties": {
        "chainage_m": 6823.229,
        "civil_class": "elevated",
        "investigation_flags": [
          "granular-density-and-groundwater-tests"
        ],
        "lat": 12.8558182,
        "line": "line-1",
        "lon": 44.99341982,
        "sample_id": "segment:line-1-civil-021:0002",
        "scope_id": "line-1-civil-021",
        "scope_type": "civil_segment"
      },
      "type": "Feature"
    },
    {
      "geometry": {
        "coordinates": [
          44.99341982,
          12.8558182
        ],
        "type": "Point"
      },
      "properties": {
        "chainage_m": 6823.229,
        "civil_class": "elevated",
        "investigation_flags": [
          "granular-density-and-groundwater-tests"
        ],
        "lat": 12.8558182,
        "line": "line-1",
        "lon": 44.99341982,
        "sample_id": "segment:line-1-civil-022:0000",
        "scope_id": "line-1-civil-022",
        "scope_type": "civil_segment"
      },
      "type": "Feature"
    },
    {
      "geometry": {
        "coordinates": [
          44.99384295,
          12.85599827
        ],
        "type": "Point"
      },
      "properties": {
        "chainage_m": 6877.372,
        "civil_class": "elevated",
        "investigation_flags": [
          "granular-density-and-groundwater-tests"
        ],
        "lat": 12.85599827,
        "line": "line-1",
        "lon": 44.99384295,
        "sample_id": "segment:line-1-civil-022:0001",
        "scope_id": "line-1-civil-022",
        "scope_type": "civil_segment"
      },
      "type": "Feature"
    },
    {
      "geometry": {
        "coordinates": [
          44.99434186,
          12.85599827
        ],
        "type": "Point"
      },
      "properties": {
        "chainage_m": 6931.514,
        "civil_class": "elevated",
        "investigation_flags": [
          "granular-density-and-groundwater-tests"
        ],
        "lat": 12.85599827,
        "line": "line-1",
        "lon": 44.99434186,
        "sample_id": "segment:line-1-civil-022:0002",
        "scope_id": "line-1-civil-022",
        "scope_type": "civil_segment"
      },
      "type": "Feature"
    },
    {
      "geometry": {
        "coordinates": [
          44.99434186,
          12.85599827
        ],
        "type": "Point"
      },
      "properties": {
        "chainage_m": 6931.514,
        "civil_class": "elevated",
        "investigation_flags": [
          "granular-density-and-groundwater-tests"
        ],
        "lat": 12.85599827,
        "line": "line-1",
        "lon": 44.99434186,
        "sample_id": "segment:line-1-civil-023:0000",
        "scope_id": "line-1-civil-023",
        "scope_type": "civil_segment"
      },
      "type": "Feature"
    },
    {
      "geometry": {
        "coordinates": [
          44.99489519,
          12.85599827
        ],
        "type": "Point"
      },
      "properties": {
        "chainage_m": 6991.514,
        "civil_class": "elevated",
        "investigation_flags": [
          "granular-density-and-groundwater-tests"
        ],
        "lat": 12.85599827,
        "line": "line-1",
        "lon": 44.99489519,
        "sample_id": "segment:line-1-civil-023:0001",
        "scope_id": "line-1-civil-023",
        "scope_type": "civil_segment"
      },
      "type": "Feature"
    },
    {
      "geometry": {
        "coordinates": [
          44.99544852,
          12.85599827
        ],
        "type": "Point"
      },
      "properties": {
        "chainage_m": 7051.514,
        "civil_class": "elevated",
        "investigation_flags": [
          "granular-density-and-groundwater-tests"
        ],
        "lat": 12.85599827,
        "line": "line-1",
        "lon": 44.99544852,
        "sample_id": "segment:line-1-civil-023:0002",
        "scope_id": "line-1-civil-023",
        "scope_type": "civil_segment"
      },
      "type": "Feature"
    },
    {
      "geometry": {
        "coordinates": [
          44.99544852,
          12.85599827
        ],
        "type": "Point"
      },
      "properties": {
        "chainage_m": 7051.514,
        "civil_class": "elevated",
        "investigation_flags": [
          "granular-density-and-groundwater-tests"
        ],
        "lat": 12.85599827,
        "line": "line-1",
        "lon": 44.99544852,
        "sample_id": "segment:line-1-civil-024:0000",
        "scope_id": "line-1-civil-024",
        "scope_type": "civil_segment"
      },
      "type": "Feature"
    },
    {
      "geometry": {
        "coordinates": [
          44.9958552,
          12.85599827
        ],
        "type": "Point"
      },
      "properties": {
        "chainage_m": 7095.656,
        "civil_class": "elevated",
        "investigation_flags": [
          "granular-density-and-groundwater-tests"
        ],
        "lat": 12.85599827,
        "line": "line-1",
        "lon": 44.9958552,
        "sample_id": "segment:line-1-civil-024:0001",
        "scope_id": "line-1-civil-024",
        "scope_type": "civil_segment"
      },
      "type": "Feature"
    },
    {
      "geometry": {
        "coordinates": [
          44.99618538,
          12.85618004
        ],
        "type": "Point"
      },
      "properties": {
        "chainage_m": 7139.798,
        "civil_class": "elevated",
        "investigation_flags": [
          "coverage-gap"
        ],
        "lat": 12.85618004,
        "line": "line-1",
        "lon": 44.99618538,
        "sample_id": "segment:line-1-civil-024:0002",
        "scope_id": "line-1-civil-024",
        "scope_type": "civil_segment"
      },
      "type": "Feature"
    },
    {
      "geometry": {
        "coordinates": [
          44.99618538,
          12.85618004
        ],
        "type": "Point"
      },
      "properties": {
        "chainage_m": 7139.798,
        "civil_class": "elevated",
        "investigation_flags": [
          "coverage-gap"
        ],
        "lat": 12.85618004,
        "line": "line-1",
        "lon": 44.99618538,
        "sample_id": "segment:line-1-civil-025:0000",
        "scope_id": "line-1-civil-025",
        "scope_type": "civil_segment"
      },
      "type": "Feature"
    },
    {
      "geometry": {
        "coordinates": [
          44.99646181,
          12.85645005
        ],
        "type": "Point"
      },
      "properties": {
        "chainage_m": 7182.225,
        "civil_class": "elevated",
        "investigation_flags": [
          "coverage-gap"
        ],
        "lat": 12.85645005,
        "line": "line-1",
        "lon": 44.99646181,
        "sample_id": "segment:line-1-civil-025:0001",
        "scope_id": "line-1-civil-025",
        "scope_type": "civil_segment"
      },
      "type": "Feature"
    },
    {
      "geometry": {
        "coordinates": [
          44.99673904,
          12.85671814
        ],
        "type": "Point"
      },
      "properties": {
        "chainage_m": 7224.651,
        "civil_class": "elevated",
        "investigation_flags": [
          "coverage-gap"
        ],
        "lat": 12.85671814,
        "line": "line-1",
        "lon": 44.99673904,
        "sample_id": "segment:line-1-civil-025:0002",
        "scope_id": "line-1-civil-025",
        "scope_type": "civil_segment"
      },
      "type": "Feature"
    },
    {
      "geometry": {
        "coordinates": [
          44.99673904,
          12.85671814
        ],
        "type": "Point"
      },
      "properties": {
        "chainage_m": 7224.651,
        "civil_class": "elevated",
        "investigation_flags": [
          "coverage-gap"
        ],
        "lat": 12.85671814,
        "line": "line-1",
        "lon": 44.99673904,
        "sample_id": "segment:line-1-civil-026:0000",
        "scope_id": "line-1-civil-026",
        "scope_type": "civil_segment"
      },
      "type": "Feature"
    },
    {
      "geometry": {
        "coordinates": [
          44.99692348,
          12.85671814
        ],
        "type": "Point"
      },
      "properties": {
        "chainage_m": 7244.651,
        "civil_class": "elevated",
        "investigation_flags": [
          "coverage-gap"
        ],
        "lat": 12.85671814,
        "line": "line-1",
        "lon": 44.99692348,
        "sample_id": "segment:line-1-civil-026:0001",
        "scope_id": "line-1-civil-026",
        "scope_type": "civil_segment"
      },
      "type": "Feature"
    },
    {
      "geometry": {
        "coordinates": [
          44.997107,
          12.85672033
        ],
        "type": "Point"
      },
      "properties": {
        "chainage_m": 7264.651,
        "civil_class": "elevated",
        "investigation_flags": [
          "coverage-gap"
        ],
        "lat": 12.85672033,
        "line": "line-1",
        "lon": 44.997107,
        "sample_id": "segment:line-1-civil-026:0002",
        "scope_id": "line-1-civil-026",
        "scope_type": "civil_segment"
      },
      "type": "Feature"
    },
    {
      "geometry": {
        "coordinates": [
          44.997107,
          12.85672033
        ],
        "type": "Point"
      },
      "properties": {
        "chainage_m": 7264.651,
        "civil_class": "elevated",
        "investigation_flags": [
          "coverage-gap"
        ],
        "lat": 12.85672033,
        "line": "line-1",
        "lon": 44.997107,
        "sample_id": "segment:line-1-civil-027:0000",
        "scope_id": "line-1-civil-027",
        "scope_type": "civil_segment"
      },
      "type": "Feature"
    },
    {
      "geometry": {
        "coordinates": [
          44.99719914,
          12.85681034
        ],
        "type": "Point"
      },
      "properties": {
        "chainage_m": 7278.793,
        "civil_class": "elevated",
        "investigation_flags": [
          "coverage-gap"
        ],
        "lat": 12.85681034,
        "line": "line-1",
        "lon": 44.99719914,
        "sample_id": "segment:line-1-civil-027:0001",
        "scope_id": "line-1-civil-027",
        "scope_type": "civil_segment"
      },
      "type": "Feature"
    },
    {
      "geometry": {
        "coordinates": [
          44.99729222,
          12.8568981
        ],
        "type": "Point"
      },
      "properties": {
        "chainage_m": 7292.935,
        "civil_class": "elevated",
        "investigation_flags": [
          "coverage-gap"
        ],
        "lat": 12.8568981,
        "line": "line-1",
        "lon": 44.99729222,
        "sample_id": "segment:line-1-civil-027:0002",
        "scope_id": "line-1-civil-027",
        "scope_type": "civil_segment"
      },
      "type": "Feature"
    },
    {
      "geometry": {
        "coordinates": [
          44.99729222,
          12.8568981
        ],
        "type": "Point"
      },
      "properties": {
        "chainage_m": 7292.935,
        "civil_class": "elevated",
        "investigation_flags": [
          "coverage-gap"
        ],
        "lat": 12.8568981,
        "line": "line-1",
        "lon": 44.99729222,
        "sample_id": "segment:line-1-civil-028:0000",
        "scope_id": "line-1-civil-028",
        "scope_type": "civil_segment"
      },
      "type": "Feature"
    },
    {
      "geometry": {
        "coordinates": [
          44.99747667,
          12.8568981
        ],
        "type": "Point"
      },
      "properties": {
        "chainage_m": 7312.935,
        "civil_class": "elevated",
        "investigation_flags": [
          "coverage-gap"
        ],
        "lat": 12.8568981,
        "line": "line-1",
        "lon": 44.99747667,
        "sample_id": "segment:line-1-civil-028:0001",
        "scope_id": "line-1-civil-028",
        "scope_type": "civil_segment"
      },
      "type": "Feature"
    },
    {
      "geometry": {
        "coordinates": [
          44.99766111,
          12.8568981
        ],
        "type": "Point"
      },
      "properties": {
        "chainage_m": 7332.935,
        "civil_class": "elevated",
        "investigation_flags": [
          "coverage-gap"
        ],
        "lat": 12.8568981,
        "line": "line-1",
        "lon": 44.99766111,
        "sample_id": "segment:line-1-civil-028:0002",
        "scope_id": "line-1-civil-028",
        "scope_type": "civil_segment"
      },
      "type": "Feature"
    },
    {
      "geometry": {
        "coordinates": [
          44.99766111,
          12.8568981
        ],
        "type": "Point"
      },
      "properties": {
        "chainage_m": 7332.935,
        "civil_class": "elevated",
        "investigation_flags": [
          "coverage-gap"
        ],
        "lat": 12.8568981,
        "line": "line-1",
        "lon": 44.99766111,
        "sample_id": "segment:line-1-civil-029:0000",
        "scope_id": "line-1-civil-029",
        "scope_type": "civil_segment"
      },
      "type": "Feature"
    },
    {
      "geometry": {
        "coordinates": [
          44.99803,
          12.8568981
        ],
        "type": "Point"
      },
      "properties": {
        "chainage_m": 7372.935,
        "civil_class": "elevated",
        "investigation_flags": [
          "coverage-gap"
        ],
        "lat": 12.8568981,
        "line": "line-1",
        "lon": 44.99803,
        "sample_id": "segment:line-1-civil-029:0001",
        "scope_id": "line-1-civil-029",
        "scope_type": "civil_segment"
      },
      "type": "Feature"
    },
    {
      "geometry": {
        "coordinates": [
          44.99839889,
          12.8568981
        ],
        "type": "Point"
      },
      "properties": {
        "chainage_m": 7412.935,
        "civil_class": "elevated",
        "investigation_flags": [
          "coverage-gap"
        ],
        "lat": 12.8568981,
        "line": "line-1",
        "lon": 44.99839889,
        "sample_id": "segment:line-1-civil-029:0002",
        "scope_id": "line-1-civil-029",
        "scope_type": "civil_segment"
      },
      "type": "Feature"
    },
    {
      "geometry": {
        "coordinates": [
          44.99839889,
          12.8568981
        ],
        "type": "Point"
      },
      "properties": {
        "chainage_m": 7412.935,
        "civil_class": "elevated",
        "investigation_flags": [
          "coverage-gap"
        ],
        "lat": 12.8568981,
        "line": "line-1",
        "lon": 44.99839889,
        "sample_id": "segment:line-1-civil-030:0000",
        "scope_id": "line-1-civil-030",
        "scope_type": "civil_segment"
      },
      "type": "Feature"
    },
    {
      "geometry": {
        "coordinates": [
          44.99893558,
          12.8568981
        ],
        "type": "Point"
      },
      "properties": {
        "chainage_m": 7471.22,
        "civil_class": "elevated",
        "investigation_flags": [
          "coverage-gap"
        ],
        "lat": 12.8568981,
        "line": "line-1",
        "lon": 44.99893558,
        "sample_id": "segment:line-1-civil-030:0001",
        "scope_id": "line-1-civil-030",
        "scope_type": "civil_segment"
      },
      "type": "Feature"
    },
    {
      "geometry": {
        "coordinates": [
          44.9993193,
          12.85726161
        ],
        "type": "Point"
      },
      "properties": {
        "chainage_m": 7529.504,
        "civil_class": "elevated",
        "investigation_flags": [
          "granular-density-and-groundwater-tests"
        ],
        "lat": 12.85726161,
        "line": "line-1",
        "lon": 44.9993193,
        "sample_id": "segment:line-1-civil-030:0002",
        "scope_id": "line-1-civil-030",
        "scope_type": "civil_segment"
      },
      "type": "Feature"
    },
    {
      "geometry": {
        "coordinates": [
          44.9993193,
          12.85726161
        ],
        "type": "Point"
      },
      "properties": {
        "chainage_m": 7529.504,
        "civil_class": "elevated",
        "investigation_flags": [
          "granular-density-and-groundwater-tests"
        ],
        "lat": 12.85726161,
        "line": "line-1",
        "lon": 44.9993193,
        "sample_id": "segment:line-1-civil-031:0000",
        "scope_id": "line-1-civil-031",
        "scope_type": "civil_segment"
      },
      "type": "Feature"
    },
    {
      "geometry": {
        "coordinates": [
          44.99950358,
          12.85744161
        ],
        "type": "Point"
      },
      "properties": {
        "chainage_m": 7557.788,
        "civil_class": "elevated",
        "investigation_flags": [
          "granular-density-and-groundwater-tests"
        ],
        "lat": 12.85744161,
        "line": "line-1",
        "lon": 44.99950358,
        "sample_id": "segment:line-1-civil-031:0001",
        "scope_id": "line-1-civil-031",
        "scope_type": "civil_segment"
      },
      "type": "Feature"
    },
    {
      "geometry": {
        "coordinates": [
          44.99968785,
          12.85762162
        ],
        "type": "Point"
      },
      "properties": {
        "chainage_m": 7586.072,
        "civil_class": "elevated",
        "investigation_flags": [
          "granular-density-and-groundwater-tests"
        ],
        "lat": 12.85762162,
        "line": "line-1",
        "lon": 44.99968785,
        "sample_id": "segment:line-1-civil-031:0002",
        "scope_id": "line-1-civil-031",
        "scope_type": "civil_segment"
      },
      "type": "Feature"
    },
    {
      "geometry": {
        "coordinates": [
          44.99968785,
          12.85762162
        ],
        "type": "Point"
      },
      "properties": {
        "chainage_m": 7586.072,
        "civil_class": "elevated",
        "investigation_flags": [
          "granular-density-and-groundwater-tests"
        ],
        "lat": 12.85762162,
        "line": "line-1",
        "lon": 44.99968785,
        "sample_id": "segment:line-1-civil-032:0000",
        "scope_id": "line-1-civil-032",
        "scope_type": "civil_segment"
      },
      "type": "Feature"
    },
    {
      "geometry": {
        "coordinates": [
          45.00011257,
          12.85779793
        ],
        "type": "Point"
      },
      "properties": {
        "chainage_m": 7640.214,
        "civil_class": "elevated",
        "investigation_flags": [
          "granular-density-and-groundwater-tests"
        ],
        "lat": 12.85779793,
        "line": "line-1",
        "lon": 45.00011257,
        "sample_id": "segment:line-1-civil-032:0001",
        "scope_id": "line-1-civil-032",
        "scope_type": "civil_segment"
      },
      "type": "Feature"
    },
    {
      "geometry": {
        "coordinates": [
          45.00061148,
          12.85779793
        ],
        "type": "Point"
      },
      "properties": {
        "chainage_m": 7694.356,
        "civil_class": "elevated",
        "investigation_flags": [
          "granular-density-and-groundwater-tests"
        ],
        "lat": 12.85779793,
        "line": "line-1",
        "lon": 45.00061148,
        "sample_id": "segment:line-1-civil-032:0002",
        "scope_id": "line-1-civil-032",
        "scope_type": "civil_segment"
      },
      "type": "Feature"
    },
    {
      "geometry": {
        "coordinates": [
          45.00061148,
          12.85779793
        ],
        "type": "Point"
      },
      "properties": {
        "chainage_m": 7694.356,
        "civil_class": "elevated",
        "investigation_flags": [
          "granular-density-and-groundwater-tests"
        ],
        "lat": 12.85779793,
        "line": "line-1",
        "lon": 45.00061148,
        "sample_id": "segment:line-1-civil-033:0000",
        "scope_id": "line-1-civil-033",
        "scope_type": "civil_segment"
      },
      "type": "Feature"
    },
    {
      "geometry": {
        "coordinates": [
          45.00144147,
          12.85779793
        ],
        "type": "Point"
      },
      "properties": {
        "chainage_m": 7784.356,
        "civil_class": "elevated",
        "investigation_flags": [
          "granular-density-and-groundwater-tests"
        ],
        "lat": 12.85779793,
        "line": "line-1",
        "lon": 45.00144147,
        "sample_id": "segment:line-1-civil-033:0001",
        "scope_id": "line-1-civil-033",
        "scope_type": "civil_segment"
      },
      "type": "Feature"
    },
    {
      "geometry": {
        "coordinates": [
          45.00227147,
          12.85779793
        ],
        "type": "Point"
      },
      "properties": {
        "chainage_m": 7874.356,
        "civil_class": "elevated",
        "investigation_flags": [
          "granular-density-and-groundwater-tests"
        ],
        "lat": 12.85779793,
        "line": "line-1",
        "lon": 45.00227147,
        "sample_id": "segment:line-1-civil-033:0002",
        "scope_id": "line-1-civil-033",
        "scope_type": "civil_segment"
      },
      "type": "Feature"
    },
    {
      "geometry": {
        "coordinates": [
          45.00227147,
          12.85779793
        ],
        "type": "Point"
      },
      "properties": {
        "chainage_m": 7874.356,
        "civil_class": "elevated",
        "investigation_flags": [
          "granular-density-and-groundwater-tests"
        ],
        "lat": 12.85779793,
        "line": "line-1",
        "lon": 45.00227147,
        "sample_id": "segment:line-1-civil-034:0000",
        "scope_id": "line-1-civil-034",
        "scope_type": "civil_segment"
      },
      "type": "Feature"
    },
    {
      "geometry": {
        "coordinates": [
          45.00245592,
          12.85779793
        ],
        "type": "Point"
      },
      "properties": {
        "chainage_m": 7894.356,
        "civil_class": "elevated",
        "investigation_flags": [
          "granular-density-and-groundwater-tests"
        ],
        "lat": 12.85779793,
        "line": "line-1",
        "lon": 45.00245592,
        "sample_id": "segment:line-1-civil-034:0001",
        "scope_id": "line-1-civil-034",
        "scope_type": "civil_segment"
      },
      "type": "Feature"
    },
    {
      "geometry": {
        "coordinates": [
          45.00264036,
          12.85779793
        ],
        "type": "Point"
      },
      "properties": {
        "chainage_m": 7914.356,
        "civil_class": "elevated",
        "investigation_flags": [
          "granular-density-and-groundwater-tests"
        ],
        "lat": 12.85779793,
        "line": "line-1",
        "lon": 45.00264036,
        "sample_id": "segment:line-1-civil-034:0002",
        "scope_id": "line-1-civil-034",
        "scope_type": "civil_segment"
      },
      "type": "Feature"
    },
    {
      "geometry": {
        "coordinates": [
          45.00264036,
          12.85779793
        ],
        "type": "Point"
      },
      "properties": {
        "chainage_m": 7914.356,
        "civil_class": "elevated",
        "investigation_flags": [
          "granular-density-and-groundwater-tests"
        ],
        "lat": 12.85779793,
        "line": "line-1",
        "lon": 45.00264036,
        "sample_id": "segment:line-1-civil-035:0000",
        "scope_id": "line-1-civil-035",
        "scope_type": "civil_segment"
      },
      "type": "Feature"
    },
    {
      "geometry": {
        "coordinates": [
          45.00294121,
          12.85767584
        ],
        "type": "Point"
      },
      "properties": {
        "chainage_m": 7952.64,
        "civil_class": "elevated",
        "investigation_flags": [
          "granular-density-and-groundwater-tests"
        ],
        "lat": 12.85767584,
        "line": "line-1",
        "lon": 45.00294121,
        "sample_id": "segment:line-1-civil-035:0001",
        "scope_id": "line-1-civil-035",
        "scope_type": "civil_segment"
      },
      "type": "Feature"
    },
    {
      "geometry": {
        "coordinates": [
          45.00318469,
          12.85742951
        ],
        "type": "Point"
      },
      "properties": {
        "chainage_m": 7990.925,
        "civil_class": "elevated",
        "investigation_flags": [
          "coverage-gap"
        ],
        "lat": 12.85742951,
        "line": "line-1",
        "lon": 45.00318469,
        "sample_id": "segment:line-1-civil-035:0002",
        "scope_id": "line-1-civil-035",
        "scope_type": "civil_segment"
      },
      "type": "Feature"
    },
    {
      "geometry": {
        "coordinates": [
          45.00318469,
          12.85742951
        ],
        "type": "Point"
      },
      "properties": {
        "chainage_m": 7990.925,
        "civil_class": "elevated",
        "investigation_flags": [
          "coverage-gap"
        ],
        "lat": 12.85742951,
        "line": "line-1",
        "lon": 45.00318469,
        "sample_id": "segment:line-1-civil-036:0000",
        "scope_id": "line-1-civil-036",
        "scope_type": "civil_segment"
      },
      "type": "Feature"
    },
    {
      "geometry": {
        "coordinates": [
          45.00318469,
          12.85724966
        ],
        "type": "Point"
      },
      "properties": {
        "chainage_m": 8010.925,
        "civil_class": "elevated",
        "investigation_flags": [
          "coverage-gap"
        ],
        "lat": 12.85724966,
        "line": "line-1",
        "lon": 45.00318469,
        "sample_id": "segment:line-1-civil-036:0001",
        "scope_id": "line-1-civil-036",
        "scope_type": "civil_segment"
      },
      "type": "Feature"
    },
    {
      "geometry": {
        "coordinates": [
          45.00318469,
          12.85706982
        ],
        "type": "Point"
      },
      "properties": {
        "chainage_m": 8030.925,
        "civil_class": "elevated",
        "investigation_flags": [
          "coverage-gap"
        ],
        "lat": 12.85706982,
        "line": "line-1",
        "lon": 45.00318469,
        "sample_id": "segment:line-1-civil-036:0002",
        "scope_id": "line-1-civil-036",
        "scope_type": "civil_segment"
      },
      "type": "Feature"
    },
    {
      "geometry": {
        "coordinates": [
          45.00318469,
          12.85706982
        ],
        "type": "Point"
      },
      "properties": {
        "chainage_m": 8030.925,
        "civil_class": "elevated",
        "investigation_flags": [
          "coverage-gap"
        ],
        "lat": 12.85706982,
        "line": "line-1",
        "lon": 45.00318469,
        "sample_id": "segment:line-1-civil-037:0000",
        "scope_id": "line-1-civil-037",
        "scope_type": "civil_segment"
      },
      "type": "Feature"
    },
    {
      "geometry": {
        "coordinates": [
          45.00462795,
          12.85476847
        ],
        "type": "Point"
      },
      "properties": {
        "chainage_m": 8351.342,
        "civil_class": "elevated",
        "investigation_flags": [
          "granular-density-and-groundwater-tests"
        ],
        "lat": 12.85476847,
        "line": "line-1",
        "lon": 45.00462795,
        "sample_id": "segment:line-1-civil-037:0001",
        "scope_id": "line-1-civil-037",
        "scope_type": "civil_segment"
      },
      "type": "Feature"
    },
    {
      "geometry": {
        "coordinates": [
          45.00687892,
          12.85311881
        ],
        "type": "Point"
      },
      "properties": {
        "chainage_m": 8671.758,
        "civil_class": "elevated",
        "investigation_flags": [
          "granular-density-and-groundwater-tests"
        ],
        "lat": 12.85311881,
        "line": "line-1",
        "lon": 45.00687892,
        "sample_id": "segment:line-1-civil-037:0002",
        "scope_id": "line-1-civil-037",
        "scope_type": "civil_segment"
      },
      "type": "Feature"
    },
    {
      "geometry": {
        "coordinates": [
          45.00687892,
          12.85311881
        ],
        "type": "Point"
      },
      "properties": {
        "chainage_m": 8671.758,
        "civil_class": "elevated",
        "investigation_flags": [
          "granular-density-and-groundwater-tests"
        ],
        "lat": 12.85311881,
        "line": "line-1",
        "lon": 45.00687892,
        "sample_id": "segment:line-1-civil-038:0000",
        "scope_id": "line-1-civil-038",
        "scope_type": "civil_segment"
      },
      "type": "Feature"
    },
    {
      "geometry": {
        "coordinates": [
          45.00706337,
          12.85311881
        ],
        "type": "Point"
      },
      "properties": {
        "chainage_m": 8691.758,
        "civil_class": "elevated",
        "investigation_flags": [
          "granular-density-and-groundwater-tests"
        ],
        "lat": 12.85311881,
        "line": "line-1",
        "lon": 45.00706337,
        "sample_id": "segment:line-1-civil-038:0001",
        "scope_id": "line-1-civil-038",
        "scope_type": "civil_segment"
      },
      "type": "Feature"
    },
    {
      "geometry": {
        "coordinates": [
          45.00724781,
          12.85311881
        ],
        "type": "Point"
      },
      "properties": {
        "chainage_m": 8711.758,
        "civil_class": "elevated",
        "investigation_flags": [
          "granular-density-and-groundwater-tests"
        ],
        "lat": 12.85311881,
        "line": "line-1",
        "lon": 45.00724781,
        "sample_id": "segment:line-1-civil-038:0002",
        "scope_id": "line-1-civil-038",
        "scope_type": "civil_segment"
      },
      "type": "Feature"
    },
    {
      "geometry": {
        "coordinates": [
          45.00724781,
          12.85311881
        ],
        "type": "Point"
      },
      "properties": {
        "chainage_m": 8711.758,
        "civil_class": "elevated",
        "investigation_flags": [
          "granular-density-and-groundwater-tests"
        ],
        "lat": 12.85311881,
        "line": "line-1",
        "lon": 45.00724781,
        "sample_id": "segment:line-1-civil-039:0000",
        "scope_id": "line-1-civil-039",
        "scope_type": "civil_segment"
      },
      "type": "Feature"
    },
    {
      "geometry": {
        "coordinates": [
          45.00752448,
          12.85311881
        ],
        "type": "Point"
      },
      "properties": {
        "chainage_m": 8741.758,
        "civil_class": "elevated",
        "investigation_flags": [
          "granular-density-and-groundwater-tests"
        ],
        "lat": 12.85311881,
        "line": "line-1",
        "lon": 45.00752448,
        "sample_id": "segment:line-1-civil-039:0001",
        "scope_id": "line-1-civil-039",
        "scope_type": "civil_segment"
      },
      "type": "Feature"
    },
    {
      "geometry": {
        "coordinates": [
          45.00780114,
          12.85311881
        ],
        "type": "Point"
      },
      "properties": {
        "chainage_m": 8771.758,
        "civil_class": "elevated",
        "investigation_flags": [
          "granular-density-and-groundwater-tests"
        ],
        "lat": 12.85311881,
        "line": "line-1",
        "lon": 45.00780114,
        "sample_id": "segment:line-1-civil-039:0002",
        "scope_id": "line-1-civil-039",
        "scope_type": "civil_segment"
      },
      "type": "Feature"
    },
    {
      "geometry": {
        "coordinates": [
          45.00780114,
          12.85311881
        ],
        "type": "Point"
      },
      "properties": {
        "chainage_m": 8771.758,
        "civil_class": "elevated",
        "investigation_flags": [
          "granular-density-and-groundwater-tests"
        ],
        "lat": 12.85311881,
        "line": "line-1",
        "lon": 45.00780114,
        "sample_id": "segment:line-1-civil-040:0000",
        "scope_id": "line-1-civil-040",
        "scope_type": "civil_segment"
      },
      "type": "Feature"
    },
    {
      "geometry": {
        "coordinates": [
          45.0081014,
          12.8529953
        ],
        "type": "Point"
      },
      "properties": {
        "chainage_m": 8810.042,
        "civil_class": "elevated",
        "investigation_flags": [
          "granular-density-and-groundwater-tests"
        ],
        "lat": 12.8529953,
        "line": "line-1",
        "lon": 45.0081014,
        "sample_id": "segment:line-1-civil-040:0001",
        "scope_id": "line-1-civil-040",
        "scope_type": "civil_segment"
      },
      "type": "Feature"
    },
    {
      "geometry": {
        "coordinates": [
          45.00835102,
          12.85275147
        ],
        "type": "Point"
      },
      "properties": {
        "chainage_m": 8848.326,
        "civil_class": "elevated",
        "investigation_flags": [
          "granular-density-and-groundwater-tests"
        ],
        "lat": 12.85275147,
        "line": "line-1",
        "lon": 45.00835102,
        "sample_id": "segment:line-1-civil-040:0002",
        "scope_id": "line-1-civil-040",
        "scope_type": "civil_segment"
      },
      "type": "Feature"
    },
    {
      "geometry": {
        "coordinates": [
          45.00835102,
          12.85275147
        ],
        "type": "Point"
      },
      "properties": {
        "chainage_m": 8848.326,
        "civil_class": "elevated",
        "investigation_flags": [
          "granular-density-and-groundwater-tests"
        ],
        "lat": 12.85275147,
        "line": "line-1",
        "lon": 45.00835102,
        "sample_id": "segment:line-1-civil-041:0000",
        "scope_id": "line-1-civil-041",
        "scope_type": "civil_segment"
      },
      "type": "Feature"
    },
    {
      "geometry": {
        "coordinates": [
          45.00881172,
          12.85230146
        ],
        "type": "Point"
      },
      "properties": {
        "chainage_m": 8919.036,
        "civil_class": "elevated",
        "investigation_flags": [
          "granular-density-and-groundwater-tests"
        ],
        "lat": 12.85230146,
        "line": "line-1",
        "lon": 45.00881172,
        "sample_id": "segment:line-1-civil-041:0001",
        "scope_id": "line-1-civil-041",
        "scope_type": "civil_segment"
      },
      "type": "Feature"
    },
    {
      "geometry": {
        "coordinates": [
          45.00927242,
          12.85185145
        ],
        "type": "Point"
      },
      "properties": {
        "chainage_m": 8989.747,
        "civil_class": "elevated",
        "investigation_flags": [
          "granular-density-and-groundwater-tests"
        ],
        "lat": 12.85185145,
        "line": "line-1",
        "lon": 45.00927242,
        "sample_id": "segment:line-1-civil-041:0002",
        "scope_id": "line-1-civil-041",
        "scope_type": "civil_segment"
      },
      "type": "Feature"
    },
    {
      "geometry": {
        "coordinates": [
          45.00927242,
          12.85185145
        ],
        "type": "Point"
      },
      "properties": {
        "chainage_m": 8989.747,
        "civil_class": "elevated",
        "investigation_flags": [
          "granular-density-and-groundwater-tests"
        ],
        "lat": 12.85185145,
        "line": "line-1",
        "lon": 45.00927242,
        "sample_id": "segment:line-1-civil-042:0000",
        "scope_id": "line-1-civil-042",
        "scope_type": "civil_segment"
      },
      "type": "Feature"
    },
    {
      "geometry": {
        "coordinates": [
          45.00969881,
          12.85167908
        ],
        "type": "Point"
      },
      "properties": {
        "chainage_m": 9043.889,
        "civil_class": "elevated",
        "investigation_flags": [
          "granular-density-and-groundwater-tests"
        ],
        "lat": 12.85167908,
        "line": "line-1",
        "lon": 45.00969881,
        "sample_id": "segment:line-1-civil-042:0001",
        "scope_id": "line-1-civil-042",
        "scope_type": "civil_segment"
      },
      "type": "Feature"
    },
    {
      "geometry": {
        "coordinates": [
          45.01019774,
          12.85167908
        ],
        "type": "Point"
      },
      "properties": {
        "chainage_m": 9098.032,
        "civil_class": "elevated",
        "investigation_flags": [
          "granular-density-and-groundwater-tests"
        ],
        "lat": 12.85167908,
        "line": "line-1",
        "lon": 45.01019774,
        "sample_id": "segment:line-1-civil-042:0002",
        "scope_id": "line-1-civil-042",
        "scope_type": "civil_segment"
      },
      "type": "Feature"
    },
    {
      "geometry": {
        "coordinates": [
          45.01019774,
          12.85167908
        ],
        "type": "Point"
      },
      "properties": {
        "chainage_m": 9098.032,
        "civil_class": "elevated",
        "investigation_flags": [
          "granular-density-and-groundwater-tests"
        ],
        "lat": 12.85167908,
        "line": "line-1",
        "lon": 45.01019774,
        "sample_id": "segment:line-1-civil-043:0000",
        "scope_id": "line-1-civil-043",
        "scope_type": "civil_segment"
      },
      "type": "Feature"
    },
    {
      "geometry": {
        "coordinates": [
          45.01084329,
          12.85167908
        ],
        "type": "Point"
      },
      "properties": {
        "chainage_m": 9168.032,
        "civil_class": "elevated",
        "investigation_flags": [
          "granular-density-and-groundwater-tests"
        ],
        "lat": 12.85167908,
        "line": "line-1",
        "lon": 45.01084329,
        "sample_id": "segment:line-1-civil-043:0001",
        "scope_id": "line-1-civil-043",
        "scope_type": "civil_segment"
      },
      "type": "Feature"
    },
    {
      "geometry": {
        "coordinates": [
          45.01148884,
          12.85167908
        ],
        "type": "Point"
      },
      "properties": {
        "chainage_m": 9238.032,
        "civil_class": "elevated",
        "investigation_flags": [
          "granular-density-and-groundwater-tests"
        ],
        "lat": 12.85167908,
        "line": "line-1",
        "lon": 45.01148884,
        "sample_id": "segment:line-1-civil-043:0002",
        "scope_id": "line-1-civil-043",
        "scope_type": "civil_segment"
      },
      "type": "Feature"
    },
    {
      "geometry": {
        "coordinates": [
          45.01148884,
          12.85167908
        ],
        "type": "Point"
      },
      "properties": {
        "chainage_m": 9238.032,
        "civil_class": "elevated",
        "investigation_flags": [
          "granular-density-and-groundwater-tests"
        ],
        "lat": 12.85167908,
        "line": "line-1",
        "lon": 45.01148884,
        "sample_id": "segment:line-1-civil-044:0000",
        "scope_id": "line-1-civil-044",
        "scope_type": "civil_segment"
      },
      "type": "Feature"
    },
    {
      "geometry": {
        "coordinates": [
          45.01202551,
          12.85167908
        ],
        "type": "Point"
      },
      "properties": {
        "chainage_m": 9296.316,
        "civil_class": "elevated",
        "investigation_flags": [
          "granular-density-and-groundwater-tests"
        ],
        "lat": 12.85167908,
        "line": "line-1",
        "lon": 45.01202551,
        "sample_id": "segment:line-1-civil-044:0001",
        "scope_id": "line-1-civil-044",
        "scope_type": "civil_segment"
      },
      "type": "Feature"
    },
    {
      "geometry": {
        "coordinates": [
          45.01240664,
          12.85130947
        ],
        "type": "Point"
      },
      "properties": {
        "chainage_m": 9354.6,
        "civil_class": "elevated",
        "investigation_flags": [
          "granular-density-and-groundwater-tests"
        ],
        "lat": 12.85130947,
        "line": "line-1",
        "lon": 45.01240664,
        "sample_id": "segment:line-1-civil-044:0002",
        "scope_id": "line-1-civil-044",
        "scope_type": "civil_segment"
      },
      "type": "Feature"
    },
    {
      "geometry": {
        "coordinates": [
          45.01240664,
          12.85130947
        ],
        "type": "Point"
      },
      "properties": {
        "chainage_m": 9354.6,
        "civil_class": "elevated",
        "investigation_flags": [
          "granular-density-and-groundwater-tests"
        ],
        "lat": 12.85130947,
        "line": "line-1",
        "lon": 45.01240664,
        "sample_id": "segment:line-1-civil-045:0000",
        "scope_id": "line-1-civil-045",
        "scope_type": "civil_segment"
      },
      "type": "Feature"
    },
    {
      "geometry": {
        "coordinates": [
          45.01882929,
          12.84503583
        ],
        "type": "Point"
      },
      "properties": {
        "chainage_m": 10340.408,
        "civil_class": "elevated",
        "investigation_flags": [
          "granular-density-and-groundwater-tests"
        ],
        "lat": 12.84503583,
        "line": "line-1",
        "lon": 45.01882929,
        "sample_id": "segment:line-1-civil-045:0001",
        "scope_id": "line-1-civil-045",
        "scope_type": "civil_segment"
      },
      "type": "Feature"
    },
    {
      "geometry": {
        "coordinates": [
          45.01893539,
          12.8449322
        ],
        "type": "Point"
      },
      "properties": {
        "chainage_m": 10356.693,
        "civil_class": "elevated",
        "investigation_flags": [
          "granular-density-and-groundwater-tests"
        ],
        "lat": 12.8449322,
        "line": "line-1",
        "lon": 45.01893539,
        "sample_id": "segment:line-1-civil-045:0002",
        "scope_id": "line-1-civil-045",
        "scope_type": "civil_segment"
      },
      "type": "Feature"
    },
    {
      "geometry": {
        "coordinates": [
          45.02510934,
          12.83870417
        ],
        "type": "Point"
      },
      "properties": {
        "chainage_m": 11326.215,
        "civil_class": "elevated",
        "investigation_flags": [
          "coverage-gap"
        ],
        "lat": 12.83870417,
        "line": "line-1",
        "lon": 45.02510934,
        "sample_id": "segment:line-1-civil-045:0003",
        "scope_id": "line-1-civil-045",
        "scope_type": "civil_segment"
      },
      "type": "Feature"
    },
    {
      "geometry": {
        "coordinates": [
          45.02510934,
          12.83870417
        ],
        "type": "Point"
      },
      "properties": {
        "chainage_m": 11326.215,
        "civil_class": "elevated",
        "investigation_flags": [
          "coverage-gap"
        ],
        "lat": 12.83870417,
        "line": "line-1",
        "lon": 45.02510934,
        "sample_id": "segment:line-1-civil-046:0000",
        "scope_id": "line-1-civil-046",
        "scope_type": "civil_segment"
      },
      "type": "Feature"
    },
    {
      "geometry": {
        "coordinates": [
          45.02510934,
          12.83861422
        ],
        "type": "Point"
      },
      "properties": {
        "chainage_m": 11336.215,
        "civil_class": "elevated",
        "investigation_flags": [
          "coverage-gap"
        ],
        "lat": 12.83861422,
        "line": "line-1",
        "lon": 45.02510934,
        "sample_id": "segment:line-1-civil-046:0001",
        "scope_id": "line-1-civil-046",
        "scope_type": "civil_segment"
      },
      "type": "Feature"
    },
    {
      "geometry": {
        "coordinates": [
          45.02512182,
          12.83852936
        ],
        "type": "Point"
      },
      "properties": {
        "chainage_m": 11346.215,
        "civil_class": "elevated",
        "investigation_flags": [
          "coverage-gap"
        ],
        "lat": 12.83852936,
        "line": "line-1",
        "lon": 45.02512182,
        "sample_id": "segment:line-1-civil-046:0002",
        "scope_id": "line-1-civil-046",
        "scope_type": "civil_segment"
      },
      "type": "Feature"
    },
    {
      "geometry": {
        "coordinates": [
          45.02512182,
          12.83852936
        ],
        "type": "Point"
      },
      "properties": {
        "chainage_m": 11346.215,
        "civil_class": "elevated",
        "investigation_flags": [
          "coverage-gap"
        ],
        "lat": 12.83852936,
        "line": "line-1",
        "lon": 45.02512182,
        "sample_id": "segment:line-1-civil-047:0000",
        "scope_id": "line-1-civil-047",
        "scope_type": "civil_segment"
      },
      "type": "Feature"
    },
    {
      "geometry": {
        "coordinates": [
          45.02521394,
          12.83843938
        ],
        "type": "Point"
      },
      "properties": {
        "chainage_m": 11360.357,
        "civil_class": "elevated",
        "investigation_flags": [
          "coverage-gap"
        ],
        "lat": 12.83843938,
        "line": "line-1",
        "lon": 45.02521394,
        "sample_id": "segment:line-1-civil-047:0001",
        "scope_id": "line-1-civil-047",
        "scope_type": "civil_segment"
      },
      "type": "Feature"
    },
    {
      "geometry": {
        "coordinates": [
          45.02529358,
          12.83834431
        ],
        "type": "Point"
      },
      "properties": {
        "chainage_m": 11374.499,
        "civil_class": "elevated",
        "investigation_flags": [
          "coverage-gap"
        ],
        "lat": 12.83834431,
        "line": "line-1",
        "lon": 45.02529358,
        "sample_id": "segment:line-1-civil-047:0002",
        "scope_id": "line-1-civil-047",
        "scope_type": "civil_segment"
      },
      "type": "Feature"
    },
    {
      "geometry": {
        "coordinates": [
          45.02529358,
          12.83834431
        ],
        "type": "Point"
      },
      "properties": {
        "chainage_m": 11374.499,
        "civil_class": "elevated",
        "investigation_flags": [
          "coverage-gap"
        ],
        "lat": 12.83834431,
        "line": "line-1",
        "lon": 45.02529358,
        "sample_id": "segment:line-1-civil-048:0000",
        "scope_id": "line-1-civil-048",
        "scope_type": "civil_segment"
      },
      "type": "Feature"
    },
    {
      "geometry": {
        "coordinates": [
          45.02529358,
          12.83807454
        ],
        "type": "Point"
      },
      "properties": {
        "chainage_m": 11404.499,
        "civil_class": "elevated",
        "investigation_flags": [
          "coverage-gap"
        ],
        "lat": 12.83807454,
        "line": "line-1",
        "lon": 45.02529358,
        "sample_id": "segment:line-1-civil-048:0001",
        "scope_id": "line-1-civil-048",
        "scope_type": "civil_segment"
      },
      "type": "Feature"
    },
    {
      "geometry": {
        "coordinates": [
          45.02529358,
          12.83780477
        ],
        "type": "Point"
      },
      "properties": {
        "chainage_m": 11434.499,
        "civil_class": "elevated",
        "investigation_flags": [
          "coverage-gap"
        ],
        "lat": 12.83780477,
        "line": "line-1",
        "lon": 45.02529358,
        "sample_id": "segment:line-1-civil-048:0002",
        "scope_id": "line-1-civil-048",
        "scope_type": "civil_segment"
      },
      "type": "Feature"
    },
    {
      "geometry": {
        "coordinates": [
          45.02529358,
          12.83780477
        ],
        "type": "Point"
      },
      "properties": {
        "chainage_m": 11434.499,
        "civil_class": "elevated",
        "investigation_flags": [
          "coverage-gap"
        ],
        "lat": 12.83780477,
        "line": "line-1",
        "lon": 45.02529358,
        "sample_id": "segment:line-1-civil-049:0000",
        "scope_id": "line-1-civil-049",
        "scope_type": "civil_segment"
      },
      "type": "Feature"
    },
    {
      "geometry": {
        "coordinates": [
          45.02529358,
          12.82876555
        ],
        "type": "Point"
      },
      "properties": {
        "chainage_m": 12439.719,
        "civil_class": "elevated",
        "investigation_flags": [
          "coverage-gap"
        ],
        "lat": 12.82876555,
        "line": "line-1",
        "lon": 45.02529358,
        "sample_id": "segment:line-1-civil-049:0001",
        "scope_id": "line-1-civil-049",
        "scope_type": "civil_segment"
      },
      "type": "Feature"
    },
    {
      "geometry": {
        "coordinates": [
          45.02529358,
          12.8253055
        ],
        "type": "Point"
      },
      "properties": {
        "chainage_m": 12824.499,
        "civil_class": "elevated",
        "investigation_flags": [
          "coverage-gap"
        ],
        "lat": 12.8253055,
        "line": "line-1",
        "lon": 45.02529358,
        "sample_id": "segment:line-1-civil-049:0002",
        "scope_id": "line-1-civil-049",
        "scope_type": "civil_segment"
      },
      "type": "Feature"
    },
    {
      "geometry": {
        "coordinates": [
          45.02529358,
          12.81972633
        ],
        "type": "Point"
      },
      "properties": {
        "chainage_m": 13444.938,
        "civil_class": "elevated",
        "investigation_flags": [
          "granular-density-and-groundwater-tests"
        ],
        "lat": 12.81972633,
        "line": "line-1",
        "lon": 45.02529358,
        "sample_id": "segment:line-1-civil-049:0003",
        "scope_id": "line-1-civil-049",
        "scope_type": "civil_segment"
      },
      "type": "Feature"
    },
    {
      "geometry": {
        "coordinates": [
          45.02529358,
          12.81280622
        ],
        "type": "Point"
      },
      "properties": {
        "chainage_m": 14214.499,
        "civil_class": "elevated",
        "investigation_flags": [
          "granular-density-and-groundwater-tests"
        ],
        "lat": 12.81280622,
        "line": "line-1",
        "lon": 45.02529358,
        "sample_id": "segment:line-1-civil-049:0004",
        "scope_id": "line-1-civil-049",
        "scope_type": "civil_segment"
      },
      "type": "Feature"
    },
    {
      "geometry": {
        "coordinates": [
          45.02529358,
          12.81280622
        ],
        "type": "Point"
      },
      "properties": {
        "chainage_m": 14214.499,
        "civil_class": "elevated",
        "investigation_flags": [
          "granular-density-and-groundwater-tests"
        ],
        "lat": 12.81280622,
        "line": "line-1",
        "lon": 45.02529358,
        "sample_id": "segment:line-1-civil-050:0000",
        "scope_id": "line-1-civil-050",
        "scope_type": "civil_segment"
      },
      "type": "Feature"
    },
    {
      "geometry": {
        "coordinates": [
          45.02529358,
          12.81228129
        ],
        "type": "Point"
      },
      "properties": {
        "chainage_m": 14272.783,
        "civil_class": "elevated",
        "investigation_flags": [
          "granular-density-and-groundwater-tests"
        ],
        "lat": 12.81228129,
        "line": "line-1",
        "lon": 45.02529358,
        "sample_id": "segment:line-1-civil-050:0001",
        "scope_id": "line-1-civil-050",
        "scope_type": "civil_segment"
      },
      "type": "Feature"
    },
    {
      "geometry": {
        "coordinates": [
          45.02492515,
          12.81190661
        ],
        "type": "Point"
      },
      "properties": {
        "chainage_m": 14331.068,
        "civil_class": "elevated",
        "investigation_flags": [
          "coverage-gap"
        ],
        "lat": 12.81190661,
        "line": "line-1",
        "lon": 45.02492515,
        "sample_id": "segment:line-1-civil-050:0002",
        "scope_id": "line-1-civil-050",
        "scope_type": "civil_segment"
      },
      "type": "Feature"
    },
    {
      "geometry": {
        "coordinates": [
          45.02492515,
          12.81190661
        ],
        "type": "Point"
      },
      "properties": {
        "chainage_m": 14331.068,
        "civil_class": "elevated",
        "investigation_flags": [
          "coverage-gap"
        ],
        "lat": 12.81190661,
        "line": "line-1",
        "lon": 45.02492515,
        "sample_id": "segment:line-1-civil-051:0000",
        "scope_id": "line-1-civil-051",
        "scope_type": "civil_segment"
      },
      "type": "Feature"
    },
    {
      "geometry": {
        "coordinates": [
          45.02418803,
          12.81118659
        ],
        "type": "Point"
      },
      "properties": {
        "chainage_m": 14444.205,
        "civil_class": "elevated",
        "investigation_flags": [
          "coverage-gap"
        ],
        "lat": 12.81118659,
        "line": "line-1",
        "lon": 45.02418803,
        "sample_id": "segment:line-1-civil-051:0001",
        "scope_id": "line-1-civil-051",
        "scope_type": "civil_segment"
      },
      "type": "Feature"
    },
    {
      "geometry": {
        "coordinates": [
          45.02345091,
          12.81046658
        ],
        "type": "Point"
      },
      "properties": {
        "chainage_m": 14557.342,
        "civil_class": "elevated",
        "investigation_flags": [
          "granular-density-and-groundwater-tests"
        ],
        "lat": 12.81046658,
        "line": "line-1",
        "lon": 45.02345091,
        "sample_id": "segment:line-1-civil-051:0002",
        "scope_id": "line-1-civil-051",
        "scope_type": "civil_segment"
      },
      "type": "Feature"
    },
    {
      "geometry": {
        "coordinates": [
          45.02345091,
          12.81046658
        ],
        "type": "Point"
      },
      "properties": {
        "chainage_m": 14557.342,
        "civil_class": "elevated",
        "investigation_flags": [
          "granular-density-and-groundwater-tests"
        ],
        "lat": 12.81046658,
        "line": "line-1",
        "lon": 45.02345091,
        "sample_id": "segment:line-1-civil-052:0000",
        "scope_id": "line-1-civil-052",
        "scope_type": "civil_segment"
      },
      "type": "Feature"
    },
    {
      "geometry": {
        "coordinates": [
          45.02302762,
          12.81028687
        ],
        "type": "Point"
      },
      "properties": {
        "chainage_m": 14611.484,
        "civil_class": "elevated",
        "investigation_flags": [
          "granular-density-and-groundwater-tests"
        ],
        "lat": 12.81028687,
        "line": "line-1",
        "lon": 45.02302762,
        "sample_id": "segment:line-1-civil-052:0001",
        "scope_id": "line-1-civil-052",
        "scope_type": "civil_segment"
      },
      "type": "Feature"
    },
    {
      "geometry": {
        "coordinates": [
          45.02252873,
          12.81028687
        ],
        "type": "Point"
      },
      "properties": {
        "chainage_m": 14665.626,
        "civil_class": "elevated",
        "investigation_flags": [
          "granular-density-and-groundwater-tests"
        ],
        "lat": 12.81028687,
        "line": "line-1",
        "lon": 45.02252873,
        "sample_id": "segment:line-1-civil-052:0002",
        "scope_id": "line-1-civil-052",
        "scope_type": "civil_segment"
      },
      "type": "Feature"
    },
    {
      "geometry": {
        "coordinates": [
          45.02252873,
          12.81028687
        ],
        "type": "Point"
      },
      "properties": {
        "chainage_m": 14665.626,
        "civil_class": "elevated",
        "investigation_flags": [
          "granular-density-and-groundwater-tests"
        ],
        "lat": 12.81028687,
        "line": "line-1",
        "lon": 45.02252873,
        "sample_id": "segment:line-1-civil-053:0000",
        "scope_id": "line-1-civil-053",
        "scope_type": "civil_segment"
      },
      "type": "Feature"
    },
    {
      "geometry": {
        "coordinates": [
          45.02086874,
          12.81028687
        ],
        "type": "Point"
      },
      "properties": {
        "chainage_m": 14845.626,
        "civil_class": "elevated",
        "investigation_flags": [
          "granular-density-and-groundwater-tests"
        ],
        "lat": 12.81028687,
        "line": "line-1",
        "lon": 45.02086874,
        "sample_id": "segment:line-1-civil-053:0001",
        "scope_id": "line-1-civil-053",
        "scope_type": "civil_segment"
      },
      "type": "Feature"
    },
    {
      "geometry": {
        "coordinates": [
          45.01920874,
          12.81028687
        ],
        "type": "Point"
      },
      "properties": {
        "chainage_m": 15025.626,
        "civil_class": "elevated",
        "investigation_flags": [
          "coverage-gap"
        ],
        "lat": 12.81028687,
        "line": "line-1",
        "lon": 45.01920874,
        "sample_id": "segment:line-1-civil-053:0002",
        "scope_id": "line-1-civil-053",
        "scope_type": "civil_segment"
      },
      "type": "Feature"
    },
    {
      "geometry": {
        "coordinates": [
          45.01920874,
          12.81028687
        ],
        "type": "Point"
      },
      "properties": {
        "chainage_m": 15025.626,
        "civil_class": "elevated",
        "investigation_flags": [
          "coverage-gap"
        ],
        "lat": 12.81028687,
        "line": "line-1",
        "lon": 45.01920874,
        "sample_id": "segment:line-1-civil-054:0000",
        "scope_id": "line-1-civil-054",
        "scope_type": "civil_segment"
      },
      "type": "Feature"
    },
    {
      "geometry": {
        "coordinates": [
          45.01867207,
          12.81028687
        ],
        "type": "Point"
      },
      "properties": {
        "chainage_m": 15083.91,
        "civil_class": "elevated",
        "investigation_flags": [
          "coverage-gap"
        ],
        "lat": 12.81028687,
        "line": "line-1",
        "lon": 45.01867207,
        "sample_id": "segment:line-1-civil-054:0001",
        "scope_id": "line-1-civil-054",
        "scope_type": "civil_segment"
      },
      "type": "Feature"
    },
    {
      "geometry": {
        "coordinates": [
          45.01828846,
          12.80992305
        ],
        "type": "Point"
      },
      "properties": {
        "chainage_m": 15142.195,
        "civil_class": "elevated",
        "investigation_flags": [
          "coverage-gap"
        ],
        "lat": 12.80992305,
        "line": "line-1",
        "lon": 45.01828846,
        "sample_id": "segment:line-1-civil-054:0002",
        "scope_id": "line-1-civil-054",
        "scope_type": "civil_segment"
      },
      "type": "Feature"
    },
    {
      "geometry": {
        "coordinates": [
          45.01828846,
          12.80992305
        ],
        "type": "Point"
      },
      "properties": {
        "chainage_m": 15142.195,
        "civil_class": "elevated",
        "investigation_flags": [
          "coverage-gap"
        ],
        "lat": 12.80992305,
        "line": "line-1",
        "lon": 45.01828846,
        "sample_id": "segment:line-1-civil-055:0000",
        "scope_id": "line-1-civil-055",
        "scope_type": "civil_segment"
      },
      "type": "Feature"
    },
    {
      "geometry": {
        "coordinates": [
          45.01773562,
          12.80938304
        ],
        "type": "Point"
      },
      "properties": {
        "chainage_m": 15227.048,
        "civil_class": "elevated",
        "investigation_flags": [
          "coverage-gap"
        ],
        "lat": 12.80938304,
        "line": "line-1",
        "lon": 45.01773562,
        "sample_id": "segment:line-1-civil-055:0001",
        "scope_id": "line-1-civil-055",
        "scope_type": "civil_segment"
      },
      "type": "Feature"
    },
    {
      "geometry": {
        "coordinates": [
          45.01718278,
          12.80884303
        ],
        "type": "Point"
      },
      "properties": {
        "chainage_m": 15311.9,
        "civil_class": "elevated",
        "investigation_flags": [
          "coverage-gap"
        ],
        "lat": 12.80884303,
        "line": "line-1",
        "lon": 45.01718278,
        "sample_id": "segment:line-1-civil-055:0002",
        "scope_id": "line-1-civil-055",
        "scope_type": "civil_segment"
      },
      "type": "Feature"
    },
    {
      "geometry": {
        "coordinates": [
          45.01718278,
          12.80884303
        ],
        "type": "Point"
      },
      "properties": {
        "chainage_m": 15311.9,
        "civil_class": "elevated",
        "investigation_flags": [
          "coverage-gap"
        ],
        "lat": 12.80884303,
        "line": "line-1",
        "lon": 45.01718278,
        "sample_id": "segment:line-1-civil-056:0000",
        "scope_id": "line-1-civil-056",
        "scope_type": "civil_segment"
      },
      "type": "Feature"
    },
    {
      "geometry": {
        "coordinates": [
          45.01709064,
          12.80875302
        ],
        "type": "Point"
      },
      "properties": {
        "chainage_m": 15326.042,
        "civil_class": "elevated",
        "investigation_flags": [
          "coverage-gap"
        ],
        "lat": 12.80875302,
        "line": "line-1",
        "lon": 45.01709064,
        "sample_id": "segment:line-1-civil-056:0001",
        "scope_id": "line-1-civil-056",
        "scope_type": "civil_segment"
      },
      "type": "Feature"
    },
    {
      "geometry": {
        "coordinates": [
          45.0169985,
          12.80866302
        ],
        "type": "Point"
      },
      "properties": {
        "chainage_m": 15340.185,
        "civil_class": "elevated",
        "investigation_flags": [
          "coverage-gap"
        ],
        "lat": 12.80866302,
        "line": "line-1",
        "lon": 45.0169985,
        "sample_id": "segment:line-1-civil-056:0002",
        "scope_id": "line-1-civil-056",
        "scope_type": "civil_segment"
      },
      "type": "Feature"
    },
    {
      "geometry": {
        "coordinates": [
          45.0169985,
          12.80866302
        ],
        "type": "Point"
      },
      "properties": {
        "chainage_m": 15340.185,
        "civil_class": "elevated",
        "investigation_flags": [
          "coverage-gap"
        ],
        "lat": 12.80866302,
        "line": "line-1",
        "lon": 45.0169985,
        "sample_id": "segment:line-1-civil-057:0000",
        "scope_id": "line-1-civil-057",
        "scope_type": "civil_segment"
      },
      "type": "Feature"
    },
    {
      "geometry": {
        "coordinates": [
          45.01681851,
          12.80839135
        ],
        "type": "Point"
      },
      "properties": {
        "chainage_m": 15378.469,
        "civil_class": "elevated",
        "investigation_flags": [
          "coverage-gap"
        ],
        "lat": 12.80839135,
        "line": "line-1",
        "lon": 45.01681851,
        "sample_id": "segment:line-1-civil-057:0001",
        "scope_id": "line-1-civil-057",
        "scope_type": "civil_segment"
      },
      "type": "Feature"
    },
    {
      "geometry": {
        "coordinates": [
          45.01700275,
          12.80812142
        ],
        "type": "Point"
      },
      "properties": {
        "chainage_m": 15416.753,
        "civil_class": "elevated",
        "investigation_flags": [
          "coverage-gap"
        ],
        "lat": 12.80812142,
        "line": "line-1",
        "lon": 45.01700275,
        "sample_id": "segment:line-1-civil-057:0002",
        "scope_id": "line-1-civil-057",
        "scope_type": "civil_segment"
      },
      "type": "Feature"
    },
    {
      "geometry": {
        "coordinates": [
          45.01700275,
          12.80812142
        ],
        "type": "Point"
      },
      "properties": {
        "chainage_m": 15416.753,
        "civil_class": "elevated",
        "investigation_flags": [
          "coverage-gap"
        ],
        "lat": 12.80812142,
        "line": "line-1",
        "lon": 45.01700275,
        "sample_id": "segment:line-1-civil-058:0000",
        "scope_id": "line-1-civil-058",
        "scope_type": "civil_segment"
      },
      "type": "Feature"
    },
    {
      "geometry": {
        "coordinates": [
          45.01700918,
          12.80794731
        ],
        "type": "Point"
      },
      "properties": {
        "chainage_m": 15436.753,
        "civil_class": "elevated",
        "investigation_flags": [
          "coverage-gap"
        ],
        "lat": 12.80794731,
        "line": "line-1",
        "lon": 45.01700918,
        "sample_id": "segment:line-1-civil-058:0001",
        "scope_id": "line-1-civil-058",
        "scope_type": "civil_segment"
      },
      "type": "Feature"
    },
    {
      "geometry": {
        "coordinates": [
          45.01718699,
          12.80794138
        ],
        "type": "Point"
      },
      "properties": {
        "chainage_m": 15456.753,
        "civil_class": "elevated",
        "investigation_flags": [
          "coverage-gap"
        ],
        "lat": 12.80794138,
        "line": "line-1",
        "lon": 45.01718699,
        "sample_id": "segment:line-1-civil-058:0002",
        "scope_id": "line-1-civil-058",
        "scope_type": "civil_segment"
      },
      "type": "Feature"
    },
    {
      "geometry": {
        "coordinates": [
          45.01718699,
          12.80794138
        ],
        "type": "Point"
      },
      "properties": {
        "chainage_m": 15456.753,
        "civil_class": "elevated",
        "investigation_flags": [
          "coverage-gap"
        ],
        "lat": 12.80794138,
        "line": "line-1",
        "lon": 45.01718699,
        "sample_id": "segment:line-1-civil-059:0000",
        "scope_id": "line-1-civil-059",
        "scope_type": "civil_segment"
      },
      "type": "Feature"
    },
    {
      "geometry": {
        "coordinates": [
          45.01718699,
          12.80785124
        ],
        "type": "Point"
      },
      "properties": {
        "chainage_m": 15466.776,
        "civil_class": "elevated",
        "investigation_flags": [
          "coverage-gap"
        ],
        "lat": 12.80785124,
        "line": "line-1",
        "lon": 45.01718699,
        "sample_id": "segment:line-1-civil-059:0001",
        "scope_id": "line-1-civil-059",
        "scope_type": "civil_segment"
      },
      "type": "Feature"
    },
    {
      "geometry": {
        "coordinates": [
          45.01718699,
          12.80776111
        ],
        "type": "Point"
      },
      "properties": {
        "chainage_m": 15476.8,
        "civil_class": "elevated",
        "investigation_flags": [
          "coverage-gap"
        ],
        "lat": 12.80776111,
        "line": "line-1",
        "lon": 45.01718699,
        "sample_id": "segment:line-1-civil-059:0002",
        "scope_id": "line-1-civil-059",
        "scope_type": "civil_segment"
      },
      "type": "Feature"
    },
    {
      "geometry": {
        "coordinates": [
          45.01718699,
          12.80776111
        ],
        "type": "Point"
      },
      "properties": {
        "chainage_m": 15476.8,
        "civil_class": "bridge",
        "investigation_flags": [
          "coverage-gap"
        ],
        "lat": 12.80776111,
        "line": "line-1",
        "lon": 45.01718699,
        "sample_id": "segment:line-1-civil-060:0000",
        "scope_id": "line-1-civil-060",
        "scope_type": "civil_segment"
      },
      "type": "Feature"
    },
    {
      "geometry": {
        "coordinates": [
          45.01721832,
          12.80755676
        ],
        "type": "Point"
      },
      "properties": {
        "chainage_m": 15500.9,
        "civil_class": "bridge",
        "investigation_flags": [
          "coverage-gap"
        ],
        "lat": 12.80755676,
        "line": "line-1",
        "lon": 45.01721832,
        "sample_id": "segment:line-1-civil-060:0001",
        "scope_id": "line-1-civil-060",
        "scope_type": "civil_segment"
      },
      "type": "Feature"
    },
    {
      "geometry": {
        "coordinates": [
          45.01737123,
          12.807402
        ],
        "type": "Point"
      },
      "properties": {
        "chainage_m": 15525.0,
        "civil_class": "bridge",
        "investigation_flags": [
          "coverage-gap"
        ],
        "lat": 12.807402,
        "line": "line-1",
        "lon": 45.01737123,
        "sample_id": "segment:line-1-civil-060:0002",
        "scope_id": "line-1-civil-060",
        "scope_type": "civil_segment"
      },
      "type": "Feature"
    },
    {
      "geometry": {
        "coordinates": [
          45.01737123,
          12.807402
        ],
        "type": "Point"
      },
      "properties": {
        "chainage_m": 15525.0,
        "civil_class": "elevated",
        "investigation_flags": [
          "coverage-gap"
        ],
        "lat": 12.807402,
        "line": "line-1",
        "lon": 45.01737123,
        "sample_id": "segment:line-1-civil-061:0000",
        "scope_id": "line-1-civil-061",
        "scope_type": "civil_segment"
      },
      "type": "Feature"
    },
    {
      "geometry": {
        "coordinates": [
          45.01746725,
          12.80713365
        ],
        "type": "Point"
      },
      "properties": {
        "chainage_m": 15559.15,
        "civil_class": "elevated",
        "investigation_flags": [
          "coverage-gap"
        ],
        "lat": 12.80713365,
        "line": "line-1",
        "lon": 45.01746725,
        "sample_id": "segment:line-1-civil-061:0001",
        "scope_id": "line-1-civil-061",
        "scope_type": "civil_segment"
      },
      "type": "Feature"
    },
    {
      "geometry": {
        "coordinates": [
          45.01755936,
          12.80686371
        ],
        "type": "Point"
      },
      "properties": {
        "chainage_m": 15593.3,
        "civil_class": "elevated",
        "investigation_flags": [
          "coverage-gap"
        ],
        "lat": 12.80686371,
        "line": "line-1",
        "lon": 45.01755936,
        "sample_id": "segment:line-1-civil-061:0002",
        "scope_id": "line-1-civil-061",
        "scope_type": "civil_segment"
      },
      "type": "Feature"
    },
    {
      "geometry": {
        "coordinates": [
          45.01755936,
          12.80686371
        ],
        "type": "Point"
      },
      "properties": {
        "chainage_m": 15593.3,
        "civil_class": "bridge",
        "investigation_flags": [
          "coverage-gap"
        ],
        "lat": 12.80686371,
        "line": "line-1",
        "lon": 45.01755936,
        "sample_id": "segment:line-1-civil-062:0000",
        "scope_id": "line-1-civil-062",
        "scope_type": "civil_segment"
      },
      "type": "Feature"
    },
    {
      "geometry": {
        "coordinates": [
          45.01773971,
          12.80653928
        ],
        "type": "Point"
      },
      "properties": {
        "chainage_m": 15637.45,
        "civil_class": "bridge",
        "investigation_flags": [
          "coverage-gap"
        ],
        "lat": 12.80653928,
        "line": "line-1",
        "lon": 45.01773971,
        "sample_id": "segment:line-1-civil-062:0001",
        "scope_id": "line-1-civil-062",
        "scope_type": "civil_segment"
      },
      "type": "Feature"
    },
    {
      "geometry": {
        "coordinates": [
          45.01792395,
          12.80632209
        ],
        "type": "Point"
      },
      "properties": {
        "chainage_m": 15681.6,
        "civil_class": "bridge",
        "investigation_flags": [
          "coverage-gap"
        ],
        "lat": 12.80632209,
        "line": "line-1",
        "lon": 45.01792395,
        "sample_id": "segment:line-1-civil-062:0002",
        "scope_id": "line-1-civil-062",
        "scope_type": "civil_segment"
      },
      "type": "Feature"
    },
    {
      "geometry": {
        "coordinates": [
          45.01792395,
          12.80632209
        ],
        "type": "Point"
      },
      "properties": {
        "chainage_m": 15681.6,
        "civil_class": "elevated",
        "investigation_flags": [
          "coverage-gap"
        ],
        "lat": 12.80632209,
        "line": "line-1",
        "lon": 45.01792395,
        "sample_id": "segment:line-1-civil-063:0000",
        "scope_id": "line-1-civil-063",
        "scope_type": "civil_segment"
      },
      "type": "Feature"
    },
    {
      "geometry": {
        "coordinates": [
          45.01847667,
          12.80497217
        ],
        "type": "Point"
      },
      "properties": {
        "chainage_m": 15856.45,
        "civil_class": "elevated",
        "investigation_flags": [
          "coverage-gap"
        ],
        "lat": 12.80497217,
        "line": "line-1",
        "lon": 45.01847667,
        "sample_id": "segment:line-1-civil-063:0001",
        "scope_id": "line-1-civil-063",
        "scope_type": "civil_segment"
      },
      "type": "Feature"
    },
    {
      "geometry": {
        "coordinates": [
          45.01921364,
          12.80380306
        ],
        "type": "Point"
      },
      "properties": {
        "chainage_m": 16031.3,
        "civil_class": "elevated",
        "investigation_flags": [
          "coverage-gap"
        ],
        "lat": 12.80380306,
        "line": "line-1",
        "lon": 45.01921364,
        "sample_id": "segment:line-1-civil-063:0002",
        "scope_id": "line-1-civil-063",
        "scope_type": "civil_segment"
      },
      "type": "Feature"
    },
    {
      "geometry": {
        "coordinates": [
          45.01921364,
          12.80380306
        ],
        "type": "Point"
      },
      "properties": {
        "chainage_m": 16031.3,
        "civil_class": "bridge",
        "investigation_flags": [
          "coverage-gap"
        ],
        "lat": 12.80380306,
        "line": "line-1",
        "lon": 45.01921364,
        "sample_id": "segment:line-1-civil-064:0000",
        "scope_id": "line-1-civil-064",
        "scope_type": "civil_segment"
      },
      "type": "Feature"
    },
    {
      "geometry": {
        "coordinates": [
          45.02068756,
          12.80081833
        ],
        "type": "Point"
      },
      "properties": {
        "chainage_m": 16429.3,
        "civil_class": "bridge",
        "investigation_flags": [
          "coverage-gap"
        ],
        "lat": 12.80081833,
        "line": "line-1",
        "lon": 45.02068756,
        "sample_id": "segment:line-1-civil-064:0001",
        "scope_id": "line-1-civil-064",
        "scope_type": "civil_segment"
      },
      "type": "Feature"
    },
    {
      "geometry": {
        "coordinates": [
          45.02216149,
          12.79804496
        ],
        "type": "Point"
      },
      "properties": {
        "chainage_m": 16827.3,
        "civil_class": "bridge",
        "investigation_flags": [
          "coverage-gap"
        ],
        "lat": 12.79804496,
        "line": "line-1",
        "lon": 45.02216149,
        "sample_id": "segment:line-1-civil-064:0002",
        "scope_id": "line-1-civil-064",
        "scope_type": "civil_segment"
      },
      "type": "Feature"
    },
    {
      "geometry": {
        "coordinates": [
          45.02216149,
          12.79804496
        ],
        "type": "Point"
      },
      "properties": {
        "chainage_m": 16827.3,
        "civil_class": "elevated",
        "investigation_flags": [
          "coverage-gap"
        ],
        "lat": 12.79804496,
        "line": "line-1",
        "lon": 45.02216149,
        "sample_id": "segment:line-1-civil-065:0000",
        "scope_id": "line-1-civil-065",
        "scope_type": "civil_segment"
      },
      "type": "Feature"
    },
    {
      "geometry": {
        "coordinates": [
          45.0258463,
          12.79072001
        ],
        "type": "Point"
      },
      "properties": {
        "chainage_m": 17830.573,
        "civil_class": "elevated",
        "investigation_flags": [
          "coverage-gap"
        ],
        "lat": 12.79072001,
        "line": "line-1",
        "lon": 45.0258463,
        "sample_id": "segment:line-1-civil-065:0001",
        "scope_id": "line-1-civil-065",
        "scope_type": "civil_segment"
      },
      "type": "Feature"
    },
    {
      "geometry": {
        "coordinates": [
          45.02828141,
          12.78577241
        ],
        "type": "Point"
      },
      "properties": {
        "chainage_m": 18501.681,
        "civil_class": "elevated",
        "investigation_flags": [
          "coverage-gap"
        ],
        "lat": 12.78577241,
        "line": "line-1",
        "lon": 45.02828141,
        "sample_id": "segment:line-1-civil-065:0002",
        "scope_id": "line-1-civil-065",
        "scope_type": "civil_segment"
      },
      "type": "Feature"
    },
    {
      "geometry": {
        "coordinates": [
          45.02950168,
          12.78347191
        ],
        "type": "Point"
      },
      "properties": {
        "chainage_m": 18833.845,
        "civil_class": "elevated",
        "investigation_flags": [
          "coverage-gap"
        ],
        "lat": 12.78347191,
        "line": "line-1",
        "lon": 45.02950168,
        "sample_id": "segment:line-1-civil-065:0003",
        "scope_id": "line-1-civil-065",
        "scope_type": "civil_segment"
      },
      "type": "Feature"
    },
    {
      "geometry": {
        "coordinates": [
          45.03315621,
          12.77615163
        ],
        "type": "Point"
      },
      "properties": {
        "chainage_m": 19837.118,
        "civil_class": "elevated",
        "investigation_flags": [
          "coverage-gap"
        ],
        "lat": 12.77615163,
        "line": "line-1",
        "lon": 45.03315621,
        "sample_id": "segment:line-1-civil-065:0004",
        "scope_id": "line-1-civil-065",
        "scope_type": "civil_segment"
      },
      "type": "Feature"
    },
    {
      "geometry": {
        "coordinates": [
          45.03450546,
          12.77375388
        ],
        "type": "Point"
      },
      "properties": {
        "chainage_m": 20176.063,
        "civil_class": "elevated",
        "investigation_flags": [
          "coverage-gap"
        ],
        "lat": 12.77375388,
        "line": "line-1",
        "lon": 45.03450546,
        "sample_id": "segment:line-1-civil-065:0005",
        "scope_id": "line-1-civil-065",
        "scope_type": "civil_segment"
      },
      "type": "Feature"
    },
    {
      "geometry": {
        "coordinates": [
          45.03450546,
          12.77375388
        ],
        "type": "Point"
      },
      "properties": {
        "chainage_m": 20176.063,
        "civil_class": "elevated",
        "investigation_flags": [
          "coverage-gap"
        ],
        "lat": 12.77375388,
        "line": "line-1",
        "lon": 45.03450546,
        "sample_id": "segment:line-1-civil-066:0000",
        "scope_id": "line-1-civil-066",
        "scope_type": "civil_segment"
      },
      "type": "Feature"
    },
    {
      "geometry": {
        "coordinates": [
          45.03450562,
          12.77366402
        ],
        "type": "Point"
      },
      "properties": {
        "chainage_m": 20186.063,
        "civil_class": "elevated",
        "investigation_flags": [
          "coverage-gap"
        ],
        "lat": 12.77366402,
        "line": "line-1",
        "lon": 45.03450562,
        "sample_id": "segment:line-1-civil-066:0001",
        "scope_id": "line-1-civil-066",
        "scope_type": "civil_segment"
      },
      "type": "Feature"
    },
    {
      "geometry": {
        "coordinates": [
          45.03450562,
          12.7735741
        ],
        "type": "Point"
      },
      "properties": {
        "chainage_m": 20196.063,
        "civil_class": "elevated",
        "investigation_flags": [
          "coverage-gap"
        ],
        "lat": 12.7735741,
        "line": "line-1",
        "lon": 45.03450562,
        "sample_id": "segment:line-1-civil-066:0002",
        "scope_id": "line-1-civil-066",
        "scope_type": "civil_segment"
      },
      "type": "Feature"
    },
    {
      "geometry": {
        "coordinates": [
          45.03450562,
          12.7735741
        ],
        "type": "Point"
      },
      "properties": {
        "chainage_m": 20196.063,
        "civil_class": "elevated",
        "investigation_flags": [
          "coverage-gap"
        ],
        "lat": 12.7735741,
        "line": "line-1",
        "lon": 45.03450562,
        "sample_id": "segment:line-1-civil-067:0000",
        "scope_id": "line-1-civil-067",
        "scope_type": "civil_segment"
      },
      "type": "Feature"
    },
    {
      "geometry": {
        "coordinates": [
          45.03450562,
          12.77357393
        ],
        "type": "Point"
      },
      "properties": {
        "chainage_m": 20196.082,
        "civil_class": "elevated",
        "investigation_flags": [
          "coverage-gap"
        ],
        "lat": 12.77357393,
        "line": "line-1",
        "lon": 45.03450562,
        "sample_id": "segment:line-1-civil-067:0001",
        "scope_id": "line-1-civil-067",
        "scope_type": "civil_segment"
      },
      "type": "Feature"
    },
    {
      "geometry": {
        "coordinates": [
          45.03450562,
          12.77357377
        ],
        "type": "Point"
      },
      "properties": {
        "chainage_m": 20196.1,
        "civil_class": "elevated",
        "investigation_flags": [
          "coverage-gap"
        ],
        "lat": 12.77357377,
        "line": "line-1",
        "lon": 45.03450562,
        "sample_id": "segment:line-1-civil-067:0002",
        "scope_id": "line-1-civil-067",
        "scope_type": "civil_segment"
      },
      "type": "Feature"
    },
    {
      "geometry": {
        "coordinates": [
          45.04832367,
          12.84142101
        ],
        "type": "Point"
      },
      "properties": {
        "chainage_m": 0.0,
        "civil_class": "elevated",
        "investigation_flags": [
          "granular-density-and-groundwater-tests"
        ],
        "lat": 12.84142101,
        "line": "line-2",
        "lon": 45.04832367,
        "sample_id": "segment:line-2-civil-068:0000",
        "scope_id": "line-2-civil-068",
        "scope_type": "civil_segment"
      },
      "type": "Feature"
    },
    {
      "geometry": {
        "coordinates": [
          45.04816624,
          12.84126723
        ],
        "type": "Point"
      },
      "properties": {
        "chainage_m": 24.142,
        "civil_class": "elevated",
        "investigation_flags": [
          "granular-density-and-groundwater-tests"
        ],
        "lat": 12.84126723,
        "line": "line-2",
        "lon": 45.04816624,
        "sample_id": "segment:line-2-civil-068:0001",
        "scope_id": "line-2-civil-068",
        "scope_type": "civil_segment"
      },
      "type": "Feature"
    },
    {
      "geometry": {
        "coordinates": [
          45.04795519,
          12.84124096
        ],
        "type": "Point"
      },
      "properties": {
        "chainage_m": 48.284,
        "civil_class": "elevated",
        "investigation_flags": [
          "granular-density-and-groundwater-tests"
        ],
        "lat": 12.84124096,
        "line": "line-2",
        "lon": 45.04795519,
        "sample_id": "segment:line-2-civil-068:0002",
        "scope_id": "line-2-civil-068",
        "scope_type": "civil_segment"
      },
      "type": "Feature"
    },
    {
      "geometry": {
        "coordinates": [
          45.04795519,
          12.84124096
        ],
        "type": "Point"
      },
      "properties": {
        "chainage_m": 48.284,
        "civil_class": "elevated",
        "investigation_flags": [
          "granular-density-and-groundwater-tests"
        ],
        "lat": 12.84124096,
        "line": "line-2",
        "lon": 45.04795519,
        "sample_id": "segment:line-2-civil-069:0000",
        "scope_id": "line-2-civil-069",
        "scope_type": "civil_segment"
      },
      "type": "Feature"
    },
    {
      "geometry": {
        "coordinates": [
          45.04795519,
          12.84115108
        ],
        "type": "Point"
      },
      "properties": {
        "chainage_m": 58.284,
        "civil_class": "elevated",
        "investigation_flags": [
          "granular-density-and-groundwater-tests"
        ],
        "lat": 12.84115108,
        "line": "line-2",
        "lon": 45.04795519,
        "sample_id": "segment:line-2-civil-069:0001",
        "scope_id": "line-2-civil-069",
        "scope_type": "civil_segment"
      },
      "type": "Feature"
    },
    {
      "geometry": {
        "coordinates": [
          45.04795519,
          12.84106119
        ],
        "type": "Point"
      },
      "properties": {
        "chainage_m": 68.284,
        "civil_class": "elevated",
        "investigation_flags": [
          "granular-density-and-groundwater-tests"
        ],
        "lat": 12.84106119,
        "line": "line-2",
        "lon": 45.04795519,
        "sample_id": "segment:line-2-civil-069:0002",
        "scope_id": "line-2-civil-069",
        "scope_type": "civil_segment"
      },
      "type": "Feature"
    },
    {
      "geometry": {
        "coordinates": [
          45.04795519,
          12.84106119
        ],
        "type": "Point"
      },
      "properties": {
        "chainage_m": 68.284,
        "civil_class": "elevated",
        "investigation_flags": [
          "granular-density-and-groundwater-tests"
        ],
        "lat": 12.84106119,
        "line": "line-2",
        "lon": 45.04795519,
        "sample_id": "segment:line-2-civil-070:0000",
        "scope_id": "line-2-civil-070",
        "scope_type": "civil_segment"
      },
      "type": "Feature"
    },
    {
      "geometry": {
        "coordinates": [
          45.04150972,
          12.83602203
        ],
        "type": "Point"
      },
      "properties": {
        "chainage_m": 1070.307,
        "civil_class": "elevated",
        "investigation_flags": [
          "coverage-gap"
        ],
        "lat": 12.83602203,
        "line": "line-2",
        "lon": 45.04150972,
        "sample_id": "segment:line-2-civil-070:0001",
        "scope_id": "line-2-civil-070",
        "scope_type": "civil_segment"
      },
      "type": "Feature"
    },
    {
      "geometry": {
        "coordinates": [
          45.03720485,
          12.83253979
        ],
        "type": "Point"
      },
      "properties": {
        "chainage_m": 1744.802,
        "civil_class": "elevated",
        "investigation_flags": [
          "granular-density-and-groundwater-tests"
        ],
        "lat": 12.83253979,
        "line": "line-2",
        "lon": 45.03720485,
        "sample_id": "segment:line-2-civil-070:0002",
        "scope_id": "line-2-civil-070",
        "scope_type": "civil_segment"
      },
      "type": "Feature"
    },
    {
      "geometry": {
        "coordinates": [
          45.03511619,
          12.83085952
        ],
        "type": "Point"
      },
      "properties": {
        "chainage_m": 2072.329,
        "civil_class": "elevated",
        "investigation_flags": [
          "coverage-gap"
        ],
        "lat": 12.83085952,
        "line": "line-2",
        "lon": 45.03511619,
        "sample_id": "segment:line-2-civil-070:0003",
        "scope_id": "line-2-civil-070",
        "scope_type": "civil_segment"
      },
      "type": "Feature"
    },
    {
      "geometry": {
        "coordinates": [
          45.0286946,
          12.82576396
        ],
        "type": "Point"
      },
      "properties": {
        "chainage_m": 3074.352,
        "civil_class": "elevated",
        "investigation_flags": [
          "granular-density-and-groundwater-tests"
        ],
        "lat": 12.82576396,
        "line": "line-2",
        "lon": 45.0286946,
        "sample_id": "segment:line-2-civil-070:0004",
        "scope_id": "line-2-civil-070",
        "scope_type": "civil_segment"
      },
      "type": "Feature"
    },
    {
      "geometry": {
        "coordinates": [
          45.02658327,
          12.82396617
        ],
        "type": "Point"
      },
      "properties": {
        "chainage_m": 3421.32,
        "civil_class": "elevated",
        "investigation_flags": [
          "granular-density-and-groundwater-tests"
        ],
        "lat": 12.82396617,
        "line": "line-2",
        "lon": 45.02658327,
        "sample_id": "segment:line-2-civil-070:0005",
        "scope_id": "line-2-civil-070",
        "scope_type": "civil_segment"
      },
      "type": "Feature"
    },
    {
      "geometry": {
        "coordinates": [
          45.02658327,
          12.82396617
        ],
        "type": "Point"
      },
      "properties": {
        "chainage_m": 3421.32,
        "civil_class": "elevated",
        "investigation_flags": [
          "granular-density-and-groundwater-tests"
        ],
        "lat": 12.82396617,
        "line": "line-2",
        "lon": 45.02658327,
        "sample_id": "segment:line-2-civil-071:0000",
        "scope_id": "line-2-civil-071",
        "scope_type": "civil_segment"
      },
      "type": "Feature"
    },
    {
      "geometry": {
        "coordinates": [
          45.026493,
          12.82396429
        ],
        "type": "Point"
      },
      "properties": {
        "chainage_m": 3431.32,
        "civil_class": "elevated",
        "investigation_flags": [
          "granular-density-and-groundwater-tests"
        ],
        "lat": 12.82396429,
        "line": "line-2",
        "lon": 45.026493,
        "sample_id": "segment:line-2-civil-071:0001",
        "scope_id": "line-2-civil-071",
        "scope_type": "civil_segment"
      },
      "type": "Feature"
    },
    {
      "geometry": {
        "coordinates": [
          45.02640082,
          12.82396429
        ],
        "type": "Point"
      },
      "properties": {
        "chainage_m": 3441.32,
        "civil_class": "elevated",
        "investigation_flags": [
          "granular-density-and-groundwater-tests"
        ],
        "lat": 12.82396429,
        "line": "line-2",
        "lon": 45.02640082,
        "sample_id": "segment:line-2-civil-071:0002",
        "scope_id": "line-2-civil-071",
        "scope_type": "civil_segment"
      },
      "type": "Feature"
    },
    {
      "geometry": {
        "coordinates": [
          45.02640082,
          12.82396429
        ],
        "type": "Point"
      },
      "properties": {
        "chainage_m": 3441.32,
        "civil_class": "elevated",
        "investigation_flags": [
          "granular-density-and-groundwater-tests"
        ],
        "lat": 12.82396429,
        "line": "line-2",
        "lon": 45.02640082,
        "sample_id": "segment:line-2-civil-072:0000",
        "scope_id": "line-2-civil-072",
        "scope_type": "civil_segment"
      },
      "type": "Feature"
    },
    {
      "geometry": {
        "coordinates": [
          45.02420529,
          12.82218139
        ],
        "type": "Point"
      },
      "properties": {
        "chainage_m": 3773.46,
        "civil_class": "elevated",
        "investigation_flags": [
          "granular-density-and-groundwater-tests"
        ],
        "lat": 12.82218139,
        "line": "line-2",
        "lon": 45.02420529,
        "sample_id": "segment:line-2-civil-072:0001",
        "scope_id": "line-2-civil-072",
        "scope_type": "civil_segment"
      },
      "type": "Feature"
    },
    {
      "geometry": {
        "coordinates": [
          45.02216292,
          12.82054634
        ],
        "type": "Point"
      },
      "properties": {
        "chainage_m": 4105.6,
        "civil_class": "elevated",
        "investigation_flags": [
          "granular-density-and-groundwater-tests"
        ],
        "lat": 12.82054634,
        "line": "line-2",
        "lon": 45.02216292,
        "sample_id": "segment:line-2-civil-072:0002",
        "scope_id": "line-2-civil-072",
        "scope_type": "civil_segment"
      },
      "type": "Feature"
    },
    {
      "geometry": {
        "coordinates": [
          45.02216292,
          12.82054634
        ],
        "type": "Point"
      },
      "properties": {
        "chainage_m": 4105.6,
        "civil_class": "bridge",
        "investigation_flags": [
          "granular-density-and-groundwater-tests"
        ],
        "lat": 12.82054634,
        "line": "line-2",
        "lon": 45.02216292,
        "sample_id": "segment:line-2-civil-073:0000",
        "scope_id": "line-2-civil-073",
        "scope_type": "civil_segment"
      },
      "type": "Feature"
    },
    {
      "geometry": {
        "coordinates": [
          45.02068887,
          12.81928645
        ],
        "type": "Point"
      },
      "properties": {
        "chainage_m": 4347.0,
        "civil_class": "bridge",
        "investigation_flags": [
          "coverage-gap"
        ],
        "lat": 12.81928645,
        "line": "line-2",
        "lon": 45.02068887,
        "sample_id": "segment:line-2-civil-073:0001",
        "scope_id": "line-2-civil-073",
        "scope_type": "civil_segment"
      },
      "type": "Feature"
    },
    {
      "geometry": {
        "coordinates": [
          45.01903192,
          12.81820538
        ],
        "type": "Point"
      },
      "properties": {
        "chainage_m": 4588.4,
        "civil_class": "bridge",
        "investigation_flags": [
          "coverage-gap"
        ],
        "lat": 12.81820538,
        "line": "line-2",
        "lon": 45.01903192,
        "sample_id": "segment:line-2-civil-073:0002",
        "scope_id": "line-2-civil-073",
        "scope_type": "civil_segment"
      },
      "type": "Feature"
    },
    {
      "geometry": {
        "coordinates": [
          45.01903192,
          12.81820538
        ],
        "type": "Point"
      },
      "properties": {
        "chainage_m": 4588.4,
        "civil_class": "elevated",
        "investigation_flags": [
          "coverage-gap"
        ],
        "lat": 12.81820538,
        "line": "line-2",
        "lon": 45.01903192,
        "sample_id": "segment:line-2-civil-074:0000",
        "scope_id": "line-2-civil-074",
        "scope_type": "civil_segment"
      },
      "type": "Feature"
    },
    {
      "geometry": {
        "coordinates": [
          45.0190294,
          12.81790043
        ],
        "type": "Point"
      },
      "properties": {
        "chainage_m": 4622.556,
        "civil_class": "elevated",
        "investigation_flags": [
          "coverage-gap"
        ],
        "lat": 12.81790043,
        "line": "line-2",
        "lon": 45.0190294,
        "sample_id": "segment:line-2-civil-074:0001",
        "scope_id": "line-2-civil-074",
        "scope_type": "civil_segment"
      },
      "type": "Feature"
    },
    {
      "geometry": {
        "coordinates": [
          45.01921172,
          12.81766735
        ],
        "type": "Point"
      },
      "properties": {
        "chainage_m": 4656.711,
        "civil_class": "elevated",
        "investigation_flags": [
          "coverage-gap"
        ],
        "lat": 12.81766735,
        "line": "line-2",
        "lon": 45.01921172,
        "sample_id": "segment:line-2-civil-074:0002",
        "scope_id": "line-2-civil-074",
        "scope_type": "civil_segment"
      },
      "type": "Feature"
    },
    {
      "geometry": {
        "coordinates": [
          45.01921172,
          12.81766735
        ],
        "type": "Point"
      },
      "properties": {
        "chainage_m": 4656.711,
        "civil_class": "elevated",
        "investigation_flags": [
          "coverage-gap"
        ],
        "lat": 12.81766735,
        "line": "line-2",
        "lon": 45.01921172,
        "sample_id": "segment:line-2-civil-075:0000",
        "scope_id": "line-2-civil-075",
        "scope_type": "civil_segment"
      },
      "type": "Feature"
    },
    {
      "geometry": {
        "coordinates": [
          45.01930383,
          12.81757738
        ],
        "type": "Point"
      },
      "properties": {
        "chainage_m": 4670.854,
        "civil_class": "elevated",
        "investigation_flags": [
          "coverage-gap"
        ],
        "lat": 12.81757738,
        "line": "line-2",
        "lon": 45.01930383,
        "sample_id": "segment:line-2-civil-075:0001",
        "scope_id": "line-2-civil-075",
        "scope_type": "civil_segment"
      },
      "type": "Feature"
    },
    {
      "geometry": {
        "coordinates": [
          45.01939593,
          12.81748741
        ],
        "type": "Point"
      },
      "properties": {
        "chainage_m": 4684.996,
        "civil_class": "elevated",
        "investigation_flags": [
          "coverage-gap"
        ],
        "lat": 12.81748741,
        "line": "line-2",
        "lon": 45.01939593,
        "sample_id": "segment:line-2-civil-075:0002",
        "scope_id": "line-2-civil-075",
        "scope_type": "civil_segment"
      },
      "type": "Feature"
    },
    {
      "geometry": {
        "coordinates": [
          45.01939593,
          12.81748741
        ],
        "type": "Point"
      },
      "properties": {
        "chainage_m": 4684.996,
        "civil_class": "elevated",
        "investigation_flags": [
          "coverage-gap"
        ],
        "lat": 12.81748741,
        "line": "line-2",
        "lon": 45.01939593,
        "sample_id": "segment:line-2-civil-076:0000",
        "scope_id": "line-2-civil-076",
        "scope_type": "civil_segment"
      },
      "type": "Feature"
    },
    {
      "geometry": {
        "coordinates": [
          45.02142453,
          12.81453548
        ],
        "type": "Point"
      },
      "properties": {
        "chainage_m": 5116.123,
        "civil_class": "elevated",
        "investigation_flags": [
          "granular-density-and-groundwater-tests"
        ],
        "lat": 12.81453548,
        "line": "line-2",
        "lon": 45.02142453,
        "sample_id": "segment:line-2-civil-076:0001",
        "scope_id": "line-2-civil-076",
        "scope_type": "civil_segment"
      },
      "type": "Feature"
    },
    {
      "geometry": {
        "coordinates": [
          45.02363136,
          12.81155059
        ],
        "type": "Point"
      },
      "properties": {
        "chainage_m": 5547.25,
        "civil_class": "elevated",
        "investigation_flags": [
          "granular-density-and-groundwater-tests"
        ],
        "lat": 12.81155059,
        "line": "line-2",
        "lon": 45.02363136,
        "sample_id": "segment:line-2-civil-076:0002",
        "scope_id": "line-2-civil-076",
        "scope_type": "civil_segment"
      },
      "type": "Feature"
    },
    {
      "geometry": {
        "coordinates": [
          45.02363136,
          12.81155059
        ],
        "type": "Point"
      },
      "properties": {
        "chainage_m": 5547.25,
        "civil_class": "elevated",
        "investigation_flags": [
          "granular-density-and-groundwater-tests"
        ],
        "lat": 12.81155059,
        "line": "line-2",
        "lon": 45.02363136,
        "sample_id": "segment:line-2-civil-077:0000",
        "scope_id": "line-2-civil-077",
        "scope_type": "civil_segment"
      },
      "type": "Feature"
    },
    {
      "geometry": {
        "coordinates": [
          45.02378839,
          12.8113972
        ],
        "type": "Point"
      },
      "properties": {
        "chainage_m": 5571.392,
        "civil_class": "elevated",
        "investigation_flags": [
          "granular-density-and-groundwater-tests"
        ],
        "lat": 12.8113972,
        "line": "line-2",
        "lon": 45.02378839,
        "sample_id": "segment:line-2-civil-077:0001",
        "scope_id": "line-2-civil-077",
        "scope_type": "civil_segment"
      },
      "type": "Feature"
    },
    {
      "geometry": {
        "coordinates": [
          45.02381965,
          12.81119252
        ],
        "type": "Point"
      },
      "properties": {
        "chainage_m": 5595.534,
        "civil_class": "elevated",
        "investigation_flags": [
          "granular-density-and-groundwater-tests"
        ],
        "lat": 12.81119252,
        "line": "line-2",
        "lon": 45.02381965,
        "sample_id": "segment:line-2-civil-077:0002",
        "scope_id": "line-2-civil-077",
        "scope_type": "civil_segment"
      },
      "type": "Feature"
    },
    {
      "geometry": {
        "coordinates": [
          45.02381965,
          12.81119252
        ],
        "type": "Point"
      },
      "properties": {
        "chainage_m": 5595.534,
        "civil_class": "elevated",
        "investigation_flags": [
          "granular-density-and-groundwater-tests"
        ],
        "lat": 12.81119252,
        "line": "line-2",
        "lon": 45.02381965,
        "sample_id": "segment:line-2-civil-078:0000",
        "scope_id": "line-2-civil-078",
        "scope_type": "civil_segment"
      },
      "type": "Feature"
    },
    {
      "geometry": {
        "coordinates": [
          45.02381965,
          12.81092286
        ],
        "type": "Point"
      },
      "properties": {
        "chainage_m": 5625.534,
        "civil_class": "elevated",
        "investigation_flags": [
          "granular-density-and-groundwater-tests"
        ],
        "lat": 12.81092286,
        "line": "line-2",
        "lon": 45.02381965,
        "sample_id": "segment:line-2-civil-078:0001",
        "scope_id": "line-2-civil-078",
        "scope_type": "civil_segment"
      },
      "type": "Feature"
    },
    {
      "geometry": {
        "coordinates": [
          45.02381965,
          12.81065319
        ],
        "type": "Point"
      },
      "properties": {
        "chainage_m": 5655.534,
        "civil_class": "elevated",
        "investigation_flags": [
          "granular-density-and-groundwater-tests"
        ],
        "lat": 12.81065319,
        "line": "line-2",
        "lon": 45.02381965,
        "sample_id": "segment:line-2-civil-078:0002",
        "scope_id": "line-2-civil-078",
        "scope_type": "civil_segment"
      },
      "type": "Feature"
    },
    {
      "geometry": {
        "coordinates": [
          45.02381965,
          12.81065319
        ],
        "type": "Point"
      },
      "properties": {
        "chainage_m": 5655.534,
        "civil_class": "elevated",
        "investigation_flags": [
          "granular-density-and-groundwater-tests"
        ],
        "lat": 12.81065319,
        "line": "line-2",
        "lon": 45.02381965,
        "sample_id": "segment:line-2-civil-079:0000",
        "scope_id": "line-2-civil-079",
        "scope_type": "civil_segment"
      },
      "type": "Feature"
    },
    {
      "geometry": {
        "coordinates": [
          45.02399924,
          12.81047138
        ],
        "type": "Point"
      },
      "properties": {
        "chainage_m": 5683.818,
        "civil_class": "elevated",
        "investigation_flags": [
          "granular-density-and-groundwater-tests"
        ],
        "lat": 12.81047138,
        "line": "line-2",
        "lon": 45.02399924,
        "sample_id": "segment:line-2-civil-079:0001",
        "scope_id": "line-2-civil-079",
        "scope_type": "civil_segment"
      },
      "type": "Feature"
    },
    {
      "geometry": {
        "coordinates": [
          45.02418344,
          12.81029146
        ],
        "type": "Point"
      },
      "properties": {
        "chainage_m": 5712.102,
        "civil_class": "elevated",
        "investigation_flags": [
          "coverage-gap"
        ],
        "lat": 12.81029146,
        "line": "line-2",
        "lon": 45.02418344,
        "sample_id": "segment:line-2-civil-079:0002",
        "scope_id": "line-2-civil-079",
        "scope_type": "civil_segment"
      },
      "type": "Feature"
    },
    {
      "geometry": {
        "coordinates": [
          45.02418344,
          12.81029146
        ],
        "type": "Point"
      },
      "properties": {
        "chainage_m": 5712.102,
        "civil_class": "elevated",
        "investigation_flags": [
          "coverage-gap"
        ],
        "lat": 12.81029146,
        "line": "line-2",
        "lon": 45.02418344,
        "sample_id": "segment:line-2-civil-080:0000",
        "scope_id": "line-2-civil-080",
        "scope_type": "civil_segment"
      },
      "type": "Feature"
    },
    {
      "geometry": {
        "coordinates": [
          45.02464396,
          12.80984162
        ],
        "type": "Point"
      },
      "properties": {
        "chainage_m": 5782.813,
        "civil_class": "elevated",
        "investigation_flags": [
          "granular-density-and-groundwater-tests"
        ],
        "lat": 12.80984162,
        "line": "line-2",
        "lon": 45.02464396,
        "sample_id": "segment:line-2-civil-080:0001",
        "scope_id": "line-2-civil-080",
        "scope_type": "civil_segment"
      },
      "type": "Feature"
    },
    {
      "geometry": {
        "coordinates": [
          45.02510449,
          12.80939177
        ],
        "type": "Point"
      },
      "properties": {
        "chainage_m": 5853.524,
        "civil_class": "elevated",
        "investigation_flags": [
          "granular-density-and-groundwater-tests"
        ],
        "lat": 12.80939177,
        "line": "line-2",
        "lon": 45.02510449,
        "sample_id": "segment:line-2-civil-080:0002",
        "scope_id": "line-2-civil-080",
        "scope_type": "civil_segment"
      },
      "type": "Feature"
    },
    {
      "geometry": {
        "coordinates": [
          45.02510449,
          12.80939177
        ],
        "type": "Point"
      },
      "properties": {
        "chainage_m": 5853.524,
        "civil_class": "elevated",
        "investigation_flags": [
          "granular-density-and-groundwater-tests"
        ],
        "lat": 12.80939177,
        "line": "line-2",
        "lon": 45.02510449,
        "sample_id": "segment:line-2-civil-081:0000",
        "scope_id": "line-2-civil-081",
        "scope_type": "civil_segment"
      },
      "type": "Feature"
    },
    {
      "geometry": {
        "coordinates": [
          45.02526152,
          12.80923839
        ],
        "type": "Point"
      },
      "properties": {
        "chainage_m": 5877.666,
        "civil_class": "elevated",
        "investigation_flags": [
          "granular-density-and-groundwater-tests"
        ],
        "lat": 12.80923839,
        "line": "line-2",
        "lon": 45.02526152,
        "sample_id": "segment:line-2-civil-081:0001",
        "scope_id": "line-2-civil-081",
        "scope_type": "civil_segment"
      },
      "type": "Feature"
    },
    {
      "geometry": {
        "coordinates": [
          45.02529358,
          12.80903403
        ],
        "type": "Point"
      },
      "properties": {
        "chainage_m": 5901.808,
        "civil_class": "elevated",
        "investigation_flags": [
          "granular-density-and-groundwater-tests"
        ],
        "lat": 12.80903403,
        "line": "line-2",
        "lon": 45.02529358,
        "sample_id": "segment:line-2-civil-081:0002",
        "scope_id": "line-2-civil-081",
        "scope_type": "civil_segment"
      },
      "type": "Feature"
    },
    {
      "geometry": {
        "coordinates": [
          45.02529358,
          12.80903403
        ],
        "type": "Point"
      },
      "properties": {
        "chainage_m": 5901.808,
        "civil_class": "elevated",
        "investigation_flags": [
          "granular-density-and-groundwater-tests"
        ],
        "lat": 12.80903403,
        "line": "line-2",
        "lon": 45.02529358,
        "sample_id": "segment:line-2-civil-082:0000",
        "scope_id": "line-2-civil-082",
        "scope_type": "civil_segment"
      },
      "type": "Feature"
    },
    {
      "geometry": {
        "coordinates": [
          45.02529358,
          12.80876437
        ],
        "type": "Point"
      },
      "properties": {
        "chainage_m": 5931.808,
        "civil_class": "elevated",
        "investigation_flags": [
          "granular-density-and-groundwater-tests"
        ],
        "lat": 12.80876437,
        "line": "line-2",
        "lon": 45.02529358,
        "sample_id": "segment:line-2-civil-082:0001",
        "scope_id": "line-2-civil-082",
        "scope_type": "civil_segment"
      },
      "type": "Feature"
    },
    {
      "geometry": {
        "coordinates": [
          45.02529358,
          12.80849471
        ],
        "type": "Point"
      },
      "properties": {
        "chainage_m": 5961.808,
        "civil_class": "elevated",
        "investigation_flags": [
          "granular-density-and-groundwater-tests"
        ],
        "lat": 12.80849471,
        "line": "line-2",
        "lon": 45.02529358,
        "sample_id": "segment:line-2-civil-082:0002",
        "scope_id": "line-2-civil-082",
        "scope_type": "civil_segment"
      },
      "type": "Feature"
    },
    {
      "geometry": {
        "coordinates": [
          45.02529358,
          12.80849471
        ],
        "type": "Point"
      },
      "properties": {
        "chainage_m": 5961.808,
        "civil_class": "elevated",
        "investigation_flags": [
          "granular-density-and-groundwater-tests"
        ],
        "lat": 12.80849471,
        "line": "line-2",
        "lon": 45.02529358,
        "sample_id": "segment:line-2-civil-083:0000",
        "scope_id": "line-2-civil-083",
        "scope_type": "civil_segment"
      },
      "type": "Feature"
    },
    {
      "geometry": {
        "coordinates": [
          45.02538026,
          12.80840254
        ],
        "type": "Point"
      },
      "properties": {
        "chainage_m": 5975.95,
        "civil_class": "elevated",
        "investigation_flags": [
          "granular-density-and-groundwater-tests"
        ],
        "lat": 12.80840254,
        "line": "line-2",
        "lon": 45.02538026,
        "sample_id": "segment:line-2-civil-083:0001",
        "scope_id": "line-2-civil-083",
        "scope_type": "civil_segment"
      },
      "type": "Feature"
    },
    {
      "geometry": {
        "coordinates": [
          45.02547235,
          12.80831258
        ],
        "type": "Point"
      },
      "properties": {
        "chainage_m": 5990.092,
        "civil_class": "elevated",
        "investigation_flags": [
          "granular-density-and-groundwater-tests"
        ],
        "lat": 12.80831258,
        "line": "line-2",
        "lon": 45.02547235,
        "sample_id": "segment:line-2-civil-083:0002",
        "scope_id": "line-2-civil-083",
        "scope_type": "civil_segment"
      },
      "type": "Feature"
    },
    {
      "geometry": {
        "coordinates": [
          45.02547235,
          12.80831258
        ],
        "type": "Point"
      },
      "properties": {
        "chainage_m": 5990.092,
        "civil_class": "elevated",
        "investigation_flags": [
          "granular-density-and-groundwater-tests"
        ],
        "lat": 12.80831258,
        "line": "line-2",
        "lon": 45.02547235,
        "sample_id": "segment:line-2-civil-084:0000",
        "scope_id": "line-2-civil-084",
        "scope_type": "civil_segment"
      },
      "type": "Feature"
    },
    {
      "geometry": {
        "coordinates": [
          45.02603054,
          12.80763291
        ],
        "type": "Point"
      },
      "properties": {
        "chainage_m": 6090.803,
        "civil_class": "elevated",
        "investigation_flags": [
          "granular-density-and-groundwater-tests"
        ],
        "lat": 12.80763291,
        "line": "line-2",
        "lon": 45.02603054,
        "sample_id": "segment:line-2-civil-084:0001",
        "scope_id": "line-2-civil-084",
        "scope_type": "civil_segment"
      },
      "type": "Feature"
    },
    {
      "geometry": {
        "coordinates": [
          45.02639299,
          12.8068734
        ],
        "type": "Point"
      },
      "properties": {
        "chainage_m": 6191.514,
        "civil_class": "elevated",
        "investigation_flags": [
          "granular-density-and-groundwater-tests"
        ],
        "lat": 12.8068734,
        "line": "line-2",
        "lon": 45.02639299,
        "sample_id": "segment:line-2-civil-084:0002",
        "scope_id": "line-2-civil-084",
        "scope_type": "civil_segment"
      },
      "type": "Feature"
    },
    {
      "geometry": {
        "coordinates": [
          45.02639299,
          12.8068734
        ],
        "type": "Point"
      },
      "properties": {
        "chainage_m": 6191.514,
        "civil_class": "elevated",
        "investigation_flags": [
          "granular-density-and-groundwater-tests"
        ],
        "lat": 12.8068734,
        "line": "line-2",
        "lon": 45.02639299,
        "sample_id": "segment:line-2-civil-085:0000",
        "scope_id": "line-2-civil-085",
        "scope_type": "civil_segment"
      },
      "type": "Feature"
    },
    {
      "geometry": {
        "coordinates": [
          45.02639903,
          12.80660618
        ],
        "type": "Point"
      },
      "properties": {
        "chainage_m": 6221.514,
        "civil_class": "elevated",
        "investigation_flags": [
          "granular-density-and-groundwater-tests"
        ],
        "lat": 12.80660618,
        "line": "line-2",
        "lon": 45.02639903,
        "sample_id": "segment:line-2-civil-085:0001",
        "scope_id": "line-2-civil-085",
        "scope_type": "civil_segment"
      },
      "type": "Feature"
    },
    {
      "geometry": {
        "coordinates": [
          45.02639903,
          12.80633651
        ],
        "type": "Point"
      },
      "properties": {
        "chainage_m": 6251.514,
        "civil_class": "elevated",
        "investigation_flags": [
          "granular-density-and-groundwater-tests"
        ],
        "lat": 12.80633651,
        "line": "line-2",
        "lon": 45.02639903,
        "sample_id": "segment:line-2-civil-085:0002",
        "scope_id": "line-2-civil-085",
        "scope_type": "civil_segment"
      },
      "type": "Feature"
    },
    {
      "geometry": {
        "coordinates": [
          45.02639903,
          12.80633651
        ],
        "type": "Point"
      },
      "properties": {
        "chainage_m": 6251.514,
        "civil_class": "elevated",
        "investigation_flags": [
          "granular-density-and-groundwater-tests"
        ],
        "lat": 12.80633651,
        "line": "line-2",
        "lon": 45.02639903,
        "sample_id": "segment:line-2-civil-086:0000",
        "scope_id": "line-2-civil-086",
        "scope_type": "civil_segment"
      },
      "type": "Feature"
    },
    {
      "geometry": {
        "coordinates": [
          45.02639903,
          12.80624662
        ],
        "type": "Point"
      },
      "properties": {
        "chainage_m": 6261.514,
        "civil_class": "elevated",
        "investigation_flags": [
          "granular-density-and-groundwater-tests"
        ],
        "lat": 12.80624662,
        "line": "line-2",
        "lon": 45.02639903,
        "sample_id": "segment:line-2-civil-086:0001",
        "scope_id": "line-2-civil-086",
        "scope_type": "civil_segment"
      },
      "type": "Feature"
    },
    {
      "geometry": {
        "coordinates": [
          45.02639903,
          12.80615673
        ],
        "type": "Point"
      },
      "properties": {
        "chainage_m": 6271.514,
        "civil_class": "elevated",
        "investigation_flags": [
          "granular-density-and-groundwater-tests"
        ],
        "lat": 12.80615673,
        "line": "line-2",
        "lon": 45.02639903,
        "sample_id": "segment:line-2-civil-086:0002",
        "scope_id": "line-2-civil-086",
        "scope_type": "civil_segment"
      },
      "type": "Feature"
    },
    {
      "geometry": {
        "coordinates": [
          45.02639903,
          12.80615673
        ],
        "type": "Point"
      },
      "properties": {
        "chainage_m": 6271.514,
        "civil_class": "elevated",
        "investigation_flags": [
          "granular-density-and-groundwater-tests"
        ],
        "lat": 12.80615673,
        "line": "line-2",
        "lon": 45.02639903,
        "sample_id": "segment:line-2-civil-087:0000",
        "scope_id": "line-2-civil-087",
        "scope_type": "civil_segment"
      },
      "type": "Feature"
    },
    {
      "geometry": {
        "coordinates": [
          45.02639903,
          12.80606684
        ],
        "type": "Point"
      },
      "properties": {
        "chainage_m": 6281.514,
        "civil_class": "elevated",
        "investigation_flags": [
          "granular-density-and-groundwater-tests"
        ],
        "lat": 12.80606684,
        "line": "line-2",
        "lon": 45.02639903,
        "sample_id": "segment:line-2-civil-087:0001",
        "scope_id": "line-2-civil-087",
        "scope_type": "civil_segment"
      },
      "type": "Feature"
    },
    {
      "geometry": {
        "coordinates": [
          45.02639903,
          12.80597695
        ],
        "type": "Point"
      },
      "properties": {
        "chainage_m": 6291.514,
        "civil_class": "elevated",
        "investigation_flags": [
          "coverage-gap"
        ],
        "lat": 12.80597695,
        "line": "line-2",
        "lon": 45.02639903,
        "sample_id": "segment:line-2-civil-087:0002",
        "scope_id": "line-2-civil-087",
        "scope_type": "civil_segment"
      },
      "type": "Feature"
    },
    {
      "geometry": {
        "coordinates": [
          45.02639903,
          12.80597695
        ],
        "type": "Point"
      },
      "properties": {
        "chainage_m": 6291.514,
        "civil_class": "elevated",
        "investigation_flags": [
          "coverage-gap"
        ],
        "lat": 12.80597695,
        "line": "line-2",
        "lon": 45.02639903,
        "sample_id": "segment:line-2-civil-088:0000",
        "scope_id": "line-2-civil-088",
        "scope_type": "civil_segment"
      },
      "type": "Feature"
    },
    {
      "geometry": {
        "coordinates": [
          45.02639903,
          12.80579718
        ],
        "type": "Point"
      },
      "properties": {
        "chainage_m": 6311.514,
        "civil_class": "elevated",
        "investigation_flags": [
          "coverage-gap"
        ],
        "lat": 12.80579718,
        "line": "line-2",
        "lon": 45.02639903,
        "sample_id": "segment:line-2-civil-088:0001",
        "scope_id": "line-2-civil-088",
        "scope_type": "civil_segment"
      },
      "type": "Feature"
    },
    {
      "geometry": {
        "coordinates": [
          45.02639903,
          12.8056174
        ],
        "type": "Point"
      },
      "properties": {
        "chainage_m": 6331.514,
        "civil_class": "elevated",
        "investigation_flags": [
          "coverage-gap"
        ],
        "lat": 12.8056174,
        "line": "line-2",
        "lon": 45.02639903,
        "sample_id": "segment:line-2-civil-088:0002",
        "scope_id": "line-2-civil-088",
        "scope_type": "civil_segment"
      },
      "type": "Feature"
    },
    {
      "geometry": {
        "coordinates": [
          45.02639903,
          12.8056174
        ],
        "type": "Point"
      },
      "properties": {
        "chainage_m": 6331.514,
        "civil_class": "elevated",
        "investigation_flags": [
          "coverage-gap"
        ],
        "lat": 12.8056174,
        "line": "line-2",
        "lon": 45.02639903,
        "sample_id": "segment:line-2-civil-089:0000",
        "scope_id": "line-2-civil-089",
        "scope_type": "civil_segment"
      },
      "type": "Feature"
    },
    {
      "geometry": {
        "coordinates": [
          45.02637896,
          12.80540818
        ],
        "type": "Point"
      },
      "properties": {
        "chainage_m": 6355.656,
        "civil_class": "elevated",
        "investigation_flags": [
          "coverage-gap"
        ],
        "lat": 12.80540818,
        "line": "line-2",
        "lon": 45.02637896,
        "sample_id": "segment:line-2-civil-089:0001",
        "scope_id": "line-2-civil-089",
        "scope_type": "civil_segment"
      },
      "type": "Feature"
    },
    {
      "geometry": {
        "coordinates": [
          45.02622195,
          12.80525481
        ],
        "type": "Point"
      },
      "properties": {
        "chainage_m": 6379.798,
        "civil_class": "elevated",
        "investigation_flags": [
          "coverage-gap"
        ],
        "lat": 12.80525481,
        "line": "line-2",
        "lon": 45.02622195,
        "sample_id": "segment:line-2-civil-089:0002",
        "scope_id": "line-2-civil-089",
        "scope_type": "civil_segment"
      },
      "type": "Feature"
    },
    {
      "geometry": {
        "coordinates": [
          45.02622195,
          12.80525481
        ],
        "type": "Point"
      },
      "properties": {
        "chainage_m": 6379.798,
        "civil_class": "elevated",
        "investigation_flags": [
          "coverage-gap"
        ],
        "lat": 12.80525481,
        "line": "line-2",
        "lon": 45.02622195,
        "sample_id": "segment:line-2-civil-090:0000",
        "scope_id": "line-2-civil-090",
        "scope_type": "civil_segment"
      },
      "type": "Feature"
    },
    {
      "geometry": {
        "coordinates": [
          45.02582716,
          12.80378938
        ],
        "type": "Point"
      },
      "properties": {
        "chainage_m": 6560.508,
        "civil_class": "elevated",
        "investigation_flags": [
          "coverage-gap"
        ],
        "lat": 12.80378938,
        "line": "line-2",
        "lon": 45.02582716,
        "sample_id": "segment:line-2-civil-090:0001",
        "scope_id": "line-2-civil-090",
        "scope_type": "civil_segment"
      },
      "type": "Feature"
    },
    {
      "geometry": {
        "coordinates": [
          45.02529358,
          12.80238055
        ],
        "type": "Point"
      },
      "properties": {
        "chainage_m": 6741.219,
        "civil_class": "elevated",
        "investigation_flags": [
          "coverage-gap"
        ],
        "lat": 12.80238055,
        "line": "line-2",
        "lon": 45.02529358,
        "sample_id": "segment:line-2-civil-090:0002",
        "scope_id": "line-2-civil-090",
        "scope_type": "civil_segment"
      },
      "type": "Feature"
    },
    {
      "geometry": {
        "coordinates": [
          45.02529358,
          12.80238055
        ],
        "type": "Point"
      },
      "properties": {
        "chainage_m": 6741.219,
        "civil_class": "elevated",
        "investigation_flags": [
          "coverage-gap"
        ],
        "lat": 12.80238055,
        "line": "line-2",
        "lon": 45.02529358,
        "sample_id": "segment:line-2-civil-091:0000",
        "scope_id": "line-2-civil-091",
        "scope_type": "civil_segment"
      },
      "type": "Feature"
    },
    {
      "geometry": {
        "coordinates": [
          45.0252103,
          12.802287
        ],
        "type": "Point"
      },
      "properties": {
        "chainage_m": 6755.361,
        "civil_class": "elevated",
        "investigation_flags": [
          "coverage-gap"
        ],
        "lat": 12.802287,
        "line": "line-2",
        "lon": 45.0252103,
        "sample_id": "segment:line-2-civil-091:0001",
        "scope_id": "line-2-civil-091",
        "scope_type": "civil_segment"
      },
      "type": "Feature"
    },
    {
      "geometry": {
        "coordinates": [
          45.0251182,
          12.80219705
        ],
        "type": "Point"
      },
      "properties": {
        "chainage_m": 6769.504,
        "civil_class": "elevated",
        "investigation_flags": [
          "coverage-gap"
        ],
        "lat": 12.80219705,
        "line": "line-2",
        "lon": 45.0251182,
        "sample_id": "segment:line-2-civil-091:0002",
        "scope_id": "line-2-civil-091",
        "scope_type": "civil_segment"
      },
      "type": "Feature"
    },
    {
      "geometry": {
        "coordinates": [
          45.0251182,
          12.80219705
        ],
        "type": "Point"
      },
      "properties": {
        "chainage_m": 6769.504,
        "civil_class": "elevated",
        "investigation_flags": [
          "coverage-gap"
        ],
        "lat": 12.80219705,
        "line": "line-2",
        "lon": 45.0251182,
        "sample_id": "segment:line-2-civil-092:0000",
        "scope_id": "line-2-civil-092",
        "scope_type": "civil_segment"
      },
      "type": "Feature"
    },
    {
      "geometry": {
        "coordinates": [
          45.02490695,
          12.80181072
        ],
        "type": "Point"
      },
      "properties": {
        "chainage_m": 6821.93,
        "civil_class": "elevated",
        "investigation_flags": [
          "coverage-gap"
        ],
        "lat": 12.80181072,
        "line": "line-2",
        "lon": 45.02490695,
        "sample_id": "segment:line-2-civil-092:0001",
        "scope_id": "line-2-civil-092",
        "scope_type": "civil_segment"
      },
      "type": "Feature"
    },
    {
      "geometry": {
        "coordinates": [
          45.02456572,
          12.80147741
        ],
        "type": "Point"
      },
      "properties": {
        "chainage_m": 6874.356,
        "civil_class": "elevated",
        "investigation_flags": [
          "coverage-gap"
        ],
        "lat": 12.80147741,
        "line": "line-2",
        "lon": 45.02456572,
        "sample_id": "segment:line-2-civil-092:0002",
        "scope_id": "line-2-civil-092",
        "scope_type": "civil_segment"
      },
      "type": "Feature"
    },
    {
      "geometry": {
        "coordinates": [
          45.02456572,
          12.80147741
        ],
        "type": "Point"
      },
      "properties": {
        "chainage_m": 6874.356,
        "civil_class": "elevated",
        "investigation_flags": [
          "coverage-gap"
        ],
        "lat": 12.80147741,
        "line": "line-2",
        "lon": 45.02456572,
        "sample_id": "segment:line-2-civil-093:0000",
        "scope_id": "line-2-civil-093",
        "scope_type": "civil_segment"
      },
      "type": "Feature"
    },
    {
      "geometry": {
        "coordinates": [
          45.02455662,
          12.80139122
        ],
        "type": "Point"
      },
      "properties": {
        "chainage_m": 6884.356,
        "civil_class": "elevated",
        "investigation_flags": [
          "coverage-gap"
        ],
        "lat": 12.80139122,
        "line": "line-2",
        "lon": 45.02455662,
        "sample_id": "segment:line-2-civil-093:0001",
        "scope_id": "line-2-civil-093",
        "scope_type": "civil_segment"
      },
      "type": "Feature"
    },
    {
      "geometry": {
        "coordinates": [
          45.02455662,
          12.80130131
        ],
        "type": "Point"
      },
      "properties": {
        "chainage_m": 6894.356,
        "civil_class": "elevated",
        "investigation_flags": [
          "coverage-gap"
        ],
        "lat": 12.80130131,
        "line": "line-2",
        "lon": 45.02455662,
        "sample_id": "segment:line-2-civil-093:0002",
        "scope_id": "line-2-civil-093",
        "scope_type": "civil_segment"
      },
      "type": "Feature"
    },
    {
      "geometry": {
        "coordinates": [
          45.02455662,
          12.80130131
        ],
        "type": "Point"
      },
      "properties": {
        "chainage_m": 6894.356,
        "civil_class": "elevated",
        "investigation_flags": [
          "coverage-gap"
        ],
        "lat": 12.80130131,
        "line": "line-2",
        "lon": 45.02455662,
        "sample_id": "segment:line-2-civil-094:0000",
        "scope_id": "line-2-civil-094",
        "scope_type": "civil_segment"
      },
      "type": "Feature"
    },
    {
      "geometry": {
        "coordinates": [
          45.02440894,
          12.80096434
        ],
        "type": "Point"
      },
      "properties": {
        "chainage_m": 6938.498,
        "civil_class": "elevated",
        "investigation_flags": [
          "coverage-gap"
        ],
        "lat": 12.80096434,
        "line": "line-2",
        "lon": 45.02440894,
        "sample_id": "segment:line-2-civil-094:0001",
        "scope_id": "line-2-civil-094",
        "scope_type": "civil_segment"
      },
      "type": "Feature"
    },
    {
      "geometry": {
        "coordinates": [
          45.02437238,
          12.80058205
        ],
        "type": "Point"
      },
      "properties": {
        "chainage_m": 6982.641,
        "civil_class": "elevated",
        "investigation_flags": [
          "coverage-gap"
        ],
        "lat": 12.80058205,
        "line": "line-2",
        "lon": 45.02437238,
        "sample_id": "segment:line-2-civil-094:0002",
        "scope_id": "line-2-civil-094",
        "scope_type": "civil_segment"
      },
      "type": "Feature"
    },
    {
      "geometry": {
        "coordinates": [
          45.02437238,
          12.80058205
        ],
        "type": "Point"
      },
      "properties": {
        "chainage_m": 6982.641,
        "civil_class": "elevated",
        "investigation_flags": [
          "coverage-gap"
        ],
        "lat": 12.80058205,
        "line": "line-2",
        "lon": 45.02437238,
        "sample_id": "segment:line-2-civil-095:0000",
        "scope_id": "line-2-civil-095",
        "scope_type": "civil_segment"
      },
      "type": "Feature"
    },
    {
      "geometry": {
        "coordinates": [
          45.02428993,
          12.80048816
        ],
        "type": "Point"
      },
      "properties": {
        "chainage_m": 6996.783,
        "civil_class": "elevated",
        "investigation_flags": [
          "coverage-gap"
        ],
        "lat": 12.80048816,
        "line": "line-2",
        "lon": 45.02428993,
        "sample_id": "segment:line-2-civil-095:0001",
        "scope_id": "line-2-civil-095",
        "scope_type": "civil_segment"
      },
      "type": "Feature"
    },
    {
      "geometry": {
        "coordinates": [
          45.02419785,
          12.80039821
        ],
        "type": "Point"
      },
      "properties": {
        "chainage_m": 7010.925,
        "civil_class": "elevated",
        "investigation_flags": [
          "coverage-gap"
        ],
        "lat": 12.80039821,
        "line": "line-2",
        "lon": 45.02419785,
        "sample_id": "segment:line-2-civil-095:0002",
        "scope_id": "line-2-civil-095",
        "scope_type": "civil_segment"
      },
      "type": "Feature"
    },
    {
      "geometry": {
        "coordinates": [
          45.02419785,
          12.80039821
        ],
        "type": "Point"
      },
      "properties": {
        "chainage_m": 7010.925,
        "civil_class": "elevated",
        "investigation_flags": [
          "coverage-gap"
        ],
        "lat": 12.80039821,
        "line": "line-2",
        "lon": 45.02419785,
        "sample_id": "segment:line-2-civil-096:0000",
        "scope_id": "line-2-civil-096",
        "scope_type": "civil_segment"
      },
      "type": "Feature"
    },
    {
      "geometry": {
        "coordinates": [
          45.02389448,
          12.79992192
        ],
        "type": "Point"
      },
      "properties": {
        "chainage_m": 7077.494,
        "civil_class": "elevated",
        "investigation_flags": [
          "coverage-gap"
        ],
        "lat": 12.79992192,
        "line": "line-2",
        "lon": 45.02389448,
        "sample_id": "segment:line-2-civil-096:0001",
        "scope_id": "line-2-civil-096",
        "scope_type": "civil_segment"
      },
      "type": "Feature"
    },
    {
      "geometry": {
        "coordinates": [
          45.02346115,
          12.79949864
        ],
        "type": "Point"
      },
      "properties": {
        "chainage_m": 7144.062,
        "civil_class": "elevated",
        "investigation_flags": [
          "coverage-gap"
        ],
        "lat": 12.79949864,
        "line": "line-2",
        "lon": 45.02346115,
        "sample_id": "segment:line-2-civil-096:0002",
        "scope_id": "line-2-civil-096",
        "scope_type": "civil_segment"
      },
      "type": "Feature"
    },
    {
      "geometry": {
        "coordinates": [
          45.02346115,
          12.79949864
        ],
        "type": "Point"
      },
      "properties": {
        "chainage_m": 7144.062,
        "civil_class": "elevated",
        "investigation_flags": [
          "coverage-gap"
        ],
        "lat": 12.79949864,
        "line": "line-2",
        "lon": 45.02346115,
        "sample_id": "segment:line-2-civil-097:0000",
        "scope_id": "line-2-civil-097",
        "scope_type": "civil_segment"
      },
      "type": "Feature"
    },
    {
      "geometry": {
        "coordinates": [
          45.02345117,
          12.79941279
        ],
        "type": "Point"
      },
      "properties": {
        "chainage_m": 7154.062,
        "civil_class": "elevated",
        "investigation_flags": [
          "coverage-gap"
        ],
        "lat": 12.79941279,
        "line": "line-2",
        "lon": 45.02345117,
        "sample_id": "segment:line-2-civil-097:0001",
        "scope_id": "line-2-civil-097",
        "scope_type": "civil_segment"
      },
      "type": "Feature"
    },
    {
      "geometry": {
        "coordinates": [
          45.02345117,
          12.79932288
        ],
        "type": "Point"
      },
      "properties": {
        "chainage_m": 7164.062,
        "civil_class": "elevated",
        "investigation_flags": [
          "coverage-gap"
        ],
        "lat": 12.79932288,
        "line": "line-2",
        "lon": 45.02345117,
        "sample_id": "segment:line-2-civil-097:0002",
        "scope_id": "line-2-civil-097",
        "scope_type": "civil_segment"
      },
      "type": "Feature"
    },
    {
      "geometry": {
        "coordinates": [
          45.02345117,
          12.79932288
        ],
        "type": "Point"
      },
      "properties": {
        "chainage_m": 7164.062,
        "civil_class": "elevated",
        "investigation_flags": [
          "coverage-gap"
        ],
        "lat": 12.79932288,
        "line": "line-2",
        "lon": 45.02345117,
        "sample_id": "segment:line-2-civil-098:0000",
        "scope_id": "line-2-civil-098",
        "scope_type": "civil_segment"
      },
      "type": "Feature"
    },
    {
      "geometry": {
        "coordinates": [
          45.02343434,
          12.79893255
        ],
        "type": "Point"
      },
      "properties": {
        "chainage_m": 7208.204,
        "civil_class": "elevated",
        "investigation_flags": [
          "coverage-gap"
        ],
        "lat": 12.79893255,
        "line": "line-2",
        "lon": 45.02343434,
        "sample_id": "segment:line-2-civil-098:0001",
        "scope_id": "line-2-civil-098",
        "scope_type": "civil_segment"
      },
      "type": "Feature"
    },
    {
      "geometry": {
        "coordinates": [
          45.02326693,
          12.79860363
        ],
        "type": "Point"
      },
      "properties": {
        "chainage_m": 7252.346,
        "civil_class": "elevated",
        "investigation_flags": [
          "coverage-gap"
        ],
        "lat": 12.79860363,
        "line": "line-2",
        "lon": 45.02326693,
        "sample_id": "segment:line-2-civil-098:0002",
        "scope_id": "line-2-civil-098",
        "scope_type": "civil_segment"
      },
      "type": "Feature"
    },
    {
      "geometry": {
        "coordinates": [
          45.02326693,
          12.79860363
        ],
        "type": "Point"
      },
      "properties": {
        "chainage_m": 7252.346,
        "civil_class": "elevated",
        "investigation_flags": [
          "coverage-gap"
        ],
        "lat": 12.79860363,
        "line": "line-2",
        "lon": 45.02326693,
        "sample_id": "segment:line-2-civil-099:0000",
        "scope_id": "line-2-civil-099",
        "scope_type": "civil_segment"
      },
      "type": "Feature"
    },
    {
      "geometry": {
        "coordinates": [
          45.02318536,
          12.79850939
        ],
        "type": "Point"
      },
      "properties": {
        "chainage_m": 7266.488,
        "civil_class": "elevated",
        "investigation_flags": [
          "coverage-gap"
        ],
        "lat": 12.79850939,
        "line": "line-2",
        "lon": 45.02318536,
        "sample_id": "segment:line-2-civil-099:0001",
        "scope_id": "line-2-civil-099",
        "scope_type": "civil_segment"
      },
      "type": "Feature"
    },
    {
      "geometry": {
        "coordinates": [
          45.02309327,
          12.79841944
        ],
        "type": "Point"
      },
      "properties": {
        "chainage_m": 7280.631,
        "civil_class": "elevated",
        "investigation_flags": [
          "coverage-gap"
        ],
        "lat": 12.79841944,
        "line": "line-2",
        "lon": 45.02309327,
        "sample_id": "segment:line-2-civil-099:0002",
        "scope_id": "line-2-civil-099",
        "scope_type": "civil_segment"
      },
      "type": "Feature"
    },
    {
      "geometry": {
        "coordinates": [
          45.02309327,
          12.79841944
        ],
        "type": "Point"
      },
      "properties": {
        "chainage_m": 7280.631,
        "civil_class": "elevated",
        "investigation_flags": [
          "coverage-gap"
        ],
        "lat": 12.79841944,
        "line": "line-2",
        "lon": 45.02309327,
        "sample_id": "segment:line-2-civil-100:0000",
        "scope_id": "line-2-civil-100",
        "scope_type": "civil_segment"
      },
      "type": "Feature"
    },
    {
      "geometry": {
        "coordinates": [
          45.02281696,
          12.79814954
        ],
        "type": "Point"
      },
      "properties": {
        "chainage_m": 7323.057,
        "civil_class": "elevated",
        "investigation_flags": [
          "coverage-gap"
        ],
        "lat": 12.79814954,
        "line": "line-2",
        "lon": 45.02281696,
        "sample_id": "segment:line-2-civil-100:0001",
        "scope_id": "line-2-civil-100",
        "scope_type": "civil_segment"
      },
      "type": "Feature"
    },
    {
      "geometry": {
        "coordinates": [
          45.02254065,
          12.79787963
        ],
        "type": "Point"
      },
      "properties": {
        "chainage_m": 7365.483,
        "civil_class": "elevated",
        "investigation_flags": [
          "coverage-gap"
        ],
        "lat": 12.79787963,
        "line": "line-2",
        "lon": 45.02254065,
        "sample_id": "segment:line-2-civil-100:0002",
        "scope_id": "line-2-civil-100",
        "scope_type": "civil_segment"
      },
      "type": "Feature"
    },
    {
      "geometry": {
        "coordinates": [
          45.02254065,
          12.79787963
        ],
        "type": "Point"
      },
      "properties": {
        "chainage_m": 7365.483,
        "civil_class": "elevated",
        "investigation_flags": [
          "coverage-gap"
        ],
        "lat": 12.79787963,
        "line": "line-2",
        "lon": 45.02254065,
        "sample_id": "segment:line-2-civil-101:0000",
        "scope_id": "line-2-civil-101",
        "scope_type": "civil_segment"
      },
      "type": "Feature"
    },
    {
      "geometry": {
        "coordinates": [
          45.02234573,
          12.79747202
        ],
        "type": "Point"
      },
      "properties": {
        "chainage_m": 7419.626,
        "civil_class": "elevated",
        "investigation_flags": [
          "coverage-gap"
        ],
        "lat": 12.79747202,
        "line": "line-2",
        "lon": 45.02234573,
        "sample_id": "segment:line-2-civil-101:0001",
        "scope_id": "line-2-civil-101",
        "scope_type": "civil_segment"
      },
      "type": "Feature"
    },
    {
      "geometry": {
        "coordinates": [
          45.02234573,
          12.79698491
        ],
        "type": "Point"
      },
      "properties": {
        "chainage_m": 7473.768,
        "civil_class": "elevated",
        "investigation_flags": [
          "coverage-gap"
        ],
        "lat": 12.79698491,
        "line": "line-2",
        "lon": 45.02234573,
        "sample_id": "segment:line-2-civil-101:0002",
        "scope_id": "line-2-civil-101",
        "scope_type": "civil_segment"
      },
      "type": "Feature"
    },
    {
      "geometry": {
        "coordinates": [
          45.02234573,
          12.79698491
        ],
        "type": "Point"
      },
      "properties": {
        "chainage_m": 7473.768,
        "civil_class": "elevated",
        "investigation_flags": [
          "coverage-gap"
        ],
        "lat": 12.79698491,
        "line": "line-2",
        "lon": 45.02234573,
        "sample_id": "segment:line-2-civil-102:0000",
        "scope_id": "line-2-civil-102",
        "scope_type": "civil_segment"
      },
      "type": "Feature"
    },
    {
      "geometry": {
        "coordinates": [
          45.02234573,
          12.7962658
        ],
        "type": "Point"
      },
      "properties": {
        "chainage_m": 7553.768,
        "civil_class": "elevated",
        "investigation_flags": [
          "coverage-gap"
        ],
        "lat": 12.7962658,
        "line": "line-2",
        "lon": 45.02234573,
        "sample_id": "segment:line-2-civil-102:0001",
        "scope_id": "line-2-civil-102",
        "scope_type": "civil_segment"
      },
      "type": "Feature"
    },
    {
      "geometry": {
        "coordinates": [
          45.02234573,
          12.7955467
        ],
        "type": "Point"
      },
      "properties": {
        "chainage_m": 7633.768,
        "civil_class": "elevated",
        "investigation_flags": [
          "coverage-gap"
        ],
        "lat": 12.7955467,
        "line": "line-2",
        "lon": 45.02234573,
        "sample_id": "segment:line-2-civil-102:0002",
        "scope_id": "line-2-civil-102",
        "scope_type": "civil_segment"
      },
      "type": "Feature"
    },
    {
      "geometry": {
        "coordinates": [
          45.02234573,
          12.7955467
        ],
        "type": "Point"
      },
      "properties": {
        "chainage_m": 7633.768,
        "civil_class": "elevated",
        "investigation_flags": [
          "coverage-gap"
        ],
        "lat": 12.7955467,
        "line": "line-2",
        "lon": 45.02234573,
        "sample_id": "segment:line-2-civil-103:0000",
        "scope_id": "line-2-civil-103",
        "scope_type": "civil_segment"
      },
      "type": "Feature"
    },
    {
      "geometry": {
        "coordinates": [
          45.02234573,
          12.79527703
        ],
        "type": "Point"
      },
      "properties": {
        "chainage_m": 7663.768,
        "civil_class": "elevated",
        "investigation_flags": [
          "coverage-gap"
        ],
        "lat": 12.79527703,
        "line": "line-2",
        "lon": 45.02234573,
        "sample_id": "segment:line-2-civil-103:0001",
        "scope_id": "line-2-civil-103",
        "scope_type": "civil_segment"
      },
      "type": "Feature"
    },
    {
      "geometry": {
        "coordinates": [
          45.02234573,
          12.79500737
        ],
        "type": "Point"
      },
      "properties": {
        "chainage_m": 7693.768,
        "civil_class": "elevated",
        "investigation_flags": [
          "coverage-gap"
        ],
        "lat": 12.79500737,
        "line": "line-2",
        "lon": 45.02234573,
        "sample_id": "segment:line-2-civil-103:0002",
        "scope_id": "line-2-civil-103",
        "scope_type": "civil_segment"
      },
      "type": "Feature"
    },
    {
      "geometry": {
        "coordinates": [
          45.02234573,
          12.79500737
        ],
        "type": "Point"
      },
      "properties": {
        "chainage_m": 7693.768,
        "civil_class": "elevated",
        "investigation_flags": [
          "coverage-gap"
        ],
        "lat": 12.79500737,
        "line": "line-2",
        "lon": 45.02234573,
        "sample_id": "segment:line-2-civil-104:0000",
        "scope_id": "line-2-civil-104",
        "scope_type": "civil_segment"
      },
      "type": "Feature"
    },
    {
      "geometry": {
        "coordinates": [
          45.02227156,
          12.79498974
        ],
        "type": "Point"
      },
      "properties": {
        "chainage_m": 7703.768,
        "civil_class": "elevated",
        "investigation_flags": [
          "coverage-gap"
        ],
        "lat": 12.79498974,
        "line": "line-2",
        "lon": 45.02227156,
        "sample_id": "segment:line-2-civil-104:0001",
        "scope_id": "line-2-civil-104",
        "scope_type": "civil_segment"
      },
      "type": "Feature"
    },
    {
      "geometry": {
        "coordinates": [
          45.02217943,
          12.79498974
        ],
        "type": "Point"
      },
      "properties": {
        "chainage_m": 7713.768,
        "civil_class": "elevated",
        "investigation_flags": [
          "coverage-gap"
        ],
        "lat": 12.79498974,
        "line": "line-2",
        "lon": 45.02217943,
        "sample_id": "segment:line-2-civil-104:0002",
        "scope_id": "line-2-civil-104",
        "scope_type": "civil_segment"
      },
      "type": "Feature"
    },
    {
      "geometry": {
        "coordinates": [
          45.02217943,
          12.79498974
        ],
        "type": "Point"
      },
      "properties": {
        "chainage_m": 7713.768,
        "civil_class": "elevated",
        "investigation_flags": [
          "coverage-gap"
        ],
        "lat": 12.79498974,
        "line": "line-2",
        "lon": 45.02217943,
        "sample_id": "segment:line-2-civil-105:0000",
        "scope_id": "line-2-civil-105",
        "scope_type": "civil_segment"
      },
      "type": "Feature"
    },
    {
      "geometry": {
        "coordinates": [
          45.02183256,
          12.79466844
        ],
        "type": "Point"
      },
      "properties": {
        "chainage_m": 7766.194,
        "civil_class": "elevated",
        "investigation_flags": [
          "coverage-gap"
        ],
        "lat": 12.79466844,
        "line": "line-2",
        "lon": 45.02183256,
        "sample_id": "segment:line-2-civil-105:0001",
        "scope_id": "line-2-civil-105",
        "scope_type": "civil_segment"
      },
      "type": "Feature"
    },
    {
      "geometry": {
        "coordinates": [
          45.02144248,
          12.79444984
        ],
        "type": "Point"
      },
      "properties": {
        "chainage_m": 7818.62,
        "civil_class": "elevated",
        "investigation_flags": [
          "coverage-gap"
        ],
        "lat": 12.79444984,
        "line": "line-2",
        "lon": 45.02144248,
        "sample_id": "segment:line-2-civil-105:0002",
        "scope_id": "line-2-civil-105",
        "scope_type": "civil_segment"
      },
      "type": "Feature"
    },
    {
      "geometry": {
        "coordinates": [
          45.02144248,
          12.79444984
        ],
        "type": "Point"
      },
      "properties": {
        "chainage_m": 7818.62,
        "civil_class": "elevated",
        "investigation_flags": [
          "coverage-gap"
        ],
        "lat": 12.79444984,
        "line": "line-2",
        "lon": 45.02144248,
        "sample_id": "segment:line-2-civil-106:0000",
        "scope_id": "line-2-civil-106",
        "scope_type": "civil_segment"
      },
      "type": "Feature"
    },
    {
      "geometry": {
        "coordinates": [
          45.02134512,
          12.79437228
        ],
        "type": "Point"
      },
      "properties": {
        "chainage_m": 7832.762,
        "civil_class": "elevated",
        "investigation_flags": [
          "coverage-gap"
        ],
        "lat": 12.79437228,
        "line": "line-2",
        "lon": 45.02134512,
        "sample_id": "segment:line-2-civil-106:0001",
        "scope_id": "line-2-civil-106",
        "scope_type": "civil_segment"
      },
      "type": "Feature"
    },
    {
      "geometry": {
        "coordinates": [
          45.02125299,
          12.79428229
        ],
        "type": "Point"
      },
      "properties": {
        "chainage_m": 7846.905,
        "civil_class": "elevated",
        "investigation_flags": [
          "coverage-gap"
        ],
        "lat": 12.79428229,
        "line": "line-2",
        "lon": 45.02125299,
        "sample_id": "segment:line-2-civil-106:0002",
        "scope_id": "line-2-civil-106",
        "scope_type": "civil_segment"
      },
      "type": "Feature"
    },
    {
      "geometry": {
        "coordinates": [
          45.02125299,
          12.79428229
        ],
        "type": "Point"
      },
      "properties": {
        "chainage_m": 7846.905,
        "civil_class": "elevated",
        "investigation_flags": [
          "coverage-gap"
        ],
        "lat": 12.79428229,
        "line": "line-2",
        "lon": 45.02125299,
        "sample_id": "segment:line-2-civil-107:0000",
        "scope_id": "line-2-civil-107",
        "scope_type": "civil_segment"
      },
      "type": "Feature"
    },
    {
      "geometry": {
        "coordinates": [
          45.02116606,
          12.79426988
        ],
        "type": "Point"
      },
      "properties": {
        "chainage_m": 7856.905,
        "civil_class": "elevated",
        "investigation_flags": [
          "coverage-gap"
        ],
        "lat": 12.79426988,
        "line": "line-2",
        "lon": 45.02116606,
        "sample_id": "segment:line-2-civil-107:0001",
        "scope_id": "line-2-civil-107",
        "scope_type": "civil_segment"
      },
      "type": "Feature"
    },
    {
      "geometry": {
        "coordinates": [
          45.0210739,
          12.79426988
        ],
        "type": "Point"
      },
      "properties": {
        "chainage_m": 7866.905,
        "civil_class": "elevated",
        "investigation_flags": [
          "coverage-gap"
        ],
        "lat": 12.79426988,
        "line": "line-2",
        "lon": 45.0210739,
        "sample_id": "segment:line-2-civil-107:0002",
        "scope_id": "line-2-civil-107",
        "scope_type": "civil_segment"
      },
      "type": "Feature"
    },
    {
      "geometry": {
        "coordinates": [
          45.0210739,
          12.79426988
        ],
        "type": "Point"
      },
      "properties": {
        "chainage_m": 7866.905,
        "civil_class": "elevated",
        "investigation_flags": [
          "coverage-gap"
        ],
        "lat": 12.79426988,
        "line": "line-2",
        "lon": 45.0210739,
        "sample_id": "segment:line-2-civil-108:0000",
        "scope_id": "line-2-civil-108",
        "scope_type": "civil_segment"
      },
      "type": "Feature"
    },
    {
      "geometry": {
        "coordinates": [
          45.02028216,
          12.79408991
        ],
        "type": "Point"
      },
      "properties": {
        "chainage_m": 7961.047,
        "civil_class": "elevated",
        "investigation_flags": [
          "coverage-gap"
        ],
        "lat": 12.79408991,
        "line": "line-2",
        "lon": 45.02028216,
        "sample_id": "segment:line-2-civil-108:0001",
        "scope_id": "line-2-civil-108",
        "scope_type": "civil_segment"
      },
      "type": "Feature"
    },
    {
      "geometry": {
        "coordinates": [
          45.01941473,
          12.79408991
        ],
        "type": "Point"
      },
      "properties": {
        "chainage_m": 8055.189,
        "civil_class": "elevated",
        "investigation_flags": [
          "coverage-gap"
        ],
        "lat": 12.79408991,
        "line": "line-2",
        "lon": 45.01941473,
        "sample_id": "segment:line-2-civil-108:0002",
        "scope_id": "line-2-civil-108",
        "scope_type": "civil_segment"
      },
      "type": "Feature"
    },
    {
      "geometry": {
        "coordinates": [
          45.01941473,
          12.79408991
        ],
        "type": "Point"
      },
      "properties": {
        "chainage_m": 8055.189,
        "civil_class": "elevated",
        "investigation_flags": [
          "coverage-gap"
        ],
        "lat": 12.79408991,
        "line": "line-2",
        "lon": 45.01941473,
        "sample_id": "segment:line-2-civil-109:0000",
        "scope_id": "line-2-civil-109",
        "scope_type": "civil_segment"
      },
      "type": "Feature"
    },
    {
      "geometry": {
        "coordinates": [
          45.01910659,
          12.79398535
        ],
        "type": "Point"
      },
      "properties": {
        "chainage_m": 8093.474,
        "civil_class": "elevated",
        "investigation_flags": [
          "coverage-gap"
        ],
        "lat": 12.79398535,
        "line": "line-2",
        "lon": 45.01910659,
        "sample_id": "segment:line-2-civil-109:0001",
        "scope_id": "line-2-civil-109",
        "scope_type": "civil_segment"
      },
      "type": "Feature"
    },
    {
      "geometry": {
        "coordinates": [
          45.01885702,
          12.79374157
        ],
        "type": "Point"
      },
      "properties": {
        "chainage_m": 8131.758,
        "civil_class": "elevated",
        "investigation_flags": [
          "coverage-gap"
        ],
        "lat": 12.79374157,
        "line": "line-2",
        "lon": 45.01885702,
        "sample_id": "segment:line-2-civil-109:0002",
        "scope_id": "line-2-civil-109",
        "scope_type": "civil_segment"
      },
      "type": "Feature"
    },
    {
      "geometry": {
        "coordinates": [
          45.01885702,
          12.79374157
        ],
        "type": "Point"
      },
      "properties": {
        "chainage_m": 8131.758,
        "civil_class": "elevated",
        "investigation_flags": [
          "coverage-gap"
        ],
        "lat": 12.79374157,
        "line": "line-2",
        "lon": 45.01885702,
        "sample_id": "segment:line-2-civil-110:0000",
        "scope_id": "line-2-civil-110",
        "scope_type": "civil_segment"
      },
      "type": "Feature"
    },
    {
      "geometry": {
        "coordinates": [
          45.01867282,
          12.79356164
        ],
        "type": "Point"
      },
      "properties": {
        "chainage_m": 8160.042,
        "civil_class": "elevated",
        "investigation_flags": [
          "coverage-gap"
        ],
        "lat": 12.79356164,
        "line": "line-2",
        "lon": 45.01867282,
        "sample_id": "segment:line-2-civil-110:0001",
        "scope_id": "line-2-civil-110",
        "scope_type": "civil_segment"
      },
      "type": "Feature"
    },
    {
      "geometry": {
        "coordinates": [
          45.01848861,
          12.7933817
        ],
        "type": "Point"
      },
      "properties": {
        "chainage_m": 8188.326,
        "civil_class": "elevated",
        "investigation_flags": [
          "coverage-gap"
        ],
        "lat": 12.7933817,
        "line": "line-2",
        "lon": 45.01848861,
        "sample_id": "segment:line-2-civil-110:0002",
        "scope_id": "line-2-civil-110",
        "scope_type": "civil_segment"
      },
      "type": "Feature"
    },
    {
      "geometry": {
        "coordinates": [
          45.01848861,
          12.7933817
        ],
        "type": "Point"
      },
      "properties": {
        "chainage_m": 8188.326,
        "civil_class": "elevated",
        "investigation_flags": [
          "coverage-gap"
        ],
        "lat": 12.7933817,
        "line": "line-2",
        "lon": 45.01848861,
        "sample_id": "segment:line-2-civil-111:0000",
        "scope_id": "line-2-civil-111",
        "scope_type": "civil_segment"
      },
      "type": "Feature"
    },
    {
      "geometry": {
        "coordinates": [
          45.01807055,
          12.79319008
        ],
        "type": "Point"
      },
      "properties": {
        "chainage_m": 8242.468,
        "civil_class": "elevated",
        "investigation_flags": [
          "coverage-gap"
        ],
        "lat": 12.79319008,
        "line": "line-2",
        "lon": 45.01807055,
        "sample_id": "segment:line-2-civil-111:0001",
        "scope_id": "line-2-civil-111",
        "scope_type": "civil_segment"
      },
      "type": "Feature"
    },
    {
      "geometry": {
        "coordinates": [
          45.01757188,
          12.79319008
        ],
        "type": "Point"
      },
      "properties": {
        "chainage_m": 8296.61,
        "civil_class": "elevated",
        "investigation_flags": [
          "coverage-gap"
        ],
        "lat": 12.79319008,
        "line": "line-2",
        "lon": 45.01757188,
        "sample_id": "segment:line-2-civil-111:0002",
        "scope_id": "line-2-civil-111",
        "scope_type": "civil_segment"
      },
      "type": "Feature"
    },
    {
      "geometry": {
        "coordinates": [
          45.01757188,
          12.79319008
        ],
        "type": "Point"
      },
      "properties": {
        "chainage_m": 8296.61,
        "civil_class": "elevated",
        "investigation_flags": [
          "coverage-gap"
        ],
        "lat": 12.79319008,
        "line": "line-2",
        "lon": 45.01757188,
        "sample_id": "segment:line-2-civil-112:0000",
        "scope_id": "line-2-civil-112",
        "scope_type": "civil_segment"
      },
      "type": "Feature"
    },
    {
      "geometry": {
        "coordinates": [
          45.00836156,
          12.79319008
        ],
        "type": "Point"
      },
      "properties": {
        "chainage_m": 9295.707,
        "civil_class": "elevated",
        "investigation_flags": [
          "granular-density-and-groundwater-tests"
        ],
        "lat": 12.79319008,
        "line": "line-2",
        "lon": 45.00836156,
        "sample_id": "segment:line-2-civil-112:0001",
        "scope_id": "line-2-civil-112",
        "scope_type": "civil_segment"
      },
      "type": "Feature"
    },
    {
      "geometry": {
        "coordinates": [
          45.00632513,
          12.79319008
        ],
        "type": "Point"
      },
      "properties": {
        "chainage_m": 9516.61,
        "civil_class": "elevated",
        "investigation_flags": [
          "granular-density-and-groundwater-tests"
        ],
        "lat": 12.79319008,
        "line": "line-2",
        "lon": 45.00632513,
        "sample_id": "segment:line-2-civil-112:0002",
        "scope_id": "line-2-civil-112",
        "scope_type": "civil_segment"
      },
      "type": "Feature"
    },
    {
      "geometry": {
        "coordinates": [
          44.99915125,
          12.79319008
        ],
        "type": "Point"
      },
      "properties": {
        "chainage_m": 10294.804,
        "civil_class": "elevated",
        "investigation_flags": [
          "coverage-gap"
        ],
        "lat": 12.79319008,
        "line": "line-2",
        "lon": 44.99915125,
        "sample_id": "segment:line-2-civil-112:0003",
        "scope_id": "line-2-civil-112",
        "scope_type": "civil_segment"
      },
      "type": "Feature"
    },
    {
      "geometry": {
        "coordinates": [
          44.99507839,
          12.79319008
        ],
        "type": "Point"
      },
      "properties": {
        "chainage_m": 10736.61,
        "civil_class": "elevated",
        "investigation_flags": [
          "coverage-gap"
        ],
        "lat": 12.79319008,
        "line": "line-2",
        "lon": 44.99507839,
        "sample_id": "segment:line-2-civil-112:0004",
        "scope_id": "line-2-civil-112",
        "scope_type": "civil_segment"
      },
      "type": "Feature"
    },
    {
      "geometry": {
        "coordinates": [
          44.99507839,
          12.79319008
        ],
        "type": "Point"
      },
      "properties": {
        "chainage_m": 10736.61,
        "civil_class": "elevated",
        "investigation_flags": [
          "coverage-gap"
        ],
        "lat": 12.79319008,
        "line": "line-2",
        "lon": 44.99507839,
        "sample_id": "segment:line-2-civil-113:0000",
        "scope_id": "line-2-civil-113",
        "scope_type": "civil_segment"
      },
      "type": "Feature"
    },
    {
      "geometry": {
        "coordinates": [
          44.9948672,
          12.79316404
        ],
        "type": "Point"
      },
      "properties": {
        "chainage_m": 10760.753,
        "civil_class": "elevated",
        "investigation_flags": [
          "coverage-gap"
        ],
        "lat": 12.79316404,
        "line": "line-2",
        "lon": 44.9948672,
        "sample_id": "segment:line-2-civil-113:0001",
        "scope_id": "line-2-civil-113",
        "scope_type": "civil_segment"
      },
      "type": "Feature"
    },
    {
      "geometry": {
        "coordinates": [
          44.99470976,
          12.79301025
        ],
        "type": "Point"
      },
      "properties": {
        "chainage_m": 10784.895,
        "civil_class": "elevated",
        "investigation_flags": [
          "coverage-gap"
        ],
        "lat": 12.79301025,
        "line": "line-2",
        "lon": 44.99470976,
        "sample_id": "segment:line-2-civil-113:0002",
        "scope_id": "line-2-civil-113",
        "scope_type": "civil_segment"
      },
      "type": "Feature"
    },
    {
      "geometry": {
        "coordinates": [
          44.99470976,
          12.79301025
        ],
        "type": "Point"
      },
      "properties": {
        "chainage_m": 10784.895,
        "civil_class": "elevated",
        "investigation_flags": [
          "coverage-gap"
        ],
        "lat": 12.79301025,
        "line": "line-2",
        "lon": 44.99470976,
        "sample_id": "segment:line-2-civil-114:0000",
        "scope_id": "line-2-civil-114",
        "scope_type": "civil_segment"
      },
      "type": "Feature"
    },
    {
      "geometry": {
        "coordinates": [
          44.99461763,
          12.79301011
        ],
        "type": "Point"
      },
      "properties": {
        "chainage_m": 10794.895,
        "civil_class": "elevated",
        "investigation_flags": [
          "coverage-gap"
        ],
        "lat": 12.79301011,
        "line": "line-2",
        "lon": 44.99461763,
        "sample_id": "segment:line-2-civil-114:0001",
        "scope_id": "line-2-civil-114",
        "scope_type": "civil_segment"
      },
      "type": "Feature"
    },
    {
      "geometry": {
        "coordinates": [
          44.99452544,
          12.79301011
        ],
        "type": "Point"
      },
      "properties": {
        "chainage_m": 10804.895,
        "civil_class": "elevated",
        "investigation_flags": [
          "coverage-gap"
        ],
        "lat": 12.79301011,
        "line": "line-2",
        "lon": 44.99452544,
        "sample_id": "segment:line-2-civil-114:0002",
        "scope_id": "line-2-civil-114",
        "scope_type": "civil_segment"
      },
      "type": "Feature"
    },
    {
      "geometry": {
        "coordinates": [
          44.99452544,
          12.79301011
        ],
        "type": "Point"
      },
      "properties": {
        "chainage_m": 10804.895,
        "civil_class": "elevated",
        "investigation_flags": [
          "coverage-gap"
        ],
        "lat": 12.79301011,
        "line": "line-2",
        "lon": 44.99452544,
        "sample_id": "segment:line-2-civil-115:0000",
        "scope_id": "line-2-civil-115",
        "scope_type": "civil_segment"
      },
      "type": "Feature"
    },
    {
      "geometry": {
        "coordinates": [
          44.99431432,
          12.79298392
        ],
        "type": "Point"
      },
      "properties": {
        "chainage_m": 10829.037,
        "civil_class": "elevated",
        "investigation_flags": [
          "coverage-gap"
        ],
        "lat": 12.79298392,
        "line": "line-2",
        "lon": 44.99431432,
        "sample_id": "segment:line-2-civil-115:0001",
        "scope_id": "line-2-civil-115",
        "scope_type": "civil_segment"
      },
      "type": "Feature"
    },
    {
      "geometry": {
        "coordinates": [
          44.99415688,
          12.79283013
        ],
        "type": "Point"
      },
      "properties": {
        "chainage_m": 10853.179,
        "civil_class": "elevated",
        "investigation_flags": [
          "coverage-gap"
        ],
        "lat": 12.79283013,
        "line": "line-2",
        "lon": 44.99415688,
        "sample_id": "segment:line-2-civil-115:0002",
        "scope_id": "line-2-civil-115",
        "scope_type": "civil_segment"
      },
      "type": "Feature"
    },
    {
      "geometry": {
        "coordinates": [
          44.99415688,
          12.79283013
        ],
        "type": "Point"
      },
      "properties": {
        "chainage_m": 10853.179,
        "civil_class": "elevated",
        "investigation_flags": [
          "coverage-gap"
        ],
        "lat": 12.79283013,
        "line": "line-2",
        "lon": 44.99415688,
        "sample_id": "segment:line-2-civil-116:0000",
        "scope_id": "line-2-civil-116",
        "scope_type": "civil_segment"
      },
      "type": "Feature"
    },
    {
      "geometry": {
        "coordinates": [
          44.99388056,
          12.79256023
        ],
        "type": "Point"
      },
      "properties": {
        "chainage_m": 10895.605,
        "civil_class": "elevated",
        "investigation_flags": [
          "coverage-gap"
        ],
        "lat": 12.79256023,
        "line": "line-2",
        "lon": 44.99388056,
        "sample_id": "segment:line-2-civil-116:0001",
        "scope_id": "line-2-civil-116",
        "scope_type": "civil_segment"
      },
      "type": "Feature"
    },
    {
      "geometry": {
        "coordinates": [
          44.99360425,
          12.79229032
        ],
        "type": "Point"
      },
      "properties": {
        "chainage_m": 10938.032,
        "civil_class": "elevated",
        "investigation_flags": [
          "coverage-gap"
        ],
        "lat": 12.79229032,
        "line": "line-2",
        "lon": 44.99360425,
        "sample_id": "segment:line-2-civil-116:0002",
        "scope_id": "line-2-civil-116",
        "scope_type": "civil_segment"
      },
      "type": "Feature"
    },
    {
      "geometry": {
        "coordinates": [
          44.99360425,
          12.79229032
        ],
        "type": "Point"
      },
      "properties": {
        "chainage_m": 10938.032,
        "civil_class": "elevated",
        "investigation_flags": [
          "coverage-gap"
        ],
        "lat": 12.79229032,
        "line": "line-2",
        "lon": 44.99360425,
        "sample_id": "segment:line-2-civil-117:0000",
        "scope_id": "line-2-civil-117",
        "scope_type": "civil_segment"
      },
      "type": "Feature"
    },
    {
      "geometry": {
        "coordinates": [
          44.99310559,
          12.79229025
        ],
        "type": "Point"
      },
      "properties": {
        "chainage_m": 10992.174,
        "civil_class": "elevated",
        "investigation_flags": [
          "coverage-gap"
        ],
        "lat": 12.79229025,
        "line": "line-2",
        "lon": 44.99310559,
        "sample_id": "segment:line-2-civil-117:0001",
        "scope_id": "line-2-civil-117",
        "scope_type": "civil_segment"
      },
      "type": "Feature"
    },
    {
      "geometry": {
        "coordinates": [
          44.9926826,
          12.79247022
        ],
        "type": "Point"
      },
      "properties": {
        "chainage_m": 11046.316,
        "civil_class": "elevated",
        "investigation_flags": [
          "coverage-gap"
        ],
        "lat": 12.79247022,
        "line": "line-2",
        "lon": 44.9926826,
        "sample_id": "segment:line-2-civil-117:0002",
        "scope_id": "line-2-civil-117",
        "scope_type": "civil_segment"
      },
      "type": "Feature"
    },
    {
      "geometry": {
        "coordinates": [
          44.9926826,
          12.79247022
        ],
        "type": "Point"
      },
      "properties": {
        "chainage_m": 11046.316,
        "civil_class": "elevated",
        "investigation_flags": [
          "coverage-gap"
        ],
        "lat": 12.79247022,
        "line": "line-2",
        "lon": 44.9926826,
        "sample_id": "segment:line-2-civil-118:0000",
        "scope_id": "line-2-civil-118",
        "scope_type": "civil_segment"
      },
      "type": "Feature"
    },
    {
      "geometry": {
        "coordinates": [
          44.99111613,
          12.79319008
        ],
        "type": "Point"
      },
      "properties": {
        "chainage_m": 11249.453,
        "civil_class": "elevated",
        "investigation_flags": [
          "coverage-gap"
        ],
        "lat": 12.79319008,
        "line": "line-2",
        "lon": 44.99111613,
        "sample_id": "segment:line-2-civil-118:0001",
        "scope_id": "line-2-civil-118",
        "scope_type": "civil_segment"
      },
      "type": "Feature"
    },
    {
      "geometry": {
        "coordinates": [
          44.98954967,
          12.79390994
        ],
        "type": "Point"
      },
      "properties": {
        "chainage_m": 11452.59,
        "civil_class": "elevated",
        "investigation_flags": [
          "coverage-gap"
        ],
        "lat": 12.79390994,
        "line": "line-2",
        "lon": 44.98954967,
        "sample_id": "segment:line-2-civil-118:0002",
        "scope_id": "line-2-civil-118",
        "scope_type": "civil_segment"
      },
      "type": "Feature"
    },
    {
      "geometry": {
        "coordinates": [
          44.98954967,
          12.79390994
        ],
        "type": "Point"
      },
      "properties": {
        "chainage_m": 11452.59,
        "civil_class": "elevated",
        "investigation_flags": [
          "coverage-gap"
        ],
        "lat": 12.79390994,
        "line": "line-2",
        "lon": 44.98954967,
        "sample_id": "segment:line-2-civil-119:0000",
        "scope_id": "line-2-civil-119",
        "scope_type": "civil_segment"
      },
      "type": "Feature"
    },
    {
      "geometry": {
        "coordinates": [
          44.98923535,
          12.79390994
        ],
        "type": "Point"
      },
      "properties": {
        "chainage_m": 11486.732,
        "civil_class": "elevated",
        "investigation_flags": [
          "coverage-gap"
        ],
        "lat": 12.79390994,
        "line": "line-2",
        "lon": 44.98923535,
        "sample_id": "segment:line-2-civil-119:0001",
        "scope_id": "line-2-civil-119",
        "scope_type": "civil_segment"
      },
      "type": "Feature"
    },
    {
      "geometry": {
        "coordinates": [
          44.98899673,
          12.79408991
        ],
        "type": "Point"
      },
      "properties": {
        "chainage_m": 11520.874,
        "civil_class": "elevated",
        "investigation_flags": [
          "coverage-gap"
        ],
        "lat": 12.79408991,
        "line": "line-2",
        "lon": 44.98899673,
        "sample_id": "segment:line-2-civil-119:0002",
        "scope_id": "line-2-civil-119",
        "scope_type": "civil_segment"
      },
      "type": "Feature"
    },
    {
      "geometry": {
        "coordinates": [
          44.98899673,
          12.79408991
        ],
        "type": "Point"
      },
      "properties": {
        "chainage_m": 11520.874,
        "civil_class": "elevated",
        "investigation_flags": [
          "coverage-gap"
        ],
        "lat": 12.79408991,
        "line": "line-2",
        "lon": 44.98899673,
        "sample_id": "segment:line-2-civil-120:0000",
        "scope_id": "line-2-civil-120",
        "scope_type": "civil_segment"
      },
      "type": "Feature"
    },
    {
      "geometry": {
        "coordinates": [
          44.98881391,
          12.79408897
        ],
        "type": "Point"
      },
      "properties": {
        "chainage_m": 11540.874,
        "civil_class": "elevated",
        "investigation_flags": [
          "coverage-gap"
        ],
        "lat": 12.79408897,
        "line": "line-2",
        "lon": 44.98881391,
        "sample_id": "segment:line-2-civil-120:0001",
        "scope_id": "line-2-civil-120",
        "scope_type": "civil_segment"
      },
      "type": "Feature"
    },
    {
      "geometry": {
        "coordinates": [
          44.98881295,
          12.793909
        ],
        "type": "Point"
      },
      "properties": {
        "chainage_m": 11560.874,
        "civil_class": "elevated",
        "investigation_flags": [
          "coverage-gap"
        ],
        "lat": 12.793909,
        "line": "line-2",
        "lon": 44.98881295,
        "sample_id": "segment:line-2-civil-120:0002",
        "scope_id": "line-2-civil-120",
        "scope_type": "civil_segment"
      },
      "type": "Feature"
    },
    {
      "geometry": {
        "coordinates": [
          44.98881295,
          12.793909
        ],
        "type": "Point"
      },
      "properties": {
        "chainage_m": 11560.874,
        "civil_class": "elevated",
        "investigation_flags": [
          "coverage-gap"
        ],
        "lat": 12.793909,
        "line": "line-2",
        "lon": 44.98881295,
        "sample_id": "segment:line-2-civil-121:0000",
        "scope_id": "line-2-civil-121",
        "scope_type": "civil_segment"
      },
      "type": "Feature"
    },
    {
      "geometry": {
        "coordinates": [
          44.98872084,
          12.79381903
        ],
        "type": "Point"
      },
      "properties": {
        "chainage_m": 11575.016,
        "civil_class": "elevated",
        "investigation_flags": [
          "coverage-gap"
        ],
        "lat": 12.79381903,
        "line": "line-2",
        "lon": 44.98872084,
        "sample_id": "segment:line-2-civil-121:0001",
        "scope_id": "line-2-civil-121",
        "scope_type": "civil_segment"
      },
      "type": "Feature"
    },
    {
      "geometry": {
        "coordinates": [
          44.98862835,
          12.79372998
        ],
        "type": "Point"
      },
      "properties": {
        "chainage_m": 11589.159,
        "civil_class": "elevated",
        "investigation_flags": [
          "coverage-gap"
        ],
        "lat": 12.79372998,
        "line": "line-2",
        "lon": 44.98862835,
        "sample_id": "segment:line-2-civil-121:0002",
        "scope_id": "line-2-civil-121",
        "scope_type": "civil_segment"
      },
      "type": "Feature"
    },
    {
      "geometry": {
        "coordinates": [
          44.98862835,
          12.79372998
        ],
        "type": "Point"
      },
      "properties": {
        "chainage_m": 11589.159,
        "civil_class": "elevated",
        "investigation_flags": [
          "coverage-gap"
        ],
        "lat": 12.79372998,
        "line": "line-2",
        "lon": 44.98862835,
        "sample_id": "segment:line-2-civil-122:0000",
        "scope_id": "line-2-civil-122",
        "scope_type": "civil_segment"
      },
      "type": "Feature"
    },
    {
      "geometry": {
        "coordinates": [
          44.98853616,
          12.79372998
        ],
        "type": "Point"
      },
      "properties": {
        "chainage_m": 11599.159,
        "civil_class": "elevated",
        "investigation_flags": [
          "coverage-gap"
        ],
        "lat": 12.79372998,
        "line": "line-2",
        "lon": 44.98853616,
        "sample_id": "segment:line-2-civil-122:0001",
        "scope_id": "line-2-civil-122",
        "scope_type": "civil_segment"
      },
      "type": "Feature"
    },
    {
      "geometry": {
        "coordinates": [
          44.9884444,
          12.79372897
        ],
        "type": "Point"
      },
      "properties": {
        "chainage_m": 11609.159,
        "civil_class": "elevated",
        "investigation_flags": [
          "coverage-gap"
        ],
        "lat": 12.79372897,
        "line": "line-2",
        "lon": 44.9884444,
        "sample_id": "segment:line-2-civil-122:0002",
        "scope_id": "line-2-civil-122",
        "scope_type": "civil_segment"
      },
      "type": "Feature"
    },
    {
      "geometry": {
        "coordinates": [
          44.9884444,
          12.79372897
        ],
        "type": "Point"
      },
      "properties": {
        "chainage_m": 11609.159,
        "civil_class": "elevated",
        "investigation_flags": [
          "coverage-gap"
        ],
        "lat": 12.79372897,
        "line": "line-2",
        "lon": 44.9884444,
        "sample_id": "segment:line-2-civil-123:0000",
        "scope_id": "line-2-civil-123",
        "scope_type": "civil_segment"
      },
      "type": "Feature"
    },
    {
      "geometry": {
        "coordinates": [
          44.9883523,
          12.79363901
        ],
        "type": "Point"
      },
      "properties": {
        "chainage_m": 11623.301,
        "civil_class": "elevated",
        "investigation_flags": [
          "coverage-gap"
        ],
        "lat": 12.79363901,
        "line": "line-2",
        "lon": 44.9883523,
        "sample_id": "segment:line-2-civil-123:0001",
        "scope_id": "line-2-civil-123",
        "scope_type": "civil_segment"
      },
      "type": "Feature"
    },
    {
      "geometry": {
        "coordinates": [
          44.9882602,
          12.79354904
        ],
        "type": "Point"
      },
      "properties": {
        "chainage_m": 11637.443,
        "civil_class": "elevated",
        "investigation_flags": [
          "coverage-gap"
        ],
        "lat": 12.79354904,
        "line": "line-2",
        "lon": 44.9882602,
        "sample_id": "segment:line-2-civil-123:0002",
        "scope_id": "line-2-civil-123",
        "scope_type": "civil_segment"
      },
      "type": "Feature"
    },
    {
      "geometry": {
        "coordinates": [
          44.9882602,
          12.79354904
        ],
        "type": "Point"
      },
      "properties": {
        "chainage_m": 11637.443,
        "civil_class": "elevated",
        "investigation_flags": [
          "coverage-gap"
        ],
        "lat": 12.79354904,
        "line": "line-2",
        "lon": 44.9882602,
        "sample_id": "segment:line-2-civil-124:0000",
        "scope_id": "line-2-civil-124",
        "scope_type": "civil_segment"
      },
      "type": "Feature"
    },
    {
      "geometry": {
        "coordinates": [
          44.98746843,
          12.79283015
        ],
        "type": "Point"
      },
      "properties": {
        "chainage_m": 11768.172,
        "civil_class": "elevated",
        "investigation_flags": [
          "coverage-gap"
        ],
        "lat": 12.79283015,
        "line": "line-2",
        "lon": 44.98746843,
        "sample_id": "segment:line-2-civil-124:0001",
        "scope_id": "line-2-civil-124",
        "scope_type": "civil_segment"
      },
      "type": "Feature"
    },
    {
      "geometry": {
        "coordinates": [
          44.98660185,
          12.79228911
        ],
        "type": "Point"
      },
      "properties": {
        "chainage_m": 11898.9,
        "civil_class": "elevated",
        "investigation_flags": [
          "coverage-gap"
        ],
        "lat": 12.79228911,
        "line": "line-2",
        "lon": 44.98660185,
        "sample_id": "segment:line-2-civil-124:0002",
        "scope_id": "line-2-civil-124",
        "scope_type": "civil_segment"
      },
      "type": "Feature"
    },
    {
      "geometry": {
        "coordinates": [
          44.98660185,
          12.79228911
        ],
        "type": "Point"
      },
      "properties": {
        "chainage_m": 11898.9,
        "civil_class": "bridge",
        "investigation_flags": [
          "coverage-gap"
        ],
        "lat": 12.79228911,
        "line": "line-2",
        "lon": 44.98660185,
        "sample_id": "segment:line-2-civil-125:0000",
        "scope_id": "line-2-civil-125",
        "scope_type": "civil_segment"
      },
      "type": "Feature"
    },
    {
      "geometry": {
        "coordinates": [
          44.98601114,
          12.7917121
        ],
        "type": "Point"
      },
      "properties": {
        "chainage_m": 11989.6,
        "civil_class": "bridge",
        "investigation_flags": [
          "coverage-gap"
        ],
        "lat": 12.7917121,
        "line": "line-2",
        "lon": 44.98601114,
        "sample_id": "segment:line-2-civil-125:0001",
        "scope_id": "line-2-civil-125",
        "scope_type": "civil_segment"
      },
      "type": "Feature"
    },
    {
      "geometry": {
        "coordinates": [
          44.9854964,
          12.79121045
        ],
        "type": "Point"
      },
      "properties": {
        "chainage_m": 12080.3,
        "civil_class": "bridge",
        "investigation_flags": [
          "coverage-gap"
        ],
        "lat": 12.79121045,
        "line": "line-2",
        "lon": 44.9854964,
        "sample_id": "segment:line-2-civil-125:0002",
        "scope_id": "line-2-civil-125",
        "scope_type": "civil_segment"
      },
      "type": "Feature"
    },
    {
      "geometry": {
        "coordinates": [
          44.9854964,
          12.79121045
        ],
        "type": "Point"
      },
      "properties": {
        "chainage_m": 12080.3,
        "civil_class": "elevated",
        "investigation_flags": [
          "coverage-gap"
        ],
        "lat": 12.79121045,
        "line": "line-2",
        "lon": 44.9854964,
        "sample_id": "segment:line-2-civil-126:0000",
        "scope_id": "line-2-civil-126",
        "scope_type": "civil_segment"
      },
      "type": "Feature"
    },
    {
      "geometry": {
        "coordinates": [
          44.98540422,
          12.79121045
        ],
        "type": "Point"
      },
      "properties": {
        "chainage_m": 12090.3,
        "civil_class": "elevated",
        "investigation_flags": [
          "coverage-gap"
        ],
        "lat": 12.79121045,
        "line": "line-2",
        "lon": 44.98540422,
        "sample_id": "segment:line-2-civil-126:0001",
        "scope_id": "line-2-civil-126",
        "scope_type": "civil_segment"
      },
      "type": "Feature"
    },
    {
      "geometry": {
        "coordinates": [
          44.98531242,
          12.79120955
        ],
        "type": "Point"
      },
      "properties": {
        "chainage_m": 12100.3,
        "civil_class": "elevated",
        "investigation_flags": [
          "coverage-gap"
        ],
        "lat": 12.79120955,
        "line": "line-2",
        "lon": 44.98531242,
        "sample_id": "segment:line-2-civil-126:0002",
        "scope_id": "line-2-civil-126",
        "scope_type": "civil_segment"
      },
      "type": "Feature"
    },
    {
      "geometry": {
        "coordinates": [
          44.98531242,
          12.79120955
        ],
        "type": "Point"
      },
      "properties": {
        "chainage_m": 12100.3,
        "civil_class": "bridge",
        "investigation_flags": [
          "coverage-gap"
        ],
        "lat": 12.79120955,
        "line": "line-2",
        "lon": 44.98531242,
        "sample_id": "segment:line-2-civil-127:0000",
        "scope_id": "line-2-civil-127",
        "scope_type": "civil_segment"
      },
      "type": "Feature"
    },
    {
      "geometry": {
        "coordinates": [
          44.98522026,
          12.79111953
        ],
        "type": "Point"
      },
      "properties": {
        "chainage_m": 12114.45,
        "civil_class": "bridge",
        "investigation_flags": [
          "coverage-gap"
        ],
        "lat": 12.79111953,
        "line": "line-2",
        "lon": 44.98522026,
        "sample_id": "segment:line-2-civil-127:0001",
        "scope_id": "line-2-civil-127",
        "scope_type": "civil_segment"
      },
      "type": "Feature"
    },
    {
      "geometry": {
        "coordinates": [
          44.98512769,
          12.79103049
        ],
        "type": "Point"
      },
      "properties": {
        "chainage_m": 12128.6,
        "civil_class": "bridge",
        "investigation_flags": [
          "coverage-gap"
        ],
        "lat": 12.79103049,
        "line": "line-2",
        "lon": 44.98512769,
        "sample_id": "segment:line-2-civil-127:0002",
        "scope_id": "line-2-civil-127",
        "scope_type": "civil_segment"
      },
      "type": "Feature"
    },
    {
      "geometry": {
        "coordinates": [
          44.98512769,
          12.79103049
        ],
        "type": "Point"
      },
      "properties": {
        "chainage_m": 12128.6,
        "civil_class": "elevated",
        "investigation_flags": [
          "coverage-gap"
        ],
        "lat": 12.79103049,
        "line": "line-2",
        "lon": 44.98512769,
        "sample_id": "segment:line-2-civil-128:0000",
        "scope_id": "line-2-civil-128",
        "scope_type": "civil_segment"
      },
      "type": "Feature"
    },
    {
      "geometry": {
        "coordinates": [
          44.98031141,
          12.7872244
        ],
        "type": "Point"
      },
      "properties": {
        "chainage_m": 12885.275,
        "civil_class": "elevated",
        "investigation_flags": [
          "coverage-gap"
        ],
        "lat": 12.7872244,
        "line": "line-2",
        "lon": 44.98031141,
        "sample_id": "segment:line-2-civil-128:0001",
        "scope_id": "line-2-civil-128",
        "scope_type": "civil_segment"
      },
      "type": "Feature"
    },
    {
      "geometry": {
        "coordinates": [
          44.97868067,
          12.78588818
        ],
        "type": "Point"
      },
      "properties": {
        "chainage_m": 13130.544,
        "civil_class": "elevated",
        "investigation_flags": [
          "granular-density-and-groundwater-tests"
        ],
        "lat": 12.78588818,
        "line": "line-2",
        "lon": 44.97868067,
        "sample_id": "segment:line-2-civil-128:0002",
        "scope_id": "line-2-civil-128",
        "scope_type": "civil_segment"
      },
      "type": "Feature"
    },
    {
      "geometry": {
        "coordinates": [
          44.97554834,
          12.78329194
        ],
        "type": "Point"
      },
      "properties": {
        "chainage_m": 13641.951,
        "civil_class": "elevated",
        "investigation_flags": [
          "coverage-gap"
        ],
        "lat": 12.78329194,
        "line": "line-2",
        "lon": 44.97554834,
        "sample_id": "segment:line-2-civil-128:0003",
        "scope_id": "line-2-civil-128",
        "scope_type": "civil_segment"
      },
      "type": "Feature"
    },
    {
      "geometry": {
        "coordinates": [
          44.97554834,
          12.78329194
        ],
        "type": "Point"
      },
      "properties": {
        "chainage_m": 13641.951,
        "civil_class": "elevated",
        "investigation_flags": [
          "coverage-gap"
        ],
        "lat": 12.78329194,
        "line": "line-2",
        "lon": 44.97554834,
        "sample_id": "segment:line-2-civil-129:0000",
        "scope_id": "line-2-civil-129",
        "scope_type": "civil_segment"
      },
      "type": "Feature"
    },
    {
      "geometry": {
        "coordinates": [
          44.97545616,
          12.78329194
        ],
        "type": "Point"
      },
      "properties": {
        "chainage_m": 13651.951,
        "civil_class": "elevated",
        "investigation_flags": [
          "coverage-gap"
        ],
        "lat": 12.78329194,
        "line": "line-2",
        "lon": 44.97545616,
        "sample_id": "segment:line-2-civil-129:0001",
        "scope_id": "line-2-civil-129",
        "scope_type": "civil_segment"
      },
      "type": "Feature"
    },
    {
      "geometry": {
        "coordinates": [
          44.97536408,
          12.78329169
        ],
        "type": "Point"
      },
      "properties": {
        "chainage_m": 13661.951,
        "civil_class": "elevated",
        "investigation_flags": [
          "coverage-gap"
        ],
        "lat": 12.78329169,
        "line": "line-2",
        "lon": 44.97536408,
        "sample_id": "segment:line-2-civil-129:0002",
        "scope_id": "line-2-civil-129",
        "scope_type": "civil_segment"
      },
      "type": "Feature"
    },
    {
      "geometry": {
        "coordinates": [
          44.97536408,
          12.78329169
        ],
        "type": "Point"
      },
      "properties": {
        "chainage_m": 13661.951,
        "civil_class": "elevated",
        "investigation_flags": [
          "coverage-gap"
        ],
        "lat": 12.78329169,
        "line": "line-2",
        "lon": 44.97536408,
        "sample_id": "segment:line-2-civil-130:0000",
        "scope_id": "line-2-civil-130",
        "scope_type": "civil_segment"
      },
      "type": "Feature"
    },
    {
      "geometry": {
        "coordinates": [
          44.97527209,
          12.78320183
        ],
        "type": "Point"
      },
      "properties": {
        "chainage_m": 13676.075,
        "civil_class": "elevated",
        "investigation_flags": [
          "coverage-gap"
        ],
        "lat": 12.78320183,
        "line": "line-2",
        "lon": 44.97527209,
        "sample_id": "segment:line-2-civil-130:0001",
        "scope_id": "line-2-civil-130",
        "scope_type": "civil_segment"
      },
      "type": "Feature"
    },
    {
      "geometry": {
        "coordinates": [
          44.9751801,
          12.78311197
        ],
        "type": "Point"
      },
      "properties": {
        "chainage_m": 13690.2,
        "civil_class": "elevated",
        "investigation_flags": [
          "coverage-gap"
        ],
        "lat": 12.78311197,
        "line": "line-2",
        "lon": 44.9751801,
        "sample_id": "segment:line-2-civil-130:0002",
        "scope_id": "line-2-civil-130",
        "scope_type": "civil_segment"
      },
      "type": "Feature"
    },
    {
      "geometry": {
        "coordinates": [
          45.01073856,
          12.87579455
        ],
        "type": "Point"
      },
      "properties": {
        "chainage_m": 0.0,
        "civil_class": "at-grade",
        "investigation_flags": [
          "granular-density-and-groundwater-tests"
        ],
        "lat": 12.87579455,
        "line": "line-3",
        "lon": 45.01073856,
        "sample_id": "segment:line-3-civil-131:0000",
        "scope_id": "line-3-civil-131",
        "scope_type": "civil_segment"
      },
      "type": "Feature"
    },
    {
      "geometry": {
        "coordinates": [
          45.0123185,
          12.86959928
        ],
        "type": "Point"
      },
      "properties": {
        "chainage_m": 1002.37,
        "civil_class": "at-grade",
        "investigation_flags": [
          "granular-density-and-groundwater-tests"
        ],
        "lat": 12.86959928,
        "line": "line-3",
        "lon": 45.0123185,
        "sample_id": "segment:line-3-civil-131:0001",
        "scope_id": "line-3-civil-131",
        "scope_type": "civil_segment"
      },
      "type": "Feature"
    },
    {
      "geometry": {
        "coordinates": [
          45.01204929,
          12.86933633
        ],
        "type": "Point"
      },
      "properties": {
        "chainage_m": 1043.7,
        "civil_class": "at-grade",
        "investigation_flags": [
          "granular-density-and-groundwater-tests"
        ],
        "lat": 12.86933633,
        "line": "line-3",
        "lon": 45.01204929,
        "sample_id": "segment:line-3-civil-131:0002",
        "scope_id": "line-3-civil-131",
        "scope_type": "civil_segment"
      },
      "type": "Feature"
    },
    {
      "geometry": {
        "coordinates": [
          45.01107138,
          12.86269186
        ],
        "type": "Point"
      },
      "properties": {
        "chainage_m": 2004.741,
        "civil_class": "at-grade",
        "investigation_flags": [
          "coverage-gap"
        ],
        "lat": 12.86269186,
        "line": "line-3",
        "lon": 45.01107138,
        "sample_id": "segment:line-3-civil-131:0003",
        "scope_id": "line-3-civil-131",
        "scope_type": "civil_segment"
      },
      "type": "Feature"
    },
    {
      "geometry": {
        "coordinates": [
          45.01147553,
          12.86211122
        ],
        "type": "Point"
      },
      "properties": {
        "chainage_m": 2087.4,
        "civil_class": "at-grade",
        "investigation_flags": [
          "coverage-gap"
        ],
        "lat": 12.86211122,
        "line": "line-3",
        "lon": 45.01147553,
        "sample_id": "segment:line-3-civil-131:0004",
        "scope_id": "line-3-civil-131",
        "scope_type": "civil_segment"
      },
      "type": "Feature"
    },
    {
      "geometry": {
        "coordinates": [
          45.01147553,
          12.86211122
        ],
        "type": "Point"
      },
      "properties": {
        "chainage_m": 2087.4,
        "civil_class": "elevated",
        "investigation_flags": [
          "coverage-gap"
        ],
        "lat": 12.86211122,
        "line": "line-3",
        "lon": 45.01147553,
        "sample_id": "segment:line-3-civil-132:0000",
        "scope_id": "line-3-civil-132",
        "scope_type": "civil_segment"
      },
      "type": "Feature"
    },
    {
      "geometry": {
        "coordinates": [
          45.01187526,
          12.86082683
        ],
        "type": "Point"
      },
      "properties": {
        "chainage_m": 2248.1,
        "civil_class": "elevated",
        "investigation_flags": [
          "granular-density-and-groundwater-tests"
        ],
        "lat": 12.86082683,
        "line": "line-3",
        "lon": 45.01187526,
        "sample_id": "segment:line-3-civil-132:0001",
        "scope_id": "line-3-civil-132",
        "scope_type": "civil_segment"
      },
      "type": "Feature"
    },
    {
      "geometry": {
        "coordinates": [
          45.01240072,
          12.85959369
        ],
        "type": "Point"
      },
      "properties": {
        "chainage_m": 2408.8,
        "civil_class": "elevated",
        "investigation_flags": [
          "coverage-gap"
        ],
        "lat": 12.85959369,
        "line": "line-3",
        "lon": 45.01240072,
        "sample_id": "segment:line-3-civil-132:0002",
        "scope_id": "line-3-civil-132",
        "scope_type": "civil_segment"
      },
      "type": "Feature"
    },
    {
      "geometry": {
        "coordinates": [
          45.01240072,
          12.85959369
        ],
        "type": "Point"
      },
      "properties": {
        "chainage_m": 2408.8,
        "civil_class": "bridge",
        "investigation_flags": [
          "coverage-gap"
        ],
        "lat": 12.85959369,
        "line": "line-3",
        "lon": 45.01240072,
        "sample_id": "segment:line-3-civil-133:0000",
        "scope_id": "line-3-civil-133",
        "scope_type": "civil_segment"
      },
      "type": "Feature"
    },
    {
      "geometry": {
        "coordinates": [
          45.01331793,
          12.85721575
        ],
        "type": "Point"
      },
      "properties": {
        "chainage_m": 2726.05,
        "civil_class": "bridge",
        "investigation_flags": [
          "coverage-gap"
        ],
        "lat": 12.85721575,
        "line": "line-3",
        "lon": 45.01331793,
        "sample_id": "segment:line-3-civil-133:0001",
        "scope_id": "line-3-civil-133",
        "scope_type": "civil_segment"
      },
      "type": "Feature"
    },
    {
      "geometry": {
        "coordinates": [
          45.01424255,
          12.85473517
        ],
        "type": "Point"
      },
      "properties": {
        "chainage_m": 3043.3,
        "civil_class": "bridge",
        "investigation_flags": [
          "granular-density-and-groundwater-tests"
        ],
        "lat": 12.85473517,
        "line": "line-3",
        "lon": 45.01424255,
        "sample_id": "segment:line-3-civil-133:0002",
        "scope_id": "line-3-civil-133",
        "scope_type": "civil_segment"
      },
      "type": "Feature"
    },
    {
      "geometry": {
        "coordinates": [
          45.01424255,
          12.85473517
        ],
        "type": "Point"
      },
      "properties": {
        "chainage_m": 3043.3,
        "civil_class": "elevated",
        "investigation_flags": [
          "granular-density-and-groundwater-tests"
        ],
        "lat": 12.85473517,
        "line": "line-3",
        "lon": 45.01424255,
        "sample_id": "segment:line-3-civil-134:0000",
        "scope_id": "line-3-civil-134",
        "scope_type": "civil_segment"
      },
      "type": "Feature"
    },
    {
      "geometry": {
        "coordinates": [
          45.0149761,
          12.85261145
        ],
        "type": "Point"
      },
      "properties": {
        "chainage_m": 3312.3,
        "civil_class": "elevated",
        "investigation_flags": [
          "coverage-gap"
        ],
        "lat": 12.85261145,
        "line": "line-3",
        "lon": 45.0149761,
        "sample_id": "segment:line-3-civil-134:0001",
        "scope_id": "line-3-civil-134",
        "scope_type": "civil_segment"
      },
      "type": "Feature"
    },
    {
      "geometry": {
        "coordinates": [
          45.01571631,
          12.85059612
        ],
        "type": "Point"
      },
      "properties": {
        "chainage_m": 3581.3,
        "civil_class": "elevated",
        "investigation_flags": [
          "granular-density-and-groundwater-tests"
        ],
        "lat": 12.85059612,
        "line": "line-3",
        "lon": 45.01571631,
        "sample_id": "segment:line-3-civil-134:0002",
        "scope_id": "line-3-civil-134",
        "scope_type": "civil_segment"
      },
      "type": "Feature"
    },
    {
      "geometry": {
        "coordinates": [
          45.01571631,
          12.85059612
        ],
        "type": "Point"
      },
      "properties": {
        "chainage_m": 3581.3,
        "civil_class": "bridge",
        "investigation_flags": [
          "granular-density-and-groundwater-tests"
        ],
        "lat": 12.85059612,
        "line": "line-3",
        "lon": 45.01571631,
        "sample_id": "segment:line-3-civil-135:0000",
        "scope_id": "line-3-civil-135",
        "scope_type": "civil_segment"
      },
      "type": "Feature"
    },
    {
      "geometry": {
        "coordinates": [
          45.01599288,
          12.850146
        ],
        "type": "Point"
      },
      "properties": {
        "chainage_m": 3643.75,
        "civil_class": "bridge",
        "investigation_flags": [
          "granular-density-and-groundwater-tests"
        ],
        "lat": 12.850146,
        "line": "line-3",
        "lon": 45.01599288,
        "sample_id": "segment:line-3-civil-135:0001",
        "scope_id": "line-3-civil-135",
        "scope_type": "civil_segment"
      },
      "type": "Feature"
    },
    {
      "geometry": {
        "coordinates": [
          45.01626578,
          12.84969439
        ],
        "type": "Point"
      },
      "properties": {
        "chainage_m": 3706.2,
        "civil_class": "bridge",
        "investigation_flags": [
          "granular-density-and-groundwater-tests"
        ],
        "lat": 12.84969439,
        "line": "line-3",
        "lon": 45.01626578,
        "sample_id": "segment:line-3-civil-135:0002",
        "scope_id": "line-3-civil-135",
        "scope_type": "civil_segment"
      },
      "type": "Feature"
    },
    {
      "geometry": {
        "coordinates": [
          45.01626578,
          12.84969439
        ],
        "type": "Point"
      },
      "properties": {
        "chainage_m": 3706.2,
        "civil_class": "elevated",
        "investigation_flags": [
          "granular-density-and-groundwater-tests"
        ],
        "lat": 12.84969439,
        "line": "line-3",
        "lon": 45.01626578,
        "sample_id": "segment:line-3-civil-136:0000",
        "scope_id": "line-3-civil-136",
        "scope_type": "civil_segment"
      },
      "type": "Feature"
    },
    {
      "geometry": {
        "coordinates": [
          45.01718699,
          12.84683063
        ],
        "type": "Point"
      },
      "properties": {
        "chainage_m": 4077.6,
        "civil_class": "elevated",
        "investigation_flags": [
          "coverage-gap"
        ],
        "lat": 12.84683063,
        "line": "line-3",
        "lon": 45.01718699,
        "sample_id": "segment:line-3-civil-136:0001",
        "scope_id": "line-3-civil-136",
        "scope_type": "civil_segment"
      },
      "type": "Feature"
    },
    {
      "geometry": {
        "coordinates": [
          45.01829547,
          12.84393758
        ],
        "type": "Point"
      },
      "properties": {
        "chainage_m": 4449.0,
        "civil_class": "elevated",
        "investigation_flags": [
          "granular-density-and-groundwater-tests"
        ],
        "lat": 12.84393758,
        "line": "line-3",
        "lon": 45.01829547,
        "sample_id": "segment:line-3-civil-136:0002",
        "scope_id": "line-3-civil-136",
        "scope_type": "civil_segment"
      },
      "type": "Feature"
    },
    {
      "geometry": {
        "coordinates": [
          45.01829547,
          12.84393758
        ],
        "type": "Point"
      },
      "properties": {
        "chainage_m": 4449.0,
        "civil_class": "bridge",
        "investigation_flags": [
          "granular-density-and-groundwater-tests"
        ],
        "lat": 12.84393758,
        "line": "line-3",
        "lon": 45.01829547,
        "sample_id": "segment:line-3-civil-137:0000",
        "scope_id": "line-3-civil-137",
        "scope_type": "civil_segment"
      },
      "type": "Feature"
    },
    {
      "geometry": {
        "coordinates": [
          45.01884516,
          12.84249673
        ],
        "type": "Point"
      },
      "properties": {
        "chainage_m": 4633.85,
        "civil_class": "bridge",
        "investigation_flags": [
          "coverage-gap"
        ],
        "lat": 12.84249673,
        "line": "line-3",
        "lon": 45.01884516,
        "sample_id": "segment:line-3-civil-137:0001",
        "scope_id": "line-3-civil-137",
        "scope_type": "civil_segment"
      },
      "type": "Feature"
    },
    {
      "geometry": {
        "coordinates": [
          45.01939788,
          12.84105712
        ],
        "type": "Point"
      },
      "properties": {
        "chainage_m": 4818.7,
        "civil_class": "bridge",
        "investigation_flags": [
          "granular-density-and-groundwater-tests"
        ],
        "lat": 12.84105712,
        "line": "line-3",
        "lon": 45.01939788,
        "sample_id": "segment:line-3-civil-137:0002",
        "scope_id": "line-3-civil-137",
        "scope_type": "civil_segment"
      },
      "type": "Feature"
    },
    {
      "geometry": {
        "coordinates": [
          45.01939788,
          12.84105712
        ],
        "type": "Point"
      },
      "properties": {
        "chainage_m": 4818.7,
        "civil_class": "elevated",
        "investigation_flags": [
          "granular-density-and-groundwater-tests"
        ],
        "lat": 12.84105712,
        "line": "line-3",
        "lon": 45.01939788,
        "sample_id": "segment:line-3-civil-138:0000",
        "scope_id": "line-3-civil-138",
        "scope_type": "civil_segment"
      },
      "type": "Feature"
    },
    {
      "geometry": {
        "coordinates": [
          45.02234573,
          12.83343123
        ],
        "type": "Point"
      },
      "properties": {
        "chainage_m": 5822.217,
        "civil_class": "elevated",
        "investigation_flags": [
          "coverage-gap"
        ],
        "lat": 12.83343123,
        "line": "line-3",
        "lon": 45.02234573,
        "sample_id": "segment:line-3-civil-138:0001",
        "scope_id": "line-3-civil-138",
        "scope_type": "civil_segment"
      },
      "type": "Feature"
    },
    {
      "geometry": {
        "coordinates": [
          45.02520998,
          12.82566565
        ],
        "type": "Point"
      },
      "properties": {
        "chainage_m": 6825.734,
        "civil_class": "elevated",
        "investigation_flags": [
          "coverage-gap"
        ],
        "lat": 12.82566565,
        "line": "line-3",
        "lon": 45.02520998,
        "sample_id": "segment:line-3-civil-138:0002",
        "scope_id": "line-3-civil-138",
        "scope_type": "civil_segment"
      },
      "type": "Feature"
    },
    {
      "geometry": {
        "coordinates": [
          45.02805719,
          12.81799885
        ],
        "type": "Point"
      },
      "properties": {
        "chainage_m": 7829.251,
        "civil_class": "elevated",
        "investigation_flags": [
          "granular-density-and-groundwater-tests"
        ],
        "lat": 12.81799885,
        "line": "line-3",
        "lon": 45.02805719,
        "sample_id": "segment:line-3-civil-138:0003",
        "scope_id": "line-3-civil-138",
        "scope_type": "civil_segment"
      },
      "type": "Feature"
    },
    {
      "geometry": {
        "coordinates": [
          45.03100504,
          12.81026748
        ],
        "type": "Point"
      },
      "properties": {
        "chainage_m": 8832.768,
        "civil_class": "elevated",
        "investigation_flags": [
          "granular-density-and-groundwater-tests"
        ],
        "lat": 12.81026748,
        "line": "line-3",
        "lon": 45.03100504,
        "sample_id": "segment:line-3-civil-138:0004",
        "scope_id": "line-3-civil-138",
        "scope_type": "civil_segment"
      },
      "type": "Feature"
    },
    {
      "geometry": {
        "coordinates": [
          45.03229473,
          12.80682777
        ],
        "type": "Point"
      },
      "properties": {
        "chainage_m": 9284.762,
        "civil_class": "elevated",
        "investigation_flags": [
          "granular-density-and-groundwater-tests"
        ],
        "lat": 12.80682777,
        "line": "line-3",
        "lon": 45.03229473,
        "sample_id": "segment:line-3-civil-138:0005",
        "scope_id": "line-3-civil-138",
        "scope_type": "civil_segment"
      },
      "type": "Feature"
    },
    {
      "geometry": {
        "coordinates": [
          45.0339529,
          12.80264184
        ],
        "type": "Point"
      },
      "properties": {
        "chainage_m": 9836.285,
        "civil_class": "elevated",
        "investigation_flags": [
          "granular-density-and-groundwater-tests"
        ],
        "lat": 12.80264184,
        "line": "line-3",
        "lon": 45.0339529,
        "sample_id": "segment:line-3-civil-138:0006",
        "scope_id": "line-3-civil-138",
        "scope_type": "civil_segment"
      },
      "type": "Feature"
    },
    {
      "geometry": {
        "coordinates": [
          45.03675162,
          12.79495544
        ],
        "type": "Point"
      },
      "properties": {
        "chainage_m": 10839.802,
        "civil_class": "elevated",
        "investigation_flags": [
          "granular-density-and-groundwater-tests"
        ],
        "lat": 12.79495544,
        "line": "line-3",
        "lon": 45.03675162,
        "sample_id": "segment:line-3-civil-138:0007",
        "scope_id": "line-3-civil-138",
        "scope_type": "civil_segment"
      },
      "type": "Feature"
    },
    {
      "geometry": {
        "coordinates": [
          45.03966436,
          12.78710426
        ],
        "type": "Point"
      },
      "properties": {
        "chainage_m": 11843.319,
        "civil_class": "elevated",
        "investigation_flags": [
          "coverage-gap"
        ],
        "lat": 12.78710426,
        "line": "line-3",
        "lon": 45.03966436,
        "sample_id": "segment:line-3-civil-138:0008",
        "scope_id": "line-3-civil-138",
        "scope_type": "civil_segment"
      },
      "type": "Feature"
    },
    {
      "geometry": {
        "coordinates": [
          45.04261221,
          12.7794788
        ],
        "type": "Point"
      },
      "properties": {
        "chainage_m": 12846.836,
        "civil_class": "elevated",
        "investigation_flags": [
          "granular-density-and-groundwater-tests"
        ],
        "lat": 12.7794788,
        "line": "line-3",
        "lon": 45.04261221,
        "sample_id": "segment:line-3-civil-138:0009",
        "scope_id": "line-3-civil-138",
        "scope_type": "civil_segment"
      },
      "type": "Feature"
    },
    {
      "geometry": {
        "coordinates": [
          45.04519162,
          12.77249394
        ],
        "type": "Point"
      },
      "properties": {
        "chainage_m": 13750.824,
        "civil_class": "elevated",
        "investigation_flags": [
          "coverage-gap"
        ],
        "lat": 12.77249394,
        "line": "line-3",
        "lon": 45.04519162,
        "sample_id": "segment:line-3-civil-138:0010",
        "scope_id": "line-3-civil-138",
        "scope_type": "civil_segment"
      },
      "type": "Feature"
    },
    {
      "geometry": {
        "coordinates": [
          45.04519162,
          12.77249394
        ],
        "type": "Point"
      },
      "properties": {
        "chainage_m": 13750.824,
        "civil_class": "elevated",
        "investigation_flags": [
          "coverage-gap"
        ],
        "lat": 12.77249394,
        "line": "line-3",
        "lon": 45.04519162,
        "sample_id": "segment:line-3-civil-139:0000",
        "scope_id": "line-3-civil-139",
        "scope_type": "civil_segment"
      },
      "type": "Feature"
    },
    {
      "geometry": {
        "coordinates": [
          45.0453487,
          12.7723405
        ],
        "type": "Point"
      },
      "properties": {
        "chainage_m": 13774.962,
        "civil_class": "elevated",
        "investigation_flags": [
          "coverage-gap"
        ],
        "lat": 12.7723405,
        "line": "line-3",
        "lon": 45.0453487,
        "sample_id": "segment:line-3-civil-139:0001",
        "scope_id": "line-3-civil-139",
        "scope_type": "civil_segment"
      },
      "type": "Feature"
    },
    {
      "geometry": {
        "coordinates": [
          45.04537582,
          12.77213404
        ],
        "type": "Point"
      },
      "properties": {
        "chainage_m": 13799.1,
        "civil_class": "elevated",
        "investigation_flags": [
          "coverage-gap"
        ],
        "lat": 12.77213404,
        "line": "line-3",
        "lon": 45.04537582,
        "sample_id": "segment:line-3-civil-139:0002",
        "scope_id": "line-3-civil-139",
        "scope_type": "civil_segment"
      },
      "type": "Feature"
    },
    {
      "geometry": {
        "coordinates": [
          44.97997036,
          12.88011374
        ],
        "type": "Point"
      },
      "properties": {
        "chainage_m": 0.0,
        "civil_class": "station",
        "investigation_flags": [
          "coverage-gap"
        ],
        "lat": 12.88011374,
        "line": "line-1",
        "lon": 44.97997036,
        "sample_id": "station:line-1-0110-0325-s000000",
        "scope_id": "line-1-0110-0325-s000000",
        "scope_type": "station"
      },
      "type": "Feature"
    },
    {
      "geometry": {
        "coordinates": [
          44.99065632,
          12.85995753
        ],
        "type": "Point"
      },
      "properties": {
        "chainage_m": 3010.2,
        "civil_class": "station",
        "investigation_flags": [
          "granular-density-and-groundwater-tests"
        ],
        "lat": 12.85995753,
        "line": "line-1",
        "lon": 44.99065632,
        "sample_id": "station:line-1-0222-0383-s003010",
        "scope_id": "line-1-0222-0383-s003010",
        "scope_type": "station"
      },
      "type": "Feature"
    },
    {
      "geometry": {
        "coordinates": [
          44.99213025,
          12.85023936
        ],
        "type": "Point"
      },
      "properties": {
        "chainage_m": 6034.1,
        "civil_class": "station",
        "investigation_flags": [
          "coverage-gap"
        ],
        "lat": 12.85023936,
        "line": "line-1",
        "lon": 44.99213025,
        "sample_id": "station:line-1-0276-0391-s006034",
        "scope_id": "line-1-0276-0391-s006034",
        "scope_type": "station"
      },
      "type": "Feature"
    },
    {
      "geometry": {
        "coordinates": [
          45.01737123,
          12.84646007
        ],
        "type": "Point"
      },
      "properties": {
        "chainage_m": 10118.3,
        "civil_class": "station",
        "investigation_flags": [
          "coverage-gap"
        ],
        "lat": 12.84646007,
        "line": "line-1",
        "lon": 45.01737123,
        "sample_id": "station:line-1-0297-0528-s010118",
        "scope_id": "line-1-0297-0528-s010118",
        "scope_type": "station"
      },
      "type": "Feature"
    },
    {
      "geometry": {
        "coordinates": [
          45.02529358,
          12.82558399
        ],
        "type": "Point"
      },
      "properties": {
        "chainage_m": 12794.5,
        "civil_class": "station",
        "investigation_flags": [
          "coverage-gap"
        ],
        "lat": 12.82558399,
        "line": "line-1",
        "lon": 45.02529358,
        "sample_id": "station:line-1-0413-0571-s012794",
        "scope_id": "line-1-0413-0571-s012794",
        "scope_type": "station"
      },
      "type": "Feature"
    },
    {
      "geometry": {
        "coordinates": [
          45.02529358,
          12.82306446
        ],
        "type": "Point"
      },
      "properties": {
        "chainage_m": 13074.5,
        "civil_class": "station",
        "investigation_flags": [
          "granular-density-and-groundwater-tests"
        ],
        "lat": 12.82306446,
        "line": "line-1",
        "lon": 45.02529358,
        "sample_id": "station:line-1-0427-0571-s013074",
        "scope_id": "line-1-0427-0571-s013074",
        "scope_type": "station"
      },
      "type": "Feature"
    },
    {
      "geometry": {
        "coordinates": [
          45.02381965,
          12.81082676
        ],
        "type": "Point"
      },
      "properties": {
        "chainage_m": 14500.8,
        "civil_class": "station",
        "investigation_flags": [
          "granular-density-and-groundwater-tests"
        ],
        "lat": 12.81082676,
        "line": "line-1",
        "lon": 45.02381965,
        "sample_id": "station:line-1-0495-0563-s014501",
        "scope_id": "line-1-0495-0563-s014501",
        "scope_type": "station"
      },
      "type": "Feature"
    },
    {
      "geometry": {
        "coordinates": [
          45.02234573,
          12.79750927
        ],
        "type": "Point"
      },
      "properties": {
        "chainage_m": 16895.6,
        "civil_class": "station",
        "investigation_flags": [
          "coverage-gap"
        ],
        "lat": 12.79750927,
        "line": "line-1",
        "lon": 45.02234573,
        "sample_id": "station:line-1-0569-0555-s016896",
        "scope_id": "line-1-0569-0555-s016896",
        "scope_type": "station"
      },
      "type": "Feature"
    },
    {
      "geometry": {
        "coordinates": [
          45.03450562,
          12.77357377
        ],
        "type": "Point"
      },
      "properties": {
        "chainage_m": 20196.1,
        "civil_class": "station",
        "investigation_flags": [
          "coverage-gap"
        ],
        "lat": 12.77357377,
        "line": "line-1",
        "lon": 45.03450562,
        "sample_id": "station:line-1-0702-0621-s020196",
        "scope_id": "line-1-0702-0621-s020196",
        "scope_type": "station"
      },
      "type": "Feature"
    },
    {
      "geometry": {
        "coordinates": [
          45.04832367,
          12.84142101
        ],
        "type": "Point"
      },
      "properties": {
        "chainage_m": 0.0,
        "civil_class": "station",
        "investigation_flags": [
          "granular-density-and-groundwater-tests"
        ],
        "lat": 12.84142101,
        "line": "line-2",
        "lon": 45.04832367,
        "sample_id": "station:line-2-0325-0696-s000000",
        "scope_id": "line-2-0325-0696-s000000",
        "scope_type": "station"
      },
      "type": "Feature"
    },
    {
      "geometry": {
        "coordinates": [
          45.02603054,
          12.82360436
        ],
        "type": "Point"
      },
      "properties": {
        "chainage_m": 3497.9,
        "civil_class": "station",
        "investigation_flags": [
          "granular-density-and-groundwater-tests"
        ],
        "lat": 12.82360436,
        "line": "line-2",
        "lon": 45.02603054,
        "sample_id": "station:line-2-0424-0575-s003498",
        "scope_id": "line-2-0424-0575-s003498",
        "scope_type": "station"
      },
      "type": "Feature"
    },
    {
      "geometry": {
        "coordinates": [
          45.02529358,
          12.82306446
        ],
        "type": "Point"
      },
      "properties": {
        "chainage_m": 3602.7,
        "civil_class": "station",
        "investigation_flags": [
          "granular-density-and-groundwater-tests"
        ],
        "lat": 12.82306446,
        "line": "line-2",
        "lon": 45.02529358,
        "sample_id": "station:line-2-0427-0571-s003603",
        "scope_id": "line-2-0427-0571-s003603",
        "scope_type": "station"
      },
      "type": "Feature"
    },
    {
      "geometry": {
        "coordinates": [
          45.02381965,
          12.81082676
        ],
        "type": "Point"
      },
      "properties": {
        "chainage_m": 5635.5,
        "civil_class": "station",
        "investigation_flags": [
          "granular-density-and-groundwater-tests"
        ],
        "lat": 12.81082676,
        "line": "line-2",
        "lon": 45.02381965,
        "sample_id": "station:line-2-0495-0563-s005636",
        "scope_id": "line-2-0495-0563-s005636",
        "scope_type": "station"
      },
      "type": "Feature"
    },
    {
      "geometry": {
        "coordinates": [
          45.02234573,
          12.79750927
        ],
        "type": "Point"
      },
      "properties": {
        "chainage_m": 7413.8,
        "civil_class": "station",
        "investigation_flags": [
          "coverage-gap"
        ],
        "lat": 12.79750927,
        "line": "line-2",
        "lon": 45.02234573,
        "sample_id": "station:line-2-0569-0555-s007414",
        "scope_id": "line-2-0569-0555-s007414",
        "scope_type": "station"
      },
      "type": "Feature"
    },
    {
      "geometry": {
        "coordinates": [
          45.01073856,
          12.79319008
        ],
        "type": "Point"
      },
      "properties": {
        "chainage_m": 9036.6,
        "civil_class": "station",
        "investigation_flags": [
          "coverage-gap"
        ],
        "lat": 12.79319008,
        "line": "line-2",
        "lon": 45.01073856,
        "sample_id": "station:line-2-0593-0492-s009037",
        "scope_id": "line-2-0593-0492-s009037",
        "scope_type": "station"
      },
      "type": "Feature"
    },
    {
      "geometry": {
        "coordinates": [
          44.9751801,
          12.78311197
        ],
        "type": "Point"
      },
      "properties": {
        "chainage_m": 13690.2,
        "civil_class": "station",
        "investigation_flags": [
          "coverage-gap"
        ],
        "lat": 12.78311197,
        "line": "line-2",
        "lon": 44.9751801,
        "sample_id": "station:line-2-0649-0299-s013690",
        "scope_id": "line-2-0649-0299-s013690",
        "scope_type": "station"
      },
      "type": "Feature"
    },
    {
      "geometry": {
        "coordinates": [
          45.01073856,
          12.87579455
        ],
        "type": "Point"
      },
      "properties": {
        "chainage_m": 0.0,
        "civil_class": "station",
        "investigation_flags": [
          "granular-density-and-groundwater-tests"
        ],
        "lat": 12.87579455,
        "line": "line-3",
        "lon": 45.01073856,
        "sample_id": "station:line-3-0134-0492-s000000",
        "scope_id": "line-3-0134-0492-s000000",
        "scope_type": "station"
      },
      "type": "Feature"
    },
    {
      "geometry": {
        "coordinates": [
          45.01737123,
          12.84646007
        ],
        "type": "Point"
      },
      "properties": {
        "chainage_m": 4127.6,
        "civil_class": "station",
        "investigation_flags": [
          "coverage-gap"
        ],
        "lat": 12.84646007,
        "line": "line-3",
        "lon": 45.01737123,
        "sample_id": "station:line-3-0297-0528-s004128",
        "scope_id": "line-3-0297-0528-s004128",
        "scope_type": "station"
      },
      "type": "Feature"
    },
    {
      "geometry": {
        "coordinates": [
          45.02529358,
          12.82558399
        ],
        "type": "Point"
      },
      "properties": {
        "chainage_m": 6839.0,
        "civil_class": "station",
        "investigation_flags": [
          "coverage-gap"
        ],
        "lat": 12.82558399,
        "line": "line-3",
        "lon": 45.02529358,
        "sample_id": "station:line-3-0413-0571-s006839",
        "scope_id": "line-3-0413-0571-s006839",
        "scope_type": "station"
      },
      "type": "Feature"
    },
    {
      "geometry": {
        "coordinates": [
          45.02603054,
          12.82360436
        ],
        "type": "Point"
      },
      "properties": {
        "chainage_m": 7103.8,
        "civil_class": "station",
        "investigation_flags": [
          "granular-density-and-groundwater-tests"
        ],
        "lat": 12.82360436,
        "line": "line-3",
        "lon": 45.02603054,
        "sample_id": "station:line-3-0424-0575-s007104",
        "scope_id": "line-3-0424-0575-s007104",
        "scope_type": "station"
      },
      "type": "Feature"
    },
    {
      "geometry": {
        "coordinates": [
          45.03340017,
          12.80362812
        ],
        "type": "Point"
      },
      "properties": {
        "chainage_m": 9702.1,
        "civil_class": "station",
        "investigation_flags": [
          "granular-density-and-groundwater-tests"
        ],
        "lat": 12.80362812,
        "line": "line-3",
        "lon": 45.03340017,
        "sample_id": "station:line-3-0535-0615-s009702",
        "scope_id": "line-3-0535-0615-s009702",
        "scope_type": "station"
      },
      "type": "Feature"
    },
    {
      "geometry": {
        "coordinates": [
          45.03948012,
          12.7877911
        ],
        "type": "Point"
      },
      "properties": {
        "chainage_m": 11758.9,
        "civil_class": "station",
        "investigation_flags": [
          "coverage-gap"
        ],
        "lat": 12.7877911,
        "line": "line-3",
        "lon": 45.03948012,
        "sample_id": "station:line-3-0623-0648-s011759",
        "scope_id": "line-3-0623-0648-s011759",
        "scope_type": "station"
      },
      "type": "Feature"
    },
    {
      "geometry": {
        "coordinates": [
          45.04537582,
          12.77213404
        ],
        "type": "Point"
      },
      "properties": {
        "chainage_m": 13799.1,
        "civil_class": "station",
        "investigation_flags": [
          "coverage-gap"
        ],
        "lat": 12.77213404,
        "line": "line-3",
        "lon": 45.04537582,
        "sample_id": "station:line-3-0710-0680-s013799",
        "scope_id": "line-3-0710-0680-s013799",
        "scope_type": "station"
      },
      "type": "Feature"
    }
  ],
  "type": "FeatureCollection"
}
