{
  "features": [
    {
      "geometry": {
        "coordinates": [
          40.61861346,
          21.36732179
        ],
        "type": "Point"
      },
      "properties": {
        "chainage_m": 0.0,
        "civil_class": "at-grade",
        "investigation_flags": [
          "coverage-gap"
        ],
        "lat": 21.36732179,
        "line": "line-1",
        "lon": 40.61861346,
        "sample_id": "segment:line-1-civil-001:0000",
        "scope_id": "line-1-civil-001",
        "scope_type": "civil_segment"
      },
      "type": "Feature"
    },
    {
      "geometry": {
        "coordinates": [
          40.61283925,
          21.36946622
        ],
        "type": "Point"
      },
      "properties": {
        "chainage_m": 1000.786,
        "civil_class": "at-grade",
        "investigation_flags": [
          "coverage-gap"
        ],
        "lat": 21.36946622,
        "line": "line-1",
        "lon": 40.61283925,
        "sample_id": "segment:line-1-civil-001:0001",
        "scope_id": "line-1-civil-001",
        "scope_type": "civil_segment"
      },
      "type": "Feature"
    },
    {
      "geometry": {
        "coordinates": [
          40.60618042,
          21.37495501
        ],
        "type": "Point"
      },
      "properties": {
        "chainage_m": 2001.571,
        "civil_class": "at-grade",
        "investigation_flags": [
          "coverage-gap"
        ],
        "lat": 21.37495501,
        "line": "line-1",
        "lon": 40.60618042,
        "sample_id": "segment:line-1-civil-001:0002",
        "scope_id": "line-1-civil-001",
        "scope_type": "civil_segment"
      },
      "type": "Feature"
    },
    {
      "geometry": {
        "coordinates": [
          40.59926412,
          21.373756
        ],
        "type": "Point"
      },
      "properties": {
        "chainage_m": 3002.357,
        "civil_class": "at-grade",
        "investigation_flags": [
          "coverage-gap"
        ],
        "lat": 21.373756,
        "line": "line-1",
        "lon": 40.59926412,
        "sample_id": "segment:line-1-civil-001:0003",
        "scope_id": "line-1-civil-001",
        "scope_type": "civil_segment"
      },
      "type": "Feature"
    },
    {
      "geometry": {
        "coordinates": [
          40.59658408,
          21.37488037
        ],
        "type": "Point"
      },
      "properties": {
        "chainage_m": 3407.65,
        "civil_class": "at-grade",
        "investigation_flags": [
          "coverage-gap"
        ],
        "lat": 21.37488037,
        "line": "line-1",
        "lon": 40.59658408,
        "sample_id": "segment:line-1-civil-001:0004",
        "scope_id": "line-1-civil-001",
        "scope_type": "civil_segment"
      },
      "type": "Feature"
    },
    {
      "geometry": {
        "coordinates": [
          40.59231673,
          21.37488037
        ],
        "type": "Point"
      },
      "properties": {
        "chainage_m": 4003.142,
        "civil_class": "at-grade",
        "investigation_flags": [
          "coverage-gap"
        ],
        "lat": 21.37488037,
        "line": "line-1",
        "lon": 40.59231673,
        "sample_id": "segment:line-1-civil-001:0005",
        "scope_id": "line-1-civil-001",
        "scope_type": "civil_segment"
      },
      "type": "Feature"
    },
    {
      "geometry": {
        "coordinates": [
          40.58541148,
          21.37596327
        ],
        "type": "Point"
      },
      "properties": {
        "chainage_m": 5003.928,
        "civil_class": "at-grade",
        "investigation_flags": [
          "coverage-gap"
        ],
        "lat": 21.37596327,
        "line": "line-1",
        "lon": 40.58541148,
        "sample_id": "segment:line-1-civil-001:0006",
        "scope_id": "line-1-civil-001",
        "scope_type": "civil_segment"
      },
      "type": "Feature"
    },
    {
      "geometry": {
        "coordinates": [
          40.57885229,
          21.37980044
        ],
        "type": "Point"
      },
      "properties": {
        "chainage_m": 6004.714,
        "civil_class": "at-grade",
        "investigation_flags": [
          "coverage-gap"
        ],
        "lat": 21.37980044,
        "line": "line-1",
        "lon": 40.57885229,
        "sample_id": "segment:line-1-civil-001:0007",
        "scope_id": "line-1-civil-001",
        "scope_type": "civil_segment"
      },
      "type": "Feature"
    },
    {
      "geometry": {
        "coordinates": [
          40.57363567,
          21.3824438
        ],
        "type": "Point"
      },
      "properties": {
        "chainage_m": 6815.3,
        "civil_class": "at-grade",
        "investigation_flags": [
          "coverage-gap"
        ],
        "lat": 21.3824438,
        "line": "line-1",
        "lon": 40.57363567,
        "sample_id": "segment:line-1-civil-001:0008",
        "scope_id": "line-1-civil-001",
        "scope_type": "civil_segment"
      },
      "type": "Feature"
    },
    {
      "geometry": {
        "coordinates": [
          40.57363567,
          21.3824438
        ],
        "type": "Point"
      },
      "properties": {
        "chainage_m": 6815.3,
        "civil_class": "elevated",
        "investigation_flags": [
          "coverage-gap"
        ],
        "lat": 21.3824438,
        "line": "line-1",
        "lon": 40.57363567,
        "sample_id": "segment:line-1-civil-002:0000",
        "scope_id": "line-1-civil-002",
        "scope_type": "civil_segment"
      },
      "type": "Feature"
    },
    {
      "geometry": {
        "coordinates": [
          40.56740877,
          21.38788978
        ],
        "type": "Point"
      },
      "properties": {
        "chainage_m": 7816.726,
        "civil_class": "elevated",
        "investigation_flags": [
          "coverage-gap"
        ],
        "lat": 21.38788978,
        "line": "line-1",
        "lon": 40.56740877,
        "sample_id": "segment:line-1-civil-002:0001",
        "scope_id": "line-1-civil-002",
        "scope_type": "civil_segment"
      },
      "type": "Feature"
    },
    {
      "geometry": {
        "coordinates": [
          40.56247693,
          21.39212825
        ],
        "type": "Point"
      },
      "properties": {
        "chainage_m": 8616.65,
        "civil_class": "elevated",
        "investigation_flags": [
          "coverage-gap"
        ],
        "lat": 21.39212825,
        "line": "line-1",
        "lon": 40.56247693,
        "sample_id": "segment:line-1-civil-002:0002",
        "scope_id": "line-1-civil-002",
        "scope_type": "civil_segment"
      },
      "type": "Feature"
    },
    {
      "geometry": {
        "coordinates": [
          40.56118174,
          21.39333588
        ],
        "type": "Point"
      },
      "properties": {
        "chainage_m": 8818.153,
        "civil_class": "elevated",
        "investigation_flags": [
          "coverage-gap"
        ],
        "lat": 21.39333588,
        "line": "line-1",
        "lon": 40.56118174,
        "sample_id": "segment:line-1-civil-002:0003",
        "scope_id": "line-1-civil-002",
        "scope_type": "civil_segment"
      },
      "type": "Feature"
    },
    {
      "geometry": {
        "coordinates": [
          40.55479468,
          21.3989312
        ],
        "type": "Point"
      },
      "properties": {
        "chainage_m": 9819.579,
        "civil_class": "elevated",
        "investigation_flags": [
          "fine-soil-plasticity-and-shrink-swell-tests",
          "granular-density-and-groundwater-tests"
        ],
        "lat": 21.3989312,
        "line": "line-1",
        "lon": 40.55479468,
        "sample_id": "segment:line-1-civil-002:0004",
        "scope_id": "line-1-civil-002",
        "scope_type": "civil_segment"
      },
      "type": "Feature"
    },
    {
      "geometry": {
        "coordinates": [
          40.55105421,
          21.40223882
        ],
        "type": "Point"
      },
      "properties": {
        "chainage_m": 10418.0,
        "civil_class": "elevated",
        "investigation_flags": [
          "fine-soil-plasticity-and-shrink-swell-tests",
          "granular-density-and-groundwater-tests"
        ],
        "lat": 21.40223882,
        "line": "line-1",
        "lon": 40.55105421,
        "sample_id": "segment:line-1-civil-002:0005",
        "scope_id": "line-1-civil-002",
        "scope_type": "civil_segment"
      },
      "type": "Feature"
    },
    {
      "geometry": {
        "coordinates": [
          40.55105421,
          21.40223882
        ],
        "type": "Point"
      },
      "properties": {
        "chainage_m": 10418.0,
        "civil_class": "bridge",
        "investigation_flags": [
          "fine-soil-plasticity-and-shrink-swell-tests",
          "granular-density-and-groundwater-tests"
        ],
        "lat": 21.40223882,
        "line": "line-1",
        "lon": 40.55105421,
        "sample_id": "segment:line-1-civil-003:0000",
        "scope_id": "line-1-civil-003",
        "scope_type": "civil_segment"
      },
      "type": "Feature"
    },
    {
      "geometry": {
        "coordinates": [
          40.54898756,
          21.40398578
        ],
        "type": "Point"
      },
      "properties": {
        "chainage_m": 10736.0,
        "civil_class": "bridge",
        "investigation_flags": [
          "coverage-gap"
        ],
        "lat": 21.40398578,
        "line": "line-1",
        "lon": 40.54898756,
        "sample_id": "segment:line-1-civil-003:0001",
        "scope_id": "line-1-civil-003",
        "scope_type": "civil_segment"
      },
      "type": "Feature"
    },
    {
      "geometry": {
        "coordinates": [
          40.54700085,
          21.40565821
        ],
        "type": "Point"
      },
      "properties": {
        "chainage_m": 11054.0,
        "civil_class": "bridge",
        "investigation_flags": [
          "coverage-gap"
        ],
        "lat": 21.40565821,
        "line": "line-1",
        "lon": 40.54700085,
        "sample_id": "segment:line-1-civil-003:0002",
        "scope_id": "line-1-civil-003",
        "scope_type": "civil_segment"
      },
      "type": "Feature"
    },
    {
      "geometry": {
        "coordinates": [
          40.54700085,
          21.40565821
        ],
        "type": "Point"
      },
      "properties": {
        "chainage_m": 11054.0,
        "civil_class": "elevated",
        "investigation_flags": [
          "coverage-gap"
        ],
        "lat": 21.40565821,
        "line": "line-1",
        "lon": 40.54700085,
        "sample_id": "segment:line-1-civil-004:0000",
        "scope_id": "line-1-civil-004",
        "scope_type": "civil_segment"
      },
      "type": "Feature"
    },
    {
      "geometry": {
        "coordinates": [
          40.5407734,
          21.41110471
        ],
        "type": "Point"
      },
      "properties": {
        "chainage_m": 12055.497,
        "civil_class": "elevated",
        "investigation_flags": [
          "coverage-gap"
        ],
        "lat": 21.41110471,
        "line": "line-1",
        "lon": 40.5407734,
        "sample_id": "segment:line-1-civil-004:0001",
        "scope_id": "line-1-civil-004",
        "scope_type": "civil_segment"
      },
      "type": "Feature"
    },
    {
      "geometry": {
        "coordinates": [
          40.54049365,
          21.4114135
        ],
        "type": "Point"
      },
      "properties": {
        "chainage_m": 12110.4,
        "civil_class": "elevated",
        "investigation_flags": [
          "coverage-gap"
        ],
        "lat": 21.4114135,
        "line": "line-1",
        "lon": 40.54049365,
        "sample_id": "segment:line-1-civil-004:0002",
        "scope_id": "line-1-civil-004",
        "scope_type": "civil_segment"
      },
      "type": "Feature"
    },
    {
      "geometry": {
        "coordinates": [
          40.53454581,
          21.41655133
        ],
        "type": "Point"
      },
      "properties": {
        "chainage_m": 13056.993,
        "civil_class": "elevated",
        "investigation_flags": [
          "coverage-gap"
        ],
        "lat": 21.41655133,
        "line": "line-1",
        "lon": 40.53454581,
        "sample_id": "segment:line-1-civil-004:0003",
        "scope_id": "line-1-civil-004",
        "scope_type": "civil_segment"
      },
      "type": "Feature"
    },
    {
      "geometry": {
        "coordinates": [
          40.53387639,
          21.4171755
        ],
        "type": "Point"
      },
      "properties": {
        "chainage_m": 13166.8,
        "civil_class": "elevated",
        "investigation_flags": [
          "coverage-gap"
        ],
        "lat": 21.4171755,
        "line": "line-1",
        "lon": 40.53387639,
        "sample_id": "segment:line-1-civil-004:0004",
        "scope_id": "line-1-civil-004",
        "scope_type": "civil_segment"
      },
      "type": "Feature"
    },
    {
      "geometry": {
        "coordinates": [
          40.53387639,
          21.4171755
        ],
        "type": "Point"
      },
      "properties": {
        "chainage_m": 13166.8,
        "civil_class": "bridge",
        "investigation_flags": [
          "coverage-gap"
        ],
        "lat": 21.4171755,
        "line": "line-1",
        "lon": 40.53387639,
        "sample_id": "segment:line-1-civil-005:0000",
        "scope_id": "line-1-civil-005",
        "scope_type": "civil_segment"
      },
      "type": "Feature"
    },
    {
      "geometry": {
        "coordinates": [
          40.53175653,
          21.4191412
        ],
        "type": "Point"
      },
      "properties": {
        "chainage_m": 13523.1,
        "civil_class": "bridge",
        "investigation_flags": [
          "fine-soil-plasticity-and-shrink-swell-tests",
          "granular-density-and-groundwater-tests"
        ],
        "lat": 21.4191412,
        "line": "line-1",
        "lon": 40.53175653,
        "sample_id": "segment:line-1-civil-005:0001",
        "scope_id": "line-1-civil-005",
        "scope_type": "civil_segment"
      },
      "type": "Feature"
    },
    {
      "geometry": {
        "coordinates": [
          40.52943552,
          21.42113167
        ],
        "type": "Point"
      },
      "properties": {
        "chainage_m": 13879.4,
        "civil_class": "bridge",
        "investigation_flags": [
          "fine-soil-plasticity-and-shrink-swell-tests",
          "granular-density-and-groundwater-tests"
        ],
        "lat": 21.42113167,
        "line": "line-1",
        "lon": 40.52943552,
        "sample_id": "segment:line-1-civil-005:0002",
        "scope_id": "line-1-civil-005",
        "scope_type": "civil_segment"
      },
      "type": "Feature"
    },
    {
      "geometry": {
        "coordinates": [
          40.52943552,
          21.42113167
        ],
        "type": "Point"
      },
      "properties": {
        "chainage_m": 13879.4,
        "civil_class": "elevated",
        "investigation_flags": [
          "fine-soil-plasticity-and-shrink-swell-tests",
          "granular-density-and-groundwater-tests"
        ],
        "lat": 21.42113167,
        "line": "line-1",
        "lon": 40.52943552,
        "sample_id": "segment:line-1-civil-006:0000",
        "scope_id": "line-1-civil-006",
        "scope_type": "civil_segment"
      },
      "type": "Feature"
    },
    {
      "geometry": {
        "coordinates": [
          40.52679141,
          21.42342154
        ],
        "type": "Point"
      },
      "properties": {
        "chainage_m": 14293.95,
        "civil_class": "elevated",
        "investigation_flags": [
          "fine-soil-plasticity-and-shrink-swell-tests",
          "granular-density-and-groundwater-tests"
        ],
        "lat": 21.42342154,
        "line": "line-1",
        "lon": 40.52679141,
        "sample_id": "segment:line-1-civil-006:0001",
        "scope_id": "line-1-civil-006",
        "scope_type": "civil_segment"
      },
      "type": "Feature"
    },
    {
      "geometry": {
        "coordinates": [
          40.52422583,
          21.42563371
        ],
        "type": "Point"
      },
      "properties": {
        "chainage_m": 14708.5,
        "civil_class": "elevated",
        "investigation_flags": [
          "fine-soil-plasticity-and-shrink-swell-tests",
          "granular-density-and-groundwater-tests"
        ],
        "lat": 21.42563371,
        "line": "line-1",
        "lon": 40.52422583,
        "sample_id": "segment:line-1-civil-006:0002",
        "scope_id": "line-1-civil-006",
        "scope_type": "civil_segment"
      },
      "type": "Feature"
    },
    {
      "geometry": {
        "coordinates": [
          40.52422583,
          21.42563371
        ],
        "type": "Point"
      },
      "properties": {
        "chainage_m": 14708.5,
        "civil_class": "bridge",
        "investigation_flags": [
          "fine-soil-plasticity-and-shrink-swell-tests",
          "granular-density-and-groundwater-tests"
        ],
        "lat": 21.42563371,
        "line": "line-1",
        "lon": 40.52422583,
        "sample_id": "segment:line-1-civil-007:0000",
        "scope_id": "line-1-civil-007",
        "scope_type": "civil_segment"
      },
      "type": "Feature"
    },
    {
      "geometry": {
        "coordinates": [
          40.52412928,
          21.42572373
        ],
        "type": "Point"
      },
      "properties": {
        "chainage_m": 14722.65,
        "civil_class": "bridge",
        "investigation_flags": [
          "fine-soil-plasticity-and-shrink-swell-tests",
          "granular-density-and-groundwater-tests"
        ],
        "lat": 21.42572373,
        "line": "line-1",
        "lon": 40.52412928,
        "sample_id": "segment:line-1-civil-007:0001",
        "scope_id": "line-1-civil-007",
        "scope_type": "civil_segment"
      },
      "type": "Feature"
    },
    {
      "geometry": {
        "coordinates": [
          40.52403272,
          21.42581376
        ],
        "type": "Point"
      },
      "properties": {
        "chainage_m": 14736.8,
        "civil_class": "bridge",
        "investigation_flags": [
          "fine-soil-plasticity-and-shrink-swell-tests",
          "granular-density-and-groundwater-tests"
        ],
        "lat": 21.42581376,
        "line": "line-1",
        "lon": 40.52403272,
        "sample_id": "segment:line-1-civil-007:0002",
        "scope_id": "line-1-civil-007",
        "scope_type": "civil_segment"
      },
      "type": "Feature"
    },
    {
      "geometry": {
        "coordinates": [
          40.52403272,
          21.42581376
        ],
        "type": "Point"
      },
      "properties": {
        "chainage_m": 14736.8,
        "civil_class": "elevated",
        "investigation_flags": [
          "fine-soil-plasticity-and-shrink-swell-tests",
          "granular-density-and-groundwater-tests"
        ],
        "lat": 21.42581376,
        "line": "line-1",
        "lon": 40.52403272,
        "sample_id": "segment:line-1-civil-008:0000",
        "scope_id": "line-1-civil-008",
        "scope_type": "civil_segment"
      },
      "type": "Feature"
    },
    {
      "geometry": {
        "coordinates": [
          40.51756494,
          21.43148434
        ],
        "type": "Point"
      },
      "properties": {
        "chainage_m": 15738.424,
        "civil_class": "elevated",
        "investigation_flags": [
          "fine-soil-plasticity-and-shrink-swell-tests",
          "granular-density-and-groundwater-tests"
        ],
        "lat": 21.43148434,
        "line": "line-1",
        "lon": 40.51756494,
        "sample_id": "segment:line-1-civil-008:0001",
        "scope_id": "line-1-civil-008",
        "scope_type": "civil_segment"
      },
      "type": "Feature"
    },
    {
      "geometry": {
        "coordinates": [
          40.51124048,
          21.43696869
        ],
        "type": "Point"
      },
      "properties": {
        "chainage_m": 16740.049,
        "civil_class": "elevated",
        "investigation_flags": [
          "granular-density-and-groundwater-tests"
        ],
        "lat": 21.43696869,
        "line": "line-1",
        "lon": 40.51124048,
        "sample_id": "segment:line-1-civil-008:0002",
        "scope_id": "line-1-civil-008",
        "scope_type": "civil_segment"
      },
      "type": "Feature"
    },
    {
      "geometry": {
        "coordinates": [
          40.50499102,
          21.44236768
        ],
        "type": "Point"
      },
      "properties": {
        "chainage_m": 17741.673,
        "civil_class": "elevated",
        "investigation_flags": [
          "fine-soil-plasticity-and-shrink-swell-tests",
          "granular-density-and-groundwater-tests"
        ],
        "lat": 21.44236768,
        "line": "line-1",
        "lon": 40.50499102,
        "sample_id": "segment:line-1-civil-008:0003",
        "scope_id": "line-1-civil-008",
        "scope_type": "civil_segment"
      },
      "type": "Feature"
    },
    {
      "geometry": {
        "coordinates": [
          40.49880039,
          21.44790047
        ],
        "type": "Point"
      },
      "properties": {
        "chainage_m": 18743.297,
        "civil_class": "elevated",
        "investigation_flags": [
          "fine-soil-plasticity-and-shrink-swell-tests",
          "granular-density-and-groundwater-tests"
        ],
        "lat": 21.44790047,
        "line": "line-1",
        "lon": 40.49880039,
        "sample_id": "segment:line-1-civil-008:0004",
        "scope_id": "line-1-civil-008",
        "scope_type": "civil_segment"
      },
      "type": "Feature"
    },
    {
      "geometry": {
        "coordinates": [
          40.49525958,
          21.45100605
        ],
        "type": "Point"
      },
      "properties": {
        "chainage_m": 19311.75,
        "civil_class": "elevated",
        "investigation_flags": [
          "fine-soil-plasticity-and-shrink-swell-tests",
          "granular-density-and-groundwater-tests"
        ],
        "lat": 21.45100605,
        "line": "line-1",
        "lon": 40.49525958,
        "sample_id": "segment:line-1-civil-008:0005",
        "scope_id": "line-1-civil-008",
        "scope_type": "civil_segment"
      },
      "type": "Feature"
    },
    {
      "geometry": {
        "coordinates": [
          40.49257092,
          21.45334561
        ],
        "type": "Point"
      },
      "properties": {
        "chainage_m": 19744.921,
        "civil_class": "elevated",
        "investigation_flags": [
          "coverage-gap"
        ],
        "lat": 21.45334561,
        "line": "line-1",
        "lon": 40.49257092,
        "sample_id": "segment:line-1-civil-008:0006",
        "scope_id": "line-1-civil-008",
        "scope_type": "civil_segment"
      },
      "type": "Feature"
    },
    {
      "geometry": {
        "coordinates": [
          40.48620806,
          21.4587446
        ],
        "type": "Point"
      },
      "properties": {
        "chainage_m": 20746.546,
        "civil_class": "elevated",
        "investigation_flags": [
          "fine-soil-plasticity-and-shrink-swell-tests",
          "granular-density-and-groundwater-tests"
        ],
        "lat": 21.4587446,
        "line": "line-1",
        "lon": 40.48620806,
        "sample_id": "segment:line-1-civil-008:0007",
        "scope_id": "line-1-civil-008",
        "scope_type": "civil_segment"
      },
      "type": "Feature"
    },
    {
      "geometry": {
        "coordinates": [
          40.47983538,
          21.46445147
        ],
        "type": "Point"
      },
      "properties": {
        "chainage_m": 21748.17,
        "civil_class": "elevated",
        "investigation_flags": [
          "fine-soil-plasticity-and-shrink-swell-tests",
          "granular-density-and-groundwater-tests"
        ],
        "lat": 21.46445147,
        "line": "line-1",
        "lon": 40.47983538,
        "sample_id": "segment:line-1-civil-008:0008",
        "scope_id": "line-1-civil-008",
        "scope_type": "civil_segment"
      },
      "type": "Feature"
    },
    {
      "geometry": {
        "coordinates": [
          40.4735097,
          21.46986164
        ],
        "type": "Point"
      },
      "properties": {
        "chainage_m": 22749.794,
        "civil_class": "elevated",
        "investigation_flags": [
          "fine-soil-plasticity-and-shrink-swell-tests",
          "granular-density-and-groundwater-tests"
        ],
        "lat": 21.46986164,
        "line": "line-1",
        "lon": 40.4735097,
        "sample_id": "segment:line-1-civil-008:0009",
        "scope_id": "line-1-civil-008",
        "scope_type": "civil_segment"
      },
      "type": "Feature"
    },
    {
      "geometry": {
        "coordinates": [
          40.46736066,
          21.47523502
        ],
        "type": "Point"
      },
      "properties": {
        "chainage_m": 23751.418,
        "civil_class": "elevated",
        "investigation_flags": [
          "fine-soil-plasticity-and-shrink-swell-tests",
          "granular-density-and-groundwater-tests"
        ],
        "lat": 21.47523502,
        "line": "line-1",
        "lon": 40.46736066,
        "sample_id": "segment:line-1-civil-008:0010",
        "scope_id": "line-1-civil-008",
        "scope_type": "civil_segment"
      },
      "type": "Feature"
    },
    {
      "geometry": {
        "coordinates": [
          40.46651732,
          21.47602135
        ],
        "type": "Point"
      },
      "properties": {
        "chainage_m": 23886.7,
        "civil_class": "elevated",
        "investigation_flags": [
          "fine-soil-plasticity-and-shrink-swell-tests",
          "granular-density-and-groundwater-tests"
        ],
        "lat": 21.47602135,
        "line": "line-1",
        "lon": 40.46651732,
        "sample_id": "segment:line-1-civil-008:0011",
        "scope_id": "line-1-civil-008",
        "scope_type": "civil_segment"
      },
      "type": "Feature"
    },
    {
      "geometry": {
        "coordinates": [
          40.50994578,
          21.37883962
        ],
        "type": "Point"
      },
      "properties": {
        "chainage_m": 0.0,
        "civil_class": "elevated",
        "investigation_flags": [
          "fine-soil-plasticity-and-shrink-swell-tests",
          "granular-density-and-groundwater-tests"
        ],
        "lat": 21.37883962,
        "line": "line-10",
        "lon": 40.50994578,
        "sample_id": "segment:line-10-civil-081:0000",
        "scope_id": "line-10-civil-081",
        "scope_type": "civil_segment"
      },
      "type": "Feature"
    },
    {
      "geometry": {
        "coordinates": [
          40.50984919,
          21.37883962
        ],
        "type": "Point"
      },
      "properties": {
        "chainage_m": 10.0,
        "civil_class": "elevated",
        "investigation_flags": [
          "fine-soil-plasticity-and-shrink-swell-tests",
          "granular-density-and-groundwater-tests"
        ],
        "lat": 21.37883962,
        "line": "line-10",
        "lon": 40.50984919,
        "sample_id": "segment:line-10-civil-081:0001",
        "scope_id": "line-10-civil-081",
        "scope_type": "civil_segment"
      },
      "type": "Feature"
    },
    {
      "geometry": {
        "coordinates": [
          40.5097526,
          21.37883962
        ],
        "type": "Point"
      },
      "properties": {
        "chainage_m": 20.0,
        "civil_class": "elevated",
        "investigation_flags": [
          "fine-soil-plasticity-and-shrink-swell-tests",
          "granular-density-and-groundwater-tests"
        ],
        "lat": 21.37883962,
        "line": "line-10",
        "lon": 40.5097526,
        "sample_id": "segment:line-10-civil-081:0002",
        "scope_id": "line-10-civil-081",
        "scope_type": "civil_segment"
      },
      "type": "Feature"
    },
    {
      "geometry": {
        "coordinates": [
          40.5097526,
          21.37883962
        ],
        "type": "Point"
      },
      "properties": {
        "chainage_m": 20.0,
        "civil_class": "elevated",
        "investigation_flags": [
          "fine-soil-plasticity-and-shrink-swell-tests",
          "granular-density-and-groundwater-tests"
        ],
        "lat": 21.37883962,
        "line": "line-10",
        "lon": 40.5097526,
        "sample_id": "segment:line-10-civil-082:0000",
        "scope_id": "line-10-civil-082",
        "scope_type": "civil_segment"
      },
      "type": "Feature"
    },
    {
      "geometry": {
        "coordinates": [
          40.50931015,
          21.37878686
        ],
        "type": "Point"
      },
      "properties": {
        "chainage_m": 68.3,
        "civil_class": "elevated",
        "investigation_flags": [
          "fine-soil-plasticity-and-shrink-swell-tests",
          "granular-density-and-groundwater-tests"
        ],
        "lat": 21.37878686,
        "line": "line-10",
        "lon": 40.50931015,
        "sample_id": "segment:line-10-civil-082:0001",
        "scope_id": "line-10-civil-082",
        "scope_type": "civil_segment"
      },
      "type": "Feature"
    },
    {
      "geometry": {
        "coordinates": [
          40.5089801,
          21.37847913
        ],
        "type": "Point"
      },
      "properties": {
        "chainage_m": 116.6,
        "civil_class": "elevated",
        "investigation_flags": [
          "fine-soil-plasticity-and-shrink-swell-tests",
          "granular-density-and-groundwater-tests"
        ],
        "lat": 21.37847913,
        "line": "line-10",
        "lon": 40.5089801,
        "sample_id": "segment:line-10-civil-082:0002",
        "scope_id": "line-10-civil-082",
        "scope_type": "civil_segment"
      },
      "type": "Feature"
    },
    {
      "geometry": {
        "coordinates": [
          40.5089801,
          21.37847913
        ],
        "type": "Point"
      },
      "properties": {
        "chainage_m": 116.6,
        "civil_class": "elevated",
        "investigation_flags": [
          "fine-soil-plasticity-and-shrink-swell-tests",
          "granular-density-and-groundwater-tests"
        ],
        "lat": 21.37847913,
        "line": "line-10",
        "lon": 40.5089801,
        "sample_id": "segment:line-10-civil-083:0000",
        "scope_id": "line-10-civil-083",
        "scope_type": "civil_segment"
      },
      "type": "Feature"
    },
    {
      "geometry": {
        "coordinates": [
          40.50704976,
          21.37667929
        ],
        "type": "Point"
      },
      "properties": {
        "chainage_m": 399.45,
        "civil_class": "elevated",
        "investigation_flags": [
          "fine-soil-plasticity-and-shrink-swell-tests",
          "granular-density-and-groundwater-tests"
        ],
        "lat": 21.37667929,
        "line": "line-10",
        "lon": 40.50704976,
        "sample_id": "segment:line-10-civil-083:0001",
        "scope_id": "line-10-civil-083",
        "scope_type": "civil_segment"
      },
      "type": "Feature"
    },
    {
      "geometry": {
        "coordinates": [
          40.50511943,
          21.37487947
        ],
        "type": "Point"
      },
      "properties": {
        "chainage_m": 682.3,
        "civil_class": "elevated",
        "investigation_flags": [
          "fine-soil-plasticity-and-shrink-swell-tests",
          "granular-density-and-groundwater-tests"
        ],
        "lat": 21.37487947,
        "line": "line-10",
        "lon": 40.50511943,
        "sample_id": "segment:line-10-civil-083:0002",
        "scope_id": "line-10-civil-083",
        "scope_type": "civil_segment"
      },
      "type": "Feature"
    },
    {
      "geometry": {
        "coordinates": [
          40.50511943,
          21.37487947
        ],
        "type": "Point"
      },
      "properties": {
        "chainage_m": 682.3,
        "civil_class": "at-grade",
        "investigation_flags": [
          "fine-soil-plasticity-and-shrink-swell-tests",
          "granular-density-and-groundwater-tests"
        ],
        "lat": 21.37487947,
        "line": "line-10",
        "lon": 40.50511943,
        "sample_id": "segment:line-10-civil-084:0000",
        "scope_id": "line-10-civil-084",
        "scope_type": "civil_segment"
      },
      "type": "Feature"
    },
    {
      "geometry": {
        "coordinates": [
          40.49828576,
          21.3685078
        ],
        "type": "Point"
      },
      "properties": {
        "chainage_m": 1684.556,
        "civil_class": "at-grade",
        "investigation_flags": [
          "fine-soil-plasticity-and-shrink-swell-tests",
          "granular-density-and-groundwater-tests"
        ],
        "lat": 21.3685078,
        "line": "line-10",
        "lon": 40.49828576,
        "sample_id": "segment:line-10-civil-084:0001",
        "scope_id": "line-10-civil-084",
        "scope_type": "civil_segment"
      },
      "type": "Feature"
    },
    {
      "geometry": {
        "coordinates": [
          40.49460807,
          21.36507875
        ],
        "type": "Point"
      },
      "properties": {
        "chainage_m": 2223.95,
        "civil_class": "at-grade",
        "investigation_flags": [
          "fine-soil-plasticity-and-shrink-swell-tests",
          "granular-density-and-groundwater-tests"
        ],
        "lat": 21.36507875,
        "line": "line-10",
        "lon": 40.49460807,
        "sample_id": "segment:line-10-civil-084:0002",
        "scope_id": "line-10-civil-084",
        "scope_type": "civil_segment"
      },
      "type": "Feature"
    },
    {
      "geometry": {
        "coordinates": [
          40.49122329,
          21.36285938
        ],
        "type": "Point"
      },
      "properties": {
        "chainage_m": 2686.812,
        "civil_class": "at-grade",
        "investigation_flags": [
          "fine-soil-plasticity-and-shrink-swell-tests",
          "granular-density-and-groundwater-tests"
        ],
        "lat": 21.36285938,
        "line": "line-10",
        "lon": 40.49122329,
        "sample_id": "segment:line-10-civil-084:0003",
        "scope_id": "line-10-civil-084",
        "scope_type": "civil_segment"
      },
      "type": "Feature"
    },
    {
      "geometry": {
        "coordinates": [
          40.49122329,
          21.35382773
        ],
        "type": "Point"
      },
      "properties": {
        "chainage_m": 3689.068,
        "civil_class": "at-grade",
        "investigation_flags": [
          "fine-soil-plasticity-and-shrink-swell-tests",
          "granular-density-and-groundwater-tests"
        ],
        "lat": 21.35382773,
        "line": "line-10",
        "lon": 40.49122329,
        "sample_id": "segment:line-10-civil-084:0004",
        "scope_id": "line-10-civil-084",
        "scope_type": "civil_segment"
      },
      "type": "Feature"
    },
    {
      "geometry": {
        "coordinates": [
          40.49160634,
          21.3532872
        ],
        "type": "Point"
      },
      "properties": {
        "chainage_m": 3765.6,
        "civil_class": "at-grade",
        "investigation_flags": [
          "fine-soil-plasticity-and-shrink-swell-tests",
          "granular-density-and-groundwater-tests"
        ],
        "lat": 21.3532872,
        "line": "line-10",
        "lon": 40.49160634,
        "sample_id": "segment:line-10-civil-084:0005",
        "scope_id": "line-10-civil-084",
        "scope_type": "civil_segment"
      },
      "type": "Feature"
    },
    {
      "geometry": {
        "coordinates": [
          40.49160634,
          21.3532872
        ],
        "type": "Point"
      },
      "properties": {
        "chainage_m": 3765.6,
        "civil_class": "bridge",
        "investigation_flags": [
          "fine-soil-plasticity-and-shrink-swell-tests",
          "granular-density-and-groundwater-tests"
        ],
        "lat": 21.3532872,
        "line": "line-10",
        "lon": 40.49160634,
        "sample_id": "segment:line-10-civil-085:0000",
        "scope_id": "line-10-civil-085",
        "scope_type": "civil_segment"
      },
      "type": "Feature"
    },
    {
      "geometry": {
        "coordinates": [
          40.49199227,
          21.35292736
        ],
        "type": "Point"
      },
      "properties": {
        "chainage_m": 3822.15,
        "civil_class": "bridge",
        "investigation_flags": [
          "fine-soil-plasticity-and-shrink-swell-tests",
          "granular-density-and-groundwater-tests"
        ],
        "lat": 21.35292736,
        "line": "line-10",
        "lon": 40.49199227,
        "sample_id": "segment:line-10-civil-085:0001",
        "scope_id": "line-10-civil-085",
        "scope_type": "civil_segment"
      },
      "type": "Feature"
    },
    {
      "geometry": {
        "coordinates": [
          40.4923782,
          21.35256753
        ],
        "type": "Point"
      },
      "properties": {
        "chainage_m": 3878.7,
        "civil_class": "bridge",
        "investigation_flags": [
          "fine-soil-plasticity-and-shrink-swell-tests",
          "granular-density-and-groundwater-tests"
        ],
        "lat": 21.35256753,
        "line": "line-10",
        "lon": 40.4923782,
        "sample_id": "segment:line-10-civil-085:0002",
        "scope_id": "line-10-civil-085",
        "scope_type": "civil_segment"
      },
      "type": "Feature"
    },
    {
      "geometry": {
        "coordinates": [
          40.4923782,
          21.35256753
        ],
        "type": "Point"
      },
      "properties": {
        "chainage_m": 3878.7,
        "civil_class": "at-grade",
        "investigation_flags": [
          "fine-soil-plasticity-and-shrink-swell-tests",
          "granular-density-and-groundwater-tests"
        ],
        "lat": 21.35256753,
        "line": "line-10",
        "lon": 40.4923782,
        "sample_id": "segment:line-10-civil-086:0000",
        "scope_id": "line-10-civil-086",
        "scope_type": "civil_segment"
      },
      "type": "Feature"
    },
    {
      "geometry": {
        "coordinates": [
          40.49071609,
          21.34849233
        ],
        "type": "Point"
      },
      "properties": {
        "chainage_m": 4879.428,
        "civil_class": "at-grade",
        "investigation_flags": [
          "fine-soil-plasticity-and-shrink-swell-tests",
          "granular-density-and-groundwater-tests"
        ],
        "lat": 21.34849233,
        "line": "line-10",
        "lon": 40.49071609,
        "sample_id": "segment:line-10-civil-086:0001",
        "scope_id": "line-10-civil-086",
        "scope_type": "civil_segment"
      },
      "type": "Feature"
    },
    {
      "geometry": {
        "coordinates": [
          40.49004337,
          21.34786509
        ],
        "type": "Point"
      },
      "properties": {
        "chainage_m": 4977.95,
        "civil_class": "at-grade",
        "investigation_flags": [
          "fine-soil-plasticity-and-shrink-swell-tests",
          "granular-density-and-groundwater-tests"
        ],
        "lat": 21.34786509,
        "line": "line-10",
        "lon": 40.49004337,
        "sample_id": "segment:line-10-civil-086:0002",
        "scope_id": "line-10-civil-086",
        "scope_type": "civil_segment"
      },
      "type": "Feature"
    },
    {
      "geometry": {
        "coordinates": [
          40.48388302,
          21.34212122
        ],
        "type": "Point"
      },
      "properties": {
        "chainage_m": 5880.155,
        "civil_class": "at-grade",
        "investigation_flags": [
          "fine-soil-plasticity-and-shrink-swell-tests",
          "granular-density-and-groundwater-tests"
        ],
        "lat": 21.34212122,
        "line": "line-10",
        "lon": 40.48388302,
        "sample_id": "segment:line-10-civil-086:0003",
        "scope_id": "line-10-civil-086",
        "scope_type": "civil_segment"
      },
      "type": "Feature"
    },
    {
      "geometry": {
        "coordinates": [
          40.4825376,
          21.34086676
        ],
        "type": "Point"
      },
      "properties": {
        "chainage_m": 6077.2,
        "civil_class": "at-grade",
        "investigation_flags": [
          "granular-density-and-groundwater-tests"
        ],
        "lat": 21.34086676,
        "line": "line-10",
        "lon": 40.4825376,
        "sample_id": "segment:line-10-civil-086:0004",
        "scope_id": "line-10-civil-086",
        "scope_type": "civil_segment"
      },
      "type": "Feature"
    },
    {
      "geometry": {
        "coordinates": [
          40.48910012,
          21.45640504
        ],
        "type": "Point"
      },
      "properties": {
        "chainage_m": 0.0,
        "civil_class": "elevated",
        "investigation_flags": [
          "fine-soil-plasticity-and-shrink-swell-tests",
          "granular-density-and-groundwater-tests"
        ],
        "lat": 21.45640504,
        "line": "line-11",
        "lon": 40.48910012,
        "sample_id": "segment:line-11-civil-087:0000",
        "scope_id": "line-11-civil-087",
        "scope_type": "civil_segment"
      },
      "type": "Feature"
    },
    {
      "geometry": {
        "coordinates": [
          40.48919671,
          21.45640504
        ],
        "type": "Point"
      },
      "properties": {
        "chainage_m": 10.0,
        "civil_class": "elevated",
        "investigation_flags": [
          "fine-soil-plasticity-and-shrink-swell-tests",
          "granular-density-and-groundwater-tests"
        ],
        "lat": 21.45640504,
        "line": "line-11",
        "lon": 40.48919671,
        "sample_id": "segment:line-11-civil-087:0001",
        "scope_id": "line-11-civil-087",
        "scope_type": "civil_segment"
      },
      "type": "Feature"
    },
    {
      "geometry": {
        "coordinates": [
          40.4892933,
          21.45640504
        ],
        "type": "Point"
      },
      "properties": {
        "chainage_m": 20.0,
        "civil_class": "elevated",
        "investigation_flags": [
          "fine-soil-plasticity-and-shrink-swell-tests",
          "granular-density-and-groundwater-tests"
        ],
        "lat": 21.45640504,
        "line": "line-11",
        "lon": 40.4892933,
        "sample_id": "segment:line-11-civil-087:0002",
        "scope_id": "line-11-civil-087",
        "scope_type": "civil_segment"
      },
      "type": "Feature"
    },
    {
      "geometry": {
        "coordinates": [
          40.4892933,
          21.45640504
        ],
        "type": "Point"
      },
      "properties": {
        "chainage_m": 20.0,
        "civil_class": "elevated",
        "investigation_flags": [
          "fine-soil-plasticity-and-shrink-swell-tests",
          "granular-density-and-groundwater-tests"
        ],
        "lat": 21.45640504,
        "line": "line-11",
        "lon": 40.4892933,
        "sample_id": "segment:line-11-civil-088:0000",
        "scope_id": "line-11-civil-088",
        "scope_type": "civil_segment"
      },
      "type": "Feature"
    },
    {
      "geometry": {
        "coordinates": [
          40.48948615,
          21.45649474
        ],
        "type": "Point"
      },
      "properties": {
        "chainage_m": 50.0,
        "civil_class": "elevated",
        "investigation_flags": [
          "fine-soil-plasticity-and-shrink-swell-tests",
          "granular-density-and-groundwater-tests"
        ],
        "lat": 21.45649474,
        "line": "line-11",
        "lon": 40.48948615,
        "sample_id": "segment:line-11-civil-088:0001",
        "scope_id": "line-11-civil-088",
        "scope_type": "civil_segment"
      },
      "type": "Feature"
    },
    {
      "geometry": {
        "coordinates": [
          40.48948616,
          21.45676497
        ],
        "type": "Point"
      },
      "properties": {
        "chainage_m": 80.0,
        "civil_class": "elevated",
        "investigation_flags": [
          "fine-soil-plasticity-and-shrink-swell-tests",
          "granular-density-and-groundwater-tests"
        ],
        "lat": 21.45676497,
        "line": "line-11",
        "lon": 40.48948616,
        "sample_id": "segment:line-11-civil-088:0002",
        "scope_id": "line-11-civil-088",
        "scope_type": "civil_segment"
      },
      "type": "Feature"
    },
    {
      "geometry": {
        "coordinates": [
          40.48948616,
          21.45676497
        ],
        "type": "Point"
      },
      "properties": {
        "chainage_m": 80.0,
        "civil_class": "elevated",
        "investigation_flags": [
          "fine-soil-plasticity-and-shrink-swell-tests",
          "granular-density-and-groundwater-tests"
        ],
        "lat": 21.45676497,
        "line": "line-11",
        "lon": 40.48948616,
        "sample_id": "segment:line-11-civil-089:0000",
        "scope_id": "line-11-civil-089",
        "scope_type": "civil_segment"
      },
      "type": "Feature"
    },
    {
      "geometry": {
        "coordinates": [
          40.48958275,
          21.45676497
        ],
        "type": "Point"
      },
      "properties": {
        "chainage_m": 90.0,
        "civil_class": "elevated",
        "investigation_flags": [
          "fine-soil-plasticity-and-shrink-swell-tests",
          "granular-density-and-groundwater-tests"
        ],
        "lat": 21.45676497,
        "line": "line-11",
        "lon": 40.48958275,
        "sample_id": "segment:line-11-civil-089:0001",
        "scope_id": "line-11-civil-089",
        "scope_type": "civil_segment"
      },
      "type": "Feature"
    },
    {
      "geometry": {
        "coordinates": [
          40.48967917,
          21.45676513
        ],
        "type": "Point"
      },
      "properties": {
        "chainage_m": 100.0,
        "civil_class": "elevated",
        "investigation_flags": [
          "fine-soil-plasticity-and-shrink-swell-tests",
          "granular-density-and-groundwater-tests"
        ],
        "lat": 21.45676513,
        "line": "line-11",
        "lon": 40.48967917,
        "sample_id": "segment:line-11-civil-089:0002",
        "scope_id": "line-11-civil-089",
        "scope_type": "civil_segment"
      },
      "type": "Feature"
    },
    {
      "geometry": {
        "coordinates": [
          40.48967917,
          21.45676513
        ],
        "type": "Point"
      },
      "properties": {
        "chainage_m": 100.0,
        "civil_class": "elevated",
        "investigation_flags": [
          "fine-soil-plasticity-and-shrink-swell-tests",
          "granular-density-and-groundwater-tests"
        ],
        "lat": 21.45676513,
        "line": "line-11",
        "lon": 40.48967917,
        "sample_id": "segment:line-11-civil-090:0000",
        "scope_id": "line-11-civil-090",
        "scope_type": "civil_segment"
      },
      "type": "Feature"
    },
    {
      "geometry": {
        "coordinates": [
          40.48967917,
          21.45685504
        ],
        "type": "Point"
      },
      "properties": {
        "chainage_m": 110.0,
        "civil_class": "elevated",
        "investigation_flags": [
          "fine-soil-plasticity-and-shrink-swell-tests",
          "granular-density-and-groundwater-tests"
        ],
        "lat": 21.45685504,
        "line": "line-11",
        "lon": 40.48967917,
        "sample_id": "segment:line-11-civil-090:0001",
        "scope_id": "line-11-civil-090",
        "scope_type": "civil_segment"
      },
      "type": "Feature"
    },
    {
      "geometry": {
        "coordinates": [
          40.48967917,
          21.45694495
        ],
        "type": "Point"
      },
      "properties": {
        "chainage_m": 120.0,
        "civil_class": "elevated",
        "investigation_flags": [
          "fine-soil-plasticity-and-shrink-swell-tests",
          "granular-density-and-groundwater-tests"
        ],
        "lat": 21.45694495,
        "line": "line-11",
        "lon": 40.48967917,
        "sample_id": "segment:line-11-civil-090:0002",
        "scope_id": "line-11-civil-090",
        "scope_type": "civil_segment"
      },
      "type": "Feature"
    },
    {
      "geometry": {
        "coordinates": [
          40.48967917,
          21.45694495
        ],
        "type": "Point"
      },
      "properties": {
        "chainage_m": 120.0,
        "civil_class": "elevated",
        "investigation_flags": [
          "fine-soil-plasticity-and-shrink-swell-tests",
          "granular-density-and-groundwater-tests"
        ],
        "lat": 21.45694495,
        "line": "line-11",
        "lon": 40.48967917,
        "sample_id": "segment:line-11-civil-091:0000",
        "scope_id": "line-11-civil-091",
        "scope_type": "civil_segment"
      },
      "type": "Feature"
    },
    {
      "geometry": {
        "coordinates": [
          40.48967917,
          21.45703486
        ],
        "type": "Point"
      },
      "properties": {
        "chainage_m": 130.0,
        "civil_class": "elevated",
        "investigation_flags": [
          "fine-soil-plasticity-and-shrink-swell-tests",
          "granular-density-and-groundwater-tests"
        ],
        "lat": 21.45703486,
        "line": "line-11",
        "lon": 40.48967917,
        "sample_id": "segment:line-11-civil-091:0001",
        "scope_id": "line-11-civil-091",
        "scope_type": "civil_segment"
      },
      "type": "Feature"
    },
    {
      "geometry": {
        "coordinates": [
          40.48967917,
          21.45712477
        ],
        "type": "Point"
      },
      "properties": {
        "chainage_m": 140.0,
        "civil_class": "elevated",
        "investigation_flags": [
          "fine-soil-plasticity-and-shrink-swell-tests",
          "granular-density-and-groundwater-tests"
        ],
        "lat": 21.45712477,
        "line": "line-11",
        "lon": 40.48967917,
        "sample_id": "segment:line-11-civil-091:0002",
        "scope_id": "line-11-civil-091",
        "scope_type": "civil_segment"
      },
      "type": "Feature"
    },
    {
      "geometry": {
        "coordinates": [
          40.48967917,
          21.45712477
        ],
        "type": "Point"
      },
      "properties": {
        "chainage_m": 140.0,
        "civil_class": "elevated",
        "investigation_flags": [
          "fine-soil-plasticity-and-shrink-swell-tests",
          "granular-density-and-groundwater-tests"
        ],
        "lat": 21.45712477,
        "line": "line-11",
        "lon": 40.48967917,
        "sample_id": "segment:line-11-civil-092:0000",
        "scope_id": "line-11-civil-092",
        "scope_type": "civil_segment"
      },
      "type": "Feature"
    },
    {
      "geometry": {
        "coordinates": [
          40.48977561,
          21.4571249
        ],
        "type": "Point"
      },
      "properties": {
        "chainage_m": 150.0,
        "civil_class": "elevated",
        "investigation_flags": [
          "fine-soil-plasticity-and-shrink-swell-tests",
          "granular-density-and-groundwater-tests"
        ],
        "lat": 21.4571249,
        "line": "line-11",
        "lon": 40.48977561,
        "sample_id": "segment:line-11-civil-092:0001",
        "scope_id": "line-11-civil-092",
        "scope_type": "civil_segment"
      },
      "type": "Feature"
    },
    {
      "geometry": {
        "coordinates": [
          40.48987218,
          21.45712492
        ],
        "type": "Point"
      },
      "properties": {
        "chainage_m": 160.0,
        "civil_class": "elevated",
        "investigation_flags": [
          "fine-soil-plasticity-and-shrink-swell-tests",
          "granular-density-and-groundwater-tests"
        ],
        "lat": 21.45712492,
        "line": "line-11",
        "lon": 40.48987218,
        "sample_id": "segment:line-11-civil-092:0002",
        "scope_id": "line-11-civil-092",
        "scope_type": "civil_segment"
      },
      "type": "Feature"
    },
    {
      "geometry": {
        "coordinates": [
          40.48987218,
          21.45712492
        ],
        "type": "Point"
      },
      "properties": {
        "chainage_m": 160.0,
        "civil_class": "elevated",
        "investigation_flags": [
          "fine-soil-plasticity-and-shrink-swell-tests",
          "granular-density-and-groundwater-tests"
        ],
        "lat": 21.45712492,
        "line": "line-11",
        "lon": 40.48987218,
        "sample_id": "segment:line-11-civil-093:0000",
        "scope_id": "line-11-civil-093",
        "scope_type": "civil_segment"
      },
      "type": "Feature"
    },
    {
      "geometry": {
        "coordinates": [
          40.48987259,
          21.45730487
        ],
        "type": "Point"
      },
      "properties": {
        "chainage_m": 180.0,
        "civil_class": "elevated",
        "investigation_flags": [
          "fine-soil-plasticity-and-shrink-swell-tests",
          "granular-density-and-groundwater-tests"
        ],
        "lat": 21.45730487,
        "line": "line-11",
        "lon": 40.48987259,
        "sample_id": "segment:line-11-civil-093:0001",
        "scope_id": "line-11-civil-093",
        "scope_type": "civil_segment"
      },
      "type": "Feature"
    },
    {
      "geometry": {
        "coordinates": [
          40.4900652,
          21.45730489
        ],
        "type": "Point"
      },
      "properties": {
        "chainage_m": 200.0,
        "civil_class": "elevated",
        "investigation_flags": [
          "fine-soil-plasticity-and-shrink-swell-tests",
          "granular-density-and-groundwater-tests"
        ],
        "lat": 21.45730489,
        "line": "line-11",
        "lon": 40.4900652,
        "sample_id": "segment:line-11-civil-093:0002",
        "scope_id": "line-11-civil-093",
        "scope_type": "civil_segment"
      },
      "type": "Feature"
    },
    {
      "geometry": {
        "coordinates": [
          40.4900652,
          21.45730489
        ],
        "type": "Point"
      },
      "properties": {
        "chainage_m": 200.0,
        "civil_class": "elevated",
        "investigation_flags": [
          "fine-soil-plasticity-and-shrink-swell-tests",
          "granular-density-and-groundwater-tests"
        ],
        "lat": 21.45730489,
        "line": "line-11",
        "lon": 40.4900652,
        "sample_id": "segment:line-11-civil-094:0000",
        "scope_id": "line-11-civil-094",
        "scope_type": "civil_segment"
      },
      "type": "Feature"
    },
    {
      "geometry": {
        "coordinates": [
          40.4900652,
          21.45739481
        ],
        "type": "Point"
      },
      "properties": {
        "chainage_m": 210.0,
        "civil_class": "elevated",
        "investigation_flags": [
          "fine-soil-plasticity-and-shrink-swell-tests",
          "granular-density-and-groundwater-tests"
        ],
        "lat": 21.45739481,
        "line": "line-11",
        "lon": 40.4900652,
        "sample_id": "segment:line-11-civil-094:0001",
        "scope_id": "line-11-civil-094",
        "scope_type": "civil_segment"
      },
      "type": "Feature"
    },
    {
      "geometry": {
        "coordinates": [
          40.4900652,
          21.45748472
        ],
        "type": "Point"
      },
      "properties": {
        "chainage_m": 220.0,
        "civil_class": "elevated",
        "investigation_flags": [
          "fine-soil-plasticity-and-shrink-swell-tests",
          "granular-density-and-groundwater-tests"
        ],
        "lat": 21.45748472,
        "line": "line-11",
        "lon": 40.4900652,
        "sample_id": "segment:line-11-civil-094:0002",
        "scope_id": "line-11-civil-094",
        "scope_type": "civil_segment"
      },
      "type": "Feature"
    },
    {
      "geometry": {
        "coordinates": [
          40.4900652,
          21.45748472
        ],
        "type": "Point"
      },
      "properties": {
        "chainage_m": 220.0,
        "civil_class": "elevated",
        "investigation_flags": [
          "fine-soil-plasticity-and-shrink-swell-tests",
          "granular-density-and-groundwater-tests"
        ],
        "lat": 21.45748472,
        "line": "line-11",
        "lon": 40.4900652,
        "sample_id": "segment:line-11-civil-095:0000",
        "scope_id": "line-11-civil-095",
        "scope_type": "civil_segment"
      },
      "type": "Feature"
    },
    {
      "geometry": {
        "coordinates": [
          40.4900652,
          21.45757463
        ],
        "type": "Point"
      },
      "properties": {
        "chainage_m": 230.0,
        "civil_class": "elevated",
        "investigation_flags": [
          "fine-soil-plasticity-and-shrink-swell-tests",
          "granular-density-and-groundwater-tests"
        ],
        "lat": 21.45757463,
        "line": "line-11",
        "lon": 40.4900652,
        "sample_id": "segment:line-11-civil-095:0001",
        "scope_id": "line-11-civil-095",
        "scope_type": "civil_segment"
      },
      "type": "Feature"
    },
    {
      "geometry": {
        "coordinates": [
          40.4900652,
          21.45766454
        ],
        "type": "Point"
      },
      "properties": {
        "chainage_m": 240.0,
        "civil_class": "elevated",
        "investigation_flags": [
          "fine-soil-plasticity-and-shrink-swell-tests",
          "granular-density-and-groundwater-tests"
        ],
        "lat": 21.45766454,
        "line": "line-11",
        "lon": 40.4900652,
        "sample_id": "segment:line-11-civil-095:0002",
        "scope_id": "line-11-civil-095",
        "scope_type": "civil_segment"
      },
      "type": "Feature"
    },
    {
      "geometry": {
        "coordinates": [
          40.4900652,
          21.45766454
        ],
        "type": "Point"
      },
      "properties": {
        "chainage_m": 240.0,
        "civil_class": "elevated",
        "investigation_flags": [
          "fine-soil-plasticity-and-shrink-swell-tests",
          "granular-density-and-groundwater-tests"
        ],
        "lat": 21.45766454,
        "line": "line-11",
        "lon": 40.4900652,
        "sample_id": "segment:line-11-civil-096:0000",
        "scope_id": "line-11-civil-096",
        "scope_type": "civil_segment"
      },
      "type": "Feature"
    },
    {
      "geometry": {
        "coordinates": [
          40.49025755,
          21.4576648
        ],
        "type": "Point"
      },
      "properties": {
        "chainage_m": 260.0,
        "civil_class": "elevated",
        "investigation_flags": [
          "fine-soil-plasticity-and-shrink-swell-tests",
          "granular-density-and-groundwater-tests"
        ],
        "lat": 21.4576648,
        "line": "line-11",
        "lon": 40.49025755,
        "sample_id": "segment:line-11-civil-096:0001",
        "scope_id": "line-11-civil-096",
        "scope_type": "civil_segment"
      },
      "type": "Feature"
    },
    {
      "geometry": {
        "coordinates": [
          40.49025821,
          21.45784451
        ],
        "type": "Point"
      },
      "properties": {
        "chainage_m": 280.0,
        "civil_class": "elevated",
        "investigation_flags": [
          "fine-soil-plasticity-and-shrink-swell-tests",
          "granular-density-and-groundwater-tests"
        ],
        "lat": 21.45784451,
        "line": "line-11",
        "lon": 40.49025821,
        "sample_id": "segment:line-11-civil-096:0002",
        "scope_id": "line-11-civil-096",
        "scope_type": "civil_segment"
      },
      "type": "Feature"
    },
    {
      "geometry": {
        "coordinates": [
          40.49025821,
          21.45784451
        ],
        "type": "Point"
      },
      "properties": {
        "chainage_m": 280.0,
        "civil_class": "elevated",
        "investigation_flags": [
          "fine-soil-plasticity-and-shrink-swell-tests",
          "granular-density-and-groundwater-tests"
        ],
        "lat": 21.45784451,
        "line": "line-11",
        "lon": 40.49025821,
        "sample_id": "segment:line-11-civil-097:0000",
        "scope_id": "line-11-civil-097",
        "scope_type": "civil_segment"
      },
      "type": "Feature"
    },
    {
      "geometry": {
        "coordinates": [
          40.49035491,
          21.45802473
        ],
        "type": "Point"
      },
      "properties": {
        "chainage_m": 310.0,
        "civil_class": "elevated",
        "investigation_flags": [
          "fine-soil-plasticity-and-shrink-swell-tests",
          "granular-density-and-groundwater-tests"
        ],
        "lat": 21.45802473,
        "line": "line-11",
        "lon": 40.49035491,
        "sample_id": "segment:line-11-civil-097:0001",
        "scope_id": "line-11-civil-097",
        "scope_type": "civil_segment"
      },
      "type": "Feature"
    },
    {
      "geometry": {
        "coordinates": [
          40.49064413,
          21.45802473
        ],
        "type": "Point"
      },
      "properties": {
        "chainage_m": 340.0,
        "civil_class": "elevated",
        "investigation_flags": [
          "fine-soil-plasticity-and-shrink-swell-tests",
          "granular-density-and-groundwater-tests"
        ],
        "lat": 21.45802473,
        "line": "line-11",
        "lon": 40.49064413,
        "sample_id": "segment:line-11-civil-097:0002",
        "scope_id": "line-11-civil-097",
        "scope_type": "civil_segment"
      },
      "type": "Feature"
    },
    {
      "geometry": {
        "coordinates": [
          40.49064413,
          21.45802473
        ],
        "type": "Point"
      },
      "properties": {
        "chainage_m": 340.0,
        "civil_class": "elevated",
        "investigation_flags": [
          "fine-soil-plasticity-and-shrink-swell-tests",
          "granular-density-and-groundwater-tests"
        ],
        "lat": 21.45802473,
        "line": "line-11",
        "lon": 40.49064413,
        "sample_id": "segment:line-11-civil-098:0000",
        "scope_id": "line-11-civil-098",
        "scope_type": "civil_segment"
      },
      "type": "Feature"
    },
    {
      "geometry": {
        "coordinates": [
          40.49083731,
          21.45802473
        ],
        "type": "Point"
      },
      "properties": {
        "chainage_m": 360.0,
        "civil_class": "elevated",
        "investigation_flags": [
          "fine-soil-plasticity-and-shrink-swell-tests",
          "granular-density-and-groundwater-tests"
        ],
        "lat": 21.45802473,
        "line": "line-11",
        "lon": 40.49083731,
        "sample_id": "segment:line-11-civil-098:0001",
        "scope_id": "line-11-civil-098",
        "scope_type": "civil_segment"
      },
      "type": "Feature"
    },
    {
      "geometry": {
        "coordinates": [
          40.49103048,
          21.45802473
        ],
        "type": "Point"
      },
      "properties": {
        "chainage_m": 380.0,
        "civil_class": "elevated",
        "investigation_flags": [
          "fine-soil-plasticity-and-shrink-swell-tests",
          "granular-density-and-groundwater-tests"
        ],
        "lat": 21.45802473,
        "line": "line-11",
        "lon": 40.49103048,
        "sample_id": "segment:line-11-civil-098:0002",
        "scope_id": "line-11-civil-098",
        "scope_type": "civil_segment"
      },
      "type": "Feature"
    },
    {
      "geometry": {
        "coordinates": [
          40.49103048,
          21.45802473
        ],
        "type": "Point"
      },
      "properties": {
        "chainage_m": 380.0,
        "civil_class": "elevated",
        "investigation_flags": [
          "fine-soil-plasticity-and-shrink-swell-tests",
          "granular-density-and-groundwater-tests"
        ],
        "lat": 21.45802473,
        "line": "line-11",
        "lon": 40.49103048,
        "sample_id": "segment:line-11-civil-099:0000",
        "scope_id": "line-11-civil-099",
        "scope_type": "civil_segment"
      },
      "type": "Feature"
    },
    {
      "geometry": {
        "coordinates": [
          40.4929617,
          21.45802473
        ],
        "type": "Point"
      },
      "properties": {
        "chainage_m": 580.0,
        "civil_class": "elevated",
        "investigation_flags": [
          "fine-soil-plasticity-and-shrink-swell-tests",
          "granular-density-and-groundwater-tests"
        ],
        "lat": 21.45802473,
        "line": "line-11",
        "lon": 40.4929617,
        "sample_id": "segment:line-11-civil-099:0001",
        "scope_id": "line-11-civil-099",
        "scope_type": "civil_segment"
      },
      "type": "Feature"
    },
    {
      "geometry": {
        "coordinates": [
          40.49470068,
          21.4582047
        ],
        "type": "Point"
      },
      "properties": {
        "chainage_m": 780.0,
        "civil_class": "elevated",
        "investigation_flags": [
          "fine-soil-plasticity-and-shrink-swell-tests",
          "granular-density-and-groundwater-tests"
        ],
        "lat": 21.4582047,
        "line": "line-11",
        "lon": 40.49470068,
        "sample_id": "segment:line-11-civil-099:0002",
        "scope_id": "line-11-civil-099",
        "scope_type": "civil_segment"
      },
      "type": "Feature"
    },
    {
      "geometry": {
        "coordinates": [
          40.49470068,
          21.4582047
        ],
        "type": "Point"
      },
      "properties": {
        "chainage_m": 780.0,
        "civil_class": "elevated",
        "investigation_flags": [
          "fine-soil-plasticity-and-shrink-swell-tests",
          "granular-density-and-groundwater-tests"
        ],
        "lat": 21.4582047,
        "line": "line-11",
        "lon": 40.49470068,
        "sample_id": "segment:line-11-civil-100:0000",
        "scope_id": "line-11-civil-100",
        "scope_type": "civil_segment"
      },
      "type": "Feature"
    },
    {
      "geometry": {
        "coordinates": [
          40.49479726,
          21.4582047
        ],
        "type": "Point"
      },
      "properties": {
        "chainage_m": 790.0,
        "civil_class": "elevated",
        "investigation_flags": [
          "fine-soil-plasticity-and-shrink-swell-tests",
          "granular-density-and-groundwater-tests"
        ],
        "lat": 21.4582047,
        "line": "line-11",
        "lon": 40.49479726,
        "sample_id": "segment:line-11-civil-100:0001",
        "scope_id": "line-11-civil-100",
        "scope_type": "civil_segment"
      },
      "type": "Feature"
    },
    {
      "geometry": {
        "coordinates": [
          40.49489058,
          21.45820775
        ],
        "type": "Point"
      },
      "properties": {
        "chainage_m": 800.0,
        "civil_class": "elevated",
        "investigation_flags": [
          "fine-soil-plasticity-and-shrink-swell-tests",
          "granular-density-and-groundwater-tests"
        ],
        "lat": 21.45820775,
        "line": "line-11",
        "lon": 40.49489058,
        "sample_id": "segment:line-11-civil-100:0002",
        "scope_id": "line-11-civil-100",
        "scope_type": "civil_segment"
      },
      "type": "Feature"
    },
    {
      "geometry": {
        "coordinates": [
          40.49489058,
          21.45820775
        ],
        "type": "Point"
      },
      "properties": {
        "chainage_m": 800.0,
        "civil_class": "elevated",
        "investigation_flags": [
          "fine-soil-plasticity-and-shrink-swell-tests",
          "granular-density-and-groundwater-tests"
        ],
        "lat": 21.45820775,
        "line": "line-11",
        "lon": 40.49489058,
        "sample_id": "segment:line-11-civil-101:0000",
        "scope_id": "line-11-civil-101",
        "scope_type": "civil_segment"
      },
      "type": "Feature"
    },
    {
      "geometry": {
        "coordinates": [
          40.49489058,
          21.45829767
        ],
        "type": "Point"
      },
      "properties": {
        "chainage_m": 810.0,
        "civil_class": "elevated",
        "investigation_flags": [
          "fine-soil-plasticity-and-shrink-swell-tests",
          "granular-density-and-groundwater-tests"
        ],
        "lat": 21.45829767,
        "line": "line-11",
        "lon": 40.49489058,
        "sample_id": "segment:line-11-civil-101:0001",
        "scope_id": "line-11-civil-101",
        "scope_type": "civil_segment"
      },
      "type": "Feature"
    },
    {
      "geometry": {
        "coordinates": [
          40.4948937,
          21.45838467
        ],
        "type": "Point"
      },
      "properties": {
        "chainage_m": 820.0,
        "civil_class": "elevated",
        "investigation_flags": [
          "fine-soil-plasticity-and-shrink-swell-tests",
          "granular-density-and-groundwater-tests"
        ],
        "lat": 21.45838467,
        "line": "line-11",
        "lon": 40.4948937,
        "sample_id": "segment:line-11-civil-101:0002",
        "scope_id": "line-11-civil-101",
        "scope_type": "civil_segment"
      },
      "type": "Feature"
    },
    {
      "geometry": {
        "coordinates": [
          40.4948937,
          21.45838467
        ],
        "type": "Point"
      },
      "properties": {
        "chainage_m": 820.0,
        "civil_class": "elevated",
        "investigation_flags": [
          "fine-soil-plasticity-and-shrink-swell-tests",
          "granular-density-and-groundwater-tests"
        ],
        "lat": 21.45838467,
        "line": "line-11",
        "lon": 40.4948937,
        "sample_id": "segment:line-11-civil-102:0000",
        "scope_id": "line-11-civil-102",
        "scope_type": "civil_segment"
      },
      "type": "Feature"
    },
    {
      "geometry": {
        "coordinates": [
          40.49499029,
          21.45838467
        ],
        "type": "Point"
      },
      "properties": {
        "chainage_m": 830.0,
        "civil_class": "elevated",
        "investigation_flags": [
          "fine-soil-plasticity-and-shrink-swell-tests",
          "granular-density-and-groundwater-tests"
        ],
        "lat": 21.45838467,
        "line": "line-11",
        "lon": 40.49499029,
        "sample_id": "segment:line-11-civil-102:0001",
        "scope_id": "line-11-civil-102",
        "scope_type": "civil_segment"
      },
      "type": "Feature"
    },
    {
      "geometry": {
        "coordinates": [
          40.49508688,
          21.45838467
        ],
        "type": "Point"
      },
      "properties": {
        "chainage_m": 840.0,
        "civil_class": "elevated",
        "investigation_flags": [
          "fine-soil-plasticity-and-shrink-swell-tests",
          "granular-density-and-groundwater-tests"
        ],
        "lat": 21.45838467,
        "line": "line-11",
        "lon": 40.49508688,
        "sample_id": "segment:line-11-civil-102:0002",
        "scope_id": "line-11-civil-102",
        "scope_type": "civil_segment"
      },
      "type": "Feature"
    },
    {
      "geometry": {
        "coordinates": [
          40.49508688,
          21.45838467
        ],
        "type": "Point"
      },
      "properties": {
        "chainage_m": 840.0,
        "civil_class": "elevated",
        "investigation_flags": [
          "fine-soil-plasticity-and-shrink-swell-tests",
          "granular-density-and-groundwater-tests"
        ],
        "lat": 21.45838467,
        "line": "line-11",
        "lon": 40.49508688,
        "sample_id": "segment:line-11-civil-103:0000",
        "scope_id": "line-11-civil-103",
        "scope_type": "civil_segment"
      },
      "type": "Feature"
    },
    {
      "geometry": {
        "coordinates": [
          40.49527661,
          21.45838737
        ],
        "type": "Point"
      },
      "properties": {
        "chainage_m": 860.0,
        "civil_class": "elevated",
        "investigation_flags": [
          "fine-soil-plasticity-and-shrink-swell-tests",
          "granular-density-and-groundwater-tests"
        ],
        "lat": 21.45838737,
        "line": "line-11",
        "lon": 40.49527661,
        "sample_id": "segment:line-11-civil-103:0001",
        "scope_id": "line-11-civil-103",
        "scope_type": "civil_segment"
      },
      "type": "Feature"
    },
    {
      "geometry": {
        "coordinates": [
          40.49527661,
          21.45856769
        ],
        "type": "Point"
      },
      "properties": {
        "chainage_m": 880.0,
        "civil_class": "elevated",
        "investigation_flags": [
          "fine-soil-plasticity-and-shrink-swell-tests",
          "granular-density-and-groundwater-tests"
        ],
        "lat": 21.45856769,
        "line": "line-11",
        "lon": 40.49527661,
        "sample_id": "segment:line-11-civil-103:0002",
        "scope_id": "line-11-civil-103",
        "scope_type": "civil_segment"
      },
      "type": "Feature"
    },
    {
      "geometry": {
        "coordinates": [
          40.49527661,
          21.45856769
        ],
        "type": "Point"
      },
      "properties": {
        "chainage_m": 880.0,
        "civil_class": "elevated",
        "investigation_flags": [
          "fine-soil-plasticity-and-shrink-swell-tests",
          "granular-density-and-groundwater-tests"
        ],
        "lat": 21.45856769,
        "line": "line-11",
        "lon": 40.49527661,
        "sample_id": "segment:line-11-civil-104:0000",
        "scope_id": "line-11-civil-104",
        "scope_type": "civil_segment"
      },
      "type": "Feature"
    },
    {
      "geometry": {
        "coordinates": [
          40.49527661,
          21.45865761
        ],
        "type": "Point"
      },
      "properties": {
        "chainage_m": 890.0,
        "civil_class": "elevated",
        "investigation_flags": [
          "fine-soil-plasticity-and-shrink-swell-tests",
          "granular-density-and-groundwater-tests"
        ],
        "lat": 21.45865761,
        "line": "line-11",
        "lon": 40.49527661,
        "sample_id": "segment:line-11-civil-104:0001",
        "scope_id": "line-11-civil-104",
        "scope_type": "civil_segment"
      },
      "type": "Feature"
    },
    {
      "geometry": {
        "coordinates": [
          40.49527974,
          21.4587446
        ],
        "type": "Point"
      },
      "properties": {
        "chainage_m": 900.0,
        "civil_class": "elevated",
        "investigation_flags": [
          "fine-soil-plasticity-and-shrink-swell-tests",
          "granular-density-and-groundwater-tests"
        ],
        "lat": 21.4587446,
        "line": "line-11",
        "lon": 40.49527974,
        "sample_id": "segment:line-11-civil-104:0002",
        "scope_id": "line-11-civil-104",
        "scope_type": "civil_segment"
      },
      "type": "Feature"
    },
    {
      "geometry": {
        "coordinates": [
          40.49527974,
          21.4587446
        ],
        "type": "Point"
      },
      "properties": {
        "chainage_m": 900.0,
        "civil_class": "elevated",
        "investigation_flags": [
          "fine-soil-plasticity-and-shrink-swell-tests",
          "granular-density-and-groundwater-tests"
        ],
        "lat": 21.4587446,
        "line": "line-11",
        "lon": 40.49527974,
        "sample_id": "segment:line-11-civil-105:0000",
        "scope_id": "line-11-civil-105",
        "scope_type": "civil_segment"
      },
      "type": "Feature"
    },
    {
      "geometry": {
        "coordinates": [
          40.49537632,
          21.4587446
        ],
        "type": "Point"
      },
      "properties": {
        "chainage_m": 910.0,
        "civil_class": "elevated",
        "investigation_flags": [
          "fine-soil-plasticity-and-shrink-swell-tests",
          "granular-density-and-groundwater-tests"
        ],
        "lat": 21.4587446,
        "line": "line-11",
        "lon": 40.49537632,
        "sample_id": "segment:line-11-civil-105:0001",
        "scope_id": "line-11-civil-105",
        "scope_type": "civil_segment"
      },
      "type": "Feature"
    },
    {
      "geometry": {
        "coordinates": [
          40.49546963,
          21.45874766
        ],
        "type": "Point"
      },
      "properties": {
        "chainage_m": 920.0,
        "civil_class": "elevated",
        "investigation_flags": [
          "fine-soil-plasticity-and-shrink-swell-tests",
          "granular-density-and-groundwater-tests"
        ],
        "lat": 21.45874766,
        "line": "line-11",
        "lon": 40.49546963,
        "sample_id": "segment:line-11-civil-105:0002",
        "scope_id": "line-11-civil-105",
        "scope_type": "civil_segment"
      },
      "type": "Feature"
    },
    {
      "geometry": {
        "coordinates": [
          40.49546963,
          21.45874766
        ],
        "type": "Point"
      },
      "properties": {
        "chainage_m": 920.0,
        "civil_class": "elevated",
        "investigation_flags": [
          "fine-soil-plasticity-and-shrink-swell-tests",
          "granular-density-and-groundwater-tests"
        ],
        "lat": 21.45874766,
        "line": "line-11",
        "lon": 40.49546963,
        "sample_id": "segment:line-11-civil-106:0000",
        "scope_id": "line-11-civil-106",
        "scope_type": "civil_segment"
      },
      "type": "Feature"
    },
    {
      "geometry": {
        "coordinates": [
          40.49546963,
          21.45883758
        ],
        "type": "Point"
      },
      "properties": {
        "chainage_m": 930.0,
        "civil_class": "elevated",
        "investigation_flags": [
          "fine-soil-plasticity-and-shrink-swell-tests",
          "granular-density-and-groundwater-tests"
        ],
        "lat": 21.45883758,
        "line": "line-11",
        "lon": 40.49546963,
        "sample_id": "segment:line-11-civil-106:0001",
        "scope_id": "line-11-civil-106",
        "scope_type": "civil_segment"
      },
      "type": "Feature"
    },
    {
      "geometry": {
        "coordinates": [
          40.49547276,
          21.45892457
        ],
        "type": "Point"
      },
      "properties": {
        "chainage_m": 940.0,
        "civil_class": "elevated",
        "investigation_flags": [
          "fine-soil-plasticity-and-shrink-swell-tests",
          "granular-density-and-groundwater-tests"
        ],
        "lat": 21.45892457,
        "line": "line-11",
        "lon": 40.49547276,
        "sample_id": "segment:line-11-civil-106:0002",
        "scope_id": "line-11-civil-106",
        "scope_type": "civil_segment"
      },
      "type": "Feature"
    },
    {
      "geometry": {
        "coordinates": [
          40.49547276,
          21.45892457
        ],
        "type": "Point"
      },
      "properties": {
        "chainage_m": 940.0,
        "civil_class": "elevated",
        "investigation_flags": [
          "fine-soil-plasticity-and-shrink-swell-tests",
          "granular-density-and-groundwater-tests"
        ],
        "lat": 21.45892457,
        "line": "line-11",
        "lon": 40.49547276,
        "sample_id": "segment:line-11-civil-107:0000",
        "scope_id": "line-11-civil-107",
        "scope_type": "civil_segment"
      },
      "type": "Feature"
    },
    {
      "geometry": {
        "coordinates": [
          40.49556934,
          21.45892457
        ],
        "type": "Point"
      },
      "properties": {
        "chainage_m": 950.0,
        "civil_class": "elevated",
        "investigation_flags": [
          "fine-soil-plasticity-and-shrink-swell-tests",
          "granular-density-and-groundwater-tests"
        ],
        "lat": 21.45892457,
        "line": "line-11",
        "lon": 40.49556934,
        "sample_id": "segment:line-11-civil-107:0001",
        "scope_id": "line-11-civil-107",
        "scope_type": "civil_segment"
      },
      "type": "Feature"
    },
    {
      "geometry": {
        "coordinates": [
          40.49566264,
          21.45892763
        ],
        "type": "Point"
      },
      "properties": {
        "chainage_m": 960.0,
        "civil_class": "elevated",
        "investigation_flags": [
          "fine-soil-plasticity-and-shrink-swell-tests",
          "granular-density-and-groundwater-tests"
        ],
        "lat": 21.45892763,
        "line": "line-11",
        "lon": 40.49566264,
        "sample_id": "segment:line-11-civil-107:0002",
        "scope_id": "line-11-civil-107",
        "scope_type": "civil_segment"
      },
      "type": "Feature"
    },
    {
      "geometry": {
        "coordinates": [
          40.49566264,
          21.45892763
        ],
        "type": "Point"
      },
      "properties": {
        "chainage_m": 960.0,
        "civil_class": "elevated",
        "investigation_flags": [
          "fine-soil-plasticity-and-shrink-swell-tests",
          "granular-density-and-groundwater-tests"
        ],
        "lat": 21.45892763,
        "line": "line-11",
        "lon": 40.49566264,
        "sample_id": "segment:line-11-civil-108:0000",
        "scope_id": "line-11-civil-108",
        "scope_type": "civil_segment"
      },
      "type": "Feature"
    },
    {
      "geometry": {
        "coordinates": [
          40.49566264,
          21.45910746
        ],
        "type": "Point"
      },
      "properties": {
        "chainage_m": 980.0,
        "civil_class": "elevated",
        "investigation_flags": [
          "fine-soil-plasticity-and-shrink-swell-tests",
          "granular-density-and-groundwater-tests"
        ],
        "lat": 21.45910746,
        "line": "line-11",
        "lon": 40.49566264,
        "sample_id": "segment:line-11-civil-108:0001",
        "scope_id": "line-11-civil-108",
        "scope_type": "civil_segment"
      },
      "type": "Feature"
    },
    {
      "geometry": {
        "coordinates": [
          40.49566563,
          21.4592845
        ],
        "type": "Point"
      },
      "properties": {
        "chainage_m": 1000.0,
        "civil_class": "elevated",
        "investigation_flags": [
          "fine-soil-plasticity-and-shrink-swell-tests",
          "granular-density-and-groundwater-tests"
        ],
        "lat": 21.4592845,
        "line": "line-11",
        "lon": 40.49566563,
        "sample_id": "segment:line-11-civil-108:0002",
        "scope_id": "line-11-civil-108",
        "scope_type": "civil_segment"
      },
      "type": "Feature"
    },
    {
      "geometry": {
        "coordinates": [
          40.49566563,
          21.4592845
        ],
        "type": "Point"
      },
      "properties": {
        "chainage_m": 1000.0,
        "civil_class": "elevated",
        "investigation_flags": [
          "fine-soil-plasticity-and-shrink-swell-tests",
          "granular-density-and-groundwater-tests"
        ],
        "lat": 21.4592845,
        "line": "line-11",
        "lon": 40.49566563,
        "sample_id": "segment:line-11-civil-109:0000",
        "scope_id": "line-11-civil-109",
        "scope_type": "civil_segment"
      },
      "type": "Feature"
    },
    {
      "geometry": {
        "coordinates": [
          40.49576221,
          21.4592845
        ],
        "type": "Point"
      },
      "properties": {
        "chainage_m": 1010.0,
        "civil_class": "elevated",
        "investigation_flags": [
          "fine-soil-plasticity-and-shrink-swell-tests",
          "granular-density-and-groundwater-tests"
        ],
        "lat": 21.4592845,
        "line": "line-11",
        "lon": 40.49576221,
        "sample_id": "segment:line-11-civil-109:0001",
        "scope_id": "line-11-civil-109",
        "scope_type": "civil_segment"
      },
      "type": "Feature"
    },
    {
      "geometry": {
        "coordinates": [
          40.49585566,
          21.45928743
        ],
        "type": "Point"
      },
      "properties": {
        "chainage_m": 1020.0,
        "civil_class": "elevated",
        "investigation_flags": [
          "fine-soil-plasticity-and-shrink-swell-tests",
          "granular-density-and-groundwater-tests"
        ],
        "lat": 21.45928743,
        "line": "line-11",
        "lon": 40.49585566,
        "sample_id": "segment:line-11-civil-109:0002",
        "scope_id": "line-11-civil-109",
        "scope_type": "civil_segment"
      },
      "type": "Feature"
    },
    {
      "geometry": {
        "coordinates": [
          40.49585566,
          21.45928743
        ],
        "type": "Point"
      },
      "properties": {
        "chainage_m": 1020.0,
        "civil_class": "elevated",
        "investigation_flags": [
          "fine-soil-plasticity-and-shrink-swell-tests",
          "granular-density-and-groundwater-tests"
        ],
        "lat": 21.45928743,
        "line": "line-11",
        "lon": 40.49585566,
        "sample_id": "segment:line-11-civil-110:0000",
        "scope_id": "line-11-civil-110",
        "scope_type": "civil_segment"
      },
      "type": "Feature"
    },
    {
      "geometry": {
        "coordinates": [
          40.49585566,
          21.45973749
        ],
        "type": "Point"
      },
      "properties": {
        "chainage_m": 1070.0,
        "civil_class": "elevated",
        "investigation_flags": [
          "fine-soil-plasticity-and-shrink-swell-tests",
          "granular-density-and-groundwater-tests"
        ],
        "lat": 21.45973749,
        "line": "line-11",
        "lon": 40.49585566,
        "sample_id": "segment:line-11-civil-110:0001",
        "scope_id": "line-11-civil-110",
        "scope_type": "civil_segment"
      },
      "type": "Feature"
    },
    {
      "geometry": {
        "coordinates": [
          40.49604867,
          21.46000686
        ],
        "type": "Point"
      },
      "properties": {
        "chainage_m": 1120.0,
        "civil_class": "elevated",
        "investigation_flags": [
          "fine-soil-plasticity-and-shrink-swell-tests",
          "granular-density-and-groundwater-tests"
        ],
        "lat": 21.46000686,
        "line": "line-11",
        "lon": 40.49604867,
        "sample_id": "segment:line-11-civil-110:0002",
        "scope_id": "line-11-civil-110",
        "scope_type": "civil_segment"
      },
      "type": "Feature"
    },
    {
      "geometry": {
        "coordinates": [
          40.49604867,
          21.46000686
        ],
        "type": "Point"
      },
      "properties": {
        "chainage_m": 1120.0,
        "civil_class": "elevated",
        "investigation_flags": [
          "fine-soil-plasticity-and-shrink-swell-tests",
          "granular-density-and-groundwater-tests"
        ],
        "lat": 21.46000686,
        "line": "line-11",
        "lon": 40.49604867,
        "sample_id": "segment:line-11-civil-111:0000",
        "scope_id": "line-11-civil-111",
        "scope_type": "civil_segment"
      },
      "type": "Feature"
    },
    {
      "geometry": {
        "coordinates": [
          40.49604867,
          21.46009678
        ],
        "type": "Point"
      },
      "properties": {
        "chainage_m": 1130.0,
        "civil_class": "elevated",
        "investigation_flags": [
          "fine-soil-plasticity-and-shrink-swell-tests",
          "granular-density-and-groundwater-tests"
        ],
        "lat": 21.46009678,
        "line": "line-11",
        "lon": 40.49604867,
        "sample_id": "segment:line-11-civil-111:0001",
        "scope_id": "line-11-civil-111",
        "scope_type": "civil_segment"
      },
      "type": "Feature"
    },
    {
      "geometry": {
        "coordinates": [
          40.4960512,
          21.46018433
        ],
        "type": "Point"
      },
      "properties": {
        "chainage_m": 1140.0,
        "civil_class": "elevated",
        "investigation_flags": [
          "fine-soil-plasticity-and-shrink-swell-tests",
          "granular-density-and-groundwater-tests"
        ],
        "lat": 21.46018433,
        "line": "line-11",
        "lon": 40.4960512,
        "sample_id": "segment:line-11-civil-111:0002",
        "scope_id": "line-11-civil-111",
        "scope_type": "civil_segment"
      },
      "type": "Feature"
    },
    {
      "geometry": {
        "coordinates": [
          40.4960512,
          21.46018433
        ],
        "type": "Point"
      },
      "properties": {
        "chainage_m": 1140.0,
        "civil_class": "elevated",
        "investigation_flags": [
          "fine-soil-plasticity-and-shrink-swell-tests",
          "granular-density-and-groundwater-tests"
        ],
        "lat": 21.46018433,
        "line": "line-11",
        "lon": 40.4960512,
        "sample_id": "segment:line-11-civil-112:0000",
        "scope_id": "line-11-civil-112",
        "scope_type": "civil_segment"
      },
      "type": "Feature"
    },
    {
      "geometry": {
        "coordinates": [
          40.49614778,
          21.46018433
        ],
        "type": "Point"
      },
      "properties": {
        "chainage_m": 1150.0,
        "civil_class": "elevated",
        "investigation_flags": [
          "fine-soil-plasticity-and-shrink-swell-tests",
          "granular-density-and-groundwater-tests"
        ],
        "lat": 21.46018433,
        "line": "line-11",
        "lon": 40.49614778,
        "sample_id": "segment:line-11-civil-112:0001",
        "scope_id": "line-11-civil-112",
        "scope_type": "civil_segment"
      },
      "type": "Feature"
    },
    {
      "geometry": {
        "coordinates": [
          40.49624169,
          21.46018683
        ],
        "type": "Point"
      },
      "properties": {
        "chainage_m": 1160.0,
        "civil_class": "elevated",
        "investigation_flags": [
          "fine-soil-plasticity-and-shrink-swell-tests",
          "granular-density-and-groundwater-tests"
        ],
        "lat": 21.46018683,
        "line": "line-11",
        "lon": 40.49624169,
        "sample_id": "segment:line-11-civil-112:0002",
        "scope_id": "line-11-civil-112",
        "scope_type": "civil_segment"
      },
      "type": "Feature"
    },
    {
      "geometry": {
        "coordinates": [
          40.49624169,
          21.46018683
        ],
        "type": "Point"
      },
      "properties": {
        "chainage_m": 1160.0,
        "civil_class": "elevated",
        "investigation_flags": [
          "fine-soil-plasticity-and-shrink-swell-tests",
          "granular-density-and-groundwater-tests"
        ],
        "lat": 21.46018683,
        "line": "line-11",
        "lon": 40.49624169,
        "sample_id": "segment:line-11-civil-113:0000",
        "scope_id": "line-11-civil-113",
        "scope_type": "civil_segment"
      },
      "type": "Feature"
    },
    {
      "geometry": {
        "coordinates": [
          40.49624169,
          21.46027674
        ],
        "type": "Point"
      },
      "properties": {
        "chainage_m": 1170.0,
        "civil_class": "elevated",
        "investigation_flags": [
          "fine-soil-plasticity-and-shrink-swell-tests",
          "granular-density-and-groundwater-tests"
        ],
        "lat": 21.46027674,
        "line": "line-11",
        "lon": 40.49624169,
        "sample_id": "segment:line-11-civil-113:0001",
        "scope_id": "line-11-civil-113",
        "scope_type": "civil_segment"
      },
      "type": "Feature"
    },
    {
      "geometry": {
        "coordinates": [
          40.49624169,
          21.46036665
        ],
        "type": "Point"
      },
      "properties": {
        "chainage_m": 1180.0,
        "civil_class": "elevated",
        "investigation_flags": [
          "fine-soil-plasticity-and-shrink-swell-tests",
          "granular-density-and-groundwater-tests"
        ],
        "lat": 21.46036665,
        "line": "line-11",
        "lon": 40.49624169,
        "sample_id": "segment:line-11-civil-113:0002",
        "scope_id": "line-11-civil-113",
        "scope_type": "civil_segment"
      },
      "type": "Feature"
    },
    {
      "geometry": {
        "coordinates": [
          40.49624169,
          21.46036665
        ],
        "type": "Point"
      },
      "properties": {
        "chainage_m": 1180.0,
        "civil_class": "elevated",
        "investigation_flags": [
          "fine-soil-plasticity-and-shrink-swell-tests",
          "granular-density-and-groundwater-tests"
        ],
        "lat": 21.46036665,
        "line": "line-11",
        "lon": 40.49624169,
        "sample_id": "segment:line-11-civil-114:0000",
        "scope_id": "line-11-civil-114",
        "scope_type": "civil_segment"
      },
      "type": "Feature"
    },
    {
      "geometry": {
        "coordinates": [
          40.49624169,
          21.46045656
        ],
        "type": "Point"
      },
      "properties": {
        "chainage_m": 1190.0,
        "civil_class": "elevated",
        "investigation_flags": [
          "fine-soil-plasticity-and-shrink-swell-tests",
          "granular-density-and-groundwater-tests"
        ],
        "lat": 21.46045656,
        "line": "line-11",
        "lon": 40.49624169,
        "sample_id": "segment:line-11-civil-114:0001",
        "scope_id": "line-11-civil-114",
        "scope_type": "civil_segment"
      },
      "type": "Feature"
    },
    {
      "geometry": {
        "coordinates": [
          40.49624169,
          21.46054647
        ],
        "type": "Point"
      },
      "properties": {
        "chainage_m": 1200.0,
        "civil_class": "elevated",
        "investigation_flags": [
          "fine-soil-plasticity-and-shrink-swell-tests",
          "granular-density-and-groundwater-tests"
        ],
        "lat": 21.46054647,
        "line": "line-11",
        "lon": 40.49624169,
        "sample_id": "segment:line-11-civil-114:0002",
        "scope_id": "line-11-civil-114",
        "scope_type": "civil_segment"
      },
      "type": "Feature"
    },
    {
      "geometry": {
        "coordinates": [
          40.49624169,
          21.46054647
        ],
        "type": "Point"
      },
      "properties": {
        "chainage_m": 1200.0,
        "civil_class": "elevated",
        "investigation_flags": [
          "fine-soil-plasticity-and-shrink-swell-tests",
          "granular-density-and-groundwater-tests"
        ],
        "lat": 21.46054647,
        "line": "line-11",
        "lon": 40.49624169,
        "sample_id": "segment:line-11-civil-115:0000",
        "scope_id": "line-11-civil-115",
        "scope_type": "civil_segment"
      },
      "type": "Feature"
    },
    {
      "geometry": {
        "coordinates": [
          40.49634103,
          21.46072423
        ],
        "type": "Point"
      },
      "properties": {
        "chainage_m": 1230.0,
        "civil_class": "elevated",
        "investigation_flags": [
          "fine-soil-plasticity-and-shrink-swell-tests",
          "granular-density-and-groundwater-tests"
        ],
        "lat": 21.46072423,
        "line": "line-11",
        "lon": 40.49634103,
        "sample_id": "segment:line-11-civil-115:0001",
        "scope_id": "line-11-civil-115",
        "scope_type": "civil_segment"
      },
      "type": "Feature"
    },
    {
      "geometry": {
        "coordinates": [
          40.49663026,
          21.46072423
        ],
        "type": "Point"
      },
      "properties": {
        "chainage_m": 1260.0,
        "civil_class": "elevated",
        "investigation_flags": [
          "fine-soil-plasticity-and-shrink-swell-tests",
          "granular-density-and-groundwater-tests"
        ],
        "lat": 21.46072423,
        "line": "line-11",
        "lon": 40.49663026,
        "sample_id": "segment:line-11-civil-115:0002",
        "scope_id": "line-11-civil-115",
        "scope_type": "civil_segment"
      },
      "type": "Feature"
    },
    {
      "geometry": {
        "coordinates": [
          40.49663026,
          21.46072423
        ],
        "type": "Point"
      },
      "properties": {
        "chainage_m": 1260.0,
        "civil_class": "elevated",
        "investigation_flags": [
          "fine-soil-plasticity-and-shrink-swell-tests",
          "granular-density-and-groundwater-tests"
        ],
        "lat": 21.46072423,
        "line": "line-11",
        "lon": 40.49663026,
        "sample_id": "segment:line-11-civil-116:0000",
        "scope_id": "line-11-civil-116",
        "scope_type": "civil_segment"
      },
      "type": "Feature"
    },
    {
      "geometry": {
        "coordinates": [
          40.49682343,
          21.46072423
        ],
        "type": "Point"
      },
      "properties": {
        "chainage_m": 1280.0,
        "civil_class": "elevated",
        "investigation_flags": [
          "fine-soil-plasticity-and-shrink-swell-tests",
          "granular-density-and-groundwater-tests"
        ],
        "lat": 21.46072423,
        "line": "line-11",
        "lon": 40.49682343,
        "sample_id": "segment:line-11-civil-116:0001",
        "scope_id": "line-11-civil-116",
        "scope_type": "civil_segment"
      },
      "type": "Feature"
    },
    {
      "geometry": {
        "coordinates": [
          40.49701375,
          21.4607269
        ],
        "type": "Point"
      },
      "properties": {
        "chainage_m": 1300.0,
        "civil_class": "elevated",
        "investigation_flags": [
          "fine-soil-plasticity-and-shrink-swell-tests",
          "granular-density-and-groundwater-tests"
        ],
        "lat": 21.4607269,
        "line": "line-11",
        "lon": 40.49701375,
        "sample_id": "segment:line-11-civil-116:0002",
        "scope_id": "line-11-civil-116",
        "scope_type": "civil_segment"
      },
      "type": "Feature"
    },
    {
      "geometry": {
        "coordinates": [
          40.49701375,
          21.4607269
        ],
        "type": "Point"
      },
      "properties": {
        "chainage_m": 1300.0,
        "civil_class": "elevated",
        "investigation_flags": [
          "fine-soil-plasticity-and-shrink-swell-tests",
          "granular-density-and-groundwater-tests"
        ],
        "lat": 21.4607269,
        "line": "line-11",
        "lon": 40.49701375,
        "sample_id": "segment:line-11-civil-117:0000",
        "scope_id": "line-11-civil-117",
        "scope_type": "civil_segment"
      },
      "type": "Feature"
    },
    {
      "geometry": {
        "coordinates": [
          40.49701375,
          21.46081681
        ],
        "type": "Point"
      },
      "properties": {
        "chainage_m": 1310.0,
        "civil_class": "elevated",
        "investigation_flags": [
          "fine-soil-plasticity-and-shrink-swell-tests",
          "granular-density-and-groundwater-tests"
        ],
        "lat": 21.46081681,
        "line": "line-11",
        "lon": 40.49701375,
        "sample_id": "segment:line-11-civil-117:0001",
        "scope_id": "line-11-civil-117",
        "scope_type": "civil_segment"
      },
      "type": "Feature"
    },
    {
      "geometry": {
        "coordinates": [
          40.49701646,
          21.46090419
        ],
        "type": "Point"
      },
      "properties": {
        "chainage_m": 1320.0,
        "civil_class": "elevated",
        "investigation_flags": [
          "fine-soil-plasticity-and-shrink-swell-tests",
          "granular-density-and-groundwater-tests"
        ],
        "lat": 21.46090419,
        "line": "line-11",
        "lon": 40.49701646,
        "sample_id": "segment:line-11-civil-117:0002",
        "scope_id": "line-11-civil-117",
        "scope_type": "civil_segment"
      },
      "type": "Feature"
    },
    {
      "geometry": {
        "coordinates": [
          40.49701646,
          21.46090419
        ],
        "type": "Point"
      },
      "properties": {
        "chainage_m": 1320.0,
        "civil_class": "elevated",
        "investigation_flags": [
          "fine-soil-plasticity-and-shrink-swell-tests",
          "granular-density-and-groundwater-tests"
        ],
        "lat": 21.46090419,
        "line": "line-11",
        "lon": 40.49701646,
        "sample_id": "segment:line-11-civil-118:0000",
        "scope_id": "line-11-civil-118",
        "scope_type": "civil_segment"
      },
      "type": "Feature"
    },
    {
      "geometry": {
        "coordinates": [
          40.49711304,
          21.46090419
        ],
        "type": "Point"
      },
      "properties": {
        "chainage_m": 1330.0,
        "civil_class": "elevated",
        "investigation_flags": [
          "fine-soil-plasticity-and-shrink-swell-tests",
          "granular-density-and-groundwater-tests"
        ],
        "lat": 21.46090419,
        "line": "line-11",
        "lon": 40.49711304,
        "sample_id": "segment:line-11-civil-118:0001",
        "scope_id": "line-11-civil-118",
        "scope_type": "civil_segment"
      },
      "type": "Feature"
    },
    {
      "geometry": {
        "coordinates": [
          40.49720677,
          21.46090687
        ],
        "type": "Point"
      },
      "properties": {
        "chainage_m": 1340.0,
        "civil_class": "elevated",
        "investigation_flags": [
          "fine-soil-plasticity-and-shrink-swell-tests",
          "granular-density-and-groundwater-tests"
        ],
        "lat": 21.46090687,
        "line": "line-11",
        "lon": 40.49720677,
        "sample_id": "segment:line-11-civil-118:0002",
        "scope_id": "line-11-civil-118",
        "scope_type": "civil_segment"
      },
      "type": "Feature"
    },
    {
      "geometry": {
        "coordinates": [
          40.49720677,
          21.46090687
        ],
        "type": "Point"
      },
      "properties": {
        "chainage_m": 1340.0,
        "civil_class": "elevated",
        "investigation_flags": [
          "fine-soil-plasticity-and-shrink-swell-tests",
          "granular-density-and-groundwater-tests"
        ],
        "lat": 21.46090687,
        "line": "line-11",
        "lon": 40.49720677,
        "sample_id": "segment:line-11-civil-119:0000",
        "scope_id": "line-11-civil-119",
        "scope_type": "civil_segment"
      },
      "type": "Feature"
    },
    {
      "geometry": {
        "coordinates": [
          40.49720677,
          21.46099678
        ],
        "type": "Point"
      },
      "properties": {
        "chainage_m": 1350.0,
        "civil_class": "elevated",
        "investigation_flags": [
          "fine-soil-plasticity-and-shrink-swell-tests",
          "granular-density-and-groundwater-tests"
        ],
        "lat": 21.46099678,
        "line": "line-11",
        "lon": 40.49720677,
        "sample_id": "segment:line-11-civil-119:0001",
        "scope_id": "line-11-civil-119",
        "scope_type": "civil_segment"
      },
      "type": "Feature"
    },
    {
      "geometry": {
        "coordinates": [
          40.49720677,
          21.46108669
        ],
        "type": "Point"
      },
      "properties": {
        "chainage_m": 1360.0,
        "civil_class": "elevated",
        "investigation_flags": [
          "fine-soil-plasticity-and-shrink-swell-tests",
          "granular-density-and-groundwater-tests"
        ],
        "lat": 21.46108669,
        "line": "line-11",
        "lon": 40.49720677,
        "sample_id": "segment:line-11-civil-119:0002",
        "scope_id": "line-11-civil-119",
        "scope_type": "civil_segment"
      },
      "type": "Feature"
    },
    {
      "geometry": {
        "coordinates": [
          40.49720677,
          21.46108669
        ],
        "type": "Point"
      },
      "properties": {
        "chainage_m": 1360.0,
        "civil_class": "elevated",
        "investigation_flags": [
          "fine-soil-plasticity-and-shrink-swell-tests",
          "granular-density-and-groundwater-tests"
        ],
        "lat": 21.46108669,
        "line": "line-11",
        "lon": 40.49720677,
        "sample_id": "segment:line-11-civil-120:0000",
        "scope_id": "line-11-civil-120",
        "scope_type": "civil_segment"
      },
      "type": "Feature"
    },
    {
      "geometry": {
        "coordinates": [
          40.49720986,
          21.46126413
        ],
        "type": "Point"
      },
      "properties": {
        "chainage_m": 1380.0,
        "civil_class": "elevated",
        "investigation_flags": [
          "fine-soil-plasticity-and-shrink-swell-tests",
          "granular-density-and-groundwater-tests"
        ],
        "lat": 21.46126413,
        "line": "line-11",
        "lon": 40.49720986,
        "sample_id": "segment:line-11-civil-120:0001",
        "scope_id": "line-11-civil-120",
        "scope_type": "civil_segment"
      },
      "type": "Feature"
    },
    {
      "geometry": {
        "coordinates": [
          40.4974025,
          21.46126413
        ],
        "type": "Point"
      },
      "properties": {
        "chainage_m": 1400.0,
        "civil_class": "elevated",
        "investigation_flags": [
          "fine-soil-plasticity-and-shrink-swell-tests",
          "granular-density-and-groundwater-tests"
        ],
        "lat": 21.46126413,
        "line": "line-11",
        "lon": 40.4974025,
        "sample_id": "segment:line-11-civil-120:0002",
        "scope_id": "line-11-civil-120",
        "scope_type": "civil_segment"
      },
      "type": "Feature"
    },
    {
      "geometry": {
        "coordinates": [
          40.4974025,
          21.46126413
        ],
        "type": "Point"
      },
      "properties": {
        "chainage_m": 1400.0,
        "civil_class": "elevated",
        "investigation_flags": [
          "fine-soil-plasticity-and-shrink-swell-tests",
          "granular-density-and-groundwater-tests"
        ],
        "lat": 21.46126413,
        "line": "line-11",
        "lon": 40.4974025,
        "sample_id": "segment:line-11-civil-121:0000",
        "scope_id": "line-11-civil-121",
        "scope_type": "civil_segment"
      },
      "type": "Feature"
    },
    {
      "geometry": {
        "coordinates": [
          40.49749908,
          21.46126413
        ],
        "type": "Point"
      },
      "properties": {
        "chainage_m": 1410.0,
        "civil_class": "elevated",
        "investigation_flags": [
          "fine-soil-plasticity-and-shrink-swell-tests",
          "granular-density-and-groundwater-tests"
        ],
        "lat": 21.46126413,
        "line": "line-11",
        "lon": 40.49749908,
        "sample_id": "segment:line-11-civil-121:0001",
        "scope_id": "line-11-civil-121",
        "scope_type": "civil_segment"
      },
      "type": "Feature"
    },
    {
      "geometry": {
        "coordinates": [
          40.4975928,
          21.46126681
        ],
        "type": "Point"
      },
      "properties": {
        "chainage_m": 1420.0,
        "civil_class": "elevated",
        "investigation_flags": [
          "fine-soil-plasticity-and-shrink-swell-tests",
          "granular-density-and-groundwater-tests"
        ],
        "lat": 21.46126681,
        "line": "line-11",
        "lon": 40.4975928,
        "sample_id": "segment:line-11-civil-121:0002",
        "scope_id": "line-11-civil-121",
        "scope_type": "civil_segment"
      },
      "type": "Feature"
    },
    {
      "geometry": {
        "coordinates": [
          40.4975928,
          21.46126681
        ],
        "type": "Point"
      },
      "properties": {
        "chainage_m": 1420.0,
        "civil_class": "elevated",
        "investigation_flags": [
          "fine-soil-plasticity-and-shrink-swell-tests",
          "granular-density-and-groundwater-tests"
        ],
        "lat": 21.46126681,
        "line": "line-11",
        "lon": 40.4975928,
        "sample_id": "segment:line-11-civil-122:0000",
        "scope_id": "line-11-civil-122",
        "scope_type": "civil_segment"
      },
      "type": "Feature"
    },
    {
      "geometry": {
        "coordinates": [
          40.4975928,
          21.46135672
        ],
        "type": "Point"
      },
      "properties": {
        "chainage_m": 1430.0,
        "civil_class": "elevated",
        "investigation_flags": [
          "fine-soil-plasticity-and-shrink-swell-tests",
          "granular-density-and-groundwater-tests"
        ],
        "lat": 21.46135672,
        "line": "line-11",
        "lon": 40.4975928,
        "sample_id": "segment:line-11-civil-122:0001",
        "scope_id": "line-11-civil-122",
        "scope_type": "civil_segment"
      },
      "type": "Feature"
    },
    {
      "geometry": {
        "coordinates": [
          40.4975928,
          21.46144663
        ],
        "type": "Point"
      },
      "properties": {
        "chainage_m": 1440.0,
        "civil_class": "elevated",
        "investigation_flags": [
          "fine-soil-plasticity-and-shrink-swell-tests",
          "granular-density-and-groundwater-tests"
        ],
        "lat": 21.46144663,
        "line": "line-11",
        "lon": 40.4975928,
        "sample_id": "segment:line-11-civil-122:0002",
        "scope_id": "line-11-civil-122",
        "scope_type": "civil_segment"
      },
      "type": "Feature"
    },
    {
      "geometry": {
        "coordinates": [
          40.4975928,
          21.46144663
        ],
        "type": "Point"
      },
      "properties": {
        "chainage_m": 1440.0,
        "civil_class": "elevated",
        "investigation_flags": [
          "fine-soil-plasticity-and-shrink-swell-tests",
          "granular-density-and-groundwater-tests"
        ],
        "lat": 21.46144663,
        "line": "line-11",
        "lon": 40.4975928,
        "sample_id": "segment:line-11-civil-123:0000",
        "scope_id": "line-11-civil-123",
        "scope_type": "civil_segment"
      },
      "type": "Feature"
    },
    {
      "geometry": {
        "coordinates": [
          40.49759589,
          21.46162406
        ],
        "type": "Point"
      },
      "properties": {
        "chainage_m": 1460.0,
        "civil_class": "elevated",
        "investigation_flags": [
          "fine-soil-plasticity-and-shrink-swell-tests",
          "granular-density-and-groundwater-tests"
        ],
        "lat": 21.46162406,
        "line": "line-11",
        "lon": 40.49759589,
        "sample_id": "segment:line-11-civil-123:0001",
        "scope_id": "line-11-civil-123",
        "scope_type": "civil_segment"
      },
      "type": "Feature"
    },
    {
      "geometry": {
        "coordinates": [
          40.49778581,
          21.4616266
        ],
        "type": "Point"
      },
      "properties": {
        "chainage_m": 1480.0,
        "civil_class": "elevated",
        "investigation_flags": [
          "fine-soil-plasticity-and-shrink-swell-tests",
          "granular-density-and-groundwater-tests"
        ],
        "lat": 21.4616266,
        "line": "line-11",
        "lon": 40.49778581,
        "sample_id": "segment:line-11-civil-123:0002",
        "scope_id": "line-11-civil-123",
        "scope_type": "civil_segment"
      },
      "type": "Feature"
    },
    {
      "geometry": {
        "coordinates": [
          40.49778581,
          21.4616266
        ],
        "type": "Point"
      },
      "properties": {
        "chainage_m": 1480.0,
        "civil_class": "elevated",
        "investigation_flags": [
          "fine-soil-plasticity-and-shrink-swell-tests",
          "granular-density-and-groundwater-tests"
        ],
        "lat": 21.4616266,
        "line": "line-11",
        "lon": 40.49778581,
        "sample_id": "segment:line-11-civil-124:0000",
        "scope_id": "line-11-civil-124",
        "scope_type": "civil_segment"
      },
      "type": "Feature"
    },
    {
      "geometry": {
        "coordinates": [
          40.49778581,
          21.46171651
        ],
        "type": "Point"
      },
      "properties": {
        "chainage_m": 1490.0,
        "civil_class": "elevated",
        "investigation_flags": [
          "fine-soil-plasticity-and-shrink-swell-tests",
          "granular-density-and-groundwater-tests"
        ],
        "lat": 21.46171651,
        "line": "line-11",
        "lon": 40.49778581,
        "sample_id": "segment:line-11-civil-124:0001",
        "scope_id": "line-11-civil-124",
        "scope_type": "civil_segment"
      },
      "type": "Feature"
    },
    {
      "geometry": {
        "coordinates": [
          40.49778581,
          21.46180642
        ],
        "type": "Point"
      },
      "properties": {
        "chainage_m": 1500.0,
        "civil_class": "elevated",
        "investigation_flags": [
          "fine-soil-plasticity-and-shrink-swell-tests",
          "granular-density-and-groundwater-tests"
        ],
        "lat": 21.46180642,
        "line": "line-11",
        "lon": 40.49778581,
        "sample_id": "segment:line-11-civil-124:0002",
        "scope_id": "line-11-civil-124",
        "scope_type": "civil_segment"
      },
      "type": "Feature"
    },
    {
      "geometry": {
        "coordinates": [
          40.49778581,
          21.46180642
        ],
        "type": "Point"
      },
      "properties": {
        "chainage_m": 1500.0,
        "civil_class": "elevated",
        "investigation_flags": [
          "fine-soil-plasticity-and-shrink-swell-tests",
          "granular-density-and-groundwater-tests"
        ],
        "lat": 21.46180642,
        "line": "line-11",
        "lon": 40.49778581,
        "sample_id": "segment:line-11-civil-125:0000",
        "scope_id": "line-11-civil-125",
        "scope_type": "civil_segment"
      },
      "type": "Feature"
    },
    {
      "geometry": {
        "coordinates": [
          40.49778581,
          21.46189633
        ],
        "type": "Point"
      },
      "properties": {
        "chainage_m": 1510.0,
        "civil_class": "elevated",
        "investigation_flags": [
          "fine-soil-plasticity-and-shrink-swell-tests",
          "granular-density-and-groundwater-tests"
        ],
        "lat": 21.46189633,
        "line": "line-11",
        "lon": 40.49778581,
        "sample_id": "segment:line-11-civil-125:0001",
        "scope_id": "line-11-civil-125",
        "scope_type": "civil_segment"
      },
      "type": "Feature"
    },
    {
      "geometry": {
        "coordinates": [
          40.49778581,
          21.46198624
        ],
        "type": "Point"
      },
      "properties": {
        "chainage_m": 1520.0,
        "civil_class": "elevated",
        "investigation_flags": [
          "fine-soil-plasticity-and-shrink-swell-tests",
          "granular-density-and-groundwater-tests"
        ],
        "lat": 21.46198624,
        "line": "line-11",
        "lon": 40.49778581,
        "sample_id": "segment:line-11-civil-125:0002",
        "scope_id": "line-11-civil-125",
        "scope_type": "civil_segment"
      },
      "type": "Feature"
    },
    {
      "geometry": {
        "coordinates": [
          40.49778581,
          21.46198624
        ],
        "type": "Point"
      },
      "properties": {
        "chainage_m": 1520.0,
        "civil_class": "elevated",
        "investigation_flags": [
          "fine-soil-plasticity-and-shrink-swell-tests",
          "granular-density-and-groundwater-tests"
        ],
        "lat": 21.46198624,
        "line": "line-11",
        "lon": 40.49778581,
        "sample_id": "segment:line-11-civil-126:0000",
        "scope_id": "line-11-civil-126",
        "scope_type": "civil_segment"
      },
      "type": "Feature"
    },
    {
      "geometry": {
        "coordinates": [
          40.49778581,
          21.46279594
        ],
        "type": "Point"
      },
      "properties": {
        "chainage_m": 1610.0,
        "civil_class": "elevated",
        "investigation_flags": [
          "fine-soil-plasticity-and-shrink-swell-tests",
          "granular-density-and-groundwater-tests"
        ],
        "lat": 21.46279594,
        "line": "line-11",
        "lon": 40.49778581,
        "sample_id": "segment:line-11-civil-126:0001",
        "scope_id": "line-11-civil-126",
        "scope_type": "civil_segment"
      },
      "type": "Feature"
    },
    {
      "geometry": {
        "coordinates": [
          40.49797883,
          21.46342496
        ],
        "type": "Point"
      },
      "properties": {
        "chainage_m": 1700.0,
        "civil_class": "elevated",
        "investigation_flags": [
          "fine-soil-plasticity-and-shrink-swell-tests",
          "granular-density-and-groundwater-tests"
        ],
        "lat": 21.46342496,
        "line": "line-11",
        "lon": 40.49797883,
        "sample_id": "segment:line-11-civil-126:0002",
        "scope_id": "line-11-civil-126",
        "scope_type": "civil_segment"
      },
      "type": "Feature"
    },
    {
      "geometry": {
        "coordinates": [
          40.49797883,
          21.46342496
        ],
        "type": "Point"
      },
      "properties": {
        "chainage_m": 1700.0,
        "civil_class": "elevated",
        "investigation_flags": [
          "fine-soil-plasticity-and-shrink-swell-tests",
          "granular-density-and-groundwater-tests"
        ],
        "lat": 21.46342496,
        "line": "line-11",
        "lon": 40.49797883,
        "sample_id": "segment:line-11-civil-127:0000",
        "scope_id": "line-11-civil-127",
        "scope_type": "civil_segment"
      },
      "type": "Feature"
    },
    {
      "geometry": {
        "coordinates": [
          40.49798054,
          21.46360369
        ],
        "type": "Point"
      },
      "properties": {
        "chainage_m": 1720.0,
        "civil_class": "elevated",
        "investigation_flags": [
          "fine-soil-plasticity-and-shrink-swell-tests",
          "granular-density-and-groundwater-tests"
        ],
        "lat": 21.46360369,
        "line": "line-11",
        "lon": 40.49798054,
        "sample_id": "segment:line-11-civil-127:0001",
        "scope_id": "line-11-civil-127",
        "scope_type": "civil_segment"
      },
      "type": "Feature"
    },
    {
      "geometry": {
        "coordinates": [
          40.49817184,
          21.46360493
        ],
        "type": "Point"
      },
      "properties": {
        "chainage_m": 1740.0,
        "civil_class": "elevated",
        "investigation_flags": [
          "fine-soil-plasticity-and-shrink-swell-tests",
          "granular-density-and-groundwater-tests"
        ],
        "lat": 21.46360493,
        "line": "line-11",
        "lon": 40.49817184,
        "sample_id": "segment:line-11-civil-127:0002",
        "scope_id": "line-11-civil-127",
        "scope_type": "civil_segment"
      },
      "type": "Feature"
    },
    {
      "geometry": {
        "coordinates": [
          40.49817184,
          21.46360493
        ],
        "type": "Point"
      },
      "properties": {
        "chainage_m": 1740.0,
        "civil_class": "elevated",
        "investigation_flags": [
          "fine-soil-plasticity-and-shrink-swell-tests",
          "granular-density-and-groundwater-tests"
        ],
        "lat": 21.46360493,
        "line": "line-11",
        "lon": 40.49817184,
        "sample_id": "segment:line-11-civil-128:0000",
        "scope_id": "line-11-civil-128",
        "scope_type": "civil_segment"
      },
      "type": "Feature"
    },
    {
      "geometry": {
        "coordinates": [
          40.49817184,
          21.46369484
        ],
        "type": "Point"
      },
      "properties": {
        "chainage_m": 1750.0,
        "civil_class": "elevated",
        "investigation_flags": [
          "fine-soil-plasticity-and-shrink-swell-tests",
          "granular-density-and-groundwater-tests"
        ],
        "lat": 21.46369484,
        "line": "line-11",
        "lon": 40.49817184,
        "sample_id": "segment:line-11-civil-128:0001",
        "scope_id": "line-11-civil-128",
        "scope_type": "civil_segment"
      },
      "type": "Feature"
    },
    {
      "geometry": {
        "coordinates": [
          40.49817184,
          21.46378475
        ],
        "type": "Point"
      },
      "properties": {
        "chainage_m": 1760.0,
        "civil_class": "elevated",
        "investigation_flags": [
          "fine-soil-plasticity-and-shrink-swell-tests",
          "granular-density-and-groundwater-tests"
        ],
        "lat": 21.46378475,
        "line": "line-11",
        "lon": 40.49817184,
        "sample_id": "segment:line-11-civil-128:0002",
        "scope_id": "line-11-civil-128",
        "scope_type": "civil_segment"
      },
      "type": "Feature"
    },
    {
      "geometry": {
        "coordinates": [
          40.49817184,
          21.46378475
        ],
        "type": "Point"
      },
      "properties": {
        "chainage_m": 1760.0,
        "civil_class": "elevated",
        "investigation_flags": [
          "fine-soil-plasticity-and-shrink-swell-tests",
          "granular-density-and-groundwater-tests"
        ],
        "lat": 21.46378475,
        "line": "line-11",
        "lon": 40.49817184,
        "sample_id": "segment:line-11-civil-129:0000",
        "scope_id": "line-11-civil-129",
        "scope_type": "civil_segment"
      },
      "type": "Feature"
    },
    {
      "geometry": {
        "coordinates": [
          40.49855787,
          21.46459425
        ],
        "type": "Point"
      },
      "properties": {
        "chainage_m": 1890.0,
        "civil_class": "elevated",
        "investigation_flags": [
          "fine-soil-plasticity-and-shrink-swell-tests",
          "granular-density-and-groundwater-tests"
        ],
        "lat": 21.46459425,
        "line": "line-11",
        "lon": 40.49855787,
        "sample_id": "segment:line-11-civil-129:0001",
        "scope_id": "line-11-civil-129",
        "scope_type": "civil_segment"
      },
      "type": "Feature"
    },
    {
      "geometry": {
        "coordinates": [
          40.49894391,
          21.46540374
        ],
        "type": "Point"
      },
      "properties": {
        "chainage_m": 2020.0,
        "civil_class": "elevated",
        "investigation_flags": [
          "fine-soil-plasticity-and-shrink-swell-tests",
          "granular-density-and-groundwater-tests"
        ],
        "lat": 21.46540374,
        "line": "line-11",
        "lon": 40.49894391,
        "sample_id": "segment:line-11-civil-129:0002",
        "scope_id": "line-11-civil-129",
        "scope_type": "civil_segment"
      },
      "type": "Feature"
    },
    {
      "geometry": {
        "coordinates": [
          40.49894391,
          21.46540374
        ],
        "type": "Point"
      },
      "properties": {
        "chainage_m": 2020.0,
        "civil_class": "elevated",
        "investigation_flags": [
          "fine-soil-plasticity-and-shrink-swell-tests",
          "granular-density-and-groundwater-tests"
        ],
        "lat": 21.46540374,
        "line": "line-11",
        "lon": 40.49894391,
        "sample_id": "segment:line-11-civil-130:0000",
        "scope_id": "line-11-civil-130",
        "scope_type": "civil_segment"
      },
      "type": "Feature"
    },
    {
      "geometry": {
        "coordinates": [
          40.49894391,
          21.46549365
        ],
        "type": "Point"
      },
      "properties": {
        "chainage_m": 2030.0,
        "civil_class": "elevated",
        "investigation_flags": [
          "fine-soil-plasticity-and-shrink-swell-tests",
          "granular-density-and-groundwater-tests"
        ],
        "lat": 21.46549365,
        "line": "line-11",
        "lon": 40.49894391,
        "sample_id": "segment:line-11-civil-130:0001",
        "scope_id": "line-11-civil-130",
        "scope_type": "civil_segment"
      },
      "type": "Feature"
    },
    {
      "geometry": {
        "coordinates": [
          40.49894417,
          21.46558331
        ],
        "type": "Point"
      },
      "properties": {
        "chainage_m": 2040.0,
        "civil_class": "elevated",
        "investigation_flags": [
          "fine-soil-plasticity-and-shrink-swell-tests",
          "granular-density-and-groundwater-tests"
        ],
        "lat": 21.46558331,
        "line": "line-11",
        "lon": 40.49894417,
        "sample_id": "segment:line-11-civil-130:0002",
        "scope_id": "line-11-civil-130",
        "scope_type": "civil_segment"
      },
      "type": "Feature"
    },
    {
      "geometry": {
        "coordinates": [
          40.49894417,
          21.46558331
        ],
        "type": "Point"
      },
      "properties": {
        "chainage_m": 2040.0,
        "civil_class": "elevated",
        "investigation_flags": [
          "fine-soil-plasticity-and-shrink-swell-tests",
          "granular-density-and-groundwater-tests"
        ],
        "lat": 21.46558331,
        "line": "line-11",
        "lon": 40.49894417,
        "sample_id": "segment:line-11-civil-131:0000",
        "scope_id": "line-11-civil-131",
        "scope_type": "civil_segment"
      },
      "type": "Feature"
    },
    {
      "geometry": {
        "coordinates": [
          40.49913692,
          21.46567312
        ],
        "type": "Point"
      },
      "properties": {
        "chainage_m": 2070.0,
        "civil_class": "elevated",
        "investigation_flags": [
          "fine-soil-plasticity-and-shrink-swell-tests",
          "granular-density-and-groundwater-tests"
        ],
        "lat": 21.46567312,
        "line": "line-11",
        "lon": 40.49913692,
        "sample_id": "segment:line-11-civil-131:0001",
        "scope_id": "line-11-civil-131",
        "scope_type": "civil_segment"
      },
      "type": "Feature"
    },
    {
      "geometry": {
        "coordinates": [
          40.49913704,
          21.46594325
        ],
        "type": "Point"
      },
      "properties": {
        "chainage_m": 2100.0,
        "civil_class": "elevated",
        "investigation_flags": [
          "fine-soil-plasticity-and-shrink-swell-tests",
          "granular-density-and-groundwater-tests"
        ],
        "lat": 21.46594325,
        "line": "line-11",
        "lon": 40.49913704,
        "sample_id": "segment:line-11-civil-131:0002",
        "scope_id": "line-11-civil-131",
        "scope_type": "civil_segment"
      },
      "type": "Feature"
    },
    {
      "geometry": {
        "coordinates": [
          40.49913704,
          21.46594325
        ],
        "type": "Point"
      },
      "properties": {
        "chainage_m": 2100.0,
        "civil_class": "elevated",
        "investigation_flags": [
          "fine-soil-plasticity-and-shrink-swell-tests",
          "granular-density-and-groundwater-tests"
        ],
        "lat": 21.46594325,
        "line": "line-11",
        "lon": 40.49913704,
        "sample_id": "segment:line-11-civil-132:0000",
        "scope_id": "line-11-civil-132",
        "scope_type": "civil_segment"
      },
      "type": "Feature"
    },
    {
      "geometry": {
        "coordinates": [
          40.49923363,
          21.46594325
        ],
        "type": "Point"
      },
      "properties": {
        "chainage_m": 2110.0,
        "civil_class": "elevated",
        "investigation_flags": [
          "fine-soil-plasticity-and-shrink-swell-tests",
          "granular-density-and-groundwater-tests"
        ],
        "lat": 21.46594325,
        "line": "line-11",
        "lon": 40.49923363,
        "sample_id": "segment:line-11-civil-132:0001",
        "scope_id": "line-11-civil-132",
        "scope_type": "civil_segment"
      },
      "type": "Feature"
    },
    {
      "geometry": {
        "coordinates": [
          40.49932994,
          21.46594351
        ],
        "type": "Point"
      },
      "properties": {
        "chainage_m": 2120.0,
        "civil_class": "elevated",
        "investigation_flags": [
          "fine-soil-plasticity-and-shrink-swell-tests",
          "granular-density-and-groundwater-tests"
        ],
        "lat": 21.46594351,
        "line": "line-11",
        "lon": 40.49932994,
        "sample_id": "segment:line-11-civil-132:0002",
        "scope_id": "line-11-civil-132",
        "scope_type": "civil_segment"
      },
      "type": "Feature"
    },
    {
      "geometry": {
        "coordinates": [
          40.49932994,
          21.46594351
        ],
        "type": "Point"
      },
      "properties": {
        "chainage_m": 2120.0,
        "civil_class": "elevated",
        "investigation_flags": [
          "fine-soil-plasticity-and-shrink-swell-tests",
          "granular-density-and-groundwater-tests"
        ],
        "lat": 21.46594351,
        "line": "line-11",
        "lon": 40.49932994,
        "sample_id": "segment:line-11-civil-133:0000",
        "scope_id": "line-11-civil-133",
        "scope_type": "civil_segment"
      },
      "type": "Feature"
    },
    {
      "geometry": {
        "coordinates": [
          40.49932994,
          21.46612333
        ],
        "type": "Point"
      },
      "properties": {
        "chainage_m": 2140.0,
        "civil_class": "elevated",
        "investigation_flags": [
          "fine-soil-plasticity-and-shrink-swell-tests",
          "granular-density-and-groundwater-tests"
        ],
        "lat": 21.46612333,
        "line": "line-11",
        "lon": 40.49932994,
        "sample_id": "segment:line-11-civil-133:0001",
        "scope_id": "line-11-civil-133",
        "scope_type": "civil_segment"
      },
      "type": "Feature"
    },
    {
      "geometry": {
        "coordinates": [
          40.49932994,
          21.46630315
        ],
        "type": "Point"
      },
      "properties": {
        "chainage_m": 2160.0,
        "civil_class": "elevated",
        "investigation_flags": [
          "fine-soil-plasticity-and-shrink-swell-tests",
          "granular-density-and-groundwater-tests"
        ],
        "lat": 21.46630315,
        "line": "line-11",
        "lon": 40.49932994,
        "sample_id": "segment:line-11-civil-133:0002",
        "scope_id": "line-11-civil-133",
        "scope_type": "civil_segment"
      },
      "type": "Feature"
    },
    {
      "geometry": {
        "coordinates": [
          40.49932994,
          21.46630315
        ],
        "type": "Point"
      },
      "properties": {
        "chainage_m": 2160.0,
        "civil_class": "elevated",
        "investigation_flags": [
          "fine-soil-plasticity-and-shrink-swell-tests",
          "granular-density-and-groundwater-tests"
        ],
        "lat": 21.46630315,
        "line": "line-11",
        "lon": 40.49932994,
        "sample_id": "segment:line-11-civil-134:0000",
        "scope_id": "line-11-civil-134",
        "scope_type": "civil_segment"
      },
      "type": "Feature"
    },
    {
      "geometry": {
        "coordinates": [
          40.49932994,
          21.46639306
        ],
        "type": "Point"
      },
      "properties": {
        "chainage_m": 2170.0,
        "civil_class": "elevated",
        "investigation_flags": [
          "fine-soil-plasticity-and-shrink-swell-tests",
          "granular-density-and-groundwater-tests"
        ],
        "lat": 21.46639306,
        "line": "line-11",
        "lon": 40.49932994,
        "sample_id": "segment:line-11-civil-134:0001",
        "scope_id": "line-11-civil-134",
        "scope_type": "civil_segment"
      },
      "type": "Feature"
    },
    {
      "geometry": {
        "coordinates": [
          40.49932994,
          21.46648297
        ],
        "type": "Point"
      },
      "properties": {
        "chainage_m": 2180.0,
        "civil_class": "elevated",
        "investigation_flags": [
          "fine-soil-plasticity-and-shrink-swell-tests",
          "granular-density-and-groundwater-tests"
        ],
        "lat": 21.46648297,
        "line": "line-11",
        "lon": 40.49932994,
        "sample_id": "segment:line-11-civil-134:0002",
        "scope_id": "line-11-civil-134",
        "scope_type": "civil_segment"
      },
      "type": "Feature"
    },
    {
      "geometry": {
        "coordinates": [
          40.49932994,
          21.46648297
        ],
        "type": "Point"
      },
      "properties": {
        "chainage_m": 2180.0,
        "civil_class": "elevated",
        "investigation_flags": [
          "fine-soil-plasticity-and-shrink-swell-tests",
          "granular-density-and-groundwater-tests"
        ],
        "lat": 21.46648297,
        "line": "line-11",
        "lon": 40.49932994,
        "sample_id": "segment:line-11-civil-135:0000",
        "scope_id": "line-11-civil-135",
        "scope_type": "civil_segment"
      },
      "type": "Feature"
    },
    {
      "geometry": {
        "coordinates": [
          40.49932994,
          21.46657288
        ],
        "type": "Point"
      },
      "properties": {
        "chainage_m": 2190.0,
        "civil_class": "elevated",
        "investigation_flags": [
          "fine-soil-plasticity-and-shrink-swell-tests",
          "granular-density-and-groundwater-tests"
        ],
        "lat": 21.46657288,
        "line": "line-11",
        "lon": 40.49932994,
        "sample_id": "segment:line-11-civil-135:0001",
        "scope_id": "line-11-civil-135",
        "scope_type": "civil_segment"
      },
      "type": "Feature"
    },
    {
      "geometry": {
        "coordinates": [
          40.49932994,
          21.46666279
        ],
        "type": "Point"
      },
      "properties": {
        "chainage_m": 2200.0,
        "civil_class": "elevated",
        "investigation_flags": [
          "fine-soil-plasticity-and-shrink-swell-tests",
          "granular-density-and-groundwater-tests"
        ],
        "lat": 21.46666279,
        "line": "line-11",
        "lon": 40.49932994,
        "sample_id": "segment:line-11-civil-135:0002",
        "scope_id": "line-11-civil-135",
        "scope_type": "civil_segment"
      },
      "type": "Feature"
    },
    {
      "geometry": {
        "coordinates": [
          40.49932994,
          21.46666279
        ],
        "type": "Point"
      },
      "properties": {
        "chainage_m": 2200.0,
        "civil_class": "elevated",
        "investigation_flags": [
          "fine-soil-plasticity-and-shrink-swell-tests",
          "granular-density-and-groundwater-tests"
        ],
        "lat": 21.46666279,
        "line": "line-11",
        "lon": 40.49932994,
        "sample_id": "segment:line-11-civil-136:0000",
        "scope_id": "line-11-civil-136",
        "scope_type": "civil_segment"
      },
      "type": "Feature"
    },
    {
      "geometry": {
        "coordinates": [
          40.49990881,
          21.46702304
        ],
        "type": "Point"
      },
      "properties": {
        "chainage_m": 2300.0,
        "civil_class": "elevated",
        "investigation_flags": [
          "fine-soil-plasticity-and-shrink-swell-tests",
          "granular-density-and-groundwater-tests"
        ],
        "lat": 21.46702304,
        "line": "line-11",
        "lon": 40.49990881,
        "sample_id": "segment:line-11-civil-136:0001",
        "scope_id": "line-11-civil-136",
        "scope_type": "civil_segment"
      },
      "type": "Feature"
    },
    {
      "geometry": {
        "coordinates": [
          40.50048803,
          21.46666311
        ],
        "type": "Point"
      },
      "properties": {
        "chainage_m": 2400.0,
        "civil_class": "elevated",
        "investigation_flags": [
          "fine-soil-plasticity-and-shrink-swell-tests",
          "granular-density-and-groundwater-tests"
        ],
        "lat": 21.46666311,
        "line": "line-11",
        "lon": 40.50048803,
        "sample_id": "segment:line-11-civil-136:0002",
        "scope_id": "line-11-civil-136",
        "scope_type": "civil_segment"
      },
      "type": "Feature"
    },
    {
      "geometry": {
        "coordinates": [
          40.51689434,
          21.45028619
        ],
        "type": "Point"
      },
      "properties": {
        "chainage_m": 0.0,
        "civil_class": "elevated",
        "investigation_flags": [
          "fine-soil-plasticity-and-shrink-swell-tests",
          "granular-density-and-groundwater-tests"
        ],
        "lat": 21.45028619,
        "line": "line-12",
        "lon": 40.51689434,
        "sample_id": "segment:line-12-civil-137:0000",
        "scope_id": "line-12-civil-137",
        "scope_type": "civil_segment"
      },
      "type": "Feature"
    },
    {
      "geometry": {
        "coordinates": [
          40.51679775,
          21.45028619
        ],
        "type": "Point"
      },
      "properties": {
        "chainage_m": 10.0,
        "civil_class": "elevated",
        "investigation_flags": [
          "fine-soil-plasticity-and-shrink-swell-tests",
          "granular-density-and-groundwater-tests"
        ],
        "lat": 21.45028619,
        "line": "line-12",
        "lon": 40.51679775,
        "sample_id": "segment:line-12-civil-137:0001",
        "scope_id": "line-12-civil-137",
        "scope_type": "civil_segment"
      },
      "type": "Feature"
    },
    {
      "geometry": {
        "coordinates": [
          40.51670132,
          21.45028634
        ],
        "type": "Point"
      },
      "properties": {
        "chainage_m": 20.0,
        "civil_class": "elevated",
        "investigation_flags": [
          "fine-soil-plasticity-and-shrink-swell-tests",
          "granular-density-and-groundwater-tests"
        ],
        "lat": 21.45028634,
        "line": "line-12",
        "lon": 40.51670132,
        "sample_id": "segment:line-12-civil-137:0002",
        "scope_id": "line-12-civil-137",
        "scope_type": "civil_segment"
      },
      "type": "Feature"
    },
    {
      "geometry": {
        "coordinates": [
          40.51670132,
          21.45028634
        ],
        "type": "Point"
      },
      "properties": {
        "chainage_m": 20.0,
        "civil_class": "elevated",
        "investigation_flags": [
          "fine-soil-plasticity-and-shrink-swell-tests",
          "granular-density-and-groundwater-tests"
        ],
        "lat": 21.45028634,
        "line": "line-12",
        "lon": 40.51670132,
        "sample_id": "segment:line-12-civil-138:0000",
        "scope_id": "line-12-civil-138",
        "scope_type": "civil_segment"
      },
      "type": "Feature"
    },
    {
      "geometry": {
        "coordinates": [
          40.51670132,
          21.45046616
        ],
        "type": "Point"
      },
      "properties": {
        "chainage_m": 40.0,
        "civil_class": "elevated",
        "investigation_flags": [
          "fine-soil-plasticity-and-shrink-swell-tests",
          "granular-density-and-groundwater-tests"
        ],
        "lat": 21.45046616,
        "line": "line-12",
        "lon": 40.51670132,
        "sample_id": "segment:line-12-civil-138:0001",
        "scope_id": "line-12-civil-138",
        "scope_type": "civil_segment"
      },
      "type": "Feature"
    },
    {
      "geometry": {
        "coordinates": [
          40.51670132,
          21.45064598
        ],
        "type": "Point"
      },
      "properties": {
        "chainage_m": 60.0,
        "civil_class": "elevated",
        "investigation_flags": [
          "fine-soil-plasticity-and-shrink-swell-tests",
          "granular-density-and-groundwater-tests"
        ],
        "lat": 21.45064598,
        "line": "line-12",
        "lon": 40.51670132,
        "sample_id": "segment:line-12-civil-138:0002",
        "scope_id": "line-12-civil-138",
        "scope_type": "civil_segment"
      },
      "type": "Feature"
    },
    {
      "geometry": {
        "coordinates": [
          40.51670132,
          21.45064598
        ],
        "type": "Point"
      },
      "properties": {
        "chainage_m": 60.0,
        "civil_class": "elevated",
        "investigation_flags": [
          "fine-soil-plasticity-and-shrink-swell-tests",
          "granular-density-and-groundwater-tests"
        ],
        "lat": 21.45064598,
        "line": "line-12",
        "lon": 40.51670132,
        "sample_id": "segment:line-12-civil-139:0000",
        "scope_id": "line-12-civil-139",
        "scope_type": "civil_segment"
      },
      "type": "Feature"
    },
    {
      "geometry": {
        "coordinates": [
          40.51670132,
          21.4508258
        ],
        "type": "Point"
      },
      "properties": {
        "chainage_m": 80.0,
        "civil_class": "elevated",
        "investigation_flags": [
          "fine-soil-plasticity-and-shrink-swell-tests",
          "granular-density-and-groundwater-tests"
        ],
        "lat": 21.4508258,
        "line": "line-12",
        "lon": 40.51670132,
        "sample_id": "segment:line-12-civil-139:0001",
        "scope_id": "line-12-civil-139",
        "scope_type": "civil_segment"
      },
      "type": "Feature"
    },
    {
      "geometry": {
        "coordinates": [
          40.51670132,
          21.45100562
        ],
        "type": "Point"
      },
      "properties": {
        "chainage_m": 100.0,
        "civil_class": "elevated",
        "investigation_flags": [
          "fine-soil-plasticity-and-shrink-swell-tests",
          "granular-density-and-groundwater-tests"
        ],
        "lat": 21.45100562,
        "line": "line-12",
        "lon": 40.51670132,
        "sample_id": "segment:line-12-civil-139:0002",
        "scope_id": "line-12-civil-139",
        "scope_type": "civil_segment"
      },
      "type": "Feature"
    },
    {
      "geometry": {
        "coordinates": [
          40.51670132,
          21.45100562
        ],
        "type": "Point"
      },
      "properties": {
        "chainage_m": 100.0,
        "civil_class": "elevated",
        "investigation_flags": [
          "fine-soil-plasticity-and-shrink-swell-tests",
          "granular-density-and-groundwater-tests"
        ],
        "lat": 21.45100562,
        "line": "line-12",
        "lon": 40.51670132,
        "sample_id": "segment:line-12-civil-140:0000",
        "scope_id": "line-12-civil-140",
        "scope_type": "civil_segment"
      },
      "type": "Feature"
    },
    {
      "geometry": {
        "coordinates": [
          40.51670132,
          21.45136525
        ],
        "type": "Point"
      },
      "properties": {
        "chainage_m": 140.0,
        "civil_class": "elevated",
        "investigation_flags": [
          "fine-soil-plasticity-and-shrink-swell-tests",
          "granular-density-and-groundwater-tests"
        ],
        "lat": 21.45136525,
        "line": "line-12",
        "lon": 40.51670132,
        "sample_id": "segment:line-12-civil-140:0001",
        "scope_id": "line-12-civil-140",
        "scope_type": "civil_segment"
      },
      "type": "Feature"
    },
    {
      "geometry": {
        "coordinates": [
          40.51670132,
          21.45172489
        ],
        "type": "Point"
      },
      "properties": {
        "chainage_m": 180.0,
        "civil_class": "elevated",
        "investigation_flags": [
          "fine-soil-plasticity-and-shrink-swell-tests",
          "granular-density-and-groundwater-tests"
        ],
        "lat": 21.45172489,
        "line": "line-12",
        "lon": 40.51670132,
        "sample_id": "segment:line-12-civil-140:0002",
        "scope_id": "line-12-civil-140",
        "scope_type": "civil_segment"
      },
      "type": "Feature"
    },
    {
      "geometry": {
        "coordinates": [
          40.51670132,
          21.45172489
        ],
        "type": "Point"
      },
      "properties": {
        "chainage_m": 180.0,
        "civil_class": "elevated",
        "investigation_flags": [
          "fine-soil-plasticity-and-shrink-swell-tests",
          "granular-density-and-groundwater-tests"
        ],
        "lat": 21.45172489,
        "line": "line-12",
        "lon": 40.51670132,
        "sample_id": "segment:line-12-civil-141:0000",
        "scope_id": "line-12-civil-141",
        "scope_type": "civil_segment"
      },
      "type": "Feature"
    },
    {
      "geometry": {
        "coordinates": [
          40.51670132,
          21.45208504
        ],
        "type": "Point"
      },
      "properties": {
        "chainage_m": 220.0,
        "civil_class": "elevated",
        "investigation_flags": [
          "fine-soil-plasticity-and-shrink-swell-tests",
          "granular-density-and-groundwater-tests"
        ],
        "lat": 21.45208504,
        "line": "line-12",
        "lon": 40.51670132,
        "sample_id": "segment:line-12-civil-141:0001",
        "scope_id": "line-12-civil-141",
        "scope_type": "civil_segment"
      },
      "type": "Feature"
    },
    {
      "geometry": {
        "coordinates": [
          40.51650972,
          21.45226582
        ],
        "type": "Point"
      },
      "properties": {
        "chainage_m": 260.0,
        "civil_class": "elevated",
        "investigation_flags": [
          "fine-soil-plasticity-and-shrink-swell-tests",
          "granular-density-and-groundwater-tests"
        ],
        "lat": 21.45226582,
        "line": "line-12",
        "lon": 40.51650972,
        "sample_id": "segment:line-12-civil-141:0002",
        "scope_id": "line-12-civil-141",
        "scope_type": "civil_segment"
      },
      "type": "Feature"
    },
    {
      "geometry": {
        "coordinates": [
          40.51650972,
          21.45226582
        ],
        "type": "Point"
      },
      "properties": {
        "chainage_m": 260.0,
        "civil_class": "elevated",
        "investigation_flags": [
          "fine-soil-plasticity-and-shrink-swell-tests",
          "granular-density-and-groundwater-tests"
        ],
        "lat": 21.45226582,
        "line": "line-12",
        "lon": 40.51650972,
        "sample_id": "segment:line-12-civil-142:0000",
        "scope_id": "line-12-civil-142",
        "scope_type": "civil_segment"
      },
      "type": "Feature"
    },
    {
      "geometry": {
        "coordinates": [
          40.51641313,
          21.45226582
        ],
        "type": "Point"
      },
      "properties": {
        "chainage_m": 270.0,
        "civil_class": "elevated",
        "investigation_flags": [
          "fine-soil-plasticity-and-shrink-swell-tests",
          "granular-density-and-groundwater-tests"
        ],
        "lat": 21.45226582,
        "line": "line-12",
        "lon": 40.51641313,
        "sample_id": "segment:line-12-civil-142:0001",
        "scope_id": "line-12-civil-142",
        "scope_type": "civil_segment"
      },
      "type": "Feature"
    },
    {
      "geometry": {
        "coordinates": [
          40.51631655,
          21.45226582
        ],
        "type": "Point"
      },
      "properties": {
        "chainage_m": 280.0,
        "civil_class": "elevated",
        "investigation_flags": [
          "fine-soil-plasticity-and-shrink-swell-tests",
          "granular-density-and-groundwater-tests"
        ],
        "lat": 21.45226582,
        "line": "line-12",
        "lon": 40.51631655,
        "sample_id": "segment:line-12-civil-142:0002",
        "scope_id": "line-12-civil-142",
        "scope_type": "civil_segment"
      },
      "type": "Feature"
    },
    {
      "geometry": {
        "coordinates": [
          40.51631655,
          21.45226582
        ],
        "type": "Point"
      },
      "properties": {
        "chainage_m": 280.0,
        "civil_class": "elevated",
        "investigation_flags": [
          "fine-soil-plasticity-and-shrink-swell-tests",
          "granular-density-and-groundwater-tests"
        ],
        "lat": 21.45226582,
        "line": "line-12",
        "lon": 40.51631655,
        "sample_id": "segment:line-12-civil-143:0000",
        "scope_id": "line-12-civil-143",
        "scope_type": "civil_segment"
      },
      "type": "Feature"
    },
    {
      "geometry": {
        "coordinates": [
          40.51631529,
          21.45262429
        ],
        "type": "Point"
      },
      "properties": {
        "chainage_m": 320.0,
        "civil_class": "elevated",
        "investigation_flags": [
          "fine-soil-plasticity-and-shrink-swell-tests",
          "granular-density-and-groundwater-tests"
        ],
        "lat": 21.45262429,
        "line": "line-12",
        "lon": 40.51631529,
        "sample_id": "segment:line-12-civil-143:0001",
        "scope_id": "line-12-civil-143",
        "scope_type": "civil_segment"
      },
      "type": "Feature"
    },
    {
      "geometry": {
        "coordinates": [
          40.51631529,
          21.45298393
        ],
        "type": "Point"
      },
      "properties": {
        "chainage_m": 360.0,
        "civil_class": "elevated",
        "investigation_flags": [
          "fine-soil-plasticity-and-shrink-swell-tests",
          "granular-density-and-groundwater-tests"
        ],
        "lat": 21.45298393,
        "line": "line-12",
        "lon": 40.51631529,
        "sample_id": "segment:line-12-civil-143:0002",
        "scope_id": "line-12-civil-143",
        "scope_type": "civil_segment"
      },
      "type": "Feature"
    },
    {
      "geometry": {
        "coordinates": [
          40.51631529,
          21.45298393
        ],
        "type": "Point"
      },
      "properties": {
        "chainage_m": 360.0,
        "civil_class": "elevated",
        "investigation_flags": [
          "fine-soil-plasticity-and-shrink-swell-tests",
          "granular-density-and-groundwater-tests"
        ],
        "lat": 21.45298393,
        "line": "line-12",
        "lon": 40.51631529,
        "sample_id": "segment:line-12-civil-144:0000",
        "scope_id": "line-12-civil-144",
        "scope_type": "civil_segment"
      },
      "type": "Feature"
    },
    {
      "geometry": {
        "coordinates": [
          40.51631529,
          21.45316375
        ],
        "type": "Point"
      },
      "properties": {
        "chainage_m": 380.0,
        "civil_class": "elevated",
        "investigation_flags": [
          "fine-soil-plasticity-and-shrink-swell-tests",
          "granular-density-and-groundwater-tests"
        ],
        "lat": 21.45316375,
        "line": "line-12",
        "lon": 40.51631529,
        "sample_id": "segment:line-12-civil-144:0001",
        "scope_id": "line-12-civil-144",
        "scope_type": "civil_segment"
      },
      "type": "Feature"
    },
    {
      "geometry": {
        "coordinates": [
          40.51631529,
          21.45334357
        ],
        "type": "Point"
      },
      "properties": {
        "chainage_m": 400.0,
        "civil_class": "elevated",
        "investigation_flags": [
          "fine-soil-plasticity-and-shrink-swell-tests",
          "granular-density-and-groundwater-tests"
        ],
        "lat": 21.45334357,
        "line": "line-12",
        "lon": 40.51631529,
        "sample_id": "segment:line-12-civil-144:0002",
        "scope_id": "line-12-civil-144",
        "scope_type": "civil_segment"
      },
      "type": "Feature"
    },
    {
      "geometry": {
        "coordinates": [
          40.51631529,
          21.45334357
        ],
        "type": "Point"
      },
      "properties": {
        "chainage_m": 400.0,
        "civil_class": "elevated",
        "investigation_flags": [
          "fine-soil-plasticity-and-shrink-swell-tests",
          "granular-density-and-groundwater-tests"
        ],
        "lat": 21.45334357,
        "line": "line-12",
        "lon": 40.51631529,
        "sample_id": "segment:line-12-civil-145:0000",
        "scope_id": "line-12-civil-145",
        "scope_type": "civil_segment"
      },
      "type": "Feature"
    },
    {
      "geometry": {
        "coordinates": [
          40.51631529,
          21.45343348
        ],
        "type": "Point"
      },
      "properties": {
        "chainage_m": 410.0,
        "civil_class": "elevated",
        "investigation_flags": [
          "fine-soil-plasticity-and-shrink-swell-tests",
          "granular-density-and-groundwater-tests"
        ],
        "lat": 21.45343348,
        "line": "line-12",
        "lon": 40.51631529,
        "sample_id": "segment:line-12-civil-145:0001",
        "scope_id": "line-12-civil-145",
        "scope_type": "civil_segment"
      },
      "type": "Feature"
    },
    {
      "geometry": {
        "coordinates": [
          40.51631529,
          21.45352339
        ],
        "type": "Point"
      },
      "properties": {
        "chainage_m": 420.0,
        "civil_class": "elevated",
        "investigation_flags": [
          "fine-soil-plasticity-and-shrink-swell-tests",
          "granular-density-and-groundwater-tests"
        ],
        "lat": 21.45352339,
        "line": "line-12",
        "lon": 40.51631529,
        "sample_id": "segment:line-12-civil-145:0002",
        "scope_id": "line-12-civil-145",
        "scope_type": "civil_segment"
      },
      "type": "Feature"
    },
    {
      "geometry": {
        "coordinates": [
          40.51631529,
          21.45352339
        ],
        "type": "Point"
      },
      "properties": {
        "chainage_m": 420.0,
        "civil_class": "elevated",
        "investigation_flags": [
          "fine-soil-plasticity-and-shrink-swell-tests",
          "granular-density-and-groundwater-tests"
        ],
        "lat": 21.45352339,
        "line": "line-12",
        "lon": 40.51631529,
        "sample_id": "segment:line-12-civil-146:0000",
        "scope_id": "line-12-civil-146",
        "scope_type": "civil_segment"
      },
      "type": "Feature"
    },
    {
      "geometry": {
        "coordinates": [
          40.51631529,
          21.45370371
        ],
        "type": "Point"
      },
      "properties": {
        "chainage_m": 440.0,
        "civil_class": "elevated",
        "investigation_flags": [
          "fine-soil-plasticity-and-shrink-swell-tests",
          "granular-density-and-groundwater-tests"
        ],
        "lat": 21.45370371,
        "line": "line-12",
        "lon": 40.51631529,
        "sample_id": "segment:line-12-civil-146:0001",
        "scope_id": "line-12-civil-146",
        "scope_type": "civil_segment"
      },
      "type": "Feature"
    },
    {
      "geometry": {
        "coordinates": [
          40.51612463,
          21.45370555
        ],
        "type": "Point"
      },
      "properties": {
        "chainage_m": 460.0,
        "civil_class": "elevated",
        "investigation_flags": [
          "fine-soil-plasticity-and-shrink-swell-tests",
          "granular-density-and-groundwater-tests"
        ],
        "lat": 21.45370555,
        "line": "line-12",
        "lon": 40.51612463,
        "sample_id": "segment:line-12-civil-146:0002",
        "scope_id": "line-12-civil-146",
        "scope_type": "civil_segment"
      },
      "type": "Feature"
    },
    {
      "geometry": {
        "coordinates": [
          40.51612463,
          21.45370555
        ],
        "type": "Point"
      },
      "properties": {
        "chainage_m": 460.0,
        "civil_class": "elevated",
        "investigation_flags": [
          "fine-soil-plasticity-and-shrink-swell-tests",
          "granular-density-and-groundwater-tests"
        ],
        "lat": 21.45370555,
        "line": "line-12",
        "lon": 40.51612463,
        "sample_id": "segment:line-12-civil-147:0000",
        "scope_id": "line-12-civil-147",
        "scope_type": "civil_segment"
      },
      "type": "Feature"
    },
    {
      "geometry": {
        "coordinates": [
          40.51602766,
          21.45388551
        ],
        "type": "Point"
      },
      "properties": {
        "chainage_m": 490.0,
        "civil_class": "elevated",
        "investigation_flags": [
          "fine-soil-plasticity-and-shrink-swell-tests",
          "granular-density-and-groundwater-tests"
        ],
        "lat": 21.45388551,
        "line": "line-12",
        "lon": 40.51602766,
        "sample_id": "segment:line-12-civil-147:0001",
        "scope_id": "line-12-civil-147",
        "scope_type": "civil_segment"
      },
      "type": "Feature"
    },
    {
      "geometry": {
        "coordinates": [
          40.51573844,
          21.45388551
        ],
        "type": "Point"
      },
      "properties": {
        "chainage_m": 520.0,
        "civil_class": "elevated",
        "investigation_flags": [
          "fine-soil-plasticity-and-shrink-swell-tests",
          "granular-density-and-groundwater-tests"
        ],
        "lat": 21.45388551,
        "line": "line-12",
        "lon": 40.51573844,
        "sample_id": "segment:line-12-civil-147:0002",
        "scope_id": "line-12-civil-147",
        "scope_type": "civil_segment"
      },
      "type": "Feature"
    },
    {
      "geometry": {
        "coordinates": [
          40.51573844,
          21.45388551
        ],
        "type": "Point"
      },
      "properties": {
        "chainage_m": 520.0,
        "civil_class": "elevated",
        "investigation_flags": [
          "fine-soil-plasticity-and-shrink-swell-tests",
          "granular-density-and-groundwater-tests"
        ],
        "lat": 21.45388551,
        "line": "line-12",
        "lon": 40.51573844,
        "sample_id": "segment:line-12-civil-148:0000",
        "scope_id": "line-12-civil-148",
        "scope_type": "civil_segment"
      },
      "type": "Feature"
    },
    {
      "geometry": {
        "coordinates": [
          40.51573625,
          21.45397337
        ],
        "type": "Point"
      },
      "properties": {
        "chainage_m": 530.0,
        "civil_class": "elevated",
        "investigation_flags": [
          "fine-soil-plasticity-and-shrink-swell-tests",
          "granular-density-and-groundwater-tests"
        ],
        "lat": 21.45397337,
        "line": "line-12",
        "lon": 40.51573625,
        "sample_id": "segment:line-12-civil-148:0001",
        "scope_id": "line-12-civil-148",
        "scope_type": "civil_segment"
      },
      "type": "Feature"
    },
    {
      "geometry": {
        "coordinates": [
          40.51573625,
          21.45406329
        ],
        "type": "Point"
      },
      "properties": {
        "chainage_m": 540.0,
        "civil_class": "elevated",
        "investigation_flags": [
          "fine-soil-plasticity-and-shrink-swell-tests",
          "granular-density-and-groundwater-tests"
        ],
        "lat": 21.45406329,
        "line": "line-12",
        "lon": 40.51573625,
        "sample_id": "segment:line-12-civil-148:0002",
        "scope_id": "line-12-civil-148",
        "scope_type": "civil_segment"
      },
      "type": "Feature"
    },
    {
      "geometry": {
        "coordinates": [
          40.51573625,
          21.45406329
        ],
        "type": "Point"
      },
      "properties": {
        "chainage_m": 540.0,
        "civil_class": "elevated",
        "investigation_flags": [
          "fine-soil-plasticity-and-shrink-swell-tests",
          "granular-density-and-groundwater-tests"
        ],
        "lat": 21.45406329,
        "line": "line-12",
        "lon": 40.51573625,
        "sample_id": "segment:line-12-civil-149:0000",
        "scope_id": "line-12-civil-149",
        "scope_type": "civil_segment"
      },
      "type": "Feature"
    },
    {
      "geometry": {
        "coordinates": [
          40.51573625,
          21.4541532
        ],
        "type": "Point"
      },
      "properties": {
        "chainage_m": 550.0,
        "civil_class": "elevated",
        "investigation_flags": [
          "fine-soil-plasticity-and-shrink-swell-tests",
          "granular-density-and-groundwater-tests"
        ],
        "lat": 21.4541532,
        "line": "line-12",
        "lon": 40.51573625,
        "sample_id": "segment:line-12-civil-149:0001",
        "scope_id": "line-12-civil-149",
        "scope_type": "civil_segment"
      },
      "type": "Feature"
    },
    {
      "geometry": {
        "coordinates": [
          40.51573625,
          21.45424311
        ],
        "type": "Point"
      },
      "properties": {
        "chainage_m": 560.0,
        "civil_class": "elevated",
        "investigation_flags": [
          "fine-soil-plasticity-and-shrink-swell-tests",
          "granular-density-and-groundwater-tests"
        ],
        "lat": 21.45424311,
        "line": "line-12",
        "lon": 40.51573625,
        "sample_id": "segment:line-12-civil-149:0002",
        "scope_id": "line-12-civil-149",
        "scope_type": "civil_segment"
      },
      "type": "Feature"
    },
    {
      "geometry": {
        "coordinates": [
          40.51573625,
          21.45424311
        ],
        "type": "Point"
      },
      "properties": {
        "chainage_m": 560.0,
        "civil_class": "elevated",
        "investigation_flags": [
          "fine-soil-plasticity-and-shrink-swell-tests",
          "granular-density-and-groundwater-tests"
        ],
        "lat": 21.45424311,
        "line": "line-12",
        "lon": 40.51573625,
        "sample_id": "segment:line-12-civil-150:0000",
        "scope_id": "line-12-civil-150",
        "scope_type": "civil_segment"
      },
      "type": "Feature"
    },
    {
      "geometry": {
        "coordinates": [
          40.51573625,
          21.45442293
        ],
        "type": "Point"
      },
      "properties": {
        "chainage_m": 580.0,
        "civil_class": "elevated",
        "investigation_flags": [
          "fine-soil-plasticity-and-shrink-swell-tests",
          "granular-density-and-groundwater-tests"
        ],
        "lat": 21.45442293,
        "line": "line-12",
        "lon": 40.51573625,
        "sample_id": "segment:line-12-civil-150:0001",
        "scope_id": "line-12-civil-150",
        "scope_type": "civil_segment"
      },
      "type": "Feature"
    },
    {
      "geometry": {
        "coordinates": [
          40.51573625,
          21.45460275
        ],
        "type": "Point"
      },
      "properties": {
        "chainage_m": 600.0,
        "civil_class": "elevated",
        "investigation_flags": [
          "fine-soil-plasticity-and-shrink-swell-tests",
          "granular-density-and-groundwater-tests"
        ],
        "lat": 21.45460275,
        "line": "line-12",
        "lon": 40.51573625,
        "sample_id": "segment:line-12-civil-150:0002",
        "scope_id": "line-12-civil-150",
        "scope_type": "civil_segment"
      },
      "type": "Feature"
    },
    {
      "geometry": {
        "coordinates": [
          40.51573625,
          21.45460275
        ],
        "type": "Point"
      },
      "properties": {
        "chainage_m": 600.0,
        "civil_class": "elevated",
        "investigation_flags": [
          "fine-soil-plasticity-and-shrink-swell-tests",
          "granular-density-and-groundwater-tests"
        ],
        "lat": 21.45460275,
        "line": "line-12",
        "lon": 40.51573625,
        "sample_id": "segment:line-12-civil-151:0000",
        "scope_id": "line-12-civil-151",
        "scope_type": "civil_segment"
      },
      "type": "Feature"
    },
    {
      "geometry": {
        "coordinates": [
          40.51554589,
          21.45460538
        ],
        "type": "Point"
      },
      "properties": {
        "chainage_m": 620.0,
        "civil_class": "elevated",
        "investigation_flags": [
          "fine-soil-plasticity-and-shrink-swell-tests",
          "granular-density-and-groundwater-tests"
        ],
        "lat": 21.45460538,
        "line": "line-12",
        "lon": 40.51554589,
        "sample_id": "segment:line-12-civil-151:0001",
        "scope_id": "line-12-civil-151",
        "scope_type": "civil_segment"
      },
      "type": "Feature"
    },
    {
      "geometry": {
        "coordinates": [
          40.51535272,
          21.45460538
        ],
        "type": "Point"
      },
      "properties": {
        "chainage_m": 640.0,
        "civil_class": "elevated",
        "investigation_flags": [
          "fine-soil-plasticity-and-shrink-swell-tests",
          "granular-density-and-groundwater-tests"
        ],
        "lat": 21.45460538,
        "line": "line-12",
        "lon": 40.51535272,
        "sample_id": "segment:line-12-civil-151:0002",
        "scope_id": "line-12-civil-151",
        "scope_type": "civil_segment"
      },
      "type": "Feature"
    },
    {
      "geometry": {
        "coordinates": [
          40.51535272,
          21.45460538
        ],
        "type": "Point"
      },
      "properties": {
        "chainage_m": 640.0,
        "civil_class": "elevated",
        "investigation_flags": [
          "fine-soil-plasticity-and-shrink-swell-tests",
          "granular-density-and-groundwater-tests"
        ],
        "lat": 21.45460538,
        "line": "line-12",
        "lon": 40.51535272,
        "sample_id": "segment:line-12-civil-152:0000",
        "scope_id": "line-12-civil-152",
        "scope_type": "civil_segment"
      },
      "type": "Feature"
    },
    {
      "geometry": {
        "coordinates": [
          40.51535022,
          21.45487327
        ],
        "type": "Point"
      },
      "properties": {
        "chainage_m": 670.0,
        "civil_class": "elevated",
        "investigation_flags": [
          "fine-soil-plasticity-and-shrink-swell-tests",
          "granular-density-and-groundwater-tests"
        ],
        "lat": 21.45487327,
        "line": "line-12",
        "lon": 40.51535022,
        "sample_id": "segment:line-12-civil-152:0001",
        "scope_id": "line-12-civil-152",
        "scope_type": "civil_segment"
      },
      "type": "Feature"
    },
    {
      "geometry": {
        "coordinates": [
          40.51515986,
          21.45496531
        ],
        "type": "Point"
      },
      "properties": {
        "chainage_m": 700.0,
        "civil_class": "elevated",
        "investigation_flags": [
          "fine-soil-plasticity-and-shrink-swell-tests",
          "granular-density-and-groundwater-tests"
        ],
        "lat": 21.45496531,
        "line": "line-12",
        "lon": 40.51515986,
        "sample_id": "segment:line-12-civil-152:0002",
        "scope_id": "line-12-civil-152",
        "scope_type": "civil_segment"
      },
      "type": "Feature"
    },
    {
      "geometry": {
        "coordinates": [
          40.51515986,
          21.45496531
        ],
        "type": "Point"
      },
      "properties": {
        "chainage_m": 700.0,
        "civil_class": "elevated",
        "investigation_flags": [
          "fine-soil-plasticity-and-shrink-swell-tests",
          "granular-density-and-groundwater-tests"
        ],
        "lat": 21.45496531,
        "line": "line-12",
        "lon": 40.51515986,
        "sample_id": "segment:line-12-civil-153:0000",
        "scope_id": "line-12-civil-153",
        "scope_type": "civil_segment"
      },
      "type": "Feature"
    },
    {
      "geometry": {
        "coordinates": [
          40.51496722,
          21.45496531
        ],
        "type": "Point"
      },
      "properties": {
        "chainage_m": 720.0,
        "civil_class": "elevated",
        "investigation_flags": [
          "fine-soil-plasticity-and-shrink-swell-tests",
          "granular-density-and-groundwater-tests"
        ],
        "lat": 21.45496531,
        "line": "line-12",
        "lon": 40.51496722,
        "sample_id": "segment:line-12-civil-153:0001",
        "scope_id": "line-12-civil-153",
        "scope_type": "civil_segment"
      },
      "type": "Feature"
    },
    {
      "geometry": {
        "coordinates": [
          40.51496418,
          21.4551428
        ],
        "type": "Point"
      },
      "properties": {
        "chainage_m": 740.0,
        "civil_class": "elevated",
        "investigation_flags": [
          "fine-soil-plasticity-and-shrink-swell-tests",
          "granular-density-and-groundwater-tests"
        ],
        "lat": 21.4551428,
        "line": "line-12",
        "lon": 40.51496418,
        "sample_id": "segment:line-12-civil-153:0002",
        "scope_id": "line-12-civil-153",
        "scope_type": "civil_segment"
      },
      "type": "Feature"
    },
    {
      "geometry": {
        "coordinates": [
          40.51496418,
          21.4551428
        ],
        "type": "Point"
      },
      "properties": {
        "chainage_m": 740.0,
        "civil_class": "elevated",
        "investigation_flags": [
          "fine-soil-plasticity-and-shrink-swell-tests",
          "granular-density-and-groundwater-tests"
        ],
        "lat": 21.4551428,
        "line": "line-12",
        "lon": 40.51496418,
        "sample_id": "segment:line-12-civil-154:0000",
        "scope_id": "line-12-civil-154",
        "scope_type": "civil_segment"
      },
      "type": "Feature"
    },
    {
      "geometry": {
        "coordinates": [
          40.51496418,
          21.45541253
        ],
        "type": "Point"
      },
      "properties": {
        "chainage_m": 770.0,
        "civil_class": "elevated",
        "investigation_flags": [
          "fine-soil-plasticity-and-shrink-swell-tests",
          "granular-density-and-groundwater-tests"
        ],
        "lat": 21.45541253,
        "line": "line-12",
        "lon": 40.51496418,
        "sample_id": "segment:line-12-civil-154:0001",
        "scope_id": "line-12-civil-154",
        "scope_type": "civil_segment"
      },
      "type": "Feature"
    },
    {
      "geometry": {
        "coordinates": [
          40.51496418,
          21.45568226
        ],
        "type": "Point"
      },
      "properties": {
        "chainage_m": 800.0,
        "civil_class": "elevated",
        "investigation_flags": [
          "fine-soil-plasticity-and-shrink-swell-tests",
          "granular-density-and-groundwater-tests"
        ],
        "lat": 21.45568226,
        "line": "line-12",
        "lon": 40.51496418,
        "sample_id": "segment:line-12-civil-154:0002",
        "scope_id": "line-12-civil-154",
        "scope_type": "civil_segment"
      },
      "type": "Feature"
    },
    {
      "geometry": {
        "coordinates": [
          40.51496418,
          21.45568226
        ],
        "type": "Point"
      },
      "properties": {
        "chainage_m": 800.0,
        "civil_class": "elevated",
        "investigation_flags": [
          "fine-soil-plasticity-and-shrink-swell-tests",
          "granular-density-and-groundwater-tests"
        ],
        "lat": 21.45568226,
        "line": "line-12",
        "lon": 40.51496418,
        "sample_id": "segment:line-12-civil-155:0000",
        "scope_id": "line-12-civil-155",
        "scope_type": "civil_segment"
      },
      "type": "Feature"
    },
    {
      "geometry": {
        "coordinates": [
          40.51477413,
          21.45568517
        ],
        "type": "Point"
      },
      "properties": {
        "chainage_m": 820.0,
        "civil_class": "elevated",
        "investigation_flags": [
          "fine-soil-plasticity-and-shrink-swell-tests",
          "granular-density-and-groundwater-tests"
        ],
        "lat": 21.45568517,
        "line": "line-12",
        "lon": 40.51477413,
        "sample_id": "segment:line-12-civil-155:0001",
        "scope_id": "line-12-civil-155",
        "scope_type": "civil_segment"
      },
      "type": "Feature"
    },
    {
      "geometry": {
        "coordinates": [
          40.51458097,
          21.45568517
        ],
        "type": "Point"
      },
      "properties": {
        "chainage_m": 840.0,
        "civil_class": "elevated",
        "investigation_flags": [
          "fine-soil-plasticity-and-shrink-swell-tests",
          "granular-density-and-groundwater-tests"
        ],
        "lat": 21.45568517,
        "line": "line-12",
        "lon": 40.51458097,
        "sample_id": "segment:line-12-civil-155:0002",
        "scope_id": "line-12-civil-155",
        "scope_type": "civil_segment"
      },
      "type": "Feature"
    },
    {
      "geometry": {
        "coordinates": [
          40.51458097,
          21.45568517
        ],
        "type": "Point"
      },
      "properties": {
        "chainage_m": 840.0,
        "civil_class": "elevated",
        "investigation_flags": [
          "fine-soil-plasticity-and-shrink-swell-tests",
          "granular-density-and-groundwater-tests"
        ],
        "lat": 21.45568517,
        "line": "line-12",
        "lon": 40.51458097,
        "sample_id": "segment:line-12-civil-156:0000",
        "scope_id": "line-12-civil-156",
        "scope_type": "civil_segment"
      },
      "type": "Feature"
    },
    {
      "geometry": {
        "coordinates": [
          40.51457815,
          21.45577246
        ],
        "type": "Point"
      },
      "properties": {
        "chainage_m": 850.0,
        "civil_class": "elevated",
        "investigation_flags": [
          "fine-soil-plasticity-and-shrink-swell-tests",
          "granular-density-and-groundwater-tests"
        ],
        "lat": 21.45577246,
        "line": "line-12",
        "lon": 40.51457815,
        "sample_id": "segment:line-12-civil-156:0001",
        "scope_id": "line-12-civil-156",
        "scope_type": "civil_segment"
      },
      "type": "Feature"
    },
    {
      "geometry": {
        "coordinates": [
          40.51457815,
          21.45586238
        ],
        "type": "Point"
      },
      "properties": {
        "chainage_m": 860.0,
        "civil_class": "elevated",
        "investigation_flags": [
          "fine-soil-plasticity-and-shrink-swell-tests",
          "granular-density-and-groundwater-tests"
        ],
        "lat": 21.45586238,
        "line": "line-12",
        "lon": 40.51457815,
        "sample_id": "segment:line-12-civil-156:0002",
        "scope_id": "line-12-civil-156",
        "scope_type": "civil_segment"
      },
      "type": "Feature"
    },
    {
      "geometry": {
        "coordinates": [
          40.51457815,
          21.45586238
        ],
        "type": "Point"
      },
      "properties": {
        "chainage_m": 860.0,
        "civil_class": "elevated",
        "investigation_flags": [
          "fine-soil-plasticity-and-shrink-swell-tests",
          "granular-density-and-groundwater-tests"
        ],
        "lat": 21.45586238,
        "line": "line-12",
        "lon": 40.51457815,
        "sample_id": "segment:line-12-civil-157:0000",
        "scope_id": "line-12-civil-157",
        "scope_type": "civil_segment"
      },
      "type": "Feature"
    },
    {
      "geometry": {
        "coordinates": [
          40.51457815,
          21.45595229
        ],
        "type": "Point"
      },
      "properties": {
        "chainage_m": 870.0,
        "civil_class": "elevated",
        "investigation_flags": [
          "fine-soil-plasticity-and-shrink-swell-tests",
          "granular-density-and-groundwater-tests"
        ],
        "lat": 21.45595229,
        "line": "line-12",
        "lon": 40.51457815,
        "sample_id": "segment:line-12-civil-157:0001",
        "scope_id": "line-12-civil-157",
        "scope_type": "civil_segment"
      },
      "type": "Feature"
    },
    {
      "geometry": {
        "coordinates": [
          40.51457815,
          21.4560422
        ],
        "type": "Point"
      },
      "properties": {
        "chainage_m": 880.0,
        "civil_class": "elevated",
        "investigation_flags": [
          "fine-soil-plasticity-and-shrink-swell-tests",
          "granular-density-and-groundwater-tests"
        ],
        "lat": 21.4560422,
        "line": "line-12",
        "lon": 40.51457815,
        "sample_id": "segment:line-12-civil-157:0002",
        "scope_id": "line-12-civil-157",
        "scope_type": "civil_segment"
      },
      "type": "Feature"
    },
    {
      "geometry": {
        "coordinates": [
          40.51457815,
          21.4560422
        ],
        "type": "Point"
      },
      "properties": {
        "chainage_m": 880.0,
        "civil_class": "elevated",
        "investigation_flags": [
          "fine-soil-plasticity-and-shrink-swell-tests",
          "granular-density-and-groundwater-tests"
        ],
        "lat": 21.4560422,
        "line": "line-12",
        "lon": 40.51457815,
        "sample_id": "segment:line-12-civil-158:0000",
        "scope_id": "line-12-civil-158",
        "scope_type": "civil_segment"
      },
      "type": "Feature"
    },
    {
      "geometry": {
        "coordinates": [
          40.51457815,
          21.45622252
        ],
        "type": "Point"
      },
      "properties": {
        "chainage_m": 900.0,
        "civil_class": "elevated",
        "investigation_flags": [
          "fine-soil-plasticity-and-shrink-swell-tests",
          "granular-density-and-groundwater-tests"
        ],
        "lat": 21.45622252,
        "line": "line-12",
        "lon": 40.51457815,
        "sample_id": "segment:line-12-civil-158:0001",
        "scope_id": "line-12-civil-158",
        "scope_type": "civil_segment"
      },
      "type": "Feature"
    },
    {
      "geometry": {
        "coordinates": [
          40.51438826,
          21.45622507
        ],
        "type": "Point"
      },
      "properties": {
        "chainage_m": 920.0,
        "civil_class": "elevated",
        "investigation_flags": [
          "fine-soil-plasticity-and-shrink-swell-tests",
          "granular-density-and-groundwater-tests"
        ],
        "lat": 21.45622507,
        "line": "line-12",
        "lon": 40.51438826,
        "sample_id": "segment:line-12-civil-158:0002",
        "scope_id": "line-12-civil-158",
        "scope_type": "civil_segment"
      },
      "type": "Feature"
    },
    {
      "geometry": {
        "coordinates": [
          40.51438826,
          21.45622507
        ],
        "type": "Point"
      },
      "properties": {
        "chainage_m": 920.0,
        "civil_class": "elevated",
        "investigation_flags": [
          "fine-soil-plasticity-and-shrink-swell-tests",
          "granular-density-and-groundwater-tests"
        ],
        "lat": 21.45622507,
        "line": "line-12",
        "lon": 40.51438826,
        "sample_id": "segment:line-12-civil-159:0000",
        "scope_id": "line-12-civil-159",
        "scope_type": "civil_segment"
      },
      "type": "Feature"
    },
    {
      "geometry": {
        "coordinates": [
          40.51419509,
          21.45622507
        ],
        "type": "Point"
      },
      "properties": {
        "chainage_m": 940.0,
        "civil_class": "elevated",
        "investigation_flags": [
          "fine-soil-plasticity-and-shrink-swell-tests",
          "granular-density-and-groundwater-tests"
        ],
        "lat": 21.45622507,
        "line": "line-12",
        "lon": 40.51419509,
        "sample_id": "segment:line-12-civil-159:0001",
        "scope_id": "line-12-civil-159",
        "scope_type": "civil_segment"
      },
      "type": "Feature"
    },
    {
      "geometry": {
        "coordinates": [
          40.51400191,
          21.45622507
        ],
        "type": "Point"
      },
      "properties": {
        "chainage_m": 960.0,
        "civil_class": "elevated",
        "investigation_flags": [
          "fine-soil-plasticity-and-shrink-swell-tests",
          "granular-density-and-groundwater-tests"
        ],
        "lat": 21.45622507,
        "line": "line-12",
        "lon": 40.51400191,
        "sample_id": "segment:line-12-civil-159:0002",
        "scope_id": "line-12-civil-159",
        "scope_type": "civil_segment"
      },
      "type": "Feature"
    },
    {
      "geometry": {
        "coordinates": [
          40.51400191,
          21.45622507
        ],
        "type": "Point"
      },
      "properties": {
        "chainage_m": 960.0,
        "civil_class": "elevated",
        "investigation_flags": [
          "fine-soil-plasticity-and-shrink-swell-tests",
          "granular-density-and-groundwater-tests"
        ],
        "lat": 21.45622507,
        "line": "line-12",
        "lon": 40.51400191,
        "sample_id": "segment:line-12-civil-160:0000",
        "scope_id": "line-12-civil-160",
        "scope_type": "civil_segment"
      },
      "type": "Feature"
    },
    {
      "geometry": {
        "coordinates": [
          40.51390533,
          21.45622507
        ],
        "type": "Point"
      },
      "properties": {
        "chainage_m": 970.0,
        "civil_class": "elevated",
        "investigation_flags": [
          "fine-soil-plasticity-and-shrink-swell-tests",
          "granular-density-and-groundwater-tests"
        ],
        "lat": 21.45622507,
        "line": "line-12",
        "lon": 40.51390533,
        "sample_id": "segment:line-12-civil-160:0001",
        "scope_id": "line-12-civil-160",
        "scope_type": "civil_segment"
      },
      "type": "Feature"
    },
    {
      "geometry": {
        "coordinates": [
          40.51380874,
          21.45622507
        ],
        "type": "Point"
      },
      "properties": {
        "chainage_m": 980.0,
        "civil_class": "elevated",
        "investigation_flags": [
          "fine-soil-plasticity-and-shrink-swell-tests",
          "granular-density-and-groundwater-tests"
        ],
        "lat": 21.45622507,
        "line": "line-12",
        "lon": 40.51380874,
        "sample_id": "segment:line-12-civil-160:0002",
        "scope_id": "line-12-civil-160",
        "scope_type": "civil_segment"
      },
      "type": "Feature"
    },
    {
      "geometry": {
        "coordinates": [
          40.51380874,
          21.45622507
        ],
        "type": "Point"
      },
      "properties": {
        "chainage_m": 980.0,
        "civil_class": "elevated",
        "investigation_flags": [
          "fine-soil-plasticity-and-shrink-swell-tests",
          "granular-density-and-groundwater-tests"
        ],
        "lat": 21.45622507,
        "line": "line-12",
        "lon": 40.51380874,
        "sample_id": "segment:line-12-civil-161:0000",
        "scope_id": "line-12-civil-161",
        "scope_type": "civil_segment"
      },
      "type": "Feature"
    },
    {
      "geometry": {
        "coordinates": [
          40.51380609,
          21.45640242
        ],
        "type": "Point"
      },
      "properties": {
        "chainage_m": 1000.0,
        "civil_class": "elevated",
        "investigation_flags": [
          "fine-soil-plasticity-and-shrink-swell-tests",
          "granular-density-and-groundwater-tests"
        ],
        "lat": 21.45640242,
        "line": "line-12",
        "lon": 40.51380609,
        "sample_id": "segment:line-12-civil-161:0001",
        "scope_id": "line-12-civil-161",
        "scope_type": "civil_segment"
      },
      "type": "Feature"
    },
    {
      "geometry": {
        "coordinates": [
          40.51380609,
          21.45658225
        ],
        "type": "Point"
      },
      "properties": {
        "chainage_m": 1020.0,
        "civil_class": "elevated",
        "investigation_flags": [
          "fine-soil-plasticity-and-shrink-swell-tests",
          "granular-density-and-groundwater-tests"
        ],
        "lat": 21.45658225,
        "line": "line-12",
        "lon": 40.51380609,
        "sample_id": "segment:line-12-civil-161:0002",
        "scope_id": "line-12-civil-161",
        "scope_type": "civil_segment"
      },
      "type": "Feature"
    },
    {
      "geometry": {
        "coordinates": [
          40.51380609,
          21.45658225
        ],
        "type": "Point"
      },
      "properties": {
        "chainage_m": 1020.0,
        "civil_class": "elevated",
        "investigation_flags": [
          "fine-soil-plasticity-and-shrink-swell-tests",
          "granular-density-and-groundwater-tests"
        ],
        "lat": 21.45658225,
        "line": "line-12",
        "lon": 40.51380609,
        "sample_id": "segment:line-12-civil-162:0000",
        "scope_id": "line-12-civil-162",
        "scope_type": "civil_segment"
      },
      "type": "Feature"
    },
    {
      "geometry": {
        "coordinates": [
          40.51371246,
          21.45658501
        ],
        "type": "Point"
      },
      "properties": {
        "chainage_m": 1030.0,
        "civil_class": "elevated",
        "investigation_flags": [
          "fine-soil-plasticity-and-shrink-swell-tests",
          "granular-density-and-groundwater-tests"
        ],
        "lat": 21.45658501,
        "line": "line-12",
        "lon": 40.51371246,
        "sample_id": "segment:line-12-civil-162:0001",
        "scope_id": "line-12-civil-162",
        "scope_type": "civil_segment"
      },
      "type": "Feature"
    },
    {
      "geometry": {
        "coordinates": [
          40.51361588,
          21.45658501
        ],
        "type": "Point"
      },
      "properties": {
        "chainage_m": 1040.0,
        "civil_class": "elevated",
        "investigation_flags": [
          "fine-soil-plasticity-and-shrink-swell-tests",
          "granular-density-and-groundwater-tests"
        ],
        "lat": 21.45658501,
        "line": "line-12",
        "lon": 40.51361588,
        "sample_id": "segment:line-12-civil-162:0002",
        "scope_id": "line-12-civil-162",
        "scope_type": "civil_segment"
      },
      "type": "Feature"
    },
    {
      "geometry": {
        "coordinates": [
          40.51361588,
          21.45658501
        ],
        "type": "Point"
      },
      "properties": {
        "chainage_m": 1040.0,
        "civil_class": "elevated",
        "investigation_flags": [
          "fine-soil-plasticity-and-shrink-swell-tests",
          "granular-density-and-groundwater-tests"
        ],
        "lat": 21.45658501,
        "line": "line-12",
        "lon": 40.51361588,
        "sample_id": "segment:line-12-civil-163:0000",
        "scope_id": "line-12-civil-163",
        "scope_type": "civil_segment"
      },
      "type": "Feature"
    },
    {
      "geometry": {
        "coordinates": [
          40.51342324,
          21.45658501
        ],
        "type": "Point"
      },
      "properties": {
        "chainage_m": 1060.0,
        "civil_class": "elevated",
        "investigation_flags": [
          "fine-soil-plasticity-and-shrink-swell-tests",
          "granular-density-and-groundwater-tests"
        ],
        "lat": 21.45658501,
        "line": "line-12",
        "lon": 40.51342324,
        "sample_id": "segment:line-12-civil-163:0001",
        "scope_id": "line-12-civil-163",
        "scope_type": "civil_segment"
      },
      "type": "Feature"
    },
    {
      "geometry": {
        "coordinates": [
          40.51342006,
          21.45676236
        ],
        "type": "Point"
      },
      "properties": {
        "chainage_m": 1080.0,
        "civil_class": "elevated",
        "investigation_flags": [
          "fine-soil-plasticity-and-shrink-swell-tests",
          "granular-density-and-groundwater-tests"
        ],
        "lat": 21.45676236,
        "line": "line-12",
        "lon": 40.51342006,
        "sample_id": "segment:line-12-civil-163:0002",
        "scope_id": "line-12-civil-163",
        "scope_type": "civil_segment"
      },
      "type": "Feature"
    },
    {
      "geometry": {
        "coordinates": [
          40.51342006,
          21.45676236
        ],
        "type": "Point"
      },
      "properties": {
        "chainage_m": 1080.0,
        "civil_class": "elevated",
        "investigation_flags": [
          "fine-soil-plasticity-and-shrink-swell-tests",
          "granular-density-and-groundwater-tests"
        ],
        "lat": 21.45676236,
        "line": "line-12",
        "lon": 40.51342006,
        "sample_id": "segment:line-12-civil-164:0000",
        "scope_id": "line-12-civil-164",
        "scope_type": "civil_segment"
      },
      "type": "Feature"
    },
    {
      "geometry": {
        "coordinates": [
          40.51342006,
          21.45703209
        ],
        "type": "Point"
      },
      "properties": {
        "chainage_m": 1110.0,
        "civil_class": "elevated",
        "investigation_flags": [
          "fine-soil-plasticity-and-shrink-swell-tests",
          "granular-density-and-groundwater-tests"
        ],
        "lat": 21.45703209,
        "line": "line-12",
        "lon": 40.51342006,
        "sample_id": "segment:line-12-civil-164:0001",
        "scope_id": "line-12-civil-164",
        "scope_type": "civil_segment"
      },
      "type": "Feature"
    },
    {
      "geometry": {
        "coordinates": [
          40.51342006,
          21.45730182
        ],
        "type": "Point"
      },
      "properties": {
        "chainage_m": 1140.0,
        "civil_class": "elevated",
        "investigation_flags": [
          "fine-soil-plasticity-and-shrink-swell-tests",
          "granular-density-and-groundwater-tests"
        ],
        "lat": 21.45730182,
        "line": "line-12",
        "lon": 40.51342006,
        "sample_id": "segment:line-12-civil-164:0002",
        "scope_id": "line-12-civil-164",
        "scope_type": "civil_segment"
      },
      "type": "Feature"
    },
    {
      "geometry": {
        "coordinates": [
          40.51342006,
          21.45730182
        ],
        "type": "Point"
      },
      "properties": {
        "chainage_m": 1140.0,
        "civil_class": "elevated",
        "investigation_flags": [
          "fine-soil-plasticity-and-shrink-swell-tests",
          "granular-density-and-groundwater-tests"
        ],
        "lat": 21.45730182,
        "line": "line-12",
        "lon": 40.51342006,
        "sample_id": "segment:line-12-civil-165:0000",
        "scope_id": "line-12-civil-165",
        "scope_type": "civil_segment"
      },
      "type": "Feature"
    },
    {
      "geometry": {
        "coordinates": [
          40.51342006,
          21.45775137
        ],
        "type": "Point"
      },
      "properties": {
        "chainage_m": 1190.0,
        "civil_class": "elevated",
        "investigation_flags": [
          "fine-soil-plasticity-and-shrink-swell-tests",
          "granular-density-and-groundwater-tests"
        ],
        "lat": 21.45775137,
        "line": "line-12",
        "lon": 40.51342006,
        "sample_id": "segment:line-12-civil-165:0001",
        "scope_id": "line-12-civil-165",
        "scope_type": "civil_segment"
      },
      "type": "Feature"
    },
    {
      "geometry": {
        "coordinates": [
          40.51342006,
          21.45820092
        ],
        "type": "Point"
      },
      "properties": {
        "chainage_m": 1240.0,
        "civil_class": "elevated",
        "investigation_flags": [
          "fine-soil-plasticity-and-shrink-swell-tests",
          "granular-density-and-groundwater-tests"
        ],
        "lat": 21.45820092,
        "line": "line-12",
        "lon": 40.51342006,
        "sample_id": "segment:line-12-civil-165:0002",
        "scope_id": "line-12-civil-165",
        "scope_type": "civil_segment"
      },
      "type": "Feature"
    },
    {
      "geometry": {
        "coordinates": [
          40.51342006,
          21.45820092
        ],
        "type": "Point"
      },
      "properties": {
        "chainage_m": 1240.0,
        "civil_class": "elevated",
        "investigation_flags": [
          "fine-soil-plasticity-and-shrink-swell-tests",
          "granular-density-and-groundwater-tests"
        ],
        "lat": 21.45820092,
        "line": "line-12",
        "lon": 40.51342006,
        "sample_id": "segment:line-12-civil-166:0000",
        "scope_id": "line-12-civil-166",
        "scope_type": "civil_segment"
      },
      "type": "Feature"
    },
    {
      "geometry": {
        "coordinates": [
          40.51342006,
          21.45829083
        ],
        "type": "Point"
      },
      "properties": {
        "chainage_m": 1250.0,
        "civil_class": "elevated",
        "investigation_flags": [
          "fine-soil-plasticity-and-shrink-swell-tests",
          "granular-density-and-groundwater-tests"
        ],
        "lat": 21.45829083,
        "line": "line-12",
        "lon": 40.51342006,
        "sample_id": "segment:line-12-civil-166:0001",
        "scope_id": "line-12-civil-166",
        "scope_type": "civil_segment"
      },
      "type": "Feature"
    },
    {
      "geometry": {
        "coordinates": [
          40.51342006,
          21.45838074
        ],
        "type": "Point"
      },
      "properties": {
        "chainage_m": 1260.0,
        "civil_class": "elevated",
        "investigation_flags": [
          "fine-soil-plasticity-and-shrink-swell-tests",
          "granular-density-and-groundwater-tests"
        ],
        "lat": 21.45838074,
        "line": "line-12",
        "lon": 40.51342006,
        "sample_id": "segment:line-12-civil-166:0002",
        "scope_id": "line-12-civil-166",
        "scope_type": "civil_segment"
      },
      "type": "Feature"
    },
    {
      "geometry": {
        "coordinates": [
          40.51342006,
          21.45838074
        ],
        "type": "Point"
      },
      "properties": {
        "chainage_m": 1260.0,
        "civil_class": "elevated",
        "investigation_flags": [
          "fine-soil-plasticity-and-shrink-swell-tests",
          "granular-density-and-groundwater-tests"
        ],
        "lat": 21.45838074,
        "line": "line-12",
        "lon": 40.51342006,
        "sample_id": "segment:line-12-civil-167:0000",
        "scope_id": "line-12-civil-167",
        "scope_type": "civil_segment"
      },
      "type": "Feature"
    },
    {
      "geometry": {
        "coordinates": [
          40.51360887,
          21.45856463
        ],
        "type": "Point"
      },
      "properties": {
        "chainage_m": 1300.0,
        "civil_class": "elevated",
        "investigation_flags": [
          "fine-soil-plasticity-and-shrink-swell-tests",
          "granular-density-and-groundwater-tests"
        ],
        "lat": 21.45856463,
        "line": "line-12",
        "lon": 40.51360887,
        "sample_id": "segment:line-12-civil-167:0001",
        "scope_id": "line-12-civil-167",
        "scope_type": "civil_segment"
      },
      "type": "Feature"
    },
    {
      "geometry": {
        "coordinates": [
          40.51380188,
          21.4587446
        ],
        "type": "Point"
      },
      "properties": {
        "chainage_m": 1340.0,
        "civil_class": "elevated",
        "investigation_flags": [
          "fine-soil-plasticity-and-shrink-swell-tests",
          "granular-density-and-groundwater-tests"
        ],
        "lat": 21.4587446,
        "line": "line-12",
        "lon": 40.51380188,
        "sample_id": "segment:line-12-civil-167:0002",
        "scope_id": "line-12-civil-167",
        "scope_type": "civil_segment"
      },
      "type": "Feature"
    },
    {
      "geometry": {
        "coordinates": [
          40.51380188,
          21.4587446
        ],
        "type": "Point"
      },
      "properties": {
        "chainage_m": 1340.0,
        "civil_class": "elevated",
        "investigation_flags": [
          "fine-soil-plasticity-and-shrink-swell-tests",
          "granular-density-and-groundwater-tests"
        ],
        "lat": 21.4587446,
        "line": "line-12",
        "lon": 40.51380188,
        "sample_id": "segment:line-12-civil-168:0000",
        "scope_id": "line-12-civil-168",
        "scope_type": "civil_segment"
      },
      "type": "Feature"
    },
    {
      "geometry": {
        "coordinates": [
          40.51399505,
          21.4587446
        ],
        "type": "Point"
      },
      "properties": {
        "chainage_m": 1360.0,
        "civil_class": "elevated",
        "investigation_flags": [
          "fine-soil-plasticity-and-shrink-swell-tests",
          "granular-density-and-groundwater-tests"
        ],
        "lat": 21.4587446,
        "line": "line-12",
        "lon": 40.51399505,
        "sample_id": "segment:line-12-civil-168:0001",
        "scope_id": "line-12-civil-168",
        "scope_type": "civil_segment"
      },
      "type": "Feature"
    },
    {
      "geometry": {
        "coordinates": [
          40.51418823,
          21.4587446
        ],
        "type": "Point"
      },
      "properties": {
        "chainage_m": 1380.0,
        "civil_class": "elevated",
        "investigation_flags": [
          "fine-soil-plasticity-and-shrink-swell-tests",
          "granular-density-and-groundwater-tests"
        ],
        "lat": 21.4587446,
        "line": "line-12",
        "lon": 40.51418823,
        "sample_id": "segment:line-12-civil-168:0002",
        "scope_id": "line-12-civil-168",
        "scope_type": "civil_segment"
      },
      "type": "Feature"
    },
    {
      "geometry": {
        "coordinates": [
          40.51418823,
          21.4587446
        ],
        "type": "Point"
      },
      "properties": {
        "chainage_m": 1380.0,
        "civil_class": "elevated",
        "investigation_flags": [
          "fine-soil-plasticity-and-shrink-swell-tests",
          "granular-density-and-groundwater-tests"
        ],
        "lat": 21.4587446,
        "line": "line-12",
        "lon": 40.51418823,
        "sample_id": "segment:line-12-civil-169:0000",
        "scope_id": "line-12-civil-169",
        "scope_type": "civil_segment"
      },
      "type": "Feature"
    },
    {
      "geometry": {
        "coordinates": [
          40.51438514,
          21.45883051
        ],
        "type": "Point"
      },
      "properties": {
        "chainage_m": 1410.0,
        "civil_class": "elevated",
        "investigation_flags": [
          "fine-soil-plasticity-and-shrink-swell-tests",
          "granular-density-and-groundwater-tests"
        ],
        "lat": 21.45883051,
        "line": "line-12",
        "lon": 40.51438514,
        "sample_id": "segment:line-12-civil-169:0001",
        "scope_id": "line-12-civil-169",
        "scope_type": "civil_segment"
      },
      "type": "Feature"
    },
    {
      "geometry": {
        "coordinates": [
          40.51438514,
          21.45910076
        ],
        "type": "Point"
      },
      "properties": {
        "chainage_m": 1440.0,
        "civil_class": "elevated",
        "investigation_flags": [
          "fine-soil-plasticity-and-shrink-swell-tests",
          "granular-density-and-groundwater-tests"
        ],
        "lat": 21.45910076,
        "line": "line-12",
        "lon": 40.51438514,
        "sample_id": "segment:line-12-civil-169:0002",
        "scope_id": "line-12-civil-169",
        "scope_type": "civil_segment"
      },
      "type": "Feature"
    },
    {
      "geometry": {
        "coordinates": [
          40.51438514,
          21.45910076
        ],
        "type": "Point"
      },
      "properties": {
        "chainage_m": 1440.0,
        "civil_class": "elevated",
        "investigation_flags": [
          "fine-soil-plasticity-and-shrink-swell-tests",
          "granular-density-and-groundwater-tests"
        ],
        "lat": 21.45910076,
        "line": "line-12",
        "lon": 40.51438514,
        "sample_id": "segment:line-12-civil-170:0000",
        "scope_id": "line-12-civil-170",
        "scope_type": "civil_segment"
      },
      "type": "Feature"
    },
    {
      "geometry": {
        "coordinates": [
          40.51438514,
          21.45928058
        ],
        "type": "Point"
      },
      "properties": {
        "chainage_m": 1460.0,
        "civil_class": "elevated",
        "investigation_flags": [
          "fine-soil-plasticity-and-shrink-swell-tests",
          "granular-density-and-groundwater-tests"
        ],
        "lat": 21.45928058,
        "line": "line-12",
        "lon": 40.51438514,
        "sample_id": "segment:line-12-civil-170:0001",
        "scope_id": "line-12-civil-170",
        "scope_type": "civil_segment"
      },
      "type": "Feature"
    },
    {
      "geometry": {
        "coordinates": [
          40.51438514,
          21.4594604
        ],
        "type": "Point"
      },
      "properties": {
        "chainage_m": 1480.0,
        "civil_class": "elevated",
        "investigation_flags": [
          "fine-soil-plasticity-and-shrink-swell-tests",
          "granular-density-and-groundwater-tests"
        ],
        "lat": 21.4594604,
        "line": "line-12",
        "lon": 40.51438514,
        "sample_id": "segment:line-12-civil-170:0002",
        "scope_id": "line-12-civil-170",
        "scope_type": "civil_segment"
      },
      "type": "Feature"
    },
    {
      "geometry": {
        "coordinates": [
          40.51438514,
          21.4594604
        ],
        "type": "Point"
      },
      "properties": {
        "chainage_m": 1480.0,
        "civil_class": "elevated",
        "investigation_flags": [
          "fine-soil-plasticity-and-shrink-swell-tests",
          "granular-density-and-groundwater-tests"
        ],
        "lat": 21.4594604,
        "line": "line-12",
        "lon": 40.51438514,
        "sample_id": "segment:line-12-civil-171:0000",
        "scope_id": "line-12-civil-171",
        "scope_type": "civil_segment"
      },
      "type": "Feature"
    },
    {
      "geometry": {
        "coordinates": [
          40.51457396,
          21.45946446
        ],
        "type": "Point"
      },
      "properties": {
        "chainage_m": 1500.0,
        "civil_class": "elevated",
        "investigation_flags": [
          "fine-soil-plasticity-and-shrink-swell-tests",
          "granular-density-and-groundwater-tests"
        ],
        "lat": 21.45946446,
        "line": "line-12",
        "lon": 40.51457396,
        "sample_id": "segment:line-12-civil-171:0001",
        "scope_id": "line-12-civil-171",
        "scope_type": "civil_segment"
      },
      "type": "Feature"
    },
    {
      "geometry": {
        "coordinates": [
          40.51476712,
          21.45946446
        ],
        "type": "Point"
      },
      "properties": {
        "chainage_m": 1520.0,
        "civil_class": "elevated",
        "investigation_flags": [
          "fine-soil-plasticity-and-shrink-swell-tests",
          "granular-density-and-groundwater-tests"
        ],
        "lat": 21.45946446,
        "line": "line-12",
        "lon": 40.51476712,
        "sample_id": "segment:line-12-civil-171:0002",
        "scope_id": "line-12-civil-171",
        "scope_type": "civil_segment"
      },
      "type": "Feature"
    },
    {
      "geometry": {
        "coordinates": [
          40.51476712,
          21.45946446
        ],
        "type": "Point"
      },
      "properties": {
        "chainage_m": 1520.0,
        "civil_class": "elevated",
        "investigation_flags": [
          "fine-soil-plasticity-and-shrink-swell-tests",
          "granular-density-and-groundwater-tests"
        ],
        "lat": 21.45946446,
        "line": "line-12",
        "lon": 40.51476712,
        "sample_id": "segment:line-12-civil-172:0000",
        "scope_id": "line-12-civil-172",
        "scope_type": "civil_segment"
      },
      "type": "Feature"
    },
    {
      "geometry": {
        "coordinates": [
          40.51477117,
          21.4595506
        ],
        "type": "Point"
      },
      "properties": {
        "chainage_m": 1530.0,
        "civil_class": "elevated",
        "investigation_flags": [
          "fine-soil-plasticity-and-shrink-swell-tests",
          "granular-density-and-groundwater-tests"
        ],
        "lat": 21.4595506,
        "line": "line-12",
        "lon": 40.51477117,
        "sample_id": "segment:line-12-civil-172:0001",
        "scope_id": "line-12-civil-172",
        "scope_type": "civil_segment"
      },
      "type": "Feature"
    },
    {
      "geometry": {
        "coordinates": [
          40.51477117,
          21.45964052
        ],
        "type": "Point"
      },
      "properties": {
        "chainage_m": 1540.0,
        "civil_class": "elevated",
        "investigation_flags": [
          "fine-soil-plasticity-and-shrink-swell-tests",
          "granular-density-and-groundwater-tests"
        ],
        "lat": 21.45964052,
        "line": "line-12",
        "lon": 40.51477117,
        "sample_id": "segment:line-12-civil-172:0002",
        "scope_id": "line-12-civil-172",
        "scope_type": "civil_segment"
      },
      "type": "Feature"
    },
    {
      "geometry": {
        "coordinates": [
          40.51477117,
          21.45964052
        ],
        "type": "Point"
      },
      "properties": {
        "chainage_m": 1540.0,
        "civil_class": "elevated",
        "investigation_flags": [
          "fine-soil-plasticity-and-shrink-swell-tests",
          "granular-density-and-groundwater-tests"
        ],
        "lat": 21.45964052,
        "line": "line-12",
        "lon": 40.51477117,
        "sample_id": "segment:line-12-civil-173:0000",
        "scope_id": "line-12-civil-173",
        "scope_type": "civil_segment"
      },
      "type": "Feature"
    },
    {
      "geometry": {
        "coordinates": [
          40.51486356,
          21.45964443
        ],
        "type": "Point"
      },
      "properties": {
        "chainage_m": 1550.0,
        "civil_class": "elevated",
        "investigation_flags": [
          "fine-soil-plasticity-and-shrink-swell-tests",
          "granular-density-and-groundwater-tests"
        ],
        "lat": 21.45964443,
        "line": "line-12",
        "lon": 40.51486356,
        "sample_id": "segment:line-12-civil-173:0001",
        "scope_id": "line-12-civil-173",
        "scope_type": "civil_segment"
      },
      "type": "Feature"
    },
    {
      "geometry": {
        "coordinates": [
          40.51496014,
          21.45964443
        ],
        "type": "Point"
      },
      "properties": {
        "chainage_m": 1560.0,
        "civil_class": "elevated",
        "investigation_flags": [
          "fine-soil-plasticity-and-shrink-swell-tests",
          "granular-density-and-groundwater-tests"
        ],
        "lat": 21.45964443,
        "line": "line-12",
        "lon": 40.51496014,
        "sample_id": "segment:line-12-civil-173:0002",
        "scope_id": "line-12-civil-173",
        "scope_type": "civil_segment"
      },
      "type": "Feature"
    },
    {
      "geometry": {
        "coordinates": [
          40.51496014,
          21.45964443
        ],
        "type": "Point"
      },
      "properties": {
        "chainage_m": 1560.0,
        "civil_class": "elevated",
        "investigation_flags": [
          "fine-soil-plasticity-and-shrink-swell-tests",
          "granular-density-and-groundwater-tests"
        ],
        "lat": 21.45964443,
        "line": "line-12",
        "lon": 40.51496014,
        "sample_id": "segment:line-12-civil-174:0000",
        "scope_id": "line-12-civil-174",
        "scope_type": "civil_segment"
      },
      "type": "Feature"
    },
    {
      "geometry": {
        "coordinates": [
          40.51534595,
          21.45964443
        ],
        "type": "Point"
      },
      "properties": {
        "chainage_m": 1600.0,
        "civil_class": "elevated",
        "investigation_flags": [
          "fine-soil-plasticity-and-shrink-swell-tests",
          "granular-density-and-groundwater-tests"
        ],
        "lat": 21.45964443,
        "line": "line-12",
        "lon": 40.51534595,
        "sample_id": "segment:line-12-civil-174:0001",
        "scope_id": "line-12-civil-174",
        "scope_type": "civil_segment"
      },
      "type": "Feature"
    },
    {
      "geometry": {
        "coordinates": [
          40.51553951,
          21.4598244
        ],
        "type": "Point"
      },
      "properties": {
        "chainage_m": 1640.0,
        "civil_class": "elevated",
        "investigation_flags": [
          "fine-soil-plasticity-and-shrink-swell-tests",
          "granular-density-and-groundwater-tests"
        ],
        "lat": 21.4598244,
        "line": "line-12",
        "lon": 40.51553951,
        "sample_id": "segment:line-12-civil-174:0002",
        "scope_id": "line-12-civil-174",
        "scope_type": "civil_segment"
      },
      "type": "Feature"
    },
    {
      "geometry": {
        "coordinates": [
          40.51553951,
          21.4598244
        ],
        "type": "Point"
      },
      "properties": {
        "chainage_m": 1640.0,
        "civil_class": "elevated",
        "investigation_flags": [
          "fine-soil-plasticity-and-shrink-swell-tests",
          "granular-density-and-groundwater-tests"
        ],
        "lat": 21.4598244,
        "line": "line-12",
        "lon": 40.51553951,
        "sample_id": "segment:line-12-civil-175:0000",
        "scope_id": "line-12-civil-175",
        "scope_type": "civil_segment"
      },
      "type": "Feature"
    },
    {
      "geometry": {
        "coordinates": [
          40.51563609,
          21.4598244
        ],
        "type": "Point"
      },
      "properties": {
        "chainage_m": 1650.0,
        "civil_class": "elevated",
        "investigation_flags": [
          "fine-soil-plasticity-and-shrink-swell-tests",
          "granular-density-and-groundwater-tests"
        ],
        "lat": 21.4598244,
        "line": "line-12",
        "lon": 40.51563609,
        "sample_id": "segment:line-12-civil-175:0001",
        "scope_id": "line-12-civil-175",
        "scope_type": "civil_segment"
      },
      "type": "Feature"
    },
    {
      "geometry": {
        "coordinates": [
          40.51573268,
          21.4598244
        ],
        "type": "Point"
      },
      "properties": {
        "chainage_m": 1660.0,
        "civil_class": "elevated",
        "investigation_flags": [
          "fine-soil-plasticity-and-shrink-swell-tests",
          "granular-density-and-groundwater-tests"
        ],
        "lat": 21.4598244,
        "line": "line-12",
        "lon": 40.51573268,
        "sample_id": "segment:line-12-civil-175:0002",
        "scope_id": "line-12-civil-175",
        "scope_type": "civil_segment"
      },
      "type": "Feature"
    },
    {
      "geometry": {
        "coordinates": [
          40.51573268,
          21.4598244
        ],
        "type": "Point"
      },
      "properties": {
        "chainage_m": 1660.0,
        "civil_class": "elevated",
        "investigation_flags": [
          "fine-soil-plasticity-and-shrink-swell-tests",
          "granular-density-and-groundwater-tests"
        ],
        "lat": 21.4598244,
        "line": "line-12",
        "lon": 40.51573268,
        "sample_id": "segment:line-12-civil-176:0000",
        "scope_id": "line-12-civil-176",
        "scope_type": "civil_segment"
      },
      "type": "Feature"
    },
    {
      "geometry": {
        "coordinates": [
          40.51573625,
          21.45991098
        ],
        "type": "Point"
      },
      "properties": {
        "chainage_m": 1670.0,
        "civil_class": "elevated",
        "investigation_flags": [
          "fine-soil-plasticity-and-shrink-swell-tests",
          "granular-density-and-groundwater-tests"
        ],
        "lat": 21.45991098,
        "line": "line-12",
        "lon": 40.51573625,
        "sample_id": "segment:line-12-civil-176:0001",
        "scope_id": "line-12-civil-176",
        "scope_type": "civil_segment"
      },
      "type": "Feature"
    },
    {
      "geometry": {
        "coordinates": [
          40.51573625,
          21.4600009
        ],
        "type": "Point"
      },
      "properties": {
        "chainage_m": 1680.0,
        "civil_class": "elevated",
        "investigation_flags": [
          "fine-soil-plasticity-and-shrink-swell-tests",
          "granular-density-and-groundwater-tests"
        ],
        "lat": 21.4600009,
        "line": "line-12",
        "lon": 40.51573625,
        "sample_id": "segment:line-12-civil-176:0002",
        "scope_id": "line-12-civil-176",
        "scope_type": "civil_segment"
      },
      "type": "Feature"
    },
    {
      "geometry": {
        "coordinates": [
          40.51573625,
          21.4600009
        ],
        "type": "Point"
      },
      "properties": {
        "chainage_m": 1680.0,
        "civil_class": "elevated",
        "investigation_flags": [
          "fine-soil-plasticity-and-shrink-swell-tests",
          "granular-density-and-groundwater-tests"
        ],
        "lat": 21.4600009,
        "line": "line-12",
        "lon": 40.51573625,
        "sample_id": "segment:line-12-civil-177:0000",
        "scope_id": "line-12-civil-177",
        "scope_type": "civil_segment"
      },
      "type": "Feature"
    },
    {
      "geometry": {
        "coordinates": [
          40.51592571,
          21.46000436
        ],
        "type": "Point"
      },
      "properties": {
        "chainage_m": 1700.0,
        "civil_class": "elevated",
        "investigation_flags": [
          "fine-soil-plasticity-and-shrink-swell-tests",
          "granular-density-and-groundwater-tests"
        ],
        "lat": 21.46000436,
        "line": "line-12",
        "lon": 40.51592571,
        "sample_id": "segment:line-12-civil-177:0001",
        "scope_id": "line-12-civil-177",
        "scope_type": "civil_segment"
      },
      "type": "Feature"
    },
    {
      "geometry": {
        "coordinates": [
          40.51611887,
          21.46000436
        ],
        "type": "Point"
      },
      "properties": {
        "chainage_m": 1720.0,
        "civil_class": "elevated",
        "investigation_flags": [
          "fine-soil-plasticity-and-shrink-swell-tests",
          "granular-density-and-groundwater-tests"
        ],
        "lat": 21.46000436,
        "line": "line-12",
        "lon": 40.51611887,
        "sample_id": "segment:line-12-civil-177:0002",
        "scope_id": "line-12-civil-177",
        "scope_type": "civil_segment"
      },
      "type": "Feature"
    },
    {
      "geometry": {
        "coordinates": [
          40.51611887,
          21.46000436
        ],
        "type": "Point"
      },
      "properties": {
        "chainage_m": 1720.0,
        "civil_class": "elevated",
        "investigation_flags": [
          "fine-soil-plasticity-and-shrink-swell-tests",
          "granular-density-and-groundwater-tests"
        ],
        "lat": 21.46000436,
        "line": "line-12",
        "lon": 40.51611887,
        "sample_id": "segment:line-12-civil-178:0000",
        "scope_id": "line-12-civil-178",
        "scope_type": "civil_segment"
      },
      "type": "Feature"
    },
    {
      "geometry": {
        "coordinates": [
          40.51621546,
          21.46000436
        ],
        "type": "Point"
      },
      "properties": {
        "chainage_m": 1730.0,
        "civil_class": "elevated",
        "investigation_flags": [
          "fine-soil-plasticity-and-shrink-swell-tests",
          "granular-density-and-groundwater-tests"
        ],
        "lat": 21.46000436,
        "line": "line-12",
        "lon": 40.51621546,
        "sample_id": "segment:line-12-civil-178:0001",
        "scope_id": "line-12-civil-178",
        "scope_type": "civil_segment"
      },
      "type": "Feature"
    },
    {
      "geometry": {
        "coordinates": [
          40.51631205,
          21.46000436
        ],
        "type": "Point"
      },
      "properties": {
        "chainage_m": 1740.0,
        "civil_class": "elevated",
        "investigation_flags": [
          "fine-soil-plasticity-and-shrink-swell-tests",
          "granular-density-and-groundwater-tests"
        ],
        "lat": 21.46000436,
        "line": "line-12",
        "lon": 40.51631205,
        "sample_id": "segment:line-12-civil-178:0002",
        "scope_id": "line-12-civil-178",
        "scope_type": "civil_segment"
      },
      "type": "Feature"
    },
    {
      "geometry": {
        "coordinates": [
          40.51631205,
          21.46000436
        ],
        "type": "Point"
      },
      "properties": {
        "chainage_m": 1740.0,
        "civil_class": "elevated",
        "investigation_flags": [
          "fine-soil-plasticity-and-shrink-swell-tests",
          "granular-density-and-groundwater-tests"
        ],
        "lat": 21.46000436,
        "line": "line-12",
        "lon": 40.51631205,
        "sample_id": "segment:line-12-civil-179:0000",
        "scope_id": "line-12-civil-179",
        "scope_type": "civil_segment"
      },
      "type": "Feature"
    },
    {
      "geometry": {
        "coordinates": [
          40.51631529,
          21.46009124
        ],
        "type": "Point"
      },
      "properties": {
        "chainage_m": 1750.0,
        "civil_class": "elevated",
        "investigation_flags": [
          "fine-soil-plasticity-and-shrink-swell-tests",
          "granular-density-and-groundwater-tests"
        ],
        "lat": 21.46009124,
        "line": "line-12",
        "lon": 40.51631529,
        "sample_id": "segment:line-12-civil-179:0001",
        "scope_id": "line-12-civil-179",
        "scope_type": "civil_segment"
      },
      "type": "Feature"
    },
    {
      "geometry": {
        "coordinates": [
          40.51631529,
          21.46018116
        ],
        "type": "Point"
      },
      "properties": {
        "chainage_m": 1760.0,
        "civil_class": "elevated",
        "investigation_flags": [
          "fine-soil-plasticity-and-shrink-swell-tests",
          "granular-density-and-groundwater-tests"
        ],
        "lat": 21.46018116,
        "line": "line-12",
        "lon": 40.51631529,
        "sample_id": "segment:line-12-civil-179:0002",
        "scope_id": "line-12-civil-179",
        "scope_type": "civil_segment"
      },
      "type": "Feature"
    },
    {
      "geometry": {
        "coordinates": [
          40.51631529,
          21.46018116
        ],
        "type": "Point"
      },
      "properties": {
        "chainage_m": 1760.0,
        "civil_class": "elevated",
        "investigation_flags": [
          "fine-soil-plasticity-and-shrink-swell-tests",
          "granular-density-and-groundwater-tests"
        ],
        "lat": 21.46018116,
        "line": "line-12",
        "lon": 40.51631529,
        "sample_id": "segment:line-12-civil-180:0000",
        "scope_id": "line-12-civil-180",
        "scope_type": "civil_segment"
      },
      "type": "Feature"
    },
    {
      "geometry": {
        "coordinates": [
          40.51631529,
          21.46027107
        ],
        "type": "Point"
      },
      "properties": {
        "chainage_m": 1770.0,
        "civil_class": "elevated",
        "investigation_flags": [
          "fine-soil-plasticity-and-shrink-swell-tests",
          "granular-density-and-groundwater-tests"
        ],
        "lat": 21.46027107,
        "line": "line-12",
        "lon": 40.51631529,
        "sample_id": "segment:line-12-civil-180:0001",
        "scope_id": "line-12-civil-180",
        "scope_type": "civil_segment"
      },
      "type": "Feature"
    },
    {
      "geometry": {
        "coordinates": [
          40.51631529,
          21.46036098
        ],
        "type": "Point"
      },
      "properties": {
        "chainage_m": 1780.0,
        "civil_class": "elevated",
        "investigation_flags": [
          "fine-soil-plasticity-and-shrink-swell-tests",
          "granular-density-and-groundwater-tests"
        ],
        "lat": 21.46036098,
        "line": "line-12",
        "lon": 40.51631529,
        "sample_id": "segment:line-12-civil-180:0002",
        "scope_id": "line-12-civil-180",
        "scope_type": "civil_segment"
      },
      "type": "Feature"
    },
    {
      "geometry": {
        "coordinates": [
          40.51631529,
          21.46036098
        ],
        "type": "Point"
      },
      "properties": {
        "chainage_m": 1780.0,
        "civil_class": "elevated",
        "investigation_flags": [
          "fine-soil-plasticity-and-shrink-swell-tests",
          "granular-density-and-groundwater-tests"
        ],
        "lat": 21.46036098,
        "line": "line-12",
        "lon": 40.51631529,
        "sample_id": "segment:line-12-civil-181:0000",
        "scope_id": "line-12-civil-181",
        "scope_type": "civil_segment"
      },
      "type": "Feature"
    },
    {
      "geometry": {
        "coordinates": [
          40.51650492,
          21.46036429
        ],
        "type": "Point"
      },
      "properties": {
        "chainage_m": 1800.0,
        "civil_class": "elevated",
        "investigation_flags": [
          "fine-soil-plasticity-and-shrink-swell-tests",
          "granular-density-and-groundwater-tests"
        ],
        "lat": 21.46036429,
        "line": "line-12",
        "lon": 40.51650492,
        "sample_id": "segment:line-12-civil-181:0001",
        "scope_id": "line-12-civil-181",
        "scope_type": "civil_segment"
      },
      "type": "Feature"
    },
    {
      "geometry": {
        "coordinates": [
          40.51669808,
          21.46036429
        ],
        "type": "Point"
      },
      "properties": {
        "chainage_m": 1820.0,
        "civil_class": "elevated",
        "investigation_flags": [
          "fine-soil-plasticity-and-shrink-swell-tests",
          "granular-density-and-groundwater-tests"
        ],
        "lat": 21.46036429,
        "line": "line-12",
        "lon": 40.51669808,
        "sample_id": "segment:line-12-civil-181:0002",
        "scope_id": "line-12-civil-181",
        "scope_type": "civil_segment"
      },
      "type": "Feature"
    },
    {
      "geometry": {
        "coordinates": [
          40.51669808,
          21.46036429
        ],
        "type": "Point"
      },
      "properties": {
        "chainage_m": 1820.0,
        "civil_class": "elevated",
        "investigation_flags": [
          "fine-soil-plasticity-and-shrink-swell-tests",
          "granular-density-and-groundwater-tests"
        ],
        "lat": 21.46036429,
        "line": "line-12",
        "lon": 40.51669808,
        "sample_id": "segment:line-12-civil-182:0000",
        "scope_id": "line-12-civil-182",
        "scope_type": "civil_segment"
      },
      "type": "Feature"
    },
    {
      "geometry": {
        "coordinates": [
          40.51670132,
          21.46045118
        ],
        "type": "Point"
      },
      "properties": {
        "chainage_m": 1830.0,
        "civil_class": "elevated",
        "investigation_flags": [
          "fine-soil-plasticity-and-shrink-swell-tests",
          "granular-density-and-groundwater-tests"
        ],
        "lat": 21.46045118,
        "line": "line-12",
        "lon": 40.51670132,
        "sample_id": "segment:line-12-civil-182:0001",
        "scope_id": "line-12-civil-182",
        "scope_type": "civil_segment"
      },
      "type": "Feature"
    },
    {
      "geometry": {
        "coordinates": [
          40.51670132,
          21.4605411
        ],
        "type": "Point"
      },
      "properties": {
        "chainage_m": 1840.0,
        "civil_class": "elevated",
        "investigation_flags": [
          "fine-soil-plasticity-and-shrink-swell-tests",
          "granular-density-and-groundwater-tests"
        ],
        "lat": 21.4605411,
        "line": "line-12",
        "lon": 40.51670132,
        "sample_id": "segment:line-12-civil-182:0002",
        "scope_id": "line-12-civil-182",
        "scope_type": "civil_segment"
      },
      "type": "Feature"
    },
    {
      "geometry": {
        "coordinates": [
          40.51670132,
          21.4605411
        ],
        "type": "Point"
      },
      "properties": {
        "chainage_m": 1840.0,
        "civil_class": "elevated",
        "investigation_flags": [
          "fine-soil-plasticity-and-shrink-swell-tests",
          "granular-density-and-groundwater-tests"
        ],
        "lat": 21.4605411,
        "line": "line-12",
        "lon": 40.51670132,
        "sample_id": "segment:line-12-civil-183:0000",
        "scope_id": "line-12-civil-183",
        "scope_type": "civil_segment"
      },
      "type": "Feature"
    },
    {
      "geometry": {
        "coordinates": [
          40.51679452,
          21.46054426
        ],
        "type": "Point"
      },
      "properties": {
        "chainage_m": 1850.0,
        "civil_class": "elevated",
        "investigation_flags": [
          "fine-soil-plasticity-and-shrink-swell-tests",
          "granular-density-and-groundwater-tests"
        ],
        "lat": 21.46054426,
        "line": "line-12",
        "lon": 40.51679452,
        "sample_id": "segment:line-12-civil-183:0001",
        "scope_id": "line-12-civil-183",
        "scope_type": "civil_segment"
      },
      "type": "Feature"
    },
    {
      "geometry": {
        "coordinates": [
          40.5168911,
          21.46054426
        ],
        "type": "Point"
      },
      "properties": {
        "chainage_m": 1860.0,
        "civil_class": "elevated",
        "investigation_flags": [
          "fine-soil-plasticity-and-shrink-swell-tests",
          "granular-density-and-groundwater-tests"
        ],
        "lat": 21.46054426,
        "line": "line-12",
        "lon": 40.5168911,
        "sample_id": "segment:line-12-civil-183:0002",
        "scope_id": "line-12-civil-183",
        "scope_type": "civil_segment"
      },
      "type": "Feature"
    },
    {
      "geometry": {
        "coordinates": [
          40.5168911,
          21.46054426
        ],
        "type": "Point"
      },
      "properties": {
        "chainage_m": 1860.0,
        "civil_class": "elevated",
        "investigation_flags": [
          "fine-soil-plasticity-and-shrink-swell-tests",
          "granular-density-and-groundwater-tests"
        ],
        "lat": 21.46054426,
        "line": "line-12",
        "lon": 40.5168911,
        "sample_id": "segment:line-12-civil-184:0000",
        "scope_id": "line-12-civil-184",
        "scope_type": "civil_segment"
      },
      "type": "Feature"
    },
    {
      "geometry": {
        "coordinates": [
          40.51698769,
          21.46054426
        ],
        "type": "Point"
      },
      "properties": {
        "chainage_m": 1870.0,
        "civil_class": "elevated",
        "investigation_flags": [
          "fine-soil-plasticity-and-shrink-swell-tests",
          "granular-density-and-groundwater-tests"
        ],
        "lat": 21.46054426,
        "line": "line-12",
        "lon": 40.51698769,
        "sample_id": "segment:line-12-civil-184:0001",
        "scope_id": "line-12-civil-184",
        "scope_type": "civil_segment"
      },
      "type": "Feature"
    },
    {
      "geometry": {
        "coordinates": [
          40.51708428,
          21.46054426
        ],
        "type": "Point"
      },
      "properties": {
        "chainage_m": 1880.0,
        "civil_class": "elevated",
        "investigation_flags": [
          "fine-soil-plasticity-and-shrink-swell-tests",
          "granular-density-and-groundwater-tests"
        ],
        "lat": 21.46054426,
        "line": "line-12",
        "lon": 40.51708428,
        "sample_id": "segment:line-12-civil-184:0002",
        "scope_id": "line-12-civil-184",
        "scope_type": "civil_segment"
      },
      "type": "Feature"
    },
    {
      "geometry": {
        "coordinates": [
          40.51708428,
          21.46054426
        ],
        "type": "Point"
      },
      "properties": {
        "chainage_m": 1880.0,
        "civil_class": "elevated",
        "investigation_flags": [
          "fine-soil-plasticity-and-shrink-swell-tests",
          "granular-density-and-groundwater-tests"
        ],
        "lat": 21.46054426,
        "line": "line-12",
        "lon": 40.51708428,
        "sample_id": "segment:line-12-civil-185:0000",
        "scope_id": "line-12-civil-185",
        "scope_type": "civil_segment"
      },
      "type": "Feature"
    },
    {
      "geometry": {
        "coordinates": [
          40.51718086,
          21.46054426
        ],
        "type": "Point"
      },
      "properties": {
        "chainage_m": 1890.0,
        "civil_class": "elevated",
        "investigation_flags": [
          "fine-soil-plasticity-and-shrink-swell-tests",
          "granular-density-and-groundwater-tests"
        ],
        "lat": 21.46054426,
        "line": "line-12",
        "lon": 40.51718086,
        "sample_id": "segment:line-12-civil-185:0001",
        "scope_id": "line-12-civil-185",
        "scope_type": "civil_segment"
      },
      "type": "Feature"
    },
    {
      "geometry": {
        "coordinates": [
          40.51727745,
          21.46054426
        ],
        "type": "Point"
      },
      "properties": {
        "chainage_m": 1900.0,
        "civil_class": "elevated",
        "investigation_flags": [
          "fine-soil-plasticity-and-shrink-swell-tests",
          "granular-density-and-groundwater-tests"
        ],
        "lat": 21.46054426,
        "line": "line-12",
        "lon": 40.51727745,
        "sample_id": "segment:line-12-civil-185:0002",
        "scope_id": "line-12-civil-185",
        "scope_type": "civil_segment"
      },
      "type": "Feature"
    },
    {
      "geometry": {
        "coordinates": [
          40.51727745,
          21.46054426
        ],
        "type": "Point"
      },
      "properties": {
        "chainage_m": 1900.0,
        "civil_class": "elevated",
        "investigation_flags": [
          "fine-soil-plasticity-and-shrink-swell-tests",
          "granular-density-and-groundwater-tests"
        ],
        "lat": 21.46054426,
        "line": "line-12",
        "lon": 40.51727745,
        "sample_id": "segment:line-12-civil-186:0000",
        "scope_id": "line-12-civil-186",
        "scope_type": "civil_segment"
      },
      "type": "Feature"
    },
    {
      "geometry": {
        "coordinates": [
          40.51728037,
          21.46063145
        ],
        "type": "Point"
      },
      "properties": {
        "chainage_m": 1910.0,
        "civil_class": "elevated",
        "investigation_flags": [
          "fine-soil-plasticity-and-shrink-swell-tests",
          "granular-density-and-groundwater-tests"
        ],
        "lat": 21.46063145,
        "line": "line-12",
        "lon": 40.51728037,
        "sample_id": "segment:line-12-civil-186:0001",
        "scope_id": "line-12-civil-186",
        "scope_type": "civil_segment"
      },
      "type": "Feature"
    },
    {
      "geometry": {
        "coordinates": [
          40.51728037,
          21.46072136
        ],
        "type": "Point"
      },
      "properties": {
        "chainage_m": 1920.0,
        "civil_class": "elevated",
        "investigation_flags": [
          "fine-soil-plasticity-and-shrink-swell-tests",
          "granular-density-and-groundwater-tests"
        ],
        "lat": 21.46072136,
        "line": "line-12",
        "lon": 40.51728037,
        "sample_id": "segment:line-12-civil-186:0002",
        "scope_id": "line-12-civil-186",
        "scope_type": "civil_segment"
      },
      "type": "Feature"
    },
    {
      "geometry": {
        "coordinates": [
          40.51728037,
          21.46072136
        ],
        "type": "Point"
      },
      "properties": {
        "chainage_m": 1920.0,
        "civil_class": "elevated",
        "investigation_flags": [
          "fine-soil-plasticity-and-shrink-swell-tests",
          "granular-density-and-groundwater-tests"
        ],
        "lat": 21.46072136,
        "line": "line-12",
        "lon": 40.51728037,
        "sample_id": "segment:line-12-civil-187:0000",
        "scope_id": "line-12-civil-187",
        "scope_type": "civil_segment"
      },
      "type": "Feature"
    },
    {
      "geometry": {
        "coordinates": [
          40.51728037,
          21.46081127
        ],
        "type": "Point"
      },
      "properties": {
        "chainage_m": 1930.0,
        "civil_class": "elevated",
        "investigation_flags": [
          "fine-soil-plasticity-and-shrink-swell-tests",
          "granular-density-and-groundwater-tests"
        ],
        "lat": 21.46081127,
        "line": "line-12",
        "lon": 40.51728037,
        "sample_id": "segment:line-12-civil-187:0001",
        "scope_id": "line-12-civil-187",
        "scope_type": "civil_segment"
      },
      "type": "Feature"
    },
    {
      "geometry": {
        "coordinates": [
          40.51728037,
          21.46090118
        ],
        "type": "Point"
      },
      "properties": {
        "chainage_m": 1940.0,
        "civil_class": "elevated",
        "investigation_flags": [
          "fine-soil-plasticity-and-shrink-swell-tests",
          "granular-density-and-groundwater-tests"
        ],
        "lat": 21.46090118,
        "line": "line-12",
        "lon": 40.51728037,
        "sample_id": "segment:line-12-civil-187:0002",
        "scope_id": "line-12-civil-187",
        "scope_type": "civil_segment"
      },
      "type": "Feature"
    },
    {
      "geometry": {
        "coordinates": [
          40.51728037,
          21.46090118
        ],
        "type": "Point"
      },
      "properties": {
        "chainage_m": 1940.0,
        "civil_class": "elevated",
        "investigation_flags": [
          "fine-soil-plasticity-and-shrink-swell-tests",
          "granular-density-and-groundwater-tests"
        ],
        "lat": 21.46090118,
        "line": "line-12",
        "lon": 40.51728037,
        "sample_id": "segment:line-12-civil-188:0000",
        "scope_id": "line-12-civil-188",
        "scope_type": "civil_segment"
      },
      "type": "Feature"
    },
    {
      "geometry": {
        "coordinates": [
          40.51737373,
          21.46090419
        ],
        "type": "Point"
      },
      "properties": {
        "chainage_m": 1950.0,
        "civil_class": "elevated",
        "investigation_flags": [
          "fine-soil-plasticity-and-shrink-swell-tests",
          "granular-density-and-groundwater-tests"
        ],
        "lat": 21.46090419,
        "line": "line-12",
        "lon": 40.51737373,
        "sample_id": "segment:line-12-civil-188:0001",
        "scope_id": "line-12-civil-188",
        "scope_type": "civil_segment"
      },
      "type": "Feature"
    },
    {
      "geometry": {
        "coordinates": [
          40.51747031,
          21.46090419
        ],
        "type": "Point"
      },
      "properties": {
        "chainage_m": 1960.0,
        "civil_class": "elevated",
        "investigation_flags": [
          "fine-soil-plasticity-and-shrink-swell-tests",
          "granular-density-and-groundwater-tests"
        ],
        "lat": 21.46090419,
        "line": "line-12",
        "lon": 40.51747031,
        "sample_id": "segment:line-12-civil-188:0002",
        "scope_id": "line-12-civil-188",
        "scope_type": "civil_segment"
      },
      "type": "Feature"
    },
    {
      "geometry": {
        "coordinates": [
          40.51747031,
          21.46090419
        ],
        "type": "Point"
      },
      "properties": {
        "chainage_m": 1960.0,
        "civil_class": "elevated",
        "investigation_flags": [
          "fine-soil-plasticity-and-shrink-swell-tests",
          "granular-density-and-groundwater-tests"
        ],
        "lat": 21.46090419,
        "line": "line-12",
        "lon": 40.51747031,
        "sample_id": "segment:line-12-civil-189:0000",
        "scope_id": "line-12-civil-189",
        "scope_type": "civil_segment"
      },
      "type": "Feature"
    },
    {
      "geometry": {
        "coordinates": [
          40.51766295,
          21.46090419
        ],
        "type": "Point"
      },
      "properties": {
        "chainage_m": 1980.0,
        "civil_class": "elevated",
        "investigation_flags": [
          "fine-soil-plasticity-and-shrink-swell-tests",
          "granular-density-and-groundwater-tests"
        ],
        "lat": 21.46090419,
        "line": "line-12",
        "lon": 40.51766295,
        "sample_id": "segment:line-12-civil-189:0001",
        "scope_id": "line-12-civil-189",
        "scope_type": "civil_segment"
      },
      "type": "Feature"
    },
    {
      "geometry": {
        "coordinates": [
          40.5176664,
          21.4610813
        ],
        "type": "Point"
      },
      "properties": {
        "chainage_m": 2000.0,
        "civil_class": "elevated",
        "investigation_flags": [
          "fine-soil-plasticity-and-shrink-swell-tests",
          "granular-density-and-groundwater-tests"
        ],
        "lat": 21.4610813,
        "line": "line-12",
        "lon": 40.5176664,
        "sample_id": "segment:line-12-civil-189:0002",
        "scope_id": "line-12-civil-189",
        "scope_type": "civil_segment"
      },
      "type": "Feature"
    },
    {
      "geometry": {
        "coordinates": [
          40.5176664,
          21.4610813
        ],
        "type": "Point"
      },
      "properties": {
        "chainage_m": 2000.0,
        "civil_class": "elevated",
        "investigation_flags": [
          "fine-soil-plasticity-and-shrink-swell-tests",
          "granular-density-and-groundwater-tests"
        ],
        "lat": 21.4610813,
        "line": "line-12",
        "lon": 40.5176664,
        "sample_id": "segment:line-12-civil-190:0000",
        "scope_id": "line-12-civil-190",
        "scope_type": "civil_segment"
      },
      "type": "Feature"
    },
    {
      "geometry": {
        "coordinates": [
          40.51775992,
          21.46108416
        ],
        "type": "Point"
      },
      "properties": {
        "chainage_m": 2010.0,
        "civil_class": "elevated",
        "investigation_flags": [
          "fine-soil-plasticity-and-shrink-swell-tests",
          "granular-density-and-groundwater-tests"
        ],
        "lat": 21.46108416,
        "line": "line-12",
        "lon": 40.51775992,
        "sample_id": "segment:line-12-civil-190:0001",
        "scope_id": "line-12-civil-190",
        "scope_type": "civil_segment"
      },
      "type": "Feature"
    },
    {
      "geometry": {
        "coordinates": [
          40.5178565,
          21.46108416
        ],
        "type": "Point"
      },
      "properties": {
        "chainage_m": 2020.0,
        "civil_class": "elevated",
        "investigation_flags": [
          "fine-soil-plasticity-and-shrink-swell-tests",
          "granular-density-and-groundwater-tests"
        ],
        "lat": 21.46108416,
        "line": "line-12",
        "lon": 40.5178565,
        "sample_id": "segment:line-12-civil-190:0002",
        "scope_id": "line-12-civil-190",
        "scope_type": "civil_segment"
      },
      "type": "Feature"
    },
    {
      "geometry": {
        "coordinates": [
          40.5178565,
          21.46108416
        ],
        "type": "Point"
      },
      "properties": {
        "chainage_m": 2020.0,
        "civil_class": "elevated",
        "investigation_flags": [
          "fine-soil-plasticity-and-shrink-swell-tests",
          "granular-density-and-groundwater-tests"
        ],
        "lat": 21.46108416,
        "line": "line-12",
        "lon": 40.5178565,
        "sample_id": "segment:line-12-civil-191:0000",
        "scope_id": "line-12-civil-191",
        "scope_type": "civil_segment"
      },
      "type": "Feature"
    },
    {
      "geometry": {
        "coordinates": [
          40.51795309,
          21.46108416
        ],
        "type": "Point"
      },
      "properties": {
        "chainage_m": 2030.0,
        "civil_class": "elevated",
        "investigation_flags": [
          "fine-soil-plasticity-and-shrink-swell-tests",
          "granular-density-and-groundwater-tests"
        ],
        "lat": 21.46108416,
        "line": "line-12",
        "lon": 40.51795309,
        "sample_id": "segment:line-12-civil-191:0001",
        "scope_id": "line-12-civil-191",
        "scope_type": "civil_segment"
      },
      "type": "Feature"
    },
    {
      "geometry": {
        "coordinates": [
          40.51804968,
          21.46108416
        ],
        "type": "Point"
      },
      "properties": {
        "chainage_m": 2040.0,
        "civil_class": "elevated",
        "investigation_flags": [
          "fine-soil-plasticity-and-shrink-swell-tests",
          "granular-density-and-groundwater-tests"
        ],
        "lat": 21.46108416,
        "line": "line-12",
        "lon": 40.51804968,
        "sample_id": "segment:line-12-civil-191:0002",
        "scope_id": "line-12-civil-191",
        "scope_type": "civil_segment"
      },
      "type": "Feature"
    },
    {
      "geometry": {
        "coordinates": [
          40.51804968,
          21.46108416
        ],
        "type": "Point"
      },
      "properties": {
        "chainage_m": 2040.0,
        "civil_class": "elevated",
        "investigation_flags": [
          "fine-soil-plasticity-and-shrink-swell-tests",
          "granular-density-and-groundwater-tests"
        ],
        "lat": 21.46108416,
        "line": "line-12",
        "lon": 40.51804968,
        "sample_id": "segment:line-12-civil-192:0000",
        "scope_id": "line-12-civil-192",
        "scope_type": "civil_segment"
      },
      "type": "Feature"
    },
    {
      "geometry": {
        "coordinates": [
          40.51805243,
          21.46126191
        ],
        "type": "Point"
      },
      "properties": {
        "chainage_m": 2060.0,
        "civil_class": "elevated",
        "investigation_flags": [
          "fine-soil-plasticity-and-shrink-swell-tests",
          "granular-density-and-groundwater-tests"
        ],
        "lat": 21.46126191,
        "line": "line-12",
        "lon": 40.51805243,
        "sample_id": "segment:line-12-civil-192:0001",
        "scope_id": "line-12-civil-192",
        "scope_type": "civil_segment"
      },
      "type": "Feature"
    },
    {
      "geometry": {
        "coordinates": [
          40.5182427,
          21.46126413
        ],
        "type": "Point"
      },
      "properties": {
        "chainage_m": 2080.0,
        "civil_class": "elevated",
        "investigation_flags": [
          "fine-soil-plasticity-and-shrink-swell-tests",
          "granular-density-and-groundwater-tests"
        ],
        "lat": 21.46126413,
        "line": "line-12",
        "lon": 40.5182427,
        "sample_id": "segment:line-12-civil-192:0002",
        "scope_id": "line-12-civil-192",
        "scope_type": "civil_segment"
      },
      "type": "Feature"
    },
    {
      "geometry": {
        "coordinates": [
          40.5182427,
          21.46126413
        ],
        "type": "Point"
      },
      "properties": {
        "chainage_m": 2080.0,
        "civil_class": "elevated",
        "investigation_flags": [
          "fine-soil-plasticity-and-shrink-swell-tests",
          "granular-density-and-groundwater-tests"
        ],
        "lat": 21.46126413,
        "line": "line-12",
        "lon": 40.5182427,
        "sample_id": "segment:line-12-civil-193:0000",
        "scope_id": "line-12-civil-193",
        "scope_type": "civil_segment"
      },
      "type": "Feature"
    },
    {
      "geometry": {
        "coordinates": [
          40.51833928,
          21.46126413
        ],
        "type": "Point"
      },
      "properties": {
        "chainage_m": 2090.0,
        "civil_class": "elevated",
        "investigation_flags": [
          "fine-soil-plasticity-and-shrink-swell-tests",
          "granular-density-and-groundwater-tests"
        ],
        "lat": 21.46126413,
        "line": "line-12",
        "lon": 40.51833928,
        "sample_id": "segment:line-12-civil-193:0001",
        "scope_id": "line-12-civil-193",
        "scope_type": "civil_segment"
      },
      "type": "Feature"
    },
    {
      "geometry": {
        "coordinates": [
          40.51843587,
          21.46126413
        ],
        "type": "Point"
      },
      "properties": {
        "chainage_m": 2100.0,
        "civil_class": "elevated",
        "investigation_flags": [
          "fine-soil-plasticity-and-shrink-swell-tests",
          "granular-density-and-groundwater-tests"
        ],
        "lat": 21.46126413,
        "line": "line-12",
        "lon": 40.51843587,
        "sample_id": "segment:line-12-civil-193:0002",
        "scope_id": "line-12-civil-193",
        "scope_type": "civil_segment"
      },
      "type": "Feature"
    },
    {
      "geometry": {
        "coordinates": [
          40.51843587,
          21.46126413
        ],
        "type": "Point"
      },
      "properties": {
        "chainage_m": 2100.0,
        "civil_class": "elevated",
        "investigation_flags": [
          "fine-soil-plasticity-and-shrink-swell-tests",
          "granular-density-and-groundwater-tests"
        ],
        "lat": 21.46126413,
        "line": "line-12",
        "lon": 40.51843587,
        "sample_id": "segment:line-12-civil-194:0000",
        "scope_id": "line-12-civil-194",
        "scope_type": "civil_segment"
      },
      "type": "Feature"
    },
    {
      "geometry": {
        "coordinates": [
          40.51843846,
          21.46144202
        ],
        "type": "Point"
      },
      "properties": {
        "chainage_m": 2120.0,
        "civil_class": "elevated",
        "investigation_flags": [
          "fine-soil-plasticity-and-shrink-swell-tests",
          "granular-density-and-groundwater-tests"
        ],
        "lat": 21.46144202,
        "line": "line-12",
        "lon": 40.51843846,
        "sample_id": "segment:line-12-civil-194:0001",
        "scope_id": "line-12-civil-194",
        "scope_type": "civil_segment"
      },
      "type": "Feature"
    },
    {
      "geometry": {
        "coordinates": [
          40.51862889,
          21.46144409
        ],
        "type": "Point"
      },
      "properties": {
        "chainage_m": 2140.0,
        "civil_class": "elevated",
        "investigation_flags": [
          "fine-soil-plasticity-and-shrink-swell-tests",
          "granular-density-and-groundwater-tests"
        ],
        "lat": 21.46144409,
        "line": "line-12",
        "lon": 40.51862889,
        "sample_id": "segment:line-12-civil-194:0002",
        "scope_id": "line-12-civil-194",
        "scope_type": "civil_segment"
      },
      "type": "Feature"
    },
    {
      "geometry": {
        "coordinates": [
          40.51862889,
          21.46144409
        ],
        "type": "Point"
      },
      "properties": {
        "chainage_m": 2140.0,
        "civil_class": "elevated",
        "investigation_flags": [
          "fine-soil-plasticity-and-shrink-swell-tests",
          "granular-density-and-groundwater-tests"
        ],
        "lat": 21.46144409,
        "line": "line-12",
        "lon": 40.51862889,
        "sample_id": "segment:line-12-civil-195:0000",
        "scope_id": "line-12-civil-195",
        "scope_type": "civil_segment"
      },
      "type": "Feature"
    },
    {
      "geometry": {
        "coordinates": [
          40.51872547,
          21.46144409
        ],
        "type": "Point"
      },
      "properties": {
        "chainage_m": 2150.0,
        "civil_class": "elevated",
        "investigation_flags": [
          "fine-soil-plasticity-and-shrink-swell-tests",
          "granular-density-and-groundwater-tests"
        ],
        "lat": 21.46144409,
        "line": "line-12",
        "lon": 40.51872547,
        "sample_id": "segment:line-12-civil-195:0001",
        "scope_id": "line-12-civil-195",
        "scope_type": "civil_segment"
      },
      "type": "Feature"
    },
    {
      "geometry": {
        "coordinates": [
          40.51882206,
          21.46144409
        ],
        "type": "Point"
      },
      "properties": {
        "chainage_m": 2160.0,
        "civil_class": "elevated",
        "investigation_flags": [
          "fine-soil-plasticity-and-shrink-swell-tests",
          "granular-density-and-groundwater-tests"
        ],
        "lat": 21.46144409,
        "line": "line-12",
        "lon": 40.51882206,
        "sample_id": "segment:line-12-civil-195:0002",
        "scope_id": "line-12-civil-195",
        "scope_type": "civil_segment"
      },
      "type": "Feature"
    },
    {
      "geometry": {
        "coordinates": [
          40.51882206,
          21.46144409
        ],
        "type": "Point"
      },
      "properties": {
        "chainage_m": 2160.0,
        "civil_class": "elevated",
        "investigation_flags": [
          "fine-soil-plasticity-and-shrink-swell-tests",
          "granular-density-and-groundwater-tests"
        ],
        "lat": 21.46144409,
        "line": "line-12",
        "lon": 40.51882206,
        "sample_id": "segment:line-12-civil-196:0000",
        "scope_id": "line-12-civil-196",
        "scope_type": "civil_segment"
      },
      "type": "Feature"
    },
    {
      "geometry": {
        "coordinates": [
          40.51882449,
          21.46162214
        ],
        "type": "Point"
      },
      "properties": {
        "chainage_m": 2180.0,
        "civil_class": "elevated",
        "investigation_flags": [
          "fine-soil-plasticity-and-shrink-swell-tests",
          "granular-density-and-groundwater-tests"
        ],
        "lat": 21.46162214,
        "line": "line-12",
        "lon": 40.51882449,
        "sample_id": "segment:line-12-civil-196:0001",
        "scope_id": "line-12-civil-196",
        "scope_type": "civil_segment"
      },
      "type": "Feature"
    },
    {
      "geometry": {
        "coordinates": [
          40.51901508,
          21.46162406
        ],
        "type": "Point"
      },
      "properties": {
        "chainage_m": 2200.0,
        "civil_class": "elevated",
        "investigation_flags": [
          "fine-soil-plasticity-and-shrink-swell-tests",
          "granular-density-and-groundwater-tests"
        ],
        "lat": 21.46162406,
        "line": "line-12",
        "lon": 40.51901508,
        "sample_id": "segment:line-12-civil-196:0002",
        "scope_id": "line-12-civil-196",
        "scope_type": "civil_segment"
      },
      "type": "Feature"
    },
    {
      "geometry": {
        "coordinates": [
          40.51901508,
          21.46162406
        ],
        "type": "Point"
      },
      "properties": {
        "chainage_m": 2200.0,
        "civil_class": "elevated",
        "investigation_flags": [
          "fine-soil-plasticity-and-shrink-swell-tests",
          "granular-density-and-groundwater-tests"
        ],
        "lat": 21.46162406,
        "line": "line-12",
        "lon": 40.51901508,
        "sample_id": "segment:line-12-civil-197:0000",
        "scope_id": "line-12-civil-197",
        "scope_type": "civil_segment"
      },
      "type": "Feature"
    },
    {
      "geometry": {
        "coordinates": [
          40.51911167,
          21.46162406
        ],
        "type": "Point"
      },
      "properties": {
        "chainage_m": 2210.0,
        "civil_class": "elevated",
        "investigation_flags": [
          "fine-soil-plasticity-and-shrink-swell-tests",
          "granular-density-and-groundwater-tests"
        ],
        "lat": 21.46162406,
        "line": "line-12",
        "lon": 40.51911167,
        "sample_id": "segment:line-12-civil-197:0001",
        "scope_id": "line-12-civil-197",
        "scope_type": "civil_segment"
      },
      "type": "Feature"
    },
    {
      "geometry": {
        "coordinates": [
          40.51920825,
          21.46162406
        ],
        "type": "Point"
      },
      "properties": {
        "chainage_m": 2220.0,
        "civil_class": "elevated",
        "investigation_flags": [
          "fine-soil-plasticity-and-shrink-swell-tests",
          "granular-density-and-groundwater-tests"
        ],
        "lat": 21.46162406,
        "line": "line-12",
        "lon": 40.51920825,
        "sample_id": "segment:line-12-civil-197:0002",
        "scope_id": "line-12-civil-197",
        "scope_type": "civil_segment"
      },
      "type": "Feature"
    },
    {
      "geometry": {
        "coordinates": [
          40.51920825,
          21.46162406
        ],
        "type": "Point"
      },
      "properties": {
        "chainage_m": 2220.0,
        "civil_class": "elevated",
        "investigation_flags": [
          "fine-soil-plasticity-and-shrink-swell-tests",
          "granular-density-and-groundwater-tests"
        ],
        "lat": 21.46162406,
        "line": "line-12",
        "lon": 40.51920825,
        "sample_id": "segment:line-12-civil-198:0000",
        "scope_id": "line-12-civil-198",
        "scope_type": "civil_segment"
      },
      "type": "Feature"
    },
    {
      "geometry": {
        "coordinates": [
          40.51959655,
          21.46189247
        ],
        "type": "Point"
      },
      "properties": {
        "chainage_m": 2290.0,
        "civil_class": "elevated",
        "investigation_flags": [
          "fine-soil-plasticity-and-shrink-swell-tests",
          "granular-density-and-groundwater-tests"
        ],
        "lat": 21.46189247,
        "line": "line-12",
        "lon": 40.51959655,
        "sample_id": "segment:line-12-civil-198:0001",
        "scope_id": "line-12-civil-198",
        "scope_type": "civil_segment"
      },
      "type": "Feature"
    },
    {
      "geometry": {
        "coordinates": [
          40.52017381,
          21.46198399
        ],
        "type": "Point"
      },
      "properties": {
        "chainage_m": 2360.0,
        "civil_class": "elevated",
        "investigation_flags": [
          "fine-soil-plasticity-and-shrink-swell-tests",
          "granular-density-and-groundwater-tests"
        ],
        "lat": 21.46198399,
        "line": "line-12",
        "lon": 40.52017381,
        "sample_id": "segment:line-12-civil-198:0002",
        "scope_id": "line-12-civil-198",
        "scope_type": "civil_segment"
      },
      "type": "Feature"
    },
    {
      "geometry": {
        "coordinates": [
          40.52017381,
          21.46198399
        ],
        "type": "Point"
      },
      "properties": {
        "chainage_m": 2360.0,
        "civil_class": "elevated",
        "investigation_flags": [
          "fine-soil-plasticity-and-shrink-swell-tests",
          "granular-density-and-groundwater-tests"
        ],
        "lat": 21.46198399,
        "line": "line-12",
        "lon": 40.52017381,
        "sample_id": "segment:line-12-civil-199:0000",
        "scope_id": "line-12-civil-199",
        "scope_type": "civil_segment"
      },
      "type": "Feature"
    },
    {
      "geometry": {
        "coordinates": [
          40.5201756,
          21.46207223
        ],
        "type": "Point"
      },
      "properties": {
        "chainage_m": 2370.0,
        "civil_class": "elevated",
        "investigation_flags": [
          "fine-soil-plasticity-and-shrink-swell-tests",
          "granular-density-and-groundwater-tests"
        ],
        "lat": 21.46207223,
        "line": "line-12",
        "lon": 40.5201756,
        "sample_id": "segment:line-12-civil-199:0001",
        "scope_id": "line-12-civil-199",
        "scope_type": "civil_segment"
      },
      "type": "Feature"
    },
    {
      "geometry": {
        "coordinates": [
          40.5201756,
          21.46216215
        ],
        "type": "Point"
      },
      "properties": {
        "chainage_m": 2380.0,
        "civil_class": "elevated",
        "investigation_flags": [
          "fine-soil-plasticity-and-shrink-swell-tests",
          "granular-density-and-groundwater-tests"
        ],
        "lat": 21.46216215,
        "line": "line-12",
        "lon": 40.5201756,
        "sample_id": "segment:line-12-civil-199:0002",
        "scope_id": "line-12-civil-199",
        "scope_type": "civil_segment"
      },
      "type": "Feature"
    },
    {
      "geometry": {
        "coordinates": [
          40.5201756,
          21.46216215
        ],
        "type": "Point"
      },
      "properties": {
        "chainage_m": 2380.0,
        "civil_class": "elevated",
        "investigation_flags": [
          "fine-soil-plasticity-and-shrink-swell-tests",
          "granular-density-and-groundwater-tests"
        ],
        "lat": 21.46216215,
        "line": "line-12",
        "lon": 40.5201756,
        "sample_id": "segment:line-12-civil-200:0000",
        "scope_id": "line-12-civil-200",
        "scope_type": "civil_segment"
      },
      "type": "Feature"
    },
    {
      "geometry": {
        "coordinates": [
          40.52027025,
          21.46216396
        ],
        "type": "Point"
      },
      "properties": {
        "chainage_m": 2390.0,
        "civil_class": "elevated",
        "investigation_flags": [
          "fine-soil-plasticity-and-shrink-swell-tests",
          "granular-density-and-groundwater-tests"
        ],
        "lat": 21.46216396,
        "line": "line-12",
        "lon": 40.52027025,
        "sample_id": "segment:line-12-civil-200:0001",
        "scope_id": "line-12-civil-200",
        "scope_type": "civil_segment"
      },
      "type": "Feature"
    },
    {
      "geometry": {
        "coordinates": [
          40.52036683,
          21.46216396
        ],
        "type": "Point"
      },
      "properties": {
        "chainage_m": 2400.0,
        "civil_class": "elevated",
        "investigation_flags": [
          "fine-soil-plasticity-and-shrink-swell-tests",
          "granular-density-and-groundwater-tests"
        ],
        "lat": 21.46216396,
        "line": "line-12",
        "lon": 40.52036683,
        "sample_id": "segment:line-12-civil-200:0002",
        "scope_id": "line-12-civil-200",
        "scope_type": "civil_segment"
      },
      "type": "Feature"
    },
    {
      "geometry": {
        "coordinates": [
          40.52036683,
          21.46216396
        ],
        "type": "Point"
      },
      "properties": {
        "chainage_m": 2400.0,
        "civil_class": "elevated",
        "investigation_flags": [
          "fine-soil-plasticity-and-shrink-swell-tests",
          "granular-density-and-groundwater-tests"
        ],
        "lat": 21.46216396,
        "line": "line-12",
        "lon": 40.52036683,
        "sample_id": "segment:line-12-civil-201:0000",
        "scope_id": "line-12-civil-201",
        "scope_type": "civil_segment"
      },
      "type": "Feature"
    },
    {
      "geometry": {
        "coordinates": [
          40.52046342,
          21.46216396
        ],
        "type": "Point"
      },
      "properties": {
        "chainage_m": 2410.0,
        "civil_class": "elevated",
        "investigation_flags": [
          "fine-soil-plasticity-and-shrink-swell-tests",
          "granular-density-and-groundwater-tests"
        ],
        "lat": 21.46216396,
        "line": "line-12",
        "lon": 40.52046342,
        "sample_id": "segment:line-12-civil-201:0001",
        "scope_id": "line-12-civil-201",
        "scope_type": "civil_segment"
      },
      "type": "Feature"
    },
    {
      "geometry": {
        "coordinates": [
          40.52056001,
          21.46216396
        ],
        "type": "Point"
      },
      "properties": {
        "chainage_m": 2420.0,
        "civil_class": "elevated",
        "investigation_flags": [
          "fine-soil-plasticity-and-shrink-swell-tests",
          "granular-density-and-groundwater-tests"
        ],
        "lat": 21.46216396,
        "line": "line-12",
        "lon": 40.52056001,
        "sample_id": "segment:line-12-civil-201:0002",
        "scope_id": "line-12-civil-201",
        "scope_type": "civil_segment"
      },
      "type": "Feature"
    },
    {
      "geometry": {
        "coordinates": [
          40.52056001,
          21.46216396
        ],
        "type": "Point"
      },
      "properties": {
        "chainage_m": 2420.0,
        "civil_class": "elevated",
        "investigation_flags": [
          "fine-soil-plasticity-and-shrink-swell-tests",
          "granular-density-and-groundwater-tests"
        ],
        "lat": 21.46216396,
        "line": "line-12",
        "lon": 40.52056001,
        "sample_id": "segment:line-12-civil-202:0000",
        "scope_id": "line-12-civil-202",
        "scope_type": "civil_segment"
      },
      "type": "Feature"
    },
    {
      "geometry": {
        "coordinates": [
          40.52056163,
          21.46225235
        ],
        "type": "Point"
      },
      "properties": {
        "chainage_m": 2430.0,
        "civil_class": "elevated",
        "investigation_flags": [
          "fine-soil-plasticity-and-shrink-swell-tests",
          "granular-density-and-groundwater-tests"
        ],
        "lat": 21.46225235,
        "line": "line-12",
        "lon": 40.52056163,
        "sample_id": "segment:line-12-civil-202:0001",
        "scope_id": "line-12-civil-202",
        "scope_type": "civil_segment"
      },
      "type": "Feature"
    },
    {
      "geometry": {
        "coordinates": [
          40.52056163,
          21.46234226
        ],
        "type": "Point"
      },
      "properties": {
        "chainage_m": 2440.0,
        "civil_class": "elevated",
        "investigation_flags": [
          "fine-soil-plasticity-and-shrink-swell-tests",
          "granular-density-and-groundwater-tests"
        ],
        "lat": 21.46234226,
        "line": "line-12",
        "lon": 40.52056163,
        "sample_id": "segment:line-12-civil-202:0002",
        "scope_id": "line-12-civil-202",
        "scope_type": "civil_segment"
      },
      "type": "Feature"
    },
    {
      "geometry": {
        "coordinates": [
          40.52056163,
          21.46234226
        ],
        "type": "Point"
      },
      "properties": {
        "chainage_m": 2440.0,
        "civil_class": "elevated",
        "investigation_flags": [
          "fine-soil-plasticity-and-shrink-swell-tests",
          "granular-density-and-groundwater-tests"
        ],
        "lat": 21.46234226,
        "line": "line-12",
        "lon": 40.52056163,
        "sample_id": "segment:line-12-civil-203:0000",
        "scope_id": "line-12-civil-203",
        "scope_type": "civil_segment"
      },
      "type": "Feature"
    },
    {
      "geometry": {
        "coordinates": [
          40.52056163,
          21.46243217
        ],
        "type": "Point"
      },
      "properties": {
        "chainage_m": 2450.0,
        "civil_class": "elevated",
        "investigation_flags": [
          "fine-soil-plasticity-and-shrink-swell-tests",
          "granular-density-and-groundwater-tests"
        ],
        "lat": 21.46243217,
        "line": "line-12",
        "lon": 40.52056163,
        "sample_id": "segment:line-12-civil-203:0001",
        "scope_id": "line-12-civil-203",
        "scope_type": "civil_segment"
      },
      "type": "Feature"
    },
    {
      "geometry": {
        "coordinates": [
          40.52056163,
          21.46252208
        ],
        "type": "Point"
      },
      "properties": {
        "chainage_m": 2460.0,
        "civil_class": "elevated",
        "investigation_flags": [
          "fine-soil-plasticity-and-shrink-swell-tests",
          "granular-density-and-groundwater-tests"
        ],
        "lat": 21.46252208,
        "line": "line-12",
        "lon": 40.52056163,
        "sample_id": "segment:line-12-civil-203:0002",
        "scope_id": "line-12-civil-203",
        "scope_type": "civil_segment"
      },
      "type": "Feature"
    },
    {
      "geometry": {
        "coordinates": [
          40.52056163,
          21.46252208
        ],
        "type": "Point"
      },
      "properties": {
        "chainage_m": 2460.0,
        "civil_class": "elevated",
        "investigation_flags": [
          "fine-soil-plasticity-and-shrink-swell-tests",
          "granular-density-and-groundwater-tests"
        ],
        "lat": 21.46252208,
        "line": "line-12",
        "lon": 40.52056163,
        "sample_id": "segment:line-12-civil-204:0000",
        "scope_id": "line-12-civil-204",
        "scope_type": "civil_segment"
      },
      "type": "Feature"
    },
    {
      "geometry": {
        "coordinates": [
          40.52065628,
          21.46252389
        ],
        "type": "Point"
      },
      "properties": {
        "chainage_m": 2470.0,
        "civil_class": "elevated",
        "investigation_flags": [
          "fine-soil-plasticity-and-shrink-swell-tests",
          "granular-density-and-groundwater-tests"
        ],
        "lat": 21.46252389,
        "line": "line-12",
        "lon": 40.52065628,
        "sample_id": "segment:line-12-civil-204:0001",
        "scope_id": "line-12-civil-204",
        "scope_type": "civil_segment"
      },
      "type": "Feature"
    },
    {
      "geometry": {
        "coordinates": [
          40.52075287,
          21.46252389
        ],
        "type": "Point"
      },
      "properties": {
        "chainage_m": 2480.0,
        "civil_class": "elevated",
        "investigation_flags": [
          "fine-soil-plasticity-and-shrink-swell-tests",
          "granular-density-and-groundwater-tests"
        ],
        "lat": 21.46252389,
        "line": "line-12",
        "lon": 40.52075287,
        "sample_id": "segment:line-12-civil-204:0002",
        "scope_id": "line-12-civil-204",
        "scope_type": "civil_segment"
      },
      "type": "Feature"
    },
    {
      "geometry": {
        "coordinates": [
          40.52075287,
          21.46252389
        ],
        "type": "Point"
      },
      "properties": {
        "chainage_m": 2480.0,
        "civil_class": "elevated",
        "investigation_flags": [
          "fine-soil-plasticity-and-shrink-swell-tests",
          "granular-density-and-groundwater-tests"
        ],
        "lat": 21.46252389,
        "line": "line-12",
        "lon": 40.52075287,
        "sample_id": "segment:line-12-civil-205:0000",
        "scope_id": "line-12-civil-205",
        "scope_type": "civil_segment"
      },
      "type": "Feature"
    },
    {
      "geometry": {
        "coordinates": [
          40.52094551,
          21.46252389
        ],
        "type": "Point"
      },
      "properties": {
        "chainage_m": 2500.0,
        "civil_class": "elevated",
        "investigation_flags": [
          "fine-soil-plasticity-and-shrink-swell-tests",
          "granular-density-and-groundwater-tests"
        ],
        "lat": 21.46252389,
        "line": "line-12",
        "lon": 40.52094551,
        "sample_id": "segment:line-12-civil-205:0001",
        "scope_id": "line-12-civil-205",
        "scope_type": "civil_segment"
      },
      "type": "Feature"
    },
    {
      "geometry": {
        "coordinates": [
          40.52094766,
          21.4627022
        ],
        "type": "Point"
      },
      "properties": {
        "chainage_m": 2520.0,
        "civil_class": "elevated",
        "investigation_flags": [
          "fine-soil-plasticity-and-shrink-swell-tests",
          "granular-density-and-groundwater-tests"
        ],
        "lat": 21.4627022,
        "line": "line-12",
        "lon": 40.52094766,
        "sample_id": "segment:line-12-civil-205:0002",
        "scope_id": "line-12-civil-205",
        "scope_type": "civil_segment"
      },
      "type": "Feature"
    },
    {
      "geometry": {
        "coordinates": [
          40.52094766,
          21.4627022
        ],
        "type": "Point"
      },
      "properties": {
        "chainage_m": 2520.0,
        "civil_class": "elevated",
        "investigation_flags": [
          "fine-soil-plasticity-and-shrink-swell-tests",
          "granular-density-and-groundwater-tests"
        ],
        "lat": 21.4627022,
        "line": "line-12",
        "lon": 40.52094766,
        "sample_id": "segment:line-12-civil-206:0000",
        "scope_id": "line-12-civil-206",
        "scope_type": "civil_segment"
      },
      "type": "Feature"
    },
    {
      "geometry": {
        "coordinates": [
          40.52104248,
          21.46270385
        ],
        "type": "Point"
      },
      "properties": {
        "chainage_m": 2530.0,
        "civil_class": "elevated",
        "investigation_flags": [
          "fine-soil-plasticity-and-shrink-swell-tests",
          "granular-density-and-groundwater-tests"
        ],
        "lat": 21.46270385,
        "line": "line-12",
        "lon": 40.52104248,
        "sample_id": "segment:line-12-civil-206:0001",
        "scope_id": "line-12-civil-206",
        "scope_type": "civil_segment"
      },
      "type": "Feature"
    },
    {
      "geometry": {
        "coordinates": [
          40.52113906,
          21.46270385
        ],
        "type": "Point"
      },
      "properties": {
        "chainage_m": 2540.0,
        "civil_class": "elevated",
        "investigation_flags": [
          "fine-soil-plasticity-and-shrink-swell-tests",
          "granular-density-and-groundwater-tests"
        ],
        "lat": 21.46270385,
        "line": "line-12",
        "lon": 40.52113906,
        "sample_id": "segment:line-12-civil-206:0002",
        "scope_id": "line-12-civil-206",
        "scope_type": "civil_segment"
      },
      "type": "Feature"
    },
    {
      "geometry": {
        "coordinates": [
          40.52113906,
          21.46270385
        ],
        "type": "Point"
      },
      "properties": {
        "chainage_m": 2540.0,
        "civil_class": "elevated",
        "investigation_flags": [
          "fine-soil-plasticity-and-shrink-swell-tests",
          "granular-density-and-groundwater-tests"
        ],
        "lat": 21.46270385,
        "line": "line-12",
        "lon": 40.52113906,
        "sample_id": "segment:line-12-civil-207:0000",
        "scope_id": "line-12-civil-207",
        "scope_type": "civil_segment"
      },
      "type": "Feature"
    },
    {
      "geometry": {
        "coordinates": [
          40.52123565,
          21.46270385
        ],
        "type": "Point"
      },
      "properties": {
        "chainage_m": 2550.0,
        "civil_class": "elevated",
        "investigation_flags": [
          "fine-soil-plasticity-and-shrink-swell-tests",
          "granular-density-and-groundwater-tests"
        ],
        "lat": 21.46270385,
        "line": "line-12",
        "lon": 40.52123565,
        "sample_id": "segment:line-12-civil-207:0001",
        "scope_id": "line-12-civil-207",
        "scope_type": "civil_segment"
      },
      "type": "Feature"
    },
    {
      "geometry": {
        "coordinates": [
          40.52133223,
          21.46270385
        ],
        "type": "Point"
      },
      "properties": {
        "chainage_m": 2560.0,
        "civil_class": "elevated",
        "investigation_flags": [
          "fine-soil-plasticity-and-shrink-swell-tests",
          "granular-density-and-groundwater-tests"
        ],
        "lat": 21.46270385,
        "line": "line-12",
        "lon": 40.52133223,
        "sample_id": "segment:line-12-civil-207:0002",
        "scope_id": "line-12-civil-207",
        "scope_type": "civil_segment"
      },
      "type": "Feature"
    },
    {
      "geometry": {
        "coordinates": [
          40.52133223,
          21.46270385
        ],
        "type": "Point"
      },
      "properties": {
        "chainage_m": 2560.0,
        "civil_class": "elevated",
        "investigation_flags": [
          "fine-soil-plasticity-and-shrink-swell-tests",
          "granular-density-and-groundwater-tests"
        ],
        "lat": 21.46270385,
        "line": "line-12",
        "lon": 40.52133223,
        "sample_id": "segment:line-12-civil-208:0000",
        "scope_id": "line-12-civil-208",
        "scope_type": "civil_segment"
      },
      "type": "Feature"
    },
    {
      "geometry": {
        "coordinates": [
          40.52133369,
          21.46288281
        ],
        "type": "Point"
      },
      "properties": {
        "chainage_m": 2580.0,
        "civil_class": "elevated",
        "investigation_flags": [
          "fine-soil-plasticity-and-shrink-swell-tests",
          "granular-density-and-groundwater-tests"
        ],
        "lat": 21.46288281,
        "line": "line-12",
        "lon": 40.52133369,
        "sample_id": "segment:line-12-civil-208:0001",
        "scope_id": "line-12-civil-208",
        "scope_type": "civil_segment"
      },
      "type": "Feature"
    },
    {
      "geometry": {
        "coordinates": [
          40.52152525,
          21.46288382
        ],
        "type": "Point"
      },
      "properties": {
        "chainage_m": 2600.0,
        "civil_class": "elevated",
        "investigation_flags": [
          "fine-soil-plasticity-and-shrink-swell-tests",
          "granular-density-and-groundwater-tests"
        ],
        "lat": 21.46288382,
        "line": "line-12",
        "lon": 40.52152525,
        "sample_id": "segment:line-12-civil-208:0002",
        "scope_id": "line-12-civil-208",
        "scope_type": "civil_segment"
      },
      "type": "Feature"
    },
    {
      "geometry": {
        "coordinates": [
          40.52152525,
          21.46288382
        ],
        "type": "Point"
      },
      "properties": {
        "chainage_m": 2600.0,
        "civil_class": "elevated",
        "investigation_flags": [
          "fine-soil-plasticity-and-shrink-swell-tests",
          "granular-density-and-groundwater-tests"
        ],
        "lat": 21.46288382,
        "line": "line-12",
        "lon": 40.52152525,
        "sample_id": "segment:line-12-civil-209:0000",
        "scope_id": "line-12-civil-209",
        "scope_type": "civil_segment"
      },
      "type": "Feature"
    },
    {
      "geometry": {
        "coordinates": [
          40.52162184,
          21.46288382
        ],
        "type": "Point"
      },
      "properties": {
        "chainage_m": 2610.0,
        "civil_class": "elevated",
        "investigation_flags": [
          "fine-soil-plasticity-and-shrink-swell-tests",
          "granular-density-and-groundwater-tests"
        ],
        "lat": 21.46288382,
        "line": "line-12",
        "lon": 40.52162184,
        "sample_id": "segment:line-12-civil-209:0001",
        "scope_id": "line-12-civil-209",
        "scope_type": "civil_segment"
      },
      "type": "Feature"
    },
    {
      "geometry": {
        "coordinates": [
          40.52171843,
          21.46288382
        ],
        "type": "Point"
      },
      "properties": {
        "chainage_m": 2620.0,
        "civil_class": "elevated",
        "investigation_flags": [
          "fine-soil-plasticity-and-shrink-swell-tests",
          "granular-density-and-groundwater-tests"
        ],
        "lat": 21.46288382,
        "line": "line-12",
        "lon": 40.52171843,
        "sample_id": "segment:line-12-civil-209:0002",
        "scope_id": "line-12-civil-209",
        "scope_type": "civil_segment"
      },
      "type": "Feature"
    },
    {
      "geometry": {
        "coordinates": [
          40.52171843,
          21.46288382
        ],
        "type": "Point"
      },
      "properties": {
        "chainage_m": 2620.0,
        "civil_class": "elevated",
        "investigation_flags": [
          "fine-soil-plasticity-and-shrink-swell-tests",
          "granular-density-and-groundwater-tests"
        ],
        "lat": 21.46288382,
        "line": "line-12",
        "lon": 40.52171843,
        "sample_id": "segment:line-12-civil-210:0000",
        "scope_id": "line-12-civil-210",
        "scope_type": "civil_segment"
      },
      "type": "Feature"
    },
    {
      "geometry": {
        "coordinates": [
          40.52171972,
          21.46306293
        ],
        "type": "Point"
      },
      "properties": {
        "chainage_m": 2640.0,
        "civil_class": "elevated",
        "investigation_flags": [
          "fine-soil-plasticity-and-shrink-swell-tests",
          "granular-density-and-groundwater-tests"
        ],
        "lat": 21.46306293,
        "line": "line-12",
        "lon": 40.52171972,
        "sample_id": "segment:line-12-civil-210:0001",
        "scope_id": "line-12-civil-210",
        "scope_type": "civil_segment"
      },
      "type": "Feature"
    },
    {
      "geometry": {
        "coordinates": [
          40.52191144,
          21.46306379
        ],
        "type": "Point"
      },
      "properties": {
        "chainage_m": 2660.0,
        "civil_class": "elevated",
        "investigation_flags": [
          "fine-soil-plasticity-and-shrink-swell-tests",
          "granular-density-and-groundwater-tests"
        ],
        "lat": 21.46306379,
        "line": "line-12",
        "lon": 40.52191144,
        "sample_id": "segment:line-12-civil-210:0002",
        "scope_id": "line-12-civil-210",
        "scope_type": "civil_segment"
      },
      "type": "Feature"
    },
    {
      "geometry": {
        "coordinates": [
          40.52191144,
          21.46306379
        ],
        "type": "Point"
      },
      "properties": {
        "chainage_m": 2660.0,
        "civil_class": "elevated",
        "investigation_flags": [
          "fine-soil-plasticity-and-shrink-swell-tests",
          "granular-density-and-groundwater-tests"
        ],
        "lat": 21.46306379,
        "line": "line-12",
        "lon": 40.52191144,
        "sample_id": "segment:line-12-civil-211:0000",
        "scope_id": "line-12-civil-211",
        "scope_type": "civil_segment"
      },
      "type": "Feature"
    },
    {
      "geometry": {
        "coordinates": [
          40.52200803,
          21.46306379
        ],
        "type": "Point"
      },
      "properties": {
        "chainage_m": 2670.0,
        "civil_class": "elevated",
        "investigation_flags": [
          "fine-soil-plasticity-and-shrink-swell-tests",
          "granular-density-and-groundwater-tests"
        ],
        "lat": 21.46306379,
        "line": "line-12",
        "lon": 40.52200803,
        "sample_id": "segment:line-12-civil-211:0001",
        "scope_id": "line-12-civil-211",
        "scope_type": "civil_segment"
      },
      "type": "Feature"
    },
    {
      "geometry": {
        "coordinates": [
          40.52210462,
          21.46306379
        ],
        "type": "Point"
      },
      "properties": {
        "chainage_m": 2680.0,
        "civil_class": "elevated",
        "investigation_flags": [
          "fine-soil-plasticity-and-shrink-swell-tests",
          "granular-density-and-groundwater-tests"
        ],
        "lat": 21.46306379,
        "line": "line-12",
        "lon": 40.52210462,
        "sample_id": "segment:line-12-civil-211:0002",
        "scope_id": "line-12-civil-211",
        "scope_type": "civil_segment"
      },
      "type": "Feature"
    },
    {
      "geometry": {
        "coordinates": [
          40.52210462,
          21.46306379
        ],
        "type": "Point"
      },
      "properties": {
        "chainage_m": 2680.0,
        "civil_class": "elevated",
        "investigation_flags": [
          "fine-soil-plasticity-and-shrink-swell-tests",
          "granular-density-and-groundwater-tests"
        ],
        "lat": 21.46306379,
        "line": "line-12",
        "lon": 40.52210462,
        "sample_id": "segment:line-12-civil-212:0000",
        "scope_id": "line-12-civil-212",
        "scope_type": "civil_segment"
      },
      "type": "Feature"
    },
    {
      "geometry": {
        "coordinates": [
          40.52210575,
          21.46324305
        ],
        "type": "Point"
      },
      "properties": {
        "chainage_m": 2700.0,
        "civil_class": "elevated",
        "investigation_flags": [
          "fine-soil-plasticity-and-shrink-swell-tests",
          "granular-density-and-groundwater-tests"
        ],
        "lat": 21.46324305,
        "line": "line-12",
        "lon": 40.52210575,
        "sample_id": "segment:line-12-civil-212:0001",
        "scope_id": "line-12-civil-212",
        "scope_type": "civil_segment"
      },
      "type": "Feature"
    },
    {
      "geometry": {
        "coordinates": [
          40.52229764,
          21.46324375
        ],
        "type": "Point"
      },
      "properties": {
        "chainage_m": 2720.0,
        "civil_class": "elevated",
        "investigation_flags": [
          "fine-soil-plasticity-and-shrink-swell-tests",
          "granular-density-and-groundwater-tests"
        ],
        "lat": 21.46324375,
        "line": "line-12",
        "lon": 40.52229764,
        "sample_id": "segment:line-12-civil-212:0002",
        "scope_id": "line-12-civil-212",
        "scope_type": "civil_segment"
      },
      "type": "Feature"
    },
    {
      "geometry": {
        "coordinates": [
          40.52229764,
          21.46324375
        ],
        "type": "Point"
      },
      "properties": {
        "chainage_m": 2720.0,
        "civil_class": "elevated",
        "investigation_flags": [
          "fine-soil-plasticity-and-shrink-swell-tests",
          "granular-density-and-groundwater-tests"
        ],
        "lat": 21.46324375,
        "line": "line-12",
        "lon": 40.52229764,
        "sample_id": "segment:line-12-civil-213:0000",
        "scope_id": "line-12-civil-213",
        "scope_type": "civil_segment"
      },
      "type": "Feature"
    },
    {
      "geometry": {
        "coordinates": [
          40.52239422,
          21.46324375
        ],
        "type": "Point"
      },
      "properties": {
        "chainage_m": 2730.0,
        "civil_class": "elevated",
        "investigation_flags": [
          "fine-soil-plasticity-and-shrink-swell-tests",
          "granular-density-and-groundwater-tests"
        ],
        "lat": 21.46324375,
        "line": "line-12",
        "lon": 40.52239422,
        "sample_id": "segment:line-12-civil-213:0001",
        "scope_id": "line-12-civil-213",
        "scope_type": "civil_segment"
      },
      "type": "Feature"
    },
    {
      "geometry": {
        "coordinates": [
          40.52249081,
          21.46324375
        ],
        "type": "Point"
      },
      "properties": {
        "chainage_m": 2740.0,
        "civil_class": "elevated",
        "investigation_flags": [
          "fine-soil-plasticity-and-shrink-swell-tests",
          "granular-density-and-groundwater-tests"
        ],
        "lat": 21.46324375,
        "line": "line-12",
        "lon": 40.52249081,
        "sample_id": "segment:line-12-civil-213:0002",
        "scope_id": "line-12-civil-213",
        "scope_type": "civil_segment"
      },
      "type": "Feature"
    },
    {
      "geometry": {
        "coordinates": [
          40.52249081,
          21.46324375
        ],
        "type": "Point"
      },
      "properties": {
        "chainage_m": 2740.0,
        "civil_class": "elevated",
        "investigation_flags": [
          "fine-soil-plasticity-and-shrink-swell-tests",
          "granular-density-and-groundwater-tests"
        ],
        "lat": 21.46324375,
        "line": "line-12",
        "lon": 40.52249081,
        "sample_id": "segment:line-12-civil-214:0000",
        "scope_id": "line-12-civil-214",
        "scope_type": "civil_segment"
      },
      "type": "Feature"
    },
    {
      "geometry": {
        "coordinates": [
          40.52249179,
          21.46342316
        ],
        "type": "Point"
      },
      "properties": {
        "chainage_m": 2760.0,
        "civil_class": "elevated",
        "investigation_flags": [
          "fine-soil-plasticity-and-shrink-swell-tests",
          "granular-density-and-groundwater-tests"
        ],
        "lat": 21.46342316,
        "line": "line-12",
        "lon": 40.52249179,
        "sample_id": "segment:line-12-civil-214:0001",
        "scope_id": "line-12-civil-214",
        "scope_type": "civil_segment"
      },
      "type": "Feature"
    },
    {
      "geometry": {
        "coordinates": [
          40.52268383,
          21.46342372
        ],
        "type": "Point"
      },
      "properties": {
        "chainage_m": 2780.0,
        "civil_class": "elevated",
        "investigation_flags": [
          "fine-soil-plasticity-and-shrink-swell-tests",
          "granular-density-and-groundwater-tests"
        ],
        "lat": 21.46342372,
        "line": "line-12",
        "lon": 40.52268383,
        "sample_id": "segment:line-12-civil-214:0002",
        "scope_id": "line-12-civil-214",
        "scope_type": "civil_segment"
      },
      "type": "Feature"
    },
    {
      "geometry": {
        "coordinates": [
          40.52268383,
          21.46342372
        ],
        "type": "Point"
      },
      "properties": {
        "chainage_m": 2780.0,
        "civil_class": "elevated",
        "investigation_flags": [
          "fine-soil-plasticity-and-shrink-swell-tests",
          "granular-density-and-groundwater-tests"
        ],
        "lat": 21.46342372,
        "line": "line-12",
        "lon": 40.52268383,
        "sample_id": "segment:line-12-civil-215:0000",
        "scope_id": "line-12-civil-215",
        "scope_type": "civil_segment"
      },
      "type": "Feature"
    },
    {
      "geometry": {
        "coordinates": [
          40.52278042,
          21.46342372
        ],
        "type": "Point"
      },
      "properties": {
        "chainage_m": 2790.0,
        "civil_class": "elevated",
        "investigation_flags": [
          "fine-soil-plasticity-and-shrink-swell-tests",
          "granular-density-and-groundwater-tests"
        ],
        "lat": 21.46342372,
        "line": "line-12",
        "lon": 40.52278042,
        "sample_id": "segment:line-12-civil-215:0001",
        "scope_id": "line-12-civil-215",
        "scope_type": "civil_segment"
      },
      "type": "Feature"
    },
    {
      "geometry": {
        "coordinates": [
          40.522877,
          21.46342372
        ],
        "type": "Point"
      },
      "properties": {
        "chainage_m": 2800.0,
        "civil_class": "elevated",
        "investigation_flags": [
          "fine-soil-plasticity-and-shrink-swell-tests",
          "granular-density-and-groundwater-tests"
        ],
        "lat": 21.46342372,
        "line": "line-12",
        "lon": 40.522877,
        "sample_id": "segment:line-12-civil-215:0002",
        "scope_id": "line-12-civil-215",
        "scope_type": "civil_segment"
      },
      "type": "Feature"
    },
    {
      "geometry": {
        "coordinates": [
          40.522877,
          21.46342372
        ],
        "type": "Point"
      },
      "properties": {
        "chainage_m": 2800.0,
        "civil_class": "elevated",
        "investigation_flags": [
          "fine-soil-plasticity-and-shrink-swell-tests",
          "granular-density-and-groundwater-tests"
        ],
        "lat": 21.46342372,
        "line": "line-12",
        "lon": 40.522877,
        "sample_id": "segment:line-12-civil-216:0000",
        "scope_id": "line-12-civil-216",
        "scope_type": "civil_segment"
      },
      "type": "Feature"
    },
    {
      "geometry": {
        "coordinates": [
          40.52287782,
          21.46360328
        ],
        "type": "Point"
      },
      "properties": {
        "chainage_m": 2820.0,
        "civil_class": "elevated",
        "investigation_flags": [
          "fine-soil-plasticity-and-shrink-swell-tests",
          "granular-density-and-groundwater-tests"
        ],
        "lat": 21.46360328,
        "line": "line-12",
        "lon": 40.52287782,
        "sample_id": "segment:line-12-civil-216:0001",
        "scope_id": "line-12-civil-216",
        "scope_type": "civil_segment"
      },
      "type": "Feature"
    },
    {
      "geometry": {
        "coordinates": [
          40.52307002,
          21.46360369
        ],
        "type": "Point"
      },
      "properties": {
        "chainage_m": 2840.0,
        "civil_class": "elevated",
        "investigation_flags": [
          "fine-soil-plasticity-and-shrink-swell-tests",
          "granular-density-and-groundwater-tests"
        ],
        "lat": 21.46360369,
        "line": "line-12",
        "lon": 40.52307002,
        "sample_id": "segment:line-12-civil-216:0002",
        "scope_id": "line-12-civil-216",
        "scope_type": "civil_segment"
      },
      "type": "Feature"
    },
    {
      "geometry": {
        "coordinates": [
          40.52307002,
          21.46360369
        ],
        "type": "Point"
      },
      "properties": {
        "chainage_m": 2840.0,
        "civil_class": "elevated",
        "investigation_flags": [
          "fine-soil-plasticity-and-shrink-swell-tests",
          "granular-density-and-groundwater-tests"
        ],
        "lat": 21.46360369,
        "line": "line-12",
        "lon": 40.52307002,
        "sample_id": "segment:line-12-civil-217:0000",
        "scope_id": "line-12-civil-217",
        "scope_type": "civil_segment"
      },
      "type": "Feature"
    },
    {
      "geometry": {
        "coordinates": [
          40.52316661,
          21.46360369
        ],
        "type": "Point"
      },
      "properties": {
        "chainage_m": 2850.0,
        "civil_class": "elevated",
        "investigation_flags": [
          "fine-soil-plasticity-and-shrink-swell-tests",
          "granular-density-and-groundwater-tests"
        ],
        "lat": 21.46360369,
        "line": "line-12",
        "lon": 40.52316661,
        "sample_id": "segment:line-12-civil-217:0001",
        "scope_id": "line-12-civil-217",
        "scope_type": "civil_segment"
      },
      "type": "Feature"
    },
    {
      "geometry": {
        "coordinates": [
          40.5232632,
          21.46360369
        ],
        "type": "Point"
      },
      "properties": {
        "chainage_m": 2860.0,
        "civil_class": "elevated",
        "investigation_flags": [
          "fine-soil-plasticity-and-shrink-swell-tests",
          "granular-density-and-groundwater-tests"
        ],
        "lat": 21.46360369,
        "line": "line-12",
        "lon": 40.5232632,
        "sample_id": "segment:line-12-civil-217:0002",
        "scope_id": "line-12-civil-217",
        "scope_type": "civil_segment"
      },
      "type": "Feature"
    },
    {
      "geometry": {
        "coordinates": [
          40.5232632,
          21.46360369
        ],
        "type": "Point"
      },
      "properties": {
        "chainage_m": 2860.0,
        "civil_class": "elevated",
        "investigation_flags": [
          "fine-soil-plasticity-and-shrink-swell-tests",
          "granular-density-and-groundwater-tests"
        ],
        "lat": 21.46360369,
        "line": "line-12",
        "lon": 40.5232632,
        "sample_id": "segment:line-12-civil-218:0000",
        "scope_id": "line-12-civil-218",
        "scope_type": "civil_segment"
      },
      "type": "Feature"
    },
    {
      "geometry": {
        "coordinates": [
          40.52326385,
          21.4637834
        ],
        "type": "Point"
      },
      "properties": {
        "chainage_m": 2880.0,
        "civil_class": "elevated",
        "investigation_flags": [
          "fine-soil-plasticity-and-shrink-swell-tests",
          "granular-density-and-groundwater-tests"
        ],
        "lat": 21.4637834,
        "line": "line-12",
        "lon": 40.52326385,
        "sample_id": "segment:line-12-civil-218:0001",
        "scope_id": "line-12-civil-218",
        "scope_type": "civil_segment"
      },
      "type": "Feature"
    },
    {
      "geometry": {
        "coordinates": [
          40.52345621,
          21.46378365
        ],
        "type": "Point"
      },
      "properties": {
        "chainage_m": 2900.0,
        "civil_class": "elevated",
        "investigation_flags": [
          "fine-soil-plasticity-and-shrink-swell-tests",
          "granular-density-and-groundwater-tests"
        ],
        "lat": 21.46378365,
        "line": "line-12",
        "lon": 40.52345621,
        "sample_id": "segment:line-12-civil-218:0002",
        "scope_id": "line-12-civil-218",
        "scope_type": "civil_segment"
      },
      "type": "Feature"
    },
    {
      "geometry": {
        "coordinates": [
          40.52345621,
          21.46378365
        ],
        "type": "Point"
      },
      "properties": {
        "chainage_m": 2900.0,
        "civil_class": "elevated",
        "investigation_flags": [
          "fine-soil-plasticity-and-shrink-swell-tests",
          "granular-density-and-groundwater-tests"
        ],
        "lat": 21.46378365,
        "line": "line-12",
        "lon": 40.52345621,
        "sample_id": "segment:line-12-civil-219:0000",
        "scope_id": "line-12-civil-219",
        "scope_type": "civil_segment"
      },
      "type": "Feature"
    },
    {
      "geometry": {
        "coordinates": [
          40.5235528,
          21.46378365
        ],
        "type": "Point"
      },
      "properties": {
        "chainage_m": 2910.0,
        "civil_class": "elevated",
        "investigation_flags": [
          "fine-soil-plasticity-and-shrink-swell-tests",
          "granular-density-and-groundwater-tests"
        ],
        "lat": 21.46378365,
        "line": "line-12",
        "lon": 40.5235528,
        "sample_id": "segment:line-12-civil-219:0001",
        "scope_id": "line-12-civil-219",
        "scope_type": "civil_segment"
      },
      "type": "Feature"
    },
    {
      "geometry": {
        "coordinates": [
          40.52364939,
          21.46378365
        ],
        "type": "Point"
      },
      "properties": {
        "chainage_m": 2920.0,
        "civil_class": "elevated",
        "investigation_flags": [
          "fine-soil-plasticity-and-shrink-swell-tests",
          "granular-density-and-groundwater-tests"
        ],
        "lat": 21.46378365,
        "line": "line-12",
        "lon": 40.52364939,
        "sample_id": "segment:line-12-civil-219:0002",
        "scope_id": "line-12-civil-219",
        "scope_type": "civil_segment"
      },
      "type": "Feature"
    },
    {
      "geometry": {
        "coordinates": [
          40.52364939,
          21.46378365
        ],
        "type": "Point"
      },
      "properties": {
        "chainage_m": 2920.0,
        "civil_class": "elevated",
        "investigation_flags": [
          "fine-soil-plasticity-and-shrink-swell-tests",
          "granular-density-and-groundwater-tests"
        ],
        "lat": 21.46378365,
        "line": "line-12",
        "lon": 40.52364939,
        "sample_id": "segment:line-12-civil-220:0000",
        "scope_id": "line-12-civil-220",
        "scope_type": "civil_segment"
      },
      "type": "Feature"
    },
    {
      "geometry": {
        "coordinates": [
          40.52364988,
          21.46396352
        ],
        "type": "Point"
      },
      "properties": {
        "chainage_m": 2940.0,
        "civil_class": "elevated",
        "investigation_flags": [
          "fine-soil-plasticity-and-shrink-swell-tests",
          "granular-density-and-groundwater-tests"
        ],
        "lat": 21.46396352,
        "line": "line-12",
        "lon": 40.52364988,
        "sample_id": "segment:line-12-civil-220:0001",
        "scope_id": "line-12-civil-220",
        "scope_type": "civil_segment"
      },
      "type": "Feature"
    },
    {
      "geometry": {
        "coordinates": [
          40.5238424,
          21.46396362
        ],
        "type": "Point"
      },
      "properties": {
        "chainage_m": 2960.0,
        "civil_class": "elevated",
        "investigation_flags": [
          "fine-soil-plasticity-and-shrink-swell-tests",
          "granular-density-and-groundwater-tests"
        ],
        "lat": 21.46396362,
        "line": "line-12",
        "lon": 40.5238424,
        "sample_id": "segment:line-12-civil-220:0002",
        "scope_id": "line-12-civil-220",
        "scope_type": "civil_segment"
      },
      "type": "Feature"
    },
    {
      "geometry": {
        "coordinates": [
          40.5238424,
          21.46396362
        ],
        "type": "Point"
      },
      "properties": {
        "chainage_m": 2960.0,
        "civil_class": "elevated",
        "investigation_flags": [
          "fine-soil-plasticity-and-shrink-swell-tests",
          "granular-density-and-groundwater-tests"
        ],
        "lat": 21.46396362,
        "line": "line-12",
        "lon": 40.5238424,
        "sample_id": "segment:line-12-civil-221:0000",
        "scope_id": "line-12-civil-221",
        "scope_type": "civil_segment"
      },
      "type": "Feature"
    },
    {
      "geometry": {
        "coordinates": [
          40.52393899,
          21.46396362
        ],
        "type": "Point"
      },
      "properties": {
        "chainage_m": 2970.0,
        "civil_class": "elevated",
        "investigation_flags": [
          "fine-soil-plasticity-and-shrink-swell-tests",
          "granular-density-and-groundwater-tests"
        ],
        "lat": 21.46396362,
        "line": "line-12",
        "lon": 40.52393899,
        "sample_id": "segment:line-12-civil-221:0001",
        "scope_id": "line-12-civil-221",
        "scope_type": "civil_segment"
      },
      "type": "Feature"
    },
    {
      "geometry": {
        "coordinates": [
          40.52403558,
          21.46396362
        ],
        "type": "Point"
      },
      "properties": {
        "chainage_m": 2980.0,
        "civil_class": "elevated",
        "investigation_flags": [
          "fine-soil-plasticity-and-shrink-swell-tests",
          "granular-density-and-groundwater-tests"
        ],
        "lat": 21.46396362,
        "line": "line-12",
        "lon": 40.52403558,
        "sample_id": "segment:line-12-civil-221:0002",
        "scope_id": "line-12-civil-221",
        "scope_type": "civil_segment"
      },
      "type": "Feature"
    },
    {
      "geometry": {
        "coordinates": [
          40.52403558,
          21.46396362
        ],
        "type": "Point"
      },
      "properties": {
        "chainage_m": 2980.0,
        "civil_class": "elevated",
        "investigation_flags": [
          "fine-soil-plasticity-and-shrink-swell-tests",
          "granular-density-and-groundwater-tests"
        ],
        "lat": 21.46396362,
        "line": "line-12",
        "lon": 40.52403558,
        "sample_id": "segment:line-12-civil-222:0000",
        "scope_id": "line-12-civil-222",
        "scope_type": "civil_segment"
      },
      "type": "Feature"
    },
    {
      "geometry": {
        "coordinates": [
          40.52403596,
          21.46414358
        ],
        "type": "Point"
      },
      "properties": {
        "chainage_m": 3000.0,
        "civil_class": "elevated",
        "investigation_flags": [
          "granular-density-and-groundwater-tests"
        ],
        "lat": 21.46414358,
        "line": "line-12",
        "lon": 40.52403596,
        "sample_id": "segment:line-12-civil-222:0001",
        "scope_id": "line-12-civil-222",
        "scope_type": "civil_segment"
      },
      "type": "Feature"
    },
    {
      "geometry": {
        "coordinates": [
          40.5242286,
          21.46414358
        ],
        "type": "Point"
      },
      "properties": {
        "chainage_m": 3020.0,
        "civil_class": "elevated",
        "investigation_flags": [
          "granular-density-and-groundwater-tests"
        ],
        "lat": 21.46414358,
        "line": "line-12",
        "lon": 40.5242286,
        "sample_id": "segment:line-12-civil-222:0002",
        "scope_id": "line-12-civil-222",
        "scope_type": "civil_segment"
      },
      "type": "Feature"
    },
    {
      "geometry": {
        "coordinates": [
          40.5242286,
          21.46414358
        ],
        "type": "Point"
      },
      "properties": {
        "chainage_m": 3020.0,
        "civil_class": "elevated",
        "investigation_flags": [
          "granular-density-and-groundwater-tests"
        ],
        "lat": 21.46414358,
        "line": "line-12",
        "lon": 40.5242286,
        "sample_id": "segment:line-12-civil-223:0000",
        "scope_id": "line-12-civil-223",
        "scope_type": "civil_segment"
      },
      "type": "Feature"
    },
    {
      "geometry": {
        "coordinates": [
          40.52432518,
          21.46414358
        ],
        "type": "Point"
      },
      "properties": {
        "chainage_m": 3030.0,
        "civil_class": "elevated",
        "investigation_flags": [
          "granular-density-and-groundwater-tests"
        ],
        "lat": 21.46414358,
        "line": "line-12",
        "lon": 40.52432518,
        "sample_id": "segment:line-12-civil-223:0001",
        "scope_id": "line-12-civil-223",
        "scope_type": "civil_segment"
      },
      "type": "Feature"
    },
    {
      "geometry": {
        "coordinates": [
          40.52442177,
          21.46414358
        ],
        "type": "Point"
      },
      "properties": {
        "chainage_m": 3040.0,
        "civil_class": "elevated",
        "investigation_flags": [
          "granular-density-and-groundwater-tests"
        ],
        "lat": 21.46414358,
        "line": "line-12",
        "lon": 40.52442177,
        "sample_id": "segment:line-12-civil-223:0002",
        "scope_id": "line-12-civil-223",
        "scope_type": "civil_segment"
      },
      "type": "Feature"
    },
    {
      "geometry": {
        "coordinates": [
          40.52442177,
          21.46414358
        ],
        "type": "Point"
      },
      "properties": {
        "chainage_m": 3040.0,
        "civil_class": "elevated",
        "investigation_flags": [
          "granular-density-and-groundwater-tests"
        ],
        "lat": 21.46414358,
        "line": "line-12",
        "lon": 40.52442177,
        "sample_id": "segment:line-12-civil-224:0000",
        "scope_id": "line-12-civil-224",
        "scope_type": "civil_segment"
      },
      "type": "Feature"
    },
    {
      "geometry": {
        "coordinates": [
          40.52442194,
          21.46423334
        ],
        "type": "Point"
      },
      "properties": {
        "chainage_m": 3050.0,
        "civil_class": "elevated",
        "investigation_flags": [
          "granular-density-and-groundwater-tests"
        ],
        "lat": 21.46423334,
        "line": "line-12",
        "lon": 40.52442194,
        "sample_id": "segment:line-12-civil-224:0001",
        "scope_id": "line-12-civil-224",
        "scope_type": "civil_segment"
      },
      "type": "Feature"
    },
    {
      "geometry": {
        "coordinates": [
          40.52442194,
          21.46432325
        ],
        "type": "Point"
      },
      "properties": {
        "chainage_m": 3060.0,
        "civil_class": "elevated",
        "investigation_flags": [
          "granular-density-and-groundwater-tests"
        ],
        "lat": 21.46432325,
        "line": "line-12",
        "lon": 40.52442194,
        "sample_id": "segment:line-12-civil-224:0002",
        "scope_id": "line-12-civil-224",
        "scope_type": "civil_segment"
      },
      "type": "Feature"
    },
    {
      "geometry": {
        "coordinates": [
          40.52442194,
          21.46432325
        ],
        "type": "Point"
      },
      "properties": {
        "chainage_m": 3060.0,
        "civil_class": "elevated",
        "investigation_flags": [
          "granular-density-and-groundwater-tests"
        ],
        "lat": 21.46432325,
        "line": "line-12",
        "lon": 40.52442194,
        "sample_id": "segment:line-12-civil-225:0000",
        "scope_id": "line-12-civil-225",
        "scope_type": "civil_segment"
      },
      "type": "Feature"
    },
    {
      "geometry": {
        "coordinates": [
          40.52461479,
          21.46432355
        ],
        "type": "Point"
      },
      "properties": {
        "chainage_m": 3080.0,
        "civil_class": "elevated",
        "investigation_flags": [
          "granular-density-and-groundwater-tests"
        ],
        "lat": 21.46432355,
        "line": "line-12",
        "lon": 40.52461479,
        "sample_id": "segment:line-12-civil-225:0001",
        "scope_id": "line-12-civil-225",
        "scope_type": "civil_segment"
      },
      "type": "Feature"
    },
    {
      "geometry": {
        "coordinates": [
          40.52480796,
          21.46432355
        ],
        "type": "Point"
      },
      "properties": {
        "chainage_m": 3100.0,
        "civil_class": "elevated",
        "investigation_flags": [
          "granular-density-and-groundwater-tests"
        ],
        "lat": 21.46432355,
        "line": "line-12",
        "lon": 40.52480796,
        "sample_id": "segment:line-12-civil-225:0002",
        "scope_id": "line-12-civil-225",
        "scope_type": "civil_segment"
      },
      "type": "Feature"
    },
    {
      "geometry": {
        "coordinates": [
          40.52480796,
          21.46432355
        ],
        "type": "Point"
      },
      "properties": {
        "chainage_m": 3100.0,
        "civil_class": "elevated",
        "investigation_flags": [
          "granular-density-and-groundwater-tests"
        ],
        "lat": 21.46432355,
        "line": "line-12",
        "lon": 40.52480796,
        "sample_id": "segment:line-12-civil-226:0000",
        "scope_id": "line-12-civil-226",
        "scope_type": "civil_segment"
      },
      "type": "Feature"
    },
    {
      "geometry": {
        "coordinates": [
          40.52480797,
          21.46441345
        ],
        "type": "Point"
      },
      "properties": {
        "chainage_m": 3110.0,
        "civil_class": "elevated",
        "investigation_flags": [
          "granular-density-and-groundwater-tests"
        ],
        "lat": 21.46441345,
        "line": "line-12",
        "lon": 40.52480797,
        "sample_id": "segment:line-12-civil-226:0001",
        "scope_id": "line-12-civil-226",
        "scope_type": "civil_segment"
      },
      "type": "Feature"
    },
    {
      "geometry": {
        "coordinates": [
          40.52480797,
          21.46450336
        ],
        "type": "Point"
      },
      "properties": {
        "chainage_m": 3120.0,
        "civil_class": "elevated",
        "investigation_flags": [
          "granular-density-and-groundwater-tests"
        ],
        "lat": 21.46450336,
        "line": "line-12",
        "lon": 40.52480797,
        "sample_id": "segment:line-12-civil-226:0002",
        "scope_id": "line-12-civil-226",
        "scope_type": "civil_segment"
      },
      "type": "Feature"
    },
    {
      "geometry": {
        "coordinates": [
          40.52480797,
          21.46450336
        ],
        "type": "Point"
      },
      "properties": {
        "chainage_m": 3120.0,
        "civil_class": "elevated",
        "investigation_flags": [
          "granular-density-and-groundwater-tests"
        ],
        "lat": 21.46450336,
        "line": "line-12",
        "lon": 40.52480797,
        "sample_id": "segment:line-12-civil-227:0000",
        "scope_id": "line-12-civil-227",
        "scope_type": "civil_segment"
      },
      "type": "Feature"
    },
    {
      "geometry": {
        "coordinates": [
          40.52500099,
          21.46459342
        ],
        "type": "Point"
      },
      "properties": {
        "chainage_m": 3150.0,
        "civil_class": "elevated",
        "investigation_flags": [
          "fine-soil-plasticity-and-shrink-swell-tests",
          "granular-density-and-groundwater-tests"
        ],
        "lat": 21.46459342,
        "line": "line-12",
        "lon": 40.52500099,
        "sample_id": "segment:line-12-civil-227:0001",
        "scope_id": "line-12-civil-227",
        "scope_type": "civil_segment"
      },
      "type": "Feature"
    },
    {
      "geometry": {
        "coordinates": [
          40.525194,
          21.46468348
        ],
        "type": "Point"
      },
      "properties": {
        "chainage_m": 3180.0,
        "civil_class": "elevated",
        "investigation_flags": [
          "fine-soil-plasticity-and-shrink-swell-tests",
          "granular-density-and-groundwater-tests"
        ],
        "lat": 21.46468348,
        "line": "line-12",
        "lon": 40.525194,
        "sample_id": "segment:line-12-civil-227:0002",
        "scope_id": "line-12-civil-227",
        "scope_type": "civil_segment"
      },
      "type": "Feature"
    },
    {
      "geometry": {
        "coordinates": [
          40.525194,
          21.46468348
        ],
        "type": "Point"
      },
      "properties": {
        "chainage_m": 3180.0,
        "civil_class": "elevated",
        "investigation_flags": [
          "fine-soil-plasticity-and-shrink-swell-tests",
          "granular-density-and-groundwater-tests"
        ],
        "lat": 21.46468348,
        "line": "line-12",
        "lon": 40.525194,
        "sample_id": "segment:line-12-civil-228:0000",
        "scope_id": "line-12-civil-228",
        "scope_type": "civil_segment"
      },
      "type": "Feature"
    },
    {
      "geometry": {
        "coordinates": [
          40.52529059,
          21.46468348
        ],
        "type": "Point"
      },
      "properties": {
        "chainage_m": 3190.0,
        "civil_class": "elevated",
        "investigation_flags": [
          "fine-soil-plasticity-and-shrink-swell-tests",
          "granular-density-and-groundwater-tests"
        ],
        "lat": 21.46468348,
        "line": "line-12",
        "lon": 40.52529059,
        "sample_id": "segment:line-12-civil-228:0001",
        "scope_id": "line-12-civil-228",
        "scope_type": "civil_segment"
      },
      "type": "Feature"
    },
    {
      "geometry": {
        "coordinates": [
          40.52538702,
          21.46468363
        ],
        "type": "Point"
      },
      "properties": {
        "chainage_m": 3200.0,
        "civil_class": "elevated",
        "investigation_flags": [
          "fine-soil-plasticity-and-shrink-swell-tests",
          "granular-density-and-groundwater-tests"
        ],
        "lat": 21.46468363,
        "line": "line-12",
        "lon": 40.52538702,
        "sample_id": "segment:line-12-civil-228:0002",
        "scope_id": "line-12-civil-228",
        "scope_type": "civil_segment"
      },
      "type": "Feature"
    },
    {
      "geometry": {
        "coordinates": [
          40.52538702,
          21.46468363
        ],
        "type": "Point"
      },
      "properties": {
        "chainage_m": 3200.0,
        "civil_class": "elevated",
        "investigation_flags": [
          "fine-soil-plasticity-and-shrink-swell-tests",
          "granular-density-and-groundwater-tests"
        ],
        "lat": 21.46468363,
        "line": "line-12",
        "lon": 40.52538702,
        "sample_id": "segment:line-12-civil-229:0000",
        "scope_id": "line-12-civil-229",
        "scope_type": "civil_segment"
      },
      "type": "Feature"
    },
    {
      "geometry": {
        "coordinates": [
          40.52538702,
          21.46477354
        ],
        "type": "Point"
      },
      "properties": {
        "chainage_m": 3210.0,
        "civil_class": "elevated",
        "investigation_flags": [
          "fine-soil-plasticity-and-shrink-swell-tests",
          "granular-density-and-groundwater-tests"
        ],
        "lat": 21.46477354,
        "line": "line-12",
        "lon": 40.52538702,
        "sample_id": "segment:line-12-civil-229:0001",
        "scope_id": "line-12-civil-229",
        "scope_type": "civil_segment"
      },
      "type": "Feature"
    },
    {
      "geometry": {
        "coordinates": [
          40.52538702,
          21.46486345
        ],
        "type": "Point"
      },
      "properties": {
        "chainage_m": 3220.0,
        "civil_class": "elevated",
        "investigation_flags": [
          "fine-soil-plasticity-and-shrink-swell-tests",
          "granular-density-and-groundwater-tests"
        ],
        "lat": 21.46486345,
        "line": "line-12",
        "lon": 40.52538702,
        "sample_id": "segment:line-12-civil-229:0002",
        "scope_id": "line-12-civil-229",
        "scope_type": "civil_segment"
      },
      "type": "Feature"
    },
    {
      "geometry": {
        "coordinates": [
          40.45184814,
          21.46216396
        ],
        "type": "Point"
      },
      "properties": {
        "chainage_m": 0.0,
        "civil_class": "elevated",
        "investigation_flags": [
          "fine-soil-plasticity-and-shrink-swell-tests",
          "granular-density-and-groundwater-tests"
        ],
        "lat": 21.46216396,
        "line": "line-13",
        "lon": 40.45184814,
        "sample_id": "segment:line-13-civil-230:0000",
        "scope_id": "line-13-civil-230",
        "scope_type": "civil_segment"
      },
      "type": "Feature"
    },
    {
      "geometry": {
        "coordinates": [
          40.45175164,
          21.46225394
        ],
        "type": "Point"
      },
      "properties": {
        "chainage_m": 14.15,
        "civil_class": "elevated",
        "investigation_flags": [
          "fine-soil-plasticity-and-shrink-swell-tests",
          "granular-density-and-groundwater-tests"
        ],
        "lat": 21.46225394,
        "line": "line-13",
        "lon": 40.45175164,
        "sample_id": "segment:line-13-civil-230:0001",
        "scope_id": "line-13-civil-230",
        "scope_type": "civil_segment"
      },
      "type": "Feature"
    },
    {
      "geometry": {
        "coordinates": [
          40.45165514,
          21.46234391
        ],
        "type": "Point"
      },
      "properties": {
        "chainage_m": 28.3,
        "civil_class": "elevated",
        "investigation_flags": [
          "fine-soil-plasticity-and-shrink-swell-tests",
          "granular-density-and-groundwater-tests"
        ],
        "lat": 21.46234391,
        "line": "line-13",
        "lon": 40.45165514,
        "sample_id": "segment:line-13-civil-230:0002",
        "scope_id": "line-13-civil-230",
        "scope_type": "civil_segment"
      },
      "type": "Feature"
    },
    {
      "geometry": {
        "coordinates": [
          40.45165514,
          21.46234391
        ],
        "type": "Point"
      },
      "properties": {
        "chainage_m": 28.3,
        "civil_class": "elevated",
        "investigation_flags": [
          "fine-soil-plasticity-and-shrink-swell-tests",
          "granular-density-and-groundwater-tests"
        ],
        "lat": 21.46234391,
        "line": "line-13",
        "lon": 40.45165514,
        "sample_id": "segment:line-13-civil-231:0000",
        "scope_id": "line-13-civil-231",
        "scope_type": "civil_segment"
      },
      "type": "Feature"
    },
    {
      "geometry": {
        "coordinates": [
          40.45155864,
          21.46243389
        ],
        "type": "Point"
      },
      "properties": {
        "chainage_m": 42.45,
        "civil_class": "elevated",
        "investigation_flags": [
          "fine-soil-plasticity-and-shrink-swell-tests",
          "granular-density-and-groundwater-tests"
        ],
        "lat": 21.46243389,
        "line": "line-13",
        "lon": 40.45155864,
        "sample_id": "segment:line-13-civil-231:0001",
        "scope_id": "line-13-civil-231",
        "scope_type": "civil_segment"
      },
      "type": "Feature"
    },
    {
      "geometry": {
        "coordinates": [
          40.45146213,
          21.46252387
        ],
        "type": "Point"
      },
      "properties": {
        "chainage_m": 56.6,
        "civil_class": "elevated",
        "investigation_flags": [
          "fine-soil-plasticity-and-shrink-swell-tests",
          "granular-density-and-groundwater-tests"
        ],
        "lat": 21.46252387,
        "line": "line-13",
        "lon": 40.45146213,
        "sample_id": "segment:line-13-civil-231:0002",
        "scope_id": "line-13-civil-231",
        "scope_type": "civil_segment"
      },
      "type": "Feature"
    },
    {
      "geometry": {
        "coordinates": [
          40.45146213,
          21.46252387
        ],
        "type": "Point"
      },
      "properties": {
        "chainage_m": 56.6,
        "civil_class": "elevated",
        "investigation_flags": [
          "fine-soil-plasticity-and-shrink-swell-tests",
          "granular-density-and-groundwater-tests"
        ],
        "lat": 21.46252387,
        "line": "line-13",
        "lon": 40.45146213,
        "sample_id": "segment:line-13-civil-232:0000",
        "scope_id": "line-13-civil-232",
        "scope_type": "civil_segment"
      },
      "type": "Feature"
    },
    {
      "geometry": {
        "coordinates": [
          40.45136561,
          21.46252389
        ],
        "type": "Point"
      },
      "properties": {
        "chainage_m": 66.6,
        "civil_class": "elevated",
        "investigation_flags": [
          "fine-soil-plasticity-and-shrink-swell-tests",
          "granular-density-and-groundwater-tests"
        ],
        "lat": 21.46252389,
        "line": "line-13",
        "lon": 40.45136561,
        "sample_id": "segment:line-13-civil-232:0001",
        "scope_id": "line-13-civil-232",
        "scope_type": "civil_segment"
      },
      "type": "Feature"
    },
    {
      "geometry": {
        "coordinates": [
          40.45126908,
          21.46252389
        ],
        "type": "Point"
      },
      "properties": {
        "chainage_m": 76.6,
        "civil_class": "elevated",
        "investigation_flags": [
          "fine-soil-plasticity-and-shrink-swell-tests",
          "granular-density-and-groundwater-tests"
        ],
        "lat": 21.46252389,
        "line": "line-13",
        "lon": 40.45126908,
        "sample_id": "segment:line-13-civil-232:0002",
        "scope_id": "line-13-civil-232",
        "scope_type": "civil_segment"
      },
      "type": "Feature"
    },
    {
      "geometry": {
        "coordinates": [
          40.45126908,
          21.46252389
        ],
        "type": "Point"
      },
      "properties": {
        "chainage_m": 76.6,
        "civil_class": "elevated",
        "investigation_flags": [
          "fine-soil-plasticity-and-shrink-swell-tests",
          "granular-density-and-groundwater-tests"
        ],
        "lat": 21.46252389,
        "line": "line-13",
        "lon": 40.45126908,
        "sample_id": "segment:line-13-civil-233:0000",
        "scope_id": "line-13-civil-233",
        "scope_type": "civil_segment"
      },
      "type": "Feature"
    },
    {
      "geometry": {
        "coordinates": [
          40.4509795,
          21.46252389
        ],
        "type": "Point"
      },
      "properties": {
        "chainage_m": 106.6,
        "civil_class": "elevated",
        "investigation_flags": [
          "fine-soil-plasticity-and-shrink-swell-tests",
          "granular-density-and-groundwater-tests"
        ],
        "lat": 21.46252389,
        "line": "line-13",
        "lon": 40.4509795,
        "sample_id": "segment:line-13-civil-233:0001",
        "scope_id": "line-13-civil-233",
        "scope_type": "civil_segment"
      },
      "type": "Feature"
    },
    {
      "geometry": {
        "coordinates": [
          40.45068995,
          21.46252398
        ],
        "type": "Point"
      },
      "properties": {
        "chainage_m": 136.6,
        "civil_class": "elevated",
        "investigation_flags": [
          "fine-soil-plasticity-and-shrink-swell-tests",
          "granular-density-and-groundwater-tests"
        ],
        "lat": 21.46252398,
        "line": "line-13",
        "lon": 40.45068995,
        "sample_id": "segment:line-13-civil-233:0002",
        "scope_id": "line-13-civil-233",
        "scope_type": "civil_segment"
      },
      "type": "Feature"
    },
    {
      "geometry": {
        "coordinates": [
          40.45068995,
          21.46252398
        ],
        "type": "Point"
      },
      "properties": {
        "chainage_m": 136.6,
        "civil_class": "elevated",
        "investigation_flags": [
          "fine-soil-plasticity-and-shrink-swell-tests",
          "granular-density-and-groundwater-tests"
        ],
        "lat": 21.46252398,
        "line": "line-13",
        "lon": 40.45068995,
        "sample_id": "segment:line-13-civil-234:0000",
        "scope_id": "line-13-civil-234",
        "scope_type": "civil_segment"
      },
      "type": "Feature"
    },
    {
      "geometry": {
        "coordinates": [
          40.45049729,
          21.46270362
        ],
        "type": "Point"
      },
      "properties": {
        "chainage_m": 164.85,
        "civil_class": "elevated",
        "investigation_flags": [
          "fine-soil-plasticity-and-shrink-swell-tests",
          "granular-density-and-groundwater-tests"
        ],
        "lat": 21.46270362,
        "line": "line-13",
        "lon": 40.45049729,
        "sample_id": "segment:line-13-civil-234:0001",
        "scope_id": "line-13-civil-234",
        "scope_type": "civil_segment"
      },
      "type": "Feature"
    },
    {
      "geometry": {
        "coordinates": [
          40.45030462,
          21.46288326
        ],
        "type": "Point"
      },
      "properties": {
        "chainage_m": 193.1,
        "civil_class": "elevated",
        "investigation_flags": [
          "fine-soil-plasticity-and-shrink-swell-tests",
          "granular-density-and-groundwater-tests"
        ],
        "lat": 21.46288326,
        "line": "line-13",
        "lon": 40.45030462,
        "sample_id": "segment:line-13-civil-234:0002",
        "scope_id": "line-13-civil-234",
        "scope_type": "civil_segment"
      },
      "type": "Feature"
    },
    {
      "geometry": {
        "coordinates": [
          40.45030462,
          21.46288326
        ],
        "type": "Point"
      },
      "properties": {
        "chainage_m": 193.1,
        "civil_class": "elevated",
        "investigation_flags": [
          "fine-soil-plasticity-and-shrink-swell-tests",
          "granular-density-and-groundwater-tests"
        ],
        "lat": 21.46288326,
        "line": "line-13",
        "lon": 40.45030462,
        "sample_id": "segment:line-13-civil-235:0000",
        "scope_id": "line-13-civil-235",
        "scope_type": "civil_segment"
      },
      "type": "Feature"
    },
    {
      "geometry": {
        "coordinates": [
          40.44837559,
          21.46468188
        ],
        "type": "Point"
      },
      "properties": {
        "chainage_m": 475.95,
        "civil_class": "elevated",
        "investigation_flags": [
          "fine-soil-plasticity-and-shrink-swell-tests",
          "granular-density-and-groundwater-tests"
        ],
        "lat": 21.46468188,
        "line": "line-13",
        "lon": 40.44837559,
        "sample_id": "segment:line-13-civil-235:0001",
        "scope_id": "line-13-civil-235",
        "scope_type": "civil_segment"
      },
      "type": "Feature"
    },
    {
      "geometry": {
        "coordinates": [
          40.44644654,
          21.46648051
        ],
        "type": "Point"
      },
      "properties": {
        "chainage_m": 758.8,
        "civil_class": "elevated",
        "investigation_flags": [
          "coverage-gap"
        ],
        "lat": 21.46648051,
        "line": "line-13",
        "lon": 40.44644654,
        "sample_id": "segment:line-13-civil-235:0002",
        "scope_id": "line-13-civil-235",
        "scope_type": "civil_segment"
      },
      "type": "Feature"
    },
    {
      "geometry": {
        "coordinates": [
          40.44644654,
          21.46648051
        ],
        "type": "Point"
      },
      "properties": {
        "chainage_m": 758.8,
        "civil_class": "elevated",
        "investigation_flags": [
          "coverage-gap"
        ],
        "lat": 21.46648051,
        "line": "line-13",
        "lon": 40.44644654,
        "sample_id": "segment:line-13-civil-236:0000",
        "scope_id": "line-13-civil-236",
        "scope_type": "civil_segment"
      },
      "type": "Feature"
    },
    {
      "geometry": {
        "coordinates": [
          40.44610133,
          21.46666311
        ],
        "type": "Point"
      },
      "properties": {
        "chainage_m": 802.95,
        "civil_class": "elevated",
        "investigation_flags": [
          "coverage-gap"
        ],
        "lat": 21.46666311,
        "line": "line-13",
        "lon": 40.44610133,
        "sample_id": "segment:line-13-civil-236:0001",
        "scope_id": "line-13-civil-236",
        "scope_type": "civil_segment"
      },
      "type": "Feature"
    },
    {
      "geometry": {
        "coordinates": [
          40.44567554,
          21.46666311
        ],
        "type": "Point"
      },
      "properties": {
        "chainage_m": 847.1,
        "civil_class": "elevated",
        "investigation_flags": [
          "coverage-gap"
        ],
        "lat": 21.46666311,
        "line": "line-13",
        "lon": 40.44567554,
        "sample_id": "segment:line-13-civil-236:0002",
        "scope_id": "line-13-civil-236",
        "scope_type": "civil_segment"
      },
      "type": "Feature"
    },
    {
      "geometry": {
        "coordinates": [
          40.44567554,
          21.46666311
        ],
        "type": "Point"
      },
      "properties": {
        "chainage_m": 847.1,
        "civil_class": "at-grade",
        "investigation_flags": [
          "coverage-gap"
        ],
        "lat": 21.46666311,
        "line": "line-13",
        "lon": 40.44567554,
        "sample_id": "segment:line-13-civil-237:0000",
        "scope_id": "line-13-civil-237",
        "scope_type": "civil_segment"
      },
      "type": "Feature"
    },
    {
      "geometry": {
        "coordinates": [
          40.43679488,
          21.46666311
        ],
        "type": "Point"
      },
      "properties": {
        "chainage_m": 1767.1,
        "civil_class": "at-grade",
        "investigation_flags": [
          "fine-soil-plasticity-and-shrink-swell-tests",
          "granular-density-and-groundwater-tests"
        ],
        "lat": 21.46666311,
        "line": "line-13",
        "lon": 40.43679488,
        "sample_id": "segment:line-13-civil-237:0001",
        "scope_id": "line-13-civil-237",
        "scope_type": "civil_segment"
      },
      "type": "Feature"
    },
    {
      "geometry": {
        "coordinates": [
          40.43602711,
          21.46666311
        ],
        "type": "Point"
      },
      "properties": {
        "chainage_m": 1846.639,
        "civil_class": "at-grade",
        "investigation_flags": [
          "fine-soil-plasticity-and-shrink-swell-tests",
          "granular-density-and-groundwater-tests"
        ],
        "lat": 21.46666311,
        "line": "line-13",
        "lon": 40.43602711,
        "sample_id": "segment:line-13-civil-237:0002",
        "scope_id": "line-13-civil-237",
        "scope_type": "civil_segment"
      },
      "type": "Feature"
    },
    {
      "geometry": {
        "coordinates": [
          40.42791423,
          21.46666311
        ],
        "type": "Point"
      },
      "properties": {
        "chainage_m": 2687.1,
        "civil_class": "at-grade",
        "investigation_flags": [
          "fine-soil-plasticity-and-shrink-swell-tests",
          "granular-density-and-groundwater-tests"
        ],
        "lat": 21.46666311,
        "line": "line-13",
        "lon": 40.42791423,
        "sample_id": "segment:line-13-civil-237:0003",
        "scope_id": "line-13-civil-237",
        "scope_type": "civil_segment"
      },
      "type": "Feature"
    },
    {
      "geometry": {
        "coordinates": [
          40.5101388,
          21.37865966
        ],
        "type": "Point"
      },
      "properties": {
        "chainage_m": 0.0,
        "civil_class": "elevated",
        "investigation_flags": [
          "fine-soil-plasticity-and-shrink-swell-tests",
          "granular-density-and-groundwater-tests"
        ],
        "lat": 21.37865966,
        "line": "line-2",
        "lon": 40.5101388,
        "sample_id": "segment:line-2-civil-009:0000",
        "scope_id": "line-2-civil-009",
        "scope_type": "civil_segment"
      },
      "type": "Feature"
    },
    {
      "geometry": {
        "coordinates": [
          40.51004222,
          21.37874971
        ],
        "type": "Point"
      },
      "properties": {
        "chainage_m": 14.15,
        "civil_class": "elevated",
        "investigation_flags": [
          "fine-soil-plasticity-and-shrink-swell-tests",
          "granular-density-and-groundwater-tests"
        ],
        "lat": 21.37874971,
        "line": "line-2",
        "lon": 40.51004222,
        "sample_id": "segment:line-2-civil-009:0001",
        "scope_id": "line-2-civil-009",
        "scope_type": "civil_segment"
      },
      "type": "Feature"
    },
    {
      "geometry": {
        "coordinates": [
          40.50994578,
          21.37883982
        ],
        "type": "Point"
      },
      "properties": {
        "chainage_m": 28.3,
        "civil_class": "elevated",
        "investigation_flags": [
          "fine-soil-plasticity-and-shrink-swell-tests",
          "granular-density-and-groundwater-tests"
        ],
        "lat": 21.37883982,
        "line": "line-2",
        "lon": 40.50994578,
        "sample_id": "segment:line-2-civil-009:0002",
        "scope_id": "line-2-civil-009",
        "scope_type": "civil_segment"
      },
      "type": "Feature"
    },
    {
      "geometry": {
        "coordinates": [
          40.50994578,
          21.37883982
        ],
        "type": "Point"
      },
      "properties": {
        "chainage_m": 28.3,
        "civil_class": "elevated",
        "investigation_flags": [
          "fine-soil-plasticity-and-shrink-swell-tests",
          "granular-density-and-groundwater-tests"
        ],
        "lat": 21.37883982,
        "line": "line-2",
        "lon": 40.50994578,
        "sample_id": "segment:line-2-civil-010:0000",
        "scope_id": "line-2-civil-010",
        "scope_type": "civil_segment"
      },
      "type": "Feature"
    },
    {
      "geometry": {
        "coordinates": [
          40.50994578,
          21.37892975
        ],
        "type": "Point"
      },
      "properties": {
        "chainage_m": 38.3,
        "civil_class": "elevated",
        "investigation_flags": [
          "fine-soil-plasticity-and-shrink-swell-tests",
          "granular-density-and-groundwater-tests"
        ],
        "lat": 21.37892975,
        "line": "line-2",
        "lon": 40.50994578,
        "sample_id": "segment:line-2-civil-010:0001",
        "scope_id": "line-2-civil-010",
        "scope_type": "civil_segment"
      },
      "type": "Feature"
    },
    {
      "geometry": {
        "coordinates": [
          40.50994572,
          21.37901965
        ],
        "type": "Point"
      },
      "properties": {
        "chainage_m": 48.3,
        "civil_class": "elevated",
        "investigation_flags": [
          "fine-soil-plasticity-and-shrink-swell-tests",
          "granular-density-and-groundwater-tests"
        ],
        "lat": 21.37901965,
        "line": "line-2",
        "lon": 40.50994572,
        "sample_id": "segment:line-2-civil-010:0002",
        "scope_id": "line-2-civil-010",
        "scope_type": "civil_segment"
      },
      "type": "Feature"
    },
    {
      "geometry": {
        "coordinates": [
          40.50994572,
          21.37901965
        ],
        "type": "Point"
      },
      "properties": {
        "chainage_m": 48.3,
        "civil_class": "elevated",
        "investigation_flags": [
          "fine-soil-plasticity-and-shrink-swell-tests",
          "granular-density-and-groundwater-tests"
        ],
        "lat": 21.37901965,
        "line": "line-2",
        "lon": 40.50994572,
        "sample_id": "segment:line-2-civil-011:0000",
        "scope_id": "line-2-civil-011",
        "scope_type": "civil_segment"
      },
      "type": "Feature"
    },
    {
      "geometry": {
        "coordinates": [
          40.50565951,
          21.38517567
        ],
        "type": "Point"
      },
      "properties": {
        "chainage_m": 951.55,
        "civil_class": "elevated",
        "investigation_flags": [
          "coverage-gap"
        ],
        "lat": 21.38517567,
        "line": "line-2",
        "lon": 40.50565951,
        "sample_id": "segment:line-2-civil-011:0001",
        "scope_id": "line-2-civil-011",
        "scope_type": "civil_segment"
      },
      "type": "Feature"
    },
    {
      "geometry": {
        "coordinates": [
          40.5051204,
          21.38575065
        ],
        "type": "Point"
      },
      "properties": {
        "chainage_m": 1050.344,
        "civil_class": "elevated",
        "investigation_flags": [
          "coverage-gap"
        ],
        "lat": 21.38575065,
        "line": "line-2",
        "lon": 40.5051204,
        "sample_id": "segment:line-2-civil-011:0002",
        "scope_id": "line-2-civil-011",
        "scope_type": "civil_segment"
      },
      "type": "Feature"
    },
    {
      "geometry": {
        "coordinates": [
          40.50145311,
          21.39125721
        ],
        "type": "Point"
      },
      "properties": {
        "chainage_m": 1854.8,
        "civil_class": "elevated",
        "investigation_flags": [
          "fine-soil-plasticity-and-shrink-swell-tests",
          "granular-density-and-groundwater-tests"
        ],
        "lat": 21.39125721,
        "line": "line-2",
        "lon": 40.50145311,
        "sample_id": "segment:line-2-civil-011:0003",
        "scope_id": "line-2-civil-011",
        "scope_type": "civil_segment"
      },
      "type": "Feature"
    },
    {
      "geometry": {
        "coordinates": [
          40.50145311,
          21.39125721
        ],
        "type": "Point"
      },
      "properties": {
        "chainage_m": 1854.8,
        "civil_class": "bridge",
        "investigation_flags": [
          "fine-soil-plasticity-and-shrink-swell-tests",
          "granular-density-and-groundwater-tests"
        ],
        "lat": 21.39125721,
        "line": "line-2",
        "lon": 40.50145311,
        "sample_id": "segment:line-2-civil-012:0000",
        "scope_id": "line-2-civil-012",
        "scope_type": "civil_segment"
      },
      "type": "Feature"
    },
    {
      "geometry": {
        "coordinates": [
          40.50048827,
          21.39233686
        ],
        "type": "Point"
      },
      "properties": {
        "chainage_m": 2027.95,
        "civil_class": "bridge",
        "investigation_flags": [
          "coverage-gap"
        ],
        "lat": 21.39233686,
        "line": "line-2",
        "lon": 40.50048827,
        "sample_id": "segment:line-2-civil-012:0001",
        "scope_id": "line-2-civil-012",
        "scope_type": "civil_segment"
      },
      "type": "Feature"
    },
    {
      "geometry": {
        "coordinates": [
          40.49971578,
          21.39359702
        ],
        "type": "Point"
      },
      "properties": {
        "chainage_m": 2201.1,
        "civil_class": "bridge",
        "investigation_flags": [
          "coverage-gap"
        ],
        "lat": 21.39359702,
        "line": "line-2",
        "lon": 40.49971578,
        "sample_id": "segment:line-2-civil-012:0002",
        "scope_id": "line-2-civil-012",
        "scope_type": "civil_segment"
      },
      "type": "Feature"
    },
    {
      "geometry": {
        "coordinates": [
          40.49971578,
          21.39359702
        ],
        "type": "Point"
      },
      "properties": {
        "chainage_m": 2201.1,
        "civil_class": "elevated",
        "investigation_flags": [
          "coverage-gap"
        ],
        "lat": 21.39359702,
        "line": "line-2",
        "lon": 40.49971578,
        "sample_id": "segment:line-2-civil-013:0000",
        "scope_id": "line-2-civil-013",
        "scope_type": "civil_segment"
      },
      "type": "Feature"
    },
    {
      "geometry": {
        "coordinates": [
          40.4950836,
          21.40029785
        ],
        "type": "Point"
      },
      "properties": {
        "chainage_m": 3203.238,
        "civil_class": "elevated",
        "investigation_flags": [
          "fine-soil-plasticity-and-shrink-swell-tests",
          "granular-density-and-groundwater-tests"
        ],
        "lat": 21.40029785,
        "line": "line-2",
        "lon": 40.4950836,
        "sample_id": "segment:line-2-civil-013:0001",
        "scope_id": "line-2-civil-013",
        "scope_type": "civil_segment"
      },
      "type": "Feature"
    },
    {
      "geometry": {
        "coordinates": [
          40.49030741,
          21.40704844
        ],
        "type": "Point"
      },
      "properties": {
        "chainage_m": 4205.377,
        "civil_class": "elevated",
        "investigation_flags": [
          "fine-soil-plasticity-and-shrink-swell-tests",
          "granular-density-and-groundwater-tests"
        ],
        "lat": 21.40704844,
        "line": "line-2",
        "lon": 40.49030741,
        "sample_id": "segment:line-2-civil-013:0002",
        "scope_id": "line-2-civil-013",
        "scope_type": "civil_segment"
      },
      "type": "Feature"
    },
    {
      "geometry": {
        "coordinates": [
          40.48564302,
          21.41373704
        ],
        "type": "Point"
      },
      "properties": {
        "chainage_m": 5207.515,
        "civil_class": "elevated",
        "investigation_flags": [
          "coverage-gap"
        ],
        "lat": 21.41373704,
        "line": "line-2",
        "lon": 40.48564302,
        "sample_id": "segment:line-2-civil-013:0003",
        "scope_id": "line-2-civil-013",
        "scope_type": "civil_segment"
      },
      "type": "Feature"
    },
    {
      "geometry": {
        "coordinates": [
          40.48081863,
          21.42057483
        ],
        "type": "Point"
      },
      "properties": {
        "chainage_m": 6209.653,
        "civil_class": "elevated",
        "investigation_flags": [
          "fine-soil-plasticity-and-shrink-swell-tests",
          "granular-density-and-groundwater-tests"
        ],
        "lat": 21.42057483,
        "line": "line-2",
        "lon": 40.48081863,
        "sample_id": "segment:line-2-civil-013:0004",
        "scope_id": "line-2-civil-013",
        "scope_type": "civil_segment"
      },
      "type": "Feature"
    },
    {
      "geometry": {
        "coordinates": [
          40.47611478,
          21.42743049
        ],
        "type": "Point"
      },
      "properties": {
        "chainage_m": 7211.791,
        "civil_class": "elevated",
        "investigation_flags": [
          "fine-soil-plasticity-and-shrink-swell-tests",
          "granular-density-and-groundwater-tests"
        ],
        "lat": 21.42743049,
        "line": "line-2",
        "lon": 40.47611478,
        "sample_id": "segment:line-2-civil-013:0005",
        "scope_id": "line-2-civil-013",
        "scope_type": "civil_segment"
      },
      "type": "Feature"
    },
    {
      "geometry": {
        "coordinates": [
          40.47581155,
          21.42776292
        ],
        "type": "Point"
      },
      "properties": {
        "chainage_m": 7270.25,
        "civil_class": "elevated",
        "investigation_flags": [
          "fine-soil-plasticity-and-shrink-swell-tests",
          "granular-density-and-groundwater-tests"
        ],
        "lat": 21.42776292,
        "line": "line-2",
        "lon": 40.47581155,
        "sample_id": "segment:line-2-civil-013:0006",
        "scope_id": "line-2-civil-013",
        "scope_type": "civil_segment"
      },
      "type": "Feature"
    },
    {
      "geometry": {
        "coordinates": [
          40.4713427,
          21.43410682
        ],
        "type": "Point"
      },
      "properties": {
        "chainage_m": 8213.93,
        "civil_class": "elevated",
        "investigation_flags": [
          "coverage-gap"
        ],
        "lat": 21.43410682,
        "line": "line-2",
        "lon": 40.4713427,
        "sample_id": "segment:line-2-civil-013:0007",
        "scope_id": "line-2-civil-013",
        "scope_type": "civil_segment"
      },
      "type": "Feature"
    },
    {
      "geometry": {
        "coordinates": [
          40.46671033,
          21.44091411
        ],
        "type": "Point"
      },
      "properties": {
        "chainage_m": 9216.068,
        "civil_class": "elevated",
        "investigation_flags": [
          "fine-soil-plasticity-and-shrink-swell-tests",
          "granular-density-and-groundwater-tests"
        ],
        "lat": 21.44091411,
        "line": "line-2",
        "lon": 40.46671033,
        "sample_id": "segment:line-2-civil-013:0008",
        "scope_id": "line-2-civil-013",
        "scope_type": "civil_segment"
      },
      "type": "Feature"
    },
    {
      "geometry": {
        "coordinates": [
          40.46205585,
          21.44760731
        ],
        "type": "Point"
      },
      "properties": {
        "chainage_m": 10218.206,
        "civil_class": "elevated",
        "investigation_flags": [
          "coverage-gap"
        ],
        "lat": 21.44760731,
        "line": "line-2",
        "lon": 40.46205585,
        "sample_id": "segment:line-2-civil-013:0009",
        "scope_id": "line-2-civil-013",
        "scope_type": "civil_segment"
      },
      "type": "Feature"
    },
    {
      "geometry": {
        "coordinates": [
          40.45725258,
          21.45434843
        ],
        "type": "Point"
      },
      "properties": {
        "chainage_m": 11220.344,
        "civil_class": "elevated",
        "investigation_flags": [
          "fine-soil-plasticity-and-shrink-swell-tests",
          "granular-density-and-groundwater-tests"
        ],
        "lat": 21.45434843,
        "line": "line-2",
        "lon": 40.45725258,
        "sample_id": "segment:line-2-civil-013:0010",
        "scope_id": "line-2-civil-013",
        "scope_type": "civil_segment"
      },
      "type": "Feature"
    },
    {
      "geometry": {
        "coordinates": [
          40.45256571,
          21.46113497
        ],
        "type": "Point"
      },
      "properties": {
        "chainage_m": 12222.483,
        "civil_class": "elevated",
        "investigation_flags": [
          "fine-soil-plasticity-and-shrink-swell-tests",
          "granular-density-and-groundwater-tests"
        ],
        "lat": 21.46113497,
        "line": "line-2",
        "lon": 40.45256571,
        "sample_id": "segment:line-2-civil-013:0011",
        "scope_id": "line-2-civil-013",
        "scope_type": "civil_segment"
      },
      "type": "Feature"
    },
    {
      "geometry": {
        "coordinates": [
          40.45204063,
          21.46198449
        ],
        "type": "Point"
      },
      "properties": {
        "chainage_m": 12339.4,
        "civil_class": "elevated",
        "investigation_flags": [
          "fine-soil-plasticity-and-shrink-swell-tests",
          "granular-density-and-groundwater-tests"
        ],
        "lat": 21.46198449,
        "line": "line-2",
        "lon": 40.45204063,
        "sample_id": "segment:line-2-civil-013:0012",
        "scope_id": "line-2-civil-013",
        "scope_type": "civil_segment"
      },
      "type": "Feature"
    },
    {
      "geometry": {
        "coordinates": [
          40.45204063,
          21.46198449
        ],
        "type": "Point"
      },
      "properties": {
        "chainage_m": 12339.4,
        "civil_class": "elevated",
        "investigation_flags": [
          "fine-soil-plasticity-and-shrink-swell-tests",
          "granular-density-and-groundwater-tests"
        ],
        "lat": 21.46198449,
        "line": "line-2",
        "lon": 40.45204063,
        "sample_id": "segment:line-2-civil-014:0000",
        "scope_id": "line-2-civil-014",
        "scope_type": "civil_segment"
      },
      "type": "Feature"
    },
    {
      "geometry": {
        "coordinates": [
          40.45194439,
          21.46207422
        ],
        "type": "Point"
      },
      "properties": {
        "chainage_m": 12353.5,
        "civil_class": "elevated",
        "investigation_flags": [
          "fine-soil-plasticity-and-shrink-swell-tests",
          "granular-density-and-groundwater-tests"
        ],
        "lat": 21.46207422,
        "line": "line-2",
        "lon": 40.45194439,
        "sample_id": "segment:line-2-civil-014:0001",
        "scope_id": "line-2-civil-014",
        "scope_type": "civil_segment"
      },
      "type": "Feature"
    },
    {
      "geometry": {
        "coordinates": [
          40.45184814,
          21.46216396
        ],
        "type": "Point"
      },
      "properties": {
        "chainage_m": 12367.6,
        "civil_class": "elevated",
        "investigation_flags": [
          "fine-soil-plasticity-and-shrink-swell-tests",
          "granular-density-and-groundwater-tests"
        ],
        "lat": 21.46216396,
        "line": "line-2",
        "lon": 40.45184814,
        "sample_id": "segment:line-2-civil-014:0002",
        "scope_id": "line-2-civil-014",
        "scope_type": "civil_segment"
      },
      "type": "Feature"
    },
    {
      "geometry": {
        "coordinates": [
          40.58695893,
          21.47260199
        ],
        "type": "Point"
      },
      "properties": {
        "chainage_m": 0.0,
        "civil_class": "bridge",
        "investigation_flags": [
          "coverage-gap"
        ],
        "lat": 21.47260199,
        "line": "line-3",
        "lon": 40.58695893,
        "sample_id": "segment:line-3-civil-015:0000",
        "scope_id": "line-3-civil-015",
        "scope_type": "civil_segment"
      },
      "type": "Feature"
    },
    {
      "geometry": {
        "coordinates": [
          40.58637989,
          21.47598004
        ],
        "type": "Point"
      },
      "properties": {
        "chainage_m": 412.45,
        "civil_class": "bridge",
        "investigation_flags": [
          "coverage-gap"
        ],
        "lat": 21.47598004,
        "line": "line-3",
        "lon": 40.58637989,
        "sample_id": "segment:line-3-civil-015:0001",
        "scope_id": "line-3-civil-015",
        "scope_type": "civil_segment"
      },
      "type": "Feature"
    },
    {
      "geometry": {
        "coordinates": [
          40.58619208,
          21.47961581
        ],
        "type": "Point"
      },
      "properties": {
        "chainage_m": 824.9,
        "civil_class": "bridge",
        "investigation_flags": [
          "fine-soil-plasticity-and-shrink-swell-tests",
          "granular-density-and-groundwater-tests"
        ],
        "lat": 21.47961581,
        "line": "line-3",
        "lon": 40.58619208,
        "sample_id": "segment:line-3-civil-015:0002",
        "scope_id": "line-3-civil-015",
        "scope_type": "civil_segment"
      },
      "type": "Feature"
    },
    {
      "geometry": {
        "coordinates": [
          40.58619208,
          21.47961581
        ],
        "type": "Point"
      },
      "properties": {
        "chainage_m": 824.9,
        "civil_class": "at-grade",
        "investigation_flags": [
          "fine-soil-plasticity-and-shrink-swell-tests",
          "granular-density-and-groundwater-tests"
        ],
        "lat": 21.47961581,
        "line": "line-3",
        "lon": 40.58619208,
        "sample_id": "segment:line-3-civil-016:0000",
        "scope_id": "line-3-civil-016",
        "scope_type": "civil_segment"
      },
      "type": "Feature"
    },
    {
      "geometry": {
        "coordinates": [
          40.58411764,
          21.48155001
        ],
        "type": "Point"
      },
      "properties": {
        "chainage_m": 1128.7,
        "civil_class": "at-grade",
        "investigation_flags": [
          "fine-soil-plasticity-and-shrink-swell-tests",
          "granular-density-and-groundwater-tests"
        ],
        "lat": 21.48155001,
        "line": "line-3",
        "lon": 40.58411764,
        "sample_id": "segment:line-3-civil-016:0001",
        "scope_id": "line-3-civil-016",
        "scope_type": "civil_segment"
      },
      "type": "Feature"
    },
    {
      "geometry": {
        "coordinates": [
          40.5815545,
          21.48178809
        ],
        "type": "Point"
      },
      "properties": {
        "chainage_m": 1432.5,
        "civil_class": "at-grade",
        "investigation_flags": [
          "fine-soil-plasticity-and-shrink-swell-tests",
          "granular-density-and-groundwater-tests"
        ],
        "lat": 21.48178809,
        "line": "line-3",
        "lon": 40.5815545,
        "sample_id": "segment:line-3-civil-016:0002",
        "scope_id": "line-3-civil-016",
        "scope_type": "civil_segment"
      },
      "type": "Feature"
    },
    {
      "geometry": {
        "coordinates": [
          40.5815545,
          21.48178809
        ],
        "type": "Point"
      },
      "properties": {
        "chainage_m": 1432.5,
        "civil_class": "bridge",
        "investigation_flags": [
          "fine-soil-plasticity-and-shrink-swell-tests",
          "granular-density-and-groundwater-tests"
        ],
        "lat": 21.48178809,
        "line": "line-3",
        "lon": 40.5815545,
        "sample_id": "segment:line-3-civil-017:0000",
        "scope_id": "line-3-civil-017",
        "scope_type": "civil_segment"
      },
      "type": "Feature"
    },
    {
      "geometry": {
        "coordinates": [
          40.58136976,
          21.48178027
        ],
        "type": "Point"
      },
      "properties": {
        "chainage_m": 1452.5,
        "civil_class": "bridge",
        "investigation_flags": [
          "fine-soil-plasticity-and-shrink-swell-tests",
          "granular-density-and-groundwater-tests"
        ],
        "lat": 21.48178027,
        "line": "line-3",
        "lon": 40.58136976,
        "sample_id": "segment:line-3-civil-017:0001",
        "scope_id": "line-3-civil-017",
        "scope_type": "civil_segment"
      },
      "type": "Feature"
    },
    {
      "geometry": {
        "coordinates": [
          40.58117666,
          21.48178027
        ],
        "type": "Point"
      },
      "properties": {
        "chainage_m": 1472.5,
        "civil_class": "bridge",
        "investigation_flags": [
          "fine-soil-plasticity-and-shrink-swell-tests",
          "granular-density-and-groundwater-tests"
        ],
        "lat": 21.48178027,
        "line": "line-3",
        "lon": 40.58117666,
        "sample_id": "segment:line-3-civil-017:0002",
        "scope_id": "line-3-civil-017",
        "scope_type": "civil_segment"
      },
      "type": "Feature"
    },
    {
      "geometry": {
        "coordinates": [
          40.58117666,
          21.48178027
        ],
        "type": "Point"
      },
      "properties": {
        "chainage_m": 1472.5,
        "civil_class": "at-grade",
        "investigation_flags": [
          "fine-soil-plasticity-and-shrink-swell-tests",
          "granular-density-and-groundwater-tests"
        ],
        "lat": 21.48178027,
        "line": "line-3",
        "lon": 40.58117666,
        "sample_id": "segment:line-3-civil-018:0000",
        "scope_id": "line-3-civil-018",
        "scope_type": "civil_segment"
      },
      "type": "Feature"
    },
    {
      "geometry": {
        "coordinates": [
          40.57966644,
          21.48142034
        ],
        "type": "Point"
      },
      "properties": {
        "chainage_m": 1669.1,
        "civil_class": "at-grade",
        "investigation_flags": [
          "fine-soil-plasticity-and-shrink-swell-tests",
          "granular-density-and-groundwater-tests"
        ],
        "lat": 21.48142034,
        "line": "line-3",
        "lon": 40.57966644,
        "sample_id": "segment:line-3-civil-018:0001",
        "scope_id": "line-3-civil-018",
        "scope_type": "civil_segment"
      },
      "type": "Feature"
    },
    {
      "geometry": {
        "coordinates": [
          40.57846625,
          21.48034773
        ],
        "type": "Point"
      },
      "properties": {
        "chainage_m": 1865.7,
        "civil_class": "at-grade",
        "investigation_flags": [
          "fine-soil-plasticity-and-shrink-swell-tests",
          "granular-density-and-groundwater-tests"
        ],
        "lat": 21.48034773,
        "line": "line-3",
        "lon": 40.57846625,
        "sample_id": "segment:line-3-civil-018:0002",
        "scope_id": "line-3-civil-018",
        "scope_type": "civil_segment"
      },
      "type": "Feature"
    },
    {
      "geometry": {
        "coordinates": [
          40.57846625,
          21.48034773
        ],
        "type": "Point"
      },
      "properties": {
        "chainage_m": 1865.7,
        "civil_class": "bridge",
        "investigation_flags": [
          "fine-soil-plasticity-and-shrink-swell-tests",
          "granular-density-and-groundwater-tests"
        ],
        "lat": 21.48034773,
        "line": "line-3",
        "lon": 40.57846625,
        "sample_id": "segment:line-3-civil-019:0000",
        "scope_id": "line-3-civil-019",
        "scope_type": "civil_segment"
      },
      "type": "Feature"
    },
    {
      "geometry": {
        "coordinates": [
          40.5783774,
          21.48034054
        ],
        "type": "Point"
      },
      "properties": {
        "chainage_m": 1875.7,
        "civil_class": "bridge",
        "investigation_flags": [
          "fine-soil-plasticity-and-shrink-swell-tests",
          "granular-density-and-groundwater-tests"
        ],
        "lat": 21.48034054,
        "line": "line-3",
        "lon": 40.5783774,
        "sample_id": "segment:line-3-civil-019:0001",
        "scope_id": "line-3-civil-019",
        "scope_type": "civil_segment"
      },
      "type": "Feature"
    },
    {
      "geometry": {
        "coordinates": [
          40.57828086,
          21.48034054
        ],
        "type": "Point"
      },
      "properties": {
        "chainage_m": 1885.7,
        "civil_class": "bridge",
        "investigation_flags": [
          "fine-soil-plasticity-and-shrink-swell-tests",
          "granular-density-and-groundwater-tests"
        ],
        "lat": 21.48034054,
        "line": "line-3",
        "lon": 40.57828086,
        "sample_id": "segment:line-3-civil-019:0002",
        "scope_id": "line-3-civil-019",
        "scope_type": "civil_segment"
      },
      "type": "Feature"
    },
    {
      "geometry": {
        "coordinates": [
          40.57828086,
          21.48034054
        ],
        "type": "Point"
      },
      "properties": {
        "chainage_m": 1885.7,
        "civil_class": "at-grade",
        "investigation_flags": [
          "fine-soil-plasticity-and-shrink-swell-tests",
          "granular-density-and-groundwater-tests"
        ],
        "lat": 21.48034054,
        "line": "line-3",
        "lon": 40.57828086,
        "sample_id": "segment:line-3-civil-020:0000",
        "scope_id": "line-3-civil-020",
        "scope_type": "civil_segment"
      },
      "type": "Feature"
    },
    {
      "geometry": {
        "coordinates": [
          40.57596318,
          21.47818665
        ],
        "type": "Point"
      },
      "properties": {
        "chainage_m": 2225.1,
        "civil_class": "at-grade",
        "investigation_flags": [
          "fine-soil-plasticity-and-shrink-swell-tests",
          "granular-density-and-groundwater-tests"
        ],
        "lat": 21.47818665,
        "line": "line-3",
        "lon": 40.57596318,
        "sample_id": "segment:line-3-civil-020:0001",
        "scope_id": "line-3-civil-020",
        "scope_type": "civil_segment"
      },
      "type": "Feature"
    },
    {
      "geometry": {
        "coordinates": [
          40.57364774,
          21.47602775
        ],
        "type": "Point"
      },
      "properties": {
        "chainage_m": 2564.5,
        "civil_class": "at-grade",
        "investigation_flags": [
          "fine-soil-plasticity-and-shrink-swell-tests",
          "granular-density-and-groundwater-tests"
        ],
        "lat": 21.47602775,
        "line": "line-3",
        "lon": 40.57364774,
        "sample_id": "segment:line-3-civil-020:0002",
        "scope_id": "line-3-civil-020",
        "scope_type": "civil_segment"
      },
      "type": "Feature"
    },
    {
      "geometry": {
        "coordinates": [
          40.57364774,
          21.47602775
        ],
        "type": "Point"
      },
      "properties": {
        "chainage_m": 2564.5,
        "civil_class": "elevated",
        "investigation_flags": [
          "fine-soil-plasticity-and-shrink-swell-tests",
          "granular-density-and-groundwater-tests"
        ],
        "lat": 21.47602775,
        "line": "line-3",
        "lon": 40.57364774,
        "sample_id": "segment:line-3-civil-021:0000",
        "scope_id": "line-3-civil-021",
        "scope_type": "civil_segment"
      },
      "type": "Feature"
    },
    {
      "geometry": {
        "coordinates": [
          40.56581577,
          21.47242203
        ],
        "type": "Point"
      },
      "properties": {
        "chainage_m": 3565.251,
        "civil_class": "elevated",
        "investigation_flags": [
          "fine-soil-plasticity-and-shrink-swell-tests",
          "granular-density-and-groundwater-tests"
        ],
        "lat": 21.47242203,
        "line": "line-3",
        "lon": 40.56581577,
        "sample_id": "segment:line-3-civil-021:0001",
        "scope_id": "line-3-civil-021",
        "scope_type": "civil_segment"
      },
      "type": "Feature"
    },
    {
      "geometry": {
        "coordinates": [
          40.55785235,
          21.46885883
        ],
        "type": "Point"
      },
      "properties": {
        "chainage_m": 4566.001,
        "civil_class": "elevated",
        "investigation_flags": [
          "fine-soil-plasticity-and-shrink-swell-tests",
          "granular-density-and-groundwater-tests"
        ],
        "lat": 21.46885883,
        "line": "line-3",
        "lon": 40.55785235,
        "sample_id": "segment:line-3-civil-021:0002",
        "scope_id": "line-3-civil-021",
        "scope_type": "civil_segment"
      },
      "type": "Feature"
    },
    {
      "geometry": {
        "coordinates": [
          40.55003384,
          21.46522338
        ],
        "type": "Point"
      },
      "properties": {
        "chainage_m": 5566.752,
        "civil_class": "elevated",
        "investigation_flags": [
          "coverage-gap"
        ],
        "lat": 21.46522338,
        "line": "line-3",
        "lon": 40.55003384,
        "sample_id": "segment:line-3-civil-021:0003",
        "scope_id": "line-3-civil-021",
        "scope_type": "civil_segment"
      },
      "type": "Feature"
    },
    {
      "geometry": {
        "coordinates": [
          40.54217936,
          21.46164295
        ],
        "type": "Point"
      },
      "properties": {
        "chainage_m": 6567.502,
        "civil_class": "elevated",
        "investigation_flags": [
          "fine-soil-plasticity-and-shrink-swell-tests",
          "granular-density-and-groundwater-tests"
        ],
        "lat": 21.46164295,
        "line": "line-3",
        "lon": 40.54217936,
        "sample_id": "segment:line-3-civil-021:0004",
        "scope_id": "line-3-civil-021",
        "scope_type": "civil_segment"
      },
      "type": "Feature"
    },
    {
      "geometry": {
        "coordinates": [
          40.534286,
          21.4582047
        ],
        "type": "Point"
      },
      "properties": {
        "chainage_m": 7568.253,
        "civil_class": "elevated",
        "investigation_flags": [
          "fine-soil-plasticity-and-shrink-swell-tests",
          "granular-density-and-groundwater-tests"
        ],
        "lat": 21.4582047,
        "line": "line-3",
        "lon": 40.534286,
        "sample_id": "segment:line-3-civil-021:0005",
        "scope_id": "line-3-civil-021",
        "scope_type": "civil_segment"
      },
      "type": "Feature"
    },
    {
      "geometry": {
        "coordinates": [
          40.52647916,
          21.45454389
        ],
        "type": "Point"
      },
      "properties": {
        "chainage_m": 8569.004,
        "civil_class": "elevated",
        "investigation_flags": [
          "fine-soil-plasticity-and-shrink-swell-tests",
          "granular-density-and-groundwater-tests"
        ],
        "lat": 21.45454389,
        "line": "line-3",
        "lon": 40.52647916,
        "sample_id": "segment:line-3-civil-021:0006",
        "scope_id": "line-3-civil-021",
        "scope_type": "civil_segment"
      },
      "type": "Feature"
    },
    {
      "geometry": {
        "coordinates": [
          40.5185054,
          21.45100605
        ],
        "type": "Point"
      },
      "properties": {
        "chainage_m": 9569.754,
        "civil_class": "elevated",
        "investigation_flags": [
          "fine-soil-plasticity-and-shrink-swell-tests",
          "granular-density-and-groundwater-tests"
        ],
        "lat": 21.45100605,
        "line": "line-3",
        "lon": 40.5185054,
        "sample_id": "segment:line-3-civil-021:0007",
        "scope_id": "line-3-civil-021",
        "scope_type": "civil_segment"
      },
      "type": "Feature"
    },
    {
      "geometry": {
        "coordinates": [
          40.51060525,
          21.44730175
        ],
        "type": "Point"
      },
      "properties": {
        "chainage_m": 10570.505,
        "civil_class": "elevated",
        "investigation_flags": [
          "fine-soil-plasticity-and-shrink-swell-tests",
          "granular-density-and-groundwater-tests"
        ],
        "lat": 21.44730175,
        "line": "line-3",
        "lon": 40.51060525,
        "sample_id": "segment:line-3-civil-021:0008",
        "scope_id": "line-3-civil-021",
        "scope_type": "civil_segment"
      },
      "type": "Feature"
    },
    {
      "geometry": {
        "coordinates": [
          40.50975281,
          21.4470468
        ],
        "type": "Point"
      },
      "properties": {
        "chainage_m": 10670.6,
        "civil_class": "elevated",
        "investigation_flags": [
          "fine-soil-plasticity-and-shrink-swell-tests",
          "granular-density-and-groundwater-tests"
        ],
        "lat": 21.4470468,
        "line": "line-3",
        "lon": 40.50975281,
        "sample_id": "segment:line-3-civil-021:0009",
        "scope_id": "line-3-civil-021",
        "scope_type": "civil_segment"
      },
      "type": "Feature"
    },
    {
      "geometry": {
        "coordinates": [
          40.50274842,
          21.44375538
        ],
        "type": "Point"
      },
      "properties": {
        "chainage_m": 11571.255,
        "civil_class": "elevated",
        "investigation_flags": [
          "fine-soil-plasticity-and-shrink-swell-tests",
          "granular-density-and-groundwater-tests"
        ],
        "lat": 21.44375538,
        "line": "line-3",
        "lon": 40.50274842,
        "sample_id": "segment:line-3-civil-021:0010",
        "scope_id": "line-3-civil-021",
        "scope_type": "civil_segment"
      },
      "type": "Feature"
    },
    {
      "geometry": {
        "coordinates": [
          40.49477933,
          21.44020808
        ],
        "type": "Point"
      },
      "properties": {
        "chainage_m": 12572.006,
        "civil_class": "elevated",
        "investigation_flags": [
          "fine-soil-plasticity-and-shrink-swell-tests",
          "granular-density-and-groundwater-tests"
        ],
        "lat": 21.44020808,
        "line": "line-3",
        "lon": 40.49477933,
        "sample_id": "segment:line-3-civil-021:0011",
        "scope_id": "line-3-civil-021",
        "scope_type": "civil_segment"
      },
      "type": "Feature"
    },
    {
      "geometry": {
        "coordinates": [
          40.48695516,
          21.43658844
        ],
        "type": "Point"
      },
      "properties": {
        "chainage_m": 13572.757,
        "civil_class": "elevated",
        "investigation_flags": [
          "fine-soil-plasticity-and-shrink-swell-tests",
          "granular-density-and-groundwater-tests"
        ],
        "lat": 21.43658844,
        "line": "line-3",
        "lon": 40.48695516,
        "sample_id": "segment:line-3-civil-021:0012",
        "scope_id": "line-3-civil-021",
        "scope_type": "civil_segment"
      },
      "type": "Feature"
    },
    {
      "geometry": {
        "coordinates": [
          40.47909868,
          21.43304241
        ],
        "type": "Point"
      },
      "properties": {
        "chainage_m": 14573.507,
        "civil_class": "elevated",
        "investigation_flags": [
          "fine-soil-plasticity-and-shrink-swell-tests",
          "granular-density-and-groundwater-tests"
        ],
        "lat": 21.43304241,
        "line": "line-3",
        "lon": 40.47909868,
        "sample_id": "segment:line-3-civil-021:0013",
        "scope_id": "line-3-civil-021",
        "scope_type": "civil_segment"
      },
      "type": "Feature"
    },
    {
      "geometry": {
        "coordinates": [
          40.47116759,
          21.42941011
        ],
        "type": "Point"
      },
      "properties": {
        "chainage_m": 15574.258,
        "civil_class": "elevated",
        "investigation_flags": [
          "coverage-gap"
        ],
        "lat": 21.42941011,
        "line": "line-3",
        "lon": 40.47116759,
        "sample_id": "segment:line-3-civil-021:0014",
        "scope_id": "line-3-civil-021",
        "scope_type": "civil_segment"
      },
      "type": "Feature"
    },
    {
      "geometry": {
        "coordinates": [
          40.46344232,
          21.42582315
        ],
        "type": "Point"
      },
      "properties": {
        "chainage_m": 16575.008,
        "civil_class": "elevated",
        "investigation_flags": [
          "fine-soil-plasticity-and-shrink-swell-tests",
          "granular-density-and-groundwater-tests"
        ],
        "lat": 21.42582315,
        "line": "line-3",
        "lon": 40.46344232,
        "sample_id": "segment:line-3-civil-021:0015",
        "scope_id": "line-3-civil-021",
        "scope_type": "civil_segment"
      },
      "type": "Feature"
    },
    {
      "geometry": {
        "coordinates": [
          40.45545,
          21.42233042
        ],
        "type": "Point"
      },
      "properties": {
        "chainage_m": 17575.759,
        "civil_class": "elevated",
        "investigation_flags": [
          "fine-soil-plasticity-and-shrink-swell-tests",
          "granular-density-and-groundwater-tests"
        ],
        "lat": 21.42233042,
        "line": "line-3",
        "lon": 40.45545,
        "sample_id": "segment:line-3-civil-021:0016",
        "scope_id": "line-3-civil-021",
        "scope_type": "civil_segment"
      },
      "type": "Feature"
    },
    {
      "geometry": {
        "coordinates": [
          40.44765024,
          21.4186573
        ],
        "type": "Point"
      },
      "properties": {
        "chainage_m": 18576.51,
        "civil_class": "elevated",
        "investigation_flags": [
          "coverage-gap"
        ],
        "lat": 21.4186573,
        "line": "line-3",
        "lon": 40.44765024,
        "sample_id": "segment:line-3-civil-021:0017",
        "scope_id": "line-3-civil-021",
        "scope_type": "civil_segment"
      },
      "type": "Feature"
    },
    {
      "geometry": {
        "coordinates": [
          40.44605805,
          21.41789262
        ],
        "type": "Point"
      },
      "properties": {
        "chainage_m": 18776.7,
        "civil_class": "elevated",
        "investigation_flags": [
          "coverage-gap"
        ],
        "lat": 21.41789262,
        "line": "line-3",
        "lon": 40.44605805,
        "sample_id": "segment:line-3-civil-021:0018",
        "scope_id": "line-3-civil-021",
        "scope_type": "civil_segment"
      },
      "type": "Feature"
    },
    {
      "geometry": {
        "coordinates": [
          40.44605805,
          21.41789262
        ],
        "type": "Point"
      },
      "properties": {
        "chainage_m": 18776.7,
        "civil_class": "elevated",
        "investigation_flags": [
          "coverage-gap"
        ],
        "lat": 21.41789262,
        "line": "line-3",
        "lon": 40.44605805,
        "sample_id": "segment:line-3-civil-022:0000",
        "scope_id": "line-3-civil-022",
        "scope_type": "civil_segment"
      },
      "type": "Feature"
    },
    {
      "geometry": {
        "coordinates": [
          40.44586508,
          21.41789228
        ],
        "type": "Point"
      },
      "properties": {
        "chainage_m": 18796.7,
        "civil_class": "elevated",
        "investigation_flags": [
          "coverage-gap"
        ],
        "lat": 21.41789228,
        "line": "line-3",
        "lon": 40.44586508,
        "sample_id": "segment:line-3-civil-022:0001",
        "scope_id": "line-3-civil-022",
        "scope_type": "civil_segment"
      },
      "type": "Feature"
    },
    {
      "geometry": {
        "coordinates": [
          40.44567196,
          21.41789228
        ],
        "type": "Point"
      },
      "properties": {
        "chainage_m": 18816.7,
        "civil_class": "elevated",
        "investigation_flags": [
          "coverage-gap"
        ],
        "lat": 21.41789228,
        "line": "line-3",
        "lon": 40.44567196,
        "sample_id": "segment:line-3-civil-022:0002",
        "scope_id": "line-3-civil-022",
        "scope_type": "civil_segment"
      },
      "type": "Feature"
    },
    {
      "geometry": {
        "coordinates": [
          40.44567196,
          21.41789228
        ],
        "type": "Point"
      },
      "properties": {
        "chainage_m": 18816.7,
        "civil_class": "at-grade",
        "investigation_flags": [
          "coverage-gap"
        ],
        "lat": 21.41789228,
        "line": "line-3",
        "lon": 40.44567196,
        "sample_id": "segment:line-3-civil-023:0000",
        "scope_id": "line-3-civil-023",
        "scope_type": "civil_segment"
      },
      "type": "Feature"
    },
    {
      "geometry": {
        "coordinates": [
          40.44538228,
          21.41789228
        ],
        "type": "Point"
      },
      "properties": {
        "chainage_m": 18846.7,
        "civil_class": "at-grade",
        "investigation_flags": [
          "coverage-gap"
        ],
        "lat": 21.41789228,
        "line": "line-3",
        "lon": 40.44538228,
        "sample_id": "segment:line-3-civil-023:0001",
        "scope_id": "line-3-civil-023",
        "scope_type": "civil_segment"
      },
      "type": "Feature"
    },
    {
      "geometry": {
        "coordinates": [
          40.44509261,
          21.41789228
        ],
        "type": "Point"
      },
      "properties": {
        "chainage_m": 18876.7,
        "civil_class": "at-grade",
        "investigation_flags": [
          "coverage-gap"
        ],
        "lat": 21.41789228,
        "line": "line-3",
        "lon": 40.44509261,
        "sample_id": "segment:line-3-civil-023:0002",
        "scope_id": "line-3-civil-023",
        "scope_type": "civil_segment"
      },
      "type": "Feature"
    },
    {
      "geometry": {
        "coordinates": [
          40.47674713,
          21.46720301
        ],
        "type": "Point"
      },
      "properties": {
        "chainage_m": 0.0,
        "civil_class": "elevated",
        "investigation_flags": [
          "fine-soil-plasticity-and-shrink-swell-tests",
          "granular-density-and-groundwater-tests"
        ],
        "lat": 21.46720301,
        "line": "line-4",
        "lon": 40.47674713,
        "sample_id": "segment:line-4-civil-024:0000",
        "scope_id": "line-4-civil-024",
        "scope_type": "civil_segment"
      },
      "type": "Feature"
    },
    {
      "geometry": {
        "coordinates": [
          40.48358308,
          21.47357679
        ],
        "type": "Point"
      },
      "properties": {
        "chainage_m": 1001.489,
        "civil_class": "elevated",
        "investigation_flags": [
          "fine-soil-plasticity-and-shrink-swell-tests",
          "granular-density-and-groundwater-tests"
        ],
        "lat": 21.47357679,
        "line": "line-4",
        "lon": 40.48358308,
        "sample_id": "segment:line-4-civil-024:0001",
        "scope_id": "line-4-civil-024",
        "scope_type": "civil_segment"
      },
      "type": "Feature"
    },
    {
      "geometry": {
        "coordinates": [
          40.48572549,
          21.47548145
        ],
        "type": "Point"
      },
      "properties": {
        "chainage_m": 1311.1,
        "civil_class": "elevated",
        "investigation_flags": [
          "fine-soil-plasticity-and-shrink-swell-tests",
          "granular-density-and-groundwater-tests"
        ],
        "lat": 21.47548145,
        "line": "line-4",
        "lon": 40.48572549,
        "sample_id": "segment:line-4-civil-024:0002",
        "scope_id": "line-4-civil-024",
        "scope_type": "civil_segment"
      },
      "type": "Feature"
    },
    {
      "geometry": {
        "coordinates": [
          40.49047543,
          21.47982321
        ],
        "type": "Point"
      },
      "properties": {
        "chainage_m": 2002.979,
        "civil_class": "elevated",
        "investigation_flags": [
          "fine-soil-plasticity-and-shrink-swell-tests",
          "granular-density-and-groundwater-tests"
        ],
        "lat": 21.47982321,
        "line": "line-4",
        "lon": 40.49047543,
        "sample_id": "segment:line-4-civil-024:0003",
        "scope_id": "line-4-civil-024",
        "scope_type": "civil_segment"
      },
      "type": "Feature"
    },
    {
      "geometry": {
        "coordinates": [
          40.49470226,
          21.48376427
        ],
        "type": "Point"
      },
      "properties": {
        "chainage_m": 2622.2,
        "civil_class": "elevated",
        "investigation_flags": [
          "coverage-gap"
        ],
        "lat": 21.48376427,
        "line": "line-4",
        "lon": 40.49470226,
        "sample_id": "segment:line-4-civil-024:0004",
        "scope_id": "line-4-civil-024",
        "scope_type": "civil_segment"
      },
      "type": "Feature"
    },
    {
      "geometry": {
        "coordinates": [
          40.49470226,
          21.48376427
        ],
        "type": "Point"
      },
      "properties": {
        "chainage_m": 2622.2,
        "civil_class": "elevated",
        "investigation_flags": [
          "coverage-gap"
        ],
        "lat": 21.48376427,
        "line": "line-4",
        "lon": 40.49470226,
        "sample_id": "segment:line-4-civil-025:0000",
        "scope_id": "line-4-civil-025",
        "scope_type": "civil_segment"
      },
      "type": "Feature"
    },
    {
      "geometry": {
        "coordinates": [
          40.49489058,
          21.48417793
        ],
        "type": "Point"
      },
      "properties": {
        "chainage_m": 2676.3,
        "civil_class": "elevated",
        "investigation_flags": [
          "coverage-gap"
        ],
        "lat": 21.48417793,
        "line": "line-4",
        "lon": 40.49489058,
        "sample_id": "segment:line-4-civil-025:0001",
        "scope_id": "line-4-civil-025",
        "scope_type": "civil_segment"
      },
      "type": "Feature"
    },
    {
      "geometry": {
        "coordinates": [
          40.49489058,
          21.4846648
        ],
        "type": "Point"
      },
      "properties": {
        "chainage_m": 2730.4,
        "civil_class": "elevated",
        "investigation_flags": [
          "coverage-gap"
        ],
        "lat": 21.4846648,
        "line": "line-4",
        "lon": 40.49489058,
        "sample_id": "segment:line-4-civil-025:0002",
        "scope_id": "line-4-civil-025",
        "scope_type": "civil_segment"
      },
      "type": "Feature"
    },
    {
      "geometry": {
        "coordinates": [
          40.49489058,
          21.4846648
        ],
        "type": "Point"
      },
      "properties": {
        "chainage_m": 2730.4,
        "civil_class": "elevated",
        "investigation_flags": [
          "coverage-gap"
        ],
        "lat": 21.4846648,
        "line": "line-4",
        "lon": 40.49489058,
        "sample_id": "segment:line-4-civil-026:0000",
        "scope_id": "line-4-civil-026",
        "scope_type": "civil_segment"
      },
      "type": "Feature"
    },
    {
      "geometry": {
        "coordinates": [
          40.49489058,
          21.48605142
        ],
        "type": "Point"
      },
      "properties": {
        "chainage_m": 2884.55,
        "civil_class": "elevated",
        "investigation_flags": [
          "coverage-gap"
        ],
        "lat": 21.48605142,
        "line": "line-4",
        "lon": 40.49489058,
        "sample_id": "segment:line-4-civil-026:0001",
        "scope_id": "line-4-civil-026",
        "scope_type": "civil_segment"
      },
      "type": "Feature"
    },
    {
      "geometry": {
        "coordinates": [
          40.4950836,
          21.48736302
        ],
        "type": "Point"
      },
      "properties": {
        "chainage_m": 3038.7,
        "civil_class": "elevated",
        "investigation_flags": [
          "fine-soil-plasticity-and-shrink-swell-tests",
          "granular-density-and-groundwater-tests"
        ],
        "lat": 21.48736302,
        "line": "line-4",
        "lon": 40.4950836,
        "sample_id": "segment:line-4-civil-026:0002",
        "scope_id": "line-4-civil-026",
        "scope_type": "civil_segment"
      },
      "type": "Feature"
    },
    {
      "geometry": {
        "coordinates": [
          40.4950836,
          21.48736302
        ],
        "type": "Point"
      },
      "properties": {
        "chainage_m": 3038.7,
        "civil_class": "elevated",
        "investigation_flags": [
          "fine-soil-plasticity-and-shrink-swell-tests",
          "granular-density-and-groundwater-tests"
        ],
        "lat": 21.48736302,
        "line": "line-4",
        "lon": 40.4950836,
        "sample_id": "segment:line-4-civil-027:0000",
        "scope_id": "line-4-civil-027",
        "scope_type": "civil_segment"
      },
      "type": "Feature"
    },
    {
      "geometry": {
        "coordinates": [
          40.4950836,
          21.48767049
        ],
        "type": "Point"
      },
      "properties": {
        "chainage_m": 3072.85,
        "civil_class": "elevated",
        "investigation_flags": [
          "fine-soil-plasticity-and-shrink-swell-tests",
          "granular-density-and-groundwater-tests"
        ],
        "lat": 21.48767049,
        "line": "line-4",
        "lon": 40.4950836,
        "sample_id": "segment:line-4-civil-027:0001",
        "scope_id": "line-4-civil-027",
        "scope_type": "civil_segment"
      },
      "type": "Feature"
    },
    {
      "geometry": {
        "coordinates": [
          40.49527949,
          21.48790181
        ],
        "type": "Point"
      },
      "properties": {
        "chainage_m": 3107.0,
        "civil_class": "elevated",
        "investigation_flags": [
          "fine-soil-plasticity-and-shrink-swell-tests",
          "granular-density-and-groundwater-tests"
        ],
        "lat": 21.48790181,
        "line": "line-4",
        "lon": 40.49527949,
        "sample_id": "segment:line-4-civil-027:0002",
        "scope_id": "line-4-civil-027",
        "scope_type": "civil_segment"
      },
      "type": "Feature"
    },
    {
      "geometry": {
        "coordinates": [
          40.49527949,
          21.48790181
        ],
        "type": "Point"
      },
      "properties": {
        "chainage_m": 3107.0,
        "civil_class": "elevated",
        "investigation_flags": [
          "fine-soil-plasticity-and-shrink-swell-tests",
          "granular-density-and-groundwater-tests"
        ],
        "lat": 21.48790181,
        "line": "line-4",
        "lon": 40.49527949,
        "sample_id": "segment:line-4-civil-028:0000",
        "scope_id": "line-4-civil-028",
        "scope_type": "civil_segment"
      },
      "type": "Feature"
    },
    {
      "geometry": {
        "coordinates": [
          40.49537607,
          21.48799186
        ],
        "type": "Point"
      },
      "properties": {
        "chainage_m": 3121.15,
        "civil_class": "elevated",
        "investigation_flags": [
          "fine-soil-plasticity-and-shrink-swell-tests",
          "granular-density-and-groundwater-tests"
        ],
        "lat": 21.48799186,
        "line": "line-4",
        "lon": 40.49537607,
        "sample_id": "segment:line-4-civil-028:0001",
        "scope_id": "line-4-civil-028",
        "scope_type": "civil_segment"
      },
      "type": "Feature"
    },
    {
      "geometry": {
        "coordinates": [
          40.49546963,
          21.48808308
        ],
        "type": "Point"
      },
      "properties": {
        "chainage_m": 3135.3,
        "civil_class": "elevated",
        "investigation_flags": [
          "fine-soil-plasticity-and-shrink-swell-tests",
          "granular-density-and-groundwater-tests"
        ],
        "lat": 21.48808308,
        "line": "line-4",
        "lon": 40.49546963,
        "sample_id": "segment:line-4-civil-028:0002",
        "scope_id": "line-4-civil-028",
        "scope_type": "civil_segment"
      },
      "type": "Feature"
    },
    {
      "geometry": {
        "coordinates": [
          40.49546963,
          21.48808308
        ],
        "type": "Point"
      },
      "properties": {
        "chainage_m": 3135.3,
        "civil_class": "elevated",
        "investigation_flags": [
          "fine-soil-plasticity-and-shrink-swell-tests",
          "granular-density-and-groundwater-tests"
        ],
        "lat": 21.48808308,
        "line": "line-4",
        "lon": 40.49546963,
        "sample_id": "segment:line-4-civil-029:0000",
        "scope_id": "line-4-civil-029",
        "scope_type": "civil_segment"
      },
      "type": "Feature"
    },
    {
      "geometry": {
        "coordinates": [
          40.49546963,
          21.48887787
        ],
        "type": "Point"
      },
      "properties": {
        "chainage_m": 3223.6,
        "civil_class": "elevated",
        "investigation_flags": [
          "fine-soil-plasticity-and-shrink-swell-tests",
          "granular-density-and-groundwater-tests"
        ],
        "lat": 21.48887787,
        "line": "line-4",
        "lon": 40.49546963,
        "sample_id": "segment:line-4-civil-029:0001",
        "scope_id": "line-4-civil-029",
        "scope_type": "civil_segment"
      },
      "type": "Feature"
    },
    {
      "geometry": {
        "coordinates": [
          40.49508073,
          21.48952149
        ],
        "type": "Point"
      },
      "properties": {
        "chainage_m": 3311.9,
        "civil_class": "elevated",
        "investigation_flags": [
          "fine-soil-plasticity-and-shrink-swell-tests",
          "granular-density-and-groundwater-tests"
        ],
        "lat": 21.48952149,
        "line": "line-4",
        "lon": 40.49508073,
        "sample_id": "segment:line-4-civil-029:0002",
        "scope_id": "line-4-civil-029",
        "scope_type": "civil_segment"
      },
      "type": "Feature"
    },
    {
      "geometry": {
        "coordinates": [
          40.49508073,
          21.48952149
        ],
        "type": "Point"
      },
      "properties": {
        "chainage_m": 3311.9,
        "civil_class": "elevated",
        "investigation_flags": [
          "fine-soil-plasticity-and-shrink-swell-tests",
          "granular-density-and-groundwater-tests"
        ],
        "lat": 21.48952149,
        "line": "line-4",
        "lon": 40.49508073,
        "sample_id": "segment:line-4-civil-030:0000",
        "scope_id": "line-4-civil-030",
        "scope_type": "civil_segment"
      },
      "type": "Feature"
    },
    {
      "geometry": {
        "coordinates": [
          40.49286067,
          21.49159145
        ],
        "type": "Point"
      },
      "properties": {
        "chainage_m": 3637.149,
        "civil_class": "elevated",
        "investigation_flags": [
          "fine-soil-plasticity-and-shrink-swell-tests",
          "granular-density-and-groundwater-tests"
        ],
        "lat": 21.49159145,
        "line": "line-4",
        "lon": 40.49286067,
        "sample_id": "segment:line-4-civil-030:0001",
        "scope_id": "line-4-civil-030",
        "scope_type": "civil_segment"
      },
      "type": "Feature"
    },
    {
      "geometry": {
        "coordinates": [
          40.4906406,
          21.49366143
        ],
        "type": "Point"
      },
      "properties": {
        "chainage_m": 3962.397,
        "civil_class": "elevated",
        "investigation_flags": [
          "fine-soil-plasticity-and-shrink-swell-tests",
          "granular-density-and-groundwater-tests"
        ],
        "lat": 21.49366143,
        "line": "line-4",
        "lon": 40.4906406,
        "sample_id": "segment:line-4-civil-030:0002",
        "scope_id": "line-4-civil-030",
        "scope_type": "civil_segment"
      },
      "type": "Feature"
    },
    {
      "geometry": {
        "coordinates": [
          40.4906406,
          21.49366143
        ],
        "type": "Point"
      },
      "properties": {
        "chainage_m": 3962.397,
        "civil_class": "elevated",
        "investigation_flags": [
          "fine-soil-plasticity-and-shrink-swell-tests",
          "granular-density-and-groundwater-tests"
        ],
        "lat": 21.49366143,
        "line": "line-4",
        "lon": 40.4906406,
        "sample_id": "segment:line-4-civil-031:0000",
        "scope_id": "line-4-civil-031",
        "scope_type": "civil_segment"
      },
      "type": "Feature"
    },
    {
      "geometry": {
        "coordinates": [
          40.49047594,
          21.49381496
        ],
        "type": "Point"
      },
      "properties": {
        "chainage_m": 3986.548,
        "civil_class": "elevated",
        "investigation_flags": [
          "fine-soil-plasticity-and-shrink-swell-tests",
          "granular-density-and-groundwater-tests"
        ],
        "lat": 21.49381496,
        "line": "line-4",
        "lon": 40.49047594,
        "sample_id": "segment:line-4-civil-031:0001",
        "scope_id": "line-4-civil-031",
        "scope_type": "civil_segment"
      },
      "type": "Feature"
    },
    {
      "geometry": {
        "coordinates": [
          40.49045123,
          21.49402289
        ],
        "type": "Point"
      },
      "properties": {
        "chainage_m": 4010.7,
        "civil_class": "elevated",
        "investigation_flags": [
          "fine-soil-plasticity-and-shrink-swell-tests",
          "granular-density-and-groundwater-tests"
        ],
        "lat": 21.49402289,
        "line": "line-4",
        "lon": 40.49045123,
        "sample_id": "segment:line-4-civil-031:0002",
        "scope_id": "line-4-civil-031",
        "scope_type": "civil_segment"
      },
      "type": "Feature"
    },
    {
      "geometry": {
        "coordinates": [
          40.49045123,
          21.49402289
        ],
        "type": "Point"
      },
      "properties": {
        "chainage_m": 4010.7,
        "civil_class": "at-grade",
        "investigation_flags": [
          "fine-soil-plasticity-and-shrink-swell-tests",
          "granular-density-and-groundwater-tests"
        ],
        "lat": 21.49402289,
        "line": "line-4",
        "lon": 40.49045123,
        "sample_id": "segment:line-4-civil-032:0000",
        "scope_id": "line-4-civil-032",
        "scope_type": "civil_segment"
      },
      "type": "Feature"
    },
    {
      "geometry": {
        "coordinates": [
          40.49045123,
          21.49824963
        ],
        "type": "Point"
      },
      "properties": {
        "chainage_m": 4480.7,
        "civil_class": "at-grade",
        "investigation_flags": [
          "fine-soil-plasticity-and-shrink-swell-tests",
          "granular-density-and-groundwater-tests"
        ],
        "lat": 21.49824963,
        "line": "line-4",
        "lon": 40.49045123,
        "sample_id": "segment:line-4-civil-032:0001",
        "scope_id": "line-4-civil-032",
        "scope_type": "civil_segment"
      },
      "type": "Feature"
    },
    {
      "geometry": {
        "coordinates": [
          40.49045123,
          21.50247638
        ],
        "type": "Point"
      },
      "properties": {
        "chainage_m": 4950.7,
        "civil_class": "at-grade",
        "investigation_flags": [
          "fine-soil-plasticity-and-shrink-swell-tests",
          "granular-density-and-groundwater-tests"
        ],
        "lat": 21.50247638,
        "line": "line-4",
        "lon": 40.49045123,
        "sample_id": "segment:line-4-civil-032:0002",
        "scope_id": "line-4-civil-032",
        "scope_type": "civil_segment"
      },
      "type": "Feature"
    },
    {
      "geometry": {
        "coordinates": [
          40.50048803,
          21.39233708
        ],
        "type": "Point"
      },
      "properties": {
        "chainage_m": 0.0,
        "civil_class": "bridge",
        "investigation_flags": [
          "coverage-gap"
        ],
        "lat": 21.39233708,
        "line": "line-5",
        "lon": 40.50048803,
        "sample_id": "segment:line-5-civil-033:0000",
        "scope_id": "line-5-civil-033",
        "scope_type": "civil_segment"
      },
      "type": "Feature"
    },
    {
      "geometry": {
        "coordinates": [
          40.49925023,
          21.39179719
        ],
        "type": "Point"
      },
      "properties": {
        "chainage_m": 153.15,
        "civil_class": "bridge",
        "investigation_flags": [
          "coverage-gap"
        ],
        "lat": 21.39179719,
        "line": "line-5",
        "lon": 40.49925023,
        "sample_id": "segment:line-5-civil-033:0001",
        "scope_id": "line-5-civil-033",
        "scope_type": "civil_segment"
      },
      "type": "Feature"
    },
    {
      "geometry": {
        "coordinates": [
          40.49817113,
          21.39089735
        ],
        "type": "Point"
      },
      "properties": {
        "chainage_m": 306.3,
        "civil_class": "bridge",
        "investigation_flags": [
          "coverage-gap"
        ],
        "lat": 21.39089735,
        "line": "line-5",
        "lon": 40.49817113,
        "sample_id": "segment:line-5-civil-033:0002",
        "scope_id": "line-5-civil-033",
        "scope_type": "civil_segment"
      },
      "type": "Feature"
    },
    {
      "geometry": {
        "coordinates": [
          40.49817113,
          21.39089735
        ],
        "type": "Point"
      },
      "properties": {
        "chainage_m": 306.3,
        "civil_class": "elevated",
        "investigation_flags": [
          "coverage-gap"
        ],
        "lat": 21.39089735,
        "line": "line-5",
        "lon": 40.49817113,
        "sample_id": "segment:line-5-civil-034:0000",
        "scope_id": "line-5-civil-034",
        "scope_type": "civil_segment"
      },
      "type": "Feature"
    },
    {
      "geometry": {
        "coordinates": [
          40.4911686,
          21.38490748
        ],
        "type": "Point"
      },
      "properties": {
        "chainage_m": 1307.717,
        "civil_class": "elevated",
        "investigation_flags": [
          "coverage-gap"
        ],
        "lat": 21.38490748,
        "line": "line-5",
        "lon": 40.4911686,
        "sample_id": "segment:line-5-civil-034:0001",
        "scope_id": "line-5-civil-034",
        "scope_type": "civil_segment"
      },
      "type": "Feature"
    },
    {
      "geometry": {
        "coordinates": [
          40.49036652,
          21.38415962
        ],
        "type": "Point"
      },
      "properties": {
        "chainage_m": 1425.25,
        "civil_class": "elevated",
        "investigation_flags": [
          "coverage-gap"
        ],
        "lat": 21.38415962,
        "line": "line-5",
        "lon": 40.49036652,
        "sample_id": "segment:line-5-civil-034:0002",
        "scope_id": "line-5-civil-034",
        "scope_type": "civil_segment"
      },
      "type": "Feature"
    },
    {
      "geometry": {
        "coordinates": [
          40.48433469,
          21.37853559
        ],
        "type": "Point"
      },
      "properties": {
        "chainage_m": 2309.135,
        "civil_class": "elevated",
        "investigation_flags": [
          "coverage-gap"
        ],
        "lat": 21.37853559,
        "line": "line-5",
        "lon": 40.48433469,
        "sample_id": "segment:line-5-civil-034:0003",
        "scope_id": "line-5-civil-034",
        "scope_type": "civil_segment"
      },
      "type": "Feature"
    },
    {
      "geometry": {
        "coordinates": [
          40.48273057,
          21.37703992
        ],
        "type": "Point"
      },
      "properties": {
        "chainage_m": 2544.2,
        "civil_class": "elevated",
        "investigation_flags": [
          "fine-soil-plasticity-and-shrink-swell-tests",
          "granular-density-and-groundwater-tests"
        ],
        "lat": 21.37703992,
        "line": "line-5",
        "lon": 40.48273057,
        "sample_id": "segment:line-5-civil-034:0004",
        "scope_id": "line-5-civil-034",
        "scope_type": "civil_segment"
      },
      "type": "Feature"
    },
    {
      "geometry": {
        "coordinates": [
          40.48273057,
          21.37703992
        ],
        "type": "Point"
      },
      "properties": {
        "chainage_m": 2544.2,
        "civil_class": "elevated",
        "investigation_flags": [
          "fine-soil-plasticity-and-shrink-swell-tests",
          "granular-density-and-groundwater-tests"
        ],
        "lat": 21.37703992,
        "line": "line-5",
        "lon": 40.48273057,
        "sample_id": "segment:line-5-civil-035:0000",
        "scope_id": "line-5-civil-035",
        "scope_type": "civil_segment"
      },
      "type": "Feature"
    },
    {
      "geometry": {
        "coordinates": [
          40.4822878,
          21.37685999
        ],
        "type": "Point"
      },
      "properties": {
        "chainage_m": 2598.3,
        "civil_class": "elevated",
        "investigation_flags": [
          "fine-soil-plasticity-and-shrink-swell-tests",
          "granular-density-and-groundwater-tests"
        ],
        "lat": 21.37685999,
        "line": "line-5",
        "lon": 40.4822878,
        "sample_id": "segment:line-5-civil-035:0001",
        "scope_id": "line-5-civil-035",
        "scope_type": "civil_segment"
      },
      "type": "Feature"
    },
    {
      "geometry": {
        "coordinates": [
          40.48176572,
          21.37685999
        ],
        "type": "Point"
      },
      "properties": {
        "chainage_m": 2652.4,
        "civil_class": "elevated",
        "investigation_flags": [
          "fine-soil-plasticity-and-shrink-swell-tests",
          "granular-density-and-groundwater-tests"
        ],
        "lat": 21.37685999,
        "line": "line-5",
        "lon": 40.48176572,
        "sample_id": "segment:line-5-civil-035:0002",
        "scope_id": "line-5-civil-035",
        "scope_type": "civil_segment"
      },
      "type": "Feature"
    },
    {
      "geometry": {
        "coordinates": [
          40.48176572,
          21.37685999
        ],
        "type": "Point"
      },
      "properties": {
        "chainage_m": 2652.4,
        "civil_class": "elevated",
        "investigation_flags": [
          "fine-soil-plasticity-and-shrink-swell-tests",
          "granular-density-and-groundwater-tests"
        ],
        "lat": 21.37685999,
        "line": "line-5",
        "lon": 40.48176572,
        "sample_id": "segment:line-5-civil-036:0000",
        "scope_id": "line-5-civil-036",
        "scope_type": "civil_segment"
      },
      "type": "Feature"
    },
    {
      "geometry": {
        "coordinates": [
          40.4771298,
          21.37685999
        ],
        "type": "Point"
      },
      "properties": {
        "chainage_m": 3132.4,
        "civil_class": "elevated",
        "investigation_flags": [
          "fine-soil-plasticity-and-shrink-swell-tests",
          "granular-density-and-groundwater-tests"
        ],
        "lat": 21.37685999,
        "line": "line-5",
        "lon": 40.4771298,
        "sample_id": "segment:line-5-civil-036:0001",
        "scope_id": "line-5-civil-036",
        "scope_type": "civil_segment"
      },
      "type": "Feature"
    },
    {
      "geometry": {
        "coordinates": [
          40.47249389,
          21.37685999
        ],
        "type": "Point"
      },
      "properties": {
        "chainage_m": 3612.4,
        "civil_class": "elevated",
        "investigation_flags": [
          "coverage-gap"
        ],
        "lat": 21.37685999,
        "line": "line-5",
        "lon": 40.47249389,
        "sample_id": "segment:line-5-civil-036:0002",
        "scope_id": "line-5-civil-036",
        "scope_type": "civil_segment"
      },
      "type": "Feature"
    },
    {
      "geometry": {
        "coordinates": [
          40.47249389,
          21.37685999
        ],
        "type": "Point"
      },
      "properties": {
        "chainage_m": 3612.4,
        "civil_class": "elevated",
        "investigation_flags": [
          "coverage-gap"
        ],
        "lat": 21.37685999,
        "line": "line-5",
        "lon": 40.47249389,
        "sample_id": "segment:line-5-civil-037:0000",
        "scope_id": "line-5-civil-037",
        "scope_type": "civil_segment"
      },
      "type": "Feature"
    },
    {
      "geometry": {
        "coordinates": [
          40.47193168,
          21.37685999
        ],
        "type": "Point"
      },
      "properties": {
        "chainage_m": 3670.7,
        "civil_class": "elevated",
        "investigation_flags": [
          "fine-soil-plasticity-and-shrink-swell-tests",
          "granular-density-and-groundwater-tests"
        ],
        "lat": 21.37685999,
        "line": "line-5",
        "lon": 40.47193168,
        "sample_id": "segment:line-5-civil-037:0001",
        "scope_id": "line-5-civil-037",
        "scope_type": "civil_segment"
      },
      "type": "Feature"
    },
    {
      "geometry": {
        "coordinates": [
          40.47153034,
          21.37649504
        ],
        "type": "Point"
      },
      "properties": {
        "chainage_m": 3729.0,
        "civil_class": "elevated",
        "investigation_flags": [
          "fine-soil-plasticity-and-shrink-swell-tests",
          "granular-density-and-groundwater-tests"
        ],
        "lat": 21.37649504,
        "line": "line-5",
        "lon": 40.47153034,
        "sample_id": "segment:line-5-civil-037:0002",
        "scope_id": "line-5-civil-037",
        "scope_type": "civil_segment"
      },
      "type": "Feature"
    },
    {
      "geometry": {
        "coordinates": [
          40.47153034,
          21.37649504
        ],
        "type": "Point"
      },
      "properties": {
        "chainage_m": 3729.0,
        "civil_class": "elevated",
        "investigation_flags": [
          "fine-soil-plasticity-and-shrink-swell-tests",
          "granular-density-and-groundwater-tests"
        ],
        "lat": 21.37649504,
        "line": "line-5",
        "lon": 40.47153034,
        "sample_id": "segment:line-5-civil-038:0000",
        "scope_id": "line-5-civil-038",
        "scope_type": "civil_segment"
      },
      "type": "Feature"
    },
    {
      "geometry": {
        "coordinates": [
          40.47066167,
          21.37568511
        ],
        "type": "Point"
      },
      "properties": {
        "chainage_m": 3856.3,
        "civil_class": "elevated",
        "investigation_flags": [
          "fine-soil-plasticity-and-shrink-swell-tests",
          "granular-density-and-groundwater-tests"
        ],
        "lat": 21.37568511,
        "line": "line-5",
        "lon": 40.47066167,
        "sample_id": "segment:line-5-civil-038:0001",
        "scope_id": "line-5-civil-038",
        "scope_type": "civil_segment"
      },
      "type": "Feature"
    },
    {
      "geometry": {
        "coordinates": [
          40.46979301,
          21.37487518
        ],
        "type": "Point"
      },
      "properties": {
        "chainage_m": 3983.6,
        "civil_class": "elevated",
        "investigation_flags": [
          "fine-soil-plasticity-and-shrink-swell-tests",
          "granular-density-and-groundwater-tests"
        ],
        "lat": 21.37487518,
        "line": "line-5",
        "lon": 40.46979301,
        "sample_id": "segment:line-5-civil-038:0002",
        "scope_id": "line-5-civil-038",
        "scope_type": "civil_segment"
      },
      "type": "Feature"
    },
    {
      "geometry": {
        "coordinates": [
          40.46979301,
          21.37487518
        ],
        "type": "Point"
      },
      "properties": {
        "chainage_m": 3983.6,
        "civil_class": "at-grade",
        "investigation_flags": [
          "fine-soil-plasticity-and-shrink-swell-tests",
          "granular-density-and-groundwater-tests"
        ],
        "lat": 21.37487518,
        "line": "line-5",
        "lon": 40.46979301,
        "sample_id": "segment:line-5-civil-039:0000",
        "scope_id": "line-5-civil-039",
        "scope_type": "civil_segment"
      },
      "type": "Feature"
    },
    {
      "geometry": {
        "coordinates": [
          40.46595505,
          21.36733743
        ],
        "type": "Point"
      },
      "properties": {
        "chainage_m": 4986.076,
        "civil_class": "at-grade",
        "investigation_flags": [
          "fine-soil-plasticity-and-shrink-swell-tests",
          "granular-density-and-groundwater-tests"
        ],
        "lat": 21.36733743,
        "line": "line-5",
        "lon": 40.46595505,
        "sample_id": "segment:line-5-civil-039:0001",
        "scope_id": "line-5-civil-039",
        "scope_type": "civil_segment"
      },
      "type": "Feature"
    },
    {
      "geometry": {
        "coordinates": [
          40.45978976,
          21.36140899
        ],
        "type": "Point"
      },
      "properties": {
        "chainage_m": 5910.5,
        "civil_class": "at-grade",
        "investigation_flags": [
          "fine-soil-plasticity-and-shrink-swell-tests",
          "granular-density-and-groundwater-tests"
        ],
        "lat": 21.36140899,
        "line": "line-5",
        "lon": 40.45978976,
        "sample_id": "segment:line-5-civil-039:0002",
        "scope_id": "line-5-civil-039",
        "scope_type": "civil_segment"
      },
      "type": "Feature"
    },
    {
      "geometry": {
        "coordinates": [
          40.45925771,
          21.36091291
        ],
        "type": "Point"
      },
      "properties": {
        "chainage_m": 5988.553,
        "civil_class": "at-grade",
        "investigation_flags": [
          "fine-soil-plasticity-and-shrink-swell-tests",
          "granular-density-and-groundwater-tests"
        ],
        "lat": 21.36091291,
        "line": "line-5",
        "lon": 40.45925771,
        "sample_id": "segment:line-5-civil-039:0003",
        "scope_id": "line-5-civil-039",
        "scope_type": "civil_segment"
      },
      "type": "Feature"
    },
    {
      "geometry": {
        "coordinates": [
          40.45242435,
          21.35454154
        ],
        "type": "Point"
      },
      "properties": {
        "chainage_m": 6991.029,
        "civil_class": "at-grade",
        "investigation_flags": [
          "fine-soil-plasticity-and-shrink-swell-tests",
          "granular-density-and-groundwater-tests"
        ],
        "lat": 21.35454154,
        "line": "line-5",
        "lon": 40.45242435,
        "sample_id": "segment:line-5-civil-039:0004",
        "scope_id": "line-5-civil-039",
        "scope_type": "civil_segment"
      },
      "type": "Feature"
    },
    {
      "geometry": {
        "coordinates": [
          40.45223418,
          21.34699032
        ],
        "type": "Point"
      },
      "properties": {
        "chainage_m": 7837.4,
        "civil_class": "at-grade",
        "investigation_flags": [
          "fine-soil-plasticity-and-shrink-swell-tests",
          "granular-density-and-groundwater-tests"
        ],
        "lat": 21.34699032,
        "line": "line-5",
        "lon": 40.45223418,
        "sample_id": "segment:line-5-civil-039:0005",
        "scope_id": "line-5-civil-039",
        "scope_type": "civil_segment"
      },
      "type": "Feature"
    },
    {
      "geometry": {
        "coordinates": [
          40.45223418,
          21.34699032
        ],
        "type": "Point"
      },
      "properties": {
        "chainage_m": 7837.4,
        "civil_class": "elevated",
        "investigation_flags": [
          "fine-soil-plasticity-and-shrink-swell-tests",
          "granular-density-and-groundwater-tests"
        ],
        "lat": 21.34699032,
        "line": "line-5",
        "lon": 40.45223418,
        "sample_id": "segment:line-5-civil-040:0000",
        "scope_id": "line-5-civil-040",
        "scope_type": "civil_segment"
      },
      "type": "Feature"
    },
    {
      "geometry": {
        "coordinates": [
          40.45223418,
          21.34690042
        ],
        "type": "Point"
      },
      "properties": {
        "chainage_m": 7847.4,
        "civil_class": "elevated",
        "investigation_flags": [
          "fine-soil-plasticity-and-shrink-swell-tests",
          "granular-density-and-groundwater-tests"
        ],
        "lat": 21.34690042,
        "line": "line-5",
        "lon": 40.45223418,
        "sample_id": "segment:line-5-civil-040:0001",
        "scope_id": "line-5-civil-040",
        "scope_type": "civil_segment"
      },
      "type": "Feature"
    },
    {
      "geometry": {
        "coordinates": [
          40.45223418,
          21.34681052
        ],
        "type": "Point"
      },
      "properties": {
        "chainage_m": 7857.4,
        "civil_class": "elevated",
        "investigation_flags": [
          "fine-soil-plasticity-and-shrink-swell-tests",
          "granular-density-and-groundwater-tests"
        ],
        "lat": 21.34681052,
        "line": "line-5",
        "lon": 40.45223418,
        "sample_id": "segment:line-5-civil-040:0002",
        "scope_id": "line-5-civil-040",
        "scope_type": "civil_segment"
      },
      "type": "Feature"
    },
    {
      "geometry": {
        "coordinates": [
          40.45223418,
          21.34681052
        ],
        "type": "Point"
      },
      "properties": {
        "chainage_m": 7857.4,
        "civil_class": "at-grade",
        "investigation_flags": [
          "fine-soil-plasticity-and-shrink-swell-tests",
          "granular-density-and-groundwater-tests"
        ],
        "lat": 21.34681052,
        "line": "line-5",
        "lon": 40.45223418,
        "sample_id": "segment:line-5-civil-041:0000",
        "scope_id": "line-5-civil-041",
        "scope_type": "civil_segment"
      },
      "type": "Feature"
    },
    {
      "geometry": {
        "coordinates": [
          40.44699066,
          21.34950514
        ],
        "type": "Point"
      },
      "properties": {
        "chainage_m": 8795.1,
        "civil_class": "at-grade",
        "investigation_flags": [
          "fine-soil-plasticity-and-shrink-swell-tests",
          "granular-density-and-groundwater-tests"
        ],
        "lat": 21.34950514,
        "line": "line-5",
        "lon": 40.44699066,
        "sample_id": "segment:line-5-civil-041:0001",
        "scope_id": "line-5-civil-041",
        "scope_type": "civil_segment"
      },
      "type": "Feature"
    },
    {
      "geometry": {
        "coordinates": [
          40.44638955,
          21.34950514
        ],
        "type": "Point"
      },
      "properties": {
        "chainage_m": 8857.455,
        "civil_class": "at-grade",
        "investigation_flags": [
          "fine-soil-plasticity-and-shrink-swell-tests",
          "granular-density-and-groundwater-tests"
        ],
        "lat": 21.34950514,
        "line": "line-5",
        "lon": 40.44638955,
        "sample_id": "segment:line-5-civil-041:0002",
        "scope_id": "line-5-civil-041",
        "scope_type": "civil_segment"
      },
      "type": "Feature"
    },
    {
      "geometry": {
        "coordinates": [
          40.43795104,
          21.34950514
        ],
        "type": "Point"
      },
      "properties": {
        "chainage_m": 9732.8,
        "civil_class": "at-grade",
        "investigation_flags": [
          "fine-soil-plasticity-and-shrink-swell-tests",
          "granular-density-and-groundwater-tests"
        ],
        "lat": 21.34950514,
        "line": "line-5",
        "lon": 40.43795104,
        "sample_id": "segment:line-5-civil-041:0003",
        "scope_id": "line-5-civil-041",
        "scope_type": "civil_segment"
      },
      "type": "Feature"
    },
    {
      "geometry": {
        "coordinates": [
          40.45802464,
          21.42347123
        ],
        "type": "Point"
      },
      "properties": {
        "chainage_m": 0.0,
        "civil_class": "elevated",
        "investigation_flags": [
          "fine-soil-plasticity-and-shrink-swell-tests",
          "granular-density-and-groundwater-tests"
        ],
        "lat": 21.42347123,
        "line": "line-6",
        "lon": 40.45802464,
        "sample_id": "segment:line-6-civil-042:0000",
        "scope_id": "line-6-civil-042",
        "scope_type": "civil_segment"
      },
      "type": "Feature"
    },
    {
      "geometry": {
        "coordinates": [
          40.45512948,
          21.42617066
        ],
        "type": "Point"
      },
      "properties": {
        "chainage_m": 424.25,
        "civil_class": "elevated",
        "investigation_flags": [
          "fine-soil-plasticity-and-shrink-swell-tests",
          "granular-density-and-groundwater-tests"
        ],
        "lat": 21.42617066,
        "line": "line-6",
        "lon": 40.45512948,
        "sample_id": "segment:line-6-civil-042:0001",
        "scope_id": "line-6-civil-042",
        "scope_type": "civil_segment"
      },
      "type": "Feature"
    },
    {
      "geometry": {
        "coordinates": [
          40.45223429,
          21.42887011
        ],
        "type": "Point"
      },
      "properties": {
        "chainage_m": 848.5,
        "civil_class": "elevated",
        "investigation_flags": [
          "fine-soil-plasticity-and-shrink-swell-tests",
          "granular-density-and-groundwater-tests"
        ],
        "lat": 21.42887011,
        "line": "line-6",
        "lon": 40.45223429,
        "sample_id": "segment:line-6-civil-042:0002",
        "scope_id": "line-6-civil-042",
        "scope_type": "civil_segment"
      },
      "type": "Feature"
    },
    {
      "geometry": {
        "coordinates": [
          40.45223429,
          21.42887011
        ],
        "type": "Point"
      },
      "properties": {
        "chainage_m": 848.5,
        "civil_class": "elevated",
        "investigation_flags": [
          "fine-soil-plasticity-and-shrink-swell-tests",
          "granular-density-and-groundwater-tests"
        ],
        "lat": 21.42887011,
        "line": "line-6",
        "lon": 40.45223429,
        "sample_id": "segment:line-6-civil-043:0000",
        "scope_id": "line-6-civil-043",
        "scope_type": "civil_segment"
      },
      "type": "Feature"
    },
    {
      "geometry": {
        "coordinates": [
          40.45204116,
          21.42928222
        ],
        "type": "Point"
      },
      "properties": {
        "chainage_m": 902.65,
        "civil_class": "elevated",
        "investigation_flags": [
          "fine-soil-plasticity-and-shrink-swell-tests",
          "granular-density-and-groundwater-tests"
        ],
        "lat": 21.42928222,
        "line": "line-6",
        "lon": 40.45204116,
        "sample_id": "segment:line-6-civil-043:0001",
        "scope_id": "line-6-civil-043",
        "scope_type": "civil_segment"
      },
      "type": "Feature"
    },
    {
      "geometry": {
        "coordinates": [
          40.45204116,
          21.42976946
        ],
        "type": "Point"
      },
      "properties": {
        "chainage_m": 956.8,
        "civil_class": "elevated",
        "investigation_flags": [
          "fine-soil-plasticity-and-shrink-swell-tests",
          "granular-density-and-groundwater-tests"
        ],
        "lat": 21.42976946,
        "line": "line-6",
        "lon": 40.45204116,
        "sample_id": "segment:line-6-civil-043:0002",
        "scope_id": "line-6-civil-043",
        "scope_type": "civil_segment"
      },
      "type": "Feature"
    },
    {
      "geometry": {
        "coordinates": [
          40.45204116,
          21.42976946
        ],
        "type": "Point"
      },
      "properties": {
        "chainage_m": 956.8,
        "civil_class": "elevated",
        "investigation_flags": [
          "fine-soil-plasticity-and-shrink-swell-tests",
          "granular-density-and-groundwater-tests"
        ],
        "lat": 21.42976946,
        "line": "line-6",
        "lon": 40.45204116,
        "sample_id": "segment:line-6-civil-044:0000",
        "scope_id": "line-6-civil-044",
        "scope_type": "civil_segment"
      },
      "type": "Feature"
    },
    {
      "geometry": {
        "coordinates": [
          40.45204116,
          21.43210713
        ],
        "type": "Point"
      },
      "properties": {
        "chainage_m": 1216.8,
        "civil_class": "elevated",
        "investigation_flags": [
          "fine-soil-plasticity-and-shrink-swell-tests",
          "granular-density-and-groundwater-tests"
        ],
        "lat": 21.43210713,
        "line": "line-6",
        "lon": 40.45204116,
        "sample_id": "segment:line-6-civil-044:0001",
        "scope_id": "line-6-civil-044",
        "scope_type": "civil_segment"
      },
      "type": "Feature"
    },
    {
      "geometry": {
        "coordinates": [
          40.45204116,
          21.43444481
        ],
        "type": "Point"
      },
      "properties": {
        "chainage_m": 1476.8,
        "civil_class": "elevated",
        "investigation_flags": [
          "fine-soil-plasticity-and-shrink-swell-tests",
          "granular-density-and-groundwater-tests"
        ],
        "lat": 21.43444481,
        "line": "line-6",
        "lon": 40.45204116,
        "sample_id": "segment:line-6-civil-044:0002",
        "scope_id": "line-6-civil-044",
        "scope_type": "civil_segment"
      },
      "type": "Feature"
    },
    {
      "geometry": {
        "coordinates": [
          40.45204116,
          21.43444481
        ],
        "type": "Point"
      },
      "properties": {
        "chainage_m": 1476.8,
        "civil_class": "elevated",
        "investigation_flags": [
          "fine-soil-plasticity-and-shrink-swell-tests",
          "granular-density-and-groundwater-tests"
        ],
        "lat": 21.43444481,
        "line": "line-6",
        "lon": 40.45204116,
        "sample_id": "segment:line-6-civil-045:0000",
        "scope_id": "line-6-civil-045",
        "scope_type": "civil_segment"
      },
      "type": "Feature"
    },
    {
      "geometry": {
        "coordinates": [
          40.45204116,
          21.43496972
        ],
        "type": "Point"
      },
      "properties": {
        "chainage_m": 1535.1,
        "civil_class": "elevated",
        "investigation_flags": [
          "fine-soil-plasticity-and-shrink-swell-tests",
          "granular-density-and-groundwater-tests"
        ],
        "lat": 21.43496972,
        "line": "line-6",
        "lon": 40.45204116,
        "sample_id": "segment:line-6-civil-045:0001",
        "scope_id": "line-6-civil-045",
        "scope_type": "civil_segment"
      },
      "type": "Feature"
    },
    {
      "geometry": {
        "coordinates": [
          40.45165855,
          21.43534581
        ],
        "type": "Point"
      },
      "properties": {
        "chainage_m": 1593.4,
        "civil_class": "elevated",
        "investigation_flags": [
          "fine-soil-plasticity-and-shrink-swell-tests",
          "granular-density-and-groundwater-tests"
        ],
        "lat": 21.43534581,
        "line": "line-6",
        "lon": 40.45165855,
        "sample_id": "segment:line-6-civil-045:0002",
        "scope_id": "line-6-civil-045",
        "scope_type": "civil_segment"
      },
      "type": "Feature"
    },
    {
      "geometry": {
        "coordinates": [
          40.45165855,
          21.43534581
        ],
        "type": "Point"
      },
      "properties": {
        "chainage_m": 1593.4,
        "civil_class": "elevated",
        "investigation_flags": [
          "fine-soil-plasticity-and-shrink-swell-tests",
          "granular-density-and-groundwater-tests"
        ],
        "lat": 21.43534581,
        "line": "line-6",
        "lon": 40.45165855,
        "sample_id": "segment:line-6-civil-046:0000",
        "scope_id": "line-6-civil-046",
        "scope_type": "civil_segment"
      },
      "type": "Feature"
    },
    {
      "geometry": {
        "coordinates": [
          40.44866683,
          21.43813527
        ],
        "type": "Point"
      },
      "properties": {
        "chainage_m": 2031.8,
        "civil_class": "elevated",
        "investigation_flags": [
          "coverage-gap"
        ],
        "lat": 21.43813527,
        "line": "line-6",
        "lon": 40.44866683,
        "sample_id": "segment:line-6-civil-046:0001",
        "scope_id": "line-6-civil-046",
        "scope_type": "civil_segment"
      },
      "type": "Feature"
    },
    {
      "geometry": {
        "coordinates": [
          40.44567507,
          21.44092476
        ],
        "type": "Point"
      },
      "properties": {
        "chainage_m": 2470.2,
        "civil_class": "elevated",
        "investigation_flags": [
          "coverage-gap"
        ],
        "lat": 21.44092476,
        "line": "line-6",
        "lon": 40.44567507,
        "sample_id": "segment:line-6-civil-046:0002",
        "scope_id": "line-6-civil-046",
        "scope_type": "civil_segment"
      },
      "type": "Feature"
    },
    {
      "geometry": {
        "coordinates": [
          40.44567507,
          21.44092476
        ],
        "type": "Point"
      },
      "properties": {
        "chainage_m": 2470.2,
        "civil_class": "at-grade",
        "investigation_flags": [
          "coverage-gap"
        ],
        "lat": 21.44092476,
        "line": "line-6",
        "lon": 40.44567507,
        "sample_id": "segment:line-6-civil-047:0000",
        "scope_id": "line-6-civil-047",
        "scope_type": "civil_segment"
      },
      "type": "Feature"
    },
    {
      "geometry": {
        "coordinates": [
          40.43883974,
          21.44729798
        ],
        "type": "Point"
      },
      "properties": {
        "chainage_m": 3471.32,
        "civil_class": "at-grade",
        "investigation_flags": [
          "coverage-gap"
        ],
        "lat": 21.44729798,
        "line": "line-6",
        "lon": 40.43883974,
        "sample_id": "segment:line-6-civil-047:0001",
        "scope_id": "line-6-civil-047",
        "scope_type": "civil_segment"
      },
      "type": "Feature"
    },
    {
      "geometry": {
        "coordinates": [
          40.43426314,
          21.44776666
        ],
        "type": "Point"
      },
      "properties": {
        "chainage_m": 4028.85,
        "civil_class": "at-grade",
        "investigation_flags": [
          "fine-soil-plasticity-and-shrink-swell-tests",
          "granular-density-and-groundwater-tests"
        ],
        "lat": 21.44776666,
        "line": "line-6",
        "lon": 40.43426314,
        "sample_id": "segment:line-6-civil-047:0002",
        "scope_id": "line-6-civil-047",
        "scope_type": "civil_segment"
      },
      "type": "Feature"
    },
    {
      "geometry": {
        "coordinates": [
          40.4306216,
          21.44633174
        ],
        "type": "Point"
      },
      "properties": {
        "chainage_m": 4472.44,
        "civil_class": "at-grade",
        "investigation_flags": [
          "fine-soil-plasticity-and-shrink-swell-tests",
          "granular-density-and-groundwater-tests"
        ],
        "lat": 21.44633174,
        "line": "line-6",
        "lon": 40.4306216,
        "sample_id": "segment:line-6-civil-047:0003",
        "scope_id": "line-6-civil-047",
        "scope_type": "civil_segment"
      },
      "type": "Feature"
    },
    {
      "geometry": {
        "coordinates": [
          40.42367377,
          21.44021356
        ],
        "type": "Point"
      },
      "properties": {
        "chainage_m": 5473.56,
        "civil_class": "at-grade",
        "investigation_flags": [
          "coverage-gap"
        ],
        "lat": 21.44021356,
        "line": "line-6",
        "lon": 40.42367377,
        "sample_id": "segment:line-6-civil-047:0004",
        "scope_id": "line-6-civil-047",
        "scope_type": "civil_segment"
      },
      "type": "Feature"
    },
    {
      "geometry": {
        "coordinates": [
          40.42289583,
          21.43948822
        ],
        "type": "Point"
      },
      "properties": {
        "chainage_m": 5587.5,
        "civil_class": "at-grade",
        "investigation_flags": [
          "granular-density-and-groundwater-tests"
        ],
        "lat": 21.43948822,
        "line": "line-6",
        "lon": 40.42289583,
        "sample_id": "segment:line-6-civil-047:0005",
        "scope_id": "line-6-civil-047",
        "scope_type": "civil_segment"
      },
      "type": "Feature"
    },
    {
      "geometry": {
        "coordinates": [
          40.50280421,
          21.38927766
        ],
        "type": "Point"
      },
      "properties": {
        "chainage_m": 0.0,
        "civil_class": "elevated",
        "investigation_flags": [
          "fine-soil-plasticity-and-shrink-swell-tests",
          "granular-density-and-groundwater-tests"
        ],
        "lat": 21.38927766,
        "line": "line-7",
        "lon": 40.50280421,
        "sample_id": "segment:line-7-civil-048:0000",
        "scope_id": "line-7-civil-048",
        "scope_type": "civil_segment"
      },
      "type": "Feature"
    },
    {
      "geometry": {
        "coordinates": [
          40.50801528,
          21.39413642
        ],
        "type": "Point"
      },
      "properties": {
        "chainage_m": 763.7,
        "civil_class": "elevated",
        "investigation_flags": [
          "fine-soil-plasticity-and-shrink-swell-tests",
          "granular-density-and-groundwater-tests"
        ],
        "lat": 21.39413642,
        "line": "line-7",
        "lon": 40.50801528,
        "sample_id": "segment:line-7-civil-048:0001",
        "scope_id": "line-7-civil-048",
        "scope_type": "civil_segment"
      },
      "type": "Feature"
    },
    {
      "geometry": {
        "coordinates": [
          40.50963837,
          21.39564977
        ],
        "type": "Point"
      },
      "properties": {
        "chainage_m": 1001.567,
        "civil_class": "elevated",
        "investigation_flags": [
          "fine-soil-plasticity-and-shrink-swell-tests",
          "granular-density-and-groundwater-tests"
        ],
        "lat": 21.39564977,
        "line": "line-7",
        "lon": 40.50963837,
        "sample_id": "segment:line-7-civil-048:0002",
        "scope_id": "line-7-civil-048",
        "scope_type": "civil_segment"
      },
      "type": "Feature"
    },
    {
      "geometry": {
        "coordinates": [
          40.51322643,
          21.39899526
        ],
        "type": "Point"
      },
      "properties": {
        "chainage_m": 1527.4,
        "civil_class": "elevated",
        "investigation_flags": [
          "fine-soil-plasticity-and-shrink-swell-tests",
          "granular-density-and-groundwater-tests"
        ],
        "lat": 21.39899526,
        "line": "line-7",
        "lon": 40.51322643,
        "sample_id": "segment:line-7-civil-048:0003",
        "scope_id": "line-7-civil-048",
        "scope_type": "civil_segment"
      },
      "type": "Feature"
    },
    {
      "geometry": {
        "coordinates": [
          40.51322643,
          21.39899526
        ],
        "type": "Point"
      },
      "properties": {
        "chainage_m": 1527.4,
        "civil_class": "elevated",
        "investigation_flags": [
          "fine-soil-plasticity-and-shrink-swell-tests",
          "granular-density-and-groundwater-tests"
        ],
        "lat": 21.39899526,
        "line": "line-7",
        "lon": 40.51322643,
        "sample_id": "segment:line-7-civil-049:0000",
        "scope_id": "line-7-civil-049",
        "scope_type": "civil_segment"
      },
      "type": "Feature"
    },
    {
      "geometry": {
        "coordinates": [
          40.5136689,
          21.3991758
        ],
        "type": "Point"
      },
      "properties": {
        "chainage_m": 1581.5,
        "civil_class": "elevated",
        "investigation_flags": [
          "fine-soil-plasticity-and-shrink-swell-tests",
          "granular-density-and-groundwater-tests"
        ],
        "lat": 21.3991758,
        "line": "line-7",
        "lon": 40.5136689,
        "sample_id": "segment:line-7-civil-049:0001",
        "scope_id": "line-7-civil-049",
        "scope_type": "civil_segment"
      },
      "type": "Feature"
    },
    {
      "geometry": {
        "coordinates": [
          40.51419098,
          21.3991758
        ],
        "type": "Point"
      },
      "properties": {
        "chainage_m": 1635.6,
        "civil_class": "elevated",
        "investigation_flags": [
          "fine-soil-plasticity-and-shrink-swell-tests",
          "granular-density-and-groundwater-tests"
        ],
        "lat": 21.3991758,
        "line": "line-7",
        "lon": 40.51419098,
        "sample_id": "segment:line-7-civil-049:0002",
        "scope_id": "line-7-civil-049",
        "scope_type": "civil_segment"
      },
      "type": "Feature"
    },
    {
      "geometry": {
        "coordinates": [
          40.51419098,
          21.3991758
        ],
        "type": "Point"
      },
      "properties": {
        "chainage_m": 1635.6,
        "civil_class": "elevated",
        "investigation_flags": [
          "fine-soil-plasticity-and-shrink-swell-tests",
          "granular-density-and-groundwater-tests"
        ],
        "lat": 21.3991758,
        "line": "line-7",
        "lon": 40.51419098,
        "sample_id": "segment:line-7-civil-050:0000",
        "scope_id": "line-7-civil-050",
        "scope_type": "civil_segment"
      },
      "type": "Feature"
    },
    {
      "geometry": {
        "coordinates": [
          40.51650885,
          21.3991758
        ],
        "type": "Point"
      },
      "properties": {
        "chainage_m": 1875.6,
        "civil_class": "elevated",
        "investigation_flags": [
          "fine-soil-plasticity-and-shrink-swell-tests",
          "granular-density-and-groundwater-tests"
        ],
        "lat": 21.3991758,
        "line": "line-7",
        "lon": 40.51650885,
        "sample_id": "segment:line-7-civil-050:0001",
        "scope_id": "line-7-civil-050",
        "scope_type": "civil_segment"
      },
      "type": "Feature"
    },
    {
      "geometry": {
        "coordinates": [
          40.51882673,
          21.3991758
        ],
        "type": "Point"
      },
      "properties": {
        "chainage_m": 2115.6,
        "civil_class": "elevated",
        "investigation_flags": [
          "coverage-gap"
        ],
        "lat": 21.3991758,
        "line": "line-7",
        "lon": 40.51882673,
        "sample_id": "segment:line-7-civil-050:0002",
        "scope_id": "line-7-civil-050",
        "scope_type": "civil_segment"
      },
      "type": "Feature"
    },
    {
      "geometry": {
        "coordinates": [
          40.51882673,
          21.3991758
        ],
        "type": "Point"
      },
      "properties": {
        "chainage_m": 2115.6,
        "civil_class": "elevated",
        "investigation_flags": [
          "coverage-gap"
        ],
        "lat": 21.3991758,
        "line": "line-7",
        "lon": 40.51882673,
        "sample_id": "segment:line-7-civil-051:0000",
        "scope_id": "line-7-civil-051",
        "scope_type": "civil_segment"
      },
      "type": "Feature"
    },
    {
      "geometry": {
        "coordinates": [
          40.51892331,
          21.3991758
        ],
        "type": "Point"
      },
      "properties": {
        "chainage_m": 2125.6,
        "civil_class": "elevated",
        "investigation_flags": [
          "coverage-gap"
        ],
        "lat": 21.3991758,
        "line": "line-7",
        "lon": 40.51892331,
        "sample_id": "segment:line-7-civil-051:0001",
        "scope_id": "line-7-civil-051",
        "scope_type": "civil_segment"
      },
      "type": "Feature"
    },
    {
      "geometry": {
        "coordinates": [
          40.51901989,
          21.3991758
        ],
        "type": "Point"
      },
      "properties": {
        "chainage_m": 2135.6,
        "civil_class": "elevated",
        "investigation_flags": [
          "coverage-gap"
        ],
        "lat": 21.3991758,
        "line": "line-7",
        "lon": 40.51901989,
        "sample_id": "segment:line-7-civil-051:0002",
        "scope_id": "line-7-civil-051",
        "scope_type": "civil_segment"
      },
      "type": "Feature"
    },
    {
      "geometry": {
        "coordinates": [
          40.51901989,
          21.3991758
        ],
        "type": "Point"
      },
      "properties": {
        "chainage_m": 2135.6,
        "civil_class": "elevated",
        "investigation_flags": [
          "coverage-gap"
        ],
        "lat": 21.3991758,
        "line": "line-7",
        "lon": 40.51901989,
        "sample_id": "segment:line-7-civil-052:0000",
        "scope_id": "line-7-civil-052",
        "scope_type": "civil_segment"
      },
      "type": "Feature"
    },
    {
      "geometry": {
        "coordinates": [
          40.51951024,
          21.39925628
        ],
        "type": "Point"
      },
      "properties": {
        "chainage_m": 2208.05,
        "civil_class": "elevated",
        "investigation_flags": [
          "coverage-gap"
        ],
        "lat": 21.39925628,
        "line": "line-7",
        "lon": 40.51951024,
        "sample_id": "segment:line-7-civil-052:0001",
        "scope_id": "line-7-civil-052",
        "scope_type": "civil_segment"
      },
      "type": "Feature"
    },
    {
      "geometry": {
        "coordinates": [
          40.51901526,
          21.39971779
        ],
        "type": "Point"
      },
      "properties": {
        "chainage_m": 2280.5,
        "civil_class": "elevated",
        "investigation_flags": [
          "coverage-gap"
        ],
        "lat": 21.39971779,
        "line": "line-7",
        "lon": 40.51901526,
        "sample_id": "segment:line-7-civil-052:0002",
        "scope_id": "line-7-civil-052",
        "scope_type": "civil_segment"
      },
      "type": "Feature"
    },
    {
      "geometry": {
        "coordinates": [
          40.51901526,
          21.39971779
        ],
        "type": "Point"
      },
      "properties": {
        "chainage_m": 2280.5,
        "civil_class": "elevated",
        "investigation_flags": [
          "coverage-gap"
        ],
        "lat": 21.39971779,
        "line": "line-7",
        "lon": 40.51901526,
        "sample_id": "segment:line-7-civil-053:0000",
        "scope_id": "line-7-civil-053",
        "scope_type": "civil_segment"
      },
      "type": "Feature"
    },
    {
      "geometry": {
        "coordinates": [
          40.51891871,
          21.39980782
        ],
        "type": "Point"
      },
      "properties": {
        "chainage_m": 2294.65,
        "civil_class": "elevated",
        "investigation_flags": [
          "coverage-gap"
        ],
        "lat": 21.39980782,
        "line": "line-7",
        "lon": 40.51891871,
        "sample_id": "segment:line-7-civil-053:0001",
        "scope_id": "line-7-civil-053",
        "scope_type": "civil_segment"
      },
      "type": "Feature"
    },
    {
      "geometry": {
        "coordinates": [
          40.51882216,
          21.39989784
        ],
        "type": "Point"
      },
      "properties": {
        "chainage_m": 2308.8,
        "civil_class": "elevated",
        "investigation_flags": [
          "coverage-gap"
        ],
        "lat": 21.39989784,
        "line": "line-7",
        "lon": 40.51882216,
        "sample_id": "segment:line-7-civil-053:0002",
        "scope_id": "line-7-civil-053",
        "scope_type": "civil_segment"
      },
      "type": "Feature"
    },
    {
      "geometry": {
        "coordinates": [
          40.51882216,
          21.39989784
        ],
        "type": "Point"
      },
      "properties": {
        "chainage_m": 2308.8,
        "civil_class": "elevated",
        "investigation_flags": [
          "coverage-gap"
        ],
        "lat": 21.39989784,
        "line": "line-7",
        "lon": 40.51882216,
        "sample_id": "segment:line-7-civil-054:0000",
        "scope_id": "line-7-civil-054",
        "scope_type": "civil_segment"
      },
      "type": "Feature"
    },
    {
      "geometry": {
        "coordinates": [
          40.51692066,
          21.40167079
        ],
        "type": "Point"
      },
      "properties": {
        "chainage_m": 2587.5,
        "civil_class": "elevated",
        "investigation_flags": [
          "fine-soil-plasticity-and-shrink-swell-tests",
          "granular-density-and-groundwater-tests"
        ],
        "lat": 21.40167079,
        "line": "line-7",
        "lon": 40.51692066,
        "sample_id": "segment:line-7-civil-054:0001",
        "scope_id": "line-7-civil-054",
        "scope_type": "civil_segment"
      },
      "type": "Feature"
    },
    {
      "geometry": {
        "coordinates": [
          40.51515533,
          21.40349673
        ],
        "type": "Point"
      },
      "properties": {
        "chainage_m": 2866.2,
        "civil_class": "elevated",
        "investigation_flags": [
          "fine-soil-plasticity-and-shrink-swell-tests",
          "granular-density-and-groundwater-tests"
        ],
        "lat": 21.40349673,
        "line": "line-7",
        "lon": 40.51515533,
        "sample_id": "segment:line-7-civil-054:0002",
        "scope_id": "line-7-civil-054",
        "scope_type": "civil_segment"
      },
      "type": "Feature"
    },
    {
      "geometry": {
        "coordinates": [
          40.51515533,
          21.40349673
        ],
        "type": "Point"
      },
      "properties": {
        "chainage_m": 2866.2,
        "civil_class": "elevated",
        "investigation_flags": [
          "fine-soil-plasticity-and-shrink-swell-tests",
          "granular-density-and-groundwater-tests"
        ],
        "lat": 21.40349673,
        "line": "line-7",
        "lon": 40.51515533,
        "sample_id": "segment:line-7-civil-055:0000",
        "scope_id": "line-7-civil-055",
        "scope_type": "civil_segment"
      },
      "type": "Feature"
    },
    {
      "geometry": {
        "coordinates": [
          40.51496418,
          21.40390955
        ],
        "type": "Point"
      },
      "properties": {
        "chainage_m": 2920.35,
        "civil_class": "elevated",
        "investigation_flags": [
          "fine-soil-plasticity-and-shrink-swell-tests",
          "granular-density-and-groundwater-tests"
        ],
        "lat": 21.40390955,
        "line": "line-7",
        "lon": 40.51496418,
        "sample_id": "segment:line-7-civil-055:0001",
        "scope_id": "line-7-civil-055",
        "scope_type": "civil_segment"
      },
      "type": "Feature"
    },
    {
      "geometry": {
        "coordinates": [
          40.51496418,
          21.40439674
        ],
        "type": "Point"
      },
      "properties": {
        "chainage_m": 2974.5,
        "civil_class": "elevated",
        "investigation_flags": [
          "fine-soil-plasticity-and-shrink-swell-tests",
          "granular-density-and-groundwater-tests"
        ],
        "lat": 21.40439674,
        "line": "line-7",
        "lon": 40.51496418,
        "sample_id": "segment:line-7-civil-055:0002",
        "scope_id": "line-7-civil-055",
        "scope_type": "civil_segment"
      },
      "type": "Feature"
    },
    {
      "geometry": {
        "coordinates": [
          40.51496418,
          21.40439674
        ],
        "type": "Point"
      },
      "properties": {
        "chainage_m": 2974.5,
        "civil_class": "elevated",
        "investigation_flags": [
          "fine-soil-plasticity-and-shrink-swell-tests",
          "granular-density-and-groundwater-tests"
        ],
        "lat": 21.40439674,
        "line": "line-7",
        "lon": 40.51496418,
        "sample_id": "segment:line-7-civil-056:0000",
        "scope_id": "line-7-civil-056",
        "scope_type": "civil_segment"
      },
      "type": "Feature"
    },
    {
      "geometry": {
        "coordinates": [
          40.51496418,
          21.40529575
        ],
        "type": "Point"
      },
      "properties": {
        "chainage_m": 3074.5,
        "civil_class": "elevated",
        "investigation_flags": [
          "fine-soil-plasticity-and-shrink-swell-tests",
          "granular-density-and-groundwater-tests"
        ],
        "lat": 21.40529575,
        "line": "line-7",
        "lon": 40.51496418,
        "sample_id": "segment:line-7-civil-056:0001",
        "scope_id": "line-7-civil-056",
        "scope_type": "civil_segment"
      },
      "type": "Feature"
    },
    {
      "geometry": {
        "coordinates": [
          40.51496418,
          21.40619476
        ],
        "type": "Point"
      },
      "properties": {
        "chainage_m": 3174.5,
        "civil_class": "elevated",
        "investigation_flags": [
          "fine-soil-plasticity-and-shrink-swell-tests",
          "granular-density-and-groundwater-tests"
        ],
        "lat": 21.40619476,
        "line": "line-7",
        "lon": 40.51496418,
        "sample_id": "segment:line-7-civil-056:0002",
        "scope_id": "line-7-civil-056",
        "scope_type": "civil_segment"
      },
      "type": "Feature"
    },
    {
      "geometry": {
        "coordinates": [
          40.51496418,
          21.40619476
        ],
        "type": "Point"
      },
      "properties": {
        "chainage_m": 3174.5,
        "civil_class": "elevated",
        "investigation_flags": [
          "fine-soil-plasticity-and-shrink-swell-tests",
          "granular-density-and-groundwater-tests"
        ],
        "lat": 21.40619476,
        "line": "line-7",
        "lon": 40.51496418,
        "sample_id": "segment:line-7-civil-057:0000",
        "scope_id": "line-7-civil-057",
        "scope_type": "civil_segment"
      },
      "type": "Feature"
    },
    {
      "geometry": {
        "coordinates": [
          40.51496418,
          21.40659161
        ],
        "type": "Point"
      },
      "properties": {
        "chainage_m": 3218.6,
        "civil_class": "elevated",
        "investigation_flags": [
          "fine-soil-plasticity-and-shrink-swell-tests",
          "granular-density-and-groundwater-tests"
        ],
        "lat": 21.40659161,
        "line": "line-7",
        "lon": 40.51496418,
        "sample_id": "segment:line-7-civil-057:0001",
        "scope_id": "line-7-civil-057",
        "scope_type": "civil_segment"
      },
      "type": "Feature"
    },
    {
      "geometry": {
        "coordinates": [
          40.51477192,
          21.40691365
        ],
        "type": "Point"
      },
      "properties": {
        "chainage_m": 3262.7,
        "civil_class": "elevated",
        "investigation_flags": [
          "fine-soil-plasticity-and-shrink-swell-tests",
          "granular-density-and-groundwater-tests"
        ],
        "lat": 21.40691365,
        "line": "line-7",
        "lon": 40.51477192,
        "sample_id": "segment:line-7-civil-057:0002",
        "scope_id": "line-7-civil-057",
        "scope_type": "civil_segment"
      },
      "type": "Feature"
    },
    {
      "geometry": {
        "coordinates": [
          40.51477192,
          21.40691365
        ],
        "type": "Point"
      },
      "properties": {
        "chainage_m": 3262.7,
        "civil_class": "bridge",
        "investigation_flags": [
          "fine-soil-plasticity-and-shrink-swell-tests",
          "granular-density-and-groundwater-tests"
        ],
        "lat": 21.40691365,
        "line": "line-7",
        "lon": 40.51477192,
        "sample_id": "segment:line-7-civil-058:0000",
        "scope_id": "line-7-civil-058",
        "scope_type": "civil_segment"
      },
      "type": "Feature"
    },
    {
      "geometry": {
        "coordinates": [
          40.51457815,
          21.40759516
        ],
        "type": "Point"
      },
      "properties": {
        "chainage_m": 3346.85,
        "civil_class": "bridge",
        "investigation_flags": [
          "fine-soil-plasticity-and-shrink-swell-tests",
          "granular-density-and-groundwater-tests"
        ],
        "lat": 21.40759516,
        "line": "line-7",
        "lon": 40.51457815,
        "sample_id": "segment:line-7-civil-058:0001",
        "scope_id": "line-7-civil-058",
        "scope_type": "civil_segment"
      },
      "type": "Feature"
    },
    {
      "geometry": {
        "coordinates": [
          40.51457815,
          21.40835206
        ],
        "type": "Point"
      },
      "properties": {
        "chainage_m": 3431.0,
        "civil_class": "bridge",
        "investigation_flags": [
          "fine-soil-plasticity-and-shrink-swell-tests",
          "granular-density-and-groundwater-tests"
        ],
        "lat": 21.40835206,
        "line": "line-7",
        "lon": 40.51457815,
        "sample_id": "segment:line-7-civil-058:0002",
        "scope_id": "line-7-civil-058",
        "scope_type": "civil_segment"
      },
      "type": "Feature"
    },
    {
      "geometry": {
        "coordinates": [
          40.51457815,
          21.40835206
        ],
        "type": "Point"
      },
      "properties": {
        "chainage_m": 3431.0,
        "civil_class": "elevated",
        "investigation_flags": [
          "fine-soil-plasticity-and-shrink-swell-tests",
          "granular-density-and-groundwater-tests"
        ],
        "lat": 21.40835206,
        "line": "line-7",
        "lon": 40.51457815,
        "sample_id": "segment:line-7-civil-059:0000",
        "scope_id": "line-7-civil-059",
        "scope_type": "civil_segment"
      },
      "type": "Feature"
    },
    {
      "geometry": {
        "coordinates": [
          40.51457815,
          21.41015008
        ],
        "type": "Point"
      },
      "properties": {
        "chainage_m": 3631.0,
        "civil_class": "elevated",
        "investigation_flags": [
          "fine-soil-plasticity-and-shrink-swell-tests",
          "granular-density-and-groundwater-tests"
        ],
        "lat": 21.41015008,
        "line": "line-7",
        "lon": 40.51457815,
        "sample_id": "segment:line-7-civil-059:0001",
        "scope_id": "line-7-civil-059",
        "scope_type": "civil_segment"
      },
      "type": "Feature"
    },
    {
      "geometry": {
        "coordinates": [
          40.51457815,
          21.4119481
        ],
        "type": "Point"
      },
      "properties": {
        "chainage_m": 3831.0,
        "civil_class": "elevated",
        "investigation_flags": [
          "fine-soil-plasticity-and-shrink-swell-tests",
          "granular-density-and-groundwater-tests"
        ],
        "lat": 21.4119481,
        "line": "line-7",
        "lon": 40.51457815,
        "sample_id": "segment:line-7-civil-059:0002",
        "scope_id": "line-7-civil-059",
        "scope_type": "civil_segment"
      },
      "type": "Feature"
    },
    {
      "geometry": {
        "coordinates": [
          40.51457815,
          21.4119481
        ],
        "type": "Point"
      },
      "properties": {
        "chainage_m": 3831.0,
        "civil_class": "elevated",
        "investigation_flags": [
          "fine-soil-plasticity-and-shrink-swell-tests",
          "granular-density-and-groundwater-tests"
        ],
        "lat": 21.4119481,
        "line": "line-7",
        "lon": 40.51457815,
        "sample_id": "segment:line-7-civil-060:0000",
        "scope_id": "line-7-civil-060",
        "scope_type": "civil_segment"
      },
      "type": "Feature"
    },
    {
      "geometry": {
        "coordinates": [
          40.51457815,
          21.41247297
        ],
        "type": "Point"
      },
      "properties": {
        "chainage_m": 3889.3,
        "civil_class": "elevated",
        "investigation_flags": [
          "fine-soil-plasticity-and-shrink-swell-tests",
          "granular-density-and-groundwater-tests"
        ],
        "lat": 21.41247297,
        "line": "line-7",
        "lon": 40.51457815,
        "sample_id": "segment:line-7-civil-060:0001",
        "scope_id": "line-7-civil-060",
        "scope_type": "civil_segment"
      },
      "type": "Feature"
    },
    {
      "geometry": {
        "coordinates": [
          40.51419634,
          21.4128493
        ],
        "type": "Point"
      },
      "properties": {
        "chainage_m": 3947.6,
        "civil_class": "elevated",
        "investigation_flags": [
          "fine-soil-plasticity-and-shrink-swell-tests",
          "granular-density-and-groundwater-tests"
        ],
        "lat": 21.4128493,
        "line": "line-7",
        "lon": 40.51419634,
        "sample_id": "segment:line-7-civil-060:0002",
        "scope_id": "line-7-civil-060",
        "scope_type": "civil_segment"
      },
      "type": "Feature"
    },
    {
      "geometry": {
        "coordinates": [
          40.51419634,
          21.4128493
        ],
        "type": "Point"
      },
      "properties": {
        "chainage_m": 3947.6,
        "civil_class": "elevated",
        "investigation_flags": [
          "fine-soil-plasticity-and-shrink-swell-tests",
          "granular-density-and-groundwater-tests"
        ],
        "lat": 21.4128493,
        "line": "line-7",
        "lon": 40.51419634,
        "sample_id": "segment:line-7-civil-061:0000",
        "scope_id": "line-7-civil-061",
        "scope_type": "civil_segment"
      },
      "type": "Feature"
    },
    {
      "geometry": {
        "coordinates": [
          40.51207355,
          21.41482857
        ],
        "type": "Point"
      },
      "properties": {
        "chainage_m": 4258.7,
        "civil_class": "elevated",
        "investigation_flags": [
          "fine-soil-plasticity-and-shrink-swell-tests",
          "granular-density-and-groundwater-tests"
        ],
        "lat": 21.41482857,
        "line": "line-7",
        "lon": 40.51207355,
        "sample_id": "segment:line-7-civil-061:0001",
        "scope_id": "line-7-civil-061",
        "scope_type": "civil_segment"
      },
      "type": "Feature"
    },
    {
      "geometry": {
        "coordinates": [
          40.50995075,
          21.41680785
        ],
        "type": "Point"
      },
      "properties": {
        "chainage_m": 4569.8,
        "civil_class": "elevated",
        "investigation_flags": [
          "fine-soil-plasticity-and-shrink-swell-tests",
          "granular-density-and-groundwater-tests"
        ],
        "lat": 21.41680785,
        "line": "line-7",
        "lon": 40.50995075,
        "sample_id": "segment:line-7-civil-061:0002",
        "scope_id": "line-7-civil-061",
        "scope_type": "civil_segment"
      },
      "type": "Feature"
    },
    {
      "geometry": {
        "coordinates": [
          40.50995075,
          21.41680785
        ],
        "type": "Point"
      },
      "properties": {
        "chainage_m": 4569.8,
        "civil_class": "elevated",
        "investigation_flags": [
          "fine-soil-plasticity-and-shrink-swell-tests",
          "granular-density-and-groundwater-tests"
        ],
        "lat": 21.41680785,
        "line": "line-7",
        "lon": 40.50995075,
        "sample_id": "segment:line-7-civil-062:0000",
        "scope_id": "line-7-civil-062",
        "scope_type": "civil_segment"
      },
      "type": "Feature"
    },
    {
      "geometry": {
        "coordinates": [
          40.50950961,
          21.41699245
        ],
        "type": "Point"
      },
      "properties": {
        "chainage_m": 4623.95,
        "civil_class": "elevated",
        "investigation_flags": [
          "fine-soil-plasticity-and-shrink-swell-tests",
          "granular-density-and-groundwater-tests"
        ],
        "lat": 21.41699245,
        "line": "line-7",
        "lon": 40.50950961,
        "sample_id": "segment:line-7-civil-062:0001",
        "scope_id": "line-7-civil-062",
        "scope_type": "civil_segment"
      },
      "type": "Feature"
    },
    {
      "geometry": {
        "coordinates": [
          40.50898705,
          21.41699245
        ],
        "type": "Point"
      },
      "properties": {
        "chainage_m": 4678.1,
        "civil_class": "elevated",
        "investigation_flags": [
          "fine-soil-plasticity-and-shrink-swell-tests",
          "granular-density-and-groundwater-tests"
        ],
        "lat": 21.41699245,
        "line": "line-7",
        "lon": 40.50898705,
        "sample_id": "segment:line-7-civil-062:0002",
        "scope_id": "line-7-civil-062",
        "scope_type": "civil_segment"
      },
      "type": "Feature"
    },
    {
      "geometry": {
        "coordinates": [
          40.50898705,
          21.41699245
        ],
        "type": "Point"
      },
      "properties": {
        "chainage_m": 4678.1,
        "civil_class": "elevated",
        "investigation_flags": [
          "fine-soil-plasticity-and-shrink-swell-tests",
          "granular-density-and-groundwater-tests"
        ],
        "lat": 21.41699245,
        "line": "line-7",
        "lon": 40.50898705,
        "sample_id": "segment:line-7-civil-063:0000",
        "scope_id": "line-7-civil-063",
        "scope_type": "civil_segment"
      },
      "type": "Feature"
    },
    {
      "geometry": {
        "coordinates": [
          40.50464103,
          21.41699245
        ],
        "type": "Point"
      },
      "properties": {
        "chainage_m": 5128.1,
        "civil_class": "elevated",
        "investigation_flags": [
          "fine-soil-plasticity-and-shrink-swell-tests",
          "granular-density-and-groundwater-tests"
        ],
        "lat": 21.41699245,
        "line": "line-7",
        "lon": 40.50464103,
        "sample_id": "segment:line-7-civil-063:0001",
        "scope_id": "line-7-civil-063",
        "scope_type": "civil_segment"
      },
      "type": "Feature"
    },
    {
      "geometry": {
        "coordinates": [
          40.50029501,
          21.41699245
        ],
        "type": "Point"
      },
      "properties": {
        "chainage_m": 5578.1,
        "civil_class": "elevated",
        "investigation_flags": [
          "fine-soil-plasticity-and-shrink-swell-tests",
          "granular-density-and-groundwater-tests"
        ],
        "lat": 21.41699245,
        "line": "line-7",
        "lon": 40.50029501,
        "sample_id": "segment:line-7-civil-063:0002",
        "scope_id": "line-7-civil-063",
        "scope_type": "civil_segment"
      },
      "type": "Feature"
    },
    {
      "geometry": {
        "coordinates": [
          40.46593827,
          21.44218771
        ],
        "type": "Point"
      },
      "properties": {
        "chainage_m": 0.0,
        "civil_class": "elevated",
        "investigation_flags": [
          "fine-soil-plasticity-and-shrink-swell-tests",
          "granular-density-and-groundwater-tests"
        ],
        "lat": 21.44218771,
        "line": "line-8",
        "lon": 40.46593827,
        "sample_id": "segment:line-8-civil-064:0000",
        "scope_id": "line-8-civil-064",
        "scope_type": "civil_segment"
      },
      "type": "Feature"
    },
    {
      "geometry": {
        "coordinates": [
          40.46883306,
          21.4448868
        ],
        "type": "Point"
      },
      "properties": {
        "chainage_m": 424.25,
        "civil_class": "elevated",
        "investigation_flags": [
          "fine-soil-plasticity-and-shrink-swell-tests",
          "granular-density-and-groundwater-tests"
        ],
        "lat": 21.4448868,
        "line": "line-8",
        "lon": 40.46883306,
        "sample_id": "segment:line-8-civil-064:0001",
        "scope_id": "line-8-civil-064",
        "scope_type": "civil_segment"
      },
      "type": "Feature"
    },
    {
      "geometry": {
        "coordinates": [
          40.47172789,
          21.44758591
        ],
        "type": "Point"
      },
      "properties": {
        "chainage_m": 848.5,
        "civil_class": "elevated",
        "investigation_flags": [
          "fine-soil-plasticity-and-shrink-swell-tests",
          "granular-density-and-groundwater-tests"
        ],
        "lat": 21.44758591,
        "line": "line-8",
        "lon": 40.47172789,
        "sample_id": "segment:line-8-civil-064:0002",
        "scope_id": "line-8-civil-064",
        "scope_type": "civil_segment"
      },
      "type": "Feature"
    },
    {
      "geometry": {
        "coordinates": [
          40.47172789,
          21.44758591
        ],
        "type": "Point"
      },
      "properties": {
        "chainage_m": 848.5,
        "civil_class": "elevated",
        "investigation_flags": [
          "fine-soil-plasticity-and-shrink-swell-tests",
          "granular-density-and-groundwater-tests"
        ],
        "lat": 21.44758591,
        "line": "line-8",
        "lon": 40.47172789,
        "sample_id": "segment:line-8-civil-065:0000",
        "scope_id": "line-8-civil-065",
        "scope_type": "civil_segment"
      },
      "type": "Feature"
    },
    {
      "geometry": {
        "coordinates": [
          40.47207413,
          21.44776666
        ],
        "type": "Point"
      },
      "properties": {
        "chainage_m": 892.65,
        "civil_class": "elevated",
        "investigation_flags": [
          "fine-soil-plasticity-and-shrink-swell-tests",
          "granular-density-and-groundwater-tests"
        ],
        "lat": 21.44776666,
        "line": "line-8",
        "lon": 40.47207413,
        "sample_id": "segment:line-8-civil-065:0001",
        "scope_id": "line-8-civil-065",
        "scope_type": "civil_segment"
      },
      "type": "Feature"
    },
    {
      "geometry": {
        "coordinates": [
          40.47250013,
          21.44776666
        ],
        "type": "Point"
      },
      "properties": {
        "chainage_m": 936.8,
        "civil_class": "elevated",
        "investigation_flags": [
          "fine-soil-plasticity-and-shrink-swell-tests",
          "granular-density-and-groundwater-tests"
        ],
        "lat": 21.44776666,
        "line": "line-8",
        "lon": 40.47250013,
        "sample_id": "segment:line-8-civil-065:0002",
        "scope_id": "line-8-civil-065",
        "scope_type": "civil_segment"
      },
      "type": "Feature"
    },
    {
      "geometry": {
        "coordinates": [
          40.47250013,
          21.44776666
        ],
        "type": "Point"
      },
      "properties": {
        "chainage_m": 936.8,
        "civil_class": "elevated",
        "investigation_flags": [
          "fine-soil-plasticity-and-shrink-swell-tests",
          "granular-density-and-groundwater-tests"
        ],
        "lat": 21.44776666,
        "line": "line-8",
        "lon": 40.47250013,
        "sample_id": "segment:line-8-civil-066:0000",
        "scope_id": "line-8-civil-066",
        "scope_type": "civil_segment"
      },
      "type": "Feature"
    },
    {
      "geometry": {
        "coordinates": [
          40.47343775,
          21.44792041
        ],
        "type": "Point"
      },
      "properties": {
        "chainage_m": 1040.95,
        "civil_class": "elevated",
        "investigation_flags": [
          "fine-soil-plasticity-and-shrink-swell-tests",
          "granular-density-and-groundwater-tests"
        ],
        "lat": 21.44792041,
        "line": "line-8",
        "lon": 40.47343775,
        "sample_id": "segment:line-8-civil-066:0001",
        "scope_id": "line-8-civil-066",
        "scope_type": "civil_segment"
      },
      "type": "Feature"
    },
    {
      "geometry": {
        "coordinates": [
          40.47443163,
          21.44794663
        ],
        "type": "Point"
      },
      "properties": {
        "chainage_m": 1145.1,
        "civil_class": "elevated",
        "investigation_flags": [
          "fine-soil-plasticity-and-shrink-swell-tests",
          "granular-density-and-groundwater-tests"
        ],
        "lat": 21.44794663,
        "line": "line-8",
        "lon": 40.47443163,
        "sample_id": "segment:line-8-civil-066:0002",
        "scope_id": "line-8-civil-066",
        "scope_type": "civil_segment"
      },
      "type": "Feature"
    },
    {
      "geometry": {
        "coordinates": [
          40.47443163,
          21.44794663
        ],
        "type": "Point"
      },
      "properties": {
        "chainage_m": 1145.1,
        "civil_class": "elevated",
        "investigation_flags": [
          "fine-soil-plasticity-and-shrink-swell-tests",
          "granular-density-and-groundwater-tests"
        ],
        "lat": 21.44794663,
        "line": "line-8",
        "lon": 40.47443163,
        "sample_id": "segment:line-8-civil-067:0000",
        "scope_id": "line-8-civil-067",
        "scope_type": "civil_segment"
      },
      "type": "Feature"
    },
    {
      "geometry": {
        "coordinates": [
          40.47476105,
          21.44794663
        ],
        "type": "Point"
      },
      "properties": {
        "chainage_m": 1179.25,
        "civil_class": "elevated",
        "investigation_flags": [
          "fine-soil-plasticity-and-shrink-swell-tests",
          "granular-density-and-groundwater-tests"
        ],
        "lat": 21.44794663,
        "line": "line-8",
        "lon": 40.47476105,
        "sample_id": "segment:line-8-civil-067:0001",
        "scope_id": "line-8-civil-067",
        "scope_type": "civil_segment"
      },
      "type": "Feature"
    },
    {
      "geometry": {
        "coordinates": [
          40.47501076,
          21.44812731
        ],
        "type": "Point"
      },
      "properties": {
        "chainage_m": 1213.4,
        "civil_class": "elevated",
        "investigation_flags": [
          "fine-soil-plasticity-and-shrink-swell-tests",
          "granular-density-and-groundwater-tests"
        ],
        "lat": 21.44812731,
        "line": "line-8",
        "lon": 40.47501076,
        "sample_id": "segment:line-8-civil-067:0002",
        "scope_id": "line-8-civil-067",
        "scope_type": "civil_segment"
      },
      "type": "Feature"
    },
    {
      "geometry": {
        "coordinates": [
          40.47501076,
          21.44812731
        ],
        "type": "Point"
      },
      "properties": {
        "chainage_m": 1213.4,
        "civil_class": "elevated",
        "investigation_flags": [
          "fine-soil-plasticity-and-shrink-swell-tests",
          "granular-density-and-groundwater-tests"
        ],
        "lat": 21.44812731,
        "line": "line-8",
        "lon": 40.47501076,
        "sample_id": "segment:line-8-civil-068:0000",
        "scope_id": "line-8-civil-068",
        "scope_type": "civil_segment"
      },
      "type": "Feature"
    },
    {
      "geometry": {
        "coordinates": [
          40.47510731,
          21.44821733
        ],
        "type": "Point"
      },
      "properties": {
        "chainage_m": 1227.55,
        "civil_class": "elevated",
        "investigation_flags": [
          "fine-soil-plasticity-and-shrink-swell-tests",
          "granular-density-and-groundwater-tests"
        ],
        "lat": 21.44821733,
        "line": "line-8",
        "lon": 40.47510731,
        "sample_id": "segment:line-8-civil-068:0001",
        "scope_id": "line-8-civil-068",
        "scope_type": "civil_segment"
      },
      "type": "Feature"
    },
    {
      "geometry": {
        "coordinates": [
          40.47520421,
          21.44830656
        ],
        "type": "Point"
      },
      "properties": {
        "chainage_m": 1241.7,
        "civil_class": "elevated",
        "investigation_flags": [
          "fine-soil-plasticity-and-shrink-swell-tests",
          "granular-density-and-groundwater-tests"
        ],
        "lat": 21.44830656,
        "line": "line-8",
        "lon": 40.47520421,
        "sample_id": "segment:line-8-civil-068:0002",
        "scope_id": "line-8-civil-068",
        "scope_type": "civil_segment"
      },
      "type": "Feature"
    },
    {
      "geometry": {
        "coordinates": [
          40.47520421,
          21.44830656
        ],
        "type": "Point"
      },
      "properties": {
        "chainage_m": 1241.7,
        "civil_class": "elevated",
        "investigation_flags": [
          "fine-soil-plasticity-and-shrink-swell-tests",
          "granular-density-and-groundwater-tests"
        ],
        "lat": 21.44830656,
        "line": "line-8",
        "lon": 40.47520421,
        "sample_id": "segment:line-8-civil-069:0000",
        "scope_id": "line-8-civil-069",
        "scope_type": "civil_segment"
      },
      "type": "Feature"
    },
    {
      "geometry": {
        "coordinates": [
          40.47539736,
          21.44830656
        ],
        "type": "Point"
      },
      "properties": {
        "chainage_m": 1261.7,
        "civil_class": "elevated",
        "investigation_flags": [
          "fine-soil-plasticity-and-shrink-swell-tests",
          "granular-density-and-groundwater-tests"
        ],
        "lat": 21.44830656,
        "line": "line-8",
        "lon": 40.47539736,
        "sample_id": "segment:line-8-civil-069:0001",
        "scope_id": "line-8-civil-069",
        "scope_type": "civil_segment"
      },
      "type": "Feature"
    },
    {
      "geometry": {
        "coordinates": [
          40.47559051,
          21.44830656
        ],
        "type": "Point"
      },
      "properties": {
        "chainage_m": 1281.7,
        "civil_class": "elevated",
        "investigation_flags": [
          "fine-soil-plasticity-and-shrink-swell-tests",
          "granular-density-and-groundwater-tests"
        ],
        "lat": 21.44830656,
        "line": "line-8",
        "lon": 40.47559051,
        "sample_id": "segment:line-8-civil-069:0002",
        "scope_id": "line-8-civil-069",
        "scope_type": "civil_segment"
      },
      "type": "Feature"
    },
    {
      "geometry": {
        "coordinates": [
          40.47559051,
          21.44830656
        ],
        "type": "Point"
      },
      "properties": {
        "chainage_m": 1281.7,
        "civil_class": "elevated",
        "investigation_flags": [
          "fine-soil-plasticity-and-shrink-swell-tests",
          "granular-density-and-groundwater-tests"
        ],
        "lat": 21.44830656,
        "line": "line-8",
        "lon": 40.47559051,
        "sample_id": "segment:line-8-civil-070:0000",
        "scope_id": "line-8-civil-070",
        "scope_type": "civil_segment"
      },
      "type": "Feature"
    },
    {
      "geometry": {
        "coordinates": [
          40.47588024,
          21.44830656
        ],
        "type": "Point"
      },
      "properties": {
        "chainage_m": 1311.7,
        "civil_class": "elevated",
        "investigation_flags": [
          "fine-soil-plasticity-and-shrink-swell-tests",
          "granular-density-and-groundwater-tests"
        ],
        "lat": 21.44830656,
        "line": "line-8",
        "lon": 40.47588024,
        "sample_id": "segment:line-8-civil-070:0001",
        "scope_id": "line-8-civil-070",
        "scope_type": "civil_segment"
      },
      "type": "Feature"
    },
    {
      "geometry": {
        "coordinates": [
          40.47616997,
          21.44830656
        ],
        "type": "Point"
      },
      "properties": {
        "chainage_m": 1341.7,
        "civil_class": "elevated",
        "investigation_flags": [
          "fine-soil-plasticity-and-shrink-swell-tests",
          "granular-density-and-groundwater-tests"
        ],
        "lat": 21.44830656,
        "line": "line-8",
        "lon": 40.47616997,
        "sample_id": "segment:line-8-civil-070:0002",
        "scope_id": "line-8-civil-070",
        "scope_type": "civil_segment"
      },
      "type": "Feature"
    },
    {
      "geometry": {
        "coordinates": [
          40.47616997,
          21.44830656
        ],
        "type": "Point"
      },
      "properties": {
        "chainage_m": 1341.7,
        "civil_class": "elevated",
        "investigation_flags": [
          "fine-soil-plasticity-and-shrink-swell-tests",
          "granular-density-and-groundwater-tests"
        ],
        "lat": 21.44830656,
        "line": "line-8",
        "lon": 40.47616997,
        "sample_id": "segment:line-8-civil-071:0000",
        "scope_id": "line-8-civil-071",
        "scope_type": "civil_segment"
      },
      "type": "Feature"
    },
    {
      "geometry": {
        "coordinates": [
          40.47648686,
          21.44842382
        ],
        "type": "Point"
      },
      "properties": {
        "chainage_m": 1379.95,
        "civil_class": "elevated",
        "investigation_flags": [
          "fine-soil-plasticity-and-shrink-swell-tests",
          "granular-density-and-groundwater-tests"
        ],
        "lat": 21.44842382,
        "line": "line-8",
        "lon": 40.47648686,
        "sample_id": "segment:line-8-civil-071:0001",
        "scope_id": "line-8-civil-071",
        "scope_type": "civil_segment"
      },
      "type": "Feature"
    },
    {
      "geometry": {
        "coordinates": [
          40.47674805,
          21.44866735
        ],
        "type": "Point"
      },
      "properties": {
        "chainage_m": 1418.2,
        "civil_class": "elevated",
        "investigation_flags": [
          "fine-soil-plasticity-and-shrink-swell-tests",
          "granular-density-and-groundwater-tests"
        ],
        "lat": 21.44866735,
        "line": "line-8",
        "lon": 40.47674805,
        "sample_id": "segment:line-8-civil-071:0002",
        "scope_id": "line-8-civil-071",
        "scope_type": "civil_segment"
      },
      "type": "Feature"
    },
    {
      "geometry": {
        "coordinates": [
          40.47674805,
          21.44866735
        ],
        "type": "Point"
      },
      "properties": {
        "chainage_m": 1418.2,
        "civil_class": "elevated",
        "investigation_flags": [
          "fine-soil-plasticity-and-shrink-swell-tests",
          "granular-density-and-groundwater-tests"
        ],
        "lat": 21.44866735,
        "line": "line-8",
        "lon": 40.47674805,
        "sample_id": "segment:line-8-civil-072:0000",
        "scope_id": "line-8-civil-072",
        "scope_type": "civil_segment"
      },
      "type": "Feature"
    },
    {
      "geometry": {
        "coordinates": [
          40.48166935,
          21.45325594
        ],
        "type": "Point"
      },
      "properties": {
        "chainage_m": 2139.45,
        "civil_class": "elevated",
        "investigation_flags": [
          "fine-soil-plasticity-and-shrink-swell-tests",
          "granular-density-and-groundwater-tests"
        ],
        "lat": 21.45325594,
        "line": "line-8",
        "lon": 40.48166935,
        "sample_id": "segment:line-8-civil-072:0001",
        "scope_id": "line-8-civil-072",
        "scope_type": "civil_segment"
      },
      "type": "Feature"
    },
    {
      "geometry": {
        "coordinates": [
          40.48358357,
          21.45504073
        ],
        "type": "Point"
      },
      "properties": {
        "chainage_m": 2419.987,
        "civil_class": "elevated",
        "investigation_flags": [
          "fine-soil-plasticity-and-shrink-swell-tests",
          "granular-density-and-groundwater-tests"
        ],
        "lat": 21.45504073,
        "line": "line-8",
        "lon": 40.48358357,
        "sample_id": "segment:line-8-civil-072:0002",
        "scope_id": "line-8-civil-072",
        "scope_type": "civil_segment"
      },
      "type": "Feature"
    },
    {
      "geometry": {
        "coordinates": [
          40.48659074,
          21.4578446
        ],
        "type": "Point"
      },
      "properties": {
        "chainage_m": 2860.7,
        "civil_class": "elevated",
        "investigation_flags": [
          "fine-soil-plasticity-and-shrink-swell-tests",
          "granular-density-and-groundwater-tests"
        ],
        "lat": 21.4578446,
        "line": "line-8",
        "lon": 40.48659074,
        "sample_id": "segment:line-8-civil-072:0003",
        "scope_id": "line-8-civil-072",
        "scope_type": "civil_segment"
      },
      "type": "Feature"
    },
    {
      "geometry": {
        "coordinates": [
          40.48659074,
          21.4578446
        ],
        "type": "Point"
      },
      "properties": {
        "chainage_m": 2860.7,
        "civil_class": "elevated",
        "investigation_flags": [
          "fine-soil-plasticity-and-shrink-swell-tests",
          "granular-density-and-groundwater-tests"
        ],
        "lat": 21.4578446,
        "line": "line-8",
        "lon": 40.48659074,
        "sample_id": "segment:line-8-civil-073:0000",
        "scope_id": "line-8-civil-073",
        "scope_type": "civil_segment"
      },
      "type": "Feature"
    },
    {
      "geometry": {
        "coordinates": [
          40.48668729,
          21.45793462
        ],
        "type": "Point"
      },
      "properties": {
        "chainage_m": 2874.85,
        "civil_class": "elevated",
        "investigation_flags": [
          "fine-soil-plasticity-and-shrink-swell-tests",
          "granular-density-and-groundwater-tests"
        ],
        "lat": 21.45793462,
        "line": "line-8",
        "lon": 40.48668729,
        "sample_id": "segment:line-8-civil-073:0001",
        "scope_id": "line-8-civil-073",
        "scope_type": "civil_segment"
      },
      "type": "Feature"
    },
    {
      "geometry": {
        "coordinates": [
          40.48678384,
          21.45802464
        ],
        "type": "Point"
      },
      "properties": {
        "chainage_m": 2889.0,
        "civil_class": "elevated",
        "investigation_flags": [
          "fine-soil-plasticity-and-shrink-swell-tests",
          "granular-density-and-groundwater-tests"
        ],
        "lat": 21.45802464,
        "line": "line-8",
        "lon": 40.48678384,
        "sample_id": "segment:line-8-civil-073:0002",
        "scope_id": "line-8-civil-073",
        "scope_type": "civil_segment"
      },
      "type": "Feature"
    },
    {
      "geometry": {
        "coordinates": [
          40.48678384,
          21.45802464
        ],
        "type": "Point"
      },
      "properties": {
        "chainage_m": 2889.0,
        "civil_class": "elevated",
        "investigation_flags": [
          "fine-soil-plasticity-and-shrink-swell-tests",
          "granular-density-and-groundwater-tests"
        ],
        "lat": 21.45802464,
        "line": "line-8",
        "lon": 40.48678384,
        "sample_id": "segment:line-8-civil-074:0000",
        "scope_id": "line-8-civil-074",
        "scope_type": "civil_segment"
      },
      "type": "Feature"
    },
    {
      "geometry": {
        "coordinates": [
          40.48688037,
          21.45802473
        ],
        "type": "Point"
      },
      "properties": {
        "chainage_m": 2899.0,
        "civil_class": "elevated",
        "investigation_flags": [
          "fine-soil-plasticity-and-shrink-swell-tests",
          "granular-density-and-groundwater-tests"
        ],
        "lat": 21.45802473,
        "line": "line-8",
        "lon": 40.48688037,
        "sample_id": "segment:line-8-civil-074:0001",
        "scope_id": "line-8-civil-074",
        "scope_type": "civil_segment"
      },
      "type": "Feature"
    },
    {
      "geometry": {
        "coordinates": [
          40.48697695,
          21.45802473
        ],
        "type": "Point"
      },
      "properties": {
        "chainage_m": 2909.0,
        "civil_class": "elevated",
        "investigation_flags": [
          "fine-soil-plasticity-and-shrink-swell-tests",
          "granular-density-and-groundwater-tests"
        ],
        "lat": 21.45802473,
        "line": "line-8",
        "lon": 40.48697695,
        "sample_id": "segment:line-8-civil-074:0002",
        "scope_id": "line-8-civil-074",
        "scope_type": "civil_segment"
      },
      "type": "Feature"
    },
    {
      "geometry": {
        "coordinates": [
          40.45184814,
          21.46216396
        ],
        "type": "Point"
      },
      "properties": {
        "chainage_m": 0.0,
        "civil_class": "elevated",
        "investigation_flags": [
          "fine-soil-plasticity-and-shrink-swell-tests",
          "granular-density-and-groundwater-tests"
        ],
        "lat": 21.46216396,
        "line": "line-9",
        "lon": 40.45184814,
        "sample_id": "segment:line-9-civil-075:0000",
        "scope_id": "line-9-civil-075",
        "scope_type": "civil_segment"
      },
      "type": "Feature"
    },
    {
      "geometry": {
        "coordinates": [
          40.44876016,
          21.46504317
        ],
        "type": "Point"
      },
      "properties": {
        "chainage_m": 452.55,
        "civil_class": "elevated",
        "investigation_flags": [
          "fine-soil-plasticity-and-shrink-swell-tests",
          "granular-density-and-groundwater-tests"
        ],
        "lat": 21.46504317,
        "line": "line-9",
        "lon": 40.44876016,
        "sample_id": "segment:line-9-civil-075:0001",
        "scope_id": "line-9-civil-075",
        "scope_type": "civil_segment"
      },
      "type": "Feature"
    },
    {
      "geometry": {
        "coordinates": [
          40.44567214,
          21.46792242
        ],
        "type": "Point"
      },
      "properties": {
        "chainage_m": 905.1,
        "civil_class": "elevated",
        "investigation_flags": [
          "coverage-gap"
        ],
        "lat": 21.46792242,
        "line": "line-9",
        "lon": 40.44567214,
        "sample_id": "segment:line-9-civil-075:0002",
        "scope_id": "line-9-civil-075",
        "scope_type": "civil_segment"
      },
      "type": "Feature"
    },
    {
      "geometry": {
        "coordinates": [
          40.44567214,
          21.46792242
        ],
        "type": "Point"
      },
      "properties": {
        "chainage_m": 905.1,
        "civil_class": "at-grade",
        "investigation_flags": [
          "coverage-gap"
        ],
        "lat": 21.46792242,
        "line": "line-9",
        "lon": 40.44567214,
        "sample_id": "segment:line-9-civil-076:0000",
        "scope_id": "line-9-civil-076",
        "scope_type": "civil_segment"
      },
      "type": "Feature"
    },
    {
      "geometry": {
        "coordinates": [
          40.44258341,
          21.47551383
        ],
        "type": "Point"
      },
      "properties": {
        "chainage_m": 1881.8,
        "civil_class": "at-grade",
        "investigation_flags": [
          "coverage-gap"
        ],
        "lat": 21.47551383,
        "line": "line-9",
        "lon": 40.44258341,
        "sample_id": "segment:line-9-civil-076:0001",
        "scope_id": "line-9-civil-076",
        "scope_type": "civil_segment"
      },
      "type": "Feature"
    },
    {
      "geometry": {
        "coordinates": [
          40.44258341,
          21.47575307
        ],
        "type": "Point"
      },
      "properties": {
        "chainage_m": 1908.376,
        "civil_class": "at-grade",
        "investigation_flags": [
          "coverage-gap"
        ],
        "lat": 21.47575307,
        "line": "line-9",
        "lon": 40.44258341,
        "sample_id": "segment:line-9-civil-076:0002",
        "scope_id": "line-9-civil-076",
        "scope_type": "civil_segment"
      },
      "type": "Feature"
    },
    {
      "geometry": {
        "coordinates": [
          40.4458575,
          21.48303335
        ],
        "type": "Point"
      },
      "properties": {
        "chainage_m": 2858.5,
        "civil_class": "at-grade",
        "investigation_flags": [
          "fine-soil-plasticity-and-shrink-swell-tests",
          "granular-density-and-groundwater-tests"
        ],
        "lat": 21.48303335,
        "line": "line-9",
        "lon": 40.4458575,
        "sample_id": "segment:line-9-civil-076:0003",
        "scope_id": "line-9-civil-076",
        "scope_type": "civil_segment"
      },
      "type": "Feature"
    },
    {
      "geometry": {
        "coordinates": [
          40.4458575,
          21.48303335
        ],
        "type": "Point"
      },
      "properties": {
        "chainage_m": 2858.5,
        "civil_class": "elevated",
        "investigation_flags": [
          "fine-soil-plasticity-and-shrink-swell-tests",
          "granular-density-and-groundwater-tests"
        ],
        "lat": 21.48303335,
        "line": "line-9",
        "lon": 40.4458575,
        "sample_id": "segment:line-9-civil-077:0000",
        "scope_id": "line-9-civil-077",
        "scope_type": "civil_segment"
      },
      "type": "Feature"
    },
    {
      "geometry": {
        "coordinates": [
          40.45174379,
          21.48852168
        ],
        "type": "Point"
      },
      "properties": {
        "chainage_m": 3721.15,
        "civil_class": "elevated",
        "investigation_flags": [
          "fine-soil-plasticity-and-shrink-swell-tests",
          "granular-density-and-groundwater-tests"
        ],
        "lat": 21.48852168,
        "line": "line-9",
        "lon": 40.45174379,
        "sample_id": "segment:line-9-civil-077:0001",
        "scope_id": "line-9-civil-077",
        "scope_type": "civil_segment"
      },
      "type": "Feature"
    },
    {
      "geometry": {
        "coordinates": [
          40.45269381,
          21.48940747
        ],
        "type": "Point"
      },
      "properties": {
        "chainage_m": 3860.376,
        "civil_class": "elevated",
        "investigation_flags": [
          "fine-soil-plasticity-and-shrink-swell-tests",
          "granular-density-and-groundwater-tests"
        ],
        "lat": 21.48940747,
        "line": "line-9",
        "lon": 40.45269381,
        "sample_id": "segment:line-9-civil-077:0002",
        "scope_id": "line-9-civil-077",
        "scope_type": "civil_segment"
      },
      "type": "Feature"
    },
    {
      "geometry": {
        "coordinates": [
          40.45763019,
          21.49401012
        ],
        "type": "Point"
      },
      "properties": {
        "chainage_m": 4583.8,
        "civil_class": "elevated",
        "investigation_flags": [
          "fine-soil-plasticity-and-shrink-swell-tests",
          "granular-density-and-groundwater-tests"
        ],
        "lat": 21.49401012,
        "line": "line-9",
        "lon": 40.45763019,
        "sample_id": "segment:line-9-civil-077:0003",
        "scope_id": "line-9-civil-077",
        "scope_type": "civil_segment"
      },
      "type": "Feature"
    },
    {
      "geometry": {
        "coordinates": [
          40.45763019,
          21.49401012
        ],
        "type": "Point"
      },
      "properties": {
        "chainage_m": 4583.8,
        "civil_class": "at-grade",
        "investigation_flags": [
          "fine-soil-plasticity-and-shrink-swell-tests",
          "granular-density-and-groundwater-tests"
        ],
        "lat": 21.49401012,
        "line": "line-9",
        "lon": 40.45763019,
        "sample_id": "segment:line-9-civil-078:0000",
        "scope_id": "line-9-civil-078",
        "scope_type": "civil_segment"
      },
      "type": "Feature"
    },
    {
      "geometry": {
        "coordinates": [
          40.46168336,
          21.49778927
        ],
        "type": "Point"
      },
      "properties": {
        "chainage_m": 5177.8,
        "civil_class": "at-grade",
        "investigation_flags": [
          "fine-soil-plasticity-and-shrink-swell-tests",
          "granular-density-and-groundwater-tests"
        ],
        "lat": 21.49778927,
        "line": "line-9",
        "lon": 40.46168336,
        "sample_id": "segment:line-9-civil-078:0001",
        "scope_id": "line-9-civil-078",
        "scope_type": "civil_segment"
      },
      "type": "Feature"
    },
    {
      "geometry": {
        "coordinates": [
          40.46446675,
          21.50038448
        ],
        "type": "Point"
      },
      "properties": {
        "chainage_m": 5585.707,
        "civil_class": "at-grade",
        "investigation_flags": [
          "fine-soil-plasticity-and-shrink-swell-tests",
          "granular-density-and-groundwater-tests"
        ],
        "lat": 21.50038448,
        "line": "line-9",
        "lon": 40.46446675,
        "sample_id": "segment:line-9-civil-078:0002",
        "scope_id": "line-9-civil-078",
        "scope_type": "civil_segment"
      },
      "type": "Feature"
    },
    {
      "geometry": {
        "coordinates": [
          40.46573658,
          21.50156846
        ],
        "type": "Point"
      },
      "properties": {
        "chainage_m": 5771.8,
        "civil_class": "at-grade",
        "investigation_flags": [
          "fine-soil-plasticity-and-shrink-swell-tests",
          "granular-density-and-groundwater-tests"
        ],
        "lat": 21.50156846,
        "line": "line-9",
        "lon": 40.46573658,
        "sample_id": "segment:line-9-civil-078:0003",
        "scope_id": "line-9-civil-078",
        "scope_type": "civil_segment"
      },
      "type": "Feature"
    },
    {
      "geometry": {
        "coordinates": [
          40.46573658,
          21.50156846
        ],
        "type": "Point"
      },
      "properties": {
        "chainage_m": 5771.8,
        "civil_class": "bridge",
        "investigation_flags": [
          "fine-soil-plasticity-and-shrink-swell-tests",
          "granular-density-and-groundwater-tests"
        ],
        "lat": 21.50156846,
        "line": "line-9",
        "lon": 40.46573658,
        "sample_id": "segment:line-9-civil-079:0000",
        "scope_id": "line-9-civil-079",
        "scope_type": "civil_segment"
      },
      "type": "Feature"
    },
    {
      "geometry": {
        "coordinates": [
          40.46973314,
          21.50529482
        ],
        "type": "Point"
      },
      "properties": {
        "chainage_m": 6357.45,
        "civil_class": "bridge",
        "investigation_flags": [
          "fine-soil-plasticity-and-shrink-swell-tests",
          "granular-density-and-groundwater-tests"
        ],
        "lat": 21.50529482,
        "line": "line-9",
        "lon": 40.46973314,
        "sample_id": "segment:line-9-civil-079:0001",
        "scope_id": "line-9-civil-079",
        "scope_type": "civil_segment"
      },
      "type": "Feature"
    },
    {
      "geometry": {
        "coordinates": [
          40.47257332,
          21.50794298
        ],
        "type": "Point"
      },
      "properties": {
        "chainage_m": 6773.642,
        "civil_class": "bridge",
        "investigation_flags": [
          "fine-soil-plasticity-and-shrink-swell-tests",
          "granular-density-and-groundwater-tests"
        ],
        "lat": 21.50794298,
        "line": "line-9",
        "lon": 40.47257332,
        "sample_id": "segment:line-9-civil-079:0002",
        "scope_id": "line-9-civil-079",
        "scope_type": "civil_segment"
      },
      "type": "Feature"
    },
    {
      "geometry": {
        "coordinates": [
          40.47384231,
          21.50876625
        ],
        "type": "Point"
      },
      "properties": {
        "chainage_m": 6943.1,
        "civil_class": "bridge",
        "investigation_flags": [
          "fine-soil-plasticity-and-shrink-swell-tests",
          "granular-density-and-groundwater-tests"
        ],
        "lat": 21.50876625,
        "line": "line-9",
        "lon": 40.47384231,
        "sample_id": "segment:line-9-civil-079:0003",
        "scope_id": "line-9-civil-079",
        "scope_type": "civil_segment"
      },
      "type": "Feature"
    },
    {
      "geometry": {
        "coordinates": [
          40.47384231,
          21.50876625
        ],
        "type": "Point"
      },
      "properties": {
        "chainage_m": 6943.1,
        "civil_class": "at-grade",
        "investigation_flags": [
          "fine-soil-plasticity-and-shrink-swell-tests",
          "granular-density-and-groundwater-tests"
        ],
        "lat": 21.50876625,
        "line": "line-9",
        "lon": 40.47384231,
        "sample_id": "segment:line-9-civil-080:0000",
        "scope_id": "line-9-civil-080",
        "scope_type": "civil_segment"
      },
      "type": "Feature"
    },
    {
      "geometry": {
        "coordinates": [
          40.48067921,
          21.51514093
        ],
        "type": "Point"
      },
      "properties": {
        "chainage_m": 7943.667,
        "civil_class": "at-grade",
        "investigation_flags": [
          "fine-soil-plasticity-and-shrink-swell-tests",
          "granular-density-and-groundwater-tests"
        ],
        "lat": 21.51514093,
        "line": "line-9",
        "lon": 40.48067921,
        "sample_id": "segment:line-9-civil-080:0001",
        "scope_id": "line-9-civil-080",
        "scope_type": "civil_segment"
      },
      "type": "Feature"
    },
    {
      "geometry": {
        "coordinates": [
          40.48888374,
          21.51579387
        ],
        "type": "Point"
      },
      "properties": {
        "chainage_m": 8835.8,
        "civil_class": "at-grade",
        "investigation_flags": [
          "fine-soil-plasticity-and-shrink-swell-tests",
          "granular-density-and-groundwater-tests"
        ],
        "lat": 21.51579387,
        "line": "line-9",
        "lon": 40.48888374,
        "sample_id": "segment:line-9-civil-080:0002",
        "scope_id": "line-9-civil-080",
        "scope_type": "civil_segment"
      },
      "type": "Feature"
    },
    {
      "geometry": {
        "coordinates": [
          40.48992972,
          21.51579387
        ],
        "type": "Point"
      },
      "properties": {
        "chainage_m": 8944.234,
        "civil_class": "at-grade",
        "investigation_flags": [
          "fine-soil-plasticity-and-shrink-swell-tests",
          "granular-density-and-groundwater-tests"
        ],
        "lat": 21.51579387,
        "line": "line-9",
        "lon": 40.48992972,
        "sample_id": "segment:line-9-civil-080:0003",
        "scope_id": "line-9-civil-080",
        "scope_type": "civil_segment"
      },
      "type": "Feature"
    },
    {
      "geometry": {
        "coordinates": [
          40.49956435,
          21.51575528
        ],
        "type": "Point"
      },
      "properties": {
        "chainage_m": 9944.801,
        "civil_class": "at-grade",
        "investigation_flags": [
          "coverage-gap"
        ],
        "lat": 21.51575528,
        "line": "line-9",
        "lon": 40.49956435,
        "sample_id": "segment:line-9-civil-080:0004",
        "scope_id": "line-9-civil-080",
        "scope_type": "civil_segment"
      },
      "type": "Feature"
    },
    {
      "geometry": {
        "coordinates": [
          40.50531341,
          21.51165465
        ],
        "type": "Point"
      },
      "properties": {
        "chainage_m": 10728.5,
        "civil_class": "at-grade",
        "investigation_flags": [
          "fine-soil-plasticity-and-shrink-swell-tests",
          "granular-density-and-groundwater-tests"
        ],
        "lat": 21.51165465,
        "line": "line-9",
        "lon": 40.50531341,
        "sample_id": "segment:line-9-civil-080:0005",
        "scope_id": "line-9-civil-080",
        "scope_type": "civil_segment"
      },
      "type": "Feature"
    },
    {
      "geometry": {
        "coordinates": [
          40.46651732,
          21.47602135
        ],
        "type": "Point"
      },
      "properties": {
        "chainage_m": 23886.7,
        "civil_class": "station",
        "investigation_flags": [
          "fine-soil-plasticity-and-shrink-swell-tests",
          "granular-density-and-groundwater-tests"
        ],
        "lat": 21.47602135,
        "line": "line-1",
        "lon": 40.46651732,
        "sample_id": "station:line-1-0335-0312-s023887",
        "scope_id": "line-1-0335-0312-s023887",
        "scope_type": "station"
      },
      "type": "Feature"
    },
    {
      "geometry": {
        "coordinates": [
          40.47674713,
          21.46720301
        ],
        "type": "Point"
      },
      "properties": {
        "chainage_m": 22245.1,
        "civil_class": "station",
        "investigation_flags": [
          "fine-soil-plasticity-and-shrink-swell-tests",
          "granular-density-and-groundwater-tests"
        ],
        "lat": 21.46720301,
        "line": "line-1",
        "lon": 40.47674713,
        "sample_id": "station:line-1-0384-0365-s022245",
        "scope_id": "line-1-0384-0365-s022245",
        "scope_type": "station"
      },
      "type": "Feature"
    },
    {
      "geometry": {
        "coordinates": [
          40.48697695,
          21.45802473
        ],
        "type": "Point"
      },
      "properties": {
        "chainage_m": 20610.3,
        "civil_class": "station",
        "investigation_flags": [
          "fine-soil-plasticity-and-shrink-swell-tests",
          "granular-density-and-groundwater-tests"
        ],
        "lat": 21.45802473,
        "line": "line-1",
        "lon": 40.48697695,
        "sample_id": "station:line-1-0435-0418-s020610",
        "scope_id": "line-1-0435-0418-s020610",
        "scope_type": "station"
      },
      "type": "Feature"
    },
    {
      "geometry": {
        "coordinates": [
          40.48910012,
          21.45640504
        ],
        "type": "Point"
      },
      "properties": {
        "chainage_m": 20304.0,
        "civil_class": "station",
        "investigation_flags": [
          "fine-soil-plasticity-and-shrink-swell-tests",
          "granular-density-and-groundwater-tests"
        ],
        "lat": 21.45640504,
        "line": "line-1",
        "lon": 40.48910012,
        "sample_id": "station:line-1-0444-0429-s020304",
        "scope_id": "line-1-0444-0429-s020304",
        "scope_type": "station"
      },
      "type": "Feature"
    },
    {
      "geometry": {
        "coordinates": [
          40.50319024,
          21.44398737
        ],
        "type": "Point"
      },
      "properties": {
        "chainage_m": 18038.1,
        "civil_class": "station",
        "investigation_flags": [
          "fine-soil-plasticity-and-shrink-swell-tests",
          "granular-density-and-groundwater-tests"
        ],
        "lat": 21.44398737,
        "line": "line-1",
        "lon": 40.50319024,
        "sample_id": "station:line-1-0513-0502-s018038",
        "scope_id": "line-1-0513-0502-s018038",
        "scope_type": "station"
      },
      "type": "Feature"
    },
    {
      "geometry": {
        "coordinates": [
          40.51148991,
          21.43660876
        ],
        "type": "Point"
      },
      "properties": {
        "chainage_m": 16686.1,
        "civil_class": "station",
        "investigation_flags": [
          "granular-density-and-groundwater-tests"
        ],
        "lat": 21.43660876,
        "line": "line-1",
        "lon": 40.51148991,
        "sample_id": "station:line-1-0554-0545-s016686",
        "scope_id": "line-1-0554-0545-s016686",
        "scope_type": "station"
      },
      "type": "Feature"
    },
    {
      "geometry": {
        "coordinates": [
          40.52114068,
          21.42833032
        ],
        "type": "Point"
      },
      "properties": {
        "chainage_m": 15187.9,
        "civil_class": "station",
        "investigation_flags": [
          "fine-soil-plasticity-and-shrink-swell-tests",
          "granular-density-and-groundwater-tests"
        ],
        "lat": 21.42833032,
        "line": "line-1",
        "lon": 40.52114068,
        "sample_id": "station:line-1-0600-0595-s015188",
        "scope_id": "line-1-0600-0595-s015188",
        "scope_type": "station"
      },
      "type": "Feature"
    },
    {
      "geometry": {
        "coordinates": [
          40.53117748,
          21.41951197
        ],
        "type": "Point"
      },
      "properties": {
        "chainage_m": 13601.4,
        "civil_class": "station",
        "investigation_flags": [
          "fine-soil-plasticity-and-shrink-swell-tests",
          "granular-density-and-groundwater-tests"
        ],
        "lat": 21.41951197,
        "line": "line-1",
        "lon": 40.53117748,
        "sample_id": "station:line-1-0649-0647-s013601",
        "scope_id": "line-1-0649-0647-s013601",
        "scope_type": "station"
      },
      "type": "Feature"
    },
    {
      "geometry": {
        "coordinates": [
          40.54121428,
          21.4108736
        ],
        "type": "Point"
      },
      "properties": {
        "chainage_m": 11999.7,
        "civil_class": "station",
        "investigation_flags": [
          "coverage-gap"
        ],
        "lat": 21.4108736,
        "line": "line-1",
        "lon": 40.54121428,
        "sample_id": "station:line-1-0697-0699-s012000",
        "scope_id": "line-1-0697-0699-s012000",
        "scope_type": "station"
      },
      "type": "Feature"
    },
    {
      "geometry": {
        "coordinates": [
          40.55105807,
          21.40205526
        ],
        "type": "Point"
      },
      "properties": {
        "chainage_m": 10398.0,
        "civil_class": "station",
        "investigation_flags": [
          "fine-soil-plasticity-and-shrink-swell-tests",
          "granular-density-and-groundwater-tests"
        ],
        "lat": 21.40205526,
        "line": "line-1",
        "lon": 40.55105807,
        "sample_id": "station:line-1-0746-0750-s010398",
        "scope_id": "line-1-0746-0750-s010398",
        "scope_type": "station"
      },
      "type": "Feature"
    },
    {
      "geometry": {
        "coordinates": [
          40.56128788,
          21.39323691
        ],
        "type": "Point"
      },
      "properties": {
        "chainage_m": 8803.2,
        "civil_class": "station",
        "investigation_flags": [
          "coverage-gap"
        ],
        "lat": 21.39323691,
        "line": "line-1",
        "lon": 40.56128788,
        "sample_id": "station:line-1-0795-0803-s008803",
        "scope_id": "line-1-0795-0803-s008803",
        "scope_type": "station"
      },
      "type": "Feature"
    },
    {
      "geometry": {
        "coordinates": [
          40.57132468,
          21.38459854
        ],
        "type": "Point"
      },
      "properties": {
        "chainage_m": 7201.6,
        "civil_class": "station",
        "investigation_flags": [
          "coverage-gap"
        ],
        "lat": 21.38459854,
        "line": "line-1",
        "lon": 40.57132468,
        "sample_id": "station:line-1-0843-0855-s007202",
        "scope_id": "line-1-0843-0855-s007202",
        "scope_type": "station"
      },
      "type": "Feature"
    },
    {
      "geometry": {
        "coordinates": [
          40.5815545,
          21.37829972
        ],
        "type": "Point"
      },
      "properties": {
        "chainage_m": 5593.9,
        "civil_class": "station",
        "investigation_flags": [
          "fine-soil-plasticity-and-shrink-swell-tests",
          "granular-density-and-groundwater-tests"
        ],
        "lat": 21.37829972,
        "line": "line-1",
        "lon": 40.5815545,
        "sample_id": "station:line-1-0878-0908-s005594",
        "scope_id": "line-1-0878-0908-s005594",
        "scope_type": "station"
      },
      "type": "Feature"
    },
    {
      "geometry": {
        "coordinates": [
          40.60355826,
          21.37668003
        ],
        "type": "Point"
      },
      "properties": {
        "chainage_m": 2400.5,
        "civil_class": "station",
        "investigation_flags": [
          "coverage-gap"
        ],
        "lat": 21.37668003,
        "line": "line-1",
        "lon": 40.60355826,
        "sample_id": "station:line-1-0887-1022-s002400",
        "scope_id": "line-1-0887-1022-s002400",
        "scope_type": "station"
      },
      "type": "Feature"
    },
    {
      "geometry": {
        "coordinates": [
          40.59236336,
          21.37488037
        ],
        "type": "Point"
      },
      "properties": {
        "chainage_m": 3999.3,
        "civil_class": "station",
        "investigation_flags": [
          "coverage-gap"
        ],
        "lat": 21.37488037,
        "line": "line-1",
        "lon": 40.59236336,
        "sample_id": "station:line-1-0897-0964-s003999",
        "scope_id": "line-1-0897-0964-s003999",
        "scope_type": "station"
      },
      "type": "Feature"
    },
    {
      "geometry": {
        "coordinates": [
          40.61861346,
          21.36732179
        ],
        "type": "Point"
      },
      "properties": {
        "chainage_m": 0.0,
        "civil_class": "station",
        "investigation_flags": [
          "coverage-gap"
        ],
        "lat": 21.36732179,
        "line": "line-1",
        "lon": 40.61861346,
        "sample_id": "station:line-1-0939-1100-s000000",
        "scope_id": "line-1-0939-1100-s000000",
        "scope_type": "station"
      },
      "type": "Feature"
    },
    {
      "geometry": {
        "coordinates": [
          40.50994578,
          21.37883962
        ],
        "type": "Point"
      },
      "properties": {
        "chainage_m": 0.0,
        "civil_class": "station",
        "investigation_flags": [
          "fine-soil-plasticity-and-shrink-swell-tests",
          "granular-density-and-groundwater-tests"
        ],
        "lat": 21.37883962,
        "line": "line-10",
        "lon": 40.50994578,
        "sample_id": "station:line-10-0875-0537-s000000",
        "scope_id": "line-10-0875-0537-s000000",
        "scope_type": "station"
      },
      "type": "Feature"
    },
    {
      "geometry": {
        "coordinates": [
          40.49122329,
          21.3630026
        ],
        "type": "Point"
      },
      "properties": {
        "chainage_m": 2669.0,
        "civil_class": "station",
        "investigation_flags": [
          "fine-soil-plasticity-and-shrink-swell-tests",
          "granular-density-and-groundwater-tests"
        ],
        "lat": 21.3630026,
        "line": "line-10",
        "lon": 40.49122329,
        "sample_id": "station:line-10-0963-0440-s002669",
        "scope_id": "line-10-0963-0440-s002669",
        "scope_type": "station"
      },
      "type": "Feature"
    },
    {
      "geometry": {
        "coordinates": [
          40.49546963,
          21.3496851
        ],
        "type": "Point"
      },
      "properties": {
        "chainage_m": 4331.3,
        "civil_class": "station",
        "investigation_flags": [
          "fine-soil-plasticity-and-shrink-swell-tests",
          "granular-density-and-groundwater-tests"
        ],
        "lat": 21.3496851,
        "line": "line-10",
        "lon": 40.49546963,
        "sample_id": "station:line-10-1037-0462-s004331",
        "scope_id": "line-10-1037-0462-s004331",
        "scope_type": "station"
      },
      "type": "Feature"
    },
    {
      "geometry": {
        "coordinates": [
          40.4825376,
          21.34086676
        ],
        "type": "Point"
      },
      "properties": {
        "chainage_m": 6077.2,
        "civil_class": "station",
        "investigation_flags": [
          "granular-density-and-groundwater-tests"
        ],
        "lat": 21.34086676,
        "line": "line-10",
        "lon": 40.4825376,
        "sample_id": "station:line-10-1086-0395-s006077",
        "scope_id": "line-10-1086-0395-s006077",
        "scope_type": "station"
      },
      "type": "Feature"
    },
    {
      "geometry": {
        "coordinates": [
          40.50048803,
          21.46666311
        ],
        "type": "Point"
      },
      "properties": {
        "chainage_m": 2400.0,
        "civil_class": "station",
        "investigation_flags": [
          "fine-soil-plasticity-and-shrink-swell-tests",
          "granular-density-and-groundwater-tests"
        ],
        "lat": 21.46666311,
        "line": "line-11",
        "lon": 40.50048803,
        "sample_id": "station:line-11-0387-0488-s002400",
        "scope_id": "line-11-0387-0488-s002400",
        "scope_type": "station"
      },
      "type": "Feature"
    },
    {
      "geometry": {
        "coordinates": [
          40.48910012,
          21.45640504
        ],
        "type": "Point"
      },
      "properties": {
        "chainage_m": 0.0,
        "civil_class": "station",
        "investigation_flags": [
          "fine-soil-plasticity-and-shrink-swell-tests",
          "granular-density-and-groundwater-tests"
        ],
        "lat": 21.45640504,
        "line": "line-11",
        "lon": 40.48910012,
        "sample_id": "station:line-11-0444-0429-s000000",
        "scope_id": "line-11-0444-0429-s000000",
        "scope_type": "station"
      },
      "type": "Feature"
    },
    {
      "geometry": {
        "coordinates": [
          40.52538702,
          21.46486345
        ],
        "type": "Point"
      },
      "properties": {
        "chainage_m": 3220.0,
        "civil_class": "station",
        "investigation_flags": [
          "fine-soil-plasticity-and-shrink-swell-tests",
          "granular-density-and-groundwater-tests"
        ],
        "lat": 21.46486345,
        "line": "line-12",
        "lon": 40.52538702,
        "sample_id": "station:line-12-0397-0617-s003220",
        "scope_id": "line-12-0397-0617-s003220",
        "scope_type": "station"
      },
      "type": "Feature"
    },
    {
      "geometry": {
        "coordinates": [
          40.51535022,
          21.45964443
        ],
        "type": "Point"
      },
      "properties": {
        "chainage_m": 1600.0,
        "civil_class": "station",
        "investigation_flags": [
          "fine-soil-plasticity-and-shrink-swell-tests",
          "granular-density-and-groundwater-tests"
        ],
        "lat": 21.45964443,
        "line": "line-12",
        "lon": 40.51535022,
        "sample_id": "station:line-12-0426-0565-s001600",
        "scope_id": "line-12-0426-0565-s001600",
        "scope_type": "station"
      },
      "type": "Feature"
    },
    {
      "geometry": {
        "coordinates": [
          40.51689434,
          21.45028619
        ],
        "type": "Point"
      },
      "properties": {
        "chainage_m": 0.0,
        "civil_class": "station",
        "investigation_flags": [
          "fine-soil-plasticity-and-shrink-swell-tests",
          "granular-density-and-groundwater-tests"
        ],
        "lat": 21.45028619,
        "line": "line-12",
        "lon": 40.51689434,
        "sample_id": "station:line-12-0478-0573-s000000",
        "scope_id": "line-12-0478-0573-s000000",
        "scope_type": "station"
      },
      "type": "Feature"
    },
    {
      "geometry": {
        "coordinates": [
          40.42791423,
          21.46666311
        ],
        "type": "Point"
      },
      "properties": {
        "chainage_m": 2687.1,
        "civil_class": "station",
        "investigation_flags": [
          "fine-soil-plasticity-and-shrink-swell-tests",
          "granular-density-and-groundwater-tests"
        ],
        "lat": 21.46666311,
        "line": "line-13",
        "lon": 40.42791423,
        "sample_id": "station:line-13-0387-0112-s002687",
        "scope_id": "line-13-0387-0112-s002687",
        "scope_type": "station"
      },
      "type": "Feature"
    },
    {
      "geometry": {
        "coordinates": [
          40.45184814,
          21.46216396
        ],
        "type": "Point"
      },
      "properties": {
        "chainage_m": 0.0,
        "civil_class": "station",
        "investigation_flags": [
          "fine-soil-plasticity-and-shrink-swell-tests",
          "granular-density-and-groundwater-tests"
        ],
        "lat": 21.46216396,
        "line": "line-13",
        "lon": 40.45184814,
        "sample_id": "station:line-13-0412-0236-s000000",
        "scope_id": "line-13-0412-0236-s000000",
        "scope_type": "station"
      },
      "type": "Feature"
    },
    {
      "geometry": {
        "coordinates": [
          40.45184814,
          21.46216396
        ],
        "type": "Point"
      },
      "properties": {
        "chainage_m": 12367.6,
        "civil_class": "station",
        "investigation_flags": [
          "fine-soil-plasticity-and-shrink-swell-tests",
          "granular-density-and-groundwater-tests"
        ],
        "lat": 21.46216396,
        "line": "line-2",
        "lon": 40.45184814,
        "sample_id": "station:line-2-0412-0236-s012368",
        "scope_id": "line-2-0412-0236-s012368",
        "scope_type": "station"
      },
      "type": "Feature"
    },
    {
      "geometry": {
        "coordinates": [
          40.46593827,
          21.44218771
        ],
        "type": "Point"
      },
      "properties": {
        "chainage_m": 9402.3,
        "civil_class": "station",
        "investigation_flags": [
          "fine-soil-plasticity-and-shrink-swell-tests",
          "granular-density-and-groundwater-tests"
        ],
        "lat": 21.44218771,
        "line": "line-2",
        "lon": 40.46593827,
        "sample_id": "station:line-2-0523-0309-s009402",
        "scope_id": "line-2-0523-0309-s009402",
        "scope_type": "station"
      },
      "type": "Feature"
    },
    {
      "geometry": {
        "coordinates": [
          40.4738519,
          21.43066988
        ],
        "type": "Point"
      },
      "properties": {
        "chainage_m": 7688.9,
        "civil_class": "station",
        "investigation_flags": [
          "fine-soil-plasticity-and-shrink-swell-tests",
          "granular-density-and-groundwater-tests"
        ],
        "lat": 21.43066988,
        "line": "line-2",
        "lon": 40.4738519,
        "sample_id": "station:line-2-0587-0350-s007689",
        "scope_id": "line-2-0587-0350-s007689",
        "scope_type": "station"
      },
      "type": "Feature"
    },
    {
      "geometry": {
        "coordinates": [
          40.48369569,
          21.41645255
        ],
        "type": "Point"
      },
      "properties": {
        "chainage_m": 5604.4,
        "civil_class": "station",
        "investigation_flags": [
          "fine-soil-plasticity-and-shrink-swell-tests",
          "granular-density-and-groundwater-tests"
        ],
        "lat": 21.41645255,
        "line": "line-2",
        "lon": 40.48369569,
        "sample_id": "station:line-2-0666-0401-s005604",
        "scope_id": "line-2-0666-0401-s005604",
        "scope_type": "station"
      },
      "type": "Feature"
    },
    {
      "geometry": {
        "coordinates": [
          40.49122329,
          21.40565458
        ],
        "type": "Point"
      },
      "properties": {
        "chainage_m": 4011.0,
        "civil_class": "station",
        "investigation_flags": [
          "fine-soil-plasticity-and-shrink-swell-tests",
          "granular-density-and-groundwater-tests"
        ],
        "lat": 21.40565458,
        "line": "line-2",
        "lon": 40.49122329,
        "sample_id": "station:line-2-0726-0440-s004011",
        "scope_id": "line-2-0726-0440-s004011",
        "scope_type": "station"
      },
      "type": "Feature"
    },
    {
      "geometry": {
        "coordinates": [
          40.50048803,
          21.39233708
        ],
        "type": "Point"
      },
      "properties": {
        "chainage_m": 2027.9,
        "civil_class": "station",
        "investigation_flags": [
          "coverage-gap"
        ],
        "lat": 21.39233708,
        "line": "line-2",
        "lon": 40.50048803,
        "sample_id": "station:line-2-0800-0488-s002028",
        "scope_id": "line-2-0800-0488-s002028",
        "scope_type": "station"
      },
      "type": "Feature"
    },
    {
      "geometry": {
        "coordinates": [
          40.50280421,
          21.38927766
        ],
        "type": "Point"
      },
      "properties": {
        "chainage_m": 1553.4,
        "civil_class": "station",
        "investigation_flags": [
          "fine-soil-plasticity-and-shrink-swell-tests",
          "granular-density-and-groundwater-tests"
        ],
        "lat": 21.38927766,
        "line": "line-2",
        "lon": 40.50280421,
        "sample_id": "station:line-2-0817-0500-s001553",
        "scope_id": "line-2-0817-0500-s001553",
        "scope_type": "station"
      },
      "type": "Feature"
    },
    {
      "geometry": {
        "coordinates": [
          40.5101388,
          21.37865966
        ],
        "type": "Point"
      },
      "properties": {
        "chainage_m": 0.0,
        "civil_class": "station",
        "investigation_flags": [
          "fine-soil-plasticity-and-shrink-swell-tests",
          "granular-density-and-groundwater-tests"
        ],
        "lat": 21.37865966,
        "line": "line-2",
        "lon": 40.5101388,
        "sample_id": "station:line-2-0876-0538-s000000",
        "scope_id": "line-2-0876-0538-s000000",
        "scope_type": "station"
      },
      "type": "Feature"
    },
    {
      "geometry": {
        "coordinates": [
          40.57479896,
          21.47710115
        ],
        "type": "Point"
      },
      "properties": {
        "chainage_m": 2394.8,
        "civil_class": "station",
        "investigation_flags": [
          "fine-soil-plasticity-and-shrink-swell-tests",
          "granular-density-and-groundwater-tests"
        ],
        "lat": 21.47710115,
        "line": "line-3",
        "lon": 40.57479896,
        "sample_id": "station:line-3-0329-0873-s002395",
        "scope_id": "line-3-0329-0873-s002395",
        "scope_type": "station"
      },
      "type": "Feature"
    },
    {
      "geometry": {
        "coordinates": [
          40.58695893,
          21.47260199
        ],
        "type": "Point"
      },
      "properties": {
        "chainage_m": 0.0,
        "civil_class": "station",
        "investigation_flags": [
          "coverage-gap"
        ],
        "lat": 21.47260199,
        "line": "line-3",
        "lon": 40.58695893,
        "sample_id": "station:line-3-0354-0936-s000000",
        "scope_id": "line-3-0354-0936-s000000",
        "scope_type": "station"
      },
      "type": "Feature"
    },
    {
      "geometry": {
        "coordinates": [
          40.56225296,
          21.47080233
        ],
        "type": "Point"
      },
      "properties": {
        "chainage_m": 4008.2,
        "civil_class": "station",
        "investigation_flags": [
          "fine-soil-plasticity-and-shrink-swell-tests",
          "granular-density-and-groundwater-tests"
        ],
        "lat": 21.47080233,
        "line": "line-3",
        "lon": 40.56225296,
        "sample_id": "station:line-3-0364-0808-s004008",
        "scope_id": "line-3-0364-0808-s004008",
        "scope_type": "station"
      },
      "type": "Feature"
    },
    {
      "geometry": {
        "coordinates": [
          40.54970696,
          21.46522338
        ],
        "type": "Point"
      },
      "properties": {
        "chainage_m": 5600.1,
        "civil_class": "station",
        "investigation_flags": [
          "fine-soil-plasticity-and-shrink-swell-tests",
          "granular-density-and-groundwater-tests"
        ],
        "lat": 21.46522338,
        "line": "line-3",
        "lon": 40.54970696,
        "sample_id": "station:line-3-0395-0743-s005600",
        "scope_id": "line-3-0395-0743-s005600",
        "scope_type": "station"
      },
      "type": "Feature"
    },
    {
      "geometry": {
        "coordinates": [
          40.53716096,
          21.45946446
        ],
        "type": "Point"
      },
      "properties": {
        "chainage_m": 7200.4,
        "civil_class": "station",
        "investigation_flags": [
          "fine-soil-plasticity-and-shrink-swell-tests",
          "granular-density-and-groundwater-tests"
        ],
        "lat": 21.45946446,
        "line": "line-3",
        "lon": 40.53716096,
        "sample_id": "station:line-3-0427-0678-s007200",
        "scope_id": "line-3-0427-0678-s007200",
        "scope_type": "station"
      },
      "type": "Feature"
    },
    {
      "geometry": {
        "coordinates": [
          40.51689434,
          21.45028619
        ],
        "type": "Point"
      },
      "properties": {
        "chainage_m": 9769.7,
        "civil_class": "station",
        "investigation_flags": [
          "fine-soil-plasticity-and-shrink-swell-tests",
          "granular-density-and-groundwater-tests"
        ],
        "lat": 21.45028619,
        "line": "line-3",
        "lon": 40.51689434,
        "sample_id": "station:line-3-0478-0573-s009770",
        "scope_id": "line-3-0478-0573-s009770",
        "scope_type": "station"
      },
      "type": "Feature"
    },
    {
      "geometry": {
        "coordinates": [
          40.50319024,
          21.44398737
        ],
        "type": "Point"
      },
      "properties": {
        "chainage_m": 11503.1,
        "civil_class": "station",
        "investigation_flags": [
          "fine-soil-plasticity-and-shrink-swell-tests",
          "granular-density-and-groundwater-tests"
        ],
        "lat": 21.44398737,
        "line": "line-3",
        "lon": 40.50319024,
        "sample_id": "station:line-3-0513-0502-s011503",
        "scope_id": "line-3-0513-0502-s011503",
        "scope_type": "station"
      },
      "type": "Feature"
    },
    {
      "geometry": {
        "coordinates": [
          40.48678393,
          21.43642879
        ],
        "type": "Point"
      },
      "properties": {
        "chainage_m": 13597.9,
        "civil_class": "station",
        "investigation_flags": [
          "fine-soil-plasticity-and-shrink-swell-tests",
          "granular-density-and-groundwater-tests"
        ],
        "lat": 21.43642879,
        "line": "line-3",
        "lon": 40.48678393,
        "sample_id": "station:line-3-0555-0417-s013598",
        "scope_id": "line-3-0555-0417-s013598",
        "scope_type": "station"
      },
      "type": "Feature"
    },
    {
      "geometry": {
        "coordinates": [
          40.47423793,
          21.43084984
        ],
        "type": "Point"
      },
      "properties": {
        "chainage_m": 15189.9,
        "civil_class": "station",
        "investigation_flags": [
          "fine-soil-plasticity-and-shrink-swell-tests",
          "granular-density-and-groundwater-tests"
        ],
        "lat": 21.43084984,
        "line": "line-3",
        "lon": 40.47423793,
        "sample_id": "station:line-3-0586-0352-s015190",
        "scope_id": "line-3-0586-0352-s015190",
        "scope_type": "station"
      },
      "type": "Feature"
    },
    {
      "geometry": {
        "coordinates": [
          40.45802464,
          21.42347123
        ],
        "type": "Point"
      },
      "properties": {
        "chainage_m": 17256.4,
        "civil_class": "station",
        "investigation_flags": [
          "fine-soil-plasticity-and-shrink-swell-tests",
          "granular-density-and-groundwater-tests"
        ],
        "lat": 21.42347123,
        "line": "line-3",
        "lon": 40.45802464,
        "sample_id": "station:line-3-0627-0268-s017256",
        "scope_id": "line-3-0627-0268-s017256",
        "scope_type": "station"
      },
      "type": "Feature"
    },
    {
      "geometry": {
        "coordinates": [
          40.44509261,
          21.41789228
        ],
        "type": "Point"
      },
      "properties": {
        "chainage_m": 18876.7,
        "civil_class": "station",
        "investigation_flags": [
          "coverage-gap"
        ],
        "lat": 21.41789228,
        "line": "line-3",
        "lon": 40.44509261,
        "sample_id": "station:line-3-0658-0201-s018877",
        "scope_id": "line-3-0658-0201-s018877",
        "scope_type": "station"
      },
      "type": "Feature"
    },
    {
      "geometry": {
        "coordinates": [
          40.49045123,
          21.50247638
        ],
        "type": "Point"
      },
      "properties": {
        "chainage_m": 4950.7,
        "civil_class": "station",
        "investigation_flags": [
          "fine-soil-plasticity-and-shrink-swell-tests",
          "granular-density-and-groundwater-tests"
        ],
        "lat": 21.50247638,
        "line": "line-4",
        "lon": 40.49045123,
        "sample_id": "station:line-4-0188-0436-s004951",
        "scope_id": "line-4-0188-0436-s004951",
        "scope_type": "station"
      },
      "type": "Feature"
    },
    {
      "geometry": {
        "coordinates": [
          40.49546963,
          21.48915888
        ],
        "type": "Point"
      },
      "properties": {
        "chainage_m": 3255.3,
        "civil_class": "station",
        "investigation_flags": [
          "fine-soil-plasticity-and-shrink-swell-tests",
          "granular-density-and-groundwater-tests"
        ],
        "lat": 21.48915888,
        "line": "line-4",
        "lon": 40.49546963,
        "sample_id": "station:line-4-0262-0462-s003255",
        "scope_id": "line-4-0262-0462-s003255",
        "scope_type": "station"
      },
      "type": "Feature"
    },
    {
      "geometry": {
        "coordinates": [
          40.48581886,
          21.47548145
        ],
        "type": "Point"
      },
      "properties": {
        "chainage_m": 1321.1,
        "civil_class": "station",
        "investigation_flags": [
          "fine-soil-plasticity-and-shrink-swell-tests",
          "granular-density-and-groundwater-tests"
        ],
        "lat": 21.47548145,
        "line": "line-4",
        "lon": 40.48581886,
        "sample_id": "station:line-4-0338-0412-s001321",
        "scope_id": "line-4-0338-0412-s001321",
        "scope_type": "station"
      },
      "type": "Feature"
    },
    {
      "geometry": {
        "coordinates": [
          40.47674713,
          21.46720301
        ],
        "type": "Point"
      },
      "properties": {
        "chainage_m": 0.0,
        "civil_class": "station",
        "investigation_flags": [
          "fine-soil-plasticity-and-shrink-swell-tests",
          "granular-density-and-groundwater-tests"
        ],
        "lat": 21.46720301,
        "line": "line-4",
        "lon": 40.47674713,
        "sample_id": "station:line-4-0384-0365-s000000",
        "scope_id": "line-4-0384-0365-s000000",
        "scope_type": "station"
      },
      "type": "Feature"
    },
    {
      "geometry": {
        "coordinates": [
          40.50048803,
          21.39233708
        ],
        "type": "Point"
      },
      "properties": {
        "chainage_m": 0.0,
        "civil_class": "station",
        "investigation_flags": [
          "coverage-gap"
        ],
        "lat": 21.39233708,
        "line": "line-5",
        "lon": 40.50048803,
        "sample_id": "station:line-5-0800-0488-s000000",
        "scope_id": "line-5-0800-0488-s000000",
        "scope_type": "station"
      },
      "type": "Feature"
    },
    {
      "geometry": {
        "coordinates": [
          40.48369569,
          21.37793979
        ],
        "type": "Point"
      },
      "properties": {
        "chainage_m": 2402.7,
        "civil_class": "station",
        "investigation_flags": [
          "fine-soil-plasticity-and-shrink-swell-tests",
          "granular-density-and-groundwater-tests"
        ],
        "lat": 21.37793979,
        "line": "line-5",
        "lon": 40.48369569,
        "sample_id": "station:line-5-0880-0401-s002403",
        "scope_id": "line-5-0880-0401-s002403",
        "scope_type": "station"
      },
      "type": "Feature"
    },
    {
      "geometry": {
        "coordinates": [
          40.46671033,
          21.37200091
        ],
        "type": "Point"
      },
      "properties": {
        "chainage_m": 4436.1,
        "civil_class": "station",
        "investigation_flags": [
          "fine-soil-plasticity-and-shrink-swell-tests",
          "granular-density-and-groundwater-tests"
        ],
        "lat": 21.37200091,
        "line": "line-5",
        "lon": 40.46671033,
        "sample_id": "station:line-5-0913-0313-s004436",
        "scope_id": "line-5-0913-0313-s004436",
        "scope_type": "station"
      },
      "type": "Feature"
    },
    {
      "geometry": {
        "coordinates": [
          40.45744559,
          21.35922331
        ],
        "type": "Point"
      },
      "properties": {
        "chainage_m": 6253.8,
        "civil_class": "station",
        "investigation_flags": [
          "fine-soil-plasticity-and-shrink-swell-tests",
          "granular-density-and-groundwater-tests"
        ],
        "lat": 21.35922331,
        "line": "line-5",
        "lon": 40.45744559,
        "sample_id": "station:line-5-0984-0265-s006254",
        "scope_id": "line-5-0984-0265-s006254",
        "scope_type": "station"
      },
      "type": "Feature"
    },
    {
      "geometry": {
        "coordinates": [
          40.43795104,
          21.34950514
        ],
        "type": "Point"
      },
      "properties": {
        "chainage_m": 9732.8,
        "civil_class": "station",
        "investigation_flags": [
          "fine-soil-plasticity-and-shrink-swell-tests",
          "granular-density-and-groundwater-tests"
        ],
        "lat": 21.34950514,
        "line": "line-5",
        "lon": 40.43795104,
        "sample_id": "station:line-5-1038-0164-s009733",
        "scope_id": "line-5-1038-0164-s009733",
        "scope_type": "station"
      },
      "type": "Feature"
    },
    {
      "geometry": {
        "coordinates": [
          40.45204116,
          21.34500598
        ],
        "type": "Point"
      },
      "properties": {
        "chainage_m": 8065.7,
        "civil_class": "station",
        "investigation_flags": [
          "fine-soil-plasticity-and-shrink-swell-tests",
          "granular-density-and-groundwater-tests"
        ],
        "lat": 21.34500598,
        "line": "line-5",
        "lon": 40.45204116,
        "sample_id": "station:line-5-1063-0237-s008066",
        "scope_id": "line-5-1063-0237-s008066",
        "scope_type": "station"
      },
      "type": "Feature"
    },
    {
      "geometry": {
        "coordinates": [
          40.43795104,
          21.44830656
        ],
        "type": "Point"
      },
      "properties": {
        "chainage_m": 3621.6,
        "civil_class": "station",
        "investigation_flags": [
          "fine-soil-plasticity-and-shrink-swell-tests",
          "granular-density-and-groundwater-tests"
        ],
        "lat": 21.44830656,
        "line": "line-6",
        "lon": 40.43795104,
        "sample_id": "station:line-6-0489-0164-s003622",
        "scope_id": "line-6-0489-0164-s003622",
        "scope_type": "station"
      },
      "type": "Feature"
    },
    {
      "geometry": {
        "coordinates": [
          40.42289583,
          21.43948822
        ],
        "type": "Point"
      },
      "properties": {
        "chainage_m": 5587.5,
        "civil_class": "station",
        "investigation_flags": [
          "granular-density-and-groundwater-tests"
        ],
        "lat": 21.43948822,
        "line": "line-6",
        "lon": 40.42289583,
        "sample_id": "station:line-6-0538-0086-s005587",
        "scope_id": "line-6-0538-0086-s005587",
        "scope_type": "station"
      },
      "type": "Feature"
    },
    {
      "geometry": {
        "coordinates": [
          40.45204116,
          21.43498907
        ],
        "type": "Point"
      },
      "properties": {
        "chainage_m": 1536.8,
        "civil_class": "station",
        "investigation_flags": [
          "fine-soil-plasticity-and-shrink-swell-tests",
          "granular-density-and-groundwater-tests"
        ],
        "lat": 21.43498907,
        "line": "line-6",
        "lon": 40.45204116,
        "sample_id": "station:line-6-0563-0237-s001537",
        "scope_id": "line-6-0563-0237-s001537",
        "scope_type": "station"
      },
      "type": "Feature"
    },
    {
      "geometry": {
        "coordinates": [
          40.45802464,
          21.42347123
        ],
        "type": "Point"
      },
      "properties": {
        "chainage_m": 0.0,
        "civil_class": "station",
        "investigation_flags": [
          "fine-soil-plasticity-and-shrink-swell-tests",
          "granular-density-and-groundwater-tests"
        ],
        "lat": 21.42347123,
        "line": "line-6",
        "lon": 40.45802464,
        "sample_id": "station:line-6-0627-0268-s000000",
        "scope_id": "line-6-0627-0268-s000000",
        "scope_type": "station"
      },
      "type": "Feature"
    },
    {
      "geometry": {
        "coordinates": [
          40.50029501,
          21.41699245
        ],
        "type": "Point"
      },
      "properties": {
        "chainage_m": 5578.1,
        "civil_class": "station",
        "investigation_flags": [
          "fine-soil-plasticity-and-shrink-swell-tests",
          "granular-density-and-groundwater-tests"
        ],
        "lat": 21.41699245,
        "line": "line-7",
        "lon": 40.50029501,
        "sample_id": "station:line-7-0663-0487-s005578",
        "scope_id": "line-7-0663-0487-s005578",
        "scope_type": "station"
      },
      "type": "Feature"
    },
    {
      "geometry": {
        "coordinates": [
          40.51457815,
          21.41249329
        ],
        "type": "Point"
      },
      "properties": {
        "chainage_m": 3891.0,
        "civil_class": "station",
        "investigation_flags": [
          "fine-soil-plasticity-and-shrink-swell-tests",
          "granular-density-and-groundwater-tests"
        ],
        "lat": 21.41249329,
        "line": "line-7",
        "lon": 40.51457815,
        "sample_id": "station:line-7-0688-0561-s003891",
        "scope_id": "line-7-0688-0561-s003891",
        "scope_type": "station"
      },
      "type": "Feature"
    },
    {
      "geometry": {
        "coordinates": [
          40.51959655,
          21.3991758
        ],
        "type": "Point"
      },
      "properties": {
        "chainage_m": 2195.6,
        "civil_class": "station",
        "investigation_flags": [
          "coverage-gap"
        ],
        "lat": 21.3991758,
        "line": "line-7",
        "lon": 40.51959655,
        "sample_id": "station:line-7-0762-0587-s002196",
        "scope_id": "line-7-0762-0587-s002196",
        "scope_type": "station"
      },
      "type": "Feature"
    },
    {
      "geometry": {
        "coordinates": [
          40.50280421,
          21.38927766
        ],
        "type": "Point"
      },
      "properties": {
        "chainage_m": 0.0,
        "civil_class": "station",
        "investigation_flags": [
          "fine-soil-plasticity-and-shrink-swell-tests",
          "granular-density-and-groundwater-tests"
        ],
        "lat": 21.38927766,
        "line": "line-7",
        "lon": 40.50280421,
        "sample_id": "station:line-7-0817-0500-s000000",
        "scope_id": "line-7-0817-0500-s000000",
        "scope_type": "station"
      },
      "type": "Feature"
    },
    {
      "geometry": {
        "coordinates": [
          40.48697695,
          21.45802473
        ],
        "type": "Point"
      },
      "properties": {
        "chainage_m": 2909.0,
        "civil_class": "station",
        "investigation_flags": [
          "fine-soil-plasticity-and-shrink-swell-tests",
          "granular-density-and-groundwater-tests"
        ],
        "lat": 21.45802473,
        "line": "line-8",
        "lon": 40.48697695,
        "sample_id": "station:line-8-0435-0418-s002909",
        "scope_id": "line-8-0435-0418-s002909",
        "scope_type": "station"
      },
      "type": "Feature"
    },
    {
      "geometry": {
        "coordinates": [
          40.4763611,
          21.44830656
        ],
        "type": "Point"
      },
      "properties": {
        "chainage_m": 1361.7,
        "civil_class": "station",
        "investigation_flags": [
          "fine-soil-plasticity-and-shrink-swell-tests",
          "granular-density-and-groundwater-tests"
        ],
        "lat": 21.44830656,
        "line": "line-8",
        "lon": 40.4763611,
        "sample_id": "station:line-8-0489-0363-s001362",
        "scope_id": "line-8-0489-0363-s001362",
        "scope_type": "station"
      },
      "type": "Feature"
    },
    {
      "geometry": {
        "coordinates": [
          40.46593827,
          21.44218771
        ],
        "type": "Point"
      },
      "properties": {
        "chainage_m": 0.0,
        "civil_class": "station",
        "investigation_flags": [
          "fine-soil-plasticity-and-shrink-swell-tests",
          "granular-density-and-groundwater-tests"
        ],
        "lat": 21.44218771,
        "line": "line-8",
        "lon": 40.46593827,
        "sample_id": "station:line-8-0523-0309-s000000",
        "scope_id": "line-8-0523-0309-s000000",
        "scope_type": "station"
      },
      "type": "Feature"
    },
    {
      "geometry": {
        "coordinates": [
          40.48118649,
          21.51579387
        ],
        "type": "Point"
      },
      "properties": {
        "chainage_m": 8037.9,
        "civil_class": "station",
        "investigation_flags": [
          "fine-soil-plasticity-and-shrink-swell-tests",
          "granular-density-and-groundwater-tests"
        ],
        "lat": 21.51579387,
        "line": "line-9",
        "lon": 40.48118649,
        "sample_id": "station:line-9-0114-0388-s008038",
        "scope_id": "line-9-0114-0388-s008038",
        "scope_type": "station"
      },
      "type": "Feature"
    },
    {
      "geometry": {
        "coordinates": [
          40.50531341,
          21.51165465
        ],
        "type": "Point"
      },
      "properties": {
        "chainage_m": 10728.5,
        "civil_class": "station",
        "investigation_flags": [
          "fine-soil-plasticity-and-shrink-swell-tests",
          "granular-density-and-groundwater-tests"
        ],
        "lat": 21.51165465,
        "line": "line-9",
        "lon": 40.50531341,
        "sample_id": "station:line-9-0137-0513-s010728",
        "scope_id": "line-9-0137-0513-s010728",
        "scope_type": "station"
      },
      "type": "Feature"
    },
    {
      "geometry": {
        "coordinates": [
          40.46458716,
          21.50049675
        ],
        "type": "Point"
      },
      "properties": {
        "chainage_m": 5602.1,
        "civil_class": "station",
        "investigation_flags": [
          "fine-soil-plasticity-and-shrink-swell-tests",
          "granular-density-and-groundwater-tests"
        ],
        "lat": 21.50049675,
        "line": "line-9",
        "lon": 40.46458716,
        "sample_id": "station:line-9-0199-0302-s005602",
        "scope_id": "line-9-0199-0302-s005602",
        "scope_type": "station"
      },
      "type": "Feature"
    },
    {
      "geometry": {
        "coordinates": [
          40.45358528,
          21.49023868
        ],
        "type": "Point"
      },
      "properties": {
        "chainage_m": 3989.8,
        "civil_class": "station",
        "investigation_flags": [
          "fine-soil-plasticity-and-shrink-swell-tests",
          "granular-density-and-groundwater-tests"
        ],
        "lat": 21.49023868,
        "line": "line-9",
        "lon": 40.45358528,
        "sample_id": "station:line-9-0256-0245-s003990",
        "scope_id": "line-9-0256-0245-s003990",
        "scope_type": "station"
      },
      "type": "Feature"
    },
    {
      "geometry": {
        "coordinates": [
          40.44277642,
          21.48016057
        ],
        "type": "Point"
      },
      "properties": {
        "chainage_m": 2405.9,
        "civil_class": "station",
        "investigation_flags": [
          "coverage-gap"
        ],
        "lat": 21.48016057,
        "line": "line-9",
        "lon": 40.44277642,
        "sample_id": "station:line-9-0312-0189-s002406",
        "scope_id": "line-9-0312-0189-s002406",
        "scope_type": "station"
      },
      "type": "Feature"
    },
    {
      "geometry": {
        "coordinates": [
          40.45184814,
          21.46216396
        ],
        "type": "Point"
      },
      "properties": {
        "chainage_m": 0.0,
        "civil_class": "station",
        "investigation_flags": [
          "fine-soil-plasticity-and-shrink-swell-tests",
          "granular-density-and-groundwater-tests"
        ],
        "lat": 21.46216396,
        "line": "line-9",
        "lon": 40.45184814,
        "sample_id": "station:line-9-0412-0236-s000000",
        "scope_id": "line-9-0412-0236-s000000",
        "scope_type": "station"
      },
      "type": "Feature"
    }
  ],
  "type": "FeatureCollection"
}
