ISO-10303-21;
HEADER;
FILE_DESCRIPTION(('Open CASCADE Model'),'2;1');
FILE_NAME('Trainset (metro-4car, 4 cars, cabless)','2026-04-23T08:17:51'
  ,('Author'),('Open CASCADE'),'Open CASCADE STEP processor 7.8',
  'build123d','Unknown');
FILE_SCHEMA(('AUTOMOTIVE_DESIGN { 1 0 10303 214 1 1 1 1 }'));
ENDSEC;
DATA;
#1 = APPLICATION_PROTOCOL_DEFINITION('international standard',
  'automotive_design',2000,#2);
#2 = APPLICATION_CONTEXT(
  'core data for automotive mechanical design processes');
#3 = SHAPE_DEFINITION_REPRESENTATION(#4,#10);
#4 = PRODUCT_DEFINITION_SHAPE('','',#5);
#5 = PRODUCT_DEFINITION('design','',#6,#9);
#6 = PRODUCT_DEFINITION_FORMATION('','',#7);
#7 = PRODUCT('Trainset (metro-4car, 4 cars, cabless)',
  'Trainset (metro-4car, 4 cars, cabless)','',(#8));
#8 = PRODUCT_CONTEXT('',#2,'mechanical');
#9 = PRODUCT_DEFINITION_CONTEXT('part definition',#2,'design');
#10 = SHAPE_REPRESENTATION('',(#11,#15,#19,#23,#27,#31,#35,#39,#43,#47,
    #51,#55,#59,#63,#67),#71);
#11 = AXIS2_PLACEMENT_3D('',#12,#13,#14);
#12 = CARTESIAN_POINT('',(0.,0.,0.));
#13 = DIRECTION('',(0.,0.,1.));
#14 = DIRECTION('',(1.,0.,-0.));
#15 = AXIS2_PLACEMENT_3D('',#16,#17,#18);
#16 = CARTESIAN_POINT('',(0.,0.,0.));
#17 = DIRECTION('',(0.,0.,1.));
#18 = DIRECTION('',(1.,0.,-0.));
#19 = AXIS2_PLACEMENT_3D('',#20,#21,#22);
#20 = CARTESIAN_POINT('',(0.,0.,0.));
#21 = DIRECTION('',(0.,0.,1.));
#22 = DIRECTION('',(1.,0.,-0.));
#23 = AXIS2_PLACEMENT_3D('',#24,#25,#26);
#24 = CARTESIAN_POINT('',(0.,0.,0.));
#25 = DIRECTION('',(0.,0.,1.));
#26 = DIRECTION('',(1.,0.,-0.));
#27 = AXIS2_PLACEMENT_3D('',#28,#29,#30);
#28 = CARTESIAN_POINT('',(0.,0.,0.));
#29 = DIRECTION('',(0.,0.,1.));
#30 = DIRECTION('',(1.,0.,-0.));
#31 = AXIS2_PLACEMENT_3D('',#32,#33,#34);
#32 = CARTESIAN_POINT('',(0.,0.,0.));
#33 = DIRECTION('',(0.,0.,1.));
#34 = DIRECTION('',(1.,0.,-0.));
#35 = AXIS2_PLACEMENT_3D('',#36,#37,#38);
#36 = CARTESIAN_POINT('',(0.,0.,0.));
#37 = DIRECTION('',(0.,0.,1.));
#38 = DIRECTION('',(1.,0.,-0.));
#39 = AXIS2_PLACEMENT_3D('',#40,#41,#42);
#40 = CARTESIAN_POINT('',(0.,0.,0.));
#41 = DIRECTION('',(0.,0.,1.));
#42 = DIRECTION('',(1.,0.,-0.));
#43 = AXIS2_PLACEMENT_3D('',#44,#45,#46);
#44 = CARTESIAN_POINT('',(0.,0.,0.));
#45 = DIRECTION('',(0.,0.,1.));
#46 = DIRECTION('',(1.,0.,-0.));
#47 = AXIS2_PLACEMENT_3D('',#48,#49,#50);
#48 = CARTESIAN_POINT('',(0.,0.,0.));
#49 = DIRECTION('',(0.,0.,1.));
#50 = DIRECTION('',(1.,0.,-0.));
#51 = AXIS2_PLACEMENT_3D('',#52,#53,#54);
#52 = CARTESIAN_POINT('',(0.,0.,0.));
#53 = DIRECTION('',(0.,0.,1.));
#54 = DIRECTION('',(1.,0.,-0.));
#55 = AXIS2_PLACEMENT_3D('',#56,#57,#58);
#56 = CARTESIAN_POINT('',(0.,0.,0.));
#57 = DIRECTION('',(0.,0.,1.));
#58 = DIRECTION('',(1.,0.,-0.));
#59 = AXIS2_PLACEMENT_3D('',#60,#61,#62);
#60 = CARTESIAN_POINT('',(0.,0.,0.));
#61 = DIRECTION('',(0.,0.,1.));
#62 = DIRECTION('',(1.,0.,-0.));
#63 = AXIS2_PLACEMENT_3D('',#64,#65,#66);
#64 = CARTESIAN_POINT('',(0.,0.,0.));
#65 = DIRECTION('',(0.,0.,1.));
#66 = DIRECTION('',(1.,0.,-0.));
#67 = AXIS2_PLACEMENT_3D('',#68,#69,#70);
#68 = CARTESIAN_POINT('',(0.,0.,0.));
#69 = DIRECTION('',(0.,0.,1.));
#70 = DIRECTION('',(1.,0.,-0.));
#71 = ( GEOMETRIC_REPRESENTATION_CONTEXT(3) 
GLOBAL_UNCERTAINTY_ASSIGNED_CONTEXT((#75)) GLOBAL_UNIT_ASSIGNED_CONTEXT(
(#72,#73,#74)) REPRESENTATION_CONTEXT('Context #1',
  '3D Context with UNIT and UNCERTAINTY') );
#72 = ( LENGTH_UNIT() NAMED_UNIT(*) SI_UNIT(.MILLI.,.METRE.) );
#73 = ( NAMED_UNIT(*) PLANE_ANGLE_UNIT() SI_UNIT($,.RADIAN.) );
#74 = ( NAMED_UNIT(*) SI_UNIT($,.STERADIAN.) SOLID_ANGLE_UNIT() );
#75 = UNCERTAINTY_MEASURE_WITH_UNIT(LENGTH_MEASURE(2.E-07),#72,
  'distance_accuracy_value','confusion accuracy');
#76 = PRODUCT_RELATED_PRODUCT_CATEGORY('part',$,(#7));
#77 = SHAPE_DEFINITION_REPRESENTATION(#78,#84);
#78 = PRODUCT_DEFINITION_SHAPE('','',#79);
#79 = PRODUCT_DEFINITION('design','',#80,#83);
#80 = PRODUCT_DEFINITION_FORMATION('','',#81);
#81 = PRODUCT('Nose sensor cowl','Nose sensor cowl','',(#82));
#82 = PRODUCT_CONTEXT('',#2,'mechanical');
#83 = PRODUCT_DEFINITION_CONTEXT('part definition',#2,'design');
#84 = SHAPE_REPRESENTATION('',(#11,#85),#89);
#85 = AXIS2_PLACEMENT_3D('',#86,#87,#88);
#86 = CARTESIAN_POINT('',(0.,0.,0.));
#87 = DIRECTION('',(0.,0.,1.));
#88 = DIRECTION('',(1.,0.,-0.));
#89 = ( GEOMETRIC_REPRESENTATION_CONTEXT(3) 
GLOBAL_UNCERTAINTY_ASSIGNED_CONTEXT((#93)) GLOBAL_UNIT_ASSIGNED_CONTEXT(
(#90,#91,#92)) REPRESENTATION_CONTEXT('Context #1',
  '3D Context with UNIT and UNCERTAINTY') );
#90 = ( LENGTH_UNIT() NAMED_UNIT(*) SI_UNIT(.MILLI.,.METRE.) );
#91 = ( NAMED_UNIT(*) PLANE_ANGLE_UNIT() SI_UNIT($,.RADIAN.) );
#92 = ( NAMED_UNIT(*) SI_UNIT($,.STERADIAN.) SOLID_ANGLE_UNIT() );
#93 = UNCERTAINTY_MEASURE_WITH_UNIT(LENGTH_MEASURE(2.E-06),#90,
  'distance_accuracy_value','confusion accuracy');
#94 = CONTEXT_DEPENDENT_SHAPE_REPRESENTATION(#95,#97);
#95 = ( REPRESENTATION_RELATIONSHIP('','',#84,#10) 
REPRESENTATION_RELATIONSHIP_WITH_TRANSFORMATION(#96) 
SHAPE_REPRESENTATION_RELATIONSHIP() );
#96 = ITEM_DEFINED_TRANSFORMATION('','',#11,#15);
#97 = PRODUCT_DEFINITION_SHAPE('Placement','Placement of an item',#98);
#98 = NEXT_ASSEMBLY_USAGE_OCCURRENCE('1109','=>[0:1:1:2]','',#5,#79,$);
#99 = PRODUCT_RELATED_PRODUCT_CATEGORY('part',$,(#81));
#100 = SHAPE_DEFINITION_REPRESENTATION(#101,#107);
#101 = PRODUCT_DEFINITION_SHAPE('','',#102);
#102 = PRODUCT_DEFINITION('design','',#103,#106);
#103 = PRODUCT_DEFINITION_FORMATION('','',#104);
#104 = PRODUCT('SOLID','SOLID','',(#105));
#105 = PRODUCT_CONTEXT('',#2,'mechanical');
#106 = PRODUCT_DEFINITION_CONTEXT('part definition',#2,'design');
#107 = ADVANCED_BREP_SHAPE_REPRESENTATION('',(#11,#108),#770);
#108 = MANIFOLD_SOLID_BREP('',#109);
#109 = CLOSED_SHELL('',(#110,#353,#429,#476,#524,#582,#628,#686,#733,
    #759));
#110 = ADVANCED_FACE('',(#111),#125,.T.);
#111 = FACE_BOUND('',#112,.T.);
#112 = EDGE_LOOP('',(#113,#148,#175,#202,#239,#264,#301,#328));
#113 = ORIENTED_EDGE('',*,*,#114,.F.);
#114 = EDGE_CURVE('',#115,#117,#119,.T.);
#115 = VERTEX_POINT('',#116);
#116 = CARTESIAN_POINT('',(-4.55E+04,1.325E+03,0.));
#117 = VERTEX_POINT('',#118);
#118 = CARTESIAN_POINT('',(-4.55E+04,1.325E+03,3.6E+03));
#119 = SURFACE_CURVE('',#120,(#124,#136),.PCURVE_S1.);
#120 = LINE('',#121,#122);
#121 = CARTESIAN_POINT('',(-4.55E+04,1.325E+03,1.8E+03));
#122 = VECTOR('',#123,1.);
#123 = DIRECTION('',(0.,0.,1.));
#124 = PCURVE('',#125,#130);
#125 = B_SPLINE_SURFACE_WITH_KNOTS('',1,1,(
    (#126,#127)
    ,(#128,#129
    )),.UNSPECIFIED.,.F.,.F.,.F.,(2,2),(2,2),(-1.8E+03,1.8E+03),(0.,1.),
  .PIECEWISE_BEZIER_KNOTS.);
#126 = CARTESIAN_POINT('',(-4.55E+04,1.325E+03,3.6E+03));
#127 = CARTESIAN_POINT('',(-4.73E+04,300.,2.4E+03));
#128 = CARTESIAN_POINT('',(-4.55E+04,1.325E+03,0.));
#129 = CARTESIAN_POINT('',(-4.73E+04,300.,0.));
#130 = DEFINITIONAL_REPRESENTATION('',(#131),#135);
#131 = LINE('',#132,#133);
#132 = CARTESIAN_POINT('',(0.,0.));
#133 = VECTOR('',#134,1.);
#134 = DIRECTION('',(-1.,0.));
#135 = ( GEOMETRIC_REPRESENTATION_CONTEXT(2) 
PARAMETRIC_REPRESENTATION_CONTEXT() REPRESENTATION_CONTEXT('2D SPACE',''
  ) );
#136 = PCURVE('',#137,#142);
#137 = PLANE('',#138);
#138 = AXIS2_PLACEMENT_3D('',#139,#140,#141);
#139 = CARTESIAN_POINT('',(-4.55E+04,1.325E+03,0.));
#140 = DIRECTION('',(-1.,1.224646799147E-16,0.));
#141 = DIRECTION('',(-7.259919661954E-17,-0.592817428422,0.805336883894)
  );
#142 = DEFINITIONAL_REPRESENTATION('',(#143),#147);
#143 = LINE('',#144,#145);
#144 = CARTESIAN_POINT('',(1.449606391009E+03,1.067071371159E+03));
#145 = VECTOR('',#146,1.);
#146 = DIRECTION('',(0.805336883894,0.592817428422));
#147 = ( GEOMETRIC_REPRESENTATION_CONTEXT(2) 
PARAMETRIC_REPRESENTATION_CONTEXT() REPRESENTATION_CONTEXT('2D SPACE',''
  ) );
#148 = ORIENTED_EDGE('',*,*,#149,.T.);
#149 = EDGE_CURVE('',#115,#150,#152,.T.);
#150 = VERTEX_POINT('',#151);
#151 = CARTESIAN_POINT('',(-4.73E+04,300.,0.));
#152 = SURFACE_CURVE('',#153,(#156,#163),.PCURVE_S1.);
#153 = B_SPLINE_CURVE_WITH_KNOTS('',1,(#154,#155),.UNSPECIFIED.,.F.,.F.,
  (2,2),(0.,1.),.PIECEWISE_BEZIER_KNOTS.);
#154 = CARTESIAN_POINT('',(-4.55E+04,1.325E+03,0.));
#155 = CARTESIAN_POINT('',(-4.73E+04,300.,0.));
#156 = PCURVE('',#125,#157);
#157 = DEFINITIONAL_REPRESENTATION('',(#158),#162);
#158 = LINE('',#159,#160);
#159 = CARTESIAN_POINT('',(1.8E+03,0.));
#160 = VECTOR('',#161,1.);
#161 = DIRECTION('',(0.,1.));
#162 = ( GEOMETRIC_REPRESENTATION_CONTEXT(2) 
PARAMETRIC_REPRESENTATION_CONTEXT() REPRESENTATION_CONTEXT('2D SPACE',''
  ) );
#163 = PCURVE('',#164,#169);
#164 = B_SPLINE_SURFACE_WITH_KNOTS('',1,1,(
    (#165,#166)
    ,(#167,#168
    )),.UNSPECIFIED.,.F.,.F.,.F.,(2,2),(2,2),(-1.325E+03,1.325E+03),(0.,
    1.),.PIECEWISE_BEZIER_KNOTS.);
#165 = CARTESIAN_POINT('',(-4.55E+04,1.325E+03,0.));
#166 = CARTESIAN_POINT('',(-4.73E+04,300.,0.));
#167 = CARTESIAN_POINT('',(-4.55E+04,-1.325E+03,0.));
#168 = CARTESIAN_POINT('',(-4.73E+04,-300.,0.));
#169 = DEFINITIONAL_REPRESENTATION('',(#170),#174);
#170 = LINE('',#171,#172);
#171 = CARTESIAN_POINT('',(-1.325E+03,0.));
#172 = VECTOR('',#173,1.);
#173 = DIRECTION('',(0.,1.));
#174 = ( GEOMETRIC_REPRESENTATION_CONTEXT(2) 
PARAMETRIC_REPRESENTATION_CONTEXT() REPRESENTATION_CONTEXT('2D SPACE',''
  ) );
#175 = ORIENTED_EDGE('',*,*,#176,.T.);
#176 = EDGE_CURVE('',#150,#177,#179,.T.);
#177 = VERTEX_POINT('',#178);
#178 = CARTESIAN_POINT('',(-4.73E+04,300.,940.));
#179 = SURFACE_CURVE('',#180,(#184,#190),.PCURVE_S1.);
#180 = LINE('',#181,#182);
#181 = CARTESIAN_POINT('',(-4.73E+04,300.,1.2E+03));
#182 = VECTOR('',#183,1.);
#183 = DIRECTION('',(0.,0.,1.));
#184 = PCURVE('',#125,#185);
#185 = DEFINITIONAL_REPRESENTATION('',(#186),#189);
#186 = B_SPLINE_CURVE_WITH_KNOTS('',1,(#187,#188),.UNSPECIFIED.,.F.,.F.,
  (2,2),(-1.2E+03,1.2E+03),.PIECEWISE_BEZIER_KNOTS.);
#187 = CARTESIAN_POINT('',(1.8E+03,1.));
#188 = CARTESIAN_POINT('',(-1.8E+03,1.));
#189 = ( GEOMETRIC_REPRESENTATION_CONTEXT(2) 
PARAMETRIC_REPRESENTATION_CONTEXT() REPRESENTATION_CONTEXT('2D SPACE',''
  ) );
#190 = PCURVE('',#191,#196);
#191 = PLANE('',#192);
#192 = AXIS2_PLACEMENT_3D('',#193,#194,#195);
#193 = CARTESIAN_POINT('',(-4.73E+04,300.,0.));
#194 = DIRECTION('',(-1.,1.224646799147E-16,0.));
#195 = DIRECTION('',(-2.970204768799E-17,-0.242535625036,0.970142500145)
  );
#196 = DEFINITIONAL_REPRESENTATION('',(#197),#201);
#197 = LINE('',#198,#199);
#198 = CARTESIAN_POINT('',(1.164171000174E+03,291.0427500436));
#199 = VECTOR('',#200,1.);
#200 = DIRECTION('',(0.970142500145,0.242535625036));
#201 = ( GEOMETRIC_REPRESENTATION_CONTEXT(2) 
PARAMETRIC_REPRESENTATION_CONTEXT() REPRESENTATION_CONTEXT('2D SPACE',''
  ) );
#202 = ORIENTED_EDGE('',*,*,#203,.F.);
#203 = EDGE_CURVE('',#204,#177,#206,.T.);
#204 = VERTEX_POINT('',#205);
#205 = CARTESIAN_POINT('',(-4.71E+04,413.88888888888,940.));
#206 = SURFACE_CURVE('',#207,(#214,#224),.PCURVE_S1.);
#207 = B_SPLINE_CURVE_WITH_KNOTS('',5,(#208,#209,#210,#211,#212,#213),
  .UNSPECIFIED.,.F.,.F.,(6,6),(0.,1.),.PIECEWISE_BEZIER_KNOTS.);
#208 = CARTESIAN_POINT('',(-4.71E+04,413.88888888888,940.));
#209 = CARTESIAN_POINT('',(-4.714019613012E+04,390.9994259018,940.));
#210 = CARTESIAN_POINT('',(-4.718030152317E+04,368.16163263761,940.));
#211 = CARTESIAN_POINT('',(-4.722030931657E+04,345.37941695338,940.));
#212 = CARTESIAN_POINT('',(-4.726021171625E+04,322.65721713282,940.));
#213 = CARTESIAN_POINT('',(-4.73E+04,300.,940.));
#214 = PCURVE('',#125,#215);
#215 = DEFINITIONAL_REPRESENTATION('',(#216),#223);
#216 = B_SPLINE_CURVE_WITH_KNOTS('',5,(#217,#218,#219,#220,#221,#222),
  .UNSPECIFIED.,.F.,.F.,(6,6),(0.,1.),.PIECEWISE_BEZIER_KNOTS.);
#217 = CARTESIAN_POINT('',(464.21052631579,0.888888888889));
#218 = CARTESIAN_POINT('',(450.08064013104,0.911220072291));
#219 = CARTESIAN_POINT('',(435.60898763115,0.933500846207));
#220 = CARTESIAN_POINT('',(420.78159353857,0.955727398094));
#221 = CARTESIAN_POINT('',(405.58374446697,0.977895397919));
#222 = CARTESIAN_POINT('',(390.,1.));
#223 = ( GEOMETRIC_REPRESENTATION_CONTEXT(2) 
PARAMETRIC_REPRESENTATION_CONTEXT() REPRESENTATION_CONTEXT('2D SPACE',''
  ) );
#224 = PCURVE('',#225,#230);
#225 = PLANE('',#226);
#226 = AXIS2_PLACEMENT_3D('',#227,#228,#229);
#227 = CARTESIAN_POINT('',(-4.71E+04,600.,940.));
#228 = DIRECTION('',(0.,0.,1.));
#229 = DIRECTION('',(-1.224646799147E-16,-1.,0.));
#230 = DEFINITIONAL_REPRESENTATION('',(#231),#238);
#231 = B_SPLINE_CURVE_WITH_KNOTS('',5,(#232,#233,#234,#235,#236,#237),
  .UNSPECIFIED.,.F.,.F.,(6,6),(0.,1.),.PIECEWISE_BEZIER_KNOTS.);
#232 = CARTESIAN_POINT('',(186.11111111111,0.));
#233 = CARTESIAN_POINT('',(209.00057409819,-40.19613012365));
#234 = CARTESIAN_POINT('',(231.83836736238,-80.30152317297));
#235 = CARTESIAN_POINT('',(254.62058304662,-120.3093165696));
#236 = CARTESIAN_POINT('',(277.34278286717,-160.2117162545));
#237 = CARTESIAN_POINT('',(300.,-200.));
#238 = ( GEOMETRIC_REPRESENTATION_CONTEXT(2) 
PARAMETRIC_REPRESENTATION_CONTEXT() REPRESENTATION_CONTEXT('2D SPACE',''
  ) );
#239 = ORIENTED_EDGE('',*,*,#240,.T.);
#240 = EDGE_CURVE('',#204,#241,#243,.T.);
#241 = VERTEX_POINT('',#242);
#242 = CARTESIAN_POINT('',(-4.71E+04,413.88888888888,1.94E+03));
#243 = SURFACE_CURVE('',#244,(#247,#253),.PCURVE_S1.);
#244 = B_SPLINE_CURVE_WITH_KNOTS('',1,(#245,#246),.UNSPECIFIED.,.F.,.F.,
  (2,2),(0.,1.),.PIECEWISE_BEZIER_KNOTS.);
#245 = CARTESIAN_POINT('',(-4.71E+04,413.88888888888,940.));
#246 = CARTESIAN_POINT('',(-4.71E+04,413.88888888888,1.94E+03));
#247 = PCURVE('',#125,#248);
#248 = DEFINITIONAL_REPRESENTATION('',(#249),#252);
#249 = B_SPLINE_CURVE_WITH_KNOTS('',1,(#250,#251),.UNSPECIFIED.,.F.,.F.,
  (2,2),(0.,1.),.PIECEWISE_BEZIER_KNOTS.);
#250 = CARTESIAN_POINT('',(464.21052631579,0.888888888889));
#251 = CARTESIAN_POINT('',(-956.8421052631,0.888888888889));
#252 = ( GEOMETRIC_REPRESENTATION_CONTEXT(2) 
PARAMETRIC_REPRESENTATION_CONTEXT() REPRESENTATION_CONTEXT('2D SPACE',''
  ) );
#253 = PCURVE('',#254,#259);
#254 = PLANE('',#255);
#255 = AXIS2_PLACEMENT_3D('',#256,#257,#258);
#256 = CARTESIAN_POINT('',(-4.71E+04,1.959434878636E-13,1.44E+03));
#257 = DIRECTION('',(-1.,1.224646799147E-16,0.));
#258 = DIRECTION('',(-1.224646799147E-16,-1.,0.));
#259 = DEFINITIONAL_REPRESENTATION('',(#260),#263);
#260 = B_SPLINE_CURVE_WITH_KNOTS('',1,(#261,#262),.UNSPECIFIED.,.F.,.F.,
  (2,2),(0.,1.),.PIECEWISE_BEZIER_KNOTS.);
#261 = CARTESIAN_POINT('',(-413.8888888888,-500.));
#262 = CARTESIAN_POINT('',(-413.8888888888,500.));
#263 = ( GEOMETRIC_REPRESENTATION_CONTEXT(2) 
PARAMETRIC_REPRESENTATION_CONTEXT() REPRESENTATION_CONTEXT('2D SPACE',''
  ) );
#264 = ORIENTED_EDGE('',*,*,#265,.T.);
#265 = EDGE_CURVE('',#241,#266,#268,.T.);
#266 = VERTEX_POINT('',#267);
#267 = CARTESIAN_POINT('',(-4.73E+04,300.,1.94E+03));
#268 = SURFACE_CURVE('',#269,(#276,#286),.PCURVE_S1.);
#269 = B_SPLINE_CURVE_WITH_KNOTS('',5,(#270,#271,#272,#273,#274,#275),
  .UNSPECIFIED.,.F.,.F.,(6,6),(0.,1.),.PIECEWISE_BEZIER_KNOTS.);
#270 = CARTESIAN_POINT('',(-4.71E+04,413.88888888888,1.94E+03));
#271 = CARTESIAN_POINT('',(-4.714064859713E+04,390.74177107805,1.94E+03)
  );
#272 = CARTESIAN_POINT('',(-4.718098803778E+04,367.77070070676,1.94E+03)
  );
#273 = CARTESIAN_POINT('',(-4.722100327776E+04,344.98424460685,1.94E+03)
  );
#274 = CARTESIAN_POINT('',(-4.726067901431E+04,322.39111685107,1.94E+03)
  );
#275 = CARTESIAN_POINT('',(-4.73E+04,300.,1.94E+03));
#276 = PCURVE('',#125,#277);
#277 = DEFINITIONAL_REPRESENTATION('',(#278),#285);
#278 = B_SPLINE_CURVE_WITH_KNOTS('',5,(#279,#280,#281,#282,#283,#284),
  .UNSPECIFIED.,.F.,.F.,(6,6),(0.,1.),.PIECEWISE_BEZIER_KNOTS.);
#279 = CARTESIAN_POINT('',(-956.8421052631,0.888888888889));
#280 = CARTESIAN_POINT('',(-986.3320431819,0.911471442851));
#281 = CARTESIAN_POINT('',(-1.016386327662E+03,0.933882243213));
#282 = CARTESIAN_POINT('',(-1.047012230638E+03,0.956112932091));
#283 = CARTESIAN_POINT('',(-1.078215536567E+03,0.97815500795));
#284 = CARTESIAN_POINT('',(-1.11E+03,1.));
#285 = ( GEOMETRIC_REPRESENTATION_CONTEXT(2) 
PARAMETRIC_REPRESENTATION_CONTEXT() REPRESENTATION_CONTEXT('2D SPACE',''
  ) );
#286 = PCURVE('',#287,#292);
#287 = PLANE('',#288);
#288 = AXIS2_PLACEMENT_3D('',#289,#290,#291);
#289 = CARTESIAN_POINT('',(-4.71E+04,600.,1.94E+03));
#290 = DIRECTION('',(0.,0.,1.));
#291 = DIRECTION('',(-1.224646799147E-16,-1.,0.));
#292 = DEFINITIONAL_REPRESENTATION('',(#293),#300);
#293 = B_SPLINE_CURVE_WITH_KNOTS('',5,(#294,#295,#296,#297,#298,#299),
  .UNSPECIFIED.,.F.,.F.,(6,6),(0.,1.),.PIECEWISE_BEZIER_KNOTS.);
#294 = CARTESIAN_POINT('',(186.11111111111,0.));
#295 = CARTESIAN_POINT('',(209.25822892195,-40.64859713122));
#296 = CARTESIAN_POINT('',(232.22929929323,-80.98803778323));
#297 = CARTESIAN_POINT('',(255.01575539314,-121.0032777635));
#298 = CARTESIAN_POINT('',(277.60888314892,-160.6790143102));
#299 = CARTESIAN_POINT('',(300.,-200.));
#300 = ( GEOMETRIC_REPRESENTATION_CONTEXT(2) 
PARAMETRIC_REPRESENTATION_CONTEXT() REPRESENTATION_CONTEXT('2D SPACE',''
  ) );
#301 = ORIENTED_EDGE('',*,*,#302,.T.);
#302 = EDGE_CURVE('',#266,#303,#305,.T.);
#303 = VERTEX_POINT('',#304);
#304 = CARTESIAN_POINT('',(-4.73E+04,300.,2.4E+03));
#305 = SURFACE_CURVE('',#306,(#310,#316),.PCURVE_S1.);
#306 = LINE('',#307,#308);
#307 = CARTESIAN_POINT('',(-4.73E+04,300.,1.2E+03));
#308 = VECTOR('',#309,1.);
#309 = DIRECTION('',(0.,0.,1.));
#310 = PCURVE('',#125,#311);
#311 = DEFINITIONAL_REPRESENTATION('',(#312),#315);
#312 = B_SPLINE_CURVE_WITH_KNOTS('',1,(#313,#314),.UNSPECIFIED.,.F.,.F.,
  (2,2),(-1.2E+03,1.2E+03),.PIECEWISE_BEZIER_KNOTS.);
#313 = CARTESIAN_POINT('',(1.8E+03,1.));
#314 = CARTESIAN_POINT('',(-1.8E+03,1.));
#315 = ( GEOMETRIC_REPRESENTATION_CONTEXT(2) 
PARAMETRIC_REPRESENTATION_CONTEXT() REPRESENTATION_CONTEXT('2D SPACE',''
  ) );
#316 = PCURVE('',#317,#322);
#317 = PLANE('',#318);
#318 = AXIS2_PLACEMENT_3D('',#319,#320,#321);
#319 = CARTESIAN_POINT('',(-4.73E+04,300.,0.));
#320 = DIRECTION('',(-1.,1.224646799147E-16,0.));
#321 = DIRECTION('',(-2.970204768799E-17,-0.242535625036,0.970142500145)
  );
#322 = DEFINITIONAL_REPRESENTATION('',(#323),#327);
#323 = LINE('',#324,#325);
#324 = CARTESIAN_POINT('',(1.164171000174E+03,291.0427500436));
#325 = VECTOR('',#326,1.);
#326 = DIRECTION('',(0.970142500145,0.242535625036));
#327 = ( GEOMETRIC_REPRESENTATION_CONTEXT(2) 
PARAMETRIC_REPRESENTATION_CONTEXT() REPRESENTATION_CONTEXT('2D SPACE',''
  ) );
#328 = ORIENTED_EDGE('',*,*,#329,.F.);
#329 = EDGE_CURVE('',#117,#303,#330,.T.);
#330 = SURFACE_CURVE('',#331,(#334,#341),.PCURVE_S1.);
#331 = B_SPLINE_CURVE_WITH_KNOTS('',1,(#332,#333),.UNSPECIFIED.,.F.,.F.,
  (2,2),(0.,1.),.PIECEWISE_BEZIER_KNOTS.);
#332 = CARTESIAN_POINT('',(-4.55E+04,1.325E+03,3.6E+03));
#333 = CARTESIAN_POINT('',(-4.73E+04,300.,2.4E+03));
#334 = PCURVE('',#125,#335);
#335 = DEFINITIONAL_REPRESENTATION('',(#336),#340);
#336 = LINE('',#337,#338);
#337 = CARTESIAN_POINT('',(-1.8E+03,0.));
#338 = VECTOR('',#339,1.);
#339 = DIRECTION('',(0.,1.));
#340 = ( GEOMETRIC_REPRESENTATION_CONTEXT(2) 
PARAMETRIC_REPRESENTATION_CONTEXT() REPRESENTATION_CONTEXT('2D SPACE',''
  ) );
#341 = PCURVE('',#342,#347);
#342 = B_SPLINE_SURFACE_WITH_KNOTS('',1,1,(
    (#343,#344)
    ,(#345,#346
    )),.UNSPECIFIED.,.F.,.F.,.F.,(2,2),(2,2),(-1.325E+03,1.325E+03),(0.,
    1.),.PIECEWISE_BEZIER_KNOTS.);
#343 = CARTESIAN_POINT('',(-4.55E+04,-1.325E+03,3.6E+03));
#344 = CARTESIAN_POINT('',(-4.73E+04,-300.,2.4E+03));
#345 = CARTESIAN_POINT('',(-4.55E+04,1.325E+03,3.6E+03));
#346 = CARTESIAN_POINT('',(-4.73E+04,300.,2.4E+03));
#347 = DEFINITIONAL_REPRESENTATION('',(#348),#352);
#348 = LINE('',#349,#350);
#349 = CARTESIAN_POINT('',(1.325E+03,0.));
#350 = VECTOR('',#351,1.);
#351 = DIRECTION('',(0.,1.));
#352 = ( GEOMETRIC_REPRESENTATION_CONTEXT(2) 
PARAMETRIC_REPRESENTATION_CONTEXT() REPRESENTATION_CONTEXT('2D SPACE',''
  ) );
#353 = ADVANCED_FACE('',(#354),#137,.F.);
#354 = FACE_BOUND('',#355,.F.);
#355 = EDGE_LOOP('',(#356,#357,#380,#408));
#356 = ORIENTED_EDGE('',*,*,#114,.F.);
#357 = ORIENTED_EDGE('',*,*,#358,.T.);
#358 = EDGE_CURVE('',#115,#359,#361,.T.);
#359 = VERTEX_POINT('',#360);
#360 = CARTESIAN_POINT('',(-4.55E+04,-1.325E+03,0.));
#361 = SURFACE_CURVE('',#362,(#366,#373),.PCURVE_S1.);
#362 = LINE('',#363,#364);
#363 = CARTESIAN_POINT('',(-4.55E+04,0.,0.));
#364 = VECTOR('',#365,1.);
#365 = DIRECTION('',(-1.224646799147E-16,-1.,0.));
#366 = PCURVE('',#137,#367);
#367 = DEFINITIONAL_REPRESENTATION('',(#368),#372);
#368 = LINE('',#369,#370);
#369 = CARTESIAN_POINT('',(785.48309265874,-1.067071371159E+03));
#370 = VECTOR('',#371,1.);
#371 = DIRECTION('',(0.592817428422,-0.805336883894));
#372 = ( GEOMETRIC_REPRESENTATION_CONTEXT(2) 
PARAMETRIC_REPRESENTATION_CONTEXT() REPRESENTATION_CONTEXT('2D SPACE',''
  ) );
#373 = PCURVE('',#164,#374);
#374 = DEFINITIONAL_REPRESENTATION('',(#375),#379);
#375 = LINE('',#376,#377);
#376 = CARTESIAN_POINT('',(0.,0.));
#377 = VECTOR('',#378,1.);
#378 = DIRECTION('',(1.,0.));
#379 = ( GEOMETRIC_REPRESENTATION_CONTEXT(2) 
PARAMETRIC_REPRESENTATION_CONTEXT() REPRESENTATION_CONTEXT('2D SPACE',''
  ) );
#380 = ORIENTED_EDGE('',*,*,#381,.T.);
#381 = EDGE_CURVE('',#359,#382,#384,.T.);
#382 = VERTEX_POINT('',#383);
#383 = CARTESIAN_POINT('',(-4.55E+04,-1.325E+03,3.6E+03));
#384 = SURFACE_CURVE('',#385,(#389,#396),.PCURVE_S1.);
#385 = LINE('',#386,#387);
#386 = CARTESIAN_POINT('',(-4.55E+04,-1.325E+03,1.8E+03));
#387 = VECTOR('',#388,1.);
#388 = DIRECTION('',(0.,0.,1.));
#389 = PCURVE('',#137,#390);
#390 = DEFINITIONAL_REPRESENTATION('',(#391),#395);
#391 = LINE('',#392,#393);
#392 = CARTESIAN_POINT('',(3.020572576326E+03,-1.067071371159E+03));
#393 = VECTOR('',#394,1.);
#394 = DIRECTION('',(0.805336883894,0.592817428422));
#395 = ( GEOMETRIC_REPRESENTATION_CONTEXT(2) 
PARAMETRIC_REPRESENTATION_CONTEXT() REPRESENTATION_CONTEXT('2D SPACE',''
  ) );
#396 = PCURVE('',#397,#402);
#397 = B_SPLINE_SURFACE_WITH_KNOTS('',1,1,(
    (#398,#399)
    ,(#400,#401
    )),.UNSPECIFIED.,.F.,.F.,.F.,(2,2),(2,2),(-1.8E+03,1.8E+03),(0.,1.),
  .PIECEWISE_BEZIER_KNOTS.);
#398 = CARTESIAN_POINT('',(-4.55E+04,-1.325E+03,0.));
#399 = CARTESIAN_POINT('',(-4.73E+04,-300.,0.));
#400 = CARTESIAN_POINT('',(-4.55E+04,-1.325E+03,3.6E+03));
#401 = CARTESIAN_POINT('',(-4.73E+04,-300.,2.4E+03));
#402 = DEFINITIONAL_REPRESENTATION('',(#403),#407);
#403 = LINE('',#404,#405);
#404 = CARTESIAN_POINT('',(0.,0.));
#405 = VECTOR('',#406,1.);
#406 = DIRECTION('',(1.,0.));
#407 = ( GEOMETRIC_REPRESENTATION_CONTEXT(2) 
PARAMETRIC_REPRESENTATION_CONTEXT() REPRESENTATION_CONTEXT('2D SPACE',''
  ) );
#408 = ORIENTED_EDGE('',*,*,#409,.F.);
#409 = EDGE_CURVE('',#117,#382,#410,.T.);
#410 = SURFACE_CURVE('',#411,(#415,#422),.PCURVE_S1.);
#411 = LINE('',#412,#413);
#412 = CARTESIAN_POINT('',(-4.55E+04,0.,3.6E+03));
#413 = VECTOR('',#414,1.);
#414 = DIRECTION('',(-1.224646799147E-16,-1.,0.));
#415 = PCURVE('',#137,#416);
#416 = DEFINITIONAL_REPRESENTATION('',(#417),#421);
#417 = LINE('',#418,#419);
#418 = CARTESIAN_POINT('',(3.684695874676E+03,1.067071371159E+03));
#419 = VECTOR('',#420,1.);
#420 = DIRECTION('',(0.592817428422,-0.805336883894));
#421 = ( GEOMETRIC_REPRESENTATION_CONTEXT(2) 
PARAMETRIC_REPRESENTATION_CONTEXT() REPRESENTATION_CONTEXT('2D SPACE',''
  ) );
#422 = PCURVE('',#342,#423);
#423 = DEFINITIONAL_REPRESENTATION('',(#424),#428);
#424 = LINE('',#425,#426);
#425 = CARTESIAN_POINT('',(0.,0.));
#426 = VECTOR('',#427,1.);
#427 = DIRECTION('',(-1.,0.));
#428 = ( GEOMETRIC_REPRESENTATION_CONTEXT(2) 
PARAMETRIC_REPRESENTATION_CONTEXT() REPRESENTATION_CONTEXT('2D SPACE',''
  ) );
#429 = ADVANCED_FACE('',(#430),#342,.T.);
#430 = FACE_BOUND('',#431,.T.);
#431 = EDGE_LOOP('',(#432,#433,#434,#456));
#432 = ORIENTED_EDGE('',*,*,#409,.F.);
#433 = ORIENTED_EDGE('',*,*,#329,.T.);
#434 = ORIENTED_EDGE('',*,*,#435,.T.);
#435 = EDGE_CURVE('',#303,#436,#438,.T.);
#436 = VERTEX_POINT('',#437);
#437 = CARTESIAN_POINT('',(-4.73E+04,-300.,2.4E+03));
#438 = SURFACE_CURVE('',#439,(#443,#449),.PCURVE_S1.);
#439 = LINE('',#440,#441);
#440 = CARTESIAN_POINT('',(-4.73E+04,2.204364238465E-13,2.4E+03));
#441 = VECTOR('',#442,1.);
#442 = DIRECTION('',(-1.224646799147E-16,-1.,0.));
#443 = PCURVE('',#342,#444);
#444 = DEFINITIONAL_REPRESENTATION('',(#445),#448);
#445 = B_SPLINE_CURVE_WITH_KNOTS('',1,(#446,#447),.UNSPECIFIED.,.F.,.F.,
  (2,2),(-300.,300.),.PIECEWISE_BEZIER_KNOTS.);
#446 = CARTESIAN_POINT('',(1.325E+03,1.));
#447 = CARTESIAN_POINT('',(-1.325E+03,1.));
#448 = ( GEOMETRIC_REPRESENTATION_CONTEXT(2) 
PARAMETRIC_REPRESENTATION_CONTEXT() REPRESENTATION_CONTEXT('2D SPACE',''
  ) );
#449 = PCURVE('',#317,#450);
#450 = DEFINITIONAL_REPRESENTATION('',(#451),#455);
#451 = LINE('',#452,#453);
#452 = CARTESIAN_POINT('',(2.40110268786E+03,291.0427500436));
#453 = VECTOR('',#454,1.);
#454 = DIRECTION('',(0.242535625036,-0.970142500145));
#455 = ( GEOMETRIC_REPRESENTATION_CONTEXT(2) 
PARAMETRIC_REPRESENTATION_CONTEXT() REPRESENTATION_CONTEXT('2D SPACE',''
  ) );
#456 = ORIENTED_EDGE('',*,*,#457,.F.);
#457 = EDGE_CURVE('',#382,#436,#458,.T.);
#458 = SURFACE_CURVE('',#459,(#462,#469),.PCURVE_S1.);
#459 = B_SPLINE_CURVE_WITH_KNOTS('',1,(#460,#461),.UNSPECIFIED.,.F.,.F.,
  (2,2),(0.,1.),.PIECEWISE_BEZIER_KNOTS.);
#460 = CARTESIAN_POINT('',(-4.55E+04,-1.325E+03,3.6E+03));
#461 = CARTESIAN_POINT('',(-4.73E+04,-300.,2.4E+03));
#462 = PCURVE('',#342,#463);
#463 = DEFINITIONAL_REPRESENTATION('',(#464),#468);
#464 = LINE('',#465,#466);
#465 = CARTESIAN_POINT('',(-1.325E+03,0.));
#466 = VECTOR('',#467,1.);
#467 = DIRECTION('',(0.,1.));
#468 = ( GEOMETRIC_REPRESENTATION_CONTEXT(2) 
PARAMETRIC_REPRESENTATION_CONTEXT() REPRESENTATION_CONTEXT('2D SPACE',''
  ) );
#469 = PCURVE('',#397,#470);
#470 = DEFINITIONAL_REPRESENTATION('',(#471),#475);
#471 = LINE('',#472,#473);
#472 = CARTESIAN_POINT('',(1.8E+03,0.));
#473 = VECTOR('',#474,1.);
#474 = DIRECTION('',(0.,1.));
#475 = ( GEOMETRIC_REPRESENTATION_CONTEXT(2) 
PARAMETRIC_REPRESENTATION_CONTEXT() REPRESENTATION_CONTEXT('2D SPACE',''
  ) );
#476 = ADVANCED_FACE('',(#477),#317,.T.);
#477 = FACE_BOUND('',#478,.T.);
#478 = EDGE_LOOP('',(#479,#480,#503,#523));
#479 = ORIENTED_EDGE('',*,*,#302,.F.);
#480 = ORIENTED_EDGE('',*,*,#481,.F.);
#481 = EDGE_CURVE('',#482,#266,#484,.T.);
#482 = VERTEX_POINT('',#483);
#483 = CARTESIAN_POINT('',(-4.73E+04,-300.,1.94E+03));
#484 = SURFACE_CURVE('',#485,(#489,#496),.PCURVE_S1.);
#485 = LINE('',#486,#487);
#486 = CARTESIAN_POINT('',(-4.73E+04,450.,1.94E+03));
#487 = VECTOR('',#488,1.);
#488 = DIRECTION('',(1.224646799147E-16,1.,0.));
#489 = PCURVE('',#317,#490);
#490 = DEFINITIONAL_REPRESENTATION('',(#491),#495);
#491 = LINE('',#492,#493);
#492 = CARTESIAN_POINT('',(1.845696106526E+03,616.04048759228));
#493 = VECTOR('',#494,1.);
#494 = DIRECTION('',(-0.242535625036,0.970142500145));
#495 = ( GEOMETRIC_REPRESENTATION_CONTEXT(2) 
PARAMETRIC_REPRESENTATION_CONTEXT() REPRESENTATION_CONTEXT('2D SPACE',''
  ) );
#496 = PCURVE('',#287,#497);
#497 = DEFINITIONAL_REPRESENTATION('',(#498),#502);
#498 = LINE('',#499,#500);
#499 = CARTESIAN_POINT('',(150.,-200.));
#500 = VECTOR('',#501,1.);
#501 = DIRECTION('',(-1.,0.));
#502 = ( GEOMETRIC_REPRESENTATION_CONTEXT(2) 
PARAMETRIC_REPRESENTATION_CONTEXT() REPRESENTATION_CONTEXT('2D SPACE',''
  ) );
#503 = ORIENTED_EDGE('',*,*,#504,.T.);
#504 = EDGE_CURVE('',#482,#436,#505,.T.);
#505 = SURFACE_CURVE('',#506,(#510,#517),.PCURVE_S1.);
#506 = LINE('',#507,#508);
#507 = CARTESIAN_POINT('',(-4.73E+04,-300.,1.2E+03));
#508 = VECTOR('',#509,1.);
#509 = DIRECTION('',(0.,0.,1.));
#510 = PCURVE('',#317,#511);
#511 = DEFINITIONAL_REPRESENTATION('',(#512),#516);
#512 = LINE('',#513,#514);
#513 = CARTESIAN_POINT('',(1.309692375196E+03,-291.0427500436));
#514 = VECTOR('',#515,1.);
#515 = DIRECTION('',(0.970142500145,0.242535625036));
#516 = ( GEOMETRIC_REPRESENTATION_CONTEXT(2) 
PARAMETRIC_REPRESENTATION_CONTEXT() REPRESENTATION_CONTEXT('2D SPACE',''
  ) );
#517 = PCURVE('',#397,#518);
#518 = DEFINITIONAL_REPRESENTATION('',(#519),#522);
#519 = B_SPLINE_CURVE_WITH_KNOTS('',1,(#520,#521),.UNSPECIFIED.,.F.,.F.,
  (2,2),(-1.2E+03,1.2E+03),.PIECEWISE_BEZIER_KNOTS.);
#520 = CARTESIAN_POINT('',(-1.8E+03,1.));
#521 = CARTESIAN_POINT('',(1.8E+03,1.));
#522 = ( GEOMETRIC_REPRESENTATION_CONTEXT(2) 
PARAMETRIC_REPRESENTATION_CONTEXT() REPRESENTATION_CONTEXT('2D SPACE',''
  ) );
#523 = ORIENTED_EDGE('',*,*,#435,.F.);
#524 = ADVANCED_FACE('',(#525),#287,.F.);
#525 = FACE_BOUND('',#526,.F.);
#526 = EDGE_LOOP('',(#527,#550,#551,#552));
#527 = ORIENTED_EDGE('',*,*,#528,.F.);
#528 = EDGE_CURVE('',#241,#529,#531,.T.);
#529 = VERTEX_POINT('',#530);
#530 = CARTESIAN_POINT('',(-4.71E+04,-413.8888888888,1.94E+03));
#531 = SURFACE_CURVE('',#532,(#536,#543),.PCURVE_S1.);
#532 = LINE('',#533,#534);
#533 = CARTESIAN_POINT('',(-4.71E+04,1.959434878636E-13,1.94E+03));
#534 = VECTOR('',#535,1.);
#535 = DIRECTION('',(-1.224646799147E-16,-1.,0.));
#536 = PCURVE('',#287,#537);
#537 = DEFINITIONAL_REPRESENTATION('',(#538),#542);
#538 = LINE('',#539,#540);
#539 = CARTESIAN_POINT('',(600.,7.347880794884E-14));
#540 = VECTOR('',#541,1.);
#541 = DIRECTION('',(1.,0.));
#542 = ( GEOMETRIC_REPRESENTATION_CONTEXT(2) 
PARAMETRIC_REPRESENTATION_CONTEXT() REPRESENTATION_CONTEXT('2D SPACE',''
  ) );
#543 = PCURVE('',#254,#544);
#544 = DEFINITIONAL_REPRESENTATION('',(#545),#549);
#545 = LINE('',#546,#547);
#546 = CARTESIAN_POINT('',(0.,500.));
#547 = VECTOR('',#548,1.);
#548 = DIRECTION('',(1.,0.));
#549 = ( GEOMETRIC_REPRESENTATION_CONTEXT(2) 
PARAMETRIC_REPRESENTATION_CONTEXT() REPRESENTATION_CONTEXT('2D SPACE',''
  ) );
#550 = ORIENTED_EDGE('',*,*,#265,.T.);
#551 = ORIENTED_EDGE('',*,*,#481,.F.);
#552 = ORIENTED_EDGE('',*,*,#553,.F.);
#553 = EDGE_CURVE('',#529,#482,#554,.T.);
#554 = SURFACE_CURVE('',#555,(#562,#572),.PCURVE_S1.);
#555 = B_SPLINE_CURVE_WITH_KNOTS('',5,(#556,#557,#558,#559,#560,#561),
  .UNSPECIFIED.,.F.,.F.,(6,6),(0.,1.),.PIECEWISE_BEZIER_KNOTS.);
#556 = CARTESIAN_POINT('',(-4.71E+04,-413.8888888888,1.94E+03));
#557 = CARTESIAN_POINT('',(-4.714064859713E+04,-390.741771078,1.94E+03)
  );
#558 = CARTESIAN_POINT('',(-4.718098803778E+04,-367.7707007067,1.94E+03)
  );
#559 = CARTESIAN_POINT('',(-4.722100327776E+04,-344.9842446068,1.94E+03)
  );
#560 = CARTESIAN_POINT('',(-4.726067901431E+04,-322.391116851,1.94E+03)
  );
#561 = CARTESIAN_POINT('',(-4.73E+04,-300.,1.94E+03));
#562 = PCURVE('',#287,#563);
#563 = DEFINITIONAL_REPRESENTATION('',(#564),#571);
#564 = B_SPLINE_CURVE_WITH_KNOTS('',5,(#565,#566,#567,#568,#569,#570),
  .UNSPECIFIED.,.F.,.F.,(6,6),(0.,1.),.PIECEWISE_BEZIER_KNOTS.);
#565 = CARTESIAN_POINT('',(1.013888888889E+03,0.));
#566 = CARTESIAN_POINT('',(990.74177107805,-40.64859713122));
#567 = CARTESIAN_POINT('',(967.77070070676,-80.98803778323));
#568 = CARTESIAN_POINT('',(944.98424460685,-121.0032777635));
#569 = CARTESIAN_POINT('',(922.39111685107,-160.6790143102));
#570 = CARTESIAN_POINT('',(900.,-200.));
#571 = ( GEOMETRIC_REPRESENTATION_CONTEXT(2) 
PARAMETRIC_REPRESENTATION_CONTEXT() REPRESENTATION_CONTEXT('2D SPACE',''
  ) );
#572 = PCURVE('',#397,#573);
#573 = DEFINITIONAL_REPRESENTATION('',(#574),#581);
#574 = B_SPLINE_CURVE_WITH_KNOTS('',5,(#575,#576,#577,#578,#579,#580),
  .UNSPECIFIED.,.F.,.F.,(6,6),(0.,1.),.PIECEWISE_BEZIER_KNOTS.);
#575 = CARTESIAN_POINT('',(956.84210526315,0.888888888889));
#576 = CARTESIAN_POINT('',(986.3320431819,0.911471442851));
#577 = CARTESIAN_POINT('',(1.016386327662E+03,0.933882243213));
#578 = CARTESIAN_POINT('',(1.047012230638E+03,0.956112932091));
#579 = CARTESIAN_POINT('',(1.078215536567E+03,0.97815500795));
#580 = CARTESIAN_POINT('',(1.11E+03,1.));
#581 = ( GEOMETRIC_REPRESENTATION_CONTEXT(2) 
PARAMETRIC_REPRESENTATION_CONTEXT() REPRESENTATION_CONTEXT('2D SPACE',''
  ) );
#582 = ADVANCED_FACE('',(#583),#254,.T.);
#583 = FACE_BOUND('',#584,.T.);
#584 = EDGE_LOOP('',(#585,#586,#609,#627));
#585 = ORIENTED_EDGE('',*,*,#240,.F.);
#586 = ORIENTED_EDGE('',*,*,#587,.T.);
#587 = EDGE_CURVE('',#204,#588,#590,.T.);
#588 = VERTEX_POINT('',#589);
#589 = CARTESIAN_POINT('',(-4.71E+04,-413.8888888888,940.));
#590 = SURFACE_CURVE('',#591,(#595,#602),.PCURVE_S1.);
#591 = LINE('',#592,#593);
#592 = CARTESIAN_POINT('',(-4.71E+04,1.959434878636E-13,940.));
#593 = VECTOR('',#594,1.);
#594 = DIRECTION('',(-1.224646799147E-16,-1.,0.));
#595 = PCURVE('',#254,#596);
#596 = DEFINITIONAL_REPRESENTATION('',(#597),#601);
#597 = LINE('',#598,#599);
#598 = CARTESIAN_POINT('',(-0.,-500.));
#599 = VECTOR('',#600,1.);
#600 = DIRECTION('',(1.,0.));
#601 = ( GEOMETRIC_REPRESENTATION_CONTEXT(2) 
PARAMETRIC_REPRESENTATION_CONTEXT() REPRESENTATION_CONTEXT('2D SPACE',''
  ) );
#602 = PCURVE('',#225,#603);
#603 = DEFINITIONAL_REPRESENTATION('',(#604),#608);
#604 = LINE('',#605,#606);
#605 = CARTESIAN_POINT('',(600.,7.347880794884E-14));
#606 = VECTOR('',#607,1.);
#607 = DIRECTION('',(1.,0.));
#608 = ( GEOMETRIC_REPRESENTATION_CONTEXT(2) 
PARAMETRIC_REPRESENTATION_CONTEXT() REPRESENTATION_CONTEXT('2D SPACE',''
  ) );
#609 = ORIENTED_EDGE('',*,*,#610,.F.);
#610 = EDGE_CURVE('',#529,#588,#611,.T.);
#611 = SURFACE_CURVE('',#612,(#615,#621),.PCURVE_S1.);
#612 = B_SPLINE_CURVE_WITH_KNOTS('',1,(#613,#614),.UNSPECIFIED.,.F.,.F.,
  (2,2),(0.,1.),.PIECEWISE_BEZIER_KNOTS.);
#613 = CARTESIAN_POINT('',(-4.71E+04,-413.8888888888,1.94E+03));
#614 = CARTESIAN_POINT('',(-4.71E+04,-413.8888888888,940.));
#615 = PCURVE('',#254,#616);
#616 = DEFINITIONAL_REPRESENTATION('',(#617),#620);
#617 = B_SPLINE_CURVE_WITH_KNOTS('',1,(#618,#619),.UNSPECIFIED.,.F.,.F.,
  (2,2),(0.,1.),.PIECEWISE_BEZIER_KNOTS.);
#618 = CARTESIAN_POINT('',(413.88888888888,500.));
#619 = CARTESIAN_POINT('',(413.88888888888,-500.));
#620 = ( GEOMETRIC_REPRESENTATION_CONTEXT(2) 
PARAMETRIC_REPRESENTATION_CONTEXT() REPRESENTATION_CONTEXT('2D SPACE',''
  ) );
#621 = PCURVE('',#397,#622);
#622 = DEFINITIONAL_REPRESENTATION('',(#623),#626);
#623 = B_SPLINE_CURVE_WITH_KNOTS('',1,(#624,#625),.UNSPECIFIED.,.F.,.F.,
  (2,2),(0.,1.),.PIECEWISE_BEZIER_KNOTS.);
#624 = CARTESIAN_POINT('',(956.84210526315,0.888888888889));
#625 = CARTESIAN_POINT('',(-464.2105263157,0.888888888889));
#626 = ( GEOMETRIC_REPRESENTATION_CONTEXT(2) 
PARAMETRIC_REPRESENTATION_CONTEXT() REPRESENTATION_CONTEXT('2D SPACE',''
  ) );
#627 = ORIENTED_EDGE('',*,*,#528,.F.);
#628 = ADVANCED_FACE('',(#629),#225,.T.);
#629 = FACE_BOUND('',#630,.T.);
#630 = EDGE_LOOP('',(#631,#632,#633,#656));
#631 = ORIENTED_EDGE('',*,*,#587,.F.);
#632 = ORIENTED_EDGE('',*,*,#203,.T.);
#633 = ORIENTED_EDGE('',*,*,#634,.F.);
#634 = EDGE_CURVE('',#635,#177,#637,.T.);
#635 = VERTEX_POINT('',#636);
#636 = CARTESIAN_POINT('',(-4.73E+04,-300.,940.));
#637 = SURFACE_CURVE('',#638,(#642,#649),.PCURVE_S1.);
#638 = LINE('',#639,#640);
#639 = CARTESIAN_POINT('',(-4.73E+04,450.,940.));
#640 = VECTOR('',#641,1.);
#641 = DIRECTION('',(1.224646799147E-16,1.,0.));
#642 = PCURVE('',#225,#643);
#643 = DEFINITIONAL_REPRESENTATION('',(#644),#648);
#644 = LINE('',#645,#646);
#645 = CARTESIAN_POINT('',(150.,-200.));
#646 = VECTOR('',#647,1.);
#647 = DIRECTION('',(-1.,0.));
#648 = ( GEOMETRIC_REPRESENTATION_CONTEXT(2) 
PARAMETRIC_REPRESENTATION_CONTEXT() REPRESENTATION_CONTEXT('2D SPACE',''
  ) );
#649 = PCURVE('',#191,#650);
#650 = DEFINITIONAL_REPRESENTATION('',(#651),#655);
#651 = LINE('',#652,#653);
#652 = CARTESIAN_POINT('',(875.55360638116,373.50486255595));
#653 = VECTOR('',#654,1.);
#654 = DIRECTION('',(-0.242535625036,0.970142500145));
#655 = ( GEOMETRIC_REPRESENTATION_CONTEXT(2) 
PARAMETRIC_REPRESENTATION_CONTEXT() REPRESENTATION_CONTEXT('2D SPACE',''
  ) );
#656 = ORIENTED_EDGE('',*,*,#657,.F.);
#657 = EDGE_CURVE('',#588,#635,#658,.T.);
#658 = SURFACE_CURVE('',#659,(#666,#676),.PCURVE_S1.);
#659 = B_SPLINE_CURVE_WITH_KNOTS('',5,(#660,#661,#662,#663,#664,#665),
  .UNSPECIFIED.,.F.,.F.,(6,6),(0.,1.),.PIECEWISE_BEZIER_KNOTS.);
#660 = CARTESIAN_POINT('',(-4.71E+04,-413.8888888888,940.));
#661 = CARTESIAN_POINT('',(-4.714019613012E+04,-390.9994259018,940.));
#662 = CARTESIAN_POINT('',(-4.718030152317E+04,-368.1616326376,940.));
#663 = CARTESIAN_POINT('',(-4.722030931657E+04,-345.3794169533,940.));
#664 = CARTESIAN_POINT('',(-4.726021171625E+04,-322.6572171328,940.));
#665 = CARTESIAN_POINT('',(-4.73E+04,-300.,940.));
#666 = PCURVE('',#225,#667);
#667 = DEFINITIONAL_REPRESENTATION('',(#668),#675);
#668 = B_SPLINE_CURVE_WITH_KNOTS('',5,(#669,#670,#671,#672,#673,#674),
  .UNSPECIFIED.,.F.,.F.,(6,6),(0.,1.),.PIECEWISE_BEZIER_KNOTS.);
#669 = CARTESIAN_POINT('',(1.013888888889E+03,0.));
#670 = CARTESIAN_POINT('',(990.9994259018,-40.19613012365));
#671 = CARTESIAN_POINT('',(968.16163263761,-80.30152317297));
#672 = CARTESIAN_POINT('',(945.37941695338,-120.3093165696));
#673 = CARTESIAN_POINT('',(922.65721713282,-160.2117162545));
#674 = CARTESIAN_POINT('',(900.,-200.));
#675 = ( GEOMETRIC_REPRESENTATION_CONTEXT(2) 
PARAMETRIC_REPRESENTATION_CONTEXT() REPRESENTATION_CONTEXT('2D SPACE',''
  ) );
#676 = PCURVE('',#397,#677);
#677 = DEFINITIONAL_REPRESENTATION('',(#678),#685);
#678 = B_SPLINE_CURVE_WITH_KNOTS('',5,(#679,#680,#681,#682,#683,#684),
  .UNSPECIFIED.,.F.,.F.,(6,6),(0.,1.),.PIECEWISE_BEZIER_KNOTS.);
#679 = CARTESIAN_POINT('',(-464.2105263157,0.888888888889));
#680 = CARTESIAN_POINT('',(-450.080640131,0.911220072291));
#681 = CARTESIAN_POINT('',(-435.6089876311,0.933500846207));
#682 = CARTESIAN_POINT('',(-420.7815935385,0.955727398094));
#683 = CARTESIAN_POINT('',(-405.5837444669,0.977895397919));
#684 = CARTESIAN_POINT('',(-390.,1.));
#685 = ( GEOMETRIC_REPRESENTATION_CONTEXT(2) 
PARAMETRIC_REPRESENTATION_CONTEXT() REPRESENTATION_CONTEXT('2D SPACE',''
  ) );
#686 = ADVANCED_FACE('',(#687),#191,.T.);
#687 = FACE_BOUND('',#688,.T.);
#688 = EDGE_LOOP('',(#689,#690,#712,#732));
#689 = ORIENTED_EDGE('',*,*,#176,.F.);
#690 = ORIENTED_EDGE('',*,*,#691,.T.);
#691 = EDGE_CURVE('',#150,#692,#694,.T.);
#692 = VERTEX_POINT('',#693);
#693 = CARTESIAN_POINT('',(-4.73E+04,-300.,0.));
#694 = SURFACE_CURVE('',#695,(#699,#706),.PCURVE_S1.);
#695 = LINE('',#696,#697);
#696 = CARTESIAN_POINT('',(-4.73E+04,2.204364238465E-13,0.));
#697 = VECTOR('',#698,1.);
#698 = DIRECTION('',(-1.224646799147E-16,-1.,0.));
#699 = PCURVE('',#191,#700);
#700 = DEFINITIONAL_REPRESENTATION('',(#701),#705);
#701 = LINE('',#702,#703);
#702 = CARTESIAN_POINT('',(72.7606875109,-291.0427500436));
#703 = VECTOR('',#704,1.);
#704 = DIRECTION('',(0.242535625036,-0.970142500145));
#705 = ( GEOMETRIC_REPRESENTATION_CONTEXT(2) 
PARAMETRIC_REPRESENTATION_CONTEXT() REPRESENTATION_CONTEXT('2D SPACE',''
  ) );
#706 = PCURVE('',#164,#707);
#707 = DEFINITIONAL_REPRESENTATION('',(#708),#711);
#708 = B_SPLINE_CURVE_WITH_KNOTS('',1,(#709,#710),.UNSPECIFIED.,.F.,.F.,
  (2,2),(-300.,300.),.PIECEWISE_BEZIER_KNOTS.);
#709 = CARTESIAN_POINT('',(-1.325E+03,1.));
#710 = CARTESIAN_POINT('',(1.325E+03,1.));
#711 = ( GEOMETRIC_REPRESENTATION_CONTEXT(2) 
PARAMETRIC_REPRESENTATION_CONTEXT() REPRESENTATION_CONTEXT('2D SPACE',''
  ) );
#712 = ORIENTED_EDGE('',*,*,#713,.T.);
#713 = EDGE_CURVE('',#692,#635,#714,.T.);
#714 = SURFACE_CURVE('',#715,(#719,#726),.PCURVE_S1.);
#715 = LINE('',#716,#717);
#716 = CARTESIAN_POINT('',(-4.73E+04,-300.,1.2E+03));
#717 = VECTOR('',#718,1.);
#718 = DIRECTION('',(0.,0.,1.));
#719 = PCURVE('',#191,#720);
#720 = DEFINITIONAL_REPRESENTATION('',(#721),#725);
#721 = LINE('',#722,#723);
#722 = CARTESIAN_POINT('',(1.309692375196E+03,-291.0427500436));
#723 = VECTOR('',#724,1.);
#724 = DIRECTION('',(0.970142500145,0.242535625036));
#725 = ( GEOMETRIC_REPRESENTATION_CONTEXT(2) 
PARAMETRIC_REPRESENTATION_CONTEXT() REPRESENTATION_CONTEXT('2D SPACE',''
  ) );
#726 = PCURVE('',#397,#727);
#727 = DEFINITIONAL_REPRESENTATION('',(#728),#731);
#728 = B_SPLINE_CURVE_WITH_KNOTS('',1,(#729,#730),.UNSPECIFIED.,.F.,.F.,
  (2,2),(-1.2E+03,1.2E+03),.PIECEWISE_BEZIER_KNOTS.);
#729 = CARTESIAN_POINT('',(-1.8E+03,1.));
#730 = CARTESIAN_POINT('',(1.8E+03,1.));
#731 = ( GEOMETRIC_REPRESENTATION_CONTEXT(2) 
PARAMETRIC_REPRESENTATION_CONTEXT() REPRESENTATION_CONTEXT('2D SPACE',''
  ) );
#732 = ORIENTED_EDGE('',*,*,#634,.T.);
#733 = ADVANCED_FACE('',(#734),#164,.T.);
#734 = FACE_BOUND('',#735,.T.);
#735 = EDGE_LOOP('',(#736,#737,#757,#758));
#736 = ORIENTED_EDGE('',*,*,#358,.T.);
#737 = ORIENTED_EDGE('',*,*,#738,.T.);
#738 = EDGE_CURVE('',#359,#692,#739,.T.);
#739 = SURFACE_CURVE('',#740,(#743,#750),.PCURVE_S1.);
#740 = B_SPLINE_CURVE_WITH_KNOTS('',1,(#741,#742),.UNSPECIFIED.,.F.,.F.,
  (2,2),(0.,1.),.PIECEWISE_BEZIER_KNOTS.);
#741 = CARTESIAN_POINT('',(-4.55E+04,-1.325E+03,0.));
#742 = CARTESIAN_POINT('',(-4.73E+04,-300.,0.));
#743 = PCURVE('',#164,#744);
#744 = DEFINITIONAL_REPRESENTATION('',(#745),#749);
#745 = LINE('',#746,#747);
#746 = CARTESIAN_POINT('',(1.325E+03,0.));
#747 = VECTOR('',#748,1.);
#748 = DIRECTION('',(0.,1.));
#749 = ( GEOMETRIC_REPRESENTATION_CONTEXT(2) 
PARAMETRIC_REPRESENTATION_CONTEXT() REPRESENTATION_CONTEXT('2D SPACE',''
  ) );
#750 = PCURVE('',#397,#751);
#751 = DEFINITIONAL_REPRESENTATION('',(#752),#756);
#752 = LINE('',#753,#754);
#753 = CARTESIAN_POINT('',(-1.8E+03,0.));
#754 = VECTOR('',#755,1.);
#755 = DIRECTION('',(0.,1.));
#756 = ( GEOMETRIC_REPRESENTATION_CONTEXT(2) 
PARAMETRIC_REPRESENTATION_CONTEXT() REPRESENTATION_CONTEXT('2D SPACE',''
  ) );
#757 = ORIENTED_EDGE('',*,*,#691,.F.);
#758 = ORIENTED_EDGE('',*,*,#149,.F.);
#759 = ADVANCED_FACE('',(#760),#397,.T.);
#760 = FACE_BOUND('',#761,.T.);
#761 = EDGE_LOOP('',(#762,#763,#764,#765,#766,#767,#768,#769));
#762 = ORIENTED_EDGE('',*,*,#738,.F.);
#763 = ORIENTED_EDGE('',*,*,#381,.T.);
#764 = ORIENTED_EDGE('',*,*,#457,.T.);
#765 = ORIENTED_EDGE('',*,*,#504,.F.);
#766 = ORIENTED_EDGE('',*,*,#553,.F.);
#767 = ORIENTED_EDGE('',*,*,#610,.T.);
#768 = ORIENTED_EDGE('',*,*,#657,.T.);
#769 = ORIENTED_EDGE('',*,*,#713,.F.);
#770 = ( GEOMETRIC_REPRESENTATION_CONTEXT(3) 
GLOBAL_UNCERTAINTY_ASSIGNED_CONTEXT((#774)) GLOBAL_UNIT_ASSIGNED_CONTEXT
((#771,#772,#773)) REPRESENTATION_CONTEXT('Context #1',
  '3D Context with UNIT and UNCERTAINTY') );
#771 = ( LENGTH_UNIT() NAMED_UNIT(*) SI_UNIT(.MILLI.,.METRE.) );
#772 = ( NAMED_UNIT(*) PLANE_ANGLE_UNIT() SI_UNIT($,.RADIAN.) );
#773 = ( NAMED_UNIT(*) SI_UNIT($,.STERADIAN.) SOLID_ANGLE_UNIT() );
#774 = UNCERTAINTY_MEASURE_WITH_UNIT(LENGTH_MEASURE(2.E-06),#771,
  'distance_accuracy_value','confusion accuracy');
#775 = CONTEXT_DEPENDENT_SHAPE_REPRESENTATION(#776,#778);
#776 = ( REPRESENTATION_RELATIONSHIP('','',#107,#84) 
REPRESENTATION_RELATIONSHIP_WITH_TRANSFORMATION(#777) 
SHAPE_REPRESENTATION_RELATIONSHIP() );
#777 = ITEM_DEFINED_TRANSFORMATION('','',#11,#85);
#778 = PRODUCT_DEFINITION_SHAPE('Placement','Placement of an item',#779
  );
#779 = NEXT_ASSEMBLY_USAGE_OCCURRENCE('1108','=>[0:1:1:3]','',#79,#102,$
  );
#780 = PRODUCT_RELATED_PRODUCT_CATEGORY('part',$,(#104));
#781 = SHAPE_DEFINITION_REPRESENTATION(#782,#788);
#782 = PRODUCT_DEFINITION_SHAPE('','',#783);
#783 = PRODUCT_DEFINITION('design','',#784,#787);
#784 = PRODUCT_DEFINITION_FORMATION('','',#785);
#785 = PRODUCT('Car body (cabless)','Car body (cabless)','',(#786));
#786 = PRODUCT_CONTEXT('',#2,'mechanical');
#787 = PRODUCT_DEFINITION_CONTEXT('part definition',#2,'design');
#788 = SHAPE_REPRESENTATION('',(#11,#789),#793);
#789 = AXIS2_PLACEMENT_3D('',#790,#791,#792);
#790 = CARTESIAN_POINT('',(0.,0.,0.));
#791 = DIRECTION('',(0.,0.,1.));
#792 = DIRECTION('',(1.,0.,-0.));
#793 = ( GEOMETRIC_REPRESENTATION_CONTEXT(3) 
GLOBAL_UNCERTAINTY_ASSIGNED_CONTEXT((#797)) GLOBAL_UNIT_ASSIGNED_CONTEXT
((#794,#795,#796)) REPRESENTATION_CONTEXT('Context #1',
  '3D Context with UNIT and UNCERTAINTY') );
#794 = ( LENGTH_UNIT() NAMED_UNIT(*) SI_UNIT(.MILLI.,.METRE.) );
#795 = ( NAMED_UNIT(*) PLANE_ANGLE_UNIT() SI_UNIT($,.RADIAN.) );
#796 = ( NAMED_UNIT(*) SI_UNIT($,.STERADIAN.) SOLID_ANGLE_UNIT() );
#797 = UNCERTAINTY_MEASURE_WITH_UNIT(LENGTH_MEASURE(1.E-07),#794,
  'distance_accuracy_value','confusion accuracy');
#798 = CONTEXT_DEPENDENT_SHAPE_REPRESENTATION(#799,#801);
#799 = ( REPRESENTATION_RELATIONSHIP('','',#788,#10) 
REPRESENTATION_RELATIONSHIP_WITH_TRANSFORMATION(#800) 
SHAPE_REPRESENTATION_RELATIONSHIP() );
#800 = ITEM_DEFINED_TRANSFORMATION('','',#11,#19);
#801 = PRODUCT_DEFINITION_SHAPE('Placement','Placement of an item',#802
  );
#802 = NEXT_ASSEMBLY_USAGE_OCCURRENCE('1111','=>[0:1:1:4]','',#5,#783,$
  );
#803 = PRODUCT_RELATED_PRODUCT_CATEGORY('part',$,(#785));
#804 = SHAPE_DEFINITION_REPRESENTATION(#805,#811);
#805 = PRODUCT_DEFINITION_SHAPE('','',#806);
#806 = PRODUCT_DEFINITION('design','',#807,#810);
#807 = PRODUCT_DEFINITION_FORMATION('','',#808);
#808 = PRODUCT('SOLID','SOLID','',(#809));
#809 = PRODUCT_CONTEXT('',#2,'mechanical');
#810 = PRODUCT_DEFINITION_CONTEXT('part definition',#2,'design');
#811 = ADVANCED_BREP_SHAPE_REPRESENTATION('',(#11,#812),#2108);
#812 = MANIFOLD_SOLID_BREP('',#813);
#813 = CLOSED_SHELL('',(#814,#934,#1352,#1423,#1450,#1477,#1484,#1560,
    #1609,#1658,#1685,#1761,#1810,#1859,#1886,#1962,#2011,#2060,#2087,
    #2094,#2101));
#814 = ADVANCED_FACE('',(#815),#829,.T.);
#815 = FACE_BOUND('',#816,.T.);
#816 = EDGE_LOOP('',(#817,#852,#880,#908));
#817 = ORIENTED_EDGE('',*,*,#818,.T.);
#818 = EDGE_CURVE('',#819,#821,#823,.T.);
#819 = VERTEX_POINT('',#820);
#820 = CARTESIAN_POINT('',(-4.55E+04,-1.325E+03,0.));
#821 = VERTEX_POINT('',#822);
#822 = CARTESIAN_POINT('',(-4.55E+04,-1.325E+03,3.6E+03));
#823 = SURFACE_CURVE('',#824,(#828,#840),.PCURVE_S1.);
#824 = LINE('',#825,#826);
#825 = CARTESIAN_POINT('',(-4.55E+04,-1.325E+03,0.));
#826 = VECTOR('',#827,1.);
#827 = DIRECTION('',(0.,0.,1.));
#828 = PCURVE('',#829,#834);
#829 = PLANE('',#830);
#830 = AXIS2_PLACEMENT_3D('',#831,#832,#833);
#831 = CARTESIAN_POINT('',(-4.55E+04,-1.325E+03,0.));
#832 = DIRECTION('',(-1.,0.,0.));
#833 = DIRECTION('',(0.,1.,0.));
#834 = DEFINITIONAL_REPRESENTATION('',(#835),#839);
#835 = LINE('',#836,#837);
#836 = CARTESIAN_POINT('',(0.,0.));
#837 = VECTOR('',#838,1.);
#838 = DIRECTION('',(0.,-1.));
#839 = ( GEOMETRIC_REPRESENTATION_CONTEXT(2) 
PARAMETRIC_REPRESENTATION_CONTEXT() REPRESENTATION_CONTEXT('2D SPACE',''
  ) );
#840 = PCURVE('',#841,#846);
#841 = PLANE('',#842);
#842 = AXIS2_PLACEMENT_3D('',#843,#844,#845);
#843 = CARTESIAN_POINT('',(-4.55E+04,-1.325E+03,0.));
#844 = DIRECTION('',(0.,1.,0.));
#845 = DIRECTION('',(1.,0.,0.));
#846 = DEFINITIONAL_REPRESENTATION('',(#847),#851);
#847 = LINE('',#848,#849);
#848 = CARTESIAN_POINT('',(0.,0.));
#849 = VECTOR('',#850,1.);
#850 = DIRECTION('',(0.,-1.));
#851 = ( GEOMETRIC_REPRESENTATION_CONTEXT(2) 
PARAMETRIC_REPRESENTATION_CONTEXT() REPRESENTATION_CONTEXT('2D SPACE',''
  ) );
#852 = ORIENTED_EDGE('',*,*,#853,.T.);
#853 = EDGE_CURVE('',#821,#854,#856,.T.);
#854 = VERTEX_POINT('',#855);
#855 = CARTESIAN_POINT('',(-4.55E+04,1.325E+03,3.6E+03));
#856 = SURFACE_CURVE('',#857,(#861,#868),.PCURVE_S1.);
#857 = LINE('',#858,#859);
#858 = CARTESIAN_POINT('',(-4.55E+04,0.,3.6E+03));
#859 = VECTOR('',#860,1.);
#860 = DIRECTION('',(0.,1.,0.));
#861 = PCURVE('',#829,#862);
#862 = DEFINITIONAL_REPRESENTATION('',(#863),#867);
#863 = LINE('',#864,#865);
#864 = CARTESIAN_POINT('',(1.325E+03,-3.6E+03));
#865 = VECTOR('',#866,1.);
#866 = DIRECTION('',(1.,0.));
#867 = ( GEOMETRIC_REPRESENTATION_CONTEXT(2) 
PARAMETRIC_REPRESENTATION_CONTEXT() REPRESENTATION_CONTEXT('2D SPACE',''
  ) );
#868 = PCURVE('',#869,#874);
#869 = PLANE('',#870);
#870 = AXIS2_PLACEMENT_3D('',#871,#872,#873);
#871 = CARTESIAN_POINT('',(-3.45E+04,0.,3.6E+03));
#872 = DIRECTION('',(0.,0.,1.));
#873 = DIRECTION('',(1.,0.,0.));
#874 = DEFINITIONAL_REPRESENTATION('',(#875),#879);
#875 = LINE('',#876,#877);
#876 = CARTESIAN_POINT('',(-1.1E+04,0.));
#877 = VECTOR('',#878,1.);
#878 = DIRECTION('',(0.,1.));
#879 = ( GEOMETRIC_REPRESENTATION_CONTEXT(2) 
PARAMETRIC_REPRESENTATION_CONTEXT() REPRESENTATION_CONTEXT('2D SPACE',''
  ) );
#880 = ORIENTED_EDGE('',*,*,#881,.F.);
#881 = EDGE_CURVE('',#882,#854,#884,.T.);
#882 = VERTEX_POINT('',#883);
#883 = CARTESIAN_POINT('',(-4.55E+04,1.325E+03,0.));
#884 = SURFACE_CURVE('',#885,(#889,#896),.PCURVE_S1.);
#885 = LINE('',#886,#887);
#886 = CARTESIAN_POINT('',(-4.55E+04,1.325E+03,0.));
#887 = VECTOR('',#888,1.);
#888 = DIRECTION('',(0.,0.,1.));
#889 = PCURVE('',#829,#890);
#890 = DEFINITIONAL_REPRESENTATION('',(#891),#895);
#891 = LINE('',#892,#893);
#892 = CARTESIAN_POINT('',(2.65E+03,0.));
#893 = VECTOR('',#894,1.);
#894 = DIRECTION('',(0.,-1.));
#895 = ( GEOMETRIC_REPRESENTATION_CONTEXT(2) 
PARAMETRIC_REPRESENTATION_CONTEXT() REPRESENTATION_CONTEXT('2D SPACE',''
  ) );
#896 = PCURVE('',#897,#902);
#897 = PLANE('',#898);
#898 = AXIS2_PLACEMENT_3D('',#899,#900,#901);
#899 = CARTESIAN_POINT('',(-4.55E+04,1.325E+03,0.));
#900 = DIRECTION('',(0.,1.,0.));
#901 = DIRECTION('',(1.,0.,0.));
#902 = DEFINITIONAL_REPRESENTATION('',(#903),#907);
#903 = LINE('',#904,#905);
#904 = CARTESIAN_POINT('',(0.,0.));
#905 = VECTOR('',#906,1.);
#906 = DIRECTION('',(0.,-1.));
#907 = ( GEOMETRIC_REPRESENTATION_CONTEXT(2) 
PARAMETRIC_REPRESENTATION_CONTEXT() REPRESENTATION_CONTEXT('2D SPACE',''
  ) );
#908 = ORIENTED_EDGE('',*,*,#909,.F.);
#909 = EDGE_CURVE('',#819,#882,#910,.T.);
#910 = SURFACE_CURVE('',#911,(#915,#922),.PCURVE_S1.);
#911 = LINE('',#912,#913);
#912 = CARTESIAN_POINT('',(-4.55E+04,0.,0.));
#913 = VECTOR('',#914,1.);
#914 = DIRECTION('',(0.,1.,0.));
#915 = PCURVE('',#829,#916);
#916 = DEFINITIONAL_REPRESENTATION('',(#917),#921);
#917 = LINE('',#918,#919);
#918 = CARTESIAN_POINT('',(1.325E+03,0.));
#919 = VECTOR('',#920,1.);
#920 = DIRECTION('',(1.,0.));
#921 = ( GEOMETRIC_REPRESENTATION_CONTEXT(2) 
PARAMETRIC_REPRESENTATION_CONTEXT() REPRESENTATION_CONTEXT('2D SPACE',''
  ) );
#922 = PCURVE('',#923,#928);
#923 = PLANE('',#924);
#924 = AXIS2_PLACEMENT_3D('',#925,#926,#927);
#925 = CARTESIAN_POINT('',(-3.45E+04,0.,0.));
#926 = DIRECTION('',(0.,0.,1.));
#927 = DIRECTION('',(1.,0.,0.));
#928 = DEFINITIONAL_REPRESENTATION('',(#929),#933);
#929 = LINE('',#930,#931);
#930 = CARTESIAN_POINT('',(-1.1E+04,0.));
#931 = VECTOR('',#932,1.);
#932 = DIRECTION('',(0.,1.));
#933 = ( GEOMETRIC_REPRESENTATION_CONTEXT(2) 
PARAMETRIC_REPRESENTATION_CONTEXT() REPRESENTATION_CONTEXT('2D SPACE',''
  ) );
#934 = ADVANCED_FACE('',(#935,#1010,#1124,#1238),#841,.F.);
#935 = FACE_BOUND('',#936,.F.);
#936 = EDGE_LOOP('',(#937,#938,#961,#989));
#937 = ORIENTED_EDGE('',*,*,#818,.T.);
#938 = ORIENTED_EDGE('',*,*,#939,.T.);
#939 = EDGE_CURVE('',#821,#940,#942,.T.);
#940 = VERTEX_POINT('',#941);
#941 = CARTESIAN_POINT('',(-2.35E+04,-1.325E+03,3.6E+03));
#942 = SURFACE_CURVE('',#943,(#947,#954),.PCURVE_S1.);
#943 = LINE('',#944,#945);
#944 = CARTESIAN_POINT('',(-3.45E+04,-1.325E+03,3.6E+03));
#945 = VECTOR('',#946,1.);
#946 = DIRECTION('',(1.,0.,0.));
#947 = PCURVE('',#841,#948);
#948 = DEFINITIONAL_REPRESENTATION('',(#949),#953);
#949 = LINE('',#950,#951);
#950 = CARTESIAN_POINT('',(1.1E+04,-3.6E+03));
#951 = VECTOR('',#952,1.);
#952 = DIRECTION('',(1.,0.));
#953 = ( GEOMETRIC_REPRESENTATION_CONTEXT(2) 
PARAMETRIC_REPRESENTATION_CONTEXT() REPRESENTATION_CONTEXT('2D SPACE',''
  ) );
#954 = PCURVE('',#869,#955);
#955 = DEFINITIONAL_REPRESENTATION('',(#956),#960);
#956 = LINE('',#957,#958);
#957 = CARTESIAN_POINT('',(0.,-1.325E+03));
#958 = VECTOR('',#959,1.);
#959 = DIRECTION('',(1.,0.));
#960 = ( GEOMETRIC_REPRESENTATION_CONTEXT(2) 
PARAMETRIC_REPRESENTATION_CONTEXT() REPRESENTATION_CONTEXT('2D SPACE',''
  ) );
#961 = ORIENTED_EDGE('',*,*,#962,.F.);
#962 = EDGE_CURVE('',#963,#940,#965,.T.);
#963 = VERTEX_POINT('',#964);
#964 = CARTESIAN_POINT('',(-2.35E+04,-1.325E+03,0.));
#965 = SURFACE_CURVE('',#966,(#970,#977),.PCURVE_S1.);
#966 = LINE('',#967,#968);
#967 = CARTESIAN_POINT('',(-2.35E+04,-1.325E+03,0.));
#968 = VECTOR('',#969,1.);
#969 = DIRECTION('',(0.,0.,1.));
#970 = PCURVE('',#841,#971);
#971 = DEFINITIONAL_REPRESENTATION('',(#972),#976);
#972 = LINE('',#973,#974);
#973 = CARTESIAN_POINT('',(2.2E+04,0.));
#974 = VECTOR('',#975,1.);
#975 = DIRECTION('',(0.,-1.));
#976 = ( GEOMETRIC_REPRESENTATION_CONTEXT(2) 
PARAMETRIC_REPRESENTATION_CONTEXT() REPRESENTATION_CONTEXT('2D SPACE',''
  ) );
#977 = PCURVE('',#978,#983);
#978 = PLANE('',#979);
#979 = AXIS2_PLACEMENT_3D('',#980,#981,#982);
#980 = CARTESIAN_POINT('',(-2.35E+04,-1.325E+03,0.));
#981 = DIRECTION('',(-1.,0.,0.));
#982 = DIRECTION('',(0.,1.,0.));
#983 = DEFINITIONAL_REPRESENTATION('',(#984),#988);
#984 = LINE('',#985,#986);
#985 = CARTESIAN_POINT('',(0.,0.));
#986 = VECTOR('',#987,1.);
#987 = DIRECTION('',(0.,-1.));
#988 = ( GEOMETRIC_REPRESENTATION_CONTEXT(2) 
PARAMETRIC_REPRESENTATION_CONTEXT() REPRESENTATION_CONTEXT('2D SPACE',''
  ) );
#989 = ORIENTED_EDGE('',*,*,#990,.F.);
#990 = EDGE_CURVE('',#819,#963,#991,.T.);
#991 = SURFACE_CURVE('',#992,(#996,#1003),.PCURVE_S1.);
#992 = LINE('',#993,#994);
#993 = CARTESIAN_POINT('',(-3.45E+04,-1.325E+03,0.));
#994 = VECTOR('',#995,1.);
#995 = DIRECTION('',(1.,0.,0.));
#996 = PCURVE('',#841,#997);
#997 = DEFINITIONAL_REPRESENTATION('',(#998),#1002);
#998 = LINE('',#999,#1000);
#999 = CARTESIAN_POINT('',(1.1E+04,0.));
#1000 = VECTOR('',#1001,1.);
#1001 = DIRECTION('',(1.,0.));
#1002 = ( GEOMETRIC_REPRESENTATION_CONTEXT(2) 
PARAMETRIC_REPRESENTATION_CONTEXT() REPRESENTATION_CONTEXT('2D SPACE',''
  ) );
#1003 = PCURVE('',#923,#1004);
#1004 = DEFINITIONAL_REPRESENTATION('',(#1005),#1009);
#1005 = LINE('',#1006,#1007);
#1006 = CARTESIAN_POINT('',(0.,-1.325E+03));
#1007 = VECTOR('',#1008,1.);
#1008 = DIRECTION('',(1.,0.));
#1009 = ( GEOMETRIC_REPRESENTATION_CONTEXT(2) 
PARAMETRIC_REPRESENTATION_CONTEXT() REPRESENTATION_CONTEXT('2D SPACE',''
  ) );
#1010 = FACE_BOUND('',#1011,.F.);
#1011 = EDGE_LOOP('',(#1012,#1042,#1070,#1098));
#1012 = ORIENTED_EDGE('',*,*,#1013,.F.);
#1013 = EDGE_CURVE('',#1014,#1016,#1018,.T.);
#1014 = VERTEX_POINT('',#1015);
#1015 = CARTESIAN_POINT('',(-4.07E+04,-1.325E+03,1.1E+03));
#1016 = VERTEX_POINT('',#1017);
#1017 = CARTESIAN_POINT('',(-4.07E+04,-1.325E+03,3.1E+03));
#1018 = SURFACE_CURVE('',#1019,(#1023,#1030),.PCURVE_S1.);
#1019 = LINE('',#1020,#1021);
#1020 = CARTESIAN_POINT('',(-4.07E+04,-1.325E+03,550.));
#1021 = VECTOR('',#1022,1.);
#1022 = DIRECTION('',(0.,-0.,1.));
#1023 = PCURVE('',#841,#1024);
#1024 = DEFINITIONAL_REPRESENTATION('',(#1025),#1029);
#1025 = LINE('',#1026,#1027);
#1026 = CARTESIAN_POINT('',(4.8E+03,-550.));
#1027 = VECTOR('',#1028,1.);
#1028 = DIRECTION('',(0.,-1.));
#1029 = ( GEOMETRIC_REPRESENTATION_CONTEXT(2) 
PARAMETRIC_REPRESENTATION_CONTEXT() REPRESENTATION_CONTEXT('2D SPACE',''
  ) );
#1030 = PCURVE('',#1031,#1036);
#1031 = PLANE('',#1032);
#1032 = AXIS2_PLACEMENT_3D('',#1033,#1034,#1035);
#1033 = CARTESIAN_POINT('',(-4.07E+04,0.,1.1E+03));
#1034 = DIRECTION('',(-1.,0.,0.));
#1035 = DIRECTION('',(0.,0.,1.));
#1036 = DEFINITIONAL_REPRESENTATION('',(#1037),#1041);
#1037 = LINE('',#1038,#1039);
#1038 = CARTESIAN_POINT('',(-550.,-1.325E+03));
#1039 = VECTOR('',#1040,1.);
#1040 = DIRECTION('',(1.,0.));
#1041 = ( GEOMETRIC_REPRESENTATION_CONTEXT(2) 
PARAMETRIC_REPRESENTATION_CONTEXT() REPRESENTATION_CONTEXT('2D SPACE',''
  ) );
#1042 = ORIENTED_EDGE('',*,*,#1043,.T.);
#1043 = EDGE_CURVE('',#1014,#1044,#1046,.T.);
#1044 = VERTEX_POINT('',#1045);
#1045 = CARTESIAN_POINT('',(-3.93E+04,-1.325E+03,1.1E+03));
#1046 = SURFACE_CURVE('',#1047,(#1051,#1058),.PCURVE_S1.);
#1047 = LINE('',#1048,#1049);
#1048 = CARTESIAN_POINT('',(-4.31E+04,-1.325E+03,1.1E+03));
#1049 = VECTOR('',#1050,1.);
#1050 = DIRECTION('',(1.,-0.,0.));
#1051 = PCURVE('',#841,#1052);
#1052 = DEFINITIONAL_REPRESENTATION('',(#1053),#1057);
#1053 = LINE('',#1054,#1055);
#1054 = CARTESIAN_POINT('',(2.4E+03,-1.1E+03));
#1055 = VECTOR('',#1056,1.);
#1056 = DIRECTION('',(1.,0.));
#1057 = ( GEOMETRIC_REPRESENTATION_CONTEXT(2) 
PARAMETRIC_REPRESENTATION_CONTEXT() REPRESENTATION_CONTEXT('2D SPACE',''
  ) );
#1058 = PCURVE('',#1059,#1064);
#1059 = PLANE('',#1060);
#1060 = AXIS2_PLACEMENT_3D('',#1061,#1062,#1063);
#1061 = CARTESIAN_POINT('',(-4.07E+04,0.,1.1E+03));
#1062 = DIRECTION('',(-0.,0.,1.));
#1063 = DIRECTION('',(1.,0.,0.));
#1064 = DEFINITIONAL_REPRESENTATION('',(#1065),#1069);
#1065 = LINE('',#1066,#1067);
#1066 = CARTESIAN_POINT('',(-2.4E+03,-1.325E+03));
#1067 = VECTOR('',#1068,1.);
#1068 = DIRECTION('',(1.,0.));
#1069 = ( GEOMETRIC_REPRESENTATION_CONTEXT(2) 
PARAMETRIC_REPRESENTATION_CONTEXT() REPRESENTATION_CONTEXT('2D SPACE',''
  ) );
#1070 = ORIENTED_EDGE('',*,*,#1071,.T.);
#1071 = EDGE_CURVE('',#1044,#1072,#1074,.T.);
#1072 = VERTEX_POINT('',#1073);
#1073 = CARTESIAN_POINT('',(-3.93E+04,-1.325E+03,3.1E+03));
#1074 = SURFACE_CURVE('',#1075,(#1079,#1086),.PCURVE_S1.);
#1075 = LINE('',#1076,#1077);
#1076 = CARTESIAN_POINT('',(-3.93E+04,-1.325E+03,550.));
#1077 = VECTOR('',#1078,1.);
#1078 = DIRECTION('',(0.,-0.,1.));
#1079 = PCURVE('',#841,#1080);
#1080 = DEFINITIONAL_REPRESENTATION('',(#1081),#1085);
#1081 = LINE('',#1082,#1083);
#1082 = CARTESIAN_POINT('',(6.2E+03,-550.));
#1083 = VECTOR('',#1084,1.);
#1084 = DIRECTION('',(0.,-1.));
#1085 = ( GEOMETRIC_REPRESENTATION_CONTEXT(2) 
PARAMETRIC_REPRESENTATION_CONTEXT() REPRESENTATION_CONTEXT('2D SPACE',''
  ) );
#1086 = PCURVE('',#1087,#1092);
#1087 = PLANE('',#1088);
#1088 = AXIS2_PLACEMENT_3D('',#1089,#1090,#1091);
#1089 = CARTESIAN_POINT('',(-3.93E+04,0.,1.1E+03));
#1090 = DIRECTION('',(-1.,0.,0.));
#1091 = DIRECTION('',(0.,0.,1.));
#1092 = DEFINITIONAL_REPRESENTATION('',(#1093),#1097);
#1093 = LINE('',#1094,#1095);
#1094 = CARTESIAN_POINT('',(-550.,-1.325E+03));
#1095 = VECTOR('',#1096,1.);
#1096 = DIRECTION('',(1.,0.));
#1097 = ( GEOMETRIC_REPRESENTATION_CONTEXT(2) 
PARAMETRIC_REPRESENTATION_CONTEXT() REPRESENTATION_CONTEXT('2D SPACE',''
  ) );
#1098 = ORIENTED_EDGE('',*,*,#1099,.F.);
#1099 = EDGE_CURVE('',#1016,#1072,#1100,.T.);
#1100 = SURFACE_CURVE('',#1101,(#1105,#1112),.PCURVE_S1.);
#1101 = LINE('',#1102,#1103);
#1102 = CARTESIAN_POINT('',(-4.31E+04,-1.325E+03,3.1E+03));
#1103 = VECTOR('',#1104,1.);
#1104 = DIRECTION('',(1.,-0.,0.));
#1105 = PCURVE('',#841,#1106);
#1106 = DEFINITIONAL_REPRESENTATION('',(#1107),#1111);
#1107 = LINE('',#1108,#1109);
#1108 = CARTESIAN_POINT('',(2.4E+03,-3.1E+03));
#1109 = VECTOR('',#1110,1.);
#1110 = DIRECTION('',(1.,0.));
#1111 = ( GEOMETRIC_REPRESENTATION_CONTEXT(2) 
PARAMETRIC_REPRESENTATION_CONTEXT() REPRESENTATION_CONTEXT('2D SPACE',''
  ) );
#1112 = PCURVE('',#1113,#1118);
#1113 = PLANE('',#1114);
#1114 = AXIS2_PLACEMENT_3D('',#1115,#1116,#1117);
#1115 = CARTESIAN_POINT('',(-4.07E+04,0.,3.1E+03));
#1116 = DIRECTION('',(-0.,0.,1.));
#1117 = DIRECTION('',(1.,0.,0.));
#1118 = DEFINITIONAL_REPRESENTATION('',(#1119),#1123);
#1119 = LINE('',#1120,#1121);
#1120 = CARTESIAN_POINT('',(-2.4E+03,-1.325E+03));
#1121 = VECTOR('',#1122,1.);
#1122 = DIRECTION('',(1.,0.));
#1123 = ( GEOMETRIC_REPRESENTATION_CONTEXT(2) 
PARAMETRIC_REPRESENTATION_CONTEXT() REPRESENTATION_CONTEXT('2D SPACE',''
  ) );
#1124 = FACE_BOUND('',#1125,.F.);
#1125 = EDGE_LOOP('',(#1126,#1156,#1184,#1212));
#1126 = ORIENTED_EDGE('',*,*,#1127,.F.);
#1127 = EDGE_CURVE('',#1128,#1130,#1132,.T.);
#1128 = VERTEX_POINT('',#1129);
#1129 = CARTESIAN_POINT('',(-3.52E+04,-1.325E+03,1.1E+03));
#1130 = VERTEX_POINT('',#1131);
#1131 = CARTESIAN_POINT('',(-3.52E+04,-1.325E+03,3.1E+03));
#1132 = SURFACE_CURVE('',#1133,(#1137,#1144),.PCURVE_S1.);
#1133 = LINE('',#1134,#1135);
#1134 = CARTESIAN_POINT('',(-3.52E+04,-1.325E+03,550.));
#1135 = VECTOR('',#1136,1.);
#1136 = DIRECTION('',(0.,-0.,1.));
#1137 = PCURVE('',#841,#1138);
#1138 = DEFINITIONAL_REPRESENTATION('',(#1139),#1143);
#1139 = LINE('',#1140,#1141);
#1140 = CARTESIAN_POINT('',(1.03E+04,-550.));
#1141 = VECTOR('',#1142,1.);
#1142 = DIRECTION('',(0.,-1.));
#1143 = ( GEOMETRIC_REPRESENTATION_CONTEXT(2) 
PARAMETRIC_REPRESENTATION_CONTEXT() REPRESENTATION_CONTEXT('2D SPACE',''
  ) );
#1144 = PCURVE('',#1145,#1150);
#1145 = PLANE('',#1146);
#1146 = AXIS2_PLACEMENT_3D('',#1147,#1148,#1149);
#1147 = CARTESIAN_POINT('',(-3.52E+04,0.,1.1E+03));
#1148 = DIRECTION('',(-1.,0.,0.));
#1149 = DIRECTION('',(0.,0.,1.));
#1150 = DEFINITIONAL_REPRESENTATION('',(#1151),#1155);
#1151 = LINE('',#1152,#1153);
#1152 = CARTESIAN_POINT('',(-550.,-1.325E+03));
#1153 = VECTOR('',#1154,1.);
#1154 = DIRECTION('',(1.,0.));
#1155 = ( GEOMETRIC_REPRESENTATION_CONTEXT(2) 
PARAMETRIC_REPRESENTATION_CONTEXT() REPRESENTATION_CONTEXT('2D SPACE',''
  ) );
#1156 = ORIENTED_EDGE('',*,*,#1157,.T.);
#1157 = EDGE_CURVE('',#1128,#1158,#1160,.T.);
#1158 = VERTEX_POINT('',#1159);
#1159 = CARTESIAN_POINT('',(-3.38E+04,-1.325E+03,1.1E+03));
#1160 = SURFACE_CURVE('',#1161,(#1165,#1172),.PCURVE_S1.);
#1161 = LINE('',#1162,#1163);
#1162 = CARTESIAN_POINT('',(-4.035E+04,-1.325E+03,1.1E+03));
#1163 = VECTOR('',#1164,1.);
#1164 = DIRECTION('',(1.,-0.,0.));
#1165 = PCURVE('',#841,#1166);
#1166 = DEFINITIONAL_REPRESENTATION('',(#1167),#1171);
#1167 = LINE('',#1168,#1169);
#1168 = CARTESIAN_POINT('',(5.15E+03,-1.1E+03));
#1169 = VECTOR('',#1170,1.);
#1170 = DIRECTION('',(1.,0.));
#1171 = ( GEOMETRIC_REPRESENTATION_CONTEXT(2) 
PARAMETRIC_REPRESENTATION_CONTEXT() REPRESENTATION_CONTEXT('2D SPACE',''
  ) );
#1172 = PCURVE('',#1173,#1178);
#1173 = PLANE('',#1174);
#1174 = AXIS2_PLACEMENT_3D('',#1175,#1176,#1177);
#1175 = CARTESIAN_POINT('',(-3.52E+04,0.,1.1E+03));
#1176 = DIRECTION('',(-0.,0.,1.));
#1177 = DIRECTION('',(1.,0.,0.));
#1178 = DEFINITIONAL_REPRESENTATION('',(#1179),#1183);
#1179 = LINE('',#1180,#1181);
#1180 = CARTESIAN_POINT('',(-5.15E+03,-1.325E+03));
#1181 = VECTOR('',#1182,1.);
#1182 = DIRECTION('',(1.,0.));
#1183 = ( GEOMETRIC_REPRESENTATION_CONTEXT(2) 
PARAMETRIC_REPRESENTATION_CONTEXT() REPRESENTATION_CONTEXT('2D SPACE',''
  ) );
#1184 = ORIENTED_EDGE('',*,*,#1185,.T.);
#1185 = EDGE_CURVE('',#1158,#1186,#1188,.T.);
#1186 = VERTEX_POINT('',#1187);
#1187 = CARTESIAN_POINT('',(-3.38E+04,-1.325E+03,3.1E+03));
#1188 = SURFACE_CURVE('',#1189,(#1193,#1200),.PCURVE_S1.);
#1189 = LINE('',#1190,#1191);
#1190 = CARTESIAN_POINT('',(-3.38E+04,-1.325E+03,550.));
#1191 = VECTOR('',#1192,1.);
#1192 = DIRECTION('',(0.,-0.,1.));
#1193 = PCURVE('',#841,#1194);
#1194 = DEFINITIONAL_REPRESENTATION('',(#1195),#1199);
#1195 = LINE('',#1196,#1197);
#1196 = CARTESIAN_POINT('',(1.17E+04,-550.));
#1197 = VECTOR('',#1198,1.);
#1198 = DIRECTION('',(0.,-1.));
#1199 = ( GEOMETRIC_REPRESENTATION_CONTEXT(2) 
PARAMETRIC_REPRESENTATION_CONTEXT() REPRESENTATION_CONTEXT('2D SPACE',''
  ) );
#1200 = PCURVE('',#1201,#1206);
#1201 = PLANE('',#1202);
#1202 = AXIS2_PLACEMENT_3D('',#1203,#1204,#1205);
#1203 = CARTESIAN_POINT('',(-3.38E+04,0.,1.1E+03));
#1204 = DIRECTION('',(-1.,0.,0.));
#1205 = DIRECTION('',(0.,0.,1.));
#1206 = DEFINITIONAL_REPRESENTATION('',(#1207),#1211);
#1207 = LINE('',#1208,#1209);
#1208 = CARTESIAN_POINT('',(-550.,-1.325E+03));
#1209 = VECTOR('',#1210,1.);
#1210 = DIRECTION('',(1.,0.));
#1211 = ( GEOMETRIC_REPRESENTATION_CONTEXT(2) 
PARAMETRIC_REPRESENTATION_CONTEXT() REPRESENTATION_CONTEXT('2D SPACE',''
  ) );
#1212 = ORIENTED_EDGE('',*,*,#1213,.F.);
#1213 = EDGE_CURVE('',#1130,#1186,#1214,.T.);
#1214 = SURFACE_CURVE('',#1215,(#1219,#1226),.PCURVE_S1.);
#1215 = LINE('',#1216,#1217);
#1216 = CARTESIAN_POINT('',(-4.035E+04,-1.325E+03,3.1E+03));
#1217 = VECTOR('',#1218,1.);
#1218 = DIRECTION('',(1.,-0.,0.));
#1219 = PCURVE('',#841,#1220);
#1220 = DEFINITIONAL_REPRESENTATION('',(#1221),#1225);
#1221 = LINE('',#1222,#1223);
#1222 = CARTESIAN_POINT('',(5.15E+03,-3.1E+03));
#1223 = VECTOR('',#1224,1.);
#1224 = DIRECTION('',(1.,0.));
#1225 = ( GEOMETRIC_REPRESENTATION_CONTEXT(2) 
PARAMETRIC_REPRESENTATION_CONTEXT() REPRESENTATION_CONTEXT('2D SPACE',''
  ) );
#1226 = PCURVE('',#1227,#1232);
#1227 = PLANE('',#1228);
#1228 = AXIS2_PLACEMENT_3D('',#1229,#1230,#1231);
#1229 = CARTESIAN_POINT('',(-3.52E+04,0.,3.1E+03));
#1230 = DIRECTION('',(-0.,0.,1.));
#1231 = DIRECTION('',(1.,0.,0.));
#1232 = DEFINITIONAL_REPRESENTATION('',(#1233),#1237);
#1233 = LINE('',#1234,#1235);
#1234 = CARTESIAN_POINT('',(-5.15E+03,-1.325E+03));
#1235 = VECTOR('',#1236,1.);
#1236 = DIRECTION('',(1.,0.));
#1237 = ( GEOMETRIC_REPRESENTATION_CONTEXT(2) 
PARAMETRIC_REPRESENTATION_CONTEXT() REPRESENTATION_CONTEXT('2D SPACE',''
  ) );
#1238 = FACE_BOUND('',#1239,.F.);
#1239 = EDGE_LOOP('',(#1240,#1270,#1298,#1326));
#1240 = ORIENTED_EDGE('',*,*,#1241,.F.);
#1241 = EDGE_CURVE('',#1242,#1244,#1246,.T.);
#1242 = VERTEX_POINT('',#1243);
#1243 = CARTESIAN_POINT('',(-2.97E+04,-1.325E+03,1.1E+03));
#1244 = VERTEX_POINT('',#1245);
#1245 = CARTESIAN_POINT('',(-2.97E+04,-1.325E+03,3.1E+03));
#1246 = SURFACE_CURVE('',#1247,(#1251,#1258),.PCURVE_S1.);
#1247 = LINE('',#1248,#1249);
#1248 = CARTESIAN_POINT('',(-2.97E+04,-1.325E+03,550.));
#1249 = VECTOR('',#1250,1.);
#1250 = DIRECTION('',(0.,-0.,1.));
#1251 = PCURVE('',#841,#1252);
#1252 = DEFINITIONAL_REPRESENTATION('',(#1253),#1257);
#1253 = LINE('',#1254,#1255);
#1254 = CARTESIAN_POINT('',(1.58E+04,-550.));
#1255 = VECTOR('',#1256,1.);
#1256 = DIRECTION('',(0.,-1.));
#1257 = ( GEOMETRIC_REPRESENTATION_CONTEXT(2) 
PARAMETRIC_REPRESENTATION_CONTEXT() REPRESENTATION_CONTEXT('2D SPACE',''
  ) );
#1258 = PCURVE('',#1259,#1264);
#1259 = PLANE('',#1260);
#1260 = AXIS2_PLACEMENT_3D('',#1261,#1262,#1263);
#1261 = CARTESIAN_POINT('',(-2.97E+04,0.,1.1E+03));
#1262 = DIRECTION('',(-1.,0.,0.));
#1263 = DIRECTION('',(0.,0.,1.));
#1264 = DEFINITIONAL_REPRESENTATION('',(#1265),#1269);
#1265 = LINE('',#1266,#1267);
#1266 = CARTESIAN_POINT('',(-550.,-1.325E+03));
#1267 = VECTOR('',#1268,1.);
#1268 = DIRECTION('',(1.,0.));
#1269 = ( GEOMETRIC_REPRESENTATION_CONTEXT(2) 
PARAMETRIC_REPRESENTATION_CONTEXT() REPRESENTATION_CONTEXT('2D SPACE',''
  ) );
#1270 = ORIENTED_EDGE('',*,*,#1271,.T.);
#1271 = EDGE_CURVE('',#1242,#1272,#1274,.T.);
#1272 = VERTEX_POINT('',#1273);
#1273 = CARTESIAN_POINT('',(-2.83E+04,-1.325E+03,1.1E+03));
#1274 = SURFACE_CURVE('',#1275,(#1279,#1286),.PCURVE_S1.);
#1275 = LINE('',#1276,#1277);
#1276 = CARTESIAN_POINT('',(-3.76E+04,-1.325E+03,1.1E+03));
#1277 = VECTOR('',#1278,1.);
#1278 = DIRECTION('',(1.,-0.,0.));
#1279 = PCURVE('',#841,#1280);
#1280 = DEFINITIONAL_REPRESENTATION('',(#1281),#1285);
#1281 = LINE('',#1282,#1283);
#1282 = CARTESIAN_POINT('',(7.9E+03,-1.1E+03));
#1283 = VECTOR('',#1284,1.);
#1284 = DIRECTION('',(1.,0.));
#1285 = ( GEOMETRIC_REPRESENTATION_CONTEXT(2) 
PARAMETRIC_REPRESENTATION_CONTEXT() REPRESENTATION_CONTEXT('2D SPACE',''
  ) );
#1286 = PCURVE('',#1287,#1292);
#1287 = PLANE('',#1288);
#1288 = AXIS2_PLACEMENT_3D('',#1289,#1290,#1291);
#1289 = CARTESIAN_POINT('',(-2.97E+04,0.,1.1E+03));
#1290 = DIRECTION('',(-0.,0.,1.));
#1291 = DIRECTION('',(1.,0.,0.));
#1292 = DEFINITIONAL_REPRESENTATION('',(#1293),#1297);
#1293 = LINE('',#1294,#1295);
#1294 = CARTESIAN_POINT('',(-7.9E+03,-1.325E+03));
#1295 = VECTOR('',#1296,1.);
#1296 = DIRECTION('',(1.,0.));
#1297 = ( GEOMETRIC_REPRESENTATION_CONTEXT(2) 
PARAMETRIC_REPRESENTATION_CONTEXT() REPRESENTATION_CONTEXT('2D SPACE',''
  ) );
#1298 = ORIENTED_EDGE('',*,*,#1299,.T.);
#1299 = EDGE_CURVE('',#1272,#1300,#1302,.T.);
#1300 = VERTEX_POINT('',#1301);
#1301 = CARTESIAN_POINT('',(-2.83E+04,-1.325E+03,3.1E+03));
#1302 = SURFACE_CURVE('',#1303,(#1307,#1314),.PCURVE_S1.);
#1303 = LINE('',#1304,#1305);
#1304 = CARTESIAN_POINT('',(-2.83E+04,-1.325E+03,550.));
#1305 = VECTOR('',#1306,1.);
#1306 = DIRECTION('',(0.,-0.,1.));
#1307 = PCURVE('',#841,#1308);
#1308 = DEFINITIONAL_REPRESENTATION('',(#1309),#1313);
#1309 = LINE('',#1310,#1311);
#1310 = CARTESIAN_POINT('',(1.72E+04,-550.));
#1311 = VECTOR('',#1312,1.);
#1312 = DIRECTION('',(0.,-1.));
#1313 = ( GEOMETRIC_REPRESENTATION_CONTEXT(2) 
PARAMETRIC_REPRESENTATION_CONTEXT() REPRESENTATION_CONTEXT('2D SPACE',''
  ) );
#1314 = PCURVE('',#1315,#1320);
#1315 = PLANE('',#1316);
#1316 = AXIS2_PLACEMENT_3D('',#1317,#1318,#1319);
#1317 = CARTESIAN_POINT('',(-2.83E+04,0.,1.1E+03));
#1318 = DIRECTION('',(-1.,0.,0.));
#1319 = DIRECTION('',(0.,0.,1.));
#1320 = DEFINITIONAL_REPRESENTATION('',(#1321),#1325);
#1321 = LINE('',#1322,#1323);
#1322 = CARTESIAN_POINT('',(-550.,-1.325E+03));
#1323 = VECTOR('',#1324,1.);
#1324 = DIRECTION('',(1.,0.));
#1325 = ( GEOMETRIC_REPRESENTATION_CONTEXT(2) 
PARAMETRIC_REPRESENTATION_CONTEXT() REPRESENTATION_CONTEXT('2D SPACE',''
  ) );
#1326 = ORIENTED_EDGE('',*,*,#1327,.F.);
#1327 = EDGE_CURVE('',#1244,#1300,#1328,.T.);
#1328 = SURFACE_CURVE('',#1329,(#1333,#1340),.PCURVE_S1.);
#1329 = LINE('',#1330,#1331);
#1330 = CARTESIAN_POINT('',(-3.76E+04,-1.325E+03,3.1E+03));
#1331 = VECTOR('',#1332,1.);
#1332 = DIRECTION('',(1.,-0.,0.));
#1333 = PCURVE('',#841,#1334);
#1334 = DEFINITIONAL_REPRESENTATION('',(#1335),#1339);
#1335 = LINE('',#1336,#1337);
#1336 = CARTESIAN_POINT('',(7.9E+03,-3.1E+03));
#1337 = VECTOR('',#1338,1.);
#1338 = DIRECTION('',(1.,0.));
#1339 = ( GEOMETRIC_REPRESENTATION_CONTEXT(2) 
PARAMETRIC_REPRESENTATION_CONTEXT() REPRESENTATION_CONTEXT('2D SPACE',''
  ) );
#1340 = PCURVE('',#1341,#1346);
#1341 = PLANE('',#1342);
#1342 = AXIS2_PLACEMENT_3D('',#1343,#1344,#1345);
#1343 = CARTESIAN_POINT('',(-2.97E+04,0.,3.1E+03));
#1344 = DIRECTION('',(-0.,0.,1.));
#1345 = DIRECTION('',(1.,0.,0.));
#1346 = DEFINITIONAL_REPRESENTATION('',(#1347),#1351);
#1347 = LINE('',#1348,#1349);
#1348 = CARTESIAN_POINT('',(-7.9E+03,-1.325E+03));
#1349 = VECTOR('',#1350,1.);
#1350 = DIRECTION('',(1.,0.));
#1351 = ( GEOMETRIC_REPRESENTATION_CONTEXT(2) 
PARAMETRIC_REPRESENTATION_CONTEXT() REPRESENTATION_CONTEXT('2D SPACE',''
  ) );
#1352 = ADVANCED_FACE('',(#1353),#897,.T.);
#1353 = FACE_BOUND('',#1354,.T.);
#1354 = EDGE_LOOP('',(#1355,#1356,#1379,#1402));
#1355 = ORIENTED_EDGE('',*,*,#881,.T.);
#1356 = ORIENTED_EDGE('',*,*,#1357,.T.);
#1357 = EDGE_CURVE('',#854,#1358,#1360,.T.);
#1358 = VERTEX_POINT('',#1359);
#1359 = CARTESIAN_POINT('',(-2.35E+04,1.325E+03,3.6E+03));
#1360 = SURFACE_CURVE('',#1361,(#1365,#1372),.PCURVE_S1.);
#1361 = LINE('',#1362,#1363);
#1362 = CARTESIAN_POINT('',(-3.45E+04,1.325E+03,3.6E+03));
#1363 = VECTOR('',#1364,1.);
#1364 = DIRECTION('',(1.,0.,0.));
#1365 = PCURVE('',#897,#1366);
#1366 = DEFINITIONAL_REPRESENTATION('',(#1367),#1371);
#1367 = LINE('',#1368,#1369);
#1368 = CARTESIAN_POINT('',(1.1E+04,-3.6E+03));
#1369 = VECTOR('',#1370,1.);
#1370 = DIRECTION('',(1.,0.));
#1371 = ( GEOMETRIC_REPRESENTATION_CONTEXT(2) 
PARAMETRIC_REPRESENTATION_CONTEXT() REPRESENTATION_CONTEXT('2D SPACE',''
  ) );
#1372 = PCURVE('',#869,#1373);
#1373 = DEFINITIONAL_REPRESENTATION('',(#1374),#1378);
#1374 = LINE('',#1375,#1376);
#1375 = CARTESIAN_POINT('',(0.,1.325E+03));
#1376 = VECTOR('',#1377,1.);
#1377 = DIRECTION('',(1.,0.));
#1378 = ( GEOMETRIC_REPRESENTATION_CONTEXT(2) 
PARAMETRIC_REPRESENTATION_CONTEXT() REPRESENTATION_CONTEXT('2D SPACE',''
  ) );
#1379 = ORIENTED_EDGE('',*,*,#1380,.F.);
#1380 = EDGE_CURVE('',#1381,#1358,#1383,.T.);
#1381 = VERTEX_POINT('',#1382);
#1382 = CARTESIAN_POINT('',(-2.35E+04,1.325E+03,0.));
#1383 = SURFACE_CURVE('',#1384,(#1388,#1395),.PCURVE_S1.);
#1384 = LINE('',#1385,#1386);
#1385 = CARTESIAN_POINT('',(-2.35E+04,1.325E+03,0.));
#1386 = VECTOR('',#1387,1.);
#1387 = DIRECTION('',(0.,0.,1.));
#1388 = PCURVE('',#897,#1389);
#1389 = DEFINITIONAL_REPRESENTATION('',(#1390),#1394);
#1390 = LINE('',#1391,#1392);
#1391 = CARTESIAN_POINT('',(2.2E+04,0.));
#1392 = VECTOR('',#1393,1.);
#1393 = DIRECTION('',(0.,-1.));
#1394 = ( GEOMETRIC_REPRESENTATION_CONTEXT(2) 
PARAMETRIC_REPRESENTATION_CONTEXT() REPRESENTATION_CONTEXT('2D SPACE',''
  ) );
#1395 = PCURVE('',#978,#1396);
#1396 = DEFINITIONAL_REPRESENTATION('',(#1397),#1401);
#1397 = LINE('',#1398,#1399);
#1398 = CARTESIAN_POINT('',(2.65E+03,0.));
#1399 = VECTOR('',#1400,1.);
#1400 = DIRECTION('',(0.,-1.));
#1401 = ( GEOMETRIC_REPRESENTATION_CONTEXT(2) 
PARAMETRIC_REPRESENTATION_CONTEXT() REPRESENTATION_CONTEXT('2D SPACE',''
  ) );
#1402 = ORIENTED_EDGE('',*,*,#1403,.F.);
#1403 = EDGE_CURVE('',#882,#1381,#1404,.T.);
#1404 = SURFACE_CURVE('',#1405,(#1409,#1416),.PCURVE_S1.);
#1405 = LINE('',#1406,#1407);
#1406 = CARTESIAN_POINT('',(-3.45E+04,1.325E+03,0.));
#1407 = VECTOR('',#1408,1.);
#1408 = DIRECTION('',(1.,0.,0.));
#1409 = PCURVE('',#897,#1410);
#1410 = DEFINITIONAL_REPRESENTATION('',(#1411),#1415);
#1411 = LINE('',#1412,#1413);
#1412 = CARTESIAN_POINT('',(1.1E+04,0.));
#1413 = VECTOR('',#1414,1.);
#1414 = DIRECTION('',(1.,0.));
#1415 = ( GEOMETRIC_REPRESENTATION_CONTEXT(2) 
PARAMETRIC_REPRESENTATION_CONTEXT() REPRESENTATION_CONTEXT('2D SPACE',''
  ) );
#1416 = PCURVE('',#923,#1417);
#1417 = DEFINITIONAL_REPRESENTATION('',(#1418),#1422);
#1418 = LINE('',#1419,#1420);
#1419 = CARTESIAN_POINT('',(0.,1.325E+03));
#1420 = VECTOR('',#1421,1.);
#1421 = DIRECTION('',(1.,0.));
#1422 = ( GEOMETRIC_REPRESENTATION_CONTEXT(2) 
PARAMETRIC_REPRESENTATION_CONTEXT() REPRESENTATION_CONTEXT('2D SPACE',''
  ) );
#1423 = ADVANCED_FACE('',(#1424),#923,.F.);
#1424 = FACE_BOUND('',#1425,.F.);
#1425 = EDGE_LOOP('',(#1426,#1427,#1428,#1449));
#1426 = ORIENTED_EDGE('',*,*,#909,.F.);
#1427 = ORIENTED_EDGE('',*,*,#990,.T.);
#1428 = ORIENTED_EDGE('',*,*,#1429,.T.);
#1429 = EDGE_CURVE('',#963,#1381,#1430,.T.);
#1430 = SURFACE_CURVE('',#1431,(#1435,#1442),.PCURVE_S1.);
#1431 = LINE('',#1432,#1433);
#1432 = CARTESIAN_POINT('',(-2.35E+04,0.,0.));
#1433 = VECTOR('',#1434,1.);
#1434 = DIRECTION('',(0.,1.,0.));
#1435 = PCURVE('',#923,#1436);
#1436 = DEFINITIONAL_REPRESENTATION('',(#1437),#1441);
#1437 = LINE('',#1438,#1439);
#1438 = CARTESIAN_POINT('',(1.1E+04,0.));
#1439 = VECTOR('',#1440,1.);
#1440 = DIRECTION('',(0.,1.));
#1441 = ( GEOMETRIC_REPRESENTATION_CONTEXT(2) 
PARAMETRIC_REPRESENTATION_CONTEXT() REPRESENTATION_CONTEXT('2D SPACE',''
  ) );
#1442 = PCURVE('',#978,#1443);
#1443 = DEFINITIONAL_REPRESENTATION('',(#1444),#1448);
#1444 = LINE('',#1445,#1446);
#1445 = CARTESIAN_POINT('',(1.325E+03,0.));
#1446 = VECTOR('',#1447,1.);
#1447 = DIRECTION('',(1.,0.));
#1448 = ( GEOMETRIC_REPRESENTATION_CONTEXT(2) 
PARAMETRIC_REPRESENTATION_CONTEXT() REPRESENTATION_CONTEXT('2D SPACE',''
  ) );
#1449 = ORIENTED_EDGE('',*,*,#1403,.F.);
#1450 = ADVANCED_FACE('',(#1451),#869,.T.);
#1451 = FACE_BOUND('',#1452,.T.);
#1452 = EDGE_LOOP('',(#1453,#1454,#1455,#1476));
#1453 = ORIENTED_EDGE('',*,*,#853,.F.);
#1454 = ORIENTED_EDGE('',*,*,#939,.T.);
#1455 = ORIENTED_EDGE('',*,*,#1456,.T.);
#1456 = EDGE_CURVE('',#940,#1358,#1457,.T.);
#1457 = SURFACE_CURVE('',#1458,(#1462,#1469),.PCURVE_S1.);
#1458 = LINE('',#1459,#1460);
#1459 = CARTESIAN_POINT('',(-2.35E+04,0.,3.6E+03));
#1460 = VECTOR('',#1461,1.);
#1461 = DIRECTION('',(0.,1.,0.));
#1462 = PCURVE('',#869,#1463);
#1463 = DEFINITIONAL_REPRESENTATION('',(#1464),#1468);
#1464 = LINE('',#1465,#1466);
#1465 = CARTESIAN_POINT('',(1.1E+04,0.));
#1466 = VECTOR('',#1467,1.);
#1467 = DIRECTION('',(0.,1.));
#1468 = ( GEOMETRIC_REPRESENTATION_CONTEXT(2) 
PARAMETRIC_REPRESENTATION_CONTEXT() REPRESENTATION_CONTEXT('2D SPACE',''
  ) );
#1469 = PCURVE('',#978,#1470);
#1470 = DEFINITIONAL_REPRESENTATION('',(#1471),#1475);
#1471 = LINE('',#1472,#1473);
#1472 = CARTESIAN_POINT('',(1.325E+03,-3.6E+03));
#1473 = VECTOR('',#1474,1.);
#1474 = DIRECTION('',(1.,0.));
#1475 = ( GEOMETRIC_REPRESENTATION_CONTEXT(2) 
PARAMETRIC_REPRESENTATION_CONTEXT() REPRESENTATION_CONTEXT('2D SPACE',''
  ) );
#1476 = ORIENTED_EDGE('',*,*,#1357,.F.);
#1477 = ADVANCED_FACE('',(#1478),#978,.F.);
#1478 = FACE_BOUND('',#1479,.F.);
#1479 = EDGE_LOOP('',(#1480,#1481,#1482,#1483));
#1480 = ORIENTED_EDGE('',*,*,#962,.T.);
#1481 = ORIENTED_EDGE('',*,*,#1456,.T.);
#1482 = ORIENTED_EDGE('',*,*,#1380,.F.);
#1483 = ORIENTED_EDGE('',*,*,#1429,.F.);
#1484 = ADVANCED_FACE('',(#1485),#1031,.F.);
#1485 = FACE_BOUND('',#1486,.F.);
#1486 = EDGE_LOOP('',(#1487,#1517,#1538,#1539));
#1487 = ORIENTED_EDGE('',*,*,#1488,.F.);
#1488 = EDGE_CURVE('',#1489,#1491,#1493,.T.);
#1489 = VERTEX_POINT('',#1490);
#1490 = CARTESIAN_POINT('',(-4.07E+04,0.,1.1E+03));
#1491 = VERTEX_POINT('',#1492);
#1492 = CARTESIAN_POINT('',(-4.07E+04,0.,3.1E+03));
#1493 = SURFACE_CURVE('',#1494,(#1498,#1505),.PCURVE_S1.);
#1494 = LINE('',#1495,#1496);
#1495 = CARTESIAN_POINT('',(-4.07E+04,0.,2.1E+03));
#1496 = VECTOR('',#1497,1.);
#1497 = DIRECTION('',(0.,0.,1.));
#1498 = PCURVE('',#1031,#1499);
#1499 = DEFINITIONAL_REPRESENTATION('',(#1500),#1504);
#1500 = LINE('',#1501,#1502);
#1501 = CARTESIAN_POINT('',(1.E+03,0.));
#1502 = VECTOR('',#1503,1.);
#1503 = DIRECTION('',(1.,0.));
#1504 = ( GEOMETRIC_REPRESENTATION_CONTEXT(2) 
PARAMETRIC_REPRESENTATION_CONTEXT() REPRESENTATION_CONTEXT('2D SPACE',''
  ) );
#1505 = PCURVE('',#1506,#1511);
#1506 = PLANE('',#1507);
#1507 = AXIS2_PLACEMENT_3D('',#1508,#1509,#1510);
#1508 = CARTESIAN_POINT('',(-4.E+04,0.,2.1E+03));
#1509 = DIRECTION('',(0.,-1.,0.));
#1510 = DIRECTION('',(1.,0.,0.));
#1511 = DEFINITIONAL_REPRESENTATION('',(#1512),#1516);
#1512 = LINE('',#1513,#1514);
#1513 = CARTESIAN_POINT('',(-700.,0.));
#1514 = VECTOR('',#1515,1.);
#1515 = DIRECTION('',(0.,1.));
#1516 = ( GEOMETRIC_REPRESENTATION_CONTEXT(2) 
PARAMETRIC_REPRESENTATION_CONTEXT() REPRESENTATION_CONTEXT('2D SPACE',''
  ) );
#1517 = ORIENTED_EDGE('',*,*,#1518,.T.);
#1518 = EDGE_CURVE('',#1489,#1014,#1519,.T.);
#1519 = SURFACE_CURVE('',#1520,(#1524,#1531),.PCURVE_S1.);
#1520 = LINE('',#1521,#1522);
#1521 = CARTESIAN_POINT('',(-4.07E+04,0.,1.1E+03));
#1522 = VECTOR('',#1523,1.);
#1523 = DIRECTION('',(0.,-1.,0.));
#1524 = PCURVE('',#1031,#1525);
#1525 = DEFINITIONAL_REPRESENTATION('',(#1526),#1530);
#1526 = LINE('',#1527,#1528);
#1527 = CARTESIAN_POINT('',(0.,0.));
#1528 = VECTOR('',#1529,1.);
#1529 = DIRECTION('',(0.,-1.));
#1530 = ( GEOMETRIC_REPRESENTATION_CONTEXT(2) 
PARAMETRIC_REPRESENTATION_CONTEXT() REPRESENTATION_CONTEXT('2D SPACE',''
  ) );
#1531 = PCURVE('',#1059,#1532);
#1532 = DEFINITIONAL_REPRESENTATION('',(#1533),#1537);
#1533 = LINE('',#1534,#1535);
#1534 = CARTESIAN_POINT('',(0.,0.));
#1535 = VECTOR('',#1536,1.);
#1536 = DIRECTION('',(0.,-1.));
#1537 = ( GEOMETRIC_REPRESENTATION_CONTEXT(2) 
PARAMETRIC_REPRESENTATION_CONTEXT() REPRESENTATION_CONTEXT('2D SPACE',''
  ) );
#1538 = ORIENTED_EDGE('',*,*,#1013,.T.);
#1539 = ORIENTED_EDGE('',*,*,#1540,.F.);
#1540 = EDGE_CURVE('',#1491,#1016,#1541,.T.);
#1541 = SURFACE_CURVE('',#1542,(#1546,#1553),.PCURVE_S1.);
#1542 = LINE('',#1543,#1544);
#1543 = CARTESIAN_POINT('',(-4.07E+04,0.,3.1E+03));
#1544 = VECTOR('',#1545,1.);
#1545 = DIRECTION('',(0.,-1.,0.));
#1546 = PCURVE('',#1031,#1547);
#1547 = DEFINITIONAL_REPRESENTATION('',(#1548),#1552);
#1548 = LINE('',#1549,#1550);
#1549 = CARTESIAN_POINT('',(2.E+03,0.));
#1550 = VECTOR('',#1551,1.);
#1551 = DIRECTION('',(0.,-1.));
#1552 = ( GEOMETRIC_REPRESENTATION_CONTEXT(2) 
PARAMETRIC_REPRESENTATION_CONTEXT() REPRESENTATION_CONTEXT('2D SPACE',''
  ) );
#1553 = PCURVE('',#1113,#1554);
#1554 = DEFINITIONAL_REPRESENTATION('',(#1555),#1559);
#1555 = LINE('',#1556,#1557);
#1556 = CARTESIAN_POINT('',(0.,0.));
#1557 = VECTOR('',#1558,1.);
#1558 = DIRECTION('',(0.,-1.));
#1559 = ( GEOMETRIC_REPRESENTATION_CONTEXT(2) 
PARAMETRIC_REPRESENTATION_CONTEXT() REPRESENTATION_CONTEXT('2D SPACE',''
  ) );
#1560 = ADVANCED_FACE('',(#1561),#1059,.T.);
#1561 = FACE_BOUND('',#1562,.T.);
#1562 = EDGE_LOOP('',(#1563,#1586,#1587,#1588));
#1563 = ORIENTED_EDGE('',*,*,#1564,.F.);
#1564 = EDGE_CURVE('',#1489,#1565,#1567,.T.);
#1565 = VERTEX_POINT('',#1566);
#1566 = CARTESIAN_POINT('',(-3.93E+04,0.,1.1E+03));
#1567 = SURFACE_CURVE('',#1568,(#1572,#1579),.PCURVE_S1.);
#1568 = LINE('',#1569,#1570);
#1569 = CARTESIAN_POINT('',(-4.E+04,0.,1.1E+03));
#1570 = VECTOR('',#1571,1.);
#1571 = DIRECTION('',(1.,0.,0.));
#1572 = PCURVE('',#1059,#1573);
#1573 = DEFINITIONAL_REPRESENTATION('',(#1574),#1578);
#1574 = LINE('',#1575,#1576);
#1575 = CARTESIAN_POINT('',(700.,0.));
#1576 = VECTOR('',#1577,1.);
#1577 = DIRECTION('',(1.,0.));
#1578 = ( GEOMETRIC_REPRESENTATION_CONTEXT(2) 
PARAMETRIC_REPRESENTATION_CONTEXT() REPRESENTATION_CONTEXT('2D SPACE',''
  ) );
#1579 = PCURVE('',#1506,#1580);
#1580 = DEFINITIONAL_REPRESENTATION('',(#1581),#1585);
#1581 = LINE('',#1582,#1583);
#1582 = CARTESIAN_POINT('',(0.,-1.E+03));
#1583 = VECTOR('',#1584,1.);
#1584 = DIRECTION('',(1.,0.));
#1585 = ( GEOMETRIC_REPRESENTATION_CONTEXT(2) 
PARAMETRIC_REPRESENTATION_CONTEXT() REPRESENTATION_CONTEXT('2D SPACE',''
  ) );
#1586 = ORIENTED_EDGE('',*,*,#1518,.T.);
#1587 = ORIENTED_EDGE('',*,*,#1043,.T.);
#1588 = ORIENTED_EDGE('',*,*,#1589,.F.);
#1589 = EDGE_CURVE('',#1565,#1044,#1590,.T.);
#1590 = SURFACE_CURVE('',#1591,(#1595,#1602),.PCURVE_S1.);
#1591 = LINE('',#1592,#1593);
#1592 = CARTESIAN_POINT('',(-3.93E+04,0.,1.1E+03));
#1593 = VECTOR('',#1594,1.);
#1594 = DIRECTION('',(0.,-1.,0.));
#1595 = PCURVE('',#1059,#1596);
#1596 = DEFINITIONAL_REPRESENTATION('',(#1597),#1601);
#1597 = LINE('',#1598,#1599);
#1598 = CARTESIAN_POINT('',(1.4E+03,0.));
#1599 = VECTOR('',#1600,1.);
#1600 = DIRECTION('',(0.,-1.));
#1601 = ( GEOMETRIC_REPRESENTATION_CONTEXT(2) 
PARAMETRIC_REPRESENTATION_CONTEXT() REPRESENTATION_CONTEXT('2D SPACE',''
  ) );
#1602 = PCURVE('',#1087,#1603);
#1603 = DEFINITIONAL_REPRESENTATION('',(#1604),#1608);
#1604 = LINE('',#1605,#1606);
#1605 = CARTESIAN_POINT('',(0.,0.));
#1606 = VECTOR('',#1607,1.);
#1607 = DIRECTION('',(0.,-1.));
#1608 = ( GEOMETRIC_REPRESENTATION_CONTEXT(2) 
PARAMETRIC_REPRESENTATION_CONTEXT() REPRESENTATION_CONTEXT('2D SPACE',''
  ) );
#1609 = ADVANCED_FACE('',(#1610),#1113,.F.);
#1610 = FACE_BOUND('',#1611,.F.);
#1611 = EDGE_LOOP('',(#1612,#1635,#1636,#1637));
#1612 = ORIENTED_EDGE('',*,*,#1613,.F.);
#1613 = EDGE_CURVE('',#1491,#1614,#1616,.T.);
#1614 = VERTEX_POINT('',#1615);
#1615 = CARTESIAN_POINT('',(-3.93E+04,0.,3.1E+03));
#1616 = SURFACE_CURVE('',#1617,(#1621,#1628),.PCURVE_S1.);
#1617 = LINE('',#1618,#1619);
#1618 = CARTESIAN_POINT('',(-4.E+04,0.,3.1E+03));
#1619 = VECTOR('',#1620,1.);
#1620 = DIRECTION('',(1.,0.,0.));
#1621 = PCURVE('',#1113,#1622);
#1622 = DEFINITIONAL_REPRESENTATION('',(#1623),#1627);
#1623 = LINE('',#1624,#1625);
#1624 = CARTESIAN_POINT('',(700.,0.));
#1625 = VECTOR('',#1626,1.);
#1626 = DIRECTION('',(1.,0.));
#1627 = ( GEOMETRIC_REPRESENTATION_CONTEXT(2) 
PARAMETRIC_REPRESENTATION_CONTEXT() REPRESENTATION_CONTEXT('2D SPACE',''
  ) );
#1628 = PCURVE('',#1506,#1629);
#1629 = DEFINITIONAL_REPRESENTATION('',(#1630),#1634);
#1630 = LINE('',#1631,#1632);
#1631 = CARTESIAN_POINT('',(0.,1.E+03));
#1632 = VECTOR('',#1633,1.);
#1633 = DIRECTION('',(1.,0.));
#1634 = ( GEOMETRIC_REPRESENTATION_CONTEXT(2) 
PARAMETRIC_REPRESENTATION_CONTEXT() REPRESENTATION_CONTEXT('2D SPACE',''
  ) );
#1635 = ORIENTED_EDGE('',*,*,#1540,.T.);
#1636 = ORIENTED_EDGE('',*,*,#1099,.T.);
#1637 = ORIENTED_EDGE('',*,*,#1638,.F.);
#1638 = EDGE_CURVE('',#1614,#1072,#1639,.T.);
#1639 = SURFACE_CURVE('',#1640,(#1644,#1651),.PCURVE_S1.);
#1640 = LINE('',#1641,#1642);
#1641 = CARTESIAN_POINT('',(-3.93E+04,0.,3.1E+03));
#1642 = VECTOR('',#1643,1.);
#1643 = DIRECTION('',(0.,-1.,0.));
#1644 = PCURVE('',#1113,#1645);
#1645 = DEFINITIONAL_REPRESENTATION('',(#1646),#1650);
#1646 = LINE('',#1647,#1648);
#1647 = CARTESIAN_POINT('',(1.4E+03,0.));
#1648 = VECTOR('',#1649,1.);
#1649 = DIRECTION('',(0.,-1.));
#1650 = ( GEOMETRIC_REPRESENTATION_CONTEXT(2) 
PARAMETRIC_REPRESENTATION_CONTEXT() REPRESENTATION_CONTEXT('2D SPACE',''
  ) );
#1651 = PCURVE('',#1087,#1652);
#1652 = DEFINITIONAL_REPRESENTATION('',(#1653),#1657);
#1653 = LINE('',#1654,#1655);
#1654 = CARTESIAN_POINT('',(2.E+03,0.));
#1655 = VECTOR('',#1656,1.);
#1656 = DIRECTION('',(0.,-1.));
#1657 = ( GEOMETRIC_REPRESENTATION_CONTEXT(2) 
PARAMETRIC_REPRESENTATION_CONTEXT() REPRESENTATION_CONTEXT('2D SPACE',''
  ) );
#1658 = ADVANCED_FACE('',(#1659),#1087,.T.);
#1659 = FACE_BOUND('',#1660,.T.);
#1660 = EDGE_LOOP('',(#1661,#1682,#1683,#1684));
#1661 = ORIENTED_EDGE('',*,*,#1662,.F.);
#1662 = EDGE_CURVE('',#1565,#1614,#1663,.T.);
#1663 = SURFACE_CURVE('',#1664,(#1668,#1675),.PCURVE_S1.);
#1664 = LINE('',#1665,#1666);
#1665 = CARTESIAN_POINT('',(-3.93E+04,0.,2.1E+03));
#1666 = VECTOR('',#1667,1.);
#1667 = DIRECTION('',(0.,0.,1.));
#1668 = PCURVE('',#1087,#1669);
#1669 = DEFINITIONAL_REPRESENTATION('',(#1670),#1674);
#1670 = LINE('',#1671,#1672);
#1671 = CARTESIAN_POINT('',(1.E+03,0.));
#1672 = VECTOR('',#1673,1.);
#1673 = DIRECTION('',(1.,0.));
#1674 = ( GEOMETRIC_REPRESENTATION_CONTEXT(2) 
PARAMETRIC_REPRESENTATION_CONTEXT() REPRESENTATION_CONTEXT('2D SPACE',''
  ) );
#1675 = PCURVE('',#1506,#1676);
#1676 = DEFINITIONAL_REPRESENTATION('',(#1677),#1681);
#1677 = LINE('',#1678,#1679);
#1678 = CARTESIAN_POINT('',(700.,0.));
#1679 = VECTOR('',#1680,1.);
#1680 = DIRECTION('',(0.,1.));
#1681 = ( GEOMETRIC_REPRESENTATION_CONTEXT(2) 
PARAMETRIC_REPRESENTATION_CONTEXT() REPRESENTATION_CONTEXT('2D SPACE',''
  ) );
#1682 = ORIENTED_EDGE('',*,*,#1589,.T.);
#1683 = ORIENTED_EDGE('',*,*,#1071,.T.);
#1684 = ORIENTED_EDGE('',*,*,#1638,.F.);
#1685 = ADVANCED_FACE('',(#1686),#1145,.F.);
#1686 = FACE_BOUND('',#1687,.F.);
#1687 = EDGE_LOOP('',(#1688,#1718,#1739,#1740));
#1688 = ORIENTED_EDGE('',*,*,#1689,.F.);
#1689 = EDGE_CURVE('',#1690,#1692,#1694,.T.);
#1690 = VERTEX_POINT('',#1691);
#1691 = CARTESIAN_POINT('',(-3.52E+04,0.,1.1E+03));
#1692 = VERTEX_POINT('',#1693);
#1693 = CARTESIAN_POINT('',(-3.52E+04,0.,3.1E+03));
#1694 = SURFACE_CURVE('',#1695,(#1699,#1706),.PCURVE_S1.);
#1695 = LINE('',#1696,#1697);
#1696 = CARTESIAN_POINT('',(-3.52E+04,0.,2.1E+03));
#1697 = VECTOR('',#1698,1.);
#1698 = DIRECTION('',(0.,0.,1.));
#1699 = PCURVE('',#1145,#1700);
#1700 = DEFINITIONAL_REPRESENTATION('',(#1701),#1705);
#1701 = LINE('',#1702,#1703);
#1702 = CARTESIAN_POINT('',(1.E+03,0.));
#1703 = VECTOR('',#1704,1.);
#1704 = DIRECTION('',(1.,0.));
#1705 = ( GEOMETRIC_REPRESENTATION_CONTEXT(2) 
PARAMETRIC_REPRESENTATION_CONTEXT() REPRESENTATION_CONTEXT('2D SPACE',''
  ) );
#1706 = PCURVE('',#1707,#1712);
#1707 = PLANE('',#1708);
#1708 = AXIS2_PLACEMENT_3D('',#1709,#1710,#1711);
#1709 = CARTESIAN_POINT('',(-3.45E+04,0.,2.1E+03));
#1710 = DIRECTION('',(0.,-1.,0.));
#1711 = DIRECTION('',(1.,0.,0.));
#1712 = DEFINITIONAL_REPRESENTATION('',(#1713),#1717);
#1713 = LINE('',#1714,#1715);
#1714 = CARTESIAN_POINT('',(-700.,0.));
#1715 = VECTOR('',#1716,1.);
#1716 = DIRECTION('',(0.,1.));
#1717 = ( GEOMETRIC_REPRESENTATION_CONTEXT(2) 
PARAMETRIC_REPRESENTATION_CONTEXT() REPRESENTATION_CONTEXT('2D SPACE',''
  ) );
#1718 = ORIENTED_EDGE('',*,*,#1719,.T.);
#1719 = EDGE_CURVE('',#1690,#1128,#1720,.T.);
#1720 = SURFACE_CURVE('',#1721,(#1725,#1732),.PCURVE_S1.);
#1721 = LINE('',#1722,#1723);
#1722 = CARTESIAN_POINT('',(-3.52E+04,0.,1.1E+03));
#1723 = VECTOR('',#1724,1.);
#1724 = DIRECTION('',(0.,-1.,0.));
#1725 = PCURVE('',#1145,#1726);
#1726 = DEFINITIONAL_REPRESENTATION('',(#1727),#1731);
#1727 = LINE('',#1728,#1729);
#1728 = CARTESIAN_POINT('',(0.,0.));
#1729 = VECTOR('',#1730,1.);
#1730 = DIRECTION('',(0.,-1.));
#1731 = ( GEOMETRIC_REPRESENTATION_CONTEXT(2) 
PARAMETRIC_REPRESENTATION_CONTEXT() REPRESENTATION_CONTEXT('2D SPACE',''
  ) );
#1732 = PCURVE('',#1173,#1733);
#1733 = DEFINITIONAL_REPRESENTATION('',(#1734),#1738);
#1734 = LINE('',#1735,#1736);
#1735 = CARTESIAN_POINT('',(0.,0.));
#1736 = VECTOR('',#1737,1.);
#1737 = DIRECTION('',(0.,-1.));
#1738 = ( GEOMETRIC_REPRESENTATION_CONTEXT(2) 
PARAMETRIC_REPRESENTATION_CONTEXT() REPRESENTATION_CONTEXT('2D SPACE',''
  ) );
#1739 = ORIENTED_EDGE('',*,*,#1127,.T.);
#1740 = ORIENTED_EDGE('',*,*,#1741,.F.);
#1741 = EDGE_CURVE('',#1692,#1130,#1742,.T.);
#1742 = SURFACE_CURVE('',#1743,(#1747,#1754),.PCURVE_S1.);
#1743 = LINE('',#1744,#1745);
#1744 = CARTESIAN_POINT('',(-3.52E+04,0.,3.1E+03));
#1745 = VECTOR('',#1746,1.);
#1746 = DIRECTION('',(0.,-1.,0.));
#1747 = PCURVE('',#1145,#1748);
#1748 = DEFINITIONAL_REPRESENTATION('',(#1749),#1753);
#1749 = LINE('',#1750,#1751);
#1750 = CARTESIAN_POINT('',(2.E+03,0.));
#1751 = VECTOR('',#1752,1.);
#1752 = DIRECTION('',(0.,-1.));
#1753 = ( GEOMETRIC_REPRESENTATION_CONTEXT(2) 
PARAMETRIC_REPRESENTATION_CONTEXT() REPRESENTATION_CONTEXT('2D SPACE',''
  ) );
#1754 = PCURVE('',#1227,#1755);
#1755 = DEFINITIONAL_REPRESENTATION('',(#1756),#1760);
#1756 = LINE('',#1757,#1758);
#1757 = CARTESIAN_POINT('',(0.,0.));
#1758 = VECTOR('',#1759,1.);
#1759 = DIRECTION('',(0.,-1.));
#1760 = ( GEOMETRIC_REPRESENTATION_CONTEXT(2) 
PARAMETRIC_REPRESENTATION_CONTEXT() REPRESENTATION_CONTEXT('2D SPACE',''
  ) );
#1761 = ADVANCED_FACE('',(#1762),#1173,.T.);
#1762 = FACE_BOUND('',#1763,.T.);
#1763 = EDGE_LOOP('',(#1764,#1787,#1788,#1789));
#1764 = ORIENTED_EDGE('',*,*,#1765,.F.);
#1765 = EDGE_CURVE('',#1690,#1766,#1768,.T.);
#1766 = VERTEX_POINT('',#1767);
#1767 = CARTESIAN_POINT('',(-3.38E+04,0.,1.1E+03));
#1768 = SURFACE_CURVE('',#1769,(#1773,#1780),.PCURVE_S1.);
#1769 = LINE('',#1770,#1771);
#1770 = CARTESIAN_POINT('',(-3.45E+04,0.,1.1E+03));
#1771 = VECTOR('',#1772,1.);
#1772 = DIRECTION('',(1.,0.,0.));
#1773 = PCURVE('',#1173,#1774);
#1774 = DEFINITIONAL_REPRESENTATION('',(#1775),#1779);
#1775 = LINE('',#1776,#1777);
#1776 = CARTESIAN_POINT('',(700.,0.));
#1777 = VECTOR('',#1778,1.);
#1778 = DIRECTION('',(1.,0.));
#1779 = ( GEOMETRIC_REPRESENTATION_CONTEXT(2) 
PARAMETRIC_REPRESENTATION_CONTEXT() REPRESENTATION_CONTEXT('2D SPACE',''
  ) );
#1780 = PCURVE('',#1707,#1781);
#1781 = DEFINITIONAL_REPRESENTATION('',(#1782),#1786);
#1782 = LINE('',#1783,#1784);
#1783 = CARTESIAN_POINT('',(0.,-1.E+03));
#1784 = VECTOR('',#1785,1.);
#1785 = DIRECTION('',(1.,0.));
#1786 = ( GEOMETRIC_REPRESENTATION_CONTEXT(2) 
PARAMETRIC_REPRESENTATION_CONTEXT() REPRESENTATION_CONTEXT('2D SPACE',''
  ) );
#1787 = ORIENTED_EDGE('',*,*,#1719,.T.);
#1788 = ORIENTED_EDGE('',*,*,#1157,.T.);
#1789 = ORIENTED_EDGE('',*,*,#1790,.F.);
#1790 = EDGE_CURVE('',#1766,#1158,#1791,.T.);
#1791 = SURFACE_CURVE('',#1792,(#1796,#1803),.PCURVE_S1.);
#1792 = LINE('',#1793,#1794);
#1793 = CARTESIAN_POINT('',(-3.38E+04,0.,1.1E+03));
#1794 = VECTOR('',#1795,1.);
#1795 = DIRECTION('',(0.,-1.,0.));
#1796 = PCURVE('',#1173,#1797);
#1797 = DEFINITIONAL_REPRESENTATION('',(#1798),#1802);
#1798 = LINE('',#1799,#1800);
#1799 = CARTESIAN_POINT('',(1.4E+03,0.));
#1800 = VECTOR('',#1801,1.);
#1801 = DIRECTION('',(0.,-1.));
#1802 = ( GEOMETRIC_REPRESENTATION_CONTEXT(2) 
PARAMETRIC_REPRESENTATION_CONTEXT() REPRESENTATION_CONTEXT('2D SPACE',''
  ) );
#1803 = PCURVE('',#1201,#1804);
#1804 = DEFINITIONAL_REPRESENTATION('',(#1805),#1809);
#1805 = LINE('',#1806,#1807);
#1806 = CARTESIAN_POINT('',(0.,0.));
#1807 = VECTOR('',#1808,1.);
#1808 = DIRECTION('',(0.,-1.));
#1809 = ( GEOMETRIC_REPRESENTATION_CONTEXT(2) 
PARAMETRIC_REPRESENTATION_CONTEXT() REPRESENTATION_CONTEXT('2D SPACE',''
  ) );
#1810 = ADVANCED_FACE('',(#1811),#1227,.F.);
#1811 = FACE_BOUND('',#1812,.F.);
#1812 = EDGE_LOOP('',(#1813,#1836,#1837,#1838));
#1813 = ORIENTED_EDGE('',*,*,#1814,.F.);
#1814 = EDGE_CURVE('',#1692,#1815,#1817,.T.);
#1815 = VERTEX_POINT('',#1816);
#1816 = CARTESIAN_POINT('',(-3.38E+04,0.,3.1E+03));
#1817 = SURFACE_CURVE('',#1818,(#1822,#1829),.PCURVE_S1.);
#1818 = LINE('',#1819,#1820);
#1819 = CARTESIAN_POINT('',(-3.45E+04,0.,3.1E+03));
#1820 = VECTOR('',#1821,1.);
#1821 = DIRECTION('',(1.,0.,0.));
#1822 = PCURVE('',#1227,#1823);
#1823 = DEFINITIONAL_REPRESENTATION('',(#1824),#1828);
#1824 = LINE('',#1825,#1826);
#1825 = CARTESIAN_POINT('',(700.,0.));
#1826 = VECTOR('',#1827,1.);
#1827 = DIRECTION('',(1.,0.));
#1828 = ( GEOMETRIC_REPRESENTATION_CONTEXT(2) 
PARAMETRIC_REPRESENTATION_CONTEXT() REPRESENTATION_CONTEXT('2D SPACE',''
  ) );
#1829 = PCURVE('',#1707,#1830);
#1830 = DEFINITIONAL_REPRESENTATION('',(#1831),#1835);
#1831 = LINE('',#1832,#1833);
#1832 = CARTESIAN_POINT('',(0.,1.E+03));
#1833 = VECTOR('',#1834,1.);
#1834 = DIRECTION('',(1.,0.));
#1835 = ( GEOMETRIC_REPRESENTATION_CONTEXT(2) 
PARAMETRIC_REPRESENTATION_CONTEXT() REPRESENTATION_CONTEXT('2D SPACE',''
  ) );
#1836 = ORIENTED_EDGE('',*,*,#1741,.T.);
#1837 = ORIENTED_EDGE('',*,*,#1213,.T.);
#1838 = ORIENTED_EDGE('',*,*,#1839,.F.);
#1839 = EDGE_CURVE('',#1815,#1186,#1840,.T.);
#1840 = SURFACE_CURVE('',#1841,(#1845,#1852),.PCURVE_S1.);
#1841 = LINE('',#1842,#1843);
#1842 = CARTESIAN_POINT('',(-3.38E+04,0.,3.1E+03));
#1843 = VECTOR('',#1844,1.);
#1844 = DIRECTION('',(0.,-1.,0.));
#1845 = PCURVE('',#1227,#1846);
#1846 = DEFINITIONAL_REPRESENTATION('',(#1847),#1851);
#1847 = LINE('',#1848,#1849);
#1848 = CARTESIAN_POINT('',(1.4E+03,0.));
#1849 = VECTOR('',#1850,1.);
#1850 = DIRECTION('',(0.,-1.));
#1851 = ( GEOMETRIC_REPRESENTATION_CONTEXT(2) 
PARAMETRIC_REPRESENTATION_CONTEXT() REPRESENTATION_CONTEXT('2D SPACE',''
  ) );
#1852 = PCURVE('',#1201,#1853);
#1853 = DEFINITIONAL_REPRESENTATION('',(#1854),#1858);
#1854 = LINE('',#1855,#1856);
#1855 = CARTESIAN_POINT('',(2.E+03,0.));
#1856 = VECTOR('',#1857,1.);
#1857 = DIRECTION('',(0.,-1.));
#1858 = ( GEOMETRIC_REPRESENTATION_CONTEXT(2) 
PARAMETRIC_REPRESENTATION_CONTEXT() REPRESENTATION_CONTEXT('2D SPACE',''
  ) );
#1859 = ADVANCED_FACE('',(#1860),#1201,.T.);
#1860 = FACE_BOUND('',#1861,.T.);
#1861 = EDGE_LOOP('',(#1862,#1883,#1884,#1885));
#1862 = ORIENTED_EDGE('',*,*,#1863,.F.);
#1863 = EDGE_CURVE('',#1766,#1815,#1864,.T.);
#1864 = SURFACE_CURVE('',#1865,(#1869,#1876),.PCURVE_S1.);
#1865 = LINE('',#1866,#1867);
#1866 = CARTESIAN_POINT('',(-3.38E+04,0.,2.1E+03));
#1867 = VECTOR('',#1868,1.);
#1868 = DIRECTION('',(0.,0.,1.));
#1869 = PCURVE('',#1201,#1870);
#1870 = DEFINITIONAL_REPRESENTATION('',(#1871),#1875);
#1871 = LINE('',#1872,#1873);
#1872 = CARTESIAN_POINT('',(1.E+03,0.));
#1873 = VECTOR('',#1874,1.);
#1874 = DIRECTION('',(1.,0.));
#1875 = ( GEOMETRIC_REPRESENTATION_CONTEXT(2) 
PARAMETRIC_REPRESENTATION_CONTEXT() REPRESENTATION_CONTEXT('2D SPACE',''
  ) );
#1876 = PCURVE('',#1707,#1877);
#1877 = DEFINITIONAL_REPRESENTATION('',(#1878),#1882);
#1878 = LINE('',#1879,#1880);
#1879 = CARTESIAN_POINT('',(700.,0.));
#1880 = VECTOR('',#1881,1.);
#1881 = DIRECTION('',(0.,1.));
#1882 = ( GEOMETRIC_REPRESENTATION_CONTEXT(2) 
PARAMETRIC_REPRESENTATION_CONTEXT() REPRESENTATION_CONTEXT('2D SPACE',''
  ) );
#1883 = ORIENTED_EDGE('',*,*,#1790,.T.);
#1884 = ORIENTED_EDGE('',*,*,#1185,.T.);
#1885 = ORIENTED_EDGE('',*,*,#1839,.F.);
#1886 = ADVANCED_FACE('',(#1887),#1259,.F.);
#1887 = FACE_BOUND('',#1888,.F.);
#1888 = EDGE_LOOP('',(#1889,#1919,#1940,#1941));
#1889 = ORIENTED_EDGE('',*,*,#1890,.F.);
#1890 = EDGE_CURVE('',#1891,#1893,#1895,.T.);
#1891 = VERTEX_POINT('',#1892);
#1892 = CARTESIAN_POINT('',(-2.97E+04,0.,1.1E+03));
#1893 = VERTEX_POINT('',#1894);
#1894 = CARTESIAN_POINT('',(-2.97E+04,0.,3.1E+03));
#1895 = SURFACE_CURVE('',#1896,(#1900,#1907),.PCURVE_S1.);
#1896 = LINE('',#1897,#1898);
#1897 = CARTESIAN_POINT('',(-2.97E+04,0.,2.1E+03));
#1898 = VECTOR('',#1899,1.);
#1899 = DIRECTION('',(0.,0.,1.));
#1900 = PCURVE('',#1259,#1901);
#1901 = DEFINITIONAL_REPRESENTATION('',(#1902),#1906);
#1902 = LINE('',#1903,#1904);
#1903 = CARTESIAN_POINT('',(1.E+03,0.));
#1904 = VECTOR('',#1905,1.);
#1905 = DIRECTION('',(1.,0.));
#1906 = ( GEOMETRIC_REPRESENTATION_CONTEXT(2) 
PARAMETRIC_REPRESENTATION_CONTEXT() REPRESENTATION_CONTEXT('2D SPACE',''
  ) );
#1907 = PCURVE('',#1908,#1913);
#1908 = PLANE('',#1909);
#1909 = AXIS2_PLACEMENT_3D('',#1910,#1911,#1912);
#1910 = CARTESIAN_POINT('',(-2.9E+04,0.,2.1E+03));
#1911 = DIRECTION('',(0.,-1.,0.));
#1912 = DIRECTION('',(1.,0.,0.));
#1913 = DEFINITIONAL_REPRESENTATION('',(#1914),#1918);
#1914 = LINE('',#1915,#1916);
#1915 = CARTESIAN_POINT('',(-700.,0.));
#1916 = VECTOR('',#1917,1.);
#1917 = DIRECTION('',(0.,1.));
#1918 = ( GEOMETRIC_REPRESENTATION_CONTEXT(2) 
PARAMETRIC_REPRESENTATION_CONTEXT() REPRESENTATION_CONTEXT('2D SPACE',''
  ) );
#1919 = ORIENTED_EDGE('',*,*,#1920,.T.);
#1920 = EDGE_CURVE('',#1891,#1242,#1921,.T.);
#1921 = SURFACE_CURVE('',#1922,(#1926,#1933),.PCURVE_S1.);
#1922 = LINE('',#1923,#1924);
#1923 = CARTESIAN_POINT('',(-2.97E+04,0.,1.1E+03));
#1924 = VECTOR('',#1925,1.);
#1925 = DIRECTION('',(0.,-1.,0.));
#1926 = PCURVE('',#1259,#1927);
#1927 = DEFINITIONAL_REPRESENTATION('',(#1928),#1932);
#1928 = LINE('',#1929,#1930);
#1929 = CARTESIAN_POINT('',(0.,0.));
#1930 = VECTOR('',#1931,1.);
#1931 = DIRECTION('',(0.,-1.));
#1932 = ( GEOMETRIC_REPRESENTATION_CONTEXT(2) 
PARAMETRIC_REPRESENTATION_CONTEXT() REPRESENTATION_CONTEXT('2D SPACE',''
  ) );
#1933 = PCURVE('',#1287,#1934);
#1934 = DEFINITIONAL_REPRESENTATION('',(#1935),#1939);
#1935 = LINE('',#1936,#1937);
#1936 = CARTESIAN_POINT('',(0.,0.));
#1937 = VECTOR('',#1938,1.);
#1938 = DIRECTION('',(0.,-1.));
#1939 = ( GEOMETRIC_REPRESENTATION_CONTEXT(2) 
PARAMETRIC_REPRESENTATION_CONTEXT() REPRESENTATION_CONTEXT('2D SPACE',''
  ) );
#1940 = ORIENTED_EDGE('',*,*,#1241,.T.);
#1941 = ORIENTED_EDGE('',*,*,#1942,.F.);
#1942 = EDGE_CURVE('',#1893,#1244,#1943,.T.);
#1943 = SURFACE_CURVE('',#1944,(#1948,#1955),.PCURVE_S1.);
#1944 = LINE('',#1945,#1946);
#1945 = CARTESIAN_POINT('',(-2.97E+04,0.,3.1E+03));
#1946 = VECTOR('',#1947,1.);
#1947 = DIRECTION('',(0.,-1.,0.));
#1948 = PCURVE('',#1259,#1949);
#1949 = DEFINITIONAL_REPRESENTATION('',(#1950),#1954);
#1950 = LINE('',#1951,#1952);
#1951 = CARTESIAN_POINT('',(2.E+03,0.));
#1952 = VECTOR('',#1953,1.);
#1953 = DIRECTION('',(0.,-1.));
#1954 = ( GEOMETRIC_REPRESENTATION_CONTEXT(2) 
PARAMETRIC_REPRESENTATION_CONTEXT() REPRESENTATION_CONTEXT('2D SPACE',''
  ) );
#1955 = PCURVE('',#1341,#1956);
#1956 = DEFINITIONAL_REPRESENTATION('',(#1957),#1961);
#1957 = LINE('',#1958,#1959);
#1958 = CARTESIAN_POINT('',(0.,0.));
#1959 = VECTOR('',#1960,1.);
#1960 = DIRECTION('',(0.,-1.));
#1961 = ( GEOMETRIC_REPRESENTATION_CONTEXT(2) 
PARAMETRIC_REPRESENTATION_CONTEXT() REPRESENTATION_CONTEXT('2D SPACE',''
  ) );
#1962 = ADVANCED_FACE('',(#1963),#1341,.F.);
#1963 = FACE_BOUND('',#1964,.F.);
#1964 = EDGE_LOOP('',(#1965,#1988,#1989,#1990));
#1965 = ORIENTED_EDGE('',*,*,#1966,.F.);
#1966 = EDGE_CURVE('',#1893,#1967,#1969,.T.);
#1967 = VERTEX_POINT('',#1968);
#1968 = CARTESIAN_POINT('',(-2.83E+04,0.,3.1E+03));
#1969 = SURFACE_CURVE('',#1970,(#1974,#1981),.PCURVE_S1.);
#1970 = LINE('',#1971,#1972);
#1971 = CARTESIAN_POINT('',(-2.9E+04,0.,3.1E+03));
#1972 = VECTOR('',#1973,1.);
#1973 = DIRECTION('',(1.,0.,0.));
#1974 = PCURVE('',#1341,#1975);
#1975 = DEFINITIONAL_REPRESENTATION('',(#1976),#1980);
#1976 = LINE('',#1977,#1978);
#1977 = CARTESIAN_POINT('',(700.,0.));
#1978 = VECTOR('',#1979,1.);
#1979 = DIRECTION('',(1.,0.));
#1980 = ( GEOMETRIC_REPRESENTATION_CONTEXT(2) 
PARAMETRIC_REPRESENTATION_CONTEXT() REPRESENTATION_CONTEXT('2D SPACE',''
  ) );
#1981 = PCURVE('',#1908,#1982);
#1982 = DEFINITIONAL_REPRESENTATION('',(#1983),#1987);
#1983 = LINE('',#1984,#1985);
#1984 = CARTESIAN_POINT('',(0.,1.E+03));
#1985 = VECTOR('',#1986,1.);
#1986 = DIRECTION('',(1.,0.));
#1987 = ( GEOMETRIC_REPRESENTATION_CONTEXT(2) 
PARAMETRIC_REPRESENTATION_CONTEXT() REPRESENTATION_CONTEXT('2D SPACE',''
  ) );
#1988 = ORIENTED_EDGE('',*,*,#1942,.T.);
#1989 = ORIENTED_EDGE('',*,*,#1327,.T.);
#1990 = ORIENTED_EDGE('',*,*,#1991,.F.);
#1991 = EDGE_CURVE('',#1967,#1300,#1992,.T.);
#1992 = SURFACE_CURVE('',#1993,(#1997,#2004),.PCURVE_S1.);
#1993 = LINE('',#1994,#1995);
#1994 = CARTESIAN_POINT('',(-2.83E+04,0.,3.1E+03));
#1995 = VECTOR('',#1996,1.);
#1996 = DIRECTION('',(0.,-1.,0.));
#1997 = PCURVE('',#1341,#1998);
#1998 = DEFINITIONAL_REPRESENTATION('',(#1999),#2003);
#1999 = LINE('',#2000,#2001);
#2000 = CARTESIAN_POINT('',(1.4E+03,0.));
#2001 = VECTOR('',#2002,1.);
#2002 = DIRECTION('',(0.,-1.));
#2003 = ( GEOMETRIC_REPRESENTATION_CONTEXT(2) 
PARAMETRIC_REPRESENTATION_CONTEXT() REPRESENTATION_CONTEXT('2D SPACE',''
  ) );
#2004 = PCURVE('',#1315,#2005);
#2005 = DEFINITIONAL_REPRESENTATION('',(#2006),#2010);
#2006 = LINE('',#2007,#2008);
#2007 = CARTESIAN_POINT('',(2.E+03,0.));
#2008 = VECTOR('',#2009,1.);
#2009 = DIRECTION('',(0.,-1.));
#2010 = ( GEOMETRIC_REPRESENTATION_CONTEXT(2) 
PARAMETRIC_REPRESENTATION_CONTEXT() REPRESENTATION_CONTEXT('2D SPACE',''
  ) );
#2011 = ADVANCED_FACE('',(#2012),#1315,.T.);
#2012 = FACE_BOUND('',#2013,.T.);
#2013 = EDGE_LOOP('',(#2014,#2037,#2058,#2059));
#2014 = ORIENTED_EDGE('',*,*,#2015,.F.);
#2015 = EDGE_CURVE('',#2016,#1967,#2018,.T.);
#2016 = VERTEX_POINT('',#2017);
#2017 = CARTESIAN_POINT('',(-2.83E+04,0.,1.1E+03));
#2018 = SURFACE_CURVE('',#2019,(#2023,#2030),.PCURVE_S1.);
#2019 = LINE('',#2020,#2021);
#2020 = CARTESIAN_POINT('',(-2.83E+04,0.,2.1E+03));
#2021 = VECTOR('',#2022,1.);
#2022 = DIRECTION('',(0.,0.,1.));
#2023 = PCURVE('',#1315,#2024);
#2024 = DEFINITIONAL_REPRESENTATION('',(#2025),#2029);
#2025 = LINE('',#2026,#2027);
#2026 = CARTESIAN_POINT('',(1.E+03,0.));
#2027 = VECTOR('',#2028,1.);
#2028 = DIRECTION('',(1.,0.));
#2029 = ( GEOMETRIC_REPRESENTATION_CONTEXT(2) 
PARAMETRIC_REPRESENTATION_CONTEXT() REPRESENTATION_CONTEXT('2D SPACE',''
  ) );
#2030 = PCURVE('',#1908,#2031);
#2031 = DEFINITIONAL_REPRESENTATION('',(#2032),#2036);
#2032 = LINE('',#2033,#2034);
#2033 = CARTESIAN_POINT('',(700.,0.));
#2034 = VECTOR('',#2035,1.);
#2035 = DIRECTION('',(0.,1.));
#2036 = ( GEOMETRIC_REPRESENTATION_CONTEXT(2) 
PARAMETRIC_REPRESENTATION_CONTEXT() REPRESENTATION_CONTEXT('2D SPACE',''
  ) );
#2037 = ORIENTED_EDGE('',*,*,#2038,.T.);
#2038 = EDGE_CURVE('',#2016,#1272,#2039,.T.);
#2039 = SURFACE_CURVE('',#2040,(#2044,#2051),.PCURVE_S1.);
#2040 = LINE('',#2041,#2042);
#2041 = CARTESIAN_POINT('',(-2.83E+04,0.,1.1E+03));
#2042 = VECTOR('',#2043,1.);
#2043 = DIRECTION('',(0.,-1.,0.));
#2044 = PCURVE('',#1315,#2045);
#2045 = DEFINITIONAL_REPRESENTATION('',(#2046),#2050);
#2046 = LINE('',#2047,#2048);
#2047 = CARTESIAN_POINT('',(0.,0.));
#2048 = VECTOR('',#2049,1.);
#2049 = DIRECTION('',(0.,-1.));
#2050 = ( GEOMETRIC_REPRESENTATION_CONTEXT(2) 
PARAMETRIC_REPRESENTATION_CONTEXT() REPRESENTATION_CONTEXT('2D SPACE',''
  ) );
#2051 = PCURVE('',#1287,#2052);
#2052 = DEFINITIONAL_REPRESENTATION('',(#2053),#2057);
#2053 = LINE('',#2054,#2055);
#2054 = CARTESIAN_POINT('',(1.4E+03,0.));
#2055 = VECTOR('',#2056,1.);
#2056 = DIRECTION('',(0.,-1.));
#2057 = ( GEOMETRIC_REPRESENTATION_CONTEXT(2) 
PARAMETRIC_REPRESENTATION_CONTEXT() REPRESENTATION_CONTEXT('2D SPACE',''
  ) );
#2058 = ORIENTED_EDGE('',*,*,#1299,.T.);
#2059 = ORIENTED_EDGE('',*,*,#1991,.F.);
#2060 = ADVANCED_FACE('',(#2061),#1287,.T.);
#2061 = FACE_BOUND('',#2062,.T.);
#2062 = EDGE_LOOP('',(#2063,#2084,#2085,#2086));
#2063 = ORIENTED_EDGE('',*,*,#2064,.F.);
#2064 = EDGE_CURVE('',#1891,#2016,#2065,.T.);
#2065 = SURFACE_CURVE('',#2066,(#2070,#2077),.PCURVE_S1.);
#2066 = LINE('',#2067,#2068);
#2067 = CARTESIAN_POINT('',(-2.9E+04,0.,1.1E+03));
#2068 = VECTOR('',#2069,1.);
#2069 = DIRECTION('',(1.,0.,0.));
#2070 = PCURVE('',#1287,#2071);
#2071 = DEFINITIONAL_REPRESENTATION('',(#2072),#2076);
#2072 = LINE('',#2073,#2074);
#2073 = CARTESIAN_POINT('',(700.,0.));
#2074 = VECTOR('',#2075,1.);
#2075 = DIRECTION('',(1.,0.));
#2076 = ( GEOMETRIC_REPRESENTATION_CONTEXT(2) 
PARAMETRIC_REPRESENTATION_CONTEXT() REPRESENTATION_CONTEXT('2D SPACE',''
  ) );
#2077 = PCURVE('',#1908,#2078);
#2078 = DEFINITIONAL_REPRESENTATION('',(#2079),#2083);
#2079 = LINE('',#2080,#2081);
#2080 = CARTESIAN_POINT('',(0.,-1.E+03));
#2081 = VECTOR('',#2082,1.);
#2082 = DIRECTION('',(1.,0.));
#2083 = ( GEOMETRIC_REPRESENTATION_CONTEXT(2) 
PARAMETRIC_REPRESENTATION_CONTEXT() REPRESENTATION_CONTEXT('2D SPACE',''
  ) );
#2084 = ORIENTED_EDGE('',*,*,#1920,.T.);
#2085 = ORIENTED_EDGE('',*,*,#1271,.T.);
#2086 = ORIENTED_EDGE('',*,*,#2038,.F.);
#2087 = ADVANCED_FACE('',(#2088),#1506,.T.);
#2088 = FACE_BOUND('',#2089,.T.);
#2089 = EDGE_LOOP('',(#2090,#2091,#2092,#2093));
#2090 = ORIENTED_EDGE('',*,*,#1488,.F.);
#2091 = ORIENTED_EDGE('',*,*,#1564,.T.);
#2092 = ORIENTED_EDGE('',*,*,#1662,.T.);
#2093 = ORIENTED_EDGE('',*,*,#1613,.F.);
#2094 = ADVANCED_FACE('',(#2095),#1707,.T.);
#2095 = FACE_BOUND('',#2096,.T.);
#2096 = EDGE_LOOP('',(#2097,#2098,#2099,#2100));
#2097 = ORIENTED_EDGE('',*,*,#1689,.F.);
#2098 = ORIENTED_EDGE('',*,*,#1765,.T.);
#2099 = ORIENTED_EDGE('',*,*,#1863,.T.);
#2100 = ORIENTED_EDGE('',*,*,#1814,.F.);
#2101 = ADVANCED_FACE('',(#2102),#1908,.T.);
#2102 = FACE_BOUND('',#2103,.T.);
#2103 = EDGE_LOOP('',(#2104,#2105,#2106,#2107));
#2104 = ORIENTED_EDGE('',*,*,#1890,.F.);
#2105 = ORIENTED_EDGE('',*,*,#2064,.T.);
#2106 = ORIENTED_EDGE('',*,*,#2015,.T.);
#2107 = ORIENTED_EDGE('',*,*,#1966,.F.);
#2108 = ( GEOMETRIC_REPRESENTATION_CONTEXT(3) 
GLOBAL_UNCERTAINTY_ASSIGNED_CONTEXT((#2112)) 
GLOBAL_UNIT_ASSIGNED_CONTEXT((#2109,#2110,#2111)) REPRESENTATION_CONTEXT
('Context #1','3D Context with UNIT and UNCERTAINTY') );
#2109 = ( LENGTH_UNIT() NAMED_UNIT(*) SI_UNIT(.MILLI.,.METRE.) );
#2110 = ( NAMED_UNIT(*) PLANE_ANGLE_UNIT() SI_UNIT($,.RADIAN.) );
#2111 = ( NAMED_UNIT(*) SI_UNIT($,.STERADIAN.) SOLID_ANGLE_UNIT() );
#2112 = UNCERTAINTY_MEASURE_WITH_UNIT(LENGTH_MEASURE(1.E-07),#2109,
  'distance_accuracy_value','confusion accuracy');
#2113 = CONTEXT_DEPENDENT_SHAPE_REPRESENTATION(#2114,#2116);
#2114 = ( REPRESENTATION_RELATIONSHIP('','',#811,#788) 
REPRESENTATION_RELATIONSHIP_WITH_TRANSFORMATION(#2115) 
SHAPE_REPRESENTATION_RELATIONSHIP() );
#2115 = ITEM_DEFINED_TRANSFORMATION('','',#11,#789);
#2116 = PRODUCT_DEFINITION_SHAPE('Placement','Placement of an item',
  #2117);
#2117 = NEXT_ASSEMBLY_USAGE_OCCURRENCE('1110','=>[0:1:1:5]','',#783,#806
  ,$);
#2118 = PRODUCT_RELATED_PRODUCT_CATEGORY('part',$,(#808));
#2119 = SHAPE_DEFINITION_REPRESENTATION(#2120,#2126);
#2120 = PRODUCT_DEFINITION_SHAPE('','',#2121);
#2121 = PRODUCT_DEFINITION('design','',#2122,#2125);
#2122 = PRODUCT_DEFINITION_FORMATION('','',#2123);
#2123 = PRODUCT('Bogie (2-axle, simplified)',
  'Bogie (2-axle, simplified)','',(#2124));
#2124 = PRODUCT_CONTEXT('',#2,'mechanical');
#2125 = PRODUCT_DEFINITION_CONTEXT('part definition',#2,'design');
#2126 = SHAPE_REPRESENTATION('',(#11,#2127,#2131,#2135,#2139,#2143),
  #2147);
#2127 = AXIS2_PLACEMENT_3D('',#2128,#2129,#2130);
#2128 = CARTESIAN_POINT('',(0.,0.,0.));
#2129 = DIRECTION('',(0.,0.,1.));
#2130 = DIRECTION('',(1.,0.,-0.));
#2131 = AXIS2_PLACEMENT_3D('',#2132,#2133,#2134);
#2132 = CARTESIAN_POINT('',(0.,0.,0.));
#2133 = DIRECTION('',(0.,0.,1.));
#2134 = DIRECTION('',(1.,0.,-0.));
#2135 = AXIS2_PLACEMENT_3D('',#2136,#2137,#2138);
#2136 = CARTESIAN_POINT('',(0.,0.,0.));
#2137 = DIRECTION('',(0.,0.,1.));
#2138 = DIRECTION('',(1.,0.,-0.));
#2139 = AXIS2_PLACEMENT_3D('',#2140,#2141,#2142);
#2140 = CARTESIAN_POINT('',(0.,0.,0.));
#2141 = DIRECTION('',(0.,0.,1.));
#2142 = DIRECTION('',(1.,0.,-0.));
#2143 = AXIS2_PLACEMENT_3D('',#2144,#2145,#2146);
#2144 = CARTESIAN_POINT('',(0.,0.,0.));
#2145 = DIRECTION('',(0.,0.,1.));
#2146 = DIRECTION('',(1.,0.,-0.));
#2147 = ( GEOMETRIC_REPRESENTATION_CONTEXT(3) 
GLOBAL_UNCERTAINTY_ASSIGNED_CONTEXT((#2151)) 
GLOBAL_UNIT_ASSIGNED_CONTEXT((#2148,#2149,#2150)) REPRESENTATION_CONTEXT
('Context #1','3D Context with UNIT and UNCERTAINTY') );
#2148 = ( LENGTH_UNIT() NAMED_UNIT(*) SI_UNIT(.MILLI.,.METRE.) );
#2149 = ( NAMED_UNIT(*) PLANE_ANGLE_UNIT() SI_UNIT($,.RADIAN.) );
#2150 = ( NAMED_UNIT(*) SI_UNIT($,.STERADIAN.) SOLID_ANGLE_UNIT() );
#2151 = UNCERTAINTY_MEASURE_WITH_UNIT(LENGTH_MEASURE(1.E-07),#2148,
  'distance_accuracy_value','confusion accuracy');
#2152 = CONTEXT_DEPENDENT_SHAPE_REPRESENTATION(#2153,#2155);
#2153 = ( REPRESENTATION_RELATIONSHIP('','',#2126,#10) 
REPRESENTATION_RELATIONSHIP_WITH_TRANSFORMATION(#2154) 
SHAPE_REPRESENTATION_RELATIONSHIP() );
#2154 = ITEM_DEFINED_TRANSFORMATION('','',#11,#23);
#2155 = PRODUCT_DEFINITION_SHAPE('Placement','Placement of an item',
  #2156);
#2156 = NEXT_ASSEMBLY_USAGE_OCCURRENCE('1122','=>[0:1:1:6]','',#5,#2121,
  $);
#2157 = PRODUCT_RELATED_PRODUCT_CATEGORY('part',$,(#2123));
#2158 = SHAPE_DEFINITION_REPRESENTATION(#2159,#2165);
#2159 = PRODUCT_DEFINITION_SHAPE('','',#2160);
#2160 = PRODUCT_DEFINITION('design','',#2161,#2164);
#2161 = PRODUCT_DEFINITION_FORMATION('','',#2162);
#2162 = PRODUCT('ASSEMBLY','ASSEMBLY','',(#2163));
#2163 = PRODUCT_CONTEXT('',#2,'mechanical');
#2164 = PRODUCT_DEFINITION_CONTEXT('part definition',#2,'design');
#2165 = SHAPE_REPRESENTATION('',(#11,#2166),#2170);
#2166 = AXIS2_PLACEMENT_3D('',#2167,#2168,#2169);
#2167 = CARTESIAN_POINT('',(0.,0.,0.));
#2168 = DIRECTION('',(0.,0.,1.));
#2169 = DIRECTION('',(1.,0.,-0.));
#2170 = ( GEOMETRIC_REPRESENTATION_CONTEXT(3) 
GLOBAL_UNCERTAINTY_ASSIGNED_CONTEXT((#2174)) 
GLOBAL_UNIT_ASSIGNED_CONTEXT((#2171,#2172,#2173)) REPRESENTATION_CONTEXT
('Context #1','3D Context with UNIT and UNCERTAINTY') );
#2171 = ( LENGTH_UNIT() NAMED_UNIT(*) SI_UNIT(.MILLI.,.METRE.) );
#2172 = ( NAMED_UNIT(*) PLANE_ANGLE_UNIT() SI_UNIT($,.RADIAN.) );
#2173 = ( NAMED_UNIT(*) SI_UNIT($,.STERADIAN.) SOLID_ANGLE_UNIT() );
#2174 = UNCERTAINTY_MEASURE_WITH_UNIT(LENGTH_MEASURE(1.E-07),#2171,
  'distance_accuracy_value','confusion accuracy');
#2175 = CONTEXT_DEPENDENT_SHAPE_REPRESENTATION(#2176,#2178);
#2176 = ( REPRESENTATION_RELATIONSHIP('','',#2165,#2126) 
REPRESENTATION_RELATIONSHIP_WITH_TRANSFORMATION(#2177) 
SHAPE_REPRESENTATION_RELATIONSHIP() );
#2177 = ITEM_DEFINED_TRANSFORMATION('','',#11,#2127);
#2178 = PRODUCT_DEFINITION_SHAPE('Placement','Placement of an item',
  #2179);
#2179 = NEXT_ASSEMBLY_USAGE_OCCURRENCE('1113','=>[0:1:1:7]','',#2121,
  #2160,$);
#2180 = PRODUCT_RELATED_PRODUCT_CATEGORY('part',$,(#2162));
#2181 = SHAPE_DEFINITION_REPRESENTATION(#2182,#2188);
#2182 = PRODUCT_DEFINITION_SHAPE('','',#2183);
#2183 = PRODUCT_DEFINITION('design','',#2184,#2187);
#2184 = PRODUCT_DEFINITION_FORMATION('','',#2185);
#2185 = PRODUCT('SOLID','SOLID','',(#2186));
#2186 = PRODUCT_CONTEXT('',#2,'mechanical');
#2187 = PRODUCT_DEFINITION_CONTEXT('part definition',#2,'design');
#2188 = ADVANCED_BREP_SHAPE_REPRESENTATION('',(#11,#2189),#2519);
#2189 = MANIFOLD_SOLID_BREP('',#2190);
#2190 = CLOSED_SHELL('',(#2191,#2311,#2387,#2458,#2505,#2512));
#2191 = ADVANCED_FACE('',(#2192),#2206,.T.);
#2192 = FACE_BOUND('',#2193,.T.);
#2193 = EDGE_LOOP('',(#2194,#2229,#2257,#2285));
#2194 = ORIENTED_EDGE('',*,*,#2195,.T.);
#2195 = EDGE_CURVE('',#2196,#2198,#2200,.T.);
#2196 = VERTEX_POINT('',#2197);
#2197 = CARTESIAN_POINT('',(-4.515E+04,-1.2E+03,455.));
#2198 = VERTEX_POINT('',#2199);
#2199 = CARTESIAN_POINT('',(-4.515E+04,-1.2E+03,755.));
#2200 = SURFACE_CURVE('',#2201,(#2205,#2217),.PCURVE_S1.);
#2201 = LINE('',#2202,#2203);
#2202 = CARTESIAN_POINT('',(-4.515E+04,-1.2E+03,455.));
#2203 = VECTOR('',#2204,1.);
#2204 = DIRECTION('',(0.,0.,1.));
#2205 = PCURVE('',#2206,#2211);
#2206 = PLANE('',#2207);
#2207 = AXIS2_PLACEMENT_3D('',#2208,#2209,#2210);
#2208 = CARTESIAN_POINT('',(-4.515E+04,-1.2E+03,455.));
#2209 = DIRECTION('',(-1.,0.,0.));
#2210 = DIRECTION('',(0.,1.,0.));
#2211 = DEFINITIONAL_REPRESENTATION('',(#2212),#2216);
#2212 = LINE('',#2213,#2214);
#2213 = CARTESIAN_POINT('',(0.,0.));
#2214 = VECTOR('',#2215,1.);
#2215 = DIRECTION('',(0.,-1.));
#2216 = ( GEOMETRIC_REPRESENTATION_CONTEXT(2) 
PARAMETRIC_REPRESENTATION_CONTEXT() REPRESENTATION_CONTEXT('2D SPACE',''
  ) );
#2217 = PCURVE('',#2218,#2223);
#2218 = PLANE('',#2219);
#2219 = AXIS2_PLACEMENT_3D('',#2220,#2221,#2222);
#2220 = CARTESIAN_POINT('',(-4.515E+04,-1.2E+03,455.));
#2221 = DIRECTION('',(0.,1.,0.));
#2222 = DIRECTION('',(1.,0.,0.));
#2223 = DEFINITIONAL_REPRESENTATION('',(#2224),#2228);
#2224 = LINE('',#2225,#2226);
#2225 = CARTESIAN_POINT('',(0.,0.));
#2226 = VECTOR('',#2227,1.);
#2227 = DIRECTION('',(0.,-1.));
#2228 = ( GEOMETRIC_REPRESENTATION_CONTEXT(2) 
PARAMETRIC_REPRESENTATION_CONTEXT() REPRESENTATION_CONTEXT('2D SPACE',''
  ) );
#2229 = ORIENTED_EDGE('',*,*,#2230,.T.);
#2230 = EDGE_CURVE('',#2198,#2231,#2233,.T.);
#2231 = VERTEX_POINT('',#2232);
#2232 = CARTESIAN_POINT('',(-4.515E+04,1.2E+03,755.));
#2233 = SURFACE_CURVE('',#2234,(#2238,#2245),.PCURVE_S1.);
#2234 = LINE('',#2235,#2236);
#2235 = CARTESIAN_POINT('',(-4.515E+04,0.,755.));
#2236 = VECTOR('',#2237,1.);
#2237 = DIRECTION('',(0.,1.,0.));
#2238 = PCURVE('',#2206,#2239);
#2239 = DEFINITIONAL_REPRESENTATION('',(#2240),#2244);
#2240 = LINE('',#2241,#2242);
#2241 = CARTESIAN_POINT('',(1.2E+03,-300.));
#2242 = VECTOR('',#2243,1.);
#2243 = DIRECTION('',(1.,0.));
#2244 = ( GEOMETRIC_REPRESENTATION_CONTEXT(2) 
PARAMETRIC_REPRESENTATION_CONTEXT() REPRESENTATION_CONTEXT('2D SPACE',''
  ) );
#2245 = PCURVE('',#2246,#2251);
#2246 = PLANE('',#2247);
#2247 = AXIS2_PLACEMENT_3D('',#2248,#2249,#2250);
#2248 = CARTESIAN_POINT('',(-4.34E+04,0.,755.));
#2249 = DIRECTION('',(0.,0.,1.));
#2250 = DIRECTION('',(1.,0.,0.));
#2251 = DEFINITIONAL_REPRESENTATION('',(#2252),#2256);
#2252 = LINE('',#2253,#2254);
#2253 = CARTESIAN_POINT('',(-1.75E+03,0.));
#2254 = VECTOR('',#2255,1.);
#2255 = DIRECTION('',(0.,1.));
#2256 = ( GEOMETRIC_REPRESENTATION_CONTEXT(2) 
PARAMETRIC_REPRESENTATION_CONTEXT() REPRESENTATION_CONTEXT('2D SPACE',''
  ) );
#2257 = ORIENTED_EDGE('',*,*,#2258,.F.);
#2258 = EDGE_CURVE('',#2259,#2231,#2261,.T.);
#2259 = VERTEX_POINT('',#2260);
#2260 = CARTESIAN_POINT('',(-4.515E+04,1.2E+03,455.));
#2261 = SURFACE_CURVE('',#2262,(#2266,#2273),.PCURVE_S1.);
#2262 = LINE('',#2263,#2264);
#2263 = CARTESIAN_POINT('',(-4.515E+04,1.2E+03,455.));
#2264 = VECTOR('',#2265,1.);
#2265 = DIRECTION('',(0.,0.,1.));
#2266 = PCURVE('',#2206,#2267);
#2267 = DEFINITIONAL_REPRESENTATION('',(#2268),#2272);
#2268 = LINE('',#2269,#2270);
#2269 = CARTESIAN_POINT('',(2.4E+03,0.));
#2270 = VECTOR('',#2271,1.);
#2271 = DIRECTION('',(0.,-1.));
#2272 = ( GEOMETRIC_REPRESENTATION_CONTEXT(2) 
PARAMETRIC_REPRESENTATION_CONTEXT() REPRESENTATION_CONTEXT('2D SPACE',''
  ) );
#2273 = PCURVE('',#2274,#2279);
#2274 = PLANE('',#2275);
#2275 = AXIS2_PLACEMENT_3D('',#2276,#2277,#2278);
#2276 = CARTESIAN_POINT('',(-4.515E+04,1.2E+03,455.));
#2277 = DIRECTION('',(0.,1.,0.));
#2278 = DIRECTION('',(1.,0.,0.));
#2279 = DEFINITIONAL_REPRESENTATION('',(#2280),#2284);
#2280 = LINE('',#2281,#2282);
#2281 = CARTESIAN_POINT('',(0.,0.));
#2282 = VECTOR('',#2283,1.);
#2283 = DIRECTION('',(0.,-1.));
#2284 = ( GEOMETRIC_REPRESENTATION_CONTEXT(2) 
PARAMETRIC_REPRESENTATION_CONTEXT() REPRESENTATION_CONTEXT('2D SPACE',''
  ) );
#2285 = ORIENTED_EDGE('',*,*,#2286,.F.);
#2286 = EDGE_CURVE('',#2196,#2259,#2287,.T.);
#2287 = SURFACE_CURVE('',#2288,(#2292,#2299),.PCURVE_S1.);
#2288 = LINE('',#2289,#2290);
#2289 = CARTESIAN_POINT('',(-4.515E+04,0.,455.));
#2290 = VECTOR('',#2291,1.);
#2291 = DIRECTION('',(0.,1.,0.));
#2292 = PCURVE('',#2206,#2293);
#2293 = DEFINITIONAL_REPRESENTATION('',(#2294),#2298);
#2294 = LINE('',#2295,#2296);
#2295 = CARTESIAN_POINT('',(1.2E+03,0.));
#2296 = VECTOR('',#2297,1.);
#2297 = DIRECTION('',(1.,0.));
#2298 = ( GEOMETRIC_REPRESENTATION_CONTEXT(2) 
PARAMETRIC_REPRESENTATION_CONTEXT() REPRESENTATION_CONTEXT('2D SPACE',''
  ) );
#2299 = PCURVE('',#2300,#2305);
#2300 = PLANE('',#2301);
#2301 = AXIS2_PLACEMENT_3D('',#2302,#2303,#2304);
#2302 = CARTESIAN_POINT('',(-4.34E+04,0.,455.));
#2303 = DIRECTION('',(0.,0.,1.));
#2304 = DIRECTION('',(1.,0.,0.));
#2305 = DEFINITIONAL_REPRESENTATION('',(#2306),#2310);
#2306 = LINE('',#2307,#2308);
#2307 = CARTESIAN_POINT('',(-1.75E+03,0.));
#2308 = VECTOR('',#2309,1.);
#2309 = DIRECTION('',(0.,1.));
#2310 = ( GEOMETRIC_REPRESENTATION_CONTEXT(2) 
PARAMETRIC_REPRESENTATION_CONTEXT() REPRESENTATION_CONTEXT('2D SPACE',''
  ) );
#2311 = ADVANCED_FACE('',(#2312),#2218,.F.);
#2312 = FACE_BOUND('',#2313,.F.);
#2313 = EDGE_LOOP('',(#2314,#2315,#2338,#2366));
#2314 = ORIENTED_EDGE('',*,*,#2195,.T.);
#2315 = ORIENTED_EDGE('',*,*,#2316,.T.);
#2316 = EDGE_CURVE('',#2198,#2317,#2319,.T.);
#2317 = VERTEX_POINT('',#2318);
#2318 = CARTESIAN_POINT('',(-4.165E+04,-1.2E+03,755.));
#2319 = SURFACE_CURVE('',#2320,(#2324,#2331),.PCURVE_S1.);
#2320 = LINE('',#2321,#2322);
#2321 = CARTESIAN_POINT('',(-4.34E+04,-1.2E+03,755.));
#2322 = VECTOR('',#2323,1.);
#2323 = DIRECTION('',(1.,0.,0.));
#2324 = PCURVE('',#2218,#2325);
#2325 = DEFINITIONAL_REPRESENTATION('',(#2326),#2330);
#2326 = LINE('',#2327,#2328);
#2327 = CARTESIAN_POINT('',(1.75E+03,-300.));
#2328 = VECTOR('',#2329,1.);
#2329 = DIRECTION('',(1.,0.));
#2330 = ( GEOMETRIC_REPRESENTATION_CONTEXT(2) 
PARAMETRIC_REPRESENTATION_CONTEXT() REPRESENTATION_CONTEXT('2D SPACE',''
  ) );
#2331 = PCURVE('',#2246,#2332);
#2332 = DEFINITIONAL_REPRESENTATION('',(#2333),#2337);
#2333 = LINE('',#2334,#2335);
#2334 = CARTESIAN_POINT('',(0.,-1.2E+03));
#2335 = VECTOR('',#2336,1.);
#2336 = DIRECTION('',(1.,0.));
#2337 = ( GEOMETRIC_REPRESENTATION_CONTEXT(2) 
PARAMETRIC_REPRESENTATION_CONTEXT() REPRESENTATION_CONTEXT('2D SPACE',''
  ) );
#2338 = ORIENTED_EDGE('',*,*,#2339,.F.);
#2339 = EDGE_CURVE('',#2340,#2317,#2342,.T.);
#2340 = VERTEX_POINT('',#2341);
#2341 = CARTESIAN_POINT('',(-4.165E+04,-1.2E+03,455.));
#2342 = SURFACE_CURVE('',#2343,(#2347,#2354),.PCURVE_S1.);
#2343 = LINE('',#2344,#2345);
#2344 = CARTESIAN_POINT('',(-4.165E+04,-1.2E+03,455.));
#2345 = VECTOR('',#2346,1.);
#2346 = DIRECTION('',(0.,0.,1.));
#2347 = PCURVE('',#2218,#2348);
#2348 = DEFINITIONAL_REPRESENTATION('',(#2349),#2353);
#2349 = LINE('',#2350,#2351);
#2350 = CARTESIAN_POINT('',(3.5E+03,0.));
#2351 = VECTOR('',#2352,1.);
#2352 = DIRECTION('',(0.,-1.));
#2353 = ( GEOMETRIC_REPRESENTATION_CONTEXT(2) 
PARAMETRIC_REPRESENTATION_CONTEXT() REPRESENTATION_CONTEXT('2D SPACE',''
  ) );
#2354 = PCURVE('',#2355,#2360);
#2355 = PLANE('',#2356);
#2356 = AXIS2_PLACEMENT_3D('',#2357,#2358,#2359);
#2357 = CARTESIAN_POINT('',(-4.165E+04,-1.2E+03,455.));
#2358 = DIRECTION('',(-1.,0.,0.));
#2359 = DIRECTION('',(0.,1.,0.));
#2360 = DEFINITIONAL_REPRESENTATION('',(#2361),#2365);
#2361 = LINE('',#2362,#2363);
#2362 = CARTESIAN_POINT('',(0.,0.));
#2363 = VECTOR('',#2364,1.);
#2364 = DIRECTION('',(0.,-1.));
#2365 = ( GEOMETRIC_REPRESENTATION_CONTEXT(2) 
PARAMETRIC_REPRESENTATION_CONTEXT() REPRESENTATION_CONTEXT('2D SPACE',''
  ) );
#2366 = ORIENTED_EDGE('',*,*,#2367,.F.);
#2367 = EDGE_CURVE('',#2196,#2340,#2368,.T.);
#2368 = SURFACE_CURVE('',#2369,(#2373,#2380),.PCURVE_S1.);
#2369 = LINE('',#2370,#2371);
#2370 = CARTESIAN_POINT('',(-4.34E+04,-1.2E+03,455.));
#2371 = VECTOR('',#2372,1.);
#2372 = DIRECTION('',(1.,0.,0.));
#2373 = PCURVE('',#2218,#2374);
#2374 = DEFINITIONAL_REPRESENTATION('',(#2375),#2379);
#2375 = LINE('',#2376,#2377);
#2376 = CARTESIAN_POINT('',(1.75E+03,0.));
#2377 = VECTOR('',#2378,1.);
#2378 = DIRECTION('',(1.,0.));
#2379 = ( GEOMETRIC_REPRESENTATION_CONTEXT(2) 
PARAMETRIC_REPRESENTATION_CONTEXT() REPRESENTATION_CONTEXT('2D SPACE',''
  ) );
#2380 = PCURVE('',#2300,#2381);
#2381 = DEFINITIONAL_REPRESENTATION('',(#2382),#2386);
#2382 = LINE('',#2383,#2384);
#2383 = CARTESIAN_POINT('',(0.,-1.2E+03));
#2384 = VECTOR('',#2385,1.);
#2385 = DIRECTION('',(1.,0.));
#2386 = ( GEOMETRIC_REPRESENTATION_CONTEXT(2) 
PARAMETRIC_REPRESENTATION_CONTEXT() REPRESENTATION_CONTEXT('2D SPACE',''
  ) );
#2387 = ADVANCED_FACE('',(#2388),#2355,.F.);
#2388 = FACE_BOUND('',#2389,.F.);
#2389 = EDGE_LOOP('',(#2390,#2391,#2414,#2437));
#2390 = ORIENTED_EDGE('',*,*,#2339,.T.);
#2391 = ORIENTED_EDGE('',*,*,#2392,.T.);
#2392 = EDGE_CURVE('',#2317,#2393,#2395,.T.);
#2393 = VERTEX_POINT('',#2394);
#2394 = CARTESIAN_POINT('',(-4.165E+04,1.2E+03,755.));
#2395 = SURFACE_CURVE('',#2396,(#2400,#2407),.PCURVE_S1.);
#2396 = LINE('',#2397,#2398);
#2397 = CARTESIAN_POINT('',(-4.165E+04,0.,755.));
#2398 = VECTOR('',#2399,1.);
#2399 = DIRECTION('',(0.,1.,0.));
#2400 = PCURVE('',#2355,#2401);
#2401 = DEFINITIONAL_REPRESENTATION('',(#2402),#2406);
#2402 = LINE('',#2403,#2404);
#2403 = CARTESIAN_POINT('',(1.2E+03,-300.));
#2404 = VECTOR('',#2405,1.);
#2405 = DIRECTION('',(1.,0.));
#2406 = ( GEOMETRIC_REPRESENTATION_CONTEXT(2) 
PARAMETRIC_REPRESENTATION_CONTEXT() REPRESENTATION_CONTEXT('2D SPACE',''
  ) );
#2407 = PCURVE('',#2246,#2408);
#2408 = DEFINITIONAL_REPRESENTATION('',(#2409),#2413);
#2409 = LINE('',#2410,#2411);
#2410 = CARTESIAN_POINT('',(1.75E+03,0.));
#2411 = VECTOR('',#2412,1.);
#2412 = DIRECTION('',(0.,1.));
#2413 = ( GEOMETRIC_REPRESENTATION_CONTEXT(2) 
PARAMETRIC_REPRESENTATION_CONTEXT() REPRESENTATION_CONTEXT('2D SPACE',''
  ) );
#2414 = ORIENTED_EDGE('',*,*,#2415,.F.);
#2415 = EDGE_CURVE('',#2416,#2393,#2418,.T.);
#2416 = VERTEX_POINT('',#2417);
#2417 = CARTESIAN_POINT('',(-4.165E+04,1.2E+03,455.));
#2418 = SURFACE_CURVE('',#2419,(#2423,#2430),.PCURVE_S1.);
#2419 = LINE('',#2420,#2421);
#2420 = CARTESIAN_POINT('',(-4.165E+04,1.2E+03,455.));
#2421 = VECTOR('',#2422,1.);
#2422 = DIRECTION('',(0.,0.,1.));
#2423 = PCURVE('',#2355,#2424);
#2424 = DEFINITIONAL_REPRESENTATION('',(#2425),#2429);
#2425 = LINE('',#2426,#2427);
#2426 = CARTESIAN_POINT('',(2.4E+03,0.));
#2427 = VECTOR('',#2428,1.);
#2428 = DIRECTION('',(0.,-1.));
#2429 = ( GEOMETRIC_REPRESENTATION_CONTEXT(2) 
PARAMETRIC_REPRESENTATION_CONTEXT() REPRESENTATION_CONTEXT('2D SPACE',''
  ) );
#2430 = PCURVE('',#2274,#2431);
#2431 = DEFINITIONAL_REPRESENTATION('',(#2432),#2436);
#2432 = LINE('',#2433,#2434);
#2433 = CARTESIAN_POINT('',(3.5E+03,0.));
#2434 = VECTOR('',#2435,1.);
#2435 = DIRECTION('',(0.,-1.));
#2436 = ( GEOMETRIC_REPRESENTATION_CONTEXT(2) 
PARAMETRIC_REPRESENTATION_CONTEXT() REPRESENTATION_CONTEXT('2D SPACE',''
  ) );
#2437 = ORIENTED_EDGE('',*,*,#2438,.F.);
#2438 = EDGE_CURVE('',#2340,#2416,#2439,.T.);
#2439 = SURFACE_CURVE('',#2440,(#2444,#2451),.PCURVE_S1.);
#2440 = LINE('',#2441,#2442);
#2441 = CARTESIAN_POINT('',(-4.165E+04,0.,455.));
#2442 = VECTOR('',#2443,1.);
#2443 = DIRECTION('',(0.,1.,0.));
#2444 = PCURVE('',#2355,#2445);
#2445 = DEFINITIONAL_REPRESENTATION('',(#2446),#2450);
#2446 = LINE('',#2447,#2448);
#2447 = CARTESIAN_POINT('',(1.2E+03,0.));
#2448 = VECTOR('',#2449,1.);
#2449 = DIRECTION('',(1.,0.));
#2450 = ( GEOMETRIC_REPRESENTATION_CONTEXT(2) 
PARAMETRIC_REPRESENTATION_CONTEXT() REPRESENTATION_CONTEXT('2D SPACE',''
  ) );
#2451 = PCURVE('',#2300,#2452);
#2452 = DEFINITIONAL_REPRESENTATION('',(#2453),#2457);
#2453 = LINE('',#2454,#2455);
#2454 = CARTESIAN_POINT('',(1.75E+03,0.));
#2455 = VECTOR('',#2456,1.);
#2456 = DIRECTION('',(0.,1.));
#2457 = ( GEOMETRIC_REPRESENTATION_CONTEXT(2) 
PARAMETRIC_REPRESENTATION_CONTEXT() REPRESENTATION_CONTEXT('2D SPACE',''
  ) );
#2458 = ADVANCED_FACE('',(#2459),#2274,.T.);
#2459 = FACE_BOUND('',#2460,.T.);
#2460 = EDGE_LOOP('',(#2461,#2462,#2483,#2484));
#2461 = ORIENTED_EDGE('',*,*,#2258,.T.);
#2462 = ORIENTED_EDGE('',*,*,#2463,.T.);
#2463 = EDGE_CURVE('',#2231,#2393,#2464,.T.);
#2464 = SURFACE_CURVE('',#2465,(#2469,#2476),.PCURVE_S1.);
#2465 = LINE('',#2466,#2467);
#2466 = CARTESIAN_POINT('',(-4.34E+04,1.2E+03,755.));
#2467 = VECTOR('',#2468,1.);
#2468 = DIRECTION('',(1.,0.,0.));
#2469 = PCURVE('',#2274,#2470);
#2470 = DEFINITIONAL_REPRESENTATION('',(#2471),#2475);
#2471 = LINE('',#2472,#2473);
#2472 = CARTESIAN_POINT('',(1.75E+03,-300.));
#2473 = VECTOR('',#2474,1.);
#2474 = DIRECTION('',(1.,0.));
#2475 = ( GEOMETRIC_REPRESENTATION_CONTEXT(2) 
PARAMETRIC_REPRESENTATION_CONTEXT() REPRESENTATION_CONTEXT('2D SPACE',''
  ) );
#2476 = PCURVE('',#2246,#2477);
#2477 = DEFINITIONAL_REPRESENTATION('',(#2478),#2482);
#2478 = LINE('',#2479,#2480);
#2479 = CARTESIAN_POINT('',(0.,1.2E+03));
#2480 = VECTOR('',#2481,1.);
#2481 = DIRECTION('',(1.,0.));
#2482 = ( GEOMETRIC_REPRESENTATION_CONTEXT(2) 
PARAMETRIC_REPRESENTATION_CONTEXT() REPRESENTATION_CONTEXT('2D SPACE',''
  ) );
#2483 = ORIENTED_EDGE('',*,*,#2415,.F.);
#2484 = ORIENTED_EDGE('',*,*,#2485,.F.);
#2485 = EDGE_CURVE('',#2259,#2416,#2486,.T.);
#2486 = SURFACE_CURVE('',#2487,(#2491,#2498),.PCURVE_S1.);
#2487 = LINE('',#2488,#2489);
#2488 = CARTESIAN_POINT('',(-4.34E+04,1.2E+03,455.));
#2489 = VECTOR('',#2490,1.);
#2490 = DIRECTION('',(1.,0.,0.));
#2491 = PCURVE('',#2274,#2492);
#2492 = DEFINITIONAL_REPRESENTATION('',(#2493),#2497);
#2493 = LINE('',#2494,#2495);
#2494 = CARTESIAN_POINT('',(1.75E+03,0.));
#2495 = VECTOR('',#2496,1.);
#2496 = DIRECTION('',(1.,0.));
#2497 = ( GEOMETRIC_REPRESENTATION_CONTEXT(2) 
PARAMETRIC_REPRESENTATION_CONTEXT() REPRESENTATION_CONTEXT('2D SPACE',''
  ) );
#2498 = PCURVE('',#2300,#2499);
#2499 = DEFINITIONAL_REPRESENTATION('',(#2500),#2504);
#2500 = LINE('',#2501,#2502);
#2501 = CARTESIAN_POINT('',(0.,1.2E+03));
#2502 = VECTOR('',#2503,1.);
#2503 = DIRECTION('',(1.,0.));
#2504 = ( GEOMETRIC_REPRESENTATION_CONTEXT(2) 
PARAMETRIC_REPRESENTATION_CONTEXT() REPRESENTATION_CONTEXT('2D SPACE',''
  ) );
#2505 = ADVANCED_FACE('',(#2506),#2300,.F.);
#2506 = FACE_BOUND('',#2507,.F.);
#2507 = EDGE_LOOP('',(#2508,#2509,#2510,#2511));
#2508 = ORIENTED_EDGE('',*,*,#2286,.F.);
#2509 = ORIENTED_EDGE('',*,*,#2367,.T.);
#2510 = ORIENTED_EDGE('',*,*,#2438,.T.);
#2511 = ORIENTED_EDGE('',*,*,#2485,.F.);
#2512 = ADVANCED_FACE('',(#2513),#2246,.T.);
#2513 = FACE_BOUND('',#2514,.T.);
#2514 = EDGE_LOOP('',(#2515,#2516,#2517,#2518));
#2515 = ORIENTED_EDGE('',*,*,#2230,.F.);
#2516 = ORIENTED_EDGE('',*,*,#2316,.T.);
#2517 = ORIENTED_EDGE('',*,*,#2392,.T.);
#2518 = ORIENTED_EDGE('',*,*,#2463,.F.);
#2519 = ( GEOMETRIC_REPRESENTATION_CONTEXT(3) 
GLOBAL_UNCERTAINTY_ASSIGNED_CONTEXT((#2523)) 
GLOBAL_UNIT_ASSIGNED_CONTEXT((#2520,#2521,#2522)) REPRESENTATION_CONTEXT
('Context #1','3D Context with UNIT and UNCERTAINTY') );
#2520 = ( LENGTH_UNIT() NAMED_UNIT(*) SI_UNIT(.MILLI.,.METRE.) );
#2521 = ( NAMED_UNIT(*) PLANE_ANGLE_UNIT() SI_UNIT($,.RADIAN.) );
#2522 = ( NAMED_UNIT(*) SI_UNIT($,.STERADIAN.) SOLID_ANGLE_UNIT() );
#2523 = UNCERTAINTY_MEASURE_WITH_UNIT(LENGTH_MEASURE(1.E-07),#2520,
  'distance_accuracy_value','confusion accuracy');
#2524 = CONTEXT_DEPENDENT_SHAPE_REPRESENTATION(#2525,#2527);
#2525 = ( REPRESENTATION_RELATIONSHIP('','',#2188,#2165) 
REPRESENTATION_RELATIONSHIP_WITH_TRANSFORMATION(#2526) 
SHAPE_REPRESENTATION_RELATIONSHIP() );
#2526 = ITEM_DEFINED_TRANSFORMATION('','',#11,#2166);
#2527 = PRODUCT_DEFINITION_SHAPE('Placement','Placement of an item',
  #2528);
#2528 = NEXT_ASSEMBLY_USAGE_OCCURRENCE('1112','=>[0:1:1:8]','',#2160,
  #2183,$);
#2529 = PRODUCT_RELATED_PRODUCT_CATEGORY('part',$,(#2185));
#2530 = SHAPE_DEFINITION_REPRESENTATION(#2531,#2537);
#2531 = PRODUCT_DEFINITION_SHAPE('','',#2532);
#2532 = PRODUCT_DEFINITION('design','',#2533,#2536);
#2533 = PRODUCT_DEFINITION_FORMATION('','',#2534);
#2534 = PRODUCT('ASSEMBLY','ASSEMBLY','',(#2535));
#2535 = PRODUCT_CONTEXT('',#2,'mechanical');
#2536 = PRODUCT_DEFINITION_CONTEXT('part definition',#2,'design');
#2537 = SHAPE_REPRESENTATION('',(#11,#2538),#2542);
#2538 = AXIS2_PLACEMENT_3D('',#2539,#2540,#2541);
#2539 = CARTESIAN_POINT('',(0.,0.,0.));
#2540 = DIRECTION('',(0.,0.,1.));
#2541 = DIRECTION('',(1.,0.,-0.));
#2542 = ( GEOMETRIC_REPRESENTATION_CONTEXT(3) 
GLOBAL_UNCERTAINTY_ASSIGNED_CONTEXT((#2546)) 
GLOBAL_UNIT_ASSIGNED_CONTEXT((#2543,#2544,#2545)) REPRESENTATION_CONTEXT
('Context #1','3D Context with UNIT and UNCERTAINTY') );
#2543 = ( LENGTH_UNIT() NAMED_UNIT(*) SI_UNIT(.MILLI.,.METRE.) );
#2544 = ( NAMED_UNIT(*) PLANE_ANGLE_UNIT() SI_UNIT($,.RADIAN.) );
#2545 = ( NAMED_UNIT(*) SI_UNIT($,.STERADIAN.) SOLID_ANGLE_UNIT() );
#2546 = UNCERTAINTY_MEASURE_WITH_UNIT(LENGTH_MEASURE(1.E-07),#2543,
  'distance_accuracy_value','confusion accuracy');
#2547 = CONTEXT_DEPENDENT_SHAPE_REPRESENTATION(#2548,#2550);
#2548 = ( REPRESENTATION_RELATIONSHIP('','',#2537,#2126) 
REPRESENTATION_RELATIONSHIP_WITH_TRANSFORMATION(#2549) 
SHAPE_REPRESENTATION_RELATIONSHIP() );
#2549 = ITEM_DEFINED_TRANSFORMATION('','',#11,#2131);
#2550 = PRODUCT_DEFINITION_SHAPE('Placement','Placement of an item',
  #2551);
#2551 = NEXT_ASSEMBLY_USAGE_OCCURRENCE('1115','=>[0:1:1:9]','',#2121,
  #2532,$);
#2552 = PRODUCT_RELATED_PRODUCT_CATEGORY('part',$,(#2534));
#2553 = SHAPE_DEFINITION_REPRESENTATION(#2554,#2560);
#2554 = PRODUCT_DEFINITION_SHAPE('','',#2555);
#2555 = PRODUCT_DEFINITION('design','',#2556,#2559);
#2556 = PRODUCT_DEFINITION_FORMATION('','',#2557);
#2557 = PRODUCT('SOLID','SOLID','',(#2558));
#2558 = PRODUCT_CONTEXT('',#2,'mechanical');
#2559 = PRODUCT_DEFINITION_CONTEXT('part definition',#2,'design');
#2560 = ADVANCED_BREP_SHAPE_REPRESENTATION('',(#11,#2561),#2659);
#2561 = MANIFOLD_SOLID_BREP('',#2562);
#2562 = CLOSED_SHELL('',(#2563,#2651,#2655));
#2563 = ADVANCED_FACE('',(#2564),#2578,.T.);
#2564 = FACE_BOUND('',#2565,.F.);
#2565 = EDGE_LOOP('',(#2566,#2596,#2623,#2624));
#2566 = ORIENTED_EDGE('',*,*,#2567,.T.);
#2567 = EDGE_CURVE('',#2568,#2570,#2572,.T.);
#2568 = VERTEX_POINT('',#2569);
#2569 = CARTESIAN_POINT('',(-4.445E+04,-717.5,0.));
#2570 = VERTEX_POINT('',#2571);
#2571 = CARTESIAN_POINT('',(-4.433E+04,-717.5,0.));
#2572 = SEAM_CURVE('',#2573,(#2577,#2589),.PCURVE_S1.);
#2573 = LINE('',#2574,#2575);
#2574 = CARTESIAN_POINT('',(-4.445E+04,-717.5,0.));
#2575 = VECTOR('',#2576,1.);
#2576 = DIRECTION('',(1.,0.,1.110223024625E-16));
#2577 = PCURVE('',#2578,#2583);
#2578 = CYLINDRICAL_SURFACE('',#2579,405.);
#2579 = AXIS2_PLACEMENT_3D('',#2580,#2581,#2582);
#2580 = CARTESIAN_POINT('',(-4.445E+04,-717.5,405.));
#2581 = DIRECTION('',(-1.,-0.,-1.110223024625E-16));
#2582 = DIRECTION('',(1.110223024625E-16,0.,-1.));
#2583 = DEFINITIONAL_REPRESENTATION('',(#2584),#2588);
#2584 = LINE('',#2585,#2586);
#2585 = CARTESIAN_POINT('',(-0.,0.));
#2586 = VECTOR('',#2587,1.);
#2587 = DIRECTION('',(-0.,-1.));
#2588 = ( GEOMETRIC_REPRESENTATION_CONTEXT(2) 
PARAMETRIC_REPRESENTATION_CONTEXT() REPRESENTATION_CONTEXT('2D SPACE',''
  ) );
#2589 = PCURVE('',#2578,#2590);
#2590 = DEFINITIONAL_REPRESENTATION('',(#2591),#2595);
#2591 = LINE('',#2592,#2593);
#2592 = CARTESIAN_POINT('',(-6.28318530718,0.));
#2593 = VECTOR('',#2594,1.);
#2594 = DIRECTION('',(-0.,-1.));
#2595 = ( GEOMETRIC_REPRESENTATION_CONTEXT(2) 
PARAMETRIC_REPRESENTATION_CONTEXT() REPRESENTATION_CONTEXT('2D SPACE',''
  ) );
#2596 = ORIENTED_EDGE('',*,*,#2597,.T.);
#2597 = EDGE_CURVE('',#2570,#2570,#2598,.T.);
#2598 = SURFACE_CURVE('',#2599,(#2604,#2611),.PCURVE_S1.);
#2599 = CIRCLE('',#2600,405.);
#2600 = AXIS2_PLACEMENT_3D('',#2601,#2602,#2603);
#2601 = CARTESIAN_POINT('',(-4.433E+04,-717.5,405.));
#2602 = DIRECTION('',(1.,-0.,1.110223024625E-16));
#2603 = DIRECTION('',(1.110223024625E-16,0.,-1.));
#2604 = PCURVE('',#2578,#2605);
#2605 = DEFINITIONAL_REPRESENTATION('',(#2606),#2610);
#2606 = LINE('',#2607,#2608);
#2607 = CARTESIAN_POINT('',(-0.,-120.));
#2608 = VECTOR('',#2609,1.);
#2609 = DIRECTION('',(-1.,0.));
#2610 = ( GEOMETRIC_REPRESENTATION_CONTEXT(2) 
PARAMETRIC_REPRESENTATION_CONTEXT() REPRESENTATION_CONTEXT('2D SPACE',''
  ) );
#2611 = PCURVE('',#2612,#2617);
#2612 = PLANE('',#2613);
#2613 = AXIS2_PLACEMENT_3D('',#2614,#2615,#2616);
#2614 = CARTESIAN_POINT('',(-4.433E+04,-717.5,405.));
#2615 = DIRECTION('',(1.,0.,1.110223024625E-16));
#2616 = DIRECTION('',(1.110223024625E-16,0.,-1.));
#2617 = DEFINITIONAL_REPRESENTATION('',(#2618),#2622);
#2618 = CIRCLE('',#2619,405.);
#2619 = AXIS2_PLACEMENT_2D('',#2620,#2621);
#2620 = CARTESIAN_POINT('',(5.684341886081E-14,0.));
#2621 = DIRECTION('',(1.,0.));
#2622 = ( GEOMETRIC_REPRESENTATION_CONTEXT(2) 
PARAMETRIC_REPRESENTATION_CONTEXT() REPRESENTATION_CONTEXT('2D SPACE',''
  ) );
#2623 = ORIENTED_EDGE('',*,*,#2567,.F.);
#2624 = ORIENTED_EDGE('',*,*,#2625,.F.);
#2625 = EDGE_CURVE('',#2568,#2568,#2626,.T.);
#2626 = SURFACE_CURVE('',#2627,(#2632,#2639),.PCURVE_S1.);
#2627 = CIRCLE('',#2628,405.);
#2628 = AXIS2_PLACEMENT_3D('',#2629,#2630,#2631);
#2629 = CARTESIAN_POINT('',(-4.445E+04,-717.5,405.));
#2630 = DIRECTION('',(1.,-0.,1.110223024625E-16));
#2631 = DIRECTION('',(1.110223024625E-16,0.,-1.));
#2632 = PCURVE('',#2578,#2633);
#2633 = DEFINITIONAL_REPRESENTATION('',(#2634),#2638);
#2634 = LINE('',#2635,#2636);
#2635 = CARTESIAN_POINT('',(-0.,0.));
#2636 = VECTOR('',#2637,1.);
#2637 = DIRECTION('',(-1.,0.));
#2638 = ( GEOMETRIC_REPRESENTATION_CONTEXT(2) 
PARAMETRIC_REPRESENTATION_CONTEXT() REPRESENTATION_CONTEXT('2D SPACE',''
  ) );
#2639 = PCURVE('',#2640,#2645);
#2640 = PLANE('',#2641);
#2641 = AXIS2_PLACEMENT_3D('',#2642,#2643,#2644);
#2642 = CARTESIAN_POINT('',(-4.445E+04,-717.5,405.));
#2643 = DIRECTION('',(1.,0.,1.110223024625E-16));
#2644 = DIRECTION('',(1.110223024625E-16,0.,-1.));
#2645 = DEFINITIONAL_REPRESENTATION('',(#2646),#2650);
#2646 = CIRCLE('',#2647,405.);
#2647 = AXIS2_PLACEMENT_2D('',#2648,#2649);
#2648 = CARTESIAN_POINT('',(0.,0.));
#2649 = DIRECTION('',(1.,0.));
#2650 = ( GEOMETRIC_REPRESENTATION_CONTEXT(2) 
PARAMETRIC_REPRESENTATION_CONTEXT() REPRESENTATION_CONTEXT('2D SPACE',''
  ) );
#2651 = ADVANCED_FACE('',(#2652),#2640,.F.);
#2652 = FACE_BOUND('',#2653,.F.);
#2653 = EDGE_LOOP('',(#2654));
#2654 = ORIENTED_EDGE('',*,*,#2625,.T.);
#2655 = ADVANCED_FACE('',(#2656),#2612,.T.);
#2656 = FACE_BOUND('',#2657,.T.);
#2657 = EDGE_LOOP('',(#2658));
#2658 = ORIENTED_EDGE('',*,*,#2597,.T.);
#2659 = ( GEOMETRIC_REPRESENTATION_CONTEXT(3) 
GLOBAL_UNCERTAINTY_ASSIGNED_CONTEXT((#2663)) 
GLOBAL_UNIT_ASSIGNED_CONTEXT((#2660,#2661,#2662)) REPRESENTATION_CONTEXT
('Context #1','3D Context with UNIT and UNCERTAINTY') );
#2660 = ( LENGTH_UNIT() NAMED_UNIT(*) SI_UNIT(.MILLI.,.METRE.) );
#2661 = ( NAMED_UNIT(*) PLANE_ANGLE_UNIT() SI_UNIT($,.RADIAN.) );
#2662 = ( NAMED_UNIT(*) SI_UNIT($,.STERADIAN.) SOLID_ANGLE_UNIT() );
#2663 = UNCERTAINTY_MEASURE_WITH_UNIT(LENGTH_MEASURE(1.E-07),#2660,
  'distance_accuracy_value','confusion accuracy');
#2664 = CONTEXT_DEPENDENT_SHAPE_REPRESENTATION(#2665,#2667);
#2665 = ( REPRESENTATION_RELATIONSHIP('','',#2560,#2537) 
REPRESENTATION_RELATIONSHIP_WITH_TRANSFORMATION(#2666) 
SHAPE_REPRESENTATION_RELATIONSHIP() );
#2666 = ITEM_DEFINED_TRANSFORMATION('','',#11,#2538);
#2667 = PRODUCT_DEFINITION_SHAPE('Placement','Placement of an item',
  #2668);
#2668 = NEXT_ASSEMBLY_USAGE_OCCURRENCE('1114','=>[0:1:1:10]','',#2532,
  #2555,$);
#2669 = PRODUCT_RELATED_PRODUCT_CATEGORY('part',$,(#2557));
#2670 = SHAPE_DEFINITION_REPRESENTATION(#2671,#2677);
#2671 = PRODUCT_DEFINITION_SHAPE('','',#2672);
#2672 = PRODUCT_DEFINITION('design','',#2673,#2676);
#2673 = PRODUCT_DEFINITION_FORMATION('','',#2674);
#2674 = PRODUCT('ASSEMBLY','ASSEMBLY','',(#2675));
#2675 = PRODUCT_CONTEXT('',#2,'mechanical');
#2676 = PRODUCT_DEFINITION_CONTEXT('part definition',#2,'design');
#2677 = SHAPE_REPRESENTATION('',(#11,#2678),#2682);
#2678 = AXIS2_PLACEMENT_3D('',#2679,#2680,#2681);
#2679 = CARTESIAN_POINT('',(0.,0.,0.));
#2680 = DIRECTION('',(0.,0.,1.));
#2681 = DIRECTION('',(1.,0.,-0.));
#2682 = ( GEOMETRIC_REPRESENTATION_CONTEXT(3) 
GLOBAL_UNCERTAINTY_ASSIGNED_CONTEXT((#2686)) 
GLOBAL_UNIT_ASSIGNED_CONTEXT((#2683,#2684,#2685)) REPRESENTATION_CONTEXT
('Context #1','3D Context with UNIT and UNCERTAINTY') );
#2683 = ( LENGTH_UNIT() NAMED_UNIT(*) SI_UNIT(.MILLI.,.METRE.) );
#2684 = ( NAMED_UNIT(*) PLANE_ANGLE_UNIT() SI_UNIT($,.RADIAN.) );
#2685 = ( NAMED_UNIT(*) SI_UNIT($,.STERADIAN.) SOLID_ANGLE_UNIT() );
#2686 = UNCERTAINTY_MEASURE_WITH_UNIT(LENGTH_MEASURE(1.E-07),#2683,
  'distance_accuracy_value','confusion accuracy');
#2687 = CONTEXT_DEPENDENT_SHAPE_REPRESENTATION(#2688,#2690);
#2688 = ( REPRESENTATION_RELATIONSHIP('','',#2677,#2126) 
REPRESENTATION_RELATIONSHIP_WITH_TRANSFORMATION(#2689) 
SHAPE_REPRESENTATION_RELATIONSHIP() );
#2689 = ITEM_DEFINED_TRANSFORMATION('','',#11,#2135);
#2690 = PRODUCT_DEFINITION_SHAPE('Placement','Placement of an item',
  #2691);
#2691 = NEXT_ASSEMBLY_USAGE_OCCURRENCE('1117','=>[0:1:1:11]','',#2121,
  #2672,$);
#2692 = PRODUCT_RELATED_PRODUCT_CATEGORY('part',$,(#2674));
#2693 = SHAPE_DEFINITION_REPRESENTATION(#2694,#2700);
#2694 = PRODUCT_DEFINITION_SHAPE('','',#2695);
#2695 = PRODUCT_DEFINITION('design','',#2696,#2699);
#2696 = PRODUCT_DEFINITION_FORMATION('','',#2697);
#2697 = PRODUCT('SOLID','SOLID','',(#2698));
#2698 = PRODUCT_CONTEXT('',#2,'mechanical');
#2699 = PRODUCT_DEFINITION_CONTEXT('part definition',#2,'design');
#2700 = ADVANCED_BREP_SHAPE_REPRESENTATION('',(#11,#2701),#2799);
#2701 = MANIFOLD_SOLID_BREP('',#2702);
#2702 = CLOSED_SHELL('',(#2703,#2791,#2795));
#2703 = ADVANCED_FACE('',(#2704),#2718,.T.);
#2704 = FACE_BOUND('',#2705,.F.);
#2705 = EDGE_LOOP('',(#2706,#2736,#2763,#2764));
#2706 = ORIENTED_EDGE('',*,*,#2707,.T.);
#2707 = EDGE_CURVE('',#2708,#2710,#2712,.T.);
#2708 = VERTEX_POINT('',#2709);
#2709 = CARTESIAN_POINT('',(-4.445E+04,717.5,0.));
#2710 = VERTEX_POINT('',#2711);
#2711 = CARTESIAN_POINT('',(-4.433E+04,717.5,0.));
#2712 = SEAM_CURVE('',#2713,(#2717,#2729),.PCURVE_S1.);
#2713 = LINE('',#2714,#2715);
#2714 = CARTESIAN_POINT('',(-4.445E+04,717.5,0.));
#2715 = VECTOR('',#2716,1.);
#2716 = DIRECTION('',(1.,0.,1.110223024625E-16));
#2717 = PCURVE('',#2718,#2723);
#2718 = CYLINDRICAL_SURFACE('',#2719,405.);
#2719 = AXIS2_PLACEMENT_3D('',#2720,#2721,#2722);
#2720 = CARTESIAN_POINT('',(-4.445E+04,717.5,405.));
#2721 = DIRECTION('',(-1.,-0.,-1.110223024625E-16));
#2722 = DIRECTION('',(1.110223024625E-16,0.,-1.));
#2723 = DEFINITIONAL_REPRESENTATION('',(#2724),#2728);
#2724 = LINE('',#2725,#2726);
#2725 = CARTESIAN_POINT('',(-0.,0.));
#2726 = VECTOR('',#2727,1.);
#2727 = DIRECTION('',(-0.,-1.));
#2728 = ( GEOMETRIC_REPRESENTATION_CONTEXT(2) 
PARAMETRIC_REPRESENTATION_CONTEXT() REPRESENTATION_CONTEXT('2D SPACE',''
  ) );
#2729 = PCURVE('',#2718,#2730);
#2730 = DEFINITIONAL_REPRESENTATION('',(#2731),#2735);
#2731 = LINE('',#2732,#2733);
#2732 = CARTESIAN_POINT('',(-6.28318530718,0.));
#2733 = VECTOR('',#2734,1.);
#2734 = DIRECTION('',(-0.,-1.));
#2735 = ( GEOMETRIC_REPRESENTATION_CONTEXT(2) 
PARAMETRIC_REPRESENTATION_CONTEXT() REPRESENTATION_CONTEXT('2D SPACE',''
  ) );
#2736 = ORIENTED_EDGE('',*,*,#2737,.T.);
#2737 = EDGE_CURVE('',#2710,#2710,#2738,.T.);
#2738 = SURFACE_CURVE('',#2739,(#2744,#2751),.PCURVE_S1.);
#2739 = CIRCLE('',#2740,405.);
#2740 = AXIS2_PLACEMENT_3D('',#2741,#2742,#2743);
#2741 = CARTESIAN_POINT('',(-4.433E+04,717.5,405.));
#2742 = DIRECTION('',(1.,-0.,1.110223024625E-16));
#2743 = DIRECTION('',(1.110223024625E-16,0.,-1.));
#2744 = PCURVE('',#2718,#2745);
#2745 = DEFINITIONAL_REPRESENTATION('',(#2746),#2750);
#2746 = LINE('',#2747,#2748);
#2747 = CARTESIAN_POINT('',(-0.,-120.));
#2748 = VECTOR('',#2749,1.);
#2749 = DIRECTION('',(-1.,0.));
#2750 = ( GEOMETRIC_REPRESENTATION_CONTEXT(2) 
PARAMETRIC_REPRESENTATION_CONTEXT() REPRESENTATION_CONTEXT('2D SPACE',''
  ) );
#2751 = PCURVE('',#2752,#2757);
#2752 = PLANE('',#2753);
#2753 = AXIS2_PLACEMENT_3D('',#2754,#2755,#2756);
#2754 = CARTESIAN_POINT('',(-4.433E+04,717.5,405.));
#2755 = DIRECTION('',(1.,0.,1.110223024625E-16));
#2756 = DIRECTION('',(1.110223024625E-16,0.,-1.));
#2757 = DEFINITIONAL_REPRESENTATION('',(#2758),#2762);
#2758 = CIRCLE('',#2759,405.);
#2759 = AXIS2_PLACEMENT_2D('',#2760,#2761);
#2760 = CARTESIAN_POINT('',(5.684341886081E-14,0.));
#2761 = DIRECTION('',(1.,0.));
#2762 = ( GEOMETRIC_REPRESENTATION_CONTEXT(2) 
PARAMETRIC_REPRESENTATION_CONTEXT() REPRESENTATION_CONTEXT('2D SPACE',''
  ) );
#2763 = ORIENTED_EDGE('',*,*,#2707,.F.);
#2764 = ORIENTED_EDGE('',*,*,#2765,.F.);
#2765 = EDGE_CURVE('',#2708,#2708,#2766,.T.);
#2766 = SURFACE_CURVE('',#2767,(#2772,#2779),.PCURVE_S1.);
#2767 = CIRCLE('',#2768,405.);
#2768 = AXIS2_PLACEMENT_3D('',#2769,#2770,#2771);
#2769 = CARTESIAN_POINT('',(-4.445E+04,717.5,405.));
#2770 = DIRECTION('',(1.,-0.,1.110223024625E-16));
#2771 = DIRECTION('',(1.110223024625E-16,0.,-1.));
#2772 = PCURVE('',#2718,#2773);
#2773 = DEFINITIONAL_REPRESENTATION('',(#2774),#2778);
#2774 = LINE('',#2775,#2776);
#2775 = CARTESIAN_POINT('',(-0.,0.));
#2776 = VECTOR('',#2777,1.);
#2777 = DIRECTION('',(-1.,0.));
#2778 = ( GEOMETRIC_REPRESENTATION_CONTEXT(2) 
PARAMETRIC_REPRESENTATION_CONTEXT() REPRESENTATION_CONTEXT('2D SPACE',''
  ) );
#2779 = PCURVE('',#2780,#2785);
#2780 = PLANE('',#2781);
#2781 = AXIS2_PLACEMENT_3D('',#2782,#2783,#2784);
#2782 = CARTESIAN_POINT('',(-4.445E+04,717.5,405.));
#2783 = DIRECTION('',(1.,0.,1.110223024625E-16));
#2784 = DIRECTION('',(1.110223024625E-16,0.,-1.));
#2785 = DEFINITIONAL_REPRESENTATION('',(#2786),#2790);
#2786 = CIRCLE('',#2787,405.);
#2787 = AXIS2_PLACEMENT_2D('',#2788,#2789);
#2788 = CARTESIAN_POINT('',(0.,0.));
#2789 = DIRECTION('',(1.,0.));
#2790 = ( GEOMETRIC_REPRESENTATION_CONTEXT(2) 
PARAMETRIC_REPRESENTATION_CONTEXT() REPRESENTATION_CONTEXT('2D SPACE',''
  ) );
#2791 = ADVANCED_FACE('',(#2792),#2780,.F.);
#2792 = FACE_BOUND('',#2793,.F.);
#2793 = EDGE_LOOP('',(#2794));
#2794 = ORIENTED_EDGE('',*,*,#2765,.T.);
#2795 = ADVANCED_FACE('',(#2796),#2752,.T.);
#2796 = FACE_BOUND('',#2797,.T.);
#2797 = EDGE_LOOP('',(#2798));
#2798 = ORIENTED_EDGE('',*,*,#2737,.T.);
#2799 = ( GEOMETRIC_REPRESENTATION_CONTEXT(3) 
GLOBAL_UNCERTAINTY_ASSIGNED_CONTEXT((#2803)) 
GLOBAL_UNIT_ASSIGNED_CONTEXT((#2800,#2801,#2802)) REPRESENTATION_CONTEXT
('Context #1','3D Context with UNIT and UNCERTAINTY') );
#2800 = ( LENGTH_UNIT() NAMED_UNIT(*) SI_UNIT(.MILLI.,.METRE.) );
#2801 = ( NAMED_UNIT(*) PLANE_ANGLE_UNIT() SI_UNIT($,.RADIAN.) );
#2802 = ( NAMED_UNIT(*) SI_UNIT($,.STERADIAN.) SOLID_ANGLE_UNIT() );
#2803 = UNCERTAINTY_MEASURE_WITH_UNIT(LENGTH_MEASURE(1.E-07),#2800,
  'distance_accuracy_value','confusion accuracy');
#2804 = CONTEXT_DEPENDENT_SHAPE_REPRESENTATION(#2805,#2807);
#2805 = ( REPRESENTATION_RELATIONSHIP('','',#2700,#2677) 
REPRESENTATION_RELATIONSHIP_WITH_TRANSFORMATION(#2806) 
SHAPE_REPRESENTATION_RELATIONSHIP() );
#2806 = ITEM_DEFINED_TRANSFORMATION('','',#11,#2678);
#2807 = PRODUCT_DEFINITION_SHAPE('Placement','Placement of an item',
  #2808);
#2808 = NEXT_ASSEMBLY_USAGE_OCCURRENCE('1116','=>[0:1:1:12]','',#2672,
  #2695,$);
#2809 = PRODUCT_RELATED_PRODUCT_CATEGORY('part',$,(#2697));
#2810 = SHAPE_DEFINITION_REPRESENTATION(#2811,#2817);
#2811 = PRODUCT_DEFINITION_SHAPE('','',#2812);
#2812 = PRODUCT_DEFINITION('design','',#2813,#2816);
#2813 = PRODUCT_DEFINITION_FORMATION('','',#2814);
#2814 = PRODUCT('ASSEMBLY','ASSEMBLY','',(#2815));
#2815 = PRODUCT_CONTEXT('',#2,'mechanical');
#2816 = PRODUCT_DEFINITION_CONTEXT('part definition',#2,'design');
#2817 = SHAPE_REPRESENTATION('',(#11,#2818),#2822);
#2818 = AXIS2_PLACEMENT_3D('',#2819,#2820,#2821);
#2819 = CARTESIAN_POINT('',(0.,0.,0.));
#2820 = DIRECTION('',(0.,0.,1.));
#2821 = DIRECTION('',(1.,0.,-0.));
#2822 = ( GEOMETRIC_REPRESENTATION_CONTEXT(3) 
GLOBAL_UNCERTAINTY_ASSIGNED_CONTEXT((#2826)) 
GLOBAL_UNIT_ASSIGNED_CONTEXT((#2823,#2824,#2825)) REPRESENTATION_CONTEXT
('Context #1','3D Context with UNIT and UNCERTAINTY') );
#2823 = ( LENGTH_UNIT() NAMED_UNIT(*) SI_UNIT(.MILLI.,.METRE.) );
#2824 = ( NAMED_UNIT(*) PLANE_ANGLE_UNIT() SI_UNIT($,.RADIAN.) );
#2825 = ( NAMED_UNIT(*) SI_UNIT($,.STERADIAN.) SOLID_ANGLE_UNIT() );
#2826 = UNCERTAINTY_MEASURE_WITH_UNIT(LENGTH_MEASURE(1.E-07),#2823,
  'distance_accuracy_value','confusion accuracy');
#2827 = CONTEXT_DEPENDENT_SHAPE_REPRESENTATION(#2828,#2830);
#2828 = ( REPRESENTATION_RELATIONSHIP('','',#2817,#2126) 
REPRESENTATION_RELATIONSHIP_WITH_TRANSFORMATION(#2829) 
SHAPE_REPRESENTATION_RELATIONSHIP() );
#2829 = ITEM_DEFINED_TRANSFORMATION('','',#11,#2139);
#2830 = PRODUCT_DEFINITION_SHAPE('Placement','Placement of an item',
  #2831);
#2831 = NEXT_ASSEMBLY_USAGE_OCCURRENCE('1119','=>[0:1:1:13]','',#2121,
  #2812,$);
#2832 = PRODUCT_RELATED_PRODUCT_CATEGORY('part',$,(#2814));
#2833 = SHAPE_DEFINITION_REPRESENTATION(#2834,#2840);
#2834 = PRODUCT_DEFINITION_SHAPE('','',#2835);
#2835 = PRODUCT_DEFINITION('design','',#2836,#2839);
#2836 = PRODUCT_DEFINITION_FORMATION('','',#2837);
#2837 = PRODUCT('SOLID','SOLID','',(#2838));
#2838 = PRODUCT_CONTEXT('',#2,'mechanical');
#2839 = PRODUCT_DEFINITION_CONTEXT('part definition',#2,'design');
#2840 = ADVANCED_BREP_SHAPE_REPRESENTATION('',(#11,#2841),#2939);
#2841 = MANIFOLD_SOLID_BREP('',#2842);
#2842 = CLOSED_SHELL('',(#2843,#2931,#2935));
#2843 = ADVANCED_FACE('',(#2844),#2858,.T.);
#2844 = FACE_BOUND('',#2845,.F.);
#2845 = EDGE_LOOP('',(#2846,#2876,#2903,#2904));
#2846 = ORIENTED_EDGE('',*,*,#2847,.T.);
#2847 = EDGE_CURVE('',#2848,#2850,#2852,.T.);
#2848 = VERTEX_POINT('',#2849);
#2849 = CARTESIAN_POINT('',(-4.235E+04,-717.5,0.));
#2850 = VERTEX_POINT('',#2851);
#2851 = CARTESIAN_POINT('',(-4.223E+04,-717.5,0.));
#2852 = SEAM_CURVE('',#2853,(#2857,#2869),.PCURVE_S1.);
#2853 = LINE('',#2854,#2855);
#2854 = CARTESIAN_POINT('',(-4.235E+04,-717.5,0.));
#2855 = VECTOR('',#2856,1.);
#2856 = DIRECTION('',(1.,0.,1.110223024625E-16));
#2857 = PCURVE('',#2858,#2863);
#2858 = CYLINDRICAL_SURFACE('',#2859,405.);
#2859 = AXIS2_PLACEMENT_3D('',#2860,#2861,#2862);
#2860 = CARTESIAN_POINT('',(-4.235E+04,-717.5,405.));
#2861 = DIRECTION('',(-1.,-0.,-1.110223024625E-16));
#2862 = DIRECTION('',(1.110223024625E-16,0.,-1.));
#2863 = DEFINITIONAL_REPRESENTATION('',(#2864),#2868);
#2864 = LINE('',#2865,#2866);
#2865 = CARTESIAN_POINT('',(-0.,0.));
#2866 = VECTOR('',#2867,1.);
#2867 = DIRECTION('',(-0.,-1.));
#2868 = ( GEOMETRIC_REPRESENTATION_CONTEXT(2) 
PARAMETRIC_REPRESENTATION_CONTEXT() REPRESENTATION_CONTEXT('2D SPACE',''
  ) );
#2869 = PCURVE('',#2858,#2870);
#2870 = DEFINITIONAL_REPRESENTATION('',(#2871),#2875);
#2871 = LINE('',#2872,#2873);
#2872 = CARTESIAN_POINT('',(-6.28318530718,0.));
#2873 = VECTOR('',#2874,1.);
#2874 = DIRECTION('',(-0.,-1.));
#2875 = ( GEOMETRIC_REPRESENTATION_CONTEXT(2) 
PARAMETRIC_REPRESENTATION_CONTEXT() REPRESENTATION_CONTEXT('2D SPACE',''
  ) );
#2876 = ORIENTED_EDGE('',*,*,#2877,.T.);
#2877 = EDGE_CURVE('',#2850,#2850,#2878,.T.);
#2878 = SURFACE_CURVE('',#2879,(#2884,#2891),.PCURVE_S1.);
#2879 = CIRCLE('',#2880,405.);
#2880 = AXIS2_PLACEMENT_3D('',#2881,#2882,#2883);
#2881 = CARTESIAN_POINT('',(-4.223E+04,-717.5,405.));
#2882 = DIRECTION('',(1.,-0.,1.110223024625E-16));
#2883 = DIRECTION('',(1.110223024625E-16,0.,-1.));
#2884 = PCURVE('',#2858,#2885);
#2885 = DEFINITIONAL_REPRESENTATION('',(#2886),#2890);
#2886 = LINE('',#2887,#2888);
#2887 = CARTESIAN_POINT('',(-0.,-120.));
#2888 = VECTOR('',#2889,1.);
#2889 = DIRECTION('',(-1.,0.));
#2890 = ( GEOMETRIC_REPRESENTATION_CONTEXT(2) 
PARAMETRIC_REPRESENTATION_CONTEXT() REPRESENTATION_CONTEXT('2D SPACE',''
  ) );
#2891 = PCURVE('',#2892,#2897);
#2892 = PLANE('',#2893);
#2893 = AXIS2_PLACEMENT_3D('',#2894,#2895,#2896);
#2894 = CARTESIAN_POINT('',(-4.223E+04,-717.5,405.));
#2895 = DIRECTION('',(1.,0.,1.110223024625E-16));
#2896 = DIRECTION('',(1.110223024625E-16,0.,-1.));
#2897 = DEFINITIONAL_REPRESENTATION('',(#2898),#2902);
#2898 = CIRCLE('',#2899,405.);
#2899 = AXIS2_PLACEMENT_2D('',#2900,#2901);
#2900 = CARTESIAN_POINT('',(5.684341886081E-14,0.));
#2901 = DIRECTION('',(1.,0.));
#2902 = ( GEOMETRIC_REPRESENTATION_CONTEXT(2) 
PARAMETRIC_REPRESENTATION_CONTEXT() REPRESENTATION_CONTEXT('2D SPACE',''
  ) );
#2903 = ORIENTED_EDGE('',*,*,#2847,.F.);
#2904 = ORIENTED_EDGE('',*,*,#2905,.F.);
#2905 = EDGE_CURVE('',#2848,#2848,#2906,.T.);
#2906 = SURFACE_CURVE('',#2907,(#2912,#2919),.PCURVE_S1.);
#2907 = CIRCLE('',#2908,405.);
#2908 = AXIS2_PLACEMENT_3D('',#2909,#2910,#2911);
#2909 = CARTESIAN_POINT('',(-4.235E+04,-717.5,405.));
#2910 = DIRECTION('',(1.,-0.,1.110223024625E-16));
#2911 = DIRECTION('',(1.110223024625E-16,0.,-1.));
#2912 = PCURVE('',#2858,#2913);
#2913 = DEFINITIONAL_REPRESENTATION('',(#2914),#2918);
#2914 = LINE('',#2915,#2916);
#2915 = CARTESIAN_POINT('',(-0.,0.));
#2916 = VECTOR('',#2917,1.);
#2917 = DIRECTION('',(-1.,0.));
#2918 = ( GEOMETRIC_REPRESENTATION_CONTEXT(2) 
PARAMETRIC_REPRESENTATION_CONTEXT() REPRESENTATION_CONTEXT('2D SPACE',''
  ) );
#2919 = PCURVE('',#2920,#2925);
#2920 = PLANE('',#2921);
#2921 = AXIS2_PLACEMENT_3D('',#2922,#2923,#2924);
#2922 = CARTESIAN_POINT('',(-4.235E+04,-717.5,405.));
#2923 = DIRECTION('',(1.,0.,1.110223024625E-16));
#2924 = DIRECTION('',(1.110223024625E-16,0.,-1.));
#2925 = DEFINITIONAL_REPRESENTATION('',(#2926),#2930);
#2926 = CIRCLE('',#2927,405.);
#2927 = AXIS2_PLACEMENT_2D('',#2928,#2929);
#2928 = CARTESIAN_POINT('',(0.,0.));
#2929 = DIRECTION('',(1.,0.));
#2930 = ( GEOMETRIC_REPRESENTATION_CONTEXT(2) 
PARAMETRIC_REPRESENTATION_CONTEXT() REPRESENTATION_CONTEXT('2D SPACE',''
  ) );
#2931 = ADVANCED_FACE('',(#2932),#2920,.F.);
#2932 = FACE_BOUND('',#2933,.F.);
#2933 = EDGE_LOOP('',(#2934));
#2934 = ORIENTED_EDGE('',*,*,#2905,.T.);
#2935 = ADVANCED_FACE('',(#2936),#2892,.T.);
#2936 = FACE_BOUND('',#2937,.T.);
#2937 = EDGE_LOOP('',(#2938));
#2938 = ORIENTED_EDGE('',*,*,#2877,.T.);
#2939 = ( GEOMETRIC_REPRESENTATION_CONTEXT(3) 
GLOBAL_UNCERTAINTY_ASSIGNED_CONTEXT((#2943)) 
GLOBAL_UNIT_ASSIGNED_CONTEXT((#2940,#2941,#2942)) REPRESENTATION_CONTEXT
('Context #1','3D Context with UNIT and UNCERTAINTY') );
#2940 = ( LENGTH_UNIT() NAMED_UNIT(*) SI_UNIT(.MILLI.,.METRE.) );
#2941 = ( NAMED_UNIT(*) PLANE_ANGLE_UNIT() SI_UNIT($,.RADIAN.) );
#2942 = ( NAMED_UNIT(*) SI_UNIT($,.STERADIAN.) SOLID_ANGLE_UNIT() );
#2943 = UNCERTAINTY_MEASURE_WITH_UNIT(LENGTH_MEASURE(1.E-07),#2940,
  'distance_accuracy_value','confusion accuracy');
#2944 = CONTEXT_DEPENDENT_SHAPE_REPRESENTATION(#2945,#2947);
#2945 = ( REPRESENTATION_RELATIONSHIP('','',#2840,#2817) 
REPRESENTATION_RELATIONSHIP_WITH_TRANSFORMATION(#2946) 
SHAPE_REPRESENTATION_RELATIONSHIP() );
#2946 = ITEM_DEFINED_TRANSFORMATION('','',#11,#2818);
#2947 = PRODUCT_DEFINITION_SHAPE('Placement','Placement of an item',
  #2948);
#2948 = NEXT_ASSEMBLY_USAGE_OCCURRENCE('1118','=>[0:1:1:14]','',#2812,
  #2835,$);
#2949 = PRODUCT_RELATED_PRODUCT_CATEGORY('part',$,(#2837));
#2950 = SHAPE_DEFINITION_REPRESENTATION(#2951,#2957);
#2951 = PRODUCT_DEFINITION_SHAPE('','',#2952);
#2952 = PRODUCT_DEFINITION('design','',#2953,#2956);
#2953 = PRODUCT_DEFINITION_FORMATION('','',#2954);
#2954 = PRODUCT('ASSEMBLY','ASSEMBLY','',(#2955));
#2955 = PRODUCT_CONTEXT('',#2,'mechanical');
#2956 = PRODUCT_DEFINITION_CONTEXT('part definition',#2,'design');
#2957 = SHAPE_REPRESENTATION('',(#11,#2958),#2962);
#2958 = AXIS2_PLACEMENT_3D('',#2959,#2960,#2961);
#2959 = CARTESIAN_POINT('',(0.,0.,0.));
#2960 = DIRECTION('',(0.,0.,1.));
#2961 = DIRECTION('',(1.,0.,-0.));
#2962 = ( GEOMETRIC_REPRESENTATION_CONTEXT(3) 
GLOBAL_UNCERTAINTY_ASSIGNED_CONTEXT((#2966)) 
GLOBAL_UNIT_ASSIGNED_CONTEXT((#2963,#2964,#2965)) REPRESENTATION_CONTEXT
('Context #1','3D Context with UNIT and UNCERTAINTY') );
#2963 = ( LENGTH_UNIT() NAMED_UNIT(*) SI_UNIT(.MILLI.,.METRE.) );
#2964 = ( NAMED_UNIT(*) PLANE_ANGLE_UNIT() SI_UNIT($,.RADIAN.) );
#2965 = ( NAMED_UNIT(*) SI_UNIT($,.STERADIAN.) SOLID_ANGLE_UNIT() );
#2966 = UNCERTAINTY_MEASURE_WITH_UNIT(LENGTH_MEASURE(1.E-07),#2963,
  'distance_accuracy_value','confusion accuracy');
#2967 = CONTEXT_DEPENDENT_SHAPE_REPRESENTATION(#2968,#2970);
#2968 = ( REPRESENTATION_RELATIONSHIP('','',#2957,#2126) 
REPRESENTATION_RELATIONSHIP_WITH_TRANSFORMATION(#2969) 
SHAPE_REPRESENTATION_RELATIONSHIP() );
#2969 = ITEM_DEFINED_TRANSFORMATION('','',#11,#2143);
#2970 = PRODUCT_DEFINITION_SHAPE('Placement','Placement of an item',
  #2971);
#2971 = NEXT_ASSEMBLY_USAGE_OCCURRENCE('1121','=>[0:1:1:15]','',#2121,
  #2952,$);
#2972 = PRODUCT_RELATED_PRODUCT_CATEGORY('part',$,(#2954));
#2973 = SHAPE_DEFINITION_REPRESENTATION(#2974,#2980);
#2974 = PRODUCT_DEFINITION_SHAPE('','',#2975);
#2975 = PRODUCT_DEFINITION('design','',#2976,#2979);
#2976 = PRODUCT_DEFINITION_FORMATION('','',#2977);
#2977 = PRODUCT('SOLID','SOLID','',(#2978));
#2978 = PRODUCT_CONTEXT('',#2,'mechanical');
#2979 = PRODUCT_DEFINITION_CONTEXT('part definition',#2,'design');
#2980 = ADVANCED_BREP_SHAPE_REPRESENTATION('',(#11,#2981),#3079);
#2981 = MANIFOLD_SOLID_BREP('',#2982);
#2982 = CLOSED_SHELL('',(#2983,#3071,#3075));
#2983 = ADVANCED_FACE('',(#2984),#2998,.T.);
#2984 = FACE_BOUND('',#2985,.F.);
#2985 = EDGE_LOOP('',(#2986,#3016,#3043,#3044));
#2986 = ORIENTED_EDGE('',*,*,#2987,.T.);
#2987 = EDGE_CURVE('',#2988,#2990,#2992,.T.);
#2988 = VERTEX_POINT('',#2989);
#2989 = CARTESIAN_POINT('',(-4.235E+04,717.5,0.));
#2990 = VERTEX_POINT('',#2991);
#2991 = CARTESIAN_POINT('',(-4.223E+04,717.5,0.));
#2992 = SEAM_CURVE('',#2993,(#2997,#3009),.PCURVE_S1.);
#2993 = LINE('',#2994,#2995);
#2994 = CARTESIAN_POINT('',(-4.235E+04,717.5,0.));
#2995 = VECTOR('',#2996,1.);
#2996 = DIRECTION('',(1.,0.,1.110223024625E-16));
#2997 = PCURVE('',#2998,#3003);
#2998 = CYLINDRICAL_SURFACE('',#2999,405.);
#2999 = AXIS2_PLACEMENT_3D('',#3000,#3001,#3002);
#3000 = CARTESIAN_POINT('',(-4.235E+04,717.5,405.));
#3001 = DIRECTION('',(-1.,-0.,-1.110223024625E-16));
#3002 = DIRECTION('',(1.110223024625E-16,0.,-1.));
#3003 = DEFINITIONAL_REPRESENTATION('',(#3004),#3008);
#3004 = LINE('',#3005,#3006);
#3005 = CARTESIAN_POINT('',(-0.,0.));
#3006 = VECTOR('',#3007,1.);
#3007 = DIRECTION('',(-0.,-1.));
#3008 = ( GEOMETRIC_REPRESENTATION_CONTEXT(2) 
PARAMETRIC_REPRESENTATION_CONTEXT() REPRESENTATION_CONTEXT('2D SPACE',''
  ) );
#3009 = PCURVE('',#2998,#3010);
#3010 = DEFINITIONAL_REPRESENTATION('',(#3011),#3015);
#3011 = LINE('',#3012,#3013);
#3012 = CARTESIAN_POINT('',(-6.28318530718,0.));
#3013 = VECTOR('',#3014,1.);
#3014 = DIRECTION('',(-0.,-1.));
#3015 = ( GEOMETRIC_REPRESENTATION_CONTEXT(2) 
PARAMETRIC_REPRESENTATION_CONTEXT() REPRESENTATION_CONTEXT('2D SPACE',''
  ) );
#3016 = ORIENTED_EDGE('',*,*,#3017,.T.);
#3017 = EDGE_CURVE('',#2990,#2990,#3018,.T.);
#3018 = SURFACE_CURVE('',#3019,(#3024,#3031),.PCURVE_S1.);
#3019 = CIRCLE('',#3020,405.);
#3020 = AXIS2_PLACEMENT_3D('',#3021,#3022,#3023);
#3021 = CARTESIAN_POINT('',(-4.223E+04,717.5,405.));
#3022 = DIRECTION('',(1.,-0.,1.110223024625E-16));
#3023 = DIRECTION('',(1.110223024625E-16,0.,-1.));
#3024 = PCURVE('',#2998,#3025);
#3025 = DEFINITIONAL_REPRESENTATION('',(#3026),#3030);
#3026 = LINE('',#3027,#3028);
#3027 = CARTESIAN_POINT('',(-0.,-120.));
#3028 = VECTOR('',#3029,1.);
#3029 = DIRECTION('',(-1.,0.));
#3030 = ( GEOMETRIC_REPRESENTATION_CONTEXT(2) 
PARAMETRIC_REPRESENTATION_CONTEXT() REPRESENTATION_CONTEXT('2D SPACE',''
  ) );
#3031 = PCURVE('',#3032,#3037);
#3032 = PLANE('',#3033);
#3033 = AXIS2_PLACEMENT_3D('',#3034,#3035,#3036);
#3034 = CARTESIAN_POINT('',(-4.223E+04,717.5,405.));
#3035 = DIRECTION('',(1.,0.,1.110223024625E-16));
#3036 = DIRECTION('',(1.110223024625E-16,0.,-1.));
#3037 = DEFINITIONAL_REPRESENTATION('',(#3038),#3042);
#3038 = CIRCLE('',#3039,405.);
#3039 = AXIS2_PLACEMENT_2D('',#3040,#3041);
#3040 = CARTESIAN_POINT('',(5.684341886081E-14,0.));
#3041 = DIRECTION('',(1.,0.));
#3042 = ( GEOMETRIC_REPRESENTATION_CONTEXT(2) 
PARAMETRIC_REPRESENTATION_CONTEXT() REPRESENTATION_CONTEXT('2D SPACE',''
  ) );
#3043 = ORIENTED_EDGE('',*,*,#2987,.F.);
#3044 = ORIENTED_EDGE('',*,*,#3045,.F.);
#3045 = EDGE_CURVE('',#2988,#2988,#3046,.T.);
#3046 = SURFACE_CURVE('',#3047,(#3052,#3059),.PCURVE_S1.);
#3047 = CIRCLE('',#3048,405.);
#3048 = AXIS2_PLACEMENT_3D('',#3049,#3050,#3051);
#3049 = CARTESIAN_POINT('',(-4.235E+04,717.5,405.));
#3050 = DIRECTION('',(1.,-0.,1.110223024625E-16));
#3051 = DIRECTION('',(1.110223024625E-16,0.,-1.));
#3052 = PCURVE('',#2998,#3053);
#3053 = DEFINITIONAL_REPRESENTATION('',(#3054),#3058);
#3054 = LINE('',#3055,#3056);
#3055 = CARTESIAN_POINT('',(-0.,0.));
#3056 = VECTOR('',#3057,1.);
#3057 = DIRECTION('',(-1.,0.));
#3058 = ( GEOMETRIC_REPRESENTATION_CONTEXT(2) 
PARAMETRIC_REPRESENTATION_CONTEXT() REPRESENTATION_CONTEXT('2D SPACE',''
  ) );
#3059 = PCURVE('',#3060,#3065);
#3060 = PLANE('',#3061);
#3061 = AXIS2_PLACEMENT_3D('',#3062,#3063,#3064);
#3062 = CARTESIAN_POINT('',(-4.235E+04,717.5,405.));
#3063 = DIRECTION('',(1.,0.,1.110223024625E-16));
#3064 = DIRECTION('',(1.110223024625E-16,0.,-1.));
#3065 = DEFINITIONAL_REPRESENTATION('',(#3066),#3070);
#3066 = CIRCLE('',#3067,405.);
#3067 = AXIS2_PLACEMENT_2D('',#3068,#3069);
#3068 = CARTESIAN_POINT('',(0.,0.));
#3069 = DIRECTION('',(1.,0.));
#3070 = ( GEOMETRIC_REPRESENTATION_CONTEXT(2) 
PARAMETRIC_REPRESENTATION_CONTEXT() REPRESENTATION_CONTEXT('2D SPACE',''
  ) );
#3071 = ADVANCED_FACE('',(#3072),#3060,.F.);
#3072 = FACE_BOUND('',#3073,.F.);
#3073 = EDGE_LOOP('',(#3074));
#3074 = ORIENTED_EDGE('',*,*,#3045,.T.);
#3075 = ADVANCED_FACE('',(#3076),#3032,.T.);
#3076 = FACE_BOUND('',#3077,.T.);
#3077 = EDGE_LOOP('',(#3078));
#3078 = ORIENTED_EDGE('',*,*,#3017,.T.);
#3079 = ( GEOMETRIC_REPRESENTATION_CONTEXT(3) 
GLOBAL_UNCERTAINTY_ASSIGNED_CONTEXT((#3083)) 
GLOBAL_UNIT_ASSIGNED_CONTEXT((#3080,#3081,#3082)) REPRESENTATION_CONTEXT
('Context #1','3D Context with UNIT and UNCERTAINTY') );
#3080 = ( LENGTH_UNIT() NAMED_UNIT(*) SI_UNIT(.MILLI.,.METRE.) );
#3081 = ( NAMED_UNIT(*) PLANE_ANGLE_UNIT() SI_UNIT($,.RADIAN.) );
#3082 = ( NAMED_UNIT(*) SI_UNIT($,.STERADIAN.) SOLID_ANGLE_UNIT() );
#3083 = UNCERTAINTY_MEASURE_WITH_UNIT(LENGTH_MEASURE(1.E-07),#3080,
  'distance_accuracy_value','confusion accuracy');
#3084 = CONTEXT_DEPENDENT_SHAPE_REPRESENTATION(#3085,#3087);
#3085 = ( REPRESENTATION_RELATIONSHIP('','',#2980,#2957) 
REPRESENTATION_RELATIONSHIP_WITH_TRANSFORMATION(#3086) 
SHAPE_REPRESENTATION_RELATIONSHIP() );
#3086 = ITEM_DEFINED_TRANSFORMATION('','',#11,#2958);
#3087 = PRODUCT_DEFINITION_SHAPE('Placement','Placement of an item',
  #3088);
#3088 = NEXT_ASSEMBLY_USAGE_OCCURRENCE('1120','=>[0:1:1:16]','',#2952,
  #2975,$);
#3089 = PRODUCT_RELATED_PRODUCT_CATEGORY('part',$,(#2977));
#3090 = SHAPE_DEFINITION_REPRESENTATION(#3091,#3097);
#3091 = PRODUCT_DEFINITION_SHAPE('','',#3092);
#3092 = PRODUCT_DEFINITION('design','',#3093,#3096);
#3093 = PRODUCT_DEFINITION_FORMATION('','',#3094);
#3094 = PRODUCT('Bogie (2-axle, simplified)',
  'Bogie (2-axle, simplified)','',(#3095));
#3095 = PRODUCT_CONTEXT('',#2,'mechanical');
#3096 = PRODUCT_DEFINITION_CONTEXT('part definition',#2,'design');
#3097 = SHAPE_REPRESENTATION('',(#11,#3098,#3102,#3106,#3110,#3114),
  #3118);
#3098 = AXIS2_PLACEMENT_3D('',#3099,#3100,#3101);
#3099 = CARTESIAN_POINT('',(0.,0.,0.));
#3100 = DIRECTION('',(0.,0.,1.));
#3101 = DIRECTION('',(1.,0.,-0.));
#3102 = AXIS2_PLACEMENT_3D('',#3103,#3104,#3105);
#3103 = CARTESIAN_POINT('',(0.,0.,0.));
#3104 = DIRECTION('',(0.,0.,1.));
#3105 = DIRECTION('',(1.,0.,-0.));
#3106 = AXIS2_PLACEMENT_3D('',#3107,#3108,#3109);
#3107 = CARTESIAN_POINT('',(0.,0.,0.));
#3108 = DIRECTION('',(0.,0.,1.));
#3109 = DIRECTION('',(1.,0.,-0.));
#3110 = AXIS2_PLACEMENT_3D('',#3111,#3112,#3113);
#3111 = CARTESIAN_POINT('',(0.,0.,0.));
#3112 = DIRECTION('',(0.,0.,1.));
#3113 = DIRECTION('',(1.,0.,-0.));
#3114 = AXIS2_PLACEMENT_3D('',#3115,#3116,#3117);
#3115 = CARTESIAN_POINT('',(0.,0.,0.));
#3116 = DIRECTION('',(0.,0.,1.));
#3117 = DIRECTION('',(1.,0.,-0.));
#3118 = ( GEOMETRIC_REPRESENTATION_CONTEXT(3) 
GLOBAL_UNCERTAINTY_ASSIGNED_CONTEXT((#3122)) 
GLOBAL_UNIT_ASSIGNED_CONTEXT((#3119,#3120,#3121)) REPRESENTATION_CONTEXT
('Context #1','3D Context with UNIT and UNCERTAINTY') );
#3119 = ( LENGTH_UNIT() NAMED_UNIT(*) SI_UNIT(.MILLI.,.METRE.) );
#3120 = ( NAMED_UNIT(*) PLANE_ANGLE_UNIT() SI_UNIT($,.RADIAN.) );
#3121 = ( NAMED_UNIT(*) SI_UNIT($,.STERADIAN.) SOLID_ANGLE_UNIT() );
#3122 = UNCERTAINTY_MEASURE_WITH_UNIT(LENGTH_MEASURE(1.E-07),#3119,
  'distance_accuracy_value','confusion accuracy');
#3123 = CONTEXT_DEPENDENT_SHAPE_REPRESENTATION(#3124,#3126);
#3124 = ( REPRESENTATION_RELATIONSHIP('','',#3097,#10) 
REPRESENTATION_RELATIONSHIP_WITH_TRANSFORMATION(#3125) 
SHAPE_REPRESENTATION_RELATIONSHIP() );
#3125 = ITEM_DEFINED_TRANSFORMATION('','',#11,#27);
#3126 = PRODUCT_DEFINITION_SHAPE('Placement','Placement of an item',
  #3127);
#3127 = NEXT_ASSEMBLY_USAGE_OCCURRENCE('1133','=>[0:1:1:17]','',#5,#3092
  ,$);
#3128 = PRODUCT_RELATED_PRODUCT_CATEGORY('part',$,(#3094));
#3129 = SHAPE_DEFINITION_REPRESENTATION(#3130,#3136);
#3130 = PRODUCT_DEFINITION_SHAPE('','',#3131);
#3131 = PRODUCT_DEFINITION('design','',#3132,#3135);
#3132 = PRODUCT_DEFINITION_FORMATION('','',#3133);
#3133 = PRODUCT('ASSEMBLY','ASSEMBLY','',(#3134));
#3134 = PRODUCT_CONTEXT('',#2,'mechanical');
#3135 = PRODUCT_DEFINITION_CONTEXT('part definition',#2,'design');
#3136 = SHAPE_REPRESENTATION('',(#11,#3137),#3141);
#3137 = AXIS2_PLACEMENT_3D('',#3138,#3139,#3140);
#3138 = CARTESIAN_POINT('',(0.,0.,0.));
#3139 = DIRECTION('',(0.,0.,1.));
#3140 = DIRECTION('',(1.,0.,-0.));
#3141 = ( GEOMETRIC_REPRESENTATION_CONTEXT(3) 
GLOBAL_UNCERTAINTY_ASSIGNED_CONTEXT((#3145)) 
GLOBAL_UNIT_ASSIGNED_CONTEXT((#3142,#3143,#3144)) REPRESENTATION_CONTEXT
('Context #1','3D Context with UNIT and UNCERTAINTY') );
#3142 = ( LENGTH_UNIT() NAMED_UNIT(*) SI_UNIT(.MILLI.,.METRE.) );
#3143 = ( NAMED_UNIT(*) PLANE_ANGLE_UNIT() SI_UNIT($,.RADIAN.) );
#3144 = ( NAMED_UNIT(*) SI_UNIT($,.STERADIAN.) SOLID_ANGLE_UNIT() );
#3145 = UNCERTAINTY_MEASURE_WITH_UNIT(LENGTH_MEASURE(1.E-07),#3142,
  'distance_accuracy_value','confusion accuracy');
#3146 = CONTEXT_DEPENDENT_SHAPE_REPRESENTATION(#3147,#3149);
#3147 = ( REPRESENTATION_RELATIONSHIP('','',#3136,#3097) 
REPRESENTATION_RELATIONSHIP_WITH_TRANSFORMATION(#3148) 
SHAPE_REPRESENTATION_RELATIONSHIP() );
#3148 = ITEM_DEFINED_TRANSFORMATION('','',#11,#3098);
#3149 = PRODUCT_DEFINITION_SHAPE('Placement','Placement of an item',
  #3150);
#3150 = NEXT_ASSEMBLY_USAGE_OCCURRENCE('1124','=>[0:1:1:18]','',#3092,
  #3131,$);
#3151 = PRODUCT_RELATED_PRODUCT_CATEGORY('part',$,(#3133));
#3152 = SHAPE_DEFINITION_REPRESENTATION(#3153,#3159);
#3153 = PRODUCT_DEFINITION_SHAPE('','',#3154);
#3154 = PRODUCT_DEFINITION('design','',#3155,#3158);
#3155 = PRODUCT_DEFINITION_FORMATION('','',#3156);
#3156 = PRODUCT('SOLID','SOLID','',(#3157));
#3157 = PRODUCT_CONTEXT('',#2,'mechanical');
#3158 = PRODUCT_DEFINITION_CONTEXT('part definition',#2,'design');
#3159 = ADVANCED_BREP_SHAPE_REPRESENTATION('',(#11,#3160),#3490);
#3160 = MANIFOLD_SOLID_BREP('',#3161);
#3161 = CLOSED_SHELL('',(#3162,#3282,#3358,#3429,#3476,#3483));
#3162 = ADVANCED_FACE('',(#3163),#3177,.T.);
#3163 = FACE_BOUND('',#3164,.T.);
#3164 = EDGE_LOOP('',(#3165,#3200,#3228,#3256));
#3165 = ORIENTED_EDGE('',*,*,#3166,.T.);
#3166 = EDGE_CURVE('',#3167,#3169,#3171,.T.);
#3167 = VERTEX_POINT('',#3168);
#3168 = CARTESIAN_POINT('',(-2.735E+04,-1.2E+03,455.));
#3169 = VERTEX_POINT('',#3170);
#3170 = CARTESIAN_POINT('',(-2.735E+04,-1.2E+03,755.));
#3171 = SURFACE_CURVE('',#3172,(#3176,#3188),.PCURVE_S1.);
#3172 = LINE('',#3173,#3174);
#3173 = CARTESIAN_POINT('',(-2.735E+04,-1.2E+03,455.));
#3174 = VECTOR('',#3175,1.);
#3175 = DIRECTION('',(0.,0.,1.));
#3176 = PCURVE('',#3177,#3182);
#3177 = PLANE('',#3178);
#3178 = AXIS2_PLACEMENT_3D('',#3179,#3180,#3181);
#3179 = CARTESIAN_POINT('',(-2.735E+04,-1.2E+03,455.));
#3180 = DIRECTION('',(-1.,0.,0.));
#3181 = DIRECTION('',(0.,1.,0.));
#3182 = DEFINITIONAL_REPRESENTATION('',(#3183),#3187);
#3183 = LINE('',#3184,#3185);
#3184 = CARTESIAN_POINT('',(0.,0.));
#3185 = VECTOR('',#3186,1.);
#3186 = DIRECTION('',(0.,-1.));
#3187 = ( GEOMETRIC_REPRESENTATION_CONTEXT(2) 
PARAMETRIC_REPRESENTATION_CONTEXT() REPRESENTATION_CONTEXT('2D SPACE',''
  ) );
#3188 = PCURVE('',#3189,#3194);
#3189 = PLANE('',#3190);
#3190 = AXIS2_PLACEMENT_3D('',#3191,#3192,#3193);
#3191 = CARTESIAN_POINT('',(-2.735E+04,-1.2E+03,455.));
#3192 = DIRECTION('',(0.,1.,0.));
#3193 = DIRECTION('',(1.,0.,0.));
#3194 = DEFINITIONAL_REPRESENTATION('',(#3195),#3199);
#3195 = LINE('',#3196,#3197);
#3196 = CARTESIAN_POINT('',(0.,0.));
#3197 = VECTOR('',#3198,1.);
#3198 = DIRECTION('',(0.,-1.));
#3199 = ( GEOMETRIC_REPRESENTATION_CONTEXT(2) 
PARAMETRIC_REPRESENTATION_CONTEXT() REPRESENTATION_CONTEXT('2D SPACE',''
  ) );
#3200 = ORIENTED_EDGE('',*,*,#3201,.T.);
#3201 = EDGE_CURVE('',#3169,#3202,#3204,.T.);
#3202 = VERTEX_POINT('',#3203);
#3203 = CARTESIAN_POINT('',(-2.735E+04,1.2E+03,755.));
#3204 = SURFACE_CURVE('',#3205,(#3209,#3216),.PCURVE_S1.);
#3205 = LINE('',#3206,#3207);
#3206 = CARTESIAN_POINT('',(-2.735E+04,0.,755.));
#3207 = VECTOR('',#3208,1.);
#3208 = DIRECTION('',(0.,1.,0.));
#3209 = PCURVE('',#3177,#3210);
#3210 = DEFINITIONAL_REPRESENTATION('',(#3211),#3215);
#3211 = LINE('',#3212,#3213);
#3212 = CARTESIAN_POINT('',(1.2E+03,-300.));
#3213 = VECTOR('',#3214,1.);
#3214 = DIRECTION('',(1.,0.));
#3215 = ( GEOMETRIC_REPRESENTATION_CONTEXT(2) 
PARAMETRIC_REPRESENTATION_CONTEXT() REPRESENTATION_CONTEXT('2D SPACE',''
  ) );
#3216 = PCURVE('',#3217,#3222);
#3217 = PLANE('',#3218);
#3218 = AXIS2_PLACEMENT_3D('',#3219,#3220,#3221);
#3219 = CARTESIAN_POINT('',(-2.56E+04,0.,755.));
#3220 = DIRECTION('',(0.,0.,1.));
#3221 = DIRECTION('',(1.,0.,0.));
#3222 = DEFINITIONAL_REPRESENTATION('',(#3223),#3227);
#3223 = LINE('',#3224,#3225);
#3224 = CARTESIAN_POINT('',(-1.75E+03,0.));
#3225 = VECTOR('',#3226,1.);
#3226 = DIRECTION('',(0.,1.));
#3227 = ( GEOMETRIC_REPRESENTATION_CONTEXT(2) 
PARAMETRIC_REPRESENTATION_CONTEXT() REPRESENTATION_CONTEXT('2D SPACE',''
  ) );
#3228 = ORIENTED_EDGE('',*,*,#3229,.F.);
#3229 = EDGE_CURVE('',#3230,#3202,#3232,.T.);
#3230 = VERTEX_POINT('',#3231);
#3231 = CARTESIAN_POINT('',(-2.735E+04,1.2E+03,455.));
#3232 = SURFACE_CURVE('',#3233,(#3237,#3244),.PCURVE_S1.);
#3233 = LINE('',#3234,#3235);
#3234 = CARTESIAN_POINT('',(-2.735E+04,1.2E+03,455.));
#3235 = VECTOR('',#3236,1.);
#3236 = DIRECTION('',(0.,0.,1.));
#3237 = PCURVE('',#3177,#3238);
#3238 = DEFINITIONAL_REPRESENTATION('',(#3239),#3243);
#3239 = LINE('',#3240,#3241);
#3240 = CARTESIAN_POINT('',(2.4E+03,0.));
#3241 = VECTOR('',#3242,1.);
#3242 = DIRECTION('',(0.,-1.));
#3243 = ( GEOMETRIC_REPRESENTATION_CONTEXT(2) 
PARAMETRIC_REPRESENTATION_CONTEXT() REPRESENTATION_CONTEXT('2D SPACE',''
  ) );
#3244 = PCURVE('',#3245,#3250);
#3245 = PLANE('',#3246);
#3246 = AXIS2_PLACEMENT_3D('',#3247,#3248,#3249);
#3247 = CARTESIAN_POINT('',(-2.735E+04,1.2E+03,455.));
#3248 = DIRECTION('',(0.,1.,0.));
#3249 = DIRECTION('',(1.,0.,0.));
#3250 = DEFINITIONAL_REPRESENTATION('',(#3251),#3255);
#3251 = LINE('',#3252,#3253);
#3252 = CARTESIAN_POINT('',(0.,0.));
#3253 = VECTOR('',#3254,1.);
#3254 = DIRECTION('',(0.,-1.));
#3255 = ( GEOMETRIC_REPRESENTATION_CONTEXT(2) 
PARAMETRIC_REPRESENTATION_CONTEXT() REPRESENTATION_CONTEXT('2D SPACE',''
  ) );
#3256 = ORIENTED_EDGE('',*,*,#3257,.F.);
#3257 = EDGE_CURVE('',#3167,#3230,#3258,.T.);
#3258 = SURFACE_CURVE('',#3259,(#3263,#3270),.PCURVE_S1.);
#3259 = LINE('',#3260,#3261);
#3260 = CARTESIAN_POINT('',(-2.735E+04,0.,455.));
#3261 = VECTOR('',#3262,1.);
#3262 = DIRECTION('',(0.,1.,0.));
#3263 = PCURVE('',#3177,#3264);
#3264 = DEFINITIONAL_REPRESENTATION('',(#3265),#3269);
#3265 = LINE('',#3266,#3267);
#3266 = CARTESIAN_POINT('',(1.2E+03,0.));
#3267 = VECTOR('',#3268,1.);
#3268 = DIRECTION('',(1.,0.));
#3269 = ( GEOMETRIC_REPRESENTATION_CONTEXT(2) 
PARAMETRIC_REPRESENTATION_CONTEXT() REPRESENTATION_CONTEXT('2D SPACE',''
  ) );
#3270 = PCURVE('',#3271,#3276);
#3271 = PLANE('',#3272);
#3272 = AXIS2_PLACEMENT_3D('',#3273,#3274,#3275);
#3273 = CARTESIAN_POINT('',(-2.56E+04,0.,455.));
#3274 = DIRECTION('',(0.,0.,1.));
#3275 = DIRECTION('',(1.,0.,0.));
#3276 = DEFINITIONAL_REPRESENTATION('',(#3277),#3281);
#3277 = LINE('',#3278,#3279);
#3278 = CARTESIAN_POINT('',(-1.75E+03,0.));
#3279 = VECTOR('',#3280,1.);
#3280 = DIRECTION('',(0.,1.));
#3281 = ( GEOMETRIC_REPRESENTATION_CONTEXT(2) 
PARAMETRIC_REPRESENTATION_CONTEXT() REPRESENTATION_CONTEXT('2D SPACE',''
  ) );
#3282 = ADVANCED_FACE('',(#3283),#3189,.F.);
#3283 = FACE_BOUND('',#3284,.F.);
#3284 = EDGE_LOOP('',(#3285,#3286,#3309,#3337));
#3285 = ORIENTED_EDGE('',*,*,#3166,.T.);
#3286 = ORIENTED_EDGE('',*,*,#3287,.T.);
#3287 = EDGE_CURVE('',#3169,#3288,#3290,.T.);
#3288 = VERTEX_POINT('',#3289);
#3289 = CARTESIAN_POINT('',(-2.385E+04,-1.2E+03,755.));
#3290 = SURFACE_CURVE('',#3291,(#3295,#3302),.PCURVE_S1.);
#3291 = LINE('',#3292,#3293);
#3292 = CARTESIAN_POINT('',(-2.56E+04,-1.2E+03,755.));
#3293 = VECTOR('',#3294,1.);
#3294 = DIRECTION('',(1.,0.,0.));
#3295 = PCURVE('',#3189,#3296);
#3296 = DEFINITIONAL_REPRESENTATION('',(#3297),#3301);
#3297 = LINE('',#3298,#3299);
#3298 = CARTESIAN_POINT('',(1.75E+03,-300.));
#3299 = VECTOR('',#3300,1.);
#3300 = DIRECTION('',(1.,0.));
#3301 = ( GEOMETRIC_REPRESENTATION_CONTEXT(2) 
PARAMETRIC_REPRESENTATION_CONTEXT() REPRESENTATION_CONTEXT('2D SPACE',''
  ) );
#3302 = PCURVE('',#3217,#3303);
#3303 = DEFINITIONAL_REPRESENTATION('',(#3304),#3308);
#3304 = LINE('',#3305,#3306);
#3305 = CARTESIAN_POINT('',(0.,-1.2E+03));
#3306 = VECTOR('',#3307,1.);
#3307 = DIRECTION('',(1.,0.));
#3308 = ( GEOMETRIC_REPRESENTATION_CONTEXT(2) 
PARAMETRIC_REPRESENTATION_CONTEXT() REPRESENTATION_CONTEXT('2D SPACE',''
  ) );
#3309 = ORIENTED_EDGE('',*,*,#3310,.F.);
#3310 = EDGE_CURVE('',#3311,#3288,#3313,.T.);
#3311 = VERTEX_POINT('',#3312);
#3312 = CARTESIAN_POINT('',(-2.385E+04,-1.2E+03,455.));
#3313 = SURFACE_CURVE('',#3314,(#3318,#3325),.PCURVE_S1.);
#3314 = LINE('',#3315,#3316);
#3315 = CARTESIAN_POINT('',(-2.385E+04,-1.2E+03,455.));
#3316 = VECTOR('',#3317,1.);
#3317 = DIRECTION('',(0.,0.,1.));
#3318 = PCURVE('',#3189,#3319);
#3319 = DEFINITIONAL_REPRESENTATION('',(#3320),#3324);
#3320 = LINE('',#3321,#3322);
#3321 = CARTESIAN_POINT('',(3.5E+03,0.));
#3322 = VECTOR('',#3323,1.);
#3323 = DIRECTION('',(0.,-1.));
#3324 = ( GEOMETRIC_REPRESENTATION_CONTEXT(2) 
PARAMETRIC_REPRESENTATION_CONTEXT() REPRESENTATION_CONTEXT('2D SPACE',''
  ) );
#3325 = PCURVE('',#3326,#3331);
#3326 = PLANE('',#3327);
#3327 = AXIS2_PLACEMENT_3D('',#3328,#3329,#3330);
#3328 = CARTESIAN_POINT('',(-2.385E+04,-1.2E+03,455.));
#3329 = DIRECTION('',(-1.,0.,0.));
#3330 = DIRECTION('',(0.,1.,0.));
#3331 = DEFINITIONAL_REPRESENTATION('',(#3332),#3336);
#3332 = LINE('',#3333,#3334);
#3333 = CARTESIAN_POINT('',(0.,0.));
#3334 = VECTOR('',#3335,1.);
#3335 = DIRECTION('',(0.,-1.));
#3336 = ( GEOMETRIC_REPRESENTATION_CONTEXT(2) 
PARAMETRIC_REPRESENTATION_CONTEXT() REPRESENTATION_CONTEXT('2D SPACE',''
  ) );
#3337 = ORIENTED_EDGE('',*,*,#3338,.F.);
#3338 = EDGE_CURVE('',#3167,#3311,#3339,.T.);
#3339 = SURFACE_CURVE('',#3340,(#3344,#3351),.PCURVE_S1.);
#3340 = LINE('',#3341,#3342);
#3341 = CARTESIAN_POINT('',(-2.56E+04,-1.2E+03,455.));
#3342 = VECTOR('',#3343,1.);
#3343 = DIRECTION('',(1.,0.,0.));
#3344 = PCURVE('',#3189,#3345);
#3345 = DEFINITIONAL_REPRESENTATION('',(#3346),#3350);
#3346 = LINE('',#3347,#3348);
#3347 = CARTESIAN_POINT('',(1.75E+03,0.));
#3348 = VECTOR('',#3349,1.);
#3349 = DIRECTION('',(1.,0.));
#3350 = ( GEOMETRIC_REPRESENTATION_CONTEXT(2) 
PARAMETRIC_REPRESENTATION_CONTEXT() REPRESENTATION_CONTEXT('2D SPACE',''
  ) );
#3351 = PCURVE('',#3271,#3352);
#3352 = DEFINITIONAL_REPRESENTATION('',(#3353),#3357);
#3353 = LINE('',#3354,#3355);
#3354 = CARTESIAN_POINT('',(0.,-1.2E+03));
#3355 = VECTOR('',#3356,1.);
#3356 = DIRECTION('',(1.,0.));
#3357 = ( GEOMETRIC_REPRESENTATION_CONTEXT(2) 
PARAMETRIC_REPRESENTATION_CONTEXT() REPRESENTATION_CONTEXT('2D SPACE',''
  ) );
#3358 = ADVANCED_FACE('',(#3359),#3326,.F.);
#3359 = FACE_BOUND('',#3360,.F.);
#3360 = EDGE_LOOP('',(#3361,#3362,#3385,#3408));
#3361 = ORIENTED_EDGE('',*,*,#3310,.T.);
#3362 = ORIENTED_EDGE('',*,*,#3363,.T.);
#3363 = EDGE_CURVE('',#3288,#3364,#3366,.T.);
#3364 = VERTEX_POINT('',#3365);
#3365 = CARTESIAN_POINT('',(-2.385E+04,1.2E+03,755.));
#3366 = SURFACE_CURVE('',#3367,(#3371,#3378),.PCURVE_S1.);
#3367 = LINE('',#3368,#3369);
#3368 = CARTESIAN_POINT('',(-2.385E+04,0.,755.));
#3369 = VECTOR('',#3370,1.);
#3370 = DIRECTION('',(0.,1.,0.));
#3371 = PCURVE('',#3326,#3372);
#3372 = DEFINITIONAL_REPRESENTATION('',(#3373),#3377);
#3373 = LINE('',#3374,#3375);
#3374 = CARTESIAN_POINT('',(1.2E+03,-300.));
#3375 = VECTOR('',#3376,1.);
#3376 = DIRECTION('',(1.,0.));
#3377 = ( GEOMETRIC_REPRESENTATION_CONTEXT(2) 
PARAMETRIC_REPRESENTATION_CONTEXT() REPRESENTATION_CONTEXT('2D SPACE',''
  ) );
#3378 = PCURVE('',#3217,#3379);
#3379 = DEFINITIONAL_REPRESENTATION('',(#3380),#3384);
#3380 = LINE('',#3381,#3382);
#3381 = CARTESIAN_POINT('',(1.75E+03,0.));
#3382 = VECTOR('',#3383,1.);
#3383 = DIRECTION('',(0.,1.));
#3384 = ( GEOMETRIC_REPRESENTATION_CONTEXT(2) 
PARAMETRIC_REPRESENTATION_CONTEXT() REPRESENTATION_CONTEXT('2D SPACE',''
  ) );
#3385 = ORIENTED_EDGE('',*,*,#3386,.F.);
#3386 = EDGE_CURVE('',#3387,#3364,#3389,.T.);
#3387 = VERTEX_POINT('',#3388);
#3388 = CARTESIAN_POINT('',(-2.385E+04,1.2E+03,455.));
#3389 = SURFACE_CURVE('',#3390,(#3394,#3401),.PCURVE_S1.);
#3390 = LINE('',#3391,#3392);
#3391 = CARTESIAN_POINT('',(-2.385E+04,1.2E+03,455.));
#3392 = VECTOR('',#3393,1.);
#3393 = DIRECTION('',(0.,0.,1.));
#3394 = PCURVE('',#3326,#3395);
#3395 = DEFINITIONAL_REPRESENTATION('',(#3396),#3400);
#3396 = LINE('',#3397,#3398);
#3397 = CARTESIAN_POINT('',(2.4E+03,0.));
#3398 = VECTOR('',#3399,1.);
#3399 = DIRECTION('',(0.,-1.));
#3400 = ( GEOMETRIC_REPRESENTATION_CONTEXT(2) 
PARAMETRIC_REPRESENTATION_CONTEXT() REPRESENTATION_CONTEXT('2D SPACE',''
  ) );
#3401 = PCURVE('',#3245,#3402);
#3402 = DEFINITIONAL_REPRESENTATION('',(#3403),#3407);
#3403 = LINE('',#3404,#3405);
#3404 = CARTESIAN_POINT('',(3.5E+03,0.));
#3405 = VECTOR('',#3406,1.);
#3406 = DIRECTION('',(0.,-1.));
#3407 = ( GEOMETRIC_REPRESENTATION_CONTEXT(2) 
PARAMETRIC_REPRESENTATION_CONTEXT() REPRESENTATION_CONTEXT('2D SPACE',''
  ) );
#3408 = ORIENTED_EDGE('',*,*,#3409,.F.);
#3409 = EDGE_CURVE('',#3311,#3387,#3410,.T.);
#3410 = SURFACE_CURVE('',#3411,(#3415,#3422),.PCURVE_S1.);
#3411 = LINE('',#3412,#3413);
#3412 = CARTESIAN_POINT('',(-2.385E+04,0.,455.));
#3413 = VECTOR('',#3414,1.);
#3414 = DIRECTION('',(0.,1.,0.));
#3415 = PCURVE('',#3326,#3416);
#3416 = DEFINITIONAL_REPRESENTATION('',(#3417),#3421);
#3417 = LINE('',#3418,#3419);
#3418 = CARTESIAN_POINT('',(1.2E+03,0.));
#3419 = VECTOR('',#3420,1.);
#3420 = DIRECTION('',(1.,0.));
#3421 = ( GEOMETRIC_REPRESENTATION_CONTEXT(2) 
PARAMETRIC_REPRESENTATION_CONTEXT() REPRESENTATION_CONTEXT('2D SPACE',''
  ) );
#3422 = PCURVE('',#3271,#3423);
#3423 = DEFINITIONAL_REPRESENTATION('',(#3424),#3428);
#3424 = LINE('',#3425,#3426);
#3425 = CARTESIAN_POINT('',(1.75E+03,0.));
#3426 = VECTOR('',#3427,1.);
#3427 = DIRECTION('',(0.,1.));
#3428 = ( GEOMETRIC_REPRESENTATION_CONTEXT(2) 
PARAMETRIC_REPRESENTATION_CONTEXT() REPRESENTATION_CONTEXT('2D SPACE',''
  ) );
#3429 = ADVANCED_FACE('',(#3430),#3245,.T.);
#3430 = FACE_BOUND('',#3431,.T.);
#3431 = EDGE_LOOP('',(#3432,#3433,#3454,#3455));
#3432 = ORIENTED_EDGE('',*,*,#3229,.T.);
#3433 = ORIENTED_EDGE('',*,*,#3434,.T.);
#3434 = EDGE_CURVE('',#3202,#3364,#3435,.T.);
#3435 = SURFACE_CURVE('',#3436,(#3440,#3447),.PCURVE_S1.);
#3436 = LINE('',#3437,#3438);
#3437 = CARTESIAN_POINT('',(-2.56E+04,1.2E+03,755.));
#3438 = VECTOR('',#3439,1.);
#3439 = DIRECTION('',(1.,0.,0.));
#3440 = PCURVE('',#3245,#3441);
#3441 = DEFINITIONAL_REPRESENTATION('',(#3442),#3446);
#3442 = LINE('',#3443,#3444);
#3443 = CARTESIAN_POINT('',(1.75E+03,-300.));
#3444 = VECTOR('',#3445,1.);
#3445 = DIRECTION('',(1.,0.));
#3446 = ( GEOMETRIC_REPRESENTATION_CONTEXT(2) 
PARAMETRIC_REPRESENTATION_CONTEXT() REPRESENTATION_CONTEXT('2D SPACE',''
  ) );
#3447 = PCURVE('',#3217,#3448);
#3448 = DEFINITIONAL_REPRESENTATION('',(#3449),#3453);
#3449 = LINE('',#3450,#3451);
#3450 = CARTESIAN_POINT('',(0.,1.2E+03));
#3451 = VECTOR('',#3452,1.);
#3452 = DIRECTION('',(1.,0.));
#3453 = ( GEOMETRIC_REPRESENTATION_CONTEXT(2) 
PARAMETRIC_REPRESENTATION_CONTEXT() REPRESENTATION_CONTEXT('2D SPACE',''
  ) );
#3454 = ORIENTED_EDGE('',*,*,#3386,.F.);
#3455 = ORIENTED_EDGE('',*,*,#3456,.F.);
#3456 = EDGE_CURVE('',#3230,#3387,#3457,.T.);
#3457 = SURFACE_CURVE('',#3458,(#3462,#3469),.PCURVE_S1.);
#3458 = LINE('',#3459,#3460);
#3459 = CARTESIAN_POINT('',(-2.56E+04,1.2E+03,455.));
#3460 = VECTOR('',#3461,1.);
#3461 = DIRECTION('',(1.,0.,0.));
#3462 = PCURVE('',#3245,#3463);
#3463 = DEFINITIONAL_REPRESENTATION('',(#3464),#3468);
#3464 = LINE('',#3465,#3466);
#3465 = CARTESIAN_POINT('',(1.75E+03,0.));
#3466 = VECTOR('',#3467,1.);
#3467 = DIRECTION('',(1.,0.));
#3468 = ( GEOMETRIC_REPRESENTATION_CONTEXT(2) 
PARAMETRIC_REPRESENTATION_CONTEXT() REPRESENTATION_CONTEXT('2D SPACE',''
  ) );
#3469 = PCURVE('',#3271,#3470);
#3470 = DEFINITIONAL_REPRESENTATION('',(#3471),#3475);
#3471 = LINE('',#3472,#3473);
#3472 = CARTESIAN_POINT('',(0.,1.2E+03));
#3473 = VECTOR('',#3474,1.);
#3474 = DIRECTION('',(1.,0.));
#3475 = ( GEOMETRIC_REPRESENTATION_CONTEXT(2) 
PARAMETRIC_REPRESENTATION_CONTEXT() REPRESENTATION_CONTEXT('2D SPACE',''
  ) );
#3476 = ADVANCED_FACE('',(#3477),#3271,.F.);
#3477 = FACE_BOUND('',#3478,.F.);
#3478 = EDGE_LOOP('',(#3479,#3480,#3481,#3482));
#3479 = ORIENTED_EDGE('',*,*,#3257,.F.);
#3480 = ORIENTED_EDGE('',*,*,#3338,.T.);
#3481 = ORIENTED_EDGE('',*,*,#3409,.T.);
#3482 = ORIENTED_EDGE('',*,*,#3456,.F.);
#3483 = ADVANCED_FACE('',(#3484),#3217,.T.);
#3484 = FACE_BOUND('',#3485,.T.);
#3485 = EDGE_LOOP('',(#3486,#3487,#3488,#3489));
#3486 = ORIENTED_EDGE('',*,*,#3201,.F.);
#3487 = ORIENTED_EDGE('',*,*,#3287,.T.);
#3488 = ORIENTED_EDGE('',*,*,#3363,.T.);
#3489 = ORIENTED_EDGE('',*,*,#3434,.F.);
#3490 = ( GEOMETRIC_REPRESENTATION_CONTEXT(3) 
GLOBAL_UNCERTAINTY_ASSIGNED_CONTEXT((#3494)) 
GLOBAL_UNIT_ASSIGNED_CONTEXT((#3491,#3492,#3493)) REPRESENTATION_CONTEXT
('Context #1','3D Context with UNIT and UNCERTAINTY') );
#3491 = ( LENGTH_UNIT() NAMED_UNIT(*) SI_UNIT(.MILLI.,.METRE.) );
#3492 = ( NAMED_UNIT(*) PLANE_ANGLE_UNIT() SI_UNIT($,.RADIAN.) );
#3493 = ( NAMED_UNIT(*) SI_UNIT($,.STERADIAN.) SOLID_ANGLE_UNIT() );
#3494 = UNCERTAINTY_MEASURE_WITH_UNIT(LENGTH_MEASURE(1.E-07),#3491,
  'distance_accuracy_value','confusion accuracy');
#3495 = CONTEXT_DEPENDENT_SHAPE_REPRESENTATION(#3496,#3498);
#3496 = ( REPRESENTATION_RELATIONSHIP('','',#3159,#3136) 
REPRESENTATION_RELATIONSHIP_WITH_TRANSFORMATION(#3497) 
SHAPE_REPRESENTATION_RELATIONSHIP() );
#3497 = ITEM_DEFINED_TRANSFORMATION('','',#11,#3137);
#3498 = PRODUCT_DEFINITION_SHAPE('Placement','Placement of an item',
  #3499);
#3499 = NEXT_ASSEMBLY_USAGE_OCCURRENCE('1123','=>[0:1:1:19]','',#3131,
  #3154,$);
#3500 = PRODUCT_RELATED_PRODUCT_CATEGORY('part',$,(#3156));
#3501 = SHAPE_DEFINITION_REPRESENTATION(#3502,#3508);
#3502 = PRODUCT_DEFINITION_SHAPE('','',#3503);
#3503 = PRODUCT_DEFINITION('design','',#3504,#3507);
#3504 = PRODUCT_DEFINITION_FORMATION('','',#3505);
#3505 = PRODUCT('ASSEMBLY','ASSEMBLY','',(#3506));
#3506 = PRODUCT_CONTEXT('',#2,'mechanical');
#3507 = PRODUCT_DEFINITION_CONTEXT('part definition',#2,'design');
#3508 = SHAPE_REPRESENTATION('',(#11,#3509),#3513);
#3509 = AXIS2_PLACEMENT_3D('',#3510,#3511,#3512);
#3510 = CARTESIAN_POINT('',(0.,0.,0.));
#3511 = DIRECTION('',(0.,0.,1.));
#3512 = DIRECTION('',(1.,0.,-0.));
#3513 = ( GEOMETRIC_REPRESENTATION_CONTEXT(3) 
GLOBAL_UNCERTAINTY_ASSIGNED_CONTEXT((#3517)) 
GLOBAL_UNIT_ASSIGNED_CONTEXT((#3514,#3515,#3516)) REPRESENTATION_CONTEXT
('Context #1','3D Context with UNIT and UNCERTAINTY') );
#3514 = ( LENGTH_UNIT() NAMED_UNIT(*) SI_UNIT(.MILLI.,.METRE.) );
#3515 = ( NAMED_UNIT(*) PLANE_ANGLE_UNIT() SI_UNIT($,.RADIAN.) );
#3516 = ( NAMED_UNIT(*) SI_UNIT($,.STERADIAN.) SOLID_ANGLE_UNIT() );
#3517 = UNCERTAINTY_MEASURE_WITH_UNIT(LENGTH_MEASURE(1.E-07),#3514,
  'distance_accuracy_value','confusion accuracy');
#3518 = CONTEXT_DEPENDENT_SHAPE_REPRESENTATION(#3519,#3521);
#3519 = ( REPRESENTATION_RELATIONSHIP('','',#3508,#3097) 
REPRESENTATION_RELATIONSHIP_WITH_TRANSFORMATION(#3520) 
SHAPE_REPRESENTATION_RELATIONSHIP() );
#3520 = ITEM_DEFINED_TRANSFORMATION('','',#11,#3102);
#3521 = PRODUCT_DEFINITION_SHAPE('Placement','Placement of an item',
  #3522);
#3522 = NEXT_ASSEMBLY_USAGE_OCCURRENCE('1126','=>[0:1:1:20]','',#3092,
  #3503,$);
#3523 = PRODUCT_RELATED_PRODUCT_CATEGORY('part',$,(#3505));
#3524 = SHAPE_DEFINITION_REPRESENTATION(#3525,#3531);
#3525 = PRODUCT_DEFINITION_SHAPE('','',#3526);
#3526 = PRODUCT_DEFINITION('design','',#3527,#3530);
#3527 = PRODUCT_DEFINITION_FORMATION('','',#3528);
#3528 = PRODUCT('SOLID','SOLID','',(#3529));
#3529 = PRODUCT_CONTEXT('',#2,'mechanical');
#3530 = PRODUCT_DEFINITION_CONTEXT('part definition',#2,'design');
#3531 = ADVANCED_BREP_SHAPE_REPRESENTATION('',(#11,#3532),#3630);
#3532 = MANIFOLD_SOLID_BREP('',#3533);
#3533 = CLOSED_SHELL('',(#3534,#3622,#3626));
#3534 = ADVANCED_FACE('',(#3535),#3549,.T.);
#3535 = FACE_BOUND('',#3536,.F.);
#3536 = EDGE_LOOP('',(#3537,#3567,#3594,#3595));
#3537 = ORIENTED_EDGE('',*,*,#3538,.T.);
#3538 = EDGE_CURVE('',#3539,#3541,#3543,.T.);
#3539 = VERTEX_POINT('',#3540);
#3540 = CARTESIAN_POINT('',(-2.665E+04,-717.5,0.));
#3541 = VERTEX_POINT('',#3542);
#3542 = CARTESIAN_POINT('',(-2.653E+04,-717.5,0.));
#3543 = SEAM_CURVE('',#3544,(#3548,#3560),.PCURVE_S1.);
#3544 = LINE('',#3545,#3546);
#3545 = CARTESIAN_POINT('',(-2.665E+04,-717.5,0.));
#3546 = VECTOR('',#3547,1.);
#3547 = DIRECTION('',(1.,0.,1.110223024625E-16));
#3548 = PCURVE('',#3549,#3554);
#3549 = CYLINDRICAL_SURFACE('',#3550,405.);
#3550 = AXIS2_PLACEMENT_3D('',#3551,#3552,#3553);
#3551 = CARTESIAN_POINT('',(-2.665E+04,-717.5,405.));
#3552 = DIRECTION('',(-1.,-0.,-1.110223024625E-16));
#3553 = DIRECTION('',(1.110223024625E-16,0.,-1.));
#3554 = DEFINITIONAL_REPRESENTATION('',(#3555),#3559);
#3555 = LINE('',#3556,#3557);
#3556 = CARTESIAN_POINT('',(-0.,0.));
#3557 = VECTOR('',#3558,1.);
#3558 = DIRECTION('',(-0.,-1.));
#3559 = ( GEOMETRIC_REPRESENTATION_CONTEXT(2) 
PARAMETRIC_REPRESENTATION_CONTEXT() REPRESENTATION_CONTEXT('2D SPACE',''
  ) );
#3560 = PCURVE('',#3549,#3561);
#3561 = DEFINITIONAL_REPRESENTATION('',(#3562),#3566);
#3562 = LINE('',#3563,#3564);
#3563 = CARTESIAN_POINT('',(-6.28318530718,0.));
#3564 = VECTOR('',#3565,1.);
#3565 = DIRECTION('',(-0.,-1.));
#3566 = ( GEOMETRIC_REPRESENTATION_CONTEXT(2) 
PARAMETRIC_REPRESENTATION_CONTEXT() REPRESENTATION_CONTEXT('2D SPACE',''
  ) );
#3567 = ORIENTED_EDGE('',*,*,#3568,.T.);
#3568 = EDGE_CURVE('',#3541,#3541,#3569,.T.);
#3569 = SURFACE_CURVE('',#3570,(#3575,#3582),.PCURVE_S1.);
#3570 = CIRCLE('',#3571,405.);
#3571 = AXIS2_PLACEMENT_3D('',#3572,#3573,#3574);
#3572 = CARTESIAN_POINT('',(-2.653E+04,-717.5,405.));
#3573 = DIRECTION('',(1.,-0.,1.110223024625E-16));
#3574 = DIRECTION('',(1.110223024625E-16,0.,-1.));
#3575 = PCURVE('',#3549,#3576);
#3576 = DEFINITIONAL_REPRESENTATION('',(#3577),#3581);
#3577 = LINE('',#3578,#3579);
#3578 = CARTESIAN_POINT('',(-0.,-120.));
#3579 = VECTOR('',#3580,1.);
#3580 = DIRECTION('',(-1.,0.));
#3581 = ( GEOMETRIC_REPRESENTATION_CONTEXT(2) 
PARAMETRIC_REPRESENTATION_CONTEXT() REPRESENTATION_CONTEXT('2D SPACE',''
  ) );
#3582 = PCURVE('',#3583,#3588);
#3583 = PLANE('',#3584);
#3584 = AXIS2_PLACEMENT_3D('',#3585,#3586,#3587);
#3585 = CARTESIAN_POINT('',(-2.653E+04,-717.5,405.));
#3586 = DIRECTION('',(1.,0.,1.110223024625E-16));
#3587 = DIRECTION('',(1.110223024625E-16,0.,-1.));
#3588 = DEFINITIONAL_REPRESENTATION('',(#3589),#3593);
#3589 = CIRCLE('',#3590,405.);
#3590 = AXIS2_PLACEMENT_2D('',#3591,#3592);
#3591 = CARTESIAN_POINT('',(5.684341886081E-14,0.));
#3592 = DIRECTION('',(1.,0.));
#3593 = ( GEOMETRIC_REPRESENTATION_CONTEXT(2) 
PARAMETRIC_REPRESENTATION_CONTEXT() REPRESENTATION_CONTEXT('2D SPACE',''
  ) );
#3594 = ORIENTED_EDGE('',*,*,#3538,.F.);
#3595 = ORIENTED_EDGE('',*,*,#3596,.F.);
#3596 = EDGE_CURVE('',#3539,#3539,#3597,.T.);
#3597 = SURFACE_CURVE('',#3598,(#3603,#3610),.PCURVE_S1.);
#3598 = CIRCLE('',#3599,405.);
#3599 = AXIS2_PLACEMENT_3D('',#3600,#3601,#3602);
#3600 = CARTESIAN_POINT('',(-2.665E+04,-717.5,405.));
#3601 = DIRECTION('',(1.,-0.,1.110223024625E-16));
#3602 = DIRECTION('',(1.110223024625E-16,0.,-1.));
#3603 = PCURVE('',#3549,#3604);
#3604 = DEFINITIONAL_REPRESENTATION('',(#3605),#3609);
#3605 = LINE('',#3606,#3607);
#3606 = CARTESIAN_POINT('',(-0.,0.));
#3607 = VECTOR('',#3608,1.);
#3608 = DIRECTION('',(-1.,0.));
#3609 = ( GEOMETRIC_REPRESENTATION_CONTEXT(2) 
PARAMETRIC_REPRESENTATION_CONTEXT() REPRESENTATION_CONTEXT('2D SPACE',''
  ) );
#3610 = PCURVE('',#3611,#3616);
#3611 = PLANE('',#3612);
#3612 = AXIS2_PLACEMENT_3D('',#3613,#3614,#3615);
#3613 = CARTESIAN_POINT('',(-2.665E+04,-717.5,405.));
#3614 = DIRECTION('',(1.,0.,1.110223024625E-16));
#3615 = DIRECTION('',(1.110223024625E-16,0.,-1.));
#3616 = DEFINITIONAL_REPRESENTATION('',(#3617),#3621);
#3617 = CIRCLE('',#3618,405.);
#3618 = AXIS2_PLACEMENT_2D('',#3619,#3620);
#3619 = CARTESIAN_POINT('',(0.,0.));
#3620 = DIRECTION('',(1.,0.));
#3621 = ( GEOMETRIC_REPRESENTATION_CONTEXT(2) 
PARAMETRIC_REPRESENTATION_CONTEXT() REPRESENTATION_CONTEXT('2D SPACE',''
  ) );
#3622 = ADVANCED_FACE('',(#3623),#3611,.F.);
#3623 = FACE_BOUND('',#3624,.F.);
#3624 = EDGE_LOOP('',(#3625));
#3625 = ORIENTED_EDGE('',*,*,#3596,.T.);
#3626 = ADVANCED_FACE('',(#3627),#3583,.T.);
#3627 = FACE_BOUND('',#3628,.T.);
#3628 = EDGE_LOOP('',(#3629));
#3629 = ORIENTED_EDGE('',*,*,#3568,.T.);
#3630 = ( GEOMETRIC_REPRESENTATION_CONTEXT(3) 
GLOBAL_UNCERTAINTY_ASSIGNED_CONTEXT((#3634)) 
GLOBAL_UNIT_ASSIGNED_CONTEXT((#3631,#3632,#3633)) REPRESENTATION_CONTEXT
('Context #1','3D Context with UNIT and UNCERTAINTY') );
#3631 = ( LENGTH_UNIT() NAMED_UNIT(*) SI_UNIT(.MILLI.,.METRE.) );
#3632 = ( NAMED_UNIT(*) PLANE_ANGLE_UNIT() SI_UNIT($,.RADIAN.) );
#3633 = ( NAMED_UNIT(*) SI_UNIT($,.STERADIAN.) SOLID_ANGLE_UNIT() );
#3634 = UNCERTAINTY_MEASURE_WITH_UNIT(LENGTH_MEASURE(1.E-07),#3631,
  'distance_accuracy_value','confusion accuracy');
#3635 = CONTEXT_DEPENDENT_SHAPE_REPRESENTATION(#3636,#3638);
#3636 = ( REPRESENTATION_RELATIONSHIP('','',#3531,#3508) 
REPRESENTATION_RELATIONSHIP_WITH_TRANSFORMATION(#3637) 
SHAPE_REPRESENTATION_RELATIONSHIP() );
#3637 = ITEM_DEFINED_TRANSFORMATION('','',#11,#3509);
#3638 = PRODUCT_DEFINITION_SHAPE('Placement','Placement of an item',
  #3639);
#3639 = NEXT_ASSEMBLY_USAGE_OCCURRENCE('1125','=>[0:1:1:21]','',#3503,
  #3526,$);
#3640 = PRODUCT_RELATED_PRODUCT_CATEGORY('part',$,(#3528));
#3641 = SHAPE_DEFINITION_REPRESENTATION(#3642,#3648);
#3642 = PRODUCT_DEFINITION_SHAPE('','',#3643);
#3643 = PRODUCT_DEFINITION('design','',#3644,#3647);
#3644 = PRODUCT_DEFINITION_FORMATION('','',#3645);
#3645 = PRODUCT('ASSEMBLY','ASSEMBLY','',(#3646));
#3646 = PRODUCT_CONTEXT('',#2,'mechanical');
#3647 = PRODUCT_DEFINITION_CONTEXT('part definition',#2,'design');
#3648 = SHAPE_REPRESENTATION('',(#11,#3649),#3653);
#3649 = AXIS2_PLACEMENT_3D('',#3650,#3651,#3652);
#3650 = CARTESIAN_POINT('',(0.,0.,0.));
#3651 = DIRECTION('',(0.,0.,1.));
#3652 = DIRECTION('',(1.,0.,-0.));
#3653 = ( GEOMETRIC_REPRESENTATION_CONTEXT(3) 
GLOBAL_UNCERTAINTY_ASSIGNED_CONTEXT((#3657)) 
GLOBAL_UNIT_ASSIGNED_CONTEXT((#3654,#3655,#3656)) REPRESENTATION_CONTEXT
('Context #1','3D Context with UNIT and UNCERTAINTY') );
#3654 = ( LENGTH_UNIT() NAMED_UNIT(*) SI_UNIT(.MILLI.,.METRE.) );
#3655 = ( NAMED_UNIT(*) PLANE_ANGLE_UNIT() SI_UNIT($,.RADIAN.) );
#3656 = ( NAMED_UNIT(*) SI_UNIT($,.STERADIAN.) SOLID_ANGLE_UNIT() );
#3657 = UNCERTAINTY_MEASURE_WITH_UNIT(LENGTH_MEASURE(1.E-07),#3654,
  'distance_accuracy_value','confusion accuracy');
#3658 = CONTEXT_DEPENDENT_SHAPE_REPRESENTATION(#3659,#3661);
#3659 = ( REPRESENTATION_RELATIONSHIP('','',#3648,#3097) 
REPRESENTATION_RELATIONSHIP_WITH_TRANSFORMATION(#3660) 
SHAPE_REPRESENTATION_RELATIONSHIP() );
#3660 = ITEM_DEFINED_TRANSFORMATION('','',#11,#3106);
#3661 = PRODUCT_DEFINITION_SHAPE('Placement','Placement of an item',
  #3662);
#3662 = NEXT_ASSEMBLY_USAGE_OCCURRENCE('1128','=>[0:1:1:22]','',#3092,
  #3643,$);
#3663 = PRODUCT_RELATED_PRODUCT_CATEGORY('part',$,(#3645));
#3664 = SHAPE_DEFINITION_REPRESENTATION(#3665,#3671);
#3665 = PRODUCT_DEFINITION_SHAPE('','',#3666);
#3666 = PRODUCT_DEFINITION('design','',#3667,#3670);
#3667 = PRODUCT_DEFINITION_FORMATION('','',#3668);
#3668 = PRODUCT('SOLID','SOLID','',(#3669));
#3669 = PRODUCT_CONTEXT('',#2,'mechanical');
#3670 = PRODUCT_DEFINITION_CONTEXT('part definition',#2,'design');
#3671 = ADVANCED_BREP_SHAPE_REPRESENTATION('',(#11,#3672),#3770);
#3672 = MANIFOLD_SOLID_BREP('',#3673);
#3673 = CLOSED_SHELL('',(#3674,#3762,#3766));
#3674 = ADVANCED_FACE('',(#3675),#3689,.T.);
#3675 = FACE_BOUND('',#3676,.F.);
#3676 = EDGE_LOOP('',(#3677,#3707,#3734,#3735));
#3677 = ORIENTED_EDGE('',*,*,#3678,.T.);
#3678 = EDGE_CURVE('',#3679,#3681,#3683,.T.);
#3679 = VERTEX_POINT('',#3680);
#3680 = CARTESIAN_POINT('',(-2.665E+04,717.5,0.));
#3681 = VERTEX_POINT('',#3682);
#3682 = CARTESIAN_POINT('',(-2.653E+04,717.5,0.));
#3683 = SEAM_CURVE('',#3684,(#3688,#3700),.PCURVE_S1.);
#3684 = LINE('',#3685,#3686);
#3685 = CARTESIAN_POINT('',(-2.665E+04,717.5,0.));
#3686 = VECTOR('',#3687,1.);
#3687 = DIRECTION('',(1.,0.,1.110223024625E-16));
#3688 = PCURVE('',#3689,#3694);
#3689 = CYLINDRICAL_SURFACE('',#3690,405.);
#3690 = AXIS2_PLACEMENT_3D('',#3691,#3692,#3693);
#3691 = CARTESIAN_POINT('',(-2.665E+04,717.5,405.));
#3692 = DIRECTION('',(-1.,-0.,-1.110223024625E-16));
#3693 = DIRECTION('',(1.110223024625E-16,0.,-1.));
#3694 = DEFINITIONAL_REPRESENTATION('',(#3695),#3699);
#3695 = LINE('',#3696,#3697);
#3696 = CARTESIAN_POINT('',(-0.,0.));
#3697 = VECTOR('',#3698,1.);
#3698 = DIRECTION('',(-0.,-1.));
#3699 = ( GEOMETRIC_REPRESENTATION_CONTEXT(2) 
PARAMETRIC_REPRESENTATION_CONTEXT() REPRESENTATION_CONTEXT('2D SPACE',''
  ) );
#3700 = PCURVE('',#3689,#3701);
#3701 = DEFINITIONAL_REPRESENTATION('',(#3702),#3706);
#3702 = LINE('',#3703,#3704);
#3703 = CARTESIAN_POINT('',(-6.28318530718,0.));
#3704 = VECTOR('',#3705,1.);
#3705 = DIRECTION('',(-0.,-1.));
#3706 = ( GEOMETRIC_REPRESENTATION_CONTEXT(2) 
PARAMETRIC_REPRESENTATION_CONTEXT() REPRESENTATION_CONTEXT('2D SPACE',''
  ) );
#3707 = ORIENTED_EDGE('',*,*,#3708,.T.);
#3708 = EDGE_CURVE('',#3681,#3681,#3709,.T.);
#3709 = SURFACE_CURVE('',#3710,(#3715,#3722),.PCURVE_S1.);
#3710 = CIRCLE('',#3711,405.);
#3711 = AXIS2_PLACEMENT_3D('',#3712,#3713,#3714);
#3712 = CARTESIAN_POINT('',(-2.653E+04,717.5,405.));
#3713 = DIRECTION('',(1.,-0.,1.110223024625E-16));
#3714 = DIRECTION('',(1.110223024625E-16,0.,-1.));
#3715 = PCURVE('',#3689,#3716);
#3716 = DEFINITIONAL_REPRESENTATION('',(#3717),#3721);
#3717 = LINE('',#3718,#3719);
#3718 = CARTESIAN_POINT('',(-0.,-120.));
#3719 = VECTOR('',#3720,1.);
#3720 = DIRECTION('',(-1.,0.));
#3721 = ( GEOMETRIC_REPRESENTATION_CONTEXT(2) 
PARAMETRIC_REPRESENTATION_CONTEXT() REPRESENTATION_CONTEXT('2D SPACE',''
  ) );
#3722 = PCURVE('',#3723,#3728);
#3723 = PLANE('',#3724);
#3724 = AXIS2_PLACEMENT_3D('',#3725,#3726,#3727);
#3725 = CARTESIAN_POINT('',(-2.653E+04,717.5,405.));
#3726 = DIRECTION('',(1.,0.,1.110223024625E-16));
#3727 = DIRECTION('',(1.110223024625E-16,0.,-1.));
#3728 = DEFINITIONAL_REPRESENTATION('',(#3729),#3733);
#3729 = CIRCLE('',#3730,405.);
#3730 = AXIS2_PLACEMENT_2D('',#3731,#3732);
#3731 = CARTESIAN_POINT('',(5.684341886081E-14,0.));
#3732 = DIRECTION('',(1.,0.));
#3733 = ( GEOMETRIC_REPRESENTATION_CONTEXT(2) 
PARAMETRIC_REPRESENTATION_CONTEXT() REPRESENTATION_CONTEXT('2D SPACE',''
  ) );
#3734 = ORIENTED_EDGE('',*,*,#3678,.F.);
#3735 = ORIENTED_EDGE('',*,*,#3736,.F.);
#3736 = EDGE_CURVE('',#3679,#3679,#3737,.T.);
#3737 = SURFACE_CURVE('',#3738,(#3743,#3750),.PCURVE_S1.);
#3738 = CIRCLE('',#3739,405.);
#3739 = AXIS2_PLACEMENT_3D('',#3740,#3741,#3742);
#3740 = CARTESIAN_POINT('',(-2.665E+04,717.5,405.));
#3741 = DIRECTION('',(1.,-0.,1.110223024625E-16));
#3742 = DIRECTION('',(1.110223024625E-16,0.,-1.));
#3743 = PCURVE('',#3689,#3744);
#3744 = DEFINITIONAL_REPRESENTATION('',(#3745),#3749);
#3745 = LINE('',#3746,#3747);
#3746 = CARTESIAN_POINT('',(-0.,0.));
#3747 = VECTOR('',#3748,1.);
#3748 = DIRECTION('',(-1.,0.));
#3749 = ( GEOMETRIC_REPRESENTATION_CONTEXT(2) 
PARAMETRIC_REPRESENTATION_CONTEXT() REPRESENTATION_CONTEXT('2D SPACE',''
  ) );
#3750 = PCURVE('',#3751,#3756);
#3751 = PLANE('',#3752);
#3752 = AXIS2_PLACEMENT_3D('',#3753,#3754,#3755);
#3753 = CARTESIAN_POINT('',(-2.665E+04,717.5,405.));
#3754 = DIRECTION('',(1.,0.,1.110223024625E-16));
#3755 = DIRECTION('',(1.110223024625E-16,0.,-1.));
#3756 = DEFINITIONAL_REPRESENTATION('',(#3757),#3761);
#3757 = CIRCLE('',#3758,405.);
#3758 = AXIS2_PLACEMENT_2D('',#3759,#3760);
#3759 = CARTESIAN_POINT('',(0.,0.));
#3760 = DIRECTION('',(1.,0.));
#3761 = ( GEOMETRIC_REPRESENTATION_CONTEXT(2) 
PARAMETRIC_REPRESENTATION_CONTEXT() REPRESENTATION_CONTEXT('2D SPACE',''
  ) );
#3762 = ADVANCED_FACE('',(#3763),#3751,.F.);
#3763 = FACE_BOUND('',#3764,.F.);
#3764 = EDGE_LOOP('',(#3765));
#3765 = ORIENTED_EDGE('',*,*,#3736,.T.);
#3766 = ADVANCED_FACE('',(#3767),#3723,.T.);
#3767 = FACE_BOUND('',#3768,.T.);
#3768 = EDGE_LOOP('',(#3769));
#3769 = ORIENTED_EDGE('',*,*,#3708,.T.);
#3770 = ( GEOMETRIC_REPRESENTATION_CONTEXT(3) 
GLOBAL_UNCERTAINTY_ASSIGNED_CONTEXT((#3774)) 
GLOBAL_UNIT_ASSIGNED_CONTEXT((#3771,#3772,#3773)) REPRESENTATION_CONTEXT
('Context #1','3D Context with UNIT and UNCERTAINTY') );
#3771 = ( LENGTH_UNIT() NAMED_UNIT(*) SI_UNIT(.MILLI.,.METRE.) );
#3772 = ( NAMED_UNIT(*) PLANE_ANGLE_UNIT() SI_UNIT($,.RADIAN.) );
#3773 = ( NAMED_UNIT(*) SI_UNIT($,.STERADIAN.) SOLID_ANGLE_UNIT() );
#3774 = UNCERTAINTY_MEASURE_WITH_UNIT(LENGTH_MEASURE(1.E-07),#3771,
  'distance_accuracy_value','confusion accuracy');
#3775 = CONTEXT_DEPENDENT_SHAPE_REPRESENTATION(#3776,#3778);
#3776 = ( REPRESENTATION_RELATIONSHIP('','',#3671,#3648) 
REPRESENTATION_RELATIONSHIP_WITH_TRANSFORMATION(#3777) 
SHAPE_REPRESENTATION_RELATIONSHIP() );
#3777 = ITEM_DEFINED_TRANSFORMATION('','',#11,#3649);
#3778 = PRODUCT_DEFINITION_SHAPE('Placement','Placement of an item',
  #3779);
#3779 = NEXT_ASSEMBLY_USAGE_OCCURRENCE('1127','=>[0:1:1:23]','',#3643,
  #3666,$);
#3780 = PRODUCT_RELATED_PRODUCT_CATEGORY('part',$,(#3668));
#3781 = SHAPE_DEFINITION_REPRESENTATION(#3782,#3788);
#3782 = PRODUCT_DEFINITION_SHAPE('','',#3783);
#3783 = PRODUCT_DEFINITION('design','',#3784,#3787);
#3784 = PRODUCT_DEFINITION_FORMATION('','',#3785);
#3785 = PRODUCT('ASSEMBLY','ASSEMBLY','',(#3786));
#3786 = PRODUCT_CONTEXT('',#2,'mechanical');
#3787 = PRODUCT_DEFINITION_CONTEXT('part definition',#2,'design');
#3788 = SHAPE_REPRESENTATION('',(#11,#3789),#3793);
#3789 = AXIS2_PLACEMENT_3D('',#3790,#3791,#3792);
#3790 = CARTESIAN_POINT('',(0.,0.,0.));
#3791 = DIRECTION('',(0.,0.,1.));
#3792 = DIRECTION('',(1.,0.,-0.));
#3793 = ( GEOMETRIC_REPRESENTATION_CONTEXT(3) 
GLOBAL_UNCERTAINTY_ASSIGNED_CONTEXT((#3797)) 
GLOBAL_UNIT_ASSIGNED_CONTEXT((#3794,#3795,#3796)) REPRESENTATION_CONTEXT
('Context #1','3D Context with UNIT and UNCERTAINTY') );
#3794 = ( LENGTH_UNIT() NAMED_UNIT(*) SI_UNIT(.MILLI.,.METRE.) );
#3795 = ( NAMED_UNIT(*) PLANE_ANGLE_UNIT() SI_UNIT($,.RADIAN.) );
#3796 = ( NAMED_UNIT(*) SI_UNIT($,.STERADIAN.) SOLID_ANGLE_UNIT() );
#3797 = UNCERTAINTY_MEASURE_WITH_UNIT(LENGTH_MEASURE(1.E-07),#3794,
  'distance_accuracy_value','confusion accuracy');
#3798 = CONTEXT_DEPENDENT_SHAPE_REPRESENTATION(#3799,#3801);
#3799 = ( REPRESENTATION_RELATIONSHIP('','',#3788,#3097) 
REPRESENTATION_RELATIONSHIP_WITH_TRANSFORMATION(#3800) 
SHAPE_REPRESENTATION_RELATIONSHIP() );
#3800 = ITEM_DEFINED_TRANSFORMATION('','',#11,#3110);
#3801 = PRODUCT_DEFINITION_SHAPE('Placement','Placement of an item',
  #3802);
#3802 = NEXT_ASSEMBLY_USAGE_OCCURRENCE('1130','=>[0:1:1:24]','',#3092,
  #3783,$);
#3803 = PRODUCT_RELATED_PRODUCT_CATEGORY('part',$,(#3785));
#3804 = SHAPE_DEFINITION_REPRESENTATION(#3805,#3811);
#3805 = PRODUCT_DEFINITION_SHAPE('','',#3806);
#3806 = PRODUCT_DEFINITION('design','',#3807,#3810);
#3807 = PRODUCT_DEFINITION_FORMATION('','',#3808);
#3808 = PRODUCT('SOLID','SOLID','',(#3809));
#3809 = PRODUCT_CONTEXT('',#2,'mechanical');
#3810 = PRODUCT_DEFINITION_CONTEXT('part definition',#2,'design');
#3811 = ADVANCED_BREP_SHAPE_REPRESENTATION('',(#11,#3812),#3910);
#3812 = MANIFOLD_SOLID_BREP('',#3813);
#3813 = CLOSED_SHELL('',(#3814,#3902,#3906));
#3814 = ADVANCED_FACE('',(#3815),#3829,.T.);
#3815 = FACE_BOUND('',#3816,.F.);
#3816 = EDGE_LOOP('',(#3817,#3847,#3874,#3875));
#3817 = ORIENTED_EDGE('',*,*,#3818,.T.);
#3818 = EDGE_CURVE('',#3819,#3821,#3823,.T.);
#3819 = VERTEX_POINT('',#3820);
#3820 = CARTESIAN_POINT('',(-2.455E+04,-717.5,0.));
#3821 = VERTEX_POINT('',#3822);
#3822 = CARTESIAN_POINT('',(-2.443E+04,-717.5,0.));
#3823 = SEAM_CURVE('',#3824,(#3828,#3840),.PCURVE_S1.);
#3824 = LINE('',#3825,#3826);
#3825 = CARTESIAN_POINT('',(-2.455E+04,-717.5,0.));
#3826 = VECTOR('',#3827,1.);
#3827 = DIRECTION('',(1.,0.,1.110223024625E-16));
#3828 = PCURVE('',#3829,#3834);
#3829 = CYLINDRICAL_SURFACE('',#3830,405.);
#3830 = AXIS2_PLACEMENT_3D('',#3831,#3832,#3833);
#3831 = CARTESIAN_POINT('',(-2.455E+04,-717.5,405.));
#3832 = DIRECTION('',(-1.,-0.,-1.110223024625E-16));
#3833 = DIRECTION('',(1.110223024625E-16,0.,-1.));
#3834 = DEFINITIONAL_REPRESENTATION('',(#3835),#3839);
#3835 = LINE('',#3836,#3837);
#3836 = CARTESIAN_POINT('',(-0.,0.));
#3837 = VECTOR('',#3838,1.);
#3838 = DIRECTION('',(-0.,-1.));
#3839 = ( GEOMETRIC_REPRESENTATION_CONTEXT(2) 
PARAMETRIC_REPRESENTATION_CONTEXT() REPRESENTATION_CONTEXT('2D SPACE',''
  ) );
#3840 = PCURVE('',#3829,#3841);
#3841 = DEFINITIONAL_REPRESENTATION('',(#3842),#3846);
#3842 = LINE('',#3843,#3844);
#3843 = CARTESIAN_POINT('',(-6.28318530718,0.));
#3844 = VECTOR('',#3845,1.);
#3845 = DIRECTION('',(-0.,-1.));
#3846 = ( GEOMETRIC_REPRESENTATION_CONTEXT(2) 
PARAMETRIC_REPRESENTATION_CONTEXT() REPRESENTATION_CONTEXT('2D SPACE',''
  ) );
#3847 = ORIENTED_EDGE('',*,*,#3848,.T.);
#3848 = EDGE_CURVE('',#3821,#3821,#3849,.T.);
#3849 = SURFACE_CURVE('',#3850,(#3855,#3862),.PCURVE_S1.);
#3850 = CIRCLE('',#3851,405.);
#3851 = AXIS2_PLACEMENT_3D('',#3852,#3853,#3854);
#3852 = CARTESIAN_POINT('',(-2.443E+04,-717.5,405.));
#3853 = DIRECTION('',(1.,-0.,1.110223024625E-16));
#3854 = DIRECTION('',(1.110223024625E-16,0.,-1.));
#3855 = PCURVE('',#3829,#3856);
#3856 = DEFINITIONAL_REPRESENTATION('',(#3857),#3861);
#3857 = LINE('',#3858,#3859);
#3858 = CARTESIAN_POINT('',(-0.,-120.));
#3859 = VECTOR('',#3860,1.);
#3860 = DIRECTION('',(-1.,0.));
#3861 = ( GEOMETRIC_REPRESENTATION_CONTEXT(2) 
PARAMETRIC_REPRESENTATION_CONTEXT() REPRESENTATION_CONTEXT('2D SPACE',''
  ) );
#3862 = PCURVE('',#3863,#3868);
#3863 = PLANE('',#3864);
#3864 = AXIS2_PLACEMENT_3D('',#3865,#3866,#3867);
#3865 = CARTESIAN_POINT('',(-2.443E+04,-717.5,405.));
#3866 = DIRECTION('',(1.,0.,1.110223024625E-16));
#3867 = DIRECTION('',(1.110223024625E-16,0.,-1.));
#3868 = DEFINITIONAL_REPRESENTATION('',(#3869),#3873);
#3869 = CIRCLE('',#3870,405.);
#3870 = AXIS2_PLACEMENT_2D('',#3871,#3872);
#3871 = CARTESIAN_POINT('',(5.684341886081E-14,0.));
#3872 = DIRECTION('',(1.,0.));
#3873 = ( GEOMETRIC_REPRESENTATION_CONTEXT(2) 
PARAMETRIC_REPRESENTATION_CONTEXT() REPRESENTATION_CONTEXT('2D SPACE',''
  ) );
#3874 = ORIENTED_EDGE('',*,*,#3818,.F.);
#3875 = ORIENTED_EDGE('',*,*,#3876,.F.);
#3876 = EDGE_CURVE('',#3819,#3819,#3877,.T.);
#3877 = SURFACE_CURVE('',#3878,(#3883,#3890),.PCURVE_S1.);
#3878 = CIRCLE('',#3879,405.);
#3879 = AXIS2_PLACEMENT_3D('',#3880,#3881,#3882);
#3880 = CARTESIAN_POINT('',(-2.455E+04,-717.5,405.));
#3881 = DIRECTION('',(1.,-0.,1.110223024625E-16));
#3882 = DIRECTION('',(1.110223024625E-16,0.,-1.));
#3883 = PCURVE('',#3829,#3884);
#3884 = DEFINITIONAL_REPRESENTATION('',(#3885),#3889);
#3885 = LINE('',#3886,#3887);
#3886 = CARTESIAN_POINT('',(-0.,0.));
#3887 = VECTOR('',#3888,1.);
#3888 = DIRECTION('',(-1.,0.));
#3889 = ( GEOMETRIC_REPRESENTATION_CONTEXT(2) 
PARAMETRIC_REPRESENTATION_CONTEXT() REPRESENTATION_CONTEXT('2D SPACE',''
  ) );
#3890 = PCURVE('',#3891,#3896);
#3891 = PLANE('',#3892);
#3892 = AXIS2_PLACEMENT_3D('',#3893,#3894,#3895);
#3893 = CARTESIAN_POINT('',(-2.455E+04,-717.5,405.));
#3894 = DIRECTION('',(1.,0.,1.110223024625E-16));
#3895 = DIRECTION('',(1.110223024625E-16,0.,-1.));
#3896 = DEFINITIONAL_REPRESENTATION('',(#3897),#3901);
#3897 = CIRCLE('',#3898,405.);
#3898 = AXIS2_PLACEMENT_2D('',#3899,#3900);
#3899 = CARTESIAN_POINT('',(0.,0.));
#3900 = DIRECTION('',(1.,0.));
#3901 = ( GEOMETRIC_REPRESENTATION_CONTEXT(2) 
PARAMETRIC_REPRESENTATION_CONTEXT() REPRESENTATION_CONTEXT('2D SPACE',''
  ) );
#3902 = ADVANCED_FACE('',(#3903),#3891,.F.);
#3903 = FACE_BOUND('',#3904,.F.);
#3904 = EDGE_LOOP('',(#3905));
#3905 = ORIENTED_EDGE('',*,*,#3876,.T.);
#3906 = ADVANCED_FACE('',(#3907),#3863,.T.);
#3907 = FACE_BOUND('',#3908,.T.);
#3908 = EDGE_LOOP('',(#3909));
#3909 = ORIENTED_EDGE('',*,*,#3848,.T.);
#3910 = ( GEOMETRIC_REPRESENTATION_CONTEXT(3) 
GLOBAL_UNCERTAINTY_ASSIGNED_CONTEXT((#3914)) 
GLOBAL_UNIT_ASSIGNED_CONTEXT((#3911,#3912,#3913)) REPRESENTATION_CONTEXT
('Context #1','3D Context with UNIT and UNCERTAINTY') );
#3911 = ( LENGTH_UNIT() NAMED_UNIT(*) SI_UNIT(.MILLI.,.METRE.) );
#3912 = ( NAMED_UNIT(*) PLANE_ANGLE_UNIT() SI_UNIT($,.RADIAN.) );
#3913 = ( NAMED_UNIT(*) SI_UNIT($,.STERADIAN.) SOLID_ANGLE_UNIT() );
#3914 = UNCERTAINTY_MEASURE_WITH_UNIT(LENGTH_MEASURE(1.E-07),#3911,
  'distance_accuracy_value','confusion accuracy');
#3915 = CONTEXT_DEPENDENT_SHAPE_REPRESENTATION(#3916,#3918);
#3916 = ( REPRESENTATION_RELATIONSHIP('','',#3811,#3788) 
REPRESENTATION_RELATIONSHIP_WITH_TRANSFORMATION(#3917) 
SHAPE_REPRESENTATION_RELATIONSHIP() );
#3917 = ITEM_DEFINED_TRANSFORMATION('','',#11,#3789);
#3918 = PRODUCT_DEFINITION_SHAPE('Placement','Placement of an item',
  #3919);
#3919 = NEXT_ASSEMBLY_USAGE_OCCURRENCE('1129','=>[0:1:1:25]','',#3783,
  #3806,$);
#3920 = PRODUCT_RELATED_PRODUCT_CATEGORY('part',$,(#3808));
#3921 = SHAPE_DEFINITION_REPRESENTATION(#3922,#3928);
#3922 = PRODUCT_DEFINITION_SHAPE('','',#3923);
#3923 = PRODUCT_DEFINITION('design','',#3924,#3927);
#3924 = PRODUCT_DEFINITION_FORMATION('','',#3925);
#3925 = PRODUCT('ASSEMBLY','ASSEMBLY','',(#3926));
#3926 = PRODUCT_CONTEXT('',#2,'mechanical');
#3927 = PRODUCT_DEFINITION_CONTEXT('part definition',#2,'design');
#3928 = SHAPE_REPRESENTATION('',(#11,#3929),#3933);
#3929 = AXIS2_PLACEMENT_3D('',#3930,#3931,#3932);
#3930 = CARTESIAN_POINT('',(0.,0.,0.));
#3931 = DIRECTION('',(0.,0.,1.));
#3932 = DIRECTION('',(1.,0.,-0.));
#3933 = ( GEOMETRIC_REPRESENTATION_CONTEXT(3) 
GLOBAL_UNCERTAINTY_ASSIGNED_CONTEXT((#3937)) 
GLOBAL_UNIT_ASSIGNED_CONTEXT((#3934,#3935,#3936)) REPRESENTATION_CONTEXT
('Context #1','3D Context with UNIT and UNCERTAINTY') );
#3934 = ( LENGTH_UNIT() NAMED_UNIT(*) SI_UNIT(.MILLI.,.METRE.) );
#3935 = ( NAMED_UNIT(*) PLANE_ANGLE_UNIT() SI_UNIT($,.RADIAN.) );
#3936 = ( NAMED_UNIT(*) SI_UNIT($,.STERADIAN.) SOLID_ANGLE_UNIT() );
#3937 = UNCERTAINTY_MEASURE_WITH_UNIT(LENGTH_MEASURE(1.E-07),#3934,
  'distance_accuracy_value','confusion accuracy');
#3938 = CONTEXT_DEPENDENT_SHAPE_REPRESENTATION(#3939,#3941);
#3939 = ( REPRESENTATION_RELATIONSHIP('','',#3928,#3097) 
REPRESENTATION_RELATIONSHIP_WITH_TRANSFORMATION(#3940) 
SHAPE_REPRESENTATION_RELATIONSHIP() );
#3940 = ITEM_DEFINED_TRANSFORMATION('','',#11,#3114);
#3941 = PRODUCT_DEFINITION_SHAPE('Placement','Placement of an item',
  #3942);
#3942 = NEXT_ASSEMBLY_USAGE_OCCURRENCE('1132','=>[0:1:1:26]','',#3092,
  #3923,$);
#3943 = PRODUCT_RELATED_PRODUCT_CATEGORY('part',$,(#3925));
#3944 = SHAPE_DEFINITION_REPRESENTATION(#3945,#3951);
#3945 = PRODUCT_DEFINITION_SHAPE('','',#3946);
#3946 = PRODUCT_DEFINITION('design','',#3947,#3950);
#3947 = PRODUCT_DEFINITION_FORMATION('','',#3948);
#3948 = PRODUCT('SOLID','SOLID','',(#3949));
#3949 = PRODUCT_CONTEXT('',#2,'mechanical');
#3950 = PRODUCT_DEFINITION_CONTEXT('part definition',#2,'design');
#3951 = ADVANCED_BREP_SHAPE_REPRESENTATION('',(#11,#3952),#4050);
#3952 = MANIFOLD_SOLID_BREP('',#3953);
#3953 = CLOSED_SHELL('',(#3954,#4042,#4046));
#3954 = ADVANCED_FACE('',(#3955),#3969,.T.);
#3955 = FACE_BOUND('',#3956,.F.);
#3956 = EDGE_LOOP('',(#3957,#3987,#4014,#4015));
#3957 = ORIENTED_EDGE('',*,*,#3958,.T.);
#3958 = EDGE_CURVE('',#3959,#3961,#3963,.T.);
#3959 = VERTEX_POINT('',#3960);
#3960 = CARTESIAN_POINT('',(-2.455E+04,717.5,0.));
#3961 = VERTEX_POINT('',#3962);
#3962 = CARTESIAN_POINT('',(-2.443E+04,717.5,0.));
#3963 = SEAM_CURVE('',#3964,(#3968,#3980),.PCURVE_S1.);
#3964 = LINE('',#3965,#3966);
#3965 = CARTESIAN_POINT('',(-2.455E+04,717.5,0.));
#3966 = VECTOR('',#3967,1.);
#3967 = DIRECTION('',(1.,0.,1.110223024625E-16));
#3968 = PCURVE('',#3969,#3974);
#3969 = CYLINDRICAL_SURFACE('',#3970,405.);
#3970 = AXIS2_PLACEMENT_3D('',#3971,#3972,#3973);
#3971 = CARTESIAN_POINT('',(-2.455E+04,717.5,405.));
#3972 = DIRECTION('',(-1.,-0.,-1.110223024625E-16));
#3973 = DIRECTION('',(1.110223024625E-16,0.,-1.));
#3974 = DEFINITIONAL_REPRESENTATION('',(#3975),#3979);
#3975 = LINE('',#3976,#3977);
#3976 = CARTESIAN_POINT('',(-0.,0.));
#3977 = VECTOR('',#3978,1.);
#3978 = DIRECTION('',(-0.,-1.));
#3979 = ( GEOMETRIC_REPRESENTATION_CONTEXT(2) 
PARAMETRIC_REPRESENTATION_CONTEXT() REPRESENTATION_CONTEXT('2D SPACE',''
  ) );
#3980 = PCURVE('',#3969,#3981);
#3981 = DEFINITIONAL_REPRESENTATION('',(#3982),#3986);
#3982 = LINE('',#3983,#3984);
#3983 = CARTESIAN_POINT('',(-6.28318530718,0.));
#3984 = VECTOR('',#3985,1.);
#3985 = DIRECTION('',(-0.,-1.));
#3986 = ( GEOMETRIC_REPRESENTATION_CONTEXT(2) 
PARAMETRIC_REPRESENTATION_CONTEXT() REPRESENTATION_CONTEXT('2D SPACE',''
  ) );
#3987 = ORIENTED_EDGE('',*,*,#3988,.T.);
#3988 = EDGE_CURVE('',#3961,#3961,#3989,.T.);
#3989 = SURFACE_CURVE('',#3990,(#3995,#4002),.PCURVE_S1.);
#3990 = CIRCLE('',#3991,405.);
#3991 = AXIS2_PLACEMENT_3D('',#3992,#3993,#3994);
#3992 = CARTESIAN_POINT('',(-2.443E+04,717.5,405.));
#3993 = DIRECTION('',(1.,-0.,1.110223024625E-16));
#3994 = DIRECTION('',(1.110223024625E-16,0.,-1.));
#3995 = PCURVE('',#3969,#3996);
#3996 = DEFINITIONAL_REPRESENTATION('',(#3997),#4001);
#3997 = LINE('',#3998,#3999);
#3998 = CARTESIAN_POINT('',(-0.,-120.));
#3999 = VECTOR('',#4000,1.);
#4000 = DIRECTION('',(-1.,0.));
#4001 = ( GEOMETRIC_REPRESENTATION_CONTEXT(2) 
PARAMETRIC_REPRESENTATION_CONTEXT() REPRESENTATION_CONTEXT('2D SPACE',''
  ) );
#4002 = PCURVE('',#4003,#4008);
#4003 = PLANE('',#4004);
#4004 = AXIS2_PLACEMENT_3D('',#4005,#4006,#4007);
#4005 = CARTESIAN_POINT('',(-2.443E+04,717.5,405.));
#4006 = DIRECTION('',(1.,0.,1.110223024625E-16));
#4007 = DIRECTION('',(1.110223024625E-16,0.,-1.));
#4008 = DEFINITIONAL_REPRESENTATION('',(#4009),#4013);
#4009 = CIRCLE('',#4010,405.);
#4010 = AXIS2_PLACEMENT_2D('',#4011,#4012);
#4011 = CARTESIAN_POINT('',(5.684341886081E-14,0.));
#4012 = DIRECTION('',(1.,0.));
#4013 = ( GEOMETRIC_REPRESENTATION_CONTEXT(2) 
PARAMETRIC_REPRESENTATION_CONTEXT() REPRESENTATION_CONTEXT('2D SPACE',''
  ) );
#4014 = ORIENTED_EDGE('',*,*,#3958,.F.);
#4015 = ORIENTED_EDGE('',*,*,#4016,.F.);
#4016 = EDGE_CURVE('',#3959,#3959,#4017,.T.);
#4017 = SURFACE_CURVE('',#4018,(#4023,#4030),.PCURVE_S1.);
#4018 = CIRCLE('',#4019,405.);
#4019 = AXIS2_PLACEMENT_3D('',#4020,#4021,#4022);
#4020 = CARTESIAN_POINT('',(-2.455E+04,717.5,405.));
#4021 = DIRECTION('',(1.,-0.,1.110223024625E-16));
#4022 = DIRECTION('',(1.110223024625E-16,0.,-1.));
#4023 = PCURVE('',#3969,#4024);
#4024 = DEFINITIONAL_REPRESENTATION('',(#4025),#4029);
#4025 = LINE('',#4026,#4027);
#4026 = CARTESIAN_POINT('',(-0.,0.));
#4027 = VECTOR('',#4028,1.);
#4028 = DIRECTION('',(-1.,0.));
#4029 = ( GEOMETRIC_REPRESENTATION_CONTEXT(2) 
PARAMETRIC_REPRESENTATION_CONTEXT() REPRESENTATION_CONTEXT('2D SPACE',''
  ) );
#4030 = PCURVE('',#4031,#4036);
#4031 = PLANE('',#4032);
#4032 = AXIS2_PLACEMENT_3D('',#4033,#4034,#4035);
#4033 = CARTESIAN_POINT('',(-2.455E+04,717.5,405.));
#4034 = DIRECTION('',(1.,0.,1.110223024625E-16));
#4035 = DIRECTION('',(1.110223024625E-16,0.,-1.));
#4036 = DEFINITIONAL_REPRESENTATION('',(#4037),#4041);
#4037 = CIRCLE('',#4038,405.);
#4038 = AXIS2_PLACEMENT_2D('',#4039,#4040);
#4039 = CARTESIAN_POINT('',(0.,0.));
#4040 = DIRECTION('',(1.,0.));
#4041 = ( GEOMETRIC_REPRESENTATION_CONTEXT(2) 
PARAMETRIC_REPRESENTATION_CONTEXT() REPRESENTATION_CONTEXT('2D SPACE',''
  ) );
#4042 = ADVANCED_FACE('',(#4043),#4031,.F.);
#4043 = FACE_BOUND('',#4044,.F.);
#4044 = EDGE_LOOP('',(#4045));
#4045 = ORIENTED_EDGE('',*,*,#4016,.T.);
#4046 = ADVANCED_FACE('',(#4047),#4003,.T.);
#4047 = FACE_BOUND('',#4048,.T.);
#4048 = EDGE_LOOP('',(#4049));
#4049 = ORIENTED_EDGE('',*,*,#3988,.T.);
#4050 = ( GEOMETRIC_REPRESENTATION_CONTEXT(3) 
GLOBAL_UNCERTAINTY_ASSIGNED_CONTEXT((#4054)) 
GLOBAL_UNIT_ASSIGNED_CONTEXT((#4051,#4052,#4053)) REPRESENTATION_CONTEXT
('Context #1','3D Context with UNIT and UNCERTAINTY') );
#4051 = ( LENGTH_UNIT() NAMED_UNIT(*) SI_UNIT(.MILLI.,.METRE.) );
#4052 = ( NAMED_UNIT(*) PLANE_ANGLE_UNIT() SI_UNIT($,.RADIAN.) );
#4053 = ( NAMED_UNIT(*) SI_UNIT($,.STERADIAN.) SOLID_ANGLE_UNIT() );
#4054 = UNCERTAINTY_MEASURE_WITH_UNIT(LENGTH_MEASURE(1.E-07),#4051,
  'distance_accuracy_value','confusion accuracy');
#4055 = CONTEXT_DEPENDENT_SHAPE_REPRESENTATION(#4056,#4058);
#4056 = ( REPRESENTATION_RELATIONSHIP('','',#3951,#3928) 
REPRESENTATION_RELATIONSHIP_WITH_TRANSFORMATION(#4057) 
SHAPE_REPRESENTATION_RELATIONSHIP() );
#4057 = ITEM_DEFINED_TRANSFORMATION('','',#11,#3929);
#4058 = PRODUCT_DEFINITION_SHAPE('Placement','Placement of an item',
  #4059);
#4059 = NEXT_ASSEMBLY_USAGE_OCCURRENCE('1131','=>[0:1:1:27]','',#3923,
  #3946,$);
#4060 = PRODUCT_RELATED_PRODUCT_CATEGORY('part',$,(#3948));
#4061 = SHAPE_DEFINITION_REPRESENTATION(#4062,#4068);
#4062 = PRODUCT_DEFINITION_SHAPE('','',#4063);
#4063 = PRODUCT_DEFINITION('design','',#4064,#4067);
#4064 = PRODUCT_DEFINITION_FORMATION('','',#4065);
#4065 = PRODUCT('Car body (cabless)','Car body (cabless)','',(#4066));
#4066 = PRODUCT_CONTEXT('',#2,'mechanical');
#4067 = PRODUCT_DEFINITION_CONTEXT('part definition',#2,'design');
#4068 = SHAPE_REPRESENTATION('',(#11,#4069),#4073);
#4069 = AXIS2_PLACEMENT_3D('',#4070,#4071,#4072);
#4070 = CARTESIAN_POINT('',(0.,0.,0.));
#4071 = DIRECTION('',(0.,0.,1.));
#4072 = DIRECTION('',(1.,0.,-0.));
#4073 = ( GEOMETRIC_REPRESENTATION_CONTEXT(3) 
GLOBAL_UNCERTAINTY_ASSIGNED_CONTEXT((#4077)) 
GLOBAL_UNIT_ASSIGNED_CONTEXT((#4074,#4075,#4076)) REPRESENTATION_CONTEXT
('Context #1','3D Context with UNIT and UNCERTAINTY') );
#4074 = ( LENGTH_UNIT() NAMED_UNIT(*) SI_UNIT(.MILLI.,.METRE.) );
#4075 = ( NAMED_UNIT(*) PLANE_ANGLE_UNIT() SI_UNIT($,.RADIAN.) );
#4076 = ( NAMED_UNIT(*) SI_UNIT($,.STERADIAN.) SOLID_ANGLE_UNIT() );
#4077 = UNCERTAINTY_MEASURE_WITH_UNIT(LENGTH_MEASURE(1.E-07),#4074,
  'distance_accuracy_value','confusion accuracy');
#4078 = CONTEXT_DEPENDENT_SHAPE_REPRESENTATION(#4079,#4081);
#4079 = ( REPRESENTATION_RELATIONSHIP('','',#4068,#10) 
REPRESENTATION_RELATIONSHIP_WITH_TRANSFORMATION(#4080) 
SHAPE_REPRESENTATION_RELATIONSHIP() );
#4080 = ITEM_DEFINED_TRANSFORMATION('','',#11,#31);
#4081 = PRODUCT_DEFINITION_SHAPE('Placement','Placement of an item',
  #4082);
#4082 = NEXT_ASSEMBLY_USAGE_OCCURRENCE('1135','=>[0:1:1:28]','',#5,#4063
  ,$);
#4083 = PRODUCT_RELATED_PRODUCT_CATEGORY('part',$,(#4065));
#4084 = SHAPE_DEFINITION_REPRESENTATION(#4085,#4091);
#4085 = PRODUCT_DEFINITION_SHAPE('','',#4086);
#4086 = PRODUCT_DEFINITION('design','',#4087,#4090);
#4087 = PRODUCT_DEFINITION_FORMATION('','',#4088);
#4088 = PRODUCT('SOLID','SOLID','',(#4089));
#4089 = PRODUCT_CONTEXT('',#2,'mechanical');
#4090 = PRODUCT_DEFINITION_CONTEXT('part definition',#2,'design');
#4091 = ADVANCED_BREP_SHAPE_REPRESENTATION('',(#11,#4092),#5388);
#4092 = MANIFOLD_SOLID_BREP('',#4093);
#4093 = CLOSED_SHELL('',(#4094,#4214,#4632,#4703,#4730,#4757,#4764,#4840
    ,#4889,#4938,#4965,#5041,#5090,#5139,#5166,#5242,#5291,#5340,#5367,
    #5374,#5381));
#4094 = ADVANCED_FACE('',(#4095),#4109,.T.);
#4095 = FACE_BOUND('',#4096,.T.);
#4096 = EDGE_LOOP('',(#4097,#4132,#4160,#4188));
#4097 = ORIENTED_EDGE('',*,*,#4098,.T.);
#4098 = EDGE_CURVE('',#4099,#4101,#4103,.T.);
#4099 = VERTEX_POINT('',#4100);
#4100 = CARTESIAN_POINT('',(-2.25E+04,-1.325E+03,0.));
#4101 = VERTEX_POINT('',#4102);
#4102 = CARTESIAN_POINT('',(-2.25E+04,-1.325E+03,3.6E+03));
#4103 = SURFACE_CURVE('',#4104,(#4108,#4120),.PCURVE_S1.);
#4104 = LINE('',#4105,#4106);
#4105 = CARTESIAN_POINT('',(-2.25E+04,-1.325E+03,0.));
#4106 = VECTOR('',#4107,1.);
#4107 = DIRECTION('',(0.,0.,1.));
#4108 = PCURVE('',#4109,#4114);
#4109 = PLANE('',#4110);
#4110 = AXIS2_PLACEMENT_3D('',#4111,#4112,#4113);
#4111 = CARTESIAN_POINT('',(-2.25E+04,-1.325E+03,0.));
#4112 = DIRECTION('',(-1.,0.,0.));
#4113 = DIRECTION('',(0.,1.,0.));
#4114 = DEFINITIONAL_REPRESENTATION('',(#4115),#4119);
#4115 = LINE('',#4116,#4117);
#4116 = CARTESIAN_POINT('',(0.,0.));
#4117 = VECTOR('',#4118,1.);
#4118 = DIRECTION('',(0.,-1.));
#4119 = ( GEOMETRIC_REPRESENTATION_CONTEXT(2) 
PARAMETRIC_REPRESENTATION_CONTEXT() REPRESENTATION_CONTEXT('2D SPACE',''
  ) );
#4120 = PCURVE('',#4121,#4126);
#4121 = PLANE('',#4122);
#4122 = AXIS2_PLACEMENT_3D('',#4123,#4124,#4125);
#4123 = CARTESIAN_POINT('',(-2.25E+04,-1.325E+03,0.));
#4124 = DIRECTION('',(0.,1.,0.));
#4125 = DIRECTION('',(1.,0.,0.));
#4126 = DEFINITIONAL_REPRESENTATION('',(#4127),#4131);
#4127 = LINE('',#4128,#4129);
#4128 = CARTESIAN_POINT('',(0.,0.));
#4129 = VECTOR('',#4130,1.);
#4130 = DIRECTION('',(0.,-1.));
#4131 = ( GEOMETRIC_REPRESENTATION_CONTEXT(2) 
PARAMETRIC_REPRESENTATION_CONTEXT() REPRESENTATION_CONTEXT('2D SPACE',''
  ) );
#4132 = ORIENTED_EDGE('',*,*,#4133,.T.);
#4133 = EDGE_CURVE('',#4101,#4134,#4136,.T.);
#4134 = VERTEX_POINT('',#4135);
#4135 = CARTESIAN_POINT('',(-2.25E+04,1.325E+03,3.6E+03));
#4136 = SURFACE_CURVE('',#4137,(#4141,#4148),.PCURVE_S1.);
#4137 = LINE('',#4138,#4139);
#4138 = CARTESIAN_POINT('',(-2.25E+04,0.,3.6E+03));
#4139 = VECTOR('',#4140,1.);
#4140 = DIRECTION('',(0.,1.,0.));
#4141 = PCURVE('',#4109,#4142);
#4142 = DEFINITIONAL_REPRESENTATION('',(#4143),#4147);
#4143 = LINE('',#4144,#4145);
#4144 = CARTESIAN_POINT('',(1.325E+03,-3.6E+03));
#4145 = VECTOR('',#4146,1.);
#4146 = DIRECTION('',(1.,0.));
#4147 = ( GEOMETRIC_REPRESENTATION_CONTEXT(2) 
PARAMETRIC_REPRESENTATION_CONTEXT() REPRESENTATION_CONTEXT('2D SPACE',''
  ) );
#4148 = PCURVE('',#4149,#4154);
#4149 = PLANE('',#4150);
#4150 = AXIS2_PLACEMENT_3D('',#4151,#4152,#4153);
#4151 = CARTESIAN_POINT('',(-1.15E+04,0.,3.6E+03));
#4152 = DIRECTION('',(0.,0.,1.));
#4153 = DIRECTION('',(1.,0.,0.));
#4154 = DEFINITIONAL_REPRESENTATION('',(#4155),#4159);
#4155 = LINE('',#4156,#4157);
#4156 = CARTESIAN_POINT('',(-1.1E+04,0.));
#4157 = VECTOR('',#4158,1.);
#4158 = DIRECTION('',(0.,1.));
#4159 = ( GEOMETRIC_REPRESENTATION_CONTEXT(2) 
PARAMETRIC_REPRESENTATION_CONTEXT() REPRESENTATION_CONTEXT('2D SPACE',''
  ) );
#4160 = ORIENTED_EDGE('',*,*,#4161,.F.);
#4161 = EDGE_CURVE('',#4162,#4134,#4164,.T.);
#4162 = VERTEX_POINT('',#4163);
#4163 = CARTESIAN_POINT('',(-2.25E+04,1.325E+03,0.));
#4164 = SURFACE_CURVE('',#4165,(#4169,#4176),.PCURVE_S1.);
#4165 = LINE('',#4166,#4167);
#4166 = CARTESIAN_POINT('',(-2.25E+04,1.325E+03,0.));
#4167 = VECTOR('',#4168,1.);
#4168 = DIRECTION('',(0.,0.,1.));
#4169 = PCURVE('',#4109,#4170);
#4170 = DEFINITIONAL_REPRESENTATION('',(#4171),#4175);
#4171 = LINE('',#4172,#4173);
#4172 = CARTESIAN_POINT('',(2.65E+03,0.));
#4173 = VECTOR('',#4174,1.);
#4174 = DIRECTION('',(0.,-1.));
#4175 = ( GEOMETRIC_REPRESENTATION_CONTEXT(2) 
PARAMETRIC_REPRESENTATION_CONTEXT() REPRESENTATION_CONTEXT('2D SPACE',''
  ) );
#4176 = PCURVE('',#4177,#4182);
#4177 = PLANE('',#4178);
#4178 = AXIS2_PLACEMENT_3D('',#4179,#4180,#4181);
#4179 = CARTESIAN_POINT('',(-2.25E+04,1.325E+03,0.));
#4180 = DIRECTION('',(0.,1.,0.));
#4181 = DIRECTION('',(1.,0.,0.));
#4182 = DEFINITIONAL_REPRESENTATION('',(#4183),#4187);
#4183 = LINE('',#4184,#4185);
#4184 = CARTESIAN_POINT('',(0.,0.));
#4185 = VECTOR('',#4186,1.);
#4186 = DIRECTION('',(0.,-1.));
#4187 = ( GEOMETRIC_REPRESENTATION_CONTEXT(2) 
PARAMETRIC_REPRESENTATION_CONTEXT() REPRESENTATION_CONTEXT('2D SPACE',''
  ) );
#4188 = ORIENTED_EDGE('',*,*,#4189,.F.);
#4189 = EDGE_CURVE('',#4099,#4162,#4190,.T.);
#4190 = SURFACE_CURVE('',#4191,(#4195,#4202),.PCURVE_S1.);
#4191 = LINE('',#4192,#4193);
#4192 = CARTESIAN_POINT('',(-2.25E+04,0.,0.));
#4193 = VECTOR('',#4194,1.);
#4194 = DIRECTION('',(0.,1.,0.));
#4195 = PCURVE('',#4109,#4196);
#4196 = DEFINITIONAL_REPRESENTATION('',(#4197),#4201);
#4197 = LINE('',#4198,#4199);
#4198 = CARTESIAN_POINT('',(1.325E+03,0.));
#4199 = VECTOR('',#4200,1.);
#4200 = DIRECTION('',(1.,0.));
#4201 = ( GEOMETRIC_REPRESENTATION_CONTEXT(2) 
PARAMETRIC_REPRESENTATION_CONTEXT() REPRESENTATION_CONTEXT('2D SPACE',''
  ) );
#4202 = PCURVE('',#4203,#4208);
#4203 = PLANE('',#4204);
#4204 = AXIS2_PLACEMENT_3D('',#4205,#4206,#4207);
#4205 = CARTESIAN_POINT('',(-1.15E+04,0.,0.));
#4206 = DIRECTION('',(0.,0.,1.));
#4207 = DIRECTION('',(1.,0.,0.));
#4208 = DEFINITIONAL_REPRESENTATION('',(#4209),#4213);
#4209 = LINE('',#4210,#4211);
#4210 = CARTESIAN_POINT('',(-1.1E+04,0.));
#4211 = VECTOR('',#4212,1.);
#4212 = DIRECTION('',(0.,1.));
#4213 = ( GEOMETRIC_REPRESENTATION_CONTEXT(2) 
PARAMETRIC_REPRESENTATION_CONTEXT() REPRESENTATION_CONTEXT('2D SPACE',''
  ) );
#4214 = ADVANCED_FACE('',(#4215,#4290,#4404,#4518),#4121,.F.);
#4215 = FACE_BOUND('',#4216,.F.);
#4216 = EDGE_LOOP('',(#4217,#4218,#4241,#4269));
#4217 = ORIENTED_EDGE('',*,*,#4098,.T.);
#4218 = ORIENTED_EDGE('',*,*,#4219,.T.);
#4219 = EDGE_CURVE('',#4101,#4220,#4222,.T.);
#4220 = VERTEX_POINT('',#4221);
#4221 = CARTESIAN_POINT('',(-500.,-1.325E+03,3.6E+03));
#4222 = SURFACE_CURVE('',#4223,(#4227,#4234),.PCURVE_S1.);
#4223 = LINE('',#4224,#4225);
#4224 = CARTESIAN_POINT('',(-1.15E+04,-1.325E+03,3.6E+03));
#4225 = VECTOR('',#4226,1.);
#4226 = DIRECTION('',(1.,0.,0.));
#4227 = PCURVE('',#4121,#4228);
#4228 = DEFINITIONAL_REPRESENTATION('',(#4229),#4233);
#4229 = LINE('',#4230,#4231);
#4230 = CARTESIAN_POINT('',(1.1E+04,-3.6E+03));
#4231 = VECTOR('',#4232,1.);
#4232 = DIRECTION('',(1.,0.));
#4233 = ( GEOMETRIC_REPRESENTATION_CONTEXT(2) 
PARAMETRIC_REPRESENTATION_CONTEXT() REPRESENTATION_CONTEXT('2D SPACE',''
  ) );
#4234 = PCURVE('',#4149,#4235);
#4235 = DEFINITIONAL_REPRESENTATION('',(#4236),#4240);
#4236 = LINE('',#4237,#4238);
#4237 = CARTESIAN_POINT('',(0.,-1.325E+03));
#4238 = VECTOR('',#4239,1.);
#4239 = DIRECTION('',(1.,0.));
#4240 = ( GEOMETRIC_REPRESENTATION_CONTEXT(2) 
PARAMETRIC_REPRESENTATION_CONTEXT() REPRESENTATION_CONTEXT('2D SPACE',''
  ) );
#4241 = ORIENTED_EDGE('',*,*,#4242,.F.);
#4242 = EDGE_CURVE('',#4243,#4220,#4245,.T.);
#4243 = VERTEX_POINT('',#4244);
#4244 = CARTESIAN_POINT('',(-500.,-1.325E+03,0.));
#4245 = SURFACE_CURVE('',#4246,(#4250,#4257),.PCURVE_S1.);
#4246 = LINE('',#4247,#4248);
#4247 = CARTESIAN_POINT('',(-500.,-1.325E+03,0.));
#4248 = VECTOR('',#4249,1.);
#4249 = DIRECTION('',(0.,0.,1.));
#4250 = PCURVE('',#4121,#4251);
#4251 = DEFINITIONAL_REPRESENTATION('',(#4252),#4256);
#4252 = LINE('',#4253,#4254);
#4253 = CARTESIAN_POINT('',(2.2E+04,0.));
#4254 = VECTOR('',#4255,1.);
#4255 = DIRECTION('',(0.,-1.));
#4256 = ( GEOMETRIC_REPRESENTATION_CONTEXT(2) 
PARAMETRIC_REPRESENTATION_CONTEXT() REPRESENTATION_CONTEXT('2D SPACE',''
  ) );
#4257 = PCURVE('',#4258,#4263);
#4258 = PLANE('',#4259);
#4259 = AXIS2_PLACEMENT_3D('',#4260,#4261,#4262);
#4260 = CARTESIAN_POINT('',(-500.,-1.325E+03,0.));
#4261 = DIRECTION('',(-1.,0.,0.));
#4262 = DIRECTION('',(0.,1.,0.));
#4263 = DEFINITIONAL_REPRESENTATION('',(#4264),#4268);
#4264 = LINE('',#4265,#4266);
#4265 = CARTESIAN_POINT('',(0.,0.));
#4266 = VECTOR('',#4267,1.);
#4267 = DIRECTION('',(0.,-1.));
#4268 = ( GEOMETRIC_REPRESENTATION_CONTEXT(2) 
PARAMETRIC_REPRESENTATION_CONTEXT() REPRESENTATION_CONTEXT('2D SPACE',''
  ) );
#4269 = ORIENTED_EDGE('',*,*,#4270,.F.);
#4270 = EDGE_CURVE('',#4099,#4243,#4271,.T.);
#4271 = SURFACE_CURVE('',#4272,(#4276,#4283),.PCURVE_S1.);
#4272 = LINE('',#4273,#4274);
#4273 = CARTESIAN_POINT('',(-1.15E+04,-1.325E+03,0.));
#4274 = VECTOR('',#4275,1.);
#4275 = DIRECTION('',(1.,0.,0.));
#4276 = PCURVE('',#4121,#4277);
#4277 = DEFINITIONAL_REPRESENTATION('',(#4278),#4282);
#4278 = LINE('',#4279,#4280);
#4279 = CARTESIAN_POINT('',(1.1E+04,0.));
#4280 = VECTOR('',#4281,1.);
#4281 = DIRECTION('',(1.,0.));
#4282 = ( GEOMETRIC_REPRESENTATION_CONTEXT(2) 
PARAMETRIC_REPRESENTATION_CONTEXT() REPRESENTATION_CONTEXT('2D SPACE',''
  ) );
#4283 = PCURVE('',#4203,#4284);
#4284 = DEFINITIONAL_REPRESENTATION('',(#4285),#4289);
#4285 = LINE('',#4286,#4287);
#4286 = CARTESIAN_POINT('',(0.,-1.325E+03));
#4287 = VECTOR('',#4288,1.);
#4288 = DIRECTION('',(1.,0.));
#4289 = ( GEOMETRIC_REPRESENTATION_CONTEXT(2) 
PARAMETRIC_REPRESENTATION_CONTEXT() REPRESENTATION_CONTEXT('2D SPACE',''
  ) );
#4290 = FACE_BOUND('',#4291,.F.);
#4291 = EDGE_LOOP('',(#4292,#4322,#4350,#4378));
#4292 = ORIENTED_EDGE('',*,*,#4293,.F.);
#4293 = EDGE_CURVE('',#4294,#4296,#4298,.T.);
#4294 = VERTEX_POINT('',#4295);
#4295 = CARTESIAN_POINT('',(-1.77E+04,-1.325E+03,1.1E+03));
#4296 = VERTEX_POINT('',#4297);
#4297 = CARTESIAN_POINT('',(-1.77E+04,-1.325E+03,3.1E+03));
#4298 = SURFACE_CURVE('',#4299,(#4303,#4310),.PCURVE_S1.);
#4299 = LINE('',#4300,#4301);
#4300 = CARTESIAN_POINT('',(-1.77E+04,-1.325E+03,550.));
#4301 = VECTOR('',#4302,1.);
#4302 = DIRECTION('',(0.,-0.,1.));
#4303 = PCURVE('',#4121,#4304);
#4304 = DEFINITIONAL_REPRESENTATION('',(#4305),#4309);
#4305 = LINE('',#4306,#4307);
#4306 = CARTESIAN_POINT('',(4.8E+03,-550.));
#4307 = VECTOR('',#4308,1.);
#4308 = DIRECTION('',(0.,-1.));
#4309 = ( GEOMETRIC_REPRESENTATION_CONTEXT(2) 
PARAMETRIC_REPRESENTATION_CONTEXT() REPRESENTATION_CONTEXT('2D SPACE',''
  ) );
#4310 = PCURVE('',#4311,#4316);
#4311 = PLANE('',#4312);
#4312 = AXIS2_PLACEMENT_3D('',#4313,#4314,#4315);
#4313 = CARTESIAN_POINT('',(-1.77E+04,0.,1.1E+03));
#4314 = DIRECTION('',(-1.,0.,0.));
#4315 = DIRECTION('',(0.,0.,1.));
#4316 = DEFINITIONAL_REPRESENTATION('',(#4317),#4321);
#4317 = LINE('',#4318,#4319);
#4318 = CARTESIAN_POINT('',(-550.,-1.325E+03));
#4319 = VECTOR('',#4320,1.);
#4320 = DIRECTION('',(1.,0.));
#4321 = ( GEOMETRIC_REPRESENTATION_CONTEXT(2) 
PARAMETRIC_REPRESENTATION_CONTEXT() REPRESENTATION_CONTEXT('2D SPACE',''
  ) );
#4322 = ORIENTED_EDGE('',*,*,#4323,.T.);
#4323 = EDGE_CURVE('',#4294,#4324,#4326,.T.);
#4324 = VERTEX_POINT('',#4325);
#4325 = CARTESIAN_POINT('',(-1.63E+04,-1.325E+03,1.1E+03));
#4326 = SURFACE_CURVE('',#4327,(#4331,#4338),.PCURVE_S1.);
#4327 = LINE('',#4328,#4329);
#4328 = CARTESIAN_POINT('',(-2.01E+04,-1.325E+03,1.1E+03));
#4329 = VECTOR('',#4330,1.);
#4330 = DIRECTION('',(1.,-0.,0.));
#4331 = PCURVE('',#4121,#4332);
#4332 = DEFINITIONAL_REPRESENTATION('',(#4333),#4337);
#4333 = LINE('',#4334,#4335);
#4334 = CARTESIAN_POINT('',(2.4E+03,-1.1E+03));
#4335 = VECTOR('',#4336,1.);
#4336 = DIRECTION('',(1.,0.));
#4337 = ( GEOMETRIC_REPRESENTATION_CONTEXT(2) 
PARAMETRIC_REPRESENTATION_CONTEXT() REPRESENTATION_CONTEXT('2D SPACE',''
  ) );
#4338 = PCURVE('',#4339,#4344);
#4339 = PLANE('',#4340);
#4340 = AXIS2_PLACEMENT_3D('',#4341,#4342,#4343);
#4341 = CARTESIAN_POINT('',(-1.77E+04,0.,1.1E+03));
#4342 = DIRECTION('',(-0.,0.,1.));
#4343 = DIRECTION('',(1.,0.,0.));
#4344 = DEFINITIONAL_REPRESENTATION('',(#4345),#4349);
#4345 = LINE('',#4346,#4347);
#4346 = CARTESIAN_POINT('',(-2.4E+03,-1.325E+03));
#4347 = VECTOR('',#4348,1.);
#4348 = DIRECTION('',(1.,0.));
#4349 = ( GEOMETRIC_REPRESENTATION_CONTEXT(2) 
PARAMETRIC_REPRESENTATION_CONTEXT() REPRESENTATION_CONTEXT('2D SPACE',''
  ) );
#4350 = ORIENTED_EDGE('',*,*,#4351,.T.);
#4351 = EDGE_CURVE('',#4324,#4352,#4354,.T.);
#4352 = VERTEX_POINT('',#4353);
#4353 = CARTESIAN_POINT('',(-1.63E+04,-1.325E+03,3.1E+03));
#4354 = SURFACE_CURVE('',#4355,(#4359,#4366),.PCURVE_S1.);
#4355 = LINE('',#4356,#4357);
#4356 = CARTESIAN_POINT('',(-1.63E+04,-1.325E+03,550.));
#4357 = VECTOR('',#4358,1.);
#4358 = DIRECTION('',(0.,-0.,1.));
#4359 = PCURVE('',#4121,#4360);
#4360 = DEFINITIONAL_REPRESENTATION('',(#4361),#4365);
#4361 = LINE('',#4362,#4363);
#4362 = CARTESIAN_POINT('',(6.2E+03,-550.));
#4363 = VECTOR('',#4364,1.);
#4364 = DIRECTION('',(0.,-1.));
#4365 = ( GEOMETRIC_REPRESENTATION_CONTEXT(2) 
PARAMETRIC_REPRESENTATION_CONTEXT() REPRESENTATION_CONTEXT('2D SPACE',''
  ) );
#4366 = PCURVE('',#4367,#4372);
#4367 = PLANE('',#4368);
#4368 = AXIS2_PLACEMENT_3D('',#4369,#4370,#4371);
#4369 = CARTESIAN_POINT('',(-1.63E+04,0.,1.1E+03));
#4370 = DIRECTION('',(-1.,0.,0.));
#4371 = DIRECTION('',(0.,0.,1.));
#4372 = DEFINITIONAL_REPRESENTATION('',(#4373),#4377);
#4373 = LINE('',#4374,#4375);
#4374 = CARTESIAN_POINT('',(-550.,-1.325E+03));
#4375 = VECTOR('',#4376,1.);
#4376 = DIRECTION('',(1.,0.));
#4377 = ( GEOMETRIC_REPRESENTATION_CONTEXT(2) 
PARAMETRIC_REPRESENTATION_CONTEXT() REPRESENTATION_CONTEXT('2D SPACE',''
  ) );
#4378 = ORIENTED_EDGE('',*,*,#4379,.F.);
#4379 = EDGE_CURVE('',#4296,#4352,#4380,.T.);
#4380 = SURFACE_CURVE('',#4381,(#4385,#4392),.PCURVE_S1.);
#4381 = LINE('',#4382,#4383);
#4382 = CARTESIAN_POINT('',(-2.01E+04,-1.325E+03,3.1E+03));
#4383 = VECTOR('',#4384,1.);
#4384 = DIRECTION('',(1.,-0.,0.));
#4385 = PCURVE('',#4121,#4386);
#4386 = DEFINITIONAL_REPRESENTATION('',(#4387),#4391);
#4387 = LINE('',#4388,#4389);
#4388 = CARTESIAN_POINT('',(2.4E+03,-3.1E+03));
#4389 = VECTOR('',#4390,1.);
#4390 = DIRECTION('',(1.,0.));
#4391 = ( GEOMETRIC_REPRESENTATION_CONTEXT(2) 
PARAMETRIC_REPRESENTATION_CONTEXT() REPRESENTATION_CONTEXT('2D SPACE',''
  ) );
#4392 = PCURVE('',#4393,#4398);
#4393 = PLANE('',#4394);
#4394 = AXIS2_PLACEMENT_3D('',#4395,#4396,#4397);
#4395 = CARTESIAN_POINT('',(-1.77E+04,0.,3.1E+03));
#4396 = DIRECTION('',(-0.,0.,1.));
#4397 = DIRECTION('',(1.,0.,0.));
#4398 = DEFINITIONAL_REPRESENTATION('',(#4399),#4403);
#4399 = LINE('',#4400,#4401);
#4400 = CARTESIAN_POINT('',(-2.4E+03,-1.325E+03));
#4401 = VECTOR('',#4402,1.);
#4402 = DIRECTION('',(1.,0.));
#4403 = ( GEOMETRIC_REPRESENTATION_CONTEXT(2) 
PARAMETRIC_REPRESENTATION_CONTEXT() REPRESENTATION_CONTEXT('2D SPACE',''
  ) );
#4404 = FACE_BOUND('',#4405,.F.);
#4405 = EDGE_LOOP('',(#4406,#4436,#4464,#4492));
#4406 = ORIENTED_EDGE('',*,*,#4407,.F.);
#4407 = EDGE_CURVE('',#4408,#4410,#4412,.T.);
#4408 = VERTEX_POINT('',#4409);
#4409 = CARTESIAN_POINT('',(-1.22E+04,-1.325E+03,1.1E+03));
#4410 = VERTEX_POINT('',#4411);
#4411 = CARTESIAN_POINT('',(-1.22E+04,-1.325E+03,3.1E+03));
#4412 = SURFACE_CURVE('',#4413,(#4417,#4424),.PCURVE_S1.);
#4413 = LINE('',#4414,#4415);
#4414 = CARTESIAN_POINT('',(-1.22E+04,-1.325E+03,550.));
#4415 = VECTOR('',#4416,1.);
#4416 = DIRECTION('',(0.,-0.,1.));
#4417 = PCURVE('',#4121,#4418);
#4418 = DEFINITIONAL_REPRESENTATION('',(#4419),#4423);
#4419 = LINE('',#4420,#4421);
#4420 = CARTESIAN_POINT('',(1.03E+04,-550.));
#4421 = VECTOR('',#4422,1.);
#4422 = DIRECTION('',(0.,-1.));
#4423 = ( GEOMETRIC_REPRESENTATION_CONTEXT(2) 
PARAMETRIC_REPRESENTATION_CONTEXT() REPRESENTATION_CONTEXT('2D SPACE',''
  ) );
#4424 = PCURVE('',#4425,#4430);
#4425 = PLANE('',#4426);
#4426 = AXIS2_PLACEMENT_3D('',#4427,#4428,#4429);
#4427 = CARTESIAN_POINT('',(-1.22E+04,0.,1.1E+03));
#4428 = DIRECTION('',(-1.,0.,0.));
#4429 = DIRECTION('',(0.,0.,1.));
#4430 = DEFINITIONAL_REPRESENTATION('',(#4431),#4435);
#4431 = LINE('',#4432,#4433);
#4432 = CARTESIAN_POINT('',(-550.,-1.325E+03));
#4433 = VECTOR('',#4434,1.);
#4434 = DIRECTION('',(1.,0.));
#4435 = ( GEOMETRIC_REPRESENTATION_CONTEXT(2) 
PARAMETRIC_REPRESENTATION_CONTEXT() REPRESENTATION_CONTEXT('2D SPACE',''
  ) );
#4436 = ORIENTED_EDGE('',*,*,#4437,.T.);
#4437 = EDGE_CURVE('',#4408,#4438,#4440,.T.);
#4438 = VERTEX_POINT('',#4439);
#4439 = CARTESIAN_POINT('',(-1.08E+04,-1.325E+03,1.1E+03));
#4440 = SURFACE_CURVE('',#4441,(#4445,#4452),.PCURVE_S1.);
#4441 = LINE('',#4442,#4443);
#4442 = CARTESIAN_POINT('',(-1.735E+04,-1.325E+03,1.1E+03));
#4443 = VECTOR('',#4444,1.);
#4444 = DIRECTION('',(1.,-0.,0.));
#4445 = PCURVE('',#4121,#4446);
#4446 = DEFINITIONAL_REPRESENTATION('',(#4447),#4451);
#4447 = LINE('',#4448,#4449);
#4448 = CARTESIAN_POINT('',(5.15E+03,-1.1E+03));
#4449 = VECTOR('',#4450,1.);
#4450 = DIRECTION('',(1.,0.));
#4451 = ( GEOMETRIC_REPRESENTATION_CONTEXT(2) 
PARAMETRIC_REPRESENTATION_CONTEXT() REPRESENTATION_CONTEXT('2D SPACE',''
  ) );
#4452 = PCURVE('',#4453,#4458);
#4453 = PLANE('',#4454);
#4454 = AXIS2_PLACEMENT_3D('',#4455,#4456,#4457);
#4455 = CARTESIAN_POINT('',(-1.22E+04,0.,1.1E+03));
#4456 = DIRECTION('',(-0.,0.,1.));
#4457 = DIRECTION('',(1.,0.,0.));
#4458 = DEFINITIONAL_REPRESENTATION('',(#4459),#4463);
#4459 = LINE('',#4460,#4461);
#4460 = CARTESIAN_POINT('',(-5.15E+03,-1.325E+03));
#4461 = VECTOR('',#4462,1.);
#4462 = DIRECTION('',(1.,0.));
#4463 = ( GEOMETRIC_REPRESENTATION_CONTEXT(2) 
PARAMETRIC_REPRESENTATION_CONTEXT() REPRESENTATION_CONTEXT('2D SPACE',''
  ) );
#4464 = ORIENTED_EDGE('',*,*,#4465,.T.);
#4465 = EDGE_CURVE('',#4438,#4466,#4468,.T.);
#4466 = VERTEX_POINT('',#4467);
#4467 = CARTESIAN_POINT('',(-1.08E+04,-1.325E+03,3.1E+03));
#4468 = SURFACE_CURVE('',#4469,(#4473,#4480),.PCURVE_S1.);
#4469 = LINE('',#4470,#4471);
#4470 = CARTESIAN_POINT('',(-1.08E+04,-1.325E+03,550.));
#4471 = VECTOR('',#4472,1.);
#4472 = DIRECTION('',(0.,-0.,1.));
#4473 = PCURVE('',#4121,#4474);
#4474 = DEFINITIONAL_REPRESENTATION('',(#4475),#4479);
#4475 = LINE('',#4476,#4477);
#4476 = CARTESIAN_POINT('',(1.17E+04,-550.));
#4477 = VECTOR('',#4478,1.);
#4478 = DIRECTION('',(0.,-1.));
#4479 = ( GEOMETRIC_REPRESENTATION_CONTEXT(2) 
PARAMETRIC_REPRESENTATION_CONTEXT() REPRESENTATION_CONTEXT('2D SPACE',''
  ) );
#4480 = PCURVE('',#4481,#4486);
#4481 = PLANE('',#4482);
#4482 = AXIS2_PLACEMENT_3D('',#4483,#4484,#4485);
#4483 = CARTESIAN_POINT('',(-1.08E+04,0.,1.1E+03));
#4484 = DIRECTION('',(-1.,0.,0.));
#4485 = DIRECTION('',(0.,0.,1.));
#4486 = DEFINITIONAL_REPRESENTATION('',(#4487),#4491);
#4487 = LINE('',#4488,#4489);
#4488 = CARTESIAN_POINT('',(-550.,-1.325E+03));
#4489 = VECTOR('',#4490,1.);
#4490 = DIRECTION('',(1.,0.));
#4491 = ( GEOMETRIC_REPRESENTATION_CONTEXT(2) 
PARAMETRIC_REPRESENTATION_CONTEXT() REPRESENTATION_CONTEXT('2D SPACE',''
  ) );
#4492 = ORIENTED_EDGE('',*,*,#4493,.F.);
#4493 = EDGE_CURVE('',#4410,#4466,#4494,.T.);
#4494 = SURFACE_CURVE('',#4495,(#4499,#4506),.PCURVE_S1.);
#4495 = LINE('',#4496,#4497);
#4496 = CARTESIAN_POINT('',(-1.735E+04,-1.325E+03,3.1E+03));
#4497 = VECTOR('',#4498,1.);
#4498 = DIRECTION('',(1.,-0.,0.));
#4499 = PCURVE('',#4121,#4500);
#4500 = DEFINITIONAL_REPRESENTATION('',(#4501),#4505);
#4501 = LINE('',#4502,#4503);
#4502 = CARTESIAN_POINT('',(5.15E+03,-3.1E+03));
#4503 = VECTOR('',#4504,1.);
#4504 = DIRECTION('',(1.,0.));
#4505 = ( GEOMETRIC_REPRESENTATION_CONTEXT(2) 
PARAMETRIC_REPRESENTATION_CONTEXT() REPRESENTATION_CONTEXT('2D SPACE',''
  ) );
#4506 = PCURVE('',#4507,#4512);
#4507 = PLANE('',#4508);
#4508 = AXIS2_PLACEMENT_3D('',#4509,#4510,#4511);
#4509 = CARTESIAN_POINT('',(-1.22E+04,0.,3.1E+03));
#4510 = DIRECTION('',(-0.,0.,1.));
#4511 = DIRECTION('',(1.,0.,0.));
#4512 = DEFINITIONAL_REPRESENTATION('',(#4513),#4517);
#4513 = LINE('',#4514,#4515);
#4514 = CARTESIAN_POINT('',(-5.15E+03,-1.325E+03));
#4515 = VECTOR('',#4516,1.);
#4516 = DIRECTION('',(1.,0.));
#4517 = ( GEOMETRIC_REPRESENTATION_CONTEXT(2) 
PARAMETRIC_REPRESENTATION_CONTEXT() REPRESENTATION_CONTEXT('2D SPACE',''
  ) );
#4518 = FACE_BOUND('',#4519,.F.);
#4519 = EDGE_LOOP('',(#4520,#4550,#4578,#4606));
#4520 = ORIENTED_EDGE('',*,*,#4521,.F.);
#4521 = EDGE_CURVE('',#4522,#4524,#4526,.T.);
#4522 = VERTEX_POINT('',#4523);
#4523 = CARTESIAN_POINT('',(-6.7E+03,-1.325E+03,1.1E+03));
#4524 = VERTEX_POINT('',#4525);
#4525 = CARTESIAN_POINT('',(-6.7E+03,-1.325E+03,3.1E+03));
#4526 = SURFACE_CURVE('',#4527,(#4531,#4538),.PCURVE_S1.);
#4527 = LINE('',#4528,#4529);
#4528 = CARTESIAN_POINT('',(-6.7E+03,-1.325E+03,550.));
#4529 = VECTOR('',#4530,1.);
#4530 = DIRECTION('',(0.,-0.,1.));
#4531 = PCURVE('',#4121,#4532);
#4532 = DEFINITIONAL_REPRESENTATION('',(#4533),#4537);
#4533 = LINE('',#4534,#4535);
#4534 = CARTESIAN_POINT('',(1.58E+04,-550.));
#4535 = VECTOR('',#4536,1.);
#4536 = DIRECTION('',(0.,-1.));
#4537 = ( GEOMETRIC_REPRESENTATION_CONTEXT(2) 
PARAMETRIC_REPRESENTATION_CONTEXT() REPRESENTATION_CONTEXT('2D SPACE',''
  ) );
#4538 = PCURVE('',#4539,#4544);
#4539 = PLANE('',#4540);
#4540 = AXIS2_PLACEMENT_3D('',#4541,#4542,#4543);
#4541 = CARTESIAN_POINT('',(-6.7E+03,0.,1.1E+03));
#4542 = DIRECTION('',(-1.,0.,0.));
#4543 = DIRECTION('',(0.,0.,1.));
#4544 = DEFINITIONAL_REPRESENTATION('',(#4545),#4549);
#4545 = LINE('',#4546,#4547);
#4546 = CARTESIAN_POINT('',(-550.,-1.325E+03));
#4547 = VECTOR('',#4548,1.);
#4548 = DIRECTION('',(1.,0.));
#4549 = ( GEOMETRIC_REPRESENTATION_CONTEXT(2) 
PARAMETRIC_REPRESENTATION_CONTEXT() REPRESENTATION_CONTEXT('2D SPACE',''
  ) );
#4550 = ORIENTED_EDGE('',*,*,#4551,.T.);
#4551 = EDGE_CURVE('',#4522,#4552,#4554,.T.);
#4552 = VERTEX_POINT('',#4553);
#4553 = CARTESIAN_POINT('',(-5.3E+03,-1.325E+03,1.1E+03));
#4554 = SURFACE_CURVE('',#4555,(#4559,#4566),.PCURVE_S1.);
#4555 = LINE('',#4556,#4557);
#4556 = CARTESIAN_POINT('',(-1.46E+04,-1.325E+03,1.1E+03));
#4557 = VECTOR('',#4558,1.);
#4558 = DIRECTION('',(1.,-0.,0.));
#4559 = PCURVE('',#4121,#4560);
#4560 = DEFINITIONAL_REPRESENTATION('',(#4561),#4565);
#4561 = LINE('',#4562,#4563);
#4562 = CARTESIAN_POINT('',(7.9E+03,-1.1E+03));
#4563 = VECTOR('',#4564,1.);
#4564 = DIRECTION('',(1.,0.));
#4565 = ( GEOMETRIC_REPRESENTATION_CONTEXT(2) 
PARAMETRIC_REPRESENTATION_CONTEXT() REPRESENTATION_CONTEXT('2D SPACE',''
  ) );
#4566 = PCURVE('',#4567,#4572);
#4567 = PLANE('',#4568);
#4568 = AXIS2_PLACEMENT_3D('',#4569,#4570,#4571);
#4569 = CARTESIAN_POINT('',(-6.7E+03,0.,1.1E+03));
#4570 = DIRECTION('',(-0.,0.,1.));
#4571 = DIRECTION('',(1.,0.,0.));
#4572 = DEFINITIONAL_REPRESENTATION('',(#4573),#4577);
#4573 = LINE('',#4574,#4575);
#4574 = CARTESIAN_POINT('',(-7.9E+03,-1.325E+03));
#4575 = VECTOR('',#4576,1.);
#4576 = DIRECTION('',(1.,0.));
#4577 = ( GEOMETRIC_REPRESENTATION_CONTEXT(2) 
PARAMETRIC_REPRESENTATION_CONTEXT() REPRESENTATION_CONTEXT('2D SPACE',''
  ) );
#4578 = ORIENTED_EDGE('',*,*,#4579,.T.);
#4579 = EDGE_CURVE('',#4552,#4580,#4582,.T.);
#4580 = VERTEX_POINT('',#4581);
#4581 = CARTESIAN_POINT('',(-5.3E+03,-1.325E+03,3.1E+03));
#4582 = SURFACE_CURVE('',#4583,(#4587,#4594),.PCURVE_S1.);
#4583 = LINE('',#4584,#4585);
#4584 = CARTESIAN_POINT('',(-5.3E+03,-1.325E+03,550.));
#4585 = VECTOR('',#4586,1.);
#4586 = DIRECTION('',(0.,-0.,1.));
#4587 = PCURVE('',#4121,#4588);
#4588 = DEFINITIONAL_REPRESENTATION('',(#4589),#4593);
#4589 = LINE('',#4590,#4591);
#4590 = CARTESIAN_POINT('',(1.72E+04,-550.));
#4591 = VECTOR('',#4592,1.);
#4592 = DIRECTION('',(0.,-1.));
#4593 = ( GEOMETRIC_REPRESENTATION_CONTEXT(2) 
PARAMETRIC_REPRESENTATION_CONTEXT() REPRESENTATION_CONTEXT('2D SPACE',''
  ) );
#4594 = PCURVE('',#4595,#4600);
#4595 = PLANE('',#4596);
#4596 = AXIS2_PLACEMENT_3D('',#4597,#4598,#4599);
#4597 = CARTESIAN_POINT('',(-5.3E+03,0.,1.1E+03));
#4598 = DIRECTION('',(-1.,0.,0.));
#4599 = DIRECTION('',(0.,0.,1.));
#4600 = DEFINITIONAL_REPRESENTATION('',(#4601),#4605);
#4601 = LINE('',#4602,#4603);
#4602 = CARTESIAN_POINT('',(-550.,-1.325E+03));
#4603 = VECTOR('',#4604,1.);
#4604 = DIRECTION('',(1.,0.));
#4605 = ( GEOMETRIC_REPRESENTATION_CONTEXT(2) 
PARAMETRIC_REPRESENTATION_CONTEXT() REPRESENTATION_CONTEXT('2D SPACE',''
  ) );
#4606 = ORIENTED_EDGE('',*,*,#4607,.F.);
#4607 = EDGE_CURVE('',#4524,#4580,#4608,.T.);
#4608 = SURFACE_CURVE('',#4609,(#4613,#4620),.PCURVE_S1.);
#4609 = LINE('',#4610,#4611);
#4610 = CARTESIAN_POINT('',(-1.46E+04,-1.325E+03,3.1E+03));
#4611 = VECTOR('',#4612,1.);
#4612 = DIRECTION('',(1.,-0.,0.));
#4613 = PCURVE('',#4121,#4614);
#4614 = DEFINITIONAL_REPRESENTATION('',(#4615),#4619);
#4615 = LINE('',#4616,#4617);
#4616 = CARTESIAN_POINT('',(7.9E+03,-3.1E+03));
#4617 = VECTOR('',#4618,1.);
#4618 = DIRECTION('',(1.,0.));
#4619 = ( GEOMETRIC_REPRESENTATION_CONTEXT(2) 
PARAMETRIC_REPRESENTATION_CONTEXT() REPRESENTATION_CONTEXT('2D SPACE',''
  ) );
#4620 = PCURVE('',#4621,#4626);
#4621 = PLANE('',#4622);
#4622 = AXIS2_PLACEMENT_3D('',#4623,#4624,#4625);
#4623 = CARTESIAN_POINT('',(-6.7E+03,0.,3.1E+03));
#4624 = DIRECTION('',(-0.,0.,1.));
#4625 = DIRECTION('',(1.,0.,0.));
#4626 = DEFINITIONAL_REPRESENTATION('',(#4627),#4631);
#4627 = LINE('',#4628,#4629);
#4628 = CARTESIAN_POINT('',(-7.9E+03,-1.325E+03));
#4629 = VECTOR('',#4630,1.);
#4630 = DIRECTION('',(1.,0.));
#4631 = ( GEOMETRIC_REPRESENTATION_CONTEXT(2) 
PARAMETRIC_REPRESENTATION_CONTEXT() REPRESENTATION_CONTEXT('2D SPACE',''
  ) );
#4632 = ADVANCED_FACE('',(#4633),#4177,.T.);
#4633 = FACE_BOUND('',#4634,.T.);
#4634 = EDGE_LOOP('',(#4635,#4636,#4659,#4682));
#4635 = ORIENTED_EDGE('',*,*,#4161,.T.);
#4636 = ORIENTED_EDGE('',*,*,#4637,.T.);
#4637 = EDGE_CURVE('',#4134,#4638,#4640,.T.);
#4638 = VERTEX_POINT('',#4639);
#4639 = CARTESIAN_POINT('',(-500.,1.325E+03,3.6E+03));
#4640 = SURFACE_CURVE('',#4641,(#4645,#4652),.PCURVE_S1.);
#4641 = LINE('',#4642,#4643);
#4642 = CARTESIAN_POINT('',(-1.15E+04,1.325E+03,3.6E+03));
#4643 = VECTOR('',#4644,1.);
#4644 = DIRECTION('',(1.,0.,0.));
#4645 = PCURVE('',#4177,#4646);
#4646 = DEFINITIONAL_REPRESENTATION('',(#4647),#4651);
#4647 = LINE('',#4648,#4649);
#4648 = CARTESIAN_POINT('',(1.1E+04,-3.6E+03));
#4649 = VECTOR('',#4650,1.);
#4650 = DIRECTION('',(1.,0.));
#4651 = ( GEOMETRIC_REPRESENTATION_CONTEXT(2) 
PARAMETRIC_REPRESENTATION_CONTEXT() REPRESENTATION_CONTEXT('2D SPACE',''
  ) );
#4652 = PCURVE('',#4149,#4653);
#4653 = DEFINITIONAL_REPRESENTATION('',(#4654),#4658);
#4654 = LINE('',#4655,#4656);
#4655 = CARTESIAN_POINT('',(0.,1.325E+03));
#4656 = VECTOR('',#4657,1.);
#4657 = DIRECTION('',(1.,0.));
#4658 = ( GEOMETRIC_REPRESENTATION_CONTEXT(2) 
PARAMETRIC_REPRESENTATION_CONTEXT() REPRESENTATION_CONTEXT('2D SPACE',''
  ) );
#4659 = ORIENTED_EDGE('',*,*,#4660,.F.);
#4660 = EDGE_CURVE('',#4661,#4638,#4663,.T.);
#4661 = VERTEX_POINT('',#4662);
#4662 = CARTESIAN_POINT('',(-500.,1.325E+03,0.));
#4663 = SURFACE_CURVE('',#4664,(#4668,#4675),.PCURVE_S1.);
#4664 = LINE('',#4665,#4666);
#4665 = CARTESIAN_POINT('',(-500.,1.325E+03,0.));
#4666 = VECTOR('',#4667,1.);
#4667 = DIRECTION('',(0.,0.,1.));
#4668 = PCURVE('',#4177,#4669);
#4669 = DEFINITIONAL_REPRESENTATION('',(#4670),#4674);
#4670 = LINE('',#4671,#4672);
#4671 = CARTESIAN_POINT('',(2.2E+04,0.));
#4672 = VECTOR('',#4673,1.);
#4673 = DIRECTION('',(0.,-1.));
#4674 = ( GEOMETRIC_REPRESENTATION_CONTEXT(2) 
PARAMETRIC_REPRESENTATION_CONTEXT() REPRESENTATION_CONTEXT('2D SPACE',''
  ) );
#4675 = PCURVE('',#4258,#4676);
#4676 = DEFINITIONAL_REPRESENTATION('',(#4677),#4681);
#4677 = LINE('',#4678,#4679);
#4678 = CARTESIAN_POINT('',(2.65E+03,0.));
#4679 = VECTOR('',#4680,1.);
#4680 = DIRECTION('',(0.,-1.));
#4681 = ( GEOMETRIC_REPRESENTATION_CONTEXT(2) 
PARAMETRIC_REPRESENTATION_CONTEXT() REPRESENTATION_CONTEXT('2D SPACE',''
  ) );
#4682 = ORIENTED_EDGE('',*,*,#4683,.F.);
#4683 = EDGE_CURVE('',#4162,#4661,#4684,.T.);
#4684 = SURFACE_CURVE('',#4685,(#4689,#4696),.PCURVE_S1.);
#4685 = LINE('',#4686,#4687);
#4686 = CARTESIAN_POINT('',(-1.15E+04,1.325E+03,0.));
#4687 = VECTOR('',#4688,1.);
#4688 = DIRECTION('',(1.,0.,0.));
#4689 = PCURVE('',#4177,#4690);
#4690 = DEFINITIONAL_REPRESENTATION('',(#4691),#4695);
#4691 = LINE('',#4692,#4693);
#4692 = CARTESIAN_POINT('',(1.1E+04,0.));
#4693 = VECTOR('',#4694,1.);
#4694 = DIRECTION('',(1.,0.));
#4695 = ( GEOMETRIC_REPRESENTATION_CONTEXT(2) 
PARAMETRIC_REPRESENTATION_CONTEXT() REPRESENTATION_CONTEXT('2D SPACE',''
  ) );
#4696 = PCURVE('',#4203,#4697);
#4697 = DEFINITIONAL_REPRESENTATION('',(#4698),#4702);
#4698 = LINE('',#4699,#4700);
#4699 = CARTESIAN_POINT('',(0.,1.325E+03));
#4700 = VECTOR('',#4701,1.);
#4701 = DIRECTION('',(1.,0.));
#4702 = ( GEOMETRIC_REPRESENTATION_CONTEXT(2) 
PARAMETRIC_REPRESENTATION_CONTEXT() REPRESENTATION_CONTEXT('2D SPACE',''
  ) );
#4703 = ADVANCED_FACE('',(#4704),#4203,.F.);
#4704 = FACE_BOUND('',#4705,.F.);
#4705 = EDGE_LOOP('',(#4706,#4707,#4708,#4729));
#4706 = ORIENTED_EDGE('',*,*,#4189,.F.);
#4707 = ORIENTED_EDGE('',*,*,#4270,.T.);
#4708 = ORIENTED_EDGE('',*,*,#4709,.T.);
#4709 = EDGE_CURVE('',#4243,#4661,#4710,.T.);
#4710 = SURFACE_CURVE('',#4711,(#4715,#4722),.PCURVE_S1.);
#4711 = LINE('',#4712,#4713);
#4712 = CARTESIAN_POINT('',(-500.,0.,0.));
#4713 = VECTOR('',#4714,1.);
#4714 = DIRECTION('',(0.,1.,0.));
#4715 = PCURVE('',#4203,#4716);
#4716 = DEFINITIONAL_REPRESENTATION('',(#4717),#4721);
#4717 = LINE('',#4718,#4719);
#4718 = CARTESIAN_POINT('',(1.1E+04,0.));
#4719 = VECTOR('',#4720,1.);
#4720 = DIRECTION('',(0.,1.));
#4721 = ( GEOMETRIC_REPRESENTATION_CONTEXT(2) 
PARAMETRIC_REPRESENTATION_CONTEXT() REPRESENTATION_CONTEXT('2D SPACE',''
  ) );
#4722 = PCURVE('',#4258,#4723);
#4723 = DEFINITIONAL_REPRESENTATION('',(#4724),#4728);
#4724 = LINE('',#4725,#4726);
#4725 = CARTESIAN_POINT('',(1.325E+03,0.));
#4726 = VECTOR('',#4727,1.);
#4727 = DIRECTION('',(1.,0.));
#4728 = ( GEOMETRIC_REPRESENTATION_CONTEXT(2) 
PARAMETRIC_REPRESENTATION_CONTEXT() REPRESENTATION_CONTEXT('2D SPACE',''
  ) );
#4729 = ORIENTED_EDGE('',*,*,#4683,.F.);
#4730 = ADVANCED_FACE('',(#4731),#4149,.T.);
#4731 = FACE_BOUND('',#4732,.T.);
#4732 = EDGE_LOOP('',(#4733,#4734,#4735,#4756));
#4733 = ORIENTED_EDGE('',*,*,#4133,.F.);
#4734 = ORIENTED_EDGE('',*,*,#4219,.T.);
#4735 = ORIENTED_EDGE('',*,*,#4736,.T.);
#4736 = EDGE_CURVE('',#4220,#4638,#4737,.T.);
#4737 = SURFACE_CURVE('',#4738,(#4742,#4749),.PCURVE_S1.);
#4738 = LINE('',#4739,#4740);
#4739 = CARTESIAN_POINT('',(-500.,0.,3.6E+03));
#4740 = VECTOR('',#4741,1.);
#4741 = DIRECTION('',(0.,1.,0.));
#4742 = PCURVE('',#4149,#4743);
#4743 = DEFINITIONAL_REPRESENTATION('',(#4744),#4748);
#4744 = LINE('',#4745,#4746);
#4745 = CARTESIAN_POINT('',(1.1E+04,0.));
#4746 = VECTOR('',#4747,1.);
#4747 = DIRECTION('',(0.,1.));
#4748 = ( GEOMETRIC_REPRESENTATION_CONTEXT(2) 
PARAMETRIC_REPRESENTATION_CONTEXT() REPRESENTATION_CONTEXT('2D SPACE',''
  ) );
#4749 = PCURVE('',#4258,#4750);
#4750 = DEFINITIONAL_REPRESENTATION('',(#4751),#4755);
#4751 = LINE('',#4752,#4753);
#4752 = CARTESIAN_POINT('',(1.325E+03,-3.6E+03));
#4753 = VECTOR('',#4754,1.);
#4754 = DIRECTION('',(1.,0.));
#4755 = ( GEOMETRIC_REPRESENTATION_CONTEXT(2) 
PARAMETRIC_REPRESENTATION_CONTEXT() REPRESENTATION_CONTEXT('2D SPACE',''
  ) );
#4756 = ORIENTED_EDGE('',*,*,#4637,.F.);
#4757 = ADVANCED_FACE('',(#4758),#4258,.F.);
#4758 = FACE_BOUND('',#4759,.F.);
#4759 = EDGE_LOOP('',(#4760,#4761,#4762,#4763));
#4760 = ORIENTED_EDGE('',*,*,#4242,.T.);
#4761 = ORIENTED_EDGE('',*,*,#4736,.T.);
#4762 = ORIENTED_EDGE('',*,*,#4660,.F.);
#4763 = ORIENTED_EDGE('',*,*,#4709,.F.);
#4764 = ADVANCED_FACE('',(#4765),#4311,.F.);
#4765 = FACE_BOUND('',#4766,.F.);
#4766 = EDGE_LOOP('',(#4767,#4797,#4818,#4819));
#4767 = ORIENTED_EDGE('',*,*,#4768,.F.);
#4768 = EDGE_CURVE('',#4769,#4771,#4773,.T.);
#4769 = VERTEX_POINT('',#4770);
#4770 = CARTESIAN_POINT('',(-1.77E+04,0.,1.1E+03));
#4771 = VERTEX_POINT('',#4772);
#4772 = CARTESIAN_POINT('',(-1.77E+04,0.,3.1E+03));
#4773 = SURFACE_CURVE('',#4774,(#4778,#4785),.PCURVE_S1.);
#4774 = LINE('',#4775,#4776);
#4775 = CARTESIAN_POINT('',(-1.77E+04,0.,2.1E+03));
#4776 = VECTOR('',#4777,1.);
#4777 = DIRECTION('',(0.,0.,1.));
#4778 = PCURVE('',#4311,#4779);
#4779 = DEFINITIONAL_REPRESENTATION('',(#4780),#4784);
#4780 = LINE('',#4781,#4782);
#4781 = CARTESIAN_POINT('',(1.E+03,0.));
#4782 = VECTOR('',#4783,1.);
#4783 = DIRECTION('',(1.,0.));
#4784 = ( GEOMETRIC_REPRESENTATION_CONTEXT(2) 
PARAMETRIC_REPRESENTATION_CONTEXT() REPRESENTATION_CONTEXT('2D SPACE',''
  ) );
#4785 = PCURVE('',#4786,#4791);
#4786 = PLANE('',#4787);
#4787 = AXIS2_PLACEMENT_3D('',#4788,#4789,#4790);
#4788 = CARTESIAN_POINT('',(-1.7E+04,0.,2.1E+03));
#4789 = DIRECTION('',(0.,-1.,0.));
#4790 = DIRECTION('',(1.,0.,0.));
#4791 = DEFINITIONAL_REPRESENTATION('',(#4792),#4796);
#4792 = LINE('',#4793,#4794);
#4793 = CARTESIAN_POINT('',(-700.,0.));
#4794 = VECTOR('',#4795,1.);
#4795 = DIRECTION('',(0.,1.));
#4796 = ( GEOMETRIC_REPRESENTATION_CONTEXT(2) 
PARAMETRIC_REPRESENTATION_CONTEXT() REPRESENTATION_CONTEXT('2D SPACE',''
  ) );
#4797 = ORIENTED_EDGE('',*,*,#4798,.T.);
#4798 = EDGE_CURVE('',#4769,#4294,#4799,.T.);
#4799 = SURFACE_CURVE('',#4800,(#4804,#4811),.PCURVE_S1.);
#4800 = LINE('',#4801,#4802);
#4801 = CARTESIAN_POINT('',(-1.77E+04,0.,1.1E+03));
#4802 = VECTOR('',#4803,1.);
#4803 = DIRECTION('',(0.,-1.,0.));
#4804 = PCURVE('',#4311,#4805);
#4805 = DEFINITIONAL_REPRESENTATION('',(#4806),#4810);
#4806 = LINE('',#4807,#4808);
#4807 = CARTESIAN_POINT('',(0.,0.));
#4808 = VECTOR('',#4809,1.);
#4809 = DIRECTION('',(0.,-1.));
#4810 = ( GEOMETRIC_REPRESENTATION_CONTEXT(2) 
PARAMETRIC_REPRESENTATION_CONTEXT() REPRESENTATION_CONTEXT('2D SPACE',''
  ) );
#4811 = PCURVE('',#4339,#4812);
#4812 = DEFINITIONAL_REPRESENTATION('',(#4813),#4817);
#4813 = LINE('',#4814,#4815);
#4814 = CARTESIAN_POINT('',(0.,0.));
#4815 = VECTOR('',#4816,1.);
#4816 = DIRECTION('',(0.,-1.));
#4817 = ( GEOMETRIC_REPRESENTATION_CONTEXT(2) 
PARAMETRIC_REPRESENTATION_CONTEXT() REPRESENTATION_CONTEXT('2D SPACE',''
  ) );
#4818 = ORIENTED_EDGE('',*,*,#4293,.T.);
#4819 = ORIENTED_EDGE('',*,*,#4820,.F.);
#4820 = EDGE_CURVE('',#4771,#4296,#4821,.T.);
#4821 = SURFACE_CURVE('',#4822,(#4826,#4833),.PCURVE_S1.);
#4822 = LINE('',#4823,#4824);
#4823 = CARTESIAN_POINT('',(-1.77E+04,0.,3.1E+03));
#4824 = VECTOR('',#4825,1.);
#4825 = DIRECTION('',(0.,-1.,0.));
#4826 = PCURVE('',#4311,#4827);
#4827 = DEFINITIONAL_REPRESENTATION('',(#4828),#4832);
#4828 = LINE('',#4829,#4830);
#4829 = CARTESIAN_POINT('',(2.E+03,0.));
#4830 = VECTOR('',#4831,1.);
#4831 = DIRECTION('',(0.,-1.));
#4832 = ( GEOMETRIC_REPRESENTATION_CONTEXT(2) 
PARAMETRIC_REPRESENTATION_CONTEXT() REPRESENTATION_CONTEXT('2D SPACE',''
  ) );
#4833 = PCURVE('',#4393,#4834);
#4834 = DEFINITIONAL_REPRESENTATION('',(#4835),#4839);
#4835 = LINE('',#4836,#4837);
#4836 = CARTESIAN_POINT('',(0.,0.));
#4837 = VECTOR('',#4838,1.);
#4838 = DIRECTION('',(0.,-1.));
#4839 = ( GEOMETRIC_REPRESENTATION_CONTEXT(2) 
PARAMETRIC_REPRESENTATION_CONTEXT() REPRESENTATION_CONTEXT('2D SPACE',''
  ) );
#4840 = ADVANCED_FACE('',(#4841),#4339,.T.);
#4841 = FACE_BOUND('',#4842,.T.);
#4842 = EDGE_LOOP('',(#4843,#4866,#4867,#4868));
#4843 = ORIENTED_EDGE('',*,*,#4844,.F.);
#4844 = EDGE_CURVE('',#4769,#4845,#4847,.T.);
#4845 = VERTEX_POINT('',#4846);
#4846 = CARTESIAN_POINT('',(-1.63E+04,0.,1.1E+03));
#4847 = SURFACE_CURVE('',#4848,(#4852,#4859),.PCURVE_S1.);
#4848 = LINE('',#4849,#4850);
#4849 = CARTESIAN_POINT('',(-1.7E+04,0.,1.1E+03));
#4850 = VECTOR('',#4851,1.);
#4851 = DIRECTION('',(1.,0.,0.));
#4852 = PCURVE('',#4339,#4853);
#4853 = DEFINITIONAL_REPRESENTATION('',(#4854),#4858);
#4854 = LINE('',#4855,#4856);
#4855 = CARTESIAN_POINT('',(700.,0.));
#4856 = VECTOR('',#4857,1.);
#4857 = DIRECTION('',(1.,0.));
#4858 = ( GEOMETRIC_REPRESENTATION_CONTEXT(2) 
PARAMETRIC_REPRESENTATION_CONTEXT() REPRESENTATION_CONTEXT('2D SPACE',''
  ) );
#4859 = PCURVE('',#4786,#4860);
#4860 = DEFINITIONAL_REPRESENTATION('',(#4861),#4865);
#4861 = LINE('',#4862,#4863);
#4862 = CARTESIAN_POINT('',(0.,-1.E+03));
#4863 = VECTOR('',#4864,1.);
#4864 = DIRECTION('',(1.,0.));
#4865 = ( GEOMETRIC_REPRESENTATION_CONTEXT(2) 
PARAMETRIC_REPRESENTATION_CONTEXT() REPRESENTATION_CONTEXT('2D SPACE',''
  ) );
#4866 = ORIENTED_EDGE('',*,*,#4798,.T.);
#4867 = ORIENTED_EDGE('',*,*,#4323,.T.);
#4868 = ORIENTED_EDGE('',*,*,#4869,.F.);
#4869 = EDGE_CURVE('',#4845,#4324,#4870,.T.);
#4870 = SURFACE_CURVE('',#4871,(#4875,#4882),.PCURVE_S1.);
#4871 = LINE('',#4872,#4873);
#4872 = CARTESIAN_POINT('',(-1.63E+04,0.,1.1E+03));
#4873 = VECTOR('',#4874,1.);
#4874 = DIRECTION('',(0.,-1.,0.));
#4875 = PCURVE('',#4339,#4876);
#4876 = DEFINITIONAL_REPRESENTATION('',(#4877),#4881);
#4877 = LINE('',#4878,#4879);
#4878 = CARTESIAN_POINT('',(1.4E+03,0.));
#4879 = VECTOR('',#4880,1.);
#4880 = DIRECTION('',(0.,-1.));
#4881 = ( GEOMETRIC_REPRESENTATION_CONTEXT(2) 
PARAMETRIC_REPRESENTATION_CONTEXT() REPRESENTATION_CONTEXT('2D SPACE',''
  ) );
#4882 = PCURVE('',#4367,#4883);
#4883 = DEFINITIONAL_REPRESENTATION('',(#4884),#4888);
#4884 = LINE('',#4885,#4886);
#4885 = CARTESIAN_POINT('',(0.,0.));
#4886 = VECTOR('',#4887,1.);
#4887 = DIRECTION('',(0.,-1.));
#4888 = ( GEOMETRIC_REPRESENTATION_CONTEXT(2) 
PARAMETRIC_REPRESENTATION_CONTEXT() REPRESENTATION_CONTEXT('2D SPACE',''
  ) );
#4889 = ADVANCED_FACE('',(#4890),#4393,.F.);
#4890 = FACE_BOUND('',#4891,.F.);
#4891 = EDGE_LOOP('',(#4892,#4915,#4916,#4917));
#4892 = ORIENTED_EDGE('',*,*,#4893,.F.);
#4893 = EDGE_CURVE('',#4771,#4894,#4896,.T.);
#4894 = VERTEX_POINT('',#4895);
#4895 = CARTESIAN_POINT('',(-1.63E+04,0.,3.1E+03));
#4896 = SURFACE_CURVE('',#4897,(#4901,#4908),.PCURVE_S1.);
#4897 = LINE('',#4898,#4899);
#4898 = CARTESIAN_POINT('',(-1.7E+04,0.,3.1E+03));
#4899 = VECTOR('',#4900,1.);
#4900 = DIRECTION('',(1.,0.,0.));
#4901 = PCURVE('',#4393,#4902);
#4902 = DEFINITIONAL_REPRESENTATION('',(#4903),#4907);
#4903 = LINE('',#4904,#4905);
#4904 = CARTESIAN_POINT('',(700.,0.));
#4905 = VECTOR('',#4906,1.);
#4906 = DIRECTION('',(1.,0.));
#4907 = ( GEOMETRIC_REPRESENTATION_CONTEXT(2) 
PARAMETRIC_REPRESENTATION_CONTEXT() REPRESENTATION_CONTEXT('2D SPACE',''
  ) );
#4908 = PCURVE('',#4786,#4909);
#4909 = DEFINITIONAL_REPRESENTATION('',(#4910),#4914);
#4910 = LINE('',#4911,#4912);
#4911 = CARTESIAN_POINT('',(0.,1.E+03));
#4912 = VECTOR('',#4913,1.);
#4913 = DIRECTION('',(1.,0.));
#4914 = ( GEOMETRIC_REPRESENTATION_CONTEXT(2) 
PARAMETRIC_REPRESENTATION_CONTEXT() REPRESENTATION_CONTEXT('2D SPACE',''
  ) );
#4915 = ORIENTED_EDGE('',*,*,#4820,.T.);
#4916 = ORIENTED_EDGE('',*,*,#4379,.T.);
#4917 = ORIENTED_EDGE('',*,*,#4918,.F.);
#4918 = EDGE_CURVE('',#4894,#4352,#4919,.T.);
#4919 = SURFACE_CURVE('',#4920,(#4924,#4931),.PCURVE_S1.);
#4920 = LINE('',#4921,#4922);
#4921 = CARTESIAN_POINT('',(-1.63E+04,0.,3.1E+03));
#4922 = VECTOR('',#4923,1.);
#4923 = DIRECTION('',(0.,-1.,0.));
#4924 = PCURVE('',#4393,#4925);
#4925 = DEFINITIONAL_REPRESENTATION('',(#4926),#4930);
#4926 = LINE('',#4927,#4928);
#4927 = CARTESIAN_POINT('',(1.4E+03,0.));
#4928 = VECTOR('',#4929,1.);
#4929 = DIRECTION('',(0.,-1.));
#4930 = ( GEOMETRIC_REPRESENTATION_CONTEXT(2) 
PARAMETRIC_REPRESENTATION_CONTEXT() REPRESENTATION_CONTEXT('2D SPACE',''
  ) );
#4931 = PCURVE('',#4367,#4932);
#4932 = DEFINITIONAL_REPRESENTATION('',(#4933),#4937);
#4933 = LINE('',#4934,#4935);
#4934 = CARTESIAN_POINT('',(2.E+03,0.));
#4935 = VECTOR('',#4936,1.);
#4936 = DIRECTION('',(0.,-1.));
#4937 = ( GEOMETRIC_REPRESENTATION_CONTEXT(2) 
PARAMETRIC_REPRESENTATION_CONTEXT() REPRESENTATION_CONTEXT('2D SPACE',''
  ) );
#4938 = ADVANCED_FACE('',(#4939),#4367,.T.);
#4939 = FACE_BOUND('',#4940,.T.);
#4940 = EDGE_LOOP('',(#4941,#4962,#4963,#4964));
#4941 = ORIENTED_EDGE('',*,*,#4942,.F.);
#4942 = EDGE_CURVE('',#4845,#4894,#4943,.T.);
#4943 = SURFACE_CURVE('',#4944,(#4948,#4955),.PCURVE_S1.);
#4944 = LINE('',#4945,#4946);
#4945 = CARTESIAN_POINT('',(-1.63E+04,0.,2.1E+03));
#4946 = VECTOR('',#4947,1.);
#4947 = DIRECTION('',(0.,0.,1.));
#4948 = PCURVE('',#4367,#4949);
#4949 = DEFINITIONAL_REPRESENTATION('',(#4950),#4954);
#4950 = LINE('',#4951,#4952);
#4951 = CARTESIAN_POINT('',(1.E+03,0.));
#4952 = VECTOR('',#4953,1.);
#4953 = DIRECTION('',(1.,0.));
#4954 = ( GEOMETRIC_REPRESENTATION_CONTEXT(2) 
PARAMETRIC_REPRESENTATION_CONTEXT() REPRESENTATION_CONTEXT('2D SPACE',''
  ) );
#4955 = PCURVE('',#4786,#4956);
#4956 = DEFINITIONAL_REPRESENTATION('',(#4957),#4961);
#4957 = LINE('',#4958,#4959);
#4958 = CARTESIAN_POINT('',(700.,0.));
#4959 = VECTOR('',#4960,1.);
#4960 = DIRECTION('',(0.,1.));
#4961 = ( GEOMETRIC_REPRESENTATION_CONTEXT(2) 
PARAMETRIC_REPRESENTATION_CONTEXT() REPRESENTATION_CONTEXT('2D SPACE',''
  ) );
#4962 = ORIENTED_EDGE('',*,*,#4869,.T.);
#4963 = ORIENTED_EDGE('',*,*,#4351,.T.);
#4964 = ORIENTED_EDGE('',*,*,#4918,.F.);
#4965 = ADVANCED_FACE('',(#4966),#4425,.F.);
#4966 = FACE_BOUND('',#4967,.F.);
#4967 = EDGE_LOOP('',(#4968,#4998,#5019,#5020));
#4968 = ORIENTED_EDGE('',*,*,#4969,.F.);
#4969 = EDGE_CURVE('',#4970,#4972,#4974,.T.);
#4970 = VERTEX_POINT('',#4971);
#4971 = CARTESIAN_POINT('',(-1.22E+04,0.,1.1E+03));
#4972 = VERTEX_POINT('',#4973);
#4973 = CARTESIAN_POINT('',(-1.22E+04,0.,3.1E+03));
#4974 = SURFACE_CURVE('',#4975,(#4979,#4986),.PCURVE_S1.);
#4975 = LINE('',#4976,#4977);
#4976 = CARTESIAN_POINT('',(-1.22E+04,0.,2.1E+03));
#4977 = VECTOR('',#4978,1.);
#4978 = DIRECTION('',(0.,0.,1.));
#4979 = PCURVE('',#4425,#4980);
#4980 = DEFINITIONAL_REPRESENTATION('',(#4981),#4985);
#4981 = LINE('',#4982,#4983);
#4982 = CARTESIAN_POINT('',(1.E+03,0.));
#4983 = VECTOR('',#4984,1.);
#4984 = DIRECTION('',(1.,0.));
#4985 = ( GEOMETRIC_REPRESENTATION_CONTEXT(2) 
PARAMETRIC_REPRESENTATION_CONTEXT() REPRESENTATION_CONTEXT('2D SPACE',''
  ) );
#4986 = PCURVE('',#4987,#4992);
#4987 = PLANE('',#4988);
#4988 = AXIS2_PLACEMENT_3D('',#4989,#4990,#4991);
#4989 = CARTESIAN_POINT('',(-1.15E+04,0.,2.1E+03));
#4990 = DIRECTION('',(0.,-1.,0.));
#4991 = DIRECTION('',(1.,0.,0.));
#4992 = DEFINITIONAL_REPRESENTATION('',(#4993),#4997);
#4993 = LINE('',#4994,#4995);
#4994 = CARTESIAN_POINT('',(-700.,0.));
#4995 = VECTOR('',#4996,1.);
#4996 = DIRECTION('',(0.,1.));
#4997 = ( GEOMETRIC_REPRESENTATION_CONTEXT(2) 
PARAMETRIC_REPRESENTATION_CONTEXT() REPRESENTATION_CONTEXT('2D SPACE',''
  ) );
#4998 = ORIENTED_EDGE('',*,*,#4999,.T.);
#4999 = EDGE_CURVE('',#4970,#4408,#5000,.T.);
#5000 = SURFACE_CURVE('',#5001,(#5005,#5012),.PCURVE_S1.);
#5001 = LINE('',#5002,#5003);
#5002 = CARTESIAN_POINT('',(-1.22E+04,0.,1.1E+03));
#5003 = VECTOR('',#5004,1.);
#5004 = DIRECTION('',(0.,-1.,0.));
#5005 = PCURVE('',#4425,#5006);
#5006 = DEFINITIONAL_REPRESENTATION('',(#5007),#5011);
#5007 = LINE('',#5008,#5009);
#5008 = CARTESIAN_POINT('',(0.,0.));
#5009 = VECTOR('',#5010,1.);
#5010 = DIRECTION('',(0.,-1.));
#5011 = ( GEOMETRIC_REPRESENTATION_CONTEXT(2) 
PARAMETRIC_REPRESENTATION_CONTEXT() REPRESENTATION_CONTEXT('2D SPACE',''
  ) );
#5012 = PCURVE('',#4453,#5013);
#5013 = DEFINITIONAL_REPRESENTATION('',(#5014),#5018);
#5014 = LINE('',#5015,#5016);
#5015 = CARTESIAN_POINT('',(0.,0.));
#5016 = VECTOR('',#5017,1.);
#5017 = DIRECTION('',(0.,-1.));
#5018 = ( GEOMETRIC_REPRESENTATION_CONTEXT(2) 
PARAMETRIC_REPRESENTATION_CONTEXT() REPRESENTATION_CONTEXT('2D SPACE',''
  ) );
#5019 = ORIENTED_EDGE('',*,*,#4407,.T.);
#5020 = ORIENTED_EDGE('',*,*,#5021,.F.);
#5021 = EDGE_CURVE('',#4972,#4410,#5022,.T.);
#5022 = SURFACE_CURVE('',#5023,(#5027,#5034),.PCURVE_S1.);
#5023 = LINE('',#5024,#5025);
#5024 = CARTESIAN_POINT('',(-1.22E+04,0.,3.1E+03));
#5025 = VECTOR('',#5026,1.);
#5026 = DIRECTION('',(0.,-1.,0.));
#5027 = PCURVE('',#4425,#5028);
#5028 = DEFINITIONAL_REPRESENTATION('',(#5029),#5033);
#5029 = LINE('',#5030,#5031);
#5030 = CARTESIAN_POINT('',(2.E+03,0.));
#5031 = VECTOR('',#5032,1.);
#5032 = DIRECTION('',(0.,-1.));
#5033 = ( GEOMETRIC_REPRESENTATION_CONTEXT(2) 
PARAMETRIC_REPRESENTATION_CONTEXT() REPRESENTATION_CONTEXT('2D SPACE',''
  ) );
#5034 = PCURVE('',#4507,#5035);
#5035 = DEFINITIONAL_REPRESENTATION('',(#5036),#5040);
#5036 = LINE('',#5037,#5038);
#5037 = CARTESIAN_POINT('',(0.,0.));
#5038 = VECTOR('',#5039,1.);
#5039 = DIRECTION('',(0.,-1.));
#5040 = ( GEOMETRIC_REPRESENTATION_CONTEXT(2) 
PARAMETRIC_REPRESENTATION_CONTEXT() REPRESENTATION_CONTEXT('2D SPACE',''
  ) );
#5041 = ADVANCED_FACE('',(#5042),#4453,.T.);
#5042 = FACE_BOUND('',#5043,.T.);
#5043 = EDGE_LOOP('',(#5044,#5067,#5068,#5069));
#5044 = ORIENTED_EDGE('',*,*,#5045,.F.);
#5045 = EDGE_CURVE('',#4970,#5046,#5048,.T.);
#5046 = VERTEX_POINT('',#5047);
#5047 = CARTESIAN_POINT('',(-1.08E+04,0.,1.1E+03));
#5048 = SURFACE_CURVE('',#5049,(#5053,#5060),.PCURVE_S1.);
#5049 = LINE('',#5050,#5051);
#5050 = CARTESIAN_POINT('',(-1.15E+04,0.,1.1E+03));
#5051 = VECTOR('',#5052,1.);
#5052 = DIRECTION('',(1.,0.,0.));
#5053 = PCURVE('',#4453,#5054);
#5054 = DEFINITIONAL_REPRESENTATION('',(#5055),#5059);
#5055 = LINE('',#5056,#5057);
#5056 = CARTESIAN_POINT('',(700.,0.));
#5057 = VECTOR('',#5058,1.);
#5058 = DIRECTION('',(1.,0.));
#5059 = ( GEOMETRIC_REPRESENTATION_CONTEXT(2) 
PARAMETRIC_REPRESENTATION_CONTEXT() REPRESENTATION_CONTEXT('2D SPACE',''
  ) );
#5060 = PCURVE('',#4987,#5061);
#5061 = DEFINITIONAL_REPRESENTATION('',(#5062),#5066);
#5062 = LINE('',#5063,#5064);
#5063 = CARTESIAN_POINT('',(0.,-1.E+03));
#5064 = VECTOR('',#5065,1.);
#5065 = DIRECTION('',(1.,0.));
#5066 = ( GEOMETRIC_REPRESENTATION_CONTEXT(2) 
PARAMETRIC_REPRESENTATION_CONTEXT() REPRESENTATION_CONTEXT('2D SPACE',''
  ) );
#5067 = ORIENTED_EDGE('',*,*,#4999,.T.);
#5068 = ORIENTED_EDGE('',*,*,#4437,.T.);
#5069 = ORIENTED_EDGE('',*,*,#5070,.F.);
#5070 = EDGE_CURVE('',#5046,#4438,#5071,.T.);
#5071 = SURFACE_CURVE('',#5072,(#5076,#5083),.PCURVE_S1.);
#5072 = LINE('',#5073,#5074);
#5073 = CARTESIAN_POINT('',(-1.08E+04,0.,1.1E+03));
#5074 = VECTOR('',#5075,1.);
#5075 = DIRECTION('',(0.,-1.,0.));
#5076 = PCURVE('',#4453,#5077);
#5077 = DEFINITIONAL_REPRESENTATION('',(#5078),#5082);
#5078 = LINE('',#5079,#5080);
#5079 = CARTESIAN_POINT('',(1.4E+03,0.));
#5080 = VECTOR('',#5081,1.);
#5081 = DIRECTION('',(0.,-1.));
#5082 = ( GEOMETRIC_REPRESENTATION_CONTEXT(2) 
PARAMETRIC_REPRESENTATION_CONTEXT() REPRESENTATION_CONTEXT('2D SPACE',''
  ) );
#5083 = PCURVE('',#4481,#5084);
#5084 = DEFINITIONAL_REPRESENTATION('',(#5085),#5089);
#5085 = LINE('',#5086,#5087);
#5086 = CARTESIAN_POINT('',(0.,0.));
#5087 = VECTOR('',#5088,1.);
#5088 = DIRECTION('',(0.,-1.));
#5089 = ( GEOMETRIC_REPRESENTATION_CONTEXT(2) 
PARAMETRIC_REPRESENTATION_CONTEXT() REPRESENTATION_CONTEXT('2D SPACE',''
  ) );
#5090 = ADVANCED_FACE('',(#5091),#4507,.F.);
#5091 = FACE_BOUND('',#5092,.F.);
#5092 = EDGE_LOOP('',(#5093,#5116,#5117,#5118));
#5093 = ORIENTED_EDGE('',*,*,#5094,.F.);
#5094 = EDGE_CURVE('',#4972,#5095,#5097,.T.);
#5095 = VERTEX_POINT('',#5096);
#5096 = CARTESIAN_POINT('',(-1.08E+04,0.,3.1E+03));
#5097 = SURFACE_CURVE('',#5098,(#5102,#5109),.PCURVE_S1.);
#5098 = LINE('',#5099,#5100);
#5099 = CARTESIAN_POINT('',(-1.15E+04,0.,3.1E+03));
#5100 = VECTOR('',#5101,1.);
#5101 = DIRECTION('',(1.,0.,0.));
#5102 = PCURVE('',#4507,#5103);
#5103 = DEFINITIONAL_REPRESENTATION('',(#5104),#5108);
#5104 = LINE('',#5105,#5106);
#5105 = CARTESIAN_POINT('',(700.,0.));
#5106 = VECTOR('',#5107,1.);
#5107 = DIRECTION('',(1.,0.));
#5108 = ( GEOMETRIC_REPRESENTATION_CONTEXT(2) 
PARAMETRIC_REPRESENTATION_CONTEXT() REPRESENTATION_CONTEXT('2D SPACE',''
  ) );
#5109 = PCURVE('',#4987,#5110);
#5110 = DEFINITIONAL_REPRESENTATION('',(#5111),#5115);
#5111 = LINE('',#5112,#5113);
#5112 = CARTESIAN_POINT('',(0.,1.E+03));
#5113 = VECTOR('',#5114,1.);
#5114 = DIRECTION('',(1.,0.));
#5115 = ( GEOMETRIC_REPRESENTATION_CONTEXT(2) 
PARAMETRIC_REPRESENTATION_CONTEXT() REPRESENTATION_CONTEXT('2D SPACE',''
  ) );
#5116 = ORIENTED_EDGE('',*,*,#5021,.T.);
#5117 = ORIENTED_EDGE('',*,*,#4493,.T.);
#5118 = ORIENTED_EDGE('',*,*,#5119,.F.);
#5119 = EDGE_CURVE('',#5095,#4466,#5120,.T.);
#5120 = SURFACE_CURVE('',#5121,(#5125,#5132),.PCURVE_S1.);
#5121 = LINE('',#5122,#5123);
#5122 = CARTESIAN_POINT('',(-1.08E+04,0.,3.1E+03));
#5123 = VECTOR('',#5124,1.);
#5124 = DIRECTION('',(0.,-1.,0.));
#5125 = PCURVE('',#4507,#5126);
#5126 = DEFINITIONAL_REPRESENTATION('',(#5127),#5131);
#5127 = LINE('',#5128,#5129);
#5128 = CARTESIAN_POINT('',(1.4E+03,0.));
#5129 = VECTOR('',#5130,1.);
#5130 = DIRECTION('',(0.,-1.));
#5131 = ( GEOMETRIC_REPRESENTATION_CONTEXT(2) 
PARAMETRIC_REPRESENTATION_CONTEXT() REPRESENTATION_CONTEXT('2D SPACE',''
  ) );
#5132 = PCURVE('',#4481,#5133);
#5133 = DEFINITIONAL_REPRESENTATION('',(#5134),#5138);
#5134 = LINE('',#5135,#5136);
#5135 = CARTESIAN_POINT('',(2.E+03,0.));
#5136 = VECTOR('',#5137,1.);
#5137 = DIRECTION('',(0.,-1.));
#5138 = ( GEOMETRIC_REPRESENTATION_CONTEXT(2) 
PARAMETRIC_REPRESENTATION_CONTEXT() REPRESENTATION_CONTEXT('2D SPACE',''
  ) );
#5139 = ADVANCED_FACE('',(#5140),#4481,.T.);
#5140 = FACE_BOUND('',#5141,.T.);
#5141 = EDGE_LOOP('',(#5142,#5163,#5164,#5165));
#5142 = ORIENTED_EDGE('',*,*,#5143,.F.);
#5143 = EDGE_CURVE('',#5046,#5095,#5144,.T.);
#5144 = SURFACE_CURVE('',#5145,(#5149,#5156),.PCURVE_S1.);
#5145 = LINE('',#5146,#5147);
#5146 = CARTESIAN_POINT('',(-1.08E+04,0.,2.1E+03));
#5147 = VECTOR('',#5148,1.);
#5148 = DIRECTION('',(0.,0.,1.));
#5149 = PCURVE('',#4481,#5150);
#5150 = DEFINITIONAL_REPRESENTATION('',(#5151),#5155);
#5151 = LINE('',#5152,#5153);
#5152 = CARTESIAN_POINT('',(1.E+03,0.));
#5153 = VECTOR('',#5154,1.);
#5154 = DIRECTION('',(1.,0.));
#5155 = ( GEOMETRIC_REPRESENTATION_CONTEXT(2) 
PARAMETRIC_REPRESENTATION_CONTEXT() REPRESENTATION_CONTEXT('2D SPACE',''
  ) );
#5156 = PCURVE('',#4987,#5157);
#5157 = DEFINITIONAL_REPRESENTATION('',(#5158),#5162);
#5158 = LINE('',#5159,#5160);
#5159 = CARTESIAN_POINT('',(700.,0.));
#5160 = VECTOR('',#5161,1.);
#5161 = DIRECTION('',(0.,1.));
#5162 = ( GEOMETRIC_REPRESENTATION_CONTEXT(2) 
PARAMETRIC_REPRESENTATION_CONTEXT() REPRESENTATION_CONTEXT('2D SPACE',''
  ) );
#5163 = ORIENTED_EDGE('',*,*,#5070,.T.);
#5164 = ORIENTED_EDGE('',*,*,#4465,.T.);
#5165 = ORIENTED_EDGE('',*,*,#5119,.F.);
#5166 = ADVANCED_FACE('',(#5167),#4539,.F.);
#5167 = FACE_BOUND('',#5168,.F.);
#5168 = EDGE_LOOP('',(#5169,#5199,#5220,#5221));
#5169 = ORIENTED_EDGE('',*,*,#5170,.F.);
#5170 = EDGE_CURVE('',#5171,#5173,#5175,.T.);
#5171 = VERTEX_POINT('',#5172);
#5172 = CARTESIAN_POINT('',(-6.7E+03,0.,1.1E+03));
#5173 = VERTEX_POINT('',#5174);
#5174 = CARTESIAN_POINT('',(-6.7E+03,0.,3.1E+03));
#5175 = SURFACE_CURVE('',#5176,(#5180,#5187),.PCURVE_S1.);
#5176 = LINE('',#5177,#5178);
#5177 = CARTESIAN_POINT('',(-6.7E+03,0.,2.1E+03));
#5178 = VECTOR('',#5179,1.);
#5179 = DIRECTION('',(0.,0.,1.));
#5180 = PCURVE('',#4539,#5181);
#5181 = DEFINITIONAL_REPRESENTATION('',(#5182),#5186);
#5182 = LINE('',#5183,#5184);
#5183 = CARTESIAN_POINT('',(1.E+03,0.));
#5184 = VECTOR('',#5185,1.);
#5185 = DIRECTION('',(1.,0.));
#5186 = ( GEOMETRIC_REPRESENTATION_CONTEXT(2) 
PARAMETRIC_REPRESENTATION_CONTEXT() REPRESENTATION_CONTEXT('2D SPACE',''
  ) );
#5187 = PCURVE('',#5188,#5193);
#5188 = PLANE('',#5189);
#5189 = AXIS2_PLACEMENT_3D('',#5190,#5191,#5192);
#5190 = CARTESIAN_POINT('',(-6.E+03,0.,2.1E+03));
#5191 = DIRECTION('',(0.,-1.,0.));
#5192 = DIRECTION('',(1.,0.,0.));
#5193 = DEFINITIONAL_REPRESENTATION('',(#5194),#5198);
#5194 = LINE('',#5195,#5196);
#5195 = CARTESIAN_POINT('',(-700.,0.));
#5196 = VECTOR('',#5197,1.);
#5197 = DIRECTION('',(0.,1.));
#5198 = ( GEOMETRIC_REPRESENTATION_CONTEXT(2) 
PARAMETRIC_REPRESENTATION_CONTEXT() REPRESENTATION_CONTEXT('2D SPACE',''
  ) );
#5199 = ORIENTED_EDGE('',*,*,#5200,.T.);
#5200 = EDGE_CURVE('',#5171,#4522,#5201,.T.);
#5201 = SURFACE_CURVE('',#5202,(#5206,#5213),.PCURVE_S1.);
#5202 = LINE('',#5203,#5204);
#5203 = CARTESIAN_POINT('',(-6.7E+03,0.,1.1E+03));
#5204 = VECTOR('',#5205,1.);
#5205 = DIRECTION('',(0.,-1.,0.));
#5206 = PCURVE('',#4539,#5207);
#5207 = DEFINITIONAL_REPRESENTATION('',(#5208),#5212);
#5208 = LINE('',#5209,#5210);
#5209 = CARTESIAN_POINT('',(0.,0.));
#5210 = VECTOR('',#5211,1.);
#5211 = DIRECTION('',(0.,-1.));
#5212 = ( GEOMETRIC_REPRESENTATION_CONTEXT(2) 
PARAMETRIC_REPRESENTATION_CONTEXT() REPRESENTATION_CONTEXT('2D SPACE',''
  ) );
#5213 = PCURVE('',#4567,#5214);
#5214 = DEFINITIONAL_REPRESENTATION('',(#5215),#5219);
#5215 = LINE('',#5216,#5217);
#5216 = CARTESIAN_POINT('',(0.,0.));
#5217 = VECTOR('',#5218,1.);
#5218 = DIRECTION('',(0.,-1.));
#5219 = ( GEOMETRIC_REPRESENTATION_CONTEXT(2) 
PARAMETRIC_REPRESENTATION_CONTEXT() REPRESENTATION_CONTEXT('2D SPACE',''
  ) );
#5220 = ORIENTED_EDGE('',*,*,#4521,.T.);
#5221 = ORIENTED_EDGE('',*,*,#5222,.F.);
#5222 = EDGE_CURVE('',#5173,#4524,#5223,.T.);
#5223 = SURFACE_CURVE('',#5224,(#5228,#5235),.PCURVE_S1.);
#5224 = LINE('',#5225,#5226);
#5225 = CARTESIAN_POINT('',(-6.7E+03,0.,3.1E+03));
#5226 = VECTOR('',#5227,1.);
#5227 = DIRECTION('',(0.,-1.,0.));
#5228 = PCURVE('',#4539,#5229);
#5229 = DEFINITIONAL_REPRESENTATION('',(#5230),#5234);
#5230 = LINE('',#5231,#5232);
#5231 = CARTESIAN_POINT('',(2.E+03,0.));
#5232 = VECTOR('',#5233,1.);
#5233 = DIRECTION('',(0.,-1.));
#5234 = ( GEOMETRIC_REPRESENTATION_CONTEXT(2) 
PARAMETRIC_REPRESENTATION_CONTEXT() REPRESENTATION_CONTEXT('2D SPACE',''
  ) );
#5235 = PCURVE('',#4621,#5236);
#5236 = DEFINITIONAL_REPRESENTATION('',(#5237),#5241);
#5237 = LINE('',#5238,#5239);
#5238 = CARTESIAN_POINT('',(0.,0.));
#5239 = VECTOR('',#5240,1.);
#5240 = DIRECTION('',(0.,-1.));
#5241 = ( GEOMETRIC_REPRESENTATION_CONTEXT(2) 
PARAMETRIC_REPRESENTATION_CONTEXT() REPRESENTATION_CONTEXT('2D SPACE',''
  ) );
#5242 = ADVANCED_FACE('',(#5243),#4621,.F.);
#5243 = FACE_BOUND('',#5244,.F.);
#5244 = EDGE_LOOP('',(#5245,#5268,#5269,#5270));
#5245 = ORIENTED_EDGE('',*,*,#5246,.F.);
#5246 = EDGE_CURVE('',#5173,#5247,#5249,.T.);
#5247 = VERTEX_POINT('',#5248);
#5248 = CARTESIAN_POINT('',(-5.3E+03,0.,3.1E+03));
#5249 = SURFACE_CURVE('',#5250,(#5254,#5261),.PCURVE_S1.);
#5250 = LINE('',#5251,#5252);
#5251 = CARTESIAN_POINT('',(-6.E+03,0.,3.1E+03));
#5252 = VECTOR('',#5253,1.);
#5253 = DIRECTION('',(1.,0.,0.));
#5254 = PCURVE('',#4621,#5255);
#5255 = DEFINITIONAL_REPRESENTATION('',(#5256),#5260);
#5256 = LINE('',#5257,#5258);
#5257 = CARTESIAN_POINT('',(700.,0.));
#5258 = VECTOR('',#5259,1.);
#5259 = DIRECTION('',(1.,0.));
#5260 = ( GEOMETRIC_REPRESENTATION_CONTEXT(2) 
PARAMETRIC_REPRESENTATION_CONTEXT() REPRESENTATION_CONTEXT('2D SPACE',''
  ) );
#5261 = PCURVE('',#5188,#5262);
#5262 = DEFINITIONAL_REPRESENTATION('',(#5263),#5267);
#5263 = LINE('',#5264,#5265);
#5264 = CARTESIAN_POINT('',(0.,1.E+03));
#5265 = VECTOR('',#5266,1.);
#5266 = DIRECTION('',(1.,0.));
#5267 = ( GEOMETRIC_REPRESENTATION_CONTEXT(2) 
PARAMETRIC_REPRESENTATION_CONTEXT() REPRESENTATION_CONTEXT('2D SPACE',''
  ) );
#5268 = ORIENTED_EDGE('',*,*,#5222,.T.);
#5269 = ORIENTED_EDGE('',*,*,#4607,.T.);
#5270 = ORIENTED_EDGE('',*,*,#5271,.F.);
#5271 = EDGE_CURVE('',#5247,#4580,#5272,.T.);
#5272 = SURFACE_CURVE('',#5273,(#5277,#5284),.PCURVE_S1.);
#5273 = LINE('',#5274,#5275);
#5274 = CARTESIAN_POINT('',(-5.3E+03,0.,3.1E+03));
#5275 = VECTOR('',#5276,1.);
#5276 = DIRECTION('',(0.,-1.,0.));
#5277 = PCURVE('',#4621,#5278);
#5278 = DEFINITIONAL_REPRESENTATION('',(#5279),#5283);
#5279 = LINE('',#5280,#5281);
#5280 = CARTESIAN_POINT('',(1.4E+03,0.));
#5281 = VECTOR('',#5282,1.);
#5282 = DIRECTION('',(0.,-1.));
#5283 = ( GEOMETRIC_REPRESENTATION_CONTEXT(2) 
PARAMETRIC_REPRESENTATION_CONTEXT() REPRESENTATION_CONTEXT('2D SPACE',''
  ) );
#5284 = PCURVE('',#4595,#5285);
#5285 = DEFINITIONAL_REPRESENTATION('',(#5286),#5290);
#5286 = LINE('',#5287,#5288);
#5287 = CARTESIAN_POINT('',(2.E+03,0.));
#5288 = VECTOR('',#5289,1.);
#5289 = DIRECTION('',(0.,-1.));
#5290 = ( GEOMETRIC_REPRESENTATION_CONTEXT(2) 
PARAMETRIC_REPRESENTATION_CONTEXT() REPRESENTATION_CONTEXT('2D SPACE',''
  ) );
#5291 = ADVANCED_FACE('',(#5292),#4595,.T.);
#5292 = FACE_BOUND('',#5293,.T.);
#5293 = EDGE_LOOP('',(#5294,#5317,#5338,#5339));
#5294 = ORIENTED_EDGE('',*,*,#5295,.F.);
#5295 = EDGE_CURVE('',#5296,#5247,#5298,.T.);
#5296 = VERTEX_POINT('',#5297);
#5297 = CARTESIAN_POINT('',(-5.3E+03,0.,1.1E+03));
#5298 = SURFACE_CURVE('',#5299,(#5303,#5310),.PCURVE_S1.);
#5299 = LINE('',#5300,#5301);
#5300 = CARTESIAN_POINT('',(-5.3E+03,0.,2.1E+03));
#5301 = VECTOR('',#5302,1.);
#5302 = DIRECTION('',(0.,0.,1.));
#5303 = PCURVE('',#4595,#5304);
#5304 = DEFINITIONAL_REPRESENTATION('',(#5305),#5309);
#5305 = LINE('',#5306,#5307);
#5306 = CARTESIAN_POINT('',(1.E+03,0.));
#5307 = VECTOR('',#5308,1.);
#5308 = DIRECTION('',(1.,0.));
#5309 = ( GEOMETRIC_REPRESENTATION_CONTEXT(2) 
PARAMETRIC_REPRESENTATION_CONTEXT() REPRESENTATION_CONTEXT('2D SPACE',''
  ) );
#5310 = PCURVE('',#5188,#5311);
#5311 = DEFINITIONAL_REPRESENTATION('',(#5312),#5316);
#5312 = LINE('',#5313,#5314);
#5313 = CARTESIAN_POINT('',(700.,0.));
#5314 = VECTOR('',#5315,1.);
#5315 = DIRECTION('',(0.,1.));
#5316 = ( GEOMETRIC_REPRESENTATION_CONTEXT(2) 
PARAMETRIC_REPRESENTATION_CONTEXT() REPRESENTATION_CONTEXT('2D SPACE',''
  ) );
#5317 = ORIENTED_EDGE('',*,*,#5318,.T.);
#5318 = EDGE_CURVE('',#5296,#4552,#5319,.T.);
#5319 = SURFACE_CURVE('',#5320,(#5324,#5331),.PCURVE_S1.);
#5320 = LINE('',#5321,#5322);
#5321 = CARTESIAN_POINT('',(-5.3E+03,0.,1.1E+03));
#5322 = VECTOR('',#5323,1.);
#5323 = DIRECTION('',(0.,-1.,0.));
#5324 = PCURVE('',#4595,#5325);
#5325 = DEFINITIONAL_REPRESENTATION('',(#5326),#5330);
#5326 = LINE('',#5327,#5328);
#5327 = CARTESIAN_POINT('',(0.,0.));
#5328 = VECTOR('',#5329,1.);
#5329 = DIRECTION('',(0.,-1.));
#5330 = ( GEOMETRIC_REPRESENTATION_CONTEXT(2) 
PARAMETRIC_REPRESENTATION_CONTEXT() REPRESENTATION_CONTEXT('2D SPACE',''
  ) );
#5331 = PCURVE('',#4567,#5332);
#5332 = DEFINITIONAL_REPRESENTATION('',(#5333),#5337);
#5333 = LINE('',#5334,#5335);
#5334 = CARTESIAN_POINT('',(1.4E+03,0.));
#5335 = VECTOR('',#5336,1.);
#5336 = DIRECTION('',(0.,-1.));
#5337 = ( GEOMETRIC_REPRESENTATION_CONTEXT(2) 
PARAMETRIC_REPRESENTATION_CONTEXT() REPRESENTATION_CONTEXT('2D SPACE',''
  ) );
#5338 = ORIENTED_EDGE('',*,*,#4579,.T.);
#5339 = ORIENTED_EDGE('',*,*,#5271,.F.);
#5340 = ADVANCED_FACE('',(#5341),#4567,.T.);
#5341 = FACE_BOUND('',#5342,.T.);
#5342 = EDGE_LOOP('',(#5343,#5364,#5365,#5366));
#5343 = ORIENTED_EDGE('',*,*,#5344,.F.);
#5344 = EDGE_CURVE('',#5171,#5296,#5345,.T.);
#5345 = SURFACE_CURVE('',#5346,(#5350,#5357),.PCURVE_S1.);
#5346 = LINE('',#5347,#5348);
#5347 = CARTESIAN_POINT('',(-6.E+03,0.,1.1E+03));
#5348 = VECTOR('',#5349,1.);
#5349 = DIRECTION('',(1.,0.,0.));
#5350 = PCURVE('',#4567,#5351);
#5351 = DEFINITIONAL_REPRESENTATION('',(#5352),#5356);
#5352 = LINE('',#5353,#5354);
#5353 = CARTESIAN_POINT('',(700.,0.));
#5354 = VECTOR('',#5355,1.);
#5355 = DIRECTION('',(1.,0.));
#5356 = ( GEOMETRIC_REPRESENTATION_CONTEXT(2) 
PARAMETRIC_REPRESENTATION_CONTEXT() REPRESENTATION_CONTEXT('2D SPACE',''
  ) );
#5357 = PCURVE('',#5188,#5358);
#5358 = DEFINITIONAL_REPRESENTATION('',(#5359),#5363);
#5359 = LINE('',#5360,#5361);
#5360 = CARTESIAN_POINT('',(0.,-1.E+03));
#5361 = VECTOR('',#5362,1.);
#5362 = DIRECTION('',(1.,0.));
#5363 = ( GEOMETRIC_REPRESENTATION_CONTEXT(2) 
PARAMETRIC_REPRESENTATION_CONTEXT() REPRESENTATION_CONTEXT('2D SPACE',''
  ) );
#5364 = ORIENTED_EDGE('',*,*,#5200,.T.);
#5365 = ORIENTED_EDGE('',*,*,#4551,.T.);
#5366 = ORIENTED_EDGE('',*,*,#5318,.F.);
#5367 = ADVANCED_FACE('',(#5368),#4786,.T.);
#5368 = FACE_BOUND('',#5369,.T.);
#5369 = EDGE_LOOP('',(#5370,#5371,#5372,#5373));
#5370 = ORIENTED_EDGE('',*,*,#4768,.F.);
#5371 = ORIENTED_EDGE('',*,*,#4844,.T.);
#5372 = ORIENTED_EDGE('',*,*,#4942,.T.);
#5373 = ORIENTED_EDGE('',*,*,#4893,.F.);
#5374 = ADVANCED_FACE('',(#5375),#4987,.T.);
#5375 = FACE_BOUND('',#5376,.T.);
#5376 = EDGE_LOOP('',(#5377,#5378,#5379,#5380));
#5377 = ORIENTED_EDGE('',*,*,#4969,.F.);
#5378 = ORIENTED_EDGE('',*,*,#5045,.T.);
#5379 = ORIENTED_EDGE('',*,*,#5143,.T.);
#5380 = ORIENTED_EDGE('',*,*,#5094,.F.);
#5381 = ADVANCED_FACE('',(#5382),#5188,.T.);
#5382 = FACE_BOUND('',#5383,.T.);
#5383 = EDGE_LOOP('',(#5384,#5385,#5386,#5387));
#5384 = ORIENTED_EDGE('',*,*,#5170,.F.);
#5385 = ORIENTED_EDGE('',*,*,#5344,.T.);
#5386 = ORIENTED_EDGE('',*,*,#5295,.T.);
#5387 = ORIENTED_EDGE('',*,*,#5246,.F.);
#5388 = ( GEOMETRIC_REPRESENTATION_CONTEXT(3) 
GLOBAL_UNCERTAINTY_ASSIGNED_CONTEXT((#5392)) 
GLOBAL_UNIT_ASSIGNED_CONTEXT((#5389,#5390,#5391)) REPRESENTATION_CONTEXT
('Context #1','3D Context with UNIT and UNCERTAINTY') );
#5389 = ( LENGTH_UNIT() NAMED_UNIT(*) SI_UNIT(.MILLI.,.METRE.) );
#5390 = ( NAMED_UNIT(*) PLANE_ANGLE_UNIT() SI_UNIT($,.RADIAN.) );
#5391 = ( NAMED_UNIT(*) SI_UNIT($,.STERADIAN.) SOLID_ANGLE_UNIT() );
#5392 = UNCERTAINTY_MEASURE_WITH_UNIT(LENGTH_MEASURE(1.E-07),#5389,
  'distance_accuracy_value','confusion accuracy');
#5393 = CONTEXT_DEPENDENT_SHAPE_REPRESENTATION(#5394,#5396);
#5394 = ( REPRESENTATION_RELATIONSHIP('','',#4091,#4068) 
REPRESENTATION_RELATIONSHIP_WITH_TRANSFORMATION(#5395) 
SHAPE_REPRESENTATION_RELATIONSHIP() );
#5395 = ITEM_DEFINED_TRANSFORMATION('','',#11,#4069);
#5396 = PRODUCT_DEFINITION_SHAPE('Placement','Placement of an item',
  #5397);
#5397 = NEXT_ASSEMBLY_USAGE_OCCURRENCE('1134','=>[0:1:1:29]','',#4063,
  #4086,$);
#5398 = PRODUCT_RELATED_PRODUCT_CATEGORY('part',$,(#4088));
#5399 = SHAPE_DEFINITION_REPRESENTATION(#5400,#5406);
#5400 = PRODUCT_DEFINITION_SHAPE('','',#5401);
#5401 = PRODUCT_DEFINITION('design','',#5402,#5405);
#5402 = PRODUCT_DEFINITION_FORMATION('','',#5403);
#5403 = PRODUCT('Bogie (2-axle, simplified)',
  'Bogie (2-axle, simplified)','',(#5404));
#5404 = PRODUCT_CONTEXT('',#2,'mechanical');
#5405 = PRODUCT_DEFINITION_CONTEXT('part definition',#2,'design');
#5406 = SHAPE_REPRESENTATION('',(#11,#5407,#5411,#5415,#5419,#5423),
  #5427);
#5407 = AXIS2_PLACEMENT_3D('',#5408,#5409,#5410);
#5408 = CARTESIAN_POINT('',(0.,0.,0.));
#5409 = DIRECTION('',(0.,0.,1.));
#5410 = DIRECTION('',(1.,0.,-0.));
#5411 = AXIS2_PLACEMENT_3D('',#5412,#5413,#5414);
#5412 = CARTESIAN_POINT('',(0.,0.,0.));
#5413 = DIRECTION('',(0.,0.,1.));
#5414 = DIRECTION('',(1.,0.,-0.));
#5415 = AXIS2_PLACEMENT_3D('',#5416,#5417,#5418);
#5416 = CARTESIAN_POINT('',(0.,0.,0.));
#5417 = DIRECTION('',(0.,0.,1.));
#5418 = DIRECTION('',(1.,0.,-0.));
#5419 = AXIS2_PLACEMENT_3D('',#5420,#5421,#5422);
#5420 = CARTESIAN_POINT('',(0.,0.,0.));
#5421 = DIRECTION('',(0.,0.,1.));
#5422 = DIRECTION('',(1.,0.,-0.));
#5423 = AXIS2_PLACEMENT_3D('',#5424,#5425,#5426);
#5424 = CARTESIAN_POINT('',(0.,0.,0.));
#5425 = DIRECTION('',(0.,0.,1.));
#5426 = DIRECTION('',(1.,0.,-0.));
#5427 = ( GEOMETRIC_REPRESENTATION_CONTEXT(3) 
GLOBAL_UNCERTAINTY_ASSIGNED_CONTEXT((#5431)) 
GLOBAL_UNIT_ASSIGNED_CONTEXT((#5428,#5429,#5430)) REPRESENTATION_CONTEXT
('Context #1','3D Context with UNIT and UNCERTAINTY') );
#5428 = ( LENGTH_UNIT() NAMED_UNIT(*) SI_UNIT(.MILLI.,.METRE.) );
#5429 = ( NAMED_UNIT(*) PLANE_ANGLE_UNIT() SI_UNIT($,.RADIAN.) );
#5430 = ( NAMED_UNIT(*) SI_UNIT($,.STERADIAN.) SOLID_ANGLE_UNIT() );
#5431 = UNCERTAINTY_MEASURE_WITH_UNIT(LENGTH_MEASURE(1.E-07),#5428,
  'distance_accuracy_value','confusion accuracy');
#5432 = CONTEXT_DEPENDENT_SHAPE_REPRESENTATION(#5433,#5435);
#5433 = ( REPRESENTATION_RELATIONSHIP('','',#5406,#10) 
REPRESENTATION_RELATIONSHIP_WITH_TRANSFORMATION(#5434) 
SHAPE_REPRESENTATION_RELATIONSHIP() );
#5434 = ITEM_DEFINED_TRANSFORMATION('','',#11,#35);
#5435 = PRODUCT_DEFINITION_SHAPE('Placement','Placement of an item',
  #5436);
#5436 = NEXT_ASSEMBLY_USAGE_OCCURRENCE('1146','=>[0:1:1:30]','',#5,#5401
  ,$);
#5437 = PRODUCT_RELATED_PRODUCT_CATEGORY('part',$,(#5403));
#5438 = SHAPE_DEFINITION_REPRESENTATION(#5439,#5445);
#5439 = PRODUCT_DEFINITION_SHAPE('','',#5440);
#5440 = PRODUCT_DEFINITION('design','',#5441,#5444);
#5441 = PRODUCT_DEFINITION_FORMATION('','',#5442);
#5442 = PRODUCT('ASSEMBLY','ASSEMBLY','',(#5443));
#5443 = PRODUCT_CONTEXT('',#2,'mechanical');
#5444 = PRODUCT_DEFINITION_CONTEXT('part definition',#2,'design');
#5445 = SHAPE_REPRESENTATION('',(#11,#5446),#5450);
#5446 = AXIS2_PLACEMENT_3D('',#5447,#5448,#5449);
#5447 = CARTESIAN_POINT('',(0.,0.,0.));
#5448 = DIRECTION('',(0.,0.,1.));
#5449 = DIRECTION('',(1.,0.,-0.));
#5450 = ( GEOMETRIC_REPRESENTATION_CONTEXT(3) 
GLOBAL_UNCERTAINTY_ASSIGNED_CONTEXT((#5454)) 
GLOBAL_UNIT_ASSIGNED_CONTEXT((#5451,#5452,#5453)) REPRESENTATION_CONTEXT
('Context #1','3D Context with UNIT and UNCERTAINTY') );
#5451 = ( LENGTH_UNIT() NAMED_UNIT(*) SI_UNIT(.MILLI.,.METRE.) );
#5452 = ( NAMED_UNIT(*) PLANE_ANGLE_UNIT() SI_UNIT($,.RADIAN.) );
#5453 = ( NAMED_UNIT(*) SI_UNIT($,.STERADIAN.) SOLID_ANGLE_UNIT() );
#5454 = UNCERTAINTY_MEASURE_WITH_UNIT(LENGTH_MEASURE(1.E-07),#5451,
  'distance_accuracy_value','confusion accuracy');
#5455 = CONTEXT_DEPENDENT_SHAPE_REPRESENTATION(#5456,#5458);
#5456 = ( REPRESENTATION_RELATIONSHIP('','',#5445,#5406) 
REPRESENTATION_RELATIONSHIP_WITH_TRANSFORMATION(#5457) 
SHAPE_REPRESENTATION_RELATIONSHIP() );
#5457 = ITEM_DEFINED_TRANSFORMATION('','',#11,#5407);
#5458 = PRODUCT_DEFINITION_SHAPE('Placement','Placement of an item',
  #5459);
#5459 = NEXT_ASSEMBLY_USAGE_OCCURRENCE('1137','=>[0:1:1:31]','',#5401,
  #5440,$);
#5460 = PRODUCT_RELATED_PRODUCT_CATEGORY('part',$,(#5442));
#5461 = SHAPE_DEFINITION_REPRESENTATION(#5462,#5468);
#5462 = PRODUCT_DEFINITION_SHAPE('','',#5463);
#5463 = PRODUCT_DEFINITION('design','',#5464,#5467);
#5464 = PRODUCT_DEFINITION_FORMATION('','',#5465);
#5465 = PRODUCT('SOLID','SOLID','',(#5466));
#5466 = PRODUCT_CONTEXT('',#2,'mechanical');
#5467 = PRODUCT_DEFINITION_CONTEXT('part definition',#2,'design');
#5468 = ADVANCED_BREP_SHAPE_REPRESENTATION('',(#11,#5469),#5799);
#5469 = MANIFOLD_SOLID_BREP('',#5470);
#5470 = CLOSED_SHELL('',(#5471,#5591,#5667,#5738,#5785,#5792));
#5471 = ADVANCED_FACE('',(#5472),#5486,.T.);
#5472 = FACE_BOUND('',#5473,.T.);
#5473 = EDGE_LOOP('',(#5474,#5509,#5537,#5565));
#5474 = ORIENTED_EDGE('',*,*,#5475,.T.);
#5475 = EDGE_CURVE('',#5476,#5478,#5480,.T.);
#5476 = VERTEX_POINT('',#5477);
#5477 = CARTESIAN_POINT('',(-2.215E+04,-1.2E+03,455.));
#5478 = VERTEX_POINT('',#5479);
#5479 = CARTESIAN_POINT('',(-2.215E+04,-1.2E+03,755.));
#5480 = SURFACE_CURVE('',#5481,(#5485,#5497),.PCURVE_S1.);
#5481 = LINE('',#5482,#5483);
#5482 = CARTESIAN_POINT('',(-2.215E+04,-1.2E+03,455.));
#5483 = VECTOR('',#5484,1.);
#5484 = DIRECTION('',(0.,0.,1.));
#5485 = PCURVE('',#5486,#5491);
#5486 = PLANE('',#5487);
#5487 = AXIS2_PLACEMENT_3D('',#5488,#5489,#5490);
#5488 = CARTESIAN_POINT('',(-2.215E+04,-1.2E+03,455.));
#5489 = DIRECTION('',(-1.,0.,0.));
#5490 = DIRECTION('',(0.,1.,0.));
#5491 = DEFINITIONAL_REPRESENTATION('',(#5492),#5496);
#5492 = LINE('',#5493,#5494);
#5493 = CARTESIAN_POINT('',(0.,0.));
#5494 = VECTOR('',#5495,1.);
#5495 = DIRECTION('',(0.,-1.));
#5496 = ( GEOMETRIC_REPRESENTATION_CONTEXT(2) 
PARAMETRIC_REPRESENTATION_CONTEXT() REPRESENTATION_CONTEXT('2D SPACE',''
  ) );
#5497 = PCURVE('',#5498,#5503);
#5498 = PLANE('',#5499);
#5499 = AXIS2_PLACEMENT_3D('',#5500,#5501,#5502);
#5500 = CARTESIAN_POINT('',(-2.215E+04,-1.2E+03,455.));
#5501 = DIRECTION('',(0.,1.,0.));
#5502 = DIRECTION('',(1.,0.,0.));
#5503 = DEFINITIONAL_REPRESENTATION('',(#5504),#5508);
#5504 = LINE('',#5505,#5506);
#5505 = CARTESIAN_POINT('',(0.,0.));
#5506 = VECTOR('',#5507,1.);
#5507 = DIRECTION('',(0.,-1.));
#5508 = ( GEOMETRIC_REPRESENTATION_CONTEXT(2) 
PARAMETRIC_REPRESENTATION_CONTEXT() REPRESENTATION_CONTEXT('2D SPACE',''
  ) );
#5509 = ORIENTED_EDGE('',*,*,#5510,.T.);
#5510 = EDGE_CURVE('',#5478,#5511,#5513,.T.);
#5511 = VERTEX_POINT('',#5512);
#5512 = CARTESIAN_POINT('',(-2.215E+04,1.2E+03,755.));
#5513 = SURFACE_CURVE('',#5514,(#5518,#5525),.PCURVE_S1.);
#5514 = LINE('',#5515,#5516);
#5515 = CARTESIAN_POINT('',(-2.215E+04,0.,755.));
#5516 = VECTOR('',#5517,1.);
#5517 = DIRECTION('',(0.,1.,0.));
#5518 = PCURVE('',#5486,#5519);
#5519 = DEFINITIONAL_REPRESENTATION('',(#5520),#5524);
#5520 = LINE('',#5521,#5522);
#5521 = CARTESIAN_POINT('',(1.2E+03,-300.));
#5522 = VECTOR('',#5523,1.);
#5523 = DIRECTION('',(1.,0.));
#5524 = ( GEOMETRIC_REPRESENTATION_CONTEXT(2) 
PARAMETRIC_REPRESENTATION_CONTEXT() REPRESENTATION_CONTEXT('2D SPACE',''
  ) );
#5525 = PCURVE('',#5526,#5531);
#5526 = PLANE('',#5527);
#5527 = AXIS2_PLACEMENT_3D('',#5528,#5529,#5530);
#5528 = CARTESIAN_POINT('',(-2.04E+04,0.,755.));
#5529 = DIRECTION('',(0.,0.,1.));
#5530 = DIRECTION('',(1.,0.,0.));
#5531 = DEFINITIONAL_REPRESENTATION('',(#5532),#5536);
#5532 = LINE('',#5533,#5534);
#5533 = CARTESIAN_POINT('',(-1.75E+03,0.));
#5534 = VECTOR('',#5535,1.);
#5535 = DIRECTION('',(0.,1.));
#5536 = ( GEOMETRIC_REPRESENTATION_CONTEXT(2) 
PARAMETRIC_REPRESENTATION_CONTEXT() REPRESENTATION_CONTEXT('2D SPACE',''
  ) );
#5537 = ORIENTED_EDGE('',*,*,#5538,.F.);
#5538 = EDGE_CURVE('',#5539,#5511,#5541,.T.);
#5539 = VERTEX_POINT('',#5540);
#5540 = CARTESIAN_POINT('',(-2.215E+04,1.2E+03,455.));
#5541 = SURFACE_CURVE('',#5542,(#5546,#5553),.PCURVE_S1.);
#5542 = LINE('',#5543,#5544);
#5543 = CARTESIAN_POINT('',(-2.215E+04,1.2E+03,455.));
#5544 = VECTOR('',#5545,1.);
#5545 = DIRECTION('',(0.,0.,1.));
#5546 = PCURVE('',#5486,#5547);
#5547 = DEFINITIONAL_REPRESENTATION('',(#5548),#5552);
#5548 = LINE('',#5549,#5550);
#5549 = CARTESIAN_POINT('',(2.4E+03,0.));
#5550 = VECTOR('',#5551,1.);
#5551 = DIRECTION('',(0.,-1.));
#5552 = ( GEOMETRIC_REPRESENTATION_CONTEXT(2) 
PARAMETRIC_REPRESENTATION_CONTEXT() REPRESENTATION_CONTEXT('2D SPACE',''
  ) );
#5553 = PCURVE('',#5554,#5559);
#5554 = PLANE('',#5555);
#5555 = AXIS2_PLACEMENT_3D('',#5556,#5557,#5558);
#5556 = CARTESIAN_POINT('',(-2.215E+04,1.2E+03,455.));
#5557 = DIRECTION('',(0.,1.,0.));
#5558 = DIRECTION('',(1.,0.,0.));
#5559 = DEFINITIONAL_REPRESENTATION('',(#5560),#5564);
#5560 = LINE('',#5561,#5562);
#5561 = CARTESIAN_POINT('',(0.,0.));
#5562 = VECTOR('',#5563,1.);
#5563 = DIRECTION('',(0.,-1.));
#5564 = ( GEOMETRIC_REPRESENTATION_CONTEXT(2) 
PARAMETRIC_REPRESENTATION_CONTEXT() REPRESENTATION_CONTEXT('2D SPACE',''
  ) );
#5565 = ORIENTED_EDGE('',*,*,#5566,.F.);
#5566 = EDGE_CURVE('',#5476,#5539,#5567,.T.);
#5567 = SURFACE_CURVE('',#5568,(#5572,#5579),.PCURVE_S1.);
#5568 = LINE('',#5569,#5570);
#5569 = CARTESIAN_POINT('',(-2.215E+04,0.,455.));
#5570 = VECTOR('',#5571,1.);
#5571 = DIRECTION('',(0.,1.,0.));
#5572 = PCURVE('',#5486,#5573);
#5573 = DEFINITIONAL_REPRESENTATION('',(#5574),#5578);
#5574 = LINE('',#5575,#5576);
#5575 = CARTESIAN_POINT('',(1.2E+03,0.));
#5576 = VECTOR('',#5577,1.);
#5577 = DIRECTION('',(1.,0.));
#5578 = ( GEOMETRIC_REPRESENTATION_CONTEXT(2) 
PARAMETRIC_REPRESENTATION_CONTEXT() REPRESENTATION_CONTEXT('2D SPACE',''
  ) );
#5579 = PCURVE('',#5580,#5585);
#5580 = PLANE('',#5581);
#5581 = AXIS2_PLACEMENT_3D('',#5582,#5583,#5584);
#5582 = CARTESIAN_POINT('',(-2.04E+04,0.,455.));
#5583 = DIRECTION('',(0.,0.,1.));
#5584 = DIRECTION('',(1.,0.,0.));
#5585 = DEFINITIONAL_REPRESENTATION('',(#5586),#5590);
#5586 = LINE('',#5587,#5588);
#5587 = CARTESIAN_POINT('',(-1.75E+03,0.));
#5588 = VECTOR('',#5589,1.);
#5589 = DIRECTION('',(0.,1.));
#5590 = ( GEOMETRIC_REPRESENTATION_CONTEXT(2) 
PARAMETRIC_REPRESENTATION_CONTEXT() REPRESENTATION_CONTEXT('2D SPACE',''
  ) );
#5591 = ADVANCED_FACE('',(#5592),#5498,.F.);
#5592 = FACE_BOUND('',#5593,.F.);
#5593 = EDGE_LOOP('',(#5594,#5595,#5618,#5646));
#5594 = ORIENTED_EDGE('',*,*,#5475,.T.);
#5595 = ORIENTED_EDGE('',*,*,#5596,.T.);
#5596 = EDGE_CURVE('',#5478,#5597,#5599,.T.);
#5597 = VERTEX_POINT('',#5598);
#5598 = CARTESIAN_POINT('',(-1.865E+04,-1.2E+03,755.));
#5599 = SURFACE_CURVE('',#5600,(#5604,#5611),.PCURVE_S1.);
#5600 = LINE('',#5601,#5602);
#5601 = CARTESIAN_POINT('',(-2.04E+04,-1.2E+03,755.));
#5602 = VECTOR('',#5603,1.);
#5603 = DIRECTION('',(1.,0.,0.));
#5604 = PCURVE('',#5498,#5605);
#5605 = DEFINITIONAL_REPRESENTATION('',(#5606),#5610);
#5606 = LINE('',#5607,#5608);
#5607 = CARTESIAN_POINT('',(1.75E+03,-300.));
#5608 = VECTOR('',#5609,1.);
#5609 = DIRECTION('',(1.,0.));
#5610 = ( GEOMETRIC_REPRESENTATION_CONTEXT(2) 
PARAMETRIC_REPRESENTATION_CONTEXT() REPRESENTATION_CONTEXT('2D SPACE',''
  ) );
#5611 = PCURVE('',#5526,#5612);
#5612 = DEFINITIONAL_REPRESENTATION('',(#5613),#5617);
#5613 = LINE('',#5614,#5615);
#5614 = CARTESIAN_POINT('',(0.,-1.2E+03));
#5615 = VECTOR('',#5616,1.);
#5616 = DIRECTION('',(1.,0.));
#5617 = ( GEOMETRIC_REPRESENTATION_CONTEXT(2) 
PARAMETRIC_REPRESENTATION_CONTEXT() REPRESENTATION_CONTEXT('2D SPACE',''
  ) );
#5618 = ORIENTED_EDGE('',*,*,#5619,.F.);
#5619 = EDGE_CURVE('',#5620,#5597,#5622,.T.);
#5620 = VERTEX_POINT('',#5621);
#5621 = CARTESIAN_POINT('',(-1.865E+04,-1.2E+03,455.));
#5622 = SURFACE_CURVE('',#5623,(#5627,#5634),.PCURVE_S1.);
#5623 = LINE('',#5624,#5625);
#5624 = CARTESIAN_POINT('',(-1.865E+04,-1.2E+03,455.));
#5625 = VECTOR('',#5626,1.);
#5626 = DIRECTION('',(0.,0.,1.));
#5627 = PCURVE('',#5498,#5628);
#5628 = DEFINITIONAL_REPRESENTATION('',(#5629),#5633);
#5629 = LINE('',#5630,#5631);
#5630 = CARTESIAN_POINT('',(3.5E+03,0.));
#5631 = VECTOR('',#5632,1.);
#5632 = DIRECTION('',(0.,-1.));
#5633 = ( GEOMETRIC_REPRESENTATION_CONTEXT(2) 
PARAMETRIC_REPRESENTATION_CONTEXT() REPRESENTATION_CONTEXT('2D SPACE',''
  ) );
#5634 = PCURVE('',#5635,#5640);
#5635 = PLANE('',#5636);
#5636 = AXIS2_PLACEMENT_3D('',#5637,#5638,#5639);
#5637 = CARTESIAN_POINT('',(-1.865E+04,-1.2E+03,455.));
#5638 = DIRECTION('',(-1.,0.,0.));
#5639 = DIRECTION('',(0.,1.,0.));
#5640 = DEFINITIONAL_REPRESENTATION('',(#5641),#5645);
#5641 = LINE('',#5642,#5643);
#5642 = CARTESIAN_POINT('',(0.,0.));
#5643 = VECTOR('',#5644,1.);
#5644 = DIRECTION('',(0.,-1.));
#5645 = ( GEOMETRIC_REPRESENTATION_CONTEXT(2) 
PARAMETRIC_REPRESENTATION_CONTEXT() REPRESENTATION_CONTEXT('2D SPACE',''
  ) );
#5646 = ORIENTED_EDGE('',*,*,#5647,.F.);
#5647 = EDGE_CURVE('',#5476,#5620,#5648,.T.);
#5648 = SURFACE_CURVE('',#5649,(#5653,#5660),.PCURVE_S1.);
#5649 = LINE('',#5650,#5651);
#5650 = CARTESIAN_POINT('',(-2.04E+04,-1.2E+03,455.));
#5651 = VECTOR('',#5652,1.);
#5652 = DIRECTION('',(1.,0.,0.));
#5653 = PCURVE('',#5498,#5654);
#5654 = DEFINITIONAL_REPRESENTATION('',(#5655),#5659);
#5655 = LINE('',#5656,#5657);
#5656 = CARTESIAN_POINT('',(1.75E+03,0.));
#5657 = VECTOR('',#5658,1.);
#5658 = DIRECTION('',(1.,0.));
#5659 = ( GEOMETRIC_REPRESENTATION_CONTEXT(2) 
PARAMETRIC_REPRESENTATION_CONTEXT() REPRESENTATION_CONTEXT('2D SPACE',''
  ) );
#5660 = PCURVE('',#5580,#5661);
#5661 = DEFINITIONAL_REPRESENTATION('',(#5662),#5666);
#5662 = LINE('',#5663,#5664);
#5663 = CARTESIAN_POINT('',(0.,-1.2E+03));
#5664 = VECTOR('',#5665,1.);
#5665 = DIRECTION('',(1.,0.));
#5666 = ( GEOMETRIC_REPRESENTATION_CONTEXT(2) 
PARAMETRIC_REPRESENTATION_CONTEXT() REPRESENTATION_CONTEXT('2D SPACE',''
  ) );
#5667 = ADVANCED_FACE('',(#5668),#5635,.F.);
#5668 = FACE_BOUND('',#5669,.F.);
#5669 = EDGE_LOOP('',(#5670,#5671,#5694,#5717));
#5670 = ORIENTED_EDGE('',*,*,#5619,.T.);
#5671 = ORIENTED_EDGE('',*,*,#5672,.T.);
#5672 = EDGE_CURVE('',#5597,#5673,#5675,.T.);
#5673 = VERTEX_POINT('',#5674);
#5674 = CARTESIAN_POINT('',(-1.865E+04,1.2E+03,755.));
#5675 = SURFACE_CURVE('',#5676,(#5680,#5687),.PCURVE_S1.);
#5676 = LINE('',#5677,#5678);
#5677 = CARTESIAN_POINT('',(-1.865E+04,0.,755.));
#5678 = VECTOR('',#5679,1.);
#5679 = DIRECTION('',(0.,1.,0.));
#5680 = PCURVE('',#5635,#5681);
#5681 = DEFINITIONAL_REPRESENTATION('',(#5682),#5686);
#5682 = LINE('',#5683,#5684);
#5683 = CARTESIAN_POINT('',(1.2E+03,-300.));
#5684 = VECTOR('',#5685,1.);
#5685 = DIRECTION('',(1.,0.));
#5686 = ( GEOMETRIC_REPRESENTATION_CONTEXT(2) 
PARAMETRIC_REPRESENTATION_CONTEXT() REPRESENTATION_CONTEXT('2D SPACE',''
  ) );
#5687 = PCURVE('',#5526,#5688);
#5688 = DEFINITIONAL_REPRESENTATION('',(#5689),#5693);
#5689 = LINE('',#5690,#5691);
#5690 = CARTESIAN_POINT('',(1.75E+03,0.));
#5691 = VECTOR('',#5692,1.);
#5692 = DIRECTION('',(0.,1.));
#5693 = ( GEOMETRIC_REPRESENTATION_CONTEXT(2) 
PARAMETRIC_REPRESENTATION_CONTEXT() REPRESENTATION_CONTEXT('2D SPACE',''
  ) );
#5694 = ORIENTED_EDGE('',*,*,#5695,.F.);
#5695 = EDGE_CURVE('',#5696,#5673,#5698,.T.);
#5696 = VERTEX_POINT('',#5697);
#5697 = CARTESIAN_POINT('',(-1.865E+04,1.2E+03,455.));
#5698 = SURFACE_CURVE('',#5699,(#5703,#5710),.PCURVE_S1.);
#5699 = LINE('',#5700,#5701);
#5700 = CARTESIAN_POINT('',(-1.865E+04,1.2E+03,455.));
#5701 = VECTOR('',#5702,1.);
#5702 = DIRECTION('',(0.,0.,1.));
#5703 = PCURVE('',#5635,#5704);
#5704 = DEFINITIONAL_REPRESENTATION('',(#5705),#5709);
#5705 = LINE('',#5706,#5707);
#5706 = CARTESIAN_POINT('',(2.4E+03,0.));
#5707 = VECTOR('',#5708,1.);
#5708 = DIRECTION('',(0.,-1.));
#5709 = ( GEOMETRIC_REPRESENTATION_CONTEXT(2) 
PARAMETRIC_REPRESENTATION_CONTEXT() REPRESENTATION_CONTEXT('2D SPACE',''
  ) );
#5710 = PCURVE('',#5554,#5711);
#5711 = DEFINITIONAL_REPRESENTATION('',(#5712),#5716);
#5712 = LINE('',#5713,#5714);
#5713 = CARTESIAN_POINT('',(3.5E+03,0.));
#5714 = VECTOR('',#5715,1.);
#5715 = DIRECTION('',(0.,-1.));
#5716 = ( GEOMETRIC_REPRESENTATION_CONTEXT(2) 
PARAMETRIC_REPRESENTATION_CONTEXT() REPRESENTATION_CONTEXT('2D SPACE',''
  ) );
#5717 = ORIENTED_EDGE('',*,*,#5718,.F.);
#5718 = EDGE_CURVE('',#5620,#5696,#5719,.T.);
#5719 = SURFACE_CURVE('',#5720,(#5724,#5731),.PCURVE_S1.);
#5720 = LINE('',#5721,#5722);
#5721 = CARTESIAN_POINT('',(-1.865E+04,0.,455.));
#5722 = VECTOR('',#5723,1.);
#5723 = DIRECTION('',(0.,1.,0.));
#5724 = PCURVE('',#5635,#5725);
#5725 = DEFINITIONAL_REPRESENTATION('',(#5726),#5730);
#5726 = LINE('',#5727,#5728);
#5727 = CARTESIAN_POINT('',(1.2E+03,0.));
#5728 = VECTOR('',#5729,1.);
#5729 = DIRECTION('',(1.,0.));
#5730 = ( GEOMETRIC_REPRESENTATION_CONTEXT(2) 
PARAMETRIC_REPRESENTATION_CONTEXT() REPRESENTATION_CONTEXT('2D SPACE',''
  ) );
#5731 = PCURVE('',#5580,#5732);
#5732 = DEFINITIONAL_REPRESENTATION('',(#5733),#5737);
#5733 = LINE('',#5734,#5735);
#5734 = CARTESIAN_POINT('',(1.75E+03,0.));
#5735 = VECTOR('',#5736,1.);
#5736 = DIRECTION('',(0.,1.));
#5737 = ( GEOMETRIC_REPRESENTATION_CONTEXT(2) 
PARAMETRIC_REPRESENTATION_CONTEXT() REPRESENTATION_CONTEXT('2D SPACE',''
  ) );
#5738 = ADVANCED_FACE('',(#5739),#5554,.T.);
#5739 = FACE_BOUND('',#5740,.T.);
#5740 = EDGE_LOOP('',(#5741,#5742,#5763,#5764));
#5741 = ORIENTED_EDGE('',*,*,#5538,.T.);
#5742 = ORIENTED_EDGE('',*,*,#5743,.T.);
#5743 = EDGE_CURVE('',#5511,#5673,#5744,.T.);
#5744 = SURFACE_CURVE('',#5745,(#5749,#5756),.PCURVE_S1.);
#5745 = LINE('',#5746,#5747);
#5746 = CARTESIAN_POINT('',(-2.04E+04,1.2E+03,755.));
#5747 = VECTOR('',#5748,1.);
#5748 = DIRECTION('',(1.,0.,0.));
#5749 = PCURVE('',#5554,#5750);
#5750 = DEFINITIONAL_REPRESENTATION('',(#5751),#5755);
#5751 = LINE('',#5752,#5753);
#5752 = CARTESIAN_POINT('',(1.75E+03,-300.));
#5753 = VECTOR('',#5754,1.);
#5754 = DIRECTION('',(1.,0.));
#5755 = ( GEOMETRIC_REPRESENTATION_CONTEXT(2) 
PARAMETRIC_REPRESENTATION_CONTEXT() REPRESENTATION_CONTEXT('2D SPACE',''
  ) );
#5756 = PCURVE('',#5526,#5757);
#5757 = DEFINITIONAL_REPRESENTATION('',(#5758),#5762);
#5758 = LINE('',#5759,#5760);
#5759 = CARTESIAN_POINT('',(0.,1.2E+03));
#5760 = VECTOR('',#5761,1.);
#5761 = DIRECTION('',(1.,0.));
#5762 = ( GEOMETRIC_REPRESENTATION_CONTEXT(2) 
PARAMETRIC_REPRESENTATION_CONTEXT() REPRESENTATION_CONTEXT('2D SPACE',''
  ) );
#5763 = ORIENTED_EDGE('',*,*,#5695,.F.);
#5764 = ORIENTED_EDGE('',*,*,#5765,.F.);
#5765 = EDGE_CURVE('',#5539,#5696,#5766,.T.);
#5766 = SURFACE_CURVE('',#5767,(#5771,#5778),.PCURVE_S1.);
#5767 = LINE('',#5768,#5769);
#5768 = CARTESIAN_POINT('',(-2.04E+04,1.2E+03,455.));
#5769 = VECTOR('',#5770,1.);
#5770 = DIRECTION('',(1.,0.,0.));
#5771 = PCURVE('',#5554,#5772);
#5772 = DEFINITIONAL_REPRESENTATION('',(#5773),#5777);
#5773 = LINE('',#5774,#5775);
#5774 = CARTESIAN_POINT('',(1.75E+03,0.));
#5775 = VECTOR('',#5776,1.);
#5776 = DIRECTION('',(1.,0.));
#5777 = ( GEOMETRIC_REPRESENTATION_CONTEXT(2) 
PARAMETRIC_REPRESENTATION_CONTEXT() REPRESENTATION_CONTEXT('2D SPACE',''
  ) );
#5778 = PCURVE('',#5580,#5779);
#5779 = DEFINITIONAL_REPRESENTATION('',(#5780),#5784);
#5780 = LINE('',#5781,#5782);
#5781 = CARTESIAN_POINT('',(0.,1.2E+03));
#5782 = VECTOR('',#5783,1.);
#5783 = DIRECTION('',(1.,0.));
#5784 = ( GEOMETRIC_REPRESENTATION_CONTEXT(2) 
PARAMETRIC_REPRESENTATION_CONTEXT() REPRESENTATION_CONTEXT('2D SPACE',''
  ) );
#5785 = ADVANCED_FACE('',(#5786),#5580,.F.);
#5786 = FACE_BOUND('',#5787,.F.);
#5787 = EDGE_LOOP('',(#5788,#5789,#5790,#5791));
#5788 = ORIENTED_EDGE('',*,*,#5566,.F.);
#5789 = ORIENTED_EDGE('',*,*,#5647,.T.);
#5790 = ORIENTED_EDGE('',*,*,#5718,.T.);
#5791 = ORIENTED_EDGE('',*,*,#5765,.F.);
#5792 = ADVANCED_FACE('',(#5793),#5526,.T.);
#5793 = FACE_BOUND('',#5794,.T.);
#5794 = EDGE_LOOP('',(#5795,#5796,#5797,#5798));
#5795 = ORIENTED_EDGE('',*,*,#5510,.F.);
#5796 = ORIENTED_EDGE('',*,*,#5596,.T.);
#5797 = ORIENTED_EDGE('',*,*,#5672,.T.);
#5798 = ORIENTED_EDGE('',*,*,#5743,.F.);
#5799 = ( GEOMETRIC_REPRESENTATION_CONTEXT(3) 
GLOBAL_UNCERTAINTY_ASSIGNED_CONTEXT((#5803)) 
GLOBAL_UNIT_ASSIGNED_CONTEXT((#5800,#5801,#5802)) REPRESENTATION_CONTEXT
('Context #1','3D Context with UNIT and UNCERTAINTY') );
#5800 = ( LENGTH_UNIT() NAMED_UNIT(*) SI_UNIT(.MILLI.,.METRE.) );
#5801 = ( NAMED_UNIT(*) PLANE_ANGLE_UNIT() SI_UNIT($,.RADIAN.) );
#5802 = ( NAMED_UNIT(*) SI_UNIT($,.STERADIAN.) SOLID_ANGLE_UNIT() );
#5803 = UNCERTAINTY_MEASURE_WITH_UNIT(LENGTH_MEASURE(1.E-07),#5800,
  'distance_accuracy_value','confusion accuracy');
#5804 = CONTEXT_DEPENDENT_SHAPE_REPRESENTATION(#5805,#5807);
#5805 = ( REPRESENTATION_RELATIONSHIP('','',#5468,#5445) 
REPRESENTATION_RELATIONSHIP_WITH_TRANSFORMATION(#5806) 
SHAPE_REPRESENTATION_RELATIONSHIP() );
#5806 = ITEM_DEFINED_TRANSFORMATION('','',#11,#5446);
#5807 = PRODUCT_DEFINITION_SHAPE('Placement','Placement of an item',
  #5808);
#5808 = NEXT_ASSEMBLY_USAGE_OCCURRENCE('1136','=>[0:1:1:32]','',#5440,
  #5463,$);
#5809 = PRODUCT_RELATED_PRODUCT_CATEGORY('part',$,(#5465));
#5810 = SHAPE_DEFINITION_REPRESENTATION(#5811,#5817);
#5811 = PRODUCT_DEFINITION_SHAPE('','',#5812);
#5812 = PRODUCT_DEFINITION('design','',#5813,#5816);
#5813 = PRODUCT_DEFINITION_FORMATION('','',#5814);
#5814 = PRODUCT('ASSEMBLY','ASSEMBLY','',(#5815));
#5815 = PRODUCT_CONTEXT('',#2,'mechanical');
#5816 = PRODUCT_DEFINITION_CONTEXT('part definition',#2,'design');
#5817 = SHAPE_REPRESENTATION('',(#11,#5818),#5822);
#5818 = AXIS2_PLACEMENT_3D('',#5819,#5820,#5821);
#5819 = CARTESIAN_POINT('',(0.,0.,0.));
#5820 = DIRECTION('',(0.,0.,1.));
#5821 = DIRECTION('',(1.,0.,-0.));
#5822 = ( GEOMETRIC_REPRESENTATION_CONTEXT(3) 
GLOBAL_UNCERTAINTY_ASSIGNED_CONTEXT((#5826)) 
GLOBAL_UNIT_ASSIGNED_CONTEXT((#5823,#5824,#5825)) REPRESENTATION_CONTEXT
('Context #1','3D Context with UNIT and UNCERTAINTY') );
#5823 = ( LENGTH_UNIT() NAMED_UNIT(*) SI_UNIT(.MILLI.,.METRE.) );
#5824 = ( NAMED_UNIT(*) PLANE_ANGLE_UNIT() SI_UNIT($,.RADIAN.) );
#5825 = ( NAMED_UNIT(*) SI_UNIT($,.STERADIAN.) SOLID_ANGLE_UNIT() );
#5826 = UNCERTAINTY_MEASURE_WITH_UNIT(LENGTH_MEASURE(1.E-07),#5823,
  'distance_accuracy_value','confusion accuracy');
#5827 = CONTEXT_DEPENDENT_SHAPE_REPRESENTATION(#5828,#5830);
#5828 = ( REPRESENTATION_RELATIONSHIP('','',#5817,#5406) 
REPRESENTATION_RELATIONSHIP_WITH_TRANSFORMATION(#5829) 
SHAPE_REPRESENTATION_RELATIONSHIP() );
#5829 = ITEM_DEFINED_TRANSFORMATION('','',#11,#5411);
#5830 = PRODUCT_DEFINITION_SHAPE('Placement','Placement of an item',
  #5831);
#5831 = NEXT_ASSEMBLY_USAGE_OCCURRENCE('1139','=>[0:1:1:33]','',#5401,
  #5812,$);
#5832 = PRODUCT_RELATED_PRODUCT_CATEGORY('part',$,(#5814));
#5833 = SHAPE_DEFINITION_REPRESENTATION(#5834,#5840);
#5834 = PRODUCT_DEFINITION_SHAPE('','',#5835);
#5835 = PRODUCT_DEFINITION('design','',#5836,#5839);
#5836 = PRODUCT_DEFINITION_FORMATION('','',#5837);
#5837 = PRODUCT('SOLID','SOLID','',(#5838));
#5838 = PRODUCT_CONTEXT('',#2,'mechanical');
#5839 = PRODUCT_DEFINITION_CONTEXT('part definition',#2,'design');
#5840 = ADVANCED_BREP_SHAPE_REPRESENTATION('',(#11,#5841),#5939);
#5841 = MANIFOLD_SOLID_BREP('',#5842);
#5842 = CLOSED_SHELL('',(#5843,#5931,#5935));
#5843 = ADVANCED_FACE('',(#5844),#5858,.T.);
#5844 = FACE_BOUND('',#5845,.F.);
#5845 = EDGE_LOOP('',(#5846,#5876,#5903,#5904));
#5846 = ORIENTED_EDGE('',*,*,#5847,.T.);
#5847 = EDGE_CURVE('',#5848,#5850,#5852,.T.);
#5848 = VERTEX_POINT('',#5849);
#5849 = CARTESIAN_POINT('',(-2.145E+04,-717.5,0.));
#5850 = VERTEX_POINT('',#5851);
#5851 = CARTESIAN_POINT('',(-2.133E+04,-717.5,0.));
#5852 = SEAM_CURVE('',#5853,(#5857,#5869),.PCURVE_S1.);
#5853 = LINE('',#5854,#5855);
#5854 = CARTESIAN_POINT('',(-2.145E+04,-717.5,0.));
#5855 = VECTOR('',#5856,1.);
#5856 = DIRECTION('',(1.,0.,1.110223024625E-16));
#5857 = PCURVE('',#5858,#5863);
#5858 = CYLINDRICAL_SURFACE('',#5859,405.);
#5859 = AXIS2_PLACEMENT_3D('',#5860,#5861,#5862);
#5860 = CARTESIAN_POINT('',(-2.145E+04,-717.5,405.));
#5861 = DIRECTION('',(-1.,-0.,-1.110223024625E-16));
#5862 = DIRECTION('',(1.110223024625E-16,0.,-1.));
#5863 = DEFINITIONAL_REPRESENTATION('',(#5864),#5868);
#5864 = LINE('',#5865,#5866);
#5865 = CARTESIAN_POINT('',(-0.,0.));
#5866 = VECTOR('',#5867,1.);
#5867 = DIRECTION('',(-0.,-1.));
#5868 = ( GEOMETRIC_REPRESENTATION_CONTEXT(2) 
PARAMETRIC_REPRESENTATION_CONTEXT() REPRESENTATION_CONTEXT('2D SPACE',''
  ) );
#5869 = PCURVE('',#5858,#5870);
#5870 = DEFINITIONAL_REPRESENTATION('',(#5871),#5875);
#5871 = LINE('',#5872,#5873);
#5872 = CARTESIAN_POINT('',(-6.28318530718,0.));
#5873 = VECTOR('',#5874,1.);
#5874 = DIRECTION('',(-0.,-1.));
#5875 = ( GEOMETRIC_REPRESENTATION_CONTEXT(2) 
PARAMETRIC_REPRESENTATION_CONTEXT() REPRESENTATION_CONTEXT('2D SPACE',''
  ) );
#5876 = ORIENTED_EDGE('',*,*,#5877,.T.);
#5877 = EDGE_CURVE('',#5850,#5850,#5878,.T.);
#5878 = SURFACE_CURVE('',#5879,(#5884,#5891),.PCURVE_S1.);
#5879 = CIRCLE('',#5880,405.);
#5880 = AXIS2_PLACEMENT_3D('',#5881,#5882,#5883);
#5881 = CARTESIAN_POINT('',(-2.133E+04,-717.5,405.));
#5882 = DIRECTION('',(1.,-0.,1.110223024625E-16));
#5883 = DIRECTION('',(1.110223024625E-16,0.,-1.));
#5884 = PCURVE('',#5858,#5885);
#5885 = DEFINITIONAL_REPRESENTATION('',(#5886),#5890);
#5886 = LINE('',#5887,#5888);
#5887 = CARTESIAN_POINT('',(-0.,-120.));
#5888 = VECTOR('',#5889,1.);
#5889 = DIRECTION('',(-1.,0.));
#5890 = ( GEOMETRIC_REPRESENTATION_CONTEXT(2) 
PARAMETRIC_REPRESENTATION_CONTEXT() REPRESENTATION_CONTEXT('2D SPACE',''
  ) );
#5891 = PCURVE('',#5892,#5897);
#5892 = PLANE('',#5893);
#5893 = AXIS2_PLACEMENT_3D('',#5894,#5895,#5896);
#5894 = CARTESIAN_POINT('',(-2.133E+04,-717.5,405.));
#5895 = DIRECTION('',(1.,0.,1.110223024625E-16));
#5896 = DIRECTION('',(1.110223024625E-16,0.,-1.));
#5897 = DEFINITIONAL_REPRESENTATION('',(#5898),#5902);
#5898 = CIRCLE('',#5899,405.);
#5899 = AXIS2_PLACEMENT_2D('',#5900,#5901);
#5900 = CARTESIAN_POINT('',(5.684341886081E-14,0.));
#5901 = DIRECTION('',(1.,0.));
#5902 = ( GEOMETRIC_REPRESENTATION_CONTEXT(2) 
PARAMETRIC_REPRESENTATION_CONTEXT() REPRESENTATION_CONTEXT('2D SPACE',''
  ) );
#5903 = ORIENTED_EDGE('',*,*,#5847,.F.);
#5904 = ORIENTED_EDGE('',*,*,#5905,.F.);
#5905 = EDGE_CURVE('',#5848,#5848,#5906,.T.);
#5906 = SURFACE_CURVE('',#5907,(#5912,#5919),.PCURVE_S1.);
#5907 = CIRCLE('',#5908,405.);
#5908 = AXIS2_PLACEMENT_3D('',#5909,#5910,#5911);
#5909 = CARTESIAN_POINT('',(-2.145E+04,-717.5,405.));
#5910 = DIRECTION('',(1.,-0.,1.110223024625E-16));
#5911 = DIRECTION('',(1.110223024625E-16,0.,-1.));
#5912 = PCURVE('',#5858,#5913);
#5913 = DEFINITIONAL_REPRESENTATION('',(#5914),#5918);
#5914 = LINE('',#5915,#5916);
#5915 = CARTESIAN_POINT('',(-0.,0.));
#5916 = VECTOR('',#5917,1.);
#5917 = DIRECTION('',(-1.,0.));
#5918 = ( GEOMETRIC_REPRESENTATION_CONTEXT(2) 
PARAMETRIC_REPRESENTATION_CONTEXT() REPRESENTATION_CONTEXT('2D SPACE',''
  ) );
#5919 = PCURVE('',#5920,#5925);
#5920 = PLANE('',#5921);
#5921 = AXIS2_PLACEMENT_3D('',#5922,#5923,#5924);
#5922 = CARTESIAN_POINT('',(-2.145E+04,-717.5,405.));
#5923 = DIRECTION('',(1.,0.,1.110223024625E-16));
#5924 = DIRECTION('',(1.110223024625E-16,0.,-1.));
#5925 = DEFINITIONAL_REPRESENTATION('',(#5926),#5930);
#5926 = CIRCLE('',#5927,405.);
#5927 = AXIS2_PLACEMENT_2D('',#5928,#5929);
#5928 = CARTESIAN_POINT('',(0.,0.));
#5929 = DIRECTION('',(1.,0.));
#5930 = ( GEOMETRIC_REPRESENTATION_CONTEXT(2) 
PARAMETRIC_REPRESENTATION_CONTEXT() REPRESENTATION_CONTEXT('2D SPACE',''
  ) );
#5931 = ADVANCED_FACE('',(#5932),#5920,.F.);
#5932 = FACE_BOUND('',#5933,.F.);
#5933 = EDGE_LOOP('',(#5934));
#5934 = ORIENTED_EDGE('',*,*,#5905,.T.);
#5935 = ADVANCED_FACE('',(#5936),#5892,.T.);
#5936 = FACE_BOUND('',#5937,.T.);
#5937 = EDGE_LOOP('',(#5938));
#5938 = ORIENTED_EDGE('',*,*,#5877,.T.);
#5939 = ( GEOMETRIC_REPRESENTATION_CONTEXT(3) 
GLOBAL_UNCERTAINTY_ASSIGNED_CONTEXT((#5943)) 
GLOBAL_UNIT_ASSIGNED_CONTEXT((#5940,#5941,#5942)) REPRESENTATION_CONTEXT
('Context #1','3D Context with UNIT and UNCERTAINTY') );
#5940 = ( LENGTH_UNIT() NAMED_UNIT(*) SI_UNIT(.MILLI.,.METRE.) );
#5941 = ( NAMED_UNIT(*) PLANE_ANGLE_UNIT() SI_UNIT($,.RADIAN.) );
#5942 = ( NAMED_UNIT(*) SI_UNIT($,.STERADIAN.) SOLID_ANGLE_UNIT() );
#5943 = UNCERTAINTY_MEASURE_WITH_UNIT(LENGTH_MEASURE(1.E-07),#5940,
  'distance_accuracy_value','confusion accuracy');
#5944 = CONTEXT_DEPENDENT_SHAPE_REPRESENTATION(#5945,#5947);
#5945 = ( REPRESENTATION_RELATIONSHIP('','',#5840,#5817) 
REPRESENTATION_RELATIONSHIP_WITH_TRANSFORMATION(#5946) 
SHAPE_REPRESENTATION_RELATIONSHIP() );
#5946 = ITEM_DEFINED_TRANSFORMATION('','',#11,#5818);
#5947 = PRODUCT_DEFINITION_SHAPE('Placement','Placement of an item',
  #5948);
#5948 = NEXT_ASSEMBLY_USAGE_OCCURRENCE('1138','=>[0:1:1:34]','',#5812,
  #5835,$);
#5949 = PRODUCT_RELATED_PRODUCT_CATEGORY('part',$,(#5837));
#5950 = SHAPE_DEFINITION_REPRESENTATION(#5951,#5957);
#5951 = PRODUCT_DEFINITION_SHAPE('','',#5952);
#5952 = PRODUCT_DEFINITION('design','',#5953,#5956);
#5953 = PRODUCT_DEFINITION_FORMATION('','',#5954);
#5954 = PRODUCT('ASSEMBLY','ASSEMBLY','',(#5955));
#5955 = PRODUCT_CONTEXT('',#2,'mechanical');
#5956 = PRODUCT_DEFINITION_CONTEXT('part definition',#2,'design');
#5957 = SHAPE_REPRESENTATION('',(#11,#5958),#5962);
#5958 = AXIS2_PLACEMENT_3D('',#5959,#5960,#5961);
#5959 = CARTESIAN_POINT('',(0.,0.,0.));
#5960 = DIRECTION('',(0.,0.,1.));
#5961 = DIRECTION('',(1.,0.,-0.));
#5962 = ( GEOMETRIC_REPRESENTATION_CONTEXT(3) 
GLOBAL_UNCERTAINTY_ASSIGNED_CONTEXT((#5966)) 
GLOBAL_UNIT_ASSIGNED_CONTEXT((#5963,#5964,#5965)) REPRESENTATION_CONTEXT
('Context #1','3D Context with UNIT and UNCERTAINTY') );
#5963 = ( LENGTH_UNIT() NAMED_UNIT(*) SI_UNIT(.MILLI.,.METRE.) );
#5964 = ( NAMED_UNIT(*) PLANE_ANGLE_UNIT() SI_UNIT($,.RADIAN.) );
#5965 = ( NAMED_UNIT(*) SI_UNIT($,.STERADIAN.) SOLID_ANGLE_UNIT() );
#5966 = UNCERTAINTY_MEASURE_WITH_UNIT(LENGTH_MEASURE(1.E-07),#5963,
  'distance_accuracy_value','confusion accuracy');
#5967 = CONTEXT_DEPENDENT_SHAPE_REPRESENTATION(#5968,#5970);
#5968 = ( REPRESENTATION_RELATIONSHIP('','',#5957,#5406) 
REPRESENTATION_RELATIONSHIP_WITH_TRANSFORMATION(#5969) 
SHAPE_REPRESENTATION_RELATIONSHIP() );
#5969 = ITEM_DEFINED_TRANSFORMATION('','',#11,#5415);
#5970 = PRODUCT_DEFINITION_SHAPE('Placement','Placement of an item',
  #5971);
#5971 = NEXT_ASSEMBLY_USAGE_OCCURRENCE('1141','=>[0:1:1:35]','',#5401,
  #5952,$);
#5972 = PRODUCT_RELATED_PRODUCT_CATEGORY('part',$,(#5954));
#5973 = SHAPE_DEFINITION_REPRESENTATION(#5974,#5980);
#5974 = PRODUCT_DEFINITION_SHAPE('','',#5975);
#5975 = PRODUCT_DEFINITION('design','',#5976,#5979);
#5976 = PRODUCT_DEFINITION_FORMATION('','',#5977);
#5977 = PRODUCT('SOLID','SOLID','',(#5978));
#5978 = PRODUCT_CONTEXT('',#2,'mechanical');
#5979 = PRODUCT_DEFINITION_CONTEXT('part definition',#2,'design');
#5980 = ADVANCED_BREP_SHAPE_REPRESENTATION('',(#11,#5981),#6079);
#5981 = MANIFOLD_SOLID_BREP('',#5982);
#5982 = CLOSED_SHELL('',(#5983,#6071,#6075));
#5983 = ADVANCED_FACE('',(#5984),#5998,.T.);
#5984 = FACE_BOUND('',#5985,.F.);
#5985 = EDGE_LOOP('',(#5986,#6016,#6043,#6044));
#5986 = ORIENTED_EDGE('',*,*,#5987,.T.);
#5987 = EDGE_CURVE('',#5988,#5990,#5992,.T.);
#5988 = VERTEX_POINT('',#5989);
#5989 = CARTESIAN_POINT('',(-2.145E+04,717.5,0.));
#5990 = VERTEX_POINT('',#5991);
#5991 = CARTESIAN_POINT('',(-2.133E+04,717.5,0.));
#5992 = SEAM_CURVE('',#5993,(#5997,#6009),.PCURVE_S1.);
#5993 = LINE('',#5994,#5995);
#5994 = CARTESIAN_POINT('',(-2.145E+04,717.5,0.));
#5995 = VECTOR('',#5996,1.);
#5996 = DIRECTION('',(1.,0.,1.110223024625E-16));
#5997 = PCURVE('',#5998,#6003);
#5998 = CYLINDRICAL_SURFACE('',#5999,405.);
#5999 = AXIS2_PLACEMENT_3D('',#6000,#6001,#6002);
#6000 = CARTESIAN_POINT('',(-2.145E+04,717.5,405.));
#6001 = DIRECTION('',(-1.,-0.,-1.110223024625E-16));
#6002 = DIRECTION('',(1.110223024625E-16,0.,-1.));
#6003 = DEFINITIONAL_REPRESENTATION('',(#6004),#6008);
#6004 = LINE('',#6005,#6006);
#6005 = CARTESIAN_POINT('',(-0.,0.));
#6006 = VECTOR('',#6007,1.);
#6007 = DIRECTION('',(-0.,-1.));
#6008 = ( GEOMETRIC_REPRESENTATION_CONTEXT(2) 
PARAMETRIC_REPRESENTATION_CONTEXT() REPRESENTATION_CONTEXT('2D SPACE',''
  ) );
#6009 = PCURVE('',#5998,#6010);
#6010 = DEFINITIONAL_REPRESENTATION('',(#6011),#6015);
#6011 = LINE('',#6012,#6013);
#6012 = CARTESIAN_POINT('',(-6.28318530718,0.));
#6013 = VECTOR('',#6014,1.);
#6014 = DIRECTION('',(-0.,-1.));
#6015 = ( GEOMETRIC_REPRESENTATION_CONTEXT(2) 
PARAMETRIC_REPRESENTATION_CONTEXT() REPRESENTATION_CONTEXT('2D SPACE',''
  ) );
#6016 = ORIENTED_EDGE('',*,*,#6017,.T.);
#6017 = EDGE_CURVE('',#5990,#5990,#6018,.T.);
#6018 = SURFACE_CURVE('',#6019,(#6024,#6031),.PCURVE_S1.);
#6019 = CIRCLE('',#6020,405.);
#6020 = AXIS2_PLACEMENT_3D('',#6021,#6022,#6023);
#6021 = CARTESIAN_POINT('',(-2.133E+04,717.5,405.));
#6022 = DIRECTION('',(1.,-0.,1.110223024625E-16));
#6023 = DIRECTION('',(1.110223024625E-16,0.,-1.));
#6024 = PCURVE('',#5998,#6025);
#6025 = DEFINITIONAL_REPRESENTATION('',(#6026),#6030);
#6026 = LINE('',#6027,#6028);
#6027 = CARTESIAN_POINT('',(-0.,-120.));
#6028 = VECTOR('',#6029,1.);
#6029 = DIRECTION('',(-1.,0.));
#6030 = ( GEOMETRIC_REPRESENTATION_CONTEXT(2) 
PARAMETRIC_REPRESENTATION_CONTEXT() REPRESENTATION_CONTEXT('2D SPACE',''
  ) );
#6031 = PCURVE('',#6032,#6037);
#6032 = PLANE('',#6033);
#6033 = AXIS2_PLACEMENT_3D('',#6034,#6035,#6036);
#6034 = CARTESIAN_POINT('',(-2.133E+04,717.5,405.));
#6035 = DIRECTION('',(1.,0.,1.110223024625E-16));
#6036 = DIRECTION('',(1.110223024625E-16,0.,-1.));
#6037 = DEFINITIONAL_REPRESENTATION('',(#6038),#6042);
#6038 = CIRCLE('',#6039,405.);
#6039 = AXIS2_PLACEMENT_2D('',#6040,#6041);
#6040 = CARTESIAN_POINT('',(5.684341886081E-14,0.));
#6041 = DIRECTION('',(1.,0.));
#6042 = ( GEOMETRIC_REPRESENTATION_CONTEXT(2) 
PARAMETRIC_REPRESENTATION_CONTEXT() REPRESENTATION_CONTEXT('2D SPACE',''
  ) );
#6043 = ORIENTED_EDGE('',*,*,#5987,.F.);
#6044 = ORIENTED_EDGE('',*,*,#6045,.F.);
#6045 = EDGE_CURVE('',#5988,#5988,#6046,.T.);
#6046 = SURFACE_CURVE('',#6047,(#6052,#6059),.PCURVE_S1.);
#6047 = CIRCLE('',#6048,405.);
#6048 = AXIS2_PLACEMENT_3D('',#6049,#6050,#6051);
#6049 = CARTESIAN_POINT('',(-2.145E+04,717.5,405.));
#6050 = DIRECTION('',(1.,-0.,1.110223024625E-16));
#6051 = DIRECTION('',(1.110223024625E-16,0.,-1.));
#6052 = PCURVE('',#5998,#6053);
#6053 = DEFINITIONAL_REPRESENTATION('',(#6054),#6058);
#6054 = LINE('',#6055,#6056);
#6055 = CARTESIAN_POINT('',(-0.,0.));
#6056 = VECTOR('',#6057,1.);
#6057 = DIRECTION('',(-1.,0.));
#6058 = ( GEOMETRIC_REPRESENTATION_CONTEXT(2) 
PARAMETRIC_REPRESENTATION_CONTEXT() REPRESENTATION_CONTEXT('2D SPACE',''
  ) );
#6059 = PCURVE('',#6060,#6065);
#6060 = PLANE('',#6061);
#6061 = AXIS2_PLACEMENT_3D('',#6062,#6063,#6064);
#6062 = CARTESIAN_POINT('',(-2.145E+04,717.5,405.));
#6063 = DIRECTION('',(1.,0.,1.110223024625E-16));
#6064 = DIRECTION('',(1.110223024625E-16,0.,-1.));
#6065 = DEFINITIONAL_REPRESENTATION('',(#6066),#6070);
#6066 = CIRCLE('',#6067,405.);
#6067 = AXIS2_PLACEMENT_2D('',#6068,#6069);
#6068 = CARTESIAN_POINT('',(0.,0.));
#6069 = DIRECTION('',(1.,0.));
#6070 = ( GEOMETRIC_REPRESENTATION_CONTEXT(2) 
PARAMETRIC_REPRESENTATION_CONTEXT() REPRESENTATION_CONTEXT('2D SPACE',''
  ) );
#6071 = ADVANCED_FACE('',(#6072),#6060,.F.);
#6072 = FACE_BOUND('',#6073,.F.);
#6073 = EDGE_LOOP('',(#6074));
#6074 = ORIENTED_EDGE('',*,*,#6045,.T.);
#6075 = ADVANCED_FACE('',(#6076),#6032,.T.);
#6076 = FACE_BOUND('',#6077,.T.);
#6077 = EDGE_LOOP('',(#6078));
#6078 = ORIENTED_EDGE('',*,*,#6017,.T.);
#6079 = ( GEOMETRIC_REPRESENTATION_CONTEXT(3) 
GLOBAL_UNCERTAINTY_ASSIGNED_CONTEXT((#6083)) 
GLOBAL_UNIT_ASSIGNED_CONTEXT((#6080,#6081,#6082)) REPRESENTATION_CONTEXT
('Context #1','3D Context with UNIT and UNCERTAINTY') );
#6080 = ( LENGTH_UNIT() NAMED_UNIT(*) SI_UNIT(.MILLI.,.METRE.) );
#6081 = ( NAMED_UNIT(*) PLANE_ANGLE_UNIT() SI_UNIT($,.RADIAN.) );
#6082 = ( NAMED_UNIT(*) SI_UNIT($,.STERADIAN.) SOLID_ANGLE_UNIT() );
#6083 = UNCERTAINTY_MEASURE_WITH_UNIT(LENGTH_MEASURE(1.E-07),#6080,
  'distance_accuracy_value','confusion accuracy');
#6084 = CONTEXT_DEPENDENT_SHAPE_REPRESENTATION(#6085,#6087);
#6085 = ( REPRESENTATION_RELATIONSHIP('','',#5980,#5957) 
REPRESENTATION_RELATIONSHIP_WITH_TRANSFORMATION(#6086) 
SHAPE_REPRESENTATION_RELATIONSHIP() );
#6086 = ITEM_DEFINED_TRANSFORMATION('','',#11,#5958);
#6087 = PRODUCT_DEFINITION_SHAPE('Placement','Placement of an item',
  #6088);
#6088 = NEXT_ASSEMBLY_USAGE_OCCURRENCE('1140','=>[0:1:1:36]','',#5952,
  #5975,$);
#6089 = PRODUCT_RELATED_PRODUCT_CATEGORY('part',$,(#5977));
#6090 = SHAPE_DEFINITION_REPRESENTATION(#6091,#6097);
#6091 = PRODUCT_DEFINITION_SHAPE('','',#6092);
#6092 = PRODUCT_DEFINITION('design','',#6093,#6096);
#6093 = PRODUCT_DEFINITION_FORMATION('','',#6094);
#6094 = PRODUCT('ASSEMBLY','ASSEMBLY','',(#6095));
#6095 = PRODUCT_CONTEXT('',#2,'mechanical');
#6096 = PRODUCT_DEFINITION_CONTEXT('part definition',#2,'design');
#6097 = SHAPE_REPRESENTATION('',(#11,#6098),#6102);
#6098 = AXIS2_PLACEMENT_3D('',#6099,#6100,#6101);
#6099 = CARTESIAN_POINT('',(0.,0.,0.));
#6100 = DIRECTION('',(0.,0.,1.));
#6101 = DIRECTION('',(1.,0.,-0.));
#6102 = ( GEOMETRIC_REPRESENTATION_CONTEXT(3) 
GLOBAL_UNCERTAINTY_ASSIGNED_CONTEXT((#6106)) 
GLOBAL_UNIT_ASSIGNED_CONTEXT((#6103,#6104,#6105)) REPRESENTATION_CONTEXT
('Context #1','3D Context with UNIT and UNCERTAINTY') );
#6103 = ( LENGTH_UNIT() NAMED_UNIT(*) SI_UNIT(.MILLI.,.METRE.) );
#6104 = ( NAMED_UNIT(*) PLANE_ANGLE_UNIT() SI_UNIT($,.RADIAN.) );
#6105 = ( NAMED_UNIT(*) SI_UNIT($,.STERADIAN.) SOLID_ANGLE_UNIT() );
#6106 = UNCERTAINTY_MEASURE_WITH_UNIT(LENGTH_MEASURE(1.E-07),#6103,
  'distance_accuracy_value','confusion accuracy');
#6107 = CONTEXT_DEPENDENT_SHAPE_REPRESENTATION(#6108,#6110);
#6108 = ( REPRESENTATION_RELATIONSHIP('','',#6097,#5406) 
REPRESENTATION_RELATIONSHIP_WITH_TRANSFORMATION(#6109) 
SHAPE_REPRESENTATION_RELATIONSHIP() );
#6109 = ITEM_DEFINED_TRANSFORMATION('','',#11,#5419);
#6110 = PRODUCT_DEFINITION_SHAPE('Placement','Placement of an item',
  #6111);
#6111 = NEXT_ASSEMBLY_USAGE_OCCURRENCE('1143','=>[0:1:1:37]','',#5401,
  #6092,$);
#6112 = PRODUCT_RELATED_PRODUCT_CATEGORY('part',$,(#6094));
#6113 = SHAPE_DEFINITION_REPRESENTATION(#6114,#6120);
#6114 = PRODUCT_DEFINITION_SHAPE('','',#6115);
#6115 = PRODUCT_DEFINITION('design','',#6116,#6119);
#6116 = PRODUCT_DEFINITION_FORMATION('','',#6117);
#6117 = PRODUCT('SOLID','SOLID','',(#6118));
#6118 = PRODUCT_CONTEXT('',#2,'mechanical');
#6119 = PRODUCT_DEFINITION_CONTEXT('part definition',#2,'design');
#6120 = ADVANCED_BREP_SHAPE_REPRESENTATION('',(#11,#6121),#6219);
#6121 = MANIFOLD_SOLID_BREP('',#6122);
#6122 = CLOSED_SHELL('',(#6123,#6211,#6215));
#6123 = ADVANCED_FACE('',(#6124),#6138,.T.);
#6124 = FACE_BOUND('',#6125,.F.);
#6125 = EDGE_LOOP('',(#6126,#6156,#6183,#6184));
#6126 = ORIENTED_EDGE('',*,*,#6127,.T.);
#6127 = EDGE_CURVE('',#6128,#6130,#6132,.T.);
#6128 = VERTEX_POINT('',#6129);
#6129 = CARTESIAN_POINT('',(-1.935E+04,-717.5,0.));
#6130 = VERTEX_POINT('',#6131);
#6131 = CARTESIAN_POINT('',(-1.923E+04,-717.5,0.));
#6132 = SEAM_CURVE('',#6133,(#6137,#6149),.PCURVE_S1.);
#6133 = LINE('',#6134,#6135);
#6134 = CARTESIAN_POINT('',(-1.935E+04,-717.5,0.));
#6135 = VECTOR('',#6136,1.);
#6136 = DIRECTION('',(1.,0.,1.110223024625E-16));
#6137 = PCURVE('',#6138,#6143);
#6138 = CYLINDRICAL_SURFACE('',#6139,405.);
#6139 = AXIS2_PLACEMENT_3D('',#6140,#6141,#6142);
#6140 = CARTESIAN_POINT('',(-1.935E+04,-717.5,405.));
#6141 = DIRECTION('',(-1.,-0.,-1.110223024625E-16));
#6142 = DIRECTION('',(1.110223024625E-16,0.,-1.));
#6143 = DEFINITIONAL_REPRESENTATION('',(#6144),#6148);
#6144 = LINE('',#6145,#6146);
#6145 = CARTESIAN_POINT('',(-0.,0.));
#6146 = VECTOR('',#6147,1.);
#6147 = DIRECTION('',(-0.,-1.));
#6148 = ( GEOMETRIC_REPRESENTATION_CONTEXT(2) 
PARAMETRIC_REPRESENTATION_CONTEXT() REPRESENTATION_CONTEXT('2D SPACE',''
  ) );
#6149 = PCURVE('',#6138,#6150);
#6150 = DEFINITIONAL_REPRESENTATION('',(#6151),#6155);
#6151 = LINE('',#6152,#6153);
#6152 = CARTESIAN_POINT('',(-6.28318530718,0.));
#6153 = VECTOR('',#6154,1.);
#6154 = DIRECTION('',(-0.,-1.));
#6155 = ( GEOMETRIC_REPRESENTATION_CONTEXT(2) 
PARAMETRIC_REPRESENTATION_CONTEXT() REPRESENTATION_CONTEXT('2D SPACE',''
  ) );
#6156 = ORIENTED_EDGE('',*,*,#6157,.T.);
#6157 = EDGE_CURVE('',#6130,#6130,#6158,.T.);
#6158 = SURFACE_CURVE('',#6159,(#6164,#6171),.PCURVE_S1.);
#6159 = CIRCLE('',#6160,405.);
#6160 = AXIS2_PLACEMENT_3D('',#6161,#6162,#6163);
#6161 = CARTESIAN_POINT('',(-1.923E+04,-717.5,405.));
#6162 = DIRECTION('',(1.,-0.,1.110223024625E-16));
#6163 = DIRECTION('',(1.110223024625E-16,0.,-1.));
#6164 = PCURVE('',#6138,#6165);
#6165 = DEFINITIONAL_REPRESENTATION('',(#6166),#6170);
#6166 = LINE('',#6167,#6168);
#6167 = CARTESIAN_POINT('',(-0.,-120.));
#6168 = VECTOR('',#6169,1.);
#6169 = DIRECTION('',(-1.,0.));
#6170 = ( GEOMETRIC_REPRESENTATION_CONTEXT(2) 
PARAMETRIC_REPRESENTATION_CONTEXT() REPRESENTATION_CONTEXT('2D SPACE',''
  ) );
#6171 = PCURVE('',#6172,#6177);
#6172 = PLANE('',#6173);
#6173 = AXIS2_PLACEMENT_3D('',#6174,#6175,#6176);
#6174 = CARTESIAN_POINT('',(-1.923E+04,-717.5,405.));
#6175 = DIRECTION('',(1.,0.,1.110223024625E-16));
#6176 = DIRECTION('',(1.110223024625E-16,0.,-1.));
#6177 = DEFINITIONAL_REPRESENTATION('',(#6178),#6182);
#6178 = CIRCLE('',#6179,405.);
#6179 = AXIS2_PLACEMENT_2D('',#6180,#6181);
#6180 = CARTESIAN_POINT('',(5.684341886081E-14,0.));
#6181 = DIRECTION('',(1.,0.));
#6182 = ( GEOMETRIC_REPRESENTATION_CONTEXT(2) 
PARAMETRIC_REPRESENTATION_CONTEXT() REPRESENTATION_CONTEXT('2D SPACE',''
  ) );
#6183 = ORIENTED_EDGE('',*,*,#6127,.F.);
#6184 = ORIENTED_EDGE('',*,*,#6185,.F.);
#6185 = EDGE_CURVE('',#6128,#6128,#6186,.T.);
#6186 = SURFACE_CURVE('',#6187,(#6192,#6199),.PCURVE_S1.);
#6187 = CIRCLE('',#6188,405.);
#6188 = AXIS2_PLACEMENT_3D('',#6189,#6190,#6191);
#6189 = CARTESIAN_POINT('',(-1.935E+04,-717.5,405.));
#6190 = DIRECTION('',(1.,-0.,1.110223024625E-16));
#6191 = DIRECTION('',(1.110223024625E-16,0.,-1.));
#6192 = PCURVE('',#6138,#6193);
#6193 = DEFINITIONAL_REPRESENTATION('',(#6194),#6198);
#6194 = LINE('',#6195,#6196);
#6195 = CARTESIAN_POINT('',(-0.,0.));
#6196 = VECTOR('',#6197,1.);
#6197 = DIRECTION('',(-1.,0.));
#6198 = ( GEOMETRIC_REPRESENTATION_CONTEXT(2) 
PARAMETRIC_REPRESENTATION_CONTEXT() REPRESENTATION_CONTEXT('2D SPACE',''
  ) );
#6199 = PCURVE('',#6200,#6205);
#6200 = PLANE('',#6201);
#6201 = AXIS2_PLACEMENT_3D('',#6202,#6203,#6204);
#6202 = CARTESIAN_POINT('',(-1.935E+04,-717.5,405.));
#6203 = DIRECTION('',(1.,0.,1.110223024625E-16));
#6204 = DIRECTION('',(1.110223024625E-16,0.,-1.));
#6205 = DEFINITIONAL_REPRESENTATION('',(#6206),#6210);
#6206 = CIRCLE('',#6207,405.);
#6207 = AXIS2_PLACEMENT_2D('',#6208,#6209);
#6208 = CARTESIAN_POINT('',(0.,0.));
#6209 = DIRECTION('',(1.,0.));
#6210 = ( GEOMETRIC_REPRESENTATION_CONTEXT(2) 
PARAMETRIC_REPRESENTATION_CONTEXT() REPRESENTATION_CONTEXT('2D SPACE',''
  ) );
#6211 = ADVANCED_FACE('',(#6212),#6200,.F.);
#6212 = FACE_BOUND('',#6213,.F.);
#6213 = EDGE_LOOP('',(#6214));
#6214 = ORIENTED_EDGE('',*,*,#6185,.T.);
#6215 = ADVANCED_FACE('',(#6216),#6172,.T.);
#6216 = FACE_BOUND('',#6217,.T.);
#6217 = EDGE_LOOP('',(#6218));
#6218 = ORIENTED_EDGE('',*,*,#6157,.T.);
#6219 = ( GEOMETRIC_REPRESENTATION_CONTEXT(3) 
GLOBAL_UNCERTAINTY_ASSIGNED_CONTEXT((#6223)) 
GLOBAL_UNIT_ASSIGNED_CONTEXT((#6220,#6221,#6222)) REPRESENTATION_CONTEXT
('Context #1','3D Context with UNIT and UNCERTAINTY') );
#6220 = ( LENGTH_UNIT() NAMED_UNIT(*) SI_UNIT(.MILLI.,.METRE.) );
#6221 = ( NAMED_UNIT(*) PLANE_ANGLE_UNIT() SI_UNIT($,.RADIAN.) );
#6222 = ( NAMED_UNIT(*) SI_UNIT($,.STERADIAN.) SOLID_ANGLE_UNIT() );
#6223 = UNCERTAINTY_MEASURE_WITH_UNIT(LENGTH_MEASURE(1.E-07),#6220,
  'distance_accuracy_value','confusion accuracy');
#6224 = CONTEXT_DEPENDENT_SHAPE_REPRESENTATION(#6225,#6227);
#6225 = ( REPRESENTATION_RELATIONSHIP('','',#6120,#6097) 
REPRESENTATION_RELATIONSHIP_WITH_TRANSFORMATION(#6226) 
SHAPE_REPRESENTATION_RELATIONSHIP() );
#6226 = ITEM_DEFINED_TRANSFORMATION('','',#11,#6098);
#6227 = PRODUCT_DEFINITION_SHAPE('Placement','Placement of an item',
  #6228);
#6228 = NEXT_ASSEMBLY_USAGE_OCCURRENCE('1142','=>[0:1:1:38]','',#6092,
  #6115,$);
#6229 = PRODUCT_RELATED_PRODUCT_CATEGORY('part',$,(#6117));
#6230 = SHAPE_DEFINITION_REPRESENTATION(#6231,#6237);
#6231 = PRODUCT_DEFINITION_SHAPE('','',#6232);
#6232 = PRODUCT_DEFINITION('design','',#6233,#6236);
#6233 = PRODUCT_DEFINITION_FORMATION('','',#6234);
#6234 = PRODUCT('ASSEMBLY','ASSEMBLY','',(#6235));
#6235 = PRODUCT_CONTEXT('',#2,'mechanical');
#6236 = PRODUCT_DEFINITION_CONTEXT('part definition',#2,'design');
#6237 = SHAPE_REPRESENTATION('',(#11,#6238),#6242);
#6238 = AXIS2_PLACEMENT_3D('',#6239,#6240,#6241);
#6239 = CARTESIAN_POINT('',(0.,0.,0.));
#6240 = DIRECTION('',(0.,0.,1.));
#6241 = DIRECTION('',(1.,0.,-0.));
#6242 = ( GEOMETRIC_REPRESENTATION_CONTEXT(3) 
GLOBAL_UNCERTAINTY_ASSIGNED_CONTEXT((#6246)) 
GLOBAL_UNIT_ASSIGNED_CONTEXT((#6243,#6244,#6245)) REPRESENTATION_CONTEXT
('Context #1','3D Context with UNIT and UNCERTAINTY') );
#6243 = ( LENGTH_UNIT() NAMED_UNIT(*) SI_UNIT(.MILLI.,.METRE.) );
#6244 = ( NAMED_UNIT(*) PLANE_ANGLE_UNIT() SI_UNIT($,.RADIAN.) );
#6245 = ( NAMED_UNIT(*) SI_UNIT($,.STERADIAN.) SOLID_ANGLE_UNIT() );
#6246 = UNCERTAINTY_MEASURE_WITH_UNIT(LENGTH_MEASURE(1.E-07),#6243,
  'distance_accuracy_value','confusion accuracy');
#6247 = CONTEXT_DEPENDENT_SHAPE_REPRESENTATION(#6248,#6250);
#6248 = ( REPRESENTATION_RELATIONSHIP('','',#6237,#5406) 
REPRESENTATION_RELATIONSHIP_WITH_TRANSFORMATION(#6249) 
SHAPE_REPRESENTATION_RELATIONSHIP() );
#6249 = ITEM_DEFINED_TRANSFORMATION('','',#11,#5423);
#6250 = PRODUCT_DEFINITION_SHAPE('Placement','Placement of an item',
  #6251);
#6251 = NEXT_ASSEMBLY_USAGE_OCCURRENCE('1145','=>[0:1:1:39]','',#5401,
  #6232,$);
#6252 = PRODUCT_RELATED_PRODUCT_CATEGORY('part',$,(#6234));
#6253 = SHAPE_DEFINITION_REPRESENTATION(#6254,#6260);
#6254 = PRODUCT_DEFINITION_SHAPE('','',#6255);
#6255 = PRODUCT_DEFINITION('design','',#6256,#6259);
#6256 = PRODUCT_DEFINITION_FORMATION('','',#6257);
#6257 = PRODUCT('SOLID','SOLID','',(#6258));
#6258 = PRODUCT_CONTEXT('',#2,'mechanical');
#6259 = PRODUCT_DEFINITION_CONTEXT('part definition',#2,'design');
#6260 = ADVANCED_BREP_SHAPE_REPRESENTATION('',(#11,#6261),#6359);
#6261 = MANIFOLD_SOLID_BREP('',#6262);
#6262 = CLOSED_SHELL('',(#6263,#6351,#6355));
#6263 = ADVANCED_FACE('',(#6264),#6278,.T.);
#6264 = FACE_BOUND('',#6265,.F.);
#6265 = EDGE_LOOP('',(#6266,#6296,#6323,#6324));
#6266 = ORIENTED_EDGE('',*,*,#6267,.T.);
#6267 = EDGE_CURVE('',#6268,#6270,#6272,.T.);
#6268 = VERTEX_POINT('',#6269);
#6269 = CARTESIAN_POINT('',(-1.935E+04,717.5,0.));
#6270 = VERTEX_POINT('',#6271);
#6271 = CARTESIAN_POINT('',(-1.923E+04,717.5,0.));
#6272 = SEAM_CURVE('',#6273,(#6277,#6289),.PCURVE_S1.);
#6273 = LINE('',#6274,#6275);
#6274 = CARTESIAN_POINT('',(-1.935E+04,717.5,0.));
#6275 = VECTOR('',#6276,1.);
#6276 = DIRECTION('',(1.,0.,1.110223024625E-16));
#6277 = PCURVE('',#6278,#6283);
#6278 = CYLINDRICAL_SURFACE('',#6279,405.);
#6279 = AXIS2_PLACEMENT_3D('',#6280,#6281,#6282);
#6280 = CARTESIAN_POINT('',(-1.935E+04,717.5,405.));
#6281 = DIRECTION('',(-1.,-0.,-1.110223024625E-16));
#6282 = DIRECTION('',(1.110223024625E-16,0.,-1.));
#6283 = DEFINITIONAL_REPRESENTATION('',(#6284),#6288);
#6284 = LINE('',#6285,#6286);
#6285 = CARTESIAN_POINT('',(-0.,0.));
#6286 = VECTOR('',#6287,1.);
#6287 = DIRECTION('',(-0.,-1.));
#6288 = ( GEOMETRIC_REPRESENTATION_CONTEXT(2) 
PARAMETRIC_REPRESENTATION_CONTEXT() REPRESENTATION_CONTEXT('2D SPACE',''
  ) );
#6289 = PCURVE('',#6278,#6290);
#6290 = DEFINITIONAL_REPRESENTATION('',(#6291),#6295);
#6291 = LINE('',#6292,#6293);
#6292 = CARTESIAN_POINT('',(-6.28318530718,0.));
#6293 = VECTOR('',#6294,1.);
#6294 = DIRECTION('',(-0.,-1.));
#6295 = ( GEOMETRIC_REPRESENTATION_CONTEXT(2) 
PARAMETRIC_REPRESENTATION_CONTEXT() REPRESENTATION_CONTEXT('2D SPACE',''
  ) );
#6296 = ORIENTED_EDGE('',*,*,#6297,.T.);
#6297 = EDGE_CURVE('',#6270,#6270,#6298,.T.);
#6298 = SURFACE_CURVE('',#6299,(#6304,#6311),.PCURVE_S1.);
#6299 = CIRCLE('',#6300,405.);
#6300 = AXIS2_PLACEMENT_3D('',#6301,#6302,#6303);
#6301 = CARTESIAN_POINT('',(-1.923E+04,717.5,405.));
#6302 = DIRECTION('',(1.,-0.,1.110223024625E-16));
#6303 = DIRECTION('',(1.110223024625E-16,0.,-1.));
#6304 = PCURVE('',#6278,#6305);
#6305 = DEFINITIONAL_REPRESENTATION('',(#6306),#6310);
#6306 = LINE('',#6307,#6308);
#6307 = CARTESIAN_POINT('',(-0.,-120.));
#6308 = VECTOR('',#6309,1.);
#6309 = DIRECTION('',(-1.,0.));
#6310 = ( GEOMETRIC_REPRESENTATION_CONTEXT(2) 
PARAMETRIC_REPRESENTATION_CONTEXT() REPRESENTATION_CONTEXT('2D SPACE',''
  ) );
#6311 = PCURVE('',#6312,#6317);
#6312 = PLANE('',#6313);
#6313 = AXIS2_PLACEMENT_3D('',#6314,#6315,#6316);
#6314 = CARTESIAN_POINT('',(-1.923E+04,717.5,405.));
#6315 = DIRECTION('',(1.,0.,1.110223024625E-16));
#6316 = DIRECTION('',(1.110223024625E-16,0.,-1.));
#6317 = DEFINITIONAL_REPRESENTATION('',(#6318),#6322);
#6318 = CIRCLE('',#6319,405.);
#6319 = AXIS2_PLACEMENT_2D('',#6320,#6321);
#6320 = CARTESIAN_POINT('',(5.684341886081E-14,0.));
#6321 = DIRECTION('',(1.,0.));
#6322 = ( GEOMETRIC_REPRESENTATION_CONTEXT(2) 
PARAMETRIC_REPRESENTATION_CONTEXT() REPRESENTATION_CONTEXT('2D SPACE',''
  ) );
#6323 = ORIENTED_EDGE('',*,*,#6267,.F.);
#6324 = ORIENTED_EDGE('',*,*,#6325,.F.);
#6325 = EDGE_CURVE('',#6268,#6268,#6326,.T.);
#6326 = SURFACE_CURVE('',#6327,(#6332,#6339),.PCURVE_S1.);
#6327 = CIRCLE('',#6328,405.);
#6328 = AXIS2_PLACEMENT_3D('',#6329,#6330,#6331);
#6329 = CARTESIAN_POINT('',(-1.935E+04,717.5,405.));
#6330 = DIRECTION('',(1.,-0.,1.110223024625E-16));
#6331 = DIRECTION('',(1.110223024625E-16,0.,-1.));
#6332 = PCURVE('',#6278,#6333);
#6333 = DEFINITIONAL_REPRESENTATION('',(#6334),#6338);
#6334 = LINE('',#6335,#6336);
#6335 = CARTESIAN_POINT('',(-0.,0.));
#6336 = VECTOR('',#6337,1.);
#6337 = DIRECTION('',(-1.,0.));
#6338 = ( GEOMETRIC_REPRESENTATION_CONTEXT(2) 
PARAMETRIC_REPRESENTATION_CONTEXT() REPRESENTATION_CONTEXT('2D SPACE',''
  ) );
#6339 = PCURVE('',#6340,#6345);
#6340 = PLANE('',#6341);
#6341 = AXIS2_PLACEMENT_3D('',#6342,#6343,#6344);
#6342 = CARTESIAN_POINT('',(-1.935E+04,717.5,405.));
#6343 = DIRECTION('',(1.,0.,1.110223024625E-16));
#6344 = DIRECTION('',(1.110223024625E-16,0.,-1.));
#6345 = DEFINITIONAL_REPRESENTATION('',(#6346),#6350);
#6346 = CIRCLE('',#6347,405.);
#6347 = AXIS2_PLACEMENT_2D('',#6348,#6349);
#6348 = CARTESIAN_POINT('',(0.,0.));
#6349 = DIRECTION('',(1.,0.));
#6350 = ( GEOMETRIC_REPRESENTATION_CONTEXT(2) 
PARAMETRIC_REPRESENTATION_CONTEXT() REPRESENTATION_CONTEXT('2D SPACE',''
  ) );
#6351 = ADVANCED_FACE('',(#6352),#6340,.F.);
#6352 = FACE_BOUND('',#6353,.F.);
#6353 = EDGE_LOOP('',(#6354));
#6354 = ORIENTED_EDGE('',*,*,#6325,.T.);
#6355 = ADVANCED_FACE('',(#6356),#6312,.T.);
#6356 = FACE_BOUND('',#6357,.T.);
#6357 = EDGE_LOOP('',(#6358));
#6358 = ORIENTED_EDGE('',*,*,#6297,.T.);
#6359 = ( GEOMETRIC_REPRESENTATION_CONTEXT(3) 
GLOBAL_UNCERTAINTY_ASSIGNED_CONTEXT((#6363)) 
GLOBAL_UNIT_ASSIGNED_CONTEXT((#6360,#6361,#6362)) REPRESENTATION_CONTEXT
('Context #1','3D Context with UNIT and UNCERTAINTY') );
#6360 = ( LENGTH_UNIT() NAMED_UNIT(*) SI_UNIT(.MILLI.,.METRE.) );
#6361 = ( NAMED_UNIT(*) PLANE_ANGLE_UNIT() SI_UNIT($,.RADIAN.) );
#6362 = ( NAMED_UNIT(*) SI_UNIT($,.STERADIAN.) SOLID_ANGLE_UNIT() );
#6363 = UNCERTAINTY_MEASURE_WITH_UNIT(LENGTH_MEASURE(1.E-07),#6360,
  'distance_accuracy_value','confusion accuracy');
#6364 = CONTEXT_DEPENDENT_SHAPE_REPRESENTATION(#6365,#6367);
#6365 = ( REPRESENTATION_RELATIONSHIP('','',#6260,#6237) 
REPRESENTATION_RELATIONSHIP_WITH_TRANSFORMATION(#6366) 
SHAPE_REPRESENTATION_RELATIONSHIP() );
#6366 = ITEM_DEFINED_TRANSFORMATION('','',#11,#6238);
#6367 = PRODUCT_DEFINITION_SHAPE('Placement','Placement of an item',
  #6368);
#6368 = NEXT_ASSEMBLY_USAGE_OCCURRENCE('1144','=>[0:1:1:40]','',#6232,
  #6255,$);
#6369 = PRODUCT_RELATED_PRODUCT_CATEGORY('part',$,(#6257));
#6370 = SHAPE_DEFINITION_REPRESENTATION(#6371,#6377);
#6371 = PRODUCT_DEFINITION_SHAPE('','',#6372);
#6372 = PRODUCT_DEFINITION('design','',#6373,#6376);
#6373 = PRODUCT_DEFINITION_FORMATION('','',#6374);
#6374 = PRODUCT('Bogie (2-axle, simplified)',
  'Bogie (2-axle, simplified)','',(#6375));
#6375 = PRODUCT_CONTEXT('',#2,'mechanical');
#6376 = PRODUCT_DEFINITION_CONTEXT('part definition',#2,'design');
#6377 = SHAPE_REPRESENTATION('',(#11,#6378,#6382,#6386,#6390,#6394),
  #6398);
#6378 = AXIS2_PLACEMENT_3D('',#6379,#6380,#6381);
#6379 = CARTESIAN_POINT('',(0.,0.,0.));
#6380 = DIRECTION('',(0.,0.,1.));
#6381 = DIRECTION('',(1.,0.,-0.));
#6382 = AXIS2_PLACEMENT_3D('',#6383,#6384,#6385);
#6383 = CARTESIAN_POINT('',(0.,0.,0.));
#6384 = DIRECTION('',(0.,0.,1.));
#6385 = DIRECTION('',(1.,0.,-0.));
#6386 = AXIS2_PLACEMENT_3D('',#6387,#6388,#6389);
#6387 = CARTESIAN_POINT('',(0.,0.,0.));
#6388 = DIRECTION('',(0.,0.,1.));
#6389 = DIRECTION('',(1.,0.,-0.));
#6390 = AXIS2_PLACEMENT_3D('',#6391,#6392,#6393);
#6391 = CARTESIAN_POINT('',(0.,0.,0.));
#6392 = DIRECTION('',(0.,0.,1.));
#6393 = DIRECTION('',(1.,0.,-0.));
#6394 = AXIS2_PLACEMENT_3D('',#6395,#6396,#6397);
#6395 = CARTESIAN_POINT('',(0.,0.,0.));
#6396 = DIRECTION('',(0.,0.,1.));
#6397 = DIRECTION('',(1.,0.,-0.));
#6398 = ( GEOMETRIC_REPRESENTATION_CONTEXT(3) 
GLOBAL_UNCERTAINTY_ASSIGNED_CONTEXT((#6402)) 
GLOBAL_UNIT_ASSIGNED_CONTEXT((#6399,#6400,#6401)) REPRESENTATION_CONTEXT
('Context #1','3D Context with UNIT and UNCERTAINTY') );
#6399 = ( LENGTH_UNIT() NAMED_UNIT(*) SI_UNIT(.MILLI.,.METRE.) );
#6400 = ( NAMED_UNIT(*) PLANE_ANGLE_UNIT() SI_UNIT($,.RADIAN.) );
#6401 = ( NAMED_UNIT(*) SI_UNIT($,.STERADIAN.) SOLID_ANGLE_UNIT() );
#6402 = UNCERTAINTY_MEASURE_WITH_UNIT(LENGTH_MEASURE(1.E-07),#6399,
  'distance_accuracy_value','confusion accuracy');
#6403 = CONTEXT_DEPENDENT_SHAPE_REPRESENTATION(#6404,#6406);
#6404 = ( REPRESENTATION_RELATIONSHIP('','',#6377,#10) 
REPRESENTATION_RELATIONSHIP_WITH_TRANSFORMATION(#6405) 
SHAPE_REPRESENTATION_RELATIONSHIP() );
#6405 = ITEM_DEFINED_TRANSFORMATION('','',#11,#39);
#6406 = PRODUCT_DEFINITION_SHAPE('Placement','Placement of an item',
  #6407);
#6407 = NEXT_ASSEMBLY_USAGE_OCCURRENCE('1157','=>[0:1:1:41]','',#5,#6372
  ,$);
#6408 = PRODUCT_RELATED_PRODUCT_CATEGORY('part',$,(#6374));
#6409 = SHAPE_DEFINITION_REPRESENTATION(#6410,#6416);
#6410 = PRODUCT_DEFINITION_SHAPE('','',#6411);
#6411 = PRODUCT_DEFINITION('design','',#6412,#6415);
#6412 = PRODUCT_DEFINITION_FORMATION('','',#6413);
#6413 = PRODUCT('ASSEMBLY','ASSEMBLY','',(#6414));
#6414 = PRODUCT_CONTEXT('',#2,'mechanical');
#6415 = PRODUCT_DEFINITION_CONTEXT('part definition',#2,'design');
#6416 = SHAPE_REPRESENTATION('',(#11,#6417),#6421);
#6417 = AXIS2_PLACEMENT_3D('',#6418,#6419,#6420);
#6418 = CARTESIAN_POINT('',(0.,0.,0.));
#6419 = DIRECTION('',(0.,0.,1.));
#6420 = DIRECTION('',(1.,0.,-0.));
#6421 = ( GEOMETRIC_REPRESENTATION_CONTEXT(3) 
GLOBAL_UNCERTAINTY_ASSIGNED_CONTEXT((#6425)) 
GLOBAL_UNIT_ASSIGNED_CONTEXT((#6422,#6423,#6424)) REPRESENTATION_CONTEXT
('Context #1','3D Context with UNIT and UNCERTAINTY') );
#6422 = ( LENGTH_UNIT() NAMED_UNIT(*) SI_UNIT(.MILLI.,.METRE.) );
#6423 = ( NAMED_UNIT(*) PLANE_ANGLE_UNIT() SI_UNIT($,.RADIAN.) );
#6424 = ( NAMED_UNIT(*) SI_UNIT($,.STERADIAN.) SOLID_ANGLE_UNIT() );
#6425 = UNCERTAINTY_MEASURE_WITH_UNIT(LENGTH_MEASURE(1.E-07),#6422,
  'distance_accuracy_value','confusion accuracy');
#6426 = CONTEXT_DEPENDENT_SHAPE_REPRESENTATION(#6427,#6429);
#6427 = ( REPRESENTATION_RELATIONSHIP('','',#6416,#6377) 
REPRESENTATION_RELATIONSHIP_WITH_TRANSFORMATION(#6428) 
SHAPE_REPRESENTATION_RELATIONSHIP() );
#6428 = ITEM_DEFINED_TRANSFORMATION('','',#11,#6378);
#6429 = PRODUCT_DEFINITION_SHAPE('Placement','Placement of an item',
  #6430);
#6430 = NEXT_ASSEMBLY_USAGE_OCCURRENCE('1148','=>[0:1:1:42]','',#6372,
  #6411,$);
#6431 = PRODUCT_RELATED_PRODUCT_CATEGORY('part',$,(#6413));
#6432 = SHAPE_DEFINITION_REPRESENTATION(#6433,#6439);
#6433 = PRODUCT_DEFINITION_SHAPE('','',#6434);
#6434 = PRODUCT_DEFINITION('design','',#6435,#6438);
#6435 = PRODUCT_DEFINITION_FORMATION('','',#6436);
#6436 = PRODUCT('SOLID','SOLID','',(#6437));
#6437 = PRODUCT_CONTEXT('',#2,'mechanical');
#6438 = PRODUCT_DEFINITION_CONTEXT('part definition',#2,'design');
#6439 = ADVANCED_BREP_SHAPE_REPRESENTATION('',(#11,#6440),#6770);
#6440 = MANIFOLD_SOLID_BREP('',#6441);
#6441 = CLOSED_SHELL('',(#6442,#6562,#6638,#6709,#6756,#6763));
#6442 = ADVANCED_FACE('',(#6443),#6457,.T.);
#6443 = FACE_BOUND('',#6444,.T.);
#6444 = EDGE_LOOP('',(#6445,#6480,#6508,#6536));
#6445 = ORIENTED_EDGE('',*,*,#6446,.T.);
#6446 = EDGE_CURVE('',#6447,#6449,#6451,.T.);
#6447 = VERTEX_POINT('',#6448);
#6448 = CARTESIAN_POINT('',(-4.35E+03,-1.2E+03,455.));
#6449 = VERTEX_POINT('',#6450);
#6450 = CARTESIAN_POINT('',(-4.35E+03,-1.2E+03,755.));
#6451 = SURFACE_CURVE('',#6452,(#6456,#6468),.PCURVE_S1.);
#6452 = LINE('',#6453,#6454);
#6453 = CARTESIAN_POINT('',(-4.35E+03,-1.2E+03,455.));
#6454 = VECTOR('',#6455,1.);
#6455 = DIRECTION('',(0.,0.,1.));
#6456 = PCURVE('',#6457,#6462);
#6457 = PLANE('',#6458);
#6458 = AXIS2_PLACEMENT_3D('',#6459,#6460,#6461);
#6459 = CARTESIAN_POINT('',(-4.35E+03,-1.2E+03,455.));
#6460 = DIRECTION('',(-1.,0.,0.));
#6461 = DIRECTION('',(0.,1.,0.));
#6462 = DEFINITIONAL_REPRESENTATION('',(#6463),#6467);
#6463 = LINE('',#6464,#6465);
#6464 = CARTESIAN_POINT('',(0.,0.));
#6465 = VECTOR('',#6466,1.);
#6466 = DIRECTION('',(0.,-1.));
#6467 = ( GEOMETRIC_REPRESENTATION_CONTEXT(2) 
PARAMETRIC_REPRESENTATION_CONTEXT() REPRESENTATION_CONTEXT('2D SPACE',''
  ) );
#6468 = PCURVE('',#6469,#6474);
#6469 = PLANE('',#6470);
#6470 = AXIS2_PLACEMENT_3D('',#6471,#6472,#6473);
#6471 = CARTESIAN_POINT('',(-4.35E+03,-1.2E+03,455.));
#6472 = DIRECTION('',(0.,1.,0.));
#6473 = DIRECTION('',(1.,0.,0.));
#6474 = DEFINITIONAL_REPRESENTATION('',(#6475),#6479);
#6475 = LINE('',#6476,#6477);
#6476 = CARTESIAN_POINT('',(0.,0.));
#6477 = VECTOR('',#6478,1.);
#6478 = DIRECTION('',(0.,-1.));
#6479 = ( GEOMETRIC_REPRESENTATION_CONTEXT(2) 
PARAMETRIC_REPRESENTATION_CONTEXT() REPRESENTATION_CONTEXT('2D SPACE',''
  ) );
#6480 = ORIENTED_EDGE('',*,*,#6481,.T.);
#6481 = EDGE_CURVE('',#6449,#6482,#6484,.T.);
#6482 = VERTEX_POINT('',#6483);
#6483 = CARTESIAN_POINT('',(-4.35E+03,1.2E+03,755.));
#6484 = SURFACE_CURVE('',#6485,(#6489,#6496),.PCURVE_S1.);
#6485 = LINE('',#6486,#6487);
#6486 = CARTESIAN_POINT('',(-4.35E+03,0.,755.));
#6487 = VECTOR('',#6488,1.);
#6488 = DIRECTION('',(0.,1.,0.));
#6489 = PCURVE('',#6457,#6490);
#6490 = DEFINITIONAL_REPRESENTATION('',(#6491),#6495);
#6491 = LINE('',#6492,#6493);
#6492 = CARTESIAN_POINT('',(1.2E+03,-300.));
#6493 = VECTOR('',#6494,1.);
#6494 = DIRECTION('',(1.,0.));
#6495 = ( GEOMETRIC_REPRESENTATION_CONTEXT(2) 
PARAMETRIC_REPRESENTATION_CONTEXT() REPRESENTATION_CONTEXT('2D SPACE',''
  ) );
#6496 = PCURVE('',#6497,#6502);
#6497 = PLANE('',#6498);
#6498 = AXIS2_PLACEMENT_3D('',#6499,#6500,#6501);
#6499 = CARTESIAN_POINT('',(-2.6E+03,0.,755.));
#6500 = DIRECTION('',(0.,0.,1.));
#6501 = DIRECTION('',(1.,0.,0.));
#6502 = DEFINITIONAL_REPRESENTATION('',(#6503),#6507);
#6503 = LINE('',#6504,#6505);
#6504 = CARTESIAN_POINT('',(-1.75E+03,0.));
#6505 = VECTOR('',#6506,1.);
#6506 = DIRECTION('',(0.,1.));
#6507 = ( GEOMETRIC_REPRESENTATION_CONTEXT(2) 
PARAMETRIC_REPRESENTATION_CONTEXT() REPRESENTATION_CONTEXT('2D SPACE',''
  ) );
#6508 = ORIENTED_EDGE('',*,*,#6509,.F.);
#6509 = EDGE_CURVE('',#6510,#6482,#6512,.T.);
#6510 = VERTEX_POINT('',#6511);
#6511 = CARTESIAN_POINT('',(-4.35E+03,1.2E+03,455.));
#6512 = SURFACE_CURVE('',#6513,(#6517,#6524),.PCURVE_S1.);
#6513 = LINE('',#6514,#6515);
#6514 = CARTESIAN_POINT('',(-4.35E+03,1.2E+03,455.));
#6515 = VECTOR('',#6516,1.);
#6516 = DIRECTION('',(0.,0.,1.));
#6517 = PCURVE('',#6457,#6518);
#6518 = DEFINITIONAL_REPRESENTATION('',(#6519),#6523);
#6519 = LINE('',#6520,#6521);
#6520 = CARTESIAN_POINT('',(2.4E+03,0.));
#6521 = VECTOR('',#6522,1.);
#6522 = DIRECTION('',(0.,-1.));
#6523 = ( GEOMETRIC_REPRESENTATION_CONTEXT(2) 
PARAMETRIC_REPRESENTATION_CONTEXT() REPRESENTATION_CONTEXT('2D SPACE',''
  ) );
#6524 = PCURVE('',#6525,#6530);
#6525 = PLANE('',#6526);
#6526 = AXIS2_PLACEMENT_3D('',#6527,#6528,#6529);
#6527 = CARTESIAN_POINT('',(-4.35E+03,1.2E+03,455.));
#6528 = DIRECTION('',(0.,1.,0.));
#6529 = DIRECTION('',(1.,0.,0.));
#6530 = DEFINITIONAL_REPRESENTATION('',(#6531),#6535);
#6531 = LINE('',#6532,#6533);
#6532 = CARTESIAN_POINT('',(0.,0.));
#6533 = VECTOR('',#6534,1.);
#6534 = DIRECTION('',(0.,-1.));
#6535 = ( GEOMETRIC_REPRESENTATION_CONTEXT(2) 
PARAMETRIC_REPRESENTATION_CONTEXT() REPRESENTATION_CONTEXT('2D SPACE',''
  ) );
#6536 = ORIENTED_EDGE('',*,*,#6537,.F.);
#6537 = EDGE_CURVE('',#6447,#6510,#6538,.T.);
#6538 = SURFACE_CURVE('',#6539,(#6543,#6550),.PCURVE_S1.);
#6539 = LINE('',#6540,#6541);
#6540 = CARTESIAN_POINT('',(-4.35E+03,0.,455.));
#6541 = VECTOR('',#6542,1.);
#6542 = DIRECTION('',(0.,1.,0.));
#6543 = PCURVE('',#6457,#6544);
#6544 = DEFINITIONAL_REPRESENTATION('',(#6545),#6549);
#6545 = LINE('',#6546,#6547);
#6546 = CARTESIAN_POINT('',(1.2E+03,0.));
#6547 = VECTOR('',#6548,1.);
#6548 = DIRECTION('',(1.,0.));
#6549 = ( GEOMETRIC_REPRESENTATION_CONTEXT(2) 
PARAMETRIC_REPRESENTATION_CONTEXT() REPRESENTATION_CONTEXT('2D SPACE',''
  ) );
#6550 = PCURVE('',#6551,#6556);
#6551 = PLANE('',#6552);
#6552 = AXIS2_PLACEMENT_3D('',#6553,#6554,#6555);
#6553 = CARTESIAN_POINT('',(-2.6E+03,0.,455.));
#6554 = DIRECTION('',(0.,0.,1.));
#6555 = DIRECTION('',(1.,0.,0.));
#6556 = DEFINITIONAL_REPRESENTATION('',(#6557),#6561);
#6557 = LINE('',#6558,#6559);
#6558 = CARTESIAN_POINT('',(-1.75E+03,0.));
#6559 = VECTOR('',#6560,1.);
#6560 = DIRECTION('',(0.,1.));
#6561 = ( GEOMETRIC_REPRESENTATION_CONTEXT(2) 
PARAMETRIC_REPRESENTATION_CONTEXT() REPRESENTATION_CONTEXT('2D SPACE',''
  ) );
#6562 = ADVANCED_FACE('',(#6563),#6469,.F.);
#6563 = FACE_BOUND('',#6564,.F.);
#6564 = EDGE_LOOP('',(#6565,#6566,#6589,#6617));
#6565 = ORIENTED_EDGE('',*,*,#6446,.T.);
#6566 = ORIENTED_EDGE('',*,*,#6567,.T.);
#6567 = EDGE_CURVE('',#6449,#6568,#6570,.T.);
#6568 = VERTEX_POINT('',#6569);
#6569 = CARTESIAN_POINT('',(-850.,-1.2E+03,755.));
#6570 = SURFACE_CURVE('',#6571,(#6575,#6582),.PCURVE_S1.);
#6571 = LINE('',#6572,#6573);
#6572 = CARTESIAN_POINT('',(-2.6E+03,-1.2E+03,755.));
#6573 = VECTOR('',#6574,1.);
#6574 = DIRECTION('',(1.,0.,0.));
#6575 = PCURVE('',#6469,#6576);
#6576 = DEFINITIONAL_REPRESENTATION('',(#6577),#6581);
#6577 = LINE('',#6578,#6579);
#6578 = CARTESIAN_POINT('',(1.75E+03,-300.));
#6579 = VECTOR('',#6580,1.);
#6580 = DIRECTION('',(1.,0.));
#6581 = ( GEOMETRIC_REPRESENTATION_CONTEXT(2) 
PARAMETRIC_REPRESENTATION_CONTEXT() REPRESENTATION_CONTEXT('2D SPACE',''
  ) );
#6582 = PCURVE('',#6497,#6583);
#6583 = DEFINITIONAL_REPRESENTATION('',(#6584),#6588);
#6584 = LINE('',#6585,#6586);
#6585 = CARTESIAN_POINT('',(0.,-1.2E+03));
#6586 = VECTOR('',#6587,1.);
#6587 = DIRECTION('',(1.,0.));
#6588 = ( GEOMETRIC_REPRESENTATION_CONTEXT(2) 
PARAMETRIC_REPRESENTATION_CONTEXT() REPRESENTATION_CONTEXT('2D SPACE',''
  ) );
#6589 = ORIENTED_EDGE('',*,*,#6590,.F.);
#6590 = EDGE_CURVE('',#6591,#6568,#6593,.T.);
#6591 = VERTEX_POINT('',#6592);
#6592 = CARTESIAN_POINT('',(-850.,-1.2E+03,455.));
#6593 = SURFACE_CURVE('',#6594,(#6598,#6605),.PCURVE_S1.);
#6594 = LINE('',#6595,#6596);
#6595 = CARTESIAN_POINT('',(-850.,-1.2E+03,455.));
#6596 = VECTOR('',#6597,1.);
#6597 = DIRECTION('',(0.,0.,1.));
#6598 = PCURVE('',#6469,#6599);
#6599 = DEFINITIONAL_REPRESENTATION('',(#6600),#6604);
#6600 = LINE('',#6601,#6602);
#6601 = CARTESIAN_POINT('',(3.5E+03,0.));
#6602 = VECTOR('',#6603,1.);
#6603 = DIRECTION('',(0.,-1.));
#6604 = ( GEOMETRIC_REPRESENTATION_CONTEXT(2) 
PARAMETRIC_REPRESENTATION_CONTEXT() REPRESENTATION_CONTEXT('2D SPACE',''
  ) );
#6605 = PCURVE('',#6606,#6611);
#6606 = PLANE('',#6607);
#6607 = AXIS2_PLACEMENT_3D('',#6608,#6609,#6610);
#6608 = CARTESIAN_POINT('',(-850.,-1.2E+03,455.));
#6609 = DIRECTION('',(-1.,0.,0.));
#6610 = DIRECTION('',(0.,1.,0.));
#6611 = DEFINITIONAL_REPRESENTATION('',(#6612),#6616);
#6612 = LINE('',#6613,#6614);
#6613 = CARTESIAN_POINT('',(0.,0.));
#6614 = VECTOR('',#6615,1.);
#6615 = DIRECTION('',(0.,-1.));
#6616 = ( GEOMETRIC_REPRESENTATION_CONTEXT(2) 
PARAMETRIC_REPRESENTATION_CONTEXT() REPRESENTATION_CONTEXT('2D SPACE',''
  ) );
#6617 = ORIENTED_EDGE('',*,*,#6618,.F.);
#6618 = EDGE_CURVE('',#6447,#6591,#6619,.T.);
#6619 = SURFACE_CURVE('',#6620,(#6624,#6631),.PCURVE_S1.);
#6620 = LINE('',#6621,#6622);
#6621 = CARTESIAN_POINT('',(-2.6E+03,-1.2E+03,455.));
#6622 = VECTOR('',#6623,1.);
#6623 = DIRECTION('',(1.,0.,0.));
#6624 = PCURVE('',#6469,#6625);
#6625 = DEFINITIONAL_REPRESENTATION('',(#6626),#6630);
#6626 = LINE('',#6627,#6628);
#6627 = CARTESIAN_POINT('',(1.75E+03,0.));
#6628 = VECTOR('',#6629,1.);
#6629 = DIRECTION('',(1.,0.));
#6630 = ( GEOMETRIC_REPRESENTATION_CONTEXT(2) 
PARAMETRIC_REPRESENTATION_CONTEXT() REPRESENTATION_CONTEXT('2D SPACE',''
  ) );
#6631 = PCURVE('',#6551,#6632);
#6632 = DEFINITIONAL_REPRESENTATION('',(#6633),#6637);
#6633 = LINE('',#6634,#6635);
#6634 = CARTESIAN_POINT('',(0.,-1.2E+03));
#6635 = VECTOR('',#6636,1.);
#6636 = DIRECTION('',(1.,0.));
#6637 = ( GEOMETRIC_REPRESENTATION_CONTEXT(2) 
PARAMETRIC_REPRESENTATION_CONTEXT() REPRESENTATION_CONTEXT('2D SPACE',''
  ) );
#6638 = ADVANCED_FACE('',(#6639),#6606,.F.);
#6639 = FACE_BOUND('',#6640,.F.);
#6640 = EDGE_LOOP('',(#6641,#6642,#6665,#6688));
#6641 = ORIENTED_EDGE('',*,*,#6590,.T.);
#6642 = ORIENTED_EDGE('',*,*,#6643,.T.);
#6643 = EDGE_CURVE('',#6568,#6644,#6646,.T.);
#6644 = VERTEX_POINT('',#6645);
#6645 = CARTESIAN_POINT('',(-850.,1.2E+03,755.));
#6646 = SURFACE_CURVE('',#6647,(#6651,#6658),.PCURVE_S1.);
#6647 = LINE('',#6648,#6649);
#6648 = CARTESIAN_POINT('',(-850.,0.,755.));
#6649 = VECTOR('',#6650,1.);
#6650 = DIRECTION('',(0.,1.,0.));
#6651 = PCURVE('',#6606,#6652);
#6652 = DEFINITIONAL_REPRESENTATION('',(#6653),#6657);
#6653 = LINE('',#6654,#6655);
#6654 = CARTESIAN_POINT('',(1.2E+03,-300.));
#6655 = VECTOR('',#6656,1.);
#6656 = DIRECTION('',(1.,0.));
#6657 = ( GEOMETRIC_REPRESENTATION_CONTEXT(2) 
PARAMETRIC_REPRESENTATION_CONTEXT() REPRESENTATION_CONTEXT('2D SPACE',''
  ) );
#6658 = PCURVE('',#6497,#6659);
#6659 = DEFINITIONAL_REPRESENTATION('',(#6660),#6664);
#6660 = LINE('',#6661,#6662);
#6661 = CARTESIAN_POINT('',(1.75E+03,0.));
#6662 = VECTOR('',#6663,1.);
#6663 = DIRECTION('',(0.,1.));
#6664 = ( GEOMETRIC_REPRESENTATION_CONTEXT(2) 
PARAMETRIC_REPRESENTATION_CONTEXT() REPRESENTATION_CONTEXT('2D SPACE',''
  ) );
#6665 = ORIENTED_EDGE('',*,*,#6666,.F.);
#6666 = EDGE_CURVE('',#6667,#6644,#6669,.T.);
#6667 = VERTEX_POINT('',#6668);
#6668 = CARTESIAN_POINT('',(-850.,1.2E+03,455.));
#6669 = SURFACE_CURVE('',#6670,(#6674,#6681),.PCURVE_S1.);
#6670 = LINE('',#6671,#6672);
#6671 = CARTESIAN_POINT('',(-850.,1.2E+03,455.));
#6672 = VECTOR('',#6673,1.);
#6673 = DIRECTION('',(0.,0.,1.));
#6674 = PCURVE('',#6606,#6675);
#6675 = DEFINITIONAL_REPRESENTATION('',(#6676),#6680);
#6676 = LINE('',#6677,#6678);
#6677 = CARTESIAN_POINT('',(2.4E+03,0.));
#6678 = VECTOR('',#6679,1.);
#6679 = DIRECTION('',(0.,-1.));
#6680 = ( GEOMETRIC_REPRESENTATION_CONTEXT(2) 
PARAMETRIC_REPRESENTATION_CONTEXT() REPRESENTATION_CONTEXT('2D SPACE',''
  ) );
#6681 = PCURVE('',#6525,#6682);
#6682 = DEFINITIONAL_REPRESENTATION('',(#6683),#6687);
#6683 = LINE('',#6684,#6685);
#6684 = CARTESIAN_POINT('',(3.5E+03,0.));
#6685 = VECTOR('',#6686,1.);
#6686 = DIRECTION('',(0.,-1.));
#6687 = ( GEOMETRIC_REPRESENTATION_CONTEXT(2) 
PARAMETRIC_REPRESENTATION_CONTEXT() REPRESENTATION_CONTEXT('2D SPACE',''
  ) );
#6688 = ORIENTED_EDGE('',*,*,#6689,.F.);
#6689 = EDGE_CURVE('',#6591,#6667,#6690,.T.);
#6690 = SURFACE_CURVE('',#6691,(#6695,#6702),.PCURVE_S1.);
#6691 = LINE('',#6692,#6693);
#6692 = CARTESIAN_POINT('',(-850.,0.,455.));
#6693 = VECTOR('',#6694,1.);
#6694 = DIRECTION('',(0.,1.,0.));
#6695 = PCURVE('',#6606,#6696);
#6696 = DEFINITIONAL_REPRESENTATION('',(#6697),#6701);
#6697 = LINE('',#6698,#6699);
#6698 = CARTESIAN_POINT('',(1.2E+03,0.));
#6699 = VECTOR('',#6700,1.);
#6700 = DIRECTION('',(1.,0.));
#6701 = ( GEOMETRIC_REPRESENTATION_CONTEXT(2) 
PARAMETRIC_REPRESENTATION_CONTEXT() REPRESENTATION_CONTEXT('2D SPACE',''
  ) );
#6702 = PCURVE('',#6551,#6703);
#6703 = DEFINITIONAL_REPRESENTATION('',(#6704),#6708);
#6704 = LINE('',#6705,#6706);
#6705 = CARTESIAN_POINT('',(1.75E+03,0.));
#6706 = VECTOR('',#6707,1.);
#6707 = DIRECTION('',(0.,1.));
#6708 = ( GEOMETRIC_REPRESENTATION_CONTEXT(2) 
PARAMETRIC_REPRESENTATION_CONTEXT() REPRESENTATION_CONTEXT('2D SPACE',''
  ) );
#6709 = ADVANCED_FACE('',(#6710),#6525,.T.);
#6710 = FACE_BOUND('',#6711,.T.);
#6711 = EDGE_LOOP('',(#6712,#6713,#6734,#6735));
#6712 = ORIENTED_EDGE('',*,*,#6509,.T.);
#6713 = ORIENTED_EDGE('',*,*,#6714,.T.);
#6714 = EDGE_CURVE('',#6482,#6644,#6715,.T.);
#6715 = SURFACE_CURVE('',#6716,(#6720,#6727),.PCURVE_S1.);
#6716 = LINE('',#6717,#6718);
#6717 = CARTESIAN_POINT('',(-2.6E+03,1.2E+03,755.));
#6718 = VECTOR('',#6719,1.);
#6719 = DIRECTION('',(1.,0.,0.));
#6720 = PCURVE('',#6525,#6721);
#6721 = DEFINITIONAL_REPRESENTATION('',(#6722),#6726);
#6722 = LINE('',#6723,#6724);
#6723 = CARTESIAN_POINT('',(1.75E+03,-300.));
#6724 = VECTOR('',#6725,1.);
#6725 = DIRECTION('',(1.,0.));
#6726 = ( GEOMETRIC_REPRESENTATION_CONTEXT(2) 
PARAMETRIC_REPRESENTATION_CONTEXT() REPRESENTATION_CONTEXT('2D SPACE',''
  ) );
#6727 = PCURVE('',#6497,#6728);
#6728 = DEFINITIONAL_REPRESENTATION('',(#6729),#6733);
#6729 = LINE('',#6730,#6731);
#6730 = CARTESIAN_POINT('',(0.,1.2E+03));
#6731 = VECTOR('',#6732,1.);
#6732 = DIRECTION('',(1.,0.));
#6733 = ( GEOMETRIC_REPRESENTATION_CONTEXT(2) 
PARAMETRIC_REPRESENTATION_CONTEXT() REPRESENTATION_CONTEXT('2D SPACE',''
  ) );
#6734 = ORIENTED_EDGE('',*,*,#6666,.F.);
#6735 = ORIENTED_EDGE('',*,*,#6736,.F.);
#6736 = EDGE_CURVE('',#6510,#6667,#6737,.T.);
#6737 = SURFACE_CURVE('',#6738,(#6742,#6749),.PCURVE_S1.);
#6738 = LINE('',#6739,#6740);
#6739 = CARTESIAN_POINT('',(-2.6E+03,1.2E+03,455.));
#6740 = VECTOR('',#6741,1.);
#6741 = DIRECTION('',(1.,0.,0.));
#6742 = PCURVE('',#6525,#6743);
#6743 = DEFINITIONAL_REPRESENTATION('',(#6744),#6748);
#6744 = LINE('',#6745,#6746);
#6745 = CARTESIAN_POINT('',(1.75E+03,0.));
#6746 = VECTOR('',#6747,1.);
#6747 = DIRECTION('',(1.,0.));
#6748 = ( GEOMETRIC_REPRESENTATION_CONTEXT(2) 
PARAMETRIC_REPRESENTATION_CONTEXT() REPRESENTATION_CONTEXT('2D SPACE',''
  ) );
#6749 = PCURVE('',#6551,#6750);
#6750 = DEFINITIONAL_REPRESENTATION('',(#6751),#6755);
#6751 = LINE('',#6752,#6753);
#6752 = CARTESIAN_POINT('',(0.,1.2E+03));
#6753 = VECTOR('',#6754,1.);
#6754 = DIRECTION('',(1.,0.));
#6755 = ( GEOMETRIC_REPRESENTATION_CONTEXT(2) 
PARAMETRIC_REPRESENTATION_CONTEXT() REPRESENTATION_CONTEXT('2D SPACE',''
  ) );
#6756 = ADVANCED_FACE('',(#6757),#6551,.F.);
#6757 = FACE_BOUND('',#6758,.F.);
#6758 = EDGE_LOOP('',(#6759,#6760,#6761,#6762));
#6759 = ORIENTED_EDGE('',*,*,#6537,.F.);
#6760 = ORIENTED_EDGE('',*,*,#6618,.T.);
#6761 = ORIENTED_EDGE('',*,*,#6689,.T.);
#6762 = ORIENTED_EDGE('',*,*,#6736,.F.);
#6763 = ADVANCED_FACE('',(#6764),#6497,.T.);
#6764 = FACE_BOUND('',#6765,.T.);
#6765 = EDGE_LOOP('',(#6766,#6767,#6768,#6769));
#6766 = ORIENTED_EDGE('',*,*,#6481,.F.);
#6767 = ORIENTED_EDGE('',*,*,#6567,.T.);
#6768 = ORIENTED_EDGE('',*,*,#6643,.T.);
#6769 = ORIENTED_EDGE('',*,*,#6714,.F.);
#6770 = ( GEOMETRIC_REPRESENTATION_CONTEXT(3) 
GLOBAL_UNCERTAINTY_ASSIGNED_CONTEXT((#6774)) 
GLOBAL_UNIT_ASSIGNED_CONTEXT((#6771,#6772,#6773)) REPRESENTATION_CONTEXT
('Context #1','3D Context with UNIT and UNCERTAINTY') );
#6771 = ( LENGTH_UNIT() NAMED_UNIT(*) SI_UNIT(.MILLI.,.METRE.) );
#6772 = ( NAMED_UNIT(*) PLANE_ANGLE_UNIT() SI_UNIT($,.RADIAN.) );
#6773 = ( NAMED_UNIT(*) SI_UNIT($,.STERADIAN.) SOLID_ANGLE_UNIT() );
#6774 = UNCERTAINTY_MEASURE_WITH_UNIT(LENGTH_MEASURE(1.E-07),#6771,
  'distance_accuracy_value','confusion accuracy');
#6775 = CONTEXT_DEPENDENT_SHAPE_REPRESENTATION(#6776,#6778);
#6776 = ( REPRESENTATION_RELATIONSHIP('','',#6439,#6416) 
REPRESENTATION_RELATIONSHIP_WITH_TRANSFORMATION(#6777) 
SHAPE_REPRESENTATION_RELATIONSHIP() );
#6777 = ITEM_DEFINED_TRANSFORMATION('','',#11,#6417);
#6778 = PRODUCT_DEFINITION_SHAPE('Placement','Placement of an item',
  #6779);
#6779 = NEXT_ASSEMBLY_USAGE_OCCURRENCE('1147','=>[0:1:1:43]','',#6411,
  #6434,$);
#6780 = PRODUCT_RELATED_PRODUCT_CATEGORY('part',$,(#6436));
#6781 = SHAPE_DEFINITION_REPRESENTATION(#6782,#6788);
#6782 = PRODUCT_DEFINITION_SHAPE('','',#6783);
#6783 = PRODUCT_DEFINITION('design','',#6784,#6787);
#6784 = PRODUCT_DEFINITION_FORMATION('','',#6785);
#6785 = PRODUCT('ASSEMBLY','ASSEMBLY','',(#6786));
#6786 = PRODUCT_CONTEXT('',#2,'mechanical');
#6787 = PRODUCT_DEFINITION_CONTEXT('part definition',#2,'design');
#6788 = SHAPE_REPRESENTATION('',(#11,#6789),#6793);
#6789 = AXIS2_PLACEMENT_3D('',#6790,#6791,#6792);
#6790 = CARTESIAN_POINT('',(0.,0.,0.));
#6791 = DIRECTION('',(0.,0.,1.));
#6792 = DIRECTION('',(1.,0.,-0.));
#6793 = ( GEOMETRIC_REPRESENTATION_CONTEXT(3) 
GLOBAL_UNCERTAINTY_ASSIGNED_CONTEXT((#6797)) 
GLOBAL_UNIT_ASSIGNED_CONTEXT((#6794,#6795,#6796)) REPRESENTATION_CONTEXT
('Context #1','3D Context with UNIT and UNCERTAINTY') );
#6794 = ( LENGTH_UNIT() NAMED_UNIT(*) SI_UNIT(.MILLI.,.METRE.) );
#6795 = ( NAMED_UNIT(*) PLANE_ANGLE_UNIT() SI_UNIT($,.RADIAN.) );
#6796 = ( NAMED_UNIT(*) SI_UNIT($,.STERADIAN.) SOLID_ANGLE_UNIT() );
#6797 = UNCERTAINTY_MEASURE_WITH_UNIT(LENGTH_MEASURE(1.E-07),#6794,
  'distance_accuracy_value','confusion accuracy');
#6798 = CONTEXT_DEPENDENT_SHAPE_REPRESENTATION(#6799,#6801);
#6799 = ( REPRESENTATION_RELATIONSHIP('','',#6788,#6377) 
REPRESENTATION_RELATIONSHIP_WITH_TRANSFORMATION(#6800) 
SHAPE_REPRESENTATION_RELATIONSHIP() );
#6800 = ITEM_DEFINED_TRANSFORMATION('','',#11,#6382);
#6801 = PRODUCT_DEFINITION_SHAPE('Placement','Placement of an item',
  #6802);
#6802 = NEXT_ASSEMBLY_USAGE_OCCURRENCE('1150','=>[0:1:1:44]','',#6372,
  #6783,$);
#6803 = PRODUCT_RELATED_PRODUCT_CATEGORY('part',$,(#6785));
#6804 = SHAPE_DEFINITION_REPRESENTATION(#6805,#6811);
#6805 = PRODUCT_DEFINITION_SHAPE('','',#6806);
#6806 = PRODUCT_DEFINITION('design','',#6807,#6810);
#6807 = PRODUCT_DEFINITION_FORMATION('','',#6808);
#6808 = PRODUCT('SOLID','SOLID','',(#6809));
#6809 = PRODUCT_CONTEXT('',#2,'mechanical');
#6810 = PRODUCT_DEFINITION_CONTEXT('part definition',#2,'design');
#6811 = ADVANCED_BREP_SHAPE_REPRESENTATION('',(#11,#6812),#6910);
#6812 = MANIFOLD_SOLID_BREP('',#6813);
#6813 = CLOSED_SHELL('',(#6814,#6902,#6906));
#6814 = ADVANCED_FACE('',(#6815),#6829,.T.);
#6815 = FACE_BOUND('',#6816,.F.);
#6816 = EDGE_LOOP('',(#6817,#6847,#6874,#6875));
#6817 = ORIENTED_EDGE('',*,*,#6818,.T.);
#6818 = EDGE_CURVE('',#6819,#6821,#6823,.T.);
#6819 = VERTEX_POINT('',#6820);
#6820 = CARTESIAN_POINT('',(-3.65E+03,-717.5,0.));
#6821 = VERTEX_POINT('',#6822);
#6822 = CARTESIAN_POINT('',(-3.53E+03,-717.5,0.));
#6823 = SEAM_CURVE('',#6824,(#6828,#6840),.PCURVE_S1.);
#6824 = LINE('',#6825,#6826);
#6825 = CARTESIAN_POINT('',(-3.65E+03,-717.5,0.));
#6826 = VECTOR('',#6827,1.);
#6827 = DIRECTION('',(1.,0.,1.110223024625E-16));
#6828 = PCURVE('',#6829,#6834);
#6829 = CYLINDRICAL_SURFACE('',#6830,405.);
#6830 = AXIS2_PLACEMENT_3D('',#6831,#6832,#6833);
#6831 = CARTESIAN_POINT('',(-3.65E+03,-717.5,405.));
#6832 = DIRECTION('',(-1.,-0.,-1.110223024625E-16));
#6833 = DIRECTION('',(1.110223024625E-16,0.,-1.));
#6834 = DEFINITIONAL_REPRESENTATION('',(#6835),#6839);
#6835 = LINE('',#6836,#6837);
#6836 = CARTESIAN_POINT('',(-0.,0.));
#6837 = VECTOR('',#6838,1.);
#6838 = DIRECTION('',(-0.,-1.));
#6839 = ( GEOMETRIC_REPRESENTATION_CONTEXT(2) 
PARAMETRIC_REPRESENTATION_CONTEXT() REPRESENTATION_CONTEXT('2D SPACE',''
  ) );
#6840 = PCURVE('',#6829,#6841);
#6841 = DEFINITIONAL_REPRESENTATION('',(#6842),#6846);
#6842 = LINE('',#6843,#6844);
#6843 = CARTESIAN_POINT('',(-6.28318530718,0.));
#6844 = VECTOR('',#6845,1.);
#6845 = DIRECTION('',(-0.,-1.));
#6846 = ( GEOMETRIC_REPRESENTATION_CONTEXT(2) 
PARAMETRIC_REPRESENTATION_CONTEXT() REPRESENTATION_CONTEXT('2D SPACE',''
  ) );
#6847 = ORIENTED_EDGE('',*,*,#6848,.T.);
#6848 = EDGE_CURVE('',#6821,#6821,#6849,.T.);
#6849 = SURFACE_CURVE('',#6850,(#6855,#6862),.PCURVE_S1.);
#6850 = CIRCLE('',#6851,405.);
#6851 = AXIS2_PLACEMENT_3D('',#6852,#6853,#6854);
#6852 = CARTESIAN_POINT('',(-3.53E+03,-717.5,405.));
#6853 = DIRECTION('',(1.,-0.,1.110223024625E-16));
#6854 = DIRECTION('',(1.110223024625E-16,0.,-1.));
#6855 = PCURVE('',#6829,#6856);
#6856 = DEFINITIONAL_REPRESENTATION('',(#6857),#6861);
#6857 = LINE('',#6858,#6859);
#6858 = CARTESIAN_POINT('',(-0.,-120.));
#6859 = VECTOR('',#6860,1.);
#6860 = DIRECTION('',(-1.,0.));
#6861 = ( GEOMETRIC_REPRESENTATION_CONTEXT(2) 
PARAMETRIC_REPRESENTATION_CONTEXT() REPRESENTATION_CONTEXT('2D SPACE',''
  ) );
#6862 = PCURVE('',#6863,#6868);
#6863 = PLANE('',#6864);
#6864 = AXIS2_PLACEMENT_3D('',#6865,#6866,#6867);
#6865 = CARTESIAN_POINT('',(-3.53E+03,-717.5,405.));
#6866 = DIRECTION('',(1.,0.,1.110223024625E-16));
#6867 = DIRECTION('',(1.110223024625E-16,0.,-1.));
#6868 = DEFINITIONAL_REPRESENTATION('',(#6869),#6873);
#6869 = CIRCLE('',#6870,405.);
#6870 = AXIS2_PLACEMENT_2D('',#6871,#6872);
#6871 = CARTESIAN_POINT('',(5.684341886081E-14,0.));
#6872 = DIRECTION('',(1.,0.));
#6873 = ( GEOMETRIC_REPRESENTATION_CONTEXT(2) 
PARAMETRIC_REPRESENTATION_CONTEXT() REPRESENTATION_CONTEXT('2D SPACE',''
  ) );
#6874 = ORIENTED_EDGE('',*,*,#6818,.F.);
#6875 = ORIENTED_EDGE('',*,*,#6876,.F.);
#6876 = EDGE_CURVE('',#6819,#6819,#6877,.T.);
#6877 = SURFACE_CURVE('',#6878,(#6883,#6890),.PCURVE_S1.);
#6878 = CIRCLE('',#6879,405.);
#6879 = AXIS2_PLACEMENT_3D('',#6880,#6881,#6882);
#6880 = CARTESIAN_POINT('',(-3.65E+03,-717.5,405.));
#6881 = DIRECTION('',(1.,-0.,1.110223024625E-16));
#6882 = DIRECTION('',(1.110223024625E-16,0.,-1.));
#6883 = PCURVE('',#6829,#6884);
#6884 = DEFINITIONAL_REPRESENTATION('',(#6885),#6889);
#6885 = LINE('',#6886,#6887);
#6886 = CARTESIAN_POINT('',(-0.,0.));
#6887 = VECTOR('',#6888,1.);
#6888 = DIRECTION('',(-1.,0.));
#6889 = ( GEOMETRIC_REPRESENTATION_CONTEXT(2) 
PARAMETRIC_REPRESENTATION_CONTEXT() REPRESENTATION_CONTEXT('2D SPACE',''
  ) );
#6890 = PCURVE('',#6891,#6896);
#6891 = PLANE('',#6892);
#6892 = AXIS2_PLACEMENT_3D('',#6893,#6894,#6895);
#6893 = CARTESIAN_POINT('',(-3.65E+03,-717.5,405.));
#6894 = DIRECTION('',(1.,0.,1.110223024625E-16));
#6895 = DIRECTION('',(1.110223024625E-16,0.,-1.));
#6896 = DEFINITIONAL_REPRESENTATION('',(#6897),#6901);
#6897 = CIRCLE('',#6898,405.);
#6898 = AXIS2_PLACEMENT_2D('',#6899,#6900);
#6899 = CARTESIAN_POINT('',(0.,0.));
#6900 = DIRECTION('',(1.,0.));
#6901 = ( GEOMETRIC_REPRESENTATION_CONTEXT(2) 
PARAMETRIC_REPRESENTATION_CONTEXT() REPRESENTATION_CONTEXT('2D SPACE',''
  ) );
#6902 = ADVANCED_FACE('',(#6903),#6891,.F.);
#6903 = FACE_BOUND('',#6904,.F.);
#6904 = EDGE_LOOP('',(#6905));
#6905 = ORIENTED_EDGE('',*,*,#6876,.T.);
#6906 = ADVANCED_FACE('',(#6907),#6863,.T.);
#6907 = FACE_BOUND('',#6908,.T.);
#6908 = EDGE_LOOP('',(#6909));
#6909 = ORIENTED_EDGE('',*,*,#6848,.T.);
#6910 = ( GEOMETRIC_REPRESENTATION_CONTEXT(3) 
GLOBAL_UNCERTAINTY_ASSIGNED_CONTEXT((#6914)) 
GLOBAL_UNIT_ASSIGNED_CONTEXT((#6911,#6912,#6913)) REPRESENTATION_CONTEXT
('Context #1','3D Context with UNIT and UNCERTAINTY') );
#6911 = ( LENGTH_UNIT() NAMED_UNIT(*) SI_UNIT(.MILLI.,.METRE.) );
#6912 = ( NAMED_UNIT(*) PLANE_ANGLE_UNIT() SI_UNIT($,.RADIAN.) );
#6913 = ( NAMED_UNIT(*) SI_UNIT($,.STERADIAN.) SOLID_ANGLE_UNIT() );
#6914 = UNCERTAINTY_MEASURE_WITH_UNIT(LENGTH_MEASURE(1.E-07),#6911,
  'distance_accuracy_value','confusion accuracy');
#6915 = CONTEXT_DEPENDENT_SHAPE_REPRESENTATION(#6916,#6918);
#6916 = ( REPRESENTATION_RELATIONSHIP('','',#6811,#6788) 
REPRESENTATION_RELATIONSHIP_WITH_TRANSFORMATION(#6917) 
SHAPE_REPRESENTATION_RELATIONSHIP() );
#6917 = ITEM_DEFINED_TRANSFORMATION('','',#11,#6789);
#6918 = PRODUCT_DEFINITION_SHAPE('Placement','Placement of an item',
  #6919);
#6919 = NEXT_ASSEMBLY_USAGE_OCCURRENCE('1149','=>[0:1:1:45]','',#6783,
  #6806,$);
#6920 = PRODUCT_RELATED_PRODUCT_CATEGORY('part',$,(#6808));
#6921 = SHAPE_DEFINITION_REPRESENTATION(#6922,#6928);
#6922 = PRODUCT_DEFINITION_SHAPE('','',#6923);
#6923 = PRODUCT_DEFINITION('design','',#6924,#6927);
#6924 = PRODUCT_DEFINITION_FORMATION('','',#6925);
#6925 = PRODUCT('ASSEMBLY','ASSEMBLY','',(#6926));
#6926 = PRODUCT_CONTEXT('',#2,'mechanical');
#6927 = PRODUCT_DEFINITION_CONTEXT('part definition',#2,'design');
#6928 = SHAPE_REPRESENTATION('',(#11,#6929),#6933);
#6929 = AXIS2_PLACEMENT_3D('',#6930,#6931,#6932);
#6930 = CARTESIAN_POINT('',(0.,0.,0.));
#6931 = DIRECTION('',(0.,0.,1.));
#6932 = DIRECTION('',(1.,0.,-0.));
#6933 = ( GEOMETRIC_REPRESENTATION_CONTEXT(3) 
GLOBAL_UNCERTAINTY_ASSIGNED_CONTEXT((#6937)) 
GLOBAL_UNIT_ASSIGNED_CONTEXT((#6934,#6935,#6936)) REPRESENTATION_CONTEXT
('Context #1','3D Context with UNIT and UNCERTAINTY') );
#6934 = ( LENGTH_UNIT() NAMED_UNIT(*) SI_UNIT(.MILLI.,.METRE.) );
#6935 = ( NAMED_UNIT(*) PLANE_ANGLE_UNIT() SI_UNIT($,.RADIAN.) );
#6936 = ( NAMED_UNIT(*) SI_UNIT($,.STERADIAN.) SOLID_ANGLE_UNIT() );
#6937 = UNCERTAINTY_MEASURE_WITH_UNIT(LENGTH_MEASURE(1.E-07),#6934,
  'distance_accuracy_value','confusion accuracy');
#6938 = CONTEXT_DEPENDENT_SHAPE_REPRESENTATION(#6939,#6941);
#6939 = ( REPRESENTATION_RELATIONSHIP('','',#6928,#6377) 
REPRESENTATION_RELATIONSHIP_WITH_TRANSFORMATION(#6940) 
SHAPE_REPRESENTATION_RELATIONSHIP() );
#6940 = ITEM_DEFINED_TRANSFORMATION('','',#11,#6386);
#6941 = PRODUCT_DEFINITION_SHAPE('Placement','Placement of an item',
  #6942);
#6942 = NEXT_ASSEMBLY_USAGE_OCCURRENCE('1152','=>[0:1:1:46]','',#6372,
  #6923,$);
#6943 = PRODUCT_RELATED_PRODUCT_CATEGORY('part',$,(#6925));
#6944 = SHAPE_DEFINITION_REPRESENTATION(#6945,#6951);
#6945 = PRODUCT_DEFINITION_SHAPE('','',#6946);
#6946 = PRODUCT_DEFINITION('design','',#6947,#6950);
#6947 = PRODUCT_DEFINITION_FORMATION('','',#6948);
#6948 = PRODUCT('SOLID','SOLID','',(#6949));
#6949 = PRODUCT_CONTEXT('',#2,'mechanical');
#6950 = PRODUCT_DEFINITION_CONTEXT('part definition',#2,'design');
#6951 = ADVANCED_BREP_SHAPE_REPRESENTATION('',(#11,#6952),#7050);
#6952 = MANIFOLD_SOLID_BREP('',#6953);
#6953 = CLOSED_SHELL('',(#6954,#7042,#7046));
#6954 = ADVANCED_FACE('',(#6955),#6969,.T.);
#6955 = FACE_BOUND('',#6956,.F.);
#6956 = EDGE_LOOP('',(#6957,#6987,#7014,#7015));
#6957 = ORIENTED_EDGE('',*,*,#6958,.T.);
#6958 = EDGE_CURVE('',#6959,#6961,#6963,.T.);
#6959 = VERTEX_POINT('',#6960);
#6960 = CARTESIAN_POINT('',(-3.65E+03,717.5,0.));
#6961 = VERTEX_POINT('',#6962);
#6962 = CARTESIAN_POINT('',(-3.53E+03,717.5,0.));
#6963 = SEAM_CURVE('',#6964,(#6968,#6980),.PCURVE_S1.);
#6964 = LINE('',#6965,#6966);
#6965 = CARTESIAN_POINT('',(-3.65E+03,717.5,0.));
#6966 = VECTOR('',#6967,1.);
#6967 = DIRECTION('',(1.,0.,1.110223024625E-16));
#6968 = PCURVE('',#6969,#6974);
#6969 = CYLINDRICAL_SURFACE('',#6970,405.);
#6970 = AXIS2_PLACEMENT_3D('',#6971,#6972,#6973);
#6971 = CARTESIAN_POINT('',(-3.65E+03,717.5,405.));
#6972 = DIRECTION('',(-1.,-0.,-1.110223024625E-16));
#6973 = DIRECTION('',(1.110223024625E-16,0.,-1.));
#6974 = DEFINITIONAL_REPRESENTATION('',(#6975),#6979);
#6975 = LINE('',#6976,#6977);
#6976 = CARTESIAN_POINT('',(-0.,0.));
#6977 = VECTOR('',#6978,1.);
#6978 = DIRECTION('',(-0.,-1.));
#6979 = ( GEOMETRIC_REPRESENTATION_CONTEXT(2) 
PARAMETRIC_REPRESENTATION_CONTEXT() REPRESENTATION_CONTEXT('2D SPACE',''
  ) );
#6980 = PCURVE('',#6969,#6981);
#6981 = DEFINITIONAL_REPRESENTATION('',(#6982),#6986);
#6982 = LINE('',#6983,#6984);
#6983 = CARTESIAN_POINT('',(-6.28318530718,0.));
#6984 = VECTOR('',#6985,1.);
#6985 = DIRECTION('',(-0.,-1.));
#6986 = ( GEOMETRIC_REPRESENTATION_CONTEXT(2) 
PARAMETRIC_REPRESENTATION_CONTEXT() REPRESENTATION_CONTEXT('2D SPACE',''
  ) );
#6987 = ORIENTED_EDGE('',*,*,#6988,.T.);
#6988 = EDGE_CURVE('',#6961,#6961,#6989,.T.);
#6989 = SURFACE_CURVE('',#6990,(#6995,#7002),.PCURVE_S1.);
#6990 = CIRCLE('',#6991,405.);
#6991 = AXIS2_PLACEMENT_3D('',#6992,#6993,#6994);
#6992 = CARTESIAN_POINT('',(-3.53E+03,717.5,405.));
#6993 = DIRECTION('',(1.,-0.,1.110223024625E-16));
#6994 = DIRECTION('',(1.110223024625E-16,0.,-1.));
#6995 = PCURVE('',#6969,#6996);
#6996 = DEFINITIONAL_REPRESENTATION('',(#6997),#7001);
#6997 = LINE('',#6998,#6999);
#6998 = CARTESIAN_POINT('',(-0.,-120.));
#6999 = VECTOR('',#7000,1.);
#7000 = DIRECTION('',(-1.,0.));
#7001 = ( GEOMETRIC_REPRESENTATION_CONTEXT(2) 
PARAMETRIC_REPRESENTATION_CONTEXT() REPRESENTATION_CONTEXT('2D SPACE',''
  ) );
#7002 = PCURVE('',#7003,#7008);
#7003 = PLANE('',#7004);
#7004 = AXIS2_PLACEMENT_3D('',#7005,#7006,#7007);
#7005 = CARTESIAN_POINT('',(-3.53E+03,717.5,405.));
#7006 = DIRECTION('',(1.,0.,1.110223024625E-16));
#7007 = DIRECTION('',(1.110223024625E-16,0.,-1.));
#7008 = DEFINITIONAL_REPRESENTATION('',(#7009),#7013);
#7009 = CIRCLE('',#7010,405.);
#7010 = AXIS2_PLACEMENT_2D('',#7011,#7012);
#7011 = CARTESIAN_POINT('',(5.684341886081E-14,0.));
#7012 = DIRECTION('',(1.,0.));
#7013 = ( GEOMETRIC_REPRESENTATION_CONTEXT(2) 
PARAMETRIC_REPRESENTATION_CONTEXT() REPRESENTATION_CONTEXT('2D SPACE',''
  ) );
#7014 = ORIENTED_EDGE('',*,*,#6958,.F.);
#7015 = ORIENTED_EDGE('',*,*,#7016,.F.);
#7016 = EDGE_CURVE('',#6959,#6959,#7017,.T.);
#7017 = SURFACE_CURVE('',#7018,(#7023,#7030),.PCURVE_S1.);
#7018 = CIRCLE('',#7019,405.);
#7019 = AXIS2_PLACEMENT_3D('',#7020,#7021,#7022);
#7020 = CARTESIAN_POINT('',(-3.65E+03,717.5,405.));
#7021 = DIRECTION('',(1.,-0.,1.110223024625E-16));
#7022 = DIRECTION('',(1.110223024625E-16,0.,-1.));
#7023 = PCURVE('',#6969,#7024);
#7024 = DEFINITIONAL_REPRESENTATION('',(#7025),#7029);
#7025 = LINE('',#7026,#7027);
#7026 = CARTESIAN_POINT('',(-0.,0.));
#7027 = VECTOR('',#7028,1.);
#7028 = DIRECTION('',(-1.,0.));
#7029 = ( GEOMETRIC_REPRESENTATION_CONTEXT(2) 
PARAMETRIC_REPRESENTATION_CONTEXT() REPRESENTATION_CONTEXT('2D SPACE',''
  ) );
#7030 = PCURVE('',#7031,#7036);
#7031 = PLANE('',#7032);
#7032 = AXIS2_PLACEMENT_3D('',#7033,#7034,#7035);
#7033 = CARTESIAN_POINT('',(-3.65E+03,717.5,405.));
#7034 = DIRECTION('',(1.,0.,1.110223024625E-16));
#7035 = DIRECTION('',(1.110223024625E-16,0.,-1.));
#7036 = DEFINITIONAL_REPRESENTATION('',(#7037),#7041);
#7037 = CIRCLE('',#7038,405.);
#7038 = AXIS2_PLACEMENT_2D('',#7039,#7040);
#7039 = CARTESIAN_POINT('',(0.,0.));
#7040 = DIRECTION('',(1.,0.));
#7041 = ( GEOMETRIC_REPRESENTATION_CONTEXT(2) 
PARAMETRIC_REPRESENTATION_CONTEXT() REPRESENTATION_CONTEXT('2D SPACE',''
  ) );
#7042 = ADVANCED_FACE('',(#7043),#7031,.F.);
#7043 = FACE_BOUND('',#7044,.F.);
#7044 = EDGE_LOOP('',(#7045));
#7045 = ORIENTED_EDGE('',*,*,#7016,.T.);
#7046 = ADVANCED_FACE('',(#7047),#7003,.T.);
#7047 = FACE_BOUND('',#7048,.T.);
#7048 = EDGE_LOOP('',(#7049));
#7049 = ORIENTED_EDGE('',*,*,#6988,.T.);
#7050 = ( GEOMETRIC_REPRESENTATION_CONTEXT(3) 
GLOBAL_UNCERTAINTY_ASSIGNED_CONTEXT((#7054)) 
GLOBAL_UNIT_ASSIGNED_CONTEXT((#7051,#7052,#7053)) REPRESENTATION_CONTEXT
('Context #1','3D Context with UNIT and UNCERTAINTY') );
#7051 = ( LENGTH_UNIT() NAMED_UNIT(*) SI_UNIT(.MILLI.,.METRE.) );
#7052 = ( NAMED_UNIT(*) PLANE_ANGLE_UNIT() SI_UNIT($,.RADIAN.) );
#7053 = ( NAMED_UNIT(*) SI_UNIT($,.STERADIAN.) SOLID_ANGLE_UNIT() );
#7054 = UNCERTAINTY_MEASURE_WITH_UNIT(LENGTH_MEASURE(1.E-07),#7051,
  'distance_accuracy_value','confusion accuracy');
#7055 = CONTEXT_DEPENDENT_SHAPE_REPRESENTATION(#7056,#7058);
#7056 = ( REPRESENTATION_RELATIONSHIP('','',#6951,#6928) 
REPRESENTATION_RELATIONSHIP_WITH_TRANSFORMATION(#7057) 
SHAPE_REPRESENTATION_RELATIONSHIP() );
#7057 = ITEM_DEFINED_TRANSFORMATION('','',#11,#6929);
#7058 = PRODUCT_DEFINITION_SHAPE('Placement','Placement of an item',
  #7059);
#7059 = NEXT_ASSEMBLY_USAGE_OCCURRENCE('1151','=>[0:1:1:47]','',#6923,
  #6946,$);
#7060 = PRODUCT_RELATED_PRODUCT_CATEGORY('part',$,(#6948));
#7061 = SHAPE_DEFINITION_REPRESENTATION(#7062,#7068);
#7062 = PRODUCT_DEFINITION_SHAPE('','',#7063);
#7063 = PRODUCT_DEFINITION('design','',#7064,#7067);
#7064 = PRODUCT_DEFINITION_FORMATION('','',#7065);
#7065 = PRODUCT('ASSEMBLY','ASSEMBLY','',(#7066));
#7066 = PRODUCT_CONTEXT('',#2,'mechanical');
#7067 = PRODUCT_DEFINITION_CONTEXT('part definition',#2,'design');
#7068 = SHAPE_REPRESENTATION('',(#11,#7069),#7073);
#7069 = AXIS2_PLACEMENT_3D('',#7070,#7071,#7072);
#7070 = CARTESIAN_POINT('',(0.,0.,0.));
#7071 = DIRECTION('',(0.,0.,1.));
#7072 = DIRECTION('',(1.,0.,-0.));
#7073 = ( GEOMETRIC_REPRESENTATION_CONTEXT(3) 
GLOBAL_UNCERTAINTY_ASSIGNED_CONTEXT((#7077)) 
GLOBAL_UNIT_ASSIGNED_CONTEXT((#7074,#7075,#7076)) REPRESENTATION_CONTEXT
('Context #1','3D Context with UNIT and UNCERTAINTY') );
#7074 = ( LENGTH_UNIT() NAMED_UNIT(*) SI_UNIT(.MILLI.,.METRE.) );
#7075 = ( NAMED_UNIT(*) PLANE_ANGLE_UNIT() SI_UNIT($,.RADIAN.) );
#7076 = ( NAMED_UNIT(*) SI_UNIT($,.STERADIAN.) SOLID_ANGLE_UNIT() );
#7077 = UNCERTAINTY_MEASURE_WITH_UNIT(LENGTH_MEASURE(1.E-07),#7074,
  'distance_accuracy_value','confusion accuracy');
#7078 = CONTEXT_DEPENDENT_SHAPE_REPRESENTATION(#7079,#7081);
#7079 = ( REPRESENTATION_RELATIONSHIP('','',#7068,#6377) 
REPRESENTATION_RELATIONSHIP_WITH_TRANSFORMATION(#7080) 
SHAPE_REPRESENTATION_RELATIONSHIP() );
#7080 = ITEM_DEFINED_TRANSFORMATION('','',#11,#6390);
#7081 = PRODUCT_DEFINITION_SHAPE('Placement','Placement of an item',
  #7082);
#7082 = NEXT_ASSEMBLY_USAGE_OCCURRENCE('1154','=>[0:1:1:48]','',#6372,
  #7063,$);
#7083 = PRODUCT_RELATED_PRODUCT_CATEGORY('part',$,(#7065));
#7084 = SHAPE_DEFINITION_REPRESENTATION(#7085,#7091);
#7085 = PRODUCT_DEFINITION_SHAPE('','',#7086);
#7086 = PRODUCT_DEFINITION('design','',#7087,#7090);
#7087 = PRODUCT_DEFINITION_FORMATION('','',#7088);
#7088 = PRODUCT('SOLID','SOLID','',(#7089));
#7089 = PRODUCT_CONTEXT('',#2,'mechanical');
#7090 = PRODUCT_DEFINITION_CONTEXT('part definition',#2,'design');
#7091 = ADVANCED_BREP_SHAPE_REPRESENTATION('',(#11,#7092),#7190);
#7092 = MANIFOLD_SOLID_BREP('',#7093);
#7093 = CLOSED_SHELL('',(#7094,#7182,#7186));
#7094 = ADVANCED_FACE('',(#7095),#7109,.T.);
#7095 = FACE_BOUND('',#7096,.F.);
#7096 = EDGE_LOOP('',(#7097,#7127,#7154,#7155));
#7097 = ORIENTED_EDGE('',*,*,#7098,.T.);
#7098 = EDGE_CURVE('',#7099,#7101,#7103,.T.);
#7099 = VERTEX_POINT('',#7100);
#7100 = CARTESIAN_POINT('',(-1.55E+03,-717.5,0.));
#7101 = VERTEX_POINT('',#7102);
#7102 = CARTESIAN_POINT('',(-1.43E+03,-717.5,0.));
#7103 = SEAM_CURVE('',#7104,(#7108,#7120),.PCURVE_S1.);
#7104 = LINE('',#7105,#7106);
#7105 = CARTESIAN_POINT('',(-1.55E+03,-717.5,0.));
#7106 = VECTOR('',#7107,1.);
#7107 = DIRECTION('',(1.,0.,1.110223024625E-16));
#7108 = PCURVE('',#7109,#7114);
#7109 = CYLINDRICAL_SURFACE('',#7110,405.);
#7110 = AXIS2_PLACEMENT_3D('',#7111,#7112,#7113);
#7111 = CARTESIAN_POINT('',(-1.55E+03,-717.5,405.));
#7112 = DIRECTION('',(-1.,-0.,-1.110223024625E-16));
#7113 = DIRECTION('',(1.110223024625E-16,0.,-1.));
#7114 = DEFINITIONAL_REPRESENTATION('',(#7115),#7119);
#7115 = LINE('',#7116,#7117);
#7116 = CARTESIAN_POINT('',(-0.,0.));
#7117 = VECTOR('',#7118,1.);
#7118 = DIRECTION('',(-0.,-1.));
#7119 = ( GEOMETRIC_REPRESENTATION_CONTEXT(2) 
PARAMETRIC_REPRESENTATION_CONTEXT() REPRESENTATION_CONTEXT('2D SPACE',''
  ) );
#7120 = PCURVE('',#7109,#7121);
#7121 = DEFINITIONAL_REPRESENTATION('',(#7122),#7126);
#7122 = LINE('',#7123,#7124);
#7123 = CARTESIAN_POINT('',(-6.28318530718,0.));
#7124 = VECTOR('',#7125,1.);
#7125 = DIRECTION('',(-0.,-1.));
#7126 = ( GEOMETRIC_REPRESENTATION_CONTEXT(2) 
PARAMETRIC_REPRESENTATION_CONTEXT() REPRESENTATION_CONTEXT('2D SPACE',''
  ) );
#7127 = ORIENTED_EDGE('',*,*,#7128,.T.);
#7128 = EDGE_CURVE('',#7101,#7101,#7129,.T.);
#7129 = SURFACE_CURVE('',#7130,(#7135,#7142),.PCURVE_S1.);
#7130 = CIRCLE('',#7131,405.);
#7131 = AXIS2_PLACEMENT_3D('',#7132,#7133,#7134);
#7132 = CARTESIAN_POINT('',(-1.43E+03,-717.5,405.));
#7133 = DIRECTION('',(1.,-0.,1.110223024625E-16));
#7134 = DIRECTION('',(1.110223024625E-16,0.,-1.));
#7135 = PCURVE('',#7109,#7136);
#7136 = DEFINITIONAL_REPRESENTATION('',(#7137),#7141);
#7137 = LINE('',#7138,#7139);
#7138 = CARTESIAN_POINT('',(-0.,-120.));
#7139 = VECTOR('',#7140,1.);
#7140 = DIRECTION('',(-1.,0.));
#7141 = ( GEOMETRIC_REPRESENTATION_CONTEXT(2) 
PARAMETRIC_REPRESENTATION_CONTEXT() REPRESENTATION_CONTEXT('2D SPACE',''
  ) );
#7142 = PCURVE('',#7143,#7148);
#7143 = PLANE('',#7144);
#7144 = AXIS2_PLACEMENT_3D('',#7145,#7146,#7147);
#7145 = CARTESIAN_POINT('',(-1.43E+03,-717.5,405.));
#7146 = DIRECTION('',(1.,0.,1.110223024625E-16));
#7147 = DIRECTION('',(1.110223024625E-16,0.,-1.));
#7148 = DEFINITIONAL_REPRESENTATION('',(#7149),#7153);
#7149 = CIRCLE('',#7150,405.);
#7150 = AXIS2_PLACEMENT_2D('',#7151,#7152);
#7151 = CARTESIAN_POINT('',(5.684341886081E-14,0.));
#7152 = DIRECTION('',(1.,0.));
#7153 = ( GEOMETRIC_REPRESENTATION_CONTEXT(2) 
PARAMETRIC_REPRESENTATION_CONTEXT() REPRESENTATION_CONTEXT('2D SPACE',''
  ) );
#7154 = ORIENTED_EDGE('',*,*,#7098,.F.);
#7155 = ORIENTED_EDGE('',*,*,#7156,.F.);
#7156 = EDGE_CURVE('',#7099,#7099,#7157,.T.);
#7157 = SURFACE_CURVE('',#7158,(#7163,#7170),.PCURVE_S1.);
#7158 = CIRCLE('',#7159,405.);
#7159 = AXIS2_PLACEMENT_3D('',#7160,#7161,#7162);
#7160 = CARTESIAN_POINT('',(-1.55E+03,-717.5,405.));
#7161 = DIRECTION('',(1.,-0.,1.110223024625E-16));
#7162 = DIRECTION('',(1.110223024625E-16,0.,-1.));
#7163 = PCURVE('',#7109,#7164);
#7164 = DEFINITIONAL_REPRESENTATION('',(#7165),#7169);
#7165 = LINE('',#7166,#7167);
#7166 = CARTESIAN_POINT('',(-0.,0.));
#7167 = VECTOR('',#7168,1.);
#7168 = DIRECTION('',(-1.,0.));
#7169 = ( GEOMETRIC_REPRESENTATION_CONTEXT(2) 
PARAMETRIC_REPRESENTATION_CONTEXT() REPRESENTATION_CONTEXT('2D SPACE',''
  ) );
#7170 = PCURVE('',#7171,#7176);
#7171 = PLANE('',#7172);
#7172 = AXIS2_PLACEMENT_3D('',#7173,#7174,#7175);
#7173 = CARTESIAN_POINT('',(-1.55E+03,-717.5,405.));
#7174 = DIRECTION('',(1.,0.,1.110223024625E-16));
#7175 = DIRECTION('',(1.110223024625E-16,0.,-1.));
#7176 = DEFINITIONAL_REPRESENTATION('',(#7177),#7181);
#7177 = CIRCLE('',#7178,405.);
#7178 = AXIS2_PLACEMENT_2D('',#7179,#7180);
#7179 = CARTESIAN_POINT('',(0.,0.));
#7180 = DIRECTION('',(1.,0.));
#7181 = ( GEOMETRIC_REPRESENTATION_CONTEXT(2) 
PARAMETRIC_REPRESENTATION_CONTEXT() REPRESENTATION_CONTEXT('2D SPACE',''
  ) );
#7182 = ADVANCED_FACE('',(#7183),#7171,.F.);
#7183 = FACE_BOUND('',#7184,.F.);
#7184 = EDGE_LOOP('',(#7185));
#7185 = ORIENTED_EDGE('',*,*,#7156,.T.);
#7186 = ADVANCED_FACE('',(#7187),#7143,.T.);
#7187 = FACE_BOUND('',#7188,.T.);
#7188 = EDGE_LOOP('',(#7189));
#7189 = ORIENTED_EDGE('',*,*,#7128,.T.);
#7190 = ( GEOMETRIC_REPRESENTATION_CONTEXT(3) 
GLOBAL_UNCERTAINTY_ASSIGNED_CONTEXT((#7194)) 
GLOBAL_UNIT_ASSIGNED_CONTEXT((#7191,#7192,#7193)) REPRESENTATION_CONTEXT
('Context #1','3D Context with UNIT and UNCERTAINTY') );
#7191 = ( LENGTH_UNIT() NAMED_UNIT(*) SI_UNIT(.MILLI.,.METRE.) );
#7192 = ( NAMED_UNIT(*) PLANE_ANGLE_UNIT() SI_UNIT($,.RADIAN.) );
#7193 = ( NAMED_UNIT(*) SI_UNIT($,.STERADIAN.) SOLID_ANGLE_UNIT() );
#7194 = UNCERTAINTY_MEASURE_WITH_UNIT(LENGTH_MEASURE(1.E-07),#7191,
  'distance_accuracy_value','confusion accuracy');
#7195 = CONTEXT_DEPENDENT_SHAPE_REPRESENTATION(#7196,#7198);
#7196 = ( REPRESENTATION_RELATIONSHIP('','',#7091,#7068) 
REPRESENTATION_RELATIONSHIP_WITH_TRANSFORMATION(#7197) 
SHAPE_REPRESENTATION_RELATIONSHIP() );
#7197 = ITEM_DEFINED_TRANSFORMATION('','',#11,#7069);
#7198 = PRODUCT_DEFINITION_SHAPE('Placement','Placement of an item',
  #7199);
#7199 = NEXT_ASSEMBLY_USAGE_OCCURRENCE('1153','=>[0:1:1:49]','',#7063,
  #7086,$);
#7200 = PRODUCT_RELATED_PRODUCT_CATEGORY('part',$,(#7088));
#7201 = SHAPE_DEFINITION_REPRESENTATION(#7202,#7208);
#7202 = PRODUCT_DEFINITION_SHAPE('','',#7203);
#7203 = PRODUCT_DEFINITION('design','',#7204,#7207);
#7204 = PRODUCT_DEFINITION_FORMATION('','',#7205);
#7205 = PRODUCT('ASSEMBLY','ASSEMBLY','',(#7206));
#7206 = PRODUCT_CONTEXT('',#2,'mechanical');
#7207 = PRODUCT_DEFINITION_CONTEXT('part definition',#2,'design');
#7208 = SHAPE_REPRESENTATION('',(#11,#7209),#7213);
#7209 = AXIS2_PLACEMENT_3D('',#7210,#7211,#7212);
#7210 = CARTESIAN_POINT('',(0.,0.,0.));
#7211 = DIRECTION('',(0.,0.,1.));
#7212 = DIRECTION('',(1.,0.,-0.));
#7213 = ( GEOMETRIC_REPRESENTATION_CONTEXT(3) 
GLOBAL_UNCERTAINTY_ASSIGNED_CONTEXT((#7217)) 
GLOBAL_UNIT_ASSIGNED_CONTEXT((#7214,#7215,#7216)) REPRESENTATION_CONTEXT
('Context #1','3D Context with UNIT and UNCERTAINTY') );
#7214 = ( LENGTH_UNIT() NAMED_UNIT(*) SI_UNIT(.MILLI.,.METRE.) );
#7215 = ( NAMED_UNIT(*) PLANE_ANGLE_UNIT() SI_UNIT($,.RADIAN.) );
#7216 = ( NAMED_UNIT(*) SI_UNIT($,.STERADIAN.) SOLID_ANGLE_UNIT() );
#7217 = UNCERTAINTY_MEASURE_WITH_UNIT(LENGTH_MEASURE(1.E-07),#7214,
  'distance_accuracy_value','confusion accuracy');
#7218 = CONTEXT_DEPENDENT_SHAPE_REPRESENTATION(#7219,#7221);
#7219 = ( REPRESENTATION_RELATIONSHIP('','',#7208,#6377) 
REPRESENTATION_RELATIONSHIP_WITH_TRANSFORMATION(#7220) 
SHAPE_REPRESENTATION_RELATIONSHIP() );
#7220 = ITEM_DEFINED_TRANSFORMATION('','',#11,#6394);
#7221 = PRODUCT_DEFINITION_SHAPE('Placement','Placement of an item',
  #7222);
#7222 = NEXT_ASSEMBLY_USAGE_OCCURRENCE('1156','=>[0:1:1:50]','',#6372,
  #7203,$);
#7223 = PRODUCT_RELATED_PRODUCT_CATEGORY('part',$,(#7205));
#7224 = SHAPE_DEFINITION_REPRESENTATION(#7225,#7231);
#7225 = PRODUCT_DEFINITION_SHAPE('','',#7226);
#7226 = PRODUCT_DEFINITION('design','',#7227,#7230);
#7227 = PRODUCT_DEFINITION_FORMATION('','',#7228);
#7228 = PRODUCT('SOLID','SOLID','',(#7229));
#7229 = PRODUCT_CONTEXT('',#2,'mechanical');
#7230 = PRODUCT_DEFINITION_CONTEXT('part definition',#2,'design');
#7231 = ADVANCED_BREP_SHAPE_REPRESENTATION('',(#11,#7232),#7330);
#7232 = MANIFOLD_SOLID_BREP('',#7233);
#7233 = CLOSED_SHELL('',(#7234,#7322,#7326));
#7234 = ADVANCED_FACE('',(#7235),#7249,.T.);
#7235 = FACE_BOUND('',#7236,.F.);
#7236 = EDGE_LOOP('',(#7237,#7267,#7294,#7295));
#7237 = ORIENTED_EDGE('',*,*,#7238,.T.);
#7238 = EDGE_CURVE('',#7239,#7241,#7243,.T.);
#7239 = VERTEX_POINT('',#7240);
#7240 = CARTESIAN_POINT('',(-1.55E+03,717.5,0.));
#7241 = VERTEX_POINT('',#7242);
#7242 = CARTESIAN_POINT('',(-1.43E+03,717.5,0.));
#7243 = SEAM_CURVE('',#7244,(#7248,#7260),.PCURVE_S1.);
#7244 = LINE('',#7245,#7246);
#7245 = CARTESIAN_POINT('',(-1.55E+03,717.5,0.));
#7246 = VECTOR('',#7247,1.);
#7247 = DIRECTION('',(1.,0.,1.110223024625E-16));
#7248 = PCURVE('',#7249,#7254);
#7249 = CYLINDRICAL_SURFACE('',#7250,405.);
#7250 = AXIS2_PLACEMENT_3D('',#7251,#7252,#7253);
#7251 = CARTESIAN_POINT('',(-1.55E+03,717.5,405.));
#7252 = DIRECTION('',(-1.,-0.,-1.110223024625E-16));
#7253 = DIRECTION('',(1.110223024625E-16,0.,-1.));
#7254 = DEFINITIONAL_REPRESENTATION('',(#7255),#7259);
#7255 = LINE('',#7256,#7257);
#7256 = CARTESIAN_POINT('',(-0.,0.));
#7257 = VECTOR('',#7258,1.);
#7258 = DIRECTION('',(-0.,-1.));
#7259 = ( GEOMETRIC_REPRESENTATION_CONTEXT(2) 
PARAMETRIC_REPRESENTATION_CONTEXT() REPRESENTATION_CONTEXT('2D SPACE',''
  ) );
#7260 = PCURVE('',#7249,#7261);
#7261 = DEFINITIONAL_REPRESENTATION('',(#7262),#7266);
#7262 = LINE('',#7263,#7264);
#7263 = CARTESIAN_POINT('',(-6.28318530718,0.));
#7264 = VECTOR('',#7265,1.);
#7265 = DIRECTION('',(-0.,-1.));
#7266 = ( GEOMETRIC_REPRESENTATION_CONTEXT(2) 
PARAMETRIC_REPRESENTATION_CONTEXT() REPRESENTATION_CONTEXT('2D SPACE',''
  ) );
#7267 = ORIENTED_EDGE('',*,*,#7268,.T.);
#7268 = EDGE_CURVE('',#7241,#7241,#7269,.T.);
#7269 = SURFACE_CURVE('',#7270,(#7275,#7282),.PCURVE_S1.);
#7270 = CIRCLE('',#7271,405.);
#7271 = AXIS2_PLACEMENT_3D('',#7272,#7273,#7274);
#7272 = CARTESIAN_POINT('',(-1.43E+03,717.5,405.));
#7273 = DIRECTION('',(1.,-0.,1.110223024625E-16));
#7274 = DIRECTION('',(1.110223024625E-16,0.,-1.));
#7275 = PCURVE('',#7249,#7276);
#7276 = DEFINITIONAL_REPRESENTATION('',(#7277),#7281);
#7277 = LINE('',#7278,#7279);
#7278 = CARTESIAN_POINT('',(-0.,-120.));
#7279 = VECTOR('',#7280,1.);
#7280 = DIRECTION('',(-1.,0.));
#7281 = ( GEOMETRIC_REPRESENTATION_CONTEXT(2) 
PARAMETRIC_REPRESENTATION_CONTEXT() REPRESENTATION_CONTEXT('2D SPACE',''
  ) );
#7282 = PCURVE('',#7283,#7288);
#7283 = PLANE('',#7284);
#7284 = AXIS2_PLACEMENT_3D('',#7285,#7286,#7287);
#7285 = CARTESIAN_POINT('',(-1.43E+03,717.5,405.));
#7286 = DIRECTION('',(1.,0.,1.110223024625E-16));
#7287 = DIRECTION('',(1.110223024625E-16,0.,-1.));
#7288 = DEFINITIONAL_REPRESENTATION('',(#7289),#7293);
#7289 = CIRCLE('',#7290,405.);
#7290 = AXIS2_PLACEMENT_2D('',#7291,#7292);
#7291 = CARTESIAN_POINT('',(5.684341886081E-14,0.));
#7292 = DIRECTION('',(1.,0.));
#7293 = ( GEOMETRIC_REPRESENTATION_CONTEXT(2) 
PARAMETRIC_REPRESENTATION_CONTEXT() REPRESENTATION_CONTEXT('2D SPACE',''
  ) );
#7294 = ORIENTED_EDGE('',*,*,#7238,.F.);
#7295 = ORIENTED_EDGE('',*,*,#7296,.F.);
#7296 = EDGE_CURVE('',#7239,#7239,#7297,.T.);
#7297 = SURFACE_CURVE('',#7298,(#7303,#7310),.PCURVE_S1.);
#7298 = CIRCLE('',#7299,405.);
#7299 = AXIS2_PLACEMENT_3D('',#7300,#7301,#7302);
#7300 = CARTESIAN_POINT('',(-1.55E+03,717.5,405.));
#7301 = DIRECTION('',(1.,-0.,1.110223024625E-16));
#7302 = DIRECTION('',(1.110223024625E-16,0.,-1.));
#7303 = PCURVE('',#7249,#7304);
#7304 = DEFINITIONAL_REPRESENTATION('',(#7305),#7309);
#7305 = LINE('',#7306,#7307);
#7306 = CARTESIAN_POINT('',(-0.,0.));
#7307 = VECTOR('',#7308,1.);
#7308 = DIRECTION('',(-1.,0.));
#7309 = ( GEOMETRIC_REPRESENTATION_CONTEXT(2) 
PARAMETRIC_REPRESENTATION_CONTEXT() REPRESENTATION_CONTEXT('2D SPACE',''
  ) );
#7310 = PCURVE('',#7311,#7316);
#7311 = PLANE('',#7312);
#7312 = AXIS2_PLACEMENT_3D('',#7313,#7314,#7315);
#7313 = CARTESIAN_POINT('',(-1.55E+03,717.5,405.));
#7314 = DIRECTION('',(1.,0.,1.110223024625E-16));
#7315 = DIRECTION('',(1.110223024625E-16,0.,-1.));
#7316 = DEFINITIONAL_REPRESENTATION('',(#7317),#7321);
#7317 = CIRCLE('',#7318,405.);
#7318 = AXIS2_PLACEMENT_2D('',#7319,#7320);
#7319 = CARTESIAN_POINT('',(0.,0.));
#7320 = DIRECTION('',(1.,0.));
#7321 = ( GEOMETRIC_REPRESENTATION_CONTEXT(2) 
PARAMETRIC_REPRESENTATION_CONTEXT() REPRESENTATION_CONTEXT('2D SPACE',''
  ) );
#7322 = ADVANCED_FACE('',(#7323),#7311,.F.);
#7323 = FACE_BOUND('',#7324,.F.);
#7324 = EDGE_LOOP('',(#7325));
#7325 = ORIENTED_EDGE('',*,*,#7296,.T.);
#7326 = ADVANCED_FACE('',(#7327),#7283,.T.);
#7327 = FACE_BOUND('',#7328,.T.);
#7328 = EDGE_LOOP('',(#7329));
#7329 = ORIENTED_EDGE('',*,*,#7268,.T.);
#7330 = ( GEOMETRIC_REPRESENTATION_CONTEXT(3) 
GLOBAL_UNCERTAINTY_ASSIGNED_CONTEXT((#7334)) 
GLOBAL_UNIT_ASSIGNED_CONTEXT((#7331,#7332,#7333)) REPRESENTATION_CONTEXT
('Context #1','3D Context with UNIT and UNCERTAINTY') );
#7331 = ( LENGTH_UNIT() NAMED_UNIT(*) SI_UNIT(.MILLI.,.METRE.) );
#7332 = ( NAMED_UNIT(*) PLANE_ANGLE_UNIT() SI_UNIT($,.RADIAN.) );
#7333 = ( NAMED_UNIT(*) SI_UNIT($,.STERADIAN.) SOLID_ANGLE_UNIT() );
#7334 = UNCERTAINTY_MEASURE_WITH_UNIT(LENGTH_MEASURE(1.E-07),#7331,
  'distance_accuracy_value','confusion accuracy');
#7335 = CONTEXT_DEPENDENT_SHAPE_REPRESENTATION(#7336,#7338);
#7336 = ( REPRESENTATION_RELATIONSHIP('','',#7231,#7208) 
REPRESENTATION_RELATIONSHIP_WITH_TRANSFORMATION(#7337) 
SHAPE_REPRESENTATION_RELATIONSHIP() );
#7337 = ITEM_DEFINED_TRANSFORMATION('','',#11,#7209);
#7338 = PRODUCT_DEFINITION_SHAPE('Placement','Placement of an item',
  #7339);
#7339 = NEXT_ASSEMBLY_USAGE_OCCURRENCE('1155','=>[0:1:1:51]','',#7203,
  #7226,$);
#7340 = PRODUCT_RELATED_PRODUCT_CATEGORY('part',$,(#7228));
#7341 = SHAPE_DEFINITION_REPRESENTATION(#7342,#7348);
#7342 = PRODUCT_DEFINITION_SHAPE('','',#7343);
#7343 = PRODUCT_DEFINITION('design','',#7344,#7347);
#7344 = PRODUCT_DEFINITION_FORMATION('','',#7345);
#7345 = PRODUCT('Car body (cabless)','Car body (cabless)','',(#7346));
#7346 = PRODUCT_CONTEXT('',#2,'mechanical');
#7347 = PRODUCT_DEFINITION_CONTEXT('part definition',#2,'design');
#7348 = SHAPE_REPRESENTATION('',(#11,#7349),#7353);
#7349 = AXIS2_PLACEMENT_3D('',#7350,#7351,#7352);
#7350 = CARTESIAN_POINT('',(0.,0.,0.));
#7351 = DIRECTION('',(0.,0.,1.));
#7352 = DIRECTION('',(1.,0.,-0.));
#7353 = ( GEOMETRIC_REPRESENTATION_CONTEXT(3) 
GLOBAL_UNCERTAINTY_ASSIGNED_CONTEXT((#7357)) 
GLOBAL_UNIT_ASSIGNED_CONTEXT((#7354,#7355,#7356)) REPRESENTATION_CONTEXT
('Context #1','3D Context with UNIT and UNCERTAINTY') );
#7354 = ( LENGTH_UNIT() NAMED_UNIT(*) SI_UNIT(.MILLI.,.METRE.) );
#7355 = ( NAMED_UNIT(*) PLANE_ANGLE_UNIT() SI_UNIT($,.RADIAN.) );
#7356 = ( NAMED_UNIT(*) SI_UNIT($,.STERADIAN.) SOLID_ANGLE_UNIT() );
#7357 = UNCERTAINTY_MEASURE_WITH_UNIT(LENGTH_MEASURE(1.E-07),#7354,
  'distance_accuracy_value','confusion accuracy');
#7358 = CONTEXT_DEPENDENT_SHAPE_REPRESENTATION(#7359,#7361);
#7359 = ( REPRESENTATION_RELATIONSHIP('','',#7348,#10) 
REPRESENTATION_RELATIONSHIP_WITH_TRANSFORMATION(#7360) 
SHAPE_REPRESENTATION_RELATIONSHIP() );
#7360 = ITEM_DEFINED_TRANSFORMATION('','',#11,#43);
#7361 = PRODUCT_DEFINITION_SHAPE('Placement','Placement of an item',
  #7362);
#7362 = NEXT_ASSEMBLY_USAGE_OCCURRENCE('1159','=>[0:1:1:52]','',#5,#7343
  ,$);
#7363 = PRODUCT_RELATED_PRODUCT_CATEGORY('part',$,(#7345));
#7364 = SHAPE_DEFINITION_REPRESENTATION(#7365,#7371);
#7365 = PRODUCT_DEFINITION_SHAPE('','',#7366);
#7366 = PRODUCT_DEFINITION('design','',#7367,#7370);
#7367 = PRODUCT_DEFINITION_FORMATION('','',#7368);
#7368 = PRODUCT('SOLID','SOLID','',(#7369));
#7369 = PRODUCT_CONTEXT('',#2,'mechanical');
#7370 = PRODUCT_DEFINITION_CONTEXT('part definition',#2,'design');
#7371 = ADVANCED_BREP_SHAPE_REPRESENTATION('',(#11,#7372),#8668);
#7372 = MANIFOLD_SOLID_BREP('',#7373);
#7373 = CLOSED_SHELL('',(#7374,#7494,#7912,#7983,#8010,#8037,#8044,#8120
    ,#8169,#8218,#8245,#8321,#8370,#8419,#8446,#8522,#8571,#8620,#8647,
    #8654,#8661));
#7374 = ADVANCED_FACE('',(#7375),#7389,.T.);
#7375 = FACE_BOUND('',#7376,.T.);
#7376 = EDGE_LOOP('',(#7377,#7412,#7440,#7468));
#7377 = ORIENTED_EDGE('',*,*,#7378,.T.);
#7378 = EDGE_CURVE('',#7379,#7381,#7383,.T.);
#7379 = VERTEX_POINT('',#7380);
#7380 = CARTESIAN_POINT('',(500.,-1.325E+03,0.));
#7381 = VERTEX_POINT('',#7382);
#7382 = CARTESIAN_POINT('',(500.,-1.325E+03,3.6E+03));
#7383 = SURFACE_CURVE('',#7384,(#7388,#7400),.PCURVE_S1.);
#7384 = LINE('',#7385,#7386);
#7385 = CARTESIAN_POINT('',(500.,-1.325E+03,0.));
#7386 = VECTOR('',#7387,1.);
#7387 = DIRECTION('',(0.,0.,1.));
#7388 = PCURVE('',#7389,#7394);
#7389 = PLANE('',#7390);
#7390 = AXIS2_PLACEMENT_3D('',#7391,#7392,#7393);
#7391 = CARTESIAN_POINT('',(500.,-1.325E+03,0.));
#7392 = DIRECTION('',(-1.,0.,0.));
#7393 = DIRECTION('',(0.,1.,0.));
#7394 = DEFINITIONAL_REPRESENTATION('',(#7395),#7399);
#7395 = LINE('',#7396,#7397);
#7396 = CARTESIAN_POINT('',(0.,0.));
#7397 = VECTOR('',#7398,1.);
#7398 = DIRECTION('',(0.,-1.));
#7399 = ( GEOMETRIC_REPRESENTATION_CONTEXT(2) 
PARAMETRIC_REPRESENTATION_CONTEXT() REPRESENTATION_CONTEXT('2D SPACE',''
  ) );
#7400 = PCURVE('',#7401,#7406);
#7401 = PLANE('',#7402);
#7402 = AXIS2_PLACEMENT_3D('',#7403,#7404,#7405);
#7403 = CARTESIAN_POINT('',(500.,-1.325E+03,0.));
#7404 = DIRECTION('',(0.,1.,0.));
#7405 = DIRECTION('',(1.,0.,0.));
#7406 = DEFINITIONAL_REPRESENTATION('',(#7407),#7411);
#7407 = LINE('',#7408,#7409);
#7408 = CARTESIAN_POINT('',(0.,0.));
#7409 = VECTOR('',#7410,1.);
#7410 = DIRECTION('',(0.,-1.));
#7411 = ( GEOMETRIC_REPRESENTATION_CONTEXT(2) 
PARAMETRIC_REPRESENTATION_CONTEXT() REPRESENTATION_CONTEXT('2D SPACE',''
  ) );
#7412 = ORIENTED_EDGE('',*,*,#7413,.T.);
#7413 = EDGE_CURVE('',#7381,#7414,#7416,.T.);
#7414 = VERTEX_POINT('',#7415);
#7415 = CARTESIAN_POINT('',(500.,1.325E+03,3.6E+03));
#7416 = SURFACE_CURVE('',#7417,(#7421,#7428),.PCURVE_S1.);
#7417 = LINE('',#7418,#7419);
#7418 = CARTESIAN_POINT('',(500.,0.,3.6E+03));
#7419 = VECTOR('',#7420,1.);
#7420 = DIRECTION('',(0.,1.,0.));
#7421 = PCURVE('',#7389,#7422);
#7422 = DEFINITIONAL_REPRESENTATION('',(#7423),#7427);
#7423 = LINE('',#7424,#7425);
#7424 = CARTESIAN_POINT('',(1.325E+03,-3.6E+03));
#7425 = VECTOR('',#7426,1.);
#7426 = DIRECTION('',(1.,0.));
#7427 = ( GEOMETRIC_REPRESENTATION_CONTEXT(2) 
PARAMETRIC_REPRESENTATION_CONTEXT() REPRESENTATION_CONTEXT('2D SPACE',''
  ) );
#7428 = PCURVE('',#7429,#7434);
#7429 = PLANE('',#7430);
#7430 = AXIS2_PLACEMENT_3D('',#7431,#7432,#7433);
#7431 = CARTESIAN_POINT('',(1.15E+04,0.,3.6E+03));
#7432 = DIRECTION('',(0.,0.,1.));
#7433 = DIRECTION('',(1.,0.,0.));
#7434 = DEFINITIONAL_REPRESENTATION('',(#7435),#7439);
#7435 = LINE('',#7436,#7437);
#7436 = CARTESIAN_POINT('',(-1.1E+04,0.));
#7437 = VECTOR('',#7438,1.);
#7438 = DIRECTION('',(0.,1.));
#7439 = ( GEOMETRIC_REPRESENTATION_CONTEXT(2) 
PARAMETRIC_REPRESENTATION_CONTEXT() REPRESENTATION_CONTEXT('2D SPACE',''
  ) );
#7440 = ORIENTED_EDGE('',*,*,#7441,.F.);
#7441 = EDGE_CURVE('',#7442,#7414,#7444,.T.);
#7442 = VERTEX_POINT('',#7443);
#7443 = CARTESIAN_POINT('',(500.,1.325E+03,0.));
#7444 = SURFACE_CURVE('',#7445,(#7449,#7456),.PCURVE_S1.);
#7445 = LINE('',#7446,#7447);
#7446 = CARTESIAN_POINT('',(500.,1.325E+03,0.));
#7447 = VECTOR('',#7448,1.);
#7448 = DIRECTION('',(0.,0.,1.));
#7449 = PCURVE('',#7389,#7450);
#7450 = DEFINITIONAL_REPRESENTATION('',(#7451),#7455);
#7451 = LINE('',#7452,#7453);
#7452 = CARTESIAN_POINT('',(2.65E+03,0.));
#7453 = VECTOR('',#7454,1.);
#7454 = DIRECTION('',(0.,-1.));
#7455 = ( GEOMETRIC_REPRESENTATION_CONTEXT(2) 
PARAMETRIC_REPRESENTATION_CONTEXT() REPRESENTATION_CONTEXT('2D SPACE',''
  ) );
#7456 = PCURVE('',#7457,#7462);
#7457 = PLANE('',#7458);
#7458 = AXIS2_PLACEMENT_3D('',#7459,#7460,#7461);
#7459 = CARTESIAN_POINT('',(500.,1.325E+03,0.));
#7460 = DIRECTION('',(0.,1.,0.));
#7461 = DIRECTION('',(1.,0.,0.));
#7462 = DEFINITIONAL_REPRESENTATION('',(#7463),#7467);
#7463 = LINE('',#7464,#7465);
#7464 = CARTESIAN_POINT('',(0.,0.));
#7465 = VECTOR('',#7466,1.);
#7466 = DIRECTION('',(0.,-1.));
#7467 = ( GEOMETRIC_REPRESENTATION_CONTEXT(2) 
PARAMETRIC_REPRESENTATION_CONTEXT() REPRESENTATION_CONTEXT('2D SPACE',''
  ) );
#7468 = ORIENTED_EDGE('',*,*,#7469,.F.);
#7469 = EDGE_CURVE('',#7379,#7442,#7470,.T.);
#7470 = SURFACE_CURVE('',#7471,(#7475,#7482),.PCURVE_S1.);
#7471 = LINE('',#7472,#7473);
#7472 = CARTESIAN_POINT('',(500.,0.,0.));
#7473 = VECTOR('',#7474,1.);
#7474 = DIRECTION('',(0.,1.,0.));
#7475 = PCURVE('',#7389,#7476);
#7476 = DEFINITIONAL_REPRESENTATION('',(#7477),#7481);
#7477 = LINE('',#7478,#7479);
#7478 = CARTESIAN_POINT('',(1.325E+03,0.));
#7479 = VECTOR('',#7480,1.);
#7480 = DIRECTION('',(1.,0.));
#7481 = ( GEOMETRIC_REPRESENTATION_CONTEXT(2) 
PARAMETRIC_REPRESENTATION_CONTEXT() REPRESENTATION_CONTEXT('2D SPACE',''
  ) );
#7482 = PCURVE('',#7483,#7488);
#7483 = PLANE('',#7484);
#7484 = AXIS2_PLACEMENT_3D('',#7485,#7486,#7487);
#7485 = CARTESIAN_POINT('',(1.15E+04,0.,0.));
#7486 = DIRECTION('',(0.,0.,1.));
#7487 = DIRECTION('',(1.,0.,0.));
#7488 = DEFINITIONAL_REPRESENTATION('',(#7489),#7493);
#7489 = LINE('',#7490,#7491);
#7490 = CARTESIAN_POINT('',(-1.1E+04,0.));
#7491 = VECTOR('',#7492,1.);
#7492 = DIRECTION('',(0.,1.));
#7493 = ( GEOMETRIC_REPRESENTATION_CONTEXT(2) 
PARAMETRIC_REPRESENTATION_CONTEXT() REPRESENTATION_CONTEXT('2D SPACE',''
  ) );
#7494 = ADVANCED_FACE('',(#7495,#7570,#7684,#7798),#7401,.F.);
#7495 = FACE_BOUND('',#7496,.F.);
#7496 = EDGE_LOOP('',(#7497,#7498,#7521,#7549));
#7497 = ORIENTED_EDGE('',*,*,#7378,.T.);
#7498 = ORIENTED_EDGE('',*,*,#7499,.T.);
#7499 = EDGE_CURVE('',#7381,#7500,#7502,.T.);
#7500 = VERTEX_POINT('',#7501);
#7501 = CARTESIAN_POINT('',(2.25E+04,-1.325E+03,3.6E+03));
#7502 = SURFACE_CURVE('',#7503,(#7507,#7514),.PCURVE_S1.);
#7503 = LINE('',#7504,#7505);
#7504 = CARTESIAN_POINT('',(1.15E+04,-1.325E+03,3.6E+03));
#7505 = VECTOR('',#7506,1.);
#7506 = DIRECTION('',(1.,0.,0.));
#7507 = PCURVE('',#7401,#7508);
#7508 = DEFINITIONAL_REPRESENTATION('',(#7509),#7513);
#7509 = LINE('',#7510,#7511);
#7510 = CARTESIAN_POINT('',(1.1E+04,-3.6E+03));
#7511 = VECTOR('',#7512,1.);
#7512 = DIRECTION('',(1.,0.));
#7513 = ( GEOMETRIC_REPRESENTATION_CONTEXT(2) 
PARAMETRIC_REPRESENTATION_CONTEXT() REPRESENTATION_CONTEXT('2D SPACE',''
  ) );
#7514 = PCURVE('',#7429,#7515);
#7515 = DEFINITIONAL_REPRESENTATION('',(#7516),#7520);
#7516 = LINE('',#7517,#7518);
#7517 = CARTESIAN_POINT('',(0.,-1.325E+03));
#7518 = VECTOR('',#7519,1.);
#7519 = DIRECTION('',(1.,0.));
#7520 = ( GEOMETRIC_REPRESENTATION_CONTEXT(2) 
PARAMETRIC_REPRESENTATION_CONTEXT() REPRESENTATION_CONTEXT('2D SPACE',''
  ) );
#7521 = ORIENTED_EDGE('',*,*,#7522,.F.);
#7522 = EDGE_CURVE('',#7523,#7500,#7525,.T.);
#7523 = VERTEX_POINT('',#7524);
#7524 = CARTESIAN_POINT('',(2.25E+04,-1.325E+03,0.));
#7525 = SURFACE_CURVE('',#7526,(#7530,#7537),.PCURVE_S1.);
#7526 = LINE('',#7527,#7528);
#7527 = CARTESIAN_POINT('',(2.25E+04,-1.325E+03,0.));
#7528 = VECTOR('',#7529,1.);
#7529 = DIRECTION('',(0.,0.,1.));
#7530 = PCURVE('',#7401,#7531);
#7531 = DEFINITIONAL_REPRESENTATION('',(#7532),#7536);
#7532 = LINE('',#7533,#7534);
#7533 = CARTESIAN_POINT('',(2.2E+04,0.));
#7534 = VECTOR('',#7535,1.);
#7535 = DIRECTION('',(0.,-1.));
#7536 = ( GEOMETRIC_REPRESENTATION_CONTEXT(2) 
PARAMETRIC_REPRESENTATION_CONTEXT() REPRESENTATION_CONTEXT('2D SPACE',''
  ) );
#7537 = PCURVE('',#7538,#7543);
#7538 = PLANE('',#7539);
#7539 = AXIS2_PLACEMENT_3D('',#7540,#7541,#7542);
#7540 = CARTESIAN_POINT('',(2.25E+04,-1.325E+03,0.));
#7541 = DIRECTION('',(-1.,0.,0.));
#7542 = DIRECTION('',(0.,1.,0.));
#7543 = DEFINITIONAL_REPRESENTATION('',(#7544),#7548);
#7544 = LINE('',#7545,#7546);
#7545 = CARTESIAN_POINT('',(0.,0.));
#7546 = VECTOR('',#7547,1.);
#7547 = DIRECTION('',(0.,-1.));
#7548 = ( GEOMETRIC_REPRESENTATION_CONTEXT(2) 
PARAMETRIC_REPRESENTATION_CONTEXT() REPRESENTATION_CONTEXT('2D SPACE',''
  ) );
#7549 = ORIENTED_EDGE('',*,*,#7550,.F.);
#7550 = EDGE_CURVE('',#7379,#7523,#7551,.T.);
#7551 = SURFACE_CURVE('',#7552,(#7556,#7563),.PCURVE_S1.);
#7552 = LINE('',#7553,#7554);
#7553 = CARTESIAN_POINT('',(1.15E+04,-1.325E+03,0.));
#7554 = VECTOR('',#7555,1.);
#7555 = DIRECTION('',(1.,0.,0.));
#7556 = PCURVE('',#7401,#7557);
#7557 = DEFINITIONAL_REPRESENTATION('',(#7558),#7562);
#7558 = LINE('',#7559,#7560);
#7559 = CARTESIAN_POINT('',(1.1E+04,0.));
#7560 = VECTOR('',#7561,1.);
#7561 = DIRECTION('',(1.,0.));
#7562 = ( GEOMETRIC_REPRESENTATION_CONTEXT(2) 
PARAMETRIC_REPRESENTATION_CONTEXT() REPRESENTATION_CONTEXT('2D SPACE',''
  ) );
#7563 = PCURVE('',#7483,#7564);
#7564 = DEFINITIONAL_REPRESENTATION('',(#7565),#7569);
#7565 = LINE('',#7566,#7567);
#7566 = CARTESIAN_POINT('',(0.,-1.325E+03));
#7567 = VECTOR('',#7568,1.);
#7568 = DIRECTION('',(1.,0.));
#7569 = ( GEOMETRIC_REPRESENTATION_CONTEXT(2) 
PARAMETRIC_REPRESENTATION_CONTEXT() REPRESENTATION_CONTEXT('2D SPACE',''
  ) );
#7570 = FACE_BOUND('',#7571,.F.);
#7571 = EDGE_LOOP('',(#7572,#7602,#7630,#7658));
#7572 = ORIENTED_EDGE('',*,*,#7573,.F.);
#7573 = EDGE_CURVE('',#7574,#7576,#7578,.T.);
#7574 = VERTEX_POINT('',#7575);
#7575 = CARTESIAN_POINT('',(5.3E+03,-1.325E+03,1.1E+03));
#7576 = VERTEX_POINT('',#7577);
#7577 = CARTESIAN_POINT('',(5.3E+03,-1.325E+03,3.1E+03));
#7578 = SURFACE_CURVE('',#7579,(#7583,#7590),.PCURVE_S1.);
#7579 = LINE('',#7580,#7581);
#7580 = CARTESIAN_POINT('',(5.3E+03,-1.325E+03,550.));
#7581 = VECTOR('',#7582,1.);
#7582 = DIRECTION('',(0.,-0.,1.));
#7583 = PCURVE('',#7401,#7584);
#7584 = DEFINITIONAL_REPRESENTATION('',(#7585),#7589);
#7585 = LINE('',#7586,#7587);
#7586 = CARTESIAN_POINT('',(4.8E+03,-550.));
#7587 = VECTOR('',#7588,1.);
#7588 = DIRECTION('',(0.,-1.));
#7589 = ( GEOMETRIC_REPRESENTATION_CONTEXT(2) 
PARAMETRIC_REPRESENTATION_CONTEXT() REPRESENTATION_CONTEXT('2D SPACE',''
  ) );
#7590 = PCURVE('',#7591,#7596);
#7591 = PLANE('',#7592);
#7592 = AXIS2_PLACEMENT_3D('',#7593,#7594,#7595);
#7593 = CARTESIAN_POINT('',(5.3E+03,0.,1.1E+03));
#7594 = DIRECTION('',(-1.,0.,0.));
#7595 = DIRECTION('',(0.,0.,1.));
#7596 = DEFINITIONAL_REPRESENTATION('',(#7597),#7601);
#7597 = LINE('',#7598,#7599);
#7598 = CARTESIAN_POINT('',(-550.,-1.325E+03));
#7599 = VECTOR('',#7600,1.);
#7600 = DIRECTION('',(1.,0.));
#7601 = ( GEOMETRIC_REPRESENTATION_CONTEXT(2) 
PARAMETRIC_REPRESENTATION_CONTEXT() REPRESENTATION_CONTEXT('2D SPACE',''
  ) );
#7602 = ORIENTED_EDGE('',*,*,#7603,.T.);
#7603 = EDGE_CURVE('',#7574,#7604,#7606,.T.);
#7604 = VERTEX_POINT('',#7605);
#7605 = CARTESIAN_POINT('',(6.7E+03,-1.325E+03,1.1E+03));
#7606 = SURFACE_CURVE('',#7607,(#7611,#7618),.PCURVE_S1.);
#7607 = LINE('',#7608,#7609);
#7608 = CARTESIAN_POINT('',(2.9E+03,-1.325E+03,1.1E+03));
#7609 = VECTOR('',#7610,1.);
#7610 = DIRECTION('',(1.,-0.,0.));
#7611 = PCURVE('',#7401,#7612);
#7612 = DEFINITIONAL_REPRESENTATION('',(#7613),#7617);
#7613 = LINE('',#7614,#7615);
#7614 = CARTESIAN_POINT('',(2.4E+03,-1.1E+03));
#7615 = VECTOR('',#7616,1.);
#7616 = DIRECTION('',(1.,0.));
#7617 = ( GEOMETRIC_REPRESENTATION_CONTEXT(2) 
PARAMETRIC_REPRESENTATION_CONTEXT() REPRESENTATION_CONTEXT('2D SPACE',''
  ) );
#7618 = PCURVE('',#7619,#7624);
#7619 = PLANE('',#7620);
#7620 = AXIS2_PLACEMENT_3D('',#7621,#7622,#7623);
#7621 = CARTESIAN_POINT('',(5.3E+03,0.,1.1E+03));
#7622 = DIRECTION('',(-0.,0.,1.));
#7623 = DIRECTION('',(1.,0.,0.));
#7624 = DEFINITIONAL_REPRESENTATION('',(#7625),#7629);
#7625 = LINE('',#7626,#7627);
#7626 = CARTESIAN_POINT('',(-2.4E+03,-1.325E+03));
#7627 = VECTOR('',#7628,1.);
#7628 = DIRECTION('',(1.,0.));
#7629 = ( GEOMETRIC_REPRESENTATION_CONTEXT(2) 
PARAMETRIC_REPRESENTATION_CONTEXT() REPRESENTATION_CONTEXT('2D SPACE',''
  ) );
#7630 = ORIENTED_EDGE('',*,*,#7631,.T.);
#7631 = EDGE_CURVE('',#7604,#7632,#7634,.T.);
#7632 = VERTEX_POINT('',#7633);
#7633 = CARTESIAN_POINT('',(6.7E+03,-1.325E+03,3.1E+03));
#7634 = SURFACE_CURVE('',#7635,(#7639,#7646),.PCURVE_S1.);
#7635 = LINE('',#7636,#7637);
#7636 = CARTESIAN_POINT('',(6.7E+03,-1.325E+03,550.));
#7637 = VECTOR('',#7638,1.);
#7638 = DIRECTION('',(0.,-0.,1.));
#7639 = PCURVE('',#7401,#7640);
#7640 = DEFINITIONAL_REPRESENTATION('',(#7641),#7645);
#7641 = LINE('',#7642,#7643);
#7642 = CARTESIAN_POINT('',(6.2E+03,-550.));
#7643 = VECTOR('',#7644,1.);
#7644 = DIRECTION('',(0.,-1.));
#7645 = ( GEOMETRIC_REPRESENTATION_CONTEXT(2) 
PARAMETRIC_REPRESENTATION_CONTEXT() REPRESENTATION_CONTEXT('2D SPACE',''
  ) );
#7646 = PCURVE('',#7647,#7652);
#7647 = PLANE('',#7648);
#7648 = AXIS2_PLACEMENT_3D('',#7649,#7650,#7651);
#7649 = CARTESIAN_POINT('',(6.7E+03,0.,1.1E+03));
#7650 = DIRECTION('',(-1.,0.,0.));
#7651 = DIRECTION('',(0.,0.,1.));
#7652 = DEFINITIONAL_REPRESENTATION('',(#7653),#7657);
#7653 = LINE('',#7654,#7655);
#7654 = CARTESIAN_POINT('',(-550.,-1.325E+03));
#7655 = VECTOR('',#7656,1.);
#7656 = DIRECTION('',(1.,0.));
#7657 = ( GEOMETRIC_REPRESENTATION_CONTEXT(2) 
PARAMETRIC_REPRESENTATION_CONTEXT() REPRESENTATION_CONTEXT('2D SPACE',''
  ) );
#7658 = ORIENTED_EDGE('',*,*,#7659,.F.);
#7659 = EDGE_CURVE('',#7576,#7632,#7660,.T.);
#7660 = SURFACE_CURVE('',#7661,(#7665,#7672),.PCURVE_S1.);
#7661 = LINE('',#7662,#7663);
#7662 = CARTESIAN_POINT('',(2.9E+03,-1.325E+03,3.1E+03));
#7663 = VECTOR('',#7664,1.);
#7664 = DIRECTION('',(1.,-0.,0.));
#7665 = PCURVE('',#7401,#7666);
#7666 = DEFINITIONAL_REPRESENTATION('',(#7667),#7671);
#7667 = LINE('',#7668,#7669);
#7668 = CARTESIAN_POINT('',(2.4E+03,-3.1E+03));
#7669 = VECTOR('',#7670,1.);
#7670 = DIRECTION('',(1.,0.));
#7671 = ( GEOMETRIC_REPRESENTATION_CONTEXT(2) 
PARAMETRIC_REPRESENTATION_CONTEXT() REPRESENTATION_CONTEXT('2D SPACE',''
  ) );
#7672 = PCURVE('',#7673,#7678);
#7673 = PLANE('',#7674);
#7674 = AXIS2_PLACEMENT_3D('',#7675,#7676,#7677);
#7675 = CARTESIAN_POINT('',(5.3E+03,0.,3.1E+03));
#7676 = DIRECTION('',(-0.,0.,1.));
#7677 = DIRECTION('',(1.,0.,0.));
#7678 = DEFINITIONAL_REPRESENTATION('',(#7679),#7683);
#7679 = LINE('',#7680,#7681);
#7680 = CARTESIAN_POINT('',(-2.4E+03,-1.325E+03));
#7681 = VECTOR('',#7682,1.);
#7682 = DIRECTION('',(1.,0.));
#7683 = ( GEOMETRIC_REPRESENTATION_CONTEXT(2) 
PARAMETRIC_REPRESENTATION_CONTEXT() REPRESENTATION_CONTEXT('2D SPACE',''
  ) );
#7684 = FACE_BOUND('',#7685,.F.);
#7685 = EDGE_LOOP('',(#7686,#7716,#7744,#7772));
#7686 = ORIENTED_EDGE('',*,*,#7687,.F.);
#7687 = EDGE_CURVE('',#7688,#7690,#7692,.T.);
#7688 = VERTEX_POINT('',#7689);
#7689 = CARTESIAN_POINT('',(1.08E+04,-1.325E+03,1.1E+03));
#7690 = VERTEX_POINT('',#7691);
#7691 = CARTESIAN_POINT('',(1.08E+04,-1.325E+03,3.1E+03));
#7692 = SURFACE_CURVE('',#7693,(#7697,#7704),.PCURVE_S1.);
#7693 = LINE('',#7694,#7695);
#7694 = CARTESIAN_POINT('',(1.08E+04,-1.325E+03,550.));
#7695 = VECTOR('',#7696,1.);
#7696 = DIRECTION('',(0.,-0.,1.));
#7697 = PCURVE('',#7401,#7698);
#7698 = DEFINITIONAL_REPRESENTATION('',(#7699),#7703);
#7699 = LINE('',#7700,#7701);
#7700 = CARTESIAN_POINT('',(1.03E+04,-550.));
#7701 = VECTOR('',#7702,1.);
#7702 = DIRECTION('',(0.,-1.));
#7703 = ( GEOMETRIC_REPRESENTATION_CONTEXT(2) 
PARAMETRIC_REPRESENTATION_CONTEXT() REPRESENTATION_CONTEXT('2D SPACE',''
  ) );
#7704 = PCURVE('',#7705,#7710);
#7705 = PLANE('',#7706);
#7706 = AXIS2_PLACEMENT_3D('',#7707,#7708,#7709);
#7707 = CARTESIAN_POINT('',(1.08E+04,0.,1.1E+03));
#7708 = DIRECTION('',(-1.,0.,0.));
#7709 = DIRECTION('',(0.,0.,1.));
#7710 = DEFINITIONAL_REPRESENTATION('',(#7711),#7715);
#7711 = LINE('',#7712,#7713);
#7712 = CARTESIAN_POINT('',(-550.,-1.325E+03));
#7713 = VECTOR('',#7714,1.);
#7714 = DIRECTION('',(1.,0.));
#7715 = ( GEOMETRIC_REPRESENTATION_CONTEXT(2) 
PARAMETRIC_REPRESENTATION_CONTEXT() REPRESENTATION_CONTEXT('2D SPACE',''
  ) );
#7716 = ORIENTED_EDGE('',*,*,#7717,.T.);
#7717 = EDGE_CURVE('',#7688,#7718,#7720,.T.);
#7718 = VERTEX_POINT('',#7719);
#7719 = CARTESIAN_POINT('',(1.22E+04,-1.325E+03,1.1E+03));
#7720 = SURFACE_CURVE('',#7721,(#7725,#7732),.PCURVE_S1.);
#7721 = LINE('',#7722,#7723);
#7722 = CARTESIAN_POINT('',(5.65E+03,-1.325E+03,1.1E+03));
#7723 = VECTOR('',#7724,1.);
#7724 = DIRECTION('',(1.,-0.,0.));
#7725 = PCURVE('',#7401,#7726);
#7726 = DEFINITIONAL_REPRESENTATION('',(#7727),#7731);
#7727 = LINE('',#7728,#7729);
#7728 = CARTESIAN_POINT('',(5.15E+03,-1.1E+03));
#7729 = VECTOR('',#7730,1.);
#7730 = DIRECTION('',(1.,0.));
#7731 = ( GEOMETRIC_REPRESENTATION_CONTEXT(2) 
PARAMETRIC_REPRESENTATION_CONTEXT() REPRESENTATION_CONTEXT('2D SPACE',''
  ) );
#7732 = PCURVE('',#7733,#7738);
#7733 = PLANE('',#7734);
#7734 = AXIS2_PLACEMENT_3D('',#7735,#7736,#7737);
#7735 = CARTESIAN_POINT('',(1.08E+04,0.,1.1E+03));
#7736 = DIRECTION('',(-0.,0.,1.));
#7737 = DIRECTION('',(1.,0.,0.));
#7738 = DEFINITIONAL_REPRESENTATION('',(#7739),#7743);
#7739 = LINE('',#7740,#7741);
#7740 = CARTESIAN_POINT('',(-5.15E+03,-1.325E+03));
#7741 = VECTOR('',#7742,1.);
#7742 = DIRECTION('',(1.,0.));
#7743 = ( GEOMETRIC_REPRESENTATION_CONTEXT(2) 
PARAMETRIC_REPRESENTATION_CONTEXT() REPRESENTATION_CONTEXT('2D SPACE',''
  ) );
#7744 = ORIENTED_EDGE('',*,*,#7745,.T.);
#7745 = EDGE_CURVE('',#7718,#7746,#7748,.T.);
#7746 = VERTEX_POINT('',#7747);
#7747 = CARTESIAN_POINT('',(1.22E+04,-1.325E+03,3.1E+03));
#7748 = SURFACE_CURVE('',#7749,(#7753,#7760),.PCURVE_S1.);
#7749 = LINE('',#7750,#7751);
#7750 = CARTESIAN_POINT('',(1.22E+04,-1.325E+03,550.));
#7751 = VECTOR('',#7752,1.);
#7752 = DIRECTION('',(0.,-0.,1.));
#7753 = PCURVE('',#7401,#7754);
#7754 = DEFINITIONAL_REPRESENTATION('',(#7755),#7759);
#7755 = LINE('',#7756,#7757);
#7756 = CARTESIAN_POINT('',(1.17E+04,-550.));
#7757 = VECTOR('',#7758,1.);
#7758 = DIRECTION('',(0.,-1.));
#7759 = ( GEOMETRIC_REPRESENTATION_CONTEXT(2) 
PARAMETRIC_REPRESENTATION_CONTEXT() REPRESENTATION_CONTEXT('2D SPACE',''
  ) );
#7760 = PCURVE('',#7761,#7766);
#7761 = PLANE('',#7762);
#7762 = AXIS2_PLACEMENT_3D('',#7763,#7764,#7765);
#7763 = CARTESIAN_POINT('',(1.22E+04,0.,1.1E+03));
#7764 = DIRECTION('',(-1.,0.,0.));
#7765 = DIRECTION('',(0.,0.,1.));
#7766 = DEFINITIONAL_REPRESENTATION('',(#7767),#7771);
#7767 = LINE('',#7768,#7769);
#7768 = CARTESIAN_POINT('',(-550.,-1.325E+03));
#7769 = VECTOR('',#7770,1.);
#7770 = DIRECTION('',(1.,0.));
#7771 = ( GEOMETRIC_REPRESENTATION_CONTEXT(2) 
PARAMETRIC_REPRESENTATION_CONTEXT() REPRESENTATION_CONTEXT('2D SPACE',''
  ) );
#7772 = ORIENTED_EDGE('',*,*,#7773,.F.);
#7773 = EDGE_CURVE('',#7690,#7746,#7774,.T.);
#7774 = SURFACE_CURVE('',#7775,(#7779,#7786),.PCURVE_S1.);
#7775 = LINE('',#7776,#7777);
#7776 = CARTESIAN_POINT('',(5.65E+03,-1.325E+03,3.1E+03));
#7777 = VECTOR('',#7778,1.);
#7778 = DIRECTION('',(1.,-0.,0.));
#7779 = PCURVE('',#7401,#7780);
#7780 = DEFINITIONAL_REPRESENTATION('',(#7781),#7785);
#7781 = LINE('',#7782,#7783);
#7782 = CARTESIAN_POINT('',(5.15E+03,-3.1E+03));
#7783 = VECTOR('',#7784,1.);
#7784 = DIRECTION('',(1.,0.));
#7785 = ( GEOMETRIC_REPRESENTATION_CONTEXT(2) 
PARAMETRIC_REPRESENTATION_CONTEXT() REPRESENTATION_CONTEXT('2D SPACE',''
  ) );
#7786 = PCURVE('',#7787,#7792);
#7787 = PLANE('',#7788);
#7788 = AXIS2_PLACEMENT_3D('',#7789,#7790,#7791);
#7789 = CARTESIAN_POINT('',(1.08E+04,0.,3.1E+03));
#7790 = DIRECTION('',(-0.,0.,1.));
#7791 = DIRECTION('',(1.,0.,0.));
#7792 = DEFINITIONAL_REPRESENTATION('',(#7793),#7797);
#7793 = LINE('',#7794,#7795);
#7794 = CARTESIAN_POINT('',(-5.15E+03,-1.325E+03));
#7795 = VECTOR('',#7796,1.);
#7796 = DIRECTION('',(1.,0.));
#7797 = ( GEOMETRIC_REPRESENTATION_CONTEXT(2) 
PARAMETRIC_REPRESENTATION_CONTEXT() REPRESENTATION_CONTEXT('2D SPACE',''
  ) );
#7798 = FACE_BOUND('',#7799,.F.);
#7799 = EDGE_LOOP('',(#7800,#7830,#7858,#7886));
#7800 = ORIENTED_EDGE('',*,*,#7801,.F.);
#7801 = EDGE_CURVE('',#7802,#7804,#7806,.T.);
#7802 = VERTEX_POINT('',#7803);
#7803 = CARTESIAN_POINT('',(1.63E+04,-1.325E+03,1.1E+03));
#7804 = VERTEX_POINT('',#7805);
#7805 = CARTESIAN_POINT('',(1.63E+04,-1.325E+03,3.1E+03));
#7806 = SURFACE_CURVE('',#7807,(#7811,#7818),.PCURVE_S1.);
#7807 = LINE('',#7808,#7809);
#7808 = CARTESIAN_POINT('',(1.63E+04,-1.325E+03,550.));
#7809 = VECTOR('',#7810,1.);
#7810 = DIRECTION('',(0.,-0.,1.));
#7811 = PCURVE('',#7401,#7812);
#7812 = DEFINITIONAL_REPRESENTATION('',(#7813),#7817);
#7813 = LINE('',#7814,#7815);
#7814 = CARTESIAN_POINT('',(1.58E+04,-550.));
#7815 = VECTOR('',#7816,1.);
#7816 = DIRECTION('',(0.,-1.));
#7817 = ( GEOMETRIC_REPRESENTATION_CONTEXT(2) 
PARAMETRIC_REPRESENTATION_CONTEXT() REPRESENTATION_CONTEXT('2D SPACE',''
  ) );
#7818 = PCURVE('',#7819,#7824);
#7819 = PLANE('',#7820);
#7820 = AXIS2_PLACEMENT_3D('',#7821,#7822,#7823);
#7821 = CARTESIAN_POINT('',(1.63E+04,0.,1.1E+03));
#7822 = DIRECTION('',(-1.,0.,0.));
#7823 = DIRECTION('',(0.,0.,1.));
#7824 = DEFINITIONAL_REPRESENTATION('',(#7825),#7829);
#7825 = LINE('',#7826,#7827);
#7826 = CARTESIAN_POINT('',(-550.,-1.325E+03));
#7827 = VECTOR('',#7828,1.);
#7828 = DIRECTION('',(1.,0.));
#7829 = ( GEOMETRIC_REPRESENTATION_CONTEXT(2) 
PARAMETRIC_REPRESENTATION_CONTEXT() REPRESENTATION_CONTEXT('2D SPACE',''
  ) );
#7830 = ORIENTED_EDGE('',*,*,#7831,.T.);
#7831 = EDGE_CURVE('',#7802,#7832,#7834,.T.);
#7832 = VERTEX_POINT('',#7833);
#7833 = CARTESIAN_POINT('',(1.77E+04,-1.325E+03,1.1E+03));
#7834 = SURFACE_CURVE('',#7835,(#7839,#7846),.PCURVE_S1.);
#7835 = LINE('',#7836,#7837);
#7836 = CARTESIAN_POINT('',(8.4E+03,-1.325E+03,1.1E+03));
#7837 = VECTOR('',#7838,1.);
#7838 = DIRECTION('',(1.,-0.,0.));
#7839 = PCURVE('',#7401,#7840);
#7840 = DEFINITIONAL_REPRESENTATION('',(#7841),#7845);
#7841 = LINE('',#7842,#7843);
#7842 = CARTESIAN_POINT('',(7.9E+03,-1.1E+03));
#7843 = VECTOR('',#7844,1.);
#7844 = DIRECTION('',(1.,0.));
#7845 = ( GEOMETRIC_REPRESENTATION_CONTEXT(2) 
PARAMETRIC_REPRESENTATION_CONTEXT() REPRESENTATION_CONTEXT('2D SPACE',''
  ) );
#7846 = PCURVE('',#7847,#7852);
#7847 = PLANE('',#7848);
#7848 = AXIS2_PLACEMENT_3D('',#7849,#7850,#7851);
#7849 = CARTESIAN_POINT('',(1.63E+04,0.,1.1E+03));
#7850 = DIRECTION('',(-0.,0.,1.));
#7851 = DIRECTION('',(1.,0.,0.));
#7852 = DEFINITIONAL_REPRESENTATION('',(#7853),#7857);
#7853 = LINE('',#7854,#7855);
#7854 = CARTESIAN_POINT('',(-7.9E+03,-1.325E+03));
#7855 = VECTOR('',#7856,1.);
#7856 = DIRECTION('',(1.,0.));
#7857 = ( GEOMETRIC_REPRESENTATION_CONTEXT(2) 
PARAMETRIC_REPRESENTATION_CONTEXT() REPRESENTATION_CONTEXT('2D SPACE',''
  ) );
#7858 = ORIENTED_EDGE('',*,*,#7859,.T.);
#7859 = EDGE_CURVE('',#7832,#7860,#7862,.T.);
#7860 = VERTEX_POINT('',#7861);
#7861 = CARTESIAN_POINT('',(1.77E+04,-1.325E+03,3.1E+03));
#7862 = SURFACE_CURVE('',#7863,(#7867,#7874),.PCURVE_S1.);
#7863 = LINE('',#7864,#7865);
#7864 = CARTESIAN_POINT('',(1.77E+04,-1.325E+03,550.));
#7865 = VECTOR('',#7866,1.);
#7866 = DIRECTION('',(0.,-0.,1.));
#7867 = PCURVE('',#7401,#7868);
#7868 = DEFINITIONAL_REPRESENTATION('',(#7869),#7873);
#7869 = LINE('',#7870,#7871);
#7870 = CARTESIAN_POINT('',(1.72E+04,-550.));
#7871 = VECTOR('',#7872,1.);
#7872 = DIRECTION('',(0.,-1.));
#7873 = ( GEOMETRIC_REPRESENTATION_CONTEXT(2) 
PARAMETRIC_REPRESENTATION_CONTEXT() REPRESENTATION_CONTEXT('2D SPACE',''
  ) );
#7874 = PCURVE('',#7875,#7880);
#7875 = PLANE('',#7876);
#7876 = AXIS2_PLACEMENT_3D('',#7877,#7878,#7879);
#7877 = CARTESIAN_POINT('',(1.77E+04,0.,1.1E+03));
#7878 = DIRECTION('',(-1.,0.,0.));
#7879 = DIRECTION('',(0.,0.,1.));
#7880 = DEFINITIONAL_REPRESENTATION('',(#7881),#7885);
#7881 = LINE('',#7882,#7883);
#7882 = CARTESIAN_POINT('',(-550.,-1.325E+03));
#7883 = VECTOR('',#7884,1.);
#7884 = DIRECTION('',(1.,0.));
#7885 = ( GEOMETRIC_REPRESENTATION_CONTEXT(2) 
PARAMETRIC_REPRESENTATION_CONTEXT() REPRESENTATION_CONTEXT('2D SPACE',''
  ) );
#7886 = ORIENTED_EDGE('',*,*,#7887,.F.);
#7887 = EDGE_CURVE('',#7804,#7860,#7888,.T.);
#7888 = SURFACE_CURVE('',#7889,(#7893,#7900),.PCURVE_S1.);
#7889 = LINE('',#7890,#7891);
#7890 = CARTESIAN_POINT('',(8.4E+03,-1.325E+03,3.1E+03));
#7891 = VECTOR('',#7892,1.);
#7892 = DIRECTION('',(1.,-0.,0.));
#7893 = PCURVE('',#7401,#7894);
#7894 = DEFINITIONAL_REPRESENTATION('',(#7895),#7899);
#7895 = LINE('',#7896,#7897);
#7896 = CARTESIAN_POINT('',(7.9E+03,-3.1E+03));
#7897 = VECTOR('',#7898,1.);
#7898 = DIRECTION('',(1.,0.));
#7899 = ( GEOMETRIC_REPRESENTATION_CONTEXT(2) 
PARAMETRIC_REPRESENTATION_CONTEXT() REPRESENTATION_CONTEXT('2D SPACE',''
  ) );
#7900 = PCURVE('',#7901,#7906);
#7901 = PLANE('',#7902);
#7902 = AXIS2_PLACEMENT_3D('',#7903,#7904,#7905);
#7903 = CARTESIAN_POINT('',(1.63E+04,0.,3.1E+03));
#7904 = DIRECTION('',(-0.,0.,1.));
#7905 = DIRECTION('',(1.,0.,0.));
#7906 = DEFINITIONAL_REPRESENTATION('',(#7907),#7911);
#7907 = LINE('',#7908,#7909);
#7908 = CARTESIAN_POINT('',(-7.9E+03,-1.325E+03));
#7909 = VECTOR('',#7910,1.);
#7910 = DIRECTION('',(1.,0.));
#7911 = ( GEOMETRIC_REPRESENTATION_CONTEXT(2) 
PARAMETRIC_REPRESENTATION_CONTEXT() REPRESENTATION_CONTEXT('2D SPACE',''
  ) );
#7912 = ADVANCED_FACE('',(#7913),#7457,.T.);
#7913 = FACE_BOUND('',#7914,.T.);
#7914 = EDGE_LOOP('',(#7915,#7916,#7939,#7962));
#7915 = ORIENTED_EDGE('',*,*,#7441,.T.);
#7916 = ORIENTED_EDGE('',*,*,#7917,.T.);
#7917 = EDGE_CURVE('',#7414,#7918,#7920,.T.);
#7918 = VERTEX_POINT('',#7919);
#7919 = CARTESIAN_POINT('',(2.25E+04,1.325E+03,3.6E+03));
#7920 = SURFACE_CURVE('',#7921,(#7925,#7932),.PCURVE_S1.);
#7921 = LINE('',#7922,#7923);
#7922 = CARTESIAN_POINT('',(1.15E+04,1.325E+03,3.6E+03));
#7923 = VECTOR('',#7924,1.);
#7924 = DIRECTION('',(1.,0.,0.));
#7925 = PCURVE('',#7457,#7926);
#7926 = DEFINITIONAL_REPRESENTATION('',(#7927),#7931);
#7927 = LINE('',#7928,#7929);
#7928 = CARTESIAN_POINT('',(1.1E+04,-3.6E+03));
#7929 = VECTOR('',#7930,1.);
#7930 = DIRECTION('',(1.,0.));
#7931 = ( GEOMETRIC_REPRESENTATION_CONTEXT(2) 
PARAMETRIC_REPRESENTATION_CONTEXT() REPRESENTATION_CONTEXT('2D SPACE',''
  ) );
#7932 = PCURVE('',#7429,#7933);
#7933 = DEFINITIONAL_REPRESENTATION('',(#7934),#7938);
#7934 = LINE('',#7935,#7936);
#7935 = CARTESIAN_POINT('',(0.,1.325E+03));
#7936 = VECTOR('',#7937,1.);
#7937 = DIRECTION('',(1.,0.));
#7938 = ( GEOMETRIC_REPRESENTATION_CONTEXT(2) 
PARAMETRIC_REPRESENTATION_CONTEXT() REPRESENTATION_CONTEXT('2D SPACE',''
  ) );
#7939 = ORIENTED_EDGE('',*,*,#7940,.F.);
#7940 = EDGE_CURVE('',#7941,#7918,#7943,.T.);
#7941 = VERTEX_POINT('',#7942);
#7942 = CARTESIAN_POINT('',(2.25E+04,1.325E+03,0.));
#7943 = SURFACE_CURVE('',#7944,(#7948,#7955),.PCURVE_S1.);
#7944 = LINE('',#7945,#7946);
#7945 = CARTESIAN_POINT('',(2.25E+04,1.325E+03,0.));
#7946 = VECTOR('',#7947,1.);
#7947 = DIRECTION('',(0.,0.,1.));
#7948 = PCURVE('',#7457,#7949);
#7949 = DEFINITIONAL_REPRESENTATION('',(#7950),#7954);
#7950 = LINE('',#7951,#7952);
#7951 = CARTESIAN_POINT('',(2.2E+04,0.));
#7952 = VECTOR('',#7953,1.);
#7953 = DIRECTION('',(0.,-1.));
#7954 = ( GEOMETRIC_REPRESENTATION_CONTEXT(2) 
PARAMETRIC_REPRESENTATION_CONTEXT() REPRESENTATION_CONTEXT('2D SPACE',''
  ) );
#7955 = PCURVE('',#7538,#7956);
#7956 = DEFINITIONAL_REPRESENTATION('',(#7957),#7961);
#7957 = LINE('',#7958,#7959);
#7958 = CARTESIAN_POINT('',(2.65E+03,0.));
#7959 = VECTOR('',#7960,1.);
#7960 = DIRECTION('',(0.,-1.));
#7961 = ( GEOMETRIC_REPRESENTATION_CONTEXT(2) 
PARAMETRIC_REPRESENTATION_CONTEXT() REPRESENTATION_CONTEXT('2D SPACE',''
  ) );
#7962 = ORIENTED_EDGE('',*,*,#7963,.F.);
#7963 = EDGE_CURVE('',#7442,#7941,#7964,.T.);
#7964 = SURFACE_CURVE('',#7965,(#7969,#7976),.PCURVE_S1.);
#7965 = LINE('',#7966,#7967);
#7966 = CARTESIAN_POINT('',(1.15E+04,1.325E+03,0.));
#7967 = VECTOR('',#7968,1.);
#7968 = DIRECTION('',(1.,0.,0.));
#7969 = PCURVE('',#7457,#7970);
#7970 = DEFINITIONAL_REPRESENTATION('',(#7971),#7975);
#7971 = LINE('',#7972,#7973);
#7972 = CARTESIAN_POINT('',(1.1E+04,0.));
#7973 = VECTOR('',#7974,1.);
#7974 = DIRECTION('',(1.,0.));
#7975 = ( GEOMETRIC_REPRESENTATION_CONTEXT(2) 
PARAMETRIC_REPRESENTATION_CONTEXT() REPRESENTATION_CONTEXT('2D SPACE',''
  ) );
#7976 = PCURVE('',#7483,#7977);
#7977 = DEFINITIONAL_REPRESENTATION('',(#7978),#7982);
#7978 = LINE('',#7979,#7980);
#7979 = CARTESIAN_POINT('',(0.,1.325E+03));
#7980 = VECTOR('',#7981,1.);
#7981 = DIRECTION('',(1.,0.));
#7982 = ( GEOMETRIC_REPRESENTATION_CONTEXT(2) 
PARAMETRIC_REPRESENTATION_CONTEXT() REPRESENTATION_CONTEXT('2D SPACE',''
  ) );
#7983 = ADVANCED_FACE('',(#7984),#7483,.F.);
#7984 = FACE_BOUND('',#7985,.F.);
#7985 = EDGE_LOOP('',(#7986,#7987,#7988,#8009));
#7986 = ORIENTED_EDGE('',*,*,#7469,.F.);
#7987 = ORIENTED_EDGE('',*,*,#7550,.T.);
#7988 = ORIENTED_EDGE('',*,*,#7989,.T.);
#7989 = EDGE_CURVE('',#7523,#7941,#7990,.T.);
#7990 = SURFACE_CURVE('',#7991,(#7995,#8002),.PCURVE_S1.);
#7991 = LINE('',#7992,#7993);
#7992 = CARTESIAN_POINT('',(2.25E+04,0.,0.));
#7993 = VECTOR('',#7994,1.);
#7994 = DIRECTION('',(0.,1.,0.));
#7995 = PCURVE('',#7483,#7996);
#7996 = DEFINITIONAL_REPRESENTATION('',(#7997),#8001);
#7997 = LINE('',#7998,#7999);
#7998 = CARTESIAN_POINT('',(1.1E+04,0.));
#7999 = VECTOR('',#8000,1.);
#8000 = DIRECTION('',(0.,1.));
#8001 = ( GEOMETRIC_REPRESENTATION_CONTEXT(2) 
PARAMETRIC_REPRESENTATION_CONTEXT() REPRESENTATION_CONTEXT('2D SPACE',''
  ) );
#8002 = PCURVE('',#7538,#8003);
#8003 = DEFINITIONAL_REPRESENTATION('',(#8004),#8008);
#8004 = LINE('',#8005,#8006);
#8005 = CARTESIAN_POINT('',(1.325E+03,0.));
#8006 = VECTOR('',#8007,1.);
#8007 = DIRECTION('',(1.,0.));
#8008 = ( GEOMETRIC_REPRESENTATION_CONTEXT(2) 
PARAMETRIC_REPRESENTATION_CONTEXT() REPRESENTATION_CONTEXT('2D SPACE',''
  ) );
#8009 = ORIENTED_EDGE('',*,*,#7963,.F.);
#8010 = ADVANCED_FACE('',(#8011),#7429,.T.);
#8011 = FACE_BOUND('',#8012,.T.);
#8012 = EDGE_LOOP('',(#8013,#8014,#8015,#8036));
#8013 = ORIENTED_EDGE('',*,*,#7413,.F.);
#8014 = ORIENTED_EDGE('',*,*,#7499,.T.);
#8015 = ORIENTED_EDGE('',*,*,#8016,.T.);
#8016 = EDGE_CURVE('',#7500,#7918,#8017,.T.);
#8017 = SURFACE_CURVE('',#8018,(#8022,#8029),.PCURVE_S1.);
#8018 = LINE('',#8019,#8020);
#8019 = CARTESIAN_POINT('',(2.25E+04,0.,3.6E+03));
#8020 = VECTOR('',#8021,1.);
#8021 = DIRECTION('',(0.,1.,0.));
#8022 = PCURVE('',#7429,#8023);
#8023 = DEFINITIONAL_REPRESENTATION('',(#8024),#8028);
#8024 = LINE('',#8025,#8026);
#8025 = CARTESIAN_POINT('',(1.1E+04,0.));
#8026 = VECTOR('',#8027,1.);
#8027 = DIRECTION('',(0.,1.));
#8028 = ( GEOMETRIC_REPRESENTATION_CONTEXT(2) 
PARAMETRIC_REPRESENTATION_CONTEXT() REPRESENTATION_CONTEXT('2D SPACE',''
  ) );
#8029 = PCURVE('',#7538,#8030);
#8030 = DEFINITIONAL_REPRESENTATION('',(#8031),#8035);
#8031 = LINE('',#8032,#8033);
#8032 = CARTESIAN_POINT('',(1.325E+03,-3.6E+03));
#8033 = VECTOR('',#8034,1.);
#8034 = DIRECTION('',(1.,0.));
#8035 = ( GEOMETRIC_REPRESENTATION_CONTEXT(2) 
PARAMETRIC_REPRESENTATION_CONTEXT() REPRESENTATION_CONTEXT('2D SPACE',''
  ) );
#8036 = ORIENTED_EDGE('',*,*,#7917,.F.);
#8037 = ADVANCED_FACE('',(#8038),#7538,.F.);
#8038 = FACE_BOUND('',#8039,.F.);
#8039 = EDGE_LOOP('',(#8040,#8041,#8042,#8043));
#8040 = ORIENTED_EDGE('',*,*,#7522,.T.);
#8041 = ORIENTED_EDGE('',*,*,#8016,.T.);
#8042 = ORIENTED_EDGE('',*,*,#7940,.F.);
#8043 = ORIENTED_EDGE('',*,*,#7989,.F.);
#8044 = ADVANCED_FACE('',(#8045),#7591,.F.);
#8045 = FACE_BOUND('',#8046,.F.);
#8046 = EDGE_LOOP('',(#8047,#8077,#8098,#8099));
#8047 = ORIENTED_EDGE('',*,*,#8048,.F.);
#8048 = EDGE_CURVE('',#8049,#8051,#8053,.T.);
#8049 = VERTEX_POINT('',#8050);
#8050 = CARTESIAN_POINT('',(5.3E+03,0.,1.1E+03));
#8051 = VERTEX_POINT('',#8052);
#8052 = CARTESIAN_POINT('',(5.3E+03,0.,3.1E+03));
#8053 = SURFACE_CURVE('',#8054,(#8058,#8065),.PCURVE_S1.);
#8054 = LINE('',#8055,#8056);
#8055 = CARTESIAN_POINT('',(5.3E+03,0.,2.1E+03));
#8056 = VECTOR('',#8057,1.);
#8057 = DIRECTION('',(0.,0.,1.));
#8058 = PCURVE('',#7591,#8059);
#8059 = DEFINITIONAL_REPRESENTATION('',(#8060),#8064);
#8060 = LINE('',#8061,#8062);
#8061 = CARTESIAN_POINT('',(1.E+03,0.));
#8062 = VECTOR('',#8063,1.);
#8063 = DIRECTION('',(1.,0.));
#8064 = ( GEOMETRIC_REPRESENTATION_CONTEXT(2) 
PARAMETRIC_REPRESENTATION_CONTEXT() REPRESENTATION_CONTEXT('2D SPACE',''
  ) );
#8065 = PCURVE('',#8066,#8071);
#8066 = PLANE('',#8067);
#8067 = AXIS2_PLACEMENT_3D('',#8068,#8069,#8070);
#8068 = CARTESIAN_POINT('',(6.E+03,0.,2.1E+03));
#8069 = DIRECTION('',(0.,-1.,0.));
#8070 = DIRECTION('',(1.,0.,0.));
#8071 = DEFINITIONAL_REPRESENTATION('',(#8072),#8076);
#8072 = LINE('',#8073,#8074);
#8073 = CARTESIAN_POINT('',(-700.,0.));
#8074 = VECTOR('',#8075,1.);
#8075 = DIRECTION('',(0.,1.));
#8076 = ( GEOMETRIC_REPRESENTATION_CONTEXT(2) 
PARAMETRIC_REPRESENTATION_CONTEXT() REPRESENTATION_CONTEXT('2D SPACE',''
  ) );
#8077 = ORIENTED_EDGE('',*,*,#8078,.T.);
#8078 = EDGE_CURVE('',#8049,#7574,#8079,.T.);
#8079 = SURFACE_CURVE('',#8080,(#8084,#8091),.PCURVE_S1.);
#8080 = LINE('',#8081,#8082);
#8081 = CARTESIAN_POINT('',(5.3E+03,0.,1.1E+03));
#8082 = VECTOR('',#8083,1.);
#8083 = DIRECTION('',(0.,-1.,0.));
#8084 = PCURVE('',#7591,#8085);
#8085 = DEFINITIONAL_REPRESENTATION('',(#8086),#8090);
#8086 = LINE('',#8087,#8088);
#8087 = CARTESIAN_POINT('',(0.,0.));
#8088 = VECTOR('',#8089,1.);
#8089 = DIRECTION('',(0.,-1.));
#8090 = ( GEOMETRIC_REPRESENTATION_CONTEXT(2) 
PARAMETRIC_REPRESENTATION_CONTEXT() REPRESENTATION_CONTEXT('2D SPACE',''
  ) );
#8091 = PCURVE('',#7619,#8092);
#8092 = DEFINITIONAL_REPRESENTATION('',(#8093),#8097);
#8093 = LINE('',#8094,#8095);
#8094 = CARTESIAN_POINT('',(0.,0.));
#8095 = VECTOR('',#8096,1.);
#8096 = DIRECTION('',(0.,-1.));
#8097 = ( GEOMETRIC_REPRESENTATION_CONTEXT(2) 
PARAMETRIC_REPRESENTATION_CONTEXT() REPRESENTATION_CONTEXT('2D SPACE',''
  ) );
#8098 = ORIENTED_EDGE('',*,*,#7573,.T.);
#8099 = ORIENTED_EDGE('',*,*,#8100,.F.);
#8100 = EDGE_CURVE('',#8051,#7576,#8101,.T.);
#8101 = SURFACE_CURVE('',#8102,(#8106,#8113),.PCURVE_S1.);
#8102 = LINE('',#8103,#8104);
#8103 = CARTESIAN_POINT('',(5.3E+03,0.,3.1E+03));
#8104 = VECTOR('',#8105,1.);
#8105 = DIRECTION('',(0.,-1.,0.));
#8106 = PCURVE('',#7591,#8107);
#8107 = DEFINITIONAL_REPRESENTATION('',(#8108),#8112);
#8108 = LINE('',#8109,#8110);
#8109 = CARTESIAN_POINT('',(2.E+03,0.));
#8110 = VECTOR('',#8111,1.);
#8111 = DIRECTION('',(0.,-1.));
#8112 = ( GEOMETRIC_REPRESENTATION_CONTEXT(2) 
PARAMETRIC_REPRESENTATION_CONTEXT() REPRESENTATION_CONTEXT('2D SPACE',''
  ) );
#8113 = PCURVE('',#7673,#8114);
#8114 = DEFINITIONAL_REPRESENTATION('',(#8115),#8119);
#8115 = LINE('',#8116,#8117);
#8116 = CARTESIAN_POINT('',(0.,0.));
#8117 = VECTOR('',#8118,1.);
#8118 = DIRECTION('',(0.,-1.));
#8119 = ( GEOMETRIC_REPRESENTATION_CONTEXT(2) 
PARAMETRIC_REPRESENTATION_CONTEXT() REPRESENTATION_CONTEXT('2D SPACE',''
  ) );
#8120 = ADVANCED_FACE('',(#8121),#7619,.T.);
#8121 = FACE_BOUND('',#8122,.T.);
#8122 = EDGE_LOOP('',(#8123,#8146,#8147,#8148));
#8123 = ORIENTED_EDGE('',*,*,#8124,.F.);
#8124 = EDGE_CURVE('',#8049,#8125,#8127,.T.);
#8125 = VERTEX_POINT('',#8126);
#8126 = CARTESIAN_POINT('',(6.7E+03,0.,1.1E+03));
#8127 = SURFACE_CURVE('',#8128,(#8132,#8139),.PCURVE_S1.);
#8128 = LINE('',#8129,#8130);
#8129 = CARTESIAN_POINT('',(6.E+03,0.,1.1E+03));
#8130 = VECTOR('',#8131,1.);
#8131 = DIRECTION('',(1.,0.,0.));
#8132 = PCURVE('',#7619,#8133);
#8133 = DEFINITIONAL_REPRESENTATION('',(#8134),#8138);
#8134 = LINE('',#8135,#8136);
#8135 = CARTESIAN_POINT('',(700.,0.));
#8136 = VECTOR('',#8137,1.);
#8137 = DIRECTION('',(1.,0.));
#8138 = ( GEOMETRIC_REPRESENTATION_CONTEXT(2) 
PARAMETRIC_REPRESENTATION_CONTEXT() REPRESENTATION_CONTEXT('2D SPACE',''
  ) );
#8139 = PCURVE('',#8066,#8140);
#8140 = DEFINITIONAL_REPRESENTATION('',(#8141),#8145);
#8141 = LINE('',#8142,#8143);
#8142 = CARTESIAN_POINT('',(0.,-1.E+03));
#8143 = VECTOR('',#8144,1.);
#8144 = DIRECTION('',(1.,0.));
#8145 = ( GEOMETRIC_REPRESENTATION_CONTEXT(2) 
PARAMETRIC_REPRESENTATION_CONTEXT() REPRESENTATION_CONTEXT('2D SPACE',''
  ) );
#8146 = ORIENTED_EDGE('',*,*,#8078,.T.);
#8147 = ORIENTED_EDGE('',*,*,#7603,.T.);
#8148 = ORIENTED_EDGE('',*,*,#8149,.F.);
#8149 = EDGE_CURVE('',#8125,#7604,#8150,.T.);
#8150 = SURFACE_CURVE('',#8151,(#8155,#8162),.PCURVE_S1.);
#8151 = LINE('',#8152,#8153);
#8152 = CARTESIAN_POINT('',(6.7E+03,0.,1.1E+03));
#8153 = VECTOR('',#8154,1.);
#8154 = DIRECTION('',(0.,-1.,0.));
#8155 = PCURVE('',#7619,#8156);
#8156 = DEFINITIONAL_REPRESENTATION('',(#8157),#8161);
#8157 = LINE('',#8158,#8159);
#8158 = CARTESIAN_POINT('',(1.4E+03,0.));
#8159 = VECTOR('',#8160,1.);
#8160 = DIRECTION('',(0.,-1.));
#8161 = ( GEOMETRIC_REPRESENTATION_CONTEXT(2) 
PARAMETRIC_REPRESENTATION_CONTEXT() REPRESENTATION_CONTEXT('2D SPACE',''
  ) );
#8162 = PCURVE('',#7647,#8163);
#8163 = DEFINITIONAL_REPRESENTATION('',(#8164),#8168);
#8164 = LINE('',#8165,#8166);
#8165 = CARTESIAN_POINT('',(0.,0.));
#8166 = VECTOR('',#8167,1.);
#8167 = DIRECTION('',(0.,-1.));
#8168 = ( GEOMETRIC_REPRESENTATION_CONTEXT(2) 
PARAMETRIC_REPRESENTATION_CONTEXT() REPRESENTATION_CONTEXT('2D SPACE',''
  ) );
#8169 = ADVANCED_FACE('',(#8170),#7673,.F.);
#8170 = FACE_BOUND('',#8171,.F.);
#8171 = EDGE_LOOP('',(#8172,#8195,#8196,#8197));
#8172 = ORIENTED_EDGE('',*,*,#8173,.F.);
#8173 = EDGE_CURVE('',#8051,#8174,#8176,.T.);
#8174 = VERTEX_POINT('',#8175);
#8175 = CARTESIAN_POINT('',(6.7E+03,0.,3.1E+03));
#8176 = SURFACE_CURVE('',#8177,(#8181,#8188),.PCURVE_S1.);
#8177 = LINE('',#8178,#8179);
#8178 = CARTESIAN_POINT('',(6.E+03,0.,3.1E+03));
#8179 = VECTOR('',#8180,1.);
#8180 = DIRECTION('',(1.,0.,0.));
#8181 = PCURVE('',#7673,#8182);
#8182 = DEFINITIONAL_REPRESENTATION('',(#8183),#8187);
#8183 = LINE('',#8184,#8185);
#8184 = CARTESIAN_POINT('',(700.,0.));
#8185 = VECTOR('',#8186,1.);
#8186 = DIRECTION('',(1.,0.));
#8187 = ( GEOMETRIC_REPRESENTATION_CONTEXT(2) 
PARAMETRIC_REPRESENTATION_CONTEXT() REPRESENTATION_CONTEXT('2D SPACE',''
  ) );
#8188 = PCURVE('',#8066,#8189);
#8189 = DEFINITIONAL_REPRESENTATION('',(#8190),#8194);
#8190 = LINE('',#8191,#8192);
#8191 = CARTESIAN_POINT('',(0.,1.E+03));
#8192 = VECTOR('',#8193,1.);
#8193 = DIRECTION('',(1.,0.));
#8194 = ( GEOMETRIC_REPRESENTATION_CONTEXT(2) 
PARAMETRIC_REPRESENTATION_CONTEXT() REPRESENTATION_CONTEXT('2D SPACE',''
  ) );
#8195 = ORIENTED_EDGE('',*,*,#8100,.T.);
#8196 = ORIENTED_EDGE('',*,*,#7659,.T.);
#8197 = ORIENTED_EDGE('',*,*,#8198,.F.);
#8198 = EDGE_CURVE('',#8174,#7632,#8199,.T.);
#8199 = SURFACE_CURVE('',#8200,(#8204,#8211),.PCURVE_S1.);
#8200 = LINE('',#8201,#8202);
#8201 = CARTESIAN_POINT('',(6.7E+03,0.,3.1E+03));
#8202 = VECTOR('',#8203,1.);
#8203 = DIRECTION('',(0.,-1.,0.));
#8204 = PCURVE('',#7673,#8205);
#8205 = DEFINITIONAL_REPRESENTATION('',(#8206),#8210);
#8206 = LINE('',#8207,#8208);
#8207 = CARTESIAN_POINT('',(1.4E+03,0.));
#8208 = VECTOR('',#8209,1.);
#8209 = DIRECTION('',(0.,-1.));
#8210 = ( GEOMETRIC_REPRESENTATION_CONTEXT(2) 
PARAMETRIC_REPRESENTATION_CONTEXT() REPRESENTATION_CONTEXT('2D SPACE',''
  ) );
#8211 = PCURVE('',#7647,#8212);
#8212 = DEFINITIONAL_REPRESENTATION('',(#8213),#8217);
#8213 = LINE('',#8214,#8215);
#8214 = CARTESIAN_POINT('',(2.E+03,0.));
#8215 = VECTOR('',#8216,1.);
#8216 = DIRECTION('',(0.,-1.));
#8217 = ( GEOMETRIC_REPRESENTATION_CONTEXT(2) 
PARAMETRIC_REPRESENTATION_CONTEXT() REPRESENTATION_CONTEXT('2D SPACE',''
  ) );
#8218 = ADVANCED_FACE('',(#8219),#7647,.T.);
#8219 = FACE_BOUND('',#8220,.T.);
#8220 = EDGE_LOOP('',(#8221,#8242,#8243,#8244));
#8221 = ORIENTED_EDGE('',*,*,#8222,.F.);
#8222 = EDGE_CURVE('',#8125,#8174,#8223,.T.);
#8223 = SURFACE_CURVE('',#8224,(#8228,#8235),.PCURVE_S1.);
#8224 = LINE('',#8225,#8226);
#8225 = CARTESIAN_POINT('',(6.7E+03,0.,2.1E+03));
#8226 = VECTOR('',#8227,1.);
#8227 = DIRECTION('',(0.,0.,1.));
#8228 = PCURVE('',#7647,#8229);
#8229 = DEFINITIONAL_REPRESENTATION('',(#8230),#8234);
#8230 = LINE('',#8231,#8232);
#8231 = CARTESIAN_POINT('',(1.E+03,0.));
#8232 = VECTOR('',#8233,1.);
#8233 = DIRECTION('',(1.,0.));
#8234 = ( GEOMETRIC_REPRESENTATION_CONTEXT(2) 
PARAMETRIC_REPRESENTATION_CONTEXT() REPRESENTATION_CONTEXT('2D SPACE',''
  ) );
#8235 = PCURVE('',#8066,#8236);
#8236 = DEFINITIONAL_REPRESENTATION('',(#8237),#8241);
#8237 = LINE('',#8238,#8239);
#8238 = CARTESIAN_POINT('',(700.,0.));
#8239 = VECTOR('',#8240,1.);
#8240 = DIRECTION('',(0.,1.));
#8241 = ( GEOMETRIC_REPRESENTATION_CONTEXT(2) 
PARAMETRIC_REPRESENTATION_CONTEXT() REPRESENTATION_CONTEXT('2D SPACE',''
  ) );
#8242 = ORIENTED_EDGE('',*,*,#8149,.T.);
#8243 = ORIENTED_EDGE('',*,*,#7631,.T.);
#8244 = ORIENTED_EDGE('',*,*,#8198,.F.);
#8245 = ADVANCED_FACE('',(#8246),#7705,.F.);
#8246 = FACE_BOUND('',#8247,.F.);
#8247 = EDGE_LOOP('',(#8248,#8278,#8299,#8300));
#8248 = ORIENTED_EDGE('',*,*,#8249,.F.);
#8249 = EDGE_CURVE('',#8250,#8252,#8254,.T.);
#8250 = VERTEX_POINT('',#8251);
#8251 = CARTESIAN_POINT('',(1.08E+04,0.,1.1E+03));
#8252 = VERTEX_POINT('',#8253);
#8253 = CARTESIAN_POINT('',(1.08E+04,0.,3.1E+03));
#8254 = SURFACE_CURVE('',#8255,(#8259,#8266),.PCURVE_S1.);
#8255 = LINE('',#8256,#8257);
#8256 = CARTESIAN_POINT('',(1.08E+04,0.,2.1E+03));
#8257 = VECTOR('',#8258,1.);
#8258 = DIRECTION('',(0.,0.,1.));
#8259 = PCURVE('',#7705,#8260);
#8260 = DEFINITIONAL_REPRESENTATION('',(#8261),#8265);
#8261 = LINE('',#8262,#8263);
#8262 = CARTESIAN_POINT('',(1.E+03,0.));
#8263 = VECTOR('',#8264,1.);
#8264 = DIRECTION('',(1.,0.));
#8265 = ( GEOMETRIC_REPRESENTATION_CONTEXT(2) 
PARAMETRIC_REPRESENTATION_CONTEXT() REPRESENTATION_CONTEXT('2D SPACE',''
  ) );
#8266 = PCURVE('',#8267,#8272);
#8267 = PLANE('',#8268);
#8268 = AXIS2_PLACEMENT_3D('',#8269,#8270,#8271);
#8269 = CARTESIAN_POINT('',(1.15E+04,0.,2.1E+03));
#8270 = DIRECTION('',(0.,-1.,0.));
#8271 = DIRECTION('',(1.,0.,0.));
#8272 = DEFINITIONAL_REPRESENTATION('',(#8273),#8277);
#8273 = LINE('',#8274,#8275);
#8274 = CARTESIAN_POINT('',(-700.,0.));
#8275 = VECTOR('',#8276,1.);
#8276 = DIRECTION('',(0.,1.));
#8277 = ( GEOMETRIC_REPRESENTATION_CONTEXT(2) 
PARAMETRIC_REPRESENTATION_CONTEXT() REPRESENTATION_CONTEXT('2D SPACE',''
  ) );
#8278 = ORIENTED_EDGE('',*,*,#8279,.T.);
#8279 = EDGE_CURVE('',#8250,#7688,#8280,.T.);
#8280 = SURFACE_CURVE('',#8281,(#8285,#8292),.PCURVE_S1.);
#8281 = LINE('',#8282,#8283);
#8282 = CARTESIAN_POINT('',(1.08E+04,0.,1.1E+03));
#8283 = VECTOR('',#8284,1.);
#8284 = DIRECTION('',(0.,-1.,0.));
#8285 = PCURVE('',#7705,#8286);
#8286 = DEFINITIONAL_REPRESENTATION('',(#8287),#8291);
#8287 = LINE('',#8288,#8289);
#8288 = CARTESIAN_POINT('',(0.,0.));
#8289 = VECTOR('',#8290,1.);
#8290 = DIRECTION('',(0.,-1.));
#8291 = ( GEOMETRIC_REPRESENTATION_CONTEXT(2) 
PARAMETRIC_REPRESENTATION_CONTEXT() REPRESENTATION_CONTEXT('2D SPACE',''
  ) );
#8292 = PCURVE('',#7733,#8293);
#8293 = DEFINITIONAL_REPRESENTATION('',(#8294),#8298);
#8294 = LINE('',#8295,#8296);
#8295 = CARTESIAN_POINT('',(0.,0.));
#8296 = VECTOR('',#8297,1.);
#8297 = DIRECTION('',(0.,-1.));
#8298 = ( GEOMETRIC_REPRESENTATION_CONTEXT(2) 
PARAMETRIC_REPRESENTATION_CONTEXT() REPRESENTATION_CONTEXT('2D SPACE',''
  ) );
#8299 = ORIENTED_EDGE('',*,*,#7687,.T.);
#8300 = ORIENTED_EDGE('',*,*,#8301,.F.);
#8301 = EDGE_CURVE('',#8252,#7690,#8302,.T.);
#8302 = SURFACE_CURVE('',#8303,(#8307,#8314),.PCURVE_S1.);
#8303 = LINE('',#8304,#8305);
#8304 = CARTESIAN_POINT('',(1.08E+04,0.,3.1E+03));
#8305 = VECTOR('',#8306,1.);
#8306 = DIRECTION('',(0.,-1.,0.));
#8307 = PCURVE('',#7705,#8308);
#8308 = DEFINITIONAL_REPRESENTATION('',(#8309),#8313);
#8309 = LINE('',#8310,#8311);
#8310 = CARTESIAN_POINT('',(2.E+03,0.));
#8311 = VECTOR('',#8312,1.);
#8312 = DIRECTION('',(0.,-1.));
#8313 = ( GEOMETRIC_REPRESENTATION_CONTEXT(2) 
PARAMETRIC_REPRESENTATION_CONTEXT() REPRESENTATION_CONTEXT('2D SPACE',''
  ) );
#8314 = PCURVE('',#7787,#8315);
#8315 = DEFINITIONAL_REPRESENTATION('',(#8316),#8320);
#8316 = LINE('',#8317,#8318);
#8317 = CARTESIAN_POINT('',(0.,0.));
#8318 = VECTOR('',#8319,1.);
#8319 = DIRECTION('',(0.,-1.));
#8320 = ( GEOMETRIC_REPRESENTATION_CONTEXT(2) 
PARAMETRIC_REPRESENTATION_CONTEXT() REPRESENTATION_CONTEXT('2D SPACE',''
  ) );
#8321 = ADVANCED_FACE('',(#8322),#7733,.T.);
#8322 = FACE_BOUND('',#8323,.T.);
#8323 = EDGE_LOOP('',(#8324,#8347,#8348,#8349));
#8324 = ORIENTED_EDGE('',*,*,#8325,.F.);
#8325 = EDGE_CURVE('',#8250,#8326,#8328,.T.);
#8326 = VERTEX_POINT('',#8327);
#8327 = CARTESIAN_POINT('',(1.22E+04,0.,1.1E+03));
#8328 = SURFACE_CURVE('',#8329,(#8333,#8340),.PCURVE_S1.);
#8329 = LINE('',#8330,#8331);
#8330 = CARTESIAN_POINT('',(1.15E+04,0.,1.1E+03));
#8331 = VECTOR('',#8332,1.);
#8332 = DIRECTION('',(1.,0.,0.));
#8333 = PCURVE('',#7733,#8334);
#8334 = DEFINITIONAL_REPRESENTATION('',(#8335),#8339);
#8335 = LINE('',#8336,#8337);
#8336 = CARTESIAN_POINT('',(700.,0.));
#8337 = VECTOR('',#8338,1.);
#8338 = DIRECTION('',(1.,0.));
#8339 = ( GEOMETRIC_REPRESENTATION_CONTEXT(2) 
PARAMETRIC_REPRESENTATION_CONTEXT() REPRESENTATION_CONTEXT('2D SPACE',''
  ) );
#8340 = PCURVE('',#8267,#8341);
#8341 = DEFINITIONAL_REPRESENTATION('',(#8342),#8346);
#8342 = LINE('',#8343,#8344);
#8343 = CARTESIAN_POINT('',(0.,-1.E+03));
#8344 = VECTOR('',#8345,1.);
#8345 = DIRECTION('',(1.,0.));
#8346 = ( GEOMETRIC_REPRESENTATION_CONTEXT(2) 
PARAMETRIC_REPRESENTATION_CONTEXT() REPRESENTATION_CONTEXT('2D SPACE',''
  ) );
#8347 = ORIENTED_EDGE('',*,*,#8279,.T.);
#8348 = ORIENTED_EDGE('',*,*,#7717,.T.);
#8349 = ORIENTED_EDGE('',*,*,#8350,.F.);
#8350 = EDGE_CURVE('',#8326,#7718,#8351,.T.);
#8351 = SURFACE_CURVE('',#8352,(#8356,#8363),.PCURVE_S1.);
#8352 = LINE('',#8353,#8354);
#8353 = CARTESIAN_POINT('',(1.22E+04,0.,1.1E+03));
#8354 = VECTOR('',#8355,1.);
#8355 = DIRECTION('',(0.,-1.,0.));
#8356 = PCURVE('',#7733,#8357);
#8357 = DEFINITIONAL_REPRESENTATION('',(#8358),#8362);
#8358 = LINE('',#8359,#8360);
#8359 = CARTESIAN_POINT('',(1.4E+03,0.));
#8360 = VECTOR('',#8361,1.);
#8361 = DIRECTION('',(0.,-1.));
#8362 = ( GEOMETRIC_REPRESENTATION_CONTEXT(2) 
PARAMETRIC_REPRESENTATION_CONTEXT() REPRESENTATION_CONTEXT('2D SPACE',''
  ) );
#8363 = PCURVE('',#7761,#8364);
#8364 = DEFINITIONAL_REPRESENTATION('',(#8365),#8369);
#8365 = LINE('',#8366,#8367);
#8366 = CARTESIAN_POINT('',(0.,0.));
#8367 = VECTOR('',#8368,1.);
#8368 = DIRECTION('',(0.,-1.));
#8369 = ( GEOMETRIC_REPRESENTATION_CONTEXT(2) 
PARAMETRIC_REPRESENTATION_CONTEXT() REPRESENTATION_CONTEXT('2D SPACE',''
  ) );
#8370 = ADVANCED_FACE('',(#8371),#7787,.F.);
#8371 = FACE_BOUND('',#8372,.F.);
#8372 = EDGE_LOOP('',(#8373,#8396,#8397,#8398));
#8373 = ORIENTED_EDGE('',*,*,#8374,.F.);
#8374 = EDGE_CURVE('',#8252,#8375,#8377,.T.);
#8375 = VERTEX_POINT('',#8376);
#8376 = CARTESIAN_POINT('',(1.22E+04,0.,3.1E+03));
#8377 = SURFACE_CURVE('',#8378,(#8382,#8389),.PCURVE_S1.);
#8378 = LINE('',#8379,#8380);
#8379 = CARTESIAN_POINT('',(1.15E+04,0.,3.1E+03));
#8380 = VECTOR('',#8381,1.);
#8381 = DIRECTION('',(1.,0.,0.));
#8382 = PCURVE('',#7787,#8383);
#8383 = DEFINITIONAL_REPRESENTATION('',(#8384),#8388);
#8384 = LINE('',#8385,#8386);
#8385 = CARTESIAN_POINT('',(700.,0.));
#8386 = VECTOR('',#8387,1.);
#8387 = DIRECTION('',(1.,0.));
#8388 = ( GEOMETRIC_REPRESENTATION_CONTEXT(2) 
PARAMETRIC_REPRESENTATION_CONTEXT() REPRESENTATION_CONTEXT('2D SPACE',''
  ) );
#8389 = PCURVE('',#8267,#8390);
#8390 = DEFINITIONAL_REPRESENTATION('',(#8391),#8395);
#8391 = LINE('',#8392,#8393);
#8392 = CARTESIAN_POINT('',(0.,1.E+03));
#8393 = VECTOR('',#8394,1.);
#8394 = DIRECTION('',(1.,0.));
#8395 = ( GEOMETRIC_REPRESENTATION_CONTEXT(2) 
PARAMETRIC_REPRESENTATION_CONTEXT() REPRESENTATION_CONTEXT('2D SPACE',''
  ) );
#8396 = ORIENTED_EDGE('',*,*,#8301,.T.);
#8397 = ORIENTED_EDGE('',*,*,#7773,.T.);
#8398 = ORIENTED_EDGE('',*,*,#8399,.F.);
#8399 = EDGE_CURVE('',#8375,#7746,#8400,.T.);
#8400 = SURFACE_CURVE('',#8401,(#8405,#8412),.PCURVE_S1.);
#8401 = LINE('',#8402,#8403);
#8402 = CARTESIAN_POINT('',(1.22E+04,0.,3.1E+03));
#8403 = VECTOR('',#8404,1.);
#8404 = DIRECTION('',(0.,-1.,0.));
#8405 = PCURVE('',#7787,#8406);
#8406 = DEFINITIONAL_REPRESENTATION('',(#8407),#8411);
#8407 = LINE('',#8408,#8409);
#8408 = CARTESIAN_POINT('',(1.4E+03,0.));
#8409 = VECTOR('',#8410,1.);
#8410 = DIRECTION('',(0.,-1.));
#8411 = ( GEOMETRIC_REPRESENTATION_CONTEXT(2) 
PARAMETRIC_REPRESENTATION_CONTEXT() REPRESENTATION_CONTEXT('2D SPACE',''
  ) );
#8412 = PCURVE('',#7761,#8413);
#8413 = DEFINITIONAL_REPRESENTATION('',(#8414),#8418);
#8414 = LINE('',#8415,#8416);
#8415 = CARTESIAN_POINT('',(2.E+03,0.));
#8416 = VECTOR('',#8417,1.);
#8417 = DIRECTION('',(0.,-1.));
#8418 = ( GEOMETRIC_REPRESENTATION_CONTEXT(2) 
PARAMETRIC_REPRESENTATION_CONTEXT() REPRESENTATION_CONTEXT('2D SPACE',''
  ) );
#8419 = ADVANCED_FACE('',(#8420),#7761,.T.);
#8420 = FACE_BOUND('',#8421,.T.);
#8421 = EDGE_LOOP('',(#8422,#8443,#8444,#8445));
#8422 = ORIENTED_EDGE('',*,*,#8423,.F.);
#8423 = EDGE_CURVE('',#8326,#8375,#8424,.T.);
#8424 = SURFACE_CURVE('',#8425,(#8429,#8436),.PCURVE_S1.);
#8425 = LINE('',#8426,#8427);
#8426 = CARTESIAN_POINT('',(1.22E+04,0.,2.1E+03));
#8427 = VECTOR('',#8428,1.);
#8428 = DIRECTION('',(0.,0.,1.));
#8429 = PCURVE('',#7761,#8430);
#8430 = DEFINITIONAL_REPRESENTATION('',(#8431),#8435);
#8431 = LINE('',#8432,#8433);
#8432 = CARTESIAN_POINT('',(1.E+03,0.));
#8433 = VECTOR('',#8434,1.);
#8434 = DIRECTION('',(1.,0.));
#8435 = ( GEOMETRIC_REPRESENTATION_CONTEXT(2) 
PARAMETRIC_REPRESENTATION_CONTEXT() REPRESENTATION_CONTEXT('2D SPACE',''
  ) );
#8436 = PCURVE('',#8267,#8437);
#8437 = DEFINITIONAL_REPRESENTATION('',(#8438),#8442);
#8438 = LINE('',#8439,#8440);
#8439 = CARTESIAN_POINT('',(700.,0.));
#8440 = VECTOR('',#8441,1.);
#8441 = DIRECTION('',(0.,1.));
#8442 = ( GEOMETRIC_REPRESENTATION_CONTEXT(2) 
PARAMETRIC_REPRESENTATION_CONTEXT() REPRESENTATION_CONTEXT('2D SPACE',''
  ) );
#8443 = ORIENTED_EDGE('',*,*,#8350,.T.);
#8444 = ORIENTED_EDGE('',*,*,#7745,.T.);
#8445 = ORIENTED_EDGE('',*,*,#8399,.F.);
#8446 = ADVANCED_FACE('',(#8447),#7819,.F.);
#8447 = FACE_BOUND('',#8448,.F.);
#8448 = EDGE_LOOP('',(#8449,#8479,#8500,#8501));
#8449 = ORIENTED_EDGE('',*,*,#8450,.F.);
#8450 = EDGE_CURVE('',#8451,#8453,#8455,.T.);
#8451 = VERTEX_POINT('',#8452);
#8452 = CARTESIAN_POINT('',(1.63E+04,0.,1.1E+03));
#8453 = VERTEX_POINT('',#8454);
#8454 = CARTESIAN_POINT('',(1.63E+04,0.,3.1E+03));
#8455 = SURFACE_CURVE('',#8456,(#8460,#8467),.PCURVE_S1.);
#8456 = LINE('',#8457,#8458);
#8457 = CARTESIAN_POINT('',(1.63E+04,0.,2.1E+03));
#8458 = VECTOR('',#8459,1.);
#8459 = DIRECTION('',(0.,0.,1.));
#8460 = PCURVE('',#7819,#8461);
#8461 = DEFINITIONAL_REPRESENTATION('',(#8462),#8466);
#8462 = LINE('',#8463,#8464);
#8463 = CARTESIAN_POINT('',(1.E+03,0.));
#8464 = VECTOR('',#8465,1.);
#8465 = DIRECTION('',(1.,0.));
#8466 = ( GEOMETRIC_REPRESENTATION_CONTEXT(2) 
PARAMETRIC_REPRESENTATION_CONTEXT() REPRESENTATION_CONTEXT('2D SPACE',''
  ) );
#8467 = PCURVE('',#8468,#8473);
#8468 = PLANE('',#8469);
#8469 = AXIS2_PLACEMENT_3D('',#8470,#8471,#8472);
#8470 = CARTESIAN_POINT('',(1.7E+04,0.,2.1E+03));
#8471 = DIRECTION('',(0.,-1.,0.));
#8472 = DIRECTION('',(1.,0.,0.));
#8473 = DEFINITIONAL_REPRESENTATION('',(#8474),#8478);
#8474 = LINE('',#8475,#8476);
#8475 = CARTESIAN_POINT('',(-700.,0.));
#8476 = VECTOR('',#8477,1.);
#8477 = DIRECTION('',(0.,1.));
#8478 = ( GEOMETRIC_REPRESENTATION_CONTEXT(2) 
PARAMETRIC_REPRESENTATION_CONTEXT() REPRESENTATION_CONTEXT('2D SPACE',''
  ) );
#8479 = ORIENTED_EDGE('',*,*,#8480,.T.);
#8480 = EDGE_CURVE('',#8451,#7802,#8481,.T.);
#8481 = SURFACE_CURVE('',#8482,(#8486,#8493),.PCURVE_S1.);
#8482 = LINE('',#8483,#8484);
#8483 = CARTESIAN_POINT('',(1.63E+04,0.,1.1E+03));
#8484 = VECTOR('',#8485,1.);
#8485 = DIRECTION('',(0.,-1.,0.));
#8486 = PCURVE('',#7819,#8487);
#8487 = DEFINITIONAL_REPRESENTATION('',(#8488),#8492);
#8488 = LINE('',#8489,#8490);
#8489 = CARTESIAN_POINT('',(0.,0.));
#8490 = VECTOR('',#8491,1.);
#8491 = DIRECTION('',(0.,-1.));
#8492 = ( GEOMETRIC_REPRESENTATION_CONTEXT(2) 
PARAMETRIC_REPRESENTATION_CONTEXT() REPRESENTATION_CONTEXT('2D SPACE',''
  ) );
#8493 = PCURVE('',#7847,#8494);
#8494 = DEFINITIONAL_REPRESENTATION('',(#8495),#8499);
#8495 = LINE('',#8496,#8497);
#8496 = CARTESIAN_POINT('',(0.,0.));
#8497 = VECTOR('',#8498,1.);
#8498 = DIRECTION('',(0.,-1.));
#8499 = ( GEOMETRIC_REPRESENTATION_CONTEXT(2) 
PARAMETRIC_REPRESENTATION_CONTEXT() REPRESENTATION_CONTEXT('2D SPACE',''
  ) );
#8500 = ORIENTED_EDGE('',*,*,#7801,.T.);
#8501 = ORIENTED_EDGE('',*,*,#8502,.F.);
#8502 = EDGE_CURVE('',#8453,#7804,#8503,.T.);
#8503 = SURFACE_CURVE('',#8504,(#8508,#8515),.PCURVE_S1.);
#8504 = LINE('',#8505,#8506);
#8505 = CARTESIAN_POINT('',(1.63E+04,0.,3.1E+03));
#8506 = VECTOR('',#8507,1.);
#8507 = DIRECTION('',(0.,-1.,0.));
#8508 = PCURVE('',#7819,#8509);
#8509 = DEFINITIONAL_REPRESENTATION('',(#8510),#8514);
#8510 = LINE('',#8511,#8512);
#8511 = CARTESIAN_POINT('',(2.E+03,0.));
#8512 = VECTOR('',#8513,1.);
#8513 = DIRECTION('',(0.,-1.));
#8514 = ( GEOMETRIC_REPRESENTATION_CONTEXT(2) 
PARAMETRIC_REPRESENTATION_CONTEXT() REPRESENTATION_CONTEXT('2D SPACE',''
  ) );
#8515 = PCURVE('',#7901,#8516);
#8516 = DEFINITIONAL_REPRESENTATION('',(#8517),#8521);
#8517 = LINE('',#8518,#8519);
#8518 = CARTESIAN_POINT('',(0.,0.));
#8519 = VECTOR('',#8520,1.);
#8520 = DIRECTION('',(0.,-1.));
#8521 = ( GEOMETRIC_REPRESENTATION_CONTEXT(2) 
PARAMETRIC_REPRESENTATION_CONTEXT() REPRESENTATION_CONTEXT('2D SPACE',''
  ) );
#8522 = ADVANCED_FACE('',(#8523),#7901,.F.);
#8523 = FACE_BOUND('',#8524,.F.);
#8524 = EDGE_LOOP('',(#8525,#8548,#8549,#8550));
#8525 = ORIENTED_EDGE('',*,*,#8526,.F.);
#8526 = EDGE_CURVE('',#8453,#8527,#8529,.T.);
#8527 = VERTEX_POINT('',#8528);
#8528 = CARTESIAN_POINT('',(1.77E+04,0.,3.1E+03));
#8529 = SURFACE_CURVE('',#8530,(#8534,#8541),.PCURVE_S1.);
#8530 = LINE('',#8531,#8532);
#8531 = CARTESIAN_POINT('',(1.7E+04,0.,3.1E+03));
#8532 = VECTOR('',#8533,1.);
#8533 = DIRECTION('',(1.,0.,0.));
#8534 = PCURVE('',#7901,#8535);
#8535 = DEFINITIONAL_REPRESENTATION('',(#8536),#8540);
#8536 = LINE('',#8537,#8538);
#8537 = CARTESIAN_POINT('',(700.,0.));
#8538 = VECTOR('',#8539,1.);
#8539 = DIRECTION('',(1.,0.));
#8540 = ( GEOMETRIC_REPRESENTATION_CONTEXT(2) 
PARAMETRIC_REPRESENTATION_CONTEXT() REPRESENTATION_CONTEXT('2D SPACE',''
  ) );
#8541 = PCURVE('',#8468,#8542);
#8542 = DEFINITIONAL_REPRESENTATION('',(#8543),#8547);
#8543 = LINE('',#8544,#8545);
#8544 = CARTESIAN_POINT('',(0.,1.E+03));
#8545 = VECTOR('',#8546,1.);
#8546 = DIRECTION('',(1.,0.));
#8547 = ( GEOMETRIC_REPRESENTATION_CONTEXT(2) 
PARAMETRIC_REPRESENTATION_CONTEXT() REPRESENTATION_CONTEXT('2D SPACE',''
  ) );
#8548 = ORIENTED_EDGE('',*,*,#8502,.T.);
#8549 = ORIENTED_EDGE('',*,*,#7887,.T.);
#8550 = ORIENTED_EDGE('',*,*,#8551,.F.);
#8551 = EDGE_CURVE('',#8527,#7860,#8552,.T.);
#8552 = SURFACE_CURVE('',#8553,(#8557,#8564),.PCURVE_S1.);
#8553 = LINE('',#8554,#8555);
#8554 = CARTESIAN_POINT('',(1.77E+04,0.,3.1E+03));
#8555 = VECTOR('',#8556,1.);
#8556 = DIRECTION('',(0.,-1.,0.));
#8557 = PCURVE('',#7901,#8558);
#8558 = DEFINITIONAL_REPRESENTATION('',(#8559),#8563);
#8559 = LINE('',#8560,#8561);
#8560 = CARTESIAN_POINT('',(1.4E+03,0.));
#8561 = VECTOR('',#8562,1.);
#8562 = DIRECTION('',(0.,-1.));
#8563 = ( GEOMETRIC_REPRESENTATION_CONTEXT(2) 
PARAMETRIC_REPRESENTATION_CONTEXT() REPRESENTATION_CONTEXT('2D SPACE',''
  ) );
#8564 = PCURVE('',#7875,#8565);
#8565 = DEFINITIONAL_REPRESENTATION('',(#8566),#8570);
#8566 = LINE('',#8567,#8568);
#8567 = CARTESIAN_POINT('',(2.E+03,0.));
#8568 = VECTOR('',#8569,1.);
#8569 = DIRECTION('',(0.,-1.));
#8570 = ( GEOMETRIC_REPRESENTATION_CONTEXT(2) 
PARAMETRIC_REPRESENTATION_CONTEXT() REPRESENTATION_CONTEXT('2D SPACE',''
  ) );
#8571 = ADVANCED_FACE('',(#8572),#7875,.T.);
#8572 = FACE_BOUND('',#8573,.T.);
#8573 = EDGE_LOOP('',(#8574,#8597,#8618,#8619));
#8574 = ORIENTED_EDGE('',*,*,#8575,.F.);
#8575 = EDGE_CURVE('',#8576,#8527,#8578,.T.);
#8576 = VERTEX_POINT('',#8577);
#8577 = CARTESIAN_POINT('',(1.77E+04,0.,1.1E+03));
#8578 = SURFACE_CURVE('',#8579,(#8583,#8590),.PCURVE_S1.);
#8579 = LINE('',#8580,#8581);
#8580 = CARTESIAN_POINT('',(1.77E+04,0.,2.1E+03));
#8581 = VECTOR('',#8582,1.);
#8582 = DIRECTION('',(0.,0.,1.));
#8583 = PCURVE('',#7875,#8584);
#8584 = DEFINITIONAL_REPRESENTATION('',(#8585),#8589);
#8585 = LINE('',#8586,#8587);
#8586 = CARTESIAN_POINT('',(1.E+03,0.));
#8587 = VECTOR('',#8588,1.);
#8588 = DIRECTION('',(1.,0.));
#8589 = ( GEOMETRIC_REPRESENTATION_CONTEXT(2) 
PARAMETRIC_REPRESENTATION_CONTEXT() REPRESENTATION_CONTEXT('2D SPACE',''
  ) );
#8590 = PCURVE('',#8468,#8591);
#8591 = DEFINITIONAL_REPRESENTATION('',(#8592),#8596);
#8592 = LINE('',#8593,#8594);
#8593 = CARTESIAN_POINT('',(700.,0.));
#8594 = VECTOR('',#8595,1.);
#8595 = DIRECTION('',(0.,1.));
#8596 = ( GEOMETRIC_REPRESENTATION_CONTEXT(2) 
PARAMETRIC_REPRESENTATION_CONTEXT() REPRESENTATION_CONTEXT('2D SPACE',''
  ) );
#8597 = ORIENTED_EDGE('',*,*,#8598,.T.);
#8598 = EDGE_CURVE('',#8576,#7832,#8599,.T.);
#8599 = SURFACE_CURVE('',#8600,(#8604,#8611),.PCURVE_S1.);
#8600 = LINE('',#8601,#8602);
#8601 = CARTESIAN_POINT('',(1.77E+04,0.,1.1E+03));
#8602 = VECTOR('',#8603,1.);
#8603 = DIRECTION('',(0.,-1.,0.));
#8604 = PCURVE('',#7875,#8605);
#8605 = DEFINITIONAL_REPRESENTATION('',(#8606),#8610);
#8606 = LINE('',#8607,#8608);
#8607 = CARTESIAN_POINT('',(0.,0.));
#8608 = VECTOR('',#8609,1.);
#8609 = DIRECTION('',(0.,-1.));
#8610 = ( GEOMETRIC_REPRESENTATION_CONTEXT(2) 
PARAMETRIC_REPRESENTATION_CONTEXT() REPRESENTATION_CONTEXT('2D SPACE',''
  ) );
#8611 = PCURVE('',#7847,#8612);
#8612 = DEFINITIONAL_REPRESENTATION('',(#8613),#8617);
#8613 = LINE('',#8614,#8615);
#8614 = CARTESIAN_POINT('',(1.4E+03,0.));
#8615 = VECTOR('',#8616,1.);
#8616 = DIRECTION('',(0.,-1.));
#8617 = ( GEOMETRIC_REPRESENTATION_CONTEXT(2) 
PARAMETRIC_REPRESENTATION_CONTEXT() REPRESENTATION_CONTEXT('2D SPACE',''
  ) );
#8618 = ORIENTED_EDGE('',*,*,#7859,.T.);
#8619 = ORIENTED_EDGE('',*,*,#8551,.F.);
#8620 = ADVANCED_FACE('',(#8621),#7847,.T.);
#8621 = FACE_BOUND('',#8622,.T.);
#8622 = EDGE_LOOP('',(#8623,#8644,#8645,#8646));
#8623 = ORIENTED_EDGE('',*,*,#8624,.F.);
#8624 = EDGE_CURVE('',#8451,#8576,#8625,.T.);
#8625 = SURFACE_CURVE('',#8626,(#8630,#8637),.PCURVE_S1.);
#8626 = LINE('',#8627,#8628);
#8627 = CARTESIAN_POINT('',(1.7E+04,0.,1.1E+03));
#8628 = VECTOR('',#8629,1.);
#8629 = DIRECTION('',(1.,0.,0.));
#8630 = PCURVE('',#7847,#8631);
#8631 = DEFINITIONAL_REPRESENTATION('',(#8632),#8636);
#8632 = LINE('',#8633,#8634);
#8633 = CARTESIAN_POINT('',(700.,0.));
#8634 = VECTOR('',#8635,1.);
#8635 = DIRECTION('',(1.,0.));
#8636 = ( GEOMETRIC_REPRESENTATION_CONTEXT(2) 
PARAMETRIC_REPRESENTATION_CONTEXT() REPRESENTATION_CONTEXT('2D SPACE',''
  ) );
#8637 = PCURVE('',#8468,#8638);
#8638 = DEFINITIONAL_REPRESENTATION('',(#8639),#8643);
#8639 = LINE('',#8640,#8641);
#8640 = CARTESIAN_POINT('',(0.,-1.E+03));
#8641 = VECTOR('',#8642,1.);
#8642 = DIRECTION('',(1.,0.));
#8643 = ( GEOMETRIC_REPRESENTATION_CONTEXT(2) 
PARAMETRIC_REPRESENTATION_CONTEXT() REPRESENTATION_CONTEXT('2D SPACE',''
  ) );
#8644 = ORIENTED_EDGE('',*,*,#8480,.T.);
#8645 = ORIENTED_EDGE('',*,*,#7831,.T.);
#8646 = ORIENTED_EDGE('',*,*,#8598,.F.);
#8647 = ADVANCED_FACE('',(#8648),#8066,.T.);
#8648 = FACE_BOUND('',#8649,.T.);
#8649 = EDGE_LOOP('',(#8650,#8651,#8652,#8653));
#8650 = ORIENTED_EDGE('',*,*,#8048,.F.);
#8651 = ORIENTED_EDGE('',*,*,#8124,.T.);
#8652 = ORIENTED_EDGE('',*,*,#8222,.T.);
#8653 = ORIENTED_EDGE('',*,*,#8173,.F.);
#8654 = ADVANCED_FACE('',(#8655),#8267,.T.);
#8655 = FACE_BOUND('',#8656,.T.);
#8656 = EDGE_LOOP('',(#8657,#8658,#8659,#8660));
#8657 = ORIENTED_EDGE('',*,*,#8249,.F.);
#8658 = ORIENTED_EDGE('',*,*,#8325,.T.);
#8659 = ORIENTED_EDGE('',*,*,#8423,.T.);
#8660 = ORIENTED_EDGE('',*,*,#8374,.F.);
#8661 = ADVANCED_FACE('',(#8662),#8468,.T.);
#8662 = FACE_BOUND('',#8663,.T.);
#8663 = EDGE_LOOP('',(#8664,#8665,#8666,#8667));
#8664 = ORIENTED_EDGE('',*,*,#8450,.F.);
#8665 = ORIENTED_EDGE('',*,*,#8624,.T.);
#8666 = ORIENTED_EDGE('',*,*,#8575,.T.);
#8667 = ORIENTED_EDGE('',*,*,#8526,.F.);
#8668 = ( GEOMETRIC_REPRESENTATION_CONTEXT(3) 
GLOBAL_UNCERTAINTY_ASSIGNED_CONTEXT((#8672)) 
GLOBAL_UNIT_ASSIGNED_CONTEXT((#8669,#8670,#8671)) REPRESENTATION_CONTEXT
('Context #1','3D Context with UNIT and UNCERTAINTY') );
#8669 = ( LENGTH_UNIT() NAMED_UNIT(*) SI_UNIT(.MILLI.,.METRE.) );
#8670 = ( NAMED_UNIT(*) PLANE_ANGLE_UNIT() SI_UNIT($,.RADIAN.) );
#8671 = ( NAMED_UNIT(*) SI_UNIT($,.STERADIAN.) SOLID_ANGLE_UNIT() );
#8672 = UNCERTAINTY_MEASURE_WITH_UNIT(LENGTH_MEASURE(1.E-07),#8669,
  'distance_accuracy_value','confusion accuracy');
#8673 = CONTEXT_DEPENDENT_SHAPE_REPRESENTATION(#8674,#8676);
#8674 = ( REPRESENTATION_RELATIONSHIP('','',#7371,#7348) 
REPRESENTATION_RELATIONSHIP_WITH_TRANSFORMATION(#8675) 
SHAPE_REPRESENTATION_RELATIONSHIP() );
#8675 = ITEM_DEFINED_TRANSFORMATION('','',#11,#7349);
#8676 = PRODUCT_DEFINITION_SHAPE('Placement','Placement of an item',
  #8677);
#8677 = NEXT_ASSEMBLY_USAGE_OCCURRENCE('1158','=>[0:1:1:53]','',#7343,
  #7366,$);
#8678 = PRODUCT_RELATED_PRODUCT_CATEGORY('part',$,(#7368));
#8679 = SHAPE_DEFINITION_REPRESENTATION(#8680,#8686);
#8680 = PRODUCT_DEFINITION_SHAPE('','',#8681);
#8681 = PRODUCT_DEFINITION('design','',#8682,#8685);
#8682 = PRODUCT_DEFINITION_FORMATION('','',#8683);
#8683 = PRODUCT('Bogie (2-axle, simplified)',
  'Bogie (2-axle, simplified)','',(#8684));
#8684 = PRODUCT_CONTEXT('',#2,'mechanical');
#8685 = PRODUCT_DEFINITION_CONTEXT('part definition',#2,'design');
#8686 = SHAPE_REPRESENTATION('',(#11,#8687,#8691,#8695,#8699,#8703),
  #8707);
#8687 = AXIS2_PLACEMENT_3D('',#8688,#8689,#8690);
#8688 = CARTESIAN_POINT('',(0.,0.,0.));
#8689 = DIRECTION('',(0.,0.,1.));
#8690 = DIRECTION('',(1.,0.,-0.));
#8691 = AXIS2_PLACEMENT_3D('',#8692,#8693,#8694);
#8692 = CARTESIAN_POINT('',(0.,0.,0.));
#8693 = DIRECTION('',(0.,0.,1.));
#8694 = DIRECTION('',(1.,0.,-0.));
#8695 = AXIS2_PLACEMENT_3D('',#8696,#8697,#8698);
#8696 = CARTESIAN_POINT('',(0.,0.,0.));
#8697 = DIRECTION('',(0.,0.,1.));
#8698 = DIRECTION('',(1.,0.,-0.));
#8699 = AXIS2_PLACEMENT_3D('',#8700,#8701,#8702);
#8700 = CARTESIAN_POINT('',(0.,0.,0.));
#8701 = DIRECTION('',(0.,0.,1.));
#8702 = DIRECTION('',(1.,0.,-0.));
#8703 = AXIS2_PLACEMENT_3D('',#8704,#8705,#8706);
#8704 = CARTESIAN_POINT('',(0.,0.,0.));
#8705 = DIRECTION('',(0.,0.,1.));
#8706 = DIRECTION('',(1.,0.,-0.));
#8707 = ( GEOMETRIC_REPRESENTATION_CONTEXT(3) 
GLOBAL_UNCERTAINTY_ASSIGNED_CONTEXT((#8711)) 
GLOBAL_UNIT_ASSIGNED_CONTEXT((#8708,#8709,#8710)) REPRESENTATION_CONTEXT
('Context #1','3D Context with UNIT and UNCERTAINTY') );
#8708 = ( LENGTH_UNIT() NAMED_UNIT(*) SI_UNIT(.MILLI.,.METRE.) );
#8709 = ( NAMED_UNIT(*) PLANE_ANGLE_UNIT() SI_UNIT($,.RADIAN.) );
#8710 = ( NAMED_UNIT(*) SI_UNIT($,.STERADIAN.) SOLID_ANGLE_UNIT() );
#8711 = UNCERTAINTY_MEASURE_WITH_UNIT(LENGTH_MEASURE(1.E-07),#8708,
  'distance_accuracy_value','confusion accuracy');
#8712 = CONTEXT_DEPENDENT_SHAPE_REPRESENTATION(#8713,#8715);
#8713 = ( REPRESENTATION_RELATIONSHIP('','',#8686,#10) 
REPRESENTATION_RELATIONSHIP_WITH_TRANSFORMATION(#8714) 
SHAPE_REPRESENTATION_RELATIONSHIP() );
#8714 = ITEM_DEFINED_TRANSFORMATION('','',#11,#47);
#8715 = PRODUCT_DEFINITION_SHAPE('Placement','Placement of an item',
  #8716);
#8716 = NEXT_ASSEMBLY_USAGE_OCCURRENCE('1170','=>[0:1:1:54]','',#5,#8681
  ,$);
#8717 = PRODUCT_RELATED_PRODUCT_CATEGORY('part',$,(#8683));
#8718 = SHAPE_DEFINITION_REPRESENTATION(#8719,#8725);
#8719 = PRODUCT_DEFINITION_SHAPE('','',#8720);
#8720 = PRODUCT_DEFINITION('design','',#8721,#8724);
#8721 = PRODUCT_DEFINITION_FORMATION('','',#8722);
#8722 = PRODUCT('ASSEMBLY','ASSEMBLY','',(#8723));
#8723 = PRODUCT_CONTEXT('',#2,'mechanical');
#8724 = PRODUCT_DEFINITION_CONTEXT('part definition',#2,'design');
#8725 = SHAPE_REPRESENTATION('',(#11,#8726),#8730);
#8726 = AXIS2_PLACEMENT_3D('',#8727,#8728,#8729);
#8727 = CARTESIAN_POINT('',(0.,0.,0.));
#8728 = DIRECTION('',(0.,0.,1.));
#8729 = DIRECTION('',(1.,0.,-0.));
#8730 = ( GEOMETRIC_REPRESENTATION_CONTEXT(3) 
GLOBAL_UNCERTAINTY_ASSIGNED_CONTEXT((#8734)) 
GLOBAL_UNIT_ASSIGNED_CONTEXT((#8731,#8732,#8733)) REPRESENTATION_CONTEXT
('Context #1','3D Context with UNIT and UNCERTAINTY') );
#8731 = ( LENGTH_UNIT() NAMED_UNIT(*) SI_UNIT(.MILLI.,.METRE.) );
#8732 = ( NAMED_UNIT(*) PLANE_ANGLE_UNIT() SI_UNIT($,.RADIAN.) );
#8733 = ( NAMED_UNIT(*) SI_UNIT($,.STERADIAN.) SOLID_ANGLE_UNIT() );
#8734 = UNCERTAINTY_MEASURE_WITH_UNIT(LENGTH_MEASURE(1.E-07),#8731,
  'distance_accuracy_value','confusion accuracy');
#8735 = CONTEXT_DEPENDENT_SHAPE_REPRESENTATION(#8736,#8738);
#8736 = ( REPRESENTATION_RELATIONSHIP('','',#8725,#8686) 
REPRESENTATION_RELATIONSHIP_WITH_TRANSFORMATION(#8737) 
SHAPE_REPRESENTATION_RELATIONSHIP() );
#8737 = ITEM_DEFINED_TRANSFORMATION('','',#11,#8687);
#8738 = PRODUCT_DEFINITION_SHAPE('Placement','Placement of an item',
  #8739);
#8739 = NEXT_ASSEMBLY_USAGE_OCCURRENCE('1161','=>[0:1:1:55]','',#8681,
  #8720,$);
#8740 = PRODUCT_RELATED_PRODUCT_CATEGORY('part',$,(#8722));
#8741 = SHAPE_DEFINITION_REPRESENTATION(#8742,#8748);
#8742 = PRODUCT_DEFINITION_SHAPE('','',#8743);
#8743 = PRODUCT_DEFINITION('design','',#8744,#8747);
#8744 = PRODUCT_DEFINITION_FORMATION('','',#8745);
#8745 = PRODUCT('SOLID','SOLID','',(#8746));
#8746 = PRODUCT_CONTEXT('',#2,'mechanical');
#8747 = PRODUCT_DEFINITION_CONTEXT('part definition',#2,'design');
#8748 = ADVANCED_BREP_SHAPE_REPRESENTATION('',(#11,#8749),#9079);
#8749 = MANIFOLD_SOLID_BREP('',#8750);
#8750 = CLOSED_SHELL('',(#8751,#8871,#8947,#9018,#9065,#9072));
#8751 = ADVANCED_FACE('',(#8752),#8766,.T.);
#8752 = FACE_BOUND('',#8753,.T.);
#8753 = EDGE_LOOP('',(#8754,#8789,#8817,#8845));
#8754 = ORIENTED_EDGE('',*,*,#8755,.T.);
#8755 = EDGE_CURVE('',#8756,#8758,#8760,.T.);
#8756 = VERTEX_POINT('',#8757);
#8757 = CARTESIAN_POINT('',(850.,-1.2E+03,455.));
#8758 = VERTEX_POINT('',#8759);
#8759 = CARTESIAN_POINT('',(850.,-1.2E+03,755.));
#8760 = SURFACE_CURVE('',#8761,(#8765,#8777),.PCURVE_S1.);
#8761 = LINE('',#8762,#8763);
#8762 = CARTESIAN_POINT('',(850.,-1.2E+03,455.));
#8763 = VECTOR('',#8764,1.);
#8764 = DIRECTION('',(0.,0.,1.));
#8765 = PCURVE('',#8766,#8771);
#8766 = PLANE('',#8767);
#8767 = AXIS2_PLACEMENT_3D('',#8768,#8769,#8770);
#8768 = CARTESIAN_POINT('',(850.,-1.2E+03,455.));
#8769 = DIRECTION('',(-1.,0.,0.));
#8770 = DIRECTION('',(0.,1.,0.));
#8771 = DEFINITIONAL_REPRESENTATION('',(#8772),#8776);
#8772 = LINE('',#8773,#8774);
#8773 = CARTESIAN_POINT('',(0.,0.));
#8774 = VECTOR('',#8775,1.);
#8775 = DIRECTION('',(0.,-1.));
#8776 = ( GEOMETRIC_REPRESENTATION_CONTEXT(2) 
PARAMETRIC_REPRESENTATION_CONTEXT() REPRESENTATION_CONTEXT('2D SPACE',''
  ) );
#8777 = PCURVE('',#8778,#8783);
#8778 = PLANE('',#8779);
#8779 = AXIS2_PLACEMENT_3D('',#8780,#8781,#8782);
#8780 = CARTESIAN_POINT('',(850.,-1.2E+03,455.));
#8781 = DIRECTION('',(0.,1.,0.));
#8782 = DIRECTION('',(1.,0.,0.));
#8783 = DEFINITIONAL_REPRESENTATION('',(#8784),#8788);
#8784 = LINE('',#8785,#8786);
#8785 = CARTESIAN_POINT('',(0.,0.));
#8786 = VECTOR('',#8787,1.);
#8787 = DIRECTION('',(0.,-1.));
#8788 = ( GEOMETRIC_REPRESENTATION_CONTEXT(2) 
PARAMETRIC_REPRESENTATION_CONTEXT() REPRESENTATION_CONTEXT('2D SPACE',''
  ) );
#8789 = ORIENTED_EDGE('',*,*,#8790,.T.);
#8790 = EDGE_CURVE('',#8758,#8791,#8793,.T.);
#8791 = VERTEX_POINT('',#8792);
#8792 = CARTESIAN_POINT('',(850.,1.2E+03,755.));
#8793 = SURFACE_CURVE('',#8794,(#8798,#8805),.PCURVE_S1.);
#8794 = LINE('',#8795,#8796);
#8795 = CARTESIAN_POINT('',(850.,0.,755.));
#8796 = VECTOR('',#8797,1.);
#8797 = DIRECTION('',(0.,1.,0.));
#8798 = PCURVE('',#8766,#8799);
#8799 = DEFINITIONAL_REPRESENTATION('',(#8800),#8804);
#8800 = LINE('',#8801,#8802);
#8801 = CARTESIAN_POINT('',(1.2E+03,-300.));
#8802 = VECTOR('',#8803,1.);
#8803 = DIRECTION('',(1.,0.));
#8804 = ( GEOMETRIC_REPRESENTATION_CONTEXT(2) 
PARAMETRIC_REPRESENTATION_CONTEXT() REPRESENTATION_CONTEXT('2D SPACE',''
  ) );
#8805 = PCURVE('',#8806,#8811);
#8806 = PLANE('',#8807);
#8807 = AXIS2_PLACEMENT_3D('',#8808,#8809,#8810);
#8808 = CARTESIAN_POINT('',(2.6E+03,0.,755.));
#8809 = DIRECTION('',(0.,0.,1.));
#8810 = DIRECTION('',(1.,0.,0.));
#8811 = DEFINITIONAL_REPRESENTATION('',(#8812),#8816);
#8812 = LINE('',#8813,#8814);
#8813 = CARTESIAN_POINT('',(-1.75E+03,0.));
#8814 = VECTOR('',#8815,1.);
#8815 = DIRECTION('',(0.,1.));
#8816 = ( GEOMETRIC_REPRESENTATION_CONTEXT(2) 
PARAMETRIC_REPRESENTATION_CONTEXT() REPRESENTATION_CONTEXT('2D SPACE',''
  ) );
#8817 = ORIENTED_EDGE('',*,*,#8818,.F.);
#8818 = EDGE_CURVE('',#8819,#8791,#8821,.T.);
#8819 = VERTEX_POINT('',#8820);
#8820 = CARTESIAN_POINT('',(850.,1.2E+03,455.));
#8821 = SURFACE_CURVE('',#8822,(#8826,#8833),.PCURVE_S1.);
#8822 = LINE('',#8823,#8824);
#8823 = CARTESIAN_POINT('',(850.,1.2E+03,455.));
#8824 = VECTOR('',#8825,1.);
#8825 = DIRECTION('',(0.,0.,1.));
#8826 = PCURVE('',#8766,#8827);
#8827 = DEFINITIONAL_REPRESENTATION('',(#8828),#8832);
#8828 = LINE('',#8829,#8830);
#8829 = CARTESIAN_POINT('',(2.4E+03,0.));
#8830 = VECTOR('',#8831,1.);
#8831 = DIRECTION('',(0.,-1.));
#8832 = ( GEOMETRIC_REPRESENTATION_CONTEXT(2) 
PARAMETRIC_REPRESENTATION_CONTEXT() REPRESENTATION_CONTEXT('2D SPACE',''
  ) );
#8833 = PCURVE('',#8834,#8839);
#8834 = PLANE('',#8835);
#8835 = AXIS2_PLACEMENT_3D('',#8836,#8837,#8838);
#8836 = CARTESIAN_POINT('',(850.,1.2E+03,455.));
#8837 = DIRECTION('',(0.,1.,0.));
#8838 = DIRECTION('',(1.,0.,0.));
#8839 = DEFINITIONAL_REPRESENTATION('',(#8840),#8844);
#8840 = LINE('',#8841,#8842);
#8841 = CARTESIAN_POINT('',(0.,0.));
#8842 = VECTOR('',#8843,1.);
#8843 = DIRECTION('',(0.,-1.));
#8844 = ( GEOMETRIC_REPRESENTATION_CONTEXT(2) 
PARAMETRIC_REPRESENTATION_CONTEXT() REPRESENTATION_CONTEXT('2D SPACE',''
  ) );
#8845 = ORIENTED_EDGE('',*,*,#8846,.F.);
#8846 = EDGE_CURVE('',#8756,#8819,#8847,.T.);
#8847 = SURFACE_CURVE('',#8848,(#8852,#8859),.PCURVE_S1.);
#8848 = LINE('',#8849,#8850);
#8849 = CARTESIAN_POINT('',(850.,0.,455.));
#8850 = VECTOR('',#8851,1.);
#8851 = DIRECTION('',(0.,1.,0.));
#8852 = PCURVE('',#8766,#8853);
#8853 = DEFINITIONAL_REPRESENTATION('',(#8854),#8858);
#8854 = LINE('',#8855,#8856);
#8855 = CARTESIAN_POINT('',(1.2E+03,0.));
#8856 = VECTOR('',#8857,1.);
#8857 = DIRECTION('',(1.,0.));
#8858 = ( GEOMETRIC_REPRESENTATION_CONTEXT(2) 
PARAMETRIC_REPRESENTATION_CONTEXT() REPRESENTATION_CONTEXT('2D SPACE',''
  ) );
#8859 = PCURVE('',#8860,#8865);
#8860 = PLANE('',#8861);
#8861 = AXIS2_PLACEMENT_3D('',#8862,#8863,#8864);
#8862 = CARTESIAN_POINT('',(2.6E+03,0.,455.));
#8863 = DIRECTION('',(0.,0.,1.));
#8864 = DIRECTION('',(1.,0.,0.));
#8865 = DEFINITIONAL_REPRESENTATION('',(#8866),#8870);
#8866 = LINE('',#8867,#8868);
#8867 = CARTESIAN_POINT('',(-1.75E+03,0.));
#8868 = VECTOR('',#8869,1.);
#8869 = DIRECTION('',(0.,1.));
#8870 = ( GEOMETRIC_REPRESENTATION_CONTEXT(2) 
PARAMETRIC_REPRESENTATION_CONTEXT() REPRESENTATION_CONTEXT('2D SPACE',''
  ) );
#8871 = ADVANCED_FACE('',(#8872),#8778,.F.);
#8872 = FACE_BOUND('',#8873,.F.);
#8873 = EDGE_LOOP('',(#8874,#8875,#8898,#8926));
#8874 = ORIENTED_EDGE('',*,*,#8755,.T.);
#8875 = ORIENTED_EDGE('',*,*,#8876,.T.);
#8876 = EDGE_CURVE('',#8758,#8877,#8879,.T.);
#8877 = VERTEX_POINT('',#8878);
#8878 = CARTESIAN_POINT('',(4.35E+03,-1.2E+03,755.));
#8879 = SURFACE_CURVE('',#8880,(#8884,#8891),.PCURVE_S1.);
#8880 = LINE('',#8881,#8882);
#8881 = CARTESIAN_POINT('',(2.6E+03,-1.2E+03,755.));
#8882 = VECTOR('',#8883,1.);
#8883 = DIRECTION('',(1.,0.,0.));
#8884 = PCURVE('',#8778,#8885);
#8885 = DEFINITIONAL_REPRESENTATION('',(#8886),#8890);
#8886 = LINE('',#8887,#8888);
#8887 = CARTESIAN_POINT('',(1.75E+03,-300.));
#8888 = VECTOR('',#8889,1.);
#8889 = DIRECTION('',(1.,0.));
#8890 = ( GEOMETRIC_REPRESENTATION_CONTEXT(2) 
PARAMETRIC_REPRESENTATION_CONTEXT() REPRESENTATION_CONTEXT('2D SPACE',''
  ) );
#8891 = PCURVE('',#8806,#8892);
#8892 = DEFINITIONAL_REPRESENTATION('',(#8893),#8897);
#8893 = LINE('',#8894,#8895);
#8894 = CARTESIAN_POINT('',(0.,-1.2E+03));
#8895 = VECTOR('',#8896,1.);
#8896 = DIRECTION('',(1.,0.));
#8897 = ( GEOMETRIC_REPRESENTATION_CONTEXT(2) 
PARAMETRIC_REPRESENTATION_CONTEXT() REPRESENTATION_CONTEXT('2D SPACE',''
  ) );
#8898 = ORIENTED_EDGE('',*,*,#8899,.F.);
#8899 = EDGE_CURVE('',#8900,#8877,#8902,.T.);
#8900 = VERTEX_POINT('',#8901);
#8901 = CARTESIAN_POINT('',(4.35E+03,-1.2E+03,455.));
#8902 = SURFACE_CURVE('',#8903,(#8907,#8914),.PCURVE_S1.);
#8903 = LINE('',#8904,#8905);
#8904 = CARTESIAN_POINT('',(4.35E+03,-1.2E+03,455.));
#8905 = VECTOR('',#8906,1.);
#8906 = DIRECTION('',(0.,0.,1.));
#8907 = PCURVE('',#8778,#8908);
#8908 = DEFINITIONAL_REPRESENTATION('',(#8909),#8913);
#8909 = LINE('',#8910,#8911);
#8910 = CARTESIAN_POINT('',(3.5E+03,0.));
#8911 = VECTOR('',#8912,1.);
#8912 = DIRECTION('',(0.,-1.));
#8913 = ( GEOMETRIC_REPRESENTATION_CONTEXT(2) 
PARAMETRIC_REPRESENTATION_CONTEXT() REPRESENTATION_CONTEXT('2D SPACE',''
  ) );
#8914 = PCURVE('',#8915,#8920);
#8915 = PLANE('',#8916);
#8916 = AXIS2_PLACEMENT_3D('',#8917,#8918,#8919);
#8917 = CARTESIAN_POINT('',(4.35E+03,-1.2E+03,455.));
#8918 = DIRECTION('',(-1.,0.,0.));
#8919 = DIRECTION('',(0.,1.,0.));
#8920 = DEFINITIONAL_REPRESENTATION('',(#8921),#8925);
#8921 = LINE('',#8922,#8923);
#8922 = CARTESIAN_POINT('',(0.,0.));
#8923 = VECTOR('',#8924,1.);
#8924 = DIRECTION('',(0.,-1.));
#8925 = ( GEOMETRIC_REPRESENTATION_CONTEXT(2) 
PARAMETRIC_REPRESENTATION_CONTEXT() REPRESENTATION_CONTEXT('2D SPACE',''
  ) );
#8926 = ORIENTED_EDGE('',*,*,#8927,.F.);
#8927 = EDGE_CURVE('',#8756,#8900,#8928,.T.);
#8928 = SURFACE_CURVE('',#8929,(#8933,#8940),.PCURVE_S1.);
#8929 = LINE('',#8930,#8931);
#8930 = CARTESIAN_POINT('',(2.6E+03,-1.2E+03,455.));
#8931 = VECTOR('',#8932,1.);
#8932 = DIRECTION('',(1.,0.,0.));
#8933 = PCURVE('',#8778,#8934);
#8934 = DEFINITIONAL_REPRESENTATION('',(#8935),#8939);
#8935 = LINE('',#8936,#8937);
#8936 = CARTESIAN_POINT('',(1.75E+03,0.));
#8937 = VECTOR('',#8938,1.);
#8938 = DIRECTION('',(1.,0.));
#8939 = ( GEOMETRIC_REPRESENTATION_CONTEXT(2) 
PARAMETRIC_REPRESENTATION_CONTEXT() REPRESENTATION_CONTEXT('2D SPACE',''
  ) );
#8940 = PCURVE('',#8860,#8941);
#8941 = DEFINITIONAL_REPRESENTATION('',(#8942),#8946);
#8942 = LINE('',#8943,#8944);
#8943 = CARTESIAN_POINT('',(0.,-1.2E+03));
#8944 = VECTOR('',#8945,1.);
#8945 = DIRECTION('',(1.,0.));
#8946 = ( GEOMETRIC_REPRESENTATION_CONTEXT(2) 
PARAMETRIC_REPRESENTATION_CONTEXT() REPRESENTATION_CONTEXT('2D SPACE',''
  ) );
#8947 = ADVANCED_FACE('',(#8948),#8915,.F.);
#8948 = FACE_BOUND('',#8949,.F.);
#8949 = EDGE_LOOP('',(#8950,#8951,#8974,#8997));
#8950 = ORIENTED_EDGE('',*,*,#8899,.T.);
#8951 = ORIENTED_EDGE('',*,*,#8952,.T.);
#8952 = EDGE_CURVE('',#8877,#8953,#8955,.T.);
#8953 = VERTEX_POINT('',#8954);
#8954 = CARTESIAN_POINT('',(4.35E+03,1.2E+03,755.));
#8955 = SURFACE_CURVE('',#8956,(#8960,#8967),.PCURVE_S1.);
#8956 = LINE('',#8957,#8958);
#8957 = CARTESIAN_POINT('',(4.35E+03,0.,755.));
#8958 = VECTOR('',#8959,1.);
#8959 = DIRECTION('',(0.,1.,0.));
#8960 = PCURVE('',#8915,#8961);
#8961 = DEFINITIONAL_REPRESENTATION('',(#8962),#8966);
#8962 = LINE('',#8963,#8964);
#8963 = CARTESIAN_POINT('',(1.2E+03,-300.));
#8964 = VECTOR('',#8965,1.);
#8965 = DIRECTION('',(1.,0.));
#8966 = ( GEOMETRIC_REPRESENTATION_CONTEXT(2) 
PARAMETRIC_REPRESENTATION_CONTEXT() REPRESENTATION_CONTEXT('2D SPACE',''
  ) );
#8967 = PCURVE('',#8806,#8968);
#8968 = DEFINITIONAL_REPRESENTATION('',(#8969),#8973);
#8969 = LINE('',#8970,#8971);
#8970 = CARTESIAN_POINT('',(1.75E+03,0.));
#8971 = VECTOR('',#8972,1.);
#8972 = DIRECTION('',(0.,1.));
#8973 = ( GEOMETRIC_REPRESENTATION_CONTEXT(2) 
PARAMETRIC_REPRESENTATION_CONTEXT() REPRESENTATION_CONTEXT('2D SPACE',''
  ) );
#8974 = ORIENTED_EDGE('',*,*,#8975,.F.);
#8975 = EDGE_CURVE('',#8976,#8953,#8978,.T.);
#8976 = VERTEX_POINT('',#8977);
#8977 = CARTESIAN_POINT('',(4.35E+03,1.2E+03,455.));
#8978 = SURFACE_CURVE('',#8979,(#8983,#8990),.PCURVE_S1.);
#8979 = LINE('',#8980,#8981);
#8980 = CARTESIAN_POINT('',(4.35E+03,1.2E+03,455.));
#8981 = VECTOR('',#8982,1.);
#8982 = DIRECTION('',(0.,0.,1.));
#8983 = PCURVE('',#8915,#8984);
#8984 = DEFINITIONAL_REPRESENTATION('',(#8985),#8989);
#8985 = LINE('',#8986,#8987);
#8986 = CARTESIAN_POINT('',(2.4E+03,0.));
#8987 = VECTOR('',#8988,1.);
#8988 = DIRECTION('',(0.,-1.));
#8989 = ( GEOMETRIC_REPRESENTATION_CONTEXT(2) 
PARAMETRIC_REPRESENTATION_CONTEXT() REPRESENTATION_CONTEXT('2D SPACE',''
  ) );
#8990 = PCURVE('',#8834,#8991);
#8991 = DEFINITIONAL_REPRESENTATION('',(#8992),#8996);
#8992 = LINE('',#8993,#8994);
#8993 = CARTESIAN_POINT('',(3.5E+03,0.));
#8994 = VECTOR('',#8995,1.);
#8995 = DIRECTION('',(0.,-1.));
#8996 = ( GEOMETRIC_REPRESENTATION_CONTEXT(2) 
PARAMETRIC_REPRESENTATION_CONTEXT() REPRESENTATION_CONTEXT('2D SPACE',''
  ) );
#8997 = ORIENTED_EDGE('',*,*,#8998,.F.);
#8998 = EDGE_CURVE('',#8900,#8976,#8999,.T.);
#8999 = SURFACE_CURVE('',#9000,(#9004,#9011),.PCURVE_S1.);
#9000 = LINE('',#9001,#9002);
#9001 = CARTESIAN_POINT('',(4.35E+03,0.,455.));
#9002 = VECTOR('',#9003,1.);
#9003 = DIRECTION('',(0.,1.,0.));
#9004 = PCURVE('',#8915,#9005);
#9005 = DEFINITIONAL_REPRESENTATION('',(#9006),#9010);
#9006 = LINE('',#9007,#9008);
#9007 = CARTESIAN_POINT('',(1.2E+03,0.));
#9008 = VECTOR('',#9009,1.);
#9009 = DIRECTION('',(1.,0.));
#9010 = ( GEOMETRIC_REPRESENTATION_CONTEXT(2) 
PARAMETRIC_REPRESENTATION_CONTEXT() REPRESENTATION_CONTEXT('2D SPACE',''
  ) );
#9011 = PCURVE('',#8860,#9012);
#9012 = DEFINITIONAL_REPRESENTATION('',(#9013),#9017);
#9013 = LINE('',#9014,#9015);
#9014 = CARTESIAN_POINT('',(1.75E+03,0.));
#9015 = VECTOR('',#9016,1.);
#9016 = DIRECTION('',(0.,1.));
#9017 = ( GEOMETRIC_REPRESENTATION_CONTEXT(2) 
PARAMETRIC_REPRESENTATION_CONTEXT() REPRESENTATION_CONTEXT('2D SPACE',''
  ) );
#9018 = ADVANCED_FACE('',(#9019),#8834,.T.);
#9019 = FACE_BOUND('',#9020,.T.);
#9020 = EDGE_LOOP('',(#9021,#9022,#9043,#9044));
#9021 = ORIENTED_EDGE('',*,*,#8818,.T.);
#9022 = ORIENTED_EDGE('',*,*,#9023,.T.);
#9023 = EDGE_CURVE('',#8791,#8953,#9024,.T.);
#9024 = SURFACE_CURVE('',#9025,(#9029,#9036),.PCURVE_S1.);
#9025 = LINE('',#9026,#9027);
#9026 = CARTESIAN_POINT('',(2.6E+03,1.2E+03,755.));
#9027 = VECTOR('',#9028,1.);
#9028 = DIRECTION('',(1.,0.,0.));
#9029 = PCURVE('',#8834,#9030);
#9030 = DEFINITIONAL_REPRESENTATION('',(#9031),#9035);
#9031 = LINE('',#9032,#9033);
#9032 = CARTESIAN_POINT('',(1.75E+03,-300.));
#9033 = VECTOR('',#9034,1.);
#9034 = DIRECTION('',(1.,0.));
#9035 = ( GEOMETRIC_REPRESENTATION_CONTEXT(2) 
PARAMETRIC_REPRESENTATION_CONTEXT() REPRESENTATION_CONTEXT('2D SPACE',''
  ) );
#9036 = PCURVE('',#8806,#9037);
#9037 = DEFINITIONAL_REPRESENTATION('',(#9038),#9042);
#9038 = LINE('',#9039,#9040);
#9039 = CARTESIAN_POINT('',(0.,1.2E+03));
#9040 = VECTOR('',#9041,1.);
#9041 = DIRECTION('',(1.,0.));
#9042 = ( GEOMETRIC_REPRESENTATION_CONTEXT(2) 
PARAMETRIC_REPRESENTATION_CONTEXT() REPRESENTATION_CONTEXT('2D SPACE',''
  ) );
#9043 = ORIENTED_EDGE('',*,*,#8975,.F.);
#9044 = ORIENTED_EDGE('',*,*,#9045,.F.);
#9045 = EDGE_CURVE('',#8819,#8976,#9046,.T.);
#9046 = SURFACE_CURVE('',#9047,(#9051,#9058),.PCURVE_S1.);
#9047 = LINE('',#9048,#9049);
#9048 = CARTESIAN_POINT('',(2.6E+03,1.2E+03,455.));
#9049 = VECTOR('',#9050,1.);
#9050 = DIRECTION('',(1.,0.,0.));
#9051 = PCURVE('',#8834,#9052);
#9052 = DEFINITIONAL_REPRESENTATION('',(#9053),#9057);
#9053 = LINE('',#9054,#9055);
#9054 = CARTESIAN_POINT('',(1.75E+03,0.));
#9055 = VECTOR('',#9056,1.);
#9056 = DIRECTION('',(1.,0.));
#9057 = ( GEOMETRIC_REPRESENTATION_CONTEXT(2) 
PARAMETRIC_REPRESENTATION_CONTEXT() REPRESENTATION_CONTEXT('2D SPACE',''
  ) );
#9058 = PCURVE('',#8860,#9059);
#9059 = DEFINITIONAL_REPRESENTATION('',(#9060),#9064);
#9060 = LINE('',#9061,#9062);
#9061 = CARTESIAN_POINT('',(0.,1.2E+03));
#9062 = VECTOR('',#9063,1.);
#9063 = DIRECTION('',(1.,0.));
#9064 = ( GEOMETRIC_REPRESENTATION_CONTEXT(2) 
PARAMETRIC_REPRESENTATION_CONTEXT() REPRESENTATION_CONTEXT('2D SPACE',''
  ) );
#9065 = ADVANCED_FACE('',(#9066),#8860,.F.);
#9066 = FACE_BOUND('',#9067,.F.);
#9067 = EDGE_LOOP('',(#9068,#9069,#9070,#9071));
#9068 = ORIENTED_EDGE('',*,*,#8846,.F.);
#9069 = ORIENTED_EDGE('',*,*,#8927,.T.);
#9070 = ORIENTED_EDGE('',*,*,#8998,.T.);
#9071 = ORIENTED_EDGE('',*,*,#9045,.F.);
#9072 = ADVANCED_FACE('',(#9073),#8806,.T.);
#9073 = FACE_BOUND('',#9074,.T.);
#9074 = EDGE_LOOP('',(#9075,#9076,#9077,#9078));
#9075 = ORIENTED_EDGE('',*,*,#8790,.F.);
#9076 = ORIENTED_EDGE('',*,*,#8876,.T.);
#9077 = ORIENTED_EDGE('',*,*,#8952,.T.);
#9078 = ORIENTED_EDGE('',*,*,#9023,.F.);
#9079 = ( GEOMETRIC_REPRESENTATION_CONTEXT(3) 
GLOBAL_UNCERTAINTY_ASSIGNED_CONTEXT((#9083)) 
GLOBAL_UNIT_ASSIGNED_CONTEXT((#9080,#9081,#9082)) REPRESENTATION_CONTEXT
('Context #1','3D Context with UNIT and UNCERTAINTY') );
#9080 = ( LENGTH_UNIT() NAMED_UNIT(*) SI_UNIT(.MILLI.,.METRE.) );
#9081 = ( NAMED_UNIT(*) PLANE_ANGLE_UNIT() SI_UNIT($,.RADIAN.) );
#9082 = ( NAMED_UNIT(*) SI_UNIT($,.STERADIAN.) SOLID_ANGLE_UNIT() );
#9083 = UNCERTAINTY_MEASURE_WITH_UNIT(LENGTH_MEASURE(1.E-07),#9080,
  'distance_accuracy_value','confusion accuracy');
#9084 = CONTEXT_DEPENDENT_SHAPE_REPRESENTATION(#9085,#9087);
#9085 = ( REPRESENTATION_RELATIONSHIP('','',#8748,#8725) 
REPRESENTATION_RELATIONSHIP_WITH_TRANSFORMATION(#9086) 
SHAPE_REPRESENTATION_RELATIONSHIP() );
#9086 = ITEM_DEFINED_TRANSFORMATION('','',#11,#8726);
#9087 = PRODUCT_DEFINITION_SHAPE('Placement','Placement of an item',
  #9088);
#9088 = NEXT_ASSEMBLY_USAGE_OCCURRENCE('1160','=>[0:1:1:56]','',#8720,
  #8743,$);
#9089 = PRODUCT_RELATED_PRODUCT_CATEGORY('part',$,(#8745));
#9090 = SHAPE_DEFINITION_REPRESENTATION(#9091,#9097);
#9091 = PRODUCT_DEFINITION_SHAPE('','',#9092);
#9092 = PRODUCT_DEFINITION('design','',#9093,#9096);
#9093 = PRODUCT_DEFINITION_FORMATION('','',#9094);
#9094 = PRODUCT('ASSEMBLY','ASSEMBLY','',(#9095));
#9095 = PRODUCT_CONTEXT('',#2,'mechanical');
#9096 = PRODUCT_DEFINITION_CONTEXT('part definition',#2,'design');
#9097 = SHAPE_REPRESENTATION('',(#11,#9098),#9102);
#9098 = AXIS2_PLACEMENT_3D('',#9099,#9100,#9101);
#9099 = CARTESIAN_POINT('',(0.,0.,0.));
#9100 = DIRECTION('',(0.,0.,1.));
#9101 = DIRECTION('',(1.,0.,-0.));
#9102 = ( GEOMETRIC_REPRESENTATION_CONTEXT(3) 
GLOBAL_UNCERTAINTY_ASSIGNED_CONTEXT((#9106)) 
GLOBAL_UNIT_ASSIGNED_CONTEXT((#9103,#9104,#9105)) REPRESENTATION_CONTEXT
('Context #1','3D Context with UNIT and UNCERTAINTY') );
#9103 = ( LENGTH_UNIT() NAMED_UNIT(*) SI_UNIT(.MILLI.,.METRE.) );
#9104 = ( NAMED_UNIT(*) PLANE_ANGLE_UNIT() SI_UNIT($,.RADIAN.) );
#9105 = ( NAMED_UNIT(*) SI_UNIT($,.STERADIAN.) SOLID_ANGLE_UNIT() );
#9106 = UNCERTAINTY_MEASURE_WITH_UNIT(LENGTH_MEASURE(1.E-07),#9103,
  'distance_accuracy_value','confusion accuracy');
#9107 = CONTEXT_DEPENDENT_SHAPE_REPRESENTATION(#9108,#9110);
#9108 = ( REPRESENTATION_RELATIONSHIP('','',#9097,#8686) 
REPRESENTATION_RELATIONSHIP_WITH_TRANSFORMATION(#9109) 
SHAPE_REPRESENTATION_RELATIONSHIP() );
#9109 = ITEM_DEFINED_TRANSFORMATION('','',#11,#8691);
#9110 = PRODUCT_DEFINITION_SHAPE('Placement','Placement of an item',
  #9111);
#9111 = NEXT_ASSEMBLY_USAGE_OCCURRENCE('1163','=>[0:1:1:57]','',#8681,
  #9092,$);
#9112 = PRODUCT_RELATED_PRODUCT_CATEGORY('part',$,(#9094));
#9113 = SHAPE_DEFINITION_REPRESENTATION(#9114,#9120);
#9114 = PRODUCT_DEFINITION_SHAPE('','',#9115);
#9115 = PRODUCT_DEFINITION('design','',#9116,#9119);
#9116 = PRODUCT_DEFINITION_FORMATION('','',#9117);
#9117 = PRODUCT('SOLID','SOLID','',(#9118));
#9118 = PRODUCT_CONTEXT('',#2,'mechanical');
#9119 = PRODUCT_DEFINITION_CONTEXT('part definition',#2,'design');
#9120 = ADVANCED_BREP_SHAPE_REPRESENTATION('',(#11,#9121),#9219);
#9121 = MANIFOLD_SOLID_BREP('',#9122);
#9122 = CLOSED_SHELL('',(#9123,#9211,#9215));
#9123 = ADVANCED_FACE('',(#9124),#9138,.T.);
#9124 = FACE_BOUND('',#9125,.F.);
#9125 = EDGE_LOOP('',(#9126,#9156,#9183,#9184));
#9126 = ORIENTED_EDGE('',*,*,#9127,.T.);
#9127 = EDGE_CURVE('',#9128,#9130,#9132,.T.);
#9128 = VERTEX_POINT('',#9129);
#9129 = CARTESIAN_POINT('',(1.55E+03,-717.5,0.));
#9130 = VERTEX_POINT('',#9131);
#9131 = CARTESIAN_POINT('',(1.67E+03,-717.5,0.));
#9132 = SEAM_CURVE('',#9133,(#9137,#9149),.PCURVE_S1.);
#9133 = LINE('',#9134,#9135);
#9134 = CARTESIAN_POINT('',(1.55E+03,-717.5,0.));
#9135 = VECTOR('',#9136,1.);
#9136 = DIRECTION('',(1.,0.,1.110223024625E-16));
#9137 = PCURVE('',#9138,#9143);
#9138 = CYLINDRICAL_SURFACE('',#9139,405.);
#9139 = AXIS2_PLACEMENT_3D('',#9140,#9141,#9142);
#9140 = CARTESIAN_POINT('',(1.55E+03,-717.5,405.));
#9141 = DIRECTION('',(-1.,-0.,-1.110223024625E-16));
#9142 = DIRECTION('',(1.110223024625E-16,0.,-1.));
#9143 = DEFINITIONAL_REPRESENTATION('',(#9144),#9148);
#9144 = LINE('',#9145,#9146);
#9145 = CARTESIAN_POINT('',(-0.,0.));
#9146 = VECTOR('',#9147,1.);
#9147 = DIRECTION('',(-0.,-1.));
#9148 = ( GEOMETRIC_REPRESENTATION_CONTEXT(2) 
PARAMETRIC_REPRESENTATION_CONTEXT() REPRESENTATION_CONTEXT('2D SPACE',''
  ) );
#9149 = PCURVE('',#9138,#9150);
#9150 = DEFINITIONAL_REPRESENTATION('',(#9151),#9155);
#9151 = LINE('',#9152,#9153);
#9152 = CARTESIAN_POINT('',(-6.28318530718,0.));
#9153 = VECTOR('',#9154,1.);
#9154 = DIRECTION('',(-0.,-1.));
#9155 = ( GEOMETRIC_REPRESENTATION_CONTEXT(2) 
PARAMETRIC_REPRESENTATION_CONTEXT() REPRESENTATION_CONTEXT('2D SPACE',''
  ) );
#9156 = ORIENTED_EDGE('',*,*,#9157,.T.);
#9157 = EDGE_CURVE('',#9130,#9130,#9158,.T.);
#9158 = SURFACE_CURVE('',#9159,(#9164,#9171),.PCURVE_S1.);
#9159 = CIRCLE('',#9160,405.);
#9160 = AXIS2_PLACEMENT_3D('',#9161,#9162,#9163);
#9161 = CARTESIAN_POINT('',(1.67E+03,-717.5,405.));
#9162 = DIRECTION('',(1.,-0.,1.110223024625E-16));
#9163 = DIRECTION('',(1.110223024625E-16,0.,-1.));
#9164 = PCURVE('',#9138,#9165);
#9165 = DEFINITIONAL_REPRESENTATION('',(#9166),#9170);
#9166 = LINE('',#9167,#9168);
#9167 = CARTESIAN_POINT('',(-0.,-120.));
#9168 = VECTOR('',#9169,1.);
#9169 = DIRECTION('',(-1.,0.));
#9170 = ( GEOMETRIC_REPRESENTATION_CONTEXT(2) 
PARAMETRIC_REPRESENTATION_CONTEXT() REPRESENTATION_CONTEXT('2D SPACE',''
  ) );
#9171 = PCURVE('',#9172,#9177);
#9172 = PLANE('',#9173);
#9173 = AXIS2_PLACEMENT_3D('',#9174,#9175,#9176);
#9174 = CARTESIAN_POINT('',(1.67E+03,-717.5,405.));
#9175 = DIRECTION('',(1.,0.,1.110223024625E-16));
#9176 = DIRECTION('',(1.110223024625E-16,0.,-1.));
#9177 = DEFINITIONAL_REPRESENTATION('',(#9178),#9182);
#9178 = CIRCLE('',#9179,405.);
#9179 = AXIS2_PLACEMENT_2D('',#9180,#9181);
#9180 = CARTESIAN_POINT('',(5.684341886081E-14,0.));
#9181 = DIRECTION('',(1.,0.));
#9182 = ( GEOMETRIC_REPRESENTATION_CONTEXT(2) 
PARAMETRIC_REPRESENTATION_CONTEXT() REPRESENTATION_CONTEXT('2D SPACE',''
  ) );
#9183 = ORIENTED_EDGE('',*,*,#9127,.F.);
#9184 = ORIENTED_EDGE('',*,*,#9185,.F.);
#9185 = EDGE_CURVE('',#9128,#9128,#9186,.T.);
#9186 = SURFACE_CURVE('',#9187,(#9192,#9199),.PCURVE_S1.);
#9187 = CIRCLE('',#9188,405.);
#9188 = AXIS2_PLACEMENT_3D('',#9189,#9190,#9191);
#9189 = CARTESIAN_POINT('',(1.55E+03,-717.5,405.));
#9190 = DIRECTION('',(1.,-0.,1.110223024625E-16));
#9191 = DIRECTION('',(1.110223024625E-16,0.,-1.));
#9192 = PCURVE('',#9138,#9193);
#9193 = DEFINITIONAL_REPRESENTATION('',(#9194),#9198);
#9194 = LINE('',#9195,#9196);
#9195 = CARTESIAN_POINT('',(-0.,0.));
#9196 = VECTOR('',#9197,1.);
#9197 = DIRECTION('',(-1.,0.));
#9198 = ( GEOMETRIC_REPRESENTATION_CONTEXT(2) 
PARAMETRIC_REPRESENTATION_CONTEXT() REPRESENTATION_CONTEXT('2D SPACE',''
  ) );
#9199 = PCURVE('',#9200,#9205);
#9200 = PLANE('',#9201);
#9201 = AXIS2_PLACEMENT_3D('',#9202,#9203,#9204);
#9202 = CARTESIAN_POINT('',(1.55E+03,-717.5,405.));
#9203 = DIRECTION('',(1.,0.,1.110223024625E-16));
#9204 = DIRECTION('',(1.110223024625E-16,0.,-1.));
#9205 = DEFINITIONAL_REPRESENTATION('',(#9206),#9210);
#9206 = CIRCLE('',#9207,405.);
#9207 = AXIS2_PLACEMENT_2D('',#9208,#9209);
#9208 = CARTESIAN_POINT('',(0.,0.));
#9209 = DIRECTION('',(1.,0.));
#9210 = ( GEOMETRIC_REPRESENTATION_CONTEXT(2) 
PARAMETRIC_REPRESENTATION_CONTEXT() REPRESENTATION_CONTEXT('2D SPACE',''
  ) );
#9211 = ADVANCED_FACE('',(#9212),#9200,.F.);
#9212 = FACE_BOUND('',#9213,.F.);
#9213 = EDGE_LOOP('',(#9214));
#9214 = ORIENTED_EDGE('',*,*,#9185,.T.);
#9215 = ADVANCED_FACE('',(#9216),#9172,.T.);
#9216 = FACE_BOUND('',#9217,.T.);
#9217 = EDGE_LOOP('',(#9218));
#9218 = ORIENTED_EDGE('',*,*,#9157,.T.);
#9219 = ( GEOMETRIC_REPRESENTATION_CONTEXT(3) 
GLOBAL_UNCERTAINTY_ASSIGNED_CONTEXT((#9223)) 
GLOBAL_UNIT_ASSIGNED_CONTEXT((#9220,#9221,#9222)) REPRESENTATION_CONTEXT
('Context #1','3D Context with UNIT and UNCERTAINTY') );
#9220 = ( LENGTH_UNIT() NAMED_UNIT(*) SI_UNIT(.MILLI.,.METRE.) );
#9221 = ( NAMED_UNIT(*) PLANE_ANGLE_UNIT() SI_UNIT($,.RADIAN.) );
#9222 = ( NAMED_UNIT(*) SI_UNIT($,.STERADIAN.) SOLID_ANGLE_UNIT() );
#9223 = UNCERTAINTY_MEASURE_WITH_UNIT(LENGTH_MEASURE(1.E-07),#9220,
  'distance_accuracy_value','confusion accuracy');
#9224 = CONTEXT_DEPENDENT_SHAPE_REPRESENTATION(#9225,#9227);
#9225 = ( REPRESENTATION_RELATIONSHIP('','',#9120,#9097) 
REPRESENTATION_RELATIONSHIP_WITH_TRANSFORMATION(#9226) 
SHAPE_REPRESENTATION_RELATIONSHIP() );
#9226 = ITEM_DEFINED_TRANSFORMATION('','',#11,#9098);
#9227 = PRODUCT_DEFINITION_SHAPE('Placement','Placement of an item',
  #9228);
#9228 = NEXT_ASSEMBLY_USAGE_OCCURRENCE('1162','=>[0:1:1:58]','',#9092,
  #9115,$);
#9229 = PRODUCT_RELATED_PRODUCT_CATEGORY('part',$,(#9117));
#9230 = SHAPE_DEFINITION_REPRESENTATION(#9231,#9237);
#9231 = PRODUCT_DEFINITION_SHAPE('','',#9232);
#9232 = PRODUCT_DEFINITION('design','',#9233,#9236);
#9233 = PRODUCT_DEFINITION_FORMATION('','',#9234);
#9234 = PRODUCT('ASSEMBLY','ASSEMBLY','',(#9235));
#9235 = PRODUCT_CONTEXT('',#2,'mechanical');
#9236 = PRODUCT_DEFINITION_CONTEXT('part definition',#2,'design');
#9237 = SHAPE_REPRESENTATION('',(#11,#9238),#9242);
#9238 = AXIS2_PLACEMENT_3D('',#9239,#9240,#9241);
#9239 = CARTESIAN_POINT('',(0.,0.,0.));
#9240 = DIRECTION('',(0.,0.,1.));
#9241 = DIRECTION('',(1.,0.,-0.));
#9242 = ( GEOMETRIC_REPRESENTATION_CONTEXT(3) 
GLOBAL_UNCERTAINTY_ASSIGNED_CONTEXT((#9246)) 
GLOBAL_UNIT_ASSIGNED_CONTEXT((#9243,#9244,#9245)) REPRESENTATION_CONTEXT
('Context #1','3D Context with UNIT and UNCERTAINTY') );
#9243 = ( LENGTH_UNIT() NAMED_UNIT(*) SI_UNIT(.MILLI.,.METRE.) );
#9244 = ( NAMED_UNIT(*) PLANE_ANGLE_UNIT() SI_UNIT($,.RADIAN.) );
#9245 = ( NAMED_UNIT(*) SI_UNIT($,.STERADIAN.) SOLID_ANGLE_UNIT() );
#9246 = UNCERTAINTY_MEASURE_WITH_UNIT(LENGTH_MEASURE(1.E-07),#9243,
  'distance_accuracy_value','confusion accuracy');
#9247 = CONTEXT_DEPENDENT_SHAPE_REPRESENTATION(#9248,#9250);
#9248 = ( REPRESENTATION_RELATIONSHIP('','',#9237,#8686) 
REPRESENTATION_RELATIONSHIP_WITH_TRANSFORMATION(#9249) 
SHAPE_REPRESENTATION_RELATIONSHIP() );
#9249 = ITEM_DEFINED_TRANSFORMATION('','',#11,#8695);
#9250 = PRODUCT_DEFINITION_SHAPE('Placement','Placement of an item',
  #9251);
#9251 = NEXT_ASSEMBLY_USAGE_OCCURRENCE('1165','=>[0:1:1:59]','',#8681,
  #9232,$);
#9252 = PRODUCT_RELATED_PRODUCT_CATEGORY('part',$,(#9234));
#9253 = SHAPE_DEFINITION_REPRESENTATION(#9254,#9260);
#9254 = PRODUCT_DEFINITION_SHAPE('','',#9255);
#9255 = PRODUCT_DEFINITION('design','',#9256,#9259);
#9256 = PRODUCT_DEFINITION_FORMATION('','',#9257);
#9257 = PRODUCT('SOLID','SOLID','',(#9258));
#9258 = PRODUCT_CONTEXT('',#2,'mechanical');
#9259 = PRODUCT_DEFINITION_CONTEXT('part definition',#2,'design');
#9260 = ADVANCED_BREP_SHAPE_REPRESENTATION('',(#11,#9261),#9359);
#9261 = MANIFOLD_SOLID_BREP('',#9262);
#9262 = CLOSED_SHELL('',(#9263,#9351,#9355));
#9263 = ADVANCED_FACE('',(#9264),#9278,.T.);
#9264 = FACE_BOUND('',#9265,.F.);
#9265 = EDGE_LOOP('',(#9266,#9296,#9323,#9324));
#9266 = ORIENTED_EDGE('',*,*,#9267,.T.);
#9267 = EDGE_CURVE('',#9268,#9270,#9272,.T.);
#9268 = VERTEX_POINT('',#9269);
#9269 = CARTESIAN_POINT('',(1.55E+03,717.5,0.));
#9270 = VERTEX_POINT('',#9271);
#9271 = CARTESIAN_POINT('',(1.67E+03,717.5,0.));
#9272 = SEAM_CURVE('',#9273,(#9277,#9289),.PCURVE_S1.);
#9273 = LINE('',#9274,#9275);
#9274 = CARTESIAN_POINT('',(1.55E+03,717.5,0.));
#9275 = VECTOR('',#9276,1.);
#9276 = DIRECTION('',(1.,0.,1.110223024625E-16));
#9277 = PCURVE('',#9278,#9283);
#9278 = CYLINDRICAL_SURFACE('',#9279,405.);
#9279 = AXIS2_PLACEMENT_3D('',#9280,#9281,#9282);
#9280 = CARTESIAN_POINT('',(1.55E+03,717.5,405.));
#9281 = DIRECTION('',(-1.,-0.,-1.110223024625E-16));
#9282 = DIRECTION('',(1.110223024625E-16,0.,-1.));
#9283 = DEFINITIONAL_REPRESENTATION('',(#9284),#9288);
#9284 = LINE('',#9285,#9286);
#9285 = CARTESIAN_POINT('',(-0.,0.));
#9286 = VECTOR('',#9287,1.);
#9287 = DIRECTION('',(-0.,-1.));
#9288 = ( GEOMETRIC_REPRESENTATION_CONTEXT(2) 
PARAMETRIC_REPRESENTATION_CONTEXT() REPRESENTATION_CONTEXT('2D SPACE',''
  ) );
#9289 = PCURVE('',#9278,#9290);
#9290 = DEFINITIONAL_REPRESENTATION('',(#9291),#9295);
#9291 = LINE('',#9292,#9293);
#9292 = CARTESIAN_POINT('',(-6.28318530718,0.));
#9293 = VECTOR('',#9294,1.);
#9294 = DIRECTION('',(-0.,-1.));
#9295 = ( GEOMETRIC_REPRESENTATION_CONTEXT(2) 
PARAMETRIC_REPRESENTATION_CONTEXT() REPRESENTATION_CONTEXT('2D SPACE',''
  ) );
#9296 = ORIENTED_EDGE('',*,*,#9297,.T.);
#9297 = EDGE_CURVE('',#9270,#9270,#9298,.T.);
#9298 = SURFACE_CURVE('',#9299,(#9304,#9311),.PCURVE_S1.);
#9299 = CIRCLE('',#9300,405.);
#9300 = AXIS2_PLACEMENT_3D('',#9301,#9302,#9303);
#9301 = CARTESIAN_POINT('',(1.67E+03,717.5,405.));
#9302 = DIRECTION('',(1.,-0.,1.110223024625E-16));
#9303 = DIRECTION('',(1.110223024625E-16,0.,-1.));
#9304 = PCURVE('',#9278,#9305);
#9305 = DEFINITIONAL_REPRESENTATION('',(#9306),#9310);
#9306 = LINE('',#9307,#9308);
#9307 = CARTESIAN_POINT('',(-0.,-120.));
#9308 = VECTOR('',#9309,1.);
#9309 = DIRECTION('',(-1.,0.));
#9310 = ( GEOMETRIC_REPRESENTATION_CONTEXT(2) 
PARAMETRIC_REPRESENTATION_CONTEXT() REPRESENTATION_CONTEXT('2D SPACE',''
  ) );
#9311 = PCURVE('',#9312,#9317);
#9312 = PLANE('',#9313);
#9313 = AXIS2_PLACEMENT_3D('',#9314,#9315,#9316);
#9314 = CARTESIAN_POINT('',(1.67E+03,717.5,405.));
#9315 = DIRECTION('',(1.,0.,1.110223024625E-16));
#9316 = DIRECTION('',(1.110223024625E-16,0.,-1.));
#9317 = DEFINITIONAL_REPRESENTATION('',(#9318),#9322);
#9318 = CIRCLE('',#9319,405.);
#9319 = AXIS2_PLACEMENT_2D('',#9320,#9321);
#9320 = CARTESIAN_POINT('',(5.684341886081E-14,0.));
#9321 = DIRECTION('',(1.,0.));
#9322 = ( GEOMETRIC_REPRESENTATION_CONTEXT(2) 
PARAMETRIC_REPRESENTATION_CONTEXT() REPRESENTATION_CONTEXT('2D SPACE',''
  ) );
#9323 = ORIENTED_EDGE('',*,*,#9267,.F.);
#9324 = ORIENTED_EDGE('',*,*,#9325,.F.);
#9325 = EDGE_CURVE('',#9268,#9268,#9326,.T.);
#9326 = SURFACE_CURVE('',#9327,(#9332,#9339),.PCURVE_S1.);
#9327 = CIRCLE('',#9328,405.);
#9328 = AXIS2_PLACEMENT_3D('',#9329,#9330,#9331);
#9329 = CARTESIAN_POINT('',(1.55E+03,717.5,405.));
#9330 = DIRECTION('',(1.,-0.,1.110223024625E-16));
#9331 = DIRECTION('',(1.110223024625E-16,0.,-1.));
#9332 = PCURVE('',#9278,#9333);
#9333 = DEFINITIONAL_REPRESENTATION('',(#9334),#9338);
#9334 = LINE('',#9335,#9336);
#9335 = CARTESIAN_POINT('',(-0.,0.));
#9336 = VECTOR('',#9337,1.);
#9337 = DIRECTION('',(-1.,0.));
#9338 = ( GEOMETRIC_REPRESENTATION_CONTEXT(2) 
PARAMETRIC_REPRESENTATION_CONTEXT() REPRESENTATION_CONTEXT('2D SPACE',''
  ) );
#9339 = PCURVE('',#9340,#9345);
#9340 = PLANE('',#9341);
#9341 = AXIS2_PLACEMENT_3D('',#9342,#9343,#9344);
#9342 = CARTESIAN_POINT('',(1.55E+03,717.5,405.));
#9343 = DIRECTION('',(1.,0.,1.110223024625E-16));
#9344 = DIRECTION('',(1.110223024625E-16,0.,-1.));
#9345 = DEFINITIONAL_REPRESENTATION('',(#9346),#9350);
#9346 = CIRCLE('',#9347,405.);
#9347 = AXIS2_PLACEMENT_2D('',#9348,#9349);
#9348 = CARTESIAN_POINT('',(0.,0.));
#9349 = DIRECTION('',(1.,0.));
#9350 = ( GEOMETRIC_REPRESENTATION_CONTEXT(2) 
PARAMETRIC_REPRESENTATION_CONTEXT() REPRESENTATION_CONTEXT('2D SPACE',''
  ) );
#9351 = ADVANCED_FACE('',(#9352),#9340,.F.);
#9352 = FACE_BOUND('',#9353,.F.);
#9353 = EDGE_LOOP('',(#9354));
#9354 = ORIENTED_EDGE('',*,*,#9325,.T.);
#9355 = ADVANCED_FACE('',(#9356),#9312,.T.);
#9356 = FACE_BOUND('',#9357,.T.);
#9357 = EDGE_LOOP('',(#9358));
#9358 = ORIENTED_EDGE('',*,*,#9297,.T.);
#9359 = ( GEOMETRIC_REPRESENTATION_CONTEXT(3) 
GLOBAL_UNCERTAINTY_ASSIGNED_CONTEXT((#9363)) 
GLOBAL_UNIT_ASSIGNED_CONTEXT((#9360,#9361,#9362)) REPRESENTATION_CONTEXT
('Context #1','3D Context with UNIT and UNCERTAINTY') );
#9360 = ( LENGTH_UNIT() NAMED_UNIT(*) SI_UNIT(.MILLI.,.METRE.) );
#9361 = ( NAMED_UNIT(*) PLANE_ANGLE_UNIT() SI_UNIT($,.RADIAN.) );
#9362 = ( NAMED_UNIT(*) SI_UNIT($,.STERADIAN.) SOLID_ANGLE_UNIT() );
#9363 = UNCERTAINTY_MEASURE_WITH_UNIT(LENGTH_MEASURE(1.E-07),#9360,
  'distance_accuracy_value','confusion accuracy');
#9364 = CONTEXT_DEPENDENT_SHAPE_REPRESENTATION(#9365,#9367);
#9365 = ( REPRESENTATION_RELATIONSHIP('','',#9260,#9237) 
REPRESENTATION_RELATIONSHIP_WITH_TRANSFORMATION(#9366) 
SHAPE_REPRESENTATION_RELATIONSHIP() );
#9366 = ITEM_DEFINED_TRANSFORMATION('','',#11,#9238);
#9367 = PRODUCT_DEFINITION_SHAPE('Placement','Placement of an item',
  #9368);
#9368 = NEXT_ASSEMBLY_USAGE_OCCURRENCE('1164','=>[0:1:1:60]','',#9232,
  #9255,$);
#9369 = PRODUCT_RELATED_PRODUCT_CATEGORY('part',$,(#9257));
#9370 = SHAPE_DEFINITION_REPRESENTATION(#9371,#9377);
#9371 = PRODUCT_DEFINITION_SHAPE('','',#9372);
#9372 = PRODUCT_DEFINITION('design','',#9373,#9376);
#9373 = PRODUCT_DEFINITION_FORMATION('','',#9374);
#9374 = PRODUCT('ASSEMBLY','ASSEMBLY','',(#9375));
#9375 = PRODUCT_CONTEXT('',#2,'mechanical');
#9376 = PRODUCT_DEFINITION_CONTEXT('part definition',#2,'design');
#9377 = SHAPE_REPRESENTATION('',(#11,#9378),#9382);
#9378 = AXIS2_PLACEMENT_3D('',#9379,#9380,#9381);
#9379 = CARTESIAN_POINT('',(0.,0.,0.));
#9380 = DIRECTION('',(0.,0.,1.));
#9381 = DIRECTION('',(1.,0.,-0.));
#9382 = ( GEOMETRIC_REPRESENTATION_CONTEXT(3) 
GLOBAL_UNCERTAINTY_ASSIGNED_CONTEXT((#9386)) 
GLOBAL_UNIT_ASSIGNED_CONTEXT((#9383,#9384,#9385)) REPRESENTATION_CONTEXT
('Context #1','3D Context with UNIT and UNCERTAINTY') );
#9383 = ( LENGTH_UNIT() NAMED_UNIT(*) SI_UNIT(.MILLI.,.METRE.) );
#9384 = ( NAMED_UNIT(*) PLANE_ANGLE_UNIT() SI_UNIT($,.RADIAN.) );
#9385 = ( NAMED_UNIT(*) SI_UNIT($,.STERADIAN.) SOLID_ANGLE_UNIT() );
#9386 = UNCERTAINTY_MEASURE_WITH_UNIT(LENGTH_MEASURE(1.E-07),#9383,
  'distance_accuracy_value','confusion accuracy');
#9387 = CONTEXT_DEPENDENT_SHAPE_REPRESENTATION(#9388,#9390);
#9388 = ( REPRESENTATION_RELATIONSHIP('','',#9377,#8686) 
REPRESENTATION_RELATIONSHIP_WITH_TRANSFORMATION(#9389) 
SHAPE_REPRESENTATION_RELATIONSHIP() );
#9389 = ITEM_DEFINED_TRANSFORMATION('','',#11,#8699);
#9390 = PRODUCT_DEFINITION_SHAPE('Placement','Placement of an item',
  #9391);
#9391 = NEXT_ASSEMBLY_USAGE_OCCURRENCE('1167','=>[0:1:1:61]','',#8681,
  #9372,$);
#9392 = PRODUCT_RELATED_PRODUCT_CATEGORY('part',$,(#9374));
#9393 = SHAPE_DEFINITION_REPRESENTATION(#9394,#9400);
#9394 = PRODUCT_DEFINITION_SHAPE('','',#9395);
#9395 = PRODUCT_DEFINITION('design','',#9396,#9399);
#9396 = PRODUCT_DEFINITION_FORMATION('','',#9397);
#9397 = PRODUCT('SOLID','SOLID','',(#9398));
#9398 = PRODUCT_CONTEXT('',#2,'mechanical');
#9399 = PRODUCT_DEFINITION_CONTEXT('part definition',#2,'design');
#9400 = ADVANCED_BREP_SHAPE_REPRESENTATION('',(#11,#9401),#9499);
#9401 = MANIFOLD_SOLID_BREP('',#9402);
#9402 = CLOSED_SHELL('',(#9403,#9491,#9495));
#9403 = ADVANCED_FACE('',(#9404),#9418,.T.);
#9404 = FACE_BOUND('',#9405,.F.);
#9405 = EDGE_LOOP('',(#9406,#9436,#9463,#9464));
#9406 = ORIENTED_EDGE('',*,*,#9407,.T.);
#9407 = EDGE_CURVE('',#9408,#9410,#9412,.T.);
#9408 = VERTEX_POINT('',#9409);
#9409 = CARTESIAN_POINT('',(3.65E+03,-717.5,0.));
#9410 = VERTEX_POINT('',#9411);
#9411 = CARTESIAN_POINT('',(3.77E+03,-717.5,0.));
#9412 = SEAM_CURVE('',#9413,(#9417,#9429),.PCURVE_S1.);
#9413 = LINE('',#9414,#9415);
#9414 = CARTESIAN_POINT('',(3.65E+03,-717.5,0.));
#9415 = VECTOR('',#9416,1.);
#9416 = DIRECTION('',(1.,0.,1.110223024625E-16));
#9417 = PCURVE('',#9418,#9423);
#9418 = CYLINDRICAL_SURFACE('',#9419,405.);
#9419 = AXIS2_PLACEMENT_3D('',#9420,#9421,#9422);
#9420 = CARTESIAN_POINT('',(3.65E+03,-717.5,405.));
#9421 = DIRECTION('',(-1.,-0.,-1.110223024625E-16));
#9422 = DIRECTION('',(1.110223024625E-16,0.,-1.));
#9423 = DEFINITIONAL_REPRESENTATION('',(#9424),#9428);
#9424 = LINE('',#9425,#9426);
#9425 = CARTESIAN_POINT('',(-0.,0.));
#9426 = VECTOR('',#9427,1.);
#9427 = DIRECTION('',(-0.,-1.));
#9428 = ( GEOMETRIC_REPRESENTATION_CONTEXT(2) 
PARAMETRIC_REPRESENTATION_CONTEXT() REPRESENTATION_CONTEXT('2D SPACE',''
  ) );
#9429 = PCURVE('',#9418,#9430);
#9430 = DEFINITIONAL_REPRESENTATION('',(#9431),#9435);
#9431 = LINE('',#9432,#9433);
#9432 = CARTESIAN_POINT('',(-6.28318530718,0.));
#9433 = VECTOR('',#9434,1.);
#9434 = DIRECTION('',(-0.,-1.));
#9435 = ( GEOMETRIC_REPRESENTATION_CONTEXT(2) 
PARAMETRIC_REPRESENTATION_CONTEXT() REPRESENTATION_CONTEXT('2D SPACE',''
  ) );
#9436 = ORIENTED_EDGE('',*,*,#9437,.T.);
#9437 = EDGE_CURVE('',#9410,#9410,#9438,.T.);
#9438 = SURFACE_CURVE('',#9439,(#9444,#9451),.PCURVE_S1.);
#9439 = CIRCLE('',#9440,405.);
#9440 = AXIS2_PLACEMENT_3D('',#9441,#9442,#9443);
#9441 = CARTESIAN_POINT('',(3.77E+03,-717.5,405.));
#9442 = DIRECTION('',(1.,-0.,1.110223024625E-16));
#9443 = DIRECTION('',(1.110223024625E-16,0.,-1.));
#9444 = PCURVE('',#9418,#9445);
#9445 = DEFINITIONAL_REPRESENTATION('',(#9446),#9450);
#9446 = LINE('',#9447,#9448);
#9447 = CARTESIAN_POINT('',(-0.,-120.));
#9448 = VECTOR('',#9449,1.);
#9449 = DIRECTION('',(-1.,0.));
#9450 = ( GEOMETRIC_REPRESENTATION_CONTEXT(2) 
PARAMETRIC_REPRESENTATION_CONTEXT() REPRESENTATION_CONTEXT('2D SPACE',''
  ) );
#9451 = PCURVE('',#9452,#9457);
#9452 = PLANE('',#9453);
#9453 = AXIS2_PLACEMENT_3D('',#9454,#9455,#9456);
#9454 = CARTESIAN_POINT('',(3.77E+03,-717.5,405.));
#9455 = DIRECTION('',(1.,0.,1.110223024625E-16));
#9456 = DIRECTION('',(1.110223024625E-16,0.,-1.));
#9457 = DEFINITIONAL_REPRESENTATION('',(#9458),#9462);
#9458 = CIRCLE('',#9459,405.);
#9459 = AXIS2_PLACEMENT_2D('',#9460,#9461);
#9460 = CARTESIAN_POINT('',(5.684341886081E-14,0.));
#9461 = DIRECTION('',(1.,0.));
#9462 = ( GEOMETRIC_REPRESENTATION_CONTEXT(2) 
PARAMETRIC_REPRESENTATION_CONTEXT() REPRESENTATION_CONTEXT('2D SPACE',''
  ) );
#9463 = ORIENTED_EDGE('',*,*,#9407,.F.);
#9464 = ORIENTED_EDGE('',*,*,#9465,.F.);
#9465 = EDGE_CURVE('',#9408,#9408,#9466,.T.);
#9466 = SURFACE_CURVE('',#9467,(#9472,#9479),.PCURVE_S1.);
#9467 = CIRCLE('',#9468,405.);
#9468 = AXIS2_PLACEMENT_3D('',#9469,#9470,#9471);
#9469 = CARTESIAN_POINT('',(3.65E+03,-717.5,405.));
#9470 = DIRECTION('',(1.,-0.,1.110223024625E-16));
#9471 = DIRECTION('',(1.110223024625E-16,0.,-1.));
#9472 = PCURVE('',#9418,#9473);
#9473 = DEFINITIONAL_REPRESENTATION('',(#9474),#9478);
#9474 = LINE('',#9475,#9476);
#9475 = CARTESIAN_POINT('',(-0.,0.));
#9476 = VECTOR('',#9477,1.);
#9477 = DIRECTION('',(-1.,0.));
#9478 = ( GEOMETRIC_REPRESENTATION_CONTEXT(2) 
PARAMETRIC_REPRESENTATION_CONTEXT() REPRESENTATION_CONTEXT('2D SPACE',''
  ) );
#9479 = PCURVE('',#9480,#9485);
#9480 = PLANE('',#9481);
#9481 = AXIS2_PLACEMENT_3D('',#9482,#9483,#9484);
#9482 = CARTESIAN_POINT('',(3.65E+03,-717.5,405.));
#9483 = DIRECTION('',(1.,0.,1.110223024625E-16));
#9484 = DIRECTION('',(1.110223024625E-16,0.,-1.));
#9485 = DEFINITIONAL_REPRESENTATION('',(#9486),#9490);
#9486 = CIRCLE('',#9487,405.);
#9487 = AXIS2_PLACEMENT_2D('',#9488,#9489);
#9488 = CARTESIAN_POINT('',(0.,0.));
#9489 = DIRECTION('',(1.,0.));
#9490 = ( GEOMETRIC_REPRESENTATION_CONTEXT(2) 
PARAMETRIC_REPRESENTATION_CONTEXT() REPRESENTATION_CONTEXT('2D SPACE',''
  ) );
#9491 = ADVANCED_FACE('',(#9492),#9480,.F.);
#9492 = FACE_BOUND('',#9493,.F.);
#9493 = EDGE_LOOP('',(#9494));
#9494 = ORIENTED_EDGE('',*,*,#9465,.T.);
#9495 = ADVANCED_FACE('',(#9496),#9452,.T.);
#9496 = FACE_BOUND('',#9497,.T.);
#9497 = EDGE_LOOP('',(#9498));
#9498 = ORIENTED_EDGE('',*,*,#9437,.T.);
#9499 = ( GEOMETRIC_REPRESENTATION_CONTEXT(3) 
GLOBAL_UNCERTAINTY_ASSIGNED_CONTEXT((#9503)) 
GLOBAL_UNIT_ASSIGNED_CONTEXT((#9500,#9501,#9502)) REPRESENTATION_CONTEXT
('Context #1','3D Context with UNIT and UNCERTAINTY') );
#9500 = ( LENGTH_UNIT() NAMED_UNIT(*) SI_UNIT(.MILLI.,.METRE.) );
#9501 = ( NAMED_UNIT(*) PLANE_ANGLE_UNIT() SI_UNIT($,.RADIAN.) );
#9502 = ( NAMED_UNIT(*) SI_UNIT($,.STERADIAN.) SOLID_ANGLE_UNIT() );
#9503 = UNCERTAINTY_MEASURE_WITH_UNIT(LENGTH_MEASURE(1.E-07),#9500,
  'distance_accuracy_value','confusion accuracy');
#9504 = CONTEXT_DEPENDENT_SHAPE_REPRESENTATION(#9505,#9507);
#9505 = ( REPRESENTATION_RELATIONSHIP('','',#9400,#9377) 
REPRESENTATION_RELATIONSHIP_WITH_TRANSFORMATION(#9506) 
SHAPE_REPRESENTATION_RELATIONSHIP() );
#9506 = ITEM_DEFINED_TRANSFORMATION('','',#11,#9378);
#9507 = PRODUCT_DEFINITION_SHAPE('Placement','Placement of an item',
  #9508);
#9508 = NEXT_ASSEMBLY_USAGE_OCCURRENCE('1166','=>[0:1:1:62]','',#9372,
  #9395,$);
#9509 = PRODUCT_RELATED_PRODUCT_CATEGORY('part',$,(#9397));
#9510 = SHAPE_DEFINITION_REPRESENTATION(#9511,#9517);
#9511 = PRODUCT_DEFINITION_SHAPE('','',#9512);
#9512 = PRODUCT_DEFINITION('design','',#9513,#9516);
#9513 = PRODUCT_DEFINITION_FORMATION('','',#9514);
#9514 = PRODUCT('ASSEMBLY','ASSEMBLY','',(#9515));
#9515 = PRODUCT_CONTEXT('',#2,'mechanical');
#9516 = PRODUCT_DEFINITION_CONTEXT('part definition',#2,'design');
#9517 = SHAPE_REPRESENTATION('',(#11,#9518),#9522);
#9518 = AXIS2_PLACEMENT_3D('',#9519,#9520,#9521);
#9519 = CARTESIAN_POINT('',(0.,0.,0.));
#9520 = DIRECTION('',(0.,0.,1.));
#9521 = DIRECTION('',(1.,0.,-0.));
#9522 = ( GEOMETRIC_REPRESENTATION_CONTEXT(3) 
GLOBAL_UNCERTAINTY_ASSIGNED_CONTEXT((#9526)) 
GLOBAL_UNIT_ASSIGNED_CONTEXT((#9523,#9524,#9525)) REPRESENTATION_CONTEXT
('Context #1','3D Context with UNIT and UNCERTAINTY') );
#9523 = ( LENGTH_UNIT() NAMED_UNIT(*) SI_UNIT(.MILLI.,.METRE.) );
#9524 = ( NAMED_UNIT(*) PLANE_ANGLE_UNIT() SI_UNIT($,.RADIAN.) );
#9525 = ( NAMED_UNIT(*) SI_UNIT($,.STERADIAN.) SOLID_ANGLE_UNIT() );
#9526 = UNCERTAINTY_MEASURE_WITH_UNIT(LENGTH_MEASURE(1.E-07),#9523,
  'distance_accuracy_value','confusion accuracy');
#9527 = CONTEXT_DEPENDENT_SHAPE_REPRESENTATION(#9528,#9530);
#9528 = ( REPRESENTATION_RELATIONSHIP('','',#9517,#8686) 
REPRESENTATION_RELATIONSHIP_WITH_TRANSFORMATION(#9529) 
SHAPE_REPRESENTATION_RELATIONSHIP() );
#9529 = ITEM_DEFINED_TRANSFORMATION('','',#11,#8703);
#9530 = PRODUCT_DEFINITION_SHAPE('Placement','Placement of an item',
  #9531);
#9531 = NEXT_ASSEMBLY_USAGE_OCCURRENCE('1169','=>[0:1:1:63]','',#8681,
  #9512,$);
#9532 = PRODUCT_RELATED_PRODUCT_CATEGORY('part',$,(#9514));
#9533 = SHAPE_DEFINITION_REPRESENTATION(#9534,#9540);
#9534 = PRODUCT_DEFINITION_SHAPE('','',#9535);
#9535 = PRODUCT_DEFINITION('design','',#9536,#9539);
#9536 = PRODUCT_DEFINITION_FORMATION('','',#9537);
#9537 = PRODUCT('SOLID','SOLID','',(#9538));
#9538 = PRODUCT_CONTEXT('',#2,'mechanical');
#9539 = PRODUCT_DEFINITION_CONTEXT('part definition',#2,'design');
#9540 = ADVANCED_BREP_SHAPE_REPRESENTATION('',(#11,#9541),#9639);
#9541 = MANIFOLD_SOLID_BREP('',#9542);
#9542 = CLOSED_SHELL('',(#9543,#9631,#9635));
#9543 = ADVANCED_FACE('',(#9544),#9558,.T.);
#9544 = FACE_BOUND('',#9545,.F.);
#9545 = EDGE_LOOP('',(#9546,#9576,#9603,#9604));
#9546 = ORIENTED_EDGE('',*,*,#9547,.T.);
#9547 = EDGE_CURVE('',#9548,#9550,#9552,.T.);
#9548 = VERTEX_POINT('',#9549);
#9549 = CARTESIAN_POINT('',(3.65E+03,717.5,0.));
#9550 = VERTEX_POINT('',#9551);
#9551 = CARTESIAN_POINT('',(3.77E+03,717.5,0.));
#9552 = SEAM_CURVE('',#9553,(#9557,#9569),.PCURVE_S1.);
#9553 = LINE('',#9554,#9555);
#9554 = CARTESIAN_POINT('',(3.65E+03,717.5,0.));
#9555 = VECTOR('',#9556,1.);
#9556 = DIRECTION('',(1.,0.,1.110223024625E-16));
#9557 = PCURVE('',#9558,#9563);
#9558 = CYLINDRICAL_SURFACE('',#9559,405.);
#9559 = AXIS2_PLACEMENT_3D('',#9560,#9561,#9562);
#9560 = CARTESIAN_POINT('',(3.65E+03,717.5,405.));
#9561 = DIRECTION('',(-1.,-0.,-1.110223024625E-16));
#9562 = DIRECTION('',(1.110223024625E-16,0.,-1.));
#9563 = DEFINITIONAL_REPRESENTATION('',(#9564),#9568);
#9564 = LINE('',#9565,#9566);
#9565 = CARTESIAN_POINT('',(-0.,0.));
#9566 = VECTOR('',#9567,1.);
#9567 = DIRECTION('',(-0.,-1.));
#9568 = ( GEOMETRIC_REPRESENTATION_CONTEXT(2) 
PARAMETRIC_REPRESENTATION_CONTEXT() REPRESENTATION_CONTEXT('2D SPACE',''
  ) );
#9569 = PCURVE('',#9558,#9570);
#9570 = DEFINITIONAL_REPRESENTATION('',(#9571),#9575);
#9571 = LINE('',#9572,#9573);
#9572 = CARTESIAN_POINT('',(-6.28318530718,0.));
#9573 = VECTOR('',#9574,1.);
#9574 = DIRECTION('',(-0.,-1.));
#9575 = ( GEOMETRIC_REPRESENTATION_CONTEXT(2) 
PARAMETRIC_REPRESENTATION_CONTEXT() REPRESENTATION_CONTEXT('2D SPACE',''
  ) );
#9576 = ORIENTED_EDGE('',*,*,#9577,.T.);
#9577 = EDGE_CURVE('',#9550,#9550,#9578,.T.);
#9578 = SURFACE_CURVE('',#9579,(#9584,#9591),.PCURVE_S1.);
#9579 = CIRCLE('',#9580,405.);
#9580 = AXIS2_PLACEMENT_3D('',#9581,#9582,#9583);
#9581 = CARTESIAN_POINT('',(3.77E+03,717.5,405.));
#9582 = DIRECTION('',(1.,-0.,1.110223024625E-16));
#9583 = DIRECTION('',(1.110223024625E-16,0.,-1.));
#9584 = PCURVE('',#9558,#9585);
#9585 = DEFINITIONAL_REPRESENTATION('',(#9586),#9590);
#9586 = LINE('',#9587,#9588);
#9587 = CARTESIAN_POINT('',(-0.,-120.));
#9588 = VECTOR('',#9589,1.);
#9589 = DIRECTION('',(-1.,0.));
#9590 = ( GEOMETRIC_REPRESENTATION_CONTEXT(2) 
PARAMETRIC_REPRESENTATION_CONTEXT() REPRESENTATION_CONTEXT('2D SPACE',''
  ) );
#9591 = PCURVE('',#9592,#9597);
#9592 = PLANE('',#9593);
#9593 = AXIS2_PLACEMENT_3D('',#9594,#9595,#9596);
#9594 = CARTESIAN_POINT('',(3.77E+03,717.5,405.));
#9595 = DIRECTION('',(1.,0.,1.110223024625E-16));
#9596 = DIRECTION('',(1.110223024625E-16,0.,-1.));
#9597 = DEFINITIONAL_REPRESENTATION('',(#9598),#9602);
#9598 = CIRCLE('',#9599,405.);
#9599 = AXIS2_PLACEMENT_2D('',#9600,#9601);
#9600 = CARTESIAN_POINT('',(5.684341886081E-14,0.));
#9601 = DIRECTION('',(1.,0.));
#9602 = ( GEOMETRIC_REPRESENTATION_CONTEXT(2) 
PARAMETRIC_REPRESENTATION_CONTEXT() REPRESENTATION_CONTEXT('2D SPACE',''
  ) );
#9603 = ORIENTED_EDGE('',*,*,#9547,.F.);
#9604 = ORIENTED_EDGE('',*,*,#9605,.F.);
#9605 = EDGE_CURVE('',#9548,#9548,#9606,.T.);
#9606 = SURFACE_CURVE('',#9607,(#9612,#9619),.PCURVE_S1.);
#9607 = CIRCLE('',#9608,405.);
#9608 = AXIS2_PLACEMENT_3D('',#9609,#9610,#9611);
#9609 = CARTESIAN_POINT('',(3.65E+03,717.5,405.));
#9610 = DIRECTION('',(1.,-0.,1.110223024625E-16));
#9611 = DIRECTION('',(1.110223024625E-16,0.,-1.));
#9612 = PCURVE('',#9558,#9613);
#9613 = DEFINITIONAL_REPRESENTATION('',(#9614),#9618);
#9614 = LINE('',#9615,#9616);
#9615 = CARTESIAN_POINT('',(-0.,0.));
#9616 = VECTOR('',#9617,1.);
#9617 = DIRECTION('',(-1.,0.));
#9618 = ( GEOMETRIC_REPRESENTATION_CONTEXT(2) 
PARAMETRIC_REPRESENTATION_CONTEXT() REPRESENTATION_CONTEXT('2D SPACE',''
  ) );
#9619 = PCURVE('',#9620,#9625);
#9620 = PLANE('',#9621);
#9621 = AXIS2_PLACEMENT_3D('',#9622,#9623,#9624);
#9622 = CARTESIAN_POINT('',(3.65E+03,717.5,405.));
#9623 = DIRECTION('',(1.,0.,1.110223024625E-16));
#9624 = DIRECTION('',(1.110223024625E-16,0.,-1.));
#9625 = DEFINITIONAL_REPRESENTATION('',(#9626),#9630);
#9626 = CIRCLE('',#9627,405.);
#9627 = AXIS2_PLACEMENT_2D('',#9628,#9629);
#9628 = CARTESIAN_POINT('',(0.,0.));
#9629 = DIRECTION('',(1.,0.));
#9630 = ( GEOMETRIC_REPRESENTATION_CONTEXT(2) 
PARAMETRIC_REPRESENTATION_CONTEXT() REPRESENTATION_CONTEXT('2D SPACE',''
  ) );
#9631 = ADVANCED_FACE('',(#9632),#9620,.F.);
#9632 = FACE_BOUND('',#9633,.F.);
#9633 = EDGE_LOOP('',(#9634));
#9634 = ORIENTED_EDGE('',*,*,#9605,.T.);
#9635 = ADVANCED_FACE('',(#9636),#9592,.T.);
#9636 = FACE_BOUND('',#9637,.T.);
#9637 = EDGE_LOOP('',(#9638));
#9638 = ORIENTED_EDGE('',*,*,#9577,.T.);
#9639 = ( GEOMETRIC_REPRESENTATION_CONTEXT(3) 
GLOBAL_UNCERTAINTY_ASSIGNED_CONTEXT((#9643)) 
GLOBAL_UNIT_ASSIGNED_CONTEXT((#9640,#9641,#9642)) REPRESENTATION_CONTEXT
('Context #1','3D Context with UNIT and UNCERTAINTY') );
#9640 = ( LENGTH_UNIT() NAMED_UNIT(*) SI_UNIT(.MILLI.,.METRE.) );
#9641 = ( NAMED_UNIT(*) PLANE_ANGLE_UNIT() SI_UNIT($,.RADIAN.) );
#9642 = ( NAMED_UNIT(*) SI_UNIT($,.STERADIAN.) SOLID_ANGLE_UNIT() );
#9643 = UNCERTAINTY_MEASURE_WITH_UNIT(LENGTH_MEASURE(1.E-07),#9640,
  'distance_accuracy_value','confusion accuracy');
#9644 = CONTEXT_DEPENDENT_SHAPE_REPRESENTATION(#9645,#9647);
#9645 = ( REPRESENTATION_RELATIONSHIP('','',#9540,#9517) 
REPRESENTATION_RELATIONSHIP_WITH_TRANSFORMATION(#9646) 
SHAPE_REPRESENTATION_RELATIONSHIP() );
#9646 = ITEM_DEFINED_TRANSFORMATION('','',#11,#9518);
#9647 = PRODUCT_DEFINITION_SHAPE('Placement','Placement of an item',
  #9648);
#9648 = NEXT_ASSEMBLY_USAGE_OCCURRENCE('1168','=>[0:1:1:64]','',#9512,
  #9535,$);
#9649 = PRODUCT_RELATED_PRODUCT_CATEGORY('part',$,(#9537));
#9650 = SHAPE_DEFINITION_REPRESENTATION(#9651,#9657);
#9651 = PRODUCT_DEFINITION_SHAPE('','',#9652);
#9652 = PRODUCT_DEFINITION('design','',#9653,#9656);
#9653 = PRODUCT_DEFINITION_FORMATION('','',#9654);
#9654 = PRODUCT('Bogie (2-axle, simplified)',
  'Bogie (2-axle, simplified)','',(#9655));
#9655 = PRODUCT_CONTEXT('',#2,'mechanical');
#9656 = PRODUCT_DEFINITION_CONTEXT('part definition',#2,'design');
#9657 = SHAPE_REPRESENTATION('',(#11,#9658,#9662,#9666,#9670,#9674),
  #9678);
#9658 = AXIS2_PLACEMENT_3D('',#9659,#9660,#9661);
#9659 = CARTESIAN_POINT('',(0.,0.,0.));
#9660 = DIRECTION('',(0.,0.,1.));
#9661 = DIRECTION('',(1.,0.,-0.));
#9662 = AXIS2_PLACEMENT_3D('',#9663,#9664,#9665);
#9663 = CARTESIAN_POINT('',(0.,0.,0.));
#9664 = DIRECTION('',(0.,0.,1.));
#9665 = DIRECTION('',(1.,0.,-0.));
#9666 = AXIS2_PLACEMENT_3D('',#9667,#9668,#9669);
#9667 = CARTESIAN_POINT('',(0.,0.,0.));
#9668 = DIRECTION('',(0.,0.,1.));
#9669 = DIRECTION('',(1.,0.,-0.));
#9670 = AXIS2_PLACEMENT_3D('',#9671,#9672,#9673);
#9671 = CARTESIAN_POINT('',(0.,0.,0.));
#9672 = DIRECTION('',(0.,0.,1.));
#9673 = DIRECTION('',(1.,0.,-0.));
#9674 = AXIS2_PLACEMENT_3D('',#9675,#9676,#9677);
#9675 = CARTESIAN_POINT('',(0.,0.,0.));
#9676 = DIRECTION('',(0.,0.,1.));
#9677 = DIRECTION('',(1.,0.,-0.));
#9678 = ( GEOMETRIC_REPRESENTATION_CONTEXT(3) 
GLOBAL_UNCERTAINTY_ASSIGNED_CONTEXT((#9682)) 
GLOBAL_UNIT_ASSIGNED_CONTEXT((#9679,#9680,#9681)) REPRESENTATION_CONTEXT
('Context #1','3D Context with UNIT and UNCERTAINTY') );
#9679 = ( LENGTH_UNIT() NAMED_UNIT(*) SI_UNIT(.MILLI.,.METRE.) );
#9680 = ( NAMED_UNIT(*) PLANE_ANGLE_UNIT() SI_UNIT($,.RADIAN.) );
#9681 = ( NAMED_UNIT(*) SI_UNIT($,.STERADIAN.) SOLID_ANGLE_UNIT() );
#9682 = UNCERTAINTY_MEASURE_WITH_UNIT(LENGTH_MEASURE(1.E-07),#9679,
  'distance_accuracy_value','confusion accuracy');
#9683 = CONTEXT_DEPENDENT_SHAPE_REPRESENTATION(#9684,#9686);
#9684 = ( REPRESENTATION_RELATIONSHIP('','',#9657,#10) 
REPRESENTATION_RELATIONSHIP_WITH_TRANSFORMATION(#9685) 
SHAPE_REPRESENTATION_RELATIONSHIP() );
#9685 = ITEM_DEFINED_TRANSFORMATION('','',#11,#51);
#9686 = PRODUCT_DEFINITION_SHAPE('Placement','Placement of an item',
  #9687);
#9687 = NEXT_ASSEMBLY_USAGE_OCCURRENCE('1181','=>[0:1:1:65]','',#5,#9652
  ,$);
#9688 = PRODUCT_RELATED_PRODUCT_CATEGORY('part',$,(#9654));
#9689 = SHAPE_DEFINITION_REPRESENTATION(#9690,#9696);
#9690 = PRODUCT_DEFINITION_SHAPE('','',#9691);
#9691 = PRODUCT_DEFINITION('design','',#9692,#9695);
#9692 = PRODUCT_DEFINITION_FORMATION('','',#9693);
#9693 = PRODUCT('ASSEMBLY','ASSEMBLY','',(#9694));
#9694 = PRODUCT_CONTEXT('',#2,'mechanical');
#9695 = PRODUCT_DEFINITION_CONTEXT('part definition',#2,'design');
#9696 = SHAPE_REPRESENTATION('',(#11,#9697),#9701);
#9697 = AXIS2_PLACEMENT_3D('',#9698,#9699,#9700);
#9698 = CARTESIAN_POINT('',(0.,0.,0.));
#9699 = DIRECTION('',(0.,0.,1.));
#9700 = DIRECTION('',(1.,0.,-0.));
#9701 = ( GEOMETRIC_REPRESENTATION_CONTEXT(3) 
GLOBAL_UNCERTAINTY_ASSIGNED_CONTEXT((#9705)) 
GLOBAL_UNIT_ASSIGNED_CONTEXT((#9702,#9703,#9704)) REPRESENTATION_CONTEXT
('Context #1','3D Context with UNIT and UNCERTAINTY') );
#9702 = ( LENGTH_UNIT() NAMED_UNIT(*) SI_UNIT(.MILLI.,.METRE.) );
#9703 = ( NAMED_UNIT(*) PLANE_ANGLE_UNIT() SI_UNIT($,.RADIAN.) );
#9704 = ( NAMED_UNIT(*) SI_UNIT($,.STERADIAN.) SOLID_ANGLE_UNIT() );
#9705 = UNCERTAINTY_MEASURE_WITH_UNIT(LENGTH_MEASURE(1.E-07),#9702,
  'distance_accuracy_value','confusion accuracy');
#9706 = CONTEXT_DEPENDENT_SHAPE_REPRESENTATION(#9707,#9709);
#9707 = ( REPRESENTATION_RELATIONSHIP('','',#9696,#9657) 
REPRESENTATION_RELATIONSHIP_WITH_TRANSFORMATION(#9708) 
SHAPE_REPRESENTATION_RELATIONSHIP() );
#9708 = ITEM_DEFINED_TRANSFORMATION('','',#11,#9658);
#9709 = PRODUCT_DEFINITION_SHAPE('Placement','Placement of an item',
  #9710);
#9710 = NEXT_ASSEMBLY_USAGE_OCCURRENCE('1172','=>[0:1:1:66]','',#9652,
  #9691,$);
#9711 = PRODUCT_RELATED_PRODUCT_CATEGORY('part',$,(#9693));
#9712 = SHAPE_DEFINITION_REPRESENTATION(#9713,#9719);
#9713 = PRODUCT_DEFINITION_SHAPE('','',#9714);
#9714 = PRODUCT_DEFINITION('design','',#9715,#9718);
#9715 = PRODUCT_DEFINITION_FORMATION('','',#9716);
#9716 = PRODUCT('SOLID','SOLID','',(#9717));
#9717 = PRODUCT_CONTEXT('',#2,'mechanical');
#9718 = PRODUCT_DEFINITION_CONTEXT('part definition',#2,'design');
#9719 = ADVANCED_BREP_SHAPE_REPRESENTATION('',(#11,#9720),#10050);
#9720 = MANIFOLD_SOLID_BREP('',#9721);
#9721 = CLOSED_SHELL('',(#9722,#9842,#9918,#9989,#10036,#10043));
#9722 = ADVANCED_FACE('',(#9723),#9737,.T.);
#9723 = FACE_BOUND('',#9724,.T.);
#9724 = EDGE_LOOP('',(#9725,#9760,#9788,#9816));
#9725 = ORIENTED_EDGE('',*,*,#9726,.T.);
#9726 = EDGE_CURVE('',#9727,#9729,#9731,.T.);
#9727 = VERTEX_POINT('',#9728);
#9728 = CARTESIAN_POINT('',(1.865E+04,-1.2E+03,455.));
#9729 = VERTEX_POINT('',#9730);
#9730 = CARTESIAN_POINT('',(1.865E+04,-1.2E+03,755.));
#9731 = SURFACE_CURVE('',#9732,(#9736,#9748),.PCURVE_S1.);
#9732 = LINE('',#9733,#9734);
#9733 = CARTESIAN_POINT('',(1.865E+04,-1.2E+03,455.));
#9734 = VECTOR('',#9735,1.);
#9735 = DIRECTION('',(0.,0.,1.));
#9736 = PCURVE('',#9737,#9742);
#9737 = PLANE('',#9738);
#9738 = AXIS2_PLACEMENT_3D('',#9739,#9740,#9741);
#9739 = CARTESIAN_POINT('',(1.865E+04,-1.2E+03,455.));
#9740 = DIRECTION('',(-1.,0.,0.));
#9741 = DIRECTION('',(0.,1.,0.));
#9742 = DEFINITIONAL_REPRESENTATION('',(#9743),#9747);
#9743 = LINE('',#9744,#9745);
#9744 = CARTESIAN_POINT('',(0.,0.));
#9745 = VECTOR('',#9746,1.);
#9746 = DIRECTION('',(0.,-1.));
#9747 = ( GEOMETRIC_REPRESENTATION_CONTEXT(2) 
PARAMETRIC_REPRESENTATION_CONTEXT() REPRESENTATION_CONTEXT('2D SPACE',''
  ) );
#9748 = PCURVE('',#9749,#9754);
#9749 = PLANE('',#9750);
#9750 = AXIS2_PLACEMENT_3D('',#9751,#9752,#9753);
#9751 = CARTESIAN_POINT('',(1.865E+04,-1.2E+03,455.));
#9752 = DIRECTION('',(0.,1.,0.));
#9753 = DIRECTION('',(1.,0.,0.));
#9754 = DEFINITIONAL_REPRESENTATION('',(#9755),#9759);
#9755 = LINE('',#9756,#9757);
#9756 = CARTESIAN_POINT('',(0.,0.));
#9757 = VECTOR('',#9758,1.);
#9758 = DIRECTION('',(0.,-1.));
#9759 = ( GEOMETRIC_REPRESENTATION_CONTEXT(2) 
PARAMETRIC_REPRESENTATION_CONTEXT() REPRESENTATION_CONTEXT('2D SPACE',''
  ) );
#9760 = ORIENTED_EDGE('',*,*,#9761,.T.);
#9761 = EDGE_CURVE('',#9729,#9762,#9764,.T.);
#9762 = VERTEX_POINT('',#9763);
#9763 = CARTESIAN_POINT('',(1.865E+04,1.2E+03,755.));
#9764 = SURFACE_CURVE('',#9765,(#9769,#9776),.PCURVE_S1.);
#9765 = LINE('',#9766,#9767);
#9766 = CARTESIAN_POINT('',(1.865E+04,0.,755.));
#9767 = VECTOR('',#9768,1.);
#9768 = DIRECTION('',(0.,1.,0.));
#9769 = PCURVE('',#9737,#9770);
#9770 = DEFINITIONAL_REPRESENTATION('',(#9771),#9775);
#9771 = LINE('',#9772,#9773);
#9772 = CARTESIAN_POINT('',(1.2E+03,-300.));
#9773 = VECTOR('',#9774,1.);
#9774 = DIRECTION('',(1.,0.));
#9775 = ( GEOMETRIC_REPRESENTATION_CONTEXT(2) 
PARAMETRIC_REPRESENTATION_CONTEXT() REPRESENTATION_CONTEXT('2D SPACE',''
  ) );
#9776 = PCURVE('',#9777,#9782);
#9777 = PLANE('',#9778);
#9778 = AXIS2_PLACEMENT_3D('',#9779,#9780,#9781);
#9779 = CARTESIAN_POINT('',(2.04E+04,0.,755.));
#9780 = DIRECTION('',(0.,0.,1.));
#9781 = DIRECTION('',(1.,0.,0.));
#9782 = DEFINITIONAL_REPRESENTATION('',(#9783),#9787);
#9783 = LINE('',#9784,#9785);
#9784 = CARTESIAN_POINT('',(-1.75E+03,0.));
#9785 = VECTOR('',#9786,1.);
#9786 = DIRECTION('',(0.,1.));
#9787 = ( GEOMETRIC_REPRESENTATION_CONTEXT(2) 
PARAMETRIC_REPRESENTATION_CONTEXT() REPRESENTATION_CONTEXT('2D SPACE',''
  ) );
#9788 = ORIENTED_EDGE('',*,*,#9789,.F.);
#9789 = EDGE_CURVE('',#9790,#9762,#9792,.T.);
#9790 = VERTEX_POINT('',#9791);
#9791 = CARTESIAN_POINT('',(1.865E+04,1.2E+03,455.));
#9792 = SURFACE_CURVE('',#9793,(#9797,#9804),.PCURVE_S1.);
#9793 = LINE('',#9794,#9795);
#9794 = CARTESIAN_POINT('',(1.865E+04,1.2E+03,455.));
#9795 = VECTOR('',#9796,1.);
#9796 = DIRECTION('',(0.,0.,1.));
#9797 = PCURVE('',#9737,#9798);
#9798 = DEFINITIONAL_REPRESENTATION('',(#9799),#9803);
#9799 = LINE('',#9800,#9801);
#9800 = CARTESIAN_POINT('',(2.4E+03,0.));
#9801 = VECTOR('',#9802,1.);
#9802 = DIRECTION('',(0.,-1.));
#9803 = ( GEOMETRIC_REPRESENTATION_CONTEXT(2) 
PARAMETRIC_REPRESENTATION_CONTEXT() REPRESENTATION_CONTEXT('2D SPACE',''
  ) );
#9804 = PCURVE('',#9805,#9810);
#9805 = PLANE('',#9806);
#9806 = AXIS2_PLACEMENT_3D('',#9807,#9808,#9809);
#9807 = CARTESIAN_POINT('',(1.865E+04,1.2E+03,455.));
#9808 = DIRECTION('',(0.,1.,0.));
#9809 = DIRECTION('',(1.,0.,0.));
#9810 = DEFINITIONAL_REPRESENTATION('',(#9811),#9815);
#9811 = LINE('',#9812,#9813);
#9812 = CARTESIAN_POINT('',(0.,0.));
#9813 = VECTOR('',#9814,1.);
#9814 = DIRECTION('',(0.,-1.));
#9815 = ( GEOMETRIC_REPRESENTATION_CONTEXT(2) 
PARAMETRIC_REPRESENTATION_CONTEXT() REPRESENTATION_CONTEXT('2D SPACE',''
  ) );
#9816 = ORIENTED_EDGE('',*,*,#9817,.F.);
#9817 = EDGE_CURVE('',#9727,#9790,#9818,.T.);
#9818 = SURFACE_CURVE('',#9819,(#9823,#9830),.PCURVE_S1.);
#9819 = LINE('',#9820,#9821);
#9820 = CARTESIAN_POINT('',(1.865E+04,0.,455.));
#9821 = VECTOR('',#9822,1.);
#9822 = DIRECTION('',(0.,1.,0.));
#9823 = PCURVE('',#9737,#9824);
#9824 = DEFINITIONAL_REPRESENTATION('',(#9825),#9829);
#9825 = LINE('',#9826,#9827);
#9826 = CARTESIAN_POINT('',(1.2E+03,0.));
#9827 = VECTOR('',#9828,1.);
#9828 = DIRECTION('',(1.,0.));
#9829 = ( GEOMETRIC_REPRESENTATION_CONTEXT(2) 
PARAMETRIC_REPRESENTATION_CONTEXT() REPRESENTATION_CONTEXT('2D SPACE',''
  ) );
#9830 = PCURVE('',#9831,#9836);
#9831 = PLANE('',#9832);
#9832 = AXIS2_PLACEMENT_3D('',#9833,#9834,#9835);
#9833 = CARTESIAN_POINT('',(2.04E+04,0.,455.));
#9834 = DIRECTION('',(0.,0.,1.));
#9835 = DIRECTION('',(1.,0.,0.));
#9836 = DEFINITIONAL_REPRESENTATION('',(#9837),#9841);
#9837 = LINE('',#9838,#9839);
#9838 = CARTESIAN_POINT('',(-1.75E+03,0.));
#9839 = VECTOR('',#9840,1.);
#9840 = DIRECTION('',(0.,1.));
#9841 = ( GEOMETRIC_REPRESENTATION_CONTEXT(2) 
PARAMETRIC_REPRESENTATION_CONTEXT() REPRESENTATION_CONTEXT('2D SPACE',''
  ) );
#9842 = ADVANCED_FACE('',(#9843),#9749,.F.);
#9843 = FACE_BOUND('',#9844,.F.);
#9844 = EDGE_LOOP('',(#9845,#9846,#9869,#9897));
#9845 = ORIENTED_EDGE('',*,*,#9726,.T.);
#9846 = ORIENTED_EDGE('',*,*,#9847,.T.);
#9847 = EDGE_CURVE('',#9729,#9848,#9850,.T.);
#9848 = VERTEX_POINT('',#9849);
#9849 = CARTESIAN_POINT('',(2.215E+04,-1.2E+03,755.));
#9850 = SURFACE_CURVE('',#9851,(#9855,#9862),.PCURVE_S1.);
#9851 = LINE('',#9852,#9853);
#9852 = CARTESIAN_POINT('',(2.04E+04,-1.2E+03,755.));
#9853 = VECTOR('',#9854,1.);
#9854 = DIRECTION('',(1.,0.,0.));
#9855 = PCURVE('',#9749,#9856);
#9856 = DEFINITIONAL_REPRESENTATION('',(#9857),#9861);
#9857 = LINE('',#9858,#9859);
#9858 = CARTESIAN_POINT('',(1.75E+03,-300.));
#9859 = VECTOR('',#9860,1.);
#9860 = DIRECTION('',(1.,0.));
#9861 = ( GEOMETRIC_REPRESENTATION_CONTEXT(2) 
PARAMETRIC_REPRESENTATION_CONTEXT() REPRESENTATION_CONTEXT('2D SPACE',''
  ) );
#9862 = PCURVE('',#9777,#9863);
#9863 = DEFINITIONAL_REPRESENTATION('',(#9864),#9868);
#9864 = LINE('',#9865,#9866);
#9865 = CARTESIAN_POINT('',(0.,-1.2E+03));
#9866 = VECTOR('',#9867,1.);
#9867 = DIRECTION('',(1.,0.));
#9868 = ( GEOMETRIC_REPRESENTATION_CONTEXT(2) 
PARAMETRIC_REPRESENTATION_CONTEXT() REPRESENTATION_CONTEXT('2D SPACE',''
  ) );
#9869 = ORIENTED_EDGE('',*,*,#9870,.F.);
#9870 = EDGE_CURVE('',#9871,#9848,#9873,.T.);
#9871 = VERTEX_POINT('',#9872);
#9872 = CARTESIAN_POINT('',(2.215E+04,-1.2E+03,455.));
#9873 = SURFACE_CURVE('',#9874,(#9878,#9885),.PCURVE_S1.);
#9874 = LINE('',#9875,#9876);
#9875 = CARTESIAN_POINT('',(2.215E+04,-1.2E+03,455.));
#9876 = VECTOR('',#9877,1.);
#9877 = DIRECTION('',(0.,0.,1.));
#9878 = PCURVE('',#9749,#9879);
#9879 = DEFINITIONAL_REPRESENTATION('',(#9880),#9884);
#9880 = LINE('',#9881,#9882);
#9881 = CARTESIAN_POINT('',(3.5E+03,0.));
#9882 = VECTOR('',#9883,1.);
#9883 = DIRECTION('',(0.,-1.));
#9884 = ( GEOMETRIC_REPRESENTATION_CONTEXT(2) 
PARAMETRIC_REPRESENTATION_CONTEXT() REPRESENTATION_CONTEXT('2D SPACE',''
  ) );
#9885 = PCURVE('',#9886,#9891);
#9886 = PLANE('',#9887);
#9887 = AXIS2_PLACEMENT_3D('',#9888,#9889,#9890);
#9888 = CARTESIAN_POINT('',(2.215E+04,-1.2E+03,455.));
#9889 = DIRECTION('',(-1.,0.,0.));
#9890 = DIRECTION('',(0.,1.,0.));
#9891 = DEFINITIONAL_REPRESENTATION('',(#9892),#9896);
#9892 = LINE('',#9893,#9894);
#9893 = CARTESIAN_POINT('',(0.,0.));
#9894 = VECTOR('',#9895,1.);
#9895 = DIRECTION('',(0.,-1.));
#9896 = ( GEOMETRIC_REPRESENTATION_CONTEXT(2) 
PARAMETRIC_REPRESENTATION_CONTEXT() REPRESENTATION_CONTEXT('2D SPACE',''
  ) );
#9897 = ORIENTED_EDGE('',*,*,#9898,.F.);
#9898 = EDGE_CURVE('',#9727,#9871,#9899,.T.);
#9899 = SURFACE_CURVE('',#9900,(#9904,#9911),.PCURVE_S1.);
#9900 = LINE('',#9901,#9902);
#9901 = CARTESIAN_POINT('',(2.04E+04,-1.2E+03,455.));
#9902 = VECTOR('',#9903,1.);
#9903 = DIRECTION('',(1.,0.,0.));
#9904 = PCURVE('',#9749,#9905);
#9905 = DEFINITIONAL_REPRESENTATION('',(#9906),#9910);
#9906 = LINE('',#9907,#9908);
#9907 = CARTESIAN_POINT('',(1.75E+03,0.));
#9908 = VECTOR('',#9909,1.);
#9909 = DIRECTION('',(1.,0.));
#9910 = ( GEOMETRIC_REPRESENTATION_CONTEXT(2) 
PARAMETRIC_REPRESENTATION_CONTEXT() REPRESENTATION_CONTEXT('2D SPACE',''
  ) );
#9911 = PCURVE('',#9831,#9912);
#9912 = DEFINITIONAL_REPRESENTATION('',(#9913),#9917);
#9913 = LINE('',#9914,#9915);
#9914 = CARTESIAN_POINT('',(0.,-1.2E+03));
#9915 = VECTOR('',#9916,1.);
#9916 = DIRECTION('',(1.,0.));
#9917 = ( GEOMETRIC_REPRESENTATION_CONTEXT(2) 
PARAMETRIC_REPRESENTATION_CONTEXT() REPRESENTATION_CONTEXT('2D SPACE',''
  ) );
#9918 = ADVANCED_FACE('',(#9919),#9886,.F.);
#9919 = FACE_BOUND('',#9920,.F.);
#9920 = EDGE_LOOP('',(#9921,#9922,#9945,#9968));
#9921 = ORIENTED_EDGE('',*,*,#9870,.T.);
#9922 = ORIENTED_EDGE('',*,*,#9923,.T.);
#9923 = EDGE_CURVE('',#9848,#9924,#9926,.T.);
#9924 = VERTEX_POINT('',#9925);
#9925 = CARTESIAN_POINT('',(2.215E+04,1.2E+03,755.));
#9926 = SURFACE_CURVE('',#9927,(#9931,#9938),.PCURVE_S1.);
#9927 = LINE('',#9928,#9929);
#9928 = CARTESIAN_POINT('',(2.215E+04,0.,755.));
#9929 = VECTOR('',#9930,1.);
#9930 = DIRECTION('',(0.,1.,0.));
#9931 = PCURVE('',#9886,#9932);
#9932 = DEFINITIONAL_REPRESENTATION('',(#9933),#9937);
#9933 = LINE('',#9934,#9935);
#9934 = CARTESIAN_POINT('',(1.2E+03,-300.));
#9935 = VECTOR('',#9936,1.);
#9936 = DIRECTION('',(1.,0.));
#9937 = ( GEOMETRIC_REPRESENTATION_CONTEXT(2) 
PARAMETRIC_REPRESENTATION_CONTEXT() REPRESENTATION_CONTEXT('2D SPACE',''
  ) );
#9938 = PCURVE('',#9777,#9939);
#9939 = DEFINITIONAL_REPRESENTATION('',(#9940),#9944);
#9940 = LINE('',#9941,#9942);
#9941 = CARTESIAN_POINT('',(1.75E+03,0.));
#9942 = VECTOR('',#9943,1.);
#9943 = DIRECTION('',(0.,1.));
#9944 = ( GEOMETRIC_REPRESENTATION_CONTEXT(2) 
PARAMETRIC_REPRESENTATION_CONTEXT() REPRESENTATION_CONTEXT('2D SPACE',''
  ) );
#9945 = ORIENTED_EDGE('',*,*,#9946,.F.);
#9946 = EDGE_CURVE('',#9947,#9924,#9949,.T.);
#9947 = VERTEX_POINT('',#9948);
#9948 = CARTESIAN_POINT('',(2.215E+04,1.2E+03,455.));
#9949 = SURFACE_CURVE('',#9950,(#9954,#9961),.PCURVE_S1.);
#9950 = LINE('',#9951,#9952);
#9951 = CARTESIAN_POINT('',(2.215E+04,1.2E+03,455.));
#9952 = VECTOR('',#9953,1.);
#9953 = DIRECTION('',(0.,0.,1.));
#9954 = PCURVE('',#9886,#9955);
#9955 = DEFINITIONAL_REPRESENTATION('',(#9956),#9960);
#9956 = LINE('',#9957,#9958);
#9957 = CARTESIAN_POINT('',(2.4E+03,0.));
#9958 = VECTOR('',#9959,1.);
#9959 = DIRECTION('',(0.,-1.));
#9960 = ( GEOMETRIC_REPRESENTATION_CONTEXT(2) 
PARAMETRIC_REPRESENTATION_CONTEXT() REPRESENTATION_CONTEXT('2D SPACE',''
  ) );
#9961 = PCURVE('',#9805,#9962);
#9962 = DEFINITIONAL_REPRESENTATION('',(#9963),#9967);
#9963 = LINE('',#9964,#9965);
#9964 = CARTESIAN_POINT('',(3.5E+03,0.));
#9965 = VECTOR('',#9966,1.);
#9966 = DIRECTION('',(0.,-1.));
#9967 = ( GEOMETRIC_REPRESENTATION_CONTEXT(2) 
PARAMETRIC_REPRESENTATION_CONTEXT() REPRESENTATION_CONTEXT('2D SPACE',''
  ) );
#9968 = ORIENTED_EDGE('',*,*,#9969,.F.);
#9969 = EDGE_CURVE('',#9871,#9947,#9970,.T.);
#9970 = SURFACE_CURVE('',#9971,(#9975,#9982),.PCURVE_S1.);
#9971 = LINE('',#9972,#9973);
#9972 = CARTESIAN_POINT('',(2.215E+04,0.,455.));
#9973 = VECTOR('',#9974,1.);
#9974 = DIRECTION('',(0.,1.,0.));
#9975 = PCURVE('',#9886,#9976);
#9976 = DEFINITIONAL_REPRESENTATION('',(#9977),#9981);
#9977 = LINE('',#9978,#9979);
#9978 = CARTESIAN_POINT('',(1.2E+03,0.));
#9979 = VECTOR('',#9980,1.);
#9980 = DIRECTION('',(1.,0.));
#9981 = ( GEOMETRIC_REPRESENTATION_CONTEXT(2) 
PARAMETRIC_REPRESENTATION_CONTEXT() REPRESENTATION_CONTEXT('2D SPACE',''
  ) );
#9982 = PCURVE('',#9831,#9983);
#9983 = DEFINITIONAL_REPRESENTATION('',(#9984),#9988);
#9984 = LINE('',#9985,#9986);
#9985 = CARTESIAN_POINT('',(1.75E+03,0.));
#9986 = VECTOR('',#9987,1.);
#9987 = DIRECTION('',(0.,1.));
#9988 = ( GEOMETRIC_REPRESENTATION_CONTEXT(2) 
PARAMETRIC_REPRESENTATION_CONTEXT() REPRESENTATION_CONTEXT('2D SPACE',''
  ) );
#9989 = ADVANCED_FACE('',(#9990),#9805,.T.);
#9990 = FACE_BOUND('',#9991,.T.);
#9991 = EDGE_LOOP('',(#9992,#9993,#10014,#10015));
#9992 = ORIENTED_EDGE('',*,*,#9789,.T.);
#9993 = ORIENTED_EDGE('',*,*,#9994,.T.);
#9994 = EDGE_CURVE('',#9762,#9924,#9995,.T.);
#9995 = SURFACE_CURVE('',#9996,(#10000,#10007),.PCURVE_S1.);
#9996 = LINE('',#9997,#9998);
#9997 = CARTESIAN_POINT('',(2.04E+04,1.2E+03,755.));
#9998 = VECTOR('',#9999,1.);
#9999 = DIRECTION('',(1.,0.,0.));
#10000 = PCURVE('',#9805,#10001);
#10001 = DEFINITIONAL_REPRESENTATION('',(#10002),#10006);
#10002 = LINE('',#10003,#10004);
#10003 = CARTESIAN_POINT('',(1.75E+03,-300.));
#10004 = VECTOR('',#10005,1.);
#10005 = DIRECTION('',(1.,0.));
#10006 = ( GEOMETRIC_REPRESENTATION_CONTEXT(2) 
PARAMETRIC_REPRESENTATION_CONTEXT() REPRESENTATION_CONTEXT('2D SPACE',''
  ) );
#10007 = PCURVE('',#9777,#10008);
#10008 = DEFINITIONAL_REPRESENTATION('',(#10009),#10013);
#10009 = LINE('',#10010,#10011);
#10010 = CARTESIAN_POINT('',(0.,1.2E+03));
#10011 = VECTOR('',#10012,1.);
#10012 = DIRECTION('',(1.,0.));
#10013 = ( GEOMETRIC_REPRESENTATION_CONTEXT(2) 
PARAMETRIC_REPRESENTATION_CONTEXT() REPRESENTATION_CONTEXT('2D SPACE',''
  ) );
#10014 = ORIENTED_EDGE('',*,*,#9946,.F.);
#10015 = ORIENTED_EDGE('',*,*,#10016,.F.);
#10016 = EDGE_CURVE('',#9790,#9947,#10017,.T.);
#10017 = SURFACE_CURVE('',#10018,(#10022,#10029),.PCURVE_S1.);
#10018 = LINE('',#10019,#10020);
#10019 = CARTESIAN_POINT('',(2.04E+04,1.2E+03,455.));
#10020 = VECTOR('',#10021,1.);
#10021 = DIRECTION('',(1.,0.,0.));
#10022 = PCURVE('',#9805,#10023);
#10023 = DEFINITIONAL_REPRESENTATION('',(#10024),#10028);
#10024 = LINE('',#10025,#10026);
#10025 = CARTESIAN_POINT('',(1.75E+03,0.));
#10026 = VECTOR('',#10027,1.);
#10027 = DIRECTION('',(1.,0.));
#10028 = ( GEOMETRIC_REPRESENTATION_CONTEXT(2) 
PARAMETRIC_REPRESENTATION_CONTEXT() REPRESENTATION_CONTEXT('2D SPACE',''
  ) );
#10029 = PCURVE('',#9831,#10030);
#10030 = DEFINITIONAL_REPRESENTATION('',(#10031),#10035);
#10031 = LINE('',#10032,#10033);
#10032 = CARTESIAN_POINT('',(0.,1.2E+03));
#10033 = VECTOR('',#10034,1.);
#10034 = DIRECTION('',(1.,0.));
#10035 = ( GEOMETRIC_REPRESENTATION_CONTEXT(2) 
PARAMETRIC_REPRESENTATION_CONTEXT() REPRESENTATION_CONTEXT('2D SPACE',''
  ) );
#10036 = ADVANCED_FACE('',(#10037),#9831,.F.);
#10037 = FACE_BOUND('',#10038,.F.);
#10038 = EDGE_LOOP('',(#10039,#10040,#10041,#10042));
#10039 = ORIENTED_EDGE('',*,*,#9817,.F.);
#10040 = ORIENTED_EDGE('',*,*,#9898,.T.);
#10041 = ORIENTED_EDGE('',*,*,#9969,.T.);
#10042 = ORIENTED_EDGE('',*,*,#10016,.F.);
#10043 = ADVANCED_FACE('',(#10044),#9777,.T.);
#10044 = FACE_BOUND('',#10045,.T.);
#10045 = EDGE_LOOP('',(#10046,#10047,#10048,#10049));
#10046 = ORIENTED_EDGE('',*,*,#9761,.F.);
#10047 = ORIENTED_EDGE('',*,*,#9847,.T.);
#10048 = ORIENTED_EDGE('',*,*,#9923,.T.);
#10049 = ORIENTED_EDGE('',*,*,#9994,.F.);
#10050 = ( GEOMETRIC_REPRESENTATION_CONTEXT(3) 
GLOBAL_UNCERTAINTY_ASSIGNED_CONTEXT((#10054)) 
GLOBAL_UNIT_ASSIGNED_CONTEXT((#10051,#10052,#10053)) 
REPRESENTATION_CONTEXT('Context #1',
  '3D Context with UNIT and UNCERTAINTY') );
#10051 = ( LENGTH_UNIT() NAMED_UNIT(*) SI_UNIT(.MILLI.,.METRE.) );
#10052 = ( NAMED_UNIT(*) PLANE_ANGLE_UNIT() SI_UNIT($,.RADIAN.) );
#10053 = ( NAMED_UNIT(*) SI_UNIT($,.STERADIAN.) SOLID_ANGLE_UNIT() );
#10054 = UNCERTAINTY_MEASURE_WITH_UNIT(LENGTH_MEASURE(1.E-07),#10051,
  'distance_accuracy_value','confusion accuracy');
#10055 = CONTEXT_DEPENDENT_SHAPE_REPRESENTATION(#10056,#10058);
#10056 = ( REPRESENTATION_RELATIONSHIP('','',#9719,#9696) 
REPRESENTATION_RELATIONSHIP_WITH_TRANSFORMATION(#10057) 
SHAPE_REPRESENTATION_RELATIONSHIP() );
#10057 = ITEM_DEFINED_TRANSFORMATION('','',#11,#9697);
#10058 = PRODUCT_DEFINITION_SHAPE('Placement','Placement of an item',
  #10059);
#10059 = NEXT_ASSEMBLY_USAGE_OCCURRENCE('1171','=>[0:1:1:67]','',#9691,
  #9714,$);
#10060 = PRODUCT_RELATED_PRODUCT_CATEGORY('part',$,(#9716));
#10061 = SHAPE_DEFINITION_REPRESENTATION(#10062,#10068);
#10062 = PRODUCT_DEFINITION_SHAPE('','',#10063);
#10063 = PRODUCT_DEFINITION('design','',#10064,#10067);
#10064 = PRODUCT_DEFINITION_FORMATION('','',#10065);
#10065 = PRODUCT('ASSEMBLY','ASSEMBLY','',(#10066));
#10066 = PRODUCT_CONTEXT('',#2,'mechanical');
#10067 = PRODUCT_DEFINITION_CONTEXT('part definition',#2,'design');
#10068 = SHAPE_REPRESENTATION('',(#11,#10069),#10073);
#10069 = AXIS2_PLACEMENT_3D('',#10070,#10071,#10072);
#10070 = CARTESIAN_POINT('',(0.,0.,0.));
#10071 = DIRECTION('',(0.,0.,1.));
#10072 = DIRECTION('',(1.,0.,-0.));
#10073 = ( GEOMETRIC_REPRESENTATION_CONTEXT(3) 
GLOBAL_UNCERTAINTY_ASSIGNED_CONTEXT((#10077)) 
GLOBAL_UNIT_ASSIGNED_CONTEXT((#10074,#10075,#10076)) 
REPRESENTATION_CONTEXT('Context #1',
  '3D Context with UNIT and UNCERTAINTY') );
#10074 = ( LENGTH_UNIT() NAMED_UNIT(*) SI_UNIT(.MILLI.,.METRE.) );
#10075 = ( NAMED_UNIT(*) PLANE_ANGLE_UNIT() SI_UNIT($,.RADIAN.) );
#10076 = ( NAMED_UNIT(*) SI_UNIT($,.STERADIAN.) SOLID_ANGLE_UNIT() );
#10077 = UNCERTAINTY_MEASURE_WITH_UNIT(LENGTH_MEASURE(1.E-07),#10074,
  'distance_accuracy_value','confusion accuracy');
#10078 = CONTEXT_DEPENDENT_SHAPE_REPRESENTATION(#10079,#10081);
#10079 = ( REPRESENTATION_RELATIONSHIP('','',#10068,#9657) 
REPRESENTATION_RELATIONSHIP_WITH_TRANSFORMATION(#10080) 
SHAPE_REPRESENTATION_RELATIONSHIP() );
#10080 = ITEM_DEFINED_TRANSFORMATION('','',#11,#9662);
#10081 = PRODUCT_DEFINITION_SHAPE('Placement','Placement of an item',
  #10082);
#10082 = NEXT_ASSEMBLY_USAGE_OCCURRENCE('1174','=>[0:1:1:68]','',#9652,
  #10063,$);
#10083 = PRODUCT_RELATED_PRODUCT_CATEGORY('part',$,(#10065));
#10084 = SHAPE_DEFINITION_REPRESENTATION(#10085,#10091);
#10085 = PRODUCT_DEFINITION_SHAPE('','',#10086);
#10086 = PRODUCT_DEFINITION('design','',#10087,#10090);
#10087 = PRODUCT_DEFINITION_FORMATION('','',#10088);
#10088 = PRODUCT('SOLID','SOLID','',(#10089));
#10089 = PRODUCT_CONTEXT('',#2,'mechanical');
#10090 = PRODUCT_DEFINITION_CONTEXT('part definition',#2,'design');
#10091 = ADVANCED_BREP_SHAPE_REPRESENTATION('',(#11,#10092),#10190);
#10092 = MANIFOLD_SOLID_BREP('',#10093);
#10093 = CLOSED_SHELL('',(#10094,#10182,#10186));
#10094 = ADVANCED_FACE('',(#10095),#10109,.T.);
#10095 = FACE_BOUND('',#10096,.F.);
#10096 = EDGE_LOOP('',(#10097,#10127,#10154,#10155));
#10097 = ORIENTED_EDGE('',*,*,#10098,.T.);
#10098 = EDGE_CURVE('',#10099,#10101,#10103,.T.);
#10099 = VERTEX_POINT('',#10100);
#10100 = CARTESIAN_POINT('',(1.935E+04,-717.5,0.));
#10101 = VERTEX_POINT('',#10102);
#10102 = CARTESIAN_POINT('',(1.947E+04,-717.5,0.));
#10103 = SEAM_CURVE('',#10104,(#10108,#10120),.PCURVE_S1.);
#10104 = LINE('',#10105,#10106);
#10105 = CARTESIAN_POINT('',(1.935E+04,-717.5,0.));
#10106 = VECTOR('',#10107,1.);
#10107 = DIRECTION('',(1.,0.,1.110223024625E-16));
#10108 = PCURVE('',#10109,#10114);
#10109 = CYLINDRICAL_SURFACE('',#10110,405.);
#10110 = AXIS2_PLACEMENT_3D('',#10111,#10112,#10113);
#10111 = CARTESIAN_POINT('',(1.935E+04,-717.5,405.));
#10112 = DIRECTION('',(-1.,-0.,-1.110223024625E-16));
#10113 = DIRECTION('',(1.110223024625E-16,0.,-1.));
#10114 = DEFINITIONAL_REPRESENTATION('',(#10115),#10119);
#10115 = LINE('',#10116,#10117);
#10116 = CARTESIAN_POINT('',(-0.,0.));
#10117 = VECTOR('',#10118,1.);
#10118 = DIRECTION('',(-0.,-1.));
#10119 = ( GEOMETRIC_REPRESENTATION_CONTEXT(2) 
PARAMETRIC_REPRESENTATION_CONTEXT() REPRESENTATION_CONTEXT('2D SPACE',''
  ) );
#10120 = PCURVE('',#10109,#10121);
#10121 = DEFINITIONAL_REPRESENTATION('',(#10122),#10126);
#10122 = LINE('',#10123,#10124);
#10123 = CARTESIAN_POINT('',(-6.28318530718,0.));
#10124 = VECTOR('',#10125,1.);
#10125 = DIRECTION('',(-0.,-1.));
#10126 = ( GEOMETRIC_REPRESENTATION_CONTEXT(2) 
PARAMETRIC_REPRESENTATION_CONTEXT() REPRESENTATION_CONTEXT('2D SPACE',''
  ) );
#10127 = ORIENTED_EDGE('',*,*,#10128,.T.);
#10128 = EDGE_CURVE('',#10101,#10101,#10129,.T.);
#10129 = SURFACE_CURVE('',#10130,(#10135,#10142),.PCURVE_S1.);
#10130 = CIRCLE('',#10131,405.);
#10131 = AXIS2_PLACEMENT_3D('',#10132,#10133,#10134);
#10132 = CARTESIAN_POINT('',(1.947E+04,-717.5,405.));
#10133 = DIRECTION('',(1.,-0.,1.110223024625E-16));
#10134 = DIRECTION('',(1.110223024625E-16,0.,-1.));
#10135 = PCURVE('',#10109,#10136);
#10136 = DEFINITIONAL_REPRESENTATION('',(#10137),#10141);
#10137 = LINE('',#10138,#10139);
#10138 = CARTESIAN_POINT('',(-0.,-120.));
#10139 = VECTOR('',#10140,1.);
#10140 = DIRECTION('',(-1.,0.));
#10141 = ( GEOMETRIC_REPRESENTATION_CONTEXT(2) 
PARAMETRIC_REPRESENTATION_CONTEXT() REPRESENTATION_CONTEXT('2D SPACE',''
  ) );
#10142 = PCURVE('',#10143,#10148);
#10143 = PLANE('',#10144);
#10144 = AXIS2_PLACEMENT_3D('',#10145,#10146,#10147);
#10145 = CARTESIAN_POINT('',(1.947E+04,-717.5,405.));
#10146 = DIRECTION('',(1.,0.,1.110223024625E-16));
#10147 = DIRECTION('',(1.110223024625E-16,0.,-1.));
#10148 = DEFINITIONAL_REPRESENTATION('',(#10149),#10153);
#10149 = CIRCLE('',#10150,405.);
#10150 = AXIS2_PLACEMENT_2D('',#10151,#10152);
#10151 = CARTESIAN_POINT('',(5.684341886081E-14,0.));
#10152 = DIRECTION('',(1.,0.));
#10153 = ( GEOMETRIC_REPRESENTATION_CONTEXT(2) 
PARAMETRIC_REPRESENTATION_CONTEXT() REPRESENTATION_CONTEXT('2D SPACE',''
  ) );
#10154 = ORIENTED_EDGE('',*,*,#10098,.F.);
#10155 = ORIENTED_EDGE('',*,*,#10156,.F.);
#10156 = EDGE_CURVE('',#10099,#10099,#10157,.T.);
#10157 = SURFACE_CURVE('',#10158,(#10163,#10170),.PCURVE_S1.);
#10158 = CIRCLE('',#10159,405.);
#10159 = AXIS2_PLACEMENT_3D('',#10160,#10161,#10162);
#10160 = CARTESIAN_POINT('',(1.935E+04,-717.5,405.));
#10161 = DIRECTION('',(1.,-0.,1.110223024625E-16));
#10162 = DIRECTION('',(1.110223024625E-16,0.,-1.));
#10163 = PCURVE('',#10109,#10164);
#10164 = DEFINITIONAL_REPRESENTATION('',(#10165),#10169);
#10165 = LINE('',#10166,#10167);
#10166 = CARTESIAN_POINT('',(-0.,0.));
#10167 = VECTOR('',#10168,1.);
#10168 = DIRECTION('',(-1.,0.));
#10169 = ( GEOMETRIC_REPRESENTATION_CONTEXT(2) 
PARAMETRIC_REPRESENTATION_CONTEXT() REPRESENTATION_CONTEXT('2D SPACE',''
  ) );
#10170 = PCURVE('',#10171,#10176);
#10171 = PLANE('',#10172);
#10172 = AXIS2_PLACEMENT_3D('',#10173,#10174,#10175);
#10173 = CARTESIAN_POINT('',(1.935E+04,-717.5,405.));
#10174 = DIRECTION('',(1.,0.,1.110223024625E-16));
#10175 = DIRECTION('',(1.110223024625E-16,0.,-1.));
#10176 = DEFINITIONAL_REPRESENTATION('',(#10177),#10181);
#10177 = CIRCLE('',#10178,405.);
#10178 = AXIS2_PLACEMENT_2D('',#10179,#10180);
#10179 = CARTESIAN_POINT('',(0.,0.));
#10180 = DIRECTION('',(1.,0.));
#10181 = ( GEOMETRIC_REPRESENTATION_CONTEXT(2) 
PARAMETRIC_REPRESENTATION_CONTEXT() REPRESENTATION_CONTEXT('2D SPACE',''
  ) );
#10182 = ADVANCED_FACE('',(#10183),#10171,.F.);
#10183 = FACE_BOUND('',#10184,.F.);
#10184 = EDGE_LOOP('',(#10185));
#10185 = ORIENTED_EDGE('',*,*,#10156,.T.);
#10186 = ADVANCED_FACE('',(#10187),#10143,.T.);
#10187 = FACE_BOUND('',#10188,.T.);
#10188 = EDGE_LOOP('',(#10189));
#10189 = ORIENTED_EDGE('',*,*,#10128,.T.);
#10190 = ( GEOMETRIC_REPRESENTATION_CONTEXT(3) 
GLOBAL_UNCERTAINTY_ASSIGNED_CONTEXT((#10194)) 
GLOBAL_UNIT_ASSIGNED_CONTEXT((#10191,#10192,#10193)) 
REPRESENTATION_CONTEXT('Context #1',
  '3D Context with UNIT and UNCERTAINTY') );
#10191 = ( LENGTH_UNIT() NAMED_UNIT(*) SI_UNIT(.MILLI.,.METRE.) );
#10192 = ( NAMED_UNIT(*) PLANE_ANGLE_UNIT() SI_UNIT($,.RADIAN.) );
#10193 = ( NAMED_UNIT(*) SI_UNIT($,.STERADIAN.) SOLID_ANGLE_UNIT() );
#10194 = UNCERTAINTY_MEASURE_WITH_UNIT(LENGTH_MEASURE(1.E-07),#10191,
  'distance_accuracy_value','confusion accuracy');
#10195 = CONTEXT_DEPENDENT_SHAPE_REPRESENTATION(#10196,#10198);
#10196 = ( REPRESENTATION_RELATIONSHIP('','',#10091,#10068) 
REPRESENTATION_RELATIONSHIP_WITH_TRANSFORMATION(#10197) 
SHAPE_REPRESENTATION_RELATIONSHIP() );
#10197 = ITEM_DEFINED_TRANSFORMATION('','',#11,#10069);
#10198 = PRODUCT_DEFINITION_SHAPE('Placement','Placement of an item',
  #10199);
#10199 = NEXT_ASSEMBLY_USAGE_OCCURRENCE('1173','=>[0:1:1:69]','',#10063,
  #10086,$);
#10200 = PRODUCT_RELATED_PRODUCT_CATEGORY('part',$,(#10088));
#10201 = SHAPE_DEFINITION_REPRESENTATION(#10202,#10208);
#10202 = PRODUCT_DEFINITION_SHAPE('','',#10203);
#10203 = PRODUCT_DEFINITION('design','',#10204,#10207);
#10204 = PRODUCT_DEFINITION_FORMATION('','',#10205);
#10205 = PRODUCT('ASSEMBLY','ASSEMBLY','',(#10206));
#10206 = PRODUCT_CONTEXT('',#2,'mechanical');
#10207 = PRODUCT_DEFINITION_CONTEXT('part definition',#2,'design');
#10208 = SHAPE_REPRESENTATION('',(#11,#10209),#10213);
#10209 = AXIS2_PLACEMENT_3D('',#10210,#10211,#10212);
#10210 = CARTESIAN_POINT('',(0.,0.,0.));
#10211 = DIRECTION('',(0.,0.,1.));
#10212 = DIRECTION('',(1.,0.,-0.));
#10213 = ( GEOMETRIC_REPRESENTATION_CONTEXT(3) 
GLOBAL_UNCERTAINTY_ASSIGNED_CONTEXT((#10217)) 
GLOBAL_UNIT_ASSIGNED_CONTEXT((#10214,#10215,#10216)) 
REPRESENTATION_CONTEXT('Context #1',
  '3D Context with UNIT and UNCERTAINTY') );
#10214 = ( LENGTH_UNIT() NAMED_UNIT(*) SI_UNIT(.MILLI.,.METRE.) );
#10215 = ( NAMED_UNIT(*) PLANE_ANGLE_UNIT() SI_UNIT($,.RADIAN.) );
#10216 = ( NAMED_UNIT(*) SI_UNIT($,.STERADIAN.) SOLID_ANGLE_UNIT() );
#10217 = UNCERTAINTY_MEASURE_WITH_UNIT(LENGTH_MEASURE(1.E-07),#10214,
  'distance_accuracy_value','confusion accuracy');
#10218 = CONTEXT_DEPENDENT_SHAPE_REPRESENTATION(#10219,#10221);
#10219 = ( REPRESENTATION_RELATIONSHIP('','',#10208,#9657) 
REPRESENTATION_RELATIONSHIP_WITH_TRANSFORMATION(#10220) 
SHAPE_REPRESENTATION_RELATIONSHIP() );
#10220 = ITEM_DEFINED_TRANSFORMATION('','',#11,#9666);
#10221 = PRODUCT_DEFINITION_SHAPE('Placement','Placement of an item',
  #10222);
#10222 = NEXT_ASSEMBLY_USAGE_OCCURRENCE('1176','=>[0:1:1:70]','',#9652,
  #10203,$);
#10223 = PRODUCT_RELATED_PRODUCT_CATEGORY('part',$,(#10205));
#10224 = SHAPE_DEFINITION_REPRESENTATION(#10225,#10231);
#10225 = PRODUCT_DEFINITION_SHAPE('','',#10226);
#10226 = PRODUCT_DEFINITION('design','',#10227,#10230);
#10227 = PRODUCT_DEFINITION_FORMATION('','',#10228);
#10228 = PRODUCT('SOLID','SOLID','',(#10229));
#10229 = PRODUCT_CONTEXT('',#2,'mechanical');
#10230 = PRODUCT_DEFINITION_CONTEXT('part definition',#2,'design');
#10231 = ADVANCED_BREP_SHAPE_REPRESENTATION('',(#11,#10232),#10330);
#10232 = MANIFOLD_SOLID_BREP('',#10233);
#10233 = CLOSED_SHELL('',(#10234,#10322,#10326));
#10234 = ADVANCED_FACE('',(#10235),#10249,.T.);
#10235 = FACE_BOUND('',#10236,.F.);
#10236 = EDGE_LOOP('',(#10237,#10267,#10294,#10295));
#10237 = ORIENTED_EDGE('',*,*,#10238,.T.);
#10238 = EDGE_CURVE('',#10239,#10241,#10243,.T.);
#10239 = VERTEX_POINT('',#10240);
#10240 = CARTESIAN_POINT('',(1.935E+04,717.5,0.));
#10241 = VERTEX_POINT('',#10242);
#10242 = CARTESIAN_POINT('',(1.947E+04,717.5,0.));
#10243 = SEAM_CURVE('',#10244,(#10248,#10260),.PCURVE_S1.);
#10244 = LINE('',#10245,#10246);
#10245 = CARTESIAN_POINT('',(1.935E+04,717.5,0.));
#10246 = VECTOR('',#10247,1.);
#10247 = DIRECTION('',(1.,0.,1.110223024625E-16));
#10248 = PCURVE('',#10249,#10254);
#10249 = CYLINDRICAL_SURFACE('',#10250,405.);
#10250 = AXIS2_PLACEMENT_3D('',#10251,#10252,#10253);
#10251 = CARTESIAN_POINT('',(1.935E+04,717.5,405.));
#10252 = DIRECTION('',(-1.,-0.,-1.110223024625E-16));
#10253 = DIRECTION('',(1.110223024625E-16,0.,-1.));
#10254 = DEFINITIONAL_REPRESENTATION('',(#10255),#10259);
#10255 = LINE('',#10256,#10257);
#10256 = CARTESIAN_POINT('',(-0.,0.));
#10257 = VECTOR('',#10258,1.);
#10258 = DIRECTION('',(-0.,-1.));
#10259 = ( GEOMETRIC_REPRESENTATION_CONTEXT(2) 
PARAMETRIC_REPRESENTATION_CONTEXT() REPRESENTATION_CONTEXT('2D SPACE',''
  ) );
#10260 = PCURVE('',#10249,#10261);
#10261 = DEFINITIONAL_REPRESENTATION('',(#10262),#10266);
#10262 = LINE('',#10263,#10264);
#10263 = CARTESIAN_POINT('',(-6.28318530718,0.));
#10264 = VECTOR('',#10265,1.);
#10265 = DIRECTION('',(-0.,-1.));
#10266 = ( GEOMETRIC_REPRESENTATION_CONTEXT(2) 
PARAMETRIC_REPRESENTATION_CONTEXT() REPRESENTATION_CONTEXT('2D SPACE',''
  ) );
#10267 = ORIENTED_EDGE('',*,*,#10268,.T.);
#10268 = EDGE_CURVE('',#10241,#10241,#10269,.T.);
#10269 = SURFACE_CURVE('',#10270,(#10275,#10282),.PCURVE_S1.);
#10270 = CIRCLE('',#10271,405.);
#10271 = AXIS2_PLACEMENT_3D('',#10272,#10273,#10274);
#10272 = CARTESIAN_POINT('',(1.947E+04,717.5,405.));
#10273 = DIRECTION('',(1.,-0.,1.110223024625E-16));
#10274 = DIRECTION('',(1.110223024625E-16,0.,-1.));
#10275 = PCURVE('',#10249,#10276);
#10276 = DEFINITIONAL_REPRESENTATION('',(#10277),#10281);
#10277 = LINE('',#10278,#10279);
#10278 = CARTESIAN_POINT('',(-0.,-120.));
#10279 = VECTOR('',#10280,1.);
#10280 = DIRECTION('',(-1.,0.));
#10281 = ( GEOMETRIC_REPRESENTATION_CONTEXT(2) 
PARAMETRIC_REPRESENTATION_CONTEXT() REPRESENTATION_CONTEXT('2D SPACE',''
  ) );
#10282 = PCURVE('',#10283,#10288);
#10283 = PLANE('',#10284);
#10284 = AXIS2_PLACEMENT_3D('',#10285,#10286,#10287);
#10285 = CARTESIAN_POINT('',(1.947E+04,717.5,405.));
#10286 = DIRECTION('',(1.,0.,1.110223024625E-16));
#10287 = DIRECTION('',(1.110223024625E-16,0.,-1.));
#10288 = DEFINITIONAL_REPRESENTATION('',(#10289),#10293);
#10289 = CIRCLE('',#10290,405.);
#10290 = AXIS2_PLACEMENT_2D('',#10291,#10292);
#10291 = CARTESIAN_POINT('',(5.684341886081E-14,0.));
#10292 = DIRECTION('',(1.,0.));
#10293 = ( GEOMETRIC_REPRESENTATION_CONTEXT(2) 
PARAMETRIC_REPRESENTATION_CONTEXT() REPRESENTATION_CONTEXT('2D SPACE',''
  ) );
#10294 = ORIENTED_EDGE('',*,*,#10238,.F.);
#10295 = ORIENTED_EDGE('',*,*,#10296,.F.);
#10296 = EDGE_CURVE('',#10239,#10239,#10297,.T.);
#10297 = SURFACE_CURVE('',#10298,(#10303,#10310),.PCURVE_S1.);
#10298 = CIRCLE('',#10299,405.);
#10299 = AXIS2_PLACEMENT_3D('',#10300,#10301,#10302);
#10300 = CARTESIAN_POINT('',(1.935E+04,717.5,405.));
#10301 = DIRECTION('',(1.,-0.,1.110223024625E-16));
#10302 = DIRECTION('',(1.110223024625E-16,0.,-1.));
#10303 = PCURVE('',#10249,#10304);
#10304 = DEFINITIONAL_REPRESENTATION('',(#10305),#10309);
#10305 = LINE('',#10306,#10307);
#10306 = CARTESIAN_POINT('',(-0.,0.));
#10307 = VECTOR('',#10308,1.);
#10308 = DIRECTION('',(-1.,0.));
#10309 = ( GEOMETRIC_REPRESENTATION_CONTEXT(2) 
PARAMETRIC_REPRESENTATION_CONTEXT() REPRESENTATION_CONTEXT('2D SPACE',''
  ) );
#10310 = PCURVE('',#10311,#10316);
#10311 = PLANE('',#10312);
#10312 = AXIS2_PLACEMENT_3D('',#10313,#10314,#10315);
#10313 = CARTESIAN_POINT('',(1.935E+04,717.5,405.));
#10314 = DIRECTION('',(1.,0.,1.110223024625E-16));
#10315 = DIRECTION('',(1.110223024625E-16,0.,-1.));
#10316 = DEFINITIONAL_REPRESENTATION('',(#10317),#10321);
#10317 = CIRCLE('',#10318,405.);
#10318 = AXIS2_PLACEMENT_2D('',#10319,#10320);
#10319 = CARTESIAN_POINT('',(0.,0.));
#10320 = DIRECTION('',(1.,0.));
#10321 = ( GEOMETRIC_REPRESENTATION_CONTEXT(2) 
PARAMETRIC_REPRESENTATION_CONTEXT() REPRESENTATION_CONTEXT('2D SPACE',''
  ) );
#10322 = ADVANCED_FACE('',(#10323),#10311,.F.);
#10323 = FACE_BOUND('',#10324,.F.);
#10324 = EDGE_LOOP('',(#10325));
#10325 = ORIENTED_EDGE('',*,*,#10296,.T.);
#10326 = ADVANCED_FACE('',(#10327),#10283,.T.);
#10327 = FACE_BOUND('',#10328,.T.);
#10328 = EDGE_LOOP('',(#10329));
#10329 = ORIENTED_EDGE('',*,*,#10268,.T.);
#10330 = ( GEOMETRIC_REPRESENTATION_CONTEXT(3) 
GLOBAL_UNCERTAINTY_ASSIGNED_CONTEXT((#10334)) 
GLOBAL_UNIT_ASSIGNED_CONTEXT((#10331,#10332,#10333)) 
REPRESENTATION_CONTEXT('Context #1',
  '3D Context with UNIT and UNCERTAINTY') );
#10331 = ( LENGTH_UNIT() NAMED_UNIT(*) SI_UNIT(.MILLI.,.METRE.) );
#10332 = ( NAMED_UNIT(*) PLANE_ANGLE_UNIT() SI_UNIT($,.RADIAN.) );
#10333 = ( NAMED_UNIT(*) SI_UNIT($,.STERADIAN.) SOLID_ANGLE_UNIT() );
#10334 = UNCERTAINTY_MEASURE_WITH_UNIT(LENGTH_MEASURE(1.E-07),#10331,
  'distance_accuracy_value','confusion accuracy');
#10335 = CONTEXT_DEPENDENT_SHAPE_REPRESENTATION(#10336,#10338);
#10336 = ( REPRESENTATION_RELATIONSHIP('','',#10231,#10208) 
REPRESENTATION_RELATIONSHIP_WITH_TRANSFORMATION(#10337) 
SHAPE_REPRESENTATION_RELATIONSHIP() );
#10337 = ITEM_DEFINED_TRANSFORMATION('','',#11,#10209);
#10338 = PRODUCT_DEFINITION_SHAPE('Placement','Placement of an item',
  #10339);
#10339 = NEXT_ASSEMBLY_USAGE_OCCURRENCE('1175','=>[0:1:1:71]','',#10203,
  #10226,$);
#10340 = PRODUCT_RELATED_PRODUCT_CATEGORY('part',$,(#10228));
#10341 = SHAPE_DEFINITION_REPRESENTATION(#10342,#10348);
#10342 = PRODUCT_DEFINITION_SHAPE('','',#10343);
#10343 = PRODUCT_DEFINITION('design','',#10344,#10347);
#10344 = PRODUCT_DEFINITION_FORMATION('','',#10345);
#10345 = PRODUCT('ASSEMBLY','ASSEMBLY','',(#10346));
#10346 = PRODUCT_CONTEXT('',#2,'mechanical');
#10347 = PRODUCT_DEFINITION_CONTEXT('part definition',#2,'design');
#10348 = SHAPE_REPRESENTATION('',(#11,#10349),#10353);
#10349 = AXIS2_PLACEMENT_3D('',#10350,#10351,#10352);
#10350 = CARTESIAN_POINT('',(0.,0.,0.));
#10351 = DIRECTION('',(0.,0.,1.));
#10352 = DIRECTION('',(1.,0.,-0.));
#10353 = ( GEOMETRIC_REPRESENTATION_CONTEXT(3) 
GLOBAL_UNCERTAINTY_ASSIGNED_CONTEXT((#10357)) 
GLOBAL_UNIT_ASSIGNED_CONTEXT((#10354,#10355,#10356)) 
REPRESENTATION_CONTEXT('Context #1',
  '3D Context with UNIT and UNCERTAINTY') );
#10354 = ( LENGTH_UNIT() NAMED_UNIT(*) SI_UNIT(.MILLI.,.METRE.) );
#10355 = ( NAMED_UNIT(*) PLANE_ANGLE_UNIT() SI_UNIT($,.RADIAN.) );
#10356 = ( NAMED_UNIT(*) SI_UNIT($,.STERADIAN.) SOLID_ANGLE_UNIT() );
#10357 = UNCERTAINTY_MEASURE_WITH_UNIT(LENGTH_MEASURE(1.E-07),#10354,
  'distance_accuracy_value','confusion accuracy');
#10358 = CONTEXT_DEPENDENT_SHAPE_REPRESENTATION(#10359,#10361);
#10359 = ( REPRESENTATION_RELATIONSHIP('','',#10348,#9657) 
REPRESENTATION_RELATIONSHIP_WITH_TRANSFORMATION(#10360) 
SHAPE_REPRESENTATION_RELATIONSHIP() );
#10360 = ITEM_DEFINED_TRANSFORMATION('','',#11,#9670);
#10361 = PRODUCT_DEFINITION_SHAPE('Placement','Placement of an item',
  #10362);
#10362 = NEXT_ASSEMBLY_USAGE_OCCURRENCE('1178','=>[0:1:1:72]','',#9652,
  #10343,$);
#10363 = PRODUCT_RELATED_PRODUCT_CATEGORY('part',$,(#10345));
#10364 = SHAPE_DEFINITION_REPRESENTATION(#10365,#10371);
#10365 = PRODUCT_DEFINITION_SHAPE('','',#10366);
#10366 = PRODUCT_DEFINITION('design','',#10367,#10370);
#10367 = PRODUCT_DEFINITION_FORMATION('','',#10368);
#10368 = PRODUCT('SOLID','SOLID','',(#10369));
#10369 = PRODUCT_CONTEXT('',#2,'mechanical');
#10370 = PRODUCT_DEFINITION_CONTEXT('part definition',#2,'design');
#10371 = ADVANCED_BREP_SHAPE_REPRESENTATION('',(#11,#10372),#10470);
#10372 = MANIFOLD_SOLID_BREP('',#10373);
#10373 = CLOSED_SHELL('',(#10374,#10462,#10466));
#10374 = ADVANCED_FACE('',(#10375),#10389,.T.);
#10375 = FACE_BOUND('',#10376,.F.);
#10376 = EDGE_LOOP('',(#10377,#10407,#10434,#10435));
#10377 = ORIENTED_EDGE('',*,*,#10378,.T.);
#10378 = EDGE_CURVE('',#10379,#10381,#10383,.T.);
#10379 = VERTEX_POINT('',#10380);
#10380 = CARTESIAN_POINT('',(2.145E+04,-717.5,0.));
#10381 = VERTEX_POINT('',#10382);
#10382 = CARTESIAN_POINT('',(2.157E+04,-717.5,0.));
#10383 = SEAM_CURVE('',#10384,(#10388,#10400),.PCURVE_S1.);
#10384 = LINE('',#10385,#10386);
#10385 = CARTESIAN_POINT('',(2.145E+04,-717.5,0.));
#10386 = VECTOR('',#10387,1.);
#10387 = DIRECTION('',(1.,0.,1.110223024625E-16));
#10388 = PCURVE('',#10389,#10394);
#10389 = CYLINDRICAL_SURFACE('',#10390,405.);
#10390 = AXIS2_PLACEMENT_3D('',#10391,#10392,#10393);
#10391 = CARTESIAN_POINT('',(2.145E+04,-717.5,405.));
#10392 = DIRECTION('',(-1.,-0.,-1.110223024625E-16));
#10393 = DIRECTION('',(1.110223024625E-16,0.,-1.));
#10394 = DEFINITIONAL_REPRESENTATION('',(#10395),#10399);
#10395 = LINE('',#10396,#10397);
#10396 = CARTESIAN_POINT('',(-0.,0.));
#10397 = VECTOR('',#10398,1.);
#10398 = DIRECTION('',(-0.,-1.));
#10399 = ( GEOMETRIC_REPRESENTATION_CONTEXT(2) 
PARAMETRIC_REPRESENTATION_CONTEXT() REPRESENTATION_CONTEXT('2D SPACE',''
  ) );
#10400 = PCURVE('',#10389,#10401);
#10401 = DEFINITIONAL_REPRESENTATION('',(#10402),#10406);
#10402 = LINE('',#10403,#10404);
#10403 = CARTESIAN_POINT('',(-6.28318530718,0.));
#10404 = VECTOR('',#10405,1.);
#10405 = DIRECTION('',(-0.,-1.));
#10406 = ( GEOMETRIC_REPRESENTATION_CONTEXT(2) 
PARAMETRIC_REPRESENTATION_CONTEXT() REPRESENTATION_CONTEXT('2D SPACE',''
  ) );
#10407 = ORIENTED_EDGE('',*,*,#10408,.T.);
#10408 = EDGE_CURVE('',#10381,#10381,#10409,.T.);
#10409 = SURFACE_CURVE('',#10410,(#10415,#10422),.PCURVE_S1.);
#10410 = CIRCLE('',#10411,405.);
#10411 = AXIS2_PLACEMENT_3D('',#10412,#10413,#10414);
#10412 = CARTESIAN_POINT('',(2.157E+04,-717.5,405.));
#10413 = DIRECTION('',(1.,-0.,1.110223024625E-16));
#10414 = DIRECTION('',(1.110223024625E-16,0.,-1.));
#10415 = PCURVE('',#10389,#10416);
#10416 = DEFINITIONAL_REPRESENTATION('',(#10417),#10421);
#10417 = LINE('',#10418,#10419);
#10418 = CARTESIAN_POINT('',(-0.,-120.));
#10419 = VECTOR('',#10420,1.);
#10420 = DIRECTION('',(-1.,0.));
#10421 = ( GEOMETRIC_REPRESENTATION_CONTEXT(2) 
PARAMETRIC_REPRESENTATION_CONTEXT() REPRESENTATION_CONTEXT('2D SPACE',''
  ) );
#10422 = PCURVE('',#10423,#10428);
#10423 = PLANE('',#10424);
#10424 = AXIS2_PLACEMENT_3D('',#10425,#10426,#10427);
#10425 = CARTESIAN_POINT('',(2.157E+04,-717.5,405.));
#10426 = DIRECTION('',(1.,0.,1.110223024625E-16));
#10427 = DIRECTION('',(1.110223024625E-16,0.,-1.));
#10428 = DEFINITIONAL_REPRESENTATION('',(#10429),#10433);
#10429 = CIRCLE('',#10430,405.);
#10430 = AXIS2_PLACEMENT_2D('',#10431,#10432);
#10431 = CARTESIAN_POINT('',(5.684341886081E-14,0.));
#10432 = DIRECTION('',(1.,0.));
#10433 = ( GEOMETRIC_REPRESENTATION_CONTEXT(2) 
PARAMETRIC_REPRESENTATION_CONTEXT() REPRESENTATION_CONTEXT('2D SPACE',''
  ) );
#10434 = ORIENTED_EDGE('',*,*,#10378,.F.);
#10435 = ORIENTED_EDGE('',*,*,#10436,.F.);
#10436 = EDGE_CURVE('',#10379,#10379,#10437,.T.);
#10437 = SURFACE_CURVE('',#10438,(#10443,#10450),.PCURVE_S1.);
#10438 = CIRCLE('',#10439,405.);
#10439 = AXIS2_PLACEMENT_3D('',#10440,#10441,#10442);
#10440 = CARTESIAN_POINT('',(2.145E+04,-717.5,405.));
#10441 = DIRECTION('',(1.,-0.,1.110223024625E-16));
#10442 = DIRECTION('',(1.110223024625E-16,0.,-1.));
#10443 = PCURVE('',#10389,#10444);
#10444 = DEFINITIONAL_REPRESENTATION('',(#10445),#10449);
#10445 = LINE('',#10446,#10447);
#10446 = CARTESIAN_POINT('',(-0.,0.));
#10447 = VECTOR('',#10448,1.);
#10448 = DIRECTION('',(-1.,0.));
#10449 = ( GEOMETRIC_REPRESENTATION_CONTEXT(2) 
PARAMETRIC_REPRESENTATION_CONTEXT() REPRESENTATION_CONTEXT('2D SPACE',''
  ) );
#10450 = PCURVE('',#10451,#10456);
#10451 = PLANE('',#10452);
#10452 = AXIS2_PLACEMENT_3D('',#10453,#10454,#10455);
#10453 = CARTESIAN_POINT('',(2.145E+04,-717.5,405.));
#10454 = DIRECTION('',(1.,0.,1.110223024625E-16));
#10455 = DIRECTION('',(1.110223024625E-16,0.,-1.));
#10456 = DEFINITIONAL_REPRESENTATION('',(#10457),#10461);
#10457 = CIRCLE('',#10458,405.);
#10458 = AXIS2_PLACEMENT_2D('',#10459,#10460);
#10459 = CARTESIAN_POINT('',(0.,0.));
#10460 = DIRECTION('',(1.,0.));
#10461 = ( GEOMETRIC_REPRESENTATION_CONTEXT(2) 
PARAMETRIC_REPRESENTATION_CONTEXT() REPRESENTATION_CONTEXT('2D SPACE',''
  ) );
#10462 = ADVANCED_FACE('',(#10463),#10451,.F.);
#10463 = FACE_BOUND('',#10464,.F.);
#10464 = EDGE_LOOP('',(#10465));
#10465 = ORIENTED_EDGE('',*,*,#10436,.T.);
#10466 = ADVANCED_FACE('',(#10467),#10423,.T.);
#10467 = FACE_BOUND('',#10468,.T.);
#10468 = EDGE_LOOP('',(#10469));
#10469 = ORIENTED_EDGE('',*,*,#10408,.T.);
#10470 = ( GEOMETRIC_REPRESENTATION_CONTEXT(3) 
GLOBAL_UNCERTAINTY_ASSIGNED_CONTEXT((#10474)) 
GLOBAL_UNIT_ASSIGNED_CONTEXT((#10471,#10472,#10473)) 
REPRESENTATION_CONTEXT('Context #1',
  '3D Context with UNIT and UNCERTAINTY') );
#10471 = ( LENGTH_UNIT() NAMED_UNIT(*) SI_UNIT(.MILLI.,.METRE.) );
#10472 = ( NAMED_UNIT(*) PLANE_ANGLE_UNIT() SI_UNIT($,.RADIAN.) );
#10473 = ( NAMED_UNIT(*) SI_UNIT($,.STERADIAN.) SOLID_ANGLE_UNIT() );
#10474 = UNCERTAINTY_MEASURE_WITH_UNIT(LENGTH_MEASURE(1.E-07),#10471,
  'distance_accuracy_value','confusion accuracy');
#10475 = CONTEXT_DEPENDENT_SHAPE_REPRESENTATION(#10476,#10478);
#10476 = ( REPRESENTATION_RELATIONSHIP('','',#10371,#10348) 
REPRESENTATION_RELATIONSHIP_WITH_TRANSFORMATION(#10477) 
SHAPE_REPRESENTATION_RELATIONSHIP() );
#10477 = ITEM_DEFINED_TRANSFORMATION('','',#11,#10349);
#10478 = PRODUCT_DEFINITION_SHAPE('Placement','Placement of an item',
  #10479);
#10479 = NEXT_ASSEMBLY_USAGE_OCCURRENCE('1177','=>[0:1:1:73]','',#10343,
  #10366,$);
#10480 = PRODUCT_RELATED_PRODUCT_CATEGORY('part',$,(#10368));
#10481 = SHAPE_DEFINITION_REPRESENTATION(#10482,#10488);
#10482 = PRODUCT_DEFINITION_SHAPE('','',#10483);
#10483 = PRODUCT_DEFINITION('design','',#10484,#10487);
#10484 = PRODUCT_DEFINITION_FORMATION('','',#10485);
#10485 = PRODUCT('ASSEMBLY','ASSEMBLY','',(#10486));
#10486 = PRODUCT_CONTEXT('',#2,'mechanical');
#10487 = PRODUCT_DEFINITION_CONTEXT('part definition',#2,'design');
#10488 = SHAPE_REPRESENTATION('',(#11,#10489),#10493);
#10489 = AXIS2_PLACEMENT_3D('',#10490,#10491,#10492);
#10490 = CARTESIAN_POINT('',(0.,0.,0.));
#10491 = DIRECTION('',(0.,0.,1.));
#10492 = DIRECTION('',(1.,0.,-0.));
#10493 = ( GEOMETRIC_REPRESENTATION_CONTEXT(3) 
GLOBAL_UNCERTAINTY_ASSIGNED_CONTEXT((#10497)) 
GLOBAL_UNIT_ASSIGNED_CONTEXT((#10494,#10495,#10496)) 
REPRESENTATION_CONTEXT('Context #1',
  '3D Context with UNIT and UNCERTAINTY') );
#10494 = ( LENGTH_UNIT() NAMED_UNIT(*) SI_UNIT(.MILLI.,.METRE.) );
#10495 = ( NAMED_UNIT(*) PLANE_ANGLE_UNIT() SI_UNIT($,.RADIAN.) );
#10496 = ( NAMED_UNIT(*) SI_UNIT($,.STERADIAN.) SOLID_ANGLE_UNIT() );
#10497 = UNCERTAINTY_MEASURE_WITH_UNIT(LENGTH_MEASURE(1.E-07),#10494,
  'distance_accuracy_value','confusion accuracy');
#10498 = CONTEXT_DEPENDENT_SHAPE_REPRESENTATION(#10499,#10501);
#10499 = ( REPRESENTATION_RELATIONSHIP('','',#10488,#9657) 
REPRESENTATION_RELATIONSHIP_WITH_TRANSFORMATION(#10500) 
SHAPE_REPRESENTATION_RELATIONSHIP() );
#10500 = ITEM_DEFINED_TRANSFORMATION('','',#11,#9674);
#10501 = PRODUCT_DEFINITION_SHAPE('Placement','Placement of an item',
  #10502);
#10502 = NEXT_ASSEMBLY_USAGE_OCCURRENCE('1180','=>[0:1:1:74]','',#9652,
  #10483,$);
#10503 = PRODUCT_RELATED_PRODUCT_CATEGORY('part',$,(#10485));
#10504 = SHAPE_DEFINITION_REPRESENTATION(#10505,#10511);
#10505 = PRODUCT_DEFINITION_SHAPE('','',#10506);
#10506 = PRODUCT_DEFINITION('design','',#10507,#10510);
#10507 = PRODUCT_DEFINITION_FORMATION('','',#10508);
#10508 = PRODUCT('SOLID','SOLID','',(#10509));
#10509 = PRODUCT_CONTEXT('',#2,'mechanical');
#10510 = PRODUCT_DEFINITION_CONTEXT('part definition',#2,'design');
#10511 = ADVANCED_BREP_SHAPE_REPRESENTATION('',(#11,#10512),#10610);
#10512 = MANIFOLD_SOLID_BREP('',#10513);
#10513 = CLOSED_SHELL('',(#10514,#10602,#10606));
#10514 = ADVANCED_FACE('',(#10515),#10529,.T.);
#10515 = FACE_BOUND('',#10516,.F.);
#10516 = EDGE_LOOP('',(#10517,#10547,#10574,#10575));
#10517 = ORIENTED_EDGE('',*,*,#10518,.T.);
#10518 = EDGE_CURVE('',#10519,#10521,#10523,.T.);
#10519 = VERTEX_POINT('',#10520);
#10520 = CARTESIAN_POINT('',(2.145E+04,717.5,0.));
#10521 = VERTEX_POINT('',#10522);
#10522 = CARTESIAN_POINT('',(2.157E+04,717.5,0.));
#10523 = SEAM_CURVE('',#10524,(#10528,#10540),.PCURVE_S1.);
#10524 = LINE('',#10525,#10526);
#10525 = CARTESIAN_POINT('',(2.145E+04,717.5,0.));
#10526 = VECTOR('',#10527,1.);
#10527 = DIRECTION('',(1.,0.,1.110223024625E-16));
#10528 = PCURVE('',#10529,#10534);
#10529 = CYLINDRICAL_SURFACE('',#10530,405.);
#10530 = AXIS2_PLACEMENT_3D('',#10531,#10532,#10533);
#10531 = CARTESIAN_POINT('',(2.145E+04,717.5,405.));
#10532 = DIRECTION('',(-1.,-0.,-1.110223024625E-16));
#10533 = DIRECTION('',(1.110223024625E-16,0.,-1.));
#10534 = DEFINITIONAL_REPRESENTATION('',(#10535),#10539);
#10535 = LINE('',#10536,#10537);
#10536 = CARTESIAN_POINT('',(-0.,0.));
#10537 = VECTOR('',#10538,1.);
#10538 = DIRECTION('',(-0.,-1.));
#10539 = ( GEOMETRIC_REPRESENTATION_CONTEXT(2) 
PARAMETRIC_REPRESENTATION_CONTEXT() REPRESENTATION_CONTEXT('2D SPACE',''
  ) );
#10540 = PCURVE('',#10529,#10541);
#10541 = DEFINITIONAL_REPRESENTATION('',(#10542),#10546);
#10542 = LINE('',#10543,#10544);
#10543 = CARTESIAN_POINT('',(-6.28318530718,0.));
#10544 = VECTOR('',#10545,1.);
#10545 = DIRECTION('',(-0.,-1.));
#10546 = ( GEOMETRIC_REPRESENTATION_CONTEXT(2) 
PARAMETRIC_REPRESENTATION_CONTEXT() REPRESENTATION_CONTEXT('2D SPACE',''
  ) );
#10547 = ORIENTED_EDGE('',*,*,#10548,.T.);
#10548 = EDGE_CURVE('',#10521,#10521,#10549,.T.);
#10549 = SURFACE_CURVE('',#10550,(#10555,#10562),.PCURVE_S1.);
#10550 = CIRCLE('',#10551,405.);
#10551 = AXIS2_PLACEMENT_3D('',#10552,#10553,#10554);
#10552 = CARTESIAN_POINT('',(2.157E+04,717.5,405.));
#10553 = DIRECTION('',(1.,-0.,1.110223024625E-16));
#10554 = DIRECTION('',(1.110223024625E-16,0.,-1.));
#10555 = PCURVE('',#10529,#10556);
#10556 = DEFINITIONAL_REPRESENTATION('',(#10557),#10561);
#10557 = LINE('',#10558,#10559);
#10558 = CARTESIAN_POINT('',(-0.,-120.));
#10559 = VECTOR('',#10560,1.);
#10560 = DIRECTION('',(-1.,0.));
#10561 = ( GEOMETRIC_REPRESENTATION_CONTEXT(2) 
PARAMETRIC_REPRESENTATION_CONTEXT() REPRESENTATION_CONTEXT('2D SPACE',''
  ) );
#10562 = PCURVE('',#10563,#10568);
#10563 = PLANE('',#10564);
#10564 = AXIS2_PLACEMENT_3D('',#10565,#10566,#10567);
#10565 = CARTESIAN_POINT('',(2.157E+04,717.5,405.));
#10566 = DIRECTION('',(1.,0.,1.110223024625E-16));
#10567 = DIRECTION('',(1.110223024625E-16,0.,-1.));
#10568 = DEFINITIONAL_REPRESENTATION('',(#10569),#10573);
#10569 = CIRCLE('',#10570,405.);
#10570 = AXIS2_PLACEMENT_2D('',#10571,#10572);
#10571 = CARTESIAN_POINT('',(5.684341886081E-14,0.));
#10572 = DIRECTION('',(1.,0.));
#10573 = ( GEOMETRIC_REPRESENTATION_CONTEXT(2) 
PARAMETRIC_REPRESENTATION_CONTEXT() REPRESENTATION_CONTEXT('2D SPACE',''
  ) );
#10574 = ORIENTED_EDGE('',*,*,#10518,.F.);
#10575 = ORIENTED_EDGE('',*,*,#10576,.F.);
#10576 = EDGE_CURVE('',#10519,#10519,#10577,.T.);
#10577 = SURFACE_CURVE('',#10578,(#10583,#10590),.PCURVE_S1.);
#10578 = CIRCLE('',#10579,405.);
#10579 = AXIS2_PLACEMENT_3D('',#10580,#10581,#10582);
#10580 = CARTESIAN_POINT('',(2.145E+04,717.5,405.));
#10581 = DIRECTION('',(1.,-0.,1.110223024625E-16));
#10582 = DIRECTION('',(1.110223024625E-16,0.,-1.));
#10583 = PCURVE('',#10529,#10584);
#10584 = DEFINITIONAL_REPRESENTATION('',(#10585),#10589);
#10585 = LINE('',#10586,#10587);
#10586 = CARTESIAN_POINT('',(-0.,0.));
#10587 = VECTOR('',#10588,1.);
#10588 = DIRECTION('',(-1.,0.));
#10589 = ( GEOMETRIC_REPRESENTATION_CONTEXT(2) 
PARAMETRIC_REPRESENTATION_CONTEXT() REPRESENTATION_CONTEXT('2D SPACE',''
  ) );
#10590 = PCURVE('',#10591,#10596);
#10591 = PLANE('',#10592);
#10592 = AXIS2_PLACEMENT_3D('',#10593,#10594,#10595);
#10593 = CARTESIAN_POINT('',(2.145E+04,717.5,405.));
#10594 = DIRECTION('',(1.,0.,1.110223024625E-16));
#10595 = DIRECTION('',(1.110223024625E-16,0.,-1.));
#10596 = DEFINITIONAL_REPRESENTATION('',(#10597),#10601);
#10597 = CIRCLE('',#10598,405.);
#10598 = AXIS2_PLACEMENT_2D('',#10599,#10600);
#10599 = CARTESIAN_POINT('',(0.,0.));
#10600 = DIRECTION('',(1.,0.));
#10601 = ( GEOMETRIC_REPRESENTATION_CONTEXT(2) 
PARAMETRIC_REPRESENTATION_CONTEXT() REPRESENTATION_CONTEXT('2D SPACE',''
  ) );
#10602 = ADVANCED_FACE('',(#10603),#10591,.F.);
#10603 = FACE_BOUND('',#10604,.F.);
#10604 = EDGE_LOOP('',(#10605));
#10605 = ORIENTED_EDGE('',*,*,#10576,.T.);
#10606 = ADVANCED_FACE('',(#10607),#10563,.T.);
#10607 = FACE_BOUND('',#10608,.T.);
#10608 = EDGE_LOOP('',(#10609));
#10609 = ORIENTED_EDGE('',*,*,#10548,.T.);
#10610 = ( GEOMETRIC_REPRESENTATION_CONTEXT(3) 
GLOBAL_UNCERTAINTY_ASSIGNED_CONTEXT((#10614)) 
GLOBAL_UNIT_ASSIGNED_CONTEXT((#10611,#10612,#10613)) 
REPRESENTATION_CONTEXT('Context #1',
  '3D Context with UNIT and UNCERTAINTY') );
#10611 = ( LENGTH_UNIT() NAMED_UNIT(*) SI_UNIT(.MILLI.,.METRE.) );
#10612 = ( NAMED_UNIT(*) PLANE_ANGLE_UNIT() SI_UNIT($,.RADIAN.) );
#10613 = ( NAMED_UNIT(*) SI_UNIT($,.STERADIAN.) SOLID_ANGLE_UNIT() );
#10614 = UNCERTAINTY_MEASURE_WITH_UNIT(LENGTH_MEASURE(1.E-07),#10611,
  'distance_accuracy_value','confusion accuracy');
#10615 = CONTEXT_DEPENDENT_SHAPE_REPRESENTATION(#10616,#10618);
#10616 = ( REPRESENTATION_RELATIONSHIP('','',#10511,#10488) 
REPRESENTATION_RELATIONSHIP_WITH_TRANSFORMATION(#10617) 
SHAPE_REPRESENTATION_RELATIONSHIP() );
#10617 = ITEM_DEFINED_TRANSFORMATION('','',#11,#10489);
#10618 = PRODUCT_DEFINITION_SHAPE('Placement','Placement of an item',
  #10619);
#10619 = NEXT_ASSEMBLY_USAGE_OCCURRENCE('1179','=>[0:1:1:75]','',#10483,
  #10506,$);
#10620 = PRODUCT_RELATED_PRODUCT_CATEGORY('part',$,(#10508));
#10621 = SHAPE_DEFINITION_REPRESENTATION(#10622,#10628);
#10622 = PRODUCT_DEFINITION_SHAPE('','',#10623);
#10623 = PRODUCT_DEFINITION('design','',#10624,#10627);
#10624 = PRODUCT_DEFINITION_FORMATION('','',#10625);
#10625 = PRODUCT('Car body (cabless)','Car body (cabless)','',(#10626));
#10626 = PRODUCT_CONTEXT('',#2,'mechanical');
#10627 = PRODUCT_DEFINITION_CONTEXT('part definition',#2,'design');
#10628 = SHAPE_REPRESENTATION('',(#11,#10629),#10633);
#10629 = AXIS2_PLACEMENT_3D('',#10630,#10631,#10632);
#10630 = CARTESIAN_POINT('',(0.,0.,0.));
#10631 = DIRECTION('',(0.,0.,1.));
#10632 = DIRECTION('',(1.,0.,-0.));
#10633 = ( GEOMETRIC_REPRESENTATION_CONTEXT(3) 
GLOBAL_UNCERTAINTY_ASSIGNED_CONTEXT((#10637)) 
GLOBAL_UNIT_ASSIGNED_CONTEXT((#10634,#10635,#10636)) 
REPRESENTATION_CONTEXT('Context #1',
  '3D Context with UNIT and UNCERTAINTY') );
#10634 = ( LENGTH_UNIT() NAMED_UNIT(*) SI_UNIT(.MILLI.,.METRE.) );
#10635 = ( NAMED_UNIT(*) PLANE_ANGLE_UNIT() SI_UNIT($,.RADIAN.) );
#10636 = ( NAMED_UNIT(*) SI_UNIT($,.STERADIAN.) SOLID_ANGLE_UNIT() );
#10637 = UNCERTAINTY_MEASURE_WITH_UNIT(LENGTH_MEASURE(1.E-07),#10634,
  'distance_accuracy_value','confusion accuracy');
#10638 = CONTEXT_DEPENDENT_SHAPE_REPRESENTATION(#10639,#10641);
#10639 = ( REPRESENTATION_RELATIONSHIP('','',#10628,#10) 
REPRESENTATION_RELATIONSHIP_WITH_TRANSFORMATION(#10640) 
SHAPE_REPRESENTATION_RELATIONSHIP() );
#10640 = ITEM_DEFINED_TRANSFORMATION('','',#11,#55);
#10641 = PRODUCT_DEFINITION_SHAPE('Placement','Placement of an item',
  #10642);
#10642 = NEXT_ASSEMBLY_USAGE_OCCURRENCE('1183','=>[0:1:1:76]','',#5,
  #10623,$);
#10643 = PRODUCT_RELATED_PRODUCT_CATEGORY('part',$,(#10625));
#10644 = SHAPE_DEFINITION_REPRESENTATION(#10645,#10651);
#10645 = PRODUCT_DEFINITION_SHAPE('','',#10646);
#10646 = PRODUCT_DEFINITION('design','',#10647,#10650);
#10647 = PRODUCT_DEFINITION_FORMATION('','',#10648);
#10648 = PRODUCT('SOLID','SOLID','',(#10649));
#10649 = PRODUCT_CONTEXT('',#2,'mechanical');
#10650 = PRODUCT_DEFINITION_CONTEXT('part definition',#2,'design');
#10651 = ADVANCED_BREP_SHAPE_REPRESENTATION('',(#11,#10652),#11948);
#10652 = MANIFOLD_SOLID_BREP('',#10653);
#10653 = CLOSED_SHELL('',(#10654,#10774,#11192,#11263,#11290,#11317,
    #11324,#11400,#11449,#11498,#11525,#11601,#11650,#11699,#11726,
    #11802,#11851,#11900,#11927,#11934,#11941));
#10654 = ADVANCED_FACE('',(#10655),#10669,.T.);
#10655 = FACE_BOUND('',#10656,.T.);
#10656 = EDGE_LOOP('',(#10657,#10692,#10720,#10748));
#10657 = ORIENTED_EDGE('',*,*,#10658,.T.);
#10658 = EDGE_CURVE('',#10659,#10661,#10663,.T.);
#10659 = VERTEX_POINT('',#10660);
#10660 = CARTESIAN_POINT('',(2.35E+04,-1.325E+03,0.));
#10661 = VERTEX_POINT('',#10662);
#10662 = CARTESIAN_POINT('',(2.35E+04,-1.325E+03,3.6E+03));
#10663 = SURFACE_CURVE('',#10664,(#10668,#10680),.PCURVE_S1.);
#10664 = LINE('',#10665,#10666);
#10665 = CARTESIAN_POINT('',(2.35E+04,-1.325E+03,0.));
#10666 = VECTOR('',#10667,1.);
#10667 = DIRECTION('',(0.,0.,1.));
#10668 = PCURVE('',#10669,#10674);
#10669 = PLANE('',#10670);
#10670 = AXIS2_PLACEMENT_3D('',#10671,#10672,#10673);
#10671 = CARTESIAN_POINT('',(2.35E+04,-1.325E+03,0.));
#10672 = DIRECTION('',(-1.,0.,0.));
#10673 = DIRECTION('',(0.,1.,0.));
#10674 = DEFINITIONAL_REPRESENTATION('',(#10675),#10679);
#10675 = LINE('',#10676,#10677);
#10676 = CARTESIAN_POINT('',(0.,0.));
#10677 = VECTOR('',#10678,1.);
#10678 = DIRECTION('',(0.,-1.));
#10679 = ( GEOMETRIC_REPRESENTATION_CONTEXT(2) 
PARAMETRIC_REPRESENTATION_CONTEXT() REPRESENTATION_CONTEXT('2D SPACE',''
  ) );
#10680 = PCURVE('',#10681,#10686);
#10681 = PLANE('',#10682);
#10682 = AXIS2_PLACEMENT_3D('',#10683,#10684,#10685);
#10683 = CARTESIAN_POINT('',(2.35E+04,-1.325E+03,0.));
#10684 = DIRECTION('',(0.,1.,0.));
#10685 = DIRECTION('',(1.,0.,0.));
#10686 = DEFINITIONAL_REPRESENTATION('',(#10687),#10691);
#10687 = LINE('',#10688,#10689);
#10688 = CARTESIAN_POINT('',(0.,0.));
#10689 = VECTOR('',#10690,1.);
#10690 = DIRECTION('',(0.,-1.));
#10691 = ( GEOMETRIC_REPRESENTATION_CONTEXT(2) 
PARAMETRIC_REPRESENTATION_CONTEXT() REPRESENTATION_CONTEXT('2D SPACE',''
  ) );
#10692 = ORIENTED_EDGE('',*,*,#10693,.T.);
#10693 = EDGE_CURVE('',#10661,#10694,#10696,.T.);
#10694 = VERTEX_POINT('',#10695);
#10695 = CARTESIAN_POINT('',(2.35E+04,1.325E+03,3.6E+03));
#10696 = SURFACE_CURVE('',#10697,(#10701,#10708),.PCURVE_S1.);
#10697 = LINE('',#10698,#10699);
#10698 = CARTESIAN_POINT('',(2.35E+04,0.,3.6E+03));
#10699 = VECTOR('',#10700,1.);
#10700 = DIRECTION('',(0.,1.,0.));
#10701 = PCURVE('',#10669,#10702);
#10702 = DEFINITIONAL_REPRESENTATION('',(#10703),#10707);
#10703 = LINE('',#10704,#10705);
#10704 = CARTESIAN_POINT('',(1.325E+03,-3.6E+03));
#10705 = VECTOR('',#10706,1.);
#10706 = DIRECTION('',(1.,0.));
#10707 = ( GEOMETRIC_REPRESENTATION_CONTEXT(2) 
PARAMETRIC_REPRESENTATION_CONTEXT() REPRESENTATION_CONTEXT('2D SPACE',''
  ) );
#10708 = PCURVE('',#10709,#10714);
#10709 = PLANE('',#10710);
#10710 = AXIS2_PLACEMENT_3D('',#10711,#10712,#10713);
#10711 = CARTESIAN_POINT('',(3.45E+04,0.,3.6E+03));
#10712 = DIRECTION('',(0.,0.,1.));
#10713 = DIRECTION('',(1.,0.,0.));
#10714 = DEFINITIONAL_REPRESENTATION('',(#10715),#10719);
#10715 = LINE('',#10716,#10717);
#10716 = CARTESIAN_POINT('',(-1.1E+04,0.));
#10717 = VECTOR('',#10718,1.);
#10718 = DIRECTION('',(0.,1.));
#10719 = ( GEOMETRIC_REPRESENTATION_CONTEXT(2) 
PARAMETRIC_REPRESENTATION_CONTEXT() REPRESENTATION_CONTEXT('2D SPACE',''
  ) );
#10720 = ORIENTED_EDGE('',*,*,#10721,.F.);
#10721 = EDGE_CURVE('',#10722,#10694,#10724,.T.);
#10722 = VERTEX_POINT('',#10723);
#10723 = CARTESIAN_POINT('',(2.35E+04,1.325E+03,0.));
#10724 = SURFACE_CURVE('',#10725,(#10729,#10736),.PCURVE_S1.);
#10725 = LINE('',#10726,#10727);
#10726 = CARTESIAN_POINT('',(2.35E+04,1.325E+03,0.));
#10727 = VECTOR('',#10728,1.);
#10728 = DIRECTION('',(0.,0.,1.));
#10729 = PCURVE('',#10669,#10730);
#10730 = DEFINITIONAL_REPRESENTATION('',(#10731),#10735);
#10731 = LINE('',#10732,#10733);
#10732 = CARTESIAN_POINT('',(2.65E+03,0.));
#10733 = VECTOR('',#10734,1.);
#10734 = DIRECTION('',(0.,-1.));
#10735 = ( GEOMETRIC_REPRESENTATION_CONTEXT(2) 
PARAMETRIC_REPRESENTATION_CONTEXT() REPRESENTATION_CONTEXT('2D SPACE',''
  ) );
#10736 = PCURVE('',#10737,#10742);
#10737 = PLANE('',#10738);
#10738 = AXIS2_PLACEMENT_3D('',#10739,#10740,#10741);
#10739 = CARTESIAN_POINT('',(2.35E+04,1.325E+03,0.));
#10740 = DIRECTION('',(0.,1.,0.));
#10741 = DIRECTION('',(1.,0.,0.));
#10742 = DEFINITIONAL_REPRESENTATION('',(#10743),#10747);
#10743 = LINE('',#10744,#10745);
#10744 = CARTESIAN_POINT('',(0.,0.));
#10745 = VECTOR('',#10746,1.);
#10746 = DIRECTION('',(0.,-1.));
#10747 = ( GEOMETRIC_REPRESENTATION_CONTEXT(2) 
PARAMETRIC_REPRESENTATION_CONTEXT() REPRESENTATION_CONTEXT('2D SPACE',''
  ) );
#10748 = ORIENTED_EDGE('',*,*,#10749,.F.);
#10749 = EDGE_CURVE('',#10659,#10722,#10750,.T.);
#10750 = SURFACE_CURVE('',#10751,(#10755,#10762),.PCURVE_S1.);
#10751 = LINE('',#10752,#10753);
#10752 = CARTESIAN_POINT('',(2.35E+04,0.,0.));
#10753 = VECTOR('',#10754,1.);
#10754 = DIRECTION('',(0.,1.,0.));
#10755 = PCURVE('',#10669,#10756);
#10756 = DEFINITIONAL_REPRESENTATION('',(#10757),#10761);
#10757 = LINE('',#10758,#10759);
#10758 = CARTESIAN_POINT('',(1.325E+03,0.));
#10759 = VECTOR('',#10760,1.);
#10760 = DIRECTION('',(1.,0.));
#10761 = ( GEOMETRIC_REPRESENTATION_CONTEXT(2) 
PARAMETRIC_REPRESENTATION_CONTEXT() REPRESENTATION_CONTEXT('2D SPACE',''
  ) );
#10762 = PCURVE('',#10763,#10768);
#10763 = PLANE('',#10764);
#10764 = AXIS2_PLACEMENT_3D('',#10765,#10766,#10767);
#10765 = CARTESIAN_POINT('',(3.45E+04,0.,0.));
#10766 = DIRECTION('',(0.,0.,1.));
#10767 = DIRECTION('',(1.,0.,0.));
#10768 = DEFINITIONAL_REPRESENTATION('',(#10769),#10773);
#10769 = LINE('',#10770,#10771);
#10770 = CARTESIAN_POINT('',(-1.1E+04,0.));
#10771 = VECTOR('',#10772,1.);
#10772 = DIRECTION('',(0.,1.));
#10773 = ( GEOMETRIC_REPRESENTATION_CONTEXT(2) 
PARAMETRIC_REPRESENTATION_CONTEXT() REPRESENTATION_CONTEXT('2D SPACE',''
  ) );
#10774 = ADVANCED_FACE('',(#10775,#10850,#10964,#11078),#10681,.F.);
#10775 = FACE_BOUND('',#10776,.F.);
#10776 = EDGE_LOOP('',(#10777,#10778,#10801,#10829));
#10777 = ORIENTED_EDGE('',*,*,#10658,.T.);
#10778 = ORIENTED_EDGE('',*,*,#10779,.T.);
#10779 = EDGE_CURVE('',#10661,#10780,#10782,.T.);
#10780 = VERTEX_POINT('',#10781);
#10781 = CARTESIAN_POINT('',(4.55E+04,-1.325E+03,3.6E+03));
#10782 = SURFACE_CURVE('',#10783,(#10787,#10794),.PCURVE_S1.);
#10783 = LINE('',#10784,#10785);
#10784 = CARTESIAN_POINT('',(3.45E+04,-1.325E+03,3.6E+03));
#10785 = VECTOR('',#10786,1.);
#10786 = DIRECTION('',(1.,0.,0.));
#10787 = PCURVE('',#10681,#10788);
#10788 = DEFINITIONAL_REPRESENTATION('',(#10789),#10793);
#10789 = LINE('',#10790,#10791);
#10790 = CARTESIAN_POINT('',(1.1E+04,-3.6E+03));
#10791 = VECTOR('',#10792,1.);
#10792 = DIRECTION('',(1.,0.));
#10793 = ( GEOMETRIC_REPRESENTATION_CONTEXT(2) 
PARAMETRIC_REPRESENTATION_CONTEXT() REPRESENTATION_CONTEXT('2D SPACE',''
  ) );
#10794 = PCURVE('',#10709,#10795);
#10795 = DEFINITIONAL_REPRESENTATION('',(#10796),#10800);
#10796 = LINE('',#10797,#10798);
#10797 = CARTESIAN_POINT('',(0.,-1.325E+03));
#10798 = VECTOR('',#10799,1.);
#10799 = DIRECTION('',(1.,0.));
#10800 = ( GEOMETRIC_REPRESENTATION_CONTEXT(2) 
PARAMETRIC_REPRESENTATION_CONTEXT() REPRESENTATION_CONTEXT('2D SPACE',''
  ) );
#10801 = ORIENTED_EDGE('',*,*,#10802,.F.);
#10802 = EDGE_CURVE('',#10803,#10780,#10805,.T.);
#10803 = VERTEX_POINT('',#10804);
#10804 = CARTESIAN_POINT('',(4.55E+04,-1.325E+03,0.));
#10805 = SURFACE_CURVE('',#10806,(#10810,#10817),.PCURVE_S1.);
#10806 = LINE('',#10807,#10808);
#10807 = CARTESIAN_POINT('',(4.55E+04,-1.325E+03,0.));
#10808 = VECTOR('',#10809,1.);
#10809 = DIRECTION('',(0.,0.,1.));
#10810 = PCURVE('',#10681,#10811);
#10811 = DEFINITIONAL_REPRESENTATION('',(#10812),#10816);
#10812 = LINE('',#10813,#10814);
#10813 = CARTESIAN_POINT('',(2.2E+04,0.));
#10814 = VECTOR('',#10815,1.);
#10815 = DIRECTION('',(0.,-1.));
#10816 = ( GEOMETRIC_REPRESENTATION_CONTEXT(2) 
PARAMETRIC_REPRESENTATION_CONTEXT() REPRESENTATION_CONTEXT('2D SPACE',''
  ) );
#10817 = PCURVE('',#10818,#10823);
#10818 = PLANE('',#10819);
#10819 = AXIS2_PLACEMENT_3D('',#10820,#10821,#10822);
#10820 = CARTESIAN_POINT('',(4.55E+04,-1.325E+03,0.));
#10821 = DIRECTION('',(-1.,0.,0.));
#10822 = DIRECTION('',(0.,1.,0.));
#10823 = DEFINITIONAL_REPRESENTATION('',(#10824),#10828);
#10824 = LINE('',#10825,#10826);
#10825 = CARTESIAN_POINT('',(0.,0.));
#10826 = VECTOR('',#10827,1.);
#10827 = DIRECTION('',(0.,-1.));
#10828 = ( GEOMETRIC_REPRESENTATION_CONTEXT(2) 
PARAMETRIC_REPRESENTATION_CONTEXT() REPRESENTATION_CONTEXT('2D SPACE',''
  ) );
#10829 = ORIENTED_EDGE('',*,*,#10830,.F.);
#10830 = EDGE_CURVE('',#10659,#10803,#10831,.T.);
#10831 = SURFACE_CURVE('',#10832,(#10836,#10843),.PCURVE_S1.);
#10832 = LINE('',#10833,#10834);
#10833 = CARTESIAN_POINT('',(3.45E+04,-1.325E+03,0.));
#10834 = VECTOR('',#10835,1.);
#10835 = DIRECTION('',(1.,0.,0.));
#10836 = PCURVE('',#10681,#10837);
#10837 = DEFINITIONAL_REPRESENTATION('',(#10838),#10842);
#10838 = LINE('',#10839,#10840);
#10839 = CARTESIAN_POINT('',(1.1E+04,0.));
#10840 = VECTOR('',#10841,1.);
#10841 = DIRECTION('',(1.,0.));
#10842 = ( GEOMETRIC_REPRESENTATION_CONTEXT(2) 
PARAMETRIC_REPRESENTATION_CONTEXT() REPRESENTATION_CONTEXT('2D SPACE',''
  ) );
#10843 = PCURVE('',#10763,#10844);
#10844 = DEFINITIONAL_REPRESENTATION('',(#10845),#10849);
#10845 = LINE('',#10846,#10847);
#10846 = CARTESIAN_POINT('',(0.,-1.325E+03));
#10847 = VECTOR('',#10848,1.);
#10848 = DIRECTION('',(1.,0.));
#10849 = ( GEOMETRIC_REPRESENTATION_CONTEXT(2) 
PARAMETRIC_REPRESENTATION_CONTEXT() REPRESENTATION_CONTEXT('2D SPACE',''
  ) );
#10850 = FACE_BOUND('',#10851,.F.);
#10851 = EDGE_LOOP('',(#10852,#10882,#10910,#10938));
#10852 = ORIENTED_EDGE('',*,*,#10853,.F.);
#10853 = EDGE_CURVE('',#10854,#10856,#10858,.T.);
#10854 = VERTEX_POINT('',#10855);
#10855 = CARTESIAN_POINT('',(2.83E+04,-1.325E+03,1.1E+03));
#10856 = VERTEX_POINT('',#10857);
#10857 = CARTESIAN_POINT('',(2.83E+04,-1.325E+03,3.1E+03));
#10858 = SURFACE_CURVE('',#10859,(#10863,#10870),.PCURVE_S1.);
#10859 = LINE('',#10860,#10861);
#10860 = CARTESIAN_POINT('',(2.83E+04,-1.325E+03,550.));
#10861 = VECTOR('',#10862,1.);
#10862 = DIRECTION('',(0.,-0.,1.));
#10863 = PCURVE('',#10681,#10864);
#10864 = DEFINITIONAL_REPRESENTATION('',(#10865),#10869);
#10865 = LINE('',#10866,#10867);
#10866 = CARTESIAN_POINT('',(4.8E+03,-550.));
#10867 = VECTOR('',#10868,1.);
#10868 = DIRECTION('',(0.,-1.));
#10869 = ( GEOMETRIC_REPRESENTATION_CONTEXT(2) 
PARAMETRIC_REPRESENTATION_CONTEXT() REPRESENTATION_CONTEXT('2D SPACE',''
  ) );
#10870 = PCURVE('',#10871,#10876);
#10871 = PLANE('',#10872);
#10872 = AXIS2_PLACEMENT_3D('',#10873,#10874,#10875);
#10873 = CARTESIAN_POINT('',(2.83E+04,0.,1.1E+03));
#10874 = DIRECTION('',(-1.,0.,0.));
#10875 = DIRECTION('',(0.,0.,1.));
#10876 = DEFINITIONAL_REPRESENTATION('',(#10877),#10881);
#10877 = LINE('',#10878,#10879);
#10878 = CARTESIAN_POINT('',(-550.,-1.325E+03));
#10879 = VECTOR('',#10880,1.);
#10880 = DIRECTION('',(1.,0.));
#10881 = ( GEOMETRIC_REPRESENTATION_CONTEXT(2) 
PARAMETRIC_REPRESENTATION_CONTEXT() REPRESENTATION_CONTEXT('2D SPACE',''
  ) );
#10882 = ORIENTED_EDGE('',*,*,#10883,.T.);
#10883 = EDGE_CURVE('',#10854,#10884,#10886,.T.);
#10884 = VERTEX_POINT('',#10885);
#10885 = CARTESIAN_POINT('',(2.97E+04,-1.325E+03,1.1E+03));
#10886 = SURFACE_CURVE('',#10887,(#10891,#10898),.PCURVE_S1.);
#10887 = LINE('',#10888,#10889);
#10888 = CARTESIAN_POINT('',(2.59E+04,-1.325E+03,1.1E+03));
#10889 = VECTOR('',#10890,1.);
#10890 = DIRECTION('',(1.,-0.,0.));
#10891 = PCURVE('',#10681,#10892);
#10892 = DEFINITIONAL_REPRESENTATION('',(#10893),#10897);
#10893 = LINE('',#10894,#10895);
#10894 = CARTESIAN_POINT('',(2.4E+03,-1.1E+03));
#10895 = VECTOR('',#10896,1.);
#10896 = DIRECTION('',(1.,0.));
#10897 = ( GEOMETRIC_REPRESENTATION_CONTEXT(2) 
PARAMETRIC_REPRESENTATION_CONTEXT() REPRESENTATION_CONTEXT('2D SPACE',''
  ) );
#10898 = PCURVE('',#10899,#10904);
#10899 = PLANE('',#10900);
#10900 = AXIS2_PLACEMENT_3D('',#10901,#10902,#10903);
#10901 = CARTESIAN_POINT('',(2.83E+04,0.,1.1E+03));
#10902 = DIRECTION('',(-0.,0.,1.));
#10903 = DIRECTION('',(1.,0.,0.));
#10904 = DEFINITIONAL_REPRESENTATION('',(#10905),#10909);
#10905 = LINE('',#10906,#10907);
#10906 = CARTESIAN_POINT('',(-2.4E+03,-1.325E+03));
#10907 = VECTOR('',#10908,1.);
#10908 = DIRECTION('',(1.,0.));
#10909 = ( GEOMETRIC_REPRESENTATION_CONTEXT(2) 
PARAMETRIC_REPRESENTATION_CONTEXT() REPRESENTATION_CONTEXT('2D SPACE',''
  ) );
#10910 = ORIENTED_EDGE('',*,*,#10911,.T.);
#10911 = EDGE_CURVE('',#10884,#10912,#10914,.T.);
#10912 = VERTEX_POINT('',#10913);
#10913 = CARTESIAN_POINT('',(2.97E+04,-1.325E+03,3.1E+03));
#10914 = SURFACE_CURVE('',#10915,(#10919,#10926),.PCURVE_S1.);
#10915 = LINE('',#10916,#10917);
#10916 = CARTESIAN_POINT('',(2.97E+04,-1.325E+03,550.));
#10917 = VECTOR('',#10918,1.);
#10918 = DIRECTION('',(0.,-0.,1.));
#10919 = PCURVE('',#10681,#10920);
#10920 = DEFINITIONAL_REPRESENTATION('',(#10921),#10925);
#10921 = LINE('',#10922,#10923);
#10922 = CARTESIAN_POINT('',(6.2E+03,-550.));
#10923 = VECTOR('',#10924,1.);
#10924 = DIRECTION('',(0.,-1.));
#10925 = ( GEOMETRIC_REPRESENTATION_CONTEXT(2) 
PARAMETRIC_REPRESENTATION_CONTEXT() REPRESENTATION_CONTEXT('2D SPACE',''
  ) );
#10926 = PCURVE('',#10927,#10932);
#10927 = PLANE('',#10928);
#10928 = AXIS2_PLACEMENT_3D('',#10929,#10930,#10931);
#10929 = CARTESIAN_POINT('',(2.97E+04,0.,1.1E+03));
#10930 = DIRECTION('',(-1.,0.,0.));
#10931 = DIRECTION('',(0.,0.,1.));
#10932 = DEFINITIONAL_REPRESENTATION('',(#10933),#10937);
#10933 = LINE('',#10934,#10935);
#10934 = CARTESIAN_POINT('',(-550.,-1.325E+03));
#10935 = VECTOR('',#10936,1.);
#10936 = DIRECTION('',(1.,0.));
#10937 = ( GEOMETRIC_REPRESENTATION_CONTEXT(2) 
PARAMETRIC_REPRESENTATION_CONTEXT() REPRESENTATION_CONTEXT('2D SPACE',''
  ) );
#10938 = ORIENTED_EDGE('',*,*,#10939,.F.);
#10939 = EDGE_CURVE('',#10856,#10912,#10940,.T.);
#10940 = SURFACE_CURVE('',#10941,(#10945,#10952),.PCURVE_S1.);
#10941 = LINE('',#10942,#10943);
#10942 = CARTESIAN_POINT('',(2.59E+04,-1.325E+03,3.1E+03));
#10943 = VECTOR('',#10944,1.);
#10944 = DIRECTION('',(1.,-0.,0.));
#10945 = PCURVE('',#10681,#10946);
#10946 = DEFINITIONAL_REPRESENTATION('',(#10947),#10951);
#10947 = LINE('',#10948,#10949);
#10948 = CARTESIAN_POINT('',(2.4E+03,-3.1E+03));
#10949 = VECTOR('',#10950,1.);
#10950 = DIRECTION('',(1.,0.));
#10951 = ( GEOMETRIC_REPRESENTATION_CONTEXT(2) 
PARAMETRIC_REPRESENTATION_CONTEXT() REPRESENTATION_CONTEXT('2D SPACE',''
  ) );
#10952 = PCURVE('',#10953,#10958);
#10953 = PLANE('',#10954);
#10954 = AXIS2_PLACEMENT_3D('',#10955,#10956,#10957);
#10955 = CARTESIAN_POINT('',(2.83E+04,0.,3.1E+03));
#10956 = DIRECTION('',(-0.,0.,1.));
#10957 = DIRECTION('',(1.,0.,0.));
#10958 = DEFINITIONAL_REPRESENTATION('',(#10959),#10963);
#10959 = LINE('',#10960,#10961);
#10960 = CARTESIAN_POINT('',(-2.4E+03,-1.325E+03));
#10961 = VECTOR('',#10962,1.);
#10962 = DIRECTION('',(1.,0.));
#10963 = ( GEOMETRIC_REPRESENTATION_CONTEXT(2) 
PARAMETRIC_REPRESENTATION_CONTEXT() REPRESENTATION_CONTEXT('2D SPACE',''
  ) );
#10964 = FACE_BOUND('',#10965,.F.);
#10965 = EDGE_LOOP('',(#10966,#10996,#11024,#11052));
#10966 = ORIENTED_EDGE('',*,*,#10967,.F.);
#10967 = EDGE_CURVE('',#10968,#10970,#10972,.T.);
#10968 = VERTEX_POINT('',#10969);
#10969 = CARTESIAN_POINT('',(3.38E+04,-1.325E+03,1.1E+03));
#10970 = VERTEX_POINT('',#10971);
#10971 = CARTESIAN_POINT('',(3.38E+04,-1.325E+03,3.1E+03));
#10972 = SURFACE_CURVE('',#10973,(#10977,#10984),.PCURVE_S1.);
#10973 = LINE('',#10974,#10975);
#10974 = CARTESIAN_POINT('',(3.38E+04,-1.325E+03,550.));
#10975 = VECTOR('',#10976,1.);
#10976 = DIRECTION('',(0.,-0.,1.));
#10977 = PCURVE('',#10681,#10978);
#10978 = DEFINITIONAL_REPRESENTATION('',(#10979),#10983);
#10979 = LINE('',#10980,#10981);
#10980 = CARTESIAN_POINT('',(1.03E+04,-550.));
#10981 = VECTOR('',#10982,1.);
#10982 = DIRECTION('',(0.,-1.));
#10983 = ( GEOMETRIC_REPRESENTATION_CONTEXT(2) 
PARAMETRIC_REPRESENTATION_CONTEXT() REPRESENTATION_CONTEXT('2D SPACE',''
  ) );
#10984 = PCURVE('',#10985,#10990);
#10985 = PLANE('',#10986);
#10986 = AXIS2_PLACEMENT_3D('',#10987,#10988,#10989);
#10987 = CARTESIAN_POINT('',(3.38E+04,0.,1.1E+03));
#10988 = DIRECTION('',(-1.,0.,0.));
#10989 = DIRECTION('',(0.,0.,1.));
#10990 = DEFINITIONAL_REPRESENTATION('',(#10991),#10995);
#10991 = LINE('',#10992,#10993);
#10992 = CARTESIAN_POINT('',(-550.,-1.325E+03));
#10993 = VECTOR('',#10994,1.);
#10994 = DIRECTION('',(1.,0.));
#10995 = ( GEOMETRIC_REPRESENTATION_CONTEXT(2) 
PARAMETRIC_REPRESENTATION_CONTEXT() REPRESENTATION_CONTEXT('2D SPACE',''
  ) );
#10996 = ORIENTED_EDGE('',*,*,#10997,.T.);
#10997 = EDGE_CURVE('',#10968,#10998,#11000,.T.);
#10998 = VERTEX_POINT('',#10999);
#10999 = CARTESIAN_POINT('',(3.52E+04,-1.325E+03,1.1E+03));
#11000 = SURFACE_CURVE('',#11001,(#11005,#11012),.PCURVE_S1.);
#11001 = LINE('',#11002,#11003);
#11002 = CARTESIAN_POINT('',(2.865E+04,-1.325E+03,1.1E+03));
#11003 = VECTOR('',#11004,1.);
#11004 = DIRECTION('',(1.,-0.,0.));
#11005 = PCURVE('',#10681,#11006);
#11006 = DEFINITIONAL_REPRESENTATION('',(#11007),#11011);
#11007 = LINE('',#11008,#11009);
#11008 = CARTESIAN_POINT('',(5.15E+03,-1.1E+03));
#11009 = VECTOR('',#11010,1.);
#11010 = DIRECTION('',(1.,0.));
#11011 = ( GEOMETRIC_REPRESENTATION_CONTEXT(2) 
PARAMETRIC_REPRESENTATION_CONTEXT() REPRESENTATION_CONTEXT('2D SPACE',''
  ) );
#11012 = PCURVE('',#11013,#11018);
#11013 = PLANE('',#11014);
#11014 = AXIS2_PLACEMENT_3D('',#11015,#11016,#11017);
#11015 = CARTESIAN_POINT('',(3.38E+04,0.,1.1E+03));
#11016 = DIRECTION('',(-0.,0.,1.));
#11017 = DIRECTION('',(1.,0.,0.));
#11018 = DEFINITIONAL_REPRESENTATION('',(#11019),#11023);
#11019 = LINE('',#11020,#11021);
#11020 = CARTESIAN_POINT('',(-5.15E+03,-1.325E+03));
#11021 = VECTOR('',#11022,1.);
#11022 = DIRECTION('',(1.,0.));
#11023 = ( GEOMETRIC_REPRESENTATION_CONTEXT(2) 
PARAMETRIC_REPRESENTATION_CONTEXT() REPRESENTATION_CONTEXT('2D SPACE',''
  ) );
#11024 = ORIENTED_EDGE('',*,*,#11025,.T.);
#11025 = EDGE_CURVE('',#10998,#11026,#11028,.T.);
#11026 = VERTEX_POINT('',#11027);
#11027 = CARTESIAN_POINT('',(3.52E+04,-1.325E+03,3.1E+03));
#11028 = SURFACE_CURVE('',#11029,(#11033,#11040),.PCURVE_S1.);
#11029 = LINE('',#11030,#11031);
#11030 = CARTESIAN_POINT('',(3.52E+04,-1.325E+03,550.));
#11031 = VECTOR('',#11032,1.);
#11032 = DIRECTION('',(0.,-0.,1.));
#11033 = PCURVE('',#10681,#11034);
#11034 = DEFINITIONAL_REPRESENTATION('',(#11035),#11039);
#11035 = LINE('',#11036,#11037);
#11036 = CARTESIAN_POINT('',(1.17E+04,-550.));
#11037 = VECTOR('',#11038,1.);
#11038 = DIRECTION('',(0.,-1.));
#11039 = ( GEOMETRIC_REPRESENTATION_CONTEXT(2) 
PARAMETRIC_REPRESENTATION_CONTEXT() REPRESENTATION_CONTEXT('2D SPACE',''
  ) );
#11040 = PCURVE('',#11041,#11046);
#11041 = PLANE('',#11042);
#11042 = AXIS2_PLACEMENT_3D('',#11043,#11044,#11045);
#11043 = CARTESIAN_POINT('',(3.52E+04,0.,1.1E+03));
#11044 = DIRECTION('',(-1.,0.,0.));
#11045 = DIRECTION('',(0.,0.,1.));
#11046 = DEFINITIONAL_REPRESENTATION('',(#11047),#11051);
#11047 = LINE('',#11048,#11049);
#11048 = CARTESIAN_POINT('',(-550.,-1.325E+03));
#11049 = VECTOR('',#11050,1.);
#11050 = DIRECTION('',(1.,0.));
#11051 = ( GEOMETRIC_REPRESENTATION_CONTEXT(2) 
PARAMETRIC_REPRESENTATION_CONTEXT() REPRESENTATION_CONTEXT('2D SPACE',''
  ) );
#11052 = ORIENTED_EDGE('',*,*,#11053,.F.);
#11053 = EDGE_CURVE('',#10970,#11026,#11054,.T.);
#11054 = SURFACE_CURVE('',#11055,(#11059,#11066),.PCURVE_S1.);
#11055 = LINE('',#11056,#11057);
#11056 = CARTESIAN_POINT('',(2.865E+04,-1.325E+03,3.1E+03));
#11057 = VECTOR('',#11058,1.);
#11058 = DIRECTION('',(1.,-0.,0.));
#11059 = PCURVE('',#10681,#11060);
#11060 = DEFINITIONAL_REPRESENTATION('',(#11061),#11065);
#11061 = LINE('',#11062,#11063);
#11062 = CARTESIAN_POINT('',(5.15E+03,-3.1E+03));
#11063 = VECTOR('',#11064,1.);
#11064 = DIRECTION('',(1.,0.));
#11065 = ( GEOMETRIC_REPRESENTATION_CONTEXT(2) 
PARAMETRIC_REPRESENTATION_CONTEXT() REPRESENTATION_CONTEXT('2D SPACE',''
  ) );
#11066 = PCURVE('',#11067,#11072);
#11067 = PLANE('',#11068);
#11068 = AXIS2_PLACEMENT_3D('',#11069,#11070,#11071);
#11069 = CARTESIAN_POINT('',(3.38E+04,0.,3.1E+03));
#11070 = DIRECTION('',(-0.,0.,1.));
#11071 = DIRECTION('',(1.,0.,0.));
#11072 = DEFINITIONAL_REPRESENTATION('',(#11073),#11077);
#11073 = LINE('',#11074,#11075);
#11074 = CARTESIAN_POINT('',(-5.15E+03,-1.325E+03));
#11075 = VECTOR('',#11076,1.);
#11076 = DIRECTION('',(1.,0.));
#11077 = ( GEOMETRIC_REPRESENTATION_CONTEXT(2) 
PARAMETRIC_REPRESENTATION_CONTEXT() REPRESENTATION_CONTEXT('2D SPACE',''
  ) );
#11078 = FACE_BOUND('',#11079,.F.);
#11079 = EDGE_LOOP('',(#11080,#11110,#11138,#11166));
#11080 = ORIENTED_EDGE('',*,*,#11081,.F.);
#11081 = EDGE_CURVE('',#11082,#11084,#11086,.T.);
#11082 = VERTEX_POINT('',#11083);
#11083 = CARTESIAN_POINT('',(3.93E+04,-1.325E+03,1.1E+03));
#11084 = VERTEX_POINT('',#11085);
#11085 = CARTESIAN_POINT('',(3.93E+04,-1.325E+03,3.1E+03));
#11086 = SURFACE_CURVE('',#11087,(#11091,#11098),.PCURVE_S1.);
#11087 = LINE('',#11088,#11089);
#11088 = CARTESIAN_POINT('',(3.93E+04,-1.325E+03,550.));
#11089 = VECTOR('',#11090,1.);
#11090 = DIRECTION('',(0.,-0.,1.));
#11091 = PCURVE('',#10681,#11092);
#11092 = DEFINITIONAL_REPRESENTATION('',(#11093),#11097);
#11093 = LINE('',#11094,#11095);
#11094 = CARTESIAN_POINT('',(1.58E+04,-550.));
#11095 = VECTOR('',#11096,1.);
#11096 = DIRECTION('',(0.,-1.));
#11097 = ( GEOMETRIC_REPRESENTATION_CONTEXT(2) 
PARAMETRIC_REPRESENTATION_CONTEXT() REPRESENTATION_CONTEXT('2D SPACE',''
  ) );
#11098 = PCURVE('',#11099,#11104);
#11099 = PLANE('',#11100);
#11100 = AXIS2_PLACEMENT_3D('',#11101,#11102,#11103);
#11101 = CARTESIAN_POINT('',(3.93E+04,0.,1.1E+03));
#11102 = DIRECTION('',(-1.,0.,0.));
#11103 = DIRECTION('',(0.,0.,1.));
#11104 = DEFINITIONAL_REPRESENTATION('',(#11105),#11109);
#11105 = LINE('',#11106,#11107);
#11106 = CARTESIAN_POINT('',(-550.,-1.325E+03));
#11107 = VECTOR('',#11108,1.);
#11108 = DIRECTION('',(1.,0.));
#11109 = ( GEOMETRIC_REPRESENTATION_CONTEXT(2) 
PARAMETRIC_REPRESENTATION_CONTEXT() REPRESENTATION_CONTEXT('2D SPACE',''
  ) );
#11110 = ORIENTED_EDGE('',*,*,#11111,.T.);
#11111 = EDGE_CURVE('',#11082,#11112,#11114,.T.);
#11112 = VERTEX_POINT('',#11113);
#11113 = CARTESIAN_POINT('',(4.07E+04,-1.325E+03,1.1E+03));
#11114 = SURFACE_CURVE('',#11115,(#11119,#11126),.PCURVE_S1.);
#11115 = LINE('',#11116,#11117);
#11116 = CARTESIAN_POINT('',(3.14E+04,-1.325E+03,1.1E+03));
#11117 = VECTOR('',#11118,1.);
#11118 = DIRECTION('',(1.,-0.,0.));
#11119 = PCURVE('',#10681,#11120);
#11120 = DEFINITIONAL_REPRESENTATION('',(#11121),#11125);
#11121 = LINE('',#11122,#11123);
#11122 = CARTESIAN_POINT('',(7.9E+03,-1.1E+03));
#11123 = VECTOR('',#11124,1.);
#11124 = DIRECTION('',(1.,0.));
#11125 = ( GEOMETRIC_REPRESENTATION_CONTEXT(2) 
PARAMETRIC_REPRESENTATION_CONTEXT() REPRESENTATION_CONTEXT('2D SPACE',''
  ) );
#11126 = PCURVE('',#11127,#11132);
#11127 = PLANE('',#11128);
#11128 = AXIS2_PLACEMENT_3D('',#11129,#11130,#11131);
#11129 = CARTESIAN_POINT('',(3.93E+04,0.,1.1E+03));
#11130 = DIRECTION('',(-0.,0.,1.));
#11131 = DIRECTION('',(1.,0.,0.));
#11132 = DEFINITIONAL_REPRESENTATION('',(#11133),#11137);
#11133 = LINE('',#11134,#11135);
#11134 = CARTESIAN_POINT('',(-7.9E+03,-1.325E+03));
#11135 = VECTOR('',#11136,1.);
#11136 = DIRECTION('',(1.,0.));
#11137 = ( GEOMETRIC_REPRESENTATION_CONTEXT(2) 
PARAMETRIC_REPRESENTATION_CONTEXT() REPRESENTATION_CONTEXT('2D SPACE',''
  ) );
#11138 = ORIENTED_EDGE('',*,*,#11139,.T.);
#11139 = EDGE_CURVE('',#11112,#11140,#11142,.T.);
#11140 = VERTEX_POINT('',#11141);
#11141 = CARTESIAN_POINT('',(4.07E+04,-1.325E+03,3.1E+03));
#11142 = SURFACE_CURVE('',#11143,(#11147,#11154),.PCURVE_S1.);
#11143 = LINE('',#11144,#11145);
#11144 = CARTESIAN_POINT('',(4.07E+04,-1.325E+03,550.));
#11145 = VECTOR('',#11146,1.);
#11146 = DIRECTION('',(0.,-0.,1.));
#11147 = PCURVE('',#10681,#11148);
#11148 = DEFINITIONAL_REPRESENTATION('',(#11149),#11153);
#11149 = LINE('',#11150,#11151);
#11150 = CARTESIAN_POINT('',(1.72E+04,-550.));
#11151 = VECTOR('',#11152,1.);
#11152 = DIRECTION('',(0.,-1.));
#11153 = ( GEOMETRIC_REPRESENTATION_CONTEXT(2) 
PARAMETRIC_REPRESENTATION_CONTEXT() REPRESENTATION_CONTEXT('2D SPACE',''
  ) );
#11154 = PCURVE('',#11155,#11160);
#11155 = PLANE('',#11156);
#11156 = AXIS2_PLACEMENT_3D('',#11157,#11158,#11159);
#11157 = CARTESIAN_POINT('',(4.07E+04,0.,1.1E+03));
#11158 = DIRECTION('',(-1.,0.,0.));
#11159 = DIRECTION('',(0.,0.,1.));
#11160 = DEFINITIONAL_REPRESENTATION('',(#11161),#11165);
#11161 = LINE('',#11162,#11163);
#11162 = CARTESIAN_POINT('',(-550.,-1.325E+03));
#11163 = VECTOR('',#11164,1.);
#11164 = DIRECTION('',(1.,0.));
#11165 = ( GEOMETRIC_REPRESENTATION_CONTEXT(2) 
PARAMETRIC_REPRESENTATION_CONTEXT() REPRESENTATION_CONTEXT('2D SPACE',''
  ) );
#11166 = ORIENTED_EDGE('',*,*,#11167,.F.);
#11167 = EDGE_CURVE('',#11084,#11140,#11168,.T.);
#11168 = SURFACE_CURVE('',#11169,(#11173,#11180),.PCURVE_S1.);
#11169 = LINE('',#11170,#11171);
#11170 = CARTESIAN_POINT('',(3.14E+04,-1.325E+03,3.1E+03));
#11171 = VECTOR('',#11172,1.);
#11172 = DIRECTION('',(1.,-0.,0.));
#11173 = PCURVE('',#10681,#11174);
#11174 = DEFINITIONAL_REPRESENTATION('',(#11175),#11179);
#11175 = LINE('',#11176,#11177);
#11176 = CARTESIAN_POINT('',(7.9E+03,-3.1E+03));
#11177 = VECTOR('',#11178,1.);
#11178 = DIRECTION('',(1.,0.));
#11179 = ( GEOMETRIC_REPRESENTATION_CONTEXT(2) 
PARAMETRIC_REPRESENTATION_CONTEXT() REPRESENTATION_CONTEXT('2D SPACE',''
  ) );
#11180 = PCURVE('',#11181,#11186);
#11181 = PLANE('',#11182);
#11182 = AXIS2_PLACEMENT_3D('',#11183,#11184,#11185);
#11183 = CARTESIAN_POINT('',(3.93E+04,0.,3.1E+03));
#11184 = DIRECTION('',(-0.,0.,1.));
#11185 = DIRECTION('',(1.,0.,0.));
#11186 = DEFINITIONAL_REPRESENTATION('',(#11187),#11191);
#11187 = LINE('',#11188,#11189);
#11188 = CARTESIAN_POINT('',(-7.9E+03,-1.325E+03));
#11189 = VECTOR('',#11190,1.);
#11190 = DIRECTION('',(1.,0.));
#11191 = ( GEOMETRIC_REPRESENTATION_CONTEXT(2) 
PARAMETRIC_REPRESENTATION_CONTEXT() REPRESENTATION_CONTEXT('2D SPACE',''
  ) );
#11192 = ADVANCED_FACE('',(#11193),#10737,.T.);
#11193 = FACE_BOUND('',#11194,.T.);
#11194 = EDGE_LOOP('',(#11195,#11196,#11219,#11242));
#11195 = ORIENTED_EDGE('',*,*,#10721,.T.);
#11196 = ORIENTED_EDGE('',*,*,#11197,.T.);
#11197 = EDGE_CURVE('',#10694,#11198,#11200,.T.);
#11198 = VERTEX_POINT('',#11199);
#11199 = CARTESIAN_POINT('',(4.55E+04,1.325E+03,3.6E+03));
#11200 = SURFACE_CURVE('',#11201,(#11205,#11212),.PCURVE_S1.);
#11201 = LINE('',#11202,#11203);
#11202 = CARTESIAN_POINT('',(3.45E+04,1.325E+03,3.6E+03));
#11203 = VECTOR('',#11204,1.);
#11204 = DIRECTION('',(1.,0.,0.));
#11205 = PCURVE('',#10737,#11206);
#11206 = DEFINITIONAL_REPRESENTATION('',(#11207),#11211);
#11207 = LINE('',#11208,#11209);
#11208 = CARTESIAN_POINT('',(1.1E+04,-3.6E+03));
#11209 = VECTOR('',#11210,1.);
#11210 = DIRECTION('',(1.,0.));
#11211 = ( GEOMETRIC_REPRESENTATION_CONTEXT(2) 
PARAMETRIC_REPRESENTATION_CONTEXT() REPRESENTATION_CONTEXT('2D SPACE',''
  ) );
#11212 = PCURVE('',#10709,#11213);
#11213 = DEFINITIONAL_REPRESENTATION('',(#11214),#11218);
#11214 = LINE('',#11215,#11216);
#11215 = CARTESIAN_POINT('',(0.,1.325E+03));
#11216 = VECTOR('',#11217,1.);
#11217 = DIRECTION('',(1.,0.));
#11218 = ( GEOMETRIC_REPRESENTATION_CONTEXT(2) 
PARAMETRIC_REPRESENTATION_CONTEXT() REPRESENTATION_CONTEXT('2D SPACE',''
  ) );
#11219 = ORIENTED_EDGE('',*,*,#11220,.F.);
#11220 = EDGE_CURVE('',#11221,#11198,#11223,.T.);
#11221 = VERTEX_POINT('',#11222);
#11222 = CARTESIAN_POINT('',(4.55E+04,1.325E+03,0.));
#11223 = SURFACE_CURVE('',#11224,(#11228,#11235),.PCURVE_S1.);
#11224 = LINE('',#11225,#11226);
#11225 = CARTESIAN_POINT('',(4.55E+04,1.325E+03,0.));
#11226 = VECTOR('',#11227,1.);
#11227 = DIRECTION('',(0.,0.,1.));
#11228 = PCURVE('',#10737,#11229);
#11229 = DEFINITIONAL_REPRESENTATION('',(#11230),#11234);
#11230 = LINE('',#11231,#11232);
#11231 = CARTESIAN_POINT('',(2.2E+04,0.));
#11232 = VECTOR('',#11233,1.);
#11233 = DIRECTION('',(0.,-1.));
#11234 = ( GEOMETRIC_REPRESENTATION_CONTEXT(2) 
PARAMETRIC_REPRESENTATION_CONTEXT() REPRESENTATION_CONTEXT('2D SPACE',''
  ) );
#11235 = PCURVE('',#10818,#11236);
#11236 = DEFINITIONAL_REPRESENTATION('',(#11237),#11241);
#11237 = LINE('',#11238,#11239);
#11238 = CARTESIAN_POINT('',(2.65E+03,0.));
#11239 = VECTOR('',#11240,1.);
#11240 = DIRECTION('',(0.,-1.));
#11241 = ( GEOMETRIC_REPRESENTATION_CONTEXT(2) 
PARAMETRIC_REPRESENTATION_CONTEXT() REPRESENTATION_CONTEXT('2D SPACE',''
  ) );
#11242 = ORIENTED_EDGE('',*,*,#11243,.F.);
#11243 = EDGE_CURVE('',#10722,#11221,#11244,.T.);
#11244 = SURFACE_CURVE('',#11245,(#11249,#11256),.PCURVE_S1.);
#11245 = LINE('',#11246,#11247);
#11246 = CARTESIAN_POINT('',(3.45E+04,1.325E+03,0.));
#11247 = VECTOR('',#11248,1.);
#11248 = DIRECTION('',(1.,0.,0.));
#11249 = PCURVE('',#10737,#11250);
#11250 = DEFINITIONAL_REPRESENTATION('',(#11251),#11255);
#11251 = LINE('',#11252,#11253);
#11252 = CARTESIAN_POINT('',(1.1E+04,0.));
#11253 = VECTOR('',#11254,1.);
#11254 = DIRECTION('',(1.,0.));
#11255 = ( GEOMETRIC_REPRESENTATION_CONTEXT(2) 
PARAMETRIC_REPRESENTATION_CONTEXT() REPRESENTATION_CONTEXT('2D SPACE',''
  ) );
#11256 = PCURVE('',#10763,#11257);
#11257 = DEFINITIONAL_REPRESENTATION('',(#11258),#11262);
#11258 = LINE('',#11259,#11260);
#11259 = CARTESIAN_POINT('',(0.,1.325E+03));
#11260 = VECTOR('',#11261,1.);
#11261 = DIRECTION('',(1.,0.));
#11262 = ( GEOMETRIC_REPRESENTATION_CONTEXT(2) 
PARAMETRIC_REPRESENTATION_CONTEXT() REPRESENTATION_CONTEXT('2D SPACE',''
  ) );
#11263 = ADVANCED_FACE('',(#11264),#10763,.F.);
#11264 = FACE_BOUND('',#11265,.F.);
#11265 = EDGE_LOOP('',(#11266,#11267,#11268,#11289));
#11266 = ORIENTED_EDGE('',*,*,#10749,.F.);
#11267 = ORIENTED_EDGE('',*,*,#10830,.T.);
#11268 = ORIENTED_EDGE('',*,*,#11269,.T.);
#11269 = EDGE_CURVE('',#10803,#11221,#11270,.T.);
#11270 = SURFACE_CURVE('',#11271,(#11275,#11282),.PCURVE_S1.);
#11271 = LINE('',#11272,#11273);
#11272 = CARTESIAN_POINT('',(4.55E+04,0.,0.));
#11273 = VECTOR('',#11274,1.);
#11274 = DIRECTION('',(0.,1.,0.));
#11275 = PCURVE('',#10763,#11276);
#11276 = DEFINITIONAL_REPRESENTATION('',(#11277),#11281);
#11277 = LINE('',#11278,#11279);
#11278 = CARTESIAN_POINT('',(1.1E+04,0.));
#11279 = VECTOR('',#11280,1.);
#11280 = DIRECTION('',(0.,1.));
#11281 = ( GEOMETRIC_REPRESENTATION_CONTEXT(2) 
PARAMETRIC_REPRESENTATION_CONTEXT() REPRESENTATION_CONTEXT('2D SPACE',''
  ) );
#11282 = PCURVE('',#10818,#11283);
#11283 = DEFINITIONAL_REPRESENTATION('',(#11284),#11288);
#11284 = LINE('',#11285,#11286);
#11285 = CARTESIAN_POINT('',(1.325E+03,0.));
#11286 = VECTOR('',#11287,1.);
#11287 = DIRECTION('',(1.,0.));
#11288 = ( GEOMETRIC_REPRESENTATION_CONTEXT(2) 
PARAMETRIC_REPRESENTATION_CONTEXT() REPRESENTATION_CONTEXT('2D SPACE',''
  ) );
#11289 = ORIENTED_EDGE('',*,*,#11243,.F.);
#11290 = ADVANCED_FACE('',(#11291),#10709,.T.);
#11291 = FACE_BOUND('',#11292,.T.);
#11292 = EDGE_LOOP('',(#11293,#11294,#11295,#11316));
#11293 = ORIENTED_EDGE('',*,*,#10693,.F.);
#11294 = ORIENTED_EDGE('',*,*,#10779,.T.);
#11295 = ORIENTED_EDGE('',*,*,#11296,.T.);
#11296 = EDGE_CURVE('',#10780,#11198,#11297,.T.);
#11297 = SURFACE_CURVE('',#11298,(#11302,#11309),.PCURVE_S1.);
#11298 = LINE('',#11299,#11300);
#11299 = CARTESIAN_POINT('',(4.55E+04,0.,3.6E+03));
#11300 = VECTOR('',#11301,1.);
#11301 = DIRECTION('',(0.,1.,0.));
#11302 = PCURVE('',#10709,#11303);
#11303 = DEFINITIONAL_REPRESENTATION('',(#11304),#11308);
#11304 = LINE('',#11305,#11306);
#11305 = CARTESIAN_POINT('',(1.1E+04,0.));
#11306 = VECTOR('',#11307,1.);
#11307 = DIRECTION('',(0.,1.));
#11308 = ( GEOMETRIC_REPRESENTATION_CONTEXT(2) 
PARAMETRIC_REPRESENTATION_CONTEXT() REPRESENTATION_CONTEXT('2D SPACE',''
  ) );
#11309 = PCURVE('',#10818,#11310);
#11310 = DEFINITIONAL_REPRESENTATION('',(#11311),#11315);
#11311 = LINE('',#11312,#11313);
#11312 = CARTESIAN_POINT('',(1.325E+03,-3.6E+03));
#11313 = VECTOR('',#11314,1.);
#11314 = DIRECTION('',(1.,0.));
#11315 = ( GEOMETRIC_REPRESENTATION_CONTEXT(2) 
PARAMETRIC_REPRESENTATION_CONTEXT() REPRESENTATION_CONTEXT('2D SPACE',''
  ) );
#11316 = ORIENTED_EDGE('',*,*,#11197,.F.);
#11317 = ADVANCED_FACE('',(#11318),#10818,.F.);
#11318 = FACE_BOUND('',#11319,.F.);
#11319 = EDGE_LOOP('',(#11320,#11321,#11322,#11323));
#11320 = ORIENTED_EDGE('',*,*,#10802,.T.);
#11321 = ORIENTED_EDGE('',*,*,#11296,.T.);
#11322 = ORIENTED_EDGE('',*,*,#11220,.F.);
#11323 = ORIENTED_EDGE('',*,*,#11269,.F.);
#11324 = ADVANCED_FACE('',(#11325),#10871,.F.);
#11325 = FACE_BOUND('',#11326,.F.);
#11326 = EDGE_LOOP('',(#11327,#11357,#11378,#11379));
#11327 = ORIENTED_EDGE('',*,*,#11328,.F.);
#11328 = EDGE_CURVE('',#11329,#11331,#11333,.T.);
#11329 = VERTEX_POINT('',#11330);
#11330 = CARTESIAN_POINT('',(2.83E+04,0.,1.1E+03));
#11331 = VERTEX_POINT('',#11332);
#11332 = CARTESIAN_POINT('',(2.83E+04,0.,3.1E+03));
#11333 = SURFACE_CURVE('',#11334,(#11338,#11345),.PCURVE_S1.);
#11334 = LINE('',#11335,#11336);
#11335 = CARTESIAN_POINT('',(2.83E+04,0.,2.1E+03));
#11336 = VECTOR('',#11337,1.);
#11337 = DIRECTION('',(0.,0.,1.));
#11338 = PCURVE('',#10871,#11339);
#11339 = DEFINITIONAL_REPRESENTATION('',(#11340),#11344);
#11340 = LINE('',#11341,#11342);
#11341 = CARTESIAN_POINT('',(1.E+03,0.));
#11342 = VECTOR('',#11343,1.);
#11343 = DIRECTION('',(1.,0.));
#11344 = ( GEOMETRIC_REPRESENTATION_CONTEXT(2) 
PARAMETRIC_REPRESENTATION_CONTEXT() REPRESENTATION_CONTEXT('2D SPACE',''
  ) );
#11345 = PCURVE('',#11346,#11351);
#11346 = PLANE('',#11347);
#11347 = AXIS2_PLACEMENT_3D('',#11348,#11349,#11350);
#11348 = CARTESIAN_POINT('',(2.9E+04,0.,2.1E+03));
#11349 = DIRECTION('',(0.,-1.,0.));
#11350 = DIRECTION('',(1.,0.,0.));
#11351 = DEFINITIONAL_REPRESENTATION('',(#11352),#11356);
#11352 = LINE('',#11353,#11354);
#11353 = CARTESIAN_POINT('',(-700.,0.));
#11354 = VECTOR('',#11355,1.);
#11355 = DIRECTION('',(0.,1.));
#11356 = ( GEOMETRIC_REPRESENTATION_CONTEXT(2) 
PARAMETRIC_REPRESENTATION_CONTEXT() REPRESENTATION_CONTEXT('2D SPACE',''
  ) );
#11357 = ORIENTED_EDGE('',*,*,#11358,.T.);
#11358 = EDGE_CURVE('',#11329,#10854,#11359,.T.);
#11359 = SURFACE_CURVE('',#11360,(#11364,#11371),.PCURVE_S1.);
#11360 = LINE('',#11361,#11362);
#11361 = CARTESIAN_POINT('',(2.83E+04,0.,1.1E+03));
#11362 = VECTOR('',#11363,1.);
#11363 = DIRECTION('',(0.,-1.,0.));
#11364 = PCURVE('',#10871,#11365);
#11365 = DEFINITIONAL_REPRESENTATION('',(#11366),#11370);
#11366 = LINE('',#11367,#11368);
#11367 = CARTESIAN_POINT('',(0.,0.));
#11368 = VECTOR('',#11369,1.);
#11369 = DIRECTION('',(0.,-1.));
#11370 = ( GEOMETRIC_REPRESENTATION_CONTEXT(2) 
PARAMETRIC_REPRESENTATION_CONTEXT() REPRESENTATION_CONTEXT('2D SPACE',''
  ) );
#11371 = PCURVE('',#10899,#11372);
#11372 = DEFINITIONAL_REPRESENTATION('',(#11373),#11377);
#11373 = LINE('',#11374,#11375);
#11374 = CARTESIAN_POINT('',(0.,0.));
#11375 = VECTOR('',#11376,1.);
#11376 = DIRECTION('',(0.,-1.));
#11377 = ( GEOMETRIC_REPRESENTATION_CONTEXT(2) 
PARAMETRIC_REPRESENTATION_CONTEXT() REPRESENTATION_CONTEXT('2D SPACE',''
  ) );
#11378 = ORIENTED_EDGE('',*,*,#10853,.T.);
#11379 = ORIENTED_EDGE('',*,*,#11380,.F.);
#11380 = EDGE_CURVE('',#11331,#10856,#11381,.T.);
#11381 = SURFACE_CURVE('',#11382,(#11386,#11393),.PCURVE_S1.);
#11382 = LINE('',#11383,#11384);
#11383 = CARTESIAN_POINT('',(2.83E+04,0.,3.1E+03));
#11384 = VECTOR('',#11385,1.);
#11385 = DIRECTION('',(0.,-1.,0.));
#11386 = PCURVE('',#10871,#11387);
#11387 = DEFINITIONAL_REPRESENTATION('',(#11388),#11392);
#11388 = LINE('',#11389,#11390);
#11389 = CARTESIAN_POINT('',(2.E+03,0.));
#11390 = VECTOR('',#11391,1.);
#11391 = DIRECTION('',(0.,-1.));
#11392 = ( GEOMETRIC_REPRESENTATION_CONTEXT(2) 
PARAMETRIC_REPRESENTATION_CONTEXT() REPRESENTATION_CONTEXT('2D SPACE',''
  ) );
#11393 = PCURVE('',#10953,#11394);
#11394 = DEFINITIONAL_REPRESENTATION('',(#11395),#11399);
#11395 = LINE('',#11396,#11397);
#11396 = CARTESIAN_POINT('',(0.,0.));
#11397 = VECTOR('',#11398,1.);
#11398 = DIRECTION('',(0.,-1.));
#11399 = ( GEOMETRIC_REPRESENTATION_CONTEXT(2) 
PARAMETRIC_REPRESENTATION_CONTEXT() REPRESENTATION_CONTEXT('2D SPACE',''
  ) );
#11400 = ADVANCED_FACE('',(#11401),#10899,.T.);
#11401 = FACE_BOUND('',#11402,.T.);
#11402 = EDGE_LOOP('',(#11403,#11426,#11427,#11428));
#11403 = ORIENTED_EDGE('',*,*,#11404,.F.);
#11404 = EDGE_CURVE('',#11329,#11405,#11407,.T.);
#11405 = VERTEX_POINT('',#11406);
#11406 = CARTESIAN_POINT('',(2.97E+04,0.,1.1E+03));
#11407 = SURFACE_CURVE('',#11408,(#11412,#11419),.PCURVE_S1.);
#11408 = LINE('',#11409,#11410);
#11409 = CARTESIAN_POINT('',(2.9E+04,0.,1.1E+03));
#11410 = VECTOR('',#11411,1.);
#11411 = DIRECTION('',(1.,0.,0.));
#11412 = PCURVE('',#10899,#11413);
#11413 = DEFINITIONAL_REPRESENTATION('',(#11414),#11418);
#11414 = LINE('',#11415,#11416);
#11415 = CARTESIAN_POINT('',(700.,0.));
#11416 = VECTOR('',#11417,1.);
#11417 = DIRECTION('',(1.,0.));
#11418 = ( GEOMETRIC_REPRESENTATION_CONTEXT(2) 
PARAMETRIC_REPRESENTATION_CONTEXT() REPRESENTATION_CONTEXT('2D SPACE',''
  ) );
#11419 = PCURVE('',#11346,#11420);
#11420 = DEFINITIONAL_REPRESENTATION('',(#11421),#11425);
#11421 = LINE('',#11422,#11423);
#11422 = CARTESIAN_POINT('',(0.,-1.E+03));
#11423 = VECTOR('',#11424,1.);
#11424 = DIRECTION('',(1.,0.));
#11425 = ( GEOMETRIC_REPRESENTATION_CONTEXT(2) 
PARAMETRIC_REPRESENTATION_CONTEXT() REPRESENTATION_CONTEXT('2D SPACE',''
  ) );
#11426 = ORIENTED_EDGE('',*,*,#11358,.T.);
#11427 = ORIENTED_EDGE('',*,*,#10883,.T.);
#11428 = ORIENTED_EDGE('',*,*,#11429,.F.);
#11429 = EDGE_CURVE('',#11405,#10884,#11430,.T.);
#11430 = SURFACE_CURVE('',#11431,(#11435,#11442),.PCURVE_S1.);
#11431 = LINE('',#11432,#11433);
#11432 = CARTESIAN_POINT('',(2.97E+04,0.,1.1E+03));
#11433 = VECTOR('',#11434,1.);
#11434 = DIRECTION('',(0.,-1.,0.));
#11435 = PCURVE('',#10899,#11436);
#11436 = DEFINITIONAL_REPRESENTATION('',(#11437),#11441);
#11437 = LINE('',#11438,#11439);
#11438 = CARTESIAN_POINT('',(1.4E+03,0.));
#11439 = VECTOR('',#11440,1.);
#11440 = DIRECTION('',(0.,-1.));
#11441 = ( GEOMETRIC_REPRESENTATION_CONTEXT(2) 
PARAMETRIC_REPRESENTATION_CONTEXT() REPRESENTATION_CONTEXT('2D SPACE',''
  ) );
#11442 = PCURVE('',#10927,#11443);
#11443 = DEFINITIONAL_REPRESENTATION('',(#11444),#11448);
#11444 = LINE('',#11445,#11446);
#11445 = CARTESIAN_POINT('',(0.,0.));
#11446 = VECTOR('',#11447,1.);
#11447 = DIRECTION('',(0.,-1.));
#11448 = ( GEOMETRIC_REPRESENTATION_CONTEXT(2) 
PARAMETRIC_REPRESENTATION_CONTEXT() REPRESENTATION_CONTEXT('2D SPACE',''
  ) );
#11449 = ADVANCED_FACE('',(#11450),#10953,.F.);
#11450 = FACE_BOUND('',#11451,.F.);
#11451 = EDGE_LOOP('',(#11452,#11475,#11476,#11477));
#11452 = ORIENTED_EDGE('',*,*,#11453,.F.);
#11453 = EDGE_CURVE('',#11331,#11454,#11456,.T.);
#11454 = VERTEX_POINT('',#11455);
#11455 = CARTESIAN_POINT('',(2.97E+04,0.,3.1E+03));
#11456 = SURFACE_CURVE('',#11457,(#11461,#11468),.PCURVE_S1.);
#11457 = LINE('',#11458,#11459);
#11458 = CARTESIAN_POINT('',(2.9E+04,0.,3.1E+03));
#11459 = VECTOR('',#11460,1.);
#11460 = DIRECTION('',(1.,0.,0.));
#11461 = PCURVE('',#10953,#11462);
#11462 = DEFINITIONAL_REPRESENTATION('',(#11463),#11467);
#11463 = LINE('',#11464,#11465);
#11464 = CARTESIAN_POINT('',(700.,0.));
#11465 = VECTOR('',#11466,1.);
#11466 = DIRECTION('',(1.,0.));
#11467 = ( GEOMETRIC_REPRESENTATION_CONTEXT(2) 
PARAMETRIC_REPRESENTATION_CONTEXT() REPRESENTATION_CONTEXT('2D SPACE',''
  ) );
#11468 = PCURVE('',#11346,#11469);
#11469 = DEFINITIONAL_REPRESENTATION('',(#11470),#11474);
#11470 = LINE('',#11471,#11472);
#11471 = CARTESIAN_POINT('',(0.,1.E+03));
#11472 = VECTOR('',#11473,1.);
#11473 = DIRECTION('',(1.,0.));
#11474 = ( GEOMETRIC_REPRESENTATION_CONTEXT(2) 
PARAMETRIC_REPRESENTATION_CONTEXT() REPRESENTATION_CONTEXT('2D SPACE',''
  ) );
#11475 = ORIENTED_EDGE('',*,*,#11380,.T.);
#11476 = ORIENTED_EDGE('',*,*,#10939,.T.);
#11477 = ORIENTED_EDGE('',*,*,#11478,.F.);
#11478 = EDGE_CURVE('',#11454,#10912,#11479,.T.);
#11479 = SURFACE_CURVE('',#11480,(#11484,#11491),.PCURVE_S1.);
#11480 = LINE('',#11481,#11482);
#11481 = CARTESIAN_POINT('',(2.97E+04,0.,3.1E+03));
#11482 = VECTOR('',#11483,1.);
#11483 = DIRECTION('',(0.,-1.,0.));
#11484 = PCURVE('',#10953,#11485);
#11485 = DEFINITIONAL_REPRESENTATION('',(#11486),#11490);
#11486 = LINE('',#11487,#11488);
#11487 = CARTESIAN_POINT('',(1.4E+03,0.));
#11488 = VECTOR('',#11489,1.);
#11489 = DIRECTION('',(0.,-1.));
#11490 = ( GEOMETRIC_REPRESENTATION_CONTEXT(2) 
PARAMETRIC_REPRESENTATION_CONTEXT() REPRESENTATION_CONTEXT('2D SPACE',''
  ) );
#11491 = PCURVE('',#10927,#11492);
#11492 = DEFINITIONAL_REPRESENTATION('',(#11493),#11497);
#11493 = LINE('',#11494,#11495);
#11494 = CARTESIAN_POINT('',(2.E+03,0.));
#11495 = VECTOR('',#11496,1.);
#11496 = DIRECTION('',(0.,-1.));
#11497 = ( GEOMETRIC_REPRESENTATION_CONTEXT(2) 
PARAMETRIC_REPRESENTATION_CONTEXT() REPRESENTATION_CONTEXT('2D SPACE',''
  ) );
#11498 = ADVANCED_FACE('',(#11499),#10927,.T.);
#11499 = FACE_BOUND('',#11500,.T.);
#11500 = EDGE_LOOP('',(#11501,#11522,#11523,#11524));
#11501 = ORIENTED_EDGE('',*,*,#11502,.F.);
#11502 = EDGE_CURVE('',#11405,#11454,#11503,.T.);
#11503 = SURFACE_CURVE('',#11504,(#11508,#11515),.PCURVE_S1.);
#11504 = LINE('',#11505,#11506);
#11505 = CARTESIAN_POINT('',(2.97E+04,0.,2.1E+03));
#11506 = VECTOR('',#11507,1.);
#11507 = DIRECTION('',(0.,0.,1.));
#11508 = PCURVE('',#10927,#11509);
#11509 = DEFINITIONAL_REPRESENTATION('',(#11510),#11514);
#11510 = LINE('',#11511,#11512);
#11511 = CARTESIAN_POINT('',(1.E+03,0.));
#11512 = VECTOR('',#11513,1.);
#11513 = DIRECTION('',(1.,0.));
#11514 = ( GEOMETRIC_REPRESENTATION_CONTEXT(2) 
PARAMETRIC_REPRESENTATION_CONTEXT() REPRESENTATION_CONTEXT('2D SPACE',''
  ) );
#11515 = PCURVE('',#11346,#11516);
#11516 = DEFINITIONAL_REPRESENTATION('',(#11517),#11521);
#11517 = LINE('',#11518,#11519);
#11518 = CARTESIAN_POINT('',(700.,0.));
#11519 = VECTOR('',#11520,1.);
#11520 = DIRECTION('',(0.,1.));
#11521 = ( GEOMETRIC_REPRESENTATION_CONTEXT(2) 
PARAMETRIC_REPRESENTATION_CONTEXT() REPRESENTATION_CONTEXT('2D SPACE',''
  ) );
#11522 = ORIENTED_EDGE('',*,*,#11429,.T.);
#11523 = ORIENTED_EDGE('',*,*,#10911,.T.);
#11524 = ORIENTED_EDGE('',*,*,#11478,.F.);
#11525 = ADVANCED_FACE('',(#11526),#10985,.F.);
#11526 = FACE_BOUND('',#11527,.F.);
#11527 = EDGE_LOOP('',(#11528,#11558,#11579,#11580));
#11528 = ORIENTED_EDGE('',*,*,#11529,.F.);
#11529 = EDGE_CURVE('',#11530,#11532,#11534,.T.);
#11530 = VERTEX_POINT('',#11531);
#11531 = CARTESIAN_POINT('',(3.38E+04,0.,1.1E+03));
#11532 = VERTEX_POINT('',#11533);
#11533 = CARTESIAN_POINT('',(3.38E+04,0.,3.1E+03));
#11534 = SURFACE_CURVE('',#11535,(#11539,#11546),.PCURVE_S1.);
#11535 = LINE('',#11536,#11537);
#11536 = CARTESIAN_POINT('',(3.38E+04,0.,2.1E+03));
#11537 = VECTOR('',#11538,1.);
#11538 = DIRECTION('',(0.,0.,1.));
#11539 = PCURVE('',#10985,#11540);
#11540 = DEFINITIONAL_REPRESENTATION('',(#11541),#11545);
#11541 = LINE('',#11542,#11543);
#11542 = CARTESIAN_POINT('',(1.E+03,0.));
#11543 = VECTOR('',#11544,1.);
#11544 = DIRECTION('',(1.,0.));
#11545 = ( GEOMETRIC_REPRESENTATION_CONTEXT(2) 
PARAMETRIC_REPRESENTATION_CONTEXT() REPRESENTATION_CONTEXT('2D SPACE',''
  ) );
#11546 = PCURVE('',#11547,#11552);
#11547 = PLANE('',#11548);
#11548 = AXIS2_PLACEMENT_3D('',#11549,#11550,#11551);
#11549 = CARTESIAN_POINT('',(3.45E+04,0.,2.1E+03));
#11550 = DIRECTION('',(0.,-1.,0.));
#11551 = DIRECTION('',(1.,0.,0.));
#11552 = DEFINITIONAL_REPRESENTATION('',(#11553),#11557);
#11553 = LINE('',#11554,#11555);
#11554 = CARTESIAN_POINT('',(-700.,0.));
#11555 = VECTOR('',#11556,1.);
#11556 = DIRECTION('',(0.,1.));
#11557 = ( GEOMETRIC_REPRESENTATION_CONTEXT(2) 
PARAMETRIC_REPRESENTATION_CONTEXT() REPRESENTATION_CONTEXT('2D SPACE',''
  ) );
#11558 = ORIENTED_EDGE('',*,*,#11559,.T.);
#11559 = EDGE_CURVE('',#11530,#10968,#11560,.T.);
#11560 = SURFACE_CURVE('',#11561,(#11565,#11572),.PCURVE_S1.);
#11561 = LINE('',#11562,#11563);
#11562 = CARTESIAN_POINT('',(3.38E+04,0.,1.1E+03));
#11563 = VECTOR('',#11564,1.);
#11564 = DIRECTION('',(0.,-1.,0.));
#11565 = PCURVE('',#10985,#11566);
#11566 = DEFINITIONAL_REPRESENTATION('',(#11567),#11571);
#11567 = LINE('',#11568,#11569);
#11568 = CARTESIAN_POINT('',(0.,0.));
#11569 = VECTOR('',#11570,1.);
#11570 = DIRECTION('',(0.,-1.));
#11571 = ( GEOMETRIC_REPRESENTATION_CONTEXT(2) 
PARAMETRIC_REPRESENTATION_CONTEXT() REPRESENTATION_CONTEXT('2D SPACE',''
  ) );
#11572 = PCURVE('',#11013,#11573);
#11573 = DEFINITIONAL_REPRESENTATION('',(#11574),#11578);
#11574 = LINE('',#11575,#11576);
#11575 = CARTESIAN_POINT('',(0.,0.));
#11576 = VECTOR('',#11577,1.);
#11577 = DIRECTION('',(0.,-1.));
#11578 = ( GEOMETRIC_REPRESENTATION_CONTEXT(2) 
PARAMETRIC_REPRESENTATION_CONTEXT() REPRESENTATION_CONTEXT('2D SPACE',''
  ) );
#11579 = ORIENTED_EDGE('',*,*,#10967,.T.);
#11580 = ORIENTED_EDGE('',*,*,#11581,.F.);
#11581 = EDGE_CURVE('',#11532,#10970,#11582,.T.);
#11582 = SURFACE_CURVE('',#11583,(#11587,#11594),.PCURVE_S1.);
#11583 = LINE('',#11584,#11585);
#11584 = CARTESIAN_POINT('',(3.38E+04,0.,3.1E+03));
#11585 = VECTOR('',#11586,1.);
#11586 = DIRECTION('',(0.,-1.,0.));
#11587 = PCURVE('',#10985,#11588);
#11588 = DEFINITIONAL_REPRESENTATION('',(#11589),#11593);
#11589 = LINE('',#11590,#11591);
#11590 = CARTESIAN_POINT('',(2.E+03,0.));
#11591 = VECTOR('',#11592,1.);
#11592 = DIRECTION('',(0.,-1.));
#11593 = ( GEOMETRIC_REPRESENTATION_CONTEXT(2) 
PARAMETRIC_REPRESENTATION_CONTEXT() REPRESENTATION_CONTEXT('2D SPACE',''
  ) );
#11594 = PCURVE('',#11067,#11595);
#11595 = DEFINITIONAL_REPRESENTATION('',(#11596),#11600);
#11596 = LINE('',#11597,#11598);
#11597 = CARTESIAN_POINT('',(0.,0.));
#11598 = VECTOR('',#11599,1.);
#11599 = DIRECTION('',(0.,-1.));
#11600 = ( GEOMETRIC_REPRESENTATION_CONTEXT(2) 
PARAMETRIC_REPRESENTATION_CONTEXT() REPRESENTATION_CONTEXT('2D SPACE',''
  ) );
#11601 = ADVANCED_FACE('',(#11602),#11013,.T.);
#11602 = FACE_BOUND('',#11603,.T.);
#11603 = EDGE_LOOP('',(#11604,#11627,#11628,#11629));
#11604 = ORIENTED_EDGE('',*,*,#11605,.F.);
#11605 = EDGE_CURVE('',#11530,#11606,#11608,.T.);
#11606 = VERTEX_POINT('',#11607);
#11607 = CARTESIAN_POINT('',(3.52E+04,0.,1.1E+03));
#11608 = SURFACE_CURVE('',#11609,(#11613,#11620),.PCURVE_S1.);
#11609 = LINE('',#11610,#11611);
#11610 = CARTESIAN_POINT('',(3.45E+04,0.,1.1E+03));
#11611 = VECTOR('',#11612,1.);
#11612 = DIRECTION('',(1.,0.,0.));
#11613 = PCURVE('',#11013,#11614);
#11614 = DEFINITIONAL_REPRESENTATION('',(#11615),#11619);
#11615 = LINE('',#11616,#11617);
#11616 = CARTESIAN_POINT('',(700.,0.));
#11617 = VECTOR('',#11618,1.);
#11618 = DIRECTION('',(1.,0.));
#11619 = ( GEOMETRIC_REPRESENTATION_CONTEXT(2) 
PARAMETRIC_REPRESENTATION_CONTEXT() REPRESENTATION_CONTEXT('2D SPACE',''
  ) );
#11620 = PCURVE('',#11547,#11621);
#11621 = DEFINITIONAL_REPRESENTATION('',(#11622),#11626);
#11622 = LINE('',#11623,#11624);
#11623 = CARTESIAN_POINT('',(0.,-1.E+03));
#11624 = VECTOR('',#11625,1.);
#11625 = DIRECTION('',(1.,0.));
#11626 = ( GEOMETRIC_REPRESENTATION_CONTEXT(2) 
PARAMETRIC_REPRESENTATION_CONTEXT() REPRESENTATION_CONTEXT('2D SPACE',''
  ) );
#11627 = ORIENTED_EDGE('',*,*,#11559,.T.);
#11628 = ORIENTED_EDGE('',*,*,#10997,.T.);
#11629 = ORIENTED_EDGE('',*,*,#11630,.F.);
#11630 = EDGE_CURVE('',#11606,#10998,#11631,.T.);
#11631 = SURFACE_CURVE('',#11632,(#11636,#11643),.PCURVE_S1.);
#11632 = LINE('',#11633,#11634);
#11633 = CARTESIAN_POINT('',(3.52E+04,0.,1.1E+03));
#11634 = VECTOR('',#11635,1.);
#11635 = DIRECTION('',(0.,-1.,0.));
#11636 = PCURVE('',#11013,#11637);
#11637 = DEFINITIONAL_REPRESENTATION('',(#11638),#11642);
#11638 = LINE('',#11639,#11640);
#11639 = CARTESIAN_POINT('',(1.4E+03,0.));
#11640 = VECTOR('',#11641,1.);
#11641 = DIRECTION('',(0.,-1.));
#11642 = ( GEOMETRIC_REPRESENTATION_CONTEXT(2) 
PARAMETRIC_REPRESENTATION_CONTEXT() REPRESENTATION_CONTEXT('2D SPACE',''
  ) );
#11643 = PCURVE('',#11041,#11644);
#11644 = DEFINITIONAL_REPRESENTATION('',(#11645),#11649);
#11645 = LINE('',#11646,#11647);
#11646 = CARTESIAN_POINT('',(0.,0.));
#11647 = VECTOR('',#11648,1.);
#11648 = DIRECTION('',(0.,-1.));
#11649 = ( GEOMETRIC_REPRESENTATION_CONTEXT(2) 
PARAMETRIC_REPRESENTATION_CONTEXT() REPRESENTATION_CONTEXT('2D SPACE',''
  ) );
#11650 = ADVANCED_FACE('',(#11651),#11067,.F.);
#11651 = FACE_BOUND('',#11652,.F.);
#11652 = EDGE_LOOP('',(#11653,#11676,#11677,#11678));
#11653 = ORIENTED_EDGE('',*,*,#11654,.F.);
#11654 = EDGE_CURVE('',#11532,#11655,#11657,.T.);
#11655 = VERTEX_POINT('',#11656);
#11656 = CARTESIAN_POINT('',(3.52E+04,0.,3.1E+03));
#11657 = SURFACE_CURVE('',#11658,(#11662,#11669),.PCURVE_S1.);
#11658 = LINE('',#11659,#11660);
#11659 = CARTESIAN_POINT('',(3.45E+04,0.,3.1E+03));
#11660 = VECTOR('',#11661,1.);
#11661 = DIRECTION('',(1.,0.,0.));
#11662 = PCURVE('',#11067,#11663);
#11663 = DEFINITIONAL_REPRESENTATION('',(#11664),#11668);
#11664 = LINE('',#11665,#11666);
#11665 = CARTESIAN_POINT('',(700.,0.));
#11666 = VECTOR('',#11667,1.);
#11667 = DIRECTION('',(1.,0.));
#11668 = ( GEOMETRIC_REPRESENTATION_CONTEXT(2) 
PARAMETRIC_REPRESENTATION_CONTEXT() REPRESENTATION_CONTEXT('2D SPACE',''
  ) );
#11669 = PCURVE('',#11547,#11670);
#11670 = DEFINITIONAL_REPRESENTATION('',(#11671),#11675);
#11671 = LINE('',#11672,#11673);
#11672 = CARTESIAN_POINT('',(0.,1.E+03));
#11673 = VECTOR('',#11674,1.);
#11674 = DIRECTION('',(1.,0.));
#11675 = ( GEOMETRIC_REPRESENTATION_CONTEXT(2) 
PARAMETRIC_REPRESENTATION_CONTEXT() REPRESENTATION_CONTEXT('2D SPACE',''
  ) );
#11676 = ORIENTED_EDGE('',*,*,#11581,.T.);
#11677 = ORIENTED_EDGE('',*,*,#11053,.T.);
#11678 = ORIENTED_EDGE('',*,*,#11679,.F.);
#11679 = EDGE_CURVE('',#11655,#11026,#11680,.T.);
#11680 = SURFACE_CURVE('',#11681,(#11685,#11692),.PCURVE_S1.);
#11681 = LINE('',#11682,#11683);
#11682 = CARTESIAN_POINT('',(3.52E+04,0.,3.1E+03));
#11683 = VECTOR('',#11684,1.);
#11684 = DIRECTION('',(0.,-1.,0.));
#11685 = PCURVE('',#11067,#11686);
#11686 = DEFINITIONAL_REPRESENTATION('',(#11687),#11691);
#11687 = LINE('',#11688,#11689);
#11688 = CARTESIAN_POINT('',(1.4E+03,0.));
#11689 = VECTOR('',#11690,1.);
#11690 = DIRECTION('',(0.,-1.));
#11691 = ( GEOMETRIC_REPRESENTATION_CONTEXT(2) 
PARAMETRIC_REPRESENTATION_CONTEXT() REPRESENTATION_CONTEXT('2D SPACE',''
  ) );
#11692 = PCURVE('',#11041,#11693);
#11693 = DEFINITIONAL_REPRESENTATION('',(#11694),#11698);
#11694 = LINE('',#11695,#11696);
#11695 = CARTESIAN_POINT('',(2.E+03,0.));
#11696 = VECTOR('',#11697,1.);
#11697 = DIRECTION('',(0.,-1.));
#11698 = ( GEOMETRIC_REPRESENTATION_CONTEXT(2) 
PARAMETRIC_REPRESENTATION_CONTEXT() REPRESENTATION_CONTEXT('2D SPACE',''
  ) );
#11699 = ADVANCED_FACE('',(#11700),#11041,.T.);
#11700 = FACE_BOUND('',#11701,.T.);
#11701 = EDGE_LOOP('',(#11702,#11723,#11724,#11725));
#11702 = ORIENTED_EDGE('',*,*,#11703,.F.);
#11703 = EDGE_CURVE('',#11606,#11655,#11704,.T.);
#11704 = SURFACE_CURVE('',#11705,(#11709,#11716),.PCURVE_S1.);
#11705 = LINE('',#11706,#11707);
#11706 = CARTESIAN_POINT('',(3.52E+04,0.,2.1E+03));
#11707 = VECTOR('',#11708,1.);
#11708 = DIRECTION('',(0.,0.,1.));
#11709 = PCURVE('',#11041,#11710);
#11710 = DEFINITIONAL_REPRESENTATION('',(#11711),#11715);
#11711 = LINE('',#11712,#11713);
#11712 = CARTESIAN_POINT('',(1.E+03,0.));
#11713 = VECTOR('',#11714,1.);
#11714 = DIRECTION('',(1.,0.));
#11715 = ( GEOMETRIC_REPRESENTATION_CONTEXT(2) 
PARAMETRIC_REPRESENTATION_CONTEXT() REPRESENTATION_CONTEXT('2D SPACE',''
  ) );
#11716 = PCURVE('',#11547,#11717);
#11717 = DEFINITIONAL_REPRESENTATION('',(#11718),#11722);
#11718 = LINE('',#11719,#11720);
#11719 = CARTESIAN_POINT('',(700.,0.));
#11720 = VECTOR('',#11721,1.);
#11721 = DIRECTION('',(0.,1.));
#11722 = ( GEOMETRIC_REPRESENTATION_CONTEXT(2) 
PARAMETRIC_REPRESENTATION_CONTEXT() REPRESENTATION_CONTEXT('2D SPACE',''
  ) );
#11723 = ORIENTED_EDGE('',*,*,#11630,.T.);
#11724 = ORIENTED_EDGE('',*,*,#11025,.T.);
#11725 = ORIENTED_EDGE('',*,*,#11679,.F.);
#11726 = ADVANCED_FACE('',(#11727),#11099,.F.);
#11727 = FACE_BOUND('',#11728,.F.);
#11728 = EDGE_LOOP('',(#11729,#11759,#11780,#11781));
#11729 = ORIENTED_EDGE('',*,*,#11730,.F.);
#11730 = EDGE_CURVE('',#11731,#11733,#11735,.T.);
#11731 = VERTEX_POINT('',#11732);
#11732 = CARTESIAN_POINT('',(3.93E+04,0.,1.1E+03));
#11733 = VERTEX_POINT('',#11734);
#11734 = CARTESIAN_POINT('',(3.93E+04,0.,3.1E+03));
#11735 = SURFACE_CURVE('',#11736,(#11740,#11747),.PCURVE_S1.);
#11736 = LINE('',#11737,#11738);
#11737 = CARTESIAN_POINT('',(3.93E+04,0.,2.1E+03));
#11738 = VECTOR('',#11739,1.);
#11739 = DIRECTION('',(0.,0.,1.));
#11740 = PCURVE('',#11099,#11741);
#11741 = DEFINITIONAL_REPRESENTATION('',(#11742),#11746);
#11742 = LINE('',#11743,#11744);
#11743 = CARTESIAN_POINT('',(1.E+03,0.));
#11744 = VECTOR('',#11745,1.);
#11745 = DIRECTION('',(1.,0.));
#11746 = ( GEOMETRIC_REPRESENTATION_CONTEXT(2) 
PARAMETRIC_REPRESENTATION_CONTEXT() REPRESENTATION_CONTEXT('2D SPACE',''
  ) );
#11747 = PCURVE('',#11748,#11753);
#11748 = PLANE('',#11749);
#11749 = AXIS2_PLACEMENT_3D('',#11750,#11751,#11752);
#11750 = CARTESIAN_POINT('',(4.E+04,0.,2.1E+03));
#11751 = DIRECTION('',(0.,-1.,0.));
#11752 = DIRECTION('',(1.,0.,0.));
#11753 = DEFINITIONAL_REPRESENTATION('',(#11754),#11758);
#11754 = LINE('',#11755,#11756);
#11755 = CARTESIAN_POINT('',(-700.,0.));
#11756 = VECTOR('',#11757,1.);
#11757 = DIRECTION('',(0.,1.));
#11758 = ( GEOMETRIC_REPRESENTATION_CONTEXT(2) 
PARAMETRIC_REPRESENTATION_CONTEXT() REPRESENTATION_CONTEXT('2D SPACE',''
  ) );
#11759 = ORIENTED_EDGE('',*,*,#11760,.T.);
#11760 = EDGE_CURVE('',#11731,#11082,#11761,.T.);
#11761 = SURFACE_CURVE('',#11762,(#11766,#11773),.PCURVE_S1.);
#11762 = LINE('',#11763,#11764);
#11763 = CARTESIAN_POINT('',(3.93E+04,0.,1.1E+03));
#11764 = VECTOR('',#11765,1.);
#11765 = DIRECTION('',(0.,-1.,0.));
#11766 = PCURVE('',#11099,#11767);
#11767 = DEFINITIONAL_REPRESENTATION('',(#11768),#11772);
#11768 = LINE('',#11769,#11770);
#11769 = CARTESIAN_POINT('',(0.,0.));
#11770 = VECTOR('',#11771,1.);
#11771 = DIRECTION('',(0.,-1.));
#11772 = ( GEOMETRIC_REPRESENTATION_CONTEXT(2) 
PARAMETRIC_REPRESENTATION_CONTEXT() REPRESENTATION_CONTEXT('2D SPACE',''
  ) );
#11773 = PCURVE('',#11127,#11774);
#11774 = DEFINITIONAL_REPRESENTATION('',(#11775),#11779);
#11775 = LINE('',#11776,#11777);
#11776 = CARTESIAN_POINT('',(0.,0.));
#11777 = VECTOR('',#11778,1.);
#11778 = DIRECTION('',(0.,-1.));
#11779 = ( GEOMETRIC_REPRESENTATION_CONTEXT(2) 
PARAMETRIC_REPRESENTATION_CONTEXT() REPRESENTATION_CONTEXT('2D SPACE',''
  ) );
#11780 = ORIENTED_EDGE('',*,*,#11081,.T.);
#11781 = ORIENTED_EDGE('',*,*,#11782,.F.);
#11782 = EDGE_CURVE('',#11733,#11084,#11783,.T.);
#11783 = SURFACE_CURVE('',#11784,(#11788,#11795),.PCURVE_S1.);
#11784 = LINE('',#11785,#11786);
#11785 = CARTESIAN_POINT('',(3.93E+04,0.,3.1E+03));
#11786 = VECTOR('',#11787,1.);
#11787 = DIRECTION('',(0.,-1.,0.));
#11788 = PCURVE('',#11099,#11789);
#11789 = DEFINITIONAL_REPRESENTATION('',(#11790),#11794);
#11790 = LINE('',#11791,#11792);
#11791 = CARTESIAN_POINT('',(2.E+03,0.));
#11792 = VECTOR('',#11793,1.);
#11793 = DIRECTION('',(0.,-1.));
#11794 = ( GEOMETRIC_REPRESENTATION_CONTEXT(2) 
PARAMETRIC_REPRESENTATION_CONTEXT() REPRESENTATION_CONTEXT('2D SPACE',''
  ) );
#11795 = PCURVE('',#11181,#11796);
#11796 = DEFINITIONAL_REPRESENTATION('',(#11797),#11801);
#11797 = LINE('',#11798,#11799);
#11798 = CARTESIAN_POINT('',(0.,0.));
#11799 = VECTOR('',#11800,1.);
#11800 = DIRECTION('',(0.,-1.));
#11801 = ( GEOMETRIC_REPRESENTATION_CONTEXT(2) 
PARAMETRIC_REPRESENTATION_CONTEXT() REPRESENTATION_CONTEXT('2D SPACE',''
  ) );
#11802 = ADVANCED_FACE('',(#11803),#11181,.F.);
#11803 = FACE_BOUND('',#11804,.F.);
#11804 = EDGE_LOOP('',(#11805,#11828,#11829,#11830));
#11805 = ORIENTED_EDGE('',*,*,#11806,.F.);
#11806 = EDGE_CURVE('',#11733,#11807,#11809,.T.);
#11807 = VERTEX_POINT('',#11808);
#11808 = CARTESIAN_POINT('',(4.07E+04,0.,3.1E+03));
#11809 = SURFACE_CURVE('',#11810,(#11814,#11821),.PCURVE_S1.);
#11810 = LINE('',#11811,#11812);
#11811 = CARTESIAN_POINT('',(4.E+04,0.,3.1E+03));
#11812 = VECTOR('',#11813,1.);
#11813 = DIRECTION('',(1.,0.,0.));
#11814 = PCURVE('',#11181,#11815);
#11815 = DEFINITIONAL_REPRESENTATION('',(#11816),#11820);
#11816 = LINE('',#11817,#11818);
#11817 = CARTESIAN_POINT('',(700.,0.));
#11818 = VECTOR('',#11819,1.);
#11819 = DIRECTION('',(1.,0.));
#11820 = ( GEOMETRIC_REPRESENTATION_CONTEXT(2) 
PARAMETRIC_REPRESENTATION_CONTEXT() REPRESENTATION_CONTEXT('2D SPACE',''
  ) );
#11821 = PCURVE('',#11748,#11822);
#11822 = DEFINITIONAL_REPRESENTATION('',(#11823),#11827);
#11823 = LINE('',#11824,#11825);
#11824 = CARTESIAN_POINT('',(0.,1.E+03));
#11825 = VECTOR('',#11826,1.);
#11826 = DIRECTION('',(1.,0.));
#11827 = ( GEOMETRIC_REPRESENTATION_CONTEXT(2) 
PARAMETRIC_REPRESENTATION_CONTEXT() REPRESENTATION_CONTEXT('2D SPACE',''
  ) );
#11828 = ORIENTED_EDGE('',*,*,#11782,.T.);
#11829 = ORIENTED_EDGE('',*,*,#11167,.T.);
#11830 = ORIENTED_EDGE('',*,*,#11831,.F.);
#11831 = EDGE_CURVE('',#11807,#11140,#11832,.T.);
#11832 = SURFACE_CURVE('',#11833,(#11837,#11844),.PCURVE_S1.);
#11833 = LINE('',#11834,#11835);
#11834 = CARTESIAN_POINT('',(4.07E+04,0.,3.1E+03));
#11835 = VECTOR('',#11836,1.);
#11836 = DIRECTION('',(0.,-1.,0.));
#11837 = PCURVE('',#11181,#11838);
#11838 = DEFINITIONAL_REPRESENTATION('',(#11839),#11843);
#11839 = LINE('',#11840,#11841);
#11840 = CARTESIAN_POINT('',(1.4E+03,0.));
#11841 = VECTOR('',#11842,1.);
#11842 = DIRECTION('',(0.,-1.));
#11843 = ( GEOMETRIC_REPRESENTATION_CONTEXT(2) 
PARAMETRIC_REPRESENTATION_CONTEXT() REPRESENTATION_CONTEXT('2D SPACE',''
  ) );
#11844 = PCURVE('',#11155,#11845);
#11845 = DEFINITIONAL_REPRESENTATION('',(#11846),#11850);
#11846 = LINE('',#11847,#11848);
#11847 = CARTESIAN_POINT('',(2.E+03,0.));
#11848 = VECTOR('',#11849,1.);
#11849 = DIRECTION('',(0.,-1.));
#11850 = ( GEOMETRIC_REPRESENTATION_CONTEXT(2) 
PARAMETRIC_REPRESENTATION_CONTEXT() REPRESENTATION_CONTEXT('2D SPACE',''
  ) );
#11851 = ADVANCED_FACE('',(#11852),#11155,.T.);
#11852 = FACE_BOUND('',#11853,.T.);
#11853 = EDGE_LOOP('',(#11854,#11877,#11898,#11899));
#11854 = ORIENTED_EDGE('',*,*,#11855,.F.);
#11855 = EDGE_CURVE('',#11856,#11807,#11858,.T.);
#11856 = VERTEX_POINT('',#11857);
#11857 = CARTESIAN_POINT('',(4.07E+04,0.,1.1E+03));
#11858 = SURFACE_CURVE('',#11859,(#11863,#11870),.PCURVE_S1.);
#11859 = LINE('',#11860,#11861);
#11860 = CARTESIAN_POINT('',(4.07E+04,0.,2.1E+03));
#11861 = VECTOR('',#11862,1.);
#11862 = DIRECTION('',(0.,0.,1.));
#11863 = PCURVE('',#11155,#11864);
#11864 = DEFINITIONAL_REPRESENTATION('',(#11865),#11869);
#11865 = LINE('',#11866,#11867);
#11866 = CARTESIAN_POINT('',(1.E+03,0.));
#11867 = VECTOR('',#11868,1.);
#11868 = DIRECTION('',(1.,0.));
#11869 = ( GEOMETRIC_REPRESENTATION_CONTEXT(2) 
PARAMETRIC_REPRESENTATION_CONTEXT() REPRESENTATION_CONTEXT('2D SPACE',''
  ) );
#11870 = PCURVE('',#11748,#11871);
#11871 = DEFINITIONAL_REPRESENTATION('',(#11872),#11876);
#11872 = LINE('',#11873,#11874);
#11873 = CARTESIAN_POINT('',(700.,0.));
#11874 = VECTOR('',#11875,1.);
#11875 = DIRECTION('',(0.,1.));
#11876 = ( GEOMETRIC_REPRESENTATION_CONTEXT(2) 
PARAMETRIC_REPRESENTATION_CONTEXT() REPRESENTATION_CONTEXT('2D SPACE',''
  ) );
#11877 = ORIENTED_EDGE('',*,*,#11878,.T.);
#11878 = EDGE_CURVE('',#11856,#11112,#11879,.T.);
#11879 = SURFACE_CURVE('',#11880,(#11884,#11891),.PCURVE_S1.);
#11880 = LINE('',#11881,#11882);
#11881 = CARTESIAN_POINT('',(4.07E+04,0.,1.1E+03));
#11882 = VECTOR('',#11883,1.);
#11883 = DIRECTION('',(0.,-1.,0.));
#11884 = PCURVE('',#11155,#11885);
#11885 = DEFINITIONAL_REPRESENTATION('',(#11886),#11890);
#11886 = LINE('',#11887,#11888);
#11887 = CARTESIAN_POINT('',(0.,0.));
#11888 = VECTOR('',#11889,1.);
#11889 = DIRECTION('',(0.,-1.));
#11890 = ( GEOMETRIC_REPRESENTATION_CONTEXT(2) 
PARAMETRIC_REPRESENTATION_CONTEXT() REPRESENTATION_CONTEXT('2D SPACE',''
  ) );
#11891 = PCURVE('',#11127,#11892);
#11892 = DEFINITIONAL_REPRESENTATION('',(#11893),#11897);
#11893 = LINE('',#11894,#11895);
#11894 = CARTESIAN_POINT('',(1.4E+03,0.));
#11895 = VECTOR('',#11896,1.);
#11896 = DIRECTION('',(0.,-1.));
#11897 = ( GEOMETRIC_REPRESENTATION_CONTEXT(2) 
PARAMETRIC_REPRESENTATION_CONTEXT() REPRESENTATION_CONTEXT('2D SPACE',''
  ) );
#11898 = ORIENTED_EDGE('',*,*,#11139,.T.);
#11899 = ORIENTED_EDGE('',*,*,#11831,.F.);
#11900 = ADVANCED_FACE('',(#11901),#11127,.T.);
#11901 = FACE_BOUND('',#11902,.T.);
#11902 = EDGE_LOOP('',(#11903,#11924,#11925,#11926));
#11903 = ORIENTED_EDGE('',*,*,#11904,.F.);
#11904 = EDGE_CURVE('',#11731,#11856,#11905,.T.);
#11905 = SURFACE_CURVE('',#11906,(#11910,#11917),.PCURVE_S1.);
#11906 = LINE('',#11907,#11908);
#11907 = CARTESIAN_POINT('',(4.E+04,0.,1.1E+03));
#11908 = VECTOR('',#11909,1.);
#11909 = DIRECTION('',(1.,0.,0.));
#11910 = PCURVE('',#11127,#11911);
#11911 = DEFINITIONAL_REPRESENTATION('',(#11912),#11916);
#11912 = LINE('',#11913,#11914);
#11913 = CARTESIAN_POINT('',(700.,0.));
#11914 = VECTOR('',#11915,1.);
#11915 = DIRECTION('',(1.,0.));
#11916 = ( GEOMETRIC_REPRESENTATION_CONTEXT(2) 
PARAMETRIC_REPRESENTATION_CONTEXT() REPRESENTATION_CONTEXT('2D SPACE',''
  ) );
#11917 = PCURVE('',#11748,#11918);
#11918 = DEFINITIONAL_REPRESENTATION('',(#11919),#11923);
#11919 = LINE('',#11920,#11921);
#11920 = CARTESIAN_POINT('',(0.,-1.E+03));
#11921 = VECTOR('',#11922,1.);
#11922 = DIRECTION('',(1.,0.));
#11923 = ( GEOMETRIC_REPRESENTATION_CONTEXT(2) 
PARAMETRIC_REPRESENTATION_CONTEXT() REPRESENTATION_CONTEXT('2D SPACE',''
  ) );
#11924 = ORIENTED_EDGE('',*,*,#11760,.T.);
#11925 = ORIENTED_EDGE('',*,*,#11111,.T.);
#11926 = ORIENTED_EDGE('',*,*,#11878,.F.);
#11927 = ADVANCED_FACE('',(#11928),#11346,.T.);
#11928 = FACE_BOUND('',#11929,.T.);
#11929 = EDGE_LOOP('',(#11930,#11931,#11932,#11933));
#11930 = ORIENTED_EDGE('',*,*,#11328,.F.);
#11931 = ORIENTED_EDGE('',*,*,#11404,.T.);
#11932 = ORIENTED_EDGE('',*,*,#11502,.T.);
#11933 = ORIENTED_EDGE('',*,*,#11453,.F.);
#11934 = ADVANCED_FACE('',(#11935),#11547,.T.);
#11935 = FACE_BOUND('',#11936,.T.);
#11936 = EDGE_LOOP('',(#11937,#11938,#11939,#11940));
#11937 = ORIENTED_EDGE('',*,*,#11529,.F.);
#11938 = ORIENTED_EDGE('',*,*,#11605,.T.);
#11939 = ORIENTED_EDGE('',*,*,#11703,.T.);
#11940 = ORIENTED_EDGE('',*,*,#11654,.F.);
#11941 = ADVANCED_FACE('',(#11942),#11748,.T.);
#11942 = FACE_BOUND('',#11943,.T.);
#11943 = EDGE_LOOP('',(#11944,#11945,#11946,#11947));
#11944 = ORIENTED_EDGE('',*,*,#11730,.F.);
#11945 = ORIENTED_EDGE('',*,*,#11904,.T.);
#11946 = ORIENTED_EDGE('',*,*,#11855,.T.);
#11947 = ORIENTED_EDGE('',*,*,#11806,.F.);
#11948 = ( GEOMETRIC_REPRESENTATION_CONTEXT(3) 
GLOBAL_UNCERTAINTY_ASSIGNED_CONTEXT((#11952)) 
GLOBAL_UNIT_ASSIGNED_CONTEXT((#11949,#11950,#11951)) 
REPRESENTATION_CONTEXT('Context #1',
  '3D Context with UNIT and UNCERTAINTY') );
#11949 = ( LENGTH_UNIT() NAMED_UNIT(*) SI_UNIT(.MILLI.,.METRE.) );
#11950 = ( NAMED_UNIT(*) PLANE_ANGLE_UNIT() SI_UNIT($,.RADIAN.) );
#11951 = ( NAMED_UNIT(*) SI_UNIT($,.STERADIAN.) SOLID_ANGLE_UNIT() );
#11952 = UNCERTAINTY_MEASURE_WITH_UNIT(LENGTH_MEASURE(1.E-07),#11949,
  'distance_accuracy_value','confusion accuracy');
#11953 = CONTEXT_DEPENDENT_SHAPE_REPRESENTATION(#11954,#11956);
#11954 = ( REPRESENTATION_RELATIONSHIP('','',#10651,#10628) 
REPRESENTATION_RELATIONSHIP_WITH_TRANSFORMATION(#11955) 
SHAPE_REPRESENTATION_RELATIONSHIP() );
#11955 = ITEM_DEFINED_TRANSFORMATION('','',#11,#10629);
#11956 = PRODUCT_DEFINITION_SHAPE('Placement','Placement of an item',
  #11957);
#11957 = NEXT_ASSEMBLY_USAGE_OCCURRENCE('1182','=>[0:1:1:77]','',#10623,
  #10646,$);
#11958 = PRODUCT_RELATED_PRODUCT_CATEGORY('part',$,(#10648));
#11959 = SHAPE_DEFINITION_REPRESENTATION(#11960,#11966);
#11960 = PRODUCT_DEFINITION_SHAPE('','',#11961);
#11961 = PRODUCT_DEFINITION('design','',#11962,#11965);
#11962 = PRODUCT_DEFINITION_FORMATION('','',#11963);
#11963 = PRODUCT('Bogie (2-axle, simplified)',
  'Bogie (2-axle, simplified)','',(#11964));
#11964 = PRODUCT_CONTEXT('',#2,'mechanical');
#11965 = PRODUCT_DEFINITION_CONTEXT('part definition',#2,'design');
#11966 = SHAPE_REPRESENTATION('',(#11,#11967,#11971,#11975,#11979,#11983
    ),#11987);
#11967 = AXIS2_PLACEMENT_3D('',#11968,#11969,#11970);
#11968 = CARTESIAN_POINT('',(0.,0.,0.));
#11969 = DIRECTION('',(0.,0.,1.));
#11970 = DIRECTION('',(1.,0.,-0.));
#11971 = AXIS2_PLACEMENT_3D('',#11972,#11973,#11974);
#11972 = CARTESIAN_POINT('',(0.,0.,0.));
#11973 = DIRECTION('',(0.,0.,1.));
#11974 = DIRECTION('',(1.,0.,-0.));
#11975 = AXIS2_PLACEMENT_3D('',#11976,#11977,#11978);
#11976 = CARTESIAN_POINT('',(0.,0.,0.));
#11977 = DIRECTION('',(0.,0.,1.));
#11978 = DIRECTION('',(1.,0.,-0.));
#11979 = AXIS2_PLACEMENT_3D('',#11980,#11981,#11982);
#11980 = CARTESIAN_POINT('',(0.,0.,0.));
#11981 = DIRECTION('',(0.,0.,1.));
#11982 = DIRECTION('',(1.,0.,-0.));
#11983 = AXIS2_PLACEMENT_3D('',#11984,#11985,#11986);
#11984 = CARTESIAN_POINT('',(0.,0.,0.));
#11985 = DIRECTION('',(0.,0.,1.));
#11986 = DIRECTION('',(1.,0.,-0.));
#11987 = ( GEOMETRIC_REPRESENTATION_CONTEXT(3) 
GLOBAL_UNCERTAINTY_ASSIGNED_CONTEXT((#11991)) 
GLOBAL_UNIT_ASSIGNED_CONTEXT((#11988,#11989,#11990)) 
REPRESENTATION_CONTEXT('Context #1',
  '3D Context with UNIT and UNCERTAINTY') );
#11988 = ( LENGTH_UNIT() NAMED_UNIT(*) SI_UNIT(.MILLI.,.METRE.) );
#11989 = ( NAMED_UNIT(*) PLANE_ANGLE_UNIT() SI_UNIT($,.RADIAN.) );
#11990 = ( NAMED_UNIT(*) SI_UNIT($,.STERADIAN.) SOLID_ANGLE_UNIT() );
#11991 = UNCERTAINTY_MEASURE_WITH_UNIT(LENGTH_MEASURE(1.E-07),#11988,
  'distance_accuracy_value','confusion accuracy');
#11992 = CONTEXT_DEPENDENT_SHAPE_REPRESENTATION(#11993,#11995);
#11993 = ( REPRESENTATION_RELATIONSHIP('','',#11966,#10) 
REPRESENTATION_RELATIONSHIP_WITH_TRANSFORMATION(#11994) 
SHAPE_REPRESENTATION_RELATIONSHIP() );
#11994 = ITEM_DEFINED_TRANSFORMATION('','',#11,#59);
#11995 = PRODUCT_DEFINITION_SHAPE('Placement','Placement of an item',
  #11996);
#11996 = NEXT_ASSEMBLY_USAGE_OCCURRENCE('1194','=>[0:1:1:78]','',#5,
  #11961,$);
#11997 = PRODUCT_RELATED_PRODUCT_CATEGORY('part',$,(#11963));
#11998 = SHAPE_DEFINITION_REPRESENTATION(#11999,#12005);
#11999 = PRODUCT_DEFINITION_SHAPE('','',#12000);
#12000 = PRODUCT_DEFINITION('design','',#12001,#12004);
#12001 = PRODUCT_DEFINITION_FORMATION('','',#12002);
#12002 = PRODUCT('ASSEMBLY','ASSEMBLY','',(#12003));
#12003 = PRODUCT_CONTEXT('',#2,'mechanical');
#12004 = PRODUCT_DEFINITION_CONTEXT('part definition',#2,'design');
#12005 = SHAPE_REPRESENTATION('',(#11,#12006),#12010);
#12006 = AXIS2_PLACEMENT_3D('',#12007,#12008,#12009);
#12007 = CARTESIAN_POINT('',(0.,0.,0.));
#12008 = DIRECTION('',(0.,0.,1.));
#12009 = DIRECTION('',(1.,0.,-0.));
#12010 = ( GEOMETRIC_REPRESENTATION_CONTEXT(3) 
GLOBAL_UNCERTAINTY_ASSIGNED_CONTEXT((#12014)) 
GLOBAL_UNIT_ASSIGNED_CONTEXT((#12011,#12012,#12013)) 
REPRESENTATION_CONTEXT('Context #1',
  '3D Context with UNIT and UNCERTAINTY') );
#12011 = ( LENGTH_UNIT() NAMED_UNIT(*) SI_UNIT(.MILLI.,.METRE.) );
#12012 = ( NAMED_UNIT(*) PLANE_ANGLE_UNIT() SI_UNIT($,.RADIAN.) );
#12013 = ( NAMED_UNIT(*) SI_UNIT($,.STERADIAN.) SOLID_ANGLE_UNIT() );
#12014 = UNCERTAINTY_MEASURE_WITH_UNIT(LENGTH_MEASURE(1.E-07),#12011,
  'distance_accuracy_value','confusion accuracy');
#12015 = CONTEXT_DEPENDENT_SHAPE_REPRESENTATION(#12016,#12018);
#12016 = ( REPRESENTATION_RELATIONSHIP('','',#12005,#11966) 
REPRESENTATION_RELATIONSHIP_WITH_TRANSFORMATION(#12017) 
SHAPE_REPRESENTATION_RELATIONSHIP() );
#12017 = ITEM_DEFINED_TRANSFORMATION('','',#11,#11967);
#12018 = PRODUCT_DEFINITION_SHAPE('Placement','Placement of an item',
  #12019);
#12019 = NEXT_ASSEMBLY_USAGE_OCCURRENCE('1185','=>[0:1:1:79]','',#11961,
  #12000,$);
#12020 = PRODUCT_RELATED_PRODUCT_CATEGORY('part',$,(#12002));
#12021 = SHAPE_DEFINITION_REPRESENTATION(#12022,#12028);
#12022 = PRODUCT_DEFINITION_SHAPE('','',#12023);
#12023 = PRODUCT_DEFINITION('design','',#12024,#12027);
#12024 = PRODUCT_DEFINITION_FORMATION('','',#12025);
#12025 = PRODUCT('SOLID','SOLID','',(#12026));
#12026 = PRODUCT_CONTEXT('',#2,'mechanical');
#12027 = PRODUCT_DEFINITION_CONTEXT('part definition',#2,'design');
#12028 = ADVANCED_BREP_SHAPE_REPRESENTATION('',(#11,#12029),#12359);
#12029 = MANIFOLD_SOLID_BREP('',#12030);
#12030 = CLOSED_SHELL('',(#12031,#12151,#12227,#12298,#12345,#12352));
#12031 = ADVANCED_FACE('',(#12032),#12046,.T.);
#12032 = FACE_BOUND('',#12033,.T.);
#12033 = EDGE_LOOP('',(#12034,#12069,#12097,#12125));
#12034 = ORIENTED_EDGE('',*,*,#12035,.T.);
#12035 = EDGE_CURVE('',#12036,#12038,#12040,.T.);
#12036 = VERTEX_POINT('',#12037);
#12037 = CARTESIAN_POINT('',(2.385E+04,-1.2E+03,455.));
#12038 = VERTEX_POINT('',#12039);
#12039 = CARTESIAN_POINT('',(2.385E+04,-1.2E+03,755.));
#12040 = SURFACE_CURVE('',#12041,(#12045,#12057),.PCURVE_S1.);
#12041 = LINE('',#12042,#12043);
#12042 = CARTESIAN_POINT('',(2.385E+04,-1.2E+03,455.));
#12043 = VECTOR('',#12044,1.);
#12044 = DIRECTION('',(0.,0.,1.));
#12045 = PCURVE('',#12046,#12051);
#12046 = PLANE('',#12047);
#12047 = AXIS2_PLACEMENT_3D('',#12048,#12049,#12050);
#12048 = CARTESIAN_POINT('',(2.385E+04,-1.2E+03,455.));
#12049 = DIRECTION('',(-1.,0.,0.));
#12050 = DIRECTION('',(0.,1.,0.));
#12051 = DEFINITIONAL_REPRESENTATION('',(#12052),#12056);
#12052 = LINE('',#12053,#12054);
#12053 = CARTESIAN_POINT('',(0.,0.));
#12054 = VECTOR('',#12055,1.);
#12055 = DIRECTION('',(0.,-1.));
#12056 = ( GEOMETRIC_REPRESENTATION_CONTEXT(2) 
PARAMETRIC_REPRESENTATION_CONTEXT() REPRESENTATION_CONTEXT('2D SPACE',''
  ) );
#12057 = PCURVE('',#12058,#12063);
#12058 = PLANE('',#12059);
#12059 = AXIS2_PLACEMENT_3D('',#12060,#12061,#12062);
#12060 = CARTESIAN_POINT('',(2.385E+04,-1.2E+03,455.));
#12061 = DIRECTION('',(0.,1.,0.));
#12062 = DIRECTION('',(1.,0.,0.));
#12063 = DEFINITIONAL_REPRESENTATION('',(#12064),#12068);
#12064 = LINE('',#12065,#12066);
#12065 = CARTESIAN_POINT('',(0.,0.));
#12066 = VECTOR('',#12067,1.);
#12067 = DIRECTION('',(0.,-1.));
#12068 = ( GEOMETRIC_REPRESENTATION_CONTEXT(2) 
PARAMETRIC_REPRESENTATION_CONTEXT() REPRESENTATION_CONTEXT('2D SPACE',''
  ) );
#12069 = ORIENTED_EDGE('',*,*,#12070,.T.);
#12070 = EDGE_CURVE('',#12038,#12071,#12073,.T.);
#12071 = VERTEX_POINT('',#12072);
#12072 = CARTESIAN_POINT('',(2.385E+04,1.2E+03,755.));
#12073 = SURFACE_CURVE('',#12074,(#12078,#12085),.PCURVE_S1.);
#12074 = LINE('',#12075,#12076);
#12075 = CARTESIAN_POINT('',(2.385E+04,0.,755.));
#12076 = VECTOR('',#12077,1.);
#12077 = DIRECTION('',(0.,1.,0.));
#12078 = PCURVE('',#12046,#12079);
#12079 = DEFINITIONAL_REPRESENTATION('',(#12080),#12084);
#12080 = LINE('',#12081,#12082);
#12081 = CARTESIAN_POINT('',(1.2E+03,-300.));
#12082 = VECTOR('',#12083,1.);
#12083 = DIRECTION('',(1.,0.));
#12084 = ( GEOMETRIC_REPRESENTATION_CONTEXT(2) 
PARAMETRIC_REPRESENTATION_CONTEXT() REPRESENTATION_CONTEXT('2D SPACE',''
  ) );
#12085 = PCURVE('',#12086,#12091);
#12086 = PLANE('',#12087);
#12087 = AXIS2_PLACEMENT_3D('',#12088,#12089,#12090);
#12088 = CARTESIAN_POINT('',(2.56E+04,0.,755.));
#12089 = DIRECTION('',(0.,0.,1.));
#12090 = DIRECTION('',(1.,0.,0.));
#12091 = DEFINITIONAL_REPRESENTATION('',(#12092),#12096);
#12092 = LINE('',#12093,#12094);
#12093 = CARTESIAN_POINT('',(-1.75E+03,0.));
#12094 = VECTOR('',#12095,1.);
#12095 = DIRECTION('',(0.,1.));
#12096 = ( GEOMETRIC_REPRESENTATION_CONTEXT(2) 
PARAMETRIC_REPRESENTATION_CONTEXT() REPRESENTATION_CONTEXT('2D SPACE',''
  ) );
#12097 = ORIENTED_EDGE('',*,*,#12098,.F.);
#12098 = EDGE_CURVE('',#12099,#12071,#12101,.T.);
#12099 = VERTEX_POINT('',#12100);
#12100 = CARTESIAN_POINT('',(2.385E+04,1.2E+03,455.));
#12101 = SURFACE_CURVE('',#12102,(#12106,#12113),.PCURVE_S1.);
#12102 = LINE('',#12103,#12104);
#12103 = CARTESIAN_POINT('',(2.385E+04,1.2E+03,455.));
#12104 = VECTOR('',#12105,1.);
#12105 = DIRECTION('',(0.,0.,1.));
#12106 = PCURVE('',#12046,#12107);
#12107 = DEFINITIONAL_REPRESENTATION('',(#12108),#12112);
#12108 = LINE('',#12109,#12110);
#12109 = CARTESIAN_POINT('',(2.4E+03,0.));
#12110 = VECTOR('',#12111,1.);
#12111 = DIRECTION('',(0.,-1.));
#12112 = ( GEOMETRIC_REPRESENTATION_CONTEXT(2) 
PARAMETRIC_REPRESENTATION_CONTEXT() REPRESENTATION_CONTEXT('2D SPACE',''
  ) );
#12113 = PCURVE('',#12114,#12119);
#12114 = PLANE('',#12115);
#12115 = AXIS2_PLACEMENT_3D('',#12116,#12117,#12118);
#12116 = CARTESIAN_POINT('',(2.385E+04,1.2E+03,455.));
#12117 = DIRECTION('',(0.,1.,0.));
#12118 = DIRECTION('',(1.,0.,0.));
#12119 = DEFINITIONAL_REPRESENTATION('',(#12120),#12124);
#12120 = LINE('',#12121,#12122);
#12121 = CARTESIAN_POINT('',(0.,0.));
#12122 = VECTOR('',#12123,1.);
#12123 = DIRECTION('',(0.,-1.));
#12124 = ( GEOMETRIC_REPRESENTATION_CONTEXT(2) 
PARAMETRIC_REPRESENTATION_CONTEXT() REPRESENTATION_CONTEXT('2D SPACE',''
  ) );
#12125 = ORIENTED_EDGE('',*,*,#12126,.F.);
#12126 = EDGE_CURVE('',#12036,#12099,#12127,.T.);
#12127 = SURFACE_CURVE('',#12128,(#12132,#12139),.PCURVE_S1.);
#12128 = LINE('',#12129,#12130);
#12129 = CARTESIAN_POINT('',(2.385E+04,0.,455.));
#12130 = VECTOR('',#12131,1.);
#12131 = DIRECTION('',(0.,1.,0.));
#12132 = PCURVE('',#12046,#12133);
#12133 = DEFINITIONAL_REPRESENTATION('',(#12134),#12138);
#12134 = LINE('',#12135,#12136);
#12135 = CARTESIAN_POINT('',(1.2E+03,0.));
#12136 = VECTOR('',#12137,1.);
#12137 = DIRECTION('',(1.,0.));
#12138 = ( GEOMETRIC_REPRESENTATION_CONTEXT(2) 
PARAMETRIC_REPRESENTATION_CONTEXT() REPRESENTATION_CONTEXT('2D SPACE',''
  ) );
#12139 = PCURVE('',#12140,#12145);
#12140 = PLANE('',#12141);
#12141 = AXIS2_PLACEMENT_3D('',#12142,#12143,#12144);
#12142 = CARTESIAN_POINT('',(2.56E+04,0.,455.));
#12143 = DIRECTION('',(0.,0.,1.));
#12144 = DIRECTION('',(1.,0.,0.));
#12145 = DEFINITIONAL_REPRESENTATION('',(#12146),#12150);
#12146 = LINE('',#12147,#12148);
#12147 = CARTESIAN_POINT('',(-1.75E+03,0.));
#12148 = VECTOR('',#12149,1.);
#12149 = DIRECTION('',(0.,1.));
#12150 = ( GEOMETRIC_REPRESENTATION_CONTEXT(2) 
PARAMETRIC_REPRESENTATION_CONTEXT() REPRESENTATION_CONTEXT('2D SPACE',''
  ) );
#12151 = ADVANCED_FACE('',(#12152),#12058,.F.);
#12152 = FACE_BOUND('',#12153,.F.);
#12153 = EDGE_LOOP('',(#12154,#12155,#12178,#12206));
#12154 = ORIENTED_EDGE('',*,*,#12035,.T.);
#12155 = ORIENTED_EDGE('',*,*,#12156,.T.);
#12156 = EDGE_CURVE('',#12038,#12157,#12159,.T.);
#12157 = VERTEX_POINT('',#12158);
#12158 = CARTESIAN_POINT('',(2.735E+04,-1.2E+03,755.));
#12159 = SURFACE_CURVE('',#12160,(#12164,#12171),.PCURVE_S1.);
#12160 = LINE('',#12161,#12162);
#12161 = CARTESIAN_POINT('',(2.56E+04,-1.2E+03,755.));
#12162 = VECTOR('',#12163,1.);
#12163 = DIRECTION('',(1.,0.,0.));
#12164 = PCURVE('',#12058,#12165);
#12165 = DEFINITIONAL_REPRESENTATION('',(#12166),#12170);
#12166 = LINE('',#12167,#12168);
#12167 = CARTESIAN_POINT('',(1.75E+03,-300.));
#12168 = VECTOR('',#12169,1.);
#12169 = DIRECTION('',(1.,0.));
#12170 = ( GEOMETRIC_REPRESENTATION_CONTEXT(2) 
PARAMETRIC_REPRESENTATION_CONTEXT() REPRESENTATION_CONTEXT('2D SPACE',''
  ) );
#12171 = PCURVE('',#12086,#12172);
#12172 = DEFINITIONAL_REPRESENTATION('',(#12173),#12177);
#12173 = LINE('',#12174,#12175);
#12174 = CARTESIAN_POINT('',(0.,-1.2E+03));
#12175 = VECTOR('',#12176,1.);
#12176 = DIRECTION('',(1.,0.));
#12177 = ( GEOMETRIC_REPRESENTATION_CONTEXT(2) 
PARAMETRIC_REPRESENTATION_CONTEXT() REPRESENTATION_CONTEXT('2D SPACE',''
  ) );
#12178 = ORIENTED_EDGE('',*,*,#12179,.F.);
#12179 = EDGE_CURVE('',#12180,#12157,#12182,.T.);
#12180 = VERTEX_POINT('',#12181);
#12181 = CARTESIAN_POINT('',(2.735E+04,-1.2E+03,455.));
#12182 = SURFACE_CURVE('',#12183,(#12187,#12194),.PCURVE_S1.);
#12183 = LINE('',#12184,#12185);
#12184 = CARTESIAN_POINT('',(2.735E+04,-1.2E+03,455.));
#12185 = VECTOR('',#12186,1.);
#12186 = DIRECTION('',(0.,0.,1.));
#12187 = PCURVE('',#12058,#12188);
#12188 = DEFINITIONAL_REPRESENTATION('',(#12189),#12193);
#12189 = LINE('',#12190,#12191);
#12190 = CARTESIAN_POINT('',(3.5E+03,0.));
#12191 = VECTOR('',#12192,1.);
#12192 = DIRECTION('',(0.,-1.));
#12193 = ( GEOMETRIC_REPRESENTATION_CONTEXT(2) 
PARAMETRIC_REPRESENTATION_CONTEXT() REPRESENTATION_CONTEXT('2D SPACE',''
  ) );
#12194 = PCURVE('',#12195,#12200);
#12195 = PLANE('',#12196);
#12196 = AXIS2_PLACEMENT_3D('',#12197,#12198,#12199);
#12197 = CARTESIAN_POINT('',(2.735E+04,-1.2E+03,455.));
#12198 = DIRECTION('',(-1.,0.,0.));
#12199 = DIRECTION('',(0.,1.,0.));
#12200 = DEFINITIONAL_REPRESENTATION('',(#12201),#12205);
#12201 = LINE('',#12202,#12203);
#12202 = CARTESIAN_POINT('',(0.,0.));
#12203 = VECTOR('',#12204,1.);
#12204 = DIRECTION('',(0.,-1.));
#12205 = ( GEOMETRIC_REPRESENTATION_CONTEXT(2) 
PARAMETRIC_REPRESENTATION_CONTEXT() REPRESENTATION_CONTEXT('2D SPACE',''
  ) );
#12206 = ORIENTED_EDGE('',*,*,#12207,.F.);
#12207 = EDGE_CURVE('',#12036,#12180,#12208,.T.);
#12208 = SURFACE_CURVE('',#12209,(#12213,#12220),.PCURVE_S1.);
#12209 = LINE('',#12210,#12211);
#12210 = CARTESIAN_POINT('',(2.56E+04,-1.2E+03,455.));
#12211 = VECTOR('',#12212,1.);
#12212 = DIRECTION('',(1.,0.,0.));
#12213 = PCURVE('',#12058,#12214);
#12214 = DEFINITIONAL_REPRESENTATION('',(#12215),#12219);
#12215 = LINE('',#12216,#12217);
#12216 = CARTESIAN_POINT('',(1.75E+03,0.));
#12217 = VECTOR('',#12218,1.);
#12218 = DIRECTION('',(1.,0.));
#12219 = ( GEOMETRIC_REPRESENTATION_CONTEXT(2) 
PARAMETRIC_REPRESENTATION_CONTEXT() REPRESENTATION_CONTEXT('2D SPACE',''
  ) );
#12220 = PCURVE('',#12140,#12221);
#12221 = DEFINITIONAL_REPRESENTATION('',(#12222),#12226);
#12222 = LINE('',#12223,#12224);
#12223 = CARTESIAN_POINT('',(0.,-1.2E+03));
#12224 = VECTOR('',#12225,1.);
#12225 = DIRECTION('',(1.,0.));
#12226 = ( GEOMETRIC_REPRESENTATION_CONTEXT(2) 
PARAMETRIC_REPRESENTATION_CONTEXT() REPRESENTATION_CONTEXT('2D SPACE',''
  ) );
#12227 = ADVANCED_FACE('',(#12228),#12195,.F.);
#12228 = FACE_BOUND('',#12229,.F.);
#12229 = EDGE_LOOP('',(#12230,#12231,#12254,#12277));
#12230 = ORIENTED_EDGE('',*,*,#12179,.T.);
#12231 = ORIENTED_EDGE('',*,*,#12232,.T.);
#12232 = EDGE_CURVE('',#12157,#12233,#12235,.T.);
#12233 = VERTEX_POINT('',#12234);
#12234 = CARTESIAN_POINT('',(2.735E+04,1.2E+03,755.));
#12235 = SURFACE_CURVE('',#12236,(#12240,#12247),.PCURVE_S1.);
#12236 = LINE('',#12237,#12238);
#12237 = CARTESIAN_POINT('',(2.735E+04,0.,755.));
#12238 = VECTOR('',#12239,1.);
#12239 = DIRECTION('',(0.,1.,0.));
#12240 = PCURVE('',#12195,#12241);
#12241 = DEFINITIONAL_REPRESENTATION('',(#12242),#12246);
#12242 = LINE('',#12243,#12244);
#12243 = CARTESIAN_POINT('',(1.2E+03,-300.));
#12244 = VECTOR('',#12245,1.);
#12245 = DIRECTION('',(1.,0.));
#12246 = ( GEOMETRIC_REPRESENTATION_CONTEXT(2) 
PARAMETRIC_REPRESENTATION_CONTEXT() REPRESENTATION_CONTEXT('2D SPACE',''
  ) );
#12247 = PCURVE('',#12086,#12248);
#12248 = DEFINITIONAL_REPRESENTATION('',(#12249),#12253);
#12249 = LINE('',#12250,#12251);
#12250 = CARTESIAN_POINT('',(1.75E+03,0.));
#12251 = VECTOR('',#12252,1.);
#12252 = DIRECTION('',(0.,1.));
#12253 = ( GEOMETRIC_REPRESENTATION_CONTEXT(2) 
PARAMETRIC_REPRESENTATION_CONTEXT() REPRESENTATION_CONTEXT('2D SPACE',''
  ) );
#12254 = ORIENTED_EDGE('',*,*,#12255,.F.);
#12255 = EDGE_CURVE('',#12256,#12233,#12258,.T.);
#12256 = VERTEX_POINT('',#12257);
#12257 = CARTESIAN_POINT('',(2.735E+04,1.2E+03,455.));
#12258 = SURFACE_CURVE('',#12259,(#12263,#12270),.PCURVE_S1.);
#12259 = LINE('',#12260,#12261);
#12260 = CARTESIAN_POINT('',(2.735E+04,1.2E+03,455.));
#12261 = VECTOR('',#12262,1.);
#12262 = DIRECTION('',(0.,0.,1.));
#12263 = PCURVE('',#12195,#12264);
#12264 = DEFINITIONAL_REPRESENTATION('',(#12265),#12269);
#12265 = LINE('',#12266,#12267);
#12266 = CARTESIAN_POINT('',(2.4E+03,0.));
#12267 = VECTOR('',#12268,1.);
#12268 = DIRECTION('',(0.,-1.));
#12269 = ( GEOMETRIC_REPRESENTATION_CONTEXT(2) 
PARAMETRIC_REPRESENTATION_CONTEXT() REPRESENTATION_CONTEXT('2D SPACE',''
  ) );
#12270 = PCURVE('',#12114,#12271);
#12271 = DEFINITIONAL_REPRESENTATION('',(#12272),#12276);
#12272 = LINE('',#12273,#12274);
#12273 = CARTESIAN_POINT('',(3.5E+03,0.));
#12274 = VECTOR('',#12275,1.);
#12275 = DIRECTION('',(0.,-1.));
#12276 = ( GEOMETRIC_REPRESENTATION_CONTEXT(2) 
PARAMETRIC_REPRESENTATION_CONTEXT() REPRESENTATION_CONTEXT('2D SPACE',''
  ) );
#12277 = ORIENTED_EDGE('',*,*,#12278,.F.);
#12278 = EDGE_CURVE('',#12180,#12256,#12279,.T.);
#12279 = SURFACE_CURVE('',#12280,(#12284,#12291),.PCURVE_S1.);
#12280 = LINE('',#12281,#12282);
#12281 = CARTESIAN_POINT('',(2.735E+04,0.,455.));
#12282 = VECTOR('',#12283,1.);
#12283 = DIRECTION('',(0.,1.,0.));
#12284 = PCURVE('',#12195,#12285);
#12285 = DEFINITIONAL_REPRESENTATION('',(#12286),#12290);
#12286 = LINE('',#12287,#12288);
#12287 = CARTESIAN_POINT('',(1.2E+03,0.));
#12288 = VECTOR('',#12289,1.);
#12289 = DIRECTION('',(1.,0.));
#12290 = ( GEOMETRIC_REPRESENTATION_CONTEXT(2) 
PARAMETRIC_REPRESENTATION_CONTEXT() REPRESENTATION_CONTEXT('2D SPACE',''
  ) );
#12291 = PCURVE('',#12140,#12292);
#12292 = DEFINITIONAL_REPRESENTATION('',(#12293),#12297);
#12293 = LINE('',#12294,#12295);
#12294 = CARTESIAN_POINT('',(1.75E+03,0.));
#12295 = VECTOR('',#12296,1.);
#12296 = DIRECTION('',(0.,1.));
#12297 = ( GEOMETRIC_REPRESENTATION_CONTEXT(2) 
PARAMETRIC_REPRESENTATION_CONTEXT() REPRESENTATION_CONTEXT('2D SPACE',''
  ) );
#12298 = ADVANCED_FACE('',(#12299),#12114,.T.);
#12299 = FACE_BOUND('',#12300,.T.);
#12300 = EDGE_LOOP('',(#12301,#12302,#12323,#12324));
#12301 = ORIENTED_EDGE('',*,*,#12098,.T.);
#12302 = ORIENTED_EDGE('',*,*,#12303,.T.);
#12303 = EDGE_CURVE('',#12071,#12233,#12304,.T.);
#12304 = SURFACE_CURVE('',#12305,(#12309,#12316),.PCURVE_S1.);
#12305 = LINE('',#12306,#12307);
#12306 = CARTESIAN_POINT('',(2.56E+04,1.2E+03,755.));
#12307 = VECTOR('',#12308,1.);
#12308 = DIRECTION('',(1.,0.,0.));
#12309 = PCURVE('',#12114,#12310);
#12310 = DEFINITIONAL_REPRESENTATION('',(#12311),#12315);
#12311 = LINE('',#12312,#12313);
#12312 = CARTESIAN_POINT('',(1.75E+03,-300.));
#12313 = VECTOR('',#12314,1.);
#12314 = DIRECTION('',(1.,0.));
#12315 = ( GEOMETRIC_REPRESENTATION_CONTEXT(2) 
PARAMETRIC_REPRESENTATION_CONTEXT() REPRESENTATION_CONTEXT('2D SPACE',''
  ) );
#12316 = PCURVE('',#12086,#12317);
#12317 = DEFINITIONAL_REPRESENTATION('',(#12318),#12322);
#12318 = LINE('',#12319,#12320);
#12319 = CARTESIAN_POINT('',(0.,1.2E+03));
#12320 = VECTOR('',#12321,1.);
#12321 = DIRECTION('',(1.,0.));
#12322 = ( GEOMETRIC_REPRESENTATION_CONTEXT(2) 
PARAMETRIC_REPRESENTATION_CONTEXT() REPRESENTATION_CONTEXT('2D SPACE',''
  ) );
#12323 = ORIENTED_EDGE('',*,*,#12255,.F.);
#12324 = ORIENTED_EDGE('',*,*,#12325,.F.);
#12325 = EDGE_CURVE('',#12099,#12256,#12326,.T.);
#12326 = SURFACE_CURVE('',#12327,(#12331,#12338),.PCURVE_S1.);
#12327 = LINE('',#12328,#12329);
#12328 = CARTESIAN_POINT('',(2.56E+04,1.2E+03,455.));
#12329 = VECTOR('',#12330,1.);
#12330 = DIRECTION('',(1.,0.,0.));
#12331 = PCURVE('',#12114,#12332);
#12332 = DEFINITIONAL_REPRESENTATION('',(#12333),#12337);
#12333 = LINE('',#12334,#12335);
#12334 = CARTESIAN_POINT('',(1.75E+03,0.));
#12335 = VECTOR('',#12336,1.);
#12336 = DIRECTION('',(1.,0.));
#12337 = ( GEOMETRIC_REPRESENTATION_CONTEXT(2) 
PARAMETRIC_REPRESENTATION_CONTEXT() REPRESENTATION_CONTEXT('2D SPACE',''
  ) );
#12338 = PCURVE('',#12140,#12339);
#12339 = DEFINITIONAL_REPRESENTATION('',(#12340),#12344);
#12340 = LINE('',#12341,#12342);
#12341 = CARTESIAN_POINT('',(0.,1.2E+03));
#12342 = VECTOR('',#12343,1.);
#12343 = DIRECTION('',(1.,0.));
#12344 = ( GEOMETRIC_REPRESENTATION_CONTEXT(2) 
PARAMETRIC_REPRESENTATION_CONTEXT() REPRESENTATION_CONTEXT('2D SPACE',''
  ) );
#12345 = ADVANCED_FACE('',(#12346),#12140,.F.);
#12346 = FACE_BOUND('',#12347,.F.);
#12347 = EDGE_LOOP('',(#12348,#12349,#12350,#12351));
#12348 = ORIENTED_EDGE('',*,*,#12126,.F.);
#12349 = ORIENTED_EDGE('',*,*,#12207,.T.);
#12350 = ORIENTED_EDGE('',*,*,#12278,.T.);
#12351 = ORIENTED_EDGE('',*,*,#12325,.F.);
#12352 = ADVANCED_FACE('',(#12353),#12086,.T.);
#12353 = FACE_BOUND('',#12354,.T.);
#12354 = EDGE_LOOP('',(#12355,#12356,#12357,#12358));
#12355 = ORIENTED_EDGE('',*,*,#12070,.F.);
#12356 = ORIENTED_EDGE('',*,*,#12156,.T.);
#12357 = ORIENTED_EDGE('',*,*,#12232,.T.);
#12358 = ORIENTED_EDGE('',*,*,#12303,.F.);
#12359 = ( GEOMETRIC_REPRESENTATION_CONTEXT(3) 
GLOBAL_UNCERTAINTY_ASSIGNED_CONTEXT((#12363)) 
GLOBAL_UNIT_ASSIGNED_CONTEXT((#12360,#12361,#12362)) 
REPRESENTATION_CONTEXT('Context #1',
  '3D Context with UNIT and UNCERTAINTY') );
#12360 = ( LENGTH_UNIT() NAMED_UNIT(*) SI_UNIT(.MILLI.,.METRE.) );
#12361 = ( NAMED_UNIT(*) PLANE_ANGLE_UNIT() SI_UNIT($,.RADIAN.) );
#12362 = ( NAMED_UNIT(*) SI_UNIT($,.STERADIAN.) SOLID_ANGLE_UNIT() );
#12363 = UNCERTAINTY_MEASURE_WITH_UNIT(LENGTH_MEASURE(1.E-07),#12360,
  'distance_accuracy_value','confusion accuracy');
#12364 = CONTEXT_DEPENDENT_SHAPE_REPRESENTATION(#12365,#12367);
#12365 = ( REPRESENTATION_RELATIONSHIP('','',#12028,#12005) 
REPRESENTATION_RELATIONSHIP_WITH_TRANSFORMATION(#12366) 
SHAPE_REPRESENTATION_RELATIONSHIP() );
#12366 = ITEM_DEFINED_TRANSFORMATION('','',#11,#12006);
#12367 = PRODUCT_DEFINITION_SHAPE('Placement','Placement of an item',
  #12368);
#12368 = NEXT_ASSEMBLY_USAGE_OCCURRENCE('1184','=>[0:1:1:80]','',#12000,
  #12023,$);
#12369 = PRODUCT_RELATED_PRODUCT_CATEGORY('part',$,(#12025));
#12370 = SHAPE_DEFINITION_REPRESENTATION(#12371,#12377);
#12371 = PRODUCT_DEFINITION_SHAPE('','',#12372);
#12372 = PRODUCT_DEFINITION('design','',#12373,#12376);
#12373 = PRODUCT_DEFINITION_FORMATION('','',#12374);
#12374 = PRODUCT('ASSEMBLY','ASSEMBLY','',(#12375));
#12375 = PRODUCT_CONTEXT('',#2,'mechanical');
#12376 = PRODUCT_DEFINITION_CONTEXT('part definition',#2,'design');
#12377 = SHAPE_REPRESENTATION('',(#11,#12378),#12382);
#12378 = AXIS2_PLACEMENT_3D('',#12379,#12380,#12381);
#12379 = CARTESIAN_POINT('',(0.,0.,0.));
#12380 = DIRECTION('',(0.,0.,1.));
#12381 = DIRECTION('',(1.,0.,-0.));
#12382 = ( GEOMETRIC_REPRESENTATION_CONTEXT(3) 
GLOBAL_UNCERTAINTY_ASSIGNED_CONTEXT((#12386)) 
GLOBAL_UNIT_ASSIGNED_CONTEXT((#12383,#12384,#12385)) 
REPRESENTATION_CONTEXT('Context #1',
  '3D Context with UNIT and UNCERTAINTY') );
#12383 = ( LENGTH_UNIT() NAMED_UNIT(*) SI_UNIT(.MILLI.,.METRE.) );
#12384 = ( NAMED_UNIT(*) PLANE_ANGLE_UNIT() SI_UNIT($,.RADIAN.) );
#12385 = ( NAMED_UNIT(*) SI_UNIT($,.STERADIAN.) SOLID_ANGLE_UNIT() );
#12386 = UNCERTAINTY_MEASURE_WITH_UNIT(LENGTH_MEASURE(1.E-07),#12383,
  'distance_accuracy_value','confusion accuracy');
#12387 = CONTEXT_DEPENDENT_SHAPE_REPRESENTATION(#12388,#12390);
#12388 = ( REPRESENTATION_RELATIONSHIP('','',#12377,#11966) 
REPRESENTATION_RELATIONSHIP_WITH_TRANSFORMATION(#12389) 
SHAPE_REPRESENTATION_RELATIONSHIP() );
#12389 = ITEM_DEFINED_TRANSFORMATION('','',#11,#11971);
#12390 = PRODUCT_DEFINITION_SHAPE('Placement','Placement of an item',
  #12391);
#12391 = NEXT_ASSEMBLY_USAGE_OCCURRENCE('1187','=>[0:1:1:81]','',#11961,
  #12372,$);
#12392 = PRODUCT_RELATED_PRODUCT_CATEGORY('part',$,(#12374));
#12393 = SHAPE_DEFINITION_REPRESENTATION(#12394,#12400);
#12394 = PRODUCT_DEFINITION_SHAPE('','',#12395);
#12395 = PRODUCT_DEFINITION('design','',#12396,#12399);
#12396 = PRODUCT_DEFINITION_FORMATION('','',#12397);
#12397 = PRODUCT('SOLID','SOLID','',(#12398));
#12398 = PRODUCT_CONTEXT('',#2,'mechanical');
#12399 = PRODUCT_DEFINITION_CONTEXT('part definition',#2,'design');
#12400 = ADVANCED_BREP_SHAPE_REPRESENTATION('',(#11,#12401),#12499);
#12401 = MANIFOLD_SOLID_BREP('',#12402);
#12402 = CLOSED_SHELL('',(#12403,#12491,#12495));
#12403 = ADVANCED_FACE('',(#12404),#12418,.T.);
#12404 = FACE_BOUND('',#12405,.F.);
#12405 = EDGE_LOOP('',(#12406,#12436,#12463,#12464));
#12406 = ORIENTED_EDGE('',*,*,#12407,.T.);
#12407 = EDGE_CURVE('',#12408,#12410,#12412,.T.);
#12408 = VERTEX_POINT('',#12409);
#12409 = CARTESIAN_POINT('',(2.455E+04,-717.5,0.));
#12410 = VERTEX_POINT('',#12411);
#12411 = CARTESIAN_POINT('',(2.467E+04,-717.5,0.));
#12412 = SEAM_CURVE('',#12413,(#12417,#12429),.PCURVE_S1.);
#12413 = LINE('',#12414,#12415);
#12414 = CARTESIAN_POINT('',(2.455E+04,-717.5,0.));
#12415 = VECTOR('',#12416,1.);
#12416 = DIRECTION('',(1.,0.,1.110223024625E-16));
#12417 = PCURVE('',#12418,#12423);
#12418 = CYLINDRICAL_SURFACE('',#12419,405.);
#12419 = AXIS2_PLACEMENT_3D('',#12420,#12421,#12422);
#12420 = CARTESIAN_POINT('',(2.455E+04,-717.5,405.));
#12421 = DIRECTION('',(-1.,-0.,-1.110223024625E-16));
#12422 = DIRECTION('',(1.110223024625E-16,0.,-1.));
#12423 = DEFINITIONAL_REPRESENTATION('',(#12424),#12428);
#12424 = LINE('',#12425,#12426);
#12425 = CARTESIAN_POINT('',(-0.,0.));
#12426 = VECTOR('',#12427,1.);
#12427 = DIRECTION('',(-0.,-1.));
#12428 = ( GEOMETRIC_REPRESENTATION_CONTEXT(2) 
PARAMETRIC_REPRESENTATION_CONTEXT() REPRESENTATION_CONTEXT('2D SPACE',''
  ) );
#12429 = PCURVE('',#12418,#12430);
#12430 = DEFINITIONAL_REPRESENTATION('',(#12431),#12435);
#12431 = LINE('',#12432,#12433);
#12432 = CARTESIAN_POINT('',(-6.28318530718,0.));
#12433 = VECTOR('',#12434,1.);
#12434 = DIRECTION('',(-0.,-1.));
#12435 = ( GEOMETRIC_REPRESENTATION_CONTEXT(2) 
PARAMETRIC_REPRESENTATION_CONTEXT() REPRESENTATION_CONTEXT('2D SPACE',''
  ) );
#12436 = ORIENTED_EDGE('',*,*,#12437,.T.);
#12437 = EDGE_CURVE('',#12410,#12410,#12438,.T.);
#12438 = SURFACE_CURVE('',#12439,(#12444,#12451),.PCURVE_S1.);
#12439 = CIRCLE('',#12440,405.);
#12440 = AXIS2_PLACEMENT_3D('',#12441,#12442,#12443);
#12441 = CARTESIAN_POINT('',(2.467E+04,-717.5,405.));
#12442 = DIRECTION('',(1.,-0.,1.110223024625E-16));
#12443 = DIRECTION('',(1.110223024625E-16,0.,-1.));
#12444 = PCURVE('',#12418,#12445);
#12445 = DEFINITIONAL_REPRESENTATION('',(#12446),#12450);
#12446 = LINE('',#12447,#12448);
#12447 = CARTESIAN_POINT('',(-0.,-120.));
#12448 = VECTOR('',#12449,1.);
#12449 = DIRECTION('',(-1.,0.));
#12450 = ( GEOMETRIC_REPRESENTATION_CONTEXT(2) 
PARAMETRIC_REPRESENTATION_CONTEXT() REPRESENTATION_CONTEXT('2D SPACE',''
  ) );
#12451 = PCURVE('',#12452,#12457);
#12452 = PLANE('',#12453);
#12453 = AXIS2_PLACEMENT_3D('',#12454,#12455,#12456);
#12454 = CARTESIAN_POINT('',(2.467E+04,-717.5,405.));
#12455 = DIRECTION('',(1.,0.,1.110223024625E-16));
#12456 = DIRECTION('',(1.110223024625E-16,0.,-1.));
#12457 = DEFINITIONAL_REPRESENTATION('',(#12458),#12462);
#12458 = CIRCLE('',#12459,405.);
#12459 = AXIS2_PLACEMENT_2D('',#12460,#12461);
#12460 = CARTESIAN_POINT('',(5.684341886081E-14,0.));
#12461 = DIRECTION('',(1.,0.));
#12462 = ( GEOMETRIC_REPRESENTATION_CONTEXT(2) 
PARAMETRIC_REPRESENTATION_CONTEXT() REPRESENTATION_CONTEXT('2D SPACE',''
  ) );
#12463 = ORIENTED_EDGE('',*,*,#12407,.F.);
#12464 = ORIENTED_EDGE('',*,*,#12465,.F.);
#12465 = EDGE_CURVE('',#12408,#12408,#12466,.T.);
#12466 = SURFACE_CURVE('',#12467,(#12472,#12479),.PCURVE_S1.);
#12467 = CIRCLE('',#12468,405.);
#12468 = AXIS2_PLACEMENT_3D('',#12469,#12470,#12471);
#12469 = CARTESIAN_POINT('',(2.455E+04,-717.5,405.));
#12470 = DIRECTION('',(1.,-0.,1.110223024625E-16));
#12471 = DIRECTION('',(1.110223024625E-16,0.,-1.));
#12472 = PCURVE('',#12418,#12473);
#12473 = DEFINITIONAL_REPRESENTATION('',(#12474),#12478);
#12474 = LINE('',#12475,#12476);
#12475 = CARTESIAN_POINT('',(-0.,0.));
#12476 = VECTOR('',#12477,1.);
#12477 = DIRECTION('',(-1.,0.));
#12478 = ( GEOMETRIC_REPRESENTATION_CONTEXT(2) 
PARAMETRIC_REPRESENTATION_CONTEXT() REPRESENTATION_CONTEXT('2D SPACE',''
  ) );
#12479 = PCURVE('',#12480,#12485);
#12480 = PLANE('',#12481);
#12481 = AXIS2_PLACEMENT_3D('',#12482,#12483,#12484);
#12482 = CARTESIAN_POINT('',(2.455E+04,-717.5,405.));
#12483 = DIRECTION('',(1.,0.,1.110223024625E-16));
#12484 = DIRECTION('',(1.110223024625E-16,0.,-1.));
#12485 = DEFINITIONAL_REPRESENTATION('',(#12486),#12490);
#12486 = CIRCLE('',#12487,405.);
#12487 = AXIS2_PLACEMENT_2D('',#12488,#12489);
#12488 = CARTESIAN_POINT('',(0.,0.));
#12489 = DIRECTION('',(1.,0.));
#12490 = ( GEOMETRIC_REPRESENTATION_CONTEXT(2) 
PARAMETRIC_REPRESENTATION_CONTEXT() REPRESENTATION_CONTEXT('2D SPACE',''
  ) );
#12491 = ADVANCED_FACE('',(#12492),#12480,.F.);
#12492 = FACE_BOUND('',#12493,.F.);
#12493 = EDGE_LOOP('',(#12494));
#12494 = ORIENTED_EDGE('',*,*,#12465,.T.);
#12495 = ADVANCED_FACE('',(#12496),#12452,.T.);
#12496 = FACE_BOUND('',#12497,.T.);
#12497 = EDGE_LOOP('',(#12498));
#12498 = ORIENTED_EDGE('',*,*,#12437,.T.);
#12499 = ( GEOMETRIC_REPRESENTATION_CONTEXT(3) 
GLOBAL_UNCERTAINTY_ASSIGNED_CONTEXT((#12503)) 
GLOBAL_UNIT_ASSIGNED_CONTEXT((#12500,#12501,#12502)) 
REPRESENTATION_CONTEXT('Context #1',
  '3D Context with UNIT and UNCERTAINTY') );
#12500 = ( LENGTH_UNIT() NAMED_UNIT(*) SI_UNIT(.MILLI.,.METRE.) );
#12501 = ( NAMED_UNIT(*) PLANE_ANGLE_UNIT() SI_UNIT($,.RADIAN.) );
#12502 = ( NAMED_UNIT(*) SI_UNIT($,.STERADIAN.) SOLID_ANGLE_UNIT() );
#12503 = UNCERTAINTY_MEASURE_WITH_UNIT(LENGTH_MEASURE(1.E-07),#12500,
  'distance_accuracy_value','confusion accuracy');
#12504 = CONTEXT_DEPENDENT_SHAPE_REPRESENTATION(#12505,#12507);
#12505 = ( REPRESENTATION_RELATIONSHIP('','',#12400,#12377) 
REPRESENTATION_RELATIONSHIP_WITH_TRANSFORMATION(#12506) 
SHAPE_REPRESENTATION_RELATIONSHIP() );
#12506 = ITEM_DEFINED_TRANSFORMATION('','',#11,#12378);
#12507 = PRODUCT_DEFINITION_SHAPE('Placement','Placement of an item',
  #12508);
#12508 = NEXT_ASSEMBLY_USAGE_OCCURRENCE('1186','=>[0:1:1:82]','',#12372,
  #12395,$);
#12509 = PRODUCT_RELATED_PRODUCT_CATEGORY('part',$,(#12397));
#12510 = SHAPE_DEFINITION_REPRESENTATION(#12511,#12517);
#12511 = PRODUCT_DEFINITION_SHAPE('','',#12512);
#12512 = PRODUCT_DEFINITION('design','',#12513,#12516);
#12513 = PRODUCT_DEFINITION_FORMATION('','',#12514);
#12514 = PRODUCT('ASSEMBLY','ASSEMBLY','',(#12515));
#12515 = PRODUCT_CONTEXT('',#2,'mechanical');
#12516 = PRODUCT_DEFINITION_CONTEXT('part definition',#2,'design');
#12517 = SHAPE_REPRESENTATION('',(#11,#12518),#12522);
#12518 = AXIS2_PLACEMENT_3D('',#12519,#12520,#12521);
#12519 = CARTESIAN_POINT('',(0.,0.,0.));
#12520 = DIRECTION('',(0.,0.,1.));
#12521 = DIRECTION('',(1.,0.,-0.));
#12522 = ( GEOMETRIC_REPRESENTATION_CONTEXT(3) 
GLOBAL_UNCERTAINTY_ASSIGNED_CONTEXT((#12526)) 
GLOBAL_UNIT_ASSIGNED_CONTEXT((#12523,#12524,#12525)) 
REPRESENTATION_CONTEXT('Context #1',
  '3D Context with UNIT and UNCERTAINTY') );
#12523 = ( LENGTH_UNIT() NAMED_UNIT(*) SI_UNIT(.MILLI.,.METRE.) );
#12524 = ( NAMED_UNIT(*) PLANE_ANGLE_UNIT() SI_UNIT($,.RADIAN.) );
#12525 = ( NAMED_UNIT(*) SI_UNIT($,.STERADIAN.) SOLID_ANGLE_UNIT() );
#12526 = UNCERTAINTY_MEASURE_WITH_UNIT(LENGTH_MEASURE(1.E-07),#12523,
  'distance_accuracy_value','confusion accuracy');
#12527 = CONTEXT_DEPENDENT_SHAPE_REPRESENTATION(#12528,#12530);
#12528 = ( REPRESENTATION_RELATIONSHIP('','',#12517,#11966) 
REPRESENTATION_RELATIONSHIP_WITH_TRANSFORMATION(#12529) 
SHAPE_REPRESENTATION_RELATIONSHIP() );
#12529 = ITEM_DEFINED_TRANSFORMATION('','',#11,#11975);
#12530 = PRODUCT_DEFINITION_SHAPE('Placement','Placement of an item',
  #12531);
#12531 = NEXT_ASSEMBLY_USAGE_OCCURRENCE('1189','=>[0:1:1:83]','',#11961,
  #12512,$);
#12532 = PRODUCT_RELATED_PRODUCT_CATEGORY('part',$,(#12514));
#12533 = SHAPE_DEFINITION_REPRESENTATION(#12534,#12540);
#12534 = PRODUCT_DEFINITION_SHAPE('','',#12535);
#12535 = PRODUCT_DEFINITION('design','',#12536,#12539);
#12536 = PRODUCT_DEFINITION_FORMATION('','',#12537);
#12537 = PRODUCT('SOLID','SOLID','',(#12538));
#12538 = PRODUCT_CONTEXT('',#2,'mechanical');
#12539 = PRODUCT_DEFINITION_CONTEXT('part definition',#2,'design');
#12540 = ADVANCED_BREP_SHAPE_REPRESENTATION('',(#11,#12541),#12639);
#12541 = MANIFOLD_SOLID_BREP('',#12542);
#12542 = CLOSED_SHELL('',(#12543,#12631,#12635));
#12543 = ADVANCED_FACE('',(#12544),#12558,.T.);
#12544 = FACE_BOUND('',#12545,.F.);
#12545 = EDGE_LOOP('',(#12546,#12576,#12603,#12604));
#12546 = ORIENTED_EDGE('',*,*,#12547,.T.);
#12547 = EDGE_CURVE('',#12548,#12550,#12552,.T.);
#12548 = VERTEX_POINT('',#12549);
#12549 = CARTESIAN_POINT('',(2.455E+04,717.5,0.));
#12550 = VERTEX_POINT('',#12551);
#12551 = CARTESIAN_POINT('',(2.467E+04,717.5,0.));
#12552 = SEAM_CURVE('',#12553,(#12557,#12569),.PCURVE_S1.);
#12553 = LINE('',#12554,#12555);
#12554 = CARTESIAN_POINT('',(2.455E+04,717.5,0.));
#12555 = VECTOR('',#12556,1.);
#12556 = DIRECTION('',(1.,0.,1.110223024625E-16));
#12557 = PCURVE('',#12558,#12563);
#12558 = CYLINDRICAL_SURFACE('',#12559,405.);
#12559 = AXIS2_PLACEMENT_3D('',#12560,#12561,#12562);
#12560 = CARTESIAN_POINT('',(2.455E+04,717.5,405.));
#12561 = DIRECTION('',(-1.,-0.,-1.110223024625E-16));
#12562 = DIRECTION('',(1.110223024625E-16,0.,-1.));
#12563 = DEFINITIONAL_REPRESENTATION('',(#12564),#12568);
#12564 = LINE('',#12565,#12566);
#12565 = CARTESIAN_POINT('',(-0.,0.));
#12566 = VECTOR('',#12567,1.);
#12567 = DIRECTION('',(-0.,-1.));
#12568 = ( GEOMETRIC_REPRESENTATION_CONTEXT(2) 
PARAMETRIC_REPRESENTATION_CONTEXT() REPRESENTATION_CONTEXT('2D SPACE',''
  ) );
#12569 = PCURVE('',#12558,#12570);
#12570 = DEFINITIONAL_REPRESENTATION('',(#12571),#12575);
#12571 = LINE('',#12572,#12573);
#12572 = CARTESIAN_POINT('',(-6.28318530718,0.));
#12573 = VECTOR('',#12574,1.);
#12574 = DIRECTION('',(-0.,-1.));
#12575 = ( GEOMETRIC_REPRESENTATION_CONTEXT(2) 
PARAMETRIC_REPRESENTATION_CONTEXT() REPRESENTATION_CONTEXT('2D SPACE',''
  ) );
#12576 = ORIENTED_EDGE('',*,*,#12577,.T.);
#12577 = EDGE_CURVE('',#12550,#12550,#12578,.T.);
#12578 = SURFACE_CURVE('',#12579,(#12584,#12591),.PCURVE_S1.);
#12579 = CIRCLE('',#12580,405.);
#12580 = AXIS2_PLACEMENT_3D('',#12581,#12582,#12583);
#12581 = CARTESIAN_POINT('',(2.467E+04,717.5,405.));
#12582 = DIRECTION('',(1.,-0.,1.110223024625E-16));
#12583 = DIRECTION('',(1.110223024625E-16,0.,-1.));
#12584 = PCURVE('',#12558,#12585);
#12585 = DEFINITIONAL_REPRESENTATION('',(#12586),#12590);
#12586 = LINE('',#12587,#12588);
#12587 = CARTESIAN_POINT('',(-0.,-120.));
#12588 = VECTOR('',#12589,1.);
#12589 = DIRECTION('',(-1.,0.));
#12590 = ( GEOMETRIC_REPRESENTATION_CONTEXT(2) 
PARAMETRIC_REPRESENTATION_CONTEXT() REPRESENTATION_CONTEXT('2D SPACE',''
  ) );
#12591 = PCURVE('',#12592,#12597);
#12592 = PLANE('',#12593);
#12593 = AXIS2_PLACEMENT_3D('',#12594,#12595,#12596);
#12594 = CARTESIAN_POINT('',(2.467E+04,717.5,405.));
#12595 = DIRECTION('',(1.,0.,1.110223024625E-16));
#12596 = DIRECTION('',(1.110223024625E-16,0.,-1.));
#12597 = DEFINITIONAL_REPRESENTATION('',(#12598),#12602);
#12598 = CIRCLE('',#12599,405.);
#12599 = AXIS2_PLACEMENT_2D('',#12600,#12601);
#12600 = CARTESIAN_POINT('',(5.684341886081E-14,0.));
#12601 = DIRECTION('',(1.,0.));
#12602 = ( GEOMETRIC_REPRESENTATION_CONTEXT(2) 
PARAMETRIC_REPRESENTATION_CONTEXT() REPRESENTATION_CONTEXT('2D SPACE',''
  ) );
#12603 = ORIENTED_EDGE('',*,*,#12547,.F.);
#12604 = ORIENTED_EDGE('',*,*,#12605,.F.);
#12605 = EDGE_CURVE('',#12548,#12548,#12606,.T.);
#12606 = SURFACE_CURVE('',#12607,(#12612,#12619),.PCURVE_S1.);
#12607 = CIRCLE('',#12608,405.);
#12608 = AXIS2_PLACEMENT_3D('',#12609,#12610,#12611);
#12609 = CARTESIAN_POINT('',(2.455E+04,717.5,405.));
#12610 = DIRECTION('',(1.,-0.,1.110223024625E-16));
#12611 = DIRECTION('',(1.110223024625E-16,0.,-1.));
#12612 = PCURVE('',#12558,#12613);
#12613 = DEFINITIONAL_REPRESENTATION('',(#12614),#12618);
#12614 = LINE('',#12615,#12616);
#12615 = CARTESIAN_POINT('',(-0.,0.));
#12616 = VECTOR('',#12617,1.);
#12617 = DIRECTION('',(-1.,0.));
#12618 = ( GEOMETRIC_REPRESENTATION_CONTEXT(2) 
PARAMETRIC_REPRESENTATION_CONTEXT() REPRESENTATION_CONTEXT('2D SPACE',''
  ) );
#12619 = PCURVE('',#12620,#12625);
#12620 = PLANE('',#12621);
#12621 = AXIS2_PLACEMENT_3D('',#12622,#12623,#12624);
#12622 = CARTESIAN_POINT('',(2.455E+04,717.5,405.));
#12623 = DIRECTION('',(1.,0.,1.110223024625E-16));
#12624 = DIRECTION('',(1.110223024625E-16,0.,-1.));
#12625 = DEFINITIONAL_REPRESENTATION('',(#12626),#12630);
#12626 = CIRCLE('',#12627,405.);
#12627 = AXIS2_PLACEMENT_2D('',#12628,#12629);
#12628 = CARTESIAN_POINT('',(0.,0.));
#12629 = DIRECTION('',(1.,0.));
#12630 = ( GEOMETRIC_REPRESENTATION_CONTEXT(2) 
PARAMETRIC_REPRESENTATION_CONTEXT() REPRESENTATION_CONTEXT('2D SPACE',''
  ) );
#12631 = ADVANCED_FACE('',(#12632),#12620,.F.);
#12632 = FACE_BOUND('',#12633,.F.);
#12633 = EDGE_LOOP('',(#12634));
#12634 = ORIENTED_EDGE('',*,*,#12605,.T.);
#12635 = ADVANCED_FACE('',(#12636),#12592,.T.);
#12636 = FACE_BOUND('',#12637,.T.);
#12637 = EDGE_LOOP('',(#12638));
#12638 = ORIENTED_EDGE('',*,*,#12577,.T.);
#12639 = ( GEOMETRIC_REPRESENTATION_CONTEXT(3) 
GLOBAL_UNCERTAINTY_ASSIGNED_CONTEXT((#12643)) 
GLOBAL_UNIT_ASSIGNED_CONTEXT((#12640,#12641,#12642)) 
REPRESENTATION_CONTEXT('Context #1',
  '3D Context with UNIT and UNCERTAINTY') );
#12640 = ( LENGTH_UNIT() NAMED_UNIT(*) SI_UNIT(.MILLI.,.METRE.) );
#12641 = ( NAMED_UNIT(*) PLANE_ANGLE_UNIT() SI_UNIT($,.RADIAN.) );
#12642 = ( NAMED_UNIT(*) SI_UNIT($,.STERADIAN.) SOLID_ANGLE_UNIT() );
#12643 = UNCERTAINTY_MEASURE_WITH_UNIT(LENGTH_MEASURE(1.E-07),#12640,
  'distance_accuracy_value','confusion accuracy');
#12644 = CONTEXT_DEPENDENT_SHAPE_REPRESENTATION(#12645,#12647);
#12645 = ( REPRESENTATION_RELATIONSHIP('','',#12540,#12517) 
REPRESENTATION_RELATIONSHIP_WITH_TRANSFORMATION(#12646) 
SHAPE_REPRESENTATION_RELATIONSHIP() );
#12646 = ITEM_DEFINED_TRANSFORMATION('','',#11,#12518);
#12647 = PRODUCT_DEFINITION_SHAPE('Placement','Placement of an item',
  #12648);
#12648 = NEXT_ASSEMBLY_USAGE_OCCURRENCE('1188','=>[0:1:1:84]','',#12512,
  #12535,$);
#12649 = PRODUCT_RELATED_PRODUCT_CATEGORY('part',$,(#12537));
#12650 = SHAPE_DEFINITION_REPRESENTATION(#12651,#12657);
#12651 = PRODUCT_DEFINITION_SHAPE('','',#12652);
#12652 = PRODUCT_DEFINITION('design','',#12653,#12656);
#12653 = PRODUCT_DEFINITION_FORMATION('','',#12654);
#12654 = PRODUCT('ASSEMBLY','ASSEMBLY','',(#12655));
#12655 = PRODUCT_CONTEXT('',#2,'mechanical');
#12656 = PRODUCT_DEFINITION_CONTEXT('part definition',#2,'design');
#12657 = SHAPE_REPRESENTATION('',(#11,#12658),#12662);
#12658 = AXIS2_PLACEMENT_3D('',#12659,#12660,#12661);
#12659 = CARTESIAN_POINT('',(0.,0.,0.));
#12660 = DIRECTION('',(0.,0.,1.));
#12661 = DIRECTION('',(1.,0.,-0.));
#12662 = ( GEOMETRIC_REPRESENTATION_CONTEXT(3) 
GLOBAL_UNCERTAINTY_ASSIGNED_CONTEXT((#12666)) 
GLOBAL_UNIT_ASSIGNED_CONTEXT((#12663,#12664,#12665)) 
REPRESENTATION_CONTEXT('Context #1',
  '3D Context with UNIT and UNCERTAINTY') );
#12663 = ( LENGTH_UNIT() NAMED_UNIT(*) SI_UNIT(.MILLI.,.METRE.) );
#12664 = ( NAMED_UNIT(*) PLANE_ANGLE_UNIT() SI_UNIT($,.RADIAN.) );
#12665 = ( NAMED_UNIT(*) SI_UNIT($,.STERADIAN.) SOLID_ANGLE_UNIT() );
#12666 = UNCERTAINTY_MEASURE_WITH_UNIT(LENGTH_MEASURE(1.E-07),#12663,
  'distance_accuracy_value','confusion accuracy');
#12667 = CONTEXT_DEPENDENT_SHAPE_REPRESENTATION(#12668,#12670);
#12668 = ( REPRESENTATION_RELATIONSHIP('','',#12657,#11966) 
REPRESENTATION_RELATIONSHIP_WITH_TRANSFORMATION(#12669) 
SHAPE_REPRESENTATION_RELATIONSHIP() );
#12669 = ITEM_DEFINED_TRANSFORMATION('','',#11,#11979);
#12670 = PRODUCT_DEFINITION_SHAPE('Placement','Placement of an item',
  #12671);
#12671 = NEXT_ASSEMBLY_USAGE_OCCURRENCE('1191','=>[0:1:1:85]','',#11961,
  #12652,$);
#12672 = PRODUCT_RELATED_PRODUCT_CATEGORY('part',$,(#12654));
#12673 = SHAPE_DEFINITION_REPRESENTATION(#12674,#12680);
#12674 = PRODUCT_DEFINITION_SHAPE('','',#12675);
#12675 = PRODUCT_DEFINITION('design','',#12676,#12679);
#12676 = PRODUCT_DEFINITION_FORMATION('','',#12677);
#12677 = PRODUCT('SOLID','SOLID','',(#12678));
#12678 = PRODUCT_CONTEXT('',#2,'mechanical');
#12679 = PRODUCT_DEFINITION_CONTEXT('part definition',#2,'design');
#12680 = ADVANCED_BREP_SHAPE_REPRESENTATION('',(#11,#12681),#12779);
#12681 = MANIFOLD_SOLID_BREP('',#12682);
#12682 = CLOSED_SHELL('',(#12683,#12771,#12775));
#12683 = ADVANCED_FACE('',(#12684),#12698,.T.);
#12684 = FACE_BOUND('',#12685,.F.);
#12685 = EDGE_LOOP('',(#12686,#12716,#12743,#12744));
#12686 = ORIENTED_EDGE('',*,*,#12687,.T.);
#12687 = EDGE_CURVE('',#12688,#12690,#12692,.T.);
#12688 = VERTEX_POINT('',#12689);
#12689 = CARTESIAN_POINT('',(2.665E+04,-717.5,0.));
#12690 = VERTEX_POINT('',#12691);
#12691 = CARTESIAN_POINT('',(2.677E+04,-717.5,0.));
#12692 = SEAM_CURVE('',#12693,(#12697,#12709),.PCURVE_S1.);
#12693 = LINE('',#12694,#12695);
#12694 = CARTESIAN_POINT('',(2.665E+04,-717.5,0.));
#12695 = VECTOR('',#12696,1.);
#12696 = DIRECTION('',(1.,0.,1.110223024625E-16));
#12697 = PCURVE('',#12698,#12703);
#12698 = CYLINDRICAL_SURFACE('',#12699,405.);
#12699 = AXIS2_PLACEMENT_3D('',#12700,#12701,#12702);
#12700 = CARTESIAN_POINT('',(2.665E+04,-717.5,405.));
#12701 = DIRECTION('',(-1.,-0.,-1.110223024625E-16));
#12702 = DIRECTION('',(1.110223024625E-16,0.,-1.));
#12703 = DEFINITIONAL_REPRESENTATION('',(#12704),#12708);
#12704 = LINE('',#12705,#12706);
#12705 = CARTESIAN_POINT('',(-0.,0.));
#12706 = VECTOR('',#12707,1.);
#12707 = DIRECTION('',(-0.,-1.));
#12708 = ( GEOMETRIC_REPRESENTATION_CONTEXT(2) 
PARAMETRIC_REPRESENTATION_CONTEXT() REPRESENTATION_CONTEXT('2D SPACE',''
  ) );
#12709 = PCURVE('',#12698,#12710);
#12710 = DEFINITIONAL_REPRESENTATION('',(#12711),#12715);
#12711 = LINE('',#12712,#12713);
#12712 = CARTESIAN_POINT('',(-6.28318530718,0.));
#12713 = VECTOR('',#12714,1.);
#12714 = DIRECTION('',(-0.,-1.));
#12715 = ( GEOMETRIC_REPRESENTATION_CONTEXT(2) 
PARAMETRIC_REPRESENTATION_CONTEXT() REPRESENTATION_CONTEXT('2D SPACE',''
  ) );
#12716 = ORIENTED_EDGE('',*,*,#12717,.T.);
#12717 = EDGE_CURVE('',#12690,#12690,#12718,.T.);
#12718 = SURFACE_CURVE('',#12719,(#12724,#12731),.PCURVE_S1.);
#12719 = CIRCLE('',#12720,405.);
#12720 = AXIS2_PLACEMENT_3D('',#12721,#12722,#12723);
#12721 = CARTESIAN_POINT('',(2.677E+04,-717.5,405.));
#12722 = DIRECTION('',(1.,-0.,1.110223024625E-16));
#12723 = DIRECTION('',(1.110223024625E-16,0.,-1.));
#12724 = PCURVE('',#12698,#12725);
#12725 = DEFINITIONAL_REPRESENTATION('',(#12726),#12730);
#12726 = LINE('',#12727,#12728);
#12727 = CARTESIAN_POINT('',(-0.,-120.));
#12728 = VECTOR('',#12729,1.);
#12729 = DIRECTION('',(-1.,0.));
#12730 = ( GEOMETRIC_REPRESENTATION_CONTEXT(2) 
PARAMETRIC_REPRESENTATION_CONTEXT() REPRESENTATION_CONTEXT('2D SPACE',''
  ) );
#12731 = PCURVE('',#12732,#12737);
#12732 = PLANE('',#12733);
#12733 = AXIS2_PLACEMENT_3D('',#12734,#12735,#12736);
#12734 = CARTESIAN_POINT('',(2.677E+04,-717.5,405.));
#12735 = DIRECTION('',(1.,0.,1.110223024625E-16));
#12736 = DIRECTION('',(1.110223024625E-16,0.,-1.));
#12737 = DEFINITIONAL_REPRESENTATION('',(#12738),#12742);
#12738 = CIRCLE('',#12739,405.);
#12739 = AXIS2_PLACEMENT_2D('',#12740,#12741);
#12740 = CARTESIAN_POINT('',(5.684341886081E-14,0.));
#12741 = DIRECTION('',(1.,0.));
#12742 = ( GEOMETRIC_REPRESENTATION_CONTEXT(2) 
PARAMETRIC_REPRESENTATION_CONTEXT() REPRESENTATION_CONTEXT('2D SPACE',''
  ) );
#12743 = ORIENTED_EDGE('',*,*,#12687,.F.);
#12744 = ORIENTED_EDGE('',*,*,#12745,.F.);
#12745 = EDGE_CURVE('',#12688,#12688,#12746,.T.);
#12746 = SURFACE_CURVE('',#12747,(#12752,#12759),.PCURVE_S1.);
#12747 = CIRCLE('',#12748,405.);
#12748 = AXIS2_PLACEMENT_3D('',#12749,#12750,#12751);
#12749 = CARTESIAN_POINT('',(2.665E+04,-717.5,405.));
#12750 = DIRECTION('',(1.,-0.,1.110223024625E-16));
#12751 = DIRECTION('',(1.110223024625E-16,0.,-1.));
#12752 = PCURVE('',#12698,#12753);
#12753 = DEFINITIONAL_REPRESENTATION('',(#12754),#12758);
#12754 = LINE('',#12755,#12756);
#12755 = CARTESIAN_POINT('',(-0.,0.));
#12756 = VECTOR('',#12757,1.);
#12757 = DIRECTION('',(-1.,0.));
#12758 = ( GEOMETRIC_REPRESENTATION_CONTEXT(2) 
PARAMETRIC_REPRESENTATION_CONTEXT() REPRESENTATION_CONTEXT('2D SPACE',''
  ) );
#12759 = PCURVE('',#12760,#12765);
#12760 = PLANE('',#12761);
#12761 = AXIS2_PLACEMENT_3D('',#12762,#12763,#12764);
#12762 = CARTESIAN_POINT('',(2.665E+04,-717.5,405.));
#12763 = DIRECTION('',(1.,0.,1.110223024625E-16));
#12764 = DIRECTION('',(1.110223024625E-16,0.,-1.));
#12765 = DEFINITIONAL_REPRESENTATION('',(#12766),#12770);
#12766 = CIRCLE('',#12767,405.);
#12767 = AXIS2_PLACEMENT_2D('',#12768,#12769);
#12768 = CARTESIAN_POINT('',(0.,0.));
#12769 = DIRECTION('',(1.,0.));
#12770 = ( GEOMETRIC_REPRESENTATION_CONTEXT(2) 
PARAMETRIC_REPRESENTATION_CONTEXT() REPRESENTATION_CONTEXT('2D SPACE',''
  ) );
#12771 = ADVANCED_FACE('',(#12772),#12760,.F.);
#12772 = FACE_BOUND('',#12773,.F.);
#12773 = EDGE_LOOP('',(#12774));
#12774 = ORIENTED_EDGE('',*,*,#12745,.T.);
#12775 = ADVANCED_FACE('',(#12776),#12732,.T.);
#12776 = FACE_BOUND('',#12777,.T.);
#12777 = EDGE_LOOP('',(#12778));
#12778 = ORIENTED_EDGE('',*,*,#12717,.T.);
#12779 = ( GEOMETRIC_REPRESENTATION_CONTEXT(3) 
GLOBAL_UNCERTAINTY_ASSIGNED_CONTEXT((#12783)) 
GLOBAL_UNIT_ASSIGNED_CONTEXT((#12780,#12781,#12782)) 
REPRESENTATION_CONTEXT('Context #1',
  '3D Context with UNIT and UNCERTAINTY') );
#12780 = ( LENGTH_UNIT() NAMED_UNIT(*) SI_UNIT(.MILLI.,.METRE.) );
#12781 = ( NAMED_UNIT(*) PLANE_ANGLE_UNIT() SI_UNIT($,.RADIAN.) );
#12782 = ( NAMED_UNIT(*) SI_UNIT($,.STERADIAN.) SOLID_ANGLE_UNIT() );
#12783 = UNCERTAINTY_MEASURE_WITH_UNIT(LENGTH_MEASURE(1.E-07),#12780,
  'distance_accuracy_value','confusion accuracy');
#12784 = CONTEXT_DEPENDENT_SHAPE_REPRESENTATION(#12785,#12787);
#12785 = ( REPRESENTATION_RELATIONSHIP('','',#12680,#12657) 
REPRESENTATION_RELATIONSHIP_WITH_TRANSFORMATION(#12786) 
SHAPE_REPRESENTATION_RELATIONSHIP() );
#12786 = ITEM_DEFINED_TRANSFORMATION('','',#11,#12658);
#12787 = PRODUCT_DEFINITION_SHAPE('Placement','Placement of an item',
  #12788);
#12788 = NEXT_ASSEMBLY_USAGE_OCCURRENCE('1190','=>[0:1:1:86]','',#12652,
  #12675,$);
#12789 = PRODUCT_RELATED_PRODUCT_CATEGORY('part',$,(#12677));
#12790 = SHAPE_DEFINITION_REPRESENTATION(#12791,#12797);
#12791 = PRODUCT_DEFINITION_SHAPE('','',#12792);
#12792 = PRODUCT_DEFINITION('design','',#12793,#12796);
#12793 = PRODUCT_DEFINITION_FORMATION('','',#12794);
#12794 = PRODUCT('ASSEMBLY','ASSEMBLY','',(#12795));
#12795 = PRODUCT_CONTEXT('',#2,'mechanical');
#12796 = PRODUCT_DEFINITION_CONTEXT('part definition',#2,'design');
#12797 = SHAPE_REPRESENTATION('',(#11,#12798),#12802);
#12798 = AXIS2_PLACEMENT_3D('',#12799,#12800,#12801);
#12799 = CARTESIAN_POINT('',(0.,0.,0.));
#12800 = DIRECTION('',(0.,0.,1.));
#12801 = DIRECTION('',(1.,0.,-0.));
#12802 = ( GEOMETRIC_REPRESENTATION_CONTEXT(3) 
GLOBAL_UNCERTAINTY_ASSIGNED_CONTEXT((#12806)) 
GLOBAL_UNIT_ASSIGNED_CONTEXT((#12803,#12804,#12805)) 
REPRESENTATION_CONTEXT('Context #1',
  '3D Context with UNIT and UNCERTAINTY') );
#12803 = ( LENGTH_UNIT() NAMED_UNIT(*) SI_UNIT(.MILLI.,.METRE.) );
#12804 = ( NAMED_UNIT(*) PLANE_ANGLE_UNIT() SI_UNIT($,.RADIAN.) );
#12805 = ( NAMED_UNIT(*) SI_UNIT($,.STERADIAN.) SOLID_ANGLE_UNIT() );
#12806 = UNCERTAINTY_MEASURE_WITH_UNIT(LENGTH_MEASURE(1.E-07),#12803,
  'distance_accuracy_value','confusion accuracy');
#12807 = CONTEXT_DEPENDENT_SHAPE_REPRESENTATION(#12808,#12810);
#12808 = ( REPRESENTATION_RELATIONSHIP('','',#12797,#11966) 
REPRESENTATION_RELATIONSHIP_WITH_TRANSFORMATION(#12809) 
SHAPE_REPRESENTATION_RELATIONSHIP() );
#12809 = ITEM_DEFINED_TRANSFORMATION('','',#11,#11983);
#12810 = PRODUCT_DEFINITION_SHAPE('Placement','Placement of an item',
  #12811);
#12811 = NEXT_ASSEMBLY_USAGE_OCCURRENCE('1193','=>[0:1:1:87]','',#11961,
  #12792,$);
#12812 = PRODUCT_RELATED_PRODUCT_CATEGORY('part',$,(#12794));
#12813 = SHAPE_DEFINITION_REPRESENTATION(#12814,#12820);
#12814 = PRODUCT_DEFINITION_SHAPE('','',#12815);
#12815 = PRODUCT_DEFINITION('design','',#12816,#12819);
#12816 = PRODUCT_DEFINITION_FORMATION('','',#12817);
#12817 = PRODUCT('SOLID','SOLID','',(#12818));
#12818 = PRODUCT_CONTEXT('',#2,'mechanical');
#12819 = PRODUCT_DEFINITION_CONTEXT('part definition',#2,'design');
#12820 = ADVANCED_BREP_SHAPE_REPRESENTATION('',(#11,#12821),#12919);
#12821 = MANIFOLD_SOLID_BREP('',#12822);
#12822 = CLOSED_SHELL('',(#12823,#12911,#12915));
#12823 = ADVANCED_FACE('',(#12824),#12838,.T.);
#12824 = FACE_BOUND('',#12825,.F.);
#12825 = EDGE_LOOP('',(#12826,#12856,#12883,#12884));
#12826 = ORIENTED_EDGE('',*,*,#12827,.T.);
#12827 = EDGE_CURVE('',#12828,#12830,#12832,.T.);
#12828 = VERTEX_POINT('',#12829);
#12829 = CARTESIAN_POINT('',(2.665E+04,717.5,0.));
#12830 = VERTEX_POINT('',#12831);
#12831 = CARTESIAN_POINT('',(2.677E+04,717.5,0.));
#12832 = SEAM_CURVE('',#12833,(#12837,#12849),.PCURVE_S1.);
#12833 = LINE('',#12834,#12835);
#12834 = CARTESIAN_POINT('',(2.665E+04,717.5,0.));
#12835 = VECTOR('',#12836,1.);
#12836 = DIRECTION('',(1.,0.,1.110223024625E-16));
#12837 = PCURVE('',#12838,#12843);
#12838 = CYLINDRICAL_SURFACE('',#12839,405.);
#12839 = AXIS2_PLACEMENT_3D('',#12840,#12841,#12842);
#12840 = CARTESIAN_POINT('',(2.665E+04,717.5,405.));
#12841 = DIRECTION('',(-1.,-0.,-1.110223024625E-16));
#12842 = DIRECTION('',(1.110223024625E-16,0.,-1.));
#12843 = DEFINITIONAL_REPRESENTATION('',(#12844),#12848);
#12844 = LINE('',#12845,#12846);
#12845 = CARTESIAN_POINT('',(-0.,0.));
#12846 = VECTOR('',#12847,1.);
#12847 = DIRECTION('',(-0.,-1.));
#12848 = ( GEOMETRIC_REPRESENTATION_CONTEXT(2) 
PARAMETRIC_REPRESENTATION_CONTEXT() REPRESENTATION_CONTEXT('2D SPACE',''
  ) );
#12849 = PCURVE('',#12838,#12850);
#12850 = DEFINITIONAL_REPRESENTATION('',(#12851),#12855);
#12851 = LINE('',#12852,#12853);
#12852 = CARTESIAN_POINT('',(-6.28318530718,0.));
#12853 = VECTOR('',#12854,1.);
#12854 = DIRECTION('',(-0.,-1.));
#12855 = ( GEOMETRIC_REPRESENTATION_CONTEXT(2) 
PARAMETRIC_REPRESENTATION_CONTEXT() REPRESENTATION_CONTEXT('2D SPACE',''
  ) );
#12856 = ORIENTED_EDGE('',*,*,#12857,.T.);
#12857 = EDGE_CURVE('',#12830,#12830,#12858,.T.);
#12858 = SURFACE_CURVE('',#12859,(#12864,#12871),.PCURVE_S1.);
#12859 = CIRCLE('',#12860,405.);
#12860 = AXIS2_PLACEMENT_3D('',#12861,#12862,#12863);
#12861 = CARTESIAN_POINT('',(2.677E+04,717.5,405.));
#12862 = DIRECTION('',(1.,-0.,1.110223024625E-16));
#12863 = DIRECTION('',(1.110223024625E-16,0.,-1.));
#12864 = PCURVE('',#12838,#12865);
#12865 = DEFINITIONAL_REPRESENTATION('',(#12866),#12870);
#12866 = LINE('',#12867,#12868);
#12867 = CARTESIAN_POINT('',(-0.,-120.));
#12868 = VECTOR('',#12869,1.);
#12869 = DIRECTION('',(-1.,0.));
#12870 = ( GEOMETRIC_REPRESENTATION_CONTEXT(2) 
PARAMETRIC_REPRESENTATION_CONTEXT() REPRESENTATION_CONTEXT('2D SPACE',''
  ) );
#12871 = PCURVE('',#12872,#12877);
#12872 = PLANE('',#12873);
#12873 = AXIS2_PLACEMENT_3D('',#12874,#12875,#12876);
#12874 = CARTESIAN_POINT('',(2.677E+04,717.5,405.));
#12875 = DIRECTION('',(1.,0.,1.110223024625E-16));
#12876 = DIRECTION('',(1.110223024625E-16,0.,-1.));
#12877 = DEFINITIONAL_REPRESENTATION('',(#12878),#12882);
#12878 = CIRCLE('',#12879,405.);
#12879 = AXIS2_PLACEMENT_2D('',#12880,#12881);
#12880 = CARTESIAN_POINT('',(5.684341886081E-14,0.));
#12881 = DIRECTION('',(1.,0.));
#12882 = ( GEOMETRIC_REPRESENTATION_CONTEXT(2) 
PARAMETRIC_REPRESENTATION_CONTEXT() REPRESENTATION_CONTEXT('2D SPACE',''
  ) );
#12883 = ORIENTED_EDGE('',*,*,#12827,.F.);
#12884 = ORIENTED_EDGE('',*,*,#12885,.F.);
#12885 = EDGE_CURVE('',#12828,#12828,#12886,.T.);
#12886 = SURFACE_CURVE('',#12887,(#12892,#12899),.PCURVE_S1.);
#12887 = CIRCLE('',#12888,405.);
#12888 = AXIS2_PLACEMENT_3D('',#12889,#12890,#12891);
#12889 = CARTESIAN_POINT('',(2.665E+04,717.5,405.));
#12890 = DIRECTION('',(1.,-0.,1.110223024625E-16));
#12891 = DIRECTION('',(1.110223024625E-16,0.,-1.));
#12892 = PCURVE('',#12838,#12893);
#12893 = DEFINITIONAL_REPRESENTATION('',(#12894),#12898);
#12894 = LINE('',#12895,#12896);
#12895 = CARTESIAN_POINT('',(-0.,0.));
#12896 = VECTOR('',#12897,1.);
#12897 = DIRECTION('',(-1.,0.));
#12898 = ( GEOMETRIC_REPRESENTATION_CONTEXT(2) 
PARAMETRIC_REPRESENTATION_CONTEXT() REPRESENTATION_CONTEXT('2D SPACE',''
  ) );
#12899 = PCURVE('',#12900,#12905);
#12900 = PLANE('',#12901);
#12901 = AXIS2_PLACEMENT_3D('',#12902,#12903,#12904);
#12902 = CARTESIAN_POINT('',(2.665E+04,717.5,405.));
#12903 = DIRECTION('',(1.,0.,1.110223024625E-16));
#12904 = DIRECTION('',(1.110223024625E-16,0.,-1.));
#12905 = DEFINITIONAL_REPRESENTATION('',(#12906),#12910);
#12906 = CIRCLE('',#12907,405.);
#12907 = AXIS2_PLACEMENT_2D('',#12908,#12909);
#12908 = CARTESIAN_POINT('',(0.,0.));
#12909 = DIRECTION('',(1.,0.));
#12910 = ( GEOMETRIC_REPRESENTATION_CONTEXT(2) 
PARAMETRIC_REPRESENTATION_CONTEXT() REPRESENTATION_CONTEXT('2D SPACE',''
  ) );
#12911 = ADVANCED_FACE('',(#12912),#12900,.F.);
#12912 = FACE_BOUND('',#12913,.F.);
#12913 = EDGE_LOOP('',(#12914));
#12914 = ORIENTED_EDGE('',*,*,#12885,.T.);
#12915 = ADVANCED_FACE('',(#12916),#12872,.T.);
#12916 = FACE_BOUND('',#12917,.T.);
#12917 = EDGE_LOOP('',(#12918));
#12918 = ORIENTED_EDGE('',*,*,#12857,.T.);
#12919 = ( GEOMETRIC_REPRESENTATION_CONTEXT(3) 
GLOBAL_UNCERTAINTY_ASSIGNED_CONTEXT((#12923)) 
GLOBAL_UNIT_ASSIGNED_CONTEXT((#12920,#12921,#12922)) 
REPRESENTATION_CONTEXT('Context #1',
  '3D Context with UNIT and UNCERTAINTY') );
#12920 = ( LENGTH_UNIT() NAMED_UNIT(*) SI_UNIT(.MILLI.,.METRE.) );
#12921 = ( NAMED_UNIT(*) PLANE_ANGLE_UNIT() SI_UNIT($,.RADIAN.) );
#12922 = ( NAMED_UNIT(*) SI_UNIT($,.STERADIAN.) SOLID_ANGLE_UNIT() );
#12923 = UNCERTAINTY_MEASURE_WITH_UNIT(LENGTH_MEASURE(1.E-07),#12920,
  'distance_accuracy_value','confusion accuracy');
#12924 = CONTEXT_DEPENDENT_SHAPE_REPRESENTATION(#12925,#12927);
#12925 = ( REPRESENTATION_RELATIONSHIP('','',#12820,#12797) 
REPRESENTATION_RELATIONSHIP_WITH_TRANSFORMATION(#12926) 
SHAPE_REPRESENTATION_RELATIONSHIP() );
#12926 = ITEM_DEFINED_TRANSFORMATION('','',#11,#12798);
#12927 = PRODUCT_DEFINITION_SHAPE('Placement','Placement of an item',
  #12928);
#12928 = NEXT_ASSEMBLY_USAGE_OCCURRENCE('1192','=>[0:1:1:88]','',#12792,
  #12815,$);
#12929 = PRODUCT_RELATED_PRODUCT_CATEGORY('part',$,(#12817));
#12930 = SHAPE_DEFINITION_REPRESENTATION(#12931,#12937);
#12931 = PRODUCT_DEFINITION_SHAPE('','',#12932);
#12932 = PRODUCT_DEFINITION('design','',#12933,#12936);
#12933 = PRODUCT_DEFINITION_FORMATION('','',#12934);
#12934 = PRODUCT('Bogie (2-axle, simplified)',
  'Bogie (2-axle, simplified)','',(#12935));
#12935 = PRODUCT_CONTEXT('',#2,'mechanical');
#12936 = PRODUCT_DEFINITION_CONTEXT('part definition',#2,'design');
#12937 = SHAPE_REPRESENTATION('',(#11,#12938,#12942,#12946,#12950,#12954
    ),#12958);
#12938 = AXIS2_PLACEMENT_3D('',#12939,#12940,#12941);
#12939 = CARTESIAN_POINT('',(0.,0.,0.));
#12940 = DIRECTION('',(0.,0.,1.));
#12941 = DIRECTION('',(1.,0.,-0.));
#12942 = AXIS2_PLACEMENT_3D('',#12943,#12944,#12945);
#12943 = CARTESIAN_POINT('',(0.,0.,0.));
#12944 = DIRECTION('',(0.,0.,1.));
#12945 = DIRECTION('',(1.,0.,-0.));
#12946 = AXIS2_PLACEMENT_3D('',#12947,#12948,#12949);
#12947 = CARTESIAN_POINT('',(0.,0.,0.));
#12948 = DIRECTION('',(0.,0.,1.));
#12949 = DIRECTION('',(1.,0.,-0.));
#12950 = AXIS2_PLACEMENT_3D('',#12951,#12952,#12953);
#12951 = CARTESIAN_POINT('',(0.,0.,0.));
#12952 = DIRECTION('',(0.,0.,1.));
#12953 = DIRECTION('',(1.,0.,-0.));
#12954 = AXIS2_PLACEMENT_3D('',#12955,#12956,#12957);
#12955 = CARTESIAN_POINT('',(0.,0.,0.));
#12956 = DIRECTION('',(0.,0.,1.));
#12957 = DIRECTION('',(1.,0.,-0.));
#12958 = ( GEOMETRIC_REPRESENTATION_CONTEXT(3) 
GLOBAL_UNCERTAINTY_ASSIGNED_CONTEXT((#12962)) 
GLOBAL_UNIT_ASSIGNED_CONTEXT((#12959,#12960,#12961)) 
REPRESENTATION_CONTEXT('Context #1',
  '3D Context with UNIT and UNCERTAINTY') );
#12959 = ( LENGTH_UNIT() NAMED_UNIT(*) SI_UNIT(.MILLI.,.METRE.) );
#12960 = ( NAMED_UNIT(*) PLANE_ANGLE_UNIT() SI_UNIT($,.RADIAN.) );
#12961 = ( NAMED_UNIT(*) SI_UNIT($,.STERADIAN.) SOLID_ANGLE_UNIT() );
#12962 = UNCERTAINTY_MEASURE_WITH_UNIT(LENGTH_MEASURE(1.E-07),#12959,
  'distance_accuracy_value','confusion accuracy');
#12963 = CONTEXT_DEPENDENT_SHAPE_REPRESENTATION(#12964,#12966);
#12964 = ( REPRESENTATION_RELATIONSHIP('','',#12937,#10) 
REPRESENTATION_RELATIONSHIP_WITH_TRANSFORMATION(#12965) 
SHAPE_REPRESENTATION_RELATIONSHIP() );
#12965 = ITEM_DEFINED_TRANSFORMATION('','',#11,#63);
#12966 = PRODUCT_DEFINITION_SHAPE('Placement','Placement of an item',
  #12967);
#12967 = NEXT_ASSEMBLY_USAGE_OCCURRENCE('1205','=>[0:1:1:89]','',#5,
  #12932,$);
#12968 = PRODUCT_RELATED_PRODUCT_CATEGORY('part',$,(#12934));
#12969 = SHAPE_DEFINITION_REPRESENTATION(#12970,#12976);
#12970 = PRODUCT_DEFINITION_SHAPE('','',#12971);
#12971 = PRODUCT_DEFINITION('design','',#12972,#12975);
#12972 = PRODUCT_DEFINITION_FORMATION('','',#12973);
#12973 = PRODUCT('ASSEMBLY','ASSEMBLY','',(#12974));
#12974 = PRODUCT_CONTEXT('',#2,'mechanical');
#12975 = PRODUCT_DEFINITION_CONTEXT('part definition',#2,'design');
#12976 = SHAPE_REPRESENTATION('',(#11,#12977),#12981);
#12977 = AXIS2_PLACEMENT_3D('',#12978,#12979,#12980);
#12978 = CARTESIAN_POINT('',(0.,0.,0.));
#12979 = DIRECTION('',(0.,0.,1.));
#12980 = DIRECTION('',(1.,0.,-0.));
#12981 = ( GEOMETRIC_REPRESENTATION_CONTEXT(3) 
GLOBAL_UNCERTAINTY_ASSIGNED_CONTEXT((#12985)) 
GLOBAL_UNIT_ASSIGNED_CONTEXT((#12982,#12983,#12984)) 
REPRESENTATION_CONTEXT('Context #1',
  '3D Context with UNIT and UNCERTAINTY') );
#12982 = ( LENGTH_UNIT() NAMED_UNIT(*) SI_UNIT(.MILLI.,.METRE.) );
#12983 = ( NAMED_UNIT(*) PLANE_ANGLE_UNIT() SI_UNIT($,.RADIAN.) );
#12984 = ( NAMED_UNIT(*) SI_UNIT($,.STERADIAN.) SOLID_ANGLE_UNIT() );
#12985 = UNCERTAINTY_MEASURE_WITH_UNIT(LENGTH_MEASURE(1.E-07),#12982,
  'distance_accuracy_value','confusion accuracy');
#12986 = CONTEXT_DEPENDENT_SHAPE_REPRESENTATION(#12987,#12989);
#12987 = ( REPRESENTATION_RELATIONSHIP('','',#12976,#12937) 
REPRESENTATION_RELATIONSHIP_WITH_TRANSFORMATION(#12988) 
SHAPE_REPRESENTATION_RELATIONSHIP() );
#12988 = ITEM_DEFINED_TRANSFORMATION('','',#11,#12938);
#12989 = PRODUCT_DEFINITION_SHAPE('Placement','Placement of an item',
  #12990);
#12990 = NEXT_ASSEMBLY_USAGE_OCCURRENCE('1196','=>[0:1:1:90]','',#12932,
  #12971,$);
#12991 = PRODUCT_RELATED_PRODUCT_CATEGORY('part',$,(#12973));
#12992 = SHAPE_DEFINITION_REPRESENTATION(#12993,#12999);
#12993 = PRODUCT_DEFINITION_SHAPE('','',#12994);
#12994 = PRODUCT_DEFINITION('design','',#12995,#12998);
#12995 = PRODUCT_DEFINITION_FORMATION('','',#12996);
#12996 = PRODUCT('SOLID','SOLID','',(#12997));
#12997 = PRODUCT_CONTEXT('',#2,'mechanical');
#12998 = PRODUCT_DEFINITION_CONTEXT('part definition',#2,'design');
#12999 = ADVANCED_BREP_SHAPE_REPRESENTATION('',(#11,#13000),#13330);
#13000 = MANIFOLD_SOLID_BREP('',#13001);
#13001 = CLOSED_SHELL('',(#13002,#13122,#13198,#13269,#13316,#13323));
#13002 = ADVANCED_FACE('',(#13003),#13017,.T.);
#13003 = FACE_BOUND('',#13004,.T.);
#13004 = EDGE_LOOP('',(#13005,#13040,#13068,#13096));
#13005 = ORIENTED_EDGE('',*,*,#13006,.T.);
#13006 = EDGE_CURVE('',#13007,#13009,#13011,.T.);
#13007 = VERTEX_POINT('',#13008);
#13008 = CARTESIAN_POINT('',(4.165E+04,-1.2E+03,455.));
#13009 = VERTEX_POINT('',#13010);
#13010 = CARTESIAN_POINT('',(4.165E+04,-1.2E+03,755.));
#13011 = SURFACE_CURVE('',#13012,(#13016,#13028),.PCURVE_S1.);
#13012 = LINE('',#13013,#13014);
#13013 = CARTESIAN_POINT('',(4.165E+04,-1.2E+03,455.));
#13014 = VECTOR('',#13015,1.);
#13015 = DIRECTION('',(0.,0.,1.));
#13016 = PCURVE('',#13017,#13022);
#13017 = PLANE('',#13018);
#13018 = AXIS2_PLACEMENT_3D('',#13019,#13020,#13021);
#13019 = CARTESIAN_POINT('',(4.165E+04,-1.2E+03,455.));
#13020 = DIRECTION('',(-1.,0.,0.));
#13021 = DIRECTION('',(0.,1.,0.));
#13022 = DEFINITIONAL_REPRESENTATION('',(#13023),#13027);
#13023 = LINE('',#13024,#13025);
#13024 = CARTESIAN_POINT('',(0.,0.));
#13025 = VECTOR('',#13026,1.);
#13026 = DIRECTION('',(0.,-1.));
#13027 = ( GEOMETRIC_REPRESENTATION_CONTEXT(2) 
PARAMETRIC_REPRESENTATION_CONTEXT() REPRESENTATION_CONTEXT('2D SPACE',''
  ) );
#13028 = PCURVE('',#13029,#13034);
#13029 = PLANE('',#13030);
#13030 = AXIS2_PLACEMENT_3D('',#13031,#13032,#13033);
#13031 = CARTESIAN_POINT('',(4.165E+04,-1.2E+03,455.));
#13032 = DIRECTION('',(0.,1.,0.));
#13033 = DIRECTION('',(1.,0.,0.));
#13034 = DEFINITIONAL_REPRESENTATION('',(#13035),#13039);
#13035 = LINE('',#13036,#13037);
#13036 = CARTESIAN_POINT('',(0.,0.));
#13037 = VECTOR('',#13038,1.);
#13038 = DIRECTION('',(0.,-1.));
#13039 = ( GEOMETRIC_REPRESENTATION_CONTEXT(2) 
PARAMETRIC_REPRESENTATION_CONTEXT() REPRESENTATION_CONTEXT('2D SPACE',''
  ) );
#13040 = ORIENTED_EDGE('',*,*,#13041,.T.);
#13041 = EDGE_CURVE('',#13009,#13042,#13044,.T.);
#13042 = VERTEX_POINT('',#13043);
#13043 = CARTESIAN_POINT('',(4.165E+04,1.2E+03,755.));
#13044 = SURFACE_CURVE('',#13045,(#13049,#13056),.PCURVE_S1.);
#13045 = LINE('',#13046,#13047);
#13046 = CARTESIAN_POINT('',(4.165E+04,0.,755.));
#13047 = VECTOR('',#13048,1.);
#13048 = DIRECTION('',(0.,1.,0.));
#13049 = PCURVE('',#13017,#13050);
#13050 = DEFINITIONAL_REPRESENTATION('',(#13051),#13055);
#13051 = LINE('',#13052,#13053);
#13052 = CARTESIAN_POINT('',(1.2E+03,-300.));
#13053 = VECTOR('',#13054,1.);
#13054 = DIRECTION('',(1.,0.));
#13055 = ( GEOMETRIC_REPRESENTATION_CONTEXT(2) 
PARAMETRIC_REPRESENTATION_CONTEXT() REPRESENTATION_CONTEXT('2D SPACE',''
  ) );
#13056 = PCURVE('',#13057,#13062);
#13057 = PLANE('',#13058);
#13058 = AXIS2_PLACEMENT_3D('',#13059,#13060,#13061);
#13059 = CARTESIAN_POINT('',(4.34E+04,0.,755.));
#13060 = DIRECTION('',(0.,0.,1.));
#13061 = DIRECTION('',(1.,0.,0.));
#13062 = DEFINITIONAL_REPRESENTATION('',(#13063),#13067);
#13063 = LINE('',#13064,#13065);
#13064 = CARTESIAN_POINT('',(-1.75E+03,0.));
#13065 = VECTOR('',#13066,1.);
#13066 = DIRECTION('',(0.,1.));
#13067 = ( GEOMETRIC_REPRESENTATION_CONTEXT(2) 
PARAMETRIC_REPRESENTATION_CONTEXT() REPRESENTATION_CONTEXT('2D SPACE',''
  ) );
#13068 = ORIENTED_EDGE('',*,*,#13069,.F.);
#13069 = EDGE_CURVE('',#13070,#13042,#13072,.T.);
#13070 = VERTEX_POINT('',#13071);
#13071 = CARTESIAN_POINT('',(4.165E+04,1.2E+03,455.));
#13072 = SURFACE_CURVE('',#13073,(#13077,#13084),.PCURVE_S1.);
#13073 = LINE('',#13074,#13075);
#13074 = CARTESIAN_POINT('',(4.165E+04,1.2E+03,455.));
#13075 = VECTOR('',#13076,1.);
#13076 = DIRECTION('',(0.,0.,1.));
#13077 = PCURVE('',#13017,#13078);
#13078 = DEFINITIONAL_REPRESENTATION('',(#13079),#13083);
#13079 = LINE('',#13080,#13081);
#13080 = CARTESIAN_POINT('',(2.4E+03,0.));
#13081 = VECTOR('',#13082,1.);
#13082 = DIRECTION('',(0.,-1.));
#13083 = ( GEOMETRIC_REPRESENTATION_CONTEXT(2) 
PARAMETRIC_REPRESENTATION_CONTEXT() REPRESENTATION_CONTEXT('2D SPACE',''
  ) );
#13084 = PCURVE('',#13085,#13090);
#13085 = PLANE('',#13086);
#13086 = AXIS2_PLACEMENT_3D('',#13087,#13088,#13089);
#13087 = CARTESIAN_POINT('',(4.165E+04,1.2E+03,455.));
#13088 = DIRECTION('',(0.,1.,0.));
#13089 = DIRECTION('',(1.,0.,0.));
#13090 = DEFINITIONAL_REPRESENTATION('',(#13091),#13095);
#13091 = LINE('',#13092,#13093);
#13092 = CARTESIAN_POINT('',(0.,0.));
#13093 = VECTOR('',#13094,1.);
#13094 = DIRECTION('',(0.,-1.));
#13095 = ( GEOMETRIC_REPRESENTATION_CONTEXT(2) 
PARAMETRIC_REPRESENTATION_CONTEXT() REPRESENTATION_CONTEXT('2D SPACE',''
  ) );
#13096 = ORIENTED_EDGE('',*,*,#13097,.F.);
#13097 = EDGE_CURVE('',#13007,#13070,#13098,.T.);
#13098 = SURFACE_CURVE('',#13099,(#13103,#13110),.PCURVE_S1.);
#13099 = LINE('',#13100,#13101);
#13100 = CARTESIAN_POINT('',(4.165E+04,0.,455.));
#13101 = VECTOR('',#13102,1.);
#13102 = DIRECTION('',(0.,1.,0.));
#13103 = PCURVE('',#13017,#13104);
#13104 = DEFINITIONAL_REPRESENTATION('',(#13105),#13109);
#13105 = LINE('',#13106,#13107);
#13106 = CARTESIAN_POINT('',(1.2E+03,0.));
#13107 = VECTOR('',#13108,1.);
#13108 = DIRECTION('',(1.,0.));
#13109 = ( GEOMETRIC_REPRESENTATION_CONTEXT(2) 
PARAMETRIC_REPRESENTATION_CONTEXT() REPRESENTATION_CONTEXT('2D SPACE',''
  ) );
#13110 = PCURVE('',#13111,#13116);
#13111 = PLANE('',#13112);
#13112 = AXIS2_PLACEMENT_3D('',#13113,#13114,#13115);
#13113 = CARTESIAN_POINT('',(4.34E+04,0.,455.));
#13114 = DIRECTION('',(0.,0.,1.));
#13115 = DIRECTION('',(1.,0.,0.));
#13116 = DEFINITIONAL_REPRESENTATION('',(#13117),#13121);
#13117 = LINE('',#13118,#13119);
#13118 = CARTESIAN_POINT('',(-1.75E+03,0.));
#13119 = VECTOR('',#13120,1.);
#13120 = DIRECTION('',(0.,1.));
#13121 = ( GEOMETRIC_REPRESENTATION_CONTEXT(2) 
PARAMETRIC_REPRESENTATION_CONTEXT() REPRESENTATION_CONTEXT('2D SPACE',''
  ) );
#13122 = ADVANCED_FACE('',(#13123),#13029,.F.);
#13123 = FACE_BOUND('',#13124,.F.);
#13124 = EDGE_LOOP('',(#13125,#13126,#13149,#13177));
#13125 = ORIENTED_EDGE('',*,*,#13006,.T.);
#13126 = ORIENTED_EDGE('',*,*,#13127,.T.);
#13127 = EDGE_CURVE('',#13009,#13128,#13130,.T.);
#13128 = VERTEX_POINT('',#13129);
#13129 = CARTESIAN_POINT('',(4.515E+04,-1.2E+03,755.));
#13130 = SURFACE_CURVE('',#13131,(#13135,#13142),.PCURVE_S1.);
#13131 = LINE('',#13132,#13133);
#13132 = CARTESIAN_POINT('',(4.34E+04,-1.2E+03,755.));
#13133 = VECTOR('',#13134,1.);
#13134 = DIRECTION('',(1.,0.,0.));
#13135 = PCURVE('',#13029,#13136);
#13136 = DEFINITIONAL_REPRESENTATION('',(#13137),#13141);
#13137 = LINE('',#13138,#13139);
#13138 = CARTESIAN_POINT('',(1.75E+03,-300.));
#13139 = VECTOR('',#13140,1.);
#13140 = DIRECTION('',(1.,0.));
#13141 = ( GEOMETRIC_REPRESENTATION_CONTEXT(2) 
PARAMETRIC_REPRESENTATION_CONTEXT() REPRESENTATION_CONTEXT('2D SPACE',''
  ) );
#13142 = PCURVE('',#13057,#13143);
#13143 = DEFINITIONAL_REPRESENTATION('',(#13144),#13148);
#13144 = LINE('',#13145,#13146);
#13145 = CARTESIAN_POINT('',(0.,-1.2E+03));
#13146 = VECTOR('',#13147,1.);
#13147 = DIRECTION('',(1.,0.));
#13148 = ( GEOMETRIC_REPRESENTATION_CONTEXT(2) 
PARAMETRIC_REPRESENTATION_CONTEXT() REPRESENTATION_CONTEXT('2D SPACE',''
  ) );
#13149 = ORIENTED_EDGE('',*,*,#13150,.F.);
#13150 = EDGE_CURVE('',#13151,#13128,#13153,.T.);
#13151 = VERTEX_POINT('',#13152);
#13152 = CARTESIAN_POINT('',(4.515E+04,-1.2E+03,455.));
#13153 = SURFACE_CURVE('',#13154,(#13158,#13165),.PCURVE_S1.);
#13154 = LINE('',#13155,#13156);
#13155 = CARTESIAN_POINT('',(4.515E+04,-1.2E+03,455.));
#13156 = VECTOR('',#13157,1.);
#13157 = DIRECTION('',(0.,0.,1.));
#13158 = PCURVE('',#13029,#13159);
#13159 = DEFINITIONAL_REPRESENTATION('',(#13160),#13164);
#13160 = LINE('',#13161,#13162);
#13161 = CARTESIAN_POINT('',(3.5E+03,0.));
#13162 = VECTOR('',#13163,1.);
#13163 = DIRECTION('',(0.,-1.));
#13164 = ( GEOMETRIC_REPRESENTATION_CONTEXT(2) 
PARAMETRIC_REPRESENTATION_CONTEXT() REPRESENTATION_CONTEXT('2D SPACE',''
  ) );
#13165 = PCURVE('',#13166,#13171);
#13166 = PLANE('',#13167);
#13167 = AXIS2_PLACEMENT_3D('',#13168,#13169,#13170);
#13168 = CARTESIAN_POINT('',(4.515E+04,-1.2E+03,455.));
#13169 = DIRECTION('',(-1.,0.,0.));
#13170 = DIRECTION('',(0.,1.,0.));
#13171 = DEFINITIONAL_REPRESENTATION('',(#13172),#13176);
#13172 = LINE('',#13173,#13174);
#13173 = CARTESIAN_POINT('',(0.,0.));
#13174 = VECTOR('',#13175,1.);
#13175 = DIRECTION('',(0.,-1.));
#13176 = ( GEOMETRIC_REPRESENTATION_CONTEXT(2) 
PARAMETRIC_REPRESENTATION_CONTEXT() REPRESENTATION_CONTEXT('2D SPACE',''
  ) );
#13177 = ORIENTED_EDGE('',*,*,#13178,.F.);
#13178 = EDGE_CURVE('',#13007,#13151,#13179,.T.);
#13179 = SURFACE_CURVE('',#13180,(#13184,#13191),.PCURVE_S1.);
#13180 = LINE('',#13181,#13182);
#13181 = CARTESIAN_POINT('',(4.34E+04,-1.2E+03,455.));
#13182 = VECTOR('',#13183,1.);
#13183 = DIRECTION('',(1.,0.,0.));
#13184 = PCURVE('',#13029,#13185);
#13185 = DEFINITIONAL_REPRESENTATION('',(#13186),#13190);
#13186 = LINE('',#13187,#13188);
#13187 = CARTESIAN_POINT('',(1.75E+03,0.));
#13188 = VECTOR('',#13189,1.);
#13189 = DIRECTION('',(1.,0.));
#13190 = ( GEOMETRIC_REPRESENTATION_CONTEXT(2) 
PARAMETRIC_REPRESENTATION_CONTEXT() REPRESENTATION_CONTEXT('2D SPACE',''
  ) );
#13191 = PCURVE('',#13111,#13192);
#13192 = DEFINITIONAL_REPRESENTATION('',(#13193),#13197);
#13193 = LINE('',#13194,#13195);
#13194 = CARTESIAN_POINT('',(0.,-1.2E+03));
#13195 = VECTOR('',#13196,1.);
#13196 = DIRECTION('',(1.,0.));
#13197 = ( GEOMETRIC_REPRESENTATION_CONTEXT(2) 
PARAMETRIC_REPRESENTATION_CONTEXT() REPRESENTATION_CONTEXT('2D SPACE',''
  ) );
#13198 = ADVANCED_FACE('',(#13199),#13166,.F.);
#13199 = FACE_BOUND('',#13200,.F.);
#13200 = EDGE_LOOP('',(#13201,#13202,#13225,#13248));
#13201 = ORIENTED_EDGE('',*,*,#13150,.T.);
#13202 = ORIENTED_EDGE('',*,*,#13203,.T.);
#13203 = EDGE_CURVE('',#13128,#13204,#13206,.T.);
#13204 = VERTEX_POINT('',#13205);
#13205 = CARTESIAN_POINT('',(4.515E+04,1.2E+03,755.));
#13206 = SURFACE_CURVE('',#13207,(#13211,#13218),.PCURVE_S1.);
#13207 = LINE('',#13208,#13209);
#13208 = CARTESIAN_POINT('',(4.515E+04,0.,755.));
#13209 = VECTOR('',#13210,1.);
#13210 = DIRECTION('',(0.,1.,0.));
#13211 = PCURVE('',#13166,#13212);
#13212 = DEFINITIONAL_REPRESENTATION('',(#13213),#13217);
#13213 = LINE('',#13214,#13215);
#13214 = CARTESIAN_POINT('',(1.2E+03,-300.));
#13215 = VECTOR('',#13216,1.);
#13216 = DIRECTION('',(1.,0.));
#13217 = ( GEOMETRIC_REPRESENTATION_CONTEXT(2) 
PARAMETRIC_REPRESENTATION_CONTEXT() REPRESENTATION_CONTEXT('2D SPACE',''
  ) );
#13218 = PCURVE('',#13057,#13219);
#13219 = DEFINITIONAL_REPRESENTATION('',(#13220),#13224);
#13220 = LINE('',#13221,#13222);
#13221 = CARTESIAN_POINT('',(1.75E+03,0.));
#13222 = VECTOR('',#13223,1.);
#13223 = DIRECTION('',(0.,1.));
#13224 = ( GEOMETRIC_REPRESENTATION_CONTEXT(2) 
PARAMETRIC_REPRESENTATION_CONTEXT() REPRESENTATION_CONTEXT('2D SPACE',''
  ) );
#13225 = ORIENTED_EDGE('',*,*,#13226,.F.);
#13226 = EDGE_CURVE('',#13227,#13204,#13229,.T.);
#13227 = VERTEX_POINT('',#13228);
#13228 = CARTESIAN_POINT('',(4.515E+04,1.2E+03,455.));
#13229 = SURFACE_CURVE('',#13230,(#13234,#13241),.PCURVE_S1.);
#13230 = LINE('',#13231,#13232);
#13231 = CARTESIAN_POINT('',(4.515E+04,1.2E+03,455.));
#13232 = VECTOR('',#13233,1.);
#13233 = DIRECTION('',(0.,0.,1.));
#13234 = PCURVE('',#13166,#13235);
#13235 = DEFINITIONAL_REPRESENTATION('',(#13236),#13240);
#13236 = LINE('',#13237,#13238);
#13237 = CARTESIAN_POINT('',(2.4E+03,0.));
#13238 = VECTOR('',#13239,1.);
#13239 = DIRECTION('',(0.,-1.));
#13240 = ( GEOMETRIC_REPRESENTATION_CONTEXT(2) 
PARAMETRIC_REPRESENTATION_CONTEXT() REPRESENTATION_CONTEXT('2D SPACE',''
  ) );
#13241 = PCURVE('',#13085,#13242);
#13242 = DEFINITIONAL_REPRESENTATION('',(#13243),#13247);
#13243 = LINE('',#13244,#13245);
#13244 = CARTESIAN_POINT('',(3.5E+03,0.));
#13245 = VECTOR('',#13246,1.);
#13246 = DIRECTION('',(0.,-1.));
#13247 = ( GEOMETRIC_REPRESENTATION_CONTEXT(2) 
PARAMETRIC_REPRESENTATION_CONTEXT() REPRESENTATION_CONTEXT('2D SPACE',''
  ) );
#13248 = ORIENTED_EDGE('',*,*,#13249,.F.);
#13249 = EDGE_CURVE('',#13151,#13227,#13250,.T.);
#13250 = SURFACE_CURVE('',#13251,(#13255,#13262),.PCURVE_S1.);
#13251 = LINE('',#13252,#13253);
#13252 = CARTESIAN_POINT('',(4.515E+04,0.,455.));
#13253 = VECTOR('',#13254,1.);
#13254 = DIRECTION('',(0.,1.,0.));
#13255 = PCURVE('',#13166,#13256);
#13256 = DEFINITIONAL_REPRESENTATION('',(#13257),#13261);
#13257 = LINE('',#13258,#13259);
#13258 = CARTESIAN_POINT('',(1.2E+03,0.));
#13259 = VECTOR('',#13260,1.);
#13260 = DIRECTION('',(1.,0.));
#13261 = ( GEOMETRIC_REPRESENTATION_CONTEXT(2) 
PARAMETRIC_REPRESENTATION_CONTEXT() REPRESENTATION_CONTEXT('2D SPACE',''
  ) );
#13262 = PCURVE('',#13111,#13263);
#13263 = DEFINITIONAL_REPRESENTATION('',(#13264),#13268);
#13264 = LINE('',#13265,#13266);
#13265 = CARTESIAN_POINT('',(1.75E+03,0.));
#13266 = VECTOR('',#13267,1.);
#13267 = DIRECTION('',(0.,1.));
#13268 = ( GEOMETRIC_REPRESENTATION_CONTEXT(2) 
PARAMETRIC_REPRESENTATION_CONTEXT() REPRESENTATION_CONTEXT('2D SPACE',''
  ) );
#13269 = ADVANCED_FACE('',(#13270),#13085,.T.);
#13270 = FACE_BOUND('',#13271,.T.);
#13271 = EDGE_LOOP('',(#13272,#13273,#13294,#13295));
#13272 = ORIENTED_EDGE('',*,*,#13069,.T.);
#13273 = ORIENTED_EDGE('',*,*,#13274,.T.);
#13274 = EDGE_CURVE('',#13042,#13204,#13275,.T.);
#13275 = SURFACE_CURVE('',#13276,(#13280,#13287),.PCURVE_S1.);
#13276 = LINE('',#13277,#13278);
#13277 = CARTESIAN_POINT('',(4.34E+04,1.2E+03,755.));
#13278 = VECTOR('',#13279,1.);
#13279 = DIRECTION('',(1.,0.,0.));
#13280 = PCURVE('',#13085,#13281);
#13281 = DEFINITIONAL_REPRESENTATION('',(#13282),#13286);
#13282 = LINE('',#13283,#13284);
#13283 = CARTESIAN_POINT('',(1.75E+03,-300.));
#13284 = VECTOR('',#13285,1.);
#13285 = DIRECTION('',(1.,0.));
#13286 = ( GEOMETRIC_REPRESENTATION_CONTEXT(2) 
PARAMETRIC_REPRESENTATION_CONTEXT() REPRESENTATION_CONTEXT('2D SPACE',''
  ) );
#13287 = PCURVE('',#13057,#13288);
#13288 = DEFINITIONAL_REPRESENTATION('',(#13289),#13293);
#13289 = LINE('',#13290,#13291);
#13290 = CARTESIAN_POINT('',(0.,1.2E+03));
#13291 = VECTOR('',#13292,1.);
#13292 = DIRECTION('',(1.,0.));
#13293 = ( GEOMETRIC_REPRESENTATION_CONTEXT(2) 
PARAMETRIC_REPRESENTATION_CONTEXT() REPRESENTATION_CONTEXT('2D SPACE',''
  ) );
#13294 = ORIENTED_EDGE('',*,*,#13226,.F.);
#13295 = ORIENTED_EDGE('',*,*,#13296,.F.);
#13296 = EDGE_CURVE('',#13070,#13227,#13297,.T.);
#13297 = SURFACE_CURVE('',#13298,(#13302,#13309),.PCURVE_S1.);
#13298 = LINE('',#13299,#13300);
#13299 = CARTESIAN_POINT('',(4.34E+04,1.2E+03,455.));
#13300 = VECTOR('',#13301,1.);
#13301 = DIRECTION('',(1.,0.,0.));
#13302 = PCURVE('',#13085,#13303);
#13303 = DEFINITIONAL_REPRESENTATION('',(#13304),#13308);
#13304 = LINE('',#13305,#13306);
#13305 = CARTESIAN_POINT('',(1.75E+03,0.));
#13306 = VECTOR('',#13307,1.);
#13307 = DIRECTION('',(1.,0.));
#13308 = ( GEOMETRIC_REPRESENTATION_CONTEXT(2) 
PARAMETRIC_REPRESENTATION_CONTEXT() REPRESENTATION_CONTEXT('2D SPACE',''
  ) );
#13309 = PCURVE('',#13111,#13310);
#13310 = DEFINITIONAL_REPRESENTATION('',(#13311),#13315);
#13311 = LINE('',#13312,#13313);
#13312 = CARTESIAN_POINT('',(0.,1.2E+03));
#13313 = VECTOR('',#13314,1.);
#13314 = DIRECTION('',(1.,0.));
#13315 = ( GEOMETRIC_REPRESENTATION_CONTEXT(2) 
PARAMETRIC_REPRESENTATION_CONTEXT() REPRESENTATION_CONTEXT('2D SPACE',''
  ) );
#13316 = ADVANCED_FACE('',(#13317),#13111,.F.);
#13317 = FACE_BOUND('',#13318,.F.);
#13318 = EDGE_LOOP('',(#13319,#13320,#13321,#13322));
#13319 = ORIENTED_EDGE('',*,*,#13097,.F.);
#13320 = ORIENTED_EDGE('',*,*,#13178,.T.);
#13321 = ORIENTED_EDGE('',*,*,#13249,.T.);
#13322 = ORIENTED_EDGE('',*,*,#13296,.F.);
#13323 = ADVANCED_FACE('',(#13324),#13057,.T.);
#13324 = FACE_BOUND('',#13325,.T.);
#13325 = EDGE_LOOP('',(#13326,#13327,#13328,#13329));
#13326 = ORIENTED_EDGE('',*,*,#13041,.F.);
#13327 = ORIENTED_EDGE('',*,*,#13127,.T.);
#13328 = ORIENTED_EDGE('',*,*,#13203,.T.);
#13329 = ORIENTED_EDGE('',*,*,#13274,.F.);
#13330 = ( GEOMETRIC_REPRESENTATION_CONTEXT(3) 
GLOBAL_UNCERTAINTY_ASSIGNED_CONTEXT((#13334)) 
GLOBAL_UNIT_ASSIGNED_CONTEXT((#13331,#13332,#13333)) 
REPRESENTATION_CONTEXT('Context #1',
  '3D Context with UNIT and UNCERTAINTY') );
#13331 = ( LENGTH_UNIT() NAMED_UNIT(*) SI_UNIT(.MILLI.,.METRE.) );
#13332 = ( NAMED_UNIT(*) PLANE_ANGLE_UNIT() SI_UNIT($,.RADIAN.) );
#13333 = ( NAMED_UNIT(*) SI_UNIT($,.STERADIAN.) SOLID_ANGLE_UNIT() );
#13334 = UNCERTAINTY_MEASURE_WITH_UNIT(LENGTH_MEASURE(1.E-07),#13331,
  'distance_accuracy_value','confusion accuracy');
#13335 = CONTEXT_DEPENDENT_SHAPE_REPRESENTATION(#13336,#13338);
#13336 = ( REPRESENTATION_RELATIONSHIP('','',#12999,#12976) 
REPRESENTATION_RELATIONSHIP_WITH_TRANSFORMATION(#13337) 
SHAPE_REPRESENTATION_RELATIONSHIP() );
#13337 = ITEM_DEFINED_TRANSFORMATION('','',#11,#12977);
#13338 = PRODUCT_DEFINITION_SHAPE('Placement','Placement of an item',
  #13339);
#13339 = NEXT_ASSEMBLY_USAGE_OCCURRENCE('1195','=>[0:1:1:91]','',#12971,
  #12994,$);
#13340 = PRODUCT_RELATED_PRODUCT_CATEGORY('part',$,(#12996));
#13341 = SHAPE_DEFINITION_REPRESENTATION(#13342,#13348);
#13342 = PRODUCT_DEFINITION_SHAPE('','',#13343);
#13343 = PRODUCT_DEFINITION('design','',#13344,#13347);
#13344 = PRODUCT_DEFINITION_FORMATION('','',#13345);
#13345 = PRODUCT('ASSEMBLY','ASSEMBLY','',(#13346));
#13346 = PRODUCT_CONTEXT('',#2,'mechanical');
#13347 = PRODUCT_DEFINITION_CONTEXT('part definition',#2,'design');
#13348 = SHAPE_REPRESENTATION('',(#11,#13349),#13353);
#13349 = AXIS2_PLACEMENT_3D('',#13350,#13351,#13352);
#13350 = CARTESIAN_POINT('',(0.,0.,0.));
#13351 = DIRECTION('',(0.,0.,1.));
#13352 = DIRECTION('',(1.,0.,-0.));
#13353 = ( GEOMETRIC_REPRESENTATION_CONTEXT(3) 
GLOBAL_UNCERTAINTY_ASSIGNED_CONTEXT((#13357)) 
GLOBAL_UNIT_ASSIGNED_CONTEXT((#13354,#13355,#13356)) 
REPRESENTATION_CONTEXT('Context #1',
  '3D Context with UNIT and UNCERTAINTY') );
#13354 = ( LENGTH_UNIT() NAMED_UNIT(*) SI_UNIT(.MILLI.,.METRE.) );
#13355 = ( NAMED_UNIT(*) PLANE_ANGLE_UNIT() SI_UNIT($,.RADIAN.) );
#13356 = ( NAMED_UNIT(*) SI_UNIT($,.STERADIAN.) SOLID_ANGLE_UNIT() );
#13357 = UNCERTAINTY_MEASURE_WITH_UNIT(LENGTH_MEASURE(1.E-07),#13354,
  'distance_accuracy_value','confusion accuracy');
#13358 = CONTEXT_DEPENDENT_SHAPE_REPRESENTATION(#13359,#13361);
#13359 = ( REPRESENTATION_RELATIONSHIP('','',#13348,#12937) 
REPRESENTATION_RELATIONSHIP_WITH_TRANSFORMATION(#13360) 
SHAPE_REPRESENTATION_RELATIONSHIP() );
#13360 = ITEM_DEFINED_TRANSFORMATION('','',#11,#12942);
#13361 = PRODUCT_DEFINITION_SHAPE('Placement','Placement of an item',
  #13362);
#13362 = NEXT_ASSEMBLY_USAGE_OCCURRENCE('1198','=>[0:1:1:92]','',#12932,
  #13343,$);
#13363 = PRODUCT_RELATED_PRODUCT_CATEGORY('part',$,(#13345));
#13364 = SHAPE_DEFINITION_REPRESENTATION(#13365,#13371);
#13365 = PRODUCT_DEFINITION_SHAPE('','',#13366);
#13366 = PRODUCT_DEFINITION('design','',#13367,#13370);
#13367 = PRODUCT_DEFINITION_FORMATION('','',#13368);
#13368 = PRODUCT('SOLID','SOLID','',(#13369));
#13369 = PRODUCT_CONTEXT('',#2,'mechanical');
#13370 = PRODUCT_DEFINITION_CONTEXT('part definition',#2,'design');
#13371 = ADVANCED_BREP_SHAPE_REPRESENTATION('',(#11,#13372),#13470);
#13372 = MANIFOLD_SOLID_BREP('',#13373);
#13373 = CLOSED_SHELL('',(#13374,#13462,#13466));
#13374 = ADVANCED_FACE('',(#13375),#13389,.T.);
#13375 = FACE_BOUND('',#13376,.F.);
#13376 = EDGE_LOOP('',(#13377,#13407,#13434,#13435));
#13377 = ORIENTED_EDGE('',*,*,#13378,.T.);
#13378 = EDGE_CURVE('',#13379,#13381,#13383,.T.);
#13379 = VERTEX_POINT('',#13380);
#13380 = CARTESIAN_POINT('',(4.235E+04,-717.5,0.));
#13381 = VERTEX_POINT('',#13382);
#13382 = CARTESIAN_POINT('',(4.247E+04,-717.5,0.));
#13383 = SEAM_CURVE('',#13384,(#13388,#13400),.PCURVE_S1.);
#13384 = LINE('',#13385,#13386);
#13385 = CARTESIAN_POINT('',(4.235E+04,-717.5,0.));
#13386 = VECTOR('',#13387,1.);
#13387 = DIRECTION('',(1.,0.,1.110223024625E-16));
#13388 = PCURVE('',#13389,#13394);
#13389 = CYLINDRICAL_SURFACE('',#13390,405.);
#13390 = AXIS2_PLACEMENT_3D('',#13391,#13392,#13393);
#13391 = CARTESIAN_POINT('',(4.235E+04,-717.5,405.));
#13392 = DIRECTION('',(-1.,-0.,-1.110223024625E-16));
#13393 = DIRECTION('',(1.110223024625E-16,0.,-1.));
#13394 = DEFINITIONAL_REPRESENTATION('',(#13395),#13399);
#13395 = LINE('',#13396,#13397);
#13396 = CARTESIAN_POINT('',(-0.,0.));
#13397 = VECTOR('',#13398,1.);
#13398 = DIRECTION('',(-0.,-1.));
#13399 = ( GEOMETRIC_REPRESENTATION_CONTEXT(2) 
PARAMETRIC_REPRESENTATION_CONTEXT() REPRESENTATION_CONTEXT('2D SPACE',''
  ) );
#13400 = PCURVE('',#13389,#13401);
#13401 = DEFINITIONAL_REPRESENTATION('',(#13402),#13406);
#13402 = LINE('',#13403,#13404);
#13403 = CARTESIAN_POINT('',(-6.28318530718,0.));
#13404 = VECTOR('',#13405,1.);
#13405 = DIRECTION('',(-0.,-1.));
#13406 = ( GEOMETRIC_REPRESENTATION_CONTEXT(2) 
PARAMETRIC_REPRESENTATION_CONTEXT() REPRESENTATION_CONTEXT('2D SPACE',''
  ) );
#13407 = ORIENTED_EDGE('',*,*,#13408,.T.);
#13408 = EDGE_CURVE('',#13381,#13381,#13409,.T.);
#13409 = SURFACE_CURVE('',#13410,(#13415,#13422),.PCURVE_S1.);
#13410 = CIRCLE('',#13411,405.);
#13411 = AXIS2_PLACEMENT_3D('',#13412,#13413,#13414);
#13412 = CARTESIAN_POINT('',(4.247E+04,-717.5,405.));
#13413 = DIRECTION('',(1.,-0.,1.110223024625E-16));
#13414 = DIRECTION('',(1.110223024625E-16,0.,-1.));
#13415 = PCURVE('',#13389,#13416);
#13416 = DEFINITIONAL_REPRESENTATION('',(#13417),#13421);
#13417 = LINE('',#13418,#13419);
#13418 = CARTESIAN_POINT('',(-0.,-120.));
#13419 = VECTOR('',#13420,1.);
#13420 = DIRECTION('',(-1.,0.));
#13421 = ( GEOMETRIC_REPRESENTATION_CONTEXT(2) 
PARAMETRIC_REPRESENTATION_CONTEXT() REPRESENTATION_CONTEXT('2D SPACE',''
  ) );
#13422 = PCURVE('',#13423,#13428);
#13423 = PLANE('',#13424);
#13424 = AXIS2_PLACEMENT_3D('',#13425,#13426,#13427);
#13425 = CARTESIAN_POINT('',(4.247E+04,-717.5,405.));
#13426 = DIRECTION('',(1.,0.,1.110223024625E-16));
#13427 = DIRECTION('',(1.110223024625E-16,0.,-1.));
#13428 = DEFINITIONAL_REPRESENTATION('',(#13429),#13433);
#13429 = CIRCLE('',#13430,405.);
#13430 = AXIS2_PLACEMENT_2D('',#13431,#13432);
#13431 = CARTESIAN_POINT('',(5.684341886081E-14,0.));
#13432 = DIRECTION('',(1.,0.));
#13433 = ( GEOMETRIC_REPRESENTATION_CONTEXT(2) 
PARAMETRIC_REPRESENTATION_CONTEXT() REPRESENTATION_CONTEXT('2D SPACE',''
  ) );
#13434 = ORIENTED_EDGE('',*,*,#13378,.F.);
#13435 = ORIENTED_EDGE('',*,*,#13436,.F.);
#13436 = EDGE_CURVE('',#13379,#13379,#13437,.T.);
#13437 = SURFACE_CURVE('',#13438,(#13443,#13450),.PCURVE_S1.);
#13438 = CIRCLE('',#13439,405.);
#13439 = AXIS2_PLACEMENT_3D('',#13440,#13441,#13442);
#13440 = CARTESIAN_POINT('',(4.235E+04,-717.5,405.));
#13441 = DIRECTION('',(1.,-0.,1.110223024625E-16));
#13442 = DIRECTION('',(1.110223024625E-16,0.,-1.));
#13443 = PCURVE('',#13389,#13444);
#13444 = DEFINITIONAL_REPRESENTATION('',(#13445),#13449);
#13445 = LINE('',#13446,#13447);
#13446 = CARTESIAN_POINT('',(-0.,0.));
#13447 = VECTOR('',#13448,1.);
#13448 = DIRECTION('',(-1.,0.));
#13449 = ( GEOMETRIC_REPRESENTATION_CONTEXT(2) 
PARAMETRIC_REPRESENTATION_CONTEXT() REPRESENTATION_CONTEXT('2D SPACE',''
  ) );
#13450 = PCURVE('',#13451,#13456);
#13451 = PLANE('',#13452);
#13452 = AXIS2_PLACEMENT_3D('',#13453,#13454,#13455);
#13453 = CARTESIAN_POINT('',(4.235E+04,-717.5,405.));
#13454 = DIRECTION('',(1.,0.,1.110223024625E-16));
#13455 = DIRECTION('',(1.110223024625E-16,0.,-1.));
#13456 = DEFINITIONAL_REPRESENTATION('',(#13457),#13461);
#13457 = CIRCLE('',#13458,405.);
#13458 = AXIS2_PLACEMENT_2D('',#13459,#13460);
#13459 = CARTESIAN_POINT('',(0.,0.));
#13460 = DIRECTION('',(1.,0.));
#13461 = ( GEOMETRIC_REPRESENTATION_CONTEXT(2) 
PARAMETRIC_REPRESENTATION_CONTEXT() REPRESENTATION_CONTEXT('2D SPACE',''
  ) );
#13462 = ADVANCED_FACE('',(#13463),#13451,.F.);
#13463 = FACE_BOUND('',#13464,.F.);
#13464 = EDGE_LOOP('',(#13465));
#13465 = ORIENTED_EDGE('',*,*,#13436,.T.);
#13466 = ADVANCED_FACE('',(#13467),#13423,.T.);
#13467 = FACE_BOUND('',#13468,.T.);
#13468 = EDGE_LOOP('',(#13469));
#13469 = ORIENTED_EDGE('',*,*,#13408,.T.);
#13470 = ( GEOMETRIC_REPRESENTATION_CONTEXT(3) 
GLOBAL_UNCERTAINTY_ASSIGNED_CONTEXT((#13474)) 
GLOBAL_UNIT_ASSIGNED_CONTEXT((#13471,#13472,#13473)) 
REPRESENTATION_CONTEXT('Context #1',
  '3D Context with UNIT and UNCERTAINTY') );
#13471 = ( LENGTH_UNIT() NAMED_UNIT(*) SI_UNIT(.MILLI.,.METRE.) );
#13472 = ( NAMED_UNIT(*) PLANE_ANGLE_UNIT() SI_UNIT($,.RADIAN.) );
#13473 = ( NAMED_UNIT(*) SI_UNIT($,.STERADIAN.) SOLID_ANGLE_UNIT() );
#13474 = UNCERTAINTY_MEASURE_WITH_UNIT(LENGTH_MEASURE(1.E-07),#13471,
  'distance_accuracy_value','confusion accuracy');
#13475 = CONTEXT_DEPENDENT_SHAPE_REPRESENTATION(#13476,#13478);
#13476 = ( REPRESENTATION_RELATIONSHIP('','',#13371,#13348) 
REPRESENTATION_RELATIONSHIP_WITH_TRANSFORMATION(#13477) 
SHAPE_REPRESENTATION_RELATIONSHIP() );
#13477 = ITEM_DEFINED_TRANSFORMATION('','',#11,#13349);
#13478 = PRODUCT_DEFINITION_SHAPE('Placement','Placement of an item',
  #13479);
#13479 = NEXT_ASSEMBLY_USAGE_OCCURRENCE('1197','=>[0:1:1:93]','',#13343,
  #13366,$);
#13480 = PRODUCT_RELATED_PRODUCT_CATEGORY('part',$,(#13368));
#13481 = SHAPE_DEFINITION_REPRESENTATION(#13482,#13488);
#13482 = PRODUCT_DEFINITION_SHAPE('','',#13483);
#13483 = PRODUCT_DEFINITION('design','',#13484,#13487);
#13484 = PRODUCT_DEFINITION_FORMATION('','',#13485);
#13485 = PRODUCT('ASSEMBLY','ASSEMBLY','',(#13486));
#13486 = PRODUCT_CONTEXT('',#2,'mechanical');
#13487 = PRODUCT_DEFINITION_CONTEXT('part definition',#2,'design');
#13488 = SHAPE_REPRESENTATION('',(#11,#13489),#13493);
#13489 = AXIS2_PLACEMENT_3D('',#13490,#13491,#13492);
#13490 = CARTESIAN_POINT('',(0.,0.,0.));
#13491 = DIRECTION('',(0.,0.,1.));
#13492 = DIRECTION('',(1.,0.,-0.));
#13493 = ( GEOMETRIC_REPRESENTATION_CONTEXT(3) 
GLOBAL_UNCERTAINTY_ASSIGNED_CONTEXT((#13497)) 
GLOBAL_UNIT_ASSIGNED_CONTEXT((#13494,#13495,#13496)) 
REPRESENTATION_CONTEXT('Context #1',
  '3D Context with UNIT and UNCERTAINTY') );
#13494 = ( LENGTH_UNIT() NAMED_UNIT(*) SI_UNIT(.MILLI.,.METRE.) );
#13495 = ( NAMED_UNIT(*) PLANE_ANGLE_UNIT() SI_UNIT($,.RADIAN.) );
#13496 = ( NAMED_UNIT(*) SI_UNIT($,.STERADIAN.) SOLID_ANGLE_UNIT() );
#13497 = UNCERTAINTY_MEASURE_WITH_UNIT(LENGTH_MEASURE(1.E-07),#13494,
  'distance_accuracy_value','confusion accuracy');
#13498 = CONTEXT_DEPENDENT_SHAPE_REPRESENTATION(#13499,#13501);
#13499 = ( REPRESENTATION_RELATIONSHIP('','',#13488,#12937) 
REPRESENTATION_RELATIONSHIP_WITH_TRANSFORMATION(#13500) 
SHAPE_REPRESENTATION_RELATIONSHIP() );
#13500 = ITEM_DEFINED_TRANSFORMATION('','',#11,#12946);
#13501 = PRODUCT_DEFINITION_SHAPE('Placement','Placement of an item',
  #13502);
#13502 = NEXT_ASSEMBLY_USAGE_OCCURRENCE('1200','=>[0:1:1:94]','',#12932,
  #13483,$);
#13503 = PRODUCT_RELATED_PRODUCT_CATEGORY('part',$,(#13485));
#13504 = SHAPE_DEFINITION_REPRESENTATION(#13505,#13511);
#13505 = PRODUCT_DEFINITION_SHAPE('','',#13506);
#13506 = PRODUCT_DEFINITION('design','',#13507,#13510);
#13507 = PRODUCT_DEFINITION_FORMATION('','',#13508);
#13508 = PRODUCT('SOLID','SOLID','',(#13509));
#13509 = PRODUCT_CONTEXT('',#2,'mechanical');
#13510 = PRODUCT_DEFINITION_CONTEXT('part definition',#2,'design');
#13511 = ADVANCED_BREP_SHAPE_REPRESENTATION('',(#11,#13512),#13610);
#13512 = MANIFOLD_SOLID_BREP('',#13513);
#13513 = CLOSED_SHELL('',(#13514,#13602,#13606));
#13514 = ADVANCED_FACE('',(#13515),#13529,.T.);
#13515 = FACE_BOUND('',#13516,.F.);
#13516 = EDGE_LOOP('',(#13517,#13547,#13574,#13575));
#13517 = ORIENTED_EDGE('',*,*,#13518,.T.);
#13518 = EDGE_CURVE('',#13519,#13521,#13523,.T.);
#13519 = VERTEX_POINT('',#13520);
#13520 = CARTESIAN_POINT('',(4.235E+04,717.5,0.));
#13521 = VERTEX_POINT('',#13522);
#13522 = CARTESIAN_POINT('',(4.247E+04,717.5,0.));
#13523 = SEAM_CURVE('',#13524,(#13528,#13540),.PCURVE_S1.);
#13524 = LINE('',#13525,#13526);
#13525 = CARTESIAN_POINT('',(4.235E+04,717.5,0.));
#13526 = VECTOR('',#13527,1.);
#13527 = DIRECTION('',(1.,0.,1.110223024625E-16));
#13528 = PCURVE('',#13529,#13534);
#13529 = CYLINDRICAL_SURFACE('',#13530,405.);
#13530 = AXIS2_PLACEMENT_3D('',#13531,#13532,#13533);
#13531 = CARTESIAN_POINT('',(4.235E+04,717.5,405.));
#13532 = DIRECTION('',(-1.,-0.,-1.110223024625E-16));
#13533 = DIRECTION('',(1.110223024625E-16,0.,-1.));
#13534 = DEFINITIONAL_REPRESENTATION('',(#13535),#13539);
#13535 = LINE('',#13536,#13537);
#13536 = CARTESIAN_POINT('',(-0.,0.));
#13537 = VECTOR('',#13538,1.);
#13538 = DIRECTION('',(-0.,-1.));
#13539 = ( GEOMETRIC_REPRESENTATION_CONTEXT(2) 
PARAMETRIC_REPRESENTATION_CONTEXT() REPRESENTATION_CONTEXT('2D SPACE',''
  ) );
#13540 = PCURVE('',#13529,#13541);
#13541 = DEFINITIONAL_REPRESENTATION('',(#13542),#13546);
#13542 = LINE('',#13543,#13544);
#13543 = CARTESIAN_POINT('',(-6.28318530718,0.));
#13544 = VECTOR('',#13545,1.);
#13545 = DIRECTION('',(-0.,-1.));
#13546 = ( GEOMETRIC_REPRESENTATION_CONTEXT(2) 
PARAMETRIC_REPRESENTATION_CONTEXT() REPRESENTATION_CONTEXT('2D SPACE',''
  ) );
#13547 = ORIENTED_EDGE('',*,*,#13548,.T.);
#13548 = EDGE_CURVE('',#13521,#13521,#13549,.T.);
#13549 = SURFACE_CURVE('',#13550,(#13555,#13562),.PCURVE_S1.);
#13550 = CIRCLE('',#13551,405.);
#13551 = AXIS2_PLACEMENT_3D('',#13552,#13553,#13554);
#13552 = CARTESIAN_POINT('',(4.247E+04,717.5,405.));
#13553 = DIRECTION('',(1.,-0.,1.110223024625E-16));
#13554 = DIRECTION('',(1.110223024625E-16,0.,-1.));
#13555 = PCURVE('',#13529,#13556);
#13556 = DEFINITIONAL_REPRESENTATION('',(#13557),#13561);
#13557 = LINE('',#13558,#13559);
#13558 = CARTESIAN_POINT('',(-0.,-120.));
#13559 = VECTOR('',#13560,1.);
#13560 = DIRECTION('',(-1.,0.));
#13561 = ( GEOMETRIC_REPRESENTATION_CONTEXT(2) 
PARAMETRIC_REPRESENTATION_CONTEXT() REPRESENTATION_CONTEXT('2D SPACE',''
  ) );
#13562 = PCURVE('',#13563,#13568);
#13563 = PLANE('',#13564);
#13564 = AXIS2_PLACEMENT_3D('',#13565,#13566,#13567);
#13565 = CARTESIAN_POINT('',(4.247E+04,717.5,405.));
#13566 = DIRECTION('',(1.,0.,1.110223024625E-16));
#13567 = DIRECTION('',(1.110223024625E-16,0.,-1.));
#13568 = DEFINITIONAL_REPRESENTATION('',(#13569),#13573);
#13569 = CIRCLE('',#13570,405.);
#13570 = AXIS2_PLACEMENT_2D('',#13571,#13572);
#13571 = CARTESIAN_POINT('',(5.684341886081E-14,0.));
#13572 = DIRECTION('',(1.,0.));
#13573 = ( GEOMETRIC_REPRESENTATION_CONTEXT(2) 
PARAMETRIC_REPRESENTATION_CONTEXT() REPRESENTATION_CONTEXT('2D SPACE',''
  ) );
#13574 = ORIENTED_EDGE('',*,*,#13518,.F.);
#13575 = ORIENTED_EDGE('',*,*,#13576,.F.);
#13576 = EDGE_CURVE('',#13519,#13519,#13577,.T.);
#13577 = SURFACE_CURVE('',#13578,(#13583,#13590),.PCURVE_S1.);
#13578 = CIRCLE('',#13579,405.);
#13579 = AXIS2_PLACEMENT_3D('',#13580,#13581,#13582);
#13580 = CARTESIAN_POINT('',(4.235E+04,717.5,405.));
#13581 = DIRECTION('',(1.,-0.,1.110223024625E-16));
#13582 = DIRECTION('',(1.110223024625E-16,0.,-1.));
#13583 = PCURVE('',#13529,#13584);
#13584 = DEFINITIONAL_REPRESENTATION('',(#13585),#13589);
#13585 = LINE('',#13586,#13587);
#13586 = CARTESIAN_POINT('',(-0.,0.));
#13587 = VECTOR('',#13588,1.);
#13588 = DIRECTION('',(-1.,0.));
#13589 = ( GEOMETRIC_REPRESENTATION_CONTEXT(2) 
PARAMETRIC_REPRESENTATION_CONTEXT() REPRESENTATION_CONTEXT('2D SPACE',''
  ) );
#13590 = PCURVE('',#13591,#13596);
#13591 = PLANE('',#13592);
#13592 = AXIS2_PLACEMENT_3D('',#13593,#13594,#13595);
#13593 = CARTESIAN_POINT('',(4.235E+04,717.5,405.));
#13594 = DIRECTION('',(1.,0.,1.110223024625E-16));
#13595 = DIRECTION('',(1.110223024625E-16,0.,-1.));
#13596 = DEFINITIONAL_REPRESENTATION('',(#13597),#13601);
#13597 = CIRCLE('',#13598,405.);
#13598 = AXIS2_PLACEMENT_2D('',#13599,#13600);
#13599 = CARTESIAN_POINT('',(0.,0.));
#13600 = DIRECTION('',(1.,0.));
#13601 = ( GEOMETRIC_REPRESENTATION_CONTEXT(2) 
PARAMETRIC_REPRESENTATION_CONTEXT() REPRESENTATION_CONTEXT('2D SPACE',''
  ) );
#13602 = ADVANCED_FACE('',(#13603),#13591,.F.);
#13603 = FACE_BOUND('',#13604,.F.);
#13604 = EDGE_LOOP('',(#13605));
#13605 = ORIENTED_EDGE('',*,*,#13576,.T.);
#13606 = ADVANCED_FACE('',(#13607),#13563,.T.);
#13607 = FACE_BOUND('',#13608,.T.);
#13608 = EDGE_LOOP('',(#13609));
#13609 = ORIENTED_EDGE('',*,*,#13548,.T.);
#13610 = ( GEOMETRIC_REPRESENTATION_CONTEXT(3) 
GLOBAL_UNCERTAINTY_ASSIGNED_CONTEXT((#13614)) 
GLOBAL_UNIT_ASSIGNED_CONTEXT((#13611,#13612,#13613)) 
REPRESENTATION_CONTEXT('Context #1',
  '3D Context with UNIT and UNCERTAINTY') );
#13611 = ( LENGTH_UNIT() NAMED_UNIT(*) SI_UNIT(.MILLI.,.METRE.) );
#13612 = ( NAMED_UNIT(*) PLANE_ANGLE_UNIT() SI_UNIT($,.RADIAN.) );
#13613 = ( NAMED_UNIT(*) SI_UNIT($,.STERADIAN.) SOLID_ANGLE_UNIT() );
#13614 = UNCERTAINTY_MEASURE_WITH_UNIT(LENGTH_MEASURE(1.E-07),#13611,
  'distance_accuracy_value','confusion accuracy');
#13615 = CONTEXT_DEPENDENT_SHAPE_REPRESENTATION(#13616,#13618);
#13616 = ( REPRESENTATION_RELATIONSHIP('','',#13511,#13488) 
REPRESENTATION_RELATIONSHIP_WITH_TRANSFORMATION(#13617) 
SHAPE_REPRESENTATION_RELATIONSHIP() );
#13617 = ITEM_DEFINED_TRANSFORMATION('','',#11,#13489);
#13618 = PRODUCT_DEFINITION_SHAPE('Placement','Placement of an item',
  #13619);
#13619 = NEXT_ASSEMBLY_USAGE_OCCURRENCE('1199','=>[0:1:1:95]','',#13483,
  #13506,$);
#13620 = PRODUCT_RELATED_PRODUCT_CATEGORY('part',$,(#13508));
#13621 = SHAPE_DEFINITION_REPRESENTATION(#13622,#13628);
#13622 = PRODUCT_DEFINITION_SHAPE('','',#13623);
#13623 = PRODUCT_DEFINITION('design','',#13624,#13627);
#13624 = PRODUCT_DEFINITION_FORMATION('','',#13625);
#13625 = PRODUCT('ASSEMBLY','ASSEMBLY','',(#13626));
#13626 = PRODUCT_CONTEXT('',#2,'mechanical');
#13627 = PRODUCT_DEFINITION_CONTEXT('part definition',#2,'design');
#13628 = SHAPE_REPRESENTATION('',(#11,#13629),#13633);
#13629 = AXIS2_PLACEMENT_3D('',#13630,#13631,#13632);
#13630 = CARTESIAN_POINT('',(0.,0.,0.));
#13631 = DIRECTION('',(0.,0.,1.));
#13632 = DIRECTION('',(1.,0.,-0.));
#13633 = ( GEOMETRIC_REPRESENTATION_CONTEXT(3) 
GLOBAL_UNCERTAINTY_ASSIGNED_CONTEXT((#13637)) 
GLOBAL_UNIT_ASSIGNED_CONTEXT((#13634,#13635,#13636)) 
REPRESENTATION_CONTEXT('Context #1',
  '3D Context with UNIT and UNCERTAINTY') );
#13634 = ( LENGTH_UNIT() NAMED_UNIT(*) SI_UNIT(.MILLI.,.METRE.) );
#13635 = ( NAMED_UNIT(*) PLANE_ANGLE_UNIT() SI_UNIT($,.RADIAN.) );
#13636 = ( NAMED_UNIT(*) SI_UNIT($,.STERADIAN.) SOLID_ANGLE_UNIT() );
#13637 = UNCERTAINTY_MEASURE_WITH_UNIT(LENGTH_MEASURE(1.E-07),#13634,
  'distance_accuracy_value','confusion accuracy');
#13638 = CONTEXT_DEPENDENT_SHAPE_REPRESENTATION(#13639,#13641);
#13639 = ( REPRESENTATION_RELATIONSHIP('','',#13628,#12937) 
REPRESENTATION_RELATIONSHIP_WITH_TRANSFORMATION(#13640) 
SHAPE_REPRESENTATION_RELATIONSHIP() );
#13640 = ITEM_DEFINED_TRANSFORMATION('','',#11,#12950);
#13641 = PRODUCT_DEFINITION_SHAPE('Placement','Placement of an item',
  #13642);
#13642 = NEXT_ASSEMBLY_USAGE_OCCURRENCE('1202','=>[0:1:1:96]','',#12932,
  #13623,$);
#13643 = PRODUCT_RELATED_PRODUCT_CATEGORY('part',$,(#13625));
#13644 = SHAPE_DEFINITION_REPRESENTATION(#13645,#13651);
#13645 = PRODUCT_DEFINITION_SHAPE('','',#13646);
#13646 = PRODUCT_DEFINITION('design','',#13647,#13650);
#13647 = PRODUCT_DEFINITION_FORMATION('','',#13648);
#13648 = PRODUCT('SOLID','SOLID','',(#13649));
#13649 = PRODUCT_CONTEXT('',#2,'mechanical');
#13650 = PRODUCT_DEFINITION_CONTEXT('part definition',#2,'design');
#13651 = ADVANCED_BREP_SHAPE_REPRESENTATION('',(#11,#13652),#13750);
#13652 = MANIFOLD_SOLID_BREP('',#13653);
#13653 = CLOSED_SHELL('',(#13654,#13742,#13746));
#13654 = ADVANCED_FACE('',(#13655),#13669,.T.);
#13655 = FACE_BOUND('',#13656,.F.);
#13656 = EDGE_LOOP('',(#13657,#13687,#13714,#13715));
#13657 = ORIENTED_EDGE('',*,*,#13658,.T.);
#13658 = EDGE_CURVE('',#13659,#13661,#13663,.T.);
#13659 = VERTEX_POINT('',#13660);
#13660 = CARTESIAN_POINT('',(4.445E+04,-717.5,0.));
#13661 = VERTEX_POINT('',#13662);
#13662 = CARTESIAN_POINT('',(4.457E+04,-717.5,0.));
#13663 = SEAM_CURVE('',#13664,(#13668,#13680),.PCURVE_S1.);
#13664 = LINE('',#13665,#13666);
#13665 = CARTESIAN_POINT('',(4.445E+04,-717.5,0.));
#13666 = VECTOR('',#13667,1.);
#13667 = DIRECTION('',(1.,0.,1.110223024625E-16));
#13668 = PCURVE('',#13669,#13674);
#13669 = CYLINDRICAL_SURFACE('',#13670,405.);
#13670 = AXIS2_PLACEMENT_3D('',#13671,#13672,#13673);
#13671 = CARTESIAN_POINT('',(4.445E+04,-717.5,405.));
#13672 = DIRECTION('',(-1.,-0.,-1.110223024625E-16));
#13673 = DIRECTION('',(1.110223024625E-16,0.,-1.));
#13674 = DEFINITIONAL_REPRESENTATION('',(#13675),#13679);
#13675 = LINE('',#13676,#13677);
#13676 = CARTESIAN_POINT('',(-0.,0.));
#13677 = VECTOR('',#13678,1.);
#13678 = DIRECTION('',(-0.,-1.));
#13679 = ( GEOMETRIC_REPRESENTATION_CONTEXT(2) 
PARAMETRIC_REPRESENTATION_CONTEXT() REPRESENTATION_CONTEXT('2D SPACE',''
  ) );
#13680 = PCURVE('',#13669,#13681);
#13681 = DEFINITIONAL_REPRESENTATION('',(#13682),#13686);
#13682 = LINE('',#13683,#13684);
#13683 = CARTESIAN_POINT('',(-6.28318530718,0.));
#13684 = VECTOR('',#13685,1.);
#13685 = DIRECTION('',(-0.,-1.));
#13686 = ( GEOMETRIC_REPRESENTATION_CONTEXT(2) 
PARAMETRIC_REPRESENTATION_CONTEXT() REPRESENTATION_CONTEXT('2D SPACE',''
  ) );
#13687 = ORIENTED_EDGE('',*,*,#13688,.T.);
#13688 = EDGE_CURVE('',#13661,#13661,#13689,.T.);
#13689 = SURFACE_CURVE('',#13690,(#13695,#13702),.PCURVE_S1.);
#13690 = CIRCLE('',#13691,405.);
#13691 = AXIS2_PLACEMENT_3D('',#13692,#13693,#13694);
#13692 = CARTESIAN_POINT('',(4.457E+04,-717.5,405.));
#13693 = DIRECTION('',(1.,-0.,1.110223024625E-16));
#13694 = DIRECTION('',(1.110223024625E-16,0.,-1.));
#13695 = PCURVE('',#13669,#13696);
#13696 = DEFINITIONAL_REPRESENTATION('',(#13697),#13701);
#13697 = LINE('',#13698,#13699);
#13698 = CARTESIAN_POINT('',(-0.,-120.));
#13699 = VECTOR('',#13700,1.);
#13700 = DIRECTION('',(-1.,0.));
#13701 = ( GEOMETRIC_REPRESENTATION_CONTEXT(2) 
PARAMETRIC_REPRESENTATION_CONTEXT() REPRESENTATION_CONTEXT('2D SPACE',''
  ) );
#13702 = PCURVE('',#13703,#13708);
#13703 = PLANE('',#13704);
#13704 = AXIS2_PLACEMENT_3D('',#13705,#13706,#13707);
#13705 = CARTESIAN_POINT('',(4.457E+04,-717.5,405.));
#13706 = DIRECTION('',(1.,0.,1.110223024625E-16));
#13707 = DIRECTION('',(1.110223024625E-16,0.,-1.));
#13708 = DEFINITIONAL_REPRESENTATION('',(#13709),#13713);
#13709 = CIRCLE('',#13710,405.);
#13710 = AXIS2_PLACEMENT_2D('',#13711,#13712);
#13711 = CARTESIAN_POINT('',(5.684341886081E-14,0.));
#13712 = DIRECTION('',(1.,0.));
#13713 = ( GEOMETRIC_REPRESENTATION_CONTEXT(2) 
PARAMETRIC_REPRESENTATION_CONTEXT() REPRESENTATION_CONTEXT('2D SPACE',''
  ) );
#13714 = ORIENTED_EDGE('',*,*,#13658,.F.);
#13715 = ORIENTED_EDGE('',*,*,#13716,.F.);
#13716 = EDGE_CURVE('',#13659,#13659,#13717,.T.);
#13717 = SURFACE_CURVE('',#13718,(#13723,#13730),.PCURVE_S1.);
#13718 = CIRCLE('',#13719,405.);
#13719 = AXIS2_PLACEMENT_3D('',#13720,#13721,#13722);
#13720 = CARTESIAN_POINT('',(4.445E+04,-717.5,405.));
#13721 = DIRECTION('',(1.,-0.,1.110223024625E-16));
#13722 = DIRECTION('',(1.110223024625E-16,0.,-1.));
#13723 = PCURVE('',#13669,#13724);
#13724 = DEFINITIONAL_REPRESENTATION('',(#13725),#13729);
#13725 = LINE('',#13726,#13727);
#13726 = CARTESIAN_POINT('',(-0.,0.));
#13727 = VECTOR('',#13728,1.);
#13728 = DIRECTION('',(-1.,0.));
#13729 = ( GEOMETRIC_REPRESENTATION_CONTEXT(2) 
PARAMETRIC_REPRESENTATION_CONTEXT() REPRESENTATION_CONTEXT('2D SPACE',''
  ) );
#13730 = PCURVE('',#13731,#13736);
#13731 = PLANE('',#13732);
#13732 = AXIS2_PLACEMENT_3D('',#13733,#13734,#13735);
#13733 = CARTESIAN_POINT('',(4.445E+04,-717.5,405.));
#13734 = DIRECTION('',(1.,0.,1.110223024625E-16));
#13735 = DIRECTION('',(1.110223024625E-16,0.,-1.));
#13736 = DEFINITIONAL_REPRESENTATION('',(#13737),#13741);
#13737 = CIRCLE('',#13738,405.);
#13738 = AXIS2_PLACEMENT_2D('',#13739,#13740);
#13739 = CARTESIAN_POINT('',(0.,0.));
#13740 = DIRECTION('',(1.,0.));
#13741 = ( GEOMETRIC_REPRESENTATION_CONTEXT(2) 
PARAMETRIC_REPRESENTATION_CONTEXT() REPRESENTATION_CONTEXT('2D SPACE',''
  ) );
#13742 = ADVANCED_FACE('',(#13743),#13731,.F.);
#13743 = FACE_BOUND('',#13744,.F.);
#13744 = EDGE_LOOP('',(#13745));
#13745 = ORIENTED_EDGE('',*,*,#13716,.T.);
#13746 = ADVANCED_FACE('',(#13747),#13703,.T.);
#13747 = FACE_BOUND('',#13748,.T.);
#13748 = EDGE_LOOP('',(#13749));
#13749 = ORIENTED_EDGE('',*,*,#13688,.T.);
#13750 = ( GEOMETRIC_REPRESENTATION_CONTEXT(3) 
GLOBAL_UNCERTAINTY_ASSIGNED_CONTEXT((#13754)) 
GLOBAL_UNIT_ASSIGNED_CONTEXT((#13751,#13752,#13753)) 
REPRESENTATION_CONTEXT('Context #1',
  '3D Context with UNIT and UNCERTAINTY') );
#13751 = ( LENGTH_UNIT() NAMED_UNIT(*) SI_UNIT(.MILLI.,.METRE.) );
#13752 = ( NAMED_UNIT(*) PLANE_ANGLE_UNIT() SI_UNIT($,.RADIAN.) );
#13753 = ( NAMED_UNIT(*) SI_UNIT($,.STERADIAN.) SOLID_ANGLE_UNIT() );
#13754 = UNCERTAINTY_MEASURE_WITH_UNIT(LENGTH_MEASURE(1.E-07),#13751,
  'distance_accuracy_value','confusion accuracy');
#13755 = CONTEXT_DEPENDENT_SHAPE_REPRESENTATION(#13756,#13758);
#13756 = ( REPRESENTATION_RELATIONSHIP('','',#13651,#13628) 
REPRESENTATION_RELATIONSHIP_WITH_TRANSFORMATION(#13757) 
SHAPE_REPRESENTATION_RELATIONSHIP() );
#13757 = ITEM_DEFINED_TRANSFORMATION('','',#11,#13629);
#13758 = PRODUCT_DEFINITION_SHAPE('Placement','Placement of an item',
  #13759);
#13759 = NEXT_ASSEMBLY_USAGE_OCCURRENCE('1201','=>[0:1:1:97]','',#13623,
  #13646,$);
#13760 = PRODUCT_RELATED_PRODUCT_CATEGORY('part',$,(#13648));
#13761 = SHAPE_DEFINITION_REPRESENTATION(#13762,#13768);
#13762 = PRODUCT_DEFINITION_SHAPE('','',#13763);
#13763 = PRODUCT_DEFINITION('design','',#13764,#13767);
#13764 = PRODUCT_DEFINITION_FORMATION('','',#13765);
#13765 = PRODUCT('ASSEMBLY','ASSEMBLY','',(#13766));
#13766 = PRODUCT_CONTEXT('',#2,'mechanical');
#13767 = PRODUCT_DEFINITION_CONTEXT('part definition',#2,'design');
#13768 = SHAPE_REPRESENTATION('',(#11,#13769),#13773);
#13769 = AXIS2_PLACEMENT_3D('',#13770,#13771,#13772);
#13770 = CARTESIAN_POINT('',(0.,0.,0.));
#13771 = DIRECTION('',(0.,0.,1.));
#13772 = DIRECTION('',(1.,0.,-0.));
#13773 = ( GEOMETRIC_REPRESENTATION_CONTEXT(3) 
GLOBAL_UNCERTAINTY_ASSIGNED_CONTEXT((#13777)) 
GLOBAL_UNIT_ASSIGNED_CONTEXT((#13774,#13775,#13776)) 
REPRESENTATION_CONTEXT('Context #1',
  '3D Context with UNIT and UNCERTAINTY') );
#13774 = ( LENGTH_UNIT() NAMED_UNIT(*) SI_UNIT(.MILLI.,.METRE.) );
#13775 = ( NAMED_UNIT(*) PLANE_ANGLE_UNIT() SI_UNIT($,.RADIAN.) );
#13776 = ( NAMED_UNIT(*) SI_UNIT($,.STERADIAN.) SOLID_ANGLE_UNIT() );
#13777 = UNCERTAINTY_MEASURE_WITH_UNIT(LENGTH_MEASURE(1.E-07),#13774,
  'distance_accuracy_value','confusion accuracy');
#13778 = CONTEXT_DEPENDENT_SHAPE_REPRESENTATION(#13779,#13781);
#13779 = ( REPRESENTATION_RELATIONSHIP('','',#13768,#12937) 
REPRESENTATION_RELATIONSHIP_WITH_TRANSFORMATION(#13780) 
SHAPE_REPRESENTATION_RELATIONSHIP() );
#13780 = ITEM_DEFINED_TRANSFORMATION('','',#11,#12954);
#13781 = PRODUCT_DEFINITION_SHAPE('Placement','Placement of an item',
  #13782);
#13782 = NEXT_ASSEMBLY_USAGE_OCCURRENCE('1204','=>[0:1:1:98]','',#12932,
  #13763,$);
#13783 = PRODUCT_RELATED_PRODUCT_CATEGORY('part',$,(#13765));
#13784 = SHAPE_DEFINITION_REPRESENTATION(#13785,#13791);
#13785 = PRODUCT_DEFINITION_SHAPE('','',#13786);
#13786 = PRODUCT_DEFINITION('design','',#13787,#13790);
#13787 = PRODUCT_DEFINITION_FORMATION('','',#13788);
#13788 = PRODUCT('SOLID','SOLID','',(#13789));
#13789 = PRODUCT_CONTEXT('',#2,'mechanical');
#13790 = PRODUCT_DEFINITION_CONTEXT('part definition',#2,'design');
#13791 = ADVANCED_BREP_SHAPE_REPRESENTATION('',(#11,#13792),#13890);
#13792 = MANIFOLD_SOLID_BREP('',#13793);
#13793 = CLOSED_SHELL('',(#13794,#13882,#13886));
#13794 = ADVANCED_FACE('',(#13795),#13809,.T.);
#13795 = FACE_BOUND('',#13796,.F.);
#13796 = EDGE_LOOP('',(#13797,#13827,#13854,#13855));
#13797 = ORIENTED_EDGE('',*,*,#13798,.T.);
#13798 = EDGE_CURVE('',#13799,#13801,#13803,.T.);
#13799 = VERTEX_POINT('',#13800);
#13800 = CARTESIAN_POINT('',(4.445E+04,717.5,0.));
#13801 = VERTEX_POINT('',#13802);
#13802 = CARTESIAN_POINT('',(4.457E+04,717.5,0.));
#13803 = SEAM_CURVE('',#13804,(#13808,#13820),.PCURVE_S1.);
#13804 = LINE('',#13805,#13806);
#13805 = CARTESIAN_POINT('',(4.445E+04,717.5,0.));
#13806 = VECTOR('',#13807,1.);
#13807 = DIRECTION('',(1.,0.,1.110223024625E-16));
#13808 = PCURVE('',#13809,#13814);
#13809 = CYLINDRICAL_SURFACE('',#13810,405.);
#13810 = AXIS2_PLACEMENT_3D('',#13811,#13812,#13813);
#13811 = CARTESIAN_POINT('',(4.445E+04,717.5,405.));
#13812 = DIRECTION('',(-1.,-0.,-1.110223024625E-16));
#13813 = DIRECTION('',(1.110223024625E-16,0.,-1.));
#13814 = DEFINITIONAL_REPRESENTATION('',(#13815),#13819);
#13815 = LINE('',#13816,#13817);
#13816 = CARTESIAN_POINT('',(-0.,0.));
#13817 = VECTOR('',#13818,1.);
#13818 = DIRECTION('',(-0.,-1.));
#13819 = ( GEOMETRIC_REPRESENTATION_CONTEXT(2) 
PARAMETRIC_REPRESENTATION_CONTEXT() REPRESENTATION_CONTEXT('2D SPACE',''
  ) );
#13820 = PCURVE('',#13809,#13821);
#13821 = DEFINITIONAL_REPRESENTATION('',(#13822),#13826);
#13822 = LINE('',#13823,#13824);
#13823 = CARTESIAN_POINT('',(-6.28318530718,0.));
#13824 = VECTOR('',#13825,1.);
#13825 = DIRECTION('',(-0.,-1.));
#13826 = ( GEOMETRIC_REPRESENTATION_CONTEXT(2) 
PARAMETRIC_REPRESENTATION_CONTEXT() REPRESENTATION_CONTEXT('2D SPACE',''
  ) );
#13827 = ORIENTED_EDGE('',*,*,#13828,.T.);
#13828 = EDGE_CURVE('',#13801,#13801,#13829,.T.);
#13829 = SURFACE_CURVE('',#13830,(#13835,#13842),.PCURVE_S1.);
#13830 = CIRCLE('',#13831,405.);
#13831 = AXIS2_PLACEMENT_3D('',#13832,#13833,#13834);
#13832 = CARTESIAN_POINT('',(4.457E+04,717.5,405.));
#13833 = DIRECTION('',(1.,-0.,1.110223024625E-16));
#13834 = DIRECTION('',(1.110223024625E-16,0.,-1.));
#13835 = PCURVE('',#13809,#13836);
#13836 = DEFINITIONAL_REPRESENTATION('',(#13837),#13841);
#13837 = LINE('',#13838,#13839);
#13838 = CARTESIAN_POINT('',(-0.,-120.));
#13839 = VECTOR('',#13840,1.);
#13840 = DIRECTION('',(-1.,0.));
#13841 = ( GEOMETRIC_REPRESENTATION_CONTEXT(2) 
PARAMETRIC_REPRESENTATION_CONTEXT() REPRESENTATION_CONTEXT('2D SPACE',''
  ) );
#13842 = PCURVE('',#13843,#13848);
#13843 = PLANE('',#13844);
#13844 = AXIS2_PLACEMENT_3D('',#13845,#13846,#13847);
#13845 = CARTESIAN_POINT('',(4.457E+04,717.5,405.));
#13846 = DIRECTION('',(1.,0.,1.110223024625E-16));
#13847 = DIRECTION('',(1.110223024625E-16,0.,-1.));
#13848 = DEFINITIONAL_REPRESENTATION('',(#13849),#13853);
#13849 = CIRCLE('',#13850,405.);
#13850 = AXIS2_PLACEMENT_2D('',#13851,#13852);
#13851 = CARTESIAN_POINT('',(5.684341886081E-14,0.));
#13852 = DIRECTION('',(1.,0.));
#13853 = ( GEOMETRIC_REPRESENTATION_CONTEXT(2) 
PARAMETRIC_REPRESENTATION_CONTEXT() REPRESENTATION_CONTEXT('2D SPACE',''
  ) );
#13854 = ORIENTED_EDGE('',*,*,#13798,.F.);
#13855 = ORIENTED_EDGE('',*,*,#13856,.F.);
#13856 = EDGE_CURVE('',#13799,#13799,#13857,.T.);
#13857 = SURFACE_CURVE('',#13858,(#13863,#13870),.PCURVE_S1.);
#13858 = CIRCLE('',#13859,405.);
#13859 = AXIS2_PLACEMENT_3D('',#13860,#13861,#13862);
#13860 = CARTESIAN_POINT('',(4.445E+04,717.5,405.));
#13861 = DIRECTION('',(1.,-0.,1.110223024625E-16));
#13862 = DIRECTION('',(1.110223024625E-16,0.,-1.));
#13863 = PCURVE('',#13809,#13864);
#13864 = DEFINITIONAL_REPRESENTATION('',(#13865),#13869);
#13865 = LINE('',#13866,#13867);
#13866 = CARTESIAN_POINT('',(-0.,0.));
#13867 = VECTOR('',#13868,1.);
#13868 = DIRECTION('',(-1.,0.));
#13869 = ( GEOMETRIC_REPRESENTATION_CONTEXT(2) 
PARAMETRIC_REPRESENTATION_CONTEXT() REPRESENTATION_CONTEXT('2D SPACE',''
  ) );
#13870 = PCURVE('',#13871,#13876);
#13871 = PLANE('',#13872);
#13872 = AXIS2_PLACEMENT_3D('',#13873,#13874,#13875);
#13873 = CARTESIAN_POINT('',(4.445E+04,717.5,405.));
#13874 = DIRECTION('',(1.,0.,1.110223024625E-16));
#13875 = DIRECTION('',(1.110223024625E-16,0.,-1.));
#13876 = DEFINITIONAL_REPRESENTATION('',(#13877),#13881);
#13877 = CIRCLE('',#13878,405.);
#13878 = AXIS2_PLACEMENT_2D('',#13879,#13880);
#13879 = CARTESIAN_POINT('',(0.,0.));
#13880 = DIRECTION('',(1.,0.));
#13881 = ( GEOMETRIC_REPRESENTATION_CONTEXT(2) 
PARAMETRIC_REPRESENTATION_CONTEXT() REPRESENTATION_CONTEXT('2D SPACE',''
  ) );
#13882 = ADVANCED_FACE('',(#13883),#13871,.F.);
#13883 = FACE_BOUND('',#13884,.F.);
#13884 = EDGE_LOOP('',(#13885));
#13885 = ORIENTED_EDGE('',*,*,#13856,.T.);
#13886 = ADVANCED_FACE('',(#13887),#13843,.T.);
#13887 = FACE_BOUND('',#13888,.T.);
#13888 = EDGE_LOOP('',(#13889));
#13889 = ORIENTED_EDGE('',*,*,#13828,.T.);
#13890 = ( GEOMETRIC_REPRESENTATION_CONTEXT(3) 
GLOBAL_UNCERTAINTY_ASSIGNED_CONTEXT((#13894)) 
GLOBAL_UNIT_ASSIGNED_CONTEXT((#13891,#13892,#13893)) 
REPRESENTATION_CONTEXT('Context #1',
  '3D Context with UNIT and UNCERTAINTY') );
#13891 = ( LENGTH_UNIT() NAMED_UNIT(*) SI_UNIT(.MILLI.,.METRE.) );
#13892 = ( NAMED_UNIT(*) PLANE_ANGLE_UNIT() SI_UNIT($,.RADIAN.) );
#13893 = ( NAMED_UNIT(*) SI_UNIT($,.STERADIAN.) SOLID_ANGLE_UNIT() );
#13894 = UNCERTAINTY_MEASURE_WITH_UNIT(LENGTH_MEASURE(1.E-07),#13891,
  'distance_accuracy_value','confusion accuracy');
#13895 = CONTEXT_DEPENDENT_SHAPE_REPRESENTATION(#13896,#13898);
#13896 = ( REPRESENTATION_RELATIONSHIP('','',#13791,#13768) 
REPRESENTATION_RELATIONSHIP_WITH_TRANSFORMATION(#13897) 
SHAPE_REPRESENTATION_RELATIONSHIP() );
#13897 = ITEM_DEFINED_TRANSFORMATION('','',#11,#13769);
#13898 = PRODUCT_DEFINITION_SHAPE('Placement','Placement of an item',
  #13899);
#13899 = NEXT_ASSEMBLY_USAGE_OCCURRENCE('1203','=>[0:1:1:99]','',#13763,
  #13786,$);
#13900 = PRODUCT_RELATED_PRODUCT_CATEGORY('part',$,(#13788));
#13901 = SHAPE_DEFINITION_REPRESENTATION(#13902,#13908);
#13902 = PRODUCT_DEFINITION_SHAPE('','',#13903);
#13903 = PRODUCT_DEFINITION('design','',#13904,#13907);
#13904 = PRODUCT_DEFINITION_FORMATION('','',#13905);
#13905 = PRODUCT('Nose sensor cowl','Nose sensor cowl','',(#13906));
#13906 = PRODUCT_CONTEXT('',#2,'mechanical');
#13907 = PRODUCT_DEFINITION_CONTEXT('part definition',#2,'design');
#13908 = SHAPE_REPRESENTATION('',(#11,#13909),#13913);
#13909 = AXIS2_PLACEMENT_3D('',#13910,#13911,#13912);
#13910 = CARTESIAN_POINT('',(0.,0.,0.));
#13911 = DIRECTION('',(0.,0.,1.));
#13912 = DIRECTION('',(1.,0.,-0.));
#13913 = ( GEOMETRIC_REPRESENTATION_CONTEXT(3) 
GLOBAL_UNCERTAINTY_ASSIGNED_CONTEXT((#13917)) 
GLOBAL_UNIT_ASSIGNED_CONTEXT((#13914,#13915,#13916)) 
REPRESENTATION_CONTEXT('Context #1',
  '3D Context with UNIT and UNCERTAINTY') );
#13914 = ( LENGTH_UNIT() NAMED_UNIT(*) SI_UNIT(.MILLI.,.METRE.) );
#13915 = ( NAMED_UNIT(*) PLANE_ANGLE_UNIT() SI_UNIT($,.RADIAN.) );
#13916 = ( NAMED_UNIT(*) SI_UNIT($,.STERADIAN.) SOLID_ANGLE_UNIT() );
#13917 = UNCERTAINTY_MEASURE_WITH_UNIT(LENGTH_MEASURE(2.E-06),#13914,
  'distance_accuracy_value','confusion accuracy');
#13918 = CONTEXT_DEPENDENT_SHAPE_REPRESENTATION(#13919,#13921);
#13919 = ( REPRESENTATION_RELATIONSHIP('','',#13908,#10) 
REPRESENTATION_RELATIONSHIP_WITH_TRANSFORMATION(#13920) 
SHAPE_REPRESENTATION_RELATIONSHIP() );
#13920 = ITEM_DEFINED_TRANSFORMATION('','',#11,#67);
#13921 = PRODUCT_DEFINITION_SHAPE('Placement','Placement of an item',
  #13922);
#13922 = NEXT_ASSEMBLY_USAGE_OCCURRENCE('1207','=>[0:1:1:100]','',#5,
  #13903,$);
#13923 = PRODUCT_RELATED_PRODUCT_CATEGORY('part',$,(#13905));
#13924 = SHAPE_DEFINITION_REPRESENTATION(#13925,#13931);
#13925 = PRODUCT_DEFINITION_SHAPE('','',#13926);
#13926 = PRODUCT_DEFINITION('design','',#13927,#13930);
#13927 = PRODUCT_DEFINITION_FORMATION('','',#13928);
#13928 = PRODUCT('SOLID','SOLID','',(#13929));
#13929 = PRODUCT_CONTEXT('',#2,'mechanical');
#13930 = PRODUCT_DEFINITION_CONTEXT('part definition',#2,'design');
#13931 = ADVANCED_BREP_SHAPE_REPRESENTATION('',(#11,#13932),#14594);
#13932 = MANIFOLD_SOLID_BREP('',#13933);
#13933 = CLOSED_SHELL('',(#13934,#14177,#14253,#14300,#14348,#14406,
    #14452,#14510,#14557,#14583));
#13934 = ADVANCED_FACE('',(#13935),#13949,.T.);
#13935 = FACE_BOUND('',#13936,.T.);
#13936 = EDGE_LOOP('',(#13937,#13972,#13999,#14026,#14063,#14088,#14125,
    #14152));
#13937 = ORIENTED_EDGE('',*,*,#13938,.F.);
#13938 = EDGE_CURVE('',#13939,#13941,#13943,.T.);
#13939 = VERTEX_POINT('',#13940);
#13940 = CARTESIAN_POINT('',(4.55E+04,-1.325E+03,0.));
#13941 = VERTEX_POINT('',#13942);
#13942 = CARTESIAN_POINT('',(4.55E+04,-1.325E+03,3.6E+03));
#13943 = SURFACE_CURVE('',#13944,(#13948,#13960),.PCURVE_S1.);
#13944 = LINE('',#13945,#13946);
#13945 = CARTESIAN_POINT('',(4.55E+04,-1.325E+03,1.8E+03));
#13946 = VECTOR('',#13947,1.);
#13947 = DIRECTION('',(0.,0.,1.));
#13948 = PCURVE('',#13949,#13954);
#13949 = B_SPLINE_SURFACE_WITH_KNOTS('',1,1,(
    (#13950,#13951)
    ,(#13952,#13953
    )),.UNSPECIFIED.,.F.,.F.,.F.,(2,2),(2,2),(-1.8E+03,1.8E+03),(0.,1.),
  .PIECEWISE_BEZIER_KNOTS.);
#13950 = CARTESIAN_POINT('',(4.55E+04,-1.325E+03,3.6E+03));
#13951 = CARTESIAN_POINT('',(4.73E+04,-300.,2.4E+03));
#13952 = CARTESIAN_POINT('',(4.55E+04,-1.325E+03,0.));
#13953 = CARTESIAN_POINT('',(4.73E+04,-300.,0.));
#13954 = DEFINITIONAL_REPRESENTATION('',(#13955),#13959);
#13955 = LINE('',#13956,#13957);
#13956 = CARTESIAN_POINT('',(0.,0.));
#13957 = VECTOR('',#13958,1.);
#13958 = DIRECTION('',(-1.,0.));
#13959 = ( GEOMETRIC_REPRESENTATION_CONTEXT(2) 
PARAMETRIC_REPRESENTATION_CONTEXT() REPRESENTATION_CONTEXT('2D SPACE',''
  ) );
#13960 = PCURVE('',#13961,#13966);
#13961 = PLANE('',#13962);
#13962 = AXIS2_PLACEMENT_3D('',#13963,#13964,#13965);
#13963 = CARTESIAN_POINT('',(4.55E+04,-1.325E+03,0.));
#13964 = DIRECTION('',(1.,0.,0.));
#13965 = DIRECTION('',(-0.,0.592817428422,0.805336883894));
#13966 = DEFINITIONAL_REPRESENTATION('',(#13967),#13971);
#13967 = LINE('',#13968,#13969);
#13968 = CARTESIAN_POINT('',(1.449606391009E+03,1.067071371159E+03));
#13969 = VECTOR('',#13970,1.);
#13970 = DIRECTION('',(0.805336883894,0.592817428422));
#13971 = ( GEOMETRIC_REPRESENTATION_CONTEXT(2) 
PARAMETRIC_REPRESENTATION_CONTEXT() REPRESENTATION_CONTEXT('2D SPACE',''
  ) );
#13972 = ORIENTED_EDGE('',*,*,#13973,.T.);
#13973 = EDGE_CURVE('',#13939,#13974,#13976,.T.);
#13974 = VERTEX_POINT('',#13975);
#13975 = CARTESIAN_POINT('',(4.73E+04,-300.,0.));
#13976 = SURFACE_CURVE('',#13977,(#13980,#13987),.PCURVE_S1.);
#13977 = B_SPLINE_CURVE_WITH_KNOTS('',1,(#13978,#13979),.UNSPECIFIED.,
  .F.,.F.,(2,2),(0.,1.),.PIECEWISE_BEZIER_KNOTS.);
#13978 = CARTESIAN_POINT('',(4.55E+04,-1.325E+03,0.));
#13979 = CARTESIAN_POINT('',(4.73E+04,-300.,0.));
#13980 = PCURVE('',#13949,#13981);
#13981 = DEFINITIONAL_REPRESENTATION('',(#13982),#13986);
#13982 = LINE('',#13983,#13984);
#13983 = CARTESIAN_POINT('',(1.8E+03,0.));
#13984 = VECTOR('',#13985,1.);
#13985 = DIRECTION('',(0.,1.));
#13986 = ( GEOMETRIC_REPRESENTATION_CONTEXT(2) 
PARAMETRIC_REPRESENTATION_CONTEXT() REPRESENTATION_CONTEXT('2D SPACE',''
  ) );
#13987 = PCURVE('',#13988,#13993);
#13988 = B_SPLINE_SURFACE_WITH_KNOTS('',1,1,(
    (#13989,#13990)
    ,(#13991,#13992
    )),.UNSPECIFIED.,.F.,.F.,.F.,(2,2),(2,2),(-1.325E+03,1.325E+03),(0.,
    1.),.PIECEWISE_BEZIER_KNOTS.);
#13989 = CARTESIAN_POINT('',(4.55E+04,-1.325E+03,0.));
#13990 = CARTESIAN_POINT('',(4.73E+04,-300.,0.));
#13991 = CARTESIAN_POINT('',(4.55E+04,1.325E+03,0.));
#13992 = CARTESIAN_POINT('',(4.73E+04,300.,0.));
#13993 = DEFINITIONAL_REPRESENTATION('',(#13994),#13998);
#13994 = LINE('',#13995,#13996);
#13995 = CARTESIAN_POINT('',(-1.325E+03,0.));
#13996 = VECTOR('',#13997,1.);
#13997 = DIRECTION('',(0.,1.));
#13998 = ( GEOMETRIC_REPRESENTATION_CONTEXT(2) 
PARAMETRIC_REPRESENTATION_CONTEXT() REPRESENTATION_CONTEXT('2D SPACE',''
  ) );
#13999 = ORIENTED_EDGE('',*,*,#14000,.T.);
#14000 = EDGE_CURVE('',#13974,#14001,#14003,.T.);
#14001 = VERTEX_POINT('',#14002);
#14002 = CARTESIAN_POINT('',(4.73E+04,-300.,940.));
#14003 = SURFACE_CURVE('',#14004,(#14008,#14014),.PCURVE_S1.);
#14004 = LINE('',#14005,#14006);
#14005 = CARTESIAN_POINT('',(4.73E+04,-300.,1.2E+03));
#14006 = VECTOR('',#14007,1.);
#14007 = DIRECTION('',(0.,0.,1.));
#14008 = PCURVE('',#13949,#14009);
#14009 = DEFINITIONAL_REPRESENTATION('',(#14010),#14013);
#14010 = B_SPLINE_CURVE_WITH_KNOTS('',1,(#14011,#14012),.UNSPECIFIED.,
  .F.,.F.,(2,2),(-1.2E+03,1.2E+03),.PIECEWISE_BEZIER_KNOTS.);
#14011 = CARTESIAN_POINT('',(1.8E+03,1.));
#14012 = CARTESIAN_POINT('',(-1.8E+03,1.));
#14013 = ( GEOMETRIC_REPRESENTATION_CONTEXT(2) 
PARAMETRIC_REPRESENTATION_CONTEXT() REPRESENTATION_CONTEXT('2D SPACE',''
  ) );
#14014 = PCURVE('',#14015,#14020);
#14015 = PLANE('',#14016);
#14016 = AXIS2_PLACEMENT_3D('',#14017,#14018,#14019);
#14017 = CARTESIAN_POINT('',(4.73E+04,-300.,0.));
#14018 = DIRECTION('',(1.,0.,0.));
#14019 = DIRECTION('',(-0.,0.242535625036,0.970142500145));
#14020 = DEFINITIONAL_REPRESENTATION('',(#14021),#14025);
#14021 = LINE('',#14022,#14023);
#14022 = CARTESIAN_POINT('',(1.164171000174E+03,291.0427500436));
#14023 = VECTOR('',#14024,1.);
#14024 = DIRECTION('',(0.970142500145,0.242535625036));
#14025 = ( GEOMETRIC_REPRESENTATION_CONTEXT(2) 
PARAMETRIC_REPRESENTATION_CONTEXT() REPRESENTATION_CONTEXT('2D SPACE',''
  ) );
#14026 = ORIENTED_EDGE('',*,*,#14027,.F.);
#14027 = EDGE_CURVE('',#14028,#14001,#14030,.T.);
#14028 = VERTEX_POINT('',#14029);
#14029 = CARTESIAN_POINT('',(4.71E+04,-413.8888888888,940.));
#14030 = SURFACE_CURVE('',#14031,(#14038,#14048),.PCURVE_S1.);
#14031 = B_SPLINE_CURVE_WITH_KNOTS('',5,(#14032,#14033,#14034,#14035,
    #14036,#14037),.UNSPECIFIED.,.F.,.F.,(6,6),(0.,1.),
  .PIECEWISE_BEZIER_KNOTS.);
#14032 = CARTESIAN_POINT('',(4.71E+04,-413.8888888888,940.));
#14033 = CARTESIAN_POINT('',(4.714019613012E+04,-390.9994259018,940.));
#14034 = CARTESIAN_POINT('',(4.718030152317E+04,-368.1616326376,940.));
#14035 = CARTESIAN_POINT('',(4.722030931657E+04,-345.3794169533,940.));
#14036 = CARTESIAN_POINT('',(4.726021171625E+04,-322.6572171328,940.));
#14037 = CARTESIAN_POINT('',(4.73E+04,-300.,940.));
#14038 = PCURVE('',#13949,#14039);
#14039 = DEFINITIONAL_REPRESENTATION('',(#14040),#14047);
#14040 = B_SPLINE_CURVE_WITH_KNOTS('',5,(#14041,#14042,#14043,#14044,
    #14045,#14046),.UNSPECIFIED.,.F.,.F.,(6,6),(0.,1.),
  .PIECEWISE_BEZIER_KNOTS.);
#14041 = CARTESIAN_POINT('',(464.21052631579,0.888888888889));
#14042 = CARTESIAN_POINT('',(450.08064013104,0.911220072291));
#14043 = CARTESIAN_POINT('',(435.60898763115,0.933500846207));
#14044 = CARTESIAN_POINT('',(420.78159353857,0.955727398094));
#14045 = CARTESIAN_POINT('',(405.58374446697,0.977895397919));
#14046 = CARTESIAN_POINT('',(390.,1.));
#14047 = ( GEOMETRIC_REPRESENTATION_CONTEXT(2) 
PARAMETRIC_REPRESENTATION_CONTEXT() REPRESENTATION_CONTEXT('2D SPACE',''
  ) );
#14048 = PCURVE('',#14049,#14054);
#14049 = PLANE('',#14050);
#14050 = AXIS2_PLACEMENT_3D('',#14051,#14052,#14053);
#14051 = CARTESIAN_POINT('',(4.71E+04,-600.,940.));
#14052 = DIRECTION('',(0.,0.,1.));
#14053 = DIRECTION('',(0.,1.,0.));
#14054 = DEFINITIONAL_REPRESENTATION('',(#14055),#14062);
#14055 = B_SPLINE_CURVE_WITH_KNOTS('',5,(#14056,#14057,#14058,#14059,
    #14060,#14061),.UNSPECIFIED.,.F.,.F.,(6,6),(0.,1.),
  .PIECEWISE_BEZIER_KNOTS.);
#14056 = CARTESIAN_POINT('',(186.11111111111,0.));
#14057 = CARTESIAN_POINT('',(209.00057409819,-40.19613012365));
#14058 = CARTESIAN_POINT('',(231.83836736238,-80.30152317297));
#14059 = CARTESIAN_POINT('',(254.62058304662,-120.3093165696));
#14060 = CARTESIAN_POINT('',(277.34278286717,-160.2117162545));
#14061 = CARTESIAN_POINT('',(300.,-200.));
#14062 = ( GEOMETRIC_REPRESENTATION_CONTEXT(2) 
PARAMETRIC_REPRESENTATION_CONTEXT() REPRESENTATION_CONTEXT('2D SPACE',''
  ) );
#14063 = ORIENTED_EDGE('',*,*,#14064,.T.);
#14064 = EDGE_CURVE('',#14028,#14065,#14067,.T.);
#14065 = VERTEX_POINT('',#14066);
#14066 = CARTESIAN_POINT('',(4.71E+04,-413.8888888888,1.94E+03));
#14067 = SURFACE_CURVE('',#14068,(#14071,#14077),.PCURVE_S1.);
#14068 = B_SPLINE_CURVE_WITH_KNOTS('',1,(#14069,#14070),.UNSPECIFIED.,
  .F.,.F.,(2,2),(0.,1.),.PIECEWISE_BEZIER_KNOTS.);
#14069 = CARTESIAN_POINT('',(4.71E+04,-413.8888888888,940.));
#14070 = CARTESIAN_POINT('',(4.71E+04,-413.8888888888,1.94E+03));
#14071 = PCURVE('',#13949,#14072);
#14072 = DEFINITIONAL_REPRESENTATION('',(#14073),#14076);
#14073 = B_SPLINE_CURVE_WITH_KNOTS('',1,(#14074,#14075),.UNSPECIFIED.,
  .F.,.F.,(2,2),(0.,1.),.PIECEWISE_BEZIER_KNOTS.);
#14074 = CARTESIAN_POINT('',(464.21052631579,0.888888888889));
#14075 = CARTESIAN_POINT('',(-956.8421052631,0.888888888889));
#14076 = ( GEOMETRIC_REPRESENTATION_CONTEXT(2) 
PARAMETRIC_REPRESENTATION_CONTEXT() REPRESENTATION_CONTEXT('2D SPACE',''
  ) );
#14077 = PCURVE('',#14078,#14083);
#14078 = PLANE('',#14079);
#14079 = AXIS2_PLACEMENT_3D('',#14080,#14081,#14082);
#14080 = CARTESIAN_POINT('',(4.71E+04,0.,1.44E+03));
#14081 = DIRECTION('',(1.,0.,0.));
#14082 = DIRECTION('',(0.,1.,0.));
#14083 = DEFINITIONAL_REPRESENTATION('',(#14084),#14087);
#14084 = B_SPLINE_CURVE_WITH_KNOTS('',1,(#14085,#14086),.UNSPECIFIED.,
  .F.,.F.,(2,2),(0.,1.),.PIECEWISE_BEZIER_KNOTS.);
#14085 = CARTESIAN_POINT('',(-413.8888888888,-500.));
#14086 = CARTESIAN_POINT('',(-413.8888888888,500.));
#14087 = ( GEOMETRIC_REPRESENTATION_CONTEXT(2) 
PARAMETRIC_REPRESENTATION_CONTEXT() REPRESENTATION_CONTEXT('2D SPACE',''
  ) );
#14088 = ORIENTED_EDGE('',*,*,#14089,.T.);
#14089 = EDGE_CURVE('',#14065,#14090,#14092,.T.);
#14090 = VERTEX_POINT('',#14091);
#14091 = CARTESIAN_POINT('',(4.73E+04,-300.,1.94E+03));
#14092 = SURFACE_CURVE('',#14093,(#14100,#14110),.PCURVE_S1.);
#14093 = B_SPLINE_CURVE_WITH_KNOTS('',5,(#14094,#14095,#14096,#14097,
    #14098,#14099),.UNSPECIFIED.,.F.,.F.,(6,6),(0.,1.),
  .PIECEWISE_BEZIER_KNOTS.);
#14094 = CARTESIAN_POINT('',(4.71E+04,-413.8888888888,1.94E+03));
#14095 = CARTESIAN_POINT('',(4.714064859713E+04,-390.741771078,1.94E+03)
  );
#14096 = CARTESIAN_POINT('',(4.718098803778E+04,-367.7707007067,1.94E+03
    ));
#14097 = CARTESIAN_POINT('',(4.722100327776E+04,-344.9842446068,1.94E+03
    ));
#14098 = CARTESIAN_POINT('',(4.726067901431E+04,-322.391116851,1.94E+03)
  );
#14099 = CARTESIAN_POINT('',(4.73E+04,-300.,1.94E+03));
#14100 = PCURVE('',#13949,#14101);
#14101 = DEFINITIONAL_REPRESENTATION('',(#14102),#14109);
#14102 = B_SPLINE_CURVE_WITH_KNOTS('',5,(#14103,#14104,#14105,#14106,
    #14107,#14108),.UNSPECIFIED.,.F.,.F.,(6,6),(0.,1.),
  .PIECEWISE_BEZIER_KNOTS.);
#14103 = CARTESIAN_POINT('',(-956.8421052631,0.888888888889));
#14104 = CARTESIAN_POINT('',(-986.3320431819,0.911471442851));
#14105 = CARTESIAN_POINT('',(-1.016386327662E+03,0.933882243213));
#14106 = CARTESIAN_POINT('',(-1.047012230638E+03,0.956112932091));
#14107 = CARTESIAN_POINT('',(-1.078215536567E+03,0.97815500795));
#14108 = CARTESIAN_POINT('',(-1.11E+03,1.));
#14109 = ( GEOMETRIC_REPRESENTATION_CONTEXT(2) 
PARAMETRIC_REPRESENTATION_CONTEXT() REPRESENTATION_CONTEXT('2D SPACE',''
  ) );
#14110 = PCURVE('',#14111,#14116);
#14111 = PLANE('',#14112);
#14112 = AXIS2_PLACEMENT_3D('',#14113,#14114,#14115);
#14113 = CARTESIAN_POINT('',(4.71E+04,-600.,1.94E+03));
#14114 = DIRECTION('',(0.,0.,1.));
#14115 = DIRECTION('',(0.,1.,0.));
#14116 = DEFINITIONAL_REPRESENTATION('',(#14117),#14124);
#14117 = B_SPLINE_CURVE_WITH_KNOTS('',5,(#14118,#14119,#14120,#14121,
    #14122,#14123),.UNSPECIFIED.,.F.,.F.,(6,6),(0.,1.),
  .PIECEWISE_BEZIER_KNOTS.);
#14118 = CARTESIAN_POINT('',(186.11111111111,0.));
#14119 = CARTESIAN_POINT('',(209.25822892195,-40.64859713122));
#14120 = CARTESIAN_POINT('',(232.22929929323,-80.98803778323));
#14121 = CARTESIAN_POINT('',(255.01575539314,-121.0032777635));
#14122 = CARTESIAN_POINT('',(277.60888314892,-160.6790143102));
#14123 = CARTESIAN_POINT('',(300.,-200.));
#14124 = ( GEOMETRIC_REPRESENTATION_CONTEXT(2) 
PARAMETRIC_REPRESENTATION_CONTEXT() REPRESENTATION_CONTEXT('2D SPACE',''
  ) );
#14125 = ORIENTED_EDGE('',*,*,#14126,.T.);
#14126 = EDGE_CURVE('',#14090,#14127,#14129,.T.);
#14127 = VERTEX_POINT('',#14128);
#14128 = CARTESIAN_POINT('',(4.73E+04,-300.,2.4E+03));
#14129 = SURFACE_CURVE('',#14130,(#14134,#14140),.PCURVE_S1.);
#14130 = LINE('',#14131,#14132);
#14131 = CARTESIAN_POINT('',(4.73E+04,-300.,1.2E+03));
#14132 = VECTOR('',#14133,1.);
#14133 = DIRECTION('',(0.,0.,1.));
#14134 = PCURVE('',#13949,#14135);
#14135 = DEFINITIONAL_REPRESENTATION('',(#14136),#14139);
#14136 = B_SPLINE_CURVE_WITH_KNOTS('',1,(#14137,#14138),.UNSPECIFIED.,
  .F.,.F.,(2,2),(-1.2E+03,1.2E+03),.PIECEWISE_BEZIER_KNOTS.);
#14137 = CARTESIAN_POINT('',(1.8E+03,1.));
#14138 = CARTESIAN_POINT('',(-1.8E+03,1.));
#14139 = ( GEOMETRIC_REPRESENTATION_CONTEXT(2) 
PARAMETRIC_REPRESENTATION_CONTEXT() REPRESENTATION_CONTEXT('2D SPACE',''
  ) );
#14140 = PCURVE('',#14141,#14146);
#14141 = PLANE('',#14142);
#14142 = AXIS2_PLACEMENT_3D('',#14143,#14144,#14145);
#14143 = CARTESIAN_POINT('',(4.73E+04,-300.,0.));
#14144 = DIRECTION('',(1.,0.,0.));
#14145 = DIRECTION('',(-0.,0.242535625036,0.970142500145));
#14146 = DEFINITIONAL_REPRESENTATION('',(#14147),#14151);
#14147 = LINE('',#14148,#14149);
#14148 = CARTESIAN_POINT('',(1.164171000174E+03,291.0427500436));
#14149 = VECTOR('',#14150,1.);
#14150 = DIRECTION('',(0.970142500145,0.242535625036));
#14151 = ( GEOMETRIC_REPRESENTATION_CONTEXT(2) 
PARAMETRIC_REPRESENTATION_CONTEXT() REPRESENTATION_CONTEXT('2D SPACE',''
  ) );
#14152 = ORIENTED_EDGE('',*,*,#14153,.F.);
#14153 = EDGE_CURVE('',#13941,#14127,#14154,.T.);
#14154 = SURFACE_CURVE('',#14155,(#14158,#14165),.PCURVE_S1.);
#14155 = B_SPLINE_CURVE_WITH_KNOTS('',1,(#14156,#14157),.UNSPECIFIED.,
  .F.,.F.,(2,2),(0.,1.),.PIECEWISE_BEZIER_KNOTS.);
#14156 = CARTESIAN_POINT('',(4.55E+04,-1.325E+03,3.6E+03));
#14157 = CARTESIAN_POINT('',(4.73E+04,-300.,2.4E+03));
#14158 = PCURVE('',#13949,#14159);
#14159 = DEFINITIONAL_REPRESENTATION('',(#14160),#14164);
#14160 = LINE('',#14161,#14162);
#14161 = CARTESIAN_POINT('',(-1.8E+03,0.));
#14162 = VECTOR('',#14163,1.);
#14163 = DIRECTION('',(0.,1.));
#14164 = ( GEOMETRIC_REPRESENTATION_CONTEXT(2) 
PARAMETRIC_REPRESENTATION_CONTEXT() REPRESENTATION_CONTEXT('2D SPACE',''
  ) );
#14165 = PCURVE('',#14166,#14171);
#14166 = B_SPLINE_SURFACE_WITH_KNOTS('',1,1,(
    (#14167,#14168)
    ,(#14169,#14170
    )),.UNSPECIFIED.,.F.,.F.,.F.,(2,2),(2,2),(-1.325E+03,1.325E+03),(0.,
    1.),.PIECEWISE_BEZIER_KNOTS.);
#14167 = CARTESIAN_POINT('',(4.55E+04,1.325E+03,3.6E+03));
#14168 = CARTESIAN_POINT('',(4.73E+04,300.,2.4E+03));
#14169 = CARTESIAN_POINT('',(4.55E+04,-1.325E+03,3.6E+03));
#14170 = CARTESIAN_POINT('',(4.73E+04,-300.,2.4E+03));
#14171 = DEFINITIONAL_REPRESENTATION('',(#14172),#14176);
#14172 = LINE('',#14173,#14174);
#14173 = CARTESIAN_POINT('',(1.325E+03,0.));
#14174 = VECTOR('',#14175,1.);
#14175 = DIRECTION('',(0.,1.));
#14176 = ( GEOMETRIC_REPRESENTATION_CONTEXT(2) 
PARAMETRIC_REPRESENTATION_CONTEXT() REPRESENTATION_CONTEXT('2D SPACE',''
  ) );
#14177 = ADVANCED_FACE('',(#14178),#13961,.F.);
#14178 = FACE_BOUND('',#14179,.F.);
#14179 = EDGE_LOOP('',(#14180,#14181,#14204,#14232));
#14180 = ORIENTED_EDGE('',*,*,#13938,.F.);
#14181 = ORIENTED_EDGE('',*,*,#14182,.T.);
#14182 = EDGE_CURVE('',#13939,#14183,#14185,.T.);
#14183 = VERTEX_POINT('',#14184);
#14184 = CARTESIAN_POINT('',(4.55E+04,1.325E+03,0.));
#14185 = SURFACE_CURVE('',#14186,(#14190,#14197),.PCURVE_S1.);
#14186 = LINE('',#14187,#14188);
#14187 = CARTESIAN_POINT('',(4.55E+04,0.,0.));
#14188 = VECTOR('',#14189,1.);
#14189 = DIRECTION('',(0.,1.,0.));
#14190 = PCURVE('',#13961,#14191);
#14191 = DEFINITIONAL_REPRESENTATION('',(#14192),#14196);
#14192 = LINE('',#14193,#14194);
#14193 = CARTESIAN_POINT('',(785.48309265874,-1.067071371159E+03));
#14194 = VECTOR('',#14195,1.);
#14195 = DIRECTION('',(0.592817428422,-0.805336883894));
#14196 = ( GEOMETRIC_REPRESENTATION_CONTEXT(2) 
PARAMETRIC_REPRESENTATION_CONTEXT() REPRESENTATION_CONTEXT('2D SPACE',''
  ) );
#14197 = PCURVE('',#13988,#14198);
#14198 = DEFINITIONAL_REPRESENTATION('',(#14199),#14203);
#14199 = LINE('',#14200,#14201);
#14200 = CARTESIAN_POINT('',(0.,0.));
#14201 = VECTOR('',#14202,1.);
#14202 = DIRECTION('',(1.,0.));
#14203 = ( GEOMETRIC_REPRESENTATION_CONTEXT(2) 
PARAMETRIC_REPRESENTATION_CONTEXT() REPRESENTATION_CONTEXT('2D SPACE',''
  ) );
#14204 = ORIENTED_EDGE('',*,*,#14205,.T.);
#14205 = EDGE_CURVE('',#14183,#14206,#14208,.T.);
#14206 = VERTEX_POINT('',#14207);
#14207 = CARTESIAN_POINT('',(4.55E+04,1.325E+03,3.6E+03));
#14208 = SURFACE_CURVE('',#14209,(#14213,#14220),.PCURVE_S1.);
#14209 = LINE('',#14210,#14211);
#14210 = CARTESIAN_POINT('',(4.55E+04,1.325E+03,1.8E+03));
#14211 = VECTOR('',#14212,1.);
#14212 = DIRECTION('',(0.,0.,1.));
#14213 = PCURVE('',#13961,#14214);
#14214 = DEFINITIONAL_REPRESENTATION('',(#14215),#14219);
#14215 = LINE('',#14216,#14217);
#14216 = CARTESIAN_POINT('',(3.020572576326E+03,-1.067071371159E+03));
#14217 = VECTOR('',#14218,1.);
#14218 = DIRECTION('',(0.805336883894,0.592817428422));
#14219 = ( GEOMETRIC_REPRESENTATION_CONTEXT(2) 
PARAMETRIC_REPRESENTATION_CONTEXT() REPRESENTATION_CONTEXT('2D SPACE',''
  ) );
#14220 = PCURVE('',#14221,#14226);
#14221 = B_SPLINE_SURFACE_WITH_KNOTS('',1,1,(
    (#14222,#14223)
    ,(#14224,#14225
    )),.UNSPECIFIED.,.F.,.F.,.F.,(2,2),(2,2),(-1.8E+03,1.8E+03),(0.,1.),
  .PIECEWISE_BEZIER_KNOTS.);
#14222 = CARTESIAN_POINT('',(4.55E+04,1.325E+03,0.));
#14223 = CARTESIAN_POINT('',(4.73E+04,300.,0.));
#14224 = CARTESIAN_POINT('',(4.55E+04,1.325E+03,3.6E+03));
#14225 = CARTESIAN_POINT('',(4.73E+04,300.,2.4E+03));
#14226 = DEFINITIONAL_REPRESENTATION('',(#14227),#14231);
#14227 = LINE('',#14228,#14229);
#14228 = CARTESIAN_POINT('',(0.,0.));
#14229 = VECTOR('',#14230,1.);
#14230 = DIRECTION('',(1.,0.));
#14231 = ( GEOMETRIC_REPRESENTATION_CONTEXT(2) 
PARAMETRIC_REPRESENTATION_CONTEXT() REPRESENTATION_CONTEXT('2D SPACE',''
  ) );
#14232 = ORIENTED_EDGE('',*,*,#14233,.F.);
#14233 = EDGE_CURVE('',#13941,#14206,#14234,.T.);
#14234 = SURFACE_CURVE('',#14235,(#14239,#14246),.PCURVE_S1.);
#14235 = LINE('',#14236,#14237);
#14236 = CARTESIAN_POINT('',(4.55E+04,0.,3.6E+03));
#14237 = VECTOR('',#14238,1.);
#14238 = DIRECTION('',(0.,1.,0.));
#14239 = PCURVE('',#13961,#14240);
#14240 = DEFINITIONAL_REPRESENTATION('',(#14241),#14245);
#14241 = LINE('',#14242,#14243);
#14242 = CARTESIAN_POINT('',(3.684695874676E+03,1.067071371159E+03));
#14243 = VECTOR('',#14244,1.);
#14244 = DIRECTION('',(0.592817428422,-0.805336883894));
#14245 = ( GEOMETRIC_REPRESENTATION_CONTEXT(2) 
PARAMETRIC_REPRESENTATION_CONTEXT() REPRESENTATION_CONTEXT('2D SPACE',''
  ) );
#14246 = PCURVE('',#14166,#14247);
#14247 = DEFINITIONAL_REPRESENTATION('',(#14248),#14252);
#14248 = LINE('',#14249,#14250);
#14249 = CARTESIAN_POINT('',(0.,0.));
#14250 = VECTOR('',#14251,1.);
#14251 = DIRECTION('',(-1.,0.));
#14252 = ( GEOMETRIC_REPRESENTATION_CONTEXT(2) 
PARAMETRIC_REPRESENTATION_CONTEXT() REPRESENTATION_CONTEXT('2D SPACE',''
  ) );
#14253 = ADVANCED_FACE('',(#14254),#14166,.T.);
#14254 = FACE_BOUND('',#14255,.T.);
#14255 = EDGE_LOOP('',(#14256,#14257,#14258,#14280));
#14256 = ORIENTED_EDGE('',*,*,#14233,.F.);
#14257 = ORIENTED_EDGE('',*,*,#14153,.T.);
#14258 = ORIENTED_EDGE('',*,*,#14259,.T.);
#14259 = EDGE_CURVE('',#14127,#14260,#14262,.T.);
#14260 = VERTEX_POINT('',#14261);
#14261 = CARTESIAN_POINT('',(4.73E+04,300.,2.4E+03));
#14262 = SURFACE_CURVE('',#14263,(#14267,#14273),.PCURVE_S1.);
#14263 = LINE('',#14264,#14265);
#14264 = CARTESIAN_POINT('',(4.73E+04,0.,2.4E+03));
#14265 = VECTOR('',#14266,1.);
#14266 = DIRECTION('',(0.,1.,0.));
#14267 = PCURVE('',#14166,#14268);
#14268 = DEFINITIONAL_REPRESENTATION('',(#14269),#14272);
#14269 = B_SPLINE_CURVE_WITH_KNOTS('',1,(#14270,#14271),.UNSPECIFIED.,
  .F.,.F.,(2,2),(-300.,300.),.PIECEWISE_BEZIER_KNOTS.);
#14270 = CARTESIAN_POINT('',(1.325E+03,1.));
#14271 = CARTESIAN_POINT('',(-1.325E+03,1.));
#14272 = ( GEOMETRIC_REPRESENTATION_CONTEXT(2) 
PARAMETRIC_REPRESENTATION_CONTEXT() REPRESENTATION_CONTEXT('2D SPACE',''
  ) );
#14273 = PCURVE('',#14141,#14274);
#14274 = DEFINITIONAL_REPRESENTATION('',(#14275),#14279);
#14275 = LINE('',#14276,#14277);
#14276 = CARTESIAN_POINT('',(2.40110268786E+03,291.0427500436));
#14277 = VECTOR('',#14278,1.);
#14278 = DIRECTION('',(0.242535625036,-0.970142500145));
#14279 = ( GEOMETRIC_REPRESENTATION_CONTEXT(2) 
PARAMETRIC_REPRESENTATION_CONTEXT() REPRESENTATION_CONTEXT('2D SPACE',''
  ) );
#14280 = ORIENTED_EDGE('',*,*,#14281,.F.);
#14281 = EDGE_CURVE('',#14206,#14260,#14282,.T.);
#14282 = SURFACE_CURVE('',#14283,(#14286,#14293),.PCURVE_S1.);
#14283 = B_SPLINE_CURVE_WITH_KNOTS('',1,(#14284,#14285),.UNSPECIFIED.,
  .F.,.F.,(2,2),(0.,1.),.PIECEWISE_BEZIER_KNOTS.);
#14284 = CARTESIAN_POINT('',(4.55E+04,1.325E+03,3.6E+03));
#14285 = CARTESIAN_POINT('',(4.73E+04,300.,2.4E+03));
#14286 = PCURVE('',#14166,#14287);
#14287 = DEFINITIONAL_REPRESENTATION('',(#14288),#14292);
#14288 = LINE('',#14289,#14290);
#14289 = CARTESIAN_POINT('',(-1.325E+03,0.));
#14290 = VECTOR('',#14291,1.);
#14291 = DIRECTION('',(0.,1.));
#14292 = ( GEOMETRIC_REPRESENTATION_CONTEXT(2) 
PARAMETRIC_REPRESENTATION_CONTEXT() REPRESENTATION_CONTEXT('2D SPACE',''
  ) );
#14293 = PCURVE('',#14221,#14294);
#14294 = DEFINITIONAL_REPRESENTATION('',(#14295),#14299);
#14295 = LINE('',#14296,#14297);
#14296 = CARTESIAN_POINT('',(1.8E+03,0.));
#14297 = VECTOR('',#14298,1.);
#14298 = DIRECTION('',(0.,1.));
#14299 = ( GEOMETRIC_REPRESENTATION_CONTEXT(2) 
PARAMETRIC_REPRESENTATION_CONTEXT() REPRESENTATION_CONTEXT('2D SPACE',''
  ) );
#14300 = ADVANCED_FACE('',(#14301),#14141,.T.);
#14301 = FACE_BOUND('',#14302,.T.);
#14302 = EDGE_LOOP('',(#14303,#14304,#14327,#14347));
#14303 = ORIENTED_EDGE('',*,*,#14126,.F.);
#14304 = ORIENTED_EDGE('',*,*,#14305,.F.);
#14305 = EDGE_CURVE('',#14306,#14090,#14308,.T.);
#14306 = VERTEX_POINT('',#14307);
#14307 = CARTESIAN_POINT('',(4.73E+04,300.,1.94E+03));
#14308 = SURFACE_CURVE('',#14309,(#14313,#14320),.PCURVE_S1.);
#14309 = LINE('',#14310,#14311);
#14310 = CARTESIAN_POINT('',(4.73E+04,-450.,1.94E+03));
#14311 = VECTOR('',#14312,1.);
#14312 = DIRECTION('',(0.,-1.,0.));
#14313 = PCURVE('',#14141,#14314);
#14314 = DEFINITIONAL_REPRESENTATION('',(#14315),#14319);
#14315 = LINE('',#14316,#14317);
#14316 = CARTESIAN_POINT('',(1.845696106526E+03,616.04048759228));
#14317 = VECTOR('',#14318,1.);
#14318 = DIRECTION('',(-0.242535625036,0.970142500145));
#14319 = ( GEOMETRIC_REPRESENTATION_CONTEXT(2) 
PARAMETRIC_REPRESENTATION_CONTEXT() REPRESENTATION_CONTEXT('2D SPACE',''
  ) );
#14320 = PCURVE('',#14111,#14321);
#14321 = DEFINITIONAL_REPRESENTATION('',(#14322),#14326);
#14322 = LINE('',#14323,#14324);
#14323 = CARTESIAN_POINT('',(150.,-200.));
#14324 = VECTOR('',#14325,1.);
#14325 = DIRECTION('',(-1.,0.));
#14326 = ( GEOMETRIC_REPRESENTATION_CONTEXT(2) 
PARAMETRIC_REPRESENTATION_CONTEXT() REPRESENTATION_CONTEXT('2D SPACE',''
  ) );
#14327 = ORIENTED_EDGE('',*,*,#14328,.T.);
#14328 = EDGE_CURVE('',#14306,#14260,#14329,.T.);
#14329 = SURFACE_CURVE('',#14330,(#14334,#14341),.PCURVE_S1.);
#14330 = LINE('',#14331,#14332);
#14331 = CARTESIAN_POINT('',(4.73E+04,300.,1.2E+03));
#14332 = VECTOR('',#14333,1.);
#14333 = DIRECTION('',(0.,0.,1.));
#14334 = PCURVE('',#14141,#14335);
#14335 = DEFINITIONAL_REPRESENTATION('',(#14336),#14340);
#14336 = LINE('',#14337,#14338);
#14337 = CARTESIAN_POINT('',(1.309692375196E+03,-291.0427500436));
#14338 = VECTOR('',#14339,1.);
#14339 = DIRECTION('',(0.970142500145,0.242535625036));
#14340 = ( GEOMETRIC_REPRESENTATION_CONTEXT(2) 
PARAMETRIC_REPRESENTATION_CONTEXT() REPRESENTATION_CONTEXT('2D SPACE',''
  ) );
#14341 = PCURVE('',#14221,#14342);
#14342 = DEFINITIONAL_REPRESENTATION('',(#14343),#14346);
#14343 = B_SPLINE_CURVE_WITH_KNOTS('',1,(#14344,#14345),.UNSPECIFIED.,
  .F.,.F.,(2,2),(-1.2E+03,1.2E+03),.PIECEWISE_BEZIER_KNOTS.);
#14344 = CARTESIAN_POINT('',(-1.8E+03,1.));
#14345 = CARTESIAN_POINT('',(1.8E+03,1.));
#14346 = ( GEOMETRIC_REPRESENTATION_CONTEXT(2) 
PARAMETRIC_REPRESENTATION_CONTEXT() REPRESENTATION_CONTEXT('2D SPACE',''
  ) );
#14347 = ORIENTED_EDGE('',*,*,#14259,.F.);
#14348 = ADVANCED_FACE('',(#14349),#14111,.F.);
#14349 = FACE_BOUND('',#14350,.F.);
#14350 = EDGE_LOOP('',(#14351,#14374,#14375,#14376));
#14351 = ORIENTED_EDGE('',*,*,#14352,.F.);
#14352 = EDGE_CURVE('',#14065,#14353,#14355,.T.);
#14353 = VERTEX_POINT('',#14354);
#14354 = CARTESIAN_POINT('',(4.71E+04,413.88888888888,1.94E+03));
#14355 = SURFACE_CURVE('',#14356,(#14360,#14367),.PCURVE_S1.);
#14356 = LINE('',#14357,#14358);
#14357 = CARTESIAN_POINT('',(4.71E+04,0.,1.94E+03));
#14358 = VECTOR('',#14359,1.);
#14359 = DIRECTION('',(0.,1.,0.));
#14360 = PCURVE('',#14111,#14361);
#14361 = DEFINITIONAL_REPRESENTATION('',(#14362),#14366);
#14362 = LINE('',#14363,#14364);
#14363 = CARTESIAN_POINT('',(600.,0.));
#14364 = VECTOR('',#14365,1.);
#14365 = DIRECTION('',(1.,0.));
#14366 = ( GEOMETRIC_REPRESENTATION_CONTEXT(2) 
PARAMETRIC_REPRESENTATION_CONTEXT() REPRESENTATION_CONTEXT('2D SPACE',''
  ) );
#14367 = PCURVE('',#14078,#14368);
#14368 = DEFINITIONAL_REPRESENTATION('',(#14369),#14373);
#14369 = LINE('',#14370,#14371);
#14370 = CARTESIAN_POINT('',(0.,500.));
#14371 = VECTOR('',#14372,1.);
#14372 = DIRECTION('',(1.,0.));
#14373 = ( GEOMETRIC_REPRESENTATION_CONTEXT(2) 
PARAMETRIC_REPRESENTATION_CONTEXT() REPRESENTATION_CONTEXT('2D SPACE',''
  ) );
#14374 = ORIENTED_EDGE('',*,*,#14089,.T.);
#14375 = ORIENTED_EDGE('',*,*,#14305,.F.);
#14376 = ORIENTED_EDGE('',*,*,#14377,.F.);
#14377 = EDGE_CURVE('',#14353,#14306,#14378,.T.);
#14378 = SURFACE_CURVE('',#14379,(#14386,#14396),.PCURVE_S1.);
#14379 = B_SPLINE_CURVE_WITH_KNOTS('',5,(#14380,#14381,#14382,#14383,
    #14384,#14385),.UNSPECIFIED.,.F.,.F.,(6,6),(0.,1.),
  .PIECEWISE_BEZIER_KNOTS.);
#14380 = CARTESIAN_POINT('',(4.71E+04,413.88888888888,1.94E+03));
#14381 = CARTESIAN_POINT('',(4.714064859713E+04,390.74177107805,1.94E+03
    ));
#14382 = CARTESIAN_POINT('',(4.718098803778E+04,367.77070070676,1.94E+03
    ));
#14383 = CARTESIAN_POINT('',(4.722100327776E+04,344.98424460685,1.94E+03
    ));
#14384 = CARTESIAN_POINT('',(4.726067901431E+04,322.39111685107,1.94E+03
    ));
#14385 = CARTESIAN_POINT('',(4.73E+04,300.,1.94E+03));
#14386 = PCURVE('',#14111,#14387);
#14387 = DEFINITIONAL_REPRESENTATION('',(#14388),#14395);
#14388 = B_SPLINE_CURVE_WITH_KNOTS('',5,(#14389,#14390,#14391,#14392,
    #14393,#14394),.UNSPECIFIED.,.F.,.F.,(6,6),(0.,1.),
  .PIECEWISE_BEZIER_KNOTS.);
#14389 = CARTESIAN_POINT('',(1.013888888889E+03,0.));
#14390 = CARTESIAN_POINT('',(990.74177107805,-40.64859713122));
#14391 = CARTESIAN_POINT('',(967.77070070676,-80.98803778323));
#14392 = CARTESIAN_POINT('',(944.98424460685,-121.0032777635));
#14393 = CARTESIAN_POINT('',(922.39111685107,-160.6790143102));
#14394 = CARTESIAN_POINT('',(900.,-200.));
#14395 = ( GEOMETRIC_REPRESENTATION_CONTEXT(2) 
PARAMETRIC_REPRESENTATION_CONTEXT() REPRESENTATION_CONTEXT('2D SPACE',''
  ) );
#14396 = PCURVE('',#14221,#14397);
#14397 = DEFINITIONAL_REPRESENTATION('',(#14398),#14405);
#14398 = B_SPLINE_CURVE_WITH_KNOTS('',5,(#14399,#14400,#14401,#14402,
    #14403,#14404),.UNSPECIFIED.,.F.,.F.,(6,6),(0.,1.),
  .PIECEWISE_BEZIER_KNOTS.);
#14399 = CARTESIAN_POINT('',(956.84210526315,0.888888888889));
#14400 = CARTESIAN_POINT('',(986.3320431819,0.911471442851));
#14401 = CARTESIAN_POINT('',(1.016386327662E+03,0.933882243213));
#14402 = CARTESIAN_POINT('',(1.047012230638E+03,0.956112932091));
#14403 = CARTESIAN_POINT('',(1.078215536567E+03,0.97815500795));
#14404 = CARTESIAN_POINT('',(1.11E+03,1.));
#14405 = ( GEOMETRIC_REPRESENTATION_CONTEXT(2) 
PARAMETRIC_REPRESENTATION_CONTEXT() REPRESENTATION_CONTEXT('2D SPACE',''
  ) );
#14406 = ADVANCED_FACE('',(#14407),#14078,.T.);
#14407 = FACE_BOUND('',#14408,.T.);
#14408 = EDGE_LOOP('',(#14409,#14410,#14433,#14451));
#14409 = ORIENTED_EDGE('',*,*,#14064,.F.);
#14410 = ORIENTED_EDGE('',*,*,#14411,.T.);
#14411 = EDGE_CURVE('',#14028,#14412,#14414,.T.);
#14412 = VERTEX_POINT('',#14413);
#14413 = CARTESIAN_POINT('',(4.71E+04,413.88888888888,940.));
#14414 = SURFACE_CURVE('',#14415,(#14419,#14426),.PCURVE_S1.);
#14415 = LINE('',#14416,#14417);
#14416 = CARTESIAN_POINT('',(4.71E+04,0.,940.));
#14417 = VECTOR('',#14418,1.);
#14418 = DIRECTION('',(0.,1.,0.));
#14419 = PCURVE('',#14078,#14420);
#14420 = DEFINITIONAL_REPRESENTATION('',(#14421),#14425);
#14421 = LINE('',#14422,#14423);
#14422 = CARTESIAN_POINT('',(0.,-500.));
#14423 = VECTOR('',#14424,1.);
#14424 = DIRECTION('',(1.,0.));
#14425 = ( GEOMETRIC_REPRESENTATION_CONTEXT(2) 
PARAMETRIC_REPRESENTATION_CONTEXT() REPRESENTATION_CONTEXT('2D SPACE',''
  ) );
#14426 = PCURVE('',#14049,#14427);
#14427 = DEFINITIONAL_REPRESENTATION('',(#14428),#14432);
#14428 = LINE('',#14429,#14430);
#14429 = CARTESIAN_POINT('',(600.,0.));
#14430 = VECTOR('',#14431,1.);
#14431 = DIRECTION('',(1.,0.));
#14432 = ( GEOMETRIC_REPRESENTATION_CONTEXT(2) 
PARAMETRIC_REPRESENTATION_CONTEXT() REPRESENTATION_CONTEXT('2D SPACE',''
  ) );
#14433 = ORIENTED_EDGE('',*,*,#14434,.F.);
#14434 = EDGE_CURVE('',#14353,#14412,#14435,.T.);
#14435 = SURFACE_CURVE('',#14436,(#14439,#14445),.PCURVE_S1.);
#14436 = B_SPLINE_CURVE_WITH_KNOTS('',1,(#14437,#14438),.UNSPECIFIED.,
  .F.,.F.,(2,2),(0.,1.),.PIECEWISE_BEZIER_KNOTS.);
#14437 = CARTESIAN_POINT('',(4.71E+04,413.88888888888,1.94E+03));
#14438 = CARTESIAN_POINT('',(4.71E+04,413.88888888888,940.));
#14439 = PCURVE('',#14078,#14440);
#14440 = DEFINITIONAL_REPRESENTATION('',(#14441),#14444);
#14441 = B_SPLINE_CURVE_WITH_KNOTS('',1,(#14442,#14443),.UNSPECIFIED.,
  .F.,.F.,(2,2),(0.,1.),.PIECEWISE_BEZIER_KNOTS.);
#14442 = CARTESIAN_POINT('',(413.88888888888,500.));
#14443 = CARTESIAN_POINT('',(413.88888888888,-500.));
#14444 = ( GEOMETRIC_REPRESENTATION_CONTEXT(2) 
PARAMETRIC_REPRESENTATION_CONTEXT() REPRESENTATION_CONTEXT('2D SPACE',''
  ) );
#14445 = PCURVE('',#14221,#14446);
#14446 = DEFINITIONAL_REPRESENTATION('',(#14447),#14450);
#14447 = B_SPLINE_CURVE_WITH_KNOTS('',1,(#14448,#14449),.UNSPECIFIED.,
  .F.,.F.,(2,2),(0.,1.),.PIECEWISE_BEZIER_KNOTS.);
#14448 = CARTESIAN_POINT('',(956.84210526315,0.888888888889));
#14449 = CARTESIAN_POINT('',(-464.2105263157,0.888888888889));
#14450 = ( GEOMETRIC_REPRESENTATION_CONTEXT(2) 
PARAMETRIC_REPRESENTATION_CONTEXT() REPRESENTATION_CONTEXT('2D SPACE',''
  ) );
#14451 = ORIENTED_EDGE('',*,*,#14352,.F.);
#14452 = ADVANCED_FACE('',(#14453),#14049,.T.);
#14453 = FACE_BOUND('',#14454,.T.);
#14454 = EDGE_LOOP('',(#14455,#14456,#14457,#14480));
#14455 = ORIENTED_EDGE('',*,*,#14411,.F.);
#14456 = ORIENTED_EDGE('',*,*,#14027,.T.);
#14457 = ORIENTED_EDGE('',*,*,#14458,.F.);
#14458 = EDGE_CURVE('',#14459,#14001,#14461,.T.);
#14459 = VERTEX_POINT('',#14460);
#14460 = CARTESIAN_POINT('',(4.73E+04,300.,940.));
#14461 = SURFACE_CURVE('',#14462,(#14466,#14473),.PCURVE_S1.);
#14462 = LINE('',#14463,#14464);
#14463 = CARTESIAN_POINT('',(4.73E+04,-450.,940.));
#14464 = VECTOR('',#14465,1.);
#14465 = DIRECTION('',(0.,-1.,0.));
#14466 = PCURVE('',#14049,#14467);
#14467 = DEFINITIONAL_REPRESENTATION('',(#14468),#14472);
#14468 = LINE('',#14469,#14470);
#14469 = CARTESIAN_POINT('',(150.,-200.));
#14470 = VECTOR('',#14471,1.);
#14471 = DIRECTION('',(-1.,0.));
#14472 = ( GEOMETRIC_REPRESENTATION_CONTEXT(2) 
PARAMETRIC_REPRESENTATION_CONTEXT() REPRESENTATION_CONTEXT('2D SPACE',''
  ) );
#14473 = PCURVE('',#14015,#14474);
#14474 = DEFINITIONAL_REPRESENTATION('',(#14475),#14479);
#14475 = LINE('',#14476,#14477);
#14476 = CARTESIAN_POINT('',(875.55360638116,373.50486255595));
#14477 = VECTOR('',#14478,1.);
#14478 = DIRECTION('',(-0.242535625036,0.970142500145));
#14479 = ( GEOMETRIC_REPRESENTATION_CONTEXT(2) 
PARAMETRIC_REPRESENTATION_CONTEXT() REPRESENTATION_CONTEXT('2D SPACE',''
  ) );
#14480 = ORIENTED_EDGE('',*,*,#14481,.F.);
#14481 = EDGE_CURVE('',#14412,#14459,#14482,.T.);
#14482 = SURFACE_CURVE('',#14483,(#14490,#14500),.PCURVE_S1.);
#14483 = B_SPLINE_CURVE_WITH_KNOTS('',5,(#14484,#14485,#14486,#14487,
    #14488,#14489),.UNSPECIFIED.,.F.,.F.,(6,6),(0.,1.),
  .PIECEWISE_BEZIER_KNOTS.);
#14484 = CARTESIAN_POINT('',(4.71E+04,413.88888888888,940.));
#14485 = CARTESIAN_POINT('',(4.714019613012E+04,390.9994259018,940.));
#14486 = CARTESIAN_POINT('',(4.718030152317E+04,368.16163263761,940.));
#14487 = CARTESIAN_POINT('',(4.722030931657E+04,345.37941695338,940.));
#14488 = CARTESIAN_POINT('',(4.726021171625E+04,322.65721713282,940.));
#14489 = CARTESIAN_POINT('',(4.73E+04,300.,940.));
#14490 = PCURVE('',#14049,#14491);
#14491 = DEFINITIONAL_REPRESENTATION('',(#14492),#14499);
#14492 = B_SPLINE_CURVE_WITH_KNOTS('',5,(#14493,#14494,#14495,#14496,
    #14497,#14498),.UNSPECIFIED.,.F.,.F.,(6,6),(0.,1.),
  .PIECEWISE_BEZIER_KNOTS.);
#14493 = CARTESIAN_POINT('',(1.013888888889E+03,0.));
#14494 = CARTESIAN_POINT('',(990.9994259018,-40.19613012365));
#14495 = CARTESIAN_POINT('',(968.16163263761,-80.30152317297));
#14496 = CARTESIAN_POINT('',(945.37941695338,-120.3093165696));
#14497 = CARTESIAN_POINT('',(922.65721713282,-160.2117162545));
#14498 = CARTESIAN_POINT('',(900.,-200.));
#14499 = ( GEOMETRIC_REPRESENTATION_CONTEXT(2) 
PARAMETRIC_REPRESENTATION_CONTEXT() REPRESENTATION_CONTEXT('2D SPACE',''
  ) );
#14500 = PCURVE('',#14221,#14501);
#14501 = DEFINITIONAL_REPRESENTATION('',(#14502),#14509);
#14502 = B_SPLINE_CURVE_WITH_KNOTS('',5,(#14503,#14504,#14505,#14506,
    #14507,#14508),.UNSPECIFIED.,.F.,.F.,(6,6),(0.,1.),
  .PIECEWISE_BEZIER_KNOTS.);
#14503 = CARTESIAN_POINT('',(-464.2105263157,0.888888888889));
#14504 = CARTESIAN_POINT('',(-450.080640131,0.911220072291));
#14505 = CARTESIAN_POINT('',(-435.6089876311,0.933500846207));
#14506 = CARTESIAN_POINT('',(-420.7815935385,0.955727398094));
#14507 = CARTESIAN_POINT('',(-405.5837444669,0.977895397919));
#14508 = CARTESIAN_POINT('',(-390.,1.));
#14509 = ( GEOMETRIC_REPRESENTATION_CONTEXT(2) 
PARAMETRIC_REPRESENTATION_CONTEXT() REPRESENTATION_CONTEXT('2D SPACE',''
  ) );
#14510 = ADVANCED_FACE('',(#14511),#14015,.T.);
#14511 = FACE_BOUND('',#14512,.T.);
#14512 = EDGE_LOOP('',(#14513,#14514,#14536,#14556));
#14513 = ORIENTED_EDGE('',*,*,#14000,.F.);
#14514 = ORIENTED_EDGE('',*,*,#14515,.T.);
#14515 = EDGE_CURVE('',#13974,#14516,#14518,.T.);
#14516 = VERTEX_POINT('',#14517);
#14517 = CARTESIAN_POINT('',(4.73E+04,300.,0.));
#14518 = SURFACE_CURVE('',#14519,(#14523,#14530),.PCURVE_S1.);
#14519 = LINE('',#14520,#14521);
#14520 = CARTESIAN_POINT('',(4.73E+04,0.,0.));
#14521 = VECTOR('',#14522,1.);
#14522 = DIRECTION('',(0.,1.,0.));
#14523 = PCURVE('',#14015,#14524);
#14524 = DEFINITIONAL_REPRESENTATION('',(#14525),#14529);
#14525 = LINE('',#14526,#14527);
#14526 = CARTESIAN_POINT('',(72.7606875109,-291.0427500436));
#14527 = VECTOR('',#14528,1.);
#14528 = DIRECTION('',(0.242535625036,-0.970142500145));
#14529 = ( GEOMETRIC_REPRESENTATION_CONTEXT(2) 
PARAMETRIC_REPRESENTATION_CONTEXT() REPRESENTATION_CONTEXT('2D SPACE',''
  ) );
#14530 = PCURVE('',#13988,#14531);
#14531 = DEFINITIONAL_REPRESENTATION('',(#14532),#14535);
#14532 = B_SPLINE_CURVE_WITH_KNOTS('',1,(#14533,#14534),.UNSPECIFIED.,
  .F.,.F.,(2,2),(-300.,300.),.PIECEWISE_BEZIER_KNOTS.);
#14533 = CARTESIAN_POINT('',(-1.325E+03,1.));
#14534 = CARTESIAN_POINT('',(1.325E+03,1.));
#14535 = ( GEOMETRIC_REPRESENTATION_CONTEXT(2) 
PARAMETRIC_REPRESENTATION_CONTEXT() REPRESENTATION_CONTEXT('2D SPACE',''
  ) );
#14536 = ORIENTED_EDGE('',*,*,#14537,.T.);
#14537 = EDGE_CURVE('',#14516,#14459,#14538,.T.);
#14538 = SURFACE_CURVE('',#14539,(#14543,#14550),.PCURVE_S1.);
#14539 = LINE('',#14540,#14541);
#14540 = CARTESIAN_POINT('',(4.73E+04,300.,1.2E+03));
#14541 = VECTOR('',#14542,1.);
#14542 = DIRECTION('',(0.,0.,1.));
#14543 = PCURVE('',#14015,#14544);
#14544 = DEFINITIONAL_REPRESENTATION('',(#14545),#14549);
#14545 = LINE('',#14546,#14547);
#14546 = CARTESIAN_POINT('',(1.309692375196E+03,-291.0427500436));
#14547 = VECTOR('',#14548,1.);
#14548 = DIRECTION('',(0.970142500145,0.242535625036));
#14549 = ( GEOMETRIC_REPRESENTATION_CONTEXT(2) 
PARAMETRIC_REPRESENTATION_CONTEXT() REPRESENTATION_CONTEXT('2D SPACE',''
  ) );
#14550 = PCURVE('',#14221,#14551);
#14551 = DEFINITIONAL_REPRESENTATION('',(#14552),#14555);
#14552 = B_SPLINE_CURVE_WITH_KNOTS('',1,(#14553,#14554),.UNSPECIFIED.,
  .F.,.F.,(2,2),(-1.2E+03,1.2E+03),.PIECEWISE_BEZIER_KNOTS.);
#14553 = CARTESIAN_POINT('',(-1.8E+03,1.));
#14554 = CARTESIAN_POINT('',(1.8E+03,1.));
#14555 = ( GEOMETRIC_REPRESENTATION_CONTEXT(2) 
PARAMETRIC_REPRESENTATION_CONTEXT() REPRESENTATION_CONTEXT('2D SPACE',''
  ) );
#14556 = ORIENTED_EDGE('',*,*,#14458,.T.);
#14557 = ADVANCED_FACE('',(#14558),#13988,.T.);
#14558 = FACE_BOUND('',#14559,.T.);
#14559 = EDGE_LOOP('',(#14560,#14561,#14581,#14582));
#14560 = ORIENTED_EDGE('',*,*,#14182,.T.);
#14561 = ORIENTED_EDGE('',*,*,#14562,.T.);
#14562 = EDGE_CURVE('',#14183,#14516,#14563,.T.);
#14563 = SURFACE_CURVE('',#14564,(#14567,#14574),.PCURVE_S1.);
#14564 = B_SPLINE_CURVE_WITH_KNOTS('',1,(#14565,#14566),.UNSPECIFIED.,
  .F.,.F.,(2,2),(0.,1.),.PIECEWISE_BEZIER_KNOTS.);
#14565 = CARTESIAN_POINT('',(4.55E+04,1.325E+03,0.));
#14566 = CARTESIAN_POINT('',(4.73E+04,300.,0.));
#14567 = PCURVE('',#13988,#14568);
#14568 = DEFINITIONAL_REPRESENTATION('',(#14569),#14573);
#14569 = LINE('',#14570,#14571);
#14570 = CARTESIAN_POINT('',(1.325E+03,0.));
#14571 = VECTOR('',#14572,1.);
#14572 = DIRECTION('',(0.,1.));
#14573 = ( GEOMETRIC_REPRESENTATION_CONTEXT(2) 
PARAMETRIC_REPRESENTATION_CONTEXT() REPRESENTATION_CONTEXT('2D SPACE',''
  ) );
#14574 = PCURVE('',#14221,#14575);
#14575 = DEFINITIONAL_REPRESENTATION('',(#14576),#14580);
#14576 = LINE('',#14577,#14578);
#14577 = CARTESIAN_POINT('',(-1.8E+03,0.));
#14578 = VECTOR('',#14579,1.);
#14579 = DIRECTION('',(0.,1.));
#14580 = ( GEOMETRIC_REPRESENTATION_CONTEXT(2) 
PARAMETRIC_REPRESENTATION_CONTEXT() REPRESENTATION_CONTEXT('2D SPACE',''
  ) );
#14581 = ORIENTED_EDGE('',*,*,#14515,.F.);
#14582 = ORIENTED_EDGE('',*,*,#13973,.F.);
#14583 = ADVANCED_FACE('',(#14584),#14221,.T.);
#14584 = FACE_BOUND('',#14585,.T.);
#14585 = EDGE_LOOP('',(#14586,#14587,#14588,#14589,#14590,#14591,#14592,
    #14593));
#14586 = ORIENTED_EDGE('',*,*,#14562,.F.);
#14587 = ORIENTED_EDGE('',*,*,#14205,.T.);
#14588 = ORIENTED_EDGE('',*,*,#14281,.T.);
#14589 = ORIENTED_EDGE('',*,*,#14328,.F.);
#14590 = ORIENTED_EDGE('',*,*,#14377,.F.);
#14591 = ORIENTED_EDGE('',*,*,#14434,.T.);
#14592 = ORIENTED_EDGE('',*,*,#14481,.T.);
#14593 = ORIENTED_EDGE('',*,*,#14537,.F.);
#14594 = ( GEOMETRIC_REPRESENTATION_CONTEXT(3) 
GLOBAL_UNCERTAINTY_ASSIGNED_CONTEXT((#14598)) 
GLOBAL_UNIT_ASSIGNED_CONTEXT((#14595,#14596,#14597)) 
REPRESENTATION_CONTEXT('Context #1',
  '3D Context with UNIT and UNCERTAINTY') );
#14595 = ( LENGTH_UNIT() NAMED_UNIT(*) SI_UNIT(.MILLI.,.METRE.) );
#14596 = ( NAMED_UNIT(*) PLANE_ANGLE_UNIT() SI_UNIT($,.RADIAN.) );
#14597 = ( NAMED_UNIT(*) SI_UNIT($,.STERADIAN.) SOLID_ANGLE_UNIT() );
#14598 = UNCERTAINTY_MEASURE_WITH_UNIT(LENGTH_MEASURE(2.E-06),#14595,
  'distance_accuracy_value','confusion accuracy');
#14599 = CONTEXT_DEPENDENT_SHAPE_REPRESENTATION(#14600,#14602);
#14600 = ( REPRESENTATION_RELATIONSHIP('','',#13931,#13908) 
REPRESENTATION_RELATIONSHIP_WITH_TRANSFORMATION(#14601) 
SHAPE_REPRESENTATION_RELATIONSHIP() );
#14601 = ITEM_DEFINED_TRANSFORMATION('','',#11,#13909);
#14602 = PRODUCT_DEFINITION_SHAPE('Placement','Placement of an item',
  #14603);
#14603 = NEXT_ASSEMBLY_USAGE_OCCURRENCE('1206','=>[0:1:1:101]','',#13903
  ,#13926,$);
#14604 = PRODUCT_RELATED_PRODUCT_CATEGORY('part',$,(#13928));
ENDSEC;
END-ISO-10303-21;
