id,line,civil_class,from_m,to_m,length_m
civil-segment-0001,line-1,at-grade,0.0,388.3,388.3
civil-segment-0002,line-1,elevated,388.3,428.3,40.0
civil-segment-0003,line-1,at-grade,428.3,488.3,60.0
civil-segment-0004,line-1,elevated,488.3,528.3,40.0
civil-segment-0005,line-1,at-grade,528.3,588.3,60.0
civil-segment-0006,line-1,elevated,588.3,676.6,88.3
civil-segment-0007,line-1,at-grade,676.6,696.6,20.0
civil-segment-0008,line-1,elevated,696.6,736.6,40.0
civil-segment-0009,line-1,at-grade,736.6,956.6,220.0
civil-segment-0010,line-1,elevated,956.6,1016.6,60.0
civil-segment-0011,line-1,at-grade,1016.6,1336.6,320.0
civil-segment-0012,line-1,elevated,1336.6,1356.6,20.0
civil-segment-0013,line-1,at-grade,1356.6,1829.7,473.1
civil-segment-0014,line-1,elevated,1829.7,1849.7,20.0
civil-segment-0015,line-1,at-grade,1849.7,1909.7,60.0
civil-segment-0016,line-1,elevated,1909.7,1929.7,20.0
civil-segment-0017,line-1,elevated,1929.7,1949.7,20.0
civil-segment-0018,line-1,at-grade,1949.7,2086.3,136.6
civil-segment-0019,line-1,elevated,2086.3,2146.3,60.0
civil-segment-0020,line-1,at-grade,2146.3,2274.6,128.3
civil-segment-0021,line-1,elevated,2274.6,2334.6,60.0
civil-segment-0022,line-1,at-grade,2334.6,3034.6,700.0
civil-segment-0023,line-1,elevated,3034.6,3114.6,80.0
civil-segment-0024,line-1,at-grade,3114.6,3474.6,360.0
civil-segment-0025,line-1,elevated,3474.6,3514.6,40.0
civil-segment-0026,line-1,at-grade,3514.6,3582.8,68.2
civil-segment-0027,line-1,bridge,3582.8,3602.8,20.0
civil-segment-0028,line-1,elevated,3602.8,3631.1,28.3
civil-segment-0029,line-1,elevated,3631.1,3651.1,20.0
civil-segment-0030,line-1,at-grade,3651.1,4444.3,793.2
civil-segment-0031,line-1,elevated,4444.3,4464.3,20.0
civil-segment-0032,line-1,at-grade,4464.3,4512.5,48.2
civil-segment-0033,line-1,elevated,4512.5,4532.5,20.0
civil-segment-0034,line-1,at-grade,4532.5,4689.1,156.6
civil-segment-0035,line-1,elevated,4689.1,4709.1,20.0
civil-segment-0036,line-1,at-grade,4709.1,5029.1,320.0
civil-segment-0037,line-1,elevated,5029.1,5049.1,20.0
civil-segment-0038,line-1,at-grade,5049.1,5237.4,188.3
civil-segment-0039,line-1,elevated,5237.4,5297.4,60.0
civil-segment-0040,line-1,at-grade,5297.4,5905.7,608.3
civil-segment-0041,line-1,elevated,5905.7,5925.7,20.0
civil-segment-0042,line-1,at-grade,5925.7,6425.7,500.0
civil-segment-0043,line-1,elevated,6425.7,6485.7,60.0
civil-segment-0044,line-1,at-grade,6485.7,7014.0,528.3
civil-segment-0045,line-1,elevated,7014.0,7074.0,60.0
civil-segment-0046,line-1,at-grade,7074.0,7154.0,80.0
civil-segment-0047,line-1,elevated,7154.0,7222.3,68.3
civil-segment-0048,line-1,at-grade,7222.3,7242.3,20.0
civil-segment-0049,line-1,elevated,7242.3,7302.3,60.0
civil-segment-0050,line-1,at-grade,7302.3,7522.3,220.0
civil-segment-0051,line-1,elevated,7522.3,7582.3,60.0
civil-segment-0052,line-1,at-grade,7582.3,7642.3,60.0
civil-segment-0053,line-1,elevated,7642.3,7670.5,28.2
civil-segment-0054,line-1,at-grade,7670.5,7690.5,20.0
civil-segment-0055,line-1,elevated,7690.5,7770.5,80.0
civil-segment-0056,line-1,at-grade,7770.5,8058.8,288.3
civil-segment-0057,line-1,elevated,8058.8,8118.8,60.0
civil-segment-0058,line-1,at-grade,8118.8,8327.1,208.3
civil-segment-0059,line-1,elevated,8327.1,8347.1,20.0
civil-segment-0060,line-1,at-grade,8347.1,8503.7,156.6
civil-segment-0061,line-1,elevated,8503.7,8543.7,40.0
civil-segment-0062,line-1,at-grade,8543.7,8623.7,80.0
civil-segment-0063,line-1,elevated,8623.7,8643.7,20.0
civil-segment-0064,line-1,at-grade,8643.7,8892.0,248.3
civil-segment-0065,line-1,elevated,8892.0,8912.0,20.0
civil-segment-0066,line-1,elevated,8912.0,8952.0,40.0
civil-segment-0067,line-1,elevated,8952.0,9028.5,76.5
civil-segment-0068,line-1,at-grade,9028.5,9205.1,176.6
civil-segment-0069,line-1,elevated,9205.1,9225.1,20.0
civil-segment-0070,line-1,at-grade,9225.1,9309.9,84.8
civil-segment-0071,line-1,elevated,9309.9,9358.2,48.3
civil-segment-0072,line-1,at-grade,9358.2,9458.2,100.0
civil-segment-0073,line-1,elevated,9458.2,9526.5,68.3
civil-segment-0074,line-1,elevated,9526.5,9554.8,28.3
civil-segment-0075,line-1,at-grade,9554.8,9859.7,304.9
civil-segment-0076,line-1,elevated,9859.7,9987.9,128.2
civil-segment-0077,line-1,at-grade,9987.9,10187.9,200.0
civil-segment-0078,line-1,elevated,10187.9,10236.2,48.3
civil-segment-0079,line-1,elevated,10236.2,10256.2,20.0
civil-segment-0080,line-1,at-grade,10256.2,10276.2,20.0
civil-segment-0081,line-1,elevated,10276.2,10304.5,28.3
civil-segment-0082,line-1,elevated,10304.5,10324.5,20.0
civil-segment-0083,line-1,elevated,10324.5,10344.5,20.0
civil-segment-0084,line-1,elevated,10344.5,10364.5,20.0
civil-segment-0085,line-1,at-grade,10364.5,10412.8,48.3
civil-segment-0086,line-1,elevated,10412.8,10441.1,28.3
civil-segment-0087,line-1,at-grade,10441.1,10609.4,168.3
civil-segment-0088,line-1,elevated,10609.4,10709.4,100.0
civil-segment-0089,line-1,at-grade,10709.4,10769.4,60.0
civil-segment-0090,line-1,elevated,10769.4,10857.6,88.2
civil-segment-0091,line-1,at-grade,10857.6,11145.9,288.3
civil-segment-0092,line-1,elevated,11145.9,11205.9,60.0
civil-segment-0093,line-1,at-grade,11205.9,11474.2,268.3
civil-segment-0094,line-1,elevated,11474.2,11662.5,188.3
civil-segment-0095,line-1,at-grade,11662.5,11830.8,168.3
civil-segment-0096,line-1,elevated,11830.8,11850.8,20.0
civil-segment-0097,line-1,at-grade,11850.8,12259.1,408.3
civil-segment-0098,line-1,elevated,12259.1,12299.1,40.0
civil-segment-0099,line-1,at-grade,12299.1,14301.9,2002.8
civil-segment-0100,line-1,elevated,14301.9,14321.9,20.0
civil-segment-0101,line-1,at-grade,14321.9,15206.8,884.9
civil-segment-0102,line-1,elevated,15206.8,15275.0,68.2
civil-segment-0103,line-1,at-grade,15275.0,15375.0,100.0
civil-segment-0104,line-1,elevated,15375.0,15475.0,100.0
civil-segment-0105,line-1,at-grade,15475.0,15851.6,376.6
civil-segment-0106,line-1,elevated,15851.6,15891.6,40.0
civil-segment-0107,line-1,at-grade,15891.6,16059.9,168.3
civil-segment-0108,line-1,elevated,16059.9,16079.9,20.0
civil-segment-0109,line-1,at-grade,16079.9,16736.5,656.6
civil-segment-0110,line-1,elevated,16736.5,16804.8,68.3
civil-segment-0111,line-1,at-grade,16804.8,16824.8,20.0
civil-segment-0112,line-1,elevated,16824.8,16844.8,20.0
civil-segment-0113,line-1,at-grade,16844.8,17084.8,240.0
civil-segment-0114,line-1,elevated,17084.8,17104.8,20.0
civil-segment-0115,line-1,at-grade,17104.8,17144.8,40.0
civil-segment-0116,line-1,elevated,17144.8,17193.0,48.2
civil-segment-0117,line-1,at-grade,17193.0,17854.5,661.5
civil-segment-0118,line-1,elevated,17854.5,17874.5,20.0
civil-segment-0119,line-1,at-grade,17874.5,17974.5,100.0
civil-segment-0120,line-1,elevated,17974.5,18034.5,60.0
civil-segment-0121,line-1,at-grade,18034.5,18182.7,148.2
civil-segment-0122,line-1,elevated,18182.7,18202.7,20.0
civil-segment-0123,line-1,at-grade,18202.7,18251.0,48.3
civil-segment-0124,line-1,elevated,18251.0,18299.3,48.3
civil-segment-0125,line-1,at-grade,18299.3,18905.6,606.3
civil-segment-0126,line-1,elevated,18905.6,18933.9,28.3
civil-segment-0127,line-1,elevated,18933.9,18953.9,20.0
civil-segment-0128,line-1,at-grade,18953.9,19627.0,673.1
civil-segment-0129,line-1,elevated,19627.0,19647.0,20.0
civil-segment-0130,line-1,at-grade,19647.0,19735.3,88.3
civil-segment-0131,line-1,elevated,19735.3,19755.3,20.0
civil-segment-0132,line-1,elevated,19755.3,19815.3,60.0
civil-segment-0133,line-1,at-grade,19815.3,20108.4,293.1
civil-segment-0134,line-1,elevated,20108.4,20128.4,20.0
civil-segment-0135,line-1,at-grade,20128.4,20148.4,20.0
civil-segment-0136,line-1,elevated,20148.4,20176.7,28.3
civil-segment-0137,line-1,elevated,20176.7,20196.7,20.0
civil-segment-0138,line-1,elevated,20196.7,20225.0,28.3
civil-segment-0139,line-1,at-grade,20225.0,20245.0,20.0
civil-segment-0140,line-1,elevated,20245.0,20293.3,48.3
civil-segment-0141,line-1,at-grade,20293.3,20313.3,20.0
civil-segment-0142,line-1,elevated,20313.3,25134.7,4821.4
civil-segment-0143,line-1,bridge,25134.7,25274.7,140.0
civil-segment-0144,line-1,elevated,25274.7,25294.7,20.0
civil-segment-0145,line-1,bridge,25294.7,25374.7,80.0
civil-segment-0146,line-1,elevated,25374.7,25554.7,180.0
civil-segment-0147,line-1,bridge,25554.7,25614.7,60.0
civil-segment-0148,line-1,elevated,25614.7,25674.7,60.0
civil-segment-0149,line-1,bridge,25674.7,25743.0,68.3
civil-segment-0150,line-1,elevated,25743.0,25783.0,40.0
civil-segment-0151,line-1,bridge,25783.0,25923.0,140.0
civil-segment-0152,line-1,elevated,25923.0,25963.0,40.0
civil-segment-0153,line-1,bridge,25963.0,26003.0,40.0
civil-segment-0154,line-1,elevated,26003.0,26083.0,80.0
civil-segment-0155,line-1,bridge,26083.0,26103.0,20.0
civil-segment-0156,line-1,elevated,26103.0,26123.0,20.0
civil-segment-0157,line-1,bridge,26123.0,26203.0,80.0
civil-segment-0158,line-1,elevated,26203.0,26523.0,320.0
civil-segment-0159,line-1,bridge,26523.0,26711.3,188.3
civil-segment-0160,line-1,elevated,26711.3,26871.3,160.0
civil-segment-0161,line-1,bridge,26871.3,26951.3,80.0
civil-segment-0162,line-1,elevated,26951.3,26991.3,40.0
civil-segment-0163,line-1,bridge,26991.3,27071.3,80.0
civil-segment-0164,line-1,elevated,27071.3,27191.3,120.0
civil-segment-0165,line-1,bridge,27191.3,27211.3,20.0
civil-segment-0166,line-1,elevated,27211.3,27271.3,60.0
civil-segment-0167,line-1,bridge,27271.3,27331.3,60.0
civil-segment-0168,line-1,elevated,27331.3,27391.3,60.0
civil-segment-0169,line-1,bridge,27391.3,27451.3,60.0
civil-segment-0170,line-1,elevated,27451.3,27671.3,220.0
civil-segment-0171,line-1,bridge,27671.3,28019.6,348.3
civil-segment-0172,line-1,elevated,28019.6,28619.6,600.0
civil-segment-0173,line-1,bridge,28619.6,28827.8,208.2
civil-segment-0174,line-1,elevated,28827.8,29047.8,220.0
civil-segment-0175,line-1,bridge,29047.8,29127.8,80.0
civil-segment-0176,line-1,elevated,29127.8,29207.8,80.0
civil-segment-0177,line-1,bridge,29207.8,29247.8,40.0
civil-segment-0178,line-1,elevated,29247.8,29287.8,40.0
civil-segment-0179,line-1,bridge,29287.8,29467.8,180.0
civil-segment-0180,line-1,elevated,29467.8,29607.8,140.0
civil-segment-0181,line-1,bridge,29607.8,29676.1,68.3
civil-segment-0182,line-1,elevated,29676.1,29736.1,60.0
civil-segment-0183,line-1,bridge,29736.1,29776.1,40.0
civil-segment-0184,line-1,elevated,29776.1,29796.1,20.0
civil-segment-0185,line-1,bridge,29796.1,29816.1,20.0
civil-segment-0186,line-1,elevated,29816.1,29936.1,120.0
civil-segment-0187,line-1,bridge,29936.1,29956.1,20.0
civil-segment-0188,line-1,elevated,29956.1,30036.1,80.0
civil-segment-0189,line-1,bridge,30036.1,30076.1,40.0
civil-segment-0190,line-1,elevated,30076.1,30136.1,60.0
civil-segment-0191,line-1,bridge,30136.1,30156.1,20.0
civil-segment-0192,line-1,elevated,30156.1,30216.1,60.0
civil-segment-0193,line-1,bridge,30216.1,30624.4,408.3
civil-segment-0194,line-1,elevated,30624.4,30784.4,160.0
civil-segment-0195,line-1,bridge,30784.4,30804.4,20.0
civil-segment-0196,line-1,elevated,30804.4,30824.4,20.0
civil-segment-0197,line-1,bridge,30824.4,30904.4,80.0
civil-segment-0198,line-1,elevated,30904.4,30944.4,40.0
civil-segment-0199,line-1,bridge,30944.4,30964.4,20.0
civil-segment-0200,line-1,elevated,30964.4,31024.4,60.0
civil-segment-0201,line-1,bridge,31024.4,31084.4,60.0
civil-segment-0202,line-1,elevated,31084.4,31264.4,180.0
civil-segment-0203,line-1,bridge,31264.4,31404.4,140.0
civil-segment-0204,line-1,elevated,31404.4,31664.4,260.0
civil-segment-0205,line-1,bridge,31664.4,32004.4,340.0
civil-segment-0206,line-1,elevated,32004.4,32024.4,20.0
civil-segment-0207,line-1,bridge,32024.4,32104.4,80.0
civil-segment-0208,line-1,elevated,32104.4,32184.4,80.0
civil-segment-0209,line-1,bridge,32184.4,32284.4,100.0
civil-segment-0210,line-1,elevated,32284.4,32344.4,60.0
civil-segment-0211,line-1,bridge,32344.4,32484.4,140.0
civil-segment-0212,line-1,elevated,32484.4,32552.7,68.3
civil-segment-0213,line-1,bridge,32552.7,32572.7,20.0
civil-segment-0214,line-1,elevated,32572.7,32612.7,40.0
civil-segment-0215,line-1,bridge,32612.7,32732.7,120.0
civil-segment-0216,line-1,elevated,32732.7,32792.7,60.0
civil-segment-0217,line-1,bridge,32792.7,33232.7,440.0
civil-segment-0218,line-1,elevated,33232.7,33252.7,20.0
civil-segment-0219,line-1,bridge,33252.7,33512.7,260.0
civil-segment-0220,line-1,elevated,33512.7,33761.0,248.3
civil-segment-0221,line-1,bridge,33761.0,33781.0,20.0
civil-segment-0222,line-1,elevated,33781.0,33921.0,140.0
civil-segment-0223,line-1,bridge,33921.0,33981.0,60.0
civil-segment-0224,line-1,elevated,33981.0,34061.0,80.0
civil-segment-0225,line-1,bridge,34061.0,34201.0,140.0
civil-segment-0226,line-1,elevated,34201.0,42755.534,8554.534
civil-segment-0227,line-1,elevated,42755.534,42795.5,39.966
civil-segment-0228,line-1,at-grade,42795.5,42948.7,153.2
civil-segment-0229,line-1,elevated,42948.7,42968.7,20.0
civil-segment-0230,line-1,at-grade,42968.7,43177.0,208.3
civil-segment-0231,line-1,elevated,43177.0,43197.0,20.0
civil-segment-0232,line-1,at-grade,43197.0,44130.1,933.1
civil-segment-0233,line-1,elevated,44130.1,44150.1,20.0
civil-segment-0234,line-1,at-grade,44150.1,49067.5,4917.4
civil-segment-0235,line-2,at-grade,0.0,2228.8,2228.8
civil-segment-0236,line-2,elevated,2228.8,2285.3,56.5
civil-segment-0237,line-2,at-grade,2285.3,2418.5,133.2
civil-segment-0238,line-2,elevated,2418.5,2475.0,56.5
civil-segment-0239,line-2,at-grade,2475.0,2579.9,104.9
civil-segment-0240,line-2,elevated,2579.9,2656.5,76.6
civil-segment-0241,line-2,at-grade,2656.5,4649.3,1992.8
civil-segment-0242,line-2,elevated,4649.3,4705.8,56.5
civil-segment-0243,line-2,at-grade,4705.8,6133.8,1428.0
civil-segment-0244,line-2,elevated,6133.8,6162.1,28.3
civil-segment-0245,line-2,at-grade,6162.1,6694.6,532.5
civil-segment-0246,line-2,elevated,6694.6,6722.9,28.3
civil-segment-0247,line-2,at-grade,6722.9,9444.2,2721.3
civil-segment-0248,line-2,elevated,9444.2,9472.5,28.3
civil-segment-0249,line-2,at-grade,9472.5,9625.6,153.1
civil-segment-0250,line-2,elevated,9625.6,9673.9,48.3
civil-segment-0251,line-2,at-grade,9673.9,12450.4,2776.5
civil-segment-0252,line-2,elevated,12450.4,12506.9,56.5
civil-segment-0253,line-2,at-grade,12506.9,12924.9,418.0
civil-segment-0254,line-2,elevated,12924.9,12953.2,28.3
civil-segment-0255,line-2,elevated,12953.2,12973.2,20.0
civil-segment-0256,line-2,at-grade,12973.2,13001.5,28.3
civil-segment-0257,line-2,elevated,13001.5,13029.8,28.3
civil-segment-0258,line-2,elevated,13029.8,13049.8,20.0
civil-segment-0259,line-2,at-grade,13049.8,13106.4,56.6
civil-segment-0260,line-2,elevated,13106.4,13214.6,108.2
civil-segment-0261,line-2,at-grade,13214.6,13311.2,96.6
civil-segment-0262,line-2,elevated,13311.2,13339.5,28.3
civil-segment-0263,line-2,at-grade,13339.5,13359.5,20.0
civil-segment-0264,line-2,elevated,13359.5,13407.8,48.3
civil-segment-0265,line-2,at-grade,13407.8,13447.8,40.0
civil-segment-0266,line-2,elevated,13447.8,13467.8,20.0
civil-segment-0267,line-2,at-grade,13467.8,13496.1,28.3
civil-segment-0268,line-2,elevated,13496.1,13516.1,20.0
civil-segment-0269,line-2,at-grade,13516.1,13644.3,128.2
civil-segment-0270,line-2,elevated,13644.3,13672.6,28.3
civil-segment-0271,line-2,elevated,13672.6,13692.6,20.0
civil-segment-0272,line-2,at-grade,13692.6,14170.6,478.0
civil-segment-0273,line-2,elevated,14170.6,14190.6,20.0
civil-segment-0274,line-2,at-grade,14190.6,14360.3,169.7
civil-segment-0275,line-2,elevated,14360.3,14445.2,84.9
civil-segment-0276,line-2,at-grade,14445.2,14858.3,413.1
civil-segment-0277,line-2,elevated,14858.3,14934.9,76.6
civil-segment-0278,line-2,at-grade,14934.9,14954.9,20.0
civil-segment-0279,line-2,elevated,14954.9,15011.5,56.6
civil-segment-0280,line-2,at-grade,15011.5,15144.6,133.1
civil-segment-0281,line-2,elevated,15144.6,15286.0,141.4
civil-segment-0282,line-2,at-grade,15286.0,15487.4,201.4
civil-segment-0283,line-2,elevated,15487.4,15544.0,56.6
civil-segment-0284,line-2,at-grade,15544.0,15592.3,48.3
civil-segment-0285,line-2,elevated,15592.3,15648.9,56.6
civil-segment-0286,line-2,at-grade,15648.9,15773.7,124.8
civil-segment-0287,line-2,elevated,15773.7,15822.0,48.3
civil-segment-0288,line-2,at-grade,15822.0,15946.8,124.8
civil-segment-0289,line-2,elevated,15946.8,15975.1,28.3
civil-segment-0290,line-2,at-grade,15975.1,16023.4,48.3
civil-segment-0291,line-2,elevated,16023.4,16051.7,28.3
civil-segment-0292,line-2,at-grade,16051.7,16120.0,68.3
civil-segment-0293,line-2,elevated,16120.0,16168.3,48.3
civil-segment-0294,line-2,at-grade,16168.3,16341.4,173.1
civil-segment-0295,line-2,elevated,16341.4,16369.7,28.3
civil-segment-0296,line-2,at-grade,16369.7,16699.4,329.7
civil-segment-0297,line-2,elevated,16699.4,16727.7,28.3
civil-segment-0298,line-2,at-grade,16727.7,16747.7,20.0
civil-segment-0299,line-2,elevated,16747.7,16796.0,48.3
civil-segment-0300,line-2,at-grade,16796.0,16844.2,48.2
civil-segment-0301,line-2,elevated,16844.2,16864.2,20.0
civil-segment-0302,line-2,at-grade,16864.2,17157.4,293.2
civil-segment-0303,line-2,elevated,17157.4,17177.4,20.0
civil-segment-0304,line-2,at-grade,17177.4,17225.7,48.3
civil-segment-0305,line-2,elevated,17225.7,17253.952,28.252
civil-segment-0306,line-2,elevated,17253.952,19175.0,1921.048
civil-segment-0307,line-2,bridge,19175.0,19251.6,76.6
civil-segment-0308,line-2,elevated,19251.6,27101.9,7850.3
civil-segment-0309,line-2,bridge,27101.9,27121.9,20.0
civil-segment-0310,line-2,elevated,27121.9,27141.9,20.0
civil-segment-0311,line-2,bridge,27141.9,27403.4,261.5
civil-segment-0312,line-2,elevated,27403.4,27423.4,20.0
civil-segment-0313,line-2,bridge,27423.4,27443.4,20.0
civil-segment-0314,line-2,elevated,27443.4,27519.9,76.5
civil-segment-0315,line-2,bridge,27519.9,27793.1,273.2
civil-segment-0316,line-2,elevated,27793.1,27841.3,48.2
civil-segment-0317,line-2,bridge,27841.3,28014.5,173.2
civil-segment-0318,line-2,elevated,28014.5,28119.3,104.8
civil-segment-0319,line-2,bridge,28119.3,28329.0,209.7
civil-segment-0320,line-2,elevated,28329.0,28510.5,181.5
civil-segment-0321,line-2,bridge,28510.5,28567.0,56.5
civil-segment-0322,line-2,elevated,28567.0,28587.0,20.0
civil-segment-0323,line-2,bridge,28587.0,28615.3,28.3
civil-segment-0324,line-2,elevated,28615.3,28643.6,28.3
civil-segment-0325,line-2,bridge,28643.6,28671.9,28.3
civil-segment-0326,line-2,elevated,28671.9,28691.9,20.0
civil-segment-0327,line-2,bridge,28691.9,28720.2,28.3
civil-segment-0328,line-2,elevated,28720.2,28853.3,133.1
civil-segment-0329,line-2,bridge,28853.3,28881.6,28.3
civil-segment-0330,line-2,elevated,28881.6,28929.9,48.3
civil-segment-0331,line-2,bridge,28929.9,28998.2,68.3
civil-segment-0332,line-2,elevated,28998.2,29086.4,88.2
civil-segment-0333,line-2,bridge,29086.4,29134.7,48.3
civil-segment-0334,line-2,elevated,29134.7,29183.0,48.3
civil-segment-0335,line-2,bridge,29183.0,29532.7,349.7
civil-segment-0336,line-2,elevated,29532.7,29552.7,20.0
civil-segment-0337,line-2,bridge,29552.7,29581.0,28.3
civil-segment-0338,line-2,elevated,29581.0,29649.3,68.3
civil-segment-0339,line-2,bridge,29649.3,29745.9,96.6
civil-segment-0340,line-2,elevated,29745.9,29765.9,20.0
civil-segment-0341,line-2,bridge,29765.9,29902.4,136.5
civil-segment-0342,line-2,elevated,29902.4,29930.7,28.3
civil-segment-0343,line-2,bridge,29930.7,29959.0,28.3
civil-segment-0344,line-2,elevated,29959.0,30075.6,116.6
civil-segment-0345,line-2,bridge,30075.6,30095.6,20.0
civil-segment-0346,line-2,elevated,30095.6,30115.6,20.0
civil-segment-0347,line-2,bridge,30115.6,30212.1,96.5
civil-segment-0348,line-2,elevated,30212.1,30232.1,20.0
civil-segment-0349,line-2,bridge,30232.1,30280.4,48.3
civil-segment-0350,line-2,elevated,30280.4,30328.7,48.3
civil-segment-0351,line-2,bridge,30328.7,30397.0,68.3
civil-segment-0352,line-2,elevated,30397.0,30425.3,28.3
civil-segment-0353,line-2,bridge,30425.3,30485.3,60.0
civil-segment-0354,line-2,elevated,30485.3,30541.8,56.5
civil-segment-0355,line-2,bridge,30541.8,30570.1,28.3
civil-segment-0356,line-2,elevated,30570.1,30675.0,104.9
civil-segment-0357,line-2,bridge,30675.0,30695.0,20.0
civil-segment-0358,line-2,elevated,30695.0,30751.5,56.5
civil-segment-0359,line-2,bridge,30751.5,31094.4,342.9
civil-segment-0360,line-2,elevated,31094.4,32700.9,1606.5
civil-segment-0361,line-2,bridge,32700.9,33010.6,309.7
civil-segment-0362,line-2,elevated,33010.6,33167.2,156.6
civil-segment-0363,line-2,bridge,33167.2,33195.5,28.3
civil-segment-0364,line-2,elevated,33195.5,33215.5,20.0
civil-segment-0365,line-2,bridge,33215.5,33243.7,28.2
civil-segment-0366,line-2,elevated,33243.7,33263.7,20.0
civil-segment-0367,line-2,bridge,33263.7,33312.0,48.3
civil-segment-0368,line-2,elevated,33312.0,33332.0,20.0
civil-segment-0369,line-2,bridge,33332.0,33380.3,48.3
civil-segment-0370,line-2,elevated,33380.3,33428.6,48.3
civil-segment-0371,line-2,bridge,33428.6,33448.6,20.0
civil-segment-0372,line-2,elevated,33448.6,33593.4,144.8
civil-segment-0373,line-2,bridge,33593.4,33661.7,68.3
civil-segment-0374,line-2,elevated,33661.7,33778.3,116.6
civil-segment-0375,line-2,bridge,33778.3,33894.9,116.6
civil-segment-0376,line-2,elevated,33894.9,34079.7,184.8
civil-segment-0377,line-2,bridge,34079.7,34196.3,116.6
civil-segment-0378,line-2,elevated,34196.3,34264.6,68.3
civil-segment-0379,line-2,bridge,34264.6,34292.9,28.3
civil-segment-0380,line-2,elevated,34292.9,34361.1,68.2
civil-segment-0381,line-2,bridge,34361.1,34944.0,582.9
civil-segment-0382,line-2,elevated,34944.0,35108.8,164.8
civil-segment-0383,line-2,bridge,35108.8,35177.1,68.3
civil-segment-0384,line-2,elevated,35177.1,35282.0,104.9
civil-segment-0385,line-2,bridge,35282.0,35596.5,314.5
civil-segment-0386,line-2,elevated,35596.5,35778.0,181.5
civil-segment-0387,line-2,bridge,35778.0,35806.2,28.2
civil-segment-0388,line-2,elevated,35806.2,35834.5,28.3
civil-segment-0389,line-2,bridge,35834.5,35882.8,48.3
civil-segment-0390,line-2,elevated,35882.8,36120.8,238.0
civil-segment-0391,line-2,bridge,36120.8,36149.1,28.3
civil-segment-0392,line-2,elevated,36149.1,36177.4,28.3
civil-segment-0393,line-2,bridge,36177.4,36225.7,48.3
civil-segment-0394,line-2,elevated,36225.7,36282.2,56.5
civil-segment-0395,line-2,bridge,36282.2,36358.8,76.6
civil-segment-0396,line-2,elevated,36358.8,36415.4,56.6
civil-segment-0397,line-2,bridge,36415.4,36491.9,76.5
civil-segment-0398,line-2,elevated,36491.9,36520.2,28.3
civil-segment-0399,line-2,bridge,36520.2,36540.2,20.0
civil-segment-0400,line-2,elevated,36540.2,36645.1,104.9
civil-segment-0401,line-2,bridge,36645.1,36665.1,20.0
civil-segment-0402,line-2,elevated,36665.1,36829.9,164.8
civil-segment-0403,line-2,bridge,36829.9,36946.5,116.6
civil-segment-0404,line-2,elevated,36946.5,36994.8,48.3
civil-segment-0405,line-2,bridge,36994.8,37179.6,184.8
civil-segment-0406,line-2,elevated,37179.6,37529.3,349.7
civil-segment-0407,line-2,bridge,37529.3,37557.6,28.3
civil-segment-0408,line-2,elevated,37557.6,37597.6,40.0
civil-segment-0409,line-2,bridge,37597.6,37617.6,20.0
civil-segment-0410,line-2,elevated,37617.6,38160.5,542.9
civil-segment-0411,line-2,bridge,38160.5,38628.1,467.6
civil-segment-0412,line-2,elevated,38628.1,49816.374,11188.274
civil-segment-0413,line-2,elevated,49816.374,49884.658,68.284
civil-segment-0414,line-2,elevated,49884.658,49904.7,20.042
civil-segment-0415,line-2,elevated,49904.7,49932.9,28.2
civil-segment-0416,line-2,at-grade,49932.9,49952.9,20.0
civil-segment-0417,line-2,elevated,49952.9,50001.2,48.3
civil-segment-0418,line-2,at-grade,50001.2,50274.4,273.2
civil-segment-0419,line-2,elevated,50274.4,50294.4,20.0
civil-segment-0420,line-2,at-grade,50294.4,52850.6,2556.2
civil-segment-0421,line-3,at-grade,0.0,6748.7,6748.7
civil-segment-0422,line-3,elevated,6748.7,6777.0,28.3
civil-segment-0423,line-3,at-grade,6777.0,7995.2,1218.2
civil-segment-0424,line-3,elevated,7995.2,8043.5,48.3
civil-segment-0425,line-3,at-grade,8043.5,8100.0,56.5
civil-segment-0426,line-3,elevated,8100.0,8128.3,28.3
civil-segment-0427,line-3,at-grade,8128.3,8689.2,560.9
civil-segment-0428,line-3,elevated,8689.2,8717.4,28.2
civil-segment-0429,line-3,at-grade,8717.4,9278.3,560.9
civil-segment-0430,line-3,elevated,9278.3,9306.6,28.3
civil-segment-0431,line-3,at-grade,9306.6,9471.4,164.8
civil-segment-0432,line-3,bridge,9471.4,9491.4,20.0
civil-segment-0433,line-3,at-grade,9491.4,12534.2,3042.8
civil-segment-0434,line-3,bridge,12534.2,12714.2,180.0
civil-segment-0435,line-3,at-grade,12714.2,13079.0,364.8
civil-segment-0436,line-3,bridge,13079.0,13459.0,380.0
civil-segment-0437,line-3,at-grade,13459.0,13967.3,508.3
civil-segment-0438,line-3,bridge,13967.3,13987.3,20.0
civil-segment-0439,line-3,at-grade,13987.3,14407.3,420.0
civil-segment-0440,line-3,bridge,14407.3,14487.3,80.0
civil-segment-0441,line-3,at-grade,14487.3,14715.6,228.3
civil-segment-0442,line-3,bridge,14715.6,14755.6,40.0
civil-segment-0443,line-3,at-grade,14755.6,16972.1,2216.5
civil-segment-0444,line-3,elevated,16972.1,18011.6,1039.5
civil-segment-0445,line-3,bridge,18011.6,18216.4,204.8
civil-segment-0446,line-3,elevated,18216.4,36732.7,18516.3
civil-segment-0447,line-3,bridge,36732.7,36929.2,196.5
civil-segment-0448,line-3,elevated,36929.2,41733.2,4804.0
civil-segment-0449,line-3,at-grade,41733.2,42796.0,1062.8
civil-segment-0450,line-3,elevated,42796.0,42816.0,20.0
civil-segment-0451,line-3,at-grade,42816.0,42964.3,148.3
civil-segment-0452,line-3,elevated,42964.3,43024.3,60.0
civil-segment-0453,line-3,at-grade,43024.3,43144.3,120.0
civil-segment-0454,line-3,elevated,43144.3,43164.3,20.0
civil-segment-0455,line-3,at-grade,43164.3,44248.6,1084.3
civil-segment-0456,line-3,elevated,44248.6,44268.6,20.0
civil-segment-0457,line-3,at-grade,44268.6,44373.4,104.8
civil-segment-0458,line-3,elevated,44373.4,44393.4,20.0
civil-segment-0459,line-3,at-grade,44393.4,44859.7,466.3
civil-segment-0460,line-3,elevated,44859.7,44879.7,20.0
civil-segment-0461,line-3,elevated,44879.7,44899.7,20.0
civil-segment-0462,line-3,at-grade,44899.7,45412.8,513.1
civil-segment-0463,line-3,elevated,45412.8,45441.1,28.3
civil-segment-0464,line-3,at-grade,45441.1,45966.0,524.9
civil-segment-0465,line-3,elevated,45966.0,47027.4,1061.4
civil-segment-0466,line-3,at-grade,47027.4,48007.4,980.0
civil-segment-0467,line-3,elevated,48007.4,48067.4,60.0
civil-segment-0468,line-3,at-grade,48067.4,48127.4,60.0
civil-segment-0469,line-3,elevated,48127.4,48187.4,60.0
civil-segment-0470,line-3,at-grade,48187.4,48555.7,368.3
civil-segment-0471,line-3,elevated,48555.7,48595.7,40.0
civil-segment-0472,line-3,at-grade,48595.7,49496.5,900.8
civil-segment-0473,line-4,elevated,0.0,80.0,80.0
civil-segment-0474,line-4,at-grade,80.0,140.0,60.0
civil-segment-0475,line-4,elevated,140.0,180.0,40.0
civil-segment-0476,line-4,at-grade,180.0,220.0,40.0
civil-segment-0477,line-4,elevated,220.0,268.3,48.3
civil-segment-0478,line-4,elevated,268.3,296.6,28.3
civil-segment-0479,line-4,at-grade,296.6,421.4,124.8
civil-segment-0480,line-4,elevated,421.4,489.7,68.3
civil-segment-0481,line-4,at-grade,489.7,546.3,56.6
civil-segment-0482,line-4,elevated,546.3,622.8,76.5
civil-segment-0483,line-4,at-grade,622.8,642.8,20.0
civil-segment-0484,line-4,elevated,642.8,731.1,88.3
civil-segment-0485,line-4,at-grade,731.1,1097.4,366.3
civil-segment-0486,line-4,elevated,1097.4,1117.4,20.0
civil-segment-0487,line-4,at-grade,1117.4,1492.0,374.6
civil-segment-0488,line-4,elevated,1492.0,2735.6,1243.6
civil-segment-0489,line-4,at-grade,2735.6,2880.5,144.9
civil-segment-0490,line-4,elevated,2880.5,2908.8,28.3
civil-segment-0491,line-4,at-grade,2908.8,3524.8,616.0
civil-segment-0492,line-4,elevated,3524.8,3544.8,20.0
civil-segment-0493,line-4,at-grade,3544.8,3621.3,76.5
civil-segment-0494,line-4,elevated,3621.3,3641.3,20.0
civil-segment-0495,line-4,at-grade,3641.3,4184.2,542.9
civil-segment-0496,line-4,elevated,4184.2,4212.4,28.2
civil-segment-0497,line-4,at-grade,4212.4,4547.0,334.6
civil-segment-0498,line-4,elevated,4547.0,4567.0,20.0
civil-segment-0499,line-4,at-grade,4567.0,4587.0,20.0
civil-segment-0500,line-4,elevated,4587.0,4627.0,40.0
civil-segment-0501,line-4,elevated,4627.0,4887.0,260.0
civil-segment-0502,line-4,elevated,4887.0,4947.0,60.0
civil-segment-0503,line-4,elevated,4947.0,4975.3,28.3
civil-segment-0504,line-4,elevated,4975.3,5051.9,76.6
civil-segment-0505,line-4,elevated,5051.9,5446.4,394.5
civil-segment-0506,line-4,elevated,5446.4,5591.3,144.9
civil-segment-0507,line-4,elevated,5591.3,5764.4,173.1
civil-segment-0508,line-4,at-grade,5764.4,7308.9,1544.5
civil-segment-0509,line-4,elevated,7308.9,7337.2,28.3
civil-segment-0510,line-4,at-grade,7337.2,7393.8,56.6
civil-segment-0511,line-4,elevated,7393.8,7413.8,20.0
civil-segment-0512,line-4,at-grade,7413.8,7918.0,504.2
civil-segment-0513,line-4,elevated,7918.0,7946.3,28.3
civil-segment-0514,line-4,at-grade,7946.3,8002.9,56.6
civil-segment-0515,line-4,elevated,8002.9,8031.2,28.3
civil-segment-0516,line-4,at-grade,8031.2,8385.7,354.5
civil-segment-0517,line-4,elevated,8385.7,8414.0,28.3
civil-segment-0518,line-4,at-grade,8414.0,8502.3,88.3
civil-segment-0519,line-4,elevated,8502.3,8522.3,20.0
civil-segment-0520,line-4,elevated,8522.3,8550.6,28.3
civil-segment-0521,line-4,at-grade,8550.6,8827.1,276.5
civil-segment-0522,line-4,elevated,8827.1,8855.4,28.3
civil-segment-0523,line-4,at-grade,8855.4,9452.8,597.4
civil-segment-0524,line-4,elevated,9452.8,9532.834,80.034
civil-segment-0525,line-4,elevated,9532.834,9972.834,440.0
civil-segment-0526,line-4,elevated,9972.834,10041.1,68.266
civil-segment-0527,line-4,at-grade,10041.1,10157.7,116.6
civil-segment-0528,line-4,elevated,10157.7,10186.0,28.3
civil-segment-0529,line-4,at-grade,10186.0,10748.8,562.8
civil-segment-0530,line-4,elevated,10748.8,10797.1,48.3
civil-segment-0531,line-4,at-grade,10797.1,10865.4,68.3
civil-segment-0532,line-4,elevated,10865.4,10885.4,20.0
civil-segment-0533,line-4,at-grade,10885.4,11058.5,173.1
civil-segment-0534,line-4,elevated,11058.5,11098.5,40.0
civil-segment-0535,line-4,at-grade,11098.5,11243.4,144.9
civil-segment-0536,line-4,elevated,11243.4,11271.7,28.3
civil-segment-0537,line-4,at-grade,11271.7,11541.4,269.7
civil-segment-0538,line-4,elevated,11541.4,11714.5,173.1
civil-segment-0539,line-4,at-grade,11714.5,12032.5,318.0
civil-segment-0540,line-4,elevated,12032.5,12060.8,28.3
civil-segment-0541,line-4,at-grade,12060.8,12273.9,213.1
civil-segment-0542,line-4,elevated,12273.9,12302.2,28.3
civil-segment-0543,line-4,at-grade,12302.2,13363.9,1061.7
civil-segment-0544,line-4,elevated,13363.9,13383.9,20.0
civil-segment-0545,line-4,elevated,13383.9,13412.1,28.2
civil-segment-0546,line-4,at-grade,13412.1,13460.4,48.3
civil-segment-0547,line-4,elevated,13460.4,13508.7,48.3
civil-segment-0548,line-4,elevated,13508.7,13528.7,20.0
civil-segment-0549,line-4,elevated,13528.7,13625.3,96.6
civil-segment-0550,line-4,elevated,13625.3,13645.3,20.0
civil-segment-0551,line-4,elevated,13645.3,13778.4,133.1
civil-segment-0552,line-4,bridge,13778.4,14068.1,289.7
civil-segment-0553,line-4,elevated,14068.1,14164.7,96.6
civil-segment-0554,line-4,bridge,14164.7,14233.0,68.3
civil-segment-0555,line-4,elevated,14233.0,14261.3,28.3
civil-segment-0556,line-4,bridge,14261.3,14289.5,28.2
civil-segment-0557,line-4,elevated,14289.5,14317.8,28.3
civil-segment-0558,line-4,bridge,14317.8,14386.1,68.3
civil-segment-0559,line-4,elevated,14386.1,14406.1,20.0
civil-segment-0560,line-4,bridge,14406.1,14627.5,221.4
civil-segment-0561,line-4,elevated,14627.5,14732.4,104.9
civil-segment-0562,line-4,bridge,14732.4,14780.7,48.3
civil-segment-0563,line-4,elevated,14780.7,14962.1,181.4
civil-segment-0564,line-4,bridge,14962.1,15186.9,224.8
civil-segment-0565,line-4,elevated,15186.9,15215.2,28.3
civil-segment-0566,line-4,bridge,15215.2,15331.8,116.6
civil-segment-0567,line-4,elevated,15331.8,15388.4,56.6
civil-segment-0568,line-4,bridge,15388.4,15416.7,28.3
civil-segment-0569,line-4,elevated,15416.7,16640.3,1223.6
civil-segment-0570,line-4,elevated,16640.3,16660.3,20.0
civil-segment-0571,line-4,elevated,16660.3,19284.2,2623.9
civil-segment-0572,line-4,elevated,19284.2,19304.2,20.0
civil-segment-0573,line-4,elevated,19304.2,19996.8,692.6
civil-segment-0574,line-4,elevated,19996.8,20016.8,20.0
civil-segment-0575,line-4,elevated,20016.8,21868.2,1851.4
civil-segment-0576,line-4,elevated,21868.2,21888.2,20.0
civil-segment-0577,line-4,elevated,21888.2,22629.0,740.8
civil-segment-0578,line-4,elevated,22629.0,22649.0,20.0
civil-segment-0579,line-4,elevated,22649.0,24512.1,1863.1
civil-segment-0580,line-4,elevated,24512.1,24532.1,20.0
civil-segment-0581,line-4,elevated,24532.1,25212.9,680.8
civil-segment-0582,line-4,elevated,25212.9,25232.9,20.0
civil-segment-0583,line-4,elevated,25232.9,25985.5,752.6
civil-segment-0584,line-4,elevated,25985.5,26005.5,20.0
civil-segment-0585,line-4,elevated,26005.5,27084.3,1078.8
civil-segment-0586,line-4,elevated,27084.3,27104.3,20.0
civil-segment-0587,line-4,elevated,27104.3,27788.6,684.3
civil-segment-0588,line-4,bridge,27788.6,27961.7,173.1
civil-segment-0589,line-4,elevated,27961.7,28231.4,269.7
civil-segment-0590,line-4,bridge,28231.4,28452.8,221.4
civil-segment-0591,line-4,elevated,28452.8,28557.7,104.9
civil-segment-0592,line-4,elevated,28557.7,28577.7,20.0
civil-segment-0593,line-4,elevated,28577.7,30440.8,1863.1
civil-segment-0594,line-4,elevated,30440.8,30460.8,20.0
civil-segment-0595,line-4,elevated,30460.8,31201.6,740.8
civil-segment-0596,line-4,elevated,31201.6,31221.6,20.0
civil-segment-0597,line-4,elevated,31221.6,33073.0,1851.4
civil-segment-0598,line-4,elevated,33073.0,33093.0,20.0
civil-segment-0599,line-4,elevated,33093.0,33785.5,692.5
civil-segment-0600,line-4,elevated,33785.5,33805.5,20.0
civil-segment-0601,line-4,elevated,33805.5,36429.4,2623.9
civil-segment-0602,line-4,elevated,36429.4,36449.4,20.0
civil-segment-0603,line-4,elevated,36449.4,39444.5,2995.1
civil-segment-0604,line-4,elevated,39444.5,39464.5,20.0
civil-segment-0605,line-4,elevated,39464.5,39665.9,201.4
civil-segment-0606,line-4,at-grade,39665.9,39722.5,56.6
civil-segment-0607,line-4,elevated,39722.5,39750.7,28.2
civil-segment-0608,line-4,at-grade,39750.7,40416.4,665.7
civil-segment-0609,line-4,elevated,40416.4,40436.4,20.0
civil-segment-0610,line-4,at-grade,40436.4,40771.0,334.6
civil-segment-0611,line-4,bridge,40771.0,40884.1,113.1
civil-segment-0612,line-4,elevated,40884.1,40904.1,20.0
civil-segment-0613,line-4,at-grade,40904.1,41129.0,224.9
civil-segment-0614,line-4,elevated,41129.0,41149.0,20.0
civil-segment-0615,line-4,at-grade,41149.0,41483.5,334.5
civil-segment-0616,line-4,elevated,41483.5,41503.5,20.0
civil-segment-0617,line-4,at-grade,41503.5,41931.8,428.3
civil-segment-0618,line-5,elevated,0.0,20.0,20.0
civil-segment-0619,line-5,at-grade,20.0,48.3,28.3
civil-segment-0620,line-5,elevated,48.3,68.3,20.0
civil-segment-0621,line-5,elevated,68.3,156.6,88.3
civil-segment-0622,line-5,bridge,156.6,236.6,80.0
civil-segment-0623,line-5,at-grade,236.6,926.3,689.7
civil-segment-0624,line-5,elevated,926.3,986.3,60.0
civil-segment-0625,line-5,at-grade,986.3,2479.7,1493.4
civil-segment-0626,line-5,elevated,2479.7,2539.7,60.0
civil-segment-0627,line-5,at-grade,2539.7,2857.6,317.9
civil-segment-0628,line-5,elevated,2857.6,12580.6,9723.0
civil-segment-0629,line-5,bridge,12580.6,12600.6,20.0
civil-segment-0630,line-5,elevated,12600.6,12737.2,136.6
civil-segment-0631,line-5,bridge,12737.2,12825.5,88.3
civil-segment-0632,line-5,elevated,12825.5,12962.1,136.6
civil-segment-0633,line-5,bridge,12962.1,13002.1,40.0
civil-segment-0634,line-5,elevated,13002.1,13022.1,20.0
civil-segment-0635,line-5,bridge,13022.1,13198.6,176.5
civil-segment-0636,line-5,elevated,13198.6,13395.2,196.6
civil-segment-0637,line-5,bridge,13395.2,13415.2,20.0
civil-segment-0638,line-5,elevated,13415.2,13455.2,40.0
civil-segment-0639,line-5,bridge,13455.2,13483.5,28.3
civil-segment-0640,line-5,elevated,13483.5,13503.5,20.0
civil-segment-0641,line-5,bridge,13503.5,13571.8,68.3
civil-segment-0642,line-5,elevated,13571.8,13631.8,60.0
civil-segment-0643,line-5,bridge,13631.8,13660.0,28.2
civil-segment-0644,line-5,elevated,13660.0,13748.3,88.3
civil-segment-0645,line-5,bridge,13748.3,13964.9,216.6
civil-segment-0646,line-5,elevated,13964.9,14013.2,48.3
civil-segment-0647,line-5,bridge,14013.2,14181.5,168.3
civil-segment-0648,line-5,elevated,14181.5,14289.7,108.2
civil-segment-0649,line-5,bridge,14289.7,14329.7,40.0
civil-segment-0650,line-5,elevated,14329.7,14378.0,48.3
civil-segment-0651,line-5,bridge,14378.0,14554.6,176.6
civil-segment-0652,line-5,elevated,14554.6,14642.9,88.3
civil-segment-0653,line-5,bridge,14642.9,14819.5,176.6
civil-segment-0654,line-5,elevated,14819.5,14859.5,40.0
civil-segment-0655,line-5,bridge,14859.5,14947.7,88.2
civil-segment-0656,line-5,elevated,14947.7,14976.0,28.3
civil-segment-0657,line-5,bridge,14976.0,15104.3,128.3
civil-segment-0658,line-5,elevated,15104.3,15192.6,88.3
civil-segment-0659,line-5,bridge,15192.6,15240.9,48.3
civil-segment-0660,line-5,elevated,15240.9,15389.2,148.3
civil-segment-0661,line-5,bridge,15389.2,15485.7,96.5
civil-segment-0662,line-5,elevated,15485.7,15545.7,60.0
civil-segment-0663,line-5,bridge,15545.7,15790.6,244.9
civil-segment-0664,line-5,elevated,15790.6,15838.9,48.3
civil-segment-0665,line-5,bridge,15838.9,16260.3,421.4
civil-segment-0666,line-5,elevated,16260.3,28663.5,12403.2
civil-segment-0667,line-5,elevated,28663.5,28683.5,20.0
civil-segment-0668,line-5,elevated,28683.5,28723.5,40.0
civil-segment-0669,line-5,at-grade,28723.5,29003.5,280.0
civil-segment-0670,line-5,elevated,29003.5,29023.5,20.0
civil-segment-0671,line-5,at-grade,29023.5,29323.5,300.0
civil-segment-0672,line-5,elevated,29323.5,29383.5,60.0
civil-segment-0673,line-5,at-grade,29383.5,29628.4,244.9
civil-segment-0674,line-5,elevated,29628.4,29676.7,48.3
civil-segment-0675,line-5,elevated,29676.7,29704.9,28.2
civil-segment-0676,line-5,bridge,29704.9,29809.8,104.9
civil-segment-0677,line-5,at-grade,29809.8,36294.8,6485.0
civil-segment-0678,line-5,elevated,36294.8,36343.1,48.3
civil-segment-0679,line-5,at-grade,36343.1,36539.6,196.5
civil-segment-0680,line-5,elevated,36539.6,36559.6,20.0
civil-segment-0681,line-5,at-grade,36559.6,39069.0,2509.4
civil-segment-0682,line-5,elevated,39069.0,39097.3,28.3
civil-segment-0683,line-5,at-grade,39097.3,39949.8,852.5
civil-segment-0684,line-5,elevated,39949.8,39969.8,20.0
civil-segment-0685,line-5,at-grade,39969.8,42630.9,2661.1
civil-segment-0686,line-5,elevated,42630.9,42679.2,48.3
civil-segment-0687,line-5,at-grade,42679.2,44926.5,2247.3
civil-segment-0688,line-5,elevated,44926.5,44954.8,28.3
civil-segment-0689,line-5,at-grade,44954.8,45003.1,48.3
civil-segment-0690,line-5,elevated,45003.1,45023.1,20.0
civil-segment-0691,line-5,at-grade,45023.1,46222.5,1199.4
civil-segment-0692,line-5,elevated,46222.5,46262.5,40.0
civil-segment-0693,line-5,at-grade,46262.5,47344.8,1082.3
civil-segment-0694,line-6,elevated,0.0,48.3,48.3
civil-segment-0695,line-6,elevated,48.3,76.6,28.3
civil-segment-0696,line-6,elevated,76.6,124.9,48.3
civil-segment-0697,line-6,elevated,124.9,173.1,48.2
civil-segment-0698,line-6,at-grade,173.1,664.3,491.2
civil-segment-0699,line-6,elevated,664.3,749.1,84.8
civil-segment-0700,line-6,at-grade,749.1,1552.8,803.7
civil-segment-0701,line-6,elevated,1552.8,1581.1,28.3
civil-segment-0702,line-6,at-grade,1581.1,1657.6,76.5
civil-segment-0703,line-6,elevated,1657.6,1685.9,28.3
civil-segment-0704,line-6,at-grade,1685.9,2982.2,1296.3
civil-segment-0705,line-6,elevated,2982.2,3010.4,28.2
civil-segment-0706,line-6,at-grade,3010.4,3038.7,28.3
civil-segment-0707,line-6,elevated,3038.7,3067.0,28.3
civil-segment-0708,line-6,at-grade,3067.0,3171.9,104.9
civil-segment-0709,line-6,bridge,3171.9,3256.7,84.8
civil-segment-0710,line-6,at-grade,3256.7,4117.0,860.3
civil-segment-0711,line-6,elevated,4117.0,4145.2,28.2
civil-segment-0712,line-6,at-grade,4145.2,4278.4,133.2
civil-segment-0713,line-6,elevated,4278.4,4306.7,28.3
civil-segment-0714,line-6,at-grade,4306.7,4617.8,311.1
civil-segment-0715,line-6,elevated,4617.8,4646.1,28.3
civil-segment-0716,line-6,at-grade,4646.1,4807.5,161.4
civil-segment-0717,line-6,elevated,4807.5,4835.8,28.3
civil-segment-0718,line-6,at-grade,4835.8,4864.1,28.3
civil-segment-0719,line-6,elevated,4864.1,4892.3,28.2
civil-segment-0720,line-6,at-grade,4892.3,11462.3,6570.0
civil-segment-0721,line-6,elevated,11462.3,11490.6,28.3
civil-segment-0722,line-6,at-grade,11490.6,13745.1,2254.5
civil-segment-0723,line-6,elevated,13745.1,13773.4,28.3
civil-segment-0724,line-6,at-grade,13773.4,15723.6,1950.2
civil-segment-0725,line-6,elevated,15723.6,15751.8,28.2
civil-segment-0726,line-6,at-grade,15751.8,15820.1,68.3
civil-segment-0727,line-6,elevated,15820.1,15840.1,20.0
civil-segment-0728,line-6,at-grade,15840.1,15888.4,48.3
civil-segment-0729,line-6,elevated,15888.4,15908.4,20.0
civil-segment-0730,line-6,at-grade,15908.4,16779.5,871.1
civil-segment-0731,line-6,elevated,16779.5,16856.1,76.6
civil-segment-0732,line-6,at-grade,16856.1,16989.2,133.1
civil-segment-0733,line-6,elevated,16989.2,17057.5,68.3
civil-segment-0734,line-6,at-grade,17057.5,18353.5,1296.0
civil-segment-0735,line-6,elevated,18353.5,18393.5,40.0
civil-segment-0736,line-6,elevated,18393.5,18581.8,188.3
civil-segment-0737,line-6,elevated,18581.8,18670.1,88.3
civil-segment-0738,line-6,elevated,18670.1,19234.3,564.2
civil-segment-0739,line-6,elevated,19234.3,19302.6,68.3
civil-segment-0740,line-6,elevated,19302.6,19362.6,60.0
civil-segment-0741,line-6,elevated,19362.6,19555.8,193.2
civil-segment-0742,line-6,at-grade,19555.8,20490.3,934.5
civil-segment-0743,line-6,elevated,20490.3,20518.6,28.3
civil-segment-0744,line-6,elevated,20518.6,20546.9,28.3
civil-segment-0745,line-6,at-grade,20546.9,20980.0,433.1
civil-segment-0746,line-6,elevated,20980.0,21048.309,68.309
civil-segment-0747,line-6,elevated,21048.309,27525.3,6476.991
civil-segment-0748,line-6,bridge,27525.3,27553.5,28.2
civil-segment-0749,line-6,elevated,27553.5,27630.1,76.6
civil-segment-0750,line-6,bridge,27630.1,28545.5,915.4
civil-segment-0751,line-6,elevated,28545.5,28573.8,28.3
civil-segment-0752,line-6,bridge,28573.8,28650.4,76.6
civil-segment-0753,line-6,elevated,28650.4,28726.9,76.5
civil-segment-0754,line-6,bridge,28726.9,28783.5,56.6
civil-segment-0755,line-6,elevated,28783.5,28936.6,153.1
civil-segment-0756,line-6,bridge,28936.6,28964.9,28.3
civil-segment-0757,line-6,elevated,28964.9,28993.2,28.3
civil-segment-0758,line-6,bridge,28993.2,29013.2,20.0
civil-segment-0759,line-6,elevated,29013.2,29041.5,28.3
civil-segment-0760,line-6,bridge,29041.5,29069.8,28.3
civil-segment-0761,line-6,elevated,29069.8,29098.1,28.3
civil-segment-0762,line-6,bridge,29098.1,29174.6,76.5
civil-segment-0763,line-6,elevated,29174.6,29202.9,28.3
civil-segment-0764,line-6,bridge,29202.9,29251.2,48.3
civil-segment-0765,line-6,elevated,29251.2,29279.5,28.3
civil-segment-0766,line-6,bridge,29279.5,29384.3,104.8
civil-segment-0767,line-6,elevated,29384.3,29517.5,133.2
civil-segment-0768,line-6,bridge,29517.5,29537.5,20.0
civil-segment-0769,line-6,elevated,29537.5,29642.3,104.8
civil-segment-0770,line-6,bridge,29642.3,29747.2,104.9
civil-segment-0771,line-6,elevated,29747.2,29832.0,84.8
civil-segment-0772,line-6,bridge,29832.0,30271.4,439.4
civil-segment-0773,line-6,elevated,30271.4,30328.0,56.6
civil-segment-0774,line-6,bridge,30328.0,30404.6,76.6
civil-segment-0775,line-6,elevated,30404.6,30509.4,104.8
civil-segment-0776,line-6,bridge,30509.4,30566.0,56.6
civil-segment-0777,line-6,elevated,30566.0,30670.8,104.8
civil-segment-0778,line-6,bridge,30670.8,30719.1,48.3
civil-segment-0779,line-6,elevated,30719.1,30824.0,104.9
civil-segment-0780,line-6,bridge,30824.0,30880.6,56.6
civil-segment-0781,line-6,elevated,30880.6,30900.6,20.0
civil-segment-0782,line-6,bridge,30900.6,30928.8,28.2
civil-segment-0783,line-6,elevated,30928.8,30957.1,28.3
civil-segment-0784,line-6,bridge,30957.1,30985.4,28.3
civil-segment-0785,line-6,elevated,30985.4,31300.0,314.6
civil-segment-0786,line-6,bridge,31300.0,31767.7,467.7
civil-segment-0787,line-6,elevated,31767.7,45184.7,13417.0
civil-segment-0788,line-6,bridge,45184.7,45212.9,28.2
civil-segment-0789,line-6,elevated,45212.9,46048.922,836.022
civil-segment-0790,line-6,elevated,46048.922,46117.206,68.284
civil-segment-0791,line-6,elevated,46117.206,46137.2,19.994
civil-segment-0792,line-6,at-grade,46137.2,46277.2,140.0
civil-segment-0793,line-6,elevated,46277.2,46297.2,20.0
civil-segment-0794,line-6,at-grade,46297.2,47585.5,1288.3
civil-segment-0795,line-6,elevated,47585.5,47605.5,20.0
civil-segment-0796,line-6,at-grade,47605.5,52503.4,4897.9
civil-segment-0797,line-7,elevated,0.0,20.0,20.0
civil-segment-0798,line-7,at-grade,20.0,3153.1,3133.1
civil-segment-0799,line-7,elevated,3153.1,3173.1,20.0
civil-segment-0800,line-7,at-grade,3173.1,3493.1,320.0
civil-segment-0801,line-7,elevated,3493.1,3513.1,20.0
civil-segment-0802,line-7,at-grade,3513.1,5093.1,1580.0
civil-segment-0803,line-7,elevated,5093.1,5113.1,20.0
civil-segment-0804,line-7,at-grade,5113.1,9310.8,4197.7
civil-segment-0805,line-7,elevated,9310.8,9339.1,28.3
civil-segment-0806,line-7,at-grade,9339.1,11202.2,1863.1
civil-segment-0807,line-7,elevated,11202.2,11222.2,20.0
civil-segment-0808,line-7,at-grade,11222.2,12467.8,1245.6
civil-segment-0809,line-7,elevated,12467.8,12487.8,20.0
civil-segment-0810,line-7,at-grade,12487.8,12516.1,28.3
civil-segment-0811,line-7,elevated,12516.1,12564.4,48.3
civil-segment-0812,line-7,at-grade,12564.4,12644.4,80.0
civil-segment-0813,line-7,elevated,12644.4,12672.7,28.3
civil-segment-0814,line-7,at-grade,12672.7,13002.4,329.7
civil-segment-0815,line-7,elevated,13002.4,13022.4,20.0
civil-segment-0816,line-7,at-grade,13022.4,13227.2,204.8
civil-segment-0817,line-7,elevated,13227.2,13315.5,88.3
civil-segment-0818,line-7,at-grade,13315.5,13432.1,116.6
civil-segment-0819,line-7,elevated,13432.1,13452.1,20.0
civil-segment-0820,line-7,at-grade,13452.1,13548.7,96.6
civil-segment-0821,line-7,elevated,13548.7,13605.2,56.5
civil-segment-0822,line-7,at-grade,13605.2,13850.1,244.9
civil-segment-0823,line-7,bridge,13850.1,13918.4,68.3
civil-segment-0824,line-7,elevated,13918.4,13938.4,20.0
civil-segment-0825,line-7,at-grade,13938.4,14026.7,88.3
civil-segment-0826,line-7,elevated,14026.7,14086.7,60.0
civil-segment-0827,line-7,elevated,14086.7,14203.2,116.5
civil-segment-0828,line-7,elevated,14203.2,14930.3,727.1
civil-segment-0829,line-7,elevated,14930.3,14950.3,20.0
civil-segment-0830,line-7,elevated,14950.3,14978.62,28.32
civil-segment-0831,line-7,elevated,14978.62,14998.6,19.98
civil-segment-0832,line-7,elevated,14998.6,15243.5,244.9
civil-segment-0833,line-7,bridge,15243.5,15331.8,88.3
civil-segment-0834,line-7,elevated,15331.8,22873.9,7542.1
civil-segment-0835,line-7,bridge,22873.9,23195.3,321.4
civil-segment-0836,line-7,elevated,23195.3,23323.6,128.3
civil-segment-0837,line-7,bridge,23323.6,23793.3,469.7
civil-segment-0838,line-7,elevated,23793.3,23841.6,48.3
civil-segment-0839,line-7,bridge,23841.6,24283.0,441.4
civil-segment-0840,line-7,elevated,24283.0,24567.9,284.9
civil-segment-0841,line-7,bridge,24567.9,24784.4,216.5
civil-segment-0842,line-7,elevated,24784.4,24872.7,88.3
civil-segment-0843,line-7,bridge,24872.7,25021.0,148.3
civil-segment-0844,line-7,elevated,25021.0,25089.3,68.3
civil-segment-0845,line-7,bridge,25089.3,25157.6,68.3
civil-segment-0846,line-7,elevated,25157.6,25197.6,40.0
civil-segment-0847,line-7,bridge,25197.6,25265.9,68.3
civil-segment-0848,line-7,elevated,25265.9,25285.9,20.0
civil-segment-0849,line-7,bridge,25285.9,25354.2,68.3
civil-segment-0850,line-7,elevated,25354.2,25402.4,48.2
civil-segment-0851,line-7,bridge,25402.4,25599.0,196.6
civil-segment-0852,line-7,elevated,25599.0,39908.8,14309.8
civil-segment-0853,line-7,elevated,39908.8,39957.0,48.2
civil-segment-0854,line-8,bridge,0.0,1198.0,1198.0
civil-segment-0855,line-8,elevated,1198.0,1298.0,100.0
civil-segment-0856,line-8,bridge,1298.0,2505.1,1207.1
civil-segment-0857,line-8,at-grade,2505.1,2661.7,156.6
civil-segment-0858,line-8,elevated,2661.7,2718.2,56.5
civil-segment-0859,line-8,elevated,2718.2,2746.5,28.3
civil-segment-0860,line-8,at-grade,2746.5,2843.1,96.6
civil-segment-0861,line-8,elevated,2843.1,2871.4,28.3
civil-segment-0862,line-8,at-grade,2871.4,3370.8,499.4
civil-segment-0863,line-8,elevated,3370.8,3390.8,20.0
civil-segment-0864,line-8,at-grade,3390.8,3943.3,552.5
civil-segment-0865,line-8,elevated,3943.3,3971.6,28.3
civil-segment-0866,line-8,at-grade,3971.6,4402.7,431.1
civil-segment-0867,line-8,elevated,4402.7,4431.0,28.3
civil-segment-0868,line-8,at-grade,4431.0,4471.0,40.0
civil-segment-0869,line-8,elevated,4471.0,4499.3,28.3
civil-segment-0870,line-8,at-grade,4499.3,4519.3,20.0
civil-segment-0871,line-8,elevated,4519.3,4615.9,96.6
civil-segment-0872,line-8,at-grade,4615.9,6159.0,1543.1
civil-segment-0873,line-8,elevated,6159.0,6199.0,40.0
civil-segment-0874,line-8,at-grade,6199.0,6259.0,60.0
civil-segment-0875,line-8,elevated,6259.0,6279.0,20.0
civil-segment-0876,line-8,at-grade,6279.0,6339.0,60.0
civil-segment-0877,line-8,elevated,6339.0,6379.0,40.0
civil-segment-0878,line-8,at-grade,6379.0,7483.8,1104.8
civil-segment-0879,line-8,elevated,7483.8,7523.8,40.0
civil-segment-0880,line-8,at-grade,7523.8,7723.8,200.0
civil-segment-0881,line-8,elevated,7723.8,7803.8,80.0
civil-segment-0882,line-8,at-grade,7803.8,8223.8,420.0
civil-segment-0883,line-8,elevated,8223.8,8283.8,60.0
civil-segment-0884,line-8,at-grade,8283.8,10971.5,2687.7
civil-segment-0885,line-8,elevated,10971.5,11019.8,48.3
civil-segment-0886,line-8,at-grade,11019.8,11684.1,664.3
civil-segment-0887,line-8,elevated,11684.1,11704.1,20.0
civil-segment-0888,line-8,elevated,11704.1,11732.3,28.2
civil-segment-0889,line-8,at-grade,11732.3,11760.6,28.3
civil-segment-0890,line-8,elevated,11760.6,11780.6,20.0
civil-segment-0891,line-8,at-grade,11780.6,12002.1,221.5
civil-segment-0892,line-8,elevated,12002.1,12050.3,48.2
civil-segment-0893,line-8,at-grade,12050.3,12146.9,96.6
civil-segment-0894,line-8,elevated,12146.9,12175.2,28.3
civil-segment-0895,line-8,at-grade,12175.2,12561.5,386.3
civil-segment-0896,line-8,elevated,12561.5,12581.5,20.0
civil-segment-0897,line-8,elevated,12581.5,12609.7,28.2
civil-segment-0898,line-8,at-grade,12609.7,12629.7,20.0
civil-segment-0899,line-8,elevated,12629.7,12678.0,48.3
civil-segment-0900,line-8,at-grade,12678.0,12706.3,28.3
civil-segment-0901,line-8,elevated,12706.3,12726.3,20.0
civil-segment-0902,line-8,at-grade,12726.3,12996.0,269.7
civil-segment-0903,line-8,elevated,12996.0,13044.3,48.3
civil-segment-0904,line-8,at-grade,13044.3,13112.6,68.3
civil-segment-0905,line-8,elevated,13112.6,13152.6,40.0
civil-segment-0906,line-8,at-grade,13152.6,13765.7,613.1
civil-segment-0907,line-8,elevated,13765.7,13794.0,28.3
civil-segment-0908,line-8,elevated,13794.0,13822.3,28.3
civil-segment-0909,line-8,at-grade,13822.3,13878.9,56.6
civil-segment-0910,line-8,elevated,13878.9,13907.1,28.2
civil-segment-0911,line-8,at-grade,13907.1,14012.0,104.9
civil-segment-0912,line-8,elevated,14012.0,14052.0,40.0
civil-segment-0913,line-8,at-grade,14052.0,14248.6,196.6
civil-segment-0914,line-8,elevated,14248.6,14305.1,56.5
civil-segment-0915,line-8,at-grade,14305.1,14325.1,20.0
civil-segment-0916,line-8,bridge,14325.1,15144.0,818.9
civil-segment-0917,line-8,elevated,15144.0,15240.5,96.5
civil-segment-0918,line-8,at-grade,15240.5,15317.1,76.6
civil-segment-0919,line-8,elevated,15317.1,15365.4,48.3
civil-segment-0920,line-8,at-grade,15365.4,15425.4,60.0
civil-segment-0921,line-8,elevated,15425.4,15453.7,28.3
civil-segment-0922,line-8,elevated,15453.7,15510.2,56.5
civil-segment-0923,line-8,at-grade,15510.2,15595.1,84.9
civil-segment-0924,line-8,elevated,15595.1,15623.4,28.3
civil-segment-0925,line-8,at-grade,15623.4,16102.8,479.4
civil-segment-0926,line-8,elevated,16102.8,16131.1,28.3
civil-segment-0927,line-8,at-grade,16131.1,16405.6,274.5
civil-segment-0928,line-8,elevated,16405.6,16433.9,28.3
civil-segment-0929,line-8,at-grade,16433.9,16462.2,28.3
civil-segment-0930,line-8,elevated,16462.2,16490.5,28.3
civil-segment-0931,line-8,at-grade,16490.5,16575.3,84.8
civil-segment-0932,line-8,elevated,16575.3,16603.6,28.3
civil-segment-0933,line-8,at-grade,16603.6,17189.3,585.7
civil-segment-0934,line-8,elevated,17189.3,17249.3,60.0
civil-segment-0935,line-8,elevated,17249.3,18109.3,860.0
civil-segment-0936,line-8,elevated,18109.3,18225.9,116.6
civil-segment-0937,line-8,bridge,18225.9,18254.2,28.3
civil-segment-0938,line-8,at-grade,18254.2,18310.7,56.5
civil-segment-0939,line-8,bridge,18310.7,18763.3,452.6
civil-segment-0940,line-8,at-grade,18763.3,18819.8,56.5
civil-segment-0941,line-8,bridge,18819.8,18848.1,28.3
civil-segment-0942,line-8,at-grade,18848.1,18904.7,56.6
civil-segment-0943,line-8,bridge,18904.7,19017.8,113.1
civil-segment-0944,line-8,at-grade,19017.8,19385.5,367.7
civil-segment-0945,line-8,bridge,19385.5,19498.7,113.2
civil-segment-0946,line-8,at-grade,19498.7,19640.1,141.4
civil-segment-0947,line-8,bridge,19640.1,19838.1,198.0
civil-segment-0948,line-8,at-grade,19838.1,19866.4,28.3
civil-segment-0949,line-8,bridge,19866.4,19894.6,28.2
civil-segment-0950,line-8,at-grade,19894.6,19922.9,28.3
civil-segment-0951,line-8,bridge,19922.9,20036.1,113.2
civil-segment-0952,line-8,at-grade,20036.1,20084.3,48.2
civil-segment-0953,line-8,bridge,20084.3,20204.3,120.0
civil-segment-0954,line-8,at-grade,20204.3,20244.3,40.0
civil-segment-0955,line-8,bridge,20244.3,20527.2,282.9
civil-segment-0956,line-8,at-grade,20527.2,20555.5,28.3
civil-segment-0957,line-8,elevated,20555.5,20583.8,28.3
civil-segment-0958,line-8,at-grade,20583.8,20640.3,56.5
civil-segment-0959,line-8,bridge,20640.3,20838.3,198.0
civil-segment-0960,line-8,at-grade,20838.3,20923.2,84.9
civil-segment-0961,line-8,bridge,20923.2,21177.7,254.5
civil-segment-0962,line-8,at-grade,21177.7,22429.1,1251.4
civil-segment-0963,line-8,elevated,22429.1,22457.4,28.3
civil-segment-0964,line-8,at-grade,22457.4,23874.2,1416.8
civil-segment-0965,line-8,elevated,23874.2,30971.4,7097.2
civil-segment-0966,line-8,bridge,30971.4,31763.9,792.5
civil-segment-0967,line-8,elevated,31763.9,45297.509,13533.609
civil-segment-0968,line-8,elevated,45297.509,45354.1,56.591
civil-segment-0969,line-8,at-grade,45354.1,45438.9,84.8
civil-segment-0970,line-8,elevated,45438.9,45458.931,20.031
civil-segment-0971,line-8,elevated,45458.931,45487.2,28.269
civil-segment-0972,line-8,at-grade,45487.2,45563.8,76.6
civil-segment-0973,line-8,elevated,45563.8,45592.1,28.3
civil-segment-0974,line-8,at-grade,45592.1,45753.5,161.4
civil-segment-0975,line-8,elevated,45753.5,45773.5,20.0
civil-segment-0976,line-8,at-grade,45773.5,45861.8,88.3
civil-segment-0977,line-8,elevated,45861.8,45890.1,28.3
civil-segment-0978,line-8,at-grade,45890.1,46094.9,204.8
civil-segment-0979,line-8,elevated,46094.9,46114.9,20.0
civil-segment-0980,line-8,at-grade,46114.9,46191.5,76.6
civil-segment-0981,line-8,elevated,46191.5,46211.5,20.0
civil-segment-0982,line-8,at-grade,46211.5,46239.8,28.3
civil-segment-0983,line-8,elevated,46239.8,46259.8,20.0
civil-segment-0984,line-8,at-grade,46259.8,46288.0,28.2
civil-segment-0985,line-8,elevated,46288.0,46396.3,108.3
civil-segment-0986,line-8,at-grade,46396.3,46416.3,20.0
civil-segment-0987,line-8,elevated,46416.3,46436.3,20.0
civil-segment-0988,line-8,elevated,46436.3,46484.6,48.3
civil-segment-0989,line-8,at-grade,46484.6,46609.5,124.9
civil-segment-0990,line-8,elevated,46609.5,46637.8,28.3
civil-segment-0991,line-8,at-grade,46637.8,46657.8,20.0
civil-segment-0992,line-8,elevated,46657.8,46746.0,88.2
civil-segment-0993,line-8,elevated,46746.0,47102.6,356.6
civil-segment-0994,line-8,elevated,47102.6,47130.9,28.3
civil-segment-0995,line-8,elevated,47130.9,47219.2,88.3
civil-segment-0996,line-8,elevated,47219.2,47239.2,20.0
civil-segment-0997,line-8,elevated,47239.2,47379.2,140.0
civil-segment-0998,line-8,elevated,47379.2,47407.5,28.3
civil-segment-0999,line-8,elevated,47407.5,47495.7,88.2
civil-segment-1000,line-8,elevated,47495.7,47652.3,156.6
civil-segment-1001,line-8,elevated,47652.3,47793.7,141.4
civil-segment-1002,line-8,at-grade,47793.7,47991.7,198.0
civil-segment-1003,line-8,elevated,47991.7,48020.0,28.3
civil-segment-1004,line-8,at-grade,48020.0,48136.6,116.6
civil-segment-1005,line-9,elevated,0.0,20.0,20.0
civil-segment-1006,line-9,elevated,20.0,48.3,28.3
civil-segment-1007,line-9,elevated,48.3,1200.8,1152.5
civil-segment-1008,line-9,elevated,1200.8,1220.8,20.0
civil-segment-1009,line-9,elevated,1220.8,1349.1,128.3
civil-segment-1010,line-9,elevated,1349.1,1369.1,20.0
civil-segment-1011,line-9,elevated,1369.1,1409.1,40.0
civil-segment-1012,line-9,elevated,1409.1,1437.4,28.3
civil-segment-1013,line-9,elevated,1437.4,1514.0,76.6
civil-segment-1014,line-9,elevated,1514.0,1554.0,40.0
civil-segment-1015,line-9,elevated,1554.0,1832.0,278.0
civil-segment-1016,line-9,elevated,1832.0,1892.0,60.0
civil-segment-1017,line-9,elevated,1892.0,2112.0,220.0
civil-segment-1018,line-9,elevated,2112.0,2228.5,116.5
civil-segment-1019,line-9,elevated,2228.5,2256.8,28.3
civil-segment-1020,line-9,elevated,2256.8,2341.7,84.9
civil-segment-1021,line-9,elevated,2341.7,2398.2,56.5
civil-segment-1022,line-9,bridge,2398.2,2511.4,113.2
civil-segment-1023,line-9,elevated,2511.4,2591.4,80.0
civil-segment-1024,line-9,elevated,2591.4,2731.4,140.0
civil-segment-1025,line-9,bridge,2731.4,2791.4,60.0
civil-segment-1026,line-9,elevated,2791.4,2811.4,20.0
civil-segment-1027,line-9,bridge,2811.4,2971.4,160.0
civil-segment-1028,line-9,elevated,2971.4,3031.4,60.0
civil-segment-1029,line-9,bridge,3031.4,3751.4,720.0
civil-segment-1030,line-9,elevated,3751.4,3771.4,20.0
civil-segment-1031,line-9,bridge,3771.4,3871.4,100.0
civil-segment-1032,line-9,elevated,3871.4,4071.4,200.0
civil-segment-1033,line-9,elevated,4071.4,4099.7,28.3
civil-segment-1034,line-9,elevated,4099.7,4352.8,253.1
civil-segment-1035,line-9,bridge,4352.8,4682.5,329.7
civil-segment-1036,line-9,elevated,4682.5,4730.8,48.3
civil-segment-1037,line-9,bridge,4730.8,4843.9,113.1
civil-segment-1038,line-9,elevated,4843.9,4985.3,141.4
civil-segment-1039,line-9,elevated,4985.3,5053.6,68.3
civil-segment-1040,line-9,elevated,5053.6,5161.9,108.3
civil-segment-1041,line-9,elevated,5161.9,5326.8,164.9
civil-segment-1042,line-9,elevated,5326.8,5403.3,76.5
civil-segment-1043,line-9,bridge,5403.3,5451.6,48.3
civil-segment-1044,line-9,elevated,5451.6,5471.6,20.0
civil-segment-1045,line-9,bridge,5471.6,5608.2,136.6
civil-segment-1046,line-9,elevated,5608.2,5696.5,88.3
civil-segment-1047,line-9,bridge,5696.5,5764.8,68.3
civil-segment-1048,line-9,elevated,5764.8,5913.0,148.2
civil-segment-1049,line-9,bridge,5913.0,6109.6,196.6
civil-segment-1050,line-9,elevated,6109.6,6157.9,48.3
civil-segment-1051,line-9,bridge,6157.9,6354.5,196.6
civil-segment-1052,line-9,elevated,6354.5,6382.7,28.2
civil-segment-1053,line-9,elevated,6382.7,6402.7,20.0
civil-segment-1054,line-9,elevated,6402.7,6442.7,40.0
civil-segment-1055,line-9,bridge,6442.7,6511.0,68.3
civil-segment-1056,line-9,elevated,6511.0,6819.3,308.3
civil-segment-1057,line-9,elevated,6819.3,6847.6,28.3
civil-segment-1058,line-9,elevated,6847.6,9778.4,2930.8
civil-segment-1059,line-9,elevated,9778.4,9798.4,20.0
civil-segment-1060,line-9,elevated,9798.4,11954.4,2156.0
civil-segment-1061,line-9,elevated,11954.4,11982.6,28.2
civil-segment-1062,line-9,elevated,11982.6,12448.9,466.3
civil-segment-1063,line-9,elevated,12448.9,12468.9,20.0
civil-segment-1064,line-9,elevated,12468.9,12818.6,349.7
civil-segment-1065,line-9,elevated,12818.6,12838.6,20.0
civil-segment-1066,line-9,elevated,12838.6,12886.9,48.3
civil-segment-1067,line-9,elevated,12886.9,12906.9,20.0
civil-segment-1068,line-9,elevated,12906.9,12955.2,48.3
civil-segment-1069,line-9,elevated,12955.2,12995.2,40.0
civil-segment-1070,line-9,elevated,12995.2,13135.2,140.0
civil-segment-1071,line-9,elevated,13135.2,13203.5,68.3
civil-segment-1072,line-9,elevated,13203.5,13368.3,164.8
civil-segment-1073,line-9,elevated,13368.3,13388.3,20.0
civil-segment-1074,line-9,elevated,13388.3,14362.3,974.0
civil-segment-1075,line-9,elevated,14362.3,14382.3,20.0
civil-segment-1076,line-9,elevated,14382.3,14887.1,504.8
civil-segment-1077,line-9,elevated,14887.1,14915.4,28.3
civil-segment-1078,line-9,elevated,14915.4,20452.7,5537.3
civil-segment-1079,line-9,elevated,20452.7,20481.0,28.3
civil-segment-1080,line-9,elevated,20481.0,21490.1,1009.1
civil-segment-1081,line-9,elevated,21490.1,21510.1,20.0
civil-segment-1082,line-9,elevated,21510.1,22509.5,999.4
civil-segment-1083,line-9,bridge,22509.5,22774.4,264.9
civil-segment-1084,line-9,elevated,22774.4,23928.4,1154.0
civil-segment-1085,line-9,elevated,23928.4,23948.4,20.0
civil-segment-1086,line-9,elevated,23948.4,24136.7,188.3
civil-segment-1087,line-9,elevated,24136.7,24176.7,40.0
civil-segment-1088,line-9,elevated,24176.7,26225.8,2049.1
civil-segment-1089,line-9,at-grade,26225.8,26265.8,40.0
civil-segment-1090,line-9,elevated,26265.8,26785.8,520.0
civil-segment-1091,line-9,elevated,26785.8,26854.1,68.3
civil-segment-1092,line-9,elevated,26854.1,26930.6,76.5
civil-segment-1093,line-9,elevated,26930.6,27010.6,80.0
civil-segment-1094,line-9,elevated,27010.6,27310.6,300.0
civil-segment-1095,line-9,at-grade,27310.6,27538.9,228.3
civil-segment-1096,line-9,elevated,27538.9,27615.5,76.6
civil-segment-1097,line-9,elevated,27615.5,27675.5,60.0
civil-segment-1098,line-9,elevated,27675.5,27795.5,120.0
civil-segment-1099,line-9,elevated,27795.5,27912.0,116.5
civil-segment-1100,line-9,elevated,27912.0,27996.9,84.9
civil-segment-1101,line-9,elevated,27996.9,28105.2,108.3
civil-segment-1102,line-9,elevated,28105.2,28625.2,520.0
civil-segment-1103,line-9,at-grade,28625.2,29998.3,1373.1
civil-segment-1104,line-9,elevated,29998.3,30046.6,48.3
civil-segment-1105,line-9,elevated,30046.6,30074.9,28.3
civil-segment-1106,line-9,elevated,30074.9,30183.2,108.3
civil-segment-1107,line-9,elevated,30183.2,30239.7,56.5
civil-segment-1108,line-9,elevated,30239.7,30356.3,116.6
civil-segment-1109,line-9,elevated,30356.3,30469.4,113.1
civil-segment-1110,line-9,elevated,30469.4,30577.7,108.3
civil-segment-1111,line-9,elevated,30577.7,31126.0,548.3
civil-segment-1112,line-9,at-grade,31126.0,31550.9,424.9
civil-segment-1113,line-9,elevated,31550.9,31579.2,28.3
civil-segment-1114,line-9,at-grade,31579.2,31944.0,364.8
civil-segment-1115,line-9,elevated,31944.0,32204.0,260.0
civil-segment-1116,line-9,elevated,32204.0,32320.6,116.6
civil-segment-1117,line-9,elevated,32320.6,33162.8,842.2
civil-segment-1118,line-9,at-grade,33162.8,34520.2,1357.4
civil-segment-1119,line-9,elevated,34520.2,34548.5,28.3
civil-segment-1120,line-9,elevated,34548.5,34753.4,204.9
civil-segment-1121,line-9,elevated,34753.4,34781.6,28.2
civil-segment-1122,line-9,elevated,34781.6,34801.6,20.0
civil-segment-1123,line-9,elevated,34801.6,34829.9,28.3
civil-segment-1124,line-9,elevated,34829.9,34934.8,104.9
civil-segment-1125,line-9,elevated,34934.8,35071.4,136.6
civil-segment-1126,line-9,elevated,35071.4,35647.9,576.5
civil-segment-1127,line-9,at-grade,35647.9,36024.5,376.6
civil-segment-1128,line-9,elevated,36024.5,36052.8,28.3
civil-segment-1129,line-9,at-grade,36052.8,36474.2,421.4
civil-segment-1130,line-9,elevated,36474.2,36502.5,28.3
civil-segment-1131,line-9,elevated,36502.5,36530.8,28.3
civil-segment-1132,line-9,elevated,36530.8,36570.8,40.0
civil-segment-1133,line-9,at-grade,36570.8,36599.0,28.2
civil-segment-1134,line-9,elevated,36599.0,36639.0,40.0
civil-segment-1135,line-9,at-grade,36639.0,36659.0,20.0
civil-segment-1136,line-9,elevated,36659.0,36699.0,40.0
civil-segment-1137,line-9,elevated,36699.0,36747.3,48.3
civil-segment-1138,line-9,at-grade,36747.3,39548.4,2801.1
civil-segment-1139,line-9,elevated,39548.4,39608.4,60.0
civil-segment-1140,line-9,elevated,39608.4,40465.0,856.6
civil-segment-1141,line-9,elevated,40465.0,40553.3,88.3
civil-segment-1142,line-9,elevated,40553.3,40609.8,56.5
civil-segment-1143,line-9,elevated,40609.8,40689.8,80.0
civil-segment-1144,line-9,elevated,40689.8,41526.4,836.6
civil-segment-1145,line-9,at-grade,41526.4,41956.1,429.7
civil-segment-1146,line-9,elevated,41956.1,41984.4,28.3
civil-segment-1147,line-9,at-grade,41984.4,42871.5,887.1
civil-segment-1148,line-9,elevated,42871.5,42948.1,76.6
civil-segment-1149,line-9,at-grade,42948.1,43149.5,201.4
civil-segment-1150,line-9,elevated,43149.5,43177.8,28.3
civil-segment-1151,line-9,at-grade,43177.8,44166.3,988.5
civil-segment-1152,line-9,elevated,44166.3,44194.6,28.3
civil-segment-1153,line-9,at-grade,44194.6,44242.9,48.3
civil-segment-1154,line-9,elevated,44242.9,44271.2,28.3
civil-segment-1155,line-9,at-grade,44271.2,44347.7,76.5
civil-segment-1156,line-9,elevated,44347.7,44404.3,56.6
civil-segment-1157,line-9,at-grade,44404.3,46357.9,1953.6
civil-segment-1158,line-9,elevated,46357.9,46386.2,28.3
civil-segment-1159,line-9,at-grade,46386.2,46744.2,358.0
civil-segment-1160,line-9,elevated,46744.2,46772.5,28.3
civil-segment-1161,line-9,elevated,46772.5,46849.04,76.54
civil-segment-1162,line-9,elevated,46849.04,47187.0,337.96
civil-segment-1163,line-9,bridge,47187.0,47207.0,20.0
civil-segment-1164,line-9,elevated,47207.0,47227.0,20.0
civil-segment-1165,line-9,bridge,47227.0,48019.6,792.6
civil-segment-1166,line-9,elevated,48019.6,48039.6,20.0
civil-segment-1167,line-9,bridge,48039.6,48059.6,20.0
civil-segment-1168,line-9,elevated,48059.6,48176.1,116.5
civil-segment-1169,line-9,bridge,48176.1,48196.1,20.0
civil-segment-1170,line-9,elevated,48196.1,50513.8,2317.7
civil-segment-1171,line-9,elevated,50513.8,50533.8,20.0
civil-segment-1172,line-9,at-grade,50533.8,50793.8,260.0
civil-segment-1173,line-9,elevated,50793.8,50842.1,48.3
civil-segment-1174,line-9,at-grade,50842.1,51564.9,722.8
civil-segment-1175,line-9,elevated,51564.9,51584.9,20.0
civil-segment-1176,line-9,elevated,51584.9,51613.2,28.3
civil-segment-1177,line-9,elevated,51613.2,51718.1,104.9
civil-segment-1178,line-9,at-grade,51718.1,51766.3,48.2
civil-segment-1179,line-9,elevated,51766.3,51786.3,20.0
civil-segment-1180,line-9,at-grade,51786.3,51806.3,20.0
civil-segment-1181,line-9,elevated,51806.3,51902.9,96.6
civil-segment-1182,line-9,elevated,51902.9,51942.9,40.0
civil-segment-1183,line-9,at-grade,51942.9,51991.2,48.3
civil-segment-1184,line-9,elevated,51991.2,52019.5,28.3
civil-segment-1185,line-9,elevated,52019.5,52059.5,40.0
civil-segment-1186,line-9,elevated,52059.5,52229.2,169.7
civil-segment-1187,line-9,elevated,52229.2,52277.5,48.3
civil-segment-1188,line-9,at-grade,52277.5,52818.3,540.8
civil-segment-1189,line-9,elevated,52818.3,52866.6,48.3
civil-segment-1190,line-9,at-grade,52866.6,53196.3,329.7
civil-segment-1191,line-9,bridge,53196.3,53970.3,774.0
civil-segment-1192,line-9,elevated,53970.3,54026.8,56.5
civil-segment-1193,line-9,at-grade,54026.8,54126.8,100.0
civil-segment-1194,line-9,elevated,54126.8,54166.8,40.0
civil-segment-1195,line-9,at-grade,54166.8,54186.8,20.0
civil-segment-1196,line-9,elevated,54186.8,54286.8,100.0
civil-segment-1197,line-9,at-grade,54286.8,54466.8,180.0
civil-segment-1198,line-9,elevated,54466.8,54486.8,20.0
civil-segment-1199,line-9,at-grade,54486.8,59202.8,4716.0
civil-segment-1200,line-9,elevated,59202.8,59242.8,40.0
civil-segment-1201,line-9,elevated,59242.8,59359.4,116.6
civil-segment-1202,line-9,elevated,59359.4,60587.3,1227.9
civil-segment-1203,line-9,at-grade,60587.3,60755.6,168.3
civil-segment-1204,line-9,bridge,60755.6,60875.6,120.0
civil-segment-1205,line-9,at-grade,60875.6,60895.6,20.0
civil-segment-1206,line-9,bridge,60895.6,61015.6,120.0
civil-segment-1207,line-9,at-grade,61015.6,61585.3,569.7
civil-segment-1208,line-9,elevated,61585.3,61613.6,28.3
civil-segment-1209,line-9,at-grade,61613.6,62031.6,418.0
civil-segment-1210,line-9,elevated,62031.6,62059.9,28.3
civil-segment-1211,line-9,at-grade,62059.9,62691.0,631.1
civil-segment-1212,line-9,elevated,62691.0,62771.0,80.0
civil-segment-1213,line-9,at-grade,62771.0,62811.0,40.0
civil-segment-1214,line-9,elevated,62811.0,62851.0,40.0
civil-segment-1215,line-9,at-grade,62851.0,62979.3,128.3
civil-segment-1216,line-9,elevated,62979.3,63035.8,56.5
civil-segment-1217,line-9,at-grade,63035.8,65773.7,2737.9
civil-segment-1218,line-9,elevated,65773.7,65793.7,20.0
civil-segment-1219,line-9,at-grade,65793.7,65822.0,28.3
civil-segment-1220,line-9,elevated,65822.0,65862.0,40.0
civil-segment-1221,line-9,at-grade,65862.0,65950.3,88.3
civil-segment-1222,line-9,elevated,65950.3,66078.6,128.3
civil-segment-1223,line-9,elevated,66078.6,67334.8,1256.2
civil-segment-1224,line-9,at-grade,67334.8,67363.1,28.3
civil-segment-1225,line-9,elevated,67363.1,67451.4,88.3
civil-segment-1226,line-9,elevated,67451.4,67491.4,40.0
civil-segment-1227,line-9,elevated,67491.4,67587.9,96.5
civil-segment-1228,line-9,elevated,67587.9,67672.8,84.9
civil-segment-1229,line-9,elevated,67672.8,67781.1,108.3
civil-segment-1230,line-9,elevated,67781.1,67801.1,20.0
civil-segment-1231,line-9,elevated,67801.1,67994.2,193.1
civil-segment-1232,line-9,elevated,67994.2,68022.5,28.3
civil-segment-1233,line-9,elevated,68022.5,68159.1,136.6
civil-segment-1234,line-9,elevated,68159.1,68467.4,308.3
civil-segment-1235,line-9,elevated,68467.4,68507.4,40.0
civil-segment-1236,line-9,elevated,68507.4,68583.9,76.5
civil-segment-1237,line-9,elevated,68583.9,68672.2,88.3
civil-segment-1238,line-9,elevated,68672.2,68700.5,28.3
civil-segment-1239,line-9,elevated,68700.5,68740.5,40.0
civil-segment-1240,line-9,elevated,68740.5,68960.5,220.0
civil-segment-1241,line-9,elevated,68960.5,69008.8,48.3
civil-segment-1242,line-9,elevated,69008.8,69085.3,76.5
civil-segment-1243,line-9,elevated,69085.3,69125.3,40.0
civil-segment-1244,line-9,elevated,69125.3,69611.6,486.3
civil-segment-1245,line-9,elevated,69611.6,69696.5,84.9
civil-segment-1246,line-9,elevated,69696.5,69909.6,213.1
civil-segment-1247,line-9,elevated,69909.6,69937.9,28.3
civil-segment-1248,line-9,elevated,69937.9,70082.7,144.8
civil-segment-1249,line-9,elevated,70082.7,70131.0,48.3
civil-segment-1250,line-9,elevated,70131.0,70159.3,28.3
civil-segment-1251,line-9,elevated,70159.3,70207.6,48.3
civil-segment-1252,line-9,elevated,70207.6,70235.9,28.3
civil-segment-1253,line-9,elevated,70235.9,70315.9,80.0
civil-segment-1254,line-9,elevated,70315.9,70344.2,28.3
civil-segment-1255,line-9,elevated,70344.2,70364.2,20.0
civil-segment-1256,line-9,elevated,70364.2,70452.5,88.3
civil-segment-1257,line-9,elevated,70452.5,70480.7,28.2
civil-segment-1258,line-9,elevated,70480.7,70669.0,188.3
civil-segment-1259,line-9,elevated,70669.0,70729.0,60.0
civil-segment-1260,line-9,elevated,70729.0,70769.0,40.0
civil-segment-1261,line-9,elevated,70769.0,70817.3,48.3
civil-segment-1262,line-9,elevated,70817.3,71015.3,198.0
civil-segment-1263,line-9,elevated,71015.3,71083.6,68.3
civil-segment-1264,line-9,elevated,71083.6,71123.6,40.0
civil-segment-1265,line-9,elevated,71123.6,71200.2,76.6
civil-segment-1266,line-9,elevated,71200.2,71426.4,226.2
civil-segment-1267,line-9,elevated,71426.4,71494.7,68.3
civil-segment-1268,line-9,elevated,71494.7,71534.7,40.0
civil-segment-1269,line-9,elevated,71534.7,71614.7,80.0
civil-segment-1270,line-9,elevated,71614.7,71634.7,20.0
civil-segment-1271,line-9,elevated,71634.7,71654.7,20.0
civil-segment-1272,line-9,elevated,71654.7,71731.3,76.6
civil-segment-1273,line-9,elevated,71731.3,71836.1,104.8
civil-segment-1274,line-9,elevated,71836.1,71904.4,68.3
civil-segment-1275,line-9,elevated,71904.4,71964.4,60.0
civil-segment-1276,line-9,elevated,71964.4,72041.0,76.6
civil-segment-1277,line-9,elevated,72041.0,72440.4,399.4
civil-segment-1278,line-9,elevated,72440.4,72520.4,80.0
civil-segment-1279,line-9,elevated,72520.4,72748.7,228.3
civil-segment-1280,line-9,elevated,72748.7,72797.0,48.3
civil-segment-1281,line-9,elevated,72797.0,73085.2,288.2
civil-segment-1282,line-9,elevated,73085.2,73173.5,88.3
civil-segment-1283,line-9,elevated,73173.5,73686.1,512.6
civil-segment-1284,line-9,elevated,73686.1,73766.1,80.0
civil-segment-1285,line-9,elevated,73766.1,73882.6,116.5
civil-segment-1286,line-9,elevated,73882.6,73910.9,28.3
civil-segment-1287,line-9,elevated,73910.9,74039.2,128.3
civil-segment-1288,line-9,elevated,74039.2,74067.5,28.3
civil-segment-1289,line-9,elevated,74067.5,74337.2,269.7
civil-segment-1290,line-9,elevated,74337.2,74482.1,144.9
civil-segment-1291,line-9,elevated,74482.1,74522.1,40.0
civil-segment-1292,line-9,elevated,74522.1,74578.6,56.5
civil-segment-1293,line-9,elevated,74578.6,74873.2,294.6
civil-segment-1294,line-9,elevated,74873.2,74961.5,88.3
civil-segment-1295,line-9,elevated,74961.5,75129.8,168.3
civil-segment-1296,line-9,elevated,75129.8,75158.0,28.2
civil-segment-1297,line-9,elevated,75158.0,75246.3,88.3
civil-segment-1298,line-9,elevated,75246.3,75266.3,20.0
civil-segment-1299,line-9,elevated,75266.3,75486.3,220.0
civil-segment-1300,line-9,elevated,75486.3,75534.6,48.3
civil-segment-1301,line-9,elevated,75534.6,75602.9,68.3
civil-segment-1302,line-9,elevated,75602.9,75642.9,40.0
civil-segment-1303,line-9,elevated,75642.9,75702.9,60.0
civil-segment-1304,line-9,elevated,75702.9,75811.2,108.3
civil-segment-1305,line-9,elevated,75811.2,75839.5,28.3
civil-segment-1306,line-9,elevated,75839.5,75907.7,68.2
civil-segment-1307,line-9,elevated,75907.7,75927.7,20.0
civil-segment-1308,line-9,elevated,75927.7,75996.0,68.3
civil-segment-1309,line-9,elevated,75996.0,76024.3,28.3
civil-segment-1310,line-9,elevated,76024.3,76132.6,108.3
civil-segment-1311,line-9,elevated,76132.6,76200.9,68.3
civil-segment-1312,line-9,elevated,76200.9,76240.9,40.0
civil-segment-1313,line-9,elevated,76240.9,76489.2,248.3
civil-segment-1314,line-9,elevated,76489.2,76537.5,48.3
civil-segment-1315,line-9,elevated,76537.5,76605.7,68.2
civil-segment-1316,line-9,elevated,76605.7,76645.7,40.0
civil-segment-1317,line-9,elevated,76645.7,76745.7,100.0
civil-segment-1318,line-9,elevated,76745.7,76774.0,28.3
civil-segment-1319,line-9,elevated,76774.0,76898.9,124.9
civil-segment-1320,line-9,elevated,76898.9,76918.9,20.0
civil-segment-1321,line-9,elevated,76918.9,77107.2,188.3
civil-segment-1322,line-9,elevated,77107.2,77135.4,28.2
civil-segment-1323,line-9,elevated,77135.4,77400.3,264.9
civil-segment-1324,line-9,elevated,77400.3,77420.3,20.0
civil-segment-1325,line-9,elevated,77420.3,77468.6,48.3
civil-segment-1326,line-9,elevated,77468.6,77488.6,20.0
civil-segment-1327,line-9,elevated,77488.6,77585.1,96.5
civil-segment-1328,line-9,elevated,77585.1,77613.4,28.3
civil-segment-1329,line-9,elevated,77613.4,77633.4,20.0
civil-segment-1330,line-9,elevated,77633.4,77730.0,96.6
civil-segment-1331,line-9,elevated,77730.0,77874.9,144.9
civil-segment-1332,line-9,elevated,77874.9,77914.9,40.0
civil-segment-1333,line-9,elevated,77914.9,77974.9,60.0
civil-segment-1334,line-9,elevated,77974.9,78023.1,48.2
civil-segment-1335,line-9,elevated,78023.1,78899.1,876.0
civil-segment-1336,line-9,elevated,78899.1,78939.1,40.0
civil-segment-1337,line-9,elevated,78939.1,78999.1,60.0
civil-segment-1338,line-9,elevated,78999.1,79095.7,96.6
civil-segment-1339,line-9,elevated,79095.7,79200.5,104.8
civil-segment-1340,line-9,elevated,79200.5,79257.1,56.6
civil-segment-1341,line-9,elevated,79257.1,79277.1,20.0
civil-segment-1342,line-9,elevated,79277.1,79325.4,48.3
civil-segment-1343,line-9,elevated,79325.4,79971.7,646.3
civil-segment-1344,line-9,elevated,79971.7,79991.7,20.0
civil-segment-1345,line-9,elevated,79991.7,80019.9,28.2
civil-segment-1346,line-9,elevated,80019.9,80039.9,20.0
civil-segment-1347,line-9,elevated,80039.9,80176.5,136.6
civil-segment-1348,line-9,elevated,80176.5,80196.5,20.0
civil-segment-1349,line-9,elevated,80196.5,80433.1,236.6
civil-segment-1350,line-9,elevated,80433.1,80481.4,48.3
civil-segment-1351,line-9,elevated,80481.4,80541.4,60.0
civil-segment-1352,line-9,elevated,80541.4,80581.4,40.0
civil-segment-1353,line-9,elevated,80581.4,80729.7,148.3
civil-segment-1354,line-9,elevated,80729.7,80777.9,48.2
civil-segment-1355,line-9,elevated,80777.9,80846.2,68.3
civil-segment-1356,line-9,elevated,80846.2,80886.2,40.0
civil-segment-1357,line-9,elevated,80886.2,81026.2,140.0
civil-segment-1358,line-9,elevated,81026.2,81066.2,40.0
civil-segment-1359,line-9,elevated,81066.2,81134.5,68.3
civil-segment-1360,line-9,elevated,81134.5,81154.5,20.0
civil-segment-1361,line-9,elevated,81154.5,81251.1,96.6
civil-segment-1362,line-9,elevated,81251.1,81279.4,28.3
civil-segment-1363,line-9,elevated,81279.4,81347.6,68.2
civil-segment-1364,line-9,elevated,81347.6,81395.9,48.3
civil-segment-1365,line-9,elevated,81395.9,82309.9,914.0
civil-segment-1366,line-9,elevated,82309.9,82358.2,48.3
civil-segment-1367,line-9,elevated,82358.2,82426.5,68.3
civil-segment-1368,line-9,elevated,82426.5,82511.3,84.8
civil-segment-1369,line-9,elevated,82511.3,82781.0,269.7
civil-segment-1370,line-9,elevated,82781.0,82849.3,68.3
civil-segment-1371,line-9,elevated,82849.3,82985.9,136.6
civil-segment-1372,line-9,elevated,82985.9,83014.2,28.3
civil-segment-1373,line-9,elevated,83014.2,83110.7,96.5
civil-segment-1374,line-9,elevated,83110.7,83167.3,56.6
civil-segment-1375,line-9,elevated,83167.3,83490.1,322.8
civil-segment-1376,line-9,elevated,83490.1,83578.4,88.3
civil-segment-1377,line-9,elevated,83578.4,83618.4,40.0
civil-segment-1378,line-9,elevated,83618.4,83743.3,124.9
civil-segment-1379,line-9,elevated,83743.3,83924.7,181.4
civil-segment-1380,line-9,elevated,83924.7,83944.7,20.0
civil-segment-1381,line-9,elevated,83944.7,84464.1,519.4
civil-segment-1382,line-9,elevated,84464.1,84512.4,48.3
civil-segment-1383,line-9,elevated,84512.4,84589.0,76.6
civil-segment-1384,line-9,elevated,84589.0,84657.2,68.2
civil-segment-1385,line-9,elevated,84657.2,84773.8,116.6
civil-segment-1386,line-9,elevated,84773.8,84813.8,40.0
civil-segment-1387,line-9,elevated,84813.8,84873.8,60.0
civil-segment-1388,line-9,elevated,84873.8,84922.1,48.3
civil-segment-1389,line-9,elevated,84922.1,85388.4,466.3
civil-segment-1390,line-9,elevated,85388.4,85428.4,40.0
civil-segment-1391,line-9,elevated,85428.4,85488.4,60.0
civil-segment-1392,line-9,elevated,85488.4,85536.7,48.3
civil-segment-1393,line-9,elevated,85536.7,86219.5,682.8
civil-segment-1394,line-9,elevated,86219.5,86239.5,20.0
civil-segment-1395,line-9,elevated,86239.5,86347.8,108.3
civil-segment-1396,line-9,elevated,86347.8,86367.8,20.0
civil-segment-1397,line-9,elevated,86367.8,86805.8,438.0
civil-segment-1398,line-9,elevated,86805.8,86854.1,48.3
civil-segment-1399,line-9,elevated,86854.1,86922.3,68.2
civil-segment-1400,line-9,elevated,86922.3,86970.6,48.3
civil-segment-1401,line-9,elevated,86970.6,87058.9,88.3
civil-segment-1402,line-9,elevated,87058.9,87192.1,133.2
civil-segment-1403,line-9,elevated,87192.1,87268.6,76.5
civil-segment-1404,line-9,elevated,87268.6,87328.6,60.0
civil-segment-1405,line-9,elevated,87328.6,87685.2,356.6
civil-segment-1406,line-9,elevated,87685.2,87713.5,28.3
civil-segment-1407,line-9,elevated,87713.5,87801.8,88.3
civil-segment-1408,line-9,elevated,87801.8,87821.8,20.0
civil-segment-1409,line-9,elevated,87821.8,87901.8,80.0
civil-segment-1410,line-9,elevated,87901.8,87990.0,88.2
civil-segment-1411,line-9,elevated,87990.0,88086.6,96.6
civil-segment-1412,line-9,elevated,88086.6,88126.6,40.0
civil-segment-1413,line-9,elevated,88126.6,88166.6,40.0
civil-segment-1414,line-9,elevated,88166.6,88186.6,20.0
civil-segment-1415,line-9,elevated,88186.6,88403.2,216.6
civil-segment-1416,line-9,elevated,88403.2,88539.7,136.5
civil-segment-1417,line-9,elevated,88539.7,88947.4,407.7
civil-segment-1418,line-9,elevated,88947.4,89055.7,108.3
civil-segment-1419,line-9,elevated,89055.7,89344.0,288.3
civil-segment-1420,line-9,elevated,89344.0,89452.3,108.3
civil-segment-1421,line-9,elevated,89452.3,89752.3,300.0
civil-segment-1422,line-9,elevated,89752.3,89800.6,48.3
civil-segment-1423,line-9,elevated,89800.6,89868.9,68.3
civil-segment-1424,line-9,elevated,89868.9,89957.1,88.2
civil-segment-1425,line-9,elevated,89957.1,89985.4,28.3
civil-segment-1426,line-9,elevated,89985.4,90065.4,80.0
civil-segment-1427,line-9,elevated,90065.4,90233.7,168.3
civil-segment-1428,line-9,elevated,90233.7,90293.7,60.0
civil-segment-1429,line-9,elevated,90293.7,90370.3,76.6
civil-segment-1430,line-9,elevated,90370.3,90486.9,116.6
civil-segment-1431,line-9,elevated,90486.9,90543.4,56.5
civil-segment-1432,line-9,elevated,90543.4,90623.4,80.0
civil-segment-1433,line-9,elevated,90623.4,90991.7,368.3
civil-segment-1434,line-9,elevated,90991.7,91020.0,28.3
civil-segment-1435,line-9,elevated,91020.0,91108.3,88.3
civil-segment-1436,line-9,elevated,91108.3,91128.3,20.0
civil-segment-1437,line-9,elevated,91128.3,91328.3,200.0
civil-segment-1438,line-9,elevated,91328.3,91396.6,68.3
civil-segment-1439,line-9,elevated,91396.6,91444.8,48.2
civil-segment-1440,line-9,elevated,91444.8,91533.1,88.3
civil-segment-1441,line-9,elevated,91533.1,91633.1,100.0
civil-segment-1442,line-9,elevated,91633.1,91729.7,96.6
civil-segment-1443,line-9,elevated,91729.7,91899.4,169.7
civil-segment-1444,line-9,elevated,91899.4,91967.7,68.3
civil-segment-1445,line-9,elevated,91967.7,92104.3,136.6
civil-segment-1446,line-9,elevated,92104.3,92144.3,40.0
civil-segment-1447,line-9,elevated,92144.3,93607.1,1462.8
civil-segment-1448,line-9,elevated,93607.1,93655.4,48.3
civil-segment-1449,line-9,elevated,93655.4,93703.7,48.3
civil-segment-1450,line-9,elevated,93703.7,93763.7,60.0
civil-segment-1451,line-9,elevated,93763.7,93791.9,28.2
civil-segment-1452,line-9,elevated,93791.9,93820.2,28.3
civil-segment-1453,line-9,elevated,93820.2,93900.2,80.0
civil-segment-1454,line-9,elevated,93900.2,93920.2,20.0
civil-segment-1455,line-9,elevated,93920.2,93960.2,40.0
civil-segment-1456,line-9,elevated,93960.2,93988.5,28.3
civil-segment-1457,line-9,elevated,93988.5,94008.5,20.0
civil-segment-1458,line-9,elevated,94008.5,94028.5,20.0
civil-segment-1459,line-9,elevated,94028.5,94136.8,108.3
civil-segment-1460,line-9,elevated,94136.8,94165.1,28.3
civil-segment-1461,line-9,elevated,94165.1,95286.5,1121.4
civil-segment-1462,line-9,elevated,95286.5,95314.8,28.3
civil-segment-1463,line-9,elevated,95314.8,95363.1,48.3
civil-segment-1464,line-9,elevated,95363.1,95439.6,76.5
civil-segment-1465,line-9,elevated,95439.6,95496.2,56.6
civil-segment-1466,line-9,elevated,95496.2,95552.8,56.6
civil-segment-1467,line-9,elevated,95552.8,95629.4,76.6
civil-segment-1468,line-9,elevated,95629.4,95685.9,56.5
civil-segment-1469,line-9,elevated,95685.9,95714.2,28.3
civil-segment-1470,line-9,elevated,95714.2,95794.2,80.0
civil-segment-1471,line-9,elevated,95794.2,96322.5,528.3
civil-segment-1472,line-9,elevated,96322.5,96342.5,20.0
civil-segment-1473,line-9,elevated,96342.5,96439.1,96.6
civil-segment-1474,line-9,elevated,96439.1,96467.3,28.2
civil-segment-1475,line-9,elevated,96467.3,96527.3,60.0
civil-segment-1476,line-9,elevated,96527.3,96643.9,116.6
civil-segment-1477,line-9,elevated,96643.9,96813.6,169.7
civil-segment-1478,line-9,elevated,96813.6,96901.9,88.3
civil-segment-1479,line-9,elevated,96901.9,96930.2,28.3
civil-segment-1480,line-9,elevated,96930.2,97043.3,113.1
civil-segment-1481,line-9,elevated,97043.3,97091.6,48.3
civil-segment-1482,line-9,elevated,97091.6,97119.9,28.3
civil-segment-1483,line-9,elevated,97119.9,97224.7,104.8
civil-segment-1484,line-9,elevated,97224.7,97253.0,28.3
civil-segment-1485,line-9,elevated,97253.0,97499.3,246.3
civil-segment-1486,line-9,elevated,97499.3,97539.3,40.0
civil-segment-1487,line-9,elevated,97539.3,97587.6,48.3
civil-segment-1488,line-9,elevated,97587.6,97635.9,48.3
civil-segment-1489,line-9,elevated,97635.9,97684.153,48.253
civil-segment-1490,line-9,elevated,97684.153,97684.2,0.047
civil-segment-1491,line-10,elevated,0.0,860.0,860.0
civil-segment-1492,line-10,elevated,860.0,976.6,116.6
civil-segment-1493,line-10,elevated,976.6,1457.4,480.8
civil-segment-1494,line-10,at-grade,1457.4,2307.1,849.7
civil-segment-1495,line-10,elevated,2307.1,2367.1,60.0
civil-segment-1496,line-10,at-grade,2367.1,3575.4,1208.3
civil-segment-1497,line-10,elevated,3575.4,3595.4,20.0
civil-segment-1498,line-10,at-grade,3595.4,3615.4,20.0
civil-segment-1499,line-10,elevated,3615.4,3635.4,20.0
civil-segment-1500,line-10,at-grade,3635.4,3715.4,80.0
civil-segment-1501,line-10,elevated,3715.4,3795.4,80.0
civil-segment-1502,line-10,at-grade,3795.4,4035.4,240.0
civil-segment-1503,line-10,elevated,4035.4,4075.4,40.0
civil-segment-1504,line-10,at-grade,4075.4,4135.4,60.0
civil-segment-1505,line-10,elevated,4135.4,4175.4,40.0
civil-segment-1506,line-10,at-grade,4175.4,4415.4,240.0
civil-segment-1507,line-10,elevated,4415.4,4455.4,40.0
civil-segment-1508,line-10,at-grade,4455.4,4715.4,260.0
civil-segment-1509,line-10,elevated,4715.4,4735.4,20.0
civil-segment-1510,line-10,at-grade,4735.4,4775.4,40.0
civil-segment-1511,line-10,elevated,4775.4,6295.4,1520.0
civil-segment-1512,line-10,elevated,6295.4,6440.2,144.8
civil-segment-1513,line-10,elevated,6440.2,6496.8,56.6
civil-segment-1514,line-11,elevated,0.0,20.0,20.0
civil-segment-1515,line-11,elevated,20.0,88.3,68.3
civil-segment-1516,line-11,elevated,88.3,144.9,56.6
civil-segment-1517,line-11,elevated,144.9,184.9,40.0
civil-segment-1518,line-11,elevated,184.9,244.9,60.0
civil-segment-1519,line-11,elevated,244.9,321.4,76.5
civil-segment-1520,line-11,elevated,321.4,1990.2,1668.8
civil-segment-1521,line-11,elevated,1990.2,2098.5,108.3
civil-segment-1522,line-11,elevated,2098.5,3458.5,1360.0
civil-segment-1523,line-11,elevated,3458.5,3478.5,20.0
civil-segment-1524,line-11,elevated,3478.5,3578.5,100.0
civil-segment-1525,line-11,elevated,3578.5,3598.5,20.0
civil-segment-1526,line-11,elevated,3598.5,4978.5,1380.0
civil-segment-1527,line-11,elevated,4978.5,4998.5,20.0
civil-segment-1528,line-11,elevated,4998.5,5098.5,100.0
civil-segment-1529,line-11,elevated,5098.5,5118.5,20.0
civil-segment-1530,line-11,elevated,5118.5,6598.5,1480.0
civil-segment-1531,line-12,elevated,0.0,339.4,339.4
civil-segment-1532,line-12,elevated,339.4,447.7,108.3
civil-segment-1533,line-12,elevated,447.7,1487.7,1040.0
civil-segment-1534,line-12,elevated,1487.7,1604.3,116.6
civil-segment-1535,line-12,elevated,1604.3,2933.6,1329.3
civil-segment-1536,line-12,elevated,2933.6,3041.9,108.3
civil-segment-1537,line-12,elevated,3041.9,3901.9,860.0
civil-segment-1538,line-12,elevated,3901.9,4018.5,116.6
civil-segment-1539,line-12,elevated,4018.5,5291.3,1272.8
civil-segment-1540,line-12,elevated,5291.3,5399.6,108.3
civil-segment-1541,line-12,elevated,5399.6,5687.8,288.2
civil-segment-1542,line-12,elevated,5687.8,5756.1,68.3
civil-segment-1543,line-12,elevated,5756.1,5784.4,28.3
civil-segment-1544,line-12,elevated,5784.4,5824.4,40.0
civil-segment-1545,line-12,elevated,5824.4,5884.4,60.0
civil-segment-1546,line-12,elevated,5884.4,6154.1,269.7
civil-segment-1547,line-12,elevated,6154.1,6994.1,840.0
civil-segment-1548,line-12,elevated,6994.1,7014.1,20.0
civil-segment-1549,line-12,elevated,7014.1,7130.7,116.6
civil-segment-1550,line-12,elevated,7130.7,7190.7,60.0
civil-segment-1551,line-12,elevated,7190.7,7230.7,40.0
civil-segment-1552,line-12,elevated,7230.7,7259.0,28.3
civil-segment-1553,line-12,elevated,7259.0,7287.2,28.2
civil-segment-1554,line-12,elevated,7287.2,7367.2,80.0
civil-segment-1555,line-12,elevated,7367.2,7727.2,360.0
civil-segment-1556,line-13,elevated,0.0,580.0,580.0
civil-segment-1557,line-13,elevated,580.0,696.6,116.6
civil-segment-1558,line-13,elevated,696.6,838.0,141.4
civil-segment-1559,line-13,elevated,838.0,1014.6,176.6
civil-segment-1560,line-13,elevated,1014.6,1042.8,28.2
civil-segment-1561,line-13,elevated,1042.8,1102.8,60.0
civil-segment-1562,line-13,elevated,1102.8,1331.1,228.3
civil-segment-1563,line-13,elevated,1331.1,1447.7,116.6
civil-segment-1564,line-13,elevated,1447.7,5289.5,3841.8
civil-segment-1565,line-13,elevated,5289.5,5397.8,108.3
civil-segment-1566,line-13,elevated,5397.8,6177.8,780.0
civil-segment-1567,line-13,elevated,6177.8,6294.4,116.6
civil-segment-1568,line-13,elevated,6294.4,7284.3,989.9
civil-segment-1569,line-14,elevated,0.0,20.0,20.0
civil-segment-1570,line-14,elevated,20.0,88.3,68.3
civil-segment-1571,line-14,elevated,88.3,144.9,56.6
civil-segment-1572,line-14,elevated,144.9,204.9,60.0
civil-segment-1573,line-14,elevated,204.9,244.9,40.0
civil-segment-1574,line-14,elevated,244.9,341.4,96.5
civil-segment-1575,line-14,elevated,341.4,1189.9,848.5
civil-segment-1576,line-14,elevated,1189.9,1366.5,176.6
civil-segment-1577,line-14,elevated,1366.5,1394.8,28.3
civil-segment-1578,line-14,elevated,1394.8,1454.8,60.0
civil-segment-1579,line-14,elevated,1454.8,1743.1,288.3
civil-segment-1580,line-14,elevated,1743.1,1859.7,116.6
civil-segment-1581,line-14,elevated,1859.7,3132.4,1272.7
civil-segment-1582,line-14,elevated,3132.4,3200.7,68.3
civil-segment-1583,line-14,elevated,3200.7,3260.7,60.0
civil-segment-1584,line-14,elevated,3260.7,3309.0,48.3
civil-segment-1585,line-14,elevated,3309.0,3337.3,28.3
civil-segment-1586,line-14,elevated,3337.3,3397.3,60.0
civil-segment-1587,line-14,elevated,3397.3,3685.6,288.3
civil-segment-1588,line-14,elevated,3685.6,3802.2,116.6
civil-segment-1589,line-14,elevated,3802.2,5018.4,1216.2
civil-segment-1590,line-14,elevated,5018.4,5126.7,108.3
civil-segment-1591,line-14,elevated,5126.7,6126.7,1000.0
civil-segment-1592,line-14,elevated,6126.7,6243.2,116.5
civil-segment-1593,line-14,elevated,6243.2,6808.9,565.7
civil-segment-1594,line-15,elevated,0.0,20.0,20.0
civil-segment-1595,line-15,elevated,20.0,48.3,28.3
civil-segment-1596,line-15,elevated,48.3,76.6,28.3
civil-segment-1597,line-15,elevated,76.6,1066.5,989.9
civil-segment-1598,line-15,at-grade,1066.5,1381.1,314.6
civil-segment-1599,line-15,elevated,1381.1,1409.4,28.3
civil-segment-1600,line-15,at-grade,1409.4,2173.0,763.6
civil-segment-1601,line-15,elevated,2173.0,2229.6,56.6
civil-segment-1602,line-15,at-grade,2229.6,2257.9,28.3
civil-segment-1603,line-15,elevated,2257.9,2314.5,56.6
civil-segment-1604,line-15,at-grade,2314.5,2625.6,311.1
civil-segment-1605,line-15,elevated,2625.6,2653.9,28.3
civil-segment-1606,line-15,at-grade,2653.9,2710.4,56.5
civil-segment-1607,line-15,elevated,2710.4,2965.0,254.6
civil-segment-1608,line-15,at-grade,2965.0,3021.6,56.6
civil-segment-1609,line-15,elevated,3021.6,3078.1,56.5
civil-segment-1610,line-15,at-grade,3078.1,3134.7,56.6
civil-segment-1611,line-15,elevated,3134.7,3276.1,141.4
civil-segment-1612,line-15,at-grade,3276.1,3304.4,28.3
civil-segment-1613,line-15,elevated,3304.4,3332.7,28.3
civil-segment-1614,line-15,at-grade,3332.7,3417.5,84.8
civil-segment-1615,line-15,elevated,3417.5,3474.1,56.6
civil-segment-1616,line-15,at-grade,3474.1,3502.4,28.3
civil-segment-1617,line-15,elevated,3502.4,3587.2,84.8
civil-segment-1618,line-15,at-grade,3587.2,3615.5,28.3
civil-segment-1619,line-15,elevated,3615.5,3841.8,226.3
civil-segment-1620,line-15,at-grade,3841.8,3870.1,28.3
civil-segment-1621,line-15,elevated,3870.1,3890.1,20.0
civil-segment-1622,line-15,at-grade,3890.1,3910.1,20.0
civil-segment-1623,line-15,elevated,3910.1,3950.1,40.0
civil-segment-1624,line-15,elevated,3950.1,4210.1,260.0
civil-segment-1625,line-15,elevated,4210.1,4326.7,116.6
civil-segment-1626,line-15,elevated,4326.7,4439.8,113.1
civil-segment-1627,line-15,at-grade,4439.8,4468.1,28.3
civil-segment-1628,line-15,elevated,4468.1,4496.4,28.3
civil-segment-1629,line-15,at-grade,4496.4,4581.2,84.8
civil-segment-1630,line-15,elevated,4581.2,4609.5,28.3
civil-segment-1631,line-15,at-grade,4609.5,4637.8,28.3
civil-segment-1632,line-15,elevated,4637.8,4722.6,84.8
civil-segment-1633,line-15,at-grade,4722.6,4779.2,56.6
civil-segment-1634,line-15,elevated,4779.2,4864.1,84.9
civil-segment-1635,line-15,at-grade,4864.1,4920.6,56.5
civil-segment-1636,line-15,elevated,4920.6,4948.9,28.3
civil-segment-1637,line-15,at-grade,4948.9,5090.3,141.4
civil-segment-1638,line-15,elevated,5090.3,5118.6,28.3
civil-segment-1639,line-15,at-grade,5118.6,5514.6,396.0
civil-segment-1640,line-15,elevated,5514.6,5571.2,56.6
civil-segment-1641,line-15,at-grade,5571.2,5599.5,28.3
civil-segment-1642,line-15,elevated,5599.5,5627.7,28.2
civil-segment-1643,line-15,at-grade,5627.7,5684.3,56.6
civil-segment-1644,line-15,elevated,5684.3,5740.9,56.6
civil-segment-1645,line-15,at-grade,5740.9,5769.2,28.3
civil-segment-1646,line-15,elevated,5769.2,5825.7,56.5
civil-segment-1647,line-15,at-grade,5825.7,5882.3,56.6
civil-segment-1648,line-15,elevated,5882.3,5910.6,28.3
civil-segment-1649,line-15,at-grade,5910.6,7012.2,1101.6
civil-segment-1650,line-15,elevated,7012.2,7040.5,28.3
civil-segment-1651,line-15,at-grade,7040.5,7153.7,113.2
civil-segment-1652,line-15,elevated,7153.7,7182.0,28.3
civil-segment-1653,line-15,at-grade,7182.0,7691.1,509.1
civil-segment-1654,line-15,elevated,7691.1,7860.8,169.7
civil-segment-1655,line-15,at-grade,7860.8,8030.5,169.7
civil-segment-1656,line-15,elevated,8030.5,8087.0,56.5
civil-segment-1657,line-15,at-grade,8087.0,8115.3,28.3
civil-segment-1658,line-15,elevated,8115.3,8285.0,169.7
civil-segment-1659,line-15,at-grade,8285.0,8567.9,282.9
civil-segment-1660,line-15,elevated,8567.9,8596.2,28.3
civil-segment-1661,line-15,elevated,8596.2,8624.4,28.2
civil-segment-1662,line-15,at-grade,8624.4,8644.4,20.0
civil-segment-1663,line-15,elevated,8644.4,8664.4,20.0
civil-segment-1664,line-15,at-grade,8664.4,8784.4,120.0
civil-segment-1665,line-15,elevated,8784.4,8804.4,20.0
civil-segment-1666,line-15,at-grade,8804.4,8884.4,80.0
civil-segment-1667,line-15,elevated,8884.4,8944.4,60.0
civil-segment-1668,line-15,at-grade,8944.4,9204.4,260.0
civil-segment-1669,line-15,elevated,9204.4,9284.4,80.0
civil-segment-1670,line-15,at-grade,9284.4,9524.4,240.0
civil-segment-1671,line-15,elevated,9524.4,9544.4,20.0
civil-segment-1672,line-15,at-grade,9544.4,9624.4,80.0
civil-segment-1673,line-15,elevated,9624.4,9804.4,180.0
civil-segment-1674,line-15,at-grade,9804.4,10244.4,440.0
civil-segment-1675,line-15,elevated,10244.4,10304.4,60.0
civil-segment-1676,line-15,at-grade,10304.4,10504.4,200.0
civil-segment-1677,line-15,elevated,10504.4,10544.4,40.0
civil-segment-1678,line-15,at-grade,10544.4,10644.4,100.0
civil-segment-1679,line-15,elevated,10644.4,10804.4,160.0
civil-segment-1680,line-15,at-grade,10804.4,10824.4,20.0
civil-segment-1681,line-15,elevated,10824.4,10924.4,100.0
civil-segment-1682,line-15,at-grade,10924.4,10984.4,60.0
civil-segment-1683,line-15,elevated,10984.4,11024.4,40.0
civil-segment-1684,line-15,at-grade,11024.4,11084.4,60.0
civil-segment-1685,line-15,elevated,11084.4,11104.4,20.0
civil-segment-1686,line-15,at-grade,11104.4,11272.7,168.3
civil-segment-1687,line-15,elevated,11272.7,11332.7,60.0
civil-segment-1688,line-15,at-grade,11332.7,11432.7,100.0
civil-segment-1689,line-15,elevated,11432.7,11452.7,20.0
civil-segment-1690,line-15,at-grade,11452.7,11552.7,100.0
civil-segment-1691,line-15,elevated,11552.7,11592.7,40.0
civil-segment-1692,line-15,at-grade,11592.7,11612.7,20.0
civil-segment-1693,line-15,elevated,11612.7,11672.7,60.0
civil-segment-1694,line-15,at-grade,11672.7,11732.7,60.0
civil-segment-1695,line-15,elevated,11732.7,11792.7,60.0
civil-segment-1696,line-15,at-grade,11792.7,11832.7,40.0
civil-segment-1697,line-15,elevated,11832.7,11852.7,20.0
civil-segment-1698,line-15,at-grade,11852.7,11912.7,60.0
civil-segment-1699,line-15,elevated,11912.7,11992.7,80.0
civil-segment-1700,line-15,elevated,11992.7,12052.7,60.0
civil-segment-1701,line-15,elevated,12052.7,12109.3,56.6
civil-segment-1702,line-16,elevated,0.0,20.0,20.0
civil-segment-1703,line-16,elevated,20.0,88.3,68.3
civil-segment-1704,line-16,elevated,88.3,116.6,28.3
civil-segment-1705,line-16,elevated,116.6,144.9,28.3
civil-segment-1706,line-16,elevated,144.9,213.1,68.2
civil-segment-1707,line-16,elevated,213.1,269.7,56.6
civil-segment-1708,line-16,elevated,269.7,2354.5,2084.8
civil-segment-1709,line-16,elevated,2354.5,2422.7,68.2
civil-segment-1710,line-16,elevated,2422.7,2631.0,208.3
civil-segment-1711,line-16,elevated,2631.0,2699.3,68.3
civil-segment-1712,line-16,elevated,2699.3,2727.6,28.3
civil-segment-1713,line-16,elevated,2727.6,2767.6,40.0
civil-segment-1714,line-16,elevated,2767.6,2827.6,60.0
civil-segment-1715,line-16,elevated,2827.6,2904.2,76.6
civil-segment-1716,line-16,elevated,2904.2,3498.1,593.9
civil-segment-1717,line-16,elevated,3498.1,3606.4,108.3
civil-segment-1718,line-16,elevated,3606.4,4466.4,860.0
civil-segment-1719,line-16,elevated,4466.4,4486.4,20.0
civil-segment-1720,line-16,elevated,4486.4,4606.4,120.0
civil-segment-1721,line-16,elevated,4606.4,4674.7,68.3
civil-segment-1722,line-16,elevated,4674.7,4703.0,28.3
civil-segment-1723,line-16,elevated,4703.0,4763.0,60.0
civil-segment-1724,line-16,elevated,4763.0,5091.3,328.3
civil-segment-1725,line-16,elevated,5091.3,5207.8,116.5
civil-segment-1726,line-16,elevated,5207.8,5717.0,509.2
civil-segment-1727,line-16,elevated,5717.0,5773.524,56.524
civil-segment-1728,line-16,elevated,5773.524,5821.8,48.276
civil-segment-1729,line-16,bridge,5821.8,5870.1,48.3
civil-segment-1730,line-16,elevated,5870.1,5930.1,60.0
civil-segment-1731,line-16,elevated,5930.1,5958.4,28.3
civil-segment-1732,line-16,at-grade,5958.4,6580.6,622.2
civil-segment-1733,line-17,elevated,0.0,20.0,20.0
civil-segment-1734,line-17,elevated,20.0,48.3,28.3
civil-segment-1735,line-17,elevated,48.3,76.6,28.3
civil-segment-1736,line-17,elevated,76.6,1123.1,1046.5
civil-segment-1737,line-17,elevated,1123.1,1179.7,56.6
civil-segment-1738,line-17,elevated,1179.7,1264.5,84.8
civil-segment-1739,line-17,elevated,1264.5,1321.1,56.6
civil-segment-1740,line-17,elevated,1321.1,1519.1,198.0
civil-segment-1741,line-17,elevated,1519.1,1627.4,108.3
civil-segment-1742,line-17,elevated,1627.4,2447.4,820.0
civil-segment-1743,line-17,elevated,2447.4,2563.9,116.5
civil-segment-1744,line-17,elevated,2563.9,4968.1,2404.2
civil-segment-1745,line-17,elevated,4968.1,5076.4,108.3
civil-segment-1746,line-17,elevated,5076.4,6176.4,1100.0
civil-segment-1747,line-17,elevated,6176.4,6292.9,116.5
civil-segment-1748,line-17,elevated,6292.9,7000.0,707.1
civil-segment-1749,line-18,at-grade,0.0,424.3,424.3
civil-segment-1750,line-18,elevated,424.3,452.5,28.2
civil-segment-1751,line-18,at-grade,452.5,594.0,141.5
civil-segment-1752,line-18,elevated,594.0,622.3,28.3
civil-segment-1753,line-18,at-grade,622.3,843.7,221.4
civil-segment-1754,line-18,elevated,843.7,863.7,20.0
civil-segment-1755,line-18,at-grade,863.7,883.7,20.0
civil-segment-1756,line-18,elevated,883.7,912.0,28.3
civil-segment-1757,line-18,at-grade,912.0,1285.1,373.1
civil-segment-1758,line-18,elevated,1285.1,1341.7,56.6
civil-segment-1759,line-18,at-grade,1341.7,1369.9,28.2
civil-segment-1760,line-18,elevated,1369.9,1426.5,56.6
civil-segment-1761,line-18,at-grade,1426.5,1794.2,367.7
civil-segment-1762,line-18,elevated,1794.2,1822.5,28.3
civil-segment-1763,line-18,at-grade,1822.5,2275.6,453.1
civil-segment-1764,line-18,elevated,2275.6,2335.6,60.0
civil-segment-1765,line-18,at-grade,2335.6,3160.5,824.9
civil-segment-1766,line-18,elevated,3160.5,3220.5,60.0
civil-segment-1767,line-18,at-grade,3220.5,3400.5,180.0
civil-segment-1768,line-18,elevated,3400.5,3520.5,120.0
civil-segment-1769,line-18,at-grade,3520.5,3560.5,40.0
civil-segment-1770,line-18,elevated,3560.5,3580.5,20.0
civil-segment-1771,line-18,at-grade,3580.5,3660.5,80.0
civil-segment-1772,line-18,elevated,3660.5,3680.5,20.0
civil-segment-1773,line-18,at-grade,3680.5,3840.5,160.0
civil-segment-1774,line-18,elevated,3840.5,3900.5,60.0
civil-segment-1775,line-18,at-grade,3900.5,3920.5,20.0
civil-segment-1776,line-18,elevated,3920.5,3980.5,60.0
civil-segment-1777,line-18,at-grade,3980.5,4200.5,220.0
civil-segment-1778,line-18,elevated,4200.5,4360.5,160.0
civil-segment-1779,line-18,at-grade,4360.5,4480.5,120.0
civil-segment-1780,line-18,elevated,4480.5,4560.5,80.0
civil-segment-1781,line-18,elevated,4560.5,4600.5,40.0
civil-segment-1782,line-18,elevated,4600.5,4648.8,48.3
civil-segment-1783,line-18,bridge,4648.8,4813.6,164.8
civil-segment-1784,line-18,elevated,4813.6,5039.9,226.3
civil-segment-1785,line-18,bridge,5039.9,5181.3,141.4
civil-segment-1786,line-18,elevated,5181.3,5237.9,56.6
civil-segment-1787,line-18,bridge,5237.9,5492.4,254.5
civil-segment-1788,line-18,elevated,5492.4,5520.7,28.3
civil-segment-1789,line-18,bridge,5520.7,5860.1,339.4
civil-segment-1790,line-18,elevated,5860.1,5916.7,56.6
civil-segment-1791,line-18,bridge,5916.7,5973.3,56.6
civil-segment-1792,line-18,elevated,5973.3,6086.4,113.1
civil-segment-1793,line-18,bridge,6086.4,6219.6,133.2
civil-segment-1794,line-18,elevated,6219.6,6239.6,20.0
civil-segment-1795,line-18,bridge,6239.6,6554.1,314.5
civil-segment-1796,line-18,elevated,6554.1,6582.4,28.3
civil-segment-1797,line-18,bridge,6582.4,6610.7,28.3
civil-segment-1798,line-18,elevated,6610.7,6667.2,56.5
civil-segment-1799,line-18,bridge,6667.2,7148.1,480.9
civil-segment-1800,line-18,elevated,7148.1,7176.4,28.3
civil-segment-1801,line-18,bridge,7176.4,8848.6,1672.2
civil-segment-1802,line-19,at-grade,0.0,520.0,520.0
civil-segment-1803,line-19,elevated,520.0,560.0,40.0
civil-segment-1804,line-19,at-grade,560.0,760.0,200.0
civil-segment-1805,line-19,elevated,760.0,840.0,80.0
civil-segment-1806,line-19,at-grade,840.0,1288.3,448.3
civil-segment-1807,line-19,elevated,1288.3,1308.3,20.0
civil-segment-1808,line-19,at-grade,1308.3,1336.6,28.3
civil-segment-1809,line-19,elevated,1336.6,1356.6,20.0
civil-segment-1810,line-19,at-grade,1356.6,1453.1,96.5
civil-segment-1811,line-19,elevated,1453.1,1501.4,48.3
civil-segment-1812,line-19,at-grade,1501.4,1541.4,40.0
civil-segment-1813,line-19,elevated,1541.4,1561.4,20.0
civil-segment-1814,line-19,elevated,1561.4,1581.4,20.0
civil-segment-1815,line-19,at-grade,1581.4,1701.4,120.0
civil-segment-1816,line-19,elevated,1701.4,1761.4,60.0
civil-segment-1817,line-19,elevated,1761.4,1781.4,20.0
civil-segment-1818,line-19,at-grade,1781.4,1991.1,209.7
civil-segment-1819,line-19,elevated,1991.1,2019.4,28.3
civil-segment-1820,line-19,at-grade,2019.4,2941.7,922.3
civil-segment-1821,line-19,elevated,2941.7,2981.7,40.0
civil-segment-1822,line-19,at-grade,2981.7,3041.7,60.0
civil-segment-1823,line-19,elevated,3041.7,3101.7,60.0
civil-segment-1824,line-19,at-grade,3101.7,4571.4,1469.7
civil-segment-1825,line-19,elevated,4571.4,4631.4,60.0
civil-segment-1826,line-19,at-grade,4631.4,4871.4,240.0
civil-segment-1827,line-19,elevated,4871.4,4931.4,60.0
civil-segment-1828,line-19,at-grade,4931.4,5031.4,100.0
civil-segment-1829,line-19,elevated,5031.4,5071.4,40.0
civil-segment-1830,line-19,at-grade,5071.4,5091.4,20.0
civil-segment-1831,line-19,elevated,5091.4,5111.4,20.0
civil-segment-1832,line-19,elevated,5111.4,5131.4,20.0
civil-segment-1833,line-19,at-grade,5131.4,5199.7,68.3
civil-segment-1834,line-19,elevated,5199.7,5227.9,28.2
civil-segment-1835,line-19,elevated,5227.9,5312.8,84.9
civil-segment-1836,line-19,elevated,5312.8,5421.1,108.3
civil-segment-1837,line-19,at-grade,5421.1,5461.1,40.0
civil-segment-1838,line-19,elevated,5461.1,5521.1,60.0
civil-segment-1839,line-19,at-grade,5521.1,5581.1,60.0
civil-segment-1840,line-19,elevated,5581.1,5621.1,40.0
civil-segment-1841,line-19,at-grade,5621.1,5641.1,20.0
civil-segment-1842,line-19,elevated,5641.1,5721.1,80.0
civil-segment-1843,line-19,at-grade,5721.1,5761.1,40.0
civil-segment-1844,line-19,elevated,5761.1,5781.1,20.0
civil-segment-1845,line-19,at-grade,5781.1,5821.1,40.0
civil-segment-1846,line-19,elevated,5821.1,5861.1,40.0
civil-segment-1847,line-19,at-grade,5861.1,5941.1,80.0
civil-segment-1848,line-19,elevated,5941.1,6081.1,140.0
civil-segment-1849,line-19,at-grade,6081.1,6201.1,120.0
civil-segment-1850,line-19,elevated,6201.1,6261.1,60.0
civil-segment-1851,line-19,at-grade,6261.1,6341.1,80.0
civil-segment-1852,line-19,elevated,6341.1,6501.1,160.0
civil-segment-1853,line-19,at-grade,6501.1,6561.1,60.0
civil-segment-1854,line-19,elevated,6561.1,6601.1,40.0
civil-segment-1855,line-19,at-grade,6601.1,6721.1,120.0
civil-segment-1856,line-19,elevated,6721.1,6741.1,20.0
civil-segment-1857,line-20,elevated,0.0,1500.0,1500.0
civil-segment-1858,line-20,elevated,1500.0,1520.0,20.0
civil-segment-1859,line-20,bridge,1520.0,1927.7,407.7
civil-segment-1860,line-20,elevated,1927.7,1984.3,56.6
civil-segment-1861,line-20,bridge,1984.3,2182.3,198.0
civil-segment-1862,line-20,elevated,2182.3,2238.8,56.5
civil-segment-1863,line-20,bridge,2238.8,2295.4,56.6
civil-segment-1864,line-20,elevated,2295.4,2323.7,28.3
civil-segment-1865,line-20,bridge,2323.7,2380.2,56.5
civil-segment-1866,line-20,elevated,2380.2,2663.1,282.9
civil-segment-1867,line-20,bridge,2663.1,2759.7,96.6
civil-segment-1868,line-20,elevated,2759.7,2827.9,68.2
civil-segment-1869,line-20,elevated,2827.9,2924.5,96.6
civil-segment-1870,line-20,elevated,2924.5,7187.1,4262.6
civil-segment-1871,line-21,elevated,0.0,20.0,20.0
civil-segment-1872,line-21,elevated,20.0,116.6,96.6
civil-segment-1873,line-21,elevated,116.6,476.0,359.4
civil-segment-1874,line-21,at-grade,476.0,532.5,56.5
civil-segment-1875,line-21,elevated,532.5,560.8,28.3
civil-segment-1876,line-21,at-grade,560.8,617.4,56.6
civil-segment-1877,line-21,elevated,617.4,645.7,28.3
civil-segment-1878,line-21,at-grade,645.7,1069.9,424.2
civil-segment-1879,line-21,elevated,1069.9,1154.8,84.9
civil-segment-1880,line-21,at-grade,1154.8,1457.6,302.8
civil-segment-1881,line-21,elevated,1457.6,1537.6,80.0
civil-segment-1882,line-21,at-grade,1537.6,1597.6,60.0
civil-segment-1883,line-21,elevated,1597.6,1697.6,100.0
civil-segment-1884,line-21,at-grade,1697.6,1737.6,40.0
civil-segment-1885,line-21,elevated,1737.6,1817.6,80.0
civil-segment-1886,line-21,at-grade,1817.6,1857.6,40.0
civil-segment-1887,line-21,elevated,1857.6,1917.6,60.0
civil-segment-1888,line-21,at-grade,1917.6,1957.6,40.0
civil-segment-1889,line-21,elevated,1957.6,2097.6,140.0
civil-segment-1890,line-21,at-grade,2097.6,2137.6,40.0
civil-segment-1891,line-21,elevated,2137.6,2237.6,100.0
civil-segment-1892,line-21,at-grade,2237.6,2297.6,60.0
civil-segment-1893,line-21,elevated,2297.6,2357.6,60.0
civil-segment-1894,line-21,at-grade,2357.6,2437.6,80.0
civil-segment-1895,line-21,elevated,2437.6,2557.6,120.0
civil-segment-1896,line-21,at-grade,2557.6,2819.1,261.5
civil-segment-1897,line-21,elevated,2819.1,2847.4,28.3
civil-segment-1898,line-21,at-grade,2847.4,2875.6,28.2
civil-segment-1899,line-21,elevated,2875.6,2932.2,56.6
civil-segment-1900,line-21,at-grade,2932.2,3045.3,113.1
civil-segment-1901,line-21,elevated,3045.3,3073.6,28.3
civil-segment-1902,line-21,at-grade,3073.6,3582.7,509.1
civil-segment-1903,line-21,elevated,3582.7,3724.2,141.5
civil-segment-1904,line-21,at-grade,3724.2,3780.7,56.5
civil-segment-1905,line-21,elevated,3780.7,3893.9,113.2
civil-segment-1906,line-21,at-grade,3893.9,3922.2,28.3
civil-segment-1907,line-21,elevated,3922.2,3950.4,28.2
civil-segment-1908,line-21,at-grade,3950.4,4007.0,56.6
civil-segment-1909,line-21,elevated,4007.0,4087.0,80.0
civil-segment-1910,line-21,at-grade,4087.0,4147.0,60.0
civil-segment-1911,line-21,elevated,4147.0,4207.0,60.0
civil-segment-1912,line-21,at-grade,4207.0,4227.0,20.0
civil-segment-1913,line-21,elevated,4227.0,4387.0,160.0
civil-segment-1914,line-21,at-grade,4387.0,4427.0,40.0
civil-segment-1915,line-21,elevated,4427.0,4707.0,280.0
civil-segment-1916,line-21,at-grade,4707.0,4727.0,20.0
civil-segment-1917,line-21,elevated,4727.0,4807.0,80.0
civil-segment-1918,line-21,at-grade,4807.0,4907.0,100.0
civil-segment-1919,line-21,elevated,4907.0,5007.0,100.0
civil-segment-1920,line-21,at-grade,5007.0,5047.0,40.0
civil-segment-1921,line-21,elevated,5047.0,5087.0,40.0
civil-segment-1922,line-21,at-grade,5087.0,5207.0,120.0
civil-segment-1923,line-21,elevated,5207.0,5247.0,40.0
civil-segment-1924,line-21,elevated,5247.0,5267.0,20.0
civil-segment-1925,line-21,elevated,5267.0,5335.3,68.3
civil-segment-1926,line-21,at-grade,5335.3,5420.1,84.8
civil-segment-1927,line-21,elevated,5420.1,5476.7,56.6
civil-segment-1928,line-21,elevated,5476.7,5561.6,84.9
civil-segment-1929,line-21,at-grade,5561.6,5618.1,56.5
civil-segment-1930,line-21,elevated,5618.1,5674.7,56.6
civil-segment-1931,line-21,at-grade,5674.7,5844.4,169.7
civil-segment-1932,line-21,elevated,5844.4,6070.7,226.3
civil-segment-1933,line-21,elevated,6070.7,6179.0,108.3
civil-segment-1934,line-21,elevated,6179.0,6279.0,100.0
civil-segment-1935,line-21,at-grade,6279.0,6319.0,40.0
civil-segment-1936,line-21,elevated,6319.0,6339.0,20.0
civil-segment-1937,line-21,at-grade,6339.0,6359.0,20.0
civil-segment-1938,line-21,elevated,6359.0,6379.0,20.0
civil-segment-1939,line-21,at-grade,6379.0,6419.0,40.0
civil-segment-1940,line-21,elevated,6419.0,6679.0,260.0
civil-segment-1941,line-21,at-grade,6679.0,6699.0,20.0
civil-segment-1942,line-21,elevated,6699.0,6819.0,120.0
civil-segment-1943,line-21,at-grade,6819.0,6839.0,20.0
civil-segment-1944,line-21,elevated,6839.0,6879.0,40.0
civil-segment-1945,line-21,at-grade,6879.0,6919.0,40.0
civil-segment-1946,line-21,elevated,6919.0,6959.0,40.0
civil-segment-1947,line-21,at-grade,6959.0,7039.0,80.0
civil-segment-1948,line-21,elevated,7039.0,7099.0,60.0
civil-segment-1949,line-21,at-grade,7099.0,7119.0,20.0
civil-segment-1950,line-21,elevated,7119.0,7339.0,220.0
civil-segment-1951,line-21,at-grade,7339.0,7379.0,40.0
civil-segment-1952,line-21,elevated,7379.0,7479.0,100.0
civil-segment-1953,line-21,at-grade,7479.0,7539.0,60.0
civil-segment-1954,line-22,elevated,0.0,396.0,396.0
civil-segment-1955,line-22,elevated,396.0,464.3,68.3
civil-segment-1956,line-22,elevated,464.3,632.5,168.2
civil-segment-1957,line-22,elevated,632.5,700.8,68.3
civil-segment-1958,line-22,elevated,700.8,729.1,28.3
civil-segment-1959,line-22,elevated,729.1,769.1,40.0
civil-segment-1960,line-22,elevated,769.1,829.1,60.0
civil-segment-1961,line-22,elevated,829.1,905.7,76.6
civil-segment-1962,line-22,elevated,905.7,2113.6,1207.9
civil-segment-1963,line-22,elevated,2113.6,2221.9,108.3
civil-segment-1964,line-22,elevated,2221.9,2550.2,328.3
civil-segment-1965,line-22,elevated,2550.2,2618.5,68.3
civil-segment-1966,line-22,elevated,2618.5,2646.8,28.3
civil-segment-1967,line-22,elevated,2646.8,2686.8,40.0
civil-segment-1968,line-22,elevated,2686.8,2746.8,60.0
civil-segment-1969,line-22,elevated,2746.8,2823.3,76.5
civil-segment-1970,line-22,elevated,2823.3,3219.3,396.0
civil-segment-1971,line-22,at-grade,3219.3,3247.6,28.3
civil-segment-1972,line-22,elevated,3247.6,3275.9,28.3
civil-segment-1973,line-22,at-grade,3275.9,3841.6,565.7
civil-segment-1974,line-22,elevated,3841.6,4039.6,198.0
civil-segment-1975,line-22,at-grade,4039.6,4209.3,169.7
civil-segment-1976,line-22,elevated,4209.3,4229.3,20.0
civil-segment-1977,line-22,at-grade,4229.3,4349.3,120.0
civil-segment-1978,line-22,elevated,4349.3,4449.3,100.0
civil-segment-1979,line-22,at-grade,4449.3,4749.3,300.0
civil-segment-1980,line-22,elevated,4749.3,4769.3,20.0
civil-segment-1981,line-22,at-grade,4769.3,5593.5,824.2
civil-segment-1982,line-22,elevated,5593.5,5650.1,56.6
civil-segment-1983,line-22,at-grade,5650.1,5678.4,28.3
civil-segment-1984,line-22,elevated,5678.4,5706.7,28.3
civil-segment-1985,line-22,at-grade,5706.7,5848.1,141.4
civil-segment-1986,line-22,elevated,5848.1,5876.4,28.3
civil-segment-1987,line-22,at-grade,5876.4,6159.2,282.8
civil-segment-1988,line-22,elevated,6159.2,6215.8,56.6
civil-segment-1989,line-23,elevated,0.0,989.9,989.9
civil-segment-1990,line-23,elevated,989.9,1098.2,108.3
civil-segment-1991,line-23,elevated,1098.2,1938.2,840.0
civil-segment-1992,line-23,elevated,1938.2,2026.5,88.3
civil-segment-1993,line-23,elevated,2026.5,2134.8,108.3
civil-segment-1994,line-23,elevated,2134.8,2191.4,56.6
civil-segment-1995,line-23,elevated,2191.4,2559.1,367.7
civil-segment-1996,line-23,at-grade,2559.1,2615.6,56.5
civil-segment-1997,line-23,elevated,2615.6,2643.9,28.3
civil-segment-1998,line-23,at-grade,2643.9,2805.3,161.4
civil-segment-1999,line-23,elevated,2805.3,2845.3,40.0
civil-segment-2000,line-23,at-grade,2845.3,3165.3,320.0
civil-segment-2001,line-23,elevated,3165.3,3325.3,160.0
civil-segment-2002,line-23,at-grade,3325.3,4741.9,1416.6
civil-segment-2003,line-23,elevated,4741.9,4770.2,28.3
civil-segment-2004,line-23,at-grade,4770.2,4818.5,48.3
civil-segment-2005,line-23,elevated,4818.5,4858.5,40.0
civil-segment-2006,line-23,at-grade,4858.5,5418.5,560.0
civil-segment-2007,line-23,elevated,5418.5,5438.5,20.0
civil-segment-2008,line-23,at-grade,5438.5,7144.8,1706.3
civil-segment-2009,line-23,elevated,7144.8,7173.0,28.2
civil-segment-2010,line-23,at-grade,7173.0,7229.6,56.6
civil-segment-2011,line-23,elevated,7229.6,7257.9,28.3
civil-segment-2012,line-23,at-grade,7257.9,7742.2,484.3
civil-segment-2013,line-23,elevated,7742.2,7762.2,20.0
civil-segment-2014,line-23,elevated,7762.2,7782.2,20.0
civil-segment-2015,line-23,at-grade,7782.2,8162.2,380.0
civil-segment-2016,line-23,elevated,8162.2,8182.2,20.0
civil-segment-2017,line-23,at-grade,8182.2,8242.2,60.0
civil-segment-2018,line-23,elevated,8242.2,8402.2,160.0
civil-segment-2019,line-23,at-grade,8402.2,8742.2,340.0
civil-segment-2020,line-23,elevated,8742.2,8782.2,40.0
civil-segment-2021,line-23,at-grade,8782.2,9842.2,1060.0
civil-segment-2022,line-23,elevated,9842.2,9882.2,40.0
civil-segment-2023,line-23,at-grade,9882.2,9962.2,80.0
civil-segment-2024,line-23,elevated,9962.2,10462.2,500.0
civil-segment-2025,line-24,elevated,0.0,60.0,60.0
civil-segment-2026,line-24,elevated,60.0,148.3,88.3
civil-segment-2027,line-24,elevated,148.3,176.6,28.3
civil-segment-2028,line-24,elevated,176.6,236.6,60.0
civil-segment-2029,line-24,elevated,236.6,424.9,188.3
civil-segment-2030,line-24,elevated,424.9,501.4,76.5
civil-segment-2031,line-24,elevated,501.4,812.5,311.1
civil-segment-2032,line-24,elevated,812.5,920.8,108.3
civil-segment-2033,line-24,elevated,920.8,2620.8,1700.0
civil-segment-2034,line-24,elevated,2620.8,2737.4,116.6
civil-segment-2035,line-24,elevated,2737.4,3387.9,650.5
civil-segment-2036,line-24,elevated,3387.9,3496.2,108.3
civil-segment-2037,line-24,elevated,3496.2,4396.2,900.0
civil-segment-2038,line-24,at-grade,4396.2,5501.1,1104.9
civil-segment-2039,line-24,elevated,5501.1,5521.1,20.0
civil-segment-2040,line-24,at-grade,5521.1,5541.1,20.0
civil-segment-2041,line-24,elevated,5541.1,5581.1,40.0
civil-segment-2042,line-24,at-grade,5581.1,5621.1,40.0
civil-segment-2043,line-24,elevated,5621.1,5641.1,20.0
civil-segment-2044,line-24,at-grade,5641.1,5721.1,80.0
civil-segment-2045,line-24,elevated,5721.1,5741.1,20.0
civil-segment-2046,line-24,at-grade,5741.1,5801.1,60.0
civil-segment-2047,line-24,elevated,5801.1,5941.1,140.0
civil-segment-2048,line-24,at-grade,5941.1,5981.1,40.0
civil-segment-2049,line-24,elevated,5981.1,6161.1,180.0
civil-segment-2050,line-24,at-grade,6161.1,6181.1,20.0
civil-segment-2051,line-24,elevated,6181.1,6221.1,40.0
civil-segment-2052,line-24,at-grade,6221.1,6241.1,20.0
civil-segment-2053,line-24,elevated,6241.1,6261.1,20.0
civil-segment-2054,line-24,at-grade,6261.1,6281.1,20.0
civil-segment-2055,line-24,elevated,6281.1,6421.1,140.0
civil-segment-2056,line-24,at-grade,6421.1,6481.1,60.0
civil-segment-2057,line-24,elevated,6481.1,6521.1,40.0
civil-segment-2058,line-24,at-grade,6521.1,6581.1,60.0
civil-segment-2059,line-24,elevated,6581.1,6601.1,20.0
civil-segment-2060,line-24,at-grade,6601.1,6621.1,20.0
civil-segment-2061,line-24,elevated,6621.1,6641.1,20.0
civil-segment-2062,line-24,at-grade,6641.1,6661.1,20.0
civil-segment-2063,line-24,elevated,6661.1,6681.1,20.0
civil-segment-2064,line-24,at-grade,6681.1,6741.1,60.0
civil-segment-2065,line-24,elevated,6741.1,6761.1,20.0
civil-segment-2066,line-24,at-grade,6761.1,7061.1,300.0
civil-segment-2067,line-24,elevated,7061.1,7101.1,40.0
civil-segment-2068,line-24,at-grade,7101.1,7141.1,40.0
civil-segment-2069,line-24,elevated,7141.1,7201.1,60.0
civil-segment-2070,line-24,at-grade,7201.1,7241.1,40.0
civil-segment-2071,line-24,elevated,7241.1,7321.1,80.0
civil-segment-2072,line-24,at-grade,7321.1,7361.1,40.0
civil-segment-2073,line-24,elevated,7361.1,7461.1,100.0
civil-segment-2074,line-24,at-grade,7461.1,7501.1,40.0
civil-segment-2075,line-24,elevated,7501.1,7521.1,20.0
civil-segment-2076,line-24,at-grade,7521.1,7581.1,60.0
civil-segment-2077,line-24,elevated,7581.1,7601.1,20.0
civil-segment-2078,line-24,elevated,7601.1,7689.4,88.3
civil-segment-2079,line-24,at-grade,7689.4,7774.2,84.8
civil-segment-2080,line-24,elevated,7774.2,8255.0,480.8
civil-segment-2081,line-24,elevated,8255.0,8363.3,108.3
civil-segment-2082,line-24,elevated,8363.3,10163.3,1800.0
civil-segment-2083,line-24,elevated,10163.3,10183.3,20.0
civil-segment-2084,line-24,elevated,10183.3,10328.2,144.9
civil-segment-2085,line-24,elevated,10328.2,10356.5,28.3
civil-segment-2086,line-24,elevated,10356.5,10695.9,339.4
civil-segment-2087,line-24,elevated,10695.9,10764.2,68.3
civil-segment-2088,line-24,elevated,10764.2,10824.2,60.0
civil-segment-2089,line-24,elevated,10824.2,10872.4,48.2
civil-segment-2090,line-24,elevated,10872.4,10929.0,56.6
civil-segment-2091,line-24,elevated,10929.0,10989.0,60.0
civil-segment-2092,line-25,elevated,0.0,840.0,840.0
civil-segment-2093,line-25,elevated,840.0,956.6,116.6
civil-segment-2094,line-25,elevated,956.6,1550.5,593.9
civil-segment-2095,line-25,elevated,1550.5,1578.8,28.3
civil-segment-2096,line-25,elevated,1578.8,1715.4,136.6
civil-segment-2097,line-25,elevated,1715.4,1735.4,20.0
civil-segment-2098,line-25,elevated,1735.4,1783.7,48.3
civil-segment-2099,line-25,elevated,1783.7,1812.0,28.3
civil-segment-2100,line-25,elevated,1812.0,1872.0,60.0
civil-segment-2101,line-25,elevated,1872.0,2180.2,308.2
civil-segment-2102,line-25,elevated,2180.2,2296.8,116.6
civil-segment-2103,line-25,elevated,2296.8,4163.6,1866.8
civil-segment-2104,line-25,elevated,4163.6,4271.9,108.3
civil-segment-2105,line-25,elevated,4271.9,5131.9,860.0
civil-segment-2106,line-25,elevated,5131.9,5171.9,40.0
civil-segment-2107,line-25,elevated,5171.9,5328.4,156.5
civil-segment-2108,line-25,elevated,5328.4,5348.4,20.0
civil-segment-2109,line-25,elevated,5348.4,5396.7,48.3
civil-segment-2110,line-25,elevated,5396.7,5425.0,28.3
civil-segment-2111,line-25,elevated,5425.0,5485.0,60.0
civil-segment-2112,line-25,elevated,5485.0,5793.3,308.3
civil-segment-2113,line-25,elevated,5793.3,5938.1,144.8
civil-segment-2114,line-25,elevated,5938.1,6023.0,84.9
civil-segment-2115,line-26,at-grade,0.0,176.6,176.6
civil-segment-2116,line-26,elevated,176.6,236.6,60.0
civil-segment-2117,line-26,at-grade,236.6,589.7,353.1
civil-segment-2118,line-26,elevated,589.7,618.0,28.3
civil-segment-2119,line-26,at-grade,618.0,674.6,56.6
civil-segment-2120,line-26,elevated,674.6,731.1,56.5
civil-segment-2121,line-26,at-grade,731.1,900.8,169.7
civil-segment-2122,line-26,elevated,900.8,929.1,28.3
civil-segment-2123,line-26,at-grade,929.1,1212.0,282.9
civil-segment-2124,line-26,elevated,1212.0,1240.2,28.2
civil-segment-2125,line-26,at-grade,1240.2,1862.5,622.3
civil-segment-2126,line-26,elevated,1862.5,1919.1,56.6
civil-segment-2127,line-26,at-grade,1919.1,2258.5,339.4
civil-segment-2128,line-26,elevated,2258.5,2286.8,28.3
civil-segment-2129,line-26,at-grade,2286.8,2731.6,444.8
civil-segment-2130,line-26,elevated,2731.6,2771.6,40.0
civil-segment-2131,line-26,at-grade,2771.6,2851.6,80.0
civil-segment-2132,line-26,elevated,2851.6,2891.6,40.0
civil-segment-2133,line-26,at-grade,2891.6,3111.6,220.0
civil-segment-2134,line-26,elevated,3111.6,3131.6,20.0
civil-segment-2135,line-26,at-grade,3131.6,3577.9,446.3
civil-segment-2136,line-26,elevated,3577.9,3606.2,28.3
civil-segment-2137,line-26,at-grade,3606.2,4596.1,989.9
civil-segment-2138,line-26,elevated,4596.1,4624.4,28.3
civil-segment-2139,line-26,at-grade,4624.4,4681.0,56.6
civil-segment-2140,line-26,elevated,4681.0,4709.3,28.3
civil-segment-2141,line-26,at-grade,4709.3,4963.8,254.5
civil-segment-2142,line-26,elevated,4963.8,5020.4,56.6
civil-segment-2143,line-26,at-grade,5020.4,5077.0,56.6
civil-segment-2144,line-26,elevated,5077.0,5105.2,28.2
civil-segment-2145,line-26,at-grade,5105.2,5133.5,28.3
civil-segment-2146,line-26,elevated,5133.5,5161.8,28.3
civil-segment-2147,line-26,at-grade,5161.8,5190.1,28.3
civil-segment-2148,line-26,elevated,5190.1,5246.7,56.6
civil-segment-2149,line-26,at-grade,5246.7,5303.2,56.5
civil-segment-2150,line-26,elevated,5303.2,5331.5,28.3
civil-segment-2151,line-26,at-grade,5331.5,5529.5,198.0
civil-segment-2152,line-26,elevated,5529.5,5755.8,226.3
civil-segment-2153,line-26,elevated,5755.8,5804.1,48.3
civil-segment-2154,line-26,elevated,5804.1,5864.1,60.0
civil-segment-2155,line-26,elevated,5864.1,5920.6,56.5
civil-segment-2156,line-26,elevated,5920.6,6005.5,84.9
civil-segment-2157,line-26,at-grade,6005.5,6033.8,28.3
civil-segment-2158,line-26,elevated,6033.8,6062.1,28.3
civil-segment-2159,line-26,at-grade,6062.1,6090.3,28.2
civil-segment-2160,line-26,elevated,6090.3,6118.6,28.3
civil-segment-2161,line-26,at-grade,6118.6,6175.2,56.6
civil-segment-2162,line-26,elevated,6175.2,6288.3,113.1
civil-segment-2163,line-26,at-grade,6288.3,6316.6,28.3
civil-segment-2164,line-26,elevated,6316.6,6373.2,56.6
civil-segment-2165,line-26,at-grade,6373.2,6401.5,28.3
civil-segment-2166,line-26,elevated,6401.5,6486.3,84.8
civil-segment-2167,line-26,at-grade,6486.3,6571.2,84.9
civil-segment-2168,line-26,elevated,6571.2,6599.5,28.3
civil-segment-2169,line-26,at-grade,6599.5,6656.0,56.5
civil-segment-2170,line-26,elevated,6656.0,6684.3,28.3
civil-segment-2171,line-26,at-grade,6684.3,6894.0,209.7
civil-segment-2172,line-27,elevated,0.0,720.0,720.0
civil-segment-2173,line-27,elevated,720.0,836.6,116.6
civil-segment-2174,line-27,elevated,836.6,1204.3,367.7
civil-segment-2175,line-27,elevated,1204.3,1312.5,108.2
civil-segment-2176,line-27,elevated,1312.5,1732.5,420.0
civil-segment-2177,line-27,elevated,1732.5,1849.1,116.6
civil-segment-2178,line-27,elevated,1849.1,1905.7,56.6
civil-segment-2179,line-27,elevated,1905.7,1974.0,68.3
civil-segment-2180,line-27,elevated,1974.0,2542.3,568.3
civil-segment-2181,line-27,elevated,2542.3,2658.8,116.5
civil-segment-2182,line-27,elevated,2658.8,3753.6,1094.8
civil-segment-2183,line-27,elevated,3753.6,3861.9,108.3
civil-segment-2184,line-27,elevated,3861.9,4161.9,300.0
civil-segment-2185,line-27,elevated,4161.9,4278.5,116.6
civil-segment-2186,line-27,elevated,4278.5,5862.4,1583.9
civil-segment-2187,line-27,elevated,5862.4,5970.7,108.3
civil-segment-2188,line-27,elevated,5970.7,6430.7,460.0
civil-segment-2189,line-27,bridge,6430.7,6530.7,100.0
civil-segment-2190,line-27,elevated,6530.7,6550.7,20.0
civil-segment-2191,line-27,bridge,6550.7,6750.7,200.0
civil-segment-2192,line-27,elevated,6750.7,6790.7,40.0
civil-segment-2193,line-27,bridge,6790.7,7090.7,300.0
civil-segment-2194,line-27,elevated,7090.7,7230.7,140.0
civil-segment-2195,line-27,bridge,7230.7,7270.7,40.0
civil-segment-2196,line-27,elevated,7270.7,7530.7,260.0
civil-segment-2197,line-27,bridge,7530.7,7647.2,116.5
civil-segment-2198,line-27,elevated,7647.2,7667.2,20.0
civil-segment-2199,line-27,elevated,7667.2,7715.5,48.3
civil-segment-2200,line-27,elevated,7715.5,7783.8,68.3
civil-segment-2201,line-27,elevated,7783.8,7823.8,40.0
civil-segment-2202,line-27,elevated,7823.8,7943.8,120.0
civil-segment-2203,line-27,elevated,7943.8,8060.4,116.6
civil-segment-2204,line-27,elevated,8060.4,8403.2,342.8
civil-segment-2205,line-27,elevated,8403.2,8511.5,108.3
civil-segment-2206,line-27,elevated,8511.5,8851.5,340.0
civil-segment-2207,line-27,elevated,8851.5,8968.1,116.6
civil-segment-2208,line-27,elevated,8968.1,9052.9,84.8
civil-segment-2209,line-27,elevated,9052.9,9189.5,136.6
civil-segment-2210,line-27,elevated,9189.5,9237.8,48.3
civil-segment-2211,line-27,bridge,9237.8,9266.1,28.3
civil-segment-2212,line-27,elevated,9266.1,10586.1,1320.0
civil-segment-2213,line-27,elevated,10586.1,10674.4,88.3
civil-segment-2214,line-27,elevated,10674.4,10730.9,56.5
civil-segment-2215,line-27,elevated,10730.9,10790.9,60.0
civil-segment-2216,line-27,elevated,10790.9,10830.9,40.0
civil-segment-2217,line-27,elevated,10830.9,10927.5,96.6
civil-segment-2218,line-27,elevated,10927.5,11747.7,820.2
civil-segment-2219,line-28,at-grade,0.0,240.0,240.0
civil-segment-2220,line-28,elevated,240.0,300.0,60.0
civil-segment-2221,line-28,at-grade,300.0,740.0,440.0
civil-segment-2222,line-28,elevated,740.0,760.0,20.0
civil-segment-2223,line-28,at-grade,760.0,880.0,120.0
civil-segment-2224,line-28,elevated,880.0,920.0,40.0
civil-segment-2225,line-28,at-grade,920.0,1208.3,288.3
civil-segment-2226,line-28,elevated,1208.3,1268.3,60.0
civil-segment-2227,line-28,at-grade,1268.3,1488.3,220.0
civil-segment-2228,line-28,elevated,1488.3,1548.3,60.0
civil-segment-2229,line-28,at-grade,1548.3,2568.3,1020.0
civil-segment-2230,line-28,elevated,2568.3,2628.3,60.0
civil-segment-2231,line-28,at-grade,2628.3,3316.6,688.3
civil-segment-2232,line-28,elevated,3316.6,3376.6,60.0
civil-segment-2233,line-28,at-grade,3376.6,3436.6,60.0
civil-segment-2234,line-28,elevated,3436.6,3476.6,40.0
civil-segment-2235,line-28,at-grade,3476.6,4016.6,540.0
civil-segment-2236,line-28,elevated,4016.6,4076.6,60.0
civil-segment-2237,line-28,at-grade,4076.6,4176.6,100.0
civil-segment-2238,line-28,elevated,4176.6,4216.6,40.0
civil-segment-2239,line-28,at-grade,4216.6,4296.6,80.0
civil-segment-2240,line-28,elevated,4296.6,4336.6,40.0
civil-segment-2241,line-28,at-grade,4336.6,5176.6,840.0
civil-segment-2242,line-28,elevated,5176.6,5196.6,20.0
civil-segment-2243,line-28,at-grade,5196.6,5816.6,620.0
civil-segment-2244,line-28,elevated,5816.6,5916.6,100.0
civil-segment-2245,line-28,at-grade,5916.6,5996.6,80.0
civil-segment-2246,line-28,elevated,5996.6,6096.6,100.0
civil-segment-2247,line-28,at-grade,6096.6,6156.6,60.0
civil-segment-2248,line-28,elevated,6156.6,6256.6,100.0
civil-segment-2249,line-28,at-grade,6256.6,6656.6,400.0
civil-segment-2250,line-28,elevated,6656.6,6716.6,60.0
civil-segment-2251,line-28,at-grade,6716.6,7336.6,620.0
civil-segment-2252,line-28,elevated,7336.6,7404.9,68.3
civil-segment-2253,line-28,at-grade,7404.9,7493.1,88.2
civil-segment-2254,line-28,elevated,7493.1,7521.4,28.3
civil-segment-2255,line-28,elevated,7521.4,7549.7,28.3
civil-segment-2256,line-28,elevated,7549.7,7629.7,80.0
civil-segment-2257,line-28,elevated,7629.7,7709.7,80.0
civil-segment-2258,line-28,at-grade,7709.7,7729.7,20.0
civil-segment-2259,line-28,elevated,7729.7,7889.7,160.0
civil-segment-2260,line-28,at-grade,7889.7,8049.7,160.0
civil-segment-2261,line-28,elevated,8049.7,8098.0,48.3
civil-segment-2262,line-28,elevated,8098.0,8158.0,60.0
civil-segment-2263,line-28,elevated,8158.0,8178.0,20.0
civil-segment-2264,line-28,at-grade,8178.0,8206.3,28.3
civil-segment-2265,line-28,elevated,8206.3,8331.1,124.8
civil-segment-2266,line-28,elevated,8331.1,8359.4,28.3
civil-segment-2267,line-28,at-grade,8359.4,8416.0,56.6
civil-segment-2268,line-28,elevated,8416.0,8472.5,56.5
civil-segment-2269,line-28,at-grade,8472.5,8529.1,56.6
civil-segment-2270,line-28,elevated,8529.1,8642.3,113.2
civil-segment-2271,line-28,at-grade,8642.3,8925.1,282.8
civil-segment-2272,line-28,elevated,8925.1,9005.1,80.0
civil-segment-2273,line-28,elevated,9005.1,9105.1,100.0
civil-segment-2274,line-28,elevated,9105.1,9125.1,20.0
civil-segment-2275,line-28,at-grade,9125.1,9193.4,68.3
civil-segment-2276,line-28,elevated,9193.4,9221.7,28.3
civil-segment-2277,line-28,elevated,9221.7,9278.2,56.5
civil-segment-2278,line-28,at-grade,9278.2,9589.4,311.2
civil-segment-2279,line-28,elevated,9589.4,9617.6,28.2
civil-segment-2280,line-28,at-grade,9617.6,10068.8,451.2
civil-segment-2281,line-29,at-grade,0.0,28.3,28.3
civil-segment-2282,line-29,elevated,28.3,76.6,48.3
civil-segment-2283,line-29,elevated,76.6,96.6,20.0
civil-segment-2284,line-29,elevated,96.6,136.6,40.0
civil-segment-2285,line-29,elevated,136.6,156.6,20.0
civil-segment-2286,line-29,elevated,156.6,273.1,116.5
civil-segment-2287,line-29,at-grade,273.1,349.7,76.6
civil-segment-2288,line-29,elevated,349.7,369.7,20.0
civil-segment-2289,line-29,at-grade,369.7,418.0,48.3
civil-segment-2290,line-29,elevated,418.0,466.3,48.3
civil-segment-2291,line-29,at-grade,466.3,1047.1,580.8
civil-segment-2292,line-29,elevated,1047.1,1067.1,20.0
civil-segment-2293,line-29,at-grade,1067.1,1087.1,20.0
civil-segment-2294,line-29,elevated,1087.1,1147.1,60.0
civil-segment-2295,line-29,elevated,1147.1,1187.1,40.0
civil-segment-2296,line-29,at-grade,1187.1,1207.1,20.0
civil-segment-2297,line-29,elevated,1207.1,1235.4,28.3
civil-segment-2298,line-29,elevated,1235.4,1275.4,40.0
civil-segment-2299,line-29,at-grade,1275.4,1480.2,204.8
civil-segment-2300,line-29,elevated,1480.2,1508.5,28.3
civil-segment-2301,line-29,at-grade,1508.5,1681.7,173.2
civil-segment-2302,line-29,elevated,1681.7,1766.5,84.8
civil-segment-2303,line-29,at-grade,1766.5,1794.8,28.3
civil-segment-2304,line-29,elevated,1794.8,1823.1,28.3
civil-segment-2305,line-29,elevated,1823.1,1871.4,48.3
civil-segment-2306,line-29,at-grade,1871.4,2079.7,208.3
civil-segment-2307,line-29,elevated,2079.7,2107.9,28.2
civil-segment-2308,line-29,at-grade,2107.9,2156.2,48.3
civil-segment-2309,line-29,elevated,2156.2,2204.5,48.3
civil-segment-2310,line-29,at-grade,2204.5,2309.4,104.9
civil-segment-2311,line-29,elevated,2309.4,2422.5,113.1
civil-segment-2312,line-29,at-grade,2422.5,4233.6,1811.1
civil-segment-2313,line-29,elevated,4233.6,4253.6,20.0
civil-segment-2314,line-29,at-grade,4253.6,4413.6,160.0
civil-segment-2315,line-29,elevated,4413.6,4433.6,20.0
civil-segment-2316,line-29,at-grade,4433.6,4453.6,20.0
civil-segment-2317,line-29,elevated,4453.6,4473.6,20.0
civil-segment-2318,line-29,at-grade,4473.6,4633.6,160.0
civil-segment-2319,line-29,elevated,4633.6,4653.6,20.0
civil-segment-2320,line-29,at-grade,4653.6,4713.6,60.0
civil-segment-2321,line-29,elevated,4713.6,4793.6,80.0
civil-segment-2322,line-29,at-grade,4793.6,4853.6,60.0
civil-segment-2323,line-29,elevated,4853.6,4873.6,20.0
civil-segment-2324,line-29,at-grade,4873.6,4973.6,100.0
civil-segment-2325,line-29,elevated,4973.6,5213.6,240.0
civil-segment-2326,line-29,at-grade,5213.6,5413.6,200.0
civil-segment-2327,line-29,elevated,5413.6,6093.6,680.0
civil-segment-2328,line-30,bridge,0.0,160.0,160.0
civil-segment-2329,line-30,elevated,160.0,180.0,20.0
civil-segment-2330,line-30,bridge,180.0,260.0,80.0
civil-segment-2331,line-30,elevated,260.0,280.0,20.0
civil-segment-2332,line-30,bridge,280.0,340.0,60.0
civil-segment-2333,line-30,elevated,340.0,380.0,40.0
civil-segment-2334,line-30,bridge,380.0,440.0,60.0
civil-segment-2335,line-30,elevated,440.0,460.0,20.0
civil-segment-2336,line-30,bridge,460.0,600.0,140.0
civil-segment-2337,line-30,elevated,600.0,700.0,100.0
civil-segment-2338,line-30,elevated,700.0,720.0,20.0
civil-segment-2339,line-30,bridge,720.0,844.9,124.9
civil-segment-2340,line-30,elevated,844.9,929.7,84.8
civil-segment-2341,line-30,bridge,929.7,1131.1,201.4
civil-segment-2342,line-30,elevated,1131.1,1151.1,20.0
civil-segment-2343,line-30,elevated,1151.1,1991.1,840.0
civil-segment-2344,line-30,elevated,1991.1,2107.7,116.6
civil-segment-2345,line-30,elevated,2107.7,2729.9,622.2
civil-segment-2346,line-30,elevated,2729.9,2758.2,28.3
civil-segment-2347,line-30,elevated,2758.2,2846.5,88.3
civil-segment-2348,line-30,elevated,2846.5,2874.8,28.3
civil-segment-2349,line-30,elevated,2874.8,5279.0,2404.2
civil-segment-2350,line-30,elevated,5279.0,5347.2,68.2
civil-segment-2351,line-30,at-grade,5347.2,5427.2,80.0
civil-segment-2352,line-30,elevated,5427.2,5527.2,100.0
civil-segment-2353,line-30,at-grade,5527.2,5587.2,60.0
civil-segment-2354,line-30,elevated,5587.2,5667.2,80.0
civil-segment-2355,line-30,elevated,5667.2,5707.2,40.0
civil-segment-2356,line-30,at-grade,5707.2,6066.7,359.5
civil-segment-2357,line-30,elevated,6066.7,6094.9,28.2
civil-segment-2358,line-30,at-grade,6094.9,6264.7,169.8
civil-segment-2359,line-30,elevated,6264.7,6292.9,28.2
civil-segment-2360,line-30,at-grade,6292.9,6349.5,56.6
civil-segment-2361,line-30,elevated,6349.5,6377.8,28.3
civil-segment-2362,line-30,at-grade,6377.8,6745.5,367.7
civil-segment-2363,line-30,elevated,6745.5,8188.0,1442.5
civil-segment-2364,line-30,at-grade,8188.0,8753.7,565.7
civil-segment-2365,line-30,elevated,8753.7,8866.8,113.1
civil-segment-2366,line-30,at-grade,8866.8,8895.1,28.3
civil-segment-2367,line-31,at-grade,0.0,144.9,144.9
civil-segment-2368,line-31,elevated,144.9,164.9,20.0
civil-segment-2369,line-31,at-grade,164.9,451.1,286.2
civil-segment-2370,line-31,elevated,451.1,479.4,28.3
civil-segment-2371,line-31,at-grade,479.4,507.7,28.3
civil-segment-2372,line-31,elevated,507.7,536.0,28.3
civil-segment-2373,line-31,at-grade,536.0,1142.3,606.3
civil-segment-2374,line-31,elevated,1142.3,1182.3,40.0
civil-segment-2375,line-31,at-grade,1182.3,1258.8,76.5
civil-segment-2376,line-31,elevated,1258.8,1287.1,28.3
civil-segment-2377,line-31,at-grade,1287.1,1343.7,56.6
civil-segment-2378,line-31,elevated,1343.7,1400.2,56.5
civil-segment-2379,line-31,at-grade,1400.2,1456.8,56.6
civil-segment-2380,line-31,elevated,1456.8,1513.4,56.6
civil-segment-2381,line-31,at-grade,1513.4,1569.9,56.5
civil-segment-2382,line-31,elevated,1569.9,1654.8,84.9
civil-segment-2383,line-31,at-grade,1654.8,1796.2,141.4
civil-segment-2384,line-31,elevated,1796.2,1824.5,28.3
civil-segment-2385,line-31,at-grade,1824.5,1957.6,133.1
civil-segment-2386,line-31,elevated,1957.6,2042.5,84.9
civil-segment-2387,line-31,at-grade,2042.5,2099.1,56.6
civil-segment-2388,line-31,elevated,2099.1,2127.4,28.3
civil-segment-2389,line-31,at-grade,2127.4,2155.6,28.2
civil-segment-2390,line-31,elevated,2155.6,2325.3,169.7
civil-segment-2391,line-31,at-grade,2325.3,2410.2,84.9
civil-segment-2392,line-31,elevated,2410.2,2466.8,56.6
civil-segment-2393,line-31,at-grade,2466.8,2693.0,226.2
civil-segment-2394,line-31,elevated,2693.0,3230.4,537.4
civil-segment-2395,line-31,elevated,3230.4,3338.7,108.3
civil-segment-2396,line-31,elevated,3338.7,4678.7,1340.0
civil-segment-2397,line-31,elevated,4678.7,4718.7,40.0
civil-segment-2398,line-31,elevated,4718.7,4787.0,68.3
civil-segment-2399,line-31,elevated,4787.0,4807.0,20.0
civil-segment-2400,line-31,elevated,4807.0,7287.7,2480.7
civil-segment-2401,line-31,elevated,7287.7,7396.0,108.3
civil-segment-2402,line-31,elevated,7396.0,8596.0,1200.0
civil-segment-2403,line-31,elevated,8596.0,8712.6,116.6
civil-segment-2404,line-31,elevated,8712.6,11795.6,3083.0
civil-segment-2405,line-31,elevated,11795.6,11823.9,28.3
civil-segment-2406,line-31,elevated,11823.9,11960.4,136.5
civil-segment-2407,line-31,elevated,11960.4,11980.4,20.0
civil-segment-2408,line-31,elevated,11980.4,13380.4,1400.0
civil-segment-2409,line-31,elevated,13380.4,13497.0,116.6
civil-segment-2410,line-31,elevated,13497.0,14119.3,622.3
civil-segment-2411,line-32,elevated,0.0,594.0,594.0
civil-segment-2412,line-32,elevated,594.0,770.5,176.5
civil-segment-2413,line-32,elevated,770.5,798.8,28.3
civil-segment-2414,line-32,elevated,798.8,858.8,60.0
civil-segment-2415,line-32,elevated,858.8,1187.1,328.3
civil-segment-2416,line-32,elevated,1187.1,1303.7,116.6
civil-segment-2417,line-32,elevated,1303.7,3173.9,1870.2
civil-segment-2418,line-32,elevated,3173.9,3282.2,108.3
civil-segment-2419,line-32,elevated,3282.2,4562.2,1280.0
civil-segment-2420,line-32,elevated,4562.2,4678.7,116.5
civil-segment-2421,line-32,elevated,4678.7,7535.4,2856.7
civil-segment-2422,line-32,elevated,7535.4,7643.7,108.3
civil-segment-2423,line-32,elevated,7643.7,8483.7,840.0
civil-segment-2424,line-32,elevated,8483.7,8600.3,116.6
civil-segment-2425,line-32,elevated,8600.3,9222.5,622.2
civil-segment-2426,line-32,at-grade,9222.5,9250.8,28.3
civil-segment-2427,line-33,elevated,0.0,28.3,28.3
civil-segment-2428,line-33,elevated,28.3,164.9,136.6
civil-segment-2429,line-33,elevated,164.9,244.9,80.0
civil-segment-2430,line-33,at-grade,244.9,324.9,80.0
civil-segment-2431,line-33,elevated,324.9,364.9,40.0
civil-segment-2432,line-33,at-grade,364.9,598.0,233.1
civil-segment-2433,line-33,elevated,598.0,666.3,68.3
civil-segment-2434,line-33,at-grade,666.3,886.3,220.0
civil-segment-2435,line-33,elevated,886.3,966.3,80.0
civil-segment-2436,line-33,elevated,966.3,986.3,20.0
civil-segment-2437,line-33,at-grade,986.3,1196.0,209.7
civil-segment-2438,line-33,elevated,1196.0,1337.4,141.4
civil-segment-2439,line-33,at-grade,1337.4,1365.7,28.3
civil-segment-2440,line-33,elevated,1365.7,1422.3,56.6
civil-segment-2441,line-33,at-grade,1422.3,2051.4,629.1
civil-segment-2442,line-33,elevated,2051.4,2079.7,28.3
civil-segment-2443,line-33,at-grade,2079.7,2786.8,707.1
civil-segment-2444,line-33,elevated,2786.8,2843.3,56.5
civil-segment-2445,line-33,at-grade,2843.3,2899.9,56.6
civil-segment-2446,line-33,elevated,2899.9,4370.7,1470.8
civil-segment-2447,line-33,at-grade,4370.7,4487.2,116.5
civil-segment-2448,line-33,elevated,4487.2,4515.5,28.3
civil-segment-2449,line-33,at-grade,4515.5,5137.8,622.3
civil-segment-2450,line-33,elevated,5137.8,5166.1,28.3
civil-segment-2451,line-33,at-grade,5166.1,5448.9,282.8
civil-segment-2452,line-33,elevated,5448.9,5477.2,28.3
civil-segment-2453,line-33,at-grade,5477.2,5505.5,28.3
civil-segment-2454,line-33,elevated,5505.5,5533.8,28.3
civil-segment-2455,line-33,at-grade,5533.8,6014.6,480.8
civil-segment-2456,line-33,elevated,6014.6,6071.2,56.6
civil-segment-2457,line-33,at-grade,6071.2,6127.7,56.5
civil-segment-2458,line-33,elevated,6127.7,6156.0,28.3
civil-segment-2459,line-33,at-grade,6156.0,6354.0,198.0
civil-segment-2460,line-33,elevated,6354.0,6410.6,56.6
civil-segment-2461,line-33,at-grade,6410.6,6467.1,56.5
civil-segment-2462,line-33,elevated,6467.1,6487.1,20.0
civil-segment-2463,line-33,at-grade,6487.1,6507.1,20.0
civil-segment-2464,line-34,elevated,0.0,905.1,905.1
civil-segment-2465,line-34,elevated,905.1,993.4,88.3
civil-segment-2466,line-34,elevated,993.4,1033.4,40.0
civil-segment-2467,line-34,elevated,1033.4,1101.7,68.3
civil-segment-2468,line-34,elevated,1101.7,1129.9,28.2
civil-segment-2469,line-34,elevated,1129.9,1169.9,40.0
civil-segment-2470,line-34,elevated,1169.9,1209.9,40.0
civil-segment-2471,line-34,elevated,1209.9,1338.2,128.3
civil-segment-2472,line-34,elevated,1338.2,1366.5,28.3
civil-segment-2473,line-34,elevated,1366.5,3770.7,2404.2
civil-segment-2474,line-34,elevated,3770.7,3879.0,108.3
civil-segment-2475,line-34,elevated,3879.0,5679.0,1800.0
civil-segment-2476,line-34,elevated,5679.0,5795.5,116.5
civil-segment-2477,line-34,elevated,5795.5,7492.6,1697.1
civil-segment-2478,line-35,elevated,0.0,520.0,520.0
civil-segment-2479,line-35,at-grade,520.0,2434.6,1914.6
civil-segment-2480,line-35,elevated,2434.6,2491.1,56.5
civil-segment-2481,line-35,at-grade,2491.1,3116.0,624.9
civil-segment-2482,line-35,elevated,3116.0,3156.0,40.0
civil-segment-2483,line-35,at-grade,3156.0,3956.0,800.0
civil-segment-2484,line-35,elevated,3956.0,3976.0,20.0
civil-segment-2485,line-35,at-grade,3976.0,4016.0,40.0
civil-segment-2486,line-35,elevated,4016.0,4176.0,160.0
civil-segment-2487,line-35,at-grade,4176.0,4264.3,88.3
civil-segment-2488,line-35,elevated,4264.3,4664.3,400.0
civil-segment-2489,line-35,bridge,4664.3,4704.3,40.0
civil-segment-2490,line-35,elevated,4704.3,4764.3,60.0
civil-segment-2491,line-35,elevated,4764.3,4824.3,60.0
civil-segment-2492,line-35,bridge,4824.3,4852.5,28.2
civil-segment-2493,line-35,elevated,4852.5,4880.8,28.3
civil-segment-2494,line-35,bridge,4880.8,4909.1,28.3
civil-segment-2495,line-35,at-grade,4909.1,5691.4,782.3
civil-segment-2496,line-35,elevated,5691.4,5711.4,20.0
civil-segment-2497,line-35,at-grade,5711.4,5811.4,100.0
civil-segment-2498,line-35,elevated,5811.4,5931.4,120.0
civil-segment-2499,line-35,at-grade,5931.4,6031.4,100.0
civil-segment-2500,line-35,elevated,6031.4,6051.4,20.0
civil-segment-2501,line-35,at-grade,6051.4,6491.4,440.0
civil-segment-2502,line-35,elevated,6491.4,6511.4,20.0
civil-segment-2503,line-35,at-grade,6511.4,6711.4,200.0
civil-segment-2504,line-35,elevated,6711.4,6771.4,60.0
civil-segment-2505,line-35,at-grade,6771.4,7131.4,360.0
civil-segment-2506,line-35,elevated,7131.4,7259.7,128.3
civil-segment-2507,line-35,at-grade,7259.7,7319.7,60.0
civil-segment-2508,line-35,elevated,7319.7,7619.7,300.0
civil-segment-2509,line-35,bridge,7619.7,7819.7,200.0
civil-segment-2510,line-35,elevated,7819.7,7859.7,40.0
civil-segment-2511,line-35,bridge,7859.7,8059.7,200.0
civil-segment-2512,line-35,elevated,8059.7,8087.9,28.2
civil-segment-2513,line-35,bridge,8087.9,8127.9,40.0
civil-segment-2514,line-35,elevated,8127.9,8207.9,80.0
civil-segment-2515,line-35,bridge,8207.9,8227.9,20.0
civil-segment-2516,line-35,elevated,8227.9,8287.9,60.0
civil-segment-2517,line-35,bridge,8287.9,8327.9,40.0
civil-segment-2518,line-35,elevated,8327.9,8347.9,20.0
civil-segment-2519,line-35,bridge,8347.9,8547.9,200.0
civil-segment-2520,line-35,elevated,8547.9,8567.9,20.0
civil-segment-2521,line-35,bridge,8567.9,8607.9,40.0
civil-segment-2522,line-35,elevated,8607.9,8687.9,80.0
civil-segment-2523,line-35,bridge,8687.9,8787.9,100.0
civil-segment-2524,line-35,elevated,8787.9,8867.9,80.0
civil-segment-2525,line-35,bridge,8867.9,8967.9,100.0
civil-segment-2526,line-35,elevated,8967.9,9007.9,40.0
civil-segment-2527,line-35,bridge,9007.9,9227.9,220.0
civil-segment-2528,line-35,elevated,9227.9,9247.9,20.0
civil-segment-2529,line-35,bridge,9247.9,9407.9,160.0
civil-segment-2530,line-35,elevated,9407.9,9487.9,80.0
civil-segment-2531,line-35,bridge,9487.9,9587.9,100.0
civil-segment-2532,line-35,elevated,9587.9,9627.9,40.0
civil-segment-2533,line-35,bridge,9627.9,9747.9,120.0
civil-segment-2534,line-35,elevated,9747.9,9827.9,80.0
civil-segment-2535,line-35,bridge,9827.9,9927.9,100.0
civil-segment-2536,line-35,elevated,9927.9,9987.9,60.0
civil-segment-2537,line-35,bridge,9987.9,10147.9,160.0
civil-segment-2538,line-35,elevated,10147.9,10167.9,20.0
civil-segment-2539,line-36,elevated,0.0,580.0,580.0
civil-segment-2540,line-36,elevated,580.0,620.0,40.0
civil-segment-2541,line-36,elevated,620.0,680.0,60.0
civil-segment-2542,line-36,elevated,680.0,740.0,60.0
civil-segment-2543,line-36,elevated,740.0,780.0,40.0
civil-segment-2544,line-36,elevated,780.0,840.0,60.0
civil-segment-2545,line-36,elevated,840.0,880.0,40.0
civil-segment-2546,line-36,elevated,880.0,900.0,20.0
civil-segment-2547,line-36,elevated,900.0,920.0,20.0
civil-segment-2548,line-36,elevated,920.0,940.0,20.0
civil-segment-2549,line-36,elevated,940.0,1000.0,60.0
civil-segment-2550,line-36,elevated,1000.0,1020.0,20.0
civil-segment-2551,line-36,elevated,1020.0,1060.0,40.0
civil-segment-2552,line-36,elevated,1060.0,2640.0,1580.0
civil-segment-2553,line-36,elevated,2640.0,2680.0,40.0
civil-segment-2554,line-36,elevated,2680.0,2700.0,20.0
civil-segment-2555,line-36,elevated,2700.0,2720.0,20.0
civil-segment-2556,line-36,elevated,2720.0,2740.0,20.0
civil-segment-2557,line-36,elevated,2740.0,2760.0,20.0
civil-segment-2558,line-36,elevated,2760.0,3020.0,260.0
civil-segment-2559,line-36,elevated,3020.0,3040.0,20.0
civil-segment-2560,line-36,elevated,3040.0,3100.0,60.0
civil-segment-2561,line-36,elevated,3100.0,3120.0,20.0
civil-segment-2562,line-36,elevated,3120.0,3160.0,40.0
civil-segment-2563,line-36,elevated,3160.0,3180.0,20.0
civil-segment-2564,line-36,elevated,3180.0,3220.0,40.0
civil-segment-2565,line-36,elevated,3220.0,3280.0,60.0
civil-segment-2566,line-36,elevated,3280.0,3300.0,20.0
civil-segment-2567,line-36,elevated,3300.0,3380.0,80.0
civil-segment-2568,line-36,elevated,3380.0,3400.0,20.0
civil-segment-2569,line-36,elevated,3400.0,3420.0,20.0
civil-segment-2570,line-36,elevated,3420.0,3740.0,320.0
civil-segment-2571,line-36,elevated,3740.0,3800.0,60.0
civil-segment-2572,line-36,elevated,3800.0,3820.0,20.0
civil-segment-2573,line-36,elevated,3820.0,3860.0,40.0
civil-segment-2574,line-36,elevated,3860.0,3880.0,20.0
civil-segment-2575,line-36,elevated,3880.0,3900.0,20.0
civil-segment-2576,line-36,elevated,3900.0,3920.0,20.0
civil-segment-2577,line-36,elevated,3920.0,3940.0,20.0
civil-segment-2578,line-36,elevated,3940.0,3960.0,20.0
civil-segment-2579,line-36,elevated,3960.0,4000.0,40.0
civil-segment-2580,line-36,elevated,4000.0,4080.0,80.0
civil-segment-2581,line-36,elevated,4080.0,4100.0,20.0
civil-segment-2582,line-36,elevated,4100.0,5120.0,1020.0
civil-segment-2583,line-36,elevated,5120.0,5160.0,40.0
civil-segment-2584,line-36,elevated,5160.0,5180.0,20.0
civil-segment-2585,line-36,elevated,5180.0,5220.0,40.0
civil-segment-2586,line-36,elevated,5220.0,5240.0,20.0
civil-segment-2587,line-36,elevated,5240.0,5260.0,20.0
civil-segment-2588,line-36,elevated,5260.0,5280.0,20.0
civil-segment-2589,line-36,elevated,5280.0,5320.0,40.0
civil-segment-2590,line-36,elevated,5320.0,5340.0,20.0
civil-segment-2591,line-36,elevated,5340.0,5400.0,60.0
civil-segment-2592,line-36,elevated,5400.0,5420.0,20.0
civil-segment-2593,line-36,elevated,5420.0,5440.0,20.0
civil-segment-2594,line-36,elevated,5440.0,5540.0,100.0
civil-segment-2595,line-36,elevated,5540.0,5580.0,40.0
civil-segment-2596,line-36,elevated,5580.0,5600.0,20.0
civil-segment-2597,line-36,elevated,5600.0,5660.0,60.0
civil-segment-2598,line-36,elevated,5660.0,5680.0,20.0
civil-segment-2599,line-36,elevated,5680.0,5700.0,20.0
civil-segment-2600,line-36,elevated,5700.0,5740.0,40.0
civil-segment-2601,line-36,elevated,5740.0,5760.0,20.0
civil-segment-2602,line-36,elevated,5760.0,5820.0,60.0
civil-segment-2603,line-36,bridge,5820.0,6040.0,220.0
civil-segment-2604,line-36,elevated,6040.0,6080.0,40.0
civil-segment-2605,line-36,elevated,6080.0,6100.0,20.0
civil-segment-2606,line-36,elevated,6100.0,6120.0,20.0
civil-segment-2607,line-36,elevated,6120.0,6140.0,20.0
civil-segment-2608,line-36,elevated,6140.0,6160.0,20.0
civil-segment-2609,line-36,elevated,6160.0,6200.0,40.0
civil-segment-2610,line-36,elevated,6200.0,6220.0,20.0
civil-segment-2611,line-36,elevated,6220.0,6280.0,60.0
civil-segment-2612,line-36,elevated,6280.0,6320.0,40.0
civil-segment-2613,line-36,elevated,6320.0,6340.0,20.0
civil-segment-2614,line-36,elevated,6340.0,6360.0,20.0
civil-segment-2615,line-36,elevated,6360.0,6380.0,20.0
civil-segment-2616,line-36,elevated,6380.0,6400.0,20.0
civil-segment-2617,line-36,elevated,6400.0,6440.0,40.0
civil-segment-2618,line-36,elevated,6440.0,6460.0,20.0
civil-segment-2619,line-36,elevated,6460.0,6480.0,20.0
civil-segment-2620,line-36,elevated,6480.0,6500.0,20.0
civil-segment-2621,line-36,elevated,6500.0,6580.0,80.0
civil-segment-2622,line-36,elevated,6580.0,6600.0,20.0
civil-segment-2623,line-36,elevated,6600.0,6680.0,80.0
civil-segment-2624,line-36,elevated,6680.0,6700.0,20.0
civil-segment-2625,line-36,elevated,6700.0,6720.0,20.0
civil-segment-2626,line-36,bridge,6720.0,6740.0,20.0
civil-segment-2627,line-36,elevated,6740.0,6760.0,20.0
civil-segment-2628,line-36,bridge,6760.0,6800.0,40.0
civil-segment-2629,line-36,elevated,6800.0,6820.0,20.0
civil-segment-2630,line-36,bridge,6820.0,6840.0,20.0
civil-segment-2631,line-36,elevated,6840.0,6860.0,20.0
civil-segment-2632,line-36,bridge,6860.0,6880.0,20.0
civil-segment-2633,line-36,elevated,6880.0,6900.0,20.0
civil-segment-2634,line-36,bridge,6900.0,6920.0,20.0
civil-segment-2635,line-36,elevated,6920.0,6940.0,20.0
civil-segment-2636,line-36,bridge,6940.0,6960.0,20.0
civil-segment-2637,line-36,elevated,6960.0,6980.0,20.0
civil-segment-2638,line-36,bridge,6980.0,7000.0,20.0
civil-segment-2639,line-36,elevated,7000.0,7020.0,20.0
civil-segment-2640,line-36,elevated,7020.0,7040.0,20.0
civil-segment-2641,line-36,elevated,7040.0,7080.0,40.0
civil-segment-2642,line-36,elevated,7080.0,7220.0,140.0
civil-segment-2643,line-36,elevated,7220.0,7240.0,20.0
civil-segment-2644,line-36,elevated,7240.0,7340.0,100.0
civil-segment-2645,line-36,elevated,7340.0,7360.0,20.0
civil-segment-2646,line-36,elevated,7360.0,7400.0,40.0
civil-segment-2647,line-36,elevated,7400.0,7420.0,20.0
civil-segment-2648,line-36,elevated,7420.0,7520.0,100.0
civil-segment-2649,line-36,elevated,7520.0,7540.0,20.0
civil-segment-2650,line-36,elevated,7540.0,7680.0,140.0
civil-segment-2651,line-36,elevated,7680.0,7700.0,20.0
civil-segment-2652,line-36,elevated,7700.0,7800.0,100.0
civil-segment-2653,line-36,elevated,7800.0,7820.0,20.0
civil-segment-2654,line-36,elevated,7820.0,7960.0,140.0
civil-segment-2655,line-36,elevated,7960.0,8000.0,40.0
civil-segment-2656,line-36,elevated,8000.0,8100.0,100.0
civil-segment-2657,line-36,elevated,8100.0,8120.0,20.0
civil-segment-2658,line-36,elevated,8120.0,8540.0,420.0
civil-segment-2659,line-36,elevated,8540.0,8560.0,20.0
civil-segment-2660,line-36,elevated,8560.0,8660.0,100.0
civil-segment-2661,line-36,elevated,8660.0,8680.0,20.0
civil-segment-2662,line-36,elevated,8680.0,8700.0,20.0
civil-segment-2663,line-36,elevated,8700.0,8740.0,40.0
civil-segment-2664,line-36,elevated,8740.0,8780.0,40.0
civil-segment-2665,line-36,elevated,8780.0,8820.0,40.0
civil-segment-2666,line-36,elevated,8820.0,8860.0,40.0
civil-segment-2667,line-36,elevated,8860.0,8900.0,40.0
civil-segment-2668,line-36,elevated,8900.0,8940.0,40.0
civil-segment-2669,line-36,elevated,8940.0,8980.0,40.0
civil-segment-2670,line-36,elevated,8980.0,9020.0,40.0
civil-segment-2671,line-36,elevated,9020.0,9060.0,40.0
civil-segment-2672,line-36,elevated,9060.0,9080.0,20.0
civil-segment-2673,line-36,elevated,9080.0,9100.0,20.0
civil-segment-2674,line-36,elevated,9100.0,9140.0,40.0
civil-segment-2675,line-36,elevated,9140.0,9160.0,20.0
civil-segment-2676,line-36,elevated,9160.0,9180.0,20.0
civil-segment-2677,line-36,elevated,9180.0,9240.0,60.0
civil-segment-2678,line-36,elevated,9240.0,9260.0,20.0
civil-segment-2679,line-36,elevated,9260.0,9280.0,20.0
civil-segment-2680,line-36,elevated,9280.0,9300.0,20.0
civil-segment-2681,line-36,elevated,9300.0,9340.0,40.0
civil-segment-2682,line-36,elevated,9340.0,9380.0,40.0
civil-segment-2683,line-36,elevated,9380.0,9400.0,20.0
civil-segment-2684,line-36,elevated,9400.0,9420.0,20.0
civil-segment-2685,line-36,elevated,9420.0,9480.0,60.0
civil-segment-2686,line-36,elevated,9480.0,9520.0,40.0
civil-segment-2687,line-36,elevated,9520.0,9660.0,140.0
civil-segment-2688,line-37,elevated,0.0,735.4,735.4
civil-segment-2689,line-37,elevated,735.4,783.7,48.3
civil-segment-2690,line-37,elevated,783.7,1016.8,233.1
civil-segment-2691,line-37,elevated,1016.8,1036.8,20.0
civil-segment-2692,line-37,elevated,1036.8,2516.8,1480.0
civil-segment-2693,line-37,elevated,2516.8,2633.4,116.6
civil-segment-2694,line-37,elevated,2633.4,5037.5,2404.1
civil-segment-2695,line-37,elevated,5037.5,5145.8,108.3
civil-segment-2696,line-37,elevated,5145.8,5925.8,780.0
civil-segment-2697,line-37,elevated,5925.8,6042.4,116.6
civil-segment-2698,line-37,elevated,6042.4,7032.3,989.9
civil-segment-2699,line-37,elevated,7032.3,7140.6,108.3
civil-segment-2700,line-37,elevated,7140.6,7360.6,220.0
civil-segment-2701,line-37,elevated,7360.6,7477.2,116.6
civil-segment-2702,line-37,elevated,7477.2,7816.6,339.4
civil-segment-2703,line-37,elevated,7816.6,7924.9,108.3
civil-segment-2704,line-37,elevated,7924.9,8024.9,100.0
civil-segment-2705,line-37,bridge,8024.9,8124.9,100.0
civil-segment-2706,line-37,elevated,8124.9,8144.9,20.0
civil-segment-2707,line-37,bridge,8144.9,8344.9,200.0
civil-segment-2708,line-37,elevated,8344.9,8384.9,40.0
civil-segment-2709,line-37,bridge,8384.9,8684.9,300.0
civil-segment-2710,line-37,elevated,8684.9,8824.9,140.0
civil-segment-2711,line-37,bridge,8824.9,8864.9,40.0
civil-segment-2712,line-37,elevated,8864.9,9124.9,260.0
civil-segment-2713,line-37,bridge,9124.9,9241.5,116.6
civil-segment-2714,line-37,elevated,9241.5,9261.5,20.0
civil-segment-2715,line-37,elevated,9261.5,9422.9,161.4
civil-segment-2716,line-37,elevated,9422.9,9451.2,28.3
civil-segment-2717,line-37,elevated,9451.2,9972.0,520.8
civil-segment-2718,line-38,elevated,0.0,537.4,537.4
civil-segment-2719,line-38,elevated,537.4,645.7,108.3
civil-segment-2720,line-38,elevated,645.7,1745.7,1100.0
civil-segment-2721,line-38,elevated,1745.7,1765.7,20.0
civil-segment-2722,line-38,elevated,1765.7,1865.7,100.0
civil-segment-2723,line-38,elevated,1865.7,1905.7,40.0
civil-segment-2724,line-38,elevated,1905.7,1954.0,48.3
civil-segment-2725,line-38,elevated,1954.0,1982.3,28.3
civil-segment-2726,line-38,elevated,1982.3,2042.3,60.0
civil-segment-2727,line-38,elevated,2042.3,2250.5,208.2
civil-segment-2728,line-38,elevated,2250.5,2347.1,96.6
civil-segment-2729,line-38,elevated,2347.1,3541.9,1194.8
civil-segment-2730,line-38,elevated,3541.9,3618.5,76.6
civil-segment-2731,line-38,elevated,3618.5,3723.3,104.8
civil-segment-2732,line-38,elevated,3723.3,3771.6,48.3
civil-segment-2733,line-38,elevated,3771.6,3953.0,181.4
civil-segment-2734,line-38,bridge,3953.0,4049.6,96.6
civil-segment-2735,line-38,elevated,4049.6,4117.9,68.3
civil-segment-2736,line-38,elevated,4117.9,4137.9,20.0
civil-segment-2737,line-38,elevated,4137.9,4194.5,56.6
civil-segment-2738,line-38,bridge,4194.5,4222.7,28.2
civil-segment-2739,line-38,elevated,4222.7,4279.3,56.6
civil-segment-2740,line-38,bridge,4279.3,4335.9,56.6
civil-segment-2741,line-38,elevated,4335.9,4404.2,68.3
civil-segment-2742,line-38,bridge,4404.2,4424.2,20.0
civil-segment-2743,line-38,elevated,4424.2,4444.2,20.0
civil-segment-2744,line-38,bridge,4444.2,4724.2,280.0
civil-segment-2745,line-38,elevated,4724.2,4744.2,20.0
civil-segment-2746,line-38,bridge,4744.2,4804.2,60.0
civil-segment-2747,line-38,elevated,4804.2,4824.2,20.0
civil-segment-2748,line-38,bridge,4824.2,5024.2,200.0
civil-segment-2749,line-38,elevated,5024.2,5104.2,80.0
civil-segment-2750,line-38,bridge,5104.2,5164.2,60.0
civil-segment-2751,line-38,elevated,5164.2,5284.2,120.0
civil-segment-2752,line-38,bridge,5284.2,5324.2,40.0
civil-segment-2753,line-38,elevated,5324.2,5384.2,60.0
civil-segment-2754,line-38,bridge,5384.2,5504.2,120.0
civil-segment-2755,line-38,elevated,5504.2,5544.2,40.0
civil-segment-2756,line-38,elevated,5544.2,5564.2,20.0
civil-segment-2757,line-38,bridge,5564.2,5660.7,96.5
civil-segment-2758,line-38,elevated,5660.7,5745.6,84.9
civil-segment-2759,line-38,bridge,5745.6,5943.6,198.0
civil-segment-2760,line-38,elevated,5943.6,6028.4,84.8
civil-segment-2761,line-39,elevated,0.0,905.1,905.1
civil-segment-2762,line-39,elevated,905.1,993.4,88.3
civil-segment-2763,line-39,elevated,993.4,1033.4,40.0
civil-segment-2764,line-39,elevated,1033.4,1101.7,68.3
civil-segment-2765,line-39,elevated,1101.7,1129.9,28.2
civil-segment-2766,line-39,elevated,1129.9,1169.9,40.0
civil-segment-2767,line-39,elevated,1169.9,1229.9,60.0
civil-segment-2768,line-39,elevated,1229.9,1306.5,76.6
civil-segment-2769,line-39,elevated,1306.5,1447.9,141.4
civil-segment-2770,line-39,elevated,1447.9,1556.2,108.3
civil-segment-2771,line-39,elevated,1556.2,1756.2,200.0
civil-segment-2772,line-39,bridge,1756.2,1776.2,20.0
civil-segment-2773,line-39,elevated,1776.2,2036.2,260.0
civil-segment-2774,line-39,bridge,2036.2,2216.2,180.0
civil-segment-2775,line-39,elevated,2216.2,2296.2,80.0
civil-segment-2776,line-39,bridge,2296.2,2316.2,20.0
civil-segment-2777,line-39,elevated,2316.2,2336.2,20.0
civil-segment-2778,line-39,bridge,2336.2,2376.2,40.0
civil-segment-2779,line-39,elevated,2376.2,2636.2,260.0
civil-segment-2780,line-39,elevated,2636.2,2724.5,88.3
civil-segment-2781,line-39,elevated,2724.5,2772.8,48.3
civil-segment-2782,line-39,bridge,2772.8,2821.1,48.3
civil-segment-2783,line-39,elevated,2821.1,2841.1,20.0
civil-segment-2784,line-39,bridge,2841.1,2861.1,20.0
civil-segment-2785,line-39,elevated,2861.1,2889.4,28.3
civil-segment-2786,line-39,bridge,2889.4,2909.4,20.0
civil-segment-2787,line-39,elevated,2909.4,2977.6,68.2
civil-segment-2788,line-39,elevated,2977.6,3017.6,40.0
civil-segment-2789,line-39,elevated,3017.6,3417.6,400.0
civil-segment-2790,line-39,elevated,3417.6,3534.2,116.6
civil-segment-2791,line-39,elevated,3534.2,3647.4,113.2
civil-segment-2792,line-39,elevated,3647.4,3755.6,108.2
civil-segment-2793,line-39,elevated,3755.6,6035.6,2280.0
civil-segment-2794,line-40,elevated,0.0,60.0,60.0
civil-segment-2795,line-40,elevated,60.0,148.3,88.3
civil-segment-2796,line-40,elevated,148.3,176.6,28.3
civil-segment-2797,line-40,elevated,176.6,236.6,60.0
civil-segment-2798,line-40,elevated,236.6,296.6,60.0
civil-segment-2799,line-40,elevated,296.6,344.9,48.3
civil-segment-2800,line-40,elevated,344.9,364.9,20.0
civil-segment-2801,line-40,elevated,364.9,413.1,48.2
civil-segment-2802,line-40,elevated,413.1,922.3,509.2
civil-segment-2803,line-40,at-grade,922.3,1366.5,444.2
civil-segment-2804,line-40,elevated,1366.5,1394.8,28.3
civil-segment-2805,line-40,at-grade,1394.8,1830.8,436.0
civil-segment-2806,line-40,elevated,1830.8,3273.3,1442.5
civil-segment-2807,line-40,at-grade,3273.3,3329.8,56.5
civil-segment-2808,line-40,elevated,3329.8,3641.0,311.2
civil-segment-2809,line-40,elevated,3641.0,3749.3,108.3
civil-segment-2810,line-40,elevated,3749.3,4049.3,300.0
civil-segment-2811,line-40,elevated,4049.3,4165.8,116.5
civil-segment-2812,line-40,elevated,4165.8,6541.7,2375.9
civil-segment-2813,line-40,elevated,6541.7,6590.0,48.3
civil-segment-2814,line-40,elevated,6590.0,6650.0,60.0
civil-segment-2815,line-40,elevated,6650.0,6678.3,28.3
civil-segment-2816,line-40,elevated,6678.3,6763.1,84.8
civil-segment-2817,line-40,elevated,6763.1,6843.1,80.0
civil-segment-2818,line-40,elevated,6843.1,6883.1,40.0
civil-segment-2819,line-40,elevated,6883.1,6971.4,88.3
civil-segment-2820,line-40,elevated,6971.4,7370.8,399.4
civil-segment-2821,line-41,elevated,0.0,880.0,880.0
civil-segment-2822,line-41,elevated,880.0,900.0,20.0
civil-segment-2823,line-41,elevated,900.0,960.0,60.0
civil-segment-2824,line-41,elevated,960.0,980.0,20.0
civil-segment-2825,line-41,elevated,980.0,3460.7,2480.7
civil-segment-2826,line-41,elevated,3460.7,3569.0,108.3
civil-segment-2827,line-41,elevated,3569.0,4349.0,780.0
civil-segment-2828,line-41,elevated,4349.0,4465.6,116.6
civil-segment-2829,line-41,elevated,4465.6,8284.0,3818.4
civil-segment-2830,line-42,elevated,0.0,735.4,735.4
civil-segment-2831,line-42,at-grade,735.4,1234.8,499.4
civil-segment-2832,line-42,elevated,1234.8,1263.1,28.3
civil-segment-2833,line-42,at-grade,1263.1,2790.4,1527.3
civil-segment-2834,line-42,elevated,2790.4,2818.7,28.3
civil-segment-2835,line-42,at-grade,2818.7,3045.0,226.3
civil-segment-2836,line-42,elevated,3045.0,3129.8,84.8
civil-segment-2837,line-42,at-grade,3129.8,3469.3,339.5
civil-segment-2838,line-42,elevated,3469.3,3525.8,56.5
civil-segment-2839,line-42,at-grade,3525.8,3610.7,84.9
civil-segment-2840,line-42,elevated,3610.7,3667.2,56.5
civil-segment-2841,line-42,at-grade,3667.2,4007.2,340.0
civil-segment-2842,line-42,elevated,4007.2,4047.2,40.0
civil-segment-2843,line-42,at-grade,4047.2,4327.2,280.0
civil-segment-2844,line-42,elevated,4327.2,4347.2,20.0
civil-segment-2845,line-42,at-grade,4347.2,5187.2,840.0
civil-segment-2846,line-42,bridge,5187.2,6755.5,1568.3
civil-segment-2847,line-43,elevated,0.0,28.3,28.3
civil-segment-2848,line-43,elevated,28.3,124.9,96.6
civil-segment-2849,line-43,elevated,124.9,164.9,40.0
civil-segment-2850,line-43,elevated,164.9,184.9,20.0
civil-segment-2851,line-43,elevated,184.9,281.4,96.5
civil-segment-2852,line-43,at-grade,281.4,358.0,76.6
civil-segment-2853,line-43,elevated,358.0,378.0,20.0
civil-segment-2854,line-43,at-grade,378.0,426.3,48.3
civil-segment-2855,line-43,elevated,426.3,446.3,20.0
civil-segment-2856,line-43,elevated,446.3,474.6,28.3
civil-segment-2857,line-43,at-grade,474.6,1035.4,560.8
civil-segment-2858,line-43,elevated,1035.4,1075.4,40.0
civil-segment-2859,line-43,at-grade,1075.4,1095.4,20.0
civil-segment-2860,line-43,elevated,1095.4,1195.4,100.0
civil-segment-2861,line-43,at-grade,1195.4,1215.4,20.0
civil-segment-2862,line-43,elevated,1215.4,1283.7,68.3
civil-segment-2863,line-43,at-grade,1283.7,1963.7,680.0
civil-segment-2864,line-43,elevated,1963.7,1983.7,20.0
civil-segment-2865,line-43,at-grade,1983.7,2003.7,20.0
civil-segment-2866,line-43,elevated,2003.7,2043.7,40.0
civil-segment-2867,line-43,at-grade,2043.7,2063.7,20.0
civil-segment-2868,line-43,elevated,2063.7,2103.7,40.0
civil-segment-2869,line-43,at-grade,2103.7,2480.2,376.5
civil-segment-2870,line-43,elevated,2480.2,4451.9,1971.7
civil-segment-2871,line-43,elevated,4451.9,4560.1,108.2
civil-segment-2872,line-43,elevated,4560.1,4788.4,228.3
civil-segment-2873,line-43,elevated,4788.4,4856.7,68.3
civil-segment-2874,line-43,at-grade,4856.7,5089.8,233.1
civil-segment-2875,line-43,elevated,5089.8,5146.4,56.6
civil-segment-2876,line-43,at-grade,5146.4,5881.8,735.4
civil-segment-2877,line-43,elevated,5881.8,5910.1,28.3
civil-segment-2878,line-43,at-grade,5910.1,6051.5,141.4
civil-segment-2879,line-43,elevated,6051.5,6079.8,28.3
civil-segment-2880,line-43,at-grade,6079.8,6136.4,56.6
civil-segment-2881,line-43,elevated,6136.4,6249.5,113.1
civil-segment-2882,line-43,at-grade,6249.5,6334.4,84.9
civil-segment-2883,line-43,elevated,6334.4,6362.6,28.2
civil-segment-2884,line-43,at-grade,6362.6,6487.5,124.9
civil-segment-2885,line-43,elevated,6487.5,6527.5,40.0
civil-segment-2886,line-43,at-grade,6527.5,6547.5,20.0
civil-segment-2887,line-43,elevated,6547.5,6575.8,28.3
civil-segment-2888,line-43,at-grade,6575.8,6635.8,60.0
civil-segment-2889,line-43,elevated,6635.8,6655.8,20.0
civil-segment-2890,line-43,at-grade,6655.8,6892.3,236.5
civil-segment-2891,line-44,elevated,0.0,28.284,28.284
civil-segment-2892,line-44,elevated,28.284,56.6,28.316
civil-segment-2893,line-44,at-grade,56.6,136.6,80.0
civil-segment-2894,line-44,elevated,136.6,276.6,140.0
civil-segment-2895,line-44,at-grade,276.6,316.6,40.0
civil-segment-2896,line-44,elevated,316.6,536.6,220.0
civil-segment-2897,line-44,at-grade,536.6,616.6,80.0
civil-segment-2898,line-44,elevated,616.6,916.569,299.969
civil-segment-2899,line-44,elevated,916.569,944.9,28.331
civil-segment-2900,line-44,elevated,944.9,1649.1,704.2
civil-segment-2901,line-44,elevated,1649.1,1757.4,108.3
civil-segment-2902,line-44,elevated,1757.4,2257.4,500.0
civil-segment-2903,line-44,elevated,2257.4,2277.4,20.0
civil-segment-2904,line-44,bridge,2277.4,2297.4,20.0
civil-segment-2905,line-44,elevated,2297.4,2345.7,48.3
civil-segment-2906,line-44,bridge,2345.7,2374.0,28.3
civil-segment-2907,line-44,elevated,2374.0,2939.7,565.7
civil-segment-2908,line-44,elevated,2939.7,2967.9,28.2
civil-segment-2909,line-44,elevated,2967.9,3096.2,128.3
civil-segment-2910,line-44,elevated,3096.2,3116.2,20.0
civil-segment-2911,line-44,elevated,3116.2,3376.2,260.0
civil-segment-2912,line-44,elevated,3376.2,3436.2,60.0
civil-segment-2913,line-44,elevated,3436.2,3476.2,40.0
civil-segment-2914,line-44,elevated,3476.2,3536.2,60.0
civil-segment-2915,line-44,elevated,3536.2,3576.2,40.0
civil-segment-2916,line-44,elevated,3576.2,3636.2,60.0
civil-segment-2917,line-44,elevated,3636.2,3756.2,120.0
civil-segment-2918,line-44,elevated,3756.2,3776.2,20.0
civil-segment-2919,line-44,elevated,3776.2,3876.2,100.0
civil-segment-2920,line-44,elevated,3876.2,3896.2,20.0
civil-segment-2921,line-44,elevated,3896.2,4636.2,740.0
civil-segment-2922,line-44,elevated,4636.2,4656.2,20.0
civil-segment-2923,line-44,elevated,4656.2,4756.2,100.0
civil-segment-2924,line-44,elevated,4756.2,4776.2,20.0
civil-segment-2925,line-44,elevated,4776.2,4836.2,60.0
civil-segment-2926,line-44,elevated,4836.2,4936.2,100.0
civil-segment-2927,line-44,elevated,4936.2,5076.2,140.0
civil-segment-2928,line-44,elevated,5076.2,5096.2,20.0
civil-segment-2929,line-44,elevated,5096.2,5116.2,20.0
civil-segment-2930,line-44,elevated,5116.2,5156.2,40.0
civil-segment-2931,line-44,elevated,5156.2,5176.2,20.0
civil-segment-2932,line-44,elevated,5176.2,5196.2,20.0
civil-segment-2933,line-44,elevated,5196.2,5216.2,20.0
civil-segment-2934,line-44,elevated,5216.2,5256.2,40.0
civil-segment-2935,line-44,elevated,5256.2,5276.2,20.0
civil-segment-2936,line-44,elevated,5276.2,5296.2,20.0
civil-segment-2937,line-44,elevated,5296.2,5336.2,40.0
civil-segment-2938,line-44,elevated,5336.2,5356.2,20.0
civil-segment-2939,line-44,elevated,5356.2,5376.2,20.0
civil-segment-2940,line-44,elevated,5376.2,5396.2,20.0
civil-segment-2941,line-44,elevated,5396.2,5436.2,40.0
civil-segment-2942,line-44,elevated,5436.2,5456.2,20.0
civil-segment-2943,line-44,elevated,5456.2,5496.2,40.0
civil-segment-2944,line-44,elevated,5496.2,5516.2,20.0
civil-segment-2945,line-44,elevated,5516.2,5556.2,40.0
civil-segment-2946,line-44,elevated,5556.2,5616.2,60.0
civil-segment-2947,line-44,elevated,5616.2,5696.2,80.0
civil-segment-2948,line-44,elevated,5696.2,5716.2,20.0
civil-segment-2949,line-44,elevated,5716.2,5796.2,80.0
civil-segment-2950,line-44,elevated,5796.2,5836.2,40.0
civil-segment-2951,line-44,elevated,5836.2,5916.2,80.0
civil-segment-2952,line-44,elevated,5916.2,5936.2,20.0
civil-segment-2953,line-44,elevated,5936.2,5956.2,20.0
civil-segment-2954,line-44,elevated,5956.2,5996.2,40.0
civil-segment-2955,line-44,elevated,5996.2,6016.2,20.0
civil-segment-2956,line-44,elevated,6016.2,6036.2,20.0
civil-segment-2957,line-44,elevated,6036.2,6136.2,100.0
civil-segment-2958,line-44,elevated,6136.2,6156.2,20.0
civil-segment-2959,line-44,elevated,6156.2,6196.2,40.0
civil-segment-2960,line-44,elevated,6196.2,6256.2,60.0
civil-segment-2961,line-44,elevated,6256.2,6316.2,60.0
civil-segment-2962,line-44,elevated,6316.2,6336.2,20.0
civil-segment-2963,line-44,elevated,6336.2,6356.2,20.0
civil-segment-2964,line-44,elevated,6356.2,6376.2,20.0
civil-segment-2965,line-44,elevated,6376.2,6416.2,40.0
civil-segment-2966,line-44,elevated,6416.2,6436.2,20.0
civil-segment-2967,line-44,elevated,6436.2,6456.2,20.0
civil-segment-2968,line-44,elevated,6456.2,6476.2,20.0
civil-segment-2969,line-44,elevated,6476.2,6536.2,60.0
civil-segment-2970,line-44,elevated,6536.2,6656.2,120.0
civil-segment-2971,line-44,elevated,6656.2,6876.2,220.0
civil-segment-2972,line-44,elevated,6876.2,6896.2,20.0
civil-segment-2973,line-44,elevated,6896.2,6996.2,100.0
civil-segment-2974,line-44,elevated,6996.2,7016.2,20.0
civil-segment-2975,line-44,elevated,7016.2,7196.2,180.0
civil-segment-2976,line-44,elevated,7196.2,7256.2,60.0
civil-segment-2977,line-44,elevated,7256.2,7296.2,40.0
civil-segment-2978,line-44,elevated,7296.2,7336.2,40.0
civil-segment-2979,line-44,elevated,7336.2,7356.2,20.0
civil-segment-2980,line-44,elevated,7356.2,7376.2,20.0
civil-segment-2981,line-44,elevated,7376.2,7396.2,20.0
civil-segment-2982,line-44,elevated,7396.2,7416.2,20.0
civil-segment-2983,line-44,elevated,7416.2,7436.2,20.0
civil-segment-2984,line-44,elevated,7436.2,7456.2,20.0
civil-segment-2985,line-44,elevated,7456.2,7496.2,40.0
civil-segment-2986,line-44,elevated,7496.2,7516.2,20.0
civil-segment-2987,line-44,elevated,7516.2,7536.2,20.0
civil-segment-2988,line-44,elevated,7536.2,7576.2,40.0
civil-segment-2989,line-44,elevated,7576.2,7596.2,20.0
civil-segment-2990,line-44,elevated,7596.2,7616.2,20.0
civil-segment-2991,line-44,elevated,7616.2,7656.2,40.0
civil-segment-2992,line-44,elevated,7656.2,7696.2,40.0
civil-segment-2993,line-44,elevated,7696.2,7736.2,40.0
civil-segment-2994,line-44,elevated,7736.2,7796.2,60.0
civil-segment-2995,line-44,elevated,7796.2,9256.2,1460.0
civil-segment-2996,line-44,elevated,9256.2,9276.2,20.0
civil-segment-2997,line-44,elevated,9276.2,9376.2,100.0
civil-segment-2998,line-44,elevated,9376.2,9396.2,20.0
civil-segment-2999,line-44,elevated,9396.2,10156.2,760.0
civil-segment-3000,line-44,elevated,10156.2,10196.2,40.0
civil-segment-3001,line-44,elevated,10196.2,10216.2,20.0
civil-segment-3002,line-44,elevated,10216.2,10236.2,20.0
civil-segment-3003,line-44,elevated,10236.2,10256.2,20.0
civil-segment-3004,line-44,elevated,10256.2,10276.2,20.0
civil-segment-3005,line-44,elevated,10276.2,10436.2,160.0
civil-segment-3006,line-44,elevated,10436.2,10456.2,20.0
civil-segment-3007,line-44,elevated,10456.2,10476.2,20.0
civil-segment-3008,line-44,elevated,10476.2,10496.2,20.0
civil-segment-3009,line-44,elevated,10496.2,10516.2,20.0
civil-segment-3010,line-44,elevated,10516.2,10556.2,40.0
civil-segment-3011,line-44,elevated,10556.2,12036.2,1480.0
civil-segment-3012,line-44,elevated,12036.2,12076.2,40.0
civil-segment-3013,line-44,elevated,12076.2,12096.2,20.0
civil-segment-3014,line-44,elevated,12096.2,12156.2,60.0
civil-segment-3015,line-44,elevated,12156.2,12176.2,20.0
civil-segment-3016,line-44,elevated,12176.2,12196.2,20.0
civil-segment-3017,line-44,elevated,12196.2,12216.2,20.0
civil-segment-3018,line-44,elevated,12216.2,12256.2,40.0
civil-segment-3019,line-44,elevated,12256.2,12316.2,60.0
civil-segment-3020,line-44,elevated,12316.2,12356.2,40.0
civil-segment-3021,line-44,elevated,12356.2,12396.2,40.0
civil-segment-3022,line-44,elevated,12396.2,12416.2,20.0
civil-segment-3023,line-44,elevated,12416.2,12476.2,60.0
civil-segment-3024,line-45,elevated,0.0,707.1,707.1
civil-segment-3025,line-45,elevated,707.1,815.4,108.3
civil-segment-3026,line-45,elevated,815.4,1735.4,920.0
civil-segment-3027,line-45,elevated,1735.4,1755.4,20.0
civil-segment-3028,line-45,elevated,1755.4,1855.4,100.0
civil-segment-3029,line-45,elevated,1855.4,1875.4,20.0
civil-segment-3030,line-45,elevated,1875.4,3583.7,1708.3
civil-segment-3031,line-45,elevated,3583.7,3672.0,88.3
civil-segment-3032,line-45,elevated,3672.0,3728.5,56.5
civil-segment-3033,line-45,elevated,3728.5,3808.5,80.0
civil-segment-3034,line-45,elevated,3808.5,5188.5,1380.0
civil-segment-3035,line-45,elevated,5188.5,5305.1,116.6
civil-segment-3036,line-45,elevated,5305.1,6493.0,1187.9
civil-segment-3037,line-45,elevated,6493.0,6581.3,88.3
civil-segment-3038,line-45,elevated,6581.3,6621.3,40.0
civil-segment-3039,line-45,elevated,6621.3,6689.6,68.3
civil-segment-3040,line-45,elevated,6689.6,6717.9,28.3
civil-segment-3041,line-45,elevated,6717.9,6797.9,80.0
civil-segment-3042,line-45,elevated,6797.9,7717.9,920.0
civil-segment-3043,line-46,elevated,0.0,3688.7,3688.7
civil-segment-3044,line-46,elevated,3688.7,3797.0,108.3
civil-segment-3045,line-46,elevated,3797.0,4677.0,880.0
civil-segment-3046,line-46,elevated,4677.0,4793.5,116.5
civil-segment-3047,line-46,elevated,4793.5,4850.1,56.6
civil-segment-3048,line-46,elevated,4850.1,4958.4,108.3
civil-segment-3049,line-46,elevated,4958.4,5018.4,60.0
civil-segment-3050,line-46,elevated,5018.4,5106.7,88.3
civil-segment-3051,line-46,bridge,5106.7,5134.9,28.2
civil-segment-3052,line-46,elevated,5134.9,5154.9,20.0
civil-segment-3053,line-46,bridge,5154.9,5214.9,60.0
civil-segment-3054,line-46,elevated,5214.9,5291.5,76.6
civil-segment-3055,line-46,bridge,5291.5,5376.4,84.9
civil-segment-3056,line-46,elevated,5376.4,5659.2,282.8
civil-segment-3057,line-46,elevated,5659.2,5767.5,108.3
civil-segment-3058,line-46,elevated,5767.5,5787.5,20.0
civil-segment-3059,line-46,bridge,5787.5,5807.5,20.0
civil-segment-3060,line-46,elevated,5807.5,5887.5,80.0
civil-segment-3061,line-46,bridge,5887.5,5947.5,60.0
civil-segment-3062,line-46,elevated,5947.5,5987.5,40.0
civil-segment-3063,line-46,bridge,5987.5,6047.5,60.0
civil-segment-3064,line-46,elevated,6047.5,7287.5,1240.0
civil-segment-3065,line-47,elevated,0.0,20.0,20.0
civil-segment-3066,line-47,elevated,20.0,88.3,68.3
civil-segment-3067,line-47,elevated,88.3,144.9,56.6
civil-segment-3068,line-47,elevated,144.9,224.9,80.0
civil-segment-3069,line-47,elevated,224.9,244.9,20.0
civil-segment-3070,line-47,at-grade,244.9,324.9,80.0
civil-segment-3071,line-47,elevated,324.9,364.9,40.0
civil-segment-3072,line-47,at-grade,364.9,1004.3,639.4
civil-segment-3073,line-47,elevated,1004.3,1145.7,141.4
civil-segment-3074,line-47,at-grade,1145.7,1485.1,339.4
civil-segment-3075,line-47,elevated,1485.1,1541.7,56.6
civil-segment-3076,line-47,at-grade,1541.7,1626.5,84.8
civil-segment-3077,line-47,elevated,1626.5,1683.1,56.6
civil-segment-3078,line-47,at-grade,1683.1,1711.4,28.3
civil-segment-3079,line-47,elevated,1711.4,1796.2,84.8
civil-segment-3080,line-47,at-grade,1796.2,1852.8,56.6
civil-segment-3081,line-47,elevated,1852.8,1881.1,28.3
civil-segment-3082,line-47,at-grade,1881.1,2220.5,339.4
civil-segment-3083,line-47,elevated,2220.5,2333.6,113.1
civil-segment-3084,line-47,at-grade,2333.6,2361.9,28.3
civil-segment-3085,line-47,elevated,2361.9,2418.5,56.6
civil-segment-3086,line-47,at-grade,2418.5,2446.8,28.3
civil-segment-3087,line-47,elevated,2446.8,2559.9,113.1
civil-segment-3088,line-47,elevated,2559.9,2648.2,88.3
civil-segment-3089,line-47,at-grade,2648.2,2708.2,60.0
civil-segment-3090,line-47,elevated,2708.2,2908.2,200.0
civil-segment-3091,line-47,at-grade,2908.2,2928.2,20.0
civil-segment-3092,line-47,elevated,2928.2,3048.2,120.0
civil-segment-3093,line-47,at-grade,3048.2,3108.2,60.0
civil-segment-3094,line-47,elevated,3108.2,3148.2,40.0
civil-segment-3095,line-47,at-grade,3148.2,3188.2,40.0
civil-segment-3096,line-47,elevated,3188.2,3268.2,80.0
civil-segment-3097,line-47,at-grade,3268.2,3308.2,40.0
civil-segment-3098,line-47,elevated,3308.2,3648.2,340.0
civil-segment-3099,line-47,at-grade,3648.2,3908.2,260.0
civil-segment-3100,line-47,elevated,3908.2,3948.2,40.0
civil-segment-3101,line-47,elevated,3948.2,4064.8,116.6
civil-segment-3102,line-47,elevated,4064.8,4404.2,339.4
civil-segment-3103,line-47,at-grade,4404.2,4432.4,28.2
civil-segment-3104,line-47,elevated,4432.4,4687.0,254.6
civil-segment-3105,line-47,at-grade,4687.0,4941.6,254.6
civil-segment-3106,line-47,elevated,4941.6,4969.8,28.2
civil-segment-3107,line-47,at-grade,4969.8,5054.7,84.9
civil-segment-3108,line-47,elevated,5054.7,5167.8,113.1
civil-segment-3109,line-47,at-grade,5167.8,5337.5,169.7
civil-segment-3110,line-47,elevated,5337.5,5394.1,56.6
civil-segment-3111,line-47,at-grade,5394.1,5422.4,28.3
civil-segment-3112,line-47,elevated,5422.4,5479.0,56.6
civil-segment-3113,line-47,at-grade,5479.0,5507.2,28.2
civil-segment-3114,line-47,elevated,5507.2,5623.8,116.6
civil-segment-3115,line-47,at-grade,5623.8,5663.8,40.0
civil-segment-3116,line-47,elevated,5663.8,5723.8,60.0
civil-segment-3117,line-47,at-grade,5723.8,5783.8,60.0
civil-segment-3118,line-47,elevated,5783.8,5803.8,20.0
civil-segment-3119,line-47,at-grade,5803.8,5863.8,60.0
civil-segment-3120,line-47,elevated,5863.8,5883.8,20.0
civil-segment-3121,line-47,at-grade,5883.8,5943.8,60.0
civil-segment-3122,line-47,elevated,5943.8,6023.8,80.0
civil-segment-3123,line-47,at-grade,6023.8,6063.8,40.0
civil-segment-3124,line-47,elevated,6063.8,6123.8,60.0
civil-segment-3125,line-47,at-grade,6123.8,6143.8,20.0
civil-segment-3126,line-47,elevated,6143.8,6183.8,40.0
civil-segment-3127,line-47,at-grade,6183.8,6563.8,380.0
civil-segment-3128,line-47,elevated,6563.8,6623.8,60.0
civil-segment-3129,line-47,at-grade,6623.8,6703.8,80.0
civil-segment-3130,line-47,elevated,6703.8,6743.8,40.0
civil-segment-3131,line-47,at-grade,6743.8,6763.8,20.0
civil-segment-3132,line-47,elevated,6763.8,6843.8,80.0
civil-segment-3133,line-47,at-grade,6843.8,7163.8,320.0
civil-segment-3134,line-47,elevated,7163.8,7223.8,60.0
civil-segment-3135,line-47,at-grade,7223.8,8343.8,1120.0
civil-segment-3136,line-47,elevated,8343.8,8363.8,20.0
civil-segment-3137,line-47,at-grade,8363.8,8763.8,400.0
civil-segment-3138,line-47,elevated,8763.8,8843.8,80.0
civil-segment-3139,line-47,at-grade,8843.8,8943.8,100.0
civil-segment-3140,line-47,elevated,8943.8,9043.8,100.0
civil-segment-3141,line-47,at-grade,9043.8,10463.8,1420.0
civil-segment-3142,line-47,elevated,10463.8,10503.8,40.0
civil-segment-3143,line-47,at-grade,10503.8,11283.8,780.0
civil-segment-3144,line-47,elevated,11283.8,11343.8,60.0
civil-segment-3145,line-47,elevated,11343.8,11383.8,40.0
civil-segment-3146,line-47,at-grade,11383.8,11503.8,120.0
civil-segment-3147,line-47,elevated,11503.8,11523.8,20.0
civil-segment-3148,line-47,elevated,11523.8,11543.8,20.0
civil-segment-3149,line-47,elevated,11543.8,11563.8,20.0
civil-segment-3150,line-47,at-grade,11563.8,11663.8,100.0
civil-segment-3151,line-47,elevated,11663.8,11683.8,20.0
civil-segment-3152,line-47,elevated,11683.8,11703.8,20.0
civil-segment-3153,line-47,at-grade,11703.8,11763.8,60.0
civil-segment-3154,line-47,elevated,11763.8,11783.8,20.0
civil-segment-3155,line-47,at-grade,11783.8,12143.8,360.0
civil-segment-3156,line-47,elevated,12143.8,12163.8,20.0
civil-segment-3157,line-47,elevated,12163.8,12183.8,20.0
civil-segment-3158,line-47,at-grade,12183.8,12243.8,60.0
civil-segment-3159,line-48,elevated,0.0,367.7,367.7
civil-segment-3160,line-48,elevated,367.7,476.0,108.3
civil-segment-3161,line-48,elevated,476.0,1336.0,860.0
civil-segment-3162,line-48,elevated,1336.0,1452.5,116.5
civil-segment-3163,line-48,elevated,1452.5,2923.3,1470.8
civil-segment-3164,line-48,elevated,2923.3,3031.6,108.3
civil-segment-3165,line-48,elevated,3031.6,5471.6,2440.0
civil-segment-3166,line-48,elevated,5471.6,5588.2,116.6
civil-segment-3167,line-48,elevated,5588.2,6380.1,791.9
civil-segment-3168,line-49,bridge,0.0,20.0,20.0
civil-segment-3169,line-49,elevated,20.0,40.0,20.0
civil-segment-3170,line-49,bridge,40.0,60.0,20.0
civil-segment-3171,line-49,elevated,60.0,80.0,20.0
civil-segment-3172,line-49,bridge,80.0,200.0,120.0
civil-segment-3173,line-49,elevated,200.0,280.0,80.0
civil-segment-3174,line-49,bridge,280.0,340.0,60.0
civil-segment-3175,line-49,elevated,340.0,440.0,100.0
civil-segment-3176,line-49,bridge,440.0,480.0,40.0
civil-segment-3177,line-49,elevated,480.0,740.0,260.0
civil-segment-3178,line-49,bridge,740.0,760.0,20.0
civil-segment-3179,line-49,elevated,760.0,840.0,80.0
civil-segment-3180,line-49,bridge,840.0,900.0,60.0
civil-segment-3181,line-49,elevated,900.0,960.0,60.0
civil-segment-3182,line-49,bridge,960.0,1040.0,80.0
civil-segment-3183,line-49,elevated,1040.0,1400.0,360.0
civil-segment-3184,line-49,bridge,1400.0,1440.0,40.0
civil-segment-3185,line-49,elevated,1440.0,1520.0,80.0
civil-segment-3186,line-49,bridge,1520.0,1540.0,20.0
civil-segment-3187,line-49,elevated,1540.0,1640.0,100.0
civil-segment-3188,line-49,bridge,1640.0,1660.0,20.0
civil-segment-3189,line-49,elevated,1660.0,1760.0,100.0
civil-segment-3190,line-49,bridge,1760.0,1800.0,40.0
civil-segment-3191,line-49,elevated,1800.0,1896.6,96.6
civil-segment-3192,line-49,bridge,1896.6,2001.4,104.8
civil-segment-3193,line-49,elevated,2001.4,2114.6,113.2
civil-segment-3194,line-49,elevated,2114.6,2154.6,40.0
civil-segment-3195,line-49,elevated,2154.6,2202.8,48.2
civil-segment-3196,line-49,elevated,2202.8,2339.4,136.6
civil-segment-3197,line-49,elevated,2339.4,3134.8,795.4
civil-segment-3198,line-49,elevated,3134.8,3243.1,108.3
civil-segment-3199,line-49,elevated,3243.1,3903.1,660.0
civil-segment-3200,line-49,elevated,3903.1,3923.1,20.0
civil-segment-3201,line-49,elevated,3923.1,4023.1,100.0
civil-segment-3202,line-49,elevated,4023.1,4043.1,20.0
civil-segment-3203,line-49,elevated,4043.1,5443.1,1400.0
civil-segment-3204,line-49,elevated,5443.1,5559.7,116.6
civil-segment-3205,line-49,elevated,5559.7,6210.2,650.5
civil-segment-3206,line-49,elevated,6210.2,6318.5,108.3
civil-segment-3207,line-49,elevated,6318.5,7638.5,1320.0
civil-segment-3208,line-50,elevated,0.0,20.0,20.0
civil-segment-3209,line-50,elevated,20.0,116.6,96.6
civil-segment-3210,line-50,elevated,116.6,2266.2,2149.6
civil-segment-3211,line-50,at-grade,2266.2,3763.0,1496.8
civil-segment-3212,line-50,elevated,3763.0,3791.3,28.3
civil-segment-3213,line-50,at-grade,3791.3,3847.8,56.5
civil-segment-3214,line-50,elevated,3847.8,3932.7,84.9
civil-segment-3215,line-50,at-grade,3932.7,3961.0,28.3
civil-segment-3216,line-50,elevated,3961.0,3989.3,28.3
civil-segment-3217,line-50,at-grade,3989.3,4187.2,197.9
civil-segment-3218,line-50,elevated,4187.2,4215.5,28.3
civil-segment-3219,line-50,at-grade,4215.5,4488.7,273.2
civil-segment-3220,line-50,elevated,4488.7,4508.7,20.0
civil-segment-3221,line-50,at-grade,4508.7,4588.7,80.0
civil-segment-3222,line-50,elevated,4588.7,4648.7,60.0
civil-segment-3223,line-50,at-grade,4648.7,4768.7,120.0
civil-segment-3224,line-50,elevated,4768.7,4828.7,60.0
civil-segment-3225,line-50,at-grade,4828.7,4968.7,140.0
civil-segment-3226,line-50,elevated,4968.7,5068.7,100.0
civil-segment-3227,line-50,at-grade,5068.7,5268.7,200.0
civil-segment-3228,line-50,elevated,5268.7,5308.7,40.0
civil-segment-3229,line-50,at-grade,5308.7,5508.7,200.0
civil-segment-3230,line-50,elevated,5508.7,5568.7,60.0
civil-segment-3231,line-50,at-grade,5568.7,5988.7,420.0
civil-segment-3232,line-50,elevated,5988.7,6068.7,80.0
civil-segment-3233,line-50,at-grade,6068.7,6088.7,20.0
civil-segment-3234,line-50,elevated,6088.7,6168.7,80.0
civil-segment-3235,line-50,at-grade,6168.7,6248.7,80.0
civil-segment-3236,line-50,elevated,6248.7,6468.7,220.0
civil-segment-3237,line-50,at-grade,6468.7,6528.7,60.0
civil-segment-3238,line-50,elevated,6528.7,6568.7,40.0
civil-segment-3239,line-50,at-grade,6568.7,6588.7,20.0
civil-segment-3240,line-50,elevated,6588.7,6608.7,20.0
civil-segment-3241,line-50,at-grade,6608.7,6628.7,20.0
civil-segment-3242,line-50,elevated,6628.7,6688.7,60.0
civil-segment-3243,line-50,at-grade,6688.7,6708.7,20.0
civil-segment-3244,line-50,elevated,6708.7,6768.7,60.0
civil-segment-3245,line-50,at-grade,6768.7,6788.7,20.0
civil-segment-3246,line-50,elevated,6788.7,6808.7,20.0
civil-segment-3247,line-50,at-grade,6808.7,6828.7,20.0
civil-segment-3248,line-50,elevated,6828.7,6908.7,80.0
civil-segment-3249,line-50,at-grade,6908.7,6968.7,60.0
civil-segment-3250,line-50,elevated,6968.7,7008.7,40.0
civil-segment-3251,line-50,at-grade,7008.7,7068.7,60.0
civil-segment-3252,line-50,elevated,7068.7,7108.7,40.0
civil-segment-3253,line-50,at-grade,7108.7,7197.0,88.3
civil-segment-3254,line-50,elevated,7197.0,7225.2,28.2
civil-segment-3255,line-50,elevated,7225.2,7394.9,169.7
civil-segment-3256,line-50,at-grade,7394.9,7423.2,28.3
civil-segment-3257,line-50,elevated,7423.2,7479.8,56.6
civil-segment-3258,line-50,at-grade,7479.8,7621.2,141.4
civil-segment-3259,line-50,elevated,7621.2,7649.5,28.3
civil-segment-3260,line-50,at-grade,7649.5,7819.2,169.7
civil-segment-3261,line-50,elevated,7819.2,7875.8,56.6
civil-segment-3262,line-50,at-grade,7875.8,8073.8,198.0
civil-segment-3263,line-50,elevated,8073.8,8158.6,84.8
civil-segment-3264,line-50,at-grade,8158.6,8186.9,28.3
civil-segment-3265,line-50,elevated,8186.9,8215.2,28.3
civil-segment-3266,line-50,elevated,8215.2,8243.5,28.3
civil-segment-3267,line-50,at-grade,8243.5,8263.5,20.0
civil-segment-3268,line-50,elevated,8263.5,8323.5,60.0
civil-segment-3269,line-50,elevated,8323.5,8483.5,160.0
civil-segment-3270,line-50,at-grade,8483.5,8523.5,40.0
civil-segment-3271,line-50,elevated,8523.5,8543.5,20.0
civil-segment-3272,line-50,at-grade,8543.5,8563.5,20.0
civil-segment-3273,line-50,elevated,8563.5,8583.5,20.0
civil-segment-3274,line-50,at-grade,8583.5,8623.5,40.0
civil-segment-3275,line-50,elevated,8623.5,8883.5,260.0
civil-segment-3276,line-50,at-grade,8883.5,8903.5,20.0
civil-segment-3277,line-50,elevated,8903.5,9023.5,120.0
civil-segment-3278,line-50,at-grade,9023.5,9043.5,20.0
civil-segment-3279,line-50,elevated,9043.5,9083.5,40.0
civil-segment-3280,line-50,at-grade,9083.5,9123.5,40.0
civil-segment-3281,line-50,elevated,9123.5,9163.5,40.0
civil-segment-3282,line-50,at-grade,9163.5,9243.5,80.0
civil-segment-3283,line-50,elevated,9243.5,9303.5,60.0
civil-segment-3284,line-50,at-grade,9303.5,9323.5,20.0
civil-segment-3285,line-50,elevated,9323.5,9543.5,220.0
civil-segment-3286,line-50,at-grade,9543.5,9583.5,40.0
civil-segment-3287,line-50,elevated,9583.5,9683.5,100.0
civil-segment-3288,line-50,at-grade,9683.5,9743.5,60.0
civil-segment-3289,line-50,elevated,9743.5,9803.5,60.0
civil-segment-3290,line-50,at-grade,9803.5,10143.5,340.0
civil-segment-3291,line-50,elevated,10143.5,10203.5,60.0
civil-segment-3292,line-50,at-grade,10203.5,10263.5,60.0
civil-segment-3293,line-50,elevated,10263.5,10283.5,20.0
civil-segment-3294,line-50,at-grade,10283.5,10403.5,120.0
civil-segment-3295,line-50,elevated,10403.5,10423.5,20.0
civil-segment-3296,line-50,at-grade,10423.5,10523.5,100.0
civil-segment-3297,line-50,elevated,10523.5,10583.5,60.0
civil-segment-3298,line-50,at-grade,10583.5,10863.5,280.0
civil-segment-3299,line-50,elevated,10863.5,10883.5,20.0
civil-segment-3300,line-50,at-grade,10883.5,11043.5,160.0
civil-segment-3301,line-50,elevated,11043.5,11143.5,100.0
civil-segment-3302,line-50,at-grade,11143.5,11163.5,20.0
civil-segment-3303,line-50,elevated,11163.5,11283.5,120.0
civil-segment-3304,line-50,at-grade,11283.5,11343.5,60.0
civil-segment-3305,line-50,elevated,11343.5,11423.5,80.0
civil-segment-3306,line-50,at-grade,11423.5,11483.5,60.0
civil-segment-3307,line-50,elevated,11483.5,11523.5,40.0
civil-segment-3308,line-50,at-grade,11523.5,11583.5,60.0
civil-segment-3309,line-50,elevated,11583.5,11703.5,120.0
civil-segment-3310,line-50,at-grade,11703.5,11763.5,60.0
civil-segment-3311,line-50,elevated,11763.5,11803.5,40.0
civil-segment-3312,line-50,elevated,11803.5,11823.5,20.0
civil-segment-3313,line-50,elevated,11823.5,11843.5,20.0
civil-segment-3314,line-50,at-grade,11843.5,12063.5,220.0
civil-segment-3315,line-50,elevated,12063.5,12083.5,20.0
civil-segment-3316,line-50,at-grade,12083.5,12103.5,20.0
civil-segment-3317,line-50,elevated,12103.5,12163.5,60.0
civil-segment-3318,line-50,elevated,12163.5,12183.5,20.0
civil-segment-3319,line-50,elevated,12183.5,12203.5,20.0
civil-segment-3320,line-50,elevated,12203.5,12223.5,20.0
civil-segment-3321,line-50,elevated,12223.5,12243.5,20.0
civil-segment-3322,line-50,elevated,12243.5,12283.5,40.0
civil-segment-3323,line-50,at-grade,12283.5,12363.5,80.0
civil-segment-3324,line-50,elevated,12363.5,12383.5,20.0
civil-segment-3325,line-50,at-grade,12383.5,12523.5,140.0
civil-segment-3326,line-50,elevated,12523.5,12543.5,20.0
civil-segment-3327,line-50,at-grade,12543.5,12583.5,40.0
civil-segment-3328,line-50,elevated,12583.5,12603.5,20.0
civil-segment-3329,line-50,elevated,12603.5,12643.5,40.0
civil-segment-3330,line-50,elevated,12643.5,12663.5,20.0
civil-segment-3331,line-50,at-grade,12663.5,12743.5,80.0
civil-segment-3332,line-50,elevated,12743.5,12763.5,20.0
civil-segment-3333,line-50,elevated,12763.5,12803.5,40.0
civil-segment-3334,line-50,elevated,12803.5,12843.5,40.0
civil-segment-3335,line-50,elevated,12843.5,12883.5,40.0
civil-segment-3336,line-50,elevated,12883.5,12903.5,20.0
civil-segment-3337,line-50,at-grade,12903.5,13203.5,300.0
civil-segment-3338,line-51,elevated,0.0,509.1,509.1
civil-segment-3339,line-51,elevated,509.1,617.4,108.3
civil-segment-3340,line-51,elevated,617.4,2197.4,1580.0
civil-segment-3341,line-51,elevated,2197.4,2314.0,116.6
civil-segment-3342,line-51,elevated,2314.0,2568.5,254.5
civil-segment-3343,line-51,elevated,2568.5,2676.8,108.3
civil-segment-3344,line-51,elevated,2676.8,2876.8,200.0
civil-segment-3345,line-51,at-grade,2876.8,2996.8,120.0
civil-segment-3346,line-51,elevated,2996.8,3456.8,460.0
civil-segment-3347,line-51,elevated,3456.8,3573.4,116.6
civil-segment-3348,line-51,elevated,3573.4,4280.5,707.1
civil-segment-3349,line-51,at-grade,4280.5,4987.6,707.1
civil-segment-3350,line-51,elevated,4987.6,5015.9,28.3
civil-segment-3351,line-51,at-grade,5015.9,5044.2,28.3
civil-segment-3352,line-51,elevated,5044.2,5327.0,282.8
civil-segment-3353,line-51,at-grade,5327.0,5383.6,56.6
civil-segment-3354,line-51,elevated,5383.6,5977.5,593.9
civil-segment-3355,line-51,elevated,5977.5,6085.8,108.3
civil-segment-3356,line-51,elevated,6085.8,6125.8,40.0
civil-segment-3357,line-51,elevated,6125.8,6214.1,88.3
civil-segment-3358,line-51,elevated,6214.1,6242.4,28.3
civil-segment-3359,line-51,elevated,6242.4,6302.4,60.0
civil-segment-3360,line-51,elevated,6302.4,6610.7,308.3
civil-segment-3361,line-51,at-grade,6610.7,7010.1,399.4
civil-segment-3362,line-51,elevated,7010.1,7066.7,56.6
civil-segment-3363,line-51,at-grade,7066.7,8000.0,933.3
civil-segment-3364,line-51,elevated,8000.0,8028.3,28.3
civil-segment-3365,line-51,at-grade,8028.3,8084.9,56.6
civil-segment-3366,line-51,elevated,8084.9,8141.5,56.6
civil-segment-3367,line-51,at-grade,8141.5,8367.7,226.2
civil-segment-3368,line-51,elevated,8367.7,8396.0,28.3
civil-segment-3369,line-51,at-grade,8396.0,8642.3,246.3
civil-segment-3370,line-51,elevated,8642.3,8670.6,28.3
civil-segment-3371,line-51,at-grade,8670.6,8698.9,28.3
civil-segment-3372,line-52,elevated,0.0,280.0,280.0
civil-segment-3373,line-52,elevated,280.0,320.0,40.0
civil-segment-3374,line-52,elevated,320.0,380.0,60.0
civil-segment-3375,line-52,elevated,380.0,400.0,20.0
civil-segment-3376,line-52,elevated,400.0,420.0,20.0
civil-segment-3377,line-52,elevated,420.0,440.0,20.0
civil-segment-3378,line-52,elevated,440.0,520.0,80.0
civil-segment-3379,line-52,elevated,520.0,560.0,40.0
civil-segment-3380,line-52,elevated,560.0,600.0,40.0
civil-segment-3381,line-52,elevated,600.0,680.0,80.0
civil-segment-3382,line-52,elevated,680.0,700.0,20.0
civil-segment-3383,line-52,elevated,700.0,780.0,80.0
civil-segment-3384,line-52,elevated,780.0,800.0,20.0
civil-segment-3385,line-52,elevated,800.0,880.0,80.0
civil-segment-3386,line-52,elevated,880.0,900.0,20.0
civil-segment-3387,line-52,elevated,900.0,980.0,80.0
civil-segment-3388,line-52,elevated,980.0,1000.0,20.0
civil-segment-3389,line-52,elevated,1000.0,1080.0,80.0
civil-segment-3390,line-52,elevated,1080.0,1100.0,20.0
civil-segment-3391,line-52,elevated,1100.0,1140.0,40.0
civil-segment-3392,line-52,elevated,1140.0,1160.0,20.0
civil-segment-3393,line-52,elevated,1160.0,1240.0,80.0
civil-segment-3394,line-52,elevated,1240.0,1260.0,20.0
civil-segment-3395,line-52,elevated,1260.0,1300.0,40.0
civil-segment-3396,line-52,elevated,1300.0,1380.0,80.0
civil-segment-3397,line-52,elevated,1380.0,1400.0,20.0
civil-segment-3398,line-52,elevated,1400.0,1480.0,80.0
civil-segment-3399,line-52,elevated,1480.0,1740.0,260.0
civil-segment-3400,line-52,elevated,1740.0,1760.0,20.0
civil-segment-3401,line-52,elevated,1760.0,1860.0,100.0
civil-segment-3402,line-52,elevated,1860.0,1880.0,20.0
civil-segment-3403,line-52,elevated,1880.0,1980.0,100.0
civil-segment-3404,line-52,elevated,1980.0,2060.0,80.0
civil-segment-3405,line-52,elevated,2060.0,2080.0,20.0
civil-segment-3406,line-52,elevated,2080.0,2160.0,80.0
civil-segment-3407,line-52,elevated,2160.0,2980.0,820.0
civil-segment-3408,line-52,elevated,2980.0,3000.0,20.0
civil-segment-3409,line-52,elevated,3000.0,3100.0,100.0
civil-segment-3410,line-52,elevated,3100.0,3120.0,20.0
civil-segment-3411,line-52,elevated,3120.0,3220.0,100.0
civil-segment-3412,line-52,elevated,3220.0,3240.0,20.0
civil-segment-3413,line-52,elevated,3240.0,3320.0,80.0
civil-segment-3414,line-52,elevated,3320.0,3408.3,88.3
civil-segment-3415,line-52,elevated,3408.3,3544.9,136.6
civil-segment-3416,line-52,elevated,3544.9,3601.4,56.5
civil-segment-3417,line-52,elevated,3601.4,4647.9,1046.5
civil-segment-3418,line-52,at-grade,4647.9,4676.2,28.3
civil-segment-3419,line-52,elevated,4676.2,4930.8,254.6
civil-segment-3420,line-52,at-grade,4930.8,4959.1,28.3
civil-segment-3421,line-52,elevated,4959.1,4987.4,28.3
civil-segment-3422,line-52,at-grade,4987.4,5751.0,763.6
civil-segment-3423,line-52,elevated,5751.0,5807.6,56.6
civil-segment-3424,line-52,at-grade,5807.6,6332.4,524.8
civil-segment-3425,line-52,elevated,6332.4,7352.4,1020.0
civil-segment-3426,line-52,at-grade,7352.4,7572.4,220.0
civil-segment-3427,line-52,elevated,7572.4,7612.4,40.0
civil-segment-3428,line-52,at-grade,7612.4,8232.4,620.0
civil-segment-3429,line-52,elevated,8232.4,8332.4,100.0
civil-segment-3430,line-52,at-grade,8332.4,8520.7,188.3
civil-segment-3431,line-52,elevated,8520.7,8560.7,40.0
civil-segment-3432,line-52,at-grade,8560.7,8660.7,100.0
civil-segment-3433,line-52,elevated,8660.7,8720.7,60.0
civil-segment-3434,line-52,at-grade,8720.7,9020.7,300.0
civil-segment-3435,line-52,elevated,9020.7,9040.7,20.0
civil-segment-3436,line-52,at-grade,9040.7,9460.7,420.0
civil-segment-3437,line-52,elevated,9460.7,9540.7,80.0
civil-segment-3438,line-52,at-grade,9540.7,10040.7,500.0
civil-segment-3439,line-52,elevated,10040.7,10100.7,60.0
civil-segment-3440,line-52,at-grade,10100.7,10140.7,40.0
civil-segment-3441,line-52,elevated,10140.7,10200.7,60.0
civil-segment-3442,line-52,at-grade,10200.7,10380.7,180.0
civil-segment-3443,line-52,elevated,10380.7,10420.7,40.0
civil-segment-3444,line-52,at-grade,10420.7,11187.8,767.1
civil-segment-3445,line-52,elevated,11187.8,11301.0,113.2
civil-segment-3446,line-53,elevated,0.0,876.8,876.8
civil-segment-3447,line-53,elevated,876.8,985.1,108.3
civil-segment-3448,line-53,elevated,985.1,1025.1,40.0
civil-segment-3449,line-53,elevated,1025.1,1093.4,68.3
civil-segment-3450,line-53,elevated,1093.4,1121.7,28.3
civil-segment-3451,line-53,elevated,1121.7,1201.7,80.0
civil-segment-3452,line-53,elevated,1201.7,2581.7,1380.0
civil-segment-3453,line-53,elevated,2581.7,2698.2,116.5
civil-segment-3454,line-53,elevated,2698.2,3801.3,1103.1
civil-segment-3455,line-53,elevated,3801.3,3909.6,108.3
civil-segment-3456,line-53,elevated,3909.6,8357.9,4448.3
civil-segment-3457,line-53,elevated,8357.9,8474.5,116.6
civil-segment-3458,line-53,elevated,8474.5,8615.9,141.4
civil-segment-3459,line-53,elevated,8615.9,8724.2,108.3
civil-segment-3460,line-53,elevated,8724.2,10084.2,1360.0
civil-segment-3461,line-53,elevated,10084.2,10104.2,20.0
civil-segment-3462,line-53,elevated,10104.2,10204.2,100.0
civil-segment-3463,line-53,elevated,10204.2,10244.2,40.0
civil-segment-3464,line-53,elevated,10244.2,10344.2,100.0
civil-segment-3465,line-53,elevated,10344.2,10364.2,20.0
civil-segment-3466,line-53,elevated,10364.2,11884.2,1520.0
civil-segment-3467,line-54,at-grade,0.0,56.6,56.6
civil-segment-3468,line-54,elevated,56.6,76.6,20.0
civil-segment-3469,line-54,elevated,76.6,136.6,60.0
civil-segment-3470,line-54,elevated,136.6,216.6,80.0
civil-segment-3471,line-54,elevated,216.6,256.6,40.0
civil-segment-3472,line-54,at-grade,256.6,276.6,20.0
civil-segment-3473,line-54,bridge,276.6,353.1,76.5
civil-segment-3474,line-54,elevated,353.1,409.7,56.6
civil-segment-3475,line-54,elevated,409.7,438.0,28.3
civil-segment-3476,line-54,elevated,438.0,551.1,113.1
civil-segment-3477,line-54,at-grade,551.1,579.4,28.3
civil-segment-3478,line-54,elevated,579.4,636.0,56.6
civil-segment-3479,line-54,at-grade,636.0,720.8,84.8
civil-segment-3480,line-54,elevated,720.8,749.1,28.3
civil-segment-3481,line-54,elevated,749.1,777.4,28.3
civil-segment-3482,line-54,at-grade,777.4,1765.7,988.3
civil-segment-3483,line-54,elevated,1765.7,1794.0,28.3
civil-segment-3484,line-54,elevated,1794.0,1854.0,60.0
civil-segment-3485,line-54,elevated,1854.0,2182.3,328.3
civil-segment-3486,line-54,elevated,2182.3,2298.8,116.5
civil-segment-3487,line-54,elevated,2298.8,4169.0,1870.2
civil-segment-3488,line-54,elevated,4169.0,4277.3,108.3
civil-segment-3489,line-54,elevated,4277.3,7537.3,3260.0
civil-segment-3490,line-54,elevated,7537.3,7625.6,88.3
civil-segment-3491,line-54,elevated,7625.6,9272.9,1647.3
