month,year,capex_usd,government_usd_cash,government_iqd_cash,climate_capital_grant_iqd,private_equity_iqd,chinese_export_credit_draw_native,chinese_export_credit_interest_native,chinese_export_credit_principal_native,chinese_export_credit_fees_native,chinese_export_credit_closing_balance_native,domestic_bonds_draw_native,domestic_bonds_interest_native,domestic_bonds_principal_native,domestic_bonds_fees_native,domestic_bonds_closing_balance_native,bank_credit_draw_native,bank_credit_interest_native,bank_credit_principal_native,bank_credit_fees_native,bank_credit_closing_balance_native,green_bonds_draw_native,green_bonds_interest_native,green_bonds_principal_native,green_bonds_fees_native,green_bonds_closing_balance_native,chinese_export_credit_early_principal_native,chinese_export_credit_early_premium_native,domestic_bonds_early_principal_native,domestic_bonds_early_premium_native,bank_credit_early_principal_native,bank_credit_early_premium_native,green_bonds_early_principal_native,green_bonds_early_premium_native,revenue_iqd,opex_iqd,fare_receipts_iqd,nonfare_receipts_iqd,incremental_net_receipts_iqd,net_rights_receipts_iqd,core_interest_usd_equivalent,core_principal_usd_equivalent,core_fees_usd_equivalent,core_debt_service_usd_equivalent,early_core_principal_usd_equivalent,early_premiums_usd_equivalent,liquidity_draw_iqd,liquidity_interest_iqd,liquidity_draw_fee_iqd,liquidity_repayment_iqd,closing_liquidity_debt_iqd,uncovered_support_required_iqd,reserve_deposit_iqd_equivalent,reserve_release_iqd_equivalent,closing_reserve_iqd_equivalent,closing_project_cash_iqd,operating_buffer_deposit_iqd,operating_buffer_release_iqd,closing_operating_buffer_iqd,cash_balance_residual_usd
0,1,0.0,0.0,0.0,0.0,0.0,0.0,0.0,0.0,0.0,0,0.0,0.0,0.0,0.0,0,0.0,0.0,0.0,0.0,0,0.0,0.0,0.0,0.0,0,0.0,0.0,0.0,0.0,0.0,0.0,0.0,0.0,0.0,0.0,0.0,0.0,0.0,0.0,0.0,0.0,0.0,0.0,0.0,0.0,0.0,0.0,0.0,0.0,0.0,0.0,0.0,0.0,0.0,0.0,0.0,0.0,0.0,0.0
1,1,0.0,0.0,0.0,0.0,0.0,0.0,0.0,0.0,0.0,0,0.0,0.0,0.0,0.0,0,0.0,0.0,0.0,0.0,0,0.0,0.0,0.0,0.0,0,0.0,0.0,0.0,0.0,0.0,0.0,0.0,0.0,0.0,0.0,0.0,0.0,0.0,0.0,0.0,0.0,0.0,0.0,0.0,0.0,0.0,0.0,0.0,0.0,0.0,0.0,0.0,0.0,0.0,0.0,0.0,0.0,0.0,0.0
2,1,0.0,0.0,0.0,0.0,0.0,0.0,0.0,0.0,0.0,0,0.0,0.0,0.0,0.0,0,0.0,0.0,0.0,0.0,0,0.0,0.0,0.0,0.0,0,0.0,0.0,0.0,0.0,0.0,0.0,0.0,0.0,0.0,0.0,0.0,0.0,0.0,0.0,0.0,0.0,0.0,0.0,0.0,0.0,0.0,0.0,0.0,0.0,0.0,0.0,0.0,0.0,0.0,0.0,0.0,0.0,0.0,0.0
3,1,0.0,0.0,0.0,0.0,0.0,0.0,0.0,0.0,0.0,0,0.0,0.0,0.0,0.0,0,0.0,0.0,0.0,0.0,0,0.0,0.0,0.0,0.0,0,0.0,0.0,0.0,0.0,0.0,0.0,0.0,0.0,0.0,0.0,0.0,0.0,0.0,0.0,0.0,0.0,0.0,0.0,0.0,0.0,0.0,0.0,0.0,0.0,0.0,0.0,0.0,0.0,0.0,0.0,0.0,0.0,0.0,0.0
4,1,0.0,0.0,0.0,0.0,0.0,0.0,0.0,0.0,0.0,0,0.0,0.0,0.0,0.0,0,0.0,0.0,0.0,0.0,0,0.0,0.0,0.0,0.0,0,0.0,0.0,0.0,0.0,0.0,0.0,0.0,0.0,0.0,0.0,0.0,0.0,0.0,0.0,0.0,0.0,0.0,0.0,0.0,0.0,0.0,0.0,0.0,0.0,0.0,0.0,0.0,0.0,0.0,0.0,0.0,0.0,0.0,0.0
5,1,0.0,0.0,0.0,0.0,0.0,0.0,0.0,0.0,0.0,0,0.0,0.0,0.0,0.0,0,0.0,0.0,0.0,0.0,0,0.0,0.0,0.0,0.0,0,0.0,0.0,0.0,0.0,0.0,0.0,0.0,0.0,0.0,0.0,0.0,0.0,0.0,0.0,0.0,0.0,0.0,0.0,0.0,0.0,0.0,0.0,0.0,0.0,0.0,0.0,0.0,0.0,0.0,0.0,0.0,0.0,0.0,0.0
6,1,0.0,0.0,0.0,0.0,0.0,0.0,0.0,0.0,0.0,0,0.0,0.0,0.0,0.0,0,0.0,0.0,0.0,0.0,0,0.0,0.0,0.0,0.0,0,0.0,0.0,0.0,0.0,0.0,0.0,0.0,0.0,0.0,0.0,0.0,0.0,0.0,0.0,0.0,0.0,0.0,0.0,0.0,0.0,0.0,0.0,0.0,0.0,0.0,0.0,0.0,0.0,0.0,0.0,0.0,0.0,0.0,0.0
7,1,0.0,0.0,0.0,0.0,0.0,0.0,0.0,0.0,0.0,0,0.0,0.0,0.0,0.0,0,0.0,0.0,0.0,0.0,0,0.0,0.0,0.0,0.0,0,0.0,0.0,0.0,0.0,0.0,0.0,0.0,0.0,0.0,0.0,0.0,0.0,0.0,0.0,0.0,0.0,0.0,0.0,0.0,0.0,0.0,0.0,0.0,0.0,0.0,0.0,0.0,0.0,0.0,0.0,0.0,0.0,0.0,0.0
8,1,0.0,0.0,0.0,0.0,0.0,0.0,0.0,0.0,0.0,0,0.0,0.0,0.0,0.0,0,0.0,0.0,0.0,0.0,0,0.0,0.0,0.0,0.0,0,0.0,0.0,0.0,0.0,0.0,0.0,0.0,0.0,0.0,0.0,0.0,0.0,0.0,0.0,0.0,0.0,0.0,0.0,0.0,0.0,0.0,0.0,0.0,0.0,0.0,0.0,0.0,0.0,0.0,0.0,0.0,0.0,0.0,0.0
9,1,0.0,0.0,0.0,0.0,0.0,0.0,0.0,0.0,0.0,0,0.0,0.0,0.0,0.0,0,0.0,0.0,0.0,0.0,0,0.0,0.0,0.0,0.0,0,0.0,0.0,0.0,0.0,0.0,0.0,0.0,0.0,0.0,0.0,0.0,0.0,0.0,0.0,0.0,0.0,0.0,0.0,0.0,0.0,0.0,0.0,0.0,0.0,0.0,0.0,0.0,0.0,0.0,0.0,0.0,0.0,0.0,0.0
10,1,0.0,0.0,0.0,0.0,0.0,0.0,0.0,0.0,0.0,0,0.0,0.0,0.0,0.0,0,0.0,0.0,0.0,0.0,0,0.0,0.0,0.0,0.0,0,0.0,0.0,0.0,0.0,0.0,0.0,0.0,0.0,0.0,0.0,0.0,0.0,0.0,0.0,0.0,0.0,0.0,0.0,0.0,0.0,0.0,0.0,0.0,0.0,0.0,0.0,0.0,0.0,0.0,0.0,0.0,0.0,0.0,0.0
11,1,0.0,0.0,0.0,0.0,0.0,0.0,0.0,0.0,0.0,0,0.0,0.0,0.0,0.0,0,0.0,0.0,0.0,0.0,0,0.0,0.0,0.0,0.0,0,0.0,0.0,0.0,0.0,0.0,0.0,0.0,0.0,0.0,0.0,0.0,0.0,0.0,0.0,0.0,0.0,0.0,0.0,0.0,0.0,0.0,0.0,0.0,0.0,0.0,0.0,0.0,0.0,0.0,0.0,0.0,0.0,0.0,0.0
12,2,0.0,0.0,0.0,0.0,0.0,0.0,0.0,0.0,0.0,0,0.0,0.0,0.0,0.0,0,0.0,0.0,0.0,0.0,0,0.0,0.0,0.0,0.0,0,0.0,0.0,0.0,0.0,0.0,0.0,0.0,0.0,0.0,0.0,0.0,0.0,0.0,0.0,0.0,0.0,0.0,0.0,0.0,0.0,0.0,0.0,0.0,0.0,0.0,0.0,0.0,0.0,0.0,0.0,0.0,0.0,0.0,0.0
13,2,0.0,0.0,0.0,0.0,0.0,0.0,0.0,0.0,0.0,0,0.0,0.0,0.0,0.0,0,0.0,0.0,0.0,0.0,0,0.0,0.0,0.0,0.0,0,0.0,0.0,0.0,0.0,0.0,0.0,0.0,0.0,0.0,0.0,0.0,0.0,0.0,0.0,0.0,0.0,0.0,0.0,0.0,0.0,0.0,0.0,0.0,0.0,0.0,0.0,0.0,0.0,0.0,0.0,0.0,0.0,0.0,0.0
14,2,605992.722,136348.36245,19694763.465000004,0.0,157558107.72,136348.36245,284.05908843749995,0.0,10652.215826625003,136348.36245,0.0,0.0,0.0,0.0,0,64007981.26124997,240029.92972968737,0.0,640079.8126124997,64007981.26124997,192023943.7837499,480059.8594593748,0.0,2200274.3558554677,192023943.7837499,0.0,0.0,0.0,0.0,0.0,0.0,0.0,0.0,0.0,0.0,0.0,0.0,0.0,0.0,837.9743108906247,0.0,12837.10364852344,837.9743108906247,0.0,0.0,17881912.50350875,14901.59375292396,89409.56251754376,0.0,17881912.50350875,0.0,0.0,0.0,0.0,0.0,0.0,0.0,0.0,-1.1641532182693481e-10
15,2,908989.084,204522.5439,29542145.230000023,0.0,236337161.84000003,204522.5439,994.2068099999999,0.0,11248.739914500002,340870.90634999995,0.0,0.0,0.0,0.0,0,96011971.99750002,840104.7544499998,0.0,960119.7199750001,160019953.25875,288035915.99250007,1680209.5088999998,0.0,3580446.4554320322,480059859.77625,0.0,0.0,0.0,0.0,0.0,0.0,0.0,0.0,0.0,0.0,0.0,0.0,0.0,0.0,2932.9100894999997,0.0,14741.483126351566,2932.9100894999997,0.0,0.0,23141506.489300475,49087.776246931644,115707.53244650237,0.0,41023418.99280923,0.0,0.0,0.0,0.0,4.729372449219227e-09,0.0,0.0,0.0,-1.2005330063402653e-10
16,2,9544385.381999997,2147486.71095,310192524.9149989,0.0,2481540199.3199997,2147486.71095,5894.2260909375,0.0,29783.595455437506,2488357.6173,0.0,0.0,0.0,0.0,0,1008125705.9737493,4980621.046842184,0.0,10081257.059737492,1168145659.2324994,3024377117.921248,9961242.09368437,0.0,35354408.43835467,3504436977.697498,0.0,0.0,0.0,0.0,0.0,0.0,0.0,0.0,0.0,0.0,0.0,0.0,0.0,0.0,17387.966968265617,0.0,64734.10737704686,17387.966968265617,0.0,0.0,107453883.3333387,157917.26776579762,537269.4166666935,0.0,148477302.3261479,1.8917489796876907e-08,0.0,0.0,0.0,0.0,0.0,0.0,0.0,-3.725290298461914e-09
17,2,11968356.269,2692880.1605250007,388971578.74249893,0.0,3111772629.94,2692880.1605250007,15978.323739843752,0.0,34115.49655096875,5181237.777825001,0.0,0.0,0.0,0.0,0,1264157630.9131246,13501683.56016796,0.0,12641576.309131244,2432303290.1456237,3792472892.739373,27003367.120335925,0.0,48566055.82178084,7296909870.436872,0.0,0.0,0.0,0.0,0.0,0.0,0.0,0.0,0.0,0.0,0.0,0.0,0.0,0.0,47136.05503253905,0.0,81198.2904978242,47136.05503253905,0.0,0.0,168062475.80219528,387514.2337120759,840312.3790109764,0.0,316539778.1283432,1.8917489796876907e-08,0.0,0.0,0.0,0.0,0.0,0.0,0.0,-1.862645149230957e-09
18,2,12422850.816999998,2795141.433825,403742651.55249906,0.0,3229941212.419999,2795141.433825,27411.70206140625,0.0,33973.467019875,7976379.211650001,0.0,0.0,0.0,0.0,0,1312163617.5456243,23162888.24188827,0.0,13121636.175456244,3744466907.691248,3936490852.636873,46325776.48377654,0.0,55746951.247517936,11233400723.073744,0.0,0.0,0.0,0.0,0.0,0.0,0.0,0.0,0.0,0.0,0.0,0.0,0.0,0.0,80864.52108114841,0.0,86949.30349908592,80864.52108114841,0.0,0.0,219968688.936649,710873.5376611128,1099843.444683245,0.0,536508467.06499225,0.0,0.0,0.0,0.0,0.0,0.0,0.0,0.0,0.0
19,2,13483338.077,3033751.067325,438208487.50249964,0.0,3505667900.02,3033751.067325,39555.22810546875,0.0,35095.50041015625,11010130.278975,0.0,0.0,0.0,0.0,0,1424177584.383125,33424167.74912108,0.0,14241775.843831252,5168644492.074373,4272532753.1493754,66848335.49824216,0.0,65338147.18431914,15505933476.22312,0.0,0.0,0.0,0.0,0.0,0.0,0.0,0.0,0.0,0.0,0.0,0.0,0.0,0.0,116687.92291113277,0.0,96310.82581642579,116687.92291113277,0.0,0.0,279422518.8173691,1127032.877456128,1397112.5940868456,0.0,815930985.8823613,0.0,0.0,0.0,0.0,3.7834979593753815e-08,0.0,0.0,0.0,-2.9103830456733704e-11
20,2,11059367.186999997,2488357.617075,359429433.5774991,0.0,2875435468.6199994,2488357.617075,51059.62119796875,0.0,28604.750233875,13498487.89605,0.0,0.0,0.0,0.0,0,1168145659.1268742,43145379.91228358,0.0,11681456.591268744,6336790151.201247,3504436977.380623,86290759.82456715,0.0,62767826.68531169,19010370453.60374,0.0,0.0,0.0,0.0,0.0,0.0,0.0,0.0,0.0,0.0,0.0,0.0,0.0,0.0,150625.88253400777,0.0,85873.42967739841,150625.88253400777,0.0,0.0,310620946.3718008,1618735.7651137696,1553104.731859004,0.0,1126551932.254162,0.0,0.0,0.0,0.0,0.0,0.0,0.0,0.0,-1.862645149230957e-09
21,2,12422850.819999998,2795141.4345000004,403742651.6499989,0.0,3229941213.2,2795141.4345000004,62066.910888750004,0.0,30507.946143750007,16293629.330550002,0.0,0.0,0.0,0.0,0,1312163617.8624995,52446539.700993724,0.0,13121636.178624995,7648953769.063746,3936490853.587498,104893079.40198746,0.0,72829081.27552888,22946861307.191242,0.0,0.0,0.0,0.0,0.0,0.0,0.0,0.0,0.0,0.0,0.0,0.0,0.0,0.0,183097.38712181244,0.0,96623.8826469453,183097.38712181244,0.0,0.0,367659920.1205116,2183969.8205240304,1838299.6006025583,0.0,1494211852.3746738,0.0,0.0,0.0,0.0,0.0,0.0,0.0,0.0,-1.862645149230957e-09
22,2,14846821.700000001,3340534.8825000003,482521705.25,0.0,3860173642.0000005,3340534.8825000003,74849.5698825,0.0,34569.991089375,19634164.21305,0.0,0.0,0.0,0.0,0,1568195542.0625,63247886.55071247,0.0,15681955.420625001,9217149311.126247,4704586626.1875,126495773.10142496,0.0,87370894.49805234,27651447933.378742,0.0,0.0,0.0,0.0,0.0,0.0,0.0,0.0,0.0,0.0,0.0,0.0,0.0,0.0,220806.23115337495,0.0,113841.41410374218,220806.23115337495,0.0,0.0,440099539.23374015,2857102.70331924,2200497.696168701,0.0,1934311391.608414,0.0,0.0,0.0,0.0,0.0,0.0,0.0,0.0,0.0
23,2,12422850.819999998,2795141.4345000004,403742651.6499989,0.0,3229941213.2,2795141.4345000004,87632.22887625001,0.0,27951.414345000005,22429305.64755,0.0,0.0,0.0,0.0,0,1312163617.8624995,74049233.40043122,0.0,13121636.178624995,10529312928.988747,3936490853.587498,148098466.80086246,0.0,85430652.60020076,31587938786.96624,0.0,0.0,0.0,0.0,0.0,0.0,0.0,0.0,0.0,0.0,0.0,0.0,0.0,0.0,258515.07518493745,0.0,103760.86725178905,258515.07518493745,0.0,0.0,476964872.5771251,3621323.046494961,2384824.3628856256,0.0,2411276264.185539,0.0,0.0,0.0,0.0,0.0,0.0,0.0,0.0,0.0
24,3,12422850.810999999,2795141.4324750006,403742651.3574988,0.0,3229941210.8599997,2795141.4324750006,99278.65151578127,0.0,41586.25058475001,25224447.080025002,0.0,0.0,0.0,0.0,0,1312163616.9118748,83890460.53083512,0.0,13121636.169118747,11841476545.900621,3936490850.7356243,167780921.06167027,0.0,91171368.39567147,35524429637.701866,0.0,0.0,0.0,0.0,0.0,0.0,0.0,0.0,0.0,0.0,0.0,0.0,0.0,0.0,292872.02197155467,0.0,121811.63871151171,292872.02197155467,0.0,0.0,546294269.2321497,4474038.998002689,2731471.3461607485,0.0,2957570533.4176884,0.0,0.0,0.0,0.0,0.0,0.0,0.0,0.0,1.862645149230957e-09
25,3,14846821.708999997,3340534.884525,482521705.5424989,0.0,3860173644.3399997,3340534.884525,112061.31050953126,0.0,45648.29557003125,28564981.964550003,0.0,0.0,0.0,0.0,0,1568195543.0131242,94691807.38055386,0.0,15681955.430131242,13409672088.913746,4704586629.039372,189383614.76110774,0.0,105713181.67939137,40229016266.741234,0.0,0.0,0.0,0.0,0.0,0.0,0.0,0.0,0.0,0.0,0.0,0.0,0.0,0.0,330580.86600311706,0.0,139029.17026966403,330580.86600311706,0.0,0.0,619033359.3062648,5445145.355118035,3095166.7965313243,0.0,3576603892.723953,0.0,0.0,0.0,0.0,0.0,0.0,0.0,0.0,-1.862645149230957e-09
26,3,12422850.810999999,2795141.4324750006,403742651.3574988,0.0,3229941210.8599997,2795141.4324750006,124843.96950328127,0.0,39029.71878600001,31360123.397025004,0.0,0.0,0.0,0.0,0,1312163616.9118748,105493154.2302726,0.0,13121636.169118747,14721835705.82562,3936490850.7356243,210986308.46054524,0.0,103772939.72034335,44165507117.47686,0.0,0.0,0.0,0.0,0.0,0.0,0.0,0.0,0.0,0.0,0.0,0.0,0.0,0.0,368289.7100346796,0.0,128948.62331635547,368289.7100346796,0.0,0.0,656198665.3923408,6507838.7090335395,3280993.326961704,0.0,4232802558.116294,0.0,0.0,0.0,0.0,0.0,0.0,0.0,0.0,0.0
27,3,13180341.719999999,2965576.887,428361105.8999995,0.0,3426888847.2000003,2965576.887,136845.46600218752,0.0,39498.416295,34325700.284025006,0.0,0.0,0.0,0.0,0,1392173594.1749995,115634418.77184838,0.0,13921735.941749997,16114009300.00062,4176520782.5249987,231268837.5436968,0.0,112263998.51275271,48342027900.00186,0.0,0.0,0.0,0.0,0.0,0.0,0.0,0.0,0.0,0.0,0.0,0.0,0.0,0.0,403694.12470645306,0.0,136564.3658753867,403694.12470645306,0.0,0.0,713553101.780304,7649298.5150107425,3567765.5089015197,0.0,4946355659.896598,1.5133991837501526e-07,0.0,0.0,0.0,0.0,0.0,0.0,0.0,0.0
28,3,14089330.799999997,3170099.43,457903250.9999988,0.0,3663226007.9999995,3170099.43,149628.1249959375,0.0,40222.766962500005,37495799.714025006,0.0,0.0,0.0,0.0,0,1488185565.7499993,126435765.62156712,0.0,14881855.657499993,17602194865.750618,4464556697.249998,252871531.24313426,0.0,121655169.51015896,52806584597.251854,0.0,0.0,0.0,0.0,0.0,0.0,0.0,0.0,0.0,0.0,0.0,0.0,0.0,0.0,441402.9687380155,0.0,145251.2478606992,441402.9687380155,0.0,0.0,775417677.4633597,8890107.497713795,3877088.387316799,0.0,5721773337.359958,1.5133991837501526e-07,0.0,0.0,0.0,0.0,0.0,0.0,0.0,0.0
29,3,11513861.728999998,2590618.889025,374200506.1924996,0.0,2993604049.5399995,2590618.889025,161629.62149390625,0.0,33348.53701565625,40086418.60305,0.0,0.0,0.0,0.0,0,1216151645.1256244,136577030.1623507,0.0,12161516.451256244,18818346510.876244,3648454935.3768735,273154060.3247014,0.0,118814815.3388523,56455039532.62873,0.0,0.0,0.0,0.0,0.0,0.0,0.0,0.0,0.0,0.0,0.0,0.0,0.0,0.0,476807.38340702327,0.0,134099.5614695859,476807.38340702327,0.0,0.0,808431165.7017856,10209981.533684751,4042155.828508928,0.0,6530204503.061744,0.0,0.0,0.0,0.0,0.0,0.0,0.0,0.0,0.0
30,3,12422850.819999998,2795141.4345000004,403742651.6499989,0.0,3229941213.2,2795141.4345000004,172849.95550125,0.0,34229.12020603126,42881560.03755,0.0,0.0,0.0,0.0,0,1312163617.8624995,146058212.39855617,0.0,13121636.178624995,20130510128.738743,3936490853.587498,292116424.7971124,0.0,127435890.34910697,60391530386.216225,0.0,0.0,0.0,0.0,0.0,0.0,0.0,0.0,0.0,0.0,0.0,0.0,0.0,0.0,509907.3687286874,0.0,142350.29445813276,509907.3687286874,0.0,0.0,863857806.854621,11603555.677481757,4319289.034273106,0.0,7394062309.916365,0.0,0.0,0.0,0.0,0.0,0.0,0.0,0.0,-1.862645149230957e-09
31,3,14846821.700000001,3340534.8825000003,482521705.25,0.0,3860173642.0000005,3340534.8825000003,185632.61449500002,0.0,38291.16515165625,46222094.92005,0.0,0.0,0.0,0.0,0,1568195542.0625,156859559.2482749,0.0,15681955.420625001,21698705670.801243,4704586626.1875,313719118.49654984,0.0,141977703.57163045,65096117012.403725,0.0,0.0,0.0,0.0,0.0,0.0,0.0,0.0,0.0,0.0,0.0,0.0,0.0,0.0,547616.2127602499,0.0,159567.82591492968,547616.2127602499,0.0,0.0,937129274.8978312,13104378.2456088,4685646.3744891565,0.0,8331191584.814196,0.0,0.0,0.0,0.0,0.0,0.0,0.0,0.0,0.0
32,3,12422850.819999998,2795141.4345000004,403742651.6499989,0.0,3229941213.2,2795141.4345000004,198415.27348874998,0.0,31672.588407281255,49017236.354550004,0.0,0.0,0.0,0.0,0,1312163617.8624995,167660906.09799367,0.0,13121636.178624995,23010869288.663742,3936490853.587498,335321812.1959874,0.0,140037461.67377886,69032607865.99123,0.0,0.0,0.0,0.0,0.0,0.0,0.0,0.0,0.0,0.0,0.0,0.0,0.0,0.0,585325.0567918123,0.0,149487.27906297654,585325.0567918123,0.0,0.0,974827851.7209547,14697675.851124456,4874139.258604774,0.0,9306019436.535149,0.0,0.0,0.0,0.0,0.0,0.0,0.0,0.0,-1.862645149230957e-09
33,3,12422850.810999999,2795141.4324750006,403742651.3574988,0.0,3229941210.8599997,2795141.4324750006,210061.69612828124,0.0,30507.946123500005,51812377.787025005,0.0,0.0,0.0,0.0,0,1312163616.9118748,177502133.22839755,0.0,13121636.169118747,24323032905.57562,3936490850.7356243,355004266.45679516,0.0,145778177.46924958,72969098716.72685,0.0,0.0,0.0,0.0,0.0,0.0,0.0,0.0,0.0,0.0,0.0,0.0,0.0,0.0,619682.0035784295,0.0,152738.57199916797,619682.0035784295,0.0,0.0,1025639678.7712675,16364732.126534639,5128198.393856337,0.0,10331659115.306417,1.5133991837501526e-07,0.0,0.0,0.0,0.0,0.0,0.0,0.0,1.862645149230957e-09
34,3,14846821.708999997,3340534.884525,482521705.5424989,0.0,3860173644.3399997,3340534.884525,222844.35512203127,0.0,34569.99110878125,55152912.671550006,0.0,0.0,0.0,0.0,0,1568195543.0131242,188303480.07811633,0.0,15681955.430131242,25891228448.58874,4704586629.039372,376606960.1562327,0.0,160319990.75296947,77673685345.76622,0.0,0.0,0.0,0.0,0.0,0.0,0.0,0.0,0.0,0.0,0.0,0.0,0.0,0.0,657390.8476099921,0.0,169956.10355732025,657390.8476099921,0.0,0.0,1099182365.5084832,18135417.16343443,5495911.827542415,0.0,11430841480.8149,0.0,0.0,0.0,0.0,0.0,0.0,0.0,0.0,0.0
35,3,12422850.810999999,2795141.4324750006,403742651.3574988,0.0,3229941210.8599997,2795141.4324750006,235627.01411578126,0.0,27951.414324750007,57948054.10402501,0.0,0.0,0.0,0.0,0,1312163616.9118748,199104826.92783505,0.0,13121636.169118747,27203392065.500614,3936490850.7356243,398209653.85567015,0.0,158379748.79392144,81610176196.50185,0.0,0.0,0.0,0.0,0.0,0.0,0.0,0.0,0.0,0.0,0.0,0.0,0.0,0.0,695099.6916415545,0.0,159875.55660401168,695099.6916415545,0.0,0.0,1137152615.4440176,19999029.647561513,5685763.077220088,0.0,12567994096.258917,0.0,0.0,0.0,0.0,0.0,0.0,0.0,0.0,1.862645149230957e-09
36,4,13180341.719999999,2965576.887,428361105.8999995,0.0,3426888847.2000003,2965576.887,247628.51061468752,0.0,43134.372630843754,60913630.99102501,0.0,0.0,0.0,0.0,0,1392173594.1749995,209246091.46941084,0.0,13921735.941749997,28595565659.675617,4176520782.5249987,418492182.93882173,0.0,166870807.5863308,85786696979.02684,0.0,0.0,0.0,0.0,0.0,0.0,0.0,0.0,0.0,0.0,0.0,0.0,0.0,0.0,730504.106313328,0.0,182205.55996013668,730504.106313328,0.0,0.0,1214554122.0277643,21958785.26212133,6072770.610138821,0.0,13782548218.28668,0.0,0.0,0.0,0.0,0.0,0.0,0.0,0.0,1.862645149230957e-09
37,4,14089330.799999997,3170099.43,457903250.9999988,0.0,3663226007.9999995,3170099.43,260411.16960843754,0.0,43858.72329834376,64083730.42102501,0.0,0.0,0.0,0.0,0,1488185565.7499993,220047438.31912962,0.0,14881855.657499993,30083751225.425613,4464556697.249998,440094876.6382593,0.0,176261978.58373705,90251253676.27684,0.0,0.0,0.0,0.0,0.0,0.0,0.0,0.0,0.0,0.0,0.0,0.0,0.0,0.0,768212.9503448906,0.0,190892.44194544916,768212.9503448906,0.0,0.0,1277258598.834454,24035295.862839844,6386292.9941722695,0.0,15059806817.121134,0.0,0.0,0.0,0.0,0.0,0.0,0.0,0.0,0.0
38,4,11513861.728999998,2590618.889025,374200506.1924996,0.0,2993604049.5399995,2590618.889025,272412.6661064063,0.0,36984.4933515,66674349.31005,0.0,0.0,0.0,0.0,0,1216151645.1256244,230188702.8599132,0.0,12161516.451256244,31299902870.55124,3648454935.3768735,460377405.71982646,0.0,173421624.4124304,93899708611.65372,0.0,0.0,0.0,0.0,0.0,0.0,0.0,0.0,0.0,0.0,0.0,0.0,0.0,0.0,803617.3650138984,0.0,179740.7555543359,803617.3650138984,0.0,0.0,1311113396.2453377,26192272.52540634,6555566.981226688,0.0,16370920213.366472,0.0,0.0,0.0,0.0,0.0,0.0,0.0,0.0,1.862645149230957e-09
39,4,12422850.819999998,2795141.4345000004,403742651.6499989,0.0,3229941213.2,2795141.4345000004,283633.00011375005,0.0,37865.07654187501,69469490.74455,0.0,0.0,0.0,0.0,0,1312163617.8624995,239669885.09611866,0.0,13121636.178624995,32612066488.41374,3936490853.587498,479339770.1922374,0.0,182042699.4226851,97836199465.24121,0.0,0.0,0.0,0.0,0.0,0.0,0.0,0.0,0.0,0.0,0.0,0.0,0.0,0.0,836717.3503355624,0.0,187991.48854288278,836717.3503355624,0.0,0.0,1367382756.9799728,28424352.653094098,6836913.784899864,0.0,17738302970.346443,0.0,0.0,0.0,0.0,1.5133991837501526e-07,0.0,0.0,0.0,-1.979060471057892e-09
40,4,14846821.700000001,3340534.8825000003,482521705.25,0.0,3860173642.0000005,3340534.8825000003,296415.65910750005,0.0,41927.1214875,72810025.62705001,0.0,0.0,0.0,0.0,0,1568195542.0625,250471231.94583738,9487819.624105528,15681955.420625001,34170774210.852135,4704586626.1875,500942463.8916748,78568611.59520659,196584512.6452085,102462217479.83351,0.0,0.0,0.0,0.0,0.0,0.0,0.0,0.0,2167501224.0561395,535492095.9826291,0.0,2167501224.0561395,0.0,0.0,874426.1943671248,67735.71632254779,205209.01999967961,942161.9106896726,0.0,0.0,8896371612.50685,36977481.29433312,44481858.06253424,0.0,26634674582.853294,0.0,7348862903.379446,0.0,7348862903.379446,1.210719347000122e-06,1606476287.9478872,0.0,1606476287.9478872,-9.313225746154785e-10
41,4,12422850.819999998,2795141.4345000004,403742651.6499989,0.0,3229941213.2,2795141.4345000004,309198.31810125004,0.0,35308.54474312501,75605167.06155,0.0,0.0,0.0,0.0,0,1312163617.8624995,261201420.1483754,9558978.27128632,13121636.178624995,35473378850.443344,3936490853.587498,522152314.5331363,78961454.65318263,194529691.52211398,106319746878.76782,0.0,0.0,0.0,0.0,0.0,0.0,0.0,0.0,2167501224.0561395,535492095.9826291,0.0,2167501224.0561395,0.0,0.0,911778.1140101051,68092.64071112996,195040.335282155,979870.7547212351,0.0,0.0,235267792.1359657,44587180.798202135,1176338.9606798287,0.0,26869942374.98926,0.0,294128983.446188,0.0,7642991886.825634,0.0,0.0,0.0,1606476287.9478872,-3.725290298461914e-09
42,4,12422850.810999999,2795141.4324750006,403742651.3574988,0.0,3229941210.8599997,2795141.4324750006,320844.7407407813,0.0,34143.90245934376,78400308.494025,0.0,0.0,0.0,0.0,0,1312163616.9118748,270970954.9417446,9630670.608320965,13121636.169118747,36775911796.7469,3936490850.7356243,541439961.5206782,79356261.92644852,200155255.19621545,110176881467.577,0.0,0.0,0.0,0.0,0.0,0.0,0.0,0.0,2167501224.0561395,535492095.9826291,0.0,2167501224.0561395,0.0,0.0,945776.214942645,68451.48656520729,198203.049663447,1014227.7015078522,0.0,0.0,258425754.2428562,44998592.08685116,1292128.771214281,0.0,27128368129.23212,0.0,267984184.93561205,0.0,7910976071.761247,0.0,0.0,0.0,1606476287.9478872,3.725290298461914e-09
43,4,14846821.708999997,3340534.884525,482521705.5424989,0.0,3860173644.3399997,3340534.884525,333627.39973453124,0.0,38205.947444625,81740843.37855001,0.0,0.0,0.0,0.0,0,1568195543.0131242,281700071.76190096,9702900.637883373,15681955.430131242,38334404439.12214,4704586629.039372,562645873.9104835,79753043.23608078,214581340.5979593,114801715053.3803,0.0,0.0,0.0,0.0,0.0,0.0,0.0,0.0,2167501224.0561395,535492095.9826291,0.0,2167501224.0561395,0.0,0.0,983124.2810209808,68812.26451843396,215331.55977392543,1051936.5455394147,0.0,0.0,356864046.0976443,45511333.587134905,1784320.2304882219,0.0,27485232175.32976,0.0,294128983.4461892,0.0,8205105055.207436,7.566995918750763e-08,0.0,0.0,1606476287.9478872,-5.820766091346741e-11
44,4,12422850.810999999,2795141.4324750006,403742651.3574988,0.0,3229941210.8599997,2795141.4324750006,346410.0587282813,0.0,31587.37066059376,84535984.81102501,0.0,0.0,0.0,0.0,0,1312163616.9118748,292428646.8568356,9775672.392667502,13121636.169118747,39636792383.64135,3936490850.7356243,583849802.3937405,80151808.45226118,212524792.1175253,118658054095.66365,0.0,0.0,0.0,0.0,0.0,0.0,0.0,0.0,2167501224.0561395,535492095.9826291,0.0,2167501224.0561395,0.0,0.0,1020470.4043056476,69174.98526532976,205161.54626570456,1089645.3895709775,0.0,0.0,393472850.547442,46136614.334339134,1967364.2527372101,0.0,27878705025.877205,0.0,294128983.4461892,0.0,8499234038.653625,0.0,0.0,0.0,1606476287.9478872,1.862645149230957e-09
45,4,13180341.719999999,2965576.887,428361105.8999995,0.0,3426888847.2000003,2965576.887,358411.5552271875,0.0,32056.06816959375,87501561.698025,0.0,0.0,0.0,0.0,0,1392173594.1749995,302496593.85546637,24488024.76171826,13921735.941749997,40920333050.577095,4176520782.5249987,603731572.4346308,200685287.6102382,220898962.8559418,122633889590.57841,0.0,0.0,0.0,0.0,84144902.4775316,841449.024775316,0.0,0.0,4381119495.432622,724382467.8838551,0.0,4381119495.432622,0.0,0.0,1055510.1446811082,173210.24028612036,212687.37493704897,1228720.3849672286,64726.84805963969,647.2684805963969,0.0,46464508.376462,0.0,0.0,27878705025.877205,0.0,1084784964.090759,0.0,9584019002.744385,0.0,566671115.7036781,0.0,2173147403.6515656,0.0
46,4,14089330.799999997,3170099.43,457903250.9999988,0.0,3663226007.9999995,3170099.43,371194.21422093746,0.0,32780.418837093755,90671661.12802501,0.0,0.0,0.0,0.0,0,1488185565.7499993,312483193.75089073,24726875.294789456,14881855.657499993,41011194765.76338,4464556697.249998,624330839.696017,201688714.04828945,229997467.80891645,126896757573.78012,0.0,0.0,0.0,0.0,1372596975.2689257,13725969.752689257,0.0,0.0,4381119495.432622,724382467.8838551,0.0,4381119495.432622,0.0,0.0,1091820.3937954819,174165.83795621453,221149.12919587563,1265986.2317516962,1055843.8271299428,10558.438271299428,0.0,46464508.376462,0.0,0.0,27878705025.877205,0.0,290673604.9188465,0.0,9874692607.66323,0.0,0.0,0.0,2173147403.6515656,-3.725290298461914e-09
47,4,11513861.728999998,2590618.889025,374200506.1924996,0.0,2993604049.5399995,2590618.889025,383195.71071890625,0.0,25906.18889025,93262280.01705001,0.0,0.0,0.0,0.0,0,1216151645.1256244,312144529.4124465,25272590.89698862,12161516.451256244,40777175611.00708,3648454935.3768735,643604925.2073429,202697157.61853087,226862984.26295605,130342515351.53847,0.0,0.0,0.0,0.0,1424898208.9849381,14248982.089849383,0.0,0.0,4381119495.432622,724382467.8838551,0.0,4381119495.432622,0.0,0.0,1118387.598887975,175361.34501193807,209771.18943964408,1293748.9438999132,1096075.5453730293,10960.755453730295,0.0,46464508.376462,0.0,0.0,27878705025.877205,0.0,216549154.75609276,0.0,10091241762.419323,0.0,0.0,0.0,2173147403.6515656,0.0
48,5,12422850.819999998,2795141.4345000004,403742651.6499989,0.0,3229941213.2,2795141.4345000004,394416.04472625,0.0,41586.25060500001,96057421.45155,0.0,0.0,0.0,0.0,0,1312163617.8624995,310749430.6495375,24774917.5679171,13121636.178624995,40600590087.588165,3936490853.587498,661553803.8916612,203710643.40662354,235188459.2516837,134075295561.71935,0.0,0.0,0.0,0.0,1463974223.7134936,14639742.237134935,0.0,0.0,4600175470.204254,760601591.278048,0.0,4600175470.204254,0.0,0.0,1142341.6097579412,175758.1238265697,232594.0163206221,1318099.733584511,1126134.018241149,11261.340182411488,0.0,46464508.376462,0.0,0.0,27878705025.877205,0.0,189936159.53986338,0.0,10281177921.959187,0.0,108657370.18257871,0.0,2281804773.834144,-1.862645149230957e-09
49,5,14846821.700000001,3340534.8825000003,482521705.25,0.0,3860173642.0000005,3340534.8825000003,407198.70372,0.0,45648.295550625,99397956.33405001,0.0,0.0,0.0,0.0,0,1568195542.0625,310385158.9396457,24134659.477247134,15681955.420625001,40664836674.46489,4704586626.1875,682137944.3740656,204729196.62365666,249433194.45257246,138575152991.28317,0.0,0.0,0.0,0.0,1479814295.7085285,14798142.957085285,0.0,0.0,4600175470.204254,760601591.278048,0.0,4600175470.204254,0.0,0.0,1170678.0139613166,176049.1200776183,249583.02622231535,1346727.1340389347,1138318.6890065605,11383.186890065605,0.0,46464508.376462,0.0,0.0,27878705025.877205,0.0,223293723.54450488,0.0,10504471645.50369,0.0,0.0,0.0,2281804773.834144,3.725290298461914e-09
50,5,12422850.819999998,2795141.4345000004,403742651.6499989,0.0,3229941213.2,2795141.4345000004,419981.36271375,0.0,39029.718806250006,102193097.76855001,0.0,0.0,0.0,0.0,0,1312163617.8624995,309906888.6254711,34891620.31645881,13121636.178624995,39801140146.462845,3936490853.587498,702716992.0903847,305268410.8898512,247194389.14297807,142206375433.98083,0.0,0.0,0.0,0.0,2140968525.5480893,21409685.255480893,0.0,0.0,6827628855.776838,950672528.0036567,0.0,6827628855.776838,0.0,0.0,1198922.8094182545,261661.56246639232,239272.81520748313,1460584.3718846468,1646898.8658062224,16468.988658062226,0.0,46464508.376462,0.0,0.0,27878705025.877205,0.0,888086455.1965538,0.0,11392558100.700245,0.0,570212810.1768259,0.0,2852017584.01097,-7.450580596923828e-09
51,5,12422850.810999999,2795141.4324750006,403742651.3574988,0.0,3229941210.8599997,2795141.4324750006,431627.78535328124,0.0,37865.07652246876,104988239.20102501,0.0,0.0,0.0,0.0,0,1312163616.9118748,303429164.66189086,28894585.060009826,13121636.169118747,37658211488.06329,3936490850.7356243,720873104.2967433,306794752.9443004,252489921.8392344,145836071531.77216,1.023738381872559e-25,1.023738381872559e-27,0.0,0.0,3426197690.251417,34261976.902514175,5.99366013366397e-07,5.99366013366397e-09,6827628855.776838,950672528.0036567,0.0,6827628855.776838,0.0,0.0,1219552.6076291536,258222.56769562326,242181.65960581735,1477775.175324777,2635536.684808783,26355.36684808783,0.0,46464508.376462,0.0,0.0,27878705025.877205,0.0,134088266.83301404,0.0,11526646367.533258,0.0,0.0,0.0,2852017584.01097,0.0
52,5,14846821.708999997,3340534.884525,482521705.5424989,0.0,3860173644.3399997,3340534.884525,444410.4443470312,0.0,41927.12150775,108328774.08555001,0.0,0.0,0.0,0.0,0,1568195543.0131242,288317319.4467739,28892438.14129239,15681955.430131242,35820416133.35719,4704586629.039372,740941824.2314593,308328726.7090219,266584326.10824385,150232329434.1025,0.0,0.0,0.0,0.0,3377098459.577933,33770984.59577933,0.0,0.0,6827628855.776838,950672528.0036567,0.0,6827628855.776838,0.0,0.0,1236148.2471764414,259400.89603870333,259055.03038342315,1495549.1432151445,2597768.045829179,25977.68045829179,0.0,46464508.376462,0.0,0.0,27878705025.877205,0.0,138636949.54486918,0.0,11665283317.078129,0.0,0.0,0.0,2852017584.01097,-3.725290298461914e-09
53,5,12422850.810999999,2795141.4324750006,403742651.3574988,0.0,3229941210.8599997,2795141.4324750006,457193.10334078124,0.0,35308.544723718755,111123915.51802501,0.0,0.0,0.0,0.0,0,1312163616.9118748,273573734.56359845,16716154.2460549,13121636.169118747,33666399457.8771,3936490850.7356243,761002874.2973517,309870370.342567,264194438.08941182,153858949914.49554,0.0,0.0,0.0,0.0,3449464138.14591,34494641.3814591,0.0,0.0,6827628855.776838,950672528.0036567,0.0,6827628855.776838,0.0,0.0,1253021.2640030505,251220.40352970918,248628.60184566537,1504241.6675327597,2653433.9524199306,26534.33952419931,0.0,46464508.376462,0.0,0.0,27878705025.877205,0.0,67801689.67739734,0.0,11733085006.755526,0.0,0.0,0.0,2852017584.01097,0.0
54,5,13180341.719999999,2965576.887,428361105.8999995,0.0,3426888847.2000003,2965576.887,469194.59983968746,0.0,35777.24223271875,114089492.405025,0.0,0.0,0.0,0.0,0,1392173594.1749995,257718646.9122345,16797167.455441505,13921735.941749997,31673915391.982952,4176520782.5249987,779736051.5287904,311419722.1942799,272233602.5917383,157724050974.82626,0.0,0.0,0.0,0.0,3367860492.6137066,33678604.92613707,0.0,0.0,6827628855.776838,950672528.0036567,0.0,6827628855.776838,0.0,0.0,1267236.6755635529,252474.5304997857,255896.73341232512,1519711.2060633383,2590661.917395159,25906.61917395159,0.0,46464508.376462,0.0,0.0,27878705025.877205,0.0,120662400.5385125,0.0,11853747407.294039,0.0,0.0,0.0,2852017584.01097,3.725290298461914e-09
55,5,14089330.799999997,3170099.43,457903250.9999988,0.0,3663226007.9999995,3170099.43,481977.2588334374,0.0,36501.592900218755,117259591.83502501,0.0,0.0,0.0,0.0,0,1488185565.7499993,243135061.31143463,15770914.15219608,14881855.657499993,29099713209.514263,4464556697.249998,799781646.6172563,397212491.7279078,281170619.8276112,161791395180.34836,0.0,0.0,0.0,0.0,4046616834.06649,40466168.3406649,0.0,0.0,8837179192.760801,1122149568.7452388,0.0,8837179192.760801,0.0,0.0,1284220.8803170458,317679.5429846953,264234.2663503043,1601900.423301741,3112782.180051146,31127.82180051146,0.0,46464508.376462,0.0,0.0,27878705025.877205,0.0,641075894.4595404,0.0,12494823301.753578,0.0,514431122.2247461,0.0,3366448706.235716,0.0
56,5,11513861.728999998,2590618.889025,374200506.1924996,0.0,2993604049.5399995,2590618.889025,493978.7553314062,0.0,29627.362953375,119850210.72405002,0.0,0.0,0.0,0.0,0,1216151645.1256244,222808417.7405781,8517606.627151536,12161516.451256244,25159292975.155502,3648454935.3768735,818078113.2401842,399198554.1865473,277750997.4392014,165040651561.5387,0.0,0.0,0.0,0.0,5148054272.857237,51480542.72857237,0.0,0.0,8837179192.760801,1122149568.7452388,0.0,8837179192.760801,0.0,0.0,1294660.7022396848,313627.81601053756,252636.9890229578,1608288.5182502226,3960041.7483517206,39600.41748351721,0.0,46464508.376462,0.0,0.0,27878705025.877205,0.0,49827140.59815779,0.0,12544650442.351736,0.0,0.0,0.0,3366448706.235716,0.0
57,5,12422850.819999998,2795141.4345000004,403742651.6499989,0.0,3229941213.2,2795141.4345000004,505199.08933874994,0.0,30507.946143750007,122645352.15855001,0.0,0.0,0.0,0.0,0,1312163617.8624995,193615310.8806506,9470680.095152782,13121636.178624995,21311434615.074505,3936490853.587498,835044484.9416624,401194546.9574799,285789907.89126736,168575947868.1687,2.047476763745118e-25,2.047476763745118e-27,0.0,0.0,5150551297.848342,51505512.97848342,1.198732026732794e-06,1.198732026732794e-08,8837179192.760801,1122149568.7452388,0.0,8837179192.760801,0.0,0.0,1296475.8553559138,315896.32850202516,260439.9031205903,1612372.1838579387,3961962.5368064176,39619.62536806418,0.0,46464508.376462,0.0,0.0,27878705025.877205,0.0,31852591.740186885,0.0,12576503034.091923,0.0,0.0,0.0,3366448706.235716,0.0
58,5,14846821.700000001,3340534.8825000003,482521705.25,0.0,3860173642.0000005,3340534.8825000003,517981.74833249993,0.0,34569.991089375,125985887.04105002,0.0,0.0,0.0,0.0,0,1568195542.0625,165716492.8957931,0.0,15681955.420625001,17725019146.369637,4704586626.1875,854641205.9063125,403200519.6922674,299746645.73281115,172877333974.66394,0.0,0.0,0.0,0.0,5154611010.767367,51546110.107673675,0.0,0.0,8837179192.760801,1122149568.7452388,0.0,8837179192.760801,0.0,0.0,1302872.2858725812,310154.2459171288,277207.3765920182,1613026.5317897098,3965085.3928979747,39650.85392897975,0.0,46464508.376462,0.0,0.0,27878705025.877205,0.0,5103913.8678131625,0.0,12581606947.959736,0.0,0.0,0.0,3366448706.235716,0.0
59,5,12422850.819999998,2795141.4345000004,403742651.6499989,0.0,3229941213.2,2795141.4345000004,530764.4073262499,0.0,27951.414345000005,128781028.47555001,0.0,0.0,0.0,0.0,0,1312163617.8624995,137858257.16475663,0.0,13121636.178624995,13206540871.852713,3936490853.587498,874227897.0072886,505037476.43476784,297218403.07707506,176308787351.81668,2.047476763745118e-25,2.047476763745118e-27,0.0,0.0,5830641892.379423,58306418.92379423,1.198732026732794e-06,1.198732026732794e-08,11016209678.647026,1308088528.585508,0.0,11016209678.647026,0.0,0.0,1309292.218227823,388490.366488283,266674.52146476926,1697782.584716106,4485109.147984172,44851.09147984172,0.0,46464508.376462,0.0,0.0,27878705025.877205,0.0,661097212.8258914,0.0,13242704160.785627,0.0,557816879.5208081,0.0,3924265585.756524,-3.725290298461914e-09
60,6,12422850.810999999,2795141.4324750006,403742651.3574988,0.0,3229941210.8599997,2795141.4324750006,542410.8299657811,0.0,41529.43876659376,131576169.90802501,0.0,0.0,0.0,0.0,0,1312163616.9118748,103969670.10231484,0.0,13121636.169118747,8209023605.574997,3936490850.7356243,891385163.8859226,507562663.8169416,302222605.8860784,178752485500.23257,0.0,0.0,0.0,0.0,6309680883.18959,63096808.8318959,985230038.5027871,9852300.38502787,11567020162.57938,1373492955.0147839,0.0,11567020162.57938,0.0,0.0,1308068.3945721176,390432.8183207243,284101.93265520694,1698501.212892842,5611469.939763367,56114.699397633674,0.0,46464508.376462,0.0,0.0,27878705025.877205,0.0,5605299.778540991,0.0,13248309460.564169,0.0,196213279.28782737,0.0,4120478865.0443516,0.0
61,6,14846821.708999997,3340534.884525,482521705.5424989,0.0,3860173644.3399997,3340534.884525,555193.4889595312,0.0,45591.48375187501,134916704.79255003,0.0,0.0,0.0,0.0,0,1568195543.0131242,67448410.3281117,0.0,15681955.430131242,8289033582.838122,4704586629.039372,905523894.0737615,510579827.31616974,314587429.8122487,176940907398.32513,0.0,0.0,0.0,0.0,1488185565.7499993,14881855.657499993,6005584903.630643,60055849.03630643,11567020162.57938,1373492955.0147839,0.0,11567020162.57938,0.0,0.0,1303633.7231148183,392753.71332013054,299644.8570152442,1696387.4364349488,5764438.822600494,57644.38822600494,0.0,46464508.376462,0.0,0.0,27878705025.877205,0.0,0.0,16487456.371568143,13231822004.1926,0.0,0.0,0.0,4120478865.0443516,-3.725290298461914e-09
62,6,12422850.810999999,2795141.4324750006,403742651.3574988,0.0,3229941210.8599997,2795141.4324750006,567976.1479532811,0.0,38972.90696784376,137711846.22502503,0.0,0.0,0.0,0.0,0,1312163616.9118748,67088365.43470544,0.0,13121636.169118747,8385045554.6243725,3936490850.7356243,894545764.118465,480534543.84934366,303144447.62056977,173941539924.25745,0.0,0.0,0.0,0.0,1216151645.1256244,12161516.451256244,6455323780.953973,64553237.80953973,11567020162.57938,1373492955.0147839,0.0,11567020162.57938,0.0,0.0,1307694.7091480275,369641.9568071874,282254.5098829888,1677336.6659552148,5901134.943138151,59011.34943138152,0.0,46464508.376462,0.0,0.0,27878705025.877205,0.0,0.0,148596009.74192563,13083225994.450676,0.0,0.0,0.0,4120478865.0443516,3.725290298461914e-09
63,6,13180341.719999999,2965576.887,428361105.8999995,0.0,3426888847.2000003,2965576.887,579977.6444521873,510.11598354606383,39441.60447684375,140676912.99604148,0.0,0.0,0.0,0.0,0,1392173594.1749995,68108492.63783903,0.0,13921735.941749997,8465055530.9368725,4176520782.5249987,880149001.5775999,479265679.88452494,301520713.022641,171437620703.97864,0.0,0.0,0.0,0.0,1312163617.8624995,13121636.178624995,6201174322.919281,62011743.22919281,11567020162.57938,1373492955.0147839,0.0,11567020162.57938,0.0,0.0,1309406.4861563712,369176.0235870268,282089.6421417599,1678582.509743398,5779490.723678293,57794.90723678293,0.0,46464508.376462,0.0,0.0,27878705025.877205,0.0,9717581.547829695,0.0,13092943575.998505,0.0,0.0,0.0,4120478865.0443516,0.0
64,6,14089330.799999997,3170099.43,457903250.9999988,0.0,3663226007.9999995,3170099.43,592758.1779626727,1277.4154429717205,40165.95514434375,143845735.0105985,0.0,0.0,0.0,0.0,0,1488185565.7499993,69068612.35358903,0.0,14881855.657499993,8385045554.6243725,4464556697.249998,868349495.2630181,442068478.7580848,301169575.6826251,169296018229.3403,0.0,0.0,0.0,0.0,1568195542.0625,15681955.420625001,6164090693.130232,61640906.93130232,11567020162.57938,1373492955.0147839,0.0,11567020162.57938,0.0,0.0,1313849.0299754473,341330.0914107293,283282.4407905938,1655179.1213861767,5947912.4886097945,59479.12488609793,0.0,46464508.376462,0.0,0.0,27878705025.877205,0.0,0.0,182546429.1863274,12910397146.812178,0.0,0.0,0.0,4120478865.0443516,0.0
65,6,11513861.728999998,2590618.889025,374200506.1924996,0.0,2993604049.5399995,2590618.889025,604754.3518962957,9317.06475700669,33291.725197499996,146427036.8348665,0.0,0.0,0.0,0.0,0,1216151645.1256244,67448410.32890387,0.0,12161516.451256244,8289033581.887497,3648454935.3768735,855601228.4851439,479117372.21364135,288695239.385648,164815567479.88586,0.0,0.0,0.0,0.0,1312163617.8624995,13121636.178624995,7649788312.617664,76497883.12617664,14210910485.454668,1599098892.9543107,0.0,14210910485.454668,0.0,0.0,1314792.5355994094,377868.8895367308,264719.99891819555,1692661.42513614,6893809.1772924345,68938.09177292434,0.0,46464508.376462,0.0,0.0,27878705025.877205,0.0,292361969.2497164,0.0,13202759116.061893,0.0,676817813.8185799,0.0,4797296678.862931,-3.725290298461914e-09
66,6,12422850.819999998,2795141.4345000004,403742651.6499989,0.0,3229941213.2,2795141.4345000004,615935.8648004852,19430.67654319261,34172.308387875004,149202747.5928233,0.0,0.0,0.0,0.0,0,1312163617.8624995,67088365.431140594,0.0,13121636.178624995,8289033582.838121,3936490853.587498,833919064.5333983,448012784.1672098,285461660.27219033,159517078594.25662,0.0,0.0,0.0,0.0,1312163616.9118748,13121636.169118747,8786966955.049541,87869669.55049542,14210910485.454668,1599098892.9543107,0.0,14210910485.454668,0.0,0.0,1309018.503234746,364055.895133354,263851.7671961945,1673074.3983680997,7768561.978431858,77685.6197843186,0.0,46464508.376462,0.0,0.0,27878705025.877205,0.0,0.0,152778808.79071617,13049980307.271177,0.0,0.0,0.0,4797296678.862931,-3.725290298461914e-09
67,6,14846821.700000001,3340534.8825000003,482521705.25,0.0,3860173642.0000005,3340534.8825000003,628637.5626419719,29969.015371618796,38234.3533335,152513313.45995167,0.0,0.0,0.0,0.0,0,1568195542.0625,68048485.1540203,0.0,15681955.420625001,8289033581.887497,4704586626.1875,809346859.5367522,416062477.4953244,286535794.708356,155259065249.61917,9.221015590252262e-10,9.221015590252263e-12,0.0,0.0,1568195543.0131242,15681955.430131242,8546537493.329638,85465374.93329638,14210910485.454668,1599098892.9543107,0.0,14210910485.454668,0.0,0.0,1303557.0585579507,350017.07498340675,270709.5457404085,1653574.1335413575,7780563.874109817,77805.63874109818,0.0,46464508.376462,0.0,0.0,27878705025.877205,0.0,0.0,152102065.64859003,12897878241.622587,0.0,0.0,0.0,4797296678.862931,3.725290298461914e-09
68,6,12422850.819999998,2795141.4345000004,403742651.6499989,0.0,3229941213.2,2795141.4345000004,641295.3507383402,41443.96691342278,31615.776589125006,155267010.92753825,0.0,0.0,0.0,0.0,0,1312163617.8624995,67088365.4311406,0.0,13121636.178624995,8289033582.838122,3936490853.587498,786136553.3820647,382577475.2228822,271525094.51971805,149952930822.52078,0.0,0.0,0.0,0.0,1312163616.9118748,13121636.169118747,8860047805.463,88600478.05463,14210910485.454668,1599098892.9543107,0.0,14210910485.454668,0.0,0.0,1297622.2113638828,335734.33246948605,250574.80020323506,1633356.5438333687,7824778.017211442,78247.78017211442,0.0,46464508.376462,0.0,0.0,27878705025.877205,0.0,0.0,157697199.72231126,12740181041.900276,0.0,0.0,0.0,4797296678.862931,-3.725290298461914e-09
69,6,12422850.810999999,2795141.4324750006,403742651.3574988,0.0,3229941210.8599997,2795141.4324750006,652769.0901823988,50926.26681744979,30451.13430534376,158011226.0931958,0.0,0.0,0.0,0.0,0,1312163616.9118748,67088365.43470545,0.0,13121636.169118747,8209023605.574997,3936490850.7356243,759605881.2394431,399229246.60103536,263786981.78085515,143750622182.52768,1.8442031180504525e-09,1.8442031180504525e-11,0.0,0.0,1392173594.1749995,13921735.941749996,9739570244.12769,97395702.4412769,16092140138.269775,1759626194.9497428,0.0,16092140138.269775,0.0,0.0,1288687.7414702054,358025.68727978464,243457.76349763136,1646713.4287499902,8562879.875617456,85628.79875617455,0.0,46464508.376462,0.0,0.0,27878705025.877205,0.0,104183702.34964825,0.0,12844364744.249924,0.0,481581905.98629725,0.0,5278878584.849229,-3.725290298461914e-09
70,6,14846821.708999997,3340534.884525,482521705.5424989,0.0,3860173644.3399997,3340534.884525,665339.5563977428,61595.83727454407,34513.179290625005,161290165.14044628,0.0,0.0,0.0,0.0,0,1568195543.0131242,67448410.3281117,0.0,15681955.430131242,8289033582.838122,4704586629.039372,730514577.4852369,379321397.46610886,263543045.8072623,137732172716.9754,9.221015590252262e-10,9.221015590252263e-12,0.0,0.0,1488185565.7499993,14881855.657499993,10343714697.12552,103437146.97125521,16092140138.269775,1759626194.9497428,0.0,16092140138.269775,0.0,0.0,1279157.2393310878,353381.52763308934,249301.64178092775,1632538.7669641771,9101461.740673477,91014.61740673479,0.0,46464508.376462,0.0,0.0,27878705025.877205,0.0,0.0,110562361.92934178,12733802382.320583,0.0,0.0,0.0,5278878584.849229,-3.725290298461914e-09
71,6,11816858.084,2658793.068900001,384047887.72999924,0.0,3072383101.8400006,2658793.068900001,677581.5069787343,74350.32820265956,26587.930689000008,163874607.8811436,0.0,0.0,0.0,0.0,0,1248155635.1225002,66848335.50299529,0.0,12481556.351225,8321037572.834998,3744466905.3675003,698022030.848296,316816681.5573246,243764768.50292507,130183249687.88814,0.0,0.0,0.0,0.0,1216151645.1256244,12161516.451256244,10976573252.897455,109765732.52897455,16092140138.269775,1759626194.9497428,0.0,16092140138.269775,0.0,0.0,1265943.3272489584,318055.46786214004,223700.48826911545,1583998.7951110983,9379019.152325446,93790.19152325446,0.0,46464508.376462,0.0,0.0,27878705025.877205,0.0,0.0,378611780.4540159,12355190601.866568,0.0,0.0,0.0,5278878584.849229,0.0
72,7,11968356.2465,2692880.1554625,388971578.0112499,0.0,3111772624.09,2692880.1554625,688421.0331619784,85117.49891552553,27283.875414140628,166482370.53769058,0.0,0.0,0.0,0.0,0,1264157628.5365627,67148372.90327458,0.0,12641576.285365626,8273031583.509062,3792472885.6096873,660397430.6534649,264859117.11905098,233305990.94244787,122323551715.002,0.0,0.0,0.0,0.0,1312163617.8624995,13121636.178624995,11387311741.376774,113873117.41376774,16896747145.183266,1847607504.6972303,0.0,16896747145.183266,0.0,0.0,1248071.651282547,288855.2813147955,216474.31174322794,1536926.9325973426,9768827.199414825,97688.27199414826,0.0,46464508.376462,0.0,0.0,27878705025.877205,0.0,0.0,367160527.6072949,11988030074.259272,0.0,263943929.24246293,0.0,5542822514.091692,0.0
73,7,1514981.794,340870.90365000005,49236908.30499993,0.0,393895266.44,340870.90365000005,694386.6916229813,95929.53283211906,3621.7533528281256,166727311.90850845,0.0,0.0,0.0,0.0,0,160019951.99125004,62647811.696285136,0.0,1600199.5199125002,6864855993.437811,480059855.9737501,612817908.2149445,210076586.64497262,183889198.7674105,110884667417.19722,0.0,0.0,0.0,0.0,1568195542.0625,15681955.420625001,11708867567.133553,117088675.67133553,16896747145.183266,1847607504.6972303,0.0,16896747145.183266,0.0,0.0,1213975.7069393117,257526.9071744057,146305.9058815381,1471502.6141137176,10213125.468612349,102131.25468612349,0.0,46464508.376462,0.0,0.0,27878705025.877205,0.0,0.0,510309684.17227435,11477720390.086998,0.0,0.0,0.0,5542822514.091692,0.0
74,7,757490.9029999999,170435.453175,24618454.347499974,0.0,196947634.78,170435.453175,695052.2068128997,108827.08083263386,1846.384075921875,166788920.28085083,0.0,0.0,0.0,0.0,0,80009976.62937498,51786457.363143735,0.0,800099.7662937497,5632702352.204687,240029929.8881249,555023411.9107064,236678484.51097885,164457149.59671408,97635259207.06999,0.0,0.0,0.0,0.0,1312163617.8624995,13121636.178624995,13252759655.50438,132527596.5550438,19352514502.77704,2057160712.4372141,0.0,19352514502.77704,0.0,0.0,1161829.029331246,290887.4535333868,128967.34512438944,1452716.4828646327,11203787.133359136,112037.87133359138,0.0,46464508.376462,0.0,0.0,27878705025.877205,0.0,0.0,146531823.74286354,11331188566.344133,0.0,628659623.2199509,0.0,6171482137.311643,0.0
75,7,605992.723,136348.362675,19694763.497499984,0.0,157558107.98000002,136348.362675,695237.8935924512,119737.90467388197,1448.7013531406253,163460202.17810968,0.0,0.0,0.0,0.0,0,64007981.36687498,42485297.571660936,0.0,640079.8136687498,4384546716.659687,192023944.10062495,488656355.8956015,195835780.7545809,144585027.36979672,87522391952.34395,3345328.560742277,33453.285607422775,0.0,0.0,1312163616.9118748,13121636.169118747,10109055418.07209,101090554.18072091,19352514502.77704,2057160712.4372141,0.0,19352514502.77704,0.0,0.0,1103808.396259576,270380.81294663646,113160.32226349869,1374189.2092062128,12130881.664576096,121308.81664576098,0.0,46464508.376462,0.0,6.05359673500061e-07,27878705025.877205,0.0,0.0,612512734.5356745,10718675831.80846,0.0,0.0,0.0,6171482137.311643,-3.725290298461914e-09
76,7,757490.9029999999,170435.453175,24618454.347499974,0.0,196947634.78,170435.453175,681439.2496029048,125592.93082098615,1718.557485984375,155838698.72762418,0.0,0.0,0.0,0.0,0,80009976.62937498,33184137.78730781,0.0,800099.7662937497,2896361150.275938,240029929.8881249,438212034.5864401,134536563.45727783,130387164.54380304,83074586337.31554,7666345.97283949,76663.4597283949,0.0,0.0,1568195543.0131242,15681955.430131242,4553298981.459263,45532989.81459263,19352514502.77704,2057160712.4372141,0.0,19352514502.77704,0.0,0.0,1044051.6898904031,229082.59501889217,102631.83772452036,1273134.2849092954,12375187.914741326,123751.87914741326,0.0,46464508.376462,0.0,0.0,27878705025.877205,0.0,0.0,788228409.5159557,9930447422.292503,0.0,0.0,0.0,6171482137.311643,-3.725290298461914e-09
77,7,151498.1785,34087.0901625,4923690.801250007,0.0,39389526.410000004,34087.0901625,649398.9261362726,102529.9044544522,340.870901625,147689043.63482442,0.0,0.0,0.0,0.0,0,16001995.104062501,21782716.108709767,4336604.417123639,160019.95104062502,1661739718.7955616,48005985.3121875,415492946.6498581,321033542.19127005,121700506.9902873,79006570674.6293,8081212.278507805,80812.12278507806,0.0,0.0,1246286822.1673152,12462868.221673153,3794988105.8071485,37949881.05807149,20607091305.026035,2164215068.5652494,0.0,20607091305.026035,0.0,0.0,985764.8205659402,352814.6326147551,94079.73777956955,1338579.4531806954,11959116.069257393,119591.16069257393,0.0,46464508.376462,0.0,0.0,27878705025.877205,0.0,510472312.51692027,0.0,10440919734.809423,0.0,321163068.38410497,0.0,6492645205.695747,-3.725290298461914e-09
78,7,0.0,0.0,0.0,0.0,0.0,0.0,615371.0151451018,78122.72319473642,0.0,138417742.87662816,0.0,0.0,0.0,0.0,0,0.0,12463047.89096671,2510259.0380279054,0.0,398871571.19722515,0.0,395032853.3731465,306685577.562917,115217915.56716771,74689118625.8033,9193178.035001537,91931.78035001537,0.0,0.0,1260357888.5603085,12603578.885603085,4010766471.263086,40107664.71263086,20607091305.026035,2164215068.5652494,0.0,20607091305.026035,0.0,0.0,928829.4007328812,315965.67442623246,88629.16582089824,1244795.0751591136,13247889.081019532,132478.89081019533,0.0,46464508.376462,0.0,2.421438694000244e-06,27878705025.877205,0.0,0.0,731518148.5683386,9709401586.241085,0.0,0.0,0.0,6492645205.695747,-1.862645149230957e-09
79,7,0.0,0.0,0.0,0.0,0.0,0.0,576740.595319284,56586.183104477794,0.0,128463145.65384145,0.0,0.0,0.0,0.0,0,0.0,2991536.783979188,607815.8382119924,0.0,238967981.85934922,0.0,373445593.12901646,291184339.9470126,108921631.32929647,70042453322.37617,9898011.03968223,98980.1103968223,0.0,0.0,159295773.49966392,1592957.7349966392,4355480963.480106,43554809.63480107,20607091305.026035,2164215068.5652494,0.0,20607091305.026035,0.0,0.0,866307.6183292806,281041.68755465053,83785.87025330498,1147349.3058839312,13370916.221974362,133709.16221974362,0.0,46464508.376462,0.0,0.0,27878705025.877205,0.0,0.0,760077000.3464215,8949324585.894665,0.0,0.0,0.0,6492645205.695747,0.0
80,7,0.0,0.0,0.0,0.0,0.0,0.0,535263.1068910061,39937.17556014284,0.0,117788958.52890939,0.0,0.0,0.0,0.0,0,0.0,1792259.863945119,367351.71564180375,0.0,159075254.13464236,0.0,350212266.61188084,274141512.87832767,102145244.42846528,66223179187.25823,10634249.949371919,106342.4994937192,0.0,0.0,79525376.00906506,795253.7600906506,3545132622.2396173,35451326.22239617,20607091305.026035,2164215068.5652494,0.0,20607091305.026035,0.0,0.0,806035.8195647184,251097.84063242702,78573.26494497329,1057133.6601971453,13422448.409563214,134224.48409563213,0.0,46464508.376462,0.0,0.0,27878705025.877205,0.0,0.0,703682036.3569309,8245642549.537733,0.0,0.0,0.0,6492645205.695747,0.0
81,7,0.0,0.0,0.0,0.0,0.0,0.0,490787.32720378897,0.0,0.0,107114107.68395907,0.0,0.0,0.0,0.0,0,0.0,1193064.4060098175,246676.64657296316,0.0,95307020.7834729,0.0,331115895.93629116,260455211.06088027,96575469.64808492,62152820746.11833,10674850.844950315,106748.50844950315,0.0,0.0,63521556.7045965,635215.567045965,3809903230.0790167,38099032.30079017,20607091305.026035,2164215068.5652494,0.0,20607091305.026035,0.0,0.0,746409.6043901744,200539.91362111788,74288.82280621918,946949.5180112922,13654408.373245401,136544.08373245402,0.0,46464508.376462,0.0,2.421438694000244e-06,27878705025.877205,0.0,0.0,859436309.0496547,7386206240.488079,0.0,0.0,0.0,6492645205.695747,-1.862645149230957e-09
82,7,0.0,0.0,0.0,0.0,0.0,0.0,446308.782016496,0.0,0.0,97160381.37171368,0.0,0.0,0.0,0.0,0,0.0,714802.6558760466,149041.97453321924,0.0,15880388.940298937,0.0,310764103.7305917,245575934.88896275,90639530.25475591,57371771221.65288,9953726.312245388,99537.26312245388,0.0,0.0,79277589.86864074,792775.8986864074,4535473589.576497,45354735.89576497,20607091305.026035,2164215068.5652494,0.0,20607091305.026035,0.0,0.0,685907.9407753174,189019.21297191997,69722.71558058147,874927.1537472374,13503534.911818571,135035.3491181857,0.0,46464508.376462,0.0,0.0,27878705025.877205,0.0,0.0,561774441.2596266,6824431799.228452,0.0,0.0,0.0,6492645205.695747,1.862645149230957e-09
83,7,0.0,0.0,0.0,0.0,0.0,0.0,404834.92238214024,0.0,0.0,86484604.34215176,0.0,0.0,0.0,0.0,0,0.0,119102.91705224203,24871.186352881778,0.0,0.0,0.0,286858856.1082644,227540594.91375902,83667166.36491045,53363967974.61426,10675777.029561916,106757.77029561916,0.0,0.0,15855517.753946055,158555.17753946056,3780262652.124859,37802626.52124859,20607091305.026035,2164215068.5652494,0.0,20607091305.026035,0.0,0.0,625587.1985554607,175050.35853854762,64359.35874223881,800637.5570940084,13595867.92946869,135958.67929468688,0.0,46464508.376462,0.0,0.0,27878705025.877205,0.0,0.0,579458853.8951869,6244972945.333265,0.0,0.0,0.0,6492645205.695747,0.0
84,8,0.0,0.0,0.0,0.0,0.0,0.0,360352.51809229894,0.0,0.0,75305802.92150977,0.0,0.0,0.0,0.0,0,0.0,0.0,0.0,0.0,0.0,0.0,266819839.8730713,212622636.14473385,77822453.29631248,49341442111.15067,11178801.420641987,111788.01420641987,0.0,0.0,0.0,0.0,3809903227.3188515,38099032.27318852,21637445870.277336,2272425821.9935117,0.0,21637445870.277336,0.0,0.0,565598.5487638923,163555.87395748758,59863.42561254806,729154.4227213799,14109496.210887257,141094.96210887257,0.0,46464508.376462,0.0,0.0,27878705025.877205,0.0,0.0,557568448.1065019,5687404497.226763,0.0,324632260.28478795,0.0,6817277465.9805355,3.725290298461914e-09
85,8,0.0,0.0,0.0,0.0,0.0,0.0,313774.17883962404,0.0,0.0,64347424.73564609,0.0,0.0,0.0,0.0,0,0.0,0.0,0.0,0.0,0.0,0.0,246707210.55575338,197504197.10995868,71956269.74542809,44608464321.71486,10958378.185863687,109583.78185863687,0.0,0.0,0.0,0.0,4535473592.325856,45354735.923258565,21637445870.277336,2272425821.9935117,0.0,21637445870.277336,0.0,0.0,503548.95619020355,151926.305469199,55350.976727252375,655475.2616594026,14447204.026114345,144472.04026114347,0.0,46464508.376462,0.0,0.0,27878705025.877205,0.0,0.0,574697456.2834227,5112707040.94334,0.0,0.0,0.0,6817277465.9805355,0.0
86,8,0.0,0.0,0.0,0.0,0.0,0.0,268114.2697318587,0.0,0.0,52700503.41070908,0.0,0.0,0.0,0.0,0,0.0,0.0,0.0,0.0,0.0,0.0,223042321.6085743,179228498.4341827,65054010.46916751,40648973173.89451,11646921.32493701,116469.2132493701,0.0,0.0,0.0,0.0,3780262649.386169,37802626.49386169,21637445870.277336,2272425821.9935117,0.0,21637445870.277336,0.0,0.0,439685.2863538389,137868.07571860208,50041.54651474424,577553.362072441,14554815.67061868,145548.1567061868,0.0,46464508.376462,0.0,0.0,27878705025.877205,0.0,0.0,607790816.7783005,4504916224.16504,0.0,0.0,0.0,6817277465.9805355,-7.450580596923828e-09
87,8,0.0,0.0,0.0,0.0,0.0,0.0,219585.4308779545,0.0,0.0,41154826.68559332,0.0,0.0,0.0,0.0,0,0.0,0.0,0.0,0.0,0.0,0.0,203244865.86947256,164068979.19439155,59279752.545262836,36489563466.96377,11545676.725115765,115456.76725115765,0.0,0.0,0.0,0.0,3995340727.7363462,39953407.277363464,21637445870.277336,2272425821.9935117,0.0,21637445870.277336,0.0,0.0,375927.6353929334,126206.90707260888,45599.80965020218,502134.5424655423,14619015.746451415,146190.15746451417,0.0,46464508.376462,0.0,0.0,27878705025.877205,0.0,0.0,588266792.9338102,3916649431.23123,0.0,0.0,0.0,6817277465.9805355,-3.725290298461914e-09
88,8,0.0,0.0,0.0,0.0,0.0,0.0,171478.44452330552,0.0,0.0,29721608.174277138,0.0,0.0,0.0,0.0,0,0.0,0.0,0.0,0.0,0.0,0.0,182447817.33481887,147920175.33587623,53213946.722655505,32087043959.74587,11433218.511316182,114332.18511316182,0.0,0.0,0.0,0.0,4254599331.8820257,42545993.31882026,21637445870.277336,2272425821.9935117,0.0,21637445870.277336,0.0,0.0,311822.9193962431,113784.75025836633,40933.80517127347,425607.6696546094,14705987.228148509,147059.8722814851,0.0,46464508.376462,0.0,0.0,27878705025.877205,0.0,0.0,596909607.9252765,3319739823.3059535,0.0,0.0,0.0,6817277465.9805355,0.0
89,8,0.0,0.0,0.0,0.0,0.0,0.0,123840.03405948807,0.0,0.0,17589841.603368178,0.0,0.0,0.0,0.0,0,0.0,0.0,0.0,0.0,0.0,0.0,160435219.79872933,130589495.38462904,46793605.77462939,28492716906.331165,12131766.570908964,121317.66570908963,0.0,0.0,0.0,0.0,3463737558.0300717,34637375.58030072,21637445870.277336,2272425821.9935117,0.0,21637445870.277336,0.0,0.0,247251.74159697216,100453.45798817619,35995.08136509953,347705.19958514837,14796180.077085942,147961.8007708594,0.0,46464508.376462,0.0,0.0,27878705025.877205,0.0,0.0,607639266.5417961,2712100556.7641573,0.0,0.0,0.0,6817277465.9805355,-3.725290298461914e-09
90,8,0.0,0.0,0.0,0.0,0.0,0.0,73291.00668070075,0.0,0.0,5595347.527363061,0.0,0.0,0.0,0.0,0,0.0,0.0,0.0,0.0,0.0,0.0,142463584.53165585,116531137.39999819,41551878.82173295,24652995390.971653,11994494.076005118,119944.94076005118,0.0,0.0,0.0,0.0,3723190377.959516,37231903.77959516,21637445870.277336,2272425821.9935117,0.0,21637445870.277336,0.0,0.0,182878.3793973591,89639.33646153707,31962.98370902535,272517.71585889615,14858486.674435515,148584.86674435515,0.0,46464508.376462,0.0,0.0,27878705025.877205,0.0,0.0,586462373.0647674,2125638183.69939,0.0,0.0,0.0,6817277465.9805355,3.725290298461914e-09
91,8,0.0,0.0,0.0,0.0,0.0,0.0,23313.94803067942,0.0,0.0,0.0,0.0,0.0,0.0,0.0,0,0.0,0.0,0.0,0.0,0.0,0.0,123264976.95485827,101300530.6720385,35952284.945167,20118552989.84722,5595347.52736306,55953.4752736306,0.0,0.0,0.0,0.0,4433141870.4523945,44331418.70452394,21637445870.277336,2272425821.9935117,0.0,21637445870.277336,0.0,0.0,118133.16107287808,77923.4851323373,27655.603803974613,196056.6462052154,9005456.658480287,90054.56658480287,0.0,46464508.376462,0.0,7799961365.609511,20078743660.26769,0.0,0.0,596396343.2987098,1529241840.40068,0.0,0.0,0.0,6817277465.9805355,-3.725290298461914e-09
92,8,0.0,0.0,0.0,0.0,0.0,0.0,0.0,0.0,0.0,0.0,0.0,0.0,0.0,0.0,0,0.0,0.0,0.0,0.0,0.0,0.0,100592764.9492361,82978440.47793105,29339556.4435272,16339867363.57267,0.0,0.0,0.0,0.0,0.0,0.0,3695707185.79662,36957071.8579662,21637445870.277336,2272425821.9935117,0.0,21637445870.277336,0.0,0.0,77379.04996095084,63829.5695984085,22568.889571944,141208.61955935936,2842851.6813820153,28428.516813820155,0.0,33464572.767112818,0.0,15813795063.82911,4264948596.4385815,0.0,0.0,427814607.83767724,1101427232.5630028,0.0,0.0,0.0,6817277465.9805355,3.725290298461914e-09
93,8,0.0,0.0,0.0,0.0,0.0,0.0,0.0,0.0,0.0,0.0,0.0,0.0,0.0,0.0,0,0.0,0.0,0.0,0.0,0.0,0.0,81699336.81786336,67696797.82574724,23828973.238543477,12589952421.489006,0.0,0.0,0.0,0.0,0.0,0.0,3682218144.257916,36822181.44257916,21637445870.277336,2272425821.9935117,0.0,21637445870.277336,0.0,0.0,62845.64370604874,52074.45986595941,18329.979414264213,114920.10357200816,2832475.4955830122,28324.75495583012,0.0,7108247.66073097,0.0,4264948596.4385815,0.0,0.0,0.0,205050424.70133927,896376807.8616637,11405748195.303204,0.0,0.0,6817277465.9805355,-1.862645149230957e-09
94,8,0.0,0.0,0.0,0.0,0.0,0.0,0.0,0.0,0.0,0.0,0.0,0.0,0.0,0.0,0,0.0,0.0,0.0,0.0,0.0,0.0,62949762.10744503,52396038.08214269,18360347.281338137,8152781108.223861,0.0,0.0,0.0,0.0,0.0,0.0,4384775275.183003,43847752.751830034,21637445870.277336,2272425821.9935117,0.0,21637445870.277336,0.0,0.0,48422.89392880387,40304.6446785713,14123.344062567798,88727.53860737516,3372904.0578330797,33729.040578330794,0.0,0.0,0.0,0.0,0.0,0.0,0.0,204302006.72413746,692074801.1375262,26412741074.905403,0.0,0.0,6817277465.9805355,3.725290298461914e-09
95,8,0.0,0.0,0.0,0.0,0.0,0.0,0.0,0.0,0.0,0.0,0.0,0.0,0.0,0.0,0,0.0,0.0,0.0,0.0,0.0,0.0,40763905.5411193,34034849.694454506,11889472.449493133,4641343877.779027,0.0,0.0,0.0,0.0,0.0,0.0,3477402380.750379,34774023.80750379,21637445870.277336,2272425821.9935117,0.0,21637445870.277336,0.0,0.0,31356.850416245616,26180.65361111885,9145.74803807164,57537.50402736446,2674924.9082695222,26749.249082695223,0.0,0.0,0.0,0.0,0.0,0.0,0.0,243282269.72408336,448792531.41344285,42422178760.670364,0.0,0.0,6817277465.9805355,0.0
96,9,0.0,0.0,0.0,0.0,0.0,0.0,0.0,0.0,0.0,0.0,0.0,0.0,0.0,0.0,0,0.0,0.0,0.0,0.0,0.0,0.0,23206719.38889514,19435680.77564346,6768626.488427748,1112451971.5449526,0.0,0.0,0.0,0.0,0.0,0.0,3509456225.4584312,35094562.25458431,22719318163.791206,2386047113.0931873,0.0,22719318163.791206,0.0,0.0,17851.322606842416,14950.523673571892,5206.635760329037,32801.846280414306,2699581.7118911007,26995.81711891101,0.0,0.0,0.0,0.0,0.0,0.0,0.0,192938130.42621124,255854400.98723158,59013562254.12958,340863873.2990268,0.0,7158141339.279562,7.450580596923828e-09
97,9,0.0,0.0,0.0,0.0,0.0,0.0,0.0,0.0,0.0,0.0,0.0,0.0,0.0,0.0,0,0.0,0.0,0.0,0.0,0.0,0.0,5562259.8577247625,4627375.818930661,1622325.7918363893,665156436.8437012,0.0,0.0,0.0,0.0,0.0,0.0,442668158.88232064,4426681.588823207,22719318163.791206,2386047113.0931873,0.0,22719318163.791206,0.0,0.0,4278.661429019048,3559.519860715893,1247.9429167972226,7838.181289734941,340513.96837101586,3405.139683710159,0.0,0.0,0.0,0.0,0.0,0.0,0.0,194716586.92729905,61137814.05993253,79082643089.81526,0.0,0.0,7158141339.279562,0.0
98,9,0.0,0.0,0.0,0.0,0.0,0.0,0.0,0.0,0.0,0.0,0.0,0.0,0.0,0.0,0,0.0,0.0,0.0,0.0,0.0,0.0,3325782.1842185063,2770397.2463439107,970019.803730398,441825996.98126704,0.0,0.0,0.0,0.0,0.0,0.0,220560042.61609033,2205600.426160903,22719318163.791206,2386047113.0931873,0.0,22719318163.791206,0.0,0.0,2558.2939878603893,2131.0748048799314,746.1690797926138,4689.368792740321,169661.5712431464,1696.615712431464,0.0,0.0,0.0,0.0,0.0,0.0,0.0,24560737.47655803,36577076.5833745,99210643035.7133,0.0,0.0,7158141339.279562,0.0
99,9,0.0,0.0,0.0,0.0,0.0,0.0,0.0,0.0,0.0,0.0,0.0,0.0,0.0,0.0,0,0.0,0.0,0.0,0.0,0.0,0.0,2209129.984906335,1847479.0225993155,644329.5789310145,264142349.8916567,0.0,0.0,0.0,0.0,0.0,0.0,175836168.067011,1758361.68067011,22719318163.791206,2386047113.0931873,0.0,22719318163.791206,0.0,0.0,1699.3307576202576,1421.137709691781,495.63813763924196,3120.468467312039,135258.5908207777,1352.585908207777,0.0,0.0,0.0,0.0,0.0,0.0,0.0,12237422.538340596,24339654.045033906,119373856040.61554,0.0,0.0,7158141339.279562,0.0
100,9,0.0,0.0,0.0,0.0,0.0,0.0,0.0,0.0,0.0,0.0,0.0,0.0,0.0,0.0,0,0.0,0.0,0.0,0.0,0.0,0.0,1320711.7494582837,1109898.9881914314,385207.59359199944,43993021.874171436,0.0,0.0,0.0,0.0,0.0,0.0,219039429.02929384,2190394.2902929382,22719318163.791206,2386047113.0931873,0.0,22719318163.791206,0.0,0.0,1015.9321149679105,853.7684524549472,296.31353353230725,1869.7005674228578,168491.86848407218,1684.9186848407217,0.0,0.0,0.0,0.0,0.0,0.0,0.0,9755989.619135614,14583664.425898291,139492837439.28186,0.0,0.0,7158141339.279562,1.4901161193847656e-08
101,9,0.0,0.0,0.0,0.0,0.0,0.0,0.0,0.0,0.0,0.0,0.0,0.0,0.0,0.0,0,0.0,0.0,0.0,0.0,0.0,0.0,219965.1093708572,185136.67555797898,64156.49023316669,0.0,0.0,0.0,0.0,0.0,0.0,0.0,43807885.19861346,438078.8519861346,22719318163.791206,2386047113.0931873,0.0,22719318163.791206,0.0,0.0,169.20393028527477,142.41282735229152,49.35114633320514,311.61675763756625,33698.37322970266,336.9837322970266,0.0,0.0,0.0,0.0,0.0,0.0,0.0,12153053.716325276,2430610.709573016,159793546321.37042,0.0,0.0,7158141339.279562,0.0
102,9,0.0,0.0,0.0,0.0,0.0,0.0,0.0,0.0,0.0,0.0,0.0,0.0,0.0,0.0,0,0.0,0.0,0.0,0.0,0.0,0.0,0.0,0.0,0.0,0.0,0.0,0.0,0.0,0.0,0.0,0.0,0.0,0.0,22719318163.791206,2386047113.0931873,0.0,22719318163.791206,0.0,0.0,0.0,0.0,0.0,0.0,0.0,0.0,0.0,0.0,0.0,0.0,0.0,0.0,0.0,2430610.709573016,0.0,180129247982.77805,0.0,0.0,7158141339.279562,0.0
103,9,0.0,0.0,0.0,0.0,0.0,0.0,0.0,0.0,0.0,0.0,0.0,0.0,0.0,0.0,0,0.0,0.0,0.0,0.0,0.0,0.0,0.0,0.0,0.0,0.0,0.0,0.0,0.0,0.0,0.0,0.0,0.0,0.0,22719318163.791206,2386047113.0931873,0.0,22719318163.791206,0.0,0.0,0.0,0.0,0.0,0.0,0.0,0.0,0.0,0.0,0.0,0.0,0.0,0.0,0.0,0.0,0.0,200462519033.47604,0.0,0.0,7158141339.279562,0.0
104,9,0.0,0.0,0.0,0.0,0.0,0.0,0.0,0.0,0.0,0.0,0.0,0.0,0.0,0.0,0,0.0,0.0,0.0,0.0,0.0,0.0,0.0,0.0,0.0,0.0,0.0,0.0,0.0,0.0,0.0,0.0,0.0,0.0,22719318163.791206,2386047113.0931873,0.0,22719318163.791206,0.0,0.0,0.0,0.0,0.0,0.0,0.0,0.0,0.0,0.0,0.0,0.0,0.0,0.0,0.0,0.0,0.0,220795790084.17407,0.0,0.0,7158141339.279562,0.0
105,9,0.0,0.0,0.0,0.0,0.0,0.0,0.0,0.0,0.0,0.0,0.0,0.0,0.0,0.0,0,0.0,0.0,0.0,0.0,0.0,0.0,0.0,0.0,0.0,0.0,0.0,0.0,0.0,0.0,0.0,0.0,0.0,0.0,22719318163.791206,2386047113.0931873,0.0,22719318163.791206,0.0,0.0,0.0,0.0,0.0,0.0,0.0,0.0,0.0,0.0,0.0,0.0,0.0,0.0,0.0,0.0,0.0,241129061134.87207,0.0,0.0,7158141339.279562,0.0
106,9,0.0,0.0,0.0,0.0,0.0,0.0,0.0,0.0,0.0,0.0,0.0,0.0,0.0,0.0,0,0.0,0.0,0.0,0.0,0.0,0.0,0.0,0.0,0.0,0.0,0.0,0.0,0.0,0.0,0.0,0.0,0.0,0.0,22719318163.791206,2386047113.0931873,0.0,22719318163.791206,0.0,0.0,0.0,0.0,0.0,0.0,0.0,0.0,0.0,0.0,0.0,0.0,0.0,0.0,0.0,0.0,0.0,261462332185.5701,0.0,0.0,7158141339.279562,0.0
107,9,0.0,0.0,0.0,0.0,0.0,0.0,0.0,0.0,0.0,0.0,0.0,0.0,0.0,0.0,0,0.0,0.0,0.0,0.0,0.0,0.0,0.0,0.0,0.0,0.0,0.0,0.0,0.0,0.0,0.0,0.0,0.0,0.0,22719318163.791206,2386047113.0931873,0.0,22719318163.791206,0.0,0.0,0.0,0.0,0.0,0.0,0.0,0.0,0.0,0.0,0.0,0.0,0.0,0.0,0.0,0.0,0.0,281795603236.2681,0.0,0.0,7158141339.279562,0.0
108,10,0.0,0.0,0.0,0.0,0.0,0.0,0.0,0.0,0.0,0.0,0.0,0.0,0.0,0.0,0,0.0,0.0,0.0,0.0,0.0,0.0,0.0,0.0,0.0,0.0,0.0,0.0,0.0,0.0,0.0,0.0,0.0,0.0,23855284071.980766,2505349468.7478466,0.0,23855284071.980766,0.0,0.0,0.0,0.0,0.0,0.0,0.0,0.0,0.0,0.0,0.0,0.0,0.0,0.0,0.0,0.0,0.0,302787630772.53705,357907066.96397793,0.0,7516048406.24354,-2.9802322387695312e-08
109,10,0.0,0.0,0.0,0.0,0.0,0.0,0.0,0.0,0.0,0.0,0.0,0.0,0.0,0.0,0,0.0,0.0,0.0,0.0,0.0,0.0,0.0,0.0,0.0,0.0,0.0,0.0,0.0,0.0,0.0,0.0,0.0,0.0,23855284071.980766,2505349468.7478466,0.0,23855284071.980766,0.0,0.0,0.0,0.0,0.0,0.0,0.0,0.0,0.0,0.0,0.0,0.0,0.0,0.0,0.0,0.0,0.0,324137565375.77,0.0,0.0,7516048406.24354,0.0
110,10,0.0,0.0,0.0,0.0,0.0,0.0,0.0,0.0,0.0,0.0,0.0,0.0,0.0,0.0,0,0.0,0.0,0.0,0.0,0.0,0.0,0.0,0.0,0.0,0.0,0.0,0.0,0.0,0.0,0.0,0.0,0.0,0.0,23855284071.980766,2505349468.7478466,0.0,23855284071.980766,0.0,0.0,0.0,0.0,0.0,0.0,0.0,0.0,0.0,0.0,0.0,0.0,0.0,0.0,0.0,0.0,0.0,345487499979.0029,0.0,0.0,7516048406.24354,0.0
111,10,0.0,0.0,0.0,0.0,0.0,0.0,0.0,0.0,0.0,0.0,0.0,0.0,0.0,0.0,0,0.0,0.0,0.0,0.0,0.0,0.0,0.0,0.0,0.0,0.0,0.0,0.0,0.0,0.0,0.0,0.0,0.0,0.0,23855284071.980766,2505349468.7478466,0.0,23855284071.980766,0.0,0.0,0.0,0.0,0.0,0.0,0.0,0.0,0.0,0.0,0.0,0.0,0.0,0.0,0.0,0.0,0.0,366837434582.23584,0.0,0.0,7516048406.24354,0.0
112,10,0.0,0.0,0.0,0.0,0.0,0.0,0.0,0.0,0.0,0.0,0.0,0.0,0.0,0.0,0,0.0,0.0,0.0,0.0,0.0,0.0,0.0,0.0,0.0,0.0,0.0,0.0,0.0,0.0,0.0,0.0,0.0,0.0,23855284071.980766,2505349468.7478466,0.0,23855284071.980766,0.0,0.0,0.0,0.0,0.0,0.0,0.0,0.0,0.0,0.0,0.0,0.0,0.0,0.0,0.0,0.0,0.0,388187369185.46875,0.0,0.0,7516048406.24354,0.0
113,10,0.0,0.0,0.0,0.0,0.0,0.0,0.0,0.0,0.0,0.0,0.0,0.0,0.0,0.0,0,0.0,0.0,0.0,0.0,0.0,0.0,0.0,0.0,0.0,0.0,0.0,0.0,0.0,0.0,0.0,0.0,0.0,0.0,23855284071.980766,2505349468.7478466,0.0,23855284071.980766,0.0,0.0,0.0,0.0,0.0,0.0,0.0,0.0,0.0,0.0,0.0,0.0,0.0,0.0,0.0,0.0,0.0,409537303788.70166,0.0,0.0,7516048406.24354,0.0
114,10,0.0,0.0,0.0,0.0,0.0,0.0,0.0,0.0,0.0,0.0,0.0,0.0,0.0,0.0,0,0.0,0.0,0.0,0.0,0.0,0.0,0.0,0.0,0.0,0.0,0.0,0.0,0.0,0.0,0.0,0.0,0.0,0.0,23855284071.980766,2505349468.7478466,0.0,23855284071.980766,0.0,0.0,0.0,0.0,0.0,0.0,0.0,0.0,0.0,0.0,0.0,0.0,0.0,0.0,0.0,0.0,0.0,430887238391.9346,0.0,0.0,7516048406.24354,0.0
115,10,0.0,0.0,0.0,0.0,0.0,0.0,0.0,0.0,0.0,0.0,0.0,0.0,0.0,0.0,0,0.0,0.0,0.0,0.0,0.0,0.0,0.0,0.0,0.0,0.0,0.0,0.0,0.0,0.0,0.0,0.0,0.0,0.0,23855284071.980766,2505349468.7478466,0.0,23855284071.980766,0.0,0.0,0.0,0.0,0.0,0.0,0.0,0.0,0.0,0.0,0.0,0.0,0.0,0.0,0.0,0.0,0.0,452237172995.1675,0.0,0.0,7516048406.24354,0.0
116,10,0.0,0.0,0.0,0.0,0.0,0.0,0.0,0.0,0.0,0.0,0.0,0.0,0.0,0.0,0,0.0,0.0,0.0,0.0,0.0,0.0,0.0,0.0,0.0,0.0,0.0,0.0,0.0,0.0,0.0,0.0,0.0,0.0,23855284071.980766,2505349468.7478466,0.0,23855284071.980766,0.0,0.0,0.0,0.0,0.0,0.0,0.0,0.0,0.0,0.0,0.0,0.0,0.0,0.0,0.0,0.0,0.0,473587107598.4004,0.0,0.0,7516048406.24354,0.0
117,10,0.0,0.0,0.0,0.0,0.0,0.0,0.0,0.0,0.0,0.0,0.0,0.0,0.0,0.0,0,0.0,0.0,0.0,0.0,0.0,0.0,0.0,0.0,0.0,0.0,0.0,0.0,0.0,0.0,0.0,0.0,0.0,0.0,23855284071.980766,2505349468.7478466,0.0,23855284071.980766,0.0,0.0,0.0,0.0,0.0,0.0,0.0,0.0,0.0,0.0,0.0,0.0,0.0,0.0,0.0,0.0,0.0,494937042201.6333,0.0,0.0,7516048406.24354,0.0
118,10,0.0,0.0,0.0,0.0,0.0,0.0,0.0,0.0,0.0,0.0,0.0,0.0,0.0,0.0,0,0.0,0.0,0.0,0.0,0.0,0.0,0.0,0.0,0.0,0.0,0.0,0.0,0.0,0.0,0.0,0.0,0.0,0.0,23855284071.980766,2505349468.7478466,0.0,23855284071.980766,0.0,0.0,0.0,0.0,0.0,0.0,0.0,0.0,0.0,0.0,0.0,0.0,0.0,0.0,0.0,0.0,0.0,516286976804.86615,0.0,0.0,7516048406.24354,0.0
119,10,0.0,0.0,0.0,0.0,0.0,0.0,0.0,0.0,0.0,0.0,0.0,0.0,0.0,0.0,0,0.0,0.0,0.0,0.0,0.0,0.0,0.0,0.0,0.0,0.0,0.0,0.0,0.0,0.0,0.0,0.0,0.0,0.0,23855284071.980766,2505349468.7478466,0.0,23855284071.980766,0.0,0.0,0.0,0.0,0.0,0.0,0.0,0.0,0.0,0.0,0.0,0.0,0.0,0.0,0.0,0.0,0.0,537636911408.09906,0.0,0.0,7516048406.24354,0.0
120,11,0.0,0.0,0.0,0.0,0.0,0.0,0.0,0.0,0.0,0.0,0.0,0.0,0.0,0.0,0,0.0,0.0,0.0,0.0,0.0,0.0,0.0,0.0,0.0,0.0,0.0,0.0,0.0,0.0,0.0,0.0,0.0,0.0,25048048275.579803,2630616942.1852393,0.0,25048048275.579803,0.0,0.0,0.0,0.0,0.0,0.0,0.0,0.0,0.0,0.0,0.0,0.0,0.0,0.0,0.0,0.0,0.0,559678540321.1814,375802420.31217766,0.0,7891850826.555717,0.0
121,11,0.0,0.0,0.0,0.0,0.0,0.0,0.0,0.0,0.0,0.0,0.0,0.0,0.0,0.0,0,0.0,0.0,0.0,0.0,0.0,0.0,0.0,0.0,0.0,0.0,0.0,0.0,0.0,0.0,0.0,0.0,0.0,0.0,25048048275.579803,2630616942.1852393,0.0,25048048275.579803,0.0,0.0,0.0,0.0,0.0,0.0,0.0,0.0,0.0,0.0,0.0,0.0,0.0,0.0,0.0,0.0,0.0,582095971654.5759,0.0,0.0,7891850826.555717,0.0
122,11,0.0,0.0,0.0,0.0,0.0,0.0,0.0,0.0,0.0,0.0,0.0,0.0,0.0,0.0,0,0.0,0.0,0.0,0.0,0.0,0.0,0.0,0.0,0.0,0.0,0.0,0.0,0.0,0.0,0.0,0.0,0.0,0.0,25048048275.579803,2630616942.1852393,0.0,25048048275.579803,0.0,0.0,0.0,0.0,0.0,0.0,0.0,0.0,0.0,0.0,0.0,0.0,0.0,0.0,0.0,0.0,0.0,604513402987.9706,0.0,0.0,7891850826.555717,0.0
123,11,0.0,0.0,0.0,0.0,0.0,0.0,0.0,0.0,0.0,0.0,0.0,0.0,0.0,0.0,0,0.0,0.0,0.0,0.0,0.0,0.0,0.0,0.0,0.0,0.0,0.0,0.0,0.0,0.0,0.0,0.0,0.0,0.0,25048048275.579803,2630616942.1852393,0.0,25048048275.579803,0.0,0.0,0.0,0.0,0.0,0.0,0.0,0.0,0.0,0.0,0.0,0.0,0.0,0.0,0.0,0.0,0.0,626930834321.3651,0.0,0.0,7891850826.555717,0.0
124,11,0.0,0.0,0.0,0.0,0.0,0.0,0.0,0.0,0.0,0.0,0.0,0.0,0.0,0.0,0,0.0,0.0,0.0,0.0,0.0,0.0,0.0,0.0,0.0,0.0,0.0,0.0,0.0,0.0,0.0,0.0,0.0,0.0,25048048275.579803,2630616942.1852393,0.0,25048048275.579803,0.0,0.0,0.0,0.0,0.0,0.0,0.0,0.0,0.0,0.0,0.0,0.0,0.0,0.0,0.0,0.0,0.0,649348265654.7596,0.0,0.0,7891850826.555717,0.0
125,11,0.0,0.0,0.0,0.0,0.0,0.0,0.0,0.0,0.0,0.0,0.0,0.0,0.0,0.0,0,0.0,0.0,0.0,0.0,0.0,0.0,0.0,0.0,0.0,0.0,0.0,0.0,0.0,0.0,0.0,0.0,0.0,0.0,25048048275.579803,2630616942.1852393,0.0,25048048275.579803,0.0,0.0,0.0,0.0,0.0,0.0,0.0,0.0,0.0,0.0,0.0,0.0,0.0,0.0,0.0,0.0,0.0,671765696988.1542,0.0,0.0,7891850826.555717,0.0
126,11,0.0,0.0,0.0,0.0,0.0,0.0,0.0,0.0,0.0,0.0,0.0,0.0,0.0,0.0,0,0.0,0.0,0.0,0.0,0.0,0.0,0.0,0.0,0.0,0.0,0.0,0.0,0.0,0.0,0.0,0.0,0.0,0.0,25048048275.579803,2630616942.1852393,0.0,25048048275.579803,0.0,0.0,0.0,0.0,0.0,0.0,0.0,0.0,0.0,0.0,0.0,0.0,0.0,0.0,0.0,0.0,0.0,694183128321.5487,0.0,0.0,7891850826.555717,0.0
127,11,0.0,0.0,0.0,0.0,0.0,0.0,0.0,0.0,0.0,0.0,0.0,0.0,0.0,0.0,0,0.0,0.0,0.0,0.0,0.0,0.0,0.0,0.0,0.0,0.0,0.0,0.0,0.0,0.0,0.0,0.0,0.0,0.0,25048048275.579803,2630616942.1852393,0.0,25048048275.579803,0.0,0.0,0.0,0.0,0.0,0.0,0.0,0.0,0.0,0.0,0.0,0.0,0.0,0.0,0.0,0.0,0.0,716600559654.9434,0.0,0.0,7891850826.555717,0.0
128,11,0.0,0.0,0.0,0.0,0.0,0.0,0.0,0.0,0.0,0.0,0.0,0.0,0.0,0.0,0,0.0,0.0,0.0,0.0,0.0,0.0,0.0,0.0,0.0,0.0,0.0,0.0,0.0,0.0,0.0,0.0,0.0,0.0,25048048275.579803,2630616942.1852393,0.0,25048048275.579803,0.0,0.0,0.0,0.0,0.0,0.0,0.0,0.0,0.0,0.0,0.0,0.0,0.0,0.0,0.0,0.0,0.0,739017990988.3379,0.0,0.0,7891850826.555717,0.0
129,11,0.0,0.0,0.0,0.0,0.0,0.0,0.0,0.0,0.0,0.0,0.0,0.0,0.0,0.0,0,0.0,0.0,0.0,0.0,0.0,0.0,0.0,0.0,0.0,0.0,0.0,0.0,0.0,0.0,0.0,0.0,0.0,0.0,25048048275.579803,2630616942.1852393,0.0,25048048275.579803,0.0,0.0,0.0,0.0,0.0,0.0,0.0,0.0,0.0,0.0,0.0,0.0,0.0,0.0,0.0,0.0,0.0,761435422321.7324,0.0,0.0,7891850826.555717,0.0
130,11,0.0,0.0,0.0,0.0,0.0,0.0,0.0,0.0,0.0,0.0,0.0,0.0,0.0,0.0,0,0.0,0.0,0.0,0.0,0.0,0.0,0.0,0.0,0.0,0.0,0.0,0.0,0.0,0.0,0.0,0.0,0.0,0.0,25048048275.579803,2630616942.1852393,0.0,25048048275.579803,0.0,0.0,0.0,0.0,0.0,0.0,0.0,0.0,0.0,0.0,0.0,0.0,0.0,0.0,0.0,0.0,0.0,783852853655.127,0.0,0.0,7891850826.555717,0.0
131,11,0.0,0.0,0.0,0.0,0.0,0.0,0.0,0.0,0.0,0.0,0.0,0.0,0.0,0.0,0,0.0,0.0,0.0,0.0,0.0,0.0,0.0,0.0,0.0,0.0,0.0,0.0,0.0,0.0,0.0,0.0,0.0,0.0,25048048275.579803,2630616942.1852393,0.0,25048048275.579803,0.0,0.0,0.0,0.0,0.0,0.0,0.0,0.0,0.0,0.0,0.0,0.0,0.0,0.0,0.0,0.0,0.0,806270284988.5216,0.0,0.0,7891850826.555717,0.0
132,12,0.0,0.0,0.0,0.0,0.0,0.0,0.0,0.0,0.0,0.0,0.0,0.0,0.0,0.0,0,0.0,0.0,0.0,0.0,0.0,0.0,0.0,0.0,0.0,0.0,0.0,0.0,0.0,0.0,0.0,0.0,0.0,0.0,26300450689.358795,2762147789.2945013,0.0,26300450689.358795,0.0,0.0,0.0,0.0,0.0,0.0,0.0,0.0,0.0,0.0,0.0,0.0,0.0,0.0,0.0,0.0,0.0,829413995347.258,394592541.3277859,0.0,8286443367.883504,0.0
133,12,0.0,0.0,0.0,0.0,0.0,0.0,0.0,0.0,0.0,0.0,0.0,0.0,0.0,0.0,0,0.0,0.0,0.0,0.0,0.0,0.0,0.0,0.0,0.0,0.0,0.0,0.0,0.0,0.0,0.0,0.0,0.0,0.0,26300450689.358795,2762147789.2945013,0.0,26300450689.358795,0.0,0.0,0.0,0.0,0.0,0.0,0.0,0.0,0.0,0.0,0.0,0.0,0.0,0.0,0.0,0.0,0.0,852952298247.3224,0.0,0.0,8286443367.883504,0.0
134,12,0.0,0.0,0.0,0.0,0.0,0.0,0.0,0.0,0.0,0.0,0.0,0.0,0.0,0.0,0,0.0,0.0,0.0,0.0,0.0,0.0,0.0,0.0,0.0,0.0,0.0,0.0,0.0,0.0,0.0,0.0,0.0,0.0,26300450689.358795,2762147789.2945013,0.0,26300450689.358795,0.0,0.0,0.0,0.0,0.0,0.0,0.0,0.0,0.0,0.0,0.0,0.0,0.0,0.0,0.0,0.0,0.0,876490601147.3867,0.0,0.0,8286443367.883504,0.0
135,12,0.0,0.0,0.0,0.0,0.0,0.0,0.0,0.0,0.0,0.0,0.0,0.0,0.0,0.0,0,0.0,0.0,0.0,0.0,0.0,0.0,0.0,0.0,0.0,0.0,0.0,0.0,0.0,0.0,0.0,0.0,0.0,0.0,26300450689.358795,2762147789.2945013,0.0,26300450689.358795,0.0,0.0,0.0,0.0,0.0,0.0,0.0,0.0,0.0,0.0,0.0,0.0,0.0,0.0,0.0,0.0,0.0,900028904047.451,0.0,0.0,8286443367.883504,0.0
136,12,0.0,0.0,0.0,0.0,0.0,0.0,0.0,0.0,0.0,0.0,0.0,0.0,0.0,0.0,0,0.0,0.0,0.0,0.0,0.0,0.0,0.0,0.0,0.0,0.0,0.0,0.0,0.0,0.0,0.0,0.0,0.0,0.0,26300450689.358795,2762147789.2945013,0.0,26300450689.358795,0.0,0.0,0.0,0.0,0.0,0.0,0.0,0.0,0.0,0.0,0.0,0.0,0.0,0.0,0.0,0.0,0.0,923567206947.5154,0.0,0.0,8286443367.883504,0.0
137,12,0.0,0.0,0.0,0.0,0.0,0.0,0.0,0.0,0.0,0.0,0.0,0.0,0.0,0.0,0,0.0,0.0,0.0,0.0,0.0,0.0,0.0,0.0,0.0,0.0,0.0,0.0,0.0,0.0,0.0,0.0,0.0,0.0,26300450689.358795,2762147789.2945013,0.0,26300450689.358795,0.0,0.0,0.0,0.0,0.0,0.0,0.0,0.0,0.0,0.0,0.0,0.0,0.0,0.0,0.0,0.0,0.0,947105509847.5797,0.0,0.0,8286443367.883504,0.0
138,12,0.0,0.0,0.0,0.0,0.0,0.0,0.0,0.0,0.0,0.0,0.0,0.0,0.0,0.0,0,0.0,0.0,0.0,0.0,0.0,0.0,0.0,0.0,0.0,0.0,0.0,0.0,0.0,0.0,0.0,0.0,0.0,0.0,26300450689.358795,2762147789.2945013,0.0,26300450689.358795,0.0,0.0,0.0,0.0,0.0,0.0,0.0,0.0,0.0,0.0,0.0,0.0,0.0,0.0,0.0,0.0,0.0,970643812747.644,0.0,0.0,8286443367.883504,0.0
139,12,0.0,0.0,0.0,0.0,0.0,0.0,0.0,0.0,0.0,0.0,0.0,0.0,0.0,0.0,0,0.0,0.0,0.0,0.0,0.0,0.0,0.0,0.0,0.0,0.0,0.0,0.0,0.0,0.0,0.0,0.0,0.0,0.0,26300450689.358795,2762147789.2945013,0.0,26300450689.358795,0.0,0.0,0.0,0.0,0.0,0.0,0.0,0.0,0.0,0.0,0.0,0.0,0.0,0.0,0.0,0.0,0.0,994182115647.7084,0.0,0.0,8286443367.883504,0.0
140,12,0.0,0.0,0.0,0.0,0.0,0.0,0.0,0.0,0.0,0.0,0.0,0.0,0.0,0.0,0,0.0,0.0,0.0,0.0,0.0,0.0,0.0,0.0,0.0,0.0,0.0,0.0,0.0,0.0,0.0,0.0,0.0,0.0,26300450689.358795,2762147789.2945013,0.0,26300450689.358795,0.0,0.0,0.0,0.0,0.0,0.0,0.0,0.0,0.0,0.0,0.0,0.0,0.0,0.0,0.0,0.0,0.0,1017720418547.7727,0.0,0.0,8286443367.883504,0.0
141,12,0.0,0.0,0.0,0.0,0.0,0.0,0.0,0.0,0.0,0.0,0.0,0.0,0.0,0.0,0,0.0,0.0,0.0,0.0,0.0,0.0,0.0,0.0,0.0,0.0,0.0,0.0,0.0,0.0,0.0,0.0,0.0,0.0,26300450689.358795,2762147789.2945013,0.0,26300450689.358795,0.0,0.0,0.0,0.0,0.0,0.0,0.0,0.0,0.0,0.0,0.0,0.0,0.0,0.0,0.0,0.0,0.0,1041258721447.837,0.0,0.0,8286443367.883504,0.0
142,12,0.0,0.0,0.0,0.0,0.0,0.0,0.0,0.0,0.0,0.0,0.0,0.0,0.0,0.0,0,0.0,0.0,0.0,0.0,0.0,0.0,0.0,0.0,0.0,0.0,0.0,0.0,0.0,0.0,0.0,0.0,0.0,0.0,26300450689.358795,2762147789.2945013,0.0,26300450689.358795,0.0,0.0,0.0,0.0,0.0,0.0,0.0,0.0,0.0,0.0,0.0,0.0,0.0,0.0,0.0,0.0,0.0,1064797024347.9014,0.0,0.0,8286443367.883504,0.0
143,12,0.0,0.0,0.0,0.0,0.0,0.0,0.0,0.0,0.0,0.0,0.0,0.0,0.0,0.0,0,0.0,0.0,0.0,0.0,0.0,0.0,0.0,0.0,0.0,0.0,0.0,0.0,0.0,0.0,0.0,0.0,0.0,0.0,26300450689.358795,2762147789.2945013,0.0,26300450689.358795,0.0,0.0,0.0,0.0,0.0,0.0,0.0,0.0,0.0,0.0,0.0,0.0,0.0,0.0,0.0,0.0,0.0,1088335327247.9657,0.0,0.0,8286443367.883504,0.0
144,13,0.0,0.0,0.0,0.0,0.0,0.0,0.0,0.0,0.0,0.0,0.0,0.0,0.0,0.0,0,0.0,0.0,0.0,0.0,0.0,0.0,0.0,0.0,0.0,0.0,0.0,0.0,0.0,0.0,0.0,0.0,0.0,0.0,27615473223.82674,2900255178.7592263,0.0,27615473223.82674,0.0,0.0,0.0,0.0,0.0,0.0,0.0,0.0,0.0,0.0,0.0,0.0,0.0,0.0,0.0,0.0,0.0,1112636223124.639,414322168.3941755,0.0,8700765536.27768,0.0
145,13,0.0,0.0,0.0,0.0,0.0,0.0,0.0,0.0,0.0,0.0,0.0,0.0,0.0,0.0,0,0.0,0.0,0.0,0.0,0.0,0.0,0.0,0.0,0.0,0.0,0.0,0.0,0.0,0.0,0.0,0.0,0.0,0.0,27615473223.82674,2900255178.7592263,0.0,27615473223.82674,0.0,0.0,0.0,0.0,0.0,0.0,0.0,0.0,0.0,0.0,0.0,0.0,0.0,0.0,0.0,0.0,0.0,1137351441169.7063,0.0,0.0,8700765536.27768,0.0
146,13,0.0,0.0,0.0,0.0,0.0,0.0,0.0,0.0,0.0,0.0,0.0,0.0,0.0,0.0,0,0.0,0.0,0.0,0.0,0.0,0.0,0.0,0.0,0.0,0.0,0.0,0.0,0.0,0.0,0.0,0.0,0.0,0.0,27615473223.82674,2900255178.7592263,0.0,27615473223.82674,0.0,0.0,0.0,0.0,0.0,0.0,0.0,0.0,0.0,0.0,0.0,0.0,0.0,0.0,0.0,0.0,0.0,1162066659214.7737,0.0,0.0,8700765536.27768,0.0
147,13,0.0,0.0,0.0,0.0,0.0,0.0,0.0,0.0,0.0,0.0,0.0,0.0,0.0,0.0,0,0.0,0.0,0.0,0.0,0.0,0.0,0.0,0.0,0.0,0.0,0.0,0.0,0.0,0.0,0.0,0.0,0.0,0.0,27615473223.82674,2900255178.7592263,0.0,27615473223.82674,0.0,0.0,0.0,0.0,0.0,0.0,0.0,0.0,0.0,0.0,0.0,0.0,0.0,0.0,0.0,0.0,0.0,1186781877259.8413,0.0,0.0,8700765536.27768,0.0
148,13,0.0,0.0,0.0,0.0,0.0,0.0,0.0,0.0,0.0,0.0,0.0,0.0,0.0,0.0,0,0.0,0.0,0.0,0.0,0.0,0.0,0.0,0.0,0.0,0.0,0.0,0.0,0.0,0.0,0.0,0.0,0.0,0.0,27615473223.82674,2900255178.7592263,0.0,27615473223.82674,0.0,0.0,0.0,0.0,0.0,0.0,0.0,0.0,0.0,0.0,0.0,0.0,0.0,0.0,0.0,0.0,0.0,1211497095304.9087,0.0,0.0,8700765536.27768,0.0
149,13,0.0,0.0,0.0,0.0,0.0,0.0,0.0,0.0,0.0,0.0,0.0,0.0,0.0,0.0,0,0.0,0.0,0.0,0.0,0.0,0.0,0.0,0.0,0.0,0.0,0.0,0.0,0.0,0.0,0.0,0.0,0.0,0.0,27615473223.82674,2900255178.7592263,0.0,27615473223.82674,0.0,0.0,0.0,0.0,0.0,0.0,0.0,0.0,0.0,0.0,0.0,0.0,0.0,0.0,0.0,0.0,0.0,1236212313349.976,0.0,0.0,8700765536.27768,0.0
150,13,0.0,0.0,0.0,0.0,0.0,0.0,0.0,0.0,0.0,0.0,0.0,0.0,0.0,0.0,0,0.0,0.0,0.0,0.0,0.0,0.0,0.0,0.0,0.0,0.0,0.0,0.0,0.0,0.0,0.0,0.0,0.0,0.0,27615473223.82674,2900255178.7592263,0.0,27615473223.82674,0.0,0.0,0.0,0.0,0.0,0.0,0.0,0.0,0.0,0.0,0.0,0.0,0.0,0.0,0.0,0.0,0.0,1260927531395.0435,0.0,0.0,8700765536.27768,0.0
151,13,0.0,0.0,0.0,0.0,0.0,0.0,0.0,0.0,0.0,0.0,0.0,0.0,0.0,0.0,0,0.0,0.0,0.0,0.0,0.0,0.0,0.0,0.0,0.0,0.0,0.0,0.0,0.0,0.0,0.0,0.0,0.0,0.0,27615473223.82674,2900255178.7592263,0.0,27615473223.82674,0.0,0.0,0.0,0.0,0.0,0.0,0.0,0.0,0.0,0.0,0.0,0.0,0.0,0.0,0.0,0.0,0.0,1285642749440.1108,0.0,0.0,8700765536.27768,0.0
152,13,0.0,0.0,0.0,0.0,0.0,0.0,0.0,0.0,0.0,0.0,0.0,0.0,0.0,0.0,0,0.0,0.0,0.0,0.0,0.0,0.0,0.0,0.0,0.0,0.0,0.0,0.0,0.0,0.0,0.0,0.0,0.0,0.0,27615473223.82674,2900255178.7592263,0.0,27615473223.82674,0.0,0.0,0.0,0.0,0.0,0.0,0.0,0.0,0.0,0.0,0.0,0.0,0.0,0.0,0.0,0.0,0.0,1310357967485.1782,0.0,0.0,8700765536.27768,0.0
153,13,0.0,0.0,0.0,0.0,0.0,0.0,0.0,0.0,0.0,0.0,0.0,0.0,0.0,0.0,0,0.0,0.0,0.0,0.0,0.0,0.0,0.0,0.0,0.0,0.0,0.0,0.0,0.0,0.0,0.0,0.0,0.0,0.0,27615473223.82674,2900255178.7592263,0.0,27615473223.82674,0.0,0.0,0.0,0.0,0.0,0.0,0.0,0.0,0.0,0.0,0.0,0.0,0.0,0.0,0.0,0.0,0.0,1335073185530.2456,0.0,0.0,8700765536.27768,0.0
154,13,0.0,0.0,0.0,0.0,0.0,0.0,0.0,0.0,0.0,0.0,0.0,0.0,0.0,0.0,0,0.0,0.0,0.0,0.0,0.0,0.0,0.0,0.0,0.0,0.0,0.0,0.0,0.0,0.0,0.0,0.0,0.0,0.0,27615473223.82674,2900255178.7592263,0.0,27615473223.82674,0.0,0.0,0.0,0.0,0.0,0.0,0.0,0.0,0.0,0.0,0.0,0.0,0.0,0.0,0.0,0.0,0.0,1359788403575.3132,0.0,0.0,8700765536.27768,0.0
155,13,0.0,0.0,0.0,0.0,0.0,0.0,0.0,0.0,0.0,0.0,0.0,0.0,0.0,0.0,0,0.0,0.0,0.0,0.0,0.0,0.0,0.0,0.0,0.0,0.0,0.0,0.0,0.0,0.0,0.0,0.0,0.0,0.0,27615473223.82674,2900255178.7592263,0.0,27615473223.82674,0.0,0.0,0.0,0.0,0.0,0.0,0.0,0.0,0.0,0.0,0.0,0.0,0.0,0.0,0.0,0.0,0.0,1384503621620.3806,0.0,0.0,8700765536.27768,0.0
156,14,0.0,0.0,0.0,0.0,0.0,0.0,0.0,0.0,0.0,0.0,0.0,0.0,0.0,0.0,0,0.0,0.0,0.0,0.0,0.0,0.0,0.0,0.0,0.0,0.0,0.0,0.0,0.0,0.0,0.0,0.0,0.0,0.0,28996246885.018074,3045267937.697188,0.0,28996246885.018074,0.0,0.0,0.0,0.0,0.0,0.0,0.0,0.0,0.0,0.0,0.0,0.0,0.0,0.0,0.0,0.0,0.0,1410019562290.888,435038276.8138841,0.0,9135803813.091564,0.0
157,14,0.0,0.0,0.0,0.0,0.0,0.0,0.0,0.0,0.0,0.0,0.0,0.0,0.0,0.0,0,0.0,0.0,0.0,0.0,0.0,0.0,0.0,0.0,0.0,0.0,0.0,0.0,0.0,0.0,0.0,0.0,0.0,0.0,28996246885.018074,3045267937.697188,0.0,28996246885.018074,0.0,0.0,0.0,0.0,0.0,0.0,0.0,0.0,0.0,0.0,0.0,0.0,0.0,0.0,0.0,0.0,0.0,1435970541238.209,0.0,0.0,9135803813.091564,0.0
158,14,0.0,0.0,0.0,0.0,0.0,0.0,0.0,0.0,0.0,0.0,0.0,0.0,0.0,0.0,0,0.0,0.0,0.0,0.0,0.0,0.0,0.0,0.0,0.0,0.0,0.0,0.0,0.0,0.0,0.0,0.0,0.0,0.0,28996246885.018074,3045267937.697188,0.0,28996246885.018074,0.0,0.0,0.0,0.0,0.0,0.0,0.0,0.0,0.0,0.0,0.0,0.0,0.0,0.0,0.0,0.0,0.0,1461921520185.53,0.0,0.0,9135803813.091564,0.0
159,14,0.0,0.0,0.0,0.0,0.0,0.0,0.0,0.0,0.0,0.0,0.0,0.0,0.0,0.0,0,0.0,0.0,0.0,0.0,0.0,0.0,0.0,0.0,0.0,0.0,0.0,0.0,0.0,0.0,0.0,0.0,0.0,0.0,28996246885.018074,3045267937.697188,0.0,28996246885.018074,0.0,0.0,0.0,0.0,0.0,0.0,0.0,0.0,0.0,0.0,0.0,0.0,0.0,0.0,0.0,0.0,0.0,1487872499132.8513,0.0,0.0,9135803813.091564,0.0
160,14,0.0,0.0,0.0,0.0,0.0,0.0,0.0,0.0,0.0,0.0,0.0,0.0,0.0,0.0,0,0.0,0.0,0.0,0.0,0.0,0.0,0.0,0.0,0.0,0.0,0.0,0.0,0.0,0.0,0.0,0.0,0.0,0.0,28996246885.018074,3045267937.697188,0.0,28996246885.018074,0.0,0.0,0.0,0.0,0.0,0.0,0.0,0.0,0.0,0.0,0.0,0.0,0.0,0.0,0.0,0.0,0.0,1513823478080.1724,0.0,0.0,9135803813.091564,0.0
161,14,0.0,0.0,0.0,0.0,0.0,0.0,0.0,0.0,0.0,0.0,0.0,0.0,0.0,0.0,0,0.0,0.0,0.0,0.0,0.0,0.0,0.0,0.0,0.0,0.0,0.0,0.0,0.0,0.0,0.0,0.0,0.0,0.0,28996246885.018074,3045267937.697188,0.0,28996246885.018074,0.0,0.0,0.0,0.0,0.0,0.0,0.0,0.0,0.0,0.0,0.0,0.0,0.0,0.0,0.0,0.0,0.0,1539774457027.4937,0.0,0.0,9135803813.091564,0.0
162,14,0.0,0.0,0.0,0.0,0.0,0.0,0.0,0.0,0.0,0.0,0.0,0.0,0.0,0.0,0,0.0,0.0,0.0,0.0,0.0,0.0,0.0,0.0,0.0,0.0,0.0,0.0,0.0,0.0,0.0,0.0,0.0,0.0,28996246885.018074,3045267937.697188,0.0,28996246885.018074,0.0,0.0,0.0,0.0,0.0,0.0,0.0,0.0,0.0,0.0,0.0,0.0,0.0,0.0,0.0,0.0,0.0,1565725435974.8147,0.0,0.0,9135803813.091564,0.0
163,14,0.0,0.0,0.0,0.0,0.0,0.0,0.0,0.0,0.0,0.0,0.0,0.0,0.0,0.0,0,0.0,0.0,0.0,0.0,0.0,0.0,0.0,0.0,0.0,0.0,0.0,0.0,0.0,0.0,0.0,0.0,0.0,0.0,28996246885.018074,3045267937.697188,0.0,28996246885.018074,0.0,0.0,0.0,0.0,0.0,0.0,0.0,0.0,0.0,0.0,0.0,0.0,0.0,0.0,0.0,0.0,0.0,1591676414922.136,0.0,0.0,9135803813.091564,0.0
164,14,0.0,0.0,0.0,0.0,0.0,0.0,0.0,0.0,0.0,0.0,0.0,0.0,0.0,0.0,0,0.0,0.0,0.0,0.0,0.0,0.0,0.0,0.0,0.0,0.0,0.0,0.0,0.0,0.0,0.0,0.0,0.0,0.0,28996246885.018074,3045267937.697188,0.0,28996246885.018074,0.0,0.0,0.0,0.0,0.0,0.0,0.0,0.0,0.0,0.0,0.0,0.0,0.0,0.0,0.0,0.0,0.0,1617627393869.457,0.0,0.0,9135803813.091564,0.0
165,14,0.0,0.0,0.0,0.0,0.0,0.0,0.0,0.0,0.0,0.0,0.0,0.0,0.0,0.0,0,0.0,0.0,0.0,0.0,0.0,0.0,0.0,0.0,0.0,0.0,0.0,0.0,0.0,0.0,0.0,0.0,0.0,0.0,28996246885.018074,3045267937.697188,0.0,28996246885.018074,0.0,0.0,0.0,0.0,0.0,0.0,0.0,0.0,0.0,0.0,0.0,0.0,0.0,0.0,0.0,0.0,0.0,1643578372816.7783,0.0,0.0,9135803813.091564,0.0
166,14,0.0,0.0,0.0,0.0,0.0,0.0,0.0,0.0,0.0,0.0,0.0,0.0,0.0,0.0,0,0.0,0.0,0.0,0.0,0.0,0.0,0.0,0.0,0.0,0.0,0.0,0.0,0.0,0.0,0.0,0.0,0.0,0.0,28996246885.018074,3045267937.697188,0.0,28996246885.018074,0.0,0.0,0.0,0.0,0.0,0.0,0.0,0.0,0.0,0.0,0.0,0.0,0.0,0.0,0.0,0.0,0.0,1669529351764.0994,0.0,0.0,9135803813.091564,0.0
167,14,0.0,0.0,0.0,0.0,0.0,0.0,0.0,0.0,0.0,0.0,0.0,0.0,0.0,0.0,0,0.0,0.0,0.0,0.0,0.0,0.0,0.0,0.0,0.0,0.0,0.0,0.0,0.0,0.0,0.0,0.0,0.0,0.0,28996246885.018074,3045267937.697188,0.0,28996246885.018074,0.0,0.0,0.0,0.0,0.0,0.0,0.0,0.0,0.0,0.0,0.0,0.0,0.0,0.0,0.0,0.0,0.0,1695480330711.4204,0.0,0.0,9135803813.091564,0.0
168,15,0.0,0.0,0.0,0.0,0.0,0.0,0.0,0.0,0.0,0.0,0.0,0.0,0.0,0.0,0,0.0,0.0,0.0,0.0,0.0,0.0,0.0,0.0,0.0,0.0,0.0,0.0,0.0,0.0,0.0,0.0,0.0,0.0,30446059229.268982,3197531334.582048,0.0,30446059229.268982,0.0,0.0,0.0,0.0,0.0,0.0,0.0,0.0,0.0,0.0,0.0,0.0,0.0,0.0,0.0,0.0,0.0,1722272068415.4526,456790190.65457976,0.0,9592594003.746143,0.0
169,15,0.0,0.0,0.0,0.0,0.0,0.0,0.0,0.0,0.0,0.0,0.0,0.0,0.0,0.0,0,0.0,0.0,0.0,0.0,0.0,0.0,0.0,0.0,0.0,0.0,0.0,0.0,0.0,0.0,0.0,0.0,0.0,0.0,30446059229.268982,3197531334.582048,0.0,30446059229.268982,0.0,0.0,0.0,0.0,0.0,0.0,0.0,0.0,0.0,0.0,0.0,0.0,0.0,0.0,0.0,0.0,0.0,1749520596310.1392,0.0,0.0,9592594003.746143,0.0
170,15,0.0,0.0,0.0,0.0,0.0,0.0,0.0,0.0,0.0,0.0,0.0,0.0,0.0,0.0,0,0.0,0.0,0.0,0.0,0.0,0.0,0.0,0.0,0.0,0.0,0.0,0.0,0.0,0.0,0.0,0.0,0.0,0.0,30446059229.268982,3197531334.582048,0.0,30446059229.268982,0.0,0.0,0.0,0.0,0.0,0.0,0.0,0.0,0.0,0.0,0.0,0.0,0.0,0.0,0.0,0.0,0.0,1776769124204.826,0.0,0.0,9592594003.746143,0.0
171,15,0.0,0.0,0.0,0.0,0.0,0.0,0.0,0.0,0.0,0.0,0.0,0.0,0.0,0.0,0,0.0,0.0,0.0,0.0,0.0,0.0,0.0,0.0,0.0,0.0,0.0,0.0,0.0,0.0,0.0,0.0,0.0,0.0,30446059229.268982,3197531334.582048,0.0,30446059229.268982,0.0,0.0,0.0,0.0,0.0,0.0,0.0,0.0,0.0,0.0,0.0,0.0,0.0,0.0,0.0,0.0,0.0,1804017652099.5127,0.0,0.0,9592594003.746143,0.0
172,15,0.0,0.0,0.0,0.0,0.0,0.0,0.0,0.0,0.0,0.0,0.0,0.0,0.0,0.0,0,0.0,0.0,0.0,0.0,0.0,0.0,0.0,0.0,0.0,0.0,0.0,0.0,0.0,0.0,0.0,0.0,0.0,0.0,30446059229.268982,3197531334.582048,0.0,30446059229.268982,0.0,0.0,0.0,0.0,0.0,0.0,0.0,0.0,0.0,0.0,0.0,0.0,0.0,0.0,0.0,0.0,0.0,1831266179994.1995,0.0,0.0,9592594003.746143,0.0
173,15,0.0,0.0,0.0,0.0,0.0,0.0,0.0,0.0,0.0,0.0,0.0,0.0,0.0,0.0,0,0.0,0.0,0.0,0.0,0.0,0.0,0.0,0.0,0.0,0.0,0.0,0.0,0.0,0.0,0.0,0.0,0.0,0.0,30446059229.268982,3197531334.582048,0.0,30446059229.268982,0.0,0.0,0.0,0.0,0.0,0.0,0.0,0.0,0.0,0.0,0.0,0.0,0.0,0.0,0.0,0.0,0.0,1858514707888.886,0.0,0.0,9592594003.746143,0.0
174,15,0.0,0.0,0.0,0.0,0.0,0.0,0.0,0.0,0.0,0.0,0.0,0.0,0.0,0.0,0,0.0,0.0,0.0,0.0,0.0,0.0,0.0,0.0,0.0,0.0,0.0,0.0,0.0,0.0,0.0,0.0,0.0,0.0,30446059229.268982,3197531334.582048,0.0,30446059229.268982,0.0,0.0,0.0,0.0,0.0,0.0,0.0,0.0,0.0,0.0,0.0,0.0,0.0,0.0,0.0,0.0,0.0,1885763235783.5728,0.0,0.0,9592594003.746143,0.0
175,15,0.0,0.0,0.0,0.0,0.0,0.0,0.0,0.0,0.0,0.0,0.0,0.0,0.0,0.0,0,0.0,0.0,0.0,0.0,0.0,0.0,0.0,0.0,0.0,0.0,0.0,0.0,0.0,0.0,0.0,0.0,0.0,0.0,30446059229.268982,3197531334.582048,0.0,30446059229.268982,0.0,0.0,0.0,0.0,0.0,0.0,0.0,0.0,0.0,0.0,0.0,0.0,0.0,0.0,0.0,0.0,0.0,1913011763678.2595,0.0,0.0,9592594003.746143,0.0
176,15,0.0,0.0,0.0,0.0,0.0,0.0,0.0,0.0,0.0,0.0,0.0,0.0,0.0,0.0,0,0.0,0.0,0.0,0.0,0.0,0.0,0.0,0.0,0.0,0.0,0.0,0.0,0.0,0.0,0.0,0.0,0.0,0.0,30446059229.268982,3197531334.582048,0.0,30446059229.268982,0.0,0.0,0.0,0.0,0.0,0.0,0.0,0.0,0.0,0.0,0.0,0.0,0.0,0.0,0.0,0.0,0.0,1940260291572.9463,0.0,0.0,9592594003.746143,0.0
177,15,0.0,0.0,0.0,0.0,0.0,0.0,0.0,0.0,0.0,0.0,0.0,0.0,0.0,0.0,0,0.0,0.0,0.0,0.0,0.0,0.0,0.0,0.0,0.0,0.0,0.0,0.0,0.0,0.0,0.0,0.0,0.0,0.0,30446059229.268982,3197531334.582048,0.0,30446059229.268982,0.0,0.0,0.0,0.0,0.0,0.0,0.0,0.0,0.0,0.0,0.0,0.0,0.0,0.0,0.0,0.0,0.0,1967508819467.6328,0.0,0.0,9592594003.746143,0.0
178,15,0.0,0.0,0.0,0.0,0.0,0.0,0.0,0.0,0.0,0.0,0.0,0.0,0.0,0.0,0,0.0,0.0,0.0,0.0,0.0,0.0,0.0,0.0,0.0,0.0,0.0,0.0,0.0,0.0,0.0,0.0,0.0,0.0,30446059229.268982,3197531334.582048,0.0,30446059229.268982,0.0,0.0,0.0,0.0,0.0,0.0,0.0,0.0,0.0,0.0,0.0,0.0,0.0,0.0,0.0,0.0,0.0,1994757347362.3196,0.0,0.0,9592594003.746143,0.0
179,15,0.0,0.0,0.0,0.0,0.0,0.0,0.0,0.0,0.0,0.0,0.0,0.0,0.0,0.0,0,0.0,0.0,0.0,0.0,0.0,0.0,0.0,0.0,0.0,0.0,0.0,0.0,0.0,0.0,0.0,0.0,0.0,0.0,30446059229.268982,3197531334.582048,0.0,30446059229.268982,0.0,0.0,0.0,0.0,0.0,0.0,0.0,0.0,0.0,0.0,0.0,0.0,0.0,0.0,0.0,0.0,0.0,2022005875257.0063,0.0,0.0,9592594003.746143,0.0
180,16,0.0,0.0,0.0,0.0,0.0,0.0,0.0,0.0,0.0,0.0,0.0,0.0,0.0,0.0,0,0.0,0.0,0.0,0.0,0.0,0.0,0.0,0.0,0.0,0.0,0.0,0.0,0.0,0.0,0.0,0.0,0.0,0.0,31968362190.732433,3357407901.31115,0.0,31968362190.732433,0.0,0.0,0.0,0.0,0.0,0.0,0.0,0.0,0.0,0.0,0.0,0.0,0.0,0.0,0.0,0.0,0.0,2050137199846.2402,479629700.1873079,0.0,10072223703.93345,2.384185791015625e-07
181,16,0.0,0.0,0.0,0.0,0.0,0.0,0.0,0.0,0.0,0.0,0.0,0.0,0.0,0.0,0,0.0,0.0,0.0,0.0,0.0,0.0,0.0,0.0,0.0,0.0,0.0,0.0,0.0,0.0,0.0,0.0,0.0,0.0,31968362190.732433,3357407901.31115,0.0,31968362190.732433,0.0,0.0,0.0,0.0,0.0,0.0,0.0,0.0,0.0,0.0,0.0,0.0,0.0,0.0,0.0,0.0,0.0,2078748154135.6616,0.0,0.0,10072223703.93345,0.0
182,16,0.0,0.0,0.0,0.0,0.0,0.0,0.0,0.0,0.0,0.0,0.0,0.0,0.0,0.0,0,0.0,0.0,0.0,0.0,0.0,0.0,0.0,0.0,0.0,0.0,0.0,0.0,0.0,0.0,0.0,0.0,0.0,0.0,31968362190.732433,3357407901.31115,0.0,31968362190.732433,0.0,0.0,0.0,0.0,0.0,0.0,0.0,0.0,0.0,0.0,0.0,0.0,0.0,0.0,0.0,0.0,0.0,2107359108425.0828,0.0,0.0,10072223703.93345,0.0
183,16,0.0,0.0,0.0,0.0,0.0,0.0,0.0,0.0,0.0,0.0,0.0,0.0,0.0,0.0,0,0.0,0.0,0.0,0.0,0.0,0.0,0.0,0.0,0.0,0.0,0.0,0.0,0.0,0.0,0.0,0.0,0.0,0.0,31968362190.732433,3357407901.31115,0.0,31968362190.732433,0.0,0.0,0.0,0.0,0.0,0.0,0.0,0.0,0.0,0.0,0.0,0.0,0.0,0.0,0.0,0.0,0.0,2135970062714.5042,0.0,0.0,10072223703.93345,0.0
184,16,0.0,0.0,0.0,0.0,0.0,0.0,0.0,0.0,0.0,0.0,0.0,0.0,0.0,0.0,0,0.0,0.0,0.0,0.0,0.0,0.0,0.0,0.0,0.0,0.0,0.0,0.0,0.0,0.0,0.0,0.0,0.0,0.0,31968362190.732433,3357407901.31115,0.0,31968362190.732433,0.0,0.0,0.0,0.0,0.0,0.0,0.0,0.0,0.0,0.0,0.0,0.0,0.0,0.0,0.0,0.0,0.0,2164581017003.9255,0.0,0.0,10072223703.93345,0.0
185,16,0.0,0.0,0.0,0.0,0.0,0.0,0.0,0.0,0.0,0.0,0.0,0.0,0.0,0.0,0,0.0,0.0,0.0,0.0,0.0,0.0,0.0,0.0,0.0,0.0,0.0,0.0,0.0,0.0,0.0,0.0,0.0,0.0,31968362190.732433,3357407901.31115,0.0,31968362190.732433,0.0,0.0,0.0,0.0,0.0,0.0,0.0,0.0,0.0,0.0,0.0,0.0,0.0,0.0,0.0,0.0,0.0,2193191971293.347,0.0,0.0,10072223703.93345,0.0
186,16,0.0,0.0,0.0,0.0,0.0,0.0,0.0,0.0,0.0,0.0,0.0,0.0,0.0,0.0,0,0.0,0.0,0.0,0.0,0.0,0.0,0.0,0.0,0.0,0.0,0.0,0.0,0.0,0.0,0.0,0.0,0.0,0.0,31968362190.732433,3357407901.31115,0.0,31968362190.732433,0.0,0.0,0.0,0.0,0.0,0.0,0.0,0.0,0.0,0.0,0.0,0.0,0.0,0.0,0.0,0.0,0.0,2221802925582.768,0.0,0.0,10072223703.93345,0.0
187,16,0.0,0.0,0.0,0.0,0.0,0.0,0.0,0.0,0.0,0.0,0.0,0.0,0.0,0.0,0,0.0,0.0,0.0,0.0,0.0,0.0,0.0,0.0,0.0,0.0,0.0,0.0,0.0,0.0,0.0,0.0,0.0,0.0,31968362190.732433,3357407901.31115,0.0,31968362190.732433,0.0,0.0,0.0,0.0,0.0,0.0,0.0,0.0,0.0,0.0,0.0,0.0,0.0,0.0,0.0,0.0,0.0,2250413879872.1895,0.0,0.0,10072223703.93345,0.0
188,16,0.0,0.0,0.0,0.0,0.0,0.0,0.0,0.0,0.0,0.0,0.0,0.0,0.0,0.0,0,0.0,0.0,0.0,0.0,0.0,0.0,0.0,0.0,0.0,0.0,0.0,0.0,0.0,0.0,0.0,0.0,0.0,0.0,31968362190.732433,3357407901.31115,0.0,31968362190.732433,0.0,0.0,0.0,0.0,0.0,0.0,0.0,0.0,0.0,0.0,0.0,0.0,0.0,0.0,0.0,0.0,0.0,2279024834161.611,0.0,0.0,10072223703.93345,0.0
189,16,0.0,0.0,0.0,0.0,0.0,0.0,0.0,0.0,0.0,0.0,0.0,0.0,0.0,0.0,0,0.0,0.0,0.0,0.0,0.0,0.0,0.0,0.0,0.0,0.0,0.0,0.0,0.0,0.0,0.0,0.0,0.0,0.0,31968362190.732433,3357407901.31115,0.0,31968362190.732433,0.0,0.0,0.0,0.0,0.0,0.0,0.0,0.0,0.0,0.0,0.0,0.0,0.0,0.0,0.0,0.0,0.0,2307635788451.032,0.0,0.0,10072223703.93345,0.0
190,16,0.0,0.0,0.0,0.0,0.0,0.0,0.0,0.0,0.0,0.0,0.0,0.0,0.0,0.0,0,0.0,0.0,0.0,0.0,0.0,0.0,0.0,0.0,0.0,0.0,0.0,0.0,0.0,0.0,0.0,0.0,0.0,0.0,31968362190.732433,3357407901.31115,0.0,31968362190.732433,0.0,0.0,0.0,0.0,0.0,0.0,0.0,0.0,0.0,0.0,0.0,0.0,0.0,0.0,0.0,0.0,0.0,2336246742740.4536,0.0,0.0,10072223703.93345,0.0
191,16,0.0,0.0,0.0,0.0,0.0,0.0,0.0,0.0,0.0,0.0,0.0,0.0,0.0,0.0,0,0.0,0.0,0.0,0.0,0.0,0.0,0.0,0.0,0.0,0.0,0.0,0.0,0.0,0.0,0.0,0.0,0.0,0.0,31968362190.732433,3357407901.31115,0.0,31968362190.732433,0.0,0.0,0.0,0.0,0.0,0.0,0.0,0.0,0.0,0.0,0.0,0.0,0.0,0.0,0.0,0.0,0.0,2364857697029.875,0.0,0.0,10072223703.93345,0.0
192,17,0.0,0.0,0.0,0.0,0.0,0.0,0.0,0.0,0.0,0.0,0.0,0.0,0.0,0.0,0,0.0,0.0,0.0,0.0,0.0,0.0,0.0,0.0,0.0,0.0,0.0,0.0,0.0,0.0,0.0,0.0,0.0,0.0,33566780300.26905,3525278296.3767076,0.0,33566780300.26905,0.0,0.0,0.0,0.0,0.0,0.0,0.0,0.0,0.0,0.0,0.0,0.0,0.0,0.0,0.0,0.0,0.0,2394395587848.571,503611185.1966716,0.0,10575834889.130123,0.0
193,17,0.0,0.0,0.0,0.0,0.0,0.0,0.0,0.0,0.0,0.0,0.0,0.0,0.0,0.0,0,0.0,0.0,0.0,0.0,0.0,0.0,0.0,0.0,0.0,0.0,0.0,0.0,0.0,0.0,0.0,0.0,0.0,0.0,33566780300.26905,3525278296.3767076,0.0,33566780300.26905,0.0,0.0,0.0,0.0,0.0,0.0,0.0,0.0,0.0,0.0,0.0,0.0,0.0,0.0,0.0,0.0,0.0,2424437089852.463,0.0,0.0,10575834889.130123,0.0
194,17,0.0,0.0,0.0,0.0,0.0,0.0,0.0,0.0,0.0,0.0,0.0,0.0,0.0,0.0,0,0.0,0.0,0.0,0.0,0.0,0.0,0.0,0.0,0.0,0.0,0.0,0.0,0.0,0.0,0.0,0.0,0.0,0.0,33566780300.26905,3525278296.3767076,0.0,33566780300.26905,0.0,0.0,0.0,0.0,0.0,0.0,0.0,0.0,0.0,0.0,0.0,0.0,0.0,0.0,0.0,0.0,0.0,2454478591856.355,0.0,0.0,10575834889.130123,0.0
195,17,0.0,0.0,0.0,0.0,0.0,0.0,0.0,0.0,0.0,0.0,0.0,0.0,0.0,0.0,0,0.0,0.0,0.0,0.0,0.0,0.0,0.0,0.0,0.0,0.0,0.0,0.0,0.0,0.0,0.0,0.0,0.0,0.0,33566780300.26905,3525278296.3767076,0.0,33566780300.26905,0.0,0.0,0.0,0.0,0.0,0.0,0.0,0.0,0.0,0.0,0.0,0.0,0.0,0.0,0.0,0.0,0.0,2484520093860.2476,0.0,0.0,10575834889.130123,0.0
196,17,0.0,0.0,0.0,0.0,0.0,0.0,0.0,0.0,0.0,0.0,0.0,0.0,0.0,0.0,0,0.0,0.0,0.0,0.0,0.0,0.0,0.0,0.0,0.0,0.0,0.0,0.0,0.0,0.0,0.0,0.0,0.0,0.0,33566780300.26905,3525278296.3767076,0.0,33566780300.26905,0.0,0.0,0.0,0.0,0.0,0.0,0.0,0.0,0.0,0.0,0.0,0.0,0.0,0.0,0.0,0.0,0.0,2514561595864.1396,0.0,0.0,10575834889.130123,0.0
197,17,0.0,0.0,0.0,0.0,0.0,0.0,0.0,0.0,0.0,0.0,0.0,0.0,0.0,0.0,0,0.0,0.0,0.0,0.0,0.0,0.0,0.0,0.0,0.0,0.0,0.0,0.0,0.0,0.0,0.0,0.0,0.0,0.0,33566780300.26905,3525278296.3767076,0.0,33566780300.26905,0.0,0.0,0.0,0.0,0.0,0.0,0.0,0.0,0.0,0.0,0.0,0.0,0.0,0.0,0.0,0.0,0.0,2544603097868.032,0.0,0.0,10575834889.130123,0.0
198,17,0.0,0.0,0.0,0.0,0.0,0.0,0.0,0.0,0.0,0.0,0.0,0.0,0.0,0.0,0,0.0,0.0,0.0,0.0,0.0,0.0,0.0,0.0,0.0,0.0,0.0,0.0,0.0,0.0,0.0,0.0,0.0,0.0,33566780300.26905,3525278296.3767076,0.0,33566780300.26905,0.0,0.0,0.0,0.0,0.0,0.0,0.0,0.0,0.0,0.0,0.0,0.0,0.0,0.0,0.0,0.0,0.0,2574644599871.9243,0.0,0.0,10575834889.130123,0.0
199,17,0.0,0.0,0.0,0.0,0.0,0.0,0.0,0.0,0.0,0.0,0.0,0.0,0.0,0.0,0,0.0,0.0,0.0,0.0,0.0,0.0,0.0,0.0,0.0,0.0,0.0,0.0,0.0,0.0,0.0,0.0,0.0,0.0,33566780300.26905,3525278296.3767076,0.0,33566780300.26905,0.0,0.0,0.0,0.0,0.0,0.0,0.0,0.0,0.0,0.0,0.0,0.0,0.0,0.0,0.0,0.0,0.0,2604686101875.817,0.0,0.0,10575834889.130123,0.0
200,17,0.0,0.0,0.0,0.0,0.0,0.0,0.0,0.0,0.0,0.0,0.0,0.0,0.0,0.0,0,0.0,0.0,0.0,0.0,0.0,0.0,0.0,0.0,0.0,0.0,0.0,0.0,0.0,0.0,0.0,0.0,0.0,0.0,33566780300.26905,3525278296.3767076,0.0,33566780300.26905,0.0,0.0,0.0,0.0,0.0,0.0,0.0,0.0,0.0,0.0,0.0,0.0,0.0,0.0,0.0,0.0,0.0,2634727603879.709,0.0,0.0,10575834889.130123,0.0
201,17,0.0,0.0,0.0,0.0,0.0,0.0,0.0,0.0,0.0,0.0,0.0,0.0,0.0,0.0,0,0.0,0.0,0.0,0.0,0.0,0.0,0.0,0.0,0.0,0.0,0.0,0.0,0.0,0.0,0.0,0.0,0.0,0.0,33566780300.26905,3525278296.3767076,0.0,33566780300.26905,0.0,0.0,0.0,0.0,0.0,0.0,0.0,0.0,0.0,0.0,0.0,0.0,0.0,0.0,0.0,0.0,0.0,2664769105883.601,0.0,0.0,10575834889.130123,0.0
202,17,0.0,0.0,0.0,0.0,0.0,0.0,0.0,0.0,0.0,0.0,0.0,0.0,0.0,0.0,0,0.0,0.0,0.0,0.0,0.0,0.0,0.0,0.0,0.0,0.0,0.0,0.0,0.0,0.0,0.0,0.0,0.0,0.0,33566780300.26905,3525278296.3767076,0.0,33566780300.26905,0.0,0.0,0.0,0.0,0.0,0.0,0.0,0.0,0.0,0.0,0.0,0.0,0.0,0.0,0.0,0.0,0.0,2694810607887.4937,0.0,0.0,10575834889.130123,0.0
203,17,0.0,0.0,0.0,0.0,0.0,0.0,0.0,0.0,0.0,0.0,0.0,0.0,0.0,0.0,0,0.0,0.0,0.0,0.0,0.0,0.0,0.0,0.0,0.0,0.0,0.0,0.0,0.0,0.0,0.0,0.0,0.0,0.0,33566780300.26905,3525278296.3767076,0.0,33566780300.26905,0.0,0.0,0.0,0.0,0.0,0.0,0.0,0.0,0.0,0.0,0.0,0.0,0.0,0.0,0.0,0.0,0.0,2724852109891.3857,0.0,0.0,10575834889.130123,0.0
204,18,0.0,0.0,0.0,0.0,0.0,0.0,0.0,0.0,0.0,0.0,0.0,0.0,0.0,0.0,0,0.0,0.0,0.0,0.0,0.0,0.0,0.0,0.0,0.0,0.0,0.0,0.0,0.0,0.0,0.0,0.0,0.0,0.0,35245119315.28251,3701542211.1955423,0.0,35245119315.28251,0.0,0.0,0.0,0.0,0.0,0.0,0.0,0.0,0.0,0.0,0.0,0.0,0.0,0.0,0.0,0.0,0.0,2755866895251.0166,528791744.456504,0.0,11104626633.586626,0.0
205,18,0.0,0.0,0.0,0.0,0.0,0.0,0.0,0.0,0.0,0.0,0.0,0.0,0.0,0.0,0,0.0,0.0,0.0,0.0,0.0,0.0,0.0,0.0,0.0,0.0,0.0,0.0,0.0,0.0,0.0,0.0,0.0,0.0,35245119315.28251,3701542211.1955423,0.0,35245119315.28251,0.0,0.0,0.0,0.0,0.0,0.0,0.0,0.0,0.0,0.0,0.0,0.0,0.0,0.0,0.0,0.0,0.0,2787410472355.1035,0.0,0.0,11104626633.586626,0.0
206,18,0.0,0.0,0.0,0.0,0.0,0.0,0.0,0.0,0.0,0.0,0.0,0.0,0.0,0.0,0,0.0,0.0,0.0,0.0,0.0,0.0,0.0,0.0,0.0,0.0,0.0,0.0,0.0,0.0,0.0,0.0,0.0,0.0,35245119315.28251,3701542211.1955423,0.0,35245119315.28251,0.0,0.0,0.0,0.0,0.0,0.0,0.0,0.0,0.0,0.0,0.0,0.0,0.0,0.0,0.0,0.0,0.0,2818954049459.1904,0.0,0.0,11104626633.586626,0.0
207,18,0.0,0.0,0.0,0.0,0.0,0.0,0.0,0.0,0.0,0.0,0.0,0.0,0.0,0.0,0,0.0,0.0,0.0,0.0,0.0,0.0,0.0,0.0,0.0,0.0,0.0,0.0,0.0,0.0,0.0,0.0,0.0,0.0,35245119315.28251,3701542211.1955423,0.0,35245119315.28251,0.0,0.0,0.0,0.0,0.0,0.0,0.0,0.0,0.0,0.0,0.0,0.0,0.0,0.0,0.0,0.0,0.0,2850497626563.278,0.0,0.0,11104626633.586626,0.0
208,18,0.0,0.0,0.0,0.0,0.0,0.0,0.0,0.0,0.0,0.0,0.0,0.0,0.0,0.0,0,0.0,0.0,0.0,0.0,0.0,0.0,0.0,0.0,0.0,0.0,0.0,0.0,0.0,0.0,0.0,0.0,0.0,0.0,35245119315.28251,3701542211.1955423,0.0,35245119315.28251,0.0,0.0,0.0,0.0,0.0,0.0,0.0,0.0,0.0,0.0,0.0,0.0,0.0,0.0,0.0,0.0,0.0,2882041203667.365,0.0,0.0,11104626633.586626,0.0
209,18,0.0,0.0,0.0,0.0,0.0,0.0,0.0,0.0,0.0,0.0,0.0,0.0,0.0,0.0,0,0.0,0.0,0.0,0.0,0.0,0.0,0.0,0.0,0.0,0.0,0.0,0.0,0.0,0.0,0.0,0.0,0.0,0.0,35245119315.28251,3701542211.1955423,0.0,35245119315.28251,0.0,0.0,0.0,0.0,0.0,0.0,0.0,0.0,0.0,0.0,0.0,0.0,0.0,0.0,0.0,0.0,0.0,2913584780771.4526,0.0,0.0,11104626633.586626,0.0
210,18,0.0,0.0,0.0,0.0,0.0,0.0,0.0,0.0,0.0,0.0,0.0,0.0,0.0,0.0,0,0.0,0.0,0.0,0.0,0.0,0.0,0.0,0.0,0.0,0.0,0.0,0.0,0.0,0.0,0.0,0.0,0.0,0.0,35245119315.28251,3701542211.1955423,0.0,35245119315.28251,0.0,0.0,0.0,0.0,0.0,0.0,0.0,0.0,0.0,0.0,0.0,0.0,0.0,0.0,0.0,0.0,0.0,2945128357875.5396,0.0,0.0,11104626633.586626,0.0
211,18,0.0,0.0,0.0,0.0,0.0,0.0,0.0,0.0,0.0,0.0,0.0,0.0,0.0,0.0,0,0.0,0.0,0.0,0.0,0.0,0.0,0.0,0.0,0.0,0.0,0.0,0.0,0.0,0.0,0.0,0.0,0.0,0.0,35245119315.28251,3701542211.1955423,0.0,35245119315.28251,0.0,0.0,0.0,0.0,0.0,0.0,0.0,0.0,0.0,0.0,0.0,0.0,0.0,0.0,0.0,0.0,0.0,2976671934979.627,0.0,0.0,11104626633.586626,0.0
212,18,0.0,0.0,0.0,0.0,0.0,0.0,0.0,0.0,0.0,0.0,0.0,0.0,0.0,0.0,0,0.0,0.0,0.0,0.0,0.0,0.0,0.0,0.0,0.0,0.0,0.0,0.0,0.0,0.0,0.0,0.0,0.0,0.0,35245119315.28251,3701542211.1955423,0.0,35245119315.28251,0.0,0.0,0.0,0.0,0.0,0.0,0.0,0.0,0.0,0.0,0.0,0.0,0.0,0.0,0.0,0.0,0.0,3008215512083.7144,0.0,0.0,11104626633.586626,0.0
213,18,0.0,0.0,0.0,0.0,0.0,0.0,0.0,0.0,0.0,0.0,0.0,0.0,0.0,0.0,0,0.0,0.0,0.0,0.0,0.0,0.0,0.0,0.0,0.0,0.0,0.0,0.0,0.0,0.0,0.0,0.0,0.0,0.0,35245119315.28251,3701542211.1955423,0.0,35245119315.28251,0.0,0.0,0.0,0.0,0.0,0.0,0.0,0.0,0.0,0.0,0.0,0.0,0.0,0.0,0.0,0.0,0.0,3039759089187.802,0.0,0.0,11104626633.586626,0.0
214,18,0.0,0.0,0.0,0.0,0.0,0.0,0.0,0.0,0.0,0.0,0.0,0.0,0.0,0.0,0,0.0,0.0,0.0,0.0,0.0,0.0,0.0,0.0,0.0,0.0,0.0,0.0,0.0,0.0,0.0,0.0,0.0,0.0,35245119315.28251,3701542211.1955423,0.0,35245119315.28251,0.0,0.0,0.0,0.0,0.0,0.0,0.0,0.0,0.0,0.0,0.0,0.0,0.0,0.0,0.0,0.0,0.0,3071302666291.889,0.0,0.0,11104626633.586626,0.0
215,18,0.0,0.0,0.0,0.0,0.0,0.0,0.0,0.0,0.0,0.0,0.0,0.0,0.0,0.0,0,0.0,0.0,0.0,0.0,0.0,0.0,0.0,0.0,0.0,0.0,0.0,0.0,0.0,0.0,0.0,0.0,0.0,0.0,35245119315.28251,3701542211.1955423,0.0,35245119315.28251,0.0,0.0,0.0,0.0,0.0,0.0,0.0,0.0,0.0,0.0,0.0,0.0,0.0,0.0,0.0,0.0,0.0,3102846243395.976,0.0,0.0,11104626633.586626,0.0
216,19,0.0,0.0,0.0,0.0,0.0,0.0,0.0,0.0,0.0,0.0,0.0,0.0,0.0,0.0,0,0.0,0.0,0.0,0.0,0.0,0.0,0.0,0.0,0.0,0.0,0.0,0.0,0.0,0.0,0.0,0.0,0.0,0.0,37007375281.04663,3886619321.7553205,0.0,37007375281.04663,0.0,0.0,0.0,0.0,0.0,0.0,0.0,0.0,0.0,0.0,0.0,0.0,0.0,0.0,0.0,0.0,0.0,3135411768023.588,555231331.6793337,0.0,11659857965.26596,0.0
217,19,0.0,0.0,0.0,0.0,0.0,0.0,0.0,0.0,0.0,0.0,0.0,0.0,0.0,0.0,0,0.0,0.0,0.0,0.0,0.0,0.0,0.0,0.0,0.0,0.0,0.0,0.0,0.0,0.0,0.0,0.0,0.0,0.0,37007375281.04663,3886619321.7553205,0.0,37007375281.04663,0.0,0.0,0.0,0.0,0.0,0.0,0.0,0.0,0.0,0.0,0.0,0.0,0.0,0.0,0.0,0.0,0.0,3168532523982.8794,0.0,0.0,11659857965.26596,0.0
218,19,0.0,0.0,0.0,0.0,0.0,0.0,0.0,0.0,0.0,0.0,0.0,0.0,0.0,0.0,0,0.0,0.0,0.0,0.0,0.0,0.0,0.0,0.0,0.0,0.0,0.0,0.0,0.0,0.0,0.0,0.0,0.0,0.0,37007375281.04663,3886619321.7553205,0.0,37007375281.04663,0.0,0.0,0.0,0.0,0.0,0.0,0.0,0.0,0.0,0.0,0.0,0.0,0.0,0.0,0.0,0.0,0.0,3201653279942.171,0.0,0.0,11659857965.26596,0.0
219,19,0.0,0.0,0.0,0.0,0.0,0.0,0.0,0.0,0.0,0.0,0.0,0.0,0.0,0.0,0,0.0,0.0,0.0,0.0,0.0,0.0,0.0,0.0,0.0,0.0,0.0,0.0,0.0,0.0,0.0,0.0,0.0,0.0,37007375281.04663,3886619321.7553205,0.0,37007375281.04663,0.0,0.0,0.0,0.0,0.0,0.0,0.0,0.0,0.0,0.0,0.0,0.0,0.0,0.0,0.0,0.0,0.0,3234774035901.462,0.0,0.0,11659857965.26596,0.0
220,19,0.0,0.0,0.0,0.0,0.0,0.0,0.0,0.0,0.0,0.0,0.0,0.0,0.0,0.0,0,0.0,0.0,0.0,0.0,0.0,0.0,0.0,0.0,0.0,0.0,0.0,0.0,0.0,0.0,0.0,0.0,0.0,0.0,37007375281.04663,3886619321.7553205,0.0,37007375281.04663,0.0,0.0,0.0,0.0,0.0,0.0,0.0,0.0,0.0,0.0,0.0,0.0,0.0,0.0,0.0,0.0,0.0,3267894791860.7534,0.0,0.0,11659857965.26596,0.0
221,19,0.0,0.0,0.0,0.0,0.0,0.0,0.0,0.0,0.0,0.0,0.0,0.0,0.0,0.0,0,0.0,0.0,0.0,0.0,0.0,0.0,0.0,0.0,0.0,0.0,0.0,0.0,0.0,0.0,0.0,0.0,0.0,0.0,37007375281.04663,3886619321.7553205,0.0,37007375281.04663,0.0,0.0,0.0,0.0,0.0,0.0,0.0,0.0,0.0,0.0,0.0,0.0,0.0,0.0,0.0,0.0,0.0,3301015547820.0444,0.0,0.0,11659857965.26596,0.0
222,19,0.0,0.0,0.0,0.0,0.0,0.0,0.0,0.0,0.0,0.0,0.0,0.0,0.0,0.0,0,0.0,0.0,0.0,0.0,0.0,0.0,0.0,0.0,0.0,0.0,0.0,0.0,0.0,0.0,0.0,0.0,0.0,0.0,37007375281.04663,3886619321.7553205,0.0,37007375281.04663,0.0,0.0,0.0,0.0,0.0,0.0,0.0,0.0,0.0,0.0,0.0,0.0,0.0,0.0,0.0,0.0,0.0,3334136303779.336,0.0,0.0,11659857965.26596,0.0
223,19,0.0,0.0,0.0,0.0,0.0,0.0,0.0,0.0,0.0,0.0,0.0,0.0,0.0,0.0,0,0.0,0.0,0.0,0.0,0.0,0.0,0.0,0.0,0.0,0.0,0.0,0.0,0.0,0.0,0.0,0.0,0.0,0.0,37007375281.04663,3886619321.7553205,0.0,37007375281.04663,0.0,0.0,0.0,0.0,0.0,0.0,0.0,0.0,0.0,0.0,0.0,0.0,0.0,0.0,0.0,0.0,0.0,3367257059738.627,0.0,0.0,11659857965.26596,0.0
224,19,0.0,0.0,0.0,0.0,0.0,0.0,0.0,0.0,0.0,0.0,0.0,0.0,0.0,0.0,0,0.0,0.0,0.0,0.0,0.0,0.0,0.0,0.0,0.0,0.0,0.0,0.0,0.0,0.0,0.0,0.0,0.0,0.0,37007375281.04663,3886619321.7553205,0.0,37007375281.04663,0.0,0.0,0.0,0.0,0.0,0.0,0.0,0.0,0.0,0.0,0.0,0.0,0.0,0.0,0.0,0.0,0.0,3400377815697.9185,0.0,0.0,11659857965.26596,0.0
225,19,0.0,0.0,0.0,0.0,0.0,0.0,0.0,0.0,0.0,0.0,0.0,0.0,0.0,0.0,0,0.0,0.0,0.0,0.0,0.0,0.0,0.0,0.0,0.0,0.0,0.0,0.0,0.0,0.0,0.0,0.0,0.0,0.0,37007375281.04663,3886619321.7553205,0.0,37007375281.04663,0.0,0.0,0.0,0.0,0.0,0.0,0.0,0.0,0.0,0.0,0.0,0.0,0.0,0.0,0.0,0.0,0.0,3433498571657.2095,0.0,0.0,11659857965.26596,0.0
226,19,0.0,0.0,0.0,0.0,0.0,0.0,0.0,0.0,0.0,0.0,0.0,0.0,0.0,0.0,0,0.0,0.0,0.0,0.0,0.0,0.0,0.0,0.0,0.0,0.0,0.0,0.0,0.0,0.0,0.0,0.0,0.0,0.0,37007375281.04663,3886619321.7553205,0.0,37007375281.04663,0.0,0.0,0.0,0.0,0.0,0.0,0.0,0.0,0.0,0.0,0.0,0.0,0.0,0.0,0.0,0.0,0.0,3466619327616.501,0.0,0.0,11659857965.26596,0.0
227,19,0.0,0.0,0.0,0.0,0.0,0.0,0.0,0.0,0.0,0.0,0.0,0.0,0.0,0.0,0,0.0,0.0,0.0,0.0,0.0,0.0,0.0,0.0,0.0,0.0,0.0,0.0,0.0,0.0,0.0,0.0,0.0,0.0,37007375281.04663,3886619321.7553205,0.0,37007375281.04663,0.0,0.0,0.0,0.0,0.0,0.0,0.0,0.0,0.0,0.0,0.0,0.0,0.0,0.0,0.0,0.0,0.0,3499740083575.792,0.0,0.0,11659857965.26596,0.0
228,20,0.0,0.0,0.0,0.0,0.0,0.0,0.0,0.0,0.0,0.0,0.0,0.0,0.0,0.0,0,0.0,0.0,0.0,0.0,0.0,0.0,0.0,0.0,0.0,0.0,0.0,0.0,0.0,0.0,0.0,0.0,0.0,0.0,38857744045.09897,4080950287.8430867,0.0,38857744045.09897,0.0,0.0,0.0,0.0,0.0,0.0,0.0,0.0,0.0,0.0,0.0,0.0,0.0,0.0,0.0,0.0,0.0,3533933884434.7847,582992898.2632995,0.0,12242850863.52926,0.0
229,20,0.0,0.0,0.0,0.0,0.0,0.0,0.0,0.0,0.0,0.0,0.0,0.0,0.0,0.0,0,0.0,0.0,0.0,0.0,0.0,0.0,0.0,0.0,0.0,0.0,0.0,0.0,0.0,0.0,0.0,0.0,0.0,0.0,38857744045.09897,4080950287.8430867,0.0,38857744045.09897,0.0,0.0,0.0,0.0,0.0,0.0,0.0,0.0,0.0,0.0,0.0,0.0,0.0,0.0,0.0,0.0,0.0,3568710678192.041,0.0,0.0,12242850863.52926,0.0
230,20,0.0,0.0,0.0,0.0,0.0,0.0,0.0,0.0,0.0,0.0,0.0,0.0,0.0,0.0,0,0.0,0.0,0.0,0.0,0.0,0.0,0.0,0.0,0.0,0.0,0.0,0.0,0.0,0.0,0.0,0.0,0.0,0.0,38857744045.09897,4080950287.8430867,0.0,38857744045.09897,0.0,0.0,0.0,0.0,0.0,0.0,0.0,0.0,0.0,0.0,0.0,0.0,0.0,0.0,0.0,0.0,0.0,3603487471949.297,0.0,0.0,12242850863.52926,0.0
231,20,0.0,0.0,0.0,0.0,0.0,0.0,0.0,0.0,0.0,0.0,0.0,0.0,0.0,0.0,0,0.0,0.0,0.0,0.0,0.0,0.0,0.0,0.0,0.0,0.0,0.0,0.0,0.0,0.0,0.0,0.0,0.0,0.0,38857744045.09897,4080950287.8430867,0.0,38857744045.09897,0.0,0.0,0.0,0.0,0.0,0.0,0.0,0.0,0.0,0.0,0.0,0.0,0.0,0.0,0.0,0.0,0.0,3638264265706.5527,0.0,0.0,12242850863.52926,0.0
232,20,0.0,0.0,0.0,0.0,0.0,0.0,0.0,0.0,0.0,0.0,0.0,0.0,0.0,0.0,0,0.0,0.0,0.0,0.0,0.0,0.0,0.0,0.0,0.0,0.0,0.0,0.0,0.0,0.0,0.0,0.0,0.0,0.0,38857744045.09897,4080950287.8430867,0.0,38857744045.09897,0.0,0.0,0.0,0.0,0.0,0.0,0.0,0.0,0.0,0.0,0.0,0.0,0.0,0.0,0.0,0.0,0.0,3673041059463.809,0.0,0.0,12242850863.52926,0.0
233,20,0.0,0.0,0.0,0.0,0.0,0.0,0.0,0.0,0.0,0.0,0.0,0.0,0.0,0.0,0,0.0,0.0,0.0,0.0,0.0,0.0,0.0,0.0,0.0,0.0,0.0,0.0,0.0,0.0,0.0,0.0,0.0,0.0,38857744045.09897,4080950287.8430867,0.0,38857744045.09897,0.0,0.0,0.0,0.0,0.0,0.0,0.0,0.0,0.0,0.0,0.0,0.0,0.0,0.0,0.0,0.0,0.0,3707817853221.065,0.0,0.0,12242850863.52926,0.0
234,20,0.0,0.0,0.0,0.0,0.0,0.0,0.0,0.0,0.0,0.0,0.0,0.0,0.0,0.0,0,0.0,0.0,0.0,0.0,0.0,0.0,0.0,0.0,0.0,0.0,0.0,0.0,0.0,0.0,0.0,0.0,0.0,0.0,38857744045.09897,4080950287.8430867,0.0,38857744045.09897,0.0,0.0,0.0,0.0,0.0,0.0,0.0,0.0,0.0,0.0,0.0,0.0,0.0,0.0,0.0,0.0,0.0,3742594646978.3213,0.0,0.0,12242850863.52926,0.0
235,20,0.0,0.0,0.0,0.0,0.0,0.0,0.0,0.0,0.0,0.0,0.0,0.0,0.0,0.0,0,0.0,0.0,0.0,0.0,0.0,0.0,0.0,0.0,0.0,0.0,0.0,0.0,0.0,0.0,0.0,0.0,0.0,0.0,38857744045.09897,4080950287.8430867,0.0,38857744045.09897,0.0,0.0,0.0,0.0,0.0,0.0,0.0,0.0,0.0,0.0,0.0,0.0,0.0,0.0,0.0,0.0,0.0,3777371440735.577,0.0,0.0,12242850863.52926,0.0
236,20,0.0,0.0,0.0,0.0,0.0,0.0,0.0,0.0,0.0,0.0,0.0,0.0,0.0,0.0,0,0.0,0.0,0.0,0.0,0.0,0.0,0.0,0.0,0.0,0.0,0.0,0.0,0.0,0.0,0.0,0.0,0.0,0.0,38857744045.09897,4080950287.8430867,0.0,38857744045.09897,0.0,0.0,0.0,0.0,0.0,0.0,0.0,0.0,0.0,0.0,0.0,0.0,0.0,0.0,0.0,0.0,0.0,3812148234492.8335,0.0,0.0,12242850863.52926,0.0
237,20,0.0,0.0,0.0,0.0,0.0,0.0,0.0,0.0,0.0,0.0,0.0,0.0,0.0,0.0,0,0.0,0.0,0.0,0.0,0.0,0.0,0.0,0.0,0.0,0.0,0.0,0.0,0.0,0.0,0.0,0.0,0.0,0.0,38857744045.09897,4080950287.8430867,0.0,38857744045.09897,0.0,0.0,0.0,0.0,0.0,0.0,0.0,0.0,0.0,0.0,0.0,0.0,0.0,0.0,0.0,0.0,0.0,3846925028250.0894,0.0,0.0,12242850863.52926,0.0
238,20,0.0,0.0,0.0,0.0,0.0,0.0,0.0,0.0,0.0,0.0,0.0,0.0,0.0,0.0,0,0.0,0.0,0.0,0.0,0.0,0.0,0.0,0.0,0.0,0.0,0.0,0.0,0.0,0.0,0.0,0.0,0.0,0.0,38857744045.09897,4080950287.8430867,0.0,38857744045.09897,0.0,0.0,0.0,0.0,0.0,0.0,0.0,0.0,0.0,0.0,0.0,0.0,0.0,0.0,0.0,0.0,0.0,3881701822007.3457,0.0,0.0,12242850863.52926,0.0
239,20,0.0,0.0,0.0,0.0,0.0,0.0,0.0,0.0,0.0,0.0,0.0,0.0,0.0,0.0,0,0.0,0.0,0.0,0.0,0.0,0.0,0.0,0.0,0.0,0.0,0.0,0.0,0.0,0.0,0.0,0.0,0.0,0.0,38857744045.09897,4080950287.8430867,0.0,38857744045.09897,0.0,0.0,0.0,0.0,0.0,0.0,0.0,0.0,0.0,0.0,0.0,0.0,0.0,0.0,0.0,0.0,0.0,3916478615764.6016,0.0,0.0,12242850863.52926,0.0
240,21,0.0,0.0,0.0,0.0,0.0,0.0,0.0,0.0,0.0,0.0,0.0,0.0,0.0,0.0,0,0.0,0.0,0.0,0.0,0.0,0.0,0.0,0.0,0.0,0.0,0.0,0.0,0.0,0.0,0.0,0.0,0.0,0.0,40800631247.35392,4284997802.2352405,0.0,40800631247.35392,0.0,0.0,0.0,0.0,0.0,0.0,0.0,0.0,0.0,0.0,0.0,0.0,0.0,0.0,0.0,0.0,0.0,3952382106666.544,612142543.1764625,0.0,12854993406.705723,0.0
241,21,0.0,0.0,0.0,0.0,0.0,0.0,0.0,0.0,0.0,0.0,0.0,0.0,0.0,0.0,0,0.0,0.0,0.0,0.0,0.0,0.0,0.0,0.0,0.0,0.0,0.0,0.0,0.0,0.0,0.0,0.0,0.0,0.0,40800631247.35392,4284997802.2352405,0.0,40800631247.35392,0.0,0.0,0.0,0.0,0.0,0.0,0.0,0.0,0.0,0.0,0.0,0.0,0.0,0.0,0.0,0.0,0.0,3988897740111.6626,0.0,0.0,12854993406.705723,0.0
242,21,0.0,0.0,0.0,0.0,0.0,0.0,0.0,0.0,0.0,0.0,0.0,0.0,0.0,0.0,0,0.0,0.0,0.0,0.0,0.0,0.0,0.0,0.0,0.0,0.0,0.0,0.0,0.0,0.0,0.0,0.0,0.0,0.0,40800631247.35392,4284997802.2352405,0.0,40800631247.35392,0.0,0.0,0.0,0.0,0.0,0.0,0.0,0.0,0.0,0.0,0.0,0.0,0.0,0.0,0.0,0.0,0.0,4025413373556.7812,0.0,0.0,12854993406.705723,0.0
243,21,0.0,0.0,0.0,0.0,0.0,0.0,0.0,0.0,0.0,0.0,0.0,0.0,0.0,0.0,0,0.0,0.0,0.0,0.0,0.0,0.0,0.0,0.0,0.0,0.0,0.0,0.0,0.0,0.0,0.0,0.0,0.0,0.0,40800631247.35392,4284997802.2352405,0.0,40800631247.35392,0.0,0.0,0.0,0.0,0.0,0.0,0.0,0.0,0.0,0.0,0.0,0.0,0.0,0.0,0.0,0.0,0.0,4061929007001.9,0.0,0.0,12854993406.705723,0.0
244,21,0.0,0.0,0.0,0.0,0.0,0.0,0.0,0.0,0.0,0.0,0.0,0.0,0.0,0.0,0,0.0,0.0,0.0,0.0,0.0,0.0,0.0,0.0,0.0,0.0,0.0,0.0,0.0,0.0,0.0,0.0,0.0,0.0,40800631247.35392,4284997802.2352405,0.0,40800631247.35392,0.0,0.0,0.0,0.0,0.0,0.0,0.0,0.0,0.0,0.0,0.0,0.0,0.0,0.0,0.0,0.0,0.0,4098444640447.0186,0.0,0.0,12854993406.705723,0.0
245,21,0.0,0.0,0.0,0.0,0.0,0.0,0.0,0.0,0.0,0.0,0.0,0.0,0.0,0.0,0,0.0,0.0,0.0,0.0,0.0,0.0,0.0,0.0,0.0,0.0,0.0,0.0,0.0,0.0,0.0,0.0,0.0,0.0,40800631247.35392,4284997802.2352405,0.0,40800631247.35392,0.0,0.0,0.0,0.0,0.0,0.0,0.0,0.0,0.0,0.0,0.0,0.0,0.0,0.0,0.0,0.0,0.0,4134960273892.137,0.0,0.0,12854993406.705723,0.0
246,21,0.0,0.0,0.0,0.0,0.0,0.0,0.0,0.0,0.0,0.0,0.0,0.0,0.0,0.0,0,0.0,0.0,0.0,0.0,0.0,0.0,0.0,0.0,0.0,0.0,0.0,0.0,0.0,0.0,0.0,0.0,0.0,0.0,40800631247.35392,4284997802.2352405,0.0,40800631247.35392,0.0,0.0,0.0,0.0,0.0,0.0,0.0,0.0,0.0,0.0,0.0,0.0,0.0,0.0,0.0,0.0,0.0,4171475907337.256,0.0,0.0,12854993406.705723,0.0
247,21,0.0,0.0,0.0,0.0,0.0,0.0,0.0,0.0,0.0,0.0,0.0,0.0,0.0,0.0,0,0.0,0.0,0.0,0.0,0.0,0.0,0.0,0.0,0.0,0.0,0.0,0.0,0.0,0.0,0.0,0.0,0.0,0.0,40800631247.35392,4284997802.2352405,0.0,40800631247.35392,0.0,0.0,0.0,0.0,0.0,0.0,0.0,0.0,0.0,0.0,0.0,0.0,0.0,0.0,0.0,0.0,0.0,4207991540782.3745,0.0,0.0,12854993406.705723,0.0
248,21,0.0,0.0,0.0,0.0,0.0,0.0,0.0,0.0,0.0,0.0,0.0,0.0,0.0,0.0,0,0.0,0.0,0.0,0.0,0.0,0.0,0.0,0.0,0.0,0.0,0.0,0.0,0.0,0.0,0.0,0.0,0.0,0.0,40800631247.35392,4284997802.2352405,0.0,40800631247.35392,0.0,0.0,0.0,0.0,0.0,0.0,0.0,0.0,0.0,0.0,0.0,0.0,0.0,0.0,0.0,0.0,0.0,4244507174227.493,0.0,0.0,12854993406.705723,0.0
249,21,0.0,0.0,0.0,0.0,0.0,0.0,0.0,0.0,0.0,0.0,0.0,0.0,0.0,0.0,0,0.0,0.0,0.0,0.0,0.0,0.0,0.0,0.0,0.0,0.0,0.0,0.0,0.0,0.0,0.0,0.0,0.0,0.0,40800631247.35392,4284997802.2352405,0.0,40800631247.35392,0.0,0.0,0.0,0.0,0.0,0.0,0.0,0.0,0.0,0.0,0.0,0.0,0.0,0.0,0.0,0.0,0.0,4281022807672.612,0.0,0.0,12854993406.705723,0.0
250,21,0.0,0.0,0.0,0.0,0.0,0.0,0.0,0.0,0.0,0.0,0.0,0.0,0.0,0.0,0,0.0,0.0,0.0,0.0,0.0,0.0,0.0,0.0,0.0,0.0,0.0,0.0,0.0,0.0,0.0,0.0,0.0,0.0,40800631247.35392,4284997802.2352405,0.0,40800631247.35392,0.0,0.0,0.0,0.0,0.0,0.0,0.0,0.0,0.0,0.0,0.0,0.0,0.0,0.0,0.0,0.0,0.0,4317538441117.7305,0.0,0.0,12854993406.705723,0.0
251,21,0.0,0.0,0.0,0.0,0.0,0.0,0.0,0.0,0.0,0.0,0.0,0.0,0.0,0.0,0,0.0,0.0,0.0,0.0,0.0,0.0,0.0,0.0,0.0,0.0,0.0,0.0,0.0,0.0,0.0,0.0,0.0,0.0,40800631247.35392,4284997802.2352405,0.0,40800631247.35392,0.0,0.0,0.0,0.0,0.0,0.0,0.0,0.0,0.0,0.0,0.0,0.0,0.0,0.0,0.0,0.0,0.0,4354054074562.849,0.0,0.0,12854993406.705723,0.0
252,22,0.0,0.0,0.0,0.0,0.0,0.0,0.0,0.0,0.0,0.0,0.0,0.0,0.0,0.0,0,0.0,0.0,0.0,0.0,0.0,0.0,0.0,0.0,0.0,0.0,0.0,0.0,0.0,0.0,0.0,0.0,0.0,0.0,42840662809.72162,4499247692.347003,0.0,42840662809.72162,0.0,0.0,0.0,0.0,0.0,0.0,0.0,0.0,0.0,0.0,0.0,0.0,0.0,0.0,0.0,0.0,0.0,4391752740009.8887,642749670.3352885,0.0,13497743077.04101,0.0
253,22,0.0,0.0,0.0,0.0,0.0,0.0,0.0,0.0,0.0,0.0,0.0,0.0,0.0,0.0,0,0.0,0.0,0.0,0.0,0.0,0.0,0.0,0.0,0.0,0.0,0.0,0.0,0.0,0.0,0.0,0.0,0.0,0.0,42840662809.72162,4499247692.347003,0.0,42840662809.72162,0.0,0.0,0.0,0.0,0.0,0.0,0.0,0.0,0.0,0.0,0.0,0.0,0.0,0.0,0.0,0.0,0.0,4430094155127.264,0.0,0.0,13497743077.04101,0.0
254,22,0.0,0.0,0.0,0.0,0.0,0.0,0.0,0.0,0.0,0.0,0.0,0.0,0.0,0.0,0,0.0,0.0,0.0,0.0,0.0,0.0,0.0,0.0,0.0,0.0,0.0,0.0,0.0,0.0,0.0,0.0,0.0,0.0,42840662809.72162,4499247692.347003,0.0,42840662809.72162,0.0,0.0,0.0,0.0,0.0,0.0,0.0,0.0,0.0,0.0,0.0,0.0,0.0,0.0,0.0,0.0,0.0,4468435570244.639,0.0,0.0,13497743077.04101,0.0
255,22,0.0,0.0,0.0,0.0,0.0,0.0,0.0,0.0,0.0,0.0,0.0,0.0,0.0,0.0,0,0.0,0.0,0.0,0.0,0.0,0.0,0.0,0.0,0.0,0.0,0.0,0.0,0.0,0.0,0.0,0.0,0.0,0.0,42840662809.72162,4499247692.347003,0.0,42840662809.72162,0.0,0.0,0.0,0.0,0.0,0.0,0.0,0.0,0.0,0.0,0.0,0.0,0.0,0.0,0.0,0.0,0.0,4506776985362.013,0.0,0.0,13497743077.04101,0.0
256,22,0.0,0.0,0.0,0.0,0.0,0.0,0.0,0.0,0.0,0.0,0.0,0.0,0.0,0.0,0,0.0,0.0,0.0,0.0,0.0,0.0,0.0,0.0,0.0,0.0,0.0,0.0,0.0,0.0,0.0,0.0,0.0,0.0,42840662809.72162,4499247692.347003,0.0,42840662809.72162,0.0,0.0,0.0,0.0,0.0,0.0,0.0,0.0,0.0,0.0,0.0,0.0,0.0,0.0,0.0,0.0,0.0,4545118400479.388,0.0,0.0,13497743077.04101,0.0
257,22,0.0,0.0,0.0,0.0,0.0,0.0,0.0,0.0,0.0,0.0,0.0,0.0,0.0,0.0,0,0.0,0.0,0.0,0.0,0.0,0.0,0.0,0.0,0.0,0.0,0.0,0.0,0.0,0.0,0.0,0.0,0.0,0.0,42840662809.72162,4499247692.347003,0.0,42840662809.72162,0.0,0.0,0.0,0.0,0.0,0.0,0.0,0.0,0.0,0.0,0.0,0.0,0.0,0.0,0.0,0.0,0.0,4583459815596.763,0.0,0.0,13497743077.04101,0.0
258,22,0.0,0.0,0.0,0.0,0.0,0.0,0.0,0.0,0.0,0.0,0.0,0.0,0.0,0.0,0,0.0,0.0,0.0,0.0,0.0,0.0,0.0,0.0,0.0,0.0,0.0,0.0,0.0,0.0,0.0,0.0,0.0,0.0,42840662809.72162,4499247692.347003,0.0,42840662809.72162,0.0,0.0,0.0,0.0,0.0,0.0,0.0,0.0,0.0,0.0,0.0,0.0,0.0,0.0,0.0,0.0,0.0,4621801230714.138,0.0,0.0,13497743077.04101,0.0
259,22,0.0,0.0,0.0,0.0,0.0,0.0,0.0,0.0,0.0,0.0,0.0,0.0,0.0,0.0,0,0.0,0.0,0.0,0.0,0.0,0.0,0.0,0.0,0.0,0.0,0.0,0.0,0.0,0.0,0.0,0.0,0.0,0.0,42840662809.72162,4499247692.347003,0.0,42840662809.72162,0.0,0.0,0.0,0.0,0.0,0.0,0.0,0.0,0.0,0.0,0.0,0.0,0.0,0.0,0.0,0.0,0.0,4660142645831.512,0.0,0.0,13497743077.04101,0.0
260,22,0.0,0.0,0.0,0.0,0.0,0.0,0.0,0.0,0.0,0.0,0.0,0.0,0.0,0.0,0,0.0,0.0,0.0,0.0,0.0,0.0,0.0,0.0,0.0,0.0,0.0,0.0,0.0,0.0,0.0,0.0,0.0,0.0,42840662809.72162,4499247692.347003,0.0,42840662809.72162,0.0,0.0,0.0,0.0,0.0,0.0,0.0,0.0,0.0,0.0,0.0,0.0,0.0,0.0,0.0,0.0,0.0,4698484060948.887,0.0,0.0,13497743077.04101,0.0
261,22,0.0,0.0,0.0,0.0,0.0,0.0,0.0,0.0,0.0,0.0,0.0,0.0,0.0,0.0,0,0.0,0.0,0.0,0.0,0.0,0.0,0.0,0.0,0.0,0.0,0.0,0.0,0.0,0.0,0.0,0.0,0.0,0.0,42840662809.72162,4499247692.347003,0.0,42840662809.72162,0.0,0.0,0.0,0.0,0.0,0.0,0.0,0.0,0.0,0.0,0.0,0.0,0.0,0.0,0.0,0.0,0.0,4736825476066.262,0.0,0.0,13497743077.04101,0.0
262,22,0.0,0.0,0.0,0.0,0.0,0.0,0.0,0.0,0.0,0.0,0.0,0.0,0.0,0.0,0,0.0,0.0,0.0,0.0,0.0,0.0,0.0,0.0,0.0,0.0,0.0,0.0,0.0,0.0,0.0,0.0,0.0,0.0,42840662809.72162,4499247692.347003,0.0,42840662809.72162,0.0,0.0,0.0,0.0,0.0,0.0,0.0,0.0,0.0,0.0,0.0,0.0,0.0,0.0,0.0,0.0,0.0,4775166891183.637,0.0,0.0,13497743077.04101,0.0
263,22,0.0,0.0,0.0,0.0,0.0,0.0,0.0,0.0,0.0,0.0,0.0,0.0,0.0,0.0,0,0.0,0.0,0.0,0.0,0.0,0.0,0.0,0.0,0.0,0.0,0.0,0.0,0.0,0.0,0.0,0.0,0.0,0.0,42840662809.72162,4499247692.347003,0.0,42840662809.72162,0.0,0.0,0.0,0.0,0.0,0.0,0.0,0.0,0.0,0.0,0.0,0.0,0.0,0.0,0.0,0.0,0.0,4813508306301.011,0.0,0.0,13497743077.04101,0.0
264,23,0.0,0.0,0.0,0.0,0.0,0.0,0.0,0.0,0.0,0.0,0.0,0.0,0.0,0.0,0,0.0,0.0,0.0,0.0,0.0,0.0,0.0,0.0,0.0,0.0,0.0,0.0,0.0,0.0,0.0,0.0,0.0,0.0,44982695950.207695,4724210076.964354,0.0,44982695950.207695,0.0,0.0,0.0,0.0,0.0,0.0,0.0,0.0,0.0,0.0,0.0,0.0,0.0,0.0,0.0,0.0,0.0,4853091905020.403,674887153.8520519,0.0,14172630230.893063,0.0
265,23,0.0,0.0,0.0,0.0,0.0,0.0,0.0,0.0,0.0,0.0,0.0,0.0,0.0,0.0,0,0.0,0.0,0.0,0.0,0.0,0.0,0.0,0.0,0.0,0.0,0.0,0.0,0.0,0.0,0.0,0.0,0.0,0.0,44982695950.207695,4724210076.964354,0.0,44982695950.207695,0.0,0.0,0.0,0.0,0.0,0.0,0.0,0.0,0.0,0.0,0.0,0.0,0.0,0.0,0.0,0.0,0.0,4893350390893.646,0.0,0.0,14172630230.893063,0.0
266,23,0.0,0.0,0.0,0.0,0.0,0.0,0.0,0.0,0.0,0.0,0.0,0.0,0.0,0.0,0,0.0,0.0,0.0,0.0,0.0,0.0,0.0,0.0,0.0,0.0,0.0,0.0,0.0,0.0,0.0,0.0,0.0,0.0,44982695950.207695,4724210076.964354,0.0,44982695950.207695,0.0,0.0,0.0,0.0,0.0,0.0,0.0,0.0,0.0,0.0,0.0,0.0,0.0,0.0,0.0,0.0,0.0,4933608876766.89,0.0,0.0,14172630230.893063,0.0
267,23,0.0,0.0,0.0,0.0,0.0,0.0,0.0,0.0,0.0,0.0,0.0,0.0,0.0,0.0,0,0.0,0.0,0.0,0.0,0.0,0.0,0.0,0.0,0.0,0.0,0.0,0.0,0.0,0.0,0.0,0.0,0.0,0.0,44982695950.207695,4724210076.964354,0.0,44982695950.207695,0.0,0.0,0.0,0.0,0.0,0.0,0.0,0.0,0.0,0.0,0.0,0.0,0.0,0.0,0.0,0.0,0.0,4973867362640.134,0.0,0.0,14172630230.893063,0.0
268,23,0.0,0.0,0.0,0.0,0.0,0.0,0.0,0.0,0.0,0.0,0.0,0.0,0.0,0.0,0,0.0,0.0,0.0,0.0,0.0,0.0,0.0,0.0,0.0,0.0,0.0,0.0,0.0,0.0,0.0,0.0,0.0,0.0,44982695950.207695,4724210076.964354,0.0,44982695950.207695,0.0,0.0,0.0,0.0,0.0,0.0,0.0,0.0,0.0,0.0,0.0,0.0,0.0,0.0,0.0,0.0,0.0,5014125848513.377,0.0,0.0,14172630230.893063,0.0
269,23,0.0,0.0,0.0,0.0,0.0,0.0,0.0,0.0,0.0,0.0,0.0,0.0,0.0,0.0,0,0.0,0.0,0.0,0.0,0.0,0.0,0.0,0.0,0.0,0.0,0.0,0.0,0.0,0.0,0.0,0.0,0.0,0.0,44982695950.207695,4724210076.964354,0.0,44982695950.207695,0.0,0.0,0.0,0.0,0.0,0.0,0.0,0.0,0.0,0.0,0.0,0.0,0.0,0.0,0.0,0.0,0.0,5054384334386.62,0.0,0.0,14172630230.893063,0.0
270,23,0.0,0.0,0.0,0.0,0.0,0.0,0.0,0.0,0.0,0.0,0.0,0.0,0.0,0.0,0,0.0,0.0,0.0,0.0,0.0,0.0,0.0,0.0,0.0,0.0,0.0,0.0,0.0,0.0,0.0,0.0,0.0,0.0,44982695950.207695,4724210076.964354,0.0,44982695950.207695,0.0,0.0,0.0,0.0,0.0,0.0,0.0,0.0,0.0,0.0,0.0,0.0,0.0,0.0,0.0,0.0,0.0,5094642820259.864,0.0,0.0,14172630230.893063,0.0
271,23,0.0,0.0,0.0,0.0,0.0,0.0,0.0,0.0,0.0,0.0,0.0,0.0,0.0,0.0,0,0.0,0.0,0.0,0.0,0.0,0.0,0.0,0.0,0.0,0.0,0.0,0.0,0.0,0.0,0.0,0.0,0.0,0.0,44982695950.207695,4724210076.964354,0.0,44982695950.207695,0.0,0.0,0.0,0.0,0.0,0.0,0.0,0.0,0.0,0.0,0.0,0.0,0.0,0.0,0.0,0.0,0.0,5134901306133.107,0.0,0.0,14172630230.893063,0.0
272,23,0.0,0.0,0.0,0.0,0.0,0.0,0.0,0.0,0.0,0.0,0.0,0.0,0.0,0.0,0,0.0,0.0,0.0,0.0,0.0,0.0,0.0,0.0,0.0,0.0,0.0,0.0,0.0,0.0,0.0,0.0,0.0,0.0,44982695950.207695,4724210076.964354,0.0,44982695950.207695,0.0,0.0,0.0,0.0,0.0,0.0,0.0,0.0,0.0,0.0,0.0,0.0,0.0,0.0,0.0,0.0,0.0,5175159792006.352,0.0,0.0,14172630230.893063,0.0
273,23,0.0,0.0,0.0,0.0,0.0,0.0,0.0,0.0,0.0,0.0,0.0,0.0,0.0,0.0,0,0.0,0.0,0.0,0.0,0.0,0.0,0.0,0.0,0.0,0.0,0.0,0.0,0.0,0.0,0.0,0.0,0.0,0.0,44982695950.207695,4724210076.964354,0.0,44982695950.207695,0.0,0.0,0.0,0.0,0.0,0.0,0.0,0.0,0.0,0.0,0.0,0.0,0.0,0.0,0.0,0.0,0.0,5215418277879.595,0.0,0.0,14172630230.893063,0.0
274,23,0.0,0.0,0.0,0.0,0.0,0.0,0.0,0.0,0.0,0.0,0.0,0.0,0.0,0.0,0,0.0,0.0,0.0,0.0,0.0,0.0,0.0,0.0,0.0,0.0,0.0,0.0,0.0,0.0,0.0,0.0,0.0,0.0,44982695950.207695,4724210076.964354,0.0,44982695950.207695,0.0,0.0,0.0,0.0,0.0,0.0,0.0,0.0,0.0,0.0,0.0,0.0,0.0,0.0,0.0,0.0,0.0,5255676763752.838,0.0,0.0,14172630230.893063,0.0
275,23,0.0,0.0,0.0,0.0,0.0,0.0,0.0,0.0,0.0,0.0,0.0,0.0,0.0,0.0,0,0.0,0.0,0.0,0.0,0.0,0.0,0.0,0.0,0.0,0.0,0.0,0.0,0.0,0.0,0.0,0.0,0.0,0.0,44982695950.207695,4724210076.964354,0.0,44982695950.207695,0.0,0.0,0.0,0.0,0.0,0.0,0.0,0.0,0.0,0.0,0.0,0.0,0.0,0.0,0.0,0.0,0.0,5295935249626.082,0.0,0.0,14172630230.893063,0.0
276,24,0.0,0.0,0.0,0.0,0.0,0.0,0.0,0.0,0.0,0.0,0.0,0.0,0.0,0.0,0,0.0,0.0,0.0,0.0,0.0,0.0,0.0,0.0,0.0,0.0,0.0,0.0,0.0,0.0,0.0,0.0,0.0,0.0,47231830747.71809,4960420580.812572,0.0,47231830747.71809,0.0,0.0,0.0,0.0,0.0,0.0,0.0,0.0,0.0,0.0,0.0,0.0,0.0,0.0,0.0,0.0,0.0,5337498028281.442,708631511.5446522,0.0,14881261742.437716,4.76837158203125e-07
277,24,0.0,0.0,0.0,0.0,0.0,0.0,0.0,0.0,0.0,0.0,0.0,0.0,0.0,0.0,0,0.0,0.0,0.0,0.0,0.0,0.0,0.0,0.0,0.0,0.0,0.0,0.0,0.0,0.0,0.0,0.0,0.0,0.0,47231830747.71809,4960420580.812572,0.0,47231830747.71809,0.0,0.0,0.0,0.0,0.0,0.0,0.0,0.0,0.0,0.0,0.0,0.0,0.0,0.0,0.0,0.0,0.0,5379769438448.348,0.0,0.0,14881261742.437716,0.0
278,24,0.0,0.0,0.0,0.0,0.0,0.0,0.0,0.0,0.0,0.0,0.0,0.0,0.0,0.0,0,0.0,0.0,0.0,0.0,0.0,0.0,0.0,0.0,0.0,0.0,0.0,0.0,0.0,0.0,0.0,0.0,0.0,0.0,47231830747.71809,4960420580.812572,0.0,47231830747.71809,0.0,0.0,0.0,0.0,0.0,0.0,0.0,0.0,0.0,0.0,0.0,0.0,0.0,0.0,0.0,0.0,0.0,5422040848615.253,0.0,0.0,14881261742.437716,0.0
279,24,0.0,0.0,0.0,0.0,0.0,0.0,0.0,0.0,0.0,0.0,0.0,0.0,0.0,0.0,0,0.0,0.0,0.0,0.0,0.0,0.0,0.0,0.0,0.0,0.0,0.0,0.0,0.0,0.0,0.0,0.0,0.0,0.0,47231830747.71809,4960420580.812572,0.0,47231830747.71809,0.0,0.0,0.0,0.0,0.0,0.0,0.0,0.0,0.0,0.0,0.0,0.0,0.0,0.0,0.0,0.0,0.0,5464312258782.158,0.0,0.0,14881261742.437716,0.0
280,24,0.0,0.0,0.0,0.0,0.0,0.0,0.0,0.0,0.0,0.0,0.0,0.0,0.0,0.0,0,0.0,0.0,0.0,0.0,0.0,0.0,0.0,0.0,0.0,0.0,0.0,0.0,0.0,0.0,0.0,0.0,0.0,0.0,47231830747.71809,4960420580.812572,0.0,47231830747.71809,0.0,0.0,0.0,0.0,0.0,0.0,0.0,0.0,0.0,0.0,0.0,0.0,0.0,0.0,0.0,0.0,0.0,5506583668949.064,0.0,0.0,14881261742.437716,0.0
281,24,0.0,0.0,0.0,0.0,0.0,0.0,0.0,0.0,0.0,0.0,0.0,0.0,0.0,0.0,0,0.0,0.0,0.0,0.0,0.0,0.0,0.0,0.0,0.0,0.0,0.0,0.0,0.0,0.0,0.0,0.0,0.0,0.0,47231830747.71809,4960420580.812572,0.0,47231830747.71809,0.0,0.0,0.0,0.0,0.0,0.0,0.0,0.0,0.0,0.0,0.0,0.0,0.0,0.0,0.0,0.0,0.0,5548855079115.97,0.0,0.0,14881261742.437716,0.0
282,24,0.0,0.0,0.0,0.0,0.0,0.0,0.0,0.0,0.0,0.0,0.0,0.0,0.0,0.0,0,0.0,0.0,0.0,0.0,0.0,0.0,0.0,0.0,0.0,0.0,0.0,0.0,0.0,0.0,0.0,0.0,0.0,0.0,47231830747.71809,4960420580.812572,0.0,47231830747.71809,0.0,0.0,0.0,0.0,0.0,0.0,0.0,0.0,0.0,0.0,0.0,0.0,0.0,0.0,0.0,0.0,0.0,5591126489282.875,0.0,0.0,14881261742.437716,0.0
283,24,0.0,0.0,0.0,0.0,0.0,0.0,0.0,0.0,0.0,0.0,0.0,0.0,0.0,0.0,0,0.0,0.0,0.0,0.0,0.0,0.0,0.0,0.0,0.0,0.0,0.0,0.0,0.0,0.0,0.0,0.0,0.0,0.0,47231830747.71809,4960420580.812572,0.0,47231830747.71809,0.0,0.0,0.0,0.0,0.0,0.0,0.0,0.0,0.0,0.0,0.0,0.0,0.0,0.0,0.0,0.0,0.0,5633397899449.779,0.0,0.0,14881261742.437716,0.0
284,24,0.0,0.0,0.0,0.0,0.0,0.0,0.0,0.0,0.0,0.0,0.0,0.0,0.0,0.0,0,0.0,0.0,0.0,0.0,0.0,0.0,0.0,0.0,0.0,0.0,0.0,0.0,0.0,0.0,0.0,0.0,0.0,0.0,47231830747.71809,4960420580.812572,0.0,47231830747.71809,0.0,0.0,0.0,0.0,0.0,0.0,0.0,0.0,0.0,0.0,0.0,0.0,0.0,0.0,0.0,0.0,0.0,5675669309616.685,0.0,0.0,14881261742.437716,0.0
285,24,0.0,0.0,0.0,0.0,0.0,0.0,0.0,0.0,0.0,0.0,0.0,0.0,0.0,0.0,0,0.0,0.0,0.0,0.0,0.0,0.0,0.0,0.0,0.0,0.0,0.0,0.0,0.0,0.0,0.0,0.0,0.0,0.0,47231830747.71809,4960420580.812572,0.0,47231830747.71809,0.0,0.0,0.0,0.0,0.0,0.0,0.0,0.0,0.0,0.0,0.0,0.0,0.0,0.0,0.0,0.0,0.0,5717940719783.59,0.0,0.0,14881261742.437716,0.0
286,24,0.0,0.0,0.0,0.0,0.0,0.0,0.0,0.0,0.0,0.0,0.0,0.0,0.0,0.0,0,0.0,0.0,0.0,0.0,0.0,0.0,0.0,0.0,0.0,0.0,0.0,0.0,0.0,0.0,0.0,0.0,0.0,0.0,47231830747.71809,4960420580.812572,0.0,47231830747.71809,0.0,0.0,0.0,0.0,0.0,0.0,0.0,0.0,0.0,0.0,0.0,0.0,0.0,0.0,0.0,0.0,0.0,5760212129950.494,0.0,0.0,14881261742.437716,0.0
287,24,0.0,0.0,0.0,0.0,0.0,0.0,0.0,0.0,0.0,0.0,0.0,0.0,0.0,0.0,0,0.0,0.0,0.0,0.0,0.0,0.0,0.0,0.0,0.0,0.0,0.0,0.0,0.0,0.0,0.0,0.0,0.0,0.0,47231830747.71809,4960420580.812572,0.0,47231830747.71809,0.0,0.0,0.0,0.0,0.0,0.0,0.0,0.0,0.0,0.0,0.0,0.0,0.0,0.0,0.0,0.0,0.0,5802483540117.399,0.0,0.0,14881261742.437716,0.0
288,25,0.0,0.0,0.0,0.0,0.0,0.0,0.0,0.0,0.0,0.0,0.0,0.0,0.0,0.0,0,0.0,0.0,0.0,0.0,0.0,0.0,0.0,0.0,0.0,0.0,0.0,0.0,0.0,0.0,0.0,0.0,0.0,0.0,49593422285.10399,5208441609.8532,0.0,49593422285.10399,0.0,0.0,0.0,0.0,0.0,0.0,0.0,0.0,0.0,0.0,0.0,0.0,0.0,0.0,0.0,0.0,0.0,5846124457705.527,744063087.1218873,0.0,15625324829.559603,0.0
289,25,0.0,0.0,0.0,0.0,0.0,0.0,0.0,0.0,0.0,0.0,0.0,0.0,0.0,0.0,0,0.0,0.0,0.0,0.0,0.0,0.0,0.0,0.0,0.0,0.0,0.0,0.0,0.0,0.0,0.0,0.0,0.0,0.0,49593422285.10399,5208441609.8532,0.0,49593422285.10399,0.0,0.0,0.0,0.0,0.0,0.0,0.0,0.0,0.0,0.0,0.0,0.0,0.0,0.0,0.0,0.0,0.0,5890509438380.778,0.0,0.0,15625324829.559603,0.0
290,25,0.0,0.0,0.0,0.0,0.0,0.0,0.0,0.0,0.0,0.0,0.0,0.0,0.0,0.0,0,0.0,0.0,0.0,0.0,0.0,0.0,0.0,0.0,0.0,0.0,0.0,0.0,0.0,0.0,0.0,0.0,0.0,0.0,49593422285.10399,5208441609.8532,0.0,49593422285.10399,0.0,0.0,0.0,0.0,0.0,0.0,0.0,0.0,0.0,0.0,0.0,0.0,0.0,0.0,0.0,0.0,0.0,5934894419056.029,0.0,0.0,15625324829.559603,0.0
291,25,0.0,0.0,0.0,0.0,0.0,0.0,0.0,0.0,0.0,0.0,0.0,0.0,0.0,0.0,0,0.0,0.0,0.0,0.0,0.0,0.0,0.0,0.0,0.0,0.0,0.0,0.0,0.0,0.0,0.0,0.0,0.0,0.0,49593422285.10399,5208441609.8532,0.0,49593422285.10399,0.0,0.0,0.0,0.0,0.0,0.0,0.0,0.0,0.0,0.0,0.0,0.0,0.0,0.0,0.0,0.0,0.0,5979279399731.28,0.0,0.0,15625324829.559603,0.0
292,25,0.0,0.0,0.0,0.0,0.0,0.0,0.0,0.0,0.0,0.0,0.0,0.0,0.0,0.0,0,0.0,0.0,0.0,0.0,0.0,0.0,0.0,0.0,0.0,0.0,0.0,0.0,0.0,0.0,0.0,0.0,0.0,0.0,49593422285.10399,5208441609.8532,0.0,49593422285.10399,0.0,0.0,0.0,0.0,0.0,0.0,0.0,0.0,0.0,0.0,0.0,0.0,0.0,0.0,0.0,0.0,0.0,6023664380406.531,0.0,0.0,15625324829.559603,0.0
293,25,0.0,0.0,0.0,0.0,0.0,0.0,0.0,0.0,0.0,0.0,0.0,0.0,0.0,0.0,0,0.0,0.0,0.0,0.0,0.0,0.0,0.0,0.0,0.0,0.0,0.0,0.0,0.0,0.0,0.0,0.0,0.0,0.0,49593422285.10399,5208441609.8532,0.0,49593422285.10399,0.0,0.0,0.0,0.0,0.0,0.0,0.0,0.0,0.0,0.0,0.0,0.0,0.0,0.0,0.0,0.0,0.0,6068049361081.781,0.0,0.0,15625324829.559603,0.0
294,25,0.0,0.0,0.0,0.0,0.0,0.0,0.0,0.0,0.0,0.0,0.0,0.0,0.0,0.0,0,0.0,0.0,0.0,0.0,0.0,0.0,0.0,0.0,0.0,0.0,0.0,0.0,0.0,0.0,0.0,0.0,0.0,0.0,49593422285.10399,5208441609.8532,0.0,49593422285.10399,0.0,0.0,0.0,0.0,0.0,0.0,0.0,0.0,0.0,0.0,0.0,0.0,0.0,0.0,0.0,0.0,0.0,6112434341757.032,0.0,0.0,15625324829.559603,0.0
295,25,0.0,0.0,0.0,0.0,0.0,0.0,0.0,0.0,0.0,0.0,0.0,0.0,0.0,0.0,0,0.0,0.0,0.0,0.0,0.0,0.0,0.0,0.0,0.0,0.0,0.0,0.0,0.0,0.0,0.0,0.0,0.0,0.0,49593422285.10399,5208441609.8532,0.0,49593422285.10399,0.0,0.0,0.0,0.0,0.0,0.0,0.0,0.0,0.0,0.0,0.0,0.0,0.0,0.0,0.0,0.0,0.0,6156819322432.283,0.0,0.0,15625324829.559603,0.0
296,25,0.0,0.0,0.0,0.0,0.0,0.0,0.0,0.0,0.0,0.0,0.0,0.0,0.0,0.0,0,0.0,0.0,0.0,0.0,0.0,0.0,0.0,0.0,0.0,0.0,0.0,0.0,0.0,0.0,0.0,0.0,0.0,0.0,49593422285.10399,5208441609.8532,0.0,49593422285.10399,0.0,0.0,0.0,0.0,0.0,0.0,0.0,0.0,0.0,0.0,0.0,0.0,0.0,0.0,0.0,0.0,0.0,6201204303107.534,0.0,0.0,15625324829.559603,0.0
297,25,0.0,0.0,0.0,0.0,0.0,0.0,0.0,0.0,0.0,0.0,0.0,0.0,0.0,0.0,0,0.0,0.0,0.0,0.0,0.0,0.0,0.0,0.0,0.0,0.0,0.0,0.0,0.0,0.0,0.0,0.0,0.0,0.0,49593422285.10399,5208441609.8532,0.0,49593422285.10399,0.0,0.0,0.0,0.0,0.0,0.0,0.0,0.0,0.0,0.0,0.0,0.0,0.0,0.0,0.0,0.0,0.0,6245589283782.785,0.0,0.0,15625324829.559603,0.0
298,25,0.0,0.0,0.0,0.0,0.0,0.0,0.0,0.0,0.0,0.0,0.0,0.0,0.0,0.0,0,0.0,0.0,0.0,0.0,0.0,0.0,0.0,0.0,0.0,0.0,0.0,0.0,0.0,0.0,0.0,0.0,0.0,0.0,49593422285.10399,5208441609.8532,0.0,49593422285.10399,0.0,0.0,0.0,0.0,0.0,0.0,0.0,0.0,0.0,0.0,0.0,0.0,0.0,0.0,0.0,0.0,0.0,6289974264458.036,0.0,0.0,15625324829.559603,0.0
299,25,0.0,0.0,0.0,0.0,0.0,0.0,0.0,0.0,0.0,0.0,0.0,0.0,0.0,0.0,0,0.0,0.0,0.0,0.0,0.0,0.0,0.0,0.0,0.0,0.0,0.0,0.0,0.0,0.0,0.0,0.0,0.0,0.0,49593422285.10399,5208441609.8532,0.0,49593422285.10399,0.0,0.0,0.0,0.0,0.0,0.0,0.0,0.0,0.0,0.0,0.0,0.0,0.0,0.0,0.0,0.0,0.0,6334359245133.286,0.0,0.0,15625324829.559603,0.0
300,26,0.0,0.0,0.0,0.0,0.0,0.0,0.0,0.0,0.0,0.0,0.0,0.0,0.0,0.0,0,0.0,0.0,0.0,0.0,0.0,0.0,0.0,0.0,0.0,0.0,0.0,0.0,0.0,0.0,0.0,0.0,0.0,0.0,52073093399.35919,5468863690.345861,0.0,52073093399.35919,0.0,0.0,0.0,0.0,0.0,0.0,0.0,0.0,0.0,0.0,0.0,0.0,0.0,0.0,0.0,0.0,0.0,6380182208600.821,781266241.4779809,0.0,16406591071.037582,0.0
301,26,0.0,0.0,0.0,0.0,0.0,0.0,0.0,0.0,0.0,0.0,0.0,0.0,0.0,0.0,0,0.0,0.0,0.0,0.0,0.0,0.0,0.0,0.0,0.0,0.0,0.0,0.0,0.0,0.0,0.0,0.0,0.0,0.0,52073093399.35919,5468863690.345861,0.0,52073093399.35919,0.0,0.0,0.0,0.0,0.0,0.0,0.0,0.0,0.0,0.0,0.0,0.0,0.0,0.0,0.0,0.0,0.0,6426786438309.835,0.0,0.0,16406591071.037582,0.0
302,26,0.0,0.0,0.0,0.0,0.0,0.0,0.0,0.0,0.0,0.0,0.0,0.0,0.0,0.0,0,0.0,0.0,0.0,0.0,0.0,0.0,0.0,0.0,0.0,0.0,0.0,0.0,0.0,0.0,0.0,0.0,0.0,0.0,52073093399.35919,5468863690.345861,0.0,52073093399.35919,0.0,0.0,0.0,0.0,0.0,0.0,0.0,0.0,0.0,0.0,0.0,0.0,0.0,0.0,0.0,0.0,0.0,6473390668018.848,0.0,0.0,16406591071.037582,0.0
303,26,0.0,0.0,0.0,0.0,0.0,0.0,0.0,0.0,0.0,0.0,0.0,0.0,0.0,0.0,0,0.0,0.0,0.0,0.0,0.0,0.0,0.0,0.0,0.0,0.0,0.0,0.0,0.0,0.0,0.0,0.0,0.0,0.0,52073093399.35919,5468863690.345861,0.0,52073093399.35919,0.0,0.0,0.0,0.0,0.0,0.0,0.0,0.0,0.0,0.0,0.0,0.0,0.0,0.0,0.0,0.0,0.0,6519994897727.86,0.0,0.0,16406591071.037582,0.0
304,26,0.0,0.0,0.0,0.0,0.0,0.0,0.0,0.0,0.0,0.0,0.0,0.0,0.0,0.0,0,0.0,0.0,0.0,0.0,0.0,0.0,0.0,0.0,0.0,0.0,0.0,0.0,0.0,0.0,0.0,0.0,0.0,0.0,52073093399.35919,5468863690.345861,0.0,52073093399.35919,0.0,0.0,0.0,0.0,0.0,0.0,0.0,0.0,0.0,0.0,0.0,0.0,0.0,0.0,0.0,0.0,0.0,6566599127436.873,0.0,0.0,16406591071.037582,0.0
305,26,0.0,0.0,0.0,0.0,0.0,0.0,0.0,0.0,0.0,0.0,0.0,0.0,0.0,0.0,0,0.0,0.0,0.0,0.0,0.0,0.0,0.0,0.0,0.0,0.0,0.0,0.0,0.0,0.0,0.0,0.0,0.0,0.0,52073093399.35919,5468863690.345861,0.0,52073093399.35919,0.0,0.0,0.0,0.0,0.0,0.0,0.0,0.0,0.0,0.0,0.0,0.0,0.0,0.0,0.0,0.0,0.0,6613203357145.887,0.0,0.0,16406591071.037582,0.0
306,26,0.0,0.0,0.0,0.0,0.0,0.0,0.0,0.0,0.0,0.0,0.0,0.0,0.0,0.0,0,0.0,0.0,0.0,0.0,0.0,0.0,0.0,0.0,0.0,0.0,0.0,0.0,0.0,0.0,0.0,0.0,0.0,0.0,52073093399.35919,5468863690.345861,0.0,52073093399.35919,0.0,0.0,0.0,0.0,0.0,0.0,0.0,0.0,0.0,0.0,0.0,0.0,0.0,0.0,0.0,0.0,0.0,6659807586854.899,0.0,0.0,16406591071.037582,0.0
307,26,0.0,0.0,0.0,0.0,0.0,0.0,0.0,0.0,0.0,0.0,0.0,0.0,0.0,0.0,0,0.0,0.0,0.0,0.0,0.0,0.0,0.0,0.0,0.0,0.0,0.0,0.0,0.0,0.0,0.0,0.0,0.0,0.0,52073093399.35919,5468863690.345861,0.0,52073093399.35919,0.0,0.0,0.0,0.0,0.0,0.0,0.0,0.0,0.0,0.0,0.0,0.0,0.0,0.0,0.0,0.0,0.0,6706411816563.912,0.0,0.0,16406591071.037582,0.0
308,26,0.0,0.0,0.0,0.0,0.0,0.0,0.0,0.0,0.0,0.0,0.0,0.0,0.0,0.0,0,0.0,0.0,0.0,0.0,0.0,0.0,0.0,0.0,0.0,0.0,0.0,0.0,0.0,0.0,0.0,0.0,0.0,0.0,52073093399.35919,5468863690.345861,0.0,52073093399.35919,0.0,0.0,0.0,0.0,0.0,0.0,0.0,0.0,0.0,0.0,0.0,0.0,0.0,0.0,0.0,0.0,0.0,6753016046272.926,0.0,0.0,16406591071.037582,0.0
309,26,0.0,0.0,0.0,0.0,0.0,0.0,0.0,0.0,0.0,0.0,0.0,0.0,0.0,0.0,0,0.0,0.0,0.0,0.0,0.0,0.0,0.0,0.0,0.0,0.0,0.0,0.0,0.0,0.0,0.0,0.0,0.0,0.0,52073093399.35919,5468863690.345861,0.0,52073093399.35919,0.0,0.0,0.0,0.0,0.0,0.0,0.0,0.0,0.0,0.0,0.0,0.0,0.0,0.0,0.0,0.0,0.0,6799620275981.938,0.0,0.0,16406591071.037582,0.0
310,26,0.0,0.0,0.0,0.0,0.0,0.0,0.0,0.0,0.0,0.0,0.0,0.0,0.0,0.0,0,0.0,0.0,0.0,0.0,0.0,0.0,0.0,0.0,0.0,0.0,0.0,0.0,0.0,0.0,0.0,0.0,0.0,0.0,52073093399.35919,5468863690.345861,0.0,52073093399.35919,0.0,0.0,0.0,0.0,0.0,0.0,0.0,0.0,0.0,0.0,0.0,0.0,0.0,0.0,0.0,0.0,0.0,6846224505690.951,0.0,0.0,16406591071.037582,0.0
311,26,0.0,0.0,0.0,0.0,0.0,0.0,0.0,0.0,0.0,0.0,0.0,0.0,0.0,0.0,0,0.0,0.0,0.0,0.0,0.0,0.0,0.0,0.0,0.0,0.0,0.0,0.0,0.0,0.0,0.0,0.0,0.0,0.0,52073093399.35919,5468863690.345861,0.0,52073093399.35919,0.0,0.0,0.0,0.0,0.0,0.0,0.0,0.0,0.0,0.0,0.0,0.0,0.0,0.0,0.0,0.0,0.0,6892828735399.964,0.0,0.0,16406591071.037582,0.0
312,27,0.0,0.0,0.0,0.0,0.0,0.0,0.0,0.0,0.0,0.0,0.0,0.0,0.0,0.0,0,0.0,0.0,0.0,0.0,0.0,0.0,0.0,0.0,0.0,0.0,0.0,0.0,0.0,0.0,0.0,0.0,0.0,0.0,54676748069.32715,5742306874.863154,0.0,54676748069.32715,0.0,0.0,0.0,0.0,0.0,0.0,0.0,0.0,0.0,0.0,0.0,0.0,0.0,0.0,0.0,0.0,0.0,6940942847040.876,820329553.5518792,0.0,17226920624.589462,0.0
313,27,0.0,0.0,0.0,0.0,0.0,0.0,0.0,0.0,0.0,0.0,0.0,0.0,0.0,0.0,0,0.0,0.0,0.0,0.0,0.0,0.0,0.0,0.0,0.0,0.0,0.0,0.0,0.0,0.0,0.0,0.0,0.0,0.0,54676748069.32715,5742306874.863154,0.0,54676748069.32715,0.0,0.0,0.0,0.0,0.0,0.0,0.0,0.0,0.0,0.0,0.0,0.0,0.0,0.0,0.0,0.0,0.0,6989877288235.34,0.0,0.0,17226920624.589462,0.0
314,27,0.0,0.0,0.0,0.0,0.0,0.0,0.0,0.0,0.0,0.0,0.0,0.0,0.0,0.0,0,0.0,0.0,0.0,0.0,0.0,0.0,0.0,0.0,0.0,0.0,0.0,0.0,0.0,0.0,0.0,0.0,0.0,0.0,54676748069.32715,5742306874.863154,0.0,54676748069.32715,0.0,0.0,0.0,0.0,0.0,0.0,0.0,0.0,0.0,0.0,0.0,0.0,0.0,0.0,0.0,0.0,0.0,7038811729429.804,0.0,0.0,17226920624.589462,0.0
315,27,0.0,0.0,0.0,0.0,0.0,0.0,0.0,0.0,0.0,0.0,0.0,0.0,0.0,0.0,0,0.0,0.0,0.0,0.0,0.0,0.0,0.0,0.0,0.0,0.0,0.0,0.0,0.0,0.0,0.0,0.0,0.0,0.0,54676748069.32715,5742306874.863154,0.0,54676748069.32715,0.0,0.0,0.0,0.0,0.0,0.0,0.0,0.0,0.0,0.0,0.0,0.0,0.0,0.0,0.0,0.0,0.0,7087746170624.267,0.0,0.0,17226920624.589462,0.0
316,27,0.0,0.0,0.0,0.0,0.0,0.0,0.0,0.0,0.0,0.0,0.0,0.0,0.0,0.0,0,0.0,0.0,0.0,0.0,0.0,0.0,0.0,0.0,0.0,0.0,0.0,0.0,0.0,0.0,0.0,0.0,0.0,0.0,54676748069.32715,5742306874.863154,0.0,54676748069.32715,0.0,0.0,0.0,0.0,0.0,0.0,0.0,0.0,0.0,0.0,0.0,0.0,0.0,0.0,0.0,0.0,0.0,7136680611818.73,0.0,0.0,17226920624.589462,0.0
317,27,0.0,0.0,0.0,0.0,0.0,0.0,0.0,0.0,0.0,0.0,0.0,0.0,0.0,0.0,0,0.0,0.0,0.0,0.0,0.0,0.0,0.0,0.0,0.0,0.0,0.0,0.0,0.0,0.0,0.0,0.0,0.0,0.0,54676748069.32715,5742306874.863154,0.0,54676748069.32715,0.0,0.0,0.0,0.0,0.0,0.0,0.0,0.0,0.0,0.0,0.0,0.0,0.0,0.0,0.0,0.0,0.0,7185615053013.194,0.0,0.0,17226920624.589462,0.0
318,27,0.0,0.0,0.0,0.0,0.0,0.0,0.0,0.0,0.0,0.0,0.0,0.0,0.0,0.0,0,0.0,0.0,0.0,0.0,0.0,0.0,0.0,0.0,0.0,0.0,0.0,0.0,0.0,0.0,0.0,0.0,0.0,0.0,54676748069.32715,5742306874.863154,0.0,54676748069.32715,0.0,0.0,0.0,0.0,0.0,0.0,0.0,0.0,0.0,0.0,0.0,0.0,0.0,0.0,0.0,0.0,0.0,7234549494207.658,0.0,0.0,17226920624.589462,0.0
319,27,0.0,0.0,0.0,0.0,0.0,0.0,0.0,0.0,0.0,0.0,0.0,0.0,0.0,0.0,0,0.0,0.0,0.0,0.0,0.0,0.0,0.0,0.0,0.0,0.0,0.0,0.0,0.0,0.0,0.0,0.0,0.0,0.0,54676748069.32715,5742306874.863154,0.0,54676748069.32715,0.0,0.0,0.0,0.0,0.0,0.0,0.0,0.0,0.0,0.0,0.0,0.0,0.0,0.0,0.0,0.0,0.0,7283483935402.121,0.0,0.0,17226920624.589462,0.0
320,27,0.0,0.0,0.0,0.0,0.0,0.0,0.0,0.0,0.0,0.0,0.0,0.0,0.0,0.0,0,0.0,0.0,0.0,0.0,0.0,0.0,0.0,0.0,0.0,0.0,0.0,0.0,0.0,0.0,0.0,0.0,0.0,0.0,54676748069.32715,5742306874.863154,0.0,54676748069.32715,0.0,0.0,0.0,0.0,0.0,0.0,0.0,0.0,0.0,0.0,0.0,0.0,0.0,0.0,0.0,0.0,0.0,7332418376596.585,0.0,0.0,17226920624.589462,0.0
321,27,0.0,0.0,0.0,0.0,0.0,0.0,0.0,0.0,0.0,0.0,0.0,0.0,0.0,0.0,0,0.0,0.0,0.0,0.0,0.0,0.0,0.0,0.0,0.0,0.0,0.0,0.0,0.0,0.0,0.0,0.0,0.0,0.0,54676748069.32715,5742306874.863154,0.0,54676748069.32715,0.0,0.0,0.0,0.0,0.0,0.0,0.0,0.0,0.0,0.0,0.0,0.0,0.0,0.0,0.0,0.0,0.0,7381352817791.049,0.0,0.0,17226920624.589462,0.0
322,27,0.0,0.0,0.0,0.0,0.0,0.0,0.0,0.0,0.0,0.0,0.0,0.0,0.0,0.0,0,0.0,0.0,0.0,0.0,0.0,0.0,0.0,0.0,0.0,0.0,0.0,0.0,0.0,0.0,0.0,0.0,0.0,0.0,54676748069.32715,5742306874.863154,0.0,54676748069.32715,0.0,0.0,0.0,0.0,0.0,0.0,0.0,0.0,0.0,0.0,0.0,0.0,0.0,0.0,0.0,0.0,0.0,7430287258985.513,0.0,0.0,17226920624.589462,0.0
323,27,0.0,0.0,0.0,0.0,0.0,0.0,0.0,0.0,0.0,0.0,0.0,0.0,0.0,0.0,0,0.0,0.0,0.0,0.0,0.0,0.0,0.0,0.0,0.0,0.0,0.0,0.0,0.0,0.0,0.0,0.0,0.0,0.0,54676748069.32715,5742306874.863154,0.0,54676748069.32715,0.0,0.0,0.0,0.0,0.0,0.0,0.0,0.0,0.0,0.0,0.0,0.0,0.0,0.0,0.0,0.0,0.0,7479221700179.977,0.0,0.0,17226920624.589462,0.0
324,28,0.0,0.0,0.0,0.0,0.0,0.0,0.0,0.0,0.0,0.0,0.0,0.0,0.0,0.0,0,0.0,0.0,0.0,0.0,0.0,0.0,0.0,0.0,0.0,0.0,0.0,0.0,0.0,0.0,0.0,0.0,0.0,0.0,57410585472.79351,6029422218.606312,0.0,57410585472.79351,0.0,0.0,0.0,0.0,0.0,0.0,0.0,0.0,0.0,0.0,0.0,0.0,0.0,0.0,0.0,0.0,0.0,7529741517402.935,861346031.2294738,0.0,18088266655.818935,-9.5367431640625e-07
325,28,0.0,0.0,0.0,0.0,0.0,0.0,0.0,0.0,0.0,0.0,0.0,0.0,0.0,0.0,0,0.0,0.0,0.0,0.0,0.0,0.0,0.0,0.0,0.0,0.0,0.0,0.0,0.0,0.0,0.0,0.0,0.0,0.0,57410585472.79351,6029422218.606312,0.0,57410585472.79351,0.0,0.0,0.0,0.0,0.0,0.0,0.0,0.0,0.0,0.0,0.0,0.0,0.0,0.0,0.0,0.0,0.0,7581122680657.123,0.0,0.0,18088266655.818935,0.0
326,28,0.0,0.0,0.0,0.0,0.0,0.0,0.0,0.0,0.0,0.0,0.0,0.0,0.0,0.0,0,0.0,0.0,0.0,0.0,0.0,0.0,0.0,0.0,0.0,0.0,0.0,0.0,0.0,0.0,0.0,0.0,0.0,0.0,57410585472.79351,6029422218.606312,0.0,57410585472.79351,0.0,0.0,0.0,0.0,0.0,0.0,0.0,0.0,0.0,0.0,0.0,0.0,0.0,0.0,0.0,0.0,0.0,7632503843911.311,0.0,0.0,18088266655.818935,0.0
327,28,0.0,0.0,0.0,0.0,0.0,0.0,0.0,0.0,0.0,0.0,0.0,0.0,0.0,0.0,0,0.0,0.0,0.0,0.0,0.0,0.0,0.0,0.0,0.0,0.0,0.0,0.0,0.0,0.0,0.0,0.0,0.0,0.0,57410585472.79351,6029422218.606312,0.0,57410585472.79351,0.0,0.0,0.0,0.0,0.0,0.0,0.0,0.0,0.0,0.0,0.0,0.0,0.0,0.0,0.0,0.0,0.0,7683885007165.498,0.0,0.0,18088266655.818935,0.0
328,28,0.0,0.0,0.0,0.0,0.0,0.0,0.0,0.0,0.0,0.0,0.0,0.0,0.0,0.0,0,0.0,0.0,0.0,0.0,0.0,0.0,0.0,0.0,0.0,0.0,0.0,0.0,0.0,0.0,0.0,0.0,0.0,0.0,57410585472.79351,6029422218.606312,0.0,57410585472.79351,0.0,0.0,0.0,0.0,0.0,0.0,0.0,0.0,0.0,0.0,0.0,0.0,0.0,0.0,0.0,0.0,0.0,7735266170419.687,0.0,0.0,18088266655.818935,0.0
329,28,0.0,0.0,0.0,0.0,0.0,0.0,0.0,0.0,0.0,0.0,0.0,0.0,0.0,0.0,0,0.0,0.0,0.0,0.0,0.0,0.0,0.0,0.0,0.0,0.0,0.0,0.0,0.0,0.0,0.0,0.0,0.0,0.0,57410585472.79351,6029422218.606312,0.0,57410585472.79351,0.0,0.0,0.0,0.0,0.0,0.0,0.0,0.0,0.0,0.0,0.0,0.0,0.0,0.0,0.0,0.0,0.0,7786647333673.874,0.0,0.0,18088266655.818935,0.0
330,28,0.0,0.0,0.0,0.0,0.0,0.0,0.0,0.0,0.0,0.0,0.0,0.0,0.0,0.0,0,0.0,0.0,0.0,0.0,0.0,0.0,0.0,0.0,0.0,0.0,0.0,0.0,0.0,0.0,0.0,0.0,0.0,0.0,57410585472.79351,6029422218.606312,0.0,57410585472.79351,0.0,0.0,0.0,0.0,0.0,0.0,0.0,0.0,0.0,0.0,0.0,0.0,0.0,0.0,0.0,0.0,0.0,7838028496928.062,0.0,0.0,18088266655.818935,0.0
331,28,0.0,0.0,0.0,0.0,0.0,0.0,0.0,0.0,0.0,0.0,0.0,0.0,0.0,0.0,0,0.0,0.0,0.0,0.0,0.0,0.0,0.0,0.0,0.0,0.0,0.0,0.0,0.0,0.0,0.0,0.0,0.0,0.0,57410585472.79351,6029422218.606312,0.0,57410585472.79351,0.0,0.0,0.0,0.0,0.0,0.0,0.0,0.0,0.0,0.0,0.0,0.0,0.0,0.0,0.0,0.0,0.0,7889409660182.25,0.0,0.0,18088266655.818935,0.0
332,28,0.0,0.0,0.0,0.0,0.0,0.0,0.0,0.0,0.0,0.0,0.0,0.0,0.0,0.0,0,0.0,0.0,0.0,0.0,0.0,0.0,0.0,0.0,0.0,0.0,0.0,0.0,0.0,0.0,0.0,0.0,0.0,0.0,57410585472.79351,6029422218.606312,0.0,57410585472.79351,0.0,0.0,0.0,0.0,0.0,0.0,0.0,0.0,0.0,0.0,0.0,0.0,0.0,0.0,0.0,0.0,0.0,7940790823436.4375,0.0,0.0,18088266655.818935,0.0
333,28,0.0,0.0,0.0,0.0,0.0,0.0,0.0,0.0,0.0,0.0,0.0,0.0,0.0,0.0,0,0.0,0.0,0.0,0.0,0.0,0.0,0.0,0.0,0.0,0.0,0.0,0.0,0.0,0.0,0.0,0.0,0.0,0.0,57410585472.79351,6029422218.606312,0.0,57410585472.79351,0.0,0.0,0.0,0.0,0.0,0.0,0.0,0.0,0.0,0.0,0.0,0.0,0.0,0.0,0.0,0.0,0.0,7992171986690.626,0.0,0.0,18088266655.818935,0.0
334,28,0.0,0.0,0.0,0.0,0.0,0.0,0.0,0.0,0.0,0.0,0.0,0.0,0.0,0.0,0,0.0,0.0,0.0,0.0,0.0,0.0,0.0,0.0,0.0,0.0,0.0,0.0,0.0,0.0,0.0,0.0,0.0,0.0,57410585472.79351,6029422218.606312,0.0,57410585472.79351,0.0,0.0,0.0,0.0,0.0,0.0,0.0,0.0,0.0,0.0,0.0,0.0,0.0,0.0,0.0,0.0,0.0,8043553149944.813,0.0,0.0,18088266655.818935,0.0
335,28,0.0,0.0,0.0,0.0,0.0,0.0,0.0,0.0,0.0,0.0,0.0,0.0,0.0,0.0,0,0.0,0.0,0.0,0.0,0.0,0.0,0.0,0.0,0.0,0.0,0.0,0.0,0.0,0.0,0.0,0.0,0.0,0.0,57410585472.79351,6029422218.606312,0.0,57410585472.79351,0.0,0.0,0.0,0.0,0.0,0.0,0.0,0.0,0.0,0.0,0.0,0.0,0.0,0.0,0.0,0.0,0.0,8094934313199.001,0.0,0.0,18088266655.818935,0.0
336,29,0.0,0.0,0.0,0.0,0.0,0.0,0.0,0.0,0.0,0.0,0.0,0.0,0.0,0.0,0,0.0,0.0,0.0,0.0,0.0,0.0,0.0,0.0,0.0,0.0,0.0,0.0,0.0,0.0,0.0,0.0,0.0,0.0,60281114746.43319,6330893329.536628,0.0,60281114746.43319,0.0,0.0,0.0,0.0,0.0,0.0,0.0,0.0,0.0,0.0,0.0,0.0,0.0,0.0,0.0,0.0,0.0,8147980121283.107,904413332.7909479,0.0,18992679988.609882,0.0
337,29,0.0,0.0,0.0,0.0,0.0,0.0,0.0,0.0,0.0,0.0,0.0,0.0,0.0,0.0,0,0.0,0.0,0.0,0.0,0.0,0.0,0.0,0.0,0.0,0.0,0.0,0.0,0.0,0.0,0.0,0.0,0.0,0.0,60281114746.43319,6330893329.536628,0.0,60281114746.43319,0.0,0.0,0.0,0.0,0.0,0.0,0.0,0.0,0.0,0.0,0.0,0.0,0.0,0.0,0.0,0.0,0.0,8201930342700.005,0.0,0.0,18992679988.609882,0.0
338,29,0.0,0.0,0.0,0.0,0.0,0.0,0.0,0.0,0.0,0.0,0.0,0.0,0.0,0.0,0,0.0,0.0,0.0,0.0,0.0,0.0,0.0,0.0,0.0,0.0,0.0,0.0,0.0,0.0,0.0,0.0,0.0,0.0,60281114746.43319,6330893329.536628,0.0,60281114746.43319,0.0,0.0,0.0,0.0,0.0,0.0,0.0,0.0,0.0,0.0,0.0,0.0,0.0,0.0,0.0,0.0,0.0,8255880564116.902,0.0,0.0,18992679988.609882,0.0
339,29,0.0,0.0,0.0,0.0,0.0,0.0,0.0,0.0,0.0,0.0,0.0,0.0,0.0,0.0,0,0.0,0.0,0.0,0.0,0.0,0.0,0.0,0.0,0.0,0.0,0.0,0.0,0.0,0.0,0.0,0.0,0.0,0.0,60281114746.43319,6330893329.536628,0.0,60281114746.43319,0.0,0.0,0.0,0.0,0.0,0.0,0.0,0.0,0.0,0.0,0.0,0.0,0.0,0.0,0.0,0.0,0.0,8309830785533.799,0.0,0.0,18992679988.609882,0.0
340,29,0.0,0.0,0.0,0.0,0.0,0.0,0.0,0.0,0.0,0.0,0.0,0.0,0.0,0.0,0,0.0,0.0,0.0,0.0,0.0,0.0,0.0,0.0,0.0,0.0,0.0,0.0,0.0,0.0,0.0,0.0,0.0,0.0,60281114746.43319,6330893329.536628,0.0,60281114746.43319,0.0,0.0,0.0,0.0,0.0,0.0,0.0,0.0,0.0,0.0,0.0,0.0,0.0,0.0,0.0,0.0,0.0,8363781006950.696,0.0,0.0,18992679988.609882,0.0
341,29,0.0,0.0,0.0,0.0,0.0,0.0,0.0,0.0,0.0,0.0,0.0,0.0,0.0,0.0,0,0.0,0.0,0.0,0.0,0.0,0.0,0.0,0.0,0.0,0.0,0.0,0.0,0.0,0.0,0.0,0.0,0.0,0.0,60281114746.43319,6330893329.536628,0.0,60281114746.43319,0.0,0.0,0.0,0.0,0.0,0.0,0.0,0.0,0.0,0.0,0.0,0.0,0.0,0.0,0.0,0.0,0.0,8417731228367.594,0.0,0.0,18992679988.609882,0.0
342,29,0.0,0.0,0.0,0.0,0.0,0.0,0.0,0.0,0.0,0.0,0.0,0.0,0.0,0.0,0,0.0,0.0,0.0,0.0,0.0,0.0,0.0,0.0,0.0,0.0,0.0,0.0,0.0,0.0,0.0,0.0,0.0,0.0,60281114746.43319,6330893329.536628,0.0,60281114746.43319,0.0,0.0,0.0,0.0,0.0,0.0,0.0,0.0,0.0,0.0,0.0,0.0,0.0,0.0,0.0,0.0,0.0,8471681449784.49,0.0,0.0,18992679988.609882,0.0
343,29,0.0,0.0,0.0,0.0,0.0,0.0,0.0,0.0,0.0,0.0,0.0,0.0,0.0,0.0,0,0.0,0.0,0.0,0.0,0.0,0.0,0.0,0.0,0.0,0.0,0.0,0.0,0.0,0.0,0.0,0.0,0.0,0.0,60281114746.43319,6330893329.536628,0.0,60281114746.43319,0.0,0.0,0.0,0.0,0.0,0.0,0.0,0.0,0.0,0.0,0.0,0.0,0.0,0.0,0.0,0.0,0.0,8525631671201.388,0.0,0.0,18992679988.609882,0.0
344,29,0.0,0.0,0.0,0.0,0.0,0.0,0.0,0.0,0.0,0.0,0.0,0.0,0.0,0.0,0,0.0,0.0,0.0,0.0,0.0,0.0,0.0,0.0,0.0,0.0,0.0,0.0,0.0,0.0,0.0,0.0,0.0,0.0,60281114746.43319,6330893329.536628,0.0,60281114746.43319,0.0,0.0,0.0,0.0,0.0,0.0,0.0,0.0,0.0,0.0,0.0,0.0,0.0,0.0,0.0,0.0,0.0,8579581892618.285,0.0,0.0,18992679988.609882,0.0
345,29,0.0,0.0,0.0,0.0,0.0,0.0,0.0,0.0,0.0,0.0,0.0,0.0,0.0,0.0,0,0.0,0.0,0.0,0.0,0.0,0.0,0.0,0.0,0.0,0.0,0.0,0.0,0.0,0.0,0.0,0.0,0.0,0.0,60281114746.43319,6330893329.536628,0.0,60281114746.43319,0.0,0.0,0.0,0.0,0.0,0.0,0.0,0.0,0.0,0.0,0.0,0.0,0.0,0.0,0.0,0.0,0.0,8633532114035.183,0.0,0.0,18992679988.609882,0.0
346,29,0.0,0.0,0.0,0.0,0.0,0.0,0.0,0.0,0.0,0.0,0.0,0.0,0.0,0.0,0,0.0,0.0,0.0,0.0,0.0,0.0,0.0,0.0,0.0,0.0,0.0,0.0,0.0,0.0,0.0,0.0,0.0,0.0,60281114746.43319,6330893329.536628,0.0,60281114746.43319,0.0,0.0,0.0,0.0,0.0,0.0,0.0,0.0,0.0,0.0,0.0,0.0,0.0,0.0,0.0,0.0,0.0,8687482335452.079,0.0,0.0,18992679988.609882,0.0
347,29,0.0,0.0,0.0,0.0,0.0,0.0,0.0,0.0,0.0,0.0,0.0,0.0,0.0,0.0,0,0.0,0.0,0.0,0.0,0.0,0.0,0.0,0.0,0.0,0.0,0.0,0.0,0.0,0.0,0.0,0.0,0.0,0.0,60281114746.43319,6330893329.536628,0.0,60281114746.43319,0.0,0.0,0.0,0.0,0.0,0.0,0.0,0.0,0.0,0.0,0.0,0.0,0.0,0.0,0.0,0.0,0.0,8741432556868.977,0.0,0.0,18992679988.609882,0.0
348,30,0.0,0.0,0.0,0.0,0.0,0.0,0.0,0.0,0.0,0.0,0.0,0.0,0.0,0.0,0,0.0,0.0,0.0,0.0,0.0,0.0,0.0,0.0,0.0,0.0,0.0,0.0,0.0,0.0,0.0,0.0,0.0,0.0,63295170483.75486,6647437996.01346,0.0,63295170483.75486,0.0,0.0,0.0,0.0,0.0,0.0,0.0,0.0,0.0,0.0,0.0,0.0,0.0,0.0,0.0,0.0,0.0,8797130655357.287,949633999.4304966,0.0,19942313988.040382,0.0
349,30,0.0,0.0,0.0,0.0,0.0,0.0,0.0,0.0,0.0,0.0,0.0,0.0,0.0,0.0,0,0.0,0.0,0.0,0.0,0.0,0.0,0.0,0.0,0.0,0.0,0.0,0.0,0.0,0.0,0.0,0.0,0.0,0.0,63295170483.75486,6647437996.01346,0.0,63295170483.75486,0.0,0.0,0.0,0.0,0.0,0.0,0.0,0.0,0.0,0.0,0.0,0.0,0.0,0.0,0.0,0.0,0.0,8853778387845.03,0.0,0.0,19942313988.040382,0.0
350,30,0.0,0.0,0.0,0.0,0.0,0.0,0.0,0.0,0.0,0.0,0.0,0.0,0.0,0.0,0,0.0,0.0,0.0,0.0,0.0,0.0,0.0,0.0,0.0,0.0,0.0,0.0,0.0,0.0,0.0,0.0,0.0,0.0,63295170483.75486,6647437996.01346,0.0,63295170483.75486,0.0,0.0,0.0,0.0,0.0,0.0,0.0,0.0,0.0,0.0,0.0,0.0,0.0,0.0,0.0,0.0,0.0,8910426120332.771,0.0,0.0,19942313988.040382,0.0
351,30,0.0,0.0,0.0,0.0,0.0,0.0,0.0,0.0,0.0,0.0,0.0,0.0,0.0,0.0,0,0.0,0.0,0.0,0.0,0.0,0.0,0.0,0.0,0.0,0.0,0.0,0.0,0.0,0.0,0.0,0.0,0.0,0.0,63295170483.75486,6647437996.01346,0.0,63295170483.75486,0.0,0.0,0.0,0.0,0.0,0.0,0.0,0.0,0.0,0.0,0.0,0.0,0.0,0.0,0.0,0.0,0.0,8967073852820.512,0.0,0.0,19942313988.040382,0.0
352,30,0.0,0.0,0.0,0.0,0.0,0.0,0.0,0.0,0.0,0.0,0.0,0.0,0.0,0.0,0,0.0,0.0,0.0,0.0,0.0,0.0,0.0,0.0,0.0,0.0,0.0,0.0,0.0,0.0,0.0,0.0,0.0,0.0,63295170483.75486,6647437996.01346,0.0,63295170483.75486,0.0,0.0,0.0,0.0,0.0,0.0,0.0,0.0,0.0,0.0,0.0,0.0,0.0,0.0,0.0,0.0,0.0,9023721585308.254,0.0,0.0,19942313988.040382,0.0
353,30,0.0,0.0,0.0,0.0,0.0,0.0,0.0,0.0,0.0,0.0,0.0,0.0,0.0,0.0,0,0.0,0.0,0.0,0.0,0.0,0.0,0.0,0.0,0.0,0.0,0.0,0.0,0.0,0.0,0.0,0.0,0.0,0.0,63295170483.75486,6647437996.01346,0.0,63295170483.75486,0.0,0.0,0.0,0.0,0.0,0.0,0.0,0.0,0.0,0.0,0.0,0.0,0.0,0.0,0.0,0.0,0.0,9080369317795.996,0.0,0.0,19942313988.040382,0.0
354,30,0.0,0.0,0.0,0.0,0.0,0.0,0.0,0.0,0.0,0.0,0.0,0.0,0.0,0.0,0,0.0,0.0,0.0,0.0,0.0,0.0,0.0,0.0,0.0,0.0,0.0,0.0,0.0,0.0,0.0,0.0,0.0,0.0,63295170483.75486,6647437996.01346,0.0,63295170483.75486,0.0,0.0,0.0,0.0,0.0,0.0,0.0,0.0,0.0,0.0,0.0,0.0,0.0,0.0,0.0,0.0,0.0,9137017050283.736,0.0,0.0,19942313988.040382,0.0
355,30,0.0,0.0,0.0,0.0,0.0,0.0,0.0,0.0,0.0,0.0,0.0,0.0,0.0,0.0,0,0.0,0.0,0.0,0.0,0.0,0.0,0.0,0.0,0.0,0.0,0.0,0.0,0.0,0.0,0.0,0.0,0.0,0.0,63295170483.75486,6647437996.01346,0.0,63295170483.75486,0.0,0.0,0.0,0.0,0.0,0.0,0.0,0.0,0.0,0.0,0.0,0.0,0.0,0.0,0.0,0.0,0.0,9193664782771.479,0.0,0.0,19942313988.040382,0.0
356,30,0.0,0.0,0.0,0.0,0.0,0.0,0.0,0.0,0.0,0.0,0.0,0.0,0.0,0.0,0,0.0,0.0,0.0,0.0,0.0,0.0,0.0,0.0,0.0,0.0,0.0,0.0,0.0,0.0,0.0,0.0,0.0,0.0,63295170483.75486,6647437996.01346,0.0,63295170483.75486,0.0,0.0,0.0,0.0,0.0,0.0,0.0,0.0,0.0,0.0,0.0,0.0,0.0,0.0,0.0,0.0,0.0,9250312515259.22,0.0,0.0,19942313988.040382,0.0
357,30,0.0,0.0,0.0,0.0,0.0,0.0,0.0,0.0,0.0,0.0,0.0,0.0,0.0,0.0,0,0.0,0.0,0.0,0.0,0.0,0.0,0.0,0.0,0.0,0.0,0.0,0.0,0.0,0.0,0.0,0.0,0.0,0.0,63295170483.75486,6647437996.01346,0.0,63295170483.75486,0.0,0.0,0.0,0.0,0.0,0.0,0.0,0.0,0.0,0.0,0.0,0.0,0.0,0.0,0.0,0.0,0.0,9306960247746.96,0.0,0.0,19942313988.040382,0.0
358,30,0.0,0.0,0.0,0.0,0.0,0.0,0.0,0.0,0.0,0.0,0.0,0.0,0.0,0.0,0,0.0,0.0,0.0,0.0,0.0,0.0,0.0,0.0,0.0,0.0,0.0,0.0,0.0,0.0,0.0,0.0,0.0,0.0,63295170483.75486,6647437996.01346,0.0,63295170483.75486,0.0,0.0,0.0,0.0,0.0,0.0,0.0,0.0,0.0,0.0,0.0,0.0,0.0,0.0,0.0,0.0,0.0,9363607980234.703,0.0,0.0,19942313988.040382,0.0
359,30,0.0,0.0,0.0,0.0,0.0,0.0,0.0,0.0,0.0,0.0,0.0,0.0,0.0,0.0,0,0.0,0.0,0.0,0.0,0.0,0.0,0.0,0.0,0.0,0.0,0.0,0.0,0.0,0.0,0.0,0.0,0.0,0.0,63295170483.75486,6647437996.01346,0.0,63295170483.75486,0.0,0.0,0.0,0.0,0.0,0.0,0.0,0.0,0.0,0.0,0.0,0.0,0.0,0.0,0.0,0.0,0.0,9420255712722.445,0.0,0.0,19942313988.040382,0.0
360,31,0.0,0.0,0.0,0.0,0.0,0.0,0.0,0.0,0.0,0.0,0.0,0.0,0.0,0.0,0,0.0,0.0,0.0,0.0,0.0,0.0,0.0,0.0,0.0,0.0,0.0,0.0,0.0,0.0,0.0,0.0,0.0,0.0,66459929007.942604,6979809895.814134,0.0,66459929007.942604,0.0,0.0,0.0,0.0,0.0,0.0,0.0,0.0,0.0,0.0,0.0,0.0,0.0,0.0,0.0,0.0,0.0,9478738716135.17,997115699.4020197,0.0,20939429687.4424,0.0
361,31,0.0,0.0,0.0,0.0,0.0,0.0,0.0,0.0,0.0,0.0,0.0,0.0,0.0,0.0,0,0.0,0.0,0.0,0.0,0.0,0.0,0.0,0.0,0.0,0.0,0.0,0.0,0.0,0.0,0.0,0.0,0.0,0.0,66459929007.942604,6979809895.814134,0.0,66459929007.942604,0.0,0.0,0.0,0.0,0.0,0.0,0.0,0.0,0.0,0.0,0.0,0.0,0.0,0.0,0.0,0.0,0.0,9538218835247.299,0.0,0.0,20939429687.4424,0.0
362,31,0.0,0.0,0.0,0.0,0.0,0.0,0.0,0.0,0.0,0.0,0.0,0.0,0.0,0.0,0,0.0,0.0,0.0,0.0,0.0,0.0,0.0,0.0,0.0,0.0,0.0,0.0,0.0,0.0,0.0,0.0,0.0,0.0,66459929007.942604,6979809895.814134,0.0,66459929007.942604,0.0,0.0,0.0,0.0,0.0,0.0,0.0,0.0,0.0,0.0,0.0,0.0,0.0,0.0,0.0,0.0,0.0,9597698954359.426,0.0,0.0,20939429687.4424,0.0
363,31,0.0,0.0,0.0,0.0,0.0,0.0,0.0,0.0,0.0,0.0,0.0,0.0,0.0,0.0,0,0.0,0.0,0.0,0.0,0.0,0.0,0.0,0.0,0.0,0.0,0.0,0.0,0.0,0.0,0.0,0.0,0.0,0.0,66459929007.942604,6979809895.814134,0.0,66459929007.942604,0.0,0.0,0.0,0.0,0.0,0.0,0.0,0.0,0.0,0.0,0.0,0.0,0.0,0.0,0.0,0.0,0.0,9657179073471.553,0.0,0.0,20939429687.4424,0.0
364,31,0.0,0.0,0.0,0.0,0.0,0.0,0.0,0.0,0.0,0.0,0.0,0.0,0.0,0.0,0,0.0,0.0,0.0,0.0,0.0,0.0,0.0,0.0,0.0,0.0,0.0,0.0,0.0,0.0,0.0,0.0,0.0,0.0,66459929007.942604,6979809895.814134,0.0,66459929007.942604,0.0,0.0,0.0,0.0,0.0,0.0,0.0,0.0,0.0,0.0,0.0,0.0,0.0,0.0,0.0,0.0,0.0,9716659192583.682,0.0,0.0,20939429687.4424,0.0
365,31,0.0,0.0,0.0,0.0,0.0,0.0,0.0,0.0,0.0,0.0,0.0,0.0,0.0,0.0,0,0.0,0.0,0.0,0.0,0.0,0.0,0.0,0.0,0.0,0.0,0.0,0.0,0.0,0.0,0.0,0.0,0.0,0.0,66459929007.942604,6979809895.814134,0.0,66459929007.942604,0.0,0.0,0.0,0.0,0.0,0.0,0.0,0.0,0.0,0.0,0.0,0.0,0.0,0.0,0.0,0.0,0.0,9776139311695.809,0.0,0.0,20939429687.4424,0.0
366,31,0.0,0.0,0.0,0.0,0.0,0.0,0.0,0.0,0.0,0.0,0.0,0.0,0.0,0.0,0,0.0,0.0,0.0,0.0,0.0,0.0,0.0,0.0,0.0,0.0,0.0,0.0,0.0,0.0,0.0,0.0,0.0,0.0,66459929007.942604,6979809895.814134,0.0,66459929007.942604,0.0,0.0,0.0,0.0,0.0,0.0,0.0,0.0,0.0,0.0,0.0,0.0,0.0,0.0,0.0,0.0,0.0,9835619430807.936,0.0,0.0,20939429687.4424,0.0
367,31,0.0,0.0,0.0,0.0,0.0,0.0,0.0,0.0,0.0,0.0,0.0,0.0,0.0,0.0,0,0.0,0.0,0.0,0.0,0.0,0.0,0.0,0.0,0.0,0.0,0.0,0.0,0.0,0.0,0.0,0.0,0.0,0.0,66459929007.942604,6979809895.814134,0.0,66459929007.942604,0.0,0.0,0.0,0.0,0.0,0.0,0.0,0.0,0.0,0.0,0.0,0.0,0.0,0.0,0.0,0.0,0.0,9895099549920.064,0.0,0.0,20939429687.4424,0.0
368,31,0.0,0.0,0.0,0.0,0.0,0.0,0.0,0.0,0.0,0.0,0.0,0.0,0.0,0.0,0,0.0,0.0,0.0,0.0,0.0,0.0,0.0,0.0,0.0,0.0,0.0,0.0,0.0,0.0,0.0,0.0,0.0,0.0,66459929007.942604,6979809895.814134,0.0,66459929007.942604,0.0,0.0,0.0,0.0,0.0,0.0,0.0,0.0,0.0,0.0,0.0,0.0,0.0,0.0,0.0,0.0,0.0,9954579669032.191,0.0,0.0,20939429687.4424,0.0
369,31,0.0,0.0,0.0,0.0,0.0,0.0,0.0,0.0,0.0,0.0,0.0,0.0,0.0,0.0,0,0.0,0.0,0.0,0.0,0.0,0.0,0.0,0.0,0.0,0.0,0.0,0.0,0.0,0.0,0.0,0.0,0.0,0.0,66459929007.942604,6979809895.814134,0.0,66459929007.942604,0.0,0.0,0.0,0.0,0.0,0.0,0.0,0.0,0.0,0.0,0.0,0.0,0.0,0.0,0.0,0.0,0.0,10014059788144.318,0.0,0.0,20939429687.4424,0.0
370,31,0.0,0.0,0.0,0.0,0.0,0.0,0.0,0.0,0.0,0.0,0.0,0.0,0.0,0.0,0,0.0,0.0,0.0,0.0,0.0,0.0,0.0,0.0,0.0,0.0,0.0,0.0,0.0,0.0,0.0,0.0,0.0,0.0,66459929007.942604,6979809895.814134,0.0,66459929007.942604,0.0,0.0,0.0,0.0,0.0,0.0,0.0,0.0,0.0,0.0,0.0,0.0,0.0,0.0,0.0,0.0,0.0,10073539907256.447,0.0,0.0,20939429687.4424,0.0
371,31,0.0,0.0,0.0,0.0,0.0,0.0,0.0,0.0,0.0,0.0,0.0,0.0,0.0,0.0,0,0.0,0.0,0.0,0.0,0.0,0.0,0.0,0.0,0.0,0.0,0.0,0.0,0.0,0.0,0.0,0.0,0.0,0.0,66459929007.942604,6979809895.814134,0.0,66459929007.942604,0.0,0.0,0.0,0.0,0.0,0.0,0.0,0.0,0.0,0.0,0.0,0.0,0.0,0.0,0.0,0.0,0.0,10133020026368.574,0.0,0.0,20939429687.4424,0.0
372,32,0.0,0.0,0.0,0.0,0.0,0.0,0.0,0.0,0.0,0.0,0.0,0.0,0.0,0.0,0,0.0,0.0,0.0,0.0,0.0,0.0,0.0,0.0,0.0,0.0,0.0,0.0,0.0,0.0,0.0,0.0,0.0,0.0,69782925458.33974,7328800390.604839,0.0,69782925458.33974,0.0,0.0,0.0,0.0,0.0,0.0,0.0,0.0,0.0,0.0,0.0,0.0,0.0,0.0,0.0,0.0,0.0,10194427179951.938,1046971484.3721166,0.0,21986401171.814518,0.0
373,32,0.0,0.0,0.0,0.0,0.0,0.0,0.0,0.0,0.0,0.0,0.0,0.0,0.0,0.0,0,0.0,0.0,0.0,0.0,0.0,0.0,0.0,0.0,0.0,0.0,0.0,0.0,0.0,0.0,0.0,0.0,0.0,0.0,69782925458.33974,7328800390.604839,0.0,69782925458.33974,0.0,0.0,0.0,0.0,0.0,0.0,0.0,0.0,0.0,0.0,0.0,0.0,0.0,0.0,0.0,0.0,0.0,10256881305019.672,0.0,0.0,21986401171.814518,0.0
374,32,0.0,0.0,0.0,0.0,0.0,0.0,0.0,0.0,0.0,0.0,0.0,0.0,0.0,0.0,0,0.0,0.0,0.0,0.0,0.0,0.0,0.0,0.0,0.0,0.0,0.0,0.0,0.0,0.0,0.0,0.0,0.0,0.0,69782925458.33974,7328800390.604839,0.0,69782925458.33974,0.0,0.0,0.0,0.0,0.0,0.0,0.0,0.0,0.0,0.0,0.0,0.0,0.0,0.0,0.0,0.0,0.0,10319335430087.406,0.0,0.0,21986401171.814518,0.0
375,32,0.0,0.0,0.0,0.0,0.0,0.0,0.0,0.0,0.0,0.0,0.0,0.0,0.0,0.0,0,0.0,0.0,0.0,0.0,0.0,0.0,0.0,0.0,0.0,0.0,0.0,0.0,0.0,0.0,0.0,0.0,0.0,0.0,69782925458.33974,7328800390.604839,0.0,69782925458.33974,0.0,0.0,0.0,0.0,0.0,0.0,0.0,0.0,0.0,0.0,0.0,0.0,0.0,0.0,0.0,0.0,0.0,10381789555155.14,0.0,0.0,21986401171.814518,0.0
376,32,0.0,0.0,0.0,0.0,0.0,0.0,0.0,0.0,0.0,0.0,0.0,0.0,0.0,0.0,0,0.0,0.0,0.0,0.0,0.0,0.0,0.0,0.0,0.0,0.0,0.0,0.0,0.0,0.0,0.0,0.0,0.0,0.0,69782925458.33974,7328800390.604839,0.0,69782925458.33974,0.0,0.0,0.0,0.0,0.0,0.0,0.0,0.0,0.0,0.0,0.0,0.0,0.0,0.0,0.0,0.0,0.0,10444243680222.875,0.0,0.0,21986401171.814518,0.0
377,32,0.0,0.0,0.0,0.0,0.0,0.0,0.0,0.0,0.0,0.0,0.0,0.0,0.0,0.0,0,0.0,0.0,0.0,0.0,0.0,0.0,0.0,0.0,0.0,0.0,0.0,0.0,0.0,0.0,0.0,0.0,0.0,0.0,69782925458.33974,7328800390.604839,0.0,69782925458.33974,0.0,0.0,0.0,0.0,0.0,0.0,0.0,0.0,0.0,0.0,0.0,0.0,0.0,0.0,0.0,0.0,0.0,10506697805290.61,0.0,0.0,21986401171.814518,0.0
378,32,0.0,0.0,0.0,0.0,0.0,0.0,0.0,0.0,0.0,0.0,0.0,0.0,0.0,0.0,0,0.0,0.0,0.0,0.0,0.0,0.0,0.0,0.0,0.0,0.0,0.0,0.0,0.0,0.0,0.0,0.0,0.0,0.0,69782925458.33974,7328800390.604839,0.0,69782925458.33974,0.0,0.0,0.0,0.0,0.0,0.0,0.0,0.0,0.0,0.0,0.0,0.0,0.0,0.0,0.0,0.0,0.0,10569151930358.344,0.0,0.0,21986401171.814518,0.0
379,32,0.0,0.0,0.0,0.0,0.0,0.0,0.0,0.0,0.0,0.0,0.0,0.0,0.0,0.0,0,0.0,0.0,0.0,0.0,0.0,0.0,0.0,0.0,0.0,0.0,0.0,0.0,0.0,0.0,0.0,0.0,0.0,0.0,69782925458.33974,7328800390.604839,0.0,69782925458.33974,0.0,0.0,0.0,0.0,0.0,0.0,0.0,0.0,0.0,0.0,0.0,0.0,0.0,0.0,0.0,0.0,0.0,10631606055426.078,0.0,0.0,21986401171.814518,0.0
380,32,0.0,0.0,0.0,0.0,0.0,0.0,0.0,0.0,0.0,0.0,0.0,0.0,0.0,0.0,0,0.0,0.0,0.0,0.0,0.0,0.0,0.0,0.0,0.0,0.0,0.0,0.0,0.0,0.0,0.0,0.0,0.0,0.0,69782925458.33974,7328800390.604839,0.0,69782925458.33974,0.0,0.0,0.0,0.0,0.0,0.0,0.0,0.0,0.0,0.0,0.0,0.0,0.0,0.0,0.0,0.0,0.0,10694060180493.812,0.0,0.0,21986401171.814518,0.0
381,32,0.0,0.0,0.0,0.0,0.0,0.0,0.0,0.0,0.0,0.0,0.0,0.0,0.0,0.0,0,0.0,0.0,0.0,0.0,0.0,0.0,0.0,0.0,0.0,0.0,0.0,0.0,0.0,0.0,0.0,0.0,0.0,0.0,69782925458.33974,7328800390.604839,0.0,69782925458.33974,0.0,0.0,0.0,0.0,0.0,0.0,0.0,0.0,0.0,0.0,0.0,0.0,0.0,0.0,0.0,0.0,0.0,10756514305561.547,0.0,0.0,21986401171.814518,0.0
382,32,0.0,0.0,0.0,0.0,0.0,0.0,0.0,0.0,0.0,0.0,0.0,0.0,0.0,0.0,0,0.0,0.0,0.0,0.0,0.0,0.0,0.0,0.0,0.0,0.0,0.0,0.0,0.0,0.0,0.0,0.0,0.0,0.0,69782925458.33974,7328800390.604839,0.0,69782925458.33974,0.0,0.0,0.0,0.0,0.0,0.0,0.0,0.0,0.0,0.0,0.0,0.0,0.0,0.0,0.0,0.0,0.0,10818968430629.281,0.0,0.0,21986401171.814518,0.0
383,32,0.0,0.0,0.0,0.0,0.0,0.0,0.0,0.0,0.0,0.0,0.0,0.0,0.0,0.0,0,0.0,0.0,0.0,0.0,0.0,0.0,0.0,0.0,0.0,0.0,0.0,0.0,0.0,0.0,0.0,0.0,0.0,0.0,69782925458.33974,7328800390.604839,0.0,69782925458.33974,0.0,0.0,0.0,0.0,0.0,0.0,0.0,0.0,0.0,0.0,0.0,0.0,0.0,0.0,0.0,0.0,0.0,10881422555697.016,0.0,0.0,21986401171.814518,0.0
384,33,0.0,0.0,0.0,0.0,0.0,0.0,0.0,0.0,0.0,0.0,0.0,0.0,0.0,0.0,0,0.0,0.0,0.0,0.0,0.0,0.0,0.0,0.0,0.0,0.0,0.0,0.0,0.0,0.0,0.0,0.0,0.0,0.0,73272071731.25673,7695240410.135082,0.0,73272071731.25673,0.0,0.0,0.0,0.0,0.0,0.0,0.0,0.0,0.0,0.0,0.0,0.0,0.0,0.0,0.0,0.0,0.0,10945900066959.547,1099320058.590732,0.0,23085721230.40525,0.0
385,33,0.0,0.0,0.0,0.0,0.0,0.0,0.0,0.0,0.0,0.0,0.0,0.0,0.0,0.0,0,0.0,0.0,0.0,0.0,0.0,0.0,0.0,0.0,0.0,0.0,0.0,0.0,0.0,0.0,0.0,0.0,0.0,0.0,73272071731.25673,7695240410.135082,0.0,73272071731.25673,0.0,0.0,0.0,0.0,0.0,0.0,0.0,0.0,0.0,0.0,0.0,0.0,0.0,0.0,0.0,0.0,0.0,11011476898280.668,0.0,0.0,23085721230.40525,0.0
386,33,0.0,0.0,0.0,0.0,0.0,0.0,0.0,0.0,0.0,0.0,0.0,0.0,0.0,0.0,0,0.0,0.0,0.0,0.0,0.0,0.0,0.0,0.0,0.0,0.0,0.0,0.0,0.0,0.0,0.0,0.0,0.0,0.0,73272071731.25673,7695240410.135082,0.0,73272071731.25673,0.0,0.0,0.0,0.0,0.0,0.0,0.0,0.0,0.0,0.0,0.0,0.0,0.0,0.0,0.0,0.0,0.0,11077053729601.791,0.0,0.0,23085721230.40525,0.0
387,33,0.0,0.0,0.0,0.0,0.0,0.0,0.0,0.0,0.0,0.0,0.0,0.0,0.0,0.0,0,0.0,0.0,0.0,0.0,0.0,0.0,0.0,0.0,0.0,0.0,0.0,0.0,0.0,0.0,0.0,0.0,0.0,0.0,73272071731.25673,7695240410.135082,0.0,73272071731.25673,0.0,0.0,0.0,0.0,0.0,0.0,0.0,0.0,0.0,0.0,0.0,0.0,0.0,0.0,0.0,0.0,0.0,11142630560922.912,0.0,0.0,23085721230.40525,0.0
388,33,0.0,0.0,0.0,0.0,0.0,0.0,0.0,0.0,0.0,0.0,0.0,0.0,0.0,0.0,0,0.0,0.0,0.0,0.0,0.0,0.0,0.0,0.0,0.0,0.0,0.0,0.0,0.0,0.0,0.0,0.0,0.0,0.0,73272071731.25673,7695240410.135082,0.0,73272071731.25673,0.0,0.0,0.0,0.0,0.0,0.0,0.0,0.0,0.0,0.0,0.0,0.0,0.0,0.0,0.0,0.0,0.0,11208207392244.035,0.0,0.0,23085721230.40525,0.0
389,33,0.0,0.0,0.0,0.0,0.0,0.0,0.0,0.0,0.0,0.0,0.0,0.0,0.0,0.0,0,0.0,0.0,0.0,0.0,0.0,0.0,0.0,0.0,0.0,0.0,0.0,0.0,0.0,0.0,0.0,0.0,0.0,0.0,73272071731.25673,7695240410.135082,0.0,73272071731.25673,0.0,0.0,0.0,0.0,0.0,0.0,0.0,0.0,0.0,0.0,0.0,0.0,0.0,0.0,0.0,0.0,0.0,11273784223565.156,0.0,0.0,23085721230.40525,0.0
390,33,0.0,0.0,0.0,0.0,0.0,0.0,0.0,0.0,0.0,0.0,0.0,0.0,0.0,0.0,0,0.0,0.0,0.0,0.0,0.0,0.0,0.0,0.0,0.0,0.0,0.0,0.0,0.0,0.0,0.0,0.0,0.0,0.0,73272071731.25673,7695240410.135082,0.0,73272071731.25673,0.0,0.0,0.0,0.0,0.0,0.0,0.0,0.0,0.0,0.0,0.0,0.0,0.0,0.0,0.0,0.0,0.0,11339361054886.28,0.0,0.0,23085721230.40525,0.0
391,33,0.0,0.0,0.0,0.0,0.0,0.0,0.0,0.0,0.0,0.0,0.0,0.0,0.0,0.0,0,0.0,0.0,0.0,0.0,0.0,0.0,0.0,0.0,0.0,0.0,0.0,0.0,0.0,0.0,0.0,0.0,0.0,0.0,73272071731.25673,7695240410.135082,0.0,73272071731.25673,0.0,0.0,0.0,0.0,0.0,0.0,0.0,0.0,0.0,0.0,0.0,0.0,0.0,0.0,0.0,0.0,0.0,11404937886207.402,0.0,0.0,23085721230.40525,0.0
392,33,0.0,0.0,0.0,0.0,0.0,0.0,0.0,0.0,0.0,0.0,0.0,0.0,0.0,0.0,0,0.0,0.0,0.0,0.0,0.0,0.0,0.0,0.0,0.0,0.0,0.0,0.0,0.0,0.0,0.0,0.0,0.0,0.0,73272071731.25673,7695240410.135082,0.0,73272071731.25673,0.0,0.0,0.0,0.0,0.0,0.0,0.0,0.0,0.0,0.0,0.0,0.0,0.0,0.0,0.0,0.0,0.0,11470514717528.525,0.0,0.0,23085721230.40525,0.0
393,33,0.0,0.0,0.0,0.0,0.0,0.0,0.0,0.0,0.0,0.0,0.0,0.0,0.0,0.0,0,0.0,0.0,0.0,0.0,0.0,0.0,0.0,0.0,0.0,0.0,0.0,0.0,0.0,0.0,0.0,0.0,0.0,0.0,73272071731.25673,7695240410.135082,0.0,73272071731.25673,0.0,0.0,0.0,0.0,0.0,0.0,0.0,0.0,0.0,0.0,0.0,0.0,0.0,0.0,0.0,0.0,0.0,11536091548849.648,0.0,0.0,23085721230.40525,0.0
394,33,0.0,0.0,0.0,0.0,0.0,0.0,0.0,0.0,0.0,0.0,0.0,0.0,0.0,0.0,0,0.0,0.0,0.0,0.0,0.0,0.0,0.0,0.0,0.0,0.0,0.0,0.0,0.0,0.0,0.0,0.0,0.0,0.0,73272071731.25673,7695240410.135082,0.0,73272071731.25673,0.0,0.0,0.0,0.0,0.0,0.0,0.0,0.0,0.0,0.0,0.0,0.0,0.0,0.0,0.0,0.0,0.0,11601668380170.771,0.0,0.0,23085721230.40525,0.0
395,33,0.0,0.0,0.0,0.0,0.0,0.0,0.0,0.0,0.0,0.0,0.0,0.0,0.0,0.0,0,0.0,0.0,0.0,0.0,0.0,0.0,0.0,0.0,0.0,0.0,0.0,0.0,0.0,0.0,0.0,0.0,0.0,0.0,73272071731.25673,7695240410.135082,0.0,73272071731.25673,0.0,0.0,0.0,0.0,0.0,0.0,0.0,0.0,0.0,0.0,0.0,0.0,0.0,0.0,0.0,0.0,0.0,11667245211491.895,0.0,0.0,23085721230.40525,0.0
396,34,0.0,0.0,0.0,0.0,0.0,0.0,0.0,0.0,0.0,0.0,0.0,0.0,0.0,0.0,0,0.0,0.0,0.0,0.0,0.0,0.0,0.0,0.0,0.0,0.0,0.0,0.0,0.0,0.0,0.0,0.0,0.0,0.0,76935675317.81956,8080002430.641836,0.0,76935675317.81956,0.0,0.0,0.0,0.0,0.0,0.0,0.0,0.0,0.0,0.0,0.0,0.0,0.0,0.0,0.0,0.0,0.0,11734946598317.55,1154286061.5202584,0.0,24240007291.925507,0.0
397,34,0.0,0.0,0.0,0.0,0.0,0.0,0.0,0.0,0.0,0.0,0.0,0.0,0.0,0.0,0,0.0,0.0,0.0,0.0,0.0,0.0,0.0,0.0,0.0,0.0,0.0,0.0,0.0,0.0,0.0,0.0,0.0,0.0,76935675317.81956,8080002430.641836,0.0,76935675317.81956,0.0,0.0,0.0,0.0,0.0,0.0,0.0,0.0,0.0,0.0,0.0,0.0,0.0,0.0,0.0,0.0,0.0,11803802271204.729,0.0,0.0,24240007291.925507,0.0
398,34,0.0,0.0,0.0,0.0,0.0,0.0,0.0,0.0,0.0,0.0,0.0,0.0,0.0,0.0,0,0.0,0.0,0.0,0.0,0.0,0.0,0.0,0.0,0.0,0.0,0.0,0.0,0.0,0.0,0.0,0.0,0.0,0.0,76935675317.81956,8080002430.641836,0.0,76935675317.81956,0.0,0.0,0.0,0.0,0.0,0.0,0.0,0.0,0.0,0.0,0.0,0.0,0.0,0.0,0.0,0.0,0.0,11872657944091.904,0.0,0.0,24240007291.925507,0.0
399,34,0.0,0.0,0.0,0.0,0.0,0.0,0.0,0.0,0.0,0.0,0.0,0.0,0.0,0.0,0,0.0,0.0,0.0,0.0,0.0,0.0,0.0,0.0,0.0,0.0,0.0,0.0,0.0,0.0,0.0,0.0,0.0,0.0,76935675317.81956,8080002430.641836,0.0,76935675317.81956,0.0,0.0,0.0,0.0,0.0,0.0,0.0,0.0,0.0,0.0,0.0,0.0,0.0,0.0,0.0,0.0,0.0,11941513616979.082,0.0,0.0,24240007291.925507,0.0
400,34,0.0,0.0,0.0,0.0,0.0,0.0,0.0,0.0,0.0,0.0,0.0,0.0,0.0,0.0,0,0.0,0.0,0.0,0.0,0.0,0.0,0.0,0.0,0.0,0.0,0.0,0.0,0.0,0.0,0.0,0.0,0.0,0.0,76935675317.81956,8080002430.641836,0.0,76935675317.81956,0.0,0.0,0.0,0.0,0.0,0.0,0.0,0.0,0.0,0.0,0.0,0.0,0.0,0.0,0.0,0.0,0.0,12010369289866.26,0.0,0.0,24240007291.925507,0.0
401,34,0.0,0.0,0.0,0.0,0.0,0.0,0.0,0.0,0.0,0.0,0.0,0.0,0.0,0.0,0,0.0,0.0,0.0,0.0,0.0,0.0,0.0,0.0,0.0,0.0,0.0,0.0,0.0,0.0,0.0,0.0,0.0,0.0,76935675317.81956,8080002430.641836,0.0,76935675317.81956,0.0,0.0,0.0,0.0,0.0,0.0,0.0,0.0,0.0,0.0,0.0,0.0,0.0,0.0,0.0,0.0,0.0,12079224962753.436,0.0,0.0,24240007291.925507,0.0
402,34,0.0,0.0,0.0,0.0,0.0,0.0,0.0,0.0,0.0,0.0,0.0,0.0,0.0,0.0,0,0.0,0.0,0.0,0.0,0.0,0.0,0.0,0.0,0.0,0.0,0.0,0.0,0.0,0.0,0.0,0.0,0.0,0.0,76935675317.81956,8080002430.641836,0.0,76935675317.81956,0.0,0.0,0.0,0.0,0.0,0.0,0.0,0.0,0.0,0.0,0.0,0.0,0.0,0.0,0.0,0.0,0.0,12148080635640.613,0.0,0.0,24240007291.925507,0.0
403,34,0.0,0.0,0.0,0.0,0.0,0.0,0.0,0.0,0.0,0.0,0.0,0.0,0.0,0.0,0,0.0,0.0,0.0,0.0,0.0,0.0,0.0,0.0,0.0,0.0,0.0,0.0,0.0,0.0,0.0,0.0,0.0,0.0,76935675317.81956,8080002430.641836,0.0,76935675317.81956,0.0,0.0,0.0,0.0,0.0,0.0,0.0,0.0,0.0,0.0,0.0,0.0,0.0,0.0,0.0,0.0,0.0,12216936308527.79,0.0,0.0,24240007291.925507,0.0
404,34,0.0,0.0,0.0,0.0,0.0,0.0,0.0,0.0,0.0,0.0,0.0,0.0,0.0,0.0,0,0.0,0.0,0.0,0.0,0.0,0.0,0.0,0.0,0.0,0.0,0.0,0.0,0.0,0.0,0.0,0.0,0.0,0.0,76935675317.81956,8080002430.641836,0.0,76935675317.81956,0.0,0.0,0.0,0.0,0.0,0.0,0.0,0.0,0.0,0.0,0.0,0.0,0.0,0.0,0.0,0.0,0.0,12285791981414.967,0.0,0.0,24240007291.925507,0.0
405,34,0.0,0.0,0.0,0.0,0.0,0.0,0.0,0.0,0.0,0.0,0.0,0.0,0.0,0.0,0,0.0,0.0,0.0,0.0,0.0,0.0,0.0,0.0,0.0,0.0,0.0,0.0,0.0,0.0,0.0,0.0,0.0,0.0,76935675317.81956,8080002430.641836,0.0,76935675317.81956,0.0,0.0,0.0,0.0,0.0,0.0,0.0,0.0,0.0,0.0,0.0,0.0,0.0,0.0,0.0,0.0,0.0,12354647654302.143,0.0,0.0,24240007291.925507,0.0
406,34,0.0,0.0,0.0,0.0,0.0,0.0,0.0,0.0,0.0,0.0,0.0,0.0,0.0,0.0,0,0.0,0.0,0.0,0.0,0.0,0.0,0.0,0.0,0.0,0.0,0.0,0.0,0.0,0.0,0.0,0.0,0.0,0.0,76935675317.81956,8080002430.641836,0.0,76935675317.81956,0.0,0.0,0.0,0.0,0.0,0.0,0.0,0.0,0.0,0.0,0.0,0.0,0.0,0.0,0.0,0.0,0.0,12423503327189.32,0.0,0.0,24240007291.925507,0.0
407,34,0.0,0.0,0.0,0.0,0.0,0.0,0.0,0.0,0.0,0.0,0.0,0.0,0.0,0.0,0,0.0,0.0,0.0,0.0,0.0,0.0,0.0,0.0,0.0,0.0,0.0,0.0,0.0,0.0,0.0,0.0,0.0,0.0,76935675317.81956,8080002430.641836,0.0,76935675317.81956,0.0,0.0,0.0,0.0,0.0,0.0,0.0,0.0,0.0,0.0,0.0,0.0,0.0,0.0,0.0,0.0,0.0,12492359000076.498,0.0,0.0,24240007291.925507,0.0
408,35,0.0,0.0,0.0,0.0,0.0,0.0,0.0,0.0,0.0,0.0,0.0,0.0,0.0,0.0,0,0.0,0.0,0.0,0.0,0.0,0.0,0.0,0.0,0.0,0.0,0.0,0.0,0.0,0.0,0.0,0.0,0.0,0.0,80782459083.71054,8484002552.173928,0.0,80782459083.71054,0.0,0.0,0.0,0.0,0.0,0.0,0.0,0.0,0.0,0.0,0.0,0.0,0.0,0.0,0.0,0.0,0.0,12563445456243.438,1212000364.5962756,0.0,25452007656.521782,0.0
409,35,0.0,0.0,0.0,0.0,0.0,0.0,0.0,0.0,0.0,0.0,0.0,0.0,0.0,0.0,0,0.0,0.0,0.0,0.0,0.0,0.0,0.0,0.0,0.0,0.0,0.0,0.0,0.0,0.0,0.0,0.0,0.0,0.0,80782459083.71054,8484002552.173928,0.0,80782459083.71054,0.0,0.0,0.0,0.0,0.0,0.0,0.0,0.0,0.0,0.0,0.0,0.0,0.0,0.0,0.0,0.0,0.0,12635743912774.973,0.0,0.0,25452007656.521782,0.0
410,35,0.0,0.0,0.0,0.0,0.0,0.0,0.0,0.0,0.0,0.0,0.0,0.0,0.0,0.0,0,0.0,0.0,0.0,0.0,0.0,0.0,0.0,0.0,0.0,0.0,0.0,0.0,0.0,0.0,0.0,0.0,0.0,0.0,80782459083.71054,8484002552.173928,0.0,80782459083.71054,0.0,0.0,0.0,0.0,0.0,0.0,0.0,0.0,0.0,0.0,0.0,0.0,0.0,0.0,0.0,0.0,0.0,12708042369306.51,0.0,0.0,25452007656.521782,0.0
411,35,0.0,0.0,0.0,0.0,0.0,0.0,0.0,0.0,0.0,0.0,0.0,0.0,0.0,0.0,0,0.0,0.0,0.0,0.0,0.0,0.0,0.0,0.0,0.0,0.0,0.0,0.0,0.0,0.0,0.0,0.0,0.0,0.0,80782459083.71054,8484002552.173928,0.0,80782459083.71054,0.0,0.0,0.0,0.0,0.0,0.0,0.0,0.0,0.0,0.0,0.0,0.0,0.0,0.0,0.0,0.0,0.0,12780340825838.047,0.0,0.0,25452007656.521782,0.0
412,35,0.0,0.0,0.0,0.0,0.0,0.0,0.0,0.0,0.0,0.0,0.0,0.0,0.0,0.0,0,0.0,0.0,0.0,0.0,0.0,0.0,0.0,0.0,0.0,0.0,0.0,0.0,0.0,0.0,0.0,0.0,0.0,0.0,80782459083.71054,8484002552.173928,0.0,80782459083.71054,0.0,0.0,0.0,0.0,0.0,0.0,0.0,0.0,0.0,0.0,0.0,0.0,0.0,0.0,0.0,0.0,0.0,12852639282369.582,0.0,0.0,25452007656.521782,0.0
413,35,0.0,0.0,0.0,0.0,0.0,0.0,0.0,0.0,0.0,0.0,0.0,0.0,0.0,0.0,0,0.0,0.0,0.0,0.0,0.0,0.0,0.0,0.0,0.0,0.0,0.0,0.0,0.0,0.0,0.0,0.0,0.0,0.0,80782459083.71054,8484002552.173928,0.0,80782459083.71054,0.0,0.0,0.0,0.0,0.0,0.0,0.0,0.0,0.0,0.0,0.0,0.0,0.0,0.0,0.0,0.0,0.0,12924937738901.12,0.0,0.0,25452007656.521782,0.0
414,35,0.0,0.0,0.0,0.0,0.0,0.0,0.0,0.0,0.0,0.0,0.0,0.0,0.0,0.0,0,0.0,0.0,0.0,0.0,0.0,0.0,0.0,0.0,0.0,0.0,0.0,0.0,0.0,0.0,0.0,0.0,0.0,0.0,80782459083.71054,8484002552.173928,0.0,80782459083.71054,0.0,0.0,0.0,0.0,0.0,0.0,0.0,0.0,0.0,0.0,0.0,0.0,0.0,0.0,0.0,0.0,0.0,12997236195432.656,0.0,0.0,25452007656.521782,0.0
415,35,0.0,0.0,0.0,0.0,0.0,0.0,0.0,0.0,0.0,0.0,0.0,0.0,0.0,0.0,0,0.0,0.0,0.0,0.0,0.0,0.0,0.0,0.0,0.0,0.0,0.0,0.0,0.0,0.0,0.0,0.0,0.0,0.0,80782459083.71054,8484002552.173928,0.0,80782459083.71054,0.0,0.0,0.0,0.0,0.0,0.0,0.0,0.0,0.0,0.0,0.0,0.0,0.0,0.0,0.0,0.0,0.0,13069534651964.191,0.0,0.0,25452007656.521782,0.0
416,35,0.0,0.0,0.0,0.0,0.0,0.0,0.0,0.0,0.0,0.0,0.0,0.0,0.0,0.0,0,0.0,0.0,0.0,0.0,0.0,0.0,0.0,0.0,0.0,0.0,0.0,0.0,0.0,0.0,0.0,0.0,0.0,0.0,80782459083.71054,8484002552.173928,0.0,80782459083.71054,0.0,0.0,0.0,0.0,0.0,0.0,0.0,0.0,0.0,0.0,0.0,0.0,0.0,0.0,0.0,0.0,0.0,13141833108495.729,0.0,0.0,25452007656.521782,0.0
417,35,0.0,0.0,0.0,0.0,0.0,0.0,0.0,0.0,0.0,0.0,0.0,0.0,0.0,0.0,0,0.0,0.0,0.0,0.0,0.0,0.0,0.0,0.0,0.0,0.0,0.0,0.0,0.0,0.0,0.0,0.0,0.0,0.0,80782459083.71054,8484002552.173928,0.0,80782459083.71054,0.0,0.0,0.0,0.0,0.0,0.0,0.0,0.0,0.0,0.0,0.0,0.0,0.0,0.0,0.0,0.0,0.0,13214131565027.266,0.0,0.0,25452007656.521782,0.0
418,35,0.0,0.0,0.0,0.0,0.0,0.0,0.0,0.0,0.0,0.0,0.0,0.0,0.0,0.0,0,0.0,0.0,0.0,0.0,0.0,0.0,0.0,0.0,0.0,0.0,0.0,0.0,0.0,0.0,0.0,0.0,0.0,0.0,80782459083.71054,8484002552.173928,0.0,80782459083.71054,0.0,0.0,0.0,0.0,0.0,0.0,0.0,0.0,0.0,0.0,0.0,0.0,0.0,0.0,0.0,0.0,0.0,13286430021558.8,0.0,0.0,25452007656.521782,0.0
419,35,0.0,0.0,0.0,0.0,0.0,0.0,0.0,0.0,0.0,0.0,0.0,0.0,0.0,0.0,0,0.0,0.0,0.0,0.0,0.0,0.0,0.0,0.0,0.0,0.0,0.0,0.0,0.0,0.0,0.0,0.0,0.0,0.0,80782459083.71054,8484002552.173928,0.0,80782459083.71054,0.0,0.0,0.0,0.0,0.0,0.0,0.0,0.0,0.0,0.0,0.0,0.0,0.0,0.0,0.0,0.0,0.0,13358728478090.338,0.0,0.0,25452007656.521782,0.0
420,36,0.0,0.0,0.0,0.0,0.0,0.0,0.0,0.0,0.0,0.0,0.0,0.0,0.0,0.0,0,0.0,0.0,0.0,0.0,0.0,0.0,0.0,0.0,0.0,0.0,0.0,0.0,0.0,0.0,0.0,0.0,0.0,0.0,84821582037.89609,8908202679.782627,0.0,84821582037.89609,0.0,0.0,0.0,0.0,0.0,0.0,0.0,0.0,0.0,0.0,0.0,0.0,0.0,0.0,0.0,0.0,0.0,13433369257065.625,1272600382.8261003,0.0,26724608039.347885,0.0
421,36,0.0,0.0,0.0,0.0,0.0,0.0,0.0,0.0,0.0,0.0,0.0,0.0,0.0,0.0,0,0.0,0.0,0.0,0.0,0.0,0.0,0.0,0.0,0.0,0.0,0.0,0.0,0.0,0.0,0.0,0.0,0.0,0.0,84821582037.89609,8908202679.782627,0.0,84821582037.89609,0.0,0.0,0.0,0.0,0.0,0.0,0.0,0.0,0.0,0.0,0.0,0.0,0.0,0.0,0.0,0.0,0.0,13509282636423.74,0.0,0.0,26724608039.347885,0.0
422,36,0.0,0.0,0.0,0.0,0.0,0.0,0.0,0.0,0.0,0.0,0.0,0.0,0.0,0.0,0,0.0,0.0,0.0,0.0,0.0,0.0,0.0,0.0,0.0,0.0,0.0,0.0,0.0,0.0,0.0,0.0,0.0,0.0,84821582037.89609,8908202679.782627,0.0,84821582037.89609,0.0,0.0,0.0,0.0,0.0,0.0,0.0,0.0,0.0,0.0,0.0,0.0,0.0,0.0,0.0,0.0,0.0,13585196015781.854,0.0,0.0,26724608039.347885,0.0
423,36,0.0,0.0,0.0,0.0,0.0,0.0,0.0,0.0,0.0,0.0,0.0,0.0,0.0,0.0,0,0.0,0.0,0.0,0.0,0.0,0.0,0.0,0.0,0.0,0.0,0.0,0.0,0.0,0.0,0.0,0.0,0.0,0.0,84821582037.89609,8908202679.782627,0.0,84821582037.89609,0.0,0.0,0.0,0.0,0.0,0.0,0.0,0.0,0.0,0.0,0.0,0.0,0.0,0.0,0.0,0.0,0.0,13661109395139.969,0.0,0.0,26724608039.347885,0.0
424,36,0.0,0.0,0.0,0.0,0.0,0.0,0.0,0.0,0.0,0.0,0.0,0.0,0.0,0.0,0,0.0,0.0,0.0,0.0,0.0,0.0,0.0,0.0,0.0,0.0,0.0,0.0,0.0,0.0,0.0,0.0,0.0,0.0,84821582037.89609,8908202679.782627,0.0,84821582037.89609,0.0,0.0,0.0,0.0,0.0,0.0,0.0,0.0,0.0,0.0,0.0,0.0,0.0,0.0,0.0,0.0,0.0,13737022774498.082,0.0,0.0,26724608039.347885,0.0
425,36,0.0,0.0,0.0,0.0,0.0,0.0,0.0,0.0,0.0,0.0,0.0,0.0,0.0,0.0,0,0.0,0.0,0.0,0.0,0.0,0.0,0.0,0.0,0.0,0.0,0.0,0.0,0.0,0.0,0.0,0.0,0.0,0.0,84821582037.89609,8908202679.782627,0.0,84821582037.89609,0.0,0.0,0.0,0.0,0.0,0.0,0.0,0.0,0.0,0.0,0.0,0.0,0.0,0.0,0.0,0.0,0.0,13812936153856.195,0.0,0.0,26724608039.347885,0.0
426,36,0.0,0.0,0.0,0.0,0.0,0.0,0.0,0.0,0.0,0.0,0.0,0.0,0.0,0.0,0,0.0,0.0,0.0,0.0,0.0,0.0,0.0,0.0,0.0,0.0,0.0,0.0,0.0,0.0,0.0,0.0,0.0,0.0,84821582037.89609,8908202679.782627,0.0,84821582037.89609,0.0,0.0,0.0,0.0,0.0,0.0,0.0,0.0,0.0,0.0,0.0,0.0,0.0,0.0,0.0,0.0,0.0,13888849533214.31,0.0,0.0,26724608039.347885,0.0
427,36,0.0,0.0,0.0,0.0,0.0,0.0,0.0,0.0,0.0,0.0,0.0,0.0,0.0,0.0,0,0.0,0.0,0.0,0.0,0.0,0.0,0.0,0.0,0.0,0.0,0.0,0.0,0.0,0.0,0.0,0.0,0.0,0.0,84821582037.89609,8908202679.782627,0.0,84821582037.89609,0.0,0.0,0.0,0.0,0.0,0.0,0.0,0.0,0.0,0.0,0.0,0.0,0.0,0.0,0.0,0.0,0.0,13964762912572.424,0.0,0.0,26724608039.347885,0.0
428,36,0.0,0.0,0.0,0.0,0.0,0.0,0.0,0.0,0.0,0.0,0.0,0.0,0.0,0.0,0,0.0,0.0,0.0,0.0,0.0,0.0,0.0,0.0,0.0,0.0,0.0,0.0,0.0,0.0,0.0,0.0,0.0,0.0,84821582037.89609,8908202679.782627,0.0,84821582037.89609,0.0,0.0,0.0,0.0,0.0,0.0,0.0,0.0,0.0,0.0,0.0,0.0,0.0,0.0,0.0,0.0,0.0,14040676291930.54,0.0,0.0,26724608039.347885,0.0
429,36,0.0,0.0,0.0,0.0,0.0,0.0,0.0,0.0,0.0,0.0,0.0,0.0,0.0,0.0,0,0.0,0.0,0.0,0.0,0.0,0.0,0.0,0.0,0.0,0.0,0.0,0.0,0.0,0.0,0.0,0.0,0.0,0.0,84821582037.89609,8908202679.782627,0.0,84821582037.89609,0.0,0.0,0.0,0.0,0.0,0.0,0.0,0.0,0.0,0.0,0.0,0.0,0.0,0.0,0.0,0.0,0.0,14116589671288.652,0.0,0.0,26724608039.347885,0.0
430,36,0.0,0.0,0.0,0.0,0.0,0.0,0.0,0.0,0.0,0.0,0.0,0.0,0.0,0.0,0,0.0,0.0,0.0,0.0,0.0,0.0,0.0,0.0,0.0,0.0,0.0,0.0,0.0,0.0,0.0,0.0,0.0,0.0,84821582037.89609,8908202679.782627,0.0,84821582037.89609,0.0,0.0,0.0,0.0,0.0,0.0,0.0,0.0,0.0,0.0,0.0,0.0,0.0,0.0,0.0,0.0,0.0,14192503050646.766,0.0,0.0,26724608039.347885,0.0
431,36,0.0,0.0,0.0,0.0,0.0,0.0,0.0,0.0,0.0,0.0,0.0,0.0,0.0,0.0,0,0.0,0.0,0.0,0.0,0.0,0.0,0.0,0.0,0.0,0.0,0.0,0.0,0.0,0.0,0.0,0.0,0.0,0.0,84821582037.89609,8908202679.782627,0.0,84821582037.89609,0.0,0.0,0.0,0.0,0.0,0.0,0.0,0.0,0.0,0.0,0.0,0.0,0.0,0.0,0.0,0.0,0.0,14268416430004.88,0.0,0.0,26724608039.347885,0.0
432,37,0.0,0.0,0.0,0.0,0.0,0.0,0.0,0.0,0.0,0.0,0.0,0.0,0.0,0.0,0,0.0,0.0,0.0,0.0,0.0,0.0,0.0,0.0,0.0,0.0,0.0,0.0,0.0,0.0,0.0,0.0,0.0,0.0,89062661139.79088,9353612813.771757,0.0,89062661139.79088,0.0,0.0,0.0,0.0,0.0,0.0,0.0,0.0,0.0,0.0,0.0,0.0,0.0,0.0,0.0,0.0,0.0,14346789247928.932,1336230401.967387,0.0,28060838441.31527,0.0
433,37,0.0,0.0,0.0,0.0,0.0,0.0,0.0,0.0,0.0,0.0,0.0,0.0,0.0,0.0,0,0.0,0.0,0.0,0.0,0.0,0.0,0.0,0.0,0.0,0.0,0.0,0.0,0.0,0.0,0.0,0.0,0.0,0.0,89062661139.79088,9353612813.771757,0.0,89062661139.79088,0.0,0.0,0.0,0.0,0.0,0.0,0.0,0.0,0.0,0.0,0.0,0.0,0.0,0.0,0.0,0.0,0.0,14426498296254.951,0.0,0.0,28060838441.31527,0.0
434,37,0.0,0.0,0.0,0.0,0.0,0.0,0.0,0.0,0.0,0.0,0.0,0.0,0.0,0.0,0,0.0,0.0,0.0,0.0,0.0,0.0,0.0,0.0,0.0,0.0,0.0,0.0,0.0,0.0,0.0,0.0,0.0,0.0,89062661139.79088,9353612813.771757,0.0,89062661139.79088,0.0,0.0,0.0,0.0,0.0,0.0,0.0,0.0,0.0,0.0,0.0,0.0,0.0,0.0,0.0,0.0,0.0,14506207344580.969,0.0,0.0,28060838441.31527,0.0
435,37,0.0,0.0,0.0,0.0,0.0,0.0,0.0,0.0,0.0,0.0,0.0,0.0,0.0,0.0,0,0.0,0.0,0.0,0.0,0.0,0.0,0.0,0.0,0.0,0.0,0.0,0.0,0.0,0.0,0.0,0.0,0.0,0.0,89062661139.79088,9353612813.771757,0.0,89062661139.79088,0.0,0.0,0.0,0.0,0.0,0.0,0.0,0.0,0.0,0.0,0.0,0.0,0.0,0.0,0.0,0.0,0.0,14585916392906.986,0.0,0.0,28060838441.31527,0.0
436,37,0.0,0.0,0.0,0.0,0.0,0.0,0.0,0.0,0.0,0.0,0.0,0.0,0.0,0.0,0,0.0,0.0,0.0,0.0,0.0,0.0,0.0,0.0,0.0,0.0,0.0,0.0,0.0,0.0,0.0,0.0,0.0,0.0,89062661139.79088,9353612813.771757,0.0,89062661139.79088,0.0,0.0,0.0,0.0,0.0,0.0,0.0,0.0,0.0,0.0,0.0,0.0,0.0,0.0,0.0,0.0,0.0,14665625441233.004,0.0,0.0,28060838441.31527,0.0
