month,year,capex_usd,government_usd_cash,government_iqd_cash,climate_capital_grant_iqd,private_equity_iqd,chinese_export_credit_draw_native,chinese_export_credit_interest_native,chinese_export_credit_principal_native,chinese_export_credit_fees_native,chinese_export_credit_closing_balance_native,domestic_bonds_draw_native,domestic_bonds_interest_native,domestic_bonds_principal_native,domestic_bonds_fees_native,domestic_bonds_closing_balance_native,bank_credit_draw_native,bank_credit_interest_native,bank_credit_principal_native,bank_credit_fees_native,bank_credit_closing_balance_native,green_bonds_draw_native,green_bonds_interest_native,green_bonds_principal_native,green_bonds_fees_native,green_bonds_closing_balance_native,chinese_export_credit_early_principal_native,chinese_export_credit_early_premium_native,domestic_bonds_early_principal_native,domestic_bonds_early_premium_native,bank_credit_early_principal_native,bank_credit_early_premium_native,green_bonds_early_principal_native,green_bonds_early_premium_native,revenue_iqd,opex_iqd,fare_receipts_iqd,nonfare_receipts_iqd,incremental_net_receipts_iqd,net_rights_receipts_iqd,core_interest_usd_equivalent,core_principal_usd_equivalent,core_fees_usd_equivalent,core_debt_service_usd_equivalent,early_core_principal_usd_equivalent,early_premiums_usd_equivalent,liquidity_draw_iqd,liquidity_interest_iqd,liquidity_draw_fee_iqd,liquidity_repayment_iqd,closing_liquidity_debt_iqd,uncovered_support_required_iqd,reserve_deposit_iqd_equivalent,reserve_release_iqd_equivalent,closing_reserve_iqd_equivalent,closing_project_cash_iqd,operating_buffer_deposit_iqd,operating_buffer_release_iqd,closing_operating_buffer_iqd,cash_balance_residual_usd
0,1,34654499.743125,3408772.054171875,6831308746.092187,0.0,9010169933.2125,3408772.054171875,7101.608446191406,0.0,41899.489832529296,3408772.054171875,0.0,0.0,0.0,0.0,0,20346563645.91094,76299613.67216602,0.0,203465636.4591094,20346563645.91094,0.0,0.0,0.0,0.0,0,0.0,0.0,0.0,0.0,0.0,0.0,0.0,0.0,0.0,0.0,0.0,0.0,0.0,0.0,65793.61896324219,0.0,198411.51787799806,65793.61896324219,0.0,0.0,345481989.49902326,287901.65791585273,1727409.9474951164,0.0,345481989.49902326,0.0,0.0,0.0,0.0,0.0,0.0,0.0,0.0,1.4901161193847656e-08
1,1,0.0,0.0,0.0,0.0,0.0,0.0,14203.216892382812,0.0,7811.769290810546,3408772.054171875,0.0,0.0,0.0,0.0,0,0.0,152599227.34433204,0.0,0.0,20346563645.91094,0.0,0.0,0.0,0.0,0,0.0,0.0,0.0,0.0,0.0,0.0,0.0,0.0,0.0,0.0,0.0,0.0,0.0,0.0,131587.23792648438,0.0,7811.769290810546,131587.23792648438,0.0,0.0,182861203.0494368,728187.6517062362,914306.0152471841,0.0,528343192.54846007,3.7834979593753815e-08,0.0,0.0,0.0,0.0,0.0,0.0,0.0,2.9103830456733704e-11
2,1,0.0,0.0,0.0,0.0,0.0,0.0,14203.216892382812,0.0,7811.769290810546,3408772.054171875,0.0,0.0,0.0,0.0,0,0.0,152599227.34433204,0.0,0.0,20346563645.91094,0.0,0.0,0.0,0.0,0,0.0,0.0,0.0,0.0,0.0,0.0,0.0,0.0,0.0,0.0,0.0,0.0,0.0,0.0,131587.23792648438,0.0,7811.769290810546,131587.23792648438,0.0,0.0,183167759.9698885,1033211.787555674,915838.7998494426,0.0,711510952.5183486,0.0,0.0,0.0,0.0,0.0,0.0,0.0,0.0,0.0
3,1,0.0,0.0,0.0,0.0,0.0,0.0,14203.216892382812,0.0,7811.769290810546,3408772.054171875,0.0,0.0,0.0,0.0,0,0.0,152599227.34433204,0.0,0.0,20346563645.91094,0.0,0.0,0.0,0.0,0,0.0,0.0,0.0,0.0,0.0,0.0,0.0,0.0,0.0,0.0,0.0,0.0,0.0,0.0,131587.23792648438,0.0,7811.769290810546,131587.23792648438,0.0,0.0,183474830.81644323,1338747.279877617,917374.1540822162,0.0,894985783.3347919,0.0,0.0,0.0,0.0,0.0,0.0,0.0,0.0,0.0
4,1,0.0,0.0,0.0,0.0,0.0,0.0,14203.216892382812,0.0,7811.769290810546,3408772.054171875,0.0,0.0,0.0,0.0,0,0.0,152599227.34433204,0.0,0.0,20346563645.91094,0.0,0.0,0.0,0.0,0,0.0,0.0,0.0,0.0,0.0,0.0,0.0,0.0,0.0,0.0,0.0,0.0,0.0,0.0,131587.23792648438,0.0,7811.769290810546,131587.23792648438,0.0,0.0,183782416.45067024,1644794.9859335453,918912.0822533513,0.0,1078768199.7854621,0.0,0.0,0.0,0.0,0.0,0.0,0.0,0.0,0.0
5,1,0.0,0.0,0.0,0.0,0.0,0.0,14203.216892382812,0.0,7811.769290810546,3408772.054171875,0.0,0.0,0.0,0.0,0,0.0,152599227.34433204,0.0,0.0,20346563645.91094,0.0,0.0,0.0,0.0,0,0.0,0.0,0.0,0.0,0.0,0.0,0.0,0.0,0.0,0.0,0.0,0.0,0.0,0.0,131587.23792648438,0.0,7811.769290810546,131587.23792648438,0.0,0.0,184090517.7355834,1951355.76442209,920452.588677917,0.0,1262858717.5210454,0.0,0.0,0.0,0.0,3.7834979593753815e-08,0.0,0.0,0.0,-2.9103830456733704e-11
6,1,0.0,0.0,0.0,0.0,0.0,0.0,14203.216892382812,0.0,7811.769290810546,3408772.054171875,0.0,0.0,0.0,0.0,0,0.0,152599227.34433204,0.0,0.0,20346563645.91094,0.0,0.0,0.0,0.0,0,0.0,0.0,0.0,0.0,0.0,0.0,0.0,0.0,0.0,0.0,0.0,0.0,0.0,0.0,131587.23792648438,0.0,7811.769290810546,131587.23792648438,0.0,0.0,184399135.535643,2258430.475481445,921995.6776782151,0.0,1447257853.0566885,0.0,0.0,0.0,0.0,0.0,0.0,0.0,0.0,-2.9103830456733704e-11
7,1,0.0,0.0,0.0,0.0,0.0,0.0,14203.216892382812,0.0,7811.769290810546,3408772.054171875,0.0,0.0,0.0,0.0,0,0.0,152599227.34433204,0.0,0.0,20346563645.91094,0.0,0.0,0.0,0.0,0,0.0,0.0,0.0,0.0,0.0,0.0,0.0,0.0,0.0,0.0,0.0,0.0,0.0,0.0,131587.23792648438,0.0,7811.769290810546,131587.23792648438,0.0,0.0,184708270.716759,2566019.98069178,923541.353583795,0.0,1631966123.7734475,0.0,0.0,0.0,0.0,3.7834979593753815e-08,0.0,0.0,0.0,0.0
8,1,0.0,0.0,0.0,0.0,0.0,0.0,14203.216892382812,0.0,7811.769290810546,3408772.054171875,0.0,0.0,0.0,0.0,0,0.0,152599227.34433204,0.0,0.0,20346563645.91094,0.0,0.0,0.0,0.0,0,0.0,0.0,0.0,0.0,0.0,0.0,0.0,0.0,0.0,0.0,0.0,0.0,0.0,0.0,131587.23792648438,0.0,7811.769290810546,131587.23792648438,0.0,0.0,185017924.14629245,2874125.1430776566,925089.6207314621,0.0,1816984047.91974,3.7834979593753815e-08,0.0,0.0,0.0,0.0,0.0,0.0,0.0,0.0
9,1,0.0,0.0,0.0,0.0,0.0,0.0,14203.216892382812,0.0,7811.769290810546,3408772.054171875,0.0,0.0,0.0,0.0,0,0.0,152599227.34433204,0.0,0.0,20346563645.91094,0.0,0.0,0.0,0.0,0,0.0,0.0,0.0,0.0,0.0,0.0,0.0,0.0,0.0,0.0,0.0,0.0,0.0,0.0,131587.23792648438,0.0,7811.769290810546,131587.23792648438,0.0,0.0,185328096.69305918,3182746.8271104493,926640.4834652959,0.0,2002312144.6127992,0.0,0.0,0.0,0.0,0.0,0.0,0.0,0.0,2.9103830456733704e-11
10,1,190599748.5871875,18748246.297945313,37572198103.50703,0.0,49555934632.66875,18748246.297945313,53262.06334643555,0.0,187482.46297945312,22157018.35211719,0.0,0.0,0.0,0.0,0,111906100052.51013,572247102.541245,0.0,1119061000.5251012,132252663698.42107,0.0,0.0,0.0,0.0,0,0.0,0.0,0.0,0.0,0.0,0.0,0.0,0.0,0.0,0.0,0.0,0.0,0.0,0.0,493452.1422243163,0.0,1048298.617229531,493452.1422243163,0.0,0.0,2019392966.5022862,5020014.379773237,10096964.83251143,0.0,4021705111.1150856,0.0,0.0,0.0,0.0,3.026798367500305e-07,0.0,0.0,0.0,-2.3283064365386963e-10
11,1,0.0,0.0,0.0,0.0,0.0,0.0,92320.90980048828,0.0,0.0,22157018.35211719,0.0,0.0,0.0,0.0,0,0.0,991894977.738158,0.0,0.0,132252663698.42107,0.0,0.0,0.0,0.0,0,0.0,0.0,0.0,0.0,0.0,0.0,0.0,0.0,0.0,0.0,0.0,0.0,0.0,0.0,855317.0465221483,0.0,0.0,855317.0465221483,0.0,0.0,1125178543.8363633,7640490.638388779,5625892.719181816,0.0,5146883654.951449,0.0,0.0,0.0,0.0,0.0,0.0,0.0,0.0,1.1641532182693481e-10
12,2,0.0,0.0,0.0,0.0,0.0,0.0,92320.90980048828,0.0,0.0,22157018.35211719,0.0,0.0,0.0,0.0,0,0.0,991894977.738158,0.0,0.0,132252663698.42107,0.0,0.0,0.0,0.0,0,0.0,0.0,0.0,0.0,0.0,0.0,0.0,0.0,0.0,0.0,0.0,0.0,0.0,0.0,855317.0465221483,0.0,0.0,855317.0465221483,0.0,0.0,1127064844.831898,9517360.128945664,5635324.22415949,0.0,6273948499.783347,0.0,0.0,0.0,0.0,0.0,0.0,0.0,0.0,1.1641532182693481e-10
13,2,0.0,0.0,0.0,0.0,0.0,0.0,92320.90980048828,0.0,0.0,22157018.35211719,0.0,0.0,0.0,0.0,0,0.0,991894977.738158,0.0,0.0,132252663698.42107,0.0,0.0,0.0,0.0,0,0.0,0.0,0.0,0.0,0.0,0.0,0.0,0.0,0.0,0.0,0.0,0.0,0.0,0.0,855317.0465221483,0.0,0.0,855317.0465221483,0.0,0.0,1128954308.109068,11397376.0897298,5644771.540545341,0.0,7402902807.892415,0.0,0.0,0.0,0.0,0.0,0.0,0.0,0.0,0.0
14,2,0.0,0.0,0.0,0.0,0.0,0.0,92320.90980048828,0.0,0.0,22157018.35211719,0.0,0.0,0.0,0.0,0,0.0,991894977.738158,0.0,0.0,132252663698.42107,0.0,0.0,0.0,0.0,0,0.0,0.0,0.0,0.0,0.0,0.0,0.0,0.0,0.0,0.0,0.0,0.0,0.0,0.0,855317.0465221483,0.0,0.0,855317.0465221483,0.0,0.0,1130846938.9692676,13280543.795628415,5654234.694846338,0.0,8533749746.861683,0.0,0.0,0.0,0.0,0.0,0.0,0.0,0.0,0.0
15,2,0.0,0.0,0.0,0.0,0.0,0.0,92320.90980048828,0.0,0.0,22157018.35211719,0.0,0.0,0.0,0.0,0,0.0,991894977.738158,0.0,0.0,132252663698.42107,0.0,0.0,0.0,0.0,0,0.0,0.0,0.0,0.0,0.0,0.0,0.0,0.0,0.0,0.0,0.0,0.0,0.0,0.0,855317.0465221483,0.0,0.0,855317.0465221483,0.0,0.0,1132742742.7227786,15166868.530371785,5663713.713613893,0.0,9666492489.584461,0.0,0.0,0.0,0.0,0.0,0.0,0.0,0.0,0.0
16,2,0.0,0.0,0.0,0.0,0.0,0.0,92320.90980048828,0.0,0.0,22157018.35211719,0.0,0.0,0.0,0.0,0,0.0,991894977.738158,0.0,0.0,132252663698.42107,0.0,0.0,0.0,0.0,0,0.0,0.0,0.0,0.0,0.0,0.0,0.0,0.0,0.0,0.0,0.0,0.0,0.0,0.0,855317.0465221483,0.0,0.0,855317.0465221483,0.0,0.0,1134641724.6887848,17056355.586548094,5673208.623443924,0.0,10801134214.273247,0.0,0.0,0.0,0.0,1.5133991837501526e-07,0.0,0.0,0.0,-1.1641532182693481e-10
17,2,0.0,0.0,0.0,0.0,0.0,0.0,92320.90980048828,0.0,0.0,22157018.35211719,0.0,0.0,0.0,0.0,0,0.0,991894977.738158,0.0,0.0,132252663698.42107,0.0,0.0,0.0,0.0,0,0.0,0.0,0.0,0.0,0.0,0.0,0.0,0.0,0.0,67941983.2,0.0,0.0,0.0,0.0,855317.0465221483,0.0,0.0,855317.0465221483,0.0,0.0,1409906437.8567457,19176812.388669368,7049532.1892837295,0.0,12211040652.129992,0.0,0.0,0.0,0.0,0.0,203825949.59999996,0.0,203825949.59999996,0.0
18,2,0.0,0.0,0.0,0.0,0.0,0.0,92320.90980048828,0.0,0.0,22157018.35211719,0.0,0.0,0.0,0.0,0,0.0,991894977.738158,1135928478.6042857,0.0,131116735219.81677,0.0,0.0,0.0,0.0,0,0.0,0.0,0.0,0.0,0.0,0.0,0.0,0.0,78557918.075,94707009.15,0.0,78557918.075,0.0,0.0,855317.0465221483,873791.1373879121,0.0,1729108.1839100604,0.0,0.0,15948108106.709236,33641824.50914101,79740540.53354618,0.0,28159148758.839226,0.0,13487043834.49847,0.0,13487043834.49847,0.0,83692177.01000005,0.0,287518126.61,-1.862645149230957e-09
19,2,103963499.229375,10226316.162515625,20493926238.27656,0.0,27030509799.637505,10226316.162515625,113625.73513906251,0.0,102973.32246977539,32383334.514632814,0.0,0.0,0.0,0.0,0,61039690937.73281,1212274355.165124,1144447942.193818,610396909.3773282,191011978215.35577,0.0,0.0,0.0,0.0,0,0.0,0.0,0.0,0.0,0.0,0.0,0.0,0.0,109504979.3296875,563094920.0500001,0.0,109504979.3296875,0.0,0.0,1046144.4698814655,880344.5709183216,572509.4066061816,1926489.0407997873,0.0,0.0,6737994572.18123,52546910.07488307,33689972.86090615,0.0,34897143331.02046,1.210719347000122e-06,1539570683.7398698,0.0,15026614518.23834,0.0,1409899083.1575,0.0,1697417209.7675002,0.0
20,2,0.0,0.0,0.0,0.0,0.0,0.0,134930.56047763673,0.0,710.1608446191407,32383334.514632814,0.0,0.0,0.0,0.0,0,0.0,1432589836.6151683,1677305984.193019,0.0,189334672231.16275,0.0,0.0,0.0,0.0,0,0.0,0.0,0.0,0.0,0.0,0.0,0.0,0.0,651078501.3078126,301621237.4500001,0.0,651078501.3078126,0.0,0.0,1236922.7424893046,1290235.3724561683,710.1608446191407,2527158.114945473,0.0,0.0,6964512197.914358,63965665.71662939,34822560.98957179,0.0,41861655528.93482,0.0,4685218778.3363495,0.0,19711833296.57469,1.210719347000122e-06,0.0,756266301.7975,941150907.9700001,-9.313225746154785e-10
21,2,0.0,0.0,0.0,0.0,0.0,0.0,134930.56047763673,0.0,710.1608446191407,32383334.514632814,0.0,0.0,0.0,0.0,0,0.0,1420010041.7337208,1689885779.0744662,0.0,187644786452.0883,0.0,0.0,0.0,0.0,0,0.0,0.0,0.0,0.0,0.0,0.0,0.0,0.0,348749555.8015626,574418584.35,0.0,348749555.8015626,0.0,0.0,1227245.9771958834,1299912.1377495895,710.1608446191407,2527158.1149454727,0.0,0.0,4441046419.644199,73470297.89792821,22205232.098220997,0.0,46302701948.57902,0.0,0.0,4.842877388000488e-06,19711833296.574684,6.05359673500061e-07,833473102.5724998,0.0,1774624010.5425,-4.656612873077393e-10
22,2,0.0,0.0,0.0,0.0,0.0,0.0,134930.56047763673,0.0,710.1608446191407,32383334.514632814,0.0,0.0,0.0,0.0,0,0.0,1407335898.3906622,1702559922.4175248,0.0,185942226529.67078,0.0,0.0,0.0,0.0,0,0.0,0.0,0.0,0.0,0.0,0.0,0.0,0.0,664171488.1546875,336621643.8,0.0,664171488.1546875,0.0,0.0,1217496.6361627616,1309661.4787827113,710.1608446191407,2527158.1149454727,0.0,0.0,2364975884.3127203,79141983.15122563,11824879.421563603,0.0,48667677832.89174,0.0,0.0,0.0,19711833296.574684,3.026798367500305e-07,0.0,684669892.4324999,1089954118.1100001,-6.984919309616089e-10
23,2,17327249.8715625,1704386.0270859376,3415654373.0460935,0.0,4505084966.60625,1704386.0270859376,138481.36470073243,0.0,17043.860270859375,34087720.54171875,0.0,0.0,0.0,0.0,0,10173281822.95547,1432716505.8086138,1715329121.8356564,101732818.2295547,194400179230.7906,0.0,0.0,0.0,0.0,0,0.0,0.0,0.0,0.0,0.0,0.0,0.0,0.0,389218775.6437501,0.0,0.0,389218775.6437501,0.0,0.0,1240570.9845535124,1319483.9398735818,95299.87429359375,2560054.924427094,0.0,0.0,2421542186.583011,83130748.21030542,12107710.932915056,0.0,51089220019.47475,0.0,256595113.95664698,0.0,19968428410.531334,0.0,0.0,993033849.2100002,96920268.89999995,0.0
24,3,0.0,0.0,0.0,0.0,0.0,0.0,142032.16892382814,0.0,0.0,34087720.54171875,0.0,0.0,0.0,0.0,0,0.0,1458001344.2309294,1815573203.988215,0.0,192584606026.80237,0.0,0.0,0.0,0.0,0,0.0,0.0,0.0,0.0,0.0,0.0,0.0,0.0,0.0,1199278947.75,0.0,0.0,0.0,0.0,1263571.6644860813,1396594.7722986268,0.0,2660166.4367847084,0.0,0.0,9174870734.52671,92794425.6445635,45874353.67263355,0.0,60264090754.001465,0.0,780869796.3893917,0.0,20749298206.920723,0.0,3597836843.2500005,0.0,3694757112.15,0.0
25,3,0.0,0.0,0.0,0.0,0.0,0.0,142032.16892382814,0.0,0.0,34087720.54171875,0.0,0.0,0.0,0.0,0,0.0,1444384545.2010179,1829190003.0181265,0.0,190755416023.78427,0.0,0.0,0.0,0.0,0,0.0,0.0,0.0,0.0,0.0,0.0,0.0,0.0,1396035650.1152346,1476193999.1499991,0.0,1396035650.1152346,0.0,0.0,1253097.2036938418,1407069.2330908666,0.0,2660166.4367847084,0.0,0.0,4556101226.855711,104236902.27904887,22780506.134278554,0.0,64820191980.85718,0.0,0.0,0.0,20749298206.920723,0.0,890709101.5874975,0.0,4585466213.737497,9.313225746154785e-10
26,3,0.0,0.0,0.0,0.0,0.0,0.0,142032.16892382814,0.0,0.0,34087720.54171875,0.0,0.0,0.0,0.0,0,0.0,1430665620.178382,1842908928.0407624,0.0,188912507095.7435,0.0,0.0,0.0,0.0,0,0.0,0.0,0.0,0.0,0.0,0.0,0.0,0.0,1718382077.135546,5209914845.85,0.0,1718382077.135546,0.0,0.0,1242544.1844456603,1417622.252339048,0.0,2660166.4367847084,0.0,0.0,18440323584.134293,123400589.62154053,92201617.92067146,0.0,83260515564.99147,0.0,0.0,0.0,20749298206.920723,0.0,11274972240.057507,0.0,15860438453.795004,0.0
27,3,0.0,0.0,0.0,0.0,0.0,0.0,142032.16892382814,0.0,0.0,34087720.54171875,0.0,0.0,0.0,0.0,0,0.0,1416843803.2180762,1856730745.001068,0.0,187055776350.74243,0.0,0.0,0.0,0.0,0,0.0,0.0,0.0,0.0,0.0,0.0,0.0,0.0,6064666500.247267,14618850103.650007,0.0,6064666500.247267,0.0,0.0,1231912.0175531174,1428254.4192315908,0.0,2660166.4367847084,0.0,0.0,40876917699.43709,172831624.02451673,204384588.49718547,0.0,124137433264.42856,0.0,0.0,0.0,20749298206.920723,4.842877388000488e-06,28487301515.692524,0.0,44347739969.487526,-3.725290298461914e-09
28,3,0.0,0.0,0.0,0.0,0.0,0.0,142032.16892382814,0.0,0.0,34087720.54171875,0.0,0.0,0.0,0.0,0,0.0,1402918322.6305683,1870656225.588576,0.0,185185120125.15387,0.0,0.0,0.0,0.0,0,0.0,0.0,0.0,0.0,0.0,0.0,0.0,0.0,17017255198.780087,20741864105.949974,0.0,17017255198.780087,0.0,0.0,1221200.1094088806,1438966.3273758278,0.0,2660166.4367847084,0.0,0.0,26645135466.06516,229100001.6624352,133225677.3303258,0.0,150782568730.4937,0.0,0.0,0.0,20749298206.920723,0.0,19099984512.082397,0.0,63447724481.56992,0.0
29,3,0.0,0.0,0.0,0.0,0.0,0.0,142032.16892382814,0.0,0.0,34087720.54171875,0.0,0.0,0.0,0.0,0,0.0,1388888400.938654,1884686147.2804904,0.0,183300433977.87338,0.0,0.0,0.0,0.0,0,0.0,0.0,0.0,0.0,0.0,0.0,0.0,0.0,24144826185.83239,28605633951.69983,0.0,24144826185.83239,0.0,0.0,1210407.861953562,1449758.5748311465,0.0,2660166.4367847084,0.0,0.0,32991179705.735588,278796930.9722692,164955898.52867794,0.0,183773748436.2293,0.0,0.0,0.0,20749298206.920723,0.0,24628402742.547077,0.0,88076127224.117,0.0
30,3,0.0,0.0,0.0,0.0,0.0,0.0,142032.16892382814,0.0,0.0,34087720.54171875,0.0,0.0,0.0,0.0,0,0.0,1374753254.8340504,1898821293.3850942,0.0,181401612684.48828,0.0,0.0,0.0,0.0,0,0.0,0.0,0.0,0.0,0.0,0.0,0.0,0.0,33298745771.900585,35653070535.54979,0.0,33298745771.900585,0.0,0.0,1199534.6726423283,1460631.76414238,0.0,2660166.436784709,0.0,0.0,28859770824.474,330339389.74744385,144298854.12236997,0.0,212633519260.7033,0.0,4.842877388000488e-06,0.0,20749298206.92073,0.0,22572591449.134857,0.0,110648718673.25186,-7.450580596923828e-09
31,3,0.0,0.0,0.0,0.0,0.0,0.0,142032.16892382814,0.0,0.0,34087720.54171875,0.0,0.0,0.0,0.0,0,0.0,1360512095.133662,1913062453.0854824,0.0,179488550231.4028,0.0,0.0,0.0,0.0,0,0.0,0.0,0.0,0.0,0.0,0.0,0.0,0.0,41502402420.28843,37748977759.349815,0.0,41502402420.28843,0.0,0.0,1188579.9344112603,1471586.5023734479,0.0,2660166.4367847084,0.0,0.0,8177256768.308697,361203579.4080961,40886283.84154348,0.0,220810776029.012,0.0,0.0,4.842877388000488e-06,20749298206.920723,0.0,8070375198.177554,0.0,118719093871.42941,-7.450580596923828e-09
32,3,0.0,0.0,0.0,0.0,0.0,0.0,142032.16892382814,0.0,0.0,34087720.54171875,0.0,0.0,0.0,0.0,0,0.0,1346164126.7355208,1927410421.4836233,0.0,177561139809.91916,0.0,0.0,0.0,0.0,0,0.0,0.0,0.0,0.0,0.0,0.0,0.0,0.0,43942169422.99315,41293284566.9498,0.0,43942169422.99315,0.0,0.0,1177543.0356434595,1482623.4011412486,0.0,2660166.4367847084,0.0,0.0,13778090979.97577,379499702.53166646,68890454.89987886,0.0,234588867008.9878,0.0,0.0,0.0,20749298206.920723,2.421438694000244e-06,12520369310.767456,0.0,131239463182.19687,5.587935447692871e-09
33,3,0.0,0.0,0.0,0.0,0.0,0.0,142032.16892382814,0.0,0.0,34087720.54171875,0.0,0.0,0.0,0.0,0,0.0,1331708548.5743937,1941865999.6447506,0.0,173103593198.50943,0.0,0.0,0.0,0.0,0,0.0,0.0,0.0,0.0,2515680611.764986,25156806.11764986,0.0,0.0,48067964066.215004,40873279576.999794,0.0,48067964066.215004,0.0,0.0,1166423.3601349003,1493743.076649808,0.0,2660166.4367847084,1935138.9321269123,19351.389321269122,0.0,390981445.01497966,0.0,0.0,234588867008.9878,0.0,0.0,0.0,20749298206.920723,0.0,804649258.4974706,0.0,132044112440.69434,7.450580596923828e-09
34,3,0.0,0.0,0.0,0.0,0.0,0.0,142032.16892382814,0.0,0.0,34087720.54171875,0.0,0.0,0.0,0.0,0,0.0,1298276948.9888208,1975297599.2303236,0.0,164619813094.01532,0.0,0.0,0.0,0.0,0,0.0,0.0,0.0,0.0,6508482505.263795,65084825.05263795,0.0,0.0,47579052007.60132,39433115404.149796,0.0,47579052007.60132,0.0,0.0,1140706.745069075,1519459.6917156335,0.0,2660166.4367847084,5006525.004049073,50065.25004049073,0.0,390981445.01497966,0.0,0.0,234588867008.9878,0.0,0.0,0.0,20749298206.920723,0.0,0.0,2276828539.7000074,129767283900.99432,0.0
35,3,0.0,0.0,0.0,0.0,0.0,0.0,142032.16892382814,0.0,0.0,34087720.54171875,0.0,0.0,0.0,0.0,0,0.0,1234648598.2051148,2038925950.0140295,0.0,162580887144.00128,0.0,0.0,0.0,0.0,0,0.0,0.0,0.0,0.0,0.0,0.0,0.0,0.0,45902610900.14312,40578864310.39981,0.0,45902610900.14312,0.0,0.0,1091761.8598508395,1568404.576933869,0.0,2660166.4367847084,0.0,0.0,3957438771.5500207,394279310.657938,19787193.857750103,0.0,238546305780.5378,0.0,0.0,0.0,20749298206.920723,0.0,5408902488.957524,0.0,135176186389.95186,0.0
36,4,0.0,0.0,0.0,0.0,0.0,0.0,142032.16892382814,0.0,0.0,34087720.54171875,0.0,0.0,0.0,0.0,0,0.0,1219356653.5800095,2054217894.639135,0.0,160526669249.36215,0.0,0.0,0.0,0.0,0,0.0,0.0,0.0,0.0,0.0,0.0,0.0,0.0,47569207732.621025,42480210421.99981,0.0,47569207732.621025,0.0,0.0,1079998.8255238354,1580167.611260873,0.0,2660166.4367847084,0.0,0.0,6537915624.965445,403025439.3217009,32689578.124827225,0.0,245084221405.50323,0.0,0.0,0.0,20749298206.920723,1.210719347000122e-06,7732981550.32001,0.0,142909167940.27185,-8.381903171539307e-09
37,4,0.0,0.0,0.0,0.0,0.0,0.0,142032.16892382814,0.0,0.0,34087720.54171875,0.0,0.0,0.0,0.0,0,0.0,1203950019.3702161,2069624528.848928,0.0,147268689210.79575,0.0,0.0,0.0,0.0,0,0.0,0.0,0.0,0.0,11188355509.717484,111883555.09717484,0.0,0.0,49798090420.47712,39986945507.599815,0.0,49798090420.47712,0.0,0.0,1068147.5684393789,1592018.8683453293,0.0,2660166.4367847084,8606427.315167295,86064.27315167295,0.0,408473702.34250534,0.0,0.0,245084221405.50323,0.0,0.0,0.0,20749298206.920723,0.0,0.0,5355784222.099987,137553383718.17188,7.450580596923828e-09
38,4,0.0,0.0,0.0,0.0,0.0,0.0,142032.16892382814,0.0,0.0,34087720.54171875,0.0,0.0,0.0,0.0,0,0.0,1104515169.0809681,1841701924.3162615,0.0,145426987286.4795,0.0,0.0,0.0,0.0,0,0.0,0.0,0.0,0.0,0.0,0.0,0.0,0.0,46875321667.30745,41485786841.8498,0.0,46875321667.30745,0.0,0.0,991659.2220630344,1416693.7879355857,0.0,2408353.0099986205,0.0,0.0,2697258346.100424,410721417.63092244,13486291.73050212,0.0,247781479751.60367,0.0,0.0,1964144728.9314845,18785153477.98924,0.0,6495871278.129928,0.0,144049254996.30182,0.0
39,4,0.0,0.0,0.0,0.0,0.0,0.0,142032.16892382814,0.0,0.0,34087720.54171875,0.0,0.0,0.0,0.0,0,0.0,1090702404.648596,1855514688.7486336,0.0,138935222406.723,0.0,0.0,0.0,0.0,0,4.610507795126131e-10,4.610507795126131e-12,0.0,0.0,4636250191.007859,46362501.91007859,0.0,0.0,48632361840.777824,40697248071.34981,0.0,48632361840.777824,0.0,0.0,981034.0186535175,1427318.991345103,0.0,2408353.0099986205,3566346.300775277,35663.46300775277,0.0,412969132.9193395,0.0,0.0,247781479751.60367,0.0,0.0,0.0,18785153477.98924,0.0,0.0,291326969.4074705,143757928026.89435,0.0
40,4,0.0,0.0,0.0,0.0,0.0,0.0,142032.16892382814,0.0,0.0,34087720.54171875,0.0,0.0,0.0,0.0,0,0.0,1042014168.0504224,1904202925.3468075,0.0,133802996298.89494,0.0,0.0,0.0,0.0,0,0.0,0.0,0.0,0.0,3228023182.48125,32280231.824812498,0.0,0.0,47707984946.14093,40240183824.099815,0.0,47707984946.14093,0.0,0.0,943581.5289626146,1464771.4810360058,0.0,2408353.0099986205,2483094.7557548075,24830.947557548076,0.0,412969132.9193395,0.0,0.0,247781479751.60367,0.0,0.0,0.0,18785153477.98924,0.0,663669661.817503,0.0,144421597688.71185,7.450580596923828e-09
41,4,0.0,0.0,0.0,0.0,0.0,0.0,142032.16892382814,0.0,0.0,34087720.54171875,0.0,0.0,0.0,0.0,0,0.0,1003522472.2417121,1942694621.1555176,0.0,131860301677.73944,0.0,0.0,0.0,0.0,0,0.0,0.0,0.0,0.0,0.0,0.0,0.0,0.0,47172184240.67326,42292855242.29983,0.0,47172184240.67326,0.0,0.0,913972.5321866836,1494380.4778119365,0.0,2408353.0099986205,0.0,0.0,6874624469.420758,418697986.64385676,34373122.34710379,0.0,254656104221.0244,0.0,0.0,0.0,18785153477.98924,0.0,8170023445.805028,0.0,152591621134.51688,0.0
42,4,0.0,0.0,0.0,0.0,0.0,0.0,142032.16892382814,0.0,0.0,34087720.54171875,0.0,0.0,0.0,0.0,0,0.0,988952262.5830457,1957264830.8141842,0.0,125237508179.5314,0.0,0.0,0.0,0.0,0,4.610507795126131e-10,4.610507795126131e-12,0.0,0.0,4665528667.393838,46655286.67393838,0.0,0.0,49578460383.64913,41518728410.24982,0.0,49578460383.64913,0.0,0.0,902764.6786030941,1505588.3313955262,0.0,2408353.0099986205,3588868.205687568,35888.68205687568,0.0,424426840.36837405,0.0,0.0,254656104221.0244,0.0,0.0,0.0,18785153477.98924,0.0,0.0,207737734.0350464,152383883400.4818,0.0
43,4,0.0,0.0,0.0,0.0,0.0,0.0,142032.16892382814,0.0,0.0,34087720.54171875,0.0,0.0,0.0,0.0,0,0.0,939281311.3464855,2006935782.0507443,0.0,115902753221.91849,0.0,0.0,0.0,0.0,0,0.0,0.0,0.0,0.0,7327819175.562173,73278191.75562173,0.0,0.0,48670978109.04676,40048710949.64983,0.0,48670978109.04676,0.0,0.0,864556.2545749708,1543796.7554236494,0.0,2408353.0099986205,5636783.981201671,56367.83981201672,0.0,424426840.36837405,0.0,0.0,254656104221.0244,0.0,0.0,0.0,18785153477.98924,0.0,0.0,2334115961.287445,150049767439.19437,0.0
44,4,0.0,0.0,0.0,0.0,0.0,0.0,142032.16892382814,0.0,0.0,34087720.54171875,0.0,0.0,0.0,0.0,0,0.0,869270649.1643887,2076946444.2328413,0.0,113825806777.68565,0.0,0.0,0.0,0.0,0,0.0,0.0,0.0,0.0,0.0,0.0,0.0,0.0,46947727171.8356,40789896240.599846,0.0,46947727171.8356,0.0,0.0,810701.899050281,1597651.1109483393,0.0,2408353.0099986205,0.0,0.0,1632971911.9497395,425787650.2949988,8164859.559748697,0.0,256289076132.97412,0.0,0.0,0.0,18785153477.98924,0.0,4225991420.3325405,0.0,154275758859.52692,0.0
45,4,0.0,0.0,0.0,0.0,0.0,0.0,142032.16892382814,0.0,0.0,34087720.54171875,0.0,0.0,0.0,0.0,0,0.0,853693550.8326424,2092523542.5645874,0.0,111733283235.12106,0.0,0.0,0.0,0.0,0,0.0,0.0,0.0,0.0,0.0,0.0,0.0,0.0,47816593210.17193,42194030537.099846,0.0,47816593210.17193,0.0,0.0,798719.5157181685,1609633.494280452,0.0,2408353.0099986205,0.0,0.0,4211911887.6892195,430658386.79469794,21059559.438446097,0.0,260500988020.66336,0.0,0.0,0.0,18785153477.98924,0.0,6251897701.529956,0.0,160527656561.0569,0.0
46,4,0.0,0.0,0.0,0.0,0.0,0.0,142032.16892382814,0.0,0.0,34087720.54171875,0.0,0.0,0.0,0.0,0,0.0,837999624.2634078,2108217469.133822,0.0,96660137989.8273,0.0,0.0,0.0,0.0,0,1.8442031180504525e-09,1.8442031180504525e-11,0.0,0.0,12964927776.159945,129649277.76159945,0.0,0.0,49462611578.84244,39318849345.74986,0.0,49462611578.84244,0.0,0.0,786647.264511065,1621705.7454875554,0.0,2408353.0099986205,9973021.366276883,99730.21366276882,0.0,434168313.3677723,0.0,0.0,260500988020.66336,0.0,0.0,0.0,18785153477.98924,0.0,0.0,6515842047.194952,154011814513.8619,7.450580596923828e-09
47,4,0.0,0.0,0.0,0.0,0.0,0.0,142032.1689238281,0.0,0.0,34087720.54171875,0.0,0.0,0.0,0.0,0,0.0,724951034.9237047,2221266058.473525,0.0,94438871931.35378,0.0,0.0,0.0,0.0,0,0.0,0.0,0.0,0.0,0.0,0.0,0.0,0.0,46092135502.57631,42446239424.54985,0.0,46092135502.57631,0.0,0.0,699686.8111728318,1708666.1988257885,0.0,2408353.0099986205,0.0,0.0,11333355090.052273,443612775.9428158,56666775.45026137,0.0,271834343110.71564,0.0,0.0,0.0,18785153477.98924,2.421438694000244e-06,11348112703.687447,0.0,165359927217.54938,-9.313225746154785e-09
48,5,0.0,0.0,0.0,0.0,0.0,0.0,142032.1689238281,0.0,0.0,34087720.54171875,0.0,0.0,0.0,0.0,0,0.0,708291539.4851533,2237925553.9120765,0.0,83558827319.82333,0.0,0.0,0.0,0.0,0,0.0,0.0,0.0,0.0,8642119057.618355,86421190.57618354,0.0,0.0,50123868786.08806,40756954672.19987,0.0,50123868786.08806,0.0,0.0,686871.8146816383,1721481.195316982,0.0,2408353.0099986205,6647783.890475658,66477.83890475657,0.0,453057238.5178594,0.0,0.0,271834343110.71564,0.0,0.0,0.0,18785153477.98924,0.0,0.0,2945542285.822417,162414384931.72696,0.0
49,5,0.0,0.0,0.0,0.0,0.0,0.0,142032.1689238281,12753.135262155278,0.0,34074967.40645659,0.0,0.0,0.0,0.0,0,0.0,626691204.898675,2319525888.4985547,0.0,75621761056.49634,0.0,0.0,0.0,0.0,0,0.0,0.0,0.0,0.0,5617540374.828444,56175403.74828444,0.0,0.0,48129028055.388214,39747089719.34986,0.0,48129028055.388214,0.0,0.0,624102.3265381935,1797003.818722582,0.0,2421106.1452607755,4321184.903714187,43211.849037141874,0.0,453057238.5178594,0.0,0.0,271834343110.71564,0.0,99474455.0448088,0.0,18884627933.03405,0.0,0.0,991747124.9400526,161422637806.7869,0.0
50,5,0.0,0.0,0.0,0.0,0.0,0.0,141979.0308602358,12806.273325747592,0.0,34062161.13313085,0.0,0.0,0.0,0.0,0,0.0,567163207.9237224,2379053885.473507,0.0,73242707171.02283,0.0,0.0,0.0,0.0,0,0.0,0.0,0.0,0.0,0.0,0.0,0.0,0.0,46936499834.40649,41601082321.499855,0.0,46936499834.40649,0.0,0.0,578258.4215707914,1842847.7236899836,0.0,2421106.145260775,0.0,0.0,5848526410.931469,457931010.526969,29242632.054657348,0.0,277682869521.6471,0.0,0.0,4.842877388000488e-06,18884627933.034042,0.0,7549332292.417473,0.0,168971970099.20438,0.0
51,5,0.0,0.0,0.0,0.0,0.0,0.0,141925.6713880452,12859.632797938208,0.0,34049301.50033291,0.0,0.0,0.0,0.0,0,0.0,549320303.7826711,2396896789.614559,0.0,70845810381.40826,0.0,0.0,0.0,0.0,0,0.0,0.0,0.0,0.0,0.0,0.0,0.0,0.0,49125840590.62896,42545064129.749855,0.0,49125840590.62896,0.0,0.0,564479.7512208691,1856626.3940399068,0.0,2421106.1452607755,0.0,0.0,1952857520.1887734,464432163.80290246,9764287.600943867,0.0,279635727041.8359,0.0,4.842877388000488e-06,0.0,18884627933.03405,0.0,4911999540.825018,0.0,173883969640.0294,7.450580596923828e-09
52,5,0.0,0.0,0.0,0.0,0.0,0.0,141872.08958472044,12913.214601262951,0.0,34036388.28573164,0.0,0.0,0.0,0.0,0,0.0,531343577.8605619,2414873515.536668,0.0,52287447418.21908,0.0,0.0,0.0,0.0,0,0.0,0.0,0.0,0.0,16143489447.652514,161434894.47652513,0.0,0.0,50240568795.875114,38957521525.64986,0.0,50240568795.875114,0.0,0.0,550597.9187082297,1870508.2265525458,0.0,2421106.1452607755,12418068.805886548,124180.68805886549,0.0,466059545.0697264,0.0,0.0,279635727041.8359,0.0,0.0,0.0,18884627933.03405,0.0,0.0,8635374605.812511,165248595034.2169,0.0
53,5,0.0,0.0,0.0,0.0,0.0,0.0,141818.28452388186,12967.019662101548,0.0,34023421.26606954,0.0,0.0,0.0,0.0,0,0.0,392155855.63664305,2554061237.7605867,0.0,49733386180.45849,0.0,0.0,0.0,0.0,0,0.0,0.0,0.0,0.0,0.0,0.0,0.0,0.0,46004115409.420235,41612406002.69987,0.0,46004115409.420235,0.0,0.0,443476.6350136073,1977629.5102471681,0.0,2421106.1452607755,0.0,0.0,9187913798.445152,473716139.9017641,45939568.992225766,0.0,288823640840.28107,0.0,0.0,0.0,18884627933.03405,0.0,9912529507.432524,0.0,175161124541.6494,0.0
54,5,0.0,0.0,0.0,0.0,0.0,0.0,141764.25527528976,13021.048910693637,0.0,34010400.21715885,0.0,0.0,0.0,0.0,0,0.0,373000396.3534387,2451547215.246955,0.0,44724818881.77649,0.0,0.0,0.0,0.0,0,0.0,0.0,0.0,0.0,2557020083.4350457,25570200.83435046,0.0,0.0,49139212486.89915,41634023889.89985,0.0,49139212486.89915,0.0,0.0,428687.6370856272,1898826.5991006591,0.0,2327514.236186286,1966938.525719266,19669.38525719266,0.0,481372734.7338017,0.0,0.0,288823640840.28107,0.0,0.0,730016890.7810192,18154611042.25303,0.0,2145473961.7349446,0.0,177306598503.38434,7.450580596923828e-09
55,5,0.0,0.0,0.0,0.0,0.0,0.0,141710.00090482854,13075.303281154862,0.0,33997324.913877696,0.0,0.0,0.0,0.0,0,0.0,335436141.6133237,810314950.2633768,0.0,24114858016.27914,0.0,0.0,0.0,0.0,0,0.0,0.0,0.0,0.0,19799645915.23398,197996459.1523398,0.0,0.0,49164740593.89131,40057975772.74986,0.0,49164740593.89131,0.0,0.0,399737.80214584677,636394.4957914447,0.0,1036132.2979372913,15230496.85787229,152304.9685787229,0.0,481372734.7338017,0.0,0.0,288823640840.28107,0.0,0.0,10072779118.342157,8081831923.910872,0.0,0.0,2646443156.954992,174660155346.42935,-7.450580596923828e-09
56,5,0.0,0.0,0.0,0.0,0.0,0.0,141655.52047449042,13129.783711493006,0.0,33984195.1301662,0.0,0.0,0.0,0.0,0,0.0,180861435.12209353,964889656.754607,0.0,23149968359.524532,0.0,0.0,0.0,0.0,0,0.0,0.0,0.0,0.0,0.0,0.0,0.0,0.0,47303618617.11386,41345785177.44985,0.0,47303618617.11386,0.0,0.0,280779.7013376393,755352.5965996522,0.0,1036132.2979372914,0.0,0.0,1747029289.3134174,482828592.47489625,8735146.446567087,0.0,290570670129.5945,0.0,0.0,0.0,8081831923.910872,3.026798367500305e-07,5866327002.737486,0.0,180526482349.16684,-2.3283064365386963e-10
57,5,0.0,0.0,0.0,0.0,0.0,0.0,141600.8130423592,13184.491143624227,0.0,33971010.639022574,0.0,0.0,0.0,0.0,0,0.0,173624762.696434,972126329.1802666,0.0,19297792303.2773,0.0,0.0,0.0,0.0,0,0.0,0.0,0.0,0.0,2880049727.0669627,28800497.270669628,0.0,0.0,48824365578.39445,41513581297.499855,0.0,48824365578.39445,0.0,0.0,275158.3228088469,760973.9751284446,0.0,1036132.2979372917,2215422.8669745866,22154.22866974587,0.0,484284450.21599084,0.0,0.0,290570670129.5945,0.0,2.421438694000244e-06,0.0,8081831923.910875,0.0,2570677619.0224886,0.0,183097159968.18933,0.0
58,5,0.0,0.0,0.0,0.0,0.0,0.0,141545.87766259408,13239.42652338933,0.0,33957771.21249919,0.0,0.0,0.0,0.0,0,0.0,144733442.27457976,1001017649.6021208,0.0,4338356141.395268,0.0,0.0,0.0,0.0,0,0.0,0.0,0.0,0.0,13958418512.279913,139584185.12279913,0.0,0.0,49022512477.11208,38889579542.449875,0.0,49022512477.11208,0.0,0.0,252879.2947968862,783253.0031404053,0.0,1036132.2979372913,10737245.009446086,107372.45009446087,0.0,484284450.21599084,0.0,0.0,290570670129.5945,0.0,0.0,2.421438694000244e-06,8081831923.910872,0.0,0.0,5796326200.274962,177300833767.91437,-7.450580596923828e-09
59,5,0.0,0.0,0.0,0.0,0.0,0.0,141490.71338541328,83436.83474242411,0.0,33874334.37775676,0.0,0.0,0.0,0.0,0,0.0,32537671.060464513,131141056.35049273,0.0,4207215085.0447755,0.0,0.0,0.0,0.0,0,0.0,0.0,0.0,0.0,0.0,0.0,0.0,0.0,45923884154.61059,42942421785.89986,0.0,45923884154.61059,0.0,0.0,166519.69112423214,184314.5703966493,0.0,350834.26152088144,0.0,0.0,6755997631.088205,489914448.24189764,33779988.15544103,0.0,297326667760.6827,1.210719347000122e-06,0.0,5345324684.047997,2736507239.862875,0.0,14103005707.47245,0.0,191403839475.3868,7.450580596923828e-09
60,6,0.0,0.0,0.0,0.0,0.0,0.0,141143.05990731984,83784.48822051755,0.0,27607534.03046668,0.0,0.0,0.0,0.0,0,0.0,31554113.137835816,132124614.27312143,0.0,0.0,0.0,0.0,0.0,0.0,0,6183015.859069565,61830.15859069565,0.0,0.0,4075090470.771654,40750904.70771654,0.0,0.0,51098168984.477585,41148135767.049866,0.0,51098168984.477585,0.0,0.0,165415.454628732,185418.80689214944,0.0,350834.26152088144,9317700.836586222,93177.00836586222,0.0,495544446.26780444,0.0,0.0,297326667760.6827,0.0,0.0,0.0,2736507239.862875,0.0,0.0,3235736967.2549458,188168102508.13187,0.0
61,6,0.0,0.0,0.0,0.0,0.0,0.0,115031.39179361115,82939.80417968813,0.0,13587885.965324083,0.0,0.0,0.0,0.0,0,0.0,0.0,0.0,0.0,0.0,0.0,0.0,0.0,0.0,0,13936708.260962907,139367.08260962908,0.0,0.0,0.0,0.0,0.0,0.0,48963107048.40888,38122658631.199936,0.0,48963107048.40888,0.0,0.0,115031.39179361115,82939.80417968813,0.0,197971.19597329927,13936708.260962907,139367.08260962908,0.0,495544446.26780444,0.0,0.0,297326667760.6827,0.0,0.0,1192331911.2711408,1544175328.5917344,0.0,0.0,7019024619.197306,181149077888.93457,0.0
62,6,0.0,0.0,0.0,0.0,0.0,0.0,56616.19152218368,141355.00445111562,0.0,12701412.837652806,0.0,0.0,0.0,0.0,0,0.0,0.0,0.0,0.0,0.0,0.0,0.0,0.0,0.0,0,745118.1232201618,7451.181232201618,0.0,0.0,0.0,0.0,0.0,0.0,45363022667.58119,39023404633.19996,0.0,45363022667.58119,0.0,0.0,56616.19152218368,141355.00445111562,0.0,197971.1959732993,745118.1232201618,7451.181232201618,0.0,495544446.26780444,0.0,0.0,297326667760.6827,0.0,0.0,0.0,1544175328.5917344,0.0,4608370937.560063,0.0,185757448826.49463,0.0
63,6,0.0,0.0,0.0,0.0,0.0,0.0,52922.55349022003,145048.64248307928,0.0,12556364.195169726,0.0,0.0,0.0,0.0,0,0.0,0.0,0.0,0.0,0.0,0.0,0.0,0.0,0.0,0,0.0,0.0,0.0,0.0,0.0,0.0,0.0,0.0,46434840918.81457,41320049542.19996,0.0,46434840918.81457,0.0,0.0,52922.55349022003,145048.64248307928,0.0,197971.19597329933,0.0,0.0,4505502682.05715,499299031.83618534,22527513.41028575,0.0,301832170442.7398,0.0,3.026798367500305e-07,0.0,1544175328.5917346,0.0,8841104958.659998,0.0,194598553785.15463,0.0
64,6,0.0,0.0,0.0,0.0,0.0,0.0,52318.18414654053,145653.01182675877,0.0,0.0,0.0,0.0,0.0,0.0,0,0.0,0.0,0.0,0.0,0.0,0.0,0.0,0.0,0.0,0,12410711.183342967,124107.11183342968,0.0,0.0,0.0,0.0,0.0,0.0,49167671177.95835,37347502366.84996,0.0,49167671177.95835,0.0,0.0,52318.18414654053,145653.01182675877,0.0,197971.1959732993,12410711.183342967,124107.11183342968,0.0,503053617.4045664,0.0,4616127904.14922,297216042538.5906,0.0,0.0,3.026798367500305e-07,1544175328.5917344,0.0,0.0,9851639048.94,184746914736.21463,0.0
65,6,0.0,0.0,0.0,0.0,0.0,0.0,0.0,0.0,0.0,0.0,0.0,0.0,0.0,0.0,0,0.0,0.0,0.0,0.0,0.0,0.0,0.0,0.0,0.0,0,0.0,0.0,0.0,0.0,0.0,0.0,0.0,0.0,44440646515.09932,39335320085.09992,0.0,44440646515.09932,0.0,0.0,0.0,0.0,0.0,0.0,0.0,0.0,1686524645.8329275,496765508.10251176,8432623.229164638,0.0,298902567184.4235,0.0,0.0,1544175328.5917344,0.0,0.0,7830828273.092386,0.0,192577743009.307,0.0
66,6,0.0,0.0,0.0,0.0,0.0,0.0,0.0,0.0,0.0,0.0,0.0,0.0,0.0,0.0,0,0.0,0.0,0.0,0.0,0.0,0.0,0.0,0.0,0.0,0,0.0,0.0,0.0,0.0,0.0,0.0,0.0,0.0,46805996242.78578,37827213958.299934,0.0,46805996242.78578,0.0,0.0,0.0,0.0,0.0,0.0,0.0,0.0,0.0,498170945.30737257,0.0,11038163715.32347,287864403469.1001,0.0,0.0,0.0,0.0,0.0,0.0,2557552376.1449933,190020190633.16202,0.0
67,6,0.0,0.0,0.0,0.0,0.0,0.0,0.0,0.0,0.0,0.0,0.0,0.0,0.0,0.0,0,0.0,0.0,0.0,0.0,0.0,0.0,0.0,0.0,0.0,0,0.0,0.0,0.0,0.0,0.0,0.0,0.0,0.0,45011466299.925064,33787754215.149967,0.0,45011466299.925064,0.0,0.0,0.0,0.0,0.0,0.0,0.0,0.0,0.0,479774005.7818334,0.0,20970956610.52816,266893446858.5719,0.0,0.0,0.0,0.0,0.0,0.0,10227018531.534895,179793172101.62714,0.0
68,6,0.0,0.0,0.0,0.0,0.0,0.0,0.0,0.0,0.0,0.0,0.0,0.0,0.0,0.0,0,0.0,0.0,0.0,0.0,0.0,0.0,0.0,0.0,0.0,0,0.0,0.0,0.0,0.0,0.0,0.0,0.0,0.0,40204820843.58412,25439125632.05,0.0,40204820843.58412,0.0,0.0,0.0,0.0,0.0,0.0,0.0,0.0,0.0,444822411.43095315,0.0,37677370838.64557,229216076019.92636,0.0,0.0,0.0,0.0,0.0,0.0,23356498038.542393,156436674063.08472,0.0
69,6,0.0,0.0,0.0,0.0,0.0,0.0,0.0,0.0,0.0,0.0,0.0,0.0,0.0,0.0,0,0.0,0.0,0.0,0.0,0.0,0.0,0.0,0.0,0.0,0,0.0,0.0,0.0,0.0,0.0,0.0,0.0,0.0,30270596913.34562,18742722404.900005,0.0,30270596913.34562,0.0,0.0,0.0,0.0,0.0,0.0,0.0,0.0,0.0,382026793.36654395,0.0,29963101114.926575,199252974904.9998,0.0,0.0,0.0,0.0,0.0,0.0,18817253399.847504,137619420663.2372,0.0
70,6,0.0,0.0,0.0,0.0,0.0,0.0,0.0,0.0,0.0,0.0,0.0,0.0,0.0,0.0,0,0.0,0.0,0.0,0.0,0.0,0.0,0.0,0.0,0.0,0,0.0,0.0,0.0,0.0,0.0,0.0,0.0,0.0,22302393690.082973,10197473988.65,0.0,22302393690.082973,0.0,0.0,0.0,0.0,0.0,0.0,0.0,0.0,0.0,332088291.50833297,0.0,36471440538.42964,162781534366.57013,0.0,0.0,0.0,0.0,0.0,0.0,24698609128.504997,112920811534.73222,0.0
71,6,0.0,0.0,0.0,0.0,0.0,0.0,0.0,0.0,0.0,0.0,0.0,0.0,0.0,0.0,0,0.0,0.0,0.0,0.0,0.0,0.0,0.0,0.0,0.0,0,0.0,0.0,0.0,0.0,0.0,0.0,0.0,0.0,12134207327.308828,3818132821.749998,0.0,12134207327.308828,0.0,0.0,0.0,0.0,0.0,0.0,0.0,0.0,0.0,271302557.27761686,0.0,26672921749.548725,136108612617.0214,0.0,0.0,0.0,0.0,0.0,0.0,18628149801.267517,94292661733.4647,3.725290298461914e-09
72,7,0.0,0.0,0.0,0.0,0.0,0.0,0.0,0.0,0.0,0.0,0.0,0.0,0.0,0.0,0,0.0,0.0,0.0,0.0,0.0,0.0,0.0,0.0,0.0,0,0.0,0.0,0.0,0.0,0.0,0.0,0.0,0.0,4579541028.558689,1594577761.3999999,0.0,4579541028.558689,0.0,0.0,0.0,0.0,0.0,0.0,0.0,0.0,0.0,226847687.69503567,0.0,9237874119.426138,126870738497.59526,0.0,0.0,0.0,0.0,0.0,0.0,6479758539.962485,87812903193.50223,1.862645149230957e-09
73,7,0.0,0.0,0.0,0.0,0.0,0.0,0.0,0.0,0.0,0.0,0.0,0.0,0.0,0.0,0,0.0,0.0,0.0,0.0,0.0,0.0,0.0,0.0,0.0,0,0.0,0.0,0.0,0.0,0.0,0.0,0.0,0.0,1912566854.6573977,1074718639.7999992,0.0,1912566854.6573977,0.0,0.0,0.0,0.0,0.0,0.0,0.0,0.0,0.0,211451230.82932544,0.0,2106245460.758076,124764493036.83717,0.0,0.0,0.0,0.0,0.0,0.0,1479848476.730003,86333054716.77223,0.0
74,7,0.0,0.0,0.0,0.0,0.0,0.0,0.0,0.0,0.0,0.0,0.0,0.0,0.0,0.0,0,0.0,0.0,0.0,0.0,0.0,0.0,0.0,0.0,0.0,0,0.0,0.0,0.0,0.0,0.0,0.0,0.0,0.0,1289037949.933096,739126420.4999999,0.0,1289037949.933096,0.0,0.0,0.0,0.0,0.0,0.0,0.0,0.0,0.0,207940821.72806197,0.0,1295011433.6150494,123469481603.22214,0.0,0.0,0.0,0.0,0.0,0.0,953040725.9100153,85380013990.86221,0.0
75,7,0.0,0.0,0.0,0.0,0.0,0.0,0.0,0.0,0.0,0.0,0.0,0.0,0.0,0.0,0,0.0,0.0,0.0,0.0,0.0,0.0,0.0,0.0,0.0,0,0.0,0.0,0.0,0.0,0.0,0.0,0.0,0.0,886522267.8188705,216178992.25,0.0,886522267.8188705,0.0,0.0,0.0,0.0,0.0,0.0,0.0,0.0,0.0,205782469.33870357,0.0,1996446769.955158,121473034833.26698,0.0,0.0,0.0,0.0,0.0,0.0,1531885963.7249908,83848128027.13722,0.0
76,7,0.0,0.0,0.0,0.0,0.0,0.0,0.0,0.0,0.0,0.0,0.0,0.0,0.0,0.0,0,0.0,0.0,0.0,0.0,0.0,0.0,0.0,0.0,0.0,0,0.0,0.0,0.0,0.0,0.0,0.0,0.0,0.0,259289189.43882897,0.0,0.0,259289189.43882897,0.0,0.0,0.0,0.0,0.0,0.0,0.0,0.0,0.0,202455058.055445,0.0,694562158.5208737,120778472674.74611,0.0,0.0,0.0,0.0,0.0,0.0,637728027.1374896,83210399999.99973,0.0
77,7,0.0,0.0,0.0,0.0,0.0,0.0,0.0,0.0,0.0,0.0,0.0,0.0,0.0,0.0,0,0.0,0.0,0.0,0.0,0.0,0.0,0.0,0.0,0.0,0,0.0,0.0,0.0,0.0,0.0,0.0,0.0,0.0,0.0,139678083.9340575,0.0,0.0,0.0,0.0,0.0,0.0,0.0,0.0,0.0,0.0,764469193.8247892,201934512.11943084,3822345.969123946,0.0,121542941868.57089,0.0,0.0,0.0,0.0,0.0,419034251.80217695,0.0,83629434251.80191,0.0
78,7,0.0,0.0,0.0,0.0,0.0,0.0,0.0,0.0,0.0,0.0,0.0,0.0,0.0,0.0,0,0.0,0.0,0.0,0.0,0.0,0.0,0.0,0.0,0.0,0,0.0,0.0,0.0,0.0,0.0,0.0,0.0,0.0,0.0,139678083.9340575,0.0,0.0,0.0,0.0,0.0,0.0,0.0,0.0,0.0,0.0,344257824.3570921,202858451.3012491,1721289.1217854605,0.0,121887199692.928,0.0,0.0,0.0,0.0,7.566995918750763e-08,0.0,0.0,83629434251.80191,-5.820766091346741e-11
79,7,0.0,0.0,0.0,0.0,0.0,0.0,0.0,0.0,0.0,0.0,0.0,0.0,0.0,0.0,0,0.0,0.0,0.0,0.0,0.0,0.0,0.0,0.0,0.0,0,0.0,0.0,0.0,0.0,0.0,0.0,0.0,0.0,0.0,139678083.9340575,0.0,0.0,0.0,0.0,0.0,0.0,0.0,0.0,0.0,0.0,344834953.9871961,203432695.2832027,1724174.7699359804,0.0,122232034646.91518,0.0,0.0,0.0,0.0,0.0,0.0,0.0,83629434251.80191,-5.820766091346741e-11
80,7,0.0,0.0,0.0,0.0,0.0,0.0,0.0,0.0,0.0,0.0,0.0,0.0,0.0,0.0,0,0.0,0.0,0.0,0.0,0.0,0.0,0.0,0.0,0.0,0,0.0,0.0,0.0,0.0,0.0,0.0,0.0,0.0,0.0,139678083.9340575,0.0,0.0,0.0,0.0,0.0,0.0,0.0,0.0,0.0,0.0,345413051.1439223,204007901.95414522,1727065.2557196117,0.0,122577447698.0591,0.0,0.0,0.0,0.0,0.0,0.0,0.0,83629434251.80191,0.0
81,7,0.0,0.0,0.0,0.0,0.0,0.0,0.0,0.0,0.0,0.0,0.0,0.0,0.0,0.0,0,0.0,0.0,0.0,0.0,0.0,0.0,0.0,0.0,0.0,0,0.0,0.0,0.0,0.0,0.0,0.0,0.0,0.0,0.0,139678083.9340575,0.0,0.0,0.0,0.0,0.0,0.0,0.0,0.0,0.0,0.0,345992117.44927686,204584072.92797288,1729960.5872463845,0.0,122923439815.50838,0.0,0.0,0.0,0.0,0.0,0.0,0.0,83629434251.80191,5.820766091346741e-11
82,7,0.0,0.0,0.0,0.0,0.0,0.0,0.0,0.0,0.0,0.0,0.0,0.0,0.0,0.0,0,0.0,0.0,0.0,0.0,0.0,0.0,0.0,0.0,0.0,0,0.0,0.0,0.0,0.0,0.0,0.0,0.0,0.0,0.0,139678083.9340575,0.0,0.0,0.0,0.0,0.0,0.0,0.0,0.0,0.0,0.0,346572154.52798474,205161209.8212873,1732860.7726399237,0.0,123270011970.03635,0.0,0.0,0.0,0.0,0.0,0.0,0.0,83629434251.80191,0.0
83,7,0.0,0.0,0.0,0.0,0.0,0.0,0.0,0.0,0.0,0.0,0.0,0.0,0.0,0.0,0,0.0,0.0,0.0,0.0,0.0,0.0,0.0,0.0,0.0,0,0.0,0.0,0.0,0.0,0.0,0.0,0.0,0.0,0.0,139678083.9340575,0.0,0.0,0.0,0.0,0.0,0.0,0.0,0.0,0.0,0.0,347153164.0074952,205739314.25340018,1735765.8200374763,0.0,123617165134.04384,0.0,0.0,0.0,0.0,0.0,0.0,0.0,83629434251.80191,0.0
84,8,0.0,0.0,0.0,0.0,0.0,0.0,0.0,0.0,0.0,0.0,0.0,0.0,0.0,0.0,0,0.0,0.0,0.0,0.0,0.0,0.0,0.0,0.0,0.0,0,0.0,0.0,0.0,0.0,0.0,0.0,0.0,0.0,0.0,146661988.13076037,0.0,0.0,0.0,0.0,0.0,0.0,0.0,0.0,0.0,0.0,375834678.2339656,206341804.1219347,1879173.3911698281,0.0,123992999812.2778,0.0,0.0,0.0,0.0,7.566995918750763e-08,20951712.590100616,0.0,83650385964.39201,-5.820766091346741e-11
85,8,0.0,0.0,0.0,0.0,0.0,0.0,0.0,0.0,0.0,0.0,0.0,0.0,0.0,0.0,0,0.0,0.0,0.0,0.0,0.0,0.0,0.0,0.0,0.0,0,0.0,0.0,0.0,0.0,0.0,0.0,0.0,0.0,0.0,146661988.13076037,0.0,0.0,0.0,0.0,0.0,0.0,0.0,0.0,0.0,0.0,355390096.7153965,206951158.10105917,1776950.4835769825,0.0,124348389908.99321,0.0,0.0,0.0,0.0,0.0,0.0,0.0,83650385964.39201,0.0
86,8,0.0,0.0,0.0,0.0,0.0,0.0,0.0,0.0,0.0,0.0,0.0,0.0,0.0,0.0,0,0.0,0.0,0.0,0.0,0.0,0.0,0.0,0.0,0.0,0,0.0,0.0,0.0,0.0,0.0,0.0,0.0,0.0,0.0,146661988.13076037,0.0,0.0,0.0,0.0,0.0,0.0,0.0,0.0,0.0,0.0,355985888.99823874,207543971.4224872,1779929.4449911937,0.0,124704375797.99146,0.0,0.0,0.0,0.0,0.0,0.0,0.0,83650385964.39201,0.0
87,8,0.0,0.0,0.0,0.0,0.0,0.0,0.0,0.0,0.0,0.0,0.0,0.0,0.0,0.0,0,0.0,0.0,0.0,0.0,0.0,0.0,0.0,0.0,0.0,0,0.0,0.0,0.0,0.0,0.0,0.0,0.0,0.0,0.0,146661988.13076037,0.0,0.0,0.0,0.0,0.0,0.0,0.0,0.0,0.0,0.0,356582680.0946315,208137778.56339794,1782913.4004731574,0.0,125060958478.08609,0.0,0.0,0.0,0.0,0.0,0.0,0.0,83650385964.39201,0.0
88,8,0.0,0.0,0.0,0.0,0.0,0.0,0.0,0.0,0.0,0.0,0.0,0.0,0.0,0.0,0,0.0,0.0,0.0,0.0,0.0,0.0,0.0,0.0,0.0,0,0.0,0.0,0.0,0.0,0.0,0.0,0.0,0.0,0.0,146661988.13076037,0.0,0.0,0.0,0.0,0.0,0.0,0.0,0.0,0.0,0.0,357180471.6790315,208732581.18987602,1785902.3583951578,0.0,125418138949.76512,0.0,0.0,0.0,0.0,0.0,0.0,0.0,83650385964.39201,0.0
89,8,0.0,0.0,0.0,0.0,0.0,0.0,0.0,0.0,0.0,0.0,0.0,0.0,0.0,0.0,0,0.0,0.0,0.0,0.0,0.0,0.0,0.0,0.0,0.0,0,0.0,0.0,0.0,0.0,0.0,0.0,0.0,0.0,0.0,0.0,0.0,0.0,0.0,0.0,0.0,0.0,0.0,0.0,0.0,0.0,0.0,209030231.58294186,0.0,83441355732.80907,41976783216.956055,0.0,0.0,0.0,0.0,0.0,0.0,83650385964.39201,0.0,0.0
90,8,0.0,0.0,0.0,0.0,0.0,0.0,0.0,0.0,0.0,0.0,0.0,0.0,0.0,0.0,0,0.0,0.0,0.0,0.0,0.0,0.0,0.0,0.0,0.0,0,0.0,0.0,0.0,0.0,0.0,0.0,0.0,0.0,0.0,0.0,0.0,0.0,0.0,0.0,0.0,0.0,0.0,0.0,0.0,0.0,70371807.57243262,70019948.53457046,351859.03786216315,0.0,42047155024.52849,0.0,0.0,0.0,0.0,9.458744898438454e-09,0.0,0.0,0.0,0.0
91,8,0.0,0.0,0.0,0.0,0.0,0.0,0.0,0.0,0.0,0.0,0.0,0.0,0.0,0.0,0,0.0,0.0,0.0,0.0,0.0,0.0,0.0,0.0,0.0,0,0.0,0.0,0.0,0.0,0.0,0.0,0.0,0.0,0.0,0.0,0.0,0.0,0.0,0.0,0.0,0.0,0.0,0.0,0.0,0.0,70489782.10314918,70137333.19263344,352448.9105157459,0.0,42117644806.63164,0.0,0.0,0.0,0.0,0.0,0.0,0.0,0.0,0.0
92,8,0.0,0.0,0.0,0.0,0.0,0.0,0.0,0.0,0.0,0.0,0.0,0.0,0.0,0.0,0,0.0,0.0,0.0,0.0,0.0,0.0,0.0,0.0,0.0,0,0.0,0.0,0.0,0.0,0.0,0.0,0.0,0.0,0.0,0.0,0.0,0.0,0.0,0.0,0.0,0.0,0.0,0.0,0.0,0.0,70607954.41178817,70254914.63972922,353039.7720589408,0.0,42188252761.04343,0.0,0.0,0.0,0.0,0.0,0.0,0.0,0.0,0.0
93,8,0.0,0.0,0.0,0.0,0.0,0.0,0.0,0.0,0.0,0.0,0.0,0.0,0.0,0.0,0,0.0,0.0,0.0,0.0,0.0,0.0,0.0,0.0,0.0,0,0.0,0.0,0.0,0.0,0.0,0.0,0.0,0.0,0.0,0.0,0.0,0.0,0.0,0.0,0.0,0.0,0.0,0.0,0.0,0.0,70726324.82991354,70372693.20576398,353631.62414956774,0.0,42258979085.873344,0.0,0.0,0.0,0.0,0.0,0.0,0.0,0.0,0.0
94,8,0.0,0.0,0.0,0.0,0.0,0.0,0.0,0.0,0.0,0.0,0.0,0.0,0.0,0.0,0,0.0,0.0,0.0,0.0,0.0,0.0,0.0,0.0,0.0,0,0.0,0.0,0.0,0.0,0.0,0.0,0.0,0.0,0.0,0.0,0.0,0.0,0.0,0.0,0.0,0.0,0.0,0.0,0.0,0.0,70844893.68964517,70490669.22119695,354224.4684482259,0.0,42329823979.56299,0.0,0.0,0.0,0.0,0.0,0.0,0.0,0.0,0.0
95,8,0.0,0.0,0.0,0.0,0.0,0.0,0.0,0.0,0.0,0.0,0.0,0.0,0.0,0.0,0,0.0,0.0,0.0,0.0,0.0,0.0,0.0,0.0,0.0,0,0.0,0.0,0.0,0.0,0.0,0.0,0.0,0.0,0.0,0.0,0.0,0.0,0.0,0.0,0.0,0.0,0.0,0.0,0.0,0.0,70963661.32365967,70608843.01704137,354818.3066182984,0.0,42400787640.88665,0.0,0.0,0.0,0.0,9.458744898438454e-09,0.0,0.0,0.0,0.0
96,9,0.0,0.0,0.0,0.0,0.0,0.0,0.0,0.0,0.0,0.0,0.0,0.0,0.0,0.0,0,0.0,0.0,0.0,0.0,0.0,0.0,0.0,0.0,0.0,0,0.0,0.0,0.0,0.0,0.0,0.0,0.0,0.0,0.0,0.0,0.0,0.0,0.0,0.0,0.0,0.0,0.0,0.0,0.0,0.0,71082628.06519136,70727214.9248654,355413.14032595675,0.0,42471870268.95184,0.0,0.0,0.0,0.0,9.458744898438454e-09,0.0,0.0,0.0,0.0
97,9,0.0,0.0,0.0,0.0,0.0,0.0,0.0,0.0,0.0,0.0,0.0,0.0,0.0,0.0,0,0.0,0.0,0.0,0.0,0.0,0.0,0.0,0.0,0.0,0,0.0,0.0,0.0,0.0,0.0,0.0,0.0,0.0,0.0,0.0,0.0,0.0,0.0,0.0,0.0,0.0,0.0,0.0,0.0,0.0,71201794.24803327,70845785.2767931,356008.97124016634,0.0,42543072063.199875,0.0,0.0,0.0,0.0,0.0,0.0,0.0,0.0,0.0
98,9,0.0,0.0,0.0,0.0,0.0,0.0,0.0,0.0,0.0,0.0,0.0,0.0,0.0,0.0,0,0.0,0.0,0.0,0.0,0.0,0.0,0.0,0.0,0.0,0,0.0,0.0,0.0,0.0,0.0,0.0,0.0,0.0,0.0,0.0,0.0,0.0,0.0,0.0,0.0,0.0,0.0,0.0,0.0,0.0,71321160.20653793,70964554.40550525,356605.8010326897,0.0,42614393223.40641,0.0,0.0,0.0,0.0,0.0,0.0,0.0,0.0,0.0
99,9,0.0,0.0,0.0,0.0,0.0,0.0,0.0,0.0,0.0,0.0,0.0,0.0,0.0,0.0,0,0.0,0.0,0.0,0.0,0.0,0.0,0.0,0.0,0.0,0,0.0,0.0,0.0,0.0,0.0,0.0,0.0,0.0,0.0,0.0,0.0,0.0,0.0,0.0,0.0,0.0,0.0,0.0,0.0,0.0,71440726.27561846,71083522.64424038,357203.63137809234,0.0,42685833949.68203,9.458744898438454e-09,0.0,0.0,0.0,0.0,0.0,0.0,0.0,0.0
100,9,0.0,0.0,0.0,0.0,0.0,0.0,0.0,0.0,0.0,0.0,0.0,0.0,0.0,0.0,0,0.0,0.0,0.0,0.0,0.0,0.0,0.0,0.0,0.0,0,0.0,0.0,0.0,0.0,0.0,0.0,0.0,0.0,0.0,0.0,0.0,0.0,0.0,0.0,0.0,0.0,0.0,0.0,0.0,0.0,71560492.79074942,71202690.32679568,357802.4639537471,0.0,42757394442.47278,0.0,0.0,0.0,0.0,0.0,0.0,0.0,0.0,0.0
101,9,0.0,0.0,0.0,0.0,0.0,0.0,0.0,0.0,0.0,0.0,0.0,0.0,0.0,0.0,0,0.0,0.0,0.0,0.0,0.0,0.0,0.0,0.0,0.0,0,0.0,0.0,0.0,0.0,0.0,0.0,0.0,0.0,0.0,0.0,0.0,0.0,0.0,0.0,0.0,0.0,0.0,0.0,0.0,0.0,71680460.08796778,71322057.78752795,358402.30043983896,0.0,42829074902.560745,0.0,0.0,0.0,0.0,0.0,0.0,0.0,0.0,0.0
102,9,0.0,0.0,0.0,0.0,0.0,0.0,0.0,0.0,0.0,0.0,0.0,0.0,0.0,0.0,0,0.0,0.0,0.0,0.0,0.0,0.0,0.0,0.0,0.0,0,0.0,0.0,0.0,0.0,0.0,0.0,0.0,0.0,0.0,0.0,0.0,0.0,0.0,0.0,0.0,0.0,0.0,0.0,0.0,0.0,71800628.50387384,71441625.36135447,359003.1425193692,0.0,42900875531.06462,0.0,0.0,0.0,0.0,0.0,0.0,0.0,0.0,0.0
103,9,0.0,0.0,0.0,0.0,0.0,0.0,0.0,0.0,0.0,0.0,0.0,0.0,0.0,0.0,0,0.0,0.0,0.0,0.0,0.0,0.0,0.0,0.0,0.0,0,0.0,0.0,0.0,0.0,0.0,0.0,0.0,0.0,0.0,0.0,0.0,0.0,0.0,0.0,0.0,0.0,0.0,0.0,0.0,0.0,71920998.37563223,71561393.38375407,359604.99187816115,0.0,42972796529.440254,0.0,0.0,0.0,0.0,0.0,0.0,0.0,0.0,0.0
104,9,0.0,0.0,0.0,0.0,0.0,0.0,0.0,0.0,0.0,0.0,0.0,0.0,0.0,0.0,0,0.0,0.0,0.0,0.0,0.0,0.0,0.0,0.0,0.0,0,0.0,0.0,0.0,0.0,0.0,0.0,0.0,0.0,0.0,0.0,0.0,0.0,0.0,0.0,0.0,0.0,0.0,0.0,0.0,0.0,72041570.04097277,71681362.19076791,360207.8502048639,0.0,43044838099.481224,0.0,0.0,0.0,0.0,0.0,0.0,0.0,0.0,0.0
105,9,0.0,0.0,0.0,0.0,0.0,0.0,0.0,0.0,0.0,0.0,0.0,0.0,0.0,0.0,0,0.0,0.0,0.0,0.0,0.0,0.0,0.0,0.0,0.0,0,0.0,0.0,0.0,0.0,0.0,0.0,0.0,0.0,0.0,0.0,0.0,0.0,0.0,0.0,0.0,0.0,0.0,0.0,0.0,0.0,72162343.83819151,71801532.11900055,360811.7191909575,0.0,43117000443.31942,0.0,0.0,0.0,0.0,0.0,0.0,0.0,0.0,0.0
106,9,0.0,0.0,0.0,0.0,0.0,0.0,0.0,0.0,0.0,0.0,0.0,0.0,0.0,0.0,0,0.0,0.0,0.0,0.0,0.0,0.0,0.0,0.0,0.0,0,0.0,0.0,0.0,0.0,0.0,0.0,0.0,0.0,0.0,0.0,0.0,0.0,0.0,0.0,0.0,0.0,0.0,0.0,0.0,0.0,72283320.10615158,71921903.5056208,361416.60053075786,0.0,43189283763.42557,0.0,0.0,0.0,0.0,9.458744898438454e-09,0.0,0.0,0.0,0.0
107,9,0.0,0.0,0.0,0.0,0.0,0.0,0.0,0.0,0.0,0.0,0.0,0.0,0.0,0.0,0,0.0,0.0,0.0,0.0,0.0,0.0,0.0,0.0,0.0,0,0.0,0.0,0.0,0.0,0.0,0.0,0.0,0.0,0.0,0.0,0.0,0.0,0.0,0.0,0.0,0.0,0.0,0.0,0.0,0.0,72404499.18428427,72042476.68836285,362022.4959214214,0.0,43261688262.60985,0.0,0.0,0.0,0.0,9.458744898438454e-09,0.0,0.0,0.0,0.0
108,10,0.0,0.0,0.0,0.0,0.0,0.0,0.0,0.0,0.0,0.0,0.0,0.0,0.0,0.0,0,0.0,0.0,0.0,0.0,0.0,0.0,0.0,0.0,0.0,0,0.0,0.0,0.0,0.0,0.0,0.0,0.0,0.0,0.0,0.0,0.0,0.0,0.0,0.0,0.0,0.0,0.0,0.0,0.0,0.0,72525881.41258985,72163252.0055269,362629.4070629492,0.0,43334214144.02244,0.0,0.0,0.0,0.0,0.0,0.0,0.0,0.0,0.0
109,10,0.0,0.0,0.0,0.0,0.0,0.0,0.0,0.0,0.0,0.0,0.0,0.0,0.0,0.0,0,0.0,0.0,0.0,0.0,0.0,0.0,0.0,0.0,0.0,0,0.0,0.0,0.0,0.0,0.0,0.0,0.0,0.0,0.0,0.0,0.0,0.0,0.0,0.0,0.0,0.0,0.0,0.0,0.0,0.0,72647467.13163863,72284229.79598044,363237.33565819316,0.0,43406861611.154076,0.0,0.0,0.0,0.0,0.0,0.0,0.0,0.0,0.0
110,10,0.0,0.0,0.0,0.0,0.0,0.0,0.0,0.0,0.0,0.0,0.0,0.0,0.0,0.0,0,0.0,0.0,0.0,0.0,0.0,0.0,0.0,0.0,0.0,0,0.0,0.0,0.0,0.0,0.0,0.0,0.0,0.0,0.0,0.0,0.0,0.0,0.0,0.0,0.0,0.0,0.0,0.0,0.0,0.0,72769256.6825718,72405410.39915894,363846.2834128591,0.0,43479630867.83665,0.0,0.0,0.0,0.0,0.0,0.0,0.0,0.0,0.0
111,10,0.0,0.0,0.0,0.0,0.0,0.0,0.0,0.0,0.0,0.0,0.0,0.0,0.0,0.0,0,0.0,0.0,0.0,0.0,0.0,0.0,0.0,0.0,0.0,0,0.0,0.0,0.0,0.0,0.0,0.0,0.0,0.0,0.0,0.0,0.0,0.0,0.0,0.0,0.0,0.0,0.0,0.0,0.0,0.0,72891250.40710251,72526794.155067,364456.2520355126,0.0,43552522118.24375,0.0,0.0,0.0,0.0,0.0,0.0,0.0,0.0,0.0
112,10,0.0,0.0,0.0,0.0,0.0,0.0,0.0,0.0,0.0,0.0,0.0,0.0,0.0,0.0,0,0.0,0.0,0.0,0.0,0.0,0.0,0.0,0.0,0.0,0,0.0,0.0,0.0,0.0,0.0,0.0,0.0,0.0,0.0,0.0,0.0,0.0,0.0,0.0,0.0,0.0,0.0,0.0,0.0,0.0,73013448.64751677,72648381.40427917,365067.2432375839,0.0,43625535566.891266,0.0,0.0,0.0,0.0,9.458744898438454e-09,0.0,0.0,0.0,0.0
113,10,0.0,0.0,0.0,0.0,0.0,0.0,0.0,0.0,0.0,0.0,0.0,0.0,0.0,0.0,0,0.0,0.0,0.0,0.0,0.0,0.0,0.0,0.0,0.0,0,0.0,0.0,0.0,0.0,0.0,0.0,0.0,0.0,0.0,0.0,0.0,0.0,0.0,0.0,0.0,0.0,0.0,0.0,0.0,0.0,73135851.74667437,72770172.487941,365679.25873337185,0.0,43698671418.63794,0.0,0.0,0.0,0.0,0.0,0.0,0.0,0.0,0.0
114,10,0.0,0.0,0.0,0.0,0.0,0.0,0.0,0.0,0.0,0.0,0.0,0.0,0.0,0.0,0,0.0,0.0,0.0,0.0,0.0,0.0,0.0,0.0,0.0,0,0.0,0.0,0.0,0.0,0.0,0.0,0.0,0.0,0.0,0.0,0.0,0.0,0.0,0.0,0.0,0.0,0.0,0.0,0.0,0.0,73258460.04800996,72892167.7477699,366292.30024004984,0.0,43771929878.68595,0.0,0.0,0.0,0.0,0.0,0.0,0.0,0.0,0.0
115,10,0.0,0.0,0.0,0.0,0.0,0.0,0.0,0.0,0.0,0.0,0.0,0.0,0.0,0.0,0,0.0,0.0,0.0,0.0,0.0,0.0,0.0,0.0,0.0,0,0.0,0.0,0.0,0.0,0.0,0.0,0.0,0.0,0.0,0.0,0.0,0.0,0.0,0.0,0.0,0.0,0.0,0.0,0.0,0.0,73381273.89553386,73014367.52605619,366906.3694776693,0.0,43845311152.58148,0.0,0.0,0.0,0.0,9.458744898438454e-09,0.0,0.0,0.0,0.0
116,10,0.0,0.0,0.0,0.0,0.0,0.0,0.0,0.0,0.0,0.0,0.0,0.0,0.0,0.0,0,0.0,0.0,0.0,0.0,0.0,0.0,0.0,0.0,0.0,0,0.0,0.0,0.0,0.0,0.0,0.0,0.0,0.0,0.0,0.0,0.0,0.0,0.0,0.0,0.0,0.0,0.0,0.0,0.0,0.0,73504293.63383316,73136772.165664,367521.4681691658,0.0,43918815446.21532,0.0,0.0,0.0,0.0,0.0,0.0,0.0,0.0,0.0
117,10,0.0,0.0,0.0,0.0,0.0,0.0,0.0,0.0,0.0,0.0,0.0,0.0,0.0,0.0,0,0.0,0.0,0.0,0.0,0.0,0.0,0.0,0.0,0.0,0,0.0,0.0,0.0,0.0,0.0,0.0,0.0,0.0,0.0,0.0,0.0,0.0,0.0,0.0,0.0,0.0,0.0,0.0,0.0,0.0,73627519.60807262,73259382.01003227,368137.59804036317,0.0,43992442965.82339,0.0,0.0,0.0,0.0,0.0,0.0,0.0,0.0,0.0
118,10,0.0,0.0,0.0,0.0,0.0,0.0,0.0,0.0,0.0,0.0,0.0,0.0,0.0,0.0,0,0.0,0.0,0.0,0.0,0.0,0.0,0.0,0.0,0.0,0,0.0,0.0,0.0,0.0,0.0,0.0,0.0,0.0,0.0,0.0,0.0,0.0,0.0,0.0,0.0,0.0,0.0,0.0,0.0,0.0,73750952.16399562,73382197.40317564,368754.76081997814,0.0,44066193917.98738,9.458744898438454e-09,0.0,0.0,0.0,0.0,0.0,0.0,0.0,0.0
119,10,0.0,0.0,0.0,0.0,0.0,0.0,0.0,0.0,0.0,0.0,0.0,0.0,0.0,0.0,0,0.0,0.0,0.0,0.0,0.0,0.0,0.0,0.0,0.0,0,0.0,0.0,0.0,0.0,0.0,0.0,0.0,0.0,0.0,0.0,0.0,0.0,0.0,0.0,0.0,0.0,0.0,0.0,0.0,0.0,73874591.6479252,73505218.68968557,369372.958239626,0.0,44140068509.63531,0.0,0.0,0.0,0.0,0.0,0.0,0.0,0.0,0.0
120,11,0.0,0.0,0.0,0.0,0.0,0.0,0.0,0.0,0.0,0.0,0.0,0.0,0.0,0.0,0,0.0,0.0,0.0,0.0,0.0,0.0,0.0,0.0,0.0,0,0.0,0.0,0.0,0.0,0.0,0.0,0.0,0.0,0.0,0.0,0.0,0.0,0.0,0.0,0.0,0.0,0.0,0.0,0.0,0.0,73998438.40676497,73628446.21473114,369992.19203382486,0.0,44214066948.04207,0.0,0.0,0.0,0.0,9.458744898438454e-09,0.0,0.0,0.0,0.0
121,11,0.0,0.0,0.0,0.0,0.0,0.0,0.0,0.0,0.0,0.0,0.0,0.0,0.0,0.0,0,0.0,0.0,0.0,0.0,0.0,0.0,0.0,0.0,0.0,0,0.0,0.0,0.0,0.0,0.0,0.0,0.0,0.0,0.0,0.0,0.0,0.0,0.0,0.0,0.0,0.0,0.0,0.0,0.0,0.0,74122492.78800009,73751880.32406011,370612.4639400005,0.0,44288189440.83007,0.0,0.0,0.0,0.0,0.0,0.0,0.0,0.0,0.0
122,11,0.0,0.0,0.0,0.0,0.0,0.0,0.0,0.0,0.0,0.0,0.0,0.0,0.0,0.0,0,0.0,0.0,0.0,0.0,0.0,0.0,0.0,0.0,0.0,0,0.0,0.0,0.0,0.0,0.0,0.0,0.0,0.0,0.0,0.0,0.0,0.0,0.0,0.0,0.0,0.0,0.0,0.0,0.0,0.0,74246755.13969836,73875521.36399986,371233.7756984918,0.0,44362436195.969765,0.0,0.0,0.0,0.0,0.0,0.0,0.0,0.0,0.0
123,11,0.0,0.0,0.0,0.0,0.0,0.0,0.0,0.0,0.0,0.0,0.0,0.0,0.0,0.0,0,0.0,0.0,0.0,0.0,0.0,0.0,0.0,0.0,0.0,0,0.0,0.0,0.0,0.0,0.0,0.0,0.0,0.0,0.0,0.0,0.0,0.0,0.0,0.0,0.0,0.0,0.0,0.0,0.0,0.0,74371225.81051093,73999369.68145837,371856.12905255466,0.0,44436807421.78027,0.0,0.0,0.0,0.0,0.0,0.0,0.0,0.0,0.0
124,11,0.0,0.0,0.0,0.0,0.0,0.0,0.0,0.0,0.0,0.0,0.0,0.0,0.0,0.0,0,0.0,0.0,0.0,0.0,0.0,0.0,0.0,0.0,0.0,0,0.0,0.0,0.0,0.0,0.0,0.0,0.0,0.0,0.0,0.0,0.0,0.0,0.0,0.0,0.0,0.0,0.0,0.0,0.0,0.0,74495905.14967355,74123425.6239252,372479.5257483678,0.0,44511303326.92995,0.0,0.0,0.0,0.0,0.0,0.0,0.0,0.0,0.0
125,11,0.0,0.0,0.0,0.0,0.0,0.0,0.0,0.0,0.0,0.0,0.0,0.0,0.0,0.0,0,0.0,0.0,0.0,0.0,0.0,0.0,0.0,0.0,0.0,0,0.0,0.0,0.0,0.0,0.0,0.0,0.0,0.0,0.0,0.0,0.0,0.0,0.0,0.0,0.0,0.0,0.0,0.0,0.0,0.0,74620793.50700746,74247689.53947242,373103.9675350373,0.0,44585924120.43696,0.0,0.0,0.0,0.0,9.458744898438454e-09,0.0,0.0,0.0,0.0
126,11,0.0,0.0,0.0,0.0,0.0,0.0,0.0,0.0,0.0,0.0,0.0,0.0,0.0,0.0,0,0.0,0.0,0.0,0.0,0.0,0.0,0.0,0.0,0.0,0,0.0,0.0,0.0,0.0,0.0,0.0,0.0,0.0,0.0,0.0,0.0,0.0,0.0,0.0,0.0,0.0,0.0,0.0,0.0,0.0,74745891.23292029,74372161.7767557,373729.45616460143,0.0,44660670011.669876,0.0,0.0,0.0,0.0,0.0,0.0,0.0,0.0,0.0
127,11,0.0,0.0,0.0,0.0,0.0,0.0,0.0,0.0,0.0,0.0,0.0,0.0,0.0,0.0,0,0.0,0.0,0.0,0.0,0.0,0.0,0.0,0.0,0.0,0,0.0,0.0,0.0,0.0,0.0,0.0,0.0,0.0,0.0,0.0,0.0,0.0,0.0,0.0,0.0,0.0,0.0,0.0,0.0,0.0,74871198.67840718,74496842.68501514,374355.99339203595,0.0,44735541210.34829,0.0,0.0,0.0,0.0,0.0,0.0,0.0,0.0,0.0
128,11,0.0,0.0,0.0,0.0,0.0,0.0,0.0,0.0,0.0,0.0,0.0,0.0,0.0,0.0,0,0.0,0.0,0.0,0.0,0.0,0.0,0.0,0.0,0.0,0,0.0,0.0,0.0,0.0,0.0,0.0,0.0,0.0,0.0,0.0,0.0,0.0,0.0,0.0,0.0,0.0,0.0,0.0,0.0,0.0,74996716.19505161,74621732.61407636,374983.58097525814,0.0,44810537926.54334,0.0,0.0,0.0,0.0,0.0,0.0,0.0,0.0,0.0
129,11,0.0,0.0,0.0,0.0,0.0,0.0,0.0,0.0,0.0,0.0,0.0,0.0,0.0,0.0,0,0.0,0.0,0.0,0.0,0.0,0.0,0.0,0.0,0.0,0,0.0,0.0,0.0,0.0,0.0,0.0,0.0,0.0,0.0,0.0,0.0,0.0,0.0,0.0,0.0,0.0,0.0,0.0,0.0,0.0,75122444.13502657,74746831.91435143,375612.2206751329,0.0,44885660370.67837,0.0,0.0,0.0,0.0,0.0,0.0,0.0,0.0,0.0
130,11,0.0,0.0,0.0,0.0,0.0,0.0,0.0,0.0,0.0,0.0,0.0,0.0,0.0,0.0,0,0.0,0.0,0.0,0.0,0.0,0.0,0.0,0.0,0.0,0,0.0,0.0,0.0,0.0,0.0,0.0,0.0,0.0,0.0,0.0,0.0,0.0,0.0,0.0,0.0,0.0,0.0,0.0,0.0,0.0,75248382.85109533,74872140.93683986,376241.91425547673,0.0,44960908753.529465,0.0,0.0,0.0,0.0,0.0,0.0,0.0,0.0,0.0
131,11,0.0,0.0,0.0,0.0,0.0,0.0,0.0,0.0,0.0,0.0,0.0,0.0,0.0,0.0,0,0.0,0.0,0.0,0.0,0.0,0.0,0.0,0.0,0.0,0,0.0,0.0,0.0,0.0,0.0,0.0,0.0,0.0,0.0,0.0,0.0,0.0,0.0,0.0,0.0,0.0,0.0,0.0,0.0,0.0,75374532.69661269,74997660.03312962,376872.66348306346,0.0,45036283286.226074,0.0,0.0,0.0,0.0,9.458744898438454e-09,0.0,0.0,0.0,0.0
132,12,0.0,0.0,0.0,0.0,0.0,0.0,0.0,0.0,0.0,0.0,0.0,0.0,0.0,0.0,0,0.0,0.0,0.0,0.0,0.0,0.0,0.0,0.0,0.0,0,0.0,0.0,0.0,0.0,0.0,0.0,0.0,0.0,0.0,0.0,0.0,0.0,0.0,0.0,0.0,0.0,0.0,0.0,0.0,0.0,75500894.02552569,75123389.55539806,377504.4701276285,0.0,45111784180.2516,0.0,0.0,0.0,0.0,9.458744898438454e-09,0.0,0.0,0.0,0.0
133,12,0.0,0.0,0.0,0.0,0.0,0.0,0.0,0.0,0.0,0.0,0.0,0.0,0.0,0.0,0,0.0,0.0,0.0,0.0,0.0,0.0,0.0,0.0,0.0,0,0.0,0.0,0.0,0.0,0.0,0.0,0.0,0.0,0.0,0.0,0.0,0.0,0.0,0.0,0.0,0.0,0.0,0.0,0.0,0.0,75627467.19237486,75249329.85641299,378137.3359618743,0.0,45187411647.44398,0.0,0.0,0.0,0.0,0.0,0.0,0.0,0.0,0.0
134,12,0.0,0.0,0.0,0.0,0.0,0.0,0.0,0.0,0.0,0.0,0.0,0.0,0.0,0.0,0,0.0,0.0,0.0,0.0,0.0,0.0,0.0,0.0,0.0,0,0.0,0.0,0.0,0.0,0.0,0.0,0.0,0.0,0.0,0.0,0.0,0.0,0.0,0.0,0.0,0.0,0.0,0.0,0.0,0.0,75754252.55229501,75375481.28953353,378771.26276147505,0.0,45263165899.99627,0.0,0.0,0.0,0.0,0.0,0.0,0.0,0.0,0.0
135,12,0.0,0.0,0.0,0.0,0.0,0.0,0.0,0.0,0.0,0.0,0.0,0.0,0.0,0.0,0,0.0,0.0,0.0,0.0,0.0,0.0,0.0,0.0,0.0,0,0.0,0.0,0.0,0.0,0.0,0.0,0.0,0.0,0.0,0.0,0.0,0.0,0.0,0.0,0.0,0.0,0.0,0.0,0.0,0.0,75881250.46101639,75501844.2087113,379406.2523050819,0.0,45339047150.45728,0.0,0.0,0.0,0.0,0.0,0.0,0.0,0.0,0.0
136,12,0.0,0.0,0.0,0.0,0.0,0.0,0.0,0.0,0.0,0.0,0.0,0.0,0.0,0.0,0,0.0,0.0,0.0,0.0,0.0,0.0,0.0,0.0,0.0,0,0.0,0.0,0.0,0.0,0.0,0.0,0.0,0.0,0.0,0.0,0.0,0.0,0.0,0.0,0.0,0.0,0.0,0.0,0.0,0.0,76008461.27486552,75628418.9684912,380042.3063743277,0.0,45415055611.73215,0.0,0.0,0.0,0.0,9.458744898438454e-09,0.0,0.0,0.0,0.0
137,12,0.0,0.0,0.0,0.0,0.0,0.0,0.0,0.0,0.0,0.0,0.0,0.0,0.0,0.0,0,0.0,0.0,0.0,0.0,0.0,0.0,0.0,0.0,0.0,0,0.0,0.0,0.0,0.0,0.0,0.0,0.0,0.0,0.0,0.0,0.0,0.0,0.0,0.0,0.0,0.0,0.0,0.0,0.0,0.0,76135885.35076639,75755205.92401256,380679.4267538319,0.0,45491191497.08292,0.0,0.0,0.0,0.0,9.458744898438454e-09,0.0,0.0,0.0,0.0
138,12,0.0,0.0,0.0,0.0,0.0,0.0,0.0,0.0,0.0,0.0,0.0,0.0,0.0,0.0,0,0.0,0.0,0.0,0.0,0.0,0.0,0.0,0.0,0.0,0,0.0,0.0,0.0,0.0,0.0,0.0,0.0,0.0,0.0,0.0,0.0,0.0,0.0,0.0,0.0,0.0,0.0,0.0,0.0,0.0,76263523.04624125,75882205.43101005,381317.6152312063,0.0,45567455020.12915,0.0,0.0,0.0,0.0,0.0,0.0,0.0,0.0,0.0
139,12,0.0,0.0,0.0,0.0,0.0,0.0,0.0,0.0,0.0,0.0,0.0,0.0,0.0,0.0,0,0.0,0.0,0.0,0.0,0.0,0.0,0.0,0.0,0.0,0,0.0,0.0,0.0,0.0,0.0,0.0,0.0,0.0,0.0,0.0,0.0,0.0,0.0,0.0,0.0,0.0,0.0,0.0,0.0,0.0,76391374.71941184,76009417.84581476,381956.87359705917,0.0,45643846394.848564,0.0,0.0,0.0,0.0,0.0,0.0,0.0,0.0,0.0
140,12,0.0,0.0,0.0,0.0,0.0,0.0,0.0,0.0,0.0,0.0,0.0,0.0,0.0,0.0,0,0.0,0.0,0.0,0.0,0.0,0.0,0.0,0.0,0.0,0,0.0,0.0,0.0,0.0,0.0,0.0,0.0,0.0,0.0,0.0,0.0,0.0,0.0,0.0,0.0,0.0,0.0,0.0,0.0,0.0,76519440.7290001,76136843.52535512,382597.2036450006,0.0,45720365835.57757,0.0,0.0,0.0,0.0,0.0,0.0,0.0,0.0,0.0
141,12,0.0,0.0,0.0,0.0,0.0,0.0,0.0,0.0,0.0,0.0,0.0,0.0,0.0,0.0,0,0.0,0.0,0.0,0.0,0.0,0.0,0.0,0.0,0.0,0,0.0,0.0,0.0,0.0,0.0,0.0,0.0,0.0,0.0,0.0,0.0,0.0,0.0,0.0,0.0,0.0,0.0,0.0,0.0,0.0,76647721.43432954,76264482.82715788,383238.6071716477,0.0,45797013557.0119,0.0,0.0,0.0,0.0,0.0,0.0,0.0,0.0,0.0
142,12,0.0,0.0,0.0,0.0,0.0,0.0,0.0,0.0,0.0,0.0,0.0,0.0,0.0,0.0,0,0.0,0.0,0.0,0.0,0.0,0.0,0.0,0.0,0.0,0,0.0,0.0,0.0,0.0,0.0,0.0,0.0,0.0,0.0,0.0,0.0,0.0,0.0,0.0,0.0,0.0,0.0,0.0,0.0,0.0,76776217.19532591,76392336.10934928,383881.0859766296,0.0,45873789774.20722,0.0,0.0,0.0,0.0,0.0,0.0,0.0,0.0,0.0
143,12,0.0,0.0,0.0,0.0,0.0,0.0,0.0,0.0,0.0,0.0,0.0,0.0,0.0,0.0,0,0.0,0.0,0.0,0.0,0.0,0.0,0.0,0.0,0.0,0,0.0,0.0,0.0,0.0,0.0,0.0,0.0,0.0,0.0,0.0,0.0,0.0,0.0,0.0,0.0,0.0,0.0,0.0,0.0,0.0,76904928.3725184,76520403.73065582,384524.6418625921,0.0,45950694702.57974,0.0,0.0,0.0,0.0,0.0,0.0,0.0,0.0,0.0
144,13,0.0,0.0,0.0,0.0,0.0,0.0,0.0,0.0,0.0,0.0,0.0,0.0,0.0,0.0,0,0.0,0.0,0.0,0.0,0.0,0.0,0.0,0.0,0.0,0,0.0,0.0,0.0,0.0,0.0,0.0,0.0,0.0,0.0,0.0,0.0,0.0,0.0,0.0,0.0,0.0,0.0,0.0,0.0,0.0,77033855.32704066,76648686.05040544,385169.2766352033,0.0,46027728557.90679,0.0,0.0,0.0,0.0,0.0,0.0,0.0,0.0,0.0
145,13,0.0,0.0,0.0,0.0,0.0,0.0,0.0,0.0,0.0,0.0,0.0,0.0,0.0,0.0,0,0.0,0.0,0.0,0.0,0.0,0.0,0.0,0.0,0.0,0,0.0,0.0,0.0,0.0,0.0,0.0,0.0,0.0,0.0,0.0,0.0,0.0,0.0,0.0,0.0,0.0,0.0,0.0,0.0,0.0,77162998.42063166,76777183.4285285,385814.9921031584,0.0,46104891556.327415,0.0,0.0,0.0,0.0,9.458744898438454e-09,0.0,0.0,0.0,0.0
146,13,0.0,0.0,0.0,0.0,0.0,0.0,0.0,0.0,0.0,0.0,0.0,0.0,0.0,0.0,0,0.0,0.0,0.0,0.0,0.0,0.0,0.0,0.0,0.0,0,0.0,0.0,0.0,0.0,0.0,0.0,0.0,0.0,0.0,0.0,0.0,0.0,0.0,0.0,0.0,0.0,0.0,0.0,0.0,0.0,77292358.0156369,76905896.22555873,386461.79007818457,0.0,46182183914.343056,0.0,0.0,0.0,0.0,0.0,0.0,0.0,0.0,0.0
147,13,0.0,0.0,0.0,0.0,0.0,0.0,0.0,0.0,0.0,0.0,0.0,0.0,0.0,0.0,0,0.0,0.0,0.0,0.0,0.0,0.0,0.0,0.0,0.0,0,0.0,0.0,0.0,0.0,0.0,0.0,0.0,0.0,0.0,0.0,0.0,0.0,0.0,0.0,0.0,0.0,0.0,0.0,0.0,0.0,77421934.47500932,77034824.80263428,387109.6723750466,0.0,46259605848.81806,0.0,0.0,0.0,0.0,0.0,0.0,0.0,0.0,0.0
148,13,0.0,0.0,0.0,0.0,0.0,0.0,0.0,0.0,0.0,0.0,0.0,0.0,0.0,0.0,0,0.0,0.0,0.0,0.0,0.0,0.0,0.0,0.0,0.0,0,0.0,0.0,0.0,0.0,0.0,0.0,0.0,0.0,0.0,0.0,0.0,0.0,0.0,0.0,0.0,0.0,0.0,0.0,0.0,0.0,77551728.16231026,77163969.5214987,387758.6408115513,0.0,46337157576.98037,0.0,0.0,0.0,0.0,0.0,0.0,0.0,0.0,0.0
149,13,0.0,0.0,0.0,0.0,0.0,0.0,0.0,0.0,0.0,0.0,0.0,0.0,0.0,0.0,0,0.0,0.0,0.0,0.0,0.0,0.0,0.0,0.0,0.0,0,0.0,0.0,0.0,0.0,0.0,0.0,0.0,0.0,0.0,0.0,0.0,0.0,0.0,0.0,0.0,0.0,0.0,0.0,0.0,0.0,77681739.4417106,77293330.74450204,388408.697208553,0.0,46414839316.42208,0.0,0.0,0.0,0.0,9.458744898438454e-09,0.0,0.0,0.0,0.0
150,13,0.0,0.0,0.0,0.0,0.0,0.0,0.0,0.0,0.0,0.0,0.0,0.0,0.0,0.0,0,0.0,0.0,0.0,0.0,0.0,0.0,0.0,0.0,0.0,0,0.0,0.0,0.0,0.0,0.0,0.0,0.0,0.0,0.0,0.0,0.0,0.0,0.0,0.0,0.0,0.0,0.0,0.0,0.0,0.0,77811968.67799175,77422908.8346018,389059.8433899587,0.0,46492651285.10007,0.0,0.0,0.0,0.0,0.0,0.0,0.0,0.0,0.0
151,13,0.0,0.0,0.0,0.0,0.0,0.0,0.0,0.0,0.0,0.0,0.0,0.0,0.0,0.0,0,0.0,0.0,0.0,0.0,0.0,0.0,0.0,0.0,0.0,0,0.0,0.0,0.0,0.0,0.0,0.0,0.0,0.0,0.0,0.0,0.0,0.0,0.0,0.0,0.0,0.0,0.0,0.0,0.0,0.0,77942416.23654665,77552704.15536392,389712.0811827333,0.0,46570593701.33662,0.0,0.0,0.0,0.0,9.458744898438454e-09,0.0,0.0,0.0,0.0
152,13,0.0,0.0,0.0,0.0,0.0,0.0,0.0,0.0,0.0,0.0,0.0,0.0,0.0,0.0,0,0.0,0.0,0.0,0.0,0.0,0.0,0.0,0.0,0.0,0,0.0,0.0,0.0,0.0,0.0,0.0,0.0,0.0,0.0,0.0,0.0,0.0,0.0,0.0,0.0,0.0,0.0,0.0,0.0,0.0,78073082.48338073,77682717.07096383,390365.4124169037,0.0,46648666783.82,0.0,0.0,0.0,0.0,9.458744898438454e-09,0.0,0.0,0.0,0.0
153,13,0.0,0.0,0.0,0.0,0.0,0.0,0.0,0.0,0.0,0.0,0.0,0.0,0.0,0.0,0,0.0,0.0,0.0,0.0,0.0,0.0,0.0,0.0,0.0,0,0.0,0.0,0.0,0.0,0.0,0.0,0.0,0.0,0.0,0.0,0.0,0.0,0.0,0.0,0.0,0.0,0.0,0.0,0.0,0.0,78203967.78511314,77812947.94618759,391019.8389255657,0.0,46726870751.60512,0.0,0.0,0.0,0.0,0.0,0.0,0.0,0.0,0.0
154,13,0.0,0.0,0.0,0.0,0.0,0.0,0.0,0.0,0.0,0.0,0.0,0.0,0.0,0.0,0,0.0,0.0,0.0,0.0,0.0,0.0,0.0,0.0,0.0,0,0.0,0.0,0.0,0.0,0.0,0.0,0.0,0.0,0.0,0.0,0.0,0.0,0.0,0.0,0.0,0.0,0.0,0.0,0.0,0.0,78335072.50897756,77943397.14643267,391675.3625448879,0.0,46805205824.1141,0.0,0.0,0.0,0.0,9.458744898438454e-09,0.0,0.0,0.0,0.0
155,13,0.0,0.0,0.0,0.0,0.0,0.0,0.0,0.0,0.0,0.0,0.0,0.0,0.0,0.0,0,0.0,0.0,0.0,0.0,0.0,0.0,0.0,0.0,0.0,0,0.0,0.0,0.0,0.0,0.0,0.0,0.0,0.0,0.0,0.0,0.0,0.0,0.0,0.0,0.0,0.0,0.0,0.0,0.0,0.0,78466397.02282327,78074065.03770916,392331.9851141164,0.0,46883672221.13692,0.0,0.0,0.0,0.0,9.458744898438454e-09,0.0,0.0,0.0,0.0
156,14,0.0,0.0,0.0,0.0,0.0,0.0,0.0,0.0,0.0,0.0,0.0,0.0,0.0,0.0,0,0.0,0.0,0.0,0.0,0.0,0.0,0.0,0.0,0.0,0,0.0,0.0,0.0,0.0,0.0,0.0,0.0,0.0,0.0,0.0,0.0,0.0,0.0,0.0,0.0,0.0,0.0,0.0,0.0,0.0,78597941.69511637,78204951.9866408,392989.70847558184,0.0,46962270162.83203,0.0,0.0,0.0,0.0,0.0,0.0,0.0,0.0,0.0
157,14,0.0,0.0,0.0,0.0,0.0,0.0,0.0,0.0,0.0,0.0,0.0,0.0,0.0,0.0,0,0.0,0.0,0.0,0.0,0.0,0.0,0.0,0.0,0.0,0,0.0,0.0,0.0,0.0,0.0,0.0,0.0,0.0,0.0,0.0,0.0,0.0,0.0,0.0,0.0,0.0,0.0,0.0,0.0,0.0,78729706.89494056,78336058.36046584,393648.5344747028,0.0,47040999869.726974,0.0,0.0,0.0,0.0,0.0,0.0,0.0,0.0,0.0
158,14,0.0,0.0,0.0,0.0,0.0,0.0,0.0,0.0,0.0,0.0,0.0,0.0,0.0,0.0,0,0.0,0.0,0.0,0.0,0.0,0.0,0.0,0.0,0.0,0,0.0,0.0,0.0,0.0,0.0,0.0,0.0,0.0,0.0,0.0,0.0,0.0,0.0,0.0,0.0,0.0,0.0,0.0,0.0,0.0,78861692.9919983,78467384.5270383,394308.46495999146,0.0,47119861562.71898,0.0,0.0,0.0,0.0,9.458744898438454e-09,0.0,0.0,0.0,0.0
159,14,0.0,0.0,0.0,0.0,0.0,0.0,0.0,0.0,0.0,0.0,0.0,0.0,0.0,0.0,0,0.0,0.0,0.0,0.0,0.0,0.0,0.0,0.0,0.0,0,0.0,0.0,0.0,0.0,0.0,0.0,0.0,0.0,0.0,0.0,0.0,0.0,0.0,0.0,0.0,0.0,0.0,0.0,0.0,0.0,78993900.35661186,78598930.8548288,394969.50178305927,0.0,47198855463.075584,0.0,0.0,0.0,0.0,0.0,0.0,0.0,0.0,0.0
160,14,0.0,0.0,0.0,0.0,0.0,0.0,0.0,0.0,0.0,0.0,0.0,0.0,0.0,0.0,0,0.0,0.0,0.0,0.0,0.0,0.0,0.0,0.0,0.0,0,0.0,0.0,0.0,0.0,0.0,0.0,0.0,0.0,0.0,0.0,0.0,0.0,0.0,0.0,0.0,0.0,0.0,0.0,0.0,0.0,79126329.35972437,78730697.71292575,395631.64679862186,0.0,47277981792.4353,0.0,0.0,0.0,0.0,9.458744898438454e-09,0.0,0.0,0.0,0.0
161,14,0.0,0.0,0.0,0.0,0.0,0.0,0.0,0.0,0.0,0.0,0.0,0.0,0.0,0.0,0,0.0,0.0,0.0,0.0,0.0,0.0,0.0,0.0,0.0,0,0.0,0.0,0.0,0.0,0.0,0.0,0.0,0.0,0.0,0.0,0.0,0.0,0.0,0.0,0.0,0.0,0.0,0.0,0.0,0.0,79258980.37290077,78862685.47103627,396294.90186450386,0.0,47357240772.808205,0.0,0.0,0.0,0.0,0.0,0.0,0.0,0.0,0.0
162,14,0.0,0.0,0.0,0.0,0.0,0.0,0.0,0.0,0.0,0.0,0.0,0.0,0.0,0.0,0,0.0,0.0,0.0,0.0,0.0,0.0,0.0,0.0,0.0,0,0.0,0.0,0.0,0.0,0.0,0.0,0.0,0.0,0.0,0.0,0.0,0.0,0.0,0.0,0.0,0.0,0.0,0.0,0.0,0.0,79391853.76832892,78994894.49948728,396959.26884164463,0.0,47436632626.57653,0.0,0.0,0.0,0.0,0.0,0.0,0.0,0.0,0.0
163,14,0.0,0.0,0.0,0.0,0.0,0.0,0.0,0.0,0.0,0.0,0.0,0.0,0.0,0.0,0,0.0,0.0,0.0,0.0,0.0,0.0,0.0,0.0,0.0,0,0.0,0.0,0.0,0.0,0.0,0.0,0.0,0.0,0.0,0.0,0.0,0.0,0.0,0.0,0.0,0.0,0.0,0.0,0.0,0.0,79524949.91882066,79127325.16922656,397624.7495941033,0.0,47516157576.495346,0.0,0.0,0.0,0.0,9.458744898438454e-09,0.0,0.0,0.0,0.0
164,14,0.0,0.0,0.0,0.0,0.0,0.0,0.0,0.0,0.0,0.0,0.0,0.0,0.0,0.0,0,0.0,0.0,0.0,0.0,0.0,0.0,0.0,0.0,0.0,0,0.0,0.0,0.0,0.0,0.0,0.0,0.0,0.0,0.0,0.0,0.0,0.0,0.0,0.0,0.0,0.0,0.0,0.0,0.0,0.0,79658269.19781281,79259977.85182376,398291.3459890641,0.0,47595815845.69316,9.458744898438454e-09,0.0,0.0,0.0,0.0,0.0,0.0,0.0,0.0
165,14,0.0,0.0,0.0,0.0,0.0,0.0,0.0,0.0,0.0,0.0,0.0,0.0,0.0,0.0,0,0.0,0.0,0.0,0.0,0.0,0.0,0.0,0.0,0.0,0,0.0,0.0,0.0,0.0,0.0,0.0,0.0,0.0,0.0,0.0,0.0,0.0,0.0,0.0,0.0,0.0,0.0,0.0,0.0,0.0,79791811.97936825,79392852.91947141,398959.0598968413,0.0,47675607657.67252,0.0,0.0,0.0,0.0,0.0,0.0,0.0,0.0,0.0
166,14,0.0,0.0,0.0,0.0,0.0,0.0,0.0,0.0,0.0,0.0,0.0,0.0,0.0,0.0,0,0.0,0.0,0.0,0.0,0.0,0.0,0.0,0.0,0.0,0,0.0,0.0,0.0,0.0,0.0,0.0,0.0,0.0,0.0,0.0,0.0,0.0,0.0,0.0,0.0,0.0,0.0,0.0,0.0,0.0,79925578.6381769,79525950.74498603,399627.8931908845,0.0,47755533236.3107,9.458744898438454e-09,0.0,0.0,0.0,0.0,0.0,0.0,0.0,0.0
167,14,0.0,0.0,0.0,0.0,0.0,0.0,0.0,0.0,0.0,0.0,0.0,0.0,0.0,0.0,0,0.0,0.0,0.0,0.0,0.0,0.0,0.0,0.0,0.0,0,0.0,0.0,0.0,0.0,0.0,0.0,0.0,0.0,0.0,0.0,0.0,0.0,0.0,0.0,0.0,0.0,0.0,0.0,0.0,0.0,80059569.54955693,79659271.70180914,400297.84774778463,0.0,47835592805.86026,0.0,0.0,0.0,0.0,0.0,0.0,0.0,0.0,0.0
168,15,0.0,0.0,0.0,0.0,0.0,0.0,0.0,0.0,0.0,0.0,0.0,0.0,0.0,0.0,0,0.0,0.0,0.0,0.0,0.0,0.0,0.0,0.0,0.0,0,0.0,0.0,0.0,0.0,0.0,0.0,0.0,0.0,0.0,0.0,0.0,0.0,0.0,0.0,0.0,0.0,0.0,0.0,0.0,0.0,80193785.08945559,79792816.16400832,400968.925447278,0.0,47915786590.949715,0.0,0.0,0.0,0.0,0.0,0.0,0.0,0.0,0.0
169,15,0.0,0.0,0.0,0.0,0.0,0.0,0.0,0.0,0.0,0.0,0.0,0.0,0.0,0.0,0,0.0,0.0,0.0,0.0,0.0,0.0,0.0,0.0,0.0,0,0.0,0.0,0.0,0.0,0.0,0.0,0.0,0.0,0.0,0.0,0.0,0.0,0.0,0.0,0.0,0.0,0.0,0.0,0.0,0.0,80328225.6344505,79926584.50627823,401641.1281722525,0.0,47996114816.58417,0.0,0.0,0.0,0.0,0.0,0.0,0.0,0.0,0.0
170,15,0.0,0.0,0.0,0.0,0.0,0.0,0.0,0.0,0.0,0.0,0.0,0.0,0.0,0.0,0,0.0,0.0,0.0,0.0,0.0,0.0,0.0,0.0,0.0,0,0.0,0.0,0.0,0.0,0.0,0.0,0.0,0.0,0.0,0.0,0.0,0.0,0.0,0.0,0.0,0.0,0.0,0.0,0.0,0.0,80462891.5617505,80060577.10394175,402314.4578087525,0.0,48076577708.14591,0.0,0.0,0.0,0.0,0.0,0.0,0.0,0.0,0.0
171,15,0.0,0.0,0.0,0.0,0.0,0.0,0.0,0.0,0.0,0.0,0.0,0.0,0.0,0.0,0,0.0,0.0,0.0,0.0,0.0,0.0,0.0,0.0,0.0,0,0.0,0.0,0.0,0.0,0.0,0.0,0.0,0.0,0.0,0.0,0.0,0.0,0.0,0.0,0.0,0.0,0.0,0.0,0.0,0.0,80597783.24919684,80194794.33295086,402988.91624598426,0.0,48157175491.39512,0.0,0.0,0.0,0.0,0.0,0.0,0.0,0.0,0.0
172,15,0.0,0.0,0.0,0.0,0.0,0.0,0.0,0.0,0.0,0.0,0.0,0.0,0.0,0.0,0,0.0,0.0,0.0,0.0,0.0,0.0,0.0,0.0,0.0,0,0.0,0.0,0.0,0.0,0.0,0.0,0.0,0.0,0.0,0.0,0.0,0.0,0.0,0.0,0.0,0.0,0.0,0.0,0.0,0.0,80732901.07526423,80329236.5698879,403664.50537632115,0.0,48237908392.47038,0.0,0.0,0.0,0.0,9.458744898438454e-09,0.0,0.0,0.0,0.0
173,15,0.0,0.0,0.0,0.0,0.0,0.0,0.0,0.0,0.0,0.0,0.0,0.0,0.0,0.0,0,0.0,0.0,0.0,0.0,0.0,0.0,0.0,0.0,0.0,0,0.0,0.0,0.0,0.0,0.0,0.0,0.0,0.0,0.0,0.0,0.0,0.0,0.0,0.0,0.0,0.0,0.0,0.0,0.0,0.0,80868245.41906182,80463904.19196652,404341.2270953091,0.0,48318776637.88945,0.0,0.0,0.0,0.0,0.0,0.0,0.0,0.0,0.0
174,15,0.0,0.0,0.0,0.0,0.0,0.0,0.0,0.0,0.0,0.0,0.0,0.0,0.0,0.0,0,0.0,0.0,0.0,0.0,0.0,0.0,0.0,0.0,0.0,0,0.0,0.0,0.0,0.0,0.0,0.0,0.0,0.0,0.0,0.0,0.0,0.0,0.0,0.0,0.0,0.0,0.0,0.0,0.0,0.0,81003816.66033438,80598797.5770327,405019.0833016719,0.0,48399780454.54978,0.0,0.0,0.0,0.0,9.458744898438454e-09,0.0,0.0,0.0,0.0
175,15,0.0,0.0,0.0,0.0,0.0,0.0,0.0,0.0,0.0,0.0,0.0,0.0,0.0,0.0,0,0.0,0.0,0.0,0.0,0.0,0.0,0.0,0.0,0.0,0,0.0,0.0,0.0,0.0,0.0,0.0,0.0,0.0,0.0,0.0,0.0,0.0,0.0,0.0,0.0,0.0,0.0,0.0,0.0,0.0,81139615.17946315,80733917.10356584,405698.0758973158,0.0,48480920069.72924,0.0,0.0,0.0,0.0,0.0,0.0,0.0,0.0,0.0
176,15,0.0,0.0,0.0,0.0,0.0,0.0,0.0,0.0,0.0,0.0,0.0,0.0,0.0,0.0,0,0.0,0.0,0.0,0.0,0.0,0.0,0.0,0.0,0.0,0,0.0,0.0,0.0,0.0,0.0,0.0,0.0,0.0,0.0,0.0,0.0,0.0,0.0,0.0,0.0,0.0,0.0,0.0,0.0,0.0,81275641.35746731,80869263.15067996,406378.2067873365,0.0,48562195711.08671,0.0,0.0,0.0,0.0,9.458744898438454e-09,0.0,0.0,0.0,0.0
177,15,0.0,0.0,0.0,0.0,0.0,0.0,0.0,0.0,0.0,0.0,0.0,0.0,0.0,0.0,0,0.0,0.0,0.0,0.0,0.0,0.0,0.0,0.0,0.0,0,0.0,0.0,0.0,0.0,0.0,0.0,0.0,0.0,0.0,0.0,0.0,0.0,0.0,0.0,0.0,0.0,0.0,0.0,0.0,0.0,81411895.57600453,81004836.09812452,407059.47788002266,0.0,48643607606.66272,0.0,0.0,0.0,0.0,0.0,0.0,0.0,0.0,0.0
178,15,0.0,0.0,0.0,0.0,0.0,0.0,0.0,0.0,0.0,0.0,0.0,0.0,0.0,0.0,0,0.0,0.0,0.0,0.0,0.0,0.0,0.0,0.0,0.0,0,0.0,0.0,0.0,0.0,0.0,0.0,0.0,0.0,0.0,0.0,0.0,0.0,0.0,0.0,0.0,0.0,0.0,0.0,0.0,0.0,81548378.21737254,81140636.32628568,407741.8910868627,0.0,48725155984.8801,0.0,0.0,0.0,0.0,0.0,0.0,0.0,0.0,0.0
179,15,0.0,0.0,0.0,0.0,0.0,0.0,0.0,0.0,0.0,0.0,0.0,0.0,0.0,0.0,0,0.0,0.0,0.0,0.0,0.0,0.0,0.0,0.0,0.0,0,0.0,0.0,0.0,0.0,0.0,0.0,0.0,0.0,0.0,0.0,0.0,0.0,0.0,0.0,0.0,0.0,0.0,0.0,0.0,0.0,81685089.6645098,81276664.21618724,408425.448322549,0.0,48806841074.5446,0.0,0.0,0.0,0.0,9.458744898438454e-09,0.0,0.0,0.0,0.0
180,16,0.0,0.0,0.0,0.0,0.0,0.0,0.0,0.0,0.0,0.0,0.0,0.0,0.0,0.0,0,0.0,0.0,0.0,0.0,0.0,0.0,0.0,0.0,0.0,0,0.0,0.0,0.0,0.0,0.0,0.0,0.0,0.0,0.0,0.0,0.0,0.0,0.0,0.0,0.0,0.0,0.0,0.0,0.0,0.0,81822030.30099681,81412920.14949183,409110.151504984,0.0,48888663104.8456,9.458744898438454e-09,0.0,0.0,0.0,0.0,0.0,0.0,0.0,0.0
181,16,0.0,0.0,0.0,0.0,0.0,0.0,0.0,0.0,0.0,0.0,0.0,0.0,0.0,0.0,0,0.0,0.0,0.0,0.0,0.0,0.0,0.0,0.0,0.0,0,0.0,0.0,0.0,0.0,0.0,0.0,0.0,0.0,0.0,0.0,0.0,0.0,0.0,0.0,0.0,0.0,0.0,0.0,0.0,0.0,81959200.51105715,81549404.50850187,409796.0025552858,0.0,48970622305.35665,0.0,0.0,0.0,0.0,0.0,0.0,0.0,0.0,0.0
182,16,0.0,0.0,0.0,0.0,0.0,0.0,0.0,0.0,0.0,0.0,0.0,0.0,0.0,0.0,0,0.0,0.0,0.0,0.0,0.0,0.0,0.0,0.0,0.0,0,0.0,0.0,0.0,0.0,0.0,0.0,0.0,0.0,0.0,0.0,0.0,0.0,0.0,0.0,0.0,0.0,0.0,0.0,0.0,0.0,82096600.67955852,81686117.67616072,410483.0033977926,0.0,49052718906.03621,9.458744898438454e-09,0.0,0.0,0.0,0.0,0.0,0.0,0.0,0.0
183,16,0.0,0.0,0.0,0.0,0.0,0.0,0.0,0.0,0.0,0.0,0.0,0.0,0.0,0.0,0,0.0,0.0,0.0,0.0,0.0,0.0,0.0,0.0,0.0,0,0.0,0.0,0.0,0.0,0.0,0.0,0.0,0.0,0.0,0.0,0.0,0.0,0.0,0.0,0.0,0.0,0.0,0.0,0.0,0.0,82234231.19201376,81823060.03605369,411171.1559600688,0.0,49134953137.228226,0.0,0.0,0.0,0.0,9.458744898438454e-09,0.0,0.0,0.0,0.0
184,16,0.0,0.0,0.0,0.0,0.0,0.0,0.0,0.0,0.0,0.0,0.0,0.0,0.0,0.0,0,0.0,0.0,0.0,0.0,0.0,0.0,0.0,0.0,0.0,0,0.0,0.0,0.0,0.0,0.0,0.0,0.0,0.0,0.0,0.0,0.0,0.0,0.0,0.0,0.0,0.0,0.0,0.0,0.0,0.0,82372092.4345821,81960231.97240919,411860.4621729105,0.0,49217325229.6628,0.0,0.0,0.0,0.0,0.0,0.0,0.0,0.0,0.0
185,16,0.0,0.0,0.0,0.0,0.0,0.0,0.0,0.0,0.0,0.0,0.0,0.0,0.0,0.0,0,0.0,0.0,0.0,0.0,0.0,0.0,0.0,0.0,0.0,0,0.0,0.0,0.0,0.0,0.0,0.0,0.0,0.0,0.0,0.0,0.0,0.0,0.0,0.0,0.0,0.0,0.0,0.0,0.0,0.0,82510184.79407008,82097633.87009974,412550.9239703505,0.0,49299835414.45688,0.0,0.0,0.0,0.0,0.0,0.0,0.0,0.0,0.0
186,16,0.0,0.0,0.0,0.0,0.0,0.0,0.0,0.0,0.0,0.0,0.0,0.0,0.0,0.0,0,0.0,0.0,0.0,0.0,0.0,0.0,0.0,0.0,0.0,0,0.0,0.0,0.0,0.0,0.0,0.0,0.0,0.0,0.0,0.0,0.0,0.0,0.0,0.0,0.0,0.0,0.0,0.0,0.0,0.0,82648508.65793273,82235266.11464307,413242.5432896637,0.0,49382483923.11481,0.0,0.0,0.0,0.0,0.0,0.0,0.0,0.0,0.0
187,16,0.0,0.0,0.0,0.0,0.0,0.0,0.0,0.0,0.0,0.0,0.0,0.0,0.0,0.0,0,0.0,0.0,0.0,0.0,0.0,0.0,0.0,0.0,0.0,0,0.0,0.0,0.0,0.0,0.0,0.0,0.0,0.0,0.0,0.0,0.0,0.0,0.0,0.0,0.0,0.0,0.0,0.0,0.0,0.0,82787064.4142746,82373129.09220323,413935.322071373,0.0,49465270987.52908,0.0,0.0,0.0,0.0,0.0,0.0,0.0,0.0,0.0
188,16,0.0,0.0,0.0,0.0,0.0,0.0,0.0,0.0,0.0,0.0,0.0,0.0,0.0,0.0,0,0.0,0.0,0.0,0.0,0.0,0.0,0.0,0.0,0.0,0,0.0,0.0,0.0,0.0,0.0,0.0,0.0,0.0,0.0,0.0,0.0,0.0,0.0,0.0,0.0,0.0,0.0,0.0,0.0,0.0,82925852.45185094,82511223.18959168,414629.26225925464,0.0,49548196839.980934,0.0,0.0,0.0,0.0,0.0,0.0,0.0,0.0,0.0
189,16,0.0,0.0,0.0,0.0,0.0,0.0,0.0,0.0,0.0,0.0,0.0,0.0,0.0,0.0,0,0.0,0.0,0.0,0.0,0.0,0.0,0.0,0.0,0.0,0,0.0,0.0,0.0,0.0,0.0,0.0,0.0,0.0,0.0,0.0,0.0,0.0,0.0,0.0,0.0,0.0,0.0,0.0,0.0,0.0,83064873.16006862,82649548.79426828,415324.3658003431,0.0,49631261713.14101,0.0,0.0,0.0,0.0,0.0,0.0,0.0,0.0,0.0
190,16,0.0,0.0,0.0,0.0,0.0,0.0,0.0,0.0,0.0,0.0,0.0,0.0,0.0,0.0,0,0.0,0.0,0.0,0.0,0.0,0.0,0.0,0.0,0.0,0,0.0,0.0,0.0,0.0,0.0,0.0,0.0,0.0,0.0,0.0,0.0,0.0,0.0,0.0,0.0,0.0,0.0,0.0,0.0,0.0,83204126.92898743,82788106.29434249,416020.6346449372,0.0,49714465840.06999,0.0,0.0,0.0,0.0,0.0,0.0,0.0,0.0,0.0
191,16,0.0,0.0,0.0,0.0,0.0,0.0,0.0,0.0,0.0,0.0,0.0,0.0,0.0,0.0,0,0.0,0.0,0.0,0.0,0.0,0.0,0.0,0.0,0.0,0,0.0,0.0,0.0,0.0,0.0,0.0,0.0,0.0,0.0,0.0,0.0,0.0,0.0,0.0,0.0,0.0,0.0,0.0,0.0,0.0,83343614.14932103,82926896.07857442,416718.07074660517,0.0,49797809454.219315,0.0,0.0,0.0,0.0,0.0,0.0,0.0,0.0,0.0
192,17,0.0,0.0,0.0,0.0,0.0,0.0,0.0,0.0,0.0,0.0,0.0,0.0,0.0,0.0,0,0.0,0.0,0.0,0.0,0.0,0.0,0.0,0.0,0.0,0,0.0,0.0,0.0,0.0,0.0,0.0,0.0,0.0,0.0,0.0,0.0,0.0,0.0,0.0,0.0,0.0,0.0,0.0,0.0,0.0,83483335.21243809,83065918.5363759,417416.6760621905,0.0,49881292789.431755,0.0,0.0,0.0,0.0,9.458744898438454e-09,0.0,0.0,0.0,0.0
193,17,0.0,0.0,0.0,0.0,0.0,0.0,0.0,0.0,0.0,0.0,0.0,0.0,0.0,0.0,0,0.0,0.0,0.0,0.0,0.0,0.0,0.0,0.0,0.0,0,0.0,0.0,0.0,0.0,0.0,0.0,0.0,0.0,0.0,0.0,0.0,0.0,0.0,0.0,0.0,0.0,0.0,0.0,0.0,0.0,83623290.51036339,83205174.05781157,418116.4525518169,0.0,49964916079.94212,0.0,0.0,0.0,0.0,0.0,0.0,0.0,0.0,0.0
194,17,0.0,0.0,0.0,0.0,0.0,0.0,0.0,0.0,0.0,0.0,0.0,0.0,0.0,0.0,0,0.0,0.0,0.0,0.0,0.0,0.0,0.0,0.0,0.0,0,0.0,0.0,0.0,0.0,0.0,0.0,0.0,0.0,0.0,0.0,0.0,0.0,0.0,0.0,0.0,0.0,0.0,0.0,0.0,0.0,83763480.4357789,83344663.03360002,418817.40217889455,0.0,50048679560.3779,0.0,0.0,0.0,0.0,0.0,0.0,0.0,0.0,0.0
195,17,0.0,0.0,0.0,0.0,0.0,0.0,0.0,0.0,0.0,0.0,0.0,0.0,0.0,0.0,0,0.0,0.0,0.0,0.0,0.0,0.0,0.0,0.0,0.0,0,0.0,0.0,0.0,0.0,0.0,0.0,0.0,0.0,0.0,0.0,0.0,0.0,0.0,0.0,0.0,0.0,0.0,0.0,0.0,0.0,83903905.38202497,83484385.85511485,419519.5269101249,0.0,50132583465.759926,0.0,0.0,0.0,0.0,0.0,0.0,0.0,0.0,0.0
196,17,0.0,0.0,0.0,0.0,0.0,0.0,0.0,0.0,0.0,0.0,0.0,0.0,0.0,0.0,0,0.0,0.0,0.0,0.0,0.0,0.0,0.0,0.0,0.0,0,0.0,0.0,0.0,0.0,0.0,0.0,0.0,0.0,0.0,0.0,0.0,0.0,0.0,0.0,0.0,0.0,0.0,0.0,0.0,0.0,84044565.7431013,83624342.9143858,420222.82871550653,0.0,50216628031.50302,0.0,0.0,0.0,0.0,9.458744898438454e-09,0.0,0.0,0.0,0.0
197,17,0.0,0.0,0.0,0.0,0.0,0.0,0.0,0.0,0.0,0.0,0.0,0.0,0.0,0.0,0,0.0,0.0,0.0,0.0,0.0,0.0,0.0,0.0,0.0,0,0.0,0.0,0.0,0.0,0.0,0.0,0.0,0.0,0.0,0.0,0.0,0.0,0.0,0.0,0.0,0.0,0.0,0.0,0.0,0.0,84185461.9136681,83764534.60409977,420927.30956834054,0.0,50300813493.416695,0.0,0.0,0.0,0.0,0.0,0.0,0.0,0.0,0.0
198,17,0.0,0.0,0.0,0.0,0.0,0.0,0.0,0.0,0.0,0.0,0.0,0.0,0.0,0.0,0,0.0,0.0,0.0,0.0,0.0,0.0,0.0,0.0,0.0,0,0.0,0.0,0.0,0.0,0.0,0.0,0.0,0.0,0.0,0.0,0.0,0.0,0.0,0.0,0.0,0.0,0.0,0.0,0.0,0.0,84326594.28904727,83904961.31760204,421632.97144523636,0.0,50385140087.70574,0.0,0.0,0.0,0.0,0.0,0.0,0.0,0.0,0.0
199,17,0.0,0.0,0.0,0.0,0.0,0.0,0.0,0.0,0.0,0.0,0.0,0.0,0.0,0.0,0,0.0,0.0,0.0,0.0,0.0,0.0,0.0,0.0,0.0,0,0.0,0.0,0.0,0.0,0.0,0.0,0.0,0.0,0.0,0.0,0.0,0.0,0.0,0.0,0.0,0.0,0.0,0.0,0.0,0.0,84467963.26522338,84045623.44889726,422339.8163261169,0.0,50469608050.97096,0.0,0.0,0.0,0.0,0.0,0.0,0.0,0.0,0.0
200,17,0.0,0.0,0.0,0.0,0.0,0.0,0.0,0.0,0.0,0.0,0.0,0.0,0.0,0.0,0,0.0,0.0,0.0,0.0,0.0,0.0,0.0,0.0,0.0,0,0.0,0.0,0.0,0.0,0.0,0.0,0.0,0.0,0.0,0.0,0.0,0.0,0.0,0.0,0.0,0.0,0.0,0.0,0.0,0.0,84609569.23884489,84186521.39265065,423047.84619422443,0.0,50554217620.20981,0.0,0.0,0.0,0.0,0.0,0.0,0.0,0.0,0.0
201,17,0.0,0.0,0.0,0.0,0.0,0.0,0.0,0.0,0.0,0.0,0.0,0.0,0.0,0.0,0,0.0,0.0,0.0,0.0,0.0,0.0,0.0,0.0,0.0,0,0.0,0.0,0.0,0.0,0.0,0.0,0.0,0.0,0.0,0.0,0.0,0.0,0.0,0.0,0.0,0.0,0.0,0.0,0.0,0.0,84751412.60722516,84327655.54418904,423757.0630361258,0.0,50638969032.81704,0.0,0.0,0.0,0.0,0.0,0.0,0.0,0.0,0.0
202,17,0.0,0.0,0.0,0.0,0.0,0.0,0.0,0.0,0.0,0.0,0.0,0.0,0.0,0.0,0,0.0,0.0,0.0,0.0,0.0,0.0,0.0,0.0,0.0,0,0.0,0.0,0.0,0.0,0.0,0.0,0.0,0.0,0.0,0.0,0.0,0.0,0.0,0.0,0.0,0.0,0.0,0.0,0.0,0.0,84893493.76834373,84469026.29950202,424467.4688417186,0.0,50723862526.58538,0.0,0.0,0.0,0.0,0.0,0.0,0.0,0.0,0.0
203,17,0.0,0.0,0.0,0.0,0.0,0.0,0.0,0.0,0.0,0.0,0.0,0.0,0.0,0.0,0,0.0,0.0,0.0,0.0,0.0,0.0,0.0,0.0,0.0,0,0.0,0.0,0.0,0.0,0.0,0.0,0.0,0.0,0.0,0.0,0.0,0.0,0.0,0.0,0.0,0.0,0.0,0.0,0.0,0.0,85035813.12084725,84610634.05524302,425179.06560423627,0.0,50808898339.70622,0.0,0.0,0.0,0.0,0.0,0.0,0.0,0.0,0.0
204,18,0.0,0.0,0.0,0.0,0.0,0.0,0.0,0.0,0.0,0.0,0.0,0.0,0.0,0.0,0,0.0,0.0,0.0,0.0,0.0,0.0,0.0,0.0,0.0,0,0.0,0.0,0.0,0.0,0.0,0.0,0.0,0.0,0.0,0.0,0.0,0.0,0.0,0.0,0.0,0.0,0.0,0.0,0.0,0.0,85178371.06405067,84752479.20873043,425891.8553202534,0.0,50894076710.77028,0.0,0.0,0.0,0.0,0.0,0.0,0.0,0.0,0.0
205,18,0.0,0.0,0.0,0.0,0.0,0.0,0.0,0.0,0.0,0.0,0.0,0.0,0.0,0.0,0,0.0,0.0,0.0,0.0,0.0,0.0,0.0,0.0,0.0,0,0.0,0.0,0.0,0.0,0.0,0.0,0.0,0.0,0.0,0.0,0.0,0.0,0.0,0.0,0.0,0.0,0.0,0.0,0.0,0.0,85321167.99793842,84894562.15794873,426605.8399896921,0.0,50979397878.76822,0.0,0.0,0.0,0.0,0.0,0.0,0.0,0.0,0.0
206,18,0.0,0.0,0.0,0.0,0.0,0.0,0.0,0.0,0.0,0.0,0.0,0.0,0.0,0.0,0,0.0,0.0,0.0,0.0,0.0,0.0,0.0,0.0,0.0,0,0.0,0.0,0.0,0.0,0.0,0.0,0.0,0.0,0.0,0.0,0.0,0.0,0.0,0.0,0.0,0.0,0.0,0.0,0.0,0.0,85464204.3231655,85036883.30154966,427321.0216158275,0.0,51064862083.091385,0.0,0.0,0.0,0.0,9.458744898438454e-09,0.0,0.0,0.0,7.275957614183426e-12
207,18,0.0,0.0,0.0,0.0,0.0,0.0,0.0,0.0,0.0,0.0,0.0,0.0,0.0,0.0,0,0.0,0.0,0.0,0.0,0.0,0.0,0.0,0.0,0.0,0,0.0,0.0,0.0,0.0,0.0,0.0,0.0,0.0,0.0,0.0,0.0,0.0,0.0,0.0,0.0,0.0,0.0,0.0,0.0,0.0,85607480.44105847,85179443.03885318,428037.4022052924,0.0,51150469563.53244,0.0,0.0,0.0,0.0,9.458744898438454e-09,0.0,0.0,0.0,-7.275957614183426e-12
208,18,0.0,0.0,0.0,0.0,0.0,0.0,0.0,0.0,0.0,0.0,0.0,0.0,0.0,0.0,0,0.0,0.0,0.0,0.0,0.0,0.0,0.0,0.0,0.0,0,0.0,0.0,0.0,0.0,0.0,0.0,0.0,0.0,0.0,0.0,0.0,0.0,0.0,0.0,0.0,0.0,0.0,0.0,0.0,0.0,85750996.75361682,85322241.76984875,428754.98376808414,0.0,51236220560.286064,0.0,0.0,0.0,0.0,0.0,0.0,0.0,0.0,-1.4551915228366852e-11
209,18,0.0,0.0,0.0,0.0,0.0,0.0,0.0,0.0,0.0,0.0,0.0,0.0,0.0,0.0,0,0.0,0.0,0.0,0.0,0.0,0.0,0.0,0.0,0.0,0,0.0,0.0,0.0,0.0,0.0,0.0,0.0,0.0,0.0,0.0,0.0,0.0,0.0,0.0,0.0,0.0,0.0,0.0,0.0,0.0,85894753.66351393,85465279.89519636,429473.76831756963,0.0,51322115313.94957,0.0,0.0,0.0,0.0,0.0,0.0,0.0,0.0,0.0
210,18,0.0,0.0,0.0,0.0,0.0,0.0,0.0,0.0,0.0,0.0,0.0,0.0,0.0,0.0,0,0.0,0.0,0.0,0.0,0.0,0.0,0.0,0.0,0.0,0,0.0,0.0,0.0,0.0,0.0,0.0,0.0,0.0,0.0,0.0,0.0,0.0,0.0,0.0,0.0,0.0,0.0,0.0,0.0,0.0,86038751.5740982,85608557.81622769,430193.75787049095,0.0,51408154065.52367,0.0,0.0,0.0,0.0,1.8917489796876907e-08,0.0,0.0,0.0,0.0
211,18,0.0,0.0,0.0,0.0,0.0,0.0,0.0,0.0,0.0,0.0,0.0,0.0,0.0,0.0,0,0.0,0.0,0.0,0.0,0.0,0.0,0.0,0.0,0.0,0,0.0,0.0,0.0,0.0,0.0,0.0,0.0,0.0,0.0,0.0,0.0,0.0,0.0,0.0,0.0,0.0,0.0,0.0,0.0,0.0,86182990.88939424,85752075.93494728,430914.9544469712,0.0,51494337056.41306,0.0,0.0,0.0,0.0,0.0,0.0,0.0,0.0,0.0
212,18,0.0,0.0,0.0,0.0,0.0,0.0,0.0,0.0,0.0,0.0,0.0,0.0,0.0,0.0,0,0.0,0.0,0.0,0.0,0.0,0.0,0.0,0.0,0.0,0,0.0,0.0,0.0,0.0,0.0,0.0,0.0,0.0,0.0,0.0,0.0,0.0,0.0,0.0,0.0,0.0,0.0,0.0,0.0,0.0,86327472.01410404,85895834.65403353,431637.36007052026,0.0,51580664528.42717,0.0,0.0,0.0,0.0,0.0,0.0,0.0,0.0,0.0
213,18,0.0,0.0,0.0,0.0,0.0,0.0,0.0,0.0,0.0,0.0,0.0,0.0,0.0,0.0,0,0.0,0.0,0.0,0.0,0.0,0.0,0.0,0.0,0.0,0,0.0,0.0,0.0,0.0,0.0,0.0,0.0,0.0,0.0,0.0,0.0,0.0,0.0,0.0,0.0,0.0,0.0,0.0,0.0,0.0,86472195.353608,86039834.37683995,432360.97676804004,0.0,51667136723.78078,0.0,0.0,0.0,0.0,0.0,0.0,0.0,0.0,0.0
214,18,0.0,0.0,0.0,0.0,0.0,0.0,0.0,0.0,0.0,0.0,0.0,0.0,0.0,0.0,0,0.0,0.0,0.0,0.0,0.0,0.0,0.0,0.0,0.0,0,0.0,0.0,0.0,0.0,0.0,0.0,0.0,0.0,0.0,0.0,0.0,0.0,0.0,0.0,0.0,0.0,0.0,0.0,0.0,0.0,86617161.31396611,86184075.50739627,433085.8065698306,0.0,51753753885.09474,0.0,0.0,0.0,0.0,1.8917489796876907e-08,0.0,0.0,0.0,0.0
215,18,0.0,0.0,0.0,0.0,0.0,0.0,0.0,0.0,0.0,0.0,0.0,0.0,0.0,0.0,0,0.0,0.0,0.0,0.0,0.0,0.0,0.0,0.0,0.0,0,0.0,0.0,0.0,0.0,0.0,0.0,0.0,0.0,0.0,0.0,0.0,0.0,0.0,0.0,0.0,0.0,0.0,0.0,0.0,0.0,86762370.30191909,86328558.45040952,433811.85150959546,0.0,51840516255.39667,0.0,0.0,0.0,0.0,0.0,0.0,0.0,0.0,0.0
216,19,0.0,0.0,0.0,0.0,0.0,0.0,0.0,0.0,0.0,0.0,0.0,0.0,0.0,0.0,0,0.0,0.0,0.0,0.0,0.0,0.0,0.0,0.0,0.0,0,0.0,0.0,0.0,0.0,0.0,0.0,0.0,0.0,0.0,0.0,0.0,0.0,0.0,0.0,0.0,0.0,0.0,0.0,0.0,0.0,86907822.72488964,86473283.61126518,434539.1136244482,0.0,51927424078.12155,0.0,0.0,0.0,0.0,0.0,0.0,0.0,0.0,0.0
217,19,0.0,0.0,0.0,0.0,0.0,0.0,0.0,0.0,0.0,0.0,0.0,0.0,0.0,0.0,0,0.0,0.0,0.0,0.0,0.0,0.0,0.0,0.0,0.0,0,0.0,0.0,0.0,0.0,0.0,0.0,0.0,0.0,0.0,0.0,0.0,0.0,0.0,0.0,0.0,0.0,0.0,0.0,0.0,0.0,87053518.99098334,86618251.39602841,435267.5949549167,0.0,52014477597.11254,0.0,0.0,0.0,0.0,0.0,0.0,0.0,0.0,0.0
218,19,0.0,0.0,0.0,0.0,0.0,0.0,0.0,0.0,0.0,0.0,0.0,0.0,0.0,0.0,0,0.0,0.0,0.0,0.0,0.0,0.0,0.0,0.0,0.0,0,0.0,0.0,0.0,0.0,0.0,0.0,0.0,0.0,0.0,0.0,0.0,0.0,0.0,0.0,0.0,0.0,0.0,0.0,0.0,0.0,87199459.50899002,86763462.21144506,435997.2975449501,0.0,52101677056.62153,0.0,0.0,0.0,0.0,0.0,0.0,0.0,0.0,0.0
219,19,0.0,0.0,0.0,0.0,0.0,0.0,0.0,0.0,0.0,0.0,0.0,0.0,0.0,0.0,0,0.0,0.0,0.0,0.0,0.0,0.0,0.0,0.0,0.0,0,0.0,0.0,0.0,0.0,0.0,0.0,0.0,0.0,0.0,0.0,0.0,0.0,0.0,0.0,0.0,0.0,0.0,0.0,0.0,0.0,87345644.6883848,86908916.46494286,436728.22344192397,0.0,52189022701.30991,0.0,0.0,0.0,0.0,1.8917489796876907e-08,0.0,0.0,0.0,0.0
220,19,0.0,0.0,0.0,0.0,0.0,0.0,0.0,0.0,0.0,0.0,0.0,0.0,0.0,0.0,0,0.0,0.0,0.0,0.0,0.0,0.0,0.0,0.0,0.0,0,0.0,0.0,0.0,0.0,0.0,0.0,0.0,0.0,0.0,0.0,0.0,0.0,0.0,0.0,0.0,0.0,0.0,0.0,0.0,0.0,87492074.93932927,87054614.56463264,437460.37469664635,0.0,52276514776.249245,0.0,0.0,0.0,0.0,0.0,0.0,0.0,0.0,0.0
221,19,0.0,0.0,0.0,0.0,0.0,0.0,0.0,0.0,0.0,0.0,0.0,0.0,0.0,0.0,0,0.0,0.0,0.0,0.0,0.0,0.0,0.0,0.0,0.0,0,0.0,0.0,0.0,0.0,0.0,0.0,0.0,0.0,0.0,0.0,0.0,0.0,0.0,0.0,0.0,0.0,0.0,0.0,0.0,0.0,87638750.67267266,87200556.91930932,438193.7533633633,0.0,52364153526.92192,1.8917489796876907e-08,0.0,0.0,0.0,0.0,0.0,0.0,0.0,0.0
222,19,0.0,0.0,0.0,0.0,0.0,0.0,0.0,0.0,0.0,0.0,0.0,0.0,0.0,0.0,0,0.0,0.0,0.0,0.0,0.0,0.0,0.0,0.0,0.0,0,0.0,0.0,0.0,0.0,0.0,0.0,0.0,0.0,0.0,0.0,0.0,0.0,0.0,0.0,0.0,0.0,0.0,0.0,0.0,0.0,87785672.29995292,87346743.93845315,438928.3614997646,0.0,52451939199.22187,0.0,0.0,0.0,0.0,1.8917489796876907e-08,0.0,0.0,0.0,0.0
223,19,0.0,0.0,0.0,0.0,0.0,0.0,0.0,0.0,0.0,0.0,0.0,0.0,0.0,0.0,0,0.0,0.0,0.0,0.0,0.0,0.0,0.0,0.0,0.0,0,0.0,0.0,0.0,0.0,0.0,0.0,0.0,0.0,0.0,0.0,0.0,0.0,0.0,0.0,0.0,0.0,0.0,0.0,0.0,0.0,87932840.23339792,87493176.03223094,439664.20116698963,0.0,52539872039.45527,0.0,0.0,0.0,0.0,0.0,0.0,0.0,0.0,0.0
224,19,0.0,0.0,0.0,0.0,0.0,0.0,0.0,0.0,0.0,0.0,0.0,0.0,0.0,0.0,0,0.0,0.0,0.0,0.0,0.0,0.0,0.0,0.0,0.0,0,0.0,0.0,0.0,0.0,0.0,0.0,0.0,0.0,0.0,0.0,0.0,0.0,0.0,0.0,0.0,0.0,0.0,0.0,0.0,0.0,88080254.8859267,87639853.61149706,440401.2744296335,0.0,52627952294.341194,0.0,0.0,0.0,0.0,0.0,0.0,0.0,0.0,0.0
225,19,0.0,0.0,0.0,0.0,0.0,0.0,0.0,0.0,0.0,0.0,0.0,0.0,0.0,0.0,0,0.0,0.0,0.0,0.0,0.0,0.0,0.0,0.0,0.0,0,0.0,0.0,0.0,0.0,0.0,0.0,0.0,0.0,0.0,0.0,0.0,0.0,0.0,0.0,0.0,0.0,0.0,0.0,0.0,0.0,88227916.67115039,87786777.08779462,441139.583355752,0.0,52716180211.012344,0.0,0.0,0.0,0.0,1.8917489796876907e-08,0.0,0.0,0.0,0.0
226,19,0.0,0.0,0.0,0.0,0.0,0.0,0.0,0.0,0.0,0.0,0.0,0.0,0.0,0.0,0,0.0,0.0,0.0,0.0,0.0,0.0,0.0,0.0,0.0,0,0.0,0.0,0.0,0.0,0.0,0.0,0.0,0.0,0.0,0.0,0.0,0.0,0.0,0.0,0.0,0.0,0.0,0.0,0.0,0.0,88375826.00337358,87933946.87335673,441879.1300168679,0.0,52804556037.015724,0.0,0.0,0.0,0.0,0.0,0.0,0.0,0.0,0.0
227,19,0.0,0.0,0.0,0.0,0.0,0.0,0.0,0.0,0.0,0.0,0.0,0.0,0.0,0.0,0,0.0,0.0,0.0,0.0,0.0,0.0,0.0,0.0,0.0,0,0.0,0.0,0.0,0.0,0.0,0.0,0.0,0.0,0.0,0.0,0.0,0.0,0.0,0.0,0.0,0.0,0.0,0.0,0.0,0.0,88523983.29759553,88081363.38110755,442619.91648797767,0.0,52893080020.31332,0.0,0.0,0.0,0.0,0.0,0.0,0.0,0.0,0.0
228,20,0.0,0.0,0.0,0.0,0.0,0.0,0.0,0.0,0.0,0.0,0.0,0.0,0.0,0.0,0,0.0,0.0,0.0,0.0,0.0,0.0,0.0,0.0,0.0,0,0.0,0.0,0.0,0.0,0.0,0.0,0.0,0.0,0.0,0.0,0.0,0.0,0.0,0.0,0.0,0.0,0.0,0.0,0.0,0.0,88672388.969511,88229027.02466345,443361.944847555,0.0,52981752409.28282,0.0,0.0,0.0,0.0,0.0,0.0,0.0,0.0,0.0
229,20,0.0,0.0,0.0,0.0,0.0,0.0,0.0,0.0,0.0,0.0,0.0,0.0,0.0,0.0,0,0.0,0.0,0.0,0.0,0.0,0.0,0.0,0.0,0.0,0,0.0,0.0,0.0,0.0,0.0,0.0,0.0,0.0,0.0,0.0,0.0,0.0,0.0,0.0,0.0,0.0,0.0,0.0,0.0,0.0,88821043.43551186,88376938.21833429,444105.2171775593,0.0,53070573452.71833,0.0,0.0,0.0,0.0,0.0,0.0,0.0,0.0,0.0
230,20,0.0,0.0,0.0,0.0,0.0,0.0,0.0,0.0,0.0,0.0,0.0,0.0,0.0,0.0,0,0.0,0.0,0.0,0.0,0.0,0.0,0.0,0.0,0.0,0,0.0,0.0,0.0,0.0,0.0,0.0,0.0,0.0,0.0,0.0,0.0,0.0,0.0,0.0,0.0,0.0,0.0,0.0,0.0,0.0,88969947.11268792,88525097.37712446,444849.73556343955,0.0,53159543399.831024,0.0,0.0,0.0,0.0,0.0,0.0,0.0,0.0,0.0
231,20,0.0,0.0,0.0,0.0,0.0,0.0,0.0,0.0,0.0,0.0,0.0,0.0,0.0,0.0,0,0.0,0.0,0.0,0.0,0.0,0.0,0.0,0.0,0.0,0,0.0,0.0,0.0,0.0,0.0,0.0,0.0,0.0,0.0,0.0,0.0,0.0,0.0,0.0,0.0,0.0,0.0,0.0,0.0,0.0,89119100.41882823,88673504.91673408,445595.50209414115,0.0,53248662500.249855,0.0,0.0,0.0,0.0,0.0,0.0,0.0,0.0,0.0
232,20,0.0,0.0,0.0,0.0,0.0,0.0,0.0,0.0,0.0,0.0,0.0,0.0,0.0,0.0,0,0.0,0.0,0.0,0.0,0.0,0.0,0.0,0.0,0.0,0,0.0,0.0,0.0,0.0,0.0,0.0,0.0,0.0,0.0,0.0,0.0,0.0,0.0,0.0,0.0,0.0,0.0,0.0,0.0,0.0,89268503.77242224,88822161.25356013,446342.5188621112,0.0,53337931004.02228,0.0,0.0,0.0,0.0,0.0,0.0,0.0,0.0,0.0
233,20,0.0,0.0,0.0,0.0,0.0,0.0,0.0,0.0,0.0,0.0,0.0,0.0,0.0,0.0,0,0.0,0.0,0.0,0.0,0.0,0.0,0.0,0.0,0.0,0,0.0,0.0,0.0,0.0,0.0,0.0,0.0,0.0,0.0,0.0,0.0,0.0,0.0,0.0,0.0,0.0,0.0,0.0,0.0,0.0,89418157.59266098,88971066.80469768,447090.7879633049,0.0,53427349161.61494,0.0,0.0,0.0,0.0,0.0,0.0,0.0,0.0,0.0
234,20,0.0,0.0,0.0,0.0,0.0,0.0,0.0,0.0,0.0,0.0,0.0,0.0,0.0,0.0,0,0.0,0.0,0.0,0.0,0.0,0.0,0.0,0.0,0.0,0,0.0,0.0,0.0,0.0,0.0,0.0,0.0,0.0,0.0,0.0,0.0,0.0,0.0,0.0,0.0,0.0,0.0,0.0,0.0,0.0,89568062.2994383,89120221.9879411,447840.3114971915,0.0,53516917223.91437,0.0,0.0,0.0,0.0,0.0,0.0,0.0,0.0,0.0
235,20,0.0,0.0,0.0,0.0,0.0,0.0,0.0,0.0,0.0,0.0,0.0,0.0,0.0,0.0,0,0.0,0.0,0.0,0.0,0.0,0.0,0.0,0.0,0.0,0,0.0,0.0,0.0,0.0,0.0,0.0,0.0,0.0,0.0,0.0,0.0,0.0,0.0,0.0,0.0,0.0,0.0,0.0,0.0,0.0,89718218.31335185,89269627.22178508,448591.0915667593,0.0,53606635442.22772,0.0,0.0,0.0,0.0,1.8917489796876907e-08,0.0,0.0,0.0,0.0
236,20,0.0,0.0,0.0,0.0,0.0,0.0,0.0,0.0,0.0,0.0,0.0,0.0,0.0,0.0,0,0.0,0.0,0.0,0.0,0.0,0.0,0.0,0.0,0.0,0,0.0,0.0,0.0,0.0,0.0,0.0,0.0,0.0,0.0,0.0,0.0,0.0,0.0,0.0,0.0,0.0,0.0,0.0,0.0,0.0,89868626.05570447,89419282.92542598,449343.1302785223,0.0,53696504068.283424,0.0,0.0,0.0,0.0,0.0,0.0,0.0,0.0,0.0
237,20,0.0,0.0,0.0,0.0,0.0,0.0,0.0,0.0,0.0,0.0,0.0,0.0,0.0,0.0,0,0.0,0.0,0.0,0.0,0.0,0.0,0.0,0.0,0.0,0,0.0,0.0,0.0,0.0,0.0,0.0,0.0,0.0,0.0,0.0,0.0,0.0,0.0,0.0,0.0,0.0,0.0,0.0,0.0,0.0,90019285.94850534,89569189.5187628,450096.42974252667,0.0,53786523354.23193,0.0,0.0,0.0,0.0,0.0,0.0,0.0,0.0,0.0
238,20,0.0,0.0,0.0,0.0,0.0,0.0,0.0,0.0,0.0,0.0,0.0,0.0,0.0,0.0,0,0.0,0.0,0.0,0.0,0.0,0.0,0.0,0.0,0.0,0,0.0,0.0,0.0,0.0,0.0,0.0,0.0,0.0,0.0,0.0,0.0,0.0,0.0,0.0,0.0,0.0,0.0,0.0,0.0,0.0,90170198.41447097,89719347.42239861,450850.9920723548,0.0,53876693552.64641,0.0,0.0,0.0,0.0,0.0,0.0,0.0,0.0,0.0
239,20,0.0,0.0,0.0,0.0,0.0,0.0,0.0,0.0,0.0,0.0,0.0,0.0,0.0,0.0,0,0.0,0.0,0.0,0.0,0.0,0.0,0.0,0.0,0.0,0,0.0,0.0,0.0,0.0,0.0,0.0,0.0,0.0,0.0,0.0,0.0,0.0,0.0,0.0,0.0,0.0,0.0,0.0,0.0,0.0,90321363.87702668,89869757.05764154,451606.81938513333,0.0,53967014916.52343,0.0,0.0,0.0,0.0,0.0,0.0,0.0,0.0,0.0
240,21,0.0,0.0,0.0,0.0,0.0,0.0,0.0,0.0,0.0,0.0,0.0,0.0,0.0,0.0,0,0.0,0.0,0.0,0.0,0.0,0.0,0.0,0.0,0.0,0,0.0,0.0,0.0,0.0,0.0,0.0,0.0,0.0,0.0,0.0,0.0,0.0,0.0,0.0,0.0,0.0,0.0,0.0,0.0,0.0,90472782.7603075,90020418.84650597,452363.91380153754,0.0,54057487699.28374,0.0,0.0,0.0,0.0,0.0,0.0,0.0,0.0,0.0
241,21,0.0,0.0,0.0,0.0,0.0,0.0,0.0,0.0,0.0,0.0,0.0,0.0,0.0,0.0,0,0.0,0.0,0.0,0.0,0.0,0.0,0.0,0.0,0.0,0,0.0,0.0,0.0,0.0,0.0,0.0,0.0,0.0,0.0,0.0,0.0,0.0,0.0,0.0,0.0,0.0,0.0,0.0,0.0,0.0,90624455.48915967,90171333.21171388,453122.27744579833,0.0,54148112154.7729,1.8917489796876907e-08,0.0,0.0,0.0,0.0,0.0,0.0,0.0,0.0
242,21,0.0,0.0,0.0,0.0,0.0,0.0,0.0,0.0,0.0,0.0,0.0,0.0,0.0,0.0,0,0.0,0.0,0.0,0.0,0.0,0.0,0.0,0.0,0.0,0,0.0,0.0,0.0,0.0,0.0,0.0,0.0,0.0,0.0,0.0,0.0,0.0,0.0,0.0,0.0,0.0,0.0,0.0,0.0,0.0,90776382.48914151,90322500.5766958,453881.91244570754,0.0,54238888537.26205,0.0,0.0,0.0,0.0,0.0,0.0,0.0,0.0,0.0
243,21,0.0,0.0,0.0,0.0,0.0,0.0,0.0,0.0,0.0,0.0,0.0,0.0,0.0,0.0,0,0.0,0.0,0.0,0.0,0.0,0.0,0.0,0.0,0.0,0,0.0,0.0,0.0,0.0,0.0,0.0,0.0,0.0,0.0,0.0,0.0,0.0,0.0,0.0,0.0,0.0,0.0,0.0,0.0,0.0,90928564.18652482,90473921.3655922,454642.82093262416,0.0,54329817101.44857,0.0,0.0,0.0,0.0,0.0,0.0,0.0,0.0,0.0
244,21,0.0,0.0,0.0,0.0,0.0,0.0,0.0,0.0,0.0,0.0,0.0,0.0,0.0,0.0,0,0.0,0.0,0.0,0.0,0.0,0.0,0.0,0.0,0.0,0,0.0,0.0,0.0,0.0,0.0,0.0,0.0,0.0,0.0,0.0,0.0,0.0,0.0,0.0,0.0,0.0,0.0,0.0,0.0,0.0,91081001.00829601,90625596.00325452,455405.00504148006,0.0,54420898102.45686,0.0,0.0,0.0,0.0,1.8917489796876907e-08,0.0,0.0,0.0,0.0
245,21,0.0,0.0,0.0,0.0,0.0,0.0,0.0,0.0,0.0,0.0,0.0,0.0,0.0,0.0,0,0.0,0.0,0.0,0.0,0.0,0.0,0.0,0.0,0.0,0,0.0,0.0,0.0,0.0,0.0,0.0,0.0,0.0,0.0,0.0,0.0,0.0,0.0,0.0,0.0,0.0,0.0,0.0,0.0,0.0,91233693.38215736,90777524.91524659,456168.46691078675,0.0,54512131795.83902,0.0,0.0,0.0,0.0,0.0,0.0,0.0,0.0,0.0
246,21,0.0,0.0,0.0,0.0,0.0,0.0,0.0,0.0,0.0,0.0,0.0,0.0,0.0,0.0,0,0.0,0.0,0.0,0.0,0.0,0.0,0.0,0.0,0.0,0,0.0,0.0,0.0,0.0,0.0,0.0,0.0,0.0,0.0,0.0,0.0,0.0,0.0,0.0,0.0,0.0,0.0,0.0,0.0,0.0,91386641.73652813,90929708.52784547,456933.2086826407,0.0,54603518437.57555,0.0,0.0,0.0,0.0,1.8917489796876907e-08,0.0,0.0,0.0,0.0
247,21,0.0,0.0,0.0,0.0,0.0,0.0,0.0,0.0,0.0,0.0,0.0,0.0,0.0,0.0,0,0.0,0.0,0.0,0.0,0.0,0.0,0.0,0.0,0.0,0,0.0,0.0,0.0,0.0,0.0,0.0,0.0,0.0,0.0,0.0,0.0,0.0,0.0,0.0,0.0,0.0,0.0,0.0,0.0,0.0,91539846.50054577,91082147.26804306,457699.2325027288,0.0,54695058284.076096,0.0,0.0,0.0,0.0,1.8917489796876907e-08,0.0,0.0,0.0,0.0
248,21,0.0,0.0,0.0,0.0,0.0,0.0,0.0,0.0,0.0,0.0,0.0,0.0,0.0,0.0,0,0.0,0.0,0.0,0.0,0.0,0.0,0.0,0.0,0.0,0,0.0,0.0,0.0,0.0,0.0,0.0,0.0,0.0,0.0,0.0,0.0,0.0,0.0,0.0,0.0,0.0,0.0,0.0,0.0,0.0,91693308.10406719,91234841.56354688,458466.540520336,0.0,54786751592.18016,0.0,0.0,0.0,0.0,0.0,0.0,0.0,0.0,0.0
249,21,0.0,0.0,0.0,0.0,0.0,0.0,0.0,0.0,0.0,0.0,0.0,0.0,0.0,0.0,0,0.0,0.0,0.0,0.0,0.0,0.0,0.0,0.0,0.0,0,0.0,0.0,0.0,0.0,0.0,0.0,0.0,0.0,0.0,0.0,0.0,0.0,0.0,0.0,0.0,0.0,0.0,0.0,0.0,0.0,91847026.97767,91387791.84278165,459235.13488835,0.0,54878598619.15783,0.0,0.0,0.0,0.0,0.0,0.0,0.0,0.0,0.0
250,21,0.0,0.0,0.0,0.0,0.0,0.0,0.0,0.0,0.0,0.0,0.0,0.0,0.0,0.0,0,0.0,0.0,0.0,0.0,0.0,0.0,0.0,0.0,0.0,0,0.0,0.0,0.0,0.0,0.0,0.0,0.0,0.0,0.0,0.0,0.0,0.0,0.0,0.0,0.0,0.0,0.0,0.0,0.0,0.0,92001003.55265355,91540998.53489026,460005.01776326774,0.0,54970599622.71049,0.0,0.0,0.0,0.0,1.8917489796876907e-08,0.0,0.0,0.0,0.0
251,21,0.0,0.0,0.0,0.0,0.0,0.0,0.0,0.0,0.0,0.0,0.0,0.0,0.0,0.0,0,0.0,0.0,0.0,0.0,0.0,0.0,0.0,0.0,0.0,0,0.0,0.0,0.0,0.0,0.0,0.0,0.0,0.0,0.0,0.0,0.0,0.0,0.0,0.0,0.0,0.0,0.0,0.0,0.0,0.0,92155238.2610402,91694462.069735,460776.191305201,0.0,55062754860.97153,0.0,0.0,0.0,0.0,0.0,0.0,0.0,0.0,0.0
252,22,0.0,0.0,0.0,0.0,0.0,0.0,0.0,0.0,0.0,0.0,0.0,0.0,0.0,0.0,0,0.0,0.0,0.0,0.0,0.0,0.0,0.0,0.0,0.0,0,0.0,0.0,0.0,0.0,0.0,0.0,0.0,0.0,0.0,0.0,0.0,0.0,0.0,0.0,0.0,0.0,0.0,0.0,0.0,0.0,92309731.53557675,91848182.87789886,461548.65767788375,0.0,55155064592.50711,0.0,0.0,0.0,0.0,0.0,0.0,0.0,0.0,0.0
253,22,0.0,0.0,0.0,0.0,0.0,0.0,0.0,0.0,0.0,0.0,0.0,0.0,0.0,0.0,0,0.0,0.0,0.0,0.0,0.0,0.0,0.0,0.0,0.0,0,0.0,0.0,0.0,0.0,0.0,0.0,0.0,0.0,0.0,0.0,0.0,0.0,0.0,0.0,0.0,0.0,0.0,0.0,0.0,0.0,92464483.80973531,92002161.39068663,462322.41904867656,0.0,55247529076.31684,0.0,0.0,0.0,0.0,0.0,0.0,0.0,0.0,0.0
254,22,0.0,0.0,0.0,0.0,0.0,0.0,0.0,0.0,0.0,0.0,0.0,0.0,0.0,0.0,0,0.0,0.0,0.0,0.0,0.0,0.0,0.0,0.0,0.0,0,0.0,0.0,0.0,0.0,0.0,0.0,0.0,0.0,0.0,0.0,0.0,0.0,0.0,0.0,0.0,0.0,0.0,0.0,0.0,0.0,92619495.51771475,92156398.04012617,463097.4775885738,0.0,55340148571.83456,0.0,0.0,0.0,0.0,0.0,0.0,0.0,0.0,0.0
255,22,0.0,0.0,0.0,0.0,0.0,0.0,0.0,0.0,0.0,0.0,0.0,0.0,0.0,0.0,0,0.0,0.0,0.0,0.0,0.0,0.0,0.0,0.0,0.0,0,0.0,0.0,0.0,0.0,0.0,0.0,0.0,0.0,0.0,0.0,0.0,0.0,0.0,0.0,0.0,0.0,0.0,0.0,0.0,0.0,92774767.09444185,92310893.25896963,463873.83547220926,0.0,55432923338.92899,0.0,0.0,0.0,0.0,0.0,0.0,0.0,0.0,0.0
256,22,0.0,0.0,0.0,0.0,0.0,0.0,0.0,0.0,0.0,0.0,0.0,0.0,0.0,0.0,0,0.0,0.0,0.0,0.0,0.0,0.0,0.0,0.0,0.0,0,0.0,0.0,0.0,0.0,0.0,0.0,0.0,0.0,0.0,0.0,0.0,0.0,0.0,0.0,0.0,0.0,0.0,0.0,0.0,0.0,92930298.97557251,92465647.48069464,464651.4948778625,0.0,55525853637.904564,0.0,0.0,0.0,0.0,0.0,0.0,0.0,0.0,0.0
257,22,0.0,0.0,0.0,0.0,0.0,0.0,0.0,0.0,0.0,0.0,0.0,0.0,0.0,0.0,0,0.0,0.0,0.0,0.0,0.0,0.0,0.0,0.0,0.0,0,0.0,0.0,0.0,0.0,0.0,0.0,0.0,0.0,0.0,0.0,0.0,0.0,0.0,0.0,0.0,0.0,0.0,0.0,0.0,0.0,93086091.59749298,92620661.13950552,465430.45798746496,0.0,55618939729.50206,0.0,0.0,0.0,0.0,0.0,0.0,0.0,0.0,0.0
258,22,0.0,0.0,0.0,0.0,0.0,0.0,0.0,0.0,0.0,0.0,0.0,0.0,0.0,0.0,0,0.0,0.0,0.0,0.0,0.0,0.0,0.0,0.0,0.0,0,0.0,0.0,0.0,0.0,0.0,0.0,0.0,0.0,0.0,0.0,0.0,0.0,0.0,0.0,0.0,0.0,0.0,0.0,0.0,0.0,93242145.39732115,92775934.67033455,466210.7269866058,0.0,55712181874.89938,0.0,0.0,0.0,0.0,0.0,0.0,0.0,0.0,0.0
259,22,0.0,0.0,0.0,0.0,0.0,0.0,0.0,0.0,0.0,0.0,0.0,0.0,0.0,0.0,0,0.0,0.0,0.0,0.0,0.0,0.0,0.0,0.0,0.0,0,0.0,0.0,0.0,0.0,0.0,0.0,0.0,0.0,0.0,0.0,0.0,0.0,0.0,0.0,0.0,0.0,0.0,0.0,0.0,0.0,93398460.81290759,92931468.50884305,466992.304064538,0.0,55805580335.71229,0.0,0.0,0.0,0.0,0.0,0.0,0.0,0.0,0.0
260,22,0.0,0.0,0.0,0.0,0.0,0.0,0.0,0.0,0.0,0.0,0.0,0.0,0.0,0.0,0,0.0,0.0,0.0,0.0,0.0,0.0,0.0,0.0,0.0,0,0.0,0.0,0.0,0.0,0.0,0.0,0.0,0.0,0.0,0.0,0.0,0.0,0.0,0.0,0.0,0.0,0.0,0.0,0.0,0.0,93555038.28283705,93087263.09142284,467775.1914141852,0.0,55899135373.99513,0.0,0.0,0.0,0.0,1.8917489796876907e-08,0.0,0.0,0.0,0.0
261,22,0.0,0.0,0.0,0.0,0.0,0.0,0.0,0.0,0.0,0.0,0.0,0.0,0.0,0.0,0,0.0,0.0,0.0,0.0,0.0,0.0,0.0,0.0,0.0,0,0.0,0.0,0.0,0.0,0.0,0.0,0.0,0.0,0.0,0.0,0.0,0.0,0.0,0.0,0.0,0.0,0.0,0.0,0.0,0.0,93711878.24642935,93243318.85519724,468559.39123214677,0.0,55992847252.241554,0.0,0.0,0.0,0.0,0.0,0.0,0.0,0.0,0.0
262,22,0.0,0.0,0.0,0.0,0.0,0.0,0.0,0.0,0.0,0.0,0.0,0.0,0.0,0.0,0,0.0,0.0,0.0,0.0,0.0,0.0,0.0,0.0,0.0,0,0.0,0.0,0.0,0.0,0.0,0.0,0.0,0.0,0.0,0.0,0.0,0.0,0.0,0.0,0.0,0.0,0.0,0.0,0.0,0.0,93868981.14374109,93399636.23802237,469344.9057187055,0.0,56086716233.3853,0.0,0.0,0.0,0.0,1.8917489796876907e-08,0.0,0.0,0.0,0.0
263,22,0.0,0.0,0.0,0.0,0.0,0.0,0.0,0.0,0.0,0.0,0.0,0.0,0.0,0.0,0,0.0,0.0,0.0,0.0,0.0,0.0,0.0,0.0,0.0,0,0.0,0.0,0.0,0.0,0.0,0.0,0.0,0.0,0.0,0.0,0.0,0.0,0.0,0.0,0.0,0.0,0.0,0.0,0.0,0.0,94026347.4155663,93556215.67848848,470131.7370778315,0.0,56180742580.80086,0.0,0.0,0.0,0.0,0.0,0.0,0.0,0.0,0.0
264,23,0.0,0.0,0.0,0.0,0.0,0.0,0.0,0.0,0.0,0.0,0.0,0.0,0.0,0.0,0,0.0,0.0,0.0,0.0,0.0,0.0,0.0,0.0,0.0,0,0.0,0.0,0.0,0.0,0.0,0.0,0.0,0.0,0.0,0.0,0.0,0.0,0.0,0.0,0.0,0.0,0.0,0.0,0.0,0.0,94183977.50343816,93713057.61592096,470919.8875171908,0.0,56274926558.3043,0.0,0.0,0.0,0.0,0.0,0.0,0.0,0.0,0.0
265,23,0.0,0.0,0.0,0.0,0.0,0.0,0.0,0.0,0.0,0.0,0.0,0.0,0.0,0.0,0,0.0,0.0,0.0,0.0,0.0,0.0,0.0,0.0,0.0,0,0.0,0.0,0.0,0.0,0.0,0.0,0.0,0.0,0.0,0.0,0.0,0.0,0.0,0.0,0.0,0.0,0.0,0.0,0.0,0.0,94341871.84963001,93870162.49038187,471709.35924815014,0.0,56369268430.15393,0.0,0.0,0.0,0.0,0.0,0.0,0.0,0.0,0.0
266,23,0.0,0.0,0.0,0.0,0.0,0.0,0.0,0.0,0.0,0.0,0.0,0.0,0.0,0.0,0,0.0,0.0,0.0,0.0,0.0,0.0,0.0,0.0,0.0,0,0.0,0.0,0.0,0.0,0.0,0.0,0.0,0.0,0.0,0.0,0.0,0.0,0.0,0.0,0.0,0.0,0.0,0.0,0.0,0.0,94500030.89715664,94027530.74267085,472500.1544857832,0.0,56463768461.05109,0.0,0.0,0.0,0.0,1.8917489796876907e-08,0.0,0.0,0.0,0.0
267,23,0.0,0.0,0.0,0.0,0.0,0.0,0.0,0.0,0.0,0.0,0.0,0.0,0.0,0.0,0,0.0,0.0,0.0,0.0,0.0,0.0,0.0,0.0,0.0,0,0.0,0.0,0.0,0.0,0.0,0.0,0.0,0.0,0.0,0.0,0.0,0.0,0.0,0.0,0.0,0.0,0.0,0.0,0.0,0.0,94658455.08977547,94185162.81432661,473292.2754488774,0.0,56558426916.140854,0.0,0.0,0.0,0.0,0.0,0.0,0.0,0.0,0.0
268,23,0.0,0.0,0.0,0.0,0.0,0.0,0.0,0.0,0.0,0.0,0.0,0.0,0.0,0.0,0,0.0,0.0,0.0,0.0,0.0,0.0,0.0,0.0,0.0,0,0.0,0.0,0.0,0.0,0.0,0.0,0.0,0.0,0.0,0.0,0.0,0.0,0.0,0.0,0.0,0.0,0.0,0.0,0.0,0.0,94817144.87198801,94343059.14762808,474085.72435994004,0.0,56653244061.01285,1.8917489796876907e-08,0.0,0.0,0.0,0.0,0.0,0.0,0.0,0.0
269,23,0.0,0.0,0.0,0.0,0.0,0.0,0.0,0.0,0.0,0.0,0.0,0.0,0.0,0.0,0,0.0,0.0,0.0,0.0,0.0,0.0,0.0,0.0,0.0,0,0.0,0.0,0.0,0.0,0.0,0.0,0.0,0.0,0.0,0.0,0.0,0.0,0.0,0.0,0.0,0.0,0.0,0.0,0.0,0.0,94976100.68904082,94501220.18559562,474880.5034452041,0.0,56748220161.70189,0.0,0.0,0.0,0.0,0.0,0.0,0.0,0.0,0.0
270,23,0.0,0.0,0.0,0.0,0.0,0.0,0.0,0.0,0.0,0.0,0.0,0.0,0.0,0.0,0,0.0,0.0,0.0,0.0,0.0,0.0,0.0,0.0,0.0,0,0.0,0.0,0.0,0.0,0.0,0.0,0.0,0.0,0.0,0.0,0.0,0.0,0.0,0.0,0.0,0.0,0.0,0.0,0.0,0.0,95135322.9869269,94659646.37199226,475676.61493463453,0.0,56843355484.68882,0.0,0.0,0.0,0.0,1.8917489796876907e-08,0.0,0.0,0.0,0.0
271,23,0.0,0.0,0.0,0.0,0.0,0.0,0.0,0.0,0.0,0.0,0.0,0.0,0.0,0.0,0,0.0,0.0,0.0,0.0,0.0,0.0,0.0,0.0,0.0,0,0.0,0.0,0.0,0.0,0.0,0.0,0.0,0.0,0.0,0.0,0.0,0.0,0.0,0.0,0.0,0.0,0.0,0.0,0.0,0.0,95294812.21238697,94818338.15132503,476474.0610619348,0.0,56938650296.90121,0.0,0.0,0.0,0.0,1.8917489796876907e-08,0.0,0.0,0.0,0.0
272,23,0.0,0.0,0.0,0.0,0.0,0.0,0.0,0.0,0.0,0.0,0.0,0.0,0.0,0.0,0,0.0,0.0,0.0,0.0,0.0,0.0,0.0,0.0,0.0,0,0.0,0.0,0.0,0.0,0.0,0.0,0.0,0.0,0.0,0.0,0.0,0.0,0.0,0.0,0.0,0.0,0.0,0.0,0.0,0.0,95454568.81291065,94977295.9688461,477272.84406455315,0.0,57034104865.71411,0.0,0.0,0.0,0.0,0.0,0.0,0.0,0.0,0.0
273,23,0.0,0.0,0.0,0.0,0.0,0.0,0.0,0.0,0.0,0.0,0.0,0.0,0.0,0.0,0,0.0,0.0,0.0,0.0,0.0,0.0,0.0,0.0,0.0,0,0.0,0.0,0.0,0.0,0.0,0.0,0.0,0.0,0.0,0.0,0.0,0.0,0.0,0.0,0.0,0.0,0.0,0.0,0.0,0.0,95614593.23673783,95136520.27055414,478072.9661836892,0.0,57129719458.95085,0.0,0.0,0.0,0.0,1.8917489796876907e-08,0.0,0.0,0.0,0.0
274,23,0.0,0.0,0.0,0.0,0.0,0.0,0.0,0.0,0.0,0.0,0.0,0.0,0.0,0.0,0,0.0,0.0,0.0,0.0,0.0,0.0,0.0,0.0,0.0,0,0.0,0.0,0.0,0.0,0.0,0.0,0.0,0.0,0.0,0.0,0.0,0.0,0.0,0.0,0.0,0.0,0.0,0.0,0.0,0.0,95774885.93285975,95296011.50319546,478874.4296642988,0.0,57225494344.88371,0.0,0.0,0.0,0.0,0.0,0.0,0.0,0.0,0.0
275,23,0.0,0.0,0.0,0.0,0.0,0.0,0.0,0.0,0.0,0.0,0.0,0.0,0.0,0.0,0,0.0,0.0,0.0,0.0,0.0,0.0,0.0,0.0,0.0,0,0.0,0.0,0.0,0.0,0.0,0.0,0.0,0.0,0.0,0.0,0.0,0.0,0.0,0.0,0.0,0.0,0.0,0.0,0.0,0.0,95935447.35102047,95455770.11426537,479677.23675510235,0.0,57321429792.23473,0.0,0.0,0.0,0.0,0.0,0.0,0.0,0.0,0.0
276,24,0.0,0.0,0.0,0.0,0.0,0.0,0.0,0.0,0.0,0.0,0.0,0.0,0.0,0.0,0,0.0,0.0,0.0,0.0,0.0,0.0,0.0,0.0,0.0,0,0.0,0.0,0.0,0.0,0.0,0.0,0.0,0.0,0.0,0.0,0.0,0.0,0.0,0.0,0.0,0.0,0.0,0.0,0.0,0.0,96096277.94171791,95615796.55200931,480481.3897085896,0.0,57417526070.17645,0.0,0.0,0.0,0.0,1.8917489796876907e-08,0.0,0.0,0.0,0.0
277,24,0.0,0.0,0.0,0.0,0.0,0.0,0.0,0.0,0.0,0.0,0.0,0.0,0.0,0.0,0,0.0,0.0,0.0,0.0,0.0,0.0,0.0,0.0,0.0,0,0.0,0.0,0.0,0.0,0.0,0.0,0.0,0.0,0.0,0.0,0.0,0.0,0.0,0.0,0.0,0.0,0.0,0.0,0.0,0.0,96257378.15620528,95776091.26542428,481286.8907810264,0.0,57513783448.332664,0.0,0.0,0.0,0.0,0.0,0.0,0.0,0.0,0.0
278,24,0.0,0.0,0.0,0.0,0.0,0.0,0.0,0.0,0.0,0.0,0.0,0.0,0.0,0.0,0,0.0,0.0,0.0,0.0,0.0,0.0,0.0,0.0,0.0,0,0.0,0.0,0.0,0.0,0.0,0.0,0.0,0.0,0.0,0.0,0.0,0.0,0.0,0.0,0.0,0.0,0.0,0.0,0.0,0.0,96418748.44649231,95936654.70425986,482093.7422324616,0.0,57610202196.77915,0.0,0.0,0.0,0.0,0.0,0.0,0.0,0.0,0.0
279,24,0.0,0.0,0.0,0.0,0.0,0.0,0.0,0.0,0.0,0.0,0.0,0.0,0.0,0.0,0,0.0,0.0,0.0,0.0,0.0,0.0,0.0,0.0,0.0,0,0.0,0.0,0.0,0.0,0.0,0.0,0.0,0.0,0.0,0.0,0.0,0.0,0.0,0.0,0.0,0.0,0.0,0.0,0.0,0.0,96580389.26534645,96097487.3190197,482901.9463267323,0.0,57706782586.0445,0.0,0.0,0.0,0.0,1.8917489796876907e-08,0.0,0.0,0.0,0.0
280,24,0.0,0.0,0.0,0.0,0.0,0.0,0.0,0.0,0.0,0.0,0.0,0.0,0.0,0.0,0,0.0,0.0,0.0,0.0,0.0,0.0,0.0,0.0,0.0,0,0.0,0.0,0.0,0.0,0.0,0.0,0.0,0.0,0.0,0.0,0.0,0.0,0.0,0.0,0.0,0.0,0.0,0.0,0.0,0.0,96742301.06629421,96258589.56096275,483711.50533147104,0.0,57803524887.110794,0.0,0.0,0.0,0.0,0.0,0.0,0.0,0.0,0.0
281,24,0.0,0.0,0.0,0.0,0.0,0.0,0.0,0.0,0.0,0.0,0.0,0.0,0.0,0.0,0,0.0,0.0,0.0,0.0,0.0,0.0,0.0,0.0,0.0,0,0.0,0.0,0.0,0.0,0.0,0.0,0.0,0.0,0.0,0.0,0.0,0.0,0.0,0.0,0.0,0.0,0.0,0.0,0.0,0.0,96904484.30362247,96419961.88210435,484522.42151811236,0.0,57900429371.41441,0.0,0.0,0.0,0.0,0.0,0.0,0.0,0.0,0.0
282,24,0.0,0.0,0.0,0.0,0.0,0.0,0.0,0.0,0.0,0.0,0.0,0.0,0.0,0.0,0,0.0,0.0,0.0,0.0,0.0,0.0,0.0,0.0,0.0,0,0.0,0.0,0.0,0.0,0.0,0.0,0.0,0.0,0.0,0.0,0.0,0.0,0.0,0.0,0.0,0.0,0.0,0.0,0.0,0.0,97066939.43237959,96581604.73521768,485334.6971618979,0.0,57997496310.846794,0.0,0.0,0.0,0.0,1.8917489796876907e-08,0.0,0.0,0.0,-1.4551915228366852e-11
283,24,0.0,0.0,0.0,0.0,0.0,0.0,0.0,0.0,0.0,0.0,0.0,0.0,0.0,0.0,0,0.0,0.0,0.0,0.0,0.0,0.0,0.0,0.0,0.0,0,0.0,0.0,0.0,0.0,0.0,0.0,0.0,0.0,0.0,0.0,0.0,0.0,0.0,0.0,0.0,0.0,0.0,0.0,0.0,0.0,97229666.90837683,96743518.57383499,486148.3345418842,0.0,58094725977.75517,1.8917489796876907e-08,0.0,0.0,0.0,0.0,0.0,0.0,0.0,0.0
284,24,0.0,0.0,0.0,0.0,0.0,0.0,0.0,0.0,0.0,0.0,0.0,0.0,0.0,0.0,0,0.0,0.0,0.0,0.0,0.0,0.0,0.0,0.0,0.0,0,0.0,0.0,0.0,0.0,0.0,0.0,0.0,0.0,0.0,0.0,0.0,0.0,0.0,0.0,0.0,0.0,0.0,0.0,0.0,0.0,97392667.18818973,96905703.85224879,486963.33594094863,0.0,58192118644.94336,1.8917489796876907e-08,0.0,0.0,0.0,0.0,0.0,0.0,0.0,0.0
285,24,0.0,0.0,0.0,0.0,0.0,0.0,0.0,0.0,0.0,0.0,0.0,0.0,0.0,0.0,0,0.0,0.0,0.0,0.0,0.0,0.0,0.0,0.0,0.0,0,0.0,0.0,0.0,0.0,0.0,0.0,0.0,0.0,0.0,0.0,0.0,0.0,0.0,0.0,0.0,0.0,0.0,0.0,0.0,0.0,97555940.72915904,97068161.02551323,487779.7036457952,0.0,58289674585.67252,0.0,0.0,0.0,0.0,1.8917489796876907e-08,0.0,0.0,0.0,0.0
286,24,0.0,0.0,0.0,0.0,0.0,0.0,0.0,0.0,0.0,0.0,0.0,0.0,0.0,0.0,0,0.0,0.0,0.0,0.0,0.0,0.0,0.0,0.0,0.0,0,0.0,0.0,0.0,0.0,0.0,0.0,0.0,0.0,0.0,0.0,0.0,0.0,0.0,0.0,0.0,0.0,0.0,0.0,0.0,0.0,97719487.98939231,97230890.54944538,488597.4399469616,0.0,58387394073.66192,0.0,0.0,0.0,0.0,0.0,0.0,0.0,0.0,0.0
287,24,0.0,0.0,0.0,0.0,0.0,0.0,0.0,0.0,0.0,0.0,0.0,0.0,0.0,0.0,0,0.0,0.0,0.0,0.0,0.0,0.0,0.0,0.0,0.0,0,0.0,0.0,0.0,0.0,0.0,0.0,0.0,0.0,0.0,0.0,0.0,0.0,0.0,0.0,0.0,0.0,0.0,0.0,0.0,0.0,97883309.42776516,97393892.88062635,489416.5471388259,0.0,58485277383.08968,1.8917489796876907e-08,0.0,0.0,0.0,0.0,0.0,0.0,0.0,0.0
288,25,0.0,0.0,0.0,0.0,0.0,0.0,0.0,0.0,0.0,0.0,0.0,0.0,0.0,0.0,0,0.0,0.0,0.0,0.0,0.0,0.0,0.0,0.0,0.0,0,0.0,0.0,0.0,0.0,0.0,0.0,0.0,0.0,0.0,0.0,0.0,0.0,0.0,0.0,0.0,0.0,0.0,0.0,0.0,0.0,98047405.50392236,97557168.47640274,490237.02751961176,0.0,58583324788.59361,0.0,0.0,0.0,0.0,0.0,0.0,0.0,0.0,0.0
289,25,0.0,0.0,0.0,0.0,0.0,0.0,0.0,0.0,0.0,0.0,0.0,0.0,0.0,0.0,0,0.0,0.0,0.0,0.0,0.0,0.0,0.0,0.0,0.0,0,0.0,0.0,0.0,0.0,0.0,0.0,0.0,0.0,0.0,0.0,0.0,0.0,0.0,0.0,0.0,0.0,0.0,0.0,0.0,0.0,98211776.67827933,97720717.79488792,491058.8833913966,0.0,58681536565.27189,0.0,0.0,0.0,0.0,0.0,0.0,0.0,0.0,0.0
290,25,0.0,0.0,0.0,0.0,0.0,0.0,0.0,0.0,0.0,0.0,0.0,0.0,0.0,0.0,0,0.0,0.0,0.0,0.0,0.0,0.0,0.0,0.0,0.0,0,0.0,0.0,0.0,0.0,0.0,0.0,0.0,0.0,0.0,0.0,0.0,0.0,0.0,0.0,0.0,0.0,0.0,0.0,0.0,0.0,98376423.4120233,97884541.2949632,491882.1170601165,0.0,58779912988.683914,0.0,0.0,0.0,0.0,0.0,0.0,0.0,0.0,0.0
291,25,0.0,0.0,0.0,0.0,0.0,0.0,0.0,0.0,0.0,0.0,0.0,0.0,0.0,0.0,0,0.0,0.0,0.0,0.0,0.0,0.0,0.0,0.0,0.0,0,0.0,0.0,0.0,0.0,0.0,0.0,0.0,0.0,0.0,0.0,0.0,0.0,0.0,0.0,0.0,0.0,0.0,0.0,0.0,0.0,98541346.16711469,98048639.4362791,492706.7308355734,0.0,58878454334.85103,0.0,0.0,0.0,0.0,1.8917489796876907e-08,0.0,0.0,0.0,0.0
292,25,0.0,0.0,0.0,0.0,0.0,0.0,0.0,0.0,0.0,0.0,0.0,0.0,0.0,0.0,0,0.0,0.0,0.0,0.0,0.0,0.0,0.0,0.0,0.0,0,0.0,0.0,0.0,0.0,0.0,0.0,0.0,0.0,0.0,0.0,0.0,0.0,0.0,0.0,0.0,0.0,0.0,0.0,0.0,0.0,98706545.40628837,98213012.67925695,493532.7270314419,0.0,58977160880.25732,0.0,0.0,0.0,0.0,0.0,0.0,0.0,0.0,0.0
293,25,0.0,0.0,0.0,0.0,0.0,0.0,0.0,0.0,0.0,0.0,0.0,0.0,0.0,0.0,0,0.0,0.0,0.0,0.0,0.0,0.0,0.0,0.0,0.0,0,0.0,0.0,0.0,0.0,0.0,0.0,0.0,0.0,0.0,0.0,0.0,0.0,0.0,0.0,0.0,0.0,0.0,0.0,0.0,0.0,98872021.59305501,98377661.48508975,494360.10796527506,0.0,59076032901.850365,0.0,0.0,0.0,0.0,0.0,0.0,0.0,0.0,0.0
294,25,0.0,0.0,0.0,0.0,0.0,0.0,0.0,0.0,0.0,0.0,0.0,0.0,0.0,0.0,0,0.0,0.0,0.0,0.0,0.0,0.0,0.0,0.0,0.0,0,0.0,0.0,0.0,0.0,0.0,0.0,0.0,0.0,0.0,0.0,0.0,0.0,0.0,0.0,0.0,0.0,0.0,0.0,0.0,0.0,99037775.1917022,98542586.3157437,495188.87595851097,0.0,59175070677.04207,0.0,0.0,0.0,0.0,0.0,0.0,0.0,0.0,0.0
295,25,0.0,0.0,0.0,0.0,0.0,0.0,0.0,0.0,0.0,0.0,0.0,0.0,0.0,0.0,0,0.0,0.0,0.0,0.0,0.0,0.0,0.0,0.0,0.0,0,0.0,0.0,0.0,0.0,0.0,0.0,0.0,0.0,0.0,0.0,0.0,0.0,0.0,0.0,0.0,0.0,0.0,0.0,0.0,0.0,99203806.667296,98707787.63395952,496019.03333648003,0.0,59274274483.709366,0.0,0.0,0.0,0.0,0.0,0.0,0.0,0.0,0.0
296,25,0.0,0.0,0.0,0.0,0.0,0.0,0.0,0.0,0.0,0.0,0.0,0.0,0.0,0.0,0,0.0,0.0,0.0,0.0,0.0,0.0,0.0,0.0,0.0,0,0.0,0.0,0.0,0.0,0.0,0.0,0.0,0.0,0.0,0.0,0.0,0.0,0.0,0.0,0.0,0.0,0.0,0.0,0.0,0.0,99370116.4856821,98873265.90325369,496850.58242841053,0.0,59373644600.195045,0.0,0.0,0.0,0.0,0.0,0.0,0.0,0.0,0.0
297,25,0.0,0.0,0.0,0.0,0.0,0.0,0.0,0.0,0.0,0.0,0.0,0.0,0.0,0.0,0,0.0,0.0,0.0,0.0,0.0,0.0,0.0,0.0,0.0,0,0.0,0.0,0.0,0.0,0.0,0.0,0.0,0.0,0.0,0.0,0.0,0.0,0.0,0.0,0.0,0.0,0.0,0.0,0.0,0.0,99536705.1134871,99039021.58791964,497683.5255674354,0.0,59473181305.30853,0.0,0.0,0.0,0.0,1.8917489796876907e-08,0.0,0.0,0.0,0.0
298,25,0.0,0.0,0.0,0.0,0.0,0.0,0.0,0.0,0.0,0.0,0.0,0.0,0.0,0.0,0,0.0,0.0,0.0,0.0,0.0,0.0,0.0,0.0,0.0,0,0.0,0.0,0.0,0.0,0.0,0.0,0.0,0.0,0.0,0.0,0.0,0.0,0.0,0.0,0.0,0.0,0.0,0.0,0.0,0.0,99703573.01811989,99205055.15302931,498517.8650905994,0.0,59572884878.326645,0.0,0.0,0.0,0.0,0.0,0.0,0.0,0.0,0.0
299,25,0.0,0.0,0.0,0.0,0.0,0.0,0.0,0.0,0.0,0.0,0.0,0.0,0.0,0.0,0,0.0,0.0,0.0,0.0,0.0,0.0,0.0,0.0,0.0,0,0.0,0.0,0.0,0.0,0.0,0.0,0.0,0.0,0.0,0.0,0.0,0.0,0.0,0.0,0.0,0.0,0.0,0.0,0.0,0.0,99870720.6677731,99371367.06443422,499353.6033388655,0.0,59672755598.99442,0.0,0.0,0.0,0.0,1.8917489796876907e-08,0.0,0.0,0.0,0.0
300,26,0.0,0.0,0.0,0.0,0.0,0.0,0.0,0.0,0.0,0.0,0.0,0.0,0.0,0.0,0,0.0,0.0,0.0,0.0,0.0,0.0,0.0,0.0,0.0,0,0.0,0.0,0.0,0.0,0.0,0.0,0.0,0.0,0.0,0.0,0.0,0.0,0.0,0.0,0.0,0.0,0.0,0.0,0.0,0.0,100038148.531424,99537957.78876689,500190.74265712,0.0,59772793747.52584,0.0,0.0,0.0,0.0,0.0,0.0,0.0,0.0,0.0
301,26,0.0,0.0,0.0,0.0,0.0,0.0,0.0,0.0,0.0,0.0,0.0,0.0,0.0,0.0,0,0.0,0.0,0.0,0.0,0.0,0.0,0.0,0.0,0.0,0,0.0,0.0,0.0,0.0,0.0,0.0,0.0,0.0,0.0,0.0,0.0,0.0,0.0,0.0,0.0,0.0,0.0,0.0,0.0,0.0,100205857.07883628,99704827.79344209,501029.28539418144,0.0,59872999604.60468,0.0,0.0,0.0,0.0,0.0,0.0,0.0,0.0,0.0
302,26,0.0,0.0,0.0,0.0,0.0,0.0,0.0,0.0,0.0,0.0,0.0,0.0,0.0,0.0,0,0.0,0.0,0.0,0.0,0.0,0.0,0.0,0.0,0.0,0,0.0,0.0,0.0,0.0,0.0,0.0,0.0,0.0,0.0,0.0,0.0,0.0,0.0,0.0,0.0,0.0,0.0,0.0,0.0,0.0,100373846.78056106,99871977.54665828,501869.2339028053,0.0,59973373451.38524,1.8917489796876907e-08,0.0,0.0,0.0,0.0,0.0,0.0,0.0,0.0
303,26,0.0,0.0,0.0,0.0,0.0,0.0,0.0,0.0,0.0,0.0,0.0,0.0,0.0,0.0,0,0.0,0.0,0.0,0.0,0.0,0.0,0.0,0.0,0.0,0,0.0,0.0,0.0,0.0,0.0,0.0,0.0,0.0,0.0,0.0,0.0,0.0,0.0,0.0,0.0,0.0,0.0,0.0,0.0,0.0,100542118.1079384,100039407.5173987,502710.59053969197,0.0,60073915569.49318,0.0,0.0,0.0,0.0,0.0,0.0,0.0,0.0,0.0
304,26,0.0,0.0,0.0,0.0,0.0,0.0,0.0,0.0,0.0,0.0,0.0,0.0,0.0,0.0,0,0.0,0.0,0.0,0.0,0.0,0.0,0.0,0.0,0.0,0,0.0,0.0,0.0,0.0,0.0,0.0,0.0,0.0,0.0,0.0,0.0,0.0,0.0,0.0,0.0,0.0,0.0,0.0,0.0,0.0,100710671.53309838,100207118.17543289,503553.3576654919,0.0,60174626241.02628,0.0,0.0,0.0,0.0,0.0,0.0,0.0,0.0,0.0
305,26,0.0,0.0,0.0,0.0,0.0,0.0,0.0,0.0,0.0,0.0,0.0,0.0,0.0,0.0,0,0.0,0.0,0.0,0.0,0.0,0.0,0.0,0.0,0.0,0,0.0,0.0,0.0,0.0,0.0,0.0,0.0,0.0,0.0,0.0,0.0,0.0,0.0,0.0,0.0,0.0,0.0,0.0,0.0,0.0,100879507.52896275,100375109.99131793,504397.53764481377,0.0,60275505748.555244,0.0,0.0,0.0,0.0,0.0,0.0,0.0,0.0,0.0
306,26,0.0,0.0,0.0,0.0,0.0,0.0,0.0,0.0,0.0,0.0,0.0,0.0,0.0,0.0,0,0.0,0.0,0.0,0.0,0.0,0.0,0.0,0.0,0.0,0,0.0,0.0,0.0,0.0,0.0,0.0,0.0,0.0,0.0,0.0,0.0,0.0,0.0,0.0,0.0,0.0,0.0,0.0,0.0,0.0,101048626.569246,100543383.43639976,505243.13284622994,0.0,60376554375.12449,0.0,0.0,0.0,0.0,0.0,0.0,0.0,0.0,0.0
307,26,0.0,0.0,0.0,0.0,0.0,0.0,0.0,0.0,0.0,0.0,0.0,0.0,0.0,0.0,0,0.0,0.0,0.0,0.0,0.0,0.0,0.0,0.0,0.0,0,0.0,0.0,0.0,0.0,0.0,0.0,0.0,0.0,0.0,0.0,0.0,0.0,0.0,0.0,0.0,0.0,0.0,0.0,0.0,0.0,101218029.12845685,100711938.98281455,506090.14564228425,0.0,60477772404.252945,0.0,0.0,0.0,0.0,1.8917489796876907e-08,0.0,0.0,0.0,0.0
308,26,0.0,0.0,0.0,0.0,0.0,0.0,0.0,0.0,0.0,0.0,0.0,0.0,0.0,0.0,0,0.0,0.0,0.0,0.0,0.0,0.0,0.0,0.0,0.0,0,0.0,0.0,0.0,0.0,0.0,0.0,0.0,0.0,0.0,0.0,0.0,0.0,0.0,0.0,0.0,0.0,0.0,0.0,0.0,0.0,101387715.68189931,100880777.10348983,506938.5784094966,0.0,60579160119.934845,0.0,0.0,0.0,0.0,0.0,0.0,0.0,0.0,0.0
309,26,0.0,0.0,0.0,0.0,0.0,0.0,0.0,0.0,0.0,0.0,0.0,0.0,0.0,0.0,0,0.0,0.0,0.0,0.0,0.0,0.0,0.0,0.0,0.0,0,0.0,0.0,0.0,0.0,0.0,0.0,0.0,0.0,0.0,0.0,0.0,0.0,0.0,0.0,0.0,0.0,0.0,0.0,0.0,0.0,101557686.70567453,101049898.27214614,507788.4335283726,0.0,60680717806.640526,0.0,0.0,0.0,0.0,1.8917489796876907e-08,0.0,0.0,0.0,0.0
310,26,0.0,0.0,0.0,0.0,0.0,0.0,0.0,0.0,0.0,0.0,0.0,0.0,0.0,0.0,0,0.0,0.0,0.0,0.0,0.0,0.0,0.0,0.0,0.0,0,0.0,0.0,0.0,0.0,0.0,0.0,0.0,0.0,0.0,0.0,0.0,0.0,0.0,0.0,0.0,0.0,0.0,0.0,0.0,0.0,101727942.67668149,101219302.96329811,508639.7133834074,0.0,60782445749.3172,1.8917489796876907e-08,0.0,0.0,0.0,0.0,0.0,0.0,0.0,0.0
311,26,0.0,0.0,0.0,0.0,0.0,0.0,0.0,0.0,0.0,0.0,0.0,0.0,0.0,0.0,0,0.0,0.0,0.0,0.0,0.0,0.0,0.0,0.0,0.0,0,0.0,0.0,0.0,0.0,0.0,0.0,0.0,0.0,0.0,0.0,0.0,0.0,0.0,0.0,0.0,0.0,0.0,0.0,0.0,0.0,101898484.07261896,101388991.65225586,509492.4203630948,0.0,60884344233.389824,0.0,0.0,0.0,0.0,0.0,0.0,0.0,0.0,0.0
312,27,0.0,0.0,0.0,0.0,0.0,0.0,0.0,0.0,0.0,0.0,0.0,0.0,0.0,0.0,0,0.0,0.0,0.0,0.0,0.0,0.0,0.0,0.0,0.0,0,0.0,0.0,0.0,0.0,0.0,0.0,0.0,0.0,0.0,0.0,0.0,0.0,0.0,0.0,0.0,0.0,0.0,0.0,0.0,0.0,102069311.3719863,101558964.81512637,510346.55685993156,0.0,60986413544.76181,0.0,0.0,0.0,0.0,0.0,0.0,0.0,0.0,0.0
313,27,0.0,0.0,0.0,0.0,0.0,0.0,0.0,0.0,0.0,0.0,0.0,0.0,0.0,0.0,0,0.0,0.0,0.0,0.0,0.0,0.0,0.0,0.0,0.0,0,0.0,0.0,0.0,0.0,0.0,0.0,0.0,0.0,0.0,0.0,0.0,0.0,0.0,0.0,0.0,0.0,0.0,0.0,0.0,0.0,102240425.0540852,101729222.92881475,511202.12527042604,0.0,61088653969.8159,0.0,0.0,0.0,0.0,1.8917489796876907e-08,0.0,0.0,0.0,0.0
314,27,0.0,0.0,0.0,0.0,0.0,0.0,0.0,0.0,0.0,0.0,0.0,0.0,0.0,0.0,0,0.0,0.0,0.0,0.0,0.0,0.0,0.0,0.0,0.0,0,0.0,0.0,0.0,0.0,0.0,0.0,0.0,0.0,0.0,0.0,0.0,0.0,0.0,0.0,0.0,0.0,0.0,0.0,0.0,0.0,102411825.59902078,101899766.47102569,512059.12799510395,0.0,61191065795.41492,0.0,0.0,0.0,0.0,0.0,0.0,0.0,0.0,0.0
315,27,0.0,0.0,0.0,0.0,0.0,0.0,0.0,0.0,0.0,0.0,0.0,0.0,0.0,0.0,0,0.0,0.0,0.0,0.0,0.0,0.0,0.0,0.0,0.0,0,0.0,0.0,0.0,0.0,0.0,0.0,0.0,0.0,0.0,0.0,0.0,0.0,0.0,0.0,0.0,0.0,0.0,0.0,0.0,0.0,102583513.48770314,102070595.92026463,512917.5674385158,0.0,61293649308.902626,0.0,0.0,0.0,0.0,0.0,0.0,0.0,0.0,0.0
316,27,0.0,0.0,0.0,0.0,0.0,0.0,0.0,0.0,0.0,0.0,0.0,0.0,0.0,0.0,0,0.0,0.0,0.0,0.0,0.0,0.0,0.0,0.0,0.0,0,0.0,0.0,0.0,0.0,0.0,0.0,0.0,0.0,0.0,0.0,0.0,0.0,0.0,0.0,0.0,0.0,0.0,0.0,0.0,0.0,102755489.20184849,102241711.75583924,513777.4460092425,0.0,61396404798.10448,0.0,0.0,0.0,0.0,0.0,0.0,0.0,0.0,0.0
317,27,0.0,0.0,0.0,0.0,0.0,0.0,0.0,0.0,0.0,0.0,0.0,0.0,0.0,0.0,0,0.0,0.0,0.0,0.0,0.0,0.0,0.0,0.0,0.0,0,0.0,0.0,0.0,0.0,0.0,0.0,0.0,0.0,0.0,0.0,0.0,0.0,0.0,0.0,0.0,0.0,0.0,0.0,0.0,0.0,102927753.22398067,102413114.45786077,514638.7661199033,0.0,61499332551.32846,0.0,0.0,0.0,0.0,0.0,0.0,0.0,0.0,0.0
318,27,0.0,0.0,0.0,0.0,0.0,0.0,0.0,0.0,0.0,0.0,0.0,0.0,0.0,0.0,0,0.0,0.0,0.0,0.0,0.0,0.0,0.0,0.0,0.0,0,0.0,0.0,0.0,0.0,0.0,0.0,0.0,0.0,0.0,0.0,0.0,0.0,0.0,0.0,0.0,0.0,0.0,0.0,0.0,0.0,103100306.03743245,102584804.50724529,515501.5301871623,0.0,61602432857.3659,0.0,0.0,0.0,0.0,0.0,0.0,0.0,0.0,0.0
319,27,0.0,0.0,0.0,0.0,0.0,0.0,0.0,0.0,0.0,0.0,0.0,0.0,0.0,0.0,0,0.0,0.0,0.0,0.0,0.0,0.0,0.0,0.0,0.0,0,0.0,0.0,0.0,0.0,0.0,0.0,0.0,0.0,0.0,0.0,0.0,0.0,0.0,0.0,0.0,0.0,0.0,0.0,0.0,0.0,103273148.12634686,102756782.38571513,516365.7406317343,0.0,61705706005.49224,0.0,0.0,0.0,0.0,0.0,0.0,0.0,0.0,0.0
320,27,0.0,0.0,0.0,0.0,0.0,0.0,0.0,0.0,0.0,0.0,0.0,0.0,0.0,0.0,0,0.0,0.0,0.0,0.0,0.0,0.0,0.0,0.0,0.0,0,0.0,0.0,0.0,0.0,0.0,0.0,0.0,0.0,0.0,0.0,0.0,0.0,0.0,0.0,0.0,0.0,0.0,0.0,0.0,0.0,103446279.97567852,102929048.57580014,517231.3998783926,0.0,61809152285.46792,0.0,0.0,0.0,0.0,0.0,0.0,0.0,0.0,0.0
321,27,0.0,0.0,0.0,0.0,0.0,0.0,0.0,0.0,0.0,0.0,0.0,0.0,0.0,0.0,0,0.0,0.0,0.0,0.0,0.0,0.0,0.0,0.0,0.0,0,0.0,0.0,0.0,0.0,0.0,0.0,0.0,0.0,0.0,0.0,0.0,0.0,0.0,0.0,0.0,0.0,0.0,0.0,0.0,0.0,103619702.07119517,103101603.5608392,518098.5103559759,0.0,61912771987.539116,0.0,0.0,0.0,0.0,0.0,0.0,0.0,0.0,0.0
322,27,0.0,0.0,0.0,0.0,0.0,0.0,0.0,0.0,0.0,0.0,0.0,0.0,0.0,0.0,0,0.0,0.0,0.0,0.0,0.0,0.0,0.0,0.0,0.0,0,0.0,0.0,0.0,0.0,0.0,0.0,0.0,0.0,0.0,0.0,0.0,0.0,0.0,0.0,0.0,0.0,0.0,0.0,0.0,0.0,103793414.89947882,103274447.82498144,518967.07449739415,0.0,62016565402.43859,0.0,0.0,0.0,0.0,0.0,0.0,0.0,0.0,0.0
323,27,0.0,0.0,0.0,0.0,0.0,0.0,0.0,0.0,0.0,0.0,0.0,0.0,0.0,0.0,0,0.0,0.0,0.0,0.0,0.0,0.0,0.0,0.0,0.0,0,0.0,0.0,0.0,0.0,0.0,0.0,0.0,0.0,0.0,0.0,0.0,0.0,0.0,0.0,0.0,0.0,0.0,0.0,0.0,0.0,103967418.94792722,103447581.85318759,519837.0947396362,0.0,62120532821.38651,0.0,0.0,0.0,0.0,0.0,0.0,0.0,0.0,0.0
324,28,0.0,0.0,0.0,0.0,0.0,0.0,0.0,0.0,0.0,0.0,0.0,0.0,0.0,0.0,0,0.0,0.0,0.0,0.0,0.0,0.0,0.0,0.0,0.0,0,0.0,0.0,0.0,0.0,0.0,0.0,0.0,0.0,0.0,0.0,0.0,0.0,0.0,0.0,0.0,0.0,0.0,0.0,0.0,0.0,104141714.70475526,103621006.13123149,520708.5735237764,0.0,62224674536.09127,0.0,0.0,0.0,0.0,0.0,0.0,0.0,0.0,0.0
325,28,0.0,0.0,0.0,0.0,0.0,0.0,0.0,0.0,0.0,0.0,0.0,0.0,0.0,0.0,0,0.0,0.0,0.0,0.0,0.0,0.0,0.0,0.0,0.0,0,0.0,0.0,0.0,0.0,0.0,0.0,0.0,0.0,0.0,0.0,0.0,0.0,0.0,0.0,0.0,0.0,0.0,0.0,0.0,0.0,104316302.65899628,103794721.14570129,521581.5132949814,0.0,62328990838.75027,0.0,0.0,0.0,0.0,0.0,0.0,0.0,0.0,0.0
326,28,0.0,0.0,0.0,0.0,0.0,0.0,0.0,0.0,0.0,0.0,0.0,0.0,0.0,0.0,0,0.0,0.0,0.0,0.0,0.0,0.0,0.0,0.0,0.0,0,0.0,0.0,0.0,0.0,0.0,0.0,0.0,0.0,0.0,0.0,0.0,0.0,0.0,0.0,0.0,0.0,0.0,0.0,0.0,0.0,104491183.30050339,103968727.38400087,522455.91650251695,0.0,62433482022.05077,0.0,0.0,0.0,0.0,0.0,0.0,0.0,0.0,0.0
327,28,0.0,0.0,0.0,0.0,0.0,0.0,0.0,0.0,0.0,0.0,0.0,0.0,0.0,0.0,0,0.0,0.0,0.0,0.0,0.0,0.0,0.0,0.0,0.0,0,0.0,0.0,0.0,0.0,0.0,0.0,0.0,0.0,0.0,0.0,0.0,0.0,0.0,0.0,0.0,0.0,0.0,0.0,0.0,0.0,104666357.11995102,104143025.33435126,523331.78559975507,0.0,62538148379.17072,0.0,0.0,0.0,0.0,1.8917489796876907e-08,0.0,0.0,0.0,0.0
328,28,0.0,0.0,0.0,0.0,0.0,0.0,0.0,0.0,0.0,0.0,0.0,0.0,0.0,0.0,0,0.0,0.0,0.0,0.0,0.0,0.0,0.0,0.0,0.0,0,0.0,0.0,0.0,0.0,0.0,0.0,0.0,0.0,0.0,0.0,0.0,0.0,0.0,0.0,0.0,0.0,0.0,0.0,0.0,0.0,104841824.60883607,104317615.48579192,524209.12304418045,0.0,62642990203.779564,0.0,0.0,0.0,0.0,0.0,0.0,0.0,0.0,0.0
329,28,0.0,0.0,0.0,0.0,0.0,0.0,0.0,0.0,0.0,0.0,0.0,0.0,0.0,0.0,0,0.0,0.0,0.0,0.0,0.0,0.0,0.0,0.0,0.0,0,0.0,0.0,0.0,0.0,0.0,0.0,0.0,0.0,0.0,0.0,0.0,0.0,0.0,0.0,0.0,0.0,0.0,0.0,0.0,0.0,105017586.25947958,104492498.32818219,525087.9312973979,0.0,62748007790.03904,0.0,0.0,0.0,0.0,0.0,0.0,0.0,0.0,0.0
330,28,0.0,0.0,0.0,0.0,0.0,0.0,0.0,0.0,0.0,0.0,0.0,0.0,0.0,0.0,0,0.0,0.0,0.0,0.0,0.0,0.0,0.0,0.0,0.0,0,0.0,0.0,0.0,0.0,0.0,0.0,0.0,0.0,0.0,0.0,0.0,0.0,0.0,0.0,0.0,0.0,0.0,0.0,0.0,0.0,105193642.56502773,104667674.3522026,525968.2128251387,0.0,62853201432.604065,0.0,0.0,0.0,0.0,0.0,0.0,0.0,0.0,0.0
331,28,0.0,0.0,0.0,0.0,0.0,0.0,0.0,0.0,0.0,0.0,0.0,0.0,0.0,0.0,0,0.0,0.0,0.0,0.0,0.0,0.0,0.0,0.0,0.0,0,0.0,0.0,0.0,0.0,0.0,0.0,0.0,0.0,0.0,0.0,0.0,0.0,0.0,0.0,0.0,0.0,0.0,0.0,0.0,0.0,105369994.01945359,104843144.04935631,526849.970097268,0.0,62958571426.62352,0.0,0.0,0.0,0.0,1.8917489796876907e-08,0.0,0.0,0.0,0.0
332,28,0.0,0.0,0.0,0.0,0.0,0.0,0.0,0.0,0.0,0.0,0.0,0.0,0.0,0.0,0,0.0,0.0,0.0,0.0,0.0,0.0,0.0,0.0,0.0,0,0.0,0.0,0.0,0.0,0.0,0.0,0.0,0.0,0.0,0.0,0.0,0.0,0.0,0.0,0.0,0.0,0.0,0.0,0.0,0.0,105546641.11755829,105018907.9119705,527733.2055877914,0.0,63064118067.74107,0.0,0.0,0.0,0.0,1.8917489796876907e-08,0.0,0.0,0.0,0.0
333,28,0.0,0.0,0.0,0.0,0.0,0.0,0.0,0.0,0.0,0.0,0.0,0.0,0.0,0.0,0,0.0,0.0,0.0,0.0,0.0,0.0,0.0,0.0,0.0,0,0.0,0.0,0.0,0.0,0.0,0.0,0.0,0.0,0.0,0.0,0.0,0.0,0.0,0.0,0.0,0.0,0.0,0.0,0.0,0.0,105723584.35497245,105194966.4331976,528617.9217748623,0.0,63169841652.09605,0.0,0.0,0.0,0.0,1.8917489796876907e-08,0.0,0.0,0.0,0.0
334,28,0.0,0.0,0.0,0.0,0.0,0.0,0.0,0.0,0.0,0.0,0.0,0.0,0.0,0.0,0,0.0,0.0,0.0,0.0,0.0,0.0,0.0,0.0,0.0,0,0.0,0.0,0.0,0.0,0.0,0.0,0.0,0.0,0.0,0.0,0.0,0.0,0.0,0.0,0.0,0.0,0.0,0.0,0.0,0.0,105900824.22815765,105371320.10701689,529504.1211407883,0.0,63275742476.3242,0.0,0.0,0.0,0.0,0.0,0.0,0.0,0.0,0.0
335,28,0.0,0.0,0.0,0.0,0.0,0.0,0.0,0.0,0.0,0.0,0.0,0.0,0.0,0.0,0,0.0,0.0,0.0,0.0,0.0,0.0,0.0,0.0,0.0,0,0.0,0.0,0.0,0.0,0.0,0.0,0.0,0.0,0.0,0.0,0.0,0.0,0.0,0.0,0.0,0.0,0.0,0.0,0.0,0.0,106078361.23440774,105547969.42823568,530391.8061720387,0.0,63381820837.55862,0.0,0.0,0.0,0.0,1.8917489796876907e-08,0.0,0.0,0.0,0.0
336,29,0.0,0.0,0.0,0.0,0.0,0.0,0.0,0.0,0.0,0.0,0.0,0.0,0.0,0.0,0,0.0,0.0,0.0,0.0,0.0,0.0,0.0,0.0,0.0,0,0.0,0.0,0.0,0.0,0.0,0.0,0.0,0.0,0.0,0.0,0.0,0.0,0.0,0.0,0.0,0.0,0.0,0.0,0.0,0.0,106256195.87185013,105724914.8924909,531280.9793592506,0.0,63488077033.430466,0.0,0.0,0.0,0.0,0.0,0.0,0.0,0.0,0.0
337,29,0.0,0.0,0.0,0.0,0.0,0.0,0.0,0.0,0.0,0.0,0.0,0.0,0.0,0.0,0,0.0,0.0,0.0,0.0,0.0,0.0,0.0,0.0,0.0,0,0.0,0.0,0.0,0.0,0.0,0.0,0.0,0.0,0.0,0.0,0.0,0.0,0.0,0.0,0.0,0.0,0.0,0.0,0.0,0.0,106434328.63944757,105902156.99625032,532171.6431972379,0.0,63594511362.069916,0.0,0.0,0.0,0.0,1.8917489796876907e-08,0.0,0.0,0.0,0.0
338,29,0.0,0.0,0.0,0.0,0.0,0.0,0.0,0.0,0.0,0.0,0.0,0.0,0.0,0.0,0,0.0,0.0,0.0,0.0,0.0,0.0,0.0,0.0,0.0,0,0.0,0.0,0.0,0.0,0.0,0.0,0.0,0.0,0.0,0.0,0.0,0.0,0.0,0.0,0.0,0.0,0.0,0.0,0.0,0.0,106612760.036999,106079696.23681402,533063.800184995,0.0,63701124122.1069,0.0,0.0,0.0,0.0,0.0,0.0,0.0,0.0,0.0
339,29,0.0,0.0,0.0,0.0,0.0,0.0,0.0,0.0,0.0,0.0,0.0,0.0,0.0,0.0,0,0.0,0.0,0.0,0.0,0.0,0.0,0.0,0.0,0.0,0,0.0,0.0,0.0,0.0,0.0,0.0,0.0,0.0,0.0,0.0,0.0,0.0,0.0,0.0,0.0,0.0,0.0,0.0,0.0,0.0,106791490.56514151,106257533.1123158,533957.4528257076,0.0,63807915612.67205,0.0,0.0,0.0,0.0,0.0,0.0,0.0,0.0,0.0
340,29,0.0,0.0,0.0,0.0,0.0,0.0,0.0,0.0,0.0,0.0,0.0,0.0,0.0,0.0,0,0.0,0.0,0.0,0.0,0.0,0.0,0.0,0.0,0.0,0,0.0,0.0,0.0,0.0,0.0,0.0,0.0,0.0,0.0,0.0,0.0,0.0,0.0,0.0,0.0,0.0,0.0,0.0,0.0,0.0,106970520.72535129,106435668.12172453,534852.6036267565,0.0,63914886133.3974,0.0,0.0,0.0,0.0,0.0,0.0,0.0,0.0,0.0
341,29,0.0,0.0,0.0,0.0,0.0,0.0,0.0,0.0,0.0,0.0,0.0,0.0,0.0,0.0,0,0.0,0.0,0.0,0.0,0.0,0.0,0.0,0.0,0.0,0,0.0,0.0,0.0,0.0,0.0,0.0,0.0,0.0,0.0,0.0,0.0,0.0,0.0,0.0,0.0,0.0,0.0,0.0,0.0,0.0,107149851.01994534,106614101.76484562,535749.2550997267,0.0,64022035984.41734,0.0,0.0,0.0,0.0,0.0,0.0,0.0,0.0,0.0
342,29,0.0,0.0,0.0,0.0,0.0,0.0,0.0,0.0,0.0,0.0,0.0,0.0,0.0,0.0,0,0.0,0.0,0.0,0.0,0.0,0.0,0.0,0.0,0.0,0,0.0,0.0,0.0,0.0,0.0,0.0,0.0,0.0,0.0,0.0,0.0,0.0,0.0,0.0,0.0,0.0,0.0,0.0,0.0,0.0,107329481.95208272,106792834.54232231,536647.4097604136,0.0,64129365466.36943,0.0,0.0,0.0,0.0,0.0,0.0,0.0,0.0,0.0
343,29,0.0,0.0,0.0,0.0,0.0,0.0,0.0,0.0,0.0,0.0,0.0,0.0,0.0,0.0,0,0.0,0.0,0.0,0.0,0.0,0.0,0.0,0.0,0.0,0,0.0,0.0,0.0,0.0,0.0,0.0,0.0,0.0,0.0,0.0,0.0,0.0,0.0,0.0,0.0,0.0,0.0,0.0,0.0,0.0,107509414.02576602,106971866.95563719,537547.0701288301,0.0,64236874880.395195,0.0,0.0,0.0,0.0,0.0,0.0,0.0,0.0,0.0
344,29,0.0,0.0,0.0,0.0,0.0,0.0,0.0,0.0,0.0,0.0,0.0,0.0,0.0,0.0,0,0.0,0.0,0.0,0.0,0.0,0.0,0.0,0.0,0.0,0,0.0,0.0,0.0,0.0,0.0,0.0,0.0,0.0,0.0,0.0,0.0,0.0,0.0,0.0,0.0,0.0,0.0,0.0,0.0,0.0,107689647.74584275,107151199.50711353,538448.2387292137,0.0,64344564528.14103,0.0,0.0,0.0,0.0,1.8917489796876907e-08,0.0,0.0,0.0,0.0
345,29,0.0,0.0,0.0,0.0,0.0,0.0,0.0,0.0,0.0,0.0,0.0,0.0,0.0,0.0,0,0.0,0.0,0.0,0.0,0.0,0.0,0.0,0.0,0.0,0,0.0,0.0,0.0,0.0,0.0,0.0,0.0,0.0,0.0,0.0,0.0,0.0,0.0,0.0,0.0,0.0,0.0,0.0,0.0,0.0,107870183.61800675,107330832.69991674,539350.9180900338,0.0,64452434711.75903,0.0,0.0,0.0,0.0,1.8917489796876907e-08,0.0,0.0,0.0,0.0
346,29,0.0,0.0,0.0,0.0,0.0,0.0,0.0,0.0,0.0,0.0,0.0,0.0,0.0,0.0,0,0.0,0.0,0.0,0.0,0.0,0.0,0.0,0.0,0.0,0,0.0,0.0,0.0,0.0,0.0,0.0,0.0,0.0,0.0,0.0,0.0,0.0,0.0,0.0,0.0,0.0,0.0,0.0,0.0,0.0,108051022.14879972,107510767.03805575,540255.1107439985,0.0,64560485733.90784,0.0,0.0,0.0,0.0,0.0,0.0,0.0,0.0,0.0
347,29,0.0,0.0,0.0,0.0,0.0,0.0,0.0,0.0,0.0,0.0,0.0,0.0,0.0,0.0,0,0.0,0.0,0.0,0.0,0.0,0.0,0.0,0.0,0.0,0,0.0,0.0,0.0,0.0,0.0,0.0,0.0,0.0,0.0,0.0,0.0,0.0,0.0,0.0,0.0,0.0,0.0,0.0,0.0,0.0,108232163.84561247,107691003.02638441,541160.8192280623,0.0,64668717897.75345,0.0,0.0,0.0,0.0,0.0,0.0,0.0,0.0,0.0
348,30,0.0,0.0,0.0,0.0,0.0,0.0,0.0,0.0,0.0,0.0,0.0,0.0,0.0,0.0,0,0.0,0.0,0.0,0.0,0.0,0.0,0.0,0.0,0.0,0,0.0,0.0,0.0,0.0,0.0,0.0,0.0,0.0,0.0,0.0,0.0,0.0,0.0,0.0,0.0,0.0,0.0,0.0,0.0,0.0,108413609.21668643,107871541.17060298,542068.046083432,0.0,64777131506.97014,0.0,0.0,0.0,0.0,1.8917489796876907e-08,0.0,0.0,0.0,0.0
349,30,0.0,0.0,0.0,0.0,0.0,0.0,0.0,0.0,0.0,0.0,0.0,0.0,0.0,0.0,0,0.0,0.0,0.0,0.0,0.0,0.0,0.0,0.0,0.0,0,0.0,0.0,0.0,0.0,0.0,0.0,0.0,0.0,0.0,0.0,0.0,0.0,0.0,0.0,0.0,0.0,0.0,0.0,0.0,0.0,108595358.77111503,108052381.97725949,542976.7938555751,0.0,64885726865.74126,0.0,0.0,0.0,0.0,0.0,0.0,0.0,0.0,0.0
350,30,0.0,0.0,0.0,0.0,0.0,0.0,0.0,0.0,0.0,0.0,0.0,0.0,0.0,0.0,0,0.0,0.0,0.0,0.0,0.0,0.0,0.0,0.0,0.0,0,0.0,0.0,0.0,0.0,0.0,0.0,0.0,0.0,0.0,0.0,0.0,0.0,0.0,0.0,0.0,0.0,0.0,0.0,0.0,0.0,108777413.01884535,108233525.95375112,543887.0650942267,0.0,64994504278.76009,0.0,0.0,0.0,0.0,0.0,0.0,0.0,0.0,0.0
351,30,0.0,0.0,0.0,0.0,0.0,0.0,0.0,0.0,0.0,0.0,0.0,0.0,0.0,0.0,0,0.0,0.0,0.0,0.0,0.0,0.0,0.0,0.0,0.0,0,0.0,0.0,0.0,0.0,0.0,0.0,0.0,0.0,0.0,0.0,0.0,0.0,0.0,0.0,0.0,0.0,0.0,0.0,0.0,0.0,108959772.47067913,108414973.60832573,544798.8623533957,0.0,65103464051.230774,0.0,0.0,0.0,0.0,0.0,0.0,0.0,0.0,0.0
352,30,0.0,0.0,0.0,0.0,0.0,0.0,0.0,0.0,0.0,0.0,0.0,0.0,0.0,0.0,0,0.0,0.0,0.0,0.0,0.0,0.0,0.0,0.0,0.0,0,0.0,0.0,0.0,0.0,0.0,0.0,0.0,0.0,0.0,0.0,0.0,0.0,0.0,0.0,0.0,0.0,0.0,0.0,0.0,0.0,109142437.63827455,108596725.45008318,545712.1881913728,0.0,65212606488.86905,0.0,0.0,0.0,0.0,0.0,0.0,0.0,0.0,0.0
353,30,0.0,0.0,0.0,0.0,0.0,0.0,0.0,0.0,0.0,0.0,0.0,0.0,0.0,0.0,0,0.0,0.0,0.0,0.0,0.0,0.0,0.0,0.0,0.0,0,0.0,0.0,0.0,0.0,0.0,0.0,0.0,0.0,0.0,0.0,0.0,0.0,0.0,0.0,0.0,0.0,0.0,0.0,0.0,0.0,109325409.0341476,108778781.98897688,546627.045170738,0.0,65321931897.9032,1.8917489796876907e-08,0.0,0.0,0.0,0.0,0.0,0.0,0.0,0.0
354,30,0.0,0.0,0.0,0.0,0.0,0.0,0.0,0.0,0.0,0.0,0.0,0.0,0.0,0.0,0,0.0,0.0,0.0,0.0,0.0,0.0,0.0,0.0,0.0,0,0.0,0.0,0.0,0.0,0.0,0.0,0.0,0.0,0.0,0.0,0.0,0.0,0.0,0.0,0.0,0.0,0.0,0.0,0.0,0.0,109508687.17167342,108961143.73581503,547543.4358583671,0.0,65431440585.07487,0.0,0.0,0.0,0.0,1.8917489796876907e-08,0.0,0.0,0.0,0.0
355,30,0.0,0.0,0.0,0.0,0.0,0.0,0.0,0.0,0.0,0.0,0.0,0.0,0.0,0.0,0,0.0,0.0,0.0,0.0,0.0,0.0,0.0,0.0,0.0,0,0.0,0.0,0.0,0.0,0.0,0.0,0.0,0.0,0.0,0.0,0.0,0.0,0.0,0.0,0.0,0.0,0.0,0.0,0.0,0.0,109692272.5650878,109143811.20226237,548461.362825439,0.0,65541132857.63995,0.0,0.0,0.0,0.0,0.0,0.0,0.0,0.0,0.0
356,30,0.0,0.0,0.0,0.0,0.0,0.0,0.0,0.0,0.0,0.0,0.0,0.0,0.0,0.0,0,0.0,0.0,0.0,0.0,0.0,0.0,0.0,0.0,0.0,0,0.0,0.0,0.0,0.0,0.0,0.0,0.0,0.0,0.0,0.0,0.0,0.0,0.0,0.0,0.0,0.0,0.0,0.0,0.0,0.0,109876165.72948863,109326784.90084118,549380.8286474431,0.0,65651009023.369446,0.0,0.0,0.0,0.0,0.0,0.0,0.0,0.0,0.0
357,30,0.0,0.0,0.0,0.0,0.0,0.0,0.0,0.0,0.0,0.0,0.0,0.0,0.0,0.0,0,0.0,0.0,0.0,0.0,0.0,0.0,0.0,0.0,0.0,0,0.0,0.0,0.0,0.0,0.0,0.0,0.0,0.0,0.0,0.0,0.0,0.0,0.0,0.0,0.0,0.0,0.0,0.0,0.0,0.0,110060367.1808373,109510065.34493312,550301.8359041866,0.0,65761069390.550285,0.0,0.0,0.0,0.0,0.0,0.0,0.0,0.0,0.0
358,30,0.0,0.0,0.0,0.0,0.0,0.0,0.0,0.0,0.0,0.0,0.0,0.0,0.0,0.0,0,0.0,0.0,0.0,0.0,0.0,0.0,0.0,0.0,0.0,0,0.0,0.0,0.0,0.0,0.0,0.0,0.0,0.0,0.0,0.0,0.0,0.0,0.0,0.0,0.0,0.0,0.0,0.0,0.0,0.0,110244877.43596025,109693653.04878044,551224.3871798012,0.0,65871314267.986244,0.0,0.0,0.0,0.0,0.0,0.0,0.0,0.0,0.0
359,30,0.0,0.0,0.0,0.0,0.0,0.0,0.0,0.0,0.0,0.0,0.0,0.0,0.0,0.0,0,0.0,0.0,0.0,0.0,0.0,0.0,0.0,0.0,0.0,0,0.0,0.0,0.0,0.0,0.0,0.0,0.0,0.0,0.0,0.0,0.0,0.0,0.0,0.0,0.0,0.0,0.0,0.0,0.0,0.0,110429697.0125503,109877548.52748755,552148.4850627515,0.0,65981743964.998795,0.0,0.0,0.0,0.0,0.0,0.0,0.0,0.0,0.0
360,31,0.0,0.0,0.0,0.0,0.0,0.0,0.0,0.0,0.0,0.0,0.0,0.0,0.0,0.0,0,0.0,0.0,0.0,0.0,0.0,0.0,0.0,0.0,0.0,0,0.0,0.0,0.0,0.0,0.0,0.0,0.0,0.0,0.0,0.0,0.0,0.0,0.0,0.0,0.0,0.0,0.0,0.0,0.0,0.0,110614826.42916815,110061752.29702231,553074.1321458408,0.0,66092358791.42796,0.0,0.0,0.0,0.0,0.0,0.0,0.0,0.0,0.0
361,31,0.0,0.0,0.0,0.0,0.0,0.0,0.0,0.0,0.0,0.0,0.0,0.0,0.0,0.0,0,0.0,0.0,0.0,0.0,0.0,0.0,0.0,0.0,0.0,0,0.0,0.0,0.0,0.0,0.0,0.0,0.0,0.0,0.0,0.0,0.0,0.0,0.0,0.0,0.0,0.0,0.0,0.0,0.0,0.0,110800266.20524386,110246264.87421764,554001.3310262193,0.0,66203159057.6332,0.0,0.0,0.0,0.0,0.0,0.0,0.0,0.0,0.0
362,31,0.0,0.0,0.0,0.0,0.0,0.0,0.0,0.0,0.0,0.0,0.0,0.0,0.0,0.0,0,0.0,0.0,0.0,0.0,0.0,0.0,0.0,0.0,0.0,0,0.0,0.0,0.0,0.0,0.0,0.0,0.0,0.0,0.0,0.0,0.0,0.0,0.0,0.0,0.0,0.0,0.0,0.0,0.0,0.0,110986016.86107829,110431086.7767729,554930.0843053914,0.0,66314145074.49428,0.0,0.0,0.0,0.0,0.0,0.0,0.0,0.0,0.0
363,31,0.0,0.0,0.0,0.0,0.0,0.0,0.0,0.0,0.0,0.0,0.0,0.0,0.0,0.0,0,0.0,0.0,0.0,0.0,0.0,0.0,0.0,0.0,0.0,0,0.0,0.0,0.0,0.0,0.0,0.0,0.0,0.0,0.0,0.0,0.0,0.0,0.0,0.0,0.0,0.0,0.0,0.0,0.0,0.0,111172078.91784458,110616218.52325536,555860.3945892229,0.0,66425317153.412125,0.0,0.0,0.0,0.0,0.0,0.0,0.0,0.0,0.0
364,31,0.0,0.0,0.0,0.0,0.0,0.0,0.0,0.0,0.0,0.0,0.0,0.0,0.0,0.0,0,0.0,0.0,0.0,0.0,0.0,0.0,0.0,0.0,0.0,0,0.0,0.0,0.0,0.0,0.0,0.0,0.0,0.0,0.0,0.0,0.0,0.0,0.0,0.0,0.0,0.0,0.0,0.0,0.0,0.0,111358452.89758947,110801660.63310152,556792.2644879475,0.0,66536675606.309715,0.0,0.0,0.0,0.0,0.0,0.0,0.0,0.0,0.0
365,31,0.0,0.0,0.0,0.0,0.0,0.0,0.0,0.0,0.0,0.0,0.0,0.0,0.0,0.0,0,0.0,0.0,0.0,0.0,0.0,0.0,0.0,0.0,0.0,0,0.0,0.0,0.0,0.0,0.0,0.0,0.0,0.0,0.0,0.0,0.0,0.0,0.0,0.0,0.0,0.0,0.0,0.0,0.0,0.0,111545139.32323506,110987413.62661889,557725.6966161754,0.0,66648220745.63294,0.0,0.0,0.0,0.0,0.0,0.0,0.0,0.0,0.0
366,31,0.0,0.0,0.0,0.0,0.0,0.0,0.0,0.0,0.0,0.0,0.0,0.0,0.0,0.0,0,0.0,0.0,0.0,0.0,0.0,0.0,0.0,0.0,0.0,0,0.0,0.0,0.0,0.0,0.0,0.0,0.0,0.0,0.0,0.0,0.0,0.0,0.0,0.0,0.0,0.0,0.0,0.0,0.0,0.0,111732138.71857996,111173478.02498707,558660.6935928998,0.0,66759952884.351524,0.0,0.0,0.0,0.0,0.0,0.0,0.0,0.0,0.0
367,31,0.0,0.0,0.0,0.0,0.0,0.0,0.0,0.0,0.0,0.0,0.0,0.0,0.0,0.0,0,0.0,0.0,0.0,0.0,0.0,0.0,0.0,0.0,0.0,0,0.0,0.0,0.0,0.0,0.0,0.0,0.0,0.0,0.0,0.0,0.0,0.0,0.0,0.0,0.0,0.0,0.0,0.0,0.0,0.0,111919451.60830095,111359854.35025945,559597.2580415048,0.0,66871872335.95982,0.0,0.0,0.0,0.0,0.0,0.0,0.0,0.0,0.0
368,31,0.0,0.0,0.0,0.0,0.0,0.0,0.0,0.0,0.0,0.0,0.0,0.0,0.0,0.0,0,0.0,0.0,0.0,0.0,0.0,0.0,0.0,0.0,0.0,0,0.0,0.0,0.0,0.0,0.0,0.0,0.0,0.0,0.0,0.0,0.0,0.0,0.0,0.0,0.0,0.0,0.0,0.0,0.0,0.0,112107078.51795445,111546543.12536468,560535.3925897722,0.0,66983979414.47778,0.0,0.0,0.0,0.0,0.0,0.0,0.0,0.0,0.0
369,31,0.0,0.0,0.0,0.0,0.0,0.0,0.0,0.0,0.0,0.0,0.0,0.0,0.0,0.0,0,0.0,0.0,0.0,0.0,0.0,0.0,0.0,0.0,0.0,0,0.0,0.0,0.0,0.0,0.0,0.0,0.0,0.0,0.0,0.0,0.0,0.0,0.0,0.0,0.0,0.0,0.0,0.0,0.0,0.0,112295019.97397785,111733544.87410796,561475.0998698892,0.0,67096274434.45177,0.0,0.0,0.0,0.0,0.0,0.0,0.0,0.0,0.0
370,31,0.0,0.0,0.0,0.0,0.0,0.0,0.0,0.0,0.0,0.0,0.0,0.0,0.0,0.0,0,0.0,0.0,0.0,0.0,0.0,0.0,0.0,0.0,0.0,0,0.0,0.0,0.0,0.0,0.0,0.0,0.0,0.0,0.0,0.0,0.0,0.0,0.0,0.0,0.0,0.0,0.0,0.0,0.0,0.0,112483276.50369115,111920860.1211727,562416.3825184557,0.0,67208757710.95545,0.0,0.0,0.0,0.0,0.0,0.0,0.0,0.0,0.0
371,31,0.0,0.0,0.0,0.0,0.0,0.0,0.0,0.0,0.0,0.0,0.0,0.0,0.0,0.0,0,0.0,0.0,0.0,0.0,0.0,0.0,0.0,0.0,0.0,0,0.0,0.0,0.0,0.0,0.0,0.0,0.0,0.0,0.0,0.0,0.0,0.0,0.0,0.0,0.0,0.0,0.0,0.0,0.0,0.0,112671848.63529834,112108489.39212185,563359.2431764917,0.0,67321429559.590744,0.0,0.0,0.0,0.0,0.0,0.0,0.0,0.0,0.0
372,32,0.0,0.0,0.0,0.0,0.0,0.0,0.0,0.0,0.0,0.0,0.0,0.0,0.0,0.0,0,0.0,0.0,0.0,0.0,0.0,0.0,0.0,0.0,0.0,0,0.0,0.0,0.0,0.0,0.0,0.0,0.0,0.0,0.0,0.0,0.0,0.0,0.0,0.0,0.0,0.0,0.0,0.0,0.0,0.0,112860736.89788893,112296433.21339947,564303.6844894446,0.0,67434290296.48863,0.0,0.0,0.0,0.0,0.0,0.0,0.0,0.0,0.0
373,32,0.0,0.0,0.0,0.0,0.0,0.0,0.0,0.0,0.0,0.0,0.0,0.0,0.0,0.0,0,0.0,0.0,0.0,0.0,0.0,0.0,0.0,0.0,0.0,0,0.0,0.0,0.0,0.0,0.0,0.0,0.0,0.0,0.0,0.0,0.0,0.0,0.0,0.0,0.0,0.0,0.0,0.0,0.0,0.0,113049941.82143947,112484692.11233225,565249.7091071974,0.0,67547340238.31007,0.0,0.0,0.0,0.0,1.8917489796876907e-08,0.0,0.0,0.0,0.0
374,32,0.0,0.0,0.0,0.0,0.0,0.0,0.0,0.0,0.0,0.0,0.0,0.0,0.0,0.0,0,0.0,0.0,0.0,0.0,0.0,0.0,0.0,0.0,0.0,0,0.0,0.0,0.0,0.0,0.0,0.0,0.0,0.0,0.0,0.0,0.0,0.0,0.0,0.0,0.0,0.0,0.0,0.0,0.0,0.0,113239463.93681486,112673266.6171308,566197.3196840743,0.0,67660579702.24688,0.0,0.0,0.0,0.0,0.0,0.0,0.0,0.0,0.0
375,32,0.0,0.0,0.0,0.0,0.0,0.0,0.0,0.0,0.0,0.0,0.0,0.0,0.0,0.0,0,0.0,0.0,0.0,0.0,0.0,0.0,0.0,0.0,0.0,0,0.0,0.0,0.0,0.0,0.0,0.0,0.0,0.0,0.0,0.0,0.0,0.0,0.0,0.0,0.0,0.0,0.0,0.0,0.0,0.0,113429303.77577014,112862157.25689128,567146.5188788507,0.0,67774009006.02265,0.0,0.0,0.0,0.0,1.8917489796876907e-08,0.0,0.0,0.0,0.0
376,32,0.0,0.0,0.0,0.0,0.0,0.0,0.0,0.0,0.0,0.0,0.0,0.0,0.0,0.0,0,0.0,0.0,0.0,0.0,0.0,0.0,0.0,0.0,0.0,0,0.0,0.0,0.0,0.0,0.0,0.0,0.0,0.0,0.0,0.0,0.0,0.0,0.0,0.0,0.0,0.0,0.0,0.0,0.0,0.0,113619461.87095165,113051364.56159689,568097.3093547582,0.0,67887628467.89361,0.0,0.0,0.0,0.0,1.8917489796876907e-08,0.0,0.0,0.0,0.0
377,32,0.0,0.0,0.0,0.0,0.0,0.0,0.0,0.0,0.0,0.0,0.0,0.0,0.0,0.0,0,0.0,0.0,0.0,0.0,0.0,0.0,0.0,0.0,0.0,0,0.0,0.0,0.0,0.0,0.0,0.0,0.0,0.0,0.0,0.0,0.0,0.0,0.0,0.0,0.0,0.0,0.0,0.0,0.0,0.0,113809938.75589873,113240889.06211928,569049.6937794937,0.0,68001438406.6495,0.0,0.0,0.0,0.0,0.0,0.0,0.0,0.0,0.0
378,32,0.0,0.0,0.0,0.0,0.0,0.0,0.0,0.0,0.0,0.0,0.0,0.0,0.0,0.0,0,0.0,0.0,0.0,0.0,0.0,0.0,0.0,0.0,0.0,0,0.0,0.0,0.0,0.0,0.0,0.0,0.0,0.0,0.0,0.0,0.0,0.0,0.0,0.0,0.0,0.0,0.0,0.0,0.0,0.0,114000734.96504529,113430731.29022004,570003.6748252264,0.0,68115439141.61455,0.0,0.0,0.0,0.0,1.8917489796876907e-08,0.0,0.0,0.0,0.0
379,32,0.0,0.0,0.0,0.0,0.0,0.0,0.0,0.0,0.0,0.0,0.0,0.0,0.0,0.0,0,0.0,0.0,0.0,0.0,0.0,0.0,0.0,0.0,0.0,0,0.0,0.0,0.0,0.0,0.0,0.0,0.0,0.0,0.0,0.0,0.0,0.0,0.0,0.0,0.0,0.0,0.0,0.0,0.0,0.0,114191851.03372093,113620891.77855235,570959.2551686047,0.0,68229630992.64827,1.8917489796876907e-08,0.0,0.0,0.0,0.0,0.0,0.0,0.0,0.0
380,32,0.0,0.0,0.0,0.0,0.0,0.0,0.0,0.0,0.0,0.0,0.0,0.0,0.0,0.0,0,0.0,0.0,0.0,0.0,0.0,0.0,0.0,0.0,0.0,0,0.0,0.0,0.0,0.0,0.0,0.0,0.0,0.0,0.0,0.0,0.0,0.0,0.0,0.0,0.0,0.0,0.0,0.0,0.0,0.0,114383287.49815302,113811371.06066222,571916.4374907651,0.0,68344014280.146416,0.0,0.0,0.0,0.0,1.8917489796876907e-08,0.0,0.0,0.0,0.0
381,32,0.0,0.0,0.0,0.0,0.0,0.0,0.0,0.0,0.0,0.0,0.0,0.0,0.0,0.0,0,0.0,0.0,0.0,0.0,0.0,0.0,0.0,0.0,0.0,0,0.0,0.0,0.0,0.0,0.0,0.0,0.0,0.0,0.0,0.0,0.0,0.0,0.0,0.0,0.0,0.0,0.0,0.0,0.0,0.0,114575044.89546758,114002169.67099026,572875.2244773379,0.0,68458589325.041885,0.0,0.0,0.0,0.0,0.0,0.0,0.0,0.0,0.0
382,32,0.0,0.0,0.0,0.0,0.0,0.0,0.0,0.0,0.0,0.0,0.0,0.0,0.0,0.0,0,0.0,0.0,0.0,0.0,0.0,0.0,0.0,0.0,0.0,0,0.0,0.0,0.0,0.0,0.0,0.0,0.0,0.0,0.0,0.0,0.0,0.0,0.0,0.0,0.0,0.0,0.0,0.0,0.0,0.0,114767123.76369134,114193288.14487289,573835.6188184567,0.0,68573356448.80557,0.0,0.0,0.0,0.0,0.0,0.0,0.0,0.0,0.0
383,32,0.0,0.0,0.0,0.0,0.0,0.0,0.0,0.0,0.0,0.0,0.0,0.0,0.0,0.0,0,0.0,0.0,0.0,0.0,0.0,0.0,0.0,0.0,0.0,0,0.0,0.0,0.0,0.0,0.0,0.0,0.0,0.0,0.0,0.0,0.0,0.0,0.0,0.0,0.0,0.0,0.0,0.0,0.0,0.0,114959524.64175287,114384727.0185441,574797.6232087644,0.0,68688315973.44733,0.0,0.0,0.0,0.0,0.0,0.0,0.0,0.0,0.0
384,33,0.0,0.0,0.0,0.0,0.0,0.0,0.0,0.0,0.0,0.0,0.0,0.0,0.0,0.0,0,0.0,0.0,0.0,0.0,0.0,0.0,0.0,0.0,0.0,0,0.0,0.0,0.0,0.0,0.0,0.0,0.0,0.0,0.0,0.0,0.0,0.0,0.0,0.0,0.0,0.0,0.0,0.0,0.0,0.0,115152248.0694842,114576486.82913677,575761.240347421,0.0,68803468221.5168,0.0,0.0,0.0,0.0,0.0,0.0,0.0,0.0,0.0
385,33,0.0,0.0,0.0,0.0,0.0,0.0,0.0,0.0,0.0,0.0,0.0,0.0,0.0,0.0,0,0.0,0.0,0.0,0.0,0.0,0.0,0.0,0.0,0.0,0,0.0,0.0,0.0,0.0,0.0,0.0,0.0,0.0,0.0,0.0,0.0,0.0,0.0,0.0,0.0,0.0,0.0,0.0,0.0,0.0,115345294.5876225,114768568.11468437,576726.4729381124,0.0,68918813516.10443,0.0,0.0,0.0,0.0,1.8917489796876907e-08,0.0,0.0,0.0,0.0
386,33,0.0,0.0,0.0,0.0,0.0,0.0,0.0,0.0,0.0,0.0,0.0,0.0,0.0,0.0,0,0.0,0.0,0.0,0.0,0.0,0.0,0.0,0.0,0.0,0,0.0,0.0,0.0,0.0,0.0,0.0,0.0,0.0,0.0,0.0,0.0,0.0,0.0,0.0,0.0,0.0,0.0,0.0,0.0,0.0,115538664.73781128,114960971.41412224,577693.3236890564,0.0,69034352180.84225,0.0,0.0,0.0,0.0,0.0,0.0,0.0,0.0,0.0
387,33,0.0,0.0,0.0,0.0,0.0,0.0,0.0,0.0,0.0,0.0,0.0,0.0,0.0,0.0,0,0.0,0.0,0.0,0.0,0.0,0.0,0.0,0.0,0.0,0,0.0,0.0,0.0,0.0,0.0,0.0,0.0,0.0,0.0,0.0,0.0,0.0,0.0,0.0,0.0,0.0,0.0,0.0,0.0,0.0,115732359.06260228,115153697.26728927,578661.7953130115,0.0,69150084539.90485,0.0,0.0,0.0,0.0,1.8917489796876907e-08,0.0,0.0,0.0,0.0
388,33,0.0,0.0,0.0,0.0,0.0,0.0,0.0,0.0,0.0,0.0,0.0,0.0,0.0,0.0,0,0.0,0.0,0.0,0.0,0.0,0.0,0.0,0.0,0.0,0,0.0,0.0,0.0,0.0,0.0,0.0,0.0,0.0,0.0,0.0,0.0,0.0,0.0,0.0,0.0,0.0,0.0,0.0,0.0,0.0,115926378.10545658,115346746.2149293,579631.890527283,0.0,69266010918.0103,0.0,0.0,0.0,0.0,1.8917489796876907e-08,0.0,0.0,0.0,0.0
389,33,0.0,0.0,0.0,0.0,0.0,0.0,0.0,0.0,0.0,0.0,0.0,0.0,0.0,0.0,0,0.0,0.0,0.0,0.0,0.0,0.0,0.0,0.0,0.0,0,0.0,0.0,0.0,0.0,0.0,0.0,0.0,0.0,0.0,0.0,0.0,0.0,0.0,0.0,0.0,0.0,0.0,0.0,0.0,0.0,116120722.41074651,115540118.79869281,580603.6120537326,0.0,69382131640.42105,0.0,0.0,0.0,0.0,0.0,0.0,0.0,0.0,0.0
390,33,0.0,0.0,0.0,0.0,0.0,0.0,0.0,0.0,0.0,0.0,0.0,0.0,0.0,0.0,0,0.0,0.0,0.0,0.0,0.0,0.0,0.0,0.0,0.0,0,0.0,0.0,0.0,0.0,0.0,0.0,0.0,0.0,0.0,0.0,0.0,0.0,0.0,0.0,0.0,0.0,0.0,0.0,0.0,0.0,116315392.52375703,115733815.56113824,581576.9626187851,0.0,69498447032.94481,0.0,0.0,0.0,0.0,0.0,0.0,0.0,0.0,0.0
391,33,0.0,0.0,0.0,0.0,0.0,0.0,0.0,0.0,0.0,0.0,0.0,0.0,0.0,0.0,0,0.0,0.0,0.0,0.0,0.0,0.0,0.0,0.0,0.0,0,0.0,0.0,0.0,0.0,0.0,0.0,0.0,0.0,0.0,0.0,0.0,0.0,0.0,0.0,0.0,0.0,0.0,0.0,0.0,0.0,116510388.99068703,115927837.04573359,582551.9449534352,0.0,69614957421.9355,0.0,0.0,0.0,0.0,0.0,0.0,0.0,0.0,0.0
392,33,0.0,0.0,0.0,0.0,0.0,0.0,0.0,0.0,0.0,0.0,0.0,0.0,0.0,0.0,0,0.0,0.0,0.0,0.0,0.0,0.0,0.0,0.0,0.0,0,0.0,0.0,0.0,0.0,0.0,0.0,0.0,0.0,0.0,0.0,0.0,0.0,0.0,0.0,0.0,0.0,0.0,0.0,0.0,0.0,116705712.35865131,116122183.79685804,583528.5617932566,0.0,69731663134.29414,0.0,0.0,0.0,0.0,1.8917489796876907e-08,0.0,0.0,0.0,0.0
393,33,0.0,0.0,0.0,0.0,0.0,0.0,0.0,0.0,0.0,0.0,0.0,0.0,0.0,0.0,0,0.0,0.0,0.0,0.0,0.0,0.0,0.0,0.0,0.0,0,0.0,0.0,0.0,0.0,0.0,0.0,0.0,0.0,0.0,0.0,0.0,0.0,0.0,0.0,0.0,0.0,0.0,0.0,0.0,0.0,116901363.17568174,116316856.35980333,584506.8158784087,0.0,69848564497.46983,0.0,0.0,0.0,0.0,0.0,0.0,0.0,0.0,0.0
394,33,0.0,0.0,0.0,0.0,0.0,0.0,0.0,0.0,0.0,0.0,0.0,0.0,0.0,0.0,0,0.0,0.0,0.0,0.0,0.0,0.0,0.0,0.0,0.0,0,0.0,0.0,0.0,0.0,0.0,0.0,0.0,0.0,0.0,0.0,0.0,0.0,0.0,0.0,0.0,0.0,0.0,0.0,0.0,0.0,117097341.99072896,116511855.28077532,585486.7099536448,0.0,69965661839.46056,0.0,0.0,0.0,0.0,0.0,0.0,0.0,0.0,0.0
395,33,0.0,0.0,0.0,0.0,0.0,0.0,0.0,0.0,0.0,0.0,0.0,0.0,0.0,0.0,0,0.0,0.0,0.0,0.0,0.0,0.0,0.0,0.0,0.0,0,0.0,0.0,0.0,0.0,0.0,0.0,0.0,0.0,0.0,0.0,0.0,0.0,0.0,0.0,0.0,0.0,0.0,0.0,0.0,0.0,117293649.35366398,116707181.10689567,586468.24676832,0.0,70082955488.81422,0.0,0.0,0.0,0.0,0.0,0.0,0.0,0.0,0.0
396,34,0.0,0.0,0.0,0.0,0.0,0.0,0.0,0.0,0.0,0.0,0.0,0.0,0.0,0.0,0,0.0,0.0,0.0,0.0,0.0,0.0,0.0,0.0,0.0,0,0.0,0.0,0.0,0.0,0.0,0.0,0.0,0.0,0.0,0.0,0.0,0.0,0.0,0.0,0.0,0.0,0.0,0.0,0.0,0.0,117490285.81527951,116902834.38620311,587451.4290763976,0.0,70200445774.6295,0.0,0.0,0.0,0.0,0.0,0.0,0.0,0.0,0.0
397,34,0.0,0.0,0.0,0.0,0.0,0.0,0.0,0.0,0.0,0.0,0.0,0.0,0.0,0.0,0,0.0,0.0,0.0,0.0,0.0,0.0,0.0,0.0,0.0,0,0.0,0.0,0.0,0.0,0.0,0.0,0.0,0.0,0.0,0.0,0.0,0.0,0.0,0.0,0.0,0.0,0.0,0.0,0.0,0.0,117687251.92729172,117098815.66765524,588436.2596364586,0.0,70318133026.5568,0.0,0.0,0.0,0.0,1.8917489796876907e-08,0.0,0.0,0.0,0.0
398,34,0.0,0.0,0.0,0.0,0.0,0.0,0.0,0.0,0.0,0.0,0.0,0.0,0.0,0.0,0,0.0,0.0,0.0,0.0,0.0,0.0,0.0,0.0,0.0,0,0.0,0.0,0.0,0.0,0.0,0.0,0.0,0.0,0.0,0.0,0.0,0.0,0.0,0.0,0.0,0.0,0.0,0.0,0.0,0.0,117884548.24234164,117295125.50112993,589422.7412117082,0.0,70436017574.79913,0.0,0.0,0.0,0.0,1.8917489796876907e-08,0.0,0.0,0.0,0.0
399,34,0.0,0.0,0.0,0.0,0.0,0.0,0.0,0.0,0.0,0.0,0.0,0.0,0.0,0.0,0,0.0,0.0,0.0,0.0,0.0,0.0,0.0,0.0,0.0,0,0.0,0.0,0.0,0.0,0.0,0.0,0.0,0.0,0.0,0.0,0.0,0.0,0.0,0.0,0.0,0.0,0.0,0.0,0.0,0.0,118082175.31399685,117491764.43742688,590410.8765699842,0.0,70554099750.11313,0.0,0.0,0.0,0.0,0.0,0.0,0.0,0.0,0.0
400,34,0.0,0.0,0.0,0.0,0.0,0.0,0.0,0.0,0.0,0.0,0.0,0.0,0.0,0.0,0,0.0,0.0,0.0,0.0,0.0,0.0,0.0,0.0,0.0,0,0.0,0.0,0.0,0.0,0.0,0.0,0.0,0.0,0.0,0.0,0.0,0.0,0.0,0.0,0.0,0.0,0.0,0.0,0.0,0.0,118280133.69675294,117688733.02826916,591400.6684837647,0.0,70672379883.80988,0.0,0.0,0.0,0.0,1.8917489796876907e-08,0.0,0.0,0.0,0.0
401,34,0.0,0.0,0.0,0.0,0.0,0.0,0.0,0.0,0.0,0.0,0.0,0.0,0.0,0.0,0,0.0,0.0,0.0,0.0,0.0,0.0,0.0,0.0,0.0,0,0.0,0.0,0.0,0.0,0.0,0.0,0.0,0.0,0.0,0.0,0.0,0.0,0.0,0.0,0.0,0.0,0.0,0.0,0.0,0.0,118478423.94603498,117886031.82630482,592392.1197301749,0.0,70790858307.75592,0.0,0.0,0.0,0.0,0.0,0.0,0.0,0.0,0.0
402,34,0.0,0.0,0.0,0.0,0.0,0.0,0.0,0.0,0.0,0.0,0.0,0.0,0.0,0.0,0,0.0,0.0,0.0,0.0,0.0,0.0,0.0,0.0,0.0,0,0.0,0.0,0.0,0.0,0.0,0.0,0.0,0.0,0.0,0.0,0.0,0.0,0.0,0.0,0.0,0.0,0.0,0.0,0.0,0.0,118677046.61819936,118083661.38510837,593385.2330909967,0.0,70909535354.37411,0.0,0.0,0.0,0.0,0.0,0.0,0.0,0.0,0.0
403,34,0.0,0.0,0.0,0.0,0.0,0.0,0.0,0.0,0.0,0.0,0.0,0.0,0.0,0.0,0,0.0,0.0,0.0,0.0,0.0,0.0,0.0,0.0,0.0,0,0.0,0.0,0.0,0.0,0.0,0.0,0.0,0.0,0.0,0.0,0.0,0.0,0.0,0.0,0.0,0.0,0.0,0.0,0.0,0.0,118876002.27053499,118281622.2591823,594380.011352675,0.0,71028411356.64465,0.0,0.0,0.0,0.0,0.0,0.0,0.0,0.0,0.0
404,34,0.0,0.0,0.0,0.0,0.0,0.0,0.0,0.0,0.0,0.0,0.0,0.0,0.0,0.0,0,0.0,0.0,0.0,0.0,0.0,0.0,0.0,0.0,0.0,0,0.0,0.0,0.0,0.0,0.0,0.0,0.0,0.0,0.0,0.0,0.0,0.0,0.0,0.0,0.0,0.0,0.0,0.0,0.0,0.0,119075291.46126513,118479915.0039588,595376.4573063257,0.0,71147486648.10591,0.0,0.0,0.0,0.0,0.0,0.0,0.0,0.0,0.0
405,34,0.0,0.0,0.0,0.0,0.0,0.0,0.0,0.0,0.0,0.0,0.0,0.0,0.0,0.0,0,0.0,0.0,0.0,0.0,0.0,0.0,0.0,0.0,0.0,0,0.0,0.0,0.0,0.0,0.0,0.0,0.0,0.0,0.0,0.0,0.0,0.0,0.0,0.0,0.0,0.0,0.0,0.0,0.0,0.0,119274914.74954891,118678540.17580116,596374.5737477446,0.0,71266761562.85547,0.0,0.0,0.0,0.0,0.0,0.0,0.0,0.0,0.0
406,34,0.0,0.0,0.0,0.0,0.0,0.0,0.0,0.0,0.0,0.0,0.0,0.0,0.0,0.0,0,0.0,0.0,0.0,0.0,0.0,0.0,0.0,0.0,0.0,0,0.0,0.0,0.0,0.0,0.0,0.0,0.0,0.0,0.0,0.0,0.0,0.0,0.0,0.0,0.0,0.0,0.0,0.0,0.0,0.0,119474872.69548276,118877498.33200535,597374.3634774138,0.0,71386236435.55093,0.0,0.0,0.0,0.0,0.0,0.0,0.0,0.0,0.0
407,34,0.0,0.0,0.0,0.0,0.0,0.0,0.0,0.0,0.0,0.0,0.0,0.0,0.0,0.0,0,0.0,0.0,0.0,0.0,0.0,0.0,0.0,0.0,0.0,0,0.0,0.0,0.0,0.0,0.0,0.0,0.0,0.0,0.0,0.0,0.0,0.0,0.0,0.0,0.0,0.0,0.0,0.0,0.0,0.0,119675165.86010218,119076790.03080167,598375.8293005109,0.0,71505911601.41104,0.0,0.0,0.0,0.0,0.0,0.0,0.0,0.0,0.0
408,35,0.0,0.0,0.0,0.0,0.0,0.0,0.0,0.0,0.0,0.0,0.0,0.0,0.0,0.0,0,0.0,0.0,0.0,0.0,0.0,0.0,0.0,0.0,0.0,0,0.0,0.0,0.0,0.0,0.0,0.0,0.0,0.0,0.0,0.0,0.0,0.0,0.0,0.0,0.0,0.0,0.0,0.0,0.0,0.0,119875794.80538316,119276415.83135623,599378.9740269157,0.0,71625787396.21642,0.0,0.0,0.0,0.0,1.8917489796876907e-08,0.0,0.0,0.0,0.0
409,35,0.0,0.0,0.0,0.0,0.0,0.0,0.0,0.0,0.0,0.0,0.0,0.0,0.0,0.0,0,0.0,0.0,0.0,0.0,0.0,0.0,0.0,0.0,0.0,0,0.0,0.0,0.0,0.0,0.0,0.0,0.0,0.0,0.0,0.0,0.0,0.0,0.0,0.0,0.0,0.0,0.0,0.0,0.0,0.0,120076760.09424378,119476376.29377258,600383.8004712189,0.0,71745864156.31067,0.0,0.0,0.0,0.0,0.0,0.0,0.0,0.0,0.0
410,35,0.0,0.0,0.0,0.0,0.0,0.0,0.0,0.0,0.0,0.0,0.0,0.0,0.0,0.0,0,0.0,0.0,0.0,0.0,0.0,0.0,0.0,0.0,0.0,0,0.0,0.0,0.0,0.0,0.0,0.0,0.0,0.0,0.0,0.0,0.0,0.0,0.0,0.0,0.0,0.0,0.0,0.0,0.0,0.0,120278062.29054596,119676671.97909321,601390.3114527297,0.0,71866142218.60121,0.0,0.0,0.0,0.0,1.8917489796876907e-08,0.0,0.0,0.0,0.0
411,35,0.0,0.0,0.0,0.0,0.0,0.0,0.0,0.0,0.0,0.0,0.0,0.0,0.0,0.0,0,0.0,0.0,0.0,0.0,0.0,0.0,0.0,0.0,0.0,0,0.0,0.0,0.0,0.0,0.0,0.0,0.0,0.0,0.0,0.0,0.0,0.0,0.0,0.0,0.0,0.0,0.0,0.0,0.0,0.0,120479701.95909674,119877303.44930127,602398.5097954838,0.0,71986621920.5603,0.0,0.0,0.0,0.0,0.0,0.0,0.0,0.0,0.0
412,35,0.0,0.0,0.0,0.0,0.0,0.0,0.0,0.0,0.0,0.0,0.0,0.0,0.0,0.0,0,0.0,0.0,0.0,0.0,0.0,0.0,0.0,0.0,0.0,0,0.0,0.0,0.0,0.0,0.0,0.0,0.0,0.0,0.0,0.0,0.0,0.0,0.0,0.0,0.0,0.0,0.0,0.0,0.0,0.0,120681679.66565014,120078271.26732188,603408.3983282507,0.0,72107303600.22595,0.0,0.0,0.0,0.0,0.0,0.0,0.0,0.0,0.0
413,35,0.0,0.0,0.0,0.0,0.0,0.0,0.0,0.0,0.0,0.0,0.0,0.0,0.0,0.0,0,0.0,0.0,0.0,0.0,0.0,0.0,0.0,0.0,0.0,0,0.0,0.0,0.0,0.0,0.0,0.0,0.0,0.0,0.0,0.0,0.0,0.0,0.0,0.0,0.0,0.0,0.0,0.0,0.0,0.0,120883995.97690856,120279575.99702401,604419.9798845428,0.0,72228187596.20287,0.0,0.0,0.0,0.0,0.0,0.0,0.0,0.0,0.0
414,35,0.0,0.0,0.0,0.0,0.0,0.0,0.0,0.0,0.0,0.0,0.0,0.0,0.0,0.0,0,0.0,0.0,0.0,0.0,0.0,0.0,0.0,0.0,0.0,0,0.0,0.0,0.0,0.0,0.0,0.0,0.0,0.0,0.0,0.0,0.0,0.0,0.0,0.0,0.0,0.0,0.0,0.0,0.0,0.0,121086651.46052451,120481218.20322189,605433.2573026225,0.0,72349274247.66339,0.0,0.0,0.0,0.0,0.0,0.0,0.0,0.0,0.0
415,35,0.0,0.0,0.0,0.0,0.0,0.0,0.0,0.0,0.0,0.0,0.0,0.0,0.0,0.0,0,0.0,0.0,0.0,0.0,0.0,0.0,0.0,0.0,0.0,0,0.0,0.0,0.0,0.0,0.0,0.0,0.0,0.0,0.0,0.0,0.0,0.0,0.0,0.0,0.0,0.0,0.0,0.0,0.0,0.0,121289646.6851021,120683198.45167659,606448.2334255106,0.0,72470563894.3485,0.0,0.0,0.0,0.0,0.0,0.0,0.0,0.0,0.0
416,35,0.0,0.0,0.0,0.0,0.0,0.0,0.0,0.0,0.0,0.0,0.0,0.0,0.0,0.0,0,0.0,0.0,0.0,0.0,0.0,0.0,0.0,0.0,0.0,0,0.0,0.0,0.0,0.0,0.0,0.0,0.0,0.0,0.0,0.0,0.0,0.0,0.0,0.0,0.0,0.0,0.0,0.0,0.0,0.0,121492982.22019868,120885517.30909768,607464.9111009934,0.0,72592056876.5687,0.0,0.0,0.0,0.0,0.0,0.0,0.0,0.0,0.0
417,35,0.0,0.0,0.0,0.0,0.0,0.0,0.0,0.0,0.0,0.0,0.0,0.0,0.0,0.0,0,0.0,0.0,0.0,0.0,0.0,0.0,0.0,0.0,0.0,0,0.0,0.0,0.0,0.0,0.0,0.0,0.0,0.0,0.0,0.0,0.0,0.0,0.0,0.0,0.0,0.0,0.0,0.0,0.0,0.0,121696658.63632642,121088175.34314479,608483.2931816321,0.0,72713753535.20502,0.0,0.0,0.0,0.0,0.0,0.0,0.0,0.0,0.0
418,35,0.0,0.0,0.0,0.0,0.0,0.0,0.0,0.0,0.0,0.0,0.0,0.0,0.0,0.0,0,0.0,0.0,0.0,0.0,0.0,0.0,0.0,0.0,0.0,0,0.0,0.0,0.0,0.0,0.0,0.0,0.0,0.0,0.0,0.0,0.0,0.0,0.0,0.0,0.0,0.0,0.0,0.0,0.0,0.0,121900676.50495392,121291173.12242915,609503.3825247696,0.0,72835654211.70998,0.0,0.0,0.0,0.0,0.0,0.0,0.0,0.0,0.0
419,35,0.0,0.0,0.0,0.0,0.0,0.0,0.0,0.0,0.0,0.0,0.0,0.0,0.0,0.0,0,0.0,0.0,0.0,0.0,0.0,0.0,0.0,0.0,0.0,0,0.0,0.0,0.0,0.0,0.0,0.0,0.0,0.0,0.0,0.0,0.0,0.0,0.0,0.0,0.0,0.0,0.0,0.0,0.0,0.0,122105036.39850792,121494511.21651539,610525.1819925397,0.0,72957759248.10849,0.0,0.0,0.0,0.0,0.0,0.0,0.0,0.0,0.0
420,36,0.0,0.0,0.0,0.0,0.0,0.0,0.0,0.0,0.0,0.0,0.0,0.0,0.0,0.0,0,0.0,0.0,0.0,0.0,0.0,0.0,0.0,0.0,0.0,0,0.0,0.0,0.0,0.0,0.0,0.0,0.0,0.0,0.0,0.0,0.0,0.0,0.0,0.0,0.0,0.0,0.0,0.0,0.0,0.0,122309738.89037465,121698190.19592278,611548.6944518733,0.0,73080068986.99887,0.0,0.0,0.0,0.0,0.0,0.0,0.0,0.0,0.0
421,36,0.0,0.0,0.0,0.0,0.0,0.0,0.0,0.0,0.0,0.0,0.0,0.0,0.0,0.0,0,0.0,0.0,0.0,0.0,0.0,0.0,0.0,0.0,0.0,0,0.0,0.0,0.0,0.0,0.0,0.0,0.0,0.0,0.0,0.0,0.0,0.0,0.0,0.0,0.0,0.0,0.0,0.0,0.0,0.0,122514784.55490172,121902210.63212721,612573.9227745086,0.0,73202583771.55376,0.0,0.0,0.0,0.0,0.0,0.0,0.0,0.0,0.0
422,36,0.0,0.0,0.0,0.0,0.0,0.0,0.0,0.0,0.0,0.0,0.0,0.0,0.0,0.0,0,0.0,0.0,0.0,0.0,0.0,0.0,0.0,0.0,0.0,0,0.0,0.0,0.0,0.0,0.0,0.0,0.0,0.0,0.0,0.0,0.0,0.0,0.0,0.0,0.0,0.0,0.0,0.0,0.0,0.0,122720173.96739942,122106573.09756242,613600.8698369971,0.0,73325303945.52116,0.0,0.0,0.0,0.0,0.0,0.0,0.0,0.0,0.0
423,36,0.0,0.0,0.0,0.0,0.0,0.0,0.0,0.0,0.0,0.0,0.0,0.0,0.0,0.0,0,0.0,0.0,0.0,0.0,0.0,0.0,0.0,0.0,0.0,0,0.0,0.0,0.0,0.0,0.0,0.0,0.0,0.0,0.0,0.0,0.0,0.0,0.0,0.0,0.0,0.0,0.0,0.0,0.0,0.0,122925907.70414278,122311278.16562206,614629.5385207139,0.0,73448229853.22531,0.0,0.0,0.0,0.0,0.0,0.0,0.0,0.0,0.0
424,36,0.0,0.0,0.0,0.0,0.0,0.0,0.0,0.0,0.0,0.0,0.0,0.0,0.0,0.0,0,0.0,0.0,0.0,0.0,0.0,0.0,0.0,0.0,0.0,0,0.0,0.0,0.0,0.0,0.0,0.0,0.0,0.0,0.0,0.0,0.0,0.0,0.0,0.0,0.0,0.0,0.0,0.0,0.0,0.0,123131986.34237269,122516326.41066083,615659.9317118635,0.0,73571361839.56769,0.0,0.0,0.0,0.0,0.0,0.0,0.0,0.0,0.0
425,36,0.0,0.0,0.0,0.0,0.0,0.0,0.0,0.0,0.0,0.0,0.0,0.0,0.0,0.0,0,0.0,0.0,0.0,0.0,0.0,0.0,0.0,0.0,0.0,0,0.0,0.0,0.0,0.0,0.0,0.0,0.0,0.0,0.0,0.0,0.0,0.0,0.0,0.0,0.0,0.0,0.0,0.0,0.0,0.0,123338410.4602979,122721718.4079964,616692.0523014895,0.0,73694700250.02798,0.0,0.0,0.0,0.0,0.0,0.0,0.0,0.0,0.0
426,36,0.0,0.0,0.0,0.0,0.0,0.0,0.0,0.0,0.0,0.0,0.0,0.0,0.0,0.0,0,0.0,0.0,0.0,0.0,0.0,0.0,0.0,0.0,0.0,0,0.0,0.0,0.0,0.0,0.0,0.0,0.0,0.0,0.0,0.0,0.0,0.0,0.0,0.0,0.0,0.0,0.0,0.0,0.0,0.0,123545180.63709639,122927454.7339109,617725.903185482,0.0,73818245430.66508,0.0,0.0,0.0,0.0,1.8917489796876907e-08,0.0,0.0,0.0,0.0
427,36,0.0,0.0,0.0,0.0,0.0,0.0,0.0,0.0,0.0,0.0,0.0,0.0,0.0,0.0,0,0.0,0.0,0.0,0.0,0.0,0.0,0.0,0.0,0.0,0,0.0,0.0,0.0,0.0,0.0,0.0,0.0,0.0,0.0,0.0,0.0,0.0,0.0,0.0,0.0,0.0,0.0,0.0,0.0,0.0,123752297.45291714,123133535.96565259,618761.4872645857,0.0,73941997728.11801,0.0,0.0,0.0,0.0,0.0,0.0,0.0,0.0,0.0
428,36,0.0,0.0,0.0,0.0,0.0,0.0,0.0,0.0,0.0,0.0,0.0,0.0,0.0,0.0,0,0.0,0.0,0.0,0.0,0.0,0.0,0.0,0.0,0.0,0,0.0,0.0,0.0,0.0,0.0,0.0,0.0,0.0,0.0,0.0,0.0,0.0,0.0,0.0,0.0,0.0,0.0,0.0,0.0,0.0,123959761.48888184,123339962.68143742,619798.8074444092,0.0,74065957489.60689,0.0,0.0,0.0,0.0,0.0,0.0,0.0,0.0,0.0
429,36,0.0,0.0,0.0,0.0,0.0,0.0,0.0,0.0,0.0,0.0,0.0,0.0,0.0,0.0,0,0.0,0.0,0.0,0.0,0.0,0.0,0.0,0.0,0.0,0,0.0,0.0,0.0,0.0,0.0,0.0,0.0,0.0,0.0,0.0,0.0,0.0,0.0,0.0,0.0,0.0,0.0,0.0,0.0,0.0,124167573.32708615,123546735.46045071,620837.8666354307,0.0,74190125062.93398,0.0,0.0,0.0,0.0,0.0,0.0,0.0,0.0,0.0
430,36,0.0,0.0,0.0,0.0,0.0,0.0,0.0,0.0,0.0,0.0,0.0,0.0,0.0,0.0,0,0.0,0.0,0.0,0.0,0.0,0.0,0.0,0.0,0.0,0,0.0,0.0,0.0,0.0,0.0,0.0,0.0,0.0,0.0,0.0,0.0,0.0,0.0,0.0,0.0,0.0,0.0,0.0,0.0,0.0,124375733.55060183,123753854.88284881,621878.6677530091,0.0,74314500796.48457,0.0,0.0,0.0,0.0,0.0,0.0,0.0,0.0,0.0
431,36,0.0,0.0,0.0,0.0,0.0,0.0,0.0,0.0,0.0,0.0,0.0,0.0,0.0,0.0,0,0.0,0.0,0.0,0.0,0.0,0.0,0.0,0.0,0.0,0,0.0,0.0,0.0,0.0,0.0,0.0,0.0,0.0,0.0,0.0,0.0,0.0,0.0,0.0,0.0,0.0,0.0,0.0,0.0,0.0,124584242.74347791,123961321.52976052,622921.2137173896,0.0,74439085039.22806,0.0,0.0,0.0,0.0,0.0,0.0,0.0,0.0,0.0
432,37,0.0,0.0,0.0,0.0,0.0,0.0,0.0,0.0,0.0,0.0,0.0,0.0,0.0,0.0,0,0.0,0.0,0.0,0.0,0.0,0.0,0.0,0.0,0.0,0,0.0,0.0,0.0,0.0,0.0,0.0,0.0,0.0,0.0,0.0,0.0,0.0,0.0,0.0,0.0,0.0,0.0,0.0,0.0,0.0,124793101.49074277,124169135.98328905,623965.5074537139,0.0,74563878140.7188,0.0,0.0,0.0,0.0,1.8917489796876907e-08,0.0,0.0,0.0,0.0
433,37,0.0,0.0,0.0,0.0,0.0,0.0,0.0,0.0,0.0,0.0,0.0,0.0,0.0,0.0,0,0.0,0.0,0.0,0.0,0.0,0.0,0.0,0.0,0.0,0,0.0,0.0,0.0,0.0,0.0,0.0,0.0,0.0,0.0,0.0,0.0,0.0,0.0,0.0,0.0,0.0,0.0,0.0,0.0,0.0,125002310.37840535,124377298.82651334,625011.5518920268,0.0,74688880451.0972,0.0,0.0,0.0,0.0,0.0,0.0,0.0,0.0,0.0
434,37,0.0,0.0,0.0,0.0,0.0,0.0,0.0,0.0,0.0,0.0,0.0,0.0,0.0,0.0,0,0.0,0.0,0.0,0.0,0.0,0.0,0.0,0.0,0.0,0,0.0,0.0,0.0,0.0,0.0,0.0,0.0,0.0,0.0,0.0,0.0,0.0,0.0,0.0,0.0,0.0,0.0,0.0,0.0,0.0,125211869.99345717,124585810.64348987,626059.3499672859,0.0,74814092321.09065,0.0,0.0,0.0,0.0,1.8917489796876907e-08,0.0,0.0,0.0,0.0
435,37,0.0,0.0,0.0,0.0,0.0,0.0,0.0,0.0,0.0,0.0,0.0,0.0,0.0,0.0,0,0.0,0.0,0.0,0.0,0.0,0.0,0.0,0.0,0.0,0,0.0,0.0,0.0,0.0,0.0,0.0,0.0,0.0,0.0,0.0,0.0,0.0,0.0,0.0,0.0,0.0,0.0,0.0,0.0,0.0,125421780.92387368,124794672.01925431,627108.9046193684,0.0,74939514102.01453,0.0,0.0,0.0,0.0,1.8917489796876907e-08,0.0,0.0,0.0,0.0
