{
  "features": [
    {
      "geometry": {
        "coordinates": [
          -13.55637514,
          9.6457708
        ],
        "type": "Point"
      },
      "properties": {
        "chainage_m": 0.0,
        "civil_class": "at-grade",
        "investigation_flags": [
          "acidic-soil-durability-testing",
          "fine-soil-plasticity-and-shrink-swell-tests",
          "granular-density-and-groundwater-tests"
        ],
        "lat": 9.6457708,
        "line": "line-1",
        "lon": -13.55637514,
        "sample_id": "segment:line-1-civil-001:0000",
        "scope_id": "line-1-civil-001",
        "scope_type": "civil_segment"
      },
      "type": "Feature"
    },
    {
      "geometry": {
        "coordinates": [
          -13.5564512,
          9.64562052
        ],
        "type": "Point"
      },
      "properties": {
        "chainage_m": 20.0,
        "civil_class": "at-grade",
        "investigation_flags": [
          "acidic-soil-durability-testing",
          "fine-soil-plasticity-and-shrink-swell-tests",
          "granular-density-and-groundwater-tests"
        ],
        "lat": 9.64562052,
        "line": "line-1",
        "lon": -13.5564512,
        "sample_id": "segment:line-1-civil-001:0001",
        "scope_id": "line-1-civil-001",
        "scope_type": "civil_segment"
      },
      "type": "Feature"
    },
    {
      "geometry": {
        "coordinates": [
          -13.55652726,
          9.64547025
        ],
        "type": "Point"
      },
      "properties": {
        "chainage_m": 40.0,
        "civil_class": "at-grade",
        "investigation_flags": [
          "acidic-soil-durability-testing",
          "fine-soil-plasticity-and-shrink-swell-tests",
          "granular-density-and-groundwater-tests"
        ],
        "lat": 9.64547025,
        "line": "line-1",
        "lon": -13.55652726,
        "sample_id": "segment:line-1-civil-001:0002",
        "scope_id": "line-1-civil-001",
        "scope_type": "civil_segment"
      },
      "type": "Feature"
    },
    {
      "geometry": {
        "coordinates": [
          -13.55652726,
          9.64547025
        ],
        "type": "Point"
      },
      "properties": {
        "chainage_m": 40.0,
        "civil_class": "elevated",
        "investigation_flags": [
          "acidic-soil-durability-testing",
          "fine-soil-plasticity-and-shrink-swell-tests",
          "granular-density-and-groundwater-tests"
        ],
        "lat": 9.64547025,
        "line": "line-1",
        "lon": -13.55652726,
        "sample_id": "segment:line-1-civil-002:0000",
        "scope_id": "line-1-civil-002",
        "scope_type": "civil_segment"
      },
      "type": "Feature"
    },
    {
      "geometry": {
        "coordinates": [
          -13.55663489,
          9.64525761
        ],
        "type": "Point"
      },
      "properties": {
        "chainage_m": 68.3,
        "civil_class": "elevated",
        "investigation_flags": [
          "acidic-soil-durability-testing",
          "fine-soil-plasticity-and-shrink-swell-tests",
          "granular-density-and-groundwater-tests"
        ],
        "lat": 9.64525761,
        "line": "line-1",
        "lon": -13.55663489,
        "sample_id": "segment:line-1-civil-002:0001",
        "scope_id": "line-1-civil-002",
        "scope_type": "civil_segment"
      },
      "type": "Feature"
    },
    {
      "geometry": {
        "coordinates": [
          -13.55674552,
          9.64504796
        ],
        "type": "Point"
      },
      "properties": {
        "chainage_m": 96.6,
        "civil_class": "elevated",
        "investigation_flags": [
          "acidic-soil-durability-testing",
          "fine-soil-plasticity-and-shrink-swell-tests",
          "granular-density-and-groundwater-tests"
        ],
        "lat": 9.64504796,
        "line": "line-1",
        "lon": -13.55674552,
        "sample_id": "segment:line-1-civil-002:0002",
        "scope_id": "line-1-civil-002",
        "scope_type": "civil_segment"
      },
      "type": "Feature"
    },
    {
      "geometry": {
        "coordinates": [
          -13.55674552,
          9.64504796
        ],
        "type": "Point"
      },
      "properties": {
        "chainage_m": 96.6,
        "civil_class": "at-grade",
        "investigation_flags": [
          "acidic-soil-durability-testing",
          "fine-soil-plasticity-and-shrink-swell-tests",
          "granular-density-and-groundwater-tests"
        ],
        "lat": 9.64504796,
        "line": "line-1",
        "lon": -13.55674552,
        "sample_id": "segment:line-1-civil-003:0000",
        "scope_id": "line-1-civil-003",
        "scope_type": "civil_segment"
      },
      "type": "Feature"
    },
    {
      "geometry": {
        "coordinates": [
          -13.55755267,
          9.64481615
        ],
        "type": "Point"
      },
      "properties": {
        "chainage_m": 209.6,
        "civil_class": "at-grade",
        "investigation_flags": [
          "acidic-soil-durability-testing",
          "fine-soil-plasticity-and-shrink-swell-tests",
          "granular-density-and-groundwater-tests"
        ],
        "lat": 9.64481615,
        "line": "line-1",
        "lon": -13.55755267,
        "sample_id": "segment:line-1-civil-003:0001",
        "scope_id": "line-1-civil-003",
        "scope_type": "civil_segment"
      },
      "type": "Feature"
    },
    {
      "geometry": {
        "coordinates": [
          -13.55797737,
          9.64566001
        ],
        "type": "Point"
      },
      "properties": {
        "chainage_m": 322.6,
        "civil_class": "at-grade",
        "investigation_flags": [
          "acidic-soil-durability-testing",
          "fine-soil-plasticity-and-shrink-swell-tests",
          "granular-density-and-groundwater-tests"
        ],
        "lat": 9.64566001,
        "line": "line-1",
        "lon": -13.55797737,
        "sample_id": "segment:line-1-civil-003:0002",
        "scope_id": "line-1-civil-003",
        "scope_type": "civil_segment"
      },
      "type": "Feature"
    },
    {
      "geometry": {
        "coordinates": [
          -13.55797737,
          9.64566001
        ],
        "type": "Point"
      },
      "properties": {
        "chainage_m": 322.6,
        "civil_class": "elevated",
        "investigation_flags": [
          "acidic-soil-durability-testing",
          "fine-soil-plasticity-and-shrink-swell-tests",
          "granular-density-and-groundwater-tests"
        ],
        "lat": 9.64566001,
        "line": "line-1",
        "lon": -13.55797737,
        "sample_id": "segment:line-1-civil-004:0000",
        "scope_id": "line-1-civil-004",
        "scope_type": "civil_segment"
      },
      "type": "Feature"
    },
    {
      "geometry": {
        "coordinates": [
          -13.55805464,
          9.6458299
        ],
        "type": "Point"
      },
      "properties": {
        "chainage_m": 344.95,
        "civil_class": "elevated",
        "investigation_flags": [
          "acidic-soil-durability-testing",
          "fine-soil-plasticity-and-shrink-swell-tests",
          "granular-density-and-groundwater-tests"
        ],
        "lat": 9.6458299,
        "line": "line-1",
        "lon": -13.55805464,
        "sample_id": "segment:line-1-civil-004:0001",
        "scope_id": "line-1-civil-004",
        "scope_type": "civil_segment"
      },
      "type": "Feature"
    },
    {
      "geometry": {
        "coordinates": [
          -13.55816004,
          9.64598609
        ],
        "type": "Point"
      },
      "properties": {
        "chainage_m": 367.3,
        "civil_class": "elevated",
        "investigation_flags": [
          "acidic-soil-durability-testing",
          "fine-soil-plasticity-and-shrink-swell-tests",
          "granular-density-and-groundwater-tests"
        ],
        "lat": 9.64598609,
        "line": "line-1",
        "lon": -13.55816004,
        "sample_id": "segment:line-1-civil-004:0002",
        "scope_id": "line-1-civil-004",
        "scope_type": "civil_segment"
      },
      "type": "Feature"
    },
    {
      "geometry": {
        "coordinates": [
          -13.55816004,
          9.64598609
        ],
        "type": "Point"
      },
      "properties": {
        "chainage_m": 367.3,
        "civil_class": "at-grade",
        "investigation_flags": [
          "acidic-soil-durability-testing",
          "fine-soil-plasticity-and-shrink-swell-tests",
          "granular-density-and-groundwater-tests"
        ],
        "lat": 9.64598609,
        "line": "line-1",
        "lon": -13.55816004,
        "sample_id": "segment:line-1-civil-005:0000",
        "scope_id": "line-1-civil-005",
        "scope_type": "civil_segment"
      },
      "type": "Feature"
    },
    {
      "geometry": {
        "coordinates": [
          -13.55835967,
          9.64628189
        ],
        "type": "Point"
      },
      "properties": {
        "chainage_m": 409.65,
        "civil_class": "at-grade",
        "investigation_flags": [
          "acidic-soil-durability-testing",
          "fine-soil-plasticity-and-shrink-swell-tests",
          "granular-density-and-groundwater-tests"
        ],
        "lat": 9.64628189,
        "line": "line-1",
        "lon": -13.55835967,
        "sample_id": "segment:line-1-civil-005:0001",
        "scope_id": "line-1-civil-005",
        "scope_type": "civil_segment"
      },
      "type": "Feature"
    },
    {
      "geometry": {
        "coordinates": [
          -13.55837911,
          9.64663204
        ],
        "type": "Point"
      },
      "properties": {
        "chainage_m": 452.0,
        "civil_class": "at-grade",
        "investigation_flags": [
          "acidic-soil-durability-testing",
          "fine-soil-plasticity-and-shrink-swell-tests",
          "granular-density-and-groundwater-tests"
        ],
        "lat": 9.64663204,
        "line": "line-1",
        "lon": -13.55837911,
        "sample_id": "segment:line-1-civil-005:0002",
        "scope_id": "line-1-civil-005",
        "scope_type": "civil_segment"
      },
      "type": "Feature"
    },
    {
      "geometry": {
        "coordinates": [
          -13.55837911,
          9.64663204
        ],
        "type": "Point"
      },
      "properties": {
        "chainage_m": 452.0,
        "civil_class": "elevated",
        "investigation_flags": [
          "acidic-soil-durability-testing",
          "fine-soil-plasticity-and-shrink-swell-tests",
          "granular-density-and-groundwater-tests"
        ],
        "lat": 9.64663204,
        "line": "line-1",
        "lon": -13.55837911,
        "sample_id": "segment:line-1-civil-006:0000",
        "scope_id": "line-1-civil-006",
        "scope_type": "civil_segment"
      },
      "type": "Feature"
    },
    {
      "geometry": {
        "coordinates": [
          -13.55837911,
          9.64681972
        ],
        "type": "Point"
      },
      "properties": {
        "chainage_m": 474.35,
        "civil_class": "elevated",
        "investigation_flags": [
          "acidic-soil-durability-testing",
          "fine-soil-plasticity-and-shrink-swell-tests",
          "granular-density-and-groundwater-tests"
        ],
        "lat": 9.64681972,
        "line": "line-1",
        "lon": -13.55837911,
        "sample_id": "segment:line-1-civil-006:0001",
        "scope_id": "line-1-civil-006",
        "scope_type": "civil_segment"
      },
      "type": "Feature"
    },
    {
      "geometry": {
        "coordinates": [
          -13.55837911,
          9.6470074
        ],
        "type": "Point"
      },
      "properties": {
        "chainage_m": 496.7,
        "civil_class": "elevated",
        "investigation_flags": [
          "acidic-soil-durability-testing",
          "fine-soil-plasticity-and-shrink-swell-tests",
          "granular-density-and-groundwater-tests"
        ],
        "lat": 9.6470074,
        "line": "line-1",
        "lon": -13.55837911,
        "sample_id": "segment:line-1-civil-006:0002",
        "scope_id": "line-1-civil-006",
        "scope_type": "civil_segment"
      },
      "type": "Feature"
    },
    {
      "geometry": {
        "coordinates": [
          -13.55837911,
          9.6470074
        ],
        "type": "Point"
      },
      "properties": {
        "chainage_m": 496.7,
        "civil_class": "at-grade",
        "investigation_flags": [
          "acidic-soil-durability-testing",
          "fine-soil-plasticity-and-shrink-swell-tests",
          "granular-density-and-groundwater-tests"
        ],
        "lat": 9.6470074,
        "line": "line-1",
        "lon": -13.55837911,
        "sample_id": "segment:line-1-civil-007:0000",
        "scope_id": "line-1-civil-007",
        "scope_type": "civil_segment"
      },
      "type": "Feature"
    },
    {
      "geometry": {
        "coordinates": [
          -13.55846085,
          9.64735355
        ],
        "type": "Point"
      },
      "properties": {
        "chainage_m": 539.1,
        "civil_class": "at-grade",
        "investigation_flags": [
          "acidic-soil-durability-testing",
          "fine-soil-plasticity-and-shrink-swell-tests",
          "granular-density-and-groundwater-tests"
        ],
        "lat": 9.64735355,
        "line": "line-1",
        "lon": -13.55846085,
        "sample_id": "segment:line-1-civil-007:0001",
        "scope_id": "line-1-civil-007",
        "scope_type": "civil_segment"
      },
      "type": "Feature"
    },
    {
      "geometry": {
        "coordinates": [
          -13.55854827,
          9.64769899
        ],
        "type": "Point"
      },
      "properties": {
        "chainage_m": 581.5,
        "civil_class": "at-grade",
        "investigation_flags": [
          "acidic-soil-durability-testing",
          "fine-soil-plasticity-and-shrink-swell-tests",
          "granular-density-and-groundwater-tests"
        ],
        "lat": 9.64769899,
        "line": "line-1",
        "lon": -13.55854827,
        "sample_id": "segment:line-1-civil-007:0002",
        "scope_id": "line-1-civil-007",
        "scope_type": "civil_segment"
      },
      "type": "Feature"
    },
    {
      "geometry": {
        "coordinates": [
          -13.55854827,
          9.64769899
        ],
        "type": "Point"
      },
      "properties": {
        "chainage_m": 581.5,
        "civil_class": "elevated",
        "investigation_flags": [
          "acidic-soil-durability-testing",
          "fine-soil-plasticity-and-shrink-swell-tests",
          "granular-density-and-groundwater-tests"
        ],
        "lat": 9.64769899,
        "line": "line-1",
        "lon": -13.55854827,
        "sample_id": "segment:line-1-civil-008:0000",
        "scope_id": "line-1-civil-008",
        "scope_type": "civil_segment"
      },
      "type": "Feature"
    },
    {
      "geometry": {
        "coordinates": [
          -13.55869392,
          9.64771767
        ],
        "type": "Point"
      },
      "properties": {
        "chainage_m": 603.85,
        "civil_class": "elevated",
        "investigation_flags": [
          "acidic-soil-durability-testing",
          "fine-soil-plasticity-and-shrink-swell-tests",
          "granular-density-and-groundwater-tests"
        ],
        "lat": 9.64771767,
        "line": "line-1",
        "lon": -13.55869392,
        "sample_id": "segment:line-1-civil-008:0001",
        "scope_id": "line-1-civil-008",
        "scope_type": "civil_segment"
      },
      "type": "Feature"
    },
    {
      "geometry": {
        "coordinates": [
          -13.5588784,
          9.64767211
        ],
        "type": "Point"
      },
      "properties": {
        "chainage_m": 626.2,
        "civil_class": "elevated",
        "investigation_flags": [
          "acidic-soil-durability-testing",
          "fine-soil-plasticity-and-shrink-swell-tests",
          "granular-density-and-groundwater-tests"
        ],
        "lat": 9.64767211,
        "line": "line-1",
        "lon": -13.5588784,
        "sample_id": "segment:line-1-civil-008:0002",
        "scope_id": "line-1-civil-008",
        "scope_type": "civil_segment"
      },
      "type": "Feature"
    },
    {
      "geometry": {
        "coordinates": [
          -13.5588784,
          9.64767211
        ],
        "type": "Point"
      },
      "properties": {
        "chainage_m": 626.2,
        "civil_class": "at-grade",
        "investigation_flags": [
          "acidic-soil-durability-testing",
          "fine-soil-plasticity-and-shrink-swell-tests",
          "granular-density-and-groundwater-tests"
        ],
        "lat": 9.64767211,
        "line": "line-1",
        "lon": -13.5588784,
        "sample_id": "segment:line-1-civil-009:0000",
        "scope_id": "line-1-civil-009",
        "scope_type": "civil_segment"
      },
      "type": "Feature"
    },
    {
      "geometry": {
        "coordinates": [
          -13.56422969,
          9.64069056
        ],
        "type": "Point"
      },
      "properties": {
        "chainage_m": 1699.526,
        "civil_class": "at-grade",
        "investigation_flags": [
          "acidic-soil-durability-testing",
          "fine-soil-plasticity-and-shrink-swell-tests",
          "granular-density-and-groundwater-tests"
        ],
        "lat": 9.64069056,
        "line": "line-1",
        "lon": -13.56422969,
        "sample_id": "segment:line-1-civil-009:0001",
        "scope_id": "line-1-civil-009",
        "scope_type": "civil_segment"
      },
      "type": "Feature"
    },
    {
      "geometry": {
        "coordinates": [
          -13.57079863,
          9.63511151
        ],
        "type": "Point"
      },
      "properties": {
        "chainage_m": 2772.852,
        "civil_class": "at-grade",
        "investigation_flags": [
          "acidic-soil-durability-testing",
          "fine-soil-plasticity-and-shrink-swell-tests",
          "granular-density-and-groundwater-tests"
        ],
        "lat": 9.63511151,
        "line": "line-1",
        "lon": -13.57079863,
        "sample_id": "segment:line-1-civil-009:0002",
        "scope_id": "line-1-civil-009",
        "scope_type": "civil_segment"
      },
      "type": "Feature"
    },
    {
      "geometry": {
        "coordinates": [
          -13.57667821,
          9.62823387
        ],
        "type": "Point"
      },
      "properties": {
        "chainage_m": 3846.178,
        "civil_class": "at-grade",
        "investigation_flags": [
          "acidic-soil-durability-testing",
          "fine-soil-plasticity-and-shrink-swell-tests",
          "granular-density-and-groundwater-tests"
        ],
        "lat": 9.62823387,
        "line": "line-1",
        "lon": -13.57667821,
        "sample_id": "segment:line-1-civil-009:0003",
        "scope_id": "line-1-civil-009",
        "scope_type": "civil_segment"
      },
      "type": "Feature"
    },
    {
      "geometry": {
        "coordinates": [
          -13.5770569,
          9.62782833
        ],
        "type": "Point"
      },
      "properties": {
        "chainage_m": 3911.95,
        "civil_class": "at-grade",
        "investigation_flags": [
          "acidic-soil-durability-testing",
          "fine-soil-plasticity-and-shrink-swell-tests",
          "granular-density-and-groundwater-tests"
        ],
        "lat": 9.62782833,
        "line": "line-1",
        "lon": -13.5770569,
        "sample_id": "segment:line-1-civil-009:0004",
        "scope_id": "line-1-civil-009",
        "scope_type": "civil_segment"
      },
      "type": "Feature"
    },
    {
      "geometry": {
        "coordinates": [
          -13.5825191,
          9.62135373
        ],
        "type": "Point"
      },
      "properties": {
        "chainage_m": 4919.505,
        "civil_class": "at-grade",
        "investigation_flags": [
          "acidic-soil-durability-testing",
          "fine-soil-plasticity-and-shrink-swell-tests",
          "granular-density-and-groundwater-tests"
        ],
        "lat": 9.62135373,
        "line": "line-1",
        "lon": -13.5825191,
        "sample_id": "segment:line-1-civil-009:0005",
        "scope_id": "line-1-civil-009",
        "scope_type": "civil_segment"
      },
      "type": "Feature"
    },
    {
      "geometry": {
        "coordinates": [
          -13.58849361,
          9.61458237
        ],
        "type": "Point"
      },
      "properties": {
        "chainage_m": 5992.831,
        "civil_class": "at-grade",
        "investigation_flags": [
          "acidic-soil-durability-testing",
          "fine-soil-plasticity-and-shrink-swell-tests",
          "granular-density-and-groundwater-tests"
        ],
        "lat": 9.61458237,
        "line": "line-1",
        "lon": -13.58849361,
        "sample_id": "segment:line-1-civil-009:0006",
        "scope_id": "line-1-civil-009",
        "scope_type": "civil_segment"
      },
      "type": "Feature"
    },
    {
      "geometry": {
        "coordinates": [
          -13.59623132,
          9.61017804
        ],
        "type": "Point"
      },
      "properties": {
        "chainage_m": 7066.157,
        "civil_class": "at-grade",
        "investigation_flags": [
          "acidic-soil-durability-testing",
          "fine-soil-plasticity-and-shrink-swell-tests",
          "granular-density-and-groundwater-tests"
        ],
        "lat": 9.61017804,
        "line": "line-1",
        "lon": -13.59623132,
        "sample_id": "segment:line-1-civil-009:0007",
        "scope_id": "line-1-civil-009",
        "scope_type": "civil_segment"
      },
      "type": "Feature"
    },
    {
      "geometry": {
        "coordinates": [
          -13.59696439,
          9.60934598
        ],
        "type": "Point"
      },
      "properties": {
        "chainage_m": 7197.7,
        "civil_class": "at-grade",
        "investigation_flags": [
          "acidic-soil-durability-testing",
          "fine-soil-plasticity-and-shrink-swell-tests",
          "granular-density-and-groundwater-tests"
        ],
        "lat": 9.60934598,
        "line": "line-1",
        "lon": -13.59696439,
        "sample_id": "segment:line-1-civil-009:0008",
        "scope_id": "line-1-civil-009",
        "scope_type": "civil_segment"
      },
      "type": "Feature"
    },
    {
      "geometry": {
        "coordinates": [
          -13.59696439,
          9.60934598
        ],
        "type": "Point"
      },
      "properties": {
        "chainage_m": 7197.7,
        "civil_class": "elevated",
        "investigation_flags": [
          "acidic-soil-durability-testing",
          "fine-soil-plasticity-and-shrink-swell-tests",
          "granular-density-and-groundwater-tests"
        ],
        "lat": 9.60934598,
        "line": "line-1",
        "lon": -13.59696439,
        "sample_id": "segment:line-1-civil-010:0000",
        "scope_id": "line-1-civil-010",
        "scope_type": "civil_segment"
      },
      "type": "Feature"
    },
    {
      "geometry": {
        "coordinates": [
          -13.60296415,
          9.60280713
        ],
        "type": "Point"
      },
      "properties": {
        "chainage_m": 8270.686,
        "civil_class": "elevated",
        "investigation_flags": [
          "acidic-soil-durability-testing",
          "fine-soil-plasticity-and-shrink-swell-tests",
          "granular-density-and-groundwater-tests"
        ],
        "lat": 9.60280713,
        "line": "line-1",
        "lon": -13.60296415,
        "sample_id": "segment:line-1-civil-010:0001",
        "scope_id": "line-1-civil-010",
        "scope_type": "civil_segment"
      },
      "type": "Feature"
    },
    {
      "geometry": {
        "coordinates": [
          -13.60948389,
          9.59672652
        ],
        "type": "Point"
      },
      "properties": {
        "chainage_m": 9343.671,
        "civil_class": "elevated",
        "investigation_flags": [
          "acidic-soil-durability-testing",
          "fine-soil-plasticity-and-shrink-swell-tests",
          "granular-density-and-groundwater-tests"
        ],
        "lat": 9.59672652,
        "line": "line-1",
        "lon": -13.60948389,
        "sample_id": "segment:line-1-civil-010:0002",
        "scope_id": "line-1-civil-010",
        "scope_type": "civil_segment"
      },
      "type": "Feature"
    },
    {
      "geometry": {
        "coordinates": [
          -13.61594445,
          9.59070437
        ],
        "type": "Point"
      },
      "properties": {
        "chainage_m": 10416.657,
        "civil_class": "elevated",
        "investigation_flags": [
          "acidic-soil-durability-testing",
          "fine-soil-plasticity-and-shrink-swell-tests",
          "granular-density-and-groundwater-tests"
        ],
        "lat": 9.59070437,
        "line": "line-1",
        "lon": -13.61594445,
        "sample_id": "segment:line-1-civil-010:0003",
        "scope_id": "line-1-civil-010",
        "scope_type": "civil_segment"
      },
      "type": "Feature"
    },
    {
      "geometry": {
        "coordinates": [
          -13.62237539,
          9.58471148
        ],
        "type": "Point"
      },
      "properties": {
        "chainage_m": 11489.643,
        "civil_class": "elevated",
        "investigation_flags": [
          "acidic-soil-durability-testing",
          "fine-soil-plasticity-and-shrink-swell-tests",
          "granular-density-and-groundwater-tests"
        ],
        "lat": 9.58471148,
        "line": "line-1",
        "lon": -13.62237539,
        "sample_id": "segment:line-1-civil-010:0004",
        "scope_id": "line-1-civil-010",
        "scope_type": "civil_segment"
      },
      "type": "Feature"
    },
    {
      "geometry": {
        "coordinates": [
          -13.6287767,
          9.57874786
        ],
        "type": "Point"
      },
      "properties": {
        "chainage_m": 12562.628,
        "civil_class": "elevated",
        "investigation_flags": [
          "acidic-soil-durability-testing",
          "fine-soil-plasticity-and-shrink-swell-tests",
          "granular-density-and-groundwater-tests"
        ],
        "lat": 9.57874786,
        "line": "line-1",
        "lon": -13.6287767,
        "sample_id": "segment:line-1-civil-010:0005",
        "scope_id": "line-1-civil-010",
        "scope_type": "civil_segment"
      },
      "type": "Feature"
    },
    {
      "geometry": {
        "coordinates": [
          -13.63528245,
          9.57265759
        ],
        "type": "Point"
      },
      "properties": {
        "chainage_m": 13635.614,
        "civil_class": "elevated",
        "investigation_flags": [
          "acidic-soil-durability-testing",
          "fine-soil-plasticity-and-shrink-swell-tests",
          "granular-density-and-groundwater-tests"
        ],
        "lat": 9.57265759,
        "line": "line-1",
        "lon": -13.63528245,
        "sample_id": "segment:line-1-civil-010:0006",
        "scope_id": "line-1-civil-010",
        "scope_type": "civil_segment"
      },
      "type": "Feature"
    },
    {
      "geometry": {
        "coordinates": [
          -13.64169323,
          9.56665052
        ],
        "type": "Point"
      },
      "properties": {
        "chainage_m": 14708.6,
        "civil_class": "elevated",
        "investigation_flags": [
          "acidic-soil-durability-testing",
          "fine-soil-plasticity-and-shrink-swell-tests",
          "granular-density-and-groundwater-tests"
        ],
        "lat": 9.56665052,
        "line": "line-1",
        "lon": -13.64169323,
        "sample_id": "segment:line-1-civil-010:0007",
        "scope_id": "line-1-civil-010",
        "scope_type": "civil_segment"
      },
      "type": "Feature"
    },
    {
      "geometry": {
        "coordinates": [
          -13.64810033,
          9.56060279
        ],
        "type": "Point"
      },
      "properties": {
        "chainage_m": 15781.585,
        "civil_class": "elevated",
        "investigation_flags": [
          "acidic-soil-durability-testing",
          "fine-soil-plasticity-and-shrink-swell-tests",
          "granular-density-and-groundwater-tests"
        ],
        "lat": 9.56060279,
        "line": "line-1",
        "lon": -13.64810033,
        "sample_id": "segment:line-1-civil-010:0008",
        "scope_id": "line-1-civil-010",
        "scope_type": "civil_segment"
      },
      "type": "Feature"
    },
    {
      "geometry": {
        "coordinates": [
          -13.65058827,
          9.55828103
        ],
        "type": "Point"
      },
      "properties": {
        "chainage_m": 16190.45,
        "civil_class": "elevated",
        "investigation_flags": [
          "acidic-soil-durability-testing",
          "fine-soil-plasticity-and-shrink-swell-tests",
          "granular-density-and-groundwater-tests"
        ],
        "lat": 9.55828103,
        "line": "line-1",
        "lon": -13.65058827,
        "sample_id": "segment:line-1-civil-010:0009",
        "scope_id": "line-1-civil-010",
        "scope_type": "civil_segment"
      },
      "type": "Feature"
    },
    {
      "geometry": {
        "coordinates": [
          -13.65465729,
          9.55457466
        ],
        "type": "Point"
      },
      "properties": {
        "chainage_m": 16854.571,
        "civil_class": "elevated",
        "investigation_flags": [
          "acidic-soil-durability-testing",
          "fine-soil-plasticity-and-shrink-swell-tests",
          "granular-density-and-groundwater-tests"
        ],
        "lat": 9.55457466,
        "line": "line-1",
        "lon": -13.65465729,
        "sample_id": "segment:line-1-civil-010:0010",
        "scope_id": "line-1-civil-010",
        "scope_type": "civil_segment"
      },
      "type": "Feature"
    },
    {
      "geometry": {
        "coordinates": [
          -13.66103168,
          9.54850438
        ],
        "type": "Point"
      },
      "properties": {
        "chainage_m": 17927.557,
        "civil_class": "elevated",
        "investigation_flags": [
          "acidic-soil-durability-testing",
          "fine-soil-plasticity-and-shrink-swell-tests",
          "granular-density-and-groundwater-tests"
        ],
        "lat": 9.54850438,
        "line": "line-1",
        "lon": -13.66103168,
        "sample_id": "segment:line-1-civil-010:0011",
        "scope_id": "line-1-civil-010",
        "scope_type": "civil_segment"
      },
      "type": "Feature"
    },
    {
      "geometry": {
        "coordinates": [
          -13.6674622,
          9.5425119
        ],
        "type": "Point"
      },
      "properties": {
        "chainage_m": 19000.542,
        "civil_class": "elevated",
        "investigation_flags": [
          "acidic-soil-durability-testing",
          "fine-soil-plasticity-and-shrink-swell-tests",
          "granular-density-and-groundwater-tests"
        ],
        "lat": 9.5425119,
        "line": "line-1",
        "lon": -13.6674622,
        "sample_id": "segment:line-1-civil-010:0012",
        "scope_id": "line-1-civil-010",
        "scope_type": "civil_segment"
      },
      "type": "Feature"
    },
    {
      "geometry": {
        "coordinates": [
          -13.67395179,
          9.53646107
        ],
        "type": "Point"
      },
      "properties": {
        "chainage_m": 20073.528,
        "civil_class": "elevated",
        "investigation_flags": [
          "acidic-soil-durability-testing",
          "fine-soil-plasticity-and-shrink-swell-tests",
          "granular-density-and-groundwater-tests"
        ],
        "lat": 9.53646107,
        "line": "line-1",
        "lon": -13.67395179,
        "sample_id": "segment:line-1-civil-010:0013",
        "scope_id": "line-1-civil-010",
        "scope_type": "civil_segment"
      },
      "type": "Feature"
    },
    {
      "geometry": {
        "coordinates": [
          -13.68035263,
          9.53049791
        ],
        "type": "Point"
      },
      "properties": {
        "chainage_m": 21146.514,
        "civil_class": "elevated",
        "investigation_flags": [
          "acidic-soil-durability-testing",
          "fine-soil-plasticity-and-shrink-swell-tests",
          "granular-density-and-groundwater-tests"
        ],
        "lat": 9.53049791,
        "line": "line-1",
        "lon": -13.68035263,
        "sample_id": "segment:line-1-civil-010:0014",
        "scope_id": "line-1-civil-010",
        "scope_type": "civil_segment"
      },
      "type": "Feature"
    },
    {
      "geometry": {
        "coordinates": [
          -13.68681254,
          9.52447641
        ],
        "type": "Point"
      },
      "properties": {
        "chainage_m": 22219.499,
        "civil_class": "elevated",
        "investigation_flags": [
          "acidic-soil-durability-testing",
          "fine-soil-plasticity-and-shrink-swell-tests",
          "granular-density-and-groundwater-tests"
        ],
        "lat": 9.52447641,
        "line": "line-1",
        "lon": -13.68681254,
        "sample_id": "segment:line-1-civil-010:0015",
        "scope_id": "line-1-civil-010",
        "scope_type": "civil_segment"
      },
      "type": "Feature"
    },
    {
      "geometry": {
        "coordinates": [
          -13.69324279,
          9.51843368
        ],
        "type": "Point"
      },
      "properties": {
        "chainage_m": 23292.485,
        "civil_class": "elevated",
        "investigation_flags": [
          "acidic-soil-durability-testing",
          "fine-soil-plasticity-and-shrink-swell-tests",
          "granular-density-and-groundwater-tests"
        ],
        "lat": 9.51843368,
        "line": "line-1",
        "lon": -13.69324279,
        "sample_id": "segment:line-1-civil-010:0016",
        "scope_id": "line-1-civil-010",
        "scope_type": "civil_segment"
      },
      "type": "Feature"
    },
    {
      "geometry": {
        "coordinates": [
          -13.69970941,
          9.51231629
        ],
        "type": "Point"
      },
      "properties": {
        "chainage_m": 24365.471,
        "civil_class": "elevated",
        "investigation_flags": [
          "acidic-soil-durability-testing",
          "fine-soil-plasticity-and-shrink-swell-tests",
          "granular-density-and-groundwater-tests",
          "organic-content-and-compressibility-tests"
        ],
        "lat": 9.51231629,
        "line": "line-1",
        "lon": -13.69970941,
        "sample_id": "segment:line-1-civil-010:0017",
        "scope_id": "line-1-civil-010",
        "scope_type": "civil_segment"
      },
      "type": "Feature"
    },
    {
      "geometry": {
        "coordinates": [
          -13.70466894,
          9.50773675
        ],
        "type": "Point"
      },
      "properties": {
        "chainage_m": 25183.2,
        "civil_class": "elevated",
        "investigation_flags": [
          "acidic-soil-durability-testing",
          "fine-soil-plasticity-and-shrink-swell-tests",
          "granular-density-and-groundwater-tests",
          "organic-content-and-compressibility-tests"
        ],
        "lat": 9.50773675,
        "line": "line-1",
        "lon": -13.70466894,
        "sample_id": "segment:line-1-civil-010:0018",
        "scope_id": "line-1-civil-010",
        "scope_type": "civil_segment"
      },
      "type": "Feature"
    },
    {
      "geometry": {
        "coordinates": [
          -13.67861732,
          9.5350916
        ],
        "type": "Point"
      },
      "properties": {
        "chainage_m": 0.0,
        "civil_class": "elevated",
        "investigation_flags": [
          "acidic-soil-durability-testing",
          "fine-soil-plasticity-and-shrink-swell-tests",
          "granular-density-and-groundwater-tests"
        ],
        "lat": 9.5350916,
        "line": "line-2",
        "lon": -13.67861732,
        "sample_id": "segment:line-2-civil-011:0000",
        "scope_id": "line-2-civil-011",
        "scope_type": "civil_segment"
      },
      "type": "Feature"
    },
    {
      "geometry": {
        "coordinates": [
          -13.67444379,
          9.5420939
        ],
        "type": "Point"
      },
      "properties": {
        "chainage_m": 1003.232,
        "civil_class": "elevated",
        "investigation_flags": [
          "acidic-soil-durability-testing",
          "fine-soil-plasticity-and-shrink-swell-tests",
          "granular-density-and-groundwater-tests"
        ],
        "lat": 9.5420939,
        "line": "line-2",
        "lon": -13.67444379,
        "sample_id": "segment:line-2-civil-011:0001",
        "scope_id": "line-2-civil-011",
        "scope_type": "civil_segment"
      },
      "type": "Feature"
    },
    {
      "geometry": {
        "coordinates": [
          -13.67023708,
          9.54908257
        ],
        "type": "Point"
      },
      "properties": {
        "chainage_m": 2006.464,
        "civil_class": "elevated",
        "investigation_flags": [
          "acidic-soil-durability-testing",
          "fine-soil-plasticity-and-shrink-swell-tests",
          "granular-density-and-groundwater-tests"
        ],
        "lat": 9.54908257,
        "line": "line-2",
        "lon": -13.67023708,
        "sample_id": "segment:line-2-civil-011:0002",
        "scope_id": "line-2-civil-011",
        "scope_type": "civil_segment"
      },
      "type": "Feature"
    },
    {
      "geometry": {
        "coordinates": [
          -13.66604696,
          9.55607815
        ],
        "type": "Point"
      },
      "properties": {
        "chainage_m": 3009.696,
        "civil_class": "elevated",
        "investigation_flags": [
          "acidic-soil-durability-testing",
          "fine-soil-plasticity-and-shrink-swell-tests",
          "granular-density-and-groundwater-tests"
        ],
        "lat": 9.55607815,
        "line": "line-2",
        "lon": -13.66604696,
        "sample_id": "segment:line-2-civil-011:0003",
        "scope_id": "line-2-civil-011",
        "scope_type": "civil_segment"
      },
      "type": "Feature"
    },
    {
      "geometry": {
        "coordinates": [
          -13.66179441,
          9.56304803
        ],
        "type": "Point"
      },
      "properties": {
        "chainage_m": 4012.928,
        "civil_class": "elevated",
        "investigation_flags": [
          "acidic-soil-durability-testing",
          "fine-soil-plasticity-and-shrink-swell-tests",
          "granular-density-and-groundwater-tests"
        ],
        "lat": 9.56304803,
        "line": "line-2",
        "lon": -13.66179441,
        "sample_id": "segment:line-2-civil-011:0004",
        "scope_id": "line-2-civil-011",
        "scope_type": "civil_segment"
      },
      "type": "Feature"
    },
    {
      "geometry": {
        "coordinates": [
          -13.65754524,
          9.57012505
        ],
        "type": "Point"
      },
      "properties": {
        "chainage_m": 5016.16,
        "civil_class": "elevated",
        "investigation_flags": [
          "acidic-soil-durability-testing",
          "fine-soil-plasticity-and-shrink-swell-tests",
          "granular-density-and-groundwater-tests"
        ],
        "lat": 9.57012505,
        "line": "line-2",
        "lon": -13.65754524,
        "sample_id": "segment:line-2-civil-011:0005",
        "scope_id": "line-2-civil-011",
        "scope_type": "civil_segment"
      },
      "type": "Feature"
    },
    {
      "geometry": {
        "coordinates": [
          -13.65693801,
          9.57120668
        ],
        "type": "Point"
      },
      "properties": {
        "chainage_m": 5175.7,
        "civil_class": "elevated",
        "investigation_flags": [
          "acidic-soil-durability-testing",
          "fine-soil-plasticity-and-shrink-swell-tests",
          "granular-density-and-groundwater-tests"
        ],
        "lat": 9.57120668,
        "line": "line-2",
        "lon": -13.65693801,
        "sample_id": "segment:line-2-civil-011:0006",
        "scope_id": "line-2-civil-011",
        "scope_type": "civil_segment"
      },
      "type": "Feature"
    },
    {
      "geometry": {
        "coordinates": [
          -13.6533283,
          9.57702372
        ],
        "type": "Point"
      },
      "properties": {
        "chainage_m": 6019.392,
        "civil_class": "elevated",
        "investigation_flags": [
          "acidic-soil-durability-testing",
          "fine-soil-plasticity-and-shrink-swell-tests",
          "granular-density-and-groundwater-tests"
        ],
        "lat": 9.57702372,
        "line": "line-2",
        "lon": -13.6533283,
        "sample_id": "segment:line-2-civil-011:0007",
        "scope_id": "line-2-civil-011",
        "scope_type": "civil_segment"
      },
      "type": "Feature"
    },
    {
      "geometry": {
        "coordinates": [
          -13.64910431,
          9.58409159
        ],
        "type": "Point"
      },
      "properties": {
        "chainage_m": 7022.624,
        "civil_class": "elevated",
        "investigation_flags": [
          "acidic-soil-durability-testing",
          "fine-soil-plasticity-and-shrink-swell-tests",
          "granular-density-and-groundwater-tests"
        ],
        "lat": 9.58409159,
        "line": "line-2",
        "lon": -13.64910431,
        "sample_id": "segment:line-2-civil-011:0008",
        "scope_id": "line-2-civil-011",
        "scope_type": "civil_segment"
      },
      "type": "Feature"
    },
    {
      "geometry": {
        "coordinates": [
          -13.64489534,
          9.5910797
        ],
        "type": "Point"
      },
      "properties": {
        "chainage_m": 8025.856,
        "civil_class": "elevated",
        "investigation_flags": [
          "acidic-soil-durability-testing",
          "fine-soil-plasticity-and-shrink-swell-tests",
          "granular-density-and-groundwater-tests"
        ],
        "lat": 9.5910797,
        "line": "line-2",
        "lon": -13.64489534,
        "sample_id": "segment:line-2-civil-011:0009",
        "scope_id": "line-2-civil-011",
        "scope_type": "civil_segment"
      },
      "type": "Feature"
    },
    {
      "geometry": {
        "coordinates": [
          -13.64079691,
          9.5980078
        ],
        "type": "Point"
      },
      "properties": {
        "chainage_m": 9029.088,
        "civil_class": "elevated",
        "investigation_flags": [
          "acidic-soil-durability-testing",
          "fine-soil-plasticity-and-shrink-swell-tests",
          "granular-density-and-groundwater-tests",
          "silt-moisture-frost-and-erosion-review"
        ],
        "lat": 9.5980078,
        "line": "line-2",
        "lon": -13.64079691,
        "sample_id": "segment:line-2-civil-011:0010",
        "scope_id": "line-2-civil-011",
        "scope_type": "civil_segment"
      },
      "type": "Feature"
    },
    {
      "geometry": {
        "coordinates": [
          -13.63654753,
          9.60508503
        ],
        "type": "Point"
      },
      "properties": {
        "chainage_m": 10032.319,
        "civil_class": "elevated",
        "investigation_flags": [
          "acidic-soil-durability-testing",
          "fine-soil-plasticity-and-shrink-swell-tests",
          "granular-density-and-groundwater-tests"
        ],
        "lat": 9.60508503,
        "line": "line-2",
        "lon": -13.63654753,
        "sample_id": "segment:line-2-civil-011:0011",
        "scope_id": "line-2-civil-011",
        "scope_type": "civil_segment"
      },
      "type": "Feature"
    },
    {
      "geometry": {
        "coordinates": [
          -13.63508351,
          9.60725113
        ],
        "type": "Point"
      },
      "properties": {
        "chainage_m": 10351.4,
        "civil_class": "elevated",
        "investigation_flags": [
          "acidic-soil-durability-testing",
          "fine-soil-plasticity-and-shrink-swell-tests",
          "granular-density-and-groundwater-tests"
        ],
        "lat": 9.60725113,
        "line": "line-2",
        "lon": -13.63508351,
        "sample_id": "segment:line-2-civil-011:0012",
        "scope_id": "line-2-civil-011",
        "scope_type": "civil_segment"
      },
      "type": "Feature"
    },
    {
      "geometry": {
        "coordinates": [
          -13.63508351,
          9.60725113
        ],
        "type": "Point"
      },
      "properties": {
        "chainage_m": 10351.4,
        "civil_class": "at-grade",
        "investigation_flags": [
          "acidic-soil-durability-testing",
          "fine-soil-plasticity-and-shrink-swell-tests",
          "granular-density-and-groundwater-tests"
        ],
        "lat": 9.60725113,
        "line": "line-2",
        "lon": -13.63508351,
        "sample_id": "segment:line-2-civil-012:0000",
        "scope_id": "line-2-civil-012",
        "scope_type": "civil_segment"
      },
      "type": "Feature"
    },
    {
      "geometry": {
        "coordinates": [
          -13.63092644,
          9.61049743
        ],
        "type": "Point"
      },
      "properties": {
        "chainage_m": 11174.25,
        "civil_class": "at-grade",
        "investigation_flags": [
          "acidic-soil-durability-testing",
          "fine-soil-plasticity-and-shrink-swell-tests",
          "granular-density-and-groundwater-tests"
        ],
        "lat": 9.61049743,
        "line": "line-2",
        "lon": -13.63092644,
        "sample_id": "segment:line-2-civil-012:0001",
        "scope_id": "line-2-civil-012",
        "scope_type": "civil_segment"
      },
      "type": "Feature"
    },
    {
      "geometry": {
        "coordinates": [
          -13.62949034,
          9.61103733
        ],
        "type": "Point"
      },
      "properties": {
        "chainage_m": 11353.351,
        "civil_class": "at-grade",
        "investigation_flags": [
          "acidic-soil-durability-testing",
          "fine-soil-plasticity-and-shrink-swell-tests",
          "granular-density-and-groundwater-tests"
        ],
        "lat": 9.61103733,
        "line": "line-2",
        "lon": -13.62949034,
        "sample_id": "segment:line-2-civil-012:0002",
        "scope_id": "line-2-civil-012",
        "scope_type": "civil_segment"
      },
      "type": "Feature"
    },
    {
      "geometry": {
        "coordinates": [
          -13.63033605,
          9.61463289
        ],
        "type": "Point"
      },
      "properties": {
        "chainage_m": 11997.1,
        "civil_class": "at-grade",
        "investigation_flags": [
          "acidic-soil-durability-testing",
          "fine-soil-plasticity-and-shrink-swell-tests",
          "granular-density-and-groundwater-tests"
        ],
        "lat": 9.61463289,
        "line": "line-2",
        "lon": -13.63033605,
        "sample_id": "segment:line-2-civil-012:0003",
        "scope_id": "line-2-civil-012",
        "scope_type": "civil_segment"
      },
      "type": "Feature"
    },
    {
      "geometry": {
        "coordinates": [
          -13.63033605,
          9.61463289
        ],
        "type": "Point"
      },
      "properties": {
        "chainage_m": 11997.1,
        "civil_class": "elevated",
        "investigation_flags": [
          "acidic-soil-durability-testing",
          "fine-soil-plasticity-and-shrink-swell-tests",
          "granular-density-and-groundwater-tests"
        ],
        "lat": 9.61463289,
        "line": "line-2",
        "lon": -13.63033605,
        "sample_id": "segment:line-2-civil-013:0000",
        "scope_id": "line-2-civil-013",
        "scope_type": "civil_segment"
      },
      "type": "Feature"
    },
    {
      "geometry": {
        "coordinates": [
          -13.63042846,
          9.6148117
        ],
        "type": "Point"
      },
      "properties": {
        "chainage_m": 12019.45,
        "civil_class": "elevated",
        "investigation_flags": [
          "acidic-soil-durability-testing",
          "fine-soil-plasticity-and-shrink-swell-tests",
          "granular-density-and-groundwater-tests"
        ],
        "lat": 9.6148117,
        "line": "line-2",
        "lon": -13.63042846,
        "sample_id": "segment:line-2-civil-013:0001",
        "scope_id": "line-2-civil-013",
        "scope_type": "civil_segment"
      },
      "type": "Feature"
    },
    {
      "geometry": {
        "coordinates": [
          -13.63051948,
          9.61499152
        ],
        "type": "Point"
      },
      "properties": {
        "chainage_m": 12041.8,
        "civil_class": "elevated",
        "investigation_flags": [
          "acidic-soil-durability-testing",
          "fine-soil-plasticity-and-shrink-swell-tests",
          "granular-density-and-groundwater-tests"
        ],
        "lat": 9.61499152,
        "line": "line-2",
        "lon": -13.63051948,
        "sample_id": "segment:line-2-civil-013:0002",
        "scope_id": "line-2-civil-013",
        "scope_type": "civil_segment"
      },
      "type": "Feature"
    },
    {
      "geometry": {
        "coordinates": [
          -13.63051948,
          9.61499152
        ],
        "type": "Point"
      },
      "properties": {
        "chainage_m": 12041.8,
        "civil_class": "at-grade",
        "investigation_flags": [
          "acidic-soil-durability-testing",
          "fine-soil-plasticity-and-shrink-swell-tests",
          "granular-density-and-groundwater-tests"
        ],
        "lat": 9.61499152,
        "line": "line-2",
        "lon": -13.63051948,
        "sample_id": "segment:line-2-civil-014:0000",
        "scope_id": "line-2-civil-014",
        "scope_type": "civil_segment"
      },
      "type": "Feature"
    },
    {
      "geometry": {
        "coordinates": [
          -13.63143293,
          9.62305645
        ],
        "type": "Point"
      },
      "properties": {
        "chainage_m": 13044.273,
        "civil_class": "at-grade",
        "investigation_flags": [
          "acidic-soil-durability-testing",
          "fine-soil-plasticity-and-shrink-swell-tests",
          "granular-density-and-groundwater-tests"
        ],
        "lat": 9.62305645,
        "line": "line-2",
        "lon": -13.63143293,
        "sample_id": "segment:line-2-civil-014:0001",
        "scope_id": "line-2-civil-014",
        "scope_type": "civil_segment"
      },
      "type": "Feature"
    },
    {
      "geometry": {
        "coordinates": [
          -13.62518356,
          9.62720697
        ],
        "type": "Point"
      },
      "properties": {
        "chainage_m": 14046.745,
        "civil_class": "at-grade",
        "investigation_flags": [
          "acidic-soil-durability-testing",
          "fine-soil-plasticity-and-shrink-swell-tests",
          "granular-density-and-groundwater-tests"
        ],
        "lat": 9.62720697,
        "line": "line-2",
        "lon": -13.62518356,
        "sample_id": "segment:line-2-civil-014:0002",
        "scope_id": "line-2-civil-014",
        "scope_type": "civil_segment"
      },
      "type": "Feature"
    },
    {
      "geometry": {
        "coordinates": [
          -13.62270102,
          9.62846898
        ],
        "type": "Point"
      },
      "properties": {
        "chainage_m": 14409.15,
        "civil_class": "at-grade",
        "investigation_flags": [
          "acidic-soil-durability-testing",
          "fine-soil-plasticity-and-shrink-swell-tests",
          "granular-density-and-groundwater-tests"
        ],
        "lat": 9.62846898,
        "line": "line-2",
        "lon": -13.62270102,
        "sample_id": "segment:line-2-civil-014:0003",
        "scope_id": "line-2-civil-014",
        "scope_type": "civil_segment"
      },
      "type": "Feature"
    },
    {
      "geometry": {
        "coordinates": [
          -13.6221418,
          9.63344747
        ],
        "type": "Point"
      },
      "properties": {
        "chainage_m": 15049.218,
        "civil_class": "at-grade",
        "investigation_flags": [
          "acidic-soil-durability-testing",
          "fine-soil-plasticity-and-shrink-swell-tests",
          "granular-density-and-groundwater-tests",
          "silt-moisture-frost-and-erosion-review"
        ],
        "lat": 9.63344747,
        "line": "line-2",
        "lon": -13.6221418,
        "sample_id": "segment:line-2-civil-014:0004",
        "scope_id": "line-2-civil-014",
        "scope_type": "civil_segment"
      },
      "type": "Feature"
    },
    {
      "geometry": {
        "coordinates": [
          -13.61739727,
          9.63839607
        ],
        "type": "Point"
      },
      "properties": {
        "chainage_m": 16051.69,
        "civil_class": "at-grade",
        "investigation_flags": [
          "acidic-soil-durability-testing",
          "fine-soil-plasticity-and-shrink-swell-tests",
          "granular-density-and-groundwater-tests"
        ],
        "lat": 9.63839607,
        "line": "line-2",
        "lon": -13.61739727,
        "sample_id": "segment:line-2-civil-014:0005",
        "scope_id": "line-2-civil-014",
        "scope_type": "civil_segment"
      },
      "type": "Feature"
    },
    {
      "geometry": {
        "coordinates": [
          -13.61212222,
          9.64019238
        ],
        "type": "Point"
      },
      "properties": {
        "chainage_m": 16776.5,
        "civil_class": "at-grade",
        "investigation_flags": [
          "acidic-soil-durability-testing",
          "fine-soil-plasticity-and-shrink-swell-tests",
          "granular-density-and-groundwater-tests"
        ],
        "lat": 9.64019238,
        "line": "line-2",
        "lon": -13.61212222,
        "sample_id": "segment:line-2-civil-014:0006",
        "scope_id": "line-2-civil-014",
        "scope_type": "civil_segment"
      },
      "type": "Feature"
    },
    {
      "geometry": {
        "coordinates": [
          -13.61212222,
          9.64019238
        ],
        "type": "Point"
      },
      "properties": {
        "chainage_m": 16776.5,
        "civil_class": "elevated",
        "investigation_flags": [
          "acidic-soil-durability-testing",
          "fine-soil-plasticity-and-shrink-swell-tests",
          "granular-density-and-groundwater-tests"
        ],
        "lat": 9.64019238,
        "line": "line-2",
        "lon": -13.61212222,
        "sample_id": "segment:line-2-civil-015:0000",
        "scope_id": "line-2-civil-015",
        "scope_type": "civil_segment"
      },
      "type": "Feature"
    },
    {
      "geometry": {
        "coordinates": [
          -13.61194006,
          9.64001217
        ],
        "type": "Point"
      },
      "properties": {
        "chainage_m": 16804.8,
        "civil_class": "elevated",
        "investigation_flags": [
          "acidic-soil-durability-testing",
          "fine-soil-plasticity-and-shrink-swell-tests",
          "granular-density-and-groundwater-tests"
        ],
        "lat": 9.64001217,
        "line": "line-2",
        "lon": -13.61194006,
        "sample_id": "segment:line-2-civil-015:0001",
        "scope_id": "line-2-civil-015",
        "scope_type": "civil_segment"
      },
      "type": "Feature"
    },
    {
      "geometry": {
        "coordinates": [
          -13.61175775,
          9.63983207
        ],
        "type": "Point"
      },
      "properties": {
        "chainage_m": 16833.1,
        "civil_class": "elevated",
        "investigation_flags": [
          "acidic-soil-durability-testing",
          "fine-soil-plasticity-and-shrink-swell-tests",
          "granular-density-and-groundwater-tests"
        ],
        "lat": 9.63983207,
        "line": "line-2",
        "lon": -13.61175775,
        "sample_id": "segment:line-2-civil-015:0002",
        "scope_id": "line-2-civil-015",
        "scope_type": "civil_segment"
      },
      "type": "Feature"
    },
    {
      "geometry": {
        "coordinates": [
          -13.61175775,
          9.63983207
        ],
        "type": "Point"
      },
      "properties": {
        "chainage_m": 16833.1,
        "civil_class": "at-grade",
        "investigation_flags": [
          "acidic-soil-durability-testing",
          "fine-soil-plasticity-and-shrink-swell-tests",
          "granular-density-and-groundwater-tests"
        ],
        "lat": 9.63983207,
        "line": "line-2",
        "lon": -13.61175775,
        "sample_id": "segment:line-2-civil-016:0000",
        "scope_id": "line-2-civil-016",
        "scope_type": "civil_segment"
      },
      "type": "Feature"
    },
    {
      "geometry": {
        "coordinates": [
          -13.61144605,
          9.63934419
        ],
        "type": "Point"
      },
      "properties": {
        "chainage_m": 16897.9,
        "civil_class": "at-grade",
        "investigation_flags": [
          "acidic-soil-durability-testing",
          "fine-soil-plasticity-and-shrink-swell-tests",
          "granular-density-and-groundwater-tests"
        ],
        "lat": 9.63934419,
        "line": "line-2",
        "lon": -13.61144605,
        "sample_id": "segment:line-2-civil-016:0001",
        "scope_id": "line-2-civil-016",
        "scope_type": "civil_segment"
      },
      "type": "Feature"
    },
    {
      "geometry": {
        "coordinates": [
          -13.61139323,
          9.63893208
        ],
        "type": "Point"
      },
      "properties": {
        "chainage_m": 16962.7,
        "civil_class": "at-grade",
        "investigation_flags": [
          "acidic-soil-durability-testing",
          "fine-soil-plasticity-and-shrink-swell-tests",
          "granular-density-and-groundwater-tests"
        ],
        "lat": 9.63893208,
        "line": "line-2",
        "lon": -13.61139323,
        "sample_id": "segment:line-2-civil-016:0002",
        "scope_id": "line-2-civil-016",
        "scope_type": "civil_segment"
      },
      "type": "Feature"
    },
    {
      "geometry": {
        "coordinates": [
          -13.65693801,
          9.59789979
        ],
        "type": "Point"
      },
      "properties": {
        "chainage_m": 0.0,
        "civil_class": "elevated",
        "investigation_flags": [
          "acidic-soil-durability-testing",
          "fine-soil-plasticity-and-shrink-swell-tests",
          "granular-density-and-groundwater-tests"
        ],
        "lat": 9.59789979,
        "line": "line-3",
        "lon": -13.65693801,
        "sample_id": "segment:line-3-civil-017:0000",
        "scope_id": "line-3-civil-017",
        "scope_type": "civil_segment"
      },
      "type": "Feature"
    },
    {
      "geometry": {
        "coordinates": [
          -13.65391975,
          9.60268105
        ],
        "type": "Point"
      },
      "properties": {
        "chainage_m": 692.05,
        "civil_class": "elevated",
        "investigation_flags": [
          "acidic-soil-durability-testing",
          "fine-soil-plasticity-and-shrink-swell-tests",
          "granular-density-and-groundwater-tests"
        ],
        "lat": 9.60268105,
        "line": "line-3",
        "lon": -13.65391975,
        "sample_id": "segment:line-3-civil-017:0001",
        "scope_id": "line-3-civil-017",
        "scope_type": "civil_segment"
      },
      "type": "Feature"
    },
    {
      "geometry": {
        "coordinates": [
          -13.65263556,
          9.60484947
        ],
        "type": "Point"
      },
      "properties": {
        "chainage_m": 1003.126,
        "civil_class": "elevated",
        "investigation_flags": [
          "acidic-soil-durability-testing",
          "fine-soil-plasticity-and-shrink-swell-tests",
          "granular-density-and-groundwater-tests"
        ],
        "lat": 9.60484947,
        "line": "line-3",
        "lon": -13.65263556,
        "sample_id": "segment:line-3-civil-017:0002",
        "scope_id": "line-3-civil-017",
        "scope_type": "civil_segment"
      },
      "type": "Feature"
    },
    {
      "geometry": {
        "coordinates": [
          -13.65074443,
          9.60743767
        ],
        "type": "Point"
      },
      "properties": {
        "chainage_m": 1384.1,
        "civil_class": "elevated",
        "investigation_flags": [
          "acidic-soil-durability-testing",
          "fine-soil-plasticity-and-shrink-swell-tests",
          "granular-density-and-groundwater-tests"
        ],
        "lat": 9.60743767,
        "line": "line-3",
        "lon": -13.65074443,
        "sample_id": "segment:line-3-civil-017:0003",
        "scope_id": "line-3-civil-017",
        "scope_type": "civil_segment"
      },
      "type": "Feature"
    },
    {
      "geometry": {
        "coordinates": [
          -13.65074443,
          9.60743767
        ],
        "type": "Point"
      },
      "properties": {
        "chainage_m": 1384.1,
        "civil_class": "at-grade",
        "investigation_flags": [
          "acidic-soil-durability-testing",
          "fine-soil-plasticity-and-shrink-swell-tests",
          "granular-density-and-groundwater-tests"
        ],
        "lat": 9.60743767,
        "line": "line-3",
        "lon": -13.65074443,
        "sample_id": "segment:line-3-civil-018:0000",
        "scope_id": "line-3-civil-018",
        "scope_type": "civil_segment"
      },
      "type": "Feature"
    },
    {
      "geometry": {
        "coordinates": [
          -13.64747488,
          9.6092276
        ],
        "type": "Point"
      },
      "properties": {
        "chainage_m": 1829.65,
        "civil_class": "at-grade",
        "investigation_flags": [
          "acidic-soil-durability-testing",
          "fine-soil-plasticity-and-shrink-swell-tests",
          "granular-density-and-groundwater-tests"
        ],
        "lat": 9.6092276,
        "line": "line-3",
        "lon": -13.64747488,
        "sample_id": "segment:line-3-civil-018:0001",
        "scope_id": "line-3-civil-018",
        "scope_type": "civil_segment"
      },
      "type": "Feature"
    },
    {
      "geometry": {
        "coordinates": [
          -13.64418371,
          9.61085996
        ],
        "type": "Point"
      },
      "properties": {
        "chainage_m": 2275.2,
        "civil_class": "at-grade",
        "investigation_flags": [
          "acidic-soil-durability-testing",
          "fine-soil-plasticity-and-shrink-swell-tests",
          "granular-density-and-groundwater-tests"
        ],
        "lat": 9.61085996,
        "line": "line-3",
        "lon": -13.64418371,
        "sample_id": "segment:line-3-civil-018:0002",
        "scope_id": "line-3-civil-018",
        "scope_type": "civil_segment"
      },
      "type": "Feature"
    },
    {
      "geometry": {
        "coordinates": [
          -13.64418371,
          9.61085996
        ],
        "type": "Point"
      },
      "properties": {
        "chainage_m": 2275.2,
        "civil_class": "elevated",
        "investigation_flags": [
          "acidic-soil-durability-testing",
          "fine-soil-plasticity-and-shrink-swell-tests",
          "granular-density-and-groundwater-tests"
        ],
        "lat": 9.61085996,
        "line": "line-3",
        "lon": -13.64418371,
        "sample_id": "segment:line-3-civil-019:0000",
        "scope_id": "line-3-civil-019",
        "scope_type": "civil_segment"
      },
      "type": "Feature"
    },
    {
      "geometry": {
        "coordinates": [
          -13.64400159,
          9.61112983
        ],
        "type": "Point"
      },
      "properties": {
        "chainage_m": 2311.25,
        "civil_class": "elevated",
        "investigation_flags": [
          "acidic-soil-durability-testing",
          "fine-soil-plasticity-and-shrink-swell-tests",
          "granular-density-and-groundwater-tests"
        ],
        "lat": 9.61112983,
        "line": "line-3",
        "lon": -13.64400159,
        "sample_id": "segment:line-3-civil-019:0001",
        "scope_id": "line-3-civil-019",
        "scope_type": "civil_segment"
      },
      "type": "Feature"
    },
    {
      "geometry": {
        "coordinates": [
          -13.64381831,
          9.61139633
        ],
        "type": "Point"
      },
      "properties": {
        "chainage_m": 2347.3,
        "civil_class": "elevated",
        "investigation_flags": [
          "acidic-soil-durability-testing",
          "fine-soil-plasticity-and-shrink-swell-tests",
          "granular-density-and-groundwater-tests"
        ],
        "lat": 9.61139633,
        "line": "line-3",
        "lon": -13.64381831,
        "sample_id": "segment:line-3-civil-019:0002",
        "scope_id": "line-3-civil-019",
        "scope_type": "civil_segment"
      },
      "type": "Feature"
    },
    {
      "geometry": {
        "coordinates": [
          -13.64381831,
          9.61139633
        ],
        "type": "Point"
      },
      "properties": {
        "chainage_m": 2347.3,
        "civil_class": "at-grade",
        "investigation_flags": [
          "acidic-soil-durability-testing",
          "fine-soil-plasticity-and-shrink-swell-tests",
          "granular-density-and-groundwater-tests"
        ],
        "lat": 9.61139633,
        "line": "line-3",
        "lon": -13.64381831,
        "sample_id": "segment:line-3-civil-020:0000",
        "scope_id": "line-3-civil-020",
        "scope_type": "civil_segment"
      },
      "type": "Feature"
    },
    {
      "geometry": {
        "coordinates": [
          -13.64072407,
          9.61265282
        ],
        "type": "Point"
      },
      "properties": {
        "chainage_m": 2834.85,
        "civil_class": "at-grade",
        "investigation_flags": [
          "acidic-soil-durability-testing",
          "fine-soil-plasticity-and-shrink-swell-tests",
          "granular-density-and-groundwater-tests"
        ],
        "lat": 9.61265282,
        "line": "line-3",
        "lon": -13.64072407,
        "sample_id": "segment:line-3-civil-020:0001",
        "scope_id": "line-3-civil-020",
        "scope_type": "civil_segment"
      },
      "type": "Feature"
    },
    {
      "geometry": {
        "coordinates": [
          -13.63799138,
          9.61536252
        ],
        "type": "Point"
      },
      "properties": {
        "chainage_m": 3322.4,
        "civil_class": "at-grade",
        "investigation_flags": [
          "acidic-soil-durability-testing",
          "fine-soil-plasticity-and-shrink-swell-tests",
          "granular-density-and-groundwater-tests"
        ],
        "lat": 9.61536252,
        "line": "line-3",
        "lon": -13.63799138,
        "sample_id": "segment:line-3-civil-020:0002",
        "scope_id": "line-3-civil-020",
        "scope_type": "civil_segment"
      },
      "type": "Feature"
    },
    {
      "geometry": {
        "coordinates": [
          -13.63799138,
          9.61536252
        ],
        "type": "Point"
      },
      "properties": {
        "chainage_m": 3322.4,
        "civil_class": "elevated",
        "investigation_flags": [
          "acidic-soil-durability-testing",
          "fine-soil-plasticity-and-shrink-swell-tests",
          "granular-density-and-groundwater-tests"
        ],
        "lat": 9.61536252,
        "line": "line-3",
        "lon": -13.63799138,
        "sample_id": "segment:line-3-civil-021:0000",
        "scope_id": "line-3-civil-021",
        "scope_type": "civil_segment"
      },
      "type": "Feature"
    },
    {
      "geometry": {
        "coordinates": [
          -13.6380121,
          9.61590323
        ],
        "type": "Point"
      },
      "properties": {
        "chainage_m": 3384.0,
        "civil_class": "elevated",
        "investigation_flags": [
          "acidic-soil-durability-testing",
          "fine-soil-plasticity-and-shrink-swell-tests",
          "granular-density-and-groundwater-tests"
        ],
        "lat": 9.61590323,
        "line": "line-3",
        "lon": -13.6380121,
        "sample_id": "segment:line-3-civil-021:0001",
        "scope_id": "line-3-civil-021",
        "scope_type": "civil_segment"
      },
      "type": "Feature"
    },
    {
      "geometry": {
        "coordinates": [
          -13.63854341,
          9.61607819
        ],
        "type": "Point"
      },
      "properties": {
        "chainage_m": 3445.6,
        "civil_class": "elevated",
        "investigation_flags": [
          "acidic-soil-durability-testing",
          "fine-soil-plasticity-and-shrink-swell-tests",
          "granular-density-and-groundwater-tests"
        ],
        "lat": 9.61607819,
        "line": "line-3",
        "lon": -13.63854341,
        "sample_id": "segment:line-3-civil-021:0002",
        "scope_id": "line-3-civil-021",
        "scope_type": "civil_segment"
      },
      "type": "Feature"
    },
    {
      "geometry": {
        "coordinates": [
          -13.63854341,
          9.61607819
        ],
        "type": "Point"
      },
      "properties": {
        "chainage_m": 3445.6,
        "civil_class": "at-grade",
        "investigation_flags": [
          "acidic-soil-durability-testing",
          "fine-soil-plasticity-and-shrink-swell-tests",
          "granular-density-and-groundwater-tests"
        ],
        "lat": 9.61607819,
        "line": "line-3",
        "lon": -13.63854341,
        "sample_id": "segment:line-3-civil-022:0000",
        "scope_id": "line-3-civil-022",
        "scope_type": "civil_segment"
      },
      "type": "Feature"
    },
    {
      "geometry": {
        "coordinates": [
          -13.64689605,
          9.61560375
        ],
        "type": "Point"
      },
      "properties": {
        "chainage_m": 4446.897,
        "civil_class": "at-grade",
        "investigation_flags": [
          "acidic-soil-durability-testing",
          "fine-soil-plasticity-and-shrink-swell-tests",
          "granular-density-and-groundwater-tests",
          "organic-content-and-compressibility-tests"
        ],
        "lat": 9.61560375,
        "line": "line-3",
        "lon": -13.64689605,
        "sample_id": "segment:line-3-civil-022:0001",
        "scope_id": "line-3-civil-022",
        "scope_type": "civil_segment"
      },
      "type": "Feature"
    },
    {
      "geometry": {
        "coordinates": [
          -13.64817309,
          9.61465673
        ],
        "type": "Point"
      },
      "properties": {
        "chainage_m": 4624.25,
        "civil_class": "at-grade",
        "investigation_flags": [
          "acidic-soil-durability-testing",
          "fine-soil-plasticity-and-shrink-swell-tests",
          "granular-density-and-groundwater-tests",
          "silt-moisture-frost-and-erosion-review"
        ],
        "lat": 9.61465673,
        "line": "line-3",
        "lon": -13.64817309,
        "sample_id": "segment:line-3-civil-022:0002",
        "scope_id": "line-3-civil-022",
        "scope_type": "civil_segment"
      },
      "type": "Feature"
    },
    {
      "geometry": {
        "coordinates": [
          -13.65348619,
          9.60940816
        ],
        "type": "Point"
      },
      "properties": {
        "chainage_m": 5448.195,
        "civil_class": "at-grade",
        "investigation_flags": [
          "acidic-soil-durability-testing",
          "fine-soil-plasticity-and-shrink-swell-tests",
          "granular-density-and-groundwater-tests"
        ],
        "lat": 9.60940816,
        "line": "line-3",
        "lon": -13.65348619,
        "sample_id": "segment:line-3-civil-022:0003",
        "scope_id": "line-3-civil-022",
        "scope_type": "civil_segment"
      },
      "type": "Feature"
    },
    {
      "geometry": {
        "coordinates": [
          -13.65567139,
          9.60706528
        ],
        "type": "Point"
      },
      "properties": {
        "chainage_m": 5802.9,
        "civil_class": "at-grade",
        "investigation_flags": [
          "coverage-gap"
        ],
        "lat": 9.60706528,
        "line": "line-3",
        "lon": -13.65567139,
        "sample_id": "segment:line-3-civil-022:0004",
        "scope_id": "line-3-civil-022",
        "scope_type": "civil_segment"
      },
      "type": "Feature"
    },
    {
      "geometry": {
        "coordinates": [
          -13.65567139,
          9.60706528
        ],
        "type": "Point"
      },
      "properties": {
        "chainage_m": 5802.9,
        "civil_class": "elevated",
        "investigation_flags": [
          "coverage-gap"
        ],
        "lat": 9.60706528,
        "line": "line-3",
        "lon": -13.65567139,
        "sample_id": "segment:line-3-civil-023:0000",
        "scope_id": "line-3-civil-023",
        "scope_type": "civil_segment"
      },
      "type": "Feature"
    },
    {
      "geometry": {
        "coordinates": [
          -13.65894198,
          9.59911587
        ],
        "type": "Point"
      },
      "properties": {
        "chainage_m": 6805.929,
        "civil_class": "elevated",
        "investigation_flags": [
          "coverage-gap"
        ],
        "lat": 9.59911587,
        "line": "line-3",
        "lon": -13.65894198,
        "sample_id": "segment:line-3-civil-023:0001",
        "scope_id": "line-3-civil-023",
        "scope_type": "civil_segment"
      },
      "type": "Feature"
    },
    {
      "geometry": {
        "coordinates": [
          -13.65941817,
          9.59023074
        ],
        "type": "Point"
      },
      "properties": {
        "chainage_m": 7808.958,
        "civil_class": "elevated",
        "investigation_flags": [
          "coverage-gap"
        ],
        "lat": 9.59023074,
        "line": "line-3",
        "lon": -13.65941817,
        "sample_id": "segment:line-3-civil-023:0002",
        "scope_id": "line-3-civil-023",
        "scope_type": "civil_segment"
      },
      "type": "Feature"
    },
    {
      "geometry": {
        "coordinates": [
          -13.66586922,
          9.5838493
        ],
        "type": "Point"
      },
      "properties": {
        "chainage_m": 8811.986,
        "civil_class": "elevated",
        "investigation_flags": [
          "acidic-soil-durability-testing",
          "fine-soil-plasticity-and-shrink-swell-tests",
          "granular-density-and-groundwater-tests"
        ],
        "lat": 9.5838493,
        "line": "line-3",
        "lon": -13.66586922,
        "sample_id": "segment:line-3-civil-023:0003",
        "scope_id": "line-3-civil-023",
        "scope_type": "civil_segment"
      },
      "type": "Feature"
    },
    {
      "geometry": {
        "coordinates": [
          -13.6665935,
          9.57497627
        ],
        "type": "Point"
      },
      "properties": {
        "chainage_m": 9815.015,
        "civil_class": "elevated",
        "investigation_flags": [
          "coverage-gap"
        ],
        "lat": 9.57497627,
        "line": "line-3",
        "lon": -13.6665935,
        "sample_id": "segment:line-3-civil-023:0004",
        "scope_id": "line-3-civil-023",
        "scope_type": "civil_segment"
      },
      "type": "Feature"
    },
    {
      "geometry": {
        "coordinates": [
          -13.66927166,
          9.56699948
        ],
        "type": "Point"
      },
      "properties": {
        "chainage_m": 10818.044,
        "civil_class": "elevated",
        "investigation_flags": [
          "coverage-gap"
        ],
        "lat": 9.56699948,
        "line": "line-3",
        "lon": -13.66927166,
        "sample_id": "segment:line-3-civil-023:0005",
        "scope_id": "line-3-civil-023",
        "scope_type": "civil_segment"
      },
      "type": "Feature"
    },
    {
      "geometry": {
        "coordinates": [
          -13.67572795,
          9.56062162
        ],
        "type": "Point"
      },
      "properties": {
        "chainage_m": 11821.073,
        "civil_class": "elevated",
        "investigation_flags": [
          "coverage-gap"
        ],
        "lat": 9.56062162,
        "line": "line-3",
        "lon": -13.67572795,
        "sample_id": "segment:line-3-civil-023:0006",
        "scope_id": "line-3-civil-023",
        "scope_type": "civil_segment"
      },
      "type": "Feature"
    },
    {
      "geometry": {
        "coordinates": [
          -13.68208449,
          9.55416232
        ],
        "type": "Point"
      },
      "properties": {
        "chainage_m": 12824.102,
        "civil_class": "elevated",
        "investigation_flags": [
          "coverage-gap"
        ],
        "lat": 9.55416232,
        "line": "line-3",
        "lon": -13.68208449,
        "sample_id": "segment:line-3-civil-023:0007",
        "scope_id": "line-3-civil-023",
        "scope_type": "civil_segment"
      },
      "type": "Feature"
    },
    {
      "geometry": {
        "coordinates": [
          -13.68632348,
          9.54655546
        ],
        "type": "Point"
      },
      "properties": {
        "chainage_m": 13827.131,
        "civil_class": "elevated",
        "investigation_flags": [
          "coverage-gap"
        ],
        "lat": 9.54655546,
        "line": "line-3",
        "lon": -13.68632348,
        "sample_id": "segment:line-3-civil-023:0008",
        "scope_id": "line-3-civil-023",
        "scope_type": "civil_segment"
      },
      "type": "Feature"
    },
    {
      "geometry": {
        "coordinates": [
          -13.69277958,
          9.54017779
        ],
        "type": "Point"
      },
      "properties": {
        "chainage_m": 14830.159,
        "civil_class": "elevated",
        "investigation_flags": [
          "coverage-gap"
        ],
        "lat": 9.54017779,
        "line": "line-3",
        "lon": -13.69277958,
        "sample_id": "segment:line-3-civil-023:0009",
        "scope_id": "line-3-civil-023",
        "scope_type": "civil_segment"
      },
      "type": "Feature"
    },
    {
      "geometry": {
        "coordinates": [
          -13.69923562,
          9.53380017
        ],
        "type": "Point"
      },
      "properties": {
        "chainage_m": 15833.188,
        "civil_class": "elevated",
        "investigation_flags": [
          "coverage-gap"
        ],
        "lat": 9.53380017,
        "line": "line-3",
        "lon": -13.69923562,
        "sample_id": "segment:line-3-civil-023:0010",
        "scope_id": "line-3-civil-023",
        "scope_type": "civil_segment"
      },
      "type": "Feature"
    },
    {
      "geometry": {
        "coordinates": [
          -13.7056916,
          9.52742262
        ],
        "type": "Point"
      },
      "properties": {
        "chainage_m": 16836.217,
        "civil_class": "elevated",
        "investigation_flags": [
          "coverage-gap"
        ],
        "lat": 9.52742262,
        "line": "line-3",
        "lon": -13.7056916,
        "sample_id": "segment:line-3-civil-023:0011",
        "scope_id": "line-3-civil-023",
        "scope_type": "civil_segment"
      },
      "type": "Feature"
    },
    {
      "geometry": {
        "coordinates": [
          -13.71214751,
          9.52104512
        ],
        "type": "Point"
      },
      "properties": {
        "chainage_m": 17839.246,
        "civil_class": "elevated",
        "investigation_flags": [
          "acidic-soil-durability-testing",
          "fine-soil-plasticity-and-shrink-swell-tests",
          "granular-density-and-groundwater-tests"
        ],
        "lat": 9.52104512,
        "line": "line-3",
        "lon": -13.71214751,
        "sample_id": "segment:line-3-civil-023:0012",
        "scope_id": "line-3-civil-023",
        "scope_type": "civil_segment"
      },
      "type": "Feature"
    },
    {
      "geometry": {
        "coordinates": [
          -13.71744095,
          9.51473619
        ],
        "type": "Point"
      },
      "properties": {
        "chainage_m": 18842.275,
        "civil_class": "elevated",
        "investigation_flags": [
          "acidic-soil-durability-testing",
          "fine-soil-plasticity-and-shrink-swell-tests",
          "granular-density-and-groundwater-tests"
        ],
        "lat": 9.51473619,
        "line": "line-3",
        "lon": -13.71744095,
        "sample_id": "segment:line-3-civil-023:0013",
        "scope_id": "line-3-civil-023",
        "scope_type": "civil_segment"
      },
      "type": "Feature"
    },
    {
      "geometry": {
        "coordinates": [
          -13.7190223,
          9.50700411
        ],
        "type": "Point"
      },
      "properties": {
        "chainage_m": 19845.303,
        "civil_class": "elevated",
        "investigation_flags": [
          "acidic-soil-durability-testing",
          "fine-soil-plasticity-and-shrink-swell-tests",
          "granular-density-and-groundwater-tests"
        ],
        "lat": 9.50700411,
        "line": "line-3",
        "lon": -13.7190223,
        "sample_id": "segment:line-3-civil-023:0014",
        "scope_id": "line-3-civil-023",
        "scope_type": "civil_segment"
      },
      "type": "Feature"
    },
    {
      "geometry": {
        "coordinates": [
          -13.71736656,
          9.50663887
        ],
        "type": "Point"
      },
      "properties": {
        "chainage_m": 20034.2,
        "civil_class": "elevated",
        "investigation_flags": [
          "acidic-soil-durability-testing",
          "fine-soil-plasticity-and-shrink-swell-tests",
          "granular-density-and-groundwater-tests"
        ],
        "lat": 9.50663887,
        "line": "line-3",
        "lon": -13.71736656,
        "sample_id": "segment:line-3-civil-023:0015",
        "scope_id": "line-3-civil-023",
        "scope_type": "civil_segment"
      },
      "type": "Feature"
    },
    {
      "geometry": {
        "coordinates": [
          -13.71883748,
          9.50499633
        ],
        "type": "Point"
      },
      "properties": {
        "chainage_m": 20848.332,
        "civil_class": "elevated",
        "investigation_flags": [
          "acidic-soil-durability-testing",
          "fine-soil-plasticity-and-shrink-swell-tests",
          "granular-density-and-groundwater-tests"
        ],
        "lat": 9.50499633,
        "line": "line-3",
        "lon": -13.71883748,
        "sample_id": "segment:line-3-civil-023:0016",
        "scope_id": "line-3-civil-023",
        "scope_type": "civil_segment"
      },
      "type": "Feature"
    },
    {
      "geometry": {
        "coordinates": [
          -13.72079201,
          9.51304508
        ],
        "type": "Point"
      },
      "properties": {
        "chainage_m": 21851.361,
        "civil_class": "elevated",
        "investigation_flags": [
          "acidic-soil-durability-testing",
          "fine-soil-plasticity-and-shrink-swell-tests",
          "granular-density-and-groundwater-tests"
        ],
        "lat": 9.51304508,
        "line": "line-3",
        "lon": -13.72079201,
        "sample_id": "segment:line-3-civil-023:0017",
        "scope_id": "line-3-civil-023",
        "scope_type": "civil_segment"
      },
      "type": "Feature"
    },
    {
      "geometry": {
        "coordinates": [
          -13.71576991,
          9.52034618
        ],
        "type": "Point"
      },
      "properties": {
        "chainage_m": 22854.39,
        "civil_class": "elevated",
        "investigation_flags": [
          "coverage-gap"
        ],
        "lat": 9.52034618,
        "line": "line-3",
        "lon": -13.71576991,
        "sample_id": "segment:line-3-civil-023:0018",
        "scope_id": "line-3-civil-023",
        "scope_type": "civil_segment"
      },
      "type": "Feature"
    },
    {
      "geometry": {
        "coordinates": [
          -13.709314,
          9.52672368
        ],
        "type": "Point"
      },
      "properties": {
        "chainage_m": 23857.419,
        "civil_class": "elevated",
        "investigation_flags": [
          "coverage-gap"
        ],
        "lat": 9.52672368,
        "line": "line-3",
        "lon": -13.709314,
        "sample_id": "segment:line-3-civil-023:0019",
        "scope_id": "line-3-civil-023",
        "scope_type": "civil_segment"
      },
      "type": "Feature"
    },
    {
      "geometry": {
        "coordinates": [
          -13.70285803,
          9.53310123
        ],
        "type": "Point"
      },
      "properties": {
        "chainage_m": 24860.447,
        "civil_class": "elevated",
        "investigation_flags": [
          "coverage-gap"
        ],
        "lat": 9.53310123,
        "line": "line-3",
        "lon": -13.70285803,
        "sample_id": "segment:line-3-civil-023:0020",
        "scope_id": "line-3-civil-023",
        "scope_type": "civil_segment"
      },
      "type": "Feature"
    },
    {
      "geometry": {
        "coordinates": [
          -13.696402,
          9.53947883
        ],
        "type": "Point"
      },
      "properties": {
        "chainage_m": 25863.476,
        "civil_class": "elevated",
        "investigation_flags": [
          "coverage-gap"
        ],
        "lat": 9.53947883,
        "line": "line-3",
        "lon": -13.696402,
        "sample_id": "segment:line-3-civil-023:0021",
        "scope_id": "line-3-civil-023",
        "scope_type": "civil_segment"
      },
      "type": "Feature"
    },
    {
      "geometry": {
        "coordinates": [
          -13.68994591,
          9.5458565
        ],
        "type": "Point"
      },
      "properties": {
        "chainage_m": 26866.505,
        "civil_class": "elevated",
        "investigation_flags": [
          "coverage-gap"
        ],
        "lat": 9.5458565,
        "line": "line-3",
        "lon": -13.68994591,
        "sample_id": "segment:line-3-civil-023:0022",
        "scope_id": "line-3-civil-023",
        "scope_type": "civil_segment"
      },
      "type": "Feature"
    },
    {
      "geometry": {
        "coordinates": [
          -13.68465466,
          9.55296056
        ],
        "type": "Point"
      },
      "properties": {
        "chainage_m": 27869.534,
        "civil_class": "elevated",
        "investigation_flags": [
          "coverage-gap"
        ],
        "lat": 9.55296056,
        "line": "line-3",
        "lon": -13.68465466,
        "sample_id": "segment:line-3-civil-023:0023",
        "scope_id": "line-3-civil-023",
        "scope_type": "civil_segment"
      },
      "type": "Feature"
    },
    {
      "geometry": {
        "coordinates": [
          -13.67877869,
          9.55976753
        ],
        "type": "Point"
      },
      "properties": {
        "chainage_m": 28872.563,
        "civil_class": "elevated",
        "investigation_flags": [
          "coverage-gap"
        ],
        "lat": 9.55976753,
        "line": "line-3",
        "lon": -13.67877869,
        "sample_id": "segment:line-3-civil-023:0024",
        "scope_id": "line-3-civil-023",
        "scope_type": "civil_segment"
      },
      "type": "Feature"
    },
    {
      "geometry": {
        "coordinates": [
          -13.67232241,
          9.56614538
        ],
        "type": "Point"
      },
      "properties": {
        "chainage_m": 29875.592,
        "civil_class": "elevated",
        "investigation_flags": [
          "coverage-gap"
        ],
        "lat": 9.56614538,
        "line": "line-3",
        "lon": -13.67232241,
        "sample_id": "segment:line-3-civil-023:0025",
        "scope_id": "line-3-civil-023",
        "scope_type": "civil_segment"
      },
      "type": "Feature"
    },
    {
      "geometry": {
        "coordinates": [
          -13.66823311,
          9.57354537
        ],
        "type": "Point"
      },
      "properties": {
        "chainage_m": 30878.62,
        "civil_class": "elevated",
        "investigation_flags": [
          "coverage-gap"
        ],
        "lat": 9.57354537,
        "line": "line-3",
        "lon": -13.66823311,
        "sample_id": "segment:line-3-civil-023:0026",
        "scope_id": "line-3-civil-023",
        "scope_type": "civil_segment"
      },
      "type": "Feature"
    },
    {
      "geometry": {
        "coordinates": [
          -13.66800794,
          9.58255012
        ],
        "type": "Point"
      },
      "properties": {
        "chainage_m": 31881.649,
        "civil_class": "elevated",
        "investigation_flags": [
          "coverage-gap"
        ],
        "lat": 9.58255012,
        "line": "line-3",
        "lon": -13.66800794,
        "sample_id": "segment:line-3-civil-023:0027",
        "scope_id": "line-3-civil-023",
        "scope_type": "civil_segment"
      },
      "type": "Feature"
    },
    {
      "geometry": {
        "coordinates": [
          -13.66237112,
          9.58947326
        ],
        "type": "Point"
      },
      "properties": {
        "chainage_m": 32884.678,
        "civil_class": "elevated",
        "investigation_flags": [
          "coverage-gap"
        ],
        "lat": 9.58947326,
        "line": "line-3",
        "lon": -13.66237112,
        "sample_id": "segment:line-3-civil-023:0028",
        "scope_id": "line-3-civil-023",
        "scope_type": "civil_segment"
      },
      "type": "Feature"
    },
    {
      "geometry": {
        "coordinates": [
          -13.6603271,
          9.59766556
        ],
        "type": "Point"
      },
      "properties": {
        "chainage_m": 33887.707,
        "civil_class": "elevated",
        "investigation_flags": [
          "coverage-gap"
        ],
        "lat": 9.59766556,
        "line": "line-3",
        "lon": -13.6603271,
        "sample_id": "segment:line-3-civil-023:0029",
        "scope_id": "line-3-civil-023",
        "scope_type": "civil_segment"
      },
      "type": "Feature"
    },
    {
      "geometry": {
        "coordinates": [
          -13.65693801,
          9.59789979
        ],
        "type": "Point"
      },
      "properties": {
        "chainage_m": 34265.5,
        "civil_class": "elevated",
        "investigation_flags": [
          "acidic-soil-durability-testing",
          "fine-soil-plasticity-and-shrink-swell-tests",
          "granular-density-and-groundwater-tests"
        ],
        "lat": 9.59789979,
        "line": "line-3",
        "lon": -13.65693801,
        "sample_id": "segment:line-3-civil-023:0030",
        "scope_id": "line-3-civil-023",
        "scope_type": "civil_segment"
      },
      "type": "Feature"
    },
    {
      "geometry": {
        "coordinates": [
          -13.55637514,
          9.6457708
        ],
        "type": "Point"
      },
      "properties": {
        "chainage_m": 0.0,
        "civil_class": "station",
        "investigation_flags": [
          "acidic-soil-durability-testing",
          "fine-soil-plasticity-and-shrink-swell-tests",
          "granular-density-and-groundwater-tests"
        ],
        "lat": 9.6457708,
        "line": "line-1",
        "lon": -13.55637514,
        "sample_id": "station:line-1-0023-1227-s000000",
        "scope_id": "line-1-0023-1227-s000000",
        "scope_type": "station"
      },
      "type": "Feature"
    },
    {
      "geometry": {
        "coordinates": [
          -13.58661687,
          9.61643631
        ],
        "type": "Point"
      },
      "properties": {
        "chainage_m": 5429.0,
        "civil_class": "station",
        "investigation_flags": [
          "acidic-soil-durability-testing",
          "fine-soil-plasticity-and-shrink-swell-tests",
          "granular-density-and-groundwater-tests"
        ],
        "lat": 9.61643631,
        "line": "line-1",
        "lon": -13.58661687,
        "sample_id": "station:line-1-0186-1061-s005429",
        "scope_id": "line-1-0186-1061-s005429",
        "scope_type": "station"
      },
      "type": "Feature"
    },
    {
      "geometry": {
        "coordinates": [
          -13.62050219,
          9.58638196
        ],
        "type": "Point"
      },
      "properties": {
        "chainage_m": 10893.6,
        "civil_class": "station",
        "investigation_flags": [
          "acidic-soil-durability-testing",
          "fine-soil-plasticity-and-shrink-swell-tests",
          "granular-density-and-groundwater-tests"
        ],
        "lat": 9.58638196,
        "line": "line-1",
        "lon": -13.62050219,
        "sample_id": "station:line-1-0353-0875-s010894",
        "scope_id": "line-1-0353-0875-s010894",
        "scope_type": "station"
      },
      "type": "Feature"
    },
    {
      "geometry": {
        "coordinates": [
          -13.63817356,
          9.57000504
        ],
        "type": "Point"
      },
      "properties": {
        "chainage_m": 13903.8,
        "civil_class": "station",
        "investigation_flags": [
          "acidic-soil-durability-testing",
          "fine-soil-plasticity-and-shrink-swell-tests",
          "granular-density-and-groundwater-tests",
          "silt-moisture-frost-and-erosion-review"
        ],
        "lat": 9.57000504,
        "line": "line-1",
        "lon": -13.63817356,
        "sample_id": "station:line-1-0444-0778-s013904",
        "scope_id": "line-1-0444-0778-s013904",
        "scope_type": "station"
      },
      "type": "Feature"
    },
    {
      "geometry": {
        "coordinates": [
          -13.65584493,
          9.55344815
        ],
        "type": "Point"
      },
      "properties": {
        "chainage_m": 16910.6,
        "civil_class": "station",
        "investigation_flags": [
          "acidic-soil-durability-testing",
          "fine-soil-plasticity-and-shrink-swell-tests",
          "granular-density-and-groundwater-tests"
        ],
        "lat": 9.55344815,
        "line": "line-1",
        "lon": -13.65584493,
        "sample_id": "station:line-1-0536-0681-s016911",
        "scope_id": "line-1-0536-0681-s016911",
        "scope_type": "station"
      },
      "type": "Feature"
    },
    {
      "geometry": {
        "coordinates": [
          -13.67351631,
          9.5367113
        ],
        "type": "Point"
      },
      "properties": {
        "chainage_m": 19913.9,
        "civil_class": "station",
        "investigation_flags": [
          "acidic-soil-durability-testing",
          "fine-soil-plasticity-and-shrink-swell-tests",
          "granular-density-and-groundwater-tests"
        ],
        "lat": 9.5367113,
        "line": "line-1",
        "lon": -13.67351631,
        "sample_id": "station:line-1-0629-0584-s019914",
        "scope_id": "line-1-0629-0584-s019914",
        "scope_type": "station"
      },
      "type": "Feature"
    },
    {
      "geometry": {
        "coordinates": [
          -13.70466894,
          9.50773675
        ],
        "type": "Point"
      },
      "properties": {
        "chainage_m": 25183.2,
        "civil_class": "station",
        "investigation_flags": [
          "acidic-soil-durability-testing",
          "fine-soil-plasticity-and-shrink-swell-tests",
          "granular-density-and-groundwater-tests",
          "organic-content-and-compressibility-tests"
        ],
        "lat": 9.50773675,
        "line": "line-1",
        "lon": -13.70466894,
        "sample_id": "station:line-1-0790-0413-s025183",
        "scope_id": "line-1-0790-0413-s025183",
        "scope_type": "station"
      },
      "type": "Feature"
    },
    {
      "geometry": {
        "coordinates": [
          -13.61139323,
          9.63893208
        ],
        "type": "Point"
      },
      "properties": {
        "chainage_m": 16962.7,
        "civil_class": "station",
        "investigation_flags": [
          "acidic-soil-durability-testing",
          "fine-soil-plasticity-and-shrink-swell-tests",
          "granular-density-and-groundwater-tests"
        ],
        "lat": 9.63893208,
        "line": "line-2",
        "lon": -13.61139323,
        "sample_id": "station:line-2-0061-0925-s016963",
        "scope_id": "line-2-0061-0925-s016963",
        "scope_type": "station"
      },
      "type": "Feature"
    },
    {
      "geometry": {
        "coordinates": [
          -13.63033986,
          9.61697621
        ],
        "type": "Point"
      },
      "properties": {
        "chainage_m": 12288.9,
        "civil_class": "station",
        "investigation_flags": [
          "acidic-soil-durability-testing",
          "fine-soil-plasticity-and-shrink-swell-tests",
          "granular-density-and-groundwater-tests"
        ],
        "lat": 9.61697621,
        "line": "line-2",
        "lon": -13.63033986,
        "sample_id": "station:line-2-0183-0821-s012289",
        "scope_id": "line-2-0183-0821-s012289",
        "scope_type": "station"
      },
      "type": "Feature"
    },
    {
      "geometry": {
        "coordinates": [
          -13.6465538,
          9.58836159
        ],
        "type": "Point"
      },
      "properties": {
        "chainage_m": 7635.8,
        "civil_class": "station",
        "investigation_flags": [
          "acidic-soil-durability-testing",
          "fine-soil-plasticity-and-shrink-swell-tests",
          "granular-density-and-groundwater-tests"
        ],
        "lat": 9.58836159,
        "line": "line-2",
        "lon": -13.6465538,
        "sample_id": "station:line-2-0342-0732-s007636",
        "scope_id": "line-2-0342-0732-s007636",
        "scope_type": "station"
      },
      "type": "Feature"
    },
    {
      "geometry": {
        "coordinates": [
          -13.65912416,
          9.56730555
        ],
        "type": "Point"
      },
      "properties": {
        "chainage_m": 4618.7,
        "civil_class": "station",
        "investigation_flags": [
          "acidic-soil-durability-testing",
          "fine-soil-plasticity-and-shrink-swell-tests",
          "granular-density-and-groundwater-tests"
        ],
        "lat": 9.56730555,
        "line": "line-2",
        "lon": -13.65912416,
        "sample_id": "station:line-2-0459-0663-s004619",
        "scope_id": "line-2-0459-0663-s004619",
        "scope_type": "station"
      },
      "type": "Feature"
    },
    {
      "geometry": {
        "coordinates": [
          -13.6718767,
          9.54642947
        ],
        "type": "Point"
      },
      "properties": {
        "chainage_m": 1613.4,
        "civil_class": "station",
        "investigation_flags": [
          "acidic-soil-durability-testing",
          "fine-soil-plasticity-and-shrink-swell-tests",
          "granular-density-and-groundwater-tests"
        ],
        "lat": 9.54642947,
        "line": "line-2",
        "lon": -13.6718767,
        "sample_id": "station:line-2-0575-0593-s001613",
        "scope_id": "line-2-0575-0593-s001613",
        "scope_type": "station"
      },
      "type": "Feature"
    },
    {
      "geometry": {
        "coordinates": [
          -13.67861732,
          9.5350916
        ],
        "type": "Point"
      },
      "properties": {
        "chainage_m": 0.0,
        "civil_class": "station",
        "investigation_flags": [
          "acidic-soil-durability-testing",
          "fine-soil-plasticity-and-shrink-swell-tests",
          "granular-density-and-groundwater-tests"
        ],
        "lat": 9.5350916,
        "line": "line-2",
        "lon": -13.67861732,
        "sample_id": "station:line-2-0638-0556-s000000",
        "scope_id": "line-2-0638-0556-s000000",
        "scope_type": "station"
      },
      "type": "Feature"
    },
    {
      "geometry": {
        "coordinates": [
          -13.65894198,
          9.59897959
        ],
        "type": "Point"
      },
      "properties": {
        "chainage_m": 6823.5,
        "civil_class": "station",
        "investigation_flags": [
          "coverage-gap"
        ],
        "lat": 9.59897959,
        "line": "line-3",
        "lon": -13.65894198,
        "sample_id": "station:line-3-0283-0664-s006824",
        "scope_id": "line-3-0283-0664-s006824",
        "scope_type": "station"
      },
      "type": "Feature"
    },
    {
      "geometry": {
        "coordinates": [
          -13.65693801,
          9.59789979
        ],
        "type": "Point"
      },
      "properties": {
        "chainage_m": 0.0,
        "civil_class": "station",
        "investigation_flags": [
          "acidic-soil-durability-testing",
          "fine-soil-plasticity-and-shrink-swell-tests",
          "granular-density-and-groundwater-tests"
        ],
        "lat": 9.59789979,
        "line": "line-3",
        "lon": -13.65693801,
        "sample_id": "station:line-3-0289-0675-s000000",
        "scope_id": "line-3-0289-0675-s000000",
        "scope_type": "station"
      },
      "type": "Feature"
    },
    {
      "geometry": {
        "coordinates": [
          -13.66240338,
          9.58944139
        ],
        "type": "Point"
      },
      "properties": {
        "chainage_m": 32879.7,
        "civil_class": "station",
        "investigation_flags": [
          "coverage-gap"
        ],
        "lat": 9.58944139,
        "line": "line-3",
        "lon": -13.66240338,
        "sample_id": "station:line-3-0336-0645-s032880",
        "scope_id": "line-3-0336-0645-s032880",
        "scope_type": "station"
      },
      "type": "Feature"
    },
    {
      "geometry": {
        "coordinates": [
          -13.6665935,
          9.56982507
        ],
        "type": "Point"
      },
      "properties": {
        "chainage_m": 10392.5,
        "civil_class": "station",
        "investigation_flags": [
          "coverage-gap"
        ],
        "lat": 9.56982507,
        "line": "line-3",
        "lon": -13.6665935,
        "sample_id": "station:line-3-0445-0622-s010392",
        "scope_id": "line-3-0445-0622-s010392",
        "scope_type": "station"
      },
      "type": "Feature"
    },
    {
      "geometry": {
        "coordinates": [
          -13.6840827,
          9.54930893
        ],
        "type": "Point"
      },
      "properties": {
        "chainage_m": 13424.1,
        "civil_class": "station",
        "investigation_flags": [
          "coverage-gap"
        ],
        "lat": 9.54930893,
        "line": "line-3",
        "lon": -13.6840827,
        "sample_id": "station:line-3-0559-0526-s013424",
        "scope_id": "line-3-0559-0526-s013424",
        "scope_type": "station"
      },
      "type": "Feature"
    },
    {
      "geometry": {
        "coordinates": [
          -13.68736192,
          9.5484091
        ],
        "type": "Point"
      },
      "properties": {
        "chainage_m": 27267.0,
        "civil_class": "station",
        "investigation_flags": [
          "coverage-gap"
        ],
        "lat": 9.5484091,
        "line": "line-3",
        "lon": -13.68736192,
        "sample_id": "station:line-3-0564-0508-s027267",
        "scope_id": "line-3-0564-0508-s027267",
        "scope_type": "station"
      },
      "type": "Feature"
    },
    {
      "geometry": {
        "coordinates": [
          -13.70649073,
          9.52663319
        ],
        "type": "Point"
      },
      "properties": {
        "chainage_m": 16963.1,
        "civil_class": "station",
        "investigation_flags": [
          "coverage-gap"
        ],
        "lat": 9.52663319,
        "line": "line-3",
        "lon": -13.70649073,
        "sample_id": "station:line-3-0685-0403-s016963",
        "scope_id": "line-3-0685-0403-s016963",
        "scope_type": "station"
      },
      "type": "Feature"
    },
    {
      "geometry": {
        "coordinates": [
          -13.71596404,
          9.50395746
        ],
        "type": "Point"
      },
      "properties": {
        "chainage_m": 20449.3,
        "civil_class": "station",
        "investigation_flags": [
          "acidic-soil-durability-testing",
          "fine-soil-plasticity-and-shrink-swell-tests",
          "granular-density-and-groundwater-tests"
        ],
        "lat": 9.50395746,
        "line": "line-3",
        "lon": -13.71596404,
        "sample_id": "station:line-3-0811-0351-s020449",
        "scope_id": "line-3-0811-0351-s020449",
        "scope_type": "station"
      },
      "type": "Feature"
    }
  ],
  "type": "FeatureCollection"
}
