asset_id,source_id,asset_type,subtype,name,line,parent_asset,station,km_start,km_end,location,criticality,product_family
BEN-SYS-001,benin-city,system,whole railway,Benin City railway system,,,,,,"6.1909,5.4587 to 6.4791,5.7487",system,
BEN-RS-L1-001,line-1-001,rolling-stock,revenue,line-1 trainset 001,line-1,BEN-SYS-001,,,,fleet,service,metro-4car
BEN-RS-L1-002,line-1-002,rolling-stock,revenue,line-1 trainset 002,line-1,BEN-SYS-001,,,,fleet,service,metro-4car
BEN-RS-L1-003,line-1-003,rolling-stock,revenue,line-1 trainset 003,line-1,BEN-SYS-001,,,,fleet,service,metro-4car
BEN-RS-L1-004,line-1-004,rolling-stock,revenue,line-1 trainset 004,line-1,BEN-SYS-001,,,,fleet,service,metro-4car
BEN-RS-L1-005,line-1-005,rolling-stock,revenue,line-1 trainset 005,line-1,BEN-SYS-001,,,,fleet,service,metro-4car
BEN-RS-L1-006,line-1-006,rolling-stock,revenue,line-1 trainset 006,line-1,BEN-SYS-001,,,,fleet,service,metro-4car
BEN-RS-L1-007,line-1-007,rolling-stock,revenue,line-1 trainset 007,line-1,BEN-SYS-001,,,,fleet,service,metro-4car
BEN-RS-L1-008,line-1-008,rolling-stock,revenue,line-1 trainset 008,line-1,BEN-SYS-001,,,,fleet,service,metro-4car
BEN-RS-L1-009,line-1-009,rolling-stock,revenue,line-1 trainset 009,line-1,BEN-SYS-001,,,,fleet,service,metro-4car
BEN-RS-L1-010,line-1-010,rolling-stock,revenue,line-1 trainset 010,line-1,BEN-SYS-001,,,,fleet,service,metro-4car
BEN-RS-L1-011,line-1-011,rolling-stock,revenue,line-1 trainset 011,line-1,BEN-SYS-001,,,,fleet,service,metro-4car
BEN-RS-L1-012,line-1-012,rolling-stock,revenue,line-1 trainset 012,line-1,BEN-SYS-001,,,,fleet,service,metro-4car
BEN-RS-L1-013,line-1-013,rolling-stock,revenue,line-1 trainset 013,line-1,BEN-SYS-001,,,,fleet,service,metro-4car
BEN-RS-L1-014,line-1-014,rolling-stock,revenue,line-1 trainset 014,line-1,BEN-SYS-001,,,,fleet,service,metro-4car
BEN-RS-L1-015,line-1-015,rolling-stock,revenue,line-1 trainset 015,line-1,BEN-SYS-001,,,,fleet,service,metro-4car
BEN-RS-L1-016,line-1-016,rolling-stock,revenue,line-1 trainset 016,line-1,BEN-SYS-001,,,,fleet,service,metro-4car
BEN-RS-L1-017,line-1-017,rolling-stock,revenue,line-1 trainset 017,line-1,BEN-SYS-001,,,,fleet,service,metro-4car
BEN-RS-L1-018,line-1-018,rolling-stock,revenue,line-1 trainset 018,line-1,BEN-SYS-001,,,,fleet,service,metro-4car
BEN-RS-L1-019,line-1-019,rolling-stock,revenue,line-1 trainset 019,line-1,BEN-SYS-001,,,,fleet,service,metro-4car
BEN-RS-L1-020,line-1-020,rolling-stock,revenue,line-1 trainset 020,line-1,BEN-SYS-001,,,,fleet,service,metro-4car
BEN-RS-L1-021,line-1-021,rolling-stock,revenue,line-1 trainset 021,line-1,BEN-SYS-001,,,,fleet,service,metro-4car
BEN-RS-L1-022,line-1-022,rolling-stock,revenue,line-1 trainset 022,line-1,BEN-SYS-001,,,,fleet,service,metro-4car
BEN-RS-L1-023,line-1-023,rolling-stock,revenue,line-1 trainset 023,line-1,BEN-SYS-001,,,,fleet,service,metro-4car
BEN-RS-L1-024,line-1-024,rolling-stock,revenue,line-1 trainset 024,line-1,BEN-SYS-001,,,,fleet,service,metro-4car
BEN-RS-L1-025,line-1-025,rolling-stock,revenue,line-1 trainset 025,line-1,BEN-SYS-001,,,,fleet,service,metro-4car
BEN-RS-L1-026,line-1-026,rolling-stock,revenue,line-1 trainset 026,line-1,BEN-SYS-001,,,,fleet,service,metro-4car
BEN-RS-L1-027,line-1-027,rolling-stock,revenue,line-1 trainset 027,line-1,BEN-SYS-001,,,,fleet,service,metro-4car
BEN-RS-L1-028,line-1-028,rolling-stock,revenue,line-1 trainset 028,line-1,BEN-SYS-001,,,,fleet,service,metro-4car
BEN-RS-L1-029,line-1-029,rolling-stock,revenue,line-1 trainset 029,line-1,BEN-SYS-001,,,,fleet,service,metro-4car
BEN-RS-L1-030,line-1-030,rolling-stock,revenue,line-1 trainset 030,line-1,BEN-SYS-001,,,,fleet,service,metro-4car
BEN-RS-L1-031,line-1-031,rolling-stock,revenue,line-1 trainset 031,line-1,BEN-SYS-001,,,,fleet,service,metro-4car
BEN-RS-L1-032,line-1-032,rolling-stock,spare,line-1 trainset 032,line-1,BEN-SYS-001,,,,fleet,service,metro-4car
BEN-RS-L1-033,line-1-033,rolling-stock,spare,line-1 trainset 033,line-1,BEN-SYS-001,,,,fleet,service,metro-4car
BEN-RS-L1-034,line-1-034,rolling-stock,spare,line-1 trainset 034,line-1,BEN-SYS-001,,,,fleet,service,metro-4car
BEN-RS-L1-035,line-1-035,rolling-stock,cold-reserve,line-1 trainset 035,line-1,BEN-SYS-001,,,,fleet,service,metro-4car
BEN-RS-L2-001,line-2-001,rolling-stock,revenue,line-2 trainset 001,line-2,BEN-SYS-001,,,,fleet,service,metro-4car
BEN-RS-L2-002,line-2-002,rolling-stock,revenue,line-2 trainset 002,line-2,BEN-SYS-001,,,,fleet,service,metro-4car
BEN-RS-L2-003,line-2-003,rolling-stock,revenue,line-2 trainset 003,line-2,BEN-SYS-001,,,,fleet,service,metro-4car
BEN-RS-L2-004,line-2-004,rolling-stock,revenue,line-2 trainset 004,line-2,BEN-SYS-001,,,,fleet,service,metro-4car
BEN-RS-L2-005,line-2-005,rolling-stock,revenue,line-2 trainset 005,line-2,BEN-SYS-001,,,,fleet,service,metro-4car
BEN-RS-L2-006,line-2-006,rolling-stock,revenue,line-2 trainset 006,line-2,BEN-SYS-001,,,,fleet,service,metro-4car
BEN-RS-L2-007,line-2-007,rolling-stock,revenue,line-2 trainset 007,line-2,BEN-SYS-001,,,,fleet,service,metro-4car
BEN-RS-L2-008,line-2-008,rolling-stock,revenue,line-2 trainset 008,line-2,BEN-SYS-001,,,,fleet,service,metro-4car
BEN-RS-L2-009,line-2-009,rolling-stock,revenue,line-2 trainset 009,line-2,BEN-SYS-001,,,,fleet,service,metro-4car
BEN-RS-L2-010,line-2-010,rolling-stock,revenue,line-2 trainset 010,line-2,BEN-SYS-001,,,,fleet,service,metro-4car
BEN-RS-L2-011,line-2-011,rolling-stock,revenue,line-2 trainset 011,line-2,BEN-SYS-001,,,,fleet,service,metro-4car
BEN-RS-L2-012,line-2-012,rolling-stock,revenue,line-2 trainset 012,line-2,BEN-SYS-001,,,,fleet,service,metro-4car
BEN-RS-L2-013,line-2-013,rolling-stock,revenue,line-2 trainset 013,line-2,BEN-SYS-001,,,,fleet,service,metro-4car
BEN-RS-L2-014,line-2-014,rolling-stock,revenue,line-2 trainset 014,line-2,BEN-SYS-001,,,,fleet,service,metro-4car
BEN-RS-L2-015,line-2-015,rolling-stock,revenue,line-2 trainset 015,line-2,BEN-SYS-001,,,,fleet,service,metro-4car
BEN-RS-L2-016,line-2-016,rolling-stock,revenue,line-2 trainset 016,line-2,BEN-SYS-001,,,,fleet,service,metro-4car
BEN-RS-L2-017,line-2-017,rolling-stock,revenue,line-2 trainset 017,line-2,BEN-SYS-001,,,,fleet,service,metro-4car
BEN-RS-L2-018,line-2-018,rolling-stock,revenue,line-2 trainset 018,line-2,BEN-SYS-001,,,,fleet,service,metro-4car
BEN-RS-L2-019,line-2-019,rolling-stock,revenue,line-2 trainset 019,line-2,BEN-SYS-001,,,,fleet,service,metro-4car
BEN-RS-L2-020,line-2-020,rolling-stock,revenue,line-2 trainset 020,line-2,BEN-SYS-001,,,,fleet,service,metro-4car
BEN-RS-L2-021,line-2-021,rolling-stock,revenue,line-2 trainset 021,line-2,BEN-SYS-001,,,,fleet,service,metro-4car
BEN-RS-L2-022,line-2-022,rolling-stock,revenue,line-2 trainset 022,line-2,BEN-SYS-001,,,,fleet,service,metro-4car
BEN-RS-L2-023,line-2-023,rolling-stock,revenue,line-2 trainset 023,line-2,BEN-SYS-001,,,,fleet,service,metro-4car
BEN-RS-L2-024,line-2-024,rolling-stock,revenue,line-2 trainset 024,line-2,BEN-SYS-001,,,,fleet,service,metro-4car
BEN-RS-L2-025,line-2-025,rolling-stock,revenue,line-2 trainset 025,line-2,BEN-SYS-001,,,,fleet,service,metro-4car
BEN-RS-L2-026,line-2-026,rolling-stock,revenue,line-2 trainset 026,line-2,BEN-SYS-001,,,,fleet,service,metro-4car
BEN-RS-L2-027,line-2-027,rolling-stock,revenue,line-2 trainset 027,line-2,BEN-SYS-001,,,,fleet,service,metro-4car
BEN-RS-L2-028,line-2-028,rolling-stock,revenue,line-2 trainset 028,line-2,BEN-SYS-001,,,,fleet,service,metro-4car
BEN-RS-L2-029,line-2-029,rolling-stock,revenue,line-2 trainset 029,line-2,BEN-SYS-001,,,,fleet,service,metro-4car
BEN-RS-L2-030,line-2-030,rolling-stock,revenue,line-2 trainset 030,line-2,BEN-SYS-001,,,,fleet,service,metro-4car
BEN-RS-L2-031,line-2-031,rolling-stock,revenue,line-2 trainset 031,line-2,BEN-SYS-001,,,,fleet,service,metro-4car
BEN-RS-L2-032,line-2-032,rolling-stock,revenue,line-2 trainset 032,line-2,BEN-SYS-001,,,,fleet,service,metro-4car
BEN-RS-L2-033,line-2-033,rolling-stock,revenue,line-2 trainset 033,line-2,BEN-SYS-001,,,,fleet,service,metro-4car
BEN-RS-L2-034,line-2-034,rolling-stock,revenue,line-2 trainset 034,line-2,BEN-SYS-001,,,,fleet,service,metro-4car
BEN-RS-L2-035,line-2-035,rolling-stock,revenue,line-2 trainset 035,line-2,BEN-SYS-001,,,,fleet,service,metro-4car
BEN-RS-L2-036,line-2-036,rolling-stock,revenue,line-2 trainset 036,line-2,BEN-SYS-001,,,,fleet,service,metro-4car
BEN-RS-L2-037,line-2-037,rolling-stock,revenue,line-2 trainset 037,line-2,BEN-SYS-001,,,,fleet,service,metro-4car
BEN-RS-L2-038,line-2-038,rolling-stock,revenue,line-2 trainset 038,line-2,BEN-SYS-001,,,,fleet,service,metro-4car
BEN-RS-L2-039,line-2-039,rolling-stock,revenue,line-2 trainset 039,line-2,BEN-SYS-001,,,,fleet,service,metro-4car
BEN-RS-L2-040,line-2-040,rolling-stock,revenue,line-2 trainset 040,line-2,BEN-SYS-001,,,,fleet,service,metro-4car
BEN-RS-L2-041,line-2-041,rolling-stock,revenue,line-2 trainset 041,line-2,BEN-SYS-001,,,,fleet,service,metro-4car
BEN-RS-L2-042,line-2-042,rolling-stock,revenue,line-2 trainset 042,line-2,BEN-SYS-001,,,,fleet,service,metro-4car
BEN-RS-L2-043,line-2-043,rolling-stock,revenue,line-2 trainset 043,line-2,BEN-SYS-001,,,,fleet,service,metro-4car
BEN-RS-L2-044,line-2-044,rolling-stock,revenue,line-2 trainset 044,line-2,BEN-SYS-001,,,,fleet,service,metro-4car
BEN-RS-L2-045,line-2-045,rolling-stock,revenue,line-2 trainset 045,line-2,BEN-SYS-001,,,,fleet,service,metro-4car
BEN-RS-L2-046,line-2-046,rolling-stock,revenue,line-2 trainset 046,line-2,BEN-SYS-001,,,,fleet,service,metro-4car
BEN-RS-L2-047,line-2-047,rolling-stock,spare,line-2 trainset 047,line-2,BEN-SYS-001,,,,fleet,service,metro-4car
BEN-RS-L2-048,line-2-048,rolling-stock,spare,line-2 trainset 048,line-2,BEN-SYS-001,,,,fleet,service,metro-4car
BEN-RS-L2-049,line-2-049,rolling-stock,spare,line-2 trainset 049,line-2,BEN-SYS-001,,,,fleet,service,metro-4car
BEN-RS-L2-050,line-2-050,rolling-stock,spare,line-2 trainset 050,line-2,BEN-SYS-001,,,,fleet,service,metro-4car
BEN-RS-L2-051,line-2-051,rolling-stock,cold-reserve,line-2 trainset 051,line-2,BEN-SYS-001,,,,fleet,service,metro-4car
BEN-RS-L3-001,line-3-001,rolling-stock,revenue,line-3 trainset 001,line-3,BEN-SYS-001,,,,fleet,service,metro-4car
BEN-RS-L3-002,line-3-002,rolling-stock,revenue,line-3 trainset 002,line-3,BEN-SYS-001,,,,fleet,service,metro-4car
BEN-RS-L3-003,line-3-003,rolling-stock,revenue,line-3 trainset 003,line-3,BEN-SYS-001,,,,fleet,service,metro-4car
BEN-RS-L3-004,line-3-004,rolling-stock,revenue,line-3 trainset 004,line-3,BEN-SYS-001,,,,fleet,service,metro-4car
BEN-RS-L3-005,line-3-005,rolling-stock,revenue,line-3 trainset 005,line-3,BEN-SYS-001,,,,fleet,service,metro-4car
BEN-RS-L3-006,line-3-006,rolling-stock,revenue,line-3 trainset 006,line-3,BEN-SYS-001,,,,fleet,service,metro-4car
BEN-RS-L3-007,line-3-007,rolling-stock,revenue,line-3 trainset 007,line-3,BEN-SYS-001,,,,fleet,service,metro-4car
BEN-RS-L3-008,line-3-008,rolling-stock,revenue,line-3 trainset 008,line-3,BEN-SYS-001,,,,fleet,service,metro-4car
BEN-RS-L3-009,line-3-009,rolling-stock,revenue,line-3 trainset 009,line-3,BEN-SYS-001,,,,fleet,service,metro-4car
BEN-RS-L3-010,line-3-010,rolling-stock,revenue,line-3 trainset 010,line-3,BEN-SYS-001,,,,fleet,service,metro-4car
BEN-RS-L3-011,line-3-011,rolling-stock,revenue,line-3 trainset 011,line-3,BEN-SYS-001,,,,fleet,service,metro-4car
BEN-RS-L3-012,line-3-012,rolling-stock,revenue,line-3 trainset 012,line-3,BEN-SYS-001,,,,fleet,service,metro-4car
BEN-RS-L3-013,line-3-013,rolling-stock,revenue,line-3 trainset 013,line-3,BEN-SYS-001,,,,fleet,service,metro-4car
BEN-RS-L3-014,line-3-014,rolling-stock,revenue,line-3 trainset 014,line-3,BEN-SYS-001,,,,fleet,service,metro-4car
BEN-RS-L3-015,line-3-015,rolling-stock,revenue,line-3 trainset 015,line-3,BEN-SYS-001,,,,fleet,service,metro-4car
BEN-RS-L3-016,line-3-016,rolling-stock,revenue,line-3 trainset 016,line-3,BEN-SYS-001,,,,fleet,service,metro-4car
BEN-RS-L3-017,line-3-017,rolling-stock,revenue,line-3 trainset 017,line-3,BEN-SYS-001,,,,fleet,service,metro-4car
BEN-RS-L3-018,line-3-018,rolling-stock,revenue,line-3 trainset 018,line-3,BEN-SYS-001,,,,fleet,service,metro-4car
BEN-RS-L3-019,line-3-019,rolling-stock,revenue,line-3 trainset 019,line-3,BEN-SYS-001,,,,fleet,service,metro-4car
BEN-RS-L3-020,line-3-020,rolling-stock,revenue,line-3 trainset 020,line-3,BEN-SYS-001,,,,fleet,service,metro-4car
BEN-RS-L3-021,line-3-021,rolling-stock,revenue,line-3 trainset 021,line-3,BEN-SYS-001,,,,fleet,service,metro-4car
BEN-RS-L3-022,line-3-022,rolling-stock,revenue,line-3 trainset 022,line-3,BEN-SYS-001,,,,fleet,service,metro-4car
BEN-RS-L3-023,line-3-023,rolling-stock,revenue,line-3 trainset 023,line-3,BEN-SYS-001,,,,fleet,service,metro-4car
BEN-RS-L3-024,line-3-024,rolling-stock,revenue,line-3 trainset 024,line-3,BEN-SYS-001,,,,fleet,service,metro-4car
BEN-RS-L3-025,line-3-025,rolling-stock,revenue,line-3 trainset 025,line-3,BEN-SYS-001,,,,fleet,service,metro-4car
BEN-RS-L3-026,line-3-026,rolling-stock,revenue,line-3 trainset 026,line-3,BEN-SYS-001,,,,fleet,service,metro-4car
BEN-RS-L3-027,line-3-027,rolling-stock,revenue,line-3 trainset 027,line-3,BEN-SYS-001,,,,fleet,service,metro-4car
BEN-RS-L3-028,line-3-028,rolling-stock,revenue,line-3 trainset 028,line-3,BEN-SYS-001,,,,fleet,service,metro-4car
BEN-RS-L3-029,line-3-029,rolling-stock,revenue,line-3 trainset 029,line-3,BEN-SYS-001,,,,fleet,service,metro-4car
BEN-RS-L3-030,line-3-030,rolling-stock,revenue,line-3 trainset 030,line-3,BEN-SYS-001,,,,fleet,service,metro-4car
BEN-RS-L3-031,line-3-031,rolling-stock,revenue,line-3 trainset 031,line-3,BEN-SYS-001,,,,fleet,service,metro-4car
BEN-RS-L3-032,line-3-032,rolling-stock,revenue,line-3 trainset 032,line-3,BEN-SYS-001,,,,fleet,service,metro-4car
BEN-RS-L3-033,line-3-033,rolling-stock,revenue,line-3 trainset 033,line-3,BEN-SYS-001,,,,fleet,service,metro-4car
BEN-RS-L3-034,line-3-034,rolling-stock,revenue,line-3 trainset 034,line-3,BEN-SYS-001,,,,fleet,service,metro-4car
BEN-RS-L3-035,line-3-035,rolling-stock,revenue,line-3 trainset 035,line-3,BEN-SYS-001,,,,fleet,service,metro-4car
BEN-RS-L3-036,line-3-036,rolling-stock,revenue,line-3 trainset 036,line-3,BEN-SYS-001,,,,fleet,service,metro-4car
BEN-RS-L3-037,line-3-037,rolling-stock,revenue,line-3 trainset 037,line-3,BEN-SYS-001,,,,fleet,service,metro-4car
BEN-RS-L3-038,line-3-038,rolling-stock,revenue,line-3 trainset 038,line-3,BEN-SYS-001,,,,fleet,service,metro-4car
BEN-RS-L3-039,line-3-039,rolling-stock,revenue,line-3 trainset 039,line-3,BEN-SYS-001,,,,fleet,service,metro-4car
BEN-RS-L3-040,line-3-040,rolling-stock,revenue,line-3 trainset 040,line-3,BEN-SYS-001,,,,fleet,service,metro-4car
BEN-RS-L3-041,line-3-041,rolling-stock,revenue,line-3 trainset 041,line-3,BEN-SYS-001,,,,fleet,service,metro-4car
BEN-RS-L3-042,line-3-042,rolling-stock,revenue,line-3 trainset 042,line-3,BEN-SYS-001,,,,fleet,service,metro-4car
BEN-RS-L3-043,line-3-043,rolling-stock,revenue,line-3 trainset 043,line-3,BEN-SYS-001,,,,fleet,service,metro-4car
BEN-RS-L3-044,line-3-044,rolling-stock,revenue,line-3 trainset 044,line-3,BEN-SYS-001,,,,fleet,service,metro-4car
BEN-RS-L3-045,line-3-045,rolling-stock,spare,line-3 trainset 045,line-3,BEN-SYS-001,,,,fleet,service,metro-4car
BEN-RS-L3-046,line-3-046,rolling-stock,spare,line-3 trainset 046,line-3,BEN-SYS-001,,,,fleet,service,metro-4car
BEN-RS-L3-047,line-3-047,rolling-stock,spare,line-3 trainset 047,line-3,BEN-SYS-001,,,,fleet,service,metro-4car
BEN-RS-L3-048,line-3-048,rolling-stock,spare,line-3 trainset 048,line-3,BEN-SYS-001,,,,fleet,service,metro-4car
BEN-RS-L3-049,line-3-049,rolling-stock,cold-reserve,line-3 trainset 049,line-3,BEN-SYS-001,,,,fleet,service,metro-4car
BEN-RS-L4-001,line-4-001,rolling-stock,revenue,line-4 trainset 001,line-4,BEN-SYS-001,,,,fleet,service,metro-4car
BEN-RS-L4-002,line-4-002,rolling-stock,revenue,line-4 trainset 002,line-4,BEN-SYS-001,,,,fleet,service,metro-4car
BEN-RS-L4-003,line-4-003,rolling-stock,revenue,line-4 trainset 003,line-4,BEN-SYS-001,,,,fleet,service,metro-4car
BEN-RS-L4-004,line-4-004,rolling-stock,revenue,line-4 trainset 004,line-4,BEN-SYS-001,,,,fleet,service,metro-4car
BEN-RS-L4-005,line-4-005,rolling-stock,revenue,line-4 trainset 005,line-4,BEN-SYS-001,,,,fleet,service,metro-4car
BEN-RS-L4-006,line-4-006,rolling-stock,revenue,line-4 trainset 006,line-4,BEN-SYS-001,,,,fleet,service,metro-4car
BEN-RS-L4-007,line-4-007,rolling-stock,revenue,line-4 trainset 007,line-4,BEN-SYS-001,,,,fleet,service,metro-4car
BEN-RS-L4-008,line-4-008,rolling-stock,revenue,line-4 trainset 008,line-4,BEN-SYS-001,,,,fleet,service,metro-4car
BEN-RS-L4-009,line-4-009,rolling-stock,revenue,line-4 trainset 009,line-4,BEN-SYS-001,,,,fleet,service,metro-4car
BEN-RS-L4-010,line-4-010,rolling-stock,revenue,line-4 trainset 010,line-4,BEN-SYS-001,,,,fleet,service,metro-4car
BEN-RS-L4-011,line-4-011,rolling-stock,revenue,line-4 trainset 011,line-4,BEN-SYS-001,,,,fleet,service,metro-4car
BEN-RS-L4-012,line-4-012,rolling-stock,revenue,line-4 trainset 012,line-4,BEN-SYS-001,,,,fleet,service,metro-4car
BEN-RS-L4-013,line-4-013,rolling-stock,revenue,line-4 trainset 013,line-4,BEN-SYS-001,,,,fleet,service,metro-4car
BEN-RS-L4-014,line-4-014,rolling-stock,revenue,line-4 trainset 014,line-4,BEN-SYS-001,,,,fleet,service,metro-4car
BEN-RS-L4-015,line-4-015,rolling-stock,revenue,line-4 trainset 015,line-4,BEN-SYS-001,,,,fleet,service,metro-4car
BEN-RS-L4-016,line-4-016,rolling-stock,revenue,line-4 trainset 016,line-4,BEN-SYS-001,,,,fleet,service,metro-4car
BEN-RS-L4-017,line-4-017,rolling-stock,revenue,line-4 trainset 017,line-4,BEN-SYS-001,,,,fleet,service,metro-4car
BEN-RS-L4-018,line-4-018,rolling-stock,revenue,line-4 trainset 018,line-4,BEN-SYS-001,,,,fleet,service,metro-4car
BEN-RS-L4-019,line-4-019,rolling-stock,revenue,line-4 trainset 019,line-4,BEN-SYS-001,,,,fleet,service,metro-4car
BEN-RS-L4-020,line-4-020,rolling-stock,revenue,line-4 trainset 020,line-4,BEN-SYS-001,,,,fleet,service,metro-4car
BEN-RS-L4-021,line-4-021,rolling-stock,revenue,line-4 trainset 021,line-4,BEN-SYS-001,,,,fleet,service,metro-4car
BEN-RS-L4-022,line-4-022,rolling-stock,revenue,line-4 trainset 022,line-4,BEN-SYS-001,,,,fleet,service,metro-4car
BEN-RS-L4-023,line-4-023,rolling-stock,revenue,line-4 trainset 023,line-4,BEN-SYS-001,,,,fleet,service,metro-4car
BEN-RS-L4-024,line-4-024,rolling-stock,revenue,line-4 trainset 024,line-4,BEN-SYS-001,,,,fleet,service,metro-4car
BEN-RS-L4-025,line-4-025,rolling-stock,revenue,line-4 trainset 025,line-4,BEN-SYS-001,,,,fleet,service,metro-4car
BEN-RS-L4-026,line-4-026,rolling-stock,revenue,line-4 trainset 026,line-4,BEN-SYS-001,,,,fleet,service,metro-4car
BEN-RS-L4-027,line-4-027,rolling-stock,revenue,line-4 trainset 027,line-4,BEN-SYS-001,,,,fleet,service,metro-4car
BEN-RS-L4-028,line-4-028,rolling-stock,revenue,line-4 trainset 028,line-4,BEN-SYS-001,,,,fleet,service,metro-4car
BEN-RS-L4-029,line-4-029,rolling-stock,revenue,line-4 trainset 029,line-4,BEN-SYS-001,,,,fleet,service,metro-4car
BEN-RS-L4-030,line-4-030,rolling-stock,revenue,line-4 trainset 030,line-4,BEN-SYS-001,,,,fleet,service,metro-4car
BEN-RS-L4-031,line-4-031,rolling-stock,revenue,line-4 trainset 031,line-4,BEN-SYS-001,,,,fleet,service,metro-4car
BEN-RS-L4-032,line-4-032,rolling-stock,revenue,line-4 trainset 032,line-4,BEN-SYS-001,,,,fleet,service,metro-4car
BEN-RS-L4-033,line-4-033,rolling-stock,revenue,line-4 trainset 033,line-4,BEN-SYS-001,,,,fleet,service,metro-4car
BEN-RS-L4-034,line-4-034,rolling-stock,revenue,line-4 trainset 034,line-4,BEN-SYS-001,,,,fleet,service,metro-4car
BEN-RS-L4-035,line-4-035,rolling-stock,revenue,line-4 trainset 035,line-4,BEN-SYS-001,,,,fleet,service,metro-4car
BEN-RS-L4-036,line-4-036,rolling-stock,revenue,line-4 trainset 036,line-4,BEN-SYS-001,,,,fleet,service,metro-4car
BEN-RS-L4-037,line-4-037,rolling-stock,revenue,line-4 trainset 037,line-4,BEN-SYS-001,,,,fleet,service,metro-4car
BEN-RS-L4-038,line-4-038,rolling-stock,revenue,line-4 trainset 038,line-4,BEN-SYS-001,,,,fleet,service,metro-4car
BEN-RS-L4-039,line-4-039,rolling-stock,revenue,line-4 trainset 039,line-4,BEN-SYS-001,,,,fleet,service,metro-4car
BEN-RS-L4-040,line-4-040,rolling-stock,revenue,line-4 trainset 040,line-4,BEN-SYS-001,,,,fleet,service,metro-4car
BEN-RS-L4-041,line-4-041,rolling-stock,revenue,line-4 trainset 041,line-4,BEN-SYS-001,,,,fleet,service,metro-4car
BEN-RS-L4-042,line-4-042,rolling-stock,revenue,line-4 trainset 042,line-4,BEN-SYS-001,,,,fleet,service,metro-4car
BEN-RS-L4-043,line-4-043,rolling-stock,revenue,line-4 trainset 043,line-4,BEN-SYS-001,,,,fleet,service,metro-4car
BEN-RS-L4-044,line-4-044,rolling-stock,revenue,line-4 trainset 044,line-4,BEN-SYS-001,,,,fleet,service,metro-4car
BEN-RS-L4-045,line-4-045,rolling-stock,spare,line-4 trainset 045,line-4,BEN-SYS-001,,,,fleet,service,metro-4car
BEN-RS-L4-046,line-4-046,rolling-stock,spare,line-4 trainset 046,line-4,BEN-SYS-001,,,,fleet,service,metro-4car
BEN-RS-L4-047,line-4-047,rolling-stock,spare,line-4 trainset 047,line-4,BEN-SYS-001,,,,fleet,service,metro-4car
BEN-RS-L4-048,line-4-048,rolling-stock,spare,line-4 trainset 048,line-4,BEN-SYS-001,,,,fleet,service,metro-4car
BEN-RS-L4-049,line-4-049,rolling-stock,cold-reserve,line-4 trainset 049,line-4,BEN-SYS-001,,,,fleet,service,metro-4car
BEN-RS-L5-001,line-5-001,rolling-stock,revenue,line-5 trainset 001,line-5,BEN-SYS-001,,,,fleet,service,metro-4car
BEN-RS-L5-002,line-5-002,rolling-stock,revenue,line-5 trainset 002,line-5,BEN-SYS-001,,,,fleet,service,metro-4car
BEN-RS-L5-003,line-5-003,rolling-stock,revenue,line-5 trainset 003,line-5,BEN-SYS-001,,,,fleet,service,metro-4car
BEN-RS-L5-004,line-5-004,rolling-stock,revenue,line-5 trainset 004,line-5,BEN-SYS-001,,,,fleet,service,metro-4car
BEN-RS-L5-005,line-5-005,rolling-stock,revenue,line-5 trainset 005,line-5,BEN-SYS-001,,,,fleet,service,metro-4car
BEN-RS-L5-006,line-5-006,rolling-stock,revenue,line-5 trainset 006,line-5,BEN-SYS-001,,,,fleet,service,metro-4car
BEN-RS-L5-007,line-5-007,rolling-stock,revenue,line-5 trainset 007,line-5,BEN-SYS-001,,,,fleet,service,metro-4car
BEN-RS-L5-008,line-5-008,rolling-stock,revenue,line-5 trainset 008,line-5,BEN-SYS-001,,,,fleet,service,metro-4car
BEN-RS-L5-009,line-5-009,rolling-stock,revenue,line-5 trainset 009,line-5,BEN-SYS-001,,,,fleet,service,metro-4car
BEN-RS-L5-010,line-5-010,rolling-stock,revenue,line-5 trainset 010,line-5,BEN-SYS-001,,,,fleet,service,metro-4car
BEN-RS-L5-011,line-5-011,rolling-stock,revenue,line-5 trainset 011,line-5,BEN-SYS-001,,,,fleet,service,metro-4car
BEN-RS-L5-012,line-5-012,rolling-stock,revenue,line-5 trainset 012,line-5,BEN-SYS-001,,,,fleet,service,metro-4car
BEN-RS-L5-013,line-5-013,rolling-stock,revenue,line-5 trainset 013,line-5,BEN-SYS-001,,,,fleet,service,metro-4car
BEN-RS-L5-014,line-5-014,rolling-stock,revenue,line-5 trainset 014,line-5,BEN-SYS-001,,,,fleet,service,metro-4car
BEN-RS-L5-015,line-5-015,rolling-stock,revenue,line-5 trainset 015,line-5,BEN-SYS-001,,,,fleet,service,metro-4car
BEN-RS-L5-016,line-5-016,rolling-stock,spare,line-5 trainset 016,line-5,BEN-SYS-001,,,,fleet,service,metro-4car
BEN-RS-L5-017,line-5-017,rolling-stock,cold-reserve,line-5 trainset 017,line-5,BEN-SYS-001,,,,fleet,service,metro-4car
BEN-RS-L6-001,line-6-001,rolling-stock,revenue,line-6 trainset 001,line-6,BEN-SYS-001,,,,fleet,service,metro-4car
BEN-RS-L6-002,line-6-002,rolling-stock,revenue,line-6 trainset 002,line-6,BEN-SYS-001,,,,fleet,service,metro-4car
BEN-RS-L6-003,line-6-003,rolling-stock,revenue,line-6 trainset 003,line-6,BEN-SYS-001,,,,fleet,service,metro-4car
BEN-RS-L6-004,line-6-004,rolling-stock,revenue,line-6 trainset 004,line-6,BEN-SYS-001,,,,fleet,service,metro-4car
BEN-RS-L6-005,line-6-005,rolling-stock,revenue,line-6 trainset 005,line-6,BEN-SYS-001,,,,fleet,service,metro-4car
BEN-RS-L6-006,line-6-006,rolling-stock,revenue,line-6 trainset 006,line-6,BEN-SYS-001,,,,fleet,service,metro-4car
BEN-RS-L6-007,line-6-007,rolling-stock,revenue,line-6 trainset 007,line-6,BEN-SYS-001,,,,fleet,service,metro-4car
BEN-RS-L6-008,line-6-008,rolling-stock,spare,line-6 trainset 008,line-6,BEN-SYS-001,,,,fleet,service,metro-4car
BEN-RS-L6-009,line-6-009,rolling-stock,cold-reserve,line-6 trainset 009,line-6,BEN-SYS-001,,,,fleet,service,metro-4car
BEN-RS-L7-001,line-7-001,rolling-stock,revenue,line-7 trainset 001,line-7,BEN-SYS-001,,,,fleet,service,metro-4car
BEN-RS-L7-002,line-7-002,rolling-stock,revenue,line-7 trainset 002,line-7,BEN-SYS-001,,,,fleet,service,metro-4car
BEN-RS-L7-003,line-7-003,rolling-stock,revenue,line-7 trainset 003,line-7,BEN-SYS-001,,,,fleet,service,metro-4car
BEN-RS-L7-004,line-7-004,rolling-stock,revenue,line-7 trainset 004,line-7,BEN-SYS-001,,,,fleet,service,metro-4car
BEN-RS-L7-005,line-7-005,rolling-stock,revenue,line-7 trainset 005,line-7,BEN-SYS-001,,,,fleet,service,metro-4car
BEN-RS-L7-006,line-7-006,rolling-stock,revenue,line-7 trainset 006,line-7,BEN-SYS-001,,,,fleet,service,metro-4car
BEN-RS-L7-007,line-7-007,rolling-stock,revenue,line-7 trainset 007,line-7,BEN-SYS-001,,,,fleet,service,metro-4car
BEN-RS-L7-008,line-7-008,rolling-stock,revenue,line-7 trainset 008,line-7,BEN-SYS-001,,,,fleet,service,metro-4car
BEN-RS-L7-009,line-7-009,rolling-stock,revenue,line-7 trainset 009,line-7,BEN-SYS-001,,,,fleet,service,metro-4car
BEN-RS-L7-010,line-7-010,rolling-stock,spare,line-7 trainset 010,line-7,BEN-SYS-001,,,,fleet,service,metro-4car
BEN-RS-L7-011,line-7-011,rolling-stock,cold-reserve,line-7 trainset 011,line-7,BEN-SYS-001,,,,fleet,service,metro-4car
BEN-RS-L8-001,line-8-001,rolling-stock,revenue,line-8 trainset 001,line-8,BEN-SYS-001,,,,fleet,service,metro-4car
BEN-RS-L8-002,line-8-002,rolling-stock,revenue,line-8 trainset 002,line-8,BEN-SYS-001,,,,fleet,service,metro-4car
BEN-RS-L8-003,line-8-003,rolling-stock,revenue,line-8 trainset 003,line-8,BEN-SYS-001,,,,fleet,service,metro-4car
BEN-RS-L8-004,line-8-004,rolling-stock,revenue,line-8 trainset 004,line-8,BEN-SYS-001,,,,fleet,service,metro-4car
BEN-RS-L8-005,line-8-005,rolling-stock,revenue,line-8 trainset 005,line-8,BEN-SYS-001,,,,fleet,service,metro-4car
BEN-RS-L8-006,line-8-006,rolling-stock,revenue,line-8 trainset 006,line-8,BEN-SYS-001,,,,fleet,service,metro-4car
BEN-RS-L8-007,line-8-007,rolling-stock,revenue,line-8 trainset 007,line-8,BEN-SYS-001,,,,fleet,service,metro-4car
BEN-RS-L8-008,line-8-008,rolling-stock,revenue,line-8 trainset 008,line-8,BEN-SYS-001,,,,fleet,service,metro-4car
BEN-RS-L8-009,line-8-009,rolling-stock,revenue,line-8 trainset 009,line-8,BEN-SYS-001,,,,fleet,service,metro-4car
BEN-RS-L8-010,line-8-010,rolling-stock,revenue,line-8 trainset 010,line-8,BEN-SYS-001,,,,fleet,service,metro-4car
BEN-RS-L8-011,line-8-011,rolling-stock,spare,line-8 trainset 011,line-8,BEN-SYS-001,,,,fleet,service,metro-4car
BEN-RS-L8-012,line-8-012,rolling-stock,cold-reserve,line-8 trainset 012,line-8,BEN-SYS-001,,,,fleet,service,metro-4car
BEN-RS-L9-001,line-9-001,rolling-stock,revenue,line-9 trainset 001,line-9,BEN-SYS-001,,,,fleet,service,metro-4car
BEN-RS-L9-002,line-9-002,rolling-stock,revenue,line-9 trainset 002,line-9,BEN-SYS-001,,,,fleet,service,metro-4car
BEN-RS-L9-003,line-9-003,rolling-stock,revenue,line-9 trainset 003,line-9,BEN-SYS-001,,,,fleet,service,metro-4car
BEN-RS-L9-004,line-9-004,rolling-stock,revenue,line-9 trainset 004,line-9,BEN-SYS-001,,,,fleet,service,metro-4car
BEN-RS-L9-005,line-9-005,rolling-stock,revenue,line-9 trainset 005,line-9,BEN-SYS-001,,,,fleet,service,metro-4car
BEN-RS-L9-006,line-9-006,rolling-stock,revenue,line-9 trainset 006,line-9,BEN-SYS-001,,,,fleet,service,metro-4car
BEN-RS-L9-007,line-9-007,rolling-stock,revenue,line-9 trainset 007,line-9,BEN-SYS-001,,,,fleet,service,metro-4car
BEN-RS-L9-008,line-9-008,rolling-stock,revenue,line-9 trainset 008,line-9,BEN-SYS-001,,,,fleet,service,metro-4car
BEN-RS-L9-009,line-9-009,rolling-stock,revenue,line-9 trainset 009,line-9,BEN-SYS-001,,,,fleet,service,metro-4car
BEN-RS-L9-010,line-9-010,rolling-stock,revenue,line-9 trainset 010,line-9,BEN-SYS-001,,,,fleet,service,metro-4car
BEN-RS-L9-011,line-9-011,rolling-stock,revenue,line-9 trainset 011,line-9,BEN-SYS-001,,,,fleet,service,metro-4car
BEN-RS-L9-012,line-9-012,rolling-stock,revenue,line-9 trainset 012,line-9,BEN-SYS-001,,,,fleet,service,metro-4car
BEN-RS-L9-013,line-9-013,rolling-stock,spare,line-9 trainset 013,line-9,BEN-SYS-001,,,,fleet,service,metro-4car
BEN-RS-L9-014,line-9-014,rolling-stock,cold-reserve,line-9 trainset 014,line-9,BEN-SYS-001,,,,fleet,service,metro-4car
BEN-RS-L10-001,line-10-001,rolling-stock,revenue,line-10 trainset 001,line-10,BEN-SYS-001,,,,fleet,service,metro-4car
BEN-RS-L10-002,line-10-002,rolling-stock,revenue,line-10 trainset 002,line-10,BEN-SYS-001,,,,fleet,service,metro-4car
BEN-RS-L10-003,line-10-003,rolling-stock,revenue,line-10 trainset 003,line-10,BEN-SYS-001,,,,fleet,service,metro-4car
BEN-RS-L10-004,line-10-004,rolling-stock,revenue,line-10 trainset 004,line-10,BEN-SYS-001,,,,fleet,service,metro-4car
BEN-RS-L10-005,line-10-005,rolling-stock,revenue,line-10 trainset 005,line-10,BEN-SYS-001,,,,fleet,service,metro-4car
BEN-RS-L10-006,line-10-006,rolling-stock,revenue,line-10 trainset 006,line-10,BEN-SYS-001,,,,fleet,service,metro-4car
BEN-RS-L10-007,line-10-007,rolling-stock,revenue,line-10 trainset 007,line-10,BEN-SYS-001,,,,fleet,service,metro-4car
BEN-RS-L10-008,line-10-008,rolling-stock,revenue,line-10 trainset 008,line-10,BEN-SYS-001,,,,fleet,service,metro-4car
BEN-RS-L10-009,line-10-009,rolling-stock,revenue,line-10 trainset 009,line-10,BEN-SYS-001,,,,fleet,service,metro-4car
BEN-RS-L10-010,line-10-010,rolling-stock,revenue,line-10 trainset 010,line-10,BEN-SYS-001,,,,fleet,service,metro-4car
BEN-RS-L10-011,line-10-011,rolling-stock,revenue,line-10 trainset 011,line-10,BEN-SYS-001,,,,fleet,service,metro-4car
BEN-RS-L10-012,line-10-012,rolling-stock,revenue,line-10 trainset 012,line-10,BEN-SYS-001,,,,fleet,service,metro-4car
BEN-RS-L10-013,line-10-013,rolling-stock,revenue,line-10 trainset 013,line-10,BEN-SYS-001,,,,fleet,service,metro-4car
BEN-RS-L10-014,line-10-014,rolling-stock,revenue,line-10 trainset 014,line-10,BEN-SYS-001,,,,fleet,service,metro-4car
BEN-RS-L10-015,line-10-015,rolling-stock,revenue,line-10 trainset 015,line-10,BEN-SYS-001,,,,fleet,service,metro-4car
BEN-RS-L10-016,line-10-016,rolling-stock,spare,line-10 trainset 016,line-10,BEN-SYS-001,,,,fleet,service,metro-4car
BEN-RS-L10-017,line-10-017,rolling-stock,cold-reserve,line-10 trainset 017,line-10,BEN-SYS-001,,,,fleet,service,metro-4car
BEN-RS-L11-001,line-11-001,rolling-stock,revenue,line-11 trainset 001,line-11,BEN-SYS-001,,,,fleet,service,metro-4car
BEN-RS-L11-002,line-11-002,rolling-stock,revenue,line-11 trainset 002,line-11,BEN-SYS-001,,,,fleet,service,metro-4car
BEN-RS-L11-003,line-11-003,rolling-stock,revenue,line-11 trainset 003,line-11,BEN-SYS-001,,,,fleet,service,metro-4car
BEN-RS-L11-004,line-11-004,rolling-stock,revenue,line-11 trainset 004,line-11,BEN-SYS-001,,,,fleet,service,metro-4car
BEN-RS-L11-005,line-11-005,rolling-stock,revenue,line-11 trainset 005,line-11,BEN-SYS-001,,,,fleet,service,metro-4car
BEN-RS-L11-006,line-11-006,rolling-stock,revenue,line-11 trainset 006,line-11,BEN-SYS-001,,,,fleet,service,metro-4car
BEN-RS-L11-007,line-11-007,rolling-stock,revenue,line-11 trainset 007,line-11,BEN-SYS-001,,,,fleet,service,metro-4car
BEN-RS-L11-008,line-11-008,rolling-stock,revenue,line-11 trainset 008,line-11,BEN-SYS-001,,,,fleet,service,metro-4car
BEN-RS-L11-009,line-11-009,rolling-stock,revenue,line-11 trainset 009,line-11,BEN-SYS-001,,,,fleet,service,metro-4car
BEN-RS-L11-010,line-11-010,rolling-stock,revenue,line-11 trainset 010,line-11,BEN-SYS-001,,,,fleet,service,metro-4car
BEN-RS-L11-011,line-11-011,rolling-stock,revenue,line-11 trainset 011,line-11,BEN-SYS-001,,,,fleet,service,metro-4car
BEN-RS-L11-012,line-11-012,rolling-stock,revenue,line-11 trainset 012,line-11,BEN-SYS-001,,,,fleet,service,metro-4car
BEN-RS-L11-013,line-11-013,rolling-stock,spare,line-11 trainset 013,line-11,BEN-SYS-001,,,,fleet,service,metro-4car
BEN-RS-L11-014,line-11-014,rolling-stock,cold-reserve,line-11 trainset 014,line-11,BEN-SYS-001,,,,fleet,service,metro-4car
BEN-RS-L12-001,line-12-001,rolling-stock,revenue,line-12 trainset 001,line-12,BEN-SYS-001,,,,fleet,service,metro-4car
BEN-RS-L12-002,line-12-002,rolling-stock,revenue,line-12 trainset 002,line-12,BEN-SYS-001,,,,fleet,service,metro-4car
BEN-RS-L12-003,line-12-003,rolling-stock,revenue,line-12 trainset 003,line-12,BEN-SYS-001,,,,fleet,service,metro-4car
BEN-RS-L12-004,line-12-004,rolling-stock,revenue,line-12 trainset 004,line-12,BEN-SYS-001,,,,fleet,service,metro-4car
BEN-RS-L12-005,line-12-005,rolling-stock,revenue,line-12 trainset 005,line-12,BEN-SYS-001,,,,fleet,service,metro-4car
BEN-RS-L12-006,line-12-006,rolling-stock,revenue,line-12 trainset 006,line-12,BEN-SYS-001,,,,fleet,service,metro-4car
BEN-RS-L12-007,line-12-007,rolling-stock,revenue,line-12 trainset 007,line-12,BEN-SYS-001,,,,fleet,service,metro-4car
BEN-RS-L12-008,line-12-008,rolling-stock,spare,line-12 trainset 008,line-12,BEN-SYS-001,,,,fleet,service,metro-4car
BEN-RS-L12-009,line-12-009,rolling-stock,cold-reserve,line-12 trainset 009,line-12,BEN-SYS-001,,,,fleet,service,metro-4car
BEN-RS-L13-001,line-13-001,rolling-stock,revenue,line-13 trainset 001,line-13,BEN-SYS-001,,,,fleet,service,metro-4car
BEN-RS-L13-002,line-13-002,rolling-stock,revenue,line-13 trainset 002,line-13,BEN-SYS-001,,,,fleet,service,metro-4car
BEN-RS-L13-003,line-13-003,rolling-stock,revenue,line-13 trainset 003,line-13,BEN-SYS-001,,,,fleet,service,metro-4car
BEN-RS-L13-004,line-13-004,rolling-stock,revenue,line-13 trainset 004,line-13,BEN-SYS-001,,,,fleet,service,metro-4car
BEN-RS-L13-005,line-13-005,rolling-stock,revenue,line-13 trainset 005,line-13,BEN-SYS-001,,,,fleet,service,metro-4car
BEN-RS-L13-006,line-13-006,rolling-stock,revenue,line-13 trainset 006,line-13,BEN-SYS-001,,,,fleet,service,metro-4car
BEN-RS-L13-007,line-13-007,rolling-stock,revenue,line-13 trainset 007,line-13,BEN-SYS-001,,,,fleet,service,metro-4car
BEN-RS-L13-008,line-13-008,rolling-stock,revenue,line-13 trainset 008,line-13,BEN-SYS-001,,,,fleet,service,metro-4car
BEN-RS-L13-009,line-13-009,rolling-stock,revenue,line-13 trainset 009,line-13,BEN-SYS-001,,,,fleet,service,metro-4car
BEN-RS-L13-010,line-13-010,rolling-stock,revenue,line-13 trainset 010,line-13,BEN-SYS-001,,,,fleet,service,metro-4car
BEN-RS-L13-011,line-13-011,rolling-stock,revenue,line-13 trainset 011,line-13,BEN-SYS-001,,,,fleet,service,metro-4car
BEN-RS-L13-012,line-13-012,rolling-stock,revenue,line-13 trainset 012,line-13,BEN-SYS-001,,,,fleet,service,metro-4car
BEN-RS-L13-013,line-13-013,rolling-stock,spare,line-13 trainset 013,line-13,BEN-SYS-001,,,,fleet,service,metro-4car
BEN-RS-L13-014,line-13-014,rolling-stock,cold-reserve,line-13 trainset 014,line-13,BEN-SYS-001,,,,fleet,service,metro-4car
BEN-RS-L14-001,line-14-001,rolling-stock,revenue,line-14 trainset 001,line-14,BEN-SYS-001,,,,fleet,service,metro-4car
BEN-RS-L14-002,line-14-002,rolling-stock,revenue,line-14 trainset 002,line-14,BEN-SYS-001,,,,fleet,service,metro-4car
BEN-RS-L14-003,line-14-003,rolling-stock,revenue,line-14 trainset 003,line-14,BEN-SYS-001,,,,fleet,service,metro-4car
BEN-RS-L14-004,line-14-004,rolling-stock,revenue,line-14 trainset 004,line-14,BEN-SYS-001,,,,fleet,service,metro-4car
BEN-RS-L14-005,line-14-005,rolling-stock,revenue,line-14 trainset 005,line-14,BEN-SYS-001,,,,fleet,service,metro-4car
BEN-RS-L14-006,line-14-006,rolling-stock,revenue,line-14 trainset 006,line-14,BEN-SYS-001,,,,fleet,service,metro-4car
BEN-RS-L14-007,line-14-007,rolling-stock,revenue,line-14 trainset 007,line-14,BEN-SYS-001,,,,fleet,service,metro-4car
BEN-RS-L14-008,line-14-008,rolling-stock,spare,line-14 trainset 008,line-14,BEN-SYS-001,,,,fleet,service,metro-4car
BEN-RS-L14-009,line-14-009,rolling-stock,cold-reserve,line-14 trainset 009,line-14,BEN-SYS-001,,,,fleet,service,metro-4car
BEN-RS-L15-001,line-15-001,rolling-stock,revenue,line-15 trainset 001,line-15,BEN-SYS-001,,,,fleet,service,metro-4car
BEN-RS-L15-002,line-15-002,rolling-stock,revenue,line-15 trainset 002,line-15,BEN-SYS-001,,,,fleet,service,metro-4car
BEN-RS-L15-003,line-15-003,rolling-stock,revenue,line-15 trainset 003,line-15,BEN-SYS-001,,,,fleet,service,metro-4car
BEN-RS-L15-004,line-15-004,rolling-stock,revenue,line-15 trainset 004,line-15,BEN-SYS-001,,,,fleet,service,metro-4car
BEN-RS-L15-005,line-15-005,rolling-stock,revenue,line-15 trainset 005,line-15,BEN-SYS-001,,,,fleet,service,metro-4car
BEN-RS-L15-006,line-15-006,rolling-stock,revenue,line-15 trainset 006,line-15,BEN-SYS-001,,,,fleet,service,metro-4car
BEN-RS-L15-007,line-15-007,rolling-stock,revenue,line-15 trainset 007,line-15,BEN-SYS-001,,,,fleet,service,metro-4car
BEN-RS-L15-008,line-15-008,rolling-stock,revenue,line-15 trainset 008,line-15,BEN-SYS-001,,,,fleet,service,metro-4car
BEN-RS-L15-009,line-15-009,rolling-stock,revenue,line-15 trainset 009,line-15,BEN-SYS-001,,,,fleet,service,metro-4car
BEN-RS-L15-010,line-15-010,rolling-stock,revenue,line-15 trainset 010,line-15,BEN-SYS-001,,,,fleet,service,metro-4car
BEN-RS-L15-011,line-15-011,rolling-stock,revenue,line-15 trainset 011,line-15,BEN-SYS-001,,,,fleet,service,metro-4car
BEN-RS-L15-012,line-15-012,rolling-stock,revenue,line-15 trainset 012,line-15,BEN-SYS-001,,,,fleet,service,metro-4car
BEN-RS-L15-013,line-15-013,rolling-stock,spare,line-15 trainset 013,line-15,BEN-SYS-001,,,,fleet,service,metro-4car
BEN-RS-L15-014,line-15-014,rolling-stock,cold-reserve,line-15 trainset 014,line-15,BEN-SYS-001,,,,fleet,service,metro-4car
BEN-RS-L16-001,line-16-001,rolling-stock,revenue,line-16 trainset 001,line-16,BEN-SYS-001,,,,fleet,service,metro-4car
BEN-RS-L16-002,line-16-002,rolling-stock,revenue,line-16 trainset 002,line-16,BEN-SYS-001,,,,fleet,service,metro-4car
BEN-RS-L16-003,line-16-003,rolling-stock,revenue,line-16 trainset 003,line-16,BEN-SYS-001,,,,fleet,service,metro-4car
BEN-RS-L16-004,line-16-004,rolling-stock,revenue,line-16 trainset 004,line-16,BEN-SYS-001,,,,fleet,service,metro-4car
BEN-RS-L16-005,line-16-005,rolling-stock,revenue,line-16 trainset 005,line-16,BEN-SYS-001,,,,fleet,service,metro-4car
BEN-RS-L16-006,line-16-006,rolling-stock,revenue,line-16 trainset 006,line-16,BEN-SYS-001,,,,fleet,service,metro-4car
BEN-RS-L16-007,line-16-007,rolling-stock,revenue,line-16 trainset 007,line-16,BEN-SYS-001,,,,fleet,service,metro-4car
BEN-RS-L16-008,line-16-008,rolling-stock,revenue,line-16 trainset 008,line-16,BEN-SYS-001,,,,fleet,service,metro-4car
BEN-RS-L16-009,line-16-009,rolling-stock,revenue,line-16 trainset 009,line-16,BEN-SYS-001,,,,fleet,service,metro-4car
BEN-RS-L16-010,line-16-010,rolling-stock,revenue,line-16 trainset 010,line-16,BEN-SYS-001,,,,fleet,service,metro-4car
BEN-RS-L16-011,line-16-011,rolling-stock,revenue,line-16 trainset 011,line-16,BEN-SYS-001,,,,fleet,service,metro-4car
BEN-RS-L16-012,line-16-012,rolling-stock,revenue,line-16 trainset 012,line-16,BEN-SYS-001,,,,fleet,service,metro-4car
BEN-RS-L16-013,line-16-013,rolling-stock,revenue,line-16 trainset 013,line-16,BEN-SYS-001,,,,fleet,service,metro-4car
BEN-RS-L16-014,line-16-014,rolling-stock,revenue,line-16 trainset 014,line-16,BEN-SYS-001,,,,fleet,service,metro-4car
BEN-RS-L16-015,line-16-015,rolling-stock,revenue,line-16 trainset 015,line-16,BEN-SYS-001,,,,fleet,service,metro-4car
BEN-RS-L16-016,line-16-016,rolling-stock,revenue,line-16 trainset 016,line-16,BEN-SYS-001,,,,fleet,service,metro-4car
BEN-RS-L16-017,line-16-017,rolling-stock,revenue,line-16 trainset 017,line-16,BEN-SYS-001,,,,fleet,service,metro-4car
BEN-RS-L16-018,line-16-018,rolling-stock,revenue,line-16 trainset 018,line-16,BEN-SYS-001,,,,fleet,service,metro-4car
BEN-RS-L16-019,line-16-019,rolling-stock,revenue,line-16 trainset 019,line-16,BEN-SYS-001,,,,fleet,service,metro-4car
BEN-RS-L16-020,line-16-020,rolling-stock,revenue,line-16 trainset 020,line-16,BEN-SYS-001,,,,fleet,service,metro-4car
BEN-RS-L16-021,line-16-021,rolling-stock,revenue,line-16 trainset 021,line-16,BEN-SYS-001,,,,fleet,service,metro-4car
BEN-RS-L16-022,line-16-022,rolling-stock,revenue,line-16 trainset 022,line-16,BEN-SYS-001,,,,fleet,service,metro-4car
BEN-RS-L16-023,line-16-023,rolling-stock,revenue,line-16 trainset 023,line-16,BEN-SYS-001,,,,fleet,service,metro-4car
BEN-RS-L16-024,line-16-024,rolling-stock,revenue,line-16 trainset 024,line-16,BEN-SYS-001,,,,fleet,service,metro-4car
BEN-RS-L16-025,line-16-025,rolling-stock,revenue,line-16 trainset 025,line-16,BEN-SYS-001,,,,fleet,service,metro-4car
BEN-RS-L16-026,line-16-026,rolling-stock,revenue,line-16 trainset 026,line-16,BEN-SYS-001,,,,fleet,service,metro-4car
BEN-RS-L16-027,line-16-027,rolling-stock,revenue,line-16 trainset 027,line-16,BEN-SYS-001,,,,fleet,service,metro-4car
BEN-RS-L16-028,line-16-028,rolling-stock,revenue,line-16 trainset 028,line-16,BEN-SYS-001,,,,fleet,service,metro-4car
BEN-RS-L16-029,line-16-029,rolling-stock,spare,line-16 trainset 029,line-16,BEN-SYS-001,,,,fleet,service,metro-4car
BEN-RS-L16-030,line-16-030,rolling-stock,spare,line-16 trainset 030,line-16,BEN-SYS-001,,,,fleet,service,metro-4car
BEN-RS-L16-031,line-16-031,rolling-stock,cold-reserve,line-16 trainset 031,line-16,BEN-SYS-001,,,,fleet,service,metro-4car
BEN-RS-L17-001,line-17-001,rolling-stock,revenue,line-17 trainset 001,line-17,BEN-SYS-001,,,,fleet,service,metro-4car
BEN-RS-L17-002,line-17-002,rolling-stock,revenue,line-17 trainset 002,line-17,BEN-SYS-001,,,,fleet,service,metro-4car
BEN-RS-L17-003,line-17-003,rolling-stock,revenue,line-17 trainset 003,line-17,BEN-SYS-001,,,,fleet,service,metro-4car
BEN-RS-L17-004,line-17-004,rolling-stock,revenue,line-17 trainset 004,line-17,BEN-SYS-001,,,,fleet,service,metro-4car
BEN-RS-L17-005,line-17-005,rolling-stock,revenue,line-17 trainset 005,line-17,BEN-SYS-001,,,,fleet,service,metro-4car
BEN-RS-L17-006,line-17-006,rolling-stock,revenue,line-17 trainset 006,line-17,BEN-SYS-001,,,,fleet,service,metro-4car
BEN-RS-L17-007,line-17-007,rolling-stock,revenue,line-17 trainset 007,line-17,BEN-SYS-001,,,,fleet,service,metro-4car
BEN-RS-L17-008,line-17-008,rolling-stock,revenue,line-17 trainset 008,line-17,BEN-SYS-001,,,,fleet,service,metro-4car
BEN-RS-L17-009,line-17-009,rolling-stock,revenue,line-17 trainset 009,line-17,BEN-SYS-001,,,,fleet,service,metro-4car
BEN-RS-L17-010,line-17-010,rolling-stock,spare,line-17 trainset 010,line-17,BEN-SYS-001,,,,fleet,service,metro-4car
BEN-RS-L17-011,line-17-011,rolling-stock,cold-reserve,line-17 trainset 011,line-17,BEN-SYS-001,,,,fleet,service,metro-4car
BEN-RS-L18-001,line-18-001,rolling-stock,revenue,line-18 trainset 001,line-18,BEN-SYS-001,,,,fleet,service,metro-4car
BEN-RS-L18-002,line-18-002,rolling-stock,revenue,line-18 trainset 002,line-18,BEN-SYS-001,,,,fleet,service,metro-4car
BEN-RS-L18-003,line-18-003,rolling-stock,revenue,line-18 trainset 003,line-18,BEN-SYS-001,,,,fleet,service,metro-4car
BEN-RS-L18-004,line-18-004,rolling-stock,revenue,line-18 trainset 004,line-18,BEN-SYS-001,,,,fleet,service,metro-4car
BEN-RS-L18-005,line-18-005,rolling-stock,revenue,line-18 trainset 005,line-18,BEN-SYS-001,,,,fleet,service,metro-4car
BEN-RS-L18-006,line-18-006,rolling-stock,revenue,line-18 trainset 006,line-18,BEN-SYS-001,,,,fleet,service,metro-4car
BEN-RS-L18-007,line-18-007,rolling-stock,revenue,line-18 trainset 007,line-18,BEN-SYS-001,,,,fleet,service,metro-4car
BEN-RS-L18-008,line-18-008,rolling-stock,revenue,line-18 trainset 008,line-18,BEN-SYS-001,,,,fleet,service,metro-4car
BEN-RS-L18-009,line-18-009,rolling-stock,revenue,line-18 trainset 009,line-18,BEN-SYS-001,,,,fleet,service,metro-4car
BEN-RS-L18-010,line-18-010,rolling-stock,revenue,line-18 trainset 010,line-18,BEN-SYS-001,,,,fleet,service,metro-4car
BEN-RS-L18-011,line-18-011,rolling-stock,revenue,line-18 trainset 011,line-18,BEN-SYS-001,,,,fleet,service,metro-4car
BEN-RS-L18-012,line-18-012,rolling-stock,revenue,line-18 trainset 012,line-18,BEN-SYS-001,,,,fleet,service,metro-4car
BEN-RS-L18-013,line-18-013,rolling-stock,revenue,line-18 trainset 013,line-18,BEN-SYS-001,,,,fleet,service,metro-4car
BEN-RS-L18-014,line-18-014,rolling-stock,revenue,line-18 trainset 014,line-18,BEN-SYS-001,,,,fleet,service,metro-4car
BEN-RS-L18-015,line-18-015,rolling-stock,revenue,line-18 trainset 015,line-18,BEN-SYS-001,,,,fleet,service,metro-4car
BEN-RS-L18-016,line-18-016,rolling-stock,revenue,line-18 trainset 016,line-18,BEN-SYS-001,,,,fleet,service,metro-4car
BEN-RS-L18-017,line-18-017,rolling-stock,revenue,line-18 trainset 017,line-18,BEN-SYS-001,,,,fleet,service,metro-4car
BEN-RS-L18-018,line-18-018,rolling-stock,revenue,line-18 trainset 018,line-18,BEN-SYS-001,,,,fleet,service,metro-4car
BEN-RS-L18-019,line-18-019,rolling-stock,spare,line-18 trainset 019,line-18,BEN-SYS-001,,,,fleet,service,metro-4car
BEN-RS-L18-020,line-18-020,rolling-stock,cold-reserve,line-18 trainset 020,line-18,BEN-SYS-001,,,,fleet,service,metro-4car
BEN-RS-L19-001,line-19-001,rolling-stock,revenue,line-19 trainset 001,line-19,BEN-SYS-001,,,,fleet,service,metro-4car
BEN-RS-L19-002,line-19-002,rolling-stock,revenue,line-19 trainset 002,line-19,BEN-SYS-001,,,,fleet,service,metro-4car
BEN-RS-L19-003,line-19-003,rolling-stock,revenue,line-19 trainset 003,line-19,BEN-SYS-001,,,,fleet,service,metro-4car
BEN-RS-L19-004,line-19-004,rolling-stock,revenue,line-19 trainset 004,line-19,BEN-SYS-001,,,,fleet,service,metro-4car
BEN-RS-L19-005,line-19-005,rolling-stock,revenue,line-19 trainset 005,line-19,BEN-SYS-001,,,,fleet,service,metro-4car
BEN-RS-L19-006,line-19-006,rolling-stock,revenue,line-19 trainset 006,line-19,BEN-SYS-001,,,,fleet,service,metro-4car
BEN-RS-L19-007,line-19-007,rolling-stock,revenue,line-19 trainset 007,line-19,BEN-SYS-001,,,,fleet,service,metro-4car
BEN-RS-L19-008,line-19-008,rolling-stock,revenue,line-19 trainset 008,line-19,BEN-SYS-001,,,,fleet,service,metro-4car
BEN-RS-L19-009,line-19-009,rolling-stock,revenue,line-19 trainset 009,line-19,BEN-SYS-001,,,,fleet,service,metro-4car
BEN-RS-L19-010,line-19-010,rolling-stock,spare,line-19 trainset 010,line-19,BEN-SYS-001,,,,fleet,service,metro-4car
BEN-RS-L19-011,line-19-011,rolling-stock,cold-reserve,line-19 trainset 011,line-19,BEN-SYS-001,,,,fleet,service,metro-4car
BEN-RS-L20-001,line-20-001,rolling-stock,revenue,line-20 trainset 001,line-20,BEN-SYS-001,,,,fleet,service,metro-4car
BEN-RS-L20-002,line-20-002,rolling-stock,revenue,line-20 trainset 002,line-20,BEN-SYS-001,,,,fleet,service,metro-4car
BEN-RS-L20-003,line-20-003,rolling-stock,revenue,line-20 trainset 003,line-20,BEN-SYS-001,,,,fleet,service,metro-4car
BEN-RS-L20-004,line-20-004,rolling-stock,revenue,line-20 trainset 004,line-20,BEN-SYS-001,,,,fleet,service,metro-4car
BEN-RS-L20-005,line-20-005,rolling-stock,revenue,line-20 trainset 005,line-20,BEN-SYS-001,,,,fleet,service,metro-4car
BEN-RS-L20-006,line-20-006,rolling-stock,revenue,line-20 trainset 006,line-20,BEN-SYS-001,,,,fleet,service,metro-4car
BEN-RS-L20-007,line-20-007,rolling-stock,revenue,line-20 trainset 007,line-20,BEN-SYS-001,,,,fleet,service,metro-4car
BEN-RS-L20-008,line-20-008,rolling-stock,revenue,line-20 trainset 008,line-20,BEN-SYS-001,,,,fleet,service,metro-4car
BEN-RS-L20-009,line-20-009,rolling-stock,revenue,line-20 trainset 009,line-20,BEN-SYS-001,,,,fleet,service,metro-4car
BEN-RS-L20-010,line-20-010,rolling-stock,spare,line-20 trainset 010,line-20,BEN-SYS-001,,,,fleet,service,metro-4car
BEN-RS-L20-011,line-20-011,rolling-stock,cold-reserve,line-20 trainset 011,line-20,BEN-SYS-001,,,,fleet,service,metro-4car
BEN-RS-L21-001,line-21-001,rolling-stock,revenue,line-21 trainset 001,line-21,BEN-SYS-001,,,,fleet,service,metro-4car
BEN-RS-L21-002,line-21-002,rolling-stock,revenue,line-21 trainset 002,line-21,BEN-SYS-001,,,,fleet,service,metro-4car
BEN-RS-L21-003,line-21-003,rolling-stock,revenue,line-21 trainset 003,line-21,BEN-SYS-001,,,,fleet,service,metro-4car
BEN-RS-L21-004,line-21-004,rolling-stock,revenue,line-21 trainset 004,line-21,BEN-SYS-001,,,,fleet,service,metro-4car
BEN-RS-L21-005,line-21-005,rolling-stock,revenue,line-21 trainset 005,line-21,BEN-SYS-001,,,,fleet,service,metro-4car
BEN-RS-L21-006,line-21-006,rolling-stock,revenue,line-21 trainset 006,line-21,BEN-SYS-001,,,,fleet,service,metro-4car
BEN-RS-L21-007,line-21-007,rolling-stock,revenue,line-21 trainset 007,line-21,BEN-SYS-001,,,,fleet,service,metro-4car
BEN-RS-L21-008,line-21-008,rolling-stock,spare,line-21 trainset 008,line-21,BEN-SYS-001,,,,fleet,service,metro-4car
BEN-RS-L21-009,line-21-009,rolling-stock,cold-reserve,line-21 trainset 009,line-21,BEN-SYS-001,,,,fleet,service,metro-4car
BEN-RS-L22-001,line-22-001,rolling-stock,revenue,line-22 trainset 001,line-22,BEN-SYS-001,,,,fleet,service,metro-4car
BEN-RS-L22-002,line-22-002,rolling-stock,revenue,line-22 trainset 002,line-22,BEN-SYS-001,,,,fleet,service,metro-4car
BEN-RS-L22-003,line-22-003,rolling-stock,revenue,line-22 trainset 003,line-22,BEN-SYS-001,,,,fleet,service,metro-4car
BEN-RS-L22-004,line-22-004,rolling-stock,revenue,line-22 trainset 004,line-22,BEN-SYS-001,,,,fleet,service,metro-4car
BEN-RS-L22-005,line-22-005,rolling-stock,revenue,line-22 trainset 005,line-22,BEN-SYS-001,,,,fleet,service,metro-4car
BEN-RS-L22-006,line-22-006,rolling-stock,revenue,line-22 trainset 006,line-22,BEN-SYS-001,,,,fleet,service,metro-4car
BEN-RS-L22-007,line-22-007,rolling-stock,revenue,line-22 trainset 007,line-22,BEN-SYS-001,,,,fleet,service,metro-4car
BEN-RS-L22-008,line-22-008,rolling-stock,revenue,line-22 trainset 008,line-22,BEN-SYS-001,,,,fleet,service,metro-4car
BEN-RS-L22-009,line-22-009,rolling-stock,revenue,line-22 trainset 009,line-22,BEN-SYS-001,,,,fleet,service,metro-4car
BEN-RS-L22-010,line-22-010,rolling-stock,spare,line-22 trainset 010,line-22,BEN-SYS-001,,,,fleet,service,metro-4car
BEN-RS-L22-011,line-22-011,rolling-stock,cold-reserve,line-22 trainset 011,line-22,BEN-SYS-001,,,,fleet,service,metro-4car
BEN-RS-L23-001,line-23-001,rolling-stock,revenue,line-23 trainset 001,line-23,BEN-SYS-001,,,,fleet,service,metro-4car
BEN-RS-L23-002,line-23-002,rolling-stock,revenue,line-23 trainset 002,line-23,BEN-SYS-001,,,,fleet,service,metro-4car
BEN-RS-L23-003,line-23-003,rolling-stock,revenue,line-23 trainset 003,line-23,BEN-SYS-001,,,,fleet,service,metro-4car
BEN-RS-L23-004,line-23-004,rolling-stock,revenue,line-23 trainset 004,line-23,BEN-SYS-001,,,,fleet,service,metro-4car
BEN-RS-L23-005,line-23-005,rolling-stock,revenue,line-23 trainset 005,line-23,BEN-SYS-001,,,,fleet,service,metro-4car
BEN-RS-L23-006,line-23-006,rolling-stock,revenue,line-23 trainset 006,line-23,BEN-SYS-001,,,,fleet,service,metro-4car
BEN-RS-L23-007,line-23-007,rolling-stock,spare,line-23 trainset 007,line-23,BEN-SYS-001,,,,fleet,service,metro-4car
BEN-RS-L23-008,line-23-008,rolling-stock,cold-reserve,line-23 trainset 008,line-23,BEN-SYS-001,,,,fleet,service,metro-4car
BEN-RS-L24-001,line-24-001,rolling-stock,revenue,line-24 trainset 001,line-24,BEN-SYS-001,,,,fleet,service,metro-4car
BEN-RS-L24-002,line-24-002,rolling-stock,revenue,line-24 trainset 002,line-24,BEN-SYS-001,,,,fleet,service,metro-4car
BEN-RS-L24-003,line-24-003,rolling-stock,revenue,line-24 trainset 003,line-24,BEN-SYS-001,,,,fleet,service,metro-4car
BEN-RS-L24-004,line-24-004,rolling-stock,revenue,line-24 trainset 004,line-24,BEN-SYS-001,,,,fleet,service,metro-4car
BEN-RS-L24-005,line-24-005,rolling-stock,revenue,line-24 trainset 005,line-24,BEN-SYS-001,,,,fleet,service,metro-4car
BEN-RS-L24-006,line-24-006,rolling-stock,revenue,line-24 trainset 006,line-24,BEN-SYS-001,,,,fleet,service,metro-4car
BEN-RS-L24-007,line-24-007,rolling-stock,revenue,line-24 trainset 007,line-24,BEN-SYS-001,,,,fleet,service,metro-4car
BEN-RS-L24-008,line-24-008,rolling-stock,revenue,line-24 trainset 008,line-24,BEN-SYS-001,,,,fleet,service,metro-4car
BEN-RS-L24-009,line-24-009,rolling-stock,revenue,line-24 trainset 009,line-24,BEN-SYS-001,,,,fleet,service,metro-4car
BEN-RS-L24-010,line-24-010,rolling-stock,revenue,line-24 trainset 010,line-24,BEN-SYS-001,,,,fleet,service,metro-4car
BEN-RS-L24-011,line-24-011,rolling-stock,revenue,line-24 trainset 011,line-24,BEN-SYS-001,,,,fleet,service,metro-4car
BEN-RS-L24-012,line-24-012,rolling-stock,revenue,line-24 trainset 012,line-24,BEN-SYS-001,,,,fleet,service,metro-4car
BEN-RS-L24-013,line-24-013,rolling-stock,revenue,line-24 trainset 013,line-24,BEN-SYS-001,,,,fleet,service,metro-4car
BEN-RS-L24-014,line-24-014,rolling-stock,spare,line-24 trainset 014,line-24,BEN-SYS-001,,,,fleet,service,metro-4car
BEN-RS-L24-015,line-24-015,rolling-stock,cold-reserve,line-24 trainset 015,line-24,BEN-SYS-001,,,,fleet,service,metro-4car
BEN-RS-L25-001,line-25-001,rolling-stock,revenue,line-25 trainset 001,line-25,BEN-SYS-001,,,,fleet,service,metro-4car
BEN-RS-L25-002,line-25-002,rolling-stock,revenue,line-25 trainset 002,line-25,BEN-SYS-001,,,,fleet,service,metro-4car
BEN-RS-L25-003,line-25-003,rolling-stock,revenue,line-25 trainset 003,line-25,BEN-SYS-001,,,,fleet,service,metro-4car
BEN-RS-L25-004,line-25-004,rolling-stock,revenue,line-25 trainset 004,line-25,BEN-SYS-001,,,,fleet,service,metro-4car
BEN-RS-L25-005,line-25-005,rolling-stock,revenue,line-25 trainset 005,line-25,BEN-SYS-001,,,,fleet,service,metro-4car
BEN-RS-L25-006,line-25-006,rolling-stock,revenue,line-25 trainset 006,line-25,BEN-SYS-001,,,,fleet,service,metro-4car
BEN-RS-L25-007,line-25-007,rolling-stock,revenue,line-25 trainset 007,line-25,BEN-SYS-001,,,,fleet,service,metro-4car
BEN-RS-L25-008,line-25-008,rolling-stock,revenue,line-25 trainset 008,line-25,BEN-SYS-001,,,,fleet,service,metro-4car
BEN-RS-L25-009,line-25-009,rolling-stock,revenue,line-25 trainset 009,line-25,BEN-SYS-001,,,,fleet,service,metro-4car
BEN-RS-L25-010,line-25-010,rolling-stock,revenue,line-25 trainset 010,line-25,BEN-SYS-001,,,,fleet,service,metro-4car
BEN-RS-L25-011,line-25-011,rolling-stock,revenue,line-25 trainset 011,line-25,BEN-SYS-001,,,,fleet,service,metro-4car
BEN-RS-L25-012,line-25-012,rolling-stock,revenue,line-25 trainset 012,line-25,BEN-SYS-001,,,,fleet,service,metro-4car
BEN-RS-L25-013,line-25-013,rolling-stock,revenue,line-25 trainset 013,line-25,BEN-SYS-001,,,,fleet,service,metro-4car
BEN-RS-L25-014,line-25-014,rolling-stock,revenue,line-25 trainset 014,line-25,BEN-SYS-001,,,,fleet,service,metro-4car
BEN-RS-L25-015,line-25-015,rolling-stock,revenue,line-25 trainset 015,line-25,BEN-SYS-001,,,,fleet,service,metro-4car
BEN-RS-L25-016,line-25-016,rolling-stock,revenue,line-25 trainset 016,line-25,BEN-SYS-001,,,,fleet,service,metro-4car
BEN-RS-L25-017,line-25-017,rolling-stock,revenue,line-25 trainset 017,line-25,BEN-SYS-001,,,,fleet,service,metro-4car
BEN-RS-L25-018,line-25-018,rolling-stock,spare,line-25 trainset 018,line-25,BEN-SYS-001,,,,fleet,service,metro-4car
BEN-RS-L25-019,line-25-019,rolling-stock,cold-reserve,line-25 trainset 019,line-25,BEN-SYS-001,,,,fleet,service,metro-4car
BEN-RS-L26-001,line-26-001,rolling-stock,revenue,line-26 trainset 001,line-26,BEN-SYS-001,,,,fleet,service,metro-4car
BEN-RS-L26-002,line-26-002,rolling-stock,revenue,line-26 trainset 002,line-26,BEN-SYS-001,,,,fleet,service,metro-4car
BEN-RS-L26-003,line-26-003,rolling-stock,revenue,line-26 trainset 003,line-26,BEN-SYS-001,,,,fleet,service,metro-4car
BEN-RS-L26-004,line-26-004,rolling-stock,revenue,line-26 trainset 004,line-26,BEN-SYS-001,,,,fleet,service,metro-4car
BEN-RS-L26-005,line-26-005,rolling-stock,revenue,line-26 trainset 005,line-26,BEN-SYS-001,,,,fleet,service,metro-4car
BEN-RS-L26-006,line-26-006,rolling-stock,revenue,line-26 trainset 006,line-26,BEN-SYS-001,,,,fleet,service,metro-4car
BEN-RS-L26-007,line-26-007,rolling-stock,revenue,line-26 trainset 007,line-26,BEN-SYS-001,,,,fleet,service,metro-4car
BEN-RS-L26-008,line-26-008,rolling-stock,revenue,line-26 trainset 008,line-26,BEN-SYS-001,,,,fleet,service,metro-4car
BEN-RS-L26-009,line-26-009,rolling-stock,revenue,line-26 trainset 009,line-26,BEN-SYS-001,,,,fleet,service,metro-4car
BEN-RS-L26-010,line-26-010,rolling-stock,revenue,line-26 trainset 010,line-26,BEN-SYS-001,,,,fleet,service,metro-4car
BEN-RS-L26-011,line-26-011,rolling-stock,spare,line-26 trainset 011,line-26,BEN-SYS-001,,,,fleet,service,metro-4car
BEN-RS-L26-012,line-26-012,rolling-stock,cold-reserve,line-26 trainset 012,line-26,BEN-SYS-001,,,,fleet,service,metro-4car
BEN-RS-L27-001,line-27-001,rolling-stock,revenue,line-27 trainset 001,line-27,BEN-SYS-001,,,,fleet,service,metro-4car
BEN-RS-L27-002,line-27-002,rolling-stock,revenue,line-27 trainset 002,line-27,BEN-SYS-001,,,,fleet,service,metro-4car
BEN-RS-L27-003,line-27-003,rolling-stock,revenue,line-27 trainset 003,line-27,BEN-SYS-001,,,,fleet,service,metro-4car
BEN-RS-L27-004,line-27-004,rolling-stock,revenue,line-27 trainset 004,line-27,BEN-SYS-001,,,,fleet,service,metro-4car
BEN-RS-L27-005,line-27-005,rolling-stock,revenue,line-27 trainset 005,line-27,BEN-SYS-001,,,,fleet,service,metro-4car
BEN-RS-L27-006,line-27-006,rolling-stock,revenue,line-27 trainset 006,line-27,BEN-SYS-001,,,,fleet,service,metro-4car
BEN-RS-L27-007,line-27-007,rolling-stock,revenue,line-27 trainset 007,line-27,BEN-SYS-001,,,,fleet,service,metro-4car
BEN-RS-L27-008,line-27-008,rolling-stock,spare,line-27 trainset 008,line-27,BEN-SYS-001,,,,fleet,service,metro-4car
BEN-RS-L27-009,line-27-009,rolling-stock,cold-reserve,line-27 trainset 009,line-27,BEN-SYS-001,,,,fleet,service,metro-4car
BEN-RS-L28-001,line-28-001,rolling-stock,revenue,line-28 trainset 001,line-28,BEN-SYS-001,,,,fleet,service,metro-4car
BEN-RS-L28-002,line-28-002,rolling-stock,revenue,line-28 trainset 002,line-28,BEN-SYS-001,,,,fleet,service,metro-4car
BEN-RS-L28-003,line-28-003,rolling-stock,revenue,line-28 trainset 003,line-28,BEN-SYS-001,,,,fleet,service,metro-4car
BEN-RS-L28-004,line-28-004,rolling-stock,revenue,line-28 trainset 004,line-28,BEN-SYS-001,,,,fleet,service,metro-4car
BEN-RS-L28-005,line-28-005,rolling-stock,revenue,line-28 trainset 005,line-28,BEN-SYS-001,,,,fleet,service,metro-4car
BEN-RS-L28-006,line-28-006,rolling-stock,revenue,line-28 trainset 006,line-28,BEN-SYS-001,,,,fleet,service,metro-4car
BEN-RS-L28-007,line-28-007,rolling-stock,revenue,line-28 trainset 007,line-28,BEN-SYS-001,,,,fleet,service,metro-4car
BEN-RS-L28-008,line-28-008,rolling-stock,revenue,line-28 trainset 008,line-28,BEN-SYS-001,,,,fleet,service,metro-4car
BEN-RS-L28-009,line-28-009,rolling-stock,revenue,line-28 trainset 009,line-28,BEN-SYS-001,,,,fleet,service,metro-4car
BEN-RS-L28-010,line-28-010,rolling-stock,revenue,line-28 trainset 010,line-28,BEN-SYS-001,,,,fleet,service,metro-4car
BEN-RS-L28-011,line-28-011,rolling-stock,revenue,line-28 trainset 011,line-28,BEN-SYS-001,,,,fleet,service,metro-4car
BEN-RS-L28-012,line-28-012,rolling-stock,revenue,line-28 trainset 012,line-28,BEN-SYS-001,,,,fleet,service,metro-4car
BEN-RS-L28-013,line-28-013,rolling-stock,spare,line-28 trainset 013,line-28,BEN-SYS-001,,,,fleet,service,metro-4car
BEN-RS-L28-014,line-28-014,rolling-stock,cold-reserve,line-28 trainset 014,line-28,BEN-SYS-001,,,,fleet,service,metro-4car
BEN-ST-001,line-1-0546-0922-s000000,station,terminal,line-1-0546-0922-s000000,line-1,BEN-SYS-001,line-1-0546-0922-s000000,0.000,0.000,"6.380748, 5.625457",public,
BEN-ST-002,line-1-0555-0903-s000893,station,interchange,line-1-0555-0903-s000893,line-1,BEN-SYS-001,line-1-0555-0903-s000893,0.892,0.892,"6.379129, 5.622022",public,
BEN-ST-003,line-1-0656-0835-s003593,station,interchange,line-1-0656-0835-s003593,line-1,BEN-SYS-001,line-1-0656-0835-s003593,3.593,3.593,"6.360952, 5.609730",public,
BEN-ST-004,line-1-0717-0795-s005191,station,interchange,line-1-0717-0795-s005191,line-1,BEN-SYS-001,line-1-0717-0795-s005191,5.191,5.191,"6.349974, 5.602499",public,
BEN-ST-005,line-1-0778-0755-s006831,station,interchange,line-1-0778-0755-s006831,line-1,BEN-SYS-001,line-1-0778-0755-s006831,6.830,6.830,"6.338996, 5.595269",public,
BEN-ST-006,line-1-0850-0706-s008811,station,standard,Residential planning stop; site release open,line-1,BEN-SYS-001,line-1-0850-0706-s008811,8.811,8.811,"6.326039, 5.586411",public,
BEN-ST-007,line-1-0911-0666-s010398,station,standard,Residential planning stop; site release open,line-1,BEN-SYS-001,line-1-0911-0666-s010398,10.398,10.398,"6.315061, 5.579181",public,
BEN-ST-008,line-1-0971-0626-s011988,station,interchange,Residential planning stop; site release open,line-1,BEN-SYS-001,line-1-0971-0626-s011988,11.988,11.988,"6.304263, 5.571950",public,
BEN-ST-009,line-1-0977-0621-s012161,station,interchange,line-1-0977-0621-s012161,line-1,BEN-SYS-001,line-1-0977-0621-s012161,12.161,12.161,"6.303183, 5.571046",public,
BEN-ST-010,line-1-1029-0587-s013564,station,terminal,PRIMARY HEALTH CARE,line-1,BEN-SYS-001,line-1-1029-0587-s013564,13.564,13.564,"6.293825, 5.564900",public,
BEN-ST-011,line-10-0672-0659-s000000,station,terminal,OSASIMA NURSING AND MATERNITY HOME,line-10,BEN-SYS-001,line-10-0672-0659-s000000,0.000,0.000,"6.358073, 5.577915",public,
BEN-ST-012,line-10-0650-0637-s000622,station,interchange,line-10-0650-0637-s000622,line-10,BEN-SYS-001,line-10-0650-0637-s000622,0.622,0.622,"6.362032, 5.573938",public,
BEN-ST-013,line-10-0612-0588-s001917,station,interchange,Residential planning stop; site release open,line-10,BEN-SYS-001,line-10-0612-0588-s001917,1.917,1.917,"6.368871, 5.565081",public,
BEN-ST-014,line-10-0536-0588-s003437,station,standard,Residential planning stop; site release open,line-10,BEN-SYS-001,line-10-0536-0588-s003437,3.437,3.437,"6.382548, 5.565081",public,
BEN-ST-015,line-10-0489-0687-s005806,station,terminal,line-10-0489-0687-s005806,line-10,BEN-SYS-001,line-10-0489-0687-s005806,5.806,5.806,"6.391007, 5.582977",public,
BEN-ST-016,line-11-1076-0936-s000000,station,terminal,line-11-1076-0936-s000000,line-11,BEN-SYS-001,line-11-1076-0936-s000000,0.000,0.000,"6.285366, 5.627987",public,
BEN-ST-017,line-11-1013-1062-s003042,station,standard,Residential planning stop; site release open,line-11,BEN-SYS-001,line-11-1013-1062-s003042,3.042,3.042,"6.296704, 5.650764",public,
BEN-ST-018,line-11-0937-1062-s004562,station,interchange,Residential planning stop; site release open,line-11,BEN-SYS-001,line-11-0937-1062-s004562,4.562,4.562,"6.310382, 5.650764",public,
BEN-ST-019,line-11-0935-1064-s004618,station,terminal,line-11-0935-1064-s004618,line-11,BEN-SYS-001,line-11-0935-1064-s004618,4.619,4.619,"6.310742, 5.651125",public,
BEN-ST-020,line-12-0971-0626-s000000,station,terminal,line-12-0971-0626-s000000,line-12,BEN-SYS-001,line-12-0971-0626-s000000,0.000,0.000,"6.304263, 5.571950",public,
BEN-ST-021,line-12-0963-0738-s002720,station,terminal,line-12-0963-0738-s002720,line-12,BEN-SYS-001,line-12-0963-0738-s002720,2.720,2.720,"6.305703, 5.592196",public,
BEN-ST-022,line-13-1063-0710-s000000,station,terminal,AREA GULY NPDC BENIN,line-13,BEN-SYS-001,line-13-1063-0710-s000000,0.000,0.000,"6.287706, 5.587134",public,
BEN-ST-023,line-13-1089-0659-s001235,station,standard,Residential planning stop; site release open,line-13,BEN-SYS-001,line-13-1089-0659-s001235,1.235,1.235,"6.283027, 5.577915",public,
BEN-ST-024,line-13-1237-0686-s004419,station,halt,Residential planning stop; site release open,line-13,BEN-SYS-001,line-13-1237-0686-s004419,4.419,4.419,"6.256392, 5.582796",public,
BEN-ST-025,line-13-1237-0763-s005959,station,terminal,line-13-1237-0763-s005959,line-13,BEN-SYS-001,line-13-1237-0763-s005959,5.959,5.959,"6.256392, 5.596715",public,
BEN-ST-026,line-14-0743-0957-s000000,station,terminal,Vegetable Market,line-14,BEN-SYS-001,line-14-0743-0957-s000000,0.000,0.000,"6.345295, 5.631783",public,
BEN-ST-027,line-14-0819-1056-s002750,station,terminal,Edo College,line-14,BEN-SYS-001,line-14-0819-1056-s002750,2.750,2.750,"6.331618, 5.649679",public,
BEN-ST-028,line-15-1029-0587-s000000,station,terminal,PRIMARY HEALTH CARE,line-15,BEN-SYS-001,line-15-1029-0587-s000000,0.000,0.000,"6.293825, 5.564900",public,
BEN-ST-029,line-15-1029-0547-s000800,station,interchange,Residential planning stop; site release open,line-15,BEN-SYS-001,line-15-1029-0547-s000800,0.800,0.800,"6.293825, 5.557669",public,
BEN-ST-030,line-15-1088-0437-s003489,station,halt,Residential planning stop; site release open,line-15,BEN-SYS-001,line-15-1088-0437-s003489,3.489,3.489,"6.283207, 5.537785",public,
BEN-ST-031,line-15-1113-0362-s005196,station,terminal,ARMY CANT PDE GRD EKEHUNWA BENIN,line-15,BEN-SYS-001,line-15-1113-0362-s005196,5.196,5.196,"6.278708, 5.524228",public,
BEN-ST-032,line-16-0588-0826-s000000,station,terminal,line-16-0588-0826-s000000,line-16,BEN-SYS-001,line-16-0588-0826-s000000,0.000,0.000,"6.373190, 5.608103",public,
BEN-ST-033,line-16-0537-0807-s001177,station,interchange,Residential planning stop; site release open,line-16,BEN-SYS-001,line-16-0537-0807-s001177,1.177,1.177,"6.382368, 5.604669",public,
BEN-ST-034,line-16-0462-0862-s003215,station,standard,Residential planning stop; site release open,line-16,BEN-SYS-001,line-16-0462-0862-s003215,3.215,3.215,"6.395866, 5.614611",public,
BEN-ST-035,line-16-0541-0944-s005510,station,interchange,government science and tecnology,line-16,BEN-SYS-001,line-16-0541-0944-s005510,5.510,5.510,"6.381648, 5.629434",public,
BEN-ST-036,line-16-0550-0968-s006064,station,interchange,line-16-0550-0968-s006064,line-16,BEN-SYS-001,line-16-0550-0968-s006064,6.064,6.064,"6.380029, 5.633772",public,
BEN-ST-037,line-16-0568-1016-s007173,station,interchange,line-16-0568-1016-s007173,line-16,BEN-SYS-001,line-16-0568-1016-s007173,7.173,7.173,"6.376789, 5.642449",public,
BEN-ST-038,line-16-0602-1062-s008375,station,standard,Residential planning stop; site release open,line-16,BEN-SYS-001,line-16-0602-1062-s008375,8.375,8.375,"6.370670, 5.650764",public,
BEN-ST-039,line-16-0612-1138-s009978,station,standard,Residential planning stop; site release open,line-16,BEN-SYS-001,line-16-0612-1138-s009978,9.978,9.978,"6.368871, 5.664502",public,
BEN-ST-040,line-16-0715-1204-s012584,station,terminal,line-16-0715-1204-s012584,line-16,BEN-SYS-001,line-16-0715-1204-s012584,12.584,12.584,"6.350334, 5.676433",public,
BEN-ST-041,line-17-0683-0655-s000000,station,terminal,line-17-0683-0655-s000000,line-17,BEN-SYS-001,line-17-0683-0655-s000000,0.000,0.000,"6.356093, 5.577192",public,
BEN-ST-042,line-17-0687-0588-s001373,station,standard,Residential planning stop; site release open,line-17,BEN-SYS-001,line-17-0687-0588-s001373,1.373,1.373,"6.355373, 5.565081",public,
BEN-ST-043,line-17-0786-0562-s003569,station,terminal,line-17-0786-0562-s003569,line-17,BEN-SYS-001,line-17-0786-0562-s003569,3.568,3.568,"6.337557, 5.560381",public,
BEN-ST-044,line-18-0672-0659-s000000,station,terminal,OSASIMA NURSING AND MATERNITY HOME,line-18,BEN-SYS-001,line-18-0672-0659-s000000,0.000,0.000,"6.358073, 5.577915",public,
BEN-ST-045,line-18-0650-0637-s000622,station,interchange,line-18-0650-0637-s000622,line-18,BEN-SYS-001,line-18-0650-0637-s000622,0.622,0.622,"6.362032, 5.573938",public,
BEN-ST-046,line-18-0610-0565-s002394,station,interchange,Residential planning stop; site release open,line-18,BEN-SYS-001,line-18-0610-0565-s002394,2.394,2.394,"6.369231, 5.560923",public,
BEN-ST-047,line-18-0562-0514-s003811,station,standard,Residential planning stop; site release open,line-18,BEN-SYS-001,line-18-0562-0514-s003811,3.811,3.811,"6.377869, 5.551704",public,
BEN-ST-048,line-18-0466-0517-s005756,station,halt,Residential planning stop; site release open,line-18,BEN-SYS-001,line-18-0466-0517-s005756,5.756,5.756,"6.395146, 5.552246",public,
BEN-ST-049,line-18-0463-0613-s007701,station,terminal,line-18-0463-0613-s007701,line-18,BEN-SYS-001,line-18-0463-0613-s007701,7.701,7.701,"6.395686, 5.569600",public,
BEN-ST-050,line-19-0977-0621-s000000,station,terminal,line-19-0977-0621-s000000,line-19,BEN-SYS-001,line-19-0977-0621-s000000,0.000,0.000,"6.303183, 5.571046",public,
BEN-ST-051,line-19-0936-0562-s001520,station,standard,Residential planning stop; site release open,line-19,BEN-SYS-001,line-19-0936-0562-s001520,1.520,1.520,"6.310562, 5.560381",public,
BEN-ST-052,line-19-0863-0588-s003195,station,terminal,line-19-0863-0588-s003195,line-19,BEN-SYS-001,line-19-0863-0588-s003195,3.195,3.195,"6.323699, 5.565081",public,
BEN-ST-053,line-2-1498-0986-s000000,station,terminal,Okha,line-2,BEN-SYS-001,line-2-1498-0986-s000000,0.000,0.000,"6.209421, 5.637026",public,
BEN-ST-054,line-2-1385-0987-s002398,station,halt,Residential planning stop; site release open,line-2,BEN-SYS-001,line-2-1385-0987-s002398,2.398,2.398,"6.229757, 5.637206",public,
BEN-ST-055,line-2-1306-0984-s004003,station,halt,Residential planning stop; site release open,line-2,BEN-SYS-001,line-2-1306-0984-s004003,4.003,4.003,"6.243974, 5.636664",public,
BEN-ST-056,line-2-1231-0973-s005594,station,halt,Residential planning stop; site release open,line-2,BEN-SYS-001,line-2-1231-0973-s005594,5.594,5.594,"6.257472, 5.634676",public,
BEN-ST-057,line-2-1138-0950-s007668,station,interchange,line-2-1138-0950-s007668,line-2,BEN-SYS-001,line-2-1138-0950-s007668,7.668,7.668,"6.274209, 5.630518",public,
BEN-ST-058,line-2-1076-0936-s009036,station,interchange,line-2-1076-0936-s009036,line-2,BEN-SYS-001,line-2-1076-0936-s009036,9.036,9.036,"6.285366, 5.627987",public,
BEN-ST-059,line-2-1014-0921-s010400,station,standard,Residential planning stop; site release open,line-2,BEN-SYS-001,line-2-1014-0921-s010400,10.400,10.400,"6.296524, 5.625276",public,
BEN-ST-060,line-2-0929-0900-s012286,station,interchange,line-2-0929-0900-s012286,line-2,BEN-SYS-001,line-2-0929-0900-s012286,12.286,12.286,"6.311821, 5.621480",public,
BEN-ST-061,line-2-0887-0890-s013208,station,interchange,line-2-0887-0890-s013208,line-2,BEN-SYS-001,line-2-0887-0890-s013208,13.208,13.208,"6.319380, 5.619672",public,
BEN-ST-062,line-2-0773-0863-s015724,station,interchange,line-2-0773-0863-s015724,line-2,BEN-SYS-001,line-2-0773-0863-s015724,15.724,15.724,"6.339896, 5.614791",public,
BEN-ST-063,line-2-0748-0857-s016274,station,interchange,line-2-0748-0857-s016274,line-2,BEN-SYS-001,line-2-0748-0857-s016274,16.273,16.273,"6.344395, 5.613707",public,
BEN-ST-064,line-2-0696-0845-s017413,station,interchange,line-2-0696-0845-s017413,line-2,BEN-SYS-001,line-2-0696-0845-s017413,17.413,17.413,"6.353754, 5.611538",public,
BEN-ST-065,line-2-0656-0835-s018307,station,interchange,line-2-0656-0835-s018307,line-2,BEN-SYS-001,line-2-0656-0835-s018307,18.308,18.308,"6.360952, 5.609730",public,
BEN-ST-066,line-2-0592-0820-s019726,station,interchange,line-2-0592-0820-s019726,line-2,BEN-SYS-001,line-2-0592-0820-s019726,19.726,19.726,"6.372470, 5.607019",public,
BEN-ST-067,line-2-0537-0807-s020931,station,interchange,line-2-0537-0807-s020931,line-2,BEN-SYS-001,line-2-0537-0807-s020931,20.931,20.931,"6.382368, 5.604669",public,
BEN-ST-068,line-2-0485-0794-s022091,station,terminal,Itidiare Care,line-2,BEN-SYS-001,line-2-0485-0794-s022091,22.091,22.091,"6.391726, 5.602319",public,
BEN-ST-069,line-20-1029-0587-s000000,station,terminal,PRIMARY HEALTH CARE,line-20,BEN-SYS-001,line-20-1029-0587-s000000,0.000,0.000,"6.293825, 5.564900",public,
BEN-ST-070,line-20-1139-0537-s002614,station,halt,Residential planning stop; site release open,line-20,BEN-SYS-001,line-20-1139-0537-s002614,2.614,2.614,"6.274029, 5.555862",public,
BEN-ST-071,line-20-1187-0614-s004552,station,terminal,line-20-1187-0614-s004552,line-20,BEN-SYS-001,line-20-1187-0614-s004552,4.552,4.552,"6.265390, 5.569781",public,
BEN-ST-072,line-21-1073-1233-s000000,station,terminal,line-21-1073-1233-s000000,line-21,BEN-SYS-001,line-21-1073-1233-s000000,0.000,0.000,"6.285906, 5.681675",public,
BEN-ST-073,line-21-1161-1164-s002332,station,terminal,line-21-1161-1164-s002332,line-21,BEN-SYS-001,line-21-1161-1164-s002332,2.332,2.332,"6.270069, 5.669202",public,
BEN-ST-074,line-22-0696-0845-s000000,station,terminal,Azuwa Hospital,line-22,BEN-SYS-001,line-22-0696-0845-s000000,0.000,0.000,"6.353754, 5.611538",public,
BEN-ST-075,line-22-0689-0886-s000878,station,interchange,Residential planning stop; site release open,line-22,BEN-SYS-001,line-22-0689-0886-s000878,0.878,0.878,"6.355013, 5.618949",public,
BEN-ST-076,line-22-0615-0913-s002582,station,terminal,A1 Winnes Maternity and Nursing Home,line-22,BEN-SYS-001,line-22-0615-0913-s002582,2.582,2.582,"6.368331, 5.623830",public,
BEN-ST-077,line-23-1029-0587-s000000,station,terminal,PRIMARY HEALTH CARE,line-23,BEN-SYS-001,line-23-1029-0587-s000000,0.000,0.000,"6.293825, 5.564900",public,
BEN-ST-078,line-23-0987-0490-s002288,station,terminal,line-23-0987-0490-s002288,line-23,BEN-SYS-001,line-23-0987-0490-s002288,2.288,2.288,"6.301383, 5.547366",public,
BEN-ST-079,line-24-0658-0995-s000000,station,terminal,line-24-0658-0995-s000000,line-24,BEN-SYS-001,line-24-0658-0995-s000000,0.000,0.000,"6.360592, 5.638653",public,
BEN-ST-080,line-24-0686-1083-s001992,station,standard,Residential planning stop; site release open,line-24,BEN-SYS-001,line-24-0686-1083-s001992,1.992,1.992,"6.355553, 5.654560",public,
BEN-ST-081,line-24-0797-1088-s004432,station,interchange,line-24-0797-1088-s004432,line-24,BEN-SYS-001,line-24-0797-1088-s004432,4.432,4.432,"6.335577, 5.655464",public,
BEN-ST-082,line-24-0863-1088-s005752,station,terminal,line-24-0863-1088-s005752,line-24,BEN-SYS-001,line-24-0863-1088-s005752,5.752,5.752,"6.323699, 5.655464",public,
BEN-ST-083,line-25-1029-0587-s000000,station,terminal,PRIMARY HEALTH CARE,line-25,BEN-SYS-001,line-25-1029-0587-s000000,0.000,0.000,"6.293825, 5.564900",public,
BEN-ST-084,line-25-1029-0547-s000800,station,interchange,Residential planning stop; site release open,line-25,BEN-SYS-001,line-25-1029-0547-s000800,0.800,0.800,"6.293825, 5.557669",public,
BEN-ST-085,line-25-1030-0468-s002388,station,halt,Residential planning stop; site release open,line-25,BEN-SYS-001,line-25-1030-0468-s002388,2.388,2.388,"6.293645, 5.543389",public,
BEN-ST-086,line-25-1038-0362-s004575,station,halt,Residential planning stop; site release open,line-25,BEN-SYS-001,line-25-1038-0362-s004575,4.575,4.575,"6.292205, 5.524228",public,
BEN-ST-087,line-25-1088-0289-s006449,station,halt,Residential planning stop; site release open,line-25,BEN-SYS-001,line-25-1088-0289-s006449,6.449,6.449,"6.283207, 5.511032",public,
BEN-ST-088,line-25-1185-0339-s008803,station,terminal,line-25-1185-0339-s008803,line-25,BEN-SYS-001,line-25-1185-0339-s008803,8.803,8.803,"6.265750, 5.520070",public,
BEN-ST-089,line-26-0908-1030-s000000,station,terminal,line-26-0908-1030-s000000,line-26,BEN-SYS-001,line-26-0908-1030-s000000,0.000,0.000,"6.315601, 5.644979",public,
BEN-ST-090,line-26-0902-0940-s003026,station,interchange,Residential planning stop; site release open,line-26,BEN-SYS-001,line-26-0902-0940-s003026,3.026,3.026,"6.316681, 5.628710",public,
BEN-ST-091,line-26-0888-0890-s004217,station,terminal,National Veterinary Reseach Institute,line-26,BEN-SYS-001,line-26-0888-0890-s004217,4.217,4.217,"6.319200, 5.619672",public,
BEN-ST-092,line-27-1138-0950-s000000,station,terminal,Maviscope Hospital & Fertility Centre,line-27,BEN-SYS-001,line-27-1138-0950-s000000,0.000,0.000,"6.274209, 5.630518",public,
BEN-ST-093,line-27-1161-0837-s002451,station,terminal,line-27-1161-0837-s002451,line-27,BEN-SYS-001,line-27-1161-0837-s002451,2.450,2.450,"6.270069, 5.610092",public,
BEN-ST-094,line-28-0575-0984-s000000,station,terminal,Osimike Health Service,line-28,BEN-SYS-001,line-28-0575-0984-s000000,0.000,0.000,"6.375529, 5.636664",public,
BEN-ST-095,line-28-0568-1016-s000698,station,interchange,line-28-0568-1016-s000698,line-28,BEN-SYS-001,line-28-0568-1016-s000698,0.698,0.698,"6.376789, 5.642449",public,
BEN-ST-096,line-28-0537-1138-s003395,station,halt,Residential planning stop; site release open,line-28,BEN-SYS-001,line-28-0537-1138-s003395,3.395,3.395,"6.382368, 5.664502",public,
BEN-ST-097,line-28-0589-1210-s005266,station,terminal,line-28-0589-1210-s005266,line-28,BEN-SYS-001,line-28-0589-1210-s005266,5.266,5.266,"6.373010, 5.677517",public,
BEN-ST-098,line-3-0645-0697-s000000,station,terminal,Olomuza Market,line-3,BEN-SYS-001,line-3-0645-0697-s000000,0.000,0.000,"6.362932, 5.584784",public,
BEN-ST-099,line-3-0643-0704-s000432,station,interchange,Olomuza Market,line-3,BEN-SYS-001,line-3-0643-0704-s000432,0.432,0.432,"6.363292, 5.586050",public,
BEN-ST-100,line-3-0717-0795-s003090,station,interchange,line-3-0717-0795-s003090,line-3,BEN-SYS-001,line-3-0717-0795-s003090,3.090,3.090,"6.349974, 5.602499",public,
BEN-ST-101,line-3-0759-0846-s004587,station,interchange,line-3-0759-0846-s004587,line-3,BEN-SYS-001,line-3-0759-0846-s004587,4.587,4.587,"6.342416, 5.611718",public,
BEN-ST-102,line-3-0773-0863-s005066,station,interchange,line-3-0773-0863-s005066,line-3,BEN-SYS-001,line-3-0773-0863-s005066,5.066,5.066,"6.339896, 5.614791",public,
BEN-ST-103,line-3-0820-0922-s006753,station,interchange,Harvesters Int'l Theological Seminary,line-3,BEN-SYS-001,line-3-0820-0922-s006753,6.753,6.753,"6.331438, 5.625457",public,
BEN-ST-104,line-3-0871-0984-s008533,station,interchange,line-3-0871-0984-s008533,line-3,BEN-SYS-001,line-3-0871-0984-s008533,8.533,8.533,"6.322259, 5.636664",public,
BEN-ST-105,line-3-0908-1030-s009841,station,interchange,line-3-0908-1030-s009841,line-3,BEN-SYS-001,line-3-0908-1030-s009841,9.841,9.841,"6.315601, 5.644979",public,
BEN-ST-106,line-3-0935-1064-s010803,station,interchange,line-3-0935-1064-s010803,line-3,BEN-SYS-001,line-3-0935-1064-s010803,10.803,10.803,"6.310742, 5.651125",public,
BEN-ST-107,line-3-1014-1161-s013609,station,halt,Residential planning stop; site release open,line-3,BEN-SYS-001,line-3-1014-1161-s013609,13.609,13.609,"6.296524, 5.668660",public,
BEN-ST-108,line-3-1073-1233-s015702,station,interchange,line-3-1073-1233-s015702,line-3,BEN-SYS-001,line-3-1073-1233-s015702,15.701,15.701,"6.285906, 5.681675",public,
BEN-ST-109,line-3-1134-1326-s018395,station,halt,Residential planning stop; site release open,line-3,BEN-SYS-001,line-3-1134-1326-s018395,18.395,18.395,"6.274928, 5.698486",public,
BEN-ST-110,line-3-1159-1384-s020008,station,halt,Residential planning stop; site release open,line-3,BEN-SYS-001,line-3-1159-1384-s020008,20.008,20.008,"6.270429, 5.708971",public,
BEN-ST-111,line-3-1182-1442-s021586,station,halt,Residential planning stop; site release open,line-3,BEN-SYS-001,line-3-1182-1442-s021586,21.586,21.586,"6.266290, 5.719455",public,
BEN-ST-112,line-3-1244-1468-s023269,station,depot-terminal,UKHIRI HEALTH CENTRE,line-3,BEN-SYS-001,line-3-1244-1468-s023269,23.269,23.269,"6.255132, 5.724155",public,
BEN-ST-113,line-4-0480-1452-s000000,station,terminal,Wedding RCC Rd Benin,line-4,BEN-SYS-001,line-4-0480-1452-s000000,0.000,0.000,"6.392626, 5.721263",public,
BEN-ST-114,line-4-0536-1390-s002400,station,halt,Residential planning stop; site release open,line-4,BEN-SYS-001,line-4-0536-1390-s002400,2.400,2.400,"6.382548, 5.710055",public,
BEN-ST-115,line-4-0561-1333-s003993,station,halt,Residential planning stop; site release open,line-4,BEN-SYS-001,line-4-0561-1333-s003993,3.993,3.993,"6.378049, 5.699752",public,
BEN-ST-116,line-4-0618-1321-s005602,station,halt,Residential planning stop; site release open,line-4,BEN-SYS-001,line-4-0618-1321-s005602,5.602,5.602,"6.367791, 5.697582",public,
BEN-ST-117,line-4-0669-1270-s007197,station,halt,Residential planning stop; site release open,line-4,BEN-SYS-001,line-4-0669-1270-s007197,7.197,7.197,"6.358613, 5.688363",public,
BEN-ST-118,line-4-0715-1204-s009004,station,interchange,line-4-0715-1204-s009004,line-4,BEN-SYS-001,line-4-0715-1204-s009004,9.004,9.004,"6.350334, 5.676433",public,
BEN-ST-119,line-4-0751-1154-s010396,station,standard,Residential planning stop; site release open,line-4,BEN-SYS-001,line-4-0751-1154-s010396,10.396,10.396,"6.343855, 5.667394",public,
BEN-ST-120,line-4-0797-1088-s012202,station,interchange,line-4-0797-1088-s012202,line-4,BEN-SYS-001,line-4-0797-1088-s012202,12.202,12.202,"6.335577, 5.655464",public,
BEN-ST-121,line-4-0819-1056-s013071,station,interchange,line-4-0819-1056-s013071,line-4,BEN-SYS-001,line-4-0819-1056-s013071,13.071,13.071,"6.331618, 5.649679",public,
BEN-ST-122,line-4-0871-0984-s015071,station,interchange,line-4-0871-0984-s015071,line-4,BEN-SYS-001,line-4-0871-0984-s015071,15.071,15.071,"6.322259, 5.636664",public,
BEN-ST-123,line-4-0902-0940-s016278,station,interchange,line-4-0902-0940-s016278,line-4,BEN-SYS-001,line-4-0902-0940-s016278,16.278,16.278,"6.316681, 5.628710",public,
BEN-ST-124,line-4-0929-0900-s017360,station,interchange,line-4-0929-0900-s017360,line-4,BEN-SYS-001,line-4-0929-0900-s017360,17.360,17.360,"6.311821, 5.621480",public,
BEN-ST-125,line-4-0997-0804-s020008,station,standard,Residential planning stop; site release open,line-4,BEN-SYS-001,line-4-0997-0804-s020008,20.008,20.008,"6.299584, 5.604126",public,
BEN-ST-126,line-4-1029-0759-s021243,station,interchange,line-4-1029-0759-s021243,line-4,BEN-SYS-001,line-4-1029-0759-s021243,21.243,21.243,"6.293825, 5.595992",public,
BEN-ST-127,line-4-1063-0710-s022587,station,terminal,AREA GULY NPDC BENIN,line-4,BEN-SYS-001,line-4-1063-0710-s022587,22.587,22.587,"6.287706, 5.587134",public,
BEN-ST-128,line-5-0645-0697-s000290,station,interchange,line-5-0645-0697-s000290,line-5,BEN-SYS-001,line-5-0645-0697-s000290,0.290,0.290,"6.362932, 5.584784",public,
BEN-ST-129,line-5-0643-0704-s000440,station,interchange,Olomuza Market,line-5,BEN-SYS-001,line-5-0643-0704-s000440,0.440,0.440,"6.363292, 5.586050",public,
BEN-ST-130,line-5-0616-0763-s001897,station,interchange,line-5-0616-0763-s001897,line-5,BEN-SYS-001,line-5-0616-0763-s001897,1.897,1.897,"6.368151, 5.596715",public,
BEN-ST-131,line-5-0592-0820-s003253,station,interchange,line-5-0592-0820-s003253,line-5,BEN-SYS-001,line-5-0592-0820-s003253,3.253,3.253,"6.372470, 5.607019",public,
BEN-ST-132,line-5-0588-0826-s003424,station,interchange,line-5-0588-0826-s003424,line-5,BEN-SYS-001,line-5-0588-0826-s003424,3.424,3.424,"6.373190, 5.608103",public,
BEN-ST-133,line-5-0555-0903-s005284,station,interchange,line-5-0555-0903-s005284,line-5,BEN-SYS-001,line-5-0555-0903-s005284,5.284,5.284,"6.379129, 5.622022",public,
BEN-ST-134,line-5-0546-0922-s005750,station,interchange,line-5-0546-0922-s005750,line-5,BEN-SYS-001,line-5-0546-0922-s005750,5.750,5.750,"6.380748, 5.625457",public,
BEN-ST-135,line-5-0541-0944-s006232,station,interchange,government science and tecnology,line-5,BEN-SYS-001,line-5-0541-0944-s006232,6.232,6.232,"6.381648, 5.629434",public,
BEN-ST-136,line-5-0550-0968-s006798,station,interchange,line-5-0550-0968-s006798,line-5,BEN-SYS-001,line-5-0550-0968-s006798,6.798,6.798,"6.380029, 5.633772",public,
BEN-ST-137,line-5-0575-0984-s007478,station,interchange,line-5-0575-0984-s007478,line-5,BEN-SYS-001,line-5-0575-0984-s007478,7.478,7.478,"6.375529, 5.636664",public,
BEN-ST-138,line-5-0658-0995-s009278,station,interchange,line-5-0658-0995-s009278,line-5,BEN-SYS-001,line-5-0658-0995-s009278,9.278,9.278,"6.360592, 5.638653",public,
BEN-ST-139,line-5-0743-0957-s011328,station,interchange,Vegetable Market,line-5,BEN-SYS-001,line-5-0743-0957-s011328,11.328,11.328,"6.345295, 5.631783",public,
BEN-ST-140,line-5-0820-0922-s013217,station,interchange,Harvesters Int'l Theological Seminary,line-5,BEN-SYS-001,line-5-0820-0922-s013217,13.217,13.217,"6.331438, 5.625457",public,
BEN-ST-141,line-5-0887-0890-s014857,station,interchange,line-5-0887-0890-s014857,line-5,BEN-SYS-001,line-5-0887-0890-s014857,14.857,14.857,"6.319380, 5.619672",public,
BEN-ST-142,line-5-0898-0808-s016808,station,standard,Residential planning stop; site release open,line-5,BEN-SYS-001,line-5-0898-0808-s016808,16.808,16.808,"6.317400, 5.604849",public,
BEN-ST-143,line-5-0834-0789-s018292,station,interchange,line-5-0834-0789-s018292,line-5,BEN-SYS-001,line-5-0834-0789-s018292,18.292,18.292,"6.328918, 5.601415",public,
BEN-ST-144,line-5-0778-0755-s019825,station,interchange,line-5-0778-0755-s019825,line-5,BEN-SYS-001,line-5-0778-0755-s019825,19.825,19.825,"6.338996, 5.595269",public,
BEN-ST-145,line-5-0725-0696-s021594,station,interchange,Residential planning stop; site release open,line-5,BEN-SYS-001,line-5-0725-0696-s021594,21.594,21.594,"6.348535, 5.584604",public,
BEN-ST-146,line-5-0683-0655-s022926,station,interchange,line-5-0683-0655-s022926,line-5,BEN-SYS-001,line-5-0683-0655-s022926,22.926,22.926,"6.356093, 5.577192",public,
BEN-ST-147,line-5-0672-0660-s023199,station,interchange,Residential planning stop; site release open,line-5,BEN-SYS-001,line-5-0672-0660-s023199,23.199,23.199,"6.358073, 5.578096",public,
BEN-ST-148,line-6-0616-0763-s000000,station,terminal,line-6-0616-0763-s000000,line-6,BEN-SYS-001,line-6-0616-0763-s000000,0.000,0.000,"6.368151, 5.596715",public,
BEN-ST-149,line-6-0562-0662-s002795,station,terminal,line-6-0562-0662-s002795,line-6,BEN-SYS-001,line-6-0562-0662-s002795,2.795,2.795,"6.377869, 5.578458",public,
BEN-ST-150,line-7-0727-0697-s000000,station,terminal,line-7-0727-0697-s000000,line-7,BEN-SYS-001,line-7-0727-0697-s000000,0.000,0.000,"6.348175, 5.584784",public,
BEN-ST-151,line-7-0786-0638-s001669,station,standard,Residential planning stop; site release open,line-7,BEN-SYS-001,line-7-0786-0638-s001669,1.669,1.669,"6.337557, 5.574119",public,
BEN-ST-152,line-7-0863-0588-s003623,station,terminal,line-7-0863-0588-s003623,line-7,BEN-SYS-001,line-7-0863-0588-s003623,3.623,3.623,"6.323699, 5.565081",public,
BEN-ST-153,line-8-1029-0759-s000000,station,terminal,line-8-1029-0759-s000000,line-8,BEN-SYS-001,line-8-1029-0759-s000000,0.000,0.000,"6.293825, 5.595992",public,
BEN-ST-154,line-8-1138-0763-s002679,station,standard,Residential planning stop; site release open,line-8,BEN-SYS-001,line-8-1138-0763-s002679,2.679,2.679,"6.274209, 5.596715",public,
BEN-ST-155,line-8-1161-0687-s004390,station,terminal,line-8-1161-0687-s004390,line-8,BEN-SYS-001,line-8-1161-0687-s004390,4.390,4.390,"6.270069, 5.582977",public,
BEN-ST-156,line-9-0834-0789-s000000,station,terminal,line-9-0834-0789-s000000,line-9,BEN-SYS-001,line-9-0834-0789-s000000,0.000,0.000,"6.328918, 5.601415",public,
BEN-ST-157,line-9-0759-0846-s002242,station,interchange,line-9-0759-0846-s002242,line-9,BEN-SYS-001,line-9-0759-0846-s002242,2.242,2.242,"6.342416, 5.611718",public,
BEN-ST-158,line-9-0748-0857-s002553,station,interchange,line-9-0748-0857-s002553,line-9,BEN-SYS-001,line-9-0748-0857-s002553,2.553,2.553,"6.344395, 5.613707",public,
BEN-ST-159,line-9-0689-0886-s003973,station,terminal,line-9-0689-0886-s003973,line-9,BEN-SYS-001,line-9-0689-0886-s003973,3.973,3.973,"6.355013, 5.618949",public,
BEN-TRK-L1-001,line-1-0546-0922-s000000--line-1-0555-0903-s000893,track-section,standard-urban,line-1 section 001,line-1,BEN-SYS-001,line-1-0546-0922-s000000 to line-1-0555-0903-s000893,0.000,0.892,line-1-0546-0922-s000000 to line-1-0555-0903-s000893,safety,
BEN-WPT-L1-001,w-node-line-1-0546-0922-s000000--line-1-0555-0903-s000893,waypoint,wayside-node,line-1 waypoint 001,line-1,BEN-TRK-L1-001,line-1-0546-0922-s000000 to line-1-0555-0903-s000893,0.446,0.446,line-1-0546-0922-s000000 to line-1-0555-0903-s000893 midpoint W-Node,safety,
BEN-TRK-L1-002,line-1-0555-0903-s000893--line-1-0656-0835-s003593,track-section,standard-urban,line-1 section 002,line-1,BEN-SYS-001,line-1-0555-0903-s000893 to line-1-0656-0835-s003593,0.892,3.593,line-1-0555-0903-s000893 to line-1-0656-0835-s003593,safety,
BEN-WPT-L1-002,w-node-line-1-0555-0903-s000893--line-1-0656-0835-s003593,waypoint,wayside-node,line-1 waypoint 002,line-1,BEN-TRK-L1-002,line-1-0555-0903-s000893 to line-1-0656-0835-s003593,2.243,2.243,line-1-0555-0903-s000893 to line-1-0656-0835-s003593 midpoint W-Node,safety,
BEN-TRK-L1-003,line-1-0656-0835-s003593--line-1-0717-0795-s005191,track-section,standard-urban,line-1 section 003,line-1,BEN-SYS-001,line-1-0656-0835-s003593 to line-1-0717-0795-s005191,3.593,5.191,line-1-0656-0835-s003593 to line-1-0717-0795-s005191,safety,
BEN-WPT-L1-003,w-node-line-1-0656-0835-s003593--line-1-0717-0795-s005191,waypoint,wayside-node,line-1 waypoint 003,line-1,BEN-TRK-L1-003,line-1-0656-0835-s003593 to line-1-0717-0795-s005191,4.392,4.392,line-1-0656-0835-s003593 to line-1-0717-0795-s005191 midpoint W-Node,safety,
BEN-TRK-L1-004,line-1-0717-0795-s005191--line-1-0778-0755-s006831,track-section,standard-urban,line-1 section 004,line-1,BEN-SYS-001,line-1-0717-0795-s005191 to line-1-0778-0755-s006831,5.191,6.830,line-1-0717-0795-s005191 to line-1-0778-0755-s006831,safety,
BEN-WPT-L1-004,w-node-line-1-0717-0795-s005191--line-1-0778-0755-s006831,waypoint,wayside-node,line-1 waypoint 004,line-1,BEN-TRK-L1-004,line-1-0717-0795-s005191 to line-1-0778-0755-s006831,6.011,6.011,line-1-0717-0795-s005191 to line-1-0778-0755-s006831 midpoint W-Node,safety,
BEN-TRK-L1-005,line-1-0778-0755-s006831--line-1-0850-0706-s008811,track-section,standard-urban,line-1 section 005,line-1,BEN-SYS-001,line-1-0778-0755-s006831 to line-1-0850-0706-s008811,6.830,8.811,line-1-0778-0755-s006831 to Residential planning stop; site release open,safety,
BEN-WPT-L1-005,w-node-line-1-0778-0755-s006831--line-1-0850-0706-s008811,waypoint,wayside-node,line-1 waypoint 005,line-1,BEN-TRK-L1-005,line-1-0778-0755-s006831 to line-1-0850-0706-s008811,7.821,7.821,line-1-0778-0755-s006831 to Residential planning stop; site release open midpoint W-Node,safety,
BEN-TRK-L1-006,line-1-0850-0706-s008811--line-1-0911-0666-s010398,track-section,standard-urban,line-1 section 006,line-1,BEN-SYS-001,line-1-0850-0706-s008811 to line-1-0911-0666-s010398,8.811,10.398,Residential planning stop; site release open to Residential planning stop; site release open,safety,
BEN-WPT-L1-006,w-node-line-1-0850-0706-s008811--line-1-0911-0666-s010398,waypoint,wayside-node,line-1 waypoint 006,line-1,BEN-TRK-L1-006,line-1-0850-0706-s008811 to line-1-0911-0666-s010398,9.604,9.604,Residential planning stop; site release open to Residential planning stop; site release open midpoint W-Node,safety,
BEN-TRK-L1-007,line-1-0911-0666-s010398--line-1-0971-0626-s011988,track-section,standard-urban,line-1 section 007,line-1,BEN-SYS-001,line-1-0911-0666-s010398 to line-1-0971-0626-s011988,10.398,11.988,Residential planning stop; site release open to Residential planning stop; site release open,safety,
BEN-WPT-L1-007,w-node-line-1-0911-0666-s010398--line-1-0971-0626-s011988,waypoint,wayside-node,line-1 waypoint 007,line-1,BEN-TRK-L1-007,line-1-0911-0666-s010398 to line-1-0971-0626-s011988,11.193,11.193,Residential planning stop; site release open to Residential planning stop; site release open midpoint W-Node,safety,
BEN-TRK-L1-008,line-1-0971-0626-s011988--line-1-0977-0621-s012161,track-section,standard-urban,line-1 section 008,line-1,BEN-SYS-001,line-1-0971-0626-s011988 to line-1-0977-0621-s012161,11.988,12.161,Residential planning stop; site release open to line-1-0977-0621-s012161,safety,
BEN-WPT-L1-008,w-node-line-1-0971-0626-s011988--line-1-0977-0621-s012161,waypoint,wayside-node,line-1 waypoint 008,line-1,BEN-TRK-L1-008,line-1-0971-0626-s011988 to line-1-0977-0621-s012161,12.074,12.074,Residential planning stop; site release open to line-1-0977-0621-s012161 midpoint W-Node,safety,
BEN-TRK-L1-009,line-1-0977-0621-s012161--line-1-1029-0587-s013564,track-section,standard-urban,line-1 section 009,line-1,BEN-SYS-001,line-1-0977-0621-s012161 to line-1-1029-0587-s013564,12.161,13.564,line-1-0977-0621-s012161 to PRIMARY HEALTH CARE,safety,
BEN-WPT-L1-009,w-node-line-1-0977-0621-s012161--line-1-1029-0587-s013564,waypoint,wayside-node,line-1 waypoint 009,line-1,BEN-TRK-L1-009,line-1-0977-0621-s012161 to line-1-1029-0587-s013564,12.863,12.863,line-1-0977-0621-s012161 to PRIMARY HEALTH CARE midpoint W-Node,safety,
BEN-TRK-L10-001,line-10-0672-0659-s000000--line-10-0650-0637-s000622,track-section,standard-urban,line-10 section 001,line-10,BEN-SYS-001,line-10-0672-0659-s000000 to line-10-0650-0637-s000622,0.000,0.622,OSASIMA NURSING AND MATERNITY HOME to line-10-0650-0637-s000622,safety,
BEN-WPT-L10-001,w-node-line-10-0672-0659-s000000--line-10-0650-0637-s000622,waypoint,wayside-node,line-10 waypoint 001,line-10,BEN-TRK-L10-001,line-10-0672-0659-s000000 to line-10-0650-0637-s000622,0.311,0.311,OSASIMA NURSING AND MATERNITY HOME to line-10-0650-0637-s000622 midpoint W-Node,safety,
BEN-TRK-L10-002,line-10-0650-0637-s000622--line-10-0612-0588-s001917,track-section,standard-urban,line-10 section 002,line-10,BEN-SYS-001,line-10-0650-0637-s000622 to line-10-0612-0588-s001917,0.622,1.917,line-10-0650-0637-s000622 to Residential planning stop; site release open,safety,
BEN-WPT-L10-002,w-node-line-10-0650-0637-s000622--line-10-0612-0588-s001917,waypoint,wayside-node,line-10 waypoint 002,line-10,BEN-TRK-L10-002,line-10-0650-0637-s000622 to line-10-0612-0588-s001917,1.270,1.270,line-10-0650-0637-s000622 to Residential planning stop; site release open midpoint W-Node,safety,
BEN-TRK-L10-003,line-10-0612-0588-s001917--line-10-0536-0588-s003437,track-section,standard-urban,line-10 section 003,line-10,BEN-SYS-001,line-10-0612-0588-s001917 to line-10-0536-0588-s003437,1.917,3.437,Residential planning stop; site release open to Residential planning stop; site release open,safety,
BEN-WPT-L10-003,w-node-line-10-0612-0588-s001917--line-10-0536-0588-s003437,waypoint,wayside-node,line-10 waypoint 003,line-10,BEN-TRK-L10-003,line-10-0612-0588-s001917 to line-10-0536-0588-s003437,2.677,2.677,Residential planning stop; site release open to Residential planning stop; site release open midpoint W-Node,safety,
BEN-TRK-L10-004,line-10-0536-0588-s003437--line-10-0489-0687-s005806,track-section,standard-urban,line-10 section 004,line-10,BEN-SYS-001,line-10-0536-0588-s003437 to line-10-0489-0687-s005806,3.437,5.806,Residential planning stop; site release open to line-10-0489-0687-s005806,safety,
BEN-WPT-L10-004,w-node-line-10-0536-0588-s003437--line-10-0489-0687-s005806,waypoint,wayside-node,line-10 waypoint 004,line-10,BEN-TRK-L10-004,line-10-0536-0588-s003437 to line-10-0489-0687-s005806,4.622,4.622,Residential planning stop; site release open to line-10-0489-0687-s005806 midpoint W-Node,safety,
BEN-TRK-L11-001,line-11-1076-0936-s000000--line-11-1013-1062-s003042,track-section,standard-urban,line-11 section 001,line-11,BEN-SYS-001,line-11-1076-0936-s000000 to line-11-1013-1062-s003042,0.000,3.042,line-11-1076-0936-s000000 to Residential planning stop; site release open,safety,
BEN-WPT-L11-001,w-node-line-11-1076-0936-s000000--line-11-1013-1062-s003042,waypoint,wayside-node,line-11 waypoint 001,line-11,BEN-TRK-L11-001,line-11-1076-0936-s000000 to line-11-1013-1062-s003042,1.521,1.521,line-11-1076-0936-s000000 to Residential planning stop; site release open midpoint W-Node,safety,
BEN-TRK-L11-002,line-11-1013-1062-s003042--line-11-0937-1062-s004562,track-section,standard-urban,line-11 section 002,line-11,BEN-SYS-001,line-11-1013-1062-s003042 to line-11-0937-1062-s004562,3.042,4.562,Residential planning stop; site release open to Residential planning stop; site release open,safety,
BEN-WPT-L11-002,w-node-line-11-1013-1062-s003042--line-11-0937-1062-s004562,waypoint,wayside-node,line-11 waypoint 002,line-11,BEN-TRK-L11-002,line-11-1013-1062-s003042 to line-11-0937-1062-s004562,3.802,3.802,Residential planning stop; site release open to Residential planning stop; site release open midpoint W-Node,safety,
BEN-TRK-L11-003,line-11-0937-1062-s004562--line-11-0935-1064-s004618,track-section,standard-urban,line-11 section 003,line-11,BEN-SYS-001,line-11-0937-1062-s004562 to line-11-0935-1064-s004618,4.562,4.619,Residential planning stop; site release open to line-11-0935-1064-s004618,safety,
BEN-WPT-L11-003,w-node-line-11-0937-1062-s004562--line-11-0935-1064-s004618,waypoint,wayside-node,line-11 waypoint 003,line-11,BEN-TRK-L11-003,line-11-0937-1062-s004562 to line-11-0935-1064-s004618,4.590,4.590,Residential planning stop; site release open to line-11-0935-1064-s004618 midpoint W-Node,safety,
BEN-TRK-L12-001,line-12-0971-0626-s000000--line-12-0963-0738-s002720,track-section,standard-urban,line-12 section 001,line-12,BEN-SYS-001,line-12-0971-0626-s000000 to line-12-0963-0738-s002720,0.000,2.720,line-12-0971-0626-s000000 to line-12-0963-0738-s002720,safety,
BEN-WPT-L12-001,w-node-line-12-0971-0626-s000000--line-12-0963-0738-s002720,waypoint,wayside-node,line-12 waypoint 001,line-12,BEN-TRK-L12-001,line-12-0971-0626-s000000 to line-12-0963-0738-s002720,1.360,1.360,line-12-0971-0626-s000000 to line-12-0963-0738-s002720 midpoint W-Node,safety,
BEN-TRK-L13-001,line-13-1063-0710-s000000--line-13-1089-0659-s001235,track-section,standard-urban,line-13 section 001,line-13,BEN-SYS-001,line-13-1063-0710-s000000 to line-13-1089-0659-s001235,0.000,1.235,AREA GULY NPDC BENIN to Residential planning stop; site release open,safety,
BEN-WPT-L13-001,w-node-line-13-1063-0710-s000000--line-13-1089-0659-s001235,waypoint,wayside-node,line-13 waypoint 001,line-13,BEN-TRK-L13-001,line-13-1063-0710-s000000 to line-13-1089-0659-s001235,0.618,0.618,AREA GULY NPDC BENIN to Residential planning stop; site release open midpoint W-Node,safety,
BEN-TRK-L13-002,line-13-1089-0659-s001235--line-13-1237-0686-s004419,track-section,standard-urban,line-13 section 002,line-13,BEN-SYS-001,line-13-1089-0659-s001235 to line-13-1237-0686-s004419,1.235,4.419,Residential planning stop; site release open to Residential planning stop; site release open,safety,
BEN-WPT-L13-002,w-node-line-13-1089-0659-s001235--line-13-1237-0686-s004419,waypoint,wayside-node,line-13 waypoint 002,line-13,BEN-TRK-L13-002,line-13-1089-0659-s001235 to line-13-1237-0686-s004419,2.827,2.827,Residential planning stop; site release open to Residential planning stop; site release open midpoint W-Node,safety,
BEN-TRK-L13-003,line-13-1237-0686-s004419--line-13-1237-0763-s005959,track-section,standard-urban,line-13 section 003,line-13,BEN-SYS-001,line-13-1237-0686-s004419 to line-13-1237-0763-s005959,4.419,5.959,Residential planning stop; site release open to line-13-1237-0763-s005959,safety,
BEN-WPT-L13-003,w-node-line-13-1237-0686-s004419--line-13-1237-0763-s005959,waypoint,wayside-node,line-13 waypoint 003,line-13,BEN-TRK-L13-003,line-13-1237-0686-s004419 to line-13-1237-0763-s005959,5.189,5.189,Residential planning stop; site release open to line-13-1237-0763-s005959 midpoint W-Node,safety,
BEN-TRK-L14-001,line-14-0743-0957-s000000--line-14-0819-1056-s002750,track-section,standard-urban,line-14 section 001,line-14,BEN-SYS-001,line-14-0743-0957-s000000 to line-14-0819-1056-s002750,0.000,2.750,Vegetable Market to Edo College,safety,
BEN-WPT-L14-001,w-node-line-14-0743-0957-s000000--line-14-0819-1056-s002750,waypoint,wayside-node,line-14 waypoint 001,line-14,BEN-TRK-L14-001,line-14-0743-0957-s000000 to line-14-0819-1056-s002750,1.375,1.375,Vegetable Market to Edo College midpoint W-Node,safety,
BEN-TRK-L15-001,line-15-1029-0587-s000000--line-15-1029-0547-s000800,track-section,standard-urban,line-15 section 001,line-15,BEN-SYS-001,line-15-1029-0587-s000000 to line-15-1029-0547-s000800,0.000,0.800,PRIMARY HEALTH CARE to Residential planning stop; site release open,safety,
BEN-WPT-L15-001,w-node-line-15-1029-0587-s000000--line-15-1029-0547-s000800,waypoint,wayside-node,line-15 waypoint 001,line-15,BEN-TRK-L15-001,line-15-1029-0587-s000000 to line-15-1029-0547-s000800,0.400,0.400,PRIMARY HEALTH CARE to Residential planning stop; site release open midpoint W-Node,safety,
BEN-TRK-L15-002,line-15-1029-0547-s000800--line-15-1088-0437-s003489,track-section,standard-urban,line-15 section 002,line-15,BEN-SYS-001,line-15-1029-0547-s000800 to line-15-1088-0437-s003489,0.800,3.489,Residential planning stop; site release open to Residential planning stop; site release open,safety,
BEN-WPT-L15-002,w-node-line-15-1029-0547-s000800--line-15-1088-0437-s003489,waypoint,wayside-node,line-15 waypoint 002,line-15,BEN-TRK-L15-002,line-15-1029-0547-s000800 to line-15-1088-0437-s003489,2.144,2.144,Residential planning stop; site release open to Residential planning stop; site release open midpoint W-Node,safety,
BEN-TRK-L15-003,line-15-1088-0437-s003489--line-15-1113-0362-s005196,track-section,standard-urban,line-15 section 003,line-15,BEN-SYS-001,line-15-1088-0437-s003489 to line-15-1113-0362-s005196,3.489,5.196,Residential planning stop; site release open to ARMY CANT PDE GRD EKEHUNWA BENIN,safety,
BEN-WPT-L15-003,w-node-line-15-1088-0437-s003489--line-15-1113-0362-s005196,waypoint,wayside-node,line-15 waypoint 003,line-15,BEN-TRK-L15-003,line-15-1088-0437-s003489 to line-15-1113-0362-s005196,4.342,4.342,Residential planning stop; site release open to ARMY CANT PDE GRD EKEHUNWA BENIN midpoint W-Node,safety,
BEN-TRK-L16-001,line-16-0588-0826-s000000--line-16-0537-0807-s001177,track-section,standard-urban,line-16 section 001,line-16,BEN-SYS-001,line-16-0588-0826-s000000 to line-16-0537-0807-s001177,0.000,1.177,line-16-0588-0826-s000000 to Residential planning stop; site release open,safety,
BEN-WPT-L16-001,w-node-line-16-0588-0826-s000000--line-16-0537-0807-s001177,waypoint,wayside-node,line-16 waypoint 001,line-16,BEN-TRK-L16-001,line-16-0588-0826-s000000 to line-16-0537-0807-s001177,0.589,0.589,line-16-0588-0826-s000000 to Residential planning stop; site release open midpoint W-Node,safety,
BEN-TRK-L16-002,line-16-0537-0807-s001177--line-16-0462-0862-s003215,track-section,standard-urban,line-16 section 002,line-16,BEN-SYS-001,line-16-0537-0807-s001177 to line-16-0462-0862-s003215,1.177,3.215,Residential planning stop; site release open to Residential planning stop; site release open,safety,
BEN-WPT-L16-002,w-node-line-16-0537-0807-s001177--line-16-0462-0862-s003215,waypoint,wayside-node,line-16 waypoint 002,line-16,BEN-TRK-L16-002,line-16-0537-0807-s001177 to line-16-0462-0862-s003215,2.196,2.196,Residential planning stop; site release open to Residential planning stop; site release open midpoint W-Node,safety,
BEN-TRK-L16-003,line-16-0462-0862-s003215--line-16-0541-0944-s005510,track-section,standard-urban,line-16 section 003,line-16,BEN-SYS-001,line-16-0462-0862-s003215 to line-16-0541-0944-s005510,3.215,5.510,Residential planning stop; site release open to government science and tecnology,safety,
BEN-WPT-L16-003,w-node-line-16-0462-0862-s003215--line-16-0541-0944-s005510,waypoint,wayside-node,line-16 waypoint 003,line-16,BEN-TRK-L16-003,line-16-0462-0862-s003215 to line-16-0541-0944-s005510,4.362,4.362,Residential planning stop; site release open to government science and tecnology midpoint W-Node,safety,
BEN-TRK-L16-004,line-16-0541-0944-s005510--line-16-0550-0968-s006064,track-section,standard-urban,line-16 section 004,line-16,BEN-SYS-001,line-16-0541-0944-s005510 to line-16-0550-0968-s006064,5.510,6.064,government science and tecnology to line-16-0550-0968-s006064,safety,
BEN-WPT-L16-004,w-node-line-16-0541-0944-s005510--line-16-0550-0968-s006064,waypoint,wayside-node,line-16 waypoint 004,line-16,BEN-TRK-L16-004,line-16-0541-0944-s005510 to line-16-0550-0968-s006064,5.787,5.787,government science and tecnology to line-16-0550-0968-s006064 midpoint W-Node,safety,
BEN-TRK-L16-005,line-16-0550-0968-s006064--line-16-0568-1016-s007173,track-section,standard-urban,line-16 section 005,line-16,BEN-SYS-001,line-16-0550-0968-s006064 to line-16-0568-1016-s007173,6.064,7.173,line-16-0550-0968-s006064 to line-16-0568-1016-s007173,safety,
BEN-WPT-L16-005,w-node-line-16-0550-0968-s006064--line-16-0568-1016-s007173,waypoint,wayside-node,line-16 waypoint 005,line-16,BEN-TRK-L16-005,line-16-0550-0968-s006064 to line-16-0568-1016-s007173,6.619,6.619,line-16-0550-0968-s006064 to line-16-0568-1016-s007173 midpoint W-Node,safety,
BEN-TRK-L16-006,line-16-0568-1016-s007173--line-16-0602-1062-s008375,track-section,standard-urban,line-16 section 006,line-16,BEN-SYS-001,line-16-0568-1016-s007173 to line-16-0602-1062-s008375,7.173,8.375,line-16-0568-1016-s007173 to Residential planning stop; site release open,safety,
BEN-WPT-L16-006,w-node-line-16-0568-1016-s007173--line-16-0602-1062-s008375,waypoint,wayside-node,line-16 waypoint 006,line-16,BEN-TRK-L16-006,line-16-0568-1016-s007173 to line-16-0602-1062-s008375,7.774,7.774,line-16-0568-1016-s007173 to Residential planning stop; site release open midpoint W-Node,safety,
BEN-TRK-L16-007,line-16-0602-1062-s008375--line-16-0612-1138-s009978,track-section,standard-urban,line-16 section 007,line-16,BEN-SYS-001,line-16-0602-1062-s008375 to line-16-0612-1138-s009978,8.375,9.978,Residential planning stop; site release open to Residential planning stop; site release open,safety,
BEN-WPT-L16-007,w-node-line-16-0602-1062-s008375--line-16-0612-1138-s009978,waypoint,wayside-node,line-16 waypoint 007,line-16,BEN-TRK-L16-007,line-16-0602-1062-s008375 to line-16-0612-1138-s009978,9.176,9.176,Residential planning stop; site release open to Residential planning stop; site release open midpoint W-Node,safety,
BEN-TRK-L16-008,line-16-0612-1138-s009978--line-16-0715-1204-s012584,track-section,standard-urban,line-16 section 008,line-16,BEN-SYS-001,line-16-0612-1138-s009978 to line-16-0715-1204-s012584,9.978,12.584,Residential planning stop; site release open to line-16-0715-1204-s012584,safety,
BEN-WPT-L16-008,w-node-line-16-0612-1138-s009978--line-16-0715-1204-s012584,waypoint,wayside-node,line-16 waypoint 008,line-16,BEN-TRK-L16-008,line-16-0612-1138-s009978 to line-16-0715-1204-s012584,11.281,11.281,Residential planning stop; site release open to line-16-0715-1204-s012584 midpoint W-Node,safety,
BEN-TRK-L17-001,line-17-0683-0655-s000000--line-17-0687-0588-s001373,track-section,standard-urban,line-17 section 001,line-17,BEN-SYS-001,line-17-0683-0655-s000000 to line-17-0687-0588-s001373,0.000,1.373,line-17-0683-0655-s000000 to Residential planning stop; site release open,safety,
BEN-WPT-L17-001,w-node-line-17-0683-0655-s000000--line-17-0687-0588-s001373,waypoint,wayside-node,line-17 waypoint 001,line-17,BEN-TRK-L17-001,line-17-0683-0655-s000000 to line-17-0687-0588-s001373,0.687,0.687,line-17-0683-0655-s000000 to Residential planning stop; site release open midpoint W-Node,safety,
BEN-TRK-L17-002,line-17-0687-0588-s001373--line-17-0786-0562-s003569,track-section,standard-urban,line-17 section 002,line-17,BEN-SYS-001,line-17-0687-0588-s001373 to line-17-0786-0562-s003569,1.373,3.568,Residential planning stop; site release open to line-17-0786-0562-s003569,safety,
BEN-WPT-L17-002,w-node-line-17-0687-0588-s001373--line-17-0786-0562-s003569,waypoint,wayside-node,line-17 waypoint 002,line-17,BEN-TRK-L17-002,line-17-0687-0588-s001373 to line-17-0786-0562-s003569,2.471,2.471,Residential planning stop; site release open to line-17-0786-0562-s003569 midpoint W-Node,safety,
BEN-TRK-L18-001,line-18-0672-0659-s000000--line-18-0650-0637-s000622,track-section,standard-urban,line-18 section 001,line-18,BEN-SYS-001,line-18-0672-0659-s000000 to line-18-0650-0637-s000622,0.000,0.622,OSASIMA NURSING AND MATERNITY HOME to line-18-0650-0637-s000622,safety,
BEN-WPT-L18-001,w-node-line-18-0672-0659-s000000--line-18-0650-0637-s000622,waypoint,wayside-node,line-18 waypoint 001,line-18,BEN-TRK-L18-001,line-18-0672-0659-s000000 to line-18-0650-0637-s000622,0.311,0.311,OSASIMA NURSING AND MATERNITY HOME to line-18-0650-0637-s000622 midpoint W-Node,safety,
BEN-TRK-L18-002,line-18-0650-0637-s000622--line-18-0610-0565-s002394,track-section,standard-urban,line-18 section 002,line-18,BEN-SYS-001,line-18-0650-0637-s000622 to line-18-0610-0565-s002394,0.622,2.394,line-18-0650-0637-s000622 to Residential planning stop; site release open,safety,
BEN-WPT-L18-002,w-node-line-18-0650-0637-s000622--line-18-0610-0565-s002394,waypoint,wayside-node,line-18 waypoint 002,line-18,BEN-TRK-L18-002,line-18-0650-0637-s000622 to line-18-0610-0565-s002394,1.508,1.508,line-18-0650-0637-s000622 to Residential planning stop; site release open midpoint W-Node,safety,
BEN-TRK-L18-003,line-18-0610-0565-s002394--line-18-0562-0514-s003811,track-section,standard-urban,line-18 section 003,line-18,BEN-SYS-001,line-18-0610-0565-s002394 to line-18-0562-0514-s003811,2.394,3.811,Residential planning stop; site release open to Residential planning stop; site release open,safety,
BEN-WPT-L18-003,w-node-line-18-0610-0565-s002394--line-18-0562-0514-s003811,waypoint,wayside-node,line-18 waypoint 003,line-18,BEN-TRK-L18-003,line-18-0610-0565-s002394 to line-18-0562-0514-s003811,3.102,3.102,Residential planning stop; site release open to Residential planning stop; site release open midpoint W-Node,safety,
BEN-TRK-L18-004,line-18-0562-0514-s003811--line-18-0466-0517-s005756,track-section,standard-urban,line-18 section 004,line-18,BEN-SYS-001,line-18-0562-0514-s003811 to line-18-0466-0517-s005756,3.811,5.756,Residential planning stop; site release open to Residential planning stop; site release open,safety,
BEN-WPT-L18-004,w-node-line-18-0562-0514-s003811--line-18-0466-0517-s005756,waypoint,wayside-node,line-18 waypoint 004,line-18,BEN-TRK-L18-004,line-18-0562-0514-s003811 to line-18-0466-0517-s005756,4.784,4.784,Residential planning stop; site release open to Residential planning stop; site release open midpoint W-Node,safety,
BEN-TRK-L18-005,line-18-0466-0517-s005756--line-18-0463-0613-s007701,track-section,standard-urban,line-18 section 005,line-18,BEN-SYS-001,line-18-0466-0517-s005756 to line-18-0463-0613-s007701,5.756,7.701,Residential planning stop; site release open to line-18-0463-0613-s007701,safety,
BEN-WPT-L18-005,w-node-line-18-0466-0517-s005756--line-18-0463-0613-s007701,waypoint,wayside-node,line-18 waypoint 005,line-18,BEN-TRK-L18-005,line-18-0466-0517-s005756 to line-18-0463-0613-s007701,6.729,6.729,Residential planning stop; site release open to line-18-0463-0613-s007701 midpoint W-Node,safety,
BEN-TRK-L19-001,line-19-0977-0621-s000000--line-19-0936-0562-s001520,track-section,standard-urban,line-19 section 001,line-19,BEN-SYS-001,line-19-0977-0621-s000000 to line-19-0936-0562-s001520,0.000,1.520,line-19-0977-0621-s000000 to Residential planning stop; site release open,safety,
BEN-WPT-L19-001,w-node-line-19-0977-0621-s000000--line-19-0936-0562-s001520,waypoint,wayside-node,line-19 waypoint 001,line-19,BEN-TRK-L19-001,line-19-0977-0621-s000000 to line-19-0936-0562-s001520,0.760,0.760,line-19-0977-0621-s000000 to Residential planning stop; site release open midpoint W-Node,safety,
BEN-TRK-L19-002,line-19-0936-0562-s001520--line-19-0863-0588-s003195,track-section,standard-urban,line-19 section 002,line-19,BEN-SYS-001,line-19-0936-0562-s001520 to line-19-0863-0588-s003195,1.520,3.195,Residential planning stop; site release open to line-19-0863-0588-s003195,safety,
BEN-WPT-L19-002,w-node-line-19-0936-0562-s001520--line-19-0863-0588-s003195,waypoint,wayside-node,line-19 waypoint 002,line-19,BEN-TRK-L19-002,line-19-0936-0562-s001520 to line-19-0863-0588-s003195,2.357,2.357,Residential planning stop; site release open to line-19-0863-0588-s003195 midpoint W-Node,safety,
BEN-TRK-L2-001,line-2-1498-0986-s000000--line-2-1385-0987-s002398,track-section,standard-urban,line-2 section 001,line-2,BEN-SYS-001,line-2-1498-0986-s000000 to line-2-1385-0987-s002398,0.000,2.398,Okha to Residential planning stop; site release open,safety,
BEN-WPT-L2-001,w-node-line-2-1498-0986-s000000--line-2-1385-0987-s002398,waypoint,wayside-node,line-2 waypoint 001,line-2,BEN-TRK-L2-001,line-2-1498-0986-s000000 to line-2-1385-0987-s002398,1.199,1.199,Okha to Residential planning stop; site release open midpoint W-Node,safety,
BEN-TRK-L2-002,line-2-1385-0987-s002398--line-2-1306-0984-s004003,track-section,standard-urban,line-2 section 002,line-2,BEN-SYS-001,line-2-1385-0987-s002398 to line-2-1306-0984-s004003,2.398,4.003,Residential planning stop; site release open to Residential planning stop; site release open,safety,
BEN-WPT-L2-002,w-node-line-2-1385-0987-s002398--line-2-1306-0984-s004003,waypoint,wayside-node,line-2 waypoint 002,line-2,BEN-TRK-L2-002,line-2-1385-0987-s002398 to line-2-1306-0984-s004003,3.200,3.200,Residential planning stop; site release open to Residential planning stop; site release open midpoint W-Node,safety,
BEN-TRK-L2-003,line-2-1306-0984-s004003--line-2-1231-0973-s005594,track-section,standard-urban,line-2 section 003,line-2,BEN-SYS-001,line-2-1306-0984-s004003 to line-2-1231-0973-s005594,4.003,5.594,Residential planning stop; site release open to Residential planning stop; site release open,safety,
BEN-WPT-L2-003,w-node-line-2-1306-0984-s004003--line-2-1231-0973-s005594,waypoint,wayside-node,line-2 waypoint 003,line-2,BEN-TRK-L2-003,line-2-1306-0984-s004003 to line-2-1231-0973-s005594,4.798,4.798,Residential planning stop; site release open to Residential planning stop; site release open midpoint W-Node,safety,
BEN-TRK-L2-004,line-2-1231-0973-s005594--line-2-1138-0950-s007668,track-section,standard-urban,line-2 section 004,line-2,BEN-SYS-001,line-2-1231-0973-s005594 to line-2-1138-0950-s007668,5.594,7.668,Residential planning stop; site release open to line-2-1138-0950-s007668,safety,
BEN-WPT-L2-004,w-node-line-2-1231-0973-s005594--line-2-1138-0950-s007668,waypoint,wayside-node,line-2 waypoint 004,line-2,BEN-TRK-L2-004,line-2-1231-0973-s005594 to line-2-1138-0950-s007668,6.631,6.631,Residential planning stop; site release open to line-2-1138-0950-s007668 midpoint W-Node,safety,
BEN-TRK-L2-005,line-2-1138-0950-s007668--line-2-1076-0936-s009036,track-section,standard-urban,line-2 section 005,line-2,BEN-SYS-001,line-2-1138-0950-s007668 to line-2-1076-0936-s009036,7.668,9.036,line-2-1138-0950-s007668 to line-2-1076-0936-s009036,safety,
BEN-WPT-L2-005,w-node-line-2-1138-0950-s007668--line-2-1076-0936-s009036,waypoint,wayside-node,line-2 waypoint 005,line-2,BEN-TRK-L2-005,line-2-1138-0950-s007668 to line-2-1076-0936-s009036,8.352,8.352,line-2-1138-0950-s007668 to line-2-1076-0936-s009036 midpoint W-Node,safety,
BEN-TRK-L2-006,line-2-1076-0936-s009036--line-2-1014-0921-s010400,track-section,standard-urban,line-2 section 006,line-2,BEN-SYS-001,line-2-1076-0936-s009036 to line-2-1014-0921-s010400,9.036,10.400,line-2-1076-0936-s009036 to Residential planning stop; site release open,safety,
BEN-WPT-L2-006,w-node-line-2-1076-0936-s009036--line-2-1014-0921-s010400,waypoint,wayside-node,line-2 waypoint 006,line-2,BEN-TRK-L2-006,line-2-1076-0936-s009036 to line-2-1014-0921-s010400,9.718,9.718,line-2-1076-0936-s009036 to Residential planning stop; site release open midpoint W-Node,safety,
BEN-TRK-L2-007,line-2-1014-0921-s010400--line-2-0929-0900-s012286,track-section,standard-urban,line-2 section 007,line-2,BEN-SYS-001,line-2-1014-0921-s010400 to line-2-0929-0900-s012286,10.400,12.286,Residential planning stop; site release open to line-2-0929-0900-s012286,safety,
BEN-WPT-L2-007,w-node-line-2-1014-0921-s010400--line-2-0929-0900-s012286,waypoint,wayside-node,line-2 waypoint 007,line-2,BEN-TRK-L2-007,line-2-1014-0921-s010400 to line-2-0929-0900-s012286,11.343,11.343,Residential planning stop; site release open to line-2-0929-0900-s012286 midpoint W-Node,safety,
BEN-TRK-L2-008,line-2-0929-0900-s012286--line-2-0887-0890-s013208,track-section,standard-urban,line-2 section 008,line-2,BEN-SYS-001,line-2-0929-0900-s012286 to line-2-0887-0890-s013208,12.286,13.208,line-2-0929-0900-s012286 to line-2-0887-0890-s013208,safety,
BEN-WPT-L2-008,w-node-line-2-0929-0900-s012286--line-2-0887-0890-s013208,waypoint,wayside-node,line-2 waypoint 008,line-2,BEN-TRK-L2-008,line-2-0929-0900-s012286 to line-2-0887-0890-s013208,12.747,12.747,line-2-0929-0900-s012286 to line-2-0887-0890-s013208 midpoint W-Node,safety,
BEN-TRK-L2-009,line-2-0887-0890-s013208--line-2-0773-0863-s015724,track-section,standard-urban,line-2 section 009,line-2,BEN-SYS-001,line-2-0887-0890-s013208 to line-2-0773-0863-s015724,13.208,15.724,line-2-0887-0890-s013208 to line-2-0773-0863-s015724,safety,
BEN-WPT-L2-009,w-node-line-2-0887-0890-s013208--line-2-0773-0863-s015724,waypoint,wayside-node,line-2 waypoint 009,line-2,BEN-TRK-L2-009,line-2-0887-0890-s013208 to line-2-0773-0863-s015724,14.466,14.466,line-2-0887-0890-s013208 to line-2-0773-0863-s015724 midpoint W-Node,safety,
BEN-TRK-L2-010,line-2-0773-0863-s015724--line-2-0748-0857-s016274,track-section,standard-urban,line-2 section 010,line-2,BEN-SYS-001,line-2-0773-0863-s015724 to line-2-0748-0857-s016274,15.724,16.273,line-2-0773-0863-s015724 to line-2-0748-0857-s016274,safety,
BEN-WPT-L2-010,w-node-line-2-0773-0863-s015724--line-2-0748-0857-s016274,waypoint,wayside-node,line-2 waypoint 010,line-2,BEN-TRK-L2-010,line-2-0773-0863-s015724 to line-2-0748-0857-s016274,15.999,15.999,line-2-0773-0863-s015724 to line-2-0748-0857-s016274 midpoint W-Node,safety,
BEN-TRK-L2-011,line-2-0748-0857-s016274--line-2-0696-0845-s017413,track-section,standard-urban,line-2 section 011,line-2,BEN-SYS-001,line-2-0748-0857-s016274 to line-2-0696-0845-s017413,16.273,17.413,line-2-0748-0857-s016274 to line-2-0696-0845-s017413,safety,
BEN-WPT-L2-011,w-node-line-2-0748-0857-s016274--line-2-0696-0845-s017413,waypoint,wayside-node,line-2 waypoint 011,line-2,BEN-TRK-L2-011,line-2-0748-0857-s016274 to line-2-0696-0845-s017413,16.843,16.843,line-2-0748-0857-s016274 to line-2-0696-0845-s017413 midpoint W-Node,safety,
BEN-TRK-L2-012,line-2-0696-0845-s017413--line-2-0656-0835-s018307,track-section,standard-urban,line-2 section 012,line-2,BEN-SYS-001,line-2-0696-0845-s017413 to line-2-0656-0835-s018307,17.413,18.308,line-2-0696-0845-s017413 to line-2-0656-0835-s018307,safety,
BEN-WPT-L2-012,w-node-line-2-0696-0845-s017413--line-2-0656-0835-s018307,waypoint,wayside-node,line-2 waypoint 012,line-2,BEN-TRK-L2-012,line-2-0696-0845-s017413 to line-2-0656-0835-s018307,17.860,17.860,line-2-0696-0845-s017413 to line-2-0656-0835-s018307 midpoint W-Node,safety,
BEN-TRK-L2-013,line-2-0656-0835-s018307--line-2-0592-0820-s019726,track-section,standard-urban,line-2 section 013,line-2,BEN-SYS-001,line-2-0656-0835-s018307 to line-2-0592-0820-s019726,18.308,19.726,line-2-0656-0835-s018307 to line-2-0592-0820-s019726,safety,
BEN-WPT-L2-013,w-node-line-2-0656-0835-s018307--line-2-0592-0820-s019726,waypoint,wayside-node,line-2 waypoint 013,line-2,BEN-TRK-L2-013,line-2-0656-0835-s018307 to line-2-0592-0820-s019726,19.017,19.017,line-2-0656-0835-s018307 to line-2-0592-0820-s019726 midpoint W-Node,safety,
BEN-TRK-L2-014,line-2-0592-0820-s019726--line-2-0537-0807-s020931,track-section,standard-urban,line-2 section 014,line-2,BEN-SYS-001,line-2-0592-0820-s019726 to line-2-0537-0807-s020931,19.726,20.931,line-2-0592-0820-s019726 to line-2-0537-0807-s020931,safety,
BEN-WPT-L2-014,w-node-line-2-0592-0820-s019726--line-2-0537-0807-s020931,waypoint,wayside-node,line-2 waypoint 014,line-2,BEN-TRK-L2-014,line-2-0592-0820-s019726 to line-2-0537-0807-s020931,20.329,20.329,line-2-0592-0820-s019726 to line-2-0537-0807-s020931 midpoint W-Node,safety,
BEN-TRK-L2-015,line-2-0537-0807-s020931--line-2-0485-0794-s022091,track-section,standard-urban,line-2 section 015,line-2,BEN-SYS-001,line-2-0537-0807-s020931 to line-2-0485-0794-s022091,20.931,22.091,line-2-0537-0807-s020931 to Itidiare Care,safety,
BEN-WPT-L2-015,w-node-line-2-0537-0807-s020931--line-2-0485-0794-s022091,waypoint,wayside-node,line-2 waypoint 015,line-2,BEN-TRK-L2-015,line-2-0537-0807-s020931 to line-2-0485-0794-s022091,21.511,21.511,line-2-0537-0807-s020931 to Itidiare Care midpoint W-Node,safety,
BEN-TRK-L20-001,line-20-1029-0587-s000000--line-20-1139-0537-s002614,track-section,standard-urban,line-20 section 001,line-20,BEN-SYS-001,line-20-1029-0587-s000000 to line-20-1139-0537-s002614,0.000,2.614,PRIMARY HEALTH CARE to Residential planning stop; site release open,safety,
BEN-WPT-L20-001,w-node-line-20-1029-0587-s000000--line-20-1139-0537-s002614,waypoint,wayside-node,line-20 waypoint 001,line-20,BEN-TRK-L20-001,line-20-1029-0587-s000000 to line-20-1139-0537-s002614,1.307,1.307,PRIMARY HEALTH CARE to Residential planning stop; site release open midpoint W-Node,safety,
BEN-TRK-L20-002,line-20-1139-0537-s002614--line-20-1187-0614-s004552,track-section,standard-urban,line-20 section 002,line-20,BEN-SYS-001,line-20-1139-0537-s002614 to line-20-1187-0614-s004552,2.614,4.552,Residential planning stop; site release open to line-20-1187-0614-s004552,safety,
BEN-WPT-L20-002,w-node-line-20-1139-0537-s002614--line-20-1187-0614-s004552,waypoint,wayside-node,line-20 waypoint 002,line-20,BEN-TRK-L20-002,line-20-1139-0537-s002614 to line-20-1187-0614-s004552,3.583,3.583,Residential planning stop; site release open to line-20-1187-0614-s004552 midpoint W-Node,safety,
BEN-TRK-L21-001,line-21-1073-1233-s000000--line-21-1161-1164-s002332,track-section,standard-urban,line-21 section 001,line-21,BEN-SYS-001,line-21-1073-1233-s000000 to line-21-1161-1164-s002332,0.000,2.332,line-21-1073-1233-s000000 to line-21-1161-1164-s002332,safety,
BEN-WPT-L21-001,w-node-line-21-1073-1233-s000000--line-21-1161-1164-s002332,waypoint,wayside-node,line-21 waypoint 001,line-21,BEN-TRK-L21-001,line-21-1073-1233-s000000 to line-21-1161-1164-s002332,1.166,1.166,line-21-1073-1233-s000000 to line-21-1161-1164-s002332 midpoint W-Node,safety,
BEN-TRK-L22-001,line-22-0696-0845-s000000--line-22-0689-0886-s000878,track-section,standard-urban,line-22 section 001,line-22,BEN-SYS-001,line-22-0696-0845-s000000 to line-22-0689-0886-s000878,0.000,0.878,Azuwa Hospital to Residential planning stop; site release open,safety,
BEN-WPT-L22-001,w-node-line-22-0696-0845-s000000--line-22-0689-0886-s000878,waypoint,wayside-node,line-22 waypoint 001,line-22,BEN-TRK-L22-001,line-22-0696-0845-s000000 to line-22-0689-0886-s000878,0.439,0.439,Azuwa Hospital to Residential planning stop; site release open midpoint W-Node,safety,
BEN-TRK-L22-002,line-22-0689-0886-s000878--line-22-0615-0913-s002582,track-section,standard-urban,line-22 section 002,line-22,BEN-SYS-001,line-22-0689-0886-s000878 to line-22-0615-0913-s002582,0.878,2.582,Residential planning stop; site release open to A1 Winnes Maternity and Nursing Home,safety,
BEN-WPT-L22-002,w-node-line-22-0689-0886-s000878--line-22-0615-0913-s002582,waypoint,wayside-node,line-22 waypoint 002,line-22,BEN-TRK-L22-002,line-22-0689-0886-s000878 to line-22-0615-0913-s002582,1.730,1.730,Residential planning stop; site release open to A1 Winnes Maternity and Nursing Home midpoint W-Node,safety,
BEN-TRK-L23-001,line-23-1029-0587-s000000--line-23-0987-0490-s002288,track-section,standard-urban,line-23 section 001,line-23,BEN-SYS-001,line-23-1029-0587-s000000 to line-23-0987-0490-s002288,0.000,2.288,PRIMARY HEALTH CARE to line-23-0987-0490-s002288,safety,
BEN-WPT-L23-001,w-node-line-23-1029-0587-s000000--line-23-0987-0490-s002288,waypoint,wayside-node,line-23 waypoint 001,line-23,BEN-TRK-L23-001,line-23-1029-0587-s000000 to line-23-0987-0490-s002288,1.144,1.144,PRIMARY HEALTH CARE to line-23-0987-0490-s002288 midpoint W-Node,safety,
BEN-TRK-L24-001,line-24-0658-0995-s000000--line-24-0686-1083-s001992,track-section,standard-urban,line-24 section 001,line-24,BEN-SYS-001,line-24-0658-0995-s000000 to line-24-0686-1083-s001992,0.000,1.992,line-24-0658-0995-s000000 to Residential planning stop; site release open,safety,
BEN-WPT-L24-001,w-node-line-24-0658-0995-s000000--line-24-0686-1083-s001992,waypoint,wayside-node,line-24 waypoint 001,line-24,BEN-TRK-L24-001,line-24-0658-0995-s000000 to line-24-0686-1083-s001992,0.996,0.996,line-24-0658-0995-s000000 to Residential planning stop; site release open midpoint W-Node,safety,
BEN-TRK-L24-002,line-24-0686-1083-s001992--line-24-0797-1088-s004432,track-section,standard-urban,line-24 section 002,line-24,BEN-SYS-001,line-24-0686-1083-s001992 to line-24-0797-1088-s004432,1.992,4.432,Residential planning stop; site release open to line-24-0797-1088-s004432,safety,
BEN-WPT-L24-002,w-node-line-24-0686-1083-s001992--line-24-0797-1088-s004432,waypoint,wayside-node,line-24 waypoint 002,line-24,BEN-TRK-L24-002,line-24-0686-1083-s001992 to line-24-0797-1088-s004432,3.212,3.212,Residential planning stop; site release open to line-24-0797-1088-s004432 midpoint W-Node,safety,
BEN-TRK-L24-003,line-24-0797-1088-s004432--line-24-0863-1088-s005752,track-section,standard-urban,line-24 section 003,line-24,BEN-SYS-001,line-24-0797-1088-s004432 to line-24-0863-1088-s005752,4.432,5.752,line-24-0797-1088-s004432 to line-24-0863-1088-s005752,safety,
BEN-WPT-L24-003,w-node-line-24-0797-1088-s004432--line-24-0863-1088-s005752,waypoint,wayside-node,line-24 waypoint 003,line-24,BEN-TRK-L24-003,line-24-0797-1088-s004432 to line-24-0863-1088-s005752,5.092,5.092,line-24-0797-1088-s004432 to line-24-0863-1088-s005752 midpoint W-Node,safety,
BEN-TRK-L25-001,line-25-1029-0587-s000000--line-25-1029-0547-s000800,track-section,standard-urban,line-25 section 001,line-25,BEN-SYS-001,line-25-1029-0587-s000000 to line-25-1029-0547-s000800,0.000,0.800,PRIMARY HEALTH CARE to Residential planning stop; site release open,safety,
BEN-WPT-L25-001,w-node-line-25-1029-0587-s000000--line-25-1029-0547-s000800,waypoint,wayside-node,line-25 waypoint 001,line-25,BEN-TRK-L25-001,line-25-1029-0587-s000000 to line-25-1029-0547-s000800,0.400,0.400,PRIMARY HEALTH CARE to Residential planning stop; site release open midpoint W-Node,safety,
BEN-TRK-L25-002,line-25-1029-0547-s000800--line-25-1030-0468-s002388,track-section,standard-urban,line-25 section 002,line-25,BEN-SYS-001,line-25-1029-0547-s000800 to line-25-1030-0468-s002388,0.800,2.388,Residential planning stop; site release open to Residential planning stop; site release open,safety,
BEN-WPT-L25-002,w-node-line-25-1029-0547-s000800--line-25-1030-0468-s002388,waypoint,wayside-node,line-25 waypoint 002,line-25,BEN-TRK-L25-002,line-25-1029-0547-s000800 to line-25-1030-0468-s002388,1.594,1.594,Residential planning stop; site release open to Residential planning stop; site release open midpoint W-Node,safety,
BEN-TRK-L25-003,line-25-1030-0468-s002388--line-25-1038-0362-s004575,track-section,standard-urban,line-25 section 003,line-25,BEN-SYS-001,line-25-1030-0468-s002388 to line-25-1038-0362-s004575,2.388,4.575,Residential planning stop; site release open to Residential planning stop; site release open,safety,
BEN-WPT-L25-003,w-node-line-25-1030-0468-s002388--line-25-1038-0362-s004575,waypoint,wayside-node,line-25 waypoint 003,line-25,BEN-TRK-L25-003,line-25-1030-0468-s002388 to line-25-1038-0362-s004575,3.481,3.481,Residential planning stop; site release open to Residential planning stop; site release open midpoint W-Node,safety,
BEN-TRK-L25-004,line-25-1038-0362-s004575--line-25-1088-0289-s006449,track-section,standard-urban,line-25 section 004,line-25,BEN-SYS-001,line-25-1038-0362-s004575 to line-25-1088-0289-s006449,4.575,6.449,Residential planning stop; site release open to Residential planning stop; site release open,safety,
BEN-WPT-L25-004,w-node-line-25-1038-0362-s004575--line-25-1088-0289-s006449,waypoint,wayside-node,line-25 waypoint 004,line-25,BEN-TRK-L25-004,line-25-1038-0362-s004575 to line-25-1088-0289-s006449,5.512,5.512,Residential planning stop; site release open to Residential planning stop; site release open midpoint W-Node,safety,
BEN-TRK-L25-005,line-25-1088-0289-s006449--line-25-1185-0339-s008803,track-section,standard-urban,line-25 section 005,line-25,BEN-SYS-001,line-25-1088-0289-s006449 to line-25-1185-0339-s008803,6.449,8.803,Residential planning stop; site release open to line-25-1185-0339-s008803,safety,
BEN-WPT-L25-005,w-node-line-25-1088-0289-s006449--line-25-1185-0339-s008803,waypoint,wayside-node,line-25 waypoint 005,line-25,BEN-TRK-L25-005,line-25-1088-0289-s006449 to line-25-1185-0339-s008803,7.626,7.626,Residential planning stop; site release open to line-25-1185-0339-s008803 midpoint W-Node,safety,
BEN-TRK-L26-001,line-26-0908-1030-s000000--line-26-0902-0940-s003026,track-section,standard-urban,line-26 section 001,line-26,BEN-SYS-001,line-26-0908-1030-s000000 to line-26-0902-0940-s003026,0.000,3.026,line-26-0908-1030-s000000 to Residential planning stop; site release open,safety,
BEN-WPT-L26-001,w-node-line-26-0908-1030-s000000--line-26-0902-0940-s003026,waypoint,wayside-node,line-26 waypoint 001,line-26,BEN-TRK-L26-001,line-26-0908-1030-s000000 to line-26-0902-0940-s003026,1.513,1.513,line-26-0908-1030-s000000 to Residential planning stop; site release open midpoint W-Node,safety,
BEN-TRK-L26-002,line-26-0902-0940-s003026--line-26-0888-0890-s004217,track-section,standard-urban,line-26 section 002,line-26,BEN-SYS-001,line-26-0902-0940-s003026 to line-26-0888-0890-s004217,3.026,4.217,Residential planning stop; site release open to National Veterinary Reseach Institute,safety,
BEN-WPT-L26-002,w-node-line-26-0902-0940-s003026--line-26-0888-0890-s004217,waypoint,wayside-node,line-26 waypoint 002,line-26,BEN-TRK-L26-002,line-26-0902-0940-s003026 to line-26-0888-0890-s004217,3.621,3.621,Residential planning stop; site release open to National Veterinary Reseach Institute midpoint W-Node,safety,
BEN-TRK-L27-001,line-27-1138-0950-s000000--line-27-1161-0837-s002451,track-section,standard-urban,line-27 section 001,line-27,BEN-SYS-001,line-27-1138-0950-s000000 to line-27-1161-0837-s002451,0.000,2.450,Maviscope Hospital & Fertility Centre to line-27-1161-0837-s002451,safety,
BEN-WPT-L27-001,w-node-line-27-1138-0950-s000000--line-27-1161-0837-s002451,waypoint,wayside-node,line-27 waypoint 001,line-27,BEN-TRK-L27-001,line-27-1138-0950-s000000 to line-27-1161-0837-s002451,1.225,1.225,Maviscope Hospital & Fertility Centre to line-27-1161-0837-s002451 midpoint W-Node,safety,
BEN-TRK-L28-001,line-28-0575-0984-s000000--line-28-0568-1016-s000698,track-section,standard-urban,line-28 section 001,line-28,BEN-SYS-001,line-28-0575-0984-s000000 to line-28-0568-1016-s000698,0.000,0.698,Osimike Health Service to line-28-0568-1016-s000698,safety,
BEN-WPT-L28-001,w-node-line-28-0575-0984-s000000--line-28-0568-1016-s000698,waypoint,wayside-node,line-28 waypoint 001,line-28,BEN-TRK-L28-001,line-28-0575-0984-s000000 to line-28-0568-1016-s000698,0.349,0.349,Osimike Health Service to line-28-0568-1016-s000698 midpoint W-Node,safety,
BEN-TRK-L28-002,line-28-0568-1016-s000698--line-28-0537-1138-s003395,track-section,standard-urban,line-28 section 002,line-28,BEN-SYS-001,line-28-0568-1016-s000698 to line-28-0537-1138-s003395,0.698,3.395,line-28-0568-1016-s000698 to Residential planning stop; site release open,safety,
BEN-WPT-L28-002,w-node-line-28-0568-1016-s000698--line-28-0537-1138-s003395,waypoint,wayside-node,line-28 waypoint 002,line-28,BEN-TRK-L28-002,line-28-0568-1016-s000698 to line-28-0537-1138-s003395,2.046,2.046,line-28-0568-1016-s000698 to Residential planning stop; site release open midpoint W-Node,safety,
BEN-TRK-L28-003,line-28-0537-1138-s003395--line-28-0589-1210-s005266,track-section,standard-urban,line-28 section 003,line-28,BEN-SYS-001,line-28-0537-1138-s003395 to line-28-0589-1210-s005266,3.395,5.266,Residential planning stop; site release open to line-28-0589-1210-s005266,safety,
BEN-WPT-L28-003,w-node-line-28-0537-1138-s003395--line-28-0589-1210-s005266,waypoint,wayside-node,line-28 waypoint 003,line-28,BEN-TRK-L28-003,line-28-0537-1138-s003395 to line-28-0589-1210-s005266,4.330,4.330,Residential planning stop; site release open to line-28-0589-1210-s005266 midpoint W-Node,safety,
BEN-TRK-L3-001,line-3-0645-0697-s000000--line-3-0643-0704-s000432,track-section,standard-urban,line-3 section 001,line-3,BEN-SYS-001,line-3-0645-0697-s000000 to line-3-0643-0704-s000432,0.000,0.432,Olomuza Market to Olomuza Market,safety,
BEN-WPT-L3-001,w-node-line-3-0645-0697-s000000--line-3-0643-0704-s000432,waypoint,wayside-node,line-3 waypoint 001,line-3,BEN-TRK-L3-001,line-3-0645-0697-s000000 to line-3-0643-0704-s000432,0.216,0.216,Olomuza Market to Olomuza Market midpoint W-Node,safety,
BEN-TRK-L3-002,line-3-0643-0704-s000432--line-3-0717-0795-s003090,track-section,standard-urban,line-3 section 002,line-3,BEN-SYS-001,line-3-0643-0704-s000432 to line-3-0717-0795-s003090,0.432,3.090,Olomuza Market to line-3-0717-0795-s003090,safety,
BEN-WPT-L3-002,w-node-line-3-0643-0704-s000432--line-3-0717-0795-s003090,waypoint,wayside-node,line-3 waypoint 002,line-3,BEN-TRK-L3-002,line-3-0643-0704-s000432 to line-3-0717-0795-s003090,1.761,1.761,Olomuza Market to line-3-0717-0795-s003090 midpoint W-Node,safety,
BEN-TRK-L3-003,line-3-0717-0795-s003090--line-3-0759-0846-s004587,track-section,standard-urban,line-3 section 003,line-3,BEN-SYS-001,line-3-0717-0795-s003090 to line-3-0759-0846-s004587,3.090,4.587,line-3-0717-0795-s003090 to line-3-0759-0846-s004587,safety,
BEN-WPT-L3-003,w-node-line-3-0717-0795-s003090--line-3-0759-0846-s004587,waypoint,wayside-node,line-3 waypoint 003,line-3,BEN-TRK-L3-003,line-3-0717-0795-s003090 to line-3-0759-0846-s004587,3.839,3.839,line-3-0717-0795-s003090 to line-3-0759-0846-s004587 midpoint W-Node,safety,
BEN-TRK-L3-004,line-3-0759-0846-s004587--line-3-0773-0863-s005066,track-section,standard-urban,line-3 section 004,line-3,BEN-SYS-001,line-3-0759-0846-s004587 to line-3-0773-0863-s005066,4.587,5.066,line-3-0759-0846-s004587 to line-3-0773-0863-s005066,safety,
BEN-WPT-L3-004,w-node-line-3-0759-0846-s004587--line-3-0773-0863-s005066,waypoint,wayside-node,line-3 waypoint 004,line-3,BEN-TRK-L3-004,line-3-0759-0846-s004587 to line-3-0773-0863-s005066,4.827,4.827,line-3-0759-0846-s004587 to line-3-0773-0863-s005066 midpoint W-Node,safety,
BEN-TRK-L3-005,line-3-0773-0863-s005066--line-3-0820-0922-s006753,track-section,standard-urban,line-3 section 005,line-3,BEN-SYS-001,line-3-0773-0863-s005066 to line-3-0820-0922-s006753,5.066,6.753,line-3-0773-0863-s005066 to Harvesters Int'l Theological Seminary,safety,
BEN-WPT-L3-005,w-node-line-3-0773-0863-s005066--line-3-0820-0922-s006753,waypoint,wayside-node,line-3 waypoint 005,line-3,BEN-TRK-L3-005,line-3-0773-0863-s005066 to line-3-0820-0922-s006753,5.910,5.910,line-3-0773-0863-s005066 to Harvesters Int'l Theological Seminary midpoint W-Node,safety,
BEN-TRK-L3-006,line-3-0820-0922-s006753--line-3-0871-0984-s008533,track-section,standard-urban,line-3 section 006,line-3,BEN-SYS-001,line-3-0820-0922-s006753 to line-3-0871-0984-s008533,6.753,8.533,Harvesters Int'l Theological Seminary to line-3-0871-0984-s008533,safety,
BEN-WPT-L3-006,w-node-line-3-0820-0922-s006753--line-3-0871-0984-s008533,waypoint,wayside-node,line-3 waypoint 006,line-3,BEN-TRK-L3-006,line-3-0820-0922-s006753 to line-3-0871-0984-s008533,7.643,7.643,Harvesters Int'l Theological Seminary to line-3-0871-0984-s008533 midpoint W-Node,safety,
BEN-TRK-L3-007,line-3-0871-0984-s008533--line-3-0908-1030-s009841,track-section,standard-urban,line-3 section 007,line-3,BEN-SYS-001,line-3-0871-0984-s008533 to line-3-0908-1030-s009841,8.533,9.841,line-3-0871-0984-s008533 to line-3-0908-1030-s009841,safety,
BEN-WPT-L3-007,w-node-line-3-0871-0984-s008533--line-3-0908-1030-s009841,waypoint,wayside-node,line-3 waypoint 007,line-3,BEN-TRK-L3-007,line-3-0871-0984-s008533 to line-3-0908-1030-s009841,9.187,9.187,line-3-0871-0984-s008533 to line-3-0908-1030-s009841 midpoint W-Node,safety,
BEN-TRK-L3-008,line-3-0908-1030-s009841--line-3-0935-1064-s010803,track-section,standard-urban,line-3 section 008,line-3,BEN-SYS-001,line-3-0908-1030-s009841 to line-3-0935-1064-s010803,9.841,10.803,line-3-0908-1030-s009841 to line-3-0935-1064-s010803,safety,
BEN-WPT-L3-008,w-node-line-3-0908-1030-s009841--line-3-0935-1064-s010803,waypoint,wayside-node,line-3 waypoint 008,line-3,BEN-TRK-L3-008,line-3-0908-1030-s009841 to line-3-0935-1064-s010803,10.322,10.322,line-3-0908-1030-s009841 to line-3-0935-1064-s010803 midpoint W-Node,safety,
BEN-TRK-L3-009,line-3-0935-1064-s010803--line-3-1014-1161-s013609,track-section,standard-urban,line-3 section 009,line-3,BEN-SYS-001,line-3-0935-1064-s010803 to line-3-1014-1161-s013609,10.803,13.609,line-3-0935-1064-s010803 to Residential planning stop; site release open,safety,
BEN-WPT-L3-009,w-node-line-3-0935-1064-s010803--line-3-1014-1161-s013609,waypoint,wayside-node,line-3 waypoint 009,line-3,BEN-TRK-L3-009,line-3-0935-1064-s010803 to line-3-1014-1161-s013609,12.206,12.206,line-3-0935-1064-s010803 to Residential planning stop; site release open midpoint W-Node,safety,
BEN-TRK-L3-010,line-3-1014-1161-s013609--line-3-1073-1233-s015702,track-section,standard-urban,line-3 section 010,line-3,BEN-SYS-001,line-3-1014-1161-s013609 to line-3-1073-1233-s015702,13.609,15.701,Residential planning stop; site release open to line-3-1073-1233-s015702,safety,
BEN-WPT-L3-010,w-node-line-3-1014-1161-s013609--line-3-1073-1233-s015702,waypoint,wayside-node,line-3 waypoint 010,line-3,BEN-TRK-L3-010,line-3-1014-1161-s013609 to line-3-1073-1233-s015702,14.655,14.655,Residential planning stop; site release open to line-3-1073-1233-s015702 midpoint W-Node,safety,
BEN-TRK-L3-011,line-3-1073-1233-s015702--line-3-1134-1326-s018395,track-section,standard-urban,line-3 section 011,line-3,BEN-SYS-001,line-3-1073-1233-s015702 to line-3-1134-1326-s018395,15.701,18.395,line-3-1073-1233-s015702 to Residential planning stop; site release open,safety,
BEN-WPT-L3-011,w-node-line-3-1073-1233-s015702--line-3-1134-1326-s018395,waypoint,wayside-node,line-3 waypoint 011,line-3,BEN-TRK-L3-011,line-3-1073-1233-s015702 to line-3-1134-1326-s018395,17.048,17.048,line-3-1073-1233-s015702 to Residential planning stop; site release open midpoint W-Node,safety,
BEN-TRK-L3-012,line-3-1134-1326-s018395--line-3-1159-1384-s020008,track-section,standard-urban,line-3 section 012,line-3,BEN-SYS-001,line-3-1134-1326-s018395 to line-3-1159-1384-s020008,18.395,20.008,Residential planning stop; site release open to Residential planning stop; site release open,safety,
BEN-WPT-L3-012,w-node-line-3-1134-1326-s018395--line-3-1159-1384-s020008,waypoint,wayside-node,line-3 waypoint 012,line-3,BEN-TRK-L3-012,line-3-1134-1326-s018395 to line-3-1159-1384-s020008,19.201,19.201,Residential planning stop; site release open to Residential planning stop; site release open midpoint W-Node,safety,
BEN-TRK-L3-013,line-3-1159-1384-s020008--line-3-1182-1442-s021586,track-section,standard-urban,line-3 section 013,line-3,BEN-SYS-001,line-3-1159-1384-s020008 to line-3-1182-1442-s021586,20.008,21.586,Residential planning stop; site release open to Residential planning stop; site release open,safety,
BEN-WPT-L3-013,w-node-line-3-1159-1384-s020008--line-3-1182-1442-s021586,waypoint,wayside-node,line-3 waypoint 013,line-3,BEN-TRK-L3-013,line-3-1159-1384-s020008 to line-3-1182-1442-s021586,20.797,20.797,Residential planning stop; site release open to Residential planning stop; site release open midpoint W-Node,safety,
BEN-TRK-L3-014,line-3-1182-1442-s021586--line-3-1244-1468-s023269,track-section,standard-urban,line-3 section 014,line-3,BEN-SYS-001,line-3-1182-1442-s021586 to line-3-1244-1468-s023269,21.586,23.269,Residential planning stop; site release open to UKHIRI HEALTH CENTRE,safety,
BEN-WPT-L3-014,w-node-line-3-1182-1442-s021586--line-3-1244-1468-s023269,waypoint,wayside-node,line-3 waypoint 014,line-3,BEN-TRK-L3-014,line-3-1182-1442-s021586 to line-3-1244-1468-s023269,22.427,22.427,Residential planning stop; site release open to UKHIRI HEALTH CENTRE midpoint W-Node,safety,
BEN-TRK-L4-001,line-4-0480-1452-s000000--line-4-0536-1390-s002400,track-section,standard-urban,line-4 section 001,line-4,BEN-SYS-001,line-4-0480-1452-s000000 to line-4-0536-1390-s002400,0.000,2.400,Wedding RCC Rd Benin to Residential planning stop; site release open,safety,
BEN-WPT-L4-001,w-node-line-4-0480-1452-s000000--line-4-0536-1390-s002400,waypoint,wayside-node,line-4 waypoint 001,line-4,BEN-TRK-L4-001,line-4-0480-1452-s000000 to line-4-0536-1390-s002400,1.200,1.200,Wedding RCC Rd Benin to Residential planning stop; site release open midpoint W-Node,safety,
BEN-TRK-L4-002,line-4-0536-1390-s002400--line-4-0561-1333-s003993,track-section,standard-urban,line-4 section 002,line-4,BEN-SYS-001,line-4-0536-1390-s002400 to line-4-0561-1333-s003993,2.400,3.993,Residential planning stop; site release open to Residential planning stop; site release open,safety,
BEN-WPT-L4-002,w-node-line-4-0536-1390-s002400--line-4-0561-1333-s003993,waypoint,wayside-node,line-4 waypoint 002,line-4,BEN-TRK-L4-002,line-4-0536-1390-s002400 to line-4-0561-1333-s003993,3.197,3.197,Residential planning stop; site release open to Residential planning stop; site release open midpoint W-Node,safety,
BEN-TRK-L4-003,line-4-0561-1333-s003993--line-4-0618-1321-s005602,track-section,standard-urban,line-4 section 003,line-4,BEN-SYS-001,line-4-0561-1333-s003993 to line-4-0618-1321-s005602,3.993,5.602,Residential planning stop; site release open to Residential planning stop; site release open,safety,
BEN-WPT-L4-003,w-node-line-4-0561-1333-s003993--line-4-0618-1321-s005602,waypoint,wayside-node,line-4 waypoint 003,line-4,BEN-TRK-L4-003,line-4-0561-1333-s003993 to line-4-0618-1321-s005602,4.798,4.798,Residential planning stop; site release open to Residential planning stop; site release open midpoint W-Node,safety,
BEN-TRK-L4-004,line-4-0618-1321-s005602--line-4-0669-1270-s007197,track-section,standard-urban,line-4 section 004,line-4,BEN-SYS-001,line-4-0618-1321-s005602 to line-4-0669-1270-s007197,5.602,7.197,Residential planning stop; site release open to Residential planning stop; site release open,safety,
BEN-WPT-L4-004,w-node-line-4-0618-1321-s005602--line-4-0669-1270-s007197,waypoint,wayside-node,line-4 waypoint 004,line-4,BEN-TRK-L4-004,line-4-0618-1321-s005602 to line-4-0669-1270-s007197,6.400,6.400,Residential planning stop; site release open to Residential planning stop; site release open midpoint W-Node,safety,
BEN-TRK-L4-005,line-4-0669-1270-s007197--line-4-0715-1204-s009004,track-section,standard-urban,line-4 section 005,line-4,BEN-SYS-001,line-4-0669-1270-s007197 to line-4-0715-1204-s009004,7.197,9.004,Residential planning stop; site release open to line-4-0715-1204-s009004,safety,
BEN-WPT-L4-005,w-node-line-4-0669-1270-s007197--line-4-0715-1204-s009004,waypoint,wayside-node,line-4 waypoint 005,line-4,BEN-TRK-L4-005,line-4-0669-1270-s007197 to line-4-0715-1204-s009004,8.100,8.100,Residential planning stop; site release open to line-4-0715-1204-s009004 midpoint W-Node,safety,
BEN-TRK-L4-006,line-4-0715-1204-s009004--line-4-0751-1154-s010396,track-section,standard-urban,line-4 section 006,line-4,BEN-SYS-001,line-4-0715-1204-s009004 to line-4-0751-1154-s010396,9.004,10.396,line-4-0715-1204-s009004 to Residential planning stop; site release open,safety,
BEN-WPT-L4-006,w-node-line-4-0715-1204-s009004--line-4-0751-1154-s010396,waypoint,wayside-node,line-4 waypoint 006,line-4,BEN-TRK-L4-006,line-4-0715-1204-s009004 to line-4-0751-1154-s010396,9.700,9.700,line-4-0715-1204-s009004 to Residential planning stop; site release open midpoint W-Node,safety,
BEN-TRK-L4-007,line-4-0751-1154-s010396--line-4-0797-1088-s012202,track-section,standard-urban,line-4 section 007,line-4,BEN-SYS-001,line-4-0751-1154-s010396 to line-4-0797-1088-s012202,10.396,12.202,Residential planning stop; site release open to line-4-0797-1088-s012202,safety,
BEN-WPT-L4-007,w-node-line-4-0751-1154-s010396--line-4-0797-1088-s012202,waypoint,wayside-node,line-4 waypoint 007,line-4,BEN-TRK-L4-007,line-4-0751-1154-s010396 to line-4-0797-1088-s012202,11.299,11.299,Residential planning stop; site release open to line-4-0797-1088-s012202 midpoint W-Node,safety,
BEN-TRK-L4-008,line-4-0797-1088-s012202--line-4-0819-1056-s013071,track-section,standard-urban,line-4 section 008,line-4,BEN-SYS-001,line-4-0797-1088-s012202 to line-4-0819-1056-s013071,12.202,13.071,line-4-0797-1088-s012202 to line-4-0819-1056-s013071,safety,
BEN-WPT-L4-008,w-node-line-4-0797-1088-s012202--line-4-0819-1056-s013071,waypoint,wayside-node,line-4 waypoint 008,line-4,BEN-TRK-L4-008,line-4-0797-1088-s012202 to line-4-0819-1056-s013071,12.637,12.637,line-4-0797-1088-s012202 to line-4-0819-1056-s013071 midpoint W-Node,safety,
BEN-TRK-L4-009,line-4-0819-1056-s013071--line-4-0871-0984-s015071,track-section,standard-urban,line-4 section 009,line-4,BEN-SYS-001,line-4-0819-1056-s013071 to line-4-0871-0984-s015071,13.071,15.071,line-4-0819-1056-s013071 to line-4-0871-0984-s015071,safety,
BEN-WPT-L4-009,w-node-line-4-0819-1056-s013071--line-4-0871-0984-s015071,waypoint,wayside-node,line-4 waypoint 009,line-4,BEN-TRK-L4-009,line-4-0819-1056-s013071 to line-4-0871-0984-s015071,14.071,14.071,line-4-0819-1056-s013071 to line-4-0871-0984-s015071 midpoint W-Node,safety,
BEN-TRK-L4-010,line-4-0871-0984-s015071--line-4-0902-0940-s016278,track-section,standard-urban,line-4 section 010,line-4,BEN-SYS-001,line-4-0871-0984-s015071 to line-4-0902-0940-s016278,15.071,16.278,line-4-0871-0984-s015071 to line-4-0902-0940-s016278,safety,
BEN-WPT-L4-010,w-node-line-4-0871-0984-s015071--line-4-0902-0940-s016278,waypoint,wayside-node,line-4 waypoint 010,line-4,BEN-TRK-L4-010,line-4-0871-0984-s015071 to line-4-0902-0940-s016278,15.674,15.674,line-4-0871-0984-s015071 to line-4-0902-0940-s016278 midpoint W-Node,safety,
BEN-TRK-L4-011,line-4-0902-0940-s016278--line-4-0929-0900-s017360,track-section,standard-urban,line-4 section 011,line-4,BEN-SYS-001,line-4-0902-0940-s016278 to line-4-0929-0900-s017360,16.278,17.360,line-4-0902-0940-s016278 to line-4-0929-0900-s017360,safety,
BEN-WPT-L4-011,w-node-line-4-0902-0940-s016278--line-4-0929-0900-s017360,waypoint,wayside-node,line-4 waypoint 011,line-4,BEN-TRK-L4-011,line-4-0902-0940-s016278 to line-4-0929-0900-s017360,16.819,16.819,line-4-0902-0940-s016278 to line-4-0929-0900-s017360 midpoint W-Node,safety,
BEN-TRK-L4-012,line-4-0929-0900-s017360--line-4-0997-0804-s020008,track-section,standard-urban,line-4 section 012,line-4,BEN-SYS-001,line-4-0929-0900-s017360 to line-4-0997-0804-s020008,17.360,20.008,line-4-0929-0900-s017360 to Residential planning stop; site release open,safety,
BEN-WPT-L4-012,w-node-line-4-0929-0900-s017360--line-4-0997-0804-s020008,waypoint,wayside-node,line-4 waypoint 012,line-4,BEN-TRK-L4-012,line-4-0929-0900-s017360 to line-4-0997-0804-s020008,18.684,18.684,line-4-0929-0900-s017360 to Residential planning stop; site release open midpoint W-Node,safety,
BEN-TRK-L4-013,line-4-0997-0804-s020008--line-4-1029-0759-s021243,track-section,standard-urban,line-4 section 013,line-4,BEN-SYS-001,line-4-0997-0804-s020008 to line-4-1029-0759-s021243,20.008,21.243,Residential planning stop; site release open to line-4-1029-0759-s021243,safety,
BEN-WPT-L4-013,w-node-line-4-0997-0804-s020008--line-4-1029-0759-s021243,waypoint,wayside-node,line-4 waypoint 013,line-4,BEN-TRK-L4-013,line-4-0997-0804-s020008 to line-4-1029-0759-s021243,20.625,20.625,Residential planning stop; site release open to line-4-1029-0759-s021243 midpoint W-Node,safety,
BEN-TRK-L4-014,line-4-1029-0759-s021243--line-4-1063-0710-s022587,track-section,standard-urban,line-4 section 014,line-4,BEN-SYS-001,line-4-1029-0759-s021243 to line-4-1063-0710-s022587,21.243,22.587,line-4-1029-0759-s021243 to AREA GULY NPDC BENIN,safety,
BEN-WPT-L4-014,w-node-line-4-1029-0759-s021243--line-4-1063-0710-s022587,waypoint,wayside-node,line-4 waypoint 014,line-4,BEN-TRK-L4-014,line-4-1029-0759-s021243 to line-4-1063-0710-s022587,21.915,21.915,line-4-1029-0759-s021243 to AREA GULY NPDC BENIN midpoint W-Node,safety,
BEN-TRK-L5-001,line-5-0645-0697-s000290--line-5-0643-0704-s000440,track-section,standard-urban,line-5 section 001,line-5,BEN-SYS-001,line-5-0645-0697-s000290 to line-5-0643-0704-s000440,0.290,0.440,line-5-0645-0697-s000290 to Olomuza Market,safety,
BEN-WPT-L5-001,w-node-line-5-0645-0697-s000290--line-5-0643-0704-s000440,waypoint,wayside-node,line-5 waypoint 001,line-5,BEN-TRK-L5-001,line-5-0645-0697-s000290 to line-5-0643-0704-s000440,0.365,0.365,line-5-0645-0697-s000290 to Olomuza Market midpoint W-Node,safety,
BEN-TRK-L5-002,line-5-0643-0704-s000440--line-5-0616-0763-s001897,track-section,standard-urban,line-5 section 002,line-5,BEN-SYS-001,line-5-0643-0704-s000440 to line-5-0616-0763-s001897,0.440,1.897,Olomuza Market to line-5-0616-0763-s001897,safety,
BEN-WPT-L5-002,w-node-line-5-0643-0704-s000440--line-5-0616-0763-s001897,waypoint,wayside-node,line-5 waypoint 002,line-5,BEN-TRK-L5-002,line-5-0643-0704-s000440 to line-5-0616-0763-s001897,1.169,1.169,Olomuza Market to line-5-0616-0763-s001897 midpoint W-Node,safety,
BEN-TRK-L5-003,line-5-0616-0763-s001897--line-5-0592-0820-s003253,track-section,standard-urban,line-5 section 003,line-5,BEN-SYS-001,line-5-0616-0763-s001897 to line-5-0592-0820-s003253,1.897,3.253,line-5-0616-0763-s001897 to line-5-0592-0820-s003253,safety,
BEN-WPT-L5-003,w-node-line-5-0616-0763-s001897--line-5-0592-0820-s003253,waypoint,wayside-node,line-5 waypoint 003,line-5,BEN-TRK-L5-003,line-5-0616-0763-s001897 to line-5-0592-0820-s003253,2.575,2.575,line-5-0616-0763-s001897 to line-5-0592-0820-s003253 midpoint W-Node,safety,
BEN-TRK-L5-004,line-5-0592-0820-s003253--line-5-0588-0826-s003424,track-section,standard-urban,line-5 section 004,line-5,BEN-SYS-001,line-5-0592-0820-s003253 to line-5-0588-0826-s003424,3.253,3.424,line-5-0592-0820-s003253 to line-5-0588-0826-s003424,safety,
BEN-WPT-L5-004,w-node-line-5-0592-0820-s003253--line-5-0588-0826-s003424,waypoint,wayside-node,line-5 waypoint 004,line-5,BEN-TRK-L5-004,line-5-0592-0820-s003253 to line-5-0588-0826-s003424,3.339,3.339,line-5-0592-0820-s003253 to line-5-0588-0826-s003424 midpoint W-Node,safety,
BEN-TRK-L5-005,line-5-0588-0826-s003424--line-5-0555-0903-s005284,track-section,standard-urban,line-5 section 005,line-5,BEN-SYS-001,line-5-0588-0826-s003424 to line-5-0555-0903-s005284,3.424,5.284,line-5-0588-0826-s003424 to line-5-0555-0903-s005284,safety,
BEN-WPT-L5-005,w-node-line-5-0588-0826-s003424--line-5-0555-0903-s005284,waypoint,wayside-node,line-5 waypoint 005,line-5,BEN-TRK-L5-005,line-5-0588-0826-s003424 to line-5-0555-0903-s005284,4.354,4.354,line-5-0588-0826-s003424 to line-5-0555-0903-s005284 midpoint W-Node,safety,
BEN-TRK-L5-006,line-5-0555-0903-s005284--line-5-0546-0922-s005750,track-section,standard-urban,line-5 section 006,line-5,BEN-SYS-001,line-5-0555-0903-s005284 to line-5-0546-0922-s005750,5.284,5.750,line-5-0555-0903-s005284 to line-5-0546-0922-s005750,safety,
BEN-WPT-L5-006,w-node-line-5-0555-0903-s005284--line-5-0546-0922-s005750,waypoint,wayside-node,line-5 waypoint 006,line-5,BEN-TRK-L5-006,line-5-0555-0903-s005284 to line-5-0546-0922-s005750,5.517,5.517,line-5-0555-0903-s005284 to line-5-0546-0922-s005750 midpoint W-Node,safety,
BEN-TRK-L5-007,line-5-0546-0922-s005750--line-5-0541-0944-s006232,track-section,standard-urban,line-5 section 007,line-5,BEN-SYS-001,line-5-0546-0922-s005750 to line-5-0541-0944-s006232,5.750,6.232,line-5-0546-0922-s005750 to government science and tecnology,safety,
BEN-WPT-L5-007,w-node-line-5-0546-0922-s005750--line-5-0541-0944-s006232,waypoint,wayside-node,line-5 waypoint 007,line-5,BEN-TRK-L5-007,line-5-0546-0922-s005750 to line-5-0541-0944-s006232,5.991,5.991,line-5-0546-0922-s005750 to government science and tecnology midpoint W-Node,safety,
BEN-TRK-L5-008,line-5-0541-0944-s006232--line-5-0550-0968-s006798,track-section,standard-urban,line-5 section 008,line-5,BEN-SYS-001,line-5-0541-0944-s006232 to line-5-0550-0968-s006798,6.232,6.798,government science and tecnology to line-5-0550-0968-s006798,safety,
BEN-WPT-L5-008,w-node-line-5-0541-0944-s006232--line-5-0550-0968-s006798,waypoint,wayside-node,line-5 waypoint 008,line-5,BEN-TRK-L5-008,line-5-0541-0944-s006232 to line-5-0550-0968-s006798,6.515,6.515,government science and tecnology to line-5-0550-0968-s006798 midpoint W-Node,safety,
BEN-TRK-L5-009,line-5-0550-0968-s006798--line-5-0575-0984-s007478,track-section,standard-urban,line-5 section 009,line-5,BEN-SYS-001,line-5-0550-0968-s006798 to line-5-0575-0984-s007478,6.798,7.478,line-5-0550-0968-s006798 to line-5-0575-0984-s007478,safety,
BEN-WPT-L5-009,w-node-line-5-0550-0968-s006798--line-5-0575-0984-s007478,waypoint,wayside-node,line-5 waypoint 009,line-5,BEN-TRK-L5-009,line-5-0550-0968-s006798 to line-5-0575-0984-s007478,7.138,7.138,line-5-0550-0968-s006798 to line-5-0575-0984-s007478 midpoint W-Node,safety,
BEN-TRK-L5-010,line-5-0575-0984-s007478--line-5-0658-0995-s009278,track-section,standard-urban,line-5 section 010,line-5,BEN-SYS-001,line-5-0575-0984-s007478 to line-5-0658-0995-s009278,7.478,9.278,line-5-0575-0984-s007478 to line-5-0658-0995-s009278,safety,
BEN-WPT-L5-010,w-node-line-5-0575-0984-s007478--line-5-0658-0995-s009278,waypoint,wayside-node,line-5 waypoint 010,line-5,BEN-TRK-L5-010,line-5-0575-0984-s007478 to line-5-0658-0995-s009278,8.378,8.378,line-5-0575-0984-s007478 to line-5-0658-0995-s009278 midpoint W-Node,safety,
BEN-TRK-L5-011,line-5-0658-0995-s009278--line-5-0743-0957-s011328,track-section,standard-urban,line-5 section 011,line-5,BEN-SYS-001,line-5-0658-0995-s009278 to line-5-0743-0957-s011328,9.278,11.328,line-5-0658-0995-s009278 to Vegetable Market,safety,
BEN-WPT-L5-011,w-node-line-5-0658-0995-s009278--line-5-0743-0957-s011328,waypoint,wayside-node,line-5 waypoint 011,line-5,BEN-TRK-L5-011,line-5-0658-0995-s009278 to line-5-0743-0957-s011328,10.303,10.303,line-5-0658-0995-s009278 to Vegetable Market midpoint W-Node,safety,
BEN-TRK-L5-012,line-5-0743-0957-s011328--line-5-0820-0922-s013217,track-section,standard-urban,line-5 section 012,line-5,BEN-SYS-001,line-5-0743-0957-s011328 to line-5-0820-0922-s013217,11.328,13.217,Vegetable Market to Harvesters Int'l Theological Seminary,safety,
BEN-WPT-L5-012,w-node-line-5-0743-0957-s011328--line-5-0820-0922-s013217,waypoint,wayside-node,line-5 waypoint 012,line-5,BEN-TRK-L5-012,line-5-0743-0957-s011328 to line-5-0820-0922-s013217,12.273,12.273,Vegetable Market to Harvesters Int'l Theological Seminary midpoint W-Node,safety,
BEN-TRK-L5-013,line-5-0820-0922-s013217--line-5-0887-0890-s014857,track-section,standard-urban,line-5 section 013,line-5,BEN-SYS-001,line-5-0820-0922-s013217 to line-5-0887-0890-s014857,13.217,14.857,Harvesters Int'l Theological Seminary to line-5-0887-0890-s014857,safety,
BEN-WPT-L5-013,w-node-line-5-0820-0922-s013217--line-5-0887-0890-s014857,waypoint,wayside-node,line-5 waypoint 013,line-5,BEN-TRK-L5-013,line-5-0820-0922-s013217 to line-5-0887-0890-s014857,14.037,14.037,Harvesters Int'l Theological Seminary to line-5-0887-0890-s014857 midpoint W-Node,safety,
BEN-TRK-L5-014,line-5-0887-0890-s014857--line-5-0898-0808-s016808,track-section,standard-urban,line-5 section 014,line-5,BEN-SYS-001,line-5-0887-0890-s014857 to line-5-0898-0808-s016808,14.857,16.808,line-5-0887-0890-s014857 to Residential planning stop; site release open,safety,
BEN-WPT-L5-014,w-node-line-5-0887-0890-s014857--line-5-0898-0808-s016808,waypoint,wayside-node,line-5 waypoint 014,line-5,BEN-TRK-L5-014,line-5-0887-0890-s014857 to line-5-0898-0808-s016808,15.832,15.832,line-5-0887-0890-s014857 to Residential planning stop; site release open midpoint W-Node,safety,
BEN-TRK-L5-015,line-5-0898-0808-s016808--line-5-0834-0789-s018292,track-section,standard-urban,line-5 section 015,line-5,BEN-SYS-001,line-5-0898-0808-s016808 to line-5-0834-0789-s018292,16.808,18.292,Residential planning stop; site release open to line-5-0834-0789-s018292,safety,
BEN-WPT-L5-015,w-node-line-5-0898-0808-s016808--line-5-0834-0789-s018292,waypoint,wayside-node,line-5 waypoint 015,line-5,BEN-TRK-L5-015,line-5-0898-0808-s016808 to line-5-0834-0789-s018292,17.550,17.550,Residential planning stop; site release open to line-5-0834-0789-s018292 midpoint W-Node,safety,
BEN-TRK-L5-016,line-5-0834-0789-s018292--line-5-0778-0755-s019825,track-section,standard-urban,line-5 section 016,line-5,BEN-SYS-001,line-5-0834-0789-s018292 to line-5-0778-0755-s019825,18.292,19.825,line-5-0834-0789-s018292 to line-5-0778-0755-s019825,safety,
BEN-WPT-L5-016,w-node-line-5-0834-0789-s018292--line-5-0778-0755-s019825,waypoint,wayside-node,line-5 waypoint 016,line-5,BEN-TRK-L5-016,line-5-0834-0789-s018292 to line-5-0778-0755-s019825,19.058,19.058,line-5-0834-0789-s018292 to line-5-0778-0755-s019825 midpoint W-Node,safety,
BEN-TRK-L5-017,line-5-0778-0755-s019825--line-5-0725-0696-s021594,track-section,standard-urban,line-5 section 017,line-5,BEN-SYS-001,line-5-0778-0755-s019825 to line-5-0725-0696-s021594,19.825,21.594,line-5-0778-0755-s019825 to Residential planning stop; site release open,safety,
BEN-WPT-L5-017,w-node-line-5-0778-0755-s019825--line-5-0725-0696-s021594,waypoint,wayside-node,line-5 waypoint 017,line-5,BEN-TRK-L5-017,line-5-0778-0755-s019825 to line-5-0725-0696-s021594,20.709,20.709,line-5-0778-0755-s019825 to Residential planning stop; site release open midpoint W-Node,safety,
BEN-TRK-L5-018,line-5-0725-0696-s021594--line-5-0683-0655-s022926,track-section,standard-urban,line-5 section 018,line-5,BEN-SYS-001,line-5-0725-0696-s021594 to line-5-0683-0655-s022926,21.594,22.926,Residential planning stop; site release open to line-5-0683-0655-s022926,safety,
BEN-WPT-L5-018,w-node-line-5-0725-0696-s021594--line-5-0683-0655-s022926,waypoint,wayside-node,line-5 waypoint 018,line-5,BEN-TRK-L5-018,line-5-0725-0696-s021594 to line-5-0683-0655-s022926,22.260,22.260,Residential planning stop; site release open to line-5-0683-0655-s022926 midpoint W-Node,safety,
BEN-TRK-L5-019,line-5-0683-0655-s022926--line-5-0672-0660-s023199,track-section,standard-urban,line-5 section 019,line-5,BEN-SYS-001,line-5-0683-0655-s022926 to line-5-0672-0660-s023199,22.926,23.199,line-5-0683-0655-s022926 to Residential planning stop; site release open,safety,
BEN-WPT-L5-019,w-node-line-5-0683-0655-s022926--line-5-0672-0660-s023199,waypoint,wayside-node,line-5 waypoint 019,line-5,BEN-TRK-L5-019,line-5-0683-0655-s022926 to line-5-0672-0660-s023199,23.062,23.062,line-5-0683-0655-s022926 to Residential planning stop; site release open midpoint W-Node,safety,
BEN-TRK-L6-001,line-6-0616-0763-s000000--line-6-0562-0662-s002795,track-section,standard-urban,line-6 section 001,line-6,BEN-SYS-001,line-6-0616-0763-s000000 to line-6-0562-0662-s002795,0.000,2.795,line-6-0616-0763-s000000 to line-6-0562-0662-s002795,safety,
BEN-WPT-L6-001,w-node-line-6-0616-0763-s000000--line-6-0562-0662-s002795,waypoint,wayside-node,line-6 waypoint 001,line-6,BEN-TRK-L6-001,line-6-0616-0763-s000000 to line-6-0562-0662-s002795,1.398,1.398,line-6-0616-0763-s000000 to line-6-0562-0662-s002795 midpoint W-Node,safety,
BEN-TRK-L7-001,line-7-0727-0697-s000000--line-7-0786-0638-s001669,track-section,standard-urban,line-7 section 001,line-7,BEN-SYS-001,line-7-0727-0697-s000000 to line-7-0786-0638-s001669,0.000,1.669,line-7-0727-0697-s000000 to Residential planning stop; site release open,safety,
BEN-WPT-L7-001,w-node-line-7-0727-0697-s000000--line-7-0786-0638-s001669,waypoint,wayside-node,line-7 waypoint 001,line-7,BEN-TRK-L7-001,line-7-0727-0697-s000000 to line-7-0786-0638-s001669,0.834,0.834,line-7-0727-0697-s000000 to Residential planning stop; site release open midpoint W-Node,safety,
BEN-TRK-L7-002,line-7-0786-0638-s001669--line-7-0863-0588-s003623,track-section,standard-urban,line-7 section 002,line-7,BEN-SYS-001,line-7-0786-0638-s001669 to line-7-0863-0588-s003623,1.669,3.623,Residential planning stop; site release open to line-7-0863-0588-s003623,safety,
BEN-WPT-L7-002,w-node-line-7-0786-0638-s001669--line-7-0863-0588-s003623,waypoint,wayside-node,line-7 waypoint 002,line-7,BEN-TRK-L7-002,line-7-0786-0638-s001669 to line-7-0863-0588-s003623,2.646,2.646,Residential planning stop; site release open to line-7-0863-0588-s003623 midpoint W-Node,safety,
BEN-TRK-L8-001,line-8-1029-0759-s000000--line-8-1138-0763-s002679,track-section,standard-urban,line-8 section 001,line-8,BEN-SYS-001,line-8-1029-0759-s000000 to line-8-1138-0763-s002679,0.000,2.679,line-8-1029-0759-s000000 to Residential planning stop; site release open,safety,
BEN-WPT-L8-001,w-node-line-8-1029-0759-s000000--line-8-1138-0763-s002679,waypoint,wayside-node,line-8 waypoint 001,line-8,BEN-TRK-L8-001,line-8-1029-0759-s000000 to line-8-1138-0763-s002679,1.340,1.340,line-8-1029-0759-s000000 to Residential planning stop; site release open midpoint W-Node,safety,
BEN-TRK-L8-002,line-8-1138-0763-s002679--line-8-1161-0687-s004390,track-section,standard-urban,line-8 section 002,line-8,BEN-SYS-001,line-8-1138-0763-s002679 to line-8-1161-0687-s004390,2.679,4.390,Residential planning stop; site release open to line-8-1161-0687-s004390,safety,
BEN-WPT-L8-002,w-node-line-8-1138-0763-s002679--line-8-1161-0687-s004390,waypoint,wayside-node,line-8 waypoint 002,line-8,BEN-TRK-L8-002,line-8-1138-0763-s002679 to line-8-1161-0687-s004390,3.534,3.534,Residential planning stop; site release open to line-8-1161-0687-s004390 midpoint W-Node,safety,
BEN-TRK-L9-001,line-9-0834-0789-s000000--line-9-0759-0846-s002242,track-section,standard-urban,line-9 section 001,line-9,BEN-SYS-001,line-9-0834-0789-s000000 to line-9-0759-0846-s002242,0.000,2.242,line-9-0834-0789-s000000 to line-9-0759-0846-s002242,safety,
BEN-WPT-L9-001,w-node-line-9-0834-0789-s000000--line-9-0759-0846-s002242,waypoint,wayside-node,line-9 waypoint 001,line-9,BEN-TRK-L9-001,line-9-0834-0789-s000000 to line-9-0759-0846-s002242,1.121,1.121,line-9-0834-0789-s000000 to line-9-0759-0846-s002242 midpoint W-Node,safety,
BEN-TRK-L9-002,line-9-0759-0846-s002242--line-9-0748-0857-s002553,track-section,standard-urban,line-9 section 002,line-9,BEN-SYS-001,line-9-0759-0846-s002242 to line-9-0748-0857-s002553,2.242,2.553,line-9-0759-0846-s002242 to line-9-0748-0857-s002553,safety,
BEN-WPT-L9-002,w-node-line-9-0759-0846-s002242--line-9-0748-0857-s002553,waypoint,wayside-node,line-9 waypoint 002,line-9,BEN-TRK-L9-002,line-9-0759-0846-s002242 to line-9-0748-0857-s002553,2.397,2.397,line-9-0759-0846-s002242 to line-9-0748-0857-s002553 midpoint W-Node,safety,
BEN-TRK-L9-003,line-9-0748-0857-s002553--line-9-0689-0886-s003973,track-section,standard-urban,line-9 section 003,line-9,BEN-SYS-001,line-9-0748-0857-s002553 to line-9-0689-0886-s003973,2.553,3.973,line-9-0748-0857-s002553 to line-9-0689-0886-s003973,safety,
BEN-WPT-L9-003,w-node-line-9-0748-0857-s002553--line-9-0689-0886-s003973,waypoint,wayside-node,line-9 waypoint 003,line-9,BEN-TRK-L9-003,line-9-0748-0857-s002553 to line-9-0689-0886-s003973,3.263,3.263,line-9-0748-0857-s002553 to line-9-0689-0886-s003973 midpoint W-Node,safety,
BEN-SW-001,sw-line-1-0546-0922-s000000-tb,switch,no-9-mainline,sw-line-1-0546-0922-s000000-tb,line-1,BEN-ST-001,line-1-0546-0922-s000000,,,line-1-0546-0922-s000000 turnback,safety,
BEN-SW-002,sw-line-1-1029-0587-s013564-tb,switch,no-9-mainline,sw-line-1-1029-0587-s013564-tb,line-1,BEN-ST-010,line-1-1029-0587-s013564,,,line-1-1029-0587-s013564 turnback,safety,
BEN-SW-003,sw-line-10-0672-0659-s000000-tb,switch,no-9-mainline,sw-line-10-0672-0659-s000000-tb,line-10,BEN-ST-011,line-10-0672-0659-s000000,,,line-10-0672-0659-s000000 turnback,safety,
BEN-SW-004,sw-line-10-0489-0687-s005806-tb,switch,no-9-mainline,sw-line-10-0489-0687-s005806-tb,line-10,BEN-ST-015,line-10-0489-0687-s005806,,,line-10-0489-0687-s005806 turnback,safety,
BEN-SW-005,sw-line-11-1076-0936-s000000-tb,switch,no-9-mainline,sw-line-11-1076-0936-s000000-tb,line-11,BEN-ST-016,line-11-1076-0936-s000000,,,line-11-1076-0936-s000000 turnback,safety,
BEN-SW-006,sw-line-11-0935-1064-s004618-tb,switch,no-9-mainline,sw-line-11-0935-1064-s004618-tb,line-11,BEN-ST-019,line-11-0935-1064-s004618,,,line-11-0935-1064-s004618 turnback,safety,
BEN-SW-007,sw-line-12-0971-0626-s000000-tb,switch,no-9-mainline,sw-line-12-0971-0626-s000000-tb,line-12,BEN-ST-020,line-12-0971-0626-s000000,,,line-12-0971-0626-s000000 turnback,safety,
BEN-SW-008,sw-line-12-0963-0738-s002720-tb,switch,no-9-mainline,sw-line-12-0963-0738-s002720-tb,line-12,BEN-ST-021,line-12-0963-0738-s002720,,,line-12-0963-0738-s002720 turnback,safety,
BEN-SW-009,sw-line-13-1063-0710-s000000-tb,switch,no-9-mainline,sw-line-13-1063-0710-s000000-tb,line-13,BEN-ST-022,line-13-1063-0710-s000000,,,line-13-1063-0710-s000000 turnback,safety,
BEN-SW-010,sw-line-13-1237-0763-s005959-tb,switch,no-9-mainline,sw-line-13-1237-0763-s005959-tb,line-13,BEN-ST-025,line-13-1237-0763-s005959,,,line-13-1237-0763-s005959 turnback,safety,
BEN-SW-011,sw-line-14-0743-0957-s000000-tb,switch,no-9-mainline,sw-line-14-0743-0957-s000000-tb,line-14,BEN-ST-026,line-14-0743-0957-s000000,,,line-14-0743-0957-s000000 turnback,safety,
BEN-SW-012,sw-line-14-0819-1056-s002750-tb,switch,no-9-mainline,sw-line-14-0819-1056-s002750-tb,line-14,BEN-ST-027,line-14-0819-1056-s002750,,,line-14-0819-1056-s002750 turnback,safety,
BEN-SW-013,sw-line-15-1029-0587-s000000-tb,switch,no-9-mainline,sw-line-15-1029-0587-s000000-tb,line-15,BEN-ST-028,line-15-1029-0587-s000000,,,line-15-1029-0587-s000000 turnback,safety,
BEN-SW-014,sw-line-15-1113-0362-s005196-tb,switch,no-9-mainline,sw-line-15-1113-0362-s005196-tb,line-15,BEN-ST-031,line-15-1113-0362-s005196,,,line-15-1113-0362-s005196 turnback,safety,
BEN-SW-015,sw-line-16-0588-0826-s000000-tb,switch,no-9-mainline,sw-line-16-0588-0826-s000000-tb,line-16,BEN-ST-032,line-16-0588-0826-s000000,,,line-16-0588-0826-s000000 turnback,safety,
BEN-SW-016,sw-line-16-0715-1204-s012584-tb,switch,no-9-mainline,sw-line-16-0715-1204-s012584-tb,line-16,BEN-ST-040,line-16-0715-1204-s012584,,,line-16-0715-1204-s012584 turnback,safety,
BEN-SW-017,sw-line-17-0683-0655-s000000-tb,switch,no-9-mainline,sw-line-17-0683-0655-s000000-tb,line-17,BEN-ST-041,line-17-0683-0655-s000000,,,line-17-0683-0655-s000000 turnback,safety,
BEN-SW-018,sw-line-17-0786-0562-s003569-tb,switch,no-9-mainline,sw-line-17-0786-0562-s003569-tb,line-17,BEN-ST-043,line-17-0786-0562-s003569,,,line-17-0786-0562-s003569 turnback,safety,
BEN-SW-019,sw-line-18-0672-0659-s000000-tb,switch,no-9-mainline,sw-line-18-0672-0659-s000000-tb,line-18,BEN-ST-044,line-18-0672-0659-s000000,,,line-18-0672-0659-s000000 turnback,safety,
BEN-SW-020,sw-line-18-0463-0613-s007701-tb,switch,no-9-mainline,sw-line-18-0463-0613-s007701-tb,line-18,BEN-ST-049,line-18-0463-0613-s007701,,,line-18-0463-0613-s007701 turnback,safety,
BEN-SW-021,sw-line-19-0977-0621-s000000-tb,switch,no-9-mainline,sw-line-19-0977-0621-s000000-tb,line-19,BEN-ST-050,line-19-0977-0621-s000000,,,line-19-0977-0621-s000000 turnback,safety,
BEN-SW-022,sw-line-19-0863-0588-s003195-tb,switch,no-9-mainline,sw-line-19-0863-0588-s003195-tb,line-19,BEN-ST-052,line-19-0863-0588-s003195,,,line-19-0863-0588-s003195 turnback,safety,
BEN-SW-023,sw-line-2-1498-0986-s000000-tb,switch,no-9-mainline,sw-line-2-1498-0986-s000000-tb,line-2,BEN-ST-053,line-2-1498-0986-s000000,,,line-2-1498-0986-s000000 turnback,safety,
BEN-SW-024,sw-line-2-0485-0794-s022091-tb,switch,no-9-mainline,sw-line-2-0485-0794-s022091-tb,line-2,BEN-ST-068,line-2-0485-0794-s022091,,,line-2-0485-0794-s022091 turnback,safety,
BEN-SW-025,sw-line-20-1029-0587-s000000-tb,switch,no-9-mainline,sw-line-20-1029-0587-s000000-tb,line-20,BEN-ST-069,line-20-1029-0587-s000000,,,line-20-1029-0587-s000000 turnback,safety,
BEN-SW-026,sw-line-20-1187-0614-s004552-tb,switch,no-9-mainline,sw-line-20-1187-0614-s004552-tb,line-20,BEN-ST-071,line-20-1187-0614-s004552,,,line-20-1187-0614-s004552 turnback,safety,
BEN-SW-027,sw-line-21-1073-1233-s000000-tb,switch,no-9-mainline,sw-line-21-1073-1233-s000000-tb,line-21,BEN-ST-072,line-21-1073-1233-s000000,,,line-21-1073-1233-s000000 turnback,safety,
BEN-SW-028,sw-line-21-1161-1164-s002332-tb,switch,no-9-mainline,sw-line-21-1161-1164-s002332-tb,line-21,BEN-ST-073,line-21-1161-1164-s002332,,,line-21-1161-1164-s002332 turnback,safety,
BEN-SW-029,sw-line-22-0696-0845-s000000-tb,switch,no-9-mainline,sw-line-22-0696-0845-s000000-tb,line-22,BEN-ST-074,line-22-0696-0845-s000000,,,line-22-0696-0845-s000000 turnback,safety,
BEN-SW-030,sw-line-22-0615-0913-s002582-tb,switch,no-9-mainline,sw-line-22-0615-0913-s002582-tb,line-22,BEN-ST-076,line-22-0615-0913-s002582,,,line-22-0615-0913-s002582 turnback,safety,
BEN-SW-031,sw-line-23-1029-0587-s000000-tb,switch,no-9-mainline,sw-line-23-1029-0587-s000000-tb,line-23,BEN-ST-077,line-23-1029-0587-s000000,,,line-23-1029-0587-s000000 turnback,safety,
BEN-SW-032,sw-line-23-0987-0490-s002288-tb,switch,no-9-mainline,sw-line-23-0987-0490-s002288-tb,line-23,BEN-ST-078,line-23-0987-0490-s002288,,,line-23-0987-0490-s002288 turnback,safety,
BEN-SW-033,sw-line-24-0658-0995-s000000-tb,switch,no-9-mainline,sw-line-24-0658-0995-s000000-tb,line-24,BEN-ST-079,line-24-0658-0995-s000000,,,line-24-0658-0995-s000000 turnback,safety,
BEN-SW-034,sw-line-24-0863-1088-s005752-tb,switch,no-9-mainline,sw-line-24-0863-1088-s005752-tb,line-24,BEN-ST-082,line-24-0863-1088-s005752,,,line-24-0863-1088-s005752 turnback,safety,
BEN-SW-035,sw-line-25-1029-0587-s000000-tb,switch,no-9-mainline,sw-line-25-1029-0587-s000000-tb,line-25,BEN-ST-083,line-25-1029-0587-s000000,,,line-25-1029-0587-s000000 turnback,safety,
BEN-SW-036,sw-line-25-1185-0339-s008803-tb,switch,no-9-mainline,sw-line-25-1185-0339-s008803-tb,line-25,BEN-ST-088,line-25-1185-0339-s008803,,,line-25-1185-0339-s008803 turnback,safety,
BEN-SW-037,sw-line-26-0908-1030-s000000-tb,switch,no-9-mainline,sw-line-26-0908-1030-s000000-tb,line-26,BEN-ST-089,line-26-0908-1030-s000000,,,line-26-0908-1030-s000000 turnback,safety,
BEN-SW-038,sw-line-26-0888-0890-s004217-tb,switch,no-9-mainline,sw-line-26-0888-0890-s004217-tb,line-26,BEN-ST-091,line-26-0888-0890-s004217,,,line-26-0888-0890-s004217 turnback,safety,
BEN-SW-039,sw-line-27-1138-0950-s000000-tb,switch,no-9-mainline,sw-line-27-1138-0950-s000000-tb,line-27,BEN-ST-092,line-27-1138-0950-s000000,,,line-27-1138-0950-s000000 turnback,safety,
BEN-SW-040,sw-line-27-1161-0837-s002451-tb,switch,no-9-mainline,sw-line-27-1161-0837-s002451-tb,line-27,BEN-ST-093,line-27-1161-0837-s002451,,,line-27-1161-0837-s002451 turnback,safety,
BEN-SW-041,sw-line-28-0575-0984-s000000-tb,switch,no-9-mainline,sw-line-28-0575-0984-s000000-tb,line-28,BEN-ST-094,line-28-0575-0984-s000000,,,line-28-0575-0984-s000000 turnback,safety,
BEN-SW-042,sw-line-28-0589-1210-s005266-tb,switch,no-9-mainline,sw-line-28-0589-1210-s005266-tb,line-28,BEN-ST-097,line-28-0589-1210-s005266,,,line-28-0589-1210-s005266 turnback,safety,
BEN-SW-043,sw-line-3-0645-0697-s000000-tb,switch,no-9-mainline,sw-line-3-0645-0697-s000000-tb,line-3,BEN-ST-098,line-3-0645-0697-s000000,,,line-3-0645-0697-s000000 turnback,safety,
BEN-SW-044,sw-line-3-1244-1468-s023269-tb,switch,no-9-mainline,sw-line-3-1244-1468-s023269-tb,line-3,BEN-ST-112,line-3-1244-1468-s023269,,,line-3-1244-1468-s023269 turnback,safety,
BEN-SW-045,sw-line-3-1244-1468-s023269-yd-01,switch,no-9-mainline,sw-line-3-1244-1468-s023269-yd-01,line-3,BEN-ST-112,line-3-1244-1468-s023269,,,line-3-1244-1468-s023269 yard-throat,safety,
BEN-SW-046,sw-line-3-1244-1468-s023269-yd-02,switch,no-9-mainline,sw-line-3-1244-1468-s023269-yd-02,line-3,BEN-ST-112,line-3-1244-1468-s023269,,,line-3-1244-1468-s023269 yard-throat,safety,
BEN-SW-047,sw-line-3-1244-1468-s023269-yd-03,switch,no-9-mainline,sw-line-3-1244-1468-s023269-yd-03,line-3,BEN-ST-112,line-3-1244-1468-s023269,,,line-3-1244-1468-s023269 yard-throat,safety,
BEN-SW-048,sw-line-3-1244-1468-s023269-yd-04,switch,no-9-mainline,sw-line-3-1244-1468-s023269-yd-04,line-3,BEN-ST-112,line-3-1244-1468-s023269,,,line-3-1244-1468-s023269 yard-throat,safety,
BEN-SW-049,sw-line-3-1244-1468-s023269-yd-05,switch,no-9-mainline,sw-line-3-1244-1468-s023269-yd-05,line-3,BEN-ST-112,line-3-1244-1468-s023269,,,line-3-1244-1468-s023269 yard-throat,safety,
BEN-SW-050,sw-line-3-1244-1468-s023269-yd-06,switch,no-9-mainline,sw-line-3-1244-1468-s023269-yd-06,line-3,BEN-ST-112,line-3-1244-1468-s023269,,,line-3-1244-1468-s023269 yard-throat,safety,
BEN-SW-051,sw-line-3-1244-1468-s023269-yd-07,switch,no-9-mainline,sw-line-3-1244-1468-s023269-yd-07,line-3,BEN-ST-112,line-3-1244-1468-s023269,,,line-3-1244-1468-s023269 yard-throat,safety,
BEN-SW-052,sw-line-3-1244-1468-s023269-yd-08,switch,no-9-mainline,sw-line-3-1244-1468-s023269-yd-08,line-3,BEN-ST-112,line-3-1244-1468-s023269,,,line-3-1244-1468-s023269 yard-throat,safety,
BEN-SW-053,sw-line-3-1244-1468-s023269-yd-09,switch,no-9-mainline,sw-line-3-1244-1468-s023269-yd-09,line-3,BEN-ST-112,line-3-1244-1468-s023269,,,line-3-1244-1468-s023269 yard-throat,safety,
BEN-SW-054,sw-line-3-1244-1468-s023269-yd-10,switch,no-9-mainline,sw-line-3-1244-1468-s023269-yd-10,line-3,BEN-ST-112,line-3-1244-1468-s023269,,,line-3-1244-1468-s023269 yard-throat,safety,
BEN-SW-055,sw-line-3-1244-1468-s023269-yd-11,switch,no-9-mainline,sw-line-3-1244-1468-s023269-yd-11,line-3,BEN-ST-112,line-3-1244-1468-s023269,,,line-3-1244-1468-s023269 yard-throat,safety,
BEN-SW-056,sw-line-3-1244-1468-s023269-yd-12,switch,no-9-mainline,sw-line-3-1244-1468-s023269-yd-12,line-3,BEN-ST-112,line-3-1244-1468-s023269,,,line-3-1244-1468-s023269 yard-throat,safety,
BEN-SW-057,sw-line-3-1244-1468-s023269-yd-13,switch,no-9-mainline,sw-line-3-1244-1468-s023269-yd-13,line-3,BEN-ST-112,line-3-1244-1468-s023269,,,line-3-1244-1468-s023269 yard-throat,safety,
BEN-SW-058,sw-line-3-1244-1468-s023269-yd-14,switch,no-9-mainline,sw-line-3-1244-1468-s023269-yd-14,line-3,BEN-ST-112,line-3-1244-1468-s023269,,,line-3-1244-1468-s023269 yard-throat,safety,
BEN-SW-059,sw-line-3-1244-1468-s023269-yd-15,switch,no-9-mainline,sw-line-3-1244-1468-s023269-yd-15,line-3,BEN-ST-112,line-3-1244-1468-s023269,,,line-3-1244-1468-s023269 yard-throat,safety,
BEN-SW-060,sw-line-3-1244-1468-s023269-yd-16,switch,no-9-mainline,sw-line-3-1244-1468-s023269-yd-16,line-3,BEN-ST-112,line-3-1244-1468-s023269,,,line-3-1244-1468-s023269 yard-throat,safety,
BEN-SW-061,sw-line-3-1244-1468-s023269-yd-17,switch,no-9-mainline,sw-line-3-1244-1468-s023269-yd-17,line-3,BEN-ST-112,line-3-1244-1468-s023269,,,line-3-1244-1468-s023269 yard-throat,safety,
BEN-SW-062,sw-line-3-1244-1468-s023269-yd-18,switch,no-9-mainline,sw-line-3-1244-1468-s023269-yd-18,line-3,BEN-ST-112,line-3-1244-1468-s023269,,,line-3-1244-1468-s023269 yard-throat,safety,
BEN-SW-063,sw-line-3-1244-1468-s023269-yd-19,switch,no-9-mainline,sw-line-3-1244-1468-s023269-yd-19,line-3,BEN-ST-112,line-3-1244-1468-s023269,,,line-3-1244-1468-s023269 yard-throat,safety,
BEN-SW-064,sw-line-3-1244-1468-s023269-yd-20,switch,no-9-mainline,sw-line-3-1244-1468-s023269-yd-20,line-3,BEN-ST-112,line-3-1244-1468-s023269,,,line-3-1244-1468-s023269 yard-throat,safety,
BEN-SW-065,sw-line-3-1244-1468-s023269-yd-21,switch,no-9-mainline,sw-line-3-1244-1468-s023269-yd-21,line-3,BEN-ST-112,line-3-1244-1468-s023269,,,line-3-1244-1468-s023269 yard-throat,safety,
BEN-SW-066,sw-line-3-1244-1468-s023269-yd-22,switch,no-9-mainline,sw-line-3-1244-1468-s023269-yd-22,line-3,BEN-ST-112,line-3-1244-1468-s023269,,,line-3-1244-1468-s023269 yard-throat,safety,
BEN-SW-067,sw-line-3-1244-1468-s023269-yd-23,switch,no-9-mainline,sw-line-3-1244-1468-s023269-yd-23,line-3,BEN-ST-112,line-3-1244-1468-s023269,,,line-3-1244-1468-s023269 yard-throat,safety,
BEN-SW-068,sw-line-3-1244-1468-s023269-yd-24,switch,no-9-mainline,sw-line-3-1244-1468-s023269-yd-24,line-3,BEN-ST-112,line-3-1244-1468-s023269,,,line-3-1244-1468-s023269 yard-throat,safety,
BEN-SW-069,sw-line-3-1244-1468-s023269-yd-25,switch,no-9-mainline,sw-line-3-1244-1468-s023269-yd-25,line-3,BEN-ST-112,line-3-1244-1468-s023269,,,line-3-1244-1468-s023269 yard-throat,safety,
BEN-SW-070,sw-line-3-1244-1468-s023269-yd-26,switch,no-9-mainline,sw-line-3-1244-1468-s023269-yd-26,line-3,BEN-ST-112,line-3-1244-1468-s023269,,,line-3-1244-1468-s023269 yard-throat,safety,
BEN-SW-071,sw-line-3-1244-1468-s023269-yd-27,switch,no-9-mainline,sw-line-3-1244-1468-s023269-yd-27,line-3,BEN-ST-112,line-3-1244-1468-s023269,,,line-3-1244-1468-s023269 yard-throat,safety,
BEN-SW-072,sw-line-3-1244-1468-s023269-yd-28,switch,no-9-mainline,sw-line-3-1244-1468-s023269-yd-28,line-3,BEN-ST-112,line-3-1244-1468-s023269,,,line-3-1244-1468-s023269 yard-throat,safety,
BEN-SW-073,sw-line-3-1244-1468-s023269-yd-29,switch,no-9-mainline,sw-line-3-1244-1468-s023269-yd-29,line-3,BEN-ST-112,line-3-1244-1468-s023269,,,line-3-1244-1468-s023269 yard-throat,safety,
BEN-SW-074,sw-line-3-1244-1468-s023269-yd-30,switch,no-9-mainline,sw-line-3-1244-1468-s023269-yd-30,line-3,BEN-ST-112,line-3-1244-1468-s023269,,,line-3-1244-1468-s023269 yard-throat,safety,
BEN-SW-075,sw-line-3-1244-1468-s023269-yd-31,switch,no-9-mainline,sw-line-3-1244-1468-s023269-yd-31,line-3,BEN-ST-112,line-3-1244-1468-s023269,,,line-3-1244-1468-s023269 yard-throat,safety,
BEN-SW-076,sw-line-3-1244-1468-s023269-yd-32,switch,no-9-mainline,sw-line-3-1244-1468-s023269-yd-32,line-3,BEN-ST-112,line-3-1244-1468-s023269,,,line-3-1244-1468-s023269 yard-throat,safety,
BEN-SW-077,sw-line-3-1244-1468-s023269-yd-33,switch,no-9-mainline,sw-line-3-1244-1468-s023269-yd-33,line-3,BEN-ST-112,line-3-1244-1468-s023269,,,line-3-1244-1468-s023269 yard-throat,safety,
BEN-SW-078,sw-line-3-1244-1468-s023269-yd-34,switch,no-9-mainline,sw-line-3-1244-1468-s023269-yd-34,line-3,BEN-ST-112,line-3-1244-1468-s023269,,,line-3-1244-1468-s023269 yard-throat,safety,
BEN-SW-079,sw-line-3-1244-1468-s023269-yd-35,switch,no-9-mainline,sw-line-3-1244-1468-s023269-yd-35,line-3,BEN-ST-112,line-3-1244-1468-s023269,,,line-3-1244-1468-s023269 yard-throat,safety,
BEN-SW-080,sw-line-3-1244-1468-s023269-yd-36,switch,no-9-mainline,sw-line-3-1244-1468-s023269-yd-36,line-3,BEN-ST-112,line-3-1244-1468-s023269,,,line-3-1244-1468-s023269 yard-throat,safety,
BEN-SW-081,sw-line-3-1244-1468-s023269-yd-37,switch,no-9-mainline,sw-line-3-1244-1468-s023269-yd-37,line-3,BEN-ST-112,line-3-1244-1468-s023269,,,line-3-1244-1468-s023269 yard-throat,safety,
BEN-SW-082,sw-line-3-1244-1468-s023269-yd-38,switch,no-9-mainline,sw-line-3-1244-1468-s023269-yd-38,line-3,BEN-ST-112,line-3-1244-1468-s023269,,,line-3-1244-1468-s023269 yard-throat,safety,
BEN-SW-083,sw-line-3-1244-1468-s023269-yd-39,switch,no-9-mainline,sw-line-3-1244-1468-s023269-yd-39,line-3,BEN-ST-112,line-3-1244-1468-s023269,,,line-3-1244-1468-s023269 yard-throat,safety,
BEN-SW-084,sw-line-3-1244-1468-s023269-yd-40,switch,no-9-mainline,sw-line-3-1244-1468-s023269-yd-40,line-3,BEN-ST-112,line-3-1244-1468-s023269,,,line-3-1244-1468-s023269 yard-throat,safety,
BEN-SW-085,sw-line-3-1244-1468-s023269-yd-41,switch,no-9-mainline,sw-line-3-1244-1468-s023269-yd-41,line-3,BEN-ST-112,line-3-1244-1468-s023269,,,line-3-1244-1468-s023269 yard-throat,safety,
BEN-SW-086,sw-line-3-1244-1468-s023269-yd-42,switch,no-9-mainline,sw-line-3-1244-1468-s023269-yd-42,line-3,BEN-ST-112,line-3-1244-1468-s023269,,,line-3-1244-1468-s023269 yard-throat,safety,
BEN-SW-087,sw-line-3-1244-1468-s023269-yd-43,switch,no-9-mainline,sw-line-3-1244-1468-s023269-yd-43,line-3,BEN-ST-112,line-3-1244-1468-s023269,,,line-3-1244-1468-s023269 yard-throat,safety,
BEN-SW-088,sw-line-3-1244-1468-s023269-yd-44,switch,no-9-mainline,sw-line-3-1244-1468-s023269-yd-44,line-3,BEN-ST-112,line-3-1244-1468-s023269,,,line-3-1244-1468-s023269 yard-throat,safety,
BEN-SW-089,sw-line-3-1244-1468-s023269-yd-45,switch,no-9-mainline,sw-line-3-1244-1468-s023269-yd-45,line-3,BEN-ST-112,line-3-1244-1468-s023269,,,line-3-1244-1468-s023269 yard-throat,safety,
BEN-SW-090,sw-line-3-1244-1468-s023269-yd-46,switch,no-9-mainline,sw-line-3-1244-1468-s023269-yd-46,line-3,BEN-ST-112,line-3-1244-1468-s023269,,,line-3-1244-1468-s023269 yard-throat,safety,
BEN-SW-091,sw-line-3-1244-1468-s023269-yd-47,switch,no-9-mainline,sw-line-3-1244-1468-s023269-yd-47,line-3,BEN-ST-112,line-3-1244-1468-s023269,,,line-3-1244-1468-s023269 yard-throat,safety,
BEN-SW-092,sw-line-3-1244-1468-s023269-yd-48,switch,no-9-mainline,sw-line-3-1244-1468-s023269-yd-48,line-3,BEN-ST-112,line-3-1244-1468-s023269,,,line-3-1244-1468-s023269 yard-throat,safety,
BEN-SW-093,sw-line-3-1244-1468-s023269-yd-49,switch,no-9-mainline,sw-line-3-1244-1468-s023269-yd-49,line-3,BEN-ST-112,line-3-1244-1468-s023269,,,line-3-1244-1468-s023269 yard-throat,safety,
BEN-SW-094,sw-line-3-1244-1468-s023269-yd-50,switch,no-9-mainline,sw-line-3-1244-1468-s023269-yd-50,line-3,BEN-ST-112,line-3-1244-1468-s023269,,,line-3-1244-1468-s023269 yard-throat,safety,
BEN-SW-095,sw-line-3-1244-1468-s023269-yd-51,switch,no-9-mainline,sw-line-3-1244-1468-s023269-yd-51,line-3,BEN-ST-112,line-3-1244-1468-s023269,,,line-3-1244-1468-s023269 yard-throat,safety,
BEN-SW-096,sw-line-3-1244-1468-s023269-yd-52,switch,no-9-mainline,sw-line-3-1244-1468-s023269-yd-52,line-3,BEN-ST-112,line-3-1244-1468-s023269,,,line-3-1244-1468-s023269 yard-throat,safety,
BEN-SW-097,sw-line-3-1244-1468-s023269-yd-53,switch,no-9-mainline,sw-line-3-1244-1468-s023269-yd-53,line-3,BEN-ST-112,line-3-1244-1468-s023269,,,line-3-1244-1468-s023269 yard-throat,safety,
BEN-SW-098,sw-line-3-1244-1468-s023269-yd-54,switch,no-9-mainline,sw-line-3-1244-1468-s023269-yd-54,line-3,BEN-ST-112,line-3-1244-1468-s023269,,,line-3-1244-1468-s023269 yard-throat,safety,
BEN-SW-099,sw-line-3-1244-1468-s023269-yd-55,switch,no-9-mainline,sw-line-3-1244-1468-s023269-yd-55,line-3,BEN-ST-112,line-3-1244-1468-s023269,,,line-3-1244-1468-s023269 yard-throat,safety,
BEN-SW-100,sw-line-3-1244-1468-s023269-yd-56,switch,no-9-mainline,sw-line-3-1244-1468-s023269-yd-56,line-3,BEN-ST-112,line-3-1244-1468-s023269,,,line-3-1244-1468-s023269 yard-throat,safety,
BEN-SW-101,sw-line-3-1244-1468-s023269-yd-57,switch,no-9-mainline,sw-line-3-1244-1468-s023269-yd-57,line-3,BEN-ST-112,line-3-1244-1468-s023269,,,line-3-1244-1468-s023269 yard-throat,safety,
BEN-SW-102,sw-line-3-1244-1468-s023269-yd-58,switch,no-9-mainline,sw-line-3-1244-1468-s023269-yd-58,line-3,BEN-ST-112,line-3-1244-1468-s023269,,,line-3-1244-1468-s023269 yard-throat,safety,
BEN-SW-103,sw-line-3-1244-1468-s023269-yd-59,switch,no-9-mainline,sw-line-3-1244-1468-s023269-yd-59,line-3,BEN-ST-112,line-3-1244-1468-s023269,,,line-3-1244-1468-s023269 yard-throat,safety,
BEN-SW-104,sw-line-3-1244-1468-s023269-yd-60,switch,no-9-mainline,sw-line-3-1244-1468-s023269-yd-60,line-3,BEN-ST-112,line-3-1244-1468-s023269,,,line-3-1244-1468-s023269 yard-throat,safety,
BEN-SW-105,sw-line-3-1244-1468-s023269-yd-61,switch,no-9-mainline,sw-line-3-1244-1468-s023269-yd-61,line-3,BEN-ST-112,line-3-1244-1468-s023269,,,line-3-1244-1468-s023269 yard-throat,safety,
BEN-SW-106,sw-line-3-1244-1468-s023269-yd-62,switch,no-9-mainline,sw-line-3-1244-1468-s023269-yd-62,line-3,BEN-ST-112,line-3-1244-1468-s023269,,,line-3-1244-1468-s023269 yard-throat,safety,
BEN-SW-107,sw-line-3-1244-1468-s023269-yd-63,switch,no-9-mainline,sw-line-3-1244-1468-s023269-yd-63,line-3,BEN-ST-112,line-3-1244-1468-s023269,,,line-3-1244-1468-s023269 yard-throat,safety,
BEN-SW-108,sw-line-3-1244-1468-s023269-yd-64,switch,no-9-mainline,sw-line-3-1244-1468-s023269-yd-64,line-3,BEN-ST-112,line-3-1244-1468-s023269,,,line-3-1244-1468-s023269 yard-throat,safety,
BEN-SW-109,sw-line-3-1244-1468-s023269-yd-65,switch,no-9-mainline,sw-line-3-1244-1468-s023269-yd-65,line-3,BEN-ST-112,line-3-1244-1468-s023269,,,line-3-1244-1468-s023269 yard-throat,safety,
BEN-SW-110,sw-line-3-1244-1468-s023269-yd-66,switch,no-9-mainline,sw-line-3-1244-1468-s023269-yd-66,line-3,BEN-ST-112,line-3-1244-1468-s023269,,,line-3-1244-1468-s023269 yard-throat,safety,
BEN-SW-111,sw-line-3-1244-1468-s023269-yd-67,switch,no-9-mainline,sw-line-3-1244-1468-s023269-yd-67,line-3,BEN-ST-112,line-3-1244-1468-s023269,,,line-3-1244-1468-s023269 yard-throat,safety,
BEN-SW-112,sw-line-3-1244-1468-s023269-yd-68,switch,no-9-mainline,sw-line-3-1244-1468-s023269-yd-68,line-3,BEN-ST-112,line-3-1244-1468-s023269,,,line-3-1244-1468-s023269 yard-throat,safety,
BEN-SW-113,sw-line-3-1244-1468-s023269-yd-69,switch,no-9-mainline,sw-line-3-1244-1468-s023269-yd-69,line-3,BEN-ST-112,line-3-1244-1468-s023269,,,line-3-1244-1468-s023269 yard-throat,safety,
BEN-SW-114,sw-line-3-1244-1468-s023269-yd-70,switch,no-9-mainline,sw-line-3-1244-1468-s023269-yd-70,line-3,BEN-ST-112,line-3-1244-1468-s023269,,,line-3-1244-1468-s023269 yard-throat,safety,
BEN-SW-115,sw-line-3-1244-1468-s023269-yd-71,switch,no-9-mainline,sw-line-3-1244-1468-s023269-yd-71,line-3,BEN-ST-112,line-3-1244-1468-s023269,,,line-3-1244-1468-s023269 yard-throat,safety,
BEN-SW-116,sw-line-3-1244-1468-s023269-yd-72,switch,no-9-mainline,sw-line-3-1244-1468-s023269-yd-72,line-3,BEN-ST-112,line-3-1244-1468-s023269,,,line-3-1244-1468-s023269 yard-throat,safety,
BEN-SW-117,sw-line-3-1244-1468-s023269-yd-73,switch,no-9-mainline,sw-line-3-1244-1468-s023269-yd-73,line-3,BEN-ST-112,line-3-1244-1468-s023269,,,line-3-1244-1468-s023269 yard-throat,safety,
BEN-SW-118,sw-line-3-1244-1468-s023269-yd-74,switch,no-9-mainline,sw-line-3-1244-1468-s023269-yd-74,line-3,BEN-ST-112,line-3-1244-1468-s023269,,,line-3-1244-1468-s023269 yard-throat,safety,
BEN-SW-119,sw-line-3-1244-1468-s023269-yd-75,switch,no-9-mainline,sw-line-3-1244-1468-s023269-yd-75,line-3,BEN-ST-112,line-3-1244-1468-s023269,,,line-3-1244-1468-s023269 yard-throat,safety,
BEN-SW-120,sw-line-3-1244-1468-s023269-yd-76,switch,no-9-mainline,sw-line-3-1244-1468-s023269-yd-76,line-3,BEN-ST-112,line-3-1244-1468-s023269,,,line-3-1244-1468-s023269 yard-throat,safety,
BEN-SW-121,sw-line-4-0480-1452-s000000-tb,switch,no-9-mainline,sw-line-4-0480-1452-s000000-tb,line-4,BEN-ST-113,line-4-0480-1452-s000000,,,line-4-0480-1452-s000000 turnback,safety,
BEN-SW-122,sw-line-4-1063-0710-s022587-tb,switch,no-9-mainline,sw-line-4-1063-0710-s022587-tb,line-4,BEN-ST-127,line-4-1063-0710-s022587,,,line-4-1063-0710-s022587 turnback,safety,
BEN-SW-123,sw-line-6-0616-0763-s000000-tb,switch,no-9-mainline,sw-line-6-0616-0763-s000000-tb,line-6,BEN-ST-148,line-6-0616-0763-s000000,,,line-6-0616-0763-s000000 turnback,safety,
BEN-SW-124,sw-line-6-0562-0662-s002795-tb,switch,no-9-mainline,sw-line-6-0562-0662-s002795-tb,line-6,BEN-ST-149,line-6-0562-0662-s002795,,,line-6-0562-0662-s002795 turnback,safety,
BEN-SW-125,sw-line-7-0727-0697-s000000-tb,switch,no-9-mainline,sw-line-7-0727-0697-s000000-tb,line-7,BEN-ST-150,line-7-0727-0697-s000000,,,line-7-0727-0697-s000000 turnback,safety,
BEN-SW-126,sw-line-7-0863-0588-s003623-tb,switch,no-9-mainline,sw-line-7-0863-0588-s003623-tb,line-7,BEN-ST-152,line-7-0863-0588-s003623,,,line-7-0863-0588-s003623 turnback,safety,
BEN-SW-127,sw-line-8-1029-0759-s000000-tb,switch,no-9-mainline,sw-line-8-1029-0759-s000000-tb,line-8,BEN-ST-153,line-8-1029-0759-s000000,,,line-8-1029-0759-s000000 turnback,safety,
BEN-SW-128,sw-line-8-1161-0687-s004390-tb,switch,no-9-mainline,sw-line-8-1161-0687-s004390-tb,line-8,BEN-ST-155,line-8-1161-0687-s004390,,,line-8-1161-0687-s004390 turnback,safety,
BEN-SW-129,sw-line-9-0834-0789-s000000-tb,switch,no-9-mainline,sw-line-9-0834-0789-s000000-tb,line-9,BEN-ST-156,line-9-0834-0789-s000000,,,line-9-0834-0789-s000000 turnback,safety,
BEN-SW-130,sw-line-9-0689-0886-s003973-tb,switch,no-9-mainline,sw-line-9-0689-0886-s003973-tb,line-9,BEN-ST-159,line-9-0689-0886-s003973,,,line-9-0689-0886-s003973 turnback,safety,
BEN-DEP-001,depot-line-1-0546-0922-s000000,depot,main-heavy,main-heavy at line-1-0546-0922-s000000,line-1,BEN-ST-001,line-1-0546-0922-s000000,,,line-1-0546-0922-s000000; 5 stalls,service,
BEN-DEP-002,depot-line-2-1498-0986-s000000,depot,main-heavy,main-heavy at line-2-1498-0986-s000000,line-2,BEN-ST-053,line-2-1498-0986-s000000,,,line-2-1498-0986-s000000; 8 stalls,service,
BEN-DEP-003,depot-line-3-1244-1468-s023269,depot,main-heavy,main-heavy at line-3-1244-1468-s023269,line-3,BEN-ST-112,line-3-1244-1468-s023269,,,line-3-1244-1468-s023269; 7 stalls,service,
BEN-DEP-004,depot-line-4-0480-1452-s000000,depot,main-heavy,main-heavy at line-4-0480-1452-s000000,line-4,BEN-ST-113,line-4-0480-1452-s000000,,,line-4-0480-1452-s000000; 7 stalls,service,
BEN-DEP-005,depot-line-5-0645-0697-s000290,depot,main-heavy,main-heavy at line-5-0645-0697-s000290,line-5,BEN-ST-128,line-5-0645-0697-s000290,,,line-5-0645-0697-s000290; 3 stalls,service,
BEN-DEP-006,depot-line-6-0616-0763-s000000,depot,main-heavy,main-heavy at line-6-0616-0763-s000000,line-6,BEN-ST-148,line-6-0616-0763-s000000,,,line-6-0616-0763-s000000; 2 stalls,service,
BEN-DEP-007,depot-line-7-0727-0697-s000000,depot,main-heavy,main-heavy at line-7-0727-0697-s000000,line-7,BEN-ST-150,line-7-0727-0697-s000000,,,line-7-0727-0697-s000000; 2 stalls,service,
BEN-DEP-008,depot-line-8-1029-0759-s000000,depot,main-heavy,main-heavy at line-8-1029-0759-s000000,line-8,BEN-ST-153,line-8-1029-0759-s000000,,,line-8-1029-0759-s000000; 2 stalls,service,
BEN-DEP-009,depot-line-9-0834-0789-s000000,depot,main-heavy,main-heavy at line-9-0834-0789-s000000,line-9,BEN-ST-156,line-9-0834-0789-s000000,,,line-9-0834-0789-s000000; 2 stalls,service,
BEN-DEP-010,depot-line-10-0672-0659-s000000,depot,main-heavy,main-heavy at line-10-0672-0659-s000000,line-10,BEN-ST-011,line-10-0672-0659-s000000,,,line-10-0672-0659-s000000; 3 stalls,service,
BEN-DEP-011,depot-line-11-1076-0936-s000000,depot,main-heavy,main-heavy at line-11-1076-0936-s000000,line-11,BEN-ST-016,line-11-1076-0936-s000000,,,line-11-1076-0936-s000000; 2 stalls,service,
BEN-DEP-012,depot-line-12-0971-0626-s000000,depot,main-heavy,main-heavy at line-12-0971-0626-s000000,line-12,BEN-ST-020,line-12-0971-0626-s000000,,,line-12-0971-0626-s000000; 2 stalls,service,
BEN-DEP-013,depot-line-13-1063-0710-s000000,depot,main-heavy,main-heavy at line-13-1063-0710-s000000,line-13,BEN-ST-022,line-13-1063-0710-s000000,,,line-13-1063-0710-s000000; 2 stalls,service,
BEN-DEP-014,depot-line-14-0743-0957-s000000,depot,main-heavy,main-heavy at line-14-0743-0957-s000000,line-14,BEN-ST-026,line-14-0743-0957-s000000,,,line-14-0743-0957-s000000; 2 stalls,service,
BEN-DEP-015,depot-line-15-1029-0587-s000000,depot,main-heavy,main-heavy at line-15-1029-0587-s000000,line-15,BEN-ST-028,line-15-1029-0587-s000000,,,line-15-1029-0587-s000000; 2 stalls,service,
BEN-DEP-016,depot-line-16-0588-0826-s000000,depot,main-heavy,main-heavy at line-16-0588-0826-s000000,line-16,BEN-ST-032,line-16-0588-0826-s000000,,,line-16-0588-0826-s000000; 5 stalls,service,
BEN-DEP-017,depot-line-17-0683-0655-s000000,depot,main-heavy,main-heavy at line-17-0683-0655-s000000,line-17,BEN-ST-041,line-17-0683-0655-s000000,,,line-17-0683-0655-s000000; 2 stalls,service,
BEN-DEP-018,depot-line-18-0672-0659-s000000,depot,main-heavy,main-heavy at line-18-0672-0659-s000000,line-18,BEN-ST-044,line-18-0672-0659-s000000,,,line-18-0672-0659-s000000; 3 stalls,service,
BEN-DEP-019,depot-line-19-0977-0621-s000000,depot,main-heavy,main-heavy at line-19-0977-0621-s000000,line-19,BEN-ST-050,line-19-0977-0621-s000000,,,line-19-0977-0621-s000000; 2 stalls,service,
BEN-DEP-020,depot-line-20-1029-0587-s000000,depot,main-heavy,main-heavy at line-20-1029-0587-s000000,line-20,BEN-ST-069,line-20-1029-0587-s000000,,,line-20-1029-0587-s000000; 2 stalls,service,
BEN-DEP-021,depot-line-21-1073-1233-s000000,depot,main-heavy,main-heavy at line-21-1073-1233-s000000,line-21,BEN-ST-072,line-21-1073-1233-s000000,,,line-21-1073-1233-s000000; 2 stalls,service,
BEN-DEP-022,depot-line-22-0696-0845-s000000,depot,main-heavy,main-heavy at line-22-0696-0845-s000000,line-22,BEN-ST-074,line-22-0696-0845-s000000,,,line-22-0696-0845-s000000; 2 stalls,service,
BEN-DEP-023,depot-line-23-1029-0587-s000000,depot,main-heavy,main-heavy at line-23-1029-0587-s000000,line-23,BEN-ST-077,line-23-1029-0587-s000000,,,line-23-1029-0587-s000000; 2 stalls,service,
BEN-DEP-024,depot-line-24-0658-0995-s000000,depot,main-heavy,main-heavy at line-24-0658-0995-s000000,line-24,BEN-ST-079,line-24-0658-0995-s000000,,,line-24-0658-0995-s000000; 3 stalls,service,
BEN-DEP-025,depot-line-25-1029-0587-s000000,depot,main-heavy,main-heavy at line-25-1029-0587-s000000,line-25,BEN-ST-083,line-25-1029-0587-s000000,,,line-25-1029-0587-s000000; 3 stalls,service,
BEN-DEP-026,depot-line-26-0908-1030-s000000,depot,main-heavy,main-heavy at line-26-0908-1030-s000000,line-26,BEN-ST-089,line-26-0908-1030-s000000,,,line-26-0908-1030-s000000; 2 stalls,service,
BEN-DEP-027,depot-line-27-1138-0950-s000000,depot,main-heavy,main-heavy at line-27-1138-0950-s000000,line-27,BEN-ST-092,line-27-1138-0950-s000000,,,line-27-1138-0950-s000000; 2 stalls,service,
BEN-DEP-028,depot-line-28-0575-0984-s000000,depot,main-heavy,main-heavy at line-28-0575-0984-s000000,line-28,BEN-ST-094,line-28-0575-0984-s000000,,,line-28-0575-0984-s000000; 2 stalls,service,
BEN-PLANT-001,plant-line-1-0546-0922-s000000,depots-production,tooling-fixtures,production/depot tooling at line-1-0546-0922-s000000,line-1,BEN-ST-001,line-1-0546-0922-s000000,,,line-1-0546-0922-s000000,production,
BEN-PLANT-002,plant-line-2-1498-0986-s000000,depots-production,tooling-fixtures,production/depot tooling at line-2-1498-0986-s000000,line-2,BEN-ST-053,line-2-1498-0986-s000000,,,line-2-1498-0986-s000000,production,
BEN-PLANT-003,plant-line-3-1244-1468-s023269,depots-production,tooling-fixtures,production/depot tooling at line-3-1244-1468-s023269,line-3,BEN-ST-112,line-3-1244-1468-s023269,,,line-3-1244-1468-s023269,production,
BEN-PLANT-004,plant-line-4-0480-1452-s000000,depots-production,tooling-fixtures,production/depot tooling at line-4-0480-1452-s000000,line-4,BEN-ST-113,line-4-0480-1452-s000000,,,line-4-0480-1452-s000000,production,
BEN-PLANT-005,plant-line-5-0645-0697-s000290,depots-production,tooling-fixtures,production/depot tooling at line-5-0645-0697-s000290,line-5,BEN-ST-128,line-5-0645-0697-s000290,,,line-5-0645-0697-s000290,production,
BEN-PLANT-006,plant-line-6-0616-0763-s000000,depots-production,tooling-fixtures,production/depot tooling at line-6-0616-0763-s000000,line-6,BEN-ST-148,line-6-0616-0763-s000000,,,line-6-0616-0763-s000000,production,
BEN-PLANT-007,plant-line-7-0727-0697-s000000,depots-production,tooling-fixtures,production/depot tooling at line-7-0727-0697-s000000,line-7,BEN-ST-150,line-7-0727-0697-s000000,,,line-7-0727-0697-s000000,production,
BEN-PLANT-008,plant-line-8-1029-0759-s000000,depots-production,tooling-fixtures,production/depot tooling at line-8-1029-0759-s000000,line-8,BEN-ST-153,line-8-1029-0759-s000000,,,line-8-1029-0759-s000000,production,
BEN-PLANT-009,plant-line-9-0834-0789-s000000,depots-production,tooling-fixtures,production/depot tooling at line-9-0834-0789-s000000,line-9,BEN-ST-156,line-9-0834-0789-s000000,,,line-9-0834-0789-s000000,production,
BEN-PLANT-010,plant-line-10-0672-0659-s000000,depots-production,tooling-fixtures,production/depot tooling at line-10-0672-0659-s000000,line-10,BEN-ST-011,line-10-0672-0659-s000000,,,line-10-0672-0659-s000000,production,
BEN-PLANT-011,plant-line-11-1076-0936-s000000,depots-production,tooling-fixtures,production/depot tooling at line-11-1076-0936-s000000,line-11,BEN-ST-016,line-11-1076-0936-s000000,,,line-11-1076-0936-s000000,production,
BEN-PLANT-012,plant-line-12-0971-0626-s000000,depots-production,tooling-fixtures,production/depot tooling at line-12-0971-0626-s000000,line-12,BEN-ST-020,line-12-0971-0626-s000000,,,line-12-0971-0626-s000000,production,
BEN-PLANT-013,plant-line-13-1063-0710-s000000,depots-production,tooling-fixtures,production/depot tooling at line-13-1063-0710-s000000,line-13,BEN-ST-022,line-13-1063-0710-s000000,,,line-13-1063-0710-s000000,production,
BEN-PLANT-014,plant-line-14-0743-0957-s000000,depots-production,tooling-fixtures,production/depot tooling at line-14-0743-0957-s000000,line-14,BEN-ST-026,line-14-0743-0957-s000000,,,line-14-0743-0957-s000000,production,
BEN-PLANT-015,plant-line-15-1029-0587-s000000,depots-production,tooling-fixtures,production/depot tooling at line-15-1029-0587-s000000,line-15,BEN-ST-028,line-15-1029-0587-s000000,,,line-15-1029-0587-s000000,production,
BEN-PLANT-016,plant-line-16-0588-0826-s000000,depots-production,tooling-fixtures,production/depot tooling at line-16-0588-0826-s000000,line-16,BEN-ST-032,line-16-0588-0826-s000000,,,line-16-0588-0826-s000000,production,
BEN-PLANT-017,plant-line-17-0683-0655-s000000,depots-production,tooling-fixtures,production/depot tooling at line-17-0683-0655-s000000,line-17,BEN-ST-041,line-17-0683-0655-s000000,,,line-17-0683-0655-s000000,production,
BEN-PLANT-018,plant-line-18-0672-0659-s000000,depots-production,tooling-fixtures,production/depot tooling at line-18-0672-0659-s000000,line-18,BEN-ST-044,line-18-0672-0659-s000000,,,line-18-0672-0659-s000000,production,
BEN-PLANT-019,plant-line-19-0977-0621-s000000,depots-production,tooling-fixtures,production/depot tooling at line-19-0977-0621-s000000,line-19,BEN-ST-050,line-19-0977-0621-s000000,,,line-19-0977-0621-s000000,production,
BEN-PLANT-020,plant-line-20-1029-0587-s000000,depots-production,tooling-fixtures,production/depot tooling at line-20-1029-0587-s000000,line-20,BEN-ST-069,line-20-1029-0587-s000000,,,line-20-1029-0587-s000000,production,
BEN-PLANT-021,plant-line-21-1073-1233-s000000,depots-production,tooling-fixtures,production/depot tooling at line-21-1073-1233-s000000,line-21,BEN-ST-072,line-21-1073-1233-s000000,,,line-21-1073-1233-s000000,production,
BEN-PLANT-022,plant-line-22-0696-0845-s000000,depots-production,tooling-fixtures,production/depot tooling at line-22-0696-0845-s000000,line-22,BEN-ST-074,line-22-0696-0845-s000000,,,line-22-0696-0845-s000000,production,
BEN-PLANT-023,plant-line-23-1029-0587-s000000,depots-production,tooling-fixtures,production/depot tooling at line-23-1029-0587-s000000,line-23,BEN-ST-077,line-23-1029-0587-s000000,,,line-23-1029-0587-s000000,production,
BEN-PLANT-024,plant-line-24-0658-0995-s000000,depots-production,tooling-fixtures,production/depot tooling at line-24-0658-0995-s000000,line-24,BEN-ST-079,line-24-0658-0995-s000000,,,line-24-0658-0995-s000000,production,
BEN-PLANT-025,plant-line-25-1029-0587-s000000,depots-production,tooling-fixtures,production/depot tooling at line-25-1029-0587-s000000,line-25,BEN-ST-083,line-25-1029-0587-s000000,,,line-25-1029-0587-s000000,production,
BEN-PLANT-026,plant-line-26-0908-1030-s000000,depots-production,tooling-fixtures,production/depot tooling at line-26-0908-1030-s000000,line-26,BEN-ST-089,line-26-0908-1030-s000000,,,line-26-0908-1030-s000000,production,
BEN-PLANT-027,plant-line-27-1138-0950-s000000,depots-production,tooling-fixtures,production/depot tooling at line-27-1138-0950-s000000,line-27,BEN-ST-092,line-27-1138-0950-s000000,,,line-27-1138-0950-s000000,production,
BEN-PLANT-028,plant-line-28-0575-0984-s000000,depots-production,tooling-fixtures,production/depot tooling at line-28-0575-0984-s000000,line-28,BEN-ST-094,line-28-0575-0984-s000000,,,line-28-0575-0984-s000000,production,
BEN-EN-001,energy-line-1-0546-0922-s000000,energy,pv-bess-charger,energy site at line-1-0546-0922-s000000,line-1,BEN-ST-001,line-1-0546-0922-s000000,,,"5,000 kW PV; 40,000 kWh storage",energy,
BEN-EN-002,energy-line-1-0555-0903-s000893,energy,pv-bess-charger,energy site at line-1-0555-0903-s000893,line-1,BEN-ST-002,line-1-0555-0903-s000893,,,"300 kW PV; 1,500 kWh storage",energy,
BEN-EN-003,energy-line-1-0656-0835-s003593,energy,pv-bess-charger,energy site at line-1-0656-0835-s003593,line-1,BEN-ST-003,line-1-0656-0835-s003593,,,"300 kW PV; 1,500 kWh storage",energy,
BEN-EN-004,energy-line-1-0717-0795-s005191,energy,pv-bess-charger,energy site at line-1-0717-0795-s005191,line-1,BEN-ST-004,line-1-0717-0795-s005191,,,"300 kW PV; 1,500 kWh storage",energy,
BEN-EN-005,energy-line-1-0778-0755-s006831,energy,pv-bess-charger,energy site at line-1-0778-0755-s006831,line-1,BEN-ST-005,line-1-0778-0755-s006831,,,"300 kW PV; 1,500 kWh storage",energy,
BEN-EN-006,energy-line-1-0850-0706-s008811,energy,pv-bess-charger,energy site at line-1-0850-0706-s008811,line-1,BEN-ST-006,line-1-0850-0706-s008811,,,"300 kW PV; 1,500 kWh storage",energy,
BEN-EN-007,energy-line-1-0911-0666-s010398,energy,pv-bess-charger,energy site at line-1-0911-0666-s010398,line-1,BEN-ST-007,line-1-0911-0666-s010398,,,"300 kW PV; 1,500 kWh storage",energy,
BEN-EN-008,energy-line-1-0971-0626-s011988,energy,pv-bess-charger,energy site at line-1-0971-0626-s011988,line-1,BEN-ST-008,line-1-0971-0626-s011988,,,"300 kW PV; 1,500 kWh storage",energy,
BEN-EN-009,energy-line-1-0977-0621-s012161,energy,pv-bess-charger,energy site at line-1-0977-0621-s012161,line-1,BEN-ST-009,line-1-0977-0621-s012161,,,"300 kW PV; 1,500 kWh storage",energy,
BEN-EN-010,energy-line-1-1029-0587-s013564,energy,pv-bess-charger,energy site at line-1-1029-0587-s013564,line-1,BEN-ST-010,line-1-1029-0587-s013564,,,"300 kW PV; 1,500 kWh storage",energy,
BEN-EN-011,energy-line-10-0672-0659-s000000,energy,pv-bess-charger,energy site at line-10-0672-0659-s000000,line-10,BEN-ST-011,line-10-0672-0659-s000000,,,"5,000 kW PV; 40,000 kWh storage",energy,
BEN-EN-012,energy-line-10-0650-0637-s000622,energy,pv-bess-charger,energy site at line-10-0650-0637-s000622,line-10,BEN-ST-012,line-10-0650-0637-s000622,,,"300 kW PV; 1,500 kWh storage",energy,
BEN-EN-013,energy-line-10-0612-0588-s001917,energy,pv-bess-charger,energy site at line-10-0612-0588-s001917,line-10,BEN-ST-013,line-10-0612-0588-s001917,,,"300 kW PV; 1,500 kWh storage",energy,
BEN-EN-014,energy-line-10-0536-0588-s003437,energy,pv-bess-charger,energy site at line-10-0536-0588-s003437,line-10,BEN-ST-014,line-10-0536-0588-s003437,,,"300 kW PV; 1,500 kWh storage",energy,
BEN-EN-015,energy-line-10-0489-0687-s005806,energy,pv-bess-charger,energy site at line-10-0489-0687-s005806,line-10,BEN-ST-015,line-10-0489-0687-s005806,,,"300 kW PV; 1,500 kWh storage",energy,
BEN-EN-016,energy-line-11-1076-0936-s000000,energy,pv-bess-charger,energy site at line-11-1076-0936-s000000,line-11,BEN-ST-016,line-11-1076-0936-s000000,,,"5,000 kW PV; 40,000 kWh storage",energy,
BEN-EN-017,energy-line-11-1013-1062-s003042,energy,pv-bess-charger,energy site at line-11-1013-1062-s003042,line-11,BEN-ST-017,line-11-1013-1062-s003042,,,"300 kW PV; 1,500 kWh storage",energy,
BEN-EN-018,energy-line-11-0937-1062-s004562,energy,pv-bess-charger,energy site at line-11-0937-1062-s004562,line-11,BEN-ST-018,line-11-0937-1062-s004562,,,"300 kW PV; 1,500 kWh storage",energy,
BEN-EN-019,energy-line-11-0935-1064-s004618,energy,pv-bess-charger,energy site at line-11-0935-1064-s004618,line-11,BEN-ST-019,line-11-0935-1064-s004618,,,"300 kW PV; 1,500 kWh storage",energy,
BEN-EN-020,energy-line-12-0971-0626-s000000,energy,pv-bess-charger,energy site at line-12-0971-0626-s000000,line-12,BEN-ST-020,line-12-0971-0626-s000000,,,"5,000 kW PV; 40,000 kWh storage",energy,
BEN-EN-021,energy-line-12-0963-0738-s002720,energy,pv-bess-charger,energy site at line-12-0963-0738-s002720,line-12,BEN-ST-021,line-12-0963-0738-s002720,,,"300 kW PV; 1,500 kWh storage",energy,
BEN-EN-022,energy-line-13-1063-0710-s000000,energy,pv-bess-charger,energy site at line-13-1063-0710-s000000,line-13,BEN-ST-022,line-13-1063-0710-s000000,,,"5,000 kW PV; 40,000 kWh storage",energy,
BEN-EN-023,energy-line-13-1089-0659-s001235,energy,pv-bess-charger,energy site at line-13-1089-0659-s001235,line-13,BEN-ST-023,line-13-1089-0659-s001235,,,"300 kW PV; 1,500 kWh storage",energy,
BEN-EN-024,energy-line-13-1237-0763-s005959,energy,pv-bess-charger,energy site at line-13-1237-0763-s005959,line-13,BEN-ST-025,line-13-1237-0763-s005959,,,"300 kW PV; 1,500 kWh storage",energy,
BEN-EN-025,energy-line-14-0743-0957-s000000,energy,pv-bess-charger,energy site at line-14-0743-0957-s000000,line-14,BEN-ST-026,line-14-0743-0957-s000000,,,"5,000 kW PV; 40,000 kWh storage",energy,
BEN-EN-026,energy-line-14-0819-1056-s002750,energy,pv-bess-charger,energy site at line-14-0819-1056-s002750,line-14,BEN-ST-027,line-14-0819-1056-s002750,,,"300 kW PV; 1,500 kWh storage",energy,
BEN-EN-027,energy-line-15-1029-0587-s000000,energy,pv-bess-charger,energy site at line-15-1029-0587-s000000,line-15,BEN-ST-028,line-15-1029-0587-s000000,,,"5,000 kW PV; 40,000 kWh storage",energy,
BEN-EN-028,energy-line-15-1029-0547-s000800,energy,pv-bess-charger,energy site at line-15-1029-0547-s000800,line-15,BEN-ST-029,line-15-1029-0547-s000800,,,"300 kW PV; 1,500 kWh storage",energy,
BEN-EN-029,energy-line-15-1113-0362-s005196,energy,pv-bess-charger,energy site at line-15-1113-0362-s005196,line-15,BEN-ST-031,line-15-1113-0362-s005196,,,"300 kW PV; 1,500 kWh storage",energy,
BEN-EN-030,energy-line-16-0588-0826-s000000,energy,pv-bess-charger,energy site at line-16-0588-0826-s000000,line-16,BEN-ST-032,line-16-0588-0826-s000000,,,"5,000 kW PV; 40,000 kWh storage",energy,
BEN-EN-031,energy-line-16-0537-0807-s001177,energy,pv-bess-charger,energy site at line-16-0537-0807-s001177,line-16,BEN-ST-033,line-16-0537-0807-s001177,,,"300 kW PV; 1,500 kWh storage",energy,
BEN-EN-032,energy-line-16-0462-0862-s003215,energy,pv-bess-charger,energy site at line-16-0462-0862-s003215,line-16,BEN-ST-034,line-16-0462-0862-s003215,,,"300 kW PV; 1,500 kWh storage",energy,
BEN-EN-033,energy-line-16-0541-0944-s005510,energy,pv-bess-charger,energy site at line-16-0541-0944-s005510,line-16,BEN-ST-035,line-16-0541-0944-s005510,,,"300 kW PV; 1,500 kWh storage",energy,
BEN-EN-034,energy-line-16-0550-0968-s006064,energy,pv-bess-charger,energy site at line-16-0550-0968-s006064,line-16,BEN-ST-036,line-16-0550-0968-s006064,,,"300 kW PV; 1,500 kWh storage",energy,
BEN-EN-035,energy-line-16-0568-1016-s007173,energy,pv-bess-charger,energy site at line-16-0568-1016-s007173,line-16,BEN-ST-037,line-16-0568-1016-s007173,,,"300 kW PV; 1,500 kWh storage",energy,
BEN-EN-036,energy-line-16-0602-1062-s008375,energy,pv-bess-charger,energy site at line-16-0602-1062-s008375,line-16,BEN-ST-038,line-16-0602-1062-s008375,,,"300 kW PV; 1,500 kWh storage",energy,
BEN-EN-037,energy-line-16-0612-1138-s009978,energy,pv-bess-charger,energy site at line-16-0612-1138-s009978,line-16,BEN-ST-039,line-16-0612-1138-s009978,,,"300 kW PV; 1,500 kWh storage",energy,
BEN-EN-038,energy-line-16-0715-1204-s012584,energy,pv-bess-charger,energy site at line-16-0715-1204-s012584,line-16,BEN-ST-040,line-16-0715-1204-s012584,,,"300 kW PV; 1,500 kWh storage",energy,
BEN-EN-039,energy-line-17-0683-0655-s000000,energy,pv-bess-charger,energy site at line-17-0683-0655-s000000,line-17,BEN-ST-041,line-17-0683-0655-s000000,,,"5,000 kW PV; 40,000 kWh storage",energy,
BEN-EN-040,energy-line-17-0687-0588-s001373,energy,pv-bess-charger,energy site at line-17-0687-0588-s001373,line-17,BEN-ST-042,line-17-0687-0588-s001373,,,"300 kW PV; 1,500 kWh storage",energy,
BEN-EN-041,energy-line-17-0786-0562-s003569,energy,pv-bess-charger,energy site at line-17-0786-0562-s003569,line-17,BEN-ST-043,line-17-0786-0562-s003569,,,"300 kW PV; 1,500 kWh storage",energy,
BEN-EN-042,energy-line-18-0672-0659-s000000,energy,pv-bess-charger,energy site at line-18-0672-0659-s000000,line-18,BEN-ST-044,line-18-0672-0659-s000000,,,"5,000 kW PV; 40,000 kWh storage",energy,
BEN-EN-043,energy-line-18-0650-0637-s000622,energy,pv-bess-charger,energy site at line-18-0650-0637-s000622,line-18,BEN-ST-045,line-18-0650-0637-s000622,,,"300 kW PV; 1,500 kWh storage",energy,
BEN-EN-044,energy-line-18-0610-0565-s002394,energy,pv-bess-charger,energy site at line-18-0610-0565-s002394,line-18,BEN-ST-046,line-18-0610-0565-s002394,,,"300 kW PV; 1,500 kWh storage",energy,
BEN-EN-045,energy-line-18-0562-0514-s003811,energy,pv-bess-charger,energy site at line-18-0562-0514-s003811,line-18,BEN-ST-047,line-18-0562-0514-s003811,,,"300 kW PV; 1,500 kWh storage",energy,
BEN-EN-046,energy-line-18-0463-0613-s007701,energy,pv-bess-charger,energy site at line-18-0463-0613-s007701,line-18,BEN-ST-049,line-18-0463-0613-s007701,,,"300 kW PV; 1,500 kWh storage",energy,
BEN-EN-047,energy-line-19-0977-0621-s000000,energy,pv-bess-charger,energy site at line-19-0977-0621-s000000,line-19,BEN-ST-050,line-19-0977-0621-s000000,,,"5,000 kW PV; 40,000 kWh storage",energy,
BEN-EN-048,energy-line-19-0936-0562-s001520,energy,pv-bess-charger,energy site at line-19-0936-0562-s001520,line-19,BEN-ST-051,line-19-0936-0562-s001520,,,"300 kW PV; 1,500 kWh storage",energy,
BEN-EN-049,energy-line-19-0863-0588-s003195,energy,pv-bess-charger,energy site at line-19-0863-0588-s003195,line-19,BEN-ST-052,line-19-0863-0588-s003195,,,"300 kW PV; 1,500 kWh storage",energy,
BEN-EN-050,energy-line-2-1498-0986-s000000,energy,pv-bess-charger,energy site at line-2-1498-0986-s000000,line-2,BEN-ST-053,line-2-1498-0986-s000000,,,"5,000 kW PV; 40,000 kWh storage",energy,
BEN-EN-051,energy-line-2-1138-0950-s007668,energy,pv-bess-charger,energy site at line-2-1138-0950-s007668,line-2,BEN-ST-057,line-2-1138-0950-s007668,,,"300 kW PV; 1,500 kWh storage",energy,
BEN-EN-052,energy-line-2-1076-0936-s009036,energy,pv-bess-charger,energy site at line-2-1076-0936-s009036,line-2,BEN-ST-058,line-2-1076-0936-s009036,,,"300 kW PV; 1,500 kWh storage",energy,
BEN-EN-053,energy-line-2-1014-0921-s010400,energy,pv-bess-charger,energy site at line-2-1014-0921-s010400,line-2,BEN-ST-059,line-2-1014-0921-s010400,,,"300 kW PV; 1,500 kWh storage",energy,
BEN-EN-054,energy-line-2-0929-0900-s012286,energy,pv-bess-charger,energy site at line-2-0929-0900-s012286,line-2,BEN-ST-060,line-2-0929-0900-s012286,,,"300 kW PV; 1,500 kWh storage",energy,
BEN-EN-055,energy-line-2-0887-0890-s013208,energy,pv-bess-charger,energy site at line-2-0887-0890-s013208,line-2,BEN-ST-061,line-2-0887-0890-s013208,,,"300 kW PV; 1,500 kWh storage",energy,
BEN-EN-056,energy-line-2-0773-0863-s015724,energy,pv-bess-charger,energy site at line-2-0773-0863-s015724,line-2,BEN-ST-062,line-2-0773-0863-s015724,,,"300 kW PV; 1,500 kWh storage",energy,
BEN-EN-057,energy-line-2-0748-0857-s016274,energy,pv-bess-charger,energy site at line-2-0748-0857-s016274,line-2,BEN-ST-063,line-2-0748-0857-s016274,,,"300 kW PV; 1,500 kWh storage",energy,
BEN-EN-058,energy-line-2-0696-0845-s017413,energy,pv-bess-charger,energy site at line-2-0696-0845-s017413,line-2,BEN-ST-064,line-2-0696-0845-s017413,,,"300 kW PV; 1,500 kWh storage",energy,
BEN-EN-059,energy-line-2-0656-0835-s018307,energy,pv-bess-charger,energy site at line-2-0656-0835-s018307,line-2,BEN-ST-065,line-2-0656-0835-s018307,,,"300 kW PV; 1,500 kWh storage",energy,
BEN-EN-060,energy-line-2-0592-0820-s019726,energy,pv-bess-charger,energy site at line-2-0592-0820-s019726,line-2,BEN-ST-066,line-2-0592-0820-s019726,,,"300 kW PV; 1,500 kWh storage",energy,
BEN-EN-061,energy-line-2-0537-0807-s020931,energy,pv-bess-charger,energy site at line-2-0537-0807-s020931,line-2,BEN-ST-067,line-2-0537-0807-s020931,,,"300 kW PV; 1,500 kWh storage",energy,
BEN-EN-062,energy-line-2-0485-0794-s022091,energy,pv-bess-charger,energy site at line-2-0485-0794-s022091,line-2,BEN-ST-068,line-2-0485-0794-s022091,,,"300 kW PV; 1,500 kWh storage",energy,
BEN-EN-063,energy-line-20-1029-0587-s000000,energy,pv-bess-charger,energy site at line-20-1029-0587-s000000,line-20,BEN-ST-069,line-20-1029-0587-s000000,,,"5,000 kW PV; 40,000 kWh storage",energy,
BEN-EN-064,energy-line-20-1187-0614-s004552,energy,pv-bess-charger,energy site at line-20-1187-0614-s004552,line-20,BEN-ST-071,line-20-1187-0614-s004552,,,"300 kW PV; 1,500 kWh storage",energy,
BEN-EN-065,energy-line-21-1073-1233-s000000,energy,pv-bess-charger,energy site at line-21-1073-1233-s000000,line-21,BEN-ST-072,line-21-1073-1233-s000000,,,"5,000 kW PV; 40,000 kWh storage",energy,
BEN-EN-066,energy-line-21-1161-1164-s002332,energy,pv-bess-charger,energy site at line-21-1161-1164-s002332,line-21,BEN-ST-073,line-21-1161-1164-s002332,,,"300 kW PV; 1,500 kWh storage",energy,
BEN-EN-067,energy-line-22-0696-0845-s000000,energy,pv-bess-charger,energy site at line-22-0696-0845-s000000,line-22,BEN-ST-074,line-22-0696-0845-s000000,,,"5,000 kW PV; 40,000 kWh storage",energy,
BEN-EN-068,energy-line-22-0689-0886-s000878,energy,pv-bess-charger,energy site at line-22-0689-0886-s000878,line-22,BEN-ST-075,line-22-0689-0886-s000878,,,"300 kW PV; 1,500 kWh storage",energy,
BEN-EN-069,energy-line-22-0615-0913-s002582,energy,pv-bess-charger,energy site at line-22-0615-0913-s002582,line-22,BEN-ST-076,line-22-0615-0913-s002582,,,"300 kW PV; 1,500 kWh storage",energy,
BEN-EN-070,energy-line-23-1029-0587-s000000,energy,pv-bess-charger,energy site at line-23-1029-0587-s000000,line-23,BEN-ST-077,line-23-1029-0587-s000000,,,"5,000 kW PV; 40,000 kWh storage",energy,
BEN-EN-071,energy-line-23-0987-0490-s002288,energy,pv-bess-charger,energy site at line-23-0987-0490-s002288,line-23,BEN-ST-078,line-23-0987-0490-s002288,,,"300 kW PV; 1,500 kWh storage",energy,
BEN-EN-072,energy-line-24-0658-0995-s000000,energy,pv-bess-charger,energy site at line-24-0658-0995-s000000,line-24,BEN-ST-079,line-24-0658-0995-s000000,,,"5,000 kW PV; 40,000 kWh storage",energy,
BEN-EN-073,energy-line-24-0686-1083-s001992,energy,pv-bess-charger,energy site at line-24-0686-1083-s001992,line-24,BEN-ST-080,line-24-0686-1083-s001992,,,"300 kW PV; 1,500 kWh storage",energy,
BEN-EN-074,energy-line-24-0797-1088-s004432,energy,pv-bess-charger,energy site at line-24-0797-1088-s004432,line-24,BEN-ST-081,line-24-0797-1088-s004432,,,"300 kW PV; 1,500 kWh storage",energy,
BEN-EN-075,energy-line-24-0863-1088-s005752,energy,pv-bess-charger,energy site at line-24-0863-1088-s005752,line-24,BEN-ST-082,line-24-0863-1088-s005752,,,"300 kW PV; 1,500 kWh storage",energy,
BEN-EN-076,energy-line-25-1029-0587-s000000,energy,pv-bess-charger,energy site at line-25-1029-0587-s000000,line-25,BEN-ST-083,line-25-1029-0587-s000000,,,"5,000 kW PV; 40,000 kWh storage",energy,
BEN-EN-077,energy-line-25-1029-0547-s000800,energy,pv-bess-charger,energy site at line-25-1029-0547-s000800,line-25,BEN-ST-084,line-25-1029-0547-s000800,,,"300 kW PV; 1,500 kWh storage",energy,
BEN-EN-078,energy-line-25-1185-0339-s008803,energy,pv-bess-charger,energy site at line-25-1185-0339-s008803,line-25,BEN-ST-088,line-25-1185-0339-s008803,,,"300 kW PV; 1,500 kWh storage",energy,
BEN-EN-079,energy-line-26-0908-1030-s000000,energy,pv-bess-charger,energy site at line-26-0908-1030-s000000,line-26,BEN-ST-089,line-26-0908-1030-s000000,,,"5,000 kW PV; 40,000 kWh storage",energy,
BEN-EN-080,energy-line-26-0902-0940-s003026,energy,pv-bess-charger,energy site at line-26-0902-0940-s003026,line-26,BEN-ST-090,line-26-0902-0940-s003026,,,"300 kW PV; 1,500 kWh storage",energy,
BEN-EN-081,energy-line-26-0888-0890-s004217,energy,pv-bess-charger,energy site at line-26-0888-0890-s004217,line-26,BEN-ST-091,line-26-0888-0890-s004217,,,"300 kW PV; 1,500 kWh storage",energy,
BEN-EN-082,energy-line-27-1138-0950-s000000,energy,pv-bess-charger,energy site at line-27-1138-0950-s000000,line-27,BEN-ST-092,line-27-1138-0950-s000000,,,"5,000 kW PV; 40,000 kWh storage",energy,
BEN-EN-083,energy-line-27-1161-0837-s002451,energy,pv-bess-charger,energy site at line-27-1161-0837-s002451,line-27,BEN-ST-093,line-27-1161-0837-s002451,,,"300 kW PV; 1,500 kWh storage",energy,
BEN-EN-084,energy-line-28-0575-0984-s000000,energy,pv-bess-charger,energy site at line-28-0575-0984-s000000,line-28,BEN-ST-094,line-28-0575-0984-s000000,,,"5,000 kW PV; 40,000 kWh storage",energy,
BEN-EN-085,energy-line-28-0568-1016-s000698,energy,pv-bess-charger,energy site at line-28-0568-1016-s000698,line-28,BEN-ST-095,line-28-0568-1016-s000698,,,"300 kW PV; 1,500 kWh storage",energy,
BEN-EN-086,energy-line-28-0589-1210-s005266,energy,pv-bess-charger,energy site at line-28-0589-1210-s005266,line-28,BEN-ST-097,line-28-0589-1210-s005266,,,"300 kW PV; 1,500 kWh storage",energy,
BEN-EN-087,energy-line-3-0645-0697-s000000,energy,pv-bess-charger,energy site at line-3-0645-0697-s000000,line-3,BEN-ST-098,line-3-0645-0697-s000000,,,"300 kW PV; 1,500 kWh storage",energy,
BEN-EN-088,energy-line-3-0643-0704-s000432,energy,pv-bess-charger,energy site at line-3-0643-0704-s000432,line-3,BEN-ST-099,line-3-0643-0704-s000432,,,"300 kW PV; 1,500 kWh storage",energy,
BEN-EN-089,energy-line-3-0717-0795-s003090,energy,pv-bess-charger,energy site at line-3-0717-0795-s003090,line-3,BEN-ST-100,line-3-0717-0795-s003090,,,"300 kW PV; 1,500 kWh storage",energy,
BEN-EN-090,energy-line-3-0759-0846-s004587,energy,pv-bess-charger,energy site at line-3-0759-0846-s004587,line-3,BEN-ST-101,line-3-0759-0846-s004587,,,"300 kW PV; 1,500 kWh storage",energy,
BEN-EN-091,energy-line-3-0773-0863-s005066,energy,pv-bess-charger,energy site at line-3-0773-0863-s005066,line-3,BEN-ST-102,line-3-0773-0863-s005066,,,"300 kW PV; 1,500 kWh storage",energy,
BEN-EN-092,energy-line-3-0820-0922-s006753,energy,pv-bess-charger,energy site at line-3-0820-0922-s006753,line-3,BEN-ST-103,line-3-0820-0922-s006753,,,"300 kW PV; 1,500 kWh storage",energy,
BEN-EN-093,energy-line-3-0871-0984-s008533,energy,pv-bess-charger,energy site at line-3-0871-0984-s008533,line-3,BEN-ST-104,line-3-0871-0984-s008533,,,"300 kW PV; 1,500 kWh storage",energy,
BEN-EN-094,energy-line-3-0908-1030-s009841,energy,pv-bess-charger,energy site at line-3-0908-1030-s009841,line-3,BEN-ST-105,line-3-0908-1030-s009841,,,"300 kW PV; 1,500 kWh storage",energy,
BEN-EN-095,energy-line-3-0935-1064-s010803,energy,pv-bess-charger,energy site at line-3-0935-1064-s010803,line-3,BEN-ST-106,line-3-0935-1064-s010803,,,"300 kW PV; 1,500 kWh storage",energy,
BEN-EN-096,energy-line-3-1073-1233-s015702,energy,pv-bess-charger,energy site at line-3-1073-1233-s015702,line-3,BEN-ST-108,line-3-1073-1233-s015702,,,"300 kW PV; 1,500 kWh storage",energy,
BEN-EN-097,energy-line-3-1244-1468-s023269,energy,pv-bess-charger,energy site at line-3-1244-1468-s023269,line-3,BEN-ST-112,line-3-1244-1468-s023269,,,"5,000 kW PV; 40,000 kWh storage",energy,
BEN-EN-098,energy-line-4-0480-1452-s000000,energy,pv-bess-charger,energy site at line-4-0480-1452-s000000,line-4,BEN-ST-113,line-4-0480-1452-s000000,,,"5,000 kW PV; 40,000 kWh storage",energy,
BEN-EN-099,energy-line-4-0715-1204-s009004,energy,pv-bess-charger,energy site at line-4-0715-1204-s009004,line-4,BEN-ST-118,line-4-0715-1204-s009004,,,"300 kW PV; 1,500 kWh storage",energy,
BEN-EN-100,energy-line-4-0751-1154-s010396,energy,pv-bess-charger,energy site at line-4-0751-1154-s010396,line-4,BEN-ST-119,line-4-0751-1154-s010396,,,"300 kW PV; 1,500 kWh storage",energy,
BEN-EN-101,energy-line-4-0797-1088-s012202,energy,pv-bess-charger,energy site at line-4-0797-1088-s012202,line-4,BEN-ST-120,line-4-0797-1088-s012202,,,"300 kW PV; 1,500 kWh storage",energy,
BEN-EN-102,energy-line-4-0819-1056-s013071,energy,pv-bess-charger,energy site at line-4-0819-1056-s013071,line-4,BEN-ST-121,line-4-0819-1056-s013071,,,"300 kW PV; 1,500 kWh storage",energy,
BEN-EN-103,energy-line-4-0871-0984-s015071,energy,pv-bess-charger,energy site at line-4-0871-0984-s015071,line-4,BEN-ST-122,line-4-0871-0984-s015071,,,"300 kW PV; 1,500 kWh storage",energy,
BEN-EN-104,energy-line-4-0902-0940-s016278,energy,pv-bess-charger,energy site at line-4-0902-0940-s016278,line-4,BEN-ST-123,line-4-0902-0940-s016278,,,"300 kW PV; 1,500 kWh storage",energy,
BEN-EN-105,energy-line-4-0929-0900-s017360,energy,pv-bess-charger,energy site at line-4-0929-0900-s017360,line-4,BEN-ST-124,line-4-0929-0900-s017360,,,"300 kW PV; 1,500 kWh storage",energy,
BEN-EN-106,energy-line-4-0997-0804-s020008,energy,pv-bess-charger,energy site at line-4-0997-0804-s020008,line-4,BEN-ST-125,line-4-0997-0804-s020008,,,"300 kW PV; 1,500 kWh storage",energy,
BEN-EN-107,energy-line-4-1029-0759-s021243,energy,pv-bess-charger,energy site at line-4-1029-0759-s021243,line-4,BEN-ST-126,line-4-1029-0759-s021243,,,"300 kW PV; 1,500 kWh storage",energy,
BEN-EN-108,energy-line-4-1063-0710-s022587,energy,pv-bess-charger,energy site at line-4-1063-0710-s022587,line-4,BEN-ST-127,line-4-1063-0710-s022587,,,"300 kW PV; 1,500 kWh storage",energy,
BEN-EN-109,energy-line-5-0645-0697-s000290,energy,pv-bess-charger,energy site at line-5-0645-0697-s000290,line-5,BEN-ST-128,line-5-0645-0697-s000290,,,"5,000 kW PV; 40,000 kWh storage",energy,
BEN-EN-110,energy-line-5-0643-0704-s000440,energy,pv-bess-charger,energy site at line-5-0643-0704-s000440,line-5,BEN-ST-129,line-5-0643-0704-s000440,,,"300 kW PV; 1,500 kWh storage",energy,
BEN-EN-111,energy-line-5-0616-0763-s001897,energy,pv-bess-charger,energy site at line-5-0616-0763-s001897,line-5,BEN-ST-130,line-5-0616-0763-s001897,,,"300 kW PV; 1,500 kWh storage",energy,
BEN-EN-112,energy-line-5-0592-0820-s003253,energy,pv-bess-charger,energy site at line-5-0592-0820-s003253,line-5,BEN-ST-131,line-5-0592-0820-s003253,,,"300 kW PV; 1,500 kWh storage",energy,
BEN-EN-113,energy-line-5-0588-0826-s003424,energy,pv-bess-charger,energy site at line-5-0588-0826-s003424,line-5,BEN-ST-132,line-5-0588-0826-s003424,,,"300 kW PV; 1,500 kWh storage",energy,
BEN-EN-114,energy-line-5-0555-0903-s005284,energy,pv-bess-charger,energy site at line-5-0555-0903-s005284,line-5,BEN-ST-133,line-5-0555-0903-s005284,,,"300 kW PV; 1,500 kWh storage",energy,
BEN-EN-115,energy-line-5-0546-0922-s005750,energy,pv-bess-charger,energy site at line-5-0546-0922-s005750,line-5,BEN-ST-134,line-5-0546-0922-s005750,,,"300 kW PV; 1,500 kWh storage",energy,
BEN-EN-116,energy-line-5-0541-0944-s006232,energy,pv-bess-charger,energy site at line-5-0541-0944-s006232,line-5,BEN-ST-135,line-5-0541-0944-s006232,,,"300 kW PV; 1,500 kWh storage",energy,
BEN-EN-117,energy-line-5-0550-0968-s006798,energy,pv-bess-charger,energy site at line-5-0550-0968-s006798,line-5,BEN-ST-136,line-5-0550-0968-s006798,,,"300 kW PV; 1,500 kWh storage",energy,
BEN-EN-118,energy-line-5-0575-0984-s007478,energy,pv-bess-charger,energy site at line-5-0575-0984-s007478,line-5,BEN-ST-137,line-5-0575-0984-s007478,,,"300 kW PV; 1,500 kWh storage",energy,
BEN-EN-119,energy-line-5-0658-0995-s009278,energy,pv-bess-charger,energy site at line-5-0658-0995-s009278,line-5,BEN-ST-138,line-5-0658-0995-s009278,,,"300 kW PV; 1,500 kWh storage",energy,
BEN-EN-120,energy-line-5-0743-0957-s011328,energy,pv-bess-charger,energy site at line-5-0743-0957-s011328,line-5,BEN-ST-139,line-5-0743-0957-s011328,,,"300 kW PV; 1,500 kWh storage",energy,
BEN-EN-121,energy-line-5-0820-0922-s013217,energy,pv-bess-charger,energy site at line-5-0820-0922-s013217,line-5,BEN-ST-140,line-5-0820-0922-s013217,,,"300 kW PV; 1,500 kWh storage",energy,
BEN-EN-122,energy-line-5-0887-0890-s014857,energy,pv-bess-charger,energy site at line-5-0887-0890-s014857,line-5,BEN-ST-141,line-5-0887-0890-s014857,,,"300 kW PV; 1,500 kWh storage",energy,
BEN-EN-123,energy-line-5-0898-0808-s016808,energy,pv-bess-charger,energy site at line-5-0898-0808-s016808,line-5,BEN-ST-142,line-5-0898-0808-s016808,,,"300 kW PV; 1,500 kWh storage",energy,
BEN-EN-124,energy-line-5-0834-0789-s018292,energy,pv-bess-charger,energy site at line-5-0834-0789-s018292,line-5,BEN-ST-143,line-5-0834-0789-s018292,,,"300 kW PV; 1,500 kWh storage",energy,
BEN-EN-125,energy-line-5-0778-0755-s019825,energy,pv-bess-charger,energy site at line-5-0778-0755-s019825,line-5,BEN-ST-144,line-5-0778-0755-s019825,,,"300 kW PV; 1,500 kWh storage",energy,
BEN-EN-126,energy-line-5-0725-0696-s021594,energy,pv-bess-charger,energy site at line-5-0725-0696-s021594,line-5,BEN-ST-145,line-5-0725-0696-s021594,,,"300 kW PV; 1,500 kWh storage",energy,
BEN-EN-127,energy-line-5-0683-0655-s022926,energy,pv-bess-charger,energy site at line-5-0683-0655-s022926,line-5,BEN-ST-146,line-5-0683-0655-s022926,,,"300 kW PV; 1,500 kWh storage",energy,
BEN-EN-128,energy-line-5-0672-0660-s023199,energy,pv-bess-charger,energy site at line-5-0672-0660-s023199,line-5,BEN-ST-147,line-5-0672-0660-s023199,,,"300 kW PV; 1,500 kWh storage",energy,
BEN-EN-129,energy-line-6-0616-0763-s000000,energy,pv-bess-charger,energy site at line-6-0616-0763-s000000,line-6,BEN-ST-148,line-6-0616-0763-s000000,,,"5,000 kW PV; 40,000 kWh storage",energy,
BEN-EN-130,energy-line-6-0562-0662-s002795,energy,pv-bess-charger,energy site at line-6-0562-0662-s002795,line-6,BEN-ST-149,line-6-0562-0662-s002795,,,"300 kW PV; 1,500 kWh storage",energy,
BEN-EN-131,energy-line-7-0727-0697-s000000,energy,pv-bess-charger,energy site at line-7-0727-0697-s000000,line-7,BEN-ST-150,line-7-0727-0697-s000000,,,"5,000 kW PV; 40,000 kWh storage",energy,
BEN-EN-132,energy-line-7-0786-0638-s001669,energy,pv-bess-charger,energy site at line-7-0786-0638-s001669,line-7,BEN-ST-151,line-7-0786-0638-s001669,,,"300 kW PV; 1,500 kWh storage",energy,
BEN-EN-133,energy-line-7-0863-0588-s003623,energy,pv-bess-charger,energy site at line-7-0863-0588-s003623,line-7,BEN-ST-152,line-7-0863-0588-s003623,,,"300 kW PV; 1,500 kWh storage",energy,
BEN-EN-134,energy-line-8-1029-0759-s000000,energy,pv-bess-charger,energy site at line-8-1029-0759-s000000,line-8,BEN-ST-153,line-8-1029-0759-s000000,,,"5,000 kW PV; 40,000 kWh storage",energy,
BEN-EN-135,energy-line-8-1138-0763-s002679,energy,pv-bess-charger,energy site at line-8-1138-0763-s002679,line-8,BEN-ST-154,line-8-1138-0763-s002679,,,"300 kW PV; 1,500 kWh storage",energy,
BEN-EN-136,energy-line-8-1161-0687-s004390,energy,pv-bess-charger,energy site at line-8-1161-0687-s004390,line-8,BEN-ST-155,line-8-1161-0687-s004390,,,"300 kW PV; 1,500 kWh storage",energy,
BEN-EN-137,energy-line-9-0834-0789-s000000,energy,pv-bess-charger,energy site at line-9-0834-0789-s000000,line-9,BEN-ST-156,line-9-0834-0789-s000000,,,"5,000 kW PV; 40,000 kWh storage",energy,
BEN-EN-138,energy-line-9-0759-0846-s002242,energy,pv-bess-charger,energy site at line-9-0759-0846-s002242,line-9,BEN-ST-157,line-9-0759-0846-s002242,,,"300 kW PV; 1,500 kWh storage",energy,
BEN-EN-139,energy-line-9-0748-0857-s002553,energy,pv-bess-charger,energy site at line-9-0748-0857-s002553,line-9,BEN-ST-158,line-9-0748-0857-s002553,,,"300 kW PV; 1,500 kWh storage",energy,
BEN-EN-140,energy-line-9-0689-0886-s003973,energy,pv-bess-charger,energy site at line-9-0689-0886-s003973,line-9,BEN-ST-159,line-9-0689-0886-s003973,,,"300 kW PV; 1,500 kWh storage",energy,
BEN-SIG-001,systems-line-1-0546-0922-s000000,signalling-comms,station-node,station systems node line-1-0546-0922-s000000,line-1,BEN-ST-001,line-1-0546-0922-s000000,0.000,0.000,"6.380748, 5.625457",safety,
BEN-SIG-002,systems-line-1-0555-0903-s000893,signalling-comms,station-node,station systems node line-1-0555-0903-s000893,line-1,BEN-ST-002,line-1-0555-0903-s000893,0.892,0.892,"6.379129, 5.622022",safety,
BEN-SIG-003,systems-line-1-0656-0835-s003593,signalling-comms,station-node,station systems node line-1-0656-0835-s003593,line-1,BEN-ST-003,line-1-0656-0835-s003593,3.593,3.593,"6.360952, 5.609730",safety,
BEN-SIG-004,systems-line-1-0717-0795-s005191,signalling-comms,station-node,station systems node line-1-0717-0795-s005191,line-1,BEN-ST-004,line-1-0717-0795-s005191,5.191,5.191,"6.349974, 5.602499",safety,
BEN-SIG-005,systems-line-1-0778-0755-s006831,signalling-comms,station-node,station systems node line-1-0778-0755-s006831,line-1,BEN-ST-005,line-1-0778-0755-s006831,6.830,6.830,"6.338996, 5.595269",safety,
BEN-SIG-006,systems-line-1-0850-0706-s008811,signalling-comms,station-node,station systems node line-1-0850-0706-s008811,line-1,BEN-ST-006,line-1-0850-0706-s008811,8.811,8.811,"6.326039, 5.586411",safety,
BEN-SIG-007,systems-line-1-0911-0666-s010398,signalling-comms,station-node,station systems node line-1-0911-0666-s010398,line-1,BEN-ST-007,line-1-0911-0666-s010398,10.398,10.398,"6.315061, 5.579181",safety,
BEN-SIG-008,systems-line-1-0971-0626-s011988,signalling-comms,station-node,station systems node line-1-0971-0626-s011988,line-1,BEN-ST-008,line-1-0971-0626-s011988,11.988,11.988,"6.304263, 5.571950",safety,
BEN-SIG-009,systems-line-1-0977-0621-s012161,signalling-comms,station-node,station systems node line-1-0977-0621-s012161,line-1,BEN-ST-009,line-1-0977-0621-s012161,12.161,12.161,"6.303183, 5.571046",safety,
BEN-SIG-010,systems-line-1-1029-0587-s013564,signalling-comms,station-node,station systems node line-1-1029-0587-s013564,line-1,BEN-ST-010,line-1-1029-0587-s013564,13.564,13.564,"6.293825, 5.564900",safety,
BEN-SIG-011,systems-line-10-0672-0659-s000000,signalling-comms,station-node,station systems node line-10-0672-0659-s000000,line-10,BEN-ST-011,line-10-0672-0659-s000000,0.000,0.000,"6.358073, 5.577915",safety,
BEN-SIG-012,systems-line-10-0650-0637-s000622,signalling-comms,station-node,station systems node line-10-0650-0637-s000622,line-10,BEN-ST-012,line-10-0650-0637-s000622,0.622,0.622,"6.362032, 5.573938",safety,
BEN-SIG-013,systems-line-10-0612-0588-s001917,signalling-comms,station-node,station systems node line-10-0612-0588-s001917,line-10,BEN-ST-013,line-10-0612-0588-s001917,1.917,1.917,"6.368871, 5.565081",safety,
BEN-SIG-014,systems-line-10-0536-0588-s003437,signalling-comms,station-node,station systems node line-10-0536-0588-s003437,line-10,BEN-ST-014,line-10-0536-0588-s003437,3.437,3.437,"6.382548, 5.565081",safety,
BEN-SIG-015,systems-line-10-0489-0687-s005806,signalling-comms,station-node,station systems node line-10-0489-0687-s005806,line-10,BEN-ST-015,line-10-0489-0687-s005806,5.806,5.806,"6.391007, 5.582977",safety,
BEN-SIG-016,systems-line-11-1076-0936-s000000,signalling-comms,station-node,station systems node line-11-1076-0936-s000000,line-11,BEN-ST-016,line-11-1076-0936-s000000,0.000,0.000,"6.285366, 5.627987",safety,
BEN-SIG-017,systems-line-11-1013-1062-s003042,signalling-comms,station-node,station systems node line-11-1013-1062-s003042,line-11,BEN-ST-017,line-11-1013-1062-s003042,3.042,3.042,"6.296704, 5.650764",safety,
BEN-SIG-018,systems-line-11-0937-1062-s004562,signalling-comms,station-node,station systems node line-11-0937-1062-s004562,line-11,BEN-ST-018,line-11-0937-1062-s004562,4.562,4.562,"6.310382, 5.650764",safety,
BEN-SIG-019,systems-line-11-0935-1064-s004618,signalling-comms,station-node,station systems node line-11-0935-1064-s004618,line-11,BEN-ST-019,line-11-0935-1064-s004618,4.619,4.619,"6.310742, 5.651125",safety,
BEN-SIG-020,systems-line-12-0971-0626-s000000,signalling-comms,station-node,station systems node line-12-0971-0626-s000000,line-12,BEN-ST-020,line-12-0971-0626-s000000,0.000,0.000,"6.304263, 5.571950",safety,
BEN-SIG-021,systems-line-12-0963-0738-s002720,signalling-comms,station-node,station systems node line-12-0963-0738-s002720,line-12,BEN-ST-021,line-12-0963-0738-s002720,2.720,2.720,"6.305703, 5.592196",safety,
BEN-SIG-022,systems-line-13-1063-0710-s000000,signalling-comms,station-node,station systems node line-13-1063-0710-s000000,line-13,BEN-ST-022,line-13-1063-0710-s000000,0.000,0.000,"6.287706, 5.587134",safety,
BEN-SIG-023,systems-line-13-1089-0659-s001235,signalling-comms,station-node,station systems node line-13-1089-0659-s001235,line-13,BEN-ST-023,line-13-1089-0659-s001235,1.235,1.235,"6.283027, 5.577915",safety,
BEN-SIG-024,systems-line-13-1237-0686-s004419,signalling-comms,station-node,station systems node line-13-1237-0686-s004419,line-13,BEN-ST-024,line-13-1237-0686-s004419,4.419,4.419,"6.256392, 5.582796",safety,
BEN-SIG-025,systems-line-13-1237-0763-s005959,signalling-comms,station-node,station systems node line-13-1237-0763-s005959,line-13,BEN-ST-025,line-13-1237-0763-s005959,5.959,5.959,"6.256392, 5.596715",safety,
BEN-SIG-026,systems-line-14-0743-0957-s000000,signalling-comms,station-node,station systems node line-14-0743-0957-s000000,line-14,BEN-ST-026,line-14-0743-0957-s000000,0.000,0.000,"6.345295, 5.631783",safety,
BEN-SIG-027,systems-line-14-0819-1056-s002750,signalling-comms,station-node,station systems node line-14-0819-1056-s002750,line-14,BEN-ST-027,line-14-0819-1056-s002750,2.750,2.750,"6.331618, 5.649679",safety,
BEN-SIG-028,systems-line-15-1029-0587-s000000,signalling-comms,station-node,station systems node line-15-1029-0587-s000000,line-15,BEN-ST-028,line-15-1029-0587-s000000,0.000,0.000,"6.293825, 5.564900",safety,
BEN-SIG-029,systems-line-15-1029-0547-s000800,signalling-comms,station-node,station systems node line-15-1029-0547-s000800,line-15,BEN-ST-029,line-15-1029-0547-s000800,0.800,0.800,"6.293825, 5.557669",safety,
BEN-SIG-030,systems-line-15-1088-0437-s003489,signalling-comms,station-node,station systems node line-15-1088-0437-s003489,line-15,BEN-ST-030,line-15-1088-0437-s003489,3.489,3.489,"6.283207, 5.537785",safety,
BEN-SIG-031,systems-line-15-1113-0362-s005196,signalling-comms,station-node,station systems node line-15-1113-0362-s005196,line-15,BEN-ST-031,line-15-1113-0362-s005196,5.196,5.196,"6.278708, 5.524228",safety,
BEN-SIG-032,systems-line-16-0588-0826-s000000,signalling-comms,station-node,station systems node line-16-0588-0826-s000000,line-16,BEN-ST-032,line-16-0588-0826-s000000,0.000,0.000,"6.373190, 5.608103",safety,
BEN-SIG-033,systems-line-16-0537-0807-s001177,signalling-comms,station-node,station systems node line-16-0537-0807-s001177,line-16,BEN-ST-033,line-16-0537-0807-s001177,1.177,1.177,"6.382368, 5.604669",safety,
BEN-SIG-034,systems-line-16-0462-0862-s003215,signalling-comms,station-node,station systems node line-16-0462-0862-s003215,line-16,BEN-ST-034,line-16-0462-0862-s003215,3.215,3.215,"6.395866, 5.614611",safety,
BEN-SIG-035,systems-line-16-0541-0944-s005510,signalling-comms,station-node,station systems node line-16-0541-0944-s005510,line-16,BEN-ST-035,line-16-0541-0944-s005510,5.510,5.510,"6.381648, 5.629434",safety,
BEN-SIG-036,systems-line-16-0550-0968-s006064,signalling-comms,station-node,station systems node line-16-0550-0968-s006064,line-16,BEN-ST-036,line-16-0550-0968-s006064,6.064,6.064,"6.380029, 5.633772",safety,
BEN-SIG-037,systems-line-16-0568-1016-s007173,signalling-comms,station-node,station systems node line-16-0568-1016-s007173,line-16,BEN-ST-037,line-16-0568-1016-s007173,7.173,7.173,"6.376789, 5.642449",safety,
BEN-SIG-038,systems-line-16-0602-1062-s008375,signalling-comms,station-node,station systems node line-16-0602-1062-s008375,line-16,BEN-ST-038,line-16-0602-1062-s008375,8.375,8.375,"6.370670, 5.650764",safety,
BEN-SIG-039,systems-line-16-0612-1138-s009978,signalling-comms,station-node,station systems node line-16-0612-1138-s009978,line-16,BEN-ST-039,line-16-0612-1138-s009978,9.978,9.978,"6.368871, 5.664502",safety,
BEN-SIG-040,systems-line-16-0715-1204-s012584,signalling-comms,station-node,station systems node line-16-0715-1204-s012584,line-16,BEN-ST-040,line-16-0715-1204-s012584,12.584,12.584,"6.350334, 5.676433",safety,
BEN-SIG-041,systems-line-17-0683-0655-s000000,signalling-comms,station-node,station systems node line-17-0683-0655-s000000,line-17,BEN-ST-041,line-17-0683-0655-s000000,0.000,0.000,"6.356093, 5.577192",safety,
BEN-SIG-042,systems-line-17-0687-0588-s001373,signalling-comms,station-node,station systems node line-17-0687-0588-s001373,line-17,BEN-ST-042,line-17-0687-0588-s001373,1.373,1.373,"6.355373, 5.565081",safety,
BEN-SIG-043,systems-line-17-0786-0562-s003569,signalling-comms,station-node,station systems node line-17-0786-0562-s003569,line-17,BEN-ST-043,line-17-0786-0562-s003569,3.568,3.568,"6.337557, 5.560381",safety,
BEN-SIG-044,systems-line-18-0672-0659-s000000,signalling-comms,station-node,station systems node line-18-0672-0659-s000000,line-18,BEN-ST-044,line-18-0672-0659-s000000,0.000,0.000,"6.358073, 5.577915",safety,
BEN-SIG-045,systems-line-18-0650-0637-s000622,signalling-comms,station-node,station systems node line-18-0650-0637-s000622,line-18,BEN-ST-045,line-18-0650-0637-s000622,0.622,0.622,"6.362032, 5.573938",safety,
BEN-SIG-046,systems-line-18-0610-0565-s002394,signalling-comms,station-node,station systems node line-18-0610-0565-s002394,line-18,BEN-ST-046,line-18-0610-0565-s002394,2.394,2.394,"6.369231, 5.560923",safety,
BEN-SIG-047,systems-line-18-0562-0514-s003811,signalling-comms,station-node,station systems node line-18-0562-0514-s003811,line-18,BEN-ST-047,line-18-0562-0514-s003811,3.811,3.811,"6.377869, 5.551704",safety,
BEN-SIG-048,systems-line-18-0466-0517-s005756,signalling-comms,station-node,station systems node line-18-0466-0517-s005756,line-18,BEN-ST-048,line-18-0466-0517-s005756,5.756,5.756,"6.395146, 5.552246",safety,
BEN-SIG-049,systems-line-18-0463-0613-s007701,signalling-comms,station-node,station systems node line-18-0463-0613-s007701,line-18,BEN-ST-049,line-18-0463-0613-s007701,7.701,7.701,"6.395686, 5.569600",safety,
BEN-SIG-050,systems-line-19-0977-0621-s000000,signalling-comms,station-node,station systems node line-19-0977-0621-s000000,line-19,BEN-ST-050,line-19-0977-0621-s000000,0.000,0.000,"6.303183, 5.571046",safety,
BEN-SIG-051,systems-line-19-0936-0562-s001520,signalling-comms,station-node,station systems node line-19-0936-0562-s001520,line-19,BEN-ST-051,line-19-0936-0562-s001520,1.520,1.520,"6.310562, 5.560381",safety,
BEN-SIG-052,systems-line-19-0863-0588-s003195,signalling-comms,station-node,station systems node line-19-0863-0588-s003195,line-19,BEN-ST-052,line-19-0863-0588-s003195,3.195,3.195,"6.323699, 5.565081",safety,
BEN-SIG-053,systems-line-2-1498-0986-s000000,signalling-comms,station-node,station systems node line-2-1498-0986-s000000,line-2,BEN-ST-053,line-2-1498-0986-s000000,0.000,0.000,"6.209421, 5.637026",safety,
BEN-SIG-054,systems-line-2-1385-0987-s002398,signalling-comms,station-node,station systems node line-2-1385-0987-s002398,line-2,BEN-ST-054,line-2-1385-0987-s002398,2.398,2.398,"6.229757, 5.637206",safety,
BEN-SIG-055,systems-line-2-1306-0984-s004003,signalling-comms,station-node,station systems node line-2-1306-0984-s004003,line-2,BEN-ST-055,line-2-1306-0984-s004003,4.003,4.003,"6.243974, 5.636664",safety,
BEN-SIG-056,systems-line-2-1231-0973-s005594,signalling-comms,station-node,station systems node line-2-1231-0973-s005594,line-2,BEN-ST-056,line-2-1231-0973-s005594,5.594,5.594,"6.257472, 5.634676",safety,
BEN-SIG-057,systems-line-2-1138-0950-s007668,signalling-comms,station-node,station systems node line-2-1138-0950-s007668,line-2,BEN-ST-057,line-2-1138-0950-s007668,7.668,7.668,"6.274209, 5.630518",safety,
BEN-SIG-058,systems-line-2-1076-0936-s009036,signalling-comms,station-node,station systems node line-2-1076-0936-s009036,line-2,BEN-ST-058,line-2-1076-0936-s009036,9.036,9.036,"6.285366, 5.627987",safety,
BEN-SIG-059,systems-line-2-1014-0921-s010400,signalling-comms,station-node,station systems node line-2-1014-0921-s010400,line-2,BEN-ST-059,line-2-1014-0921-s010400,10.400,10.400,"6.296524, 5.625276",safety,
BEN-SIG-060,systems-line-2-0929-0900-s012286,signalling-comms,station-node,station systems node line-2-0929-0900-s012286,line-2,BEN-ST-060,line-2-0929-0900-s012286,12.286,12.286,"6.311821, 5.621480",safety,
BEN-SIG-061,systems-line-2-0887-0890-s013208,signalling-comms,station-node,station systems node line-2-0887-0890-s013208,line-2,BEN-ST-061,line-2-0887-0890-s013208,13.208,13.208,"6.319380, 5.619672",safety,
BEN-SIG-062,systems-line-2-0773-0863-s015724,signalling-comms,station-node,station systems node line-2-0773-0863-s015724,line-2,BEN-ST-062,line-2-0773-0863-s015724,15.724,15.724,"6.339896, 5.614791",safety,
BEN-SIG-063,systems-line-2-0748-0857-s016274,signalling-comms,station-node,station systems node line-2-0748-0857-s016274,line-2,BEN-ST-063,line-2-0748-0857-s016274,16.273,16.273,"6.344395, 5.613707",safety,
BEN-SIG-064,systems-line-2-0696-0845-s017413,signalling-comms,station-node,station systems node line-2-0696-0845-s017413,line-2,BEN-ST-064,line-2-0696-0845-s017413,17.413,17.413,"6.353754, 5.611538",safety,
BEN-SIG-065,systems-line-2-0656-0835-s018307,signalling-comms,station-node,station systems node line-2-0656-0835-s018307,line-2,BEN-ST-065,line-2-0656-0835-s018307,18.308,18.308,"6.360952, 5.609730",safety,
BEN-SIG-066,systems-line-2-0592-0820-s019726,signalling-comms,station-node,station systems node line-2-0592-0820-s019726,line-2,BEN-ST-066,line-2-0592-0820-s019726,19.726,19.726,"6.372470, 5.607019",safety,
BEN-SIG-067,systems-line-2-0537-0807-s020931,signalling-comms,station-node,station systems node line-2-0537-0807-s020931,line-2,BEN-ST-067,line-2-0537-0807-s020931,20.931,20.931,"6.382368, 5.604669",safety,
BEN-SIG-068,systems-line-2-0485-0794-s022091,signalling-comms,station-node,station systems node line-2-0485-0794-s022091,line-2,BEN-ST-068,line-2-0485-0794-s022091,22.091,22.091,"6.391726, 5.602319",safety,
BEN-SIG-069,systems-line-20-1029-0587-s000000,signalling-comms,station-node,station systems node line-20-1029-0587-s000000,line-20,BEN-ST-069,line-20-1029-0587-s000000,0.000,0.000,"6.293825, 5.564900",safety,
BEN-SIG-070,systems-line-20-1139-0537-s002614,signalling-comms,station-node,station systems node line-20-1139-0537-s002614,line-20,BEN-ST-070,line-20-1139-0537-s002614,2.614,2.614,"6.274029, 5.555862",safety,
BEN-SIG-071,systems-line-20-1187-0614-s004552,signalling-comms,station-node,station systems node line-20-1187-0614-s004552,line-20,BEN-ST-071,line-20-1187-0614-s004552,4.552,4.552,"6.265390, 5.569781",safety,
BEN-SIG-072,systems-line-21-1073-1233-s000000,signalling-comms,station-node,station systems node line-21-1073-1233-s000000,line-21,BEN-ST-072,line-21-1073-1233-s000000,0.000,0.000,"6.285906, 5.681675",safety,
BEN-SIG-073,systems-line-21-1161-1164-s002332,signalling-comms,station-node,station systems node line-21-1161-1164-s002332,line-21,BEN-ST-073,line-21-1161-1164-s002332,2.332,2.332,"6.270069, 5.669202",safety,
BEN-SIG-074,systems-line-22-0696-0845-s000000,signalling-comms,station-node,station systems node line-22-0696-0845-s000000,line-22,BEN-ST-074,line-22-0696-0845-s000000,0.000,0.000,"6.353754, 5.611538",safety,
BEN-SIG-075,systems-line-22-0689-0886-s000878,signalling-comms,station-node,station systems node line-22-0689-0886-s000878,line-22,BEN-ST-075,line-22-0689-0886-s000878,0.878,0.878,"6.355013, 5.618949",safety,
BEN-SIG-076,systems-line-22-0615-0913-s002582,signalling-comms,station-node,station systems node line-22-0615-0913-s002582,line-22,BEN-ST-076,line-22-0615-0913-s002582,2.582,2.582,"6.368331, 5.623830",safety,
BEN-SIG-077,systems-line-23-1029-0587-s000000,signalling-comms,station-node,station systems node line-23-1029-0587-s000000,line-23,BEN-ST-077,line-23-1029-0587-s000000,0.000,0.000,"6.293825, 5.564900",safety,
BEN-SIG-078,systems-line-23-0987-0490-s002288,signalling-comms,station-node,station systems node line-23-0987-0490-s002288,line-23,BEN-ST-078,line-23-0987-0490-s002288,2.288,2.288,"6.301383, 5.547366",safety,
BEN-SIG-079,systems-line-24-0658-0995-s000000,signalling-comms,station-node,station systems node line-24-0658-0995-s000000,line-24,BEN-ST-079,line-24-0658-0995-s000000,0.000,0.000,"6.360592, 5.638653",safety,
BEN-SIG-080,systems-line-24-0686-1083-s001992,signalling-comms,station-node,station systems node line-24-0686-1083-s001992,line-24,BEN-ST-080,line-24-0686-1083-s001992,1.992,1.992,"6.355553, 5.654560",safety,
BEN-SIG-081,systems-line-24-0797-1088-s004432,signalling-comms,station-node,station systems node line-24-0797-1088-s004432,line-24,BEN-ST-081,line-24-0797-1088-s004432,4.432,4.432,"6.335577, 5.655464",safety,
BEN-SIG-082,systems-line-24-0863-1088-s005752,signalling-comms,station-node,station systems node line-24-0863-1088-s005752,line-24,BEN-ST-082,line-24-0863-1088-s005752,5.752,5.752,"6.323699, 5.655464",safety,
BEN-SIG-083,systems-line-25-1029-0587-s000000,signalling-comms,station-node,station systems node line-25-1029-0587-s000000,line-25,BEN-ST-083,line-25-1029-0587-s000000,0.000,0.000,"6.293825, 5.564900",safety,
BEN-SIG-084,systems-line-25-1029-0547-s000800,signalling-comms,station-node,station systems node line-25-1029-0547-s000800,line-25,BEN-ST-084,line-25-1029-0547-s000800,0.800,0.800,"6.293825, 5.557669",safety,
BEN-SIG-085,systems-line-25-1030-0468-s002388,signalling-comms,station-node,station systems node line-25-1030-0468-s002388,line-25,BEN-ST-085,line-25-1030-0468-s002388,2.388,2.388,"6.293645, 5.543389",safety,
BEN-SIG-086,systems-line-25-1038-0362-s004575,signalling-comms,station-node,station systems node line-25-1038-0362-s004575,line-25,BEN-ST-086,line-25-1038-0362-s004575,4.575,4.575,"6.292205, 5.524228",safety,
BEN-SIG-087,systems-line-25-1088-0289-s006449,signalling-comms,station-node,station systems node line-25-1088-0289-s006449,line-25,BEN-ST-087,line-25-1088-0289-s006449,6.449,6.449,"6.283207, 5.511032",safety,
BEN-SIG-088,systems-line-25-1185-0339-s008803,signalling-comms,station-node,station systems node line-25-1185-0339-s008803,line-25,BEN-ST-088,line-25-1185-0339-s008803,8.803,8.803,"6.265750, 5.520070",safety,
BEN-SIG-089,systems-line-26-0908-1030-s000000,signalling-comms,station-node,station systems node line-26-0908-1030-s000000,line-26,BEN-ST-089,line-26-0908-1030-s000000,0.000,0.000,"6.315601, 5.644979",safety,
BEN-SIG-090,systems-line-26-0902-0940-s003026,signalling-comms,station-node,station systems node line-26-0902-0940-s003026,line-26,BEN-ST-090,line-26-0902-0940-s003026,3.026,3.026,"6.316681, 5.628710",safety,
BEN-SIG-091,systems-line-26-0888-0890-s004217,signalling-comms,station-node,station systems node line-26-0888-0890-s004217,line-26,BEN-ST-091,line-26-0888-0890-s004217,4.217,4.217,"6.319200, 5.619672",safety,
BEN-SIG-092,systems-line-27-1138-0950-s000000,signalling-comms,station-node,station systems node line-27-1138-0950-s000000,line-27,BEN-ST-092,line-27-1138-0950-s000000,0.000,0.000,"6.274209, 5.630518",safety,
BEN-SIG-093,systems-line-27-1161-0837-s002451,signalling-comms,station-node,station systems node line-27-1161-0837-s002451,line-27,BEN-ST-093,line-27-1161-0837-s002451,2.450,2.450,"6.270069, 5.610092",safety,
BEN-SIG-094,systems-line-28-0575-0984-s000000,signalling-comms,station-node,station systems node line-28-0575-0984-s000000,line-28,BEN-ST-094,line-28-0575-0984-s000000,0.000,0.000,"6.375529, 5.636664",safety,
BEN-SIG-095,systems-line-28-0568-1016-s000698,signalling-comms,station-node,station systems node line-28-0568-1016-s000698,line-28,BEN-ST-095,line-28-0568-1016-s000698,0.698,0.698,"6.376789, 5.642449",safety,
BEN-SIG-096,systems-line-28-0537-1138-s003395,signalling-comms,station-node,station systems node line-28-0537-1138-s003395,line-28,BEN-ST-096,line-28-0537-1138-s003395,3.395,3.395,"6.382368, 5.664502",safety,
BEN-SIG-097,systems-line-28-0589-1210-s005266,signalling-comms,station-node,station systems node line-28-0589-1210-s005266,line-28,BEN-ST-097,line-28-0589-1210-s005266,5.266,5.266,"6.373010, 5.677517",safety,
BEN-SIG-098,systems-line-3-0645-0697-s000000,signalling-comms,station-node,station systems node line-3-0645-0697-s000000,line-3,BEN-ST-098,line-3-0645-0697-s000000,0.000,0.000,"6.362932, 5.584784",safety,
BEN-SIG-099,systems-line-3-0643-0704-s000432,signalling-comms,station-node,station systems node line-3-0643-0704-s000432,line-3,BEN-ST-099,line-3-0643-0704-s000432,0.432,0.432,"6.363292, 5.586050",safety,
BEN-SIG-100,systems-line-3-0717-0795-s003090,signalling-comms,station-node,station systems node line-3-0717-0795-s003090,line-3,BEN-ST-100,line-3-0717-0795-s003090,3.090,3.090,"6.349974, 5.602499",safety,
BEN-SIG-101,systems-line-3-0759-0846-s004587,signalling-comms,station-node,station systems node line-3-0759-0846-s004587,line-3,BEN-ST-101,line-3-0759-0846-s004587,4.587,4.587,"6.342416, 5.611718",safety,
BEN-SIG-102,systems-line-3-0773-0863-s005066,signalling-comms,station-node,station systems node line-3-0773-0863-s005066,line-3,BEN-ST-102,line-3-0773-0863-s005066,5.066,5.066,"6.339896, 5.614791",safety,
BEN-SIG-103,systems-line-3-0820-0922-s006753,signalling-comms,station-node,station systems node line-3-0820-0922-s006753,line-3,BEN-ST-103,line-3-0820-0922-s006753,6.753,6.753,"6.331438, 5.625457",safety,
BEN-SIG-104,systems-line-3-0871-0984-s008533,signalling-comms,station-node,station systems node line-3-0871-0984-s008533,line-3,BEN-ST-104,line-3-0871-0984-s008533,8.533,8.533,"6.322259, 5.636664",safety,
BEN-SIG-105,systems-line-3-0908-1030-s009841,signalling-comms,station-node,station systems node line-3-0908-1030-s009841,line-3,BEN-ST-105,line-3-0908-1030-s009841,9.841,9.841,"6.315601, 5.644979",safety,
BEN-SIG-106,systems-line-3-0935-1064-s010803,signalling-comms,station-node,station systems node line-3-0935-1064-s010803,line-3,BEN-ST-106,line-3-0935-1064-s010803,10.803,10.803,"6.310742, 5.651125",safety,
BEN-SIG-107,systems-line-3-1014-1161-s013609,signalling-comms,station-node,station systems node line-3-1014-1161-s013609,line-3,BEN-ST-107,line-3-1014-1161-s013609,13.609,13.609,"6.296524, 5.668660",safety,
BEN-SIG-108,systems-line-3-1073-1233-s015702,signalling-comms,station-node,station systems node line-3-1073-1233-s015702,line-3,BEN-ST-108,line-3-1073-1233-s015702,15.701,15.701,"6.285906, 5.681675",safety,
BEN-SIG-109,systems-line-3-1134-1326-s018395,signalling-comms,station-node,station systems node line-3-1134-1326-s018395,line-3,BEN-ST-109,line-3-1134-1326-s018395,18.395,18.395,"6.274928, 5.698486",safety,
BEN-SIG-110,systems-line-3-1159-1384-s020008,signalling-comms,station-node,station systems node line-3-1159-1384-s020008,line-3,BEN-ST-110,line-3-1159-1384-s020008,20.008,20.008,"6.270429, 5.708971",safety,
BEN-SIG-111,systems-line-3-1182-1442-s021586,signalling-comms,station-node,station systems node line-3-1182-1442-s021586,line-3,BEN-ST-111,line-3-1182-1442-s021586,21.586,21.586,"6.266290, 5.719455",safety,
BEN-SIG-112,systems-line-3-1244-1468-s023269,signalling-comms,station-node,station systems node line-3-1244-1468-s023269,line-3,BEN-ST-112,line-3-1244-1468-s023269,23.269,23.269,"6.255132, 5.724155",safety,
BEN-SIG-113,systems-line-4-0480-1452-s000000,signalling-comms,station-node,station systems node line-4-0480-1452-s000000,line-4,BEN-ST-113,line-4-0480-1452-s000000,0.000,0.000,"6.392626, 5.721263",safety,
BEN-SIG-114,systems-line-4-0536-1390-s002400,signalling-comms,station-node,station systems node line-4-0536-1390-s002400,line-4,BEN-ST-114,line-4-0536-1390-s002400,2.400,2.400,"6.382548, 5.710055",safety,
BEN-SIG-115,systems-line-4-0561-1333-s003993,signalling-comms,station-node,station systems node line-4-0561-1333-s003993,line-4,BEN-ST-115,line-4-0561-1333-s003993,3.993,3.993,"6.378049, 5.699752",safety,
BEN-SIG-116,systems-line-4-0618-1321-s005602,signalling-comms,station-node,station systems node line-4-0618-1321-s005602,line-4,BEN-ST-116,line-4-0618-1321-s005602,5.602,5.602,"6.367791, 5.697582",safety,
BEN-SIG-117,systems-line-4-0669-1270-s007197,signalling-comms,station-node,station systems node line-4-0669-1270-s007197,line-4,BEN-ST-117,line-4-0669-1270-s007197,7.197,7.197,"6.358613, 5.688363",safety,
BEN-SIG-118,systems-line-4-0715-1204-s009004,signalling-comms,station-node,station systems node line-4-0715-1204-s009004,line-4,BEN-ST-118,line-4-0715-1204-s009004,9.004,9.004,"6.350334, 5.676433",safety,
BEN-SIG-119,systems-line-4-0751-1154-s010396,signalling-comms,station-node,station systems node line-4-0751-1154-s010396,line-4,BEN-ST-119,line-4-0751-1154-s010396,10.396,10.396,"6.343855, 5.667394",safety,
BEN-SIG-120,systems-line-4-0797-1088-s012202,signalling-comms,station-node,station systems node line-4-0797-1088-s012202,line-4,BEN-ST-120,line-4-0797-1088-s012202,12.202,12.202,"6.335577, 5.655464",safety,
BEN-SIG-121,systems-line-4-0819-1056-s013071,signalling-comms,station-node,station systems node line-4-0819-1056-s013071,line-4,BEN-ST-121,line-4-0819-1056-s013071,13.071,13.071,"6.331618, 5.649679",safety,
BEN-SIG-122,systems-line-4-0871-0984-s015071,signalling-comms,station-node,station systems node line-4-0871-0984-s015071,line-4,BEN-ST-122,line-4-0871-0984-s015071,15.071,15.071,"6.322259, 5.636664",safety,
BEN-SIG-123,systems-line-4-0902-0940-s016278,signalling-comms,station-node,station systems node line-4-0902-0940-s016278,line-4,BEN-ST-123,line-4-0902-0940-s016278,16.278,16.278,"6.316681, 5.628710",safety,
BEN-SIG-124,systems-line-4-0929-0900-s017360,signalling-comms,station-node,station systems node line-4-0929-0900-s017360,line-4,BEN-ST-124,line-4-0929-0900-s017360,17.360,17.360,"6.311821, 5.621480",safety,
BEN-SIG-125,systems-line-4-0997-0804-s020008,signalling-comms,station-node,station systems node line-4-0997-0804-s020008,line-4,BEN-ST-125,line-4-0997-0804-s020008,20.008,20.008,"6.299584, 5.604126",safety,
BEN-SIG-126,systems-line-4-1029-0759-s021243,signalling-comms,station-node,station systems node line-4-1029-0759-s021243,line-4,BEN-ST-126,line-4-1029-0759-s021243,21.243,21.243,"6.293825, 5.595992",safety,
BEN-SIG-127,systems-line-4-1063-0710-s022587,signalling-comms,station-node,station systems node line-4-1063-0710-s022587,line-4,BEN-ST-127,line-4-1063-0710-s022587,22.587,22.587,"6.287706, 5.587134",safety,
BEN-SIG-128,systems-line-5-0645-0697-s000290,signalling-comms,station-node,station systems node line-5-0645-0697-s000290,line-5,BEN-ST-128,line-5-0645-0697-s000290,0.290,0.290,"6.362932, 5.584784",safety,
BEN-SIG-129,systems-line-5-0643-0704-s000440,signalling-comms,station-node,station systems node line-5-0643-0704-s000440,line-5,BEN-ST-129,line-5-0643-0704-s000440,0.440,0.440,"6.363292, 5.586050",safety,
BEN-SIG-130,systems-line-5-0616-0763-s001897,signalling-comms,station-node,station systems node line-5-0616-0763-s001897,line-5,BEN-ST-130,line-5-0616-0763-s001897,1.897,1.897,"6.368151, 5.596715",safety,
BEN-SIG-131,systems-line-5-0592-0820-s003253,signalling-comms,station-node,station systems node line-5-0592-0820-s003253,line-5,BEN-ST-131,line-5-0592-0820-s003253,3.253,3.253,"6.372470, 5.607019",safety,
BEN-SIG-132,systems-line-5-0588-0826-s003424,signalling-comms,station-node,station systems node line-5-0588-0826-s003424,line-5,BEN-ST-132,line-5-0588-0826-s003424,3.424,3.424,"6.373190, 5.608103",safety,
BEN-SIG-133,systems-line-5-0555-0903-s005284,signalling-comms,station-node,station systems node line-5-0555-0903-s005284,line-5,BEN-ST-133,line-5-0555-0903-s005284,5.284,5.284,"6.379129, 5.622022",safety,
BEN-SIG-134,systems-line-5-0546-0922-s005750,signalling-comms,station-node,station systems node line-5-0546-0922-s005750,line-5,BEN-ST-134,line-5-0546-0922-s005750,5.750,5.750,"6.380748, 5.625457",safety,
BEN-SIG-135,systems-line-5-0541-0944-s006232,signalling-comms,station-node,station systems node line-5-0541-0944-s006232,line-5,BEN-ST-135,line-5-0541-0944-s006232,6.232,6.232,"6.381648, 5.629434",safety,
BEN-SIG-136,systems-line-5-0550-0968-s006798,signalling-comms,station-node,station systems node line-5-0550-0968-s006798,line-5,BEN-ST-136,line-5-0550-0968-s006798,6.798,6.798,"6.380029, 5.633772",safety,
BEN-SIG-137,systems-line-5-0575-0984-s007478,signalling-comms,station-node,station systems node line-5-0575-0984-s007478,line-5,BEN-ST-137,line-5-0575-0984-s007478,7.478,7.478,"6.375529, 5.636664",safety,
BEN-SIG-138,systems-line-5-0658-0995-s009278,signalling-comms,station-node,station systems node line-5-0658-0995-s009278,line-5,BEN-ST-138,line-5-0658-0995-s009278,9.278,9.278,"6.360592, 5.638653",safety,
BEN-SIG-139,systems-line-5-0743-0957-s011328,signalling-comms,station-node,station systems node line-5-0743-0957-s011328,line-5,BEN-ST-139,line-5-0743-0957-s011328,11.328,11.328,"6.345295, 5.631783",safety,
BEN-SIG-140,systems-line-5-0820-0922-s013217,signalling-comms,station-node,station systems node line-5-0820-0922-s013217,line-5,BEN-ST-140,line-5-0820-0922-s013217,13.217,13.217,"6.331438, 5.625457",safety,
BEN-SIG-141,systems-line-5-0887-0890-s014857,signalling-comms,station-node,station systems node line-5-0887-0890-s014857,line-5,BEN-ST-141,line-5-0887-0890-s014857,14.857,14.857,"6.319380, 5.619672",safety,
BEN-SIG-142,systems-line-5-0898-0808-s016808,signalling-comms,station-node,station systems node line-5-0898-0808-s016808,line-5,BEN-ST-142,line-5-0898-0808-s016808,16.808,16.808,"6.317400, 5.604849",safety,
BEN-SIG-143,systems-line-5-0834-0789-s018292,signalling-comms,station-node,station systems node line-5-0834-0789-s018292,line-5,BEN-ST-143,line-5-0834-0789-s018292,18.292,18.292,"6.328918, 5.601415",safety,
BEN-SIG-144,systems-line-5-0778-0755-s019825,signalling-comms,station-node,station systems node line-5-0778-0755-s019825,line-5,BEN-ST-144,line-5-0778-0755-s019825,19.825,19.825,"6.338996, 5.595269",safety,
BEN-SIG-145,systems-line-5-0725-0696-s021594,signalling-comms,station-node,station systems node line-5-0725-0696-s021594,line-5,BEN-ST-145,line-5-0725-0696-s021594,21.594,21.594,"6.348535, 5.584604",safety,
BEN-SIG-146,systems-line-5-0683-0655-s022926,signalling-comms,station-node,station systems node line-5-0683-0655-s022926,line-5,BEN-ST-146,line-5-0683-0655-s022926,22.926,22.926,"6.356093, 5.577192",safety,
BEN-SIG-147,systems-line-5-0672-0660-s023199,signalling-comms,station-node,station systems node line-5-0672-0660-s023199,line-5,BEN-ST-147,line-5-0672-0660-s023199,23.199,23.199,"6.358073, 5.578096",safety,
BEN-SIG-148,systems-line-6-0616-0763-s000000,signalling-comms,station-node,station systems node line-6-0616-0763-s000000,line-6,BEN-ST-148,line-6-0616-0763-s000000,0.000,0.000,"6.368151, 5.596715",safety,
BEN-SIG-149,systems-line-6-0562-0662-s002795,signalling-comms,station-node,station systems node line-6-0562-0662-s002795,line-6,BEN-ST-149,line-6-0562-0662-s002795,2.795,2.795,"6.377869, 5.578458",safety,
BEN-SIG-150,systems-line-7-0727-0697-s000000,signalling-comms,station-node,station systems node line-7-0727-0697-s000000,line-7,BEN-ST-150,line-7-0727-0697-s000000,0.000,0.000,"6.348175, 5.584784",safety,
BEN-SIG-151,systems-line-7-0786-0638-s001669,signalling-comms,station-node,station systems node line-7-0786-0638-s001669,line-7,BEN-ST-151,line-7-0786-0638-s001669,1.669,1.669,"6.337557, 5.574119",safety,
BEN-SIG-152,systems-line-7-0863-0588-s003623,signalling-comms,station-node,station systems node line-7-0863-0588-s003623,line-7,BEN-ST-152,line-7-0863-0588-s003623,3.623,3.623,"6.323699, 5.565081",safety,
BEN-SIG-153,systems-line-8-1029-0759-s000000,signalling-comms,station-node,station systems node line-8-1029-0759-s000000,line-8,BEN-ST-153,line-8-1029-0759-s000000,0.000,0.000,"6.293825, 5.595992",safety,
BEN-SIG-154,systems-line-8-1138-0763-s002679,signalling-comms,station-node,station systems node line-8-1138-0763-s002679,line-8,BEN-ST-154,line-8-1138-0763-s002679,2.679,2.679,"6.274209, 5.596715",safety,
BEN-SIG-155,systems-line-8-1161-0687-s004390,signalling-comms,station-node,station systems node line-8-1161-0687-s004390,line-8,BEN-ST-155,line-8-1161-0687-s004390,4.390,4.390,"6.270069, 5.582977",safety,
BEN-SIG-156,systems-line-9-0834-0789-s000000,signalling-comms,station-node,station systems node line-9-0834-0789-s000000,line-9,BEN-ST-156,line-9-0834-0789-s000000,0.000,0.000,"6.328918, 5.601415",safety,
BEN-SIG-157,systems-line-9-0759-0846-s002242,signalling-comms,station-node,station systems node line-9-0759-0846-s002242,line-9,BEN-ST-157,line-9-0759-0846-s002242,2.242,2.242,"6.342416, 5.611718",safety,
BEN-SIG-158,systems-line-9-0748-0857-s002553,signalling-comms,station-node,station systems node line-9-0748-0857-s002553,line-9,BEN-ST-158,line-9-0748-0857-s002553,2.553,2.553,"6.344395, 5.613707",safety,
BEN-SIG-159,systems-line-9-0689-0886-s003973,signalling-comms,station-node,station systems node line-9-0689-0886-s003973,line-9,BEN-ST-159,line-9-0689-0886-s003973,3.973,3.973,"6.355013, 5.618949",safety,
