{
  "features": [
    {
      "geometry": {
        "coordinates": [
          75.94205035531631,
          22.775000230356692
        ],
        "type": "Point"
      },
      "properties": {
        "anchor_kind": null,
        "anchor_name": null,
        "archetype": "terminal",
        "chainage_m": 0.0,
        "corridor_offset_m": 5.994,
        "id": "line-1-0893-1636-s000000",
        "junction_group": 0,
        "line": "line-1",
        "platform_length_m": 121.0
      },
      "type": "Feature"
    },
    {
      "geometry": {
        "coordinates": [
          75.93523320747882,
          22.762222632545082
        ],
        "type": "Point"
      },
      "properties": {
        "anchor_kind": "shop:mall",
        "anchor_name": "decathalon",
        "archetype": "standard",
        "chainage_m": 2005.7,
        "corridor_offset_m": 2.219,
        "id": "line-1-0964-1601-s002006",
        "junction_group": null,
        "line": "line-1",
        "platform_length_m": 121.0
      },
      "type": "Feature"
    },
    {
      "geometry": {
        "coordinates": [
          75.92997426486131,
          22.74692550840442
        ],
        "type": "Point"
      },
      "properties": {
        "anchor_kind": null,
        "anchor_name": null,
        "archetype": "interchange-elevated",
        "chainage_m": 4023.1,
        "corridor_offset_m": 44.062,
        "id": "line-1-1049-1574-s004023",
        "junction_group": 1,
        "line": "line-1",
        "platform_length_m": 121.0
      },
      "type": "Feature"
    },
    {
      "geometry": {
        "coordinates": [
          75.9128340074413,
          22.748185271568946
        ],
        "type": "Point"
      },
      "properties": {
        "anchor_kind": null,
        "anchor_name": null,
        "archetype": "standard",
        "chainage_m": 6025.3,
        "corridor_offset_m": 12.425,
        "id": "line-1-1042-1486-s006025",
        "junction_group": null,
        "line": "line-1",
        "platform_length_m": 121.0
      },
      "type": "Feature"
    },
    {
      "geometry": {
        "coordinates": [
          75.9025108978588,
          22.740626692581795
        ],
        "type": "Point"
      },
      "properties": {
        "anchor_kind": "amenity:hospital",
        "anchor_name": "Dyavati Hospital",
        "archetype": "interchange-elevated",
        "chainage_m": 8029.6,
        "corridor_offset_m": 10.499,
        "id": "line-1-1084-1433-s008030",
        "junction_group": 2,
        "line": "line-1",
        "platform_length_m": 121.0
      },
      "type": "Feature"
    },
    {
      "geometry": {
        "coordinates": [
          75.89686240393631,
          22.733787978260086
        ],
        "type": "Point"
      },
      "properties": {
        "anchor_kind": "amenity:hospital",
        "anchor_name": null,
        "archetype": "major",
        "chainage_m": 9245.6,
        "corridor_offset_m": 12.246,
        "id": "line-1-1122-1404-s009246",
        "junction_group": null,
        "line": "line-1",
        "platform_length_m": 121.0
      },
      "type": "Feature"
    },
    {
      "geometry": {
        "coordinates": [
          75.8886818265313,
          22.72964875643379
        ],
        "type": "Point"
      },
      "properties": {
        "anchor_kind": "amenity:hospital",
        "anchor_name": "Chl-Cbcc Cancer Center",
        "archetype": "major",
        "chainage_m": 10461.6,
        "corridor_offset_m": 23.373,
        "id": "line-1-1145-1362-s010462",
        "junction_group": null,
        "line": "line-1",
        "platform_length_m": 121.0
      },
      "type": "Feature"
    },
    {
      "geometry": {
        "coordinates": [
          75.8847863134813,
          22.720290515783034
        ],
        "type": "Point"
      },
      "properties": {
        "anchor_kind": "amenity:hospital",
        "anchor_name": "Ent Hospital and Research Centre",
        "archetype": "interchange-elevated",
        "chainage_m": 11667.2,
        "corridor_offset_m": 45.923,
        "id": "line-1-1197-1342-s011667",
        "junction_group": 3,
        "line": "line-1",
        "platform_length_m": 121.0
      },
      "type": "Feature"
    },
    {
      "geometry": {
        "coordinates": [
          75.8816699030413,
          22.710932275132276
        ],
        "type": "Point"
      },
      "properties": {
        "anchor_kind": "amenity:hospital",
        "anchor_name": "Government Autonomous College Of Dentistry And Hospital",
        "archetype": "major",
        "chainage_m": 12874.9,
        "corridor_offset_m": 41.083,
        "id": "line-1-1249-1326-s012875",
        "junction_group": null,
        "line": "line-1",
        "platform_length_m": 121.0
      },
      "type": "Feature"
    },
    {
      "geometry": {
        "coordinates": [
          75.8766057360763,
          22.703373696145125
        ],
        "type": "Point"
      },
      "properties": {
        "anchor_kind": "amenity:bus_station",
        "anchor_name": "Navlakha Bus stand",
        "archetype": "interchange-elevated",
        "chainage_m": 14085.5,
        "corridor_offset_m": 81.304,
        "id": "line-1-1291-1300-s014085",
        "junction_group": 4,
        "line": "line-1",
        "platform_length_m": 121.0
      },
      "type": "Feature"
    },
    {
      "geometry": {
        "coordinates": [
          75.8670617291038,
          22.692395759997122
        ],
        "type": "Point"
      },
      "properties": {
        "anchor_kind": "amenity:hospital",
        "anchor_name": "Gurjar Hospital",
        "archetype": "interchange-elevated",
        "chainage_m": 16113.4,
        "corridor_offset_m": 105.35,
        "id": "line-1-1352-1251-s016113",
        "junction_group": 5,
        "line": "line-1",
        "platform_length_m": 121.0
      },
      "type": "Feature"
    },
    {
      "geometry": {
        "coordinates": [
          75.85323265777629,
          22.680517993017315
        ],
        "type": "Point"
      },
      "properties": {
        "anchor_kind": "amenity:hospital",
        "anchor_name": "Nityam Yoga Classes",
        "archetype": "standard",
        "chainage_m": 18138.8,
        "corridor_offset_m": 67.569,
        "id": "line-1-1418-1180-s018139",
        "junction_group": null,
        "line": "line-1",
        "platform_length_m": 121.0
      },
      "type": "Feature"
    },
    {
      "geometry": {
        "coordinates": [
          75.83998791340629,
          22.66972002303567
        ],
        "type": "Point"
      },
      "properties": {
        "anchor_kind": null,
        "anchor_name": null,
        "archetype": "standard",
        "chainage_m": 20153.0,
        "corridor_offset_m": 37.57,
        "id": "line-1-1478-1112-s020153",
        "junction_group": null,
        "line": "line-1",
        "platform_length_m": 121.0
      },
      "type": "Feature"
    },
    {
      "geometry": {
        "coordinates": [
          75.82518496381628,
          22.66468097037757
        ],
        "type": "Point"
      },
      "properties": {
        "anchor_kind": "shop:mall",
        "anchor_name": null,
        "archetype": "standard",
        "chainage_m": 22160.3,
        "corridor_offset_m": 47.74,
        "id": "line-1-1506-1036-s022160",
        "junction_group": null,
        "line": "line-1",
        "platform_length_m": 121.0
      },
      "type": "Feature"
    },
    {
      "geometry": {
        "coordinates": [
          75.81349842466629,
          22.651003541734156
        ],
        "type": "Point"
      },
      "properties": {
        "anchor_kind": null,
        "anchor_name": null,
        "archetype": "standard",
        "chainage_m": 24177.4,
        "corridor_offset_m": 22.145,
        "id": "line-1-1582-0976-s024177",
        "junction_group": null,
        "line": "line-1",
        "platform_length_m": 121.0
      },
      "type": "Feature"
    },
    {
      "geometry": {
        "coordinates": [
          75.80590217421879,
          22.635706417593493
        ],
        "type": "Point"
      },
      "properties": {
        "anchor_kind": "public_transport:station",
        "anchor_name": "Rau",
        "archetype": "interchange-elevated",
        "chainage_m": 26200.5,
        "corridor_offset_m": 53.858,
        "id": "line-1-1667-0937-s026200",
        "junction_group": 6,
        "line": "line-1",
        "platform_length_m": 121.0
      },
      "type": "Feature"
    },
    {
      "geometry": {
        "coordinates": [
          75.80375964204129,
          22.62994750026995
        ],
        "type": "Point"
      },
      "properties": {
        "anchor_kind": null,
        "anchor_name": null,
        "archetype": "interchange-elevated",
        "chainage_m": 26931.6,
        "corridor_offset_m": 60.387,
        "id": "line-1-1699-0926-s026932",
        "junction_group": 6,
        "line": "line-1",
        "platform_length_m": 121.0
      },
      "type": "Feature"
    },
    {
      "geometry": {
        "coordinates": [
          75.79752682116128,
          22.62076922578555
        ],
        "type": "Point"
      },
      "properties": {
        "anchor_kind": null,
        "anchor_name": null,
        "archetype": "standard",
        "chainage_m": 28216.7,
        "corridor_offset_m": 67.044,
        "id": "line-1-1750-0894-s028217",
        "junction_group": null,
        "line": "line-1",
        "platform_length_m": 121.0
      },
      "type": "Feature"
    },
    {
      "geometry": {
        "coordinates": [
          75.77395896720878,
          22.613750545297485
        ],
        "type": "Point"
      },
      "properties": {
        "anchor_kind": null,
        "anchor_name": null,
        "archetype": "halt",
        "chainage_m": 31228.1,
        "corridor_offset_m": 29.437,
        "id": "line-1-1789-0773-s031228",
        "junction_group": null,
        "line": "line-1",
        "platform_length_m": 117.0
      },
      "type": "Feature"
    },
    {
      "geometry": {
        "coordinates": [
          75.75545528022127,
          22.594854097829607
        ],
        "type": "Point"
      },
      "properties": {
        "anchor_kind": null,
        "anchor_name": null,
        "archetype": "halt",
        "chainage_m": 34248.8,
        "corridor_offset_m": 38.656,
        "id": "line-1-1894-0678-s034249",
        "junction_group": null,
        "line": "line-1",
        "platform_length_m": 117.0
      },
      "type": "Feature"
    },
    {
      "geometry": {
        "coordinates": [
          75.74844335673127,
          22.58027683835439
        ],
        "type": "Point"
      },
      "properties": {
        "anchor_kind": null,
        "anchor_name": null,
        "archetype": "halt",
        "chainage_m": 36183.6,
        "corridor_offset_m": 47.217,
        "id": "line-1-1975-0642-s036184",
        "junction_group": null,
        "line": "line-1",
        "platform_length_m": 117.0
      },
      "type": "Feature"
    },
    {
      "geometry": {
        "coordinates": [
          75.74571649759628,
          22.568759003707303
        ],
        "type": "Point"
      },
      "properties": {
        "anchor_kind": "amenity:hospital",
        "anchor_name": "Government Hospital, Shrikhandi",
        "archetype": "terminal",
        "chainage_m": 38095.6,
        "corridor_offset_m": 0.0,
        "id": "line-1-2039-0628-s038096",
        "junction_group": null,
        "line": "line-1",
        "platform_length_m": 121.0
      },
      "type": "Feature"
    },
    {
      "geometry": {
        "coordinates": [
          75.91127580222131,
          22.541764078753197
        ],
        "type": "Point"
      },
      "properties": {
        "anchor_kind": "place:town",
        "anchor_name": "Simrol",
        "archetype": "terminal",
        "chainage_m": 0.0,
        "corridor_offset_m": 0.0,
        "id": "line-2-2189-1478-s000000",
        "junction_group": null,
        "line": "line-2",
        "platform_length_m": 121.0
      },
      "type": "Feature"
    },
    {
      "geometry": {
        "coordinates": [
          75.90406910307881,
          22.565519612712812
        ],
        "type": "Point"
      },
      "properties": {
        "anchor_kind": null,
        "anchor_name": null,
        "archetype": "halt",
        "chainage_m": 3019.7,
        "corridor_offset_m": 34.897,
        "id": "line-2-2057-1441-s003020",
        "junction_group": null,
        "line": "line-2",
        "platform_length_m": 117.0
      },
      "type": "Feature"
    },
    {
      "geometry": {
        "coordinates": [
          75.8991997117663,
          22.59053490983695
        ],
        "type": "Point"
      },
      "properties": {
        "anchor_kind": null,
        "anchor_name": null,
        "archetype": "halt",
        "chainage_m": 6023.3,
        "corridor_offset_m": 10.412,
        "id": "line-2-1918-1416-s006023",
        "junction_group": null,
        "line": "line-2",
        "platform_length_m": 117.0
      },
      "type": "Feature"
    },
    {
      "geometry": {
        "coordinates": [
          75.88848705087881,
          22.613570579131125
        ],
        "type": "Point"
      },
      "properties": {
        "anchor_kind": null,
        "anchor_name": null,
        "archetype": "halt",
        "chainage_m": 9039.0,
        "corridor_offset_m": 51.179,
        "id": "line-2-1790-1361-s009039",
        "junction_group": null,
        "line": "line-2",
        "platform_length_m": 117.0
      },
      "type": "Feature"
    },
    {
      "geometry": {
        "coordinates": [
          75.8869288456588,
          22.628147838606342
        ],
        "type": "Point"
      },
      "properties": {
        "anchor_kind": null,
        "anchor_name": null,
        "archetype": "interchange-elevated",
        "chainage_m": 10758.4,
        "corridor_offset_m": 12.237,
        "id": "line-2-1709-1353-s010758",
        "junction_group": 7,
        "line": "line-2",
        "platform_length_m": 121.0
      },
      "type": "Feature"
    },
    {
      "geometry": {
        "coordinates": [
          75.8873183969638,
          22.63066736493539
        ],
        "type": "Point"
      },
      "properties": {
        "anchor_kind": null,
        "anchor_name": null,
        "archetype": "interchange-elevated",
        "chainage_m": 11054.9,
        "corridor_offset_m": 4.462,
        "id": "line-2-1695-1355-s011055",
        "junction_group": 7,
        "line": "line-2",
        "platform_length_m": 121.0
      },
      "type": "Feature"
    },
    {
      "geometry": {
        "coordinates": [
          75.8871236213113,
          22.64722425224058
        ],
        "type": "Point"
      },
      "properties": {
        "anchor_kind": null,
        "anchor_name": null,
        "archetype": "standard",
        "chainage_m": 13059.2,
        "corridor_offset_m": 8.307,
        "id": "line-2-1603-1354-s013059",
        "junction_group": null,
        "line": "line-2",
        "platform_length_m": 121.0
      },
      "type": "Feature"
    },
    {
      "geometry": {
        "coordinates": [
          75.8834228839138,
          22.663961105712126
        ],
        "type": "Point"
      },
      "properties": {
        "anchor_kind": "amenity:hospital",
        "anchor_name": "M.P. Voluntary Health Association",
        "archetype": "standard",
        "chainage_m": 15076.6,
        "corridor_offset_m": 15.338,
        "id": "line-2-1510-1335-s015077",
        "junction_group": null,
        "line": "line-2",
        "platform_length_m": 121.0
      },
      "type": "Feature"
    },
    {
      "geometry": {
        "coordinates": [
          75.8768005117288,
          22.67943819601915
        ],
        "type": "Point"
      },
      "properties": {
        "anchor_kind": "amenity:college",
        "anchor_name": "Backstage, IET DAVV",
        "archetype": "standard",
        "chainage_m": 17078.3,
        "corridor_offset_m": 13.697,
        "id": "line-2-1424-1301-s017078",
        "junction_group": null,
        "line": "line-2",
        "platform_length_m": 121.0
      },
      "type": "Feature"
    },
    {
      "geometry": {
        "coordinates": [
          75.8670617291038,
          22.693835489328006
        ],
        "type": "Point"
      },
      "properties": {
        "anchor_kind": "amenity:hospital",
        "anchor_name": "Apple Hospital",
        "archetype": "interchange-elevated",
        "chainage_m": 19092.5,
        "corridor_offset_m": 15.924,
        "id": "line-2-1344-1251-s019092",
        "junction_group": 5,
        "line": "line-2",
        "platform_length_m": 121.0
      },
      "type": "Feature"
    },
    {
      "geometry": {
        "coordinates": [
          75.8549856386488,
          22.701034135982436
        ],
        "type": "Point"
      },
      "properties": {
        "anchor_kind": "amenity:hospital",
        "anchor_name": "Ayurveda Pancharam Center",
        "archetype": "interchange-elevated",
        "chainage_m": 21095.3,
        "corridor_offset_m": 48.547,
        "id": "line-2-1304-1189-s021095",
        "junction_group": 4,
        "line": "line-2",
        "platform_length_m": 121.0
      },
      "type": "Feature"
    },
    {
      "geometry": {
        "coordinates": [
          75.8545960873438,
          22.708772681135947
        ],
        "type": "Point"
      },
      "properties": {
        "anchor_kind": "amenity:hospital",
        "anchor_name": "H.J.Memorial Hospital",
        "archetype": "interchange-elevated",
        "chainage_m": 22401.0,
        "corridor_offset_m": 37.689,
        "id": "line-2-1261-1187-s022401",
        "junction_group": 4,
        "line": "line-2",
        "platform_length_m": 121.0
      },
      "type": "Feature"
    },
    {
      "geometry": {
        "coordinates": [
          75.8581020490888,
          22.71939068495123
        ],
        "type": "Point"
      },
      "properties": {
        "anchor_kind": null,
        "anchor_name": null,
        "archetype": "interchange-elevated",
        "chainage_m": 24399.3,
        "corridor_offset_m": 32.15,
        "id": "line-2-1202-1205-s024399",
        "junction_group": 4,
        "line": "line-2",
        "platform_length_m": 121.0
      },
      "type": "Feature"
    },
    {
      "geometry": {
        "coordinates": [
          75.8573229464788,
          22.728568959435627
        ],
        "type": "Point"
      },
      "properties": {
        "anchor_kind": null,
        "anchor_name": null,
        "archetype": "standard",
        "chainage_m": 25624.9,
        "corridor_offset_m": 84.667,
        "id": "line-2-1151-1201-s025625",
        "junction_group": null,
        "line": "line-2",
        "platform_length_m": 121.0
      },
      "type": "Feature"
    },
    {
      "geometry": {
        "coordinates": [
          75.8588811516988,
          22.742066421912682
        ],
        "type": "Point"
      },
      "properties": {
        "anchor_kind": null,
        "anchor_name": null,
        "archetype": "standard",
        "chainage_m": 27635.7,
        "corridor_offset_m": 113.917,
        "id": "line-2-1076-1209-s027636",
        "junction_group": null,
        "line": "line-2",
        "platform_length_m": 121.0
      },
      "type": "Feature"
    },
    {
      "geometry": {
        "coordinates": [
          75.8495319203788,
          22.75646371522154
        ],
        "type": "Point"
      },
      "properties": {
        "anchor_kind": "amenity:hospital",
        "anchor_name": "New Life Hospital",
        "archetype": "standard",
        "chainage_m": 29649.9,
        "corridor_offset_m": 112.716,
        "id": "line-2-0996-1161-s029650",
        "junction_group": null,
        "line": "line-2",
        "platform_length_m": 121.0
      },
      "type": "Feature"
    },
    {
      "geometry": {
        "coordinates": [
          75.86063413257129,
          22.769781211532234
        ],
        "type": "Point"
      },
      "properties": {
        "anchor_kind": null,
        "anchor_name": null,
        "archetype": "standard",
        "chainage_m": 31653.9,
        "corridor_offset_m": 86.314,
        "id": "line-2-0922-1218-s031654",
        "junction_group": null,
        "line": "line-2",
        "platform_length_m": 121.0
      },
      "type": "Feature"
    },
    {
      "geometry": {
        "coordinates": [
          75.8542065360388,
          22.78345864017565
        ],
        "type": "Point"
      },
      "properties": {
        "anchor_kind": null,
        "anchor_name": null,
        "archetype": "standard",
        "chainage_m": 33657.8,
        "corridor_offset_m": 47.003,
        "id": "line-2-0846-1185-s033658",
        "junction_group": null,
        "line": "line-2",
        "platform_length_m": 121.0
      },
      "type": "Feature"
    },
    {
      "geometry": {
        "coordinates": [
          75.84719461254879,
          22.798035899650866
        ],
        "type": "Point"
      },
      "properties": {
        "anchor_kind": "amenity:hospital",
        "anchor_name": null,
        "archetype": "standard",
        "chainage_m": 35660.9,
        "corridor_offset_m": 31.601,
        "id": "line-2-0765-1149-s035661",
        "junction_group": null,
        "line": "line-2",
        "platform_length_m": 121.0
      },
      "type": "Feature"
    },
    {
      "geometry": {
        "coordinates": [
          75.8536222090813,
          22.815132685455136
        ],
        "type": "Point"
      },
      "properties": {
        "anchor_kind": null,
        "anchor_name": null,
        "archetype": "terminal",
        "chainage_m": 38155.4,
        "corridor_offset_m": 6.003,
        "id": "line-2-0670-1182-s038155",
        "junction_group": 8,
        "line": "line-2",
        "platform_length_m": 121.0
      },
      "type": "Feature"
    },
    {
      "geometry": {
        "coordinates": [
          75.82557451512129,
          22.797316034985425
        ],
        "type": "Point"
      },
      "properties": {
        "anchor_kind": "tourism:attraction",
        "anchor_name": "TechForce composites p ltd.",
        "archetype": "terminal",
        "chainage_m": 0.0,
        "corridor_offset_m": 0.0,
        "id": "line-3-0769-1038-s000000",
        "junction_group": null,
        "line": "line-3",
        "platform_length_m": 121.0
      },
      "type": "Feature"
    },
    {
      "geometry": {
        "coordinates": [
          75.82849614990879,
          22.785258301839253
        ],
        "type": "Point"
      },
      "properties": {
        "anchor_kind": null,
        "anchor_name": null,
        "archetype": "standard",
        "chainage_m": 2016.2,
        "corridor_offset_m": 56.188,
        "id": "line-3-0836-1053-s002016",
        "junction_group": null,
        "line": "line-3",
        "platform_length_m": 121.0
      },
      "type": "Feature"
    },
    {
      "geometry": {
        "coordinates": [
          75.81953646989379,
          22.772300737861283
        ],
        "type": "Point"
      },
      "properties": {
        "anchor_kind": "public_transport:station",
        "anchor_name": "Veerangana Jhalkari Bai",
        "archetype": "interchange-elevated",
        "chainage_m": 4026.4,
        "corridor_offset_m": 8.972,
        "id": "line-3-0908-1007-s004026",
        "junction_group": 9,
        "line": "line-3",
        "platform_length_m": 121.0
      },
      "type": "Feature"
    },
    {
      "geometry": {
        "coordinates": [
          75.81077156553128,
          22.758623309217867
        ],
        "type": "Point"
      },
      "properties": {
        "anchor_kind": null,
        "anchor_name": null,
        "archetype": "standard",
        "chainage_m": 6042.1,
        "corridor_offset_m": 31.61,
        "id": "line-3-0984-0962-s006042",
        "junction_group": null,
        "line": "line-3",
        "platform_length_m": 121.0
      },
      "type": "Feature"
    },
    {
      "geometry": {
        "coordinates": [
          75.81310887336129,
          22.743326185077205
        ],
        "type": "Point"
      },
      "properties": {
        "anchor_kind": null,
        "anchor_name": null,
        "archetype": "standard",
        "chainage_m": 8056.0,
        "corridor_offset_m": 3.039,
        "id": "line-3-1069-0974-s008056",
        "junction_group": null,
        "line": "line-3",
        "platform_length_m": 121.0
      },
      "type": "Feature"
    },
    {
      "geometry": {
        "coordinates": [
          75.81544618119129,
          22.72748916243746
        ],
        "type": "Point"
      },
      "properties": {
        "anchor_kind": "amenity:hospital",
        "anchor_name": "Sanyog Hospital",
        "archetype": "interchange-elevated",
        "chainage_m": 10078.3,
        "corridor_offset_m": 6.134,
        "id": "line-3-1157-0986-s010078",
        "junction_group": 10,
        "line": "line-3",
        "platform_length_m": 121.0
      },
      "type": "Feature"
    },
    {
      "geometry": {
        "coordinates": [
          75.81038201422629,
          22.711292207464997
        ],
        "type": "Point"
      },
      "properties": {
        "anchor_kind": null,
        "anchor_name": null,
        "archetype": "standard",
        "chainage_m": 12093.7,
        "corridor_offset_m": 42.339,
        "id": "line-3-1247-0960-s012094",
        "junction_group": null,
        "line": "line-3",
        "platform_length_m": 121.0
      },
      "type": "Feature"
    },
    {
      "geometry": {
        "coordinates": [
          75.82012079685128,
          22.706253154806898
        ],
        "type": "Point"
      },
      "properties": {
        "anchor_kind": null,
        "anchor_name": null,
        "archetype": "standard",
        "chainage_m": 14102.2,
        "corridor_offset_m": 34.237,
        "id": "line-3-1275-1010-s014102",
        "junction_group": null,
        "line": "line-3",
        "platform_length_m": 121.0
      },
      "type": "Feature"
    },
    {
      "geometry": {
        "coordinates": [
          75.8208998994613,
          22.69761477882158
        ],
        "type": "Point"
      },
      "properties": {
        "anchor_kind": null,
        "anchor_name": null,
        "archetype": "standard",
        "chainage_m": 16115.6,
        "corridor_offset_m": 32.857,
        "id": "line-3-1323-1014-s016116",
        "junction_group": null,
        "line": "line-3",
        "platform_length_m": 121.0
      },
      "type": "Feature"
    },
    {
      "geometry": {
        "coordinates": [
          75.8115506681413,
          22.684117316344526
        ],
        "type": "Point"
      },
      "properties": {
        "anchor_kind": null,
        "anchor_name": null,
        "archetype": "standard",
        "chainage_m": 18118.7,
        "corridor_offset_m": 75.583,
        "id": "line-3-1398-0966-s018119",
        "junction_group": null,
        "line": "line-3",
        "platform_length_m": 121.0
      },
      "type": "Feature"
    },
    {
      "geometry": {
        "coordinates": [
          75.81486185423378,
          22.66989998920203
        ],
        "type": "Point"
      },
      "properties": {
        "anchor_kind": null,
        "anchor_name": null,
        "archetype": "standard",
        "chainage_m": 20128.0,
        "corridor_offset_m": 38.896,
        "id": "line-3-1477-0983-s020128",
        "junction_group": null,
        "line": "line-3",
        "platform_length_m": 121.0
      },
      "type": "Feature"
    },
    {
      "geometry": {
        "coordinates": [
          75.80609694987129,
          22.655322729726812
        ],
        "type": "Point"
      },
      "properties": {
        "anchor_kind": "amenity:hospital",
        "anchor_name": "Bombay Hospital,Indore",
        "archetype": "standard",
        "chainage_m": 22132.5,
        "corridor_offset_m": 35.118,
        "id": "line-3-1558-0938-s022133",
        "junction_group": null,
        "line": "line-3",
        "platform_length_m": 121.0
      },
      "type": "Feature"
    },
    {
      "geometry": {
        "coordinates": [
          75.80220143682129,
          22.63948570708707
        ],
        "type": "Point"
      },
      "properties": {
        "anchor_kind": null,
        "anchor_name": null,
        "archetype": "interchange-elevated",
        "chainage_m": 24141.1,
        "corridor_offset_m": 19.795,
        "id": "line-3-1646-0918-s024141",
        "junction_group": 6,
        "line": "line-3",
        "platform_length_m": 121.0
      },
      "type": "Feature"
    },
    {
      "geometry": {
        "coordinates": [
          75.80337009073628,
          22.62976753410359
        ],
        "type": "Point"
      },
      "properties": {
        "anchor_kind": null,
        "anchor_name": null,
        "archetype": "interchange-elevated",
        "chainage_m": 25655.9,
        "corridor_offset_m": 28.789,
        "id": "line-3-1700-0924-s025656",
        "junction_group": 6,
        "line": "line-3",
        "platform_length_m": 121.0
      },
      "type": "Feature"
    },
    {
      "geometry": {
        "coordinates": [
          75.80687605248129,
          22.626528143109095
        ],
        "type": "Point"
      },
      "properties": {
        "anchor_kind": "amenity:hospital",
        "anchor_name": "Dr.P.S. Hardia Advanced Eye Surgery and Research Institute",
        "archetype": "interchange-elevated",
        "chainage_m": 26165.0,
        "corridor_offset_m": 5.68,
        "id": "line-3-1718-0942-s026165",
        "junction_group": 6,
        "line": "line-3",
        "platform_length_m": 121.0
      },
      "type": "Feature"
    },
    {
      "geometry": {
        "coordinates": [
          75.80862903335378,
          22.61267074829932
        ],
        "type": "Point"
      },
      "properties": {
        "anchor_kind": null,
        "anchor_name": null,
        "archetype": "standard",
        "chainage_m": 28179.2,
        "corridor_offset_m": 15.274,
        "id": "line-3-1795-0951-s028179",
        "junction_group": null,
        "line": "line-3",
        "platform_length_m": 121.0
      },
      "type": "Feature"
    },
    {
      "geometry": {
        "coordinates": [
          75.80746037943878,
          22.588735248173343
        ],
        "type": "Point"
      },
      "properties": {
        "anchor_kind": null,
        "anchor_name": null,
        "archetype": "halt",
        "chainage_m": 31179.4,
        "corridor_offset_m": 1.584,
        "id": "line-3-1928-0945-s031179",
        "junction_group": null,
        "line": "line-3",
        "platform_length_m": 117.0
      },
      "type": "Feature"
    },
    {
      "geometry": {
        "coordinates": [
          75.81349842466629,
          22.565339646546448
        ],
        "type": "Point"
      },
      "properties": {
        "anchor_kind": null,
        "anchor_name": null,
        "archetype": "halt",
        "chainage_m": 34188.6,
        "corridor_offset_m": 86.205,
        "id": "line-3-2058-0976-s034189",
        "junction_group": null,
        "line": "line-3",
        "platform_length_m": 117.0
      },
      "type": "Feature"
    },
    {
      "geometry": {
        "coordinates": [
          75.79499473767878,
          22.547343029910376
        ],
        "type": "Point"
      },
      "properties": {
        "anchor_kind": null,
        "anchor_name": null,
        "archetype": "halt",
        "chainage_m": 37214.7,
        "corridor_offset_m": 70.51,
        "id": "line-3-2158-0881-s037215",
        "junction_group": null,
        "line": "line-3",
        "platform_length_m": 117.0
      },
      "type": "Feature"
    },
    {
      "geometry": {
        "coordinates": [
          75.79694249420379,
          22.514049289133645
        ],
        "type": "Point"
      },
      "properties": {
        "anchor_kind": "public_transport:station",
        "anchor_name": "Patal Pani",
        "archetype": "terminal",
        "chainage_m": 41693.4,
        "corridor_offset_m": 0.0,
        "id": "line-3-2343-0891-s041693",
        "junction_group": null,
        "line": "line-3",
        "platform_length_m": 121.0
      },
      "type": "Feature"
    },
    {
      "geometry": {
        "coordinates": [
          76.04898218853883,
          22.621129158118276
        ],
        "type": "Point"
      },
      "properties": {
        "anchor_kind": "place:town",
        "anchor_name": "Kampel",
        "archetype": "terminal",
        "chainage_m": 0.0,
        "corridor_offset_m": 0.0,
        "id": "line-4-1748-2185-s000000",
        "junction_group": null,
        "line": "line-4",
        "platform_length_m": 121.0
      },
      "type": "Feature"
    },
    {
      "geometry": {
        "coordinates": [
          76.03028372589883,
          22.631027297268115
        ],
        "type": "Point"
      },
      "properties": {
        "anchor_kind": "amenity:hospital",
        "anchor_name": "Government hospital Piwaday",
        "archetype": "halt",
        "chainage_m": 3000.2,
        "corridor_offset_m": 10.098,
        "id": "line-4-1693-2089-s003000",
        "junction_group": null,
        "line": "line-4",
        "platform_length_m": 117.0
      },
      "type": "Feature"
    },
    {
      "geometry": {
        "coordinates": [
          76.01178003891133,
          22.643085030414284
        ],
        "type": "Point"
      },
      "properties": {
        "anchor_kind": null,
        "anchor_name": null,
        "archetype": "halt",
        "chainage_m": 6017.3,
        "corridor_offset_m": 40.718,
        "id": "line-4-1626-1994-s006017",
        "junction_group": null,
        "line": "line-4",
        "platform_length_m": 117.0
      },
      "type": "Feature"
    },
    {
      "geometry": {
        "coordinates": [
          75.98782263365382,
          22.65460286506137
        ],
        "type": "Point"
      },
      "properties": {
        "anchor_kind": null,
        "anchor_name": null,
        "archetype": "halt",
        "chainage_m": 9024.1,
        "corridor_offset_m": 32.076,
        "id": "line-4-1562-1871-s009024",
        "junction_group": null,
        "line": "line-4",
        "platform_length_m": 117.0
      },
      "type": "Feature"
    },
    {
      "geometry": {
        "coordinates": [
          75.96406000404882,
          22.660721714717635
        ],
        "type": "Point"
      },
      "properties": {
        "anchor_kind": null,
        "anchor_name": null,
        "archetype": "halt",
        "chainage_m": 12031.8,
        "corridor_offset_m": 138.501,
        "id": "line-4-1528-1749-s012032",
        "junction_group": null,
        "line": "line-4",
        "platform_length_m": 117.0
      },
      "type": "Feature"
    },
    {
      "geometry": {
        "coordinates": [
          75.95295779185632,
          22.671879617031998
        ],
        "type": "Point"
      },
      "properties": {
        "anchor_kind": null,
        "anchor_name": null,
        "archetype": "standard",
        "chainage_m": 14046.6,
        "corridor_offset_m": 129.914,
        "id": "line-4-1466-1692-s014047",
        "junction_group": null,
        "line": "line-4",
        "platform_length_m": 121.0
      },
      "type": "Feature"
    },
    {
      "geometry": {
        "coordinates": [
          75.93640186139382,
          22.675478940359213
        ],
        "type": "Point"
      },
      "properties": {
        "anchor_kind": null,
        "anchor_name": null,
        "archetype": "interchange-elevated",
        "chainage_m": 16046.8,
        "corridor_offset_m": 114.47,
        "id": "line-4-1446-1607-s016047",
        "junction_group": 11,
        "line": "line-4",
        "platform_length_m": 121.0
      },
      "type": "Feature"
    },
    {
      "geometry": {
        "coordinates": [
          75.93328545095382,
          22.675478940359213
        ],
        "type": "Point"
      },
      "properties": {
        "anchor_kind": null,
        "anchor_name": null,
        "archetype": "interchange-elevated",
        "chainage_m": 16366.8,
        "corridor_offset_m": 132.118,
        "id": "line-4-1446-1591-s016367",
        "junction_group": 11,
        "line": "line-4",
        "platform_length_m": 121.0
      },
      "type": "Feature"
    },
    {
      "geometry": {
        "coordinates": [
          75.92159891180381,
          22.682497620847283
        ],
        "type": "Point"
      },
      "properties": {
        "anchor_kind": null,
        "anchor_name": null,
        "archetype": "standard",
        "chainage_m": 18058.8,
        "corridor_offset_m": 125.289,
        "id": "line-4-1407-1531-s018059",
        "junction_group": null,
        "line": "line-4",
        "platform_length_m": 121.0
      },
      "type": "Feature"
    },
    {
      "geometry": {
        "coordinates": [
          75.91517131527131,
          22.69635501565706
        ],
        "type": "Point"
      },
      "properties": {
        "anchor_kind": "place:neighbourhood",
        "anchor_name": "Shalimar Palms",
        "archetype": "standard",
        "chainage_m": 20065.3,
        "corridor_offset_m": 176.663,
        "id": "line-4-1330-1498-s020065",
        "junction_group": null,
        "line": "line-4",
        "platform_length_m": 121.0
      },
      "type": "Feature"
    },
    {
      "geometry": {
        "coordinates": [
          75.9027056735113,
          22.70679305330598
        ],
        "type": "Point"
      },
      "properties": {
        "anchor_kind": "amenity:hospital",
        "anchor_name": "Nakshatra Heart and Multispeciality Hospital",
        "archetype": "standard",
        "chainage_m": 22083.5,
        "corridor_offset_m": 181.576,
        "id": "line-4-1272-1434-s022084",
        "junction_group": null,
        "line": "line-4",
        "platform_length_m": 121.0
      },
      "type": "Feature"
    },
    {
      "geometry": {
        "coordinates": [
          75.89160346131881,
          22.703913594644206
        ],
        "type": "Point"
      },
      "properties": {
        "anchor_kind": "amenity:university",
        "anchor_name": null,
        "archetype": "standard",
        "chainage_m": 24090.6,
        "corridor_offset_m": 148.472,
        "id": "line-4-1288-1377-s024091",
        "junction_group": null,
        "line": "line-4",
        "platform_length_m": 121.0
      },
      "type": "Feature"
    },
    {
      "geometry": {
        "coordinates": [
          75.8785534926013,
          22.702473865313323
        ],
        "type": "Point"
      },
      "properties": {
        "anchor_kind": "amenity:bus_station",
        "anchor_name": "Navlakha Bus stand",
        "archetype": "interchange-elevated",
        "chainage_m": 26039.2,
        "corridor_offset_m": 95.364,
        "id": "line-4-1296-1310-s026039",
        "junction_group": 4,
        "line": "line-4",
        "platform_length_m": 121.0
      },
      "type": "Feature"
    },
    {
      "geometry": {
        "coordinates": [
          75.8690094856288,
          22.70679305330598
        ],
        "type": "Point"
      },
      "properties": {
        "anchor_kind": "amenity:college",
        "anchor_name": null,
        "archetype": "interchange-elevated",
        "chainage_m": 27246.3,
        "corridor_offset_m": 92.204,
        "id": "line-4-1272-1261-s027246",
        "junction_group": 4,
        "line": "line-4",
        "platform_length_m": 121.0
      },
      "type": "Feature"
    },
    {
      "geometry": {
        "coordinates": [
          75.8655035238838,
          22.713091869128604
        ],
        "type": "Point"
      },
      "properties": {
        "anchor_kind": "amenity:bus_station",
        "anchor_name": "Sarvate Bus Station",
        "archetype": "interchange-elevated",
        "chainage_m": 28453.4,
        "corridor_offset_m": 30.559,
        "id": "line-4-1237-1243-s028453",
        "junction_group": 4,
        "line": "line-4",
        "platform_length_m": 121.0
      },
      "type": "Feature"
    },
    {
      "geometry": {
        "coordinates": [
          75.8581020490888,
          22.71939068495123
        ],
        "type": "Point"
      },
      "properties": {
        "anchor_kind": null,
        "anchor_name": null,
        "archetype": "interchange-elevated",
        "chainage_m": 29883.9,
        "corridor_offset_m": 24.153,
        "id": "line-4-1202-1205-s029884",
        "junction_group": 4,
        "line": "line-4",
        "platform_length_m": 121.0
      },
      "type": "Feature"
    },
    {
      "geometry": {
        "coordinates": [
          75.85128490125129,
          22.730728553431955
        ],
        "type": "Point"
      },
      "properties": {
        "anchor_kind": "amenity:hospital",
        "anchor_name": "Al Shifa National Hospital and Research Centre",
        "archetype": "standard",
        "chainage_m": 31669.0,
        "corridor_offset_m": 4.618,
        "id": "line-4-1139-1170-s031669",
        "junction_group": null,
        "line": "line-4",
        "platform_length_m": 121.0
      },
      "type": "Feature"
    },
    {
      "geometry": {
        "coordinates": [
          75.84213044558379,
          22.72676929777202
        ],
        "type": "Point"
      },
      "properties": {
        "anchor_kind": null,
        "anchor_name": null,
        "archetype": "standard",
        "chainage_m": 33676.1,
        "corridor_offset_m": 1.04,
        "id": "line-4-1161-1123-s033676",
        "junction_group": null,
        "line": "line-4",
        "platform_length_m": 121.0
      },
      "type": "Feature"
    },
    {
      "geometry": {
        "coordinates": [
          75.82849614990879,
          22.723709872943886
        ],
        "type": "Point"
      },
      "properties": {
        "anchor_kind": "amenity:hospital",
        "anchor_name": "Banthia Hospital",
        "archetype": "standard",
        "chainage_m": 35683.2,
        "corridor_offset_m": 11.524,
        "id": "line-4-1178-1053-s035683",
        "junction_group": null,
        "line": "line-4",
        "platform_length_m": 121.0
      },
      "type": "Feature"
    },
    {
      "geometry": {
        "coordinates": [
          75.81388797597128,
          22.731808350430118
        ],
        "type": "Point"
      },
      "properties": {
        "anchor_kind": "amenity:hospital",
        "anchor_name": "Government Urban Primary Health Center",
        "archetype": "interchange-elevated",
        "chainage_m": 37684.9,
        "corridor_offset_m": 10.273,
        "id": "line-4-1133-0978-s037685",
        "junction_group": 10,
        "line": "line-4",
        "platform_length_m": 121.0
      },
      "type": "Feature"
    },
    {
      "geometry": {
        "coordinates": [
          75.80025368029628,
          22.742606320411763
        ],
        "type": "Point"
      },
      "properties": {
        "anchor_kind": "public_transport:station",
        "anchor_name": "Super Corridor 6",
        "archetype": "standard",
        "chainage_m": 39687.4,
        "corridor_offset_m": 44.532,
        "id": "line-4-1073-0908-s039687",
        "junction_group": null,
        "line": "line-4",
        "platform_length_m": 121.0
      },
      "type": "Feature"
    },
    {
      "geometry": {
        "coordinates": [
          75.80317531508379,
          22.75376422272613
        ],
        "type": "Point"
      },
      "properties": {
        "anchor_kind": "public_transport:station",
        "anchor_name": "Super Corridor 5",
        "archetype": "standard",
        "chainage_m": 41174.5,
        "corridor_offset_m": 14.506,
        "id": "line-4-1011-0923-s041174",
        "junction_group": null,
        "line": "line-4",
        "platform_length_m": 121.0
      },
      "type": "Feature"
    },
    {
      "geometry": {
        "coordinates": [
          75.79207310289128,
          22.753404290393405
        ],
        "type": "Point"
      },
      "properties": {
        "anchor_kind": "amenity:university",
        "anchor_name": "Symboisis University of Applied Sciences",
        "archetype": "depot-terminal",
        "chainage_m": 42681.0,
        "corridor_offset_m": 0.0,
        "id": "line-4-1013-0866-s042681",
        "junction_group": null,
        "line": "line-4",
        "platform_length_m": 121.0
      },
      "type": "Feature"
    },
    {
      "geometry": {
        "coordinates": [
          75.8900452560988,
          22.661801511715797
        ],
        "type": "Point"
      },
      "properties": {
        "anchor_kind": "amenity:hospital",
        "anchor_name": "Shivam Yoga Therapy Centre",
        "archetype": "terminal",
        "chainage_m": 0.0,
        "corridor_offset_m": 0.0,
        "id": "line-5-1522-1369-s000000",
        "junction_group": null,
        "line": "line-5",
        "platform_length_m": 121.0
      },
      "type": "Feature"
    },
    {
      "geometry": {
        "coordinates": [
          75.9044586543838,
          22.672059583198358
        ],
        "type": "Point"
      },
      "properties": {
        "anchor_kind": null,
        "anchor_name": null,
        "archetype": "standard",
        "chainage_m": 2003.9,
        "corridor_offset_m": 31.772,
        "id": "line-5-1465-1443-s002004",
        "junction_group": null,
        "line": "line-5",
        "platform_length_m": 121.0
      },
      "type": "Feature"
    },
    {
      "geometry": {
        "coordinates": [
          75.90699073786631,
          22.68645687650722
        ],
        "type": "Point"
      },
      "properties": {
        "anchor_kind": null,
        "anchor_name": null,
        "archetype": "standard",
        "chainage_m": 4022.7,
        "corridor_offset_m": 33.924,
        "id": "line-5-1385-1456-s004023",
        "junction_group": null,
        "line": "line-5",
        "platform_length_m": 121.0
      },
      "type": "Feature"
    },
    {
      "geometry": {
        "coordinates": [
          75.8995892630713,
          22.692935658496204
        ],
        "type": "Point"
      },
      "properties": {
        "anchor_kind": "amenity:university",
        "anchor_name": null,
        "archetype": "standard",
        "chainage_m": 6026.4,
        "corridor_offset_m": 19.102,
        "id": "line-5-1349-1418-s006026",
        "junction_group": null,
        "line": "line-5",
        "platform_length_m": 121.0
      },
      "type": "Feature"
    },
    {
      "geometry": {
        "coordinates": [
          75.91127580222131,
          22.704993391642372
        ],
        "type": "Point"
      },
      "properties": {
        "anchor_kind": null,
        "anchor_name": null,
        "archetype": "standard",
        "chainage_m": 8044.1,
        "corridor_offset_m": 17.96,
        "id": "line-5-1282-1478-s008044",
        "junction_group": null,
        "line": "line-5",
        "platform_length_m": 121.0
      },
      "type": "Feature"
    },
    {
      "geometry": {
        "coordinates": [
          75.9097175970013,
          22.718670820285787
        ],
        "type": "Point"
      },
      "properties": {
        "anchor_kind": "amenity:hospital",
        "anchor_name": "Angel Hospital",
        "archetype": "standard",
        "chainage_m": 10052.6,
        "corridor_offset_m": 60.695,
        "id": "line-5-1206-1470-s010053",
        "junction_group": null,
        "line": "line-5",
        "platform_length_m": 121.0
      },
      "type": "Feature"
    },
    {
      "geometry": {
        "coordinates": [
          75.92491009789632,
          22.7264093654393
        ],
        "type": "Point"
      },
      "properties": {
        "anchor_kind": null,
        "anchor_name": null,
        "archetype": "standard",
        "chainage_m": 12060.5,
        "corridor_offset_m": 135.006,
        "id": "line-5-1163-1548-s012061",
        "junction_group": null,
        "line": "line-5",
        "platform_length_m": 121.0
      },
      "type": "Feature"
    },
    {
      "geometry": {
        "coordinates": [
          75.9282212839888,
          22.742426354245403
        ],
        "type": "Point"
      },
      "properties": {
        "anchor_kind": null,
        "anchor_name": null,
        "archetype": "interchange-elevated",
        "chainage_m": 14061.4,
        "corridor_offset_m": 129.909,
        "id": "line-5-1074-1565-s014061",
        "junction_group": 1,
        "line": "line-5",
        "platform_length_m": 121.0
      },
      "type": "Feature"
    },
    {
      "geometry": {
        "coordinates": [
          75.92159891180381,
          22.755203952057013
        ],
        "type": "Point"
      },
      "properties": {
        "anchor_kind": null,
        "anchor_name": null,
        "archetype": "standard",
        "chainage_m": 16071.3,
        "corridor_offset_m": 165.595,
        "id": "line-5-1003-1531-s016071",
        "junction_group": null,
        "line": "line-5",
        "platform_length_m": 121.0
      },
      "type": "Feature"
    },
    {
      "geometry": {
        "coordinates": [
          75.92276756571881,
          22.772480704027643
        ],
        "type": "Point"
      },
      "properties": {
        "anchor_kind": null,
        "anchor_name": null,
        "archetype": "standard",
        "chainage_m": 18074.2,
        "corridor_offset_m": 132.932,
        "id": "line-5-0907-1537-s018074",
        "junction_group": null,
        "line": "line-5",
        "platform_length_m": 121.0
      },
      "type": "Feature"
    },
    {
      "geometry": {
        "coordinates": [
          75.93581753443631,
          22.779679350682073
        ],
        "type": "Point"
      },
      "properties": {
        "anchor_kind": null,
        "anchor_name": null,
        "archetype": "standard",
        "chainage_m": 20083.3,
        "corridor_offset_m": 99.275,
        "id": "line-5-0867-1604-s020083",
        "junction_group": null,
        "line": "line-5",
        "platform_length_m": 121.0
      },
      "type": "Feature"
    },
    {
      "geometry": {
        "coordinates": [
          75.93640186139382,
          22.794976474822732
        ],
        "type": "Point"
      },
      "properties": {
        "anchor_kind": null,
        "anchor_name": null,
        "archetype": "interchange-elevated",
        "chainage_m": 21808.1,
        "corridor_offset_m": 41.548,
        "id": "line-5-0782-1607-s021808",
        "junction_group": 12,
        "line": "line-5",
        "platform_length_m": 121.0
      },
      "type": "Feature"
    },
    {
      "geometry": {
        "coordinates": [
          75.9365966370463,
          22.797496001151785
        ],
        "type": "Point"
      },
      "properties": {
        "anchor_kind": null,
        "anchor_name": null,
        "archetype": "interchange-elevated",
        "chainage_m": 22096.4,
        "corridor_offset_m": 34.885,
        "id": "line-5-0768-1608-s022096",
        "junction_group": 12,
        "line": "line-5",
        "platform_length_m": 121.0
      },
      "type": "Feature"
    },
    {
      "geometry": {
        "coordinates": [
          75.9375705153088,
          22.815132685455136
        ],
        "type": "Point"
      },
      "properties": {
        "anchor_kind": null,
        "anchor_name": null,
        "archetype": "standard",
        "chainage_m": 24097.8,
        "corridor_offset_m": 26.197,
        "id": "line-5-0670-1613-s024098",
        "junction_group": null,
        "line": "line-5",
        "platform_length_m": 121.0
      },
      "type": "Feature"
    },
    {
      "geometry": {
        "coordinates": [
          75.94516676575631,
          22.839248151747473
        ],
        "type": "Point"
      },
      "properties": {
        "anchor_kind": null,
        "anchor_name": null,
        "archetype": "halt",
        "chainage_m": 27100.9,
        "corridor_offset_m": 125.906,
        "id": "line-5-0536-1652-s027101",
        "junction_group": null,
        "line": "line-5",
        "platform_length_m": 117.0
      },
      "type": "Feature"
    },
    {
      "geometry": {
        "coordinates": [
          75.95802195882132,
          22.8615639563762
        ],
        "type": "Point"
      },
      "properties": {
        "anchor_kind": null,
        "anchor_name": null,
        "archetype": "halt",
        "chainage_m": 30127.7,
        "corridor_offset_m": 88.501,
        "id": "line-5-0412-1718-s030128",
        "junction_group": null,
        "line": "line-5",
        "platform_length_m": 117.0
      },
      "type": "Feature"
    },
    {
      "geometry": {
        "coordinates": [
          75.96951372231882,
          22.879740539178634
        ],
        "type": "Point"
      },
      "properties": {
        "anchor_kind": null,
        "anchor_name": null,
        "archetype": "halt",
        "chainage_m": 32636.5,
        "corridor_offset_m": 50.697,
        "id": "line-5-0311-1777-s032636",
        "junction_group": null,
        "line": "line-5",
        "platform_length_m": 117.0
      },
      "type": "Feature"
    },
    {
      "geometry": {
        "coordinates": [
          75.98295324234132,
          22.895217629485657
        ],
        "type": "Point"
      },
      "properties": {
        "anchor_kind": null,
        "anchor_name": null,
        "archetype": "halt",
        "chainage_m": 35138.9,
        "corridor_offset_m": 17.866,
        "id": "line-5-0225-1846-s035139",
        "junction_group": null,
        "line": "line-5",
        "platform_length_m": 117.0
      },
      "type": "Feature"
    },
    {
      "geometry": {
        "coordinates": [
          75.98451144756132,
          22.917533434114386
        ],
        "type": "Point"
      },
      "properties": {
        "anchor_kind": null,
        "anchor_name": null,
        "archetype": "halt",
        "chainage_m": 38427.1,
        "corridor_offset_m": 63.921,
        "id": "line-5-0101-1854-s038427",
        "junction_group": null,
        "line": "line-5",
        "platform_length_m": 117.0
      },
      "type": "Feature"
    },
    {
      "geometry": {
        "coordinates": [
          75.99366590322882,
          22.934450253752296
        ],
        "type": "Point"
      },
      "properties": {
        "anchor_kind": "public_transport:station",
        "anchor_name": "Binjana",
        "archetype": "terminal",
        "chainage_m": 41700.2,
        "corridor_offset_m": 0.0,
        "id": "line-5-0007-1901-s041700",
        "junction_group": null,
        "line": "line-5",
        "platform_length_m": 121.0
      },
      "type": "Feature"
    },
    {
      "geometry": {
        "coordinates": [
          75.81895214293628,
          22.7717608393622
        ],
        "type": "Point"
      },
      "properties": {
        "anchor_kind": "public_transport:station",
        "anchor_name": "Veerangana Jhalkari Bai",
        "archetype": "terminal",
        "chainage_m": 0.0,
        "corridor_offset_m": 0.0,
        "id": "line-6-0911-1004-s000000",
        "junction_group": 9,
        "line": "line-6",
        "platform_length_m": 121.0
      },
      "type": "Feature"
    },
    {
      "geometry": {
        "coordinates": [
          75.83394986817879,
          22.7767998920203
        ],
        "type": "Point"
      },
      "properties": {
        "anchor_kind": null,
        "anchor_name": null,
        "archetype": "standard",
        "chainage_m": 2010.8,
        "corridor_offset_m": 32.245,
        "id": "line-6-0883-1081-s002011",
        "junction_group": null,
        "line": "line-6",
        "platform_length_m": 121.0
      },
      "type": "Feature"
    },
    {
      "geometry": {
        "coordinates": [
          75.8434938751513,
          22.762402598711443
        ],
        "type": "Point"
      },
      "properties": {
        "anchor_kind": null,
        "anchor_name": null,
        "archetype": "standard",
        "chainage_m": 4016.7,
        "corridor_offset_m": 2.83,
        "id": "line-6-0963-1130-s004017",
        "junction_group": null,
        "line": "line-6",
        "platform_length_m": 121.0
      },
      "type": "Feature"
    },
    {
      "geometry": {
        "coordinates": [
          75.8571281708263,
          22.753404290393405
        ],
        "type": "Point"
      },
      "properties": {
        "anchor_kind": null,
        "anchor_name": null,
        "archetype": "standard",
        "chainage_m": 6039.8,
        "corridor_offset_m": 7.495,
        "id": "line-6-1013-1200-s006040",
        "junction_group": null,
        "line": "line-6",
        "platform_length_m": 121.0
      },
      "type": "Feature"
    },
    {
      "geometry": {
        "coordinates": [
          75.8729049986788,
          22.750524831731635
        ],
        "type": "Point"
      },
      "properties": {
        "anchor_kind": "amenity:hospital",
        "anchor_name": "Vatsalya Nursing Home, Indore",
        "archetype": "standard",
        "chainage_m": 8044.9,
        "corridor_offset_m": 41.128,
        "id": "line-6-1029-1281-s008045",
        "junction_group": null,
        "line": "line-6",
        "platform_length_m": 121.0
      },
      "type": "Feature"
    },
    {
      "geometry": {
        "coordinates": [
          75.8871236213113,
          22.74620564373898
        ],
        "type": "Point"
      },
      "properties": {
        "anchor_kind": null,
        "anchor_name": null,
        "archetype": "major",
        "chainage_m": 9886.0,
        "corridor_offset_m": 6.586,
        "id": "line-6-1053-1354-s009886",
        "junction_group": null,
        "line": "line-6",
        "platform_length_m": 121.0
      },
      "type": "Feature"
    },
    {
      "geometry": {
        "coordinates": [
          75.8970571795888,
          22.742066421912682
        ],
        "type": "Point"
      },
      "properties": {
        "anchor_kind": "amenity:hospital",
        "anchor_name": "Sankalp Eye Hospital",
        "archetype": "interchange-elevated",
        "chainage_m": 11901.4,
        "corridor_offset_m": 10.7,
        "id": "line-6-1076-1405-s011901",
        "junction_group": 2,
        "line": "line-6",
        "platform_length_m": 121.0
      },
      "type": "Feature"
    },
    {
      "geometry": {
        "coordinates": [
          75.9128340074413,
          22.740086794082714
        ],
        "type": "Point"
      },
      "properties": {
        "anchor_kind": null,
        "anchor_name": null,
        "archetype": "standard",
        "chainage_m": 13916.8,
        "corridor_offset_m": 15.723,
        "id": "line-6-1087-1486-s013917",
        "junction_group": null,
        "line": "line-6",
        "platform_length_m": 121.0
      },
      "type": "Feature"
    },
    {
      "geometry": {
        "coordinates": [
          75.92646830311631,
          22.73630750458914
        ],
        "type": "Point"
      },
      "properties": {
        "anchor_kind": null,
        "anchor_name": null,
        "archetype": "interchange-elevated",
        "chainage_m": 15935.6,
        "corridor_offset_m": 47.033,
        "id": "line-6-1108-1556-s015936",
        "junction_group": 1,
        "line": "line-6",
        "platform_length_m": 121.0
      },
      "type": "Feature"
    },
    {
      "geometry": {
        "coordinates": [
          75.93289589964881,
          22.726049433106578
        ],
        "type": "Point"
      },
      "properties": {
        "anchor_kind": null,
        "anchor_name": null,
        "archetype": "interchange-elevated",
        "chainage_m": 17950.1,
        "corridor_offset_m": 7.25,
        "id": "line-6-1165-1589-s017950",
        "junction_group": 13,
        "line": "line-6",
        "platform_length_m": 121.0
      },
      "type": "Feature"
    },
    {
      "geometry": {
        "coordinates": [
          75.93464888052131,
          22.723529906777525
        ],
        "type": "Point"
      },
      "properties": {
        "anchor_kind": null,
        "anchor_name": null,
        "archetype": "interchange-elevated",
        "chainage_m": 18304.7,
        "corridor_offset_m": 9.761,
        "id": "line-6-1179-1598-s018305",
        "junction_group": 13,
        "line": "line-6",
        "platform_length_m": 121.0
      },
      "type": "Feature"
    },
    {
      "geometry": {
        "coordinates": [
          75.94575109271382,
          22.715071496958572
        ],
        "type": "Point"
      },
      "properties": {
        "anchor_kind": null,
        "anchor_name": null,
        "archetype": "standard",
        "chainage_m": 19956.1,
        "corridor_offset_m": 23.341,
        "id": "line-6-1226-1655-s019956",
        "junction_group": null,
        "line": "line-6",
        "platform_length_m": 121.0
      },
      "type": "Feature"
    },
    {
      "geometry": {
        "coordinates": [
          75.96016449099882,
          22.70643312097326
        ],
        "type": "Point"
      },
      "properties": {
        "anchor_kind": null,
        "anchor_name": null,
        "archetype": "standard",
        "chainage_m": 21967.4,
        "corridor_offset_m": 3.365,
        "id": "line-6-1274-1729-s021967",
        "junction_group": null,
        "line": "line-6",
        "platform_length_m": 121.0
      },
      "type": "Feature"
    },
    {
      "geometry": {
        "coordinates": [
          75.97165625449632,
          22.708052816470502
        ],
        "type": "Point"
      },
      "properties": {
        "anchor_kind": null,
        "anchor_name": null,
        "archetype": "standard",
        "chainage_m": 23460.8,
        "corridor_offset_m": 25.655,
        "id": "line-6-1265-1788-s023461",
        "junction_group": null,
        "line": "line-6",
        "platform_length_m": 121.0
      },
      "type": "Feature"
    },
    {
      "geometry": {
        "coordinates": [
          75.98470622321382,
          22.711832105964078
        ],
        "type": "Point"
      },
      "properties": {
        "anchor_kind": null,
        "anchor_name": null,
        "archetype": "halt",
        "chainage_m": 24974.8,
        "corridor_offset_m": 32.176,
        "id": "line-6-1244-1855-s024975",
        "junction_group": null,
        "line": "line-6",
        "platform_length_m": 117.0
      },
      "type": "Feature"
    },
    {
      "geometry": {
        "coordinates": [
          76.00067782671883,
          22.700854169816076
        ],
        "type": "Point"
      },
      "properties": {
        "anchor_kind": null,
        "anchor_name": null,
        "archetype": "halt",
        "chainage_m": 27994.4,
        "corridor_offset_m": 26.444,
        "id": "line-6-1305-1937-s027994",
        "junction_group": null,
        "line": "line-6",
        "platform_length_m": 117.0
      },
      "type": "Feature"
    },
    {
      "geometry": {
        "coordinates": [
          76.02229792414633,
          22.68735670733902
        ],
        "type": "Point"
      },
      "properties": {
        "anchor_kind": null,
        "anchor_name": null,
        "archetype": "halt",
        "chainage_m": 31002.6,
        "corridor_offset_m": 46.469,
        "id": "line-6-1380-2048-s031003",
        "junction_group": null,
        "line": "line-6",
        "platform_length_m": 117.0
      },
      "type": "Feature"
    },
    {
      "geometry": {
        "coordinates": [
          76.05092994506383,
          22.683217485512724
        ],
        "type": "Point"
      },
      "properties": {
        "anchor_kind": "amenity:hospital",
        "anchor_name": "Index Medical College Hospital and Research Center",
        "archetype": "terminal",
        "chainage_m": 34586.5,
        "corridor_offset_m": 0.0,
        "id": "line-6-1403-2195-s034587",
        "junction_group": null,
        "line": "line-6",
        "platform_length_m": 121.0
      },
      "type": "Feature"
    },
    {
      "geometry": {
        "coordinates": [
          75.68747857749877,
          22.604032372314006
        ],
        "type": "Point"
      },
      "properties": {
        "anchor_kind": "amenity:hospital",
        "anchor_name": "Lekhi Hospital",
        "archetype": "terminal",
        "chainage_m": 0.0,
        "corridor_offset_m": 0.0,
        "id": "line-7-1843-0329-s000000",
        "junction_group": null,
        "line": "line-7",
        "platform_length_m": 121.0
      },
      "type": "Feature"
    },
    {
      "geometry": {
        "coordinates": [
          75.69819123838627,
          22.61716990245834
        ],
        "type": "Point"
      },
      "properties": {
        "anchor_kind": null,
        "anchor_name": null,
        "archetype": "halt",
        "chainage_m": 3003.7,
        "corridor_offset_m": 20.245,
        "id": "line-7-1770-0384-s003004",
        "junction_group": null,
        "line": "line-7",
        "platform_length_m": 117.0
      },
      "type": "Feature"
    },
    {
      "geometry": {
        "coordinates": [
          75.72507027843128,
          22.621849022783717
        ],
        "type": "Point"
      },
      "properties": {
        "anchor_kind": null,
        "anchor_name": null,
        "archetype": "halt",
        "chainage_m": 6012.2,
        "corridor_offset_m": 9.202,
        "id": "line-7-1744-0522-s006012",
        "junction_group": null,
        "line": "line-7",
        "platform_length_m": 117.0
      },
      "type": "Feature"
    },
    {
      "geometry": {
        "coordinates": [
          75.73909412541127,
          22.63804597775618
        ],
        "type": "Point"
      },
      "properties": {
        "anchor_kind": null,
        "anchor_name": null,
        "archetype": "halt",
        "chainage_m": 9029.6,
        "corridor_offset_m": 7.59,
        "id": "line-7-1654-0594-s009030",
        "junction_group": null,
        "line": "line-7",
        "platform_length_m": 117.0
      },
      "type": "Feature"
    },
    {
      "geometry": {
        "coordinates": [
          75.76908957589627,
          22.65244327106504
        ],
        "type": "Point"
      },
      "properties": {
        "anchor_kind": null,
        "anchor_name": null,
        "archetype": "interchange-elevated",
        "chainage_m": 12772.3,
        "corridor_offset_m": 130.924,
        "id": "line-7-1574-0748-s012772",
        "junction_group": 14,
        "line": "line-7",
        "platform_length_m": 121.0
      },
      "type": "Feature"
    },
    {
      "geometry": {
        "coordinates": [
          75.77921790982629,
          22.648663981571467
        ],
        "type": "Point"
      },
      "properties": {
        "anchor_kind": null,
        "anchor_name": null,
        "archetype": "standard",
        "chainage_m": 14049.7,
        "corridor_offset_m": 112.284,
        "id": "line-7-1595-0800-s014050",
        "junction_group": null,
        "line": "line-7",
        "platform_length_m": 121.0
      },
      "type": "Feature"
    },
    {
      "geometry": {
        "coordinates": [
          75.79460518637379,
          22.655862628225893
        ],
        "type": "Point"
      },
      "properties": {
        "anchor_kind": null,
        "anchor_name": null,
        "archetype": "standard",
        "chainage_m": 16077.1,
        "corridor_offset_m": 158.272,
        "id": "line-7-1555-0879-s016077",
        "junction_group": null,
        "line": "line-7",
        "platform_length_m": 121.0
      },
      "type": "Feature"
    },
    {
      "geometry": {
        "coordinates": [
          75.80804470639629,
          22.668820192203867
        ],
        "type": "Point"
      },
      "properties": {
        "anchor_kind": null,
        "anchor_name": null,
        "archetype": "standard",
        "chainage_m": 18100.4,
        "corridor_offset_m": 212.56,
        "id": "line-7-1483-0948-s018100",
        "junction_group": null,
        "line": "line-7",
        "platform_length_m": 121.0
      },
      "type": "Feature"
    },
    {
      "geometry": {
        "coordinates": [
          75.8240163099013,
          22.671699650865637
        ],
        "type": "Point"
      },
      "properties": {
        "anchor_kind": "amenity:hospital",
        "anchor_name": "Dr Anamika Maurya Homoeopathic clinic",
        "archetype": "standard",
        "chainage_m": 20106.1,
        "corridor_offset_m": 201.231,
        "id": "line-7-1467-1030-s020106",
        "junction_group": null,
        "line": "line-7",
        "platform_length_m": 121.0
      },
      "type": "Feature"
    },
    {
      "geometry": {
        "coordinates": [
          75.82888570121379,
          22.68717674117266
        ],
        "type": "Point"
      },
      "properties": {
        "anchor_kind": "amenity:hospital",
        "anchor_name": "Aryan Hospital and Research Centre",
        "archetype": "standard",
        "chainage_m": 22118.1,
        "corridor_offset_m": 194.962,
        "id": "line-7-1381-1055-s022118",
        "junction_group": null,
        "line": "line-7",
        "platform_length_m": 121.0
      },
      "type": "Feature"
    },
    {
      "geometry": {
        "coordinates": [
          75.83161256034879,
          22.69653498182342
        ],
        "type": "Point"
      },
      "properties": {
        "anchor_kind": "amenity:hospital",
        "anchor_name": "Dr KK Sharma Clinic",
        "archetype": "major",
        "chainage_m": 23330.6,
        "corridor_offset_m": 219.35,
        "id": "line-7-1329-1069-s023331",
        "junction_group": null,
        "line": "line-7",
        "platform_length_m": 121.0
      },
      "type": "Feature"
    },
    {
      "geometry": {
        "coordinates": [
          75.8405722403638,
          22.703193729978764
        ],
        "type": "Point"
      },
      "properties": {
        "anchor_kind": "amenity:hospital",
        "anchor_name": "Sehat Hospital",
        "archetype": "major",
        "chainage_m": 24557.1,
        "corridor_offset_m": 224.965,
        "id": "line-7-1292-1115-s024557",
        "junction_group": null,
        "line": "line-7",
        "platform_length_m": 121.0
      },
      "type": "Feature"
    },
    {
      "geometry": {
        "coordinates": [
          75.8581020490888,
          22.705353323975093
        ],
        "type": "Point"
      },
      "properties": {
        "anchor_kind": "amenity:hospital",
        "anchor_name": "Suyog Hospital",
        "archetype": "interchange-elevated",
        "chainage_m": 26567.7,
        "corridor_offset_m": 226.937,
        "id": "line-7-1280-1205-s026568",
        "junction_group": 4,
        "line": "line-7",
        "platform_length_m": 121.0
      },
      "type": "Feature"
    },
    {
      "geometry": {
        "coordinates": [
          75.8664774021463,
          22.710752308965915
        ],
        "type": "Point"
      },
      "properties": {
        "anchor_kind": "amenity:college",
        "anchor_name": null,
        "archetype": "interchange-elevated",
        "chainage_m": 27767.9,
        "corridor_offset_m": 212.316,
        "id": "line-7-1250-1248-s027768",
        "junction_group": 4,
        "line": "line-7",
        "platform_length_m": 121.0
      },
      "type": "Feature"
    },
    {
      "geometry": {
        "coordinates": [
          75.8736841012888,
          22.71741105712126
        ],
        "type": "Point"
      },
      "properties": {
        "anchor_kind": "amenity:hospital",
        "anchor_name": "Sahaj Hospital",
        "archetype": "major",
        "chainage_m": 28995.0,
        "corridor_offset_m": 203.152,
        "id": "line-7-1213-1285-s028995",
        "junction_group": null,
        "line": "line-7",
        "platform_length_m": 121.0
      },
      "type": "Feature"
    },
    {
      "geometry": {
        "coordinates": [
          75.8814751273888,
          22.722630075945723
        ],
        "type": "Point"
      },
      "properties": {
        "anchor_kind": "amenity:hospital",
        "anchor_name": "Batra Hospital",
        "archetype": "interchange-elevated",
        "chainage_m": 30209.0,
        "corridor_offset_m": 156.004,
        "id": "line-7-1184-1325-s030209",
        "junction_group": 3,
        "line": "line-7",
        "platform_length_m": 121.0
      },
      "type": "Feature"
    },
    {
      "geometry": {
        "coordinates": [
          75.8923825639288,
          22.723529906777525
        ],
        "type": "Point"
      },
      "properties": {
        "anchor_kind": "amenity:hospital",
        "anchor_name": "Medicare Hospital",
        "archetype": "major",
        "chainage_m": 31420.1,
        "corridor_offset_m": 138.544,
        "id": "line-7-1179-1381-s031420",
        "junction_group": null,
        "line": "line-7",
        "platform_length_m": 121.0
      },
      "type": "Feature"
    },
    {
      "geometry": {
        "coordinates": [
          75.90075791698631,
          22.725329568441133
        ],
        "type": "Point"
      },
      "properties": {
        "anchor_kind": "amenity:hospital",
        "anchor_name": "Eureka Hospital Pvt. Ltd.",
        "archetype": "major",
        "chainage_m": 32624.4,
        "corridor_offset_m": 41.835,
        "id": "line-7-1169-1424-s032624",
        "junction_group": null,
        "line": "line-7",
        "platform_length_m": 121.0
      },
      "type": "Feature"
    },
    {
      "geometry": {
        "coordinates": [
          75.9116653535263,
          22.728388993269267
        ],
        "type": "Point"
      },
      "properties": {
        "anchor_kind": "amenity:hospital",
        "anchor_name": "Lady Halima Hospital And Research Center",
        "archetype": "standard",
        "chainage_m": 34636.3,
        "corridor_offset_m": 10.348,
        "id": "line-7-1152-1480-s034636",
        "junction_group": null,
        "line": "line-7",
        "platform_length_m": 121.0
      },
      "type": "Feature"
    },
    {
      "geometry": {
        "coordinates": [
          75.92685785442131,
          22.73468780909189
        ],
        "type": "Point"
      },
      "properties": {
        "anchor_kind": null,
        "anchor_name": null,
        "archetype": "interchange-elevated",
        "chainage_m": 36656.0,
        "corridor_offset_m": 40.264,
        "id": "line-7-1117-1558-s036656",
        "junction_group": 1,
        "line": "line-7",
        "platform_length_m": 121.0
      },
      "type": "Feature"
    },
    {
      "geometry": {
        "coordinates": [
          75.93406455356381,
          22.743146218910844
        ],
        "type": "Point"
      },
      "properties": {
        "anchor_kind": "shop:mall",
        "anchor_name": "Pure Home + Living",
        "archetype": "interchange-elevated",
        "chainage_m": 37914.2,
        "corridor_offset_m": 1.34,
        "id": "line-7-1070-1595-s037914",
        "junction_group": 1,
        "line": "line-7",
        "platform_length_m": 121.0
      },
      "type": "Feature"
    },
    {
      "geometry": {
        "coordinates": [
          75.94380333618881,
          22.74620564373898
        ],
        "type": "Point"
      },
      "properties": {
        "anchor_kind": null,
        "anchor_name": null,
        "archetype": "terminal",
        "chainage_m": 39172.2,
        "corridor_offset_m": 6.003,
        "id": "line-7-1053-1645-s039172",
        "junction_group": 1,
        "line": "line-7",
        "platform_length_m": 121.0
      },
      "type": "Feature"
    },
    {
      "geometry": {
        "coordinates": [
          75.79947457768628,
          22.830429809595795
        ],
        "type": "Point"
      },
      "properties": {
        "anchor_kind": "public_transport:station",
        "anchor_name": "Palia",
        "archetype": "halt",
        "chainage_m": 0.0,
        "corridor_offset_m": 0.0,
        "id": "line-8-0585-0904-s000000",
        "junction_group": null,
        "line": "line-8",
        "platform_length_m": 117.0
      },
      "type": "Feature"
    },
    {
      "geometry": {
        "coordinates": [
          75.81135589248879,
          22.819451873447793
        ],
        "type": "Point"
      },
      "properties": {
        "anchor_kind": null,
        "anchor_name": null,
        "archetype": "standard",
        "chainage_m": 2006.5,
        "corridor_offset_m": 0.909,
        "id": "line-8-0646-0965-s002007",
        "junction_group": null,
        "line": "line-8",
        "platform_length_m": 121.0
      },
      "type": "Feature"
    },
    {
      "geometry": {
        "coordinates": [
          75.82927525251878,
          22.82305119677501
        ],
        "type": "Point"
      },
      "properties": {
        "anchor_kind": null,
        "anchor_name": null,
        "archetype": "standard",
        "chainage_m": 4012.2,
        "corridor_offset_m": 86.817,
        "id": "line-8-0626-1057-s004012",
        "junction_group": null,
        "line": "line-8",
        "platform_length_m": 121.0
      },
      "type": "Feature"
    },
    {
      "geometry": {
        "coordinates": [
          75.84115656732129,
          22.821791433610482
        ],
        "type": "Point"
      },
      "properties": {
        "anchor_kind": null,
        "anchor_name": null,
        "archetype": "standard",
        "chainage_m": 5595.3,
        "corridor_offset_m": 58.809,
        "id": "line-8-0633-1118-s005595",
        "junction_group": null,
        "line": "line-8",
        "platform_length_m": 121.0
      },
      "type": "Feature"
    },
    {
      "geometry": {
        "coordinates": [
          75.8530378821238,
          22.815132685455136
        ],
        "type": "Point"
      },
      "properties": {
        "anchor_kind": null,
        "anchor_name": null,
        "archetype": "interchange-elevated",
        "chainage_m": 7166.7,
        "corridor_offset_m": 55.362,
        "id": "line-8-0670-1179-s007167",
        "junction_group": 8,
        "line": "line-8",
        "platform_length_m": 121.0
      },
      "type": "Feature"
    },
    {
      "geometry": {
        "coordinates": [
          75.8668669534513,
          22.814772753122412
        ],
        "type": "Point"
      },
      "properties": {
        "anchor_kind": null,
        "anchor_name": null,
        "archetype": "standard",
        "chainage_m": 8603.2,
        "corridor_offset_m": 105.964,
        "id": "line-8-0672-1250-s008603",
        "junction_group": null,
        "line": "line-8",
        "platform_length_m": 121.0
      },
      "type": "Feature"
    },
    {
      "geometry": {
        "coordinates": [
          75.8808908004313,
          22.814772753122412
        ],
        "type": "Point"
      },
      "properties": {
        "anchor_kind": null,
        "anchor_name": null,
        "archetype": "standard",
        "chainage_m": 10043.2,
        "corridor_offset_m": 180.169,
        "id": "line-8-0672-1322-s010043",
        "junction_group": null,
        "line": "line-8",
        "platform_length_m": 121.0
      },
      "type": "Feature"
    },
    {
      "geometry": {
        "coordinates": [
          75.89881016046131,
          22.8111734297952
        ],
        "type": "Point"
      },
      "properties": {
        "anchor_kind": null,
        "anchor_name": null,
        "archetype": "standard",
        "chainage_m": 12048.9,
        "corridor_offset_m": 240.625,
        "id": "line-8-0692-1414-s012049",
        "junction_group": null,
        "line": "line-8",
        "platform_length_m": 121.0
      },
      "type": "Feature"
    },
    {
      "geometry": {
        "coordinates": [
          75.91614519353381,
          22.812613159126084
        ],
        "type": "Point"
      },
      "properties": {
        "anchor_kind": "public_transport:station",
        "anchor_name": "Mangliyagaon",
        "archetype": "standard",
        "chainage_m": 14058.0,
        "corridor_offset_m": 242.218,
        "id": "line-8-0684-1503-s014058",
        "junction_group": null,
        "line": "line-8",
        "platform_length_m": 121.0
      },
      "type": "Feature"
    },
    {
      "geometry": {
        "coordinates": [
          75.92841605964131,
          22.819631839614154
        ],
        "type": "Point"
      },
      "properties": {
        "anchor_kind": "amenity:hospital",
        "anchor_name": "Norway Ayurvedic Clinic",
        "archetype": "standard",
        "chainage_m": 16058.5,
        "corridor_offset_m": 144.777,
        "id": "line-8-0645-1566-s016059",
        "junction_group": null,
        "line": "line-8",
        "platform_length_m": 121.0
      },
      "type": "Feature"
    },
    {
      "geometry": {
        "coordinates": [
          75.93055859181881,
          22.802535053809883
        ],
        "type": "Point"
      },
      "properties": {
        "anchor_kind": null,
        "anchor_name": null,
        "archetype": "standard",
        "chainage_m": 18061.4,
        "corridor_offset_m": 133.488,
        "id": "line-8-0740-1577-s018061",
        "junction_group": null,
        "line": "line-8",
        "platform_length_m": 121.0
      },
      "type": "Feature"
    },
    {
      "geometry": {
        "coordinates": [
          75.93640186139382,
          22.794976474822732
        ],
        "type": "Point"
      },
      "properties": {
        "anchor_kind": null,
        "anchor_name": null,
        "archetype": "interchange-elevated",
        "chainage_m": 19407.6,
        "corridor_offset_m": 151.266,
        "id": "line-8-0782-1607-s019408",
        "junction_group": 12,
        "line": "line-8",
        "platform_length_m": 121.0
      },
      "type": "Feature"
    },
    {
      "geometry": {
        "coordinates": [
          75.94127125270631,
          22.78615813267106
        ],
        "type": "Point"
      },
      "properties": {
        "anchor_kind": null,
        "anchor_name": null,
        "archetype": "standard",
        "chainage_m": 20711.9,
        "corridor_offset_m": 181.258,
        "id": "line-8-0831-1632-s020712",
        "junction_group": null,
        "line": "line-8",
        "platform_length_m": 121.0
      },
      "type": "Feature"
    },
    {
      "geometry": {
        "coordinates": [
          75.94205035531631,
          22.775000230356692
        ],
        "type": "Point"
      },
      "properties": {
        "anchor_kind": null,
        "anchor_name": null,
        "archetype": "interchange-elevated",
        "chainage_m": 22001.6,
        "corridor_offset_m": 209.841,
        "id": "line-8-0893-1636-s022002",
        "junction_group": 0,
        "line": "line-8",
        "platform_length_m": 121.0
      },
      "type": "Feature"
    },
    {
      "geometry": {
        "coordinates": [
          75.94399811184131,
          22.757903444552426
        ],
        "type": "Point"
      },
      "properties": {
        "anchor_kind": null,
        "anchor_name": null,
        "archetype": "standard",
        "chainage_m": 24109.3,
        "corridor_offset_m": 145.082,
        "id": "line-8-0988-1646-s024109",
        "junction_group": null,
        "line": "line-8",
        "platform_length_m": 121.0
      },
      "type": "Feature"
    },
    {
      "geometry": {
        "coordinates": [
          75.94380333618881,
          22.74620564373898
        ],
        "type": "Point"
      },
      "properties": {
        "anchor_kind": null,
        "anchor_name": null,
        "archetype": "interchange-elevated",
        "chainage_m": 25434.2,
        "corridor_offset_m": 190.334,
        "id": "line-8-1053-1645-s025434",
        "junction_group": 1,
        "line": "line-8",
        "platform_length_m": 121.0
      },
      "type": "Feature"
    },
    {
      "geometry": {
        "coordinates": [
          75.94438766314632,
          22.73432787675917
        ],
        "type": "Point"
      },
      "properties": {
        "anchor_kind": null,
        "anchor_name": null,
        "archetype": "standard",
        "chainage_m": 26779.0,
        "corridor_offset_m": 242.331,
        "id": "line-8-1119-1648-s026779",
        "junction_group": null,
        "line": "line-8",
        "platform_length_m": 121.0
      },
      "type": "Feature"
    },
    {
      "geometry": {
        "coordinates": [
          75.93796006661381,
          22.72622939927294
        ],
        "type": "Point"
      },
      "properties": {
        "anchor_kind": null,
        "anchor_name": null,
        "archetype": "interchange-elevated",
        "chainage_m": 28121.3,
        "corridor_offset_m": 161.636,
        "id": "line-8-1164-1615-s028121",
        "junction_group": 13,
        "line": "line-8",
        "platform_length_m": 121.0
      },
      "type": "Feature"
    },
    {
      "geometry": {
        "coordinates": [
          75.93464888052131,
          22.723529906777525
        ],
        "type": "Point"
      },
      "properties": {
        "anchor_kind": null,
        "anchor_name": null,
        "archetype": "interchange-elevated",
        "chainage_m": 28597.2,
        "corridor_offset_m": 159.775,
        "id": "line-8-1179-1598-s028597",
        "junction_group": 13,
        "line": "line-8",
        "platform_length_m": 121.0
      },
      "type": "Feature"
    },
    {
      "geometry": {
        "coordinates": [
          75.92958471355631,
          22.711652139797717
        ],
        "type": "Point"
      },
      "properties": {
        "anchor_kind": null,
        "anchor_name": null,
        "archetype": "standard",
        "chainage_m": 30132.6,
        "corridor_offset_m": 171.023,
        "id": "line-8-1245-1572-s030133",
        "junction_group": null,
        "line": "line-8",
        "platform_length_m": 121.0
      },
      "type": "Feature"
    },
    {
      "geometry": {
        "coordinates": [
          75.92763695703131,
          22.695635150991613
        ],
        "type": "Point"
      },
      "properties": {
        "anchor_kind": null,
        "anchor_name": null,
        "archetype": "standard",
        "chainage_m": 32144.6,
        "corridor_offset_m": 173.772,
        "id": "line-8-1334-1562-s032145",
        "junction_group": null,
        "line": "line-8",
        "platform_length_m": 121.0
      },
      "type": "Feature"
    },
    {
      "geometry": {
        "coordinates": [
          75.9323115726913,
          22.67979812835187
        ],
        "type": "Point"
      },
      "properties": {
        "anchor_kind": null,
        "anchor_name": null,
        "archetype": "interchange-elevated",
        "chainage_m": 34166.8,
        "corridor_offset_m": 151.363,
        "id": "line-8-1422-1586-s034167",
        "junction_group": 11,
        "line": "line-8",
        "platform_length_m": 121.0
      },
      "type": "Feature"
    },
    {
      "geometry": {
        "coordinates": [
          75.93328545095382,
          22.675478940359213
        ],
        "type": "Point"
      },
      "properties": {
        "anchor_kind": null,
        "anchor_name": null,
        "archetype": "interchange-elevated",
        "chainage_m": 34704.8,
        "corridor_offset_m": 139.858,
        "id": "line-8-1446-1591-s034705",
        "junction_group": 11,
        "line": "line-8",
        "platform_length_m": 121.0
      },
      "type": "Feature"
    },
    {
      "geometry": {
        "coordinates": [
          75.93718096400382,
          22.663961105712126
        ],
        "type": "Point"
      },
      "properties": {
        "anchor_kind": null,
        "anchor_name": null,
        "archetype": "standard",
        "chainage_m": 36167.1,
        "corridor_offset_m": 144.957,
        "id": "line-8-1510-1611-s036167",
        "junction_group": null,
        "line": "line-8",
        "platform_length_m": 121.0
      },
      "type": "Feature"
    },
    {
      "geometry": {
        "coordinates": [
          75.94730929793381,
          22.65010371090235
        ],
        "type": "Point"
      },
      "properties": {
        "anchor_kind": null,
        "anchor_name": null,
        "archetype": "standard",
        "chainage_m": 38184.7,
        "corridor_offset_m": 135.49,
        "id": "line-8-1587-1663-s038185",
        "junction_group": null,
        "line": "line-8",
        "platform_length_m": 121.0
      },
      "type": "Feature"
    },
    {
      "geometry": {
        "coordinates": [
          75.94458243879882,
          22.6274279739409
        ],
        "type": "Point"
      },
      "properties": {
        "anchor_kind": null,
        "anchor_name": null,
        "archetype": "halt",
        "chainage_m": 41191.3,
        "corridor_offset_m": 77.063,
        "id": "line-8-1713-1649-s041191",
        "junction_group": null,
        "line": "line-8",
        "platform_length_m": 117.0
      },
      "type": "Feature"
    },
    {
      "geometry": {
        "coordinates": [
          75.93270112399631,
          22.61069112046935
        ],
        "type": "Point"
      },
      "properties": {
        "anchor_kind": null,
        "anchor_name": null,
        "archetype": "halt",
        "chainage_m": 44194.6,
        "corridor_offset_m": 129.327,
        "id": "line-8-1806-1588-s044195",
        "junction_group": null,
        "line": "line-8",
        "platform_length_m": 117.0
      },
      "type": "Feature"
    },
    {
      "geometry": {
        "coordinates": [
          75.9056273082988,
          22.614290443796566
        ],
        "type": "Point"
      },
      "properties": {
        "anchor_kind": null,
        "anchor_name": null,
        "archetype": "halt",
        "chainage_m": 47203.7,
        "corridor_offset_m": 29.534,
        "id": "line-8-1786-1449-s047204",
        "junction_group": null,
        "line": "line-8",
        "platform_length_m": 117.0
      },
      "type": "Feature"
    },
    {
      "geometry": {
        "coordinates": [
          75.89978403872381,
          22.625988244610014
        ],
        "type": "Point"
      },
      "properties": {
        "anchor_kind": null,
        "anchor_name": null,
        "archetype": "standard",
        "chainage_m": 48763.9,
        "corridor_offset_m": 100.313,
        "id": "line-8-1721-1419-s048764",
        "junction_group": null,
        "line": "line-8",
        "platform_length_m": 121.0
      },
      "type": "Feature"
    },
    {
      "geometry": {
        "coordinates": [
          75.8869288456588,
          22.628147838606342
        ],
        "type": "Point"
      },
      "properties": {
        "anchor_kind": null,
        "anchor_name": null,
        "archetype": "interchange-elevated",
        "chainage_m": 50327.6,
        "corridor_offset_m": 96.549,
        "id": "line-8-1709-1353-s050328",
        "junction_group": 7,
        "line": "line-8",
        "platform_length_m": 121.0
      },
      "type": "Feature"
    },
    {
      "geometry": {
        "coordinates": [
          75.8740736525938,
          22.628327804772702
        ],
        "type": "Point"
      },
      "properties": {
        "anchor_kind": null,
        "anchor_name": null,
        "archetype": "standard",
        "chainage_m": 51771.9,
        "corridor_offset_m": 111.98,
        "id": "line-8-1708-1287-s051772",
        "junction_group": null,
        "line": "line-8",
        "platform_length_m": 121.0
      },
      "type": "Feature"
    },
    {
      "geometry": {
        "coordinates": [
          75.8641400943163,
          22.621849022783717
        ],
        "type": "Point"
      },
      "properties": {
        "anchor_kind": null,
        "anchor_name": null,
        "archetype": "standard",
        "chainage_m": 53240.4,
        "corridor_offset_m": 134.461,
        "id": "line-8-1744-1236-s053240",
        "junction_group": null,
        "line": "line-8",
        "platform_length_m": 121.0
      },
      "type": "Feature"
    },
    {
      "geometry": {
        "coordinates": [
          75.8485580421163,
          22.629227635604508
        ],
        "type": "Point"
      },
      "properties": {
        "anchor_kind": null,
        "anchor_name": null,
        "archetype": "standard",
        "chainage_m": 55248.4,
        "corridor_offset_m": 135.044,
        "id": "line-8-1703-1156-s055248",
        "junction_group": null,
        "line": "line-8",
        "platform_length_m": 121.0
      },
      "type": "Feature"
    },
    {
      "geometry": {
        "coordinates": [
          75.8320021116538,
          22.634266688262606
        ],
        "type": "Point"
      },
      "properties": {
        "anchor_kind": null,
        "anchor_name": null,
        "archetype": "standard",
        "chainage_m": 57263.2,
        "corridor_offset_m": 105.643,
        "id": "line-8-1675-1071-s057263",
        "junction_group": null,
        "line": "line-8",
        "platform_length_m": 121.0
      },
      "type": "Feature"
    },
    {
      "geometry": {
        "coordinates": [
          75.8177834890213,
          22.631387229600836
        ],
        "type": "Point"
      },
      "properties": {
        "anchor_kind": null,
        "anchor_name": null,
        "archetype": "standard",
        "chainage_m": 58855.7,
        "corridor_offset_m": 118.06,
        "id": "line-8-1691-0998-s058856",
        "junction_group": null,
        "line": "line-8",
        "platform_length_m": 121.0
      },
      "type": "Feature"
    },
    {
      "geometry": {
        "coordinates": [
          75.80356486638878,
          22.62976753410359
        ],
        "type": "Point"
      },
      "properties": {
        "anchor_kind": null,
        "anchor_name": null,
        "archetype": "interchange-elevated",
        "chainage_m": 60456.5,
        "corridor_offset_m": 150.378,
        "id": "line-8-1700-0925-s060457",
        "junction_group": 6,
        "line": "line-8",
        "platform_length_m": 121.0
      },
      "type": "Feature"
    },
    {
      "geometry": {
        "coordinates": [
          75.79129400028128,
          22.626168210776374
        ],
        "type": "Point"
      },
      "properties": {
        "anchor_kind": "amenity:university",
        "anchor_name": "F blocb",
        "archetype": "standard",
        "chainage_m": 61882.2,
        "corridor_offset_m": 131.822,
        "id": "line-8-1720-0862-s061882",
        "junction_group": null,
        "line": "line-8",
        "platform_length_m": 121.0
      },
      "type": "Feature"
    },
    {
      "geometry": {
        "coordinates": [
          75.78272387157128,
          22.635166519094412
        ],
        "type": "Point"
      },
      "properties": {
        "anchor_kind": null,
        "anchor_name": null,
        "archetype": "standard",
        "chainage_m": 63305.3,
        "corridor_offset_m": 96.173,
        "id": "line-8-1670-0818-s063305",
        "junction_group": null,
        "line": "line-8",
        "platform_length_m": 121.0
      },
      "type": "Feature"
    },
    {
      "geometry": {
        "coordinates": [
          75.76908957589627,
          22.648304049238742
        ],
        "type": "Point"
      },
      "properties": {
        "anchor_kind": null,
        "anchor_name": null,
        "archetype": "interchange-elevated",
        "chainage_m": 65345.2,
        "corridor_offset_m": 19.592,
        "id": "line-8-1597-0748-s065345",
        "junction_group": 14,
        "line": "line-8",
        "platform_length_m": 121.0
      },
      "type": "Feature"
    },
    {
      "geometry": {
        "coordinates": [
          75.76908957589627,
          22.65244327106504
        ],
        "type": "Point"
      },
      "properties": {
        "anchor_kind": null,
        "anchor_name": null,
        "archetype": "interchange-elevated",
        "chainage_m": 65805.2,
        "corridor_offset_m": 22.495,
        "id": "line-8-1574-0748-s065805",
        "junction_group": 14,
        "line": "line-8",
        "platform_length_m": 121.0
      },
      "type": "Feature"
    },
    {
      "geometry": {
        "coordinates": [
          75.76714181937128,
          22.66468097037757
        ],
        "type": "Point"
      },
      "properties": {
        "anchor_kind": null,
        "anchor_name": null,
        "archetype": "standard",
        "chainage_m": 67364.0,
        "corridor_offset_m": 23.625,
        "id": "line-8-1506-0738-s067364",
        "junction_group": null,
        "line": "line-8",
        "platform_length_m": 121.0
      },
      "type": "Feature"
    },
    {
      "geometry": {
        "coordinates": [
          75.76811569763377,
          22.680877925350035
        ],
        "type": "Point"
      },
      "properties": {
        "anchor_kind": null,
        "anchor_name": null,
        "archetype": "standard",
        "chainage_m": 69371.1,
        "corridor_offset_m": 16.482,
        "id": "line-8-1416-0743-s069371",
        "junction_group": null,
        "line": "line-8",
        "platform_length_m": 121.0
      },
      "type": "Feature"
    },
    {
      "geometry": {
        "coordinates": [
          75.75681870978877,
          22.682677587013643
        ],
        "type": "Point"
      },
      "properties": {
        "anchor_kind": "amenity:hospital",
        "anchor_name": "Choithram Netralaya",
        "archetype": "standard",
        "chainage_m": 71394.2,
        "corridor_offset_m": 43.159,
        "id": "line-8-1406-0685-s071394",
        "junction_group": null,
        "line": "line-8",
        "platform_length_m": 121.0
      },
      "type": "Feature"
    },
    {
      "geometry": {
        "coordinates": [
          75.76499928719377,
          22.69491528632617
        ],
        "type": "Point"
      },
      "properties": {
        "anchor_kind": null,
        "anchor_name": null,
        "archetype": "standard",
        "chainage_m": 73395.9,
        "corridor_offset_m": 87.676,
        "id": "line-8-1338-0727-s073396",
        "junction_group": null,
        "line": "line-8",
        "platform_length_m": 121.0
      },
      "type": "Feature"
    },
    {
      "geometry": {
        "coordinates": [
          75.76402540893127,
          22.712551970629523
        ],
        "type": "Point"
      },
      "properties": {
        "anchor_kind": null,
        "anchor_name": null,
        "archetype": "standard",
        "chainage_m": 75397.3,
        "corridor_offset_m": 19.655,
        "id": "line-8-1240-0722-s075397",
        "junction_group": null,
        "line": "line-8",
        "platform_length_m": 121.0
      },
      "type": "Feature"
    },
    {
      "geometry": {
        "coordinates": [
          75.77220598633627,
          22.722090177446642
        ],
        "type": "Point"
      },
      "properties": {
        "anchor_kind": null,
        "anchor_name": null,
        "archetype": "standard",
        "chainage_m": 77403.6,
        "corridor_offset_m": 18.284,
        "id": "line-8-1187-0764-s077404",
        "junction_group": null,
        "line": "line-8",
        "platform_length_m": 121.0
      },
      "type": "Feature"
    },
    {
      "geometry": {
        "coordinates": [
          75.78233432026629,
          22.735407673757333
        ],
        "type": "Point"
      },
      "properties": {
        "anchor_kind": null,
        "anchor_name": null,
        "archetype": "standard",
        "chainage_m": 79406.1,
        "corridor_offset_m": 24.026,
        "id": "line-8-1113-0816-s079406",
        "junction_group": null,
        "line": "line-8",
        "platform_length_m": 121.0
      },
      "type": "Feature"
    },
    {
      "geometry": {
        "coordinates": [
          75.77551717242878,
          22.7465655760717
        ],
        "type": "Point"
      },
      "properties": {
        "anchor_kind": null,
        "anchor_name": null,
        "archetype": "standard",
        "chainage_m": 81420.0,
        "corridor_offset_m": 11.055,
        "id": "line-8-1051-0781-s081420",
        "junction_group": null,
        "line": "line-8",
        "platform_length_m": 121.0
      },
      "type": "Feature"
    },
    {
      "geometry": {
        "coordinates": [
          75.76733659502378,
          22.761682734046
        ],
        "type": "Point"
      },
      "properties": {
        "anchor_kind": null,
        "anchor_name": null,
        "archetype": "standard",
        "chainage_m": 83448.0,
        "corridor_offset_m": 42.11,
        "id": "line-8-0967-0739-s083448",
        "junction_group": null,
        "line": "line-8",
        "platform_length_m": 121.0
      },
      "type": "Feature"
    },
    {
      "geometry": {
        "coordinates": [
          75.77395896720878,
          22.775540128855777
        ],
        "type": "Point"
      },
      "properties": {
        "anchor_kind": null,
        "anchor_name": null,
        "archetype": "standard",
        "chainage_m": 85451.9,
        "corridor_offset_m": 86.842,
        "id": "line-8-0890-0773-s085452",
        "junction_group": null,
        "line": "line-8",
        "platform_length_m": 121.0
      },
      "type": "Feature"
    },
    {
      "geometry": {
        "coordinates": [
          75.78778803853628,
          22.788317726667387
        ],
        "type": "Point"
      },
      "properties": {
        "anchor_kind": null,
        "anchor_name": null,
        "archetype": "standard",
        "chainage_m": 87460.1,
        "corridor_offset_m": 18.241,
        "id": "line-8-0819-0844-s087460",
        "junction_group": null,
        "line": "line-8",
        "platform_length_m": 121.0
      },
      "type": "Feature"
    },
    {
      "geometry": {
        "coordinates": [
          75.80161710986378,
          22.801095324478997
        ],
        "type": "Point"
      },
      "properties": {
        "anchor_kind": null,
        "anchor_name": null,
        "archetype": "standard",
        "chainage_m": 89468.3,
        "corridor_offset_m": 123.324,
        "id": "line-8-0748-0915-s089468",
        "junction_group": null,
        "line": "line-8",
        "platform_length_m": 121.0
      },
      "type": "Feature"
    },
    {
      "geometry": {
        "coordinates": [
          75.80200666116879,
          22.812433192959723
        ],
        "type": "Point"
      },
      "properties": {
        "anchor_kind": null,
        "anchor_name": null,
        "archetype": "standard",
        "chainage_m": 90976.8,
        "corridor_offset_m": 92.122,
        "id": "line-8-0685-0917-s090977",
        "junction_group": null,
        "line": "line-8",
        "platform_length_m": 121.0
      },
      "type": "Feature"
    }
  ],
  "type": "FeatureCollection"
}
