
                        S T E P       1


                                INCREMENT     1


 displacements (vx,vy,vz) for set ALLN and time  0.1000000E+01

         1 -9.957994E-14 -2.425888E-11  5.583291E-02
         2  0.000000E+00  0.000000E+00  0.000000E+00
         3  4.242623E-12  8.462097E-11 -1.731235E-01
         4  8.278199E-12  2.111397E-10  0.000000E+00
         5  9.625929E-12  2.564197E-10  1.133148E-01
         6  1.097201E-11  3.076874E-10  0.000000E+00
         7  1.456454E-11  4.666711E-10 -3.408442E-01
         8  1.797822E-11  6.452528E-10  0.000000E+00
         9  1.908612E-11  7.097220E-10  1.156078E-01
        10  2.016971E-11  7.767323E-10  0.000000E+00
        11  2.318402E-11  9.837121E-10 -3.475013E-01
        12  2.600707E-11  1.206421E-09  0.000000E+00
        13  2.690100E-11  1.285552E-09  1.165228E-01
        14  2.776391E-11  1.366350E-09  0.000000E+00
        15  3.020376E-11  1.612491E-09 -3.483618E-01
        16  3.243067E-11  1.871114E-09  0.000000E+00
        17  3.313831E-11  1.961901E-09  1.165806E-01
        18  3.381655E-11  2.053962E-09  0.000000E+00
        19  3.567829E-11  2.330820E-09 -3.484527E-01
        20  3.734744E-11  2.617089E-09  0.000000E+00
        21  3.787038E-11  2.716663E-09  1.166094E-01
        22  3.836799E-11  2.817170E-09  0.000000E+00
        23  3.971090E-11  3.116897E-09 -3.487451E-01
        24  4.088305E-11  3.423337E-09  0.000000E+00
        25  4.123437E-11  3.529154E-09  1.168715E-01
        26  4.155867E-11  3.635593E-09  0.000000E+00
        27  4.241249E-11  3.951052E-09 -3.520037E-01
        28  4.310483E-11  4.270585E-09  0.000000E+00
        29  4.330350E-11  4.380363E-09  1.198493E-01
        30  4.348038E-11  4.490484E-09  0.000000E+00
        31  4.389636E-11  4.814916E-09 -3.890781E-01
        32  4.417250E-11  5.141140E-09  0.000000E+00
        33  4.423501E-11  5.252713E-09  1.537337E-01
        34  4.427798E-11  5.364363E-09  0.000000E+00
        35  4.433279E-11  5.691621E-09 -8.109545E-01
        36  4.433540E-11  6.018674E-09  0.000000E+00
        37  4.433230E-11  6.130275E-09  7.652530E-01
        38 -3.342062E-11 -2.511365E-11  1.614137E-01
        39 -3.361599E-11 -5.762472E-14  0.000000E+00
        40 -3.769585E-11  8.623610E-11 -3.020573E-01
        41 -4.186053E-11  2.090245E-10  0.000000E+00
        42 -4.315992E-11  2.585473E-10  1.020494E-01
        43 -4.439609E-11  3.068525E-10  0.000000E+00
        44 -4.807700E-11  4.669292E-10 -3.365379E-01
        45 -5.148721E-11  6.449254E-10  0.000000E+00
        46 -5.259167E-11  7.100477E-10  1.159969E-01
        47 -5.365815E-11  7.766050E-10  0.000000E+00
        48 -5.668739E-11  9.837525E-10 -3.476507E-01
        49 -5.950873E-11  1.206367E-09  0.000000E+00
        50 -6.040267E-11  1.285572E-09  1.165094E-01
        51 -6.126309E-11  1.366329E-09  0.000000E+00
        52 -6.370385E-11  1.612494E-09 -3.483561E-01
        53 -6.593159E-11  1.871104E-09  0.000000E+00
        54 -6.663947E-11  1.961910E-09  1.165811E-01
        55 -6.731742E-11  2.053959E-09  0.000000E+00
        56 -6.918116E-11  2.330822E-09 -3.484528E-01
        57 -7.085729E-11  2.617086E-09  0.000000E+00
        58 -7.138264E-11  2.716664E-09  1.166093E-01
        59 -7.188221E-11  2.817169E-09  0.000000E+00
        60 -7.323133E-11  3.116893E-09 -3.487451E-01
        61 -7.440963E-11  3.423336E-09  0.000000E+00
        62 -7.476304E-11  3.529154E-09  1.168715E-01
        63 -7.508928E-11  3.635591E-09  0.000000E+00
        64 -7.594988E-11  3.951045E-09 -3.520037E-01
        65 -7.664602E-11  4.270585E-09  0.000000E+00
        66 -7.684661E-11  4.380363E-09  1.198493E-01
        67 -7.702421E-11  4.490483E-09  0.000000E+00
        68 -7.744462E-11  4.814911E-09 -3.890781E-01
        69 -7.772424E-11  5.141140E-09  0.000000E+00
        70 -7.778803E-11  5.252714E-09  1.537337E-01
        71 -7.783323E-11  5.364360E-09  0.000000E+00
        72 -7.789176E-11  5.691617E-09 -8.109545E-01
        73 -7.789252E-11  6.018681E-09  0.000000E+00
        74 -7.789413E-11  6.130280E-09  7.652530E-01
        75  0.000000E+00  0.000000E+00  0.000000E+00
        76  0.000000E+00  0.000000E+00  0.000000E+00
        77  0.000000E+00  0.000000E+00  0.000000E+00
        78  0.000000E+00  0.000000E+00  0.000000E+00
        79  0.000000E+00  0.000000E+00  0.000000E+00
        80  0.000000E+00  0.000000E+00  0.000000E+00
        81  0.000000E+00  0.000000E+00  0.000000E+00
        82  0.000000E+00  0.000000E+00  0.000000E+00
        83  0.000000E+00  0.000000E+00  0.000000E+00
        84  0.000000E+00  0.000000E+00  0.000000E+00
        85  0.000000E+00  0.000000E+00  0.000000E+00
        86  0.000000E+00  0.000000E+00  0.000000E+00
        87  0.000000E+00  0.000000E+00  0.000000E+00
        88  0.000000E+00  0.000000E+00  0.000000E+00
        89  0.000000E+00  0.000000E+00  0.000000E+00
        90  0.000000E+00  0.000000E+00  0.000000E+00
        91  0.000000E+00  0.000000E+00  0.000000E+00
        92  0.000000E+00  0.000000E+00  0.000000E+00
        93  0.000000E+00  0.000000E+00  0.000000E+00
        94  0.000000E+00  0.000000E+00  0.000000E+00
        95  0.000000E+00  0.000000E+00  0.000000E+00
        96  0.000000E+00  0.000000E+00  0.000000E+00
        97  0.000000E+00  0.000000E+00  0.000000E+00
        98  0.000000E+00  0.000000E+00  0.000000E+00
        99  0.000000E+00  0.000000E+00  0.000000E+00
       100  0.000000E+00  0.000000E+00  0.000000E+00
       101  0.000000E+00  0.000000E+00  0.000000E+00
       102  0.000000E+00  0.000000E+00  0.000000E+00
       103  0.000000E+00  0.000000E+00  0.000000E+00
       104  0.000000E+00  0.000000E+00  0.000000E+00
       105  0.000000E+00  0.000000E+00  0.000000E+00
       106  0.000000E+00  0.000000E+00  0.000000E+00
       107  0.000000E+00  0.000000E+00  0.000000E+00
       108  0.000000E+00  0.000000E+00  0.000000E+00
       109  0.000000E+00  0.000000E+00  0.000000E+00
       110  0.000000E+00  0.000000E+00  0.000000E+00
       111  0.000000E+00  0.000000E+00  0.000000E+00
       112  0.000000E+00  0.000000E+00  0.000000E+00
       113  0.000000E+00  0.000000E+00  0.000000E+00
       114  0.000000E+00  0.000000E+00  0.000000E+00
       115  0.000000E+00  0.000000E+00  0.000000E+00
       116  0.000000E+00  0.000000E+00  0.000000E+00
       117  0.000000E+00  0.000000E+00  0.000000E+00
       118  0.000000E+00  0.000000E+00  0.000000E+00
       119  0.000000E+00  0.000000E+00  0.000000E+00
       120  0.000000E+00  0.000000E+00  0.000000E+00
       121  0.000000E+00  0.000000E+00  0.000000E+00
       122  0.000000E+00  0.000000E+00  0.000000E+00
       123  0.000000E+00  0.000000E+00  0.000000E+00
       124  0.000000E+00  0.000000E+00  0.000000E+00
       125  0.000000E+00  0.000000E+00  0.000000E+00
       126  0.000000E+00  0.000000E+00  0.000000E+00
       127  0.000000E+00  0.000000E+00  0.000000E+00
       128  0.000000E+00  0.000000E+00  0.000000E+00
       129  0.000000E+00  0.000000E+00  0.000000E+00
       130  0.000000E+00  0.000000E+00  0.000000E+00
       131  0.000000E+00  0.000000E+00  0.000000E+00
       132  0.000000E+00  0.000000E+00  0.000000E+00
       133  0.000000E+00  0.000000E+00  0.000000E+00
       134  0.000000E+00  0.000000E+00  0.000000E+00
       135  0.000000E+00  0.000000E+00  0.000000E+00
       136  0.000000E+00  0.000000E+00  0.000000E+00
       137  0.000000E+00  0.000000E+00  0.000000E+00
       138  0.000000E+00  0.000000E+00  0.000000E+00
       139  0.000000E+00  0.000000E+00  0.000000E+00
       140  0.000000E+00  0.000000E+00  0.000000E+00
       141  0.000000E+00  0.000000E+00  0.000000E+00
       142  0.000000E+00  0.000000E+00  0.000000E+00
       143  0.000000E+00  0.000000E+00  0.000000E+00
       144  0.000000E+00  0.000000E+00  0.000000E+00
       145  0.000000E+00  0.000000E+00  0.000000E+00
       146  0.000000E+00  0.000000E+00  0.000000E+00
       147  0.000000E+00  0.000000E+00  0.000000E+00
       148  0.000000E+00  0.000000E+00  0.000000E+00
       149  0.000000E+00  0.000000E+00  0.000000E+00
       150  0.000000E+00  0.000000E+00  0.000000E+00
       151  0.000000E+00  0.000000E+00  0.000000E+00
       152  0.000000E+00  0.000000E+00  0.000000E+00
       153  0.000000E+00  0.000000E+00  0.000000E+00
       154  0.000000E+00  0.000000E+00  0.000000E+00
       155  0.000000E+00  0.000000E+00  0.000000E+00
       156  0.000000E+00  0.000000E+00  0.000000E+00
       157  0.000000E+00  0.000000E+00  0.000000E+00
       158  0.000000E+00  0.000000E+00  0.000000E+00
       159  0.000000E+00  0.000000E+00  0.000000E+00
       160  0.000000E+00  0.000000E+00  0.000000E+00
       161  0.000000E+00  0.000000E+00  0.000000E+00
       162  0.000000E+00  0.000000E+00  0.000000E+00

 stresses (elem, integ.pnt.,sxx,syy,szz,sxy,sxz,syz) for set ALLE and time  0.1000000E+01

         1   1 -4.322432E-01 -1.296730E-01  1.084728E-10  1.273957E-01 -2.416881E-01 -1.204090E-14
         1   2 -4.322432E-01 -1.296730E-01  6.557033E-11  1.273957E-01 -2.416881E-01  5.473136E-15
         1   3 -4.322432E-01 -1.296730E-01 -7.460366E-11  1.273957E-01  1.796975E-01 -1.094627E-14
         1   4 -4.322432E-01 -1.296730E-01 -1.172555E-10  1.273957E-01  1.796975E-01  1.368284E-15
         1   5  4.322432E-01  1.296730E-01  1.084642E-10 -1.273957E-01 -2.416881E-01  1.368284E-14
         1   6  4.322432E-01  1.296730E-01  6.556961E-11 -1.273957E-01 -2.416881E-01 -2.052426E-14
         1   7  4.322432E-01  1.296730E-01 -7.460457E-11 -1.273957E-01  1.796975E-01  1.094627E-14
         1   8  4.322432E-01  1.296730E-01 -1.172564E-10 -1.273957E-01  1.796975E-01 -1.368284E-14
         2   1  1.538536E-01  4.615607E-02 -2.578086E-11  5.458480E-02 -1.577771E-01 -5.473136E-16
         2   2  1.538536E-01  4.615607E-02 -4.398500E-11  5.458480E-02 -1.577771E-01  1.094627E-14
         2   3  1.538536E-01  4.615607E-02  4.867756E-11  5.458480E-02  2.277265E-02 -1.778769E-15
         2   4  1.538536E-01  4.615607E-02  3.038510E-11  5.458480E-02  2.277265E-02  9.851645E-15
         2   5 -1.538536E-01 -4.615607E-02 -2.578192E-11 -5.458480E-02 -1.577771E-01  1.368284E-16
         2   6 -1.538536E-01 -4.615607E-02 -4.397636E-11 -5.458480E-02 -1.577771E-01  8.209704E-15
         2   7 -1.538536E-01 -4.615607E-02  4.867746E-11 -5.458480E-02  2.277265E-02 -9.577988E-16
         2   8 -1.538536E-01 -4.615607E-02  3.038231E-11 -5.458480E-02  2.277265E-02  6.020450E-15
         3   1 -4.627140E-01 -1.388142E-01  8.407885E-12 -5.383513E-02  1.399998E-01 -8.757018E-15
         3   2 -4.627140E-01 -1.388142E-01  3.140968E-11 -5.383513E-02  1.399998E-01  1.833501E-14
         3   3 -4.627140E-01 -1.388142E-01 -2.378059E-11 -5.383513E-02 -3.807021E-02 -3.283882E-15
         3   4 -4.627140E-01 -1.388142E-01 -9.223733E-13 -5.383513E-02 -3.807021E-02  2.038743E-14
         3   5  4.627140E-01  1.388142E-01  8.406248E-12  5.383513E-02  1.399998E-01 -1.204090E-14
         3   6  4.627140E-01  1.388142E-01  3.140610E-11  5.383513E-02  1.399998E-01  2.216620E-14
         3   7  4.627140E-01  1.388142E-01 -2.378223E-11  5.383513E-02 -3.807021E-02 -4.925822E-15
         3   8  4.627140E-01  1.388142E-01 -9.270640E-13  5.383513E-02 -3.807021E-02  2.189254E-14
         4   1  9.087474E-01  2.726242E-01 -3.548295E-11  1.157799E-02 -6.905409E-02  1.522216E-15
         4   2  9.087474E-01  2.726242E-01 -6.036438E-11  1.157799E-02 -6.905409E-02  2.798141E-14
         4   3  9.087474E-01  2.726242E-01  5.887396E-11  1.157799E-02 -3.075768E-02  8.209704E-16
         4   4  9.087474E-01  2.726242E-01  3.370076E-11  1.157799E-02 -3.075768E-02  3.010225E-14
         4   5 -9.087474E-01 -2.726242E-01 -3.548017E-11 -1.157799E-02 -6.905409E-02 -1.830080E-15
         4   6 -9.087474E-01 -2.726242E-01 -6.036316E-11 -1.157799E-02 -6.905409E-02  3.372820E-14
         4   7 -9.087474E-01 -2.726242E-01  5.887568E-11 -1.157799E-02 -3.075768E-02 -1.299870E-15
         4   8 -9.087474E-01 -2.726242E-01  3.370598E-11 -1.157799E-02 -3.075768E-02  3.625953E-14
         5   1  8.914794E-01  2.674438E-01 -7.198131E-13 -1.323672E-02  7.004718E-02 -8.209704E-16
         5   2  8.914794E-01  2.674438E-01  2.000689E-11 -1.323672E-02  7.004718E-02 -3.489124E-14
         5   3  8.914794E-01  2.674438E-01 -3.265843E-11 -1.323672E-02  2.626419E-02 -3.044432E-15
         5   4  8.914794E-01  2.674438E-01 -1.167616E-11 -1.323672E-02  2.626419E-02 -3.463469E-14
         5   5 -8.914794E-01 -2.674438E-01 -6.799006E-13  1.323672E-02  7.004718E-02  4.207473E-15
         5   6 -8.914794E-01 -2.674438E-01  2.002487E-11  1.323672E-02  7.004718E-02 -3.458338E-14
         5   7 -8.914794E-01 -2.674438E-01 -3.262618E-11  1.323672E-02  2.626419E-02  3.796988E-15
         5   8 -8.914794E-01 -2.674438E-01 -1.165890E-11  1.323672E-02  2.626419E-02 -3.572932E-14
         6   1 -3.027141E-01 -9.081422E-02 -1.176975E-12 -1.954891E-03 -4.244391E-02 -1.289180E-15
         6   2 -3.027141E-01 -9.081422E-02 -7.471468E-12 -1.954891E-03 -4.244391E-02 -4.446923E-14
         6   3 -3.027141E-01 -9.081422E-02  1.591893E-11 -1.954891E-03 -4.891009E-02 -8.337981E-16
         6   4 -3.027141E-01 -9.081422E-02  9.151263E-12 -1.954891E-03 -4.891009E-02 -4.414426E-14
         6   5  3.027141E-01  9.081422E-02 -1.178974E-12  1.954892E-03 -4.244391E-02 -1.573527E-15
         6   6  3.027141E-01  9.081422E-02 -7.479073E-12  1.954892E-03 -4.244391E-02 -3.627663E-14
         6   7  3.027141E-01  9.081422E-02  1.591113E-11  1.954892E-03 -4.891009E-02 -3.375813E-15
         6   8  3.027141E-01  9.081422E-02  9.181822E-12  1.954892E-03 -4.891009E-02 -4.465737E-14
         7   1 -3.152804E-01 -9.458413E-02 -3.144457E-12  1.768804E-03  4.249517E-02  1.789031E-14
         7   2 -3.152804E-01 -9.458413E-02  2.963518E-12  1.768804E-03  4.249517E-02  2.877672E-14
         7   3 -3.152804E-01 -9.458413E-02 -1.631889E-12  1.768804E-03  4.834583E-02  2.777617E-14
         7   4 -3.152804E-01 -9.458413E-02  4.740430E-12  1.768804E-03  4.834583E-02  3.701636E-14
         7   5  3.152804E-01  9.458413E-02 -3.143957E-12 -1.768804E-03  4.249517E-02  1.571816E-14
         7   6  3.152804E-01  9.458413E-02  2.979395E-12 -1.768804E-03  4.249517E-02  3.764491E-14
         7   7  3.152804E-01  9.458413E-02 -1.677325E-12 -1.768804E-03  4.834583E-02  3.222309E-14
         7   8  3.152804E-01  9.458413E-02  4.748646E-12 -1.768804E-03  4.834583E-02  4.528592E-14
         8   1  9.108817E-01  2.732645E-01 -6.724288E-12 -4.202909E-04 -4.471964E-02  3.077089E-14
         8   2  9.108817E-01  2.732645E-01 -9.742318E-12 -4.202909E-04 -4.471964E-02 -1.412753E-14
         8   3  9.108817E-01  2.732645E-01  1.287648E-11 -4.202909E-04 -4.610984E-02  3.062177E-14
         8   4  9.108817E-01  2.732645E-01  1.062073E-11 -4.202909E-04 -4.610984E-02 -1.430177E-14
         8   5 -9.108817E-01 -2.732645E-01 -6.720513E-12  4.202909E-04 -4.471964E-02  3.408310E-14
         8   6 -9.108817E-01 -2.732645E-01 -9.716783E-12  4.202909E-04 -4.471964E-02 -1.561020E-14
         8   7 -9.108817E-01 -2.732645E-01  1.287925E-11  4.202909E-04 -4.610984E-02  3.390191E-14
         8   8 -9.108817E-01 -2.732645E-01  1.062739E-11  4.202909E-04 -4.610984E-02 -1.577375E-14
         9   1  9.240873E-01  2.772262E-01 -1.737221E-12  4.455895E-04  4.563960E-02 -1.211145E-15
         9   2  9.240873E-01  2.772262E-01  1.687595E-12  4.455895E-04  4.563960E-02  9.401340E-15
         9   3  9.240873E-01  2.772262E-01  3.980705E-13  4.455895E-04  4.711347E-02 -2.452221E-15
         9   4  9.240873E-01  2.772262E-01  3.720246E-12  4.455895E-04  4.711347E-02  8.027177E-15
         9   5 -9.240873E-01 -2.772262E-01 -1.740330E-12 -4.455895E-04  4.563960E-02  2.885155E-15
         9   6 -9.240873E-01 -2.772262E-01  1.695699E-12 -4.455895E-04  4.563960E-02  9.687558E-15
         9   7 -9.240873E-01 -2.772262E-01  4.181655E-13 -4.455895E-04  4.711347E-02  1.653699E-15
         9   8 -9.240873E-01 -2.772262E-01  3.721190E-12 -4.455895E-04  4.711347E-02  8.451559E-15
        10   1 -3.138035E-01 -9.414104E-02 -2.648493E-12  6.150289E-05 -4.614948E-02  6.198968E-15
        10   2 -3.138035E-01 -9.414104E-02 -2.548323E-12  6.150289E-05 -4.614948E-02  7.549079E-15
        10   3 -3.138035E-01 -9.414104E-02  6.109613E-12  6.150289E-05 -4.594604E-02  2.145427E-15
        10   4 -3.138035E-01 -9.414104E-02  6.140144E-12  6.150289E-05 -4.594604E-02  6.234244E-15
        10   5  3.138035E-01  9.414104E-02 -2.706307E-12 -6.150289E-05 -4.614948E-02 -1.857339E-16
        10   6  3.138035E-01  9.414104E-02 -2.552458E-12 -6.150289E-05 -4.614948E-02  3.847230E-15
        10   7  3.138035E-01  9.414104E-02  6.051853E-12 -6.150289E-05 -4.594604E-02 -3.692229E-15
        10   8  3.138035E-01  9.414104E-02  6.051770E-12 -6.150289E-05 -4.594604E-02  9.099623E-15
        11   1 -3.163199E-01 -9.489598E-02 -3.417239E-12 -6.514104E-05  4.609235E-02 -8.323549E-15
        11   2 -3.163199E-01 -9.489598E-02 -1.303957E-12 -6.514104E-05  4.609235E-02  1.753247E-14
        11   3 -3.163199E-01 -9.489598E-02  2.239292E-12 -6.514104E-05  4.587688E-02 -7.708356E-15
        11   4 -3.163199E-01 -9.489598E-02  4.193618E-12 -6.514104E-05  4.587688E-02  2.033879E-14
        11   5  3.163199E-01  9.489598E-02 -3.436945E-12  6.514104E-05  4.609235E-02 -1.686677E-14
        11   6  3.163199E-01  9.489598E-02 -1.331241E-12  6.514104E-05  4.609235E-02  2.157987E-14
        11   7  3.163199E-01  9.489598E-02  2.219475E-12  6.514104E-05  4.587688E-02 -5.305307E-15
        11   8  3.163199E-01  9.489598E-02  4.181433E-12  6.514104E-05  4.587688E-02  2.657411E-14
        12   1  9.243629E-01  2.773089E-01 -1.815714E-12  1.205769E-05 -4.600182E-02 -1.105284E-15
        12   2  9.243629E-01  2.773089E-01  3.061773E-12  1.205769E-05 -4.600182E-02  1.192966E-14
        12   3  9.243629E-01  2.773089E-01  5.129952E-12  1.205769E-05 -4.596194E-02 -7.275690E-17
        12   4  9.243629E-01  2.773089E-01  9.944379E-12  1.205769E-05 -4.596194E-02  1.296235E-14
        12   5 -9.243629E-01 -2.773089E-01 -1.815992E-12 -1.205769E-05 -4.600182E-02 -7.073921E-16
        12   6 -9.243629E-01 -2.773089E-01  3.065936E-12 -1.205769E-05 -4.600182E-02  1.782531E-14
        12   7 -9.243629E-01 -2.773089E-01  5.130563E-12 -1.205769E-05 -4.596194E-02  3.253349E-16
        12   8 -9.243629E-01 -2.773089E-01  9.941215E-12 -1.205769E-05 -4.596194E-02  1.885827E-14
        13   1  9.250259E-01  2.775078E-01  2.258971E-12 -1.658491E-05  4.605401E-02 -2.470795E-14
        13   2  9.250259E-01  2.775078E-01 -2.852163E-13 -1.658491E-05  4.605401E-02  1.840232E-14
        13   3  9.250259E-01  2.775078E-01  8.796686E-12 -1.658491E-05  4.599915E-02 -2.210012E-14
        13   4  9.250259E-01  2.775078E-01  5.984990E-12 -1.658491E-05  4.599915E-02  1.813634E-14
        13   5 -9.250259E-01 -2.775078E-01  2.246703E-12  1.658491E-05  4.605401E-02 -2.059074E-14
        13   6 -9.250259E-01 -2.775078E-01 -2.873257E-13  1.658491E-05  4.605401E-02  1.882399E-14
        13   7 -9.250259E-01 -2.775078E-01  8.795742E-12  1.658491E-05  4.599915E-02 -2.072008E-14
        13   8 -9.250259E-01 -2.775078E-01  5.980327E-12  1.658491E-05  4.599915E-02  1.869502E-14
        14   1 -3.157625E-01 -9.472875E-02 -3.320455E-12 -2.774302E-06 -4.599746E-02 -2.767822E-15
        14   2 -3.157625E-01 -9.472875E-02 -1.475764E-12 -2.774302E-06 -4.599746E-02 -1.455255E-15
        14   3 -3.157625E-01 -9.472875E-02  3.480799E-12 -2.774302E-06 -4.600663E-02 -5.930615E-15
        14   4 -3.157625E-01 -9.472875E-02  5.009326E-12 -2.774302E-06 -4.600663E-02 -4.618176E-15
        14   5  3.157625E-01  9.472875E-02 -3.318290E-12  2.774305E-06 -4.599746E-02  4.012379E-15
        14   6  3.157625E-01  9.472875E-02 -1.469658E-12  2.774305E-06 -4.599746E-02 -1.679906E-15
        14   7  3.157625E-01  9.472875E-02  3.486877E-12  2.774305E-06 -4.600663E-02  8.494286E-16
        14   8  3.157625E-01  9.472875E-02  4.992395E-12  2.774305E-06 -4.600663E-02 -1.359991E-14
        15   1 -3.159395E-01 -9.478186E-02 -2.871953E-12  2.216191E-06  4.599412E-02 -4.174853E-15
        15   2 -3.159395E-01 -9.478186E-02 -1.132067E-12  2.216191E-06  4.599412E-02 -1.348232E-15
        15   3 -3.159395E-01 -9.478186E-02  2.030209E-12  2.216191E-06  4.600145E-02 -7.777054E-15
        15   4 -3.159395E-01 -9.478186E-02  3.865935E-12  2.216191E-06  4.600145E-02 -5.497726E-15
        15   5  3.159395E-01  9.478186E-02 -2.854911E-12 -2.216189E-06  4.599412E-02 -1.391045E-14
        15   6  3.159395E-01  9.478186E-02 -1.114941E-12 -2.216189E-06  4.599412E-02  2.599013E-15
        15   7  3.159395E-01  9.478186E-02  2.047196E-12 -2.216189E-06  4.600145E-02 -1.751260E-14
        15   8  3.159395E-01  9.478186E-02  3.882894E-12 -2.216189E-06  4.600145E-02 -1.003184E-15
        16   1  9.250972E-01  2.775292E-01 -1.932787E-12 -6.281554E-07 -4.599571E-02 -1.013810E-14
        16   2  9.250972E-01  2.775292E-01 -4.324319E-13 -6.281554E-07 -4.599571E-02 -4.241499E-15
        16   3  9.250972E-01  2.775292E-01  2.803813E-12 -6.281554E-07 -4.599779E-02 -1.096848E-14
        16   4  9.250972E-01  2.775292E-01  4.363621E-12 -6.281554E-07 -4.599779E-02 -3.429951E-15
        16   5 -9.250972E-01 -2.775292E-01 -1.917133E-12  6.281586E-07 -4.599571E-02 -8.508561E-15
        16   6 -9.250972E-01 -2.775292E-01 -4.188871E-13  6.281586E-07 -4.599571E-02 -3.877230E-15
        16   7 -9.250972E-01 -2.775292E-01  2.817468E-12  6.281586E-07 -4.599779E-02 -1.043357E-14
        16   8 -9.250972E-01 -2.775292E-01  4.365897E-12  6.281586E-07 -4.599779E-02 -3.065676E-15
        17   1  9.251982E-01  2.775594E-01 -1.200651E-12  5.386739E-07  4.600310E-02  1.544750E-15
        17   2  9.251982E-01  2.775594E-01 -8.903434E-13  5.386739E-07  4.600310E-02  1.963931E-15
        17   3  9.251982E-01  2.775594E-01  4.091172E-12  5.386739E-07  4.600488E-02 -7.889305E-17
        17   4  9.251982E-01  2.775594E-01  4.411860E-12  5.386739E-07  4.600488E-02  8.876024E-16
        17   5 -9.251982E-01 -2.775594E-01 -1.206035E-12 -5.386713E-07  4.600310E-02 -6.927334E-16
        17   6 -9.251982E-01 -2.775594E-01 -8.979484E-13 -5.386713E-07  4.600310E-02 -1.641837E-15
        17   7 -9.251982E-01 -2.775594E-01  4.104883E-12 -5.386713E-07  4.600488E-02  4.201936E-16
        17   8 -9.251982E-01 -2.775594E-01  4.417910E-12 -5.386713E-07  4.600488E-02 -2.718162E-15
        18   1 -3.158916E-01 -9.476747E-02 -2.071010E-12  5.555692E-08 -4.600166E-02 -1.392883E-15
        18   2 -3.158916E-01 -9.476747E-02 -9.200141E-13  5.555692E-08 -4.600166E-02 -1.025951E-14
        18   3 -3.158916E-01 -9.476747E-02  2.699341E-12  5.555692E-08 -4.600148E-02 -3.383108E-16
        18   4 -3.158916E-01 -9.476747E-02  3.858414E-12  5.555692E-08 -4.600148E-02 -2.637174E-15
        18   5  3.158916E-01  9.476747E-02 -2.101624E-12 -5.555421E-08 -4.600166E-02 -2.969241E-15
        18   6  3.158916E-01  9.476747E-02 -9.505452E-13 -5.555421E-08 -4.600166E-02 -9.006842E-15
        18   7  3.158916E-01  9.476747E-02  2.668754E-12 -5.555421E-08 -4.600148E-02 -1.914669E-15
        18   8  3.158916E-01  9.476747E-02  3.827771E-12 -5.555421E-08 -4.600148E-02  8.047542E-16
        19   1 -3.159768E-01 -9.479303E-02 -2.404910E-12 -9.882653E-08  4.599965E-02 -9.074880E-15
        19   2 -3.159768E-01 -9.479303E-02 -7.975842E-13 -9.882652E-08  4.599965E-02 -2.953017E-15
        19   3 -3.159768E-01 -9.479303E-02  1.297601E-12 -9.882653E-08  4.599933E-02 -7.229376E-15
        19   4 -3.159768E-01 -9.479303E-02  2.960521E-12 -9.882652E-08  4.599933E-02 -1.107510E-15
        19   5  3.159768E-01  9.479303E-02 -2.430334E-12  9.882901E-08  4.599965E-02 -1.564264E-14
        19   6  3.159768E-01  9.479303E-02 -8.228973E-13  9.882901E-08  4.599965E-02 -1.311077E-15
        19   7  3.159768E-01  9.479303E-02  1.272205E-12  9.882901E-08  4.599933E-02 -1.379714E-14
        19   8  3.159768E-01  9.479303E-02  2.950445E-12  9.882901E-08  4.599933E-02 -1.654825E-15
        20   1  9.252249E-01  2.775675E-01 -1.278755E-12  6.896822E-09 -4.598989E-02  9.230345E-16
        20   2  9.252249E-01  2.775675E-01 -8.953949E-14  6.896821E-09 -4.598989E-02 -2.655641E-15
        20   3  9.252249E-01  2.775675E-01  1.894263E-12  6.896822E-09 -4.598987E-02  2.340148E-16
        20   4  9.252249E-01  2.775675E-01  3.053002E-12  6.896821E-09 -4.598987E-02 -3.344660E-15
        20   5 -9.252249E-01 -2.775675E-01 -1.282752E-12 -6.894365E-09 -4.598989E-02 -5.702326E-16
        20   6 -9.252249E-01 -2.775675E-01 -1.034728E-13 -6.894365E-09 -4.598989E-02 -5.670778E-15
        20   7 -9.252249E-01 -2.775675E-01  1.888656E-12 -6.894365E-09 -4.598987E-02 -7.119392E-16
        20   8 -9.252249E-01 -2.775675E-01  3.043510E-12 -6.894365E-09 -4.598987E-02 -6.359797E-15
        21   1  9.255225E-01  2.776567E-01 -1.039779E-12 -2.780013E-08  4.601120E-02 -8.661775E-16
        21   2  9.255225E-01  2.776567E-01 -6.293854E-13 -2.780013E-08  4.601120E-02 -5.021427E-15
        21   3  9.255225E-01  2.776567E-01  3.170131E-12 -2.780013E-08  4.601110E-02 -7.800496E-16
        21   4  9.255225E-01  2.776567E-01  3.477885E-12 -2.780013E-08  4.601110E-02 -5.482613E-15
        21   5 -9.255225E-01 -2.776567E-01 -1.026290E-12  2.780249E-08  4.601120E-02  3.822776E-15
        21   6 -9.255225E-01 -2.776567E-01 -6.314949E-13  2.780249E-08  4.601120E-02 -3.753184E-15
        21   7 -9.255225E-01 -2.776567E-01  3.187395E-12  2.780249E-08  4.601110E-02  3.908903E-15
        21   8 -9.255225E-01 -2.776567E-01  3.472278E-12  2.780249E-08  4.601110E-02 -3.667057E-15
        22   1 -3.158127E-01 -9.474382E-02 -1.632805E-12 -6.922856E-09 -4.601000E-02 -2.661629E-15
        22   2 -3.158127E-01 -9.474382E-02 -4.509448E-13 -6.922856E-09 -4.601000E-02  1.117984E-15
        22   3 -3.158127E-01 -9.474382E-02  1.835032E-12 -6.922856E-09 -4.601002E-02 -2.544470E-15
        22   4 -3.158127E-01 -9.474382E-02  3.009287E-12 -6.922856E-09 -4.601002E-02  2.877084E-15
        22   5  3.158127E-01  9.474382E-02 -1.628420E-12  6.925293E-09 -4.601000E-02 -1.758456E-15
        22   6  3.158127E-01  9.474382E-02 -4.483913E-13  6.925292E-09 -4.601000E-02 -2.826960E-16
        22   7  3.158127E-01  9.474382E-02  1.860401E-12  6.925292E-09 -4.601002E-02  2.189898E-15
        22   8  3.158127E-01  9.474382E-02  2.988665E-12  6.925291E-09 -4.601002E-02  1.476403E-15
        23   1 -3.165913E-01 -9.497739E-02 -1.928707E-12  4.601130E-10  4.599101E-02  5.825176E-15
        23   2 -3.165913E-01 -9.497739E-02 -8.539003E-13  4.601132E-10  4.599101E-02 -1.127545E-14
        23   3 -3.165913E-01 -9.497739E-02  6.179779E-13  4.601132E-10  4.599101E-02  1.100490E-14
        23   4 -3.165913E-01 -9.497739E-02  2.077838E-12  4.601133E-10  4.599101E-02 -7.737671E-15
        23   5  3.165913E-01  9.497739E-02 -1.893957E-12 -4.577816E-10  4.599101E-02  2.421523E-15
        23   6  3.165913E-01  9.497739E-02 -8.267831E-13 -4.577816E-10  4.599101E-02 -1.194254E-14
        23   7  3.165913E-01  9.497739E-02  6.833700E-13 -4.577814E-10  4.599101E-02 -3.345025E-15
        23   8  3.165913E-01  9.497739E-02  2.104900E-12 -4.577814E-10  4.599101E-02 -8.952070E-15
        24   1  9.257736E-01  2.777321E-01 -4.307110E-13 -2.497872E-09 -4.588189E-02  2.032810E-14
        24   2  9.257736E-01  2.777321E-01  1.763811E-12 -2.497875E-09 -4.588189E-02 -8.647824E-15
        24   3  9.257736E-01  2.777321E-01  1.069755E-12 -2.497872E-09 -4.588190E-02  2.067339E-14
        24   4  9.257736E-01  2.777321E-01  3.361367E-12 -2.497875E-09 -4.588190E-02 -8.302540E-15
        24   5 -9.257736E-01 -2.777321E-01 -4.238832E-13  2.500313E-09 -4.588189E-02  1.799229E-14
        24   6 -9.257736E-01 -2.777321E-01  1.788458E-12  2.500315E-09 -4.588189E-02 -1.255235E-14
        24   7 -9.257736E-01 -2.777321E-01  1.079303E-12  2.500312E-09 -4.588190E-02  1.833757E-14
        24   8 -9.257736E-01 -2.777321E-01  3.382461E-12  2.500315E-09 -4.588190E-02 -1.220707E-14
        25   1  9.290924E-01  2.787277E-01  5.428991E-13  3.455589E-10  4.611913E-02  2.263630E-14
        25   2  9.290924E-01  2.787277E-01 -3.202993E-13  3.455584E-10  4.611913E-02  2.281073E-14
        25   3  9.290924E-01  2.787277E-01  3.770539E-12  3.455591E-10  4.611913E-02  2.037449E-14
        25   4  9.290924E-01  2.787277E-01  3.106349E-12  3.455586E-10  4.611913E-02  2.328550E-14
        25   5 -9.290924E-01 -2.787277E-01  5.342393E-13 -3.431795E-10  4.611913E-02  2.404699E-14
        25   6 -9.290924E-01 -2.787277E-01 -3.275158E-13 -3.431791E-10  4.611913E-02  1.970608E-14
        25   7 -9.290924E-01 -2.787277E-01  3.762046E-12 -3.431793E-10  4.611913E-02  2.671101E-14
        25   8 -9.290924E-01 -2.787277E-01  3.097855E-12 -3.431792E-10  4.611913E-02  2.018085E-14
        26   1 -3.147648E-01 -9.442943E-02 -1.458555E-12 -9.025035E-11 -4.610844E-02 -1.248256E-16
        26   2 -3.147648E-01 -9.442943E-02  1.486866E-13 -9.024954E-11 -4.610844E-02  1.139285E-14
        26   3 -3.147648E-01 -9.442943E-02  8.572587E-13 -9.025030E-11 -4.610844E-02  2.360925E-15
        26   4 -3.147648E-01 -9.442943E-02  2.213590E-12 -9.024949E-11 -4.610844E-02  1.387860E-14
        26   5  3.147648E-01  9.442943E-02 -1.447842E-12  9.264372E-11 -4.610844E-02 -1.188127E-15
        26   6  3.147648E-01  9.442943E-02  1.117162E-13  9.264285E-11 -4.610844E-02  2.107707E-14
        26   7  3.147648E-01  9.442943E-02  8.813783E-13  9.264377E-11 -4.610844E-02  1.297624E-15
        26   8  3.147648E-01  9.442943E-02  2.237682E-12  9.264291E-11 -4.610844E-02  2.356282E-14
        27   1 -3.236083E-01 -9.708248E-02 -1.218331E-12 -2.214775E-10  4.589258E-02 -6.924985E-15
        27   2 -3.236083E-01 -9.708248E-02 -3.632927E-13 -2.214770E-10  4.589258E-02 -2.291833E-14
        27   3 -3.236083E-01 -9.708248E-02  9.164891E-14 -2.214775E-10  4.589258E-02 -8.966852E-15
        27   4 -3.236083E-01 -9.708248E-02  1.517564E-12 -2.214770E-10  4.589258E-02 -2.496019E-14
        27   5  3.236083E-01  9.708248E-02 -1.288247E-12  2.235151E-10  4.589258E-02 -5.678783E-15
        27   6  3.236083E-01  9.708248E-02 -3.679834E-13  2.235144E-10  4.589258E-02 -1.729362E-14
        27   7  3.236083E-01  9.708248E-02  1.059708E-13  2.235151E-10  4.589258E-02 -7.720650E-15
        27   8  3.236083E-01  9.708248E-02  1.501244E-12  2.235144E-10  4.589258E-02 -1.933548E-14
        28   1  9.319443E-01  2.795833E-01 -5.681011E-13 -5.007391E-11 -4.465097E-02  8.702927E-15
        28   2  9.319443E-01  2.795833E-01  1.566525E-13 -5.007400E-11 -4.465097E-02  2.379185E-15
        28   3  9.319443E-01  2.795833E-01  5.362932E-13 -5.007377E-11 -4.465097E-02  9.821576E-15
        28   4  9.319443E-01  2.795833E-01  1.011913E-12 -5.007392E-11 -4.465097E-02  3.087349E-15
        28   5 -9.319443E-01 -2.795833E-01 -5.573320E-13  5.223989E-11 -4.465097E-02  6.716350E-16
        28   6 -9.319443E-01 -2.795833E-01  1.563749E-13  5.224033E-11 -4.465097E-02  1.140960E-14
        28   7 -9.319443E-01 -2.795833E-01  5.441758E-13  5.224004E-11 -4.465097E-02  1.379799E-15
        28   8 -9.319443E-01 -2.795833E-01  1.035116E-12  5.224041E-11 -4.465097E-02  1.211776E-14
        29   1  9.697034E-01  2.909110E-01 -6.072920E-13 -7.228271E-11  4.735005E-02 -1.067456E-15
        29   2  9.697034E-01  2.909110E-01 -8.348877E-14 -7.228487E-11  4.735005E-02  3.010214E-14
        29   3  9.697034E-01  2.909110E-01  1.129874E-12 -7.228262E-11  4.735005E-02  8.331034E-17
        29   4  9.697034E-01  2.909110E-01  1.643907E-12 -7.228450E-11  4.735005E-02  3.125291E-14
        29   5 -9.697034E-01 -2.909110E-01 -6.080692E-13  7.436722E-11  4.735005E-02 -2.818988E-16
        29   6 -9.697034E-01 -2.909110E-01 -8.271162E-14  7.436952E-11  4.735005E-02  2.856161E-14
        29   7 -9.697034E-01 -2.909110E-01  1.133316E-12  7.436731E-11  4.735005E-02  8.688671E-16
        29   8 -9.697034E-01 -2.909110E-01  1.647349E-12  7.436990E-11  4.735005E-02  2.971238E-14
        30   1 -3.028271E-01 -9.084814E-02 -7.192857E-13 -2.757375E-11 -4.722862E-02  3.757719E-14
        30   2 -3.028271E-01 -9.084814E-02  2.463030E-13 -2.757379E-11 -4.722862E-02  2.041199E-14
        30   3 -3.028271E-01 -9.084814E-02  4.599654E-13 -2.757363E-11 -4.722862E-02  3.851701E-14
        30   4 -3.028271E-01 -9.084814E-02  1.549122E-12 -2.757394E-11 -4.722862E-02  3.175077E-14
        30   5  3.028271E-01  9.084814E-02 -7.457646E-13  2.962485E-11 -4.722862E-02  4.629842E-14
        30   6  3.028271E-01  9.084814E-02  2.352563E-13  2.962468E-11 -4.722862E-02  3.727676E-14
        30   7  3.028271E-01  9.084814E-02  4.334866E-13  2.962470E-11 -4.722862E-02  4.669093E-14
        30   8  3.028271E-01  9.084814E-02  1.522643E-12  2.962446E-11 -4.722862E-02  2.891225E-14
        31   1 -4.034576E-01 -1.210373E-01 -1.040029E-12 -9.592883E-12  4.477240E-02 -4.385189E-14
        31   2 -4.034576E-01 -1.210373E-01  2.416956E-13 -9.592900E-12  4.477240E-02 -5.097038E-14
        31   3 -4.034576E-01 -1.210373E-01 -5.048462E-13 -9.592941E-12  4.477240E-02 -4.444065E-14
        31   4 -4.034576E-01 -1.210373E-01  5.432876E-13 -9.592650E-12  4.477240E-02 -5.155914E-14
        31   5  4.034576E-01  1.210373E-01 -1.021933E-12  1.137272E-11  4.477240E-02 -6.458200E-14
        31   6  4.034576E-01  1.210373E-01  2.331468E-13  1.137236E-11  4.477240E-02 -5.090257E-14
        31   7  4.034576E-01  1.210373E-01 -5.327128E-13  1.137268E-11  4.477240E-02 -5.641375E-14
        31   8  4.034576E-01  1.210373E-01  5.460632E-13  1.137223E-11  4.477240E-02 -5.149133E-14
        32   1  1.002155E+00  3.006466E-01 -3.905765E-13 -8.808513E-12 -3.064390E-02  7.737438E-16
        32   2  1.002155E+00  3.006466E-01  3.063105E-13 -8.812444E-12 -3.064390E-02 -5.527598E-14
        32   3  1.002155E+00  3.006466E-01 -2.225997E-13 -8.808760E-12 -3.064390E-02 -2.277585E-16
        32   4  1.002155E+00  3.006466E-01  3.397282E-14 -8.812605E-12 -3.064390E-02 -5.354091E-14
        32   5 -1.002155E+00 -3.006466E-01 -3.809175E-13  1.062858E-11 -3.064390E-02  8.857465E-16
        32   6 -1.002155E+00 -3.006466E-01  2.917666E-13  1.063227E-11 -3.064390E-02 -5.122866E-14
        32   7 -1.002155E+00 -3.006466E-01 -2.100542E-13  1.062860E-11 -3.064390E-02 -1.157562E-16
        32   8 -1.002155E+00 -3.006466E-01  2.720046E-14  1.063203E-11 -3.064390E-02 -4.949359E-14
        33   1  1.431822E+00  4.295467E-01 -3.553824E-13 -4.980003E-12  6.135712E-02  1.287651E-15
        33   2  1.431822E+00  4.295467E-01  1.049605E-12 -4.983657E-12  6.135712E-02  4.629260E-14
        33   3  1.431822E+00  4.295467E-01  3.199663E-13 -4.979699E-12  6.135712E-02  8.857389E-16
        33   4  1.431822E+00  4.295467E-01  1.027067E-12 -4.983439E-12  6.135712E-02  4.452240E-14
        33   5 -1.431822E+00 -4.295467E-01 -3.442802E-13  6.669924E-12  6.135712E-02  2.370645E-15
        33   6 -1.431822E+00 -4.295467E-01  1.057154E-12  6.674616E-12  6.135712E-02  4.874388E-14
        33   7 -1.431822E+00 -4.295467E-01  3.459455E-13  6.670116E-12  6.135712E-02 -1.862461E-15
        33   8 -1.431822E+00 -4.295467E-01  1.033951E-12  6.674748E-12  6.135712E-02  4.615271E-14
        34   1 -1.669855E-01 -5.009566E-02 -5.307144E-13 -3.675273E-12 -5.997540E-02 -2.726225E-15
        34   2 -1.669855E-01 -5.009566E-02  1.374539E-12 -3.675239E-12 -5.997540E-02  8.732220E-14
        34   3 -1.669855E-01 -5.009566E-02 -1.576794E-13 -3.675156E-12 -5.997540E-02 -4.904016E-15
        34   4 -1.669855E-01 -5.009566E-02  5.375839E-13 -3.674849E-12 -5.997540E-02  8.404979E-14
        34   5  1.669855E-01  5.009566E-02 -5.703216E-13  5.122944E-12 -5.997540E-02  1.753027E-14
        34   6  1.669855E-01  5.009566E-02  1.365658E-12  5.121678E-12 -5.997540E-02  1.252748E-13
        34   7  1.669855E-01  5.009566E-02 -1.973421E-13  5.122924E-12 -5.997540E-02  5.500831E-15
        34   8  1.669855E-01  5.009566E-02  4.979073E-13  5.121794E-12 -5.997540E-02  1.220024E-13
        35   1 -1.312079E+00 -3.936236E-01 -1.476597E-13  6.566571E-14  3.202562E-02  1.360149E-14
        35   2 -1.312079E+00 -3.936236E-01 -9.813261E-13  6.960953E-14  3.202562E-02 -9.880167E-14
        35   3 -1.312079E+00 -3.936236E-01 -5.745404E-13  6.556348E-14  3.202562E-02  1.237434E-14
        35   4 -1.312079E+00 -3.936236E-01  7.603917E-13  7.034537E-14  3.202562E-02 -9.565031E-14
        35   5  1.312079E+00  3.936236E-01 -2.053913E-13 -4.457643E-14  3.202562E-02 -8.291052E-15
        35   6  1.312079E+00  3.936236E-01 -1.084355E-12 -4.964618E-14  3.202562E-02 -8.676077E-14
        35   7  1.312079E+00  3.936236E-01 -6.323830E-13 -4.495232E-14  3.202562E-02  7.995826E-15
        35   8  1.312079E+00  3.936236E-01  7.026602E-13 -4.940634E-14  3.202562E-02 -8.360942E-14
        36   1  4.202337E-12  2.353271E-12  1.433263E-12  6.307927E-13 -1.339824E-12 -1.006848E-13
        36   2  3.617366E-12  1.594404E-12 -2.225513E-12  6.305553E-13 -1.326688E-12  1.528822E-13
        36   3  3.707261E-12  1.762429E-12  5.853768E-13  6.289808E-13  8.012671E-13 -9.616310E-14
        36   4  4.408537E-12  2.289810E-12 -7.215598E-14  6.295643E-13  7.968886E-13  1.705395E-13
        36   5 -3.937538E-12 -6.987977E-14  1.495970E-12 -6.557821E-13 -1.331067E-12 -2.856135E-14
        36   6 -4.496238E-12 -8.024752E-13 -2.101507E-12 -6.532145E-13 -1.317931E-12  1.007940E-13
        36   7 -4.431836E-12 -6.603880E-13  6.484175E-13 -6.564994E-13  7.925101E-13 -2.403963E-14
        36   8 -3.717424E-12 -1.198718E-13  2.153426E-14 -6.550265E-13  7.881316E-13  1.228298E-13
        37   1  4.322432E-01  1.296730E-01 -4.555989E-11  1.268928E-01 -1.788658E-01 -3.174419E-14
        37   2  4.322432E-01  1.296730E-01 -1.561090E-11  1.268928E-01 -1.788658E-01  1.313553E-14
        37   3  4.322432E-01  1.296730E-01  5.618553E-11  1.268928E-01  2.408565E-01 -2.846031E-14
        37   4  4.322432E-01  1.296730E-01  8.681056E-11  1.268928E-01  2.408565E-01  7.115077E-15
        37   5 -4.322432E-01 -1.296730E-01 -4.552886E-11 -1.268928E-01 -1.788658E-01  2.846031E-14
        37   6 -4.322432E-01 -1.296730E-01 -1.558950E-11 -1.268928E-01 -1.788658E-01 -5.473136E-14
        37   7 -4.322432E-01 -1.296730E-01  5.620515E-11 -1.268928E-01  2.408565E-01  2.736568E-14
        37   8 -4.322432E-01 -1.296730E-01  8.682555E-11 -1.268928E-01  2.408565E-01 -5.035285E-14
        38   1 -3.082319E-01 -9.246958E-02 -7.288892E-13  5.524303E-02 -1.225603E-01  2.736568E-16
        38   2 -3.082319E-01 -9.246958E-02  8.098244E-13  5.524303E-02 -1.225603E-01  2.353448E-14
        38   3 -3.082319E-01 -9.246958E-02 -2.372838E-11  5.524303E-02  6.016663E-02 -2.052426E-15
        38   4 -3.082319E-01 -9.246958E-02 -2.237330E-11  5.524303E-02  6.016663E-02  2.025060E-14
        38   5  3.082319E-01  9.246958E-02 -6.889767E-13 -5.524303E-02 -1.225603E-01 -2.736568E-16
        38   6  3.082319E-01  9.246958E-02  8.569812E-13 -5.524303E-02 -1.225603E-01  2.079792E-14
        38   7  3.082319E-01  9.246958E-02 -2.370559E-11 -5.524303E-02  6.016663E-02 -1.231456E-15
        38   8  3.082319E-01  9.246958E-02 -2.237213E-11 -5.524303E-02  6.016663E-02  1.532478E-14
        39   1 -2.404966E-01 -7.214898E-02 -2.870124E-11 -5.346645E-02  1.227635E-01  1.641941E-15
        39   2 -2.404966E-01 -7.214898E-02 -1.538208E-11 -5.346645E-02  1.227635E-01  3.407027E-14
        39   3 -2.404966E-01 -7.214898E-02  2.338460E-11 -5.346645E-02 -5.408710E-02 -1.641941E-15
        39   4 -2.404966E-01 -7.214898E-02  3.629960E-11 -5.346645E-02 -5.408710E-02  3.612270E-14
        39   5  2.404966E-01  7.214898E-02 -2.863587E-11  5.346645E-02  1.227635E-01 -8.757018E-15
        39   6  2.404966E-01  7.214898E-02 -1.536529E-11  5.346645E-02  1.227635E-01  3.694367E-14
        39   7  2.404966E-01  7.214898E-02  2.341929E-11  5.346645E-02 -5.408710E-02 -2.736568E-15
        39   8  2.404966E-01  7.214898E-02  3.633541E-11  5.346645E-02 -5.408710E-02  3.571221E-14
        40   1  6.987832E-01  2.096350E-01  4.569400E-11  1.181874E-02 -5.428124E-02  4.053541E-15
        40   2  6.987832E-01  2.096350E-01  1.794526E-11  1.181874E-02 -5.428124E-02  2.897341E-14
        40   3  6.987832E-01  2.096350E-01 -3.149159E-11  1.181874E-02 -1.518848E-02  2.976018E-15
        40   4  6.987832E-01  2.096350E-01 -5.948131E-11  1.181874E-02 -1.518848E-02  2.791299E-14
        40   5 -6.987832E-01 -2.096350E-01  4.568723E-11 -1.181874E-02 -5.428124E-02 -1.522216E-15
        40   6 -6.987832E-01 -2.096350E-01  1.793798E-11 -1.181874E-02 -5.428124E-02  3.475441E-14
        40   7 -6.987832E-01 -2.096350E-01 -3.149447E-11 -1.181874E-02 -1.518848E-02 -2.976018E-15
        40   8 -6.987832E-01 -2.096350E-01 -5.950002E-11 -1.181874E-02 -1.518848E-02  2.982859E-14
        41   1  9.219865E-01  2.765959E-01 -4.838813E-11 -1.308784E-02  7.285089E-02 -2.052426E-16
        41   2  9.219865E-01  2.765959E-01 -2.779543E-11 -1.308784E-02  7.285089E-02 -2.936680E-14
        41   3  9.219865E-01  2.765959E-01  3.732681E-12 -1.308784E-02  2.956034E-02 -6.157278E-16
        41   4  9.219865E-01  2.765959E-01  2.460021E-11 -1.308784E-02  2.956034E-02 -3.005094E-14
        41   5 -9.219865E-01 -2.765959E-01 -4.839712E-11  1.308784E-02  7.285089E-02  2.428704E-15
        41   6 -9.219865E-01 -2.765959E-01 -2.779854E-11  1.308784E-02  7.285089E-02 -3.054694E-14
        41   7 -9.219865E-01 -2.765959E-01  3.727629E-12  1.308784E-02  2.956034E-02  1.641941E-15
        41   8 -9.219865E-01 -2.765959E-01  2.459533E-11  1.308784E-02  2.956034E-02 -3.261647E-14
        42   1 -2.871577E-01 -8.614730E-02  4.799494E-12 -1.875603E-03 -4.381069E-02  2.450084E-15
        42   2 -2.871577E-01 -8.614730E-02 -3.916589E-12 -1.875603E-03 -4.381069E-02 -3.887637E-14
        42   3 -2.871577E-01 -8.614730E-02  6.280448E-12 -1.875603E-03 -5.001461E-02  9.535229E-16
        42   4 -2.871577E-01 -8.614730E-02 -2.826933E-12 -1.875603E-03 -5.001461E-02 -3.995389E-14
        42   5  2.871577E-01  8.614730E-02  4.812595E-12  1.875603E-03 -4.381069E-02 -1.039041E-15
        42   6  2.871577E-01  8.614730E-02 -3.918726E-12  1.875603E-03 -4.381069E-02 -3.773043E-14
        42   7  2.871577E-01  8.614730E-02  6.293466E-12  1.875603E-03 -5.001461E-02 -2.043874E-15
        42   8  2.871577E-01  8.614730E-02 -2.844475E-12  1.875603E-03 -5.001461E-02 -3.873954E-14
        43   1 -3.228226E-01 -9.684679E-02 -9.193646E-12  1.813264E-03  4.299304E-02  4.091169E-14
        43   2 -3.228226E-01 -9.684679E-02 -7.091133E-12  1.813264E-03  4.299304E-02  3.554118E-14
        43   3 -3.228226E-01 -9.684679E-02  5.090234E-12  1.813264E-03  4.899076E-02  4.106562E-14
        43   4 -3.228226E-01 -9.684679E-02  7.501250E-12  1.813264E-03  4.899076E-02  3.846588E-14
        43   5  3.228226E-01  9.684679E-02 -9.165224E-12 -1.813264E-03  4.299304E-02  3.432682E-14
        43   6  3.228226E-01  9.684679E-02 -7.039563E-12 -1.813264E-03  4.299304E-02  3.668284E-14
        43   7  3.228226E-01  9.684679E-02  5.064976E-12 -1.813264E-03  4.899076E-02  3.444655E-14
        43   8  3.228226E-01  9.684679E-02  7.529644E-12 -1.813264E-03  4.899076E-02  4.118535E-14
        44   1  9.181382E-01  2.754415E-01  4.096057E-12 -3.911656E-04 -4.529252E-02  3.034704E-14
        44   2  9.181382E-01  2.754415E-01 -2.928213E-12 -3.911656E-04 -4.529252E-02 -1.557278E-14
        44   3  9.181382E-01  2.754415E-01 -2.270184E-12 -3.911656E-04 -4.658638E-02  2.865379E-14
        44   4  9.181382E-01  2.754415E-01 -8.572199E-12 -3.911656E-04 -4.658638E-02 -1.510243E-14
        44   5 -9.181382E-01 -2.754415E-01  4.079348E-12  3.911656E-04 -4.529252E-02  3.568763E-14
        44   6 -9.181382E-01 -2.754415E-01 -2.953915E-12  3.911656E-04 -4.529252E-02 -1.426008E-14
        44   7 -9.181382E-01 -2.754415E-01 -2.287781E-12  3.911656E-04 -4.658638E-02  3.341820E-14
        44   8 -9.181382E-01 -2.754415E-01 -8.589851E-12  3.911656E-04 -4.658638E-02 -1.377691E-14
        45   1  9.230304E-01  2.769091E-01 -1.310951E-11  4.637399E-04  4.550437E-02 -2.488567E-15
        45   2  9.230304E-01  2.769091E-01 -9.421575E-12  4.637399E-04  4.550437E-02  9.168037E-15
        45   3  9.230304E-01  2.769091E-01  1.581624E-12  4.637399E-04  4.703828E-02 -2.405187E-15
        45   4  9.230304E-01  2.769091E-01  5.171696E-12  4.637399E-04  4.703828E-02  9.253555E-15
        45   5 -9.230304E-01 -2.769091E-01 -1.309641E-11 -4.637399E-04  4.550437E-02 -3.142777E-16
        45   6 -9.230304E-01 -2.769091E-01 -9.417467E-12 -4.637399E-04  4.550437E-02  8.080358E-15
        45   7 -9.230304E-01 -2.769091E-01  1.586897E-12 -4.637399E-04  4.703828E-02 -2.244841E-16
        45   8 -9.230304E-01 -2.769091E-01  5.176970E-12 -4.637399E-04  4.703828E-02  8.714793E-15
        46   1 -3.143392E-01 -9.430176E-02 -2.864070E-12  7.139551E-05 -4.612308E-02  2.393127E-15
        46   2 -3.143392E-01 -9.430176E-02 -5.292683E-12  7.139551E-05 -4.612308E-02  1.506876E-14
        46   3 -3.143392E-01 -9.430176E-02  3.604089E-12  7.139551E-05 -4.588692E-02  2.042104E-15
        46   4 -3.143392E-01 -9.430176E-02  1.097927E-12  7.139551E-05 -4.588692E-02  5.962725E-15
        46   5  3.143392E-01  9.430176E-02 -2.890660E-12 -7.139551E-05 -4.612308E-02 -4.931468E-15
        46   6  3.143392E-01  9.430176E-02 -5.255962E-12 -7.139551E-05 -4.612308E-02  9.549126E-15
        46   7  3.143392E-01  9.430176E-02  3.587047E-12 -7.139551E-05 -4.588692E-02 -3.093438E-15
        46   8  3.143392E-01  9.430176E-02  1.050243E-12 -7.139551E-05 -4.588692E-02  4.430888E-16
        47   1 -3.160623E-01 -9.481870E-02 -3.846895E-12 -5.916904E-05  4.606253E-02 -7.583286E-15
        47   2 -3.160623E-01 -9.481870E-02 -4.300255E-12 -5.916904E-05  4.606253E-02  1.477573E-14
        47   3 -3.160623E-01 -9.481870E-02  3.676448E-12 -5.916904E-05  4.586681E-02 -8.373791E-15
        47   4 -3.160623E-01 -9.481870E-02  3.016309E-12 -5.916904E-05  4.586681E-02  1.453481E-14
        47   5  3.160623E-01  9.481870E-02 -3.835793E-12  5.916905E-05  4.606253E-02  2.594395E-15
        47   6  3.160623E-01  9.481870E-02 -4.302392E-12  5.916905E-05  4.606253E-02  2.276643E-14
        47   7  3.160623E-01  9.481870E-02  3.672257E-12  5.916905E-05  4.586681E-02 -1.571015E-14
        47   8  3.160623E-01  9.481870E-02  3.019751E-12  5.916905E-05  4.586681E-02  2.416598E-14
        48   1  9.241221E-01  2.772366E-01 -2.722489E-12  1.672731E-05 -4.598981E-02  1.101358E-15
        48   2  9.241221E-01  2.772366E-01 -8.315792E-12  1.672731E-05 -4.598981E-02  1.514546E-14
        48   3  9.241221E-01  2.772366E-01  5.049294E-13  1.672731E-05 -4.593448E-02  9.290075E-16
        48   4  9.241221E-01  2.772366E-01 -5.180245E-12  1.672731E-05 -4.593448E-02  1.333128E-14
        48   5 -9.241221E-01 -2.772366E-01 -2.724487E-12 -1.672731E-05 -4.598981E-02 -1.864984E-15
        48   6 -9.241221E-01 -2.772366E-01 -8.329615E-12 -1.672731E-05 -4.598981E-02  1.771761E-14
        48   7 -9.241221E-01 -2.772366E-01  5.028200E-13 -1.672731E-05 -4.593448E-02 -1.489800E-15
        48   8 -9.241221E-01 -2.772366E-01 -5.163092E-12 -1.672731E-05 -4.593448E-02  1.973502E-14
        49   1  9.250540E-01  2.775162E-01 -1.078349E-11 -1.560758E-05  4.605726E-02 -2.265753E-14
        49   2  9.250540E-01  2.775162E-01 -6.619705E-12 -1.560758E-05  4.605726E-02  1.933458E-14
        49   3  9.250540E-01  2.775162E-01 -2.253808E-12 -1.560758E-05  4.600564E-02 -2.176587E-14
        49   4  9.250540E-01  2.775162E-01  1.640632E-12 -1.560758E-05  4.600564E-02  1.981551E-14
        49   5 -9.250540E-01 -2.775162E-01 -1.079636E-11  1.560758E-05  4.605726E-02 -2.405995E-14
        49   6 -9.250540E-01 -2.775162E-01 -6.628031E-12  1.560758E-05  4.605726E-02  1.669980E-14
        49   7 -9.250540E-01 -2.775162E-01 -2.262801E-12  1.560758E-05  4.600564E-02 -2.152655E-14
        49   8 -9.250540E-01 -2.775162E-01  1.635470E-12  1.560758E-05  4.600564E-02  1.704411E-14
        50   1 -3.157420E-01 -9.472260E-02 -2.991551E-12 -2.253984E-06 -4.599994E-02 -9.684134E-16
        50   2 -3.157420E-01 -9.472260E-02 -4.627410E-12 -2.253984E-06 -4.599994E-02  4.135151E-15
        50   3 -3.157420E-01 -9.472260E-02  3.364115E-12 -2.253984E-06 -4.600740E-02 -5.185466E-15
        50   4 -3.157420E-01 -9.472260E-02  1.442041E-12 -2.253984E-06 -4.600740E-02  8.675007E-15
        50   5  3.157420E-01  9.472260E-02 -3.000933E-12  2.253986E-06 -4.599994E-02  4.341529E-15
        50   6  3.157420E-01  9.472260E-02 -4.650086E-12  2.253986E-06 -4.599994E-02 -7.556562E-15
        50   7  3.157420E-01  9.472260E-02  3.379602E-12  2.253986E-06 -4.600740E-02  1.243765E-16
        50   8  3.157420E-01  9.472260E-02  1.411510E-12  2.253986E-06 -4.600740E-02 -3.016639E-15
        51   1 -3.159495E-01 -9.478484E-02 -2.407075E-12  2.507623E-06  4.599439E-02 -3.031604E-15
        51   2 -3.159495E-01 -9.478484E-02 -3.935074E-12  2.507623E-06  4.599439E-02 -5.849790E-15
        51   3 -3.159495E-01 -9.478484E-02  2.850609E-12  2.507623E-06  4.600269E-02  6.582862E-16
        51   4 -3.159495E-01 -9.478484E-02  1.414674E-12  2.507623E-06  4.600269E-02  2.943848E-17
        51   5  3.159495E-01  9.478484E-02 -2.430195E-12 -2.507620E-06  4.599439E-02 -4.010315E-15
        51   6  3.159495E-01  9.478484E-02 -3.919726E-12 -2.507620E-06  4.599439E-02 -2.606621E-16
        51   7  3.159495E-01  9.478484E-02  2.865791E-12 -2.507620E-06  4.600269E-02 -9.077308E-15
        51   8  3.159495E-01  9.478484E-02  1.429856E-12 -2.507620E-06  4.600269E-02  5.618558E-15
        52   1  9.251067E-01  2.775320E-01 -2.384204E-12 -4.378428E-07 -4.599672E-02 -8.436307E-15
        52   2  9.251067E-01  2.775320E-01 -4.126977E-12 -4.378428E-07 -4.599672E-02  5.856630E-16
        52   3  9.251067E-01  2.775320E-01  1.594058E-12 -4.378428E-07 -4.599817E-02 -8.091875E-15
        52   4  9.251067E-01  2.775320E-01 -9.403589E-14 -4.378428E-07 -4.599817E-02  9.300723E-16
        52   5 -9.251067E-01 -2.775320E-01 -2.387979E-12  4.378451E-07 -4.599672E-02 -1.027308E-14
        52   6 -9.251067E-01 -2.775320E-01 -4.120593E-12  4.378451E-07 -4.599672E-02 -2.851591E-15
        52   7 -9.251067E-01 -2.775320E-01  1.585510E-12  4.378451E-07 -4.599817E-02 -9.381335E-15
        52   8 -9.251067E-01 -2.775320E-01 -8.332224E-14  4.378451E-07 -4.599817E-02 -2.507169E-15
        53   1  9.251968E-01  2.775590E-01 -4.486966E-12  6.563597E-07  4.600277E-02  4.079510E-15
        53   2  9.251968E-01  2.775590E-01 -4.645395E-12  6.563597E-07  4.600277E-02  7.857027E-16
        53   3  9.251968E-01  2.775590E-01  1.174727E-12  6.563597E-07  4.600494E-02  3.433709E-15
        53   4  9.251968E-01  2.775590E-01  1.030620E-12  6.563597E-07  4.600494E-02  1.399017E-16
        53   5 -9.251968E-01 -2.775590E-01 -4.483691E-12 -6.563567E-07  4.600277E-02  3.246476E-15
        53   6 -9.251968E-01 -2.775590E-01 -4.635625E-12 -6.563567E-07  4.600277E-02 -1.841575E-16
        53   7 -9.251968E-01 -2.775590E-01  1.181888E-12 -6.563567E-07  4.600494E-02  2.600679E-15
        53   8 -9.251968E-01 -2.775590E-01  1.033951E-12 -6.563567E-07  4.600494E-02 -8.299544E-16
        54   1 -3.158923E-01 -9.476768E-02 -2.638861E-12  1.182335E-07 -4.600171E-02  2.511087E-15
        54   2 -3.158923E-01 -9.476768E-02 -3.794659E-12  1.182335E-07 -4.600171E-02  2.995930E-15
        54   3 -3.158923E-01 -9.476768E-02  2.067818E-12  1.182335E-07 -4.600132E-02 -1.004164E-15
        54   4 -3.158923E-01 -9.476768E-02  9.498236E-13  1.182335E-07 -4.600132E-02 -5.193209E-16
        54   5  3.158923E-01  9.476768E-02 -2.625594E-12 -1.182308E-07 -4.600171E-02  9.392024E-16
        54   6  3.158923E-01  9.476768E-02 -3.792799E-12 -1.182308E-07 -4.600171E-02 -2.128525E-15
        54   7  3.158923E-01  9.476768E-02  2.084943E-12 -1.182308E-07 -4.600132E-02 -2.576048E-15
        54   8  3.158923E-01  9.476768E-02  9.362788E-13 -1.182308E-07 -4.600132E-02 -5.643775E-15
        55   1 -3.159764E-01 -9.479292E-02 -1.512290E-12 -6.368129E-08  4.599957E-02 -2.845467E-15
        55   2 -3.159764E-01 -9.479292E-02 -3.015838E-12 -6.368129E-08  4.599957E-02 -2.149803E-15
        55   3 -3.159764E-01 -9.479292E-02  2.342210E-12 -6.368129E-08  4.599936E-02 -2.054535E-15
        55   4 -3.159764E-01 -9.479292E-02  8.195944E-13 -6.368129E-08  4.599936E-02  8.303832E-16
        55   5  3.159764E-01  9.479292E-02 -1.483424E-12  6.368385E-08  4.599957E-02 -1.633920E-15
        55   6  3.159764E-01  9.479292E-02 -2.984946E-12  6.368385E-08  4.599957E-02  1.563706E-16
        55   7  3.159764E-01  9.479292E-02  2.378792E-12  6.368385E-08  4.599936E-02 -8.429887E-16
        55   8  3.159764E-01  9.479292E-02  8.560930E-13  6.368385E-08  4.599936E-02  9.473022E-16
        56   1  9.252246E-01  2.775674E-01 -1.749101E-12  2.992003E-08 -4.598991E-02  1.573194E-15
        56   2  9.252246E-01  2.775674E-01 -3.084477E-12  2.992003E-08 -4.598991E-02 -2.147325E-15
        56   3  9.252246E-01  2.775674E-01  1.327161E-12  2.992003E-08 -4.598981E-02  5.396648E-16
        56   4  9.252246E-01  2.775674E-01 -4.862777E-14  2.992003E-08 -4.598981E-02 -5.370109E-15
        56   5 -9.252246E-01 -2.775674E-01 -1.748213E-12 -2.991772E-08 -4.598991E-02  4.882312E-16
        56   6 -9.252246E-01 -2.775674E-01 -3.096190E-12 -2.991771E-08 -4.598991E-02 -2.584732E-15
        56   7 -9.252246E-01 -2.775674E-01  1.327161E-12 -2.991772E-08 -4.598981E-02 -5.452982E-16
        56   8 -9.252246E-01 -2.775674E-01 -4.846124E-14 -2.991771E-08 -4.598981E-02 -3.618261E-15
        57   1  9.255225E-01  2.776568E-01 -3.233969E-12 -1.345217E-08  4.601118E-02  2.679734E-16
        57   2  9.255225E-01  2.776568E-01 -3.462897E-12 -1.345217E-08  4.601118E-02 -5.516129E-15
        57   3  9.255225E-01  2.776568E-01  9.996448E-13 -1.345217E-08  4.601113E-02  9.569930E-16
        57   4  9.255225E-01  2.776568E-01  6.679102E-13 -1.345217E-08  4.601113E-02 -4.827110E-15
        57   5 -9.255225E-01 -2.776568E-01 -3.229528E-12  1.345463E-08  4.601118E-02  3.862299E-15
        57   6 -9.255225E-01 -2.776568E-01 -3.466394E-12  1.345463E-08  4.601118E-02 -4.521543E-15
        57   7 -9.255225E-01 -2.776568E-01  9.962031E-13  1.345463E-08  4.601113E-02  6.740573E-15
        57   8 -9.255225E-01 -2.776568E-01  6.684098E-13  1.345463E-08  4.601113E-02 -3.285210E-15
        58   1 -3.158127E-01 -9.474381E-02 -1.885048E-12  8.970751E-10 -4.601002E-02 -2.361457E-15
        58   2 -3.158127E-01 -9.474381E-02 -3.073181E-12  8.970755E-10 -4.601002E-02  1.211577E-16
        58   3 -3.158127E-01 -9.474381E-02  1.565470E-12  8.970753E-10 -4.601001E-02 -2.361457E-15
        58   4 -3.158127E-01 -9.474381E-02  4.351519E-13  8.970756E-10 -4.601001E-02  1.106743E-14
        58   5  3.158127E-01  9.474381E-02 -1.871753E-12 -8.946646E-10 -4.601002E-02  2.265397E-15
        58   6  3.158127E-01  9.474381E-02 -3.057832E-12 -8.946652E-10 -4.601002E-02  3.078851E-15
        58   7  3.158127E-01  9.474381E-02  1.596001E-12 -8.946642E-10 -4.601001E-02  7.614317E-17
        58   8  3.158127E-01  9.474381E-02  4.350686E-13 -8.946651E-10 -4.601001E-02  3.078851E-15
        59   1 -3.165913E-01 -9.497739E-02 -8.139323E-13  5.180794E-09  4.599100E-02  6.660927E-15
        59   2 -3.165913E-01 -9.497739E-02 -2.097322E-12  5.180794E-09  4.599100E-02 -1.005198E-14
        59   3 -3.165913E-01 -9.497739E-02  1.852157E-12  5.180794E-09  4.599102E-02  3.328258E-15
        59   4 -3.165913E-01 -9.497739E-02  8.331669E-13  5.180795E-09  4.599102E-02 -1.338465E-14
        59   5  3.165913E-01  9.497739E-02 -8.190115E-13 -5.178438E-09  4.599100E-02 -8.816920E-16
        59   6  3.165913E-01  9.497739E-02 -2.129186E-12 -5.178438E-09  4.599100E-02 -5.553696E-15
        59   7  3.165913E-01  9.497739E-02  1.824096E-12 -5.178438E-09  4.599102E-02  6.731911E-15
        59   8  3.165913E-01  9.497739E-02  8.050782E-13 -5.178438E-09  4.599102E-02 -6.697111E-15
        60   1  9.257736E-01  2.777321E-01 -8.785195E-13  1.193315E-09 -4.588190E-02  1.921495E-14
        60   2  9.257736E-01  2.777321E-01 -3.590017E-12  1.193312E-09 -4.588190E-02 -1.225045E-14
        60   3  9.257736E-01  2.777321E-01  6.034062E-13  1.193315E-09 -4.588189E-02  1.955381E-14
        60   4  9.257736E-01  2.777321E-01 -1.984857E-12  1.193312E-09 -4.588189E-02 -1.259573E-14
        60   5 -9.257736E-01 -2.777321E-01 -8.649748E-13 -1.190919E-09 -4.588190E-02  1.903381E-14
        60   6 -9.257736E-01 -2.777321E-01 -3.555711E-12 -1.190916E-09 -4.588190E-02 -1.405298E-14
        60   7 -9.257736E-01 -2.777321E-01  6.150080E-13 -1.190919E-09 -4.588189E-02  1.868853E-14
        60   8 -9.257736E-01 -2.777321E-01 -1.988354E-12 -1.190916E-09 -4.588189E-02 -1.439827E-14
        61   1  9.290924E-01  2.787277E-01 -3.843426E-12  1.118388E-09  4.611913E-02  1.835626E-14
        61   2  9.290924E-01  2.787277E-01 -3.040568E-12  1.118388E-09  4.611913E-02  2.316162E-14
        61   3  9.290924E-01  2.787277E-01 -6.286638E-13  1.118388E-09  4.611913E-02  1.842881E-14
        61   4  9.290924E-01  2.787277E-01  3.790301E-13  1.118388E-09  4.611913E-02  2.227636E-14
        61   5 -9.290924E-01 -2.787277E-01 -3.846257E-12 -1.115968E-09  4.611913E-02  2.524009E-14
        61   6 -9.290924E-01 -2.787277E-01 -3.042677E-12 -1.115968E-09  4.611913E-02  2.046745E-14
        61   7 -9.290924E-01 -2.787277E-01 -6.467049E-13 -1.115968E-09  4.611913E-02  2.257607E-14
        61   8 -9.290924E-01 -2.787277E-01  3.764211E-13 -1.115968E-09  4.611913E-02  1.944538E-14
        62   1 -3.147648E-01 -9.442943E-02 -1.008388E-12  3.213729E-10 -4.610844E-02  3.742227E-15
        62   2 -3.147648E-01 -9.442943E-02 -2.043143E-12  3.213736E-10 -4.610844E-02  6.972429E-15
        62   3 -3.147648E-01 -9.442943E-02  1.323358E-12  3.213730E-10 -4.610844E-02  3.742227E-15
        62   4 -3.147648E-01 -9.442943E-02  1.237344E-13  3.213738E-10 -4.610844E-02  6.972429E-15
        62   5  3.147648E-01  9.442943E-02 -9.889867E-13 -3.189984E-10 -4.610844E-02 -6.635298E-15
        62   6  3.147648E-01  9.442943E-02 -1.945027E-12 -3.189995E-10 -4.610844E-02  1.737001E-14
        62   7  3.147648E-01  9.442943E-02  1.337069E-12 -3.189983E-10 -4.610844E-02 -6.635298E-15
        62   8  3.147648E-01  9.442943E-02  1.067479E-13 -3.189994E-10 -4.610844E-02  1.737001E-14
        63   1 -3.236083E-01 -9.708248E-02 -1.997569E-13  8.603960E-12  4.589258E-02 -6.467498E-15
        63   2 -3.236083E-01 -9.708248E-02 -1.605910E-12  8.604469E-12  4.589258E-02 -1.964013E-14
        63   3 -3.236083E-01 -9.708248E-02  1.219774E-12  8.604020E-12  4.589258E-02 -6.378721E-15
        63   4 -3.236083E-01 -9.708248E-02  2.714495E-13  8.604801E-12  4.589258E-02 -2.009867E-14
        63   5  3.236083E-01  9.708248E-02 -2.260692E-13 -6.547802E-12  4.589258E-02 -1.990617E-14
        63   6  3.236083E-01  9.708248E-02 -1.624534E-12 -6.548451E-12  4.589258E-02 -2.322716E-14
        63   7  3.236083E-01  9.708248E-02  1.239370E-12 -6.547671E-12  4.589258E-02 -1.981740E-14
        63   8  3.236083E-01  9.708248E-02  2.680633E-13 -6.548394E-12  4.589258E-02 -2.313838E-14
        64   1  9.319443E-01  2.795833E-01 -2.007838E-13  1.001082E-10 -4.465097E-02  1.019507E-14
        64   2  9.319443E-01  2.795833E-01 -1.190992E-12  1.001074E-10 -4.465097E-02  3.684569E-15
        64   3  9.319443E-01  2.795833E-01  8.899548E-13  1.001084E-10 -4.465097E-02  7.483055E-15
        64   4  9.319443E-01  2.795833E-01 -3.492207E-13  1.001073E-10 -4.465097E-02  1.383037E-15
        64   5 -9.319443E-01 -2.795833E-01 -1.962874E-13 -9.798572E-11 -4.465097E-02  1.588485E-15
        64   6 -9.319443E-01 -2.795833E-01 -1.190437E-12 -9.798595E-11 -4.465097E-02  1.158564E-14
        64   7 -9.319443E-01 -2.795833E-01  8.983370E-13 -9.798552E-11 -4.465097E-02 -7.130474E-16
        64   8 -9.319443E-01 -2.795833E-01 -3.562151E-13 -9.798602E-11 -4.465097E-02  9.284112E-15
        65   1  9.697034E-01  2.909110E-01 -1.173617E-12  2.061906E-11  4.735005E-02  7.854558E-16
        65   2  9.697034E-01  2.909110E-01 -1.690537E-12  2.061651E-11  4.735005E-02  2.954787E-14
        65   3  9.697034E-01  2.909110E-01  5.443423E-13  2.061937E-11  4.735005E-02 -3.210497E-16
        65   4  9.697034E-01  2.909110E-01  4.518608E-14  2.061683E-11  4.735005E-02  2.857820E-14
        65   5 -9.697034E-01 -2.909110E-01 -1.188827E-12 -1.849758E-11  4.735005E-02  2.118327E-15
        65   6 -9.697034E-01 -2.909110E-01 -1.700307E-12 -1.849551E-11  4.735005E-02  2.841783E-14
        65   7 -9.697034E-01 -2.909110E-01  5.331291E-13 -1.849727E-11  4.735005E-02  1.011821E-15
        65   8 -9.697034E-01 -2.909110E-01  4.174439E-14 -1.849518E-11  4.735005E-02  2.731133E-14
        66   1 -3.028271E-01 -9.084814E-02 -3.650136E-13  2.193644E-11 -4.722862E-02  3.845503E-14
        66   2 -3.028271E-01 -9.084814E-02 -1.354833E-12  2.193666E-11 -4.722862E-02  3.086912E-14
        66   3 -3.028271E-01 -9.084814E-02  7.857048E-13  2.193665E-11 -4.722862E-02  4.379534E-14
        66   4 -3.028271E-01 -9.084814E-02 -5.337397E-14  2.193680E-11 -4.722862E-02  2.799973E-14
        66   5  3.028271E-01  9.084814E-02 -3.003986E-13 -1.989799E-11 -4.722862E-02  4.362626E-14
        66   6  3.028271E-01  9.084814E-02 -1.324607E-12 -1.989821E-11 -4.722862E-02  3.581873E-14
        66   7  3.028271E-01  9.084814E-02  8.465173E-13 -1.989784E-11 -4.722862E-02  4.951388E-14
        66   8  3.028271E-01  9.084814E-02  7.410739E-15 -1.989814E-11 -4.722862E-02  4.170636E-14
        67   1 -4.034576E-01 -1.210373E-01  2.668421E-13  1.857232E-11  4.477240E-02 -3.912437E-14
        67   2 -4.034576E-01 -1.210373E-01 -6.142864E-13  1.857252E-11  4.477240E-02 -5.282967E-14
        67   3 -4.034576E-01 -1.210373E-01  7.352730E-13  1.857219E-11  4.477240E-02 -3.981126E-14
        67   4 -4.034576E-01 -1.210373E-01 -3.066714E-13  1.857234E-11  4.477240E-02 -5.351656E-14
        67   5  4.034576E-01  1.210373E-01  2.666201E-13 -1.678249E-11  4.477240E-02 -5.386793E-14
        67   6  4.034576E-01  1.210373E-01 -5.683509E-13 -1.678293E-11  4.477240E-02 -4.403875E-14
        67   7  4.034576E-01  1.210373E-01  7.810141E-13 -1.678270E-11  4.477240E-02 -4.579781E-14
        67   8  4.034576E-01  1.210373E-01 -2.456091E-13 -1.678315E-11  4.477240E-02 -4.691489E-14
        68   1  1.002155E+00  3.006466E-01  2.997602E-13  1.005369E-11 -3.064390E-02 -5.023565E-16
        68   2  1.002155E+00  3.006466E-01 -2.409184E-13  1.005036E-11 -3.064390E-02 -5.532283E-14
        68   3  1.002155E+00  3.006466E-01  4.481970E-13  1.005400E-11 -3.064390E-02 -1.821374E-16
        68   4  1.002155E+00  3.006466E-01 -5.027090E-13  1.005057E-11 -3.064390E-02 -5.554993E-14
        68   5 -1.002155E+00 -3.006466E-01  2.908784E-13 -8.250805E-12 -3.064390E-02 -4.318207E-16
        68   6 -1.002155E+00 -3.006466E-01 -2.580158E-13 -8.247082E-12 -3.064390E-02 -5.139615E-14
        68   7 -1.002155E+00 -3.006466E-01  4.352074E-13 -8.250291E-12 -3.064390E-02 -1.116016E-16
        68   8 -1.002155E+00 -3.006466E-01 -5.156986E-13 -8.246978E-12 -3.064390E-02 -5.162325E-14
        69   1  1.431822E+00  4.295467E-01 -3.198553E-13  7.386213E-12  6.135712E-02  3.634066E-16
        69   2  1.431822E+00  4.295467E-01 -1.577627E-13  7.381776E-12  6.135712E-02  4.554247E-14
        69   3  1.431822E+00  4.295467E-01  3.381739E-13  7.386301E-12  6.135712E-02  1.871377E-15
        69   4  1.431822E+00  4.295467E-01 -1.857403E-13  7.381804E-12  6.135712E-02  4.431387E-14
        69   5 -1.431822E+00 -4.295467E-01 -3.033129E-13 -5.685225E-12  6.135712E-02  1.993714E-15
        69   6 -1.431822E+00 -4.295467E-01 -1.446621E-13 -5.681157E-12  6.135712E-02  4.717278E-14
        69   7 -1.431822E+00 -4.295467E-01  3.508305E-13 -5.685154E-12  6.135712E-02 -8.768243E-16
        69   8 -1.431822E+00 -4.295467E-01 -1.808553E-13 -5.681078E-12  6.135712E-02  4.703881E-14
        70   1 -1.669855E-01 -5.009566E-02 -2.170625E-13  2.947677E-12 -5.997540E-02  3.214466E-17
        70   2 -1.669855E-01 -5.009566E-02  8.560930E-13  2.948258E-12 -5.997540E-02  8.563781E-14
        70   3 -1.669855E-01 -5.009566E-02  1.274397E-13  2.947217E-12 -5.997540E-02  1.066750E-14
        70   4 -1.669855E-01 -5.009566E-02  1.084133E-13  2.947866E-12 -5.997540E-02  7.875913E-14
        70   5  1.669855E-01  5.009566E-02 -3.425593E-13 -1.511840E-12 -5.997540E-02 -1.002196E-14
        70   6  1.669855E-01  5.009566E-02  7.919082E-13 -1.512730E-12 -5.997540E-02  7.132926E-14
        70   7  1.669855E-01  5.009566E-02  3.257117E-14 -1.511616E-12 -5.997540E-02 -8.143614E-15
        70   8  1.669855E-01  5.009566E-02  7.484291E-14 -1.512780E-12 -5.997540E-02  8.196462E-14
        71   1 -1.312079E+00 -3.936236E-01  2.398082E-13  2.140791E-12  3.202562E-02 -2.788679E-15
        71   2 -1.312079E+00 -3.936236E-01 -1.193157E-12  2.146602E-12  3.202562E-02 -1.050398E-13
        71   3 -1.312079E+00 -3.936236E-01 -4.618528E-14  2.140835E-12  3.202562E-02  6.882647E-16
        71   4 -1.312079E+00 -3.936236E-01  5.209166E-13  2.146646E-12  3.202562E-02 -9.718434E-14
        71   5  1.312079E+00  3.936236E-01  2.554623E-13 -2.110212E-12  3.202562E-02 -1.946038E-14
        71   6  1.312079E+00  3.936236E-01 -1.200262E-12 -2.112799E-12  3.202562E-02 -9.653507E-14
        71   7  1.312079E+00  3.936236E-01 -3.042011E-14 -2.110168E-12  3.202562E-02 -1.598344E-14
        71   8  1.312079E+00  3.936236E-01  5.364598E-13 -2.113439E-12  3.202562E-02 -9.305813E-14
        72   1 -5.267824E-12 -7.550809E-13  1.253824E-12  1.505530E-12 -2.114820E-12 -9.561954E-14
        72   2 -5.858970E-12 -1.089062E-12 -1.958855E-12  1.505592E-12 -2.114820E-12  1.527993E-13
        72   3 -5.831717E-12 -1.391509E-12  3.550974E-13  1.504021E-12  2.907330E-12 -9.339448E-14
        72   4 -5.203611E-12 -5.062385E-13 -1.266194E-14  1.503468E-12  2.902951E-12  1.583082E-13
        72   5  5.898566E-12  2.608670E-12  1.299936E-12 -1.530229E-12 -2.110441E-12 -3.710307E-14
        72   6  5.294285E-12  2.261554E-12 -1.943392E-12 -1.531125E-12 -2.110441E-12  8.489256E-14
        72   7  5.321298E-12  1.959004E-12  3.704575E-13 -1.532559E-12  2.911708E-12 -3.597264E-14
        72   8  5.949404E-12  2.844274E-12  2.698242E-15 -1.530444E-12  2.902951E-12  1.035370E-13
        73   1  0.000000E+00  0.000000E+00  0.000000E+00  0.000000E+00  0.000000E+00  0.000000E+00
        73   2  0.000000E+00  0.000000E+00  0.000000E+00  0.000000E+00  0.000000E+00  0.000000E+00
        73   3  0.000000E+00  0.000000E+00  0.000000E+00  0.000000E+00  0.000000E+00  0.000000E+00
        73   4  0.000000E+00  0.000000E+00  0.000000E+00  0.000000E+00  0.000000E+00  0.000000E+00
        73   5  0.000000E+00  0.000000E+00  0.000000E+00  0.000000E+00  0.000000E+00  0.000000E+00
        73   6  0.000000E+00  0.000000E+00  0.000000E+00  0.000000E+00  0.000000E+00  0.000000E+00
        73   7  0.000000E+00  0.000000E+00  0.000000E+00  0.000000E+00  0.000000E+00  0.000000E+00
        73   8  0.000000E+00  0.000000E+00  0.000000E+00  0.000000E+00  0.000000E+00  0.000000E+00
        74   1  0.000000E+00  0.000000E+00  0.000000E+00  0.000000E+00  0.000000E+00  0.000000E+00
        74   2  0.000000E+00  0.000000E+00  0.000000E+00  0.000000E+00  0.000000E+00  0.000000E+00
        74   3  0.000000E+00  0.000000E+00  0.000000E+00  0.000000E+00  0.000000E+00  0.000000E+00
        74   4  0.000000E+00  0.000000E+00  0.000000E+00  0.000000E+00  0.000000E+00  0.000000E+00
        74   5  0.000000E+00  0.000000E+00  0.000000E+00  0.000000E+00  0.000000E+00  0.000000E+00
        74   6  0.000000E+00  0.000000E+00  0.000000E+00  0.000000E+00  0.000000E+00  0.000000E+00
        74   7  0.000000E+00  0.000000E+00  0.000000E+00  0.000000E+00  0.000000E+00  0.000000E+00
        74   8  0.000000E+00  0.000000E+00  0.000000E+00  0.000000E+00  0.000000E+00  0.000000E+00
        75   1  0.000000E+00  0.000000E+00  0.000000E+00  0.000000E+00  0.000000E+00  0.000000E+00
        75   2  0.000000E+00  0.000000E+00  0.000000E+00  0.000000E+00  0.000000E+00  0.000000E+00
        75   3  0.000000E+00  0.000000E+00  0.000000E+00  0.000000E+00  0.000000E+00  0.000000E+00
        75   4  0.000000E+00  0.000000E+00  0.000000E+00  0.000000E+00  0.000000E+00  0.000000E+00
        75   5  0.000000E+00  0.000000E+00  0.000000E+00  0.000000E+00  0.000000E+00  0.000000E+00
        75   6  0.000000E+00  0.000000E+00  0.000000E+00  0.000000E+00  0.000000E+00  0.000000E+00
        75   7  0.000000E+00  0.000000E+00  0.000000E+00  0.000000E+00  0.000000E+00  0.000000E+00
        75   8  0.000000E+00  0.000000E+00  0.000000E+00  0.000000E+00  0.000000E+00  0.000000E+00
        76   1  0.000000E+00  0.000000E+00  0.000000E+00  0.000000E+00  0.000000E+00  0.000000E+00
        76   2  0.000000E+00  0.000000E+00  0.000000E+00  0.000000E+00  0.000000E+00  0.000000E+00
        76   3  0.000000E+00  0.000000E+00  0.000000E+00  0.000000E+00  0.000000E+00  0.000000E+00
        76   4  0.000000E+00  0.000000E+00  0.000000E+00  0.000000E+00  0.000000E+00  0.000000E+00
        76   5  0.000000E+00  0.000000E+00  0.000000E+00  0.000000E+00  0.000000E+00  0.000000E+00
        76   6  0.000000E+00  0.000000E+00  0.000000E+00  0.000000E+00  0.000000E+00  0.000000E+00
        76   7  0.000000E+00  0.000000E+00  0.000000E+00  0.000000E+00  0.000000E+00  0.000000E+00
        76   8  0.000000E+00  0.000000E+00  0.000000E+00  0.000000E+00  0.000000E+00  0.000000E+00
        77   1  0.000000E+00  0.000000E+00  0.000000E+00  0.000000E+00  0.000000E+00  0.000000E+00
        77   2  0.000000E+00  0.000000E+00  0.000000E+00  0.000000E+00  0.000000E+00  0.000000E+00
        77   3  0.000000E+00  0.000000E+00  0.000000E+00  0.000000E+00  0.000000E+00  0.000000E+00
        77   4  0.000000E+00  0.000000E+00  0.000000E+00  0.000000E+00  0.000000E+00  0.000000E+00
        77   5  0.000000E+00  0.000000E+00  0.000000E+00  0.000000E+00  0.000000E+00  0.000000E+00
        77   6  0.000000E+00  0.000000E+00  0.000000E+00  0.000000E+00  0.000000E+00  0.000000E+00
        77   7  0.000000E+00  0.000000E+00  0.000000E+00  0.000000E+00  0.000000E+00  0.000000E+00
        77   8  0.000000E+00  0.000000E+00  0.000000E+00  0.000000E+00  0.000000E+00  0.000000E+00
        78   1  0.000000E+00  0.000000E+00  0.000000E+00  0.000000E+00  0.000000E+00  0.000000E+00
        78   2  0.000000E+00  0.000000E+00  0.000000E+00  0.000000E+00  0.000000E+00  0.000000E+00
        78   3  0.000000E+00  0.000000E+00  0.000000E+00  0.000000E+00  0.000000E+00  0.000000E+00
        78   4  0.000000E+00  0.000000E+00  0.000000E+00  0.000000E+00  0.000000E+00  0.000000E+00
        78   5  0.000000E+00  0.000000E+00  0.000000E+00  0.000000E+00  0.000000E+00  0.000000E+00
        78   6  0.000000E+00  0.000000E+00  0.000000E+00  0.000000E+00  0.000000E+00  0.000000E+00
        78   7  0.000000E+00  0.000000E+00  0.000000E+00  0.000000E+00  0.000000E+00  0.000000E+00
        78   8  0.000000E+00  0.000000E+00  0.000000E+00  0.000000E+00  0.000000E+00  0.000000E+00
        79   1  0.000000E+00  0.000000E+00  0.000000E+00  0.000000E+00  0.000000E+00  0.000000E+00
        79   2  0.000000E+00  0.000000E+00  0.000000E+00  0.000000E+00  0.000000E+00  0.000000E+00
        79   3  0.000000E+00  0.000000E+00  0.000000E+00  0.000000E+00  0.000000E+00  0.000000E+00
        79   4  0.000000E+00  0.000000E+00  0.000000E+00  0.000000E+00  0.000000E+00  0.000000E+00
        79   5  0.000000E+00  0.000000E+00  0.000000E+00  0.000000E+00  0.000000E+00  0.000000E+00
        79   6  0.000000E+00  0.000000E+00  0.000000E+00  0.000000E+00  0.000000E+00  0.000000E+00
        79   7  0.000000E+00  0.000000E+00  0.000000E+00  0.000000E+00  0.000000E+00  0.000000E+00
        79   8  0.000000E+00  0.000000E+00  0.000000E+00  0.000000E+00  0.000000E+00  0.000000E+00
        80   1  0.000000E+00  0.000000E+00  0.000000E+00  0.000000E+00  0.000000E+00  0.000000E+00
        80   2  0.000000E+00  0.000000E+00  0.000000E+00  0.000000E+00  0.000000E+00  0.000000E+00
        80   3  0.000000E+00  0.000000E+00  0.000000E+00  0.000000E+00  0.000000E+00  0.000000E+00
        80   4  0.000000E+00  0.000000E+00  0.000000E+00  0.000000E+00  0.000000E+00  0.000000E+00
        80   5  0.000000E+00  0.000000E+00  0.000000E+00  0.000000E+00  0.000000E+00  0.000000E+00
        80   6  0.000000E+00  0.000000E+00  0.000000E+00  0.000000E+00  0.000000E+00  0.000000E+00
        80   7  0.000000E+00  0.000000E+00  0.000000E+00  0.000000E+00  0.000000E+00  0.000000E+00
        80   8  0.000000E+00  0.000000E+00  0.000000E+00  0.000000E+00  0.000000E+00  0.000000E+00
        81   1  0.000000E+00  0.000000E+00  0.000000E+00  0.000000E+00  0.000000E+00  0.000000E+00
        81   2  0.000000E+00  0.000000E+00  0.000000E+00  0.000000E+00  0.000000E+00  0.000000E+00
        81   3  0.000000E+00  0.000000E+00  0.000000E+00  0.000000E+00  0.000000E+00  0.000000E+00
        81   4  0.000000E+00  0.000000E+00  0.000000E+00  0.000000E+00  0.000000E+00  0.000000E+00
        81   5  0.000000E+00  0.000000E+00  0.000000E+00  0.000000E+00  0.000000E+00  0.000000E+00
        81   6  0.000000E+00  0.000000E+00  0.000000E+00  0.000000E+00  0.000000E+00  0.000000E+00
        81   7  0.000000E+00  0.000000E+00  0.000000E+00  0.000000E+00  0.000000E+00  0.000000E+00
        81   8  0.000000E+00  0.000000E+00  0.000000E+00  0.000000E+00  0.000000E+00  0.000000E+00
        82   1  0.000000E+00  0.000000E+00  0.000000E+00  0.000000E+00  0.000000E+00  0.000000E+00
        82   2  0.000000E+00  0.000000E+00  0.000000E+00  0.000000E+00  0.000000E+00  0.000000E+00
        82   3  0.000000E+00  0.000000E+00  0.000000E+00  0.000000E+00  0.000000E+00  0.000000E+00
        82   4  0.000000E+00  0.000000E+00  0.000000E+00  0.000000E+00  0.000000E+00  0.000000E+00
        82   5  0.000000E+00  0.000000E+00  0.000000E+00  0.000000E+00  0.000000E+00  0.000000E+00
        82   6  0.000000E+00  0.000000E+00  0.000000E+00  0.000000E+00  0.000000E+00  0.000000E+00
        82   7  0.000000E+00  0.000000E+00  0.000000E+00  0.000000E+00  0.000000E+00  0.000000E+00
        82   8  0.000000E+00  0.000000E+00  0.000000E+00  0.000000E+00  0.000000E+00  0.000000E+00
        83   1  0.000000E+00  0.000000E+00  0.000000E+00  0.000000E+00  0.000000E+00  0.000000E+00
        83   2  0.000000E+00  0.000000E+00  0.000000E+00  0.000000E+00  0.000000E+00  0.000000E+00
        83   3  0.000000E+00  0.000000E+00  0.000000E+00  0.000000E+00  0.000000E+00  0.000000E+00
        83   4  0.000000E+00  0.000000E+00  0.000000E+00  0.000000E+00  0.000000E+00  0.000000E+00
        83   5  0.000000E+00  0.000000E+00  0.000000E+00  0.000000E+00  0.000000E+00  0.000000E+00
        83   6  0.000000E+00  0.000000E+00  0.000000E+00  0.000000E+00  0.000000E+00  0.000000E+00
        83   7  0.000000E+00  0.000000E+00  0.000000E+00  0.000000E+00  0.000000E+00  0.000000E+00
        83   8  0.000000E+00  0.000000E+00  0.000000E+00  0.000000E+00  0.000000E+00  0.000000E+00
        84   1  0.000000E+00  0.000000E+00  0.000000E+00  0.000000E+00  0.000000E+00  0.000000E+00
        84   2  0.000000E+00  0.000000E+00  0.000000E+00  0.000000E+00  0.000000E+00  0.000000E+00
        84   3  0.000000E+00  0.000000E+00  0.000000E+00  0.000000E+00  0.000000E+00  0.000000E+00
        84   4  0.000000E+00  0.000000E+00  0.000000E+00  0.000000E+00  0.000000E+00  0.000000E+00
        84   5  0.000000E+00  0.000000E+00  0.000000E+00  0.000000E+00  0.000000E+00  0.000000E+00
        84   6  0.000000E+00  0.000000E+00  0.000000E+00  0.000000E+00  0.000000E+00  0.000000E+00
        84   7  0.000000E+00  0.000000E+00  0.000000E+00  0.000000E+00  0.000000E+00  0.000000E+00
        84   8  0.000000E+00  0.000000E+00  0.000000E+00  0.000000E+00  0.000000E+00  0.000000E+00
        85   1  0.000000E+00  0.000000E+00  0.000000E+00  0.000000E+00  0.000000E+00  0.000000E+00
        85   2  0.000000E+00  0.000000E+00  0.000000E+00  0.000000E+00  0.000000E+00  0.000000E+00
        85   3  0.000000E+00  0.000000E+00  0.000000E+00  0.000000E+00  0.000000E+00  0.000000E+00
        85   4  0.000000E+00  0.000000E+00  0.000000E+00  0.000000E+00  0.000000E+00  0.000000E+00
        85   5  0.000000E+00  0.000000E+00  0.000000E+00  0.000000E+00  0.000000E+00  0.000000E+00
        85   6  0.000000E+00  0.000000E+00  0.000000E+00  0.000000E+00  0.000000E+00  0.000000E+00
        85   7  0.000000E+00  0.000000E+00  0.000000E+00  0.000000E+00  0.000000E+00  0.000000E+00
        85   8  0.000000E+00  0.000000E+00  0.000000E+00  0.000000E+00  0.000000E+00  0.000000E+00
        86   1  0.000000E+00  0.000000E+00  0.000000E+00  0.000000E+00  0.000000E+00  0.000000E+00
        86   2  0.000000E+00  0.000000E+00  0.000000E+00  0.000000E+00  0.000000E+00  0.000000E+00
        86   3  0.000000E+00  0.000000E+00  0.000000E+00  0.000000E+00  0.000000E+00  0.000000E+00
        86   4  0.000000E+00  0.000000E+00  0.000000E+00  0.000000E+00  0.000000E+00  0.000000E+00
        86   5  0.000000E+00  0.000000E+00  0.000000E+00  0.000000E+00  0.000000E+00  0.000000E+00
        86   6  0.000000E+00  0.000000E+00  0.000000E+00  0.000000E+00  0.000000E+00  0.000000E+00
        86   7  0.000000E+00  0.000000E+00  0.000000E+00  0.000000E+00  0.000000E+00  0.000000E+00
        86   8  0.000000E+00  0.000000E+00  0.000000E+00  0.000000E+00  0.000000E+00  0.000000E+00
        87   1  0.000000E+00  0.000000E+00  0.000000E+00  0.000000E+00  0.000000E+00  0.000000E+00
        87   2  0.000000E+00  0.000000E+00  0.000000E+00  0.000000E+00  0.000000E+00  0.000000E+00
        87   3  0.000000E+00  0.000000E+00  0.000000E+00  0.000000E+00  0.000000E+00  0.000000E+00
        87   4  0.000000E+00  0.000000E+00  0.000000E+00  0.000000E+00  0.000000E+00  0.000000E+00
        87   5  0.000000E+00  0.000000E+00  0.000000E+00  0.000000E+00  0.000000E+00  0.000000E+00
        87   6  0.000000E+00  0.000000E+00  0.000000E+00  0.000000E+00  0.000000E+00  0.000000E+00
        87   7  0.000000E+00  0.000000E+00  0.000000E+00  0.000000E+00  0.000000E+00  0.000000E+00
        87   8  0.000000E+00  0.000000E+00  0.000000E+00  0.000000E+00  0.000000E+00  0.000000E+00
        88   1  0.000000E+00  0.000000E+00  0.000000E+00  0.000000E+00  0.000000E+00  0.000000E+00
        88   2  0.000000E+00  0.000000E+00  0.000000E+00  0.000000E+00  0.000000E+00  0.000000E+00
        88   3  0.000000E+00  0.000000E+00  0.000000E+00  0.000000E+00  0.000000E+00  0.000000E+00
        88   4  0.000000E+00  0.000000E+00  0.000000E+00  0.000000E+00  0.000000E+00  0.000000E+00
        88   5  0.000000E+00  0.000000E+00  0.000000E+00  0.000000E+00  0.000000E+00  0.000000E+00
        88   6  0.000000E+00  0.000000E+00  0.000000E+00  0.000000E+00  0.000000E+00  0.000000E+00
        88   7  0.000000E+00  0.000000E+00  0.000000E+00  0.000000E+00  0.000000E+00  0.000000E+00
        88   8  0.000000E+00  0.000000E+00  0.000000E+00  0.000000E+00  0.000000E+00  0.000000E+00
        89   1  0.000000E+00  0.000000E+00  0.000000E+00  0.000000E+00  0.000000E+00  0.000000E+00
        89   2  0.000000E+00  0.000000E+00  0.000000E+00  0.000000E+00  0.000000E+00  0.000000E+00
        89   3  0.000000E+00  0.000000E+00  0.000000E+00  0.000000E+00  0.000000E+00  0.000000E+00
        89   4  0.000000E+00  0.000000E+00  0.000000E+00  0.000000E+00  0.000000E+00  0.000000E+00
        89   5  0.000000E+00  0.000000E+00  0.000000E+00  0.000000E+00  0.000000E+00  0.000000E+00
        89   6  0.000000E+00  0.000000E+00  0.000000E+00  0.000000E+00  0.000000E+00  0.000000E+00
        89   7  0.000000E+00  0.000000E+00  0.000000E+00  0.000000E+00  0.000000E+00  0.000000E+00
        89   8  0.000000E+00  0.000000E+00  0.000000E+00  0.000000E+00  0.000000E+00  0.000000E+00
        90   1  0.000000E+00  0.000000E+00  0.000000E+00  0.000000E+00  0.000000E+00  0.000000E+00
        90   2  0.000000E+00  0.000000E+00  0.000000E+00  0.000000E+00  0.000000E+00  0.000000E+00
        90   3  0.000000E+00  0.000000E+00  0.000000E+00  0.000000E+00  0.000000E+00  0.000000E+00
        90   4  0.000000E+00  0.000000E+00  0.000000E+00  0.000000E+00  0.000000E+00  0.000000E+00
        90   5  0.000000E+00  0.000000E+00  0.000000E+00  0.000000E+00  0.000000E+00  0.000000E+00
        90   6  0.000000E+00  0.000000E+00  0.000000E+00  0.000000E+00  0.000000E+00  0.000000E+00
        90   7  0.000000E+00  0.000000E+00  0.000000E+00  0.000000E+00  0.000000E+00  0.000000E+00
        90   8  0.000000E+00  0.000000E+00  0.000000E+00  0.000000E+00  0.000000E+00  0.000000E+00
        91   1  0.000000E+00  0.000000E+00  0.000000E+00  0.000000E+00  0.000000E+00  0.000000E+00
        91   2  0.000000E+00  0.000000E+00  0.000000E+00  0.000000E+00  0.000000E+00  0.000000E+00
        91   3  0.000000E+00  0.000000E+00  0.000000E+00  0.000000E+00  0.000000E+00  0.000000E+00
        91   4  0.000000E+00  0.000000E+00  0.000000E+00  0.000000E+00  0.000000E+00  0.000000E+00
        91   5  0.000000E+00  0.000000E+00  0.000000E+00  0.000000E+00  0.000000E+00  0.000000E+00
        91   6  0.000000E+00  0.000000E+00  0.000000E+00  0.000000E+00  0.000000E+00  0.000000E+00
        91   7  0.000000E+00  0.000000E+00  0.000000E+00  0.000000E+00  0.000000E+00  0.000000E+00
        91   8  0.000000E+00  0.000000E+00  0.000000E+00  0.000000E+00  0.000000E+00  0.000000E+00
        92   1  0.000000E+00  0.000000E+00  0.000000E+00  0.000000E+00  0.000000E+00  0.000000E+00
        92   2  0.000000E+00  0.000000E+00  0.000000E+00  0.000000E+00  0.000000E+00  0.000000E+00
        92   3  0.000000E+00  0.000000E+00  0.000000E+00  0.000000E+00  0.000000E+00  0.000000E+00
        92   4  0.000000E+00  0.000000E+00  0.000000E+00  0.000000E+00  0.000000E+00  0.000000E+00
        92   5  0.000000E+00  0.000000E+00  0.000000E+00  0.000000E+00  0.000000E+00  0.000000E+00
        92   6  0.000000E+00  0.000000E+00  0.000000E+00  0.000000E+00  0.000000E+00  0.000000E+00
        92   7  0.000000E+00  0.000000E+00  0.000000E+00  0.000000E+00  0.000000E+00  0.000000E+00
        92   8  0.000000E+00  0.000000E+00  0.000000E+00  0.000000E+00  0.000000E+00  0.000000E+00
        93   1  0.000000E+00  0.000000E+00  0.000000E+00  0.000000E+00  0.000000E+00  0.000000E+00
        93   2  0.000000E+00  0.000000E+00  0.000000E+00  0.000000E+00  0.000000E+00  0.000000E+00
        93   3  0.000000E+00  0.000000E+00  0.000000E+00  0.000000E+00  0.000000E+00  0.000000E+00
        93   4  0.000000E+00  0.000000E+00  0.000000E+00  0.000000E+00  0.000000E+00  0.000000E+00
        93   5  0.000000E+00  0.000000E+00  0.000000E+00  0.000000E+00  0.000000E+00  0.000000E+00
        93   6  0.000000E+00  0.000000E+00  0.000000E+00  0.000000E+00  0.000000E+00  0.000000E+00
        93   7  0.000000E+00  0.000000E+00  0.000000E+00  0.000000E+00  0.000000E+00  0.000000E+00
        93   8  0.000000E+00  0.000000E+00  0.000000E+00  0.000000E+00  0.000000E+00  0.000000E+00
        94   1  0.000000E+00  0.000000E+00  0.000000E+00  0.000000E+00  0.000000E+00  0.000000E+00
        94   2  0.000000E+00  0.000000E+00  0.000000E+00  0.000000E+00  0.000000E+00  0.000000E+00
        94   3  0.000000E+00  0.000000E+00  0.000000E+00  0.000000E+00  0.000000E+00  0.000000E+00
        94   4  0.000000E+00  0.000000E+00  0.000000E+00  0.000000E+00  0.000000E+00  0.000000E+00
        94   5  0.000000E+00  0.000000E+00  0.000000E+00  0.000000E+00  0.000000E+00  0.000000E+00
        94   6  0.000000E+00  0.000000E+00  0.000000E+00  0.000000E+00  0.000000E+00  0.000000E+00
        94   7  0.000000E+00  0.000000E+00  0.000000E+00  0.000000E+00  0.000000E+00  0.000000E+00
        94   8  0.000000E+00  0.000000E+00  0.000000E+00  0.000000E+00  0.000000E+00  0.000000E+00
        95   1  0.000000E+00  0.000000E+00  0.000000E+00  0.000000E+00  0.000000E+00  0.000000E+00
        95   2  0.000000E+00  0.000000E+00  0.000000E+00  0.000000E+00  0.000000E+00  0.000000E+00
        95   3  0.000000E+00  0.000000E+00  0.000000E+00  0.000000E+00  0.000000E+00  0.000000E+00
        95   4  0.000000E+00  0.000000E+00  0.000000E+00  0.000000E+00  0.000000E+00  0.000000E+00
        95   5  0.000000E+00  0.000000E+00  0.000000E+00  0.000000E+00  0.000000E+00  0.000000E+00
        95   6  0.000000E+00  0.000000E+00  0.000000E+00  0.000000E+00  0.000000E+00  0.000000E+00
        95   7  0.000000E+00  0.000000E+00  0.000000E+00  0.000000E+00  0.000000E+00  0.000000E+00
        95   8  0.000000E+00  0.000000E+00  0.000000E+00  0.000000E+00  0.000000E+00  0.000000E+00
        96   1  0.000000E+00  0.000000E+00  0.000000E+00  0.000000E+00  0.000000E+00  0.000000E+00
        96   2  0.000000E+00  0.000000E+00  0.000000E+00  0.000000E+00  0.000000E+00  0.000000E+00
        96   3  0.000000E+00  0.000000E+00  0.000000E+00  0.000000E+00  0.000000E+00  0.000000E+00
        96   4  0.000000E+00  0.000000E+00  0.000000E+00  0.000000E+00  0.000000E+00  0.000000E+00
        96   5  0.000000E+00  0.000000E+00  0.000000E+00  0.000000E+00  0.000000E+00  0.000000E+00
        96   6  0.000000E+00  0.000000E+00  0.000000E+00  0.000000E+00  0.000000E+00  0.000000E+00
        96   7  0.000000E+00  0.000000E+00  0.000000E+00  0.000000E+00  0.000000E+00  0.000000E+00
        96   8  0.000000E+00  0.000000E+00  0.000000E+00  0.000000E+00  0.000000E+00  0.000000E+00
        97   1  0.000000E+00  0.000000E+00  0.000000E+00  0.000000E+00  0.000000E+00  0.000000E+00
        97   2  0.000000E+00  0.000000E+00  0.000000E+00  0.000000E+00  0.000000E+00  0.000000E+00
        97   3  0.000000E+00  0.000000E+00  0.000000E+00  0.000000E+00  0.000000E+00  0.000000E+00
        97   4  0.000000E+00  0.000000E+00  0.000000E+00  0.000000E+00  0.000000E+00  0.000000E+00
        97   5  0.000000E+00  0.000000E+00  0.000000E+00  0.000000E+00  0.000000E+00  0.000000E+00
        97   6  0.000000E+00  0.000000E+00  0.000000E+00  0.000000E+00  0.000000E+00  0.000000E+00
        97   7  0.000000E+00  0.000000E+00  0.000000E+00  0.000000E+00  0.000000E+00  0.000000E+00
        97   8  0.000000E+00  0.000000E+00  0.000000E+00  0.000000E+00  0.000000E+00  0.000000E+00
        98   1  0.000000E+00  0.000000E+00  0.000000E+00  0.000000E+00  0.000000E+00  0.000000E+00
        98   2  0.000000E+00  0.000000E+00  0.000000E+00  0.000000E+00  0.000000E+00  0.000000E+00
        98   3  0.000000E+00  0.000000E+00  0.000000E+00  0.000000E+00  0.000000E+00  0.000000E+00
        98   4  0.000000E+00  0.000000E+00  0.000000E+00  0.000000E+00  0.000000E+00  0.000000E+00
        98   5  0.000000E+00  0.000000E+00  0.000000E+00  0.000000E+00  0.000000E+00  0.000000E+00
        98   6  0.000000E+00  0.000000E+00  0.000000E+00  0.000000E+00  0.000000E+00  0.000000E+00
        98   7  0.000000E+00  0.000000E+00  0.000000E+00  0.000000E+00  0.000000E+00  0.000000E+00
        98   8  0.000000E+00  0.000000E+00  0.000000E+00  0.000000E+00  0.000000E+00  0.000000E+00
        99   1  0.000000E+00  0.000000E+00  0.000000E+00  0.000000E+00  0.000000E+00  0.000000E+00
        99   2  0.000000E+00  0.000000E+00  0.000000E+00  0.000000E+00  0.000000E+00  0.000000E+00
        99   3  0.000000E+00  0.000000E+00  0.000000E+00  0.000000E+00  0.000000E+00  0.000000E+00
        99   4  0.000000E+00  0.000000E+00  0.000000E+00  0.000000E+00  0.000000E+00  0.000000E+00
        99   5  0.000000E+00  0.000000E+00  0.000000E+00  0.000000E+00  0.000000E+00  0.000000E+00
        99   6  0.000000E+00  0.000000E+00  0.000000E+00  0.000000E+00  0.000000E+00  0.000000E+00
        99   7  0.000000E+00  0.000000E+00  0.000000E+00  0.000000E+00  0.000000E+00  0.000000E+00
        99   8  0.000000E+00  0.000000E+00  0.000000E+00  0.000000E+00  0.000000E+00  0.000000E+00
       100   1  0.000000E+00  0.000000E+00  0.000000E+00  0.000000E+00  0.000000E+00  0.000000E+00
       100   2  0.000000E+00  0.000000E+00  0.000000E+00  0.000000E+00  0.000000E+00  0.000000E+00
       100   3  0.000000E+00  0.000000E+00  0.000000E+00  0.000000E+00  0.000000E+00  0.000000E+00
       100   4  0.000000E+00  0.000000E+00  0.000000E+00  0.000000E+00  0.000000E+00  0.000000E+00
       100   5  0.000000E+00  0.000000E+00  0.000000E+00  0.000000E+00  0.000000E+00  0.000000E+00
       100   6  0.000000E+00  0.000000E+00  0.000000E+00  0.000000E+00  0.000000E+00  0.000000E+00
       100   7  0.000000E+00  0.000000E+00  0.000000E+00  0.000000E+00  0.000000E+00  0.000000E+00
       100   8  0.000000E+00  0.000000E+00  0.000000E+00  0.000000E+00  0.000000E+00  0.000000E+00
       101   1  0.000000E+00  0.000000E+00  0.000000E+00  0.000000E+00  0.000000E+00  0.000000E+00
       101   2  0.000000E+00  0.000000E+00  0.000000E+00  0.000000E+00  0.000000E+00  0.000000E+00
       101   3  0.000000E+00  0.000000E+00  0.000000E+00  0.000000E+00  0.000000E+00  0.000000E+00
       101   4  0.000000E+00  0.000000E+00  0.000000E+00  0.000000E+00  0.000000E+00  0.000000E+00
       101   5  0.000000E+00  0.000000E+00  0.000000E+00  0.000000E+00  0.000000E+00  0.000000E+00
       101   6  0.000000E+00  0.000000E+00  0.000000E+00  0.000000E+00  0.000000E+00  0.000000E+00
       101   7  0.000000E+00  0.000000E+00  0.000000E+00  0.000000E+00  0.000000E+00  0.000000E+00
       101   8  0.000000E+00  0.000000E+00  0.000000E+00  0.000000E+00  0.000000E+00  0.000000E+00
       102   1  0.000000E+00  0.000000E+00  0.000000E+00  0.000000E+00  0.000000E+00  0.000000E+00
       102   2  0.000000E+00  0.000000E+00  0.000000E+00  0.000000E+00  0.000000E+00  0.000000E+00
       102   3  0.000000E+00  0.000000E+00  0.000000E+00  0.000000E+00  0.000000E+00  0.000000E+00
       102   4  0.000000E+00  0.000000E+00  0.000000E+00  0.000000E+00  0.000000E+00  0.000000E+00
       102   5  0.000000E+00  0.000000E+00  0.000000E+00  0.000000E+00  0.000000E+00  0.000000E+00
       102   6  0.000000E+00  0.000000E+00  0.000000E+00  0.000000E+00  0.000000E+00  0.000000E+00
       102   7  0.000000E+00  0.000000E+00  0.000000E+00  0.000000E+00  0.000000E+00  0.000000E+00
       102   8  0.000000E+00  0.000000E+00  0.000000E+00  0.000000E+00  0.000000E+00  0.000000E+00
       103   1  0.000000E+00  0.000000E+00  0.000000E+00  0.000000E+00  0.000000E+00  0.000000E+00
       103   2  0.000000E+00  0.000000E+00  0.000000E+00  0.000000E+00  0.000000E+00  0.000000E+00
       103   3  0.000000E+00  0.000000E+00  0.000000E+00  0.000000E+00  0.000000E+00  0.000000E+00
       103   4  0.000000E+00  0.000000E+00  0.000000E+00  0.000000E+00  0.000000E+00  0.000000E+00
       103   5  0.000000E+00  0.000000E+00  0.000000E+00  0.000000E+00  0.000000E+00  0.000000E+00
       103   6  0.000000E+00  0.000000E+00  0.000000E+00  0.000000E+00  0.000000E+00  0.000000E+00
       103   7  0.000000E+00  0.000000E+00  0.000000E+00  0.000000E+00  0.000000E+00  0.000000E+00
       103   8  0.000000E+00  0.000000E+00  0.000000E+00  0.000000E+00  0.000000E+00  0.000000E+00
       104   1  0.000000E+00  0.000000E+00  0.000000E+00  0.000000E+00  0.000000E+00  0.000000E+00
       104   2  0.000000E+00  0.000000E+00  0.000000E+00  0.000000E+00  0.000000E+00  0.000000E+00
       104   3  0.000000E+00  0.000000E+00  0.000000E+00  0.000000E+00  0.000000E+00  0.000000E+00
       104   4  0.000000E+00  0.000000E+00  0.000000E+00  0.000000E+00  0.000000E+00  0.000000E+00
       104   5  0.000000E+00  0.000000E+00  0.000000E+00  0.000000E+00  0.000000E+00  0.000000E+00
       104   6  0.000000E+00  0.000000E+00  0.000000E+00  0.000000E+00  0.000000E+00  0.000000E+00
       104   7  0.000000E+00  0.000000E+00  0.000000E+00  0.000000E+00  0.000000E+00  0.000000E+00
       104   8  0.000000E+00  0.000000E+00  0.000000E+00  0.000000E+00  0.000000E+00  0.000000E+00
       105   1  0.000000E+00  0.000000E+00  0.000000E+00  0.000000E+00  0.000000E+00  0.000000E+00
       105   2  0.000000E+00  0.000000E+00  0.000000E+00  0.000000E+00  0.000000E+00  0.000000E+00
       105   3  0.000000E+00  0.000000E+00  0.000000E+00  0.000000E+00  0.000000E+00  0.000000E+00
       105   4  0.000000E+00  0.000000E+00  0.000000E+00  0.000000E+00  0.000000E+00  0.000000E+00
       105   5  0.000000E+00  0.000000E+00  0.000000E+00  0.000000E+00  0.000000E+00  0.000000E+00
       105   6  0.000000E+00  0.000000E+00  0.000000E+00  0.000000E+00  0.000000E+00  0.000000E+00
       105   7  0.000000E+00  0.000000E+00  0.000000E+00  0.000000E+00  0.000000E+00  0.000000E+00
       105   8  0.000000E+00  0.000000E+00  0.000000E+00  0.000000E+00  0.000000E+00  0.000000E+00
       106   1  0.000000E+00  0.000000E+00  0.000000E+00  0.000000E+00  0.000000E+00  0.000000E+00
       106   2  0.000000E+00  0.000000E+00  0.000000E+00  0.000000E+00  0.000000E+00  0.000000E+00
       106   3  0.000000E+00  0.000000E+00  0.000000E+00  0.000000E+00  0.000000E+00  0.000000E+00
       106   4  0.000000E+00  0.000000E+00  0.000000E+00  0.000000E+00  0.000000E+00  0.000000E+00
       106   5  0.000000E+00  0.000000E+00  0.000000E+00  0.000000E+00  0.000000E+00  0.000000E+00
       106   6  0.000000E+00  0.000000E+00  0.000000E+00  0.000000E+00  0.000000E+00  0.000000E+00
       106   7  0.000000E+00  0.000000E+00  0.000000E+00  0.000000E+00  0.000000E+00  0.000000E+00
       106   8  0.000000E+00  0.000000E+00  0.000000E+00  0.000000E+00  0.000000E+00  0.000000E+00
       107   1  0.000000E+00  0.000000E+00  0.000000E+00  0.000000E+00  0.000000E+00  0.000000E+00
       107   2  0.000000E+00  0.000000E+00  0.000000E+00  0.000000E+00  0.000000E+00  0.000000E+00
       107   3  0.000000E+00  0.000000E+00  0.000000E+00  0.000000E+00  0.000000E+00  0.000000E+00
       107   4  0.000000E+00  0.000000E+00  0.000000E+00  0.000000E+00  0.000000E+00  0.000000E+00
       107   5  0.000000E+00  0.000000E+00  0.000000E+00  0.000000E+00  0.000000E+00  0.000000E+00
       107   6  0.000000E+00  0.000000E+00  0.000000E+00  0.000000E+00  0.000000E+00  0.000000E+00
       107   7  0.000000E+00  0.000000E+00  0.000000E+00  0.000000E+00  0.000000E+00  0.000000E+00
       107   8  0.000000E+00  0.000000E+00  0.000000E+00  0.000000E+00  0.000000E+00  0.000000E+00
       108   1  0.000000E+00  0.000000E+00  0.000000E+00  0.000000E+00  0.000000E+00  0.000000E+00
       108   2  0.000000E+00  0.000000E+00  0.000000E+00  0.000000E+00  0.000000E+00  0.000000E+00
       108   3  0.000000E+00  0.000000E+00  0.000000E+00  0.000000E+00  0.000000E+00  0.000000E+00
       108   4  0.000000E+00  0.000000E+00  0.000000E+00  0.000000E+00  0.000000E+00  0.000000E+00
       108   5  0.000000E+00  0.000000E+00  0.000000E+00  0.000000E+00  0.000000E+00  0.000000E+00
       108   6  0.000000E+00  0.000000E+00  0.000000E+00  0.000000E+00  0.000000E+00  0.000000E+00
       108   7  0.000000E+00  0.000000E+00  0.000000E+00  0.000000E+00  0.000000E+00  0.000000E+00
       108   8  0.000000E+00  0.000000E+00  0.000000E+00  0.000000E+00  0.000000E+00  0.000000E+00
       109   1 -1.516589E-03 -5.055295E-03  1.539034E-11 -2.072018E-03  3.283882E-14  9.294248E-02
       109   2 -1.516589E-03 -5.055295E-03 -3.343671E-12 -2.072018E-03 -3.831195E-14  9.294248E-02
       109   3 -1.516589E-03 -5.055295E-03 -5.254389E-11 -2.072018E-03  2.955493E-14  9.957294E-02
       109   4 -1.516589E-03 -5.055295E-03 -7.100555E-11 -2.072018E-03 -4.487971E-14  9.957294E-02
       109   5  1.516589E-03  5.055295E-03  1.536959E-11  2.072018E-03  9.851645E-15  9.294248E-02
       109   6  1.516589E-03  5.055295E-03 -3.447893E-12  2.072018E-03 -1.587209E-14  9.294248E-02
       109   7  1.516589E-03  5.055295E-03 -5.257617E-11  2.072018E-03  5.473136E-15  9.957294E-02
       109   8  1.516589E-03  5.055295E-03 -7.100531E-11  2.072018E-03 -2.517643E-14  9.957294E-02
       110   1 -1.743629E-03 -5.812096E-03 -6.549718E-11  1.573086E-01  1.094627E-15  1.976684E-01
       110   2 -1.743629E-03 -5.812096E-03 -1.146412E-11  1.573086E-01 -5.254211E-14  1.976684E-01
       110   3 -1.743629E-03 -5.812096E-03  1.159309E-11  1.573086E-01 -8.209704E-16 -3.057192E-01
       110   4 -1.743629E-03 -5.812096E-03  6.669154E-11  1.573086E-01 -4.816360E-14 -3.057192E-01
       110   5  1.743629E-03  5.812096E-03 -6.549565E-11 -1.573086E-01  1.094627E-15  1.976684E-01
       110   6  1.743629E-03  5.812096E-03 -1.146394E-11 -1.573086E-01 -5.254211E-14  1.976684E-01
       110   7  1.743629E-03  5.812096E-03  1.159426E-11 -1.573086E-01 -5.473136E-16 -3.057192E-01
       110   8  1.743629E-03  5.812096E-03  6.669219E-11 -1.573086E-01 -5.035285E-14 -3.057192E-01
       111   1 -8.732816E-04 -2.910938E-03  6.634313E-11 -9.218277E-02 -1.587209E-14 -2.296840E-01
       111   2 -8.732815E-04 -2.910938E-03  1.403443E-10 -9.218277E-02 -5.336308E-15 -2.296840E-01
       111   3 -8.732816E-04 -2.910939E-03 -1.878966E-12 -9.218277E-02 -4.925822E-15  6.530081E-02
       111   4 -8.732815E-04 -2.910939E-03  7.238270E-11 -9.218277E-02  5.678379E-15  6.530081E-02
       111   5  8.732816E-04  2.910939E-03  6.633357E-11  9.218277E-02 -3.831195E-15 -2.296840E-01
       111   6  8.732817E-04  2.910939E-03  1.403546E-10  9.218277E-02 -4.515337E-15 -2.296840E-01
       111   7  8.732816E-04  2.910939E-03 -1.834855E-12  9.218277E-02  2.736568E-15  6.530081E-02
       111   8  8.732817E-04  2.910939E-03  7.242748E-11  9.218277E-02  7.320319E-15  6.530081E-02
       112   1 -3.857992E-04 -1.285997E-03 -1.465559E-10  2.779788E-02  6.567763E-15  9.395082E-02
       112   2 -3.857991E-04 -1.285997E-03 -8.065101E-11  2.779788E-02 -1.368284E-13  9.395082E-02
       112   3 -3.857992E-04 -1.285997E-03 -8.897266E-11  2.779788E-02  6.567763E-15  4.997590E-03
       112   4 -3.857991E-04 -1.285997E-03 -2.421027E-11  2.779788E-02 -1.357338E-13  4.997590E-03
       112   5  3.857989E-04  1.285996E-03 -1.465557E-10 -2.779788E-02 -8.757018E-15  9.395082E-02
       112   6  3.857990E-04  1.285996E-03 -8.065035E-11 -2.779788E-02 -1.215036E-13  9.395082E-02
       112   7  3.857989E-04  1.285997E-03 -8.897199E-11 -2.779788E-02 -9.851645E-15  4.997590E-03
       112   8  3.857990E-04  1.285997E-03 -2.421209E-11 -2.779788E-02 -1.225982E-13  4.997590E-03
       113   1 -2.770975E-04 -9.236580E-04  5.974582E-11 -1.091207E-02 -2.360290E-15 -3.628069E-02
       113   2 -2.770974E-04 -9.236580E-04  1.213397E-10 -1.091207E-02 -7.525562E-15 -3.628069E-02
       113   3 -2.770975E-04 -9.236581E-04  2.974093E-11 -1.091207E-02 -3.249674E-15 -1.362051E-03
       113   4 -2.770974E-04 -9.236581E-04  9.130988E-11 -1.091207E-02 -1.299870E-15 -1.362051E-03
       113   5  2.770975E-04  9.236586E-04  5.970196E-11  1.091207E-02  5.644171E-16 -3.628069E-02
       113   6  2.770976E-04  9.236586E-04  1.212883E-10  1.091207E-02 -9.167503E-15 -3.628069E-02
       113   7  2.770975E-04  9.236585E-04  2.971240E-11  1.091207E-02  7.867633E-16 -1.362051E-03
       113   8  2.770976E-04  9.236585E-04  9.128919E-11  1.091207E-02 -9.235917E-15 -1.362051E-03
       114   1 -2.098788E-04 -6.995959E-04 -6.928352E-11 -5.287659E-03 -3.283882E-15  5.459241E-05
       114   2 -2.098787E-04 -6.995959E-04 -7.273822E-12 -5.287659E-03  1.390177E-13  5.459241E-05
       114   3 -2.098788E-04 -6.995958E-04 -5.563515E-11 -5.287659E-03  0.000000E+00  1.697510E-02
       114   4 -2.098787E-04 -6.995958E-04  5.002803E-12 -5.287659E-03  1.379230E-13  1.697510E-02
       114   5  2.098787E-04  6.995956E-04 -6.928164E-11  5.287659E-03  3.283882E-15  5.459241E-05
       114   6  2.098787E-04  6.995956E-04 -7.269159E-12  5.287659E-03  1.302606E-13  5.459241E-05
       114   7  2.098787E-04  6.995957E-04 -5.563337E-11  5.287659E-03  4.378509E-15  1.697510E-02
       114   8  2.098787E-04  6.995957E-04  5.003985E-12  5.287659E-03  1.313553E-13  1.697510E-02
       115   1 -1.050390E-04 -3.501297E-04 -1.608390E-11  3.111623E-03  2.555270E-14  7.784529E-03
       115   2 -1.050389E-04 -3.501297E-04  4.284845E-11  3.111623E-03 -1.368284E-16  7.784529E-03
       115   3 -1.050390E-04 -3.501298E-04 -2.649618E-11  3.111623E-03  2.062688E-14 -2.172663E-03
       115   4 -1.050389E-04 -3.501298E-04  3.250512E-11  3.111623E-03  7.080870E-15 -2.172663E-03
       115   5  1.050389E-04  3.501298E-04 -1.616624E-11 -3.111623E-03  2.652761E-14  7.784529E-03
       115   6  1.050390E-04  3.501298E-04  4.294229E-11 -3.111623E-03  1.289608E-14  7.784529E-03
       115   7  1.050389E-04  3.501298E-04 -2.648658E-11 -3.111623E-03  2.815244E-14 -2.172663E-03
       115   8  1.050390E-04  3.501298E-04  3.254534E-11 -3.111623E-03  3.868823E-14 -2.172663E-03
       116   1 -4.625044E-05 -1.541680E-04 -4.353740E-11 -9.605982E-04 -1.247875E-13 -3.200071E-03
       116   2 -4.625038E-05 -1.541680E-04  1.078324E-11 -9.605982E-04 -1.313553E-13 -3.200071E-03
       116   3 -4.625044E-05 -1.541680E-04 -3.485524E-11 -9.605982E-04 -1.269768E-13 -1.261566E-04
       116   4 -4.625038E-05 -1.541680E-04  1.998820E-11 -9.605982E-04 -1.346391E-13 -1.261566E-04
       116   5  4.625036E-05  1.541679E-04 -4.353441E-11  9.605983E-04 -1.444908E-13 -3.200071E-03
       116   6  4.625041E-05  1.541679E-04  1.078891E-11  9.605983E-04 -1.083681E-13 -3.200071E-03
       116   7  4.625036E-05  1.541680E-04 -3.485311E-11  9.605983E-04 -1.466800E-13 -1.261566E-04
       116   8  4.625041E-05  1.541680E-04  1.999417E-11  9.605983E-04 -1.094627E-13 -1.261566E-04
       117   1 -3.310017E-05 -1.103338E-04 -1.167367E-11  3.772451E-04  3.912437E-15  1.254974E-03
       117   2 -3.310012E-05 -1.103338E-04  3.926350E-11  3.772451E-04  7.239077E-15  1.254974E-03
       117   3 -3.310017E-05 -1.103338E-04 -1.616278E-11  3.772451E-04 -5.943484E-15  4.778987E-05
       117   4 -3.310012E-05 -1.103338E-04  3.475714E-11  3.772451E-04 -1.789459E-15  4.778987E-05
       117   5  3.310015E-05  1.103339E-04 -1.168212E-11 -3.772450E-04  2.492842E-15  1.254974E-03
       117   6  3.310020E-05  1.103339E-04  3.926461E-11 -3.772450E-04  6.651143E-15  1.254974E-03
       117   7  3.310015E-05  1.103339E-04 -1.617123E-11 -3.772450E-04 -4.079197E-15  4.778987E-05
       117   8  3.310020E-05  1.103339E-04  3.480998E-11 -3.772450E-04  1.178007E-15  4.778987E-05
       118   1 -2.490520E-05 -8.301725E-05 -3.164488E-11  1.823895E-04 -8.757018E-15 -2.085017E-06
       118   2 -2.490515E-05 -8.301725E-05  1.947415E-11  1.823895E-04 -1.313553E-14 -2.085017E-06
       118   3 -2.490520E-05 -8.301725E-05 -3.014429E-11  1.823895E-04 -1.094627E-14 -5.857314E-04
       118   4 -2.490515E-05 -8.301725E-05  2.192886E-11  1.823895E-04 -1.313553E-14 -5.857314E-04
       118   5  2.490514E-05  8.301722E-05 -3.164642E-11 -1.823895E-04  7.662390E-15 -2.085017E-06
       118   6  2.490519E-05  8.301722E-05  1.946470E-11 -1.823895E-04 -2.846031E-14 -2.085017E-06
       118   7  2.490514E-05  8.301722E-05 -3.014515E-11 -1.823895E-04  8.757018E-15 -5.857314E-04
       118   8  2.490519E-05  8.301722E-05  2.192390E-11 -1.823895E-04 -2.955493E-14 -5.857314E-04
       119   1 -1.182452E-05 -3.941500E-05 -2.215615E-11 -1.068750E-04 -1.026854E-14 -2.683631E-04
       119   2 -1.182447E-05 -3.941500E-05  2.640548E-11 -1.068750E-04 -1.097407E-14 -2.683631E-04
       119   3 -1.182452E-05 -3.941500E-05 -2.362165E-11 -1.068750E-04 -3.762781E-15  7.363699E-05
       119   4 -1.182448E-05 -3.941500E-05  2.481739E-11 -1.068750E-04 -2.281186E-15  7.363699E-05
       119   5  1.182448E-05  3.941501E-05 -2.211645E-11  1.068750E-04 -1.089924E-14 -2.683631E-04
       119   6  1.182453E-05  3.941501E-05  2.650648E-11  1.068750E-04  4.382785E-16 -2.683631E-04
       119   7  1.182448E-05  3.941500E-05 -2.359727E-11  1.068750E-04 -4.391336E-15  7.363699E-05
       119   8  1.182453E-05  3.941500E-05  2.485709E-11  1.068750E-04  2.565532E-15  7.363699E-05
       120   1 -3.927965E-06 -1.309314E-05 -2.591333E-11  3.221963E-05 -1.094627E-15  1.095036E-04
       120   2 -3.927919E-06 -1.309314E-05  2.110324E-11  3.221963E-05 -5.801524E-14  1.095036E-04
       120   3 -3.927965E-06 -1.309314E-05 -2.461259E-11  3.221963E-05 -3.283882E-15  6.400837E-06
       120   4 -3.927919E-06 -1.309314E-05  2.168972E-11  3.221963E-05 -5.801524E-14  6.400837E-06
       120   5  3.927914E-06  1.309312E-05 -2.591226E-11 -3.221960E-05  3.283882E-15  1.095036E-04
       120   6  3.927961E-06  1.309312E-05  2.111016E-11 -3.221960E-05 -6.239375E-14  1.095036E-04
       120   7  3.927915E-06  1.309313E-05 -2.461122E-11 -3.221960E-05  2.189254E-15  6.400837E-06
       120   8  3.927961E-06  1.309313E-05  2.168852E-11 -3.221960E-05 -6.239375E-14  6.400837E-06
       121   1 -1.819601E-06 -6.065277E-06 -1.706642E-11 -1.216250E-05  3.202105E-15 -2.715409E-05
       121   2 -1.819566E-06 -6.065277E-06  1.857069E-11 -1.216250E-05  2.386480E-16 -2.715409E-05
       121   3 -1.819601E-06 -6.065279E-06 -1.767671E-11 -1.216250E-05  2.364833E-15  1.176591E-05
       121   4 -1.819566E-06 -6.065279E-06  1.784355E-11 -1.216250E-05  4.600855E-15  1.176591E-05
       121   5  1.819567E-06  6.065283E-06 -1.708609E-11  1.216250E-05 -2.514489E-15 -2.715409E-05
       121   6  1.819602E-06  6.065283E-06  1.855485E-11  1.216250E-05 -6.025527E-15 -2.715409E-05
       121   7  1.819567E-06  6.065281E-06 -1.767339E-11  1.216250E-05  1.026480E-15  1.176591E-05
       121   8  1.819602E-06  6.065281E-06  1.783921E-11  1.216250E-05 -1.390465E-15  1.176591E-05
       122   1 -1.378339E-06 -4.594394E-06 -2.298074E-11 -6.967965E-06  6.458300E-14 -8.661013E-07
       122   2 -1.378297E-06 -4.594394E-06  1.965706E-11 -6.967965E-06  5.910987E-14 -8.661013E-07
       122   3 -1.378339E-06 -4.594392E-06 -2.149596E-11 -6.967965E-06  6.567763E-14  2.143144E-05
       122   4 -1.378297E-06 -4.594392E-06  2.082624E-11 -6.967965E-06  5.910987E-14  2.143144E-05
       122   5  1.378295E-06  4.594387E-06 -2.297729E-11  6.967996E-06  7.115077E-14 -8.661013E-07
       122   6  1.378337E-06  4.594387E-06  1.965680E-11  6.967996E-06  5.254211E-14 -8.661013E-07
       122   7  1.378295E-06  4.594389E-06 -2.149357E-11  6.967996E-06  7.115077E-14  2.143144E-05
       122   8  1.378337E-06  4.594389E-06  2.082110E-11  6.967996E-06  5.144748E-14  2.143144E-05
       123   1 -6.903378E-07 -2.301061E-06 -1.923750E-11  4.098652E-06  1.906004E-14  1.024934E-05
       123   2 -6.902990E-07 -2.301061E-06  1.953755E-11  4.098652E-06  7.251905E-15  1.024934E-05
       123   3 -6.903378E-07 -2.301062E-06 -1.950035E-11  4.098652E-06  9.438487E-15 -2.866271E-06
       123   4 -6.902989E-07 -2.301062E-06  1.935898E-11  4.098652E-06 -1.659953E-14 -2.866271E-06
       123   5  6.902991E-07  2.301062E-06 -1.923648E-11 -4.098606E-06  2.282602E-14  1.024934E-05
       123   6  6.903380E-07  2.301062E-06  1.975694E-11 -4.098606E-06  9.923266E-15  1.024934E-05
       123   7  6.902991E-07  2.301061E-06 -1.949933E-11 -4.098606E-06  1.977224E-14 -2.866271E-06
       123   8  6.903379E-07  2.301061E-06  1.932935E-11 -4.098606E-06 -6.265511E-15 -2.866271E-06
       124   1 -3.049874E-07 -1.016566E-06 -1.809218E-11 -1.262207E-06 -3.283882E-15 -4.211217E-06
       124   2 -3.049519E-07 -1.016566E-06  1.731777E-11 -1.262207E-06  8.757018E-15 -4.211217E-06
       124   3 -3.049875E-07 -1.016565E-06 -1.798979E-11 -1.262207E-06 -6.567763E-15 -1.721051E-07
       124   4 -3.049518E-07 -1.016565E-06  1.773771E-11 -1.262207E-06  9.851645E-15 -1.721051E-07
       124   5  3.049513E-07  1.016563E-06 -1.809202E-11  1.262237E-06 -2.189254E-15 -4.211217E-06
       124   6  3.049868E-07  1.016563E-06  1.731794E-11  1.262237E-06  9.851645E-15 -4.211217E-06
       124   7  3.049512E-07  1.016564E-06 -1.799243E-11  1.262237E-06 -3.283882E-15 -1.721051E-07
       124   8  3.049869E-07  1.016564E-06  1.773402E-11  1.262237E-06  6.567763E-15 -1.721051E-07
       125   1 -2.190579E-07 -7.301389E-07 -1.578680E-11  4.955948E-07 -2.829936E-15  1.648823E-06
       125   2 -2.190255E-07 -7.301390E-07  1.659935E-11  4.955948E-07  2.319068E-15  1.648823E-06
       125   3 -2.190579E-07 -7.301394E-07 -1.592650E-11  4.955948E-07  3.665170E-15  6.294688E-08
       125   4 -2.190256E-07 -7.301394E-07  1.643858E-11  4.955948E-07  4.162109E-15  6.294688E-08
       125   5  2.190262E-07  7.301415E-07 -1.576762E-11 -4.955780E-07 -1.127481E-14  1.648823E-06
       125   6  2.190586E-07  7.301415E-07  1.665685E-11 -4.955780E-07 -1.199954E-15  1.648823E-06
       125   7  2.190262E-07  7.301411E-07 -1.590731E-11 -4.955780E-07 -1.025284E-14  6.294688E-08
       125   8  2.190586E-07  7.301411E-07  1.646543E-11 -4.955780E-07 -3.461832E-15  6.294688E-08
       126   1 -1.659225E-07 -5.530219E-07 -1.618730E-11  2.399049E-07  1.094627E-15 -2.754293E-09
       126   2 -1.658906E-07 -5.530219E-07  1.577574E-11  2.399049E-07 -2.189254E-15 -2.754293E-09
       126   3 -1.659225E-07 -5.530216E-07 -1.602767E-11  2.399049E-07  2.189254E-15 -7.704034E-07
       126   4 -1.658906E-07 -5.530217E-07  1.587610E-11  2.399049E-07  1.094627E-15 -7.704034E-07
       126   5  1.658903E-07  5.530209E-07 -1.618984E-11 -2.398758E-07  0.000000E+00 -2.754293E-09
       126   6  1.659223E-07  5.530209E-07  1.577341E-11 -2.398758E-07 -4.378509E-15 -2.754293E-09
       126   7  1.658903E-07  5.530212E-07 -1.603309E-11 -2.398758E-07  3.283882E-15 -7.704034E-07
       126   8  1.659222E-07  5.530212E-07  1.587626E-11 -2.398758E-07 -3.283882E-15 -7.704034E-07
       127   1 -8.304595E-08 -2.767708E-07 -1.449360E-11 -1.411474E-07 -1.238431E-14 -3.531713E-07
       127   2 -8.301634E-08 -2.767708E-07  1.515075E-11 -1.411474E-07  3.541103E-15 -3.531713E-07
       127   3 -8.304596E-08 -2.767709E-07 -1.452999E-11 -1.411474E-07 -2.185419E-14  9.856778E-08
       127   4 -8.301639E-08 -2.767710E-07  1.500326E-11 -1.411474E-07 -2.234793E-14  9.856778E-08
       127   5  8.301678E-08  2.767717E-07 -1.451000E-11  1.411895E-07  1.734915E-14 -3.531713E-07
       127   6  8.304641E-08  2.767717E-07  1.516118E-11  1.411895E-07  4.814248E-15 -3.531713E-07
       127   7  8.301679E-08  2.767716E-07 -1.451573E-11  1.411895E-07  3.500749E-15  9.856778E-08
       127   8  8.304637E-08  2.767715E-07  1.504817E-11  1.411895E-07 -1.341239E-14  9.856778E-08
       128   1 -3.657338E-08 -1.218674E-07 -1.328172E-11  4.359474E-08  8.757018E-15  1.451819E-07
       128   2 -3.654690E-08 -1.218673E-07  1.325943E-11  4.359474E-08  1.313553E-14  1.451819E-07
       128   3 -3.657332E-08 -1.218672E-07 -1.314165E-11  4.359474E-08  1.204090E-14  5.721800E-09
       128   4 -3.654696E-08 -1.218672E-07  1.311232E-11  4.359474E-08  1.423015E-14  5.721800E-09
       128   5  3.654684E-08  1.218667E-07 -1.328267E-11 -4.356779E-08  1.313553E-14  1.451819E-07
       128   6  3.657333E-08  1.218668E-07  1.325815E-11 -4.356779E-08  1.423015E-14  1.451819E-07
       128   7  3.654690E-08  1.218669E-07 -1.314482E-11 -4.356779E-08  1.204090E-14  5.721800E-09
       128   8  3.657327E-08  1.218668E-07  1.311375E-11 -4.356779E-08  1.532478E-14  5.721800E-09
       129   1 -2.617685E-08 -8.721644E-08 -1.186115E-11 -1.710813E-08 -2.644770E-15 -5.693692E-08
       129   2 -2.615296E-08 -8.721644E-08  1.201337E-11 -1.710813E-08  6.442560E-15 -5.693692E-08
       129   3 -2.617686E-08 -8.721650E-08 -1.188686E-11 -1.710813E-08 -8.727621E-15 -2.167307E-09
       129   4 -2.615296E-08 -8.721648E-08  1.202597E-11 -1.710813E-08 -7.346509E-16 -2.167308E-09
       129   5  2.615312E-08  8.721678E-08 -1.185143E-11  1.712288E-08 -1.260852E-15 -5.693692E-08
       129   6  2.617703E-08  8.721680E-08  1.206332E-11  1.712288E-08  2.079952E-15 -5.693692E-08
       129   7  2.615310E-08  8.721672E-08 -1.188480E-11  1.712288E-08 -2.965061E-15 -2.167308E-09
       129   8  2.617702E-08  8.721675E-08  1.203569E-11  1.712288E-08 -2.908004E-15 -2.167308E-09
       130   1 -1.969845E-08 -6.562285E-08 -1.156813E-11 -8.261036E-09  1.970329E-14  9.574179E-11
       130   2 -1.967522E-08 -6.562288E-08  1.156375E-11 -8.261036E-09  1.204090E-14  9.574184E-11
       130   3 -1.969848E-08 -6.562288E-08 -1.165664E-11 -8.261036E-09  2.079792E-14  2.657302E-08
       130   4 -1.967519E-08 -6.562285E-08  1.160747E-11 -8.261036E-09  1.532478E-14  2.657302E-08
       130   5  1.967521E-08  6.562269E-08 -1.156617E-11  8.287265E-09  3.064956E-14  9.574176E-11
       130   6  1.969844E-08  6.562267E-08  1.156659E-11  8.287265E-09  4.378509E-15  9.574185E-11
       130   7  1.967518E-08  6.562266E-08 -1.165557E-11  8.287265E-09  3.283882E-14  2.657302E-08
       130   8  1.969847E-08  6.562269E-08  1.160902E-11  8.287265E-09  2.189254E-15  2.657302E-08
       131   1 -9.357530E-09 -3.115654E-08 -1.077787E-11  4.868181E-09  6.968628E-15  1.217481E-08
       131   2 -9.336458E-09 -3.115649E-08  1.038802E-11  4.868181E-09 -5.217652E-15  1.217480E-08
       131   3 -9.357484E-09 -3.115652E-08 -1.070088E-11  4.868181E-09  1.828476E-14 -3.341552E-09
       131   4 -9.336494E-09 -3.115655E-08  1.027344E-11  4.868181E-09  1.814152E-14 -3.341553E-09
       131   5  9.336048E-09  3.115541E-08 -1.080546E-11 -4.829542E-09  8.543223E-15  1.217480E-08
       131   6  9.357059E-09  3.115540E-08  1.021484E-11 -4.829542E-09 -3.643056E-15  1.217480E-08
       131   7  9.336107E-09  3.115545E-08 -1.069783E-11 -4.829542E-09  2.423894E-14 -3.341552E-09
       131   8  9.357131E-09  3.115545E-08  1.035312E-11 -4.829542E-09  1.643437E-14 -3.341554E-09
       132   1 -3.114254E-09 -1.034975E-08 -1.006367E-11 -1.450018E-09  2.189254E-14 -4.969138E-09
       132   2 -3.095498E-09 -1.034969E-08  8.899951E-12 -1.450018E-09  2.736568E-14 -4.969138E-09
       132   3 -3.114197E-09 -1.034939E-08 -9.008850E-12 -1.450018E-09  2.298717E-14 -2.889856E-10
       132   4 -3.095556E-09 -1.034945E-08  9.686710E-12 -1.450018E-09  2.955493E-14 -2.889856E-10
       132   5  3.095395E-09  1.034906E-08 -1.006026E-11  1.475077E-09  9.961107E-14 -4.969138E-09
       132   6  3.114150E-09  1.034912E-08  8.896674E-12  1.475077E-09 -5.254211E-14 -4.969138E-09
       132   7  3.095449E-09  1.034942E-08 -9.011939E-12  1.475077E-09  9.851645E-14 -2.889855E-10
       132   8  3.114092E-09  1.034936E-08  9.683279E-12  1.475077E-09 -5.144748E-14 -2.889855E-10
       133   1 -1.445029E-09 -4.794046E-09 -6.799650E-12  5.545814E-10 -3.451710E-15  1.232481E-09
       133   2 -1.431314E-09 -4.794058E-09  6.892374E-12  5.545814E-10  3.752091E-16  1.232480E-09
       133   3 -1.445024E-09 -4.794050E-09 -6.799505E-12  5.545814E-10 -4.679959E-15 -5.338043E-10
       133   4 -1.431297E-09 -4.794050E-09  6.921253E-12  5.545814E-10  5.441067E-15 -5.338046E-10
       133   5  1.431424E-09  4.794109E-09 -6.780205E-12 -5.493468E-10 -3.992610E-15  1.232481E-09
       133   6  1.445133E-09  4.794092E-09  6.900326E-12 -5.493468E-10  3.668711E-15  1.232481E-09
       133   7  1.431435E-09  4.794112E-09 -6.764735E-12 -5.493468E-10 -6.314417E-15 -5.338041E-10
       133   8  1.445139E-09  4.794089E-09  6.902387E-12 -5.493468E-10 -3.033742E-15 -5.338043E-10
       134   1 -1.097094E-09 -3.631084E-09 -7.759708E-12  3.292603E-10 -6.567763E-15  3.983617E-11
       134   2 -1.081364E-09 -3.630937E-09  8.581232E-12  3.292603E-10 -6.129912E-14  3.983616E-11
       134   3 -1.096949E-09 -3.631048E-09 -7.704535E-12  3.292603E-10 -5.473136E-15 -9.731763E-10
       134   4 -1.081513E-09 -3.631194E-09  7.952520E-12  3.292603E-10 -5.692061E-14 -9.731763E-10
       134   5  1.081491E-09  3.630881E-09 -7.758709E-12 -3.038724E-10  2.189254E-15  3.983611E-11
       134   6  1.097218E-09  3.631027E-09  8.579460E-12 -3.038724E-10 -7.005614E-14  3.983612E-11
       134   7  1.081635E-09  3.630917E-09 -7.704049E-12 -3.038725E-10  5.473136E-15 -9.731763E-10
       134   8  1.097073E-09  3.630774E-09  7.959249E-12 -3.038725E-10 -6.786689E-14 -9.731763E-10
       135   1 -5.517436E-10 -1.817446E-09 -6.716006E-12 -1.680692E-10 -8.337981E-15 -4.660388E-10
       135   2 -5.388602E-10 -1.817476E-09  6.173556E-12 -1.680692E-10 -8.731362E-15 -4.660381E-10
       135   3 -5.517628E-10 -1.817450E-09 -6.734147E-12 -1.680692E-10 -6.268451E-15  1.292460E-10
       135   4 -5.389023E-10 -1.817502E-09  6.101778E-12 -1.680692E-10  6.456590E-15  1.292468E-10
       135   5  5.382131E-10  1.815879E-09 -6.852384E-12  2.039833E-10 -4.481130E-15 -4.660368E-10
       135   6  5.511326E-10  1.815886E-09  6.121456E-12  2.039833E-10 -7.072318E-15 -4.660369E-10
       135   7  5.382202E-10  1.815902E-09 -6.809228E-12  2.039833E-10 -2.420152E-15  1.292461E-10
       135   8  5.510872E-10  1.815856E-09  6.042016E-12  2.039833E-10 -9.389849E-15  1.292469E-10
       136   1 -2.460322E-10 -8.026112E-10 -5.472583E-12  6.822265E-11  2.189254E-15  1.906540E-10
       136   2 -2.355863E-10 -8.028127E-10  5.000972E-12  6.822265E-11 -3.940658E-14  1.906540E-10
       136   3 -2.462315E-10 -8.027735E-10 -5.869569E-12  6.822263E-11  0.000000E+00  8.312834E-12
       136   4 -2.353886E-10 -8.025787E-10  5.528057E-12  6.822263E-11 -3.940658E-14  8.312802E-12
       136   5  2.355548E-10  8.026658E-10 -5.470544E-12 -4.574055E-11 -1.094627E-15  1.906540E-10
       136   6  2.460035E-10  8.024648E-10  5.002020E-12 -4.574055E-11 -3.393344E-14  1.906540E-10
       136   7  2.353542E-10  8.025020E-10 -5.870882E-12 -4.574056E-11 -3.283882E-15  8.312824E-12
       136   8  2.461996E-10  8.026983E-10  5.529002E-12 -4.574056E-11 -3.721732E-14  8.312793E-12
       137   1 -1.772850E-10 -5.765120E-10 -4.294511E-12 -1.602317E-11  3.608849E-15 -7.448537E-11
       137   2 -1.685037E-10 -5.765424E-10  4.446874E-12 -1.602317E-11  6.738799E-15 -7.448563E-11
       137   3 -1.773012E-10 -5.765329E-10 -4.311359E-12 -1.602317E-11  1.265663E-15 -2.518111E-12
       137   4 -1.685117E-10 -5.765552E-10  4.449176E-12 -1.602317E-11  3.300985E-15 -2.518372E-12
       137   5  1.686569E-10  5.766395E-10 -4.306332E-12  2.895635E-11  8.722810E-16 -7.448537E-11
       137   6  1.774457E-10  5.766164E-10  4.452297E-12  2.895635E-11  6.773006E-15 -7.448563E-11
       137   7  1.686440E-10  5.766218E-10 -4.315519E-12  2.895635E-11 -1.436698E-15 -2.517463E-12
       137   8  1.774401E-10  5.766061E-10  4.460352E-12  2.895635E-11 -3.232571E-15 -2.517723E-12
       138   1 -1.348826E-10 -4.368370E-10 -3.429503E-12  5.747793E-13 -1.532478E-13  3.142258E-13
       138   2 -1.273429E-10 -4.369654E-10  3.651319E-12  5.747793E-13 -8.319167E-14  3.141975E-13
       138   3 -1.350098E-10 -4.369037E-10 -3.485549E-12  5.747606E-13 -1.510586E-13  3.419505E-11
       138   4 -1.272147E-10 -4.367760E-10  4.194163E-12  5.747606E-13 -8.319167E-14  3.419503E-11
       138   5  1.271849E-10  4.367356E-10 -3.431860E-12  2.175027E-11 -1.346391E-13  3.142878E-13
       138   6  1.347226E-10  4.366073E-10  3.651818E-12  2.175027E-11 -1.007057E-13  3.142253E-13
       138   7  1.270547E-10  4.366663E-10 -3.493105E-12  2.175031E-11 -1.302606E-13  3.419510E-11
       138   8  1.348489E-10  4.367944E-10  4.188582E-12  2.175031E-11 -1.007057E-13  3.419507E-11
       139   1 -6.854694E-11 -2.190324E-10 -2.952540E-12  2.171929E-11 -2.545008E-14  1.558404E-11
       139   2 -6.279718E-11 -2.190670E-10  2.689527E-12  2.171929E-11 -3.283882E-15  1.558496E-11
       139   3 -6.867268E-11 -2.191202E-10 -3.119074E-12  2.171929E-11  2.736568E-15 -4.316622E-12
       139   4 -6.279145E-11 -2.190234E-10  2.829539E-12  2.171929E-11 -1.888232E-14 -4.316798E-12
       139   5  6.258623E-11  2.180572E-10 -2.930518E-12  9.281409E-12 -3.831195E-15  1.558366E-11
       139   6  6.838852E-11  2.180752E-10  2.834144E-12  9.281409E-12 -9.167503E-15  1.558457E-11
       139   7  6.246053E-11  2.179694E-10 -3.097033E-12  9.281411E-12 -6.430935E-15 -4.316393E-12
       139   8  6.832836E-11  2.180530E-10  2.820819E-12  9.281411E-12 -1.149359E-14 -4.315475E-12
       140   1 -3.037437E-11 -9.466918E-11 -2.573467E-12  7.819399E-12 -8.757018E-15 -5.902417E-12
       140   2 -2.627040E-11 -9.430247E-11  1.986244E-12  7.819399E-12  1.838974E-13 -5.902423E-12
       140   3 -3.000718E-11 -9.426722E-11 -1.666785E-12  7.819361E-12 -4.378509E-15  1.766079E-13
       140   4 -2.663963E-11 -9.463586E-11  1.178150E-12  7.819395E-12  1.860866E-13  1.766024E-13
       140   5  2.628471E-11  9.417802E-11 -2.572483E-12  1.161884E-11  4.378509E-15 -5.902422E-12
       140   6  3.039597E-11  9.454933E-11  1.995240E-12  1.161884E-11  1.707618E-13 -5.902428E-12
       140   7  2.665064E-11  9.457968E-11 -1.665562E-12  1.161879E-11  4.378509E-15  1.766410E-13
       140   8  3.002214E-11  9.421273E-11  1.181066E-12  1.161879E-11  1.751404E-13  1.766356E-13
       141   1 -2.102052E-11 -6.595235E-11 -1.257765E-12  6.670039E-12  2.462911E-15  2.728899E-12
       141   2 -1.850930E-11 -6.595856E-11  1.138744E-12  6.670039E-12  7.251905E-15  2.728175E-12
       141   3 -2.106752E-11 -6.597935E-11 -1.257195E-12  6.670036E-12  3.694367E-15 -1.687032E-12
       141   4 -1.847752E-11 -6.590676E-11  1.323195E-12  6.670036E-12  1.108310E-14 -1.687756E-12
       141   5  1.857062E-11  6.606818E-11 -1.309452E-12  3.910200E-12  3.147053E-15  2.728955E-12
       141   6  2.106901E-11  6.604896E-11  1.056536E-12  3.910200E-12  1.833501E-14  2.728230E-12
       141   7  1.852350E-11  6.604113E-11 -1.308933E-12  3.910195E-12  1.368284E-16 -1.687592E-12
       141   8  2.108760E-11  6.608760E-11  1.210315E-12  3.910195E-12  3.147053E-15 -1.688317E-12
       142   1 -1.533928E-11 -4.769878E-11 -1.353786E-12  7.138546E-12  1.554371E-13 -2.369599E-12
       142   2 -1.297241E-11 -4.719466E-11  2.983761E-12  7.138555E-12 -7.443465E-14 -2.369687E-12
       142   3 -1.483518E-11 -4.738831E-11 -6.946059E-13  7.138523E-12  1.576263E-13  6.601368E-13
       142   4 -1.347430E-11 -4.789183E-11  1.290143E-12  7.138523E-12 -7.224539E-14  6.601173E-13
       142   5  1.311393E-11  4.714194E-11 -1.342175E-12  9.032245E-12 -5.473136E-14 -2.369582E-12
       142   6  1.547217E-11  4.764078E-11  2.986393E-12  9.032245E-12  1.335445E-13 -2.369602E-12
       142   7  1.361556E-11  4.744995E-11 -6.887421E-13  9.032202E-12 -5.692061E-14  6.601579E-13
       142   8  1.497078E-11  4.694494E-11  1.296708E-12  9.032202E-12  1.379230E-13  6.601383E-13
       143   1 -6.234023E-12 -1.873687E-11 -8.474399E-13  5.706965E-12  5.910987E-14 -1.758738E-13
       143   2 -5.261364E-12 -1.859280E-11  1.161044E-12  5.706965E-12 -1.083681E-13 -1.685794E-13
       143   3 -5.851753E-12 -1.838331E-11 -1.713247E-13  5.706959E-12  0.000000E+00  7.655056E-13
       143   4 -5.633669E-12 -1.899423E-11  7.511699E-14  5.706959E-12 -8.209704E-14  7.728000E-13
       143   5  4.549336E-12  1.753359E-11 -1.157363E-12  6.295861E-12  1.641941E-14 -1.709473E-13
       143   6  5.645883E-12  1.780206E-11  1.141906E-12  6.295861E-12 -1.390177E-13 -1.636528E-13
       143   7  5.063679E-12  1.801882E-11 -1.744447E-13  6.295826E-12  2.627105E-14  7.720741E-13
       143   8  5.320272E-12  1.744692E-11  1.635608E-13  6.295826E-12 -1.368284E-13  7.793685E-13
       144   1 -2.155159E-12 -8.049842E-12 -1.295546E-13  1.710497E-12  0.000000E+00  2.115822E-12
       144   2 -3.409034E-12 -9.653422E-12 -2.097810E-12  1.710497E-12 -2.145469E-13  2.115780E-12
       144   3 -3.758686E-12 -9.646826E-12 -3.871703E-12  1.710531E-12 -4.378509E-15 -2.809051E-12
       144   4 -1.813581E-12 -8.044312E-12  1.648044E-12  1.710565E-12 -2.189254E-13 -2.809059E-12
       144   5  3.306100E-12  1.010685E-11 -1.318535E-13 -1.367544E-12  0.000000E+00  2.115854E-12
       144   6  2.054860E-12  8.505221E-12 -2.096244E-12 -1.367509E-12 -2.145469E-13  2.115812E-12
       144   7  1.697511E-12  8.508636E-12 -3.873044E-12 -1.367492E-12  0.000000E+00 -2.809010E-12
       144   8  3.656401E-12  1.011659E-11  1.651047E-12 -1.367492E-12 -2.101684E-13 -2.809052E-12
       145   1 -1.071197E-12 -7.176579E-12 -9.850578E-13 -2.875595E-13 -1.532478E-13 -1.386942E-12
       145   2 -1.665164E-12 -7.805295E-12 -2.672421E-12 -2.875681E-13 -2.495750E-13 -1.385550E-12
       145   3 -1.964028E-12 -7.957097E-12 -2.648243E-12 -2.876502E-13 -1.838974E-13 -6.138617E-13
       145   4 -1.057433E-12 -7.087029E-12 -8.402226E-13 -2.876502E-13 -3.021171E-13 -6.127430E-13
       145   5  3.756656E-12  8.504640E-12 -6.113802E-13  1.952908E-13 -3.502807E-14 -1.387867E-12
       145   6  3.094651E-12  7.801728E-12 -2.478023E-12  1.952224E-13 -2.539535E-13 -1.388390E-12
       145   7  2.825376E-12  7.685125E-12 -2.366104E-12  1.951146E-13 -6.567763E-14 -6.145127E-13
       145   8  3.806269E-12  8.624565E-12 -4.011410E-13  1.951146E-13 -2.802246E-13 -6.133939E-13
       146   1  0.000000E+00  0.000000E+00  0.000000E+00  0.000000E+00  0.000000E+00  0.000000E+00
       146   2  0.000000E+00  0.000000E+00  0.000000E+00  0.000000E+00  0.000000E+00  0.000000E+00
       146   3  0.000000E+00  0.000000E+00  0.000000E+00  0.000000E+00  0.000000E+00  0.000000E+00
       146   4  0.000000E+00  0.000000E+00  0.000000E+00  0.000000E+00  0.000000E+00  0.000000E+00
       146   5  0.000000E+00  0.000000E+00  0.000000E+00  0.000000E+00  0.000000E+00  0.000000E+00
       146   6  0.000000E+00  0.000000E+00  0.000000E+00  0.000000E+00  0.000000E+00  0.000000E+00
       146   7  0.000000E+00  0.000000E+00  0.000000E+00  0.000000E+00  0.000000E+00  0.000000E+00
       146   8  0.000000E+00  0.000000E+00  0.000000E+00  0.000000E+00  0.000000E+00  0.000000E+00
       147   1  0.000000E+00  0.000000E+00  0.000000E+00  0.000000E+00  0.000000E+00  0.000000E+00
       147   2  0.000000E+00  0.000000E+00  0.000000E+00  0.000000E+00  0.000000E+00  0.000000E+00
       147   3  0.000000E+00  0.000000E+00  0.000000E+00  0.000000E+00  0.000000E+00  0.000000E+00
       147   4  0.000000E+00  0.000000E+00  0.000000E+00  0.000000E+00  0.000000E+00  0.000000E+00
       147   5  0.000000E+00  0.000000E+00  0.000000E+00  0.000000E+00  0.000000E+00  0.000000E+00
       147   6  0.000000E+00  0.000000E+00  0.000000E+00  0.000000E+00  0.000000E+00  0.000000E+00
       147   7  0.000000E+00  0.000000E+00  0.000000E+00  0.000000E+00  0.000000E+00  0.000000E+00
       147   8  0.000000E+00  0.000000E+00  0.000000E+00  0.000000E+00  0.000000E+00  0.000000E+00
       148   1  0.000000E+00  0.000000E+00  0.000000E+00  0.000000E+00  0.000000E+00  0.000000E+00
       148   2  0.000000E+00  0.000000E+00  0.000000E+00  0.000000E+00  0.000000E+00  0.000000E+00
       148   3  0.000000E+00  0.000000E+00  0.000000E+00  0.000000E+00  0.000000E+00  0.000000E+00
       148   4  0.000000E+00  0.000000E+00  0.000000E+00  0.000000E+00  0.000000E+00  0.000000E+00
       148   5  0.000000E+00  0.000000E+00  0.000000E+00  0.000000E+00  0.000000E+00  0.000000E+00
       148   6  0.000000E+00  0.000000E+00  0.000000E+00  0.000000E+00  0.000000E+00  0.000000E+00
       148   7  0.000000E+00  0.000000E+00  0.000000E+00  0.000000E+00  0.000000E+00  0.000000E+00
       148   8  0.000000E+00  0.000000E+00  0.000000E+00  0.000000E+00  0.000000E+00  0.000000E+00
       149   1  0.000000E+00  0.000000E+00  0.000000E+00  0.000000E+00  0.000000E+00  0.000000E+00
       149   2  0.000000E+00  0.000000E+00  0.000000E+00  0.000000E+00  0.000000E+00  0.000000E+00
       149   3  0.000000E+00  0.000000E+00  0.000000E+00  0.000000E+00  0.000000E+00  0.000000E+00
       149   4  0.000000E+00  0.000000E+00  0.000000E+00  0.000000E+00  0.000000E+00  0.000000E+00
       149   5  0.000000E+00  0.000000E+00  0.000000E+00  0.000000E+00  0.000000E+00  0.000000E+00
       149   6  0.000000E+00  0.000000E+00  0.000000E+00  0.000000E+00  0.000000E+00  0.000000E+00
       149   7  0.000000E+00  0.000000E+00  0.000000E+00  0.000000E+00  0.000000E+00  0.000000E+00
       149   8  0.000000E+00  0.000000E+00  0.000000E+00  0.000000E+00  0.000000E+00  0.000000E+00
       150   1 -2.911352E-06 -9.704445E-06 -1.694080E-11 -1.946000E-05  5.978760E-15 -3.201909E-05
       150   2 -2.911316E-06 -9.704445E-06  1.862160E-11 -1.946000E-05  3.562082E-15 -3.201909E-05
       150   3 -2.911352E-06 -9.704447E-06 -1.780411E-11 -1.946000E-05  1.515268E-15  1.663091E-05
       150   4 -2.911316E-06 -9.704447E-06  1.775829E-11 -1.946000E-05  1.929494E-16  1.663091E-05
       150   5  2.911317E-06  9.704452E-06 -1.696634E-11  1.946001E-05  5.240635E-16 -3.201909E-05
       150   6  2.911353E-06  9.704452E-06  1.858265E-11  1.946001E-05 -2.987242E-15 -3.201909E-05
       150   7  2.911317E-06  9.704449E-06 -1.780667E-11  1.946001E-05  4.393474E-16  1.663091E-05
       150   8  2.911353E-06  9.704449E-06  1.775190E-11  1.946001E-05 -3.072760E-15  1.663091E-05
       151   1  0.000000E+00  0.000000E+00  0.000000E+00  0.000000E+00  0.000000E+00  0.000000E+00
       151   2  0.000000E+00  0.000000E+00  0.000000E+00  0.000000E+00  0.000000E+00  0.000000E+00
       151   3  0.000000E+00  0.000000E+00  0.000000E+00  0.000000E+00  0.000000E+00  0.000000E+00
       151   4  0.000000E+00  0.000000E+00  0.000000E+00  0.000000E+00  0.000000E+00  0.000000E+00
       151   5  0.000000E+00  0.000000E+00  0.000000E+00  0.000000E+00  0.000000E+00  0.000000E+00
       151   6  0.000000E+00  0.000000E+00  0.000000E+00  0.000000E+00  0.000000E+00  0.000000E+00
       151   7  0.000000E+00  0.000000E+00  0.000000E+00  0.000000E+00  0.000000E+00  0.000000E+00
       151   8  0.000000E+00  0.000000E+00  0.000000E+00  0.000000E+00  0.000000E+00  0.000000E+00
       152   1  0.000000E+00  0.000000E+00  0.000000E+00  0.000000E+00  0.000000E+00  0.000000E+00
       152   2  0.000000E+00  0.000000E+00  0.000000E+00  0.000000E+00  0.000000E+00  0.000000E+00
       152   3  0.000000E+00  0.000000E+00  0.000000E+00  0.000000E+00  0.000000E+00  0.000000E+00
       152   4  0.000000E+00  0.000000E+00  0.000000E+00  0.000000E+00  0.000000E+00  0.000000E+00
       152   5  0.000000E+00  0.000000E+00  0.000000E+00  0.000000E+00  0.000000E+00  0.000000E+00
       152   6  0.000000E+00  0.000000E+00  0.000000E+00  0.000000E+00  0.000000E+00  0.000000E+00
       152   7  0.000000E+00  0.000000E+00  0.000000E+00  0.000000E+00  0.000000E+00  0.000000E+00
       152   8  0.000000E+00  0.000000E+00  0.000000E+00  0.000000E+00  0.000000E+00  0.000000E+00
       153   1  0.000000E+00  0.000000E+00  0.000000E+00  0.000000E+00  0.000000E+00  0.000000E+00
       153   2  0.000000E+00  0.000000E+00  0.000000E+00  0.000000E+00  0.000000E+00  0.000000E+00
       153   3  0.000000E+00  0.000000E+00  0.000000E+00  0.000000E+00  0.000000E+00  0.000000E+00
       153   4  0.000000E+00  0.000000E+00  0.000000E+00  0.000000E+00  0.000000E+00  0.000000E+00
       153   5  0.000000E+00  0.000000E+00  0.000000E+00  0.000000E+00  0.000000E+00  0.000000E+00
       153   6  0.000000E+00  0.000000E+00  0.000000E+00  0.000000E+00  0.000000E+00  0.000000E+00
       153   7  0.000000E+00  0.000000E+00  0.000000E+00  0.000000E+00  0.000000E+00  0.000000E+00
       153   8  0.000000E+00  0.000000E+00  0.000000E+00  0.000000E+00  0.000000E+00  0.000000E+00
       154   1  0.000000E+00  0.000000E+00  0.000000E+00  0.000000E+00  0.000000E+00  0.000000E+00
       154   2  0.000000E+00  0.000000E+00  0.000000E+00  0.000000E+00  0.000000E+00  0.000000E+00
       154   3  0.000000E+00  0.000000E+00  0.000000E+00  0.000000E+00  0.000000E+00  0.000000E+00
       154   4  0.000000E+00  0.000000E+00  0.000000E+00  0.000000E+00  0.000000E+00  0.000000E+00
       154   5  0.000000E+00  0.000000E+00  0.000000E+00  0.000000E+00  0.000000E+00  0.000000E+00
       154   6  0.000000E+00  0.000000E+00  0.000000E+00  0.000000E+00  0.000000E+00  0.000000E+00
       154   7  0.000000E+00  0.000000E+00  0.000000E+00  0.000000E+00  0.000000E+00  0.000000E+00
       154   8  0.000000E+00  0.000000E+00  0.000000E+00  0.000000E+00  0.000000E+00  0.000000E+00
       155   1 -2.307947E-09 -7.670483E-09 -6.775022E-12  8.857599E-10 -4.446923E-15  1.453267E-09
       155   2 -2.294230E-09 -7.670485E-09  6.914959E-12  8.857599E-10 -5.272169E-15  1.453266E-09
       155   3 -2.307961E-09 -7.670498E-09 -6.789585E-12  8.857599E-10 -5.326687E-15 -7.545896E-10
       155   4 -2.294233E-09 -7.670490E-09  6.925298E-12  8.857599E-10 -5.057306E-15 -7.545905E-10
       155   5  2.294358E-09  7.670547E-09 -6.788081E-12 -8.805253E-10 -6.631901E-15  1.453267E-09
       155   6  2.308078E-09  7.670548E-09  6.909564E-12 -8.805253E-10 -5.542619E-15  1.453266E-09
       155   7  2.294337E-09  7.670525E-09 -6.817968E-12 -8.805253E-10 -6.417038E-15 -7.545894E-10
       155   8  2.308073E-09  7.670542E-09  6.916072E-12 -8.805253E-10 -6.421314E-15 -7.545903E-10
