hour,line,demand_kwh,generation_kwh,grid_import_kwh,unserved_kwh,curtailed_kwh,closing_soc_kwh
0,line-43,1822.9430204081634,0.0,1822.9430204081634,0.0,0.0,2200.0
1,line-43,1822.9430204081634,0.0,1822.9430204081634,0.0,0.0,2200.0
2,line-43,0.0,0.0,0.0,0.0,0.0,2200.0
3,line-43,0.0,0.0,0.0,0.0,0.0,2200.0
4,line-43,0.0,0.0,0.0,0.0,0.0,2200.0
5,line-43,1822.943020408163,0.0,1822.943020408163,0.0,0.0,2200.0
6,line-43,3645.886040816327,1044.0089608166775,2601.8770799996496,0.0,0.0,2200.0
7,line-43,7291.772081632654,3060.8793970767592,4230.892684555895,0.0,0.0,2200.0
8,line-43,7291.772081632654,4869.15596076843,2422.6161208642247,0.0,0.0,2200.0
9,line-43,3645.886040816327,6345.607592394419,0.0,0.0,0.0,4764.735473999184
10,line-43,3645.886040816327,7389.616553211094,0.0,0.0,0.0,8321.279460774214
11,line-43,3645.886040816327,7930.03535784519,0.0,0.0,0.0,12391.221311951631
12,line-43,3645.886040816327,7930.03535784519,0.0,0.0,0.0,16461.16316312905
13,line-43,3645.886040816327,7389.616553211094,0.0,0.0,0.0,20017.70714990408
14,line-43,3645.886040816327,6345.607592394419,0.0,0.0,613.0974988455445,22000.0
15,line-43,7291.772081632654,4869.155960768432,0.0,0.0,0.0,19449.877767511345
16,line-43,7291.772081632654,3060.87939707676,0.0,0.0,0.0,14996.3065206104
17,line-43,3645.886040816327,1044.0089608166809,0.0,0.0,0.0,12257.488541663408
18,line-43,3645.886040816327,0.0,0.0,0.0,0.0,8419.713761856747
19,line-43,3645.886040816327,0.0,0.0,0.0,0.0,4581.9389820500855
20,line-43,3645.886040816327,0.0,1383.0440078687461,0.0,0.0,2200.0
21,line-43,3645.886040816327,0.0,3645.886040816327,0.0,0.0,2200.0
22,line-43,3645.886040816327,0.0,3645.886040816327,0.0,0.0,2200.0
23,line-43,2734.4145306122496,0.0,2734.4145306122496,0.0,0.0,2200.0
24,line-43,1822.9430204081634,0.0,1822.9430204081634,0.0,0.0,2200.0
25,line-43,1822.9430204081634,0.0,1822.9430204081634,0.0,0.0,2200.0
26,line-43,0.0,0.0,0.0,0.0,0.0,2200.0
27,line-43,0.0,0.0,0.0,0.0,0.0,2200.0
28,line-43,0.0,0.0,0.0,0.0,0.0,2200.0
29,line-43,1822.943020408163,0.0,1822.943020408163,0.0,0.0,2200.0
30,line-43,3645.886040816327,1045.2049475519182,2600.6810932644094,0.0,0.0,2200.0
31,line-43,7291.772081632654,3064.385852762937,4227.386228869718,0.0,0.0,2200.0
32,line-43,7291.772081632654,4874.733926245223,2417.0381553874313,0.0,0.0,2200.0
33,line-43,3645.886040816327,6352.876938532607,0.0,0.0,0.0,4771.641352830464
34,line-43,3645.886040816327,7398.081886084525,0.0,0.0,0.0,8336.22740583525
35,line-43,3645.886040816327,7939.119779008159,0.0,0.0,0.0,12414.79945711749
36,line-43,3645.886040816327,7939.119779008159,0.0,0.0,0.0,16493.371508399727
37,line-43,3645.886040816327,7398.081886084526,0.0,0.0,0.0,20057.957561404517
38,line-43,3645.886040816327,6352.876938532607,0.0,0.0,662.7356991947156,22000.0
39,line-43,7291.772081632654,4874.733926245223,0.0,0.0,0.0,19455.749310118492
40,line-43,7291.772081632654,3064.3858527629377,0.0,0.0,0.0,15005.869069203003
41,line-43,3645.886040816327,1045.2049475519216,0.0,0.0,0.0,12268.310023661523
42,line-43,3645.886040816327,0.0,0.0,0.0,0.0,8430.53524385486
43,line-43,3645.886040816327,0.0,0.0,0.0,0.0,4592.7604640481995
44,line-43,3645.886040816327,0.0,1372.763599970539,0.0,0.0,2200.0
45,line-43,3645.886040816327,0.0,3645.886040816327,0.0,0.0,2200.0
46,line-43,3645.886040816327,0.0,3645.886040816327,0.0,0.0,2200.0
47,line-43,2734.4145306122496,0.0,2734.4145306122496,0.0,0.0,2200.0
48,line-43,1822.9430204081634,0.0,1822.9430204081634,0.0,0.0,2200.0
49,line-43,1822.9430204081634,0.0,1822.9430204081634,0.0,0.0,2200.0
50,line-43,0.0,0.0,0.0,0.0,0.0,2200.0
51,line-43,0.0,0.0,0.0,0.0,0.0,2200.0
52,line-43,0.0,0.0,0.0,0.0,0.0,2200.0
53,line-43,1822.943020408163,0.0,1822.943020408163,0.0,0.0,2200.0
54,line-43,3645.886040816327,1046.5011463470216,2599.384894469306,0.0,0.0,2200.0
55,line-43,7291.772081632654,3068.1861153424315,4223.585966290223,0.0,0.0,2200.0
56,line-43,7291.772081632654,4880.779270994547,2410.9928106381085,0.0,0.0,2200.0
57,line-43,3645.886040816327,6360.755385197493,0.0,0.0,0.0,4779.125877162108
58,line-43,3645.886040816327,7407.256531544517,0.0,0.0,0.0,8352.427843353891
59,line-43,3645.886040816327,7948.965386336975,0.0,0.0,0.0,12440.353221598503
60,line-43,3645.886040816327,7948.965386336975,0.0,0.0,0.0,16528.278599843125
61,line-43,3645.886040816327,7407.256531544517,0.0,0.0,0.0,20101.5805660349
62,line-43,3645.886040816327,6360.755385197493,0.0,0.0,716.5330981021177,22000.0
63,line-43,7291.772081632654,4880.779270994549,0.0,0.0,0.0,19462.112830907256
64,line-43,7291.772081632654,3068.186115342432,0.0,0.0,0.0,15016.232866391229
65,line-43,3645.886040816327,1046.501146347025,0.0,0.0,0.0,12280.038240634072
66,line-43,3645.886040816327,0.0,0.0,0.0,0.0,8442.263460827411
67,line-43,3645.886040816327,0.0,0.0,0.0,0.0,4604.488681020749
68,line-43,3645.886040816327,0.0,1361.6217938466145,0.0,0.0,2200.0
69,line-43,3645.886040816327,0.0,3645.886040816327,0.0,0.0,2200.0
70,line-43,3645.886040816327,0.0,3645.886040816327,0.0,0.0,2200.0
71,line-43,2734.4145306122496,0.0,2734.4145306122496,0.0,0.0,2200.0
72,line-43,1822.9430204081634,0.0,1822.9430204081634,0.0,0.0,2200.0
73,line-43,1822.9430204081634,0.0,1822.9430204081634,0.0,0.0,2200.0
74,line-43,0.0,0.0,0.0,0.0,0.0,2200.0
75,line-43,0.0,0.0,0.0,0.0,0.0,2200.0
76,line-43,0.0,0.0,0.0,0.0,0.0,2200.0
77,line-43,1822.943020408163,0.0,1822.943020408163,0.0,0.0,2200.0
78,line-43,3645.886040816327,1047.897173110311,2597.988867706016,0.0,0.0,2200.0
79,line-43,7291.772081632654,3072.279058715425,4219.4930229172305,0.0,0.0,2200.0
80,line-43,7291.772081632654,4887.290203650281,2404.4818779823736,0.0,0.0,2200.0
81,line-43,3645.886040816327,6369.240597835311,0.0,0.0,0.0,4787.186829168032
82,line-43,3645.886040816327,7417.137770945619,0.0,0.0,0.0,8369.875972790862
83,line-43,3645.886040816327,7959.569262365702,0.0,0.0,0.0,12467.87503326277
84,line-43,3645.886040816327,7959.569262365702,0.0,0.0,0.0,16565.874093734677
85,line-43,3645.886040816327,7417.137770945621,0.0,0.0,0.0,20148.563237357514
86,line-43,3645.886040816327,6369.240597835311,0.0,0.0,774.4737542374121,22000.0
87,line-43,7291.772081632654,4887.290203650284,0.0,0.0,0.0,19468.96644422908
88,line-43,7291.772081632654,3072.279058715425,0.0,0.0,0.0,15027.394841158313
89,line-43,3645.886040816327,1047.8971731103145,0.0,0.0,0.0,12292.66971725725
90,line-43,3645.886040816327,0.0,0.0,0.0,0.0,8454.894937450586
91,line-43,3645.886040816327,0.0,0.0,0.0,0.0,4617.120157643923
92,line-43,3645.886040816327,0.0,1349.6218910545986,0.0,0.0,2200.0
93,line-43,3645.886040816327,0.0,3645.886040816327,0.0,0.0,2200.0
94,line-43,3645.886040816327,0.0,3645.886040816327,0.0,0.0,2200.0
95,line-43,2734.4145306122496,0.0,2734.4145306122496,0.0,0.0,2200.0
96,line-43,1822.9430204081634,0.0,1822.9430204081634,0.0,0.0,2200.0
97,line-43,1822.9430204081634,0.0,1822.9430204081634,0.0,0.0,2200.0
98,line-43,0.0,0.0,0.0,0.0,0.0,2200.0
99,line-43,0.0,0.0,0.0,0.0,0.0,2200.0
100,line-43,0.0,0.0,0.0,0.0,0.0,2200.0
101,line-43,1822.943020408163,0.0,1822.943020408163,0.0,0.0,2200.0
102,line-43,3645.886040816327,1049.3926141689271,2596.4934266474,0.0,0.0,2200.0
103,line-43,7291.772081632654,3076.663470054461,4215.108611578193,0.0,0.0,2200.0
104,line-43,7291.772081632654,4894.264794882567,2397.507286750088,0.0,0.0,2200.0
105,line-43,3645.886040816327,6378.33006209442,0.0,0.0,0.0,4795.821820214189
106,line-43,3645.886040816327,7427.722676263348,0.0,0.0,0.0,8388.566623888857
107,line-43,3645.886040816327,7970.928264937027,0.0,0.0,0.0,12497.356736803522
108,line-43,3645.886040816327,7970.928264937027,0.0,0.0,0.0,16606.14684971819
109,line-43,3645.886040816327,7427.72267626335,0.0,0.0,0.0,20198.891653392853
110,line-43,3645.886040816327,6378.33006209442,0.0,0.0,836.5404985337298,22000.0
111,line-43,7291.772081632654,4894.264794882569,0.0,0.0,0.0,19476.30811921044
112,line-43,7291.772081632654,3076.663470054461,0.0,0.0,0.0,15039.35168597023
113,line-43,3645.886040816327,1049.3926141689308,0.0,0.0,0.0,12306.200710551924
114,line-43,3645.886040816327,0.0,0.0,0.0,0.0,8468.42593074526
115,line-43,3645.886040816327,0.0,0.0,0.0,0.0,4630.6511509386
116,line-43,3645.886040816327,0.0,1336.7674474246573,0.0,0.0,2200.0
117,line-43,3645.886040816327,0.0,3645.886040816327,0.0,0.0,2200.0
118,line-43,3645.886040816327,0.0,3645.886040816327,0.0,0.0,2200.0
119,line-43,2734.4145306122496,0.0,2734.4145306122496,0.0,0.0,2200.0
120,line-43,1822.9430204081634,0.0,1822.9430204081634,0.0,0.0,2200.0
121,line-43,1822.9430204081634,0.0,1822.9430204081634,0.0,0.0,2200.0
122,line-43,0.0,0.0,0.0,0.0,0.0,2200.0
123,line-43,0.0,0.0,0.0,0.0,0.0,2200.0
124,line-43,0.0,0.0,0.0,0.0,0.0,2200.0
125,line-43,1822.943020408163,0.0,1822.943020408163,0.0,0.0,2200.0
126,line-43,3645.886040816327,105.09870263914104,3540.7873381771865,0.0,0.0,2200.0
127,line-43,7291.772081632654,308.1338050163839,6983.6382766162715,0.0,0.0,2200.0
128,line-43,7291.772081632654,490.1700977969494,6801.601983835706,0.0,0.0,2200.0
129,line-43,3645.886040816327,638.8021084570396,3007.083932359288,0.0,0.0,2200.0
130,line-43,3645.886040816327,743.9008110961809,2901.985229720146,0.0,0.0,2200.0
131,line-43,3645.886040816327,798.3039028133333,2847.582138002995,0.0,0.0,2200.0
132,line-43,3645.886040816327,798.3039028133333,2847.582138002995,0.0,0.0,2200.0
133,line-43,3645.886040816327,743.9008110961809,2901.985229720146,0.0,0.0,2200.0
134,line-43,3645.886040816327,638.8021084570396,3007.083932359288,0.0,0.0,2200.0
135,line-43,7291.772081632654,490.17009779694945,6801.601983835706,0.0,0.0,2200.0
136,line-43,7291.772081632654,308.133805016384,6983.6382766162715,0.0,0.0,2200.0
137,line-43,3645.886040816327,105.09870263914135,3540.787338177186,0.0,0.0,2200.0
138,line-43,3645.886040816327,0.0,3645.886040816327,0.0,0.0,2200.0
139,line-43,3645.886040816327,0.0,3645.886040816327,0.0,0.0,2200.0
140,line-43,3645.886040816327,0.0,3645.886040816327,0.0,0.0,2200.0
141,line-43,3645.886040816327,0.0,3645.886040816327,0.0,0.0,2200.0
142,line-43,3645.886040816327,0.0,3645.886040816327,0.0,0.0,2200.0
143,line-43,2734.4145306122496,0.0,2734.4145306122496,0.0,0.0,2200.0
144,line-43,1822.9430204081634,0.0,1822.9430204081634,0.0,0.0,2200.0
145,line-43,1822.9430204081634,0.0,1822.9430204081634,0.0,0.0,2200.0
146,line-43,0.0,0.0,0.0,0.0,0.0,2200.0
147,line-43,0.0,0.0,0.0,0.0,0.0,2200.0
148,line-43,0.0,0.0,0.0,0.0,0.0,2200.0
149,line-43,1822.943020408163,0.0,1822.943020408163,0.0,0.0,2200.0
150,line-43,3645.886040816327,105.26799373190084,3540.6180470844265,0.0,0.0,2200.0
151,line-43,7291.772081632654,308.63014138645855,6983.141940246196,0.0,0.0,2200.0
152,line-43,7291.772081632654,490.959654940953,6800.812426691704,0.0,0.0,2200.0
153,line-43,3645.886040816327,639.8310793604132,3006.0549614559154,0.0,0.0,2200.0
154,line-43,3645.886040816327,745.099073092314,2900.786967724013,0.0,0.0,2200.0
155,line-43,3645.886040816327,799.5897963274114,2846.296244488916,0.0,0.0,2200.0
156,line-43,3645.886040816327,799.5897963274114,2846.296244488916,0.0,0.0,2200.0
157,line-43,3645.886040816327,745.0990730923141,2900.786967724013,0.0,0.0,2200.0
158,line-43,3645.886040816327,639.8310793604132,3006.0549614559154,0.0,0.0,2200.0
159,line-43,7291.772081632654,490.9596549409531,6800.812426691702,0.0,0.0,2200.0
160,line-43,7291.772081632654,308.6301413864586,6983.141940246196,0.0,0.0,2200.0
161,line-43,3645.886040816327,105.26799373190119,3540.618047084426,0.0,0.0,2200.0
162,line-43,3645.886040816327,0.0,3645.886040816327,0.0,0.0,2200.0
163,line-43,3645.886040816327,0.0,3645.886040816327,0.0,0.0,2200.0
164,line-43,3645.886040816327,0.0,3645.886040816327,0.0,0.0,2200.0
165,line-43,3645.886040816327,0.0,3645.886040816327,0.0,0.0,2200.0
166,line-43,3645.886040816327,0.0,3645.886040816327,0.0,0.0,2200.0
167,line-43,2734.4145306122496,0.0,2734.4145306122496,0.0,0.0,2200.0
168,line-43,1822.9430204081634,0.0,1822.9430204081634,0.0,0.0,2200.0
169,line-43,1822.9430204081634,0.0,1822.9430204081634,0.0,0.0,2200.0
170,line-43,0.0,0.0,0.0,0.0,0.0,2200.0
171,line-43,0.0,0.0,0.0,0.0,0.0,2200.0
172,line-43,0.0,0.0,0.0,0.0,0.0,2200.0
173,line-43,1822.943020408163,0.0,1822.943020408163,0.0,0.0,2200.0
174,line-43,3645.886040816327,105.44708453056778,3540.438956285759,0.0,0.0,2200.0
175,line-43,7291.772081632654,309.15520904049174,6982.616872592164,0.0,0.0,2200.0
176,line-43,7291.772081632654,491.7949169574454,6799.97716467521,0.0,0.0,2200.0
177,line-43,3645.886040816327,640.9196140132766,3004.966426803051,0.0,0.0,2200.0
178,line-43,3645.886040816327,746.3666985438444,2899.5193422724833,0.0,0.0,2200.0
179,line-43,3645.886040816327,800.9501259979369,2844.9359148183908,0.0,0.0,2200.0
180,line-43,3645.886040816327,800.9501259979369,2844.9359148183908,0.0,0.0,2200.0
181,line-43,3645.886040816327,746.3666985438444,2899.5193422724833,0.0,0.0,2200.0
182,line-43,3645.886040816327,640.9196140132766,3004.966426803051,0.0,0.0,2200.0
183,line-43,7291.772081632654,491.7949169574455,6799.97716467521,0.0,0.0,2200.0
184,line-43,7291.772081632654,309.1552090404918,6982.616872592164,0.0,0.0,2200.0
185,line-43,3645.886040816327,105.44708453056813,3540.438956285759,0.0,0.0,2200.0
186,line-43,3645.886040816327,0.0,3645.886040816327,0.0,0.0,2200.0
187,line-43,3645.886040816327,0.0,3645.886040816327,0.0,0.0,2200.0
188,line-43,3645.886040816327,0.0,3645.886040816327,0.0,0.0,2200.0
189,line-43,3645.886040816327,0.0,3645.886040816327,0.0,0.0,2200.0
190,line-43,3645.886040816327,0.0,3645.886040816327,0.0,0.0,2200.0
191,line-43,2734.4145306122496,0.0,2734.4145306122496,0.0,0.0,2200.0
192,line-43,1822.9430204081634,0.0,1822.9430204081634,0.0,0.0,2200.0
193,line-43,1822.9430204081634,0.0,1822.9430204081634,0.0,0.0,2200.0
194,line-43,0.0,0.0,0.0,0.0,0.0,2200.0
195,line-43,0.0,0.0,0.0,0.0,0.0,2200.0
196,line-43,0.0,0.0,0.0,0.0,0.0,2200.0
197,line-43,1822.943020408163,0.0,1822.943020408163,0.0,0.0,2200.0
198,line-43,3645.886040816327,105.63592196667315,3540.250118849655,0.0,0.0,2200.0
199,line-43,7291.772081632654,309.7088523896059,6982.063229243049,0.0,0.0,2200.0
200,line-43,7291.772081632654,492.675636340265,6799.096445292391,0.0,0.0,2200.0
201,line-43,3645.886040816327,642.0673898593202,3003.818650957008,0.0,0.0,2200.0
202,line-43,3645.886040816327,747.7033118259935,2898.1827289903335,0.0,0.0,2200.0
203,line-43,3645.886040816327,802.3844887298708,2843.5015520864567,0.0,0.0,2200.0
204,line-43,3645.886040816327,802.3844887298708,2843.5015520864567,0.0,0.0,2200.0
205,line-43,3645.886040816327,747.7033118259935,2898.1827289903335,0.0,0.0,2200.0
206,line-43,3645.886040816327,642.0673898593202,3003.818650957008,0.0,0.0,2200.0
207,line-43,7291.772081632654,492.67563634026544,6799.096445292391,0.0,0.0,2200.0
208,line-43,7291.772081632654,309.70885238960597,6982.063229243049,0.0,0.0,2200.0
209,line-43,3645.886040816327,105.63592196667352,3540.250118849655,0.0,0.0,2200.0
210,line-43,3645.886040816327,0.0,3645.886040816327,0.0,0.0,2200.0
211,line-43,3645.886040816327,0.0,3645.886040816327,0.0,0.0,2200.0
212,line-43,3645.886040816327,0.0,3645.886040816327,0.0,0.0,2200.0
213,line-43,3645.886040816327,0.0,3645.886040816327,0.0,0.0,2200.0
214,line-43,3645.886040816327,0.0,3645.886040816327,0.0,0.0,2200.0
215,line-43,2734.4145306122496,0.0,2734.4145306122496,0.0,0.0,2200.0
216,line-43,1822.9430204081634,0.0,1822.9430204081634,0.0,0.0,2200.0
217,line-43,1822.9430204081634,0.0,1822.9430204081634,0.0,0.0,2200.0
218,line-43,0.0,0.0,0.0,0.0,0.0,2200.0
219,line-43,0.0,0.0,0.0,0.0,0.0,2200.0
220,line-43,0.0,0.0,0.0,0.0,0.0,2200.0
221,line-43,1822.943020408163,0.0,1822.943020408163,0.0,0.0,2200.0
222,line-43,3645.886040816327,105.83445008360916,3540.051590732719,0.0,0.0,2200.0
223,line-43,7291.772081632654,310.290907377328,6981.481174255326,0.0,0.0,2200.0
224,line-43,7291.772081632654,493.60155211325105,6798.1705295194015,0.0,0.0,2200.0
225,line-43,3645.886040816327,643.2740667877893,3002.611974028537,0.0,0.0,2200.0
226,line-43,3645.886040816327,749.1085168713986,2896.7775239449293,0.0,0.0,2200.0
227,line-43,3645.886040816327,803.8924594905787,2841.9935813257475,0.0,0.0,2200.0
228,line-43,3645.886040816327,803.8924594905787,2841.9935813257475,0.0,0.0,2200.0
229,line-43,3645.886040816327,749.1085168713987,2896.7775239449293,0.0,0.0,2200.0
230,line-43,3645.886040816327,643.2740667877893,3002.611974028537,0.0,0.0,2200.0
231,line-43,7291.772081632654,493.6015521132515,6798.1705295194015,0.0,0.0,2200.0
232,line-43,7291.772081632654,310.290907377328,6981.481174255326,0.0,0.0,2200.0
233,line-43,3645.886040816327,105.8344500836095,3540.051590732718,0.0,0.0,2200.0
234,line-43,3645.886040816327,0.0,3645.886040816327,0.0,0.0,2200.0
235,line-43,3645.886040816327,0.0,3645.886040816327,0.0,0.0,2200.0
236,line-43,3645.886040816327,0.0,3645.886040816327,0.0,0.0,2200.0
237,line-43,3645.886040816327,0.0,3645.886040816327,0.0,0.0,2200.0
238,line-43,3645.886040816327,0.0,3645.886040816327,0.0,0.0,2200.0
239,line-43,2734.4145306122496,0.0,2734.4145306122496,0.0,0.0,2200.0
240,line-43,1822.9430204081634,0.0,1822.9430204081634,0.0,0.0,2200.0
241,line-43,1822.9430204081634,0.0,1822.9430204081634,0.0,0.0,2200.0
242,line-43,0.0,0.0,0.0,0.0,0.0,2200.0
243,line-43,0.0,0.0,0.0,0.0,0.0,2200.0
244,line-43,0.0,0.0,0.0,0.0,0.0,2200.0
245,line-43,1822.943020408163,0.0,1822.943020408163,0.0,0.0,2200.0
246,line-43,3645.886040816327,106.04261005321011,3539.843430763118,0.0,0.0,2200.0
247,line-43,7291.772081632654,310.9012015282031,6980.870880104451,0.0,0.0,2200.0
248,line-43,7291.772081632654,494.5723899075772,6797.199691725075,0.0,0.0,2200.0
249,line-43,3645.886040816327,644.5392872342686,3001.346753582058,0.0,0.0,2200.0
250,line-43,3645.886040816327,750.5818972874788,2895.3041435288496,0.0,0.0,2200.0
251,line-43,3645.886040816327,805.47359143578,2840.412449380548,0.0,0.0,2200.0
252,line-43,3645.886040816327,805.47359143578,2840.412449380548,0.0,0.0,2200.0
253,line-43,3645.886040816327,750.581897287479,2895.3041435288496,0.0,0.0,2200.0
254,line-43,3645.886040816327,644.5392872342686,3001.346753582058,0.0,0.0,2200.0
255,line-43,7291.772081632654,494.57238990757753,6797.199691725075,0.0,0.0,2200.0
256,line-43,7291.772081632654,310.9012015282031,6980.870880104451,0.0,0.0,2200.0
257,line-43,3645.886040816327,106.04261005321044,3539.843430763116,0.0,0.0,2200.0
258,line-43,3645.886040816327,0.0,3645.886040816327,0.0,0.0,2200.0
259,line-43,3645.886040816327,0.0,3645.886040816327,0.0,0.0,2200.0
260,line-43,3645.886040816327,0.0,3645.886040816327,0.0,0.0,2200.0
261,line-43,3645.886040816327,0.0,3645.886040816327,0.0,0.0,2200.0
262,line-43,3645.886040816327,0.0,3645.886040816327,0.0,0.0,2200.0
263,line-43,2734.4145306122496,0.0,2734.4145306122496,0.0,0.0,2200.0
264,line-43,1822.9430204081634,0.0,1822.9430204081634,0.0,0.0,2200.0
265,line-43,1822.9430204081634,0.0,1822.9430204081634,0.0,0.0,2200.0
266,line-43,0.0,0.0,0.0,0.0,0.0,2200.0
267,line-43,0.0,0.0,0.0,0.0,0.0,2200.0
268,line-43,0.0,0.0,0.0,0.0,0.0,2200.0
269,line-43,1822.943020408163,0.0,1822.943020408163,0.0,0.0,2200.0
270,line-43,3645.886040816327,106.26034019318465,3539.6257006231417,0.0,0.0,2200.0
271,line-43,7291.772081632654,311.5395539989035,6980.2325276337515,0.0,0.0,2200.0
272,line-43,7291.772081632654,495.5878620430525,6796.184219589601,0.0,0.0,2200.0
273,line-43,3645.886040816327,645.8626762866331,3000.023364529694,0.0,0.0,2200.0
274,line-43,3645.886040816327,752.123016479818,2893.763024336509,0.0,0.0,2200.0
275,line-43,3645.886040816327,807.1274160419562,2838.758624774372,0.0,0.0,2200.0
276,line-43,3645.886040816327,807.1274160419562,2838.758624774372,0.0,0.0,2200.0
277,line-43,3645.886040816327,752.1230164798183,2893.763024336509,0.0,0.0,2200.0
278,line-43,3645.886040816327,645.8626762866331,3000.023364529694,0.0,0.0,2200.0
279,line-43,7291.772081632654,495.587862043053,6796.184219589601,0.0,0.0,2200.0
280,line-43,7291.772081632654,311.5395539989035,6980.2325276337515,0.0,0.0,2200.0
281,line-43,3645.886040816327,106.26034019318497,3539.6257006231417,0.0,0.0,2200.0
282,line-43,3645.886040816327,0.0,3645.886040816327,0.0,0.0,2200.0
283,line-43,3645.886040816327,0.0,3645.886040816327,0.0,0.0,2200.0
284,line-43,3645.886040816327,0.0,3645.886040816327,0.0,0.0,2200.0
285,line-43,3645.886040816327,0.0,3645.886040816327,0.0,0.0,2200.0
286,line-43,3645.886040816327,0.0,3645.886040816327,0.0,0.0,2200.0
287,line-43,2734.4145306122496,0.0,2734.4145306122496,0.0,0.0,2200.0
288,line-43,1822.9430204081634,0.0,1822.9430204081634,0.0,0.0,2200.0
289,line-43,1822.9430204081634,0.0,1822.9430204081634,0.0,0.0,2200.0
290,line-43,0.0,0.0,0.0,0.0,0.0,2200.0
291,line-43,0.0,0.0,0.0,0.0,0.0,2200.0
292,line-43,0.0,0.0,0.0,0.0,0.0,2200.0
293,line-43,1822.943020408163,0.0,1822.943020408163,0.0,0.0,2200.0
294,line-43,3645.886040816327,1064.875759853932,2581.010280962396,0.0,0.0,2200.0
295,line-43,7291.772081632654,3122.05775631815,4169.714325314503,0.0,0.0,2200.0
296,line-43,7291.772081632654,4966.476676133676,2325.295405498978,0.0,0.0,2200.0
297,line-43,3645.886040816327,6472.438417961461,0.0,0.0,0.0,4885.224758287877
298,line-43,3645.886040816327,7537.314177815395,0.0,0.0,0.0,8582.08148843699
299,line-43,3645.886040816327,8088.534432451825,0.0,0.0,0.0,12802.597460490715
300,line-43,3645.886040816327,8088.534432451825,0.0,0.0,0.0,17023.11343254444
301,line-43,3645.886040816327,7537.314177815395,0.0,0.0,0.0,20719.970162693553
302,line-43,3645.886040816327,6472.438417961461,0.0,0.0,1479.1525484015046,22000.0
303,line-43,7291.772081632654,4966.476676133679,0.0,0.0,0.0,19552.320625790544
304,line-43,7291.772081632654,3122.0577563181505,0.0,0.0,0.0,15163.147651775284
305,line-43,3645.886040816327,1064.8757598539355,0.0,0.0,0.0,12446.294724446452
306,line-43,3645.886040816327,0.0,0.0,0.0,0.0,8608.519944639787
307,line-43,3645.886040816327,0.0,0.0,0.0,0.0,4770.745164833128
308,line-43,3645.886040816327,0.0,1203.678134224856,0.0,0.0,2200.0
309,line-43,3645.886040816327,0.0,3645.886040816327,0.0,0.0,2200.0
310,line-43,3645.886040816327,0.0,3645.886040816327,0.0,0.0,2200.0
311,line-43,2734.4145306122496,0.0,2734.4145306122496,0.0,0.0,2200.0
312,line-43,1822.9430204081634,0.0,1822.9430204081634,0.0,0.0,2200.0
313,line-43,1822.9430204081634,0.0,1822.9430204081634,0.0,0.0,2200.0
314,line-43,0.0,0.0,0.0,0.0,0.0,2200.0
315,line-43,0.0,0.0,0.0,0.0,0.0,2200.0
316,line-43,0.0,0.0,0.0,0.0,0.0,2200.0
317,line-43,1822.943020408163,0.0,1822.943020408163,0.0,0.0,2200.0
318,line-43,3645.886040816327,1067.2425009496653,2578.643539866662,0.0,0.0,2200.0
319,line-43,7291.772081632654,3128.9966901108987,4162.7753915217545,0.0,0.0,2200.0
320,line-43,7291.772081632654,4977.514925752596,2314.2571558800582,0.0,0.0,2200.0
321,line-43,3645.886040816327,6486.823744936594,0.0,0.0,0.0,4898.890818914252
322,line-43,3645.886040816327,7554.066245886257,0.0,0.0,0.0,8611.662013730685
323,line-43,3645.886040816327,8106.5116158634955,0.0,0.0,0.0,12849.256310025494
324,line-43,3645.886040816327,8106.5116158634955,0.0,0.0,0.0,17086.850606320302
325,line-43,3645.886040816327,7554.066245886257,0.0,0.0,0.0,20799.621801136742
326,line-43,3645.886040816327,6486.823744936594,0.0,0.0,1577.3817053168339,22000.0
327,line-43,7291.772081632654,4977.514925752597,0.0,0.0,0.0,19563.939835915724
328,line-43,7291.772081632654,3128.9966901108996,0.0,0.0,0.0,15182.071002734938
329,line-43,3645.886040816327,1067.2425009496685,0.0,0.0,0.0,12467.70938182266
330,line-43,3645.886040816327,0.0,0.0,0.0,0.0,8629.934602016003
331,line-43,3645.886040816327,0.0,0.0,0.0,0.0,4792.15982220934
332,line-43,3645.886040816327,0.0,1183.3342097174527,0.0,0.0,2200.0
333,line-43,3645.886040816327,0.0,3645.886040816327,0.0,0.0,2200.0
334,line-43,3645.886040816327,0.0,3645.886040816327,0.0,0.0,2200.0
335,line-43,2734.4145306122496,0.0,2734.4145306122496,0.0,0.0,2200.0
336,line-43,1822.9430204081634,0.0,1822.9430204081634,0.0,0.0,2200.0
337,line-43,1822.9430204081634,0.0,1822.9430204081634,0.0,0.0,2200.0
338,line-43,0.0,0.0,0.0,0.0,0.0,2200.0
339,line-43,0.0,0.0,0.0,0.0,0.0,2200.0
340,line-43,0.0,0.0,0.0,0.0,0.0,2200.0
341,line-43,1822.943020408163,0.0,1822.943020408163,0.0,0.0,2200.0
342,line-43,3645.886040816327,1069.7029239025792,2576.1831169137486,0.0,0.0,2200.0
343,line-43,7291.772081632654,3136.2102852114426,4155.561796421212,0.0,0.0,2200.0
344,line-43,7291.772081632654,4988.990098415695,2302.7819832169603,0.0,0.0,2200.0
345,line-43,3645.886040816327,6501.778481108876,0.0,0.0,0.0,4913.09781827792
346,line-43,3645.886040816327,7571.481405011456,0.0,0.0,0.0,8642.413414263296
347,line-43,3645.886040816327,8125.200383627136,0.0,0.0,0.0,12897.762039933561
348,line-43,3645.886040816327,8125.200383627136,0.0,0.0,0.0,17153.110665603832
349,line-43,3645.886040816327,7571.481405011457,0.0,0.0,0.0,20882.426261589215
350,line-43,3645.886040816327,6501.778481108876,0.0,0.0,1679.499031439084,22000.0
351,line-43,7291.772081632654,4988.9900984156975,0.0,0.0,0.0,19576.018965034782
352,line-43,7291.772081632654,3136.2102852114435,0.0,0.0,0.0,15201.743389854557
353,line-43,3645.886040816327,1069.7029239025828,0.0,0.0,0.0,12489.971687840087
354,line-43,3645.886040816327,0.0,0.0,0.0,0.0,8652.196908033427
355,line-43,3645.886040816327,0.0,0.0,0.0,0.0,4814.422128226767
356,line-43,3645.886040816327,0.0,1162.1850190008984,0.0,0.0,2200.0
357,line-43,3645.886040816327,0.0,3645.886040816327,0.0,0.0,2200.0
358,line-43,3645.886040816327,0.0,3645.886040816327,0.0,0.0,2200.0
359,line-43,2734.4145306122496,0.0,2734.4145306122496,0.0,0.0,2200.0
360,line-43,1822.9430204081634,0.0,1822.9430204081634,0.0,0.0,2200.0
361,line-43,1822.9430204081634,0.0,1822.9430204081634,0.0,0.0,2200.0
362,line-43,0.0,0.0,0.0,0.0,0.0,2200.0
363,line-43,0.0,0.0,0.0,0.0,0.0,2200.0
364,line-43,0.0,0.0,0.0,0.0,0.0,2200.0
365,line-43,1822.943020408163,0.0,1822.943020408163,0.0,0.0,2200.0
366,line-43,3645.886040816327,1072.2562996362544,2573.629741180073,0.0,0.0,2200.0
367,line-43,7291.772081632654,3143.696404075871,4148.075677556784,0.0,0.0,2200.0
368,line-43,7291.772081632654,5000.898793781662,2290.873287850993,0.0,0.0,2200.0
369,line-43,3645.886040816327,6517.298195067243,0.0,0.0,0.0,4927.841546538368
370,line-43,3645.886040816327,7589.554494703497,0.0,0.0,0.0,8674.326577731179
371,line-43,3645.886040816327,8144.595197857534,0.0,0.0,0.0,12948.100276920324
372,line-43,3645.886040816327,8144.595197857534,0.0,0.0,0.0,17221.873976109462
373,line-43,3645.886040816327,7589.554494703497,0.0,0.0,0.0,20968.359007302275
374,line-43,3645.886040816327,6517.298195067243,0.0,0.0,1785.474267200678,22000.0
375,line-43,7291.772081632654,5000.898793781664,0.0,0.0,0.0,19588.554433841062
376,line-43,7291.772081632654,3143.696404075872,0.0,0.0,0.0,15222.158983781288
377,line-43,3645.886040816327,1072.2562996362576,0.0,0.0,0.0,12513.075045697007
378,line-43,3645.886040816327,0.0,0.0,0.0,0.0,8675.300265890344
379,line-43,3645.886040816327,0.0,0.0,0.0,0.0,4837.525486083684
380,line-43,3645.886040816327,0.0,1140.2368290368292,0.0,0.0,2200.0
381,line-43,3645.886040816327,0.0,3645.886040816327,0.0,0.0,2200.0
382,line-43,3645.886040816327,0.0,3645.886040816327,0.0,0.0,2200.0
383,line-43,2734.4145306122496,0.0,2734.4145306122496,0.0,0.0,2200.0
384,line-43,1822.9430204081634,0.0,1822.9430204081634,0.0,0.0,2200.0
385,line-43,1822.9430204081634,0.0,1822.9430204081634,0.0,0.0,2200.0
386,line-43,0.0,0.0,0.0,0.0,0.0,2200.0
387,line-43,0.0,0.0,0.0,0.0,0.0,2200.0
388,line-43,0.0,0.0,0.0,0.0,0.0,2200.0
389,line-43,1822.943020408163,0.0,1822.943020408163,0.0,0.0,2200.0
390,line-43,3645.886040816327,1074.9018715303537,2570.984169285974,0.0,0.0,2200.0
391,line-43,7291.772081632654,3151.4528284055987,4140.319253227057,0.0,0.0,2200.0
392,line-43,7291.772081632654,5013.237483047045,2278.5345985856093,0.0,0.0,2200.0
393,line-43,3645.886040816327,6533.378287985494,0.0,0.0,0.0,4943.117634810708
394,line-43,3645.886040816327,7608.280159515846,0.0,0.0,0.0,8707.392047575255
395,line-43,3645.886040816327,8164.690311452643,0.0,0.0,0.0,13000.256104679755
396,line-43,3645.886040816327,8164.690311452643,0.0,0.0,0.0,17293.12016178426
397,line-43,3645.886040816327,7608.280159515846,0.0,0.0,0.0,21057.394574548798
398,line-43,3645.886040816327,6533.378287985494,0.0,0.0,1895.2760098521148,22000.0
399,line-43,7291.772081632654,5013.237483047048,0.0,0.0,0.0,19601.54252780462
400,line-43,7291.772081632654,3151.4528284055996,0.0,0.0,0.0,15243.31173493404
401,line-43,3645.886040816327,1074.901871530357,0.0,0.0,0.0,12537.01260936986
402,line-43,3645.886040816327,0.0,0.0,0.0,0.0,8699.2378295632
403,line-43,3645.886040816327,0.0,0.0,0.0,0.0,4861.46304975654
404,line-43,3645.886040816327,0.0,1117.496143547614,0.0,0.0,2200.0
405,line-43,3645.886040816327,0.0,3645.886040816327,0.0,0.0,2200.0
406,line-43,3645.886040816327,0.0,3645.886040816327,0.0,0.0,2200.0
407,line-43,2734.4145306122496,0.0,2734.4145306122496,0.0,0.0,2200.0
408,line-43,1822.9430204081634,0.0,1822.9430204081634,0.0,0.0,2200.0
409,line-43,1822.9430204081634,0.0,1822.9430204081634,0.0,0.0,2200.0
410,line-43,0.0,0.0,0.0,0.0,0.0,2200.0
411,line-43,0.0,0.0,0.0,0.0,0.0,2200.0
412,line-43,0.0,0.0,0.0,0.0,0.0,2200.0
413,line-43,1822.943020408163,0.0,1822.943020408163,0.0,0.0,2200.0
414,line-43,3645.886040816327,1077.6388556448285,2568.2471851714995,0.0,0.0,2200.0
415,line-43,7291.772081632654,3159.477259804702,4132.294821827952,0.0,0.0,2200.0
416,line-43,7291.772081632654,5026.00250999193,2265.769571640725,0.0,0.0,2200.0
417,line-43,3645.886040816327,6550.013994985066,0.0,0.0,0.0,4958.921556460302
418,line-43,3645.886040816327,7627.652850629895,0.0,0.0,0.0,8741.600025783191
419,line-43,3645.886040816327,8185.479769796633,0.0,0.0,0.0,13054.21406831448
420,line-43,3645.886040816327,8185.479769796633,0.0,0.0,0.0,17366.828110845774
421,line-43,3645.886040816327,7627.6528506299,0.0,0.0,0.0,21149.50658016866
422,line-43,3645.886040816327,6550.013994985066,0.0,0.0,2008.8717227673317,22000.0
423,line-43,7291.772081632654,5026.002509991933,0.0,0.0,0.0,19614.979398272928
424,line-43,7291.772081632654,3159.4772598047048,0.0,0.0,0.0,15265.19537529613
425,line-43,3645.886040816327,1077.638855644832,0.0,0.0,0.0,12561.777285641927
426,line-43,3645.886040816327,0.0,0.0,0.0,0.0,8724.002505835264
427,line-43,3645.886040816327,0.0,0.0,0.0,0.0,4886.227726028604
428,line-43,3645.886040816327,0.0,1093.9697010891555,0.0,0.0,2200.0
429,line-43,3645.886040816327,0.0,3645.886040816327,0.0,0.0,2200.0
430,line-43,3645.886040816327,0.0,3645.886040816327,0.0,0.0,2200.0
431,line-43,2734.4145306122496,0.0,2734.4145306122496,0.0,0.0,2200.0
432,line-43,1822.9430204081634,0.0,1822.9430204081634,0.0,0.0,2200.0
433,line-43,1822.9430204081634,0.0,1822.9430204081634,0.0,0.0,2200.0
434,line-43,0.0,0.0,0.0,0.0,0.0,2200.0
435,line-43,0.0,0.0,0.0,0.0,0.0,2200.0
436,line-43,0.0,0.0,0.0,0.0,0.0,2200.0
437,line-43,1822.943020408163,0.0,1822.943020408163,0.0,0.0,2200.0
438,line-43,3645.886040816327,1080.4664409522177,2565.4195998641094,0.0,0.0,2200.0
439,line-43,7291.772081632654,3167.767320460978,4124.004761171676,0.0,0.0,2200.0
440,line-43,7291.772081632654,5039.190092063336,2252.5819895693185,0.0,0.0,2200.0
441,line-43,3645.886040816327,6567.2003865469505,0.0,0.0,0.0,4975.248628444093
442,line-43,3645.886040816327,7647.666827499171,0.0,0.0,0.0,8776.940375792796
443,line-43,3645.886040816327,8206.957412524314,0.0,0.0,0.0,13109.958178915378
444,line-43,3645.886040816327,8206.957412524314,0.0,0.0,0.0,17442.975982037966
445,line-43,3645.886040816327,7647.666827499171,0.0,0.0,0.0,21244.66772938667
446,line-43,3645.886040816327,6567.2003865469505,0.0,0.0,2126.2277450850133,22000.0
447,line-43,7291.772081632654,5039.190092063338,0.0,0.0,0.0,19628.861063611253
448,line-43,7291.772081632654,3167.7673204609796,0.0,0.0,0.0,15287.803420272645
449,line-43,3645.886040816327,1080.4664409522209,0.0,0.0,0.0,12587.361736205163
450,line-43,3645.886040816327,0.0,0.0,0.0,0.0,8749.586956398498
451,line-43,3645.886040816327,0.0,0.0,0.0,0.0,4911.812176591839
452,line-43,3645.886040816327,0.0,1069.6644730540804,0.0,0.0,2200.0
453,line-43,3645.886040816327,0.0,3645.886040816327,0.0,0.0,2200.0
454,line-43,3645.886040816327,0.0,3645.886040816327,0.0,0.0,2200.0
455,line-43,2734.4145306122496,0.0,2734.4145306122496,0.0,0.0,2200.0
456,line-43,1822.9430204081634,0.0,1822.9430204081634,0.0,0.0,2200.0
457,line-43,1822.9430204081634,0.0,1822.9430204081634,0.0,0.0,2200.0
458,line-43,0.0,0.0,0.0,0.0,0.0,2200.0
459,line-43,0.0,0.0,0.0,0.0,0.0,2200.0
460,line-43,0.0,0.0,0.0,0.0,0.0,2200.0
461,line-43,1822.943020408163,0.0,1822.943020408163,0.0,0.0,2200.0
462,line-43,3645.886040816327,1083.3837895779695,2562.502251238358,0.0,0.0,2200.0
463,line-43,7291.772081632654,3176.3205538505335,4115.451527782121,0.0,0.0,2200.0
464,line-43,7291.772081632654,5052.796321496087,2238.975760136567,0.0,0.0,2200.0
465,line-43,3645.886040816327,6584.93236997241,0.0,0.0,0.0,4992.09401269828
466,line-43,3645.886040816327,7668.3161595503825,0.0,0.0,0.0,8813.40262549563
467,line-43,3645.886040816327,8229.116875346623,0.0,0.0,0.0,13167.471918299409
468,line-43,3645.886040816327,8229.116875346623,0.0,0.0,0.0,17521.541211103187
469,line-43,3645.886040816327,7668.316159550384,0.0,0.0,0.0,21342.849823900535
470,line-43,3645.886040816327,6584.93236997241,0.0,0.0,2247.30930168297,22000.0
471,line-43,7291.772081632654,5052.79632149609,0.0,0.0,0.0,19643.183410382568
472,line-43,7291.772081632654,3176.3205538505363,0.0,0.0,0.0,15311.129170611908
473,line-43,3645.886040816327,1083.3837895779732,0.0,0.0,0.0,12613.758379834699
474,line-43,3645.886040816327,0.0,0.0,0.0,0.0,8775.983600028036
475,line-43,3645.886040816327,0.0,0.0,0.0,0.0,4938.208820221375
476,line-43,3645.886040816327,0.0,1044.5876616060225,0.0,0.0,2200.0
477,line-43,3645.886040816327,0.0,3645.886040816327,0.0,0.0,2200.0
478,line-43,3645.886040816327,0.0,3645.886040816327,0.0,0.0,2200.0
479,line-43,2734.4145306122496,0.0,2734.4145306122496,0.0,0.0,2200.0
480,line-43,1822.9430204081634,0.0,1822.9430204081634,0.0,0.0,2200.0
481,line-43,1822.9430204081634,0.0,1822.9430204081634,0.0,0.0,2200.0
482,line-43,0.0,0.0,0.0,0.0,0.0,2200.0
483,line-43,0.0,0.0,0.0,0.0,0.0,2200.0
484,line-43,0.0,0.0,0.0,0.0,0.0,2200.0
485,line-43,1822.943020408163,0.0,1822.943020408163,0.0,0.0,2200.0
486,line-43,3645.886040816327,1086.390037048725,2559.4960037676024,0.0,0.0,2200.0
487,line-43,7291.772081632654,3185.1344254657274,4106.637656166928,0.0,0.0,2200.0
488,line-43,7291.772081632654,5066.817166470754,2224.9549151619003,0.0,0.0,2200.0
489,line-43,3645.886040816327,6603.204690892074,0.0,0.0,0.0,5009.452717571958
490,line-43,3645.886040816327,7689.5947279407965,0.0,0.0,0.0,8850.975970340201
491,line-43,3645.886040816327,8251.951591936482,0.0,0.0,0.0,13226.738243904349
492,line-43,3645.886040816327,8251.951591936482,0.0,0.0,0.0,17602.500517468496
493,line-43,3645.886040816327,7689.594727940797,0.0,0.0,0.0,21444.023770236734
494,line-43,3645.886040816327,6603.204690892074,0.0,0.0,2372.08051348284,22000.0
495,line-43,7291.772081632654,5066.817166470756,0.0,0.0,0.0,19657.94219456642
496,line-43,7291.772081632654,3185.1344254657283,0.0,0.0,0.0,15335.165714390712
497,line-43,3645.886040816327,1086.3900370487283,0.0,0.0,0.0,12640.959394635343
498,line-43,3645.886040816327,0.0,0.0,0.0,0.0,8803.184614828682
499,line-43,3645.886040816327,0.0,0.0,0.0,0.0,4965.409835022023
500,line-43,3645.886040816327,0.0,1018.7466975454062,0.0,0.0,2200.0
501,line-43,3645.886040816327,0.0,3645.886040816327,0.0,0.0,2200.0
502,line-43,3645.886040816327,0.0,3645.886040816327,0.0,0.0,2200.0
503,line-43,2734.4145306122496,0.0,2734.4145306122496,0.0,0.0,2200.0
504,line-43,1822.9430204081634,0.0,1822.9430204081634,0.0,0.0,2200.0
505,line-43,1822.9430204081634,0.0,1822.9430204081634,0.0,0.0,2200.0
506,line-43,0.0,0.0,0.0,0.0,0.0,2200.0
507,line-43,0.0,0.0,0.0,0.0,0.0,2200.0
508,line-43,0.0,0.0,0.0,0.0,0.0,2200.0
509,line-43,1822.943020408163,0.0,1822.943020408163,0.0,0.0,2200.0
510,line-43,3645.886040816327,1089.4842925484782,2556.4017482678482,0.0,0.0,2200.0
511,line-43,7291.772081632654,3194.2063235661794,4097.565758066476,0.0,0.0,2200.0
512,line-43,7291.772081632654,5081.248472308378,2210.5236093242784,0.0,0.0,2200.0
513,line-43,3645.886040816327,6622.011934822891,0.0,0.0,0.0,5027.319599306235
514,line-43,3645.886040816327,7711.496227371372,0.0,0.0,0.0,8889.649276533524
515,line-43,3645.886040816327,8275.454795874553,0.0,0.0,0.0,13287.739593838842
516,line-43,3645.886040816327,8275.454795874553,0.0,0.0,0.0,17685.829911144163
517,line-43,3645.886040816327,7711.496227371372,0.0,0.0,0.0,21548.159588371454
518,line-43,3645.886040816327,6622.011934822891,0.0,0.0,2500.5044080817743,22000.0
519,line-43,7291.772081632654,5081.248472308381,0.0,0.0,0.0,19673.133042816553
520,line-43,7291.772081632654,3194.20632356618,0.0,0.0,0.0,15359.905929062372
521,line-43,3645.886040816327,1089.4842925484816,0.0,0.0,0.0,12668.95672035937
522,line-43,3645.886040816327,0.0,0.0,0.0,0.0,8831.181940552711
523,line-43,3645.886040816327,0.0,0.0,0.0,0.0,4993.407160746051
524,line-43,3645.886040816327,0.0,992.1492381075791,0.0,0.0,2200.0
525,line-43,3645.886040816327,0.0,3645.886040816327,0.0,0.0,2200.0
526,line-43,3645.886040816327,0.0,3645.886040816327,0.0,0.0,2200.0
527,line-43,2734.4145306122496,0.0,2734.4145306122496,0.0,0.0,2200.0
528,line-43,1822.9430204081634,0.0,1822.9430204081634,0.0,0.0,2200.0
529,line-43,1822.9430204081634,0.0,1822.9430204081634,0.0,0.0,2200.0
530,line-43,0.0,0.0,0.0,0.0,0.0,2200.0
531,line-43,0.0,0.0,0.0,0.0,0.0,2200.0
532,line-43,0.0,0.0,0.0,0.0,0.0,2200.0
533,line-43,1822.943020408163,0.0,1822.943020408163,0.0,0.0,2200.0
534,line-43,3645.886040816327,1092.6656391825452,2553.2204016337823,0.0,0.0,2200.0
535,line-43,7291.772081632654,3203.533559952693,4088.238521679962,0.0,0.0,2200.0
536,line-43,7291.772081632654,5096.0859627015825,2195.686118931072,0.0,0.0,2200.0
537,line-43,3645.886040816327,6641.348528772606,0.0,0.0,0.0,5045.689363558466
538,line-43,3645.886040816327,7734.0141679551525,0.0,0.0,0.0,8929.411084340349
539,line-43,3645.886040816327,8299.619522654277,0.0,0.0,0.0,13350.4578920864
540,line-43,3645.886040816327,8299.619522654277,0.0,0.0,0.0,17771.50469983245
541,line-43,3645.886040816327,7734.014167955153,0.0,0.0,0.0,21655.226420614334
542,line-43,3645.886040816327,6641.348528772606,0.0,0.0,2632.542930708209,22000.0
543,line-43,7291.772081632654,5096.085962701585,0.0,0.0,0.0,19688.75145375677
544,line-43,7291.772081632654,3203.533559952694,0.0,0.0,0.0,15385.342483567338
545,line-43,3645.886040816327,1092.6656391825488,0.0,0.0,0.0,12697.742060794937
546,line-43,3645.886040816327,0.0,0.0,0.0,0.0,8859.967280988272
547,line-43,3645.886040816327,0.0,0.0,0.0,0.0,5022.192501181615
548,line-43,3645.886040816327,0.0,964.8031646937947,0.0,0.0,2200.0
549,line-43,3645.886040816327,0.0,3645.886040816327,0.0,0.0,2200.0
550,line-43,3645.886040816327,0.0,3645.886040816327,0.0,0.0,2200.0
551,line-43,2734.4145306122496,0.0,2734.4145306122496,0.0,0.0,2200.0
552,line-43,1822.9430204081634,0.0,1822.9430204081634,0.0,0.0,2200.0
553,line-43,1822.9430204081634,0.0,1822.9430204081634,0.0,0.0,2200.0
554,line-43,0.0,0.0,0.0,0.0,0.0,2200.0
555,line-43,0.0,0.0,0.0,0.0,0.0,2200.0
556,line-43,0.0,0.0,0.0,0.0,0.0,2200.0
557,line-43,1822.943020408163,0.0,1822.943020408163,0.0,0.0,2200.0
558,line-43,3645.886040816327,1095.9331342492596,2549.952906567067,0.0,0.0,2200.0
559,line-43,7291.772081632654,3213.11337076383,4078.6587108688254,0.0,0.0,2200.0
560,line-43,7291.772081632654,5111.3252409817505,2180.446840650904,0.0,0.0,2200.0
561,line-43,3645.886040816327,6661.208742891107,0.0,0.0,0.0,5064.55656697104
562,line-43,3645.886040816327,7757.141877140366,0.0,0.0,0.0,8970.249611478877
563,line-43,3645.886040816327,8324.438611745582,0.0,0.0,0.0,13414.874553861664
564,line-43,3645.886040816327,8324.438611745582,0.0,0.0,0.0,17859.499496244458
565,line-43,3645.886040816327,7757.141877140367,0.0,0.0,0.0,21765.1925407523
566,line-43,3645.886040816327,6661.208742891107,0.0,0.0,2768.1569554982498,22000.0
567,line-43,7291.772081632654,5111.325240981753,0.0,0.0,0.0,19704.79279931484
568,line-43,7291.772081632654,3213.11337076383,0.0,0.0,0.0,15411.467840505551
569,line-43,3645.886040816327,1095.9331342492633,0.0,0.0,0.0,12727.306886224433
570,line-43,3645.886040816327,0.0,0.0,0.0,0.0,8889.53210641777
571,line-43,3645.886040816327,0.0,0.0,0.0,0.0,5051.757326611109
572,line-43,3645.886040816327,0.0,936.7165805357752,0.0,0.0,2200.0
573,line-43,3645.886040816327,0.0,3645.886040816327,0.0,0.0,2200.0
574,line-43,3645.886040816327,0.0,3645.886040816327,0.0,0.0,2200.0
575,line-43,2734.4145306122496,0.0,2734.4145306122496,0.0,0.0,2200.0
576,line-43,1822.9430204081634,0.0,1822.9430204081634,0.0,0.0,2200.0
577,line-43,1822.9430204081634,0.0,1822.9430204081634,0.0,0.0,2200.0
578,line-43,0.0,0.0,0.0,0.0,0.0,2200.0
579,line-43,0.0,0.0,0.0,0.0,0.0,2200.0
580,line-43,0.0,0.0,0.0,0.0,0.0,2200.0
581,line-43,1822.943020408163,0.0,1822.943020408163,0.0,0.0,2200.0
582,line-43,3645.886040816327,1099.2858095193142,2546.600231297013,0.0,0.0,2200.0
583,line-43,7291.772081632654,3222.9429172948967,4068.8291643377565,0.0,0.0,2200.0
584,line-43,7291.772081632654,5126.961791421834,2164.8102902108217,0.0,0.0,2200.0
585,line-43,3645.886040816327,6681.586692168334,0.0,0.0,0.0,5083.9156187844055
586,line-43,3645.886040816327,7780.872501687646,0.0,0.0,0.0,9012.152756612159
587,line-43,3645.886040816327,8349.904708716727,0.0,0.0,0.0,13480.970491117538
588,line-43,3645.886040816327,8349.904708716727,0.0,0.0,0.0,17949.788225622924
589,line-43,3645.886040816327,7780.872501687647,0.0,0.0,0.0,21878.025363450677
590,line-43,3645.886040816327,6681.586692168334,0.0,0.0,2907.306297089561,22000.0
591,line-43,7291.772081632654,5126.961791421834,0.0,0.0,0.0,19721.252326093872
592,line-43,7291.772081632654,3222.9429172948985,0.0,0.0,0.0,15438.274258369918
593,line-43,3645.886040816327,1099.2858095193178,0.0,0.0,0.0,12757.642435952013
594,line-43,3645.886040816327,0.0,0.0,0.0,0.0,8919.867656145352
595,line-43,3645.886040816327,0.0,0.0,0.0,0.0,5082.09287633869
596,line-43,3645.886040816327,0.0,907.8978082945703,0.0,0.0,2200.0
597,line-43,3645.886040816327,0.0,3645.886040816327,0.0,0.0,2200.0
598,line-43,3645.886040816327,0.0,3645.886040816327,0.0,0.0,2200.0
599,line-43,2734.4145306122496,0.0,2734.4145306122496,0.0,0.0,2200.0
600,line-43,1822.9430204081634,0.0,1822.9430204081634,0.0,0.0,2200.0
601,line-43,1822.9430204081634,0.0,1822.9430204081634,0.0,0.0,2200.0
602,line-43,0.0,0.0,0.0,0.0,0.0,2200.0
603,line-43,0.0,0.0,0.0,0.0,0.0,2200.0
604,line-43,0.0,0.0,0.0,0.0,0.0,2200.0
605,line-43,1822.943020408163,0.0,1822.943020408163,0.0,0.0,2200.0
606,line-43,3645.886040816327,1102.72267152267,2543.1633692936575,0.0,0.0,2200.0
607,line-43,7291.772081632654,3233.01928683912,4058.7527947935355,0.0,0.0,2200.0
608,line-43,7291.772081632654,5142.990980574471,2148.7811010581836,0.0,0.0,2200.0
609,line-43,3645.886040816327,6702.476338178121,0.0,0.0,0.0,5103.760782493707
610,line-43,3645.886040816327,7805.199009700796,0.0,0.0,0.0,9055.10810293395
611,line-43,3645.886040816327,8376.010267413589,0.0,0.0,0.0,13548.726118201348
612,line-43,3645.886040816327,8376.010267413589,0.0,0.0,0.0,18042.344133468745
613,line-43,3645.886040816327,7805.199009700796,0.0,0.0,0.0,21993.69145390899
614,line-43,3645.886040816327,6702.476338178121,0.0,0.0,3049.9497225291534,22000.0
615,line-43,7291.772081632654,5142.990980574474,0.0,0.0,0.0,19738.12515678086
616,line-43,7291.772081632654,3233.01928683912,0.0,0.0,0.0,15465.7537938403
617,line-43,3645.886040816327,1102.7226715226739,0.0,0.0,0.0,12788.73972089961
618,line-43,3645.886040816327,0.0,0.0,0.0,0.0,8950.964941092945
619,line-43,3645.886040816327,0.0,0.0,0.0,0.0,5113.190161286288
620,line-43,3645.886040816327,0.0,878.3553875943553,0.0,0.0,2200.0
621,line-43,3645.886040816327,0.0,3645.886040816327,0.0,0.0,2200.0
622,line-43,3645.886040816327,0.0,3645.886040816327,0.0,0.0,2200.0
623,line-43,2734.4145306122496,0.0,2734.4145306122496,0.0,0.0,2200.0
624,line-43,1822.9430204081634,0.0,1822.9430204081634,0.0,0.0,2200.0
625,line-43,1822.9430204081634,0.0,1822.9430204081634,0.0,0.0,2200.0
626,line-43,0.0,0.0,0.0,0.0,0.0,2200.0
627,line-43,0.0,0.0,0.0,0.0,0.0,2200.0
628,line-43,0.0,0.0,0.0,0.0,0.0,2200.0
629,line-43,1822.943020408163,0.0,1822.943020408163,0.0,0.0,2200.0
630,line-43,3645.886040816327,1106.2427018429428,2539.6433389733857,0.0,0.0,2200.0
631,line-43,7291.772081632654,3243.3394935507354,4048.43258808192,0.0,0.0,2200.0
632,line-43,7291.772081632654,5159.408058644981,2132.3640229876737,0.0,0.0,2200.0
633,line-43,3645.886040816327,6723.8714908675265,0.0,0.0,0.0,5124.086177548638
634,line-43,3645.886040816327,7830.114192710471,0.0,0.0,0.0,9099.102921848073
635,line-43,3645.886040816327,8402.747552195717,0.0,0.0,0.0,13618.121357658494
636,line-43,3645.886040816327,8402.747552195717,0.0,0.0,0.0,18137.13979346891
637,line-43,3645.886040816327,7830.114192710471,0.0,0.0,118.05951344036248,22000.0
638,line-43,3645.886040816327,6723.8714908675265,0.0,0.0,3077.9854500511983,22000.0
639,line-43,7291.772081632654,5159.408058644984,0.0,0.0,0.0,19755.406291591924
640,line-43,7291.772081632654,3243.339493550736,0.0,0.0,0.0,15493.898304137276
641,line-43,3645.886040816327,1106.2427018429457,0.0,0.0,0.0,12820.589526270556
642,line-43,3645.886040816327,0.0,0.0,0.0,0.0,8982.814746463893
643,line-43,3645.886040816327,0.0,0.0,0.0,0.0,5145.03996665723
644,line-43,3645.886040816327,0.0,848.098072491957,0.0,0.0,2200.0
645,line-43,3645.886040816327,0.0,3645.886040816327,0.0,0.0,2200.0
646,line-43,3645.886040816327,0.0,3645.886040816327,0.0,0.0,2200.0
647,line-43,2734.4145306122496,0.0,2734.4145306122496,0.0,0.0,2200.0
648,line-43,1822.9430204081634,0.0,1822.9430204081634,0.0,0.0,2200.0
649,line-43,1822.9430204081634,0.0,1822.9430204081634,0.0,0.0,2200.0
650,line-43,0.0,0.0,0.0,0.0,0.0,2200.0
651,line-43,0.0,0.0,0.0,0.0,0.0,2200.0
652,line-43,0.0,0.0,0.0,0.0,0.0,2200.0
653,line-43,1822.943020408163,0.0,1822.943020408163,0.0,0.0,2200.0
654,line-43,3645.886040816327,1109.8448574191787,2536.0411833971484,0.0,0.0,2200.0
655,line-43,7291.772081632654,3253.900479329766,4037.871602302889,0.0,0.0,2200.0
656,line-43,7291.772081632654,5176.208160898818,2115.5639207338363,0.0,0.0,2200.0
657,line-43,3645.886040816327,6745.765810391055,0.0,0.0,0.0,5144.885781095993
658,line-43,3645.886040816327,7855.610667810236,0.0,0.0,0.0,9144.124176740204
659,line-43,3645.886040816327,8430.108640228584,0.0,0.0,0.0,13689.135646181847
660,line-43,3645.886040816327,8430.108640228584,0.0,0.0,0.0,18234.147115623502
661,line-43,3645.886040816327,7855.610667810236,0.0,0.0,245.66895922916694,22000.0
662,line-43,3645.886040816327,6745.765810391055,0.0,0.0,3099.8797695747294,22000.0
663,line-43,7291.772081632654,5176.208160898821,0.0,0.0,0.0,19773.09060975386
664,line-43,7291.772081632654,3253.9004793297668,0.0,0.0,0.0,15522.699449435035
665,line-43,3645.886040816327,1109.844857419182,0.0,0.0,0.0,12853.182414280142
666,line-43,3645.886040816327,0.0,0.0,0.0,0.0,9015.40763447348
667,line-43,3645.886040816327,0.0,0.0,0.0,0.0,5177.632854666819
668,line-43,3645.886040816327,0.0,817.134828882848,0.0,0.0,2200.0
669,line-43,3645.886040816327,0.0,3645.886040816327,0.0,0.0,2200.0
670,line-43,3645.886040816327,0.0,3645.886040816327,0.0,0.0,2200.0
671,line-43,2734.4145306122496,0.0,2734.4145306122496,0.0,0.0,2200.0
672,line-43,1822.9430204081634,0.0,1822.9430204081634,0.0,0.0,2200.0
673,line-43,1822.9430204081634,0.0,1822.9430204081634,0.0,0.0,2200.0
674,line-43,0.0,0.0,0.0,0.0,0.0,2200.0
675,line-43,0.0,0.0,0.0,0.0,0.0,2200.0
676,line-43,0.0,0.0,0.0,0.0,0.0,2200.0
677,line-43,1822.943020408163,0.0,1822.943020408163,0.0,0.0,2200.0
678,line-43,3645.886040816327,1113.52807085494,2532.357969961387,0.0,0.0,2200.0
679,line-43,7291.772081632654,3264.6991147282006,4027.0729669044526,0.0,0.0,2200.0
680,line-43,7291.772081632654,5193.386309103115,2098.38577252954,0.0,0.0,2200.0
681,line-43,3645.886040816327,6768.15280898932,0.0,0.0,0.0,5166.153429764344
682,line-43,3645.886040816327,7881.680879844262,0.0,0.0,0.0,9190.158526840878
683,line-43,3645.886040816327,8458.085423831317,0.0,0.0,0.0,13761.747940705114
684,line-43,3645.886040816327,8458.085423831317,0.0,0.0,0.0,18333.337354569358
685,line-43,3645.886040816327,7881.680879844263,0.0,0.0,376.14994910094015,22000.0
686,line-43,3645.886040816327,6768.15280898932,0.0,0.0,3122.266768172993,22000.0
687,line-43,7291.772081632654,5193.386309103116,0.0,0.0,0.0,19791.172871021543
688,line-43,7291.772081632654,3264.6991147282033,0.0,0.0,0.0,15552.148695332638
689,line-43,3645.886040816327,1113.5280708549437,0.0,0.0,0.0,12886.508726952241
690,line-43,3645.886040816327,0.0,0.0,0.0,0.0,9048.733947145576
691,line-43,3645.886040816327,0.0,0.0,0.0,0.0,5210.959167338919
692,line-43,3645.886040816327,0.0,785.4748318443558,0.0,0.0,2200.0
693,line-43,3645.886040816327,0.0,3645.886040816327,0.0,0.0,2200.0
694,line-43,3645.886040816327,0.0,3645.886040816327,0.0,0.0,2200.0
695,line-43,2734.4145306122496,0.0,2734.4145306122496,0.0,0.0,2200.0
696,line-43,1822.9430204081634,0.0,1822.9430204081634,0.0,0.0,2200.0
697,line-43,1822.9430204081634,0.0,1822.9430204081634,0.0,0.0,2200.0
698,line-43,0.0,0.0,0.0,0.0,0.0,2200.0
699,line-43,0.0,0.0,0.0,0.0,0.0,2200.0
700,line-43,0.0,0.0,0.0,0.0,0.0,2200.0
701,line-43,1822.943020408163,0.0,1822.943020408163,0.0,0.0,2200.0
702,line-43,3645.886040816327,1117.2912507345961,2528.594790081731,0.0,0.0,2200.0
703,line-43,7291.772081632654,3275.732199877319,4016.039881755336,0.0,0.0,2200.0
704,line-43,7291.772081632654,5210.937413001817,2080.8346686308373,0.0,0.0,2200.0
705,line-43,3645.886040816327,6791.0258529114835,0.0,0.0,0.0,5187.882821490397
706,line-43,3645.886040816327,7908.317103646081,0.0,0.0,0.0,9237.192331178661
707,line-43,3645.886040816327,8486.669612879137,0.0,0.0,0.0,13835.936724638334
708,line-43,3645.886040816327,8486.669612879137,0.0,0.0,0.0,18434.681118098004
709,line-43,3645.886040816327,7908.317103646082,0.0,0.0,509.46381872238504,22000.0
710,line-43,3645.886040816327,6791.0258529114835,0.0,0.0,3145.1398120951553,22000.0
711,line-43,7291.772081632654,5210.93741300182,0.0,0.0,0.0,19809.647717230702
712,line-43,7291.772081632654,3275.73219987732,0.0,0.0,0.0,15582.237315382974
713,line-43,3645.886040816327,1117.2912507345998,0.0,0.0,0.0,12920.558588981157
714,line-43,3645.886040816327,0.0,0.0,0.0,0.0,9082.783809174498
715,line-43,3645.886040816327,0.0,0.0,0.0,0.0,5245.009029367834
716,line-43,3645.886040816327,0.0,753.127462916884,0.0,0.0,2200.0
717,line-43,3645.886040816327,0.0,3645.886040816327,0.0,0.0,2200.0
718,line-43,3645.886040816327,0.0,3645.886040816327,0.0,0.0,2200.0
719,line-43,2734.4145306122496,0.0,2734.4145306122496,0.0,0.0,2200.0
720,line-43,1822.9430204081634,0.0,1822.9430204081634,0.0,0.0,2200.0
721,line-43,1822.9430204081634,0.0,1822.9430204081634,0.0,0.0,2200.0
722,line-43,0.0,0.0,0.0,0.0,0.0,2200.0
723,line-43,0.0,0.0,0.0,0.0,0.0,2200.0
724,line-43,0.0,0.0,0.0,0.0,0.0,2200.0
725,line-43,1822.943020408163,0.0,1822.943020408163,0.0,0.0,2200.0
726,line-43,3645.886040816327,1121.1332819467323,2524.7527588695953,0.0,0.0,2200.0
727,line-43,7291.772081632654,3286.9964654358764,4004.775616196777,0.0,0.0,2200.0
728,line-43,7291.772081632654,5228.856271824059,2062.9158098085945,0.0,0.0,2200.0
729,line-43,3645.886040816327,6814.378164380989,0.0,0.0,0.0,5210.067517386427
730,line-43,3645.886040816327,7935.5114463277205,0.0,0.0,0.0,9285.21165262225
731,line-43,3645.886040816327,8515.852737259938,0.0,0.0,0.0,13911.680014243679
732,line-43,3645.886040816327,8515.852737259938,0.0,0.0,0.0,18538.14837586511
733,line-43,3645.886040816327,7935.511446327721,0.0,0.0,645.5710643167724,22000.0
734,line-43,3645.886040816327,6814.378164380989,0.0,0.0,3168.4921235646607,22000.0
735,line-43,7291.772081632654,5228.856271824063,0.0,0.0,0.0,19828.509673885696
736,line-43,7291.772081632654,3286.996465435879,0.0,0.0,0.0,15612.956393678563
737,line-43,3645.886040816327,1121.133281946736,0.0,0.0,0.0,12955.321910657938
738,line-43,3645.886040816327,0.0,0.0,0.0,0.0,9117.547130851277
739,line-43,3645.886040816327,0.0,0.0,0.0,0.0,5279.772351044616
740,line-43,3645.886040816327,0.0,720.1023073239414,0.0,0.0,2200.0
741,line-43,3645.886040816327,0.0,3645.886040816327,0.0,0.0,2200.0
742,line-43,3645.886040816327,0.0,3645.886040816327,0.0,0.0,2200.0
743,line-43,2734.4145306122496,0.0,2734.4145306122496,0.0,0.0,2200.0
744,line-43,1822.9430204081634,0.0,1822.9430204081634,0.0,0.0,2200.0
745,line-43,1822.9430204081634,0.0,1822.9430204081634,0.0,0.0,2200.0
746,line-43,0.0,0.0,0.0,0.0,0.0,2200.0
747,line-43,0.0,0.0,0.0,0.0,0.0,2200.0
748,line-43,0.0,0.0,0.0,0.0,0.0,2200.0
749,line-43,1822.943020408163,0.0,1822.943020408163,0.0,0.0,2200.0
750,line-43,3645.886040816327,1125.0530260145822,2520.8330148017462,0.0,0.0,2200.0
751,line-43,7291.772081632654,3298.488573558885,3993.2835080737705,0.0,0.0,2200.0
752,line-43,7291.772081632654,5247.1375758252525,2044.6345058074025,0.0,0.0,2200.0
753,line-43,3645.886040816327,6838.202823603963,0.0,0.0,0.0,5232.700943648254
754,line-43,3645.886040816327,7963.255849618549,0.0,0.0,0.0,9334.202262010362
755,line-43,3645.886040816327,8545.626149384136,0.0,0.0,0.0,13988.955365149784
756,line-43,3645.886040816327,8545.626149384136,0.0,0.0,0.0,18643.7084682892
757,line-43,3645.886040816327,7963.255849618549,0.0,0.0,784.4313543697991,22000.0
758,line-43,3645.886040816327,6838.202823603963,0.0,0.0,3192.3167827876364,22000.0
759,line-43,7291.772081632654,5247.137575825253,0.0,0.0,0.0,19847.753151781686
760,line-43,7291.772081632654,3298.4885735588855,0.0,0.0,0.0,15644.296827493508
761,line-43,3645.886040816327,1125.0530260145854,0.0,0.0,0.0,12990.788390860092
762,line-43,3645.886040816327,0.0,0.0,0.0,0.0,9153.013611053435
763,line-43,3645.886040816327,0.0,0.0,0.0,0.0,5315.238831246772
764,line-43,3645.886040816327,0.0,686.4091511318925,0.0,0.0,2200.0
765,line-43,3645.886040816327,0.0,3645.886040816327,0.0,0.0,2200.0
766,line-43,3645.886040816327,0.0,3645.886040816327,0.0,0.0,2200.0
767,line-43,2734.4145306122496,0.0,2734.4145306122496,0.0,0.0,2200.0
768,line-43,1822.9430204081634,0.0,1822.9430204081634,0.0,0.0,2200.0
769,line-43,1822.9430204081634,0.0,1822.9430204081634,0.0,0.0,2200.0
770,line-43,0.0,0.0,0.0,0.0,0.0,2200.0
771,line-43,0.0,0.0,0.0,0.0,0.0,2200.0
772,line-43,0.0,0.0,0.0,0.0,0.0,2200.0
773,line-43,1822.943020408163,0.0,1822.943020408163,0.0,0.0,2200.0
774,line-43,3645.886040816327,1129.0493214333833,2516.836719382944,0.0,0.0,2200.0
775,line-43,7291.772081632654,3310.205118886689,3981.5669627459642,0.0,0.0,2200.0
776,line-43,7291.772081632654,5265.775907860474,2025.9961737721799,0.0,0.0,2200.0
777,line-43,3645.886040816327,6862.492770819706,0.0,0.0,0.0,5255.776393503211
778,line-43,3645.886040816327,7991.542092253088,0.0,0.0,0.0,9384.149642368135
779,line-43,3645.886040816327,8575.981026747162,0.0,0.0,0.0,14067.73987900243
780,line-43,3645.886040816327,8575.981026747162,0.0,0.0,0.0,18751.330115636727
781,line-43,3645.886040816327,7991.542092253088,0.0,0.0,926.0035415806818,22000.0
782,line-43,3645.886040816327,6862.492770819706,0.0,0.0,3216.6067300033787,22000.0
783,line-43,7291.772081632654,5265.775907860478,0.0,0.0,0.0,19867.372448660866
784,line-43,7291.772081632654,3310.2051188866917,0.0,0.0,0.0,15676.249329980903
785,line-43,3645.886040816327,1129.049321433387,0.0,0.0,0.0,13026.94752010412
786,line-43,3645.886040816327,0.0,0.0,0.0,0.0,9189.172740297465
787,line-43,3645.886040816327,0.0,0.0,0.0,0.0,5351.397960490804
788,line-43,3645.886040816327,0.0,652.0579783500657,0.0,0.0,2200.0
789,line-43,3645.886040816327,0.0,3645.886040816327,0.0,0.0,2200.0
790,line-43,3645.886040816327,0.0,3645.886040816327,0.0,0.0,2200.0
791,line-43,2734.4145306122496,0.0,2734.4145306122496,0.0,0.0,2200.0
792,line-43,1822.9430204081634,0.0,1822.9430204081634,0.0,0.0,2200.0
793,line-43,1822.9430204081634,0.0,1822.9430204081634,0.0,0.0,2200.0
794,line-43,0.0,0.0,0.0,0.0,0.0,2200.0
795,line-43,0.0,0.0,0.0,0.0,0.0,2200.0
796,line-43,0.0,0.0,0.0,0.0,0.0,2200.0
797,line-43,1822.943020408163,0.0,1822.943020408163,0.0,0.0,2200.0
798,line-43,3645.886040816327,1133.1209840145573,2512.76505680177,0.0,0.0,2200.0
799,line-43,7291.772081632654,3322.142629554045,3969.6294520786105,0.0,0.0,2200.0
800,line-43,7291.772081632654,5284.765744989697,2007.0063366429558,0.0,0.0,2200.0
801,line-43,3645.886040816327,6887.240808392634,0.0,0.0,0.0,5279.287029197488
802,line-43,3645.886040816327,8020.361792407191,0.0,0.0,0.0,9435.038993208811
803,line-43,3645.886040816327,8606.908374543746,0.0,0.0,0.0,14148.010210249853
804,line-43,3645.886040816327,8606.908374543746,0.0,0.0,0.0,18860.981427290906
805,line-43,3645.886040816327,8020.361792407192,0.0,0.0,1070.2456750549702,22000.0
806,line-43,3645.886040816327,6887.240808392634,0.0,0.0,3241.3547675763048,22000.0
807,line-43,7291.772081632654,5284.7657449897,0.0,0.0,0.0,19887.361750902153
808,line-43,7291.772081632654,3322.142629554045,0.0,0.0,0.0,15708.804432924668
809,line-43,3645.886040816327,1133.1209840145602,0.0,0.0,0.0,13063.788583659649
810,line-43,3645.886040816327,0.0,0.0,0.0,0.0,9226.013803852993
811,line-43,3645.886040816327,0.0,0.0,0.0,0.0,5388.239024046332
812,line-43,3645.886040816327,0.0,617.0589679723136,0.0,0.0,2200.0
813,line-43,3645.886040816327,0.0,3645.886040816327,0.0,0.0,2200.0
814,line-43,3645.886040816327,0.0,3645.886040816327,0.0,0.0,2200.0
815,line-43,2734.4145306122496,0.0,2734.4145306122496,0.0,0.0,2200.0
816,line-43,1822.9430204081634,0.0,1822.9430204081634,0.0,0.0,2200.0
817,line-43,1822.9430204081634,0.0,1822.9430204081634,0.0,0.0,2200.0
818,line-43,0.0,0.0,0.0,0.0,0.0,2200.0
819,line-43,0.0,0.0,0.0,0.0,0.0,2200.0
820,line-43,0.0,0.0,0.0,0.0,0.0,2200.0
821,line-43,1822.943020408163,0.0,1822.943020408163,0.0,0.0,2200.0
822,line-43,3645.886040816327,1137.266807236606,2508.6192335797214,0.0,0.0,2200.0
823,line-43,7291.772081632654,3334.297568218905,3957.4745134137506,0.0,0.0,2200.0
824,line-43,7291.772081632654,5304.101460114348,1987.6706215183067,0.0,0.0,2200.0
825,line-43,3645.886040816327,6912.4396029451045,0.0,0.0,0.0,5303.22588402234
826,line-43,3645.886040816327,8049.706410181708,0.0,0.0,0.0,9486.855234919452
827,line-43,3645.886040816327,8638.399028333251,0.0,0.0,0.0,14229.742573060528
828,line-43,3645.886040816327,8638.399028333251,0.0,0.0,0.0,18972.629911201606
829,line-43,3645.886040816327,8049.706410181712,0.0,0.0,1217.1150127354967,22000.0
830,line-43,3645.886040816327,6912.4396029451045,0.0,0.0,3266.5535621287777,22000.0
831,line-43,7291.772081632654,5304.101460114348,0.0,0.0,0.0,19907.71513524389
832,line-43,7291.772081632654,3334.297568218905,0.0,0.0,0.0,15741.952489545205
833,line-43,3645.886040816327,1137.2668072366096,0.0,0.0,0.0,13101.300664724447
834,line-43,3645.886040816327,0.0,0.0,0.0,0.0,9263.525884917786
835,line-43,3645.886040816327,0.0,0.0,0.0,0.0,5425.751105111125
836,line-43,3645.886040816327,0.0,581.4224909607576,0.0,0.0,2200.0
837,line-43,3645.886040816327,0.0,3645.886040816327,0.0,0.0,2200.0
838,line-43,3645.886040816327,0.0,3645.886040816327,0.0,0.0,2200.0
839,line-43,2734.4145306122496,0.0,2734.4145306122496,0.0,0.0,2200.0
840,line-43,1822.9430204081634,0.0,1822.9430204081634,0.0,0.0,2200.0
841,line-43,1822.9430204081634,0.0,1822.9430204081634,0.0,0.0,2200.0
842,line-43,0.0,0.0,0.0,0.0,0.0,2200.0
843,line-43,0.0,0.0,0.0,0.0,0.0,2200.0
844,line-43,0.0,0.0,0.0,0.0,0.0,2200.0
845,line-43,1822.943020408163,0.0,1822.943020408163,0.0,0.0,2200.0
846,line-43,3645.886040816327,1141.4855626026358,2504.4004782136926,0.0,0.0,2200.0
847,line-43,7291.772081632654,3346.6663331106233,3945.105748522032,0.0,0.0,2200.0
848,line-43,7291.772081632654,5323.777323644732,1967.9947579879224,0.0,0.0,2200.0
849,line-43,3645.886040816327,6938.081687530463,0.0,0.0,0.0,5327.585864378427
850,line-43,3645.886040816327,8079.567250133099,0.0,0.0,0.0,9539.583013229358
851,line-43,3645.886040816327,8670.443656755353,0.0,0.0,0.0,14312.912748371433
852,line-43,3645.886040816327,8670.443656755353,0.0,0.0,0.0,19086.242483513503
853,line-43,3645.886040816327,8079.5672501331,0.0,0.0,1366.5680340678268,22000.0
854,line-43,3645.886040816327,6938.081687530463,0.0,0.0,3292.1956467141335,22000.0
855,line-43,7291.772081632654,5323.777323644732,0.0,0.0,0.0,19928.426570539028
856,line-43,7291.772081632654,3346.6663331106233,0.0,0.0,0.0,15775.683677357945
857,line-43,3645.886040816327,1141.4855626026397,0.0,0.0,0.0,13139.472647659326
858,line-43,3645.886040816327,0.0,0.0,0.0,0.0,9301.697867852661
859,line-43,3645.886040816327,0.0,0.0,0.0,0.0,5463.923088046004
860,line-43,3645.886040816327,0.0,545.1591071726253,0.0,0.0,2200.0
861,line-43,3645.886040816327,0.0,3645.886040816327,0.0,0.0,2200.0
862,line-43,3645.886040816327,0.0,3645.886040816327,0.0,0.0,2200.0
863,line-43,2734.4145306122496,0.0,2734.4145306122496,0.0,0.0,2200.0
864,line-43,1822.9430204081634,0.0,1822.9430204081634,0.0,0.0,2200.0
865,line-43,1822.9430204081634,0.0,1822.9430204081634,0.0,0.0,2200.0
866,line-43,0.0,0.0,0.0,0.0,0.0,2200.0
867,line-43,0.0,0.0,0.0,0.0,0.0,2200.0
868,line-43,0.0,0.0,0.0,0.0,0.0,2200.0
869,line-43,1822.943020408163,0.0,1822.943020408163,0.0,0.0,2200.0
870,line-43,3645.886040816327,1145.776000004383,2500.1100408119446,0.0,0.0,2200.0
871,line-43,7291.772081632654,3359.245259097217,3932.526822535438,0.0,0.0,2200.0
872,line-43,7291.772081632654,5343.787505197846,1947.9845764348083,0.0,0.0,2200.0
873,line-43,3645.886040816327,6964.15946384564,0.0,0.0,0.0,5352.359751877845
874,line-43,3645.886040816327,8109.935463850023,0.0,0.0,0.0,9593.206703759857
875,line-43,3645.886040816327,8703.032764295061,0.0,0.0,0.0,14397.496091064653
876,line-43,3645.886040816327,8703.032764295061,0.0,0.0,0.0,19201.785478369453
877,line-43,3645.886040816327,8109.935463850025,0.0,0.0,1518.5604528962792,22000.0
878,line-43,3645.886040816327,6964.15946384564,0.0,0.0,3318.273423029313,22000.0
879,line-43,7291.772081632654,5343.787505197848,0.0,0.0,0.0,19949.489919542317
880,line-43,7291.772081632654,3359.245259097218,0.0,0.0,0.0,15809.988001083953
881,line-43,3645.886040816327,1145.7760000043863,0.0,0.0,0.0,13178.29322128191
882,line-43,3645.886040816327,0.0,0.0,0.0,0.0,9340.518441475251
883,line-43,3645.886040816327,0.0,0.0,0.0,0.0,5502.743661668591
884,line-43,3645.886040816327,0.0,508.27956223116587,0.0,0.0,2200.0
885,line-43,3645.886040816327,0.0,3645.886040816327,0.0,0.0,2200.0
886,line-43,3645.886040816327,0.0,3645.886040816327,0.0,0.0,2200.0
887,line-43,2734.4145306122496,0.0,2734.4145306122496,0.0,0.0,2200.0
888,line-43,1822.9430204081634,0.0,1822.9430204081634,0.0,0.0,2200.0
889,line-43,1822.9430204081634,0.0,1822.9430204081634,0.0,0.0,2200.0
890,line-43,0.0,0.0,0.0,0.0,0.0,2200.0
891,line-43,0.0,0.0,0.0,0.0,0.0,2200.0
892,line-43,0.0,0.0,0.0,0.0,0.0,2200.0
893,line-43,1822.943020408163,0.0,1822.943020408163,0.0,0.0,2200.0
894,line-43,3645.886040816327,1150.1368480926499,2495.749192723678,0.0,0.0,2200.0
895,line-43,7291.772081632654,3372.0306187714455,3919.7414628612096,0.0,0.0,2200.0
896,line-43,7291.772081632654,5364.1260753250435,1927.6460063076113,0.0,0.0,2200.0
897,line-43,3645.886040816327,6990.665204482715,0.0,0.0,0.0,5377.5402054830665
898,line-43,3645.886040816327,8140.802052575362,0.0,0.0,0.0,9647.710416654154
899,line-43,3645.886040816327,8736.15669409649,0.0,0.0,0.0,14483.467537270304
900,line-43,3645.886040816327,8736.15669409649,0.0,0.0,0.0,19319.224657886458
901,line-43,3645.886040816327,8140.802052575363,0.0,0.0,1673.0472305868861,22000.0
902,line-43,3645.886040816327,6990.665204482715,0.0,0.0,3344.779163666387,22000.0
903,line-43,7291.772081632654,5364.126075325045,0.0,0.0,0.0,19970.898940728835
904,line-43,7291.772081632654,3372.0306187714464,0.0,0.0,0.0,15844.855295611771
905,line-43,3645.886040816327,1150.1368480926535,0.0,0.0,0.0,13217.750882218432
906,line-43,3645.886040816327,0.0,0.0,0.0,0.0,9379.976102411769
907,line-43,3645.886040816327,0.0,0.0,0.0,0.0,5542.201322605106
908,line-43,3645.886040816327,0.0,470.7947843414757,0.0,0.0,2200.0
909,line-43,3645.886040816327,0.0,3645.886040816327,0.0,0.0,2200.0
910,line-43,3645.886040816327,0.0,3645.886040816327,0.0,0.0,2200.0
911,line-43,2734.4145306122496,0.0,2734.4145306122496,0.0,0.0,2200.0
912,line-43,1822.9430204081634,0.0,1822.9430204081634,0.0,0.0,2200.0
913,line-43,1822.9430204081634,0.0,1822.9430204081634,0.0,0.0,2200.0
914,line-43,0.0,0.0,0.0,0.0,0.0,2200.0
915,line-43,0.0,0.0,0.0,0.0,0.0,2200.0
916,line-43,0.0,0.0,0.0,0.0,0.0,2200.0
917,line-43,1822.943020408163,0.0,1822.943020408163,0.0,0.0,2200.0
918,line-43,3645.886040816327,1154.5668146540338,2491.319226162294,0.0,0.0,2200.0
919,line-43,7291.772081632654,3385.0186235553056,3906.75345807735,0.0,0.0,2200.0
920,line-43,7291.772081632654,5384.787007269051,1906.985074363603,0.0,0.0,2200.0
921,line-43,3645.886040816327,7017.591055218692,0.0,0.0,0.0,5403.119763682245
922,line-43,3645.886040816327,8172.157869872727,0.0,0.0,0.0,9703.078001285823
923,line-43,3645.886040816327,8769.80563082436,0.0,0.0,0.0,14570.801611793451
924,line-43,3645.886040816327,8769.80563082436,0.0,0.0,0.0,19438.525222301083
925,line-43,3645.886040816327,8172.157869872727,0.0,0.0,1829.9825893733253,22000.0
926,line-43,3645.886040816327,7017.591055218692,0.0,0.0,3371.7050144023633,22000.0
927,line-43,7291.772081632654,5384.787007269053,0.0,0.0,0.0,19992.64729014358
928,line-43,7291.772081632654,3385.0186235553056,0.0,0.0,0.0,15880.275229009527
929,line-43,3645.886040816327,1154.5668146540374,0.0,0.0,0.0,13257.833938312373
930,line-43,3645.886040816327,0.0,0.0,0.0,0.0,9420.059158505717
931,line-43,3645.886040816327,0.0,0.0,0.0,0.0,5582.284378699056
932,line-43,3645.886040816327,0.0,432.71588105222594,0.0,0.0,2200.0
933,line-43,3645.886040816327,0.0,3645.886040816327,0.0,0.0,2200.0
934,line-43,3645.886040816327,0.0,3645.886040816327,0.0,0.0,2200.0
935,line-43,2734.4145306122496,0.0,2734.4145306122496,0.0,0.0,2200.0
936,line-43,1822.9430204081634,0.0,1822.9430204081634,0.0,0.0,2200.0
937,line-43,1822.9430204081634,0.0,1822.9430204081634,0.0,0.0,2200.0
938,line-43,0.0,0.0,0.0,0.0,0.0,2200.0
939,line-43,0.0,0.0,0.0,0.0,0.0,2200.0
940,line-43,0.0,0.0,0.0,0.0,0.0,2200.0
941,line-43,1822.943020408163,0.0,1822.943020408163,0.0,0.0,2200.0
942,line-43,3645.886040816327,1159.0645869938357,2486.8214538224915,0.0,0.0,2200.0
943,line-43,7291.772081632654,3398.2054248226746,3893.566656809981,0.0,0.0,2200.0
944,line-43,7291.772081632654,5405.764178749834,1886.0079028828209,0.0,0.0,2200.0
945,line-43,3645.886040816327,7044.929037342887,0.0,0.0,0.0,5429.090846700232
946,line-43,3645.886040816327,8203.993624336721,0.0,0.0,0.0,9759.293051044604
947,line-43,3645.886040816327,8803.969603572508,0.0,0.0,0.0,14659.472435662974
948,line-43,3645.886040816327,8803.969603572508,0.0,0.0,0.0,19559.65182028135
949,line-43,3645.886040816327,8203.993624336725,0.0,0.0,1989.3200259218147,22000.0
950,line-43,3645.886040816327,7044.929037342887,0.0,0.0,3399.0429965265585,22000.0
951,line-43,7291.772081632654,5405.764178749836,0.0,0.0,0.0,20014.728523281243
952,line-43,7291.772081632654,3398.205424822675,0.0,0.0,0.0,15916.237305586532
953,line-43,3645.886040816327,1159.0645869938394,0.0,0.0,0.0,13298.530512089175
954,line-43,3645.886040816327,0.0,0.0,0.0,0.0,9460.755732282512
955,line-43,3645.886040816327,0.0,0.0,0.0,0.0,5622.980952475849
956,line-43,3645.886040816327,0.0,394.0541359642692,0.0,0.0,2200.0
957,line-43,3645.886040816327,0.0,3645.886040816327,0.0,0.0,2200.0
958,line-43,3645.886040816327,0.0,3645.886040816327,0.0,0.0,2200.0
959,line-43,2734.4145306122496,0.0,2734.4145306122496,0.0,0.0,2200.0
960,line-43,1822.9430204081634,0.0,1822.9430204081634,0.0,0.0,2200.0
961,line-43,1822.9430204081634,0.0,1822.9430204081634,0.0,0.0,2200.0
962,line-43,0.0,0.0,0.0,0.0,0.0,2200.0
963,line-43,0.0,0.0,0.0,0.0,0.0,2200.0
964,line-43,0.0,0.0,0.0,0.0,0.0,2200.0
965,line-43,1822.943020408163,0.0,1822.943020408163,0.0,0.0,2200.0
966,line-43,3645.886040816327,1163.6288323250415,2482.257208491286,0.0,0.0,2200.0
967,line-43,7291.772081632654,3411.5871150397415,3880.184966592914,0.0,0.0,2200.0
968,line-43,7291.772081632654,5427.05137377876,1864.7207078538943,0.0,0.0,2200.0
969,line-43,3645.886040816327,7072.671050021199,0.0,0.0,0.0,5455.445758744629
970,line-43,3645.886040816327,8236.299882346244,0.0,0.0,0.0,9816.338908198051
971,line-43,3645.886040816327,8838.6384888185,0.0,0.0,0.0,14749.453733800112
972,line-43,3645.886040816327,8838.6384888185,0.0,0.0,0.0,19682.56855940218
973,line-43,3645.886040816327,8236.299882346244,0.0,0.0,2151.0123251111545,22000.0
974,line-43,3645.886040816327,7072.671050021199,0.0,0.0,3426.785009204874,22000.0
975,line-43,7291.772081632654,5427.0513737787605,0.0,0.0,0.0,20037.1360969959
976,line-43,7291.772081632654,3411.587115039742,0.0,0.0,0.0,15952.73086900336
977,line-43,3645.886040816327,1163.628832325045,0.0,0.0,0.0,13339.828544275699
978,line-43,3645.886040816327,0.0,0.0,0.0,0.0,9502.053764469036
979,line-43,3645.886040816327,0.0,0.0,0.0,0.0,5664.2789846623755
980,line-43,3645.886040816327,0.0,354.82100538707203,0.0,0.0,2200.0
981,line-43,3645.886040816327,0.0,3645.886040816327,0.0,0.0,2200.0
982,line-43,3645.886040816327,0.0,3645.886040816327,0.0,0.0,2200.0
983,line-43,2734.4145306122496,0.0,2734.4145306122496,0.0,0.0,2200.0
984,line-43,1822.9430204081634,0.0,1822.9430204081634,0.0,0.0,2200.0
985,line-43,1822.9430204081634,0.0,1822.9430204081634,0.0,0.0,2200.0
986,line-43,0.0,0.0,0.0,0.0,0.0,2200.0
987,line-43,0.0,0.0,0.0,0.0,0.0,2200.0
988,line-43,0.0,0.0,0.0,0.0,0.0,2200.0
989,line-43,1822.943020408163,0.0,1822.943020408163,0.0,0.0,2200.0
990,line-43,3645.886040816327,1168.2581981632552,2477.627842653072,0.0,0.0,2200.0
991,line-43,7291.772081632654,3425.1597289228953,3866.612352709758,0.0,0.0,2200.0
992,line-43,7291.772081632654,5448.642284500526,1843.129797132129,0.0,0.0,2200.0
993,line-43,3645.886040816327,7100.808872696557,0.0,0.0,0.0,5482.176690286218
994,line-43,3645.886040816327,8269.06707085981,0.0,0.0,0.0,9874.198668827525
995,line-43,3645.886040816327,8873.802013423421,0.0,0.0,0.0,14840.718842804263
996,line-43,3645.886040816327,8873.802013423421,0.0,0.0,0.0,19807.239016781
997,line-43,3645.886040816327,8269.067070859812,0.0,0.0,2315.011574023483,22000.0
998,line-43,3645.886040816327,7100.808872696557,0.0,0.0,3454.922831880228,22000.0
999,line-43,7291.772081632654,5448.642284500526,0.0,0.0,0.0,20059.863371439864
1000,line-43,7291.772081632654,3425.1597289228966,0.0,0.0,0.0,15989.745105429593
1001,line-43,3645.886040816327,1168.2581981632588,0.0,0.0,0.0,13381.715797373738
1002,line-43,3645.886040816327,0.0,0.0,0.0,0.0,9543.941017567075
1003,line-43,3645.886040816327,0.0,0.0,0.0,0.0,5706.166237760412
1004,line-43,3645.886040816327,0.0,315.02811494393507,0.0,0.0,2200.0
1005,line-43,3645.886040816327,0.0,3645.886040816327,0.0,0.0,2200.0
1006,line-43,3645.886040816327,0.0,3645.886040816327,0.0,0.0,2200.0
1007,line-43,2734.4145306122496,0.0,2734.4145306122496,0.0,0.0,2200.0
1008,line-43,1822.9430204081634,0.0,1822.9430204081634,0.0,0.0,2200.0
1009,line-43,1822.9430204081634,0.0,1822.9430204081634,0.0,0.0,2200.0
1010,line-43,0.0,0.0,0.0,0.0,0.0,2200.0
1011,line-43,0.0,0.0,0.0,0.0,0.0,2200.0
1012,line-43,0.0,0.0,0.0,0.0,0.0,2200.0
1013,line-43,1822.943020408163,0.0,1822.943020408163,0.0,0.0,2200.0
1014,line-43,3645.886040816327,1172.9513127274688,2472.9347280888583,0.0,0.0,2200.0
1015,line-43,7291.772081632654,3438.919244613726,3852.8528370189297,0.0,0.0,2200.0
1016,line-43,7291.772081632654,5470.530513062312,1821.2415685703427,0.0,0.0,2200.0
1017,line-43,3645.886040816327,7129.334167524823,0.0,0.0,0.0,5509.275720373072
1018,line-43,3645.886040816327,8302.285480252294,0.0,0.0,0.0,9932.855187837238
1019,line-43,3645.886040816327,8909.449757676039,0.0,0.0,0.0,14933.240718853966
1020,line-43,3645.886040816327,8909.449757676039,0.0,0.0,0.0,19933.626249870682
1021,line-43,3645.886040816327,8302.285480252294,0.0,0.0,2481.2691761419514,22000.0
1022,line-43,3645.886040816327,7129.334167524823,0.0,0.0,3483.448126708496,22000.0
1023,line-43,7291.772081632654,5470.530513062314,0.0,0.0,0.0,20082.90361203122
1024,line-43,7291.772081632654,3438.919244613726,0.0,0.0,0.0,16027.26904674814
1025,line-43,3645.886040816327,1172.9513127274724,0.0,0.0,0.0,13424.179859286183
1026,line-43,3645.886040816327,0.0,0.0,0.0,0.0,9586.405079479524
1027,line-43,3645.886040816327,0.0,0.0,0.0,0.0,5748.630299672864
1028,line-43,3645.886040816327,0.0,274.6872561271069,0.0,0.0,2200.0
1029,line-43,3645.886040816327,0.0,3645.886040816327,0.0,0.0,2200.0
1030,line-43,3645.886040816327,0.0,3645.886040816327,0.0,0.0,2200.0
1031,line-43,2734.4145306122496,0.0,2734.4145306122496,0.0,0.0,2200.0
1032,line-43,1822.9430204081634,0.0,1822.9430204081634,0.0,0.0,2200.0
1033,line-43,1822.9430204081634,0.0,1822.9430204081634,0.0,0.0,2200.0
1034,line-43,0.0,0.0,0.0,0.0,0.0,2200.0
1035,line-43,0.0,0.0,0.0,0.0,0.0,2200.0
1036,line-43,0.0,0.0,0.0,0.0,0.0,2200.0
1037,line-43,1822.943020408163,0.0,1822.943020408163,0.0,0.0,2200.0
1038,line-43,3645.886040816327,1177.7067853465517,2468.1792554697754,0.0,0.0,2200.0
1039,line-43,7291.772081632654,3452.861584870773,3838.9104967618823,0.0,0.0,2200.0
1040,line-43,7291.772081632654,5492.7095735096145,1799.0625081230405,0.0,0.0,2200.0
1041,line-43,3645.886040816327,7158.238481845529,0.0,0.0,0.0,5536.734818977739
1042,line-43,3645.886040816327,8335.945267192079,0.0,0.0,0.0,9992.291084034705
1043,line-43,3645.886040816327,8945.571158380386,0.0,0.0,0.0,15026.991945720556
1044,line-43,3645.886040816327,8945.571158380386,0.0,0.0,0.0,20061.692807406424
1045,line-43,3645.886040816327,8335.945267192079,0.0,0.0,2649.7358657509285,22000.0
1046,line-43,3645.886040816327,7158.238481845529,0.0,0.0,3512.3524410292002,22000.0
1047,line-43,7291.772081632654,5492.709573509617,0.0,0.0,0.0,20106.249991449433
1048,line-43,7291.772081632654,3452.8615848707736,0.0,0.0,0.0,16065.29157380535
1049,line-43,3645.886040816327,1177.7067853465553,0.0,0.0,0.0,13467.208146995059
1050,line-43,3645.886040816327,0.0,0.0,0.0,0.0,9629.433367188403
1051,line-43,3645.886040816327,0.0,0.0,0.0,0.0,5791.658587381742
1052,line-43,3645.886040816327,0.0,233.81038280367386,0.0,0.0,2200.0
1053,line-43,3645.886040816327,0.0,3645.886040816327,0.0,0.0,2200.0
1054,line-43,3645.886040816327,0.0,3645.886040816327,0.0,0.0,2200.0
1055,line-43,2734.4145306122496,0.0,2734.4145306122496,0.0,0.0,2200.0
1056,line-43,1822.9430204081634,0.0,1822.9430204081634,0.0,0.0,2200.0
1057,line-43,1822.9430204081634,0.0,1822.9430204081634,0.0,0.0,2200.0
1058,line-43,0.0,0.0,0.0,0.0,0.0,2200.0
1059,line-43,0.0,0.0,0.0,0.0,0.0,2200.0
1060,line-43,0.0,0.0,0.0,0.0,0.0,2200.0
1061,line-43,1822.943020408163,0.0,1822.943020408163,0.0,0.0,2200.0
1062,line-43,3645.886040816327,1182.5232068713347,2463.3628339449924,0.0,0.0,2200.0
1063,line-43,7291.772081632654,3466.982618277722,3824.7894633549336,0.0,0.0,2200.0
1064,line-43,7291.772081632654,5515.172893708156,1776.599187924499,0.0,0.0,2200.0
1065,line-43,3645.886040816327,7187.513250686521,0.0,0.0,0.0,5564.545849376683
1066,line-43,3645.886040816327,8370.036457557857,0.0,0.0,0.0,10052.488745281138
1067,line-43,3645.886040816327,8982.155511985877,0.0,0.0,0.0,15121.94474289221
1068,line-43,3645.886040816327,8982.155511985877,0.0,0.0,0.0,20191.40074050328
1069,line-43,3645.886040816327,8370.036457557857,0.0,0.0,2820.361722534456,22000.0
1070,line-43,3645.886040816327,7187.513250686521,0.0,0.0,3541.6272098701943,22000.0
1071,line-43,7291.772081632654,5515.172893708157,0.0,0.0,0.0,20129.895591658416
1072,line-43,7291.772081632654,3466.982618277722,0.0,0.0,0.0,16103.801419705862
1073,line-43,3645.886040816327,1182.5232068713383,0.0,0.0,0.0,13510.787910290086
1074,line-43,3645.886040816327,0.0,0.0,0.0,0.0,9673.013130483421
1075,line-43,3645.886040816327,0.0,0.0,0.0,0.0,5835.238350676764
1076,line-43,3645.886040816327,0.0,192.40960767340323,0.0,0.0,2200.0
1077,line-43,3645.886040816327,0.0,3645.886040816327,0.0,0.0,2200.0
1078,line-43,3645.886040816327,0.0,3645.886040816327,0.0,0.0,2200.0
1079,line-43,2734.4145306122496,0.0,2734.4145306122496,0.0,0.0,2200.0
1080,line-43,1822.9430204081634,0.0,1822.9430204081634,0.0,0.0,2200.0
1081,line-43,1822.9430204081634,0.0,1822.9430204081634,0.0,0.0,2200.0
1082,line-43,0.0,0.0,0.0,0.0,0.0,2200.0
1083,line-43,0.0,0.0,0.0,0.0,0.0,2200.0
1084,line-43,0.0,0.0,0.0,0.0,0.0,2200.0
1085,line-43,1822.943020408163,0.0,1822.943020408163,0.0,0.0,2200.0
1086,line-43,3645.886040816327,1187.3991500921732,2458.486890724153,0.0,0.0,2200.0
1087,line-43,7291.772081632654,3481.2781604676143,3810.4939211650412,0.0,0.0,2200.0
1088,line-43,7291.772081632654,5537.91381729136,1753.8582643412929,0.0,0.0,2200.0
1089,line-43,3645.886040816327,7217.1497993019975,0.0,0.0,0.0,5592.7005705613865
1090,line-43,3645.886040816327,8404.548949394173,0.0,0.0,0.0,10113.43033371034
1091,line-43,3645.886040816327,9019.191977758976,0.0,0.0,0.0,15218.070973805861
1092,line-43,3645.886040816327,9019.191977758976,0.0,0.0,0.0,20322.711613901374
1093,line-43,3645.886040816327,8404.548949394173,0.0,0.0,2993.0961863687676,22000.0
1094,line-43,3645.886040816327,7217.1497993019975,0.0,0.0,3571.2637584856716,22000.0
1095,line-43,7291.772081632654,5537.913817291363,0.0,0.0,0.0,20153.83340595654
1096,line-43,7291.772081632654,3481.2781604676147,0.0,0.0,0.0,16142.78717315123
1097,line-43,3645.886040816327,1187.399150092177,0.0,0.0,0.0,13554.906235546863
1098,line-43,3645.886040816327,0.0,0.0,0.0,0.0,9717.131455740204
1099,line-43,3645.886040816327,0.0,0.0,0.0,0.0,5879.356675933544
1100,line-43,3645.886040816327,0.0,150.49719867946135,0.0,0.0,2200.0
1101,line-43,3645.886040816327,0.0,3645.886040816327,0.0,0.0,2200.0
1102,line-43,3645.886040816327,0.0,3645.886040816327,0.0,0.0,2200.0
1103,line-43,2734.4145306122496,0.0,2734.4145306122496,0.0,0.0,2200.0
1104,line-43,1822.9430204081634,0.0,1822.9430204081634,0.0,0.0,2200.0
1105,line-43,1822.9430204081634,0.0,1822.9430204081634,0.0,0.0,2200.0
1106,line-43,0.0,0.0,0.0,0.0,0.0,2200.0
1107,line-43,0.0,0.0,0.0,0.0,0.0,2200.0
1108,line-43,0.0,0.0,0.0,0.0,0.0,2200.0
1109,line-43,1822.943020408163,0.0,1822.943020408163,0.0,0.0,2200.0
1110,line-43,3645.886040816327,1192.3331701618602,2453.552870654467,0.0,0.0,2200.0
1111,line-43,7291.772081632654,3495.743975362778,3796.028106269875,0.0,0.0,2200.0
1112,line-43,7291.772081632654,5560.925605632788,1730.8464759998667,0.0,0.0,2200.0
1113,line-43,3645.886040816327,7247.139345742997,0.0,0.0,0.0,5621.190639680335
1114,line-43,3645.886040816327,8439.472515904858,0.0,0.0,0.0,10175.097791014441
1115,line-43,3645.886040816327,9056.669580995564,0.0,0.0,0.0,15315.342154184722
1116,line-43,3645.886040816327,9056.669580995564,0.0,0.0,0.0,20455.586517354994
1117,line-43,3645.886040816327,8439.472515904858,0.0,0.0,3167.888072304315,22000.0
1118,line-43,3645.886040816327,7247.139345742997,0.0,0.0,3601.2533049266713,22000.0
1119,line-43,7291.772081632654,5560.92560563279,0.0,0.0,0.0,20178.056341052772
1120,line-43,7291.772081632654,3495.743975362779,0.0,0.0,0.0,16182.237281821326
1121,line-43,3645.886040816327,1192.333170161864,0.0,0.0,0.0,13599.550049553472
1122,line-43,3645.886040816327,0.0,0.0,0.0,0.0,9761.77526974681
1123,line-43,3645.886040816327,0.0,0.0,0.0,0.0,5924.0004899401465
1124,line-43,3645.886040816327,0.0,108.08557537318666,0.0,0.0,2200.0
1125,line-43,3645.886040816327,0.0,3645.886040816327,0.0,0.0,2200.0
1126,line-43,3645.886040816327,0.0,3645.886040816327,0.0,0.0,2200.0
1127,line-43,2734.4145306122496,0.0,2734.4145306122496,0.0,0.0,2200.0
1128,line-43,1822.9430204081634,0.0,1822.9430204081634,0.0,0.0,2200.0
1129,line-43,1822.9430204081634,0.0,1822.9430204081634,0.0,0.0,2200.0
1130,line-43,0.0,0.0,0.0,0.0,0.0,2200.0
1131,line-43,0.0,0.0,0.0,0.0,0.0,2200.0
1132,line-43,0.0,0.0,0.0,0.0,0.0,2200.0
1133,line-43,1822.943020408163,0.0,1822.943020408163,0.0,0.0,2200.0
1134,line-43,3645.886040816327,1197.3238050237633,2448.562235792564,0.0,0.0,2200.0
1135,line-43,7291.772081632654,3510.375776430064,3781.396305202591,0.0,0.0,2200.0
1136,line-43,7291.772081632654,5584.201439842915,1707.5706417897409,0.0,0.0,2200.0
1137,line-43,3645.886040816327,7277.473003459678,0.0,0.0,0.0,5650.007614511184
1138,line-43,3645.886040816327,8474.796808483443,0.0,0.0,0.0,10237.472843794947
1139,line-43,3645.886040816327,9094.577216272975,0.0,0.0,0.0,15413.729460478764
1140,line-43,3645.886040816327,9094.577216272975,0.0,0.0,0.0,20589.98607716258
1141,line-43,3645.886040816327,8474.796808483445,0.0,0.0,3344.685585732989,22000.0
1142,line-43,3645.886040816327,7277.473003459678,0.0,0.0,3631.586962643352,22000.0
1143,line-43,7291.772081632654,5584.201439842916,0.0,0.0,0.0,20202.557219168695
1144,line-43,7291.772081632654,3510.375776430065,0.0,0.0,0.0,16222.140055797548
1145,line-43,3645.886040816327,1197.323805023767,0.0,0.0,0.0,13644.706123384327
1146,line-43,3645.886040816327,0.0,0.0,0.0,0.0,9806.931343577664
1147,line-43,3645.886040816327,0.0,0.0,0.0,0.0,5969.156563771005
1148,line-43,3645.886040816327,0.0,65.18730523387325,0.0,0.0,2200.0
1149,line-43,3645.886040816327,0.0,3645.886040816327,0.0,0.0,2200.0
1150,line-43,3645.886040816327,0.0,3645.886040816327,0.0,0.0,2200.0
1151,line-43,2734.4145306122496,0.0,2734.4145306122496,0.0,0.0,2200.0
1152,line-43,1822.9430204081634,0.0,1822.9430204081634,0.0,0.0,2200.0
1153,line-43,1822.9430204081634,0.0,1822.9430204081634,0.0,0.0,2200.0
1154,line-43,0.0,0.0,0.0,0.0,0.0,2200.0
1155,line-43,0.0,0.0,0.0,0.0,0.0,2200.0
1156,line-43,0.0,0.0,0.0,0.0,0.0,2200.0
1157,line-43,1822.943020408163,0.0,1822.943020408163,0.0,0.0,2200.0
1158,line-43,3645.886040816327,1202.3695758450667,2443.5164649712606,0.0,0.0,2200.0
1159,line-43,7291.772081632654,3525.1692279510326,3766.602853681623,0.0,0.0,2200.0
1160,line-43,7291.772081632654,5607.734422789727,1684.0376588429267,0.0,0.0,2200.0
1161,line-43,3645.886040816327,7308.141783934607,0.0,0.0,0.0,5679.142955962366
1162,line-43,3645.886040816327,8510.511359779674,0.0,0.0,0.0,10300.537008977544
1163,line-43,3645.886040816327,9132.903650740758,0.0,0.0,0.0,15513.203738405755
1164,line-43,3645.886040816327,9132.903650740758,0.0,0.0,0.0,20725.870467833964
1165,line-43,3645.886040816327,8510.511359779674,0.0,0.0,3523.4363377359396,22000.0
1166,line-43,3645.886040816327,7308.141783934607,0.0,0.0,3662.2557431182813,22000.0
1167,line-43,7291.772081632654,5607.73442278973,0.0,0.0,0.0,20227.32878016535
1168,line-43,7291.772081632654,3525.169227951033,0.0,0.0,0.0,16262.483671026797
1169,line-43,3645.886040816327,1202.3695758450704,0.0,0.0,0.0,13690.361076320205
1170,line-43,3645.886040816327,0.0,0.0,0.0,0.0,9852.58629651355
1171,line-43,3645.886040816327,0.0,0.0,0.0,0.0,6014.811516706888
1172,line-43,3645.886040816327,0.0,21.815099944785004,0.0,0.0,2200.0
1173,line-43,3645.886040816327,0.0,3645.886040816327,0.0,0.0,2200.0
1174,line-43,3645.886040816327,0.0,3645.886040816327,0.0,0.0,2200.0
1175,line-43,2734.4145306122496,0.0,2734.4145306122496,0.0,0.0,2200.0
1176,line-43,1822.9430204081634,0.0,1822.9430204081634,0.0,0.0,2200.0
1177,line-43,1822.9430204081634,0.0,1822.9430204081634,0.0,0.0,2200.0
1178,line-43,0.0,0.0,0.0,0.0,0.0,2200.0
1179,line-43,0.0,0.0,0.0,0.0,0.0,2200.0
1180,line-43,0.0,0.0,0.0,0.0,0.0,2200.0
1181,line-43,1822.943020408163,0.0,1822.943020408163,0.0,0.0,2200.0
1182,line-43,3645.886040816327,1207.4689874549788,2438.4170533613483,0.0,0.0,2200.0
1183,line-43,7291.772081632654,3540.1199463067287,3751.652135325926,0.0,0.0,2200.0
1184,line-43,7291.772081632654,5631.5175811425,1660.2545004901547,0.0,0.0,2200.0
1185,line-43,3645.886040816327,7339.13659934624,0.0,0.0,0.0,5708.588030603418
1186,line-43,3645.886040816327,8546.605586801219,0.0,0.0,0.0,10364.271599289064
1187,line-43,3645.886040816327,9171.63752744923,0.0,0.0,0.0,15613.735511590326
1188,line-43,3645.886040816327,9171.63752744923,0.0,0.0,0.0,20863.19942389158
1189,line-43,3645.886040816327,8546.60558680122,0.0,0.0,3704.08736060761,22000.0
1190,line-43,3645.886040816327,7339.13659934624,0.0,0.0,3693.2505585299127,22000.0
1191,line-43,7291.772081632654,5631.517581142505,0.0,0.0,0.0,20252.363683694577
1192,line-43,7291.772081632654,3540.1199463067296,0.0,0.0,0.0,16303.256172825182
1193,line-43,3645.886040816327,1207.4689874549827,0.0,0.0,0.0,13736.501379813244
1194,line-43,3645.886040816327,0.0,0.0,0.0,0.0,9898.72660000658
1195,line-43,3645.886040816327,0.0,0.0,0.0,0.0,6060.951820199922
1196,line-43,3645.886040816327,0.0,0.0,0.0,0.0,2223.177040393259
1197,line-43,3645.886040816327,0.0,3623.8678524427314,0.0,0.0,2200.0
1198,line-43,3645.886040816327,0.0,3645.886040816327,0.0,0.0,2200.0
1199,line-43,2734.4145306122496,0.0,2734.4145306122496,0.0,0.0,2200.0
1200,line-43,1822.9430204081634,0.0,1822.9430204081634,0.0,0.0,2200.0
1201,line-43,1822.9430204081634,0.0,1822.9430204081634,0.0,0.0,2200.0
1202,line-43,0.0,0.0,0.0,0.0,0.0,2200.0
1203,line-43,0.0,0.0,0.0,0.0,0.0,2200.0
1204,line-43,0.0,0.0,0.0,0.0,0.0,2200.0
1205,line-43,1822.943020408163,0.0,1822.943020408163,0.0,0.0,2200.0
1206,line-43,3645.886040816327,1212.6205287877858,2433.2655120285413,0.0,0.0,2200.0
1207,line-43,7291.772081632654,3555.223501276643,3736.54858035601,0.0,0.0,2200.0
1208,line-43,7291.772081632654,5655.543867438128,1636.2282141945275,0.0,0.0,2200.0
1209,line-43,3645.886040816327,7370.448265261848,0.0,0.0,0.0,5738.334113223247
1210,line-43,3645.886040816327,8583.068794049637,0.0,0.0,0.0,10428.65772879489
1211,line-43,3645.886040816327,9210.767368714773,0.0,0.0,0.0,15715.29499029841
1212,line-43,3645.886040816327,9210.767368714773,0.0,0.0,0.0,21001.93225180193
1213,line-43,3645.886040816327,8583.068794049637,0.0,0.0,3886.58512355113,22000.0
1214,line-43,3645.886040816327,7370.448265261848,0.0,0.0,3724.562224445522,22000.0
1215,line-43,7291.772081632654,5655.5438674381285,0.0,0.0,0.0,20277.654511374185
1216,line-43,7291.772081632654,3555.223501276646,0.0,0.0,0.0,16344.445479420492
1217,line-43,3645.886040816327,1212.6205287877895,0.0,0.0,0.0,13783.113361495714
1218,line-43,3645.886040816327,0.0,0.0,0.0,0.0,9945.338581689051
1219,line-43,3645.886040816327,0.0,0.0,0.0,0.0,6107.563801882388
1220,line-43,3645.886040816327,0.0,0.0,0.0,0.0,2269.78902207573
1221,line-43,3645.886040816327,0.0,3579.586469844384,0.0,0.0,2200.0
1222,line-43,3645.886040816327,0.0,3645.886040816327,0.0,0.0,2200.0
1223,line-43,2734.4145306122496,0.0,2734.4145306122496,0.0,0.0,2200.0
1224,line-43,1822.9430204081634,0.0,1822.9430204081634,0.0,0.0,2200.0
1225,line-43,1822.9430204081634,0.0,1822.9430204081634,0.0,0.0,2200.0
1226,line-43,0.0,0.0,0.0,0.0,0.0,2200.0
1227,line-43,0.0,0.0,0.0,0.0,0.0,2200.0
1228,line-43,0.0,0.0,0.0,0.0,0.0,2200.0
1229,line-43,1822.943020408163,0.0,1822.943020408163,0.0,0.0,2200.0
1230,line-43,3645.886040816327,1217.8226733306115,2428.063367485716,0.0,0.0,2200.0
1231,line-43,7291.772081632654,3570.4754173514784,3721.296664281177,0.0,0.0,2200.0
1232,line-43,7291.772081632654,5679.806162169453,1611.9659194632018,0.0,0.0,2200.0
1233,line-43,3645.886040816327,7402.0675033590605,0.0,0.0,0.0,5768.372389415596
1234,line-43,3645.886040816327,8619.89017668967,0.0,0.0,0.0,10493.676318495272
1235,line-43,3645.886040816327,9250.28157952093,0.0,0.0,0.0,15817.85208026465
1236,line-43,3645.886040816327,9250.28157952093,0.0,0.0,0.0,21142.027842034026
1237,line-43,3645.886040816327,8619.890176689676,0.0,0.0,4070.8755485407382,22000.0
1238,line-43,3645.886040816327,7402.0675033590605,0.0,0.0,3756.1814625427332,22000.0
1239,line-43,7291.772081632654,5679.806162169454,0.0,0.0,0.0,20303.193768986104
1240,line-43,7291.772081632654,3570.4754173514784,0.0,0.0,0.0,16386.039385532233
1241,line-43,3645.886040816327,1217.8226733306155,0.0,0.0,0.0,13830.183209231482
1242,line-43,3645.886040816327,0.0,0.0,0.0,0.0,9992.408429424826
1243,line-43,3645.886040816327,0.0,0.0,0.0,0.0,6154.633649618165
1244,line-43,3645.886040816327,0.0,0.0,0.0,0.0,2316.858869811503
1245,line-43,3645.886040816327,0.0,3534.8701144954007,0.0,0.0,2200.0
1246,line-43,3645.886040816327,0.0,3645.886040816327,0.0,0.0,2200.0
1247,line-43,2734.4145306122496,0.0,2734.4145306122496,0.0,0.0,2200.0
1248,line-43,1822.9430204081634,0.0,1822.9430204081634,0.0,0.0,2200.0
1249,line-43,1822.9430204081634,0.0,1822.9430204081634,0.0,0.0,2200.0
1250,line-43,0.0,0.0,0.0,0.0,0.0,2200.0
1251,line-43,0.0,0.0,0.0,0.0,0.0,2200.0
1252,line-43,0.0,0.0,0.0,0.0,0.0,2200.0
1253,line-43,1822.943020408163,0.0,1822.943020408163,0.0,0.0,2200.0
1254,line-43,3645.886040816327,1223.0738795757559,2422.8121612405716,0.0,0.0,2200.0
1255,line-43,7291.772081632654,3585.871175059334,3705.9009065733217,0.0,0.0,2200.0
1256,line-43,7291.772081632654,5704.297275894923,1587.474805737733,0.0,0.0,2200.0
1257,line-43,3645.886040816327,7433.984944175233,0.0,0.0,0.0,5798.69395819096
1258,line-43,3645.886040816327,8657.05882375099,0.0,0.0,0.0,10559.308101978888
1259,line-43,3645.886040816327,9290.168450954252,0.0,0.0,0.0,15921.37639160991
1260,line-43,3645.886040816327,9290.168450954252,0.0,0.0,0.0,21283.44468124094
1261,line-43,3645.886040816327,8657.058823750991,0.0,0.0,4256.90402634618,22000.0
1262,line-43,3645.886040816327,7433.984944175233,0.0,0.0,3788.098903358905,22000.0
1263,line-43,7291.772081632654,5704.2972758949245,0.0,0.0,0.0,20328.973888697124
1264,line-43,7291.772081632654,3585.8711750593343,0.0,0.0,0.0,16428.025565988362
1265,line-43,3645.886040816327,1223.0738795757595,0.0,0.0,0.0,13877.696975208823
1266,line-43,3645.886040816327,0.0,0.0,0.0,0.0,10039.922195402158
1267,line-43,3645.886040816327,0.0,0.0,0.0,0.0,6202.1474155955
1268,line-43,3645.886040816327,0.0,0.0,0.0,0.0,2364.372635788837
1269,line-43,3645.886040816327,0.0,3489.7320368169308,0.0,0.0,2200.0
1270,line-43,3645.886040816327,0.0,3645.886040816327,0.0,0.0,2200.0
1271,line-43,2734.4145306122496,0.0,2734.4145306122496,0.0,0.0,2200.0
1272,line-43,1822.9430204081634,0.0,1822.9430204081634,0.0,0.0,2200.0
1273,line-43,1822.9430204081634,0.0,1822.9430204081634,0.0,0.0,2200.0
1274,line-43,0.0,0.0,0.0,0.0,0.0,2200.0
1275,line-43,0.0,0.0,0.0,0.0,0.0,2200.0
1276,line-43,0.0,0.0,0.0,0.0,0.0,2200.0
1277,line-43,1822.943020408163,0.0,1822.943020408163,0.0,0.0,2200.0
1278,line-43,3645.886040816327,1228.3725914774786,2417.5134493388487,0.0,0.0,2200.0
1279,line-43,7291.772081632654,3601.4062123049343,3690.365869327719,0.0,0.0,2200.0
1280,line-43,7291.772081632654,5729.009951368977,1562.7621302636785,0.0,0.0,2200.0
1281,line-43,3645.886040816327,7466.191129883812,0.0,0.0,0.0,5829.28983461411
1282,line-43,3645.886040816327,8694.563721361288,0.0,0.0,0.0,10625.53363113182
1283,line-43,3645.886040816327,9330.416163673908,0.0,0.0,0.0,16025.837247846524
1284,line-43,3645.886040816327,9330.416163673908,0.0,0.0,0.0,21426.140864561225
1285,line-43,3645.886040816327,8694.56372136129,0.0,0.0,4444.615432714674,22000.0
1286,line-43,3645.886040816327,7466.191129883812,0.0,0.0,3820.305089067484,22000.0
1287,line-43,7291.772081632654,5729.009951368978,0.0,0.0,0.0,20354.987231301395
1288,line-43,7291.772081632654,3601.406212304936,0.0,0.0,0.0,16470.39157937748
1289,line-43,3645.886040816327,1228.3725914774823,0.0,0.0,0.0,13925.64058007343
1290,line-43,3645.886040816327,0.0,0.0,0.0,0.0,10087.86580026677
1291,line-43,3645.886040816327,0.0,0.0,0.0,0.0,6250.091020460108
1292,line-43,3645.886040816327,0.0,0.0,0.0,0.0,2412.3162406534475
1293,line-43,3645.886040816327,0.0,3444.1856121955516,0.0,0.0,2200.0
1294,line-43,3645.886040816327,0.0,3645.886040816327,0.0,0.0,2200.0
1295,line-43,2734.4145306122496,0.0,2734.4145306122496,0.0,0.0,2200.0
1296,line-43,1822.9430204081634,0.0,1822.9430204081634,0.0,0.0,2200.0
1297,line-43,1822.9430204081634,0.0,1822.9430204081634,0.0,0.0,2200.0
1298,line-43,0.0,0.0,0.0,0.0,0.0,2200.0
1299,line-43,0.0,0.0,0.0,0.0,0.0,2200.0
1300,line-43,0.0,0.0,0.0,0.0,0.0,2200.0
1301,line-43,1822.943020408163,0.0,1822.943020408163,0.0,0.0,2200.0
1302,line-43,3645.886040816327,1233.7172389130878,2412.16880190324,0.0,0.0,2200.0
1303,line-43,7291.772081632654,3617.075925721473,3674.6961559111814,0.0,0.0,2200.0
1304,line-43,7291.772081632654,5753.936865692532,1537.8352159401227,0.0,0.0,2200.0
1305,line-43,3645.886040816327,7498.676517096909,0.0,0.0,0.0,5860.150952466553
1306,line-43,3645.886040816327,8732.393756009997,0.0,0.0,0.0,10692.333281900535
1307,line-43,3645.886040816327,9371.012791414003,0.0,0.0,0.0,16131.203694968328
1308,line-43,3645.886040816327,9371.012791414003,0.0,0.0,0.0,21570.07410803611
1309,line-43,3645.886040816327,8732.393756009997,0.0,0.0,4633.954144705371,22000.0
1310,line-43,3645.886040816327,7498.676517096909,0.0,0.0,3852.790476280581,22000.0
1311,line-43,7291.772081632654,5753.936865692532,0.0,0.0,0.0,20381.226088484083
1312,line-43,7291.772081632654,3617.0759257214745,0.0,0.0,0.0,16513.124871735472
1313,line-43,3645.886040816327,1233.7172389130915,0.0,0.0,0.0,13973.999817100488
1314,line-43,3645.886040816327,0.0,0.0,0.0,0.0,10136.225037293823
1315,line-43,3645.886040816327,0.0,0.0,0.0,0.0,6298.450257487166
1316,line-43,3645.886040816327,0.0,0.0,0.0,0.0,2460.675477680503
1317,line-43,3645.886040816327,0.0,3398.2443370198484,0.0,0.0,2200.0
1318,line-43,3645.886040816327,0.0,3645.886040816327,0.0,0.0,2200.0
1319,line-43,2734.4145306122496,0.0,2734.4145306122496,0.0,0.0,2200.0
1320,line-43,1822.9430204081634,0.0,1822.9430204081634,0.0,0.0,2200.0
1321,line-43,1822.9430204081634,0.0,1822.9430204081634,0.0,0.0,2200.0
1322,line-43,0.0,0.0,0.0,0.0,0.0,2200.0
1323,line-43,0.0,0.0,0.0,0.0,0.0,2200.0
1324,line-43,0.0,0.0,0.0,0.0,0.0,2200.0
1325,line-43,1822.943020408163,0.0,1822.943020408163,0.0,0.0,2200.0
1326,line-43,3645.886040816327,1239.1062381482004,2406.779802668127,0.0,0.0,2200.0
1327,line-43,7291.772081632654,3632.8756720346805,3658.8964095979745,0.0,0.0,2200.0
1328,line-43,7291.772081632654,5779.070632482905,1512.7014491497498,0.0,0.0,2200.0
1329,line-43,3645.886040816327,7531.431479693196,0.0,0.0,0.0,5891.268166933025
1330,line-43,3645.886040816327,8770.537717841398,0.0,0.0,0.0,10759.687260106843
1331,line-43,3645.886040816327,9411.946304517587,0.0,0.0,0.0,16237.44451062304
1332,line-43,3645.886040816327,9411.946304517587,0.0,0.0,0.0,21715.201761139237
1333,line-43,3645.886040816327,8770.5377178414,0.0,0.0,4824.864057171635,22000.0
1334,line-43,3645.886040816327,7531.431479693196,0.0,0.0,3885.545438876871,22000.0
1335,line-43,7291.772081632654,5779.070632482906,0.0,0.0,0.0,20407.68268510553
1336,line-43,7291.772081632654,3632.8756720346805,0.0,0.0,0.0,16556.212780265556
1337,line-43,3645.886040816327,1239.1062381482047,0.0,0.0,0.0,14022.760356404375
1338,line-43,3645.886040816327,0.0,0.0,0.0,0.0,10184.985576597712
1339,line-43,3645.886040816327,0.0,0.0,0.0,0.0,6347.210796791052
1340,line-43,3645.886040816327,0.0,0.0,0.0,0.0,2509.436016984391
1341,line-43,3645.886040816327,0.0,3351.921824681155,0.0,0.0,2200.0
1342,line-43,3645.886040816327,0.0,3645.886040816327,0.0,0.0,2200.0
1343,line-43,2734.4145306122496,0.0,2734.4145306122496,0.0,0.0,2200.0
1344,line-43,1822.9430204081634,0.0,1822.9430204081634,0.0,0.0,2200.0
1345,line-43,1822.9430204081634,0.0,1822.9430204081634,0.0,0.0,2200.0
1346,line-43,0.0,0.0,0.0,0.0,0.0,2200.0
1347,line-43,0.0,0.0,0.0,0.0,0.0,2200.0
1348,line-43,0.0,0.0,0.0,0.0,0.0,2200.0
1349,line-43,1822.943020408163,0.0,1822.943020408163,0.0,0.0,2200.0
1350,line-43,3645.886040816327,1244.5379923060405,2401.3480485102873,0.0,0.0,2200.0
1351,line-43,7291.772081632654,3648.8007694387397,3642.9713121939153,0.0,0.0,2200.0
1352,line-43,7291.772081632654,5804.403804062568,1487.3682775700875,0.0,0.0,2200.0
1353,line-43,3645.886040816327,7564.446311670352,0.0,0.0,0.0,5922.632257311321
1354,line-43,3645.886040816327,8808.984303976393,0.0,0.0,0.0,10827.575607313382
1355,line-43,3645.886040816327,9453.204573501305,0.0,0.0,0.0,16344.528213364116
1356,line-43,3645.886040816327,9453.204573501305,0.0,0.0,0.0,21861.48081941484
1357,line-43,3645.886040816327,8808.984303976393,0.0,0.0,5017.288599386213,22000.0
1358,line-43,3645.886040816327,7564.446311670352,0.0,0.0,3918.560270854024,22000.0
1359,line-43,7291.772081632654,5804.40380406257,0.0,0.0,0.0,20434.34918150517
1360,line-43,7291.772081632654,3648.8007694387397,0.0,0.0,0.0,16599.642537090527
1361,line-43,3645.886040816327,1244.537992306044,0.0,0.0,0.0,14071.907749184968
1362,line-43,3645.886040816327,0.0,0.0,0.0,0.0,10234.132969378305
1363,line-43,3645.886040816327,0.0,0.0,0.0,0.0,6396.358189571642
1364,line-43,3645.886040816327,0.0,0.0,0.0,0.0,2558.583409764983
1365,line-43,3645.886040816327,0.0,3305.2318015395945,0.0,0.0,2200.0
1366,line-43,3645.886040816327,0.0,3645.886040816327,0.0,0.0,2200.0
1367,line-43,2734.4145306122496,0.0,2734.4145306122496,0.0,0.0,2200.0
1368,line-43,1822.9430204081634,0.0,1822.9430204081634,0.0,0.0,2200.0
1369,line-43,1822.9430204081634,0.0,1822.9430204081634,0.0,0.0,2200.0
1370,line-43,0.0,0.0,0.0,0.0,0.0,2200.0
1371,line-43,0.0,0.0,0.0,0.0,0.0,2200.0
1372,line-43,0.0,0.0,0.0,0.0,0.0,2200.0
1373,line-43,1822.943020408163,0.0,1822.943020408163,0.0,0.0,2200.0
1374,line-43,3645.886040816327,1250.0108918406224,2395.875148975705,0.0,0.0,2200.0
1375,line-43,7291.772081632654,3664.8464989835984,3626.925582649056,0.0,0.0,2200.0
1376,line-43,7291.772081632654,5829.928873666043,1461.8432079666122,0.0,0.0,2200.0
1377,line-43,3645.886040816327,7597.711230021137,0.0,0.0,0.0,5954.23392974457
1378,line-43,3645.886040816327,8847.722121861761,0.0,0.0,0.0,10895.978206737735
1379,line-43,3645.886040816327,9494.77537264964,0.0,0.0,0.0,16452.42307197938
1380,line-43,3645.886040816327,9494.77537264964,0.0,0.0,9.334670758979314,22000.0
1381,line-43,3645.886040816327,8847.722121861761,0.0,0.0,5201.836081045435,22000.0
1382,line-43,3645.886040816327,7597.711230021137,0.0,0.0,3951.8251892048124,22000.0
1383,line-43,7291.772081632654,5829.928873666044,0.0,0.0,0.0,20461.217675824613
1384,line-43,7291.772081632654,3664.8464989836016,0.0,0.0,0.0,16643.40127303614
1385,line-43,3645.886040816327,1250.010891840626,0.0,0.0,0.0,14121.42743200909
1386,line-43,3645.886040816327,0.0,0.0,0.0,0.0,10283.652652202425
1387,line-43,3645.886040816327,0.0,0.0,0.0,0.0,6445.877872395767
1388,line-43,3645.886040816327,0.0,0.0,0.0,0.0,2608.103092589105
1389,line-43,3645.886040816327,0.0,3258.1881028566772,0.0,0.0,2200.0
1390,line-43,3645.886040816327,0.0,3645.886040816327,0.0,0.0,2200.0
1391,line-43,2734.4145306122496,0.0,2734.4145306122496,0.0,0.0,2200.0
1392,line-43,1822.9430204081634,0.0,1822.9430204081634,0.0,0.0,2200.0
1393,line-43,1822.9430204081634,0.0,1822.9430204081634,0.0,0.0,2200.0
1394,line-43,0.0,0.0,0.0,0.0,0.0,2200.0
1395,line-43,0.0,0.0,0.0,0.0,0.0,2200.0
1396,line-43,0.0,0.0,0.0,0.0,0.0,2200.0
1397,line-43,1822.943020408163,0.0,1822.943020408163,0.0,0.0,2200.0
1398,line-43,3645.886040816327,1255.5233150137003,2390.362725802627,0.0,0.0,2200.0
1399,line-43,7291.772081632654,3681.0081059732993,3610.7639756593553,0.0,0.0,2200.0
1400,line-43,7291.772081632654,5855.638277664332,1436.1338039683228,0.0,0.0,2200.0
1401,line-43,3645.886040816327,7631.216377632337,0.0,0.0,0.0,5986.063819975207
1402,line-43,3645.886040816327,8886.739692646037,0.0,0.0,0.0,10964.874789213432
1403,line-43,3645.886040816327,9536.646383637626,0.0,0.0,0.0,16561.09711489367
1404,line-43,3645.886040816327,9536.646383637626,0.0,0.0,165.59941113042498,22000.0
1405,line-43,3645.886040816327,8886.739692646037,0.0,0.0,5240.85365182971,22000.0
1406,line-43,3645.886040816327,7631.216377632337,0.0,0.0,3985.3303368160077,22000.0
1407,line-43,7291.772081632654,5855.638277664333,0.0,0.0,0.0,20488.280206349133
1408,line-43,7291.772081632654,3681.0081059732997,0.0,0.0,0.0,16687.47602144455
1409,line-43,3645.886040816327,1255.5233150137042,0.0,0.0,0.0,14171.304731125998
1410,line-43,3645.886040816327,0.0,0.0,0.0,0.0,10333.529951319339
1411,line-43,3645.886040816327,0.0,0.0,0.0,0.0,6495.755171512678
1412,line-43,3645.886040816327,0.0,0.0,0.0,0.0,2657.9803917060167
1413,line-43,3645.886040816327,0.0,3210.8046686956104,0.0,0.0,2200.0
1414,line-43,3645.886040816327,0.0,3645.886040816327,0.0,0.0,2200.0
1415,line-43,2734.4145306122496,0.0,2734.4145306122496,0.0,0.0,2200.0
1416,line-43,1822.9430204081634,0.0,1822.9430204081634,0.0,0.0,2200.0
1417,line-43,1822.9430204081634,0.0,1822.9430204081634,0.0,0.0,2200.0
1418,line-43,0.0,0.0,0.0,0.0,0.0,2200.0
1419,line-43,0.0,0.0,0.0,0.0,0.0,2200.0
1420,line-43,0.0,0.0,0.0,0.0,0.0,2200.0
1421,line-43,1822.943020408163,0.0,1822.943020408163,0.0,0.0,2200.0
1422,line-43,3645.886040816327,1261.0736283753204,2384.8124124410074,0.0,0.0,2200.0
1423,line-43,7291.772081632654,3697.2808013748895,3594.4912802577655,0.0,0.0,2200.0
1424,line-43,7291.772081632654,5881.524397806177,1410.247683826478,0.0,0.0,2200.0
1425,line-43,3645.886040816327,7664.9518262056035,0.0,0.0,0.0,6018.112496119813
1426,line-43,3645.886040816327,8926.025454580924,0.0,0.0,0.0,11034.244939196175
1427,line-43,3645.886040816327,9578.805199181068,0.0,0.0,0.0,16670.51813964268
1428,line-43,3645.886040816327,9578.805199181068,0.0,0.0,322.93825272545314,22000.0
1429,line-43,3645.886040816327,8926.025454580926,0.0,0.0,5280.1394137645975,22000.0
1430,line-43,3645.886040816327,7664.9518262056035,0.0,0.0,4019.065785389277,22000.0
1431,line-43,7291.772081632654,5881.524397806179,0.0,0.0,0.0,20515.52875386687
1432,line-43,7291.772081632654,3697.2808013748904,0.0,0.0,0.0,16731.853722016596
1433,line-43,3645.886040816327,1261.073628375324,0.0,0.0,0.0,14221.524866815536
1434,line-43,3645.886040816327,0.0,0.0,0.0,0.0,10383.750087008877
1435,line-43,3645.886040816327,0.0,0.0,0.0,0.0,6545.975307202214
1436,line-43,3645.886040816327,0.0,0.0,0.0,0.0,2708.2005273955538
1437,line-43,3645.886040816327,0.0,3163.0955397905495,0.0,0.0,2200.0
1438,line-43,3645.886040816327,0.0,3645.886040816327,0.0,0.0,2200.0
1439,line-43,2734.4145306122496,0.0,2734.4145306122496,0.0,0.0,2200.0
1440,line-43,1822.9430204081634,0.0,1822.9430204081634,0.0,0.0,2200.0
1441,line-43,1822.9430204081634,0.0,1822.9430204081634,0.0,0.0,2200.0
1442,line-43,0.0,0.0,0.0,0.0,0.0,2200.0
1443,line-43,0.0,0.0,0.0,0.0,0.0,2200.0
1444,line-43,0.0,0.0,0.0,0.0,0.0,2200.0
1445,line-43,1822.943020408163,0.0,1822.943020408163,0.0,0.0,2200.0
1446,line-43,3645.886040816327,1266.660187247847,2379.225853568479,0.0,0.0,2200.0
1447,line-43,7291.772081632654,3713.659763237533,3578.1123183951204,0.0,0.0,2200.0
1448,line-43,7291.772081632654,5907.579563475512,1384.1925181571414,0.0,0.0,2200.0
1449,line-43,3645.886040816327,7698.907579199461,0.0,0.0,0.0,6050.370461463976
1450,line-43,3645.886040816327,8965.567766447313,0.0,0.0,0.0,11104.068100813412
1451,line-43,3645.886040816327,9621.239326713043,0.0,0.0,0.0,16780.653722415293
1452,line-43,3645.886040816327,9621.239326713043,0.0,0.0,481.30457264966094,22000.0
1453,line-43,3645.886040816327,8965.567766447313,0.0,0.0,5319.681725630984,22000.0
1454,line-43,3645.886040816327,7698.907579199461,0.0,0.0,4053.0215383831346,22000.0
1455,line-43,7291.772081632654,5907.579563475516,0.0,0.0,0.0,20542.955244045115
1456,line-43,7291.772081632654,3713.659763237534,0.0,0.0,0.0,16776.52122468183
1457,line-43,3645.886040816327,1266.6601872478516,0.0,0.0,0.0,14272.07295776765
1458,line-43,3645.886040816327,0.0,0.0,0.0,0.0,10434.298177960985
1459,line-43,3645.886040816327,0.0,0.0,0.0,0.0,6596.523398154327
1460,line-43,3645.886040816327,0.0,0.0,0.0,0.0,2758.7486183476653
1461,line-43,3645.886040816327,0.0,3115.074853386046,0.0,0.0,2200.0
1462,line-43,3645.886040816327,0.0,3645.886040816327,0.0,0.0,2200.0
1463,line-43,2734.4145306122496,0.0,2734.4145306122496,0.0,0.0,2200.0
1464,line-43,1822.9430204081634,0.0,1822.9430204081634,0.0,0.0,2200.0
1465,line-43,1822.9430204081634,0.0,1822.9430204081634,0.0,0.0,2200.0
1466,line-43,0.0,0.0,0.0,0.0,0.0,2200.0
1467,line-43,0.0,0.0,0.0,0.0,0.0,2200.0
1468,line-43,0.0,0.0,0.0,0.0,0.0,2200.0
1469,line-43,1822.943020408163,0.0,1822.943020408163,0.0,0.0,2200.0
1470,line-43,3645.886040816327,1272.28133621332,2373.6047046030076,0.0,0.0,2200.0
1471,line-43,7291.772081632654,3730.1401381213414,3561.631943511314,0.0,0.0,2200.0
1472,line-43,7291.772081632654,5933.796053964435,1357.9760276682214,0.0,0.0,2200.0
1473,line-43,3645.886040816327,7733.073574791473,0.0,0.0,0.0,6082.82815727639
1474,line-43,3645.886040816327,9005.35491100479,0.0,0.0,0.0,11174.323583955429
1475,line-43,3645.886040816327,9663.936192085774,0.0,0.0,0.0,16891.4712276614
1476,line-43,3645.886040816327,9663.936192085774,0.0,0.0,640.6514435446095,22000.0
1477,line-43,3645.886040816327,9005.35491100479,0.0,0.0,5359.468870188463,22000.0
1478,line-43,3645.886040816327,7733.073574791473,0.0,0.0,4087.187533975148,22000.0
1479,line-43,7291.772081632654,5933.796053964435,0.0,0.0,0.0,20570.551549822925
1480,line-43,7291.772081632654,3730.140138121342,0.0,0.0,0.0,16821.46529349523
1481,line-43,3645.886040816327,1272.2813362133236,0.0,0.0,0.0,14322.934025492072
1482,line-43,3645.886040816327,0.0,0.0,0.0,0.0,10485.159245685407
1483,line-43,3645.886040816327,0.0,0.0,0.0,0.0,6647.384465878748
1484,line-43,3645.886040816327,0.0,0.0,0.0,0.0,2809.609686072087
1485,line-43,3645.886040816327,0.0,3066.7568390478446,0.0,0.0,2200.0
1486,line-43,3645.886040816327,0.0,3645.886040816327,0.0,0.0,2200.0
1487,line-43,2734.4145306122496,0.0,2734.4145306122496,0.0,0.0,2200.0
1488,line-43,1822.9430204081634,0.0,1822.9430204081634,0.0,0.0,2200.0
1489,line-43,1822.9430204081634,0.0,1822.9430204081634,0.0,0.0,2200.0
1490,line-43,0.0,0.0,0.0,0.0,0.0,2200.0
1491,line-43,0.0,0.0,0.0,0.0,0.0,2200.0
1492,line-43,0.0,0.0,0.0,0.0,0.0,2200.0
1493,line-43,1822.943020408163,0.0,1822.943020408163,0.0,0.0,2200.0
1494,line-43,3645.886040816327,1277.935409603985,2367.9506312123426,0.0,0.0,2200.0
1495,line-43,7291.772081632654,3746.7170425355625,3545.055039097092,0.0,0.0,2200.0
1496,line-43,7291.772081632654,5960.166100761006,1331.6059808716464,0.0,0.0,2200.0
1497,line-43,3645.886040816327,7767.439688859779,0.0,0.0,0.0,6115.475965641278
1498,line-43,3645.886040816327,9045.375098463766,0.0,0.0,0.0,11244.990570406346
1499,line-43,3645.886040816327,9706.88314329657,0.0,0.0,0.0,17002.937817762573
1500,line-43,3645.886040816327,9706.88314329657,0.0,0.0,800.9316474934778,22000.0
1501,line-43,3645.886040816327,9045.375098463766,0.0,0.0,5399.489057647437,22000.0
1502,line-43,3645.886040816327,7767.439688859779,0.0,0.0,4121.553648043451,22000.0
1503,line-43,7291.772081632654,5960.166100761009,0.0,0.0,0.0,20598.309493819324
1504,line-43,7291.772081632654,3746.717042535563,0.0,0.0,0.0,16866.672610559228
1505,line-43,3645.886040816327,1277.9354096039885,0.0,0.0,0.0,14374.092998756767
1506,line-43,3645.886040816327,0.0,0.0,0.0,0.0,10536.318218950102
1507,line-43,3645.886040816327,0.0,0.0,0.0,0.0,6698.543439143445
1508,line-43,3645.886040816327,0.0,0.0,0.0,0.0,2860.7686593367816
1509,line-43,3645.886040816327,0.0,3018.1558144463847,0.0,0.0,2200.0
1510,line-43,3645.886040816327,0.0,3645.886040816327,0.0,0.0,2200.0
1511,line-43,2734.4145306122496,0.0,2734.4145306122496,0.0,0.0,2200.0
1512,line-43,1822.9430204081634,0.0,1822.9430204081634,0.0,0.0,2200.0
1513,line-43,1822.9430204081634,0.0,1822.9430204081634,0.0,0.0,2200.0
1514,line-43,0.0,0.0,0.0,0.0,0.0,2200.0
1515,line-43,0.0,0.0,0.0,0.0,0.0,2200.0
1516,line-43,0.0,0.0,0.0,0.0,0.0,2200.0
1517,line-43,1822.943020408163,0.0,1822.943020408163,0.0,0.0,2200.0
1518,line-43,3645.886040816327,1283.6207319958717,2362.265308820455,0.0,0.0,2200.0
1519,line-43,7291.772081632654,3763.385564385655,3528.386517247,0.0,0.0,2200.0
1520,line-43,7291.772081632654,5986.681889851257,1305.0901917813962,0.0,0.0,2200.0
1521,line-43,3645.886040816327,7801.9957379831,0.0,0.0,0.0,6148.304212308434
1522,line-43,3645.886040816327,9085.616469978973,0.0,0.0,0.0,11316.048120012945
1523,line-43,3645.886040816327,9750.067454236914,0.0,0.0,0.0,17115.0204627625
1524,line-43,3645.886040816327,9750.067454236914,0.0,0.0,962.0976900126918,22000.0
1525,line-43,3645.886040816327,9085.616469978973,0.0,0.0,5439.730429162643,22000.0
1526,line-43,3645.886040816327,7801.9957379831,0.0,0.0,4156.109697166773,22000.0
1527,line-43,7291.772081632654,5986.681889851263,0.0,0.0,0.0,20626.22085075643
1528,line-43,7291.772081632654,3763.3855643856555,0.0,0.0,0.0,16912.129779970113
1529,line-43,3645.886040816327,1283.6207319958758,0.0,0.0,0.0,14425.534718053848
1530,line-43,3645.886040816327,0.0,0.0,0.0,0.0,10587.759938247185
1531,line-43,3645.886040816327,0.0,0.0,0.0,0.0,6749.985158440526
1532,line-43,3645.886040816327,0.0,0.0,0.0,0.0,2912.2103786338644
1533,line-43,3645.886040816327,0.0,2969.2861811141547,0.0,0.0,2200.0
1534,line-43,3645.886040816327,0.0,3645.886040816327,0.0,0.0,2200.0
1535,line-43,2734.4145306122496,0.0,2734.4145306122496,0.0,0.0,2200.0
1536,line-43,1822.9430204081634,0.0,1822.9430204081634,0.0,0.0,2200.0
1537,line-43,1822.9430204081634,0.0,1822.9430204081634,0.0,0.0,2200.0
1538,line-43,0.0,0.0,0.0,0.0,0.0,2200.0
1539,line-43,0.0,0.0,0.0,0.0,0.0,2200.0
1540,line-43,0.0,0.0,0.0,0.0,0.0,2200.0
1541,line-43,1822.943020408163,0.0,1822.943020408163,0.0,0.0,2200.0
1542,line-43,3645.886040816327,1289.335618705257,2356.55042211107,0.0,0.0,2200.0
1543,line-43,7291.772081632654,3780.140764428864,3511.631317203791,0.0,0.0,2200.0
1544,line-43,7291.772081632654,6013.335564034621,1278.4365175980342,0.0,0.0,2200.0
1545,line-43,3645.886040816327,7836.731482458301,0.0,0.0,0.0,6181.303169559877
1546,line-43,3645.886040816327,9126.067101163559,0.0,0.0,0.0,11387.47517688974
1547,line-43,3645.886040816327,9793.47632846348,0.0,0.0,0.0,17227.68595015454
1548,line-43,3645.886040816327,9793.47632846348,0.0,0.0,1124.1018141256166,22000.0
1549,line-43,3645.886040816327,9126.067101163559,0.0,0.0,5480.181060347231,22000.0
1550,line-43,3645.886040816327,7836.731482458301,0.0,0.0,4190.845441641975,22000.0
1551,line-43,7291.772081632654,6013.335564034623,0.0,0.0,0.0,20654.27734989681
1552,line-43,7291.772081632654,3780.1407644288647,0.0,0.0,0.0,16957.823331787557
1553,line-43,3645.886040816327,1289.3356187052614,0.0,0.0,0.0,14477.243940091696
1554,line-43,3645.886040816327,0.0,0.0,0.0,0.0,10639.469160285036
1555,line-43,3645.886040816327,0.0,0.0,0.0,0.0,6801.694380478376
1556,line-43,3645.886040816327,0.0,0.0,0.0,0.0,2963.9196006717143
1557,line-43,3645.886040816327,0.0,2920.1624201781983,0.0,0.0,2200.0
1558,line-43,3645.886040816327,0.0,3645.886040816327,0.0,0.0,2200.0
1559,line-43,2734.4145306122496,0.0,2734.4145306122496,0.0,0.0,2200.0
1560,line-43,1822.9430204081634,0.0,1822.9430204081634,0.0,0.0,2200.0
1561,line-43,1822.9430204081634,0.0,1822.9430204081634,0.0,0.0,2200.0
1562,line-43,0.0,0.0,0.0,0.0,0.0,2200.0
1563,line-43,0.0,0.0,0.0,0.0,0.0,2200.0
1564,line-43,0.0,0.0,0.0,0.0,0.0,2200.0
1565,line-43,1822.943020408163,0.0,1822.943020408163,0.0,0.0,2200.0
1566,line-43,3645.886040816327,1295.0783762878707,2350.807664528457,0.0,0.0,2200.0
1567,line-43,7291.772081632654,3796.9776777378033,3494.79440389485,0.0,0.0,2200.0
1568,line-43,7291.772081632654,6040.119225252201,1251.652856380453,0.0,0.0,2200.0
1569,line-43,3645.886040816327,7871.636629334634,0.0,0.0,0.0,6214.463059092392
1570,line-43,3645.886040816327,9166.715005622507,0.0,0.0,0.0,11459.250575658258
1571,line-43,3645.886040816327,9837.096902990006,0.0,0.0,0.0,17340.900894723247
1572,line-43,3645.886040816327,9837.096902990006,0.0,0.0,1286.8960145139401,22000.0
1573,line-43,3645.886040816327,9166.715005622507,0.0,0.0,5520.82896480618,22000.0
1574,line-43,3645.886040816327,7871.636629334634,0.0,0.0,4225.750588518307,22000.0
1575,line-43,7291.772081632654,6040.119225252203,0.0,0.0,0.0,20682.470677494264
1576,line-43,7291.772081632654,3796.9776777378065,0.0,0.0,0.0,17003.739726025997
1577,line-43,3645.886040816327,1295.0783762878752,0.0,0.0,0.0,14529.205342311841
1578,line-43,3645.886040816327,0.0,0.0,0.0,0.0,10691.430562505177
1579,line-43,3645.886040816327,0.0,0.0,0.0,0.0,6853.655782698518
1580,line-43,3645.886040816327,0.0,0.0,0.0,0.0,3015.8810028918565
1581,line-43,3645.886040816327,0.0,2870.7990880690654,0.0,0.0,2200.0
1582,line-43,3645.886040816327,0.0,3645.886040816327,0.0,0.0,2200.0
1583,line-43,2734.4145306122496,0.0,2734.4145306122496,0.0,0.0,2200.0
1584,line-43,1822.9430204081634,0.0,1822.9430204081634,0.0,0.0,2200.0
1585,line-43,1822.9430204081634,0.0,1822.9430204081634,0.0,0.0,2200.0
1586,line-43,0.0,0.0,0.0,0.0,0.0,2200.0
1587,line-43,0.0,0.0,0.0,0.0,0.0,2200.0
1588,line-43,0.0,0.0,0.0,0.0,0.0,2200.0
1589,line-43,1822.943020408163,0.0,1822.943020408163,0.0,0.0,2200.0
1590,line-43,3645.886040816327,1300.8473030407029,2345.038737775625,0.0,0.0,2200.0
1591,line-43,7291.772081632654,3813.8913151716974,3477.880766460958,0.0,0.0,2200.0
1592,line-43,7291.772081632654,6067.0249369271405,1224.747144705514,0.0,0.0,2200.0
1593,line-43,3645.886040816327,7906.7008354637655,0.0,0.0,0.0,6247.774054915068
1594,line-43,3645.886040816327,9207.548138504468,0.0,0.0,0.0,11531.3530477188
1595,line-43,3645.886040816327,9880.916252098836,0.0,0.0,0.0,17454.631748437183
1596,line-43,3645.886040816327,9880.916252098836,0.0,0.0,1450.432051742705,22000.0
1597,line-43,3645.886040816327,9207.548138504473,0.0,0.0,5561.662097688146,22000.0
1598,line-43,3645.886040816327,7906.7008354637655,0.0,0.0,4260.81479464744,22000.0
1599,line-43,7291.772081632654,6067.024936927143,0.0,0.0,0.0,20710.792479257358
1600,line-43,7291.772081632654,3813.8913151716984,0.0,0.0,0.0,17049.865356666876
1601,line-43,3645.886040816327,1300.8473030407072,0.0,0.0,0.0,14581.403527429382
1602,line-43,3645.886040816327,0.0,0.0,0.0,0.0,10743.628747622719
1603,line-43,3645.886040816327,0.0,0.0,0.0,0.0,6905.85396781606
1604,line-43,3645.886040816327,0.0,0.0,0.0,0.0,3068.079188009398
1605,line-43,3645.886040816327,0.0,2821.210812207398,0.0,0.0,2200.0
1606,line-43,3645.886040816327,0.0,3645.886040816327,0.0,0.0,2200.0
1607,line-43,2734.4145306122496,0.0,2734.4145306122496,0.0,0.0,2200.0
1608,line-43,1822.9430204081634,0.0,1822.9430204081634,0.0,0.0,2200.0
1609,line-43,1822.9430204081634,0.0,1822.9430204081634,0.0,0.0,2200.0
1610,line-43,0.0,0.0,0.0,0.0,0.0,2200.0
1611,line-43,0.0,0.0,0.0,0.0,0.0,2200.0
1612,line-43,0.0,0.0,0.0,0.0,0.0,2200.0
1613,line-43,1822.943020408163,0.0,1822.943020408163,0.0,0.0,2200.0
1614,line-43,3645.886040816327,1306.6406895062523,2339.245351310075,0.0,0.0,2200.0
1615,line-43,7291.772081632654,3830.8766648547416,3460.8954167779134,0.0,0.0,2200.0
1616,line-43,7291.772081632654,6094.044726316402,1197.7273553162534,0.0,0.0,2200.0
1617,line-43,3645.886040816327,7941.913710564678,0.0,0.0,0.0,6281.22628626093
1618,line-43,3645.886040816327,9248.554400070927,0.0,0.0,0.0,11603.7612275528
1619,line-43,3645.886040816327,9924.921391171141,0.0,0.0,0.0,17568.844810389874
1620,line-43,3645.886040816327,9924.921391171141,0.0,0.0,1614.6614665546826,22000.0
1621,line-43,3645.886040816327,9248.554400070927,0.0,0.0,5602.668359254601,22000.0
1622,line-43,3645.886040816327,7941.913710564678,0.0,0.0,4296.027669748349,22000.0
1623,line-43,7291.772081632654,6094.044726316404,0.0,0.0,0.0,20739.234362825
1624,line-43,7291.772081632654,3830.8766648547426,0.0,0.0,0.0,17096.186555690354
1625,line-43,3645.886040816327,1306.6406895062562,0.0,0.0,0.0,14633.82302799554
1626,line-43,3645.886040816327,0.0,0.0,0.0,0.0,10796.048248188881
1627,line-43,3645.886040816327,0.0,0.0,0.0,0.0,6958.273468382221
1628,line-43,3645.886040816327,0.0,0.0,0.0,0.0,3120.4986885755593
1629,line-43,3645.886040816327,0.0,2771.412286669546,0.0,0.0,2200.0
1630,line-43,3645.886040816327,0.0,3645.886040816327,0.0,0.0,2200.0
1631,line-43,2734.4145306122496,0.0,2734.4145306122496,0.0,0.0,2200.0
1632,line-43,1822.9430204081634,0.0,1822.9430204081634,0.0,0.0,2200.0
1633,line-43,1822.9430204081634,0.0,1822.9430204081634,0.0,0.0,2200.0
1634,line-43,0.0,0.0,0.0,0.0,0.0,2200.0
1635,line-43,0.0,0.0,0.0,0.0,0.0,2200.0
1636,line-43,0.0,0.0,0.0,0.0,0.0,2200.0
1637,line-43,1822.943020408163,0.0,1822.943020408163,0.0,0.0,2200.0
1638,line-43,3645.886040816327,1312.456818979078,2333.4292218372498,0.0,0.0,2200.0
1639,line-43,7291.772081632654,3847.928693661254,3443.8433879713994,0.0,0.0,2200.0
1640,line-43,7291.772081632654,6121.170586873247,1170.6014947594088,0.0,0.0,2200.0
1641,line-43,3645.886040816327,7977.264820302507,0.0,0.0,0.0,6314.809840511874
1642,line-43,3645.886040816327,9289.721639281586,0.0,0.0,0.0,11676.45365905387
1643,line-43,3645.886040816327,9969.0992805345,0.0,0.0,0.0,17683.506236786132
1644,line-43,3645.886040816327,9969.0992805345,0.0,0.0,1779.5355942298925,22000.0
1645,line-43,3645.886040816327,9289.721639281586,0.0,0.0,5643.835598465259,22000.0
1646,line-43,3645.886040816327,7977.264820302507,0.0,0.0,4331.378779486181,22000.0
1647,line-43,7291.772081632654,6121.170586873249,0.0,0.0,0.0,20767.787900253257
1648,line-43,7291.772081632654,3847.928693661256,0.0,0.0,0.0,17142.689597125467
1649,line-43,3645.886040816327,1312.456818979082,0.0,0.0,0.0,14686.448310981003
1650,line-43,3645.886040816327,0.0,0.0,0.0,0.0,10848.673531174338
1651,line-43,3645.886040816327,0.0,0.0,0.0,0.0,7010.898751367679
1652,line-43,3645.886040816327,0.0,0.0,0.0,0.0,3173.1239715610177
1653,line-43,3645.886040816327,0.0,2721.4182678333623,0.0,0.0,2200.0
1654,line-43,3645.886040816327,0.0,3645.886040816327,0.0,0.0,2200.0
1655,line-43,2734.4145306122496,0.0,2734.4145306122496,0.0,0.0,2200.0
1656,line-43,1822.9430204081634,0.0,1822.9430204081634,0.0,0.0,2200.0
1657,line-43,1822.9430204081634,0.0,1822.9430204081634,0.0,0.0,2200.0
1658,line-43,0.0,0.0,0.0,0.0,0.0,2200.0
1659,line-43,0.0,0.0,0.0,0.0,0.0,2200.0
1660,line-43,0.0,0.0,0.0,0.0,0.0,2200.0
1661,line-43,1822.943020408163,0.0,1822.943020408163,0.0,0.0,2200.0
1662,line-43,3645.886040816327,1318.293968014495,2327.5920728018327,0.0,0.0,2200.0
1663,line-43,7291.772081632654,3865.0423487070875,3426.7297329255675,0.0,0.0,2200.0
1664,line-43,7291.772081632654,6148.394480619775,1143.3776010128795,0.0,0.0,2200.0
1665,line-43,3645.886040816327,8012.743689380519,0.0,0.0,0.0,6348.514766135979
1666,line-43,3645.886040816327,9331.037657395013,0.0,0.0,0.0,11749.408801885726
1667,line-43,3645.886040816327,10013.43682932686,0.0,0.0,0.0,17798.582050970737
1668,line-43,3645.886040816327,10013.43682932686,0.0,0.0,1945.005579006047,22000.0
1669,line-43,3645.886040816327,9331.037657395013,0.0,0.0,5685.151616578684,22000.0
1670,line-43,3645.886040816327,8012.743689380519,0.0,0.0,4366.857648564191,22000.0
1671,line-43,7291.772081632654,6148.394480619776,0.0,0.0,0.0,20796.44463051276
1672,line-43,7291.772081632654,3865.0423487070884,0.0,0.0,0.0,17189.360701117428
1673,line-43,3645.886040816327,1318.2939680144996,0.0,0.0,0.0,14739.263782378664
1674,line-43,3645.886040816327,0.0,0.0,0.0,0.0,10901.489002572
1675,line-43,3645.886040816327,0.0,0.0,0.0,0.0,7063.714222765341
1676,line-43,3645.886040816327,0.0,0.0,0.0,0.0,3225.9394429586796
1677,line-43,3645.886040816327,0.0,2671.2435700055835,0.0,0.0,2200.0
1678,line-43,3645.886040816327,0.0,3645.886040816327,0.0,0.0,2200.0
1679,line-43,2734.4145306122496,0.0,2734.4145306122496,0.0,0.0,2200.0
1680,line-43,1822.9430204081634,0.0,1822.9430204081634,0.0,0.0,2200.0
1681,line-43,1822.9430204081634,0.0,1822.9430204081634,0.0,0.0,2200.0
1682,line-43,0.0,0.0,0.0,0.0,0.0,2200.0
1683,line-43,0.0,0.0,0.0,0.0,0.0,2200.0
1684,line-43,0.0,0.0,0.0,0.0,0.0,2200.0
1685,line-43,1822.943020408163,0.0,1822.943020408163,0.0,0.0,2200.0
1686,line-43,3645.886040816327,1324.150406939268,2321.735633877059,0.0,0.0,2200.0
1687,line-43,7291.772081632654,3882.212558846906,3409.559522785749,0.0,0.0,2200.0
1688,line-43,7291.772081632654,6175.708340528724,1116.0637411039324,0.0,0.0,2200.0
1689,line-43,3645.886040816327,8048.339804644086,0.0,0.0,0.0,6382.331075636372
1690,line-43,3645.886040816327,9372.490211583357,0.0,0.0,0.0,11822.605037865049
1691,line-43,3645.886040816327,10057.92089937563,0.0,0.0,0.0,17914.038153496385
1692,line-43,3645.886040816327,10057.92089937563,0.0,0.0,2111.022388555499,22000.0
1693,line-43,3645.886040816327,9372.490211583357,0.0,0.0,5726.60417076703,22000.0
1694,line-43,3645.886040816327,8048.339804644086,0.0,0.0,4402.453763827761,22000.0
1695,line-43,7291.772081632654,6175.708340528726,0.0,0.0,0.0,20825.19606199587
1696,line-43,7291.772081632654,3882.212558846907,0.0,0.0,0.0,17236.186038010866
1697,line-43,3645.886040816327,1324.1504069392722,0.0,0.0,0.0,14792.253791824493
1698,line-43,3645.886040816327,0.0,0.0,0.0,0.0,10954.47901201783
1699,line-43,3645.886040816327,0.0,0.0,0.0,0.0,7116.70423221117
1700,line-43,3645.886040816327,0.0,0.0,0.0,0.0,3278.9294524045085
1701,line-43,3645.886040816327,0.0,2620.9030610320438,0.0,0.0,2200.0
1702,line-43,3645.886040816327,0.0,3645.886040816327,0.0,0.0,2200.0
1703,line-43,2734.4145306122496,0.0,2734.4145306122496,0.0,0.0,2200.0
1704,line-43,1822.9430204081634,0.0,1822.9430204081634,0.0,0.0,2200.0
1705,line-43,1822.9430204081634,0.0,1822.9430204081634,0.0,0.0,2200.0
1706,line-43,0.0,0.0,0.0,0.0,0.0,2200.0
1707,line-43,0.0,0.0,0.0,0.0,0.0,2200.0
1708,line-43,0.0,0.0,0.0,0.0,0.0,2200.0
1709,line-43,1822.943020408163,0.0,1822.943020408163,0.0,0.0,2200.0
1710,line-43,3645.886040816327,1330.0244003641517,2315.861640452176,0.0,0.0,2200.0
1711,line-43,7291.772081632654,3899.4342361768836,3392.3378454557715,0.0,0.0,2200.0
1712,line-43,7291.772081632654,6203.104072913926,1088.6680087187292,0.0,0.0,2200.0
1713,line-43,3645.886040816327,8084.042618196053,0.0,0.0,0.0,6416.248748510736
1714,line-43,3645.886040816327,9414.067018560203,0.0,0.0,0.0,11896.020677367416
1715,line-43,3645.886040816327,10102.538309090807,0.0,0.0,0.0,18029.840332228174
1716,line-43,3645.886040816327,10102.538309090807,0.0,0.0,2277.5368285146646,22000.0
1717,line-43,3645.886040816327,9414.067018560203,0.0,0.0,5768.180977743876,22000.0
1718,line-43,3645.886040816327,8084.042618196053,0.0,0.0,4438.156577379724,22000.0
1719,line-43,7291.772081632654,6203.104072913926,0.0,0.0,0.0,20854.033675032922
1720,line-43,7291.772081632654,3899.4342361768836,0.0,0.0,0.0,17283.151732447892
1721,line-43,3645.886040816327,1330.0244003641562,0.0,0.0,0.0,14845.402637235082
1722,line-43,3645.886040816327,0.0,0.0,0.0,0.0,11007.627857428422
1723,line-43,3645.886040816327,0.0,0.0,0.0,0.0,7169.853077621759
1724,line-43,3645.886040816327,0.0,0.0,0.0,0.0,3332.078297815099
1725,line-43,3645.886040816327,0.0,2570.4116578919825,0.0,0.0,2200.0
1726,line-43,3645.886040816327,0.0,3645.886040816327,0.0,0.0,2200.0
1727,line-43,2734.4145306122496,0.0,2734.4145306122496,0.0,0.0,2200.0
1728,line-43,1822.9430204081634,0.0,1822.9430204081634,0.0,0.0,2200.0
1729,line-43,1822.9430204081634,0.0,1822.9430204081634,0.0,0.0,2200.0
1730,line-43,0.0,0.0,0.0,0.0,0.0,2200.0
1731,line-43,0.0,0.0,0.0,0.0,0.0,2200.0
1732,line-43,0.0,0.0,0.0,0.0,0.0,2200.0
1733,line-43,1822.943020408163,0.0,1822.943020408163,0.0,0.0,2200.0
1734,line-43,3645.886040816327,1335.9142076981225,2309.9718331182053,0.0,0.0,2200.0
1735,line-43,7291.772081632654,3916.7022775423516,3375.0698040903017,0.0,0.0,2200.0
1736,line-43,7291.772081632654,6230.573559828621,1061.1985218040322,0.0,0.0,2200.0
1737,line-43,3645.886040816327,8119.841550522215,0.0,0.0,0.0,6450.257734220593
1738,line-43,3645.886040816327,9455.755758220339,0.0,0.0,0.0,11969.633965754409
1739,line-43,3645.886040816327,10147.275837370975,0.0,0.0,0.0,18145.954272481322
1740,line-43,3645.886040816327,10147.275837370975,0.0,0.0,2444.4995570612996,22000.0
1741,line-43,3645.886040816327,9455.755758220339,0.0,0.0,5809.869717404012,22000.0
1742,line-43,3645.886040816327,8119.841550522215,0.0,0.0,4473.955509705889,22000.0
1743,line-43,7291.772081632654,6230.5735598286265,0.0,0.0,0.0,20882.94892441681
1744,line-43,7291.772081632654,3916.702277542354,0.0,0.0,0.0,17330.24386747965
1745,line-43,3645.886040816327,1335.9142076981266,0.0,0.0,0.0,14898.694569460496
1746,line-43,3645.886040816327,0.0,0.0,0.0,0.0,11060.919789653832
1747,line-43,3645.886040816327,0.0,0.0,0.0,0.0,7223.145009847173
1748,line-43,3645.886040816327,0.0,0.0,0.0,0.0,3385.3702300405116
1749,line-43,3645.886040816327,0.0,2519.784322277842,0.0,0.0,2200.0
1750,line-43,3645.886040816327,0.0,3645.886040816327,0.0,0.0,2200.0
1751,line-43,2734.4145306122496,0.0,2734.4145306122496,0.0,0.0,2200.0
1752,line-43,1822.9430204081634,0.0,1822.9430204081634,0.0,0.0,2200.0
1753,line-43,1822.9430204081634,0.0,1822.9430204081634,0.0,0.0,2200.0
1754,line-43,0.0,0.0,0.0,0.0,0.0,2200.0
1755,line-43,0.0,0.0,0.0,0.0,0.0,2200.0
1756,line-43,0.0,0.0,0.0,0.0,0.0,2200.0
1757,line-43,1822.943020408163,0.0,1822.943020408163,0.0,0.0,2200.0
1758,line-43,3645.886040816327,1341.8180836641548,2304.0679571521723,0.0,0.0,2200.0
1759,line-43,7291.772081632654,3934.0115660499823,3357.760515582673,0.0,0.0,2200.0
1760,line-43,7291.772081632654,6258.108661471004,1033.6634201616494,0.0,0.0,2200.0
1761,line-43,3645.886040816327,8155.725993626326,0.0,0.0,0.0,6484.347955169502
1762,line-43,3645.886040816327,9497.544077290482,0.0,0.0,0.0,12043.423089819946
1763,line-43,3645.886040816327,10192.120227520983,0.0,0.0,0.0,18262.345567189368
1764,line-43,3645.886040816327,10192.120227520983,0.0,0.0,2611.861099535577,22000.0
1765,line-43,3645.886040816327,9497.544077290482,0.0,0.0,5851.658036474153,22000.0
1766,line-43,3645.886040816327,8155.725993626326,0.0,0.0,4509.83995281,22000.0
1767,line-43,7291.772081632654,6258.108661471004,0.0,0.0,0.0,20911.933241935105
1768,line-43,7291.772081632654,3934.0115660499823,0.0,0.0,0.0,17377.448488690185
1769,line-43,3645.886040816327,1341.8180836641588,0.0,0.0,0.0,14952.113796951062
1770,line-43,3645.886040816327,0.0,0.0,0.0,0.0,11114.339017144403
1771,line-43,3645.886040816327,0.0,0.0,0.0,0.0,7276.5642373377395
1772,line-43,3645.886040816327,0.0,0.0,0.0,0.0,3438.7894575310793
1773,line-43,3645.886040816327,0.0,2469.0360561618013,0.0,0.0,2200.0
1774,line-43,3645.886040816327,0.0,3645.886040816327,0.0,0.0,2200.0
1775,line-43,2734.4145306122496,0.0,2734.4145306122496,0.0,0.0,2200.0
1776,line-43,1822.9430204081634,0.0,1822.9430204081634,0.0,0.0,2200.0
1777,line-43,1822.9430204081634,0.0,1822.9430204081634,0.0,0.0,2200.0
1778,line-43,0.0,0.0,0.0,0.0,0.0,2200.0
1779,line-43,0.0,0.0,0.0,0.0,0.0,2200.0
1780,line-43,0.0,0.0,0.0,0.0,0.0,2200.0
1781,line-43,1822.943020408163,0.0,1822.943020408163,0.0,0.0,2200.0
1782,line-43,3645.886040816327,1347.734278816384,2298.151761999942,0.0,0.0,2200.0
1783,line-43,7291.772081632654,3951.356972584021,3340.4151090486343,0.0,0.0,2200.0
1784,line-43,7291.772081632654,6285.701218596198,1006.0708630364568,0.0,0.0,2200.0
1785,line-43,3645.886040816327,8191.685314173451,0.0,0.0,0.0,6518.509309689266
1786,line-43,3645.886040816327,9539.419592989832,0.0,0.0,0.0,12117.366184254097
1787,line-43,3645.886040816327,10237.058191180216,0.0,0.0,0.0,18378.97972709979
1788,line-43,3645.886040816327,10237.058191180216,0.0,0.0,2779.571863100512,22000.0
1789,line-43,3645.886040816327,9539.419592989832,0.0,0.0,5893.533552173506,22000.0
1790,line-43,3645.886040816327,8191.685314173451,0.0,0.0,4545.799273357123,22000.0
1791,line-43,7291.772081632654,6285.701218596198,0.0,0.0,0.0,20940.978038908986
1792,line-43,7291.772081632654,3951.356972584021,0.0,0.0,0.0,17424.751608331484
1793,line-43,3645.886040816327,1347.7342788163885,0.0,0.0,0.0,15005.644490436809
1794,line-43,3645.886040816327,0.0,0.0,0.0,0.0,11167.86971063015
1795,line-43,3645.886040816327,0.0,0.0,0.0,0.0,7330.094930823486
1796,line-43,3645.886040816327,0.0,0.0,0.0,0.0,3492.3201510168274
1797,line-43,3645.886040816327,0.0,2418.1818973503423,0.0,0.0,2200.0
1798,line-43,3645.886040816327,0.0,3645.886040816327,0.0,0.0,2200.0
1799,line-43,2734.4145306122496,0.0,2734.4145306122496,0.0,0.0,2200.0
1800,line-43,1822.9430204081634,0.0,1822.9430204081634,0.0,0.0,2200.0
1801,line-43,1822.9430204081634,0.0,1822.9430204081634,0.0,0.0,2200.0
1802,line-43,0.0,0.0,0.0,0.0,0.0,2200.0
1803,line-43,0.0,0.0,0.0,0.0,0.0,2200.0
1804,line-43,0.0,0.0,0.0,0.0,0.0,2200.0
1805,line-43,1822.943020408163,0.0,1822.943020408163,0.0,0.0,2200.0
1806,line-43,3645.886040816327,1353.661040058505,2292.225000757822,0.0,0.0,2200.0
1807,line-43,7291.772081632654,3968.733357326168,3323.038724306487,0.0,0.0,2200.0
1808,line-43,7291.772081632654,6313.343054934029,978.4290266986255,0.0,0.0,2200.0
1809,line-43,3645.886040816327,8227.708856640838,0.0,0.0,0.0,6552.731675033283
1810,line-43,3645.886040816327,9581.369896699342,0.0,0.0,0.0,12191.441338122147
1811,line-43,3645.886040816327,10282.076412260194,0.0,0.0,0.0,18495.822190993822
1812,line-43,3645.886040816327,10282.076412260194,0.0,0.0,2947.582151437363,22000.0
1813,line-43,3645.886040816327,9581.369896699343,0.0,0.0,5935.483855883018,22000.0
1814,line-43,3645.886040816327,8227.708856640838,0.0,0.0,4581.822815824508,22000.0
1815,line-43,7291.772081632654,6313.34305493403,0.0,0.0,0.0,20970.074708738295
1816,line-43,7291.772081632654,3968.733357326168,0.0,0.0,0.0,17472.139209468307
1817,line-43,3645.886040816327,1353.6610400585093,0.0,0.0,0.0,15059.270787617968
1818,line-43,3645.886040816327,0.0,0.0,0.0,0.0,11221.49600781131
1819,line-43,3645.886040816327,0.0,0.0,0.0,0.0,7383.721228004651
1820,line-43,3645.886040816327,0.0,0.0,0.0,0.0,3545.946448197989
1821,line-43,3645.886040816327,0.0,2367.236915028238,0.0,0.0,2200.0
1822,line-43,3645.886040816327,0.0,3645.886040816327,0.0,0.0,2200.0
1823,line-43,2734.4145306122496,0.0,2734.4145306122496,0.0,0.0,2200.0
1824,line-43,1822.9430204081634,0.0,1822.9430204081634,0.0,0.0,2200.0
1825,line-43,1822.9430204081634,0.0,1822.9430204081634,0.0,0.0,2200.0
1826,line-43,0.0,0.0,0.0,0.0,0.0,2200.0
1827,line-43,0.0,0.0,0.0,0.0,0.0,2200.0
1828,line-43,0.0,0.0,0.0,0.0,0.0,2200.0
1829,line-43,1822.943020408163,0.0,1822.943020408163,0.0,0.0,2200.0
1830,line-43,3645.886040816327,1359.5966111632513,2286.289429653075,0.0,0.0,2200.0
1831,line-43,7291.772081632654,3986.1355712786153,3305.6365103540397,0.0,0.0,2200.0
1832,line-43,7291.772081632654,6341.025979611836,950.7461020208201,0.0,0.0,2200.0
1833,line-43,3645.886040816327,8263.785946475406,0.0,0.0,0.0,6587.004910376124
1834,line-43,3645.886040816327,9623.382557638655,0.0,0.0,0.0,12265.626601357339
1835,line-43,3645.886040816327,10327.161550890445,0.0,0.0,0.0,18612.838335927747
1836,line-43,3645.886040816327,10327.161550890445,0.0,0.0,3115.8421794717474,22000.0
1837,line-43,3645.886040816327,9623.382557638655,0.0,0.0,5977.496516822329,22000.0
1838,line-43,3645.886040816327,8263.785946475406,0.0,0.0,4617.899905659076,22000.0
1839,line-43,7291.772081632654,6341.025979611836,0.0,0.0,0.0,20999.214629451773
1840,line-43,7291.772081632654,3986.1355712786158,0.0,0.0,0.0,17519.597250131723
1841,line-43,3645.886040816327,1359.596611163256,0.0,0.0,0.0,15112.97679786533
1842,line-43,3645.886040816327,0.0,0.0,0.0,0.0,11275.202018058675
1843,line-43,3645.886040816327,0.0,0.0,0.0,0.0,7437.427238252012
1844,line-43,3645.886040816327,0.0,0.0,0.0,0.0,3599.652458445351
1845,line-43,3645.886040816327,0.0,2316.216205293245,0.0,0.0,2200.0
1846,line-43,3645.886040816327,0.0,3645.886040816327,0.0,0.0,2200.0
1847,line-43,2734.4145306122496,0.0,2734.4145306122496,0.0,0.0,2200.0
1848,line-43,1822.9430204081634,0.0,1822.9430204081634,0.0,0.0,2200.0
1849,line-43,1822.9430204081634,0.0,1822.9430204081634,0.0,0.0,2200.0
1850,line-43,0.0,0.0,0.0,0.0,0.0,2200.0
1851,line-43,0.0,0.0,0.0,0.0,0.0,2200.0
1852,line-43,0.0,0.0,0.0,0.0,0.0,2200.0
1853,line-43,1822.943020408163,0.0,1822.943020408163,0.0,0.0,2200.0
1854,line-43,3645.886040816327,1365.5392332928052,2280.3468075235223,0.0,0.0,2200.0
1855,line-43,7291.772081632654,4003.5584577897935,3288.2136238428616,0.0,0.0,2200.0
1856,line-43,7291.772081632654,6368.741789581583,923.0302920510729,0.0,0.0,2200.0
1857,line-43,3645.886040816327,8299.905893256826,0.0,0.0,0.0,6621.318859818475
1858,line-43,3645.886040816327,9665.44512654963,0.0,0.0,0.0,12339.89999126511
1859,line-43,3645.886040816327,10372.300247371375,0.0,0.0,0.0,18729.993487492407
1860,line-43,3645.886040816327,10372.300247371375,0.0,0.0,3284.302088126004,22000.0
1861,line-43,3645.886040816327,9665.44512654963,0.0,0.0,6019.559085733305,22000.0
1862,line-43,3645.886040816327,8299.905893256826,0.0,0.0,4654.019852440498,22000.0
1863,line-43,7291.772081632654,6368.741789581584,0.0,0.0,0.0,21028.389166262034
1864,line-43,7291.772081632654,4003.5584577897935,0.0,0.0,0.0,17567.111667480076
1865,line-43,3645.886040816327,1365.5392332928097,0.0,0.0,0.0,15166.746606928999
1866,line-43,3645.886040816327,0.0,0.0,0.0,0.0,11328.971827122343
1867,line-43,3645.886040816327,0.0,0.0,0.0,0.0,7491.19704731568
1868,line-43,3645.886040816327,0.0,0.0,0.0,0.0,3653.4222675090186
1869,line-43,3645.886040816327,0.0,2265.13488668276,0.0,0.0,2200.0
1870,line-43,3645.886040816327,0.0,3645.886040816327,0.0,0.0,2200.0
1871,line-43,2734.4145306122496,0.0,2734.4145306122496,0.0,0.0,2200.0
1872,line-43,1822.9430204081634,0.0,1822.9430204081634,0.0,0.0,2200.0
1873,line-43,1822.9430204081634,0.0,1822.9430204081634,0.0,0.0,2200.0
1874,line-43,0.0,0.0,0.0,0.0,0.0,2200.0
1875,line-43,0.0,0.0,0.0,0.0,0.0,2200.0
1876,line-43,0.0,0.0,0.0,0.0,0.0,2200.0
1877,line-43,1822.943020408163,0.0,1822.943020408163,0.0,0.0,2200.0
1878,line-43,3645.886040816327,1371.4871455199761,2274.3988952963514,0.0,0.0,2200.0
1879,line-43,7291.772081632654,4020.9968540824148,3270.77522755024,0.0,0.0,2200.0
1880,line-43,7291.772081632654,6396.482272050625,895.2898095820303,0.0,0.0,2200.0
1881,line-43,3645.886040816327,8336.057993865335,0.0,0.0,0.0,6655.663355396557
1882,line-43,3645.886040816327,9707.545139385309,0.0,0.0,0.0,12414.239499037098
1883,line-43,3645.886040816327,10417.479126133037,0.0,0.0,0.0,18847.25293008797
1884,line-43,3645.886040816327,10417.479126133037,0.0,0.0,3452.911959093518,22000.0
1885,line-43,3645.886040816327,9707.545139385315,0.0,0.0,6061.659098568985,22000.0
1886,line-43,3645.886040816327,8336.057993865335,0.0,0.0,4690.171953049009,22000.0
1887,line-43,7291.772081632654,6396.482272050627,0.0,0.0,0.0,21057.589674124185
1888,line-43,7291.772081632654,4020.996854082416,0.0,0.0,0.0,17614.668381966036
1889,line-43,3645.886040816327,1371.487145519981,0.0,0.0,0.0,15220.56428165409
1890,line-43,3645.886040816327,0.0,0.0,0.0,0.0,11382.78950184743
1891,line-43,3645.886040816327,0.0,0.0,0.0,0.0,7545.014722040766
1892,line-43,3645.886040816327,0.0,0.0,0.0,0.0,3707.239942234105
1893,line-43,3645.886040816327,0.0,2214.0080956939264,0.0,0.0,2200.0
1894,line-43,3645.886040816327,0.0,3645.886040816327,0.0,0.0,2200.0
1895,line-43,2734.4145306122496,0.0,2734.4145306122496,0.0,0.0,2200.0
1896,line-43,1822.9430204081634,0.0,1822.9430204081634,0.0,0.0,2200.0
1897,line-43,1822.9430204081634,0.0,1822.9430204081634,0.0,0.0,2200.0
1898,line-43,0.0,0.0,0.0,0.0,0.0,2200.0
1899,line-43,0.0,0.0,0.0,0.0,0.0,2200.0
1900,line-43,0.0,0.0,0.0,0.0,0.0,2200.0
1901,line-43,1822.943020408163,0.0,1822.943020408163,0.0,0.0,2200.0
1902,line-43,3645.886040816327,1377.4385853500055,2268.447455466322,0.0,0.0,2200.0
1903,line-43,7291.772081632654,4038.445592783304,3253.326488849349,0.0,0.0,2200.0
1904,line-43,7291.772081632654,6424.239206915314,867.5328747173395,0.0,0.0,2200.0
1905,line-43,3645.886040816327,8372.231535653304,0.0,0.0,0.0,6690.028220095127
1906,line-43,3645.886040816327,9749.67012100331,0.0,0.0,0.0,12488.623096272759
1907,line-43,3645.886040816327,10462.684799698622,0.0,0.0,0.0,18964.581917210933
1908,line-43,3645.886040816327,10462.684799698622,0.0,0.0,3621.621829630641,22000.0
1909,line-43,3645.886040816327,9749.67012100331,0.0,0.0,6103.784080186985,22000.0
1910,line-43,3645.886040816327,8372.231535653304,0.0,0.0,4726.345494836976,22000.0
1911,line-43,7291.772081632654,6424.2392069153175,0.0,0.0,0.0,21086.80750029754
1912,line-43,7291.772081632654,4038.445592783308,0.0,0.0,0.0,17662.253301508754
1913,line-43,3645.886040816327,1377.4385853500098,0.0,0.0,0.0,15274.413874702095
1914,line-43,3645.886040816327,0.0,0.0,0.0,0.0,11436.63909489544
1915,line-43,3645.886040816327,0.0,0.0,0.0,0.0,7598.864315088778
1916,line-43,3645.886040816327,0.0,0.0,0.0,0.0,3761.089535282117
1917,line-43,3645.886040816327,0.0,2162.850982298315,0.0,0.0,2200.0
1918,line-43,3645.886040816327,0.0,3645.886040816327,0.0,0.0,2200.0
1919,line-43,2734.4145306122496,0.0,2734.4145306122496,0.0,0.0,2200.0
1920,line-43,1822.9430204081634,0.0,1822.9430204081634,0.0,0.0,2200.0
1921,line-43,1822.9430204081634,0.0,1822.9430204081634,0.0,0.0,2200.0
1922,line-43,0.0,0.0,0.0,0.0,0.0,2200.0
1923,line-43,0.0,0.0,0.0,0.0,0.0,2200.0
1924,line-43,0.0,0.0,0.0,0.0,0.0,2200.0
1925,line-43,1822.943020408163,0.0,1822.943020408163,0.0,0.0,2200.0
1926,line-43,3645.886040816327,1383.3917892428287,2262.4942515734974,0.0,0.0,2200.0
1927,line-43,7291.772081632654,4055.899503454614,3235.8725781780413,0.0,0.0,2200.0
1928,line-43,7291.772081632654,6452.004369196811,839.7677124358421,0.0,0.0,2200.0
1929,line-43,3645.886040816327,8408.4157996196,0.0,0.0,0.0,6724.403270863108
1930,line-43,3645.886040816327,9791.807588862432,0.0,0.0,0.0,12563.02874150691
1931,line-43,3645.886040816327,10507.903872651425,0.0,0.0,0.0,19081.945681750247
1932,line-43,3645.886040816327,10507.903872651425,0.0,0.0,3790.381707361674,22000.0
1933,line-43,3645.886040816327,9791.807588862432,0.0,0.0,6145.921548046105,22000.0
1934,line-43,3645.886040816327,8408.4157996196,0.0,0.0,4762.529758803274,22000.0
1935,line-43,7291.772081632654,6452.004369196815,0.0,0.0,0.0,21116.033986909642
1936,line-43,7291.772081632654,4055.899503454615,0.0,0.0,0.0,17709.852325669603
1937,line-43,3645.886040816327,1383.3917892428335,0.0,0.0,0.0,15328.279429276448
1938,line-43,3645.886040816327,0.0,0.0,0.0,0.0,11490.504649469789
1939,line-43,3645.886040816327,0.0,0.0,0.0,0.0,7652.729869663125
1940,line-43,3645.886040816327,0.0,0.0,0.0,0.0,3814.955089856464
1941,line-43,3645.886040816327,0.0,2111.6787054526862,0.0,0.0,2200.0
1942,line-43,3645.886040816327,0.0,3645.886040816327,0.0,0.0,2200.0
1943,line-43,2734.4145306122496,0.0,2734.4145306122496,0.0,0.0,2200.0
1944,line-43,1822.9430204081634,0.0,1822.9430204081634,0.0,0.0,2200.0
1945,line-43,1822.9430204081634,0.0,1822.9430204081634,0.0,0.0,2200.0
1946,line-43,0.0,0.0,0.0,0.0,0.0,2200.0
1947,line-43,0.0,0.0,0.0,0.0,0.0,2200.0
1948,line-43,0.0,0.0,0.0,0.0,0.0,2200.0
1949,line-43,1822.943020408163,0.0,1822.943020408163,0.0,0.0,2200.0
1950,line-43,3645.886040816327,1389.3449931356529,2256.541047680674,0.0,0.0,2200.0
1951,line-43,7291.772081632654,4073.3534141259242,3218.4186675067313,0.0,0.0,2200.0
1952,line-43,7291.772081632654,6479.769531478308,812.002550154346,0.0,0.0,2200.0
1953,line-43,3645.886040816327,8444.600063585904,0.0,0.0,0.0,6758.778321631097
1954,line-43,3645.886040816327,9833.945056721554,0.0,0.0,0.0,12637.434386741064
1955,line-43,3645.886040816327,10553.122945604233,0.0,0.0,0.0,19199.30944628957
1956,line-43,3645.886040816327,10553.122945604233,0.0,0.0,3959.1415850927174,22000.0
1957,line-43,3645.886040816327,9833.945056721559,0.0,0.0,6188.05901590523,22000.0
1958,line-43,3645.886040816327,8444.600063585904,0.0,0.0,4798.714022769577,22000.0
1959,line-43,7291.772081632654,6479.769531478309,0.0,0.0,0.0,21145.260473521743
1960,line-43,7291.772081632654,4073.353414125925,0.0,0.0,0.0,17757.45134983045
1961,line-43,3645.886040816327,1389.3449931356574,0.0,0.0,0.0,15382.144983850798
1962,line-43,3645.886040816327,0.0,0.0,0.0,0.0,11544.370204044133
1963,line-43,3645.886040816327,0.0,0.0,0.0,0.0,7706.595424237472
1964,line-43,3645.886040816327,0.0,0.0,0.0,0.0,3868.8206444308107
1965,line-43,3645.886040816327,0.0,2060.5064286070565,0.0,0.0,2200.0
1966,line-43,3645.886040816327,0.0,3645.886040816327,0.0,0.0,2200.0
1967,line-43,2734.4145306122496,0.0,2734.4145306122496,0.0,0.0,2200.0
1968,line-43,1822.9430204081634,0.0,1822.9430204081634,0.0,0.0,2200.0
1969,line-43,1822.9430204081634,0.0,1822.9430204081634,0.0,0.0,2200.0
1970,line-43,0.0,0.0,0.0,0.0,0.0,2200.0
1971,line-43,0.0,0.0,0.0,0.0,0.0,2200.0
1972,line-43,0.0,0.0,0.0,0.0,0.0,2200.0
1973,line-43,1822.943020408163,0.0,1822.943020408163,0.0,0.0,2200.0
1974,line-43,3645.886040816327,1395.2964329656818,2250.589607850645,0.0,0.0,2200.0
1975,line-43,7291.772081632654,4090.8021528268137,3200.9699288058396,0.0,0.0,2200.0
1976,line-43,7291.772081632654,6507.526466342998,784.2456152896564,0.0,0.0,2200.0
1977,line-43,3645.886040816327,8480.77360537387,0.0,0.0,0.0,6793.143186329666
1978,line-43,3645.886040816327,9876.070038339554,0.0,0.0,0.0,12711.817983976725
1979,line-43,3645.886040816327,10598.328619169813,0.0,0.0,0.0,19316.63843341254
1980,line-43,3645.886040816327,10598.328619169813,0.0,0.0,4127.85145562984,22000.0
1981,line-43,3645.886040816327,9876.070038339554,0.0,0.0,6230.1839975232215,22000.0
1982,line-43,3645.886040816327,8480.77360537387,0.0,0.0,4834.887564557541,22000.0
1983,line-43,7291.772081632654,6507.526466342998,0.0,0.0,0.0,21174.478299695103
1984,line-43,7291.772081632654,4090.8021528268164,0.0,0.0,0.0,17805.036269373166
1985,line-43,3645.886040816327,1395.296432965686,0.0,0.0,0.0,15435.994576898805
1986,line-43,3645.886040816327,0.0,0.0,0.0,0.0,11598.219797092148
1987,line-43,3645.886040816327,0.0,0.0,0.0,0.0,7760.445017285484
1988,line-43,3645.886040816327,0.0,0.0,0.0,0.0,3922.670237478823
1989,line-43,3645.886040816327,0.0,2009.3493152114447,0.0,0.0,2200.0
1990,line-43,3645.886040816327,0.0,3645.886040816327,0.0,0.0,2200.0
1991,line-43,2734.4145306122496,0.0,2734.4145306122496,0.0,0.0,2200.0
1992,line-43,1822.9430204081634,0.0,1822.9430204081634,0.0,0.0,2200.0
1993,line-43,1822.9430204081634,0.0,1822.9430204081634,0.0,0.0,2200.0
1994,line-43,0.0,0.0,0.0,0.0,0.0,2200.0
1995,line-43,0.0,0.0,0.0,0.0,0.0,2200.0
1996,line-43,0.0,0.0,0.0,0.0,0.0,2200.0
1997,line-43,1822.943020408163,0.0,1822.943020408163,0.0,0.0,2200.0
1998,line-43,3645.886040816327,1401.244345192853,2244.641695623474,0.0,0.0,2200.0
1999,line-43,7291.772081632654,4108.240549119436,3183.5315325132187,0.0,0.0,2200.0
2000,line-43,7291.772081632654,6535.266948812042,756.5051328206125,0.0,0.0,2200.0
2001,line-43,3645.886040816327,8516.925705982381,0.0,0.0,0.0,6827.487681907753
2002,line-43,3645.886040816327,9918.170051175233,0.0,0.0,0.0,12786.157491748714
2003,line-43,3645.886040816327,10643.50749793148,0.0,0.0,0.0,19433.897876008105
2004,line-43,3645.886040816327,10643.50749793148,0.0,0.0,4296.461326597366,22000.0
2005,line-43,3645.886040816327,9918.170051175239,0.0,0.0,6272.28401035891,22000.0
2006,line-43,3645.886040816327,8516.925705982381,0.0,0.0,4871.039665166055,22000.0
2007,line-43,7291.772081632654,6535.266948812042,0.0,0.0,0.0,21203.678807557255
2008,line-43,7291.772081632654,4108.240549119439,0.0,0.0,0.0,17852.59298385913
2009,line-43,3645.886040816327,1401.244345192858,0.0,0.0,0.0,15489.812251623898
2010,line-43,3645.886040816327,0.0,0.0,0.0,0.0,11652.037471817235
2011,line-43,3645.886040816327,0.0,0.0,0.0,0.0,7814.262692010577
2012,line-43,3645.886040816327,0.0,0.0,0.0,0.0,3976.4879122039156
2013,line-43,3645.886040816327,0.0,1958.2225242226064,0.0,0.0,2200.0
2014,line-43,3645.886040816327,0.0,3645.886040816327,0.0,0.0,2200.0
2015,line-43,2734.4145306122496,0.0,2734.4145306122496,0.0,0.0,2200.0
2016,line-43,1822.9430204081634,0.0,1822.9430204081634,0.0,0.0,2200.0
2017,line-43,1822.9430204081634,0.0,1822.9430204081634,0.0,0.0,2200.0
2018,line-43,0.0,0.0,0.0,0.0,0.0,2200.0
2019,line-43,0.0,0.0,0.0,0.0,0.0,2200.0
2020,line-43,0.0,0.0,0.0,0.0,0.0,2200.0
2021,line-43,1822.943020408163,0.0,1822.943020408163,0.0,0.0,2200.0
2022,line-43,3645.886040816327,1407.1869673224062,2238.6990734939204,0.0,0.0,2200.0
2023,line-43,7291.772081632654,4125.663435630616,3166.1086460020388,0.0,0.0,2200.0
2024,line-43,7291.772081632654,6562.982758781789,728.7893228508653,0.0,0.0,2200.0
2025,line-43,3645.886040816327,8553.045652763802,0.0,0.0,0.0,6861.801631350101
2026,line-43,3645.886040816327,9960.232620086208,0.0,0.0,0.0,12860.430881656486
2027,line-43,3645.886040816327,10688.646194412404,0.0,0.0,0.0,19551.053027572765
2028,line-43,3645.886040816327,10688.646194412404,0.0,0.0,4464.92123525162,22000.0
2029,line-43,3645.886040816327,9960.23262008621,0.0,0.0,6314.3465792698835,22000.0
2030,line-43,3645.886040816327,8553.045652763802,0.0,0.0,4907.159611947474,22000.0
2031,line-43,7291.772081632654,6562.982758781789,0.0,0.0,0.0,21232.853344367515
2032,line-43,7291.772081632654,4125.663435630617,0.0,0.0,0.0,17900.10740120747
2033,line-43,3645.886040816327,1407.1869673224112,0.0,0.0,0.0,15543.582060687564
2034,line-43,3645.886040816327,0.0,0.0,0.0,0.0,11705.807280880897
2035,line-43,3645.886040816327,0.0,0.0,0.0,0.0,7868.032501074242
2036,line-43,3645.886040816327,0.0,0.0,0.0,0.0,4030.2577212675797
2037,line-43,3645.886040816327,0.0,1907.1412056121274,0.0,0.0,2200.0
2038,line-43,3645.886040816327,0.0,3645.886040816327,0.0,0.0,2200.0
2039,line-43,2734.4145306122496,0.0,2734.4145306122496,0.0,0.0,2200.0
2040,line-43,1822.9430204081634,0.0,1822.9430204081634,0.0,0.0,2200.0
2041,line-43,1822.9430204081634,0.0,1822.9430204081634,0.0,0.0,2200.0
2042,line-43,0.0,0.0,0.0,0.0,0.0,2200.0
2043,line-43,0.0,0.0,0.0,0.0,0.0,2200.0
2044,line-43,0.0,0.0,0.0,0.0,0.0,2200.0
2045,line-43,1822.943020408163,0.0,1822.943020408163,0.0,0.0,2200.0
2046,line-43,3645.886040816327,1413.122538427153,2232.763502389175,0.0,0.0,2200.0
2047,line-43,7291.772081632654,4143.065649583062,3148.706432049594,0.0,0.0,2200.0
2048,line-43,7291.772081632654,6590.665683459595,701.1063981730599,0.0,0.0,2200.0
2049,line-43,3645.886040816327,8589.122742598367,0.0,0.0,0.0,6896.074866692941
2050,line-43,3645.886040816327,10002.245281025522,0.0,0.0,0.0,12934.616144891674
2051,line-43,3645.886040816327,10733.731333042655,0.0,0.0,0.0,19668.069172506683
2052,line-43,3645.886040816327,10733.731333042655,0.0,0.0,4633.181263285991,22000.0
2053,line-43,3645.886040816327,10002.245281025522,0.0,0.0,6356.3592402091945,22000.0
2054,line-43,3645.886040816327,8589.122742598367,0.0,0.0,4943.236701782042,22000.0
2055,line-43,7291.772081632654,6590.665683459596,0.0,0.0,0.0,21261.993265080993
2056,line-43,7291.772081632654,4143.065649583062,0.0,0.0,0.0,17947.56544187089
2057,line-43,3645.886040816327,1413.1225384271577,0.0,0.0,0.0,15597.28807093493
2058,line-43,3645.886040816327,0.0,0.0,0.0,0.0,11759.513291128262
2059,line-43,3645.886040816327,0.0,0.0,0.0,0.0,7921.738511321606
2060,line-43,3645.886040816327,0.0,0.0,0.0,0.0,4083.963731514944
2061,line-43,3645.886040816327,0.0,1856.1204958771318,0.0,0.0,2200.0
2062,line-43,3645.886040816327,0.0,3645.886040816327,0.0,0.0,2200.0
2063,line-43,2734.4145306122496,0.0,2734.4145306122496,0.0,0.0,2200.0
2064,line-43,1822.9430204081634,0.0,1822.9430204081634,0.0,0.0,2200.0
2065,line-43,1822.9430204081634,0.0,1822.9430204081634,0.0,0.0,2200.0
2066,line-43,0.0,0.0,0.0,0.0,0.0,2200.0
2067,line-43,0.0,0.0,0.0,0.0,0.0,2200.0
2068,line-43,0.0,0.0,0.0,0.0,0.0,2200.0
2069,line-43,1822.943020408163,0.0,1822.943020408163,0.0,0.0,2200.0
2070,line-43,3645.886040816327,1419.049299669274,2226.8367411470526,0.0,0.0,2200.0
2071,line-43,7291.772081632654,4160.442034325209,3131.3300473074446,0.0,0.0,2200.0
2072,line-43,7291.772081632654,6618.307519797426,673.4645618352299,0.0,0.0,2200.0
2073,line-43,3645.886040816327,8625.146285065755,0.0,0.0,0.0,6930.297232036958
2074,line-43,3645.886040816327,10044.195584735031,0.0,0.0,0.0,13008.691298759728
2075,line-43,3645.886040816327,10778.749554122638,0.0,0.0,0.0,19784.91163640072
2076,line-43,3645.886040816327,10778.749554122638,0.0,0.0,4801.191551622859,22000.0
2077,line-43,3645.886040816327,10044.195584735031,0.0,0.0,6398.309543918706,22000.0
2078,line-43,3645.886040816327,8625.146285065755,0.0,0.0,4979.26024424943,22000.0
2079,line-43,7291.772081632654,6618.3075197974285,0.0,0.0,0.0,21291.089934910287
2080,line-43,7291.772081632654,4160.442034325211,0.0,0.0,0.0,17994.953043007714
2081,line-43,3645.886040816327,1419.0492996692785,0.0,0.0,0.0,15650.914368116088
2082,line-43,3645.886040816327,0.0,0.0,0.0,0.0,11813.139588309423
2083,line-43,3645.886040816327,0.0,0.0,0.0,0.0,7975.364808502764
2084,line-43,3645.886040816327,0.0,0.0,0.0,0.0,4137.590028696103
2085,line-43,3645.886040816327,0.0,1805.1755135550284,0.0,0.0,2200.0
2086,line-43,3645.886040816327,0.0,3645.886040816327,0.0,0.0,2200.0
2087,line-43,2734.4145306122496,0.0,2734.4145306122496,0.0,0.0,2200.0
2088,line-43,1822.9430204081634,0.0,1822.9430204081634,0.0,0.0,2200.0
2089,line-43,1822.9430204081634,0.0,1822.9430204081634,0.0,0.0,2200.0
2090,line-43,0.0,0.0,0.0,0.0,0.0,2200.0
2091,line-43,0.0,0.0,0.0,0.0,0.0,2200.0
2092,line-43,0.0,0.0,0.0,0.0,0.0,2200.0
2093,line-43,1822.943020408163,0.0,1822.943020408163,0.0,0.0,2200.0
2094,line-43,3645.886040816327,1424.9654948215039,2220.9205459948234,0.0,0.0,2200.0
2095,line-43,7291.772081632654,4177.787440859249,3113.9846407734058,0.0,0.0,2200.0
2096,line-43,7291.772081632654,6645.900076922619,645.8720047100347,0.0,0.0,2200.0
2097,line-43,3645.886040816327,8661.105605612878,0.0,0.0,0.0,6964.4585865567215
2098,line-43,3645.886040816327,10086.071100434383,0.0,0.0,0.0,13082.634393193872
2099,line-43,3645.886040816327,10823.687517781866,0.0,0.0,0.0,19901.545796311133
2100,line-43,3645.886040816327,10823.687517781866,0.0,0.0,4968.902315187784,22000.0
2101,line-43,3645.886040816327,10086.071100434383,0.0,0.0,6440.185059618054,22000.0
2102,line-43,3645.886040816327,8661.105605612878,0.0,0.0,5015.219564796549,22000.0
2103,line-43,7291.772081632654,6645.900076922622,0.0,0.0,0.0,21320.134731884176
2104,line-43,7291.772081632654,4177.78744085925,0.0,0.0,0.0,18042.25616264901
2105,line-43,3645.886040816327,1424.9654948215084,0.0,0.0,0.0,15704.445061601835
2106,line-43,3645.886040816327,0.0,0.0,0.0,0.0,11866.670281795166
2107,line-43,3645.886040816327,0.0,0.0,0.0,0.0,8028.895501988511
2108,line-43,3645.886040816327,0.0,0.0,0.0,0.0,4191.120722181849
2109,line-43,3645.886040816327,0.0,1754.3213547435719,0.0,0.0,2199.9999999999995
2110,line-43,3645.886040816327,0.0,3645.886040816327,0.0,0.0,2199.9999999999995
2111,line-43,2734.4145306122496,0.0,2734.4145306122496,0.0,0.0,2199.9999999999995
2112,line-43,1822.9430204081634,0.0,1822.9430204081634,0.0,0.0,2199.9999999999995
2113,line-43,1822.9430204081634,0.0,1822.9430204081634,0.0,0.0,2199.9999999999995
2114,line-43,0.0,0.0,0.0,0.0,0.0,2199.9999999999995
2115,line-43,0.0,0.0,0.0,0.0,0.0,2199.9999999999995
2116,line-43,0.0,0.0,0.0,0.0,0.0,2199.9999999999995
2117,line-43,1822.943020408163,0.0,1822.943020408163,0.0,0.0,2199.9999999999995
2118,line-43,3645.886040816327,1430.8693707875364,2215.016670028791,0.0,0.0,2199.9999999999995
2119,line-43,7291.772081632654,4195.096729366878,3096.6753522657777,0.0,0.0,2199.9999999999995
2120,line-43,7291.772081632654,6673.435178565001,618.3369030676531,0.0,0.0,2199.9999999999995
2121,line-43,3645.886040816327,8696.990048716994,0.0,0.0,0.0,6998.548807505632
2122,line-43,3645.886040816327,10127.859419504524,0.0,0.0,0.0,13156.423517259416
2123,line-43,3645.886040816327,10868.531907931878,0.0,0.0,0.0,20017.937091019186
2124,line-43,3645.886040816327,10868.531907931878,0.0,0.0,5136.263857662069,22000.0
2125,line-43,3645.886040816327,10127.85941950453,0.0,0.0,6481.973378688201,22000.0
2126,line-43,3645.886040816327,8696.990048716994,0.0,0.0,5051.104007900666,22000.0
2127,line-43,7291.772081632654,6673.4351785650015,0.0,0.0,0.0,21349.11904940247
2128,line-43,7291.772081632654,4195.096729366878,0.0,0.0,0.0,18089.460783859548
2129,line-43,3645.886040816327,1430.8693707875404,0.0,0.0,0.0,15757.864289092402
2130,line-43,3645.886040816327,0.0,0.0,0.0,0.0,11920.089509285746
2131,line-43,3645.886040816327,0.0,0.0,0.0,0.0,8082.314729479085
2132,line-43,3645.886040816327,0.0,0.0,0.0,0.0,4244.539949672424
2133,line-43,3645.886040816327,0.0,1703.573088627524,0.0,0.0,2200.0
2134,line-43,3645.886040816327,0.0,3645.886040816327,0.0,0.0,2200.0
2135,line-43,2734.4145306122496,0.0,2734.4145306122496,0.0,0.0,2200.0
2136,line-43,1822.9430204081634,0.0,1822.9430204081634,0.0,0.0,2200.0
2137,line-43,1822.9430204081634,0.0,1822.9430204081634,0.0,0.0,2200.0
2138,line-43,0.0,0.0,0.0,0.0,0.0,2200.0
2139,line-43,0.0,0.0,0.0,0.0,0.0,2200.0
2140,line-43,0.0,0.0,0.0,0.0,0.0,2200.0
2141,line-43,1822.943020408163,0.0,1822.943020408163,0.0,0.0,2200.0
2142,line-43,3645.886040816327,1436.7591781215065,2209.1268626948204,0.0,0.0,2200.0
2143,line-43,7291.772081632654,4212.364770732346,3079.4073109003075,0.0,0.0,2200.0
2144,line-43,7291.772081632654,6700.904665479698,590.8674161529563,0.0,0.0,2200.0
2145,line-43,3645.886040816327,8732.788981043153,0.0,0.0,0.0,7032.5577932154865
2146,line-43,3645.886040816327,10169.54815916466,0.0,0.0,0.0,13230.036805646403
2147,line-43,3645.886040816327,10913.269436212042,0.0,0.0,0.0,20134.051031272327
2148,line-43,3645.886040816327,10913.269436212042,0.0,0.0,5303.226586208695,22000.0
2149,line-43,3645.886040816327,10169.54815916466,0.0,0.0,6523.662118348337,22000.0
2150,line-43,3645.886040816327,8732.788981043153,0.0,0.0,5086.902940226828,22000.0
2151,line-43,7291.772081632654,6700.904665479699,0.0,0.0,0.0,21378.034298786366
2152,line-43,7291.772081632654,4212.364770732346,0.0,0.0,0.0,18136.552918891302
2153,line-43,3645.886040816327,1436.7591781215112,0.0,0.0,0.0,15811.156221317815
2154,line-43,3645.886040816327,0.0,0.0,0.0,0.0,11973.381441511152
2155,line-43,3645.886040816327,0.0,0.0,0.0,0.0,8135.6066617044935
2156,line-43,3645.886040816327,0.0,0.0,0.0,0.0,4297.831881897832
2157,line-43,3645.886040816327,0.0,1652.9457530133857,0.0,0.0,2199.9999999999995
2158,line-43,3645.886040816327,0.0,3645.886040816327,0.0,0.0,2199.9999999999995
2159,line-43,2734.4145306122496,0.0,2734.4145306122496,0.0,0.0,2199.9999999999995
2160,line-43,1822.9430204081634,0.0,1822.9430204081634,0.0,0.0,2199.9999999999995
2161,line-43,1822.9430204081634,0.0,1822.9430204081634,0.0,0.0,2199.9999999999995
2162,line-43,0.0,0.0,0.0,0.0,0.0,2199.9999999999995
2163,line-43,0.0,0.0,0.0,0.0,0.0,2199.9999999999995
2164,line-43,0.0,0.0,0.0,0.0,0.0,2199.9999999999995
2165,line-43,1822.943020408163,0.0,1822.943020408163,0.0,0.0,2199.9999999999995
2166,line-43,3645.886040816327,1442.63317154639,2203.2528692699375,0.0,0.0,2199.9999999999995
2167,line-43,7291.772081632654,4229.586448062322,3062.1856335703324,0.0,0.0,2199.9999999999995
2168,line-43,7291.772081632654,6728.3003978649,563.4716837677544,0.0,0.0,2199.9999999999995
2169,line-43,3645.886040816327,8768.491794595118,0.0,0.0,0.0,7066.475466089851
2170,line-43,3645.886040816327,10211.124966141506,0.0,0.0,0.0,13303.45244514877
2171,line-43,3645.886040816327,10957.886845927225,0.0,0.0,0.0,20249.853210004116
2172,line-43,3645.886040816327,10957.886845927225,0.0,0.0,5469.741026167859,22000.0
2173,line-43,3645.886040816327,10211.124966141511,0.0,0.0,6565.238925325183,22000.0
2174,line-43,3645.886040816327,8768.491794595118,0.0,0.0,5122.605753778789,22000.0
2175,line-43,7291.772081632654,6728.300397864901,0.0,0.0,0.0,21406.87191182342
2176,line-43,7291.772081632654,4229.586448062325,0.0,0.0,0.0,18183.51861332834
2177,line-43,3645.886040816327,1442.633171546395,0.0,0.0,0.0,15864.305066728402
2178,line-43,3645.886040816327,0.0,0.0,0.0,0.0,12026.530286921738
2179,line-43,3645.886040816327,0.0,0.0,0.0,0.0,8188.755507115079
2180,line-43,3645.886040816327,0.0,0.0,0.0,0.0,4350.980727308418
2181,line-43,3645.886040816327,0.0,1602.4543498733296,0.0,0.0,2200.0
2182,line-43,3645.886040816327,0.0,3645.886040816327,0.0,0.0,2200.0
2183,line-43,2734.4145306122496,0.0,2734.4145306122496,0.0,0.0,2200.0
2184,line-43,1822.9430204081634,0.0,1822.9430204081634,0.0,0.0,2200.0
2185,line-43,1822.9430204081634,0.0,1822.9430204081634,0.0,0.0,2200.0
2186,line-43,0.0,0.0,0.0,0.0,0.0,2200.0
2187,line-43,0.0,0.0,0.0,0.0,0.0,2200.0
2188,line-43,0.0,0.0,0.0,0.0,0.0,2200.0
2189,line-43,1822.943020408163,0.0,1822.943020408163,0.0,0.0,2200.0
2190,line-43,3645.886040816327,1448.4896104711638,2197.3964303451635,0.0,0.0,2200.0
2191,line-43,7291.772081632654,4246.756658202141,3045.0154234305137,0.0,0.0,2200.0
2192,line-43,7291.772081632654,6755.614257773849,536.1578238588058,0.0,0.0,2200.0
2193,line-43,3645.886040816327,8804.08790985869,0.0,0.0,0.0,7100.291775590241
2194,line-43,3645.886040816327,10252.57752032985,0.0,0.0,0.0,13376.648681128088
2195,line-43,3645.886040816327,11002.370915975987,0.0,0.0,0.0,20365.309312529775
2196,line-43,3645.886040816327,11002.370915975987,0.0,0.0,5635.757835717311,22000.0
2197,line-43,3645.886040816327,10252.57752032985,0.0,0.0,6606.691479513527,22000.0
2198,line-43,3645.886040816327,8804.08790985869,0.0,0.0,5158.201869042361,22000.0
2199,line-43,7291.772081632654,6755.614257773851,0.0,0.0,0.0,21435.623343306528
2200,line-43,7291.772081632654,4246.756658202142,0.0,0.0,0.0,18230.343950221777
2201,line-43,3645.886040816327,1448.4896104711675,0.0,0.0,0.0,15917.295076174232
2202,line-43,3645.886040816327,0.0,0.0,0.0,0.0,12079.520296367577
2203,line-43,3645.886040816327,0.0,0.0,0.0,0.0,8241.745516560914
2204,line-43,3645.886040816327,0.0,0.0,0.0,0.0,4403.970736754252
2205,line-43,3645.886040816327,0.0,1552.1138408997888,0.0,0.0,2200.0
2206,line-43,3645.886040816327,0.0,3645.886040816327,0.0,0.0,2200.0
2207,line-43,2734.4145306122496,0.0,2734.4145306122496,0.0,0.0,2200.0
2208,line-43,1822.9430204081634,0.0,1822.9430204081634,0.0,0.0,2200.0
2209,line-43,1822.9430204081634,0.0,1822.9430204081634,0.0,0.0,2200.0
2210,line-43,0.0,0.0,0.0,0.0,0.0,2200.0
2211,line-43,0.0,0.0,0.0,0.0,0.0,2200.0
2212,line-43,0.0,0.0,0.0,0.0,0.0,2200.0
2213,line-43,1822.943020408163,0.0,1822.943020408163,0.0,0.0,2200.0
2214,line-43,3645.886040816327,1454.3267595065804,2191.5592813097473,0.0,0.0,2200.0
2215,line-43,7291.772081632654,4263.870313247974,3027.901768384681,0.0,0.0,2200.0
2216,line-43,7291.772081632654,6782.838151520375,508.93393011228045,0.0,0.0,2200.0
2217,line-43,3645.886040816327,8839.566778936694,0.0,0.0,0.0,7133.996701214348
2218,line-43,3645.886040816327,10293.893538443277,0.0,0.0,0.0,13449.603823959953
2219,line-43,3645.886040816327,11046.708464768348,0.0,0.0,0.0,20480.385126714362
2220,line-43,3645.886040816327,11046.708464768348,0.0,0.0,5801.227820493462,22000.0
2221,line-43,3645.886040816327,10293.893538443277,0.0,0.0,6648.00749762695,22000.0
2222,line-43,3645.886040816327,8839.566778936694,0.0,0.0,5193.680738120368,22000.0
2223,line-43,7291.772081632654,6782.838151520376,0.0,0.0,0.0,21464.280073566024
2224,line-43,7291.772081632654,4263.870313247975,0.0,0.0,0.0,18277.01505421373
2225,line-43,3645.886040816327,1454.326759506585,0.0,0.0,0.0,15970.110547571894
2226,line-43,3645.886040816327,0.0,0.0,0.0,0.0,12132.335767765238
2227,line-43,3645.886040816327,0.0,0.0,0.0,0.0,8294.560987958575
2228,line-43,3645.886040816327,0.0,0.0,0.0,0.0,4456.786208151914
2229,line-43,3645.886040816327,0.0,1501.93914307201,0.0,0.0,2200.0
2230,line-43,3645.886040816327,0.0,3645.886040816327,0.0,0.0,2200.0
2231,line-43,2734.4145306122496,0.0,2734.4145306122496,0.0,0.0,2200.0
2232,line-43,1822.9430204081634,0.0,1822.9430204081634,0.0,0.0,2200.0
2233,line-43,1822.9430204081634,0.0,1822.9430204081634,0.0,0.0,2200.0
2234,line-43,0.0,0.0,0.0,0.0,0.0,2200.0
2235,line-43,0.0,0.0,0.0,0.0,0.0,2200.0
2236,line-43,0.0,0.0,0.0,0.0,0.0,2200.0
2237,line-43,1822.943020408163,0.0,1822.943020408163,0.0,0.0,2200.0
2238,line-43,3645.886040816327,1460.1428889794065,2185.7431518369212,0.0,0.0,2200.0
2239,line-43,7291.772081632654,4280.922342054488,3010.849739578166,0.0,0.0,2200.0
2240,line-43,7291.772081632654,6809.964012077221,481.80806955543335,0.0,0.0,2200.0
2241,line-43,3645.886040816327,8874.917888674529,0.0,0.0,0.0,7167.580255465292
2242,line-43,3645.886040816327,10335.060777653936,0.0,0.0,0.0,13522.296255461024
2243,line-43,3645.886040816327,11090.88635413171,0.0,0.0,0.0,20595.04655311064
2244,line-43,3645.886040816327,11090.88635413171,0.0,0.0,5966.101948168685,22000.0
2245,line-43,3645.886040816327,10335.060777653938,0.0,0.0,6689.174736837612,22000.0
2246,line-43,3645.886040816327,8874.917888674529,0.0,0.0,5229.031847858202,22000.0
2247,line-43,7291.772081632654,6809.964012077224,0.0,0.0,0.0,21492.83361099429
2248,line-43,7291.772081632654,4280.92234205449,0.0,0.0,0.0,18323.518095648844
2249,line-43,3645.886040816327,1460.1428889794113,0.0,0.0,0.0,16022.735830557358
2250,line-43,3645.886040816327,0.0,0.0,0.0,0.0,12184.961050750691
2251,line-43,3645.886040816327,0.0,0.0,0.0,0.0,8347.186270944036
2252,line-43,3645.886040816327,0.0,0.0,0.0,0.0,4509.4114911373745
2253,line-43,3645.886040816327,0.0,1451.9451242358236,0.0,0.0,2200.0
2254,line-43,3645.886040816327,0.0,3645.886040816327,0.0,0.0,2200.0
2255,line-43,2734.4145306122496,0.0,2734.4145306122496,0.0,0.0,2200.0
2256,line-43,1822.9430204081634,0.0,1822.9430204081634,0.0,0.0,2200.0
2257,line-43,1822.9430204081634,0.0,1822.9430204081634,0.0,0.0,2200.0
2258,line-43,0.0,0.0,0.0,0.0,0.0,2200.0
2259,line-43,0.0,0.0,0.0,0.0,0.0,2200.0
2260,line-43,0.0,0.0,0.0,0.0,0.0,2200.0
2261,line-43,1822.943020408163,0.0,1822.943020408163,0.0,0.0,2200.0
2262,line-43,3645.886040816327,1465.9362754449562,2179.9497653713715,0.0,0.0,2200.0
2263,line-43,7291.772081632654,4297.907691737533,2993.8643898951213,0.0,0.0,2200.0
2264,line-43,7291.772081632654,6836.983801466482,454.78828016617376,0.0,0.0,2200.0
2265,line-43,3645.886040816327,8910.130763775438,0.0,0.0,0.0,7201.032486811157
2266,line-43,3645.886040816327,10376.067039220394,0.0,0.0,0.0,13594.704435295023
2267,line-43,3645.886040816327,11134.891493204012,0.0,0.0,0.0,20709.25961506332
2268,line-43,3645.886040816327,11134.891493204012,0.0,0.0,6130.3313629806535,22000.0
2269,line-43,3645.886040816327,10376.067039220394,0.0,0.0,6730.1809984040665,22000.0
2270,line-43,3645.886040816327,8910.130763775438,0.0,0.0,5264.244722959112,22000.0
2271,line-43,7291.772081632654,6836.983801466485,0.0,0.0,0.0,21521.27549456193
2272,line-43,7291.772081632654,4297.907691737534,0.0,0.0,0.0,18369.83929467233
2273,line-43,3645.886040816327,1465.9362754449608,0.0,0.0,0.0,16075.155331123515
2274,line-43,3645.886040816327,0.0,0.0,0.0,0.0,12237.380551316859
2275,line-43,3645.886040816327,0.0,0.0,0.0,0.0,8399.605771510196
2276,line-43,3645.886040816327,0.0,0.0,0.0,0.0,4561.830991703536
2277,line-43,3645.886040816327,0.0,1402.1465986979704,0.0,0.0,2200.0
2278,line-43,3645.886040816327,0.0,3645.886040816327,0.0,0.0,2200.0
2279,line-43,2734.4145306122496,0.0,2734.4145306122496,0.0,0.0,2200.0
2280,line-43,1822.9430204081634,0.0,1822.9430204081634,0.0,0.0,2200.0
2281,line-43,1822.9430204081634,0.0,1822.9430204081634,0.0,0.0,2200.0
2282,line-43,0.0,0.0,0.0,0.0,0.0,2200.0
2283,line-43,0.0,0.0,0.0,0.0,0.0,2200.0
2284,line-43,0.0,0.0,0.0,0.0,0.0,2200.0
2285,line-43,1822.943020408163,0.0,1822.943020408163,0.0,0.0,2200.0
2286,line-43,3645.886040816327,1471.7052021977872,2174.1808386185394,0.0,0.0,2200.0
2287,line-43,7291.772081632654,4314.8213291714255,2976.95075246123,0.0,0.0,2200.0
2288,line-43,7291.772081632654,6863.889513141421,427.882568491235,0.0,0.0,2200.0
2289,line-43,3645.886040816327,8945.194969904573,0.0,0.0,0.0,7234.343482633831
2290,line-43,3645.886040816327,10416.900172102356,0.0,0.0,0.0,13666.806907355565
2291,line-43,3645.886040816327,11178.710842312848,0.0,0.0,0.0,20822.990468777254
2292,line-43,3645.886040816327,11178.710842312848,0.0,0.0,6293.867400209417,22000.0
2293,line-43,3645.886040816327,10416.900172102356,0.0,0.0,6771.01413128603,22000.0
2294,line-43,3645.886040816327,8945.194969904573,0.0,0.0,5299.308929088246,22000.0
2295,line-43,7291.772081632654,6863.889513141425,0.0,0.0,0.0,21549.59729632502
2296,line-43,7291.772081632654,4314.8213291714255,0.0,0.0,0.0,18415.964925313197
2297,line-43,3645.886040816327,1471.7052021977922,0.0,0.0,0.0,16127.353516241055
2298,line-43,3645.886040816327,0.0,0.0,0.0,0.0,12289.5787364344
2299,line-43,3645.886040816327,0.0,0.0,0.0,0.0,8451.803956627737
2300,line-43,3645.886040816327,0.0,0.0,0.0,0.0,4614.029176821076
2301,line-43,3645.886040816327,0.0,1352.5583228363068,0.0,0.0,2200.0
2302,line-43,3645.886040816327,0.0,3645.886040816327,0.0,0.0,2200.0
2303,line-43,2734.4145306122496,0.0,2734.4145306122496,0.0,0.0,2200.0
2304,line-43,1822.9430204081634,0.0,1822.9430204081634,0.0,0.0,2200.0
2305,line-43,1822.9430204081634,0.0,1822.9430204081634,0.0,0.0,2200.0
2306,line-43,0.0,0.0,0.0,0.0,0.0,2200.0
2307,line-43,0.0,0.0,0.0,0.0,0.0,2200.0
2308,line-43,0.0,0.0,0.0,0.0,0.0,2200.0
2309,line-43,1822.943020408163,0.0,1822.943020408163,0.0,0.0,2200.0
2310,line-43,3645.886040816327,1477.447959780401,2168.4380810359266,0.0,0.0,2200.0
2311,line-43,7291.772081632654,4331.658242480367,2960.113839152288,0.0,0.0,2200.0
2312,line-43,7291.772081632654,6890.6731743590035,401.0989072736512,0.0,0.0,2200.0
2313,line-43,3645.886040816327,8980.100116780903,0.0,0.0,0.0,7267.503372166346
2314,line-43,3645.886040816327,10457.54807656131,0.0,0.0,0.0,13738.582306124074
2315,line-43,3645.886040816327,11222.331416839368,0.0,0.0,0.0,20936.20541334596
2316,line-43,3645.886040816327,11222.331416839368,0.0,0.0,6456.661600597741,22000.0
2317,line-43,3645.886040816327,10457.54807656131,0.0,0.0,6811.662035744981,22000.0
2318,line-43,3645.886040816327,8980.100116780903,0.0,0.0,5334.214075964576,22000.0
2319,line-43,7291.772081632654,6890.673174359004,0.0,0.0,0.0,21577.790623922476
2320,line-43,7291.772081632654,4331.658242480367,0.0,0.0,0.0,18461.88131955165
2321,line-43,3645.886040816327,1477.4479597804059,0.0,0.0,0.0,16179.314918461205
2322,line-43,3645.886040816327,0.0,0.0,0.0,0.0,12341.540138654536
2323,line-43,3645.886040816327,0.0,0.0,0.0,0.0,8503.76535884788
2324,line-43,3645.886040816327,0.0,0.0,0.0,0.0,4665.9905790412195
2325,line-43,3645.886040816327,0.0,1303.1949907271705,0.0,0.0,2200.0
2326,line-43,3645.886040816327,0.0,3645.886040816327,0.0,0.0,2200.0
2327,line-43,2734.4145306122496,0.0,2734.4145306122496,0.0,0.0,2200.0
2328,line-43,1822.9430204081634,0.0,1822.9430204081634,0.0,0.0,2200.0
2329,line-43,1822.9430204081634,0.0,1822.9430204081634,0.0,0.0,2200.0
2330,line-43,0.0,0.0,0.0,0.0,0.0,2200.0
2331,line-43,0.0,0.0,0.0,0.0,0.0,2200.0
2332,line-43,0.0,0.0,0.0,0.0,0.0,2200.0
2333,line-43,1822.943020408163,0.0,1822.943020408163,0.0,0.0,2200.0
2334,line-43,3645.886040816327,1483.1628464897865,2162.723194326541,0.0,0.0,2200.0
2335,line-43,7291.772081632654,4348.413442523573,2943.358639109081,0.0,0.0,2200.0
2336,line-43,7291.772081632654,6917.326848542362,374.4452330902908,0.0,0.0,2200.0
2337,line-43,3645.886040816327,9014.835861256106,0.0,0.0,0.0,7300.502329417791
2338,line-43,3645.886040816327,10497.99870774589,0.0,0.0,0.0,13810.00936300088
2339,line-43,3645.886040816327,11265.740291065937,0.0,0.0,0.0,21048.870900738006
2340,line-43,3645.886040816327,11265.740291065937,0.0,0.0,6618.665724710672,22000.0
2341,line-43,3645.886040816327,10497.99870774589,0.0,0.0,6852.112666929564,22000.0
2342,line-43,3645.886040816327,9014.835861256106,0.0,0.0,5368.9498204397805,22000.0
2343,line-43,7291.772081632654,6917.326848542369,0.0,0.0,0.0,21605.847123062853
2344,line-43,7291.772081632654,4348.413442523577,0.0,0.0,0.0,18507.574871369092
2345,line-43,3645.886040816327,1483.1628464897913,0.0,0.0,0.0,16231.024140499048
2346,line-43,3645.886040816327,0.0,0.0,0.0,0.0,12393.249360692393
2347,line-43,3645.886040816327,0.0,0.0,0.0,0.0,8555.47458088573
2348,line-43,3645.886040816327,0.0,0.0,0.0,0.0,4717.699801079069
2349,line-43,3645.886040816327,0.0,1254.0712297912135,0.0,0.0,2200.0
2350,line-43,3645.886040816327,0.0,3645.886040816327,0.0,0.0,2200.0
2351,line-43,2734.4145306122496,0.0,2734.4145306122496,0.0,0.0,2200.0
2352,line-43,1822.9430204081634,0.0,1822.9430204081634,0.0,0.0,2200.0
2353,line-43,1822.9430204081634,0.0,1822.9430204081634,0.0,0.0,2200.0
2354,line-43,0.0,0.0,0.0,0.0,0.0,2200.0
2355,line-43,0.0,0.0,0.0,0.0,0.0,2200.0
2356,line-43,0.0,0.0,0.0,0.0,0.0,2200.0
2357,line-43,1822.943020408163,0.0,1822.943020408163,0.0,0.0,2200.0
2358,line-43,3645.886040816327,1488.8481688816737,2157.037871934654,0.0,0.0,2200.0
2359,line-43,7291.772081632654,4365.081964373669,2926.6901172589864,0.0,0.0,2200.0
2360,line-43,7291.772081632654,6943.842637632619,347.9294440000375,0.0,0.0,2200.0
2361,line-43,3645.886040816327,9049.391910379429,0.0,0.0,0.0,7333.330576084947
2362,line-43,3645.886040816327,10538.240079261102,0.0,0.0,0.0,13881.066912607479
2363,line-43,3645.886040816327,11308.924602006286,0.0,0.0,0.0,21160.95354573794
2364,line-43,3645.886040816327,11308.924602006286,0.0,0.0,6779.831767229894,22000.0
2365,line-43,3645.886040816327,10538.240079261104,0.0,0.0,6892.354038444775,22000.0
2366,line-43,3645.886040816327,9049.391910379429,0.0,0.0,5403.505869563101,22000.0
2367,line-43,7291.772081632654,6943.842637632619,0.0,0.0,0.0,21633.758479999968
2368,line-43,7291.772081632654,4365.0819643736695,0.0,0.0,0.0,18553.032040779977
2369,line-43,3645.886040816327,1488.8481688816785,0.0,0.0,0.0,16282.465859796132
2370,line-43,3645.886040816327,0.0,0.0,0.0,0.0,12444.691079989472
2371,line-43,3645.886040816327,0.0,0.0,0.0,0.0,8606.916300182811
2372,line-43,3645.886040816327,0.0,0.0,0.0,0.0,4769.141520376149
2373,line-43,3645.886040816327,0.0,1205.2015964589843,0.0,0.0,2200.0
2374,line-43,3645.886040816327,0.0,3645.886040816327,0.0,0.0,2200.0
2375,line-43,2734.4145306122496,0.0,2734.4145306122496,0.0,0.0,2200.0
2376,line-43,1822.9430204081634,0.0,1822.9430204081634,0.0,0.0,2200.0
2377,line-43,1822.9430204081634,0.0,1822.9430204081634,0.0,0.0,2200.0
2378,line-43,0.0,0.0,0.0,0.0,0.0,2200.0
2379,line-43,0.0,0.0,0.0,0.0,0.0,2200.0
2380,line-43,0.0,0.0,0.0,0.0,0.0,2200.0
2381,line-43,1822.943020408163,0.0,1822.943020408163,0.0,0.0,2200.0
2382,line-43,3645.886040816327,1494.502242272339,2151.3837985439886,0.0,0.0,2200.0
2383,line-43,7291.772081632654,4381.658868787887,2910.1132128447684,0.0,0.0,2200.0
2384,line-43,7291.772081632654,6970.212684429191,321.55939720346373,0.0,0.0,2200.0
2385,line-43,3645.886040816327,9083.758024447729,0.0,0.0,0.0,7365.978384449834
2386,line-43,3645.886040816327,10578.260266720074,0.0,0.0,0.0,13951.733899058385
2387,line-43,3645.886040816327,11351.871553217074,0.0,0.0,0.0,21272.42013583909
2388,line-43,3645.886040816327,11351.871553217074,0.0,0.0,6940.111971178743,22000.0
2389,line-43,3645.886040816327,10578.260266720074,0.0,0.0,6932.374225903746,22000.0
2390,line-43,3645.886040816327,9083.758024447729,0.0,0.0,5437.871983631404,22000.0
2391,line-43,7291.772081632654,6970.212684429191,0.0,0.0,0.0,21661.516423996356
2392,line-43,7291.772081632654,4381.6588687878875,0.0,0.0,0.0,18598.239357843966
2393,line-43,3645.886040816327,1494.5022422723434,0.0,0.0,0.0,16333.624833060825
2394,line-43,3645.886040816327,0.0,0.0,0.0,0.0,12495.85005325417
2395,line-43,3645.886040816327,0.0,0.0,0.0,0.0,8658.075273447506
2396,line-43,3645.886040816327,0.0,0.0,0.0,0.0,4820.300493640846
2397,line-43,3645.886040816327,0.0,1156.6005718575252,0.0,0.0,2200.0
2398,line-43,3645.886040816327,0.0,3645.886040816327,0.0,0.0,2200.0
2399,line-43,2734.4145306122496,0.0,2734.4145306122496,0.0,0.0,2200.0
2400,line-43,1822.9430204081634,0.0,1822.9430204081634,0.0,0.0,2200.0
2401,line-43,1822.9430204081634,0.0,1822.9430204081634,0.0,0.0,2200.0
2402,line-43,0.0,0.0,0.0,0.0,0.0,2200.0
2403,line-43,0.0,0.0,0.0,0.0,0.0,2200.0
2404,line-43,0.0,0.0,0.0,0.0,0.0,2200.0
2405,line-43,1822.943020408163,0.0,1822.943020408163,0.0,0.0,2200.0
2406,line-43,3645.886040816327,1500.1233912378104,2145.762649578516,0.0,0.0,2200.0
2407,line-43,7291.772081632654,4398.139243671695,2893.6328379609595,0.0,0.0,2200.0
2408,line-43,7291.772081632654,6996.429174918109,295.34290671454437,0.0,0.0,2200.0
2409,line-43,3645.886040816327,9117.924020039745,0.0,0.0,0.0,7398.436080262243
2410,line-43,3645.886040816327,10618.047411277556,0.0,0.0,0.0,14021.989382200412
2411,line-43,3645.886040816327,11394.568418589803,0.0,0.0,0.0,21383.237641085212
2412,line-43,3645.886040816327,11394.568418589803,0.0,0.0,7099.4588420737,22000.0
2413,line-43,3645.886040816327,10618.047411277556,0.0,0.0,6972.161370461228,22000.0
2414,line-43,3645.886040816327,9117.924020039745,0.0,0.0,5472.037979223415,22000.0
2415,line-43,7291.772081632654,6996.42917491811,0.0,0.0,0.0,21689.112729774166
2416,line-43,7291.772081632654,4398.139243671697,0.0,0.0,0.0,18643.18342665737
2417,line-43,3645.886040816327,1500.1233912378154,0.0,0.0,0.0,16384.485900785246
2418,line-43,3645.886040816327,0.0,0.0,0.0,0.0,12546.71112097859
2419,line-43,3645.886040816327,0.0,0.0,0.0,0.0,8708.936341171928
2420,line-43,3645.886040816327,0.0,0.0,0.0,0.0,4871.1615613652675
2421,line-43,3645.886040816327,0.0,1108.282557519325,0.0,0.0,2200.0
2422,line-43,3645.886040816327,0.0,3645.886040816327,0.0,0.0,2200.0
2423,line-43,2734.4145306122496,0.0,2734.4145306122496,0.0,0.0,2200.0
2424,line-43,1822.9430204081634,0.0,1822.9430204081634,0.0,0.0,2200.0
2425,line-43,1822.9430204081634,0.0,1822.9430204081634,0.0,0.0,2200.0
2426,line-43,0.0,0.0,0.0,0.0,0.0,2200.0
2427,line-43,0.0,0.0,0.0,0.0,0.0,2200.0
2428,line-43,0.0,0.0,0.0,0.0,0.0,2200.0
2429,line-43,1822.943020408163,0.0,1822.943020408163,0.0,0.0,2200.0
2430,line-43,3645.886040816327,1505.7099501103382,2140.1760907059893,0.0,0.0,2200.0
2431,line-43,7291.772081632654,4414.518205534339,2877.253876098316,0.0,0.0,2200.0
2432,line-43,7291.772081632654,7022.484340587446,269.28774104521005,0.0,0.0,2200.0
2433,line-43,3645.886040816327,9151.879773033601,0.0,0.0,0.0,7430.694045606409
2434,line-43,3645.886040816327,10657.58972314394,0.0,0.0,0.0,14091.81254381764
2435,line-43,3645.886040816327,11437.002546121785,0.0,0.0,0.0,21493.373223857823
2436,line-43,3645.886040816327,11437.002546121785,0.0,0.0,7257.825161997903,22000.0
2437,line-43,3645.886040816327,10657.58972314394,0.0,0.0,7011.703682327611,22000.0
2438,line-43,3645.886040816327,9151.879773033601,0.0,0.0,5505.993732217274,22000.0
2439,line-43,7291.772081632654,7022.484340587447,0.0,0.0,0.0,21716.539219952418
2440,line-43,7291.772081632654,4414.51820553434,0.0,0.0,0.0,18687.85092932261
2441,line-43,3645.886040816327,1505.709950110343,0.0,0.0,0.0,16435.033991737364
2442,line-43,3645.886040816327,0.0,0.0,0.0,0.0,12597.259211930697
2443,line-43,3645.886040816327,0.0,0.0,0.0,0.0,8759.48443212404
2444,line-43,3645.886040816327,0.0,0.0,0.0,0.0,4921.709652317377
2445,line-43,3645.886040816327,0.0,1060.2618711148177,0.0,0.0,2200.0
2446,line-43,3645.886040816327,0.0,3645.886040816327,0.0,0.0,2200.0
2447,line-43,2734.4145306122496,0.0,2734.4145306122496,0.0,0.0,2200.0
2448,line-43,1822.9430204081634,0.0,1822.9430204081634,0.0,0.0,2200.0
2449,line-43,1822.9430204081634,0.0,1822.9430204081634,0.0,0.0,2200.0
2450,line-43,0.0,0.0,0.0,0.0,0.0,2200.0
2451,line-43,0.0,0.0,0.0,0.0,0.0,2200.0
2452,line-43,0.0,0.0,0.0,0.0,0.0,2200.0
2453,line-43,1822.943020408163,0.0,1822.943020408163,0.0,0.0,2200.0
2454,line-43,3645.886040816327,1511.2602634719583,2134.625777344369,0.0,0.0,2200.0
2455,line-43,7291.772081632654,4430.790900935932,2860.9811806967236,0.0,0.0,2200.0
2456,line-43,7291.772081632654,7048.370460729291,243.4016209033639,0.0,0.0,2200.0
2457,line-43,3645.886040816327,9185.615221606871,0.0,0.0,0.0,7462.7427217510185
2458,line-43,3645.886040816327,10696.875485078826,0.0,0.0,0.0,14161.182693800392
2459,line-43,3645.886040816327,11479.161361665221,0.0,0.0,0.0,21602.794248606842
2460,line-43,3645.886040816327,11479.161361665221,0.0,0.0,7415.16400359294,22000.0
2461,line-43,3645.886040816327,10696.87548507883,0.0,0.0,7050.989444262503,22000.0
2462,line-43,3645.886040816327,9185.615221606871,0.0,0.0,5539.729180790544,22000.0
2463,line-43,7291.772081632654,7048.370460729292,0.0,0.0,0.0,21743.787767470145
2464,line-43,7291.772081632654,4430.790900935932,0.0,0.0,0.0,18732.228629894646
2465,line-43,3645.886040816327,1511.2602634719633,0.0,0.0,0.0,16485.25412742689
2466,line-43,3645.886040816327,0.0,0.0,0.0,0.0,12647.479347620232
2467,line-43,3645.886040816327,0.0,0.0,0.0,0.0,8809.704567813571
2468,line-43,3645.886040816327,0.0,0.0,0.0,0.0,4971.929788006909
2469,line-43,3645.886040816327,0.0,1012.5527422097626,0.0,0.0,2200.0
2470,line-43,3645.886040816327,0.0,3645.886040816327,0.0,0.0,2200.0
2471,line-43,2734.4145306122496,0.0,2734.4145306122496,0.0,0.0,2200.0
2472,line-43,1822.9430204081634,0.0,1822.9430204081634,0.0,0.0,2200.0
2473,line-43,1822.9430204081634,0.0,1822.9430204081634,0.0,0.0,2200.0
2474,line-43,0.0,0.0,0.0,0.0,0.0,2200.0
2475,line-43,0.0,0.0,0.0,0.0,0.0,2200.0
2476,line-43,0.0,0.0,0.0,0.0,0.0,2200.0
2477,line-43,1822.943020408163,0.0,1822.943020408163,0.0,0.0,2200.0
2478,line-43,3645.886040816327,1516.7726866450362,2129.1133541712916,0.0,0.0,2200.0
2479,line-43,7291.772081632654,4446.95250792563,2844.8195737070255,0.0,0.0,2200.0
2480,line-43,7291.772081632654,7074.079864727581,217.69221690507447,0.0,0.0,2200.0
2481,line-43,3645.886040816327,9219.120369218064,0.0,0.0,0.0,7494.572611981651
2482,line-43,3645.886040816327,10735.893055863102,0.0,0.0,0.0,14230.079276276087
2483,line-43,3645.886040816327,11521.032372653211,0.0,0.0,0.0,21711.468291521123
2484,line-43,3645.886040816327,11521.032372653211,0.0,0.0,7571.42874396438,22000.0
2485,line-43,3645.886040816327,10735.893055863105,0.0,0.0,7090.007015046778,22000.0
2486,line-43,3645.886040816327,9219.120369218064,0.0,0.0,5573.234328401738,22000.0
2487,line-43,7291.772081632654,7074.0798647275815,0.0,0.0,0.0,21770.850297994664
2488,line-43,7291.772081632654,4446.952507925631,0.0,0.0,0.0,18776.303378303055
2489,line-43,3645.886040816327,1516.772686645041,0.0,0.0,0.0,16535.13142654381
2490,line-43,3645.886040816327,0.0,0.0,0.0,0.0,12697.356646737151
2491,line-43,3645.886040816327,0.0,0.0,0.0,0.0,8859.581866930488
2492,line-43,3645.886040816327,0.0,0.0,0.0,0.0,5021.807087123828
2493,line-43,3645.886040816327,0.0,965.1693080486924,0.0,0.0,2200.0
2494,line-43,3645.886040816327,0.0,3645.886040816327,0.0,0.0,2200.0
2495,line-43,2734.4145306122496,0.0,2734.4145306122496,0.0,0.0,2200.0
2496,line-43,1822.9430204081634,0.0,1822.9430204081634,0.0,0.0,2200.0
2497,line-43,1822.9430204081634,0.0,1822.9430204081634,0.0,0.0,2200.0
2498,line-43,0.0,0.0,0.0,0.0,0.0,2200.0
2499,line-43,0.0,0.0,0.0,0.0,0.0,2200.0
2500,line-43,0.0,0.0,0.0,0.0,0.0,2200.0
2501,line-43,1822.943020408163,0.0,1822.943020408163,0.0,0.0,2200.0
2502,line-43,3645.886040816327,1522.2455861796186,2123.6404546367094,0.0,0.0,2200.0
2503,line-43,7291.772081632654,4462.998237470489,2828.773844162167,0.0,0.0,2200.0
2504,line-43,7291.772081632654,7099.604934331055,192.167147301598,0.0,0.0,2200.0
2505,line-43,3645.886040816327,9252.385287568854,0.0,0.0,0.0,7526.1742844148985
2506,line-43,3645.886040816327,10774.630873748472,0.0,0.0,0.0,14298.481875700432
2507,line-43,3645.886040816327,11562.603171801544,0.0,0.0,0.0,21819.36315013639
2508,line-43,3645.886040816327,11562.603171801544,0.0,0.0,7726.5730784972075,22000.0
2509,line-43,3645.886040816327,10774.630873748472,0.0,0.0,7128.744832932144,22000.0
2510,line-43,3645.886040816327,9252.385287568854,0.0,0.0,5606.499246752526,22000.0
2511,line-43,7291.772081632654,7099.604934331057,0.0,0.0,0.0,21797.718792314106
2512,line-43,7291.772081632654,4462.998237470489,0.0,0.0,0.0,18820.062114248674
2513,line-43,3645.886040816327,1522.2455861796236,0.0,0.0,0.0,16584.651109367926
2514,line-43,3645.886040816327,0.0,0.0,0.0,0.0,12746.87632956127
2515,line-43,3645.886040816327,0.0,0.0,0.0,0.0,8909.101549754609
2516,line-43,3645.886040816327,0.0,0.0,0.0,0.0,5071.326769947947
2517,line-43,3645.886040816327,0.0,918.125609365777,0.0,0.0,2200.0
2518,line-43,3645.886040816327,0.0,3645.886040816327,0.0,0.0,2200.0
2519,line-43,2734.4145306122496,0.0,2734.4145306122496,0.0,0.0,2200.0
2520,line-43,1822.9430204081634,0.0,1822.9430204081634,0.0,0.0,2200.0
2521,line-43,1822.9430204081634,0.0,1822.9430204081634,0.0,0.0,2200.0
2522,line-43,0.0,0.0,0.0,0.0,0.0,2200.0
2523,line-43,0.0,0.0,0.0,0.0,0.0,2200.0
2524,line-43,0.0,0.0,0.0,0.0,0.0,2200.0
2525,line-43,1822.943020408163,0.0,1822.943020408163,0.0,0.0,2200.0
2526,line-43,3645.886040816327,1527.677340337458,2118.2087004788696,0.0,0.0,2200.0
2527,line-43,7291.772081632654,4478.923334874549,2812.848746758106,0.0,0.0,2200.0
2528,line-43,7291.772081632654,7124.938105910719,166.83397572193724,0.0,0.0,2200.0
2529,line-43,3645.886040816327,9285.400119546006,0.0,0.0,0.0,7557.538374793195
2530,line-43,3645.886040816327,10813.077459883467,0.0,0.0,0.0,14366.37022290698
2531,line-43,3645.886040816327,11603.86144078526,0.0,0.0,0.0,21926.446852877467
2532,line-43,3645.886040816327,11603.86144078526,0.0,0.0,7880.551034576794,22000.0
2533,line-43,3645.886040816327,10813.07745988347,0.0,0.0,7167.191419067143,22000.0
2534,line-43,3645.886040816327,9285.400119546006,0.0,0.0,5639.51407872968,22000.0
2535,line-43,7291.772081632654,7124.93810591072,0.0,0.0,0.0,21824.38528871375
2536,line-43,7291.772081632654,4478.923334874549,0.0,0.0,0.0,18863.491871073642
2537,line-43,3645.886040816327,1527.677340337463,0.0,0.0,0.0,16633.798502148522
2538,line-43,3645.886040816327,0.0,0.0,0.0,0.0,12796.023722341855
2539,line-43,3645.886040816327,0.0,0.0,0.0,0.0,8958.248942535198
2540,line-43,3645.886040816327,0.0,0.0,0.0,0.0,5120.474162728535
2541,line-43,3645.886040816327,0.0,871.4355862242178,0.0,0.0,2200.0
2542,line-43,3645.886040816327,0.0,3645.886040816327,0.0,0.0,2200.0
2543,line-43,2734.4145306122496,0.0,2734.4145306122496,0.0,0.0,2200.0
2544,line-43,1822.9430204081634,0.0,1822.9430204081634,0.0,0.0,2200.0
2545,line-43,1822.9430204081634,0.0,1822.9430204081634,0.0,0.0,2200.0
2546,line-43,0.0,0.0,0.0,0.0,0.0,2200.0
2547,line-43,0.0,0.0,0.0,0.0,0.0,2200.0
2548,line-43,0.0,0.0,0.0,0.0,0.0,2200.0
2549,line-43,1822.943020408163,0.0,1822.943020408163,0.0,0.0,2200.0
2550,line-43,3645.886040816327,1533.0663395725712,2112.8197012437568,0.0,0.0,2200.0
2551,line-43,7291.772081632654,4494.723081187758,2797.0490004448975,0.0,0.0,2200.0
2552,line-43,7291.772081632654,7150.071872701092,141.70020893156402,0.0,0.0,2200.0
2553,line-43,3645.886040816327,9318.155082142302,0.0,0.0,0.0,7588.655589259671
2554,line-43,3645.886040816327,10851.221421714868,0.0,0.0,0.0,14433.724201113284
2555,line-43,3645.886040816327,11644.794953888848,0.0,0.0,34.408072139137175,22000.0
2556,line-43,3645.886040816327,11644.794953888848,0.0,0.0,7998.9089130725215,22000.0
2557,line-43,3645.886040816327,10851.22142171487,0.0,0.0,7205.335380898541,22000.0
2558,line-43,3645.886040816327,9318.155082142302,0.0,0.0,5672.26904132597,22000.0
2559,line-43,7291.772081632654,7150.0718727010935,0.0,0.0,0.0,21850.841885335198
2560,line-43,7291.772081632654,4494.723081187758,0.0,0.0,0.0,18906.579779603733
2561,line-43,3645.886040816327,1533.0663395725758,0.0,0.0,0.0,16682.55904145241
2562,line-43,3645.886040816327,0.0,0.0,0.0,0.0,12844.784261645751
2563,line-43,3645.886040816327,0.0,0.0,0.0,0.0,9007.00948183909
2564,line-43,3645.886040816327,0.0,0.0,0.0,0.0,5169.234702032428
2565,line-43,3645.886040816327,0.0,825.1130738855195,0.0,0.0,2200.0
2566,line-43,3645.886040816327,0.0,3645.886040816327,0.0,0.0,2200.0
2567,line-43,2734.4145306122496,0.0,2734.4145306122496,0.0,0.0,2200.0
2568,line-43,1822.9430204081634,0.0,1822.9430204081634,0.0,0.0,2200.0
2569,line-43,1822.9430204081634,0.0,1822.9430204081634,0.0,0.0,2200.0
2570,line-43,0.0,0.0,0.0,0.0,0.0,2200.0
2571,line-43,0.0,0.0,0.0,0.0,0.0,2200.0
2572,line-43,0.0,0.0,0.0,0.0,0.0,2200.0
2573,line-43,1822.943020408163,0.0,1822.943020408163,0.0,0.0,2200.0
2574,line-43,3645.886040816327,1538.41098700818,2107.4750538081475,0.0,0.0,2200.0
2575,line-43,7291.772081632654,4510.392794604295,2781.37928702836,0.0,0.0,2200.0
2576,line-43,7291.772081632654,7174.998787024648,116.77329460800661,0.0,0.0,2200.0
2577,line-43,3645.886040816327,9350.640469355394,0.0,0.0,0.0,7619.516707112113
2578,line-43,3645.886040816327,10889.051456363575,0.0,0.0,0.0,14500.523851881993
2579,line-43,3645.886040816327,11685.391581628943,0.0,0.0,145.32012174103158,22000.0
2580,line-43,3645.886040816327,11685.391581628943,0.0,0.0,8039.505540812616,22000.0
2581,line-43,3645.886040816327,10889.051456363575,0.0,0.0,7243.165415547248,22000.0
2582,line-43,3645.886040816327,9350.640469355394,0.0,0.0,5704.754428539066,22000.0
2583,line-43,7291.772081632654,7174.998787024648,0.0,0.0,0.0,21877.08074251789
2584,line-43,7291.772081632654,4510.392794604297,0.0,0.0,0.0,18949.313071961726
2585,line-43,3645.886040816327,1538.4109870081847,0.0,0.0,0.0,16730.918278479465
2586,line-43,3645.886040816327,0.0,0.0,0.0,0.0,12893.143498672809
2587,line-43,3645.886040816327,0.0,0.0,0.0,0.0,9055.368718866146
2588,line-43,3645.886040816327,0.0,0.0,0.0,0.0,5217.593939059483
2589,line-43,3645.886040816327,0.0,779.1717987098172,0.0,0.0,2200.0
2590,line-43,3645.886040816327,0.0,3645.886040816327,0.0,0.0,2200.0
2591,line-43,2734.4145306122496,0.0,2734.4145306122496,0.0,0.0,2200.0
2592,line-43,1822.9430204081634,0.0,1822.9430204081634,0.0,0.0,2200.0
2593,line-43,1822.9430204081634,0.0,1822.9430204081634,0.0,0.0,2200.0
2594,line-43,0.0,0.0,0.0,0.0,0.0,2200.0
2595,line-43,0.0,0.0,0.0,0.0,0.0,2200.0
2596,line-43,0.0,0.0,0.0,0.0,0.0,2200.0
2597,line-43,1822.943020408163,0.0,1822.943020408163,0.0,0.0,2200.0
2598,line-43,3645.886040816327,1543.7096989099025,2102.176341906425,0.0,0.0,2200.0
2599,line-43,7291.772081632654,4525.927831849898,2765.8442497827573,0.0,0.0,2200.0
2600,line-43,7291.772081632654,7199.711462498701,92.06061913395365,0.0,0.0,2200.0
2601,line-43,3645.886040816327,9382.846655063973,0.0,0.0,0.0,7650.112583535262
2602,line-43,3645.886040816327,10926.556353973876,0.0,0.0,0.0,14566.749381034933
2603,line-43,3645.886040816327,11725.639294348597,0.0,0.0,255.27891777956563,22000.0
2604,line-43,3645.886040816327,11725.639294348597,0.0,0.0,8079.75325353227,22000.0
2605,line-43,3645.886040816327,10926.556353973878,0.0,0.0,7280.670313157549,22000.0
2606,line-43,3645.886040816327,9382.846655063973,0.0,0.0,5736.960614247645,22000.0
2607,line-43,7291.772081632654,7199.711462498701,0.0,0.0,0.0,21903.094085122153
2608,line-43,7291.772081632654,4525.927831849898,0.0,0.0,0.0,18991.67908535083
2609,line-43,3645.886040816327,1543.7096989099075,0.0,0.0,0.0,16778.86188334407
2610,line-43,3645.886040816327,0.0,0.0,0.0,0.0,12941.087103537415
2611,line-43,3645.886040816327,0.0,0.0,0.0,0.0,9103.312323730752
2612,line-43,3645.886040816327,0.0,0.0,0.0,0.0,5265.537543924092
2613,line-43,3645.886040816327,0.0,733.6253740884422,0.0,0.0,2200.0
2614,line-43,3645.886040816327,0.0,3645.886040816327,0.0,0.0,2200.0
2615,line-43,2734.4145306122496,0.0,2734.4145306122496,0.0,0.0,2200.0
2616,line-43,1822.9430204081634,0.0,1822.9430204081634,0.0,0.0,2200.0
2617,line-43,1822.9430204081634,0.0,1822.9430204081634,0.0,0.0,2200.0
2618,line-43,0.0,0.0,0.0,0.0,0.0,2200.0
2619,line-43,0.0,0.0,0.0,0.0,0.0,2200.0
2620,line-43,0.0,0.0,0.0,0.0,0.0,2200.0
2621,line-43,1822.943020408163,0.0,1822.943020408163,0.0,0.0,2200.0
2622,line-43,3645.886040816327,1548.9609051550476,2096.9251356612804,0.0,0.0,2200.0
2623,line-43,7291.772081632654,4541.323589557754,2750.448492074902,0.0,0.0,2200.0
2624,line-43,7291.772081632654,7224.20257622417,67.56950540848493,0.0,0.0,2200.0
2625,line-43,3645.886040816327,9414.764095880146,0.0,0.0,0.0,7680.434152310625
2626,line-43,3645.886040816327,10963.72500103519,0.0,0.0,0.0,14632.381164518541
2627,line-43,3645.886040816327,11765.526165781921,0.0,0.0,364.25187709037834,22000.0
2628,line-43,3645.886040816327,11765.526165781921,0.0,0.0,8119.640124965594,22000.0
2629,line-43,3645.886040816327,10963.725001035195,0.0,0.0,7317.838960218867,22000.0
2630,line-43,3645.886040816327,9414.764095880146,0.0,0.0,5768.878055063817,22000.0
2631,line-43,7291.772081632654,7224.202576224172,0.0,0.0,0.0,21928.874204833177
2632,line-43,7291.772081632654,4541.323589557754,0.0,0.0,0.0,19033.66526580696
2633,line-43,3645.886040816327,1548.9609051550526,0.0,0.0,0.0,16826.375649321413
2634,line-43,3645.886040816327,0.0,0.0,0.0,0.0,12988.600869514747
2635,line-43,3645.886040816327,0.0,0.0,0.0,0.0,9150.82608970809
2636,line-43,3645.886040816327,0.0,0.0,0.0,0.0,5313.05130990143
2637,line-43,3645.886040816327,0.0,688.4872964099709,0.0,0.0,2200.0
2638,line-43,3645.886040816327,0.0,3645.886040816327,0.0,0.0,2200.0
2639,line-43,2734.4145306122496,0.0,2734.4145306122496,0.0,0.0,2200.0
2640,line-43,1822.9430204081634,0.0,1822.9430204081634,0.0,0.0,2200.0
2641,line-43,1822.9430204081634,0.0,1822.9430204081634,0.0,0.0,2200.0
2642,line-43,0.0,0.0,0.0,0.0,0.0,2200.0
2643,line-43,0.0,0.0,0.0,0.0,0.0,2200.0
2644,line-43,0.0,0.0,0.0,0.0,0.0,2200.0
2645,line-43,1822.943020408163,0.0,1822.943020408163,0.0,0.0,2200.0
2646,line-43,3645.886040816327,1554.1630496978732,2091.7229911184545,0.0,0.0,2200.0
2647,line-43,7291.772081632654,4556.575505632586,2735.196576000069,0.0,0.0,2200.0
2648,line-43,7291.772081632654,7248.464870955496,43.30721067716047,0.0,0.0,2200.0
2649,line-43,3645.886040816327,9446.383333977357,0.0,0.0,0.0,7710.472428502977
2650,line-43,3645.886040816327,11000.54638367523,0.0,0.0,0.0,14697.39975421893
2651,line-43,3645.886040816327,11805.040376588082,0.0,0.0,472.20670863378473,22000.0
2652,line-43,3645.886040816327,11805.040376588082,0.0,0.0,8159.154335771749,22000.0
2653,line-43,3645.886040816327,11000.546383675233,0.0,0.0,7354.660342858901,22000.0
2654,line-43,3645.886040816327,9446.383333977357,0.0,0.0,5800.49729316103,22000.0
2655,line-43,7291.772081632654,7248.464870955497,0.0,0.0,0.0,21954.413462445104
2656,line-43,7291.772081632654,4556.575505632586,0.0,0.0,0.0,19075.25917191871
2657,line-43,3645.886040816327,1554.1630496978769,0.0,0.0,0.0,16873.44549705718
2658,line-43,3645.886040816327,0.0,0.0,0.0,0.0,13035.670717250523
2659,line-43,3645.886040816327,0.0,0.0,0.0,0.0,9197.895937443864
2660,line-43,3645.886040816327,0.0,0.0,0.0,0.0,5360.1211576372
2661,line-43,3645.886040816327,0.0,643.7709410609866,0.0,0.0,2200.0
2662,line-43,3645.886040816327,0.0,3645.886040816327,0.0,0.0,2200.0
2663,line-43,2734.4145306122496,0.0,2734.4145306122496,0.0,0.0,2200.0
2664,line-43,1822.9430204081634,0.0,1822.9430204081634,0.0,0.0,2200.0
2665,line-43,1822.9430204081634,0.0,1822.9430204081634,0.0,0.0,2200.0
2666,line-43,0.0,0.0,0.0,0.0,0.0,2200.0
2667,line-43,0.0,0.0,0.0,0.0,0.0,2200.0
2668,line-43,0.0,0.0,0.0,0.0,0.0,2200.0
2669,line-43,1822.943020408163,0.0,1822.943020408163,0.0,0.0,2200.0
2670,line-43,3645.886040816327,1559.3145910306794,2086.571449785648,0.0,0.0,2200.0
2671,line-43,7291.772081632654,4571.679060602501,2720.0930210301553,0.0,0.0,2200.0
2672,line-43,7291.772081632654,7272.491157251123,19.280924381533282,0.0,0.0,2200.0
2673,line-43,3645.886040816327,9477.694999892967,0.0,0.0,0.0,7740.2185111228055
2674,line-43,3645.886040816327,11037.009590923646,0.0,0.0,0.0,14761.78588372476
2675,line-43,3645.886040816327,11844.170217853622,0.0,0.0,579.1114230633565,22000.0
2676,line-43,3645.886040816327,11844.170217853622,0.0,0.0,8198.284177037294,22000.0
2677,line-43,3645.886040816327,11037.009590923646,0.0,0.0,7391.12355010732,22000.0
2678,line-43,3645.886040816327,9477.694999892967,0.0,0.0,5831.808959076641,22000.0
2679,line-43,7291.772081632654,7272.4911572511255,0.0,0.0,0.0,21979.704290124704
2680,line-43,7291.772081632654,4571.6790606025015,0.0,0.0,0.0,19116.448478514016
2681,line-43,3645.886040816327,1559.3145910306844,0.0,0.0,0.0,16920.057478739654
2682,line-43,3645.886040816327,0.0,0.0,0.0,0.0,13082.282698932995
2683,line-43,3645.886040816327,0.0,0.0,0.0,0.0,9244.507919126336
2684,line-43,3645.886040816327,0.0,0.0,0.0,0.0,5406.733139319672
2685,line-43,3645.886040816327,0.0,599.4895584626379,0.0,0.0,2200.0
2686,line-43,3645.886040816327,0.0,3645.886040816327,0.0,0.0,2200.0
2687,line-43,2734.4145306122496,0.0,2734.4145306122496,0.0,0.0,2200.0
2688,line-43,1822.9430204081634,0.0,1822.9430204081634,0.0,0.0,2200.0
2689,line-43,1822.9430204081634,0.0,1822.9430204081634,0.0,0.0,2200.0
2690,line-43,0.0,0.0,0.0,0.0,0.0,2200.0
2691,line-43,0.0,0.0,0.0,0.0,0.0,2200.0
2692,line-43,0.0,0.0,0.0,0.0,0.0,2200.0
2693,line-43,1822.943020408163,0.0,1822.943020408163,0.0,0.0,2200.0
2694,line-43,3645.886040816327,1564.4140026405917,2081.472038175736,0.0,0.0,2200.0
2695,line-43,7291.772081632654,4586.629778958197,2705.142302674457,0.0,0.0,2200.0
2696,line-43,7291.772081632654,7296.274315603892,0.0,0.0,0.0,2204.2771222726774
2697,line-43,3645.886040816327,9508.689815304595,0.0,0.0,0.0,7773.9407080365345
2698,line-43,3645.886040816327,11073.103817945192,0.0,0.0,0.0,14829.797596308952
2699,line-43,3645.886040816327,11882.904094562093,0.0,0.0,689.4365761762432,22000.0
2700,line-43,3645.886040816327,11882.904094562093,0.0,0.0,8237.018053745765,22000.0
2701,line-43,3645.886040816327,11073.103817945192,0.0,0.0,7427.217777128864,22000.0
2702,line-43,3645.886040816327,9508.689815304595,0.0,0.0,5862.803774488269,22000.0
2703,line-43,7291.772081632654,7296.274315603898,0.0,0.0,4.5022339712414805,22000.0
2704,line-43,7291.772081632654,4586.629778958197,0.0,0.0,0.0,19152.481786658464
2705,line-43,3645.886040816327,1564.4140026405967,0.0,0.0,0.0,16961.458588578753
2706,line-43,3645.886040816327,0.0,0.0,0.0,0.0,13123.683808772088
2707,line-43,3645.886040816327,0.0,0.0,0.0,0.0,9285.909028965429
2708,line-43,3645.886040816327,0.0,0.0,0.0,0.0,5448.134249158765
2709,line-43,3645.886040816327,0.0,560.1585041154996,0.0,0.0,2200.0
2710,line-43,3645.886040816327,0.0,3645.886040816327,0.0,0.0,2200.0
2711,line-43,2734.4145306122496,0.0,2734.4145306122496,0.0,0.0,2200.0
2712,line-43,1822.9430204081634,0.0,1822.9430204081634,0.0,0.0,2200.0
2713,line-43,1822.9430204081634,0.0,1822.9430204081634,0.0,0.0,2200.0
2714,line-43,0.0,0.0,0.0,0.0,0.0,2200.0
2715,line-43,0.0,0.0,0.0,0.0,0.0,2200.0
2716,line-43,0.0,0.0,0.0,0.0,0.0,2200.0
2717,line-43,1822.943020408163,0.0,1822.943020408163,0.0,0.0,2200.0
2718,line-43,3645.886040816327,1569.4597734618958,2076.4262673544317,0.0,0.0,2200.0
2719,line-43,7291.772081632654,4601.423230479167,2690.3488511534874,0.0,0.0,2200.0
2720,line-43,7291.772081632654,7319.807298550709,0.0,0.0,0.0,2226.6334560721525
2721,line-43,3645.886040816327,9539.358595779528,0.0,0.0,0.0,7825.43238328719
2722,line-43,3645.886040816327,11108.818369241422,0.0,0.0,0.0,14915.218095291033
2723,line-43,3645.886040816327,11921.23052902988,0.0,0.0,817.6793253620032,22000.0
2724,line-43,3645.886040816327,11921.23052902988,0.0,0.0,8275.344488213546,22000.0
2725,line-43,3645.886040816327,11108.818369241428,0.0,0.0,7462.932328425099,22000.0
2726,line-43,3645.886040816327,9539.358595779528,0.0,0.0,5893.4725549632,22000.0
2727,line-43,7291.772081632654,7319.807298550711,0.0,0.0,28.035216918056904,22000.0
2728,line-43,7291.772081632654,4601.423230479168,0.0,0.0,0.0,19168.053840891065
2729,line-43,3645.886040816327,1569.4597734619008,0.0,0.0,0.0,16982.34198051798
2730,line-43,3645.886040816327,0.0,0.0,0.0,0.0,13144.567200711324
2731,line-43,3645.886040816327,0.0,0.0,0.0,0.0,9306.792420904665
2732,line-43,3645.886040816327,0.0,0.0,0.0,0.0,5469.017641098001
2733,line-43,3645.886040816327,0.0,540.3192817732249,0.0,0.0,2200.0
2734,line-43,3645.886040816327,0.0,3645.886040816327,0.0,0.0,2200.0
2735,line-43,2734.4145306122496,0.0,2734.4145306122496,0.0,0.0,2200.0
2736,line-43,1822.9430204081634,0.0,1822.9430204081634,0.0,0.0,2200.0
2737,line-43,1822.9430204081634,0.0,1822.9430204081634,0.0,0.0,2200.0
2738,line-43,0.0,0.0,0.0,0.0,0.0,2200.0
2739,line-43,0.0,0.0,0.0,0.0,0.0,2200.0
2740,line-43,0.0,0.0,0.0,0.0,0.0,2200.0
2741,line-43,1822.943020408163,0.0,1822.943020408163,0.0,0.0,2200.0
2742,line-43,3645.886040816327,1574.4504083237985,2071.4356324925293,0.0,0.0,2200.0
2743,line-43,7291.772081632654,4616.055031546452,2675.717050086202,0.0,0.0,2200.0
2744,line-43,7291.772081632654,7343.083132760832,0.0,0.0,0.0,2248.74549857177
2745,line-43,3645.886040816327,9569.692253496205,0.0,0.0,0.0,7876.361400617658
2746,line-43,3645.886040816327,11144.142661820008,0.0,0.0,0.0,14999.705190571149
2747,line-43,3645.886040816327,11959.138164307284,0.0,0.0,944.5207451447993,22000.0
2748,line-43,3645.886040816327,11959.138164307284,0.0,0.0,8313.252123490956,22000.0
2749,line-43,3645.886040816327,11144.142661820008,0.0,0.0,7498.256621003679,22000.0
2750,line-43,3645.886040816327,9569.692253496205,0.0,0.0,5923.806212679879,22000.0
2751,line-43,7291.772081632654,7343.083132760838,0.0,0.0,51.311051128182726,22000.0
2752,line-43,7291.772081632654,4616.055031546452,0.0,0.0,0.0,19183.455736751366
2753,line-43,3645.886040816327,1574.4504083238035,0.0,0.0,0.0,17002.997176232915
2754,line-43,3645.886040816327,0.0,0.0,0.0,0.0,13165.22239642626
2755,line-43,3645.886040816327,0.0,0.0,0.0,0.0,9327.4476166196
2756,line-43,3645.886040816327,0.0,0.0,0.0,0.0,5489.672836812936
2757,line-43,3645.886040816327,0.0,520.6968458440367,0.0,0.0,2200.0
2758,line-43,3645.886040816327,0.0,3645.886040816327,0.0,0.0,2200.0
2759,line-43,2734.4145306122496,0.0,2734.4145306122496,0.0,0.0,2200.0
2760,line-43,1822.9430204081634,0.0,1822.9430204081634,0.0,0.0,2200.0
2761,line-43,1822.9430204081634,0.0,1822.9430204081634,0.0,0.0,2200.0
2762,line-43,0.0,0.0,0.0,0.0,0.0,2200.0
2763,line-43,0.0,0.0,0.0,0.0,0.0,2200.0
2764,line-43,0.0,0.0,0.0,0.0,0.0,2200.0
2765,line-43,1822.943020408163,0.0,1822.943020408163,0.0,0.0,2200.0
2766,line-43,3645.886040816327,1579.3844283934843,2066.5016124228423,0.0,0.0,2200.0
2767,line-43,7291.772081632654,4630.5208464416155,2661.2512351910386,0.0,0.0,2200.0
2768,line-43,7291.772081632654,7366.09492110226,0.0,0.0,0.0,2270.6066974961254
2769,line-43,3645.886040816327,9599.681799937207,0.0,0.0,0.0,7926.712668660963
2770,line-43,3645.886040816327,11179.066228330692,0.0,0.0,0.0,15083.23384679961
2771,line-43,3645.886040816327,11996.615767543875,0.0,0.0,1069.9232496745021,22000.0
2772,line-43,3645.886040816327,11996.615767543875,0.0,0.0,8350.729726727548,22000.0
2773,line-43,3645.886040816327,11179.066228330692,0.0,0.0,7533.180187514367,22000.0
2774,line-43,3645.886040816327,9599.681799937207,0.0,0.0,5953.795759120878,22000.0
2775,line-43,7291.772081632654,7366.094921102265,0.0,0.0,74.322839469609,22000.0
2776,line-43,7291.772081632654,4630.520846441618,0.0,0.0,0.0,19198.682910325224
2777,line-43,3645.886040816327,1579.3844283934893,0.0,0.0,0.0,17023.418055143284
2778,line-43,3645.886040816327,0.0,0.0,0.0,0.0,13185.643275336628
2779,line-43,3645.886040816327,0.0,0.0,0.0,0.0,9347.868495529965
2780,line-43,3645.886040816327,0.0,0.0,0.0,0.0,5510.093715723305
2781,line-43,3645.886040816327,0.0,501.2970108791895,0.0,0.0,2200.0
2782,line-43,3645.886040816327,0.0,3645.886040816327,0.0,0.0,2200.0
2783,line-43,2734.4145306122496,0.0,2734.4145306122496,0.0,0.0,2200.0
2784,line-43,1822.9430204081634,0.0,1822.9430204081634,0.0,0.0,2200.0
2785,line-43,1822.9430204081634,0.0,1822.9430204081634,0.0,0.0,2200.0
2786,line-43,0.0,0.0,0.0,0.0,0.0,2200.0
2787,line-43,0.0,0.0,0.0,0.0,0.0,2200.0
2788,line-43,0.0,0.0,0.0,0.0,0.0,2200.0
2789,line-43,1822.943020408163,0.0,1822.943020408163,0.0,0.0,2200.0
2790,line-43,3645.886040816327,1584.260371614324,2061.625669202004,0.0,0.0,2200.0
2791,line-43,7291.772081632654,4644.816388631507,2646.9556930011454,0.0,0.0,2200.0
2792,line-43,7291.772081632654,7388.835844685469,0.0,0.0,0.0,2292.2105749001744
2793,line-43,3645.886040816327,9629.318348552682,0.0,0.0,0.0,7976.471267249712
2794,line-43,3645.886040816327,11213.57872016701,0.0,0.0,0.0,15165.779312632856
2795,line-43,3645.886040816327,12033.652233316974,0.0,0.0,1193.849679482603,22000.0
2796,line-43,3645.886040816327,12033.652233316974,0.0,0.0,8387.766192500647,22000.0
2797,line-43,3645.886040816327,11213.578720167012,0.0,0.0,7567.692679350683,22000.0
2798,line-43,3645.886040816327,9629.318348552682,0.0,0.0,5983.432307736359,22000.0
2799,line-43,7291.772081632654,7388.835844685471,0.0,0.0,97.0637630528172,22000.0
2800,line-43,7291.772081632654,4644.81638863151,0.0,0.0,0.0,19213.73084947248
2801,line-43,3645.886040816327,1584.260371614329,0.0,0.0,0.0,17043.598566101955
2802,line-43,3645.886040816327,0.0,0.0,0.0,0.0,13205.823786295297
2803,line-43,3645.886040816327,0.0,0.0,0.0,0.0,9368.049006488634
2804,line-43,3645.886040816327,0.0,0.0,0.0,0.0,5530.274226681974
2805,line-43,3645.886040816327,0.0,482.1255254684533,0.0,0.0,2200.0
2806,line-43,3645.886040816327,0.0,3645.886040816327,0.0,0.0,2200.0
2807,line-43,2734.4145306122496,0.0,2734.4145306122496,0.0,0.0,2200.0
2808,line-43,1822.9430204081634,0.0,1822.9430204081634,0.0,0.0,2200.0
2809,line-43,1822.9430204081634,0.0,1822.9430204081634,0.0,0.0,2200.0
2810,line-43,0.0,0.0,0.0,0.0,0.0,2200.0
2811,line-43,0.0,0.0,0.0,0.0,0.0,2200.0
2812,line-43,0.0,0.0,0.0,0.0,0.0,2200.0
2813,line-43,1822.943020408163,0.0,1822.943020408163,0.0,0.0,2200.0
2814,line-43,3645.886040816327,1589.0767931391074,2056.8092476772204,0.0,0.0,2200.0
2815,line-43,7291.772081632654,4658.937422038459,2632.8346595941966,0.0,0.0,2200.0
2816,line-43,7291.772081632654,7411.299164884008,0.0,0.0,0.0,2313.5507290887867
2817,line-43,3645.886040816327,9658.593117393679,0.0,0.0,0.0,8025.622451837273
2818,line-43,3645.886040816327,11247.669910532784,0.0,0.0,0.0,15247.317128067905
2819,line-43,3645.886040816327,12070.236586922465,0.0,0.0,1316.263312493406,22000.0
2820,line-43,3645.886040816327,12070.236586922465,0.0,0.0,8424.350546106138,22000.0
2821,line-43,3645.886040816327,11247.669910532786,0.0,0.0,7601.78386971646,22000.0
2822,line-43,3645.886040816327,9658.593117393679,0.0,0.0,6012.7070765773515,22000.0
2823,line-43,7291.772081632654,7411.29916488401,0.0,0.0,119.52708325135609,22000.0
2824,line-43,7291.772081632654,4658.937422038459,0.0,0.0,0.0,19228.595095164
2825,line-43,3645.886040816327,1589.0767931391124,0.0,0.0,0.0,17063.532729187988
2826,line-43,3645.886040816327,0.0,0.0,0.0,0.0,13225.757949381332
2827,line-43,3645.886040816327,0.0,0.0,0.0,0.0,9387.983169574669
2828,line-43,3645.886040816327,0.0,0.0,0.0,0.0,5550.208389768009
2829,line-43,3645.886040816327,0.0,463.18807053672094,0.0,0.0,2200.0
2830,line-43,3645.886040816327,0.0,3645.886040816327,0.0,0.0,2200.0
2831,line-43,2734.4145306122496,0.0,2734.4145306122496,0.0,0.0,2200.0
2832,line-43,1822.9430204081634,0.0,1822.9430204081634,0.0,0.0,2200.0
2833,line-43,1822.9430204081634,0.0,1822.9430204081634,0.0,0.0,2200.0
2834,line-43,0.0,0.0,0.0,0.0,0.0,2200.0
2835,line-43,0.0,0.0,0.0,0.0,0.0,2200.0
2836,line-43,0.0,0.0,0.0,0.0,0.0,2200.0
2837,line-43,1822.943020408163,0.0,1822.943020408163,0.0,0.0,2200.0
2838,line-43,3645.886040816327,1593.8322657581898,2052.053775058138,0.0,0.0,2200.0
2839,line-43,7291.772081632654,4672.879762295506,2618.8923193371493,0.0,0.0,2200.0
2840,line-43,7291.772081632654,7433.4782253313115,0.0,0.0,0.0,2334.620836513723
2841,line-43,3645.886040816327,9687.497431714384,0.0,0.0,0.0,8074.151657866874
2842,line-43,3645.886040816327,11281.329697472569,0.0,0.0,0.0,15327.823131690304
2843,line-43,3645.886040816327,12106.35798762682,0.0,0.0,1437.1278749055477,22000.0
2844,line-43,3645.886040816327,12106.35798762682,0.0,0.0,8460.471946810487,22000.0
2845,line-43,3645.886040816327,11281.329697472569,0.0,0.0,7635.443656656243,22000.0
2846,line-43,3645.886040816327,9687.497431714384,0.0,0.0,6041.611390898058,22000.0
2847,line-43,7291.772081632654,7433.478225331313,0.0,0.0,141.70614369865825,22000.0
2848,line-43,7291.772081632654,4672.879762295506,0.0,0.0,0.0,19243.271242802995
2849,line-43,3645.886040816327,1593.8322657581953,0.0,0.0,0.0,17083.214637478653
2850,line-43,3645.886040816327,0.0,0.0,0.0,0.0,13245.439857671989
2851,line-43,3645.886040816327,0.0,0.0,0.0,0.0,9407.66507786533
2852,line-43,3645.886040816327,0.0,0.0,0.0,0.0,5569.890298058665
2853,line-43,3645.886040816327,0.0,444.49025766059384,0.0,0.0,2200.0
2854,line-43,3645.886040816327,0.0,3645.886040816327,0.0,0.0,2200.0
2855,line-43,2734.4145306122496,0.0,2734.4145306122496,0.0,0.0,2200.0
2856,line-43,1822.9430204081634,0.0,1822.9430204081634,0.0,0.0,2200.0
2857,line-43,1822.9430204081634,0.0,1822.9430204081634,0.0,0.0,2200.0
2858,line-43,0.0,0.0,0.0,0.0,0.0,2200.0
2859,line-43,0.0,0.0,0.0,0.0,0.0,2200.0
2860,line-43,0.0,0.0,0.0,0.0,0.0,2200.0
2861,line-43,1822.943020408163,0.0,1822.943020408163,0.0,0.0,2200.0
2862,line-43,3645.886040816327,1598.5253803224034,2047.3606604939241,0.0,0.0,2200.0
2863,line-43,7291.772081632654,4686.639277986334,2605.132803646322,0.0,0.0,2200.0
2864,line-43,7291.772081632654,7455.366453893098,0.0,0.0,0.0,2355.4146536474213
2865,line-43,3645.886040816327,9716.022726542651,0.0,0.0,0.0,8122.0445050874305
2866,line-43,3645.886040816327,11314.548106865057,0.0,0.0,0.0,15407.273467833718
2867,line-43,3645.886040816327,12142.005731879432,0.0,0.0,1556.407551940702,22000.0
2868,line-43,3645.886040816327,12142.005731879432,0.0,0.0,8496.119691063104,22000.0
2869,line-43,3645.886040816327,11314.548106865057,0.0,0.0,7668.662066048727,22000.0
2870,line-43,3645.886040816327,9716.022726542651,0.0,0.0,6070.136685726324,22000.0
2871,line-43,7291.772081632654,7455.366453893099,0.0,0.0,163.59437226044577,22000.0
2872,line-43,7291.772081632654,4686.6392779863345,0.0,0.0,0.0,19257.754943530188
2873,line-43,3645.886040816327,1598.5253803224089,0.0,0.0,0.0,17102.638458799745
2874,line-43,3645.886040816327,0.0,0.0,0.0,0.0,13264.863678993086
2875,line-43,3645.886040816327,0.0,0.0,0.0,0.0,9427.088899186427
2876,line-43,3645.886040816327,0.0,0.0,0.0,0.0,5589.314119379763
2877,line-43,3645.886040816327,0.0,426.0376274055513,0.0,0.0,2200.0
2878,line-43,3645.886040816327,0.0,3645.886040816327,0.0,0.0,2200.0
2879,line-43,2734.4145306122496,0.0,2734.4145306122496,0.0,0.0,2200.0
2880,line-43,1822.9430204081634,0.0,1822.9430204081634,0.0,0.0,2200.0
2881,line-43,1822.9430204081634,0.0,1822.9430204081634,0.0,0.0,2200.0
2882,line-43,0.0,0.0,0.0,0.0,0.0,2200.0
2883,line-43,0.0,0.0,0.0,0.0,0.0,2200.0
2884,line-43,0.0,0.0,0.0,0.0,0.0,2200.0
2885,line-43,1822.943020408163,0.0,1822.943020408163,0.0,0.0,2200.0
2886,line-43,3645.886040816327,1603.1547461606165,2042.7312946557101,0.0,0.0,2200.0
2887,line-43,7291.772081632654,4700.211891869488,2591.560189763166,0.0,0.0,2200.0
2888,line-43,7291.772081632654,7476.957364614862,0.0,0.0,0.0,2375.926018833098
2889,line-43,3645.886040816327,9744.160549218002,0.0,0.0,0.0,8169.286801814688
2890,line-43,3645.886040816327,11347.315295378621,0.0,0.0,0.0,15485.644593648864
2891,line-43,3645.886040816327,12177.16925648435,0.0,0.0,1674.066998456305,22000.0
2892,line-43,3645.886040816327,12177.16925648435,0.0,0.0,8531.283215668023,22000.0
2893,line-43,3645.886040816327,11347.315295378621,0.0,0.0,7701.429254562295,22000.0
2894,line-43,3645.886040816327,9744.160549218002,0.0,0.0,6098.274508401675,22000.0
2895,line-43,7291.772081632654,7476.957364614867,0.0,0.0,185.1852829822111,22000.0
2896,line-43,7291.772081632654,4700.211891869488,0.0,0.0,0.0,19272.041905512455
2897,line-43,3645.886040816327,1603.1547461606215,0.0,0.0,0.0,17121.798437453817
2898,line-43,3645.886040816327,0.0,0.0,0.0,0.0,13284.02365764716
2899,line-43,3645.886040816327,0.0,0.0,0.0,0.0,9446.248877840497
2900,line-43,3645.886040816327,0.0,0.0,0.0,0.0,5608.4740980338365
2901,line-43,3645.886040816327,0.0,407.83564768418404,0.0,0.0,2200.0
2902,line-43,3645.886040816327,0.0,3645.886040816327,0.0,0.0,2200.0
2903,line-43,2734.4145306122496,0.0,2734.4145306122496,0.0,0.0,2200.0
2904,line-43,1822.9430204081634,0.0,1822.9430204081634,0.0,0.0,2200.0
2905,line-43,1822.9430204081634,0.0,1822.9430204081634,0.0,0.0,2200.0
2906,line-43,0.0,0.0,0.0,0.0,0.0,2200.0
2907,line-43,0.0,0.0,0.0,0.0,0.0,2200.0
2908,line-43,0.0,0.0,0.0,0.0,0.0,2200.0
2909,line-43,1822.943020408163,0.0,1822.943020408163,0.0,0.0,2200.0
2910,line-43,3645.886040816327,1607.7189914918235,2038.1670493245042,0.0,0.0,2200.0
2911,line-43,7291.772081632654,4713.593582086554,2578.178499546098,0.0,0.0,2200.0
2912,line-43,7291.772081632654,7498.24455964379,0.0,0.0,0.0,2396.1488541105787
2913,line-43,3645.886040816327,9771.902561896319,0.0,0.0,0.0,8215.86454913657
2914,line-43,3645.886040816327,11379.62155338814,0.0,0.0,0.0,15562.91328607979
2915,line-43,3645.886040816327,12211.838141730352,0.0,0.0,1790.0713494190632,22000.0
2916,line-43,3645.886040816327,12211.838141730352,0.0,0.0,8565.952100914019,22000.0
2917,line-43,3645.886040816327,11379.621553388148,0.0,0.0,7733.735512571819,22000.0
2918,line-43,3645.886040816327,9771.902561896319,0.0,0.0,6126.016521079992,22000.0
2919,line-43,7291.772081632654,7498.244559643791,0.0,0.0,206.47247801113792,22000.0
2920,line-43,7291.772081632654,4713.593582086558,0.0,0.0,0.0,19286.12789521464
2921,line-43,3645.886040816327,1607.718991491828,0.0,0.0,0.0,17140.68889592569
2922,line-43,3645.886040816327,0.0,0.0,0.0,0.0,13302.914116119024
2923,line-43,3645.886040816327,0.0,0.0,0.0,0.0,9465.139336312368
2924,line-43,3645.886040816327,0.0,0.0,0.0,0.0,5627.364556505707
2925,line-43,3645.886040816327,0.0,389.8897121359074,0.0,0.0,2200.0
2926,line-43,3645.886040816327,0.0,3645.886040816327,0.0,0.0,2200.0
2927,line-43,2734.4145306122496,0.0,2734.4145306122496,0.0,0.0,2200.0
2928,line-43,1822.9430204081634,0.0,1822.9430204081634,0.0,0.0,2200.0
2929,line-43,1822.9430204081634,0.0,1822.9430204081634,0.0,0.0,2200.0
2930,line-43,0.0,0.0,0.0,0.0,0.0,2200.0
2931,line-43,0.0,0.0,0.0,0.0,0.0,2200.0
2932,line-43,0.0,0.0,0.0,0.0,0.0,2200.0
2933,line-43,1822.943020408163,0.0,1822.943020408163,0.0,0.0,2200.0
2934,line-43,3645.886040816327,1612.2167638316246,2033.669276984703,0.0,0.0,2200.0
2935,line-43,7291.772081632654,4726.780383353924,2564.9916982787317,0.0,0.0,2200.0
2936,line-43,7291.772081632654,7519.221731124573,0.0,0.0,0.0,2416.077167017321
2937,line-43,3645.886040816327,9799.240544020515,0.0,0.0,0.0,8261.763945061299
2938,line-43,3645.886040816327,11411.457307852137,0.0,0.0,0.0,15639.056648745323
2939,line-43,3645.886040816327,12246.002114478497,0.0,0.0,1904.3862302361872,22000.0
2940,line-43,3645.886040816327,12246.002114478497,0.0,0.0,8600.116073662168,22000.0
2941,line-43,3645.886040816327,11411.45730785214,0.0,0.0,7765.571267035813,22000.0
2942,line-43,3645.886040816327,9799.240544020515,0.0,0.0,6153.354503204188,22000.0
2943,line-43,7291.772081632654,7519.221731124575,0.0,0.0,227.44964949192024,22000.0
2944,line-43,7291.772081632654,4726.7803833539265,0.0,0.0,0.0,19300.00873865397
2945,line-43,3645.886040816327,1612.2167638316296,0.0,0.0,0.0,17159.30423656481
2946,line-43,3645.886040816327,0.0,0.0,0.0,0.0,13321.529456758151
2947,line-43,3645.886040816327,0.0,0.0,0.0,0.0,9483.754676951492
2948,line-43,3645.886040816327,0.0,0.0,0.0,0.0,5645.979897144828
2949,line-43,3645.886040816327,0.0,372.20513852873927,0.0,0.0,2200.0
2950,line-43,3645.886040816327,0.0,3645.886040816327,0.0,0.0,2200.0
2951,line-43,2734.4145306122496,0.0,2734.4145306122496,0.0,0.0,2200.0
2952,line-43,1822.9430204081634,0.0,1822.9430204081634,0.0,0.0,2200.0
2953,line-43,1822.9430204081634,0.0,1822.9430204081634,0.0,0.0,2200.0
2954,line-43,0.0,0.0,0.0,0.0,0.0,2200.0
2955,line-43,0.0,0.0,0.0,0.0,0.0,2200.0
2956,line-43,0.0,0.0,0.0,0.0,0.0,2200.0
2957,line-43,1822.943020408163,0.0,1822.943020408163,0.0,0.0,2200.0
2958,line-43,3645.886040816327,1616.646730393009,2029.2393104233183,0.0,0.0,2200.0
2959,line-43,7291.772081632654,4739.768388137783,2552.0036934948703,0.0,0.0,2200.0
2960,line-43,7291.772081632654,7539.882663068581,0.0,0.0,0.0,2435.7050523641296
2961,line-43,3645.886040816327,9826.166394756496,0.0,0.0,0.0,8306.971388607286
2962,line-43,3645.886040816327,11442.8131251495,0.0,0.0,0.0,15714.052118723805
2963,line-43,3645.886040816327,12279.651051206363,0.0,0.0,2016.9777669414048,22000.0
2964,line-43,3645.886040816327,12279.651051206363,0.0,0.0,8633.765010390036,22000.0
2965,line-43,3645.886040816327,11442.8131251495,0.0,0.0,7796.927084333176,22000.0
2966,line-43,3645.886040816327,9826.166394756496,0.0,0.0,6180.280353940168,22000.0
2967,line-43,7291.772081632654,7539.882663068582,0.0,0.0,248.11058143592857,22000.0
2968,line-43,7291.772081632654,4739.768388137786,0.0,0.0,0.0,19313.68032263698
2969,line-43,3645.886040816327,1616.6467303930142,0.0,0.0,0.0,17177.63894324402
2970,line-43,3645.886040816327,0.0,0.0,0.0,0.0,13339.864163437356
2971,line-43,3645.886040816327,0.0,0.0,0.0,0.0,9502.089383630699
2972,line-43,3645.886040816327,0.0,0.0,0.0,0.0,5664.314603824036
2973,line-43,3645.886040816327,0.0,354.7871671834922,0.0,0.0,2200.0
2974,line-43,3645.886040816327,0.0,3645.886040816327,0.0,0.0,2200.0
2975,line-43,2734.4145306122496,0.0,2734.4145306122496,0.0,0.0,2200.0
2976,line-43,1822.9430204081634,0.0,1822.9430204081634,0.0,0.0,2200.0
2977,line-43,1822.9430204081634,0.0,1822.9430204081634,0.0,0.0,2200.0
2978,line-43,0.0,0.0,0.0,0.0,0.0,2200.0
2979,line-43,0.0,0.0,0.0,0.0,0.0,2200.0
2980,line-43,0.0,0.0,0.0,0.0,0.0,2200.0
2981,line-43,1822.943020408163,0.0,1822.943020408163,0.0,0.0,2200.0
2982,line-43,3645.886040816327,1621.0075784812757,2024.878462335052,0.0,0.0,2200.0
2983,line-43,7291.772081632654,4752.553747812012,2539.2183338206432,0.0,0.0,2200.0
2984,line-43,7291.772081632654,7560.221233195779,0.0,0.0,0.0,2455.0266939849666
2985,line-43,3645.886040816327,9852.672135393566,0.0,0.0,0.0,8351.473483833342
2986,line-43,3645.886040816327,11473.679713874839,0.0,0.0,0.0,15787.877473238932
2987,line-43,3645.886040816327,12312.774981007788,0.0,0.0,2127.812596232439,22000.0
2988,line-43,3645.886040816327,12312.774981007788,0.0,0.0,8666.88894019146,22000.0
2989,line-43,3645.886040816327,11473.679713874839,0.0,0.0,7827.7936730585125,22000.0
2990,line-43,3645.886040816327,9852.672135393566,0.0,0.0,6206.78609457724,22000.0
2991,line-43,7291.772081632654,7560.22123319578,0.0,0.0,268.44915156312516,22000.0
2992,line-43,7291.772081632654,4752.553747812015,0.0,0.0,0.0,19327.13859597827
2993,line-43,3645.886040816327,1621.007578481281,0.0,0.0,0.0,17195.68758299401
2994,line-43,3645.886040816327,0.0,0.0,0.0,0.0,13357.912803187353
2995,line-43,3645.886040816327,0.0,0.0,0.0,0.0,9520.138023380694
2996,line-43,3645.886040816327,0.0,0.0,0.0,0.0,5682.36324357403
2997,line-43,3645.886040816327,0.0,337.6409594209974,0.0,0.0,2200.0
2998,line-43,3645.886040816327,0.0,3645.886040816327,0.0,0.0,2200.0
2999,line-43,2734.4145306122496,0.0,2734.4145306122496,0.0,0.0,2200.0
3000,line-43,1822.9430204081634,0.0,1822.9430204081634,0.0,0.0,2200.0
3001,line-43,1822.9430204081634,0.0,1822.9430204081634,0.0,0.0,2200.0
3002,line-43,0.0,0.0,0.0,0.0,0.0,2200.0
3003,line-43,0.0,0.0,0.0,0.0,0.0,2200.0
3004,line-43,0.0,0.0,0.0,0.0,0.0,2200.0
3005,line-43,1822.943020408163,0.0,1822.943020408163,0.0,0.0,2200.0
3006,line-43,3645.886040816327,1625.2980158830228,2020.5880249333038,0.0,0.0,2200.0
3007,line-43,7291.772081632654,4765.132673798608,2526.639407834047,0.0,0.0,2200.0
3008,line-43,7291.772081632654,7580.231414748893,0.0,0.0,0.0,2474.0363664604256
3009,line-43,3645.886040816327,9878.749911708745,0.0,0.0,0.0,8395.25704380822
3010,line-43,3645.886040816327,11504.047927591764,0.0,0.0,0.0,15860.510836244892
3011,line-43,3645.886040816327,12345.364088547496,0.0,0.0,2236.857875357369,22000.0
3012,line-43,3645.886040816327,12345.364088547496,0.0,0.0,8699.478047731172,22000.0
3013,line-43,3645.886040816327,11504.047927591768,0.0,0.0,7858.1618867754405,22000.0
3014,line-43,3645.886040816327,9878.749911708745,0.0,0.0,6232.863870892417,22000.0
3015,line-43,7291.772081632654,7580.231414748894,0.0,0.0,288.45933311623946,22000.0
3016,line-43,7291.772081632654,4765.132673798609,0.0,0.0,0.0,19340.379570701007
3017,line-43,3645.886040816327,1625.2980158830278,0.0,0.0,0.0,17213.444807613323
3018,line-43,3645.886040816327,0.0,0.0,0.0,0.0,13375.670027806658
3019,line-43,3645.886040816327,0.0,0.0,0.0,0.0,9537.895247999999
3020,line-43,3645.886040816327,0.0,0.0,0.0,0.0,5700.120468193335
3021,line-43,3645.886040816327,0.0,320.77159603265784,0.0,0.0,2200.0
3022,line-43,3645.886040816327,0.0,3645.886040816327,0.0,0.0,2200.0
3023,line-43,2734.4145306122496,0.0,2734.4145306122496,0.0,0.0,2200.0
3024,line-43,1822.9430204081634,0.0,1822.9430204081634,0.0,0.0,2200.0
3025,line-43,1822.9430204081634,0.0,1822.9430204081634,0.0,0.0,2200.0
3026,line-43,0.0,0.0,0.0,0.0,0.0,2200.0
3027,line-43,0.0,0.0,0.0,0.0,0.0,2200.0
3028,line-43,0.0,0.0,0.0,0.0,0.0,2200.0
3029,line-43,1822.943020408163,0.0,1822.943020408163,0.0,0.0,2200.0
3030,line-43,3645.886040816327,1629.516771249052,2016.3692695672755,0.0,0.0,2200.0
3031,line-43,7291.772081632654,4777.501438690323,2514.270642942332,0.0,0.0,2200.0
3032,line-43,7291.772081632654,7599.907278279276,0.0,0.0,0.0,2492.728436814289
3033,line-43,3645.886040816327,9904.3919962941,0.0,0.0,0.0,8438.309094518172
3034,line-43,3645.886040816327,11533.90876754315,0.0,0.0,0.0,15931.930684908653
3035,line-43,3645.886040816327,12377.408716969594,0.0,0.0,2344.0812918465913,22000.0
3036,line-43,3645.886040816327,12377.408716969594,0.0,0.0,8731.522676153269,22000.0
3037,line-43,3645.886040816327,11533.90876754315,0.0,0.0,7888.022726726823,22000.0
3038,line-43,3645.886040816327,9904.3919962941,0.0,0.0,6258.505955477776,22000.0
3039,line-43,7291.772081632654,7599.907278279278,0.0,0.0,308.1351966466235,22000.0
3040,line-43,7291.772081632654,4777.501438690324,0.0,0.0,0.0,19353.399323218597
3041,line-43,3645.886040816327,1629.516771249057,0.0,0.0,0.0,17230.90535525305
3042,line-43,3645.886040816327,0.0,0.0,0.0,0.0,13393.130575446394
3043,line-43,3645.886040816327,0.0,0.0,0.0,0.0,9555.35579563973
3044,line-43,3645.886040816327,0.0,0.0,0.0,0.0,5717.5810158330705
3045,line-43,3645.886040816327,0.0,304.1840757749121,0.0,0.0,2200.0
3046,line-43,3645.886040816327,0.0,3645.886040816327,0.0,0.0,2200.0
3047,line-43,2734.4145306122496,0.0,2734.4145306122496,0.0,0.0,2200.0
3048,line-43,1822.9430204081634,0.0,1822.9430204081634,0.0,0.0,2200.0
3049,line-43,1822.9430204081634,0.0,1822.9430204081634,0.0,0.0,2200.0
3050,line-43,0.0,0.0,0.0,0.0,0.0,2200.0
3051,line-43,0.0,0.0,0.0,0.0,0.0,2200.0
3052,line-43,0.0,0.0,0.0,0.0,0.0,2200.0
3053,line-43,1822.943020408163,0.0,1822.943020408163,0.0,0.0,2200.0
3054,line-43,3645.886040816327,1633.6625944711018,2012.2234463452257,0.0,0.0,2200.0
3055,line-43,7291.772081632654,4789.656377355187,2502.1157042774685,0.0,0.0,2200.0
3056,line-43,7291.772081632654,7619.242993403923,0.0,0.0,0.0,2511.0973661827056
3057,line-43,3645.886040816327,9929.590790846574,0.0,0.0,0.0,8480.61687871144
3058,line-43,3645.886040816327,11563.25338531768,0.0,0.0,0.0,16002.115855987724
3059,line-43,3645.886040816327,12408.899370759109,0.0,0.0,2449.45107308775,22000.0
3060,line-43,3645.886040816327,12408.899370759109,0.0,0.0,8763.013329942782,22000.0
3061,line-43,3645.886040816327,11563.25338531768,0.0,0.0,7917.367344501346,22000.0
3062,line-43,3645.886040816327,9929.590790846574,0.0,0.0,6283.704750030246,22000.0
3063,line-43,7291.772081632654,7619.242993403928,0.0,0.0,327.470911771272,22000.0
3064,line-43,7291.772081632654,4789.656377355187,0.0,0.0,0.0,19366.1939954974
3065,line-43,3645.886040816327,1633.6625944711068,0.0,0.0,0.0,17248.06405197612
3066,line-43,3645.886040816327,0.0,0.0,0.0,0.0,13410.289272169455
3067,line-43,3645.886040816327,0.0,0.0,0.0,0.0,9572.514492362798
3068,line-43,3645.886040816327,0.0,0.0,0.0,0.0,5734.739712556135
3069,line-43,3645.886040816327,0.0,287.88331388799776,0.0,0.0,2200.0
3070,line-43,3645.886040816327,0.0,3645.886040816327,0.0,0.0,2200.0
3071,line-43,2734.4145306122496,0.0,2734.4145306122496,0.0,0.0,2200.0
3072,line-43,1822.9430204081634,0.0,1822.9430204081634,0.0,0.0,2200.0
3073,line-43,1822.9430204081634,0.0,1822.9430204081634,0.0,0.0,2200.0
3074,line-43,0.0,0.0,0.0,0.0,0.0,2200.0
3075,line-43,0.0,0.0,0.0,0.0,0.0,2200.0
3076,line-43,0.0,0.0,0.0,0.0,0.0,2200.0
3077,line-43,1822.943020408163,0.0,1822.943020408163,0.0,0.0,2200.0
3078,line-43,3645.886040816327,1637.7342570522749,2008.1517837640529,0.0,0.0,2200.0
3079,line-43,7291.772081632654,4801.59388802254,2490.178193610115,0.0,0.0,2200.0
3080,line-43,7291.772081632654,7638.232830533146,0.0,0.0,0.0,2529.1377114554684
3081,line-43,3645.886040816327,9954.3388284195,0.0,0.0,0.0,8522.167859678482
3082,line-43,3645.886040816327,11592.073085471768,0.0,0.0,0.0,16071.04555210115
3083,line-43,3645.886040816327,12439.826718555685,0.0,0.0,2552.9359957405695,22000.0
3084,line-43,3645.886040816327,12439.826718555685,0.0,0.0,8793.940677739358,22000.0
3085,line-43,3645.886040816327,11592.073085471773,0.0,0.0,7946.187044655449,22000.0
3086,line-43,3645.886040816327,9954.3388284195,0.0,0.0,6308.452787603172,22000.0
3087,line-43,7291.772081632654,7638.232830533153,0.0,0.0,346.4607489004967,22000.0
3088,line-43,7291.772081632654,4801.59388802254,0.0,0.0,0.0,19378.759796199876
3089,line-43,3645.886040816327,1637.7342570522799,0.0,0.0,0.0,17264.915813290358
3090,line-43,3645.886040816327,0.0,0.0,0.0,0.0,13427.141033483691
3091,line-43,3645.886040816327,0.0,0.0,0.0,0.0,9589.366253677035
3092,line-43,3645.886040816327,0.0,0.0,0.0,0.0,5751.591473870374
3093,line-43,3645.886040816327,0.0,271.87414063947347,0.0,0.0,2200.0
3094,line-43,3645.886040816327,0.0,3645.886040816327,0.0,0.0,2200.0
3095,line-43,2734.4145306122496,0.0,2734.4145306122496,0.0,0.0,2200.0
3096,line-43,1822.9430204081634,0.0,1822.9430204081634,0.0,0.0,2200.0
3097,line-43,1822.9430204081634,0.0,1822.9430204081634,0.0,0.0,2200.0
3098,line-43,0.0,0.0,0.0,0.0,0.0,2200.0
3099,line-43,0.0,0.0,0.0,0.0,0.0,2200.0
3100,line-43,0.0,0.0,0.0,0.0,0.0,2200.0
3101,line-43,1822.943020408163,0.0,1822.943020408163,0.0,0.0,2200.0
3102,line-43,3645.886040816327,1641.730552471076,2004.1554883452513,0.0,0.0,2200.0
3103,line-43,7291.772081632654,4813.310433350344,2478.4616482823108,0.0,0.0,2200.0
3104,line-43,7291.772081632654,7656.871162568373,0.0,0.0,0.0,2546.8441268889324
3105,line-43,3645.886040816327,9978.628775635243,0.0,0.0,0.0,8562.949724966902
3106,line-43,3645.886040816327,11620.35932810632,0.0,0.0,0.0,16138.699347892394
3107,line-43,3645.886040816327,12470.181595918719,0.0,0.0,2654.505394989119,22000.0
3108,line-43,3645.886040816327,12470.181595918719,0.0,0.0,8824.29555510239,22000.0
3109,line-43,3645.886040816327,11620.359328106322,0.0,0.0,7974.473287289996,22000.0
3110,line-43,3645.886040816327,9978.628775635243,0.0,0.0,6332.742734818918,22000.0
3111,line-43,7291.772081632654,7656.871162568374,0.0,0.0,365.0990809357205,22000.0
3112,line-43,7291.772081632654,4813.310433350344,0.0,0.0,0.0,19391.093001808098
3113,line-43,3645.886040816327,1641.7305524710823,0.0,0.0,0.0,17281.455645655205
3114,line-43,3645.886040816327,0.0,0.0,0.0,0.0,13443.680865848546
3115,line-43,3645.886040816327,0.0,0.0,0.0,0.0,9605.906086041883
3116,line-43,3645.886040816327,0.0,0.0,0.0,0.0,5768.13130623522
3117,line-43,3645.886040816327,0.0,256.16129989286674,0.0,0.0,2200.0
3118,line-43,3645.886040816327,0.0,3645.886040816327,0.0,0.0,2200.0
3119,line-43,2734.4145306122496,0.0,2734.4145306122496,0.0,0.0,2200.0
3120,line-43,1822.9430204081634,0.0,1822.9430204081634,0.0,0.0,2200.0
3121,line-43,1822.9430204081634,0.0,1822.9430204081634,0.0,0.0,2200.0
3122,line-43,0.0,0.0,0.0,0.0,0.0,2200.0
3123,line-43,0.0,0.0,0.0,0.0,0.0,2200.0
3124,line-43,0.0,0.0,0.0,0.0,0.0,2200.0
3125,line-43,1822.943020408163,0.0,1822.943020408163,0.0,0.0,2200.0
3126,line-43,3645.886040816327,1645.6502965389266,2000.235744277401,0.0,0.0,2200.0
3127,line-43,7291.772081632654,4824.802541473353,2466.969540159302,0.0,0.0,2200.0
3128,line-43,7291.772081632654,7675.152466569561,0.0,0.0,0.0,2564.211365690063
3129,line-43,3645.886040816327,10002.453434858216,0.0,0.0,0.0,8602.950390029857
3130,line-43,3645.886040816327,11648.103731397146,0.0,0.0,0.0,16205.057196081634
3131,line-43,3645.886040816327,12499.955008042918,0.0,0.0,2754.1291736283074,22000.0
3132,line-43,3645.886040816327,12499.955008042918,0.0,0.0,8854.068967226587,22000.0
3133,line-43,3645.886040816327,11648.103731397146,0.0,0.0,8002.217690580816,22000.0
3134,line-43,3645.886040816327,10002.453434858216,0.0,0.0,6356.56739404189,22000.0
3135,line-43,7291.772081632654,7675.152466569563,0.0,0.0,383.38038493691,22000.0
3136,line-43,7291.772081632654,4824.802541473354,0.0,0.0,0.0,19403.18995772705
3137,line-43,3645.886040816327,1645.650296538932,0.0,0.0,0.0,17297.678647961377
3138,line-43,3645.886040816327,0.0,0.0,0.0,0.0,13459.903868154712
3139,line-43,3645.886040816327,0.0,0.0,0.0,0.0,9622.129088348052
3140,line-43,3645.886040816327,0.0,0.0,0.0,0.0,5784.3543085413885
3141,line-43,3645.886040816327,0.0,240.74944770200665,0.0,0.0,2200.0
3142,line-43,3645.886040816327,0.0,3645.886040816327,0.0,0.0,2200.0
3143,line-43,2734.4145306122496,0.0,2734.4145306122496,0.0,0.0,2200.0
3144,line-43,1822.9430204081634,0.0,1822.9430204081634,0.0,0.0,2200.0
3145,line-43,1822.9430204081634,0.0,1822.9430204081634,0.0,0.0,2200.0
3146,line-43,0.0,0.0,0.0,0.0,0.0,2200.0
3147,line-43,0.0,0.0,0.0,0.0,0.0,2200.0
3148,line-43,0.0,0.0,0.0,0.0,0.0,2200.0
3149,line-43,1822.943020408163,0.0,1822.943020408163,0.0,0.0,2200.0
3150,line-43,3645.886040816327,1649.4923277510625,1996.393713065265,0.0,0.0,2200.0
3151,line-43,7291.772081632654,4836.066807031909,2455.7052746007466,0.0,0.0,2200.0
3152,line-43,7291.772081632654,7693.071325391806,0.0,0.0,0.0,2581.234281571192
3153,line-43,3645.886040816327,10025.805746327722,0.0,0.0,0.0,8642.158001807018
3154,line-43,3645.886040816327,11675.298074078783,0.0,0.0,0.0,16270.099433406353
3155,line-43,3645.886040816327,12529.138132423714,0.0,0.0,2851.777810982496,22000.0
3156,line-43,3645.886040816327,12529.138132423714,0.0,0.0,8883.252091607386,22000.0
3157,line-43,3645.886040816327,11675.298074078783,0.0,0.0,8029.412033262456,22000.0
3158,line-43,3645.886040816327,10025.805746327722,0.0,0.0,6379.9197055113955,22000.0
3159,line-43,7291.772081632654,7693.071325391808,0.0,0.0,401.2992437591521,22000.0
3160,line-43,7291.772081632654,4836.06680703191,0.0,0.0,0.0,19415.047079367636
3161,line-43,3645.886040816327,1649.492327751068,0.0,0.0,0.0,17313.58001298315
3162,line-43,3645.886040816327,0.0,0.0,0.0,0.0,13475.805233176496
3163,line-43,3645.886040816327,0.0,0.0,0.0,0.0,9638.030453369833
3164,line-43,3645.886040816327,0.0,0.0,0.0,0.0,5800.255673563172
3165,line-43,3645.886040816327,0.0,225.64315093131506,0.0,0.0,2200.0
3166,line-43,3645.886040816327,0.0,3645.886040816327,0.0,0.0,2200.0
3167,line-43,2734.4145306122496,0.0,2734.4145306122496,0.0,0.0,2200.0
3168,line-43,1822.9430204081634,0.0,1822.9430204081634,0.0,0.0,2200.0
3169,line-43,1822.9430204081634,0.0,1822.9430204081634,0.0,0.0,2200.0
3170,line-43,0.0,0.0,0.0,0.0,0.0,2200.0
3171,line-43,0.0,0.0,0.0,0.0,0.0,2200.0
3172,line-43,0.0,0.0,0.0,0.0,0.0,2200.0
3173,line-43,1822.943020408163,0.0,1822.943020408163,0.0,0.0,2200.0
3174,line-43,3645.886040816327,1653.2555076307185,1992.6305331856092,0.0,0.0,2200.0
3175,line-43,7291.772081632654,4847.099892181029,2444.672189451626,0.0,0.0,2200.0
3176,line-43,7291.772081632654,7710.622429290508,0.0,0.0,0.0,2597.907830274961
3177,line-43,3645.886040816327,10048.678790249884,0.0,0.0,0.0,8680.56094223684
3178,line-43,3645.886040816327,11701.934297880602,0.0,0.0,0.0,16333.806786447905
3179,line-43,3645.886040816327,12557.722321471534,0.0,0.0,2947.4223716529996,22000.0
3180,line-43,3645.886040816327,12557.722321471534,0.0,0.0,8911.836280655207,22000.0
3181,line-43,3645.886040816327,11701.934297880602,0.0,0.0,8056.048257064275,22000.0
3182,line-43,3645.886040816327,10048.678790249884,0.0,0.0,6402.79274943356,22000.0
3183,line-43,7291.772081632654,7710.62242929051,0.0,0.0,418.8503476578568,22000.0
3184,line-43,7291.772081632654,4847.09989218103,0.0,0.0,0.0,19426.660853208814
3185,line-43,3645.886040816327,1653.2555076307237,0.0,0.0,0.0,17329.155028802914
3186,line-43,3645.886040816327,0.0,0.0,0.0,0.0,13491.380248996256
3187,line-43,3645.886040816327,0.0,0.0,0.0,0.0,9653.605469189593
3188,line-43,3645.886040816327,0.0,0.0,0.0,0.0,5815.830689382933
3189,line-43,3645.886040816327,0.0,210.84688590254268,0.0,0.0,2200.0
3190,line-43,3645.886040816327,0.0,3645.886040816327,0.0,0.0,2200.0
3191,line-43,2734.4145306122496,0.0,2734.4145306122496,0.0,0.0,2200.0
3192,line-43,1822.9430204081634,0.0,1822.9430204081634,0.0,0.0,2200.0
3193,line-43,1822.9430204081634,0.0,1822.9430204081634,0.0,0.0,2200.0
3194,line-43,0.0,0.0,0.0,0.0,0.0,2200.0
3195,line-43,0.0,0.0,0.0,0.0,0.0,2200.0
3196,line-43,0.0,0.0,0.0,0.0,0.0,2200.0
3197,line-43,1822.943020408163,0.0,1822.943020408163,0.0,0.0,2200.0
3198,line-43,3645.886040816327,1656.9387210664797,1988.9473197498469,0.0,0.0,2200.0
3199,line-43,7291.772081632654,4857.898527579462,2433.8735540531916,0.0,0.0,2200.0
3200,line-43,7291.772081632654,7727.800577494806,0.0,0.0,0.0,2614.2270710690427
3201,line-43,3645.886040816327,10071.06578884815,0.0,0.0,0.0,8718.147831699274
3202,line-43,3645.886040816327,11728.004509914628,0.0,0.0,0.0,16396.16037734266
3203,line-43,3645.886040816327,12585.699105074269,0.0,0.0,3041.0345140923214,22000.0
3204,line-43,3645.886040816327,12585.699105074269,0.0,0.0,8939.813064257942,22000.0
3205,line-43,3645.886040816327,11728.004509914628,0.0,0.0,8082.118469098302,22000.0
3206,line-43,3645.886040816327,10071.06578884815,0.0,0.0,6425.1797480318255,22000.0
3207,line-43,7291.772081632654,7727.800577494808,0.0,0.0,436.02849586215314,22000.0
3208,line-43,7291.772081632654,4857.898527579465,0.0,0.0,0.0,19438.027837838752
3209,line-43,3645.886040816327,1656.9387210664852,0.0,0.0,0.0,17344.399080207335
3210,line-43,3645.886040816327,0.0,0.0,0.0,0.0,13506.624300400676
3211,line-43,3645.886040816327,0.0,0.0,0.0,0.0,9668.849520594016
3212,line-43,3645.886040816327,0.0,0.0,0.0,0.0,5831.074740787352
3213,line-43,3645.886040816327,0.0,196.3650370683414,0.0,0.0,2200.0
3214,line-43,3645.886040816327,0.0,3645.886040816327,0.0,0.0,2200.0
3215,line-43,2734.4145306122496,0.0,2734.4145306122496,0.0,0.0,2200.0
3216,line-43,1822.9430204081634,0.0,1822.9430204081634,0.0,0.0,2200.0
3217,line-43,1822.9430204081634,0.0,1822.9430204081634,0.0,0.0,2200.0
3218,line-43,0.0,0.0,0.0,0.0,0.0,2200.0
3219,line-43,0.0,0.0,0.0,0.0,0.0,2200.0
3220,line-43,0.0,0.0,0.0,0.0,0.0,2200.0
3221,line-43,1822.943020408163,0.0,1822.943020408163,0.0,0.0,2200.0
3222,line-43,3645.886040816327,1660.5408766427154,1985.345164173612,0.0,0.0,2200.0
3223,line-43,7291.772081632654,4868.4595133584935,2423.312568274159,0.0,0.0,2200.0
3224,line-43,7291.772081632654,7744.600679748642,0.0,0.0,0.0,2630.1871682101887
3225,line-43,3645.886040816327,10092.96010837168,0.0,0.0,0.0,8754.907532387775
3226,line-43,3645.886040816327,11753.5009850144,0.0,0.0,0.0,16457.141729375937
3227,line-43,3645.886040816327,12613.060193107138,0.0,0.0,3132.5864990023206,22000.0
3228,line-43,3645.886040816327,12613.060193107138,0.0,0.0,8967.174152290809,22000.0
3229,line-43,3645.886040816327,11753.5009850144,0.0,0.0,8107.614944198067,22000.0
3230,line-43,3645.886040816327,10092.96010837168,0.0,0.0,6447.074067555353,22000.0
3231,line-43,7291.772081632654,7744.600679748644,0.0,0.0,452.828598115991,22000.0
3232,line-43,7291.772081632654,4868.459513358496,0.0,0.0,0.0,19449.14466497457
3233,line-43,3645.886040816327,1660.5408766427208,0.0,0.0,0.0,17359.307650054987
3234,line-43,3645.886040816327,0.0,0.0,0.0,0.0,13521.53287024832
3235,line-43,3645.886040816327,0.0,0.0,0.0,0.0,9683.758090441663
3236,line-43,3645.886040816327,0.0,0.0,0.0,0.0,5845.983310635
3237,line-43,3645.886040816327,0.0,182.20189571307623,0.0,0.0,2200.0
3238,line-43,3645.886040816327,0.0,3645.886040816327,0.0,0.0,2200.0
3239,line-43,2734.4145306122496,0.0,2734.4145306122496,0.0,0.0,2200.0
3240,line-43,1822.9430204081634,0.0,1822.9430204081634,0.0,0.0,2200.0
3241,line-43,1822.9430204081634,0.0,1822.9430204081634,0.0,0.0,2200.0
3242,line-43,0.0,0.0,0.0,0.0,0.0,2200.0
3243,line-43,0.0,0.0,0.0,0.0,0.0,2200.0
3244,line-43,0.0,0.0,0.0,0.0,0.0,2200.0
3245,line-43,1822.943020408163,0.0,1822.943020408163,0.0,0.0,2200.0
3246,line-43,3645.886040816327,1664.0609069629882,1981.8251338533396,0.0,0.0,2200.0
3247,line-43,7291.772081632654,4878.779720070109,2412.9923615625457,0.0,0.0,2200.0
3248,line-43,7291.772081632654,7761.017757819154,0.0,0.0,0.0,2645.783392377174
3249,line-43,3645.886040816327,10114.355261061084,0.0,0.0,0.0,8790.829151609689
3250,line-43,3645.886040816327,11778.416168024069,0.0,0.0,0.0,16516.732772457046
3251,line-43,3645.886040816327,12639.797477889264,0.0,0.0,3222.0511975540317,22000.0
3252,line-43,3645.886040816327,12639.797477889264,0.0,0.0,8993.911437072931,22000.0
3253,line-43,3645.886040816327,11778.416168024069,0.0,0.0,8132.530127207742,22000.0
3254,line-43,3645.886040816327,10114.355261061084,0.0,0.0,6468.469220244757,22000.0
3255,line-43,7291.772081632654,7761.017757819157,0.0,0.0,469.24567618650065,22000.0
3256,line-43,7291.772081632654,4878.779720070112,0.0,0.0,0.0,19460.008040460474
3257,line-43,3645.886040816327,1664.0609069629934,0.0,0.0,0.0,17373.876320614865
3258,line-43,3645.886040816327,0.0,0.0,0.0,0.0,13536.101540808208
3259,line-43,3645.886040816327,0.0,0.0,0.0,0.0,9698.326761001545
3260,line-43,3645.886040816327,0.0,0.0,0.0,0.0,5860.551981194884
3261,line-43,3645.886040816327,0.0,168.36165868118889,0.0,0.0,2200.0
3262,line-43,3645.886040816327,0.0,3645.886040816327,0.0,0.0,2200.0
3263,line-43,2734.4145306122496,0.0,2734.4145306122496,0.0,0.0,2200.0
3264,line-43,1822.9430204081634,0.0,1822.9430204081634,0.0,0.0,2200.0
3265,line-43,1822.9430204081634,0.0,1822.9430204081634,0.0,0.0,2200.0
3266,line-43,0.0,0.0,0.0,0.0,0.0,2200.0
3267,line-43,0.0,0.0,0.0,0.0,0.0,2200.0
3268,line-43,0.0,0.0,0.0,0.0,0.0,2200.0
3269,line-43,1822.943020408163,0.0,1822.943020408163,0.0,0.0,2200.0
3270,line-43,3645.886040816327,1667.497768966344,1978.3882718499838,0.0,0.0,2200.0
3271,line-43,7291.772081632654,4888.856089614332,2402.9159920183224,0.0,0.0,2200.0
3272,line-43,7291.772081632654,7777.04694697179,0.0,0.0,0.0,2661.0111220721788
3273,line-43,3645.886040816327,10135.244907070872,0.0,0.0,0.0,8825.902045013994
3274,line-43,3645.886040816327,11802.742676037216,0.0,0.0,0.0,16574.915848473836
3275,line-43,3645.886040816327,12665.90303658612,0.0,0.0,3309.4020994264683,22000.0
3276,line-43,3645.886040816327,12665.90303658612,0.0,0.0,9020.016995769794,22000.0
3277,line-43,3645.886040816327,11802.742676037218,0.0,0.0,8156.856635220892,22000.0
3278,line-43,3645.886040816327,10135.244907070872,0.0,0.0,6489.358866254545,22000.0
3279,line-43,7291.772081632654,7777.046946971791,0.0,0.0,485.2748653391378,22000.0
3280,line-43,7291.772081632654,4888.856089614334,0.0,0.0,0.0,19470.61474524387
3281,line-43,3645.886040816327,1667.4977689663492,0.0,0.0,0.0,17388.100774875475
3282,line-43,3645.886040816327,0.0,0.0,0.0,0.0,13550.325995068819
3283,line-43,3645.886040816327,0.0,0.0,0.0,0.0,9712.551215262156
3284,line-43,3645.886040816327,0.0,0.0,0.0,0.0,5874.776435455496
3285,line-43,3645.886040816327,0.0,154.84842713360814,0.0,0.0,2200.0
3286,line-43,3645.886040816327,0.0,3645.886040816327,0.0,0.0,2200.0
3287,line-43,2734.4145306122496,0.0,2734.4145306122496,0.0,0.0,2200.0
3288,line-43,1822.9430204081634,0.0,1822.9430204081634,0.0,0.0,2200.0
3289,line-43,1822.9430204081634,0.0,1822.9430204081634,0.0,0.0,2200.0
3290,line-43,0.0,0.0,0.0,0.0,0.0,2200.0
3291,line-43,0.0,0.0,0.0,0.0,0.0,2200.0
3292,line-43,0.0,0.0,0.0,0.0,0.0,2200.0
3293,line-43,1822.943020408163,0.0,1822.943020408163,0.0,0.0,2200.0
3294,line-43,3645.886040816327,1670.8504442363985,1975.0355965799292,0.0,0.0,2200.0
3295,line-43,7291.772081632654,4898.685636145402,2393.0864454872535,0.0,0.0,2200.0
3296,line-43,7291.772081632654,7792.683497411869,0.0,0.0,0.0,2675.865844990255
3297,line-43,3645.886040816327,10155.622856348102,0.0,0.0,0.0,8860.115819745439
3298,line-43,3645.886040816327,11826.473300584496,0.0,0.0,0.0,16631.673716525198
3299,line-43,3645.886040816327,12691.369133557271,0.0,0.0,3394.6133206622017,22000.0
3300,line-43,3645.886040816327,12691.369133557271,0.0,0.0,9045.483092740944,22000.0
3301,line-43,3645.886040816327,11826.473300584497,0.0,0.0,8180.587259768171,22000.0
3302,line-43,3645.886040816327,10155.622856348102,0.0,0.0,6509.736815531773,22000.0
3303,line-43,7291.772081632654,7792.6834974118765,0.0,0.0,500.91141577921985,22000.0
3304,line-43,7291.772081632654,4898.685636145402,0.0,0.0,0.0,19480.961636329204
3305,line-43,3645.886040816327,1670.8504442364035,0.0,0.0,0.0,17401.976797824023
3306,line-43,3645.886040816327,0.0,0.0,0.0,0.0,13564.202018017366
3307,line-43,3645.886040816327,0.0,0.0,0.0,0.0,9726.427238210703
3308,line-43,3645.886040816327,0.0,0.0,0.0,0.0,5888.652458404043
3309,line-43,3645.886040816327,0.0,141.6662053324884,0.0,0.0,2200.0
3310,line-43,3645.886040816327,0.0,3645.886040816327,0.0,0.0,2200.0
3311,line-43,2734.4145306122496,0.0,2734.4145306122496,0.0,0.0,2200.0
3312,line-43,1822.9430204081634,0.0,1822.9430204081634,0.0,0.0,2200.0
3313,line-43,1822.9430204081634,0.0,1822.9430204081634,0.0,0.0,2200.0
3314,line-43,0.0,0.0,0.0,0.0,0.0,2200.0
3315,line-43,0.0,0.0,0.0,0.0,0.0,2200.0
3316,line-43,0.0,0.0,0.0,0.0,0.0,2200.0
3317,line-43,1822.943020408163,0.0,1822.943020408163,0.0,0.0,2200.0
3318,line-43,3645.886040816327,1674.117939303113,1971.7681015132146,0.0,0.0,2200.0
3319,line-43,7291.772081632654,4908.265446956538,2383.506634676117,0.0,0.0,2200.0
3320,line-43,7291.772081632654,7807.922775692039,0.0,0.0,0.0,2690.343159356414
3321,line-43,3645.886040816327,10175.483070466602,0.0,0.0,0.0,8893.460337524171
3322,line-43,3645.886040816327,11849.601009769718,0.0,0.0,0.0,16686.98955802989
3323,line-43,3645.886040816327,12716.188222648578,0.0,0.0,3477.6596113373935,22000.0
3324,line-43,3645.886040816327,12716.188222648578,0.0,0.0,9070.302181832249,22000.0
3325,line-43,3645.886040816327,11849.601009769718,0.0,0.0,8203.714968953385,22000.0
3326,line-43,3645.886040816327,10175.483070466602,0.0,0.0,6529.597029650273,22000.0
3327,line-43,7291.772081632654,7807.92277569204,0.0,0.0,516.1506940593869,22000.0
3328,line-43,7291.772081632654,4908.265446956538,0.0,0.0,0.0,19491.045647709358
3329,line-43,3645.886040816327,1674.1179393031184,0.0,0.0,0.0,17415.500277695446
3330,line-43,3645.886040816327,0.0,0.0,0.0,0.0,13577.725497888789
3331,line-43,3645.886040816327,0.0,0.0,0.0,0.0,9739.950718082126
3332,line-43,3645.886040816327,0.0,0.0,0.0,0.0,5902.175938275465
3333,line-43,3645.886040816327,0.0,128.81889945463666,0.0,0.0,2200.0
3334,line-43,3645.886040816327,0.0,3645.886040816327,0.0,0.0,2200.0
3335,line-43,2734.4145306122496,0.0,2734.4145306122496,0.0,0.0,2200.0
3336,line-43,1822.9430204081634,0.0,1822.9430204081634,0.0,0.0,2200.0
3337,line-43,1822.9430204081634,0.0,1822.9430204081634,0.0,0.0,2200.0
3338,line-43,0.0,0.0,0.0,0.0,0.0,2200.0
3339,line-43,0.0,0.0,0.0,0.0,0.0,2200.0
3340,line-43,0.0,0.0,0.0,0.0,0.0,2200.0
3341,line-43,1822.943020408163,0.0,1822.943020408163,0.0,0.0,2200.0
3342,line-43,3645.886040816327,1677.29928593718,1968.5867548791466,0.0,0.0,2200.0
3343,line-43,7291.772081632654,4917.592683343052,2374.179398289603,0.0,0.0,2200.0
3344,line-43,7291.772081632654,7822.760266085244,0.0,0.0,0.0,2704.43877522996
3345,line-43,3645.886040816327,10194.819664416316,0.0,0.0,0.0,8925.925717649949
3346,line-43,3645.886040816327,11872.118950353495,0.0,0.0,0.0,16740.846981710252
3347,line-43,3645.886040816327,12740.352949428294,0.0,0.0,3558.5163630438146,22000.0
3348,line-43,3645.886040816327,12740.352949428294,0.0,0.0,9094.466908611968,22000.0
3349,line-43,3645.886040816327,11872.118950353499,0.0,0.0,8226.232909537166,22000.0
3350,line-43,3645.886040816327,10194.819664416316,0.0,0.0,6548.93362359999,22000.0
3351,line-43,7291.772081632654,7822.76026608525,0.0,0.0,530.9881844525938,22000.0
3352,line-43,7291.772081632654,4917.592683343052,0.0,0.0,0.0,19500.863791274103
3353,line-43,3645.886040816327,1677.2992859371861,0.0,0.0,0.0,17428.667207190796
3354,line-43,3645.886040816327,0.0,0.0,0.0,0.0,13590.892427384131
3355,line-43,3645.886040816327,0.0,0.0,0.0,0.0,9753.117647577476
3356,line-43,3645.886040816327,0.0,0.0,0.0,0.0,5915.342867770814
3357,line-43,3645.886040816327,0.0,116.3103164340555,0.0,0.0,2200.0
3358,line-43,3645.886040816327,0.0,3645.886040816327,0.0,0.0,2200.0
3359,line-43,2734.4145306122496,0.0,2734.4145306122496,0.0,0.0,2200.0
3360,line-43,1822.9430204081634,0.0,1822.9430204081634,0.0,0.0,2200.0
3361,line-43,1822.9430204081634,0.0,1822.9430204081634,0.0,0.0,2200.0
3362,line-43,0.0,0.0,0.0,0.0,0.0,2200.0
3363,line-43,0.0,0.0,0.0,0.0,0.0,2200.0
3364,line-43,0.0,0.0,0.0,0.0,0.0,2200.0
3365,line-43,1822.943020408163,0.0,1822.943020408163,0.0,0.0,2200.0
3366,line-43,3645.886040816327,1680.3935414369337,1965.492499379394,0.0,0.0,2200.0
3367,line-43,7291.772081632654,4926.664581443501,2365.107500189154,0.0,0.0,2200.0
3368,line-43,7291.772081632654,7837.191571922871,0.0,0.0,0.0,2718.148515775704
3369,line-43,3645.886040816327,10213.62690834714,0.0,0.0,0.0,8957.502339929972
3370,line-43,3645.886040816327,11894.020449784073,0.0,0.0,0.0,16793.230028449325
3371,line-43,3645.886040816327,12763.856153366369,0.0,0.0,3637.1596161809125,22000.0
3372,line-43,3645.886040816327,12763.856153366369,0.0,0.0,9117.97011255004,22000.0
3373,line-43,3645.886040816327,11894.020449784073,0.0,0.0,8248.134408967746,22000.0
3374,line-43,3645.886040816327,10213.62690834714,0.0,0.0,6567.740867530807,22000.0
3375,line-43,7291.772081632654,7837.191571922872,0.0,0.0,545.4194902902171,22000.0
3376,line-43,7291.772081632654,4926.664581443502,0.0,0.0,0.0,19510.41315769563
3377,line-43,3645.886040816327,1680.3935414369387,0.0,0.0,0.0,17441.473684664692
3378,line-43,3645.886040816327,0.0,0.0,0.0,0.0,13603.698904858033
3379,line-43,3645.886040816327,0.0,0.0,0.0,0.0,9765.924125051373
3380,line-43,3645.886040816327,0.0,0.0,0.0,0.0,5928.149345244709
3381,line-43,3645.886040816327,0.0,104.14416283385219,0.0,0.0,2200.0
3382,line-43,3645.886040816327,0.0,3645.886040816327,0.0,0.0,2200.0
3383,line-43,2734.4145306122496,0.0,2734.4145306122496,0.0,0.0,2200.0
3384,line-43,1822.9430204081634,0.0,1822.9430204081634,0.0,0.0,2200.0
3385,line-43,1822.9430204081634,0.0,1822.9430204081634,0.0,0.0,2200.0
3386,line-43,0.0,0.0,0.0,0.0,0.0,2200.0
3387,line-43,0.0,0.0,0.0,0.0,0.0,2200.0
3388,line-43,0.0,0.0,0.0,0.0,0.0,2200.0
3389,line-43,1822.943020408163,0.0,1822.943020408163,0.0,0.0,2200.0
3390,line-43,3645.886040816327,1683.399788907689,1962.4862519086382,0.0,0.0,2200.0
3391,line-43,7291.772081632654,4935.478453058694,2356.2936285739606,0.0,0.0,2200.0
3392,line-43,7291.772081632654,7851.212416897533,0.0,0.0,0.0,2731.4683185016365
3393,line-43,3645.886040816327,10231.899229266795,0.0,0.0,0.0,8988.180847529584
3394,line-43,3645.886040816327,11915.299018174479,0.0,0.0,0.0,16844.123176019828
3395,line-43,3645.886040816327,12786.690869956232,0.0,0.0,3713.566067055514,22000.0
3396,line-43,3645.886040816327,12786.690869956232,0.0,0.0,9140.804829139905,22000.0
3397,line-43,3645.886040816327,11915.299018174479,0.0,0.0,8269.412977358154,22000.0
3398,line-43,3645.886040816327,10231.899229266795,0.0,0.0,6586.013188450471,22000.0
3399,line-43,7291.772081632654,7851.212416897541,0.0,0.0,559.4403352648843,22000.0
3400,line-43,7291.772081632654,4935.478453058697,0.0,0.0,0.0,19519.690917290573
3401,line-43,3645.886040816327,1683.3997889076943,0.0,0.0,0.0,17453.915915281483
3402,line-43,3645.886040816327,0.0,0.0,0.0,0.0,13616.141135474827
3403,line-43,3645.886040816327,0.0,0.0,0.0,0.0,9778.366355668164
3404,line-43,3645.886040816327,0.0,0.0,0.0,0.0,5940.591575861504
3405,line-43,3645.886040816327,0.0,92.32404374790053,0.0,0.0,2200.0
3406,line-43,3645.886040816327,0.0,3645.886040816327,0.0,0.0,2200.0
3407,line-43,2734.4145306122496,0.0,2734.4145306122496,0.0,0.0,2200.0
3408,line-43,1822.9430204081634,0.0,1822.9430204081634,0.0,0.0,2200.0
3409,line-43,1822.9430204081634,0.0,1822.9430204081634,0.0,0.0,2200.0
3410,line-43,0.0,0.0,0.0,0.0,0.0,2200.0
3411,line-43,0.0,0.0,0.0,0.0,0.0,2200.0
3412,line-43,0.0,0.0,0.0,0.0,0.0,2200.0
3413,line-43,1822.943020408163,0.0,1822.943020408163,0.0,0.0,2200.0
3414,line-43,3645.886040816327,1686.31713753344,1959.5689032828866,0.0,0.0,2200.0
3415,line-43,7291.772081632654,4944.031686448252,2347.740395184403,0.0,0.0,2200.0
3416,line-43,7291.772081632654,7864.818646330288,0.0,0.0,0.0,2744.39423646275
3417,line-43,3645.886040816327,10249.631212692255,0.0,0.0,0.0,9017.952149744879
3418,line-43,3645.886040816327,11935.948350225694,0.0,0.0,0.0,16893.51134368378
3419,line-43,3645.886040816327,12808.850332778537,0.0,0.0,3787.7130747872375,22000.0
3420,line-43,3645.886040816327,12808.850332778537,0.0,0.0,9162.964291962211,22000.0
3421,line-43,3645.886040816327,11935.948350225695,0.0,0.0,8290.062309409368,22000.0
3422,line-43,3645.886040816327,10249.631212692255,0.0,0.0,6603.745171875928,22000.0
3423,line-43,7291.772081632654,7864.81864633029,0.0,0.0,573.0465646976353,22000.0
3424,line-43,7291.772081632654,4944.031686448254,0.0,0.0,0.0,19528.69432085852
3425,line-43,3645.886040816327,1686.3171375334464,0.0,0.0,0.0,17465.990212139703
3426,line-43,3645.886040816327,0.0,0.0,0.0,0.0,13628.215432333045
3427,line-43,3645.886040816327,0.0,0.0,0.0,0.0,9790.440652526382
3428,line-43,3645.886040816327,0.0,0.0,0.0,0.0,5952.665872719722
3429,line-43,3645.886040816327,0.0,80.85346173259336,0.0,0.0,2200.0
3430,line-43,3645.886040816327,0.0,3645.886040816327,0.0,0.0,2200.0
3431,line-43,2734.4145306122496,0.0,2734.4145306122496,0.0,0.0,2200.0
3432,line-43,1822.9430204081634,0.0,1822.9430204081634,0.0,0.0,2200.0
3433,line-43,1822.9430204081634,0.0,1822.9430204081634,0.0,0.0,2200.0
3434,line-43,0.0,0.0,0.0,0.0,0.0,2200.0
3435,line-43,0.0,0.0,0.0,0.0,0.0,2200.0
3436,line-43,0.0,0.0,0.0,0.0,0.0,2200.0
3437,line-43,1822.943020408163,0.0,1822.943020408163,0.0,0.0,2200.0
3438,line-43,3645.886040816327,1689.1447228408306,1956.7413179754967,0.0,0.0,2200.0
3439,line-43,7291.772081632654,4952.321747104527,2339.4503345281278,0.0,0.0,2200.0
3440,line-43,7291.772081632654,7878.006228401692,0.0,0.0,0.0,2756.9224394305875
3441,line-43,3645.886040816327,10266.817604254138,0.0,0.0,0.0,9046.807424696506
3442,line-43,3645.886040816327,11955.96232709497,0.0,0.0,0.0,16941.379896661216
3443,line-43,3645.886040816327,12830.32797550622,0.0,0.0,3859.5786680174847,22000.0
3444,line-43,3645.886040816327,12830.32797550622,0.0,0.0,9184.441934689892,22000.0
3445,line-43,3645.886040816327,11955.96232709497,0.0,0.0,8310.076286278643,22000.0
3446,line-43,3645.886040816327,10266.817604254138,0.0,0.0,6620.931563437809,22000.0
3447,line-43,7291.772081632654,7878.006228401695,0.0,0.0,586.2341467690416,22000.0
3448,line-43,7291.772081632654,4952.321747104528,0.0,0.0,0.0,19537.42070049671
3449,line-43,3645.886040816327,1689.1447228408356,0.0,0.0,0.0,17477.69299736461
3450,line-43,3645.886040816327,0.0,0.0,0.0,0.0,13639.918217557948
3451,line-43,3645.886040816327,0.0,0.0,0.0,0.0,9802.14343775129
3452,line-43,3645.886040816327,0.0,0.0,0.0,0.0,5964.368657944628
3453,line-43,3645.886040816327,0.0,69.73581576892991,0.0,0.0,2200.0
3454,line-43,3645.886040816327,0.0,3645.886040816327,0.0,0.0,2200.0
3455,line-43,2734.4145306122496,0.0,2734.4145306122496,0.0,0.0,2200.0
3456,line-43,1822.9430204081634,0.0,1822.9430204081634,0.0,0.0,2200.0
3457,line-43,1822.9430204081634,0.0,1822.9430204081634,0.0,0.0,2200.0
3458,line-43,0.0,0.0,0.0,0.0,0.0,2200.0
3459,line-43,0.0,0.0,0.0,0.0,0.0,2200.0
3460,line-43,0.0,0.0,0.0,0.0,0.0,2200.0
3461,line-43,1822.943020408163,0.0,1822.943020408163,0.0,0.0,2200.0
3462,line-43,3645.886040816327,1691.8817069553047,1954.0043338610226,0.0,0.0,2200.0
3463,line-43,7291.772081632654,4960.346178503629,2331.4259031290258,0.0,0.0,2200.0
3464,line-43,7291.772081632654,7890.771255346576,0.0,0.0,0.0,2769.0492150282257
3465,line-43,3645.886040816327,10283.453311253712,0.0,0.0,0.0,9074.738121943737
3466,line-43,3645.886040816327,11975.33501820901,0.0,0.0,0.0,16987.71465046679
3467,line-43,3645.886040816327,12851.11743385021,0.0,0.0,3929.1415514199725,22000.0
3468,line-43,3645.886040816327,12851.11743385021,0.0,0.0,9205.231393033879,22000.0
3469,line-43,3645.886040816327,11975.335018209022,0.0,0.0,8329.448977392693,22000.0
3470,line-43,3645.886040816327,10283.453311253712,0.0,0.0,6637.567270437386,22000.0
3471,line-43,7291.772081632654,7890.771255346578,0.0,0.0,598.9991737139253,22000.0
3472,line-43,7291.772081632654,4960.346178503632,0.0,0.0,0.0,19545.867470390494
3473,line-43,3645.886040816327,1691.8817069553097,0.0,0.0,0.0,17489.020803168376
3474,line-43,3645.886040816327,0.0,0.0,0.0,0.0,13651.246023361718
3475,line-43,3645.886040816327,0.0,0.0,0.0,0.0,9813.471243555055
3476,line-43,3645.886040816327,0.0,0.0,0.0,0.0,5975.696463748395
3477,line-43,3645.886040816327,0.0,58.97440025535366,0.0,0.0,2200.0
3478,line-43,3645.886040816327,0.0,3645.886040816327,0.0,0.0,2200.0
3479,line-43,2734.4145306122496,0.0,2734.4145306122496,0.0,0.0,2200.0
3480,line-43,1822.9430204081634,0.0,1822.9430204081634,0.0,0.0,2200.0
3481,line-43,1822.9430204081634,0.0,1822.9430204081634,0.0,0.0,2200.0
3482,line-43,0.0,0.0,0.0,0.0,0.0,2200.0
3483,line-43,0.0,0.0,0.0,0.0,0.0,2200.0
3484,line-43,0.0,0.0,0.0,0.0,0.0,2200.0
3485,line-43,1822.943020408163,0.0,1822.943020408163,0.0,0.0,2200.0
3486,line-43,3645.886040816327,1694.5272788494046,1951.358761966923,0.0,0.0,2200.0
3487,line-43,7291.772081632654,4968.10260283336,2323.669478799295,0.0,0.0,2200.0
3488,line-43,7291.772081632654,7903.109944611961,0.0,0.0,0.0,2780.7709698303415
3489,line-43,3645.886040816327,10299.533404171969,0.0,0.0,0.0,9101.735965018199
3490,line-43,3645.886040816327,11994.060683021367,0.0,0.0,0.0,17032.50187511299
3491,line-43,3645.886040816327,12871.212547445326,0.0,0.0,3996.3811120110863,22000.0
3492,line-43,3645.886040816327,12871.212547445326,0.0,0.0,9225.326506628995,22000.0
3493,line-43,3645.886040816327,11994.060683021367,0.0,0.0,8348.174642205042,22000.0
3494,line-43,3645.886040816327,10299.533404171969,0.0,0.0,6653.647363355636,22000.0
3495,line-43,7291.772081632654,7903.109944611966,0.0,0.0,611.3378629793098,22000.0
3496,line-43,7291.772081632654,4968.102602833362,0.0,0.0,0.0,19554.032127579692
3497,line-43,3645.886040816327,1694.5272788494096,0.0,0.0,0.0,17499.970272877676
3498,line-43,3645.886040816327,0.0,0.0,0.0,0.0,13662.195493071009
3499,line-43,3645.886040816327,0.0,0.0,0.0,0.0,9824.420713264353
3500,line-43,3645.886040816327,0.0,0.0,0.0,0.0,5986.645933457692
3501,line-43,3645.886040816327,0.0,48.57240403152139,0.0,0.0,2200.0
3502,line-43,3645.886040816327,0.0,3645.886040816327,0.0,0.0,2200.0
3503,line-43,2734.4145306122496,0.0,2734.4145306122496,0.0,0.0,2200.0
3504,line-43,1822.9430204081634,0.0,1822.9430204081634,0.0,0.0,2200.0
3505,line-43,1822.9430204081634,0.0,1822.9430204081634,0.0,0.0,2200.0
3506,line-43,0.0,0.0,0.0,0.0,0.0,2200.0
3507,line-43,0.0,0.0,0.0,0.0,0.0,2200.0
3508,line-43,0.0,0.0,0.0,0.0,0.0,2200.0
3509,line-43,1822.943020408163,0.0,1822.943020408163,0.0,0.0,2200.0
3510,line-43,3645.886040816327,1697.0806545830796,1948.8053862332476,0.0,0.0,2200.0
3511,line-43,7291.772081632654,4975.588721697786,2316.1833599348674,0.0,0.0,2200.0
3512,line-43,7291.772081632654,7915.018639977926,0.0,0.0,0.0,2792.0842304280095
3513,line-43,3645.886040816327,10315.053118130327,0.0,0.0,0.0,9127.792953876311
3514,line-43,3645.886040816327,12012.133772713407,0.0,0.0,0.0,17075.728299178536
3515,line-43,3645.886040816327,12890.607361675711,0.0,0.0,4061.277425257847,22000.0
3516,line-43,3645.886040816327,12890.607361675711,0.0,0.0,9244.721320859386,22000.0
3517,line-43,3645.886040816327,12012.133772713407,0.0,0.0,8366.24773189708,22000.0
3518,line-43,3645.886040816327,10315.053118130327,0.0,0.0,6669.1670773139995,22000.0
3519,line-43,7291.772081632654,7915.018639977932,0.0,0.0,623.2465583452756,22000.0
3520,line-43,7291.772081632654,4975.588721697786,0.0,0.0,0.0,19561.912252700135
3521,line-43,3645.886040816327,1697.0806545830847,0.0,0.0,0.0,17510.538161928307
3522,line-43,3645.886040816327,0.0,0.0,0.0,0.0,13672.763382121644
3523,line-43,3645.886040816327,0.0,0.0,0.0,0.0,9834.988602314987
3524,line-43,3645.886040816327,0.0,0.0,0.0,0.0,5997.213822508324
3525,line-43,3645.886040816327,0.0,38.532909433418695,0.0,0.0,2200.0
3526,line-43,3645.886040816327,0.0,3645.886040816327,0.0,0.0,2200.0
3527,line-43,2734.4145306122496,0.0,2734.4145306122496,0.0,0.0,2200.0
3528,line-43,1822.9430204081634,0.0,1822.9430204081634,0.0,0.0,2200.0
3529,line-43,1822.9430204081634,0.0,1822.9430204081634,0.0,0.0,2200.0
3530,line-43,0.0,0.0,0.0,0.0,0.0,2200.0
3531,line-43,0.0,0.0,0.0,0.0,0.0,2200.0
3532,line-43,0.0,0.0,0.0,0.0,0.0,2200.0
3533,line-43,1822.943020408163,0.0,1822.943020408163,0.0,0.0,2200.0
3534,line-43,3645.886040816327,1699.5410775359935,1946.344963280334,0.0,0.0,2200.0
3535,line-43,7291.772081632654,4982.802316798329,2308.9697648343254,0.0,0.0,2200.0
3536,line-43,7291.772081632654,7926.493812641028,0.0,0.0,0.0,2802.985644457954
3537,line-43,3645.886040816327,10330.007854302614,0.0,0.0,0.0,9152.901367269926
3538,line-43,3645.886040816327,12029.548931838608,0.0,0.0,0.0,17117.38111374109
3539,line-43,3645.886040816327,12909.296129439354,0.0,0.0,4123.811260982068,22000.0
3540,line-43,3645.886040816327,12909.296129439354,0.0,0.0,9263.410088623024,22000.0
3541,line-43,3645.886040816327,12029.548931838608,0.0,0.0,8383.66289102228,22000.0
3542,line-43,3645.886040816327,10330.007854302614,0.0,0.0,6684.121813486286,22000.0
3543,line-43,7291.772081632654,7926.493812641029,0.0,0.0,634.7217310083757,22000.0
3544,line-43,7291.772081632654,4982.802316798331,0.0,0.0,0.0,19569.50551070071
3545,line-43,3645.886040816327,1699.5410775359987,0.0,0.0,0.0,17520.72133882668
3546,line-43,3645.886040816327,0.0,0.0,0.0,0.0,13682.946559020023
3547,line-43,3645.886040816327,0.0,0.0,0.0,0.0,9845.17177921336
3548,line-43,3645.886040816327,0.0,0.0,0.0,0.0,6007.3969994067
3549,line-43,3645.886040816327,0.0,28.858891379963836,0.0,0.0,2200.0
3550,line-43,3645.886040816327,0.0,3645.886040816327,0.0,0.0,2200.0
3551,line-43,2734.4145306122496,0.0,2734.4145306122496,0.0,0.0,2200.0
3552,line-43,1822.9430204081634,0.0,1822.9430204081634,0.0,0.0,2200.0
3553,line-43,1822.9430204081634,0.0,1822.9430204081634,0.0,0.0,2200.0
3554,line-43,0.0,0.0,0.0,0.0,0.0,2200.0
3555,line-43,0.0,0.0,0.0,0.0,0.0,2200.0
3556,line-43,0.0,0.0,0.0,0.0,0.0,2200.0
3557,line-43,1822.943020408163,0.0,1822.943020408163,0.0,0.0,2200.0
3558,line-43,3645.886040816327,1701.9078186317256,1943.9782221846021,0.0,0.0,2200.0
3559,line-43,7291.772081632654,4989.741250591079,2302.030831041576,0.0,0.0,2200.0
3560,line-43,7291.772081632654,7937.532062259944,0.0,0.0,0.0,2813.4719815959265
3561,line-43,3645.886040816327,10344.393181277741,0.0,0.0,0.0,9177.053765034267
3562,line-43,3645.886040816327,12046.300999909468,0.0,0.0,0.0,17157.44797617275
3563,line-43,3645.886040816327,12927.273312851023,0.0,0.0,4183.964089058644,22000.0
3564,line-43,3645.886040816327,12927.273312851023,0.0,0.0,9281.387272034695,22000.0
3565,line-43,3645.886040816327,12046.30099990947,0.0,0.0,8400.414959093143,22000.0
3566,line-43,3645.886040816327,10344.393181277741,0.0,0.0,6698.507140461414,22000.0
3567,line-43,7291.772081632654,7937.532062259951,0.0,0.0,645.7599806272945,22000.0
3568,line-43,7291.772081632654,4989.741250591079,0.0,0.0,0.0,19576.809651535186
3569,line-43,3645.886040816327,1701.907818631731,0.0,0.0,0.0,17530.516786077715
3570,line-43,3645.886040816327,0.0,0.0,0.0,0.0,13692.742006271048
3571,line-43,3645.886040816327,0.0,0.0,0.0,0.0,9854.96722646439
3572,line-43,3645.886040816327,0.0,0.0,0.0,0.0,6017.1924466577275
3573,line-43,3645.886040816327,0.0,19.553216491485102,0.0,0.0,2200.0
3574,line-43,3645.886040816327,0.0,3645.886040816327,0.0,0.0,2200.0
3575,line-43,2734.4145306122496,0.0,2734.4145306122496,0.0,0.0,2200.0
3576,line-43,1822.9430204081634,0.0,1822.9430204081634,0.0,0.0,2200.0
3577,line-43,1822.9430204081634,0.0,1822.9430204081634,0.0,0.0,2200.0
3578,line-43,0.0,0.0,0.0,0.0,0.0,2200.0
3579,line-43,0.0,0.0,0.0,0.0,0.0,2200.0
3580,line-43,0.0,0.0,0.0,0.0,0.0,2200.0
3581,line-43,1822.943020408163,0.0,1822.943020408163,0.0,0.0,2200.0
3582,line-43,3645.886040816327,1704.1801765538114,1941.7058642625152,0.0,0.0,2200.0
3583,line-43,7291.772081632654,4996.403466920194,2295.36861471246,0.0,0.0,2200.0
3584,line-43,7291.772081632654,7948.1301179630955,0.0,0.0,0.0,2823.5401345139194
3585,line-43,3645.886040816327,10358.204836372874,0.0,0.0,0.0,9200.242990292638
3586,line-43,3645.886040816327,12062.38501292669,0.0,0.0,0.0,17195.917013797476
3587,line-43,3645.886040816327,12944.53358488329,0.0,0.0,4241.718084906415,22000.0
3588,line-43,3645.886040816327,12944.53358488329,0.0,0.0,9298.647544066964,22000.0
3589,line-43,3645.886040816327,12062.38501292669,0.0,0.0,8416.498972110357,22000.0
3590,line-43,3645.886040816327,10358.204836372874,0.0,0.0,6712.318795556545,22000.0
3591,line-43,7291.772081632654,7948.130117963101,0.0,0.0,656.3580363304449,22000.0
3592,line-43,7291.772081632654,4996.4034669201965,0.0,0.0,0.0,19583.82251082899
3593,line-43,3645.886040816327,1704.180176553817,0.0,0.0,0.0,17539.92160107898
3594,line-43,3645.886040816327,0.0,0.0,0.0,0.0,13702.146821272321
3595,line-43,3645.886040816327,0.0,0.0,0.0,0.0,9864.372041465662
3596,line-43,3645.886040816327,0.0,0.0,0.0,0.0,6026.597261658998
3597,line-43,3645.886040816327,0.0,10.618642240278064,0.0,0.0,2200.0
3598,line-43,3645.886040816327,0.0,3645.886040816327,0.0,0.0,2200.0
3599,line-43,2734.4145306122496,0.0,2734.4145306122496,0.0,0.0,2200.0
3600,line-43,1822.9430204081634,0.0,1822.9430204081634,0.0,0.0,2200.0
3601,line-43,1822.9430204081634,0.0,1822.9430204081634,0.0,0.0,2200.0
3602,line-43,0.0,0.0,0.0,0.0,0.0,2200.0
3603,line-43,0.0,0.0,0.0,0.0,0.0,2200.0
3604,line-43,0.0,0.0,0.0,0.0,0.0,2200.0
3605,line-43,1822.943020408163,0.0,1822.943020408163,0.0,0.0,2200.0
3606,line-43,3645.886040816327,1706.3574779535566,1939.5285628627707,0.0,0.0,2200.0
3607,line-43,7291.772081632654,5002.7869916271975,2288.9850900054576,0.0,0.0,2200.0
3608,line-43,7291.772081632654,7958.28483931785,0.0,0.0,0.0,2833.1871198009358
3609,line-43,3645.886040816327,10371.438726896524,0.0,0.0,0.0,9222.462171577119
3610,line-43,3645.886040816327,12077.796204850078,0.0,0.0,0.0,17232.776827409176
3611,line-43,3645.886040816327,12961.071830945051,0.0,0.0,4297.0561347699595,22000.0
3612,line-43,3645.886040816327,12961.071830945051,0.0,0.0,9315.18579012872,22000.0
3613,line-43,3645.886040816327,12077.79620485008,0.0,0.0,8431.910164033752,22000.0
3614,line-43,3645.886040816327,10371.438726896524,0.0,0.0,6725.552686080191,22000.0
3615,line-43,7291.772081632654,7958.284839317851,0.0,0.0,666.5127576851979,22000.0
3616,line-43,7291.772081632654,5002.786991627199,0.0,0.0,0.0,19590.54201052057
3617,line-43,3645.886040816327,1706.357477953563,0.0,0.0,0.0,17548.932996980824
3618,line-43,3645.886040816327,0.0,0.0,0.0,0.0,13711.158217174157
3619,line-43,3645.886040816327,0.0,0.0,0.0,0.0,9873.383437367502
3620,line-43,3645.886040816327,0.0,0.0,0.0,0.0,6035.608657560841
3621,line-43,3645.886040816327,0.0,2.0578161335303093,0.0,0.0,2200.0
3622,line-43,3645.886040816327,0.0,3645.886040816327,0.0,0.0,2200.0
3623,line-43,2734.4145306122496,0.0,2734.4145306122496,0.0,0.0,2200.0
3624,line-43,1822.9430204081634,0.0,1822.9430204081634,0.0,0.0,2200.0
3625,line-43,1822.9430204081634,0.0,1822.9430204081634,0.0,0.0,2200.0
3626,line-43,0.0,0.0,0.0,0.0,0.0,2200.0
3627,line-43,0.0,0.0,0.0,0.0,0.0,2200.0
3628,line-43,0.0,0.0,0.0,0.0,0.0,2200.0
3629,line-43,1822.943020408163,0.0,1822.943020408163,0.0,0.0,2200.0
3630,line-43,3645.886040816327,1708.4390776495668,1937.446963166761,0.0,0.0,2200.0
3631,line-43,7291.772081632654,5008.889933135951,2282.8821484967034,0.0,0.0,2200.0
3632,line-43,7291.772081632654,7967.993217261111,0.0,0.0,0.0,2842.410078847033
3633,line-43,3645.886040816327,10384.09093136131,0.0,0.0,0.0,9243.70472486477
3634,line-43,3645.886040816327,12092.53000901088,0.0,0.0,0.0,17268.01649464959
3635,line-43,3645.886040816327,12976.883150397061,0.0,0.0,4349.961840790829,22000.0
3636,line-43,3645.886040816327,12976.883150397061,0.0,0.0,9330.997109580734,22000.0
3637,line-43,3645.886040816327,12092.53000901088,0.0,0.0,8446.643968194549,22000.0
3638,line-43,3645.886040816327,10384.09093136131,0.0,0.0,6738.204890544983,22000.0
3639,line-43,7291.772081632654,7967.9932172611125,0.0,0.0,676.2211356284594,22000.0
3640,line-43,7291.772081632654,5008.889933135952,0.0,0.0,0.0,19596.966159477157
3641,line-43,3645.886040816327,1708.4390776495723,0.0,0.0,0.0,17557.548303512147
3642,line-43,3645.886040816327,0.0,0.0,0.0,0.0,13719.773523705491
3643,line-43,3645.886040816327,0.0,0.0,0.0,0.0,9881.998743898832
3644,line-43,3645.886040816327,0.0,0.0,0.0,0.0,6044.223964092168
3645,line-43,3645.886040816327,0.0,0.0,0.0,0.0,2206.449184285509
3646,line-43,3645.886040816327,0.0,3639.759315745094,0.0,0.0,2200.0
3647,line-43,2734.4145306122496,0.0,2734.4145306122496,0.0,0.0,2200.0
3648,line-43,1822.9430204081634,0.0,1822.9430204081634,0.0,0.0,2200.0
3649,line-43,1822.9430204081634,0.0,1822.9430204081634,0.0,0.0,2200.0
3650,line-43,0.0,0.0,0.0,0.0,0.0,2200.0
3651,line-43,0.0,0.0,0.0,0.0,0.0,2200.0
3652,line-43,0.0,0.0,0.0,0.0,0.0,2200.0
3653,line-43,1822.943020408163,0.0,1822.943020408163,0.0,0.0,2200.0
3654,line-43,3645.886040816327,1710.4243588189265,1935.4616819974,0.0,0.0,2200.0
3655,line-43,7291.772081632654,5014.71048301317,2277.061598619482,0.0,0.0,2200.0
3656,line-43,7291.772081632654,7977.252374990972,0.0,0.0,0.0,2851.206278690403
3657,line-43,3645.886040816327,10396.157700646007,0.0,0.0,0.0,9263.964355528595
3658,line-43,3645.886040816327,12106.582059464934,0.0,0.0,0.0,17301.625573244768
3659,line-43,3645.886040816327,12991.962858004143,0.0,0.0,4400.419525866523,22000.0
3660,line-43,3645.886040816327,12991.962858004143,0.0,0.0,9346.076817187817,22000.0
3661,line-43,3645.886040816327,12106.582059464938,0.0,0.0,8460.696018648605,22000.0
3662,line-43,3645.886040816327,10396.157700646007,0.0,0.0,6750.271659829678,22000.0
3663,line-43,7291.772081632654,7977.252374990978,0.0,0.0,685.4802933583218,22000.0
3664,line-43,7291.772081632654,5014.710483013173,0.0,0.0,0.0,19603.09305408476
3665,line-43,3645.886040816327,1710.424358818933,0.0,0.0,0.0,17565.764967771713
3666,line-43,3645.886040816327,0.0,0.0,0.0,0.0,13727.990187965046
3667,line-43,3645.886040816327,0.0,0.0,0.0,0.0,9890.21540815839
3668,line-43,3645.886040816327,0.0,0.0,0.0,0.0,6052.440628351729
3669,line-43,3645.886040816327,0.0,0.0,0.0,0.0,2214.665848545067
3670,line-43,3645.886040816327,0.0,3631.953484698514,0.0,0.0,2200.0
3671,line-43,2734.4145306122496,0.0,2734.4145306122496,0.0,0.0,2200.0
3672,line-43,1822.9430204081634,0.0,1822.9430204081634,0.0,0.0,2200.0
3673,line-43,1822.9430204081634,0.0,1822.9430204081634,0.0,0.0,2200.0
3674,line-43,0.0,0.0,0.0,0.0,0.0,2200.0
3675,line-43,0.0,0.0,0.0,0.0,0.0,2200.0
3676,line-43,0.0,0.0,0.0,0.0,0.0,2200.0
3677,line-43,1822.943020408163,0.0,1822.943020408163,0.0,0.0,2200.0
3678,line-43,3645.886040816327,1712.3127331799806,1933.573307636347,0.0,0.0,2200.0
3679,line-43,7291.772081632654,5020.246916504312,2271.525165128342,0.0,0.0,2200.0
3680,line-43,7291.772081632654,7986.059568819171,0.0,0.0,0.0,2859.573112827189
3681,line-43,3645.886040816327,10407.63545910644,0.0,0.0,0.0,9283.235060202793
3682,line-43,3645.886040816327,12119.948192286423,0.0,0.0,0.0,17333.59410409938
3683,line-43,3645.886040816327,13006.306485323481,0.0,0.0,4448.414238295974,22000.0
3684,line-43,3645.886040816327,13006.306485323481,0.0,0.0,9360.420444507154,22000.0
3685,line-43,3645.886040816327,12119.948192286423,0.0,0.0,8474.062151470096,22000.0
3686,line-43,3645.886040816327,10407.63545910644,0.0,0.0,6761.749418290111,22000.0
3687,line-43,7291.772081632654,7986.059568819172,0.0,0.0,694.2874871865168,22000.0
3688,line-43,7291.772081632654,5020.246916504313,0.0,0.0,0.0,19608.92087881227
3689,line-43,3645.886040816327,1712.312733179986,0.0,0.0,0.0,17573.580554984546
3690,line-43,3645.886040816327,0.0,0.0,0.0,0.0,13735.805775177878
3691,line-43,3645.886040816327,0.0,0.0,0.0,0.0,9898.030995371222
3692,line-43,3645.886040816327,0.0,0.0,0.0,0.0,6060.256215564561
3693,line-43,3645.886040816327,0.0,0.0,0.0,0.0,2222.481435757899
3694,line-43,3645.886040816327,0.0,3624.5286768463243,0.0,0.0,2200.0
3695,line-43,2734.4145306122496,0.0,2734.4145306122496,0.0,0.0,2200.0
3696,line-43,1822.9430204081634,0.0,1822.9430204081634,0.0,0.0,2200.0
3697,line-43,1822.9430204081634,0.0,1822.9430204081634,0.0,0.0,2200.0
3698,line-43,0.0,0.0,0.0,0.0,0.0,2200.0
3699,line-43,0.0,0.0,0.0,0.0,0.0,2200.0
3700,line-43,0.0,0.0,0.0,0.0,0.0,2200.0
3701,line-43,1822.943020408163,0.0,1822.943020408163,0.0,0.0,2200.0
3702,line-43,3645.886040816327,1714.10364116665,1931.7823996496777,0.0,0.0,2200.0
3703,line-43,7291.772081632654,5025.497593044643,2266.2744885880115,0.0,0.0,2200.0
3704,line-43,7291.772081632654,7994.4121889840935,0.0,0.0,0.0,2867.5081019838663
3705,line-43,3645.886040816327,10418.520805635078,0.0,0.0,0.0,9301.511128561677
3706,line-43,3645.886040816327,12132.624446801723,0.0,0.0,0.0,17363.912614247805
3707,line-43,3645.886040816327,13019.90978202874,0.0,0.0,4493.931756210099,22000.0
3708,line-43,3645.886040816327,13019.90978202874,0.0,0.0,9374.023741212415,22000.0
3709,line-43,3645.886040816327,12132.624446801725,0.0,0.0,8486.738405985398,22000.0
3710,line-43,3645.886040816327,10418.520805635078,0.0,0.0,6772.634764818746,22000.0
3711,line-43,7291.772081632654,7994.412188984094,0.0,0.0,702.6401073514413,22000.0
3712,line-43,7291.772081632654,5025.497593044645,0.0,0.0,0.0,19614.44790674946
3713,line-43,3645.886040816327,1714.1036411666555,0.0,0.0,0.0,17580.99274922349
3714,line-43,3645.886040816327,0.0,0.0,0.0,0.0,13743.217969416834
3715,line-43,3645.886040816327,0.0,0.0,0.0,0.0,9905.443189610174
3716,line-43,3645.886040816327,0.0,0.0,0.0,0.0,6067.66840980351
3717,line-43,3645.886040816327,0.0,0.0,0.0,0.0,2229.8936299968514
3718,line-43,3645.886040816327,0.0,3617.4870923193184,0.0,0.0,2200.0
3719,line-43,2734.4145306122496,0.0,2734.4145306122496,0.0,0.0,2200.0
3720,line-43,1822.9430204081634,0.0,1822.9430204081634,0.0,0.0,2200.0
3721,line-43,1822.9430204081634,0.0,1822.9430204081634,0.0,0.0,2200.0
3722,line-43,0.0,0.0,0.0,0.0,0.0,2200.0
3723,line-43,0.0,0.0,0.0,0.0,0.0,2200.0
3724,line-43,0.0,0.0,0.0,0.0,0.0,2200.0
3725,line-43,1822.943020408163,0.0,1822.943020408163,0.0,0.0,2200.0
3726,line-43,3645.886040816327,1715.796552094248,1930.0894887220786,0.0,0.0,2200.0
3727,line-43,7291.772081632654,5030.460956745392,2261.3111248872638,0.0,0.0,2200.0
3728,line-43,7291.772081632654,8002.307760424132,0.0,0.0,0.0,2875.0088948519015
3729,line-43,3645.886040816327,10428.810514668809,0.0,0.0,0.0,9318.78714501176
3730,line-43,3645.886040816327,12144.607066763056,0.0,0.0,0.0,17392.572119661156
3731,line-43,3645.886040816327,13032.768717169523,0.0,0.0,4536.958591785985,22000.0
3732,line-43,3645.886040816327,13032.768717169523,0.0,0.0,9386.882676353192,22000.0
3733,line-43,3645.886040816327,12144.607066763056,0.0,0.0,8498.72102594673,22000.0
3734,line-43,3645.886040816327,10428.810514668809,0.0,0.0,6782.924473852482,22000.0
3735,line-43,7291.772081632654,8002.3077604241325,0.0,0.0,710.5356787914778,22000.0
3736,line-43,7291.772081632654,5030.460956745393,0.0,0.0,0.0,19619.67250011867
3737,line-43,3645.886040816327,1715.7965520942544,0.0,0.0,0.0,17587.99935409544
3738,line-43,3645.886040816327,0.0,0.0,0.0,0.0,13750.224574288774
3739,line-43,3645.886040816327,0.0,0.0,0.0,0.0,9912.449794482114
3740,line-43,3645.886040816327,0.0,0.0,0.0,0.0,6074.67501467545
3741,line-43,3645.886040816327,0.0,0.0,0.0,0.0,2236.9002348687914
3742,line-43,3645.886040816327,0.0,3610.8308176909754,0.0,0.0,2200.0
3743,line-43,2734.4145306122496,0.0,2734.4145306122496,0.0,0.0,2200.0
3744,line-43,1822.9430204081634,0.0,1822.9430204081634,0.0,0.0,2200.0
3745,line-43,1822.9430204081634,0.0,1822.9430204081634,0.0,0.0,2200.0
3746,line-43,0.0,0.0,0.0,0.0,0.0,2200.0
3747,line-43,0.0,0.0,0.0,0.0,0.0,2200.0
3748,line-43,0.0,0.0,0.0,0.0,0.0,2200.0
3749,line-43,1822.943020408163,0.0,1822.943020408163,0.0,0.0,2200.0
3750,line-43,3645.886040816327,1717.3909643167312,1928.4950764995965,0.0,0.0,2200.0
3751,line-43,7291.772081632654,5035.13553685477,2256.6365447778853,0.0,0.0,2200.0
3752,line-43,7291.772081632654,8009.743943511059,0.0,0.0,0.0,2882.073268784482
3753,line-43,3645.886040816327,10438.501537144786,0.0,0.0,0.0,9335.057990296518
3754,line-43,3645.886040816327,12155.892501461518,0.0,0.0,0.0,17419.56412790945
3755,line-43,3645.886040816327,13044.879480365824,0.0,0.0,4577.481995243657,22000.0
3756,line-43,3645.886040816327,13044.879480365824,0.0,0.0,9398.993439549498,22000.0
3757,line-43,3645.886040816327,12155.892501461518,0.0,0.0,8510.00646064519,22000.0
3758,line-43,3645.886040816327,10438.501537144786,0.0,0.0,6792.6154963284625,22000.0
3759,line-43,7291.772081632654,8009.743943511062,0.0,0.0,717.9718618784055,22000.0
3760,line-43,7291.772081632654,5035.135536854773,0.0,0.0,0.0,19624.593110760125
3761,line-43,3645.886040816327,1717.3909643167367,0.0,0.0,0.0,17594.598293392137
3762,line-43,3645.886040816327,0.0,0.0,0.0,0.0,13756.823513585472
3763,line-43,3645.886040816327,0.0,0.0,0.0,0.0,9919.048733778813
3764,line-43,3645.886040816327,0.0,0.0,0.0,0.0,6081.273953972149
3765,line-43,3645.886040816327,0.0,0.0,0.0,0.0,2243.49917416549
3766,line-43,3645.886040816327,0.0,3604.561825359112,0.0,0.0,2200.0
3767,line-43,2734.4145306122496,0.0,2734.4145306122496,0.0,0.0,2200.0
3768,line-43,1822.9430204081634,0.0,1822.9430204081634,0.0,0.0,2200.0
3769,line-43,1822.9430204081634,0.0,1822.9430204081634,0.0,0.0,2200.0
3770,line-43,0.0,0.0,0.0,0.0,0.0,2200.0
3771,line-43,0.0,0.0,0.0,0.0,0.0,2200.0
3772,line-43,0.0,0.0,0.0,0.0,0.0,2200.0
3773,line-43,1822.943020408163,0.0,1822.943020408163,0.0,0.0,2200.0
3774,line-43,3645.886040816327,1718.8864053753473,1926.9996354409805,0.0,0.0,2200.0
3775,line-43,7291.772081632654,5039.519948193807,2252.252133438849,0.0,0.0,2200.0
3776,line-43,7291.772081632654,8016.718534743343,0.0,0.0,0.0,2888.6991304551525
3777,line-43,3645.886040816327,10447.591001403895,0.0,0.0,0.0,9350.318843013345
3778,line-43,3645.886040816327,12166.47740677924,0.0,0.0,0.0,17444.880640678108
3779,line-43,3645.886040816327,13056.238482937148,0.0,0.0,4615.489958624092,22000.0
3780,line-43,3645.886040816327,13056.238482937148,0.0,0.0,9410.352442120817,22000.0
3781,line-43,3645.886040816327,12166.477406779242,0.0,0.0,8520.591365962919,22000.0
3782,line-43,3645.886040816327,10447.591001403895,0.0,0.0,6801.704960587567,22000.0
3783,line-43,7291.772081632654,8016.718534743344,0.0,0.0,724.9464531106892,22000.0
3784,line-43,7291.772081632654,5039.519948193807,0.0,0.0,0.0,19629.208280590683
3785,line-43,3645.886040816327,1718.8864053753525,0.0,0.0,0.0,17600.787611705447
3786,line-43,3645.886040816327,0.0,0.0,0.0,0.0,13763.012831898784
3787,line-43,3645.886040816327,0.0,0.0,0.0,0.0,9925.238052092127
3788,line-43,3645.886040816327,0.0,0.0,0.0,0.0,6087.463272285464
3789,line-43,3645.886040816327,0.0,0.0,0.0,0.0,2249.688492478805
3790,line-43,3645.886040816327,0.0,3598.681972961463,0.0,0.0,2200.0
3791,line-43,2734.4145306122496,0.0,2734.4145306122496,0.0,0.0,2200.0
3792,line-43,1822.9430204081634,0.0,1822.9430204081634,0.0,0.0,2200.0
3793,line-43,1822.9430204081634,0.0,1822.9430204081634,0.0,0.0,2200.0
3794,line-43,0.0,0.0,0.0,0.0,0.0,2200.0
3795,line-43,0.0,0.0,0.0,0.0,0.0,2200.0
3796,line-43,0.0,0.0,0.0,0.0,0.0,2200.0
3797,line-43,1822.943020408163,0.0,1822.943020408163,0.0,0.0,2200.0
3798,line-43,3645.886040816327,1720.2824321386365,1925.603608677691,0.0,0.0,2200.0
3799,line-43,7291.772081632654,5043.612891566798,2248.1591900658564,0.0,0.0,2200.0
3800,line-43,7291.772081632654,8023.229467399077,0.0,0.0,0.0,2894.884516478101
3801,line-43,3645.886040816327,10456.07621404171,0.0,0.0,0.0,9364.565181042217
3802,line-43,3645.886040816327,12176.35864618034,0.0,0.0,0.0,17468.51415613803
3803,line-43,3645.886040816327,13066.842358965874,0.0,0.0,4650.971219347475,22000.0
3804,line-43,3645.886040816327,13066.842358965874,0.0,0.0,9420.956318149547,22000.0
3805,line-43,3645.886040816327,12176.358646180344,0.0,0.0,8530.472605364017,22000.0
3806,line-43,3645.886040816327,10456.07621404171,0.0,0.0,6810.190173225383,22000.0
3807,line-43,7291.772081632654,8023.229467399078,0.0,0.0,731.4573857664251,22000.0
3808,line-43,7291.772081632654,5043.612891566799,0.0,0.0,0.0,19633.51664203594
3809,line-43,3645.886040816327,1720.2824321386418,0.0,0.0,0.0,17606.565475006795
3810,line-43,3645.886040816327,0.0,0.0,0.0,0.0,13768.79069520014
3811,line-43,3645.886040816327,0.0,0.0,0.0,0.0,9931.015915393476
3812,line-43,3645.886040816327,0.0,0.0,0.0,0.0,6093.2411355868135
3813,line-43,3645.886040816327,0.0,0.0,0.0,0.0,2255.466355780155
3814,line-43,3645.886040816327,0.0,3593.19300282518,0.0,0.0,2200.0
3815,line-43,2734.4145306122496,0.0,2734.4145306122496,0.0,0.0,2200.0
3816,line-43,1822.9430204081634,0.0,1822.9430204081634,0.0,0.0,2200.0
3817,line-43,1822.9430204081634,0.0,1822.9430204081634,0.0,0.0,2200.0
3818,line-43,0.0,0.0,0.0,0.0,0.0,2200.0
3819,line-43,0.0,0.0,0.0,0.0,0.0,2200.0
3820,line-43,0.0,0.0,0.0,0.0,0.0,2200.0
3821,line-43,1822.943020408163,0.0,1822.943020408163,0.0,0.0,2200.0
3822,line-43,3645.886040816327,1721.5786309337398,1924.3074098825869,0.0,0.0,2200.0
3823,line-43,7291.772081632654,5047.413154146291,2244.3589274863616,0.0,0.0,2200.0
3824,line-43,7291.772081632654,8029.274812148397,0.0,0.0,0.0,2900.6275939899574
3825,line-43,3645.886040816327,10463.9546607066,0.0,0.0,0.0,9377.792782885715
3826,line-43,3645.886040816327,12185.53329164034,0.0,0.0,0.0,17490.457671168526
3827,line-43,3645.886040816327,13076.687966294694,0.0,0.0,4683.915263550499,22000.0
3828,line-43,3645.886040816327,13076.687966294694,0.0,0.0,9430.801925478369,22000.0
3829,line-43,3645.886040816327,12185.53329164034,0.0,0.0,8539.647250824013,22000.0
3830,line-43,3645.886040816327,10463.9546607066,0.0,0.0,6818.068619890271,22000.0
3831,line-43,7291.772081632654,8029.274812148405,0.0,0.0,737.5027305157483,22000.0
3832,line-43,7291.772081632654,5047.413154146294,0.0,0.0,0.0,19637.51691843541
3833,line-43,3645.886040816327,1721.578630933746,0.0,0.0,0.0,17611.930171190586
3834,line-43,3645.886040816327,0.0,0.0,0.0,0.0,13774.155391383929
3835,line-43,3645.886040816327,0.0,0.0,0.0,0.0,9936.38061157727
3836,line-43,3645.886040816327,0.0,0.0,0.0,0.0,6098.605831770606
3837,line-43,3645.886040816327,0.0,0.0,0.0,0.0,2260.831051963947
3838,line-43,3645.886040816327,0.0,3588.096541450579,0.0,0.0,2200.0
3839,line-43,2734.4145306122496,0.0,2734.4145306122496,0.0,0.0,2200.0
3840,line-43,1822.9430204081634,0.0,1822.9430204081634,0.0,0.0,2200.0
3841,line-43,1822.9430204081634,0.0,1822.9430204081634,0.0,0.0,2200.0
3842,line-43,0.0,0.0,0.0,0.0,0.0,2200.0
3843,line-43,0.0,0.0,0.0,0.0,0.0,2200.0
3844,line-43,0.0,0.0,0.0,0.0,0.0,2200.0
3845,line-43,1822.943020408163,0.0,1822.943020408163,0.0,0.0,2200.0
3846,line-43,3645.886040816327,1722.7746176689805,1923.1114231473462,0.0,0.0,2200.0
3847,line-43,7291.772081632654,5050.91960983247,2240.852471800185,0.0,0.0,2200.0
3848,line-43,7291.772081632654,8034.85277762519,0.0,0.0,0.0,2905.92666119291
3849,line-43,3645.886040816327,10471.224006844792,0.0,0.0,0.0,9389.997728919949
3850,line-43,3645.886040816327,12193.998624513772,0.0,0.0,0.0,17510.70468343252
3851,line-43,3645.886040816327,13085.772387457662,0.0,0.0,4714.312329201884,22000.0
3852,line-43,3645.886040816327,13085.772387457662,0.0,0.0,9439.886346641335,22000.0
3853,line-43,3645.886040816327,12193.998624513773,0.0,0.0,8548.112583697446,22000.0
3854,line-43,3645.886040816327,10471.224006844792,0.0,0.0,6825.3379660284645,22000.0
3855,line-43,7291.772081632654,8034.852777625198,0.0,0.0,743.0806959925413,22000.0
3856,line-43,7291.772081632654,5050.919609832473,0.0,0.0,0.0,19641.20792442086
3857,line-43,3645.886040816327,1722.7746176689866,0.0,0.0,0.0,17616.880110581555
3858,line-43,3645.886040816327,0.0,0.0,0.0,0.0,13779.10533077489
3859,line-43,3645.886040816327,0.0,0.0,0.0,0.0,9941.330550968234
3860,line-43,3645.886040816327,0.0,0.0,0.0,0.0,6103.555771161573
3861,line-43,3645.886040816327,0.0,0.0,0.0,0.0,2265.7809913549113
3862,line-43,3645.886040816327,0.0,3583.3940990291617,0.0,0.0,2200.0
3863,line-43,2734.4145306122496,0.0,2734.4145306122496,0.0,0.0,2200.0
3864,line-43,1822.9430204081634,0.0,1822.9430204081634,0.0,0.0,2200.0
3865,line-43,1822.9430204081634,0.0,1822.9430204081634,0.0,0.0,2200.0
3866,line-43,0.0,0.0,0.0,0.0,0.0,2200.0
3867,line-43,0.0,0.0,0.0,0.0,0.0,2200.0
3868,line-43,0.0,0.0,0.0,0.0,0.0,2200.0
3869,line-43,1822.943020408163,0.0,1822.943020408163,0.0,0.0,2200.0
3870,line-43,3645.886040816327,1723.870037947678,1922.0160028686496,0.0,0.0,2200.0
3871,line-43,7291.772081632654,5054.131219586836,2237.6408620458196,0.0,0.0,2200.0
3872,line-43,7291.772081632654,8039.961710957902,0.0,0.0,0.0,2910.780147858984
3873,line-43,3645.886040816327,10477.882098392125,0.0,0.0,0.0,9401.176402555991
3874,line-43,3645.886040816327,12201.752136339803,0.0,0.0,0.0,17529.249193303294
3875,line-43,3645.886040816327,13094.092930544733,0.0,0.0,4742.1534089950355,22000.0
3876,line-43,3645.886040816327,13094.092930544733,0.0,0.0,9448.206889728408,22000.0
3877,line-43,3645.886040816327,12201.752136339806,0.0,0.0,8555.866095523479,22000.0
3878,line-43,3645.886040816327,10477.882098392125,0.0,0.0,6831.996057575801,22000.0
3879,line-43,7291.772081632654,8039.961710957904,0.0,0.0,748.1896293252496,22000.0
3880,line-43,7291.772081632654,5054.131219586838,0.0,0.0,0.0,19644.588566267557
3881,line-43,3645.886040816327,1723.8700379476832,0.0,0.0,0.0,17621.413826405827
3882,line-43,3645.886040816327,0.0,0.0,0.0,0.0,13783.639046599172
3883,line-43,3645.886040816327,0.0,0.0,0.0,0.0,9945.864266792509
3884,line-43,3645.886040816327,0.0,0.0,0.0,0.0,6108.089486985848
3885,line-43,3645.886040816327,0.0,0.0,0.0,0.0,2270.314707179187
3886,line-43,3645.886040816327,0.0,3579.0870689961016,0.0,0.0,2200.0
3887,line-43,2734.4145306122496,0.0,2734.4145306122496,0.0,0.0,2200.0
3888,line-43,1822.9430204081634,0.0,1822.9430204081634,0.0,0.0,2200.0
3889,line-43,1822.9430204081634,0.0,1822.9430204081634,0.0,0.0,2200.0
3890,line-43,0.0,0.0,0.0,0.0,0.0,2200.0
3891,line-43,0.0,0.0,0.0,0.0,0.0,2200.0
3892,line-43,0.0,0.0,0.0,0.0,0.0,2200.0
3893,line-43,1822.943020408163,0.0,1822.943020408163,0.0,0.0,2200.0
3894,line-43,3645.886040816327,1724.8645671731613,1921.0214736431665,0.0,0.0,2200.0
3895,line-43,7291.772081632654,5057.047031740107,2234.725049892549,0.0,0.0,2200.0
3896,line-43,7291.772081632654,8044.6000982593205,0.0,0.0,0.0,2915.186615795331
3897,line-43,3645.886040816327,10483.926962412403,0.0,0.0,0.0,9411.3254913116
3898,line-43,3645.886040816327,12208.791529585566,0.0,0.0,0.0,17546.085705642374
3899,line-43,3645.886040816327,13101.647129999421,0.0,0.0,4767.430253017175,22000.0
3900,line-43,3645.886040816327,13101.647129999421,0.0,0.0,9455.761089183095,22000.0
3901,line-43,3645.886040816327,12208.79152958557,0.0,0.0,8562.905488769236,22000.0
3902,line-43,3645.886040816327,10483.926962412403,0.0,0.0,6838.040921596075,22000.0
3903,line-43,7291.772081632654,8044.600098259322,0.0,0.0,752.8280166266692,22000.0
3904,line-43,7291.772081632654,5057.047031740107,0.0,0.0,0.0,19647.657842218367
3905,line-43,3645.886040816327,1724.8645671731663,0.0,0.0,0.0,17625.529975225567
3906,line-43,3645.886040816327,0.0,0.0,0.0,0.0,13787.755195418911
3907,line-43,3645.886040816327,0.0,0.0,0.0,0.0,9949.980415612248
3908,line-43,3645.886040816327,0.0,0.0,0.0,0.0,6112.205635805588
3909,line-43,3645.886040816327,0.0,0.0,0.0,0.0,2274.4308559989263
3910,line-43,3645.886040816327,0.0,3575.176727617349,0.0,0.0,2200.0
3911,line-43,2734.4145306122496,0.0,2734.4145306122496,0.0,0.0,2200.0
3912,line-43,1822.9430204081634,0.0,1822.9430204081634,0.0,0.0,2200.0
3913,line-43,1822.9430204081634,0.0,1822.9430204081634,0.0,0.0,2200.0
3914,line-43,0.0,0.0,0.0,0.0,0.0,2200.0
3915,line-43,0.0,0.0,0.0,0.0,0.0,2200.0
3916,line-43,0.0,0.0,0.0,0.0,0.0,2200.0
3917,line-43,1822.943020408163,0.0,1822.943020408163,0.0,0.0,2200.0
3918,line-43,3645.886040816327,1725.7579106449575,1920.1281301713702,0.0,0.0,2200.0
3919,line-43,7291.772081632654,5059.66618227421,2232.1058993584443,0.0,0.0,2200.0
3920,line-43,7291.772081632654,8048.76656507519,0.0,0.0,0.0,2919.1447592704067
3921,line-43,3645.886040816327,10489.356807681941,0.0,0.0,0.0,9420.441987792738
3922,line-43,3645.886040816327,12215.114718326904,0.0,0.0,0.0,17561.209231427783
3923,line-43,3645.886040816327,13108.432747349398,0.0,0.0,4790.135371193896,22000.0
3924,line-43,3645.886040816327,13108.432747349398,0.0,0.0,9462.546706533072,22000.0
3925,line-43,3645.886040816327,12215.114718326904,0.0,0.0,8569.228677510571,22000.0
3926,line-43,3645.886040816327,10489.356807681941,0.0,0.0,6843.470766865614,22000.0
3927,line-43,7291.772081632654,8048.766565075191,0.0,0.0,756.9944834425359,22000.0
3928,line-43,7291.772081632654,5059.666182274212,0.0,0.0,0.0,19650.414842780592
3929,line-43,3645.886040816327,1725.7579106449627,0.0,0.0,0.0,17629.227337337044
3930,line-43,3645.886040816327,0.0,0.0,0.0,0.0,13791.452557530387
3931,line-43,3645.886040816327,0.0,0.0,0.0,0.0,9953.677777723724
3932,line-43,3645.886040816327,0.0,0.0,0.0,0.0,6115.902997917064
3933,line-43,3645.886040816327,0.0,0.0,0.0,0.0,2278.128218110402
3934,line-43,3645.886040816327,0.0,3571.664233611445,0.0,0.0,2200.0
3935,line-43,2734.4145306122496,0.0,2734.4145306122496,0.0,0.0,2200.0
3936,line-43,1822.9430204081634,0.0,1822.9430204081634,0.0,0.0,2200.0
3937,line-43,1822.9430204081634,0.0,1822.9430204081634,0.0,0.0,2200.0
3938,line-43,0.0,0.0,0.0,0.0,0.0,2200.0
3939,line-43,0.0,0.0,0.0,0.0,0.0,2200.0
3940,line-43,0.0,0.0,0.0,0.0,0.0,2200.0
3941,line-43,1822.943020408163,0.0,1822.943020408163,0.0,0.0,2200.0
3942,line-43,3645.886040816327,1726.549803646116,1919.3362371702115,0.0,0.0,2200.0
3943,line-43,7291.772081632654,5061.987895078322,2229.7841865543323,0.0,0.0,2200.0
3944,line-43,7291.772081632654,8052.459876791464,0.0,0.0,0.0,2922.653405400868
3945,line-43,3645.886040816327,10494.170025220403,0.0,0.0,0.0,9428.52319058474
3946,line-43,3645.886040816327,12220.719828866524,0.0,0.0,0.0,17574.615289232424
3947,line-43,3645.886040816327,13114.447771869784,0.0,0.0,4810.262035508646,22000.0
3948,line-43,3645.886040816327,13114.447771869784,0.0,0.0,9468.561731053458,22000.0
3949,line-43,3645.886040816327,12220.719828866524,0.0,0.0,8574.833788050195,22000.0
3950,line-43,3645.886040816327,10494.170025220403,0.0,0.0,6848.283984404078,22000.0
3951,line-43,7291.772081632654,8052.459876791467,0.0,0.0,760.6877951588134,22000.0
3952,line-43,7291.772081632654,5061.987895078326,0.0,0.0,0.0,19652.85875099545
3953,line-43,3645.886040816327,1726.5498036461215,0.0,0.0,0.0,17632.504817132067
3954,line-43,3645.886040816327,0.0,0.0,0.0,0.0,13794.730037325411
3955,line-43,3645.886040816327,0.0,0.0,0.0,0.0,9956.955257518748
3956,line-43,3645.886040816327,0.0,0.0,0.0,0.0,6119.180477712085
3957,line-43,3645.886040816327,0.0,0.0,0.0,0.0,2281.4056979054267
3958,line-43,3645.886040816327,0.0,3568.550627806173,0.0,0.0,2200.0
3959,line-43,2734.4145306122496,0.0,2734.4145306122496,0.0,0.0,2200.0
3960,line-43,1822.9430204081634,0.0,1822.9430204081634,0.0,0.0,2200.0
3961,line-43,1822.9430204081634,0.0,1822.9430204081634,0.0,0.0,2200.0
3962,line-43,0.0,0.0,0.0,0.0,0.0,2200.0
3963,line-43,0.0,0.0,0.0,0.0,0.0,2200.0
3964,line-43,0.0,0.0,0.0,0.0,0.0,2200.0
3965,line-43,1822.943020408163,0.0,1822.943020408163,0.0,0.0,2200.0
3966,line-43,3645.886040816327,1727.24001152165,1918.6460292946776,0.0,0.0,2200.0
3967,line-43,7291.772081632654,5064.011482178833,2227.760599453823,0.0,0.0,2200.0
3968,line-43,7291.772081632654,8055.678939000183,0.0,0.0,0.0,2925.7115144991526
3969,line-43,3645.886040816327,10498.365188767562,0.0,0.0,0.0,9435.566705052826
3970,line-43,3645.886040816327,12225.60520028921,0.0,0.0,0.0,17586.299906552067
3971,line-43,3645.886040816327,13119.690421179013,0.0,0.0,4827.804281996439,22000.0
3972,line-43,3645.886040816327,13119.690421179013,0.0,0.0,9473.804380362686,22000.0
3973,line-43,3645.886040816327,12225.605200289217,0.0,0.0,8579.719159472887,22000.0
3974,line-43,3645.886040816327,10498.365188767562,0.0,0.0,6852.479147951233,22000.0
3975,line-43,7291.772081632654,8055.678939000188,0.0,0.0,763.9068573675311,22000.0
3976,line-43,7291.772081632654,5064.011482178833,0.0,0.0,0.0,19654.988842680188
3977,line-43,3645.886040816327,1727.2400115216553,0.0,0.0,0.0,17635.361443422633
3978,line-43,3645.886040816327,0.0,0.0,0.0,0.0,13797.586663615977
3979,line-43,3645.886040816327,0.0,0.0,0.0,0.0,9959.811883809314
3980,line-43,3645.886040816327,0.0,0.0,0.0,0.0,6122.037104002654
3981,line-43,3645.886040816327,0.0,0.0,0.0,0.0,2284.2623241959923
3982,line-43,3645.886040816327,0.0,3565.8368328301353,0.0,0.0,2200.0
3983,line-43,2734.4145306122496,0.0,2734.4145306122496,0.0,0.0,2200.0
3984,line-43,1822.9430204081634,0.0,1822.9430204081634,0.0,0.0,2200.0
3985,line-43,1822.9430204081634,0.0,1822.9430204081634,0.0,0.0,2200.0
3986,line-43,0.0,0.0,0.0,0.0,0.0,2200.0
3987,line-43,0.0,0.0,0.0,0.0,0.0,2200.0
3988,line-43,0.0,0.0,0.0,0.0,0.0,2200.0
3989,line-43,1822.943020408163,0.0,1822.943020408163,0.0,0.0,2200.0
3990,line-43,3645.886040816327,1727.8283297480714,1918.0577110682561,0.0,0.0,2200.0
3991,line-43,7291.772081632654,5065.736343943204,2226.035737689451,0.0,0.0,2200.0
3992,line-43,7291.772081632654,8058.422797823733,0.0,0.0,0.0,2928.318180381525
3993,line-43,3645.886040816327,10501.94105520591,0.0,0.0,0.0,9441.57044405163
3994,line-43,3645.886040816327,12229.769384953985,0.0,0.0,0.0,17596.2596209824
3995,line-43,3645.886040816327,13124.159141766937,0.0,0.0,4842.756912511034,22000.0
3996,line-43,3645.886040816327,13124.159141766937,0.0,0.0,9478.273100950611,22000.0
3997,line-43,3645.886040816327,12229.769384953985,0.0,0.0,8583.883344137657,22000.0
3998,line-43,3645.886040816327,10501.94105520591,0.0,0.0,6856.055014389583,22000.0
3999,line-43,7291.772081632654,8058.422797823741,0.0,0.0,766.650716191085,22000.0
4000,line-43,7291.772081632654,5065.7363439432065,0.0,0.0,0.0,19656.804486642686
4001,line-43,3645.886040816327,1727.8283297480768,0.0,0.0,0.0,17637.796369728734
4002,line-43,3645.886040816327,0.0,0.0,0.0,0.0,13800.021589922075
4003,line-43,3645.886040816327,0.0,0.0,0.0,0.0,9962.246810115415
4004,line-43,3645.886040816327,0.0,0.0,0.0,0.0,6124.4720303087515
4005,line-43,3645.886040816327,0.0,0.0,0.0,0.0,2286.697250502093
4006,line-43,3645.886040816327,0.0,3563.5236528393393,0.0,0.0,2200.0
4007,line-43,2734.4145306122496,0.0,2734.4145306122496,0.0,0.0,2200.0
4008,line-43,1822.9430204081634,0.0,1822.9430204081634,0.0,0.0,2200.0
4009,line-43,1822.9430204081634,0.0,1822.9430204081634,0.0,0.0,2200.0
4010,line-43,0.0,0.0,0.0,0.0,0.0,2200.0
4011,line-43,0.0,0.0,0.0,0.0,0.0,2200.0
4012,line-43,0.0,0.0,0.0,0.0,0.0,2200.0
4013,line-43,1822.943020408163,0.0,1822.943020408163,0.0,0.0,2200.0
4014,line-43,3645.886040816327,1728.3145839939914,1917.5714568223364,0.0,0.0,2200.0
4015,line-43,7291.772081632654,5067.161969257678,2224.610112374977,0.0,0.0,2200.0
4016,line-43,7291.772081632654,8060.69064019754,0.0,0.0,0.0,2930.4726306366397
4017,line-43,3645.886040816327,10504.896564929059,0.0,0.0,0.0,9446.532628543735
4018,line-43,3645.886040816327,12233.211148923045,0.0,0.0,0.0,17604.491481245117
4019,line-43,3645.886040816327,13127.852609455218,0.0,0.0,4855.115496265323,22000.0
4020,line-43,3645.886040816327,13127.852609455218,0.0,0.0,9481.966568638887,22000.0
4021,line-43,3645.886040816327,12233.211148923052,0.0,0.0,8587.325108106723,22000.0
4022,line-43,3645.886040816327,10504.896564929059,0.0,0.0,6859.010524112731,22000.0
4023,line-43,7291.772081632654,8060.690640197541,0.0,0.0,768.9185585648864,22000.0
4024,line-43,7291.772081632654,5067.1619692576805,0.0,0.0,0.0,19658.30514486845
4025,line-43,3645.886040816327,1728.3145839939966,0.0,0.0,0.0,17639.808874529157
4026,line-43,3645.886040816327,0.0,0.0,0.0,0.0,13802.03409472249
4027,line-43,3645.886040816327,0.0,0.0,0.0,0.0,9964.259314915835
4028,line-43,3645.886040816327,0.0,0.0,0.0,0.0,6126.4845351091735
4029,line-43,3645.886040816327,0.0,0.0,0.0,0.0,2288.709755302512
4030,line-43,3645.886040816327,0.0,3561.611773278941,0.0,0.0,2200.0
4031,line-43,2734.4145306122496,0.0,2734.4145306122496,0.0,0.0,2200.0
4032,line-43,1822.9430204081634,0.0,1822.9430204081634,0.0,0.0,2200.0
4033,line-43,1822.9430204081634,0.0,1822.9430204081634,0.0,0.0,2200.0
4034,line-43,0.0,0.0,0.0,0.0,0.0,2200.0
4035,line-43,0.0,0.0,0.0,0.0,0.0,2200.0
4036,line-43,0.0,0.0,0.0,0.0,0.0,2200.0
4037,line-43,1822.943020408163,0.0,1822.943020408163,0.0,0.0,2200.0
4038,line-43,3645.886040816327,1728.698630171782,1917.1874106445453,0.0,0.0,2200.0
4039,line-43,7291.772081632654,5068.2879356787025,2223.4841459539525,0.0,0.0,2200.0
4040,line-43,7291.772081632654,8062.48179411095,0.0,0.0,0.0,2932.1742268543803
4041,line-43,3645.886040816327,10507.230842155679,0.0,0.0,0.0,9450.451788126767
4042,line-43,3645.886040816327,12235.929472327458,0.0,0.0,0.0,17610.993048062337
4043,line-43,3645.886040816327,13130.769729789654,0.0,0.0,4864.876371144211,22000.0
4044,line-43,3645.886040816327,13130.769729789654,0.0,0.0,9484.883688973327,22000.0
4045,line-43,3645.886040816327,12235.929472327458,0.0,0.0,8590.043431511134,22000.0
4046,line-43,3645.886040816327,10507.230842155679,0.0,0.0,6861.344801339351,22000.0
4047,line-43,7291.772081632654,8062.481794110954,0.0,0.0,770.7097124783007,22000.0
4048,line-43,7291.772081632654,5068.287935678703,0.0,0.0,0.0,19659.49037268005
4049,line-43,3645.886040816327,1728.6986301717884,0.0,0.0,0.0,17641.398361475272
4050,line-43,3645.886040816327,0.0,0.0,0.0,0.0,13803.623581668615
4051,line-43,3645.886040816327,0.0,0.0,0.0,0.0,9965.848801861952
4052,line-43,3645.886040816327,0.0,0.0,0.0,0.0,6128.074022055292
4053,line-43,3645.886040816327,0.0,0.0,0.0,0.0,2290.29924224863
4054,line-43,3645.886040816327,0.0,3560.1017606801306,0.0,0.0,2200.0
4055,line-43,2734.4145306122496,0.0,2734.4145306122496,0.0,0.0,2200.0
4056,line-43,1822.9430204081634,0.0,1822.9430204081634,0.0,0.0,2200.0
4057,line-43,1822.9430204081634,0.0,1822.9430204081634,0.0,0.0,2200.0
4058,line-43,0.0,0.0,0.0,0.0,0.0,2200.0
4059,line-43,0.0,0.0,0.0,0.0,0.0,2200.0
4060,line-43,0.0,0.0,0.0,0.0,0.0,2200.0
4061,line-43,1822.943020408163,0.0,1822.943020408163,0.0,0.0,2200.0
4062,line-43,3645.886040816327,1728.9803544802753,1916.9056863360522,0.0,0.0,2200.0
4063,line-43,7291.772081632654,5069.113909558128,2222.6581720745276,0.0,0.0,2200.0
4064,line-43,7291.772081632654,8063.795728806409,0.0,0.0,0.0,2933.4224648150685
4065,line-43,3645.886040816327,10508.943195189056,0.0,0.0,0.0,9453.32676146916
4066,line-43,3645.886040816327,12237.923549669336,0.0,0.0,0.0,17615.762394879515
4067,line-43,3645.886040816327,13132.909638364534,0.0,0.0,4872.036644789803,22000.0
4068,line-43,3645.886040816327,13132.909638364534,0.0,0.0,9487.023597548208,22000.0
4069,line-43,3645.886040816327,12237.923549669336,0.0,0.0,8592.037508853009,22000.0
4070,line-43,3645.886040816327,10508.943195189056,0.0,0.0,6863.05715437273,22000.0
4071,line-43,7291.772081632654,8063.795728806416,0.0,0.0,772.02364717376,22000.0
4072,line-43,7291.772081632654,5069.113909558129,0.0,0.0,0.0,19660.35981886892
4073,line-43,3645.886040816327,1728.9803544802808,0.0,0.0,0.0,17642.564359567816
4074,line-43,3645.886040816327,0.0,0.0,0.0,0.0,13804.78957976116
4075,line-43,3645.886040816327,0.0,0.0,0.0,0.0,9967.014799954497
4076,line-43,3645.886040816327,0.0,0.0,0.0,0.0,6129.240020147834
4077,line-43,3645.886040816327,0.0,0.0,0.0,0.0,2291.4652403411756
4078,line-43,3645.886040816327,0.0,3558.994062492211,0.0,0.0,2200.0
4079,line-43,2734.4145306122496,0.0,2734.4145306122496,0.0,0.0,2200.0
4080,line-43,1822.9430204081634,0.0,1822.9430204081634,0.0,0.0,2200.0
4081,line-43,1822.9430204081634,0.0,1822.9430204081634,0.0,0.0,2200.0
4082,line-43,0.0,0.0,0.0,0.0,0.0,2200.0
4083,line-43,0.0,0.0,0.0,0.0,0.0,2200.0
4084,line-43,0.0,0.0,0.0,0.0,0.0,2200.0
4085,line-43,1822.943020408163,0.0,1822.943020408163,0.0,0.0,2200.0
4086,line-43,3645.886040816327,1729.1596734384752,1916.7263673778523,0.0,0.0,2200.0
4087,line-43,7291.772081632654,5069.639646142066,2222.132435490589,0.0,0.0,2200.0
4088,line-43,7291.772081632654,8064.632054936712,0.0,0.0,0.0,2934.2169746388554
4089,line-43,3645.886040816327,10510.033116622042,0.0,0.0,0.0,9455.15669665428
4090,line-43,3645.886040816327,12239.192790060515,0.0,0.0,0.0,17618.798108436255
4091,line-43,3645.886040816327,13134.271701078778,0.0,0.0,4876.594195458508,22000.0
4092,line-43,3645.886040816327,13134.271701078778,0.0,0.0,9488.385660262451,22000.0
4093,line-43,3645.886040816327,12239.192790060517,0.0,0.0,8593.306749244188,22000.0
4094,line-43,3645.886040816327,10510.033116622042,0.0,0.0,6864.147075805713,22000.0
4095,line-43,7291.772081632654,8064.632054936713,0.0,0.0,772.8599733040601,22000.0
4096,line-43,7291.772081632654,5069.639646142067,0.0,0.0,0.0,19660.913225799384
4097,line-43,3645.886040816327,1729.1596734384807,0.0,0.0,0.0,17643.30652329639
4098,line-43,3645.886040816327,0.0,0.0,0.0,0.0,13805.531743489724
4099,line-43,3645.886040816327,0.0,0.0,0.0,0.0,9967.756963683069
4100,line-43,3645.886040816327,0.0,0.0,0.0,0.0,6129.982183876407
4101,line-43,3645.886040816327,0.0,0.0,0.0,0.0,2292.2074040697457
4102,line-43,3645.886040816327,0.0,3558.289006950069,0.0,0.0,2200.0
4103,line-43,2734.4145306122496,0.0,2734.4145306122496,0.0,0.0,2200.0
4104,line-43,1822.9430204081634,0.0,1822.9430204081634,0.0,0.0,2200.0
4105,line-43,1822.9430204081634,0.0,1822.9430204081634,0.0,0.0,2200.0
4106,line-43,0.0,0.0,0.0,0.0,0.0,2200.0
4107,line-43,0.0,0.0,0.0,0.0,0.0,2200.0
4108,line-43,0.0,0.0,0.0,0.0,0.0,2200.0
4109,line-43,1822.943020408163,0.0,1822.943020408163,0.0,0.0,2200.0
4110,line-43,3645.886040816327,1729.2365339103067,1916.649506906021,0.0,0.0,2200.0
4111,line-43,7291.772081632654,5069.864989643422,2221.9070919892333,0.0,0.0,2200.0
4112,line-43,7291.772081632654,8064.990524680375,0.0,0.0,0.0,2934.5575208953323
4113,line-43,3645.886040816327,10510.500283487374,0.0,0.0,0.0,9455.941051432826
4114,line-43,3645.886040816327,12239.736817397681,0.0,0.0,0.0,17620.09928918511
4115,line-43,3645.886040816327,13134.855514323795,0.0,0.0,4878.547672649687,22000.0
4116,line-43,3645.886040816327,13134.855514323795,0.0,0.0,9488.96947350747,22000.0
4117,line-43,3645.886040816327,12239.736817397681,0.0,0.0,8593.850776581354,22000.0
4118,line-43,3645.886040816327,10510.500283487374,0.0,0.0,6864.614242671046,22000.0
4119,line-43,7291.772081632654,8064.9905246803755,0.0,0.0,773.2184430477208,22000.0
4120,line-43,7291.772081632654,5069.864989643423,0.0,0.0,0.0,19661.150429485013
4121,line-43,3645.886040816327,1729.2365339103117,0.0,0.0,0.0,17643.62463274185
4122,line-43,3645.886040816327,0.0,0.0,0.0,0.0,13805.849852935184
4123,line-43,3645.886040816327,0.0,0.0,0.0,0.0,9968.075073128524
4124,line-43,3645.886040816327,0.0,0.0,0.0,0.0,6130.30029332186
4125,line-43,3645.886040816327,0.0,0.0,0.0,0.0,2292.525513515202
4126,line-43,3645.886040816327,0.0,3557.986802976886,0.0,0.0,2200.0
4127,line-43,2734.4145306122496,0.0,2734.4145306122496,0.0,0.0,2200.0
4128,line-43,1822.9430204081634,0.0,1822.9430204081634,0.0,0.0,2200.0
4129,line-43,1822.9430204081634,0.0,1822.9430204081634,0.0,0.0,2200.0
4130,line-43,0.0,0.0,0.0,0.0,0.0,2200.0
4131,line-43,0.0,0.0,0.0,0.0,0.0,2200.0
4132,line-43,0.0,0.0,0.0,0.0,0.0,2200.0
4133,line-43,1822.943020408163,0.0,1822.943020408163,0.0,0.0,2200.0
4134,line-43,3645.886040816327,1729.210913120351,1916.6751276959756,0.0,0.0,2200.0
4135,line-43,7291.772081632654,5069.789873288053,2221.982208344602,0.0,0.0,2200.0
4136,line-43,7291.772081632654,8064.871031815072,0.0,0.0,0.0,2934.4440026732977
4137,line-43,3645.886040816327,10510.344557353437,0.0,0.0,0.0,9455.679593383555
4138,line-43,3645.886040816327,12239.55547047379,0.0,0.0,0.0,17619.665551558137
4139,line-43,3645.886040816327,13134.660905103123,0.0,0.0,4877.896497505891,22000.0
4140,line-43,3645.886040816327,13134.660905103123,0.0,0.0,9488.774864286794,22000.0
4141,line-43,3645.886040816327,12239.55547047379,0.0,0.0,8593.669429657462,22000.0
4142,line-43,3645.886040816327,10510.344557353437,0.0,0.0,6864.458516537108,22000.0
4143,line-43,7291.772081632654,8064.871031815077,0.0,0.0,773.0989501824209,22000.0
4144,line-43,7291.772081632654,5069.789873288053,0.0,0.0,0.0,19661.07135963726
4145,line-43,3645.886040816327,1729.2109131203572,0.0,0.0,0.0,17643.5185936415
4146,line-43,3645.886040816327,0.0,0.0,0.0,0.0,13805.74381383484
4147,line-43,3645.886040816327,0.0,0.0,0.0,0.0,9967.969034028181
4148,line-43,3645.886040816327,0.0,0.0,0.0,0.0,6130.194254221517
4149,line-43,3645.886040816327,0.0,0.0,0.0,0.0,2292.419474414859
4150,line-43,3645.886040816327,0.0,3558.087540122211,0.0,0.0,2200.0
4151,line-43,2734.4145306122496,0.0,2734.4145306122496,0.0,0.0,2200.0
4152,line-43,1822.9430204081634,0.0,1822.9430204081634,0.0,0.0,2200.0
4153,line-43,1822.9430204081634,0.0,1822.9430204081634,0.0,0.0,2200.0
4154,line-43,0.0,0.0,0.0,0.0,0.0,2200.0
4155,line-43,0.0,0.0,0.0,0.0,0.0,2200.0
4156,line-43,0.0,0.0,0.0,0.0,0.0,2200.0
4157,line-43,1822.943020408163,0.0,1822.943020408163,0.0,0.0,2200.0
4158,line-43,3645.886040816327,1729.082818660604,1916.8032221557235,0.0,0.0,2200.0
4159,line-43,7291.772081632654,5069.414319334555,2222.3577622980993,0.0,0.0,2200.0
4160,line-43,7291.772081632654,8064.273611749126,0.0,0.0,0.0,2933.876453610646
4161,line-43,3645.886040816327,10509.56598436525,0.0,0.0,0.0,9454.372399982121
4162,line-43,3645.886040816327,12238.648803025853,0.0,0.0,0.0,17617.497024081174
4163,line-43,3645.886040816327,13133.68793108368,0.0,0.0,4874.640862984373,22000.0
4164,line-43,3645.886040816327,13133.68793108368,0.0,0.0,9487.801890267354,22000.0
4165,line-43,3645.886040816327,12238.648803025855,0.0,0.0,8592.762762209528,22000.0
4166,line-43,3645.886040816327,10509.56598436525,0.0,0.0,6863.679943548921,22000.0
4167,line-43,7291.772081632654,8064.273611749128,0.0,0.0,772.5015301164733,22000.0
4168,line-43,7291.772081632654,5069.414319334555,0.0,0.0,0.0,19660.676039686212
4169,line-43,3645.886040816327,1729.0828186606097,0.0,0.0,0.0,17642.988437417036
4170,line-43,3645.886040816327,0.0,0.0,0.0,0.0,13805.213657610377
4171,line-43,3645.886040816327,0.0,0.0,0.0,0.0,9967.438877803714
4172,line-43,3645.886040816327,0.0,0.0,0.0,0.0,6129.664097997051
4173,line-43,3645.886040816327,0.0,0.0,0.0,0.0,2291.8893181903923
4174,line-43,3645.886040816327,0.0,3558.591188535456,0.0,0.0,2200.0
4175,line-43,2734.4145306122496,0.0,2734.4145306122496,0.0,0.0,2200.0
4176,line-43,1822.9430204081634,0.0,1822.9430204081634,0.0,0.0,2200.0
4177,line-43,1822.9430204081634,0.0,1822.9430204081634,0.0,0.0,2200.0
4178,line-43,0.0,0.0,0.0,0.0,0.0,2200.0
4179,line-43,0.0,0.0,0.0,0.0,0.0,2200.0
4180,line-43,0.0,0.0,0.0,0.0,0.0,2200.0
4181,line-43,1822.943020408163,0.0,1822.943020408163,0.0,0.0,2200.0
4182,line-43,3645.886040816327,1728.8522884882166,1917.0337523281112,0.0,0.0,2200.0
4183,line-43,7291.772081632654,5068.738439067672,2223.0336425649834,0.0,0.0,2200.0
4184,line-43,7291.772081632654,8063.198441510989,0.0,0.0,0.0,2932.855041884416
4185,line-43,3645.886040816327,10508.164795230787,0.0,0.0,0.0,9452.019858578153
4186,line-43,3645.886040816327,12237.017083719003,0.0,0.0,0.0,17613.594349335694
4187,line-43,3645.886040816327,13131.936880578654,0.0,0.0,4868.781733799896,22000.0
4188,line-43,3645.886040816327,13131.936880578654,0.0,0.0,9486.050839762327,22000.0
4189,line-43,3645.886040816327,12237.017083719003,0.0,0.0,8591.131042902676,22000.0
4190,line-43,3645.886040816327,10508.164795230787,0.0,0.0,6862.278754414454,22000.0
4191,line-43,7291.772081632654,8063.19844151099,0.0,0.0,771.4263598783353,22000.0
4192,line-43,7291.772081632654,5068.738439067672,0.0,0.0,0.0,19659.964586773705
4193,line-43,3645.886040816327,1728.8522884882216,0.0,0.0,0.0,17642.03432116517
4194,line-43,3645.886040816327,0.0,0.0,0.0,0.0,13804.259541358508
4195,line-43,3645.886040816327,0.0,0.0,0.0,0.0,9966.48476155185
4196,line-43,3645.886040816327,0.0,0.0,0.0,0.0,6128.709981745187
4197,line-43,3645.886040816327,0.0,0.0,0.0,0.0,2290.9352019385287
4198,line-43,3645.886040816327,0.0,3559.497598974725,0.0,0.0,2200.0
4199,line-43,2734.4145306122496,0.0,2734.4145306122496,0.0,0.0,2200.0
4200,line-43,1822.9430204081634,0.0,1822.9430204081634,0.0,0.0,2200.0
4201,line-43,1822.9430204081634,0.0,1822.9430204081634,0.0,0.0,2200.0
4202,line-43,0.0,0.0,0.0,0.0,0.0,2200.0
4203,line-43,0.0,0.0,0.0,0.0,0.0,2200.0
4204,line-43,0.0,0.0,0.0,0.0,0.0,2200.0
4205,line-43,1822.943020408163,0.0,1822.943020408163,0.0,0.0,2200.0
4206,line-43,3645.886040816327,1728.519390914254,1917.3666499020733,0.0,0.0,2200.0
4207,line-43,7291.772081632654,5067.76243276531,2224.0096488673444,0.0,0.0,2200.0
4208,line-43,7291.772081632654,8061.645839696808,0.0,0.0,0.0,2931.3800701609453
4209,line-43,3645.886040816327,10506.141405152626,0.0,0.0,0.0,9448.62266628043
4210,line-43,3645.886040816327,12234.660796066884,0.0,0.0,0.0,17607.95868376845
4211,line-43,3645.886040816327,13129.408272462117,0.0,0.0,4860.320846138897,22000.0
4212,line-43,3645.886040816327,13129.408272462117,0.0,0.0,9483.522231645791,22000.0
4213,line-43,3645.886040816327,12234.660796066884,0.0,0.0,8588.774755250552,22000.0
4214,line-43,3645.886040816327,10506.141405152626,0.0,0.0,6860.2553643363,22000.0
4215,line-43,7291.772081632654,8061.64583969681,0.0,0.0,769.8737580641557,22000.0
4216,line-43,7291.772081632654,5067.76243276531,0.0,0.0,0.0,19658.937211718585
4217,line-43,3645.886040816327,1728.5193909142597,0.0,0.0,0.0,17640.656527611147
4218,line-43,3645.886040816327,0.0,0.0,0.0,0.0,13802.881747804491
4219,line-43,3645.886040816327,0.0,0.0,0.0,0.0,9965.106967997828
4220,line-43,3645.886040816327,0.0,0.0,0.0,0.0,6127.332188191168
4221,line-43,3645.886040816327,0.0,0.0,0.0,0.0,2289.5574083845063
4222,line-43,3645.886040816327,0.0,3560.8065028510464,0.0,0.0,2200.0
4223,line-43,2734.4145306122496,0.0,2734.4145306122496,0.0,0.0,2200.0
4224,line-43,1822.9430204081634,0.0,1822.9430204081634,0.0,0.0,2200.0
4225,line-43,1822.9430204081634,0.0,1822.9430204081634,0.0,0.0,2200.0
4226,line-43,0.0,0.0,0.0,0.0,0.0,2200.0
4227,line-43,0.0,0.0,0.0,0.0,0.0,2200.0
4228,line-43,0.0,0.0,0.0,0.0,0.0,2200.0
4229,line-43,1822.943020408163,0.0,1822.943020408163,0.0,0.0,2200.0
4230,line-43,3645.886040816327,1728.0842245834526,1917.801816232874,0.0,0.0,2200.0
4231,line-43,7291.772081632654,5066.486589639207,2225.2854919934493,0.0,0.0,2200.0
4232,line-43,7291.772081632654,8059.616266376013,0.0,0.0,0.0,2929.4519755061897
4233,line-43,3645.886040816327,10503.496413704925,0.0,0.0,0.0,9444.181829750354
4234,line-43,3645.886040816327,12231.580638288382,0.0,0.0,0.0,17600.591697348806
4235,line-43,3645.886040816327,13126.102856015219,0.0,0.0,4849.260707145,22000.0
4236,line-43,3645.886040816327,13126.102856015219,0.0,0.0,9480.216815198888,22000.0
4237,line-43,3645.886040816327,12231.580638288382,0.0,0.0,8585.694597472053,22000.0
4238,line-43,3645.886040816327,10503.496413704925,0.0,0.0,6857.610372888596,22000.0
4239,line-43,7291.772081632654,8059.616266376014,0.0,0.0,767.8441847433598,22000.0
4240,line-43,7291.772081632654,5066.486589639207,0.0,0.0,0.0,19657.594218954266
4241,line-43,3645.886040816327,1728.0842245834583,0.0,0.0,0.0,17638.85546502493
4242,line-43,3645.886040816327,0.0,0.0,0.0,0.0,13801.080685218265
4243,line-43,3645.886040816327,0.0,0.0,0.0,0.0,9963.30590541161
4244,line-43,3645.886040816327,0.0,0.0,0.0,0.0,6125.531125604948
4245,line-43,3645.886040816327,0.0,0.0,0.0,0.0,2287.7563457982865
4246,line-43,3645.886040816327,0.0,3562.5175123079553,0.0,0.0,2200.0
4247,line-43,2734.4145306122496,0.0,2734.4145306122496,0.0,0.0,2200.0
4248,line-43,1822.9430204081634,0.0,1822.9430204081634,0.0,0.0,2200.0
4249,line-43,1822.9430204081634,0.0,1822.9430204081634,0.0,0.0,2200.0
4250,line-43,0.0,0.0,0.0,0.0,0.0,2200.0
4251,line-43,0.0,0.0,0.0,0.0,0.0,2200.0
4252,line-43,0.0,0.0,0.0,0.0,0.0,2200.0
4253,line-43,1822.943020408163,0.0,1822.943020408163,0.0,0.0,2200.0
4254,line-43,3645.886040816327,1727.5469184449887,1918.3391223713388,0.0,0.0,2200.0
4255,line-43,7291.772081632654,5064.911287749207,2226.8607938834475,0.0,0.0,2200.0
4256,line-43,7291.772081632654,8057.110322954973,0.0,0.0,0.0,2927.071329256203
4257,line-43,3645.886040816327,10500.23060465572,0.0,0.0,0.0,9438.698664903628
4258,line-43,3645.886040816327,12227.777523100713,0.0,0.0,0.0,17591.49557307379
4259,line-43,3645.886040816327,13122.02161070418,0.0,0.0,4835.604594176051,22000.0
4260,line-43,3645.886040816327,13122.02161070418,0.0,0.0,9476.135569887852,22000.0
4261,line-43,3645.886040816327,12227.777523100716,0.0,0.0,8581.891482284384,22000.0
4262,line-43,3645.886040816327,10500.23060465572,0.0,0.0,6854.344563839394,22000.0
4263,line-43,7291.772081632654,8057.110322954975,0.0,0.0,765.338241322322,22000.0
4264,line-43,7291.772081632654,5064.911287749207,0.0,0.0,0.0,19655.936006438482
4265,line-43,3645.886040816327,1727.5469184449942,0.0,0.0,0.0,17636.63166710023
4266,line-43,3645.886040816327,0.0,0.0,0.0,0.0,13798.856887293576
4267,line-43,3645.886040816327,0.0,0.0,0.0,0.0,9961.082107486913
4268,line-43,3645.886040816327,0.0,0.0,0.0,0.0,6123.3073276802525
4269,line-43,3645.886040816327,0.0,0.0,0.0,0.0,2285.532547873591
4270,line-43,3645.886040816327,0.0,3564.630120336418,0.0,0.0,2200.0
4271,line-43,2734.4145306122496,0.0,2734.4145306122496,0.0,0.0,2200.0
4272,line-43,1822.9430204081634,0.0,1822.9430204081634,0.0,0.0,2200.0
4273,line-43,1822.9430204081634,0.0,1822.9430204081634,0.0,0.0,2200.0
4274,line-43,0.0,0.0,0.0,0.0,0.0,2200.0
4275,line-43,0.0,0.0,0.0,0.0,0.0,2200.0
4276,line-43,0.0,0.0,0.0,0.0,0.0,2200.0
4277,line-43,1822.943020408163,0.0,1822.943020408163,0.0,0.0,2200.0
4278,line-43,3645.886040816327,1726.9076317142644,1918.9784091020622,0.0,0.0,2200.0
4279,line-43,7291.772081632654,5063.0369938912645,2228.73508774139,0.0,0.0,2200.0
4280,line-43,7291.772081632654,8054.128751998815,0.0,0.0,0.0,2924.238836847852
4281,line-43,3645.886040816327,10496.344945734732,0.0,0.0,0.0,9432.174796520334
4282,line-43,3645.886040816327,12223.252577448993,0.0,0.0,0.0,17580.67300632137
4283,line-43,3645.886040816327,13117.165745890077,0.0,0.0,4819.356553833081,22000.0
4284,line-43,3645.886040816327,13117.165745890077,0.0,0.0,9471.27970507375,22000.0
4285,line-43,3645.886040816327,12223.252577448995,0.0,0.0,8577.366536632671,22000.0
4286,line-43,3645.886040816327,10496.344945734732,0.0,0.0,6850.458904918405,22000.0
4287,line-43,7291.772081632654,8054.1287519988155,0.0,0.0,762.3566703661623,22000.0
4288,line-43,7291.772081632654,5063.036993891267,0.0,0.0,0.0,19653.96306553538
4289,line-43,3645.886040816327,1726.9076317142708,0.0,0.0,0.0,17633.98579279637
4290,line-43,3645.886040816327,0.0,0.0,0.0,0.0,13796.211012989716
4291,line-43,3645.886040816327,0.0,0.0,0.0,0.0,9958.436233183053
4292,line-43,3645.886040816327,0.0,0.0,0.0,0.0,6120.661453376392
4293,line-43,3645.886040816327,0.0,0.0,0.0,0.0,2282.8866735697306
4294,line-43,3645.886040816327,0.0,3567.143700925084,0.0,0.0,2200.0
4295,line-43,2734.4145306122496,0.0,2734.4145306122496,0.0,0.0,2200.0
4296,line-43,1822.9430204081634,0.0,1822.9430204081634,0.0,0.0,2200.0
4297,line-43,1822.9430204081634,0.0,1822.9430204081634,0.0,0.0,2200.0
4298,line-43,0.0,0.0,0.0,0.0,0.0,2200.0
4299,line-43,0.0,0.0,0.0,0.0,0.0,2200.0
4300,line-43,0.0,0.0,0.0,0.0,0.0,2200.0
4301,line-43,1822.943020408163,0.0,1822.943020408163,0.0,0.0,2200.0
4302,line-43,3645.886040816327,1726.1665538257387,1919.7194869905888,0.0,0.0,2200.0
4303,line-43,7291.772081632654,5060.864263459099,2230.907818173556,0.0,0.0,2200.0
4304,line-43,7291.772081632654,8050.672437011355,0.0,0.0,0.0,2920.9553376097656
4305,line-43,3645.886040816327,10491.84058834654,0.0,0.0,0.0,9424.612157763464
4306,line-43,3645.886040816327,12218.007142172279,0.0,0.0,0.0,17568.12720405162
4307,line-43,3645.886040816327,13111.536700470453,0.0,0.0,4800.5214007610975,22000.0
4308,line-43,3645.886040816327,13111.536700470453,0.0,0.0,9465.650659654124,22000.0
4309,line-43,3645.886040816327,12218.007142172279,0.0,0.0,8572.121101355953,22000.0
4310,line-43,3645.886040816327,10491.84058834654,0.0,0.0,6845.954547530211,22000.0
4311,line-43,7291.772081632654,8050.672437011357,0.0,0.0,758.9003553787043,22000.0
4312,line-43,7291.772081632654,5060.8642634591015,0.0,0.0,0.0,19651.675980869943
4313,line-43,3645.886040816327,1726.166553825744,0.0,0.0,0.0,17630.918626143008
4314,line-43,3645.886040816327,0.0,0.0,0.0,0.0,13793.143846336352
4315,line-43,3645.886040816327,0.0,0.0,0.0,0.0,9955.369066529693
4316,line-43,3645.886040816327,0.0,0.0,0.0,0.0,6117.594286723029
4317,line-43,3645.886040816327,0.0,0.0,0.0,0.0,2279.8195069163703
4318,line-43,3645.886040816327,0.0,3570.057509245777,0.0,0.0,2200.0
4319,line-43,2734.4145306122496,0.0,2734.4145306122496,0.0,0.0,2200.0
4320,line-43,1822.9430204081634,0.0,1822.9430204081634,0.0,0.0,2200.0
4321,line-43,1822.9430204081634,0.0,1822.9430204081634,0.0,0.0,2200.0
4322,line-43,0.0,0.0,0.0,0.0,0.0,2200.0
4323,line-43,0.0,0.0,0.0,0.0,0.0,2200.0
4324,line-43,0.0,0.0,0.0,0.0,0.0,2200.0
4325,line-43,1822.943020408163,0.0,1822.943020408163,0.0,0.0,2200.0
4326,line-43,3645.886040816327,1725.323904376781,1920.5621364395465,0.0,0.0,2200.0
4327,line-43,7291.772081632654,5058.393740279627,2233.378341353027,0.0,0.0,2200.0
4328,line-43,7291.772081632654,8046.742402173323,0.0,0.0,0.0,2917.221804513633
4329,line-43,3645.886040816327,10486.718867229465,0.0,0.0,0.0,9416.012989606115
4330,line-43,3645.886040816327,12212.042771606246,0.0,0.0,0.0,17553.861883856534
4331,line-43,3645.886040816327,13105.136142452948,0.0,0.0,4779.104716222443,22000.0
4332,line-43,3645.886040816327,13105.136142452948,0.0,0.0,9459.25010163662,22000.0
4333,line-43,3645.886040816327,12212.04277160625,0.0,0.0,8566.156730789917,22000.0
4334,line-43,3645.886040816327,10486.718867229465,0.0,0.0,6840.832826413139,22000.0
4335,line-43,7291.772081632654,8046.742402173324,0.0,0.0,754.9703205406694,22000.0
4336,line-43,7291.772081632654,5058.393740279631,0.0,0.0,0.0,19649.075430154713
4337,line-43,3645.886040816327,1725.3239043767862,0.0,0.0,0.0,17627.431076007826
4338,line-43,3645.886040816327,0.0,0.0,0.0,0.0,13789.656296201163
4339,line-43,3645.886040816327,0.0,0.0,0.0,0.0,9951.881516394506
4340,line-43,3645.886040816327,0.0,0.0,0.0,0.0,6114.1067365878425
4341,line-43,3645.886040816327,0.0,0.0,0.0,0.0,2276.331956781184
4342,line-43,3645.886040816327,0.0,3573.3706818742035,0.0,0.0,2200.0
4343,line-43,2734.4145306122496,0.0,2734.4145306122496,0.0,0.0,2200.0
4344,line-43,1822.9430204081634,0.0,1822.9430204081634,0.0,0.0,2200.0
4345,line-43,1822.9430204081634,0.0,1822.9430204081634,0.0,0.0,2200.0
4346,line-43,0.0,0.0,0.0,0.0,0.0,2200.0
4347,line-43,0.0,0.0,0.0,0.0,0.0,2200.0
4348,line-43,0.0,0.0,0.0,0.0,0.0,2200.0
4349,line-43,1822.943020408163,0.0,1822.943020408163,0.0,0.0,2200.0
4350,line-43,3645.886040816327,1724.379933062609,1921.5061077537175,0.0,0.0,2200.0
4351,line-43,7291.772081632654,5055.626156422188,2236.1459252104664,0.0,0.0,2200.0
4352,line-43,7291.772081632654,8042.339812038846,0.0,0.0,0.0,2913.039343885883
4353,line-43,3645.886040816327,10480.98130006,0.0,0.0,0.0,9406.379840167372
4354,line-43,3645.886040816327,12205.361233122607,0.0,0.0,0.0,17537.88127285834
4355,line-43,3645.886040816327,13097.96596846103,0.0,0.0,4755.112846442958,22000.0
4356,line-43,3645.886040816327,13097.96596846103,0.0,0.0,9452.079927644705,22000.0
4357,line-43,3645.886040816327,12205.361233122614,0.0,0.0,8559.475192306283,22000.0
4358,line-43,3645.886040816327,10480.98130006,0.0,0.0,6835.095259243674,22000.0
4359,line-43,7291.772081632654,8042.339812038853,0.0,0.0,750.5677304061966,22000.0
4360,line-43,7291.772081632654,5055.626156422191,0.0,0.0,0.0,19646.162183988992
4361,line-43,3645.886040816327,1724.3799330626146,0.0,0.0,0.0,17623.524175827184
4362,line-43,3645.886040816327,0.0,0.0,0.0,0.0,13785.749396020527
4363,line-43,3645.886040816327,0.0,0.0,0.0,0.0,9947.974616213864
4364,line-43,3645.886040816327,0.0,0.0,0.0,0.0,6110.199836407203
4365,line-43,3645.886040816327,0.0,0.0,0.0,0.0,2272.4250566005417
4366,line-43,3645.886040816327,0.0,3577.0822370458145,0.0,0.0,2200.0
4367,line-43,2734.4145306122496,0.0,2734.4145306122496,0.0,0.0,2200.0
4368,line-43,1822.9430204081634,0.0,1822.9430204081634,0.0,0.0,2200.0
4369,line-43,1822.9430204081634,0.0,1822.9430204081634,0.0,0.0,2200.0
4370,line-43,0.0,0.0,0.0,0.0,0.0,2200.0
4371,line-43,0.0,0.0,0.0,0.0,0.0,2200.0
4372,line-43,0.0,0.0,0.0,0.0,0.0,2200.0
4373,line-43,1822.943020408163,0.0,1822.943020408163,0.0,0.0,2200.0
4374,line-43,3645.886040816327,1723.3349196022975,1922.5511212140302,0.0,0.0,2200.0
4375,line-43,7291.772081632654,5052.562331981607,2239.2097496510487,0.0,0.0,2200.0
4376,line-43,7291.772081632654,8037.465971190414,0.0,0.0,0.0,2908.4091950798693
4377,line-43,3645.886040816327,10474.629587003128,0.0,0.0,0.0,9395.71556395733
4378,line-43,3645.886040816327,12197.964506605425,0.0,0.0,0.0,17520.190106456976
4379,line-43,3645.886040816327,13090.028303172016,0.0,0.0,4728.552900731454,22000.0
4380,line-43,3645.886040816327,13090.028303172016,0.0,0.0,9444.14226235569,22000.0
4381,line-43,3645.886040816327,12197.964506605425,0.0,0.0,8552.078465789098,22000.0
4382,line-43,3645.886040816327,10474.629587003128,0.0,0.0,6828.7435461868035,22000.0
4383,line-43,7291.772081632654,8037.465971190416,0.0,0.0,745.6938895577613,22000.0
4384,line-43,7291.772081632654,5052.562331981608,0.0,0.0,0.0,19642.937105630477
4385,line-43,3645.886040816327,1723.3349196023028,0.0,0.0,0.0,17619.199083299925
4386,line-43,3645.886040816327,0.0,0.0,0.0,0.0,13781.42430349326
4387,line-43,3645.886040816327,0.0,0.0,0.0,0.0,9943.649523686605
4388,line-43,3645.886040816327,0.0,0.0,0.0,0.0,6105.874743879944
4389,line-43,3645.886040816327,0.0,0.0,0.0,0.0,2268.099964073282
4390,line-43,3645.886040816327,0.0,3581.1910749467106,0.0,0.0,2200.0
4391,line-43,2734.4145306122496,0.0,2734.4145306122496,0.0,0.0,2200.0
4392,line-43,1822.9430204081634,0.0,1822.9430204081634,0.0,0.0,2200.0
4393,line-43,1822.9430204081634,0.0,1822.9430204081634,0.0,0.0,2200.0
4394,line-43,0.0,0.0,0.0,0.0,0.0,2200.0
4395,line-43,0.0,0.0,0.0,0.0,0.0,2200.0
4396,line-43,0.0,0.0,0.0,0.0,0.0,2200.0
4397,line-43,1822.943020408163,0.0,1822.943020408163,0.0,0.0,2200.0
4398,line-43,3645.886040816327,1722.189173655886,1923.6968671604418,0.0,0.0,2200.0
4399,line-43,7291.772081632654,5049.203174835186,2242.5689067974695,0.0,0.0,2200.0
4400,line-43,7291.772081632654,8032.122323852241,0.0,0.0,0.0,2903.332730108607
4401,line-43,3645.886040816327,10467.665610208507,0.0,0.0,0.0,9384.023321031178
4402,line-43,3645.886040816327,12189.854783864394,0.0,0.0,0.0,17500.79362692684
4403,line-43,3645.886040816327,13081.325498687422,0.0,0.0,4699.432749373029,22000.0
4404,line-43,3645.886040816327,13081.325498687422,0.0,0.0,9435.439457871093,22000.0
4405,line-43,3645.886040816327,12189.854783864399,0.0,0.0,8543.968743048066,22000.0
4406,line-43,3645.886040816327,10467.665610208507,0.0,0.0,6821.7795693921835,22000.0
4407,line-43,7291.772081632654,8032.122323852243,0.0,0.0,740.3502422195901,22000.0
4408,line-43,7291.772081632654,5049.2031748351865,0.0,0.0,0.0,19639.40115073951
4409,line-43,3645.886040816327,1722.1891736558912,0.0,0.0,0.0,17614.45708004431
4410,line-43,3645.886040816327,0.0,0.0,0.0,0.0,13776.682300237653
4411,line-43,3645.886040816327,0.0,0.0,0.0,0.0,9938.907520430994
4412,line-43,3645.886040816327,0.0,0.0,0.0,0.0,6101.13274062433
4413,line-43,3645.886040816327,0.0,0.0,0.0,0.0,2263.3579608176715
4414,line-43,3645.886040816327,0.0,3585.695978039541,0.0,0.0,2200.0
4415,line-43,2734.4145306122496,0.0,2734.4145306122496,0.0,0.0,2200.0
4416,line-43,1822.9430204081634,0.0,1822.9430204081634,0.0,0.0,2200.0
4417,line-43,1822.9430204081634,0.0,1822.9430204081634,0.0,0.0,2200.0
4418,line-43,0.0,0.0,0.0,0.0,0.0,2200.0
4419,line-43,0.0,0.0,0.0,0.0,0.0,2200.0
4420,line-43,0.0,0.0,0.0,0.0,0.0,2200.0
4421,line-43,1822.943020408163,0.0,1822.943020408163,0.0,0.0,2200.0
4422,line-43,3645.886040816327,1720.9430347326274,1924.9430060837003,0.0,0.0,2200.0
4423,line-43,7291.772081632654,5045.549680373687,2246.2224012589686,0.0,0.0,2200.0
4424,line-43,7291.772081632654,8026.310453462371,0.0,0.0,0.0,2897.8114532382288
4425,line-43,3645.886040816327,10460.091433252765,0.0,0.0,0.0,9371.306576052839
4426,line-43,3645.886040816327,12181.034467985392,0.0,0.0,0.0,17479.697581863453
4427,line-43,3645.886040816327,13071.860133836053,0.0,0.0,4667.761021297047,22000.0
4428,line-43,3645.886040816327,13071.860133836053,0.0,0.0,9425.974093019728,22000.0
4429,line-43,3645.886040816327,12181.034467985392,0.0,0.0,8535.148427169064,22000.0
4430,line-43,3645.886040816327,10460.091433252765,0.0,0.0,6814.205392436437,22000.0
4431,line-43,7291.772081632654,8026.310453462373,0.0,0.0,734.5383718297182,22000.0
4432,line-43,7291.772081632654,5045.549680373689,0.0,0.0,0.0,19635.55536709582
4433,line-43,3645.886040816327,1720.9430347326327,0.0,0.0,0.0,17609.299571218253
4434,line-43,3645.886040816327,0.0,0.0,0.0,0.0,13771.524791411588
4435,line-43,3645.886040816327,0.0,0.0,0.0,0.0,9933.750011604932
4436,line-43,3645.886040816327,0.0,0.0,0.0,0.0,6095.975231798271
4437,line-43,3645.886040816327,0.0,0.0,0.0,0.0,2258.2004519916095
4438,line-43,3645.886040816327,0.0,3590.595611424299,0.0,0.0,2200.0
4439,line-43,2734.4145306122496,0.0,2734.4145306122496,0.0,0.0,2200.0
4440,line-43,1822.9430204081634,0.0,1822.9430204081634,0.0,0.0,2200.0
4441,line-43,1822.9430204081634,0.0,1822.9430204081634,0.0,0.0,2200.0
4442,line-43,0.0,0.0,0.0,0.0,0.0,2200.0
4443,line-43,0.0,0.0,0.0,0.0,0.0,2200.0
4444,line-43,0.0,0.0,0.0,0.0,0.0,2200.0
4445,line-43,1822.943020408163,0.0,1822.943020408163,0.0,0.0,2200.0
4446,line-43,3645.886040816327,1719.5968720903766,1926.2891687259512,0.0,0.0,2200.0
4447,line-43,7291.772081632654,5041.602931206367,2250.169150426288,0.0,0.0,2200.0
4448,line-43,7291.772081632654,8020.032082203418,0.0,0.0,0.0,2891.8470005422255
4449,line-43,3645.886040816327,10451.909300527981,0.0,0.0,0.0,9357.569097268299
4450,line-43,3645.886040816327,12171.506172618361,0.0,0.0,0.0,17456.908222480226
4451,line-43,3645.886040816327,13061.635013409781,0.0,0.0,4633.547101520012,22000.0
4452,line-43,3645.886040816327,13061.635013409781,0.0,0.0,9415.748972593452,22000.0
4453,line-43,3645.886040816327,12171.506172618365,0.0,0.0,8525.620131802032,22000.0
4454,line-43,3645.886040816327,10451.909300527981,0.0,0.0,6806.0232597116565,22000.0
4455,line-43,7291.772081632654,8020.032082203421,0.0,0.0,728.2600005707676,22000.0
4456,line-43,7291.772081632654,5041.602931206368,0.0,0.0,0.0,19631.40089428812
4457,line-43,3645.886040816327,1719.596872090382,0.0,0.0,0.0,17603.72808510291
4458,line-43,3645.886040816327,0.0,0.0,0.0,0.0,13765.953305296254
4459,line-43,3645.886040816327,0.0,0.0,0.0,0.0,9928.178525489591
4460,line-43,3645.886040816327,0.0,0.0,0.0,0.0,6090.403745682931
4461,line-43,3645.886040816327,0.0,0.0,0.0,0.0,2252.628965876269
4462,line-43,3645.886040816327,0.0,3595.888523233872,0.0,0.0,2200.0
4463,line-43,2734.4145306122496,0.0,2734.4145306122496,0.0,0.0,2200.0
4464,line-43,1822.9430204081634,0.0,1822.9430204081634,0.0,0.0,2200.0
4465,line-43,1822.9430204081634,0.0,1822.9430204081634,0.0,0.0,2200.0
4466,line-43,0.0,0.0,0.0,0.0,0.0,2200.0
4467,line-43,0.0,0.0,0.0,0.0,0.0,2200.0
4468,line-43,0.0,0.0,0.0,0.0,0.0,2200.0
4469,line-43,1822.943020408163,0.0,1822.943020408163,0.0,0.0,2200.0
4470,line-43,3645.886040816327,1718.151084626179,1927.7349561901485,0.0,0.0,2200.0
4471,line-43,7291.772081632654,5037.364096840178,2254.4079847924763,0.0,0.0,2200.0
4472,line-43,7291.772081632654,8013.289070492295,0.0,0.0,0.0,2885.4411394166586
4473,line-43,3645.886040816327,10443.121636576683,0.0,0.0,0.0,9342.814955388994
4474,line-43,3645.886040816327,12161.27272120286,0.0,0.0,0.0,17432.4323017562
4475,line-43,3645.886040816327,13050.653167332477,0.0,0.0,4596.801128364776,22000.0
4476,line-43,3645.886040816327,13050.653167332477,0.0,0.0,9404.767126516152,22000.0
4477,line-43,3645.886040816327,12161.27272120286,0.0,0.0,8515.386680386533,22000.0
4478,line-43,3645.886040816327,10443.121636576683,0.0,0.0,6797.235595760356,22000.0
4479,line-43,7291.772081632654,8013.289070492297,0.0,0.0,721.5169888596438,22000.0
4480,line-43,7291.772081632654,5037.364096840181,0.0,0.0,0.0,19626.938963376342
4481,line-43,3645.886040816327,1718.151084626184,0.0,0.0,0.0,17597.744272649878
4482,line-43,3645.886040816327,0.0,0.0,0.0,0.0,13759.96949284321
4483,line-43,3645.886040816327,0.0,0.0,0.0,0.0,9922.194713036553
4484,line-43,3645.886040816327,0.0,0.0,0.0,0.0,6084.41993322989
4485,line-43,3645.886040816327,0.0,0.0,0.0,0.0,2246.6451534232315
4486,line-43,3645.886040816327,0.0,3601.5731450642575,0.0,0.0,2200.0
4487,line-43,2734.4145306122496,0.0,2734.4145306122496,0.0,0.0,2200.0
4488,line-43,1822.9430204081634,0.0,1822.9430204081634,0.0,0.0,2200.0
4489,line-43,1822.9430204081634,0.0,1822.9430204081634,0.0,0.0,2200.0
4490,line-43,0.0,0.0,0.0,0.0,0.0,2200.0
4491,line-43,0.0,0.0,0.0,0.0,0.0,2200.0
4492,line-43,0.0,0.0,0.0,0.0,0.0,2200.0
4493,line-43,1822.943020408163,0.0,1822.943020408163,0.0,0.0,2200.0
4494,line-43,3645.886040816327,1716.6061007580618,1929.279940058266,0.0,0.0,2200.0
4495,line-43,7291.772081632654,5032.834433333234,2258.9376482994203,0.0,0.0,2200.0
4496,line-43,7291.772081632654,8006.083416428899,0.0,0.0,0.0,2878.5957680564316
4497,line-43,3645.886040816327,10433.731045373344,0.0,0.0,0.0,9327.048522385592
4498,line-43,3645.886040816327,12150.337146131404,0.0,0.0,0.0,17406.277072434917
4499,line-43,3645.886040816327,13038.917849762127,0.0,0.0,4557.53399045624,22000.0
4500,line-43,3645.886040816327,13038.917849762127,0.0,0.0,9393.031808945801,22000.0
4501,line-43,3645.886040816327,12150.337146131404,0.0,0.0,8504.451105315076,22000.0
4502,line-43,3645.886040816327,10433.731045373344,0.0,0.0,6787.845004557015,22000.0
4503,line-43,7291.772081632654,8006.083416428899,0.0,0.0,714.311334796244,22000.0
4504,line-43,7291.772081632654,5032.834433333235,0.0,0.0,0.0,19622.170896526928
4505,line-43,3645.886040816327,1716.606100758067,0.0,0.0,0.0,17591.34990699192
4506,line-43,3645.886040816327,0.0,0.0,0.0,0.0,13753.575127185255
4507,line-43,3645.886040816327,0.0,0.0,0.0,0.0,9915.800347378596
4508,line-43,3645.886040816327,0.0,0.0,0.0,0.0,6078.025567571932
4509,line-43,3645.886040816327,0.0,0.0,0.0,0.0,2240.250787765273
4510,line-43,3645.886040816327,0.0,3607.647792439318,0.0,0.0,2200.0
4511,line-43,2734.4145306122496,0.0,2734.4145306122496,0.0,0.0,2200.0
4512,line-43,1822.9430204081634,0.0,1822.9430204081634,0.0,0.0,2200.0
4513,line-43,1822.9430204081634,0.0,1822.9430204081634,0.0,0.0,2200.0
4514,line-43,0.0,0.0,0.0,0.0,0.0,2200.0
4515,line-43,0.0,0.0,0.0,0.0,0.0,2200.0
4516,line-43,0.0,0.0,0.0,0.0,0.0,2200.0
4517,line-43,1822.943020408163,0.0,1822.943020408163,0.0,0.0,2200.0
4518,line-43,3645.886040816327,1714.962378298088,1930.9236625182398,0.0,0.0,2200.0
4519,line-43,7291.772081632654,5028.015282922582,2263.7567987100733,0.0,0.0,2200.0
4520,line-43,7291.772081632654,7998.417255204025,0.0,0.0,0.0,2871.3129148928047
4521,line-43,3645.886040816327,10423.740309552803,0.0,0.0,0.0,9310.274470192453
4522,line-43,3645.886040816327,12138.70268785089,0.0,0.0,0.0,17378.45028487529
4523,line-43,3645.886040816327,13026.432538126606,0.0,0.0,4515.75732349479,22000.0
4524,line-43,3645.886040816327,13026.432538126606,0.0,0.0,9380.546497310279,22000.0
4525,line-43,3645.886040816327,12138.70268785089,0.0,0.0,8492.816647034562,22000.0
4526,line-43,3645.886040816327,10423.740309552803,0.0,0.0,6777.854268736476,22000.0
4527,line-43,7291.772081632654,7998.417255204033,0.0,0.0,706.6451735713764,22000.0
4528,line-43,7291.772081632654,5028.015282922582,0.0,0.0,0.0,19617.098106620975
4529,line-43,3645.886040816327,1714.962378298093,0.0,0.0,0.0,17584.546882917573
4530,line-43,3645.886040816327,0.0,0.0,0.0,0.0,13746.772103110909
4531,line-43,3645.886040816327,0.0,0.0,0.0,0.0,9908.99732330425
4532,line-43,3645.886040816327,0.0,0.0,0.0,0.0,6071.222543497585
4533,line-43,3645.886040816327,0.0,0.0,0.0,0.0,2233.4477636909264
4534,line-43,3645.886040816327,0.0,3614.1106653099478,0.0,0.0,2200.0
4535,line-43,2734.4145306122496,0.0,2734.4145306122496,0.0,0.0,2200.0
4536,line-43,1822.9430204081634,0.0,1822.9430204081634,0.0,0.0,2200.0
4537,line-43,1822.9430204081634,0.0,1822.9430204081634,0.0,0.0,2200.0
4538,line-43,0.0,0.0,0.0,0.0,0.0,2200.0
4539,line-43,0.0,0.0,0.0,0.0,0.0,2200.0
4540,line-43,0.0,0.0,0.0,0.0,0.0,2200.0
4541,line-43,1822.943020408163,0.0,1822.943020408163,0.0,0.0,2200.0
4542,line-43,3645.886040816327,1713.2204043166987,1932.6656364996288,0.0,0.0,2200.0
4543,line-43,7291.772081632654,5022.908073626496,2268.8640080061577,0.0,0.0,2200.0
4544,line-43,7291.772081632654,7990.292858466712,0.0,0.0,0.0,2863.5947379923564
4545,line-43,3645.886040816327,10413.15238958571,0.0,0.0,0.0,9292.497769323265
4546,line-43,3645.886040816327,12126.372793902401,0.0,0.0,0.0,17348.960184755037
4547,line-43,3645.886040816327,13013.200932093214,0.0,0.0,4471.4835068084985,22000.0
4548,line-43,3645.886040816327,13013.200932093214,0.0,0.0,9367.314891276883,22000.0
4549,line-43,3645.886040816327,12126.372793902403,0.0,0.0,8480.48675308608,22000.0
4550,line-43,3645.886040816327,10413.15238958571,0.0,0.0,6767.266348769377,22000.0
4551,line-43,7291.772081632654,7990.292858466719,0.0,0.0,698.5207768340622,22000.0
4552,line-43,7291.772081632654,5022.908073626496,0.0,0.0,0.0,19611.722096835623
4553,line-43,3645.886040816327,1713.220404316704,0.0,0.0,0.0,17577.3372163097
4554,line-43,3645.886040816327,0.0,0.0,0.0,0.0,13739.562436503044
4555,line-43,3645.886040816327,0.0,0.0,0.0,0.0,9901.78765669638
4556,line-43,3645.886040816327,0.0,0.0,0.0,0.0,6064.01287688972
4557,line-43,3645.886040816327,0.0,0.0,0.0,0.0,2226.238097083058
4558,line-43,3645.886040816327,0.0,3620.959848587423,0.0,0.0,2200.0
4559,line-43,2734.4145306122496,0.0,2734.4145306122496,0.0,0.0,2200.0
4560,line-43,1822.9430204081634,0.0,1822.9430204081634,0.0,0.0,2200.0
4561,line-43,1822.9430204081634,0.0,1822.9430204081634,0.0,0.0,2200.0
4562,line-43,0.0,0.0,0.0,0.0,0.0,2200.0
4563,line-43,0.0,0.0,0.0,0.0,0.0,2200.0
4564,line-43,0.0,0.0,0.0,0.0,0.0,2200.0
4565,line-43,1822.943020408163,0.0,1822.943020408163,0.0,0.0,2200.0
4566,line-43,3645.886040816327,1711.3806949983782,1934.5053458179495,0.0,0.0,2200.0
4567,line-43,7291.772081632654,5017.514318821315,2274.2577628113395,0.0,0.0,2200.0
4568,line-43,7291.772081632654,7981.712633651042,0.0,0.0,0.0,2855.4435244174683
4569,line-43,3645.886040816327,10401.97042290124,0.0,0.0,0.0,9273.723687398138
4570,line-43,3645.886040816327,12113.35111789962,0.0,0.0,0.0,17317.81551062726
4571,line-43,3645.886040816327,12999.22695247236,0.0,0.0,4424.725659684729,22000.0
4572,line-43,3645.886040816327,12999.22695247236,0.0,0.0,9353.340911656032,22000.0
4573,line-43,3645.886040816327,12113.351117899621,0.0,0.0,8467.465077083294,22000.0
4574,line-43,3645.886040816327,10401.97042290124,0.0,0.0,6756.084382084914,22000.0
4575,line-43,7291.772081632654,7981.712633651045,0.0,0.0,689.9405520183913,22000.0
4576,line-43,7291.772081632654,5017.514318821316,0.0,0.0,0.0,19606.044460198587
4577,line-43,3645.886040816327,1711.3806949983837,0.0,0.0,0.0,17569.723043548118
4578,line-43,3645.886040816327,0.0,0.0,0.0,0.0,13731.948263741462
4579,line-43,3645.886040816327,0.0,0.0,0.0,0.0,9894.1734839348
4580,line-43,3645.886040816327,0.0,0.0,0.0,0.0,6056.398704128139
4581,line-43,3645.886040816327,0.0,0.0,0.0,0.0,2218.623924321477
4582,line-43,3645.886040816327,0.0,3628.1933127109246,0.0,0.0,2200.0
4583,line-43,2734.4145306122496,0.0,2734.4145306122496,0.0,0.0,2200.0
4584,line-43,1822.9430204081634,0.0,1822.9430204081634,0.0,0.0,2200.0
4585,line-43,1822.9430204081634,0.0,1822.9430204081634,0.0,0.0,2200.0
4586,line-43,0.0,0.0,0.0,0.0,0.0,2200.0
4587,line-43,0.0,0.0,0.0,0.0,0.0,2200.0
4588,line-43,0.0,0.0,0.0,0.0,0.0,2200.0
4589,line-43,1822.943020408163,0.0,1822.943020408163,0.0,0.0,2200.0
4590,line-43,3645.886040816327,1709.4437954887019,1936.4422453276259,0.0,0.0,2200.0
4591,line-43,7291.772081632654,5011.8356167929915,2279.936464839661,0.0,0.0,2200.0
4592,line-43,7291.772081632654,7972.679123262804,0.0,0.0,0.0,2846.8616895486434
4593,line-43,3645.886040816327,10390.197722957462,0.0,0.0,0.0,9253.957787582722
4594,line-43,3645.886040816327,12099.641518446164,0.0,0.0,0.0,17285.025491331067
4595,line-43,3645.886040816327,12984.514740055798,0.0,0.0,4375.497637482698,22000.0
4596,line-43,3645.886040816327,12984.514740055798,0.0,0.0,9338.628699239467,22000.0
4597,line-43,3645.886040816327,12099.641518446168,0.0,0.0,8453.75547762984,22000.0
4598,line-43,3645.886040816327,10390.197722957462,0.0,0.0,6744.311682141139,22000.0
4599,line-43,7291.772081632654,7972.679123262809,0.0,0.0,680.9070416301532,22000.0
4600,line-43,7291.772081632654,5011.835616792993,0.0,0.0,0.0,19600.066879116144
4601,line-43,3645.886040816327,1709.4437954887069,0.0,0.0,0.0,17561.706620876546
4602,line-43,3645.886040816327,0.0,0.0,0.0,0.0,13723.931841069882
4603,line-43,3645.886040816327,0.0,0.0,0.0,0.0,9886.157061263226
4604,line-43,3645.886040816327,0.0,0.0,0.0,0.0,6048.382281456565
4605,line-43,3645.886040816327,0.0,0.0,0.0,0.0,2210.6075016499026
4606,line-43,3645.886040816327,0.0,3635.8089142489207,0.0,0.0,2200.0
4607,line-43,2734.4145306122496,0.0,2734.4145306122496,0.0,0.0,2200.0
4608,line-43,1822.9430204081634,0.0,1822.9430204081634,0.0,0.0,2200.0
4609,line-43,1822.9430204081634,0.0,1822.9430204081634,0.0,0.0,2200.0
4610,line-43,0.0,0.0,0.0,0.0,0.0,2200.0
4611,line-43,0.0,0.0,0.0,0.0,0.0,2200.0
4612,line-43,0.0,0.0,0.0,0.0,0.0,2200.0
4613,line-43,1822.943020408163,0.0,1822.943020408163,0.0,0.0,2200.0
4614,line-43,3645.886040816327,1707.4102797327955,1938.475761083531,0.0,0.0,2200.0
4615,line-43,7291.772081632654,5005.873650263497,2285.898431369157,0.0,0.0,2200.0
4616,line-43,7291.772081632654,7963.19500412609,0.0,0.0,0.0,2837.851776368764
4617,line-43,3645.886040816327,10377.83777825945,0.0,0.0,0.0,9233.20592693973
4618,line-43,3645.886040816327,12085.248057992247,0.0,0.0,0.0,17250.599843256856
4619,line-43,3645.886040816327,12969.068654389583,0.0,0.0,4323.814027527838,22000.0
4620,line-43,3645.886040816327,12969.068654389583,0.0,0.0,9323.182613573257,22000.0
4621,line-43,3645.886040816327,12085.248057992249,0.0,0.0,8439.362017175921,22000.0
4622,line-43,3645.886040816327,10377.83777825945,0.0,0.0,6731.951737443123,22000.0
4623,line-43,7291.772081632654,7963.19500412609,0.0,0.0,671.4229224934367,22000.0
4624,line-43,7291.772081632654,5005.873650263497,0.0,0.0,0.0,19593.79112487457
4625,line-43,3645.886040816327,1707.4102797328014,0.0,0.0,0.0,17553.29032373402
4626,line-43,3645.886040816327,0.0,0.0,0.0,0.0,13715.515543927355
4627,line-43,3645.886040816327,0.0,0.0,0.0,0.0,9877.740764120697
4628,line-43,3645.886040816327,0.0,0.0,0.0,0.0,6039.965984314034
4629,line-43,3645.886040816327,0.0,0.0,0.0,0.0,2202.1912045073755
4630,line-43,3645.886040816327,0.0,3643.8043965343213,0.0,0.0,2200.0
4631,line-43,2734.4145306122496,0.0,2734.4145306122496,0.0,0.0,2200.0
4632,line-43,1822.9430204081634,0.0,1822.9430204081634,0.0,0.0,2200.0
4633,line-43,1822.9430204081634,0.0,1822.9430204081634,0.0,0.0,2200.0
4634,line-43,0.0,0.0,0.0,0.0,0.0,2200.0
4635,line-43,0.0,0.0,0.0,0.0,0.0,2200.0
4636,line-43,0.0,0.0,0.0,0.0,0.0,2200.0
4637,line-43,1822.943020408163,0.0,1822.943020408163,0.0,0.0,2200.0
4638,line-43,3645.886040816327,1705.2807503052666,1940.6052905110612,0.0,0.0,2200.0
4639,line-43,7291.772081632654,4999.630185892182,2292.141895740472,0.0,0.0,2200.0
4640,line-43,7291.772081632654,7953.263086590082,0.0,0.0,0.0,2828.4164547095547
4641,line-43,3645.886040816327,10364.894251325559,0.0,0.0,0.0,9211.474254693325
4642,line-43,3645.886040816327,12070.175001630825,0.0,0.0,0.0,17214.54876746709
4643,line-43,3645.886040816327,12952.893272482259,0.0,0.0,4269.69014478919,22000.0
4644,line-43,3645.886040816327,12952.893272482259,0.0,0.0,9307.007231665933,22000.0
4645,line-43,3645.886040816327,12070.175001630827,0.0,0.0,8424.288960814498,22000.0
4646,line-43,3645.886040816327,10364.894251325559,0.0,0.0,6719.008210509231,22000.0
4647,line-43,7291.772081632654,7953.263086590084,0.0,0.0,661.4910049574306,22000.0
4648,line-43,7291.772081632654,4999.630185892183,0.0,0.0,0.0,19587.219057115297
4649,line-43,3645.886040816327,1705.280750305272,0.0,0.0,0.0,17544.476646051025
4650,line-43,3645.886040816327,0.0,0.0,0.0,0.0,13706.701866244368
4651,line-43,3645.886040816327,0.0,0.0,0.0,0.0,9868.927086437705
4652,line-43,3645.886040816327,0.0,0.0,0.0,0.0,6031.152306631045
4653,line-43,3645.886040816327,0.0,6.291349516836306,0.0,0.0,2200.0
4654,line-43,3645.886040816327,0.0,3645.886040816327,0.0,0.0,2200.0
4655,line-43,2734.4145306122496,0.0,2734.4145306122496,0.0,0.0,2200.0
4656,line-43,1822.9430204081634,0.0,1822.9430204081634,0.0,0.0,2200.0
4657,line-43,1822.9430204081634,0.0,1822.9430204081634,0.0,0.0,2200.0
4658,line-43,0.0,0.0,0.0,0.0,0.0,2200.0
4659,line-43,0.0,0.0,0.0,0.0,0.0,2200.0
4660,line-43,0.0,0.0,0.0,0.0,0.0,2200.0
4661,line-43,1822.943020408163,0.0,1822.943020408163,0.0,0.0,2200.0
4662,line-43,3645.886040816327,1703.0558382316417,1942.830202584686,0.0,0.0,2200.0
4663,line-43,7291.772081632654,4993.107073752283,2298.6650078803723,0.0,0.0,2200.0
4664,line-43,7291.772081632654,7942.88631369629,0.0,0.0,0.0,2818.558520460454
4665,line-43,3645.886040816327,10351.37097760216,0.0,0.0,0.0,9188.769210406992
4666,line-43,3645.886040816327,12054.4268158338,0.0,0.0,0.0,17176.88294667359
4667,line-43,3645.886040816327,12935.993387448574,0.0,0.0,4213.142027341289,22000.0
4668,line-43,3645.886040816327,12935.993387448574,0.0,0.0,9290.107346632247,22000.0
4669,line-43,3645.886040816327,12054.4268158338,0.0,0.0,8408.540775017473,22000.0
4670,line-43,3645.886040816327,10351.37097760216,0.0,0.0,6705.484936785831,22000.0
4671,line-43,7291.772081632654,7942.886313696292,0.0,0.0,651.1142320636387,22000.0
4672,line-43,7291.772081632654,4993.107073752284,0.0,0.0,0.0,19580.35262328382
4673,line-43,3645.886040816327,1703.055838231647,0.0,0.0,0.0,17535.268199510476
4674,line-43,3645.886040816327,0.0,0.0,0.0,0.0,13697.49341970381
4675,line-43,3645.886040816327,0.0,0.0,0.0,0.0,9859.718639897153
4676,line-43,3645.886040816327,0.0,0.0,0.0,0.0,6021.943860090492
4677,line-43,3645.886040816327,0.0,15.039373730361547,0.0,0.0,2200.0
4678,line-43,3645.886040816327,0.0,3645.886040816327,0.0,0.0,2200.0
4679,line-43,2734.4145306122496,0.0,2734.4145306122496,0.0,0.0,2200.0
4680,line-43,1822.9430204081634,0.0,1822.9430204081634,0.0,0.0,2200.0
4681,line-43,1822.9430204081634,0.0,1822.9430204081634,0.0,0.0,2200.0
4682,line-43,0.0,0.0,0.0,0.0,0.0,2200.0
4683,line-43,0.0,0.0,0.0,0.0,0.0,2200.0
4684,line-43,0.0,0.0,0.0,0.0,0.0,2200.0
4685,line-43,1822.943020408163,0.0,1822.943020408163,0.0,0.0,2200.0
4686,line-43,3645.886040816327,1700.736202801386,1945.1498380149417,0.0,0.0,2200.0
4687,line-43,7291.772081632654,4986.306246782709,2305.465834849945,0.0,0.0,2200.0
4688,line-43,7291.772081632654,7932.067760306475,0.0,0.0,0.0,2808.280894740131
4689,line-43,3645.886040816327,10337.271964327114,0.0,0.0,0.0,9165.097522075377
4690,line-43,3645.886040816327,12038.0081671285,0.0,0.0,0.0,17137.61354207194
4691,line-43,3645.886040816327,12918.374007089182,0.0,0.0,4154.1864316117435,22000.0
4692,line-43,3645.886040816327,12918.374007089182,0.0,0.0,9272.487966272856,22000.0
4693,line-43,3645.886040816327,12038.0081671285,0.0,0.0,8392.122126312173,22000.0
4694,line-43,3645.886040816327,10337.271964327114,0.0,0.0,6691.385923510785,22000.0
4695,line-43,7291.772081632654,7932.067760306478,0.0,0.0,640.2956786738245,22000.0
4696,line-43,7291.772081632654,4986.306246782712,0.0,0.0,0.0,19573.19385805269
4697,line-43,3645.886040816327,1700.7362028013913,0.0,0.0,0.0,17525.66771277381
4698,line-43,3645.886040816327,0.0,0.0,0.0,0.0,13687.892932967156
4699,line-43,3645.886040816327,0.0,0.0,0.0,0.0,9850.118153160493
4700,line-43,3645.886040816327,0.0,0.0,0.0,0.0,6012.343373353832
4701,line-43,3645.886040816327,0.0,24.159836130188353,0.0,0.0,2200.0
4702,line-43,3645.886040816327,0.0,3645.886040816327,0.0,0.0,2200.0
4703,line-43,2734.4145306122496,0.0,2734.4145306122496,0.0,0.0,2200.0
4704,line-43,1822.9430204081634,0.0,1822.9430204081634,0.0,0.0,2200.0
4705,line-43,1822.9430204081634,0.0,1822.9430204081634,0.0,0.0,2200.0
4706,line-43,0.0,0.0,0.0,0.0,0.0,2200.0
4707,line-43,0.0,0.0,0.0,0.0,0.0,2200.0
4708,line-43,0.0,0.0,0.0,0.0,0.0,2200.0
4709,line-43,1822.943020408163,0.0,1822.943020408163,0.0,0.0,2200.0
4710,line-43,3645.886040816327,1698.3225313725397,1947.5635094437869,0.0,0.0,2200.0
4711,line-43,7291.772081632654,4979.229720215265,2312.542361417389,0.0,0.0,2200.0
4712,line-43,7291.772081632654,7920.810632191494,0.0,0.0,0.0,2797.586623030897
4713,line-43,3645.886040816327,10322.601389342346,0.0,0.0,0.0,9140.466204130615
4714,line-43,3645.886040816327,12020.923920714882,0.0,0.0,0.0,17096.752190034244
4715,line-43,3645.886040816327,12900.04035240676,0.0,0.0,4092.8408274159506,22000.0
4716,line-43,3645.886040816327,12900.04035240676,0.0,0.0,9254.15431159043,22000.0
4717,line-43,3645.886040816327,12020.923920714886,0.0,0.0,8375.037879898558,22000.0
4718,line-43,3645.886040816327,10322.601389342346,0.0,0.0,6676.715348526017,22000.0
4719,line-43,7291.772081632654,7920.810632191495,0.0,0.0,629.0385505588416,22000.0
4720,line-43,7291.772081632654,4979.229720215268,0.0,0.0,0.0,19565.744882718536
4721,line-43,3645.886040816327,1698.3225313725447,0.0,0.0,0.0,17515.67803067245
4722,line-43,3645.886040816327,0.0,0.0,0.0,0.0,13677.903250865793
4723,line-43,3645.886040816327,0.0,0.0,0.0,0.0,9840.128471059134
4724,line-43,3645.886040816327,0.0,0.0,0.0,0.0,6002.35369125247
4725,line-43,3645.886040816327,0.0,33.65003412648008,0.0,0.0,2200.0
4726,line-43,3645.886040816327,0.0,3645.886040816327,0.0,0.0,2200.0
4727,line-43,2734.4145306122496,0.0,2734.4145306122496,0.0,0.0,2200.0
4728,line-43,1822.9430204081634,0.0,1822.9430204081634,0.0,0.0,2200.0
4729,line-43,1822.9430204081634,0.0,1822.9430204081634,0.0,0.0,2200.0
4730,line-43,0.0,0.0,0.0,0.0,0.0,2200.0
4731,line-43,0.0,0.0,0.0,0.0,0.0,2200.0
4732,line-43,0.0,0.0,0.0,0.0,0.0,2200.0
4733,line-43,1822.943020408163,0.0,1822.943020408163,0.0,0.0,2200.0
4734,line-43,3645.886040816327,1695.8155391680384,1950.070501648289,0.0,0.0,2200.0
4735,line-43,7291.772081632654,4971.879590977498,2319.8924906551565,0.0,0.0,2200.0
4736,line-43,7291.772081632654,7909.11826508135,0.0,0.0,0.0,2786.4788742762594
4737,line-43,3645.886040816327,10307.363599855835,0.0,0.0,0.0,9114.88255536379
4738,line-43,3645.886040816327,12003.179139023869,0.0,0.0,0.0,17054.310998660952
4739,line-43,3645.886040816327,12880.997856058846,0.0,0.0,4029.1233927803664,22000.0
4740,line-43,3645.886040816327,12880.997856058846,0.0,0.0,9235.111815242519,22000.0
4741,line-43,3645.886040816327,12003.179139023869,0.0,0.0,8357.293098207545,22000.0
4742,line-43,3645.886040816327,10307.363599855835,0.0,0.0,6661.477559039508,22000.0
4743,line-43,7291.772081632654,7909.118265081352,0.0,0.0,617.3461834486989,22000.0
4744,line-43,7291.772081632654,4971.8795909775,0.0,0.0,0.0,19558.007904573515
4745,line-43,3645.886040816327,1695.8155391680439,0.0,0.0,0.0,17505.3021133648
4746,line-43,3645.886040816327,0.0,0.0,0.0,0.0,13667.527333558137
4747,line-43,3645.886040816327,0.0,0.0,0.0,0.0,9829.75255375148
4748,line-43,3645.886040816327,0.0,0.0,0.0,0.0,5991.977773944816
4749,line-43,3645.886040816327,0.0,43.50715556875042,0.0,0.0,2200.0
4750,line-43,3645.886040816327,0.0,3645.886040816327,0.0,0.0,2200.0
4751,line-43,2734.4145306122496,0.0,2734.4145306122496,0.0,0.0,2200.0
4752,line-43,1822.9430204081634,0.0,1822.9430204081634,0.0,0.0,2200.0
4753,line-43,1822.9430204081634,0.0,1822.9430204081634,0.0,0.0,2200.0
4754,line-43,0.0,0.0,0.0,0.0,0.0,2200.0
4755,line-43,0.0,0.0,0.0,0.0,0.0,2200.0
4756,line-43,0.0,0.0,0.0,0.0,0.0,2200.0
4757,line-43,1822.943020408163,0.0,1822.943020408163,0.0,0.0,2200.0
4758,line-43,3645.886040816327,1693.2159690637768,1952.670071752551,0.0,0.0,2200.0
4759,line-43,7291.772081632654,4964.258037071328,2327.514044561327,0.0,0.0,2200.0
4760,line-43,7291.772081632654,7896.994123676763,0.0,0.0,0.0,2774.960939941903
4761,line-43,3645.886040816327,10291.56311115346,0.0,0.0,0.0,9088.354156762176
4762,line-43,3645.886040816327,11984.779080217231,0.0,0.0,0.0,17010.302544193037
4763,line-43,3645.886040816327,12861.252160748085,0.0,0.0,3963.053008556008,22000.0
4764,line-43,3645.886040816327,12861.252160748085,0.0,0.0,9215.36611993176,22000.0
4765,line-43,3645.886040816327,11984.779080217235,0.0,0.0,8338.893039400908,22000.0
4766,line-43,3645.886040816327,10291.56311115346,0.0,0.0,6645.677070337131,22000.0
4767,line-43,7291.772081632654,7896.994123676764,0.0,0.0,605.2220420441108,22000.0
4768,line-43,7291.772081632654,4964.25803707133,0.0,0.0,0.0,19549.985216251236
4769,line-43,3645.886040816327,1693.215969063782,0.0,0.0,0.0,17494.543035459086
4770,line-43,3645.886040816327,0.0,0.0,0.0,0.0,13656.768255652418
4771,line-43,3645.886040816327,0.0,0.0,0.0,0.0,9818.993475845762
4772,line-43,3645.886040816327,0.0,0.0,0.0,0.0,5981.218696039101
4773,line-43,3645.886040816327,0.0,53.72827957918338,0.0,0.0,2200.0
4774,line-43,3645.886040816327,0.0,3645.886040816327,0.0,0.0,2200.0
4775,line-43,2734.4145306122496,0.0,2734.4145306122496,0.0,0.0,2200.0
4776,line-43,1822.9430204081634,0.0,1822.9430204081634,0.0,0.0,2200.0
4777,line-43,1822.9430204081634,0.0,1822.9430204081634,0.0,0.0,2200.0
4778,line-43,0.0,0.0,0.0,0.0,0.0,2200.0
4779,line-43,0.0,0.0,0.0,0.0,0.0,2200.0
4780,line-43,0.0,0.0,0.0,0.0,0.0,2200.0
4781,line-43,1822.943020408163,0.0,1822.943020408163,0.0,0.0,2200.0
4782,line-43,3645.886040816327,1690.524591368482,1955.3614494478456,0.0,0.0,2200.0
4783,line-43,7291.772081632654,4956.367316927664,2335.404764704991,0.0,0.0,2200.0
4784,line-43,7291.772081632654,7884.44180062249,0.0,0.0,0.0,2763.0362330403427
4785,line-43,3645.886040816327,10275.204605261031,0.0,0.0,0.0,9060.88886926281
4786,line-43,3645.886040816327,11965.729196629509,0.0,0.0,0.0,16964.73986728533
4787,line-43,3645.886040816327,12840.809117550149,0.0,0.0,3894.6492528236413,22000.0
4788,line-43,3645.886040816327,12840.809117550149,0.0,0.0,9194.923076733821,22000.0
4789,line-43,3645.886040816327,11965.729196629516,0.0,0.0,8319.843155813187,22000.0
4790,line-43,3645.886040816327,10275.204605261031,0.0,0.0,6629.318564444702,22000.0
4791,line-43,7291.772081632654,7884.441800622492,0.0,0.0,592.6697189898373,22000.0
4792,line-43,7291.772081632654,4956.367316927665,0.0,0.0,0.0,19541.67919504738
4793,line-43,3645.886040816327,1690.524591368487,0.0,0.0,0.0,17483.403985102283
4794,line-43,3645.886040816327,0.0,0.0,0.0,0.0,13645.629205295627
4795,line-43,3645.886040816327,0.0,0.0,0.0,0.0,9807.854425488964
4796,line-43,3645.886040816327,0.0,0.0,0.0,0.0,5970.079645682304
4797,line-43,3645.886040816327,0.0,64.31037741814066,0.0,0.0,2200.0
4798,line-43,3645.886040816327,0.0,3645.886040816327,0.0,0.0,2200.0
4799,line-43,2734.4145306122496,0.0,2734.4145306122496,0.0,0.0,2200.0
4800,line-43,1822.9430204081634,0.0,1822.9430204081634,0.0,0.0,2200.0
4801,line-43,1822.9430204081634,0.0,1822.9430204081634,0.0,0.0,2200.0
4802,line-43,0.0,0.0,0.0,0.0,0.0,2200.0
4803,line-43,0.0,0.0,0.0,0.0,0.0,2200.0
4804,line-43,0.0,0.0,0.0,0.0,0.0,2200.0
4805,line-43,1822.943020408163,0.0,1822.943020408163,0.0,0.0,2200.0
4806,line-43,3645.886040816327,1687.7422035954473,1958.1438372208793,0.0,0.0,2200.0
4807,line-43,7291.772081632654,4948.209768737181,2343.562312895474,0.0,0.0,2200.0
4808,line-43,7291.772081632654,7871.465015442751,0.0,0.0,0.0,2750.708287119593
4809,line-43,3645.886040816327,10258.292929556888,0.0,0.0,0.0,9032.494831423128
4810,line-43,3645.886040816327,11946.035133152334,0.0,0.0,0.0,16917.636469142337
4811,line-43,3645.886040816327,12819.674784179933,0.0,0.0,3823.932395092382,22000.0
4812,line-43,3645.886040816327,12819.674784179933,0.0,0.0,9173.788743363606,22000.0
4813,line-43,3645.886040816327,11946.035133152334,0.0,0.0,8300.149092336009,22000.0
4814,line-43,3645.886040816327,10258.292929556888,0.0,0.0,6612.406888740565,22000.0
4815,line-43,7291.772081632654,7871.465015442757,0.0,0.0,579.6929338101006,22000.0
4816,line-43,7291.772081632654,4948.209768737183,0.0,0.0,0.0,19533.09230221529
4817,line-43,3645.886040816327,1687.7422035954537,0.0,0.0,0.0,17471.888263035424
4818,line-43,3645.886040816327,0.0,0.0,0.0,0.0,13634.11348322876
4819,line-43,3645.886040816327,0.0,0.0,0.0,0.0,9796.338703422103
4820,line-43,3645.886040816327,0.0,0.0,0.0,0.0,5958.56392361544
4821,line-43,3645.886040816327,0.0,75.25031338165763,0.0,0.0,2200.0
4822,line-43,3645.886040816327,0.0,3645.886040816327,0.0,0.0,2200.0
4823,line-43,2734.4145306122496,0.0,2734.4145306122496,0.0,0.0,2200.0
4824,line-43,1822.9430204081634,0.0,1822.9430204081634,0.0,0.0,2200.0
4825,line-43,1822.9430204081634,0.0,1822.9430204081634,0.0,0.0,2200.0
4826,line-43,0.0,0.0,0.0,0.0,0.0,2200.0
4827,line-43,0.0,0.0,0.0,0.0,0.0,2200.0
4828,line-43,0.0,0.0,0.0,0.0,0.0,2200.0
4829,line-43,1822.943020408163,0.0,1822.943020408163,0.0,0.0,2200.0
4830,line-43,3645.886040816327,1684.8696302262213,1961.0164105901054,0.0,0.0,2200.0
4831,line-43,7291.772081632654,4939.787809757463,2351.984271875192,0.0,0.0,2200.0
4832,line-43,7291.772081632654,7858.067613439066,0.0,0.0,0.0,2737.980755216091
4833,line-43,3645.886040816327,10240.833095335525,0.0,0.0,0.0,9003.18045700933
4834,line-43,3645.886040816327,11925.702725561752,0.0,0.0,0.0,16869.006307517477
4835,line-43,3645.886040816327,12797.855423196528,0.0,0.0,3750.9233902933347,22000.0
4836,line-43,3645.886040816327,12797.855423196528,0.0,0.0,9151.969382380197,22000.0
4837,line-43,3645.886040816327,11925.702725561752,0.0,0.0,8279.816684745425,22000.0
4838,line-43,3645.886040816327,10240.833095335525,0.0,0.0,6594.947054519199,22000.0
4839,line-43,7291.772081632654,7858.067613439067,0.0,0.0,566.2955318064126,22000.0
4840,line-43,7291.772081632654,4939.787809757463,0.0,0.0,0.0,19524.227082236634
4841,line-43,3645.886040816327,1684.8696302262265,0.0,0.0,0.0,17459.999281615485
4842,line-43,3645.886040816327,0.0,0.0,0.0,0.0,13622.224501808818
4843,line-43,3645.886040816327,0.0,0.0,0.0,0.0,9784.44972200216
4844,line-43,3645.886040816327,0.0,0.0,0.0,0.0,5946.674942195497
4845,line-43,3645.886040816327,0.0,86.54484573060336,0.0,0.0,2200.0
4846,line-43,3645.886040816327,0.0,3645.886040816327,0.0,0.0,2200.0
4847,line-43,2734.4145306122496,0.0,2734.4145306122496,0.0,0.0,2200.0
4848,line-43,1822.9430204081634,0.0,1822.9430204081634,0.0,0.0,2200.0
4849,line-43,1822.9430204081634,0.0,1822.9430204081634,0.0,0.0,2200.0
4850,line-43,0.0,0.0,0.0,0.0,0.0,2200.0
4851,line-43,0.0,0.0,0.0,0.0,0.0,2200.0
4852,line-43,0.0,0.0,0.0,0.0,0.0,2200.0
4853,line-43,1822.943020408163,0.0,1822.943020408163,0.0,0.0,2200.0
4854,line-43,3645.886040816327,1681.9077224662863,1963.9783183500404,0.0,0.0,2200.0
4855,line-43,7291.772081632654,4931.103935596717,2360.6681460359387,0.0,0.0,2200.0
4856,line-43,7291.772081632654,7844.253564550778,0.0,0.0,0.0,2724.8574087722177
4857,line-43,3645.886040816327,10222.830276322644,0.0,0.0,0.0,8972.954432503217
4858,line-43,3645.886040816327,11904.73799878893,0.0,0.0,0.0,16818.863792577187
4859,line-43,3645.886040816327,12775.357500147493,0.0,0.0,3675.6438725703106,22000.0
4860,line-43,3645.886040816327,12775.357500147493,0.0,0.0,9129.471459331162,22000.0
4861,line-43,3645.886040816327,11904.73799878893,0.0,0.0,8258.851957972603,22000.0
4862,line-43,3645.886040816327,10222.830276322644,0.0,0.0,6576.944235506315,22000.0
4863,line-43,7291.772081632654,7844.253564550779,0.0,0.0,552.481482918126,22000.0
4864,line-43,7291.772081632654,4931.103935596717,0.0,0.0,0.0,19515.086162067433
4865,line-43,3645.886040816327,1681.9077224662917,0.0,0.0,0.0,17447.740563804236
4866,line-43,3645.886040816327,0.0,0.0,0.0,0.0,13609.965783997573
4867,line-43,3645.886040816327,0.0,0.0,0.0,0.0,9772.191004190916
4868,line-43,3645.886040816327,0.0,0.0,0.0,0.0,5934.416224384253
4869,line-43,3645.886040816327,0.0,98.19062765128581,0.0,0.0,2200.0
4870,line-43,3645.886040816327,0.0,3645.886040816327,0.0,0.0,2200.0
4871,line-43,2734.4145306122496,0.0,2734.4145306122496,0.0,0.0,2200.0
4872,line-43,1822.9430204081634,0.0,1822.9430204081634,0.0,0.0,2200.0
4873,line-43,1822.9430204081634,0.0,1822.9430204081634,0.0,0.0,2200.0
4874,line-43,0.0,0.0,0.0,0.0,0.0,2200.0
4875,line-43,0.0,0.0,0.0,0.0,0.0,2200.0
4876,line-43,0.0,0.0,0.0,0.0,0.0,2200.0
4877,line-43,1822.943020408163,0.0,1822.943020408163,0.0,0.0,2200.0
4878,line-43,3645.886040816327,1678.8573579928366,1967.028682823491,0.0,0.0,2200.0
4879,line-43,7291.772081632654,4922.160719474263,2369.611362158392,0.0,0.0,2200.0
4880,line-43,7291.772081632654,7830.026962178707,0.0,0.0,0.0,2711.34213651875
4881,line-43,3645.886040816327,10204.289807142039,0.0,0.0,0.0,8941.825714528179
4882,line-43,3645.886040816327,11883.147165134873,0.0,0.0,0.0,16767.2237826308
4883,line-43,3645.886040816327,12752.18768165297,0.0,0.0,3598.1161488690623,22000.0
4884,line-43,3645.886040816327,12752.18768165297,0.0,0.0,9106.301640836644,22000.0
4885,line-43,3645.886040816327,11883.147165134877,0.0,0.0,8237.26112431855,22000.0
4886,line-43,3645.886040816327,10204.289807142039,0.0,0.0,6558.403766325712,22000.0
4887,line-43,7291.772081632654,7830.02696217871,0.0,0.0,538.2548805460574,22000.0
4888,line-43,7291.772081632654,4922.160719474265,0.0,0.0,0.0,19505.67225035959
4889,line-43,3645.886040816327,1678.857357992842,0.0,0.0,0.0,17435.11574212434
4890,line-43,3645.886040816327,0.0,0.0,0.0,0.0,13597.340962317681
4891,line-43,3645.886040816327,0.0,0.0,0.0,0.0,9759.566182511018
4892,line-43,3645.886040816327,0.0,0.0,0.0,0.0,5921.791402704355
4893,line-43,3645.886040816327,0.0,110.18420824718845,0.0,0.0,2200.0
4894,line-43,3645.886040816327,0.0,3645.886040816327,0.0,0.0,2200.0
4895,line-43,2734.4145306122496,0.0,2734.4145306122496,0.0,0.0,2200.0
4896,line-43,1822.9430204081634,0.0,1822.9430204081634,0.0,0.0,2200.0
4897,line-43,1822.9430204081634,0.0,1822.9430204081634,0.0,0.0,2200.0
4898,line-43,0.0,0.0,0.0,0.0,0.0,2200.0
4899,line-43,0.0,0.0,0.0,0.0,0.0,2200.0
4900,line-43,0.0,0.0,0.0,0.0,0.0,2200.0
4901,line-43,1822.943020408163,0.0,1822.943020408163,0.0,0.0,2200.0
4902,line-43,3645.886040816327,1675.7194406946967,1970.166600121631,0.0,0.0,2200.0
4903,line-43,7291.772081632654,4912.960811458057,2378.811270174597,0.0,0.0,2200.0
4904,line-43,7291.772081632654,7815.392021972173,0.0,0.0,0.0,2697.438943322544
4905,line-43,3645.886040816327,10185.217181734872,0.0,0.0,0.0,8909.80352719516
4906,line-43,3645.886040816327,11860.936622429566,0.0,0.0,0.0,16714.101579727736
4907,line-43,3645.886040816327,12728.352833430228,0.0,0.0,3518.363192327309,22000.0
4908,line-43,3645.886040816327,12728.352833430228,0.0,0.0,9082.466792613899,22000.0
4909,line-43,3645.886040816327,11860.936622429568,0.0,0.0,8215.05058161324,22000.0
4910,line-43,3645.886040816327,10185.217181734872,0.0,0.0,6539.331140918543,22000.0
4911,line-43,7291.772081632654,7815.392021972179,0.0,0.0,523.6199403395225,22000.0
4912,line-43,7291.772081632654,4912.96081145806,0.0,0.0,0.0,19495.988136658318
4913,line-43,3645.886040816327,1675.7194406947017,0.0,0.0,0.0,17422.128557582924
4914,line-43,3645.886040816327,0.0,0.0,0.0,0.0,13584.353777776269
4915,line-43,3645.886040816327,0.0,0.0,0.0,0.0,9746.578997969606
4916,line-43,3645.886040816327,0.0,0.0,0.0,0.0,5908.804218162945
4917,line-43,3645.886040816327,0.0,122.52203356153109,0.0,0.0,2200.0
4918,line-43,3645.886040816327,0.0,3645.886040816327,0.0,0.0,2200.0
4919,line-43,2734.4145306122496,0.0,2734.4145306122496,0.0,0.0,2200.0
4920,line-43,1822.9430204081634,0.0,1822.9430204081634,0.0,0.0,2200.0
4921,line-43,1822.9430204081634,0.0,1822.9430204081634,0.0,0.0,2200.0
4922,line-43,0.0,0.0,0.0,0.0,0.0,2200.0
4923,line-43,0.0,0.0,0.0,0.0,0.0,2200.0
4924,line-43,0.0,0.0,0.0,0.0,0.0,2200.0
4925,line-43,1822.943020408163,0.0,1822.943020408163,0.0,0.0,2200.0
4926,line-43,3645.886040816327,1672.4949004044831,1973.3911404118435,0.0,0.0,2200.0
4927,line-43,7291.772081632654,4903.506937679393,2388.2651439532624,0.0,0.0,2200.0
4928,line-43,7291.772081632654,7800.353080579809,0.0,0.0,0.0,2683.151948999795
4929,line-43,3645.886040816327,10165.61805173167,0.0,0.0,0.0,8876.897359369368
4930,line-43,3645.886040816327,11838.112952136153,0.0,0.0,0.0,16659.512925123196
4931,line-43,3645.886040816327,12703.860018259194,0.0,0.0,3436.408635467289,22000.0
4932,line-43,3645.886040816327,12703.860018259194,0.0,0.0,9057.973977442869,22000.0
4933,line-43,3645.886040816327,11838.112952136153,0.0,0.0,8192.22691131982,22000.0
4934,line-43,3645.886040816327,10165.61805173167,0.0,0.0,6519.732010915337,22000.0
4935,line-43,7291.772081632654,7800.353080579811,0.0,0.0,508.5809989471562,22000.0
4936,line-43,7291.772081632654,4903.506937679393,0.0,0.0,0.0,19486.036690575515
4937,line-43,3645.886040816327,1672.4949004044888,0.0,0.0,0.0,17408.782858563052
4938,line-43,3645.886040816327,0.0,0.0,0.0,0.0,13571.008078756395
4939,line-43,3645.886040816327,0.0,0.0,0.0,0.0,9733.233298949732
4940,line-43,3645.886040816327,0.0,0.0,0.0,0.0,5895.4585191430715
4941,line-43,3645.886040816327,0.0,135.2004476304112,0.0,0.0,2200.0
4942,line-43,3645.886040816327,0.0,3645.886040816327,0.0,0.0,2200.0
4943,line-43,2734.4145306122496,0.0,2734.4145306122496,0.0,0.0,2200.0
4944,line-43,1822.9430204081634,0.0,1822.9430204081634,0.0,0.0,2200.0
4945,line-43,1822.9430204081634,0.0,1822.9430204081634,0.0,0.0,2200.0
4946,line-43,0.0,0.0,0.0,0.0,0.0,2200.0
4947,line-43,0.0,0.0,0.0,0.0,0.0,2200.0
4948,line-43,0.0,0.0,0.0,0.0,0.0,2200.0
4949,line-43,1822.943020408163,0.0,1822.943020408163,0.0,0.0,2200.0
4950,line-43,3645.886040816327,1669.1846926230778,1976.7013481932495,0.0,0.0,2200.0
4951,line-43,7291.772081632654,4893.801899525099,2397.9701821075555,0.0,0.0,2200.0
4952,line-43,7291.772081632654,7784.914594364508,0.0,0.0,0.0,2668.485387095263
4953,line-43,3645.886040816327,10145.49822477763,0.0,0.0,0.0,8843.1169618585
4954,line-43,3645.886040816327,11814.682917400707,0.0,0.0,0.0,16603.47399461366
4955,line-43,3645.886040816327,12678.71649388961,0.0,0.0,3352.276763192927,22000.0
4956,line-43,3645.886040816327,12678.71649388961,0.0,0.0,9032.830453073282,22000.0
4957,line-43,3645.886040816327,11814.682917400714,0.0,0.0,8168.796876584385,22000.0
4958,line-43,3645.886040816327,10145.49822477763,0.0,0.0,6499.612183961303,22000.0
4959,line-43,7291.772081632654,7784.914594364515,0.0,0.0,493.1425127318587,22000.0
4960,line-43,7291.772081632654,4893.801899525101,0.0,0.0,0.0,19475.82086093942
4961,line-43,3645.886040816327,1669.1846926230835,0.0,0.0,0.0,17395.08259968337
4962,line-43,3645.886040816327,0.0,0.0,0.0,0.0,13557.30781987671
4963,line-43,3645.886040816327,0.0,0.0,0.0,0.0,9719.533040070048
4964,line-43,3645.886040816327,0.0,0.0,0.0,0.0,5881.758260263385
4965,line-43,3645.886040816327,0.0,148.21569356611047,0.0,0.0,2200.0
4966,line-43,3645.886040816327,0.0,3645.886040816327,0.0,0.0,2200.0
4967,line-43,2734.4145306122496,0.0,2734.4145306122496,0.0,0.0,2200.0
4968,line-43,1822.9430204081634,0.0,1822.9430204081634,0.0,0.0,2200.0
4969,line-43,1822.9430204081634,0.0,1822.9430204081634,0.0,0.0,2200.0
4970,line-43,0.0,0.0,0.0,0.0,0.0,2200.0
4971,line-43,0.0,0.0,0.0,0.0,0.0,2200.0
4972,line-43,0.0,0.0,0.0,0.0,0.0,2200.0
4973,line-43,1822.943020408163,0.0,1822.943020408163,0.0,0.0,2200.0
4974,line-43,3645.886040816327,1665.7897982364834,1980.0962425798432,0.0,0.0,2200.0
4975,line-43,7291.772081632654,4883.8485728074365,2407.9235088252176,0.0,0.0,2200.0
4976,line-43,7291.772081632654,7769.081138082937,0.0,0.0,0.0,2653.443603627768
4977,line-43,3645.886040816327,10124.863662811715,0.0,0.0,0.0,8808.472344523385
4978,line-43,3645.886040816327,11790.653461048194,0.0,0.0,0.0,16546.001393743663
4979,line-43,3645.886040816327,12652.929710890376,0.0,0.0,3265.9925055936887,22000.0
4980,line-43,3645.886040816327,12652.929710890376,0.0,0.0,9007.043670074048,22000.0
4981,line-43,3645.886040816327,11790.653461048201,0.0,0.0,8144.767420231871,22000.0
4982,line-43,3645.886040816327,10124.863662811715,0.0,0.0,6478.977621995387,22000.0
4983,line-43,7291.772081632654,7769.081138082938,0.0,0.0,477.3090564502851,22000.0
4984,line-43,7291.772081632654,4883.848572807439,0.0,0.0,0.0,19465.343674920827
4985,line-43,3645.886040816327,1665.7897982364896,0.0,0.0,0.0,17381.03184062626
4986,line-43,3645.886040816327,0.0,0.0,0.0,0.0,13543.257060819593
4987,line-43,3645.886040816327,0.0,0.0,0.0,0.0,9705.482281012937
4988,line-43,3645.886040816327,0.0,0.0,0.0,0.0,5867.707501206276
4989,line-43,3645.886040816327,0.0,161.56391467036667,0.0,0.0,2200.0
4990,line-43,3645.886040816327,0.0,3645.886040816327,0.0,0.0,2200.0
4991,line-43,2734.4145306122496,0.0,2734.4145306122496,0.0,0.0,2200.0
4992,line-43,1822.9430204081634,0.0,1822.9430204081634,0.0,0.0,2200.0
4993,line-43,1822.9430204081634,0.0,1822.9430204081634,0.0,0.0,2200.0
4994,line-43,0.0,0.0,0.0,0.0,0.0,2200.0
4995,line-43,0.0,0.0,0.0,0.0,0.0,2200.0
4996,line-43,0.0,0.0,0.0,0.0,0.0,2200.0
4997,line-43,1822.943020408163,0.0,1822.943020408163,0.0,0.0,2200.0
4998,line-43,3645.886040816327,1662.3112232251774,1983.5748175911503,0.0,0.0,2200.0
4999,line-43,7291.772081632654,4873.649906911919,2418.1221747207346,0.0,0.0,2200.0
5000,line-43,7291.772081632654,7752.857403529899,0.0,0.0,0.0,2638.0310558023803
5001,line-43,3645.886040816327,10103.720480299951,0.0,0.0,0.0,8772.973773311825
5002,line-43,3645.886040816327,11766.031703525128,0.0,0.0,0.0,16487.112152885187
5003,line-43,3645.886040816327,12626.507310441815,0.0,0.0,3177.581430557262,22000.0
5004,line-43,3645.886040816327,12626.507310441815,0.0,0.0,8980.621269625492,22000.0
5005,line-43,3645.886040816327,11766.03170352513,0.0,0.0,8120.145662708804,22000.0
5006,line-43,3645.886040816327,10103.720480299951,0.0,0.0,6457.834439483624,22000.0
5007,line-43,7291.772081632654,7752.8574035299,0.0,0.0,461.0853218972451,22000.0
5008,line-43,7291.772081632654,4873.649906911922,0.0,0.0,0.0,19454.608237136068
5009,line-43,3645.886040816327,1662.3112232251824,0.0,0.0,0.0,17366.63474493486
5010,line-43,3645.886040816327,0.0,0.0,0.0,0.0,13528.859965128204
5011,line-43,3645.886040816327,0.0,0.0,0.0,0.0,9691.085185321544
5012,line-43,3645.886040816327,0.0,0.0,0.0,0.0,5853.310405514881
5013,line-43,3645.886040816327,0.0,175.24115557718966,0.0,0.0,2200.0
5014,line-43,3645.886040816327,0.0,3645.886040816327,0.0,0.0,2200.0
5015,line-43,2734.4145306122496,0.0,2734.4145306122496,0.0,0.0,2200.0
5016,line-43,1822.9430204081634,0.0,1822.9430204081634,0.0,0.0,2200.0
5017,line-43,1822.9430204081634,0.0,1822.9430204081634,0.0,0.0,2200.0
5018,line-43,0.0,0.0,0.0,0.0,0.0,2200.0
5019,line-43,0.0,0.0,0.0,0.0,0.0,2200.0
5020,line-43,0.0,0.0,0.0,0.0,0.0,2200.0
5021,line-43,1822.943020408163,0.0,1822.943020408163,0.0,0.0,2200.0
5022,line-43,3645.886040816327,1658.7499983660068,1987.1360424503205,0.0,0.0,2200.0
5023,line-43,7291.772081632654,4863.208923923359,2428.563157709295,0.0,0.0,2200.0
5024,line-43,7291.772081632654,7736.248198148079,0.0,0.0,0.0,2622.252310689653
5025,line-43,3645.886040816327,10082.074942423636,0.0,0.0,0.0,8736.631767216593
5026,line-43,3645.886040816327,11740.824940789646,0.0,0.0,0.0,16426.823722191242
5027,line-43,3645.886040816327,12599.457122071435,0.0,0.0,3087.0697361932607,22000.0
5028,line-43,3645.886040816327,12599.457122071435,0.0,0.0,8953.57108125511,22000.0
5029,line-43,3645.886040816327,11740.824940789646,0.0,0.0,8094.938899973313,22000.0
5030,line-43,3645.886040816327,10082.074942423636,0.0,0.0,6436.188901607309,22000.0
5031,line-43,7291.772081632654,7736.24819814808,0.0,0.0,444.47611651542684,22000.0
5032,line-43,7291.772081632654,4863.208923923362,0.0,0.0,0.0,19443.617728727055
5033,line-43,3645.886040816327,1658.7499983660123,0.0,0.0,0.0,17351.89557877936
5034,line-43,3645.886040816327,0.0,0.0,0.0,0.0,13514.1207989727
5035,line-43,3645.886040816327,0.0,0.0,0.0,0.0,9676.346019166038
5036,line-43,3645.886040816327,0.0,0.0,0.0,0.0,5838.571239359375
5037,line-43,3645.886040816327,0.0,189.24336342491995,0.0,0.0,2200.0
5038,line-43,3645.886040816327,0.0,3645.886040816327,0.0,0.0,2200.0
5039,line-43,2734.4145306122496,0.0,2734.4145306122496,0.0,0.0,2200.0
5040,line-43,1822.9430204081634,0.0,1822.9430204081634,0.0,0.0,2200.0
5041,line-43,1822.9430204081634,0.0,1822.9430204081634,0.0,0.0,2200.0
5042,line-43,0.0,0.0,0.0,0.0,0.0,2200.0
5043,line-43,0.0,0.0,0.0,0.0,0.0,2200.0
5044,line-43,0.0,0.0,0.0,0.0,0.0,2200.0
5045,line-43,1822.943020408163,0.0,1822.943020408163,0.0,0.0,2200.0
5046,line-43,3645.886040816327,1655.1071789267573,1990.7788618895702,0.0,0.0,2200.0
5047,line-43,7291.772081632654,4852.528717730352,2439.243363902303,0.0,0.0,2200.0
5048,line-43,7291.772081632654,7719.258443603488,0.0,0.0,0.0,2606.112043872293
5049,line-43,3645.886040816327,10059.933463222784,0.0,0.0,0.0,8699.457095158426
5050,line-43,3645.886040816327,11715.040642149535,0.0,0.0,0.0,16365.153966424976
5051,line-43,3645.886040816327,12571.787161333838,0.0,0.0,2994.4842430701133,22000.0
5052,line-43,3645.886040816327,12571.787161333838,0.0,0.0,8925.90112051751,22000.0
5053,line-43,3645.886040816327,11715.040642149535,0.0,0.0,8069.154601333212,22000.0
5054,line-43,3645.886040816327,10059.933463222784,0.0,0.0,6414.0474224064565,22000.0
5055,line-43,7291.772081632654,7719.258443603489,0.0,0.0,427.4863619708358,22000.0
5056,line-43,7291.772081632654,4852.528717730352,0.0,0.0,0.0,19432.37540641863
5057,line-43,3645.886040816327,1655.1071789267626,0.0,0.0,0.0,17336.818709692772
5058,line-43,3645.886040816327,0.0,0.0,0.0,0.0,13499.043929886117
5059,line-43,3645.886040816327,0.0,0.0,0.0,0.0,9661.269150079454
5060,line-43,3645.886040816327,0.0,0.0,0.0,0.0,5823.494370272793
5061,line-43,3645.886040816327,0.0,203.56638905717563,0.0,0.0,2200.0
5062,line-43,3645.886040816327,0.0,3645.886040816327,0.0,0.0,2200.0
5063,line-43,2734.4145306122496,0.0,2734.4145306122496,0.0,0.0,2200.0
5064,line-43,1822.9430204081634,0.0,1822.9430204081634,0.0,0.0,2200.0
5065,line-43,1822.9430204081634,0.0,1822.9430204081634,0.0,0.0,2200.0
5066,line-43,0.0,0.0,0.0,0.0,0.0,2200.0
5067,line-43,0.0,0.0,0.0,0.0,0.0,2200.0
5068,line-43,0.0,0.0,0.0,0.0,0.0,2200.0
5069,line-43,1822.943020408163,0.0,1822.943020408163,0.0,0.0,2200.0
5070,line-43,3645.886040816327,1651.3838443534453,1994.5021964628813,0.0,0.0,2200.0
5071,line-43,7291.772081632654,4841.612453108485,2450.1596285241694,0.0,0.0,2200.0
5072,line-43,7291.772081632654,7701.893174327069,0.0,0.0,0.0,2589.615038059695
5073,line-43,3645.886040816327,10037.30260369553,0.0,0.0,0.0,8661.46077279494
5074,line-43,3645.886040816327,11688.686448048977,0.0,0.0,0.0,16302.121159665954
5075,line-43,3645.886040816327,12543.505627435556,0.0,0.0,2899.852386267602,22000.0
5076,line-43,3645.886040816327,12543.505627435556,0.0,0.0,8897.619586619225,22000.0
5077,line-43,3645.886040816327,11688.686448048977,0.0,0.0,8042.80040723265,22000.0
5078,line-43,3645.886040816327,10037.30260369553,0.0,0.0,6391.416562879203,22000.0
5079,line-43,7291.772081632654,7701.893174327073,0.0,0.0,410.12109269441714,22000.0
5080,line-43,7291.772081632654,4841.612453108488,0.0,0.0,0.0,19420.884601553502
5081,line-43,3645.886040816327,1651.3838443534505,0.0,0.0,0.0,17321.408605276793
5082,line-43,3645.886040816327,0.0,0.0,0.0,0.0,13483.633825470137
5083,line-43,3645.886040816327,0.0,0.0,0.0,0.0,9645.859045663477
5084,line-43,3645.886040816327,0.0,0.0,0.0,0.0,5808.0842658568135
5085,line-43,3645.886040816327,0.0,218.20598825235322,0.0,0.0,2200.0
5086,line-43,3645.886040816327,0.0,3645.886040816327,0.0,0.0,2200.0
5087,line-43,2734.4145306122496,0.0,2734.4145306122496,0.0,0.0,2200.0
5088,line-43,1822.9430204081634,0.0,1822.9430204081634,0.0,0.0,2200.0
5089,line-43,1822.9430204081634,0.0,1822.9430204081634,0.0,0.0,2200.0
5090,line-43,0.0,0.0,0.0,0.0,0.0,2200.0
5091,line-43,0.0,0.0,0.0,0.0,0.0,2200.0
5092,line-43,0.0,0.0,0.0,0.0,0.0,2200.0
5093,line-43,1822.943020408163,0.0,1822.943020408163,0.0,0.0,2200.0
5094,line-43,3645.886040816327,1647.5810979504622,1998.3049428658655,0.0,0.0,2200.0
5095,line-43,7291.772081632654,4830.463364782563,2461.3087168500906,0.0,0.0,2200.0
5096,line-43,7291.772081632654,7684.15753602288,0.0,0.0,0.0,2572.7661816707136
5097,line-43,3645.886040816327,10014.18906985398,0.0,0.0,0.0,8622.654059256485
5098,line-43,3645.886040816327,11661.770167804445,0.0,0.0,0.0,16237.743979895195
5099,line-43,3645.886040816327,12514.620900805443,0.0,0.0,2803.202207247212,22000.0
5100,line-43,3645.886040816327,12514.620900805443,0.0,0.0,8868.734859989116,22000.0
5101,line-43,3645.886040816327,11661.770167804445,0.0,0.0,8015.884126988112,22000.0
5102,line-43,3645.886040816327,10014.18906985398,0.0,0.0,6368.303029037652,22000.0
5103,line-43,7291.772081632654,7684.157536022881,0.0,0.0,392.3854543902261,22000.0
5104,line-43,7291.772081632654,4830.463364782563,0.0,0.0,0.0,19409.148719105167
5105,line-43,3645.886040816327,1647.5810979504672,0.0,0.0,0.0,17305.66983187794
5106,line-43,3645.886040816327,0.0,0.0,0.0,0.0,13467.895052071286
5107,line-43,3645.886040816327,0.0,0.0,0.0,0.0,9630.120272264627
5108,line-43,3645.886040816327,0.0,0.0,0.0,0.0,5792.345492457963
5109,line-43,3645.886040816327,0.0,233.15782298126106,0.0,0.0,2200.0
5110,line-43,3645.886040816327,0.0,3645.886040816327,0.0,0.0,2200.0
5111,line-43,2734.4145306122496,0.0,2734.4145306122496,0.0,0.0,2200.0
5112,line-43,1822.9430204081634,0.0,1822.9430204081634,0.0,0.0,2200.0
5113,line-43,1822.9430204081634,0.0,1822.9430204081634,0.0,0.0,2200.0
5114,line-43,0.0,0.0,0.0,0.0,0.0,2200.0
5115,line-43,0.0,0.0,0.0,0.0,0.0,2200.0
5116,line-43,0.0,0.0,0.0,0.0,0.0,2200.0
5117,line-43,1822.943020408163,0.0,1822.943020408163,0.0,0.0,2200.0
5118,line-43,3645.886040816327,1643.7000665536366,2002.1859742626912,0.0,0.0,2200.0
5119,line-43,7291.772081632654,4819.084756468074,2472.6873251645807,0.0,0.0,2200.0
5120,line-43,7291.772081632654,7666.056784143318,0.0,0.0,0.0,2555.570467385131
5121,line-43,3645.886040816327,9990.59971073703,0.0,0.0,0.0,8583.048453809797
5122,line-43,3645.886040816327,11634.29977729067,0.0,0.0,0.0,16172.041503460425
5123,line-43,3645.886040816327,12485.141540611392,0.0,0.0,2704.5623455428736,22000.0
5124,line-43,3645.886040816327,12485.141540611392,0.0,0.0,8839.255499795061,22000.0
5125,line-43,3645.886040816327,11634.29977729067,0.0,0.0,7988.4137364743365,22000.0
5126,line-43,3645.886040816327,9990.59971073703,0.0,0.0,6344.713669920706,22000.0
5127,line-43,7291.772081632654,7666.05678414332,0.0,0.0,374.284702510667,22000.0
5128,line-43,7291.772081632654,4819.084756468074,0.0,0.0,0.0,19397.17123666887
5129,line-43,3645.886040816327,1643.7000665536416,0.0,0.0,0.0,17289.607053234457
5130,line-43,3645.886040816327,0.0,0.0,0.0,0.0,13451.8322734278
5131,line-43,3645.886040816327,0.0,0.0,0.0,0.0,9614.057493621138
5132,line-43,3645.886040816327,0.0,0.0,0.0,0.0,5776.282713814475
5133,line-43,3645.886040816327,0.0,248.417462692575,0.0,0.0,2200.0
5134,line-43,3645.886040816327,0.0,3645.886040816327,0.0,0.0,2200.0
5135,line-43,2734.4145306122496,0.0,2734.4145306122496,0.0,0.0,2200.0
5136,line-43,1822.9430204081634,0.0,1822.9430204081634,0.0,0.0,2200.0
5137,line-43,1822.9430204081634,0.0,1822.9430204081634,0.0,0.0,2200.0
5138,line-43,0.0,0.0,0.0,0.0,0.0,2200.0
5139,line-43,0.0,0.0,0.0,0.0,0.0,2200.0
5140,line-43,0.0,0.0,0.0,0.0,0.0,2200.0
5141,line-43,1822.943020408163,0.0,1822.943020408163,0.0,0.0,2200.0
5142,line-43,3645.886040816327,1639.7419001963312,2006.1441406199965,0.0,0.0,2200.0
5143,line-43,7291.772081632654,4807.479999892228,2484.2920817404265,0.0,0.0,2200.0
5144,line-43,7291.772081632654,7647.596282331808,0.0,0.0,0.0,2538.032990664195
5145,line-43,3645.886040816327,9966.541516380892,0.0,0.0,0.0,8542.65569245053
5146,line-43,3645.886040816327,11606.283416577227,0.0,0.0,0.0,16105.033199423382
5147,line-43,3645.886040816327,12455.076282224036,0.0,0.0,2603.9620302744315,22000.0
5148,line-43,3645.886040816327,12455.076282224036,0.0,0.0,8809.190241407712,22000.0
5149,line-43,3645.886040816327,11606.283416577227,0.0,0.0,7960.397375760897,22000.0
5150,line-43,3645.886040816327,9966.541516380892,0.0,0.0,6320.655475564564,22000.0
5151,line-43,7291.772081632654,7647.596282331813,0.0,0.0,355.82420069915713,22000.0
5152,line-43,7291.772081632654,4807.479999892231,0.0,0.0,0.0,19384.955703431133
5153,line-43,3645.886040816327,1639.7419001963362,0.0,0.0,0.0,17273.2250290943
5154,line-43,3645.886040816327,0.0,0.0,0.0,0.0,13435.450249287633
5155,line-43,3645.886040816327,0.0,0.0,0.0,0.0,9597.675469480977
5156,line-43,3645.886040816327,0.0,0.0,0.0,0.0,5759.900689674316
5157,line-43,3645.886040816327,0.0,263.98038562572873,0.0,0.0,2200.0
5158,line-43,3645.886040816327,0.0,3645.886040816327,0.0,0.0,2200.0
5159,line-43,2734.4145306122496,0.0,2734.4145306122496,0.0,0.0,2200.0
5160,line-43,1822.9430204081634,0.0,1822.9430204081634,0.0,0.0,2200.0
5161,line-43,1822.9430204081634,0.0,1822.9430204081634,0.0,0.0,2200.0
5162,line-43,0.0,0.0,0.0,0.0,0.0,2200.0
5163,line-43,0.0,0.0,0.0,0.0,0.0,2200.0
5164,line-43,0.0,0.0,0.0,0.0,0.0,2200.0
5165,line-43,1822.943020408163,0.0,1822.943020408163,0.0,0.0,2200.0
5166,line-43,3645.886040816327,1635.7077717686614,2010.1782690476662,0.0,0.0,2200.0
5167,line-43,7291.772081632654,4795.652533794852,2496.1195478378027,0.0,0.0,2200.0
5168,line-43,7291.772081632654,7628.781500833451,0.0,0.0,0.0,2520.158948240756
5169,line-43,3645.886040816327,9942.021615747766,0.0,0.0,0.0,8501.48774442562
5170,line-43,3645.886040816327,11577.729387516427,0.0,0.0,0.0,16036.73892379072
5171,line-43,3645.886040816327,12424.434034628302,0.0,0.0,2501.431071486412,22000.0
5172,line-43,3645.886040816327,12424.434034628302,0.0,0.0,8778.547993811975,22000.0
5173,line-43,3645.886040816327,11577.729387516427,0.0,0.0,7931.8433467001005,22000.0
5174,line-43,3645.886040816327,9942.021615747766,0.0,0.0,6296.135574931439,22000.0
5175,line-43,7291.772081632654,7628.781500833452,0.0,0.0,337.0094192007972,22000.0
5176,line-43,7291.772081632654,4795.652533794853,0.0,0.0,0.0,19372.505739118104
5177,line-43,3645.886040816327,1635.7077717686668,0.0,0.0,0.0,17256.528613804778
5178,line-43,3645.886040816327,0.0,0.0,0.0,0.0,13418.75383399812
5179,line-43,3645.886040816327,0.0,0.0,0.0,0.0,9580.979054191457
5180,line-43,3645.886040816327,0.0,0.0,0.0,0.0,5743.204274384797
5181,line-43,3645.886040816327,0.0,279.8419801507719,0.0,0.0,2200.0
5182,line-43,3645.886040816327,0.0,3645.886040816327,0.0,0.0,2200.0
5183,line-43,2734.4145306122496,0.0,2734.4145306122496,0.0,0.0,2200.0
5184,line-43,1822.9430204081634,0.0,1822.9430204081634,0.0,0.0,2200.0
5185,line-43,1822.9430204081634,0.0,1822.9430204081634,0.0,0.0,2200.0
5186,line-43,0.0,0.0,0.0,0.0,0.0,2200.0
5187,line-43,0.0,0.0,0.0,0.0,0.0,2200.0
5188,line-43,0.0,0.0,0.0,0.0,0.0,2200.0
5189,line-43,1822.943020408163,0.0,1822.943020408163,0.0,0.0,2200.0
5190,line-43,3645.886040816327,1631.5988766699443,2014.287164146383,0.0,0.0,2200.0
5191,line-43,7291.772081632654,4783.60586290941,2508.1662187232455,0.0,0.0,2200.0
5192,line-43,7291.772081632654,7609.6180148740605,0.0,0.0,0.0,2501.953636579334
5193,line-43,3645.886040816327,9917.047274613402,0.0,0.0,0.0,8459.556808686555
5194,line-43,3645.886040816327,11548.646151283348,0.0,0.0,0.0,15967.178913630221
5195,line-43,3645.886040816327,12393.223877783468,0.0,0.0,2396.999851314739,22000.0
5196,line-43,3645.886040816327,12393.223877783468,0.0,0.0,8747.33783696714,22000.0
5197,line-43,3645.886040816327,11548.646151283348,0.0,0.0,7902.760110467019,22000.0
5198,line-43,3645.886040816327,9917.047274613402,0.0,0.0,6271.161233797074,22000.0
5199,line-43,7291.772081632654,7609.618014874062,0.0,0.0,317.8459332414079,22000.0
5200,line-43,7291.772081632654,4783.60586290941,0.0,0.0,0.0,19359.8250329229
5201,line-43,3645.886040816327,1631.5988766699493,0.0,0.0,0.0,17239.52275487408
5202,line-43,3645.886040816327,0.0,0.0,0.0,0.0,13401.747975067417
5203,line-43,3645.886040816327,0.0,0.0,0.0,0.0,9563.97319526076
5204,line-43,3645.886040816327,0.0,0.0,0.0,0.0,5726.198415454097
5205,line-43,3645.886040816327,0.0,295.99754613493366,0.0,0.0,2200.0
5206,line-43,3645.886040816327,0.0,3645.886040816327,0.0,0.0,2200.0
5207,line-43,2734.4145306122496,0.0,2734.4145306122496,0.0,0.0,2200.0
5208,line-43,1822.9430204081634,0.0,1822.9430204081634,0.0,0.0,2200.0
5209,line-43,1822.9430204081634,0.0,1822.9430204081634,0.0,0.0,2200.0
5210,line-43,0.0,0.0,0.0,0.0,0.0,2200.0
5211,line-43,0.0,0.0,0.0,0.0,0.0,2200.0
5212,line-43,0.0,0.0,0.0,0.0,0.0,2200.0
5213,line-43,1822.943020408163,0.0,1822.943020408163,0.0,0.0,2200.0
5214,line-43,3645.886040816327,1627.4164324544752,2018.4696083618524,0.0,0.0,2200.0
5215,line-43,7291.772081632654,4771.343556924468,2520.4285247081857,0.0,0.0,2200.0
5216,line-43,7291.772081632654,7590.111503008104,0.0,0.0,0.0,2483.422450306677
5217,line-43,3645.886040816327,9891.625893414062,0.0,0.0,0.0,8416.875310274527
5218,line-43,3645.886040816327,11519.042325868537,0.0,0.0,0.0,15896.373781074126
5219,line-43,3645.886040816327,12361.455059932572,0.0,0.0,2290.699314983742,22000.0
5220,line-43,3645.886040816327,12361.455059932572,0.0,0.0,8715.569019116245,22000.0
5221,line-43,3645.886040816327,11519.042325868537,0.0,0.0,7873.1562850522105,22000.0
5222,line-43,3645.886040816327,9891.625893414062,0.0,0.0,6245.739852597734,22000.0
5223,line-43,7291.772081632654,7590.111503008108,0.0,0.0,298.3394213754516,22000.0
5224,line-43,7291.772081632654,4771.343556924471,0.0,0.0,0.0,19346.917342412435
5225,line-43,3645.886040816327,1627.4164324544804,0.0,0.0,0.0,17222.21249150523
5226,line-43,3645.886040816327,0.0,0.0,0.0,0.0,13384.437711698572
5227,line-43,3645.886040816327,0.0,0.0,0.0,0.0,9546.66293189191
5228,line-43,3645.886040816327,0.0,0.0,0.0,0.0,5708.888152085249
5229,line-43,3645.886040816327,0.0,312.4422963353421,0.0,0.0,2200.0
5230,line-43,3645.886040816327,0.0,3645.886040816327,0.0,0.0,2200.0
5231,line-43,2734.4145306122496,0.0,2734.4145306122496,0.0,0.0,2200.0
5232,line-43,1822.9430204081634,0.0,1822.9430204081634,0.0,0.0,2200.0
5233,line-43,1822.9430204081634,0.0,1822.9430204081634,0.0,0.0,2200.0
5234,line-43,0.0,0.0,0.0,0.0,0.0,2200.0
5235,line-43,0.0,0.0,0.0,0.0,0.0,2200.0
5236,line-43,0.0,0.0,0.0,0.0,0.0,2200.0
5237,line-43,1822.943020408163,0.0,1822.943020408163,0.0,0.0,2200.0
5238,line-43,3645.886040816327,1623.161678470739,2022.7243623455877,0.0,0.0,2200.0
5239,line-43,7291.772081632654,4758.869249425939,2532.9028322067156,0.0,0.0,2200.0
5240,line-43,7291.772081632654,7570.26774543604,0.0,0.0,0.0,2464.5708806132143
5241,line-43,3645.886040816327,9865.76500505363,0.0,0.0,0.0,8373.455896638654
5242,line-43,3645.886040816327,11488.926683524376,0.0,0.0,0.0,15824.344507211297
5243,line-43,3645.886040816327,12329.13699486198,0.0,0.0,2182.560961636489,22000.0
5244,line-43,3645.886040816327,12329.13699486198,0.0,0.0,8683.250954045652,22000.0
5245,line-43,3645.886040816327,11488.92668352438,0.0,0.0,7843.040642708047,22000.0
5246,line-43,3645.886040816327,9865.76500505363,0.0,0.0,6219.878964237304,22000.0
5247,line-43,7291.772081632654,7570.267745436041,0.0,0.0,278.49566380338626,22000.0
5248,line-43,7291.772081632654,4758.86924942594,0.0,0.0,0.0,19333.786492413983
5249,line-43,3645.886040816327,1623.161678470744,0.0,0.0,0.0,17204.602953102847
5250,line-43,3645.886040816327,0.0,0.0,0.0,0.0,13366.828173296182
5251,line-43,3645.886040816327,0.0,0.0,0.0,0.0,9529.053393489527
5252,line-43,3645.886040816327,0.0,0.0,0.0,0.0,5691.278613682865
5253,line-43,3645.886040816327,0.0,329.17135781760686,0.0,0.0,2200.0
5254,line-43,3645.886040816327,0.0,3645.886040816327,0.0,0.0,2200.0
5255,line-43,2734.4145306122496,0.0,2734.4145306122496,0.0,0.0,2200.0
5256,line-43,1822.9430204081634,0.0,1822.9430204081634,0.0,0.0,2200.0
5257,line-43,1822.9430204081634,0.0,1822.9430204081634,0.0,0.0,2200.0
5258,line-43,0.0,0.0,0.0,0.0,0.0,2200.0
5259,line-43,0.0,0.0,0.0,0.0,0.0,2200.0
5260,line-43,0.0,0.0,0.0,0.0,0.0,2200.0
5261,line-43,1822.943020408163,0.0,1822.943020408163,0.0,0.0,2200.0
5262,line-43,3645.886040816327,1618.835875494167,2027.0501653221606,0.0,0.0,2200.0
5263,line-43,7291.772081632654,4746.18663682035,2545.5854448123055,0.0,0.0,2200.0
5264,line-43,7291.772081632654,7550.092622291494,0.0,0.0,0.0,2445.404513625896
5265,line-43,3645.886040816327,9839.472272671466,0.0,0.0,0.0,8329.311433888279
5266,line-43,3645.886040816327,11458.30814816563,0.0,0.0,0.0,15751.112435870118
5267,line-43,3645.886040816327,12296.279259111838,0.0,0.0,2072.616835000897,22000.0
5268,line-43,3645.886040816327,12296.279259111838,0.0,0.0,8650.39321829551,22000.0
5269,line-43,3645.886040816327,11458.30814816563,0.0,0.0,7812.422107349304,22000.0
5270,line-43,3645.886040816327,9839.472272671466,0.0,0.0,6193.58623185514,22000.0
5271,line-43,7291.772081632654,7550.092622291494,0.0,0.0,258.32054065883904,22000.0
5272,line-43,7291.772081632654,4746.18663682035,0.0,0.0,0.0,19320.436373881785
5273,line-43,3645.886040816327,1618.8358754941721,0.0,0.0,0.0,17186.6993577532
5274,line-43,3645.886040816327,0.0,0.0,0.0,0.0,13348.924577946545
5275,line-43,3645.886040816327,0.0,0.0,0.0,0.0,9511.149798139882
5276,line-43,3645.886040816327,0.0,0.0,0.0,0.0,5673.375018333222
5277,line-43,3645.886040816327,0.0,346.179773399768,0.0,0.0,2200.0
5278,line-43,3645.886040816327,0.0,3645.886040816327,0.0,0.0,2200.0
5279,line-43,2734.4145306122496,0.0,2734.4145306122496,0.0,0.0,2200.0
5280,line-43,1822.9430204081634,0.0,1822.9430204081634,0.0,0.0,2200.0
5281,line-43,1822.9430204081634,0.0,1822.9430204081634,0.0,0.0,2200.0
5282,line-43,0.0,0.0,0.0,0.0,0.0,2200.0
5283,line-43,0.0,0.0,0.0,0.0,0.0,2200.0
5284,line-43,0.0,0.0,0.0,0.0,0.0,2200.0
5285,line-43,1822.943020408163,0.0,1822.943020408163,0.0,0.0,2200.0
5286,line-43,3645.886040816327,1614.4403053535389,2031.4457354627887,0.0,0.0,2200.0
5287,line-43,7291.772081632654,4733.299477239526,2558.4726043931296,0.0,0.0,2200.0
5288,line-43,7291.772081632654,7529.592111898867,0.0,0.0,0.0,2425.9290287529025
5289,line-43,3645.886040816327,9812.755487371598,0.0,0.0,0.0,8284.455002980412
5290,line-43,3645.886040816327,11427.195792725142,0.0,0.0,0.0,15676.699267293778
5291,line-43,3645.886040816327,12262.891589138395,0.0,0.0,1960.8995138944638,22000.0
5292,line-43,3645.886040816327,12262.891589138395,0.0,0.0,8617.005548322062,22000.0
5293,line-43,3645.886040816327,11427.195792725146,0.0,0.0,7781.309751908813,22000.0
5294,line-43,3645.886040816327,9812.755487371598,0.0,0.0,6166.869446555272,22000.0
5295,line-43,7291.772081632654,7529.592111898869,0.0,0.0,237.82003026621624,22000.0
5296,line-43,7291.772081632654,4733.299477239526,0.0,0.0,0.0,19306.870942744077
5297,line-43,3645.886040816327,1614.440305353544,0.0,0.0,0.0,17168.50701067799
5298,line-43,3645.886040816327,0.0,0.0,0.0,0.0,13330.732230871321
5299,line-43,3645.886040816327,0.0,0.0,0.0,0.0,9492.957451064665
5300,line-43,3645.886040816327,0.0,0.0,0.0,0.0,5655.182671258004
5301,line-43,3645.886040816327,0.0,363.4625031212253,0.0,0.0,2200.0
5302,line-43,3645.886040816327,0.0,3645.886040816327,0.0,0.0,2200.0
5303,line-43,2734.4145306122496,0.0,2734.4145306122496,0.0,0.0,2200.0
5304,line-43,1822.9430204081634,0.0,1822.9430204081634,0.0,0.0,2200.0
5305,line-43,1822.9430204081634,0.0,1822.9430204081634,0.0,0.0,2200.0
5306,line-43,0.0,0.0,0.0,0.0,0.0,2200.0
5307,line-43,0.0,0.0,0.0,0.0,0.0,2200.0
5308,line-43,0.0,0.0,0.0,0.0,0.0,2200.0
5309,line-43,1822.943020408163,0.0,1822.943020408163,0.0,0.0,2200.0
5310,line-43,3645.886040816327,1609.976270551152,2035.9097702651754,0.0,0.0,2200.0
5311,line-43,7291.772081632654,4720.211589426981,2571.560492205674,0.0,0.0,2200.0
5312,line-43,7291.772081632654,7508.772289001831,0.0,0.0,0.0,2406.150197000718
5313,line-43,3645.886040816327,9785.622565914127,0.0,0.0,0.0,8238.899895843626
5314,line-43,3645.886040816327,11395.59883646528,0.0,0.0,0.0,15601.127051710137
5315,line-43,3645.886040816327,12228.983878428817,0.0,0.0,1847.4421025705212,22000.0
5316,line-43,3645.886040816327,12228.983878428817,0.0,0.0,8583.097837612488,22000.0
5317,line-43,3645.886040816327,11395.59883646528,0.0,0.0,7749.712795648954,22000.0
5318,line-43,3645.886040816327,9785.622565914127,0.0,0.0,6139.736525097798,22000.0
5319,line-43,7291.772081632654,7508.772289001834,0.0,0.0,217.00020736918066,22000.0
5320,line-43,7291.772081632654,4720.211589426982,0.0,0.0,0.0,19293.094218730872
5321,line-43,3645.886040816327,1609.9762705511575,0.0,0.0,0.0,17150.031302662268
5322,line-43,3645.886040816327,0.0,0.0,0.0,0.0,13312.256522855609
5323,line-43,3645.886040816327,0.0,0.0,0.0,0.0,9474.48174304895
5324,line-43,3645.886040816327,0.0,0.0,0.0,0.0,5636.706963242285
5325,line-43,3645.886040816327,0.0,381.014425736155,0.0,0.0,2200.0
5326,line-43,3645.886040816327,0.0,3645.886040816327,0.0,0.0,2200.0
5327,line-43,2734.4145306122496,0.0,2734.4145306122496,0.0,0.0,2200.0
5328,line-43,1822.9430204081634,0.0,1822.9430204081634,0.0,0.0,2200.0
5329,line-43,1822.9430204081634,0.0,1822.9430204081634,0.0,0.0,2200.0
5330,line-43,0.0,0.0,0.0,0.0,0.0,2200.0
5331,line-43,0.0,0.0,0.0,0.0,0.0,2200.0
5332,line-43,0.0,0.0,0.0,0.0,0.0,2200.0
5333,line-43,1822.943020408163,0.0,1822.943020408163,0.0,0.0,2200.0
5334,line-43,3645.886040816327,1605.4450938768591,2040.4409469394675,0.0,0.0,2200.0
5335,line-43,7291.772081632654,4706.926851606332,2584.84523002632,0.0,0.0,2200.0
5336,line-43,7291.772081632654,7487.6393229632395,0.0,0.0,0.0,2386.073879264057
5337,line-43,3645.886040816327,9758.081548369244,0.0,0.0,0.0,8192.659611439325
5338,line-43,3645.886040816327,11363.5266422461,0.0,0.0,0.0,15524.41818279761
5339,line-43,3645.886040816327,12194.566174569569,0.0,0.0,1732.2782209086226,22000.0
5340,line-43,3645.886040816327,12194.566174569569,0.0,0.0,8548.680133753243,22000.0
5341,line-43,3645.886040816327,11363.5266422461,0.0,0.0,7717.6406014297745,22000.0
5342,line-43,3645.886040816327,9758.081548369244,0.0,0.0,6112.195507552911,22000.0
5343,line-43,7291.772081632654,7487.639322963245,0.0,0.0,195.86724133058863,22000.0
5344,line-43,7291.772081632654,4706.926851606335,0.0,0.0,0.0,19279.11028418282
5345,line-43,3645.886040816327,1605.445093876865,0.0,0.0,0.0,17131.277708457073
5346,line-43,3645.886040816327,0.0,0.0,0.0,0.0,13293.502928650409
5347,line-43,3645.886040816327,0.0,0.0,0.0,0.0,9455.728148843753
5348,line-43,3645.886040816327,0.0,0.0,0.0,0.0,5617.953369037092
5349,line-43,3645.886040816327,0.0,398.83034023109207,0.0,0.0,2200.0
5350,line-43,3645.886040816327,0.0,3645.886040816327,0.0,0.0,2200.0
5351,line-43,2734.4145306122496,0.0,2734.4145306122496,0.0,0.0,2200.0
5352,line-43,1822.9430204081634,0.0,1822.9430204081634,0.0,0.0,2200.0
5353,line-43,1822.9430204081634,0.0,1822.9430204081634,0.0,0.0,2200.0
5354,line-43,0.0,0.0,0.0,0.0,0.0,2200.0
5355,line-43,0.0,0.0,0.0,0.0,0.0,2200.0
5356,line-43,0.0,0.0,0.0,0.0,0.0,2200.0
5357,line-43,1822.943020408163,0.0,1822.943020408163,0.0,0.0,2200.0
5358,line-43,3645.886040816327,1600.8481180161014,2045.0379228002264,0.0,0.0,2200.0
5359,line-43,7291.772081632654,4693.4492003321075,2598.3228813005476,0.0,0.0,2200.0
5360,line-43,7291.772081632654,7466.199475937012,0.0,0.0,0.0,2365.7060245891394
5361,line-43,3645.886040816327,9730.140595734829,0.0,0.0,0.0,8145.747851761715
5362,line-43,3645.886040816327,11330.988713750934,0.0,0.0,0.0,15446.59539104959
5363,line-43,3645.886040816327,12159.64867626912,0.0,0.0,1615.4419944523604,22000.0
5364,line-43,3645.886040816327,12159.64867626912,0.0,0.0,8513.762635452793,22000.0
5365,line-43,3645.886040816327,11330.988713750934,0.0,0.0,7685.102672934604,22000.0
5366,line-43,3645.886040816327,9730.140595734829,0.0,0.0,6084.254554918504,22000.0
5367,line-43,7291.772081632654,7466.199475937015,0.0,0.0,174.4273943043621,22000.0
5368,line-43,7291.772081632654,4693.449200332108,0.0,0.0,0.0,19264.92328284153
5369,line-43,3645.886040816327,1600.8481180161064,0.0,0.0,0.0,17112.25178515709
5370,line-43,3645.886040816327,0.0,0.0,0.0,0.0,13274.477005350423
5371,line-43,3645.886040816327,0.0,0.0,0.0,0.0,9436.702225543764
5372,line-43,3645.886040816327,0.0,0.0,0.0,0.0,5598.9274457371
5373,line-43,3645.886040816327,0.0,416.9049673660805,0.0,0.0,2200.0
5374,line-43,3645.886040816327,0.0,3645.886040816327,0.0,0.0,2200.0
5375,line-43,2734.4145306122496,0.0,2734.4145306122496,0.0,0.0,2200.0
5376,line-43,1822.9430204081634,0.0,1822.9430204081634,0.0,0.0,2200.0
5377,line-43,1822.9430204081634,0.0,1822.9430204081634,0.0,0.0,2200.0
5378,line-43,0.0,0.0,0.0,0.0,0.0,2200.0
5379,line-43,0.0,0.0,0.0,0.0,0.0,2200.0
5380,line-43,0.0,0.0,0.0,0.0,0.0,2200.0
5381,line-43,1822.943020408163,0.0,1822.943020408163,0.0,0.0,2200.0
5382,line-43,3645.886040816327,1596.1867051520362,2049.699335664291,0.0,0.0,2200.0
5383,line-43,7291.772081632654,4679.782629323247,2611.989452309407,0.0,0.0,2200.0
5384,line-43,7291.772081632654,7444.459101012539,0.0,0.0,0.0,2345.052668410888
5385,line-43,3645.886040816327,9701.807987518168,0.0,0.0,0.0,8098.17851777764
5386,line-43,3645.886040816327,11297.994692670209,0.0,0.0,0.0,15367.681737038829
5387,line-43,3645.886040816327,12124.241730335785,0.0,0.0,1496.968044297169,22000.0
5388,line-43,3645.886040816327,12124.241730335785,0.0,0.0,8478.355689519458,22000.0
5389,line-43,3645.886040816327,11297.994692670209,0.0,0.0,7652.108651853882,22000.0
5390,line-43,3645.886040816327,9701.807987518168,0.0,0.0,6055.921946701842,22000.0
5391,line-43,7291.772081632654,7444.4591010125405,0.0,0.0,152.68701937988612,22000.0
5392,line-43,7291.772081632654,4679.782629323248,0.0,0.0,0.0,19250.53741862168
5393,line-43,3645.886040816327,1596.1867051520412,0.0,0.0,0.0,17092.959170554008
5394,line-43,3645.886040816327,0.0,0.0,0.0,0.0,13255.184390747349
5395,line-43,3645.886040816327,0.0,0.0,0.0,0.0,9417.409610940686
5396,line-43,3645.886040816327,0.0,0.0,0.0,0.0,5579.6348311340225
5397,line-43,3645.886040816327,0.0,435.2329512390043,0.0,0.0,2200.0
5398,line-43,3645.886040816327,0.0,3645.886040816327,0.0,0.0,2200.0
5399,line-43,2734.4145306122496,0.0,2734.4145306122496,0.0,0.0,2200.0
5400,line-43,1822.9430204081634,0.0,1822.9430204081634,0.0,0.0,2200.0
5401,line-43,1822.9430204081634,0.0,1822.9430204081634,0.0,0.0,2200.0
5402,line-43,0.0,0.0,0.0,0.0,0.0,2200.0
5403,line-43,0.0,0.0,0.0,0.0,0.0,2200.0
5404,line-43,0.0,0.0,0.0,0.0,0.0,2200.0
5405,line-43,1822.943020408163,0.0,1822.943020408163,0.0,0.0,2200.0
5406,line-43,3645.886040816327,1591.4622365618955,2054.423804254432,0.0,0.0,2200.0
5407,line-43,7291.772081632654,4665.931188279692,2625.8408933529636,0.0,0.0,2200.0
5408,line-43,7291.772081632654,7422.424640332097,0.0,0.0,0.0,2324.1199307644683
5409,line-43,3645.886040816327,9673.09211928255,0.0,0.0,0.0,8049.965705307375
5410,line-43,3645.886040816327,11264.554355844439,0.0,0.0,0.0,15287.700604584079
5411,line-43,3645.886040816327,12088.355828611788,0.0,0.0,1376.891476831334,22000.0
5412,line-43,3645.886040816327,12088.355828611788,0.0,0.0,8442.46978779546,22000.0
5413,line-43,3645.886040816327,11264.554355844444,0.0,0.0,7618.668315028121,22000.0
5414,line-43,3645.886040816327,9673.09211928255,0.0,0.0,6027.206078466217,22000.0
5415,line-43,7291.772081632654,7422.424640332098,0.0,0.0,130.65255869944292,22000.0
5416,line-43,7291.772081632654,4665.931188279693,0.0,0.0,0.0,19235.9569543653
5417,line-43,3645.886040816327,1591.4622365619005,0.0,0.0,0.0,17073.405581465904
5418,line-43,3645.886040816327,0.0,0.0,0.0,0.0,13235.630801659247
5419,line-43,3645.886040816327,0.0,0.0,0.0,0.0,9397.856021852587
5420,line-43,3645.886040816327,0.0,0.0,0.0,0.0,5560.081242045923
5421,line-43,3645.886040816327,0.0,453.8088608726987,0.0,0.0,2200.0
5422,line-43,3645.886040816327,0.0,3645.886040816327,0.0,0.0,2200.0
5423,line-43,2734.4145306122496,0.0,2734.4145306122496,0.0,0.0,2200.0
5424,line-43,1822.9430204081634,0.0,1822.9430204081634,0.0,0.0,2200.0
5425,line-43,1822.9430204081634,0.0,1822.9430204081634,0.0,0.0,2200.0
5426,line-43,0.0,0.0,0.0,0.0,0.0,2200.0
5427,line-43,0.0,0.0,0.0,0.0,0.0,2200.0
5428,line-43,0.0,0.0,0.0,0.0,0.0,2200.0
5429,line-43,1822.943020408163,0.0,1822.943020408163,0.0,0.0,2200.0
5430,line-43,3645.886040816327,1586.6761122076878,2059.20992860864,0.0,0.0,2200.0
5431,line-43,7291.772081632654,4651.89898168236,2639.873099950294,0.0,0.0,2200.0
5432,line-43,7291.772081632654,7400.102623181933,0.0,0.0,0.0,2302.9140144718135
5433,line-43,3645.886040816327,9644.001500159464,0.0,0.0,0.0,8001.12370084779
5434,line-43,3645.886040816327,11230.67761236715,0.0,0.0,0.0,15206.675693821071
5435,line-43,3645.886040816327,12052.001604864297,0.0,0.0,1255.247873333305,22000.0
5436,line-43,3645.886040816327,12052.001604864297,0.0,0.0,8406.115564047966,22000.0
5437,line-43,3645.886040816327,11230.67761236715,0.0,0.0,7584.7915715508225,22000.0
5438,line-43,3645.886040816327,9644.001500159464,0.0,0.0,5998.115459343131,22000.0
5439,line-43,7291.772081632654,7400.102623181935,0.0,0.0,108.33054154928197,22000.0
5440,line-43,7291.772081632654,4651.898981682362,0.0,0.0,0.0,19221.186210578635
5441,line-43,3645.886040816327,1586.6761122076919,0.0,0.0,0.0,17053.596812043237
5442,line-43,3645.886040816327,0.0,0.0,0.0,0.0,13215.822032236572
5443,line-43,3645.886040816327,0.0,0.0,0.0,0.0,9378.047252429913
5444,line-43,3645.886040816327,0.0,0.0,0.0,0.0,5540.272472623249
5445,line-43,3645.886040816327,0.0,472.62719182423933,0.0,0.0,2200.0
5446,line-43,3645.886040816327,0.0,3645.886040816327,0.0,0.0,2200.0
5447,line-43,2734.4145306122496,0.0,2734.4145306122496,0.0,0.0,2200.0
5448,line-43,1822.9430204081634,0.0,1822.9430204081634,0.0,0.0,2200.0
5449,line-43,1822.9430204081634,0.0,1822.9430204081634,0.0,0.0,2200.0
5450,line-43,0.0,0.0,0.0,0.0,0.0,2200.0
5451,line-43,0.0,0.0,0.0,0.0,0.0,2200.0
5452,line-43,0.0,0.0,0.0,0.0,0.0,2200.0
5453,line-43,1822.943020408163,0.0,1822.943020408163,0.0,0.0,2200.0
5454,line-43,3645.886040816327,1581.8297503213487,2064.056290494979,0.0,0.0,2200.0
5455,line-43,7291.772081632654,4637.69016757691,2654.081914055745,0.0,0.0,2200.0
5456,line-43,7291.772081632654,7377.499664057478,0.0,0.0,0.0,2281.4412033035824
5457,line-43,3645.886040816327,9614.544750327177,0.0,0.0,0.0,7951.6669773388885
5458,line-43,3645.886040816327,11196.374500648526,0.0,0.0,0.0,15124.631014179475
5459,line-43,3645.886040816327,12015.189831634381,0.0,0.0,1132.073279428033,22000.0
5460,line-43,3645.886040816327,12015.189831634381,0.0,0.0,8369.303790818056,22000.0
5461,line-43,3645.886040816327,11196.374500648526,0.0,0.0,7550.488459832198,22000.0
5462,line-43,3645.886040816327,9614.544750327177,0.0,0.0,5968.658709510848,22000.0
5463,line-43,7291.772081632654,7377.499664057479,0.0,0.0,85.72758242482473,22000.0
5464,line-43,7291.772081632654,4637.69016757691,0.0,0.0,0.0,19206.229564151847
5465,line-43,3645.886040816327,1581.8297503213537,0.0,0.0,0.0,17033.538732051875
5466,line-43,3645.886040816327,0.0,0.0,0.0,0.0,13195.76395224522
5467,line-43,3645.886040816327,0.0,0.0,0.0,0.0,9357.989172438556
5468,line-43,3645.886040816327,0.0,0.0,0.0,0.0,5520.214392631896
5469,line-43,3645.886040816327,0.0,491.6823678160279,0.0,0.0,2200.0
5470,line-43,3645.886040816327,0.0,3645.886040816327,0.0,0.0,2200.0
5471,line-43,2734.4145306122496,0.0,2734.4145306122496,0.0,0.0,2200.0
5472,line-43,1822.9430204081634,0.0,1822.9430204081634,0.0,0.0,2200.0
5473,line-43,1822.9430204081634,0.0,1822.9430204081634,0.0,0.0,2200.0
5474,line-43,0.0,0.0,0.0,0.0,0.0,2200.0
5475,line-43,0.0,0.0,0.0,0.0,0.0,2200.0
5476,line-43,0.0,0.0,0.0,0.0,0.0,2200.0
5477,line-43,1822.943020408163,0.0,1822.943020408163,0.0,0.0,2200.0
5478,line-43,3645.886040816327,1576.9245869845015,2068.961453831826,0.0,0.0,2200.0
5479,line-43,7291.772081632654,4623.308956341607,2668.463125291049,0.0,0.0,2200.0
5480,line-43,7291.772081632654,7354.622460703329,0.0,0.0,0.0,2259.707860117141
5481,line-43,3645.886040816327,9584.730598456405,0.0,0.0,0.0,7901.610189875213
5482,line-43,3645.886040816327,11161.655185440903,0.0,0.0,0.0,15041.590877268562
5483,line-43,3645.886040816327,11977.931417044932,0.0,0.0,1007.404194406037,22000.0
5484,line-43,3645.886040816327,11977.931417044932,0.0,0.0,8332.045376228607,22000.0
5485,line-43,3645.886040816327,11161.655185440908,0.0,0.0,7515.769144624579,22000.0
5486,line-43,3645.886040816327,9584.730598456405,0.0,0.0,5938.844557640077,22000.0
5487,line-43,7291.772081632654,7354.622460703333,0.0,0.0,62.85037907067942,22000.0
5488,line-43,7291.772081632654,4623.308956341608,0.0,0.0,0.0,19191.091447062056
5489,line-43,3645.886040816327,1576.9245869845065,0.0,0.0,0.0,17013.23728513382
5490,line-43,3645.886040816327,0.0,0.0,0.0,0.0,13175.46250532716
5491,line-43,3645.886040816327,0.0,0.0,0.0,0.0,9337.6877255205
5492,line-43,3645.886040816327,0.0,0.0,0.0,0.0,5499.912945713836
5493,line-43,3645.886040816327,0.0,510.96874238818197,0.0,0.0,2200.0
5494,line-43,3645.886040816327,0.0,3645.886040816327,0.0,0.0,2200.0
5495,line-43,2734.4145306122496,0.0,2734.4145306122496,0.0,0.0,2200.0
5496,line-43,1822.9430204081634,0.0,1822.9430204081634,0.0,0.0,2200.0
5497,line-43,1822.9430204081634,0.0,1822.9430204081634,0.0,0.0,2200.0
5498,line-43,0.0,0.0,0.0,0.0,0.0,2200.0
5499,line-43,0.0,0.0,0.0,0.0,0.0,2200.0
5500,line-43,0.0,0.0,0.0,0.0,0.0,2200.0
5501,line-43,1822.943020408163,0.0,1822.943020408163,0.0,0.0,2200.0
5502,line-43,3645.886040816327,1571.9620757029031,2073.9239651134244,0.0,0.0,2200.0
5503,line-43,7291.772081632654,4608.759609439715,2683.0124721929396,0.0,0.0,2200.0
5504,line-43,7291.772081632654,7331.477792128577,0.0,0.0,0.0,2237.7204249711267
5505,line-43,3645.886040816327,9554.567879123784,0.0,0.0,0.0,7850.968171363211
5506,line-43,3645.886040816327,11126.529954826688,0.0,0.0,0.0,14957.57988967305
5507,line-43,3645.886040816327,11940.237401568289,0.0,0.0,881.277560407809,22000.0
5508,line-43,3645.886040816327,11940.237401568289,0.0,0.0,8294.351360751964,22000.0
5509,line-43,3645.886040816327,11126.529954826688,0.0,0.0,7480.643914010361,22000.0
5510,line-43,3645.886040816327,9554.567879123784,0.0,0.0,5908.681838307457,22000.0
5511,line-43,7291.772081632654,7331.477792128582,0.0,0.0,39.705710495926155,22000.0
5512,line-43,7291.772081632654,4608.759609439718,0.0,0.0,0.0,19175.776345060065
5513,line-43,3645.886040816327,1571.9620757029081,0.0,0.0,0.0,16992.698487045942
5514,line-43,3645.886040816327,0.0,0.0,0.0,0.0,13154.923707239279
5515,line-43,3645.886040816327,0.0,0.0,0.0,0.0,9317.148927432621
5516,line-43,3645.886040816327,0.0,0.0,0.0,0.0,5479.374147625958
5517,line-43,3645.886040816327,0.0,530.4806005716657,0.0,0.0,2200.0
5518,line-43,3645.886040816327,0.0,3645.886040816327,0.0,0.0,2200.0
5519,line-43,2734.4145306122496,0.0,2734.4145306122496,0.0,0.0,2200.0
5520,line-43,1822.9430204081634,0.0,1822.9430204081634,0.0,0.0,2200.0
5521,line-43,1822.9430204081634,0.0,1822.9430204081634,0.0,0.0,2200.0
5522,line-43,0.0,0.0,0.0,0.0,0.0,2200.0
5523,line-43,0.0,0.0,0.0,0.0,0.0,2200.0
5524,line-43,0.0,0.0,0.0,0.0,0.0,2200.0
5525,line-43,1822.943020408163,0.0,1822.943020408163,0.0,0.0,2200.0
5526,line-43,3645.886040816327,1566.943686975747,2078.9423538405804,0.0,0.0,2200.0
5527,line-43,7291.772081632654,4594.046438156723,2697.725643475933,0.0,0.0,2200.0
5528,line-43,7291.772081632654,7308.072516598018,0.0,0.0,0.0,2215.485413217097
5529,line-43,3645.886040816327,9524.06553019402,0.0,0.0,0.0,7799.755928125904
5530,line-43,3645.886040816327,11091.00921716977,0.0,0.0,0.0,14872.622945661671
5531,line-43,3645.886040816327,11902.118954754742,0.0,0.0,753.7307514770154,22000.0
5532,line-43,3645.886040816327,11902.118954754742,0.0,0.0,8256.232913938413,22000.0
5533,line-43,3645.886040816327,11091.00921716977,0.0,0.0,7445.123176353442,22000.0
5534,line-43,3645.886040816327,9524.06553019402,0.0,0.0,5878.179489377691,22000.0
5535,line-43,7291.772081632654,7308.072516598024,0.0,0.0,16.300434965368822,22000.0
5536,line-43,7291.772081632654,4594.0464381567235,0.0,0.0,0.0,19160.288796341127
5537,line-43,3645.886040816327,1566.943686975752,0.0,0.0,0.0,16971.92842387736
5538,line-43,3645.886040816327,0.0,0.0,0.0,0.0,13134.153644070695
5539,line-43,3645.886040816327,0.0,0.0,0.0,0.0,9296.378864264037
5540,line-43,3645.886040816327,0.0,0.0,0.0,0.0,5458.6040844573745
5541,line-43,3645.886040816327,0.0,550.2121605818204,0.0,0.0,2200.0
5542,line-43,3645.886040816327,0.0,3645.886040816327,0.0,0.0,2200.0
5543,line-43,2734.4145306122496,0.0,2734.4145306122496,0.0,0.0,2200.0
5544,line-43,1822.9430204081634,0.0,1822.9430204081634,0.0,0.0,2200.0
5545,line-43,1822.9430204081634,0.0,1822.9430204081634,0.0,0.0,2200.0
5546,line-43,0.0,0.0,0.0,0.0,0.0,2200.0
5547,line-43,0.0,0.0,0.0,0.0,0.0,2200.0
5548,line-43,0.0,0.0,0.0,0.0,0.0,2200.0
5549,line-43,1822.943020408163,0.0,1822.943020408163,0.0,0.0,2200.0
5550,line-43,3645.886040816327,1561.8709078599172,2084.0151329564105,0.0,0.0,2200.0
5551,line-43,7291.772081632654,4579.173802322814,2712.5982793098406,0.0,0.0,2200.0
5552,line-43,7291.772081632654,7284.413569599918,7.358512032734666,0.0,0.0,2200.0
5553,line-43,3645.886040816327,9493.232590171392,0.0,0.0,0.0,7754.979221887312
5554,line-43,3645.886040816327,11055.10349803131,0.0,0.0,0.0,14793.735806241548
5555,line-43,3645.886040816327,11863.58737192273,0.0,0.0,632.1600745185572,22000.0
5556,line-43,3645.886040816327,11863.58737192273,0.0,0.0,8217.701331106404,22000.0
5557,line-43,3645.886040816327,11055.10349803131,0.0,0.0,7409.217457214986,22000.0
5558,line-43,3645.886040816327,9493.232590171392,0.0,0.0,5847.346549355067,22000.0
5559,line-43,7291.772081632654,7284.41356959992,0.0,0.0,0.0,21992.254197860282
5560,line-43,7291.772081632654,4579.173802322815,0.0,0.0,0.0,19136.88758806045
5561,line-43,3645.886040816327,1561.8709078599222,0.0,0.0,0.0,16943.187448106335
5562,line-43,3645.886040816327,0.0,0.0,0.0,0.0,13105.41266829968
5563,line-43,3645.886040816327,0.0,0.0,0.0,0.0,9267.637888493016
5564,line-43,3645.886040816327,0.0,0.0,0.0,0.0,5429.863108686356
5565,line-43,3645.886040816327,0.0,577.5160875642905,0.0,0.0,2200.0
5566,line-43,3645.886040816327,0.0,3645.886040816327,0.0,0.0,2200.0
5567,line-43,2734.4145306122496,0.0,2734.4145306122496,0.0,0.0,2200.0
5568,line-43,1822.9430204081634,0.0,1822.9430204081634,0.0,0.0,2200.0
5569,line-43,1822.9430204081634,0.0,1822.9430204081634,0.0,0.0,2200.0
5570,line-43,0.0,0.0,0.0,0.0,0.0,2200.0
5571,line-43,0.0,0.0,0.0,0.0,0.0,2200.0
5572,line-43,0.0,0.0,0.0,0.0,0.0,2200.0
5573,line-43,1822.943020408163,0.0,1822.943020408163,0.0,0.0,2200.0
5574,line-43,3645.886040816327,1556.7452415293471,2089.1407992869795,0.0,0.0,2200.0
5575,line-43,7291.772081632654,4564.146109020968,2727.625972611686,0.0,0.0,2200.0
5576,line-43,7291.772081632654,7260.50796179088,31.26411984177355,0.0,0.0,2200.0
5577,line-43,3645.886040816327,9462.078195521462,0.0,0.0,0.0,7725.382546969879
5578,line-43,3645.886040816327,11018.823437050814,0.0,0.0,0.0,14729.673073392632
5579,line-43,3645.886040816327,11824.654070811854,0.0,0.0,525.7923177772441,22000.0
5580,line-43,3645.886040816327,11824.654070811854,0.0,0.0,8178.768029995521,22000.0
5581,line-43,3645.886040816327,11018.823437050814,0.0,0.0,7372.937396234486,22000.0
5582,line-43,3645.886040816327,9462.078195521462,0.0,0.0,5816.192154705133,22000.0
5583,line-43,7291.772081632654,7260.507961790886,0.0,0.0,0.0,21967.090400166555
5584,line-43,7291.772081632654,4564.146109020968,0.0,0.0,0.0,19095.90516583847
5585,line-43,3645.886040816327,1556.7452415293517,0.0,0.0,0.0,16896.809587641652
5586,line-43,3645.886040816327,0.0,0.0,0.0,0.0,13059.034807834996
5587,line-43,3645.886040816327,0.0,0.0,0.0,0.0,9221.260028028333
5588,line-43,3645.886040816327,0.0,0.0,0.0,0.0,5383.485248221673
5589,line-43,3645.886040816327,0.0,621.5750550057398,0.0,0.0,2200.0
5590,line-43,3645.886040816327,0.0,3645.886040816327,0.0,0.0,2200.0
5591,line-43,2734.4145306122496,0.0,2734.4145306122496,0.0,0.0,2200.0
5592,line-43,1822.9430204081634,0.0,1822.9430204081634,0.0,0.0,2200.0
5593,line-43,1822.9430204081634,0.0,1822.9430204081634,0.0,0.0,2200.0
5594,line-43,0.0,0.0,0.0,0.0,0.0,2200.0
5595,line-43,0.0,0.0,0.0,0.0,0.0,2200.0
5596,line-43,0.0,0.0,0.0,0.0,0.0,2200.0
5597,line-43,1822.943020408163,0.0,1822.943020408163,0.0,0.0,2200.0
5598,line-43,3645.886040816327,1551.5682068295903,2094.3178339867363,0.0,0.0,2200.0
5599,line-43,7291.772081632654,4548.9678112810325,2742.804270351623,0.0,0.0,2200.0
5600,line-43,7291.772081632654,7236.362776918417,55.409304714236555,0.0,0.0,2200.0
5601,line-43,3645.886040816327,9430.611577963728,0.0,0.0,0.0,7695.48926029003
5602,line-43,3645.886040816327,10982.17978479332,0.0,0.0,0.0,14664.968317068175
5603,line-43,3645.886040816327,11785.330588199451,0.0,0.0,418.3585653496224,22000.0
5604,line-43,3645.886040816327,11785.330588199451,0.0,0.0,8139.444547383124,22000.0
5605,line-43,3645.886040816327,10982.179784793323,0.0,0.0,7336.293743976996,22000.0
5606,line-43,3645.886040816327,9430.611577963728,0.0,0.0,5784.725537147404,22000.0
5607,line-43,7291.772081632654,7236.362776918422,0.0,0.0,0.0,21941.67441609028
5608,line-43,7291.772081632654,4548.9678112810325,0.0,0.0,0.0,19054.512026246466
5609,line-43,3645.886040816327,1551.5682068295953,0.0,0.0,0.0,16849.96693783938
5610,line-43,3645.886040816327,0.0,0.0,0.0,0.0,13012.192158032723
5611,line-43,3645.886040816327,0.0,0.0,0.0,0.0,9174.41737822606
5612,line-43,3645.886040816327,0.0,0.0,0.0,0.0,5336.6425984194
5613,line-43,3645.886040816327,0.0,666.0755723178984,0.0,0.0,2200.0
5614,line-43,3645.886040816327,0.0,3645.886040816327,0.0,0.0,2200.0
5615,line-43,2734.4145306122496,0.0,2734.4145306122496,0.0,0.0,2200.0
5616,line-43,1822.9430204081634,0.0,1822.9430204081634,0.0,0.0,2200.0
5617,line-43,1822.9430204081634,0.0,1822.9430204081634,0.0,0.0,2200.0
5618,line-43,0.0,0.0,0.0,0.0,0.0,2200.0
5619,line-43,0.0,0.0,0.0,0.0,0.0,2200.0
5620,line-43,0.0,0.0,0.0,0.0,0.0,2200.0
5621,line-43,1822.943020408163,0.0,1822.943020408163,0.0,0.0,2200.0
5622,line-43,3645.886040816327,1546.3413378277585,2099.544702988569,0.0,0.0,2200.0
5623,line-43,7291.772081632654,4533.6434067602,2758.128674872455,0.0,0.0,2200.0
5624,line-43,7291.772081632654,7211.985169721911,79.78691191074506,0.0,0.0,2200.0
5625,line-43,3645.886040816327,9398.842061736083,0.0,0.0,0.0,7665.308219873763
5626,line-43,3645.886040816327,10945.183399563837,0.0,0.0,0.0,14599.640710683901
5627,line-43,3645.886040816327,11745.628576482111,0.0,0.0,309.89065217514633,22000.0
5628,line-43,3645.886040816327,11745.628576482111,0.0,0.0,8099.742535665782,22000.0
5629,line-43,3645.886040816327,10945.183399563837,0.0,0.0,7299.297358747511,22000.0
5630,line-43,3645.886040816327,9398.842061736083,0.0,0.0,5752.95602091975,22000.0
5631,line-43,7291.772081632654,7211.985169721912,0.0,0.0,0.0,21916.01377693605
5632,line-43,7291.772081632654,4533.643406760203,0.0,0.0,0.0,19012.720434965053
5633,line-43,3645.886040816327,1546.3413378277633,0.0,0.0,0.0,16802.673379187618
5634,line-43,3645.886040816327,0.0,0.0,0.0,0.0,12964.898599380962
5635,line-43,3645.886040816327,0.0,0.0,0.0,0.0,9127.123819574299
5636,line-43,3645.886040816327,0.0,0.0,0.0,0.0,5289.349039767636
5637,line-43,3645.886040816327,0.0,711.0044530370717,0.0,0.0,2200.0
5638,line-43,3645.886040816327,0.0,3645.886040816327,0.0,0.0,2200.0
5639,line-43,2734.4145306122496,0.0,2734.4145306122496,0.0,0.0,2200.0
5640,line-43,1822.9430204081634,0.0,1822.9430204081634,0.0,0.0,2200.0
5641,line-43,1822.9430204081634,0.0,1822.9430204081634,0.0,0.0,2200.0
5642,line-43,0.0,0.0,0.0,0.0,0.0,2200.0
5643,line-43,0.0,0.0,0.0,0.0,0.0,2200.0
5644,line-43,0.0,0.0,0.0,0.0,0.0,2200.0
5645,line-43,1822.943020408163,0.0,1822.943020408163,0.0,0.0,2200.0
5646,line-43,3645.886040816327,1541.066183357941,2104.819857458386,0.0,0.0,2200.0
5647,line-43,7291.772081632654,4518.177436410262,2773.594645222392,0.0,0.0,2200.0
5648,line-43,7291.772081632654,7187.382363812473,104.38971782018189,0.0,0.0,2200.0
5649,line-43,3645.886040816327,9366.779060831821,0.0,0.0,0.0,7634.848369014717
5650,line-43,3645.886040816327,10907.845244189753,0.0,0.0,0.0,14533.70961221947
5651,line-43,3645.886040816327,11705.559800222734,0.0,0.0,200.42071963743115,22000.0
5652,line-43,3645.886040816327,11705.559800222734,0.0,0.0,8059.673759406407,22000.0
5653,line-43,3645.886040816327,10907.845244189753,0.0,0.0,7261.959203373427,22000.0
5654,line-43,3645.886040816327,9366.779060831821,0.0,0.0,5720.893020015488,22000.0
5655,line-43,7291.772081632654,7187.382363812475,0.0,0.0,0.0,21890.116086505073
5656,line-43,7291.772081632654,4518.177436410262,0.0,0.0,0.0,18970.542775744663
5657,line-43,3645.886040816327,1541.066183357946,0.0,0.0,0.0,16754.94292578847
5658,line-43,3645.886040816327,0.0,0.0,0.0,0.0,12917.16814598181
5659,line-43,3645.886040816327,0.0,0.0,0.0,0.0,9079.393366175147
5660,line-43,3645.886040816327,0.0,0.0,0.0,0.0,5241.618586368484
5661,line-43,3645.886040816327,0.0,756.3483837662659,0.0,0.0,2200.0
5662,line-43,3645.886040816327,0.0,3645.886040816327,0.0,0.0,2200.0
5663,line-43,2734.4145306122496,0.0,2734.4145306122496,0.0,0.0,2200.0
5664,line-43,1822.9430204081634,0.0,1822.9430204081634,0.0,0.0,2200.0
5665,line-43,1822.9430204081634,0.0,1822.9430204081634,0.0,0.0,2200.0
5666,line-43,0.0,0.0,0.0,0.0,0.0,2200.0
5667,line-43,0.0,0.0,0.0,0.0,0.0,2200.0
5668,line-43,0.0,0.0,0.0,0.0,0.0,2200.0
5669,line-43,1822.943020408163,0.0,1822.943020408163,0.0,0.0,2200.0
5670,line-43,3645.886040816327,1535.744306562256,2110.1417342540713,0.0,0.0,2200.0
5671,line-43,7291.772081632654,4502.574483132016,2789.1975985006393,0.0,0.0,2200.0
5672,line-43,7291.772081632654,7162.561649532478,129.21043210017785,0.0,0.0,2200.0
5673,line-43,3645.886040816327,9334.432076210083,0.0,0.0,0.0,7604.118733624068
5674,line-43,3645.886040816327,10870.176382772337,0.0,0.0,0.0,14467.194558482277
5675,line-43,3645.886040816327,11665.136132664491,0.0,0.0,89.98120604003577,22000.0
5676,line-43,3645.886040816327,11665.136132664491,0.0,0.0,8019.250091848165,22000.0
5677,line-43,3645.886040816327,10870.176382772343,0.0,0.0,7224.290341956013,22000.0
5678,line-43,3645.886040816327,9334.432076210083,0.0,0.0,5688.546035393756,22000.0
5679,line-43,7291.772081632654,7162.56164953248,0.0,0.0,0.0,21863.989018841923
5680,line-43,7291.772081632654,4502.574483132017,0.0,0.0,0.0,18927.991546735993
5681,line-43,3645.886040816327,1535.744306562261,0.0,0.0,0.0,16706.78972120539
5682,line-43,3645.886040816327,0.0,0.0,0.0,0.0,12869.014941398733
5683,line-43,3645.886040816327,0.0,0.0,0.0,0.0,9031.24016159207
5684,line-43,3645.886040816327,0.0,0.0,0.0,0.0,5193.46538178541
5685,line-43,3645.886040816327,0.0,802.09392812019,0.0,0.0,2200.0
5686,line-43,3645.886040816327,0.0,3645.886040816327,0.0,0.0,2200.0
5687,line-43,2734.4145306122496,0.0,2734.4145306122496,0.0,0.0,2200.0
5688,line-43,1822.9430204081634,0.0,1822.9430204081634,0.0,0.0,2200.0
5689,line-43,1822.9430204081634,0.0,1822.9430204081634,0.0,0.0,2200.0
5690,line-43,0.0,0.0,0.0,0.0,0.0,2200.0
5691,line-43,0.0,0.0,0.0,0.0,0.0,2200.0
5692,line-43,0.0,0.0,0.0,0.0,0.0,2200.0
5693,line-43,1822.943020408163,0.0,1822.943020408163,0.0,0.0,2200.0
5694,line-43,3645.886040816327,1530.377284427653,2115.5087563886746,0.0,0.0,2200.0
5695,line-43,7291.772081632654,4486.839170417254,2804.9329112154005,0.0,0.0,2200.0
5696,line-43,7291.772081632654,7137.530381795235,154.24169983741967,0.0,0.0,2200.0
5697,line-43,3645.886040816327,9301.810692980529,0.0,0.0,0.0,7573.128419555989
5698,line-43,3645.886040816327,10832.187977408177,0.0,0.0,0.0,14400.115259318254
5699,line-43,3645.886040816327,11624.369552212485,0.0,0.0,0.0,21979.674595144603
5700,line-43,3645.886040816327,11624.369552212485,0.0,0.0,7957.088348390481,22000.0
5701,line-43,3645.886040816327,10832.187977408183,0.0,0.0,7186.3019365918535,22000.0
5702,line-43,3645.886040816327,9301.810692980529,0.0,0.0,5655.924652164202,22000.0
5703,line-43,7291.772081632654,7137.530381795237,0.0,0.0,0.0,21837.640315960612
5704,line-43,7291.772081632654,4486.839170417255,0.0,0.0,0.0,18885.079356786508
5705,line-43,3645.886040816327,1530.3772844276575,0.0,0.0,0.0,16658.228034272117
5706,line-43,3645.886040816327,0.0,0.0,0.0,0.0,12820.453254465461
5707,line-43,3645.886040816327,0.0,0.0,0.0,0.0,8982.678474658798
5708,line-43,3645.886040816327,0.0,0.0,0.0,0.0,5144.903694852138
5709,line-43,3645.886040816327,0.0,848.2275307067977,0.0,0.0,2200.0
5710,line-43,3645.886040816327,0.0,3645.886040816327,0.0,0.0,2200.0
5711,line-43,2734.4145306122496,0.0,2734.4145306122496,0.0,0.0,2200.0
5712,line-43,1822.9430204081634,0.0,1822.9430204081634,0.0,0.0,2200.0
5713,line-43,1822.9430204081634,0.0,1822.9430204081634,0.0,0.0,2200.0
5714,line-43,0.0,0.0,0.0,0.0,0.0,2200.0
5715,line-43,0.0,0.0,0.0,0.0,0.0,2200.0
5716,line-43,0.0,0.0,0.0,0.0,0.0,2200.0
5717,line-43,1822.943020408163,0.0,1822.943020408163,0.0,0.0,2200.0
5718,line-43,3645.886040816327,1524.9667073186185,2120.919333497709,0.0,0.0,2200.0
5719,line-43,7291.772081632654,4470.976160978731,2820.7959206539235,0.0,0.0,2200.0
5720,line-43,7291.772081632654,7112.295977905595,179.47610372705878,0.0,0.0,2200.0
5721,line-43,3645.886040816327,9268.924577563028,0.0,0.0,0.0,7541.886609909367
5722,line-43,3645.886040816327,10793.891284881647,0.0,0.0,0.0,14332.491591771422
5723,line-43,3645.886040816327,11583.272138884331,0.0,0.0,0.0,21873.00838493602
5724,line-43,3645.886040816327,11583.272138884331,0.0,0.0,7803.710713790125,22000.0
5725,line-43,3645.886040816327,10793.891284881647,0.0,0.0,7148.005244065318,22000.0
5726,line-43,3645.886040816327,9268.924577563028,0.0,0.0,5623.0385367467015,22000.0
5727,line-43,7291.772081632654,7112.2959779056,0.0,0.0,0.0,21811.077785550468
5728,line-43,7291.772081632654,4470.976160978732,0.0,0.0,0.0,18841.818921704235
5729,line-43,3645.886040816327,1524.9667073186235,0.0,0.0,0.0,16609.27225486454
5730,line-43,3645.886040816327,0.0,0.0,0.0,0.0,12771.497475057884
5731,line-43,3645.886040816327,0.0,0.0,0.0,0.0,8933.722695251223
5732,line-43,3645.886040816327,0.0,0.0,0.0,0.0,5095.947915444561
5733,line-43,3645.886040816327,0.0,894.7355211439931,0.0,0.0,2200.0
5734,line-43,3645.886040816327,0.0,3645.886040816327,0.0,0.0,2200.0
5735,line-43,2734.4145306122496,0.0,2734.4145306122496,0.0,0.0,2200.0
5736,line-43,1822.9430204081634,0.0,1822.9430204081634,0.0,0.0,2200.0
5737,line-43,1822.9430204081634,0.0,1822.9430204081634,0.0,0.0,2200.0
5738,line-43,0.0,0.0,0.0,0.0,0.0,2200.0
5739,line-43,0.0,0.0,0.0,0.0,0.0,2200.0
5740,line-43,0.0,0.0,0.0,0.0,0.0,2200.0
5741,line-43,1822.943020408163,0.0,1822.943020408163,0.0,0.0,2200.0
5742,line-43,3645.886040816327,1519.514178505922,2126.371862310406,0.0,0.0,2200.0
5743,line-43,7291.772081632654,4454.990155368497,2836.7819262641583,0.0,0.0,2200.0
5744,line-43,7291.772081632654,7086.8659153620365,204.90616627061718,0.0,0.0,2200.0
5745,line-43,3645.886040816327,9235.783474823325,0.0,0.0,0.0,7510.402562306648
5746,line-43,3645.886040816327,10755.297653329248,0.0,0.0,0.0,14264.343594193919
5747,line-43,3645.886040816327,11541.856070730531,0.0,0.0,0.0,21765.51512261241
5748,line-43,3645.886040816327,11541.856070730531,0.0,0.0,7649.143843190431,22000.0
5749,line-43,3645.886040816327,10755.297653329248,0.0,0.0,7109.411612512919,22000.0
5750,line-43,3645.886040816327,9235.783474823325,0.0,0.0,5589.897434006998,22000.0
5751,line-43,7291.772081632654,7086.865915362041,0.0,0.0,0.0,21784.30929866251
5752,line-43,7291.772081632654,4454.990155368498,0.0,0.0,0.0,18798.223060489712
5753,line-43,3645.886040816327,1519.514178505927,0.0,0.0,0.0,16559.93688963666
5754,line-43,3645.886040816327,0.0,0.0,0.0,0.0,12722.162109830004
5755,line-43,3645.886040816327,0.0,0.0,0.0,0.0,8884.38733002334
5756,line-43,3645.886040816327,0.0,0.0,0.0,0.0,5046.612550216681
5757,line-43,3645.886040816327,0.0,941.6041181104823,0.0,0.0,2200.0
5758,line-43,3645.886040816327,0.0,3645.886040816327,0.0,0.0,2200.0
5759,line-43,2734.4145306122496,0.0,2734.4145306122496,0.0,0.0,2200.0
5760,line-43,1822.9430204081634,0.0,1822.9430204081634,0.0,0.0,2200.0
5761,line-43,1822.9430204081634,0.0,1822.9430204081634,0.0,0.0,2200.0
5762,line-43,0.0,0.0,0.0,0.0,0.0,2200.0
5763,line-43,0.0,0.0,0.0,0.0,0.0,2200.0
5764,line-43,0.0,0.0,0.0,0.0,0.0,2200.0
5765,line-43,1822.943020408163,0.0,1822.943020408163,0.0,0.0,2200.0
5766,line-43,3645.886040816327,1514.0213136915243,2131.8647271248033,0.0,0.0,2200.0
5767,line-43,7291.772081632654,4438.8858905850175,2852.8861910476357,0.0,0.0,2200.0
5768,line-43,7291.772081632654,7061.247729640915,230.52435199173988,0.0,0.0,2200.0
5769,line-43,3645.886040816327,9202.3972051854,0.0,0.0,0.0,7478.68560615062
5770,line-43,3645.886040816327,10716.418518876924,0.0,0.0,0.0,14195.691460308182
5771,line-43,3645.886040816327,11500.133620225932,0.0,0.0,0.0,21657.226660747307
5772,line-43,3645.886040816327,11500.133620225932,0.0,0.0,7493.433538090976,22000.0
5773,line-43,3645.886040816327,10716.418518876924,0.0,0.0,7070.532478060596,22000.0
5774,line-43,3645.886040816327,9202.3972051854,0.0,0.0,5556.5111643690725,22000.0
5775,line-43,7291.772081632654,7061.247729640917,0.0,0.0,0.0,21757.342787377114
5776,line-43,7291.772081632654,4438.885890585019,0.0,0.0,0.0,18754.3046915375
5777,line-43,3645.886040816327,1514.0213136915295,0.0,0.0,0.0,16510.236557721924
5778,line-43,3645.886040816327,0.0,0.0,0.0,0.0,12672.461777915261
5779,line-43,3645.886040816327,0.0,0.0,0.0,0.0,8834.686998108604
5780,line-43,3645.886040816327,0.0,0.0,0.0,0.0,4996.912218301941
5781,line-43,3645.886040816327,0.0,988.8194334294819,0.0,0.0,2200.0
5782,line-43,3645.886040816327,0.0,3645.886040816327,0.0,0.0,2200.0
5783,line-43,2734.4145306122496,0.0,2734.4145306122496,0.0,0.0,2200.0
5784,line-43,1822.9430204081634,0.0,1822.9430204081634,0.0,0.0,2200.0
5785,line-43,1822.9430204081634,0.0,1822.9430204081634,0.0,0.0,2200.0
5786,line-43,0.0,0.0,0.0,0.0,0.0,2200.0
5787,line-43,0.0,0.0,0.0,0.0,0.0,2200.0
5788,line-43,0.0,0.0,0.0,0.0,0.0,2200.0
5789,line-43,1822.943020408163,0.0,1822.943020408163,0.0,0.0,2200.0
5790,line-43,3645.886040816327,1508.4897405298173,2137.3963002865103,0.0,0.0,2200.0
5791,line-43,7291.772081632654,4422.66813866951,2869.1039429631433,0.0,0.0,2200.0
5792,line-43,7291.772081632654,7035.4490119635475,256.3230696691088,0.0,0.0,2200.0
5793,line-43,3645.886040816327,9168.775661721485,0.0,0.0,0.0,7446.7451398599005
5794,line-43,3645.886040816327,10677.265402251302,0.0,0.0,0.0,14126.555533223123
5795,line-43,3645.886040816327,11458.117150633052,0.0,0.0,0.0,21548.175087549018
5796,line-43,3645.886040816327,11458.117150633052,0.0,0.0,7336.625938815689,22000.0
5797,line-43,3645.886040816327,10677.265402251302,0.0,0.0,7031.379361434975,22000.0
5798,line-43,3645.886040816327,9168.775661721485,0.0,0.0,5522.889620905157,22000.0
5799,line-43,7291.772081632654,7035.449011963548,0.0,0.0,0.0,21730.186242453572
5800,line-43,7291.772081632654,4422.668138669512,0.0,0.0,0.0,18710.076828808156
5801,line-43,3645.886040816327,1508.4897405298223,0.0,0.0,0.0,16460.185986401306
5802,line-43,3645.886040816327,0.0,0.0,0.0,0.0,12622.41120659465
5803,line-43,3645.886040816327,0.0,0.0,0.0,0.0,8784.636426787989
5804,line-43,3645.886040816327,0.0,0.0,0.0,0.0,4946.861646981327
5805,line-43,3645.886040816327,0.0,1036.3674761840653,0.0,0.0,2200.0
5806,line-43,3645.886040816327,0.0,3645.886040816327,0.0,0.0,2200.0
5807,line-43,2734.4145306122496,0.0,2734.4145306122496,0.0,0.0,2200.0
5808,line-43,1822.9430204081634,0.0,1822.9430204081634,0.0,0.0,2200.0
5809,line-43,1822.9430204081634,0.0,1822.9430204081634,0.0,0.0,2200.0
5810,line-43,0.0,0.0,0.0,0.0,0.0,2200.0
5811,line-43,0.0,0.0,0.0,0.0,0.0,2200.0
5812,line-43,0.0,0.0,0.0,0.0,0.0,2200.0
5813,line-43,1822.943020408163,0.0,1822.943020408163,0.0,0.0,2200.0
5814,line-43,3645.886040816327,1502.9210981453084,2142.9649426710184,0.0,0.0,2200.0
5815,line-43,7291.772081632654,4406.341705291871,2885.4303763407834,0.0,0.0,2200.0
5816,line-43,7291.772081632654,7009.477407046761,282.2946745858952,0.0,0.0,2200.0
5817,line-43,3645.886040816327,9134.928807220522,0.0,0.0,0.0,7414.5906280839845
5818,line-43,3645.886040816327,10637.849905365829,0.0,0.0,0.0,14056.95629940601
5819,line-43,3645.886040816327,11415.81911233863,0.0,0.0,0.0,21438.3927173522
5820,line-43,3645.886040816327,11415.81911233863,0.0,0.0,7178.767510840406,22000.0
5821,line-43,3645.886040816327,10637.849905365834,0.0,0.0,6991.963864549506,22000.0
5822,line-43,3645.886040816327,9134.928807220522,0.0,0.0,5489.0427664041945,22000.0
5823,line-43,7291.772081632654,7009.477407046762,0.0,0.0,0.0,21702.847710962218
5824,line-43,7291.772081632654,4406.341705291874,0.0,0.0,0.0,18665.552577971925
5825,line-43,3645.886040816327,1502.9210981453134,0.0,0.0,0.0,16409.80000673927
5826,line-43,3645.886040816327,0.0,0.0,0.0,0.0,12572.025226932612
5827,line-43,3645.886040816327,0.0,0.0,0.0,0.0,8734.25044712595
5828,line-43,3645.886040816327,0.0,0.0,0.0,0.0,4896.475667319289
5829,line-43,3645.886040816327,0.0,1084.2341568630015,0.0,0.0,2200.0
5830,line-43,3645.886040816327,0.0,3645.886040816327,0.0,0.0,2200.0
5831,line-43,2734.4145306122496,0.0,2734.4145306122496,0.0,0.0,2200.0
5832,line-43,1822.9430204081634,0.0,1822.9430204081634,0.0,0.0,2200.0
5833,line-43,1822.9430204081634,0.0,1822.9430204081634,0.0,0.0,2200.0
5834,line-43,0.0,0.0,0.0,0.0,0.0,2200.0
5835,line-43,0.0,0.0,0.0,0.0,0.0,2200.0
5836,line-43,0.0,0.0,0.0,0.0,0.0,2200.0
5837,line-43,1822.943020408163,0.0,1822.943020408163,0.0,0.0,2200.0
5838,line-43,3645.886040816327,1497.317036646919,2148.5690041694083,0.0,0.0,2200.0
5839,line-43,7291.772081632654,4389.911428326668,2901.860653305988,0.0,0.0,2200.0
5840,line-43,7291.772081632654,6983.340610837602,308.431470795053,0.0,0.0,2200.0
5841,line-43,3645.886040816327,9100.86667123597,0.0,0.0,0.0,7382.231598898656
5842,line-43,3645.886040816327,10598.183707882885,0.0,0.0,0.0,13986.914382611889
5843,line-43,3645.886040816327,11373.252039164274,0.0,0.0,0.0,21327.91208104243
5844,line-43,3645.886040816327,11373.252039164274,0.0,0.0,7019.905031024187,22000.0
5845,line-43,3645.886040816327,10598.183707882885,0.0,0.0,6952.29766706656,22000.0
5846,line-43,3645.886040816327,9100.86667123597,0.0,0.0,5454.980630419639,22000.0
5847,line-43,7291.772081632654,6983.340610837604,0.0,0.0,0.0,21675.335293899945
5848,line-43,7291.772081632654,4389.911428326668,0.0,0.0,0.0,18620.745132525222
5849,line-43,3645.886040816327,1497.317036646924,0.0,0.0,0.0,16359.093549189014
5850,line-43,3645.886040816327,0.0,0.0,0.0,0.0,12521.318769382346
5851,line-43,3645.886040816327,0.0,0.0,0.0,0.0,8683.54398957569
5852,line-43,3645.886040816327,0.0,0.0,0.0,0.0,4845.769209769029
5853,line-43,3645.886040816327,0.0,1132.4052915357515,0.0,0.0,2200.0
5854,line-43,3645.886040816327,0.0,3645.886040816327,0.0,0.0,2200.0
5855,line-43,2734.4145306122496,0.0,2734.4145306122496,0.0,0.0,2200.0
5856,line-43,1822.9430204081634,0.0,1822.9430204081634,0.0,0.0,2200.0
5857,line-43,1822.9430204081634,0.0,1822.9430204081634,0.0,0.0,2200.0
5858,line-43,0.0,0.0,0.0,0.0,0.0,2200.0
5859,line-43,0.0,0.0,0.0,0.0,0.0,2200.0
5860,line-43,0.0,0.0,0.0,0.0,0.0,2200.0
5861,line-43,1822.943020408163,0.0,1822.943020408163,0.0,0.0,2200.0
5862,line-43,3645.886040816327,1491.6792166390142,2154.2068241773136,0.0,0.0,2200.0
5863,line-43,7291.772081632654,4373.382176419555,2918.3899052130982,0.0,0.0,2200.0
5864,line-43,7291.772081632654,6957.046368232871,334.72571339978344,0.0,0.0,2200.0
5865,line-43,3645.886040816327,9066.59934711384,0.0,0.0,0.0,7349.677640982634
5866,line-43,3645.886040816327,10558.278563752856,0.0,0.0,0.0,13916.450537772338
5867,line-43,3645.886040816327,11330.428544652425,0.0,0.0,0.0,21216.765916416625
5868,line-43,3645.886040816327,11330.428544652425,0.0,0.0,6860.085573748336,22000.0
5869,line-43,3645.886040816327,10558.278563752856,0.0,0.0,6912.392522936529,22000.0
5870,line-43,3645.886040816327,9066.59934711384,0.0,0.0,5420.71330629751,22000.0
5871,line-43,7291.772081632654,6957.046368232873,0.0,0.0,0.0,21647.657143789704
5872,line-43,7291.772081632654,4373.382176419555,0.0,0.0,0.0,18575.667769881173
5873,line-43,3645.886040816327,1491.6792166390192,0.0,0.0,0.0,16308.081639168224
5874,line-43,3645.886040816327,0.0,0.0,0.0,0.0,12470.306859361564
5875,line-43,3645.886040816327,0.0,0.0,0.0,0.0,8632.532079554901
5876,line-43,3645.886040816327,0.0,0.0,0.0,0.0,4794.757299748238
5877,line-43,3645.886040816327,0.0,1180.8666060554997,0.0,0.0,2200.0
5878,line-43,3645.886040816327,0.0,3645.886040816327,0.0,0.0,2200.0
5879,line-43,2734.4145306122496,0.0,2734.4145306122496,0.0,0.0,2200.0
5880,line-43,1822.9430204081634,0.0,1822.9430204081634,0.0,0.0,2200.0
5881,line-43,1822.9430204081634,0.0,1822.9430204081634,0.0,0.0,2200.0
5882,line-43,0.0,0.0,0.0,0.0,0.0,2200.0
5883,line-43,0.0,0.0,0.0,0.0,0.0,2200.0
5884,line-43,0.0,0.0,0.0,0.0,0.0,2200.0
5885,line-43,1822.943020408163,0.0,1822.943020408163,0.0,0.0,2200.0
5886,line-43,3645.886040816327,1486.0093087293392,2159.8767320869883,0.0,0.0,2200.0
5887,line-43,7291.772081632654,4356.758847544607,2935.0132340880477,0.0,0.0,2200.0
5888,line-43,7291.772081632654,6930.602470784126,361.169610848527,0.0,0.0,2200.0
5889,line-43,3645.886040816327,9032.136989001825,0.0,0.0,0.0,7316.938400776221
5890,line-43,3645.886040816327,10518.146297731164,0.0,0.0,0.0,13845.58564484532
5891,line-43,3645.886040816327,11287.361318328738,0.0,0.0,0.0,21104.987158482098
5892,line-43,3645.886040816327,11287.361318328738,0.0,0.0,6699.3564969672525,22000.0
5893,line-43,3645.886040816327,10518.14629773117,0.0,0.0,6872.260256914841,22000.0
5894,line-43,3645.886040816327,9032.136989001825,0.0,0.0,5386.250948185498,22000.0
5895,line-43,7291.772081632654,6930.602470784132,0.0,0.0,0.0,21619.82146226471
5896,line-43,7291.772081632654,4356.758847544609,0.0,0.0,0.0,18530.33384743519
5897,line-43,3645.886040816327,1486.009308729344,0.0,0.0,0.0,16256.779392606782
5898,line-43,3645.886040816327,0.0,0.0,0.0,0.0,12419.004612800127
5899,line-43,3645.886040816327,0.0,0.0,0.0,0.0,8581.229832993466
5900,line-43,3645.886040816327,0.0,0.0,0.0,0.0,4743.4550531868035
5901,line-43,3645.886040816327,0.0,1229.6037402888626,0.0,0.0,2200.0
5902,line-43,3645.886040816327,0.0,3645.886040816327,0.0,0.0,2200.0
5903,line-43,2734.4145306122496,0.0,2734.4145306122496,0.0,0.0,2200.0
5904,line-43,1822.9430204081634,0.0,1822.9430204081634,0.0,0.0,2200.0
5905,line-43,1822.9430204081634,0.0,1822.9430204081634,0.0,0.0,2200.0
5906,line-43,0.0,0.0,0.0,0.0,0.0,2200.0
5907,line-43,0.0,0.0,0.0,0.0,0.0,2200.0
5908,line-43,0.0,0.0,0.0,0.0,0.0,2200.0
5909,line-43,1822.943020408163,0.0,1822.943020408163,0.0,0.0,2200.0
5910,line-43,3645.886040816327,1480.3089930339718,2165.5770477823557,0.0,0.0,2200.0
5911,line-43,7291.772081632654,4340.046367552928,2951.7257140797274,0.0,0.0,2200.0
5912,line-43,7291.772081632654,6904.01675438889,387.7553272437642,0.0,0.0,2200.0
5913,line-43,3645.886040816327,8997.489808840392,0.0,0.0,0.0,7284.023579622864
5914,line-43,3645.886040816327,10477.798801874365,0.0,0.0,0.0,13774.340702628
5915,line-43,3645.886040816327,11244.06312194182,0.0,0.0,0.0,20992.60892969721
5916,line-43,3645.886040816327,11244.06312194182,0.0,0.0,6537.765428175189,22000.0
5917,line-43,3645.886040816327,10477.798801874365,0.0,0.0,6831.912761058038,22000.0
5918,line-43,3645.886040816327,8997.489808840392,0.0,0.0,5351.603768024065,22000.0
5919,line-43,7291.772081632654,6904.016754388892,0.0,0.0,0.0,21591.836497638145
5920,line-43,7291.772081632654,4340.046367552928,0.0,0.0,0.0,18484.756798606853
5921,line-43,3645.886040816327,1480.3089930339765,0.0,0.0,0.0,16205.202011467536
5922,line-43,3645.886040816327,0.0,0.0,0.0,0.0,12367.427231660877
5923,line-43,3645.886040816327,0.0,0.0,0.0,0.0,8529.652451854216
5924,line-43,3645.886040816327,0.0,0.0,0.0,0.0,4691.8776720475535
5925,line-43,3645.886040816327,0.0,1278.6022523711501,0.0,0.0,2200.0
5926,line-43,3645.886040816327,0.0,3645.886040816327,0.0,0.0,2200.0
5927,line-43,2734.4145306122496,0.0,2734.4145306122496,0.0,0.0,2200.0
5928,line-43,1822.9430204081634,0.0,1822.9430204081634,0.0,0.0,2200.0
5929,line-43,1822.9430204081634,0.0,1822.9430204081634,0.0,0.0,2200.0
5930,line-43,0.0,0.0,0.0,0.0,0.0,2200.0
5931,line-43,0.0,0.0,0.0,0.0,0.0,2200.0
5932,line-43,0.0,0.0,0.0,0.0,0.0,2200.0
5933,line-43,1822.943020408163,0.0,1822.943020408163,0.0,0.0,2200.0
5934,line-43,3645.886040816327,1474.5799586794767,2171.306082136851,0.0,0.0,2200.0
5935,line-43,7291.772081632654,4323.249688713025,2968.5223929196286,0.0,0.0,2200.0
5936,line-43,7291.772081632654,6877.297096968694,414.4749846639594,0.0,0.0,2200.0
5937,line-43,3645.886040816327,8962.668073336768,0.0,0.0,0.0,7250.942930894419
5938,line-43,3645.886040816327,10437.248032016247,0.0,0.0,0.0,13702.736822534343
5939,line-43,3645.886040816327,11200.546785681716,0.0,0.0,0.0,20879.664530156464
5940,line-43,3645.886040816327,11200.546785681716,0.0,0.0,6375.360250293247,22000.0
5941,line-43,3645.886040816327,10437.248032016252,0.0,0.0,6791.361991199919,22000.0
5942,line-43,3645.886040816327,8962.668073336768,0.0,0.0,5316.782032520442,22000.0
5943,line-43,7291.772081632654,6877.297096968699,0.0,0.0,0.0,21563.710542458994
5944,line-43,7291.772081632654,4323.2496887130255,0.0,0.0,0.0,18438.950128859386
5945,line-43,3645.886040816327,1474.5799586794815,0.0,0.0,0.0,16153.364779241654
5946,line-43,3645.886040816327,0.0,0.0,0.0,0.0,12315.589999434987
5947,line-43,3645.886040816327,0.0,0.0,0.0,0.0,8477.815219628332
5948,line-43,3645.886040816327,0.0,0.0,0.0,0.0,4640.040439821671
5949,line-43,3645.886040816327,0.0,1327.847622985742,0.0,0.0,2200.0
5950,line-43,3645.886040816327,0.0,3645.886040816327,0.0,0.0,2200.0
5951,line-43,2734.4145306122496,0.0,2734.4145306122496,0.0,0.0,2200.0
5952,line-43,1822.9430204081634,0.0,1822.9430204081634,0.0,0.0,2200.0
5953,line-43,1822.9430204081634,0.0,1822.9430204081634,0.0,0.0,2200.0
5954,line-43,0.0,0.0,0.0,0.0,0.0,2200.0
5955,line-43,0.0,0.0,0.0,0.0,0.0,2200.0
5956,line-43,0.0,0.0,0.0,0.0,0.0,2200.0
5957,line-43,1822.943020408163,0.0,1822.943020408163,0.0,0.0,2200.0
5958,line-43,3645.886040816327,1468.8239033023751,2177.062137513952,0.0,0.0,2200.0
5959,line-43,7291.772081632654,4306.373788243341,2985.3982933893144,0.0,0.0,2200.0
5960,line-43,7291.772081632654,6850.451416134691,441.3206654979631,0.0,0.0,2200.0
5961,line-43,3645.886040816327,8927.682100922699,0.0,0.0,0.0,7217.706257101052
5962,line-43,3645.886040816327,10396.50600422507,0.0,0.0,0.0,13630.795222339362
5963,line-43,3645.886040816327,11156.825204378027,0.0,0.0,0.0,20766.187427722973
5964,line-43,3645.886040816327,11156.825204378027,0.0,0.0,6212.189087480627,22000.0
5965,line-43,3645.886040816327,10396.50600422507,0.0,0.0,6750.619963408743,22000.0
5966,line-43,3645.886040816327,8927.682100922699,0.0,0.0,5281.796060106372,22000.0
5967,line-43,7291.772081632654,6850.451416134695,0.0,0.0,0.0,21535.451931054773
5968,line-43,7291.772081632654,4306.373788243342,0.0,0.0,0.0,18392.927411697612
5969,line-43,3645.886040816327,1468.8239033023801,0.0,0.0,0.0,16101.283056419768
5970,line-43,3645.886040816327,0.0,0.0,0.0,0.0,12263.508276613104
5971,line-43,3645.886040816327,0.0,0.0,0.0,0.0,8425.733496806442
5972,line-43,3645.886040816327,0.0,0.0,0.0,0.0,4587.95871699978
5973,line-43,3645.886040816327,0.0,1377.3252596665345,0.0,0.0,2200.0
5974,line-43,3645.886040816327,0.0,3645.886040816327,0.0,0.0,2200.0
5975,line-43,2734.4145306122496,0.0,2734.4145306122496,0.0,0.0,2200.0
5976,line-43,1822.9430204081634,0.0,1822.9430204081634,0.0,0.0,2200.0
5977,line-43,1822.9430204081634,0.0,1822.9430204081634,0.0,0.0,2200.0
5978,line-43,0.0,0.0,0.0,0.0,0.0,2200.0
5979,line-43,0.0,0.0,0.0,0.0,0.0,2200.0
5980,line-43,0.0,0.0,0.0,0.0,0.0,2200.0
5981,line-43,1822.943020408163,0.0,1822.943020408163,0.0,0.0,2200.0
5982,line-43,3645.886040816327,1463.0425325461033,2182.8435082702244,0.0,0.0,2200.0
5983,line-43,7291.772081632654,4289.423666837395,3002.3484147952586,0.0,0.0,2200.0
5984,line-43,7291.772081632654,6823.48766684149,468.2844147911651,0.0,0.0,2200.0
5985,line-43,3645.886040816327,8892.542258696867,0.0,0.0,0.0,7184.323406986514
5986,line-43,3645.886040816327,10355.584791242974,0.0,0.0,0.0,13558.537219891823
5987,line-43,3645.886040816327,11112.911333678881,0.0,0.0,0.0,20652.21124811125
5988,line-43,3645.886040816327,11112.911333678881,0.0,0.0,6048.3002908743965,22000.0
5989,line-43,3645.886040816327,10355.584791242974,0.0,0.0,6709.698750426646,22000.0
5990,line-43,3645.886040816327,8892.542258696867,0.0,0.0,5246.656217880541,22000.0
5991,line-43,7291.772081632654,6823.487666841491,0.0,0.0,0.0,21507.069037061934
5992,line-43,7291.772081632654,4289.423666837397,0.0,0.0,0.0,18346.70228464587
5993,line-43,3645.886040816327,1463.0425325461074,0.0,0.0,0.0,16048.972275940378
5994,line-43,3645.886040816327,0.0,0.0,0.0,0.0,12211.197496133718
5995,line-43,3645.886040816327,0.0,0.0,0.0,0.0,8373.422716327055
5996,line-43,3645.886040816327,0.0,0.0,0.0,0.0,4535.647936520392
5997,line-43,3645.886040816327,0.0,1427.0205011219532,0.0,0.0,2200.0
5998,line-43,3645.886040816327,0.0,3645.886040816327,0.0,0.0,2200.0
5999,line-43,2734.4145306122496,0.0,2734.4145306122496,0.0,0.0,2200.0
6000,line-43,1822.9430204081634,0.0,1822.9430204081634,0.0,0.0,2200.0
6001,line-43,1822.9430204081634,0.0,1822.9430204081634,0.0,0.0,2200.0
6002,line-43,0.0,0.0,0.0,0.0,0.0,2200.0
6003,line-43,0.0,0.0,0.0,0.0,0.0,2200.0
6004,line-43,0.0,0.0,0.0,0.0,0.0,2200.0
6005,line-43,1822.943020408163,0.0,1822.943020408163,0.0,0.0,2200.0
6006,line-43,3645.886040816327,1457.2375595555854,2188.6484812607414,0.0,0.0,2200.0
6007,line-43,7291.772081632654,4272.404347181976,3019.3677344506777,0.0,0.0,2200.0
6008,line-43,7291.772081632654,6796.413839029929,495.35824260272716,0.0,0.0,2200.0
6009,line-43,3645.886040816327,8857.25895935291,0.0,0.0,0.0,7150.804272609751
6010,line-43,3645.886040816327,10314.496518908496,0.0,0.0,0.0,13485.984226797314
6011,line-43,3645.886040816327,11068.818186211904,0.0,0.0,0.0,20537.76976492311
6012,line-43,3645.886040816327,11068.818186211904,0.0,0.0,5883.742424262006,22000.0
6013,line-43,3645.886040816327,10314.4965189085,0.0,0.0,6668.610478092172,22000.0
6014,line-43,3645.886040816327,8857.25895935291,0.0,0.0,5211.372918536583,22000.0
6015,line-43,7291.772081632654,6796.41383902993,0.0,0.0,0.0,21478.570270944503
6016,line-43,7291.772081632654,4272.404347181976,0.0,0.0,0.0,18300.28844520695
6017,line-43,3645.886040816327,1457.2375595555902,0.0,0.0,0.0,15996.447938616695
6018,line-43,3645.886040816327,0.0,0.0,0.0,0.0,12158.67315881004
6019,line-43,3645.886040816327,0.0,0.0,0.0,0.0,8320.898379003376
6020,line-43,3645.886040816327,0.0,0.0,0.0,0.0,4483.123599196715
6021,line-43,3645.886040816327,0.0,1476.9186215794487,0.0,0.0,2200.0
6022,line-43,3645.886040816327,0.0,3645.886040816327,0.0,0.0,2200.0
6023,line-43,2734.4145306122496,0.0,2734.4145306122496,0.0,0.0,2200.0
6024,line-43,1822.9430204081634,0.0,1822.9430204081634,0.0,0.0,2200.0
6025,line-43,1822.9430204081634,0.0,1822.9430204081634,0.0,0.0,2200.0
6026,line-43,0.0,0.0,0.0,0.0,0.0,2200.0
6027,line-43,0.0,0.0,0.0,0.0,0.0,2200.0
6028,line-43,0.0,0.0,0.0,0.0,0.0,2200.0
6029,line-43,1822.943020408163,0.0,1822.943020408163,0.0,0.0,2200.0
6030,line-43,3645.886040816327,1451.4107044696023,2194.4753363467253,0.0,0.0,2200.0
6031,line-43,7291.772081632654,4255.320872468801,3036.4512091638535,0.0,0.0,2200.0
6032,line-43,7291.772081632654,6769.23795525949,522.5341263731655,0.0,0.0,2200.0
6033,line-43,3645.886040816327,8821.842658093889,0.0,0.0,0.0,7117.158786413682
6034,line-43,3645.886040816327,10273.253362563491,0.0,0.0,0.0,13413.157742073492
6035,line-43,3645.886040816327,11024.558827728291,0.0,0.0,0.0,20422.89688963985
6036,line-43,3645.886040816327,11024.558827728291,0.0,0.0,5718.564249690756,22000.0
6037,line-43,3645.886040816327,10273.253362563493,0.0,0.0,6627.367321747166,22000.0
6038,line-43,3645.886040816327,8821.842658093889,0.0,0.0,5175.956617277562,22000.0
6039,line-43,7291.772081632654,6769.237955259493,0.0,0.0,0.0,21449.964077501932
6040,line-43,7291.772081632654,4255.320872468802,0.0,0.0,0.0,18253.699646803147
6041,line-43,3645.886040816327,1451.410704469607,0.0,0.0,0.0,15943.725608543435
6042,line-43,3645.886040816327,0.0,0.0,0.0,0.0,12105.950828736775
6043,line-43,3645.886040816327,0.0,0.0,0.0,0.0,8268.176048930114
6044,line-43,3645.886040816327,0.0,0.0,0.0,0.0,4430.401269123453
6045,line-43,3645.886040816327,0.0,1527.0048351490461,0.0,0.0,2200.0
6046,line-43,3645.886040816327,0.0,3645.886040816327,0.0,0.0,2200.0
6047,line-43,2734.4145306122496,0.0,2734.4145306122496,0.0,0.0,2200.0
6048,line-43,1822.9430204081634,0.0,1822.9430204081634,0.0,0.0,2200.0
6049,line-43,1822.9430204081634,0.0,1822.9430204081634,0.0,0.0,2200.0
6050,line-43,0.0,0.0,0.0,0.0,0.0,2200.0
6051,line-43,0.0,0.0,0.0,0.0,0.0,2200.0
6052,line-43,0.0,0.0,0.0,0.0,0.0,2200.0
6053,line-43,1822.943020408163,0.0,1822.943020408163,0.0,0.0,2200.0
6054,line-43,3645.886040816327,1445.563693911069,2200.3223469052587,0.0,0.0,2200.0
6055,line-43,7291.772081632654,4238.178304900124,3053.593776732531,0.0,0.0,2200.0
6056,line-43,7291.772081632654,6741.96806833104,549.8040133016135,0.0,0.0,2200.0
6057,line-43,3645.886040816327,8786.303849534224,0.0,0.0,0.0,7083.396918282005
6058,line-43,3645.886040816327,10231.867543445294,0.0,0.0,0.0,13340.079345779517
6059,line-43,3645.886040816327,10980.146373231164,0.0,0.0,0.0,20307.62666157362
6060,line-43,3645.886040816327,10980.146373231164,0.0,0.0,5552.814713018641,22000.0
6061,line-43,3645.886040816327,10231.867543445294,0.0,0.0,6585.981502628967,22000.0
6062,line-43,3645.886040816327,8786.303849534224,0.0,0.0,5140.417808717897,22000.0
6063,line-43,7291.772081632654,6741.968068331045,0.0,0.0,0.0,21421.258933366724
6064,line-43,7291.772081632654,4238.178304900126,0.0,0.0,0.0,18206.9496947009
6065,line-43,3645.886040816327,1445.5636939110739,0.0,0.0,0.0,15890.820908484851
6066,line-43,3645.886040816327,0.0,0.0,0.0,0.0,12053.046128678183
6067,line-43,3645.886040816327,0.0,0.0,0.0,0.0,8215.271348871527
6068,line-43,3645.886040816327,0.0,0.0,0.0,0.0,4377.496569064865
6069,line-43,3645.886040816327,0.0,1577.2643002047062,0.0,0.0,2200.0
6070,line-43,3645.886040816327,0.0,3645.886040816327,0.0,0.0,2200.0
6071,line-43,2734.4145306122496,0.0,2734.4145306122496,0.0,0.0,2200.0
6072,line-43,1822.9430204081634,0.0,1822.9430204081634,0.0,0.0,2200.0
6073,line-43,1822.9430204081634,0.0,1822.9430204081634,0.0,0.0,2200.0
6074,line-43,0.0,0.0,0.0,0.0,0.0,2200.0
6075,line-43,0.0,0.0,0.0,0.0,0.0,2200.0
6076,line-43,0.0,0.0,0.0,0.0,0.0,2200.0
6077,line-43,1822.943020408163,0.0,1822.943020408163,0.0,0.0,2200.0
6078,line-43,3645.886040816327,1439.6982604754035,2206.1877803409243,0.0,0.0,2200.0
6079,line-43,7291.772081632654,4220.981724188679,3070.7903574439756,0.0,0.0,2200.0
6080,line-43,7291.772081632654,6714.612258900608,577.1598227320466,0.0,0.0,2200.0
6081,line-43,3645.886040816327,8750.653064589875,0.0,0.0,0.0,7049.528672584871
6082,line-43,3645.886040816327,10190.351325065276,0.0,0.0,0.0,13266.770692621376
6083,line-43,3645.886040816327,10935.593983089284,0.0,0.0,0.0,20191.993237780684
6084,line-43,3645.886040816327,10935.593983089284,0.0,0.0,5386.5429294105215,22000.0
6085,line-43,3645.886040816327,10190.35132506528,0.0,0.0,6544.465284248952,22000.0
6086,line-43,3645.886040816327,8750.653064589875,0.0,0.0,5104.767023773548,22000.0
6087,line-43,7291.772081632654,6714.612258900609,0.0,0.0,0.0,21392.463344492582
6088,line-43,7291.772081632654,4220.981724188679,0.0,0.0,0.0,18160.05244191998
6089,line-43,3645.886040816327,1439.698260475407,0.0,0.0,0.0,15837.749515245323
6090,line-43,3645.886040816327,0.0,0.0,0.0,0.0,11999.974735438664
6091,line-43,3645.886040816327,0.0,0.0,0.0,0.0,8162.1999556320025
6092,line-43,3645.886040816327,0.0,0.0,0.0,0.0,4324.425175825341
6093,line-43,3645.886040816327,0.0,1627.6821237822528,0.0,0.0,2200.0
6094,line-43,3645.886040816327,0.0,3645.886040816327,0.0,0.0,2200.0
6095,line-43,2734.4145306122496,0.0,2734.4145306122496,0.0,0.0,2200.0
6096,line-43,1822.9430204081634,0.0,1822.9430204081634,0.0,0.0,2200.0
6097,line-43,1822.9430204081634,0.0,1822.9430204081634,0.0,0.0,2200.0
6098,line-43,0.0,0.0,0.0,0.0,0.0,2200.0
6099,line-43,0.0,0.0,0.0,0.0,0.0,2200.0
6100,line-43,0.0,0.0,0.0,0.0,0.0,2200.0
6101,line-43,1822.943020408163,0.0,1822.943020408163,0.0,0.0,2200.0
6102,line-43,3645.886040816327,1433.8161422171177,2212.06989859921,0.0,0.0,2200.0
6103,line-43,7291.772081632654,4203.736226052465,3088.03585558019,0.0,0.0,2200.0
6104,line-43,7291.772081632654,6687.178633084917,604.5934485477385,0.0,0.0,2200.0
6105,line-43,3645.886040816327,8714.900867357836,0.0,0.0,0.0,7015.564085214433
6106,line-43,3645.886040816327,10148.717009574953,0.0,0.0,0.0,13193.253505535127
6107,line-43,3645.886040816327,10890.914859137378,0.0,0.0,0.0,20076.03088294012
6108,line-43,3645.886040816327,10890.914859137378,0.0,0.0,5219.798168784342,22000.0
6109,line-43,3645.886040816327,10148.717009574955,0.0,0.0,6502.830968758626,22000.0
6110,line-43,3645.886040816327,8714.900867357836,0.0,0.0,5069.014826541508,22000.0
6111,line-43,7291.772081632654,6687.178633084919,0.0,0.0,0.0,21363.585843633966
6112,line-43,7291.772081632654,4203.736226052467,0.0,0.0,0.0,18113.021785128494
6113,line-43,3645.886040816327,1433.8161422171224,0.0,0.0,0.0,15784.527155024072
6114,line-43,3645.886040816327,0.0,0.0,0.0,0.0,11946.752375217417
6115,line-43,3645.886040816327,0.0,0.0,0.0,0.0,8108.9775954107545
6116,line-43,3645.886040816327,0.0,0.0,0.0,0.0,4271.202815604092
6117,line-43,3645.886040816327,0.0,1678.2433659924402,0.0,0.0,2200.0
6118,line-43,3645.886040816327,0.0,3645.886040816327,0.0,0.0,2200.0
6119,line-43,2734.4145306122496,0.0,2734.4145306122496,0.0,0.0,2200.0
6120,line-43,1822.9430204081634,0.0,1822.9430204081634,0.0,0.0,2200.0
6121,line-43,1822.9430204081634,0.0,1822.9430204081634,0.0,0.0,2200.0
6122,line-43,0.0,0.0,0.0,0.0,0.0,2200.0
6123,line-43,0.0,0.0,0.0,0.0,0.0,2200.0
6124,line-43,0.0,0.0,0.0,0.0,0.0,2200.0
6125,line-43,1822.943020408163,0.0,1822.943020408163,0.0,0.0,2200.0
6126,line-43,3645.886040816327,1427.9190821347988,2217.966958681528,0.0,0.0,2200.0
6127,line-43,7291.772081632654,4186.446920704768,3105.3251609278873,0.0,0.0,2200.0
6128,line-43,7291.772081632654,6659.675320059359,632.0967615732969,0.0,0.0,2200.0
6129,line-43,3645.886040816327,8679.057851985732,0.0,0.0,0.0,6981.513220610935
6130,line-43,3645.886040816327,10106.976934120532,0.0,0.0,0.0,13119.549569249932
6131,line-43,3645.886040816327,10846.122240764125,0.0,0.0,0.0,19959.77395920033
6132,line-43,3645.886040816327,10846.122240764125,0.0,0.0,5052.62984121131,22000.0
6133,line-43,3645.886040816327,10106.976934120532,0.0,0.0,6461.090893304205,22000.0
6134,line-43,3645.886040816327,8679.057851985732,0.0,0.0,5033.1718111694045,22000.0
6135,line-43,7291.772081632654,6659.67532005936,0.0,0.0,0.0,21334.634987817586
6136,line-43,7291.772081632654,4186.446920704769,0.0,0.0,0.0,18065.871660525074
6137,line-43,3645.886040816327,1427.9190821348036,0.0,0.0,0.0,15731.169598755052
6138,line-43,3645.886040816327,0.0,0.0,0.0,0.0,11893.394818948389
6139,line-43,3645.886040816327,0.0,0.0,0.0,0.0,8055.620039141731
6140,line-43,3645.886040816327,0.0,0.0,0.0,0.0,4217.845259335069
6141,line-43,3645.886040816327,0.0,1728.933044448011,0.0,0.0,2200.0
6142,line-43,3645.886040816327,0.0,3645.886040816327,0.0,0.0,2200.0
6143,line-43,2734.4145306122496,0.0,2734.4145306122496,0.0,0.0,2200.0
6144,line-43,1822.9430204081634,0.0,1822.9430204081634,0.0,0.0,2200.0
6145,line-43,1822.9430204081634,0.0,1822.9430204081634,0.0,0.0,2200.0
6146,line-43,0.0,0.0,0.0,0.0,0.0,2200.0
6147,line-43,0.0,0.0,0.0,0.0,0.0,2200.0
6148,line-43,0.0,0.0,0.0,0.0,0.0,2200.0
6149,line-43,1822.943020408163,0.0,1822.943020408163,0.0,0.0,2200.0
6150,line-43,3645.886040816327,1422.0088276546187,2223.877213161708,0.0,0.0,2200.0
6151,line-43,7291.772081632654,4169.118931339893,3122.653150292761,0.0,0.0,2200.0
6152,line-43,7291.772081632654,6632.110469649148,659.6616119835053,0.0,0.0,2200.0
6153,line-43,3645.886040816327,8643.134639532575,0.0,0.0,0.0,6947.386168780435
6154,line-43,3645.886040816327,10065.143467187196,0.0,0.0,0.0,13045.680723832762
6155,line-43,3645.886040816327,10801.22940098904,0.0,0.0,0.0,19843.25691599683
6156,line-43,3645.886040816327,10801.22940098904,0.0,0.0,4885.087482274649,22000.0
6157,line-43,3645.886040816327,10065.143467187196,0.0,0.0,6419.257426370867,22000.0
6158,line-43,3645.886040816327,8643.134639532575,0.0,0.0,4997.248598716249,22000.0
6159,line-43,7291.772081632654,6632.110469649149,0.0,0.0,0.0,21305.619355806837
6160,line-43,7291.772081632654,4169.118931339895,0.0,0.0,0.0,18018.616039709195
6161,line-43,3645.886040816327,1422.0088276546232,0.0,0.0,0.0,15677.692657433716
6162,line-43,3645.886040816327,0.0,0.0,0.0,0.0,11839.917877627056
6163,line-43,3645.886040816327,0.0,0.0,0.0,0.0,8002.143097820395
6164,line-43,3645.886040816327,0.0,0.0,0.0,0.0,4164.368318013734
6165,line-43,3645.886040816327,0.0,1779.736138703279,0.0,0.0,2200.0
6166,line-43,3645.886040816327,0.0,3645.886040816327,0.0,0.0,2200.0
6167,line-43,2734.4145306122496,0.0,2734.4145306122496,0.0,0.0,2200.0
6168,line-43,1822.9430204081634,0.0,1822.9430204081634,0.0,0.0,2200.0
6169,line-43,1822.9430204081634,0.0,1822.9430204081634,0.0,0.0,2200.0
6170,line-43,0.0,0.0,0.0,0.0,0.0,2200.0
6171,line-43,0.0,0.0,0.0,0.0,0.0,2200.0
6172,line-43,0.0,0.0,0.0,0.0,0.0,2200.0
6173,line-43,1822.943020408163,0.0,1822.943020408163,0.0,0.0,2200.0
6174,line-43,3645.886040816327,1416.0871301125333,2229.7989107037934,0.0,0.0,2200.0
6175,line-43,7291.772081632654,4151.757392615063,3140.014689017593,0.0,0.0,2200.0
6176,line-43,7291.772081632654,6604.4922499143695,687.2798317182849,0.0,0.0,2200.0
6177,line-43,3645.886040816327,8607.141874821507,0.0,0.0,0.0,6913.193042304923
6178,line-43,3645.886040816327,10023.229004934044,0.0,0.0,0.0,12971.668858216755
6179,line-43,3645.886040816327,10756.249642529434,0.0,0.0,0.0,19726.514279844196
6180,line-43,3645.886040816327,10756.249642529434,0.0,0.0,4717.220738391207,22000.0
6181,line-43,3645.886040816327,10023.229004934044,0.0,0.0,6377.342964117717,22000.0
6182,line-43,3645.886040816327,8607.141874821507,0.0,0.0,4961.255834005182,22000.0
6183,line-43,7291.772081632654,6604.492249914372,0.0,0.0,0.0,21276.547545559704
6184,line-43,7291.772081632654,4151.7573926150635,0.0,0.0,0.0,17971.268925541186
6185,line-43,3645.886040816327,1416.0871301125378,0.0,0.0,0.0,15624.11217743194
6186,line-43,3645.886040816327,0.0,0.0,0.0,0.0,11786.337397625273
6187,line-43,3645.886040816327,0.0,0.0,0.0,0.0,7948.562617818618
6188,line-43,3645.886040816327,0.0,0.0,0.0,0.0,4110.7878380119555
6189,line-43,3645.886040816327,0.0,1830.6375947049703,0.0,0.0,2200.0
6190,line-43,3645.886040816327,0.0,3645.886040816327,0.0,0.0,2200.0
6191,line-43,2734.4145306122496,0.0,2734.4145306122496,0.0,0.0,2200.0
6192,line-43,1822.9430204081634,0.0,1822.9430204081634,0.0,0.0,2200.0
6193,line-43,1822.9430204081634,0.0,1822.9430204081634,0.0,0.0,2200.0
6194,line-43,0.0,0.0,0.0,0.0,0.0,2200.0
6195,line-43,0.0,0.0,0.0,0.0,0.0,2200.0
6196,line-43,0.0,0.0,0.0,0.0,0.0,2200.0
6197,line-43,1822.943020408163,0.0,1822.943020408163,0.0,0.0,2200.0
6198,line-43,3645.886040816327,1410.1557442353253,2235.730296581002,0.0,0.0,2200.0
6199,line-43,7291.772081632654,4134.367449128891,3157.404632503764,0.0,0.0,2200.0
6200,line-43,7291.772081632654,6576.828844729575,714.9432369030783,0.0,0.0,2200.0
6201,line-43,3645.886040816327,8571.090223285499,0.0,0.0,0.0,6878.943973345714
6202,line-43,3645.886040816327,9981.245967520825,0.0,0.0,0.0,12897.535903714983
6203,line-43,3645.886040816327,10711.196293858467,0.0,0.0,0.0,19609.58064410502
6204,line-43,3645.886040816327,10711.196293858467,0.0,0.0,4549.079352100054,22000.0
6205,line-43,3645.886040816327,9981.245967520827,0.0,0.0,6335.359926704499,22000.0
6206,line-43,3645.886040816327,8571.090223285499,0.0,0.0,4925.204182469172,22000.0
6207,line-43,7291.772081632654,6576.82884472958,0.0,0.0,0.0,21247.428171680975
6208,line-43,7291.772081632654,4134.367449128892,0.0,0.0,0.0,17923.844347992803
6209,line-43,3645.886040816327,1410.1557442353292,0.0,0.0,0.0,15570.444035802271
6210,line-43,3645.886040816327,0.0,0.0,0.0,0.0,11732.669255995615
6211,line-43,3645.886040816327,0.0,0.0,0.0,0.0,7894.894476188953
6212,line-43,3645.886040816327,0.0,0.0,0.0,0.0,4057.1196963822913
6213,line-43,3645.886040816327,0.0,1881.6223292531513,0.0,0.0,2200.0
6214,line-43,3645.886040816327,0.0,3645.886040816327,0.0,0.0,2200.0
6215,line-43,2734.4145306122496,0.0,2734.4145306122496,0.0,0.0,2200.0
6216,line-43,1822.9430204081634,0.0,1822.9430204081634,0.0,0.0,2200.0
6217,line-43,1822.9430204081634,0.0,1822.9430204081634,0.0,0.0,2200.0
6218,line-43,0.0,0.0,0.0,0.0,0.0,2200.0
6219,line-43,0.0,0.0,0.0,0.0,0.0,2200.0
6220,line-43,0.0,0.0,0.0,0.0,0.0,2200.0
6221,line-43,1822.943020408163,0.0,1822.943020408163,0.0,0.0,2200.0
6222,line-43,3645.886040816327,1404.2164276206395,2241.6696131956883,0.0,0.0,2200.0
6223,line-43,7291.772081632654,4116.954253896938,3174.817827735717,0.0,0.0,2200.0
6224,line-43,7291.772081632654,6549.128451358749,742.6436302739048,0.0,0.0,2200.0
6225,line-43,3645.886040816327,8534.990367806957,0.0,0.0,0.0,6844.649110641096
6226,line-43,3645.886040816327,9939.206795427595,0.0,0.0,0.0,12823.3038275218
6227,line-43,3645.886040816327,10666.082705255687,0.0,0.0,0.0,19492.490658739196
6228,line-43,3645.886040816327,10666.082705255687,0.0,0.0,4380.713147322722,22000.0
6229,line-43,3645.886040816327,9939.206795427595,0.0,0.0,6293.320754611267,22000.0
6230,line-43,3645.886040816327,8534.990367806957,0.0,0.0,4889.104326990629,22000.0
6231,line-43,7291.772081632654,6549.128451358753,0.0,0.0,0.0,21218.269862869576
6232,line-43,7291.772081632654,4116.954253896938,0.0,0.0,0.0,17876.356359989873
6233,line-43,3645.886040816327,1404.2164276206431,0.0,0.0,0.0,15516.704135573367
6234,line-43,3645.886040816327,0.0,0.0,0.0,0.0,11678.929355766704
6235,line-43,3645.886040816327,0.0,0.0,0.0,0.0,7841.154575960046
6236,line-43,3645.886040816327,0.0,0.0,0.0,0.0,4003.3797961533846
6237,line-43,3645.886040816327,0.0,1932.675234470611,0.0,0.0,2200.0
6238,line-43,3645.886040816327,0.0,3645.886040816327,0.0,0.0,2200.0
6239,line-43,2734.4145306122496,0.0,2734.4145306122496,0.0,0.0,2200.0
6240,line-43,1822.9430204081634,0.0,1822.9430204081634,0.0,0.0,2200.0
6241,line-43,1822.9430204081634,0.0,1822.9430204081634,0.0,0.0,2200.0
6242,line-43,0.0,0.0,0.0,0.0,0.0,2200.0
6243,line-43,0.0,0.0,0.0,0.0,0.0,2200.0
6244,line-43,0.0,0.0,0.0,0.0,0.0,2200.0
6245,line-43,1822.943020408163,0.0,1822.943020408163,0.0,0.0,2200.0
6246,line-43,3645.886040816327,1398.2709402161688,2247.615100600158,0.0,0.0,2200.0
6247,line-43,7291.772081632654,4099.522966824762,3192.249114807893,0.0,0.0,2200.0
6248,line-43,7291.772081632654,6521.399278026271,770.3728036063851,0.0,0.0,2200.0
6249,line-43,3645.886040816327,8498.853005552157,0.0,0.0,0.0,6810.318616499038
6250,line-43,3645.886040816327,9897.123945768326,0.0,0.0,0.0,12748.994626203432
6251,line-43,3645.886040816327,10620.922244851032,0.0,0.0,0.0,19375.279020036403
6252,line-43,3645.886040816327,10620.922244851032,0.0,0.0,4212.172014599338,22000.0
6253,line-43,3645.886040816327,9897.123945768326,0.0,0.0,6251.237904952,22000.0
6254,line-43,3645.886040816327,8498.853005552157,0.0,0.0,4852.966964735829,22000.0
6255,line-43,7291.772081632654,6521.399278026273,0.0,0.0,0.0,21189.08125936171
6256,line-43,7291.772081632654,4099.522966824763,0.0,0.0,0.0,17828.81903324813
6257,line-43,3645.886040816327,1398.2709402161738,0.0,0.0,0.0,15462.908401037446
6258,line-43,3645.886040816327,0.0,0.0,0.0,0.0,11625.133621230787
6259,line-43,3645.886040816327,0.0,0.0,0.0,0.0,7787.358841424123
6260,line-43,3645.886040816327,0.0,0.0,0.0,0.0,3949.584061617462
6261,line-43,3645.886040816327,0.0,1983.7811822797385,0.0,0.0,2200.0
6262,line-43,3645.886040816327,0.0,3645.886040816327,0.0,0.0,2200.0
6263,line-43,2734.4145306122496,0.0,2734.4145306122496,0.0,0.0,2200.0
6264,line-43,1822.9430204081634,0.0,1822.9430204081634,0.0,0.0,2200.0
6265,line-43,1822.9430204081634,0.0,1822.9430204081634,0.0,0.0,2200.0
6266,line-43,0.0,0.0,0.0,0.0,0.0,2200.0
6267,line-43,0.0,0.0,0.0,0.0,0.0,2200.0
6268,line-43,0.0,0.0,0.0,0.0,0.0,2200.0
6269,line-43,1822.943020408163,0.0,1822.943020408163,0.0,0.0,2200.0
6270,line-43,3645.886040816327,1392.321043798147,2253.5649970181807,0.0,0.0,2200.0
6271,line-43,7291.772081632654,4082.0787531789165,3209.693328453739,0.0,0.0,2200.0
6272,line-43,7291.772081632654,6493.649541484638,798.122540148016,0.0,0.0,2200.0
6273,line-43,3645.886040816327,8462.688844801443,0.0,0.0,0.0,6775.96266378586
6274,line-43,3645.886040816327,9855.009888599592,0.0,0.0,0.0,12674.630319179958
6275,line-43,3645.886040816327,10575.728294663555,0.0,0.0,0.0,19257.98046033482
6276,line-43,3645.886040816327,10575.728294663555,0.0,0.0,4043.505896304934,22000.0
6277,line-43,3645.886040816327,9855.009888599592,0.0,0.0,6209.123847783265,22000.0
6278,line-43,3645.886040816327,8462.688844801443,0.0,0.0,4816.802803985116,22000.0
6279,line-43,7291.772081632654,6493.649541484642,0.0,0.0,0.0,21159.87101037051
6280,line-43,7291.772081632654,4082.0787531789165,0.0,0.0,0.0,17781.24645410342
6281,line-43,3645.886040816327,1392.3210437981518,0.0,0.0,0.0,15409.072773031652
6282,line-43,3645.886040816327,0.0,0.0,0.0,0.0,11571.297993224996
6283,line-43,3645.886040816327,0.0,0.0,0.0,0.0,7733.523213418334
6284,line-43,3645.886040816327,0.0,0.0,0.0,0.0,3895.748433611672
6285,line-43,3645.886040816327,0.0,2034.925028885239,0.0,0.0,2200.0
6286,line-43,3645.886040816327,0.0,3645.886040816327,0.0,0.0,2200.0
6287,line-43,2734.4145306122496,0.0,2734.4145306122496,0.0,0.0,2200.0
6288,line-43,1822.9430204081634,0.0,1822.9430204081634,0.0,0.0,2200.0
6289,line-43,1822.9430204081634,0.0,1822.9430204081634,0.0,0.0,2200.0
6290,line-43,0.0,0.0,0.0,0.0,0.0,2200.0
6291,line-43,0.0,0.0,0.0,0.0,0.0,2200.0
6292,line-43,0.0,0.0,0.0,0.0,0.0,2200.0
6293,line-43,1822.943020408163,0.0,1822.943020408163,0.0,0.0,2200.0
6294,line-43,3645.886040816327,1386.3685014492917,2259.5175393670365,0.0,0.0,2200.0
6295,line-43,7291.772081632654,4064.6267820563817,3227.145299576274,0.0,0.0,2200.0
6296,line-43,7291.772081632654,6465.88746457968,825.8846170529729,0.0,0.0,2200.0
6297,line-43,3645.886040816327,8426.508601776135,0.0,0.0,0.0,6741.591432911817
6298,line-43,3645.886040816327,9812.877103225426,0.0,0.0,0.0,12600.23294220046
6299,line-43,3645.886040816327,10530.514246636063,0.0,0.0,0.0,19140.62973772921
6300,line-43,3645.886040816327,10530.514246636063,0.0,0.0,3874.764771850483,22000.0
6301,line-43,3645.886040816327,9812.877103225426,0.0,0.0,6166.9910624091,22000.0
6302,line-43,3645.886040816327,8426.508601776135,0.0,0.0,4780.622560959807,22000.0
6303,line-43,7291.772081632654,6465.887464579684,0.0,0.0,0.0,21130.647771523185
6304,line-43,7291.772081632654,4064.626782056382,0.0,0.0,0.0,17733.652719337635
6305,line-43,3645.886040816327,1386.3685014492962,0.0,0.0,0.0,15355.213204214451
6306,line-43,3645.886040816327,0.0,0.0,0.0,0.0,11517.438424407786
6307,line-43,3645.886040816327,0.0,0.0,0.0,0.0,7679.663644601125
6308,line-43,3645.886040816327,0.0,0.0,0.0,0.0,3841.888864794464
6309,line-43,3645.886040816327,0.0,2086.0916192615855,0.0,0.0,2200.0
6310,line-43,3645.886040816327,0.0,3645.886040816327,0.0,0.0,2200.0
6311,line-43,2734.4145306122496,0.0,2734.4145306122496,0.0,0.0,2200.0
6312,line-43,1822.9430204081634,0.0,1822.9430204081634,0.0,0.0,2200.0
6313,line-43,1822.9430204081634,0.0,1822.9430204081634,0.0,0.0,2200.0
6314,line-43,0.0,0.0,0.0,0.0,0.0,2200.0
6315,line-43,0.0,0.0,0.0,0.0,0.0,2200.0
6316,line-43,0.0,0.0,0.0,0.0,0.0,2200.0
6317,line-43,1822.943020408163,0.0,1822.943020408163,0.0,0.0,2200.0
6318,line-43,3645.886040816327,1380.415077036367,2265.47096377996,0.0,0.0,2200.0
6319,line-43,7291.772081632654,4047.1722248528486,3244.5998567798047,0.0,0.0,2200.0
6320,line-43,7291.772081632654,6438.121273813939,853.6508078187138,0.0,0.0,2200.0
6321,line-43,3645.886040816327,8390.322997463072,0.0,0.0,0.0,6707.215108814411
6322,line-43,3645.886040816327,9770.73807449944,0.0,0.0,0.0,12525.824540813366
6323,line-43,3645.886040816327,10485.293498666793,0.0,0.0,0.0,19023.26162577131
6324,line-43,3645.886040816327,10485.293498666793,0.0,0.0,3705.998642872889,22000.0
6325,line-43,3645.886040816327,9770.73807449944,0.0,0.0,6124.852033683114,22000.0
6326,line-43,3645.886040816327,8390.322997463072,0.0,0.0,4744.436956646746,22000.0
6327,line-43,7291.772081632654,6438.121273813946,0.0,0.0,0.0,21101.420202296093
6328,line-43,7291.772081632654,4047.172224852851,0.0,0.0,0.0,17686.051932001563
6329,line-43,3645.886040816327,1380.4150770363713,0.0,0.0,0.0,15301.345654338455
6330,line-43,3645.886040816327,0.0,0.0,0.0,0.0,11463.570874531788
6331,line-43,3645.886040816327,0.0,0.0,0.0,0.0,7625.796094725132
6332,line-43,3645.886040816327,0.0,0.0,0.0,0.0,3788.02131491847
6333,line-43,3645.886040816327,0.0,2137.265791643781,0.0,0.0,2200.0
6334,line-43,3645.886040816327,0.0,3645.886040816327,0.0,0.0,2200.0
6335,line-43,2734.4145306122496,0.0,2734.4145306122496,0.0,0.0,2200.0
6336,line-43,1822.9430204081634,0.0,1822.9430204081634,0.0,0.0,2200.0
6337,line-43,1822.9430204081634,0.0,1822.9430204081634,0.0,0.0,2200.0
6338,line-43,0.0,0.0,0.0,0.0,0.0,2200.0
6339,line-43,0.0,0.0,0.0,0.0,0.0,2200.0
6340,line-43,0.0,0.0,0.0,0.0,0.0,2200.0
6341,line-43,1822.943020408163,0.0,1822.943020408163,0.0,0.0,2200.0
6342,line-43,3645.886040816327,1374.4625346875118,2271.423506128816,0.0,0.0,2200.0
6343,line-43,7291.772081632654,4029.720253730316,3262.0518279023395,0.0,0.0,2200.0
6344,line-43,7291.772081632654,6410.359196908987,881.4128847236694,0.0,0.0,2200.0
6345,line-43,3645.886040816327,8354.142754437764,0.0,0.0,0.0,6672.843877940368
6346,line-43,3645.886040816327,9728.605289125277,0.0,0.0,0.0,12451.427163833867
6347,line-43,3645.886040816327,10440.0794506393,0.0,0.0,0.0,18905.910903165688
6348,line-43,3645.886040816327,10440.0794506393,0.0,0.0,3537.2575184184316,22000.0
6349,line-43,3645.886040816327,9728.605289125282,0.0,0.0,6082.719248308949,22000.0
6350,line-43,3645.886040816327,8354.142754437764,0.0,0.0,4708.256713621437,22000.0
6351,line-43,7291.772081632654,6410.359196908989,0.0,0.0,0.0,21072.196963448765
6352,line-43,7291.772081632654,4029.7202537303165,0.0,0.0,0.0,17638.458197235785
6353,line-43,3645.886040816327,1374.4625346875155,0.0,0.0,0.0,15247.486085521245
6354,line-43,3645.886040816327,0.0,0.0,0.0,0.0,11409.711305714587
6355,line-43,3645.886040816327,0.0,0.0,0.0,0.0,7571.936525907923
6356,line-43,3645.886040816327,0.0,0.0,0.0,0.0,3734.161746101262
6357,line-43,3645.886040816327,0.0,2188.4323820201275,0.0,0.0,2200.0
6358,line-43,3645.886040816327,0.0,3645.886040816327,0.0,0.0,2200.0
6359,line-43,2734.4145306122496,0.0,2734.4145306122496,0.0,0.0,2200.0
6360,line-43,1822.9430204081634,0.0,1822.9430204081634,0.0,0.0,2200.0
6361,line-43,1822.9430204081634,0.0,1822.9430204081634,0.0,0.0,2200.0
6362,line-43,0.0,0.0,0.0,0.0,0.0,2200.0
6363,line-43,0.0,0.0,0.0,0.0,0.0,2200.0
6364,line-43,0.0,0.0,0.0,0.0,0.0,2200.0
6365,line-43,1822.943020408163,0.0,1822.943020408163,0.0,0.0,2200.0
6366,line-43,3645.886040816327,1368.5126382694893,2277.3734025468375,0.0,0.0,2200.0
6367,line-43,7291.772081632654,4012.2760400844695,3279.496041548186,0.0,0.0,2200.0
6368,line-43,7291.772081632654,6382.609460367353,909.1626212653016,0.0,0.0,2200.0
6369,line-43,3645.886040816327,8317.978593687052,0.0,0.0,0.0,6638.487925227187
6370,line-43,3645.886040816327,9686.491231956541,0.0,0.0,0.0,12377.062856810393
6371,line-43,3645.886040816327,10394.88550045182,0.0,0.0,0.0,18788.612343464112
6372,line-43,3645.886040816327,10394.88550045182,0.0,0.0,3368.5914001240294,22000.0
6373,line-43,3645.886040816327,9686.491231956541,0.0,0.0,6040.605191140214,22000.0
6374,line-43,3645.886040816327,8317.978593687052,0.0,0.0,4672.092552870724,22000.0
6375,line-43,7291.772081632654,6382.609460367353,0.0,0.0,0.0,21042.98671445758
6376,line-43,7291.772081632654,4012.27604008447,0.0,0.0,0.0,17590.885618091066
6377,line-43,3645.886040816327,1368.5126382694937,0.0,0.0,0.0,15193.650457515452
6378,line-43,3645.886040816327,0.0,0.0,0.0,0.0,11355.875677708797
6379,line-43,3645.886040816327,0.0,0.0,0.0,0.0,7518.100897902134
6380,line-43,3645.886040816327,0.0,0.0,0.0,0.0,3680.3261180954723
6381,line-43,3645.886040816327,0.0,2239.5762286256295,0.0,0.0,2200.0
6382,line-43,3645.886040816327,0.0,3645.886040816327,0.0,0.0,2200.0
6383,line-43,2734.4145306122496,0.0,2734.4145306122496,0.0,0.0,2200.0
6384,line-43,1822.9430204081634,0.0,1822.9430204081634,0.0,0.0,2200.0
6385,line-43,1822.9430204081634,0.0,1822.9430204081634,0.0,0.0,2200.0
6386,line-43,0.0,0.0,0.0,0.0,0.0,2200.0
6387,line-43,0.0,0.0,0.0,0.0,0.0,2200.0
6388,line-43,0.0,0.0,0.0,0.0,0.0,2200.0
6389,line-43,1822.943020408163,0.0,1822.943020408163,0.0,0.0,2200.0
6390,line-43,3645.886040816327,1362.5671508650198,2283.3188899513075,0.0,0.0,2200.0
6391,line-43,7291.772081632654,3994.844753012291,3296.927328620364,0.0,0.0,2200.0
6392,line-43,7291.772081632654,6354.880287034872,936.8917945977819,0.0,0.0,2200.0
6393,line-43,3645.886040816327,8281.841231432252,0.0,0.0,0.0,6604.1574310851265
6394,line-43,3645.886040816327,9644.408382297272,0.0,0.0,0.0,12302.753655492024
6395,line-43,3645.886040816327,10349.725040047168,0.0,0.0,0.0,18671.400704761316
6396,line-43,3645.886040816327,10349.725040047168,0.0,0.0,3200.050267400644,22000.0
6397,line-43,3645.886040816327,9644.408382297273,0.0,0.0,5998.522341480945,22000.0
6398,line-43,3645.886040816327,8281.841231432252,0.0,0.0,4635.955190615924,22000.0
6399,line-43,7291.772081632654,6354.880287034876,0.0,0.0,0.0,21013.798110949712
6400,line-43,7291.772081632654,3994.844753012291,0.0,0.0,0.0,17543.348291349324
6401,line-43,3645.886040816327,1362.567150865024,0.0,0.0,0.0,15139.85472297953
6402,line-43,3645.886040816327,0.0,0.0,0.0,0.0,11302.079943172874
6403,line-43,3645.886040816327,0.0,0.0,0.0,0.0,7464.305163366211
6404,line-43,3645.886040816327,0.0,0.0,0.0,0.0,3626.5303835595496
6405,line-43,3645.886040816327,0.0,2290.682176434755,0.0,0.0,2200.0
6406,line-43,3645.886040816327,0.0,3645.886040816327,0.0,0.0,2200.0
6407,line-43,2734.4145306122496,0.0,2734.4145306122496,0.0,0.0,2200.0
6408,line-43,1822.9430204081634,0.0,1822.9430204081634,0.0,0.0,2200.0
6409,line-43,1822.9430204081634,0.0,1822.9430204081634,0.0,0.0,2200.0
6410,line-43,0.0,0.0,0.0,0.0,0.0,2200.0
6411,line-43,0.0,0.0,0.0,0.0,0.0,2200.0
6412,line-43,0.0,0.0,0.0,0.0,0.0,2200.0
6413,line-43,1822.943020408163,0.0,1822.943020408163,0.0,0.0,2200.0
6414,line-43,3645.886040816327,1356.6278342503333,2289.258206565994,0.0,0.0,2200.0
6415,line-43,7291.772081632654,3977.43155778034,3314.3405238523146,0.0,0.0,2200.0
6416,line-43,7291.772081632654,6327.179893664043,964.5921879686097,0.0,0.0,2200.0
6417,line-43,3645.886040816327,8245.741375953708,0.0,0.0,0.0,6569.862568380509
6418,line-43,3645.886040816327,9602.36921020404,0.0,0.0,0.0,12228.52157929884
6419,line-43,3645.886040816327,10304.611451444387,0.0,0.0,0.0,18554.310719395482
6420,line-43,3645.886040816327,10304.611451444387,0.0,0.0,3031.6840626233065,22000.0
6421,line-43,3645.886040816327,9602.36921020404,0.0,0.0,5956.483169387714,22000.0
6422,line-43,3645.886040816327,8245.741375953708,0.0,0.0,4599.855335137381,22000.0
6423,line-43,7291.772081632654,6327.179893664046,0.0,0.0,0.0,20984.639802138314
6424,line-43,7291.772081632654,3977.43155778034,0.0,0.0,0.0,17495.860303346395
6425,line-43,3645.886040816327,1356.6278342503376,0.0,0.0,0.0,15086.114822750624
6426,line-43,3645.886040816327,0.0,0.0,0.0,0.0,11248.340042943957
6427,line-43,3645.886040816327,0.0,0.0,0.0,0.0,7410.5652631373
6428,line-43,3645.886040816327,0.0,0.0,0.0,0.0,3572.7904833306366
6429,line-43,3645.886040816327,0.0,2341.735081652222,0.0,0.0,2200.0
6430,line-43,3645.886040816327,0.0,3645.886040816327,0.0,0.0,2200.0
6431,line-43,2734.4145306122496,0.0,2734.4145306122496,0.0,0.0,2200.0
6432,line-43,1822.9430204081634,0.0,1822.9430204081634,0.0,0.0,2200.0
6433,line-43,1822.9430204081634,0.0,1822.9430204081634,0.0,0.0,2200.0
6434,line-43,0.0,0.0,0.0,0.0,0.0,2200.0
6435,line-43,0.0,0.0,0.0,0.0,0.0,2200.0
6436,line-43,0.0,0.0,0.0,0.0,0.0,2200.0
6437,line-43,1822.943020408163,0.0,1822.943020408163,0.0,0.0,2200.0
6438,line-43,3645.886040816327,1350.6964483731247,2295.1895924432015,0.0,0.0,2200.0
6439,line-43,7291.772081632654,3960.0416142941663,3331.730467338487,0.0,0.0,2200.0
6440,line-43,7291.772081632654,6299.516488479254,992.2555931534018,0.0,0.0,2200.0
6441,line-43,3645.886040816327,8209.689724417696,0.0,0.0,0.0,6535.613499421301
6442,line-43,3645.886040816327,9560.386172790819,0.0,0.0,0.0,12154.38862479707
6443,line-43,3645.886040816327,10259.55810277342,0.0,0.0,0.0,18437.377083656305
6444,line-43,3645.886040816327,10259.55810277342,0.0,0.0,2863.5426763321475,22000.0
6445,line-43,3645.886040816327,9560.386172790819,0.0,0.0,5914.500131974492,22000.0
6446,line-43,3645.886040816327,8209.689724417696,0.0,0.0,4563.803683601371,22000.0
6447,line-43,7291.772081632654,6299.516488479256,0.0,0.0,0.0,20955.520428259577
6448,line-43,7291.772081632654,3960.0416142941667,0.0,0.0,0.0,17448.435725798012
6449,line-43,3645.886040816327,1350.6964483731292,0.0,0.0,0.0,15032.446681120957
6450,line-43,3645.886040816327,0.0,0.0,0.0,0.0,11194.6719013143
6451,line-43,3645.886040816327,0.0,0.0,0.0,0.0,7356.897121507639
6452,line-43,3645.886040816327,0.0,0.0,0.0,0.0,3519.1223417009774
6453,line-43,3645.886040816327,0.0,2392.719816200398,0.0,0.0,2200.0
6454,line-43,3645.886040816327,0.0,3645.886040816327,0.0,0.0,2200.0
6455,line-43,2734.4145306122496,0.0,2734.4145306122496,0.0,0.0,2200.0
6456,line-43,1822.9430204081634,0.0,1822.9430204081634,0.0,0.0,2200.0
6457,line-43,1822.9430204081634,0.0,1822.9430204081634,0.0,0.0,2200.0
6458,line-43,0.0,0.0,0.0,0.0,0.0,2200.0
6459,line-43,0.0,0.0,0.0,0.0,0.0,2200.0
6460,line-43,0.0,0.0,0.0,0.0,0.0,2200.0
6461,line-43,1822.943020408163,0.0,1822.943020408163,0.0,0.0,2200.0
6462,line-43,3645.886040816327,1344.7747508310392,2301.111289985287,0.0,0.0,2200.0
6463,line-43,7291.772081632654,3942.680075569336,3349.092006063319,0.0,0.0,2200.0
6464,line-43,7291.772081632654,6271.898268744472,1019.8738128881814,0.0,0.0,2200.0
6465,line-43,3645.886040816327,8173.69695970663,0.0,0.0,0.0,6501.420372945784
6466,line-43,3645.886040816327,9518.471710537668,0.0,0.0,0.0,12080.37675918106
6467,line-43,3645.886040816327,10214.578344313808,0.0,0.0,0.0,18320.63444750366
6468,line-43,3645.886040816327,10214.578344313808,0.0,0.0,2695.675932448709,22000.0
6469,line-43,3645.886040816327,9518.471710537673,0.0,0.0,5872.58566972134,22000.0
6470,line-43,3645.886040816327,8173.69695970663,0.0,0.0,4527.810918890302,22000.0
6471,line-43,7291.772081632654,6271.898268744477,0.0,0.0,0.0,20926.44861801244
6472,line-43,7291.772081632654,3942.680075569337,0.0,0.0,0.0,17401.088611630003
6473,line-43,3645.886040816327,1344.7747508310438,0.0,0.0,0.0,14978.866201119181
6474,line-43,3645.886040816327,0.0,0.0,0.0,0.0,11141.091421312518
6475,line-43,3645.886040816327,0.0,0.0,0.0,0.0,7303.316641505855
6476,line-43,3645.886040816327,0.0,0.0,0.0,0.0,3465.5418616991965
6477,line-43,3645.886040816327,0.0,2443.621272202092,0.0,0.0,2200.0
6478,line-43,3645.886040816327,0.0,3645.886040816327,0.0,0.0,2200.0
6479,line-43,2734.4145306122496,0.0,2734.4145306122496,0.0,0.0,2200.0
6480,line-43,1822.9430204081634,0.0,1822.9430204081634,0.0,0.0,2200.0
6481,line-43,1822.9430204081634,0.0,1822.9430204081634,0.0,0.0,2200.0
6482,line-43,0.0,0.0,0.0,0.0,0.0,2200.0
6483,line-43,0.0,0.0,0.0,0.0,0.0,2200.0
6484,line-43,0.0,0.0,0.0,0.0,0.0,2200.0
6485,line-43,1822.943020408163,0.0,1822.943020408163,0.0,0.0,2200.0
6486,line-43,3645.886040816327,1338.8644963508593,2307.021544465468,0.0,0.0,2200.0
6487,line-43,7291.772081632654,3925.3520862044616,3366.4199954281935,0.0,0.0,2200.0
6488,line-43,7291.772081632654,6244.333418334266,1047.4386632983874,0.0,0.0,2200.0
6489,line-43,3645.886040816327,8137.773747253475,0.0,0.0,0.0,6467.29332111529
6490,line-43,3645.886040816327,9476.638243604337,0.0,0.0,0.0,12006.507913763897
6491,line-43,3645.886040816327,10169.68550453873,0.0,0.0,0.0,18204.11740430018
6492,line-43,3645.886040816327,10169.68550453873,0.0,0.0,2528.133573512064,22000.0
6493,line-43,3645.886040816327,9476.638243604337,0.0,0.0,5830.752202788008,22000.0
6494,line-43,3645.886040816327,8137.773747253475,0.0,0.0,4491.887706437149,22000.0
6495,line-43,7291.772081632654,6244.333418334269,0.0,0.0,0.0,20897.4329860017
6496,line-43,7291.772081632654,3925.3520862044643,0.0,0.0,0.0,17353.832990814128
6497,line-43,3645.886040816327,1338.8644963508639,0.0,0.0,0.0,14925.389259797856
6498,line-43,3645.886040816327,0.0,0.0,0.0,0.0,11087.614479991193
6499,line-43,3645.886040816327,0.0,0.0,0.0,0.0,7249.83970018453
6500,line-43,3645.886040816327,0.0,0.0,0.0,0.0,3412.064920377871
6501,line-43,3645.886040816327,0.0,2494.4243664573496,0.0,0.0,2200.0
6502,line-43,3645.886040816327,0.0,3645.886040816327,0.0,0.0,2200.0
6503,line-43,2734.4145306122496,0.0,2734.4145306122496,0.0,0.0,2200.0
6504,line-43,1822.9430204081634,0.0,1822.9430204081634,0.0,0.0,2200.0
6505,line-43,1822.9430204081634,0.0,1822.9430204081634,0.0,0.0,2200.0
6506,line-43,0.0,0.0,0.0,0.0,0.0,2200.0
6507,line-43,0.0,0.0,0.0,0.0,0.0,2200.0
6508,line-43,0.0,0.0,0.0,0.0,0.0,2200.0
6509,line-43,1822.943020408163,0.0,1822.943020408163,0.0,0.0,2200.0
6510,line-43,3645.886040816327,1332.9674362685412,2312.9186045477863,0.0,0.0,2200.0
6511,line-43,7291.772081632654,3908.062780856764,3383.709300775889,0.0,0.0,2200.0
6512,line-43,7291.772081632654,6216.830105308706,1074.9419763239482,0.0,0.0,2200.0
6513,line-43,3645.886040816327,8101.930731881371,0.0,0.0,0.0,6433.242456511792
6514,line-43,3645.886040816327,9434.898168149915,0.0,0.0,0.0,11932.8039774787
6515,line-43,3645.886040816327,10124.89288616547,0.0,0.0,0.0,18087.86048056039
6516,line-43,3645.886040816327,10124.89288616547,0.0,0.0,2360.9652459390277,22000.0
6517,line-43,3645.886040816327,9434.898168149915,0.0,0.0,5789.012127333588,22000.0
6518,line-43,3645.886040816327,8101.930731881371,0.0,0.0,4456.044691065044,22000.0
6519,line-43,7291.772081632654,6216.830105308709,0.0,0.0,0.0,20868.482130185323
6520,line-43,7291.772081632654,3908.0627808567665,0.0,0.0,0.0,17306.6828662107
6521,line-43,3645.886040816327,1332.9674362685453,0.0,0.0,0.0,14872.031703528826
6522,line-43,3645.886040816327,0.0,0.0,0.0,0.0,11034.256923722167
6523,line-43,3645.886040816327,0.0,0.0,0.0,0.0,7196.482143915503
6524,line-43,3645.886040816327,0.0,0.0,0.0,0.0,3358.7073641088446
6525,line-43,3645.886040816327,0.0,2545.114044912926,0.0,0.0,2200.0
6526,line-43,3645.886040816327,0.0,3645.886040816327,0.0,0.0,2200.0
6527,line-43,2734.4145306122496,0.0,2734.4145306122496,0.0,0.0,2200.0
6528,line-43,1822.9430204081634,0.0,1822.9430204081634,0.0,0.0,2200.0
6529,line-43,1822.9430204081634,0.0,1822.9430204081634,0.0,0.0,2200.0
6530,line-43,0.0,0.0,0.0,0.0,0.0,2200.0
6531,line-43,0.0,0.0,0.0,0.0,0.0,2200.0
6532,line-43,0.0,0.0,0.0,0.0,0.0,2200.0
6533,line-43,1822.943020408163,0.0,1822.943020408163,0.0,0.0,2200.0
6534,line-43,3645.886040816327,1327.0853180102556,2318.8007228060715,0.0,0.0,2200.0
6535,line-43,7291.772081632654,3890.81728272055,3400.954798912105,0.0,0.0,2200.0
6536,line-43,7291.772081632654,6189.396479493016,1102.3756021396403,0.0,0.0,2200.0
6537,line-43,3645.886040816327,8066.178534649327,0.0,0.0,0.0,6399.277869141351
6538,line-43,3645.886040816327,9393.263852659587,0.0,0.0,0.0,11859.286790392443
6539,line-43,3645.886040816327,10080.213762213563,0.0,0.0,0.0,17971.898125719817
6540,line-43,3645.886040816327,10080.213762213563,0.0,0.0,2194.220485312834,22000.0
6541,line-43,3645.886040816327,9393.263852659587,0.0,0.0,5747.37781184326,22000.0
6542,line-43,3645.886040816327,8066.178534649327,0.0,0.0,4420.292493833002,22000.0
6543,line-43,7291.772081632654,6189.396479493016,0.0,0.0,0.0,20839.604629326695
6544,line-43,7291.772081632654,3890.81728272055,0.0,0.0,0.0,17259.652209419215
6545,line-43,3645.886040816327,1327.08531801026,0.0,0.0,0.0,14818.809343307566
6546,line-43,3645.886040816327,0.0,0.0,0.0,0.0,10981.034563500907
6547,line-43,3645.886040816327,0.0,0.0,0.0,0.0,7143.259783694247
6548,line-43,3645.886040816327,0.0,0.0,0.0,0.0,3305.485003887585
6549,line-43,3645.886040816327,0.0,2595.6752871231215,0.0,0.0,2200.0
6550,line-43,3645.886040816327,0.0,3645.886040816327,0.0,0.0,2200.0
6551,line-43,2734.4145306122496,0.0,2734.4145306122496,0.0,0.0,2200.0
6552,line-43,1822.9430204081634,0.0,1822.9430204081634,0.0,0.0,2200.0
6553,line-43,1822.9430204081634,0.0,1822.9430204081634,0.0,0.0,2200.0
6554,line-43,0.0,0.0,0.0,0.0,0.0,2200.0
6555,line-43,0.0,0.0,0.0,0.0,0.0,2200.0
6556,line-43,0.0,0.0,0.0,0.0,0.0,2200.0
6557,line-43,1822.943020408163,0.0,1822.943020408163,0.0,0.0,2200.0
6558,line-43,3645.886040816327,1321.2198845745888,2324.666156241738,0.0,0.0,2200.0
6559,line-43,7291.772081632654,3873.620702009106,3418.1513796235486,0.0,0.0,2200.0
6560,line-43,7291.772081632654,6162.040670062582,1129.731411570072,0.0,0.0,2200.0
6561,line-43,3645.886040816327,8030.527749704983,0.0,0.0,0.0,6365.40962344422
6562,line-43,3645.886040816327,9351.747634279573,0.0,0.0,0.0,11785.978137234308
6563,line-43,3645.886040816327,10035.661372071687,0.0,0.0,0.0,17856.264701926895
6564,line-43,3645.886040816327,10035.661372071687,0.0,0.0,2027.9487017047209,22000.0
6565,line-43,3645.886040816327,9351.747634279573,0.0,0.0,5705.861593463245,22000.0
6566,line-43,3645.886040816327,8030.527749704983,0.0,0.0,4384.6417088886565,22000.0
6567,line-43,7291.772081632654,6162.040670062583,0.0,0.0,0.0,20810.809040452557
6568,line-43,7291.772081632654,3873.6207020091074,0.0,0.0,0.0,17212.754956638295
6569,line-43,3645.886040816327,1321.2198845745932,0.0,0.0,0.0,14765.737950068045
6570,line-43,3645.886040816327,0.0,0.0,0.0,0.0,10927.96317026139
6571,line-43,3645.886040816327,0.0,0.0,0.0,0.0,7090.1883904547285
6572,line-43,3645.886040816327,0.0,0.0,0.0,0.0,3252.413610648067
6573,line-43,3645.886040816327,0.0,2646.0931107006645,0.0,0.0,2200.0
6574,line-43,3645.886040816327,0.0,3645.886040816327,0.0,0.0,2200.0
6575,line-43,2734.4145306122496,0.0,2734.4145306122496,0.0,0.0,2200.0
6576,line-43,1822.9430204081634,0.0,1822.9430204081634,0.0,0.0,2200.0
6577,line-43,1822.9430204081634,0.0,1822.9430204081634,0.0,0.0,2200.0
6578,line-43,0.0,0.0,0.0,0.0,0.0,2200.0
6579,line-43,0.0,0.0,0.0,0.0,0.0,2200.0
6580,line-43,0.0,0.0,0.0,0.0,0.0,2200.0
6581,line-43,1822.943020408163,0.0,1822.943020408163,0.0,0.0,2200.0
6582,line-43,3645.886040816327,1315.3728740160564,2330.5131668002714,0.0,0.0,2200.0
6583,line-43,7291.772081632654,3856.4781344404278,3435.2939471922277,0.0,0.0,2200.0
6584,line-43,7291.772081632654,6134.770783134133,1157.0012984985212,0.0,0.0,2200.0
6585,line-43,3645.886040816327,7994.988941145318,0.0,0.0,0.0,6331.647755312538
6586,line-43,3645.886040816327,9310.361815161372,0.0,0.0,0.0,11712.899740940331
6587,line-43,3645.886040816327,9991.248917574563,0.0,0.0,0.0,17740.994473860654
6588,line-43,3645.886040816327,9991.248917574563,0.0,0.0,1862.1991650326004,22000.0
6589,line-43,3645.886040816327,9310.361815161374,0.0,0.0,5664.475774345046,22000.0
6590,line-43,3645.886040816327,7994.988941145318,0.0,0.0,4349.102900328989,22000.0
6591,line-43,7291.772081632654,6134.770783134135,0.0,0.0,0.0,20782.10389631735
6592,line-43,7291.772081632654,3856.478134440428,0.0,0.0,0.0,17166.00500453606
6593,line-43,3645.886040816327,1315.37287401606,0.0,0.0,0.0,14712.833250009462
6594,line-43,3645.886040816327,0.0,0.0,0.0,0.0,10875.058470202799
6595,line-43,3645.886040816327,0.0,0.0,0.0,0.0,7037.283690396136
6596,line-43,3645.886040816327,0.0,0.0,0.0,0.0,3199.5089105894776
6597,line-43,3645.886040816327,0.0,2696.352575756324,0.0,0.0,2200.0
6598,line-43,3645.886040816327,0.0,3645.886040816327,0.0,0.0,2200.0
6599,line-43,2734.4145306122496,0.0,2734.4145306122496,0.0,0.0,2200.0
6600,line-43,1822.9430204081634,0.0,1822.9430204081634,0.0,0.0,2200.0
6601,line-43,1822.9430204081634,0.0,1822.9430204081634,0.0,0.0,2200.0
6602,line-43,0.0,0.0,0.0,0.0,0.0,2200.0
6603,line-43,0.0,0.0,0.0,0.0,0.0,2200.0
6604,line-43,0.0,0.0,0.0,0.0,0.0,2200.0
6605,line-43,1822.943020408163,0.0,1822.943020408163,0.0,0.0,2200.0
6606,line-43,3645.886040816327,1309.5460189300727,2336.340021886255,0.0,0.0,2200.0
6607,line-43,7291.772081632654,3839.394659727254,3452.3774219053994,0.0,0.0,2200.0
6608,line-43,7291.772081632654,6107.594899363695,1184.1771822689595,0.0,0.0,2200.0
6609,line-43,3645.886040816327,7959.572639886296,0.0,0.0,0.0,6298.002269116474
6610,line-43,3645.886040816327,9269.11865881637,0.0,0.0,0.0,11640.07325621651
6611,line-43,3645.886040816327,9946.989559090947,0.0,0.0,0.0,17626.1215985774
6612,line-43,3645.886040816327,9946.989559090947,0.0,0.0,1697.0209904613573,22000.0
6613,line-43,3645.886040816327,9269.118658816373,0.0,0.0,5623.2326180000455,22000.0
6614,line-43,3645.886040816327,7959.572639886296,0.0,0.0,4313.68659906997,22000.0
6615,line-43,7291.772081632654,6107.594899363695,0.0,0.0,0.0,20753.49770287478
6616,line-43,7291.772081632654,3839.3946597272543,0.0,0.0,0.0,17119.416206132257
6617,line-43,3645.886040816327,1309.5460189300766,0.0,0.0,0.0,14660.110919936202
6618,line-43,3645.886040816327,0.0,0.0,0.0,0.0,10822.336140129539
6619,line-43,3645.886040816327,0.0,0.0,0.0,0.0,6984.561360322879
6620,line-43,3645.886040816327,0.0,0.0,0.0,0.0,3146.786580516218
6621,line-43,3645.886040816327,0.0,2746.4387893259195,0.0,0.0,2200.0
6622,line-43,3645.886040816327,0.0,3645.886040816327,0.0,0.0,2200.0
6623,line-43,2734.4145306122496,0.0,2734.4145306122496,0.0,0.0,2200.0
6624,line-43,1822.9430204081634,0.0,1822.9430204081634,0.0,0.0,2200.0
6625,line-43,1822.9430204081634,0.0,1822.9430204081634,0.0,0.0,2200.0
6626,line-43,0.0,0.0,0.0,0.0,0.0,2200.0
6627,line-43,0.0,0.0,0.0,0.0,0.0,2200.0
6628,line-43,0.0,0.0,0.0,0.0,0.0,2200.0
6629,line-43,1822.943020408163,0.0,1822.943020408163,0.0,0.0,2200.0
6630,line-43,3645.886040816327,1303.7410459395555,2342.1449948767718,0.0,0.0,2200.0
6631,line-43,7291.772081632654,3822.375340071834,3469.396741560821,0.0,0.0,2200.0
6632,line-43,7291.772081632654,6080.521071552134,1211.2510100805202,0.0,0.0,2200.0
6633,line-43,3645.886040816327,7924.28934054234,0.0,0.0,0.0,6264.48313473971
6634,line-43,3645.886040816327,9228.030386481894,0.0,0.0,0.0,11567.520263122002
6635,line-43,3645.886040816327,9902.896411623966,0.0,0.0,0.0,17511.680115389256
6636,line-43,3645.886040816327,9902.896411623966,0.0,0.0,1532.4631238489644,22000.0
6637,line-43,3645.886040816327,9228.0303864819,0.0,0.0,5582.144345665569,22000.0
6638,line-43,3645.886040816327,7924.28934054234,0.0,0.0,4278.403299726011,22000.0
6639,line-43,7291.772081632654,6080.521071552135,0.0,0.0,0.0,20724.998936757347
6640,line-43,7291.772081632654,3822.375340071835,0.0,0.0,0.0,17073.002366693327
6641,line-43,3645.886040816327,1303.7410459395596,0.0,0.0,0.0,14607.58658261252
6642,line-43,3645.886040816327,0.0,0.0,0.0,0.0,10769.81180280586
6643,line-43,3645.886040816327,0.0,0.0,0.0,0.0,6932.037022999196
6644,line-43,3645.886040816327,0.0,0.0,0.0,0.0,3094.2622431925374
6645,line-43,3645.886040816327,0.0,2796.336909783418,0.0,0.0,2200.0
6646,line-43,3645.886040816327,0.0,3645.886040816327,0.0,0.0,2200.0
6647,line-43,2734.4145306122496,0.0,2734.4145306122496,0.0,0.0,2200.0
6648,line-43,1822.9430204081634,0.0,1822.9430204081634,0.0,0.0,2200.0
6649,line-43,1822.9430204081634,0.0,1822.9430204081634,0.0,0.0,2200.0
6650,line-43,0.0,0.0,0.0,0.0,0.0,2200.0
6651,line-43,0.0,0.0,0.0,0.0,0.0,2200.0
6652,line-43,0.0,0.0,0.0,0.0,0.0,2200.0
6653,line-43,1822.943020408163,0.0,1822.943020408163,0.0,0.0,2200.0
6654,line-43,3645.886040816327,1297.9596751832828,2347.9263656330454,0.0,0.0,2200.0
6655,line-43,7291.772081632654,3805.4252186658905,3486.346862966765,0.0,0.0,2200.0
6656,line-43,7291.772081632654,6053.557322258934,1238.2147593737222,0.0,0.0,2200.0
6657,line-43,3645.886040816327,7889.149498316507,0.0,0.0,0.0,6231.10028462517
6658,line-43,3645.886040816327,9187.109173499794,0.0,0.0,0.0,11495.262260674459
6659,line-43,3645.886040816327,9858.98254092482,0.0,0.0,0.0,17397.70393577753
6660,line-43,3645.886040816327,9858.98254092482,0.0,0.0,1368.5743272427349,22000.0
6661,line-43,3645.886040816327,9187.109173499794,0.0,0.0,5541.2231326834635,22000.0
6662,line-43,3645.886040816327,7889.149498316507,0.0,0.0,4243.263457500181,22000.0
6663,line-43,7291.772081632654,6053.557322258936,0.0,0.0,0.0,20696.6160427645
6664,line-43,7291.772081632654,3805.425218665891,0.0,0.0,0.0,17026.777239641597
6665,line-43,3645.886040816327,1297.959675183287,0.0,0.0,0.0,14555.275802133136
6666,line-43,3645.886040816327,0.0,0.0,0.0,0.0,10717.50102232647
6667,line-43,3645.886040816327,0.0,0.0,0.0,0.0,6879.726242519813
6668,line-43,3645.886040816327,0.0,0.0,0.0,0.0,3041.9514627131502
6669,line-43,3645.886040816327,0.0,2846.0321512388346,0.0,0.0,2200.0
6670,line-43,3645.886040816327,0.0,3645.886040816327,0.0,0.0,2200.0
6671,line-43,2734.4145306122496,0.0,2734.4145306122496,0.0,0.0,2200.0
6672,line-43,1822.9430204081634,0.0,1822.9430204081634,0.0,0.0,2200.0
6673,line-43,1822.9430204081634,0.0,1822.9430204081634,0.0,0.0,2200.0
6674,line-43,0.0,0.0,0.0,0.0,0.0,2200.0
6675,line-43,0.0,0.0,0.0,0.0,0.0,2200.0
6676,line-43,0.0,0.0,0.0,0.0,0.0,2200.0
6677,line-43,1822.943020408163,0.0,1822.943020408163,0.0,0.0,2200.0
6678,line-43,3645.886040816327,1292.2036198061812,2353.682421010146,0.0,0.0,2200.0
6679,line-43,7291.772081632654,3788.5493181962042,3503.222763436451,0.0,0.0,2200.0
6680,line-43,7291.772081632654,6026.711641424926,1265.060440207727,0.0,0.0,2200.0
6681,line-43,3645.886040816327,7854.163525902435,0.0,0.0,0.0,6197.863610831802
6682,line-43,3645.886040816327,9146.367145708617,0.0,0.0,0.0,11423.32066047948
6683,line-43,3645.886040816327,9815.260959621131,0.0,0.0,0.0,17284.226833344044
6684,line-43,3645.886040816327,9815.260959621131,0.0,0.0,1205.4031644301137,22000.0
6685,line-43,3645.886040816327,9146.367145708617,0.0,0.0,5500.481104892291,22000.0
6686,line-43,3645.886040816327,7854.163525902435,0.0,0.0,4208.27748508611,22000.0
6687,line-43,7291.772081632654,6026.7116414249285,0.0,0.0,0.0,20668.357431360295
6688,line-43,7291.772081632654,3788.5493181962047,0.0,0.0,0.0,16980.754522479816
6689,line-43,3645.886040816327,1292.2036198061855,0.0,0.0,0.0,14503.19407931124
6690,line-43,3645.886040816327,0.0,0.0,0.0,0.0,10665.419299504585
6691,line-43,3645.886040816327,0.0,0.0,0.0,0.0,6827.644519697924
6692,line-43,3645.886040816327,0.0,0.0,0.0,0.0,2989.8697398912623
6693,line-43,3645.886040816327,0.0,2895.5097879196283,0.0,0.0,2200.0
6694,line-43,3645.886040816327,0.0,3645.886040816327,0.0,0.0,2200.0
6695,line-43,2734.4145306122496,0.0,2734.4145306122496,0.0,0.0,2200.0
6696,line-43,1822.9430204081634,0.0,1822.9430204081634,0.0,0.0,2200.0
6697,line-43,1822.9430204081634,0.0,1822.9430204081634,0.0,0.0,2200.0
6698,line-43,0.0,0.0,0.0,0.0,0.0,2200.0
6699,line-43,0.0,0.0,0.0,0.0,0.0,2200.0
6700,line-43,0.0,0.0,0.0,0.0,0.0,2200.0
6701,line-43,1822.943020408163,0.0,1822.943020408163,0.0,0.0,2200.0
6702,line-43,3645.886040816327,1286.4745854516868,2359.411455364641,0.0,0.0,2200.0
6703,line-43,7291.772081632654,3771.7526393563016,3520.0194422763534,0.0,0.0,2200.0
6704,line-43,7291.772081632654,5999.991984004733,1291.7800976279225,0.0,0.0,2200.0
6705,line-43,3645.886040816327,7819.341790398812,0.0,0.0,0.0,6164.782962103361
6706,line-43,3645.886040816327,9105.816375850498,0.0,0.0,0.0,11351.716780385825
6707,line-43,3645.886040816327,9771.744623361035,0.0,0.0,0.0,17171.282433803295
6708,line-43,3645.886040816327,9771.744623361035,0.0,0.0,1042.997986548177,22000.0
6709,line-43,3645.886040816327,9105.816375850498,0.0,0.0,5459.930335034172,22000.0
6710,line-43,3645.886040816327,7819.341790398812,0.0,0.0,4173.4557495824865,22000.0
6711,line-43,7291.772081632654,5999.991984004735,0.0,0.0,0.0,20640.231476181136
6712,line-43,7291.772081632654,3771.7526393563016,0.0,0.0,0.0,16934.947852732344
6713,line-43,3645.886040816327,1286.4745854516905,0.0,0.0,0.0,14451.35684708536
6714,line-43,3645.886040816327,0.0,0.0,0.0,0.0,10613.582067278698
6715,line-43,3645.886040816327,0.0,0.0,0.0,0.0,6775.807287472035
6716,line-43,3645.886040816327,0.0,0.0,0.0,0.0,2938.032507665376
6717,line-43,3645.886040816327,0.0,2944.75515853422,0.0,0.0,2200.0
6718,line-43,3645.886040816327,0.0,3645.886040816327,0.0,0.0,2200.0
6719,line-43,2734.4145306122496,0.0,2734.4145306122496,0.0,0.0,2200.0
6720,line-43,1822.9430204081634,0.0,1822.9430204081634,0.0,0.0,2200.0
6721,line-43,1822.9430204081634,0.0,1822.9430204081634,0.0,0.0,2200.0
6722,line-43,0.0,0.0,0.0,0.0,0.0,2200.0
6723,line-43,0.0,0.0,0.0,0.0,0.0,2200.0
6724,line-43,0.0,0.0,0.0,0.0,0.0,2200.0
6725,line-43,1822.943020408163,0.0,1822.943020408163,0.0,0.0,2200.0
6726,line-43,3645.886040816327,1280.7742697563197,2365.111771060008,0.0,0.0,2200.0
6727,line-43,7291.772081632654,3755.040159364621,3536.731922268032,0.0,0.0,2200.0
6728,line-43,7291.772081632654,5973.406267609497,1318.3658140231585,0.0,0.0,2200.0
6729,line-43,3645.886040816327,7784.69461023738,0.0,0.0,0.0,6131.8681409499995
6730,line-43,3645.886040816327,9065.4688799937,0.0,0.0,0.0,11280.4718381685
6731,line-43,3645.886040816327,9728.446426974118,0.0,0.0,0.0,17058.904205018407
6732,line-43,3645.886040816327,9728.446426974118,0.0,0.0,881.4069177561123,22000.0
6733,line-43,3645.886040816327,9065.468879993705,0.0,0.0,5419.582839177374,22000.0
6734,line-43,3645.886040816327,7784.69461023738,0.0,0.0,4138.808569421053,22000.0
6735,line-43,7291.772081632654,5973.406267609499,0.0,0.0,0.0,20612.24651155457
6736,line-43,7291.772081632654,3755.0401593646247,0.0,0.0,0.0,16889.37080390401
6737,line-43,3645.886040816327,1280.7742697563237,0.0,0.0,0.0,14399.779465946116
6738,line-43,3645.886040816327,0.0,0.0,0.0,0.0,10562.004686139453
6739,line-43,3645.886040816327,0.0,0.0,0.0,0.0,6724.229906332794
6740,line-43,3645.886040816327,0.0,0.0,0.0,0.0,2886.455126526132
6741,line-43,3645.886040816327,0.0,2993.7536706165015,0.0,0.0,2200.0
6742,line-43,3645.886040816327,0.0,3645.886040816327,0.0,0.0,2200.0
6743,line-43,2734.4145306122496,0.0,2734.4145306122496,0.0,0.0,2200.0
6744,line-43,1822.9430204081634,0.0,1822.9430204081634,0.0,0.0,2200.0
6745,line-43,1822.9430204081634,0.0,1822.9430204081634,0.0,0.0,2200.0
6746,line-43,0.0,0.0,0.0,0.0,0.0,2200.0
6747,line-43,0.0,0.0,0.0,0.0,0.0,2200.0
6748,line-43,0.0,0.0,0.0,0.0,0.0,2200.0
6749,line-43,1822.943020408163,0.0,1822.943020408163,0.0,0.0,2200.0
6750,line-43,3645.886040816327,1275.104361846644,2370.781678969683,0.0,0.0,2200.0
6751,line-43,7291.772081632654,3738.416830489674,3553.3552511429816,0.0,0.0,2200.0
6752,line-43,7291.772081632654,5946.9623701607525,1344.8097114719033,0.0,0.0,2200.0
6753,line-43,3645.886040816327,7750.2322521253645,0.0,0.0,0.0,6099.128900743584
6754,line-43,3645.886040816327,9025.336613972011,0.0,0.0,0.0,11209.606945241483
6755,line-43,3645.886040816327,9685.37920065042,0.0,0.0,0.0,16947.12544708388
6756,line-43,3645.886040816327,9685.37920065042,0.0,0.0,720.6778409750177,22000.0
6757,line-43,3645.886040816327,9025.336613972011,0.0,0.0,5379.450573155685,22000.0
6758,line-43,3645.886040816327,7750.2322521253645,0.0,0.0,4104.346211309039,22000.0
6759,line-43,7291.772081632654,5946.962370160754,0.0,0.0,0.0,20584.410830029577
6760,line-43,7291.772081632654,3738.4168304896743,0.0,0.0,0.0,16844.03688145802
6761,line-43,3645.886040816327,1275.1043618466483,0.0,0.0,0.0,14348.477219384673
6762,line-43,3645.886040816327,0.0,0.0,0.0,0.0,10510.702439578014
6763,line-43,3645.886040816327,0.0,0.0,0.0,0.0,6672.92765977135
6764,line-43,3645.886040816327,0.0,0.0,0.0,0.0,2835.1528799646912
6765,line-43,3645.886040816327,0.0,3042.490804849871,0.0,0.0,2200.0
6766,line-43,3645.886040816327,0.0,3645.886040816327,0.0,0.0,2200.0
6767,line-43,2734.4145306122496,0.0,2734.4145306122496,0.0,0.0,2200.0
6768,line-43,1822.9430204081634,0.0,1822.9430204081634,0.0,0.0,2200.0
6769,line-43,1822.9430204081634,0.0,1822.9430204081634,0.0,0.0,2200.0
6770,line-43,0.0,0.0,0.0,0.0,0.0,2200.0
6771,line-43,0.0,0.0,0.0,0.0,0.0,2200.0
6772,line-43,0.0,0.0,0.0,0.0,0.0,2200.0
6773,line-43,1822.943020408163,0.0,1822.943020408163,0.0,0.0,2200.0
6774,line-43,3645.886040816327,1269.4665418387399,2376.419498977588,0.0,0.0,2200.0
6775,line-43,7291.772081632654,3721.887578582564,3569.8845030500906,0.0,0.0,2200.0
6776,line-43,7291.772081632654,5920.668127556022,1371.1039540766328,0.0,0.0,2200.0
6777,line-43,3645.886040816327,7715.964928003243,0.0,0.0,0.0,6066.574942827567
6778,line-43,3645.886040816327,8985.431469841978,0.0,0.0,0.0,11139.143100401936
6779,line-43,3645.886040816327,9642.555706138586,0.0,0.0,0.0,16835.979282458076
6780,line-43,3645.886040816327,9642.555706138586,0.0,0.0,560.8583836991802,22000.0
6781,line-43,3645.886040816327,8985.43146984198,0.0,0.0,5339.545429025654,22000.0
6782,line-43,3645.886040816327,7715.964928003243,0.0,0.0,4070.0788871869136,22000.0
6783,line-43,7291.772081632654,5920.668127556023,0.0,0.0,0.0,20556.732679919336
6784,line-43,7291.772081632654,3721.8875785825644,0.0,0.0,0.0,16798.959518813976
6785,line-43,3645.886040816327,1269.4665418387444,0.0,0.0,0.0,14297.465309363886
6786,line-43,3645.886040816327,0.0,0.0,0.0,0.0,10459.690529557227
6787,line-43,3645.886040816327,0.0,0.0,0.0,0.0,6621.915749750567
6788,line-43,3645.886040816327,0.0,0.0,0.0,0.0,2784.140969943905
6789,line-43,3645.886040816327,0.0,3090.9521193696173,0.0,0.0,2200.0
6790,line-43,3645.886040816327,0.0,3645.886040816327,0.0,0.0,2200.0
6791,line-43,2734.4145306122496,0.0,2734.4145306122496,0.0,0.0,2200.0
6792,line-43,1822.9430204081634,0.0,1822.9430204081634,0.0,0.0,2200.0
6793,line-43,1822.9430204081634,0.0,1822.9430204081634,0.0,0.0,2200.0
6794,line-43,0.0,0.0,0.0,0.0,0.0,2200.0
6795,line-43,0.0,0.0,0.0,0.0,0.0,2200.0
6796,line-43,0.0,0.0,0.0,0.0,0.0,2200.0
6797,line-43,1822.943020408163,0.0,1822.943020408163,0.0,0.0,2200.0
6798,line-43,3645.886040816327,1263.8624803403497,2382.023560475978,0.0,0.0,2200.0
6799,line-43,7291.772081632654,3705.4573016173576,3586.314780015298,0.0,0.0,2200.0
6800,line-43,7291.772081632654,5894.531331346864,1397.2407502857902,0.0,0.0,2200.0
6801,line-43,3645.886040816327,7681.902792018687,0.0,0.0,0.0,6034.215913642241
6802,line-43,3645.886040816327,8945.765272359038,0.0,0.0,0.0,11069.101183607816
6803,line-43,3645.886040816327,9599.988632964223,0.0,0.0,0.0,16725.49864614832
6804,line-43,3645.886040816327,9599.988632964223,0.0,0.0,401.99590388296514,22000.0
6805,line-43,3645.886040816327,8945.76527235904,0.0,0.0,5299.879231542713,22000.0
6806,line-43,3645.886040816327,7681.902792018687,0.0,0.0,4036.016751202361,22000.0
6807,line-43,7291.772081632654,5894.531331346867,0.0,0.0,0.0,20529.22026285707
6808,line-43,7291.772081632654,3705.457301617358,0.0,0.0,0.0,16754.15207336728
6809,line-43,3645.886040816327,1263.8624803403538,0.0,0.0,0.0,14246.758851813625
6810,line-43,3645.886040816327,0.0,0.0,0.0,0.0,10408.984072006962
6811,line-43,3645.886040816327,0.0,0.0,0.0,0.0,6571.209292200299
6812,line-43,3645.886040816327,0.0,0.0,0.0,0.0,2733.434512393641
6813,line-43,3645.886040816327,0.0,3139.123254042369,0.0,0.0,2200.0
6814,line-43,3645.886040816327,0.0,3645.886040816327,0.0,0.0,2200.0
6815,line-43,2734.4145306122496,0.0,2734.4145306122496,0.0,0.0,2200.0
6816,line-43,1822.9430204081634,0.0,1822.9430204081634,0.0,0.0,2200.0
6817,line-43,1822.9430204081634,0.0,1822.9430204081634,0.0,0.0,2200.0
6818,line-43,0.0,0.0,0.0,0.0,0.0,2200.0
6819,line-43,0.0,0.0,0.0,0.0,0.0,2200.0
6820,line-43,0.0,0.0,0.0,0.0,0.0,2200.0
6821,line-43,1822.943020408163,0.0,1822.943020408163,0.0,0.0,2200.0
6822,line-43,3645.886040816327,1258.2938379558414,2387.592202860486,0.0,0.0,2200.0
6823,line-43,7291.772081632654,3689.13086823972,3602.6412133929357,0.0,0.0,2200.0
6824,line-43,7291.772081632654,5868.559726430077,1423.2123552025782,0.0,0.0,2200.0
6825,line-43,3645.886040816327,7648.055937517722,0.0,0.0,0.0,6002.061401866323
6826,line-43,3645.886040816327,8906.349775473562,0.0,0.0,0.0,10999.501949790696
6827,line-43,3645.886040816327,9557.690594669795,0.0,0.0,0.0,16615.716275951487
6828,line-43,3645.886040816327,9557.690594669795,0.0,0.0,244.1374759076648,22000.0
6829,line-43,3645.886040816327,8906.349775473564,0.0,0.0,5260.463734657235,22000.0
6830,line-43,3645.886040816327,7648.055937517722,0.0,0.0,4002.1698967013926,22000.0
6831,line-43,7291.772081632654,5868.559726430078,0.0,0.0,0.0,20501.88173136571
6832,line-43,7291.772081632654,3689.1308682397203,0.0,0.0,0.0,16709.627822531038
6833,line-43,3645.886040816327,1258.2938379558457,0.0,0.0,0.0,14196.372872151587
6834,line-43,3645.886040816327,0.0,0.0,0.0,0.0,10358.598092344924
6835,line-43,3645.886040816327,0.0,0.0,0.0,0.0,6520.823312538261
6836,line-43,3645.886040816327,0.0,0.0,0.0,0.0,2683.048532731603
6837,line-43,3645.886040816327,0.0,3186.989934721305,0.0,0.0,2200.0
6838,line-43,3645.886040816327,0.0,3645.886040816327,0.0,0.0,2200.0
6839,line-43,2734.4145306122496,0.0,2734.4145306122496,0.0,0.0,2200.0
6840,line-43,1822.9430204081634,0.0,1822.9430204081634,0.0,0.0,2200.0
6841,line-43,1822.9430204081634,0.0,1822.9430204081634,0.0,0.0,2200.0
6842,line-43,0.0,0.0,0.0,0.0,0.0,2200.0
6843,line-43,0.0,0.0,0.0,0.0,0.0,2200.0
6844,line-43,0.0,0.0,0.0,0.0,0.0,2200.0
6845,line-43,1822.943020408163,0.0,1822.943020408163,0.0,0.0,2200.0
6846,line-43,3645.886040816327,1252.7622647941341,2393.1237760221934,0.0,0.0,2200.0
6847,line-43,7291.772081632654,3672.9131163242114,3618.8589653084437,0.0,0.0,2200.0
6848,line-43,7291.772081632654,5842.761008752708,1449.0110728799477,0.0,0.0,2200.0
6849,line-43,3645.886040816327,7614.434394053808,0.0,0.0,0.0,5970.120935575605
6850,line-43,3645.886040816327,8867.19665884794,0.0,0.0,0.0,10930.36602270564
6851,line-43,3645.886040816327,9515.674125076914,0.0,0.0,0.0,16506.664702753194
6852,line-43,3645.886040816327,9515.674125076914,0.0,0.0,87.329876632376,22000.0
6853,line-43,3645.886040816327,8867.19665884794,0.0,0.0,5221.310618031614,22000.0
6854,line-43,3645.886040816327,7614.434394053808,0.0,0.0,3968.548353237479,22000.0
6855,line-43,7291.772081632654,5842.761008752709,0.0,0.0,0.0,20474.72518644216
6856,line-43,7291.772081632654,3672.9131163242128,0.0,0.0,0.0,16665.399959801696
6857,line-43,3645.886040816327,1252.7622647941378,0.0,0.0,0.0,14146.322300830972
6858,line-43,3645.886040816327,0.0,0.0,0.0,0.0,10308.547521024313
6859,line-43,3645.886040816327,0.0,0.0,0.0,0.0,6470.77274121765
6860,line-43,3645.886040816327,0.0,0.0,0.0,0.0,2632.99796141099
6861,line-43,3645.886040816327,0.0,3234.5379774758853,0.0,0.0,2200.0
6862,line-43,3645.886040816327,0.0,3645.886040816327,0.0,0.0,2200.0
6863,line-43,2734.4145306122496,0.0,2734.4145306122496,0.0,0.0,2200.0
6864,line-43,1822.9430204081634,0.0,1822.9430204081634,0.0,0.0,2200.0
6865,line-43,1822.9430204081634,0.0,1822.9430204081634,0.0,0.0,2200.0
6866,line-43,0.0,0.0,0.0,0.0,0.0,2200.0
6867,line-43,0.0,0.0,0.0,0.0,0.0,2200.0
6868,line-43,0.0,0.0,0.0,0.0,0.0,2200.0
6869,line-43,1822.943020408163,0.0,1822.943020408163,0.0,0.0,2200.0
6870,line-43,3645.886040816327,1247.269399979737,2398.6166408365907,0.0,0.0,2200.0
6871,line-43,7291.772081632654,3656.8088515407317,3634.963230091923,0.0,0.0,2200.0
6872,line-43,7291.772081632654,5817.142823031584,1474.6292586010695,0.0,0.0,2200.0
6873,line-43,3645.886040816327,7581.048124415883,0.0,0.0,0.0,5938.403979419574
6874,line-43,3645.886040816327,8828.317524395618,0.0,0.0,0.0,10861.713888819904
6875,line-43,3645.886040816327,9473.951674572318,0.0,0.0,0.0,16398.37624088809
6876,line-43,3645.886040816327,9473.951674572318,0.0,0.0,0.0,21935.038592956284
6877,line-43,3645.886040816327,8828.31752439562,0.0,0.0,5114.0510551122225,22000.0
6878,line-43,3645.886040816327,7581.048124415883,0.0,0.0,3935.1620835995536,22000.0
6879,line-43,7291.772081632654,5817.142823031589,0.0,0.0,0.0,20447.75867515677
6880,line-43,7291.772081632654,3656.808851540735,0.0,0.0,0.0,16621.48159084949
6881,line-43,3645.886040816327,1247.2693999797407,0.0,0.0,0.0,14096.621968916239
6882,line-43,3645.886040816327,0.0,0.0,0.0,0.0,10258.84718910958
6883,line-43,3645.886040816327,0.0,0.0,0.0,0.0,6421.072409302916
6884,line-43,3645.886040816327,0.0,0.0,0.0,0.0,2583.2976294962573
6885,line-43,3645.886040816327,0.0,3281.7532927948832,0.0,0.0,2200.0
6886,line-43,3645.886040816327,0.0,3645.886040816327,0.0,0.0,2200.0
6887,line-43,2734.4145306122496,0.0,2734.4145306122496,0.0,0.0,2200.0
6888,line-43,1822.9430204081634,0.0,1822.9430204081634,0.0,0.0,2200.0
6889,line-43,1822.9430204081634,0.0,1822.9430204081634,0.0,0.0,2200.0
6890,line-43,0.0,0.0,0.0,0.0,0.0,2200.0
6891,line-43,0.0,0.0,0.0,0.0,0.0,2200.0
6892,line-43,0.0,0.0,0.0,0.0,0.0,2200.0
6893,line-43,1822.943020408163,0.0,1822.943020408163,0.0,0.0,2200.0
6894,line-43,3645.886040816327,1241.8168711670405,2404.069169649287,0.0,0.0,2200.0
6895,line-43,7291.772081632654,3640.822845930498,3650.949235702156,0.0,0.0,2200.0
6896,line-43,7291.772081632654,5791.712760488027,1500.0593211446267,0.0,0.0,2200.0
6897,line-43,3645.886040816327,7547.907021676179,0.0,0.0,0.0,5906.9199318168585
6898,line-43,3645.886040816327,8789.723892843216,0.0,0.0,0.0,10793.565891242402
6899,line-43,3645.886040816327,9432.535606418523,0.0,0.0,0.0,16290.882978564494
6900,line-43,3645.886040816327,9432.535606418523,0.0,0.0,0.0,21788.20006588658
6901,line-43,3645.886040816327,8789.723892843222,0.0,0.0,4920.890552960133,22000.0
6902,line-43,3645.886040816327,7547.907021676179,0.0,0.0,3902.02098085985,22000.0
6903,line-43,7291.772081632654,5791.712760488028,0.0,0.0,0.0,20420.99018826882
6904,line-43,7291.772081632654,3640.8228459304983,0.0,0.0,0.0,16577.88572963497
6905,line-43,3645.886040816327,1241.8168711670442,0.0,0.0,0.0,14047.286603688355
6906,line-43,3645.886040816327,0.0,0.0,0.0,0.0,10209.51182388169
6907,line-43,3645.886040816327,0.0,0.0,0.0,0.0,6371.737044075033
6908,line-43,3645.886040816327,0.0,0.0,0.0,0.0,2533.96226426837
6909,line-43,3645.886040816327,0.0,3328.6218897613753,0.0,0.0,2200.0
6910,line-43,3645.886040816327,0.0,3645.886040816327,0.0,0.0,2200.0
6911,line-43,2734.4145306122496,0.0,2734.4145306122496,0.0,0.0,2200.0
6912,line-43,1822.9430204081634,0.0,1822.9430204081634,0.0,0.0,2200.0
6913,line-43,1822.9430204081634,0.0,1822.9430204081634,0.0,0.0,2200.0
6914,line-43,0.0,0.0,0.0,0.0,0.0,2200.0
6915,line-43,0.0,0.0,0.0,0.0,0.0,2200.0
6916,line-43,0.0,0.0,0.0,0.0,0.0,2200.0
6917,line-43,1822.943020408163,0.0,1822.943020408163,0.0,0.0,2200.0
6918,line-43,3645.886040816327,1236.4062940580063,2409.479746758321,0.0,0.0,2200.0
6919,line-43,7291.772081632654,3624.959836491976,3666.8122451406794,0.0,0.0,2200.0
6920,line-43,7291.772081632654,5766.478356598389,1525.2937250342661,0.0,0.0,2200.0
6921,line-43,3645.886040816327,7515.020906258679,0.0,0.0,0.0,5875.678122170233
6922,line-43,3645.886040816327,8751.427200316684,0.0,0.0,0.0,10725.94222369557
6923,line-43,3645.886040816327,9391.438193090362,0.0,0.0,0.0,16184.216768355906
6924,line-43,3645.886040816327,9391.438193090362,0.0,0.0,0.0,21642.491313016242
6925,line-43,3645.886040816327,8751.427200316686,0.0,0.0,4729.216225833242,22000.0
6926,line-43,3645.886040816327,7515.020906258679,0.0,0.0,3869.1348654423527,22000.0
6927,line-43,7291.772081632654,5766.47835659839,0.0,0.0,0.0,20394.427657858665
6928,line-43,7291.772081632654,3624.9598364919766,0.0,0.0,0.0,16534.625294552694
6929,line-43,3645.886040816327,1236.4062940580104,0.0,0.0,0.0,13998.33082428078
6930,line-43,3645.886040816327,0.0,0.0,0.0,0.0,10160.556044474117
6931,line-43,3645.886040816327,0.0,0.0,0.0,0.0,6322.781264667457
6932,line-43,3645.886040816327,0.0,0.0,0.0,0.0,2485.006484860796
6933,line-43,3645.886040816327,0.0,3375.1298801985704,0.0,0.0,2200.0
6934,line-43,3645.886040816327,0.0,3645.886040816327,0.0,0.0,2200.0
6935,line-43,2734.4145306122496,0.0,2734.4145306122496,0.0,0.0,2200.0
6936,line-43,1822.9430204081634,0.0,1822.9430204081634,0.0,0.0,2200.0
6937,line-43,1822.9430204081634,0.0,1822.9430204081634,0.0,0.0,2200.0
6938,line-43,0.0,0.0,0.0,0.0,0.0,2200.0
6939,line-43,0.0,0.0,0.0,0.0,0.0,2200.0
6940,line-43,0.0,0.0,0.0,0.0,0.0,2200.0
6941,line-43,1822.943020408163,0.0,1822.943020408163,0.0,0.0,2200.0
6942,line-43,3645.886040816327,1231.0392719234023,2414.8467688929254,0.0,0.0,2200.0
6943,line-43,7291.772081632654,3609.224523777215,3682.5475578554397,0.0,0.0,2200.0
6944,line-43,7291.772081632654,5741.447088861146,1550.3249927715092,0.0,0.0,2200.0
6945,line-43,3645.886040816327,7482.399523029122,0.0,0.0,0.0,5844.687808102156
6946,line-43,3645.886040816327,8713.438794952526,0.0,0.0,0.0,10658.86292453154
6947,line-43,3645.886040816327,9350.67161263836,0.0,0.0,0.0,16078.409217762475
6948,line-43,3645.886040816327,9350.67161263836,0.0,0.0,0.0,21497.9555109934
6949,line-43,3645.886040816327,8713.438794952526,0.0,0.0,4539.0848709713555,22000.0
6950,line-43,3645.886040816327,7482.399523029122,0.0,0.0,3836.513482212794,22000.0
6951,line-43,7291.772081632654,5741.447088861147,0.0,0.0,0.0,20368.078954977365
6952,line-43,7291.772081632654,3609.2245237772154,0.0,0.0,0.0,16491.713104603215
6953,line-43,3645.886040816327,1231.039271923406,0.0,0.0,0.0,13949.76913734751
6954,line-43,3645.886040816327,0.0,0.0,0.0,0.0,10111.99435754085
6955,line-43,3645.886040816327,0.0,0.0,0.0,0.0,6274.219577734187
6956,line-43,3645.886040816327,0.0,0.0,0.0,0.0,2436.4447979275283
6957,line-43,3645.886040816327,0.0,3421.2634827851753,0.0,0.0,2200.0
6958,line-43,3645.886040816327,0.0,3645.886040816327,0.0,0.0,2200.0
6959,line-43,2734.4145306122496,0.0,2734.4145306122496,0.0,0.0,2200.0
6960,line-43,1822.9430204081634,0.0,1822.9430204081634,0.0,0.0,2200.0
6961,line-43,1822.9430204081634,0.0,1822.9430204081634,0.0,0.0,2200.0
6962,line-43,0.0,0.0,0.0,0.0,0.0,2200.0
6963,line-43,0.0,0.0,0.0,0.0,0.0,2200.0
6964,line-43,0.0,0.0,0.0,0.0,0.0,2200.0
6965,line-43,1822.943020408163,0.0,1822.943020408163,0.0,0.0,2200.0
6966,line-43,3645.886040816327,1225.7173951277168,2420.1686456886105,0.0,0.0,2200.0
6967,line-43,7291.772081632654,3593.6215704989654,3698.1505111336896,0.0,0.0,2200.0
6968,line-43,7291.772081632654,5716.62637458115,1575.1457070515057,0.0,0.0,2200.0
6969,line-43,3645.886040816327,7450.052538407386,0.0,0.0,0.0,5813.9581727115055
6970,line-43,3645.886040816327,8675.769933535103,0.0,0.0,0.0,10592.347870794341
6971,line-43,3645.886040816327,9310.247945080113,0.0,0.0,0.0,15973.491679844943
6972,line-43,3645.886040816327,9310.247945080113,0.0,0.0,0.0,21354.635488895536
6973,line-43,3645.886040816327,8675.769933535104,0.0,0.0,4350.552828398289,22000.0
6974,line-43,3645.886040816327,7450.052538407386,0.0,0.0,3804.166497591059,22000.0
6975,line-43,7291.772081632654,5716.626374581151,0.0,0.0,0.0,20341.951887314204
6976,line-43,7291.772081632654,3593.6215704989663,0.0,0.0,0.0,16449.161875594535
6977,line-43,3645.886040816327,1225.717395127721,0.0,0.0,0.0,13901.615932764425
6978,line-43,3645.886040816327,0.0,0.0,0.0,0.0,10063.84115295776
6979,line-43,3645.886040816327,0.0,0.0,0.0,0.0,6226.066373151102
6980,line-43,3645.886040816327,0.0,0.0,0.0,0.0,2388.2915933444406
6981,line-43,3645.886040816327,0.0,3467.0090271391095,0.0,0.0,2200.0
6982,line-43,3645.886040816327,0.0,3645.886040816327,0.0,0.0,2200.0
6983,line-43,2734.4145306122496,0.0,2734.4145306122496,0.0,0.0,2200.0
6984,line-43,1822.9430204081634,0.0,1822.9430204081634,0.0,0.0,2200.0
6985,line-43,1822.9430204081634,0.0,1822.9430204081634,0.0,0.0,2200.0
6986,line-43,0.0,0.0,0.0,0.0,0.0,2200.0
6987,line-43,0.0,0.0,0.0,0.0,0.0,2200.0
6988,line-43,0.0,0.0,0.0,0.0,0.0,2200.0
6989,line-43,1822.943020408163,0.0,1822.943020408163,0.0,0.0,2200.0
6990,line-43,3645.886040816327,1220.4422406579001,2425.4438001584276,0.0,0.0,2200.0
6991,line-43,7291.772081632654,3578.155600149029,3713.6164814836266,0.0,0.0,2200.0
6992,line-43,7291.772081632654,5692.023568671713,1599.7485129609404,0.0,0.0,2200.0
6993,line-43,3645.886040816327,7417.989537503123,0.0,0.0,0.0,5783.498321852456
6994,line-43,3645.886040816327,8638.431778161026,0.0,0.0,0.0,10526.41677232992
6995,line-43,3645.886040816327,9270.179168820743,0.0,0.0,0.0,15869.495243934109
6996,line-43,3645.886040816327,9270.179168820743,0.0,0.0,0.0,21212.573715538303
6997,line-43,3645.886040816327,8638.431778161026,0.0,0.0,4163.6759642271245,22000.0
6998,line-43,3645.886040816327,7417.989537503123,0.0,0.0,3772.103496686797,22000.0
6999,line-43,7291.772081632654,5692.023568671717,0.0,0.0,0.0,20316.054196883222
7000,line-43,7291.772081632654,3578.1556001490294,0.0,0.0,0.0,16406.98421637414
7001,line-43,3645.886040816327,1220.4422406579038,0.0,0.0,0.0,13853.885479365274
7002,line-43,3645.886040816327,0.0,0.0,0.0,0.0,10016.11069955861
7003,line-43,3645.886040816327,0.0,0.0,0.0,0.0,6178.335919751951
7004,line-43,3645.886040816327,0.0,0.0,0.0,0.0,2340.5611399452896
7005,line-43,3645.886040816327,0.0,3512.352957868302,0.0,0.0,2200.0
7006,line-43,3645.886040816327,0.0,3645.886040816327,0.0,0.0,2200.0
7007,line-43,2734.4145306122496,0.0,2734.4145306122496,0.0,0.0,2200.0
7008,line-43,1822.9430204081634,0.0,1822.9430204081634,0.0,0.0,2200.0
7009,line-43,1822.9430204081634,0.0,1822.9430204081634,0.0,0.0,2200.0
7010,line-43,0.0,0.0,0.0,0.0,0.0,2200.0
7011,line-43,0.0,0.0,0.0,0.0,0.0,2200.0
7012,line-43,0.0,0.0,0.0,0.0,0.0,2200.0
7013,line-43,1822.943020408163,0.0,1822.943020408163,0.0,0.0,2200.0
7014,line-43,3645.886040816327,1215.2153716560676,2430.6706691602585,0.0,0.0,2200.0
7015,line-43,7291.772081632654,3562.8311956281977,3728.9408860044573,0.0,0.0,2200.0
7016,line-43,7291.772081632654,5667.645961475203,1624.1261201574498,0.0,0.0,2200.0
7017,line-43,3645.886040816327,7386.220021275477,0.0,0.0,0.0,5753.317281436193
7018,line-43,3645.886040816327,8601.435392931542,0.0,0.0,0.0,10461.089165945647
7019,line-43,3645.886040816327,9230.477157103402,0.0,0.0,0.0,15766.450726418363
7020,line-43,3645.886040816327,9230.477157103402,0.0,0.0,0.0,21071.812286891087
7021,line-43,3645.886040816327,8601.435392931542,0.0,0.0,3978.5096541058324,22000.0
7022,line-43,3645.886040816327,7386.220021275477,0.0,0.0,3740.33398045915,22000.0
7023,line-43,7291.772081632654,5667.645961475205,0.0,0.0,0.0,20290.393557729
7024,line-43,7291.772081632654,3562.8311956281987,0.0,0.0,0.0,16365.192625092732
7025,line-43,3645.886040816327,1215.2153716560722,0.0,0.0,0.0,13806.591920713518
7026,line-43,3645.886040816327,0.0,0.0,0.0,0.0,9968.817140906855
7027,line-43,3645.886040816327,0.0,0.0,0.0,0.0,6131.042361100195
7028,line-43,3645.886040816327,0.0,0.0,0.0,0.0,2293.2675812935336
7029,line-43,3645.886040816327,0.0,3557.2818385874707,0.0,0.0,2200.0
7030,line-43,3645.886040816327,0.0,3645.886040816327,0.0,0.0,2200.0
7031,line-43,2734.4145306122496,0.0,2734.4145306122496,0.0,0.0,2200.0
7032,line-43,1822.9430204081634,0.0,1822.9430204081634,0.0,0.0,2200.0
7033,line-43,1822.9430204081634,0.0,1822.9430204081634,0.0,0.0,2200.0
7034,line-43,0.0,0.0,0.0,0.0,0.0,2200.0
7035,line-43,0.0,0.0,0.0,0.0,0.0,2200.0
7036,line-43,0.0,0.0,0.0,0.0,0.0,2200.0
7037,line-43,1822.943020408163,0.0,1822.943020408163,0.0,0.0,2200.0
7038,line-43,3645.886040816327,1210.0383369563108,2435.8477038600154,0.0,0.0,2200.0
7039,line-43,7291.772081632654,3547.652897888262,3744.119183744391,0.0,0.0,2200.0
7040,line-43,7291.772081632654,5643.500776602743,1648.2713050299135,0.0,0.0,2200.0
7041,line-43,3645.886040816327,7354.753403717742,0.0,0.0,0.0,5723.423994756344
7042,line-43,3645.886040816327,8564.791740674053,0.0,0.0,0.0,10396.384409621187
7043,line-43,3645.886040816327,9191.153674491006,0.0,0.0,0.0,15664.388661612124
7044,line-43,3645.886040816327,9191.153674491006,0.0,0.0,0.0,20932.392913603064
7045,line-43,3645.886040816327,8564.791740674053,0.0,0.0,3795.108766808326,22000.0
7046,line-43,3645.886040816327,7354.753403717742,0.0,0.0,3708.867362901416,22000.0
7047,line-43,7291.772081632654,5643.500776602746,0.0,0.0,0.0,20264.97757365272
7048,line-43,7291.772081632654,3547.652897888263,0.0,0.0,0.0,16323.799485500738
7049,line-43,3645.886040816327,1210.0383369563153,0.0,0.0,0.0,13759.749270911248
7050,line-43,3645.886040816327,0.0,0.0,0.0,0.0,9921.974491104587
7051,line-43,3645.886040816327,0.0,0.0,0.0,0.0,6084.199711297926
7052,line-43,3645.886040816327,0.0,0.0,0.0,0.0,2246.4249314912663
7053,line-43,3645.886040816327,0.0,3601.782355899625,0.0,0.0,2200.0
7054,line-43,3645.886040816327,0.0,3645.886040816327,0.0,0.0,2200.0
7055,line-43,2734.4145306122496,0.0,2734.4145306122496,0.0,0.0,2200.0
7056,line-43,1822.9430204081634,0.0,1822.9430204081634,0.0,0.0,2200.0
7057,line-43,1822.9430204081634,0.0,1822.9430204081634,0.0,0.0,2200.0
7058,line-43,0.0,0.0,0.0,0.0,0.0,2200.0
7059,line-43,0.0,0.0,0.0,0.0,0.0,2200.0
7060,line-43,0.0,0.0,0.0,0.0,0.0,2200.0
7061,line-43,1822.943020408163,0.0,1822.943020408163,0.0,0.0,2200.0
7062,line-43,3645.886040816327,1204.912670625741,2440.973370190586,0.0,0.0,2200.0
7063,line-43,7291.772081632654,3532.6252045864167,3759.146877046238,0.0,0.0,2200.0
7064,line-43,7291.772081632654,5619.595168793704,1672.176912838951,0.0,0.0,2200.0
7065,line-43,3645.886040816327,7323.599009067812,0.0,0.0,0.0,5693.8273198389115
7066,line-43,3645.886040816327,8528.511679693553,0.0,0.0,0.0,10332.321676772273
7067,line-43,3645.886040816327,9152.220373380118,0.0,0.0,0.0,15563.339292707877
7068,line-43,3645.886040816327,9152.220373380118,0.0,0.0,0.0,20794.356908643476
7069,line-43,3645.886040816327,8528.511679693554,0.0,0.0,3613.5276479756244,22000.0
7070,line-43,3645.886040816327,7323.599009067812,0.0,0.0,3677.712968251484,22000.0
7071,line-43,7291.772081632654,5619.595168793707,0.0,0.0,0.0,20239.813775959
7072,line-43,7291.772081632654,3532.625204586418,0.0,0.0,0.0,16282.817063278746
7073,line-43,3645.886040816327,1204.9126706257448,0.0,0.0,0.0,13713.371410446562
7074,line-43,3645.886040816327,0.0,0.0,0.0,0.0,9875.596630639899
7075,line-43,3645.886040816327,0.0,0.0,0.0,0.0,6037.821850833238
7076,line-43,3645.886040816327,0.0,0.0,0.0,0.0,2200.0470710265763
7077,line-43,3645.886040816327,0.0,3645.84132334108,0.0,0.0,2200.0
7078,line-43,3645.886040816327,0.0,3645.886040816327,0.0,0.0,2200.0
7079,line-43,2734.4145306122496,0.0,2734.4145306122496,0.0,0.0,2200.0
7080,line-43,1822.9430204081634,0.0,1822.9430204081634,0.0,0.0,2200.0
7081,line-43,1822.9430204081634,0.0,1822.9430204081634,0.0,0.0,2200.0
7082,line-43,0.0,0.0,0.0,0.0,0.0,2200.0
7083,line-43,0.0,0.0,0.0,0.0,0.0,2200.0
7084,line-43,0.0,0.0,0.0,0.0,0.0,2200.0
7085,line-43,1822.943020408163,0.0,1822.943020408163,0.0,0.0,2200.0
7086,line-43,3645.886040816327,1199.8398915099115,2446.0461493064163,0.0,0.0,2200.0
7087,line-43,7291.772081632654,3517.7525687525062,3774.019512880147,0.0,0.0,2200.0
7088,line-43,7291.772081632654,5595.936221795604,1695.8358598370505,0.0,0.0,2200.0
7089,line-43,3645.886040816327,7292.766069045183,0.0,0.0,0.0,5664.536026817413
7090,line-43,3645.886040816327,8492.605960555094,0.0,0.0,0.0,10268.919950569243
7091,line-43,3645.886040816327,9113.688790548109,0.0,0.0,0.0,15463.332562814438
7092,line-43,3645.886040816327,9113.688790548109,0.0,0.0,0.0,20657.745175059626
7093,line-43,3645.886040816327,8492.605960555094,0.0,0.0,3433.8201040120575,22000.0
7094,line-43,3645.886040816327,7292.766069045183,0.0,0.0,3646.880028228856,22000.0
7095,line-43,7291.772081632654,5595.936221795607,0.0,0.0,0.0,20214.909621224164
7096,line-43,7291.772081632654,3517.752568752507,0.0,0.0,0.0,16242.257502402957
7097,line-43,3645.886040816327,1199.839891509915,0.0,0.0,0.0,13667.472082080414
7098,line-43,3645.886040816327,0.0,0.0,0.0,0.0,9829.697302273755
7099,line-43,3645.886040816327,0.0,0.0,0.0,0.0,5991.9225224670945
7100,line-43,3645.886040816327,0.0,43.559644472587706,0.0,0.0,2200.0
7101,line-43,3645.886040816327,0.0,3645.886040816327,0.0,0.0,2200.0
7102,line-43,3645.886040816327,0.0,3645.886040816327,0.0,0.0,2200.0
7103,line-43,2734.4145306122496,0.0,2734.4145306122496,0.0,0.0,2200.0
7104,line-43,1822.9430204081634,0.0,1822.9430204081634,0.0,0.0,2200.0
7105,line-43,1822.9430204081634,0.0,1822.9430204081634,0.0,0.0,2200.0
7106,line-43,0.0,0.0,0.0,0.0,0.0,2200.0
7107,line-43,0.0,0.0,0.0,0.0,0.0,2200.0
7108,line-43,0.0,0.0,0.0,0.0,0.0,2200.0
7109,line-43,1822.943020408163,0.0,1822.943020408163,0.0,0.0,2200.0
7110,line-43,3645.886040816327,1194.8215027827555,2451.0645380335723,0.0,0.0,2200.0
7111,line-43,7291.772081632654,3503.0393974695153,3788.7326841631393,0.0,0.0,2200.0
7112,line-43,7291.772081632654,5572.530946265046,1719.241135367609,0.0,0.0,2200.0
7113,line-43,3645.886040816327,7262.263720115421,0.0,0.0,0.0,5635.558795334138
7114,line-43,3645.886040816327,8457.085222898177,0.0,0.0,0.0,10206.198018311894
7115,line-43,3645.886040816327,9075.570343734558,0.0,0.0,0.0,15364.39810608422
7116,line-43,3645.886040816327,9075.570343734558,0.0,0.0,0.0,20522.598193856535
7117,line-43,3645.886040816327,8457.085222898177,0.0,0.0,3256.039386141362,22000.0
7118,line-43,3645.886040816327,7262.263720115421,0.0,0.0,3616.3776792990943,22000.0
7119,line-43,7291.772081632654,5572.530946265048,0.0,0.0,0.0,20190.272489086736
7120,line-43,7291.772081632654,3503.0393974695166,0.0,0.0,0.0,16202.132821546584
7121,line-43,3645.886040816327,1194.8215027827591,0.0,0.0,0.0,13622.064886774406
7122,line-43,3645.886040816327,0.0,0.0,0.0,0.0,9784.290106967746
7123,line-43,3645.886040816327,0.0,0.0,0.0,0.0,5946.5153271610825
7124,line-43,3645.886040816327,0.0,86.69648001329784,0.0,0.0,2200.0
7125,line-43,3645.886040816327,0.0,3645.886040816327,0.0,0.0,2200.0
7126,line-43,3645.886040816327,0.0,3645.886040816327,0.0,0.0,2200.0
7127,line-43,2734.4145306122496,0.0,2734.4145306122496,0.0,0.0,2200.0
7128,line-43,1822.9430204081634,0.0,1822.9430204081634,0.0,0.0,2200.0
7129,line-43,1822.9430204081634,0.0,1822.9430204081634,0.0,0.0,2200.0
7130,line-43,0.0,0.0,0.0,0.0,0.0,2200.0
7131,line-43,0.0,0.0,0.0,0.0,0.0,2200.0
7132,line-43,0.0,0.0,0.0,0.0,0.0,2200.0
7133,line-43,1822.943020408163,0.0,1822.943020408163,0.0,0.0,2200.0
7134,line-43,3645.886040816327,1189.8589915011576,2456.02704931517,0.0,0.0,2200.0
7135,line-43,7291.772081632654,3488.4900505676223,3803.282031065033,0.0,0.0,2200.0
7136,line-43,7291.772081632654,5549.386277690293,1742.3858039423621,0.0,0.0,2200.0
7137,line-43,3645.886040816327,7232.101000782802,0.0,0.0,0.0,5606.904211968149
7138,line-43,3645.886040816327,8421.959992283959,0.0,0.0,0.0,10144.174465862397
7139,line-43,3645.886040816327,9037.876328257915,0.0,0.0,0.0,15266.565238931913
7140,line-43,3645.886040816327,9037.876328257915,0.0,0.0,0.0,20388.956012001418
7141,line-43,3645.886040816327,8421.959992283959,0.0,0.0,3080.2381746270203,22000.0
7142,line-43,3645.886040816327,7232.101000782802,0.0,0.0,3586.2149599664735,22000.0
7143,line-43,7291.772081632654,5549.386277690295,0.0,0.0,0.0,20165.909680060675
7144,line-43,7291.772081632654,3488.4900505676233,0.0,0.0,0.0,16162.454910518532
7145,line-43,3645.886040816327,1189.8589915011605,0.0,0.0,0.0,13577.163279660468
7146,line-43,3645.886040816327,0.0,0.0,0.0,0.0,9739.388499853803
7147,line-43,3645.886040816327,0.0,0.0,0.0,0.0,5901.613720047146
7148,line-43,3645.886040816327,0.0,129.35300677154055,0.0,0.0,2200.0
7149,line-43,3645.886040816327,0.0,3645.886040816327,0.0,0.0,2200.0
7150,line-43,3645.886040816327,0.0,3645.886040816327,0.0,0.0,2200.0
7151,line-43,2734.4145306122496,0.0,2734.4145306122496,0.0,0.0,2200.0
7152,line-43,1822.9430204081634,0.0,1822.9430204081634,0.0,0.0,2200.0
7153,line-43,1822.9430204081634,0.0,1822.9430204081634,0.0,0.0,2200.0
7154,line-43,0.0,0.0,0.0,0.0,0.0,2200.0
7155,line-43,0.0,0.0,0.0,0.0,0.0,2200.0
7156,line-43,0.0,0.0,0.0,0.0,0.0,2200.0
7157,line-43,1822.943020408163,0.0,1822.943020408163,0.0,0.0,2200.0
7158,line-43,3645.886040816327,1184.9538281643095,2460.9322126520174,0.0,0.0,2200.0
7159,line-43,7291.772081632654,3474.1088393323207,3817.6632423003343,0.0,0.0,2200.0
7160,line-43,7291.772081632654,5526.509074336146,1765.2630072965092,0.0,0.0,2200.0
7161,line-43,3645.886040816327,7202.286848912027,0.0,0.0,0.0,5578.580767690918
7162,line-43,3645.886040816327,8387.24067707634,0.0,0.0,0.0,10082.867672137927
7163,line-43,3645.886040816327,9000.617913668466,0.0,0.0,0.0,15169.862951347455
7164,line-43,3645.886040816327,9000.617913668466,0.0,0.0,0.0,20256.85823055699
7165,line-43,3645.886040816327,8387.240677076341,0.0,0.0,2906.468563162106,22000.0
7166,line-43,3645.886040816327,7202.286848912027,0.0,0.0,3556.4008080957014,22000.0
7167,line-43,7291.772081632654,5526.509074336146,0.0,0.0,0.0,20141.828413372095
7168,line-43,7291.772081632654,3474.1088393323216,0.0,0.0,0.0,16123.235526740165
7169,line-43,3645.886040816327,1184.9538281643133,0.0,0.0,0.0,13532.780566053836
7170,line-43,3645.886040816327,0.0,0.0,0.0,0.0,9695.005786247177
7171,line-43,3645.886040816327,0.0,0.0,0.0,0.0,5857.231006440513
7172,line-43,3645.886040816327,0.0,171.51658469783865,0.0,0.0,2200.0
7173,line-43,3645.886040816327,0.0,3645.886040816327,0.0,0.0,2200.0
7174,line-43,3645.886040816327,0.0,3645.886040816327,0.0,0.0,2200.0
7175,line-43,2734.4145306122496,0.0,2734.4145306122496,0.0,0.0,2200.0
7176,line-43,1822.9430204081634,0.0,1822.9430204081634,0.0,0.0,2200.0
7177,line-43,1822.9430204081634,0.0,1822.9430204081634,0.0,0.0,2200.0
7178,line-43,0.0,0.0,0.0,0.0,0.0,2200.0
7179,line-43,0.0,0.0,0.0,0.0,0.0,2200.0
7180,line-43,0.0,0.0,0.0,0.0,0.0,2200.0
7181,line-43,1822.943020408163,0.0,1822.943020408163,0.0,0.0,2200.0
7182,line-43,3645.886040816327,1180.1074662779713,2465.778574538356,0.0,0.0,2200.0
7183,line-43,7291.772081632654,3459.900025226868,3831.8720564057867,0.0,0.0,2200.0
7184,line-43,7291.772081632654,5503.90611521169,1787.8659664209652,0.0,0.0,2200.0
7185,line-43,3645.886040816327,7172.830099079747,0.0,0.0,0.0,5550.596855350248
7186,line-43,3645.886040816327,8352.937565357715,0.0,0.0,0.0,10022.295803664567
7187,line-43,3645.886040816327,8963.806140438559,0.0,0.0,0.0,15074.319898305685
7188,line-43,3645.886040816327,8963.806140438559,0.0,0.0,0.0,20126.3439929468
7189,line-43,3645.886040816327,8352.937565357719,0.0,0.0,2734.78204343276,22000.0
7190,line-43,3645.886040816327,7172.830099079747,0.0,0.0,3526.944058263419,22000.0
7191,line-43,7291.772081632654,5503.906115211692,0.0,0.0,0.0,20118.035824820043
7192,line-43,7291.772081632654,3459.9000252268693,0.0,0.0,0.0,16084.486291761319
7193,line-43,3645.886040816327,1180.1074662779747,0.0,0.0,0.0,13488.929897510414
7194,line-43,3645.886040816327,0.0,0.0,0.0,0.0,9651.155117703758
7195,line-43,3645.886040816327,0.0,0.0,0.0,0.0,5813.380337897097
7196,line-43,3645.886040816327,0.0,213.17471981408698,0.0,0.0,2200.0
7197,line-43,3645.886040816327,0.0,3645.886040816327,0.0,0.0,2200.0
7198,line-43,3645.886040816327,0.0,3645.886040816327,0.0,0.0,2200.0
7199,line-43,2734.4145306122496,0.0,2734.4145306122496,0.0,0.0,2200.0
7200,line-43,1822.9430204081634,0.0,1822.9430204081634,0.0,0.0,2200.0
7201,line-43,1822.9430204081634,0.0,1822.9430204081634,0.0,0.0,2200.0
7202,line-43,0.0,0.0,0.0,0.0,0.0,2200.0
7203,line-43,0.0,0.0,0.0,0.0,0.0,2200.0
7204,line-43,0.0,0.0,0.0,0.0,0.0,2200.0
7205,line-43,1822.943020408163,0.0,1822.943020408163,0.0,0.0,2200.0
7206,line-43,3645.886040816327,1175.321341923762,2470.564698892564,0.0,0.0,2200.0
7207,line-43,7291.772081632654,3445.8678186295365,3845.904263003119,0.0,0.0,2200.0
7208,line-43,7291.772081632654,5481.584098061527,1810.1879835711284,0.0,0.0,2200.0
7209,line-43,3645.886040816327,7143.7394799566555,0.0,0.0,0.0,5522.960767183313
7210,line-43,3645.886040816327,8319.060821880417,0.0,0.0,0.0,9962.476809194199
7211,line-43,3645.886040816327,8927.451916691063,0.0,0.0,0.0,14979.9643912752
7212,line-43,3645.886040816327,8927.451916691063,0.0,0.0,0.0,19997.451973356194
7213,line-43,3645.886040816327,8319.060821880423,0.0,0.0,2565.2294898600867,22000.0
7214,line-43,3645.886040816327,7143.7394799566555,0.0,0.0,3497.8534391403296,22000.0
7215,line-43,7291.772081632654,5481.5840980615285,0.0,0.0,0.0,20094.538964661973
7216,line-43,7291.772081632654,3445.867818629537,0.0,0.0,0.0,16046.218687816583
7217,line-43,3645.886040816327,1175.3213419237666,0.0,0.0,0.0,13445.624267929683
7218,line-43,3645.886040816327,0.0,0.0,0.0,0.0,9607.84948812302
7219,line-43,3645.886040816327,0.0,0.0,0.0,0.0,5770.07470831636
7220,line-43,3645.886040816327,0.0,254.31506791578732,0.0,0.0,2200.0
7221,line-43,3645.886040816327,0.0,3645.886040816327,0.0,0.0,2200.0
7222,line-43,3645.886040816327,0.0,3645.886040816327,0.0,0.0,2200.0
7223,line-43,2734.4145306122496,0.0,2734.4145306122496,0.0,0.0,2200.0
7224,line-43,1822.9430204081634,0.0,1822.9430204081634,0.0,0.0,2200.0
7225,line-43,1822.9430204081634,0.0,1822.9430204081634,0.0,0.0,2200.0
7226,line-43,0.0,0.0,0.0,0.0,0.0,2200.0
7227,line-43,0.0,0.0,0.0,0.0,0.0,2200.0
7228,line-43,0.0,0.0,0.0,0.0,0.0,2200.0
7229,line-43,1822.943020408163,0.0,1822.943020408163,0.0,0.0,2200.0
7230,line-43,3645.886040816327,1170.5968733336224,2475.289167482705,0.0,0.0,2200.0
7231,line-43,7291.772081632654,3432.016377585981,3859.7557040466722,0.0,0.0,2200.0
7232,line-43,7291.772081632654,5459.549637381085,1832.2224442515703,0.0,0.0,2200.0
7233,line-43,3645.886040816327,7115.023611721033,0.0,0.0,0.0,5495.680692359473
7234,line-43,3645.886040816327,8285.620485054656,0.0,0.0,0.0,9903.428414385884
7235,line-43,3645.886040816327,8891.566014967064,0.0,0.0,0.0,14886.824389829082
7236,line-43,3645.886040816327,8891.566014967064,0.0,0.0,0.0,19870.22036527229
7237,line-43,3645.886040816327,8285.620485054656,0.0,0.0,2397.8611445249458,22000.0
7238,line-43,3645.886040816327,7115.023611721033,0.0,0.0,3469.137570904708,22000.0
7239,line-43,7291.772081632654,5459.5496373810865,0.0,0.0,0.0,20071.344795524667
7240,line-43,7291.772081632654,3432.016377585983,0.0,0.0,0.0,16008.4440544229
7241,line-43,3645.886040816327,1170.5968733336263,0.0,0.0,0.0,13402.87650970427
7242,line-43,3645.886040816327,0.0,0.0,0.0,0.0,9565.101729897608
7243,line-43,3645.886040816327,0.0,0.0,0.0,0.0,5727.326950090948
7244,line-43,3645.886040816327,0.0,294.9254382299268,0.0,0.0,2200.0
7245,line-43,3645.886040816327,0.0,3645.886040816327,0.0,0.0,2200.0
7246,line-43,3645.886040816327,0.0,3645.886040816327,0.0,0.0,2200.0
7247,line-43,2734.4145306122496,0.0,2734.4145306122496,0.0,0.0,2200.0
7248,line-43,1822.9430204081634,0.0,1822.9430204081634,0.0,0.0,2200.0
7249,line-43,1822.9430204081634,0.0,1822.9430204081634,0.0,0.0,2200.0
7250,line-43,0.0,0.0,0.0,0.0,0.0,2200.0
7251,line-43,0.0,0.0,0.0,0.0,0.0,2200.0
7252,line-43,0.0,0.0,0.0,0.0,0.0,2200.0
7253,line-43,1822.943020408163,0.0,1822.943020408163,0.0,0.0,2200.0
7254,line-43,3645.886040816327,1165.9354604695568,2479.9505803467705,0.0,0.0,2200.0
7255,line-43,7291.772081632654,3418.349806577122,3873.4222750555314,0.0,0.0,2200.0
7256,line-43,7291.772081632654,5437.809262456611,1853.9628191760448,0.0,0.0,2200.0
7257,line-43,3645.886040816327,7086.691003504377,0.0,0.0,0.0,5468.7647145536475
7258,line-43,3645.886040816327,8252.626463973935,0.0,0.0,0.0,9845.168116553372
7259,line-43,3645.886040816327,8856.159069033733,0.0,0.0,0.0,14794.927493359904
7260,line-43,3645.886040816327,8856.159069033733,0.0,0.0,0.0,19744.686870166443
7261,line-43,3645.886040816327,8252.626463973935,0.0,0.0,2232.7266022801764,22000.0
7262,line-43,3645.886040816327,7086.691003504377,0.0,0.0,3440.8049626880497,22000.0
7263,line-43,7291.772081632654,5437.8092624566125,0.0,0.0,0.0,20048.460190341
7264,line-43,7291.772081632654,3418.3498065771237,0.0,0.0,0.0,15971.173585019395
7265,line-43,3645.886040816327,1165.935460469561,0.0,0.0,0.0,13360.699289917538
7266,line-43,3645.886040816327,0.0,0.0,0.0,0.0,9522.924510110875
7267,line-43,3645.886040816327,0.0,0.0,0.0,0.0,5685.149730304215
7268,line-43,3645.886040816327,0.0,334.9937970273247,0.0,0.0,2200.0
7269,line-43,3645.886040816327,0.0,3645.886040816327,0.0,0.0,2200.0
7270,line-43,3645.886040816327,0.0,3645.886040816327,0.0,0.0,2200.0
7271,line-43,2734.4145306122496,0.0,2734.4145306122496,0.0,0.0,2200.0
7272,line-43,1822.9430204081634,0.0,1822.9430204081634,0.0,0.0,2200.0
7273,line-43,1822.9430204081634,0.0,1822.9430204081634,0.0,0.0,2200.0
7274,line-43,0.0,0.0,0.0,0.0,0.0,2200.0
7275,line-43,0.0,0.0,0.0,0.0,0.0,2200.0
7276,line-43,0.0,0.0,0.0,0.0,0.0,2200.0
7277,line-43,1822.943020408163,0.0,1822.943020408163,0.0,0.0,2200.0
7278,line-43,3645.886040816327,1161.3384846087986,2484.5475562075285,0.0,0.0,2200.0
7279,line-43,7291.772081632654,3404.8721553028968,3886.8999263297587,0.0,0.0,2200.0
7280,line-43,7291.772081632654,5416.36941543038,1875.4026662022725,0.0,0.0,2200.0
7281,line-43,3645.886040816327,7058.750050869961,0.0,0.0,0.0,5442.220809550954
7282,line-43,3645.886040816327,8220.088535478764,0.0,0.0,0.0,9787.713179480272
7283,line-43,3645.886040816327,8821.241570733278,0.0,0.0,0.0,14704.30093290137
7284,line-43,3645.886040816327,8821.241570733278,0.0,0.0,0.0,19620.888686322476
7285,line-43,3645.886040816327,8220.088535478764,0.0,0.0,2069.874796054516,22000.0
7286,line-43,3645.886040816327,7058.750050869961,0.0,0.0,3412.8640100536354,22000.0
7287,line-43,7291.772081632654,5416.369415430383,0.0,0.0,0.0,20025.8919303134
7288,line-43,7291.772081632654,3404.8721553028977,0.0,0.0,0.0,15934.418323650494
7289,line-43,3645.886040816327,1161.3384846088022,0.0,0.0,0.0,13319.105106589941
7290,line-43,3645.886040816327,0.0,0.0,0.0,0.0,9481.330326783283
7291,line-43,3645.886040816327,0.0,0.0,0.0,0.0,5643.5555469766205
7292,line-43,3645.886040816327,0.0,374.5082711885365,0.0,0.0,2200.0
7293,line-43,3645.886040816327,0.0,3645.886040816327,0.0,0.0,2200.0
7294,line-43,3645.886040816327,0.0,3645.886040816327,0.0,0.0,2200.0
7295,line-43,2734.4145306122496,0.0,2734.4145306122496,0.0,0.0,2200.0
7296,line-43,1822.9430204081634,0.0,1822.9430204081634,0.0,0.0,2200.0
7297,line-43,1822.9430204081634,0.0,1822.9430204081634,0.0,0.0,2200.0
7298,line-43,0.0,0.0,0.0,0.0,0.0,2200.0
7299,line-43,0.0,0.0,0.0,0.0,0.0,2200.0
7300,line-43,0.0,0.0,0.0,0.0,0.0,2200.0
7301,line-43,1822.943020408163,0.0,1822.943020408163,0.0,0.0,2200.0
7302,line-43,3645.886040816327,1156.8073079345065,2489.0787328818205,0.0,0.0,2200.0
7303,line-43,7291.772081632654,3391.587417482248,3900.1846641504053,0.0,0.0,2200.0
7304,line-43,7291.772081632654,5395.2364493917885,1896.5356322408659,0.0,0.0,2200.0
7305,line-43,3645.886040816327,7031.209033325077,0.0,0.0,0.0,5416.056842883312
7306,line-43,3645.886040816327,8188.016341259584,0.0,0.0,0.0,9731.080628304408
7307,line-43,3645.886040816327,8786.82386687404,0.0,0.0,0.0,14614.971563059233
7308,line-43,3645.886040816327,8786.82386687404,0.0,0.0,0.0,19498.86249781406
7309,line-43,3645.886040816327,8188.016341259584,0.0,0.0,1909.3539823527885,22000.0
7310,line-43,3645.886040816327,7031.209033325077,0.0,0.0,3385.3229925087503,22000.0
7311,line-43,7291.772081632654,5395.236449391791,0.0,0.0,0.0,20003.64670290435
7312,line-43,7291.772081632654,3391.58741748225,0.0,0.0,0.0,15898.189161693403
7313,line-43,3645.886040816327,1156.8073079345102,0.0,0.0,0.0,13278.106284975696
7314,line-43,3645.886040816327,0.0,0.0,0.0,0.0,9440.33150516904
7315,line-43,3645.886040816327,0.0,0.0,0.0,0.0,5602.556725362379
7316,line-43,3645.886040816327,0.0,413.4571517220688,0.0,0.0,2200.0
7317,line-43,3645.886040816327,0.0,3645.886040816327,0.0,0.0,2200.0
7318,line-43,3645.886040816327,0.0,3645.886040816327,0.0,0.0,2200.0
7319,line-43,2734.4145306122496,0.0,2734.4145306122496,0.0,0.0,2200.0
7320,line-43,1822.9430204081634,0.0,1822.9430204081634,0.0,0.0,2200.0
7321,line-43,1822.9430204081634,0.0,1822.9430204081634,0.0,0.0,2200.0
7322,line-43,0.0,0.0,0.0,0.0,0.0,2200.0
7323,line-43,0.0,0.0,0.0,0.0,0.0,2200.0
7324,line-43,0.0,0.0,0.0,0.0,0.0,2200.0
7325,line-43,1822.943020408163,0.0,1822.943020408163,0.0,0.0,2200.0
7326,line-43,3645.886040816327,1152.3432731321195,2493.5427676842073,0.0,0.0,2200.0
7327,line-43,7291.772081632654,3378.4995296697043,3913.272551962951,0.0,0.0,2200.0
7328,line-43,7291.772081632654,5374.416626494757,1917.3554551378982,0.0,0.0,2200.0
7329,line-43,3645.886040816327,7004.076111867604,0.0,0.0,0.0,5390.280567498714
7330,line-43,3645.886040816327,8156.419384999725,0.0,0.0,0.0,9675.28724447294
7331,line-43,3645.886040816327,8752.91615616446,0.0,0.0,0.0,14526.965854053666
7332,line-43,3645.886040816327,8752.91615616446,0.0,0.0,0.0,19378.644463634388
7333,line-43,3645.886040816327,8156.419384999725,0.0,0.0,1751.2117269564405,22000.0
7334,line-43,3645.886040816327,7004.076111867604,0.0,0.0,3358.190071051278,22000.0
7335,line-43,7291.772081632654,5374.416626494758,0.0,0.0,0.0,19981.731099854846
7336,line-43,7291.772081632654,3378.499529669705,0.0,0.0,0.0,15862.496834630689
7337,line-43,3645.886040816327,1152.3432731321232,0.0,0.0,0.0,13237.714973910477
7338,line-43,3645.886040816327,0.0,0.0,0.0,0.0,9399.940194103814
7339,line-43,3645.886040816327,0.0,0.0,0.0,0.0,5562.165414297154
7340,line-43,3645.886040816327,0.0,451.82889723403275,0.0,0.0,2200.0
7341,line-43,3645.886040816327,0.0,3645.886040816327,0.0,0.0,2200.0
7342,line-43,3645.886040816327,0.0,3645.886040816327,0.0,0.0,2200.0
7343,line-43,2734.4145306122496,0.0,2734.4145306122496,0.0,0.0,2200.0
7344,line-43,1822.9430204081634,0.0,1822.9430204081634,0.0,0.0,2200.0
7345,line-43,1822.9430204081634,0.0,1822.9430204081634,0.0,0.0,2200.0
7346,line-43,0.0,0.0,0.0,0.0,0.0,2200.0
7347,line-43,0.0,0.0,0.0,0.0,0.0,2200.0
7348,line-43,0.0,0.0,0.0,0.0,0.0,2200.0
7349,line-43,1822.943020408163,0.0,1822.943020408163,0.0,0.0,2200.0
7350,line-43,3645.886040816327,1147.9477029914917,2497.938337824836,0.0,0.0,2200.0
7351,line-43,7291.772081632654,3365.612370088881,3926.159711543774,0.0,0.0,2200.0
7352,line-43,7291.772081632654,5353.916116102131,1937.855965530523,0.0,0.0,2200.0
7353,line-43,3645.886040816327,6977.35932656774,0.0,0.0,0.0,5364.899621463841
7354,line-43,3645.886040816327,8125.307029559234,0.0,0.0,0.0,9620.349560769602
7355,line-43,3645.886040816327,8719.528486191011,0.0,0.0,0.0,14440.30988387555
7356,line-43,3645.886040816327,8719.528486191011,0.0,0.0,0.0,19260.270206981502
7357,line-43,3645.886040816327,8125.307029559234,0.0,0.0,1595.4948908287006,22000.0
7358,line-43,3645.886040816327,6977.35932656774,0.0,0.0,3331.473285751413,22000.0
7359,line-43,7291.772081632654,5353.916116102134,0.0,0.0,0.0,19960.151615231032
7360,line-43,7291.772081632654,3365.612370088882,0.0,0.0,0.0,15827.35191886916
7361,line-43,3645.886040816327,1147.9477029914951,0.0,0.0,0.0,13197.943142211441
7362,line-43,3645.886040816327,0.0,0.0,0.0,0.0,9360.168362404786
7363,line-43,3645.886040816327,0.0,0.0,0.0,0.0,5522.393582598124
7364,line-43,3645.886040816327,0.0,489.612137348111,0.0,0.0,2200.0
7365,line-43,3645.886040816327,0.0,3645.886040816327,0.0,0.0,2200.0
7366,line-43,3645.886040816327,0.0,3645.886040816327,0.0,0.0,2200.0
7367,line-43,2734.4145306122496,0.0,2734.4145306122496,0.0,0.0,2200.0
7368,line-43,1822.9430204081634,0.0,1822.9430204081634,0.0,0.0,2200.0
7369,line-43,1822.9430204081634,0.0,1822.9430204081634,0.0,0.0,2200.0
7370,line-43,0.0,0.0,0.0,0.0,0.0,2200.0
7371,line-43,0.0,0.0,0.0,0.0,0.0,2200.0
7372,line-43,0.0,0.0,0.0,0.0,0.0,2200.0
7373,line-43,1822.943020408163,0.0,1822.943020408163,0.0,0.0,2200.0
7374,line-43,3645.886040816327,1143.6219000149192,2502.264140801407,0.0,0.0,2200.0
7375,line-43,7291.772081632654,3352.92975748329,3938.8423241493633,0.0,0.0,2200.0
7376,line-43,7291.772081632654,5333.740992957585,1958.0310886750694,0.0,0.0,2200.0
7377,line-43,3645.886040816327,6951.066594185571,0.0,0.0,0.0,5339.921525700782
7378,line-43,3645.886040816327,8094.688494200493,0.0,0.0,0.0,9566.283856415743
7379,line-43,3645.886040816327,8686.670750440873,0.0,0.0,0.0,14355.029330559062
7380,line-43,3645.886040816327,8686.670750440873,0.0,0.0,0.0,19143.774804702374
7381,line-43,3645.886040816327,8094.688494200493,0.0,0.0,1442.2496162287766,22000.0
7382,line-43,3645.886040816327,6951.066594185571,0.0,0.0,3305.180553369246,22000.0
7383,line-43,7291.772081632654,5333.740992957588,0.0,0.0,0.0,19938.914643499927
7384,line-43,7291.772081632654,3352.9297574832917,0.0,0.0,0.0,15792.764828605865
7385,line-43,3645.886040816327,1143.6219000149238,0.0,0.0,0.0,13158.802575130703
7386,line-43,3645.886040816327,0.0,0.0,0.0,0.0,9321.02779532404
7387,line-43,3645.886040816327,0.0,0.0,0.0,0.0,5483.253015517377
7388,line-43,3645.886040816327,0.0,526.7956760748175,0.0,0.0,2200.0
7389,line-43,3645.886040816327,0.0,3645.886040816327,0.0,0.0,2200.0
7390,line-43,3645.886040816327,0.0,3645.886040816327,0.0,0.0,2200.0
7391,line-43,2734.4145306122496,0.0,2734.4145306122496,0.0,0.0,2200.0
7392,line-43,1822.9430204081634,0.0,1822.9430204081634,0.0,0.0,2200.0
7393,line-43,1822.9430204081634,0.0,1822.9430204081634,0.0,0.0,2200.0
7394,line-43,0.0,0.0,0.0,0.0,0.0,2200.0
7395,line-43,0.0,0.0,0.0,0.0,0.0,2200.0
7396,line-43,0.0,0.0,0.0,0.0,0.0,2200.0
7397,line-43,1822.943020408163,0.0,1822.943020408163,0.0,0.0,2200.0
7398,line-43,3645.886040816327,1139.367146031184,2506.518894785144,0.0,0.0,2200.0
7399,line-43,7291.772081632654,3340.455449984761,3951.3166316478946,0.0,0.0,2200.0
7400,line-43,7291.772081632654,5313.897235385519,1977.8748462471358,0.0,0.0,2200.0
7401,line-43,3645.886040816327,6925.205705825146,0.0,0.0,0.0,5315.353681758377
7402,line-43,3645.886040816327,8064.572851856327,0.0,0.0,0.0,9513.106152246377
7403,line-43,3645.886040816327,8654.35268537028,0.0,0.0,0.0,14271.149464572632
7404,line-43,3645.886040816327,8654.35268537028,0.0,0.0,0.0,19029.192776898886
7405,line-43,3645.886040816327,8064.572851856328,0.0,0.0,1291.5213130388279,22000.0
7406,line-43,3645.886040816327,6925.205705825146,0.0,0.0,3279.3196650088175,22000.0
7407,line-43,7291.772081632654,5313.8972353855215,0.0,0.0,0.0,19918.026477634598
7408,line-43,7291.772081632654,3340.4554499847613,0.0,0.0,0.0,15758.745812742078
7409,line-43,3645.886040816327,1139.3671460311868,0.0,0.0,0.0,13120.30487086298
7410,line-43,3645.886040816327,0.0,0.0,0.0,0.0,9282.530091056324
7411,line-43,3645.886040816327,0.0,0.0,0.0,0.0,5444.755311249663
7412,line-43,3645.886040816327,0.0,563.3684951291494,0.0,0.0,2200.0
7413,line-43,3645.886040816327,0.0,3645.886040816327,0.0,0.0,2200.0
7414,line-43,3645.886040816327,0.0,3645.886040816327,0.0,0.0,2200.0
7415,line-43,2734.4145306122496,0.0,2734.4145306122496,0.0,0.0,2200.0
7416,line-43,1822.9430204081634,0.0,1822.9430204081634,0.0,0.0,2200.0
7417,line-43,1822.9430204081634,0.0,1822.9430204081634,0.0,0.0,2200.0
7418,line-43,0.0,0.0,0.0,0.0,0.0,2200.0
7419,line-43,0.0,0.0,0.0,0.0,0.0,2200.0
7420,line-43,0.0,0.0,0.0,0.0,0.0,2200.0
7421,line-43,1822.943020408163,0.0,1822.943020408163,0.0,0.0,2200.0
7422,line-43,3645.886040816327,1135.184701815714,2510.701339000613,0.0,0.0,2200.0
7423,line-43,7291.772081632654,3328.193143999823,3963.5789376328325,0.0,0.0,2200.0
7424,line-43,7291.772081632654,5294.390723519564,1997.3813581130912,0.0,0.0,2200.0
7425,line-43,3645.886040816327,6899.784324625806,0.0,0.0,0.0,5291.203369619005
7426,line-43,3645.886040816327,8034.9690264415185,0.0,0.0,0.0,9460.832205962935
7427,line-43,3645.886040816327,8622.583867519386,0.0,0.0,0.0,14188.695141330842
7428,line-43,3645.886040816327,8622.583867519386,0.0,0.0,0.0,18916.55807669875
7429,line-43,3645.886040816327,8034.9690264415185,0.0,0.0,1143.3546453080853,22000.0
7430,line-43,3645.886040816327,6899.784324625806,0.0,0.0,3253.898283809478,22000.0
7431,line-43,7291.772081632654,5294.390723519565,0.0,0.0,0.0,19897.49330724938
7432,line-43,7291.772081632654,3328.193143999823,0.0,0.0,0.0,15725.304951846396
7433,line-43,3645.886040816327,1135.1847018157177,0.0,0.0,0.0,13082.461437108914
7434,line-43,3645.886040816327,0.0,0.0,0.0,0.0,9244.686657302253
7435,line-43,3645.886040816327,0.0,0.0,0.0,0.0,5406.911877495591
7436,line-43,3645.886040816327,0.0,599.3197571955143,0.0,0.0,2200.0
7437,line-43,3645.886040816327,0.0,3645.886040816327,0.0,0.0,2200.0
7438,line-43,3645.886040816327,0.0,3645.886040816327,0.0,0.0,2200.0
7439,line-43,2734.4145306122496,0.0,2734.4145306122496,0.0,0.0,2200.0
7440,line-43,1822.9430204081634,0.0,1822.9430204081634,0.0,0.0,2200.0
7441,line-43,1822.9430204081634,0.0,1822.9430204081634,0.0,0.0,2200.0
7442,line-43,0.0,0.0,0.0,0.0,0.0,2200.0
7443,line-43,0.0,0.0,0.0,0.0,0.0,2200.0
7444,line-43,0.0,0.0,0.0,0.0,0.0,2200.0
7445,line-43,1822.943020408163,0.0,1822.943020408163,0.0,0.0,2200.0
7446,line-43,3645.886040816327,1131.0758067169972,2514.8102340993305,0.0,0.0,2200.0
7447,line-43,7291.772081632654,3316.146473114378,3975.6256085182767,0.0,0.0,2200.0
7448,line-43,7291.772081632654,5275.227237560172,2016.5448440724826,0.0,0.0,2200.0
7449,line-43,3645.886040816327,6874.809983491438,0.0,0.0,0.0,5267.477745541356
7450,line-43,3645.886040816327,8005.885790208437,0.0,0.0,0.0,9409.477507463855
7451,line-43,3645.886040816327,8591.37371067455,0.0,0.0,0.0,14107.690793829164
7452,line-43,3645.886040816327,8591.37371067455,0.0,0.0,0.0,18805.904080194476
7453,line-43,3645.886040816327,8005.885790208437,0.0,0.0,997.7935180178745,22000.0
7454,line-43,3645.886040816327,6874.809983491438,0.0,0.0,3228.9239426751114,22000.0
7455,line-43,7291.772081632654,5275.227237560174,0.0,0.0,0.0,19877.32121676581
7456,line-43,7291.772081632654,3316.146473114379,0.0,0.0,0.0,15692.452155167628
7457,line-43,3645.886040816327,1131.075806717001,0.0,0.0,0.0,13045.283487694649
7458,line-43,3645.886040816327,0.0,0.0,0.0,0.0,9207.50870788799
7459,line-43,3645.886040816327,0.0,0.0,0.0,0.0,5369.733928081326
7460,line-43,3645.886040816327,0.0,634.6388091390663,0.0,0.0,2200.0
7461,line-43,3645.886040816327,0.0,3645.886040816327,0.0,0.0,2200.0
7462,line-43,3645.886040816327,0.0,3645.886040816327,0.0,0.0,2200.0
7463,line-43,2734.4145306122496,0.0,2734.4145306122496,0.0,0.0,2200.0
7464,line-43,1822.9430204081634,0.0,1822.9430204081634,0.0,0.0,2200.0
7465,line-43,1822.9430204081634,0.0,1822.9430204081634,0.0,0.0,2200.0
7466,line-43,0.0,0.0,0.0,0.0,0.0,2200.0
7467,line-43,0.0,0.0,0.0,0.0,0.0,2200.0
7468,line-43,0.0,0.0,0.0,0.0,0.0,2200.0
7469,line-43,1822.943020408163,0.0,1822.943020408163,0.0,0.0,2200.0
7470,line-43,3645.886040816327,1127.0416782893276,2518.844362527,0.0,0.0,2200.0
7471,line-43,7291.772081632654,3304.3190070170017,3987.453074615654,0.0,0.0,2200.0
7472,line-43,7291.772081632654,5256.412456061815,2035.3596255708403,0.0,0.0,2200.0
7473,line-43,3645.886040816327,6850.290082858316,0.0,0.0,0.0,5244.183839939888
7474,line-43,3645.886040816327,7977.331761147641,0.0,0.0,0.0,9359.057274254637
7475,line-43,3645.886040816327,8560.731463078817,0.0,0.0,0.0,14028.160425404001
7476,line-43,3645.886040816327,8560.731463078817,0.0,0.0,0.0,18697.263576553367
7477,line-43,3645.886040816327,7977.331761147647,0.0,0.0,854.8810640717043,22000.0
7478,line-43,3645.886040816327,6850.290082858316,0.0,0.0,3204.404042041988,22000.0
7479,line-43,7291.772081632654,5256.4124560618175,0.0,0.0,0.0,19857.51618360964
7480,line-43,7291.772081632654,3304.319007017002,0.0,0.0,0.0,15660.197157698427
7481,line-43,3645.886040816327,1127.0416782893308,0.0,0.0,0.0,13008.78203924896
7482,line-43,3645.886040816327,0.0,0.0,0.0,0.0,9171.0072594423
7483,line-43,3645.886040816327,0.0,0.0,0.0,0.0,5333.23247963564
7484,line-43,3645.886040816327,0.0,669.3151851624698,0.0,0.0,2200.0
7485,line-43,3645.886040816327,0.0,3645.886040816327,0.0,0.0,2200.0
7486,line-43,3645.886040816327,0.0,3645.886040816327,0.0,0.0,2200.0
7487,line-43,2734.4145306122496,0.0,2734.4145306122496,0.0,0.0,2200.0
7488,line-43,1822.9430204081634,0.0,1822.9430204081634,0.0,0.0,2200.0
7489,line-43,1822.9430204081634,0.0,1822.9430204081634,0.0,0.0,2200.0
7490,line-43,0.0,0.0,0.0,0.0,0.0,2200.0
7491,line-43,0.0,0.0,0.0,0.0,0.0,2200.0
7492,line-43,0.0,0.0,0.0,0.0,0.0,2200.0
7493,line-43,1822.943020408163,0.0,1822.943020408163,0.0,0.0,2200.0
7494,line-43,3645.886040816327,1123.0835119320218,2522.8025288843055,0.0,0.0,2200.0
7495,line-43,7291.772081632654,3292.714250441157,3999.0578311914983,0.0,0.0,2200.0
7496,line-43,7291.772081632654,5237.951954250308,2053.820127382348,0.0,0.0,2200.0
7497,line-43,3645.886040816327,6826.231888502177,0.0,0.0,0.0,5221.3285553015585
7498,line-43,3645.886040816327,7949.3154004342005,0.0,0.0,0.0,9309.586446938538
7499,line-43,3645.886040816327,8530.666204691463,0.0,0.0,0.0,13950.127602619914
7500,line-43,3645.886040816327,8530.666204691463,0.0,0.0,0.0,18590.668758301283
7501,line-43,3645.886040816327,7949.315400434201,0.0,0.0,714.6596315139664,22000.0
7502,line-43,3645.886040816327,6826.231888502177,0.0,0.0,3180.34584768585,22000.0
7503,line-43,7291.772081632654,5237.9519542503085,0.0,0.0,0.0,19838.084076439638
7504,line-43,7291.772081632654,3292.7142504411577,0.0,0.0,0.0,15628.549517290692
7505,line-43,3645.886040816327,1123.0835119320254,0.0,0.0,0.0,12972.967907938793
7506,line-43,3645.886040816327,0.0,0.0,0.0,0.0,9135.193128132132
7507,line-43,3645.886040816327,0.0,0.0,0.0,0.0,5297.418348325471
7508,line-43,3645.886040816327,0.0,703.338609907129,0.0,0.0,2200.0
7509,line-43,3645.886040816327,0.0,3645.886040816327,0.0,0.0,2200.0
7510,line-43,3645.886040816327,0.0,3645.886040816327,0.0,0.0,2200.0
7511,line-43,2734.4145306122496,0.0,2734.4145306122496,0.0,0.0,2200.0
7512,line-43,1822.9430204081634,0.0,1822.9430204081634,0.0,0.0,2200.0
7513,line-43,1822.9430204081634,0.0,1822.9430204081634,0.0,0.0,2200.0
7514,line-43,0.0,0.0,0.0,0.0,0.0,2200.0
7515,line-43,0.0,0.0,0.0,0.0,0.0,2200.0
7516,line-43,0.0,0.0,0.0,0.0,0.0,2200.0
7517,line-43,1822.943020408163,0.0,1822.943020408163,0.0,0.0,2200.0
7518,line-43,3645.886040816327,1119.2024805351962,2526.683560281131,0.0,0.0,2200.0
7519,line-43,7291.772081632654,3281.335642126666,4010.4364395059897,0.0,0.0,2200.0
7520,line-43,7291.772081632654,5219.8512023707435,2071.9208792619115,0.0,0.0,2200.0
7521,line-43,3645.886040816327,6802.642529385228,0.0,0.0,0.0,5198.918664140455
7522,line-43,3645.886040816327,7921.845009920425,0.0,0.0,0.0,9261.079684789345
7523,line-43,3645.886040816327,8501.18684449741,0.0,0.0,0.0,13873.615448286375
7524,line-43,3645.886040816327,8501.18684449741,0.0,0.0,0.0,18486.15121178339
7525,line-43,3645.886040816327,7921.845009920426,0.0,0.0,577.1707709813578,22000.0
7526,line-43,3645.886040816327,6802.642529385228,0.0,0.0,3156.756488568899,22000.0
7527,line-43,7291.772081632654,5219.851202370745,0.0,0.0,0.0,19819.030653408518
7528,line-43,7291.772081632654,3281.335642126666,0.0,0.0,0.0,15597.518611823265
7529,line-43,3645.886040816327,1119.2024805351998,0.0,0.0,0.0,12937.851706264184
7530,line-43,3645.886040816327,0.0,0.0,0.0,0.0,9100.076926457525
7531,line-43,3645.886040816327,0.0,0.0,0.0,0.0,5262.302146650861
7532,line-43,3645.886040816327,0.0,736.6990014980081,0.0,0.0,2200.0
7533,line-43,3645.886040816327,0.0,3645.886040816327,0.0,0.0,2200.0
7534,line-43,3645.886040816327,0.0,3645.886040816327,0.0,0.0,2200.0
7535,line-43,2734.4145306122496,0.0,2734.4145306122496,0.0,0.0,2200.0
7536,line-43,1822.9430204081634,0.0,1822.9430204081634,0.0,0.0,2200.0
7537,line-43,1822.9430204081634,0.0,1822.9430204081634,0.0,0.0,2200.0
7538,line-43,0.0,0.0,0.0,0.0,0.0,2200.0
7539,line-43,0.0,0.0,0.0,0.0,0.0,2200.0
7540,line-43,0.0,0.0,0.0,0.0,0.0,2200.0
7541,line-43,1822.943020408163,0.0,1822.943020408163,0.0,0.0,2200.0
7542,line-43,3645.886040816327,1115.3997341322133,2530.4863066841135,0.0,0.0,2200.0
7543,line-43,7291.772081632654,3270.1865538007437,4021.585527831912,0.0,0.0,2200.0
7544,line-43,7291.772081632654,5202.115564066555,2089.6565175661,0.0,0.0,2200.0
7545,line-43,3645.886040816327,6779.528995543674,0.0,0.0,0.0,5176.960806990978
7546,line-43,3645.886040816327,7894.928729675888,0.0,0.0,0.0,9213.551361407559
7547,line-43,3645.886040816327,8472.302117867295,0.0,0.0,0.0,13798.646634605986
7548,line-43,3645.886040816327,8472.302117867295,0.0,0.0,0.0,18383.741907804404
7549,line-43,3645.886040816327,7894.9287296758885,0.0,0.0,442.45522339051314,22000.0
7550,line-43,3645.886040816327,6779.528995543674,0.0,0.0,3133.642954727347,22000.0
7551,line-43,7291.772081632654,5202.115564066557,0.0,0.0,0.0,19800.36156045674
7552,line-43,7291.772081632654,3270.186553800744,0.0,0.0,0.0,15567.113636423144
7553,line-43,3645.886040816327,1115.399734132217,0.0,0.0,0.0,12903.443839913556
7554,line-43,3645.886040816327,0.0,0.0,0.0,0.0,9065.6690601069
7555,line-43,3645.886040816327,0.0,0.0,0.0,0.0,5227.894280300239
7556,line-43,3645.886040816327,0.0,769.3864745311018,0.0,0.0,2200.0
7557,line-43,3645.886040816327,0.0,3645.886040816327,0.0,0.0,2200.0
7558,line-43,3645.886040816327,0.0,3645.886040816327,0.0,0.0,2200.0
7559,line-43,2734.4145306122496,0.0,2734.4145306122496,0.0,0.0,2200.0
7560,line-43,1822.9430204081634,0.0,1822.9430204081634,0.0,0.0,2200.0
7561,line-43,1822.9430204081634,0.0,1822.9430204081634,0.0,0.0,2200.0
7562,line-43,0.0,0.0,0.0,0.0,0.0,2200.0
7563,line-43,0.0,0.0,0.0,0.0,0.0,2200.0
7564,line-43,0.0,0.0,0.0,0.0,0.0,2200.0
7565,line-43,1822.943020408163,0.0,1822.943020408163,0.0,0.0,2200.0
7566,line-43,3645.886040816327,1111.6763995589008,2534.2096412574265,0.0,0.0,2200.0
7567,line-43,7291.772081632654,3259.2702891788776,4032.501792453778,0.0,0.0,2200.0
7568,line-43,7291.772081632654,5184.750294790135,2107.02178684252,0.0,0.0,2200.0
7569,line-43,3645.886040816327,6756.898136016423,0.0,0.0,0.0,5155.461490440092
7570,line-43,3645.886040816327,7868.574535575325,0.0,0.0,0.0,9167.015560461141
7571,line-43,3645.886040816327,8444.020583969013,0.0,0.0,0.0,13725.243376456192
7572,line-43,3645.886040816327,8444.020583969013,0.0,0.0,0.0,18283.471192451245
7573,line-43,3645.886040816327,7868.574535575326,0.0,0.0,310.55290786556907,22000.0
7574,line-43,3645.886040816327,6756.898136016423,0.0,0.0,3111.0120952000966,22000.0
7575,line-43,7291.772081632654,5184.750294790138,0.0,0.0,0.0,19782.082329639452
7576,line-43,7291.772081632654,3259.270289178878,0.0,0.0,0.0,15537.34360074074
7577,line-43,3645.886040816327,1111.6763995589047,0.0,0.0,0.0,12869.754504680297
7578,line-43,3645.886040816327,0.0,0.0,0.0,0.0,9031.979724873638
7579,line-43,3645.886040816327,0.0,0.0,0.0,0.0,5194.204945066974
7580,line-43,3645.886040816327,0.0,801.3913430027008,0.0,0.0,2200.0
7581,line-43,3645.886040816327,0.0,3645.886040816327,0.0,0.0,2200.0
7582,line-43,3645.886040816327,0.0,3645.886040816327,0.0,0.0,2200.0
7583,line-43,2734.4145306122496,0.0,2734.4145306122496,0.0,0.0,2200.0
7584,line-43,1822.9430204081634,0.0,1822.9430204081634,0.0,0.0,2200.0
7585,line-43,1822.9430204081634,0.0,1822.9430204081634,0.0,0.0,2200.0
7586,line-43,0.0,0.0,0.0,0.0,0.0,2200.0
7587,line-43,0.0,0.0,0.0,0.0,0.0,2200.0
7588,line-43,0.0,0.0,0.0,0.0,0.0,2200.0
7589,line-43,1822.943020408163,0.0,1822.943020408163,0.0,0.0,2200.0
7590,line-43,3645.886040816327,1108.0335801196513,2537.852460696677,0.0,0.0,2200.0
7591,line-43,7291.772081632654,3248.5900829858692,4043.181998646784,0.0,0.0,2200.0
7592,line-43,7291.772081632654,5167.760540245547,2124.0115413871076,0.0,0.0,2200.0
7593,line-43,3645.886040816327,6734.756656815574,0.0,0.0,0.0,5134.427085199283
7594,line-43,3645.886040816327,7842.790236935225,0.0,0.0,0.0,9121.486071512236
7595,line-43,3645.886040816327,8416.350623231412,0.0,0.0,0.0,13653.427424806567
7596,line-43,3645.886040816327,8416.350623231412,0.0,0.0,0.0,18185.368778100903
7597,line-43,3645.886040816327,7842.790236935225,0.0,0.0,181.50290990932126,22000.0
7598,line-43,3645.886040816327,6734.756656815574,0.0,0.0,3088.870615999246,22000.0
7599,line-43,7291.772081632654,5167.760540245548,0.0,0.0,0.0,19764.198377487253
7600,line-43,7291.772081632654,3248.590082985871,0.0,0.0,0.0,15508.217326280115
7601,line-43,3645.886040816327,1108.0335801196552,0.0,0.0,0.0,12836.793683441512
7602,line-43,3645.886040816327,0.0,0.0,0.0,0.0,8999.018903634847
7603,line-43,3645.886040816327,0.0,0.0,0.0,0.0,5161.24412382819
7604,line-43,3645.886040816327,0.0,832.7041231795482,0.0,0.0,2200.0
7605,line-43,3645.886040816327,0.0,3645.886040816327,0.0,0.0,2200.0
7606,line-43,3645.886040816327,0.0,3645.886040816327,0.0,0.0,2200.0
7607,line-43,2734.4145306122496,0.0,2734.4145306122496,0.0,0.0,2200.0
7608,line-43,1822.9430204081634,0.0,1822.9430204081634,0.0,0.0,2200.0
7609,line-43,1822.9430204081634,0.0,1822.9430204081634,0.0,0.0,2200.0
7610,line-43,0.0,0.0,0.0,0.0,0.0,2200.0
7611,line-43,0.0,0.0,0.0,0.0,0.0,2200.0
7612,line-43,0.0,0.0,0.0,0.0,0.0,2200.0
7613,line-43,1822.943020408163,0.0,1822.943020408163,0.0,0.0,2200.0
7614,line-43,3645.886040816327,1104.472355260481,2541.4136855558463,0.0,0.0,2200.0
7615,line-43,7291.772081632654,3238.14909999731,4053.6229816353457,0.0,0.0,2200.0
7616,line-43,7291.772081632654,5151.1513348637245,2140.62074676893,0.0,0.0,2200.0
7617,line-43,3645.886040816327,6713.111118939251,0.0,0.0,0.0,5113.863824216781
7618,line-43,3645.886040816327,7817.583474199734,0.0,0.0,0.0,9076.976385931015
7619,line-43,3645.886040816327,8389.300434861034,0.0,0.0,0.0,13583.220060273485
7620,line-43,3645.886040816327,8389.300434861034,0.0,0.0,0.0,18089.46373461596
7621,line-43,3645.886040816327,7817.583474199735,0.0,0.0,55.34346982125521,22000.0
7622,line-43,3645.886040816327,6713.111118939251,0.0,0.0,3067.2250781229254,22000.0
7623,line-43,7291.772081632654,5151.151334863726,0.0,0.0,0.0,19746.71500340113
7624,line-43,7291.772081632654,3238.1490999973103,0.0,0.0,0.0,15479.743443784973
7625,line-43,3645.886040816327,1104.4723552604844,0.0,0.0,0.0,12804.571143199879
7626,line-43,3645.886040816327,0.0,0.0,0.0,0.0,8966.796363393218
7627,line-43,3645.886040816327,0.0,0.0,0.0,0.0,5129.021583586556
7628,line-43,3645.886040816327,0.0,863.3155364090984,0.0,0.0,2200.0
7629,line-43,3645.886040816327,0.0,3645.886040816327,0.0,0.0,2200.0
7630,line-43,3645.886040816327,0.0,3645.886040816327,0.0,0.0,2200.0
7631,line-43,2734.4145306122496,0.0,2734.4145306122496,0.0,0.0,2200.0
7632,line-43,1822.9430204081634,0.0,1822.9430204081634,0.0,0.0,2200.0
7633,line-43,1822.9430204081634,0.0,1822.9430204081634,0.0,0.0,2200.0
7634,line-43,0.0,0.0,0.0,0.0,0.0,2200.0
7635,line-43,0.0,0.0,0.0,0.0,0.0,2200.0
7636,line-43,0.0,0.0,0.0,0.0,0.0,2200.0
7637,line-43,1822.943020408163,0.0,1822.943020408163,0.0,0.0,2200.0
7638,line-43,3645.886040816327,1100.9937802491745,2544.8922605671532,0.0,0.0,2200.0
7639,line-43,7291.772081632654,3227.9504341017932,4063.8216475308623,0.0,0.0,2200.0
7640,line-43,7291.772081632654,5134.927600310687,2156.8444813219676,0.0,0.0,2200.0
7641,line-43,3645.886040816327,6691.967936427491,0.0,0.0,0.0,5093.777800830608
7642,line-43,3645.886040816327,7792.961716676667,0.0,0.0,0.0,9033.499692897929
7643,line-43,3645.886040816327,8362.878034412477,0.0,0.0,0.0,13514.642086814269
7644,line-43,3645.886040816327,8362.878034412477,0.0,0.0,0.0,17995.784480730614
7645,line-43,3645.886040816327,7792.9617166766675,0.0,0.0,0.0,21935.50637279794
7646,line-43,3645.886040816327,6691.967936427491,0.0,0.0,2978.193866977417,22000.0
7647,line-43,7291.772081632654,5134.927600310689,0.0,0.0,0.0,19729.637388082145
7648,line-43,7291.772081632654,3227.9504341017937,0.0,0.0,0.0,15451.930390681235
7649,line-43,3645.886040816327,1100.9937802491781,0.0,0.0,0.0,12773.096432189497
7650,line-43,3645.886040816327,0.0,0.0,0.0,0.0,8935.321652382841
7651,line-43,3645.886040816327,0.0,0.0,0.0,0.0,5097.54687257618
7652,line-43,3645.886040816327,0.0,893.2165118689579,0.0,0.0,2200.0
7653,line-43,3645.886040816327,0.0,3645.886040816327,0.0,0.0,2200.0
7654,line-43,3645.886040816327,0.0,3645.886040816327,0.0,0.0,2200.0
7655,line-43,2734.4145306122496,0.0,2734.4145306122496,0.0,0.0,2200.0
7656,line-43,1822.9430204081634,0.0,1822.9430204081634,0.0,0.0,2200.0
7657,line-43,1822.9430204081634,0.0,1822.9430204081634,0.0,0.0,2200.0
7658,line-43,0.0,0.0,0.0,0.0,0.0,2200.0
7659,line-43,0.0,0.0,0.0,0.0,0.0,2200.0
7660,line-43,0.0,0.0,0.0,0.0,0.0,2200.0
7661,line-43,1822.943020408163,0.0,1822.943020408163,0.0,0.0,2200.0
7662,line-43,3645.886040816327,1097.5988858625806,2548.2871549537467,0.0,0.0,2200.0
7663,line-43,7291.772081632654,3217.99710738413,4073.7749742485253,0.0,0.0,2200.0
7664,line-43,7291.772081632654,5119.094144029112,2172.677937603542,0.0,0.0,2200.0
7665,line-43,3645.886040816327,6671.333374461572,0.0,0.0,0.0,5074.1749669629835
7666,line-43,3645.886040816327,7768.932260324153,0.0,0.0,0.0,8991.068875495419
7667,line-43,3645.886040816327,8337.091251413241,0.0,0.0,0.0,13447.713825562489
7668,line-43,3645.886040816327,8337.091251413241,0.0,0.0,0.0,17904.358775629556
7669,line-43,3645.886040816327,7768.932260324153,0.0,0.0,0.0,21821.252684161984
7670,line-43,3645.886040816327,6671.333374461572,0.0,0.0,2837.2922643420784,22000.0
7671,line-43,7291.772081632654,5119.094144029115,0.0,0.0,0.0,19712.970591996273
7672,line-43,7291.772081632654,3217.9971073841307,0.0,0.0,0.0,15424.78640857677
7673,line-43,3645.886040816327,1097.5988858625844,0.0,0.0,0.0,12742.378877046518
7674,line-43,3645.886040816327,0.0,0.0,0.0,0.0,8904.604097239857
7675,line-43,3645.886040816327,0.0,0.0,0.0,0.0,5066.829317433195
7676,line-43,3645.886040816327,0.0,922.3981892547912,0.0,0.0,2200.0
7677,line-43,3645.886040816327,0.0,3645.886040816327,0.0,0.0,2200.0
7678,line-43,3645.886040816327,0.0,3645.886040816327,0.0,0.0,2200.0
7679,line-43,2734.4145306122496,0.0,2734.4145306122496,0.0,0.0,2200.0
7680,line-43,1822.9430204081634,0.0,1822.9430204081634,0.0,0.0,2200.0
7681,line-43,1822.9430204081634,0.0,1822.9430204081634,0.0,0.0,2200.0
7682,line-43,0.0,0.0,0.0,0.0,0.0,2200.0
7683,line-43,0.0,0.0,0.0,0.0,0.0,2200.0
7684,line-43,0.0,0.0,0.0,0.0,0.0,2200.0
7685,line-43,1822.943020408163,0.0,1822.943020408163,0.0,0.0,2200.0
7686,line-43,3645.886040816327,1094.2886780811746,2551.597362735152,0.0,0.0,2200.0
7687,line-43,7291.772081632654,3208.292069229837,4083.480012402816,0.0,0.0,2200.0
7688,line-43,7291.772081632654,5103.655657813815,2188.116423818839,0.0,0.0,2200.0
7689,line-43,3645.886040816327,6651.213547507541,0.0,0.0,0.0,5055.061131356652
7690,line-43,3645.886040816327,7745.5022255887125,0.0,0.0,0.0,8949.696506890417
7691,line-43,3645.886040816327,8311.947727043653,0.0,0.0,0.0,13382.455108806374
7692,line-43,3645.886040816327,8311.947727043653,0.0,0.0,0.0,17815.213710722335
7693,line-43,3645.886040816327,7745.5022255887125,0.0,0.0,0.0,21709.84908625611
7694,line-43,3645.886040816327,6651.213547507541,0.0,0.0,2699.905492223951,22000.0
7695,line-43,7291.772081632654,5103.655657813818,0.0,0.0,0.0,19696.71955387491
7696,line-43,7291.772081632654,3208.292069229838,0.0,0.0,0.0,15398.319540819315
7697,line-43,3645.886040816327,1094.288678081178,0.0,0.0,0.0,12712.427580045469
7698,line-43,3645.886040816327,0.0,0.0,0.0,0.0,8874.652800238813
7699,line-43,3645.886040816327,0.0,0.0,0.0,0.0,5036.878020432152
7700,line-43,3645.886040816327,0.0,950.8519214057849,0.0,0.0,2200.0
7701,line-43,3645.886040816327,0.0,3645.886040816327,0.0,0.0,2200.0
7702,line-43,3645.886040816327,0.0,3645.886040816327,0.0,0.0,2200.0
7703,line-43,2734.4145306122496,0.0,2734.4145306122496,0.0,0.0,2200.0
7704,line-43,1822.9430204081634,0.0,1822.9430204081634,0.0,0.0,2200.0
7705,line-43,1822.9430204081634,0.0,1822.9430204081634,0.0,0.0,2200.0
7706,line-43,0.0,0.0,0.0,0.0,0.0,2200.0
7707,line-43,0.0,0.0,0.0,0.0,0.0,2200.0
7708,line-43,0.0,0.0,0.0,0.0,0.0,2200.0
7709,line-43,1822.943020408163,0.0,1822.943020408163,0.0,0.0,2200.0
7710,line-43,3645.886040816327,1091.0641377909617,2554.821903025366,0.0,0.0,2200.0
7711,line-43,7291.772081632654,3198.8381954511724,4092.933886181483,0.0,0.0,2200.0
7712,line-43,7291.772081632654,5088.616716421449,2203.155365211205,0.0,0.0,2200.0
7713,line-43,3645.886040816327,6631.6144175043355,0.0,0.0,0.0,5036.441957853608
7714,line-43,3645.886040816327,7722.678555295296,0.0,0.0,0.0,8909.394846608626
7715,line-43,3645.886040816327,8287.454911872619,0.0,0.0,0.0,13318.885274112103
7716,line-43,3645.886040816327,8287.454911872619,0.0,0.0,0.0,17728.375701615576
7717,line-43,3645.886040816327,7722.678555295297,0.0,0.0,0.0,21601.328590370606
7718,line-43,3645.886040816327,6631.6144175043355,0.0,0.0,2566.074261288639,22000.0
7719,line-43,7291.772081632654,5088.616716421452,0.0,0.0,0.0,19680.889089251363
7720,line-43,7291.772081632654,3198.838195451173,0.0,0.0,0.0,15372.537630112962
7721,line-43,3645.886040816327,1091.0641377909653,0.0,0.0,0.0,12683.251416402054
7722,line-43,3645.886040816327,0.0,0.0,0.0,0.0,8845.476636595393
7723,line-43,3645.886040816327,0.0,0.0,0.0,0.0,5007.701856788731
7724,line-43,3645.886040816327,0.0,978.5692768670315,0.0,0.0,2200.0
7725,line-43,3645.886040816327,0.0,3645.886040816327,0.0,0.0,2200.0
7726,line-43,3645.886040816327,0.0,3645.886040816327,0.0,0.0,2200.0
7727,line-43,2734.4145306122496,0.0,2734.4145306122496,0.0,0.0,2200.0
7728,line-43,1822.9430204081634,0.0,1822.9430204081634,0.0,0.0,2200.0
7729,line-43,1822.9430204081634,0.0,1822.9430204081634,0.0,0.0,2200.0
7730,line-43,0.0,0.0,0.0,0.0,0.0,2200.0
7731,line-43,0.0,0.0,0.0,0.0,0.0,2200.0
7732,line-43,0.0,0.0,0.0,0.0,0.0,2200.0
7733,line-43,1822.943020408163,0.0,1822.943020408163,0.0,0.0,2200.0
7734,line-43,3645.886040816327,1087.9262204928218,2557.9598203235046,0.0,0.0,2200.0
7735,line-43,7291.772081632654,3189.638287434966,4102.133794197687,0.0,0.0,2200.0
7736,line-43,7291.772081632654,5073.981776214916,2217.790305417739,0.0,0.0,2200.0
7737,line-43,3645.886040816327,6612.541792097169,0.0,0.0,0.0,5018.322963716797
7738,line-43,3645.886040816327,7700.46801258999,0.0,0.0,0.0,8870.175836901777
7739,line-43,3645.886040816327,8263.620063649882,0.0,0.0,0.0,13257.02315859365
7740,line-43,3645.886040816327,8263.620063649882,0.0,0.0,0.0,17643.870480285525
7741,line-43,3645.886040816327,7700.468012589991,0.0,0.0,0.0,21495.72335347051
7742,line-43,3645.886040816327,6612.541792097169,0.0,0.0,2435.8382286182164,22000.0
7743,line-43,7291.772081632654,5073.981776214918,0.0,0.0,0.0,19665.48388903396
7744,line-43,7291.772081632654,3189.6382874349665,0.0,0.0,0.0,15347.448316194288
7745,line-43,3645.886040816327,1087.9262204928255,0.0,0.0,0.0,12654.859031643235
7746,line-43,3645.886040816327,0.0,0.0,0.0,0.0,8817.084251836573
7747,line-43,3645.886040816327,0.0,0.0,0.0,0.0,4979.309472029911
7748,line-43,3645.886040816327,0.0,1005.54204238791,0.0,0.0,2200.0
7749,line-43,3645.886040816327,0.0,3645.886040816327,0.0,0.0,2200.0
7750,line-43,3645.886040816327,0.0,3645.886040816327,0.0,0.0,2200.0
7751,line-43,2734.4145306122496,0.0,2734.4145306122496,0.0,0.0,2200.0
7752,line-43,1822.9430204081634,0.0,1822.9430204081634,0.0,0.0,2200.0
7753,line-43,1822.9430204081634,0.0,1822.9430204081634,0.0,0.0,2200.0
7754,line-43,0.0,0.0,0.0,0.0,0.0,2200.0
7755,line-43,0.0,0.0,0.0,0.0,0.0,2200.0
7756,line-43,0.0,0.0,0.0,0.0,0.0,2200.0
7757,line-43,1822.943020408163,0.0,1822.943020408163,0.0,0.0,2200.0
7758,line-43,3645.886040816327,1084.875856019372,2561.010184796955,0.0,0.0,2200.0
7759,line-43,7291.772081632654,3180.6950713125157,4111.077010320139,0.0,0.0,2200.0
7760,line-43,7291.772081632654,5059.755173842847,2232.0169077898076,0.0,0.0,2200.0
7761,line-43,3645.886040816327,6594.001322916563,0.0,0.0,0.0,5000.709517995222
7762,line-43,3645.886040816327,7678.877178935937,0.0,0.0,0.0,8832.051099208851
7763,line-43,3645.886040816327,8240.45024515536,0.0,0.0,0.0,13196.88709333093
7764,line-43,3645.886040816327,8240.45024515536,0.0,0.0,0.0,17561.723087453014
7765,line-43,3645.886040816327,7678.877178935937,0.0,0.0,0.0,21393.06466866664
7766,line-43,3645.886040816327,6594.001322916563,0.0,0.0,2309.23598595986,22000.0
7767,line-43,7291.772081632654,5059.755173842848,0.0,0.0,0.0,19650.508518115996
7768,line-43,7291.772081632654,3180.695071312516,0.0,0.0,0.0,15323.059033568477
7769,line-43,3645.886040816327,1084.875856019375,0.0,0.0,0.0,12627.258839045373
7770,line-43,3645.886040816327,0.0,0.0,0.0,0.0,8789.484059238712
7771,line-43,3645.886040816327,0.0,0.0,0.0,0.0,4951.709279432052
7772,line-43,3645.886040816327,0.0,1031.7622253558784,0.0,0.0,2200.0
7773,line-43,3645.886040816327,0.0,3645.886040816327,0.0,0.0,2200.0
7774,line-43,3645.886040816327,0.0,3645.886040816327,0.0,0.0,2200.0
7775,line-43,2734.4145306122496,0.0,2734.4145306122496,0.0,0.0,2200.0
7776,line-43,1822.9430204081634,0.0,1822.9430204081634,0.0,0.0,2200.0
7777,line-43,1822.9430204081634,0.0,1822.9430204081634,0.0,0.0,2200.0
7778,line-43,0.0,0.0,0.0,0.0,0.0,2200.0
7779,line-43,0.0,0.0,0.0,0.0,0.0,2200.0
7780,line-43,0.0,0.0,0.0,0.0,0.0,2200.0
7781,line-43,1822.943020408163,0.0,1822.943020408163,0.0,0.0,2200.0
7782,line-43,3645.886040816327,1081.913948259437,2563.9720925568895,0.0,0.0,2200.0
7783,line-43,7291.772081632654,3172.0111971517686,4119.7608844808865,0.0,0.0,2200.0
7784,line-43,7291.772081632654,5045.941124954559,2245.830956678096,0.0,0.0,2200.0
7785,line-43,3645.886040816327,6575.9985039036765,0.0,0.0,0.0,4983.606839932983
7786,line-43,3645.886040816327,7657.912452163113,0.0,0.0,0.0,8795.031930712432
7787,line-43,3645.886040816327,8217.952322106326,0.0,0.0,0.0,13138.494897937926
7788,line-43,3645.886040816327,8217.952322106326,0.0,0.0,0.0,17481.957865163426
7789,line-43,3645.886040816327,7657.912452163117,0.0,0.0,0.0,21293.382955942878
7790,line-43,3645.886040816327,6575.9985039036765,0.0,0.0,2186.305048290378,22000.0
7791,line-43,7291.772081632654,5045.94112495456,0.0,0.0,0.0,19635.967414023056
7792,line-43,7291.772081632654,3172.0111971517686,0.0,0.0,0.0,15299.377009306334
7793,line-43,3645.886040816327,1081.9139482594405,0.0,0.0,0.0,12600.459017141187
7794,line-43,3645.886040816327,0.0,0.0,0.0,0.0,8762.684237334532
7795,line-43,3645.886040816327,0.0,0.0,0.0,0.0,4924.9094575278705
7796,line-43,3645.886040816327,0.0,1057.222056164852,0.0,0.0,2200.0
7797,line-43,3645.886040816327,0.0,3645.886040816327,0.0,0.0,2200.0
7798,line-43,3645.886040816327,0.0,3645.886040816327,0.0,0.0,2200.0
7799,line-43,2734.4145306122496,0.0,2734.4145306122496,0.0,0.0,2200.0
7800,line-43,1822.9430204081634,0.0,1822.9430204081634,0.0,0.0,2200.0
7801,line-43,1822.9430204081634,0.0,1822.9430204081634,0.0,0.0,2200.0
7802,line-43,0.0,0.0,0.0,0.0,0.0,2200.0
7803,line-43,0.0,0.0,0.0,0.0,0.0,2200.0
7804,line-43,0.0,0.0,0.0,0.0,0.0,2200.0
7805,line-43,1822.943020408163,0.0,1822.943020408163,0.0,0.0,2200.0
7806,line-43,3645.886040816327,1079.0413748902106,2566.8446659261167,0.0,0.0,2200.0
7807,line-43,7291.772081632654,3163.589238172049,4128.182843460606,0.0,0.0,2200.0
7808,line-43,7291.772081632654,5032.54372295087,2259.228358681785,0.0,0.0,2200.0
7809,line-43,3645.886040816327,6558.538669682316,0.0,0.0,0.0,4967.019997422689
7810,line-43,3645.886040816327,7637.580044572529,0.0,0.0,0.0,8759.12930099108
7811,line-43,3645.886040816327,8196.132961122918,0.0,0.0,0.0,13081.863875282343
7812,line-43,3645.886040816327,8196.132961122918,0.0,0.0,0.0,17404.5984495736
7813,line-43,3645.886040816327,7637.580044572529,0.0,0.0,0.0,21196.70775314199
7814,line-43,3645.886040816327,6558.538669682316,0.0,0.0,2067.0818426996625,22000.0
7815,line-43,7291.772081632654,5032.5437229508725,0.0,0.0,0.0,19621.864885598123
7816,line-43,7291.772081632654,3163.589238172049,0.0,0.0,0.0,15276.409260902747
7817,line-43,3645.886040816327,1079.041374890214,0.0,0.0,0.0,12574.467507296311
7818,line-43,3645.886040816327,0.0,0.0,0.0,0.0,8736.692727489653
7819,line-43,3645.886040816327,0.0,0.0,0.0,0.0,4898.91794768299
7820,line-43,3645.886040816327,0.0,1081.9139905174852,0.0,0.0,2200.0
7821,line-43,3645.886040816327,0.0,3645.886040816327,0.0,0.0,2200.0
7822,line-43,3645.886040816327,0.0,3645.886040816327,0.0,0.0,2200.0
7823,line-43,2734.4145306122496,0.0,2734.4145306122496,0.0,0.0,2200.0
7824,line-43,1822.9430204081634,0.0,1822.9430204081634,0.0,0.0,2200.0
7825,line-43,1822.9430204081634,0.0,1822.9430204081634,0.0,0.0,2200.0
7826,line-43,0.0,0.0,0.0,0.0,0.0,2200.0
7827,line-43,0.0,0.0,0.0,0.0,0.0,2200.0
7828,line-43,0.0,0.0,0.0,0.0,0.0,2200.0
7829,line-43,1822.943020408163,0.0,1822.943020408163,0.0,0.0,2200.0
7830,line-43,3645.886040816327,1076.2589871171767,2569.6270536991515,0.0,0.0,2200.0
7831,line-43,7291.772081632654,3155.431689981565,4136.340391651089,0.0,0.0,2200.0
7832,line-43,7291.772081632654,5019.566937771133,2272.2051438615194,0.0,0.0,2200.0
7833,line-43,3645.886040816327,6541.626993978177,0.0,0.0,0.0,4950.953905503756
7834,line-43,3645.886040816327,7617.885981095351,0.0,0.0,0.0,8724.353848768827
7835,line-43,3645.886040816327,8174.998627752697,0.0,0.0,0.0,13027.01080635838
7836,line-43,3645.886040816327,8174.998627752697,0.0,0.0,0.0,17329.66776394793
7837,line-43,3645.886040816327,7617.885981095351,0.0,0.0,0.0,21103.067707213002
7838,line-43,3645.886040816327,6541.626993978177,0.0,0.0,1951.6016975965908,22000.0
7839,line-43,7291.772081632654,5019.566937771136,0.0,0.0,0.0,19608.205111724717
7840,line-43,7291.772081632654,3155.4316899815676,0.0,0.0,0.0,15254.162594197252
7841,line-43,3645.886040816327,1076.25898711718,0.0,0.0,0.0,12549.292011356049
7842,line-43,3645.886040816327,0.0,0.0,0.0,0.0,8711.517231549387
7843,line-43,3645.886040816327,0.0,0.0,0.0,0.0,4873.742451742726
7844,line-43,3645.886040816327,0.0,1105.8307116607377,0.0,0.0,2200.0
7845,line-43,3645.886040816327,0.0,3645.886040816327,0.0,0.0,2200.0
7846,line-43,3645.886040816327,0.0,3645.886040816327,0.0,0.0,2200.0
7847,line-43,2734.4145306122496,0.0,2734.4145306122496,0.0,0.0,2200.0
7848,line-43,1822.9430204081634,0.0,1822.9430204081634,0.0,0.0,2200.0
7849,line-43,1822.9430204081634,0.0,1822.9430204081634,0.0,0.0,2200.0
7850,line-43,0.0,0.0,0.0,0.0,0.0,2200.0
7851,line-43,0.0,0.0,0.0,0.0,0.0,2200.0
7852,line-43,0.0,0.0,0.0,0.0,0.0,2200.0
7853,line-43,1822.943020408163,0.0,1822.943020408163,0.0,0.0,2200.0
7854,line-43,3645.886040816327,1073.5676094218813,2572.3184313944457,0.0,0.0,2200.0
7855,line-43,7291.772081632654,3147.540969837902,4144.231111794753,0.0,0.0,2200.0
7856,line-43,7291.772081632654,5007.0146147168625,2284.757466915793,0.0,0.0,2200.0
7857,line-43,3645.886040816327,6525.268488085748,0.0,0.0,0.0,4935.413324905946
7858,line-43,3645.886040816327,7598.836097507626,0.0,0.0,0.0,8690.715878762683
7859,line-43,3645.886040816327,8154.5555845547615,0.0,0.0,0.0,12973.951945314197
7860,line-43,3645.886040816327,8154.5555845547615,0.0,0.0,0.0,17257.188011865706
7861,line-43,3645.886040816327,7598.83609750763,0.0,0.0,0.0,21012.490565722448
7862,line-43,3645.886040816327,6525.268488085748,0.0,0.0,1839.8988322404157,22000.0
7863,line-43,7291.772081632654,5007.0146147168625,0.0,0.0,0.0,19594.992140088638
7864,line-43,7291.772081632654,3147.5409698379026,0.0,0.0,0.0,15232.643601357322
7865,line-43,3645.886040816327,1073.5676094218843,0.0,0.0,0.0,12524.939989363174
7866,line-43,3645.886040816327,0.0,0.0,0.0,0.0,8687.165209556511
7867,line-43,3645.886040816327,0.0,0.0,0.0,0.0,4849.390429749851
7868,line-43,3645.886040816327,0.0,1128.9651325539705,0.0,0.0,2200.0
7869,line-43,3645.886040816327,0.0,3645.886040816327,0.0,0.0,2200.0
7870,line-43,3645.886040816327,0.0,3645.886040816327,0.0,0.0,2200.0
7871,line-43,2734.4145306122496,0.0,2734.4145306122496,0.0,0.0,2200.0
7872,line-43,1822.9430204081634,0.0,1822.9430204081634,0.0,0.0,2200.0
7873,line-43,1822.9430204081634,0.0,1822.9430204081634,0.0,0.0,2200.0
7874,line-43,0.0,0.0,0.0,0.0,0.0,2200.0
7875,line-43,0.0,0.0,0.0,0.0,0.0,2200.0
7876,line-43,0.0,0.0,0.0,0.0,0.0,2200.0
7877,line-43,1822.943020408163,0.0,1822.943020408163,0.0,0.0,2200.0
7878,line-43,3645.886040816327,1070.9680393176202,2574.918001498707,0.0,0.0,2200.0
7879,line-43,7291.772081632654,3139.919415931732,4151.852665700922,0.0,0.0,2200.0
7880,line-43,7291.772081632654,4994.890473312272,2296.8816083203824,0.0,0.0,2200.0
7881,line-43,3645.886040816327,6509.467999383372,0.0,0.0,0.0,4920.402860638693
7882,line-43,3645.886040816327,7580.436038700992,0.0,0.0,0.0,8658.225358629126
7883,line-43,3645.886040816327,8134.809889244001,0.0,0.0,0.0,12922.703014635417
7884,line-43,3645.886040816327,8134.809889244001,0.0,0.0,0.0,17187.18067064171
7885,line-43,3645.886040816327,7580.436038700993,0.0,0.0,0.0,20925.003168632145
7886,line-43,3645.886040816327,6509.467999383372,0.0,0.0,1732.0063466008767,22000.0
7887,line-43,7291.772081632654,4994.8904733122745,0.0,0.0,0.0,19582.229885978548
7888,line-43,7291.772081632654,3139.9194159317335,0.0,0.0,0.0,15211.858658924944
7889,line-43,3645.886040816327,1070.9680393176232,0.0,0.0,0.0,12501.418657347358
7890,line-43,3645.886040816327,0.0,0.0,0.0,0.0,8663.643877540702
7891,line-43,3645.886040816327,0.0,0.0,0.0,0.0,4825.869097734041
7892,line-43,3645.886040816327,0.0,1151.31039796899,0.0,0.0,2200.0
7893,line-43,3645.886040816327,0.0,3645.886040816327,0.0,0.0,2200.0
7894,line-43,3645.886040816327,0.0,3645.886040816327,0.0,0.0,2200.0
7895,line-43,2734.4145306122496,0.0,2734.4145306122496,0.0,0.0,2200.0
7896,line-43,1822.9430204081634,0.0,1822.9430204081634,0.0,0.0,2200.0
7897,line-43,1822.9430204081634,0.0,1822.9430204081634,0.0,0.0,2200.0
7898,line-43,0.0,0.0,0.0,0.0,0.0,2200.0
7899,line-43,0.0,0.0,0.0,0.0,0.0,2200.0
7900,line-43,0.0,0.0,0.0,0.0,0.0,2200.0
7901,line-43,1822.943020408163,0.0,1822.943020408163,0.0,0.0,2200.0
7902,line-43,3645.886040816327,1068.4610471131184,2577.4249937032096,0.0,0.0,2200.0
7903,line-43,7291.772081632654,3132.5692866939644,4159.202794938691,0.0,0.0,2200.0
7904,line-43,7291.772081632654,4983.1981062021305,2308.5739754305246,0.0,0.0,2200.0
7905,line-43,3645.886040816327,6494.2302098968585,0.0,0.0,0.0,4905.926960626506
7906,line-43,3645.886040816327,7562.691257009979,0.0,0.0,0.0,8626.891916010474
7907,line-43,3645.886040816327,8115.767392896091,0.0,0.0,0.0,12873.279200486251
7908,line-43,3645.886040816327,8115.767392896091,0.0,0.0,0.0,17119.666484962025
7909,line-43,3645.886040816327,7562.691257009982,0.0,0.0,0.0,20840.631440345987
7910,line-43,3645.886040816327,6494.2302098968585,0.0,0.0,1627.9562115499991,22000.0
7911,line-43,7291.772081632654,4983.198106202131,0.0,0.0,0.0,19569.92213112577
7912,line-43,7291.772081632654,3132.569286693965,0.0,0.0,0.0,15191.813925927141
7913,line-43,3645.886040816327,1068.4610471131218,0.0,0.0,0.0,12478.734985186926
7914,line-43,3645.886040816327,0.0,0.0,0.0,0.0,8640.960205380266
7915,line-43,3645.886040816327,0.0,0.0,0.0,0.0,4803.185425573606
7916,line-43,3645.886040816327,0.0,1172.859886521402,0.0,0.0,2200.0
7917,line-43,3645.886040816327,0.0,3645.886040816327,0.0,0.0,2200.0
7918,line-43,3645.886040816327,0.0,3645.886040816327,0.0,0.0,2200.0
7919,line-43,2734.4145306122496,0.0,2734.4145306122496,0.0,0.0,2200.0
7920,line-43,1822.9430204081634,0.0,1822.9430204081634,0.0,0.0,2200.0
7921,line-43,1822.9430204081634,0.0,1822.9430204081634,0.0,0.0,2200.0
7922,line-43,0.0,0.0,0.0,0.0,0.0,2200.0
7923,line-43,0.0,0.0,0.0,0.0,0.0,2200.0
7924,line-43,0.0,0.0,0.0,0.0,0.0,2200.0
7925,line-43,1822.943020408163,0.0,1822.943020408163,0.0,0.0,2200.0
7926,line-43,3645.886040816327,1066.0473756842723,2579.838665132055,0.0,0.0,2200.0
7927,line-43,7291.772081632654,3125.492760126521,4166.279321506134,0.0,0.0,2200.0
7928,line-43,7291.772081632654,4971.940978087147,2319.831103545508,0.0,0.0,2200.0
7929,line-43,3645.886040816327,6479.559634912091,0.0,0.0,0.0,4891.989914390976
7930,line-43,3645.886040816327,7545.6070105963645,0.0,0.0,0.0,8596.724835682007
7931,line-43,3645.886040816327,8097.433738213665,0.0,0.0,0.0,12825.695148209481
7932,line-43,3645.886040816327,8097.433738213665,0.0,0.0,0.0,17054.665460736956
7933,line-43,3645.886040816327,7545.6070105963645,0.0,0.0,0.0,20759.400382027983
7934,line-43,3645.886040816327,6479.559634912091,0.0,0.0,1527.7792593883805,22000.0
7935,line-43,7291.772081632654,4971.94097808715,0.0,0.0,0.0,19558.07252258368
7936,line-43,7291.772081632654,3125.4927601265213,0.0,0.0,0.0,15172.515342050905
7937,line-43,3645.886040816327,1066.047375684276,0.0,0.0,0.0,12456.895694543478
7938,line-43,3645.886040816327,0.0,0.0,0.0,0.0,8619.120914736823
7939,line-43,3645.886040816327,0.0,0.0,0.0,0.0,4781.3461349301615
7940,line-43,3645.886040816327,0.0,1193.6072126326753,0.0,0.0,2200.0
7941,line-43,3645.886040816327,0.0,3645.886040816327,0.0,0.0,2200.0
7942,line-43,3645.886040816327,0.0,3645.886040816327,0.0,0.0,2200.0
7943,line-43,2734.4145306122496,0.0,2734.4145306122496,0.0,0.0,2200.0
7944,line-43,1822.9430204081634,0.0,1822.9430204081634,0.0,0.0,2200.0
7945,line-43,1822.9430204081634,0.0,1822.9430204081634,0.0,0.0,2200.0
7946,line-43,0.0,0.0,0.0,0.0,0.0,2200.0
7947,line-43,0.0,0.0,0.0,0.0,0.0,2200.0
7948,line-43,0.0,0.0,0.0,0.0,0.0,2200.0
7949,line-43,1822.943020408163,0.0,1822.943020408163,0.0,0.0,2200.0
7950,line-43,3645.886040816327,1063.7277402540167,2582.1583005623106,0.0,0.0,2200.0
7951,line-43,7291.772081632654,3118.6919331569457,4173.080148475709,0.0,0.0,2200.0
7952,line-43,7291.772081632654,4961.122424697333,2330.649656935322,0.0,0.0,2200.0
7953,line-43,3645.886040816327,6465.4606216370485,0.0,0.0,0.0,4878.595851779684
7954,line-43,3645.886040816327,7529.188361891065,0.0,0.0,0.0,8567.733056800682
7955,line-43,3645.886040816327,8079.814357854279,0.0,0.0,0.0,12779.964957986735
7956,line-43,3645.886040816327,8079.814357854279,0.0,0.0,0.0,16992.196859172793
7957,line-43,3645.886040816327,7529.188361891068,0.0,0.0,0.0,20681.33406419379
7958,line-43,3645.886040816327,6465.4606216370485,0.0,0.0,1431.5051747089215,22000.0
7959,line-43,7291.772081632654,4961.122424697333,0.0,0.0,0.0,19546.68457164703
7960,line-43,7291.772081632654,3118.6919331569457,0.0,0.0,0.0,15153.968625883128
7961,line-43,3645.886040816327,1063.72774025402,0.0,0.0,0.0,12435.907256870169
7962,line-43,3645.886040816327,0.0,0.0,0.0,0.0,8598.132477063513
7963,line-43,3645.886040816327,0.0,0.0,0.0,0.0,4760.357697256852
7964,line-43,3645.886040816327,0.0,1213.54622842232,0.0,0.0,2200.0
7965,line-43,3645.886040816327,0.0,3645.886040816327,0.0,0.0,2200.0
7966,line-43,3645.886040816327,0.0,3645.886040816327,0.0,0.0,2200.0
7967,line-43,2734.4145306122496,0.0,2734.4145306122496,0.0,0.0,2200.0
7968,line-43,1822.9430204081634,0.0,1822.9430204081634,0.0,0.0,2200.0
7969,line-43,1822.9430204081634,0.0,1822.9430204081634,0.0,0.0,2200.0
7970,line-43,0.0,0.0,0.0,0.0,0.0,2200.0
7971,line-43,0.0,0.0,0.0,0.0,0.0,2200.0
7972,line-43,0.0,0.0,0.0,0.0,0.0,2200.0
7973,line-43,1822.943020408163,0.0,1822.943020408163,0.0,0.0,2200.0
7974,line-43,3645.886040816327,1061.5028281803918,2584.3832126359353,0.0,0.0,2200.0
7975,line-43,7291.772081632654,3112.168821017048,4179.603260615607,0.0,0.0,2200.0
7976,line-43,7291.772081632654,4950.745651803543,2341.0264298291117,0.0,0.0,2200.0
7977,line-43,3645.886040816327,6451.93734791365,0.0,0.0,0.0,4865.748741742455
7978,line-43,3645.886040816327,7513.440176094041,0.0,0.0,0.0,8539.925170256283
7979,line-43,3645.886040816327,8062.914472820591,0.0,0.0,0.0,12736.102180660335
7980,line-43,3645.886040816327,8062.914472820591,0.0,0.0,0.0,16932.279191064386
7981,line-43,3645.886040816327,7513.440176094042,0.0,0.0,0.0,20606.45561957822
7982,line-43,3645.886040816327,6451.93734791365,0.0,0.0,1339.1624856007068,22000.0
7983,line-43,7291.772081632654,4950.745651803543,0.0,0.0,0.0,19535.761652811463
7984,line-43,7291.772081632654,3112.168821017049,0.0,0.0,0.0,15136.179273216085
7985,line-43,3645.886040816327,1061.5028281803952,0.0,0.0,0.0,12415.775891494055
7986,line-43,3645.886040816327,0.0,0.0,0.0,0.0,8578.001111687394
7987,line-43,3645.886040816327,0.0,0.0,0.0,0.0,4740.226331880732
7988,line-43,3645.886040816327,0.0,1232.671025529631,0.0,0.0,2200.0
7989,line-43,3645.886040816327,0.0,3645.886040816327,0.0,0.0,2200.0
7990,line-43,3645.886040816327,0.0,3645.886040816327,0.0,0.0,2200.0
7991,line-43,2734.4145306122496,0.0,2734.4145306122496,0.0,0.0,2200.0
7992,line-43,1822.9430204081634,0.0,1822.9430204081634,0.0,0.0,2200.0
7993,line-43,1822.9430204081634,0.0,1822.9430204081634,0.0,0.0,2200.0
7994,line-43,0.0,0.0,0.0,0.0,0.0,2200.0
7995,line-43,0.0,0.0,0.0,0.0,0.0,2200.0
7996,line-43,0.0,0.0,0.0,0.0,0.0,2200.0
7997,line-43,1822.943020408163,0.0,1822.943020408163,0.0,0.0,2200.0
7998,line-43,3645.886040816327,1059.3732987528622,2586.512742063465,0.0,0.0,2200.0
7999,line-43,7291.772081632654,3105.925356645732,4185.846724986924,0.0,0.0,2200.0
8000,line-43,7291.772081632654,4940.813734267533,2350.958347365122,0.0,0.0,2200.0
8001,line-43,3645.886040816327,6438.9938209797565,0.0,0.0,0.0,4853.452391155257
8002,line-43,3645.886040816327,7498.367119732616,0.0,0.0,0.0,8513.30941612573
8003,line-43,3645.886040816327,8046.739090913265,0.0,0.0,0.0,12694.119813717823
8004,line-43,3645.886040816327,8046.739090913265,0.0,0.0,0.0,16874.93021130991
8005,line-43,3645.886040816327,7498.367119732618,0.0,0.0,0.0,20534.787236280386
8006,line-43,3645.886040816327,6438.9938209797565,0.0,0.0,1250.778555195412,22000.0
8007,line-43,7291.772081632654,4940.813734267535,0.0,0.0,0.0,19525.307002773556
8008,line-43,7291.772081632654,3105.9253566457323,0.0,0.0,0.0,15119.152555418901
8009,line-43,3645.886040816327,1059.3732987528654,0.0,0.0,0.0,12396.507563773152
8010,line-43,3645.886040816327,0.0,0.0,0.0,0.0,8558.73278396649
8011,line-43,3645.886040816327,0.0,0.0,0.0,0.0,4720.958004159831
8012,line-43,3645.886040816327,0.0,1250.9759368644884,0.0,0.0,2200.0
8013,line-43,3645.886040816327,0.0,3645.886040816327,0.0,0.0,2200.0
8014,line-43,3645.886040816327,0.0,3645.886040816327,0.0,0.0,2200.0
8015,line-43,2734.4145306122496,0.0,2734.4145306122496,0.0,0.0,2200.0
8016,line-43,1822.9430204081634,0.0,1822.9430204081634,0.0,0.0,2200.0
8017,line-43,1822.9430204081634,0.0,1822.9430204081634,0.0,0.0,2200.0
8018,line-43,0.0,0.0,0.0,0.0,0.0,2200.0
8019,line-43,0.0,0.0,0.0,0.0,0.0,2200.0
8020,line-43,0.0,0.0,0.0,0.0,0.0,2200.0
8021,line-43,1822.943020408163,0.0,1822.943020408163,0.0,0.0,2200.0
8022,line-43,3645.886040816327,1057.3397829969572,2588.54625781937,0.0,0.0,2200.0
8023,line-43,7291.772081632654,3099.9633901162374,4191.808691516419,0.0,0.0,2200.0
8024,line-43,7291.772081632654,4931.329615130819,2360.442466501837,0.0,0.0,2200.0
8025,line-43,3645.886040816327,6426.63387628174,0.0,0.0,0.0,4841.71044369214
8026,line-43,3645.886040816327,7483.973659278698,0.0,0.0,0.0,8487.893681231393
8027,line-43,3645.886040816327,8031.2930052470565,0.0,0.0,0.0,12654.030297440582
8028,line-43,3645.886040816327,8031.2930052470565,0.0,0.0,0.0,16820.166913649773
8029,line-43,3645.886040816327,7483.973659278698,0.0,0.0,0.0,20466.350151189024
8030,line-43,3645.886040816327,6426.63387628174,0.0,0.0,1166.379573559124,22000.0
8031,line-43,7291.772081632654,4931.329615130821,0.0,0.0,0.0,19515.323719471755
8032,line-43,7291.772081632654,3099.963390116238,0.0,0.0,0.0,15102.893517875526
8033,line-43,3645.886040816327,1057.3397829969601,0.0,0.0,0.0,12378.10798332882
8034,line-43,3645.886040816327,0.0,0.0,0.0,0.0,8540.333203522165
8035,line-43,3645.886040816327,0.0,0.0,0.0,0.0,4702.5584237155035
8036,line-43,3645.886040816327,0.0,1268.455538286601,0.0,0.0,2200.0
8037,line-43,3645.886040816327,0.0,3645.886040816327,0.0,0.0,2200.0
8038,line-43,3645.886040816327,0.0,3645.886040816327,0.0,0.0,2200.0
8039,line-43,2734.4145306122496,0.0,2734.4145306122496,0.0,0.0,2200.0
8040,line-43,1822.9430204081634,0.0,1822.9430204081634,0.0,0.0,2200.0
8041,line-43,1822.9430204081634,0.0,1822.9430204081634,0.0,0.0,2200.0
8042,line-43,0.0,0.0,0.0,0.0,0.0,2200.0
8043,line-43,0.0,0.0,0.0,0.0,0.0,2200.0
8044,line-43,0.0,0.0,0.0,0.0,0.0,2200.0
8045,line-43,1822.943020408163,0.0,1822.943020408163,0.0,0.0,2200.0
8046,line-43,3645.886040816327,1055.4028834872806,2590.4831573290476,0.0,0.0,2200.0
8047,line-43,7291.772081632654,3094.2846880879147,4197.48739354474,0.0,0.0,2200.0
8048,line-43,7291.772081632654,4922.296104742581,2369.475976890074,0.0,0.0,2200.0
8049,line-43,3645.886040816327,6414.861176337965,0.0,0.0,0.0,4830.526378745554
8050,line-43,3645.886040816327,7470.264059825244,0.0,0.0,0.0,8463.685496804026
8051,line-43,3645.886040816327,8016.580792830494,0.0,0.0,0.0,12615.845511217485
8052,line-43,3645.886040816327,8016.580792830494,0.0,0.0,0.0,16768.00552563094
8053,line-43,3645.886040816327,7470.264059825245,0.0,0.0,0.0,20401.164643689408
8054,line-43,3645.886040816327,6414.861176337965,0.0,0.0,1085.9905499315462,22000.0
8055,line-43,7291.772081632654,4922.296104742583,0.0,0.0,0.0,19505.814761168345
8056,line-43,7291.772081632654,3094.2846880879147,0.0,0.0,0.0,15087.40697848967
8057,line-43,3645.886040816327,1055.4028834872838,0.0,0.0,0.0,12360.582602353836
8058,line-43,3645.886040816327,0.0,0.0,0.0,0.0,8522.807822547175
8059,line-43,3645.886040816327,0.0,0.0,0.0,0.0,4685.033042740513
8060,line-43,3645.886040816327,0.0,1285.1046502128397,0.0,0.0,2200.0
8061,line-43,3645.886040816327,0.0,3645.886040816327,0.0,0.0,2200.0
8062,line-43,3645.886040816327,0.0,3645.886040816327,0.0,0.0,2200.0
8063,line-43,2734.4145306122496,0.0,2734.4145306122496,0.0,0.0,2200.0
8064,line-43,1822.9430204081634,0.0,1822.9430204081634,0.0,0.0,2200.0
8065,line-43,1822.9430204081634,0.0,1822.9430204081634,0.0,0.0,2200.0
8066,line-43,0.0,0.0,0.0,0.0,0.0,2200.0
8067,line-43,0.0,0.0,0.0,0.0,0.0,2200.0
8068,line-43,0.0,0.0,0.0,0.0,0.0,2200.0
8069,line-43,1822.943020408163,0.0,1822.943020408163,0.0,0.0,2200.0
8070,line-43,3645.886040816327,1053.5631741689604,2592.3228666473674,0.0,0.0,2200.0
8071,line-43,7291.772081632654,3088.8909332827334,4202.881148349922,0.0,0.0,2200.0
8072,line-43,7291.772081632654,4913.715879926911,2378.0562017057437,0.0,0.0,2200.0
8073,line-43,3645.886040816327,6403.679209653502,0.0,0.0,0.0,4819.903510395316
8074,line-43,3645.886040816327,7457.242383822464,0.0,0.0,0.0,8440.692036251145
8075,line-43,3645.886040816327,8002.606813209646,0.0,0.0,0.0,12579.576770024796
8076,line-43,3645.886040816327,8002.606813209646,0.0,0.0,0.0,16718.461503798448
8077,line-43,3645.886040816327,7457.242383822464,0.0,0.0,0.0,20339.25002965428
8078,line-43,3645.886040816327,6403.679209653502,0.0,0.0,1009.6353053153556,22000.0
8079,line-43,7291.772081632654,4913.715879926914,0.0,0.0,0.0,19496.782945572904
8080,line-43,7291.772081632654,3088.890933282734,0.0,0.0,0.0,15072.697526257201
8081,line-43,3645.886040816327,1053.5631741689633,0.0,0.0,0.0,12343.936613996813
8082,line-43,3645.886040816327,0.0,0.0,0.0,0.0,8506.161834190152
8083,line-43,3645.886040816327,0.0,0.0,0.0,0.0,4668.38705438349
8084,line-43,3645.886040816327,0.0,1300.9183391520103,0.0,0.0,2200.0
8085,line-43,3645.886040816327,0.0,3645.886040816327,0.0,0.0,2200.0
8086,line-43,3645.886040816327,0.0,3645.886040816327,0.0,0.0,2200.0
8087,line-43,2734.4145306122496,0.0,2734.4145306122496,0.0,0.0,2200.0
8088,line-43,1822.9430204081634,0.0,1822.9430204081634,0.0,0.0,2200.0
8089,line-43,1822.9430204081634,0.0,1822.9430204081634,0.0,0.0,2200.0
8090,line-43,0.0,0.0,0.0,0.0,0.0,2200.0
8091,line-43,0.0,0.0,0.0,0.0,0.0,2200.0
8092,line-43,0.0,0.0,0.0,0.0,0.0,2200.0
8093,line-43,1822.943020408163,0.0,1822.943020408163,0.0,0.0,2200.0
8094,line-43,3645.886040816327,1051.8212001875704,2594.064840628757,0.0,0.0,2200.0
8095,line-43,7291.772081632654,3083.7837239866476,4207.988357646008,0.0,0.0,2200.0
8096,line-43,7291.772081632654,4905.591483189595,2386.18059844306,0.0,0.0,2200.0
8097,line-43,3645.886040816327,6393.091289686404,0.0,0.0,0.0,4809.844986426574
8098,line-43,3645.886040816327,7444.912489873975,0.0,0.0,0.0,8418.920113031338
8099,line-43,3645.886040816327,7989.375207176241,0.0,0.0,0.0,12545.234821073254
8100,line-43,3645.886040816327,7989.375207176241,0.0,0.0,0.0,16671.54952911518
8101,line-43,3645.886040816327,7444.912489873975,0.0,0.0,0.0,20280.624655719934
8102,line-43,3645.886040816327,6393.091289686404,0.0,0.0,937.336465417382,22000.0
8103,line-43,7291.772081632654,4905.591483189595,0.0,0.0,0.0,19488.230949007306
8104,line-43,7291.772081632654,3083.783723986648,0.0,0.0,0.0,15058.769519906251
8105,line-43,3645.886040816327,1051.8212001875738,0.0,0.0,0.0,12328.174950823348
8106,line-43,3645.886040816327,0.0,0.0,0.0,0.0,8490.40017101669
8107,line-43,3645.886040816327,0.0,0.0,0.0,0.0,4652.625391210027
8108,line-43,3645.886040816327,0.0,1315.8919191668,0.0,0.0,2200.0
8109,line-43,3645.886040816327,0.0,3645.886040816327,0.0,0.0,2200.0
8110,line-43,3645.886040816327,0.0,3645.886040816327,0.0,0.0,2200.0
8111,line-43,2734.4145306122496,0.0,2734.4145306122496,0.0,0.0,2200.0
8112,line-43,1822.9430204081634,0.0,1822.9430204081634,0.0,0.0,2200.0
8113,line-43,1822.9430204081634,0.0,1822.9430204081634,0.0,0.0,2200.0
8114,line-43,0.0,0.0,0.0,0.0,0.0,2200.0
8115,line-43,0.0,0.0,0.0,0.0,0.0,2200.0
8116,line-43,0.0,0.0,0.0,0.0,0.0,2200.0
8117,line-43,1822.943020408163,0.0,1822.943020408163,0.0,0.0,2200.0
8118,line-43,3645.886040816327,1050.1774777275973,2595.70856308873,0.0,0.0,2200.0
8119,line-43,7291.772081632654,3078.964573575995,4212.807508056659,0.0,0.0,2200.0
8120,line-43,7291.772081632654,4897.925321964729,2393.846759667926,0.0,0.0,2200.0
8121,line-43,3645.886040816327,6383.100553865865,0.0,0.0,0.0,4800.353787397061
8122,line-43,3645.886040816327,7433.278031593461,0.0,0.0,0.0,8398.376178635339
8123,line-43,3645.886040816327,7976.889895540722,0.0,0.0,0.0,12512.82984062351
8124,line-43,3645.886040816327,7976.889895540722,0.0,0.0,0.0,16627.28350261169
8125,line-43,3645.886040816327,7433.278031593461,0.0,0.0,0.0,20225.305893849974
8126,line-43,3645.886040816327,6383.100553865865,0.0,0.0,869.115453944241,22000.0
8127,line-43,7291.772081632654,4897.925321964729,0.0,0.0,0.0,19480.16130561271
8128,line-43,7291.772081632654,3078.964573575997,0.0,0.0,0.0,15045.627086605698
8129,line-43,3645.886040816327,1050.1774777276005,0.0,0.0,0.0,12313.302283354411
8130,line-43,3645.886040816327,0.0,0.0,0.0,0.0,8475.52750354775
8131,line-43,3645.886040816327,0.0,0.0,0.0,0.0,4637.752723741089
8132,line-43,3645.886040816327,0.0,1330.020953262293,0.0,0.0,2200.0
8133,line-43,3645.886040816327,0.0,3645.886040816327,0.0,0.0,2200.0
8134,line-43,3645.886040816327,0.0,3645.886040816327,0.0,0.0,2200.0
8135,line-43,2734.4145306122496,0.0,2734.4145306122496,0.0,0.0,2200.0
8136,line-43,1822.9430204081634,0.0,1822.9430204081634,0.0,0.0,2200.0
8137,line-43,1822.9430204081634,0.0,1822.9430204081634,0.0,0.0,2200.0
8138,line-43,0.0,0.0,0.0,0.0,0.0,2200.0
8139,line-43,0.0,0.0,0.0,0.0,0.0,2200.0
8140,line-43,0.0,0.0,0.0,0.0,0.0,2200.0
8141,line-43,1822.943020408163,0.0,1822.943020408163,0.0,0.0,2200.0
8142,line-43,3645.886040816327,1048.6324938594798,2597.2535469568475,0.0,0.0,2200.0
8143,line-43,7291.772081632654,3074.4349100690492,4217.337171563606,0.0,0.0,2200.0
8144,line-43,7291.772081632654,4890.719667901327,2401.0524137313273,0.0,0.0,2200.0
8145,line-43,3645.886040816327,6373.709962662524,0.0,0.0,0.0,4791.432725753888
8146,line-43,3645.886040816327,7422.342456522002,0.0,0.0,0.0,8379.06632067428
8147,line-43,3645.886040816327,7965.154577970376,0.0,0.0,0.0,12482.371430970627
8148,line-43,3645.886040816327,7965.154577970376,0.0,0.0,0.0,16585.676541266974
8149,line-43,3645.886040816327,7422.342456522005,0.0,0.0,0.0,20173.31013618737
8150,line-43,3645.886040816327,6373.709962662524,0.0,0.0,804.9924862539548,22000.0
8151,line-43,7291.772081632654,4890.71966790133,0.0,0.0,0.0,19472.576406598597
8152,line-43,7291.772081632654,3074.4349100690497,0.0,0.0,0.0,15033.274120742173
8153,line-43,3645.886040816327,1048.6324938594828,0.0,0.0,0.0,12299.323018682342
8154,line-43,3645.886040816327,0.0,0.0,0.0,0.0,8461.548238875677
8155,line-43,3645.886040816327,0.0,0.0,0.0,0.0,4623.773459069018
8156,line-43,3645.886040816327,0.0,1343.3012547007595,0.0,0.0,2200.0
8157,line-43,3645.886040816327,0.0,3645.886040816327,0.0,0.0,2200.0
8158,line-43,3645.886040816327,0.0,3645.886040816327,0.0,0.0,2200.0
8159,line-43,2734.4145306122496,0.0,2734.4145306122496,0.0,0.0,2200.0
8160,line-43,1822.9430204081634,0.0,1822.9430204081634,0.0,0.0,2200.0
8161,line-43,1822.9430204081634,0.0,1822.9430204081634,0.0,0.0,2200.0
8162,line-43,0.0,0.0,0.0,0.0,0.0,2200.0
8163,line-43,0.0,0.0,0.0,0.0,0.0,2200.0
8164,line-43,0.0,0.0,0.0,0.0,0.0,2200.0
8165,line-43,1822.943020408163,0.0,1822.943020408163,0.0,0.0,2200.0
8166,line-43,3645.886040816327,1047.1867063952818,2598.6993344210455,0.0,0.0,2200.0
8167,line-43,7291.772081632654,3070.1960757028646,4221.576005929791,0.0,0.0,2200.0
8168,line-43,7291.772081632654,4883.976656190207,2407.7954254424485,0.0,0.0,2200.0
8169,line-43,3645.886040816327,6364.922298711224,0.0,0.0,0.0,4783.084445000153
8170,line-43,3645.886040816327,7412.109005106507,0.0,0.0,0.0,8360.996261075823
8171,line-43,3645.886040816327,7954.172731893068,0.0,0.0,0.0,12453.868617598728
8172,line-43,3645.886040816327,7954.172731893068,0.0,0.0,0.0,16546.740974121632
8173,line-43,3645.886040816327,7412.109005106507,0.0,0.0,0.0,20124.652790197306
8174,line-43,3645.886040816327,6364.922298711224,0.0,0.0,744.9865633657402,22000.0
8175,line-43,7291.772081632654,4883.976656190207,0.0,0.0,0.0,19465.478499534263
8176,line-43,7291.772081632654,3070.1960757028646,0.0,0.0,0.0,15021.714282766065
8177,line-43,3645.886040816327,1047.1867063952855,0.0,0.0,0.0,12286.241299164967
8178,line-43,3645.886040816327,0.0,0.0,0.0,0.0,8448.466519358306
8179,line-43,3645.886040816327,0.0,0.0,0.0,0.0,4610.691739551644
8180,line-43,3645.886040816327,0.0,1355.7288882422642,0.0,0.0,2200.0
8181,line-43,3645.886040816327,0.0,3645.886040816327,0.0,0.0,2200.0
8182,line-43,3645.886040816327,0.0,3645.886040816327,0.0,0.0,2200.0
8183,line-43,2734.4145306122496,0.0,2734.4145306122496,0.0,0.0,2200.0
8184,line-43,1822.9430204081634,0.0,1822.9430204081634,0.0,0.0,2200.0
8185,line-43,1822.9430204081634,0.0,1822.9430204081634,0.0,0.0,2200.0
8186,line-43,0.0,0.0,0.0,0.0,0.0,2200.0
8187,line-43,0.0,0.0,0.0,0.0,0.0,2200.0
8188,line-43,0.0,0.0,0.0,0.0,0.0,2200.0
8189,line-43,1822.943020408163,0.0,1822.943020408163,0.0,0.0,2200.0
8190,line-43,3645.886040816327,1045.8405437530314,2600.0454970632954,0.0,0.0,2200.0
8191,line-43,7291.772081632654,3066.2493265355433,4225.522755097111,0.0,0.0,2200.0
8192,line-43,7291.772081632654,4877.698284931254,2414.0737967014,0.0,0.0,2200.0
8193,line-43,3645.886040816327,6356.740165986446,0.0,0.0,0.0,4775.311418911611
8194,line-43,3645.886040816327,7402.580709739475,0.0,0.0,0.0,8344.171354388605
8195,line-43,3645.886040816327,7943.9476114668005,0.0,0.0,0.0,12427.329846506553
8196,line-43,3645.886040816327,7943.9476114668005,0.0,0.0,0.0,16510.488338624502
8197,line-43,3645.886040816327,7402.580709739479,0.0,0.0,0.0,20079.3482741015
8198,line-43,3645.886040816327,6356.740165986446,0.0,0.0,689.1154663295838,22000.0
8199,line-43,7291.772081632654,4877.698284931257,0.0,0.0,0.0,19458.869687682738
8200,line-43,7291.772081632654,3066.249326535544,0.0,0.0,0.0,15010.950998106835
8201,line-43,3645.886040816327,1045.8405437530346,0.0,0.0,0.0,12274.0610011981
8202,line-43,3645.886040816327,0.0,0.0,0.0,0.0,8436.286221391443
8203,line-43,3645.886040816327,0.0,0.0,0.0,0.0,4598.51144158478
8204,line-43,3645.886040816327,0.0,1367.3001713107847,0.0,0.0,2200.0
8205,line-43,3645.886040816327,0.0,3645.886040816327,0.0,0.0,2200.0
8206,line-43,3645.886040816327,0.0,3645.886040816327,0.0,0.0,2200.0
8207,line-43,2734.4145306122496,0.0,2734.4145306122496,0.0,0.0,2200.0
8208,line-43,1822.9430204081634,0.0,1822.9430204081634,0.0,0.0,2200.0
8209,line-43,1822.9430204081634,0.0,1822.9430204081634,0.0,0.0,2200.0
8210,line-43,0.0,0.0,0.0,0.0,0.0,2200.0
8211,line-43,0.0,0.0,0.0,0.0,0.0,2200.0
8212,line-43,0.0,0.0,0.0,0.0,0.0,2200.0
8213,line-43,1822.943020408163,0.0,1822.943020408163,0.0,0.0,2200.0
8214,line-43,3645.886040816327,1044.5944048297724,2601.291635986555,0.0,0.0,2200.0
8215,line-43,7291.772081632654,3062.5958320740424,4229.176249558611,0.0,0.0,2200.0
8216,line-43,7291.772081632654,4871.886414541382,2419.885667091273,0.0,0.0,2200.0
8217,line-43,3645.886040816327,6349.165989030697,0.0,0.0,0.0,4768.1159508036535
8218,line-43,3645.886040816327,7393.760393860472,0.0,0.0,0.0,8328.596586195586
8219,line-43,3645.886040816327,7934.482246615426,0.0,0.0,0.0,12402.762981704735
8220,line-43,3645.886040816327,7934.482246615426,0.0,0.0,0.0,16476.929377213874
8221,line-43,3645.886040816327,7393.760393860472,0.0,0.0,0.0,20037.410012605815
8222,line-43,3645.886040816327,6349.165989030697,0.0,0.0,637.3957509573291,22000.0
8223,line-43,7291.772081632654,4871.8864145413845,0.0,0.0,0.0,19452.75192937761
8224,line-43,7291.772081632654,3062.5958320740433,0.0,0.0,0.0,15000.987456158022
8225,line-43,3645.886040816327,1044.5944048297758,0.0,0.0,0.0,12262.785734066912
8226,line-43,3645.886040816327,0.0,0.0,0.0,0.0,8425.010954260248
8227,line-43,3645.886040816327,0.0,0.0,0.0,0.0,4587.236174453588
8228,line-43,3645.886040816327,0.0,1378.0116750854181,0.0,0.0,2200.0
8229,line-43,3645.886040816327,0.0,3645.886040816327,0.0,0.0,2200.0
8230,line-43,3645.886040816327,0.0,3645.886040816327,0.0,0.0,2200.0
8231,line-43,2734.4145306122496,0.0,2734.4145306122496,0.0,0.0,2200.0
8232,line-43,1822.9430204081634,0.0,1822.9430204081634,0.0,0.0,2200.0
8233,line-43,1822.9430204081634,0.0,1822.9430204081634,0.0,0.0,2200.0
8234,line-43,0.0,0.0,0.0,0.0,0.0,2200.0
8235,line-43,0.0,0.0,0.0,0.0,0.0,2200.0
8236,line-43,0.0,0.0,0.0,0.0,0.0,2200.0
8237,line-43,1822.943020408163,0.0,1822.943020408163,0.0,0.0,2200.0
8238,line-43,3645.886040816327,1043.4486588833608,2602.4373819329667,0.0,0.0,2200.0
8239,line-43,7291.772081632654,3059.2366749276225,4232.535406705031,0.0,0.0,2200.0
8240,line-43,7291.772081632654,4866.54276720321,2425.229314429442,0.0,0.0,2200.0
8241,line-43,3645.886040816327,6342.202012236077,0.0,0.0,0.0,4761.500172848763
8242,line-43,3645.886040816327,7385.65067111944,0.0,0.0,0.0,8314.276571636718
8243,line-43,3645.886040816327,7925.779442130831,0.0,0.0,0.0,12380.175302885498
8244,line-43,3645.886040816327,7925.779442130831,0.0,0.0,0.0,16446.07403413428
8245,line-43,3645.886040816327,7385.650671119441,0.0,0.0,0.0,19998.850432922227
8246,line-43,3645.886040816327,6342.202012236077,0.0,0.0,589.8427429168378,22000.0
8247,line-43,7291.772081632654,4866.542767203213,0.0,0.0,0.0,19447.127037442693
8248,line-43,7291.772081632654,3059.2366749276243,0.0,0.0,0.0,14991.826609332133
8249,line-43,3645.886040816327,1043.4486588833645,0.0,0.0,0.0,12252.418838876385
8250,line-43,3645.886040816327,0.0,0.0,0.0,0.0,8414.644059069722
8251,line-43,3645.886040816327,0.0,0.0,0.0,0.0,4576.869279263062
8252,line-43,3645.886040816327,0.0,1387.8602255164203,0.0,0.0,2200.0
8253,line-43,3645.886040816327,0.0,3645.886040816327,0.0,0.0,2200.0
8254,line-43,3645.886040816327,0.0,3645.886040816327,0.0,0.0,2200.0
8255,line-43,2734.4145306122496,0.0,2734.4145306122496,0.0,0.0,2200.0
8256,line-43,1822.9430204081634,0.0,1822.9430204081634,0.0,0.0,2200.0
8257,line-43,1822.9430204081634,0.0,1822.9430204081634,0.0,0.0,2200.0
8258,line-43,0.0,0.0,0.0,0.0,0.0,2200.0
8259,line-43,0.0,0.0,0.0,0.0,0.0,2200.0
8260,line-43,0.0,0.0,0.0,0.0,0.0,2200.0
8261,line-43,1822.943020408163,0.0,1822.943020408163,0.0,0.0,2200.0
8262,line-43,3645.886040816327,1042.4036454230493,2603.482395393278,0.0,0.0,2200.0
8263,line-43,7291.772081632654,3056.1728504870416,4235.599231145613,0.0,0.0,2200.0
8264,line-43,7291.772081632654,4861.668926354772,2430.10315527788,0.0,0.0,2200.0
8265,line-43,3645.886040816327,6335.850299179207,0.0,0.0,0.0,4755.466045444736
8266,line-43,3645.886040816327,7378.253944602255,0.0,0.0,0.0,8301.215554041366
8267,line-43,3645.886040816327,7917.841776841816,0.0,0.0,0.0,12359.573503265581
8268,line-43,3645.886040816327,7917.841776841816,0.0,0.0,0.0,16417.931452489793
8269,line-43,3645.886040816327,7378.253944602255,0.0,0.0,0.0,19963.680961086426
8270,line-43,3645.886040816327,6335.850299179207,0.0,0.0,546.4705331906971,22000.0
8271,line-43,7291.772081632654,4861.668926354776,0.0,0.0,0.0,19441.99667865487
8272,line-43,7291.772081632654,3056.172850487042,0.0,0.0,0.0,14983.4711721858
8273,line-43,3645.886040816327,1042.4036454230522,0.0,0.0,0.0,12242.9633875613
8274,line-43,3645.886040816327,0.0,0.0,0.0,0.0,8405.188607754637
8275,line-43,3645.886040816327,0.0,0.0,0.0,0.0,4567.413827947977
8276,line-43,3645.886040816327,0.0,1396.842904265751,0.0,0.0,2200.0
8277,line-43,3645.886040816327,0.0,3645.886040816327,0.0,0.0,2200.0
8278,line-43,3645.886040816327,0.0,3645.886040816327,0.0,0.0,2200.0
8279,line-43,2734.4145306122496,0.0,2734.4145306122496,0.0,0.0,2200.0
8280,line-43,1822.9430204081634,0.0,1822.9430204081634,0.0,0.0,2200.0
8281,line-43,1822.9430204081634,0.0,1822.9430204081634,0.0,0.0,2200.0
8282,line-43,0.0,0.0,0.0,0.0,0.0,2200.0
8283,line-43,0.0,0.0,0.0,0.0,0.0,2200.0
8284,line-43,0.0,0.0,0.0,0.0,0.0,2200.0
8285,line-43,1822.943020408163,0.0,1822.943020408163,0.0,0.0,2200.0
8286,line-43,3645.886040816327,1041.4596741088778,2604.4263667074497,0.0,0.0,2200.0
8287,line-43,7291.772081632654,3053.4052666296,4238.366815003054,0.0,0.0,2200.0
8288,line-43,7291.772081632654,4857.266336220302,2434.5057454123526,0.0,0.0,2200.0
8289,line-43,3645.886040816327,6330.112732009742,0.0,0.0,0.0,4750.015356633745
8290,line-43,3645.886040816327,7371.572406118621,0.0,0.0,0.0,8289.417403670923
8291,line-43,3645.886040816327,7910.671602849905,0.0,0.0,0.0,12340.963687602822
8292,line-43,3645.886040816327,7910.671602849905,0.0,0.0,0.0,16392.509971534717
8293,line-43,3645.886040816327,7371.572406118621,0.0,0.0,0.0,19931.912018571893
8294,line-43,3645.886040816327,6330.112732009742,0.0,0.0,507.29197390067026,22000.0
8295,line-43,7291.772081632654,4857.266336220305,0.0,0.0,0.0,19437.36237325016
8296,line-43,7291.772081632654,3053.405266629603,0.0,0.0,0.0,14975.923620615366
8297,line-43,3645.886040816327,1041.459674108881,0.0,0.0,0.0,12234.42218197595
8298,line-43,3645.886040816327,0.0,0.0,0.0,0.0,8396.647402169285
8299,line-43,3645.886040816327,0.0,0.0,0.0,0.0,4558.872622362625
8300,line-43,3645.886040816327,0.0,1404.9570495718324,0.0,0.0,2200.0
8301,line-43,3645.886040816327,0.0,3645.886040816327,0.0,0.0,2200.0
8302,line-43,3645.886040816327,0.0,3645.886040816327,0.0,0.0,2200.0
8303,line-43,2734.4145306122496,0.0,2734.4145306122496,0.0,0.0,2200.0
8304,line-43,1822.9430204081634,0.0,1822.9430204081634,0.0,0.0,2200.0
8305,line-43,1822.9430204081634,0.0,1822.9430204081634,0.0,0.0,2200.0
8306,line-43,0.0,0.0,0.0,0.0,0.0,2200.0
8307,line-43,0.0,0.0,0.0,0.0,0.0,2200.0
8308,line-43,0.0,0.0,0.0,0.0,0.0,2200.0
8309,line-43,1822.943020408163,0.0,1822.943020408163,0.0,0.0,2200.0
8310,line-43,3645.886040816327,1040.6170246599202,2605.2690161564074,0.0,0.0,2200.0
8311,line-43,7291.772081632654,3050.9347434501306,4240.837338182524,0.0,0.0,2200.0
8312,line-43,7291.772081632654,4853.336301382269,2438.4357802503864,0.0,0.0,2200.0
8313,line-43,3645.886040816327,6324.991010892663,0.0,0.0,0.0,4745.149721572519
8314,line-43,3645.886040816327,7365.6080355525855,0.0,0.0,0.0,8278.88561657196
8315,line-43,3645.886040816327,7904.271044832397,0.0,0.0,0.0,12324.35137038723
8316,line-43,3645.886040816327,7904.271044832397,0.0,0.0,0.0,16369.817124202498
8317,line-43,3645.886040816327,7365.6080355525855,0.0,0.0,0.0,19903.553019201936
8318,line-43,3645.886040816327,6324.991010892663,0.0,0.0,472.3186744994283,22000.0
8319,line-43,7291.772081632654,4853.336301382269,0.0,0.0,0.0,19433.22549447328
8320,line-43,7291.772081632654,3050.934743450131,0.0,0.0,0.0,14969.186191123257
8321,line-43,3645.886040816327,1040.6170246599233,0.0,0.0,0.0,12226.797753063882
8322,line-43,3645.886040816327,0.0,0.0,0.0,0.0,8389.02297325722
8323,line-43,3645.886040816327,0.0,0.0,0.0,0.0,4551.248193450559
8324,line-43,3645.886040816327,0.0,1412.200257038295,0.0,0.0,2200.0
8325,line-43,3645.886040816327,0.0,3645.886040816327,0.0,0.0,2200.0
8326,line-43,3645.886040816327,0.0,3645.886040816327,0.0,0.0,2200.0
8327,line-43,2734.4145306122496,0.0,2734.4145306122496,0.0,0.0,2200.0
8328,line-43,1822.9430204081634,0.0,1822.9430204081634,0.0,0.0,2200.0
8329,line-43,1822.9430204081634,0.0,1822.9430204081634,0.0,0.0,2200.0
8330,line-43,0.0,0.0,0.0,0.0,0.0,2200.0
8331,line-43,0.0,0.0,0.0,0.0,0.0,2200.0
8332,line-43,0.0,0.0,0.0,0.0,0.0,2200.0
8333,line-43,1822.943020408163,0.0,1822.943020408163,0.0,0.0,2200.0
8334,line-43,3645.886040816327,1039.8759467713933,2606.010094044934,0.0,0.0,2200.0
8335,line-43,7291.772081632654,3048.762013017964,4243.01006861469,0.0,0.0,2200.0
8336,line-43,7291.772081632654,4849.87998639481,2441.8920952378458,0.0,0.0,2200.0
8337,line-43,3645.886040816327,6320.486653504473,0.0,0.0,0.0,4740.87058205374
8338,line-43,3645.886040816327,7360.3626002758665,0.0,0.0,0.0,8269.623313540304
8339,line-43,3645.886040816327,7898.64199941277,0.0,0.0,0.0,12309.741474206925
8340,line-43,3645.886040816327,7898.64199941277,0.0,0.0,0.0,16349.859634873546
8341,line-43,3645.886040816327,7360.362600275868,0.0,0.0,0.0,19878.612366360114
8342,line-43,3645.886040816327,6320.486653504473,0.0,0.0,441.56099833037104,22000.0
8343,line-43,7291.772081632654,4849.87998639481,0.0,0.0,0.0,19429.58726817069
8344,line-43,7291.772081632654,3048.762013017966,0.0,0.0,0.0,14963.260880155227
8345,line-43,3645.886040816327,1039.875946771397,0.0,0.0,0.0,12220.092360107928
8346,line-43,3645.886040816327,0.0,0.0,0.0,0.0,8382.317580301273
8347,line-43,3645.886040816327,0.0,0.0,0.0,0.0,4544.542800494612
8348,line-43,3645.886040816327,0.0,1418.5703803464478,0.0,0.0,2200.0
8349,line-43,3645.886040816327,0.0,3645.886040816327,0.0,0.0,2200.0
8350,line-43,3645.886040816327,0.0,3645.886040816327,0.0,0.0,2200.0
8351,line-43,2734.4145306122496,0.0,2734.4145306122496,0.0,0.0,2200.0
8352,line-43,1822.9430204081634,0.0,1822.9430204081634,0.0,0.0,2200.0
8353,line-43,1822.9430204081634,0.0,1822.9430204081634,0.0,0.0,2200.0
8354,line-43,0.0,0.0,0.0,0.0,0.0,2200.0
8355,line-43,0.0,0.0,0.0,0.0,0.0,2200.0
8356,line-43,0.0,0.0,0.0,0.0,0.0,2200.0
8357,line-43,1822.943020408163,0.0,1822.943020408163,0.0,0.0,2200.0
8358,line-43,3645.886040816327,1039.2366600406701,2606.6493807756574,0.0,0.0,2200.0
8359,line-43,7291.772081632654,3046.8877191600222,4244.884362472633,0.0,0.0,2200.0
8360,line-43,7291.772081632654,4846.898415438649,2444.873666194007,0.0,0.0,2200.0
8361,line-43,3645.886040816327,6316.60099458348,0.0,0.0,0.0,4737.179206078797
8362,line-43,3645.886040816327,7355.837654624154,0.0,0.0,0.0,8261.633239196231
8363,line-43,3645.886040816327,7893.786134598669,0.0,0.0,0.0,12297.138328289457
8364,line-43,3645.886040816327,7893.786134598669,0.0,0.0,0.0,16332.643417382682
8365,line-43,3645.886040816327,7355.837654624154,0.0,0.0,0.0,19857.097450500114
8366,line-43,3645.886040816327,6316.60099458348,0.0,0.0,415.028059556748,22000.0
8367,line-43,7291.772081632654,4846.89841543865,0.0,0.0,0.0,19426.44877242736
8368,line-43,7291.772081632654,3046.8877191600227,0.0,0.0,0.0,14958.149443508804
8369,line-43,3645.886040816327,1039.2366600406735,0.0,0.0,0.0,12214.307990060746
8370,line-43,3645.886040816327,0.0,0.0,0.0,0.0,8376.533210254085
8371,line-43,3645.886040816327,0.0,0.0,0.0,0.0,4538.758430447423
8372,line-43,3645.886040816327,0.0,1424.0655318912745,0.0,0.0,2200.0
8373,line-43,3645.886040816327,0.0,3645.886040816327,0.0,0.0,2200.0
8374,line-43,3645.886040816327,0.0,3645.886040816327,0.0,0.0,2200.0
8375,line-43,2734.4145306122496,0.0,2734.4145306122496,0.0,0.0,2200.0
8376,line-43,1822.9430204081634,0.0,1822.9430204081634,0.0,0.0,2200.0
8377,line-43,1822.9430204081634,0.0,1822.9430204081634,0.0,0.0,2200.0
8378,line-43,0.0,0.0,0.0,0.0,0.0,2200.0
8379,line-43,0.0,0.0,0.0,0.0,0.0,2200.0
8380,line-43,0.0,0.0,0.0,0.0,0.0,2200.0
8381,line-43,1822.943020408163,0.0,1822.943020408163,0.0,0.0,2200.0
8382,line-43,3645.886040816327,1038.6993539022058,2607.1866869141213,0.0,0.0,2200.0
8383,line-43,7291.772081632654,3045.3124172700254,4246.45966436263,0.0,0.0,2200.0
8384,line-43,7291.772081632654,4844.392472017611,2447.3796096150436,0.0,0.0,2200.0
8385,line-43,3645.886040816327,6313.3351855342835,0.0,0.0,0.0,4734.0766874820565
8386,line-43,3645.886040816327,7352.034539436485,0.0,0.0,0.0,8254.917761171206
8387,line-43,3645.886040816327,7889.704889287634,0.0,0.0,0.0,12286.545667218952
8388,line-43,3645.886040816327,7889.704889287634,0.0,0.0,0.0,16318.173573266693
8389,line-43,3645.886040816327,7352.03453943649,0.0,0.0,0.0,19839.01464695585
8390,line-43,3645.886040816327,6313.3351855342835,0.0,0.0,392.72772046094997,22000.0
8391,line-43,7291.772081632654,4844.392472017613,0.0,0.0,0.0,19423.81093724733
8392,line-43,7291.772081632654,3045.312417270026,0.0,0.0,0.0,14953.853395812981
8393,line-43,3645.886040816327,1038.6993539022092,0.0,0.0,0.0,12209.44635695601
8394,line-43,3645.886040816327,0.0,0.0,0.0,0.0,8371.67157714935
8395,line-43,3645.886040816327,0.0,0.0,0.0,0.0,4533.89679734269
8396,line-43,3645.886040816327,0.0,1428.6840833407723,0.0,0.0,2200.0
8397,line-43,3645.886040816327,0.0,3645.886040816327,0.0,0.0,2200.0
8398,line-43,3645.886040816327,0.0,3645.886040816327,0.0,0.0,2200.0
8399,line-43,2734.4145306122496,0.0,2734.4145306122496,0.0,0.0,2200.0
8400,line-43,1822.9430204081634,0.0,1822.9430204081634,0.0,0.0,2200.0
8401,line-43,1822.9430204081634,0.0,1822.9430204081634,0.0,0.0,2200.0
8402,line-43,0.0,0.0,0.0,0.0,0.0,2200.0
8403,line-43,0.0,0.0,0.0,0.0,0.0,2200.0
8404,line-43,0.0,0.0,0.0,0.0,0.0,2200.0
8405,line-43,1822.943020408163,0.0,1822.943020408163,0.0,0.0,2200.0
8406,line-43,3645.886040816327,1038.2641875714044,2607.621853244923,0.0,0.0,2200.0
8407,line-43,7291.772081632654,3044.0365741439186,4247.735507488736,0.0,0.0,2200.0
8408,line-43,7291.772081632654,4842.362898696815,2449.40918293584,0.0,0.0,2200.0
8409,line-43,3645.886040816327,6310.690194086579,0.0,0.0,0.0,4731.563945606737
8410,line-43,3645.886040816327,7348.954381657981,0.0,0.0,0.0,8249.478869406312
8411,line-43,3645.886040816327,7886.399472840734,0.0,0.0,0.0,12277.966629829498
8412,line-43,3645.886040816327,7886.399472840734,0.0,0.0,0.0,16306.454390252677
8413,line-43,3645.886040816327,7348.954381657981,0.0,0.0,0.0,19824.369314052252
8414,line-43,3645.886040816327,6310.690194086579,0.0,0.0,374.6665891147256,22000.0
8415,line-43,7291.772081632654,4842.362898696816,0.0,0.0,0.0,19421.674544278067
8416,line-43,7291.772081632654,3044.0365741439196,0.0,0.0,0.0,14950.374010079398
8417,line-43,3645.886040816327,1038.2641875714075,0.0,0.0,0.0,12205.508901400528
8418,line-43,3645.886040816327,0.0,0.0,0.0,0.0,8367.734121593872
8419,line-43,3645.886040816327,0.0,0.0,0.0,0.0,4529.959341787211
8420,line-43,3645.886040816327,0.0,1432.4246661184789,0.0,0.0,2200.0
8421,line-43,3645.886040816327,0.0,3645.886040816327,0.0,0.0,2200.0
8422,line-43,3645.886040816327,0.0,3645.886040816327,0.0,0.0,2200.0
8423,line-43,2734.4145306122496,0.0,2734.4145306122496,0.0,0.0,2200.0
8424,line-43,1822.9430204081634,0.0,1822.9430204081634,0.0,0.0,2200.0
8425,line-43,1822.9430204081634,0.0,1822.9430204081634,0.0,0.0,2200.0
8426,line-43,0.0,0.0,0.0,0.0,0.0,2200.0
8427,line-43,0.0,0.0,0.0,0.0,0.0,2200.0
8428,line-43,0.0,0.0,0.0,0.0,0.0,2200.0
8429,line-43,1822.943020408163,0.0,1822.943020408163,0.0,0.0,2200.0
8430,line-43,3645.886040816327,1037.9312899974425,2607.9547508188853,0.0,0.0,2200.0
8431,line-43,7291.772081632654,3043.0605678415577,4248.711513791096,0.0,0.0,2200.0
8432,line-43,7291.772081632654,4840.810296882635,2450.9617847500203,0.0,0.0,2200.0
8433,line-43,3645.886040816327,6308.666804008419,0.0,0.0,0.0,4729.641725032488
8434,line-43,3645.886040816327,7346.598094005861,0.0,0.0,0.0,8245.318175562546
8435,line-43,3645.886040816327,7883.870864724192,0.0,0.0,0.0,12271.403758275015
8436,line-43,3645.886040816327,7883.870864724192,0.0,0.0,0.0,16297.489340987495
8437,line-43,3645.886040816327,7346.598094005862,0.0,0.0,0.0,19813.16579151755
8438,line-43,3645.886040816327,6308.666804008419,0.0,0.0,360.8500174210921,22000.0
8439,line-43,7291.772081632654,4840.810296882636,0.0,0.0,0.0,19420.040226578927
8440,line-43,7291.772081632654,3043.0605678415595,0.0,0.0,0.0,14947.712317325146
8441,line-43,3645.886040816327,1037.9312899974454,0.0,0.0,0.0,12202.49679014737
8442,line-43,3645.886040816327,0.0,0.0,0.0,0.0,8364.722010340714
8443,line-43,3645.886040816327,0.0,0.0,0.0,0.0,4526.947230534053
8444,line-43,3645.886040816327,0.0,1435.2861718089782,0.0,0.0,2200.0
8445,line-43,3645.886040816327,0.0,3645.886040816327,0.0,0.0,2200.0
8446,line-43,3645.886040816327,0.0,3645.886040816327,0.0,0.0,2200.0
8447,line-43,2734.4145306122496,0.0,2734.4145306122496,0.0,0.0,2200.0
8448,line-43,1822.9430204081634,0.0,1822.9430204081634,0.0,0.0,2200.0
8449,line-43,1822.9430204081634,0.0,1822.9430204081634,0.0,0.0,2200.0
8450,line-43,0.0,0.0,0.0,0.0,0.0,2200.0
8451,line-43,0.0,0.0,0.0,0.0,0.0,2200.0
8452,line-43,0.0,0.0,0.0,0.0,0.0,2200.0
8453,line-43,1822.943020408163,0.0,1822.943020408163,0.0,0.0,2200.0
8454,line-43,3645.886040816327,1037.7007598250545,2608.1852809912725,0.0,0.0,2200.0
8455,line-43,7291.772081632654,3042.3846875746744,4249.387394057979,0.0,0.0,2200.0
8456,line-43,7291.772081632654,4839.735126644498,2452.036954988157,0.0,0.0,2200.0
8457,line-43,3645.886040816327,6307.265614873956,0.0,0.0,0.0,4728.310595354747
8458,line-43,3645.886040816327,7344.966374699011,0.0,0.0,0.0,8242.436912543297
8459,line-43,3645.886040816327,7882.119814219173,0.0,0.0,0.0,12266.858997276004
8460,line-43,3645.886040816327,7882.119814219173,0.0,0.0,0.0,16291.281082008707
8461,line-43,3645.886040816327,7344.966374699011,0.0,0.0,0.0,19805.40739919726
8462,line-43,3645.886040816327,6307.265614873956,0.0,0.0,351.2820995284235,22000.0
8463,line-43,7291.772081632654,4839.735126644499,0.0,0.0,0.0,19418.90846843353
8464,line-43,7291.772081632654,3042.3846875746754,0.0,0.0,0.0,14945.869106267226
8465,line-43,3645.886040816327,1037.7007598250577,0.0,0.0,0.0,12200.410915750104
8466,line-43,3645.886040816327,0.0,0.0,0.0,0.0,8362.636135943441
8467,line-43,3645.886040816327,0.0,0.0,0.0,0.0,4524.861356136781
8468,line-43,3645.886040816327,0.0,1437.2677524863868,0.0,0.0,2200.0
8469,line-43,3645.886040816327,0.0,3645.886040816327,0.0,0.0,2200.0
8470,line-43,3645.886040816327,0.0,3645.886040816327,0.0,0.0,2200.0
8471,line-43,2734.4145306122496,0.0,2734.4145306122496,0.0,0.0,2200.0
8472,line-43,1822.9430204081634,0.0,1822.9430204081634,0.0,0.0,2200.0
8473,line-43,1822.9430204081634,0.0,1822.9430204081634,0.0,0.0,2200.0
8474,line-43,0.0,0.0,0.0,0.0,0.0,2200.0
8475,line-43,0.0,0.0,0.0,0.0,0.0,2200.0
8476,line-43,0.0,0.0,0.0,0.0,0.0,2200.0
8477,line-43,1822.943020408163,0.0,1822.943020408163,0.0,0.0,2200.0
8478,line-43,3645.886040816327,1037.5726653653069,2608.313375451021,0.0,0.0,2200.0
8479,line-43,7291.772081632654,3042.009133621177,4249.762948011478,0.0,0.0,2200.0
8480,line-43,7291.772081632654,4839.137706578551,2452.6343750541037,0.0,0.0,2200.0
8481,line-43,3645.886040816327,6306.487041885767,0.0,0.0,0.0,4727.570951015968
8482,line-43,3645.886040816327,7344.059707251075,0.0,0.0,0.0,8240.835934128978
8483,line-43,3645.886040816327,7881.146840199727,0.0,0.0,0.0,12264.333693543213
8484,line-43,3645.886040816327,7881.146840199727,0.0,0.0,0.0,16287.831452957442
8485,line-43,3645.886040816327,7344.059707251076,0.0,0.0,0.0,19801.096436070453
8486,line-43,3645.886040816327,6306.487041885767,0.0,0.0,345.9656706172866,22000.0
8487,line-43,7291.772081632654,4839.137706578554,0.0,0.0,0.0,19418.279605206215
8488,line-43,7291.772081632654,3042.009133621178,0.0,0.0,0.0,14944.84492308887
8489,line-43,3645.886040816327,1037.5726653653105,0.0,0.0,0.0,12199.251896298318
8490,line-43,3645.886040816327,0.0,0.0,0.0,0.0,8361.477116491662
8491,line-43,3645.886040816327,0.0,0.0,0.0,0.0,4523.702336685001
8492,line-43,3645.886040816327,0.0,1438.3688209655784,0.0,0.0,2200.0
8493,line-43,3645.886040816327,0.0,3645.886040816327,0.0,0.0,2200.0
8494,line-43,3645.886040816327,0.0,3645.886040816327,0.0,0.0,2200.0
8495,line-43,2734.4145306122496,0.0,2734.4145306122496,0.0,0.0,2200.0
8496,line-43,1822.9430204081634,0.0,1822.9430204081634,0.0,0.0,2200.0
8497,line-43,1822.9430204081634,0.0,1822.9430204081634,0.0,0.0,2200.0
8498,line-43,0.0,0.0,0.0,0.0,0.0,2200.0
8499,line-43,0.0,0.0,0.0,0.0,0.0,2200.0
8500,line-43,0.0,0.0,0.0,0.0,0.0,2200.0
8501,line-43,1822.943020408163,0.0,1822.943020408163,0.0,0.0,2200.0
8502,line-43,3645.886040816327,1037.5470445753524,2608.338996240975,0.0,0.0,2200.0
8503,line-43,7291.772081632654,3041.934017265808,4249.838064366845,0.0,0.0,2200.0
8504,line-43,7291.772081632654,4839.018213713249,2452.753867919406,0.0,0.0,2200.0
8505,line-43,3645.886040816327,6306.331315751834,0.0,0.0,0.0,4727.42301118873
8506,line-43,3645.886040816327,7343.878360327184,0.0,0.0,0.0,8240.515714724046
8507,line-43,3645.886040816327,7880.952230979056,0.0,0.0,0.0,12263.828595378642
8508,line-43,3645.886040816327,7880.952230979056,0.0,0.0,0.0,16287.141476033232
8509,line-43,3645.886040816327,7343.8783603271895,0.0,0.0,0.0,19800.23417956855
8510,line-43,3645.886040816327,6306.331315751834,0.0,0.0,344.90230606029587,22000.0
8511,line-43,7291.772081632654,4839.01821371325,0.0,0.0,0.0,19418.153823242727
8512,line-43,7291.772081632654,3041.9340172658085,0.0,0.0,0.0,14944.640071277627
8513,line-43,3645.886040816327,1037.5470445753554,0.0,0.0,0.0,12199.020075234499
8514,line-43,3645.886040816327,0.0,0.0,0.0,0.0,8361.245295427843
8515,line-43,3645.886040816327,0.0,0.0,0.0,0.0,4523.470515621182
8516,line-43,3645.886040816327,0.0,1438.5890509762062,0.0,0.0,2200.0
8517,line-43,3645.886040816327,0.0,3645.886040816327,0.0,0.0,2200.0
8518,line-43,3645.886040816327,0.0,3645.886040816327,0.0,0.0,2200.0
8519,line-43,2734.4145306122496,0.0,2734.4145306122496,0.0,0.0,2200.0
8520,line-43,1822.9430204081634,0.0,1822.9430204081634,0.0,0.0,2200.0
8521,line-43,1822.9430204081634,0.0,1822.9430204081634,0.0,0.0,2200.0
8522,line-43,0.0,0.0,0.0,0.0,0.0,2200.0
8523,line-43,0.0,0.0,0.0,0.0,0.0,2200.0
8524,line-43,0.0,0.0,0.0,0.0,0.0,2200.0
8525,line-43,1822.943020408163,0.0,1822.943020408163,0.0,0.0,2200.0
8526,line-43,3645.886040816327,1037.623905047183,2608.2621357691446,0.0,0.0,2200.0
8527,line-43,7291.772081632654,3042.1593607671625,4249.612720865491,0.0,0.0,2200.0
8528,line-43,7291.772081632654,4839.376683456909,2452.3953981757463,0.0,0.0,2200.0
8529,line-43,3645.886040816327,6306.798482617168,0.0,0.0,0.0,4727.8668197108
8530,line-43,3645.886040816327,7344.422387664351,0.0,0.0,0.0,8241.476349216422
8531,line-43,3645.886040816327,7881.536044224074,0.0,0.0,0.0,12265.343852453781
8532,line-43,3645.886040816327,7881.536044224074,0.0,0.0,0.0,16289.211355691134
8533,line-43,3645.886040816327,7344.422387664352,0.0,0.0,0.0,19802.82088519676
8534,line-43,3645.886040816327,6306.798482617168,0.0,0.0,348.0923209553289,22000.0
8535,line-43,7291.772081632654,4839.3766834569105,0.0,0.0,0.0,19418.531159815007
8536,line-43,7291.772081632654,3042.1593607671657,0.0,0.0,0.0,14945.254611535538
8537,line-43,3645.886040816327,1037.6239050471863,0.0,0.0,0.0,12199.71552125223
8538,line-43,3645.886040816327,0.0,0.0,0.0,0.0,8361.940741445575
8539,line-43,3645.886040816327,0.0,0.0,0.0,0.0,4524.165961638913
8540,line-43,3645.886040816327,0.0,1437.9283772593617,0.0,0.0,2200.0
8541,line-43,3645.886040816327,0.0,3645.886040816327,0.0,0.0,2200.0
8542,line-43,3645.886040816327,0.0,3645.886040816327,0.0,0.0,2200.0
8543,line-43,2734.4145306122496,0.0,2734.4145306122496,0.0,0.0,2200.0
8544,line-43,1822.9430204081634,0.0,1822.9430204081634,0.0,0.0,2200.0
8545,line-43,1822.9430204081634,0.0,1822.9430204081634,0.0,0.0,2200.0
8546,line-43,0.0,0.0,0.0,0.0,0.0,2200.0
8547,line-43,0.0,0.0,0.0,0.0,0.0,2200.0
8548,line-43,0.0,0.0,0.0,0.0,0.0,2200.0
8549,line-43,1822.943020408163,0.0,1822.943020408163,0.0,0.0,2200.0
8550,line-43,3645.886040816327,1037.8032240053833,2608.0828168109438,0.0,0.0,2200.0
8551,line-43,7291.772081632654,3042.6850973511027,4249.086984281553,0.0,0.0,2200.0
8552,line-43,7291.772081632654,4840.213009587212,2451.559072045443,0.0,0.0,2200.0
8553,line-43,3645.886040816327,6307.888404050149,0.0,0.0,0.0,4728.90224507213
8554,line-43,3645.886040816327,7345.691628055529,0.0,0.0,0.0,8243.71755294937
8555,line-43,3645.886040816327,7882.8981069383135,0.0,0.0,0.0,12268.879015765253
8556,line-43,3645.886040816327,7882.8981069383135,0.0,0.0,0.0,16294.040478581137
8557,line-43,3645.886040816327,7345.691628055534,0.0,0.0,0.0,19808.855786458385
8558,line-43,3645.886040816327,6307.888404050149,0.0,0.0,355.53477003212123,22000.0
8559,line-43,7291.772081632654,4840.213009587213,0.0,0.0,0.0,19419.411503110063
8560,line-43,7291.772081632654,3042.6850973511036,0.0,0.0,0.0,14946.688361761055
8561,line-43,3645.886040816327,1037.803224005387,0.0,0.0,0.0,12201.338028275857
8562,line-43,3645.886040816327,0.0,0.0,0.0,0.0,8363.563248469196
8563,line-43,3645.886040816327,0.0,0.0,0.0,0.0,4525.788468662534
8564,line-43,3645.886040816327,0.0,1436.3869955869184,0.0,0.0,2200.0
8565,line-43,3645.886040816327,0.0,3645.886040816327,0.0,0.0,2200.0
8566,line-43,3645.886040816327,0.0,3645.886040816327,0.0,0.0,2200.0
8567,line-43,2734.4145306122496,0.0,2734.4145306122496,0.0,0.0,2200.0
8568,line-43,1822.9430204081634,0.0,1822.9430204081634,0.0,0.0,2200.0
8569,line-43,1822.9430204081634,0.0,1822.9430204081634,0.0,0.0,2200.0
8570,line-43,0.0,0.0,0.0,0.0,0.0,2200.0
8571,line-43,0.0,0.0,0.0,0.0,0.0,2200.0
8572,line-43,0.0,0.0,0.0,0.0,0.0,2200.0
8573,line-43,1822.943020408163,0.0,1822.943020408163,0.0,0.0,2200.0
8574,line-43,3645.886040816327,1038.0849483138754,2607.8010925024523,0.0,0.0,2200.0
8575,line-43,7291.772081632654,3043.5110712305263,4248.261010402127,0.0,0.0,2200.0
8576,line-43,7291.772081632654,4841.526944282671,2450.245137349983,0.0,0.0,2200.0
8577,line-43,3645.886040816327,6309.600757083529,0.0,0.0,0.0,4730.528980453841
8578,line-43,3645.886040816327,7347.685705397403,0.0,0.0,0.0,8247.238661805859
8579,line-43,3645.886040816327,7885.038015513199,0.0,0.0,0.0,12274.433037767889
8580,line-43,3645.886040816327,7885.038015513199,0.0,0.0,0.0,16301.627413729908
8581,line-43,3645.886040816327,7347.685705397404,0.0,0.0,0.0,19818.337095081934
8582,line-43,3645.886040816327,6309.600757083529,0.0,0.0,367.2274479323926,22000.0
8583,line-43,7291.772081632654,4841.526944282674,0.0,0.0,0.0,19420.79459226318
8584,line-43,7291.772081632654,3043.5110712305263,0.0,0.0,0.0,14948.940897103044
8585,line-43,3645.886040816327,1038.084948313879,0.0,0.0,0.0,12203.887115521522
8586,line-43,3645.886040816327,0.0,0.0,0.0,0.0,8366.112335714857
8587,line-43,3645.886040816327,0.0,0.0,0.0,0.0,4528.337555908198
8588,line-43,3645.886040816327,0.0,1433.965362703539,0.0,0.0,2200.0
8589,line-43,3645.886040816327,0.0,3645.886040816327,0.0,0.0,2200.0
8590,line-43,3645.886040816327,0.0,3645.886040816327,0.0,0.0,2200.0
8591,line-43,2734.4145306122496,0.0,2734.4145306122496,0.0,0.0,2200.0
8592,line-43,1822.9430204081634,0.0,1822.9430204081634,0.0,0.0,2200.0
8593,line-43,1822.9430204081634,0.0,1822.9430204081634,0.0,0.0,2200.0
8594,line-43,0.0,0.0,0.0,0.0,0.0,2200.0
8595,line-43,0.0,0.0,0.0,0.0,0.0,2200.0
8596,line-43,0.0,0.0,0.0,0.0,0.0,2200.0
8597,line-43,1822.943020408163,0.0,1822.943020408163,0.0,0.0,2200.0
8598,line-43,3645.886040816327,1038.468994491667,2607.4170463246605,0.0,0.0,2200.0
8599,line-43,7291.772081632654,3044.6370376515506,4247.135043981103,0.0,0.0,2200.0
8600,line-43,7291.772081632654,4843.318098196084,2448.4539834365714,0.0,0.0,2200.0
8601,line-43,3645.886040816327,6311.935034310149,0.0,0.0,0.0,4732.746543819132
8602,line-43,3645.886040816327,7350.404028801815,0.0,0.0,0.0,8252.038632405347
8603,line-43,3645.886040816327,7887.955135847635,0.0,0.0,0.0,12282.004272685084
8604,line-43,3645.886040816327,7887.955135847635,0.0,0.0,0.0,16311.969912964827
8605,line-43,3645.886040816327,7350.404028801817,0.0,0.0,0.0,19831.26200155104
8606,line-43,3645.886040816327,6311.935034310149,0.0,0.0,383.16688986334054,22000.0
8607,line-43,7291.772081632654,4843.318098196085,0.0,0.0,0.0,19422.68001743519
8608,line-43,7291.772081632654,3044.6370376515524,0.0,0.0,0.0,14952.011550086656
8609,line-43,3645.886040816327,1038.4689944916704,0.0,0.0,0.0,12207.362027639649
8610,line-43,3645.886040816327,0.0,0.0,0.0,0.0,8369.58724783299
8611,line-43,3645.886040816327,0.0,0.0,0.0,0.0,4531.812468026329
8612,line-43,3645.886040816327,0.0,1430.6641961913149,0.0,0.0,2200.0
8613,line-43,3645.886040816327,0.0,3645.886040816327,0.0,0.0,2200.0
8614,line-43,3645.886040816327,0.0,3645.886040816327,0.0,0.0,2200.0
8615,line-43,2734.4145306122496,0.0,2734.4145306122496,0.0,0.0,2200.0
8616,line-43,1822.9430204081634,0.0,1822.9430204081634,0.0,0.0,2200.0
8617,line-43,1822.9430204081634,0.0,1822.9430204081634,0.0,0.0,2200.0
8618,line-43,0.0,0.0,0.0,0.0,0.0,2200.0
8619,line-43,0.0,0.0,0.0,0.0,0.0,2200.0
8620,line-43,0.0,0.0,0.0,0.0,0.0,2200.0
8621,line-43,1822.943020408163,0.0,1822.943020408163,0.0,0.0,2200.0
8622,line-43,3645.886040816327,1038.9552487375872,2606.93079207874,0.0,0.0,2200.0
8623,line-43,7291.772081632654,3046.062662966024,4245.709418666631,0.0,0.0,2200.0
8624,line-43,7291.772081632654,4845.585940569887,2446.1861410627685,0.0,0.0,2200.0
8625,line-43,3645.886040816327,6314.890544033294,0.0,0.0,0.0,4735.554278056117
8626,line-43,3645.886040816327,7353.84579277088,0.0,0.0,0.0,8258.116042412945
8627,line-43,3645.886040816327,7891.648603535909,0.0,0.0,0.0,12291.590476996551
8628,line-43,3645.886040816327,7891.648603535909,0.0,0.0,0.0,16325.064911580152
8629,line-43,3645.886040816327,7353.84579277088,0.0,0.0,0.0,19847.626675936976
8630,line-43,3645.886040816327,6314.890544033294,0.0,0.0,403.34837262431023,22000.0
8631,line-43,7291.772081632654,4845.585940569887,0.0,0.0,0.0,19425.067219933928
8632,line-43,7291.772081632654,3046.062662966025,0.0,0.0,0.0,14955.899410811162
8633,line-43,3645.886040816327,1038.9552487375902,0.0,0.0,0.0,12211.761734938807
8634,line-43,3645.886040816327,0.0,0.0,0.0,0.0,8373.986955132146
8635,line-43,3645.886040816327,0.0,0.0,0.0,0.0,4536.212175325484
8636,line-43,3645.886040816327,0.0,1426.4844742571156,0.0,0.0,2200.0
8637,line-43,3645.886040816327,0.0,3645.886040816327,0.0,0.0,2200.0
8638,line-43,3645.886040816327,0.0,3645.886040816327,0.0,0.0,2200.0
8639,line-43,2734.4145306122496,0.0,2734.4145306122496,0.0,0.0,2200.0
8640,line-43,1822.9430204081634,0.0,1822.9430204081634,0.0,0.0,2200.0
8641,line-43,1822.9430204081634,0.0,1822.9430204081634,0.0,0.0,2200.0
8642,line-43,0.0,0.0,0.0,0.0,0.0,2200.0
8643,line-43,0.0,0.0,0.0,0.0,0.0,2200.0
8644,line-43,0.0,0.0,0.0,0.0,0.0,2200.0
8645,line-43,1822.943020408163,0.0,1822.943020408163,0.0,0.0,2200.0
8646,line-43,3645.886040816327,1039.5435669640083,2606.342473852319,0.0,0.0,2200.0
8647,line-43,7291.772081632654,3047.787524730399,4243.9845569022555,0.0,0.0,2200.0
8648,line-43,7291.772081632654,4848.329799393439,2443.442282239215,0.0,0.0,2200.0
8649,line-43,3645.886040816327,6318.466410471646,0.0,0.0,0.0,4738.951351172552
8650,line-43,3645.886040816327,7358.009977435651,0.0,0.0,0.0,8265.469090960909
8651,line-43,3645.886040816327,7896.117324123839,0.0,0.0,0.0,12303.188810103044
8652,line-43,3645.886040816327,7896.117324123839,0.0,0.0,0.0,16340.908529245182
8653,line-43,3645.886040816327,7358.009977435651,0.0,0.0,0.0,19867.42626903354
8654,line-43,3645.886040816327,6318.466410471646,0.0,0.0,427.76591600641086,22000.0
8655,line-43,7291.772081632654,4848.329799393442,0.0,0.0,0.0,19427.955492379773
8656,line-43,7291.772081632654,3047.787524730399,0.0,0.0,0.0,14960.603327219509
8657,line-43,3645.886040816327,1039.5435669640117,0.0,0.0,0.0,12217.084933690756
8658,line-43,3645.886040816327,0.0,0.0,0.0,0.0,8379.310153884093
8659,line-43,3645.886040816327,0.0,0.0,0.0,0.0,4541.535374077433
8660,line-43,3645.886040816327,0.0,1421.4274354427675,0.0,0.0,2200.0
8661,line-43,3645.886040816327,0.0,3645.886040816327,0.0,0.0,2200.0
8662,line-43,3645.886040816327,0.0,3645.886040816327,0.0,0.0,2200.0
8663,line-43,2734.4145306122496,0.0,2734.4145306122496,0.0,0.0,2200.0
8664,line-43,1822.9430204081634,0.0,1822.9430204081634,0.0,0.0,2200.0
8665,line-43,1822.9430204081634,0.0,1822.9430204081634,0.0,0.0,2200.0
8666,line-43,0.0,0.0,0.0,0.0,0.0,2200.0
8667,line-43,0.0,0.0,0.0,0.0,0.0,2200.0
8668,line-43,0.0,0.0,0.0,0.0,0.0,2200.0
8669,line-43,1822.943020408163,0.0,1822.943020408163,0.0,0.0,2200.0
8670,line-43,3645.886040816327,1040.2337748395425,2605.6522659767847,0.0,0.0,2200.0
8671,line-43,7291.772081632654,3049.811111830908,4241.960969801747,0.0,0.0,2200.0
8672,line-43,7291.772081632654,4851.5488616021585,2440.223220030497,0.0,0.0,2200.0
8673,line-43,3645.886040816327,6322.661574018802,0.0,0.0,0.0,4742.936756542351
8674,line-43,3645.886040816327,7362.895348858342,0.0,0.0,0.0,8274.095599182263
8675,line-43,3645.886040816327,7901.359973433063,0.0,0.0,0.0,12316.795835168163
8676,line-43,3645.886040816327,7901.359973433063,0.0,0.0,0.0,16359.496071154063
8677,line-43,3645.886040816327,7362.895348858343,0.0,0.0,0.0,19890.65491379397
8678,line-43,3645.886040816327,6322.661574018802,0.0,0.0,456.41228456455383,22000.0
8679,line-43,7291.772081632654,4851.548861602161,0.0,0.0,0.0,19431.34397891526
8680,line-43,7291.772081632654,3049.811111830908,0.0,0.0,0.0,14966.121905439746
8681,line-43,3645.886040816327,1040.2337748395457,0.0,0.0,0.0,12223.330046516816
8682,line-43,3645.886040816327,0.0,0.0,0.0,0.0,8385.555266710155
8683,line-43,3645.886040816327,0.0,0.0,0.0,0.0,4547.7804869034935
8684,line-43,3645.886040816327,0.0,1415.494578258009,0.0,0.0,2200.0
8685,line-43,3645.886040816327,0.0,3645.886040816327,0.0,0.0,2200.0
8686,line-43,3645.886040816327,0.0,3645.886040816327,0.0,0.0,2200.0
8687,line-43,2734.4145306122496,0.0,2734.4145306122496,0.0,0.0,2200.0
8688,line-43,1822.9430204081634,0.0,1822.9430204081634,0.0,0.0,2200.0
8689,line-43,1822.9430204081634,0.0,1822.9430204081634,0.0,0.0,2200.0
8690,line-43,0.0,0.0,0.0,0.0,0.0,2200.0
8691,line-43,0.0,0.0,0.0,0.0,0.0,2200.0
8692,line-43,0.0,0.0,0.0,0.0,0.0,2200.0
8693,line-43,1822.943020408163,0.0,1822.943020408163,0.0,0.0,2200.0
8694,line-43,3645.886040816327,1041.0256678407015,2604.8603729756255,0.0,0.0,2200.0
8695,line-43,7291.772081632654,3052.132824635019,4239.639256997636,0.0,0.0,2200.0
8696,line-43,7291.772081632654,4855.242173318436,2436.529908314219,0.0,0.0,2200.0
8697,line-43,3645.886040816327,6327.474791557264,0.0,0.0,0.0,4747.509313203891
8698,line-43,3645.886040816327,7368.500459397967,0.0,0.0,0.0,8283.993010856448
8699,line-43,3645.886040816327,7907.374997953454,0.0,0.0,0.0,12332.40752013672
8700,line-43,3645.886040816327,7907.374997953454,0.0,0.0,0.0,16380.822029416991
8701,line-43,3645.886040816327,7368.5004593979675,0.0,0.0,0.0,19917.305727069546
8702,line-43,3645.886040816327,6327.474791557264,0.0,0.0,489.2789897615148,22000.0
8703,line-43,7291.772081632654,4855.242173318438,0.0,0.0,0.0,19435.23167545872
8704,line-43,7291.772081632654,3052.13282463502,0.0,0.0,0.0,14972.453510198051
8705,line-43,3645.886040816327,1041.0256678407045,0.0,0.0,0.0,12230.49522285529
8706,line-43,3645.886040816327,0.0,0.0,0.0,0.0,8392.72044304863
8707,line-43,3645.886040816327,0.0,0.0,0.0,0.0,4554.945663241971
8708,line-43,3645.886040816327,0.0,1408.6876607364554,0.0,0.0,2200.0
8709,line-43,3645.886040816327,0.0,3645.886040816327,0.0,0.0,2200.0
8710,line-43,3645.886040816327,0.0,3645.886040816327,0.0,0.0,2200.0
8711,line-43,2734.4145306122496,0.0,2734.4145306122496,0.0,0.0,2200.0
8712,line-43,1822.9430204081634,0.0,1822.9430204081634,0.0,0.0,2200.0
8713,line-43,1822.9430204081634,0.0,1822.9430204081634,0.0,0.0,2200.0
8714,line-43,0.0,0.0,0.0,0.0,0.0,2200.0
8715,line-43,0.0,0.0,0.0,0.0,0.0,2200.0
8716,line-43,0.0,0.0,0.0,0.0,0.0,2200.0
8717,line-43,1822.943020408163,0.0,1822.943020408163,0.0,0.0,2200.0
8718,line-43,3645.886040816327,1041.9190113124976,2603.96702950383,0.0,0.0,2200.0
8719,line-43,7291.772081632654,3054.751975169125,4237.020106463529,0.0,0.0,2200.0
8720,line-43,7291.772081632654,4859.408640134303,2432.363441498352,0.0,0.0,2200.0
8721,line-43,3645.886040816327,6332.904636826802,0.0,0.0,0.0,4752.667666209949
8722,line-43,3645.886040816327,7374.823648139301,0.0,0.0,0.0,8295.158393166776
8723,line-43,3645.886040816327,7914.160615303426,0.0,0.0,0.0,12350.019238929519
8724,line-43,3645.886040816327,7914.160615303426,0.0,0.0,0.0,16404.880084692268
8725,line-43,3645.886040816327,7374.823648139301,0.0,0.0,0.0,19947.37081164909
8726,line-43,3645.886040816327,6332.904636826802,0.0,0.0,526.3562924832037,22000.0
8727,line-43,7291.772081632654,4859.408640134304,0.0,0.0,0.0,19439.617430001734
8728,line-43,7291.772081632654,3054.7519751691257,0.0,0.0,0.0,14979.596265303286
8729,line-43,3645.886040816327,1041.9190113125007,0.0,0.0,0.0,12238.578339509786
8730,line-43,3645.886040816327,0.0,0.0,0.0,0.0,8400.803559703123
8731,line-43,3645.886040816327,0.0,0.0,0.0,0.0,4563.02877989646
8732,line-43,3645.886040816327,0.0,1401.0086999146888,0.0,0.0,2200.0
8733,line-43,3645.886040816327,0.0,3645.886040816327,0.0,0.0,2200.0
8734,line-43,3645.886040816327,0.0,3645.886040816327,0.0,0.0,2200.0
8735,line-43,2734.4145306122496,0.0,2734.4145306122496,0.0,0.0,2200.0
8736,line-43,1822.9430204081634,0.0,1822.9430204081634,0.0,0.0,2200.0
8737,line-43,1822.9430204081634,0.0,1822.9430204081634,0.0,0.0,2200.0
8738,line-43,0.0,0.0,0.0,0.0,0.0,2200.0
8739,line-43,0.0,0.0,0.0,0.0,0.0,2200.0
8740,line-43,0.0,0.0,0.0,0.0,0.0,2200.0
8741,line-43,1822.943020408163,0.0,1822.943020408163,0.0,0.0,2200.0
8742,line-43,3645.886040816327,1042.9135405379805,2602.9725002783466,0.0,0.0,2200.0
8743,line-43,7291.772081632654,3057.6677873223944,4234.10429431026,0.0,0.0,2200.0
8744,line-43,7291.772081632654,4864.047027435721,2427.7250541969333,0.0,0.0,2200.0
8745,line-43,3645.886040816327,6338.949500847078,0.0,0.0,0.0,4758.410287029212
8746,line-43,3645.886040816327,7381.863041385059,0.0,0.0,0.0,8307.588437569502
8747,line-43,3645.886040816327,7921.714814758114,0.0,0.0,0.0,12369.6257728142
8748,line-43,3645.886040816327,7921.714814758114,0.0,0.0,0.0,16431.663108058903
8749,line-43,3645.886040816327,7381.86304138506,0.0,0.0,0.0,19980.841258599197
8750,line-43,3645.886040816327,6338.949500847078,0.0,0.0,567.6332059246399,22000.0
8751,line-43,7291.772081632654,4864.047027435723,0.0,0.0,0.0,19444.499942950606
8752,line-43,7291.772081632654,3057.6677873223953,0.0,0.0,0.0,14987.548054202955
8753,line-43,3645.886040816327,1042.913540537984,0.0,0.0,0.0,12247.577001278389
8754,line-43,3645.886040816327,0.0,0.0,0.0,0.0,8409.802221471724
8755,line-43,3645.886040816327,0.0,0.0,0.0,0.0,4572.0274416650645
8756,line-43,3645.886040816327,0.0,1392.4599712345157,0.0,0.0,2200.0
8757,line-43,3645.886040816327,0.0,3645.886040816327,0.0,0.0,2200.0
8758,line-43,3645.886040816327,0.0,3645.886040816327,0.0,0.0,2200.0
8759,line-43,2734.4145306122496,0.0,2734.4145306122496,0.0,0.0,2200.0
