month,year,capex_usd,government_usd_cash,government_iqd_cash,climate_capital_grant_iqd,private_equity_iqd,chinese_export_credit_draw_native,chinese_export_credit_interest_native,chinese_export_credit_principal_native,chinese_export_credit_fees_native,chinese_export_credit_closing_balance_native,domestic_bonds_draw_native,domestic_bonds_interest_native,domestic_bonds_principal_native,domestic_bonds_fees_native,domestic_bonds_closing_balance_native,bank_credit_draw_native,bank_credit_interest_native,bank_credit_principal_native,bank_credit_fees_native,bank_credit_closing_balance_native,green_bonds_draw_native,green_bonds_interest_native,green_bonds_principal_native,green_bonds_fees_native,green_bonds_closing_balance_native,chinese_export_credit_early_principal_native,chinese_export_credit_early_premium_native,domestic_bonds_early_principal_native,domestic_bonds_early_premium_native,bank_credit_early_principal_native,bank_credit_early_premium_native,green_bonds_early_principal_native,green_bonds_early_premium_native,revenue_iqd,opex_iqd,fare_receipts_iqd,nonfare_receipts_iqd,incremental_net_receipts_iqd,net_rights_receipts_iqd,core_interest_usd_equivalent,core_principal_usd_equivalent,core_fees_usd_equivalent,core_debt_service_usd_equivalent,early_core_principal_usd_equivalent,early_premiums_usd_equivalent,liquidity_draw_iqd,liquidity_interest_iqd,liquidity_draw_fee_iqd,liquidity_repayment_iqd,closing_liquidity_debt_iqd,uncovered_support_required_iqd,reserve_deposit_iqd_equivalent,reserve_release_iqd_equivalent,closing_reserve_iqd_equivalent,closing_project_cash_iqd,operating_buffer_deposit_iqd,operating_buffer_release_iqd,closing_operating_buffer_iqd,cash_balance_residual_usd
0,1,39144932.384,3672178.0398,7677190220.233664,0.0,0.0,3672178.0398,7650.37091625,0.0,54810.44740956771,3672178.0398,25247669231.614758,84158897.43871586,0.0,126238346.1580738,25247669231.614758,8415889743.871586,31559586.539518446,0.0,84158897.43871586,8415889743.871586,0.0,0.0,0.0,0.0,0,0.0,0.0,0.0,0.0,0.0,0.0,0.0,0.0,0.0,5265000.000000001,0.0,0.0,0.0,0.0,96664.58936104561,0.0,216654.48094555977,96664.58936104561,0.0,0.0,430888306.51995337,359073.5887666278,2154441.532599767,0.0,430888306.51995337,0.0,0.0,0.0,0.0,0.0,15795000.000000006,0.0,15795000.000000006,0.0
1,1,7854103.766000003,589057.7824499999,1732418397.2420957,0.0,0.0,589057.7824499999,16527.9455459375,0.0,23733.804093380204,4261235.82225,5209774698.140931,185683710.5379015,0.0,26048873.490704656,30457443929.755688,1736591566.046977,69631391.45171306,72284735.63796803,17365915.66046977,10080196574.280594,0.0,0.0,0.0,0.0,0,0.0,0.0,0.0,0.0,0.0,0.0,0.0,0.0,0.0,5265000.000000001,0.0,0.0,0.0,0.0,212924.17784564098,55603.64279843695,57129.79574812976,268527.82064407796,0.0,0.0,431857215.57827663,1078028.1905151529,2159286.0778913833,0.0,862745522.0982301,0.0,0.0,0.0,0.0,0.0,0.0,0.0,15795000.000000006,9.313225746154785e-10
2,1,29172385.405999992,2187928.90545,6434696901.710272,0.0,0.0,2187928.90545,22313.3344790625,0.0,38810.87827944271,6449164.7277,19350591728.93979,267551598.62817055,0.0,96752958.64469895,49808035658.69548,6450197242.979929,99789713.9682792,87742592.02175301,64501972.42979929,16442651225.238771,0.0,0.0,0.0,0.0,0,0.0,0.0,0.0,0.0,0.0,0.0,0.0,0.0,0.0,5265000.000000001,0.0,0.0,0.0,0.0,304883.57493787,67494.30155519463,162853.13295213366,372377.87649306457,0.0,0.0,706625201.8262411,2026763.5383522508,3533126.0091312057,0.0,1569370723.9244714,0.0,0.0,0.0,0.0,0.0,0.0,0.0,15795000.000000006,0.0
3,1,30925533.560999993,2319415.0170749994,6821397435.253113,0.0,0.0,2319415.0170749994,31703.63431765625,0.0,39159.31647191145,8768579.744775,20513487862.23891,400431863.9320996,0.0,102567439.31119455,70321523520.93439,6837829287.412971,148961744.01708943,143801910.37455505,68378292.8741297,23136678602.277187,0.0,0.0,0.0,0.0,0,0.0,0.0,0.0,0.0,0.0,0.0,0.0,0.0,0.0,5265000.000000001,0.0,0.0,0.0,0.0,454314.10197087855,110616.85413427312,170656.03353754547,564930.9561051517,0.0,0.0,969800876.1864681,3423785.2700295094,4849004.38093234,0.0,2539171600.1109395,1.5133991837501526e-07,0.0,0.0,0.0,0.0,0.0,0.0,15795000.000000006,0.0
4,1,32643618.7675,2448271.407562501,7200363961.345491,0.0,0.0,2448271.407562501,41636.31436898438,0.0,39427.767290302094,11216851.1523375,21653126082.5565,540987243.7480843,0.0,108265630.4127825,91974649603.49089,7217708694.1855,200591497.1202745,203611075.58073723,72177086.941855,30150776220.88195,0.0,0.0,0.0,0.0,0,0.0,0.0,0.0,0.0,0.0,0.0,0.0,0.0,0.0,5265000.000000001,0.0,0.0,0.0,0.0,612081.4996523373,156623.9042928748,178229.85756310017,768705.4039452121,0.0,0.0,1247791576.8258083,5271778.980873072,6238957.884129042,0.0,3786963176.9367476,0.0,0.0,0.0,0.0,0.0,0.0,0.0,15795000.000000006,-7.450580596923828e-09
5,1,24438885.37399999,1832916.4030499998,5390605458.16684,0.0,0.0,1832916.4030499998,50555.45564109376,0.0,32510.50207723958,13049767.5553875,16210772160.07736,667200237.8901972,0.0,81053860.8003868,108185421763.56825,5403590720.025786,246394286.85671133,267131623.48011196,54035907.20025787,35287235317.42763,0.0,0.0,0.0,0.0,0,0.0,0.0,0.0,0.0,0.0,0.0,0.0,0.0,0.0,5265000.000000001,0.0,0.0,0.0,0.0,753320.4746771771,205485.86421547073,136425.70823158164,958806.3388926479,0.0,0.0,1443800435.7650228,7514772.324698765,7219002.178825114,0.0,5230763612.70177,0.0,0.0,0.0,0.0,0.0,0.0,0.0,15795000.000000006,0.0
6,1,34642207.68699998,2598165.5765250004,7641202574.613431,0.0,0.0,2598165.5765250004,59786.876431875,0.0,39080.42482177084,15647933.1319125,22978827689.641155,797832237.3892589,0.0,114894138.44820577,131164249453.2094,7659609229.880384,293377799.49275863,315546974.23573184,76596092.29880384,42631297573.07227,0.0,0.0,0.0,0.0,0,0.0,0.0,0.0,0.0,0.0,0.0,0.0,0.0,0.0,5265000.000000001,0.0,0.0,0.0,0.0,899179.2124949654,242728.44171979371,186380.60231947055,1141907.6542147591,0.0,0.0,1750971674.2823153,10177082.416404879,8754858.371411577,0.0,6981735286.984085,0.0,0.0,0.0,0.0,3.026798367500305e-07,0.0,0.0,15795000.000000006,-2.3283064365386963e-10
7,1,26121907.595999993,1959143.0697,5761837968.868058,0.0,0.0,1959143.0697,69281.26944484375,0.0,31873.89014114583,17607076.2016125,17327152443.53395,932185504.4998426,0.0,86635762.21766976,148491401896.74335,5775717481.177983,341393672.3524595,383702559.6592554,57757174.811779834,48023312494.591,0.0,0.0,0.0,0.0,0,0.0,0.0,0.0,0.0,0.0,0.0,0.0,0.0,0.0,5265000.000000001,0.0,0.0,0.0,0.0,1048957.55933123,295155.81512250414,142945.38016379936,1344113.3744537341,0.0,0.0,1961519805.345616,13270825.316094821,9807599.02672808,0.0,8943255092.3297,0.0,0.0,0.0,0.0,0.0,0.0,0.0,15795000.000000006,0.0
8,1,32244863.757999998,2426308.778275,7102081407.236372,0.0,0.0,2426308.778275,78417.62746145834,0.0,35534.58523594792,20033384.9798875,21380878990.98647,1061212275.9482441,0.0,106904394.95493235,169872280887.72983,7126959663.662157,386900942.44816566,436188418.3104097,71269596.63662158,54714083739.94276,0.0,0.0,0.0,0.0,0,0.0,0.0,0.0,0.0,0.0,0.0,0.0,0.0,0.0,5265000.000000001,0.0,0.0,0.0,0.0,1192350.8723817735,335529.552546469,172591.50184483555,1527880.4249282426,0.0,0.0,2243873190.2352567,16775319.479078881,11219365.951176282,0.0,11187128282.564957,0.0,0.0,0.0,0.0,0.0,0.0,0.0,15795000.000000006,-7.450580596923828e-09
9,1,36104674.677,2278937.277049999,8521373451.049275,0.0,0.0,2278937.277049999,88220.22341005209,0.0,33111.313024927076,22312322.2569375,24367100031.540546,1213705539.3566675,0.0,121835500.15770273,194239380919.27036,8122366677.1801815,440814503.08899635,500673845.7550693,81223666.77180183,62335776571.36787,0.0,0.0,0.0,0.0,0,0.0,0.0,0.0,0.0,0.0,0.0,0.0,0.0,0.0,5265000.000000001,0.0,0.0,0.0,0.0,1360927.948368255,385133.7275038995,189310.67220146905,1746061.6758721545,0.0,0.0,2554797250.259835,20774211.51282479,12773986.251299175,0.0,13741925532.824791,0.0,0.0,0.0,0.0,0.0,0.0,0.0,15795000.000000006,0.0
10,1,230193020.44499996,21883189.938149996,44770482204.13977,0.0,0.0,21883189.938149996,138557.98844171874,0.0,220035.84382836457,44195512.19508749,148188112901.37766,1788889582.466395,0.0,740940564.5068883,342427493820.648,49396037633.79255,652753465.411981,574192542.6452615,493960376.33792555,111157621662.51515,0.0,0.0,0.0,0.0,0,0.0,0.0,0.0,0.0,0.0,0.0,0.0,0.0,0.0,5265000.000000001,0.0,0.0,0.0,0.0,2016744.9483481618,441686.5712655858,1169959.6444782214,2458431.5196137475,0.0,0.0,4772918748.574285,26880641.511853226,23864593.742871422,0.0,18514844281.399075,0.0,0.0,0.0,0.0,6.05359673500061e-07,0.0,0.0,15795000.000000006,2.9336661100387573e-08
11,1,36734408.47899997,2889466.6724749976,7927987772.695647,0.0,0.0,2889466.6724749976,190167.68971385417,0.0,28894.666724749975,47084978.867562495,24235597426.17699,2363635283.5582438,0.0,121177987.13088495,366663091246.825,8078532475.39233,863976659.2515849,1002765419.68755,80785324.7539233,118233388718.21992,0.0,0.0,0.0,0.0,0,0.0,0.0,0.0,0.0,0.0,0.0,0.0,0.0,0.0,5265000.000000001,0.0,0.0,0.0,0.0,2672946.107259876,771358.0151442692,184251.06048229476,3444304.122404145,0.0,0.0,4781134764.346725,34842352.77262073,23905673.82173363,0.0,23295979045.745804,0.0,0.0,0.0,0.0,0.0,0.0,0.0,15795000.000000006,0.0
12,2,39908493.68449999,3157252.8067124994,8589462731.314443,0.0,0.0,3157252.8067124994,202765.02196216144,0.0,70166.82217519265,50242231.674274996,26312041320.81228,2532127412.7148747,0.0,131560206.6040614,392975132567.63727,8770680440.27076,919640467.0376648,1079673307.9926133,87706804.4027076,125924395850.49808,0.0,0.0,0.0,0.0,0,0.0,0.0,0.0,0.0,0.0,0.0,0.0,0.0,0.0,5528250.000000001,0.0,0.0,0.0,0.0,2857971.083310269,830517.9292250872,238833.7537188611,3688489.012535356,0.0,0.0,5180886063.242306,43144036.79561159,25904430.316211533,0.0,28476865108.988106,0.0,0.0,0.0,0.0,6.05359673500061e-07,789750.0,0.0,16584750.000000006,-4.656612873077393e-10
13,2,48568827.594999954,3807470.019862498,10498815466.330091,0.0,0.0,3807470.019862498,217274.86118419268,0.0,75082.54846508327,54049701.69413749,32055928766.64551,2726687313.0064006,0.0,160279643.83322757,425031061334.2828,10685309588.881838,984502879.8370423,1163102918.497832,106853095.88881838,135446602520.88208,0.0,0.0,0.0,0.0,0,0.0,0.0,0.0,0.0,0.0,0.0,0.0,0.0,0.0,5528250.000000001,0.0,0.0,0.0,0.0,3072036.5479868413,894694.5526906401,280569.2713281955,3966731.100677481,0.0,0.0,5607188776.652833,52134099.16219087,28035943.88326417,0.0,34084053885.64094,0.0,0.0,0.0,0.0,0.0,0.0,0.0,16584750.000000006,0.0
14,2,61015095.423999935,4893695.320837486,13045568357.547821,0.0,0.0,4893695.320837486,235402.28897731766,0.0,83905.76175781751,58943397.014974974,39819445963.63028,2966271895.4406533,0.0,199097229.81815138,464850507297.9131,13387611964.868658,1066053063.7748733,1263603150.6782112,133876119.64868657,147570611335.07254,343389930.9756931,572316.5516261553,0.0,2718503.620224237,343389930.9756931,0.0,0.0,0.0,0.0,0.0,0.0,0.0,0.0,0.0,5528250.000000001,0.0,0.0,0.0,0.0,3337630.962644358,972002.4235986241,342130.2641324807,4309633.386242982,0.0,0.0,6145476364.088017,61927986.779474914,30727381.82044009,0.0,40229530249.72896,0.0,0.0,0.0,0.0,0.0,0.0,0.0,16584750.000000006,0.0
15,2,73015104.29799998,5866403.390937491,15597949862.527054,0.0,0.0,5866403.390937491,257819.16129351553,0.0,91188.50771259362,64809800.40591247,47536692784.863045,3257459024.6022973,0.0,237683463.9243152,512387200082.7761,16017259227.10886,1166844307.1147022,1388067421.1895816,160172592.2710886,162199803140.99182,515084896.46353966,2003107.9306915435,0.0,4220834.5682428945,858474827.4392328,0.0,0.0,0.0,0.0,0.0,0.0,0.0,0.0,0.0,5528250.000000001,0.0,0.0,0.0,0.0,3662670.2687148163,1067744.170145832,400478.4236846295,4730414.438860648,0.0,0.0,6782301614.476188,72701135.09494507,33911508.07238094,0.0,47011831864.20514,0.0,0.0,0.0,0.0,0.0,0.0,0.0,16584750.000000006,0.0
16,2,75838834.6739999,7442869.876487488,14446701276.176695,0.0,0.0,7442869.876487488,285546.81393398426,0.0,103851.9767862238,72252670.28239995,43529240108.97531,3561012134.2484255,0.0,217646200.54487655,555916440191.7515,16198080530.288927,1277241325.5460222,1536051419.861465,161980805.3028893,176861832251.41928,5065001481.891471,11303251.894616561,0.0,40455626.24307382,5923476309.330704,0.0,0.0,0.0,0.0,0.0,0.0,0.0,0.0,0.0,5528250.000000001,0.0,0.0,0.0,0.0,4015975.0536948023,1181578.01527805,426992.46300994663,5197553.068972852,0.0,0.0,7439185744.863015,84552374.56106108,37195928.72431508,0.0,54451017609.06816,1.210719347000122e-06,0.0,0.0,0.0,0.0,0.0,0.0,16584750.000000006,0.0
17,2,85066277.8174999,8662343.053824998,15796404487.975996,0.0,0.0,8662343.053824998,319099.34087213525,0.0,112437.39895383849,80915013.33622496,47075407483.376045,3863027626.22293,0.0,235377037.41688022,602991847675.1274,18066916183.707222,1394214677.5745468,1686698386.847483,180669161.8370722,193242050048.27902,7125341067.745626,31620489.47734506,0.0,58877065.24854067,13048817377.07633,0.0,0.0,0.0,0.0,0.0,0.0,0.0,0.0,0.0,5528250.000000001,0.0,0.0,0.0,0.0,4387455.33569892,1297460.297574987,477762.9870326793,5684915.633273908,0.0,0.0,8155334939.561116,97547808.46474788,40776674.69780558,0.0,62606352548.62927,0.0,0.0,0.0,0.0,0.0,0.0,0.0,16584750.000000006,-1.4901161193847656e-08
18,2,93659890.15799987,9148613.9829625,17897664933.42552,0.0,0.0,9148613.9829625,356205.5013654425,0.0,113488.18575231246,90063627.31918745,52986281643.351974,4196566589.97869,0.0,264931408.21675986,655978129318.4795,20018448979.06795,1524384559.0335972,1854526781.7682552,200184489.79067954,211405972245.57874,7069065293.851886,55277833.41334091,0.0,61400440.81677589,20117882670.928215,0.0,0.0,0.0,0.0,0.0,0.0,0.0,0.0,0.0,7371000.000000001,0.0,0.0,0.0,0.0,4799458.564769772,1426559.062898658,518500.754078632,6226017.62766843,0.0,0.0,8937251031.53619,111791630.10732897,44686255.15768095,0.0,71543603580.16547,0.0,0.0,0.0,0.0,0.0,5528250.0,0.0,22113000.000000004,1.4901161193847656e-08
19,2,187344543.05399993,19051728.454162486,34822355638.32621,0.0,0.0,19051728.454162486,414956.2147761196,0.0,204581.11027507795,109115355.77334994,111711645128.54964,4745559679.218363,0.0,558558225.6427482,767689774447.029,39797764087.76281,1734786407.1709511,2040375757.5573187,397977640.8776281,249163360575.7842,7681647134.738798,79862354.12765872,0.0,69195490.9295689,27799529805.667015,0.0,0.0,0.0,0.0,0.0,0.0,0.0,0.0,0.0,7371000.000000001,0.0,0.0,0.0,0.0,5461270.399789175,1569519.8135056298,993605.2313904203,7030790.213294804,0.0,0.0,10620276027.551786,128089569.32323562,53101380.13775893,0.0,82163879607.71725,0.0,0.0,0.0,0.0,1.210719347000122e-06,0.0,0.0,22113000.000000004,-9.313225746154785e-10
20,2,71619897.37699999,7469827.955087484,13069717583.828442,0.0,0.0,7469827.955087484,470209.4572953904,0.0,85649.67696970815,116585183.72843742,38948994264.5047,5247761810.528543,0.0,194744971.3225235,806638768711.5338,15153649080.761023,1925551388.3712354,2397504686.063341,151536490.8076102,261919504970.4819,6511952977.778376,103518354.31518734,0.0,63136098.49310672,34311482783.44539,0.0,0.0,0.0,0.0,0.0,0.0,0.0,0.0,0.0,7371000.000000001,0.0,0.0,0.0,0.0,6067772.1905376725,1844234.3738948777,400586.2620645085,7912006.56443255,0.0,0.0,11014935262.82552,146118912.0652167,55074676.3141276,0.0,93178814870.54277,0.0,0.0,0.0,0.0,0.0,0.0,0.0,22113000.000000004,1.4901161193847656e-08
21,2,72741175.0895,7794201.408824976,13004682425.146284,0.0,0.0,7794201.408824976,502009.51847020804,0.0,85645.82758673931,124379385.1372624,38799667100.44044,5506924015.078361,0.0,193998335.50220218,845438435811.9742,15323480382.064692,2021859338.7113566,2545641849.0886326,153234803.82064694,274697343503.45795,7170774045.75364,126322899.35440737,0.0,71065079.02198523,41482256829.19903,0.0,0.0,0.0,0.0,0.0,0.0,0.0,0.0,0.0,7371000.000000001,0.0,0.0,0.0,0.0,6390552.790119535,1958186.0377604866,407413.6878519965,8348738.827880022,0.0,0.0,11613412199.734312,164975868.28401655,58067060.99867157,0.0,104792227070.2771,0.0,0.0,0.0,0.0,0.0,0.0,0.0,22113000.000000004,0.0
22,2,72722899.82150002,8113365.808212471,12583955801.33214,0.0,0.0,8113365.808212471,535150.2835057027,0.0,85456.90249385909,132492750.94547488,37154423449.070045,5760104316.910062,0.0,185772117.24535024,882592859261.0443,15215265716.316362,2117287322.7121208,2696348735.174515,152152657.16316363,287216260484.5998,8491373699.87904,152426478.93046182,0.0,84507648.80287533,49973630529.07807,0.0,0.0,0.0,0.0,0.0,0.0,0.0,0.0,0.0,7371000.000000001,0.0,0.0,0.0,0.0,6711933.451623121,2074114.4116727037,410404.9203487738,8786047.863295825,0.0,0.0,12208630340.84336,184827570.40116462,61043151.704216816,0.0,117000857411.12047,0.0,0.0,0.0,0.0,0.0,0.0,0.0,22113000.000000004,-1.4901161193847656e-08
23,2,100229902.7875,10375786.58816248,18392096861.290905,0.0,0.0,10375786.58816248,573669.3509981505,0.0,103757.8658816248,142868537.53363734,56339595801.78025,6071751047.74623,0.0,281697979.00890124,938932455062.8246,21232432908.309162,2233743577.040658,2847256458.6730447,212324329.08309165,305601436934.2359,7357702923.147228,178841606.63550562,0.0,79070827.52869809,57331333452.225296,0.0,0.0,0.0,0.0,0.0,0.0,0.0,0.0,0.0,7371000.000000001,0.0,0.0,0.0,0.0,7100081.836707684,2190197.275902342,544598.7394360024,9290279.112610027,0.0,0.0,13063919835.720074,205888028.88163418,65319599.17860037,0.0,130064777246.84053,0.0,0.0,0.0,0.0,2.421438694000244e-06,0.0,0.0,22113000.000000004,-1.862645149230957e-09
24,3,82025079.40200007,8544977.509349976,14981650719.242844,198144072.44274586,0.0,8544977.509349976,613087.6095346347,0.0,147127.32250804687,151413515.04298732,45036014649.283775,6409669749.249777,0.0,225180073.24641883,983968469712.1083,17308966726.651142,2356919402.231711,3050977910.0135765,173089667.26651144,286067363153.0494,6890885530.669647,202589254.05853373,0.0,78440899.38956192,64222218982.89494,0.0,0.0,0.0,0.0,33792062597.824085,337920625.97824085,0.0,0.0,0.0,7739550.000000001,0.0,0.0,0.0,65000000000.0,7512455.613796189,2346906.084625828,513827.8147407332,9859361.698422018,25993894.306018528,259938.94306018527,0.0,216774628.74473423,0.0,0.0,130064777246.84053,0.0,17159250580.341373,0.0,17159250580.341373,0.0,1105650.0,0.0,23218650.000000004,0.0
25,3,95320293.31099994,9925996.914325027,17415199741.186165,242950816.17700946,0.0,9925996.914325027,651568.8062506244,0.0,156801.68451016193,161339511.95731235,51928543347.913895,6732884942.57377,72962082.37932879,259642716.7395695,1035824050977.6428,20112659692.42292,2220927697.494456,2895767544.5215282,201126596.92422923,303284255300.9508,8409435729.354874,228089789.49190795,0.0,93333957.43359898,72631654712.24982,0.0,0.0,0.0,0.0,0.0,0.0,0.0,0.0,0.0,7739550.000000001,0.0,0.0,0.0,0.0,7714570.675143035,2283638.174539121,583034.9699696986,9998208.849682154,0.0,0.0,13730440085.332865,228216662.1491783,68652200.42666432,0.0,143795217332.1734,0.0,0.0,329785292.7903866,16829465287.550985,0.0,0.0,0.0,23218650.000000004,0.0
26,3,97413662.07450001,10181355.878075039,17749081213.582806,228057358.03644842,0.0,10181355.878075039,693459.1245681244,0.0,155113.04253179746,171520867.83538738,53761482291.50325,7084698614.155965,88503985.43261746,268807411.45751625,1089497029283.7135,20547274210.558914,2351684193.046727,3090235009.221181,205472742.10558915,320741294502.2885,7880340340.173503,255239416.27445525,0.0,92649217.15647765,80511995052.42332,0.0,0.0,0.0,0.0,0.0,0.0,0.0,0.0,0.0,7739550.000000001,0.0,0.0,0.0,0.0,8148553.142627468,2445183.8420413835,591212.5584699382,10593736.98466885,0.0,0.0,14874601158.391333,252054196.5189484,74373005.79195666,0.0,158669818490.56473,0.0,0.0,0.0,16829465287.550985,0.0,0.0,0.0,23218650.000000004,0.0
27,3,88695239.49550013,9694389.429287551,15609025935.663582,278908143.82933384,0.0,9694389.429287551,734866.9272917965,0.0,146204.04911505277,181215257.26467493,46130686261.9306,7417082482.764525,145014400.33044025,230653431.309653,1135482701145.3137,18552616187.127407,2475132019.4688916,3289893918.0153003,185526161.87127408,336004016771.40063,9527162299.45162,284251920.67383045,0.0,108970032.80916837,90039157351.87494,0.0,0.0,0.0,0.0,0.0,0.0,0.0,0.0,0.0,7739550.000000001,0.0,0.0,0.0,0.0,8562918.021835832,2642237.167958262,550165.2998766646,11205155.189794095,0.0,0.0,15645370545.5721,277487506.2722513,78226852.72786051,0.0,174315189036.13684,0.0,0.0,0.0,16829465287.550985,2.421438694000244e-06,0.0,0.0,23218650.000000004,2.7939677238464355e-08
28,3,114883323.94650021,12690333.865137564,20044071327.13291,422967477.2438052,0.0,12690333.865137564,781501.7674885155,0.0,170875.85436307892,193905591.1298125,57703015543.95442,7762228059.4486065,205262151.57539132,288515077.7197721,1192980454537.6926,23971603569.178974,2609923639.169926,3473917994.7601085,239716035.69178972,356501702345.8195,14211795163.582497,323816849.77888733,0.0,150026360.6083093,104250952515.45744,0.0,0.0,0.0,0.0,0.0,0.0,0.0,0.0,0.0,7739550.000000001,0.0,0.0,0.0,0.0,9009169.881640377,2830138.574104231,692612.3728399029,11839308.45574461,0.0,0.0,16687103378.595232,304431234.5423907,83435516.89297616,0.0,191002292414.7321,0.0,0.0,0.0,16829465287.550985,2.421438694000244e-06,0.0,0.0,23218650.000000004,-1.862645149230957e-09
29,3,111742595.81300028,12489586.224037562,19306056375.814358,462350446.96484107,0.0,12489586.224037562,833959.9343409636,0.0,163664.38369206322,206395177.35385007,54388656819.63553,8134498552.983402,269204942.76614845,271943284.0981777,1247099906414.562,23256010887.905876,2760972808.4232936,3705866358.795105,232560108.87905878,376051846874.93024,15379375844.082104,373135468.124995,0.0,165191288.98042393,119630328359.53954,0.0,0.0,0.0,0.0,0.0,0.0,0.0,0.0,0.0,7739550.000000001,0.0,0.0,0.0,0.0,9502119.033980725,3057747.1550471177,678814.1390441095,12559866.189027846,0.0,0.0,17639256795.156506,333036534.68718386,88196283.97578253,0.0,208641549209.88858,0.0,0.0,0.0,16829465287.550985,0.0,0.0,0.0,23218650.000000004,0.0
30,3,121535337.8880006,14035609.16183758,20411052317.714973,583855013.6471436,0.0,14035609.16183758,889220.7580615369,0.0,173276.44258596443,220430786.51568764,56045080678.71121,8500816311.692784,317846410.0178982,280225403.39355606,1302827140683.2554,25127112025.565235,2914615521.657847,3933408054.018598,251271120.25565237,351274089618.23285,19336255397.984497,430994853.52843934,0.0,202924658.7171854,138966583757.52405,0.0,0.0,0.0,0.0,45971461228.24403,459714612.28244036,0.0,0.0,0.0,7739550.000000001,0.0,0.0,0.0,65000000000.0,10001856.671045437,3270195.7415665356,738215.8136370365,13272052.412611973,35362662.48326464,353626.62483264646,0.0,347735915.3498143,0.0,0.0,208641549209.88858,0.0,0.0,0.0,16829465287.550985,0.0,0.0,0.0,23218650.000000004,-2.9802322387695312e-08
31,3,146861116.55849996,17161156.041675057,24403336680.25826,717267449.1770442,0.0,17161156.041675057,954214.0189021882,0.0,197381.42970030793,237591942.5573627,67158984109.00441,8909377551.58505,386370847.2578132,335794920.5450221,1369599753945.002,30294960422.06487,2748161773.7194896,4062003677.457821,302949604.2206487,377507046362.8399,23725897157.1902,502765107.78706384,0.0,245732762.3933908,162692480914.71423,0.0,0.0,0.0,0.0,0.0,0.0,0.0,0.0,0.0,7739550.000000001,0.0,0.0,0.0,0.0,10308294.352049576,3421826.5574735645,877748.5736688168,13730120.909523139,0.0,0.0,19459217897.903797,363951930.2647342,97296089.48951899,0.0,228100767107.7924,0.0,0.0,0.0,16829465287.550985,2.421438694000244e-06,0.0,0.0,23218650.000000004,2.7939677238464355e-08
32,3,121334036.54500006,14695097.302512528,19489688824.027073,714218237.453148,0.0,14695097.302512528,1020581.2133692458,0.0,166597.8850993024,252287039.85987523,50937617874.674385,9300457085.882263,439019596.76436955,254688089.37337193,1420098352222.912,24830771865.121822,2924418242.2155056,4352674490.988636,248307718.65121824,397985143736.9731,23554697720.69108,581566099.2501993,0.0,254263224.00326863,186247178635.4053,0.0,0.0,0.0,0.0,0.0,0.0,0.0,0.0,0.0,7739550.000000001,0.0,0.0,0.0,0.0,10871690.003636912,3685918.5290407734,749104.83281304,14557608.532677686,0.0,0.0,20405667933.26162,397172668.457372,102028339.6663081,0.0,248506435041.054,0.0,0.0,0.0,16829465287.550985,0.0,0.0,0.0,23218650.000000004,-2.9802322387695312e-08
33,3,127657989.55699965,15315099.110987525,20695177391.745556,753707879.156647,0.0,15315099.110987525,1083102.4558973708,0.0,166416.61188780758,267602138.97086275,53698695553.562355,9646317999.997953,503734016.52840227,268493477.7678118,1473293313759.946,26171810866.157448,3083032868.7753887,4598592992.477742,261718108.66157445,419558361610.6528,24816737044.90999,662185157.1928678,0.0,274068826.0369563,211063915680.3153,0.0,0.0,0.0,0.0,0.0,0.0,0.0,0.0,0.0,871776763.3575,0.0,0.0,0.0,0.0,11384284.014332918,3924866.9300047266,785093.8522465327,15309150.944337644,0.0,0.0,24946102964.685184,434965810.8723276,124730514.82342593,0.0,273452538005.7392,0.0,0.0,0.0,16829465287.550985,0.0,2592111640.0725,0.0,2615330290.0725,2.9802322387695312e-08
34,3,141643949.0590011,16729590.985000044,23304921060.85975,775851289.0809282,0.0,16729590.985000044,1149862.2269306784,0.0,173590.86771751608,284331729.9558628,61815537747.095634,10028007217.556625,577509609.1039348,309077688.73547816,1534531341897.9377,29139856216.440155,3255962172.8915467,4857874171.657677,291398562.1644016,443840343655.4353,25604030902.224823,746219770.4380925,0.0,290641876.1760779,236667946582.54013,0.0,0.0,0.0,0.0,0.0,0.0,0.0,0.0,0.0,871776763.3575,0.0,0.0,0.0,0.0,11942315.42761242,4181064.446739701,859066.3500836373,16123379.874352122,0.0,0.0,23542039649.757137,475372596.3843629,117710198.2487857,0.0,296994577655.49634,0.0,0.0,0.0,16829465287.550985,0.0,0.0,0.0,2615330290.0725,-2.9802322387695312e-08
35,3,124549024.97600019,15107898.882037545,19975653994.40588,738077363.4717464,0.0,15107898.882037545,1216190.33082034,0.0,151078.98882037544,299439628.83790034,52102924887.793564,10403885362.278896,1009601710.1606141,260514624.43896785,1585624665075.5706,25479866004.40625,3424352074.932288,5144592733.474382,254798660.0440625,464175616926.3671,24336673125.425182,829454277.1508424,0.0,291276973.31900775,261004619707.9653,0.0,0.0,0.0,0.0,0.0,0.0,0.0,0.0,0.0,871776763.3575,0.0,0.0,0.0,0.0,12491337.803406516,4733995.7258730745,771533.0332834818,17225333.52927959,0.0,0.0,27039839669.397625,517524162.4836585,135199198.3469881,0.0,324034417324.8939,4.842877388000488e-06,2119413013.87749,0.0,18948878301.428474,0.0,0.0,0.0,2615330290.0725,-2.9802322387695312e-08
36,4,135436783.21350026,16398819.869337501,21760579662.42557,769046840.9668611,0.0,16398819.869337501,1281829.328219038,0.0,237446.4934482344,315838448.70723784,57833941283.04124,10763610904.78061,1086369730.6736796,289169706.4152062,1642372236627.9382,27725315003.470104,3585287058.210766,5402025742.142579,277253150.03470105,448069789882.3689,25342003727.369072,912252071.9054996,0.0,309376121.05332404,286346623435.3344,0.0,0.0,0.0,0.0,38429116305.325775,384291163.05325776,0.0,0.0,0.0,915365601.525375,0.0,0.0,0.0,65000000000.0,13021175.50890894,4991073.440627892,911138.0146045662,18012248.94953683,29560858.696404442,295608.5869640444,0.0,540057362.2081566,0.0,0.0,324034417324.8939,0.0,0.0,0.0,18948878301.428474,0.0,130766514.5036252,0.0,2746096804.576125,5.960464477539063e-08
37,4,144257608.0149993,17101268.579412524,23653079580.53957,792149111.9385835,0.0,17101268.579412524,1351621.179153934,0.0,237345.4519742294,332939717.28665036,62845943022.79456,11158634720.928905,1169650158.0516295,314229715.11397284,1704048529492.6812,29656590855.137096,3471735639.824531,4731152405.193309,296565908.551371,472995228332.3127,26123829542.616722,998028460.6888093,0.0,326124743.6437717,312470452977.9511,0.0,0.0,0.0,0.0,0.0,0.0,0.0,0.0,0.0,951934975.275375,0.0,0.0,0.0,0.0,13373466.4264172,4539078.894803799,958053.4268273951,17912545.321221,0.0,0.0,22330508003.65983,558666118.8778731,111652540.01829915,0.0,346364925328.5538,4.842877388000488e-06,0.0,3933232124.2246323,15015646177.203844,0.0,109708121.24999976,0.0,2855804925.826125,0.0
38,4,127706422.45949942,15079442.530087471,21016936239.042473,720658168.8443153,0.0,15079442.530087471,1418664.3272987253,0.0,210844.09042677574,348019159.81673783,55091706538.79028,11543962551.747175,1270084785.4042392,275458532.6939514,1757870151246.0671,26268551052.808758,3645971278.9403777,5021358828.012972,262685510.5280876,494242420557.10846,23713946619.635994,1081091420.9592304,0.0,317931432.81293124,336184399597.5871,0.0,0.0,0.0,0.0,0.0,0.0,0.0,0.0,0.0,1704741132.48075,0.0,0.0,0.0,0.0,13934837.59779625,4839572.010320932,869363.687376753,18774409.60811718,0.0,0.0,30253820382.685577,602486392.5331609,151269101.9134279,0.0,376618745711.2393,0.0,0.0,0.0,15015646177.203844,0.0,2258418471.616125,0.0,5114223397.44225,0.0
39,4,136528635.27549925,16113330.298424998,22479006874.031956,754861402.1262517,0.0,16113330.298424998,1483649.2706914598,0.0,214469.08048580727,364132490.11516285,59415067425.795044,11917184566.393099,1393624409.5362983,297075337.1289752,1815891594262.326,28089674701.521458,3812154434.309018,5284641659.993459,280896747.01521456,517047453598.6365,24853956678.769325,1162037926.4565725,0.0,336837323.53925174,361038356276.35645,0.0,0.0,0.0,0.0,0.0,0.0,0.0,0.0,0.0,1704741132.48075,0.0,0.0,0.0,0.0,14477016.137736604,5137127.745792121,918168.6248576853,19614143.883528728,0.0,0.0,29194747999.565956,652026866.1850371,145973739.99782977,0.0,405813493710.8053,0.0,0.0,0.0,15015646177.203844,0.0,0.0,0.0,5114223397.44225,-2.9802322387695312e-08
40,4,135826473.62299916,16378345.610412508,21911146949.189896,788636594.567335,0.0,16378345.610412508,1551340.2621682044,0.0,210294.92293467716,380510835.7255753,57439502363.16667,12297408969.626062,1540289349.1210485,287197511.8158334,1871790807276.3716,27822733394.767292,3982191152.22015,5565540886.753801,278227333.9476729,539304646106.64996,26028697821.1352,1246842350.6230803,0.0,356493172.86580217,387067054097.49164,0.0,0.0,0.0,0.0,0.0,0.0,0.0,0.0,3416223308.112177,13157804875.233967,3214549522.5225396,201673785.58963704,329771157.16753024,0.0,15033219.087144583,5466023.258365269,919462.6295726066,20499242.345509853,0.0,0.0,218444376911.76413,858392803.6111456,1092221884.5588205,0.0,624257870622.5693,0.0,144878444117.773,0.0,159894090294.97684,0.0,34359191228.25965,0.0,39473414625.7019,5.960464477539063e-08
41,4,136229543.7764998,16186627.97462499,22288586387.027348,739785734.9820986,0.0,16186627.97462499,1619183.9571370324,0.0,201633.31825404154,396697463.7002003,59608941576.04938,12677301853.762642,1676351101.1166081,298044707.8802469,1929723397751.3042,27996200513.35383,4149770597.724951,5846254077.940295,279962005.1335383,561454592542.0635,24379659964.012108,1330856280.2649925,0.0,354283580.5890507,411446714061.5037,0.0,0.0,0.0,0.0,0.0,0.0,0.0,0.0,3416223308.112177,13157804875.233967,3214549522.5225396,201673785.58963704,329771157.16753024,0.0,15586821.44310056,5786619.36850531,918779.6979485308,21373440.81160587,0.0,0.0,46522254711.44498,1079198329.9638197,232611273.55722487,0.0,670780125334.0143,0.0,6818748035.548946,0.0,166712838330.5258,0.0,0.0,0.0,39473414625.7019,-2.9802322387695312e-08
42,4,139347083.81599945,16468257.61085,22914079193.2813,767672292.69874,0.0,16468257.61085,1687214.9687734388,0.0,197587.84061177084,413165721.31105036,60721677205.497444,13067228242.360357,1823567838.0567698,303608386.0274872,1988621507118.7449,28662996921.652313,4318395682.521672,5976302927.696373,286629969.2165232,566051302111.4081,25267313559.45949,1413601236.1374452,0.0,371469029.8713475,436714027620.9632,0.0,0.0,2.373959503921808e-06,4.747919007843616e-08,18089984424.61142,180899844.2461142,0.0,0.0,3416223308.112177,13194374248.983967,3214549522.5225396,201673785.58963704,329771157.16753024,65000000000.0,16148157.400326882,5999900.589040879,937362.7522389692,22148057.98936776,13915372.634316478,139153.7263431648,0.0,1117966875.5566905,0.0,0.0,670780125334.0143,0.0,6042013986.542761,0.0,172754852317.06854,0.0,109708121.25000097,0.0,39583122746.951904,2.9802322387695312e-08
43,4,130968785.5404993,15849132.974737484,21054014573.294575,788336479.011221,0.0,15849132.974737484,1754542.865826746,0.0,184792.78884450503,429014854.2857878,54400114603.452896,13438810429.469812,1988847584.2886486,272000573.0172645,2041032774137.9092,26802331104.00646,4345893507.475584,6084151145.753317,268023311.0400646,586769482069.6611,26006878708.566483,1499058223.2508216,0.0,387851967.9515527,462720906329.5297,0.0,0.0,0.0,0.0,0.0,0.0,0.0,0.0,3416223308.112177,13918454305.308594,3214549522.5225396,201673785.58963704,329771157.16753024,0.0,16588206.065977683,6209999.023109204,898543.4442359525,22798205.08908689,0.0,0.0,49629090382.92205,1159324450.8757923,248145451.91461024,0.0,720409215716.9364,9.685754776000977e-06,5071147377.809191,0.0,177825999694.87775,0.0,2172240168.9738784,0.0,41755362915.92578,0.0
44,4,126885054.00949952,15285548.942274995,20487741190.03589,746409870.4818201,0.0,15285548.942274995,1819406.7864871887,0.0,172787.96979393225,444300403.2280628,53374963683.973976,13784801706.532644,2324936932.437624,266874818.4198699,2092082800889.4456,25993497975.479168,4498246732.930506,6359989598.75024,259934979.7547917,606402990446.3901,24605530242.463528,1583412238.1692052,0.0,387594158.72347367,487326436571.9932,0.0,0.0,0.0,0.0,0.0,0.0,0.0,0.0,3416223308.112177,13918454305.308594,3214549522.5225396,201673785.58963704,329771157.16753024,0.0,17101299.615435153,6680712.716298358,876175.6289463439,23782012.33173351,0.0,0.0,51402329630.59637,1243517300.8870575,257011648.15298182,0.0,771811545347.5327,0.0,7673696492.643634,0.0,185499696187.52136,0.0,0.0,0.0,41755362915.92578,0.0
45,4,146315886.87899914,17103597.62953753,24304738723.28196,758366575.1877377,0.0,17103597.62953753,1886884.1751784647,0.0,183841.95765425026,461404000.85760033,65511251655.30776,14165589511.447334,2452993425.7382936,327556258.27653885,2155141059119.015,30169548451.857906,4661158235.042393,6630949709.104411,301695484.51857907,629941589189.1436,24997393700.26595,1666083778.073754,0.0,400948715.3654359,512323830272.25916,0.0,0.0,0.0,0.0,0.0,0.0,0.0,0.0,6905132218.524611,16903648556.853033,6497493715.737047,407638502.78756416,666558721.9343696,0.0,17650600.73253499,6987648.56526362,976303.8485469839,24638249.297798607,0.0,0.0,59900882184.90893,1336269977.3999786,299504410.92454463,0.0,831712427532.4418,0.0,6678648335.307771,0.0,192178344522.82916,0.0,8955582754.633322,0.0,50710945670.5591,-5.960464477539063e-08
46,4,131821067.1384998,16079793.624912482,21025245138.651066,800047351.7856208,0.0,16079793.624912482,1956016.2402919023,0.0,166904.0035976196,477483794.48251283,54422298951.49442,14549014723.965084,2581472095.2655444,272111494.7574721,2206981885975.244,26933657841.210144,4825563135.823115,6939810444.645721,269336578.41210145,649935436585.708,26378674572.13601,1751710558.5277574,0.0,422299436.3095181,538702504844.3952,0.0,0.0,0.0,0.0,0.0,0.0,0.0,0.0,6905132218.524611,16903648556.853033,6497493715.737047,407638502.78756416,666558721.9343696,0.0,18207007.331304178,7324063.492239435,908248.2416584593,25531070.823543612,0.0,0.0,52358693392.64561,1429819623.7146075,261793466.96322802,0.0,884071120925.0874,0.0,6964007900.811034,0.0,199142352423.6402,0.0,0.0,0.0,50710945670.5591,0.0
47,4,122486006.55049947,14654561.636387473,19908797970.148113,713194196.605894,0.0,14654561.636387473,2020046.1470862774,0.0,146545.61636387472,492138356.1189003,51907853378.70304,14886238751.097305,2706052775.018813,259539266.89351523,2256183686578.928,25126989023.57197,4968741983.231205,7223194318.007816,251269890.23571974,667839231291.2722,23473113692.012875,1834796872.301339,0.0,410288193.7469332,562175618536.4081,0.0,0.0,0.0,0.0,0.0,0.0,0.0,0.0,6905132218.524611,16940217930.603035,6497493715.737047,407638502.78756416,666558721.9343696,0.0,18704490.45987847,7637882.379251253,855082.0401147733,26342372.839129724,0.0,0.0,52945382106.47983,1517573019.9638789,264726910.53239915,0.0,937016503031.5673,0.0,6328155721.571642,0.0,205470508145.21182,0.0,109708121.25000581,0.0,50820653791.809105,0.0
48,5,139250790.11749923,16436963.751149986,22924132599.372993,768296552.1451275,0.0,16436963.751149986,2084820.1583103137,0.0,237586.5466832238,508575319.8700503,60660663238.021515,15243426787.986263,2886906343.0900807,303303316.1901076,2313957443473.8594,28649373062.060226,5116229383.667267,7493185950.555465,286493730.62060225,684152038122.2736,25287455948.159164,1916064488.368292,0.0,434432200.64643013,587463074484.5673,0.0,0.0,0.0,0.0,4843380280.503423,48433802.80503423,0.0,0.0,7230006904.311464,18459643358.44956,6822368401.523901,407638502.78756416,666558721.9343696,65000000000.0,19219989.896788638,7984686.379727342,1025455.1985733315,27204676.276515983,3725677.1388487867,37256.77138848787,0.0,1561694171.7192788,0.0,0.0,937016503031.5673,0.0,6725966811.612863,0.0,212196474956.82468,0.0,4558276283.539562,0.0,55378930075.34867,-2.9802322387695312e-08
49,5,131683438.68399972,16060838.815687507,21006110229.457436,777698482.5310904,0.0,16060838.815687507,2152523.9136578916,13738.608068841047,227133.28115539585,524622420.07766896,55059092379.41457,15609913264.423782,3036299900.4106607,275295461.89707285,2365980235952.8633,26911620164.105896,5232058861.532449,7571169719.305254,269116201.641059,703492488567.0741,25675768112.903114,2001003195.1367295,0.0,448042778.5957194,613138842597.4703,0.0,0.0,0.0,0.0,0.0,0.0,0.0,0.0,7230006904.311464,18459643358.44956,6822368401.523901,407638502.78756416,666558721.9343696,0.0,19724043.39142171,8173330.6232349295,990559.7751045122,27897374.014656637,0.0,0.0,55405325922.65844,1607865276.6548278,277026629.6132922,0.0,992421828954.2257,0.0,5403042357.49709,0.0,217599517314.32178,0.0,0.0,0.0,55378930075.34867,0.0
50,5,139068393.2014995,16169486.557375016,23213837064.786236,739582172.0325264,0.0,16169486.557375016,2219613.180651486,15999.676243692567,221482.47250669802,540775906.9588003,61723028365.97758,15978945000.905687,3206607817.627372,308615141.82988787,2424496656501.214,28698706718.988884,5383813814.449265,7859099503.893979,286987067.18988883,724332095782.1691,24373091790.98908,2084417961.6432164,0.0,448428161.0942762,637511934388.4595,0.0,0.0,0.0,0.0,0.0,0.0,0.0,0.0,10730852352.71491,21457820281.81981,10125830995.946,605021356.768911,989313471.5025904,0.0,20255903.009111617,8528082.231260117,1024582.7572098156,28783985.24037173,0.0,0.0,66440497133.348366,1709403462.5348332,332202485.66674185,0.0,1058862326087.574,0.0,6915567560.577708,0.0,224515084874.89948,9.685754776000977e-06,8994530770.11076,0.0,64373460845.45943,-6.705522537231445e-08
51,5,140402241.6289999,16688064.63717499,22963949307.756016,763953877.5156693,0.0,16688064.63717499,2287999.746989116,24251.973463934293,219714.89303920817,557439719.6225114,61407197180.63031,16368001700.610199,3383348047.2205114,307035985.9031516,2482520505634.6235,28851510718.943295,5540683883.562304,8164538188.14447,288515107.189433,745019068312.9679,25147334976.19957,2166952006.2551975,0.0,464713041.223438,662659269364.6589,0.0,0.0,0.0,0.0,0.0,0.0,0.0,0.0,10730852352.71491,21457820281.81981,10125830995.946,605021356.768911,989313471.5025904,0.0,20807720.97039504,8907241.385283152,1035302.6886669178,29714962.355678193,0.0,0.0,59084048004.81543,1814007250.1499696,295420240.0240772,0.0,1117946374092.3894,0.0,7261621499.390441,0.0,231776706374.28992,0.0,0.0,0.0,64373460845.45943,-2.9802322387695312e-08
52,5,135535001.30499923,16360663.061637474,21841424225.124466,791864902.1680065,0.0,16360663.061637474,2356750.2131388756,33030.5802482703,209623.9343414841,573767352.1039006,57147639457.77151,16740628835.756731,3539214657.2338147,285738197.2888575,2536128930435.161,27756122152.23727,5691728470.418147,8473580108.040896,277561221.5223727,764301610357.1643,26120726998.940292,2252398776.2137637,0.0,482897117.6435519,688779996363.5992,0.0,0.0,0.0,0.0,0.0,0.0,0.0,0.0,12519327744.834063,22169380228.38261,11813469495.270334,705858249.5637298,989313471.5025904,0.0,21345024.1226686,9273641.938151894,1014390.5008451627,30618666.060820498,0.0,0.0,61187452042.41108,1914233500.189325,305937260.21205544,0.0,1179133826134.8005,0.0,7048888900.109974,0.0,238825595274.3999,0.0,2134679839.6884062,0.0,66508140685.147835,0.0
53,5,123999392.45499948,14990270.807674982,19953746164.81529,743329285.8055242,0.0,14990270.807674982,2421927.031282242,42327.85105746747,189674.06563199457,588715295.060518,51639441048.22877,17079657673.06184,3729562722.089614,258197205.24114382,2584038808761.3003,25381857660.230892,5827444043.904598,8775531464.211958,253818576.60230893,780907936553.1832,24506131932.463905,2336776874.4327707,0.0,480998542.95017225,713286128296.0632,0.0,0.0,0.0,0.0,0.0,0.0,0.0,0.0,12519327744.834063,22233153450.911537,11813469495.270334,705858249.5637298,989313471.5025904,0.0,21840295.178512402,9661631.071289446,953531.2385501676,31501926.24980185,0.0,0.0,60314413231.81746,2015485054.5845158,301572066.1590873,0.0,1239448239366.618,0.0,6889429474.0545635,0.0,245715024748.45447,0.0,191319667.5867766,0.0,66699460352.73461,2.9802322387695312e-08
54,5,134119120.22199939,15981904.809849994,21883453674.490383,768911132.2052808,0.0,15981904.809849994,2486276.0311060133,49361.65152298505,192931.27864964053,604647838.218845,57274529291.013695,17417840489.37872,3911601760.642106,286372646.45506847,2637401736291.672,27537384744.07339,5960074716.939149,9059354712.022425,275373847.4407339,795268082500.8802,25337624941.206486,2419849802.555555,0.0,497792084.2412443,738623753237.2697,0.0,0.0,0.0,0.0,4117884084.3538666,41178840.843538664,0.0,0.0,12519327744.834063,22233153450.911537,11813469495.270334,705858249.5637298,989313471.5025904,65000000000.0,22330710.653316338,10027020.476649547,1007960.9541396764,32357731.129965886,3167603.141810667,31676.031418106664,0.0,2065747065.6110303,0.0,0.0,1239448239366.618,0.0,6675278065.279451,0.0,252390302813.73392,0.0,0.0,0.0,66699460352.73461,-2.9802322387695312e-08
55,5,144678088.6814993,17192120.070037488,23668717001.763935,787928575.0445938,0.0,17192120.070037488,2555182.9093910996,59287.76296016244,197870.04788899986,621780670.5259224,63206368671.9173,17793366137.517544,4099641216.1923776,316031843.3595865,2696508463747.397,29731339381.760773,6076003141.438203,9394704755.638884,297313393.8176077,815604717127.0022,25987649473.36503,2505391926.5798407,0.0,513495455.5130022,764611402710.6348,0.0,0.0,0.0,0.0,0.0,0.0,0.0,0.0,15677699181.980646,24937442316.999542,14793767270.672876,883931911.3077706,1280494386.8739207,0.0,22843460.759803087,10439553.895138055,1064670.5807276126,33283014.65494115,0.0,0.0,70437952771.02747,2124445359.5868864,352189763.85513735,0.0,1309886192137.6455,0.0,7217211494.807068,0.0,259607514308.541,0.0,8112866598.264013,0.0,74812326950.99863,-2.9802322387695312e-08
56,5,119610389.89299998,14533055.84374996,19152093930.297882,725285831.5346227,0.0,14533055.84374996,2621029.9935324895,66864.47771601607,165223.96569122878,636246861.8919563,49509373397.372246,18141754336.307228,4321051828.359758,247546866.9868612,2741696785316.409,24457545476.3294,6208751173.988751,9720529842.031881,244575454.763294,830341732761.2997,23863263031.615948,2588476780.7548094,0.0,507505583.46305734,788474665742.2506,0.0,0.0,0.0,0.0,0.0,0.0,0.0,0.0,15677699181.980646,24975840159.437042,14793767270.672876,883931911.3077706,1280494386.8739207,0.0,23343324.063571557,10868081.147248046,934168.5081629307,34211405.2108196,0.0,0.0,63617779656.65071,2236158469.9432845,318088898.28325355,0.0,1373503971794.2961,0.0,7241446335.851913,0.0,266848960644.39288,0.0,115193527.31249109,0.0,74927520478.31111,2.9802322387695312e-08
57,5,133416574.26149943,15821756.303237475,21868184475.087765,748333819.2759166,0.0,15821756.303237475,2683990.583514896,76220.55498068969,171518.57182642163,651992397.6402131,57623009051.63009,18470055265.614834,4497061128.311886,288115045.25815046,2794822733239.7275,27422115464.292038,6330395928.700844,10003501587.991764,274221154.6429204,847760346637.6,24643337341.24602,2669321114.7095795,0.0,523624198.01080215,813118003083.4967,0.0,0.0,0.0,0.0,0.0,0.0,0.0,0.0,17504227242.01723,25050636027.792202,16517312972.110495,986914269.9067343,1280494386.8739207,0.0,23814584.66738048,11230499.56752196,1006872.724066324,35045084.234902434,0.0,0.0,62514382958.72174,2341268605.456095,312571914.7936087,0.0,1436018354753.018,0.0,6502696387.846109,0.0,273351657032.239,0.0,224387605.06548733,0.0,75151908083.3766,0.0
58,5,145876228.4245012,17125415.92441252,24136530607.31107,794743480.8437359,0.0,17125415.92441252,2752312.940010081,85064.25938308297,177419.57806966684,669032749.3052425,63910563154.67462,18845186765.4471,4682222935.459381,319552815.7733731,2854051073458.943,30045435365.056053,6470872982.40096,10314058545.680319,300454353.65056056,867491723456.9757,26225742940.493534,2754102915.1791453,0.0,546419632.8970308,839343746023.9902,0.0,0.0,0.0,0.0,0.0,0.0,0.0,0.0,17504227242.01723,25780265904.19661,16517312972.110495,986914269.9067343,1280494386.8739207,0.0,24344745.757723317,11620665.398721313,1074670.9644704089,35965411.15644463,0.0,0.0,67301043997.6453,2449448127.9197345,336505219.9882265,0.0,1503319398750.6633,0.0,7178549988.029101,0.0,280530207020.2681,0.0,2188889629.213226,0.0,77340797712.58983,-2.9802322387695312e-08
59,5,122071376.54799974,14797005.18129998,19591737952.273968,730896822.6622163,0.0,14797005.18129998,2818463.549566219,167289.6070801917,147970.05181299982,683662464.8794624,50830606106.08698,19196442510.07991,4892075644.96861,254153030.53043494,2899989603920.061,24974485316.520878,6599842245.86427,10649476580.480312,249744853.16520876,881816732193.0162,24092849843.47565,2837967236.4857607,0.0,540461622.1041781,863436595867.4658,0.0,0.0,0.0,0.0,0.0,0.0,0.0,0.0,20928967354.585815,28710773614.154274,19748961162.306023,1180006192.2797909,1596232728.8428323,0.0,24844811.236050792,12122329.780502439,951323.5178128628,36967141.01655322,0.0,0.0,75027787891.40588,2568055487.827277,375138939.4570294,0.0,1578347186642.069,0.0,7813492908.847034,0.0,288343699929.1151,0.0,8791523129.872993,0.0,86132320842.46283,2.9802322387695312e-08
60,6,146446642.32199916,17209832.682874978,24208223182.469868,774878418.5172323,0.0,17209832.682874978,2884447.4217537497,178796.9209338,238244.3481881715,700693500.6414036,64989149530.90219,19549894524.570087,5075259337.703723,324945747.654511,2959903494113.26,30162992110.534218,6726736711.862124,10943855463.721693,301629921.10534215,901035868839.8287,25499826800.70047,2920621697.5593877,0.0,561638877.1169896,888936422668.1664,0.0,0.0,0.0,0.0,0.0,0.0,0.0,0.0,21916415412.70112,30146312294.861988,20736409220.421326,1180006192.2797909,1596232728.8428323,0.0,25343872.75559344,12501192.922030274,1152255.5373242043,37845065.67762371,0.0,0.0,71532461467.5206,2690189028.959716,357662307.33760303,0.0,1649879648109.5898,0.0,6847812356.349791,0.0,295191512285.4649,9.685754776000977e-06,4306616042.123151,0.0,90438936884.58597,2.2351741790771484e-08
61,6,132062896.43549952,15956245.817212462,21262777125.648533,781808896.0409222,0.0,15956245.817212462,2952798.4314583745,191354.0420519898,219060.0437743745,716458392.416564,55316945797.60823,19917079780.08042,5276226056.723249,276584728.98804116,3009944213854.1445,27037735054.92688,6859160522.75469,11285006679.493906,270377350.5492688,916788597215.2617,25796259367.172413,3006115174.5058427,0.0,574610562.7685176,914732682035.3387,0.0,0.0,0.0,0.0,0.0,0.0,0.0,0.0,21916415412.70112,30146312294.861988,20736409220.421326,1180006192.2797909,1596232728.8428323,0.0,25862302.64479757,12930763.839142108,1081808.2301634727,38793066.483939685,0.0,0.0,69017810881.23997,2807314255.9170165,345089054.4061999,0.0,1718897458990.8298,0.0,7394406289.264631,0.0,302585918574.72955,0.0,0.0,0.0,90438936884.58597,0.0
62,6,120965370.48999973,14665905.50842496,19410374726.288174,734738931.818547,0.0,14665905.50842496,3015797.271544903,206396.12240161368,200045.84672465574,730917901.8025874,50004930131.66895,20232977859.46653,5493016508.030514,250024650.65834475,3054456127477.783,24744628414.247,6968706835.667891,11601873451.951065,247446284.14247,929931352177.5577,24228955111.07205,3089490531.969583,0.0,572951178.8107115,938961637146.4108,0.0,0.0,0.0,0.0,0.0,0.0,0.0,0.0,23749424701.76339,30779127261.635616,22470727082.492924,1278697619.2704642,1596232728.8428323,0.0,26316701.29239414,13356311.476233598,1023447.472579676,39673012.76862774,0.0,0.0,70376251296.36694,2923475974.398356,351881256.4818347,0.0,1789273710287.197,0.0,6863581020.5668335,0.0,309449499595.2964,9.685754776000977e-06,1898444900.320871,0.0,92337381784.90685,-7.450580596923828e-09
63,6,140155561.05999964,16530680.612824978,23090085634.416157,740507324.6569301,0.0,16530680.612824978,3079930.1754541667,225564.73978412972,211805.81417997886,747223017.6756282,62122753952.150406,20570116696.35906,5688843616.323226,310613769.760752,3110890037813.6104,28847966706.39538,7082665016.480667,11901421052.806234,288479667.0639538,946877897831.1469,24421146167.035732,3170574034.099763,936242.3312552096,584568089.3000374,963381847071.1152,0.0,0.0,0.0,0.0,0.0,0.0,0.0,0.0,23749424701.76339,30863104125.224693,22470727082.492924,1278697619.2704642,1596232728.8428323,0.0,26790203.826946083,13757257.748600066,1122314.6804297813,40547461.57554615,0.0,0.0,70152130725.16011,3040582959.416295,350760653.62580055,0.0,1859425841012.3572,0.0,6820700693.963617,0.0,316270200289.26,0.0,251930590.7672271,0.0,92589312375.67407,-2.9802322387695312e-08
64,6,138708794.17799944,16516742.331749992,22648025123.466007,782703793.6062471,0.0,16516742.331749992,3147839.1201729313,248452.38953880768,204784.4553976665,763491307.6178393,59641313692.92224,20938071297.733807,5898470121.187644,298206568.46461123,3164632881385.3447,28486793362.94426,7208409708.844643,12238459154.386503,284867933.62944263,963126232039.7046,25819066395.910538,3254304600.8969026,2343726.635908875,605810045.2472564,989198569740.3899,0.0,0.0,0.0,0.0,0.0,0.0,0.0,0.0,25622282018.848763,30863104125.224693,24242747506.78348,1379534512.065283,1596232728.8428323,0.0,27302289.58746166,14201739.314315774,1119311.0302755975,41504028.90177744,0.0,0.0,70023670915.8357,3157396127.4504585,350118354.57917845,0.0,1929449511928.1926,0.0,7461225144.6039915,0.0,323731425433.864,0.0,0.0,0.0,92589312375.67407,2.9802322387695312e-08
65,6,124187693.76049998,14624483.183074968,20489164001.57332,679362045.5008024,0.0,14624483.183074968,3211681.455039072,277333.39063978434,179768.32925130168,777838457.4102745,54307380980.00228,21278577145.83564,6103785041.137039,271536904.9000114,3212836477324.21,25562954891.395237,7319307821.140519,12574922895.61627,255629548.91395238,976114264035.4835,22381483694.18343,3334631038.624939,16161113.444042906,589352816.637448,1011563892321.1293,0.0,0.0,0.0,0.0,0.0,0.0,0.0,0.0,29766476933.25043,34441448117.75299,28163813977.55406,1602662955.6963708,1961085924.0069084,0.0,27775155.305501454,14658001.890791593,1038629.3065216184,42433157.19629305,0.0,0.0,80897089262.87514,3283163427.5993843,404485446.31437564,0.0,2010346601191.0679,0.0,7247200697.221756,0.0,330978626131.08575,0.0,10735031977.584904,0.0,103324344353.25897,0.0
66,6,118878124.80600004,14556897.916162437,18888184069.048164,720323566.3778065,0.0,14556897.916162437,3271320.443201483,310897.1071726497,173027.102450442,792084458.2192644,49074283000.28575,21582490792.162354,6316738090.189734,245371415.00142875,3255594022234.306,24271280007.587936,7411874280.294582,12888797037.453411,242712800.07587937,987496747005.618,23739557022.47805,3411445569.441229,35642012.195735306,609423114.8950884,1035267807331.4116,0.0,0.0,0.0,0.0,0.0,0.0,0.0,0.0,29766476933.25043,34481765852.31236,28163813977.55406,1602662955.6963708,1961085924.0069084,0.0,28198867.090815455,15111802.599356404,1017263.5101215163,43310669.69017186,0.0,0.0,71111461337.82504,3409837219.766634,355557306.6891252,0.0,2081458062528.8928,9.685754776000977e-06,6844597452.25473,0.0,337823223583.3405,0.0,120953203.6781326,0.0,103445297556.9371,0.0
67,6,140898779.93399984,16242345.535850013,23701320526.64278,702230937.4253021,0.0,16242345.535850013,3334190.1291132895,346419.943169312,183113.93467404693,807980383.8119451,64160344778.248344,21917827964.156204,6534326469.942372,320801723.8912417,3313220040542.6123,29133691014.23042,7515476943.845497,13193930938.690798,291336910.1423042,1003436507081.1577,23240728264.442905,3489627238.212111,55034413.06962207,615350685.1482612,1058453501182.7849,0.0,0.0,0.0,0.0,0.0,0.0,0.0,0.0,31420170096.20879,35232944081.18099,29728470309.640396,1691699786.5683913,1961085924.0069084,0.0,28659522.54927776,15564336.729094535,1127336.4878908216,44223859.27837229,0.0,0.0,74085920673.15143,3530835038.1091146,370429603.36575717,0.0,2155543983202.0444,0.0,7122878787.963354,0.0,344946102371.30383,0.0,2253534686.6058617,0.0,105698832243.54297,0.0
68,6,113897332.17399994,13027107.55247496,19292646268.465443,530441670.7086933,0.0,13027107.55247496,3393724.7399507617,419141.0121064632,145533.59336009852,820588350.3523135,53154770003.24642,22265316170.2949,6735097044.80497,265773850.01623213,3359639713501.0537,23593241062.64772,7614248457.093615,13543116972.855978,235932410.62647718,1013486631170.9495,17624953184.69673,3557553259.250445,76161641.26676697,580553171.5383428,1076002292726.2148,0.0,0.0,0.0,0.0,0.0,0.0,0.0,0.0,31420170096.20879,35232944081.18099,29728470309.640396,1691699786.5683913,1961085924.0069084,0.0,29114584.65274996,16076353.057435473,978040.8488839848,45190937.71018544,0.0,0.0,73435519122.78444,3653769571.2723947,367177595.6139222,0.0,2228979502324.8286,0.0,7543211768.142575,0.0,352489314139.4464,9.685754776000977e-06,0.0,0.0,105698832243.54297,-7.450580596923828e-09
69,6,119913418.11749983,13323225.337574955,20821259269.96242,499552841.2427905,0.0,13323225.337574955,3446874.845921255,448834.0732414325,142943.42732044222,833462741.6166471,58328527180.49696,22592026513.94201,6934243553.500311,291642635.9024848,3411033997128.0503,24981561390.96242,7694830588.99823,13847334544.047434,249815613.90962422,1024620858017.8645,16616156992.3903,3614367904.0747004,94170157.57695904,579878864.8256793,1092524279561.0282,0.0,0.0,0.0,0.0,0.0,0.0,0.0,0.0,36281629515.02612,37750358489.349625,34328182900.352036,1953446614.6740904,2220693005.1813474,0.0,29524740.23593275,16507101.961798897,1005510.4385802794,46031842.19773164,0.0,0.0,78681835836.63564,3780534033.7385774,393409179.1831782,0.0,2307661338161.465,0.0,6559055002.860326,0.0,359048369142.30676,9.685754776000977e-06,7552243224.505901,0.0,113251075468.04887,-3.725290298461914e-08
70,6,113200385.53300034,12849423.610287454,19301954138.47474,465526468.09383094,0.0,12849423.610287454,3499531.055924129,479864.424006222,132851.48354328077,845832300.8029283,54897315776.12696,22923217700.10742,7169789808.069781,274486578.88063484,3458761523096.1074,23496129799.896122,7772766921.883593,14165758138.97272,234961297.99896118,1033951229678.7878,15591073623.561398,3667732721.242697,114034958.12547792,578647782.6702894,1108001318226.464,0.0,0.0,0.0,0.0,0.0,0.0,0.0,0.0,36281629515.02612,38560246905.533806,34328182900.352036,1953446614.6740904,2220693005.1813474,0.0,29933159.781488527,16979543.58182774,969848.1447355003,46912703.36331627,0.0,0.0,75894443503.27788,3909347599.8551726,379472217.51638937,0.0,2383555781664.742,0.0,6870717091.560143,0.0,365919086233.8669,0.0,2429665248.55254,0.0,115680740716.60141,-5.960464477539063e-08
71,6,95535343.19999997,10457393.856974965,16792785694.373589,331803457.5727192,0.0,10457393.856974965,3546087.4905475667,512218.147964268,104573.93856974965,855777476.511939,48708053332.235825,23220770331.748173,7374860914.717404,243540266.66117916,3500094715513.626,19970533244.979683,7829523722.259584,14473811422.674349,199705332.44979686,1039447951501.0931,11203546402.703224,3712010304.759386,137566549.96153653,550361958.2824272,1119067298079.2058,0.0,0.0,0.0,0.0,0.0,0.0,0.0,0.0,38074790776.065315,38600564640.09318,36024798200.2047,2049992575.8606188,2220693005.1813474,0.0,30286321.61267614,17424709.599774487,868887.4442569829,47711031.21245062,0.0,0.0,72200648961.20746,4032760176.90891,361003244.8060373,0.0,2455756430625.9497,0.0,6226957223.247975,0.0,372146043457.11487,0.0,120953203.6781326,0.0,115801693920.27954,0.0
72,7,72277754.82850003,8321688.095262493,12171547365.177546,256496431.09592173,0.0,8321688.095262493,3583076.335664877,553171.0051936018,84587.52135129682,863545993.6020079,36167003821.42179,23454521449.495575,7574032781.035553,180835019.10710895,3528687686554.012,14974162108.273525,7852012744.164227,14753893481.280231,149741621.08273524,1039668220128.0864,8755482503.398785,3744816797.7696843,158085661.12014407,535592277.35157615,1127664694921.4844,0.0,0.0,0.0,0.0,0.0,0.0,0.0,0.0,39876030686.07555,40610053497.36402,37826038110.21493,2049992575.8606188,2220693005.1813474,0.0,30545654.021379866,17850103.25399047,750871.3040754664,48395757.27537033,0.0,0.0,78323088891.5501,4158196625.119542,391615444.45775044,0.0,2534079519517.5,0.0,5340863290.77363,0.0,377486906747.8885,0.0,6028466571.812516,0.0,121830160492.09206,-2.9802322387695312e-08
73,7,9179898.914000014,1088336.2965624959,1505058529.2831714,39376841.080373816,0.0,1088336.2965624959,3600375.6739595393,587444.9489767217,11800.529907395792,864046884.9495937,4338606034.976775,23539046597.143337,7799826803.925087,21693030.174883876,3525226465785.0635,1889939711.6934958,7804598924.8794985,14993161932.6163,18899397.11693496,1026564997907.1637,1331213100.1037111,3761101004.905122,177400405.71870968,480399059.9264396,1128818507615.8694,0.0,0.0,0.0,0.0,0.0,0.0,0.0,0.0,39876030686.07555,40610053497.36402,37826038110.21493,2049992575.8606188,2220693005.1813474,0.0,30604026.848519508,18256975.058407564,412563.21238297917,48861001.90692707,0.0,0.0,70834539936.17628,4282494649.1426473,354172699.68088144,0.0,2604914059453.6763,0.0,3628908126.1425676,0.0,381115814874.03107,0.0,0.0,0.0,121830160492.09206,0.0
74,7,5478535.110999999,648252.2666249997,899856731.4903286,26575632.599236574,0.0,648252.2666249997,3601545.87951211,627028.4667768154,7129.58449692708,864068108.7494419,2494825836.8556447,23509825858.023273,8010938397.359075,12474129.184278224,3519710353224.56,1127551846.7463584,7703465803.729027,15121843487.20141,11275518.467463586,1012570706266.7086,887829703.383431,3764208074.8918715,200919814.29822266,477369696.65839785,1129505417504.9546,0.0,0.0,0.0,0.0,0.0,0.0,0.0,0.0,45635206232.57311,43963721568.272575,43289139375.74048,2346066856.832639,2543447754.749568,0.0,30507314.90769993,18576029.773591205,392606.0031970345,49083344.68129114,0.0,0.0,76687951137.60881,4405430058.370802,383439755.68804413,0.0,2681602010591.285,0.0,1734273640.0397778,0.0,382850088514.07086,0.0,10061004212.725668,0.0,131891164704.81773,1.4901161193847656e-08
75,7,7197439.746499992,775887.2148624994,1280671772.3304424,18961602.599895988,0.0,775887.2148624994,3601900.2181536388,667732.2826294325,8082.647639776036,864176263.681675,3893711432.628942,23477714726.2725,8242715204.659566,19468557.16314471,3515361349452.53,1509932884.2192883,7599942545.316137,15244941944.409374,15099328.842192885,998835697206.5186,636087220.0289229,3766078203.7165647,223075058.22193602,475662947.78562677,1129918429666.7617,0.0,0.0,0.0,0.0,0.0,0.0,0.0,0.0,45635206232.57311,44062905375.4328,43289139375.74048,2346066856.832639,2543447754.749568,0.0,30404773.660696104,18906757.057468567,400567.90440205636,49311530.71816467,0.0,0.0,67450178163.48016,4525545166.12171,337250890.8174008,0.0,2749052188754.765,0.0,1779851087.613529,0.0,384629939601.6844,0.0,297551421.4806646,0.0,132188716126.29839,1.4901161193847656e-08
76,7,5731832.116499994,629146.0691375,1005262215.8029172,15746087.495136905,0.0,629146.0691375,3602045.15298435,706783.8249433357,6353.091987052084,864098625.9258691,3057542229.702757,23445934137.11587,8475124484.605305,15287711.148513785,3509943767197.627,1198648417.0986094,7495762660.613008,15372247940.70241,11986484.170986095,984662097682.9147,538403021.5930716,3767292103.9251947,249794163.5596098,475061702.94876254,1130207038524.7952,0.0,0.0,0.0,0.0,0.0,0.0,0.0,0.0,45635206232.57311,44062905375.4328,43289139375.74048,2346066856.832639,2543447754.749568,0.0,30301267.38502595,19243065.816379737,392765.32142417703,49544333.20140568,0.0,0.0,67594393111.477066,4638082308.85084,337971965.5573853,0.0,2816646581866.2427,0.0,1815859369.2798913,0.0,386445798970.96423,9.685754776000977e-06,0.0,0.0,132188716126.29839,7.450580596923828e-09
77,7,999637.1065000001,107810.984625,177805223.78850535,2619953.925979171,0.0,107810.984625,3600635.5475757574,757206.7178602587,1094.8198983333332,863449230.1926339,538492518.1541425,23401420089.711357,8696773659.074656,2692462.5907707126,3501785486056.7065,209698625.17762887,7385752102.466277,15497835085.318413,2096986.251776289,969373961222.7739,90603357.37874424,3767507800.6782823,289374843.357835,471636875.9645797,1130008267038.816,0.0,0.0,0.0,0.0,0.0,0.0,0.0,0.0,49766788689.84311,45588187076.482216,47208320718.40011,2558467971.4430017,2708333333.333333,0.0,30181158.619003385,19591040.24689942,367576.60821150773,49772198.8659028,0.0,0.0,69749252062.68956,4752535346.495979,348746260.3134478,0.0,2886395833928.932,0.0,1777352183.0775142,0.0,388223151154.04175,0.0,4575845103.148251,0.0,136764561229.44664,2.9802322387695312e-08
78,7,0.0,0.0,0.0,0.0,0.0,0.0,3597705.1258026417,807088.6551172658,16.710052083333334,862642141.5375166,0.0,23345236573.71138,8903982604.527573,0.0,3492881503452.179,0.0,7270304709.170805,15615869966.360975,0.0,953758091256.413,0.0,3766694223.462721,332270832.40625,470836777.9328399,1129675996206.4097,0.0,0.0,0.0,0.0,0.0,0.0,0.0,0.0,49766788689.84311,45588187076.482216,47208320718.40011,2558467971.4430017,2708333333.333333,0.0,30045578.5922218,19924106.657651726,362198.8469234986,49969685.24987353,0.0,0.0,65276346585.745316,4865056678.703008,326381732.92872655,0.0,2951672180514.6772,0.0,1540393794.9716747,0.0,389763544949.0134,0.0,0.0,0.0,136764561229.44664,-1.4901161193847656e-08
79,7,401041.25,40104.125,75425805.47244453,0.0,0.0,40104.125,3594425.806666737,862962.5223987618,401.04125,861819283.1401178,256242820.89566663,23286730832.41751,9128857526.244305,1281214.1044783331,3484008888746.8306,85414273.63188887,7153505987.949217,15732988991.10868,854142.7363188887,938110516538.9362,0.0,3765586654.021367,386098121.3225371,470698331.7526707,1129289898085.0872,0.0,0.0,0.0,0.0,0.0,0.0,0.0,0.0,51498714669.405785,45588187076.482216,48851209867.09077,2647504802.3150225,2708333333.333333,0.0,29906597.710042194,20284458.39830301,364119.26324497536,50191056.10834521,0.0,0.0,64123064597.2311,4972889521.355488,320615322.9861555,0.0,3015795245111.9087,0.0,1726692696.079117,0.0,391490237645.0926,9.685754776000977e-06,0.0,0.0,136764561229.44664,-7.450580596923828e-09
80,7,0.0,0.0,0.0,0.0,0.0,0.0,3590913.679750492,930762.7109878489,0.0,860888520.42913,0.0,23226725924.97887,9372373764.915857,0.0,3474636514981.9146,0.0,7035828874.04202,15851720038.422747,0.0,922258796500.5134,0.0,3764299660.2836246,452073060.92535865,470537457.5354531,1128837825024.1619,0.0,0.0,0.0,0.0,0.0,0.0,0.0,0.0,51498714669.405785,45588187076.482216,48851209867.09077,2647504802.3150225,2708333333.333333,0.0,29765417.109984733,20681660.298883203,361951.89041188697,50447077.40886794,0.0,0.0,64834369202.41814,5080354049.521862,324171846.01209074,0.0,3080629614314.3267,0.0,1996966144.0773308,0.0,393487203789.1699,9.685754776000977e-06,0.0,0.0,136764561229.44664,7.450580596923828e-09
81,7,0.0,0.0,0.0,0.0,0.0,0.0,3587035.5017880425,989619.2097682338,0.0,859898901.2193617,0.0,23164243433.212757,9577931126.177034,0.0,3465058583855.7373,0.0,6916940973.753849,15970607938.710922,0.0,906288188561.8025,0.0,3762792750.0805407,517801146.87279725,470349093.7600674,1128320023877.289,0.0,0.0,0.0,0.0,0.0,0.0,0.0,0.0,53042841446.36529,45588187076.482216,50315954409.2969,2726887037.068391,2708333333.333333,0.0,29620864.084132,21040650.141891893,361806.99520005187,50661514.22602389,0.0,0.0,63343825396.86335,5187169211.68793,316719126.98431677,0.0,3143973439711.19,0.0,1672607173.8163888,0.0,395159810962.98627,9.685754776000977e-06,0.0,0.0,136764561229.44664,-7.450580596923828e-09
82,7,0.0,0.0,0.0,0.0,0.0,0.0,3582912.0884140087,1051040.537878661,0.0,858847860.681483,0.0,23100390559.03825,9808306093.729788,0.0,3455250277762.008,0.0,6797161414.213518,15999371279.498482,0.0,890288817282.3041,0.0,3761066746.2576313,587189238.745454,470133343.28220373,1127732834638.5437,0.0,0.0,0.0,0.0,0.0,0.0,0.0,0.0,53042841446.36529,45588187076.482216,50315954409.2969,2726887037.068391,2708333333.333333,0.0,29474157.257267397,21354784.08555076,361641.0332940029,50828941.34281815,0.0,0.0,63299906081.71994,5292705654.58675,316499530.40859973,0.0,3207273345792.91,0.0,1305931510.9952152,0.0,396465742473.9815,0.0,0.0,0.0,136764561229.44664,-1.4901161193847656e-08
83,7,0.0,0.0,0.0,0.0,0.0,0.0,3578532.752839514,1118009.7836382969,0.0,857729850.8978448,0.0,23035001851.746716,10058387008.885073,0.0,3445191890753.1226,0.0,6677166129.61728,15919702754.450268,0.0,874369114527.8538,0.0,3759109448.795146,658955157.3090807,469888681.0993932,1127073879481.2346,0.0,0.0,0.0,0.0,0.0,0.0,0.0,0.0,54920833472.39709,45588187076.482216,52097400474.14217,2823432998.254919,2708333333.333333,0.0,29325669.237577315,21608044.337980162,361452.83161491784,50933713.57555748,0.0,0.0,61162195062.96481,5396424072.20732,305810975.31482404,0.0,3268435540855.875,9.685754776000977e-06,817223415.3667688,0.0,397282965889.34827,0.0,0.0,0.0,136764561229.44664,0.0
84,8,0.0,0.0,0.0,0.0,0.0,0.0,3573874.3787410213,1179190.880555344,0.0,856550660.0172894,0.0,22967945938.35415,10272335961.6343,0.0,3434919554791.4883,0.0,6557768358.958903,16039100525.108648,0.0,858330014002.7451,0.0,3756912931.6041155,727504882.694666,469614116.4505144,1126346374598.5398,0.0,0.0,0.0,0.0,0.0,0.0,0.0,0.0,57525703496.1042,47867596430.306335,54702270497.84929,2823432998.254919,2708333333.333333,0.0,29175895.324061923,21978376.549353514,361241.6280388572,51154271.873415425,0.0,0.0,69012274104.56015,5504902796.513592,345061370.5228008,0.0,3337447814960.435,0.0,1720354723.292011,0.0,399003320612.64026,0.0,6838228061.472376,0.0,143602789290.919,1.4901161193847656e-08
85,8,0.0,0.0,0.0,0.0,0.0,0.0,3568961.0834053736,1245456.582156299,0.0,855305203.4351331,0.0,22899463698.609924,10528627366.586487,0.0,3424390927424.902,0.0,6437475105.020589,16159393779.04696,0.0,842170620223.6982,0.0,3754487915.3284674,799024110.8505979,469310989.4160583,1125547350487.6892,0.0,0.0,0.0,0.0,0.0,0.0,0.0,0.0,57525703496.1042,47867596430.306335,54702270497.84929,2823432998.254919,2708333333.333333,0.0,29023904.71337382,22389337.54868249,361008.4533969679,51413242.262056306,0.0,0.0,62889321965.422615,5614820793.238577,314446609.8271131,0.0,3400337136925.858,0.0,2019969031.3988686,0.0,401023289644.0391,9.685754776000977e-06,0.0,0.0,143602789290.919,7.450580596923828e-09
86,8,0.0,0.0,0.0,0.0,0.0,0.0,3563771.680979722,1314626.4408523466,0.0,853990576.9942808,0.0,22829272849.499348,10758676122.549074,0.0,3413632251302.3525,0.0,6316279651.677738,16280589232.38981,0.0,825890030991.3083,0.0,3751824501.6256313,872913361.0326757,468978062.70320386,1124674437126.6565,0.0,0.0,0.0,0.0,0.0,0.0,0.0,0.0,59536480366.028824,47867596430.306335,56614355940.78323,2922124425.2455916,2708333333.333333,0.0,28869446.298520274,22785533.145445853,360752.35592554143,51654979.443966135,0.0,0.0,61152736950.11881,5718189175.668195,305763684.7505941,0.0,3461489873875.977,0.0,1885550018.8966691,0.0,402908839662.9358,0.0,0.0,0.0,143602789290.919,0.0
87,8,0.0,0.0,0.0,0.0,0.0,0.0,3558294.070809504,1376520.3109566197,0.0,852614056.6833241,0.0,22757548342.015686,10974907586.22618,0.0,3402657343716.1265,0.0,6194175232.434811,16402693651.632729,0.0,809487337339.6757,0.0,3748914790.4221897,940478435.3195544,468614348.80277354,1123733958691.337,0.0,0.0,0.0,0.0,0.0,0.0,0.0,0.0,59536480366.028824,47867596430.306335,56614355940.78323,2922124425.2455916,2708333333.333333,0.0,28712631.27455772,23159658.521093898,360472.5760021335,51872289.79565162,0.0,0.0,61347404204.89603,5820272626.630709,306737021.02448016,0.0,3522837278080.873,0.0,1695020743.1467772,0.0,404603860406.0826,0.0,0.0,0.0,143602789290.919,0.0
88,8,0.0,0.0,0.0,0.0,0.0,0.0,3552558.569513852,1442540.1250645944,0.0,851171516.5582596,0.0,22684382291.440845,11227599336.773832,0.0,3391429744379.3525,0.0,6071155030.047567,16525713854.019976,0.0,792961623485.6556,0.0,3745779862.3044577,1011376929.700661,468222482.78805715,1122722581761.6365,0.0,0.0,0.0,0.0,0.0,0.0,0.0,0.0,59536480366.028824,47867596430.306335,56614355940.78323,2922124425.2455916,2708333333.333333,0.0,28553571.78781606,23569224.833137263,360171.1406061978,52122796.62095332,0.0,0.0,62037877138.43378,5923093694.416818,310189385.6921689,0.0,3584875155219.307,0.0,1953953237.3532355,0.0,406557813643.43585,9.685754776000977e-06,0.0,0.0,143602789290.919,-7.450580596923828e-09
89,8,0.0,0.0,0.0,0.0,0.0,0.0,3546547.985659416,1509826.5154618237,0.0,849661690.0427977,0.0,22609531629.195683,11474804698.49459,0.0,3379954939680.8584,0.0,5947212176.142416,16649656707.925133,0.0,776311966777.7306,0.0,3742408605.872123,1085714648.8314092,467801075.73401505,1121636867112.805,0.0,0.0,0.0,0.0,0.0,0.0,0.0,0.0,62836777185.144226,47867596430.306335,59752670091.68568,3084107093.458545,2708333333.333333,0.0,28392049.84043651,23979192.71180885,359846.98133385775,52371242.552245356,0.0,0.0,59130500414.00686,6024067342.377185,295652502.07003427,0.0,3644005655633.3135,0.0,1937878264.07789,0.0,408495691907.51373,9.685754776000977e-06,0.0,0.0,143602789290.919,7.450580596923828e-09
90,8,0.0,0.0,0.0,0.0,0.0,0.0,3540257.041844992,1576675.9984563426,0.0,848085014.0443413,0.0,22533032931.20572,11708243808.231821,0.0,3368246695872.6265,0.0,5822339750.832981,16774529133.234568,0.0,759537437644.496,0.0,3738789557.0426836,1155804108.1794703,467348694.6303354,1120481063004.6255,0.0,0.0,0.0,0.0,0.0,0.0,0.0,0.0,62836777185.144226,47867596430.306335,59752670091.68568,3084107093.458545,2708333333.333333,0.0,28228074.14883068,24375581.42126085,359498.99586948875,52603655.570091516,0.0,0.0,59407293692.70775,6122848837.466113,297036468.46353877,0.0,3703412949326.021,0.0,1812821539.2000258,0.0,410308513446.71375,0.0,0.0,0.0,143602789290.919,-1.4901161193847656e-08
91,8,0.0,0.0,0.0,0.0,0.0,0.0,3533687.5585180903,1644857.6733600174,0.0,846440156.3709813,0.0,22454977972.484173,11928116288.647203,0.0,3356318579583.979,0.0,5696530782.33372,16900338101.733826,0.0,742637099542.7622,0.0,3734936876.682086,1228547359.9212637,466867109.58526057,1119252515644.704,0.0,0.0,0.0,0.0,0.0,0.0,0.0,0.0,62836777185.144226,47867596430.306335,59752670091.68568,3084107093.458545,2708333333.333333,0.0,28061722.65967192,24765628.25051563,359128.5458348158,52827350.91018755,0.0,0.0,59730515781.67675,6222130345.361433,298652578.9083838,0.0,3763143465107.6978,0.0,1744823652.7490854,0.0,412053337099.4628,0.0,0.0,0.0,143602789290.919,2.9802322387695312e-08
92,8,0.0,0.0,0.0,0.0,0.0,0.0,3526833.9848790905,1711007.1263956283,0.0,844729149.2445858,0.0,22375457197.22653,12193051104.23674,0.0,3344125528479.742,0.0,5569778246.570716,17027090637.496832,0.0,725610008905.2654,0.0,3730841718.8156815,1303549491.3311157,466355214.85196,1117948966153.373,0.0,0.0,0.0,0.0,0.0,0.0,0.0,0.0,62836777185.144226,47867596430.306335,59752670091.68568,3084107093.458545,2708333333.333333,0.0,27893047.186889034,25190769.613368466,358734.78065535385,53083816.8002575,0.0,0.0,60422607897.47588,6322257948.427393,302113039.48737943,0.0,3823566073005.174,0.0,2000433942.5456226,0.0,414053771042.0085,0.0,0.0,0.0,143602789290.919,0.0
93,8,0.0,0.0,0.0,0.0,0.0,0.0,3519704.7885191087,1775323.6823441014,0.0,842953825.5622417,0.0,22294170189.864952,12427947645.700373,0.0,3331697580834.042,0.0,5442075066.789491,17154793817.278055,0.0,708455215087.9873,0.0,3726496553.844578,1374980895.3498206,465812069.23057216,1116573985258.0232,0.0,0.0,0.0,0.0,0.0,0.0,0.0,0.0,64454141189.214035,47867596430.306335,61290651861.00211,3163489328.211913,2708333333.333333,0.0,27721813.873518355,25588956.265673526,358316.97633120936,53310770.13919188,0.0,0.0,58961724717.48781,6421744892.273197,294808623.58743906,0.0,3882527797722.661,0.0,1770236043.688178,0.0,415824007085.69666,0.0,0.0,0.0,143602789290.919,0.0
94,8,0.0,0.0,0.0,0.0,0.0,0.0,3512307.606509342,1846710.034228696,0.0,841107115.528013,0.0,22211317205.560287,12679361567.894678,0.0,3319018219266.1475,0.0,5313414113.159903,17283454770.90764,0.0,691171760317.0796,0.0,3721913284.193412,1447718807.9945748,465239160.5241764,1115126266450.0288,0.0,0.0,0.0,0.0,0.0,0.0,0.0,0.0,64454141189.214035,47867596430.306335,61290651861.00211,3163489328.211913,2708333333.333333,0.0,27548188.070289038,26008660.147149384,357876.27732628956,53556848.217438415,0.0,0.0,59531821382.210045,6520489514.0229435,297659106.91105026,0.0,3942059619104.871,9.685754776000977e-06,1919409010.3229642,0.0,417743416096.0196,0.0,0.0,0.0,143602789290.919,1.4901161193847656e-08
95,8,0.0,0.0,0.0,0.0,0.0,0.0,3504612.981366722,1914563.502446515,0.0,839192552.0255665,0.0,22126788128.440983,12922535882.295765,0.0,3306095683383.8516,0.0,5183788202.378096,17413080681.68945,0.0,673758679635.3901,0.0,3717087554.8334303,1524465201.151153,464635944.3541786,1113601801248.8774,0.0,0.0,0.0,0.0,0.0,0.0,0.0,0.0,64454141189.214035,47867596430.306335,61290651861.00211,3163489328.211913,2708333333.333333,0.0,27372046.739560958,26422318.706397567,357412.2648878297,53794365.445958525,0.0,0.0,59874434212.39649,6619994727.01845,299372171.06198245,0.0,4001934053317.2676,0.0,1852634382.4568212,0.0,419596050478.47644,9.685754776000977e-06,0.0,0.0,143602789290.919,7.450580596923828e-09
96,9,0.0,0.0,0.0,0.0,0.0,0.0,3496635.6334398612,1977367.5163358916,0.0,837215184.5092305,0.0,22040637889.22569,13149445292.869091,0.0,3292946238090.9824,0.0,5053190097.265428,17543678786.80212,0.0,656215000848.5881,0.0,3712006004.1629257,1593545491.1626318,464000750.5203656,1112008255757.7148,0.0,0.0,0.0,0.0,0.0,0.0,0.0,0.0,67518673782.26413,50260976251.82165,64355184454.052216,3163489328.211913,2708333333.333333,0.0,27193431.010866046,26813267.186208077,356923.6542464351,54006698.19707413,0.0,0.0,66601410784.627686,6725391264.515969,333007053.92313844,0.0,4068535464101.8955,0.0,1656195458.7017596,0.0,421252245937.17816,0.0,7180139464.545916,0.0,150782928755.46494,0.0
97,9,0.0,0.0,0.0,0.0,0.0,0.0,3488396.6021217946,2047101.660464745,0.0,835168082.8487657,0.0,21952974920.60655,13341625628.538,0.0,3279604612462.4443,0.0,4921612506.364411,17675256377.703136,0.0,638539744470.885,0.0,3706694185.8590508,1667802798.465408,463336773.23238117,1110340452959.2495,0.0,0.0,0.0,0.0,0.0,0.0,0.0,0.0,67518673782.26413,50260976251.82165,64355184454.052216,3163489328.211913,2708333333.333333,0.0,27012459.3812218,27189166.894854397,356412.90248644707,54201626.2760762,0.0,0.0,59608467585.65786,6830566163.157874,298042337.9282893,0.0,4128143931687.553,0.0,1520439016.2160873,0.0,422772684953.3943,0.0,0.0,0.0,150782928755.46494,0.0
98,9,0.0,0.0,0.0,0.0,0.0,0.0,3479867.011869858,2115719.1787403394,0.0,833052363.6700255,0.0,21864030749.749634,13443107738.165882,0.0,3266161504724.279,0.0,4789048083.531636,17807820800.535908,0.0,620731923670.349,0.0,3701134843.1974993,1743366351.5780048,462641855.39968723,1108597086607.6714,0.0,0.0,0.0,0.0,0.0,0.0,0.0,0.0,69625054924.33545,50260976251.82165,66362874169.132866,3262180755.2025867,2708333333.333333,0.0,26829262.14762276,27495946.017417107,355878.35030745174,54325208.16503986,0.0,0.0,57190792037.7202,6927898879.510689,285953960.188601,0.0,4185334723725.2734,0.0,963938733.9165449,0.0,423736623687.3108,0.0,0.0,0.0,150782928755.46494,0.0
99,9,0.0,0.0,0.0,0.0,0.0,0.0,3471051.5152917737,2185029.0838352474,0.0,830867334.5861902,0.0,21774410031.49519,13539938139.284937,0.0,3252621566584.9937,0.0,4655489427.527617,17941379456.53993,0.0,602790544213.8091,0.0,3695323622.025573,1815630075.3421178,461915452.7531964,1106781456532.3293,0.0,0.0,0.0,0.0,0.0,0.0,0.0,0.0,69625054924.33545,50260976251.82165,66362874169.132866,3262180755.2025867,2708333333.333333,0.0,26644300.03917514,27798065.753963698,355319.5790409203,54442365.79313884,0.0,0.0,57388733964.828926,7023381817.846146,286943669.82414466,0.0,4242723457690.102,0.0,913829499.1720796,0.0,424650453186.4829,0.0,0.0,0.0,150782928755.46494,-1.4901161193847656e-08
100,9,0.0,0.0,0.0,0.0,0.0,0.0,3461947.22744246,2256567.9206069554,0.0,828610766.6655833,0.0,21684143777.2333,13641456651.793043,0.0,3238980109933.2007,0.0,4520929081.603569,18075939802.46397,0.0,584714604411.3451,0.0,3689271521.774433,1890245628.971393,461158940.2218039,1104891210903.358,0.0,0.0,0.0,0.0,0.0,0.0,0.0,0.0,69625054924.33545,50260976251.82165,66362874169.132866,3262180755.2025867,2708333333.333333,0.0,26457596.750989616,28108600.292321116,354737.6463244645,54566197.04331074,0.0,0.0,57698466995.64421,7119287818.646542,288492334.97822106,0.0,4300421924685.7466,0.0,965883751.3408184,0.0,425616336937.8237,0.0,0.0,0.0,150782928755.46494,-1.4901161193847656e-08
101,9,0.0,0.0,0.0,0.0,0.0,0.0,3452544.861106598,2327179.938303415,0.0,826283586.7272798,0.0,21593200732.88801,13741235547.321075,0.0,3225238874385.8794,0.0,4385359533.085087,18211509350.982452,0.0,566503095060.3627,0.0,3682970703.011194,1967763825.2217417,460371337.8763991,1102923447078.1362,0.0,0.0,0.0,0.0,0.0,0.0,0.0,0.0,70701140942.56752,50260976251.82165,67388541740.96754,3312599201.5999956,2708333333.333333,0.0,26269107.144940667,28419878.956399776,354131.79836646083,54688986.10134044,0.0,0.0,56864388706.7705,7214756865.065219,284321943.5338525,0.0,4357286313392.5166,0.0,957754652.6316702,0.0,426574091590.4554,0.0,0.0,0.0,150782928755.46494,0.0
102,9,0.0,0.0,0.0,0.0,0.0,0.0,3442848.278030333,2392959.165859427,0.0,823890627.5614204,0.0,21501592495.905857,13834399949.155891,0.0,3211404474436.7236,0.0,4248773212.952721,18348095671.114826,0.0,548154999389.24786,0.0,3676411490.260455,2041138270.5138266,459551436.2825568,1100882308807.6223,0.0,0.0,0.0,0.0,0.0,0.0,0.0,0.0,70701140942.56752,50260976251.82165,67388541740.96754,3312599201.5999956,2708333333.333333,0.0,26078830.738891125,28718831.389539845,353501.10483273596,54797662.12843098,0.0,0.0,56990274312.94956,7309635750.914986,284951371.5647478,0.0,4414276587705.467,0.0,847673011.3062084,0.0,427421764601.7616,9.685754776000977e-06,0.0,0.0,150782928755.46494,7.450580596923828e-09
103,9,0.0,0.0,0.0,0.0,0.0,0.0,3432877.614839253,2462722.44367766,0.0,821427905.1177428,0.0,21409363162.911484,13926629282.150263,0.0,3197477845154.573,0.0,4111162495.419358,18163627996.379616,0.0,529991371392.8682,0.0,3669607696.0254097,2117024338.0002227,458700962.003176,1098765284469.6222,0.0,0.0,0.0,0.0,0.0,0.0,0.0,0.0,70701140942.56752,50260976251.82165,67388541740.96754,3312599201.5999956,2708333333.333333,0.0,25886826.348959446,28776015.994854663,352846.8938485969,54662842.3438141,0.0,0.0,54998254462.075096,7402959524.894174,274991272.3103755,0.0,4469274842167.541,0.0,0.0,1051594320.011723,426370170281.7499,0.0,0.0,0.0,150782928755.46494,-1.4901161193847656e-08
104,9,0.0,0.0,0.0,0.0,0.0,0.0,3422616.2713239286,2537304.1433834382,0.0,818890600.9743593,0.0,21316518967.69716,14020213981.7508,0.0,3183457631172.8228,0.0,3974935285.4465113,17659545865.370083,0.0,512331825527.49817,0.0,3662550948.232074,2194935631.404881,457818868.5290093,1096570348838.2173,0.0,0.0,0.0,0.0,0.0,0.0,0.0,0.0,70701140942.56752,50260976251.82165,67388541740.96754,3312599201.5999956,2708333333.333333,0.0,25694927.964689884,28594762.203787874,352168.3604069302,54289690.16847776,0.0,0.0,52731724224.10072,7492734507.132652,263658621.12050363,0.0,4522006566391.643,0.0,0.0,2910586967.6233053,423459583314.1266,0.0,0.0,0.0,150782928755.46494,-1.4901161193847656e-08
105,9,0.0,0.0,0.0,0.0,0.0,0.0,3412044.1707264977,2602248.324015076,0.0,816288352.6503443,0.0,21223050874.485485,14113682074.962467,0.0,3169343949097.86,0.0,3842488691.456236,17548184213.374577,0.0,494783641314.1236,0.0,3655234496.127392,2267314553.3047485,456904312.01592386,1094303034284.9126,0.0,0.0,0.0,0.0,0.0,0.0,0.0,0.0,70701140942.56752,50260976251.82165,67388541740.96754,3312599201.5999956,2708333333.333333,0.0,25504947.295395046,28701618.202201065,351464.8553968645,54206565.497596115,0.0,0.0,54985998269.15762,7582499275.877035,274929991.3457881,0.0,4576992564660.8,0.0,0.0,648372432.8768611,422811210881.2497,0.0,0.0,0.0,150782928755.46494,-1.4901161193847656e-08
106,9,0.0,0.0,0.0,0.0,0.0,0.0,3401201.4693764355,2672284.4812528966,0.0,813616068.1690913,0.0,21128959660.652397,14207773288.795551,0.0,3155136175809.0645,0.0,3710877309.8559275,17433254919.8917,0.0,477350386394.2319,0.0,3647676780.949709,2342061587.4491234,455959597.6187136,1091960972697.4635,0.0,0.0,0.0,0.0,0.0,0.0,0.0,0.0,70701140942.56752,50260976251.82165,67388541740.96754,3312599201.5999956,2708333333.333333,0.0,25314673.585882615,28813122.785973188,350738.1520143951,54127796.3718558,0.0,0.0,55008400956.19007,7674161275.231492,275042004.78095037,0.0,4632000965616.99,0.0,0.0,614399180.7744145,422196811700.4753,0.0,0.0,0.0,150782928755.46494,0.0
107,9,0.0,0.0,0.0,0.0,0.0,0.0,3390066.9507045485,2747489.797922968,0.0,810868578.3711684,0.0,21034241172.060432,14302491777.387524,0.0,3140833684031.677,0.0,3580127897.956739,17319204730.933777,0.0,460031181663.2981,0.0,3639869908.9915447,2421372159.7043285,454983738.62394315,1089539600537.7592,0.0,0.0,0.0,0.0,0.0,0.0,0.0,0.0,70701140942.56752,50260976251.82165,67388541740.96754,3312599201.5999956,2708333333.333333,0.0,25124096.934557408,28934465.696404222,349987.49124918703,54058562.63096162,0.0,0.0,55083918422.64733,7765904874.713857,275419592.1132367,0.0,4687084884039.637,0.0,0.0,540023178.9745927,421656788521.5007,0.0,0.0,0.0,150782928755.46494,0.0
108,10,0.0,0.0,0.0,0.0,0.0,0.0,3378619.076546535,2814297.2577479,0.0,808054281.1134205,0.0,20938891226.877846,14397841722.570105,0.0,3126435842309.107,0.0,3450233862.4747357,17107488491.703056,0.0,442923693171.59503,0.0,3631798668.459197,2495131831.5775304,453974833.5573997,1087044468706.1816,0.0,0.0,0.0,0.0,0.0,0.0,0.0,0.0,74070568029.6159,52774025064.41274,70757968828.01591,3312599201.5999956,2708333333.333333,0.0,24933175.813324824,28968498.8314792,349211.410428769,53901674.64480403,0.0,0.0,61004362641.149605,7862645108.933687,305021813.205748,0.0,4748089246680.786,0.0,0.0,1223726292.0292497,420433062229.47144,0.0,7539146437.773291,0.0,158322075193.23822,0.0
109,10,0.0,0.0,0.0,0.0,0.0,0.0,3366892.837972586,2890410.120172263,0.0,805163870.9932482,0.0,20842905615.394043,14493827334.053911,0.0,3111942014975.053,0.0,3321927698.7869625,16957309335.125294,0.0,425966383836.4697,0.0,3623481562.3539386,2572973449.431451,452935195.2942423,1084471495256.7501,0.0,0.0,0.0,0.0,0.0,0.0,0.0,0.0,74070568029.6159,52774025064.41274,70757968828.01591,3312599201.5999956,2708333333.333333,0.0,24742519.66607639,29062802.519103535,348411.6886878787,53805322.18517992,0.0,0.0,53871159058.063576,7958374710.349698,269355795.2903179,0.0,4801960405738.85,0.0,0.0,751549185.0680709,419681513044.4034,0.0,0.0,0.0,158322075193.23822,0.0
110,10,0.0,0.0,0.0,0.0,0.0,0.0,3354849.462471869,2962150.113090993,0.0,802201720.8801572,0.0,20746280099.833702,14590452849.614264,0.0,3097351562125.439,0.0,3194747878.7735233,16760894999.329826,0.0,409205488837.13995,0.0,3614904984.189167,2651882753.832435,451863123.0236459,1081819612502.9177,0.0,0.0,0.0,0.0,0.0,0.0,0.0,0.0,74070568029.6159,52774025064.41274,70757968828.01591,3312599201.5999956,2708333333.333333,0.0,24551720.972315244,29118481.34599601,347587.01771049685,53670202.31831126,0.0,0.0,53479546239.343864,8047833631.43087,267397731.19671935,0.0,4855439951978.194,0.0,0.0,1053934961.5755081,418627578082.8279,0.0,0.0,0.0,158322075193.23822,0.0
111,10,0.0,0.0,0.0,0.0,0.0,0.0,3342507.170333988,3029361.5116749965,0.0,799172359.3684822,0.0,20649010414.169598,14687722535.27836,0.0,3082663839590.16,0.0,3069041166.2785497,16556015009.020672,0.0,392649473828.11926,0.0,3606065375.009726,2726781881.276184,450758171.8762157,1079092830621.6416,0.0,0.0,0.0,0.0,0.0,0.0,0.0,0.0,74070568029.6159,52774025064.41274,70757968828.01591,3312599201.5999956,2708333333.333333,0.0,24361058.67453235,29160530.30057901,346737.05528939667,53521588.975111365,0.0,0.0,53267892758.413086,8136789830.595668,266339463.79206544,0.0,4908707844736.607,0.0,0.0,1159184076.9591331,417468394005.8687,0.0,0.0,0.0,158322075193.23822,-1.4901161193847656e-08
112,10,0.0,0.0,0.0,0.0,0.0,0.0,3329884.8307020096,3103829.584163425,0.0,796068529.7843188,0.0,20551092263.934402,14785640685.513544,0.0,3067878198904.647,0.0,2944871053.710894,16381690627.825165,0.0,376267783200.29407,0.0,3596976102.072139,2802454675.6186786,449622012.7590173,1076290375946.0228,0.0,0.0,0.0,0.0,0.0,0.0,0.0,0.0,74070568029.6159,52774025064.41274,70757968828.01591,3312599201.5999956,2708333333.333333,0.0,24170607.46125388,29234434.191053722,345863.0867377056,53405041.65230761,0.0,0.0,53455232676.19184,8225725768.457839,267276163.3809592,0.0,4962163077412.799,0.0,0.0,909069117.8693712,416559324887.9993,9.685754776000977e-06,0.0,0.0,158322075193.23822,-7.450580596923828e-09
113,10,0.0,0.0,0.0,0.0,0.0,0.0,3316952.2074346617,3178555.79341995,0.0,792889973.9908988,0.0,20452521326.03098,14884211623.416973,0.0,3052993987281.23,0.0,2822008374.0022054,16118872301.690796,0.0,360148910898.6033,0.0,3587634586.4867435,2882191100.1190114,448454323.3108428,1073408184845.9038,0.0,0.0,0.0,0.0,0.0,0.0,0.0,0.0,74070568029.6159,52774025064.41274,70757968828.01591,3312599201.5999956,2708333333.333333,0.0,23980155.50475768,29244151.966671318,344964.8640852637,53224307.471429,0.0,0.0,52803744766.94069,8314274916.327117,264018723.83470345,0.0,5014966822179.74,0.0,0.0,1409726610.8531535,415149598277.1462,0.0,0.0,0.0,158322075193.23822,-1.4901161193847656e-08
114,10,0.0,0.0,0.0,0.0,0.0,0.0,3303708.224962078,3246513.910252034,0.0,789643460.0806469,0.0,20353293248.54153,14983439700.90642,0.0,3038010547580.323,0.0,2701116831.7395244,15865596064.76164,0.0,344283314833.8417,0.0,3578027282.8196793,2952820846.7309027,447253410.35245997,1070455363999.173,0.0,0.0,0.0,0.0,0.0,0.0,0.0,0.0,74070568029.6159,52774025064.41274,70757968828.01591,3312599201.5999956,2708333333.333333,0.0,23790198.504270334,29247942.07363585,344041.08488650766,53038140.5779062,0.0,0.0,52604998622.54727,8402115535.818356,263024993.11273637,0.0,5067571820802.287,0.0,0.0,1452101769.4778323,413697496507.6684,0.0,0.0,0.0,158322075193.23822,0.0
115,10,0.0,0.0,0.0,0.0,0.0,0.0,3290181.0836693617,3314502.331199692,0.0,786328957.7494471,0.0,20253403650.53549,15083329298.91247,0.0,3022927218281.411,0.0,2582124861.253812,15580315963.419289,0.0,328702998870.42236,0.0,3568184546.66391,3027388771.9641128,446023068.33298874,1067427975227.2089,0.0,0.0,0.0,0.0,0.0,0.0,0.0,0.0,74070568029.6159,52774025064.41274,70757968828.01591,3312599201.5999956,2708333333.333333,0.0,23600729.59017183,29230682.35758113,343094.6679484529,52831411.94775297,0.0,0.0,52260303793.47926,8489503287.831712,261301518.96739632,0.0,5119832124595.767,0.0,0.0,1612483315.195185,412085013192.4732,0.0,0.0,0.0,158322075193.23822,0.0
116,10,0.0,0.0,0.0,0.0,0.0,0.0,3276370.6572893625,3389079.7511778246,0.0,782939877.9982693,0.0,20152848121.876072,15183884827.57188,0.0,3007743333453.839,0.0,2465272491.5281677,15209750344.029623,0.0,313493248526.39276,0.0,3558093250.7573633,3100845215.3243012,444761656.34467036,1064327130011.8845,0.0,0.0,0.0,0.0,0.0,0.0,0.0,0.0,74070568029.6159,52774025064.41274,70757968828.01591,3312599201.5999956,2708333333.333333,0.0,23411919.783567518,29154064.664197672,342124.3510343618,52565984.447765194,0.0,0.0,51539028513.98952,8576002731.421269,257695142.5699476,0.0,5171371153109.756,0.0,0.0,2070334499.9046147,410014678692.56854,0.0,0.0,0.0,158322075193.23822,1.4901161193847656e-08
117,10,0.0,0.0,0.0,0.0,0.0,0.0,3262249.491659455,3451938.838279492,0.0,779487939.1599898,0.0,20051622223.025597,15285110726.42236,0.0,2992458222727.4165,0.0,2351199363.947945,14924319239.814669,0.0,298568929286.57806,0.0,3547757100.039615,3159235271.4405518,443469637.5049519,1061167894740.444,0.0,0.0,0.0,0.0,0.0,0.0,0.0,0.0,74070568029.6159,52774025064.41274,70757968828.01591,3312599201.5999956,2708333333.333333,0.0,23224233.09705419,29120142.86726225,341130.49038842454,52344375.964316435,0.0,0.0,51678143681.672134,8662017041.58432,258390718.40836066,0.0,5223049296791.429,0.0,0.0,1728546170.9003568,408286132521.6682,0.0,0.0,0.0,158322075193.23822,0.0
118,10,0.0,0.0,0.0,0.0,0.0,0.0,3247866.4131666236,3516167.6947117182,0.0,775971771.465278,0.0,19949721484.849453,15387011464.598505,0.0,2977071211262.8184,0.0,2239266969.649335,14615171320.880766,0.0,283953757965.6973,0.0,3537226315.80148,3215069508.5634475,442153289.475185,1057952825231.8805,0.0,0.0,0.0,0.0,0.0,0.0,0.0,0.0,74070568029.6159,52774025064.41274,70757968828.01591,3312599201.5999956,2708333333.333333,0.0,23037262.390320674,29067900.228590734,340117.91498091153,52105162.61891141,0.0,0.0,51312529551.735176,8747842602.61216,256562647.7586759,0.0,5274361826343.164,0.0,0.0,1865864094.159174,406420268427.50903,0.0,0.0,0.0,158322075193.23822,1.4901161193847656e-08
119,10,0.0,0.0,0.0,0.0,0.0,0.0,3233215.714438659,3578891.5513799964,0.0,772392879.9138981,0.0,19847141408.41879,15489591541.029163,0.0,2961581619721.789,0.0,2129653184.7427297,14255951678.634815,0.0,269697806287.0625,0.0,3526509417.4396024,3268295000.798825,440813677.17995024,1054684530231.0817,0.0,0.0,0.0,0.0,0.0,0.0,0.0,0.0,74070568029.6159,52774025064.41274,70757968828.01591,3312599201.5999956,2708333333.333333,0.0,22851141.876439523,28974151.72096677,339087.4439845771,51825293.59740628,0.0,0.0,50712265278.897125,8832863264.971022,253561326.39448565,0.0,5325074091622.061,0.0,0.0,2182978367.739993,404237290059.76904,9.685754776000977e-06,0.0,0.0,158322075193.23822,-2.2351741790771484e-08
120,11,0.0,0.0,0.0,0.0,0.0,0.0,3218303.6663079085,3632927.529250903,0.0,768759952.3846471,0.0,19743877464.811924,15592855484.636024,0.0,2945988764237.153,0.0,2022733547.1529691,13952923758.024355,0.0,255744882529.03815,0.0,3515615100.7702727,3309735450.176789,439451887.5962841,1051374794780.9049,0.0,0.0,0.0,0.0,0.0,0.0,0.0,0.0,77608466471.01671,55412726317.63338,74295867269.41672,3312599201.5999956,2708333333.333333,0.0,22666169.90687342,28906400.369894877,338039.91353560315,51572570.276768304,0.0,0.0,57736501363.35372,8923237237.172895,288682506.81676865,0.0,5382810592985.414,0.0,0.0,1971241900.9762526,402266048158.7928,9.685754776000977e-06,7916103759.661902,0.0,166238178952.90012,7.450580596923828e-09
121,11,0.0,0.0,0.0,0.0,0.0,0.0,3203166.468269363,3679198.405987168,0.0,765080753.97866,0.0,19639925094.914352,15696807854.533604,0.0,2930291956382.6196,0.0,1918086618.9677858,13611495923.33452,0.0,242133386605.7036,0.0,3504582649.2696843,3344639461.7052317,438072831.1587104,1048030155319.1997,0.0,0.0,0.0,0.0,0.0,0.0,0.0,0.0,77608466471.01671,55412726317.63338,74295867269.41672,3312599201.5999956,2708333333.333333,0.0,22482085.20915538,28796847.051812828,336979.1008913157,51278932.26096821,0.0,0.0,49164377953.49778,9012321303.270273,245821889.7674889,0.0,5431974970938.912,0.0,0.0,2290376523.240691,399975671635.5521,0.0,0.0,0.0,166238178952.90012,0.0
122,11,0.0,0.0,0.0,0.0,0.0,0.0,3187836.4749110835,3698600.1588471686,0.0,761382153.8198129,0.0,19535279709.217464,15801453240.23049,0.0,2914490503142.389,0.0,1816000399.5427773,13236434931.565329,0.0,228896951674.1383,0.0,3493433851.0639997,3359417772.438256,436679231.38299984,1044670737546.7614,0.0,0.0,0.0,0.0,0.0,0.0,0.0,0.0,77608466471.01671,55412726317.63338,74295867269.41672,3312599201.5999956,2708333333.333333,0.0,22299154.905545115,28619604.731334917,335907.101063846,50918759.63688003,0.0,0.0,48252410819.40061,9093501960.58102,241262054.09700304,0.0,5480227381758.3125,0.0,0.0,2809346467.887789,397166325167.6643,0.0,0.0,0.0,166238178952.90012,-1.4901161193847656e-08
123,11,0.0,0.0,0.0,0.0,0.0,0.0,3172425.6409158884,3716436.2793411063,0.0,757665717.5404718,0.0,19429936687.61592,15906796261.832024,0.0,2898583706880.557,0.0,1716727137.556037,12913071419.88556,0.0,215983880254.25275,0.0,3482235791.8225384,3373036472.695286,435279473.97781724,1041297701074.0662,0.0,0.0,0.0,0.0,0.0,0.0,0.0,0.0,77608466471.01671,55412726317.63338,74295867269.41672,3312599201.5999956,2708333333.333333,0.0,22117733.038603958,28480208.705812544,334830.364598321,50597941.744416505,0.0,0.0,48221153056.21213,9173896597.14403,241105765.28106067,0.0,5528448534814.524,0.0,0.0,2502379561.2155733,394663945606.4487,0.0,0.0,0.0,166238178952.90012,0.0
124,11,0.0,0.0,0.0,0.0,0.0,0.0,3156940.489751965,3734824.2337556006,0.0,753930893.3067162,0.0,19323891379.203712,16012841570.244242,0.0,2882570865310.3125,0.0,1619879101.906895,12557982480.962927,0.0,203425897773.28983,0.0,3470992336.913554,3386014200.301403,433874042.1141942,1037911686873.7648,0.0,0.0,0.0,0.0,0.0,0.0,0.0,0.0,77608466471.01671,55412726317.63338,74295867269.41672,3312599201.5999956,2708333333.333333,0.0,21937527.272847474,28317007.504146807,333749.2631647648,50254534.77699428,0.0,0.0,47674302408.33631,9253809476.69782,238371512.04168156,0.0,5576122837222.861,0.0,0.0,2678574345.8932934,391985371260.5554,0.0,0.0,0.0,166238178952.90012,1.4901161193847656e-08
125,11,0.0,0.0,0.0,0.0,0.0,0.0,3141378.7221113173,3752739.8064591456,0.0,750178153.500257,0.0,19217139102.06875,16119593847.379202,0.0,2866451271462.9336,0.0,1525694233.2996738,12204525214.57353,0.0,191221372558.71628,0.0,3459705622.91255,3398768853.9669714,432463202.8640685,1034512918019.7977,0.0,0.0,0.0,0.0,0.0,0.0,0.0,0.0,77608466471.01671,55412726317.63338,74295867269.41672,3312599201.5999956,2708333333.333333,0.0,21758716.38232745,28154961.28024353,332664.00220312964,49913677.66257098,0.0,0.0,47327097985.27343,9332977310.359161,236635489.92636713,0.0,5623449935208.135,0.0,0.0,2658685492.5017776,389326685768.05365,0.0,0.0,0.0,166238178952.90012,0.0
126,11,0.0,0.0,0.0,0.0,0.0,0.0,3125742.30625107,3768779.5722787958,0.0,746409373.9279782,0.0,19109675143.086227,16227057806.361727,0.0,2850224213656.572,0.0,1434160294.190372,11845626092.639742,0.0,179375746466.07654,0.0,3448376393.399326,3410345110.8123307,431047049.17491573,1031102572908.9854,0.0,0.0,0.0,0.0,0.0,0.0,0.0,0.0,77608466471.01671,55412726317.63338,74295867269.41672,3312599201.5999956,2708333333.333333,0.0,21581289.868309475,27986494.19521249,331574.65321147366,49567784.06352196,0.0,0.0,46913199662.49923,9411510891.732307,234565998.31249616,0.0,5670363134870.634,0.0,0.0,2697970072.58237,386628715695.4713,0.0,0.0,0.0,166238178952.90012,0.0
127,11,0.0,0.0,0.0,0.0,0.0,0.0,3110039.058033242,3784482.8204966243,0.0,742624891.1074816,0.0,19001494757.71048,16335238191.73748,0.0,2833888975464.8345,0.0,1345318098.495574,11473307087.694864,0.0,167902439378.38168,0.0,3437008576.3632855,3421712927.848374,429626072.04541063,1027680859981.1371,0.0,0.0,0.0,0.0,0.0,0.0,0.0,0.0,77608466471.01671,55412726317.63338,74295867269.41672,3312599201.5999956,2708333333.333333,0.0,21405286.31385581,27807758.364558715,330481.5938810851,49213044.67841452,0.0,0.0,46457148722.428246,9489319515.386414,232285743.61214125,0.0,5716820283593.0625,0.0,0.0,2766967203.8379374,383861748491.63336,9.685754776000977e-06,0.0,0.0,166238178952.90012,-7.450580596923828e-09
128,11,0.0,0.0,0.0,0.0,0.0,0.0,3094270.3796145064,3800401.539259087,0.0,738824489.5682225,0.0,18892593169.765564,16444139779.682394,0.0,2817444835685.152,0.0,1259268295.3378623,11128132088.168745,0.0,156774307290.21295,0.0,3425602866.60379,3433118637.607867,428200358.3254738,1024247741343.5292,0.0,0.0,0.0,0.0,0.0,0.0,0.0,0.0,77608466471.01671,55412726317.63338,74295867269.41672,3312599201.5999956,2708333333.333333,0.0,21230781.40400467,27650701.928073708,329384.8910195952,48881483.33207838,0.0,0.0,46281888188.97957,9566602046.145922,231409440.94489786,0.0,5763102171782.042,0.0,0.0,2586178501.4219403,381275569990.2114,0.0,0.0,0.0,166238178952.90012,-2.9802322387695312e-08
129,11,0.0,0.0,0.0,0.0,0.0,0.0,3078435.373200926,3816236.5456726654,0.0,735008253.0225499,0.0,18782965571.23435,16553767378.213606,0.0,2800891068306.9385,0.0,1175807304.6765969,10793381655.650347,0.0,145980925634.5626,0.0,3414159137.8117642,3444562366.399894,426769892.2264705,1020803178977.1293,0.0,0.0,0.0,0.0,0.0,0.0,0.0,0.0,77608466471.01671,55412726317.63338,74295867269.41672,3312599201.5999956,2708333333.333333,0.0,21057613.845295317,27502168.39202947,328284.53248190036,48559782.23732478,0.0,0.0,46014734344.93611,9643515898.257517,230073671.72468057,0.0,5809116906126.978,0.0,0.0,2509268539.0781045,378766301451.1333,0.0,0.0,0.0,166238178952.90012,0.0
130,11,0.0,0.0,0.0,0.0,0.0,0.0,3062534.3875939576,3832137.5312796365,0.0,731176115.4912702,0.0,18672607122.046257,16664125827.401688,0.0,2784226942479.5366,0.0,1094856942.2592192,10388931791.955818,0.0,135591993842.60677,0.0,3402677263.2570977,3456044240.9545608,425334657.9071372,1017347134736.1747,0.0,0.0,0.0,0.0,0.0,0.0,0.0,0.0,77608466471.01671,55412726317.63338,74295867269.41672,3312599201.5999956,2708333333.333333,0.0,20885720.024180554,27300677.42382738,327180.50608241325,48186397.448007934,0.0,0.0,45196685338.281006,9719525414.660198,225983426.69140503,0.0,5854313591465.258,0.0,0.0,2912401356.6713753,375853900094.4619,0.0,0.0,0.0,166238178952.90012,-1.4901161193847656e-08
131,11,0.0,0.0,0.0,0.0,0.0,0.0,3046567.147880293,3848104.7709933002,0.0,727328010.7202768,0.0,18561512949.86358,16775219999.584373,0.0,2767451722479.952,0.0,1016939953.8195506,10033511051.559101,0.0,125558482791.04767,0.0,3391157115.787249,3467564388.42441,423894639.47340614,1013879570347.7502,0.0,0.0,0.0,0.0,0.0,0.0,0.0,0.0,77608466471.01671,55412726317.63338,74295867269.41672,3312599201.5999956,2708333333.333333,0.0,20715497.93208827,27137562.801430136,326072.7995949278,47853060.73351841,0.0,0.0,45149334168.40346,9794813764.249102,225746670.8420173,0.0,5899462925633.661,0.0,0.0,2600026373.0183306,373253873721.4436,0.0,0.0,0.0,166238178952.90012,0.0
132,12,0.0,0.0,0.0,0.0,0.0,0.0,3030533.378001154,3864138.5408724393,0.0,723463872.1794045,0.0,18449678149.86634,16887054799.581598,0.0,2750564667680.3706,0.0,941688620.9328574,9704492291.606407,0.0,115853990499.44125,0.0,3379598567.8258348,3479122936.3858237,422449820.97822934,1010400447411.3645,0.0,0.0,0.0,0.0,0.0,0.0,0.0,0.0,81323259834.48753,58183362633.515045,78010660632.88754,3312599201.5999956,2708333333.333333,0.0,20546660.561558872,26995423.177467693,324961.4007524841,47542083.739026554,0.0,0.0,52403340902.67046,9876107660.14166,262016704.5133523,0.0,5951866266536.332,0.0,0.0,2425620557.0364714,370828253164.40717,0.0,8311908947.644997,0.0,174550087900.54514,1.4901161193847656e-08
133,12,0.0,0.0,0.0,0.0,0.0,0.0,3014432.800747518,3880239.118126074,0.0,719583633.0612783,0.0,18337097784.535797,16999635164.91215,0.0,2733565032515.4585,0.0,868904928.7458092,9316333978.496992,0.0,106537656520.94426,0.0,3368001491.3712134,3490720012.840444,421000186.4214019,1006909727398.524,0.0,0.0,0.0,0.0,0.0,0.0,0.0,0.0,81323259834.48753,58183362633.515045,78010660632.88754,3312599201.5999956,2708333333.333333,0.0,20379051.419711225,26808461.546010375,323846.2972472322,47187512.96572159,0.0,0.0,43323381310.98291,9955879928.65304,216616906.55491456,0.0,5995189647847.314,0.0,0.0,2765652031.7786813,368062601132.6285,0.0,0.0,0.0,174550087900.54514,0.0
134,12,0.0,0.0,0.0,0.0,0.0,0.0,2998265.137755326,3896406.781118267,0.0,715687226.2801601,0.0,18223766883.436394,17112966066.011564,0.0,2716452066449.447,0.0,799032423.9070817,8953223320.410967,0.0,97584433200.5333,0.0,3356365757.995079,3502355746.2165775,419545719.74938506,1003407371652.3075,0.0,0.0,0.0,0.0,0.0,0.0,0.0,0.0,81323259834.48753,58183362633.515045,78010660632.88754,3312599201.5999956,2708333333.333333,0.0,20213007.49570806,26641441.498532966,322727.4767302962,46854448.99424103,0.0,0.0,43127761254.136444,10027922547.457306,215638806.27068225,0.0,6038317409101.451,0.0,0.0,2597898977.5484324,365464702155.08,0.0,0.0,0.0,174550087900.54514,-1.4901161193847656e-08
135,12,0.0,0.0,0.0,0.0,0.0,0.0,2982030.1095006675,3912641.809372925,0.0,711774584.4707872,0.0,18109680442.996307,17227052506.451637,0.0,2699225013942.995,0.0,731883249.004,8558636756.950368,0.0,89025796443.58293,0.0,3344691238.841025,3514030265.370633,418086404.8551281,999893341386.9369,0.0,0.0,0.0,0.0,0.0,0.0,0.0,0.0,81323259834.48753,58183362633.515045,78010660632.88754,3312599201.5999956,2708333333.333333,0.0,20048380.05630169,26450887.600736495,321604.926811637,46499267.65703819,0.0,0.0,42560622038.24232,10099329533.534288,212803110.19121158,0.0,6080878031139.693,0.0,0.0,2770414430.182129,362694287724.8979,0.0,0.0,0.0,174550087900.54514,0.0
136,12,0.0,0.0,0.0,0.0,0.0,0.0,2965727.435294947,3928944.4835786466,0.0,707845639.9872085,0.0,17994833426.286636,17341899523.161316,0.0,2681883114419.834,0.0,667693473.3268719,8158632318.750074,0.0,80867164124.83286,0.0,3332977804.623123,3525743699.5885353,416622225.57789034,996367597687.3483,0.0,0.0,0.0,0.0,0.0,0.0,0.0,0.0,81323259834.48753,58183362633.515045,78010660632.88754,3312599201.5999956,2708333333.333333,0.0,19885346.4385539,26256848.746270895,320478.63505991566,46142195.18482479,0.0,0.0,42148744543.34881,10169920672.35228,210743722.71674404,0.0,6123026775683.042,0.0,0.0,2785165283.2644997,359909122441.6334,0.0,0.0,0.0,174550087900.54514,-1.4901161193847656e-08
137,12,0.0,0.0,0.0,0.0,0.0,0.0,2949356.8332800353,3945315.0855935584,0.0,703900324.901615,0.0,17879220762.79889,17457512186.649063,0.0,2664425602233.1846,0.0,606503730.9362464,7773251639.63818,0.0,73093912485.19467,0.0,3321225325.624493,3537496178.5871625,415153165.7030618,992830101508.7611,0.0,0.0,0.0,0.0,0.0,0.0,0.0,0.0,81323259834.48753,58183362633.515045,78010660632.88754,3312599201.5999956,2708333333.333333,0.0,19723933.617402826,26074745.858573865,319348.58900235523,45798679.4759767,0.0,0.0,41875099460.81165,10239940542.355747,209375497.30405828,0.0,6164901875143.854,0.0,0.0,2679422529.015094,357229699912.6183,4.842877388000488e-06,0.0,0.0,174550087900.54514,-3.725290298461914e-09
138,12,0.0,0.0,0.0,0.0,0.0,0.0,2932918.020423394,3961753.898450199,0.0,699938571.0031648,0.0,17762837348.221226,17573895601.22672,0.0,2646851706631.958,0.0,548204343.6389599,7423180332.654796,0.0,65670732152.53988,0.0,3309433671.6958714,3549287832.515786,413679208.9619838,989280813676.2454,0.0,0.0,0.0,0.0,0.0,0.0,0.0,0.0,81323259834.48753,58183362633.515045,78010660632.88754,3312599201.5999956,2708333333.333333,0.0,19564052.915466513,25920495.25721735,318214.77612460294,45484548.17268387,0.0,0.0,41763594560.30263,10309639454.040009,208817972.8015131,0.0,6206665469704.156,0.0,0.0,2450224165.68408,354779475746.9342,4.842877388000488e-06,0.0,0.0,174550087900.54514,-3.725290298461914e-09
139,12,0.0,0.0,0.0,0.0,0.0,0.0,2916410.712513187,3978261.2063604062,0.0,695960309.7968044,0.0,17645678044.213047,17691054905.2349,0.0,2629160651726.723,0.0,492530491.14404905,7035803046.925522,0.0,58634929105.61436,0.0,3297602712.2541533,3561118791.9575057,412200339.0317689,985719694884.2878,0.0,0.0,0.0,0.0,0.0,0.0,0.0,0.0,81323259834.48753,58183362633.515045,78010660632.88754,3312599201.5999956,2708333333.333333,0.0,19405496.287598763,25738243.317220353,317077.18387059146,45143739.60481911,0.0,0.0,41177167052.29097,10378756755.383837,205885835.26145485,0.0,6247842636756.447,0.0,0.0,2658306829.345095,352121168917.5891,0.0,0.0,0.0,174550087900.54514,-1.4901161193847656e-08
140,12,0.0,0.0,0.0,0.0,0.0,0.0,2899834.6241533514,3994837.294720241,0.0,691965472.5020841,0.0,17527737678.178146,17808995271.269802,0.0,2611351656455.453,0.0,439761968.2921076,6610221723.688607,0.0,52024707381.92575,0.0,3285732316.28096,3572989187.930698,410716539.53511995,982146705696.3572,0.0,0.0,0.0,0.0,0.0,0.0,0.0,0.0,81323259834.48753,58183362633.515045,78010660632.88754,3312599201.5999956,2708333333.333333,0.0,19248474.59550044,25527303.589250322,315935.79964239994,44775778.184750766,0.0,0.0,40550514296.86458,10446863156.508133,202752571.4843229,0.0,6288393151053.312,0.0,0.0,2870099076.5331564,349251069841.05597,4.842877388000488e-06,0.0,0.0,174550087900.54514,-3.725290298461914e-09
141,12,0.0,0.0,0.0,0.0,0.0,0.0,2883189.468758684,4011482.4501149096,0.0,687953990.0519693,0.0,17409011043.036358,17927721906.4116,0.0,2593423934549.042,0.0,390185305.3644432,6266299023.39909,0.0,45758408358.52666,0.0,3273822352.3211923,3584899151.8904657,409227794.0401488,978561806544.4667,0.0,0.0,0.0,0.0,0.0,0.0,0.0,0.0,81323259834.48753,58183362633.515045,78010660632.88754,3312599201.5999956,2708333333.333333,0.0,19093203.853929445,25379882.51296195,314790.61080011446,44473086.36689139,0.0,0.0,40733279405.67863,10514599651.260252,203666397.02839315,0.0,6329126430458.99,0.0,0.0,2360996179.3031363,346890073661.7528,0.0,0.0,0.0,174550087900.54514,0.0
142,12,0.0,0.0,0.0,0.0,0.0,0.0,2866474.958549871,4028196.9603237226,0.0,683925793.0916455,0.0,17289492896.993614,18047240052.45435,0.0,2575376694496.5874,0.0,343188062.68894994,5872099704.313818,0.0,39886308654.21284,0.0,3261872688.481557,3596848815.730103,407734086.0601945,974964957728.7366,0.0,0.0,0.0,0.0,0.0,0.0,0.0,0.0,81323259834.48753,58183362633.515045,78010660632.88754,3312599201.5999956,2708333333.333333,0.0,18939208.53406073,25194495.862245474,313641.6046616881,44133704.3963062,0.0,0.0,40068416376.01302,10581934397.744995,200342081.88006514,0.0,6369194846835.003,0.0,0.0,2647179370.5644608,344242894291.18835,0.0,0.0,0.0,174550087900.54514,1.4901161193847656e-08
143,12,0.0,0.0,0.0,0.0,0.0,0.0,2849690.8045485234,4044981.1143250703,0.0,679880811.9773204,0.0,17169177963.310585,18167554986.137363,0.0,2557209139510.45,0.0,299147314.9065963,5432737091.150867,0.0,34453571563.06197,0.0,3249883192.429123,3608838311.782536,406235399.05364037,971356119416.9541,0.0,0.0,0.0,0.0,0.0,0.0,0.0,0.0,81323259834.48753,58183362633.515045,78010660632.88754,3312599201.5999956,2708333333.333333,0.0,18786774.24350722,24975081.413610276,312488.76850280026,43761855.65711749,0.0,0.0,39393114968.70439,10648152340.532259,196965574.84352195,0.0,6408587961803.707,0.0,0.0,2900420165.6719446,341342474125.5164,0.0,0.0,0.0,174550087900.54514,0.0
144,13,0.0,0.0,0.0,0.0,0.0,0.0,2832836.7165721674,4061835.202301425,0.0,675818976.775019,0.0,17048060930.069666,18288672019.378284,0.0,2538920467491.072,0.0,258401786.7229648,5071666170.5727825,0.0,29381905392.489193,0.0,3237853731.3898473,3620867772.821811,404731716.42373085,967735251644.1322,0.0,0.0,0.0,0.0,0.0,0.0,0.0,0.0,85223792866.13193,61092530765.190796,81911193664.53194,3312599201.5999956,2708333333.333333,0.0,18636157.06132792,24816609.019819025,311332.08955671603,43452766.08114694,0.0,0.0,47327394293.146805,10720419431.583801,236636971.465734,0.0,6455915356096.8545,0.0,0.0,2410898692.570293,338931575432.94617,9.685754776000977e-06,8727504395.027262,0.0,183277592295.5724,7.450580596923828e-09
145,13,0.0,0.0,0.0,0.0,0.0,0.0,2815912.403229245,4078759.5156443487,0.0,671740217.2593746,0.0,16926136449.94048,18410596499.50748,0.0,2520509870991.5645,0.0,220364290.44366893,4624408926.228824,0.0,24757496466.26037,0.0,3225784172.1471076,3632937332.0645514,403223021.51838845,964102314312.0677,0.0,0.0,0.0,0.0,0.0,0.0,0.0,0.0,85223792866.13193,61092530765.190796,81911193664.53194,3312599201.5999956,2708333333.333333,0.0,18486900.797484055,24592561.637029625,310171.555014145,43079462.43451368,0.0,0.0,37634554134.31724,10791221055.273355,188172770.67158622,0.0,6493549910231.172,0.0,0.0,2911768443.7394085,336019806989.2067,0.0,0.0,0.0,183277592295.5724,0.0
146,13,0.0,0.0,0.0,0.0,0.0,0.0,2798917.5719140605,4095754.346959534,0.0,667644462.9124151,0.0,16803399139.943762,18533333809.50419,0.0,2501976537182.06,0.0,185681223.49695274,4224079757.9025893,0.0,20533416708.35778,0.0,3213674381.0402255,3645047123.1714315,401709297.6300282,960457267188.8962,0.0,0.0,0.0,0.0,0.0,0.0,0.0,0.0,85223792866.13193,61092530765.190796,81911193664.53194,3312599201.5999956,2708333333.333333,0.0,18339498.144591708,24405339.493558154,309007.1520230986,42744837.638149865,0.0,0.0,37562024373.87883,10853884870.696852,187810121.86939415,0.0,6531111934605.05,0.0,0.0,2610073411.637801,333409733577.5689,4.842877388000488e-06,0.0,0.0,183277592295.5724,1.1175870895385742e-08
147,13,0.0,0.0,0.0,0.0,0.0,0.0,2781851.9288017293,4112819.990071864,0.0,663531642.9223433,0.0,16679843581.213732,18656889368.234222,0.0,2483319647813.8257,0.0,154000625.31268334,3857642093.0144534,0.0,16675774615.343327,0.0,3201524223.962987,3657197280.2486696,400190527.9953734,956800069908.6476,0.0,0.0,0.0,0.0,0.0,0.0,0.0,0.0,85223792866.13193,61092530765.190796,81911193664.53194,3312599201.5999956,2708333333.333333,0.0,18193673.798408963,24244919.0219929,307838.8676887488,42438592.820401855,0.0,0.0,37445675848.60076,10916391287.548918,187228379.24300385,0.0,6568557610453.65,0.0,0.0,2388709578.434479,331021023999.13446,4.842877388000488e-06,0.0,0.0,183277592295.5724,-3.725290298461914e-09
148,13,0.0,0.0,0.0,0.0,0.0,0.0,2764715.178843097,4129956.740030495,0.0,659401686.1823127,0.0,16555464318.758842,18781268630.689117,0.0,2464538379183.1367,0.0,125068309.61507496,3422437214.7299447,0.0,13253337400.61338,0.0,3189333566.3621583,3669387937.8494983,398666695.7952698,953130681970.7981,0.0,0.0,0.0,0.0,0.0,0.0,0.0,0.0,85223792866.13193,61092530765.190796,81911193664.53194,3312599201.5999956,2708333333.333333,0.0,18049227.636332385,24032336.573314004,306666.68907328445,42081564.20964639,0.0,0.0,36641620373.101,10978130701.067003,183208101.865505,0.0,6605199230826.752,0.0,0.0,2784823163.892615,328236200835.2418,0.0,0.0,0.0,183277592295.5724,0.0
149,13,0.0,0.0,0.0,0.0,0.0,0.0,2747507.025759635,4147164.8931139563,0.0,655254521.2891988,0.0,16430255861.220917,18906477088.227043,0.0,2445631902094.9097,0.0,99400030.50460036,2989779246.0464463,0.0,10263558154.566935,0.0,3177102273.2359943,3681619230.975664,397137784.1544993,949449062739.8225,0.0,0.0,0.0,0.0,0.0,0.0,0.0,0.0,85223792866.13193,61092530765.190796,81911193664.53194,3312599201.5999956,2708333333.333333,0.0,17906551.76803772,23822453.78945946,305490.60319576866,41729005.55749718,0.0,0.0,36275564934.69282,11038895022.156832,181377824.67346412,0.0,6641474795761.444,0.0,0.0,2749957486.7638407,325486243348.47797,4.842877388000488e-06,0.0,0.0,183277592295.5724,-3.725290298461914e-09
150,13,0.0,0.0,0.0,0.0,0.0,0.0,2730227.172038328,4164444.7468352644,0.0,651090076.5423635,0.0,16304212680.63273,19032520268.815224,0.0,2426599381826.094,0.0,76976686.15925202,2600918208.5862646,0.0,7662639945.98067,0.0,3164830209.1327415,3693891295.0789175,395603776.1415927,945755171444.7435,0.0,0.0,0.0,0.0,0.0,0.0,0.0,0.0,85223792866.13193,61092530765.190796,81911193664.53194,3312599201.5999956,2708333333.333333,0.0,17765626.845826577,23647006.110281732,304310.5970319944,41412632.9561083,0.0,0.0,36205045653.22088,11099295530.980091,181025228.2661044,0.0,6677679841414.664,0.0,0.0,2467706290.8332376,323018537057.6448,0.0,0.0,0.0,183277592295.5724,0.0
151,13,0.0,0.0,0.0,0.0,0.0,0.0,2712875.3189265146,4181796.5999470786,0.0,646908279.9424164,0.0,16177329212.173964,19159403737.27401,0.0,2407439978088.8203,0.0,57469799.59485502,2229922571.6372643,0.0,5432717374.343406,0.0,3152517238.149145,3706204266.0625134,394064654.76864314,942048967178.681,0.0,0.0,0.0,0.0,0.0,0.0,0.0,0.0,85223792866.13193,61092530765.190796,81911193664.53194,3312599201.5999956,2708333333.333333,0.0,17626195.511171103,23486050.888388455,303126.6575143409,41112246.39955955,0.0,0.0,35996822264.40817,11159463754.244781,179984111.32204083,0.0,6713676663679.073,0.0,0.0,2343015141.0802455,320675521916.5645,0.0,0.0,0.0,183277592295.5724,0.0
152,13,0.0,0.0,0.0,0.0,0.0,0.0,2695451.166426735,4199220.752446857,0.0,642709059.1899697,0.0,16049599853.925472,19287133095.522476,0.0,2388152844993.298,0.0,40745380.307575546,1777912756.1928282,0.0,3654804618.150578,0.0,3140163223.928939,3718558280.2827215,392520402.99111706,938330408898.3983,0.0,0.0,0.0,0.0,0.0,0.0,0.0,0.0,85223792866.13193,61092530765.190796,81911193664.53194,3312599201.5999956,2708333333.333333,0.0,17488149.980397493,23263531.62321457,301938.7715316285,40751681.603612065,0.0,0.0,35111986673.41531,11218721095.0263,175559933.36707658,0.0,6748788650352.489,0.0,0.0,2812405408.3904,317863116508.17413,4.842877388000488e-06,0.0,0.0,183277592295.5724,-3.725290298461914e-09
153,13,0.0,0.0,0.0,0.0,0.0,0.0,2677954.41329154,4216717.505582052,0.0,638492341.6843876,0.0,15921018966.62199,19415713982.825966,0.0,2368737131010.472,0.0,27411034.636129335,1411653599.999338,0.0,2243151018.1512403,0.0,3127768029.661329,3730953474.550331,390971003.707666,934599455423.848,0.0,0.0,0.0,0.0,0.0,0.0,0.0,0.0,85223792866.13193,61092530765.190796,81911193664.53194,3312599201.5999956,2708333333.333333,0.0,17351952.898614194,23107733.70356331,300746.9259289738,40459686.60217749,0.0,0.0,35325453369.651405,11277418961.728855,176627266.84825704,0.0,6784114103722.14,0.0,0.0,2277561011.1896424,315585555496.9845,0.0,0.0,0.0,183277592295.5724,-1.4901161193847656e-08
154,13,0.0,0.0,0.0,0.0,0.0,0.0,2660384.757018281,4234287.161855312,0.0,634258054.5225322,0.0,15791580873.403147,19545152076.04481,0.0,2349191978934.4272,0.0,16823632.636134304,1020310705.7222197,0.0,1222840312.4290206,0.0,3115331518.0794935,3743389986.132165,389416439.75993663,930856065437.7158,0.0,0.0,0.0,0.0,0.0,0.0,0.0,0.0,85223792866.13193,61092530765.190796,81911193664.53194,3312599201.5999956,2708333333.333333,0.0,17217104.775571186,22933404.675623924,299551.1075076436,40150509.451195106,0.0,0.0,34844015108.714195,11335893518.794163,174220075.543571,0.0,6818958118830.8545,0.0,0.0,2411581777.6626406,313173973719.32184,4.842877388000488e-06,0.0,0.0,183277592295.5724,-3.725290298461914e-09
155,13,0.0,0.0,0.0,0.0,0.0,0.0,2642741.8938438846,4251930.02502971,0.0,630006124.4975026,0.0,15661279859.562847,19675453089.885113,0.0,2329516525844.542,0.0,9171302.343217654,649931964.8565758,0.0,572908347.5724449,0.0,3102853551.4590526,3755867952.752606,387856693.93238163,927100197484.9633,0.0,0.0,0.0,0.0,0.0,0.0,0.0,0.0,85223792866.13193,61092530765.190796,81911193664.53194,3312599201.5999956,2708333333.333333,0.0,17083745.51950936,22775970.800025318,298351.30302490894,39859716.319534674,0.0,0.0,34664847858.66191,11393817571.266977,173324239.29330954,0.0,6853622966689.517,0.0,0.0,2268186426.9513664,310905787292.3705,0.0,0.0,0.0,183277592295.5724,1.4901161193847656e-08
156,14,0.0,0.0,0.0,0.0,0.0,0.0,2625025.5187395927,4269646.400134,0.0,625736478.0973685,0.0,15530110172.296947,19806622777.151,0.0,2309709903067.391,0.0,4296812.606793337,333498982.3197619,0.0,239409365.2526831,0.0,3090333991.616545,3768387512.5951138,386291748.952068,923331809972.368,0.0,0.0,0.0,0.0,0.0,0.0,0.0,0.0,89319352549.35854,64147157303.45035,86006753347.75854,3312599201.5999956,2708333333.333333,0.0,16951749.34683212,22660807.378646214,297147.49919389846,39612556.725478336,0.0,0.0,42911141631.30338,11458464229.17528,214555708.15651694,0.0,6896534108320.819,0.0,0.0,1927844833.639437,308977942458.731,0.0,9163879614.77863,0.0,192441471910.351,1.4901161193847656e-08
157,14,0.0,0.0,0.0,0.0,0.0,0.0,2607235.325405702,4287436.59346789,0.0,621449041.5039006,0.0,15398066020.449276,19938666928.998676,0.0,2289771236138.392,0.0,1795570.239395123,95079758.64859703,0.0,144329606.60408607,0.0,3077772699.907893,3780948804.3037653,384721587.4884867,919550861168.0643,0.0,0.0,0.0,0.0,0.0,0.0,0.0,0.0,89319352549.35854,64147157303.45035,86006753347.75854,3312599201.5999956,2708333333.333333,0.0,16820800.164326135,22606433.12573792,295939.68268345133,39427233.29006405,0.0,0.0,34006669240.201366,11522562404.901533,170033346.20100683,0.0,6930540777561.0205,4.842877388000488e-06,0.0,1445522796.2314188,307532419662.49963,0.0,0.0,0.0,192441471910.351,0.0
158,14,0.0,0.0,0.0,0.0,0.0,0.0,2589371.006266253,4305300.912607341,0.0,617143740.5912933,0.0,15265141574.25595,20071591375.191998,0.0,2269699644763.2,0.0,1082472.0495306454,65385468.91011778,0.0,78944137.6939683,0.0,3065169537.22688,3793551966.9847775,383146192.1533601,915757309201.0796,0.0,0.0,0.0,0.0,0.0,0.0,0.0,0.0,89319352549.35854,64147157303.45035,86006753347.75854,3312599201.5999956,2708333333.333333,0.0,16690442.99359884,22713399.9980588,294727.8401179693,39403842.991657645,0.0,0.0,35301998796.74619,11580319628.265656,176509993.98373097,0.0,6965842776357.767,0.0,0.0,182444327.56997645,307349975334.9296,0.0,0.0,0.0,192441471910.351,-1.4901161193847656e-08
159,14,0.0,0.0,0.0,0.0,0.0,0.0,2571432.2524637226,4323239.6664098725,0.0,612820500.9248834,0.0,15131330965.088001,20205401984.35995,0.0,2249494242778.8403,0.0,592081.0327047622,47734590.0223814,0.0,31209547.67158689,0.0,3052524364.0035987,3806197140.2080593,381565545.50044984,911951112060.8715,0.0,0.0,0.0,0.0,0.0,0.0,0.0,0.0,89319352549.35854,64147157303.45035,86006753347.75854,3312599201.5999956,2708333333.333333,0.0,16559468.72179011,22830419.44686402,293511.9580772691,39389888.16865414,0.0,0.0,35415371594.31173,11639250770.258204,177076857.97155866,0.0,7001258147952.079,0.0,0.0,108847619.4273442,307241127715.50226,0.0,0.0,0.0,192441471910.351,1.4901161193847656e-08
160,14,0.0,0.0,0.0,0.0,0.0,0.0,2553418.7538536806,4341253.165019911,0.0,608479247.7598635,0.0,14996628285.192276,20340104664.255676,0.0,2229154138114.5845,0.0,234071.60753690166,23799171.105943996,0.0,7410376.565642893,0.0,3039837040.202905,3818884464.008754,379979630.02536315,908132227596.8628,0.0,0.0,0.0,0.0,0.0,0.0,0.0,0.0,89319352549.35854,64147157303.45035,86006753347.75854,3312599201.5999956,2708333333.333333,0.0,16427802.905394232,22943398.01068943,292292.0230964332,39371200.91608366,0.0,0.0,35411582818.00139,11698273232.268467,177057914.09000695,0.0,7036669730770.081,0.0,0.0,145760570.0497061,307095367145.4526,4.842877388000488e-06,0.0,0.0,192441471910.351,1.1175870895385742e-08
161,14,0.0,0.0,0.0,0.0,0.0,0.0,2535330.1989994314,4359341.719874162,0.0,604119906.0399894,0.0,14861027587.430569,20475705362.017384,0.0,2208678432752.5674,0.0,55577.8242423217,4692516.700264589,0.0,2717859.8653783044,0.0,3027107425.322877,3831614078.8887825,378388428.1653595,904300613517.974,0.0,0.0,0.0,0.0,0.0,0.0,0.0,0.0,89319352549.35854,64147157303.45035,86006753347.75854,3312599201.5999956,2708333333.333333,0.0,16295476.807136115,23060889.37957142,291068.02166566113,39356366.18670753,0.0,0.0,35480175577.99822,11757349697.598465,177400877.88999113,0.0,7072149906348.079,0.0,0.0,115710889.1338706,306979656256.3187,0.0,0.0,0.0,192441471910.351,0.0
162,14,0.0,0.0,0.0,0.0,0.0,0.0,2517166.275166622,4377505.643706972,0.0,599742400.3962824,0.0,14724522885.01712,20612210064.430836,0.0,2188066222688.1365,0.0,20383.94899033728,1353852.9839998402,0.0,1364006.8813784642,0.0,3014335378.393247,3844386125.818411,376791922.2991557,900456227392.1555,0.0,0.0,0.0,0.0,0.0,0.0,0.0,0.0,89319352549.35854,64147157303.45035,86006753347.75854,3312599201.5999956,2708333333.333333,0.0,16162457.542366127,23191313.369271006,289839.9402301198,39353770.91163713,0.0,0.0,35630684553.11008,11816608747.707726,178153422.76555037,0.0,7107780590901.188,0.0,0.0,20243145.54911256,306959413110.7696,0.0,0.0,0.0,192441471910.351,0.0
163,14,0.0,0.0,0.0,0.0,0.0,0.0,2498926.6683178437,4395745.250555749,0.0,595346655.1457267,0.0,14587108151.254242,20749624798.193718,0.0,2167316597889.9426,0.0,10230.051610338482,1364006.8813774604,0.0,1.003732904791832e-06,0.0,3001520757.973853,3857200746.2378054,375190094.74673146,896599026645.9177,0.0,0.0,0.0,0.0,0.0,0.0,0.0,0.0,89319352549.35854,64147157303.45035,86006753347.75854,3312599201.5999956,2708333333.333333,0.0,16028649.083148386,23325121.82848875,288607.7651897934,39353770.911637135,0.0,0.0,35709168166.43975,11876058624.974016,178545840.83219874,0.0,7143489759067.629,0.0,3.8743019104003906e-05,0.0,306959413110.76965,0.0,0.0,0.0,192441471910.351,0.0
164,14,0.0,0.0,0.0,0.0,0.0,0.0,2480611.063107196,4414060.855766403,0.0,590932594.2899603,0.0,14448777319.266289,20887955630.181664,0.0,2146428642259.761,0.0,7.527996785938739e-09,1.003732904791832e-06,0.0,0.0,0.0,2988663422.153059,3870058082.058598,373582927.7691324,892728968563.8591,0.0,0.0,0.0,0.0,0.0,0.0,0.0,0.0,89319352549.35854,64147157303.45035,86006753347.75854,3312599201.5999956,2708333333.333333,0.0,15894027.018045157,23458686.78825891,287371.4828993326,39352713.80630407,0.0,0.0,35757739956.65152,11935614381.743258,178788699.78325757,0.0,7179247499024.28,0.0,0.0,8245421.597906947,306951167689.17175,4.842877388000488e-06,0.0,0.0,192441471910.351,-3.725290298461914e-09
165,14,0.0,0.0,0.0,0.0,0.0,0.0,2462219.142874834,4432452.775998759,0.0,586500141.5139614,0.0,14309524281.731745,21027208667.716206,0.0,2125401433592.045,0.0,0.0,0.0,0.0,0.0,0.0,2975763228.546196,3882958275.665461,371970403.5682747,888846010288.1937,0.0,0.0,0.0,0.0,0.0,0.0,0.0,0.0,89319352549.35854,64147157303.45035,86006753347.75854,3312599201.5999956,2708333333.333333,0.0,15758594.150780942,23594119.655523118,286131.0796679036,39352713.80630406,0.0,0.0,35824357690.75856,11995266129.782766,179121788.4537928,0.0,7215071856715.039,0.0,0.0,3.8743019104003906e-05,306951167689.1717,0.0,0.0,0.0,192441471910.351,1.4901161193847656e-08
166,14,0.0,0.0,0.0,0.0,0.0,0.0,2443750.5896415063,4450921.329232087,0.0,582049220.1847293,0.0,14169342890.613636,21167390058.834328,0.0,2104234043533.2104,0.0,0.0,0.0,0.0,0.0,0.0,2962820034.2939787,3895901469.917679,370352504.28674746,884950108818.276,0.0,0.0,0.0,0.0,0.0,0.0,0.0,0.0,89319352549.35854,64147157303.45035,86006753347.75854,3312599201.5999956,2708333333.333333,0.0,15622337.454955056,23730376.351349015,284886.5417590365,39352713.806304075,0.0,0.0,35882787897.16582,12055022084.439371,179413939.48582906,0.0,7250954644612.205,0.0,7.748603820800781e-05,0.0,306951167689.17175,0.0,0.0,0.0,192441471910.351,-1.4901161193847656e-08
167,14,0.0,0.0,0.0,0.0,0.0,0.0,2425205.08410304,4469466.834770554,0.0,577579753.3499589,0.0,14028226956.888065,21308505992.55987,0.0,2082925537540.6506,0.0,0.0,0.0,0.0,0.0,0.0,2949833696.0609207,3908887808.150737,368729212.00761503,881041221010.1252,0.0,0.0,0.0,0.0,0.0,0.0,0.0,0.0,89319352549.35854,64147157303.45035,86006753347.75854,3312599201.5999956,2708333333.333333,0.0,15485251.740217645,23867462.066086404,283637.8553904731,39352713.806304045,0.0,0.0,35941310634.013214,12114875499.88202,179706553.1700661,0.0,7286895955246.219,0.0,0.0,0.00023245811462402344,306951167689.1715,0.0,0.0,0.0,192441471910.351,-1.4901161193847656e-08
168,15,0.0,0.0,0.0,0.0,0.0,0.0,2406582.305624829,4488089.613248765,0.0,573091663.7367101,0.0,13886170250.271002,21450562699.176945,0.0,2061474974841.4736,0.0,0.0,0.0,0.0,0.0,0.0,2936804070.033752,3921917434.177907,367100508.75421894,877119303575.9474,0.0,0.0,0.0,0.0,0.0,0.0,0.0,0.0,93619690216.74646,67354515168.622856,90307091015.14645,3312599201.5999956,2708333333.333333,0.0,15347331.782782331,24005382.02352173,282385.00673401455,39352713.80630406,0.0,0.0,44579064807.79951,12181975812.750198,222895324.03899753,0.0,7331475020054.019,0.0,0.00015497207641601562,0.0,306951167689.1717,9.685754776000977e-06,9622073595.517582,0.0,202063545505.8686,-7.450580596923828e-09
169,15,0.0,0.0,0.0,0.0,0.0,0.0,2387881.932236292,4506789.9866373,0.0,568584873.7500727,0.0,13743166498.943161,21593566450.504784,0.0,2039881408390.9688,0.0,0.0,0.0,0.0,0.0,0.0,2923731011.9198246,3934990492.291832,365466376.4899781,873184313083.6555,0.0,0.0,0.0,0.0,0.0,0.0,0.0,0.0,93619690216.74646,67354515168.622856,90307091015.14645,3312599201.5999956,2708333333.333333,0.0,15208572.325207818,24144141.481096238,281127.98191536777,39352713.80630405,0.0,0.0,34973623782.04689,12248269719.908403,174868118.91023448,0.0,7366448643836.065,0.0,0.0,7.748603820800781e-05,306951167689.17163,0.0,0.0,0.0,202063545505.8686,0.0
170,15,0.0,0.0,0.0,0.0,0.0,0.0,2369103.6406253036,4525568.278248289,0.0,564059305.4718245,0.0,13599209389.273129,21737523560.17482,0.0,2018143884830.794,0.0,0.0,0.0,0.0,0.0,0.0,2910614376.945519,3948107127.26614,363826797.1181898,869236205956.3894,0.0,0.0,0.0,0.0,0.0,0.0,0.0,0.0,93619690216.74646,67354515168.622856,90307091015.14645,3312599201.5999956,2708333333.333333,0.0,15068968.07617811,24283745.73012595,279866.7670139922,39352713.80630406,0.0,0.0,35030605971.75195,12306606578.036568,175153029.8587598,0.0,7401479249807.816,0.0,7.748603820800781e-05,0.0,306951167689.1717,0.0,0.0,0.0,202063545505.8686,1.4901161193847656e-08
171,15,0.0,0.0,0.0,0.0,0.0,0.0,2350247.1061326014,4544424.81274099,0.0,559514880.6590835,0.0,13454292565.538626,21882440383.909325,0.0,1996261444446.8848,0.0,0.0,0.0,0.0,0.0,0.0,2897454019.854631,3961267484.3570266,362181752.481829,865274938472.0323,0.0,0.0,0.0,0.0,0.0,0.0,0.0,0.0,93619690216.74646,67354515168.622856,90307091015.14645,3312599201.5999956,2708333333.333333,0.0,14928513.710281262,24424200.0960228,278601.34806294536,39352713.80630406,0.0,0.0,35087678191.68471,12365038481.506098,175438390.95842353,0.0,7436566927999.501,0.0,0.0,0.0,306951167689.1717,0.0,0.0,0.0,202063545505.8686,1.4901161193847656e-08
172,15,0.0,0.0,0.0,0.0,0.0,0.0,2331312.002746182,4563359.9161274135,0.0,554951520.742956,0.0,13308409629.645895,22028323319.802063,0.0,1974233121127.0825,0.0,0.0,0.0,0.0,0.0,0.0,2884249794.906774,3974471709.304883,360531224.3633468,861300466762.7274,0.0,0.0,0.0,0.0,0.0,0.0,0.0,0.0,93619690216.74646,67354515168.622856,90307091015.14645,3312599201.5999956,2708333333.333333,0.0,14787203.867786696,24565509.938517373,277331.7110487283,39352713.80630407,0.0,0.0,35144840574.45189,12423565580.477879,175724202.87225947,0.0,7471711768573.953,0.0,3.8743019104003906e-05,0.0,306951167689.17175,0.0,0.0,0.0,202063545505.8686,0.0
173,15,0.0,0.0,0.0,0.0,0.0,0.0,2312298.003095649,4582373.915777944,0.0,550369146.8271781,0.0,13161554140.84722,22175178808.600742,0.0,1952057942318.482,0.0,0.0,0.0,0.0,0.0,0.0,2871001555.875759,3987719948.3359013,358875194.48446983,857312746814.3916,0.0,0.0,0.0,0.0,0.0,0.0,0.0,0.0,93619690216.74646,67354515168.622856,90307091015.14645,3312599201.5999956,2708333333.333333,0.0,14645033.154421017,24707680.651883055,276057.84191113064,39352713.80630407,0.0,0.0,35202093252.820885,12482188025.33394,176010466.2641044,0.0,7506913861826.774,0.0,0.0,0.0,306951167689.17175,0.0,0.0,0.0,202063545505.8686,-1.4901161193847656e-08
174,15,0.0,0.0,0.0,0.0,0.0,0.0,2293204.778446575,4601467.140427019,0.0,545767679.6867511,0.0,13013719615.45655,22323013333.991413,0.0,1929734928984.4905,0.0,0.0,0.0,0.0,0.0,0.0,2857709156.0479712,4001012348.163687,357213644.5059965,853311734466.2279,0.0,0.0,0.0,0.0,0.0,0.0,0.0,0.0,93619690216.74646,67354515168.622856,90307091015.14645,3312599201.5999956,2708333333.333333,0.0,14501996.141142363,24850717.665161714,274779.72654307424,39352713.806304075,0.0,0.0,35259436359.72078,12540905966.677727,176297181.79860386,0.0,7542173298186.494,0.0,7.748603820800781e-05,0.0,306951167689.1718,0.0,0.0,0.0,202063545505.8686,-1.4901161193847656e-08
175,15,0.0,0.0,0.0,0.0,0.0,0.0,2274031.998694796,4620639.920178796,0.0,541147039.7665724,0.0,12864899526.563272,22471833422.884686,0.0,1907263095561.6057,0.0,0.0,0.0,0.0,0.0,0.0,2844372448.220761,4014349055.9909005,355546556.0275949,849297385410.2369,0.0,0.0,0.0,0.0,0.0,0.0,0.0,0.0,93619690216.74646,67354515168.622856,90307091015.14645,3312599201.5999956,2708333333.333333,0.0,14358087.363913283,24994626.44239079,273497.3507904576,39352713.80630407,0.0,0.0,35316870028.241455,12599719555.33436,176584350.14120725,0.0,7577490168214.735,0.0,0.0,7.748603820800781e-05,306951167689.17175,0.0,0.0,0.0,202063545505.8686,0.0
176,15,0.0,0.0,0.0,0.0,0.0,0.0,2254779.332360718,4639892.586512873,0.0,536507147.18005943,0.0,12715087303.74404,22621645645.70391,0.0,1884641449915.9019,0.0,0.0,0.0,0.0,0.0,0.0,2830991284.70079,4027730219.510866,353873910.58759874,845269655190.7261,0.0,0.0,0.0,0.0,0.0,0.0,0.0,0.0,93619690216.74646,67354515168.622856,90307091015.14645,3312599201.5999956,2708333333.333333,0.0,14213301.323472125,25139412.482831933,272210.70045199903,39352713.80630406,0.0,0.0,35374394391.63502,12658628942.350922,176871971.9581751,0.0,7612864562606.37,0.0,0.0,3.8743019104003906e-05,306951167689.1717,0.0,0.0,0.0,202063545505.8686,0.0
177,15,0.0,0.0,0.0,0.0,0.0,0.0,2235446.446583581,4659225.472290015,0.0,531847921.70776945,0.0,12564276332.772678,22772456616.675274,0.0,1861868993299.2266,0.0,0.0,0.0,0.0,0.0,0.0,2817565517.3024206,4041155986.9092383,352195689.6628025,841228499203.8169,0.0,0.0,0.0,0.0,0.0,0.0,0.0,0.0,93619690216.74646,67354515168.622856,90307091015.14645,3312599201.5999956,2708333333.333333,0.0,14067632.485102886,25285081.32120118,270919.76127907884,39352713.80630407,0.0,0.0,35432009583.3145,12717634278.996714,177160047.9165725,0.0,7648296572189.686,0.0,3.8743019104003906e-05,0.0,306951167689.17175,4.842877388000488e-06,0.0,0.0,202063545505.8686,-1.862645149230957e-08
178,15,0.0,0.0,0.0,0.0,0.0,0.0,2216033.0071157073,4678638.911757887,0.0,527169282.79601157,0.0,12412459955.328175,22924272994.119778,0.0,1838944720305.1067,0.0,0.0,0.0,0.0,0.0,0.0,2804094997.346056,4054626506.8656015,350511874.668257,837173872696.9513,0.0,0.0,0.0,0.0,0.0,0.0,0.0,0.0,93619690216.74646,67354515168.622856,90307091015.14645,3312599201.5999956,2708333333.333333,0.0,13921075.278403576,25431638.527900483,269624.5189755823,39352713.80630407,0.0,0.0,35489715736.854416,12776735716.76352,177448578.68427208,0.0,7683786287926.539,0.0,0.0,0.0,306951167689.17175,0.0,0.0,0.0,202063545505.8686,-1.4901161193847656e-08
179,15,0.0,0.0,0.0,0.0,0.0,0.0,2196538.6783167147,4698133.240556879,0.0,522471149.5554547,0.0,12259631468.70071,23077101480.747246,0.0,1815867618824.3596,0.0,0.0,0.0,0.0,0.0,0.0,2790579575.6565056,4068141928.555153,348822446.957063,833105730768.3961,0.0,0.0,0.0,0.0,0.0,0.0,0.0,0.0,93619690216.74646,67354515168.622856,90307091015.14645,3312599201.5999956,2708333333.333333,0.0,13773624.097053034,25579089.70925103,268324.95919774077,39352713.80630406,0.0,0.0,35547512985.99123,12835933407.365892,177737564.9299561,0.0,7719333800912.529,0.0,0.0,3.8743019104003906e-05,306951167689.1717,0.0,0.0,0.0,202063545505.8686,0.0
180,16,0.0,0.0,0.0,0.0,0.0,0.0,2176963.1231477275,4717708.795725864,0.0,517753440.7597288,0.0,12105784125.495735,23230948823.95221,0.0,1792636670000.4072,0.0,0.0,0.0,0.0,0.0,0.0,2777019102.5613203,4081702401.6503377,347127387.82016504,829024028366.7457,0.0,0.0,0.0,0.0,0.0,0.0,0.0,0.0,98135044767.50378,70722240927.05402,94822445565.9038,3312599201.5999956,2708333333.333333,0.0,13625273.298576232,25727440.507727824,267021.0675539731,39352713.80630405,0.0,0.0,44613497172.55314,12902734249.164677,223067485.86276567,0.0,7763947298085.082,0.0,0.0,7.748603820800781e-05,306951167689.17163,0.0,10103177275.293434,0.0,212166722781.16202,0.0
181,16,0.0,0.0,0.0,0.0,0.0,0.0,2157306.0031655366,4737365.915708056,0.0,513016074.8440208,0.0,11950911133.336048,23385821816.11191,0.0,1769250848184.2954,0.0,0.0,0.0,0.0,0.0,0.0,2763413427.889152,4095308076.3225055,345426678.48614407,824928720290.4232,0.0,0.0,0.0,0.0,0.0,0.0,0.0,0.0,98135044767.50378,70722240927.05402,94822445565.9038,3312599201.5999956,2708333333.333333,0.0,13476017.204108,25876696.602196068,265712.8296047262,39352713.80630407,0.0,0.0,34524120318.229935,12968682263.74033,172620601.59114966,0.0,7798471418403.3125,0.0,0.00011622905731201172,0.0,306951167689.17175,0.0,0.0,0.0,212166722781.16202,0.0
182,16,0.0,0.0,0.0,0.0,0.0,0.0,2137566.9785167533,4757104.940356839,0.0,508258969.90366393,0.0,11795005654.561968,23541727294.88598,0.0,1745709120889.4094,0.0,0.0,0.0,0.0,0.0,0.0,2749762400.9680777,4108959103.24358,343720300.12100965,820819761187.1797,0.0,0.0,0.0,0.0,0.0,0.0,0.0,0.0,98135044767.50378,70722240927.05402,94822445565.9038,3312599201.5999956,2708333333.333333,0.0,13325850.098155249,26026863.708148807,264400.2308623151,39352713.80630406,0.0,0.0,34580281748.73965,13026269265.462803,172901408.74369824,0.0,7833051700152.052,0.0,0.0,3.8743019104003906e-05,306951167689.1717,0.0,0.0,0.0,212166722781.16202,1.4901161193847656e-08
183,16,0.0,0.0,0.0,0.0,0.0,0.0,2117745.7079319335,4776926.210941658,0.0,503482043.69272226,0.0,11638060805.929398,23698672143.518566,0.0,1722010448745.8909,0.0,0.0,0.0,0.0,0.0,0.0,2736065870.6239314,4122655633.587726,342008233.82799155,816697105553.5919,0.0,0.0,0.0,0.0,0.0,0.0,0.0,0.0,98135044767.50378,70722240927.05402,94822445565.9038,3312599201.5999956,2708333333.333333,0.0,13174766.228357572,26177947.577946495,263083.2567907627,39352713.806304075,0.0,0.0,34636531609.54939,13083949943.261377,173182658.047747,0.0,7867688231761.601,0.0,7.748603820800781e-05,0.0,306951167689.17175,4.842877388000488e-06,0.0,0.0,212166722781.16202,-3.725290298461914e-09
184,16,0.0,0.0,0.0,0.0,0.0,0.0,2097841.8487196765,4796830.070153917,0.0,498685213.62256837,0.0,11480069658.305939,23856663291.14201,0.0,1698153785454.7488,0.0,0.0,0.0,0.0,0.0,0.0,2722323685.17864,4136397819.033018,340290460.64733,812560707734.559,0.0,0.0,0.0,0.0,0.0,0.0,0.0,0.0,98135044767.50378,87331226659.68341,94822445565.9038,3312599201.5999956,2708333333.333333,0.0,13022759.805246277,26329954.001057785,261761.89280563846,39352713.80630406,0.0,0.0,101518629892.88826,13197412577.84674,507593149.4644413,0.0,7969206861654.489,0.0,0.0,7.748603820800781e-05,306951167689.1717,1.9371509552001953e-05,49826957197.88822,0.0,261993679979.05026,1.4901161193847656e-08
185,16,0.0,0.0,0.0,0.0,0.0,0.0,2077855.0567607007,4816816.862112896,0.0,493868396.7604554,0.0,11321025236.36499,24015707713.08295,0.0,1659266520853.598,0.0,0.0,0.0,0.0,0.0,0.0,2708535692.4485297,4150185811.763129,338566961.5560662,808410521922.7958,1.8442031180504525e-09,1.8442031180504525e-11,14871556888.067911,297431137.7613582,0.0,0.0,0.0,0.0,98135044767.50378,70722240927.05402,94822445565.9038,3312599201.5999956,2708333333.333333,0.0,12869825.00200187,26482888.804302186,260436.1242738971,39352713.80630405,11439659.144667625,228793.1828933525,0.0,13282011436.090816,0.0,0.0,7969206861654.489,0.0,0.0,7.748603820800781e-05,306951167689.17163,0.0,0.0,49826957197.88822,212166722781.16202,0.0
186,16,0.0,0.0,0.0,0.0,0.0,0.0,2057784.9865018975,4836886.932371698,0.0,489031509.82808375,0.0,11061776805.690659,23602927038.49663,0.0,1635663593815.1013,0.0,0.0,0.0,0.0,0.0,0.0,2694701739.7426534,4164019764.4690056,336837717.46783155,804246502158.3268,0.0,0.0,0.0,0.0,0.0,0.0,0.0,0.0,98135044767.50378,70722240927.05402,94822445565.9038,3312599201.5999956,2708333333.333333,0.0,12639691.559912136,26196076.780806806,259105.9365137166,38835768.34071894,0.0,0.0,30127781583.71798,13307117920.743916,150638907.91858992,0.0,7999334643238.208,0.0,0.0,4032174631.563878,302918993057.6077,0.0,0.0,0.0,212166722781.16202,0.0
187,16,0.0,0.0,0.0,0.0,0.0,0.0,2037631.290950349,4857040.627923245,0.0,484174469.2001605,0.0,10904423958.767342,23760279885.41994,0.0,1611903313929.6814,0.0,0.0,0.0,0.0,0.0,0.0,2680821673.8610897,4177899830.3505683,335102709.23263615,800068602327.9762,0.0,0.0,0.0,0.0,0.0,0.0,0.0,0.0,98135044767.50378,70722240927.05402,94822445565.9038,3312599201.5999956,2708333333.333333,0.0,12487820.239126066,26347948.10159287,257771.3147943355,38835768.34071893,0.0,0.0,34232377653.426113,13360751386.774868,171161888.26713058,0.0,8033567020891.635,0.0,0.0,3.8743019104003906e-05,302918993057.60767,0.0,0.0,0.0,212166722781.16202,0.0
188,16,0.0,0.0,0.0,0.0,0.0,0.0,2017393.6216673353,4877278.297206257,0.0,479297190.9029542,0.0,10746022092.864542,23918681751.322742,0.0,1587984632178.3586,0.0,0.0,0.0,0.0,0.0,0.0,2666895341.093255,4191826163.118405,333361917.63665676,795876776164.8578,0.0,0.0,0.0,0.0,0.0,0.0,0.0,0.0,98135044767.50378,70722240927.05402,94822445565.9038,3312599201.5999956,2708333333.333333,0.0,12335022.417019486,26500745.923699446,256432.24433588982,38835768.34071893,0.0,0.0,34288015377.9791,13417851714.30104,171440076.8898955,0.0,8067855036269.613,0.0,0.0,0.0,302918993057.60767,0.0,0.0,0.0,212166722781.16202,0.0
189,16,0.0,0.0,0.0,0.0,0.0,0.0,1997071.6287623092,4897600.290111284,0.0,474399590.612843,0.0,10586564214.522392,24078139629.664883,0.0,1563906492548.6938,0.0,0.0,0.0,0.0,0.0,0.0,2652922587.2161927,4205798916.9954653,331615323.40202415,791670977247.8624,0.0,0.0,0.0,0.0,0.0,0.0,0.0,0.0,98135044767.50378,86606684614.93454,94822445565.9038,3312599201.5999956,2708333333.333333,0.0,12181292.245484298,26654476.09523463,255088.71030924935,38835768.34071892,0.0,0.0,98254327045.62434,13528303666.320711,491271635.2281217,0.0,8166109363315.237,0.0,0.0,0.00015497207641601562,302918993057.60754,1.9371509552001953e-05,47653331063.64161,0.0,259820053844.80365,-1.4901161193847656e-08
190,16,0.0,0.0,0.0,0.0,0.0,0.0,1976664.9608868458,4918006.957986749,0.0,469481583.6548562,0.0,10426043283.657959,24238660560.529335,0.0,1526581631777.271,0.0,0.0,0.0,0.0,0.0,0.0,2638903257.492875,4219818246.7187853,329862907.1866093,787451159001.1436,1.8442031180504525e-09,1.8442031180504525e-11,13086200210.893372,261724004.21786743,0.0,0.0,0.0,0.0,98135044767.50378,70722240927.05402,94822445565.9038,3312599201.5999956,2708333333.333333,0.0,12026623.83869518,26809144.502023764,253740.69783585332,38835768.34071894,10066307.854533365,201326.1570906673,0.0,13610182272.192062,0.0,0.0,8166109363315.237,0.0,0.00019371509552001953,0.0,302918993057.6077,0.0,0.0,47653331063.64161,212166722781.16202,1.4901161193847656e-08
191,16,0.0,0.0,0.0,0.0,0.0,0.0,1956173.2652285674,4938498.6536450265,0.0,464543085.00121117,0.0,10177210878.515142,23740460893.65522,0.0,1502841170883.6157,0.0,0.0,0.0,0.0,0.0,0.0,2624837196.6704793,4233884307.541179,328104649.5838098,783217274693.6024,0.0,0.0,0.0,0.0,0.0,0.0,0.0,0.0,98135044767.50378,70722240927.05402,94822445565.9038,3312599201.5999956,2708333333.333333,0.0,11803902.553832892,26457225.73148841,252388.191987546,38261128.2853213,0.0,0.0,29245020037.024895,13634553122.222918,146225100.1851245,0.0,8195354383352.263,0.0,0.0,4482192432.101551,298436800625.50616,0.0,0.0,0.0,212166722781.16202,-1.4901161193847656e-08
192,17,0.0,0.0,0.0,0.0,0.0,0.0,1935596.1875050468,4959075.731368546,0.0,459584009.2698426,0.0,10018941139.2241,23898730632.94626,0.0,1478942440250.6697,0.0,0.0,0.0,0.0,0.0,0.0,2610724248.978675,4247997255.2329826,326340531.12233436,778969277438.3694,0.0,0.0,0.0,0.0,0.0,0.0,0.0,0.0,102876167045.79897,74258352973.40671,99563567844.19897,3312599201.5999956,2708333333.333333,0.0,11650723.40919949,26610404.87612181,251031.17778641105,38261128.285321295,0.0,0.0,43259265724.35162,13694973360.357399,216296328.62175813,0.0,8238613649076.614,0.0,0.0,7.748603820800781e-05,298436800625.5061,0.0,10608336139.058113,0.0,222775058920.22015,0.0
193,17,0.0,0.0,0.0,0.0,0.0,0.0,1914933.3719576779,4979738.546915917,0.0,454604270.72292674,0.0,9859616268.337795,24058055503.83256,0.0,1454884384746.837,0.0,0.0,0.0,0.0,0.0,0.0,2596564258.1278987,4262157246.08376,324570532.2659872,774707120192.2856,0.0,0.0,0.0,0.0,0.0,0.0,0.0,0.0,102876167045.79897,74258352973.40671,99563567844.19897,3312599201.5999956,2708333333.333333,0.0,11496610.700008212,26764517.58531309,249669.64020460556,38261128.285321295,0.0,0.0,32659425964.04269,13758238936.76439,163297129.82021347,0.0,8271273075040.656,0.0,0.0,0.0,298436800625.5061,0.0,0.0,0.0,222775058920.22015,-1.4901161193847656e-08
194,17,0.0,0.0,0.0,0.0,0.0,0.0,1894184.4613455283,5000487.457528066,0.0,449603783.2653987,0.0,9699229231.645582,24218442540.52478,0.0,1430665942206.3123,0.0,0.0,0.0,0.0,0.0,0.0,2582357067.307618,4276364436.904039,322794633.4134523,770430755755.3816,0.0,0.0,0.0,0.0,0.0,0.0,0.0,0.0,102876167045.79897,91760600883.51144,99563567844.19897,3312599201.5999956,2708333333.333333,0.0,11341558.537463374,26919569.747857925,248303.5641641941,38261128.2853213,0.0,0.0,103132165060.27727,13871398595.951324,515660825.3013864,0.0,8374405240100.934,0.0,7.748603820800781e-05,0.0,298436800625.50616,0.0,52506743730.31418,0.0,275281802650.5343,0.0
195,17,0.0,0.0,0.0,0.0,0.0,0.0,1873349.096939161,5021322.821934432,0.0,444582460.4434642,0.0,9537772948.042078,24379898824.12828,0.0,1386859504672.9788,0.0,0.0,0.0,0.0,0.0,0.0,2568102519.184606,4290618985.027053,321012814.89807576,766140136770.3546,3.688406236100905e-09,3.688406236100905e-11,19426538709.205086,388530774.1841017,0.0,0.0,0.0,0.0,102876167045.79897,74258352973.40671,99563567844.19897,3312599201.5999956,2708333333.333333,0.0,11185560.99480584,27075567.290515456,246932.93453698137,38261128.285321295,14943491.314773146,298869.8262954629,0.0,13957342066.834888,0.0,0.0,8374405240100.934,0.0,0.0,7.748603820800781e-05,298436800625.5061,0.0,0.0,52506743730.31418,222775058920.22015,0.0
196,17,0.0,0.0,0.0,0.0,0.0,0.0,1852426.9185144342,5042245.000359161,0.0,439540215.4431051,0.0,9245730031.15319,24234750225.949368,0.0,1362624754447.0295,0.0,0.0,0.0,0.0,0.0,0.0,2553800455.901182,4304921048.310475,319225056.9876477,761835215722.0441,0.0,0.0,0.0,0.0,0.0,0.0,0.0,0.0,102876167045.79897,74258352973.40671,99563567844.19897,3312599201.5999956,2708333333.333333,0.0,10928988.83163318,26995838.288251348,245557.73614434438,37924827.11988453,0.0,0.0,29803399044.633778,13982178232.705416,149016995.22316888,0.0,8404208639145.566,0.0,0.0,2623149090.4067636,295813651535.09937,4.842877388000488e-06,0.0,0.0,222775058920.22015,1.1175870895385742e-08
197,17,0.0,0.0,0.0,0.0,0.0,0.0,1831417.5643462713,5063254.354527323,0.0,434476961.08857775,0.0,9084165029.646862,24396315227.4557,0.0,1338228439219.5737,0.0,0.0,0.0,0.0,0.0,0.0,2539450719.0734806,4319270785.13818,317431339.884185,757515944936.9059,0.0,0.0,0.0,0.0,0.0,0.0,0.0,0.0,102876167045.79897,74258352973.40671,99563567844.19897,3312599201.5999956,2708333333.333333,0.0,10772660.447977303,27152166.67190723,244177.9537570654,37924827.119884536,0.0,0.0,32490099167.058994,14034089481.215162,162450495.835295,0.0,8436698738312.626,0.0,3.8743019104003906e-05,0.0,295813651535.09937,0.0,0.0,0.0,222775058920.22015,1.4901161193847656e-08
198,17,0.0,0.0,0.0,0.0,0.0,0.0,1810320.671202407,5084351.247671186,0.0,429392609.84090656,0.0,8921522928.130493,24558957328.97208,0.0,1313669481890.6018,0.0,0.0,0.0,0.0,0.0,0.0,2525053149.7896867,4333668354.421972,315631643.7237108,753182276582.4839,0.0,0.0,0.0,0.0,0.0,0.0,0.0,0.0,102876167045.79897,74258352973.40671,99563567844.19897,3312599201.5999956,2708333333.333333,0.0,10615379.192679469,27309447.92720507,242793.57209516215,37924827.11988454,0.0,0.0,32542756805.735912,14088283527.859156,162713784.02867955,0.0,8469241495118.361,0.0,3.8743019104003906e-05,0.0,295813651535.0994,4.842877388000488e-06,0.0,0.0,222775058920.22015,-3.725290298461914e-09
199,17,0.0,0.0,0.0,0.0,0.0,0.0,1789135.8743371104,5105536.044536484,0.0,424287073.7963701,0.0,8757796545.937342,24722683711.16522,0.0,1288946798179.4365,0.0,0.0,0.0,0.0,0.0,0.0,2510607588.60828,4348113915.603379,313825948.576035,748834162666.8806,0.0,0.0,0.0,0.0,0.0,0.0,0.0,0.0,102876167045.79897,89069870922.72847,99563567844.19897,3312599201.5999956,2708333333.333333,0.0,10457139.054756818,27467688.06512771,241404.57582771924,37924827.119884536,0.0,0.0,92189198411.9208,14192226823.873869,460945992.05960405,0.0,8561430693530.282,0.0,0.0,3.8743019104003906e-05,295813651535.09937,0.0,44434553847.965256,0.0,267209612768.1854,2.9802322387695312e-08
200,17,0.0,0.0,0.0,0.0,0.0,0.0,1767862.8074848752,5126809.111388719,0.0,419160264.68498135,0.0,8592978654.52958,24887501602.572987,0.0,1252414825393.0276,0.0,0.0,0.0,0.0,0.0,0.0,2496113875.5562696,4362607628.655391,312014234.4445336,744471555038.2252,0.0,0.0,11644471183.835884,232889423.6767177,0.0,0.0,0.0,0.0,102876167045.79897,74258352973.40671,99563567844.19897,3312599201.5999956,2708333333.333333,0.0,10297933.98447399,27626893.135410547,240010.94957271815,37924827.119884536,8957285.526027603,179145.71052055206,0.0,14269051155.883802,0.0,0.0,8561430693530.282,0.0,0.0,0.0,295813651535.09937,0.0,0.0,44434553847.965256,222775058920.22015,0.0
201,17,0.0,0.0,0.0,0.0,0.0,0.0,1746501.102854089,5148170.816019505,0.0,414012093.8689619,0.0,8349432169.286853,23231825734.87849,0.0,1229182999658.1492,0.0,0.0,0.0,0.0,0.0,0.0,2481571850.127417,4377149654.08424,310196481.26592714,740094405384.1409,0.0,0.0,0.0,0.0,0.0,0.0,0.0,0.0,102876167045.79897,74258352973.40671,99563567844.19897,3312599201.5999956,2708333333.333333,0.0,10078042.656249681,26385844.192144684,238612.67789686704,36463886.848394364,0.0,0.0,19373833042.796463,14285196016.7528,96869165.21398231,0.0,8580804526573.079,0.0,0.0,11395334117.623339,284418317417.476,0.0,0.0,0.0,222775058920.22015,-1.4901161193847656e-08
202,17,0.0,0.0,0.0,0.0,0.0,0.0,1725050.3911206746,5169621.52775292,0.0,408842472.34120893,0.0,8194553331.054327,23386704573.111023,0.0,1205796295085.038,0.0,0.0,0.0,0.0,0.0,0.0,2466981351.2804694,4391740152.931189,308372668.9100587,735702665231.2097,0.0,0.0,0.0,0.0,0.0,0.0,0.0,0.0,102876167045.79897,74258352973.40671,99563567844.19897,3312599201.5999956,2708333333.333333,0.0,9926230.915993595,26537655.932400774,237209.74531542975,36463886.84839437,0.0,0.0,30866674645.81965,14327063106.493315,154333373.22909823,0.0,8611671201218.899,0.0,7.748603820800781e-05,0.0,284418317417.47614,0.0,0.0,0.0,222775058920.22015,1.4901161193847656e-08
203,17,0.0,0.0,0.0,0.0,0.0,0.0,1703510.301421704,5191161.617451889,0.0,403651310.723757,0.0,8038641967.233589,23542615936.93176,0.0,1182253679148.1064,0.0,0.0,0.0,0.0,0.0,0.0,2452342217.4373665,4406379286.774292,306542777.17967075,731296285944.4354,0.0,0.0,0.0,0.0,0.0,0.0,0.0,0.0,102876167045.79897,89470169370.19894,99563567844.19897,3312599201.5999956,2708333333.333333,0.0,9773498.135783978,26690388.712610394,235802.13629205443,36463886.84839437,0.0,0.0,92120870944.07433,14429552727.818228,460604354.7203716,0.0,8703792072162.974,0.0,0.0,0.0,284418317417.47614,0.0,45635449190.376724,0.0,268410508110.59686,0.0
204,18,0.0,0.0,0.0,0.0,0.0,0.0,1681880.461348988,5212791.457524605,0.0,398438519.26623243,0.0,7881691194.320711,23699566709.84463,0.0,1153775656963.128,0.0,0.0,0.0,0.0,0.0,0.0,2437654286.481451,4421067217.7302065,304706785.81018144,726875218726.7052,0.0,0.0,4778455475.133829,95569109.50267659,0.0,0.0,0.0,0.0,107854345438.00893,77971270622.07706,104541746236.40894,3312599201.5999956,2708333333.333333,0.0,9619838.523504497,26844048.324889865,234389.8352386011,36463886.848394364,3675734.980872176,73514.69961744353,0.0,14506320120.271622,0.0,0.0,8703792072162.974,0.0,0.0,7.748603820800781e-05,284418317417.476,0.0,0.0,34496696244.36571,233913811866.23117,0.0
205,18,0.0,0.0,0.0,0.0,0.0,0.0,1660160.4969426352,5234511.421930956,0.0,393204007.84430146,0.0,7691837713.087522,23583077039.66792,0.0,1130192579923.46,0.0,0.0,0.0,0.0,0.0,0.0,2422917395.7556844,4435804108.455976,302864674.4694605,722439414618.2493,0.0,0.0,0.0,0.0,0.0,0.0,0.0,0.0,107854345438.00893,77971270622.07706,104541746236.40894,3312599201.5999956,2708333333.333333,0.0,9440741.349898947,26787496.9204878,232972.8265149696,36228238.27038674,0.0,0.0,27637647096.582577,14529351492.852108,138188235.4829129,0.0,8731429719259.556,0.0,0.0,1838058908.4594636,282580258509.0166,4.842877388000488e-06,0.0,0.0,233913811866.23117,-1.862645149230957e-08
206,18,0.0,0.0,0.0,0.0,0.0,0.0,1638350.0326845897,5256321.8861890035,0.0,387947685.9581125,0.0,7534617199.489731,23740297553.265717,0.0,1106452282370.1943,0.0,0.0,0.0,0.0,0.0,0.0,2408131382.060831,4450590122.150826,301016422.7576039,717988824496.0984,0.0,0.0,0.0,0.0,0.0,0.0,0.0,0.0,107854345438.00893,77971270622.07706,104541746236.40894,3312599201.5999956,2708333333.333333,0.0,9286618.172338868,26941620.09804788,231551.09442892607,36228238.270386755,0.0,0.0,29530964852.06494,14576992002.809313,147654824.26032472,0.0,8760960684111.62,0.0,0.00011622905731201172,0.0,282580258509.01666,4.842877388000488e-06,0.0,0.0,233913811866.23117,-3.725290298461914e-09
207,18,0.0,0.0,0.0,0.0,0.0,0.0,1616448.691492135,5278223.2273814585,0.0,382669462.730731,0.0,7376348549.13463,23898566203.620808,0.0,1082553716166.5735,0.0,0.0,0.0,0.0,0.0,0.0,2393296081.6536617,4465425422.557999,299162010.20670766,713523399073.5404,0.0,0.0,0.0,0.0,0.0,0.0,0.0,0.0,107854345438.00893,77971270622.07706,104541746236.40894,3312599201.5999956,2708333333.333333,0.0,9131559.945944667,27096678.32444208,230124.62323592897,36228238.27038675,0.0,0.0,29578606624.60711,14626249979.039873,147893033.12303558,0.0,8790539290736.228,0.0,0.0,7.748603820800781e-05,282580258509.0166,0.0,0.0,0.0,233913811866.23117,0.0
208,18,0.0,0.0,0.0,0.0,0.0,0.0,1594456.0947113794,5300215.824162216,0.0,377369246.9065688,0.0,7217024774.443825,24057889978.31163,0.0,1058495826188.2618,0.0,0.0,0.0,0.0,0.0,0.0,2378411330.245135,4480310173.966522,297301416.28064185,709043088899.574,0.0,0.0,0.0,0.0,0.0,0.0,0.0,0.0,107854345438.00893,77971270622.07706,104541746236.40894,3312599201.5999956,2708333333.333333,0.0,8975560.790625963,27252677.479760796,228693.39713895528,36228238.270386755,0.0,0.0,29626322048.360783,14675587419.600681,148131610.2418039,0.0,8820165612784.588,0.0,7.748603820800781e-05,0.0,282580258509.01666,4.842877388000488e-06,0.0,0.0,233913811866.23117,-3.725290298461914e-09
209,18,0.0,0.0,0.0,0.0,0.0,0.0,1572371.8621107035,5322300.056762889,0.0,372046946.84980595,0.0,7056638841.255076,24218275911.50037,0.0,1034277550276.7615,0.0,0.0,0.0,0.0,0.0,0.0,2363476962.9985795,4495244541.2130785,295434620.3748225,704547844358.3608,0.0,0.0,0.0,0.0,0.0,0.0,0.0,0.0,107854345438.00893,97973210121.66449,104541746236.40894,3312599201.5999956,2708333333.333333,0.0,8818614.78845967,27409623.481927082,227257.400288325,36228238.270386755,0.0,0.0,110151319606.64189,14792068787.646515,550756598.0332094,0.0,8930316932391.23,1.9371509552001953e-05,0.0,0.0,282580258509.01666,0.0,60005818498.76232,0.0,293919630364.99347,0.0
210,18,0.0,0.0,0.0,0.0,0.0,0.0,1550195.6118741918,5344476.306999402,0.0,366702470.5428065,0.0,6895183668.511743,24379731084.2437,0.0,980169295917.2987,0.0,0.0,0.0,0.0,0.0,0.0,2348492814.5278697,4510228689.683787,293561601.8159837,700037615668.677,0.0,0.0,29728523275.219124,594570465.5043825,0.0,0.0,0.0,0.0,107854345438.00893,77971270622.07706,104541746236.40894,3312599201.5999956,2708333333.333333,0.0,8660715.983443124,27567522.286943626,225816.61678152593,36228238.27038674,22868094.827091634,457361.8965418327,0.0,14883861553.985384,0.0,0.0,8930316932391.23,0.0,0.0,0.00011622905731201172,282580258509.0166,0.0,0.0,60005818498.76232,233913811866.23117,0.0
211,18,0.0,0.0,0.0,0.0,0.0,0.0,1527926.9605950273,5366744.958278566,0.0,361335725.58452797,0.0,6534461972.781992,22533402311.082634,0.0,957635893606.2161,0.0,0.0,0.0,0.0,0.0,0.0,2333458718.8955903,4525262785.316071,291682339.8619488,695512352883.361,0.0,0.0,0.0,0.0,0.0,0.0,0.0,0.0,107854345438.00893,77971270622.07706,104541746236.40894,3312599201.5999956,2708333333.333333,0.0,8349404.415731629,26181102.72473911,224371.03066303753,34530507.140470736,0.0,0.0,14314996359.278353,14895790717.618116,71574981.79639177,0.0,8944631928750.508,0.0,0.0,13242302813.344856,269337955695.67172,0.0,0.0,0.0,233913811866.23117,0.0
212,18,0.0,0.0,0.0,0.0,0.0,0.0,1505565.5232688668,5389106.395604728,0.0,355946619.18892324,0.0,6384239290.708109,22683624993.156517,0.0,934952268613.0594,0.0,0.0,0.0,0.0,0.0,0.0,2318374509.6112027,4540346994.600455,289796813.7014004,690972005888.7605,0.0,0.0,0.0,0.0,0.0,0.0,0.0,0.0,107854345438.00893,77971270622.07706,104541746236.40894,3312599201.5999956,2708333333.333333,0.0,8199883.831206798,26330623.309263937,222920.62592415416,34530507.140470736,0.0,0.0,27657100916.981396,14930767465.348331,138285504.58490697,0.0,8972289029667.49,0.0,0.0,0.0,269337955695.67172,4.842877388000488e-06,0.0,0.0,233913811866.23117,-1.862645149230957e-08
213,18,0.0,0.0,0.0,0.0,0.0,0.0,1483110.9132871798,5411561.00558641,0.0,350535058.1833368,0.0,6233015124.087064,22834849159.77756,0.0,912117419453.282,0.0,0.0,0.0,0.0,0.0,0.0,2303240019.629202,4555481484.582454,287905002.4536502,686416524404.1781,0.0,0.0,0.0,0.0,0.0,0.0,0.0,0.0,107854345438.00893,91470565812.44923,104541746236.40894,3312599201.5999956,2708333333.333333,0.0,8049461.023838153,26481046.116632573,221465.3865028078,34530507.14047073,0.0,0.0,82015576140.8901,15022161362.89656,410077880.7044505,0.0,9054304605808.379,0.0,0.0,3.8743019104003906e-05,269337955695.6717,0.0,40497885571.11656,0.0,274411697437.34772,0.0
214,18,0.0,0.0,0.0,0.0,0.0,0.0,1460562.7424305694,5434109.176443025,0.0,345100949.0068938,0.0,6080782796.355214,22769009857.982735,0.0,875280153435.5533,0.0,0.0,0.0,0.0,0.0,0.0,2288055081.3472605,4570666422.8644,286006885.16840756,681845857981.3137,0.0,0.0,14068256159.745842,281365123.19491684,0.0,0.0,0.0,0.0,107854345438.00893,77971270622.07706,104541746236.40894,3312599201.5999956,2708333333.333333,0.0,7898130.340663243,26464629.392479286,220005.29628339043,34362759.733142525,10821735.507496802,216434.71014993603,0.0,15090507676.3473,0.0,0.0,9054304605808.379,0.0,0.0,1308429777.159986,268029525918.5117,0.0,0.0,40497885571.11656,233913811866.23117,0.0
215,18,0.0,0.0,0.0,0.0,0.0,0.0,1437920.6208620574,5456751.298011538,0.0,339644197.7088823,0.0,5835201022.90369,21067014870.865204,0.0,854213138564.6881,0.0,0.0,0.0,0.0,0.0,0.0,2272819526.604378,4585901977.607281,284102440.8255474,677259956003.7064,0.0,0.0,0.0,0.0,0.0,0.0,0.0,0.0,107854345438.00893,77971270622.07706,104541746236.40894,3312599201.5999956,2708333333.333333,0.0,7674859.505099033,25189764.25837499,218540.33909657493,32864623.763474017,0.0,0.0,13902852268.576162,15102093386.571114,69514261.34288082,0.0,9068207458076.957,0.0,0.0,11685460563.414398,256344065355.0973,0.0,0.0,0.0,233913811866.23117,0.0
216,19,0.0,0.0,0.0,0.0,0.0,0.0,1415184.1571203433,5479487.761753249,0.0,334164709.947129,0.0,5694754257.097919,21207461636.67097,0.0,833005676928.0172,0.0,0.0,0.0,0.0,0.0,0.0,2257533186.6790214,4601188317.532635,282191648.33487767,672658767686.1738,0.0,0.0,0.0,0.0,0.0,0.0,0.0,0.0,113081432749.82938,81869834153.1809,109768833548.22939,3312599201.5999956,2708333333.333333,0.0,7532328.344641067,25332295.418832947,217070.49871913667,32864623.763474014,0.0,0.0,36106260151.86163,15143767646.921478,180531300.7593082,0.0,9104313718228.818,0.0,0.0,0.0,256344065355.0973,4.842877388000488e-06,11695690593.311554,0.0,245609502459.54272,-3.725290298461914e-09
217,19,0.0,0.0,0.0,0.0,0.0,0.0,1392352.958113038,5502318.960760556,0.0,328662390.9863685,0.0,5553371179.520116,21348844714.248783,0.0,811656832213.7684,0.0,0.0,0.0,0.0,0.0,0.0,2242195892.2872467,4616525611.924411,280274486.5359058,668042242074.2494,0.0,0.0,0.0,0.0,0.0,0.0,0.0,0.0,113081432749.82938,81869834153.1809,109768833548.22939,3312599201.5999956,2708333333.333333,0.0,7388943.013349471,25475680.75012455,215595.75887377368,32864623.76347402,0.0,0.0,24400546165.416664,15194189985.51921,122002730.82708333,0.0,9128714264394.234,0.0,3.8743019104003906e-05,0.0,256344065355.09732,0.0,0.0,0.0,245609502459.54272,0.0
218,19,0.0,0.0,0.0,0.0,0.0,0.0,1369426.6291098685,5525245.289763726,0.0,323137145.6966047,0.0,5411045548.091791,21491170345.677097,0.0,790165661868.0913,0.0,0.0,0.0,0.0,0.0,0.0,2226807473.5808315,4631914030.630825,278350934.1976039,663410328043.6185,0.0,0.0,0.0,0.0,0.0,0.0,0.0,0.0,113081432749.82938,101166062474.07135,109768833548.22939,3312599201.5999956,2708333333.333333,0.0,7244698.184242655,25619925.57923136,214116.10322892608,32864623.763474017,0.0,0.0,102077317975.80971,15299588205.636902,510386589.8790485,0.0,9230791582370.045,0.0,0.0,3.8743019104003906e-05,256344065355.0973,1.9371509552001953e-05,57888684962.67132,0.0,303498187422.21405,1.4901161193847656e-08
219,19,0.0,0.0,0.0,0.0,0.0,0.0,1346404.7737358531,5548267.145137738,0.0,317588878.551467,0.0,5267771079.12061,21634444814.648285,0.0,735763048040.8594,0.0,0.0,0.0,0.0,0.0,0.0,2211367760.1453958,4647353744.066265,276420970.0181744,658762974299.5522,0.0,0.0,32768169012.583668,655363380.2516733,0.0,0.0,0.0,0.0,113081432749.82938,81869834153.1809,109768833548.22939,3312599201.5999956,2708333333.333333,0.0,7099588.496248165,25765035.267225854,212631.5153985957,32864623.763474017,25206283.85583359,504125.6771166718,0.0,15384652637.28341,0.0,0.0,9230791582370.045,0.0,0.0,0.0,256344065355.0973,0.0,0.0,57888684962.67132,245609502459.54272,0.0
220,19,0.0,0.0,0.0,0.0,0.0,0.0,1323286.993964446,5571384.924909148,0.0,312017493.6265578,0.0,4905086986.939063,19026012904.053932,0.0,716737035136.8054,0.0,0.0,0.0,0.0,0.0,0.0,2195876580.9985075,4662844923.21315,274484572.62481344,654100129376.3391,0.0,0.0,0.0,0.0,0.0,0.0,0.0,0.0,113081432749.82938,81869834153.1809,109768833548.22939,3312599201.5999956,2708333333.333333,0.0,6785566.661608731,23793583.253576137,211141.9789421642,30579149.915184867,0.0,0.0,3686911134.6301126,15387725063.228935,18434555.67315056,0.0,9234478493504.676,0.0,0.0,17826696016.655308,238517369338.442,0.0,0.0,0.0,245609502459.54272,0.0
221,19,0.0,0.0,0.0,0.0,0.0,0.0,1300072.8901106578,5594599.0287629375,0.0,306422894.5977949,0.0,4778246900.912037,19152852990.080963,0.0,697584182146.7245,0.0,0.0,0.0,0.0,0.0,0.0,2180333764.587797,4678387739.62386,272541720.57347465,649421741636.7152,0.0,0.0,0.0,0.0,0.0,0.0,0.0,0.0,113081432749.82938,91361139098.41785,109768833548.22939,3312599201.5999956,2708333333.333333,0.0,6652827.248187453,23926322.666997418,209647.47736421126,30579149.91518487,0.0,0.0,59810416044.04451,15440639502.544495,299052080.2202226,0.0,9294288909548.72,0.0,3.8743019104003906e-05,0.0,238517369338.44202,0.0,28473914835.710804,0.0,274083417295.2535,0.0
222,19,0.0,0.0,0.0,0.0,0.0,0.0,1276762.0608241458,5617909.8580494495,0.0,300804984.73974544,0.0,4650561214.311497,19280538676.681496,0.0,671558665070.3477,0.0,0.0,0.0,0.0,0.0,0.0,2164739138.789051,4693982365.422606,270592392.3486313,644727759271.2926,9.221015590252262e-10,9.221015590252263e-12,6744978399.6952915,134899567.99390584,0.0,0.0,0.0,0.0,113081432749.82938,81869834153.1809,109768833548.22939,3312599201.5999956,2708333333.333333,0.0,6519300.793978414,24059849.12120645,208147.99411433178,30579149.915184863,5188444.922842533,103768.89845685066,0.0,15490481515.914536,0.0,0.0,9294288909548.72,0.0,0.0,7.748603820800781e-05,238517369338.44196,0.0,0.0,28473914835.710804,245609502459.54272,0.0
223,19,0.0,0.0,0.0,0.0,0.0,0.0,1253354.1030822727,5641317.81579132,0.0,295163666.9239541,0.0,4477057767.1356535,18398679809.65048,0.0,653159985260.6973,0.0,0.0,0.0,0.0,0.0,0.0,2149092530.9043083,4709628973.30735,268636566.36303866,640018130297.9854,0.0,0.0,0.0,0.0,0.0,0.0,0.0,0.0,113081432749.82938,81869834153.1809,109768833548.22939,3312599201.5999956,2708333333.333333,0.0,6350392.793882243,23416939.95652811,206643.51258695283,29767332.750410356,0.0,0.0,14287890872.678701,15502388091.64177,71439454.36339352,0.0,9308576800421.398,0.0,0.0,6332173885.241157,232185195453.2008,0.0,0.0,0.0,245609502459.54272,0.0
224,19,0.0,0.0,0.0,0.0,0.0,0.0,1229848.6121831422,5664823.306690452,0.0,289498843.6172637,0.0,4354399901.737983,18521337675.048145,0.0,634638647585.649,0.0,0.0,0.0,0.0,0.0,0.0,2133393767.6599512,4725327736.55171,266674220.9574939,635292802561.4336,0.0,0.0,0.0,0.0,0.0,0.0,0.0,0.0,113081432749.82938,81869834153.1809,109768833548.22939,3312599201.5999956,2708333333.333333,0.0,6220459.12710463,23546873.623305727,205134.01612114915,29767332.750410356,0.0,0.0,20679198189.986404,15531527332.527319,103395990.94993202,0.0,9329255998611.385,0.0,0.0,0.0,232185195453.2008,0.0,0.0,0.0,245609502459.54272,-1.4901161193847656e-08
225,19,0.0,0.0,0.0,0.0,0.0,0.0,1206245.181738599,5688426.737134995,0.0,283810416.8801287,0.0,4230924317.2376604,18644813259.54847,0.0,615993834326.1006,0.0,0.0,0.0,0.0,0.0,0.0,2117642675.204779,4741078829.006881,264705334.4005973,630551723732.4268,0.0,0.0,0.0,0.0,0.0,0.0,0.0,0.0,113081432749.82938,81869834153.1809,109768833548.22939,3312599201.5999956,2708333333.333333,0.0,6089758.252848168,23677574.49756219,203619.48800045947,29767332.750410356,0.0,0.0,20711885308.604755,15566019902.109478,103559426.54302378,0.0,9349967883919.99,0.0,0.0,0.0,232185195453.2008,0.0,0.0,0.0,245609502459.54272,-1.4901161193847656e-08
226,19,0.0,0.0,0.0,0.0,0.0,0.0,1182543.4036672027,5712128.51520639,0.0,278098288.3649223,0.0,4106625562.174004,18769112014.612125,0.0,597224722311.4884,0.0,0.0,0.0,0.0,0.0,0.0,2101839079.1080892,4756882425.103571,262729884.8885111,625794841307.3231,0.0,0.0,0.0,0.0,0.0,0.0,0.0,0.0,113081432749.82938,81869834153.1809,109768833548.22939,3312599201.5999956,2708333333.333333,0.0,5958285.435422659,23809047.314987697,202099.91145270085,29767332.750410356,0.0,0.0,20744620623.94651,15600566990.386604,103723103.11973254,0.0,9370712504543.936,0.0,0.0,0.0,232185195453.2008,0.0,0.0,0.0,245609502459.54272,0.0
227,19,0.0,0.0,0.0,0.0,0.0,0.0,1158742.8681871765,5735929.050686416,0.0,272362359.31423587,0.0,3981498148.743258,18894239428.042873,0.0,578330482883.4456,0.0,0.0,0.0,0.0,0.0,0.0,2085982804.3577437,4772738699.853914,260747850.54471797,621022102607.4692,0.0,0.0,0.0,0.0,0.0,0.0,0.0,0.0,113081432749.82938,81869834153.1809,109768833548.22939,3312599201.5999956,2708333333.333333,0.0,5826035.9090341,23941296.841376252,200575.26964978306,29767332.750410356,0.0,0.0,20777404194.805973,15635168677.735563,103887020.97402985,0.0,9391489908738.742,0.0,0.0,0.0,232185195453.2008,2.421438694000244e-06,0.0,0.0,245609502459.54272,-1.6763806343078613e-08
228,20,0.0,0.0,0.0,0.0,0.0,0.0,1134843.1638093162,5759828.755064245,0.0,266602530.55917165,0.0,3855536552.5563035,19020201024.229828,0.0,559310281859.2158,0.0,0.0,0.0,0.0,0.0,0.0,2070073675.3582306,4788647828.853429,258759209.41977885,616233454778.6158,0.0,0.0,0.0,0.0,0.0,0.0,0.0,0.0,118569874427.24086,85963325860.83997,115257275225.64087,3312599201.5999956,2708333333.333333,0.0,5693004.877589727,24074327.872820597,199045.5457075222,29767332.750410326,0.0,0.0,31759632713.58978,15678949541.825895,158798163.5679489,0.0,9423249541452.332,0.0,0.0,0.00023245811462402344,232185195453.20056,4.842877388000488e-06,12280475122.977182,0.0,257889977582.5199,1.1175870895385742e-08
229,20,0.0,0.0,0.0,0.0,0.0,0.0,1110843.877329882,5754788.691642368,0.0,260847741.86752927,0.0,3728735212.394772,19147002364.39136,0.0,540163279494.8244,0.0,0.0,0.0,0.0,0.0,0.0,2054111515.9287195,4804609988.282938,256763939.49108994,611428844790.3329,0.0,0.0,0.0,0.0,0.0,0.0,0.0,0.0,118569874427.24086,85963325860.83997,115257275225.64087,3312599201.5999956,2708333333.333333,0.0,5559187.514501799,24179105.886007212,197510.7226854538,29738293.400509015,0.0,0.0,19192528851.911713,15721409676.463814,95962644.25955857,0.0,9442442070304.244,2.421438694000244e-06,0.0,226506929.23024595,231958688523.9703,0.0,0.0,0.0,257889977582.5199,0.0
230,20,0.0,0.0,0.0,0.0,0.0,0.0,1086865.591114705,5774108.746456099,0.0,255073633.1210732,0.0,3601088529.9654965,19274649046.82063,0.0,520888630448.0038,0.0,0.0,0.0,0.0,0.0,0.0,2038096149.30111,4820625354.910548,254762018.6626387,606608219435.4224,0.0,0.0,0.0,0.0,0.0,0.0,0.0,0.0,118569874427.24086,85963325860.83997,115257275225.64087,3312599201.5999956,2708333333.333333,0.0,5424699.959781325,24308935.209326237,195970.78358664515,29733635.169107556,0.0,0.0,19407887762.961212,15753576690.30954,97039438.81480606,0.0,9461849958067.205,0.0,0.0,36334204.931375384,231922354319.03894,0.0,0.0,0.0,257889977582.5199,-1.4901161193847656e-08
231,20,0.0,0.0,0.0,0.0,0.0,0.0,1062806.804671138,5780865.530557727,0.0,249292767.59051543,0.0,3472590869.6533585,19403146707.132767,0.0,501485483740.871,0.0,0.0,0.0,0.0,0.0,0.0,2022027398.118074,4836694106.093584,252753424.76475933,601771525329.3287,0.0,0.0,0.0,0.0,0.0,0.0,0.0,0.0,118569874427.24086,85963325860.83997,115257275225.64087,3312599201.5999956,2708333333.333333,0.0,5289436.241418393,24426896.92534723,194425.71135750719,29716333.166765623,0.0,0.0,19316578997.824734,15785847079.276863,96582894.98912367,0.0,9481166537065.03,0.0,0.0,134955618.26710105,231787398700.77185,2.421438694000244e-06,0.0,0.0,257889977582.5199,-1.862645149230957e-09
232,20,0.0,0.0,0.0,0.0,0.0,0.0,1038719.8649604808,5786610.684135669,0.0,243506156.90637976,0.0,3343236558.272474,19532501018.513657,0.0,481952982722.35736,0.0,0.0,0.0,0.0,0.0,0.0,2005905084.4310954,4852816419.780563,250738135.55388698,596918708909.5482,0.0,0.0,0.0,0.0,0.0,0.0,0.0,0.0,118569874427.24086,85963325860.83997,115257275225.64087,3312599201.5999956,2708333333.333333,0.0,5153444.205501688,24544547.175131224,192875.48888760537,29697991.380632907,0.0,0.0,19314792952.80704,15818039889.235723,96573964.76403522,0.0,9500481330017.836,0.0,0.0,143065931.83516264,231644332768.93668,0.0,0.0,0.0,257889977582.5199,0.0
233,20,0.0,0.0,0.0,0.0,0.0,0.0,1014608.9871099157,5791360.7877298985,0.0,237714796.11864987,0.0,3213019884.815716,19662717691.97042,0.0,462290265030.3869,0.0,0.0,0.0,0.0,0.0,0.0,1989729029.6984937,4868992474.513164,248716128.71231174,592049716435.035,0.0,0.0,0.0,0.0,0.0,0.0,0.0,0.0,118569874427.24086,85963325860.83997,115257275225.64087,3312599201.5999956,2708333333.333333,0.0,5016723.536736231,24661907.06964035,191320.09900947058,29678630.60637658,0.0,0.0,19311827857.265392,15850228739.91078,96559139.28632694,0.0,9519793157875.102,0.0,0.0,151014039.1993642,231493318729.7373,2.421438694000244e-06,0.0,0.0,257889977582.5199,-1.6763806343078613e-08
234,20,0.0,0.0,0.0,0.0,0.0,0.0,990478.3171610412,5800996.8715799535,0.0,231913799.24706993,0.0,3081935100.20258,19793802476.58355,0.0,442496462553.80334,0.0,0.0,0.0,0.0,0.0,0.0,1973499054.78345,4885222449.428208,246687381.84793127,587164493985.6068,0.0,0.0,0.0,0.0,0.0,0.0,0.0,0.0,118569874427.24086,85963325860.83997,115257275225.64087,3312599201.5999956,2708333333.333333,0.0,4879273.820996448,24784862.199281305,189759.52449840866,29664136.020277753,0.0,0.0,19361387896.089645,15882456419.705242,96806939.48044823,0.0,9539154545771.191,0.0,0.0,113057771.57083452,231380260958.16647,0.0,0.0,0.0,257889977582.5199,0.0
235,20,0.0,0.0,0.0,0.0,0.0,0.0,966307.4968627914,5804621.564086849,0.0,226109177.68298307,0.0,2949976417.0253563,19414148318.848644,0.0,423082314234.9547,0.0,0.0,0.0,0.0,0.0,0.0,1957214979.9520226,4901506524.259637,244651872.49400285,582262987461.3472,0.0,0.0,0.0,0.0,0.0,0.0,0.0,0.0,118569874427.24086,85963325860.83997,115257275225.64087,3312599201.5999956,2708333333.333333,0.0,4741070.109922314,24508971.443400912,188193.74807230989,29250041.553323224,0.0,0.0,15715149766.424107,15911686867.757341,78575748.83212054,0.0,9554869695537.615,0.0,0.0,3229936842.2453284,228150324115.92114,2.421438694000244e-06,0.0,0.0,257889977582.5199,-1.6763806343078613e-08
236,20,0.0,0.0,0.0,0.0,0.0,0.0,942121.5736790961,5813314.70873661,0.0,220295862.97424647,0.0,2820548761.5663652,19413382583.76606,0.0,403668931651.18866,0.0,0.0,0.0,0.0,0.0,0.0,1940876624.871158,4917844879.3405,242609578.10889468,577345142582.0067,0.0,0.0,0.0,0.0,0.0,0.0,0.0,0.0,118569874427.24086,85963325860.83997,115257275225.64087,3312599201.5999956,2708333333.333333,0.0,4604756.4863233445,24529643.526510887,186622.75239145744,29134400.012834232,0.0,0.0,17929817104.919754,15939724340.150126,89649085.52459876,0.0,9572799512642.535,0.0,0.0,902004015.8141464,227248320100.107,0.0,0.0,0.0,257889977582.5199,1.4901161193847656e-08
237,20,0.0,0.0,0.0,0.0,0.0,0.0,917899.4290593601,5818349.758172672,0.0,214477513.21607378,0.0,2691126211.007925,19056018727.39685,0.0,384612912923.7918,0.0,0.0,0.0,0.0,0.0,0.0,1924483808.6066895,4934237695.604969,240560476.07583615,572410904886.4017,0.0,0.0,0.0,0.0,0.0,0.0,0.0,0.0,118569874427.24086,85963325860.83997,115257275225.64087,3312599201.5999956,2708333333.333333,0.0,4468368.674916756,24272393.160481766,185046.5200583355,28740761.83539852,0.0,0.0,15261985280.2334,15967384175.471087,76309926.401167,0.0,9588061497922.77,0.0,0.0,3070377783.998546,224177942316.10846,0.0,0.0,0.0,257889977582.5199,0.0
238,20,0.0,0.0,0.0,0.0,0.0,0.0,893656.3050669741,5824571.19142062,0.0,208652942.02465317,0.0,2564086086.158612,18669886148.930172,0.0,365943026774.86163,0.0,0.0,0.0,0.0,0.0,0.0,1908036349.6213388,4950685154.590321,238504543.7026674,567460219731.8114,0.0,0.0,0.0,0.0,0.0,0.0,0.0,0.0,118569874427.24086,85963325860.83997,115257275225.64087,3312599201.5999956,2708333333.333333,0.0,4333750.486436167,23994241.42489792,183465.03361743645,28327991.91133409,0.0,0.0,14595650512.192596,15992265538.631443,72978252.56096299,0.0,9602657148434.963,0.0,0.0,3219605407.7025743,220958336908.40588,0.0,0.0,0.0,257889977582.5199,0.0
239,20,0.0,0.0,0.0,0.0,0.0,0.0,869387.2584360545,5675789.366692989,0.0,202977152.65796018,0.0,2439620178.4990773,18203610581.66979,0.0,347739416193.19183,0.0,0.0,0.0,0.0,0.0,0.0,1891534065.772705,4967187438.438952,236441758.2215881,562493032293.3724,0.0,0.0,0.0,0.0,0.0,0.0,0.0,0.0,118569874427.24086,85963325860.83997,115257275225.64087,3312599201.5999956,2708333333.333333,0.0,4201044.369414349,23499480.15139202,181878.27555506778,27700524.52080637,0.0,0.0,12113084328.728615,16014522817.665545,60565421.64364308,0.0,9614770232763.691,0.0,0.0,4894245646.116218,216064091262.28967,0.0,0.0,0.0,257889977582.5199,-1.4901161193847656e-08
240,21,0.0,0.0,0.0,0.0,0.0,0.0,845738.136074834,5676588.770761455,0.0,197300563.88719872,0.0,2318262774.6212797,17827045297.860138,0.0,329912370895.3317,0.0,0.0,0.0,0.0,0.0,0.0,1874976774.3112419,4983744729.900418,234372096.7889052,557509287563.472,0.0,0.0,0.0,0.0,0.0,0.0,0.0,0.0,124332738188.5229,90261492153.88196,121020138986.9229,3312599201.5999956,2708333333.333333,0.0,4071307.019869081,23223350.330577265,180286.22829915784,27294657.35044635,0.0,0.0,24836076401.6619,16045313784.940872,124180382.0083095,0.0,9639606309165.354,0.0,0.0,3165763928.8081465,212898327333.4815,0.0,12894498879.125973,0.0,270784476461.64587,-1.4901161193847656e-08
241,21,0.0,0.0,0.0,0.0,0.0,0.0,822085.682863328,5675273.869997361,0.0,191625290.01720136,0.0,2199415805.9688783,17393201001.190823,0.0,312519169894.14087,0.0,0.0,0.0,0.0,0.0,0.0,1858364291.8782408,5000357212.333418,232295536.48478004,552508930351.1387,0.0,0.0,0.0,0.0,0.0,0.0,0.0,0.0,124332738188.5229,90261492153.88196,121020138986.9229,3312599201.5999956,2708333333.333333,0.0,3943454.9888995737,22901087.880400624,178688.87421906157,26844542.869300194,0.0,0.0,10969729549.977863,16075151956.567238,54848647.749889314,0.0,9650576038715.332,0.0,0.0,3510892952.940023,209387434380.5415,0.0,0.0,0.0,270784476461.64587,0.0
242,21,0.0,0.0,0.0,0.0,0.0,0.0,798438.708405006,5668811.6141985115,0.0,185956478.40300286,0.0,2083461132.627606,16908567110.117783,0.0,295610602784.02313,0.0,0.0,0.0,0.0,0.0,0.0,1841696434.5037954,5017025069.707862,230212054.31297445,547491905281.4308,0.0,0.0,0.0,0.0,0.0,0.0,0.0,0.0,124332738188.5229,90261492153.88196,121020138986.9229,3312599201.5999956,2708333333.333333,0.0,3817790.6831214684,22534651.752525933,177086.19562536496,26352442.4356474,0.0,0.0,10013127780.097988,16092637671.008968,50065638.90048994,0.0,9660589166495.43,0.0,0.0,3838383382.4917884,205549050998.0497,0.0,0.0,0.0,270784476461.64587,0.0
243,21,0.0,0.0,0.0,0.0,0.0,0.0,774818.6600125119,5653732.631881659,0.0,180302745.7711212,0.0,1970737351.893488,16494805849.020706,0.0,279115796935.0024,0.0,0.0,0.0,0.0,0.0,0.0,1824973017.6047692,5033748486.606891,228121627.20059612,542458156794.82385,0.0,0.0,0.0,0.0,0.0,0.0,0.0,0.0,124332738188.5229,90261492153.88196,121020138986.9229,3312599201.5999956,2708333333.333333,0.0,3694595.867318864,22214159.04390289,175478.17476968933,25908754.91122175,0.0,0.0,9827469804.647348,16109171502.329588,49137349.02323675,0.0,9670416636300.076,0.0,0.0,3460762690.520075,202088288307.52963,0.0,0.0,0.0,270784476461.64587,0.0
244,21,0.0,0.0,0.0,0.0,0.0,0.0,751261.4407130049,5630898.707046685,0.0,174671847.06407452,0.0,1860771979.5666828,16036969891.086514,0.0,263078827043.9159,0.0,0.0,0.0,0.0,0.0,0.0,1808193855.982746,5050527648.228911,226024231.99784327,537407629146.595,0.0,0.0,0.0,0.0,0.0,0.0,0.0,0.0,124332738188.5229,90261492153.88196,121020138986.9229,3312599201.5999956,2708333333.333333,0.0,3573542.852674104,21852050.66036624,173864.79384449482,25425593.51304035,0.0,0.0,8900337219.441317,16124778008.182995,44501686.09720659,0.0,9679316973519.518,0.0,0.0,3768658905.81491,198319629401.71472,0.0,0.0,0.0,270784476461.64587,1.4901161193847656e-08
245,21,0.0,0.0,0.0,0.0,0.0,0.0,727799.3627669769,5595503.04436277,0.0,169076344.01971173,0.0,1753858846.9594395,15594961222.131227,0.0,247483865821.78467,0.0,0.0,0.0,0.0,0.0,0.0,1791358763.8219836,5067362740.389675,223919845.4777479,532340266406.20526,0.0,0.0,0.0,0.0,0.0,0.0,0.0,0.0,124332738188.5229,90261492153.88196,121020138986.9229,3312599201.5999956,2708333333.333333,0.0,3454889.832598841,21489598.400148083,172246.034982883,24944488.23274692,0.0,0.0,8300166588.08206,16139111761.35593,41500832.9404103,0.0,9687617140107.6,0.0,0.0,3752621186.288753,194567008215.42596,0.0,0.0,0.0,270784476461.64587,0.0
246,21,0.0,0.0,0.0,0.0,0.0,0.0,704484.7667487987,5550316.383584819,0.0,163526027.63612694,0.0,1649892438.811898,15129273537.660124,0.0,232354592284.12454,0.0,0.0,0.0,0.0,0.0,0.0,1774467554.6873503,5084253949.524305,221808444.33591884,527256012456.68097,0.0,0.0,0.0,0.0,0.0,0.0,0.0,0.0,124332738188.5229,90261492153.88196,121020138986.9229,3312599201.5999956,2708333333.333333,0.0,3338607.8386712973,21099183.681418996,170621.88025839912,24437791.52009029,0.0,0.0,7448602441.512114,16152235735.54726,37243012.20756057,0.0,9695065742549.111,0.0,0.0,3952234358.72173,190614773856.70422,0.0,0.0,0.0,270784476461.64587,-1.4901161193847656e-08
247,21,0.0,0.0,0.0,0.0,0.0,0.0,681358.4484838621,5501096.045537241,0.0,158024931.59058967,0.0,1549030615.227497,14649847387.38984,0.0,217704744896.7347,0.0,0.0,0.0,0.0,0.0,0.0,1757520041.52227,5101201462.68939,219690005.19028378,522154810993.9916,0.0,0.0,0.0,0.0,0.0,0.0,0.0,0.0,124332738188.5229,90261492153.88196,121020138986.9229,3312599201.5999956,2708333333.333333,0.0,3224858.953675991,20694210.545598187,168992.31168483366,23919069.49927418,0.0,0.0,6686315636.032182,16164014833.945213,33431578.18016091,0.0,9701752058185.145,0.0,0.0,4046031762.365639,186568742094.3386,0.0,0.0,0.0,270784476461.64587,0.0
248,21,0.0,0.0,0.0,0.0,0.0,0.0,658437.2149607902,5373357.424660746,0.0,152651574.16592893,0.0,1451364965.978231,14227637207.553177,0.0,203477107689.18152,0.0,0.0,0.0,0.0,0.0,0.0,1740516036.646639,5118205467.565019,217564504.58082983,517036605526.4266,0.0,0.0,0.0,0.0,0.0,0.0,0.0,0.0,124332738188.5229,90261492153.88196,121020138986.9229,3312599201.5999956,2708333333.333333,0.0,3113730.293902998,20254774.867059357,167357.31121602294,23368505.160962354,0.0,0.0,5725626257.167465,16174358118.856215,28628131.285837322,0.0,9707477684442.312,0.0,0.0,4294401838.832206,182274340255.50638,0.0,0.0,0.0,270784476461.64587,0.0
249,21,0.0,0.0,0.0,0.0,0.0,0.0,636048.2256913708,5336675.490532767,0.0,147314898.67539617,0.0,1356514051.2612102,13812409169.313482,0.0,189664698519.86804,0.0,0.0,0.0,0.0,0.0,0.0,1723455351.754755,5135266152.456902,215431918.9693444,511901339373.96967,0.0,0.0,0.0,0.0,0.0,0.0,0.0,0.0,124332738188.5229,90261492153.88196,121020138986.9229,3312599201.5999956,2708333333.333333,0.0,3005255.4587805746,19911810.35343306,165716.86074564955,22917065.812213637,0.0,0.0,5920476775.225463,16184063204.716541,29602383.876127314,0.0,9713398161217.537,0.0,0.0,3521226920.240006,178753113335.2664,0.0,0.0,0.0,270784476461.64587,-1.4901161193847656e-08
250,21,0.0,0.0,0.0,0.0,0.0,0.0,613812.0778141507,5297275.5904136,0.0,142017623.08498257,0.0,1264431323.465787,13278432255.194262,0.0,176386266264.67377,0.0,0.0,0.0,0.0,0.0,0.0,1706337797.913232,5152383706.298427,213292224.739154,506748955667.6712,0.0,0.0,0.0,0.0,0.0,0.0,0.0,0.0,124332738188.5229,90261492153.88196,121020138986.9229,3312599201.5999956,2708333333.333333,0.0,2899019.09425955,19474826.33002336,164070.94210704154,22373845.42428291,0.0,0.0,4497827142.835395,16192745124.648258,22489135.714176975,0.0,9717895988360.373,0.0,0.0,4237119025.8597016,174515994309.40668,0.0,0.0,0.0,270784476461.64587,0.0
251,21,0.0,0.0,0.0,0.0,0.0,0.0,591740.0961874274,5255187.592314754,0.0,136762435.49266782,0.0,1175908441.7644923,12846867302.625074,0.0,163539398962.0487,0.0,0.0,0.0,0.0,0.0,0.0,1689163185.5589044,5169558318.652755,211145398.19486305,501579397349.0185,0.0,0.0,0.0,0.0,0.0,0.0,0.0,0.0,124332738188.5229,90261492153.88196,121020138986.9229,3312599201.5999956,2708333333.333333,0.0,2795641.3479746557,19113976.53175924,162419.53707297158,21909617.879733894,0.0,0.0,4515930669.230148,16200256589.491648,22579653.34615074,0.0,9722411919029.604,0.0,0.0,3620974847.4823027,170895019461.92438,0.0,0.0,0.0,270784476461.64587,0.0
252,22,0.0,0.0,0.0,0.0,0.0,0.0,569843.4812194493,5195033.14821924,0.0,131567402.34444858,0.0,1090262659.7469914,12436454601.897694,0.0,151102944360.151,0.0,0.0,0.0,0.0,0.0,0.0,1671931324.4967282,5186790179.71493,208991415.56209102,496392607169.3035,0.0,0.0,0.0,0.0,0.0,0.0,0.0,0.0,130383745137.86905,94774566761.57608,127071145936.26906,3312599201.5999956,2708333333.333333,0.0,2694608.084483849,18751375.287921257,160762.62735545464,21445983.372405104,0.0,0.0,15991435997.682693,16217346061.714075,79957179.98841347,0.0,9738403355027.285,0.0,0.0,3616349157.1645694,167278670304.75983,0.0,13539223823.082352,0.0,284323700284.7282,-1.4901161193847656e-08
253,22,0.0,0.0,0.0,0.0,0.0,0.0,548197.5097685356,5149105.982119712,0.0,126418296.36232886,0.0,1007352962.4010069,11939659406.640978,0.0,139163284953.51004,0.0,0.0,0.0,0.0,0.0,0.0,1654642023.8976786,5204079480.313976,206830252.98720977,491188527688.98956,0.0,0.0,0.0,0.0,0.0,0.0,0.0,0.0,130383745137.86905,94774566761.57608,127071145936.26906,3312599201.5999956,2708333333.333333,0.0,2595885.9607675243,18336597.433623526,159100.19460554598,20932483.394391045,0.0,0.0,1334705166.0738425,16231784512.683872,6673525.830369213,0.0,9739738060193.36,0.0,0.0,4005299828.509663,163273370476.25015,0.0,0.0,0.0,284323700284.7282,0.0
254,22,0.0,0.0,0.0,0.0,0.0,0.0,526742.9015097036,5092066.439389494,0.0,121326229.92293936,0.0,927755233.0234002,11493083772.081276,0.0,127670201181.42876,0.0,0.0,0.0,0.0,0.0,0.0,1637295092.2966325,5221426411.915027,204661886.53707898,485967101277.0745,0.0,0.0,0.0,0.0,0.0,0.0,0.0,0.0,130383745137.86905,94774566761.57608,127071145936.26906,3312599201.5999956,2708333333.333333,0.0,2499858.5363712674,17949381.965540495,157432.22041313766,20449240.501911763,0.0,0.0,940249825.6965046,16233680308.510344,4701249.128482522,0.0,9740678310019.055,0.0,0.0,3769294561.338389,159504075914.91177,0.0,0.0,0.0,284323700284.7282,0.0
255,22,0.0,0.0,0.0,0.0,0.0,0.0,505525.9580122474,5032769.869487266,0.0,116293460.0534521,0.0,851134674.5428585,10979846923.470585,0.0,116535232947.67754,0.0,0.0,0.0,0.0,0.0,0.0,1619890337.5902486,5238831166.62141,202486292.19878104,480728270110.4531,0.0,0.0,155121310.28063467,3102426.2056126934,0.0,0.0,0.0,0.0,130383745137.86905,94774566761.57608,127071145936.26906,3312599201.5999956,2708333333.333333,0.0,2406314.4288838683,17508676.092634954,155758.68630675465,19914990.521518823,119324.08483125744,2386.4816966251487,0.0,16234463850.031761,0.0,0.0,9740678310019.055,0.0,0.0,4167149847.064954,155336926067.8468,0.0,0.0,0.0,284323700284.7282,0.0
256,22,0.0,0.0,0.0,0.0,0.0,0.0,484556.0835560504,4977077.130185121,0.0,111316382.92326698,0.0,776901552.9845169,10311085432.894289,0.0,104369393783.52432,0.0,0.0,0.0,0.0,0.0,0.0,1602427567.034844,5256293937.176813,200303445.87935546,475471976173.2763,0.0,0.0,1854753731.258932,37095074.62517864,0.0,0.0,2.996830066831985e-07,2.996830066831985e-09,130383745137.86905,94774566761.57608,127071145936.26906,3312599201.5999956,2708333333.333333,0.0,2314809.2528017126,16951984.337932125,154079.57375335036,19266793.590733834,1426733.639429948,28534.67278859896,0.0,16234463850.031761,0.0,6.72084247699335e-23,9740678310019.055,0.0,0.0,5055936060.122906,150280990007.7239,0.0,0.0,0.0,284323700284.7282,0.0
257,22,0.0,0.0,0.0,0.0,0.0,0.0,463818.26218027907,4897460.60014316,0.0,106418922.32312383,0.0,695795958.5568289,8961375244.374397,0.0,87793275454.08186,0.0,0.0,0.0,0.0,0.0,0.0,1584906587.244254,5273814916.967402,198113323.4055318,470198161256.3089,0.0,0.0,7614743085.068052,152294861.70136106,0.0,0.0,0.0,0.0,130383745137.86905,94774566761.57608,127071145936.26906,3312599201.5999956,2708333333.333333,0.0,2218204.8358734194,15847606.878098391,152394.86415810138,18065811.713971812,5857494.680821579,117149.89361643158,0.0,16234463850.031761,0.0,0.0,9740678310019.055,0.0,0.0,9367658638.743757,140913331368.98013,0.0,0.0,0.0,284323700284.7282,-1.4901161193847656e-08
258,22,0.0,0.0,0.0,0.0,0.0,0.0,443412.17634634924,4819099.834111011,0.0,101599822.48901281,0.0,585288503.0272124,6833274245.499733,0.0,66282928401.01444,0.0,0.0,0.0,0.0,0.0,0.0,1567327204.187696,5291394300.023961,195915900.52346206,464906766956.2849,0.0,0.0,14677072807.567696,293541456.1513539,0.0,0.0,0.0,0.0,130383745137.86905,94774566761.57608,127071145936.26906,3312599201.5999956,2708333333.333333,0.0,2099270.4126655096,14145767.946052315,150704.53886420158,16245038.358717822,11290056.005821304,225801.1201164261,0.0,16234463850.031761,0.0,0.0,9740678310019.055,0.0,0.0,14202032170.981138,126711299197.99901,0.0,0.0,0.0,284323700284.7282,0.0
259,22,0.0,0.0,0.0,0.0,0.0,0.0,423332.5937042201,4728186.714026952,0.0,96871635.77498585,0.0,441886189.34009635,4863331947.801664,0.0,45170348693.53874,0.0,0.0,0.0,0.0,0.0,0.0,1549689223.1876166,5309032281.024039,193711152.89845207,459597734675.2609,0.0,0.0,16249247759.674034,324984955.1934807,0.0,0.0,0.0,0.0,130383745137.86905,94774566761.57608,127071145936.26906,3312599201.5999956,2708333333.333333,0.0,1955313.6802639994,12553082.27466211,149008.57915265544,14508395.954926107,12499421.353595411,249988.4270719082,0.0,16234463850.031761,0.0,0.0,9740678310019.055,0.0,0.0,13545810749.575363,113165488448.42365,0.0,0.0,0.0,284323700284.7282,0.0
260,22,0.0,0.0,0.0,0.0,0.0,0.0,403631.81572910765,4612178.163749347,0.0,92259457.61123651,0.0,301135657.956925,3321452010.4886556,0.0,26119482732.021793,0.0,0.0,0.0,0.0,0.0,0.0,1531992448.917537,5326729055.294123,191499056.11469203,454271005619.9668,0.0,0.0,15729413951.028294,314588279.02056587,0.0,0.0,2.397464053465588e-06,2.397464053465588e-08,130383745137.86905,94774566761.57608,127071145936.26906,3312599201.5999956,2708333333.333333,0.0,1813730.359478694,11264625.137428407,147306.9662420708,13078355.496907102,12099549.193098688,241990.98386197377,0.0,16234463850.031761,0.0,5.37667398159468e-22,9740678310019.055,0.0,0.0,11154315572.548244,102011172875.8754,0.0,0.0,0.0,284323700284.7282,0.0
261,22,0.0,0.0,0.0,0.0,0.0,0.0,384414.4067134855,4515187.679853229,0.0,87744269.93138328,0.0,174129884.88014534,1858354035.5591216,0.0,7515908902.8534775,0.0,0.0,0.0,0.0,0.0,0.0,1514236685.3998888,5344484818.811768,189279585.67498615,448926520801.155,0.0,0.0,16745219793.609196,334904395.8721839,0.0,0.0,0.0,0.0,130383745137.86905,94774566761.57608,127071145936.26906,3312599201.5999956,2708333333.333333,0.0,1683157.9223135118,10055832.95244622,145599.6812884509,11738990.874759734,12880938.302776305,257618.7660555261,0.0,16234463850.031761,0.0,0.0,9740678310019.055,0.0,0.0,10447044052.749477,91564128823.12592,0.0,0.0,0.0,284323700284.7282,0.0
262,22,0.0,0.0,0.0,0.0,0.0,0.0,365601.12471409707,4412890.134153767,0.0,76034881.54431832,0.0,50106059.35235651,730356401.0186254,0.0,0.0,0.0,0.0,0.0,0.0,0.0,0.0,1496421736.00385,5362299768.207808,187052717.00048125,443564221032.9472,7296498.252911192,72964.98252911192,6785552501.834851,135711050.03669703,0.0,0.0,2.397464053465588e-06,2.397464053465588e-08,130383745137.86905,94774566761.57608,127071145936.26906,3312599201.5999956,2708333333.333333,0.0,1555237.8903727173,9099548.725866407,143886.70538498557,10654786.616239125,12516154.023553388,177358.0979419558,0.0,16234463850.031761,0.0,5.37667398159468e-22,9740678310019.055,0.0,0.0,8456793216.460744,83107335606.66518,0.0,0.0,0.0,284323700284.7282,0.0
263,22,0.0,0.0,0.0,0.0,0.0,0.0,316812.0064346597,3064360.6401244206,0.0,52996535.049159564,0.0,0.0,0.0,0.0,0.0,0.0,0.0,0.0,0.0,0.0,0.0,1478547403.443157,5380174100.768501,184818425.43039468,438184046932.1787,19973985.85503433,199739.85855034328,0.0,0.0,0.0,0.0,4.794928106931176e-06,4.794928106931176e-08,130383745137.86905,94774566761.57608,127071145936.26906,3312599201.5999956,2708333333.333333,0.0,1454156.162929396,7202956.102254037,142168.01956184205,8657112.265183434,19973985.855034333,199739.8585503433,0.0,16234463850.031761,0.0,1.075334796318936e-21,9740678310019.055,0.0,0.0,15581859938.234394,67525475668.430786,0.0,0.0,0.0,284323700284.7282,0.0
264,23,0.0,0.0,0.0,0.0,0.0,0.0,220818.89603816494,1754969.034170821,0.0,42990332.12929302,0.0,0.0,0.0,0.0,0.0,0.0,0.0,0.0,0.0,0.0,0.0,1460613489.7739289,5398108014.437726,182576686.2217411,432785938917.74097,8251233.88569573,82512.3388569573,0.0,0.0,0.0,0.0,0.0,0.0,136737302434.68251,99513295099.65488,133424703233.08252,3312599201.5999956,2708333333.333333,0.0,1344367.7343258024,5907359.814507534,140443.6047859547,7251727.548833336,8251233.88569573,82512.3388569573,0.0,16234463850.031761,0.0,0.0,9740678310019.055,0.0,0.0,10962000787.530767,56563474880.90002,0.0,14216185014.236399,0.0,298539885298.9646,1.4901161193847656e-08
265,23,0.0,0.0,0.0,0.0,0.0,0.0,179126.38387205426,1421190.92878595,0.0,28235488.382524785,0.0,0.0,0.0,0.0,0.0,0.0,0.0,0.0,0.0,0.0,0.0,1442619796.3924696,5416101707.819185,180327474.54905877,427369837209.92175,13333652.817982284,133336.52817982284,0.0,0.0,0.0,0.0,0.0,0.0,136737302434.68251,99513295099.65488,133424703233.08252,3312599201.5999956,2708333333.333333,0.0,1288833.9195585693,5587423.011723785,138713.44196081444,6876256.9312823545,13333652.817982284,133336.52817982284,0.0,16234463850.031761,0.0,0.0,9740678310019.055,0.0,0.0,2928670816.897656,53634804064.00236,0.0,0.0,0.0,298539885298.9646,0.0
266,23,0.0,0.0,0.0,0.0,0.0,0.0,117647.86826051996,987403.389391796,0.0,12710694.93775617,0.0,0.0,0.0,0.0,0.0,0.0,0.0,0.0,0.0,0.0,0.0,1424566124.0330727,5434155380.178584,178070765.50413406,421935681829.74316,14537390.055376817,145373.90055376818,0.0,0.0,0.0,0.0,2.397464053465588e-06,2.397464053465588e-08,136737302434.68251,99513295099.65488,133424703233.08252,3312599201.5999956,2708333333.333333,0.0,1213467.963670576,5167522.912606091,136977.51192625696,6380990.876276667,14537390.055376818,145373.9005537682,0.0,16234463850.031761,0.0,5.37667398159468e-22,9740678310019.055,0.0,0.0,3863075229.0443583,49771728834.958,0.0,0.0,0.0,298539885298.9646,0.0
267,23,0.0,0.0,0.0,0.0,0.0,0.0,52961.228907317374,431545.1790382025,0.0,0.0,0.0,0.0,0.0,0.0,0.0,0.0,0.0,0.0,0.0,0.0,0.0,1406452272.765811,5452269231.445845,175806534.09572634,411779237703.04095,12279149.758717965,122791.49758717965,0.0,0.0,0.0,0.0,4704174895.25641,47041748.9525641,136737302434.68251,99513295099.65488,133424703233.08252,3312599201.5999956,2708333333.333333,0.0,1134847.5925733258,4625598.433996544,135235.79545825103,5760446.02656987,15897745.831992127,158977.45831992128,0.0,16234463850.031761,0.0,0.0,9740678310019.055,0.0,0.0,4840249827.713011,44931479007.24499,0.0,0.0,0.0,298539885298.9646,0.0
268,23,0.0,0.0,0.0,0.0,0.0,0.0,0.0,0.0,0.0,0.0,0.0,0.0,0.0,0.0,0.0,0.0,0.0,0.0,0.0,0.0,0.0,1372597459.0101364,5364213633.544165,171574682.37626708,385325812687.99396,0.0,0.0,0.0,0.0,0.0,0.0,21089211381.50279,210892113.8150279,136737302434.68251,99513295099.65488,133424703233.08252,3312599201.5999956,2708333333.333333,0.0,1055844.1992385664,4126318.179649357,131980.52490482084,5182162.378887924,16222470.293463683,162224.70293463685,0.0,16234463850.031761,0.0,2.421438694000244e-06,9740678310019.055,0.0,0.0,4510612451.919183,40420866555.325806,0.0,0.0,0.0,298539885298.9646,1.4901161193847656e-08
269,23,0.0,0.0,0.0,0.0,0.0,0.0,0.0,0.0,0.0,0.0,0.0,0.0,0.0,0.0,0.0,0.0,0.0,0.0,0.0,0.0,0.0,1284419375.6266472,4942561863.234072,160552421.9533308,360215605003.2979,0.0,0.0,0.0,0.0,0.0,0.0,20167645821.46203,201676458.2146203,136737302434.68251,99513295099.65488,133424703233.08252,3312599201.5999956,2708333333.333333,0.0,988014.9043281901,3801970.664026209,123501.86304102371,4789985.568354399,15513573.708816946,155135.73708816947,0.0,16234463850.031761,0.0,2.421438694000244e-06,9740678310019.055,0.0,0.0,3058979122.1614933,37361887433.164314,0.0,0.0,0.0,298539885298.9646,-1.4901161193847656e-08
270,23,0.0,0.0,0.0,0.0,0.0,0.0,0.0,0.0,0.0,0.0,0.0,0.0,0.0,0.0,0.0,0.0,0.0,0.0,0.0,0.0,0.0,1200718683.3443265,4672118389.274968,150089835.41804078,335939709477.64624,0.0,0.0,0.0,0.0,0.0,0.0,19603777136.37665,196037771.36376652,136737302434.68251,99513295099.65488,133424703233.08252,3312599201.5999956,2708333333.333333,0.0,923629.7564187127,3593937.2225192063,115453.71955233907,4517566.978937919,15079828.566443577,150798.2856644358,0.0,16234463850.031761,0.0,0.0,9740678310019.055,0.0,0.0,2124864997.4485464,35237022435.71577,0.0,0.0,0.0,298539885298.9646,-1.4901161193847656e-08
271,23,0.0,0.0,0.0,0.0,0.0,0.0,0.0,0.0,0.0,0.0,0.0,0.0,0.0,0.0,0.0,0.0,0.0,0.0,0.0,0.0,0.0,1119799031.5921543,4304761270.572477,139974878.94901928,311018114286.33765,0.0,0.0,0.0,0.0,0.0,0.0,20616833920.736176,206168339.20736176,136737302434.68251,99513295099.65488,133424703233.08252,3312599201.5999956,2708333333.333333,0.0,861383.8704555032,3311354.8235172904,107672.9838069379,4172738.693972794,15859103.015950905,158591.03015950904,0.0,16234463850.031761,0.0,0.0,9740678310019.055,0.0,0.0,2689660622.727977,32547361812.98779,0.0,0.0,0.0,298539885298.9646,0.0
272,23,0.0,0.0,0.0,0.0,0.0,0.0,0.0,0.0,0.0,0.0,0.0,0.0,0.0,0.0,0.0,0.0,0.0,0.0,0.0,0.0,0.0,1036727047.6211252,3928484976.6713867,129590880.95264067,285941942596.4813,0.0,0.0,0.0,0.0,0.0,0.0,21147686713.18492,211476867.13184923,136737302434.68251,99513295099.65488,133424703233.08252,3312599201.5999956,2708333333.333333,0.0,797482.3443239424,3021911.5205164514,99685.29304049282,3819393.864840394,16267451.317834554,162674.51317834557,0.0,16234463850.031761,0.0,2.421438694000244e-06,9740678310019.055,0.0,0.0,2756089667.2327185,29791272145.755074,0.0,0.0,0.0,298539885298.9646,0.0
273,23,0.0,0.0,0.0,0.0,0.0,0.0,0.0,0.0,0.0,0.0,0.0,0.0,0.0,0.0,0.0,0.0,0.0,0.0,0.0,0.0,0.0,953139808.6549377,3560031486.527217,119142476.0818672,260819725543.88742,0.0,0.0,0.0,0.0,0.0,0.0,21562185566.066666,215621855.66066667,136737302434.68251,99513295099.65488,133424703233.08252,3312599201.5999956,2708333333.333333,0.0,733184.4681961059,2738485.75886709,91648.05852451324,3471670.227063196,16586296.58928205,165862.96589282053,0.0,16234463850.031761,0.0,0.0,9740678310019.055,0.0,0.0,2712244374.662145,27079027771.092926,0.0,0.0,0.0,298539885298.9646,0.0
274,23,0.0,0.0,0.0,0.0,0.0,0.0,0.0,0.0,0.0,0.0,0.0,0.0,0.0,0.0,0.0,0.0,0.0,0.0,0.0,0.0,0.0,869399085.1462913,3342921316.39114,108674885.64328642,236504539976.9846,0.0,0.0,0.0,0.0,0.0,0.0,20972264250.51171,209722642.50511712,136737302434.68251,99513295099.65488,133424703233.08252,3312599201.5999956,2708333333.333333,0.0,668768.5270356087,2571477.935685492,83596.0658794511,3240246.462721101,16132510.961932085,161325.10961932087,0.0,16234463850.031761,0.0,4.842877388000488e-06,9740678310019.055,0.0,0.0,1805105361.8683417,25273922409.224586,0.0,0.0,0.0,298539885298.9646,0.0
275,23,0.0,0.0,0.0,0.0,0.0,0.0,0.0,0.0,0.0,0.0,0.0,0.0,0.0,0.0,0.0,0.0,0.0,0.0,0.0,0.0,0.0,788348466.5899485,2965791403.8585243,98543558.32374358,211168177705.70947,0.0,0.0,0.0,0.0,0.0,0.0,22370570867.41657,223705708.6741657,136737302434.68251,99513295099.65488,133424703233.08252,3312599201.5999956,2708333333.333333,0.0,606421.8973768835,2281378.0029680957,75802.73717211044,2887799.900344979,17208131.436474282,172081.31436474284,0.0,16234463850.031761,0.0,4.842877388000488e-06,9740678310019.055,0.0,0.0,2749083186.533749,22524839222.690838,0.0,0.0,0.0,298539885298.9646,0.0
276,24,0.0,0.0,0.0,0.0,0.0,0.0,0.0,0.0,0.0,0.0,0.0,0.0,0.0,0.0,0.0,0.0,0.0,0.0,0.0,0.0,0.0,703893925.6856983,2594916905.251944,87986740.71071231,198858776022.76547,0.0,0.0,0.0,0.0,0.0,0.0,9714484777.692062,97144847.77692063,143408537596.33664,104488959854.63762,140095938394.73663,3312599201.5999956,2708333333.333333,0.0,541456.8659120756,1996089.92711688,67682.10823900947,2537546.7930289553,7472680.598224663,74726.80598224665,0.0,16234463850.031761,0.0,0.0,9740678310019.055,0.0,0.0,2731974237.064985,19792864985.62585,0.0,14926994264.948236,0.0,313466879563.91284,0.0
277,24,0.0,0.0,0.0,0.0,0.0,0.0,0.0,0.0,0.0,0.0,0.0,0.0,0.0,0.0,0.0,0.0,0.0,0.0,0.0,0.0,0.0,662862586.7425514,2480358140.0343666,82857823.34281895,173506230457.1418,0.0,0.0,0.0,0.0,0.0,0.0,22872187425.589302,228721874.25589302,143408537596.33664,104488959854.63762,140095938394.73663,3312599201.5999956,2708333333.333333,0.0,509894.2974942703,1907967.8000264359,63736.787186783804,2417862.0975207062,17593990.327376388,175939.90327376386,0.0,16234463850.031761,0.0,0.0,9740678310019.055,0.0,0.0,933540624.9643431,18859324360.66151,0.0,0.0,0.0,313466879563.91284,0.0
278,24,0.0,0.0,0.0,0.0,0.0,0.0,0.0,0.0,0.0,0.0,0.0,0.0,0.0,0.0,0.0,0.0,0.0,0.0,0.0,0.0,0.0,578354101.5238061,2264782580.058831,72294262.69047576,147203308716.79272,0.0,0.0,0.0,0.0,0.0,0.0,24038139160.290253,240381391.60290253,143408537596.33664,104488959854.63762,140095938394.73663,3312599201.5999956,2708333333.333333,0.0,444887.77040292777,1742140.446199101,55610.97130036597,2187028.216602029,18490876.277146347,184908.7627714635,0.0,16234463850.031761,0.0,0.0,9740678310019.055,0.0,0.0,1800504271.1656852,17058820089.495823,0.0,0.0,0.0,313466879563.91284,1.4901161193847656e-08
279,24,0.0,0.0,0.0,0.0,0.0,0.0,0.0,0.0,0.0,0.0,0.0,0.0,0.0,0.0,0.0,0.0,0.0,0.0,0.0,0.0,0.0,490677695.7226423,1892129156.3381507,61334711.9653303,119854462096.98375,0.0,0.0,0.0,0.0,0.0,0.0,25456717463.47082,254567174.63470823,143408537596.33664,104488959854.63762,140095938394.73663,3312599201.5999956,2708333333.333333,0.0,377444.38132510945,1455483.9664139622,47180.547665638696,1832928.3477390716,19582090.356516015,195820.90356516017,0.0,16234463850.031761,0.0,4.842877388000488e-06,9740678310019.055,0.0,0.0,2761978977.1310654,14296841112.364758,0.0,0.0,0.0,313466879563.91284,0.0
280,24,0.0,0.0,0.0,0.0,0.0,0.0,0.0,0.0,0.0,0.0,0.0,0.0,0.0,0.0,0.0,0.0,0.0,0.0,0.0,0.0,0.0,399514873.6566125,1531871477.87689,49939359.20707656,92460566344.42987,0.0,0.0,0.0,0.0,0.0,0.0,25862024274.67698,258620242.7467698,143408537596.33664,104488959854.63762,140095938394.73663,3312599201.5999956,2708333333.333333,0.0,307319.13358200964,1178362.6752899154,38414.8916977512,1485681.808871925,19893864.8266746,198938.648266746,0.0,16234463850.031761,0.0,4.842877388000488e-06,9740678310019.055,0.0,0.0,2708523003.163742,11588318109.201017,0.0,0.0,0.0,313466879563.91284,0.0
281,24,0.0,0.0,0.0,0.0,0.0,0.0,0.0,0.0,0.0,0.0,0.0,0.0,0.0,0.0,0.0,0.0,0.0,0.0,0.0,0.0,0.0,308201887.8147662,1163739755.0499465,38525235.97684578,64920936888.219765,0.0,0.0,0.0,0.0,0.0,0.0,26375889701.160164,263758897.01160166,143408537596.33664,104488959854.63762,140095938394.73663,3312599201.5999956,2708333333.333333,0.0,237078.37524212786,895184.4269614973,29634.796905265983,1132262.8022036252,20289145.92396936,202891.4592396936,0.0,16234463850.031761,0.0,4.842877388000488e-06,9740678310019.055,0.0,0.0,2756668252.0127406,8831649857.188276,0.0,0.0,0.0,313466879563.91284,0.0
282,24,0.0,0.0,0.0,0.0,0.0,0.0,0.0,0.0,0.0,0.0,0.0,0.0,0.0,0.0,0.0,0.0,0.0,0.0,0.0,0.0,0.0,216403122.96073258,804408218.5142858,27050390.37009157,37332006589.01871,0.0,0.0,0.0,0.0,0.0,0.0,26784522080.686768,267845220.8068677,143408537596.33664,104488959854.63762,140095938394.73663,3312599201.5999956,2708333333.333333,0.0,166463.94073902507,618775.5527032968,20807.99259237813,785239.4934423218,20603478.523605205,206034.78523605206,0.0,16234463850.031761,0.0,0.0,9740678310019.055,0.0,0.0,2706781808.3381658,6124868048.85011,0.0,0.0,0.0,313466879563.91284,0.0
283,24,0.0,0.0,0.0,0.0,0.0,0.0,0.0,0.0,0.0,0.0,0.0,0.0,0.0,0.0,0.0,0.0,0.0,0.0,0.0,0.0,0.0,124440021.9633957,460428421.53251064,15555002.745424462,9734270081.710032,0.0,0.0,0.0,0.0,0.0,0.0,27137308085.77617,271373080.8577617,143408537596.33664,104488959854.63762,140095938394.73663,3312599201.5999956,2708333333.333333,0.0,95723.09381799669,354175.70887116203,11965.386727249586,449898.8026891587,20874852.373673975,208748.52373673976,0.0,16234463850.031761,0.0,0.0,9740678310019.055,0.0,0.0,2615657387.8746724,3509210660.9754376,0.0,0.0,0.0,313466879563.91284,0.0
284,24,0.0,0.0,0.0,0.0,0.0,0.0,0.0,0.0,0.0,0.0,0.0,0.0,0.0,0.0,0.0,0.0,0.0,0.0,0.0,0.0,0.0,32447566.93903344,204092242.68153524,4055945.8673791797,0.0,0.0,0.0,0.0,0.0,0.0,0.0,9530177839.028496,95301778.39028496,143408537596.33664,104488959854.63762,140095938394.73663,3312599201.5999956,2708333333.333333,0.0,24959.66687617957,156994.0328319502,3119.958359522446,181953.69970812977,7330906.03002192,73309.0603002192,0.0,16234463850.031761,0.0,17617343655.345882,9723060966363.709,0.0,0.0,2089971803.2520254,1419238857.7234123,0.0,0.0,0.0,313466879563.91284,0.0
285,24,0.0,0.0,0.0,0.0,0.0,0.0,0.0,0.0,0.0,0.0,0.0,0.0,0.0,0.0,0.0,0.0,0.0,0.0,0.0,0.0,0.0,0.0,0.0,0.0,0.0,0.0,0.0,0.0,0.0,0.0,0.0,0.0,0.0,143408537596.33664,104488959854.63762,140095938394.73663,3312599201.5999956,2708333333.333333,0.0,0.0,0.0,0.0,0.0,0.0,0.0,0.0,16205101610.60618,0.0,26842048322.149574,9696218918041.559,0.0,0.0,1419238857.7234123,0.0,0.0,0.0,0.0,313466879563.91284,-1.4901161193847656e-08
286,24,0.0,0.0,0.0,0.0,0.0,0.0,0.0,0.0,0.0,0.0,0.0,0.0,0.0,0.0,0.0,0.0,0.0,0.0,0.0,0.0,0.0,0.0,0.0,0.0,0.0,0.0,0.0,0.0,0.0,0.0,0.0,0.0,0.0,143408537596.33664,104488959854.63762,140095938394.73663,3312599201.5999956,2708333333.333333,0.0,0.0,0.0,0.0,0.0,0.0,0.0,0.0,16160364863.402597,0.0,25467546211.629753,9670751371829.93,0.0,0.0,0.0,0.0,0.0,0.0,0.0,313466879563.91284,0.0
287,24,0.0,0.0,0.0,0.0,0.0,0.0,0.0,0.0,0.0,0.0,0.0,0.0,0.0,0.0,0.0,0.0,0.0,0.0,0.0,0.0,0.0,0.0,0.0,0.0,0.0,0.0,0.0,0.0,0.0,0.0,0.0,0.0,0.0,143408537596.33664,104488959854.63762,140095938394.73663,3312599201.5999956,2708333333.333333,0.0,0.0,0.0,0.0,0.0,0.0,0.0,0.0,16117918953.049885,0.0,25509992121.982464,9645241379707.947,0.0,0.0,0.0,0.0,0.0,0.0,0.0,313466879563.91284,1.4901161193847656e-08
288,25,0.0,0.0,0.0,0.0,0.0,0.0,0.0,0.0,0.0,0.0,0.0,0.0,0.0,0.0,0.0,0.0,0.0,0.0,0.0,0.0,0.0,0.0,0.0,0.0,0.0,0.0,0.0,0.0,0.0,0.0,0.0,0.0,0.0,150413334516.0735,109713407847.36949,147100735314.47348,3312599201.5999956,2708333333.333333,0.0,0.0,0.0,0.0,0.0,0.0,0.0,0.0,16075402299.513247,0.0,11659513724.328432,9633581865983.62,0.0,0.0,0.0,0.0,0.0,15673343978.195625,0.0,329140223542.10846,0.0
289,25,0.0,0.0,0.0,0.0,0.0,0.0,0.0,0.0,0.0,0.0,0.0,0.0,0.0,0.0,0.0,0.0,0.0,0.0,0.0,0.0,0.0,0.0,0.0,0.0,0.0,0.0,0.0,0.0,0.0,0.0,0.0,0.0,0.0,150413334516.0735,109713407847.36949,147100735314.47348,3312599201.5999956,2708333333.333333,0.0,0.0,0.0,0.0,0.0,0.0,0.0,0.0,16055969776.639364,0.0,27352290225.397938,9606229575758.22,0.0,0.0,0.0,0.0,0.0,0.0,0.0,329140223542.10846,1.4901161193847656e-08
290,25,0.0,0.0,0.0,0.0,0.0,0.0,0.0,0.0,0.0,0.0,0.0,0.0,0.0,0.0,0.0,0.0,0.0,0.0,0.0,0.0,0.0,0.0,0.0,0.0,0.0,0.0,0.0,0.0,0.0,0.0,0.0,0.0,0.0,150413334516.0735,109713407847.36949,147100735314.47348,3312599201.5999956,2708333333.333333,0.0,0.0,0.0,0.0,0.0,0.0,0.0,0.0,16010382626.263702,0.0,27397877375.773598,9578831698382.447,0.0,0.0,0.0,0.0,0.0,0.0,0.0,329140223542.10846,0.0
291,25,0.0,0.0,0.0,0.0,0.0,0.0,0.0,0.0,0.0,0.0,0.0,0.0,0.0,0.0,0.0,0.0,0.0,0.0,0.0,0.0,0.0,0.0,0.0,0.0,0.0,0.0,0.0,0.0,0.0,0.0,0.0,0.0,0.0,150413334516.0735,109713407847.36949,147100735314.47348,3312599201.5999956,2708333333.333333,0.0,0.0,0.0,0.0,0.0,0.0,0.0,0.0,15964719497.30408,0.0,27443540504.733223,9551388157877.713,0.0,0.0,0.0,0.0,0.0,0.0,0.0,329140223542.10846,1.4901161193847656e-08
292,25,0.0,0.0,0.0,0.0,0.0,0.0,0.0,0.0,0.0,0.0,0.0,0.0,0.0,0.0,0.0,0.0,0.0,0.0,0.0,0.0,0.0,0.0,0.0,0.0,0.0,0.0,0.0,0.0,0.0,0.0,0.0,0.0,0.0,150413334516.0735,109713407847.36949,147100735314.47348,3312599201.5999956,2708333333.333333,0.0,0.0,0.0,0.0,0.0,0.0,0.0,0.0,15918980263.12952,0.0,27489279738.907784,9523898878138.805,0.0,0.0,0.0,0.0,0.0,0.0,0.0,329140223542.10846,1.4901161193847656e-08
293,25,0.0,0.0,0.0,0.0,0.0,0.0,0.0,0.0,0.0,0.0,0.0,0.0,0.0,0.0,0.0,0.0,0.0,0.0,0.0,0.0,0.0,0.0,0.0,0.0,0.0,0.0,0.0,0.0,0.0,0.0,0.0,0.0,0.0,150413334516.0735,109713407847.36949,147100735314.47348,3312599201.5999956,2708333333.333333,0.0,0.0,0.0,0.0,0.0,0.0,0.0,0.0,15873164796.89801,0.0,27535095205.139294,9496363782933.666,0.0,0.0,0.0,0.0,0.0,0.0,0.0,329140223542.10846,-1.4901161193847656e-08
294,25,0.0,0.0,0.0,0.0,0.0,0.0,0.0,0.0,0.0,0.0,0.0,0.0,0.0,0.0,0.0,0.0,0.0,0.0,0.0,0.0,0.0,0.0,0.0,0.0,0.0,0.0,0.0,0.0,0.0,0.0,0.0,0.0,0.0,150413334516.0735,109713407847.36949,147100735314.47348,3312599201.5999956,2708333333.333333,0.0,0.0,0.0,0.0,0.0,0.0,0.0,0.0,15827272971.556112,0.0,27580987030.48119,9468782795903.186,0.0,0.0,0.0,0.0,0.0,0.0,0.0,329140223542.10846,1.4901161193847656e-08
295,25,0.0,0.0,0.0,0.0,0.0,0.0,0.0,0.0,0.0,0.0,0.0,0.0,0.0,0.0,0.0,0.0,0.0,0.0,0.0,0.0,0.0,0.0,0.0,0.0,0.0,0.0,0.0,0.0,0.0,0.0,0.0,0.0,0.0,150413334516.0735,109713407847.36949,147100735314.47348,3312599201.5999956,2708333333.333333,0.0,0.0,0.0,0.0,0.0,0.0,0.0,0.0,15781304659.838642,0.0,27626955342.198658,9441155840560.986,0.0,0.0,0.0,0.0,0.0,0.0,0.0,329140223542.10846,0.0
296,25,0.0,0.0,0.0,0.0,0.0,0.0,0.0,0.0,0.0,0.0,0.0,0.0,0.0,0.0,0.0,0.0,0.0,0.0,0.0,0.0,0.0,0.0,0.0,0.0,0.0,0.0,0.0,0.0,0.0,0.0,0.0,0.0,0.0,150413334516.0735,109713407847.36949,147100735314.47348,3312599201.5999956,2708333333.333333,0.0,0.0,0.0,0.0,0.0,0.0,0.0,0.0,15735259734.26831,0.0,27673000267.76899,9413482840293.219,0.0,0.0,0.0,0.0,0.0,0.0,0.0,329140223542.10846,1.4901161193847656e-08
297,25,0.0,0.0,0.0,0.0,0.0,0.0,0.0,0.0,0.0,0.0,0.0,0.0,0.0,0.0,0.0,0.0,0.0,0.0,0.0,0.0,0.0,0.0,0.0,0.0,0.0,0.0,0.0,0.0,0.0,0.0,0.0,0.0,0.0,150413334516.0735,109713407847.36949,147100735314.47348,3312599201.5999956,2708333333.333333,0.0,0.0,0.0,0.0,0.0,0.0,0.0,0.0,15689138067.155361,0.0,27719121934.881943,9385763718358.336,0.0,0.0,0.0,0.0,0.0,0.0,0.0,329140223542.10846,1.4901161193847656e-08
298,25,0.0,0.0,0.0,0.0,0.0,0.0,0.0,0.0,0.0,0.0,0.0,0.0,0.0,0.0,0.0,0.0,0.0,0.0,0.0,0.0,0.0,0.0,0.0,0.0,0.0,0.0,0.0,0.0,0.0,0.0,0.0,0.0,0.0,150413334516.0735,109713407847.36949,147100735314.47348,3312599201.5999956,2708333333.333333,0.0,0.0,0.0,0.0,0.0,0.0,0.0,0.0,15642939530.597229,0.0,27765320471.44007,9357998397886.896,0.0,0.0,0.0,0.0,0.0,0.0,0.0,329140223542.10846,0.0
299,25,0.0,0.0,0.0,0.0,0.0,0.0,0.0,0.0,0.0,0.0,0.0,0.0,0.0,0.0,0.0,0.0,0.0,0.0,0.0,0.0,0.0,0.0,0.0,0.0,0.0,0.0,0.0,0.0,0.0,0.0,0.0,0.0,0.0,150413334516.0735,109713407847.36949,147100735314.47348,3312599201.5999956,2708333333.333333,0.0,0.0,0.0,0.0,0.0,0.0,0.0,0.0,15596663996.478163,0.0,27811596005.55914,9330186801881.338,0.0,0.0,0.0,0.0,0.0,0.0,0.0,329140223542.10846,1.4901161193847656e-08
300,26,0.0,0.0,0.0,0.0,0.0,0.0,0.0,0.0,0.0,0.0,0.0,0.0,0.0,0.0,0.0,0.0,0.0,0.0,0.0,0.0,0.0,0.0,0.0,0.0,0.0,0.0,0.0,0.0,0.0,0.0,0.0,0.0,0.0,157768371281.79715,115199078239.73799,154455772080.19717,3312599201.5999956,2708333333.333333,0.0,0.0,0.0,0.0,0.0,0.0,0.0,0.0,15550311336.468897,0.0,13270303861.81808,9316916498019.52,0.0,0.0,0.0,0.0,0.0,16457011177.105518,0.0,345597234719.214,-1.4901161193847656e-08
301,26,0.0,0.0,0.0,0.0,0.0,0.0,0.0,0.0,0.0,0.0,0.0,0.0,0.0,0.0,0.0,0.0,0.0,0.0,0.0,0.0,0.0,0.0,0.0,0.0,0.0,0.0,0.0,0.0,0.0,0.0,0.0,0.0,0.0,157768371281.79715,115199078239.73799,154455772080.19717,3312599201.5999956,2708333333.333333,0.0,0.0,0.0,0.0,0.0,0.0,0.0,0.0,15528194163.365866,0.0,29749432212.026627,9287167065807.494,0.0,0.0,0.0,0.0,0.0,0.0,0.0,345597234719.214,1.4901161193847656e-08
302,26,0.0,0.0,0.0,0.0,0.0,0.0,0.0,0.0,0.0,0.0,0.0,0.0,0.0,0.0,0.0,0.0,0.0,0.0,0.0,0.0,0.0,0.0,0.0,0.0,0.0,0.0,0.0,0.0,0.0,0.0,0.0,0.0,0.0,157768371281.79715,115199078239.73799,154455772080.19717,3312599201.5999956,2708333333.333333,0.0,0.0,0.0,0.0,0.0,0.0,0.0,0.0,15478611776.345821,0.0,29799014599.046677,9257368051208.447,0.0,0.0,0.0,0.0,0.0,0.0,0.0,345597234719.214,0.0
303,26,0.0,0.0,0.0,0.0,0.0,0.0,0.0,0.0,0.0,0.0,0.0,0.0,0.0,0.0,0.0,0.0,0.0,0.0,0.0,0.0,0.0,0.0,0.0,0.0,0.0,0.0,0.0,0.0,0.0,0.0,0.0,0.0,0.0,157768371281.79715,115199078239.73799,154455772080.19717,3312599201.5999956,2708333333.333333,0.0,0.0,0.0,0.0,0.0,0.0,0.0,0.0,15428946752.014078,0.0,29848679623.378418,9227519371585.068,0.0,0.0,0.0,0.0,0.0,0.0,0.0,345597234719.214,1.4901161193847656e-08
304,26,0.0,0.0,0.0,0.0,0.0,0.0,0.0,0.0,0.0,0.0,0.0,0.0,0.0,0.0,0.0,0.0,0.0,0.0,0.0,0.0,0.0,0.0,0.0,0.0,0.0,0.0,0.0,0.0,0.0,0.0,0.0,0.0,0.0,157768371281.79715,115199078239.73799,154455772080.19717,3312599201.5999956,2708333333.333333,0.0,0.0,0.0,0.0,0.0,0.0,0.0,0.0,15379198952.641779,0.0,29898427422.75072,9197620944162.318,0.0,0.0,0.0,0.0,0.0,0.0,0.0,345597234719.214,-1.4901161193847656e-08
305,26,0.0,0.0,0.0,0.0,0.0,0.0,0.0,0.0,0.0,0.0,0.0,0.0,0.0,0.0,0.0,0.0,0.0,0.0,0.0,0.0,0.0,0.0,0.0,0.0,0.0,0.0,0.0,0.0,0.0,0.0,0.0,0.0,0.0,157768371281.79715,115199078239.73799,154455772080.19717,3312599201.5999956,2708333333.333333,0.0,0.0,0.0,0.0,0.0,0.0,0.0,0.0,15329368240.270533,0.0,29948258135.121964,9167672686027.195,0.0,0.0,0.0,0.0,0.0,0.0,0.0,345597234719.214,1.4901161193847656e-08
306,26,0.0,0.0,0.0,0.0,0.0,0.0,0.0,0.0,0.0,0.0,0.0,0.0,0.0,0.0,0.0,0.0,0.0,0.0,0.0,0.0,0.0,0.0,0.0,0.0,0.0,0.0,0.0,0.0,0.0,0.0,0.0,0.0,0.0,157768371281.79715,115199078239.73799,154455772080.19717,3312599201.5999956,2708333333.333333,0.0,0.0,0.0,0.0,0.0,0.0,0.0,0.0,15279454476.711994,0.0,29998171898.680504,9137674514128.516,0.0,0.0,0.0,0.0,0.0,0.0,0.0,345597234719.214,0.0
307,26,0.0,0.0,0.0,0.0,0.0,0.0,0.0,0.0,0.0,0.0,0.0,0.0,0.0,0.0,0.0,0.0,0.0,0.0,0.0,0.0,0.0,0.0,0.0,0.0,0.0,0.0,0.0,0.0,0.0,0.0,0.0,0.0,0.0,157768371281.79715,115199078239.73799,154455772080.19717,3312599201.5999956,2708333333.333333,0.0,0.0,0.0,0.0,0.0,0.0,0.0,0.0,15229457523.547527,0.0,30048168851.844967,9107626345276.672,0.0,0.0,0.0,0.0,0.0,0.0,0.0,345597234719.214,-1.4901161193847656e-08
308,26,0.0,0.0,0.0,0.0,0.0,0.0,0.0,0.0,0.0,0.0,0.0,0.0,0.0,0.0,0.0,0.0,0.0,0.0,0.0,0.0,0.0,0.0,0.0,0.0,0.0,0.0,0.0,0.0,0.0,0.0,0.0,0.0,0.0,157768371281.79715,115199078239.73799,154455772080.19717,3312599201.5999956,2708333333.333333,0.0,0.0,0.0,0.0,0.0,0.0,0.0,0.0,15179377242.127783,0.0,30098249133.264713,9077528096143.406,0.0,0.0,0.0,0.0,0.0,0.0,0.0,345597234719.214,0.0
309,26,0.0,0.0,0.0,0.0,0.0,0.0,0.0,0.0,0.0,0.0,0.0,0.0,0.0,0.0,0.0,0.0,0.0,0.0,0.0,0.0,0.0,0.0,0.0,0.0,0.0,0.0,0.0,0.0,0.0,0.0,0.0,0.0,0.0,157768371281.79715,115199078239.73799,154455772080.19717,3312599201.5999956,2708333333.333333,0.0,0.0,0.0,0.0,0.0,0.0,0.0,0.0,15129213493.572344,0.0,30148412881.820152,9047379683261.586,0.0,0.0,0.0,0.0,0.0,0.0,0.0,345597234719.214,1.4901161193847656e-08
310,26,0.0,0.0,0.0,0.0,0.0,0.0,0.0,0.0,0.0,0.0,0.0,0.0,0.0,0.0,0.0,0.0,0.0,0.0,0.0,0.0,0.0,0.0,0.0,0.0,0.0,0.0,0.0,0.0,0.0,0.0,0.0,0.0,0.0,157768371281.79715,115199078239.73799,154455772080.19717,3312599201.5999956,2708333333.333333,0.0,0.0,0.0,0.0,0.0,0.0,0.0,0.0,15078966138.76931,0.0,30198660236.623184,9017181023024.963,0.0,0.0,0.0,0.0,0.0,0.0,0.0,345597234719.214,0.0
311,26,0.0,0.0,0.0,0.0,0.0,0.0,0.0,0.0,0.0,0.0,0.0,0.0,0.0,0.0,0.0,0.0,0.0,0.0,0.0,0.0,0.0,0.0,0.0,0.0,0.0,0.0,0.0,0.0,0.0,0.0,0.0,0.0,0.0,157768371281.79715,115199078239.73799,154455772080.19717,3312599201.5999956,2708333333.333333,0.0,0.0,0.0,0.0,0.0,0.0,0.0,0.0,15028635038.374937,0.0,30248991337.017563,8986932031687.945,0.0,0.0,0.0,0.0,0.0,0.0,0.0,345597234719.214,-1.4901161193847656e-08
312,27,0.0,0.0,0.0,0.0,0.0,0.0,0.0,0.0,0.0,0.0,0.0,0.0,0.0,0.0,0.0,0.0,0.0,0.0,0.0,0.0,0.0,0.0,0.0,0.0,0.0,0.0,0.0,0.0,0.0,0.0,0.0,0.0,0.0,165491159885.80704,120959032151.72488,162178560684.20706,3312599201.5999956,2708333333.333333,0.0,0.0,0.0,0.0,0.0,0.0,0.0,0.0,14978220052.813242,0.0,14982379278.641531,8971949652409.303,0.0,0.0,0.0,0.0,0.0,17279861735.960705,0.0,362877096455.1747,0.0
313,27,0.0,0.0,0.0,0.0,0.0,0.0,0.0,0.0,0.0,0.0,0.0,0.0,0.0,0.0,0.0,0.0,0.0,0.0,0.0,0.0,0.0,0.0,0.0,0.0,0.0,0.0,0.0,0.0,0.0,0.0,0.0,0.0,0.0,165491159885.80704,120959032151.72488,162178560684.20706,3312599201.5999956,2708333333.333333,0.0,0.0,0.0,0.0,0.0,0.0,0.0,0.0,14953249420.68217,0.0,32287211646.733303,8939662440762.57,0.0,0.0,0.0,0.0,0.0,0.0,0.0,362877096455.1747,0.0
314,27,0.0,0.0,0.0,0.0,0.0,0.0,0.0,0.0,0.0,0.0,0.0,0.0,0.0,0.0,0.0,0.0,0.0,0.0,0.0,0.0,0.0,0.0,0.0,0.0,0.0,0.0,0.0,0.0,0.0,0.0,0.0,0.0,0.0,165491159885.80704,120959032151.72488,162178560684.20706,3312599201.5999956,2708333333.333333,0.0,0.0,0.0,0.0,0.0,0.0,0.0,0.0,14899437401.27095,0.0,32341023666.144527,8907321417096.426,0.0,0.0,0.0,0.0,0.0,0.0,0.0,362877096455.1747,0.0
315,27,0.0,0.0,0.0,0.0,0.0,0.0,0.0,0.0,0.0,0.0,0.0,0.0,0.0,0.0,0.0,0.0,0.0,0.0,0.0,0.0,0.0,0.0,0.0,0.0,0.0,0.0,0.0,0.0,0.0,0.0,0.0,0.0,0.0,165491159885.80704,120959032151.72488,162178560684.20706,3312599201.5999956,2708333333.333333,0.0,0.0,0.0,0.0,0.0,0.0,0.0,0.0,14845535695.16071,0.0,32394925372.25477,8874926491724.172,0.0,0.0,0.0,0.0,0.0,0.0,0.0,362877096455.1747,0.0
316,27,0.0,0.0,0.0,0.0,0.0,0.0,0.0,0.0,0.0,0.0,0.0,0.0,0.0,0.0,0.0,0.0,0.0,0.0,0.0,0.0,0.0,0.0,0.0,0.0,0.0,0.0,0.0,0.0,0.0,0.0,0.0,0.0,0.0,165491159885.80704,120959032151.72488,162178560684.20706,3312599201.5999956,2708333333.333333,0.0,0.0,0.0,0.0,0.0,0.0,0.0,0.0,14791544152.873617,0.0,32448916914.54186,8842477574809.629,0.0,0.0,0.0,0.0,0.0,0.0,0.0,362877096455.1747,0.0
317,27,0.0,0.0,0.0,0.0,0.0,0.0,0.0,0.0,0.0,0.0,0.0,0.0,0.0,0.0,0.0,0.0,0.0,0.0,0.0,0.0,0.0,0.0,0.0,0.0,0.0,0.0,0.0,0.0,0.0,0.0,0.0,0.0,0.0,165491159885.80704,120959032151.72488,162178560684.20706,3312599201.5999956,2708333333.333333,0.0,0.0,0.0,0.0,0.0,0.0,0.0,0.0,14737462624.682716,0.0,32502998442.732758,8809974576366.896,0.0,0.0,0.0,0.0,0.0,0.0,0.0,362877096455.1747,0.0
318,27,0.0,0.0,0.0,0.0,0.0,0.0,0.0,0.0,0.0,0.0,0.0,0.0,0.0,0.0,0.0,0.0,0.0,0.0,0.0,0.0,0.0,0.0,0.0,0.0,0.0,0.0,0.0,0.0,0.0,0.0,0.0,0.0,0.0,165491159885.80704,120959032151.72488,162178560684.20706,3312599201.5999956,2708333333.333333,0.0,0.0,0.0,0.0,0.0,0.0,0.0,0.0,14683290960.611494,0.0,32557170106.80398,8777417406260.093,0.0,0.0,0.0,0.0,0.0,0.0,0.0,362877096455.1747,0.0
319,27,0.0,0.0,0.0,0.0,0.0,0.0,0.0,0.0,0.0,0.0,0.0,0.0,0.0,0.0,0.0,0.0,0.0,0.0,0.0,0.0,0.0,0.0,0.0,0.0,0.0,0.0,0.0,0.0,0.0,0.0,0.0,0.0,0.0,165491159885.80704,120959032151.72488,162178560684.20706,3312599201.5999956,2708333333.333333,0.0,0.0,0.0,0.0,0.0,0.0,0.0,0.0,14629029010.433489,0.0,32611432056.98199,8744805974203.111,0.0,0.0,0.0,0.0,0.0,0.0,0.0,362877096455.1747,0.0
320,27,0.0,0.0,0.0,0.0,0.0,0.0,0.0,0.0,0.0,0.0,0.0,0.0,0.0,0.0,0.0,0.0,0.0,0.0,0.0,0.0,0.0,0.0,0.0,0.0,0.0,0.0,0.0,0.0,0.0,0.0,0.0,0.0,0.0,165491159885.80704,120959032151.72488,162178560684.20706,3312599201.5999956,2708333333.333333,0.0,0.0,0.0,0.0,0.0,0.0,0.0,0.0,14574676623.67185,0.0,32665784443.74362,8712140189759.367,0.0,0.0,0.0,0.0,0.0,0.0,0.0,362877096455.1747,0.0
321,27,0.0,0.0,0.0,0.0,0.0,0.0,0.0,0.0,0.0,0.0,0.0,0.0,0.0,0.0,0.0,0.0,0.0,0.0,0.0,0.0,0.0,0.0,0.0,0.0,0.0,0.0,0.0,0.0,0.0,0.0,0.0,0.0,0.0,165491159885.80704,120959032151.72488,162178560684.20706,3312599201.5999956,2708333333.333333,0.0,0.0,0.0,0.0,0.0,0.0,0.0,0.0,14520233649.598944,0.0,32720227417.816532,8679419962341.55,0.0,0.0,0.0,0.0,0.0,0.0,0.0,362877096455.1747,0.0
322,27,0.0,0.0,0.0,0.0,0.0,0.0,0.0,0.0,0.0,0.0,0.0,0.0,0.0,0.0,0.0,0.0,0.0,0.0,0.0,0.0,0.0,0.0,0.0,0.0,0.0,0.0,0.0,0.0,0.0,0.0,0.0,0.0,0.0,165491159885.80704,120959032151.72488,162178560684.20706,3312599201.5999956,2708333333.333333,0.0,0.0,0.0,0.0,0.0,0.0,0.0,0.0,14465699937.235916,0.0,32774761130.179558,8646645201211.371,0.0,0.0,0.0,0.0,0.0,0.0,0.0,362877096455.1747,0.0
323,27,0.0,0.0,0.0,0.0,0.0,0.0,0.0,0.0,0.0,0.0,0.0,0.0,0.0,0.0,0.0,0.0,0.0,0.0,0.0,0.0,0.0,0.0,0.0,0.0,0.0,0.0,0.0,0.0,0.0,0.0,0.0,0.0,0.0,165491159885.80704,120959032151.72488,162178560684.20706,3312599201.5999956,2708333333.333333,0.0,0.0,0.0,0.0,0.0,0.0,0.0,0.0,14411075335.352285,0.0,32829385732.06319,8613815815479.307,0.0,0.0,0.0,0.0,0.0,0.0,0.0,362877096455.1747,0.0
324,28,0.0,0.0,0.0,0.0,0.0,0.0,0.0,0.0,0.0,0.0,0.0,0.0,0.0,0.0,0.0,0.0,0.0,0.0,0.0,0.0,0.0,0.0,0.0,0.0,0.0,0.0,0.0,0.0,0.0,0.0,0.0,0.0,0.0,173600087920.0174,127006983759.31113,170287488718.4174,3312599201.5999956,2708333333.333333,0.0,0.0,0.0,0.0,0.0,0.0,0.0,0.0,14356359692.465513,0.0,16801222978.815464,8597014592500.491,0.0,0.0,0.0,0.0,0.0,18143854822.75863,0.0,381020951277.93335,0.0
325,28,0.0,0.0,0.0,0.0,0.0,0.0,0.0,0.0,0.0,0.0,0.0,0.0,0.0,0.0,0.0,0.0,0.0,0.0,0.0,0.0,0.0,0.0,0.0,0.0,0.0,0.0,0.0,0.0,0.0,0.0,0.0,0.0,0.0,173600087920.0174,127006983759.31113,170287488718.4174,3312599201.5999956,2708333333.333333,0.0,0.0,0.0,0.0,0.0,0.0,0.0,0.0,14328357654.167486,0.0,34973079839.87212,8562041512660.62,0.0,0.0,0.0,0.0,0.0,0.0,0.0,381020951277.93335,0.0
326,28,0.0,0.0,0.0,0.0,0.0,0.0,0.0,0.0,0.0,0.0,0.0,0.0,0.0,0.0,0.0,0.0,0.0,0.0,0.0,0.0,0.0,0.0,0.0,0.0,0.0,0.0,0.0,0.0,0.0,0.0,0.0,0.0,0.0,173600087920.0174,127006983759.31113,170287488718.4174,3312599201.5999956,2708333333.333333,0.0,0.0,0.0,0.0,0.0,0.0,0.0,0.0,14270069187.767698,0.0,35031368306.271904,8527010144354.349,0.0,0.0,0.0,0.0,0.0,0.0,0.0,381020951277.93335,0.0
327,28,0.0,0.0,0.0,0.0,0.0,0.0,0.0,0.0,0.0,0.0,0.0,0.0,0.0,0.0,0.0,0.0,0.0,0.0,0.0,0.0,0.0,0.0,0.0,0.0,0.0,0.0,0.0,0.0,0.0,0.0,0.0,0.0,0.0,173600087920.0174,127006983759.31113,170287488718.4174,3312599201.5999956,2708333333.333333,0.0,0.0,0.0,0.0,0.0,0.0,0.0,0.0,14211683573.923914,0.0,35089753920.11569,8491920390434.232,0.0,0.0,0.0,0.0,0.0,0.0,0.0,381020951277.93335,0.0
328,28,0.0,0.0,0.0,0.0,0.0,0.0,0.0,0.0,0.0,0.0,0.0,0.0,0.0,0.0,0.0,0.0,0.0,0.0,0.0,0.0,0.0,0.0,0.0,0.0,0.0,0.0,0.0,0.0,0.0,0.0,0.0,0.0,0.0,173600087920.0174,157310670275.17258,170287488718.4174,3312599201.5999956,2708333333.333333,0.0,0.0,0.0,0.0,0.0,0.0,0.0,86571509693.34113,14225343575.468172,432857548.4667056,0.0,8578491900127.573,0.0,0.0,0.0,0.0,0.0,90911059547.5844,0.0,471932010825.5177,0.0
329,28,0.0,0.0,0.0,0.0,0.0,0.0,0.0,0.0,0.0,0.0,0.0,0.0,0.0,0.0,0.0,0.0,0.0,0.0,0.0,0.0,0.0,0.0,0.0,0.0,0.0,0.0,0.0,0.0,0.0,0.0,0.0,0.0,0.0,173600087920.0174,127006983759.31113,170287488718.4174,3312599201.5999956,2708333333.333333,0.0,0.0,0.0,0.0,0.0,0.0,0.0,0.0,14297486500.212622,0.0,125915010541.41138,8452576889586.162,0.0,0.0,0.0,0.0,0.0,0.0,90911059547.5844,381020951277.93335,0.0
330,28,0.0,0.0,0.0,0.0,0.0,0.0,0.0,0.0,0.0,0.0,0.0,0.0,0.0,0.0,0.0,0.0,0.0,0.0,0.0,0.0,0.0,0.0,0.0,0.0,0.0,0.0,0.0,0.0,0.0,0.0,0.0,0.0,0.0,173600087920.0174,127006983759.31113,170287488718.4174,3312599201.5999956,2708333333.333333,0.0,0.0,0.0,0.0,0.0,0.0,0.0,0.0,14087628149.31027,0.0,35213809344.72933,8417363080241.433,0.0,0.0,0.0,0.0,0.0,0.0,0.0,381020951277.93335,0.0
331,28,0.0,0.0,0.0,0.0,0.0,0.0,0.0,0.0,0.0,0.0,0.0,0.0,0.0,0.0,0.0,0.0,0.0,0.0,0.0,0.0,0.0,0.0,0.0,0.0,0.0,0.0,0.0,0.0,0.0,0.0,0.0,0.0,0.0,173600087920.0174,127006983759.31113,170287488718.4174,3312599201.5999956,2708333333.333333,0.0,0.0,0.0,0.0,0.0,0.0,0.0,0.0,14028938467.069054,0.0,35272499026.97055,8382090581214.462,0.0,0.0,0.0,0.0,0.0,0.0,0.0,381020951277.93335,0.0
332,28,0.0,0.0,0.0,0.0,0.0,0.0,0.0,0.0,0.0,0.0,0.0,0.0,0.0,0.0,0.0,0.0,0.0,0.0,0.0,0.0,0.0,0.0,0.0,0.0,0.0,0.0,0.0,0.0,0.0,0.0,0.0,0.0,0.0,173600087920.0174,127006983759.31113,170287488718.4174,3312599201.5999956,2708333333.333333,0.0,0.0,0.0,0.0,0.0,0.0,0.0,0.0,13970150968.690771,0.0,35331286525.34884,8346759294689.112,0.0,0.0,0.0,0.0,0.0,0.0,0.0,381020951277.93335,0.0
333,28,0.0,0.0,0.0,0.0,0.0,0.0,0.0,0.0,0.0,0.0,0.0,0.0,0.0,0.0,0.0,0.0,0.0,0.0,0.0,0.0,0.0,0.0,0.0,0.0,0.0,0.0,0.0,0.0,0.0,0.0,0.0,0.0,0.0,173600087920.0174,156019631635.51584,170287488718.4174,3312599201.5999956,2708333333.333333,0.0,0.0,0.0,0.0,0.0,0.0,0.0,81133699415.18303,13978876907.327839,405668497.07591516,0.0,8427892994104.296,0.0,0.0,0.0,0.0,9.685754776000977e-06,87037943628.61418,0.0,468058894906.5475,2.2351741790771484e-08
334,28,0.0,0.0,0.0,0.0,0.0,0.0,0.0,0.0,0.0,0.0,0.0,0.0,0.0,0.0,0.0,0.0,0.0,0.0,0.0,0.0,0.0,0.0,0.0,0.0,0.0,0.0,0.0,0.0,0.0,0.0,0.0,0.0,0.0,173600087920.0174,127006983759.31113,170287488718.4174,3312599201.5999956,2708333333.333333,0.0,0.0,0.0,0.0,0.0,0.0,0.0,0.0,14046488323.50716,0.0,122292892799.14662,8305600101305.149,0.0,0.0,0.0,0.0,0.0,0.0,87037943628.61418,381020951277.93335,0.0
335,28,0.0,0.0,0.0,0.0,0.0,0.0,0.0,0.0,0.0,0.0,0.0,0.0,0.0,0.0,0.0,0.0,0.0,0.0,0.0,0.0,0.0,0.0,0.0,0.0,0.0,0.0,0.0,0.0,0.0,0.0,0.0,0.0,0.0,173600087920.0174,127006983759.31113,170287488718.4174,3312599201.5999956,2708333333.333333,0.0,0.0,0.0,0.0,0.0,0.0,0.0,0.0,13842666835.508581,0.0,35458770658.53103,8270141330646.619,0.0,0.0,0.0,0.0,0.0,0.0,0.0,381020951277.93335,0.0
336,29,0.0,0.0,0.0,0.0,0.0,0.0,0.0,0.0,0.0,0.0,0.0,0.0,0.0,0.0,0.0,0.0,0.0,0.0,0.0,0.0,0.0,0.0,0.0,0.0,0.0,0.0,0.0,0.0,0.0,0.0,0.0,0.0,0.0,182114462355.93826,133357332947.27669,178801863154.33826,3312599201.5999956,2708333333.333333,0.0,0.0,0.0,0.0,0.0,0.0,0.0,0.0,13783568884.411032,0.0,18630846293.68711,8251510484352.932,0.0,0.0,0.0,0.0,0.0,19051047563.896774,0.0,400071998841.83014,0.0
337,29,0.0,0.0,0.0,0.0,0.0,0.0,0.0,0.0,0.0,0.0,0.0,0.0,0.0,0.0,0.0,0.0,0.0,0.0,0.0,0.0,0.0,0.0,0.0,0.0,0.0,0.0,0.0,0.0,0.0,0.0,0.0,0.0,0.0,182114462355.93826,133357332947.27669,178801863154.33826,3312599201.5999956,2708333333.333333,0.0,0.0,0.0,0.0,0.0,0.0,0.0,0.0,13752517473.921555,0.0,37712945268.073364,8213797539084.859,0.0,0.0,0.0,0.0,0.0,0.0,0.0,400071998841.83014,0.0
338,29,0.0,0.0,0.0,0.0,0.0,0.0,0.0,0.0,0.0,0.0,0.0,0.0,0.0,0.0,0.0,0.0,0.0,0.0,0.0,0.0,0.0,0.0,0.0,0.0,0.0,0.0,0.0,0.0,0.0,0.0,0.0,0.0,0.0,182114462355.93826,165278365202.69067,178801863154.33826,3312599201.5999956,2708333333.333333,0.0,0.0,0.0,0.0,0.0,0.0,0.0,90435871428.1332,13765025791.331541,452179357.14066595,0.0,8304233410512.991,0.0,0.0,0.0,0.0,0.0,95763096766.24191,0.0,495835095608.072,2.9802322387695312e-08
339,29,0.0,0.0,0.0,0.0,0.0,0.0,0.0,0.0,0.0,0.0,0.0,0.0,0.0,0.0,0.0,0.0,0.0,0.0,0.0,0.0,0.0,0.0,0.0,0.0,0.0,0.0,0.0,0.0,0.0,0.0,0.0,0.0,0.0,182114462355.93826,133357332947.27669,178801863154.33826,3312599201.5999956,2708333333.333333,0.0,0.0,0.0,0.0,0.0,0.0,0.0,0.0,13840389017.521652,0.0,133388170490.71518,8170845240022.276,0.0,0.0,0.0,0.0,0.0,0.0,95763096766.24191,400071998841.83014,0.0
340,29,0.0,0.0,0.0,0.0,0.0,0.0,0.0,0.0,0.0,0.0,0.0,0.0,0.0,0.0,0.0,0.0,0.0,0.0,0.0,0.0,0.0,0.0,0.0,0.0,0.0,0.0,0.0,0.0,0.0,0.0,0.0,0.0,0.0,182114462355.93826,133357332947.27669,178801863154.33826,3312599201.5999956,2708333333.333333,0.0,0.0,0.0,0.0,0.0,0.0,0.0,0.0,13618075400.037128,0.0,37847387341.957794,8132997852680.318,0.0,0.0,0.0,0.0,0.0,0.0,0.0,400071998841.83014,0.0
341,29,0.0,0.0,0.0,0.0,0.0,0.0,0.0,0.0,0.0,0.0,0.0,0.0,0.0,0.0,0.0,0.0,0.0,0.0,0.0,0.0,0.0,0.0,0.0,0.0,0.0,0.0,0.0,0.0,0.0,0.0,0.0,0.0,0.0,182114462355.93826,133357332947.27669,178801863154.33826,3312599201.5999956,2708333333.333333,0.0,0.0,0.0,0.0,0.0,0.0,0.0,0.0,13554996421.133865,0.0,37910466320.86105,8095087386359.457,0.0,0.0,0.0,0.0,0.0,0.0,0.0,400071998841.83014,0.0
342,29,0.0,0.0,0.0,0.0,0.0,0.0,0.0,0.0,0.0,0.0,0.0,0.0,0.0,0.0,0.0,0.0,0.0,0.0,0.0,0.0,0.0,0.0,0.0,0.0,0.0,0.0,0.0,0.0,0.0,0.0,0.0,0.0,0.0,182114462355.93826,133357332947.27669,178801863154.33826,3312599201.5999956,2708333333.333333,0.0,0.0,0.0,0.0,0.0,0.0,0.0,0.0,13491812310.599094,0.0,37973650431.39582,8057113735928.061,0.0,0.0,0.0,0.0,0.0,0.0,0.0,400071998841.83014,0.0
343,29,0.0,0.0,0.0,0.0,0.0,0.0,0.0,0.0,0.0,0.0,0.0,0.0,0.0,0.0,0.0,0.0,0.0,0.0,0.0,0.0,0.0,0.0,0.0,0.0,0.0,0.0,0.0,0.0,0.0,0.0,0.0,0.0,0.0,182114462355.93826,160398313969.71866,178801863154.33826,3312599201.5999956,2708333333.333333,0.0,0.0,0.0,0.0,0.0,0.0,0.0,70538458582.71886,13487304942.032366,352692292.9135943,0.0,8127652194510.779,0.0,0.0,0.0,0.0,9.685754776000977e-06,81122943067.32585,0.0,481194941909.15594,-7.450580596923828e-09
344,29,0.0,0.0,0.0,0.0,0.0,0.0,0.0,0.0,0.0,0.0,0.0,0.0,0.0,0.0,0.0,0.0,0.0,0.0,0.0,0.0,0.0,0.0,0.0,0.0,0.0,0.0,0.0,0.0,0.0,0.0,0.0,0.0,0.0,182114462355.93826,133357332947.27669,178801863154.33826,3312599201.5999956,2708333333.333333,0.0,0.0,0.0,0.0,0.0,0.0,0.0,0.0,13546086990.8513,0.0,119042318818.46945,8008609875692.31,0.0,0.0,0.0,0.0,0.0,0.0,81122943067.32585,400071998841.83014,0.0
345,29,0.0,0.0,0.0,0.0,0.0,0.0,0.0,0.0,0.0,0.0,0.0,0.0,0.0,0.0,0.0,0.0,0.0,0.0,0.0,0.0,0.0,0.0,0.0,0.0,0.0,0.0,0.0,0.0,0.0,0.0,0.0,0.0,0.0,182114462355.93826,133357332947.27669,178801863154.33826,3312599201.5999956,2708333333.333333,0.0,0.0,0.0,0.0,0.0,0.0,0.0,0.0,13347683126.153847,0.0,38117779615.841064,7970492096076.468,0.0,0.0,0.0,0.0,0.0,0.0,0.0,400071998841.83014,0.0
346,29,0.0,0.0,0.0,0.0,0.0,0.0,0.0,0.0,0.0,0.0,0.0,0.0,0.0,0.0,0.0,0.0,0.0,0.0,0.0,0.0,0.0,0.0,0.0,0.0,0.0,0.0,0.0,0.0,0.0,0.0,0.0,0.0,0.0,182114462355.93826,133357332947.27669,178801863154.33826,3312599201.5999956,2708333333.333333,0.0,0.0,0.0,0.0,0.0,0.0,0.0,0.0,13284153493.46078,0.0,38181309248.53414,7932310786827.934,0.0,0.0,0.0,0.0,0.0,0.0,0.0,400071998841.83014,0.0
347,29,0.0,0.0,0.0,0.0,0.0,0.0,0.0,0.0,0.0,0.0,0.0,0.0,0.0,0.0,0.0,0.0,0.0,0.0,0.0,0.0,0.0,0.0,0.0,0.0,0.0,0.0,0.0,0.0,0.0,0.0,0.0,0.0,0.0,182114462355.93826,161154437766.5696,178801863154.33826,3312599201.5999956,2708333333.333333,0.0,0.0,0.0,0.0,0.0,0.0,0.0,73371474782.78958,13281660873.698881,366857373.9139479,0.0,8005682261610.723,0.0,0.0,0.0,0.0,0.0,83391314457.87874,0.0,483463313299.70886,0.0
348,30,0.0,0.0,0.0,0.0,0.0,0.0,0.0,0.0,0.0,0.0,0.0,0.0,0.0,0.0,0.0,0.0,0.0,0.0,0.0,0.0,0.0,0.0,0.0,0.0,0.0,0.0,0.0,0.0,0.0,0.0,0.0,0.0,0.0,191054555513.65518,140025199594.64056,187741956312.0552,3312599201.5999956,2708333333.333333,0.0,0.0,0.0,0.0,0.0,0.0,0.0,0.0,13342803769.351206,0.0,103782599998.78398,7901899661611.939,0.0,0.0,0.0,0.0,0.0,0.0,63387714515.78721,420075598783.92163,0.0
349,30,0.0,0.0,0.0,0.0,0.0,0.0,0.0,0.0,0.0,0.0,0.0,0.0,0.0,0.0,0.0,0.0,0.0,0.0,0.0,0.0,0.0,0.0,0.0,0.0,0.0,0.0,0.0,0.0,0.0,0.0,0.0,0.0,0.0,191054555513.65518,140025199594.64056,187741956312.0552,3312599201.5999956,2708333333.333333,0.0,0.0,0.0,0.0,0.0,0.0,0.0,0.0,13169832769.353233,0.0,40567856482.99474,7861331805128.944,0.0,0.0,0.0,0.0,0.0,0.0,0.0,420075598783.92163,0.0
350,30,0.0,0.0,0.0,0.0,0.0,0.0,0.0,0.0,0.0,0.0,0.0,0.0,0.0,0.0,0.0,0.0,0.0,0.0,0.0,0.0,0.0,0.0,0.0,0.0,0.0,0.0,0.0,0.0,0.0,0.0,0.0,0.0,0.0,191054555513.65518,140025199594.64056,187741956312.0552,3312599201.5999956,2708333333.333333,0.0,0.0,0.0,0.0,0.0,0.0,0.0,0.0,13102219675.214909,0.0,40635469577.13307,7820696335551.812,0.0,0.0,0.0,0.0,0.0,0.0,0.0,420075598783.92163,0.0
351,30,0.0,0.0,0.0,0.0,0.0,0.0,0.0,0.0,0.0,0.0,0.0,0.0,0.0,0.0,0.0,0.0,0.0,0.0,0.0,0.0,0.0,0.0,0.0,0.0,0.0,0.0,0.0,0.0,0.0,0.0,0.0,0.0,0.0,191054555513.65518,140025199594.64056,187741956312.0552,3312599201.5999956,2708333333.333333,0.0,0.0,0.0,0.0,0.0,0.0,0.0,0.0,13034493892.586355,0.0,40703195359.76162,7779993140192.05,0.0,0.0,0.0,0.0,0.0,0.0,0.0,420075598783.92163,0.0
352,30,0.0,0.0,0.0,0.0,0.0,0.0,0.0,0.0,0.0,0.0,0.0,0.0,0.0,0.0,0.0,0.0,0.0,0.0,0.0,0.0,0.0,0.0,0.0,0.0,0.0,0.0,0.0,0.0,0.0,0.0,0.0,0.0,0.0,191054555513.65518,140025199594.64056,187741956312.0552,3312599201.5999956,2708333333.333333,0.0,0.0,0.0,0.0,0.0,0.0,0.0,0.0,12966655233.653418,0.0,40771034018.694565,7739222106173.3545,0.0,0.0,0.0,0.0,0.0,0.0,0.0,420075598783.92163,0.0
353,30,0.0,0.0,0.0,0.0,0.0,0.0,0.0,0.0,0.0,0.0,0.0,0.0,0.0,0.0,0.0,0.0,0.0,0.0,0.0,0.0,0.0,0.0,0.0,0.0,0.0,0.0,0.0,0.0,0.0,0.0,0.0,0.0,0.0,191054555513.65518,176526835821.24933,187741956312.0552,3312599201.5999956,2708333333.333333,0.0,0.0,0.0,0.0,0.0,0.0,0.0,105784636208.92813,12986857373.796362,528923181.04464066,0.0,7845006742382.283,0.0,0.0,0.0,0.0,0.0,109504908679.82634,0.0,529580507463.748,0.0
354,30,0.0,0.0,0.0,0.0,0.0,0.0,0.0,0.0,0.0,0.0,0.0,0.0,0.0,0.0,0.0,0.0,0.0,0.0,0.0,0.0,0.0,0.0,0.0,0.0,0.0,0.0,0.0,0.0,0.0,0.0,0.0,0.0,0.0,191054555513.65518,140025199594.64056,187741956312.0552,3312599201.5999956,2708333333.333333,0.0,0.0,0.0,0.0,0.0,0.0,0.0,0.0,13075011237.303804,0.0,150167586694.8705,7694839155687.412,0.0,0.0,0.0,0.0,0.0,0.0,109504908679.82634,420075598783.92163,0.0
355,30,0.0,0.0,0.0,0.0,0.0,0.0,0.0,0.0,0.0,0.0,0.0,0.0,0.0,0.0,0.0,0.0,0.0,0.0,0.0,0.0,0.0,0.0,0.0,0.0,0.0,0.0,0.0,0.0,0.0,0.0,0.0,0.0,0.0,191054555513.65518,140025199594.64056,187741956312.0552,3312599201.5999956,2708333333.333333,0.0,0.0,0.0,0.0,0.0,0.0,0.0,0.0,12824731926.145687,0.0,40912957326.20229,7653926198361.21,0.0,0.0,0.0,0.0,0.0,0.0,0.0,420075598783.92163,0.0
356,30,0.0,0.0,0.0,0.0,0.0,0.0,0.0,0.0,0.0,0.0,0.0,0.0,0.0,0.0,0.0,0.0,0.0,0.0,0.0,0.0,0.0,0.0,0.0,0.0,0.0,0.0,0.0,0.0,0.0,0.0,0.0,0.0,0.0,191054555513.65518,140025199594.64056,187741956312.0552,3312599201.5999956,2708333333.333333,0.0,0.0,0.0,0.0,0.0,0.0,0.0,0.0,12756543663.93535,0.0,40981145588.41263,7612945052772.797,0.0,0.0,0.0,0.0,0.0,0.0,0.0,420075598783.92163,0.0
357,30,0.0,0.0,0.0,0.0,0.0,0.0,0.0,0.0,0.0,0.0,0.0,0.0,0.0,0.0,0.0,0.0,0.0,0.0,0.0,0.0,0.0,0.0,0.0,0.0,0.0,0.0,0.0,0.0,0.0,0.0,0.0,0.0,0.0,191054555513.65518,164681417063.18396,187741956312.0552,3312599201.5999956,2708333333.333333,0.0,0.0,0.0,0.0,0.0,0.0,0.0,57913249666.16632,12736502796.0098,289566248.33083165,0.0,7670858302438.963,0.0,0.0,0.0,0.0,0.0,73968652405.63026,0.0,494044251189.5519,2.9802322387695312e-08
358,30,0.0,0.0,0.0,0.0,0.0,0.0,0.0,0.0,0.0,0.0,0.0,0.0,0.0,0.0,0.0,0.0,0.0,0.0,0.0,0.0,0.0,0.0,0.0,0.0,0.0,0.0,0.0,0.0,0.0,0.0,0.0,0.0,0.0,191054555513.65518,140025199594.64056,187741956312.0552,3312599201.5999956,2708333333.333333,0.0,0.0,0.0,0.0,0.0,0.0,0.0,0.0,12784763837.398273,0.0,114921577820.57997,7555936724618.383,0.0,0.0,0.0,0.0,0.0,0.0,73968652405.63026,420075598783.92163,0.0
359,30,0.0,0.0,0.0,0.0,0.0,0.0,0.0,0.0,0.0,0.0,0.0,0.0,0.0,0.0,0.0,0.0,0.0,0.0,0.0,0.0,0.0,0.0,0.0,0.0,0.0,0.0,0.0,0.0,0.0,0.0,0.0,0.0,0.0,191054555513.65518,140025199594.64056,187741956312.0552,3312599201.5999956,2708333333.333333,0.0,0.0,0.0,0.0,0.0,0.0,0.0,0.0,12593227874.363974,0.0,41144461377.984,7514792263240.399,0.0,0.0,0.0,0.0,0.0,0.0,0.0,420075598783.92163,0.0
360,31,0.0,0.0,0.0,0.0,0.0,0.0,0.0,0.0,0.0,0.0,0.0,0.0,0.0,0.0,0.0,0.0,0.0,0.0,0.0,0.0,0.0,0.0,0.0,0.0,0.0,0.0,0.0,0.0,0.0,0.0,0.0,0.0,0.0,200441653329.25797,147026459574.3726,197129054127.658,3312599201.5999956,2708333333.333333,0.0,0.0,0.0,0.0,0.0,0.0,0.0,0.0,12524653772.067333,0.0,22595093376.955307,7492197169863.444,0.0,0.0,0.0,0.0,0.0,21003779939.1961,0.0,441079378723.11774,0.0
361,31,0.0,0.0,0.0,0.0,0.0,0.0,0.0,0.0,0.0,0.0,0.0,0.0,0.0,0.0,0.0,0.0,0.0,0.0,0.0,0.0,0.0,0.0,0.0,0.0,0.0,0.0,0.0,0.0,0.0,0.0,0.0,0.0,0.0,200441653329.25797,147026459574.3726,197129054127.658,3312599201.5999956,2708333333.333333,0.0,0.0,0.0,0.0,0.0,0.0,0.0,0.0,12486995283.105742,0.0,43636531805.113,7448560638058.331,0.0,0.0,0.0,0.0,0.0,0.0,0.0,441079378723.11774,0.0
362,31,0.0,0.0,0.0,0.0,0.0,0.0,0.0,0.0,0.0,0.0,0.0,0.0,0.0,0.0,0.0,0.0,0.0,0.0,0.0,0.0,0.0,0.0,0.0,0.0,0.0,0.0,0.0,0.0,0.0,0.0,0.0,0.0,0.0,200441653329.25797,182219397635.96643,197129054127.658,3312599201.5999956,2708333333.333333,0.0,0.0,0.0,0.0,0.0,0.0,0.0,97632012963.8765,12495627740.900448,488160064.8193824,0.0,7546192651022.208,0.0,0.0,0.0,0.0,0.0,105578814184.78156,0.0,546658192907.8993,2.9802322387695312e-08
363,31,0.0,0.0,0.0,0.0,0.0,0.0,0.0,0.0,0.0,0.0,0.0,0.0,0.0,0.0,0.0,0.0,0.0,0.0,0.0,0.0,0.0,0.0,0.0,0.0,0.0,0.0,0.0,0.0,0.0,0.0,0.0,0.0,0.0,200441653329.25797,147026459574.3726,197129054127.658,3312599201.5999956,2708333333.333333,0.0,0.0,0.0,0.0,0.0,0.0,0.0,0.0,12576987751.703682,0.0,149125353521.2966,7397067297500.911,0.0,0.0,0.0,0.0,0.0,0.0,105578814184.78156,441079378723.11774,0.0
364,31,0.0,0.0,0.0,0.0,0.0,0.0,0.0,0.0,0.0,0.0,0.0,0.0,0.0,0.0,0.0,0.0,0.0,0.0,0.0,0.0,0.0,0.0,0.0,0.0,0.0,0.0,0.0,0.0,0.0,0.0,0.0,0.0,0.0,200441653329.25797,147026459574.3726,197129054127.658,3312599201.5999956,2708333333.333333,0.0,0.0,0.0,0.0,0.0,0.0,0.0,0.0,12328445495.834852,0.0,43795081592.38388,7353272215908.527,0.0,0.0,0.0,0.0,0.0,0.0,0.0,441079378723.11774,0.0
365,31,0.0,0.0,0.0,0.0,0.0,0.0,0.0,0.0,0.0,0.0,0.0,0.0,0.0,0.0,0.0,0.0,0.0,0.0,0.0,0.0,0.0,0.0,0.0,0.0,0.0,0.0,0.0,0.0,0.0,0.0,0.0,0.0,0.0,200441653329.25797,164347187918.44125,197129054127.658,3312599201.5999956,2708333333.333333,0.0,0.0,0.0,0.0,0.0,0.0,0.0,25563963099.31619,12276756995.763641,127819815.49658096,0.0,7378836179007.843,0.0,0.0,0.0,0.0,4.842877388000488e-06,51962185032.206024,0.0,493041563755.3238,-3.725290298461914e-09
366,31,0.0,0.0,0.0,0.0,0.0,0.0,0.0,0.0,0.0,0.0,0.0,0.0,0.0,0.0,0.0,0.0,0.0,0.0,0.0,0.0,0.0,0.0,0.0,0.0,0.0,0.0,0.0,0.0,0.0,0.0,0.0,0.0,0.0,200441653329.25797,147026459574.3726,197129054127.658,3312599201.5999956,2708333333.333333,0.0,0.0,0.0,0.0,0.0,0.0,0.0,0.0,12298060298.346407,0.0,95787651822.07837,7283048527185.765,0.0,0.0,0.0,0.0,0.0,0.0,51962185032.206024,441079378723.11774,0.0
367,31,0.0,0.0,0.0,0.0,0.0,0.0,0.0,0.0,0.0,0.0,0.0,0.0,0.0,0.0,0.0,0.0,0.0,0.0,0.0,0.0,0.0,0.0,0.0,0.0,0.0,0.0,0.0,0.0,0.0,0.0,0.0,0.0,0.0,200441653329.25797,147026459574.3726,197129054127.658,3312599201.5999956,2708333333.333333,0.0,0.0,0.0,0.0,0.0,0.0,0.0,0.0,12138414211.976273,0.0,43985112876.24246,7239063414309.522,0.0,0.0,0.0,0.0,0.0,0.0,0.0,441079378723.11774,0.0
368,31,0.0,0.0,0.0,0.0,0.0,0.0,0.0,0.0,0.0,0.0,0.0,0.0,0.0,0.0,0.0,0.0,0.0,0.0,0.0,0.0,0.0,0.0,0.0,0.0,0.0,0.0,0.0,0.0,0.0,0.0,0.0,0.0,0.0,200441653329.25797,147026459574.3726,197129054127.658,3312599201.5999956,2708333333.333333,0.0,0.0,0.0,0.0,0.0,0.0,0.0,0.0,12065105690.515871,0.0,44058421397.702866,7195004992911.819,0.0,0.0,0.0,0.0,0.0,0.0,0.0,441079378723.11774,0.0
369,31,0.0,0.0,0.0,0.0,0.0,0.0,0.0,0.0,0.0,0.0,0.0,0.0,0.0,0.0,0.0,0.0,0.0,0.0,0.0,0.0,0.0,0.0,0.0,0.0,0.0,0.0,0.0,0.0,0.0,0.0,0.0,0.0,0.0,200441653329.25797,147026459574.3726,197129054127.658,3312599201.5999956,2708333333.333333,0.0,0.0,0.0,0.0,0.0,0.0,0.0,0.0,11991674988.186363,0.0,44131852100.03238,7150873140811.787,0.0,0.0,0.0,0.0,0.0,0.0,0.0,441079378723.11774,0.0
370,31,0.0,0.0,0.0,0.0,0.0,0.0,0.0,0.0,0.0,0.0,0.0,0.0,0.0,0.0,0.0,0.0,0.0,0.0,0.0,0.0,0.0,0.0,0.0,0.0,0.0,0.0,0.0,0.0,0.0,0.0,0.0,0.0,0.0,200441653329.25797,147026459574.3726,197129054127.658,3312599201.5999956,2708333333.333333,0.0,0.0,0.0,0.0,0.0,0.0,0.0,0.0,11918121901.352978,0.0,44205405186.86576,7106667735624.92,0.0,0.0,0.0,0.0,0.0,0.0,0.0,441079378723.11774,0.0
371,31,0.0,0.0,0.0,0.0,0.0,0.0,0.0,0.0,0.0,0.0,0.0,0.0,0.0,0.0,0.0,0.0,0.0,0.0,0.0,0.0,0.0,0.0,0.0,0.0,0.0,0.0,0.0,0.0,0.0,0.0,0.0,0.0,0.0,200441653329.25797,147026459574.3726,197129054127.658,3312599201.5999956,2708333333.333333,0.0,0.0,0.0,0.0,0.0,0.0,0.0,0.0,11844446226.041534,0.0,44279080862.17721,7062388654762.744,0.0,0.0,0.0,0.0,0.0,0.0,0.0,441079378723.11774,0.0
372,32,0.0,0.0,0.0,0.0,0.0,0.0,0.0,0.0,0.0,0.0,0.0,0.0,0.0,0.0,0.0,0.0,0.0,0.0,0.0,0.0,0.0,0.0,0.0,0.0,0.0,0.0,0.0,0.0,0.0,0.0,0.0,0.0,0.0,210298106035.64087,154377782553.09122,206985506834.0409,3312599201.5999956,2708333333.333333,0.0,0.0,0.0,0.0,0.0,0.0,0.0,0.0,11770647757.937906,0.0,24804040121.789223,7037584614640.954,0.0,0.0,0.0,0.0,0.0,22053968936.15588,0.0,463133347659.2736,0.0
373,32,0.0,0.0,0.0,0.0,0.0,0.0,0.0,0.0,0.0,0.0,0.0,0.0,0.0,0.0,0.0,0.0,0.0,0.0,0.0,0.0,0.0,0.0,0.0,0.0,0.0,0.0,0.0,0.0,0.0,0.0,0.0,0.0,0.0,210298106035.64087,154377782553.09122,206985506834.0409,3312599201.5999956,2708333333.333333,0.0,0.0,0.0,0.0,0.0,0.0,0.0,0.0,11729307691.068258,0.0,46899349124.81475,6990685265516.14,0.0,0.0,0.0,0.0,0.0,0.0,0.0,463133347659.2736,0.0
374,32,0.0,0.0,0.0,0.0,0.0,0.0,0.0,0.0,0.0,0.0,0.0,0.0,0.0,0.0,0.0,0.0,0.0,0.0,0.0,0.0,0.0,0.0,0.0,0.0,0.0,0.0,0.0,0.0,0.0,0.0,0.0,0.0,0.0,210298106035.64087,154377782553.09122,206985506834.0409,3312599201.5999956,2708333333.333333,0.0,0.0,0.0,0.0,0.0,0.0,0.0,0.0,11651142109.193565,0.0,46977514706.689445,6943707750809.449,0.0,0.0,0.0,0.0,0.0,0.0,0.0,463133347659.2736,0.0
375,32,0.0,0.0,0.0,0.0,0.0,0.0,0.0,0.0,0.0,0.0,0.0,0.0,0.0,0.0,0.0,0.0,0.0,0.0,0.0,0.0,0.0,0.0,0.0,0.0,0.0,0.0,0.0,0.0,0.0,0.0,0.0,0.0,0.0,210298106035.64087,154377782553.09122,206985506834.0409,3312599201.5999956,2708333333.333333,0.0,0.0,0.0,0.0,0.0,0.0,0.0,0.0,11572846251.349083,0.0,47055810564.53392,6896651940244.915,0.0,0.0,0.0,0.0,0.0,0.0,0.0,463133347659.2736,0.0
376,32,0.0,0.0,0.0,0.0,0.0,0.0,0.0,0.0,0.0,0.0,0.0,0.0,0.0,0.0,0.0,0.0,0.0,0.0,0.0,0.0,0.0,0.0,0.0,0.0,0.0,0.0,0.0,0.0,0.0,0.0,0.0,0.0,0.0,210298106035.64087,154377782553.09122,206985506834.0409,3312599201.5999956,2708333333.333333,0.0,0.0,0.0,0.0,0.0,0.0,0.0,0.0,11494419900.408192,0.0,47134236915.47482,6849517703329.439,0.0,0.0,0.0,0.0,0.0,0.0,0.0,463133347659.2736,0.0
377,32,0.0,0.0,0.0,0.0,0.0,0.0,0.0,0.0,0.0,0.0,0.0,0.0,0.0,0.0,0.0,0.0,0.0,0.0,0.0,0.0,0.0,0.0,0.0,0.0,0.0,0.0,0.0,0.0,0.0,0.0,0.0,0.0,0.0,210298106035.64087,154377782553.09122,206985506834.0409,3312599201.5999956,2708333333.333333,0.0,0.0,0.0,0.0,0.0,0.0,0.0,0.0,11415862838.8824,0.0,47212793977.0006,6802304909352.439,0.0,0.0,0.0,0.0,0.0,0.0,0.0,463133347659.2736,0.0
378,32,0.0,0.0,0.0,0.0,0.0,0.0,0.0,0.0,0.0,0.0,0.0,0.0,0.0,0.0,0.0,0.0,0.0,0.0,0.0,0.0,0.0,0.0,0.0,0.0,0.0,0.0,0.0,0.0,0.0,0.0,0.0,0.0,0.0,210298106035.64087,154377782553.09122,206985506834.0409,3312599201.5999956,2708333333.333333,0.0,0.0,0.0,0.0,0.0,0.0,0.0,0.0,11337174848.920732,0.0,47291481966.96227,6755013427385.477,0.0,0.0,0.0,0.0,0.0,0.0,0.0,463133347659.2736,0.0
379,32,0.0,0.0,0.0,0.0,0.0,0.0,0.0,0.0,0.0,0.0,0.0,0.0,0.0,0.0,0.0,0.0,0.0,0.0,0.0,0.0,0.0,0.0,0.0,0.0,0.0,0.0,0.0,0.0,0.0,0.0,0.0,0.0,0.0,210298106035.64087,154377782553.09122,206985506834.0409,3312599201.5999956,2708333333.333333,0.0,0.0,0.0,0.0,0.0,0.0,0.0,0.0,11258355712.309128,0.0,47370301103.573875,6707643126281.903,0.0,0.0,0.0,0.0,0.0,0.0,0.0,463133347659.2736,0.0
380,32,0.0,0.0,0.0,0.0,0.0,0.0,0.0,0.0,0.0,0.0,0.0,0.0,0.0,0.0,0.0,0.0,0.0,0.0,0.0,0.0,0.0,0.0,0.0,0.0,0.0,0.0,0.0,0.0,0.0,0.0,0.0,0.0,0.0,210298106035.64087,154377782553.09122,206985506834.0409,3312599201.5999956,2708333333.333333,0.0,0.0,0.0,0.0,0.0,0.0,0.0,0.0,11179405210.46984,0.0,47449251605.41317,6660193874676.49,0.0,0.0,0.0,0.0,0.0,0.0,0.0,463133347659.2736,0.0
381,32,0.0,0.0,0.0,0.0,0.0,0.0,0.0,0.0,0.0,0.0,0.0,0.0,0.0,0.0,0.0,0.0,0.0,0.0,0.0,0.0,0.0,0.0,0.0,0.0,0.0,0.0,0.0,0.0,0.0,0.0,0.0,0.0,0.0,210298106035.64087,154377782553.09122,206985506834.0409,3312599201.5999956,2708333333.333333,0.0,0.0,0.0,0.0,0.0,0.0,0.0,0.0,11100323124.460817,0.0,47528333691.422195,6612665540985.068,0.0,0.0,0.0,0.0,0.0,0.0,0.0,463133347659.2736,0.0
382,32,0.0,0.0,0.0,0.0,0.0,0.0,0.0,0.0,0.0,0.0,0.0,0.0,0.0,0.0,0.0,0.0,0.0,0.0,0.0,0.0,0.0,0.0,0.0,0.0,0.0,0.0,0.0,0.0,0.0,0.0,0.0,0.0,0.0,210298106035.64087,154377782553.09122,206985506834.0409,3312599201.5999956,2708333333.333333,0.0,0.0,0.0,0.0,0.0,0.0,0.0,0.0,11021109234.975113,0.0,47607547580.9079,6565057993404.16,0.0,0.0,0.0,0.0,0.0,0.0,0.0,463133347659.2736,0.0
383,32,0.0,0.0,0.0,0.0,0.0,0.0,0.0,0.0,0.0,0.0,0.0,0.0,0.0,0.0,0.0,0.0,0.0,0.0,0.0,0.0,0.0,0.0,0.0,0.0,0.0,0.0,0.0,0.0,0.0,0.0,0.0,0.0,0.0,210298106035.64087,154377782553.09122,206985506834.0409,3312599201.5999956,2708333333.333333,0.0,0.0,0.0,0.0,0.0,0.0,0.0,0.0,10941763322.340265,0.0,47686893493.54274,6517371099910.616,0.0,0.0,0.0,0.0,0.0,0.0,0.0,463133347659.2736,0.0
384,33,0.0,0.0,0.0,0.0,0.0,0.0,0.0,0.0,0.0,0.0,0.0,0.0,0.0,0.0,0.0,0.0,0.0,0.0,0.0,0.0,0.0,0.0,0.0,0.0,0.0,0.0,0.0,0.0,0.0,0.0,0.0,0.0,0.0,220647381377.34293,162096671680.74576,217334782175.74295,3312599201.5999956,2708333333.333333,0.0,0.0,0.0,0.0,0.0,0.0,0.0,0.0,10862285166.517693,0.0,27240090480.44914,6490131009430.168,0.0,0.0,0.0,0.0,0.0,23156667382.96368,0.0,486290015042.2373,0.0
385,33,0.0,0.0,0.0,0.0,0.0,0.0,0.0,0.0,0.0,0.0,0.0,0.0,0.0,0.0,0.0,0.0,0.0,0.0,0.0,0.0,0.0,0.0,0.0,0.0,0.0,0.0,0.0,0.0,0.0,0.0,0.0,0.0,0.0,220647381377.34293,162096671680.74576,217334782175.74295,3312599201.5999956,2708333333.333333,0.0,0.0,0.0,0.0,0.0,0.0,0.0,0.0,10816885015.716948,0.0,50442158014.21356,6439688851415.953,0.0,0.0,0.0,0.0,0.0,0.0,0.0,486290015042.2373,0.0
386,33,0.0,0.0,0.0,0.0,0.0,0.0,0.0,0.0,0.0,0.0,0.0,0.0,0.0,0.0,0.0,0.0,0.0,0.0,0.0,0.0,0.0,0.0,0.0,0.0,0.0,0.0,0.0,0.0,0.0,0.0,0.0,0.0,0.0,220647381377.34293,162096671680.74576,217334782175.74295,3312599201.5999956,2708333333.333333,0.0,0.0,0.0,0.0,0.0,0.0,0.0,0.0,10732814752.359922,0.0,50526228277.57059,6389162623138.383,0.0,0.0,0.0,0.0,0.0,0.0,0.0,486290015042.2373,0.0
387,33,0.0,0.0,0.0,0.0,0.0,0.0,0.0,0.0,0.0,0.0,0.0,0.0,0.0,0.0,0.0,0.0,0.0,0.0,0.0,0.0,0.0,0.0,0.0,0.0,0.0,0.0,0.0,0.0,0.0,0.0,0.0,0.0,0.0,220647381377.34293,162096671680.74576,217334782175.74295,3312599201.5999956,2708333333.333333,0.0,0.0,0.0,0.0,0.0,0.0,0.0,0.0,10648604371.897305,0.0,50610438658.03321,6338552184480.35,0.0,0.0,0.0,0.0,0.0,0.0,0.0,486290015042.2373,0.0
388,33,0.0,0.0,0.0,0.0,0.0,0.0,0.0,0.0,0.0,0.0,0.0,0.0,0.0,0.0,0.0,0.0,0.0,0.0,0.0,0.0,0.0,0.0,0.0,0.0,0.0,0.0,0.0,0.0,0.0,0.0,0.0,0.0,0.0,220647381377.34293,162096671680.74576,217334782175.74295,3312599201.5999956,2708333333.333333,0.0,0.0,0.0,0.0,0.0,0.0,0.0,0.0,10564253640.800583,0.0,50694789389.12993,6287857395091.219,0.0,0.0,0.0,0.0,0.0,0.0,0.0,486290015042.2373,0.0
389,33,0.0,0.0,0.0,0.0,0.0,0.0,0.0,0.0,0.0,0.0,0.0,0.0,0.0,0.0,0.0,0.0,0.0,0.0,0.0,0.0,0.0,0.0,0.0,0.0,0.0,0.0,0.0,0.0,0.0,0.0,0.0,0.0,0.0,220647381377.34293,162096671680.74576,217334782175.74295,3312599201.5999956,2708333333.333333,0.0,0.0,0.0,0.0,0.0,0.0,0.0,0.0,10479762325.15203,0.0,50779280704.77847,6237078114386.44,0.0,0.0,0.0,0.0,0.0,0.0,0.0,486290015042.2373,0.0
390,33,0.0,0.0,0.0,0.0,0.0,0.0,0.0,0.0,0.0,0.0,0.0,0.0,0.0,0.0,0.0,0.0,0.0,0.0,0.0,0.0,0.0,0.0,0.0,0.0,0.0,0.0,0.0,0.0,0.0,0.0,0.0,0.0,0.0,220647381377.34293,162096671680.74576,217334782175.74295,3312599201.5999956,2708333333.333333,0.0,0.0,0.0,0.0,0.0,0.0,0.0,0.0,10395130190.644068,0.0,50863912839.286446,6186214201547.154,0.0,0.0,0.0,0.0,0.0,0.0,0.0,486290015042.2373,0.0
391,33,0.0,0.0,0.0,0.0,0.0,0.0,0.0,0.0,0.0,0.0,0.0,0.0,0.0,0.0,0.0,0.0,0.0,0.0,0.0,0.0,0.0,0.0,0.0,0.0,0.0,0.0,0.0,0.0,0.0,0.0,0.0,0.0,0.0,220647381377.34293,162096671680.74576,217334782175.74295,3312599201.5999956,2708333333.333333,0.0,0.0,0.0,0.0,0.0,0.0,0.0,0.0,10310357002.57859,0.0,50948686027.35192,6135265515519.803,0.0,0.0,0.0,0.0,0.0,0.0,0.0,486290015042.2373,0.0
392,33,0.0,0.0,0.0,0.0,0.0,0.0,0.0,0.0,0.0,0.0,0.0,0.0,0.0,0.0,0.0,0.0,0.0,0.0,0.0,0.0,0.0,0.0,0.0,0.0,0.0,0.0,0.0,0.0,0.0,0.0,0.0,0.0,0.0,220647381377.34293,162096671680.74576,217334782175.74295,3312599201.5999956,2708333333.333333,0.0,0.0,0.0,0.0,0.0,0.0,0.0,0.0,10225442525.866337,0.0,51033600504.06417,6084231915015.738,0.0,0.0,0.0,0.0,0.0,0.0,0.0,486290015042.2373,0.0
393,33,0.0,0.0,0.0,0.0,0.0,0.0,0.0,0.0,0.0,0.0,0.0,0.0,0.0,0.0,0.0,0.0,0.0,0.0,0.0,0.0,0.0,0.0,0.0,0.0,0.0,0.0,0.0,0.0,0.0,0.0,0.0,0.0,0.0,220647381377.34293,162096671680.74576,217334782175.74295,3312599201.5999956,2708333333.333333,0.0,0.0,0.0,0.0,0.0,0.0,0.0,0.0,10140386525.026232,0.0,51118656504.90428,6033113258510.834,0.0,0.0,0.0,0.0,0.0,0.0,0.0,486290015042.2373,0.0
394,33,0.0,0.0,0.0,0.0,0.0,0.0,0.0,0.0,0.0,0.0,0.0,0.0,0.0,0.0,0.0,0.0,0.0,0.0,0.0,0.0,0.0,0.0,0.0,0.0,0.0,0.0,0.0,0.0,0.0,0.0,0.0,0.0,0.0,220647381377.34293,162096671680.74576,217334782175.74295,3312599201.5999956,2708333333.333333,0.0,0.0,0.0,0.0,0.0,0.0,0.0,0.0,10055188764.184723,0.0,51203854265.74579,5981909404245.088,0.0,0.0,0.0,0.0,0.0,0.0,0.0,486290015042.2373,0.0
395,33,0.0,0.0,0.0,0.0,0.0,0.0,0.0,0.0,0.0,0.0,0.0,0.0,0.0,0.0,0.0,0.0,0.0,0.0,0.0,0.0,0.0,0.0,0.0,0.0,0.0,0.0,0.0,0.0,0.0,0.0,0.0,0.0,0.0,220647381377.34293,162096671680.74576,217334782175.74295,3312599201.5999956,2708333333.333333,0.0,0.0,0.0,0.0,0.0,0.0,0.0,0.0,9969849007.075148,0.0,51289194022.85537,5930620210222.233,0.0,0.0,0.0,0.0,0.0,0.0,0.0,486290015042.2373,0.0
396,34,0.0,0.0,0.0,0.0,0.0,0.0,0.0,0.0,0.0,0.0,0.0,0.0,0.0,0.0,0.0,0.0,0.0,0.0,0.0,0.0,0.0,0.0,0.0,0.0,0.0,0.0,0.0,0.0,0.0,0.0,0.0,0.0,0.0,231514120486.13007,170201505264.78308,228201521284.5301,3312599201.5999956,2708333333.333333,0.0,0.0,0.0,0.0,0.0,0.0,0.0,0.0,9884367017.037056,0.0,29822080785.531384,5900798129436.702,0.0,0.0,0.0,0.0,0.0,24314500752.11191,0.0,510604515794.34924,0.0
397,34,0.0,0.0,0.0,0.0,0.0,0.0,0.0,0.0,0.0,0.0,0.0,0.0,0.0,0.0,0.0,0.0,0.0,0.0,0.0,0.0,0.0,0.0,0.0,0.0,0.0,0.0,0.0,0.0,0.0,0.0,0.0,0.0,0.0,231514120486.13007,170201505264.78308,228201521284.5301,3312599201.5999956,2708333333.333333,0.0,0.0,0.0,0.0,0.0,0.0,0.0,0.0,9834663549.06117,0.0,54186285005.61918,5846611844431.082,0.0,0.0,0.0,0.0,0.0,0.0,0.0,510604515794.34924,2.9802322387695312e-08
398,34,0.0,0.0,0.0,0.0,0.0,0.0,0.0,0.0,0.0,0.0,0.0,0.0,0.0,0.0,0.0,0.0,0.0,0.0,0.0,0.0,0.0,0.0,0.0,0.0,0.0,0.0,0.0,0.0,0.0,0.0,0.0,0.0,0.0,231514120486.13007,170201505264.78308,228201521284.5301,3312599201.5999956,2708333333.333333,0.0,0.0,0.0,0.0,0.0,0.0,0.0,0.0,9744353074.051805,0.0,54276595480.62855,5792335248950.453,0.0,0.0,0.0,0.0,0.0,0.0,0.0,510604515794.34924,0.0
399,34,0.0,0.0,0.0,0.0,0.0,0.0,0.0,0.0,0.0,0.0,0.0,0.0,0.0,0.0,0.0,0.0,0.0,0.0,0.0,0.0,0.0,0.0,0.0,0.0,0.0,0.0,0.0,0.0,0.0,0.0,0.0,0.0,0.0,231514120486.13007,170201505264.78308,228201521284.5301,3312599201.5999956,2708333333.333333,0.0,0.0,0.0,0.0,0.0,0.0,0.0,0.0,9653892081.58409,0.0,54367056473.09626,5737968192477.356,0.0,0.0,0.0,0.0,0.0,0.0,0.0,510604515794.34924,0.0
400,34,0.0,0.0,0.0,0.0,0.0,0.0,0.0,0.0,0.0,0.0,0.0,0.0,0.0,0.0,0.0,0.0,0.0,0.0,0.0,0.0,0.0,0.0,0.0,0.0,0.0,0.0,0.0,0.0,0.0,0.0,0.0,0.0,0.0,231514120486.13007,170201505264.78308,228201521284.5301,3312599201.5999956,2708333333.333333,0.0,0.0,0.0,0.0,0.0,0.0,0.0,0.0,9563280320.795595,0.0,54457668233.88476,5683510524243.473,0.0,0.0,0.0,0.0,0.0,0.0,0.0,510604515794.34924,0.0
401,34,0.0,0.0,0.0,0.0,0.0,0.0,0.0,0.0,0.0,0.0,0.0,0.0,0.0,0.0,0.0,0.0,0.0,0.0,0.0,0.0,0.0,0.0,0.0,0.0,0.0,0.0,0.0,0.0,0.0,0.0,0.0,0.0,0.0,231514120486.13007,170201505264.78308,228201521284.5301,3312599201.5999956,2708333333.333333,0.0,0.0,0.0,0.0,0.0,0.0,0.0,0.0,9472517540.405788,0.0,54548431014.27456,5628962093229.197,0.0,0.0,0.0,0.0,0.0,0.0,0.0,510604515794.34924,0.0
402,34,0.0,0.0,0.0,0.0,0.0,0.0,0.0,0.0,0.0,0.0,0.0,0.0,0.0,0.0,0.0,0.0,0.0,0.0,0.0,0.0,0.0,0.0,0.0,0.0,0.0,0.0,0.0,0.0,0.0,0.0,0.0,0.0,0.0,231514120486.13007,170201505264.78308,228201521284.5301,3312599201.5999956,2708333333.333333,0.0,0.0,0.0,0.0,0.0,0.0,0.0,0.0,9381603488.71533,0.0,54639345065.96502,5574322748163.232,0.0,0.0,0.0,0.0,0.0,0.0,0.0,510604515794.34924,2.9802322387695312e-08
403,34,0.0,0.0,0.0,0.0,0.0,0.0,0.0,0.0,0.0,0.0,0.0,0.0,0.0,0.0,0.0,0.0,0.0,0.0,0.0,0.0,0.0,0.0,0.0,0.0,0.0,0.0,0.0,0.0,0.0,0.0,0.0,0.0,0.0,231514120486.13007,170201505264.78308,228201521284.5301,3312599201.5999956,2708333333.333333,0.0,0.0,0.0,0.0,0.0,0.0,0.0,0.0,9290537913.605389,0.0,54730410641.07497,5519592337522.158,0.0,0.0,0.0,0.0,0.0,0.0,0.0,510604515794.34924,0.0
404,34,0.0,0.0,0.0,0.0,0.0,0.0,0.0,0.0,0.0,0.0,0.0,0.0,0.0,0.0,0.0,0.0,0.0,0.0,0.0,0.0,0.0,0.0,0.0,0.0,0.0,0.0,0.0,0.0,0.0,0.0,0.0,0.0,0.0,231514120486.13007,170201505264.78308,228201521284.5301,3312599201.5999956,2708333333.333333,0.0,0.0,0.0,0.0,0.0,0.0,0.0,0.0,9199320562.53693,0.0,54821627992.143425,5464770709530.015,0.0,0.0,0.0,0.0,0.0,0.0,0.0,510604515794.34924,0.0
405,34,0.0,0.0,0.0,0.0,0.0,0.0,0.0,0.0,0.0,0.0,0.0,0.0,0.0,0.0,0.0,0.0,0.0,0.0,0.0,0.0,0.0,0.0,0.0,0.0,0.0,0.0,0.0,0.0,0.0,0.0,0.0,0.0,0.0,231514120486.13007,170201505264.78308,228201521284.5301,3312599201.5999956,2708333333.333333,0.0,0.0,0.0,0.0,0.0,0.0,0.0,0.0,9107951182.550024,0.0,54912997372.130325,5409857712157.884,0.0,0.0,0.0,0.0,0.0,0.0,0.0,510604515794.34924,-2.9802322387695312e-08
406,34,0.0,0.0,0.0,0.0,0.0,0.0,0.0,0.0,0.0,0.0,0.0,0.0,0.0,0.0,0.0,0.0,0.0,0.0,0.0,0.0,0.0,0.0,0.0,0.0,0.0,0.0,0.0,0.0,0.0,0.0,0.0,0.0,0.0,231514120486.13007,170201505264.78308,228201521284.5301,3312599201.5999956,2708333333.333333,0.0,0.0,0.0,0.0,0.0,0.0,0.0,0.0,9016429520.26314,0.0,55004519034.417206,5354853193123.467,0.0,0.0,0.0,0.0,0.0,0.0,0.0,510604515794.34924,0.0
407,34,0.0,0.0,0.0,0.0,0.0,0.0,0.0,0.0,0.0,0.0,0.0,0.0,0.0,0.0,0.0,0.0,0.0,0.0,0.0,0.0,0.0,0.0,0.0,0.0,0.0,0.0,0.0,0.0,0.0,0.0,0.0,0.0,0.0,231514120486.13007,170201505264.78308,228201521284.5301,3312599201.5999956,2708333333.333333,0.0,0.0,0.0,0.0,0.0,0.0,0.0,0.0,8924755321.872444,0.0,55096193232.8079,5299756999890.659,0.0,0.0,0.0,0.0,0.0,0.0,0.0,510604515794.34924,0.0
408,35,0.0,0.0,0.0,0.0,0.0,0.0,0.0,0.0,0.0,0.0,0.0,0.0,0.0,0.0,0.0,0.0,0.0,0.0,0.0,0.0,0.0,0.0,0.0,0.0,0.0,0.0,0.0,0.0,0.0,0.0,0.0,0.0,0.0,242924196550.3566,178711580528.02225,239611597348.7566,3312599201.5999956,2708333333.333333,0.0,0.0,0.0,0.0,0.0,0.0,0.0,0.0,8832928333.151098,0.0,32557795232.799084,5267199204657.859,0.0,0.0,0.0,0.0,0.0,25530225789.717506,0.0,536134741584.0667,0.0
409,35,0.0,0.0,0.0,0.0,0.0,0.0,0.0,0.0,0.0,0.0,0.0,0.0,0.0,0.0,0.0,0.0,0.0,0.0,0.0,0.0,0.0,0.0,0.0,0.0,0.0,0.0,0.0,0.0,0.0,0.0,0.0,0.0,0.0,242924196550.3566,178711580528.02225,239611597348.7566,3312599201.5999956,2708333333.333333,0.0,0.0,0.0,0.0,0.0,0.0,0.0,0.0,8778665341.096434,0.0,58142284014.57126,5209056920643.288,0.0,0.0,0.0,0.0,0.0,0.0,0.0,536134741584.0667,0.0
410,35,0.0,0.0,0.0,0.0,0.0,0.0,0.0,0.0,0.0,0.0,0.0,0.0,0.0,0.0,0.0,0.0,0.0,0.0,0.0,0.0,0.0,0.0,0.0,0.0,0.0,0.0,0.0,0.0,0.0,0.0,0.0,0.0,0.0,242924196550.3566,178711580528.02225,239611597348.7566,3312599201.5999956,2708333333.333333,0.0,0.0,0.0,0.0,0.0,0.0,0.0,0.0,8681761534.40548,0.0,58239187821.26221,5150817732822.026,0.0,0.0,0.0,0.0,0.0,0.0,0.0,536134741584.0667,-2.9802322387695312e-08
411,35,0.0,0.0,0.0,0.0,0.0,0.0,0.0,0.0,0.0,0.0,0.0,0.0,0.0,0.0,0.0,0.0,0.0,0.0,0.0,0.0,0.0,0.0,0.0,0.0,0.0,0.0,0.0,0.0,0.0,0.0,0.0,0.0,0.0,242924196550.3566,178711580528.02225,239611597348.7566,3312599201.5999956,2708333333.333333,0.0,0.0,0.0,0.0,0.0,0.0,0.0,0.0,8584696221.370044,0.0,58336253134.297646,5092481479687.729,0.0,0.0,0.0,0.0,0.0,0.0,0.0,536134741584.0667,0.0
412,35,0.0,0.0,0.0,0.0,0.0,0.0,0.0,0.0,0.0,0.0,0.0,0.0,0.0,0.0,0.0,0.0,0.0,0.0,0.0,0.0,0.0,0.0,0.0,0.0,0.0,0.0,0.0,0.0,0.0,0.0,0.0,0.0,0.0,242924196550.3566,178711580528.02225,239611597348.7566,3312599201.5999956,2708333333.333333,0.0,0.0,0.0,0.0,0.0,0.0,0.0,0.0,8487469132.812881,0.0,58433480222.854805,5034047999464.873,0.0,0.0,0.0,0.0,0.0,0.0,0.0,536134741584.0667,2.9802322387695312e-08
413,35,0.0,0.0,0.0,0.0,0.0,0.0,0.0,0.0,0.0,0.0,0.0,0.0,0.0,0.0,0.0,0.0,0.0,0.0,0.0,0.0,0.0,0.0,0.0,0.0,0.0,0.0,0.0,0.0,0.0,0.0,0.0,0.0,0.0,242924196550.3566,178711580528.02225,239611597348.7566,3312599201.5999956,2708333333.333333,0.0,0.0,0.0,0.0,0.0,0.0,0.0,0.0,8390079999.108122,0.0,58530869356.55957,4975517130108.313,0.0,0.0,0.0,0.0,0.0,0.0,0.0,536134741584.0667,0.0
414,35,0.0,0.0,0.0,0.0,0.0,0.0,0.0,0.0,0.0,0.0,0.0,0.0,0.0,0.0,0.0,0.0,0.0,0.0,0.0,0.0,0.0,0.0,0.0,0.0,0.0,0.0,0.0,0.0,0.0,0.0,0.0,0.0,0.0,242924196550.3566,178711580528.02225,239611597348.7566,3312599201.5999956,2708333333.333333,0.0,0.0,0.0,0.0,0.0,0.0,0.0,0.0,8292528550.180523,0.0,58628420805.48717,4916888709302.826,0.0,0.0,0.0,0.0,0.0,0.0,0.0,536134741584.0667,0.0
415,35,0.0,0.0,0.0,0.0,0.0,0.0,0.0,0.0,0.0,0.0,0.0,0.0,0.0,0.0,0.0,0.0,0.0,0.0,0.0,0.0,0.0,0.0,0.0,0.0,0.0,0.0,0.0,0.0,0.0,0.0,0.0,0.0,0.0,242924196550.3566,178711580528.02225,239611597348.7566,3312599201.5999956,2708333333.333333,0.0,0.0,0.0,0.0,0.0,0.0,0.0,0.0,8194814515.504711,0.0,58726134840.16298,4858162574462.663,0.0,0.0,0.0,0.0,0.0,0.0,0.0,536134741584.0667,-2.9802322387695312e-08
416,35,0.0,0.0,0.0,0.0,0.0,0.0,0.0,0.0,0.0,0.0,0.0,0.0,0.0,0.0,0.0,0.0,0.0,0.0,0.0,0.0,0.0,0.0,0.0,0.0,0.0,0.0,0.0,0.0,0.0,0.0,0.0,0.0,0.0,242924196550.3566,178711580528.02225,239611597348.7566,3312599201.5999956,2708333333.333333,0.0,0.0,0.0,0.0,0.0,0.0,0.0,0.0,8096937624.10444,0.0,58824011731.56325,4799338562731.101,0.0,0.0,0.0,0.0,0.0,0.0,0.0,536134741584.0667,0.0
417,35,0.0,0.0,0.0,0.0,0.0,0.0,0.0,0.0,0.0,0.0,0.0,0.0,0.0,0.0,0.0,0.0,0.0,0.0,0.0,0.0,0.0,0.0,0.0,0.0,0.0,0.0,0.0,0.0,0.0,0.0,0.0,0.0,0.0,242924196550.3566,178711580528.02225,239611597348.7566,3312599201.5999956,2708333333.333333,0.0,0.0,0.0,0.0,0.0,0.0,0.0,0.0,7998897604.551834,0.0,58922051751.11585,4740416510979.984,0.0,0.0,0.0,0.0,0.0,0.0,0.0,536134741584.0667,0.0
418,35,0.0,0.0,0.0,0.0,0.0,0.0,0.0,0.0,0.0,0.0,0.0,0.0,0.0,0.0,0.0,0.0,0.0,0.0,0.0,0.0,0.0,0.0,0.0,0.0,0.0,0.0,0.0,0.0,0.0,0.0,0.0,0.0,0.0,242924196550.3566,178711580528.02225,239611597348.7566,3312599201.5999956,2708333333.333333,0.0,0.0,0.0,0.0,0.0,0.0,0.0,0.0,7900694184.96664,0.0,59020255170.70105,4681396255809.283,0.0,0.0,0.0,0.0,0.0,0.0,0.0,536134741584.0667,-2.9802322387695312e-08
419,35,0.0,0.0,0.0,0.0,0.0,0.0,0.0,0.0,0.0,0.0,0.0,0.0,0.0,0.0,0.0,0.0,0.0,0.0,0.0,0.0,0.0,0.0,0.0,0.0,0.0,0.0,0.0,0.0,0.0,0.0,0.0,0.0,0.0,242924196550.3566,178711580528.02225,239611597348.7566,3312599201.5999956,2708333333.333333,0.0,0.0,0.0,0.0,0.0,0.0,0.0,0.0,7802327093.015471,0.0,59118622262.65222,4622277633546.631,0.0,0.0,0.0,0.0,0.0,0.0,0.0,536134741584.0667,0.0
420,36,0.0,0.0,0.0,0.0,0.0,0.0,0.0,0.0,0.0,0.0,0.0,0.0,0.0,0.0,0.0,0.0,0.0,0.0,0.0,0.0,0.0,0.0,0.0,0.0,0.0,0.0,0.0,0.0,0.0,0.0,0.0,0.0,0.0,254904776417.79446,187647159554.42334,251592177216.19446,3312599201.5999956,2708333333.333333,0.0,0.0,0.0,0.0,0.0,0.0,0.0,0.0,7703796055.911051,0.0,35455417061.590126,4586822216485.041,0.0,0.0,0.0,0.0,0.0,26806737079.20329,0.0,562941478663.27,0.0
421,36,0.0,0.0,0.0,0.0,0.0,0.0,0.0,0.0,0.0,0.0,0.0,0.0,0.0,0.0,0.0,0.0,0.0,0.0,0.0,0.0,0.0,0.0,0.0,0.0,0.0,0.0,0.0,0.0,0.0,0.0,0.0,0.0,0.0,254904776417.79446,187647159554.42334,251592177216.19446,3312599201.5999956,2708333333.333333,0.0,0.0,0.0,0.0,0.0,0.0,0.0,0.0,7644703694.141735,0.0,62321246502.56274,4524500969982.479,0.0,0.0,0.0,0.0,0.0,0.0,0.0,562941478663.27,0.0
422,36,0.0,0.0,0.0,0.0,0.0,0.0,0.0,0.0,0.0,0.0,0.0,0.0,0.0,0.0,0.0,0.0,0.0,0.0,0.0,0.0,0.0,0.0,0.0,0.0,0.0,0.0,0.0,0.0,0.0,0.0,0.0,0.0,0.0,254904776417.79446,187647159554.42334,251592177216.19446,3312599201.5999956,2708333333.333333,0.0,0.0,0.0,0.0,0.0,0.0,0.0,0.0,7540834949.970798,0.0,62425115246.733665,4462075854735.745,0.0,0.0,0.0,0.0,0.0,0.0,0.0,562941478663.27,0.0
423,36,0.0,0.0,0.0,0.0,0.0,0.0,0.0,0.0,0.0,0.0,0.0,0.0,0.0,0.0,0.0,0.0,0.0,0.0,0.0,0.0,0.0,0.0,0.0,0.0,0.0,0.0,0.0,0.0,0.0,0.0,0.0,0.0,0.0,254904776417.79446,187647159554.42334,251592177216.19446,3312599201.5999956,2708333333.333333,0.0,0.0,0.0,0.0,0.0,0.0,0.0,0.0,7436793091.226241,0.0,62529157105.478226,4399546697630.267,0.0,0.0,0.0,0.0,0.0,0.0,0.0,562941478663.27,0.0
424,36,0.0,0.0,0.0,0.0,0.0,0.0,0.0,0.0,0.0,0.0,0.0,0.0,0.0,0.0,0.0,0.0,0.0,0.0,0.0,0.0,0.0,0.0,0.0,0.0,0.0,0.0,0.0,0.0,0.0,0.0,0.0,0.0,0.0,254904776417.79446,187647159554.42334,251592177216.19446,3312599201.5999956,2708333333.333333,0.0,0.0,0.0,0.0,0.0,0.0,0.0,0.0,7332577829.383778,0.0,62633372367.320694,4336913325262.946,0.0,0.0,0.0,0.0,0.0,0.0,0.0,562941478663.27,0.0
425,36,0.0,0.0,0.0,0.0,0.0,0.0,0.0,0.0,0.0,0.0,0.0,0.0,0.0,0.0,0.0,0.0,0.0,0.0,0.0,0.0,0.0,0.0,0.0,0.0,0.0,0.0,0.0,0.0,0.0,0.0,0.0,0.0,0.0,254904776417.79446,187647159554.42334,251592177216.19446,3312599201.5999956,2708333333.333333,0.0,0.0,0.0,0.0,0.0,0.0,0.0,0.0,7228188875.438244,0.0,62737761321.26623,4274175563941.6797,0.0,0.0,0.0,0.0,0.0,0.0,0.0,562941478663.27,0.0
426,36,0.0,0.0,0.0,0.0,0.0,0.0,0.0,0.0,0.0,0.0,0.0,0.0,0.0,0.0,0.0,0.0,0.0,0.0,0.0,0.0,0.0,0.0,0.0,0.0,0.0,0.0,0.0,0.0,0.0,0.0,0.0,0.0,0.0,254904776417.79446,187647159554.42334,251592177216.19446,3312599201.5999956,2708333333.333333,0.0,0.0,0.0,0.0,0.0,0.0,0.0,0.0,7123625939.902801,0.0,62842324256.80167,4211333239684.8784,0.0,0.0,0.0,0.0,0.0,0.0,0.0,562941478663.27,0.0
427,36,0.0,0.0,0.0,0.0,0.0,0.0,0.0,0.0,0.0,0.0,0.0,0.0,0.0,0.0,0.0,0.0,0.0,0.0,0.0,0.0,0.0,0.0,0.0,0.0,0.0,0.0,0.0,0.0,0.0,0.0,0.0,0.0,0.0,254904776417.79446,187647159554.42334,251592177216.19446,3312599201.5999956,2708333333.333333,0.0,0.0,0.0,0.0,0.0,0.0,0.0,0.0,7018888732.80813,0.0,62947061463.89634,4148386178220.9824,0.0,0.0,0.0,0.0,0.0,0.0,0.0,562941478663.27,0.0
428,36,0.0,0.0,0.0,0.0,0.0,0.0,0.0,0.0,0.0,0.0,0.0,0.0,0.0,0.0,0.0,0.0,0.0,0.0,0.0,0.0,0.0,0.0,0.0,0.0,0.0,0.0,0.0,0.0,0.0,0.0,0.0,0.0,0.0,254904776417.79446,187647159554.42334,251592177216.19446,3312599201.5999956,2708333333.333333,0.0,0.0,0.0,0.0,0.0,0.0,0.0,0.0,6913976963.701637,0.0,63051973233.00282,4085334204987.9795,0.0,0.0,0.0,0.0,0.0,0.0,0.0,562941478663.27,0.0
429,36,0.0,0.0,0.0,0.0,0.0,0.0,0.0,0.0,0.0,0.0,0.0,0.0,0.0,0.0,0.0,0.0,0.0,0.0,0.0,0.0,0.0,0.0,0.0,0.0,0.0,0.0,0.0,0.0,0.0,0.0,0.0,0.0,0.0,254904776417.79446,187647159554.42334,251592177216.19446,3312599201.5999956,2708333333.333333,0.0,0.0,0.0,0.0,0.0,0.0,0.0,0.0,6808890341.646633,0.0,63157059855.05784,4022177145132.922,0.0,0.0,0.0,0.0,0.0,0.0,0.0,562941478663.27,0.0
430,36,0.0,0.0,0.0,0.0,0.0,0.0,0.0,0.0,0.0,0.0,0.0,0.0,0.0,0.0,0.0,0.0,0.0,0.0,0.0,0.0,0.0,0.0,0.0,0.0,0.0,0.0,0.0,0.0,0.0,0.0,0.0,0.0,0.0,254904776417.79446,187647159554.42334,251592177216.19446,3312599201.5999956,2708333333.333333,0.0,0.0,0.0,0.0,0.0,0.0,0.0,0.0,6703628575.221537,0.0,63262321621.48293,3958914823511.439,0.0,0.0,0.0,0.0,0.0,0.0,0.0,562941478663.27,0.0
431,36,0.0,0.0,0.0,0.0,0.0,0.0,0.0,0.0,0.0,0.0,0.0,0.0,0.0,0.0,0.0,0.0,0.0,0.0,0.0,0.0,0.0,0.0,0.0,0.0,0.0,0.0,0.0,0.0,0.0,0.0,0.0,0.0,0.0,254904776417.79446,187647159554.42334,251592177216.19446,3312599201.5999956,2708333333.333333,0.0,0.0,0.0,0.0,0.0,0.0,0.0,0.0,6598191372.519064,0.0,63367758824.1854,3895547064687.2534,0.0,0.0,0.0,0.0,0.0,0.0,0.0,562941478663.27,0.0
432,37,0.0,0.0,0.0,0.0,0.0,0.0,0.0,0.0,0.0,0.0,0.0,0.0,0.0,0.0,0.0,0.0,0.0,0.0,0.0,0.0,0.0,0.0,0.0,0.0,0.0,0.0,0.0,0.0,0.0,0.0,0.0,0.0,0.0,267484385278.60416,197029517532.14453,264171786077.00418,3312599201.5999956,2708333333.333333,0.0,0.0,0.0,0.0,0.0,0.0,0.0,0.0,6492578441.145423,0.0,38523548705.48404,3857023515981.769,0.0,0.0,0.0,0.0,0.0,28147073933.163536,0.0,591088552596.4336,0.0
433,37,0.0,0.0,0.0,0.0,0.0,0.0,0.0,0.0,0.0,0.0,0.0,0.0,0.0,0.0,0.0,0.0,0.0,0.0,0.0,0.0,0.0,0.0,0.0,0.0,0.0,0.0,0.0,0.0,0.0,0.0,0.0,0.0,0.0,267484385278.60416,197029517532.14453,264171786077.00418,3312599201.5999956,2708333333.333333,0.0,0.0,0.0,0.0,0.0,0.0,0.0,0.0,6428372526.636282,0.0,66734828553.15672,3790288687428.613,0.0,0.0,0.0,0.0,0.0,0.0,0.0,591088552596.4336,0.0
434,37,0.0,0.0,0.0,0.0,0.0,0.0,0.0,0.0,0.0,0.0,0.0,0.0,0.0,0.0,0.0,0.0,0.0,0.0,0.0,0.0,0.0,0.0,0.0,0.0,0.0,0.0,0.0,0.0,0.0,0.0,0.0,0.0,0.0,267484385278.60416,197029517532.14453,264171786077.00418,3312599201.5999956,2708333333.333333,0.0,0.0,0.0,0.0,0.0,0.0,0.0,0.0,6317147812.3810215,0.0,66846053267.41198,3723442634161.2007,0.0,0.0,0.0,0.0,0.0,0.0,0.0,591088552596.4336,0.0
435,37,0.0,0.0,0.0,0.0,0.0,0.0,0.0,0.0,0.0,0.0,0.0,0.0,0.0,0.0,0.0,0.0,0.0,0.0,0.0,0.0,0.0,0.0,0.0,0.0,0.0,0.0,0.0,0.0,0.0,0.0,0.0,0.0,0.0,267484385278.60416,197029517532.14453,264171786077.00418,3312599201.5999956,2708333333.333333,0.0,0.0,0.0,0.0,0.0,0.0,0.0,0.0,6205737723.602002,0.0,66957463356.190994,3656485170805.01,0.0,0.0,0.0,0.0,0.0,0.0,0.0,591088552596.4336,0.0
436,37,0.0,0.0,0.0,0.0,0.0,0.0,0.0,0.0,0.0,0.0,0.0,0.0,0.0,0.0,0.0,0.0,0.0,0.0,0.0,0.0,0.0,0.0,0.0,0.0,0.0,0.0,0.0,0.0,0.0,0.0,0.0,0.0,0.0,267484385278.60416,197029517532.14453,264171786077.00418,3312599201.5999956,2708333333.333333,0.0,0.0,0.0,0.0,0.0,0.0,0.0,0.0,6094141951.341684,0.0,67069059128.45132,3589416111676.5586,0.0,0.0,0.0,0.0,0.0,0.0,0.0,591088552596.4336,0.0
