asset_id,source_id,asset_type,subtype,name,line,parent_asset,station,km_start,km_end,location,criticality
MOS-SYS-001,mosul,system,whole railway,Mosul railway system,,,,,,"36.2,42.95 to 36.5,43.3",system
MOS-RS-L1-001,line-1-001,rolling-stock,revenue,line-1 trainset 001,line-1,MOS-SYS-001,,,,fleet,service
MOS-RS-L1-002,line-1-002,rolling-stock,revenue,line-1 trainset 002,line-1,MOS-SYS-001,,,,fleet,service
MOS-RS-L1-003,line-1-003,rolling-stock,revenue,line-1 trainset 003,line-1,MOS-SYS-001,,,,fleet,service
MOS-RS-L1-004,line-1-004,rolling-stock,revenue,line-1 trainset 004,line-1,MOS-SYS-001,,,,fleet,service
MOS-RS-L1-005,line-1-005,rolling-stock,revenue,line-1 trainset 005,line-1,MOS-SYS-001,,,,fleet,service
MOS-RS-L1-006,line-1-006,rolling-stock,revenue,line-1 trainset 006,line-1,MOS-SYS-001,,,,fleet,service
MOS-RS-L1-007,line-1-007,rolling-stock,revenue,line-1 trainset 007,line-1,MOS-SYS-001,,,,fleet,service
MOS-RS-L1-008,line-1-008,rolling-stock,revenue,line-1 trainset 008,line-1,MOS-SYS-001,,,,fleet,service
MOS-RS-L1-009,line-1-009,rolling-stock,revenue,line-1 trainset 009,line-1,MOS-SYS-001,,,,fleet,service
MOS-RS-L1-010,line-1-010,rolling-stock,revenue,line-1 trainset 010,line-1,MOS-SYS-001,,,,fleet,service
MOS-RS-L1-011,line-1-011,rolling-stock,revenue,line-1 trainset 011,line-1,MOS-SYS-001,,,,fleet,service
MOS-RS-L1-012,line-1-012,rolling-stock,revenue,line-1 trainset 012,line-1,MOS-SYS-001,,,,fleet,service
MOS-RS-L1-013,line-1-013,rolling-stock,revenue,line-1 trainset 013,line-1,MOS-SYS-001,,,,fleet,service
MOS-RS-L1-014,line-1-014,rolling-stock,revenue,line-1 trainset 014,line-1,MOS-SYS-001,,,,fleet,service
MOS-RS-L1-015,line-1-015,rolling-stock,revenue,line-1 trainset 015,line-1,MOS-SYS-001,,,,fleet,service
MOS-RS-L1-016,line-1-016,rolling-stock,revenue,line-1 trainset 016,line-1,MOS-SYS-001,,,,fleet,service
MOS-RS-L1-017,line-1-017,rolling-stock,revenue,line-1 trainset 017,line-1,MOS-SYS-001,,,,fleet,service
MOS-RS-L1-018,line-1-018,rolling-stock,revenue,line-1 trainset 018,line-1,MOS-SYS-001,,,,fleet,service
MOS-RS-L1-019,line-1-019,rolling-stock,revenue,line-1 trainset 019,line-1,MOS-SYS-001,,,,fleet,service
MOS-RS-L1-020,line-1-020,rolling-stock,revenue,line-1 trainset 020,line-1,MOS-SYS-001,,,,fleet,service
MOS-RS-L1-021,line-1-021,rolling-stock,revenue,line-1 trainset 021,line-1,MOS-SYS-001,,,,fleet,service
MOS-RS-L1-022,line-1-022,rolling-stock,revenue,line-1 trainset 022,line-1,MOS-SYS-001,,,,fleet,service
MOS-RS-L1-023,line-1-023,rolling-stock,revenue,line-1 trainset 023,line-1,MOS-SYS-001,,,,fleet,service
MOS-RS-L1-024,line-1-024,rolling-stock,revenue,line-1 trainset 024,line-1,MOS-SYS-001,,,,fleet,service
MOS-RS-L1-025,line-1-025,rolling-stock,revenue,line-1 trainset 025,line-1,MOS-SYS-001,,,,fleet,service
MOS-RS-L1-026,line-1-026,rolling-stock,revenue,line-1 trainset 026,line-1,MOS-SYS-001,,,,fleet,service
MOS-RS-L1-027,line-1-027,rolling-stock,revenue,line-1 trainset 027,line-1,MOS-SYS-001,,,,fleet,service
MOS-RS-L1-028,line-1-028,rolling-stock,revenue,line-1 trainset 028,line-1,MOS-SYS-001,,,,fleet,service
MOS-RS-L1-029,line-1-029,rolling-stock,revenue,line-1 trainset 029,line-1,MOS-SYS-001,,,,fleet,service
MOS-RS-L1-030,line-1-030,rolling-stock,revenue,line-1 trainset 030,line-1,MOS-SYS-001,,,,fleet,service
MOS-RS-L1-031,line-1-031,rolling-stock,revenue,line-1 trainset 031,line-1,MOS-SYS-001,,,,fleet,service
MOS-RS-L1-032,line-1-032,rolling-stock,revenue,line-1 trainset 032,line-1,MOS-SYS-001,,,,fleet,service
MOS-RS-L1-033,line-1-033,rolling-stock,revenue,line-1 trainset 033,line-1,MOS-SYS-001,,,,fleet,service
MOS-RS-L1-034,line-1-034,rolling-stock,revenue,line-1 trainset 034,line-1,MOS-SYS-001,,,,fleet,service
MOS-RS-L1-035,line-1-035,rolling-stock,revenue,line-1 trainset 035,line-1,MOS-SYS-001,,,,fleet,service
MOS-RS-L1-036,line-1-036,rolling-stock,revenue,line-1 trainset 036,line-1,MOS-SYS-001,,,,fleet,service
MOS-RS-L1-037,line-1-037,rolling-stock,revenue,line-1 trainset 037,line-1,MOS-SYS-001,,,,fleet,service
MOS-RS-L1-038,line-1-038,rolling-stock,revenue,line-1 trainset 038,line-1,MOS-SYS-001,,,,fleet,service
MOS-RS-L1-039,line-1-039,rolling-stock,revenue,line-1 trainset 039,line-1,MOS-SYS-001,,,,fleet,service
MOS-RS-L1-040,line-1-040,rolling-stock,revenue,line-1 trainset 040,line-1,MOS-SYS-001,,,,fleet,service
MOS-RS-L1-041,line-1-041,rolling-stock,revenue,line-1 trainset 041,line-1,MOS-SYS-001,,,,fleet,service
MOS-RS-L1-042,line-1-042,rolling-stock,revenue,line-1 trainset 042,line-1,MOS-SYS-001,,,,fleet,service
MOS-RS-L1-043,line-1-043,rolling-stock,revenue,line-1 trainset 043,line-1,MOS-SYS-001,,,,fleet,service
MOS-RS-L1-044,line-1-044,rolling-stock,revenue,line-1 trainset 044,line-1,MOS-SYS-001,,,,fleet,service
MOS-RS-L1-045,line-1-045,rolling-stock,revenue,line-1 trainset 045,line-1,MOS-SYS-001,,,,fleet,service
MOS-RS-L1-046,line-1-046,rolling-stock,revenue,line-1 trainset 046,line-1,MOS-SYS-001,,,,fleet,service
MOS-RS-L1-047,line-1-047,rolling-stock,revenue,line-1 trainset 047,line-1,MOS-SYS-001,,,,fleet,service
MOS-RS-L1-048,line-1-048,rolling-stock,revenue,line-1 trainset 048,line-1,MOS-SYS-001,,,,fleet,service
MOS-RS-L1-049,line-1-049,rolling-stock,revenue,line-1 trainset 049,line-1,MOS-SYS-001,,,,fleet,service
MOS-RS-L1-050,line-1-050,rolling-stock,revenue,line-1 trainset 050,line-1,MOS-SYS-001,,,,fleet,service
MOS-RS-L1-051,line-1-051,rolling-stock,revenue,line-1 trainset 051,line-1,MOS-SYS-001,,,,fleet,service
MOS-RS-L1-052,line-1-052,rolling-stock,revenue,line-1 trainset 052,line-1,MOS-SYS-001,,,,fleet,service
MOS-RS-L1-053,line-1-053,rolling-stock,revenue,line-1 trainset 053,line-1,MOS-SYS-001,,,,fleet,service
MOS-RS-L1-054,line-1-054,rolling-stock,revenue,line-1 trainset 054,line-1,MOS-SYS-001,,,,fleet,service
MOS-RS-L1-055,line-1-055,rolling-stock,revenue,line-1 trainset 055,line-1,MOS-SYS-001,,,,fleet,service
MOS-RS-L1-056,line-1-056,rolling-stock,revenue,line-1 trainset 056,line-1,MOS-SYS-001,,,,fleet,service
MOS-RS-L1-057,line-1-057,rolling-stock,revenue,line-1 trainset 057,line-1,MOS-SYS-001,,,,fleet,service
MOS-RS-L1-058,line-1-058,rolling-stock,revenue,line-1 trainset 058,line-1,MOS-SYS-001,,,,fleet,service
MOS-RS-L1-059,line-1-059,rolling-stock,revenue,line-1 trainset 059,line-1,MOS-SYS-001,,,,fleet,service
MOS-RS-L1-060,line-1-060,rolling-stock,revenue,line-1 trainset 060,line-1,MOS-SYS-001,,,,fleet,service
MOS-RS-L1-061,line-1-061,rolling-stock,revenue,line-1 trainset 061,line-1,MOS-SYS-001,,,,fleet,service
MOS-RS-L1-062,line-1-062,rolling-stock,revenue,line-1 trainset 062,line-1,MOS-SYS-001,,,,fleet,service
MOS-RS-L1-063,line-1-063,rolling-stock,revenue,line-1 trainset 063,line-1,MOS-SYS-001,,,,fleet,service
MOS-RS-L1-064,line-1-064,rolling-stock,revenue,line-1 trainset 064,line-1,MOS-SYS-001,,,,fleet,service
MOS-RS-L1-065,line-1-065,rolling-stock,revenue,line-1 trainset 065,line-1,MOS-SYS-001,,,,fleet,service
MOS-RS-L1-066,line-1-066,rolling-stock,spare,line-1 trainset 066,line-1,MOS-SYS-001,,,,fleet,service
MOS-RS-L1-067,line-1-067,rolling-stock,spare,line-1 trainset 067,line-1,MOS-SYS-001,,,,fleet,service
MOS-RS-L1-068,line-1-068,rolling-stock,spare,line-1 trainset 068,line-1,MOS-SYS-001,,,,fleet,service
MOS-RS-L1-069,line-1-069,rolling-stock,spare,line-1 trainset 069,line-1,MOS-SYS-001,,,,fleet,service
MOS-RS-L1-070,line-1-070,rolling-stock,spare,line-1 trainset 070,line-1,MOS-SYS-001,,,,fleet,service
MOS-RS-L1-071,line-1-071,rolling-stock,spare,line-1 trainset 071,line-1,MOS-SYS-001,,,,fleet,service
MOS-RS-L1-072,line-1-072,rolling-stock,cold-reserve,line-1 trainset 072,line-1,MOS-SYS-001,,,,fleet,service
MOS-RS-L2-001,line-2-001,rolling-stock,revenue,line-2 trainset 001,line-2,MOS-SYS-001,,,,fleet,service
MOS-RS-L2-002,line-2-002,rolling-stock,revenue,line-2 trainset 002,line-2,MOS-SYS-001,,,,fleet,service
MOS-RS-L2-003,line-2-003,rolling-stock,revenue,line-2 trainset 003,line-2,MOS-SYS-001,,,,fleet,service
MOS-RS-L2-004,line-2-004,rolling-stock,revenue,line-2 trainset 004,line-2,MOS-SYS-001,,,,fleet,service
MOS-RS-L2-005,line-2-005,rolling-stock,revenue,line-2 trainset 005,line-2,MOS-SYS-001,,,,fleet,service
MOS-RS-L2-006,line-2-006,rolling-stock,revenue,line-2 trainset 006,line-2,MOS-SYS-001,,,,fleet,service
MOS-RS-L2-007,line-2-007,rolling-stock,revenue,line-2 trainset 007,line-2,MOS-SYS-001,,,,fleet,service
MOS-RS-L2-008,line-2-008,rolling-stock,revenue,line-2 trainset 008,line-2,MOS-SYS-001,,,,fleet,service
MOS-RS-L2-009,line-2-009,rolling-stock,revenue,line-2 trainset 009,line-2,MOS-SYS-001,,,,fleet,service
MOS-RS-L2-010,line-2-010,rolling-stock,revenue,line-2 trainset 010,line-2,MOS-SYS-001,,,,fleet,service
MOS-RS-L2-011,line-2-011,rolling-stock,revenue,line-2 trainset 011,line-2,MOS-SYS-001,,,,fleet,service
MOS-RS-L2-012,line-2-012,rolling-stock,revenue,line-2 trainset 012,line-2,MOS-SYS-001,,,,fleet,service
MOS-RS-L2-013,line-2-013,rolling-stock,revenue,line-2 trainset 013,line-2,MOS-SYS-001,,,,fleet,service
MOS-RS-L2-014,line-2-014,rolling-stock,revenue,line-2 trainset 014,line-2,MOS-SYS-001,,,,fleet,service
MOS-RS-L2-015,line-2-015,rolling-stock,revenue,line-2 trainset 015,line-2,MOS-SYS-001,,,,fleet,service
MOS-RS-L2-016,line-2-016,rolling-stock,revenue,line-2 trainset 016,line-2,MOS-SYS-001,,,,fleet,service
MOS-RS-L2-017,line-2-017,rolling-stock,revenue,line-2 trainset 017,line-2,MOS-SYS-001,,,,fleet,service
MOS-RS-L2-018,line-2-018,rolling-stock,revenue,line-2 trainset 018,line-2,MOS-SYS-001,,,,fleet,service
MOS-RS-L2-019,line-2-019,rolling-stock,revenue,line-2 trainset 019,line-2,MOS-SYS-001,,,,fleet,service
MOS-RS-L2-020,line-2-020,rolling-stock,revenue,line-2 trainset 020,line-2,MOS-SYS-001,,,,fleet,service
MOS-RS-L2-021,line-2-021,rolling-stock,revenue,line-2 trainset 021,line-2,MOS-SYS-001,,,,fleet,service
MOS-RS-L2-022,line-2-022,rolling-stock,revenue,line-2 trainset 022,line-2,MOS-SYS-001,,,,fleet,service
MOS-RS-L2-023,line-2-023,rolling-stock,revenue,line-2 trainset 023,line-2,MOS-SYS-001,,,,fleet,service
MOS-RS-L2-024,line-2-024,rolling-stock,revenue,line-2 trainset 024,line-2,MOS-SYS-001,,,,fleet,service
MOS-RS-L2-025,line-2-025,rolling-stock,revenue,line-2 trainset 025,line-2,MOS-SYS-001,,,,fleet,service
MOS-RS-L2-026,line-2-026,rolling-stock,revenue,line-2 trainset 026,line-2,MOS-SYS-001,,,,fleet,service
MOS-RS-L2-027,line-2-027,rolling-stock,revenue,line-2 trainset 027,line-2,MOS-SYS-001,,,,fleet,service
MOS-RS-L2-028,line-2-028,rolling-stock,revenue,line-2 trainset 028,line-2,MOS-SYS-001,,,,fleet,service
MOS-RS-L2-029,line-2-029,rolling-stock,revenue,line-2 trainset 029,line-2,MOS-SYS-001,,,,fleet,service
MOS-RS-L2-030,line-2-030,rolling-stock,revenue,line-2 trainset 030,line-2,MOS-SYS-001,,,,fleet,service
MOS-RS-L2-031,line-2-031,rolling-stock,revenue,line-2 trainset 031,line-2,MOS-SYS-001,,,,fleet,service
MOS-RS-L2-032,line-2-032,rolling-stock,revenue,line-2 trainset 032,line-2,MOS-SYS-001,,,,fleet,service
MOS-RS-L2-033,line-2-033,rolling-stock,revenue,line-2 trainset 033,line-2,MOS-SYS-001,,,,fleet,service
MOS-RS-L2-034,line-2-034,rolling-stock,revenue,line-2 trainset 034,line-2,MOS-SYS-001,,,,fleet,service
MOS-RS-L2-035,line-2-035,rolling-stock,revenue,line-2 trainset 035,line-2,MOS-SYS-001,,,,fleet,service
MOS-RS-L2-036,line-2-036,rolling-stock,revenue,line-2 trainset 036,line-2,MOS-SYS-001,,,,fleet,service
MOS-RS-L2-037,line-2-037,rolling-stock,revenue,line-2 trainset 037,line-2,MOS-SYS-001,,,,fleet,service
MOS-RS-L2-038,line-2-038,rolling-stock,revenue,line-2 trainset 038,line-2,MOS-SYS-001,,,,fleet,service
MOS-RS-L2-039,line-2-039,rolling-stock,revenue,line-2 trainset 039,line-2,MOS-SYS-001,,,,fleet,service
MOS-RS-L2-040,line-2-040,rolling-stock,revenue,line-2 trainset 040,line-2,MOS-SYS-001,,,,fleet,service
MOS-RS-L2-041,line-2-041,rolling-stock,revenue,line-2 trainset 041,line-2,MOS-SYS-001,,,,fleet,service
MOS-RS-L2-042,line-2-042,rolling-stock,revenue,line-2 trainset 042,line-2,MOS-SYS-001,,,,fleet,service
MOS-RS-L2-043,line-2-043,rolling-stock,revenue,line-2 trainset 043,line-2,MOS-SYS-001,,,,fleet,service
MOS-RS-L2-044,line-2-044,rolling-stock,revenue,line-2 trainset 044,line-2,MOS-SYS-001,,,,fleet,service
MOS-RS-L2-045,line-2-045,rolling-stock,revenue,line-2 trainset 045,line-2,MOS-SYS-001,,,,fleet,service
MOS-RS-L2-046,line-2-046,rolling-stock,revenue,line-2 trainset 046,line-2,MOS-SYS-001,,,,fleet,service
MOS-RS-L2-047,line-2-047,rolling-stock,revenue,line-2 trainset 047,line-2,MOS-SYS-001,,,,fleet,service
MOS-RS-L2-048,line-2-048,rolling-stock,revenue,line-2 trainset 048,line-2,MOS-SYS-001,,,,fleet,service
MOS-RS-L2-049,line-2-049,rolling-stock,revenue,line-2 trainset 049,line-2,MOS-SYS-001,,,,fleet,service
MOS-RS-L2-050,line-2-050,rolling-stock,revenue,line-2 trainset 050,line-2,MOS-SYS-001,,,,fleet,service
MOS-RS-L2-051,line-2-051,rolling-stock,revenue,line-2 trainset 051,line-2,MOS-SYS-001,,,,fleet,service
MOS-RS-L2-052,line-2-052,rolling-stock,revenue,line-2 trainset 052,line-2,MOS-SYS-001,,,,fleet,service
MOS-RS-L2-053,line-2-053,rolling-stock,revenue,line-2 trainset 053,line-2,MOS-SYS-001,,,,fleet,service
MOS-RS-L2-054,line-2-054,rolling-stock,revenue,line-2 trainset 054,line-2,MOS-SYS-001,,,,fleet,service
MOS-RS-L2-055,line-2-055,rolling-stock,revenue,line-2 trainset 055,line-2,MOS-SYS-001,,,,fleet,service
MOS-RS-L2-056,line-2-056,rolling-stock,revenue,line-2 trainset 056,line-2,MOS-SYS-001,,,,fleet,service
MOS-RS-L2-057,line-2-057,rolling-stock,revenue,line-2 trainset 057,line-2,MOS-SYS-001,,,,fleet,service
MOS-RS-L2-058,line-2-058,rolling-stock,revenue,line-2 trainset 058,line-2,MOS-SYS-001,,,,fleet,service
MOS-RS-L2-059,line-2-059,rolling-stock,revenue,line-2 trainset 059,line-2,MOS-SYS-001,,,,fleet,service
MOS-RS-L2-060,line-2-060,rolling-stock,spare,line-2 trainset 060,line-2,MOS-SYS-001,,,,fleet,service
MOS-RS-L2-061,line-2-061,rolling-stock,spare,line-2 trainset 061,line-2,MOS-SYS-001,,,,fleet,service
MOS-RS-L2-062,line-2-062,rolling-stock,spare,line-2 trainset 062,line-2,MOS-SYS-001,,,,fleet,service
MOS-RS-L2-063,line-2-063,rolling-stock,spare,line-2 trainset 063,line-2,MOS-SYS-001,,,,fleet,service
MOS-RS-L2-064,line-2-064,rolling-stock,spare,line-2 trainset 064,line-2,MOS-SYS-001,,,,fleet,service
MOS-RS-L2-065,line-2-065,rolling-stock,cold-reserve,line-2 trainset 065,line-2,MOS-SYS-001,,,,fleet,service
MOS-RS-L3-001,line-3-001,rolling-stock,revenue,line-3 trainset 001,line-3,MOS-SYS-001,,,,fleet,service
MOS-RS-L3-002,line-3-002,rolling-stock,revenue,line-3 trainset 002,line-3,MOS-SYS-001,,,,fleet,service
MOS-RS-L3-003,line-3-003,rolling-stock,revenue,line-3 trainset 003,line-3,MOS-SYS-001,,,,fleet,service
MOS-RS-L3-004,line-3-004,rolling-stock,revenue,line-3 trainset 004,line-3,MOS-SYS-001,,,,fleet,service
MOS-RS-L3-005,line-3-005,rolling-stock,revenue,line-3 trainset 005,line-3,MOS-SYS-001,,,,fleet,service
MOS-RS-L3-006,line-3-006,rolling-stock,revenue,line-3 trainset 006,line-3,MOS-SYS-001,,,,fleet,service
MOS-RS-L3-007,line-3-007,rolling-stock,revenue,line-3 trainset 007,line-3,MOS-SYS-001,,,,fleet,service
MOS-RS-L3-008,line-3-008,rolling-stock,revenue,line-3 trainset 008,line-3,MOS-SYS-001,,,,fleet,service
MOS-RS-L3-009,line-3-009,rolling-stock,revenue,line-3 trainset 009,line-3,MOS-SYS-001,,,,fleet,service
MOS-RS-L3-010,line-3-010,rolling-stock,revenue,line-3 trainset 010,line-3,MOS-SYS-001,,,,fleet,service
MOS-RS-L3-011,line-3-011,rolling-stock,revenue,line-3 trainset 011,line-3,MOS-SYS-001,,,,fleet,service
MOS-RS-L3-012,line-3-012,rolling-stock,revenue,line-3 trainset 012,line-3,MOS-SYS-001,,,,fleet,service
MOS-RS-L3-013,line-3-013,rolling-stock,revenue,line-3 trainset 013,line-3,MOS-SYS-001,,,,fleet,service
MOS-RS-L3-014,line-3-014,rolling-stock,revenue,line-3 trainset 014,line-3,MOS-SYS-001,,,,fleet,service
MOS-RS-L3-015,line-3-015,rolling-stock,revenue,line-3 trainset 015,line-3,MOS-SYS-001,,,,fleet,service
MOS-RS-L3-016,line-3-016,rolling-stock,revenue,line-3 trainset 016,line-3,MOS-SYS-001,,,,fleet,service
MOS-RS-L3-017,line-3-017,rolling-stock,revenue,line-3 trainset 017,line-3,MOS-SYS-001,,,,fleet,service
MOS-RS-L3-018,line-3-018,rolling-stock,revenue,line-3 trainset 018,line-3,MOS-SYS-001,,,,fleet,service
MOS-RS-L3-019,line-3-019,rolling-stock,revenue,line-3 trainset 019,line-3,MOS-SYS-001,,,,fleet,service
MOS-RS-L3-020,line-3-020,rolling-stock,revenue,line-3 trainset 020,line-3,MOS-SYS-001,,,,fleet,service
MOS-RS-L3-021,line-3-021,rolling-stock,revenue,line-3 trainset 021,line-3,MOS-SYS-001,,,,fleet,service
MOS-RS-L3-022,line-3-022,rolling-stock,revenue,line-3 trainset 022,line-3,MOS-SYS-001,,,,fleet,service
MOS-RS-L3-023,line-3-023,rolling-stock,revenue,line-3 trainset 023,line-3,MOS-SYS-001,,,,fleet,service
MOS-RS-L3-024,line-3-024,rolling-stock,revenue,line-3 trainset 024,line-3,MOS-SYS-001,,,,fleet,service
MOS-RS-L3-025,line-3-025,rolling-stock,revenue,line-3 trainset 025,line-3,MOS-SYS-001,,,,fleet,service
MOS-RS-L3-026,line-3-026,rolling-stock,revenue,line-3 trainset 026,line-3,MOS-SYS-001,,,,fleet,service
MOS-RS-L3-027,line-3-027,rolling-stock,revenue,line-3 trainset 027,line-3,MOS-SYS-001,,,,fleet,service
MOS-RS-L3-028,line-3-028,rolling-stock,revenue,line-3 trainset 028,line-3,MOS-SYS-001,,,,fleet,service
MOS-RS-L3-029,line-3-029,rolling-stock,revenue,line-3 trainset 029,line-3,MOS-SYS-001,,,,fleet,service
MOS-RS-L3-030,line-3-030,rolling-stock,revenue,line-3 trainset 030,line-3,MOS-SYS-001,,,,fleet,service
MOS-RS-L3-031,line-3-031,rolling-stock,revenue,line-3 trainset 031,line-3,MOS-SYS-001,,,,fleet,service
MOS-RS-L3-032,line-3-032,rolling-stock,revenue,line-3 trainset 032,line-3,MOS-SYS-001,,,,fleet,service
MOS-RS-L3-033,line-3-033,rolling-stock,revenue,line-3 trainset 033,line-3,MOS-SYS-001,,,,fleet,service
MOS-RS-L3-034,line-3-034,rolling-stock,revenue,line-3 trainset 034,line-3,MOS-SYS-001,,,,fleet,service
MOS-RS-L3-035,line-3-035,rolling-stock,revenue,line-3 trainset 035,line-3,MOS-SYS-001,,,,fleet,service
MOS-RS-L3-036,line-3-036,rolling-stock,revenue,line-3 trainset 036,line-3,MOS-SYS-001,,,,fleet,service
MOS-RS-L3-037,line-3-037,rolling-stock,revenue,line-3 trainset 037,line-3,MOS-SYS-001,,,,fleet,service
MOS-RS-L3-038,line-3-038,rolling-stock,revenue,line-3 trainset 038,line-3,MOS-SYS-001,,,,fleet,service
MOS-RS-L3-039,line-3-039,rolling-stock,revenue,line-3 trainset 039,line-3,MOS-SYS-001,,,,fleet,service
MOS-RS-L3-040,line-3-040,rolling-stock,revenue,line-3 trainset 040,line-3,MOS-SYS-001,,,,fleet,service
MOS-RS-L3-041,line-3-041,rolling-stock,revenue,line-3 trainset 041,line-3,MOS-SYS-001,,,,fleet,service
MOS-RS-L3-042,line-3-042,rolling-stock,revenue,line-3 trainset 042,line-3,MOS-SYS-001,,,,fleet,service
MOS-RS-L3-043,line-3-043,rolling-stock,revenue,line-3 trainset 043,line-3,MOS-SYS-001,,,,fleet,service
MOS-RS-L3-044,line-3-044,rolling-stock,revenue,line-3 trainset 044,line-3,MOS-SYS-001,,,,fleet,service
MOS-RS-L3-045,line-3-045,rolling-stock,revenue,line-3 trainset 045,line-3,MOS-SYS-001,,,,fleet,service
MOS-RS-L3-046,line-3-046,rolling-stock,revenue,line-3 trainset 046,line-3,MOS-SYS-001,,,,fleet,service
MOS-RS-L3-047,line-3-047,rolling-stock,revenue,line-3 trainset 047,line-3,MOS-SYS-001,,,,fleet,service
MOS-RS-L3-048,line-3-048,rolling-stock,revenue,line-3 trainset 048,line-3,MOS-SYS-001,,,,fleet,service
MOS-RS-L3-049,line-3-049,rolling-stock,revenue,line-3 trainset 049,line-3,MOS-SYS-001,,,,fleet,service
MOS-RS-L3-050,line-3-050,rolling-stock,revenue,line-3 trainset 050,line-3,MOS-SYS-001,,,,fleet,service
MOS-RS-L3-051,line-3-051,rolling-stock,revenue,line-3 trainset 051,line-3,MOS-SYS-001,,,,fleet,service
MOS-RS-L3-052,line-3-052,rolling-stock,revenue,line-3 trainset 052,line-3,MOS-SYS-001,,,,fleet,service
MOS-RS-L3-053,line-3-053,rolling-stock,revenue,line-3 trainset 053,line-3,MOS-SYS-001,,,,fleet,service
MOS-RS-L3-054,line-3-054,rolling-stock,revenue,line-3 trainset 054,line-3,MOS-SYS-001,,,,fleet,service
MOS-RS-L3-055,line-3-055,rolling-stock,revenue,line-3 trainset 055,line-3,MOS-SYS-001,,,,fleet,service
MOS-RS-L3-056,line-3-056,rolling-stock,spare,line-3 trainset 056,line-3,MOS-SYS-001,,,,fleet,service
MOS-RS-L3-057,line-3-057,rolling-stock,spare,line-3 trainset 057,line-3,MOS-SYS-001,,,,fleet,service
MOS-RS-L3-058,line-3-058,rolling-stock,spare,line-3 trainset 058,line-3,MOS-SYS-001,,,,fleet,service
MOS-RS-L3-059,line-3-059,rolling-stock,spare,line-3 trainset 059,line-3,MOS-SYS-001,,,,fleet,service
MOS-RS-L3-060,line-3-060,rolling-stock,spare,line-3 trainset 060,line-3,MOS-SYS-001,,,,fleet,service
MOS-RS-L3-061,line-3-061,rolling-stock,cold-reserve,line-3 trainset 061,line-3,MOS-SYS-001,,,,fleet,service
MOS-RS-L4-001,line-4-001,rolling-stock,revenue,line-4 trainset 001,line-4,MOS-SYS-001,,,,fleet,service
MOS-RS-L4-002,line-4-002,rolling-stock,revenue,line-4 trainset 002,line-4,MOS-SYS-001,,,,fleet,service
MOS-RS-L4-003,line-4-003,rolling-stock,revenue,line-4 trainset 003,line-4,MOS-SYS-001,,,,fleet,service
MOS-RS-L4-004,line-4-004,rolling-stock,revenue,line-4 trainset 004,line-4,MOS-SYS-001,,,,fleet,service
MOS-RS-L4-005,line-4-005,rolling-stock,revenue,line-4 trainset 005,line-4,MOS-SYS-001,,,,fleet,service
MOS-RS-L4-006,line-4-006,rolling-stock,revenue,line-4 trainset 006,line-4,MOS-SYS-001,,,,fleet,service
MOS-RS-L4-007,line-4-007,rolling-stock,revenue,line-4 trainset 007,line-4,MOS-SYS-001,,,,fleet,service
MOS-RS-L4-008,line-4-008,rolling-stock,revenue,line-4 trainset 008,line-4,MOS-SYS-001,,,,fleet,service
MOS-RS-L4-009,line-4-009,rolling-stock,revenue,line-4 trainset 009,line-4,MOS-SYS-001,,,,fleet,service
MOS-RS-L4-010,line-4-010,rolling-stock,revenue,line-4 trainset 010,line-4,MOS-SYS-001,,,,fleet,service
MOS-RS-L4-011,line-4-011,rolling-stock,revenue,line-4 trainset 011,line-4,MOS-SYS-001,,,,fleet,service
MOS-RS-L4-012,line-4-012,rolling-stock,revenue,line-4 trainset 012,line-4,MOS-SYS-001,,,,fleet,service
MOS-RS-L4-013,line-4-013,rolling-stock,revenue,line-4 trainset 013,line-4,MOS-SYS-001,,,,fleet,service
MOS-RS-L4-014,line-4-014,rolling-stock,revenue,line-4 trainset 014,line-4,MOS-SYS-001,,,,fleet,service
MOS-RS-L4-015,line-4-015,rolling-stock,revenue,line-4 trainset 015,line-4,MOS-SYS-001,,,,fleet,service
MOS-RS-L4-016,line-4-016,rolling-stock,revenue,line-4 trainset 016,line-4,MOS-SYS-001,,,,fleet,service
MOS-RS-L4-017,line-4-017,rolling-stock,revenue,line-4 trainset 017,line-4,MOS-SYS-001,,,,fleet,service
MOS-RS-L4-018,line-4-018,rolling-stock,revenue,line-4 trainset 018,line-4,MOS-SYS-001,,,,fleet,service
MOS-RS-L4-019,line-4-019,rolling-stock,revenue,line-4 trainset 019,line-4,MOS-SYS-001,,,,fleet,service
MOS-RS-L4-020,line-4-020,rolling-stock,revenue,line-4 trainset 020,line-4,MOS-SYS-001,,,,fleet,service
MOS-RS-L4-021,line-4-021,rolling-stock,revenue,line-4 trainset 021,line-4,MOS-SYS-001,,,,fleet,service
MOS-RS-L4-022,line-4-022,rolling-stock,revenue,line-4 trainset 022,line-4,MOS-SYS-001,,,,fleet,service
MOS-RS-L4-023,line-4-023,rolling-stock,revenue,line-4 trainset 023,line-4,MOS-SYS-001,,,,fleet,service
MOS-RS-L4-024,line-4-024,rolling-stock,revenue,line-4 trainset 024,line-4,MOS-SYS-001,,,,fleet,service
MOS-RS-L4-025,line-4-025,rolling-stock,revenue,line-4 trainset 025,line-4,MOS-SYS-001,,,,fleet,service
MOS-RS-L4-026,line-4-026,rolling-stock,revenue,line-4 trainset 026,line-4,MOS-SYS-001,,,,fleet,service
MOS-RS-L4-027,line-4-027,rolling-stock,revenue,line-4 trainset 027,line-4,MOS-SYS-001,,,,fleet,service
MOS-RS-L4-028,line-4-028,rolling-stock,revenue,line-4 trainset 028,line-4,MOS-SYS-001,,,,fleet,service
MOS-RS-L4-029,line-4-029,rolling-stock,revenue,line-4 trainset 029,line-4,MOS-SYS-001,,,,fleet,service
MOS-RS-L4-030,line-4-030,rolling-stock,revenue,line-4 trainset 030,line-4,MOS-SYS-001,,,,fleet,service
MOS-RS-L4-031,line-4-031,rolling-stock,revenue,line-4 trainset 031,line-4,MOS-SYS-001,,,,fleet,service
MOS-RS-L4-032,line-4-032,rolling-stock,revenue,line-4 trainset 032,line-4,MOS-SYS-001,,,,fleet,service
MOS-RS-L4-033,line-4-033,rolling-stock,revenue,line-4 trainset 033,line-4,MOS-SYS-001,,,,fleet,service
MOS-RS-L4-034,line-4-034,rolling-stock,revenue,line-4 trainset 034,line-4,MOS-SYS-001,,,,fleet,service
MOS-RS-L4-035,line-4-035,rolling-stock,revenue,line-4 trainset 035,line-4,MOS-SYS-001,,,,fleet,service
MOS-RS-L4-036,line-4-036,rolling-stock,revenue,line-4 trainset 036,line-4,MOS-SYS-001,,,,fleet,service
MOS-RS-L4-037,line-4-037,rolling-stock,revenue,line-4 trainset 037,line-4,MOS-SYS-001,,,,fleet,service
MOS-RS-L4-038,line-4-038,rolling-stock,revenue,line-4 trainset 038,line-4,MOS-SYS-001,,,,fleet,service
MOS-RS-L4-039,line-4-039,rolling-stock,revenue,line-4 trainset 039,line-4,MOS-SYS-001,,,,fleet,service
MOS-RS-L4-040,line-4-040,rolling-stock,revenue,line-4 trainset 040,line-4,MOS-SYS-001,,,,fleet,service
MOS-RS-L4-041,line-4-041,rolling-stock,revenue,line-4 trainset 041,line-4,MOS-SYS-001,,,,fleet,service
MOS-RS-L4-042,line-4-042,rolling-stock,revenue,line-4 trainset 042,line-4,MOS-SYS-001,,,,fleet,service
MOS-RS-L4-043,line-4-043,rolling-stock,revenue,line-4 trainset 043,line-4,MOS-SYS-001,,,,fleet,service
MOS-RS-L4-044,line-4-044,rolling-stock,revenue,line-4 trainset 044,line-4,MOS-SYS-001,,,,fleet,service
MOS-RS-L4-045,line-4-045,rolling-stock,revenue,line-4 trainset 045,line-4,MOS-SYS-001,,,,fleet,service
MOS-RS-L4-046,line-4-046,rolling-stock,revenue,line-4 trainset 046,line-4,MOS-SYS-001,,,,fleet,service
MOS-RS-L4-047,line-4-047,rolling-stock,revenue,line-4 trainset 047,line-4,MOS-SYS-001,,,,fleet,service
MOS-RS-L4-048,line-4-048,rolling-stock,revenue,line-4 trainset 048,line-4,MOS-SYS-001,,,,fleet,service
MOS-RS-L4-049,line-4-049,rolling-stock,revenue,line-4 trainset 049,line-4,MOS-SYS-001,,,,fleet,service
MOS-RS-L4-050,line-4-050,rolling-stock,revenue,line-4 trainset 050,line-4,MOS-SYS-001,,,,fleet,service
MOS-RS-L4-051,line-4-051,rolling-stock,spare,line-4 trainset 051,line-4,MOS-SYS-001,,,,fleet,service
MOS-RS-L4-052,line-4-052,rolling-stock,spare,line-4 trainset 052,line-4,MOS-SYS-001,,,,fleet,service
MOS-RS-L4-053,line-4-053,rolling-stock,spare,line-4 trainset 053,line-4,MOS-SYS-001,,,,fleet,service
MOS-RS-L4-054,line-4-054,rolling-stock,spare,line-4 trainset 054,line-4,MOS-SYS-001,,,,fleet,service
MOS-RS-L4-055,line-4-055,rolling-stock,spare,line-4 trainset 055,line-4,MOS-SYS-001,,,,fleet,service
MOS-RS-L4-056,line-4-056,rolling-stock,cold-reserve,line-4 trainset 056,line-4,MOS-SYS-001,,,,fleet,service
MOS-RS-L5-001,line-5-001,rolling-stock,revenue,line-5 trainset 001,line-5,MOS-SYS-001,,,,fleet,service
MOS-RS-L5-002,line-5-002,rolling-stock,revenue,line-5 trainset 002,line-5,MOS-SYS-001,,,,fleet,service
MOS-RS-L5-003,line-5-003,rolling-stock,revenue,line-5 trainset 003,line-5,MOS-SYS-001,,,,fleet,service
MOS-RS-L5-004,line-5-004,rolling-stock,revenue,line-5 trainset 004,line-5,MOS-SYS-001,,,,fleet,service
MOS-RS-L5-005,line-5-005,rolling-stock,revenue,line-5 trainset 005,line-5,MOS-SYS-001,,,,fleet,service
MOS-RS-L5-006,line-5-006,rolling-stock,revenue,line-5 trainset 006,line-5,MOS-SYS-001,,,,fleet,service
MOS-RS-L5-007,line-5-007,rolling-stock,revenue,line-5 trainset 007,line-5,MOS-SYS-001,,,,fleet,service
MOS-RS-L5-008,line-5-008,rolling-stock,revenue,line-5 trainset 008,line-5,MOS-SYS-001,,,,fleet,service
MOS-RS-L5-009,line-5-009,rolling-stock,revenue,line-5 trainset 009,line-5,MOS-SYS-001,,,,fleet,service
MOS-RS-L5-010,line-5-010,rolling-stock,revenue,line-5 trainset 010,line-5,MOS-SYS-001,,,,fleet,service
MOS-RS-L5-011,line-5-011,rolling-stock,revenue,line-5 trainset 011,line-5,MOS-SYS-001,,,,fleet,service
MOS-RS-L5-012,line-5-012,rolling-stock,revenue,line-5 trainset 012,line-5,MOS-SYS-001,,,,fleet,service
MOS-RS-L5-013,line-5-013,rolling-stock,revenue,line-5 trainset 013,line-5,MOS-SYS-001,,,,fleet,service
MOS-RS-L5-014,line-5-014,rolling-stock,revenue,line-5 trainset 014,line-5,MOS-SYS-001,,,,fleet,service
MOS-RS-L5-015,line-5-015,rolling-stock,revenue,line-5 trainset 015,line-5,MOS-SYS-001,,,,fleet,service
MOS-RS-L5-016,line-5-016,rolling-stock,revenue,line-5 trainset 016,line-5,MOS-SYS-001,,,,fleet,service
MOS-RS-L5-017,line-5-017,rolling-stock,revenue,line-5 trainset 017,line-5,MOS-SYS-001,,,,fleet,service
MOS-RS-L5-018,line-5-018,rolling-stock,revenue,line-5 trainset 018,line-5,MOS-SYS-001,,,,fleet,service
MOS-RS-L5-019,line-5-019,rolling-stock,revenue,line-5 trainset 019,line-5,MOS-SYS-001,,,,fleet,service
MOS-RS-L5-020,line-5-020,rolling-stock,revenue,line-5 trainset 020,line-5,MOS-SYS-001,,,,fleet,service
MOS-RS-L5-021,line-5-021,rolling-stock,revenue,line-5 trainset 021,line-5,MOS-SYS-001,,,,fleet,service
MOS-RS-L5-022,line-5-022,rolling-stock,revenue,line-5 trainset 022,line-5,MOS-SYS-001,,,,fleet,service
MOS-RS-L5-023,line-5-023,rolling-stock,revenue,line-5 trainset 023,line-5,MOS-SYS-001,,,,fleet,service
MOS-RS-L5-024,line-5-024,rolling-stock,revenue,line-5 trainset 024,line-5,MOS-SYS-001,,,,fleet,service
MOS-RS-L5-025,line-5-025,rolling-stock,revenue,line-5 trainset 025,line-5,MOS-SYS-001,,,,fleet,service
MOS-RS-L5-026,line-5-026,rolling-stock,revenue,line-5 trainset 026,line-5,MOS-SYS-001,,,,fleet,service
MOS-RS-L5-027,line-5-027,rolling-stock,revenue,line-5 trainset 027,line-5,MOS-SYS-001,,,,fleet,service
MOS-RS-L5-028,line-5-028,rolling-stock,revenue,line-5 trainset 028,line-5,MOS-SYS-001,,,,fleet,service
MOS-RS-L5-029,line-5-029,rolling-stock,revenue,line-5 trainset 029,line-5,MOS-SYS-001,,,,fleet,service
MOS-RS-L5-030,line-5-030,rolling-stock,revenue,line-5 trainset 030,line-5,MOS-SYS-001,,,,fleet,service
MOS-RS-L5-031,line-5-031,rolling-stock,revenue,line-5 trainset 031,line-5,MOS-SYS-001,,,,fleet,service
MOS-RS-L5-032,line-5-032,rolling-stock,revenue,line-5 trainset 032,line-5,MOS-SYS-001,,,,fleet,service
MOS-RS-L5-033,line-5-033,rolling-stock,revenue,line-5 trainset 033,line-5,MOS-SYS-001,,,,fleet,service
MOS-RS-L5-034,line-5-034,rolling-stock,revenue,line-5 trainset 034,line-5,MOS-SYS-001,,,,fleet,service
MOS-RS-L5-035,line-5-035,rolling-stock,revenue,line-5 trainset 035,line-5,MOS-SYS-001,,,,fleet,service
MOS-RS-L5-036,line-5-036,rolling-stock,revenue,line-5 trainset 036,line-5,MOS-SYS-001,,,,fleet,service
MOS-RS-L5-037,line-5-037,rolling-stock,revenue,line-5 trainset 037,line-5,MOS-SYS-001,,,,fleet,service
MOS-RS-L5-038,line-5-038,rolling-stock,revenue,line-5 trainset 038,line-5,MOS-SYS-001,,,,fleet,service
MOS-RS-L5-039,line-5-039,rolling-stock,revenue,line-5 trainset 039,line-5,MOS-SYS-001,,,,fleet,service
MOS-RS-L5-040,line-5-040,rolling-stock,revenue,line-5 trainset 040,line-5,MOS-SYS-001,,,,fleet,service
MOS-RS-L5-041,line-5-041,rolling-stock,revenue,line-5 trainset 041,line-5,MOS-SYS-001,,,,fleet,service
MOS-RS-L5-042,line-5-042,rolling-stock,revenue,line-5 trainset 042,line-5,MOS-SYS-001,,,,fleet,service
MOS-RS-L5-043,line-5-043,rolling-stock,revenue,line-5 trainset 043,line-5,MOS-SYS-001,,,,fleet,service
MOS-RS-L5-044,line-5-044,rolling-stock,revenue,line-5 trainset 044,line-5,MOS-SYS-001,,,,fleet,service
MOS-RS-L5-045,line-5-045,rolling-stock,revenue,line-5 trainset 045,line-5,MOS-SYS-001,,,,fleet,service
MOS-RS-L5-046,line-5-046,rolling-stock,revenue,line-5 trainset 046,line-5,MOS-SYS-001,,,,fleet,service
MOS-RS-L5-047,line-5-047,rolling-stock,revenue,line-5 trainset 047,line-5,MOS-SYS-001,,,,fleet,service
MOS-RS-L5-048,line-5-048,rolling-stock,revenue,line-5 trainset 048,line-5,MOS-SYS-001,,,,fleet,service
MOS-RS-L5-049,line-5-049,rolling-stock,revenue,line-5 trainset 049,line-5,MOS-SYS-001,,,,fleet,service
MOS-RS-L5-050,line-5-050,rolling-stock,spare,line-5 trainset 050,line-5,MOS-SYS-001,,,,fleet,service
MOS-RS-L5-051,line-5-051,rolling-stock,spare,line-5 trainset 051,line-5,MOS-SYS-001,,,,fleet,service
MOS-RS-L5-052,line-5-052,rolling-stock,spare,line-5 trainset 052,line-5,MOS-SYS-001,,,,fleet,service
MOS-RS-L5-053,line-5-053,rolling-stock,spare,line-5 trainset 053,line-5,MOS-SYS-001,,,,fleet,service
MOS-RS-L5-054,line-5-054,rolling-stock,cold-reserve,line-5 trainset 054,line-5,MOS-SYS-001,,,,fleet,service
MOS-RS-L6-001,line-6-001,rolling-stock,revenue,line-6 trainset 001,line-6,MOS-SYS-001,,,,fleet,service
MOS-RS-L6-002,line-6-002,rolling-stock,revenue,line-6 trainset 002,line-6,MOS-SYS-001,,,,fleet,service
MOS-RS-L6-003,line-6-003,rolling-stock,revenue,line-6 trainset 003,line-6,MOS-SYS-001,,,,fleet,service
MOS-RS-L6-004,line-6-004,rolling-stock,revenue,line-6 trainset 004,line-6,MOS-SYS-001,,,,fleet,service
MOS-RS-L6-005,line-6-005,rolling-stock,revenue,line-6 trainset 005,line-6,MOS-SYS-001,,,,fleet,service
MOS-RS-L6-006,line-6-006,rolling-stock,revenue,line-6 trainset 006,line-6,MOS-SYS-001,,,,fleet,service
MOS-RS-L6-007,line-6-007,rolling-stock,revenue,line-6 trainset 007,line-6,MOS-SYS-001,,,,fleet,service
MOS-RS-L6-008,line-6-008,rolling-stock,revenue,line-6 trainset 008,line-6,MOS-SYS-001,,,,fleet,service
MOS-RS-L6-009,line-6-009,rolling-stock,revenue,line-6 trainset 009,line-6,MOS-SYS-001,,,,fleet,service
MOS-RS-L6-010,line-6-010,rolling-stock,revenue,line-6 trainset 010,line-6,MOS-SYS-001,,,,fleet,service
MOS-RS-L6-011,line-6-011,rolling-stock,revenue,line-6 trainset 011,line-6,MOS-SYS-001,,,,fleet,service
MOS-RS-L6-012,line-6-012,rolling-stock,revenue,line-6 trainset 012,line-6,MOS-SYS-001,,,,fleet,service
MOS-RS-L6-013,line-6-013,rolling-stock,revenue,line-6 trainset 013,line-6,MOS-SYS-001,,,,fleet,service
MOS-RS-L6-014,line-6-014,rolling-stock,revenue,line-6 trainset 014,line-6,MOS-SYS-001,,,,fleet,service
MOS-RS-L6-015,line-6-015,rolling-stock,revenue,line-6 trainset 015,line-6,MOS-SYS-001,,,,fleet,service
MOS-RS-L6-016,line-6-016,rolling-stock,revenue,line-6 trainset 016,line-6,MOS-SYS-001,,,,fleet,service
MOS-RS-L6-017,line-6-017,rolling-stock,revenue,line-6 trainset 017,line-6,MOS-SYS-001,,,,fleet,service
MOS-RS-L6-018,line-6-018,rolling-stock,revenue,line-6 trainset 018,line-6,MOS-SYS-001,,,,fleet,service
MOS-RS-L6-019,line-6-019,rolling-stock,revenue,line-6 trainset 019,line-6,MOS-SYS-001,,,,fleet,service
MOS-RS-L6-020,line-6-020,rolling-stock,revenue,line-6 trainset 020,line-6,MOS-SYS-001,,,,fleet,service
MOS-RS-L6-021,line-6-021,rolling-stock,revenue,line-6 trainset 021,line-6,MOS-SYS-001,,,,fleet,service
MOS-RS-L6-022,line-6-022,rolling-stock,revenue,line-6 trainset 022,line-6,MOS-SYS-001,,,,fleet,service
MOS-RS-L6-023,line-6-023,rolling-stock,revenue,line-6 trainset 023,line-6,MOS-SYS-001,,,,fleet,service
MOS-RS-L6-024,line-6-024,rolling-stock,revenue,line-6 trainset 024,line-6,MOS-SYS-001,,,,fleet,service
MOS-RS-L6-025,line-6-025,rolling-stock,revenue,line-6 trainset 025,line-6,MOS-SYS-001,,,,fleet,service
MOS-RS-L6-026,line-6-026,rolling-stock,revenue,line-6 trainset 026,line-6,MOS-SYS-001,,,,fleet,service
MOS-RS-L6-027,line-6-027,rolling-stock,revenue,line-6 trainset 027,line-6,MOS-SYS-001,,,,fleet,service
MOS-RS-L6-028,line-6-028,rolling-stock,revenue,line-6 trainset 028,line-6,MOS-SYS-001,,,,fleet,service
MOS-RS-L6-029,line-6-029,rolling-stock,revenue,line-6 trainset 029,line-6,MOS-SYS-001,,,,fleet,service
MOS-RS-L6-030,line-6-030,rolling-stock,revenue,line-6 trainset 030,line-6,MOS-SYS-001,,,,fleet,service
MOS-RS-L6-031,line-6-031,rolling-stock,revenue,line-6 trainset 031,line-6,MOS-SYS-001,,,,fleet,service
MOS-RS-L6-032,line-6-032,rolling-stock,spare,line-6 trainset 032,line-6,MOS-SYS-001,,,,fleet,service
MOS-RS-L6-033,line-6-033,rolling-stock,spare,line-6 trainset 033,line-6,MOS-SYS-001,,,,fleet,service
MOS-RS-L6-034,line-6-034,rolling-stock,spare,line-6 trainset 034,line-6,MOS-SYS-001,,,,fleet,service
MOS-RS-L6-035,line-6-035,rolling-stock,cold-reserve,line-6 trainset 035,line-6,MOS-SYS-001,,,,fleet,service
MOS-ST-001,line-1-0120-0123-s000000,station,terminal,line-1-0120-0123-s000000,line-1,MOS-SYS-001,line-1-0120-0123-s000000,0.000,0.000,"36.478314, 42.977549",public
MOS-ST-002,line-1-0143-0234-s002522,station,halt,line-1-0143-0234-s002522,line-1,MOS-SYS-001,line-1-0143-0234-s002522,2.522,2.522,"36.474175, 43.002310",public
MOS-ST-003,line-1-0217-0326-s005022,station,halt,line-1-0217-0326-s005022,line-1,MOS-SYS-001,line-1-0217-0326-s005022,5.022,5.022,"36.460857, 43.022832",public
MOS-ST-004,line-1-0324-0433-s008048,station,halt,line-1-0324-0433-s008048,line-1,MOS-SYS-001,line-1-0324-0433-s008048,8.048,8.048,"36.441601, 43.046700",public
MOS-ST-005,line-1-0442-0496-s011062,station,halt,line-1-0442-0496-s011062,line-1,MOS-SYS-001,line-1-0442-0496-s011062,11.062,11.062,"36.420365, 43.060754",public
MOS-ST-006,line-1-0517-0527-s013084,station,standard,line-1-0517-0527-s013084,line-1,MOS-SYS-001,line-1-0517-0527-s013084,13.084,13.084,"36.406868, 43.067669",public
MOS-ST-007,line-1-0554-0607-s015108,station,standard,سيطره دخوليه گبه وشريخان,line-1,MOS-SYS-001,line-1-0554-0607-s015108,15.108,15.108,"36.400209, 43.085514",public
MOS-ST-008,line-1-0538-0690-s017130,station,interchange-elevated,الكلية التقنية الزراعية-الموصل,line-1,MOS-SYS-001,line-1-0538-0690-s017130,17.130,17.130,"36.403088, 43.104029",public
MOS-ST-009,line-1-0579-0751-s019132,station,interchange-elevated,line-1-0579-0751-s019132,line-1,MOS-SYS-001,line-1-0579-0751-s019132,19.132,19.132,"36.395710, 43.117636",public
MOS-ST-010,line-1-0651-0810-s021108,station,major,كلية العلوم الاسلامية,line-1,MOS-SYS-001,line-1-0651-0810-s021108,21.108,21.108,"36.382752, 43.130797",public
MOS-ST-011,line-1-0684-0857-s022321,station,interchange-elevated,بوابة الجامعة الرئيسية,line-1,MOS-SYS-001,line-1-0684-0857-s022321,22.321,22.321,"36.376813, 43.141282",public
MOS-ST-012,line-1-0694-0896-s023525,station,major,مستشفى إبن الأثير,line-1,MOS-SYS-001,line-1-0694-0896-s023525,23.526,23.526,"36.375013, 43.149981",public
MOS-ST-013,line-1-0727-0976-s025548,station,standard,محلة 501,line-1,MOS-SYS-001,line-1-0727-0976-s025548,25.548,25.548,"36.369075, 43.167827",public
MOS-ST-014,line-1-0807-1016-s027550,station,standard,line-1-0807-1016-s027550,line-1,MOS-SYS-001,line-1-0807-1016-s027550,27.550,27.550,"36.354677, 43.176750",public
MOS-ST-015,line-1-0880-1048-s029556,station,standard,line-1-0880-1048-s029556,line-1,MOS-SYS-001,line-1-0880-1048-s029556,29.556,29.556,"36.341540, 43.183888",public
MOS-ST-016,line-1-0943-1106-s031576,station,standard,برج وحده٤ 6340,line-1,MOS-SYS-001,line-1-0943-1106-s031576,31.576,31.576,"36.330202, 43.196826",public
MOS-ST-017,line-1-0958-1155-s032958,station,standard,حي الميثاق,line-1,MOS-SYS-001,line-1-0958-1155-s032958,32.958,32.958,"36.327502, 43.207756",public
MOS-ST-018,line-1-0991-1201-s034360,station,interchange-elevated,line-1-0991-1201-s034360,line-1,MOS-SYS-001,line-1-0991-1201-s034360,34.360,34.360,"36.321564, 43.218017",public
MOS-ST-019,line-1-0990-1210-s034548,station,depot-terminal,برج انتصار٢ 411,line-1,MOS-SYS-001,line-1-0990-1210-s034548,34.548,34.548,"36.321744, 43.220025",public
MOS-ST-020,line-2-1100-0681-s000000,station,terminal,line-2-1100-0681-s000000,line-2,MOS-SYS-001,line-2-1100-0681-s000000,0.000,0.000,"36.301947, 43.102021",public
MOS-ST-021,line-2-1024-0634-s002009,station,standard,محطة نقل,line-2,MOS-SYS-001,line-2-1024-0634-s002009,2.009,2.009,"36.315625, 43.091537",public
MOS-ST-022,line-2-0953-0705-s004017,station,standard,دورة الاغوات,line-2,MOS-SYS-001,line-2-0953-0705-s004017,4.017,4.017,"36.328402, 43.107375",public
MOS-ST-023,line-2-0878-0767-s006031,station,standard,طبابة ١ حزيران,line-2,MOS-SYS-001,line-2-0878-0767-s006031,6.031,6.031,"36.341900, 43.121205",public
MOS-ST-024,line-2-0827-0790-s007300,station,interchange,line-2-0827-0790-s007300,line-2,MOS-SYS-001,line-2-0827-0790-s007300,7.300,7.300,"36.351078, 43.126336",public
MOS-ST-025,line-2-0778-0780-s008679,station,interchange,قاعة عيون بغداد,line-2,MOS-SYS-001,line-2-0778-0780-s008679,8.679,8.679,"36.359896, 43.124105",public
MOS-ST-026,line-2-0725-0802-s010054,station,standard,جامعة الموصل / كلية العلوم السياسية,line-2,MOS-SYS-001,line-2-0725-0802-s010054,10.054,10.054,"36.369435, 43.129013",public
MOS-ST-027,line-2-0706-0855-s011272,station,interchange-elevated,طبابة الولادات وصحي,line-2,MOS-SYS-001,line-2-0706-0855-s011272,11.272,11.272,"36.372854, 43.140835",public
MOS-ST-028,line-2-0662-0891-s012497,station,major,كلية الاثار,line-2,MOS-SYS-001,line-2-0662-0891-s012497,12.497,12.497,"36.380772, 43.148866",public
MOS-ST-029,line-2-0631-0960-s014521,station,standard,مستشفى الولادة,line-2,MOS-SYS-001,line-2-0631-0960-s014521,14.521,14.521,"36.386351, 43.164258",public
MOS-ST-030,line-2-0593-1033-s016548,station,interchange-elevated,دار جابر المفتي,line-2,MOS-SYS-001,line-2-0593-1033-s016548,16.548,16.548,"36.393190, 43.180542",public
MOS-ST-031,line-2-0577-1049-s017000,station,interchange-elevated,line-2-0577-1049-s017000,line-2,MOS-SYS-001,line-2-0577-1049-s017000,17.000,17.000,"36.396070, 43.184111",public
MOS-ST-032,line-2-0514-1083-s018554,station,standard,line-2-0514-1083-s018554,line-2,MOS-SYS-001,line-2-0514-1083-s018554,18.554,18.554,"36.407407, 43.191695",public
MOS-ST-033,line-2-0386-1138-s021569,station,halt,line-2-0386-1138-s021569,line-2,MOS-SYS-001,line-2-0386-1138-s021569,21.570,21.570,"36.430443, 43.203964",public
MOS-ST-034,line-2-0258-1192-s024577,station,halt,line-2-0258-1192-s024577,line-2,MOS-SYS-001,line-2-0258-1192-s024577,24.577,24.577,"36.453479, 43.216010",public
MOS-ST-035,line-2-0165-1286-s027830,station,halt,line-2-0165-1286-s027830,line-2,MOS-SYS-001,line-2-0165-1286-s027830,27.830,27.830,"36.470216, 43.236978",public
MOS-ST-036,line-2-0046-1367-s031090,station,terminal,line-2-0046-1367-s031090,line-2,MOS-SYS-001,line-2-0046-1367-s031090,31.090,31.090,"36.491632, 43.255047",public
MOS-ST-037,line-3-1140-1113-s000000,station,terminal,السلام,line-3,MOS-SYS-001,line-3-1140-1113-s000000,0.000,0.000,"36.294749, 43.198387",public
MOS-ST-038,line-3-1086-1117-s002002,station,standard,حي سومر,line-3,MOS-SYS-001,line-3-1086-1117-s002002,2.002,2.002,"36.304467, 43.199280",public
MOS-ST-039,line-3-1030-1076-s004020,station,standard,line-3-1030-1076-s004020,line-3,MOS-SYS-001,line-3-1030-1076-s004020,4.021,4.021,"36.314545, 43.190134",public
MOS-ST-040,line-3-0983-1007-s006034,station,standard,line-3-0983-1007-s006034,line-3,MOS-SYS-001,line-3-0983-1007-s006034,6.034,6.034,"36.323003, 43.174742",public
MOS-ST-041,line-3-0928-0929-s008050,station,standard,line-3-0928-0929-s008050,line-3,MOS-SYS-001,line-3-0928-0929-s008050,8.050,8.050,"36.332901, 43.157343",public
MOS-ST-042,line-3-0877-0851-s010055,station,interchange,باب السراي,line-3,MOS-SYS-001,line-3-0877-0851-s010055,10.055,10.055,"36.342080, 43.139943",public
MOS-ST-043,line-3-0838-0790-s011599,station,interchange,line-3-0838-0790-s011599,line-3,MOS-SYS-001,line-3-0838-0790-s011599,11.598,11.598,"36.349098, 43.126336",public
MOS-ST-044,line-3-0807-0685-s014071,station,standard,نفق حي الصحة,line-3,MOS-SYS-001,line-3-0807-0685-s014071,14.071,14.071,"36.354677, 43.102914",public
MOS-ST-045,line-3-0794-0585-s016179,station,interchange,line-3-0794-0585-s016179,line-3,MOS-SYS-001,line-3-0794-0585-s016179,16.179,16.179,"36.357017, 43.080607",public
MOS-ST-046,line-3-0777-0496-s018100,station,standard,محلة 442,line-3,MOS-SYS-001,line-3-0777-0496-s018100,18.100,18.100,"36.360076, 43.060754",public
MOS-ST-047,line-3-0716-0420-s020125,station,standard,line-3-0716-0420-s020125,line-3,MOS-SYS-001,line-3-0716-0420-s020125,20.125,20.125,"36.371054, 43.043800",public
MOS-ST-048,line-3-0667-0291-s023139,station,halt,line-3-0667-0291-s023139,line-3,MOS-SYS-001,line-3-0667-0291-s023139,23.139,23.139,"36.379873, 43.015025",public
MOS-ST-049,line-3-0572-0180-s026146,station,halt,line-3-0572-0180-s026146,line-3,MOS-SYS-001,line-3-0572-0180-s026146,26.146,26.146,"36.396969, 42.990264",public
MOS-ST-050,line-3-0473-0064-s029350,station,terminal,بادوش,line-3,MOS-SYS-001,line-3-0473-0064-s029350,29.350,29.350,"36.414786, 42.964388",public
MOS-ST-051,line-4-0459-1535-s000000,station,terminal,مركز صحي بناية فقط,line-4,MOS-SYS-001,line-4-0459-1535-s000000,0.000,0.000,"36.417306, 43.292522",public
MOS-ST-052,line-4-0506-1404-s003009,station,halt,line-4-0506-1404-s003009,line-4,MOS-SYS-001,line-4-0506-1404-s003009,3.009,3.009,"36.408847, 43.263300",public
MOS-ST-053,line-4-0552-1272-s006030,station,halt,line-4-0552-1272-s006030,line-4,MOS-SYS-001,line-4-0552-1272-s006030,6.030,6.030,"36.400569, 43.233855",public
MOS-ST-054,line-4-0590-1187-s008045,station,standard,line-4-0590-1187-s008045,line-4,MOS-SYS-001,line-4-0590-1187-s008045,8.045,8.045,"36.393730, 43.214894",public
MOS-ST-055,line-4-0643-1117-s009884,station,interchange-elevated,line-4-0643-1117-s009884,line-4,MOS-SYS-001,line-4-0643-1117-s009884,9.884,9.884,"36.384192, 43.199280",public
MOS-ST-056,line-4-0647-1110-s010057,station,interchange-elevated,مركز صحي المحاربين,line-4,MOS-SYS-001,line-4-0647-1110-s010057,10.057,10.057,"36.383472, 43.197718",public
MOS-ST-057,line-4-0711-1041-s012061,station,standard,line-4-0711-1041-s012061,line-4,MOS-SYS-001,line-4-0711-1041-s012061,12.061,12.061,"36.371954, 43.182326",public
MOS-ST-058,line-4-0774-0981-s014086,station,standard,حي نينوى الشرقية,line-4,MOS-SYS-001,line-4-0774-0981-s014086,14.086,14.086,"36.360616, 43.168942",public
MOS-ST-059,line-4-0775-0893-s016086,station,standard,بوابة ماشكي .المسقى,line-4,MOS-SYS-001,line-4-0775-0893-s016086,16.086,16.086,"36.360436, 43.149312",public
MOS-ST-060,line-4-0812-0847-s017456,station,standard,line-4-0812-0847-s017456,line-4,MOS-SYS-001,line-4-0812-0847-s017456,17.456,17.456,"36.353777, 43.139051",public
MOS-ST-061,line-4-0827-0790-s018852,station,interchange,line-4-0827-0790-s018852,line-4,MOS-SYS-001,line-4-0827-0790-s018852,18.852,18.852,"36.351078, 43.126336",public
MOS-ST-062,line-4-0859-0740-s020117,station,standard,شيخ فتحي,line-4,MOS-SYS-001,line-4-0859-0740-s020117,20.117,20.117,"36.345319, 43.115183",public
MOS-ST-063,line-4-0895-0654-s022135,station,standard,كراج تلعفر،سنجار,line-4,MOS-SYS-001,line-4-0895-0654-s022135,22.135,22.135,"36.338840, 43.095999",public
MOS-ST-064,line-4-0895-0554-s024135,station,standard,line-4-0895-0554-s024135,line-4,MOS-SYS-001,line-4-0895-0554-s024135,24.135,24.135,"36.338840, 43.073692",public
MOS-ST-065,line-4-0866-0513-s025430,station,terminal,line-4-0866-0513-s025430,line-4,MOS-SYS-001,line-4-0866-0513-s025430,25.430,25.430,"36.344059, 43.064546",public
MOS-ST-066,line-5-1090-0900-s000000,station,terminal,line-5-1090-0900-s000000,line-5,MOS-SYS-001,line-5-1090-0900-s000000,0.000,0.000,"36.303747, 43.150874",public
MOS-ST-067,line-5-1105-0869-s002013,station,interchange,line-5-1105-0869-s002013,line-5,MOS-SYS-001,line-5-1105-0869-s002013,2.013,2.013,"36.301047, 43.143958",public
MOS-ST-068,line-5-1080-0869-s002513,station,interchange,line-5-1080-0869-s002513,line-5,MOS-SYS-001,line-5-1080-0869-s002513,2.513,2.513,"36.305547, 43.143958",public
MOS-ST-069,line-5-1005-0869-s004013,station,standard,line-5-1005-0869-s004013,line-5,MOS-SYS-001,line-5-1005-0869-s004013,4.013,4.013,"36.319044, 43.143958",public
MOS-ST-070,line-5-0905-0870-s006022,station,standard,كورنيش الموصل,line-5,MOS-SYS-001,line-5-0905-0870-s006022,6.022,6.022,"36.337041, 43.144181",public
MOS-ST-071,line-5-0856-0840-s007318,station,interchange,الجسر الحديدي القديم,line-5,MOS-SYS-001,line-5-0856-0840-s007318,7.319,7.319,"36.345859, 43.137489",public
MOS-ST-072,line-5-0827-0790-s008642,station,interchange,line-5-0827-0790-s008642,line-5,MOS-SYS-001,line-5-0827-0790-s008642,8.642,8.642,"36.351078, 43.126336",public
MOS-ST-073,line-5-0770-0773-s010038,station,interchange,قاعة عيون بغداد,line-5,MOS-SYS-001,line-5-0770-0773-s010038,10.038,10.038,"36.361336, 43.122544",public
MOS-ST-074,line-5-0693-0721-s012054,station,standard,متنزهات الغابات,line-5,MOS-SYS-001,line-5-0693-0721-s012054,12.054,12.054,"36.375193, 43.110944",public
MOS-ST-075,line-5-0615-0743-s013929,station,interchange-elevated,line-5-0615-0743-s013929,line-5,MOS-SYS-001,line-5-0615-0743-s013929,13.929,13.929,"36.389231, 43.115852",public
MOS-ST-076,line-5-0609-0744-s014057,station,interchange-elevated,فندق نينوى ابروي,line-5,MOS-SYS-001,line-5-0609-0744-s014057,14.057,14.057,"36.390311, 43.116075",public
MOS-ST-077,line-5-0538-0679-s016074,station,interchange-elevated,الكلية التقنية الزراعية-الموصل,line-5,MOS-SYS-001,line-5-0538-0679-s016074,16.074,16.074,"36.403088, 43.101575",public
MOS-ST-078,line-5-0481-0635-s018091,station,standard,line-5-0481-0635-s018091,line-5,MOS-SYS-001,line-5-0481-0635-s018091,18.091,18.091,"36.413346, 43.091760",public
MOS-ST-079,line-5-0368-0573-s021092,station,halt,line-5-0368-0573-s021092,line-5,MOS-SYS-001,line-5-0368-0573-s021092,21.092,21.092,"36.433682, 43.077930",public
MOS-ST-080,line-5-0263-0519-s023878,station,terminal,اراضي جابر بن حيان,line-5,MOS-SYS-001,line-5-0263-0519-s023878,23.878,23.878,"36.452579, 43.065884",public
MOS-ST-081,line-6-0412-0833-s001499,station,standard,line-6-0412-0833-s001499,line-6,MOS-SYS-001,line-6-0412-0833-s001499,1.499,1.499,"36.425764, 43.135928",public
MOS-ST-082,line-6-0375-0883-s003005,station,halt,line-6-0375-0883-s003005,line-6,MOS-SYS-001,line-6-0375-0883-s003005,3.005,3.005,"36.432423, 43.147081",public
MOS-ST-083,line-6-0417-0936-s005014,station,standard,line-6-0417-0936-s005014,line-6,MOS-SYS-001,line-6-0417-0936-s005014,5.014,5.014,"36.424864, 43.158904",public
MOS-ST-084,line-6-0505-0965-s007031,station,standard,line-6-0505-0965-s007031,line-6,MOS-SYS-001,line-6-0505-0965-s007031,7.031,7.031,"36.409027, 43.165373",public
MOS-ST-085,line-6-0568-1040-s009053,station,interchange-elevated,ملعب الموصل الاولمبي,line-6,MOS-SYS-001,line-6-0568-1040-s009053,9.053,9.053,"36.397689, 43.182103",public
MOS-ST-086,line-6-0577-1049-s009307,station,interchange-elevated,line-6-0577-1049-s009307,line-6,MOS-SYS-001,line-6-0577-1049-s009307,9.307,9.307,"36.396070, 43.184111",public
MOS-ST-087,line-6-0635-1110-s011055,station,interchange-elevated,مركز صحي المحاربين,line-6,MOS-SYS-001,line-6-0635-1110-s011055,11.055,11.055,"36.385632, 43.197718",public
MOS-ST-088,line-6-0643-1117-s011273,station,interchange-elevated,line-6-0643-1117-s011273,line-6,MOS-SYS-001,line-6-0643-1117-s011273,11.273,11.273,"36.384192, 43.199280",public
MOS-ST-089,line-6-0714-1161-s013057,station,standard,العلماء,line-6,MOS-SYS-001,line-6-0714-1161-s013057,13.057,13.057,"36.371414, 43.209095",public
MOS-ST-090,line-6-0730-1239-s015063,station,standard,مركز صحي الاركان,line-6,MOS-SYS-001,line-6-0730-1239-s015063,15.063,15.063,"36.368535, 43.226494",public
MOS-ST-091,line-6-0780-1230-s017086,station,standard,حي الخضراء,line-6,MOS-SYS-001,line-6-0780-1230-s017086,17.086,17.086,"36.359536, 43.224486",public
MOS-ST-092,line-6-0827-1249-s018588,station,standard,line-6-0827-1249-s018588,line-6,MOS-SYS-001,line-6-0827-1249-s018588,18.588,18.588,"36.351078, 43.228725",public
MOS-ST-093,line-6-0899-1254-s020086,station,halt,line-6-0899-1254-s020086,line-6,MOS-SYS-001,line-6-0899-1254-s020086,20.086,20.086,"36.338120, 43.229840",public
MOS-ST-094,line-6-0977-1225-s022097,station,interchange-elevated,يافا,line-6,MOS-SYS-001,line-6-0977-1225-s022097,22.097,22.097,"36.324083, 43.223371",public
MOS-ST-095,line-6-0991-1201-s022799,station,interchange-elevated,line-6-0991-1201-s022799,line-6,MOS-SYS-001,line-6-0991-1201-s022799,22.799,22.799,"36.321564, 43.218017",public
MOS-ST-096,line-6-1042-1170-s024099,station,standard,line-6-1042-1170-s024099,line-6,MOS-SYS-001,line-6-1042-1170-s024099,24.099,24.099,"36.312385, 43.211102",public
MOS-ST-097,line-6-1177-1190-s027116,station,halt,line-6-1177-1190-s027116,line-6,MOS-SYS-001,line-6-1177-1190-s027116,27.116,27.116,"36.288090, 43.215564",public
MOS-ST-098,line-6-1158-1124-s029773,station,interchange-elevated,سلام٥ 777,line-6,MOS-SYS-001,line-6-1158-1124-s029773,29.773,29.773,"36.291509, 43.200841",public
MOS-ST-099,line-6-1140-1113-s030351,station,interchange-elevated,line-6-1140-1113-s030351,line-6,MOS-SYS-001,line-6-1140-1113-s030351,30.351,30.351,"36.294749, 43.198387",public
MOS-ST-100,line-6-1122-1049-s031792,station,standard,line-6-1122-1049-s031792,line-6,MOS-SYS-001,line-6-1122-1049-s031792,31.792,31.792,"36.297988, 43.184111",public
MOS-ST-101,line-6-1102-0957-s033798,station,standard,line-6-1102-0957-s033798,line-6,MOS-SYS-001,line-6-1102-0957-s033798,33.798,33.798,"36.301587, 43.163588",public
MOS-ST-102,line-6-1090-0900-s035037,station,interchange,line-6-1090-0900-s035037,line-6,MOS-SYS-001,line-6-1090-0900-s035037,35.037,35.037,"36.303747, 43.150874",public
MOS-ST-103,line-6-1080-0869-s035740,station,interchange,line-6-1080-0869-s035740,line-6,MOS-SYS-001,line-6-1080-0869-s035740,35.740,35.740,"36.305547, 43.143958",public
MOS-ST-104,line-6-1065-0776-s037819,station,standard,line-6-1065-0776-s037819,line-6,MOS-SYS-001,line-6-1065-0776-s037819,37.819,37.819,"36.308246, 43.123213",public
MOS-ST-105,line-6-1105-0701-s039833,station,interchange-elevated,line-6-1105-0701-s039833,line-6,MOS-SYS-001,line-6-1105-0701-s039833,39.833,39.833,"36.301047, 43.106483",public
MOS-ST-106,line-6-1100-0681-s040274,station,interchange-elevated,line-6-1100-0681-s040274,line-6,MOS-SYS-001,line-6-1100-0681-s040274,40.274,40.274,"36.301947, 43.102021",public
MOS-ST-107,line-6-1060-0622-s041835,station,standard,line-6-1060-0622-s041835,line-6,MOS-SYS-001,line-6-1060-0622-s041835,41.835,41.835,"36.309146, 43.088860",public
MOS-ST-108,line-6-1046-0527-s043851,station,standard,line-6-1046-0527-s043851,line-6,MOS-SYS-001,line-6-1046-0527-s043851,43.851,43.851,"36.311665, 43.067669",public
MOS-ST-109,line-6-1046-0427-s045851,station,standard,رجم حديد,line-6,MOS-SYS-001,line-6-1046-0427-s045851,45.851,45.851,"36.311665, 43.045362",public
MOS-ST-110,line-6-0981-0462-s047852,station,standard,line-6-0981-0462-s047852,line-6,MOS-SYS-001,line-6-0981-0462-s047852,47.852,47.852,"36.323363, 43.053169",public
MOS-ST-111,line-6-0927-0499-s049867,station,standard,line-6-0927-0499-s049867,line-6,MOS-SYS-001,line-6-0927-0499-s049867,49.867,49.867,"36.333081, 43.061423",public
MOS-ST-112,line-6-0866-0513-s051302,station,interchange,line-6-0866-0513-s051302,line-6,MOS-SYS-001,line-6-0866-0513-s051302,51.302,51.302,"36.344059, 43.064546",public
MOS-ST-113,line-6-0846-0533-s051868,station,interchange,line-6-0846-0533-s051868,line-6,MOS-SYS-001,line-6-0846-0533-s051868,51.868,51.868,"36.347659, 43.069007",public
MOS-ST-114,line-6-0794-0584-s053330,station,interchange,line-6-0794-0584-s053330,line-6,MOS-SYS-001,line-6-0794-0584-s053330,53.330,53.330,"36.357017, 43.080384",public
MOS-ST-115,line-6-0773-0597-s053870,station,interchange,line-6-0773-0597-s053870,line-6,MOS-SYS-001,line-6-0773-0597-s053870,53.870,53.870,"36.360796, 43.083284",public
MOS-ST-116,line-6-0716-0670-s055872,station,standard,line-6-0716-0670-s055872,line-6,MOS-SYS-001,line-6-0716-0670-s055872,55.872,55.872,"36.371054, 43.099568",public
MOS-ST-117,line-6-0640-0729-s057881,station,interchange-elevated,مصرف الدم الرئيسي,line-6,MOS-SYS-001,line-6-0640-0729-s057881,57.881,57.881,"36.384732, 43.112729",public
MOS-ST-118,line-6-0615-0743-s058509,station,interchange-elevated,line-6-0615-0743-s058509,line-6,MOS-SYS-001,line-6-0615-0743-s058509,58.509,58.509,"36.389231, 43.115852",public
MOS-ST-119,line-6-0579-0751-s059311,station,interchange-elevated,line-6-0579-0751-s059311,line-6,MOS-SYS-001,line-6-0579-0751-s059311,59.312,59.312,"36.395710, 43.117636",public
MOS-ST-120,line-6-0562-0768-s059898,station,interchange-elevated,الفاضلية,line-6,MOS-SYS-001,line-6-0562-0768-s059898,59.898,59.898,"36.398769, 43.121428",public
MOS-ST-121,line-6-0476-0743-s061919,station,standard,الصعود في دهوك,line-6,MOS-SYS-001,line-6-0476-0743-s061919,61.919,61.919,"36.414246, 43.115852",public
MOS-TRK-L1-001,line-1-0120-0123-s000000--line-1-0143-0234-s002522,track-section,standard-urban,line-1 section 001,line-1,MOS-SYS-001,line-1-0120-0123-s000000 to line-1-0143-0234-s002522,0.000,2.522,line-1-0120-0123-s000000 to line-1-0143-0234-s002522,safety
MOS-WPT-L1-001,w-node-line-1-0120-0123-s000000--line-1-0143-0234-s002522,waypoint,wayside-node,line-1 waypoint 001,line-1,MOS-TRK-L1-001,line-1-0120-0123-s000000 to line-1-0143-0234-s002522,1.261,1.261,line-1-0120-0123-s000000 to line-1-0143-0234-s002522 midpoint W-Node,safety
MOS-TRK-L1-002,line-1-0143-0234-s002522--line-1-0217-0326-s005022,track-section,standard-urban,line-1 section 002,line-1,MOS-SYS-001,line-1-0143-0234-s002522 to line-1-0217-0326-s005022,2.522,5.022,line-1-0143-0234-s002522 to line-1-0217-0326-s005022,safety
MOS-WPT-L1-002,w-node-line-1-0143-0234-s002522--line-1-0217-0326-s005022,waypoint,wayside-node,line-1 waypoint 002,line-1,MOS-TRK-L1-002,line-1-0143-0234-s002522 to line-1-0217-0326-s005022,3.772,3.772,line-1-0143-0234-s002522 to line-1-0217-0326-s005022 midpoint W-Node,safety
MOS-TRK-L1-003,line-1-0217-0326-s005022--line-1-0324-0433-s008048,track-section,standard-urban,line-1 section 003,line-1,MOS-SYS-001,line-1-0217-0326-s005022 to line-1-0324-0433-s008048,5.022,8.048,line-1-0217-0326-s005022 to line-1-0324-0433-s008048,safety
MOS-WPT-L1-003,w-node-line-1-0217-0326-s005022--line-1-0324-0433-s008048,waypoint,wayside-node,line-1 waypoint 003,line-1,MOS-TRK-L1-003,line-1-0217-0326-s005022 to line-1-0324-0433-s008048,6.535,6.535,line-1-0217-0326-s005022 to line-1-0324-0433-s008048 midpoint W-Node,safety
MOS-TRK-L1-004,line-1-0324-0433-s008048--line-1-0442-0496-s011062,track-section,standard-urban,line-1 section 004,line-1,MOS-SYS-001,line-1-0324-0433-s008048 to line-1-0442-0496-s011062,8.048,11.062,line-1-0324-0433-s008048 to line-1-0442-0496-s011062,safety
MOS-WPT-L1-004,w-node-line-1-0324-0433-s008048--line-1-0442-0496-s011062,waypoint,wayside-node,line-1 waypoint 004,line-1,MOS-TRK-L1-004,line-1-0324-0433-s008048 to line-1-0442-0496-s011062,9.555,9.555,line-1-0324-0433-s008048 to line-1-0442-0496-s011062 midpoint W-Node,safety
MOS-TRK-L1-005,line-1-0442-0496-s011062--line-1-0517-0527-s013084,track-section,standard-urban,line-1 section 005,line-1,MOS-SYS-001,line-1-0442-0496-s011062 to line-1-0517-0527-s013084,11.062,13.084,line-1-0442-0496-s011062 to line-1-0517-0527-s013084,safety
MOS-WPT-L1-005,w-node-line-1-0442-0496-s011062--line-1-0517-0527-s013084,waypoint,wayside-node,line-1 waypoint 005,line-1,MOS-TRK-L1-005,line-1-0442-0496-s011062 to line-1-0517-0527-s013084,12.073,12.073,line-1-0442-0496-s011062 to line-1-0517-0527-s013084 midpoint W-Node,safety
MOS-TRK-L1-006,line-1-0517-0527-s013084--line-1-0554-0607-s015108,track-section,standard-urban,line-1 section 006,line-1,MOS-SYS-001,line-1-0517-0527-s013084 to line-1-0554-0607-s015108,13.084,15.108,line-1-0517-0527-s013084 to سيطره دخوليه گبه وشريخان,safety
MOS-WPT-L1-006,w-node-line-1-0517-0527-s013084--line-1-0554-0607-s015108,waypoint,wayside-node,line-1 waypoint 006,line-1,MOS-TRK-L1-006,line-1-0517-0527-s013084 to line-1-0554-0607-s015108,14.096,14.096,line-1-0517-0527-s013084 to سيطره دخوليه گبه وشريخان midpoint W-Node,safety
MOS-TRK-L1-007,line-1-0554-0607-s015108--line-1-0538-0690-s017130,track-section,standard-urban,line-1 section 007,line-1,MOS-SYS-001,line-1-0554-0607-s015108 to line-1-0538-0690-s017130,15.108,17.130,سيطره دخوليه گبه وشريخان to الكلية التقنية الزراعية-الموصل,safety
MOS-WPT-L1-007,w-node-line-1-0554-0607-s015108--line-1-0538-0690-s017130,waypoint,wayside-node,line-1 waypoint 007,line-1,MOS-TRK-L1-007,line-1-0554-0607-s015108 to line-1-0538-0690-s017130,16.119,16.119,سيطره دخوليه گبه وشريخان to الكلية التقنية الزراعية-الموصل midpoint W-Node,safety
MOS-TRK-L1-008,line-1-0538-0690-s017130--line-1-0579-0751-s019132,track-section,standard-urban,line-1 section 008,line-1,MOS-SYS-001,line-1-0538-0690-s017130 to line-1-0579-0751-s019132,17.130,19.132,الكلية التقنية الزراعية-الموصل to line-1-0579-0751-s019132,safety
MOS-WPT-L1-008,w-node-line-1-0538-0690-s017130--line-1-0579-0751-s019132,waypoint,wayside-node,line-1 waypoint 008,line-1,MOS-TRK-L1-008,line-1-0538-0690-s017130 to line-1-0579-0751-s019132,18.131,18.131,الكلية التقنية الزراعية-الموصل to line-1-0579-0751-s019132 midpoint W-Node,safety
MOS-TRK-L1-009,line-1-0579-0751-s019132--line-1-0651-0810-s021108,track-section,standard-urban,line-1 section 009,line-1,MOS-SYS-001,line-1-0579-0751-s019132 to line-1-0651-0810-s021108,19.132,21.108,line-1-0579-0751-s019132 to كلية العلوم الاسلامية,safety
MOS-WPT-L1-009,w-node-line-1-0579-0751-s019132--line-1-0651-0810-s021108,waypoint,wayside-node,line-1 waypoint 009,line-1,MOS-TRK-L1-009,line-1-0579-0751-s019132 to line-1-0651-0810-s021108,20.120,20.120,line-1-0579-0751-s019132 to كلية العلوم الاسلامية midpoint W-Node,safety
MOS-TRK-L1-010,line-1-0651-0810-s021108--line-1-0684-0857-s022321,track-section,standard-urban,line-1 section 010,line-1,MOS-SYS-001,line-1-0651-0810-s021108 to line-1-0684-0857-s022321,21.108,22.321,كلية العلوم الاسلامية to بوابة الجامعة الرئيسية,safety
MOS-WPT-L1-010,w-node-line-1-0651-0810-s021108--line-1-0684-0857-s022321,waypoint,wayside-node,line-1 waypoint 010,line-1,MOS-TRK-L1-010,line-1-0651-0810-s021108 to line-1-0684-0857-s022321,21.715,21.715,كلية العلوم الاسلامية to بوابة الجامعة الرئيسية midpoint W-Node,safety
MOS-TRK-L1-011,line-1-0684-0857-s022321--line-1-0694-0896-s023525,track-section,standard-urban,line-1 section 011,line-1,MOS-SYS-001,line-1-0684-0857-s022321 to line-1-0694-0896-s023525,22.321,23.526,بوابة الجامعة الرئيسية to مستشفى إبن الأثير,safety
MOS-WPT-L1-011,w-node-line-1-0684-0857-s022321--line-1-0694-0896-s023525,waypoint,wayside-node,line-1 waypoint 011,line-1,MOS-TRK-L1-011,line-1-0684-0857-s022321 to line-1-0694-0896-s023525,22.923,22.923,بوابة الجامعة الرئيسية to مستشفى إبن الأثير midpoint W-Node,safety
MOS-TRK-L1-012,line-1-0694-0896-s023525--line-1-0727-0976-s025548,track-section,standard-urban,line-1 section 012,line-1,MOS-SYS-001,line-1-0694-0896-s023525 to line-1-0727-0976-s025548,23.526,25.548,مستشفى إبن الأثير to محلة 501,safety
MOS-WPT-L1-012,w-node-line-1-0694-0896-s023525--line-1-0727-0976-s025548,waypoint,wayside-node,line-1 waypoint 012,line-1,MOS-TRK-L1-012,line-1-0694-0896-s023525 to line-1-0727-0976-s025548,24.537,24.537,مستشفى إبن الأثير to محلة 501 midpoint W-Node,safety
MOS-TRK-L1-013,line-1-0727-0976-s025548--line-1-0807-1016-s027550,track-section,standard-urban,line-1 section 013,line-1,MOS-SYS-001,line-1-0727-0976-s025548 to line-1-0807-1016-s027550,25.548,27.550,محلة 501 to line-1-0807-1016-s027550,safety
MOS-WPT-L1-013,w-node-line-1-0727-0976-s025548--line-1-0807-1016-s027550,waypoint,wayside-node,line-1 waypoint 013,line-1,MOS-TRK-L1-013,line-1-0727-0976-s025548 to line-1-0807-1016-s027550,26.549,26.549,محلة 501 to line-1-0807-1016-s027550 midpoint W-Node,safety
MOS-TRK-L1-014,line-1-0807-1016-s027550--line-1-0880-1048-s029556,track-section,standard-urban,line-1 section 014,line-1,MOS-SYS-001,line-1-0807-1016-s027550 to line-1-0880-1048-s029556,27.550,29.556,line-1-0807-1016-s027550 to line-1-0880-1048-s029556,safety
MOS-WPT-L1-014,w-node-line-1-0807-1016-s027550--line-1-0880-1048-s029556,waypoint,wayside-node,line-1 waypoint 014,line-1,MOS-TRK-L1-014,line-1-0807-1016-s027550 to line-1-0880-1048-s029556,28.553,28.553,line-1-0807-1016-s027550 to line-1-0880-1048-s029556 midpoint W-Node,safety
MOS-TRK-L1-015,line-1-0880-1048-s029556--line-1-0943-1106-s031576,track-section,standard-urban,line-1 section 015,line-1,MOS-SYS-001,line-1-0880-1048-s029556 to line-1-0943-1106-s031576,29.556,31.576,line-1-0880-1048-s029556 to برج وحده٤ 6340,safety
MOS-WPT-L1-015,w-node-line-1-0880-1048-s029556--line-1-0943-1106-s031576,waypoint,wayside-node,line-1 waypoint 015,line-1,MOS-TRK-L1-015,line-1-0880-1048-s029556 to line-1-0943-1106-s031576,30.566,30.566,line-1-0880-1048-s029556 to برج وحده٤ 6340 midpoint W-Node,safety
MOS-TRK-L1-016,line-1-0943-1106-s031576--line-1-0958-1155-s032958,track-section,standard-urban,line-1 section 016,line-1,MOS-SYS-001,line-1-0943-1106-s031576 to line-1-0958-1155-s032958,31.576,32.958,برج وحده٤ 6340 to حي الميثاق,safety
MOS-WPT-L1-016,w-node-line-1-0943-1106-s031576--line-1-0958-1155-s032958,waypoint,wayside-node,line-1 waypoint 016,line-1,MOS-TRK-L1-016,line-1-0943-1106-s031576 to line-1-0958-1155-s032958,32.267,32.267,برج وحده٤ 6340 to حي الميثاق midpoint W-Node,safety
MOS-TRK-L1-017,line-1-0958-1155-s032958--line-1-0991-1201-s034360,track-section,standard-urban,line-1 section 017,line-1,MOS-SYS-001,line-1-0958-1155-s032958 to line-1-0991-1201-s034360,32.958,34.360,حي الميثاق to line-1-0991-1201-s034360,safety
MOS-WPT-L1-017,w-node-line-1-0958-1155-s032958--line-1-0991-1201-s034360,waypoint,wayside-node,line-1 waypoint 017,line-1,MOS-TRK-L1-017,line-1-0958-1155-s032958 to line-1-0991-1201-s034360,33.659,33.659,حي الميثاق to line-1-0991-1201-s034360 midpoint W-Node,safety
MOS-TRK-L1-018,line-1-0991-1201-s034360--line-1-0990-1210-s034548,track-section,standard-urban,line-1 section 018,line-1,MOS-SYS-001,line-1-0991-1201-s034360 to line-1-0990-1210-s034548,34.360,34.548,line-1-0991-1201-s034360 to برج انتصار٢ 411,safety
MOS-WPT-L1-018,w-node-line-1-0991-1201-s034360--line-1-0990-1210-s034548,waypoint,wayside-node,line-1 waypoint 018,line-1,MOS-TRK-L1-018,line-1-0991-1201-s034360 to line-1-0990-1210-s034548,34.454,34.454,line-1-0991-1201-s034360 to برج انتصار٢ 411 midpoint W-Node,safety
MOS-TRK-L2-001,line-2-1100-0681-s000000--line-2-1024-0634-s002009,track-section,standard-urban,line-2 section 001,line-2,MOS-SYS-001,line-2-1100-0681-s000000 to line-2-1024-0634-s002009,0.000,2.009,line-2-1100-0681-s000000 to محطة نقل,safety
MOS-WPT-L2-001,w-node-line-2-1100-0681-s000000--line-2-1024-0634-s002009,waypoint,wayside-node,line-2 waypoint 001,line-2,MOS-TRK-L2-001,line-2-1100-0681-s000000 to line-2-1024-0634-s002009,1.004,1.004,line-2-1100-0681-s000000 to محطة نقل midpoint W-Node,safety
MOS-TRK-L2-002,line-2-1024-0634-s002009--line-2-0953-0705-s004017,track-section,standard-urban,line-2 section 002,line-2,MOS-SYS-001,line-2-1024-0634-s002009 to line-2-0953-0705-s004017,2.009,4.017,محطة نقل to دورة الاغوات,safety
MOS-WPT-L2-002,w-node-line-2-1024-0634-s002009--line-2-0953-0705-s004017,waypoint,wayside-node,line-2 waypoint 002,line-2,MOS-TRK-L2-002,line-2-1024-0634-s002009 to line-2-0953-0705-s004017,3.013,3.013,محطة نقل to دورة الاغوات midpoint W-Node,safety
MOS-TRK-L2-003,line-2-0953-0705-s004017--line-2-0878-0767-s006031,track-section,standard-urban,line-2 section 003,line-2,MOS-SYS-001,line-2-0953-0705-s004017 to line-2-0878-0767-s006031,4.017,6.031,دورة الاغوات to طبابة ١ حزيران,safety
MOS-WPT-L2-003,w-node-line-2-0953-0705-s004017--line-2-0878-0767-s006031,waypoint,wayside-node,line-2 waypoint 003,line-2,MOS-TRK-L2-003,line-2-0953-0705-s004017 to line-2-0878-0767-s006031,5.024,5.024,دورة الاغوات to طبابة ١ حزيران midpoint W-Node,safety
MOS-TRK-L2-004,line-2-0878-0767-s006031--line-2-0827-0790-s007300,track-section,standard-urban,line-2 section 004,line-2,MOS-SYS-001,line-2-0878-0767-s006031 to line-2-0827-0790-s007300,6.031,7.300,طبابة ١ حزيران to line-2-0827-0790-s007300,safety
MOS-WPT-L2-004,w-node-line-2-0878-0767-s006031--line-2-0827-0790-s007300,waypoint,wayside-node,line-2 waypoint 004,line-2,MOS-TRK-L2-004,line-2-0878-0767-s006031 to line-2-0827-0790-s007300,6.665,6.665,طبابة ١ حزيران to line-2-0827-0790-s007300 midpoint W-Node,safety
MOS-TRK-L2-005,line-2-0827-0790-s007300--line-2-0778-0780-s008679,track-section,standard-urban,line-2 section 005,line-2,MOS-SYS-001,line-2-0827-0790-s007300 to line-2-0778-0780-s008679,7.300,8.679,line-2-0827-0790-s007300 to قاعة عيون بغداد,safety
MOS-WPT-L2-005,w-node-line-2-0827-0790-s007300--line-2-0778-0780-s008679,waypoint,wayside-node,line-2 waypoint 005,line-2,MOS-TRK-L2-005,line-2-0827-0790-s007300 to line-2-0778-0780-s008679,7.990,7.990,line-2-0827-0790-s007300 to قاعة عيون بغداد midpoint W-Node,safety
MOS-TRK-L2-006,line-2-0778-0780-s008679--line-2-0725-0802-s010054,track-section,standard-urban,line-2 section 006,line-2,MOS-SYS-001,line-2-0778-0780-s008679 to line-2-0725-0802-s010054,8.679,10.054,قاعة عيون بغداد to جامعة الموصل / كلية العلوم السياسية,safety
MOS-WPT-L2-006,w-node-line-2-0778-0780-s008679--line-2-0725-0802-s010054,waypoint,wayside-node,line-2 waypoint 006,line-2,MOS-TRK-L2-006,line-2-0778-0780-s008679 to line-2-0725-0802-s010054,9.367,9.367,قاعة عيون بغداد to جامعة الموصل / كلية العلوم السياسية midpoint W-Node,safety
MOS-TRK-L2-007,line-2-0725-0802-s010054--line-2-0706-0855-s011272,track-section,standard-urban,line-2 section 007,line-2,MOS-SYS-001,line-2-0725-0802-s010054 to line-2-0706-0855-s011272,10.054,11.272,جامعة الموصل / كلية العلوم السياسية to طبابة الولادات وصحي,safety
MOS-WPT-L2-007,w-node-line-2-0725-0802-s010054--line-2-0706-0855-s011272,waypoint,wayside-node,line-2 waypoint 007,line-2,MOS-TRK-L2-007,line-2-0725-0802-s010054 to line-2-0706-0855-s011272,10.663,10.663,جامعة الموصل / كلية العلوم السياسية to طبابة الولادات وصحي midpoint W-Node,safety
MOS-TRK-L2-008,line-2-0706-0855-s011272--line-2-0662-0891-s012497,track-section,standard-urban,line-2 section 008,line-2,MOS-SYS-001,line-2-0706-0855-s011272 to line-2-0662-0891-s012497,11.272,12.497,طبابة الولادات وصحي to كلية الاثار,safety
MOS-WPT-L2-008,w-node-line-2-0706-0855-s011272--line-2-0662-0891-s012497,waypoint,wayside-node,line-2 waypoint 008,line-2,MOS-TRK-L2-008,line-2-0706-0855-s011272 to line-2-0662-0891-s012497,11.884,11.884,طبابة الولادات وصحي to كلية الاثار midpoint W-Node,safety
MOS-TRK-L2-009,line-2-0662-0891-s012497--line-2-0631-0960-s014521,track-section,standard-urban,line-2 section 009,line-2,MOS-SYS-001,line-2-0662-0891-s012497 to line-2-0631-0960-s014521,12.497,14.521,كلية الاثار to مستشفى الولادة,safety
MOS-WPT-L2-009,w-node-line-2-0662-0891-s012497--line-2-0631-0960-s014521,waypoint,wayside-node,line-2 waypoint 009,line-2,MOS-TRK-L2-009,line-2-0662-0891-s012497 to line-2-0631-0960-s014521,13.509,13.509,كلية الاثار to مستشفى الولادة midpoint W-Node,safety
MOS-TRK-L2-010,line-2-0631-0960-s014521--line-2-0593-1033-s016548,track-section,standard-urban,line-2 section 010,line-2,MOS-SYS-001,line-2-0631-0960-s014521 to line-2-0593-1033-s016548,14.521,16.548,مستشفى الولادة to دار جابر المفتي,safety
MOS-WPT-L2-010,w-node-line-2-0631-0960-s014521--line-2-0593-1033-s016548,waypoint,wayside-node,line-2 waypoint 010,line-2,MOS-TRK-L2-010,line-2-0631-0960-s014521 to line-2-0593-1033-s016548,15.534,15.534,مستشفى الولادة to دار جابر المفتي midpoint W-Node,safety
MOS-TRK-L2-011,line-2-0593-1033-s016548--line-2-0577-1049-s017000,track-section,standard-urban,line-2 section 011,line-2,MOS-SYS-001,line-2-0593-1033-s016548 to line-2-0577-1049-s017000,16.548,17.000,دار جابر المفتي to line-2-0577-1049-s017000,safety
MOS-WPT-L2-011,w-node-line-2-0593-1033-s016548--line-2-0577-1049-s017000,waypoint,wayside-node,line-2 waypoint 011,line-2,MOS-TRK-L2-011,line-2-0593-1033-s016548 to line-2-0577-1049-s017000,16.774,16.774,دار جابر المفتي to line-2-0577-1049-s017000 midpoint W-Node,safety
MOS-TRK-L2-012,line-2-0577-1049-s017000--line-2-0514-1083-s018554,track-section,standard-urban,line-2 section 012,line-2,MOS-SYS-001,line-2-0577-1049-s017000 to line-2-0514-1083-s018554,17.000,18.554,line-2-0577-1049-s017000 to line-2-0514-1083-s018554,safety
MOS-WPT-L2-012,w-node-line-2-0577-1049-s017000--line-2-0514-1083-s018554,waypoint,wayside-node,line-2 waypoint 012,line-2,MOS-TRK-L2-012,line-2-0577-1049-s017000 to line-2-0514-1083-s018554,17.777,17.777,line-2-0577-1049-s017000 to line-2-0514-1083-s018554 midpoint W-Node,safety
MOS-TRK-L2-013,line-2-0514-1083-s018554--line-2-0386-1138-s021569,track-section,standard-urban,line-2 section 013,line-2,MOS-SYS-001,line-2-0514-1083-s018554 to line-2-0386-1138-s021569,18.554,21.570,line-2-0514-1083-s018554 to line-2-0386-1138-s021569,safety
MOS-WPT-L2-013,w-node-line-2-0514-1083-s018554--line-2-0386-1138-s021569,waypoint,wayside-node,line-2 waypoint 013,line-2,MOS-TRK-L2-013,line-2-0514-1083-s018554 to line-2-0386-1138-s021569,20.062,20.062,line-2-0514-1083-s018554 to line-2-0386-1138-s021569 midpoint W-Node,safety
MOS-TRK-L2-014,line-2-0386-1138-s021569--line-2-0258-1192-s024577,track-section,standard-urban,line-2 section 014,line-2,MOS-SYS-001,line-2-0386-1138-s021569 to line-2-0258-1192-s024577,21.570,24.577,line-2-0386-1138-s021569 to line-2-0258-1192-s024577,safety
MOS-WPT-L2-014,w-node-line-2-0386-1138-s021569--line-2-0258-1192-s024577,waypoint,wayside-node,line-2 waypoint 014,line-2,MOS-TRK-L2-014,line-2-0386-1138-s021569 to line-2-0258-1192-s024577,23.073,23.073,line-2-0386-1138-s021569 to line-2-0258-1192-s024577 midpoint W-Node,safety
MOS-TRK-L2-015,line-2-0258-1192-s024577--line-2-0165-1286-s027830,track-section,standard-urban,line-2 section 015,line-2,MOS-SYS-001,line-2-0258-1192-s024577 to line-2-0165-1286-s027830,24.577,27.830,line-2-0258-1192-s024577 to line-2-0165-1286-s027830,safety
MOS-WPT-L2-015,w-node-line-2-0258-1192-s024577--line-2-0165-1286-s027830,waypoint,wayside-node,line-2 waypoint 015,line-2,MOS-TRK-L2-015,line-2-0258-1192-s024577 to line-2-0165-1286-s027830,26.203,26.203,line-2-0258-1192-s024577 to line-2-0165-1286-s027830 midpoint W-Node,safety
MOS-TRK-L2-016,line-2-0165-1286-s027830--line-2-0046-1367-s031090,track-section,standard-urban,line-2 section 016,line-2,MOS-SYS-001,line-2-0165-1286-s027830 to line-2-0046-1367-s031090,27.830,31.090,line-2-0165-1286-s027830 to line-2-0046-1367-s031090,safety
MOS-WPT-L2-016,w-node-line-2-0165-1286-s027830--line-2-0046-1367-s031090,waypoint,wayside-node,line-2 waypoint 016,line-2,MOS-TRK-L2-016,line-2-0165-1286-s027830 to line-2-0046-1367-s031090,29.460,29.460,line-2-0165-1286-s027830 to line-2-0046-1367-s031090 midpoint W-Node,safety
MOS-TRK-L3-001,line-3-1140-1113-s000000--line-3-1086-1117-s002002,track-section,standard-urban,line-3 section 001,line-3,MOS-SYS-001,line-3-1140-1113-s000000 to line-3-1086-1117-s002002,0.000,2.002,السلام to حي سومر,safety
MOS-WPT-L3-001,w-node-line-3-1140-1113-s000000--line-3-1086-1117-s002002,waypoint,wayside-node,line-3 waypoint 001,line-3,MOS-TRK-L3-001,line-3-1140-1113-s000000 to line-3-1086-1117-s002002,1.001,1.001,السلام to حي سومر midpoint W-Node,safety
MOS-TRK-L3-002,line-3-1086-1117-s002002--line-3-1030-1076-s004020,track-section,standard-urban,line-3 section 002,line-3,MOS-SYS-001,line-3-1086-1117-s002002 to line-3-1030-1076-s004020,2.002,4.021,حي سومر to line-3-1030-1076-s004020,safety
MOS-WPT-L3-002,w-node-line-3-1086-1117-s002002--line-3-1030-1076-s004020,waypoint,wayside-node,line-3 waypoint 002,line-3,MOS-TRK-L3-002,line-3-1086-1117-s002002 to line-3-1030-1076-s004020,3.011,3.011,حي سومر to line-3-1030-1076-s004020 midpoint W-Node,safety
MOS-TRK-L3-003,line-3-1030-1076-s004020--line-3-0983-1007-s006034,track-section,standard-urban,line-3 section 003,line-3,MOS-SYS-001,line-3-1030-1076-s004020 to line-3-0983-1007-s006034,4.021,6.034,line-3-1030-1076-s004020 to line-3-0983-1007-s006034,safety
MOS-WPT-L3-003,w-node-line-3-1030-1076-s004020--line-3-0983-1007-s006034,waypoint,wayside-node,line-3 waypoint 003,line-3,MOS-TRK-L3-003,line-3-1030-1076-s004020 to line-3-0983-1007-s006034,5.027,5.027,line-3-1030-1076-s004020 to line-3-0983-1007-s006034 midpoint W-Node,safety
MOS-TRK-L3-004,line-3-0983-1007-s006034--line-3-0928-0929-s008050,track-section,standard-urban,line-3 section 004,line-3,MOS-SYS-001,line-3-0983-1007-s006034 to line-3-0928-0929-s008050,6.034,8.050,line-3-0983-1007-s006034 to line-3-0928-0929-s008050,safety
MOS-WPT-L3-004,w-node-line-3-0983-1007-s006034--line-3-0928-0929-s008050,waypoint,wayside-node,line-3 waypoint 004,line-3,MOS-TRK-L3-004,line-3-0983-1007-s006034 to line-3-0928-0929-s008050,7.042,7.042,line-3-0983-1007-s006034 to line-3-0928-0929-s008050 midpoint W-Node,safety
MOS-TRK-L3-005,line-3-0928-0929-s008050--line-3-0877-0851-s010055,track-section,standard-urban,line-3 section 005,line-3,MOS-SYS-001,line-3-0928-0929-s008050 to line-3-0877-0851-s010055,8.050,10.055,line-3-0928-0929-s008050 to باب السراي,safety
MOS-WPT-L3-005,w-node-line-3-0928-0929-s008050--line-3-0877-0851-s010055,waypoint,wayside-node,line-3 waypoint 005,line-3,MOS-TRK-L3-005,line-3-0928-0929-s008050 to line-3-0877-0851-s010055,9.052,9.052,line-3-0928-0929-s008050 to باب السراي midpoint W-Node,safety
MOS-TRK-L3-006,line-3-0877-0851-s010055--line-3-0838-0790-s011599,track-section,standard-urban,line-3 section 006,line-3,MOS-SYS-001,line-3-0877-0851-s010055 to line-3-0838-0790-s011599,10.055,11.598,باب السراي to line-3-0838-0790-s011599,safety
MOS-WPT-L3-006,w-node-line-3-0877-0851-s010055--line-3-0838-0790-s011599,waypoint,wayside-node,line-3 waypoint 006,line-3,MOS-TRK-L3-006,line-3-0877-0851-s010055 to line-3-0838-0790-s011599,10.827,10.827,باب السراي to line-3-0838-0790-s011599 midpoint W-Node,safety
MOS-TRK-L3-007,line-3-0838-0790-s011599--line-3-0807-0685-s014071,track-section,standard-urban,line-3 section 007,line-3,MOS-SYS-001,line-3-0838-0790-s011599 to line-3-0807-0685-s014071,11.598,14.071,line-3-0838-0790-s011599 to نفق حي الصحة,safety
MOS-WPT-L3-007,w-node-line-3-0838-0790-s011599--line-3-0807-0685-s014071,waypoint,wayside-node,line-3 waypoint 007,line-3,MOS-TRK-L3-007,line-3-0838-0790-s011599 to line-3-0807-0685-s014071,12.835,12.835,line-3-0838-0790-s011599 to نفق حي الصحة midpoint W-Node,safety
MOS-TRK-L3-008,line-3-0807-0685-s014071--line-3-0794-0585-s016179,track-section,standard-urban,line-3 section 008,line-3,MOS-SYS-001,line-3-0807-0685-s014071 to line-3-0794-0585-s016179,14.071,16.179,نفق حي الصحة to line-3-0794-0585-s016179,safety
MOS-WPT-L3-008,w-node-line-3-0807-0685-s014071--line-3-0794-0585-s016179,waypoint,wayside-node,line-3 waypoint 008,line-3,MOS-TRK-L3-008,line-3-0807-0685-s014071 to line-3-0794-0585-s016179,15.125,15.125,نفق حي الصحة to line-3-0794-0585-s016179 midpoint W-Node,safety
MOS-TRK-L3-009,line-3-0794-0585-s016179--line-3-0777-0496-s018100,track-section,standard-urban,line-3 section 009,line-3,MOS-SYS-001,line-3-0794-0585-s016179 to line-3-0777-0496-s018100,16.179,18.100,line-3-0794-0585-s016179 to محلة 442,safety
MOS-WPT-L3-009,w-node-line-3-0794-0585-s016179--line-3-0777-0496-s018100,waypoint,wayside-node,line-3 waypoint 009,line-3,MOS-TRK-L3-009,line-3-0794-0585-s016179 to line-3-0777-0496-s018100,17.139,17.139,line-3-0794-0585-s016179 to محلة 442 midpoint W-Node,safety
MOS-TRK-L3-010,line-3-0777-0496-s018100--line-3-0716-0420-s020125,track-section,standard-urban,line-3 section 010,line-3,MOS-SYS-001,line-3-0777-0496-s018100 to line-3-0716-0420-s020125,18.100,20.125,محلة 442 to line-3-0716-0420-s020125,safety
MOS-WPT-L3-010,w-node-line-3-0777-0496-s018100--line-3-0716-0420-s020125,waypoint,wayside-node,line-3 waypoint 010,line-3,MOS-TRK-L3-010,line-3-0777-0496-s018100 to line-3-0716-0420-s020125,19.113,19.113,محلة 442 to line-3-0716-0420-s020125 midpoint W-Node,safety
MOS-TRK-L3-011,line-3-0716-0420-s020125--line-3-0667-0291-s023139,track-section,standard-urban,line-3 section 011,line-3,MOS-SYS-001,line-3-0716-0420-s020125 to line-3-0667-0291-s023139,20.125,23.139,line-3-0716-0420-s020125 to line-3-0667-0291-s023139,safety
MOS-WPT-L3-011,w-node-line-3-0716-0420-s020125--line-3-0667-0291-s023139,waypoint,wayside-node,line-3 waypoint 011,line-3,MOS-TRK-L3-011,line-3-0716-0420-s020125 to line-3-0667-0291-s023139,21.632,21.632,line-3-0716-0420-s020125 to line-3-0667-0291-s023139 midpoint W-Node,safety
MOS-TRK-L3-012,line-3-0667-0291-s023139--line-3-0572-0180-s026146,track-section,standard-urban,line-3 section 012,line-3,MOS-SYS-001,line-3-0667-0291-s023139 to line-3-0572-0180-s026146,23.139,26.146,line-3-0667-0291-s023139 to line-3-0572-0180-s026146,safety
MOS-WPT-L3-012,w-node-line-3-0667-0291-s023139--line-3-0572-0180-s026146,waypoint,wayside-node,line-3 waypoint 012,line-3,MOS-TRK-L3-012,line-3-0667-0291-s023139 to line-3-0572-0180-s026146,24.643,24.643,line-3-0667-0291-s023139 to line-3-0572-0180-s026146 midpoint W-Node,safety
MOS-TRK-L3-013,line-3-0572-0180-s026146--line-3-0473-0064-s029350,track-section,standard-urban,line-3 section 013,line-3,MOS-SYS-001,line-3-0572-0180-s026146 to line-3-0473-0064-s029350,26.146,29.350,line-3-0572-0180-s026146 to بادوش,safety
MOS-WPT-L3-013,w-node-line-3-0572-0180-s026146--line-3-0473-0064-s029350,waypoint,wayside-node,line-3 waypoint 013,line-3,MOS-TRK-L3-013,line-3-0572-0180-s026146 to line-3-0473-0064-s029350,27.748,27.748,line-3-0572-0180-s026146 to بادوش midpoint W-Node,safety
MOS-TRK-L4-001,line-4-0459-1535-s000000--line-4-0506-1404-s003009,track-section,standard-urban,line-4 section 001,line-4,MOS-SYS-001,line-4-0459-1535-s000000 to line-4-0506-1404-s003009,0.000,3.009,مركز صحي بناية فقط to line-4-0506-1404-s003009,safety
MOS-WPT-L4-001,w-node-line-4-0459-1535-s000000--line-4-0506-1404-s003009,waypoint,wayside-node,line-4 waypoint 001,line-4,MOS-TRK-L4-001,line-4-0459-1535-s000000 to line-4-0506-1404-s003009,1.505,1.505,مركز صحي بناية فقط to line-4-0506-1404-s003009 midpoint W-Node,safety
MOS-TRK-L4-002,line-4-0506-1404-s003009--line-4-0552-1272-s006030,track-section,standard-urban,line-4 section 002,line-4,MOS-SYS-001,line-4-0506-1404-s003009 to line-4-0552-1272-s006030,3.009,6.030,line-4-0506-1404-s003009 to line-4-0552-1272-s006030,safety
MOS-WPT-L4-002,w-node-line-4-0506-1404-s003009--line-4-0552-1272-s006030,waypoint,wayside-node,line-4 waypoint 002,line-4,MOS-TRK-L4-002,line-4-0506-1404-s003009 to line-4-0552-1272-s006030,4.520,4.520,line-4-0506-1404-s003009 to line-4-0552-1272-s006030 midpoint W-Node,safety
MOS-TRK-L4-003,line-4-0552-1272-s006030--line-4-0590-1187-s008045,track-section,standard-urban,line-4 section 003,line-4,MOS-SYS-001,line-4-0552-1272-s006030 to line-4-0590-1187-s008045,6.030,8.045,line-4-0552-1272-s006030 to line-4-0590-1187-s008045,safety
MOS-WPT-L4-003,w-node-line-4-0552-1272-s006030--line-4-0590-1187-s008045,waypoint,wayside-node,line-4 waypoint 003,line-4,MOS-TRK-L4-003,line-4-0552-1272-s006030 to line-4-0590-1187-s008045,7.038,7.038,line-4-0552-1272-s006030 to line-4-0590-1187-s008045 midpoint W-Node,safety
MOS-TRK-L4-004,line-4-0590-1187-s008045--line-4-0643-1117-s009884,track-section,standard-urban,line-4 section 004,line-4,MOS-SYS-001,line-4-0590-1187-s008045 to line-4-0643-1117-s009884,8.045,9.884,line-4-0590-1187-s008045 to line-4-0643-1117-s009884,safety
MOS-WPT-L4-004,w-node-line-4-0590-1187-s008045--line-4-0643-1117-s009884,waypoint,wayside-node,line-4 waypoint 004,line-4,MOS-TRK-L4-004,line-4-0590-1187-s008045 to line-4-0643-1117-s009884,8.965,8.965,line-4-0590-1187-s008045 to line-4-0643-1117-s009884 midpoint W-Node,safety
MOS-TRK-L4-005,line-4-0643-1117-s009884--line-4-0647-1110-s010057,track-section,standard-urban,line-4 section 005,line-4,MOS-SYS-001,line-4-0643-1117-s009884 to line-4-0647-1110-s010057,9.884,10.057,line-4-0643-1117-s009884 to مركز صحي المحاربين,safety
MOS-WPT-L4-005,w-node-line-4-0643-1117-s009884--line-4-0647-1110-s010057,waypoint,wayside-node,line-4 waypoint 005,line-4,MOS-TRK-L4-005,line-4-0643-1117-s009884 to line-4-0647-1110-s010057,9.971,9.971,line-4-0643-1117-s009884 to مركز صحي المحاربين midpoint W-Node,safety
MOS-TRK-L4-006,line-4-0647-1110-s010057--line-4-0711-1041-s012061,track-section,standard-urban,line-4 section 006,line-4,MOS-SYS-001,line-4-0647-1110-s010057 to line-4-0711-1041-s012061,10.057,12.061,مركز صحي المحاربين to line-4-0711-1041-s012061,safety
MOS-WPT-L4-006,w-node-line-4-0647-1110-s010057--line-4-0711-1041-s012061,waypoint,wayside-node,line-4 waypoint 006,line-4,MOS-TRK-L4-006,line-4-0647-1110-s010057 to line-4-0711-1041-s012061,11.059,11.059,مركز صحي المحاربين to line-4-0711-1041-s012061 midpoint W-Node,safety
MOS-TRK-L4-007,line-4-0711-1041-s012061--line-4-0774-0981-s014086,track-section,standard-urban,line-4 section 007,line-4,MOS-SYS-001,line-4-0711-1041-s012061 to line-4-0774-0981-s014086,12.061,14.086,line-4-0711-1041-s012061 to حي نينوى الشرقية,safety
MOS-WPT-L4-007,w-node-line-4-0711-1041-s012061--line-4-0774-0981-s014086,waypoint,wayside-node,line-4 waypoint 007,line-4,MOS-TRK-L4-007,line-4-0711-1041-s012061 to line-4-0774-0981-s014086,13.074,13.074,line-4-0711-1041-s012061 to حي نينوى الشرقية midpoint W-Node,safety
MOS-TRK-L4-008,line-4-0774-0981-s014086--line-4-0775-0893-s016086,track-section,standard-urban,line-4 section 008,line-4,MOS-SYS-001,line-4-0774-0981-s014086 to line-4-0775-0893-s016086,14.086,16.086,حي نينوى الشرقية to بوابة ماشكي .المسقى,safety
MOS-WPT-L4-008,w-node-line-4-0774-0981-s014086--line-4-0775-0893-s016086,waypoint,wayside-node,line-4 waypoint 008,line-4,MOS-TRK-L4-008,line-4-0774-0981-s014086 to line-4-0775-0893-s016086,15.086,15.086,حي نينوى الشرقية to بوابة ماشكي .المسقى midpoint W-Node,safety
MOS-TRK-L4-009,line-4-0775-0893-s016086--line-4-0812-0847-s017456,track-section,standard-urban,line-4 section 009,line-4,MOS-SYS-001,line-4-0775-0893-s016086 to line-4-0812-0847-s017456,16.086,17.456,بوابة ماشكي .المسقى to line-4-0812-0847-s017456,safety
MOS-WPT-L4-009,w-node-line-4-0775-0893-s016086--line-4-0812-0847-s017456,waypoint,wayside-node,line-4 waypoint 009,line-4,MOS-TRK-L4-009,line-4-0775-0893-s016086 to line-4-0812-0847-s017456,16.771,16.771,بوابة ماشكي .المسقى to line-4-0812-0847-s017456 midpoint W-Node,safety
MOS-TRK-L4-010,line-4-0812-0847-s017456--line-4-0827-0790-s018852,track-section,standard-urban,line-4 section 010,line-4,MOS-SYS-001,line-4-0812-0847-s017456 to line-4-0827-0790-s018852,17.456,18.852,line-4-0812-0847-s017456 to line-4-0827-0790-s018852,safety
MOS-WPT-L4-010,w-node-line-4-0812-0847-s017456--line-4-0827-0790-s018852,waypoint,wayside-node,line-4 waypoint 010,line-4,MOS-TRK-L4-010,line-4-0812-0847-s017456 to line-4-0827-0790-s018852,18.154,18.154,line-4-0812-0847-s017456 to line-4-0827-0790-s018852 midpoint W-Node,safety
MOS-TRK-L4-011,line-4-0827-0790-s018852--line-4-0859-0740-s020117,track-section,standard-urban,line-4 section 011,line-4,MOS-SYS-001,line-4-0827-0790-s018852 to line-4-0859-0740-s020117,18.852,20.117,line-4-0827-0790-s018852 to شيخ فتحي,safety
MOS-WPT-L4-011,w-node-line-4-0827-0790-s018852--line-4-0859-0740-s020117,waypoint,wayside-node,line-4 waypoint 011,line-4,MOS-TRK-L4-011,line-4-0827-0790-s018852 to line-4-0859-0740-s020117,19.485,19.485,line-4-0827-0790-s018852 to شيخ فتحي midpoint W-Node,safety
MOS-TRK-L4-012,line-4-0859-0740-s020117--line-4-0895-0654-s022135,track-section,standard-urban,line-4 section 012,line-4,MOS-SYS-001,line-4-0859-0740-s020117 to line-4-0895-0654-s022135,20.117,22.135,شيخ فتحي to كراج تلعفر،سنجار,safety
MOS-WPT-L4-012,w-node-line-4-0859-0740-s020117--line-4-0895-0654-s022135,waypoint,wayside-node,line-4 waypoint 012,line-4,MOS-TRK-L4-012,line-4-0859-0740-s020117 to line-4-0895-0654-s022135,21.126,21.126,شيخ فتحي to كراج تلعفر،سنجار midpoint W-Node,safety
MOS-TRK-L4-013,line-4-0895-0654-s022135--line-4-0895-0554-s024135,track-section,standard-urban,line-4 section 013,line-4,MOS-SYS-001,line-4-0895-0654-s022135 to line-4-0895-0554-s024135,22.135,24.135,كراج تلعفر،سنجار to line-4-0895-0554-s024135,safety
MOS-WPT-L4-013,w-node-line-4-0895-0654-s022135--line-4-0895-0554-s024135,waypoint,wayside-node,line-4 waypoint 013,line-4,MOS-TRK-L4-013,line-4-0895-0654-s022135 to line-4-0895-0554-s024135,23.135,23.135,كراج تلعفر،سنجار to line-4-0895-0554-s024135 midpoint W-Node,safety
MOS-TRK-L4-014,line-4-0895-0554-s024135--line-4-0866-0513-s025430,track-section,standard-urban,line-4 section 014,line-4,MOS-SYS-001,line-4-0895-0554-s024135 to line-4-0866-0513-s025430,24.135,25.430,line-4-0895-0554-s024135 to line-4-0866-0513-s025430,safety
MOS-WPT-L4-014,w-node-line-4-0895-0554-s024135--line-4-0866-0513-s025430,waypoint,wayside-node,line-4 waypoint 014,line-4,MOS-TRK-L4-014,line-4-0895-0554-s024135 to line-4-0866-0513-s025430,24.783,24.783,line-4-0895-0554-s024135 to line-4-0866-0513-s025430 midpoint W-Node,safety
MOS-TRK-L5-001,line-5-1090-0900-s000000--line-5-1105-0869-s002013,track-section,standard-urban,line-5 section 001,line-5,MOS-SYS-001,line-5-1090-0900-s000000 to line-5-1105-0869-s002013,0.000,2.013,line-5-1090-0900-s000000 to line-5-1105-0869-s002013,safety
MOS-WPT-L5-001,w-node-line-5-1090-0900-s000000--line-5-1105-0869-s002013,waypoint,wayside-node,line-5 waypoint 001,line-5,MOS-TRK-L5-001,line-5-1090-0900-s000000 to line-5-1105-0869-s002013,1.007,1.007,line-5-1090-0900-s000000 to line-5-1105-0869-s002013 midpoint W-Node,safety
MOS-TRK-L5-002,line-5-1105-0869-s002013--line-5-1080-0869-s002513,track-section,standard-urban,line-5 section 002,line-5,MOS-SYS-001,line-5-1105-0869-s002013 to line-5-1080-0869-s002513,2.013,2.513,line-5-1105-0869-s002013 to line-5-1080-0869-s002513,safety
MOS-WPT-L5-002,w-node-line-5-1105-0869-s002013--line-5-1080-0869-s002513,waypoint,wayside-node,line-5 waypoint 002,line-5,MOS-TRK-L5-002,line-5-1105-0869-s002013 to line-5-1080-0869-s002513,2.263,2.263,line-5-1105-0869-s002013 to line-5-1080-0869-s002513 midpoint W-Node,safety
MOS-TRK-L5-003,line-5-1080-0869-s002513--line-5-1005-0869-s004013,track-section,standard-urban,line-5 section 003,line-5,MOS-SYS-001,line-5-1080-0869-s002513 to line-5-1005-0869-s004013,2.513,4.013,line-5-1080-0869-s002513 to line-5-1005-0869-s004013,safety
MOS-WPT-L5-003,w-node-line-5-1080-0869-s002513--line-5-1005-0869-s004013,waypoint,wayside-node,line-5 waypoint 003,line-5,MOS-TRK-L5-003,line-5-1080-0869-s002513 to line-5-1005-0869-s004013,3.263,3.263,line-5-1080-0869-s002513 to line-5-1005-0869-s004013 midpoint W-Node,safety
MOS-TRK-L5-004,line-5-1005-0869-s004013--line-5-0905-0870-s006022,track-section,standard-urban,line-5 section 004,line-5,MOS-SYS-001,line-5-1005-0869-s004013 to line-5-0905-0870-s006022,4.013,6.022,line-5-1005-0869-s004013 to كورنيش الموصل,safety
MOS-WPT-L5-004,w-node-line-5-1005-0869-s004013--line-5-0905-0870-s006022,waypoint,wayside-node,line-5 waypoint 004,line-5,MOS-TRK-L5-004,line-5-1005-0869-s004013 to line-5-0905-0870-s006022,5.018,5.018,line-5-1005-0869-s004013 to كورنيش الموصل midpoint W-Node,safety
MOS-TRK-L5-005,line-5-0905-0870-s006022--line-5-0856-0840-s007318,track-section,standard-urban,line-5 section 005,line-5,MOS-SYS-001,line-5-0905-0870-s006022 to line-5-0856-0840-s007318,6.022,7.319,كورنيش الموصل to الجسر الحديدي القديم,safety
MOS-WPT-L5-005,w-node-line-5-0905-0870-s006022--line-5-0856-0840-s007318,waypoint,wayside-node,line-5 waypoint 005,line-5,MOS-TRK-L5-005,line-5-0905-0870-s006022 to line-5-0856-0840-s007318,6.670,6.670,كورنيش الموصل to الجسر الحديدي القديم midpoint W-Node,safety
MOS-TRK-L5-006,line-5-0856-0840-s007318--line-5-0827-0790-s008642,track-section,standard-urban,line-5 section 006,line-5,MOS-SYS-001,line-5-0856-0840-s007318 to line-5-0827-0790-s008642,7.319,8.642,الجسر الحديدي القديم to line-5-0827-0790-s008642,safety
MOS-WPT-L5-006,w-node-line-5-0856-0840-s007318--line-5-0827-0790-s008642,waypoint,wayside-node,line-5 waypoint 006,line-5,MOS-TRK-L5-006,line-5-0856-0840-s007318 to line-5-0827-0790-s008642,7.980,7.980,الجسر الحديدي القديم to line-5-0827-0790-s008642 midpoint W-Node,safety
MOS-TRK-L5-007,line-5-0827-0790-s008642--line-5-0770-0773-s010038,track-section,standard-urban,line-5 section 007,line-5,MOS-SYS-001,line-5-0827-0790-s008642 to line-5-0770-0773-s010038,8.642,10.038,line-5-0827-0790-s008642 to قاعة عيون بغداد,safety
MOS-WPT-L5-007,w-node-line-5-0827-0790-s008642--line-5-0770-0773-s010038,waypoint,wayside-node,line-5 waypoint 007,line-5,MOS-TRK-L5-007,line-5-0827-0790-s008642 to line-5-0770-0773-s010038,9.340,9.340,line-5-0827-0790-s008642 to قاعة عيون بغداد midpoint W-Node,safety
MOS-TRK-L5-008,line-5-0770-0773-s010038--line-5-0693-0721-s012054,track-section,standard-urban,line-5 section 008,line-5,MOS-SYS-001,line-5-0770-0773-s010038 to line-5-0693-0721-s012054,10.038,12.054,قاعة عيون بغداد to متنزهات الغابات,safety
MOS-WPT-L5-008,w-node-line-5-0770-0773-s010038--line-5-0693-0721-s012054,waypoint,wayside-node,line-5 waypoint 008,line-5,MOS-TRK-L5-008,line-5-0770-0773-s010038 to line-5-0693-0721-s012054,11.046,11.046,قاعة عيون بغداد to متنزهات الغابات midpoint W-Node,safety
MOS-TRK-L5-009,line-5-0693-0721-s012054--line-5-0615-0743-s013929,track-section,standard-urban,line-5 section 009,line-5,MOS-SYS-001,line-5-0693-0721-s012054 to line-5-0615-0743-s013929,12.054,13.929,متنزهات الغابات to line-5-0615-0743-s013929,safety
MOS-WPT-L5-009,w-node-line-5-0693-0721-s012054--line-5-0615-0743-s013929,waypoint,wayside-node,line-5 waypoint 009,line-5,MOS-TRK-L5-009,line-5-0693-0721-s012054 to line-5-0615-0743-s013929,12.991,12.991,متنزهات الغابات to line-5-0615-0743-s013929 midpoint W-Node,safety
MOS-TRK-L5-010,line-5-0615-0743-s013929--line-5-0609-0744-s014057,track-section,standard-urban,line-5 section 010,line-5,MOS-SYS-001,line-5-0615-0743-s013929 to line-5-0609-0744-s014057,13.929,14.057,line-5-0615-0743-s013929 to فندق نينوى ابروي,safety
MOS-WPT-L5-010,w-node-line-5-0615-0743-s013929--line-5-0609-0744-s014057,waypoint,wayside-node,line-5 waypoint 010,line-5,MOS-TRK-L5-010,line-5-0615-0743-s013929 to line-5-0609-0744-s014057,13.993,13.993,line-5-0615-0743-s013929 to فندق نينوى ابروي midpoint W-Node,safety
MOS-TRK-L5-011,line-5-0609-0744-s014057--line-5-0538-0679-s016074,track-section,standard-urban,line-5 section 011,line-5,MOS-SYS-001,line-5-0609-0744-s014057 to line-5-0538-0679-s016074,14.057,16.074,فندق نينوى ابروي to الكلية التقنية الزراعية-الموصل,safety
MOS-WPT-L5-011,w-node-line-5-0609-0744-s014057--line-5-0538-0679-s016074,waypoint,wayside-node,line-5 waypoint 011,line-5,MOS-TRK-L5-011,line-5-0609-0744-s014057 to line-5-0538-0679-s016074,15.066,15.066,فندق نينوى ابروي to الكلية التقنية الزراعية-الموصل midpoint W-Node,safety
MOS-TRK-L5-012,line-5-0538-0679-s016074--line-5-0481-0635-s018091,track-section,standard-urban,line-5 section 012,line-5,MOS-SYS-001,line-5-0538-0679-s016074 to line-5-0481-0635-s018091,16.074,18.091,الكلية التقنية الزراعية-الموصل to line-5-0481-0635-s018091,safety
MOS-WPT-L5-012,w-node-line-5-0538-0679-s016074--line-5-0481-0635-s018091,waypoint,wayside-node,line-5 waypoint 012,line-5,MOS-TRK-L5-012,line-5-0538-0679-s016074 to line-5-0481-0635-s018091,17.083,17.083,الكلية التقنية الزراعية-الموصل to line-5-0481-0635-s018091 midpoint W-Node,safety
MOS-TRK-L5-013,line-5-0481-0635-s018091--line-5-0368-0573-s021092,track-section,standard-urban,line-5 section 013,line-5,MOS-SYS-001,line-5-0481-0635-s018091 to line-5-0368-0573-s021092,18.091,21.092,line-5-0481-0635-s018091 to line-5-0368-0573-s021092,safety
MOS-WPT-L5-013,w-node-line-5-0481-0635-s018091--line-5-0368-0573-s021092,waypoint,wayside-node,line-5 waypoint 013,line-5,MOS-TRK-L5-013,line-5-0481-0635-s018091 to line-5-0368-0573-s021092,19.591,19.591,line-5-0481-0635-s018091 to line-5-0368-0573-s021092 midpoint W-Node,safety
MOS-TRK-L5-014,line-5-0368-0573-s021092--line-5-0263-0519-s023878,track-section,standard-urban,line-5 section 014,line-5,MOS-SYS-001,line-5-0368-0573-s021092 to line-5-0263-0519-s023878,21.092,23.878,line-5-0368-0573-s021092 to اراضي جابر بن حيان,safety
MOS-WPT-L5-014,w-node-line-5-0368-0573-s021092--line-5-0263-0519-s023878,waypoint,wayside-node,line-5 waypoint 014,line-5,MOS-TRK-L5-014,line-5-0368-0573-s021092 to line-5-0263-0519-s023878,22.485,22.485,line-5-0368-0573-s021092 to اراضي جابر بن حيان midpoint W-Node,safety
MOS-TRK-L6-001,line-6-0412-0833-s001499--line-6-0375-0883-s003005,track-section,standard-urban,line-6 section 001,line-6,MOS-SYS-001,line-6-0412-0833-s001499 to line-6-0375-0883-s003005,1.499,3.005,line-6-0412-0833-s001499 to line-6-0375-0883-s003005,safety
MOS-WPT-L6-001,w-node-line-6-0412-0833-s001499--line-6-0375-0883-s003005,waypoint,wayside-node,line-6 waypoint 001,line-6,MOS-TRK-L6-001,line-6-0412-0833-s001499 to line-6-0375-0883-s003005,2.252,2.252,line-6-0412-0833-s001499 to line-6-0375-0883-s003005 midpoint W-Node,safety
MOS-TRK-L6-002,line-6-0375-0883-s003005--line-6-0417-0936-s005014,track-section,standard-urban,line-6 section 002,line-6,MOS-SYS-001,line-6-0375-0883-s003005 to line-6-0417-0936-s005014,3.005,5.014,line-6-0375-0883-s003005 to line-6-0417-0936-s005014,safety
MOS-WPT-L6-002,w-node-line-6-0375-0883-s003005--line-6-0417-0936-s005014,waypoint,wayside-node,line-6 waypoint 002,line-6,MOS-TRK-L6-002,line-6-0375-0883-s003005 to line-6-0417-0936-s005014,4.010,4.010,line-6-0375-0883-s003005 to line-6-0417-0936-s005014 midpoint W-Node,safety
MOS-TRK-L6-003,line-6-0417-0936-s005014--line-6-0505-0965-s007031,track-section,standard-urban,line-6 section 003,line-6,MOS-SYS-001,line-6-0417-0936-s005014 to line-6-0505-0965-s007031,5.014,7.031,line-6-0417-0936-s005014 to line-6-0505-0965-s007031,safety
MOS-WPT-L6-003,w-node-line-6-0417-0936-s005014--line-6-0505-0965-s007031,waypoint,wayside-node,line-6 waypoint 003,line-6,MOS-TRK-L6-003,line-6-0417-0936-s005014 to line-6-0505-0965-s007031,6.023,6.023,line-6-0417-0936-s005014 to line-6-0505-0965-s007031 midpoint W-Node,safety
MOS-TRK-L6-004,line-6-0505-0965-s007031--line-6-0568-1040-s009053,track-section,standard-urban,line-6 section 004,line-6,MOS-SYS-001,line-6-0505-0965-s007031 to line-6-0568-1040-s009053,7.031,9.053,line-6-0505-0965-s007031 to ملعب الموصل الاولمبي,safety
MOS-WPT-L6-004,w-node-line-6-0505-0965-s007031--line-6-0568-1040-s009053,waypoint,wayside-node,line-6 waypoint 004,line-6,MOS-TRK-L6-004,line-6-0505-0965-s007031 to line-6-0568-1040-s009053,8.042,8.042,line-6-0505-0965-s007031 to ملعب الموصل الاولمبي midpoint W-Node,safety
MOS-TRK-L6-005,line-6-0568-1040-s009053--line-6-0577-1049-s009307,track-section,standard-urban,line-6 section 005,line-6,MOS-SYS-001,line-6-0568-1040-s009053 to line-6-0577-1049-s009307,9.053,9.307,ملعب الموصل الاولمبي to line-6-0577-1049-s009307,safety
MOS-WPT-L6-005,w-node-line-6-0568-1040-s009053--line-6-0577-1049-s009307,waypoint,wayside-node,line-6 waypoint 005,line-6,MOS-TRK-L6-005,line-6-0568-1040-s009053 to line-6-0577-1049-s009307,9.180,9.180,ملعب الموصل الاولمبي to line-6-0577-1049-s009307 midpoint W-Node,safety
MOS-TRK-L6-006,line-6-0577-1049-s009307--line-6-0635-1110-s011055,track-section,standard-urban,line-6 section 006,line-6,MOS-SYS-001,line-6-0577-1049-s009307 to line-6-0635-1110-s011055,9.307,11.055,line-6-0577-1049-s009307 to مركز صحي المحاربين,safety
MOS-WPT-L6-006,w-node-line-6-0577-1049-s009307--line-6-0635-1110-s011055,waypoint,wayside-node,line-6 waypoint 006,line-6,MOS-TRK-L6-006,line-6-0577-1049-s009307 to line-6-0635-1110-s011055,10.181,10.181,line-6-0577-1049-s009307 to مركز صحي المحاربين midpoint W-Node,safety
MOS-TRK-L6-007,line-6-0635-1110-s011055--line-6-0643-1117-s011273,track-section,standard-urban,line-6 section 007,line-6,MOS-SYS-001,line-6-0635-1110-s011055 to line-6-0643-1117-s011273,11.055,11.273,مركز صحي المحاربين to line-6-0643-1117-s011273,safety
MOS-WPT-L6-007,w-node-line-6-0635-1110-s011055--line-6-0643-1117-s011273,waypoint,wayside-node,line-6 waypoint 007,line-6,MOS-TRK-L6-007,line-6-0635-1110-s011055 to line-6-0643-1117-s011273,11.164,11.164,مركز صحي المحاربين to line-6-0643-1117-s011273 midpoint W-Node,safety
MOS-TRK-L6-008,line-6-0643-1117-s011273--line-6-0714-1161-s013057,track-section,standard-urban,line-6 section 008,line-6,MOS-SYS-001,line-6-0643-1117-s011273 to line-6-0714-1161-s013057,11.273,13.057,line-6-0643-1117-s011273 to العلماء,safety
MOS-WPT-L6-008,w-node-line-6-0643-1117-s011273--line-6-0714-1161-s013057,waypoint,wayside-node,line-6 waypoint 008,line-6,MOS-TRK-L6-008,line-6-0643-1117-s011273 to line-6-0714-1161-s013057,12.165,12.165,line-6-0643-1117-s011273 to العلماء midpoint W-Node,safety
MOS-TRK-L6-009,line-6-0714-1161-s013057--line-6-0730-1239-s015063,track-section,standard-urban,line-6 section 009,line-6,MOS-SYS-001,line-6-0714-1161-s013057 to line-6-0730-1239-s015063,13.057,15.063,العلماء to مركز صحي الاركان,safety
MOS-WPT-L6-009,w-node-line-6-0714-1161-s013057--line-6-0730-1239-s015063,waypoint,wayside-node,line-6 waypoint 009,line-6,MOS-TRK-L6-009,line-6-0714-1161-s013057 to line-6-0730-1239-s015063,14.060,14.060,العلماء to مركز صحي الاركان midpoint W-Node,safety
MOS-TRK-L6-010,line-6-0730-1239-s015063--line-6-0780-1230-s017086,track-section,standard-urban,line-6 section 010,line-6,MOS-SYS-001,line-6-0730-1239-s015063 to line-6-0780-1230-s017086,15.063,17.086,مركز صحي الاركان to حي الخضراء,safety
MOS-WPT-L6-010,w-node-line-6-0730-1239-s015063--line-6-0780-1230-s017086,waypoint,wayside-node,line-6 waypoint 010,line-6,MOS-TRK-L6-010,line-6-0730-1239-s015063 to line-6-0780-1230-s017086,16.074,16.074,مركز صحي الاركان to حي الخضراء midpoint W-Node,safety
MOS-TRK-L6-011,line-6-0780-1230-s017086--line-6-0827-1249-s018588,track-section,standard-urban,line-6 section 011,line-6,MOS-SYS-001,line-6-0780-1230-s017086 to line-6-0827-1249-s018588,17.086,18.588,حي الخضراء to line-6-0827-1249-s018588,safety
MOS-WPT-L6-011,w-node-line-6-0780-1230-s017086--line-6-0827-1249-s018588,waypoint,wayside-node,line-6 waypoint 011,line-6,MOS-TRK-L6-011,line-6-0780-1230-s017086 to line-6-0827-1249-s018588,17.837,17.837,حي الخضراء to line-6-0827-1249-s018588 midpoint W-Node,safety
MOS-TRK-L6-012,line-6-0827-1249-s018588--line-6-0899-1254-s020086,track-section,standard-urban,line-6 section 012,line-6,MOS-SYS-001,line-6-0827-1249-s018588 to line-6-0899-1254-s020086,18.588,20.086,line-6-0827-1249-s018588 to line-6-0899-1254-s020086,safety
MOS-WPT-L6-012,w-node-line-6-0827-1249-s018588--line-6-0899-1254-s020086,waypoint,wayside-node,line-6 waypoint 012,line-6,MOS-TRK-L6-012,line-6-0827-1249-s018588 to line-6-0899-1254-s020086,19.337,19.337,line-6-0827-1249-s018588 to line-6-0899-1254-s020086 midpoint W-Node,safety
MOS-TRK-L6-013,line-6-0899-1254-s020086--line-6-0977-1225-s022097,track-section,standard-urban,line-6 section 013,line-6,MOS-SYS-001,line-6-0899-1254-s020086 to line-6-0977-1225-s022097,20.086,22.097,line-6-0899-1254-s020086 to يافا,safety
MOS-WPT-L6-013,w-node-line-6-0899-1254-s020086--line-6-0977-1225-s022097,waypoint,wayside-node,line-6 waypoint 013,line-6,MOS-TRK-L6-013,line-6-0899-1254-s020086 to line-6-0977-1225-s022097,21.092,21.092,line-6-0899-1254-s020086 to يافا midpoint W-Node,safety
MOS-TRK-L6-014,line-6-0977-1225-s022097--line-6-0991-1201-s022799,track-section,standard-urban,line-6 section 014,line-6,MOS-SYS-001,line-6-0977-1225-s022097 to line-6-0991-1201-s022799,22.097,22.799,يافا to line-6-0991-1201-s022799,safety
MOS-WPT-L6-014,w-node-line-6-0977-1225-s022097--line-6-0991-1201-s022799,waypoint,wayside-node,line-6 waypoint 014,line-6,MOS-TRK-L6-014,line-6-0977-1225-s022097 to line-6-0991-1201-s022799,22.448,22.448,يافا to line-6-0991-1201-s022799 midpoint W-Node,safety
MOS-TRK-L6-015,line-6-0991-1201-s022799--line-6-1042-1170-s024099,track-section,standard-urban,line-6 section 015,line-6,MOS-SYS-001,line-6-0991-1201-s022799 to line-6-1042-1170-s024099,22.799,24.099,line-6-0991-1201-s022799 to line-6-1042-1170-s024099,safety
MOS-WPT-L6-015,w-node-line-6-0991-1201-s022799--line-6-1042-1170-s024099,waypoint,wayside-node,line-6 waypoint 015,line-6,MOS-TRK-L6-015,line-6-0991-1201-s022799 to line-6-1042-1170-s024099,23.449,23.449,line-6-0991-1201-s022799 to line-6-1042-1170-s024099 midpoint W-Node,safety
MOS-TRK-L6-016,line-6-1042-1170-s024099--line-6-1177-1190-s027116,track-section,standard-urban,line-6 section 016,line-6,MOS-SYS-001,line-6-1042-1170-s024099 to line-6-1177-1190-s027116,24.099,27.116,line-6-1042-1170-s024099 to line-6-1177-1190-s027116,safety
MOS-WPT-L6-016,w-node-line-6-1042-1170-s024099--line-6-1177-1190-s027116,waypoint,wayside-node,line-6 waypoint 016,line-6,MOS-TRK-L6-016,line-6-1042-1170-s024099 to line-6-1177-1190-s027116,25.607,25.607,line-6-1042-1170-s024099 to line-6-1177-1190-s027116 midpoint W-Node,safety
MOS-TRK-L6-017,line-6-1177-1190-s027116--line-6-1158-1124-s029773,track-section,standard-urban,line-6 section 017,line-6,MOS-SYS-001,line-6-1177-1190-s027116 to line-6-1158-1124-s029773,27.116,29.773,line-6-1177-1190-s027116 to سلام٥ 777,safety
MOS-WPT-L6-017,w-node-line-6-1177-1190-s027116--line-6-1158-1124-s029773,waypoint,wayside-node,line-6 waypoint 017,line-6,MOS-TRK-L6-017,line-6-1177-1190-s027116 to line-6-1158-1124-s029773,28.445,28.445,line-6-1177-1190-s027116 to سلام٥ 777 midpoint W-Node,safety
MOS-TRK-L6-018,line-6-1158-1124-s029773--line-6-1140-1113-s030351,track-section,standard-urban,line-6 section 018,line-6,MOS-SYS-001,line-6-1158-1124-s029773 to line-6-1140-1113-s030351,29.773,30.351,سلام٥ 777 to line-6-1140-1113-s030351,safety
MOS-WPT-L6-018,w-node-line-6-1158-1124-s029773--line-6-1140-1113-s030351,waypoint,wayside-node,line-6 waypoint 018,line-6,MOS-TRK-L6-018,line-6-1158-1124-s029773 to line-6-1140-1113-s030351,30.062,30.062,سلام٥ 777 to line-6-1140-1113-s030351 midpoint W-Node,safety
MOS-TRK-L6-019,line-6-1140-1113-s030351--line-6-1122-1049-s031792,track-section,standard-urban,line-6 section 019,line-6,MOS-SYS-001,line-6-1140-1113-s030351 to line-6-1122-1049-s031792,30.351,31.792,line-6-1140-1113-s030351 to line-6-1122-1049-s031792,safety
MOS-WPT-L6-019,w-node-line-6-1140-1113-s030351--line-6-1122-1049-s031792,waypoint,wayside-node,line-6 waypoint 019,line-6,MOS-TRK-L6-019,line-6-1140-1113-s030351 to line-6-1122-1049-s031792,31.072,31.072,line-6-1140-1113-s030351 to line-6-1122-1049-s031792 midpoint W-Node,safety
MOS-TRK-L6-020,line-6-1122-1049-s031792--line-6-1102-0957-s033798,track-section,standard-urban,line-6 section 020,line-6,MOS-SYS-001,line-6-1122-1049-s031792 to line-6-1102-0957-s033798,31.792,33.798,line-6-1122-1049-s031792 to line-6-1102-0957-s033798,safety
MOS-WPT-L6-020,w-node-line-6-1122-1049-s031792--line-6-1102-0957-s033798,waypoint,wayside-node,line-6 waypoint 020,line-6,MOS-TRK-L6-020,line-6-1122-1049-s031792 to line-6-1102-0957-s033798,32.795,32.795,line-6-1122-1049-s031792 to line-6-1102-0957-s033798 midpoint W-Node,safety
MOS-TRK-L6-021,line-6-1102-0957-s033798--line-6-1090-0900-s035037,track-section,standard-urban,line-6 section 021,line-6,MOS-SYS-001,line-6-1102-0957-s033798 to line-6-1090-0900-s035037,33.798,35.037,line-6-1102-0957-s033798 to line-6-1090-0900-s035037,safety
MOS-WPT-L6-021,w-node-line-6-1102-0957-s033798--line-6-1090-0900-s035037,waypoint,wayside-node,line-6 waypoint 021,line-6,MOS-TRK-L6-021,line-6-1102-0957-s033798 to line-6-1090-0900-s035037,34.418,34.418,line-6-1102-0957-s033798 to line-6-1090-0900-s035037 midpoint W-Node,safety
MOS-TRK-L6-022,line-6-1090-0900-s035037--line-6-1080-0869-s035740,track-section,standard-urban,line-6 section 022,line-6,MOS-SYS-001,line-6-1090-0900-s035037 to line-6-1080-0869-s035740,35.037,35.740,line-6-1090-0900-s035037 to line-6-1080-0869-s035740,safety
MOS-WPT-L6-022,w-node-line-6-1090-0900-s035037--line-6-1080-0869-s035740,waypoint,wayside-node,line-6 waypoint 022,line-6,MOS-TRK-L6-022,line-6-1090-0900-s035037 to line-6-1080-0869-s035740,35.389,35.389,line-6-1090-0900-s035037 to line-6-1080-0869-s035740 midpoint W-Node,safety
MOS-TRK-L6-023,line-6-1080-0869-s035740--line-6-1065-0776-s037819,track-section,standard-urban,line-6 section 023,line-6,MOS-SYS-001,line-6-1080-0869-s035740 to line-6-1065-0776-s037819,35.740,37.819,line-6-1080-0869-s035740 to line-6-1065-0776-s037819,safety
MOS-WPT-L6-023,w-node-line-6-1080-0869-s035740--line-6-1065-0776-s037819,waypoint,wayside-node,line-6 waypoint 023,line-6,MOS-TRK-L6-023,line-6-1080-0869-s035740 to line-6-1065-0776-s037819,36.779,36.779,line-6-1080-0869-s035740 to line-6-1065-0776-s037819 midpoint W-Node,safety
MOS-TRK-L6-024,line-6-1065-0776-s037819--line-6-1105-0701-s039833,track-section,standard-urban,line-6 section 024,line-6,MOS-SYS-001,line-6-1065-0776-s037819 to line-6-1105-0701-s039833,37.819,39.833,line-6-1065-0776-s037819 to line-6-1105-0701-s039833,safety
MOS-WPT-L6-024,w-node-line-6-1065-0776-s037819--line-6-1105-0701-s039833,waypoint,wayside-node,line-6 waypoint 024,line-6,MOS-TRK-L6-024,line-6-1065-0776-s037819 to line-6-1105-0701-s039833,38.826,38.826,line-6-1065-0776-s037819 to line-6-1105-0701-s039833 midpoint W-Node,safety
MOS-TRK-L6-025,line-6-1105-0701-s039833--line-6-1100-0681-s040274,track-section,standard-urban,line-6 section 025,line-6,MOS-SYS-001,line-6-1105-0701-s039833 to line-6-1100-0681-s040274,39.833,40.274,line-6-1105-0701-s039833 to line-6-1100-0681-s040274,safety
MOS-WPT-L6-025,w-node-line-6-1105-0701-s039833--line-6-1100-0681-s040274,waypoint,wayside-node,line-6 waypoint 025,line-6,MOS-TRK-L6-025,line-6-1105-0701-s039833 to line-6-1100-0681-s040274,40.053,40.053,line-6-1105-0701-s039833 to line-6-1100-0681-s040274 midpoint W-Node,safety
MOS-TRK-L6-026,line-6-1100-0681-s040274--line-6-1060-0622-s041835,track-section,standard-urban,line-6 section 026,line-6,MOS-SYS-001,line-6-1100-0681-s040274 to line-6-1060-0622-s041835,40.274,41.835,line-6-1100-0681-s040274 to line-6-1060-0622-s041835,safety
MOS-WPT-L6-026,w-node-line-6-1100-0681-s040274--line-6-1060-0622-s041835,waypoint,wayside-node,line-6 waypoint 026,line-6,MOS-TRK-L6-026,line-6-1100-0681-s040274 to line-6-1060-0622-s041835,41.055,41.055,line-6-1100-0681-s040274 to line-6-1060-0622-s041835 midpoint W-Node,safety
MOS-TRK-L6-027,line-6-1060-0622-s041835--line-6-1046-0527-s043851,track-section,standard-urban,line-6 section 027,line-6,MOS-SYS-001,line-6-1060-0622-s041835 to line-6-1046-0527-s043851,41.835,43.851,line-6-1060-0622-s041835 to line-6-1046-0527-s043851,safety
MOS-WPT-L6-027,w-node-line-6-1060-0622-s041835--line-6-1046-0527-s043851,waypoint,wayside-node,line-6 waypoint 027,line-6,MOS-TRK-L6-027,line-6-1060-0622-s041835 to line-6-1046-0527-s043851,42.843,42.843,line-6-1060-0622-s041835 to line-6-1046-0527-s043851 midpoint W-Node,safety
MOS-TRK-L6-028,line-6-1046-0527-s043851--line-6-1046-0427-s045851,track-section,standard-urban,line-6 section 028,line-6,MOS-SYS-001,line-6-1046-0527-s043851 to line-6-1046-0427-s045851,43.851,45.851,line-6-1046-0527-s043851 to رجم حديد,safety
MOS-WPT-L6-028,w-node-line-6-1046-0527-s043851--line-6-1046-0427-s045851,waypoint,wayside-node,line-6 waypoint 028,line-6,MOS-TRK-L6-028,line-6-1046-0527-s043851 to line-6-1046-0427-s045851,44.851,44.851,line-6-1046-0527-s043851 to رجم حديد midpoint W-Node,safety
MOS-TRK-L6-029,line-6-1046-0427-s045851--line-6-0981-0462-s047852,track-section,standard-urban,line-6 section 029,line-6,MOS-SYS-001,line-6-1046-0427-s045851 to line-6-0981-0462-s047852,45.851,47.852,رجم حديد to line-6-0981-0462-s047852,safety
MOS-WPT-L6-029,w-node-line-6-1046-0427-s045851--line-6-0981-0462-s047852,waypoint,wayside-node,line-6 waypoint 029,line-6,MOS-TRK-L6-029,line-6-1046-0427-s045851 to line-6-0981-0462-s047852,46.852,46.852,رجم حديد to line-6-0981-0462-s047852 midpoint W-Node,safety
MOS-TRK-L6-030,line-6-0981-0462-s047852--line-6-0927-0499-s049867,track-section,standard-urban,line-6 section 030,line-6,MOS-SYS-001,line-6-0981-0462-s047852 to line-6-0927-0499-s049867,47.852,49.867,line-6-0981-0462-s047852 to line-6-0927-0499-s049867,safety
MOS-WPT-L6-030,w-node-line-6-0981-0462-s047852--line-6-0927-0499-s049867,waypoint,wayside-node,line-6 waypoint 030,line-6,MOS-TRK-L6-030,line-6-0981-0462-s047852 to line-6-0927-0499-s049867,48.859,48.859,line-6-0981-0462-s047852 to line-6-0927-0499-s049867 midpoint W-Node,safety
MOS-TRK-L6-031,line-6-0927-0499-s049867--line-6-0866-0513-s051302,track-section,standard-urban,line-6 section 031,line-6,MOS-SYS-001,line-6-0927-0499-s049867 to line-6-0866-0513-s051302,49.867,51.302,line-6-0927-0499-s049867 to line-6-0866-0513-s051302,safety
MOS-WPT-L6-031,w-node-line-6-0927-0499-s049867--line-6-0866-0513-s051302,waypoint,wayside-node,line-6 waypoint 031,line-6,MOS-TRK-L6-031,line-6-0927-0499-s049867 to line-6-0866-0513-s051302,50.584,50.584,line-6-0927-0499-s049867 to line-6-0866-0513-s051302 midpoint W-Node,safety
MOS-TRK-L6-032,line-6-0866-0513-s051302--line-6-0846-0533-s051868,track-section,standard-urban,line-6 section 032,line-6,MOS-SYS-001,line-6-0866-0513-s051302 to line-6-0846-0533-s051868,51.302,51.868,line-6-0866-0513-s051302 to line-6-0846-0533-s051868,safety
MOS-WPT-L6-032,w-node-line-6-0866-0513-s051302--line-6-0846-0533-s051868,waypoint,wayside-node,line-6 waypoint 032,line-6,MOS-TRK-L6-032,line-6-0866-0513-s051302 to line-6-0846-0533-s051868,51.585,51.585,line-6-0866-0513-s051302 to line-6-0846-0533-s051868 midpoint W-Node,safety
MOS-TRK-L6-033,line-6-0846-0533-s051868--line-6-0794-0584-s053330,track-section,standard-urban,line-6 section 033,line-6,MOS-SYS-001,line-6-0846-0533-s051868 to line-6-0794-0584-s053330,51.868,53.330,line-6-0846-0533-s051868 to line-6-0794-0584-s053330,safety
MOS-WPT-L6-033,w-node-line-6-0846-0533-s051868--line-6-0794-0584-s053330,waypoint,wayside-node,line-6 waypoint 033,line-6,MOS-TRK-L6-033,line-6-0846-0533-s051868 to line-6-0794-0584-s053330,52.599,52.599,line-6-0846-0533-s051868 to line-6-0794-0584-s053330 midpoint W-Node,safety
MOS-TRK-L6-034,line-6-0794-0584-s053330--line-6-0773-0597-s053870,track-section,standard-urban,line-6 section 034,line-6,MOS-SYS-001,line-6-0794-0584-s053330 to line-6-0773-0597-s053870,53.330,53.870,line-6-0794-0584-s053330 to line-6-0773-0597-s053870,safety
MOS-WPT-L6-034,w-node-line-6-0794-0584-s053330--line-6-0773-0597-s053870,waypoint,wayside-node,line-6 waypoint 034,line-6,MOS-TRK-L6-034,line-6-0794-0584-s053330 to line-6-0773-0597-s053870,53.600,53.600,line-6-0794-0584-s053330 to line-6-0773-0597-s053870 midpoint W-Node,safety
MOS-TRK-L6-035,line-6-0773-0597-s053870--line-6-0716-0670-s055872,track-section,standard-urban,line-6 section 035,line-6,MOS-SYS-001,line-6-0773-0597-s053870 to line-6-0716-0670-s055872,53.870,55.872,line-6-0773-0597-s053870 to line-6-0716-0670-s055872,safety
MOS-WPT-L6-035,w-node-line-6-0773-0597-s053870--line-6-0716-0670-s055872,waypoint,wayside-node,line-6 waypoint 035,line-6,MOS-TRK-L6-035,line-6-0773-0597-s053870 to line-6-0716-0670-s055872,54.871,54.871,line-6-0773-0597-s053870 to line-6-0716-0670-s055872 midpoint W-Node,safety
MOS-TRK-L6-036,line-6-0716-0670-s055872--line-6-0640-0729-s057881,track-section,standard-urban,line-6 section 036,line-6,MOS-SYS-001,line-6-0716-0670-s055872 to line-6-0640-0729-s057881,55.872,57.881,line-6-0716-0670-s055872 to مصرف الدم الرئيسي,safety
MOS-WPT-L6-036,w-node-line-6-0716-0670-s055872--line-6-0640-0729-s057881,waypoint,wayside-node,line-6 waypoint 036,line-6,MOS-TRK-L6-036,line-6-0716-0670-s055872 to line-6-0640-0729-s057881,56.877,56.877,line-6-0716-0670-s055872 to مصرف الدم الرئيسي midpoint W-Node,safety
MOS-TRK-L6-037,line-6-0640-0729-s057881--line-6-0615-0743-s058509,track-section,standard-urban,line-6 section 037,line-6,MOS-SYS-001,line-6-0640-0729-s057881 to line-6-0615-0743-s058509,57.881,58.509,مصرف الدم الرئيسي to line-6-0615-0743-s058509,safety
MOS-WPT-L6-037,w-node-line-6-0640-0729-s057881--line-6-0615-0743-s058509,waypoint,wayside-node,line-6 waypoint 037,line-6,MOS-TRK-L6-037,line-6-0640-0729-s057881 to line-6-0615-0743-s058509,58.195,58.195,مصرف الدم الرئيسي to line-6-0615-0743-s058509 midpoint W-Node,safety
MOS-TRK-L6-038,line-6-0615-0743-s058509--line-6-0579-0751-s059311,track-section,standard-urban,line-6 section 038,line-6,MOS-SYS-001,line-6-0615-0743-s058509 to line-6-0579-0751-s059311,58.509,59.312,line-6-0615-0743-s058509 to line-6-0579-0751-s059311,safety
MOS-WPT-L6-038,w-node-line-6-0615-0743-s058509--line-6-0579-0751-s059311,waypoint,wayside-node,line-6 waypoint 038,line-6,MOS-TRK-L6-038,line-6-0615-0743-s058509 to line-6-0579-0751-s059311,58.910,58.910,line-6-0615-0743-s058509 to line-6-0579-0751-s059311 midpoint W-Node,safety
MOS-TRK-L6-039,line-6-0579-0751-s059311--line-6-0562-0768-s059898,track-section,standard-urban,line-6 section 039,line-6,MOS-SYS-001,line-6-0579-0751-s059311 to line-6-0562-0768-s059898,59.312,59.898,line-6-0579-0751-s059311 to الفاضلية,safety
MOS-WPT-L6-039,w-node-line-6-0579-0751-s059311--line-6-0562-0768-s059898,waypoint,wayside-node,line-6 waypoint 039,line-6,MOS-TRK-L6-039,line-6-0579-0751-s059311 to line-6-0562-0768-s059898,59.605,59.605,line-6-0579-0751-s059311 to الفاضلية midpoint W-Node,safety
MOS-TRK-L6-040,line-6-0562-0768-s059898--line-6-0476-0743-s061919,track-section,standard-urban,line-6 section 040,line-6,MOS-SYS-001,line-6-0562-0768-s059898 to line-6-0476-0743-s061919,59.898,61.919,الفاضلية to الصعود في دهوك,safety
MOS-WPT-L6-040,w-node-line-6-0562-0768-s059898--line-6-0476-0743-s061919,waypoint,wayside-node,line-6 waypoint 040,line-6,MOS-TRK-L6-040,line-6-0562-0768-s059898 to line-6-0476-0743-s061919,60.909,60.909,الفاضلية to الصعود في دهوك midpoint W-Node,safety
MOS-SW-001,sw-line-1-0120-0123-s000000-tb,switch,no-9-mainline,sw-line-1-0120-0123-s000000-tb,line-1,MOS-ST-001,line-1-0120-0123-s000000,,,line-1-0120-0123-s000000 turnback,safety
MOS-SW-002,sw-line-1-0990-1210-s034548-tb,switch,no-9-mainline,sw-line-1-0990-1210-s034548-tb,line-1,MOS-ST-019,line-1-0990-1210-s034548,,,line-1-0990-1210-s034548 turnback,safety
MOS-SW-003,sw-line-1-0990-1210-s034548-yd-01,switch,no-9-mainline,sw-line-1-0990-1210-s034548-yd-01,line-1,MOS-ST-019,line-1-0990-1210-s034548,,,line-1-0990-1210-s034548 yard-throat,safety
MOS-SW-004,sw-line-1-0990-1210-s034548-yd-02,switch,no-9-mainline,sw-line-1-0990-1210-s034548-yd-02,line-1,MOS-ST-019,line-1-0990-1210-s034548,,,line-1-0990-1210-s034548 yard-throat,safety
MOS-SW-005,sw-line-1-0990-1210-s034548-yd-03,switch,no-9-mainline,sw-line-1-0990-1210-s034548-yd-03,line-1,MOS-ST-019,line-1-0990-1210-s034548,,,line-1-0990-1210-s034548 yard-throat,safety
MOS-SW-006,sw-line-1-0990-1210-s034548-yd-04,switch,no-9-mainline,sw-line-1-0990-1210-s034548-yd-04,line-1,MOS-ST-019,line-1-0990-1210-s034548,,,line-1-0990-1210-s034548 yard-throat,safety
MOS-SW-007,sw-line-1-0990-1210-s034548-yd-05,switch,no-9-mainline,sw-line-1-0990-1210-s034548-yd-05,line-1,MOS-ST-019,line-1-0990-1210-s034548,,,line-1-0990-1210-s034548 yard-throat,safety
MOS-SW-008,sw-line-1-0990-1210-s034548-yd-06,switch,no-9-mainline,sw-line-1-0990-1210-s034548-yd-06,line-1,MOS-ST-019,line-1-0990-1210-s034548,,,line-1-0990-1210-s034548 yard-throat,safety
MOS-SW-009,sw-line-1-0990-1210-s034548-yd-07,switch,no-9-mainline,sw-line-1-0990-1210-s034548-yd-07,line-1,MOS-ST-019,line-1-0990-1210-s034548,,,line-1-0990-1210-s034548 yard-throat,safety
MOS-SW-010,sw-line-1-0990-1210-s034548-yd-08,switch,no-9-mainline,sw-line-1-0990-1210-s034548-yd-08,line-1,MOS-ST-019,line-1-0990-1210-s034548,,,line-1-0990-1210-s034548 yard-throat,safety
MOS-SW-011,sw-line-1-0990-1210-s034548-yd-09,switch,no-9-mainline,sw-line-1-0990-1210-s034548-yd-09,line-1,MOS-ST-019,line-1-0990-1210-s034548,,,line-1-0990-1210-s034548 yard-throat,safety
MOS-SW-012,sw-line-1-0990-1210-s034548-yd-10,switch,no-9-mainline,sw-line-1-0990-1210-s034548-yd-10,line-1,MOS-ST-019,line-1-0990-1210-s034548,,,line-1-0990-1210-s034548 yard-throat,safety
MOS-SW-013,sw-line-1-0990-1210-s034548-yd-11,switch,no-9-mainline,sw-line-1-0990-1210-s034548-yd-11,line-1,MOS-ST-019,line-1-0990-1210-s034548,,,line-1-0990-1210-s034548 yard-throat,safety
MOS-SW-014,sw-line-1-0990-1210-s034548-yd-12,switch,no-9-mainline,sw-line-1-0990-1210-s034548-yd-12,line-1,MOS-ST-019,line-1-0990-1210-s034548,,,line-1-0990-1210-s034548 yard-throat,safety
MOS-SW-015,sw-line-1-0990-1210-s034548-yd-13,switch,no-9-mainline,sw-line-1-0990-1210-s034548-yd-13,line-1,MOS-ST-019,line-1-0990-1210-s034548,,,line-1-0990-1210-s034548 yard-throat,safety
MOS-SW-016,sw-line-1-0990-1210-s034548-yd-14,switch,no-9-mainline,sw-line-1-0990-1210-s034548-yd-14,line-1,MOS-ST-019,line-1-0990-1210-s034548,,,line-1-0990-1210-s034548 yard-throat,safety
MOS-SW-017,sw-line-1-0990-1210-s034548-yd-15,switch,no-9-mainline,sw-line-1-0990-1210-s034548-yd-15,line-1,MOS-ST-019,line-1-0990-1210-s034548,,,line-1-0990-1210-s034548 yard-throat,safety
MOS-SW-018,sw-line-1-0990-1210-s034548-yd-16,switch,no-9-mainline,sw-line-1-0990-1210-s034548-yd-16,line-1,MOS-ST-019,line-1-0990-1210-s034548,,,line-1-0990-1210-s034548 yard-throat,safety
MOS-SW-019,sw-line-1-0990-1210-s034548-yd-17,switch,no-9-mainline,sw-line-1-0990-1210-s034548-yd-17,line-1,MOS-ST-019,line-1-0990-1210-s034548,,,line-1-0990-1210-s034548 yard-throat,safety
MOS-SW-020,sw-line-1-0990-1210-s034548-yd-18,switch,no-9-mainline,sw-line-1-0990-1210-s034548-yd-18,line-1,MOS-ST-019,line-1-0990-1210-s034548,,,line-1-0990-1210-s034548 yard-throat,safety
MOS-SW-021,sw-line-1-0990-1210-s034548-yd-19,switch,no-9-mainline,sw-line-1-0990-1210-s034548-yd-19,line-1,MOS-ST-019,line-1-0990-1210-s034548,,,line-1-0990-1210-s034548 yard-throat,safety
MOS-SW-022,sw-line-1-0990-1210-s034548-yd-20,switch,no-9-mainline,sw-line-1-0990-1210-s034548-yd-20,line-1,MOS-ST-019,line-1-0990-1210-s034548,,,line-1-0990-1210-s034548 yard-throat,safety
MOS-SW-023,sw-line-1-0990-1210-s034548-yd-21,switch,no-9-mainline,sw-line-1-0990-1210-s034548-yd-21,line-1,MOS-ST-019,line-1-0990-1210-s034548,,,line-1-0990-1210-s034548 yard-throat,safety
MOS-SW-024,sw-line-1-0990-1210-s034548-yd-22,switch,no-9-mainline,sw-line-1-0990-1210-s034548-yd-22,line-1,MOS-ST-019,line-1-0990-1210-s034548,,,line-1-0990-1210-s034548 yard-throat,safety
MOS-SW-025,sw-line-1-0990-1210-s034548-yd-23,switch,no-9-mainline,sw-line-1-0990-1210-s034548-yd-23,line-1,MOS-ST-019,line-1-0990-1210-s034548,,,line-1-0990-1210-s034548 yard-throat,safety
MOS-SW-026,sw-line-1-0990-1210-s034548-yd-24,switch,no-9-mainline,sw-line-1-0990-1210-s034548-yd-24,line-1,MOS-ST-019,line-1-0990-1210-s034548,,,line-1-0990-1210-s034548 yard-throat,safety
MOS-SW-027,sw-line-1-0990-1210-s034548-yd-25,switch,no-9-mainline,sw-line-1-0990-1210-s034548-yd-25,line-1,MOS-ST-019,line-1-0990-1210-s034548,,,line-1-0990-1210-s034548 yard-throat,safety
MOS-SW-028,sw-line-1-0990-1210-s034548-yd-26,switch,no-9-mainline,sw-line-1-0990-1210-s034548-yd-26,line-1,MOS-ST-019,line-1-0990-1210-s034548,,,line-1-0990-1210-s034548 yard-throat,safety
MOS-SW-029,sw-line-1-0990-1210-s034548-yd-27,switch,no-9-mainline,sw-line-1-0990-1210-s034548-yd-27,line-1,MOS-ST-019,line-1-0990-1210-s034548,,,line-1-0990-1210-s034548 yard-throat,safety
MOS-SW-030,sw-line-1-0990-1210-s034548-yd-28,switch,no-9-mainline,sw-line-1-0990-1210-s034548-yd-28,line-1,MOS-ST-019,line-1-0990-1210-s034548,,,line-1-0990-1210-s034548 yard-throat,safety
MOS-SW-031,sw-line-1-0990-1210-s034548-yd-29,switch,no-9-mainline,sw-line-1-0990-1210-s034548-yd-29,line-1,MOS-ST-019,line-1-0990-1210-s034548,,,line-1-0990-1210-s034548 yard-throat,safety
MOS-SW-032,sw-line-1-0990-1210-s034548-yd-30,switch,no-9-mainline,sw-line-1-0990-1210-s034548-yd-30,line-1,MOS-ST-019,line-1-0990-1210-s034548,,,line-1-0990-1210-s034548 yard-throat,safety
MOS-SW-033,sw-line-1-0990-1210-s034548-yd-31,switch,no-9-mainline,sw-line-1-0990-1210-s034548-yd-31,line-1,MOS-ST-019,line-1-0990-1210-s034548,,,line-1-0990-1210-s034548 yard-throat,safety
MOS-SW-034,sw-line-1-0990-1210-s034548-yd-32,switch,no-9-mainline,sw-line-1-0990-1210-s034548-yd-32,line-1,MOS-ST-019,line-1-0990-1210-s034548,,,line-1-0990-1210-s034548 yard-throat,safety
MOS-SW-035,sw-line-1-0990-1210-s034548-yd-33,switch,no-9-mainline,sw-line-1-0990-1210-s034548-yd-33,line-1,MOS-ST-019,line-1-0990-1210-s034548,,,line-1-0990-1210-s034548 yard-throat,safety
MOS-SW-036,sw-line-1-0990-1210-s034548-yd-34,switch,no-9-mainline,sw-line-1-0990-1210-s034548-yd-34,line-1,MOS-ST-019,line-1-0990-1210-s034548,,,line-1-0990-1210-s034548 yard-throat,safety
MOS-SW-037,sw-line-1-0990-1210-s034548-yd-35,switch,no-9-mainline,sw-line-1-0990-1210-s034548-yd-35,line-1,MOS-ST-019,line-1-0990-1210-s034548,,,line-1-0990-1210-s034548 yard-throat,safety
MOS-SW-038,sw-line-1-0990-1210-s034548-yd-36,switch,no-9-mainline,sw-line-1-0990-1210-s034548-yd-36,line-1,MOS-ST-019,line-1-0990-1210-s034548,,,line-1-0990-1210-s034548 yard-throat,safety
MOS-SW-039,sw-line-1-0990-1210-s034548-yd-37,switch,no-9-mainline,sw-line-1-0990-1210-s034548-yd-37,line-1,MOS-ST-019,line-1-0990-1210-s034548,,,line-1-0990-1210-s034548 yard-throat,safety
MOS-SW-040,sw-line-1-0990-1210-s034548-yd-38,switch,no-9-mainline,sw-line-1-0990-1210-s034548-yd-38,line-1,MOS-ST-019,line-1-0990-1210-s034548,,,line-1-0990-1210-s034548 yard-throat,safety
MOS-SW-041,sw-line-1-0990-1210-s034548-yd-39,switch,no-9-mainline,sw-line-1-0990-1210-s034548-yd-39,line-1,MOS-ST-019,line-1-0990-1210-s034548,,,line-1-0990-1210-s034548 yard-throat,safety
MOS-SW-042,sw-line-1-0990-1210-s034548-yd-40,switch,no-9-mainline,sw-line-1-0990-1210-s034548-yd-40,line-1,MOS-ST-019,line-1-0990-1210-s034548,,,line-1-0990-1210-s034548 yard-throat,safety
MOS-SW-043,sw-line-1-0990-1210-s034548-yd-41,switch,no-9-mainline,sw-line-1-0990-1210-s034548-yd-41,line-1,MOS-ST-019,line-1-0990-1210-s034548,,,line-1-0990-1210-s034548 yard-throat,safety
MOS-SW-044,sw-line-1-0990-1210-s034548-yd-42,switch,no-9-mainline,sw-line-1-0990-1210-s034548-yd-42,line-1,MOS-ST-019,line-1-0990-1210-s034548,,,line-1-0990-1210-s034548 yard-throat,safety
MOS-SW-045,sw-line-1-0990-1210-s034548-yd-43,switch,no-9-mainline,sw-line-1-0990-1210-s034548-yd-43,line-1,MOS-ST-019,line-1-0990-1210-s034548,,,line-1-0990-1210-s034548 yard-throat,safety
MOS-SW-046,sw-line-1-0990-1210-s034548-yd-44,switch,no-9-mainline,sw-line-1-0990-1210-s034548-yd-44,line-1,MOS-ST-019,line-1-0990-1210-s034548,,,line-1-0990-1210-s034548 yard-throat,safety
MOS-SW-047,sw-line-1-0990-1210-s034548-yd-45,switch,no-9-mainline,sw-line-1-0990-1210-s034548-yd-45,line-1,MOS-ST-019,line-1-0990-1210-s034548,,,line-1-0990-1210-s034548 yard-throat,safety
MOS-SW-048,sw-line-1-0990-1210-s034548-yd-46,switch,no-9-mainline,sw-line-1-0990-1210-s034548-yd-46,line-1,MOS-ST-019,line-1-0990-1210-s034548,,,line-1-0990-1210-s034548 yard-throat,safety
MOS-SW-049,sw-line-1-0990-1210-s034548-yd-47,switch,no-9-mainline,sw-line-1-0990-1210-s034548-yd-47,line-1,MOS-ST-019,line-1-0990-1210-s034548,,,line-1-0990-1210-s034548 yard-throat,safety
MOS-SW-050,sw-line-1-0990-1210-s034548-yd-48,switch,no-9-mainline,sw-line-1-0990-1210-s034548-yd-48,line-1,MOS-ST-019,line-1-0990-1210-s034548,,,line-1-0990-1210-s034548 yard-throat,safety
MOS-SW-051,sw-line-1-0990-1210-s034548-yd-49,switch,no-9-mainline,sw-line-1-0990-1210-s034548-yd-49,line-1,MOS-ST-019,line-1-0990-1210-s034548,,,line-1-0990-1210-s034548 yard-throat,safety
MOS-SW-052,sw-line-1-0990-1210-s034548-yd-50,switch,no-9-mainline,sw-line-1-0990-1210-s034548-yd-50,line-1,MOS-ST-019,line-1-0990-1210-s034548,,,line-1-0990-1210-s034548 yard-throat,safety
MOS-SW-053,sw-line-1-0990-1210-s034548-yd-51,switch,no-9-mainline,sw-line-1-0990-1210-s034548-yd-51,line-1,MOS-ST-019,line-1-0990-1210-s034548,,,line-1-0990-1210-s034548 yard-throat,safety
MOS-SW-054,sw-line-1-0990-1210-s034548-yd-52,switch,no-9-mainline,sw-line-1-0990-1210-s034548-yd-52,line-1,MOS-ST-019,line-1-0990-1210-s034548,,,line-1-0990-1210-s034548 yard-throat,safety
MOS-SW-055,sw-line-2-1100-0681-s000000-tb,switch,no-9-mainline,sw-line-2-1100-0681-s000000-tb,line-2,MOS-ST-020,line-2-1100-0681-s000000,,,line-2-1100-0681-s000000 turnback,safety
MOS-SW-056,sw-line-2-0046-1367-s031090-tb,switch,no-9-mainline,sw-line-2-0046-1367-s031090-tb,line-2,MOS-ST-036,line-2-0046-1367-s031090,,,line-2-0046-1367-s031090 turnback,safety
MOS-SW-057,sw-line-3-1140-1113-s000000-tb,switch,no-9-mainline,sw-line-3-1140-1113-s000000-tb,line-3,MOS-ST-037,line-3-1140-1113-s000000,,,line-3-1140-1113-s000000 turnback,safety
MOS-SW-058,sw-line-3-0473-0064-s029350-tb,switch,no-9-mainline,sw-line-3-0473-0064-s029350-tb,line-3,MOS-ST-050,line-3-0473-0064-s029350,,,line-3-0473-0064-s029350 turnback,safety
MOS-SW-059,sw-line-4-0459-1535-s000000-tb,switch,no-9-mainline,sw-line-4-0459-1535-s000000-tb,line-4,MOS-ST-051,line-4-0459-1535-s000000,,,line-4-0459-1535-s000000 turnback,safety
MOS-SW-060,sw-line-4-0866-0513-s025430-tb,switch,no-9-mainline,sw-line-4-0866-0513-s025430-tb,line-4,MOS-ST-065,line-4-0866-0513-s025430,,,line-4-0866-0513-s025430 turnback,safety
MOS-SW-061,sw-line-5-1090-0900-s000000-tb,switch,no-9-mainline,sw-line-5-1090-0900-s000000-tb,line-5,MOS-ST-066,line-5-1090-0900-s000000,,,line-5-1090-0900-s000000 turnback,safety
MOS-SW-062,sw-line-5-0263-0519-s023878-tb,switch,no-9-mainline,sw-line-5-0263-0519-s023878-tb,line-5,MOS-ST-080,line-5-0263-0519-s023878,,,line-5-0263-0519-s023878 turnback,safety
MOS-DEP-001,depot-line-1-0990-1210-s034548,depot,main-heavy,main-heavy at line-1-0990-1210-s034548,line-1,MOS-ST-019,line-1-0990-1210-s034548,,,line-1-0990-1210-s034548; 52 stalls,service
MOS-PLANT-001,plant-line-1-0990-1210-s034548,depots-production,tooling-fixtures,production/depot tooling at line-1-0990-1210-s034548,line-1,MOS-ST-019,line-1-0990-1210-s034548,,,line-1-0990-1210-s034548,production
MOS-EN-001,energy-line-1-0120-0123-s000000,energy,pv-bess-charger,energy site at line-1-0120-0123-s000000,line-1,MOS-ST-001,line-1-0120-0123-s000000,,,"300 kW PV; 1,500 kWh storage",energy
MOS-EN-002,energy-line-1-0517-0527-s013084,energy,pv-bess-charger,energy site at line-1-0517-0527-s013084,line-1,MOS-ST-006,line-1-0517-0527-s013084,,,"300 kW PV; 1,500 kWh storage",energy
MOS-EN-003,energy-line-1-0554-0607-s015108,energy,pv-bess-charger,energy site at line-1-0554-0607-s015108,line-1,MOS-ST-007,line-1-0554-0607-s015108,,,"300 kW PV; 1,500 kWh storage",energy
MOS-EN-004,energy-line-1-0538-0690-s017130,energy,pv-bess-charger,energy site at line-1-0538-0690-s017130,line-1,MOS-ST-008,line-1-0538-0690-s017130,,,"300 kW PV; 1,500 kWh storage",energy
MOS-EN-005,energy-line-1-0579-0751-s019132,energy,pv-bess-charger,energy site at line-1-0579-0751-s019132,line-1,MOS-ST-009,line-1-0579-0751-s019132,,,"300 kW PV; 1,500 kWh storage",energy
MOS-EN-006,energy-line-1-0651-0810-s021108,energy,pv-bess-charger,energy site at line-1-0651-0810-s021108,line-1,MOS-ST-010,line-1-0651-0810-s021108,,,"300 kW PV; 1,500 kWh storage",energy
MOS-EN-007,energy-line-1-0684-0857-s022321,energy,pv-bess-charger,energy site at line-1-0684-0857-s022321,line-1,MOS-ST-011,line-1-0684-0857-s022321,,,"300 kW PV; 1,500 kWh storage",energy
MOS-EN-008,energy-line-1-0694-0896-s023525,energy,pv-bess-charger,energy site at line-1-0694-0896-s023525,line-1,MOS-ST-012,line-1-0694-0896-s023525,,,"300 kW PV; 1,500 kWh storage",energy
MOS-EN-009,energy-line-1-0727-0976-s025548,energy,pv-bess-charger,energy site at line-1-0727-0976-s025548,line-1,MOS-ST-013,line-1-0727-0976-s025548,,,"300 kW PV; 1,500 kWh storage",energy
MOS-EN-010,energy-line-1-0807-1016-s027550,energy,pv-bess-charger,energy site at line-1-0807-1016-s027550,line-1,MOS-ST-014,line-1-0807-1016-s027550,,,"300 kW PV; 1,500 kWh storage",energy
MOS-EN-011,energy-line-1-0880-1048-s029556,energy,pv-bess-charger,energy site at line-1-0880-1048-s029556,line-1,MOS-ST-015,line-1-0880-1048-s029556,,,"300 kW PV; 1,500 kWh storage",energy
MOS-EN-012,energy-line-1-0943-1106-s031576,energy,pv-bess-charger,energy site at line-1-0943-1106-s031576,line-1,MOS-ST-016,line-1-0943-1106-s031576,,,"300 kW PV; 1,500 kWh storage",energy
MOS-EN-013,energy-line-1-0958-1155-s032958,energy,pv-bess-charger,energy site at line-1-0958-1155-s032958,line-1,MOS-ST-017,line-1-0958-1155-s032958,,,"300 kW PV; 1,500 kWh storage",energy
MOS-EN-014,energy-line-1-0991-1201-s034360,energy,pv-bess-charger,energy site at line-1-0991-1201-s034360,line-1,MOS-ST-018,line-1-0991-1201-s034360,,,"300 kW PV; 1,500 kWh storage",energy
MOS-EN-015,energy-line-1-0990-1210-s034548,energy,pv-bess-charger,energy site at line-1-0990-1210-s034548,line-1,MOS-ST-019,line-1-0990-1210-s034548,,,"5,000 kW PV; 40,000 kWh storage",energy
MOS-EN-016,energy-line-2-1100-0681-s000000,energy,pv-bess-charger,energy site at line-2-1100-0681-s000000,line-2,MOS-ST-020,line-2-1100-0681-s000000,,,"300 kW PV; 1,500 kWh storage",energy
MOS-EN-017,energy-line-2-1024-0634-s002009,energy,pv-bess-charger,energy site at line-2-1024-0634-s002009,line-2,MOS-ST-021,line-2-1024-0634-s002009,,,"300 kW PV; 1,500 kWh storage",energy
MOS-EN-018,energy-line-2-0953-0705-s004017,energy,pv-bess-charger,energy site at line-2-0953-0705-s004017,line-2,MOS-ST-022,line-2-0953-0705-s004017,,,"300 kW PV; 1,500 kWh storage",energy
MOS-EN-019,energy-line-2-0878-0767-s006031,energy,pv-bess-charger,energy site at line-2-0878-0767-s006031,line-2,MOS-ST-023,line-2-0878-0767-s006031,,,"300 kW PV; 1,500 kWh storage",energy
MOS-EN-020,energy-line-2-0827-0790-s007300,energy,pv-bess-charger,energy site at line-2-0827-0790-s007300,line-2,MOS-ST-024,line-2-0827-0790-s007300,,,"300 kW PV; 1,500 kWh storage",energy
MOS-EN-021,energy-line-2-0778-0780-s008679,energy,pv-bess-charger,energy site at line-2-0778-0780-s008679,line-2,MOS-ST-025,line-2-0778-0780-s008679,,,"300 kW PV; 1,500 kWh storage",energy
MOS-EN-022,energy-line-2-0725-0802-s010054,energy,pv-bess-charger,energy site at line-2-0725-0802-s010054,line-2,MOS-ST-026,line-2-0725-0802-s010054,,,"300 kW PV; 1,500 kWh storage",energy
MOS-EN-023,energy-line-2-0706-0855-s011272,energy,pv-bess-charger,energy site at line-2-0706-0855-s011272,line-2,MOS-ST-027,line-2-0706-0855-s011272,,,"300 kW PV; 1,500 kWh storage",energy
MOS-EN-024,energy-line-2-0662-0891-s012497,energy,pv-bess-charger,energy site at line-2-0662-0891-s012497,line-2,MOS-ST-028,line-2-0662-0891-s012497,,,"300 kW PV; 1,500 kWh storage",energy
MOS-EN-025,energy-line-2-0631-0960-s014521,energy,pv-bess-charger,energy site at line-2-0631-0960-s014521,line-2,MOS-ST-029,line-2-0631-0960-s014521,,,"300 kW PV; 1,500 kWh storage",energy
MOS-EN-026,energy-line-2-0593-1033-s016548,energy,pv-bess-charger,energy site at line-2-0593-1033-s016548,line-2,MOS-ST-030,line-2-0593-1033-s016548,,,"300 kW PV; 1,500 kWh storage",energy
MOS-EN-027,energy-line-2-0577-1049-s017000,energy,pv-bess-charger,energy site at line-2-0577-1049-s017000,line-2,MOS-ST-031,line-2-0577-1049-s017000,,,"300 kW PV; 1,500 kWh storage",energy
MOS-EN-028,energy-line-2-0514-1083-s018554,energy,pv-bess-charger,energy site at line-2-0514-1083-s018554,line-2,MOS-ST-032,line-2-0514-1083-s018554,,,"300 kW PV; 1,500 kWh storage",energy
MOS-EN-029,energy-line-2-0046-1367-s031090,energy,pv-bess-charger,energy site at line-2-0046-1367-s031090,line-2,MOS-ST-036,line-2-0046-1367-s031090,,,"300 kW PV; 1,500 kWh storage",energy
MOS-EN-030,energy-line-3-1140-1113-s000000,energy,pv-bess-charger,energy site at line-3-1140-1113-s000000,line-3,MOS-ST-037,line-3-1140-1113-s000000,,,"300 kW PV; 1,500 kWh storage",energy
MOS-EN-031,energy-line-3-1086-1117-s002002,energy,pv-bess-charger,energy site at line-3-1086-1117-s002002,line-3,MOS-ST-038,line-3-1086-1117-s002002,,,"300 kW PV; 1,500 kWh storage",energy
MOS-EN-032,energy-line-3-1030-1076-s004020,energy,pv-bess-charger,energy site at line-3-1030-1076-s004020,line-3,MOS-ST-039,line-3-1030-1076-s004020,,,"300 kW PV; 1,500 kWh storage",energy
MOS-EN-033,energy-line-3-0983-1007-s006034,energy,pv-bess-charger,energy site at line-3-0983-1007-s006034,line-3,MOS-ST-040,line-3-0983-1007-s006034,,,"300 kW PV; 1,500 kWh storage",energy
MOS-EN-034,energy-line-3-0928-0929-s008050,energy,pv-bess-charger,energy site at line-3-0928-0929-s008050,line-3,MOS-ST-041,line-3-0928-0929-s008050,,,"300 kW PV; 1,500 kWh storage",energy
MOS-EN-035,energy-line-3-0877-0851-s010055,energy,pv-bess-charger,energy site at line-3-0877-0851-s010055,line-3,MOS-ST-042,line-3-0877-0851-s010055,,,"300 kW PV; 1,500 kWh storage",energy
MOS-EN-036,energy-line-3-0838-0790-s011599,energy,pv-bess-charger,energy site at line-3-0838-0790-s011599,line-3,MOS-ST-043,line-3-0838-0790-s011599,,,"300 kW PV; 1,500 kWh storage",energy
MOS-EN-037,energy-line-3-0807-0685-s014071,energy,pv-bess-charger,energy site at line-3-0807-0685-s014071,line-3,MOS-ST-044,line-3-0807-0685-s014071,,,"300 kW PV; 1,500 kWh storage",energy
MOS-EN-038,energy-line-3-0794-0585-s016179,energy,pv-bess-charger,energy site at line-3-0794-0585-s016179,line-3,MOS-ST-045,line-3-0794-0585-s016179,,,"300 kW PV; 1,500 kWh storage",energy
MOS-EN-039,energy-line-3-0777-0496-s018100,energy,pv-bess-charger,energy site at line-3-0777-0496-s018100,line-3,MOS-ST-046,line-3-0777-0496-s018100,,,"300 kW PV; 1,500 kWh storage",energy
MOS-EN-040,energy-line-3-0716-0420-s020125,energy,pv-bess-charger,energy site at line-3-0716-0420-s020125,line-3,MOS-ST-047,line-3-0716-0420-s020125,,,"300 kW PV; 1,500 kWh storage",energy
MOS-EN-041,energy-line-3-0473-0064-s029350,energy,pv-bess-charger,energy site at line-3-0473-0064-s029350,line-3,MOS-ST-050,line-3-0473-0064-s029350,,,"300 kW PV; 1,500 kWh storage",energy
MOS-EN-042,energy-line-4-0459-1535-s000000,energy,pv-bess-charger,energy site at line-4-0459-1535-s000000,line-4,MOS-ST-051,line-4-0459-1535-s000000,,,"300 kW PV; 1,500 kWh storage",energy
MOS-EN-043,energy-line-4-0590-1187-s008045,energy,pv-bess-charger,energy site at line-4-0590-1187-s008045,line-4,MOS-ST-054,line-4-0590-1187-s008045,,,"300 kW PV; 1,500 kWh storage",energy
MOS-EN-044,energy-line-4-0643-1117-s009884,energy,pv-bess-charger,energy site at line-4-0643-1117-s009884,line-4,MOS-ST-055,line-4-0643-1117-s009884,,,"300 kW PV; 1,500 kWh storage",energy
MOS-EN-045,energy-line-4-0647-1110-s010057,energy,pv-bess-charger,energy site at line-4-0647-1110-s010057,line-4,MOS-ST-056,line-4-0647-1110-s010057,,,"300 kW PV; 1,500 kWh storage",energy
MOS-EN-046,energy-line-4-0711-1041-s012061,energy,pv-bess-charger,energy site at line-4-0711-1041-s012061,line-4,MOS-ST-057,line-4-0711-1041-s012061,,,"300 kW PV; 1,500 kWh storage",energy
MOS-EN-047,energy-line-4-0774-0981-s014086,energy,pv-bess-charger,energy site at line-4-0774-0981-s014086,line-4,MOS-ST-058,line-4-0774-0981-s014086,,,"300 kW PV; 1,500 kWh storage",energy
MOS-EN-048,energy-line-4-0775-0893-s016086,energy,pv-bess-charger,energy site at line-4-0775-0893-s016086,line-4,MOS-ST-059,line-4-0775-0893-s016086,,,"300 kW PV; 1,500 kWh storage",energy
MOS-EN-049,energy-line-4-0812-0847-s017456,energy,pv-bess-charger,energy site at line-4-0812-0847-s017456,line-4,MOS-ST-060,line-4-0812-0847-s017456,,,"300 kW PV; 1,500 kWh storage",energy
MOS-EN-050,energy-line-4-0827-0790-s018852,energy,pv-bess-charger,energy site at line-4-0827-0790-s018852,line-4,MOS-ST-061,line-4-0827-0790-s018852,,,"300 kW PV; 1,500 kWh storage",energy
MOS-EN-051,energy-line-4-0859-0740-s020117,energy,pv-bess-charger,energy site at line-4-0859-0740-s020117,line-4,MOS-ST-062,line-4-0859-0740-s020117,,,"300 kW PV; 1,500 kWh storage",energy
MOS-EN-052,energy-line-4-0895-0654-s022135,energy,pv-bess-charger,energy site at line-4-0895-0654-s022135,line-4,MOS-ST-063,line-4-0895-0654-s022135,,,"300 kW PV; 1,500 kWh storage",energy
MOS-EN-053,energy-line-4-0895-0554-s024135,energy,pv-bess-charger,energy site at line-4-0895-0554-s024135,line-4,MOS-ST-064,line-4-0895-0554-s024135,,,"300 kW PV; 1,500 kWh storage",energy
MOS-EN-054,energy-line-4-0866-0513-s025430,energy,pv-bess-charger,energy site at line-4-0866-0513-s025430,line-4,MOS-ST-065,line-4-0866-0513-s025430,,,"300 kW PV; 1,500 kWh storage",energy
MOS-EN-055,energy-line-5-1090-0900-s000000,energy,pv-bess-charger,energy site at line-5-1090-0900-s000000,line-5,MOS-ST-066,line-5-1090-0900-s000000,,,"300 kW PV; 1,500 kWh storage",energy
MOS-EN-056,energy-line-5-1105-0869-s002013,energy,pv-bess-charger,energy site at line-5-1105-0869-s002013,line-5,MOS-ST-067,line-5-1105-0869-s002013,,,"300 kW PV; 1,500 kWh storage",energy
MOS-EN-057,energy-line-5-1080-0869-s002513,energy,pv-bess-charger,energy site at line-5-1080-0869-s002513,line-5,MOS-ST-068,line-5-1080-0869-s002513,,,"300 kW PV; 1,500 kWh storage",energy
MOS-EN-058,energy-line-5-1005-0869-s004013,energy,pv-bess-charger,energy site at line-5-1005-0869-s004013,line-5,MOS-ST-069,line-5-1005-0869-s004013,,,"300 kW PV; 1,500 kWh storage",energy
MOS-EN-059,energy-line-5-0905-0870-s006022,energy,pv-bess-charger,energy site at line-5-0905-0870-s006022,line-5,MOS-ST-070,line-5-0905-0870-s006022,,,"300 kW PV; 1,500 kWh storage",energy
MOS-EN-060,energy-line-5-0856-0840-s007318,energy,pv-bess-charger,energy site at line-5-0856-0840-s007318,line-5,MOS-ST-071,line-5-0856-0840-s007318,,,"300 kW PV; 1,500 kWh storage",energy
MOS-EN-061,energy-line-5-0827-0790-s008642,energy,pv-bess-charger,energy site at line-5-0827-0790-s008642,line-5,MOS-ST-072,line-5-0827-0790-s008642,,,"300 kW PV; 1,500 kWh storage",energy
MOS-EN-062,energy-line-5-0770-0773-s010038,energy,pv-bess-charger,energy site at line-5-0770-0773-s010038,line-5,MOS-ST-073,line-5-0770-0773-s010038,,,"300 kW PV; 1,500 kWh storage",energy
MOS-EN-063,energy-line-5-0693-0721-s012054,energy,pv-bess-charger,energy site at line-5-0693-0721-s012054,line-5,MOS-ST-074,line-5-0693-0721-s012054,,,"300 kW PV; 1,500 kWh storage",energy
MOS-EN-064,energy-line-5-0615-0743-s013929,energy,pv-bess-charger,energy site at line-5-0615-0743-s013929,line-5,MOS-ST-075,line-5-0615-0743-s013929,,,"300 kW PV; 1,500 kWh storage",energy
MOS-EN-065,energy-line-5-0609-0744-s014057,energy,pv-bess-charger,energy site at line-5-0609-0744-s014057,line-5,MOS-ST-076,line-5-0609-0744-s014057,,,"300 kW PV; 1,500 kWh storage",energy
MOS-EN-066,energy-line-5-0538-0679-s016074,energy,pv-bess-charger,energy site at line-5-0538-0679-s016074,line-5,MOS-ST-077,line-5-0538-0679-s016074,,,"300 kW PV; 1,500 kWh storage",energy
MOS-EN-067,energy-line-5-0481-0635-s018091,energy,pv-bess-charger,energy site at line-5-0481-0635-s018091,line-5,MOS-ST-078,line-5-0481-0635-s018091,,,"300 kW PV; 1,500 kWh storage",energy
MOS-EN-068,energy-line-5-0263-0519-s023878,energy,pv-bess-charger,energy site at line-5-0263-0519-s023878,line-5,MOS-ST-080,line-5-0263-0519-s023878,,,"300 kW PV; 1,500 kWh storage",energy
MOS-EN-069,energy-line-6-0412-0833-s001499,energy,pv-bess-charger,energy site at line-6-0412-0833-s001499,line-6,MOS-ST-081,line-6-0412-0833-s001499,,,"300 kW PV; 1,500 kWh storage",energy
MOS-EN-070,energy-line-6-0417-0936-s005014,energy,pv-bess-charger,energy site at line-6-0417-0936-s005014,line-6,MOS-ST-083,line-6-0417-0936-s005014,,,"300 kW PV; 1,500 kWh storage",energy
MOS-EN-071,energy-line-6-0505-0965-s007031,energy,pv-bess-charger,energy site at line-6-0505-0965-s007031,line-6,MOS-ST-084,line-6-0505-0965-s007031,,,"300 kW PV; 1,500 kWh storage",energy
MOS-EN-072,energy-line-6-0568-1040-s009053,energy,pv-bess-charger,energy site at line-6-0568-1040-s009053,line-6,MOS-ST-085,line-6-0568-1040-s009053,,,"300 kW PV; 1,500 kWh storage",energy
MOS-EN-073,energy-line-6-0577-1049-s009307,energy,pv-bess-charger,energy site at line-6-0577-1049-s009307,line-6,MOS-ST-086,line-6-0577-1049-s009307,,,"300 kW PV; 1,500 kWh storage",energy
MOS-EN-074,energy-line-6-0635-1110-s011055,energy,pv-bess-charger,energy site at line-6-0635-1110-s011055,line-6,MOS-ST-087,line-6-0635-1110-s011055,,,"300 kW PV; 1,500 kWh storage",energy
MOS-EN-075,energy-line-6-0643-1117-s011273,energy,pv-bess-charger,energy site at line-6-0643-1117-s011273,line-6,MOS-ST-088,line-6-0643-1117-s011273,,,"300 kW PV; 1,500 kWh storage",energy
MOS-EN-076,energy-line-6-0714-1161-s013057,energy,pv-bess-charger,energy site at line-6-0714-1161-s013057,line-6,MOS-ST-089,line-6-0714-1161-s013057,,,"300 kW PV; 1,500 kWh storage",energy
MOS-EN-077,energy-line-6-0730-1239-s015063,energy,pv-bess-charger,energy site at line-6-0730-1239-s015063,line-6,MOS-ST-090,line-6-0730-1239-s015063,,,"300 kW PV; 1,500 kWh storage",energy
MOS-EN-078,energy-line-6-0780-1230-s017086,energy,pv-bess-charger,energy site at line-6-0780-1230-s017086,line-6,MOS-ST-091,line-6-0780-1230-s017086,,,"300 kW PV; 1,500 kWh storage",energy
MOS-EN-079,energy-line-6-0827-1249-s018588,energy,pv-bess-charger,energy site at line-6-0827-1249-s018588,line-6,MOS-ST-092,line-6-0827-1249-s018588,,,"300 kW PV; 1,500 kWh storage",energy
MOS-EN-080,energy-line-6-0977-1225-s022097,energy,pv-bess-charger,energy site at line-6-0977-1225-s022097,line-6,MOS-ST-094,line-6-0977-1225-s022097,,,"300 kW PV; 1,500 kWh storage",energy
MOS-EN-081,energy-line-6-0991-1201-s022799,energy,pv-bess-charger,energy site at line-6-0991-1201-s022799,line-6,MOS-ST-095,line-6-0991-1201-s022799,,,"300 kW PV; 1,500 kWh storage",energy
MOS-EN-082,energy-line-6-1042-1170-s024099,energy,pv-bess-charger,energy site at line-6-1042-1170-s024099,line-6,MOS-ST-096,line-6-1042-1170-s024099,,,"300 kW PV; 1,500 kWh storage",energy
MOS-EN-083,energy-line-6-1158-1124-s029773,energy,pv-bess-charger,energy site at line-6-1158-1124-s029773,line-6,MOS-ST-098,line-6-1158-1124-s029773,,,"300 kW PV; 1,500 kWh storage",energy
MOS-EN-084,energy-line-6-1140-1113-s030351,energy,pv-bess-charger,energy site at line-6-1140-1113-s030351,line-6,MOS-ST-099,line-6-1140-1113-s030351,,,"300 kW PV; 1,500 kWh storage",energy
MOS-EN-085,energy-line-6-1122-1049-s031792,energy,pv-bess-charger,energy site at line-6-1122-1049-s031792,line-6,MOS-ST-100,line-6-1122-1049-s031792,,,"300 kW PV; 1,500 kWh storage",energy
MOS-EN-086,energy-line-6-1102-0957-s033798,energy,pv-bess-charger,energy site at line-6-1102-0957-s033798,line-6,MOS-ST-101,line-6-1102-0957-s033798,,,"300 kW PV; 1,500 kWh storage",energy
MOS-EN-087,energy-line-6-1090-0900-s035037,energy,pv-bess-charger,energy site at line-6-1090-0900-s035037,line-6,MOS-ST-102,line-6-1090-0900-s035037,,,"300 kW PV; 1,500 kWh storage",energy
MOS-EN-088,energy-line-6-1080-0869-s035740,energy,pv-bess-charger,energy site at line-6-1080-0869-s035740,line-6,MOS-ST-103,line-6-1080-0869-s035740,,,"300 kW PV; 1,500 kWh storage",energy
MOS-EN-089,energy-line-6-1065-0776-s037819,energy,pv-bess-charger,energy site at line-6-1065-0776-s037819,line-6,MOS-ST-104,line-6-1065-0776-s037819,,,"300 kW PV; 1,500 kWh storage",energy
MOS-EN-090,energy-line-6-1105-0701-s039833,energy,pv-bess-charger,energy site at line-6-1105-0701-s039833,line-6,MOS-ST-105,line-6-1105-0701-s039833,,,"300 kW PV; 1,500 kWh storage",energy
MOS-EN-091,energy-line-6-1100-0681-s040274,energy,pv-bess-charger,energy site at line-6-1100-0681-s040274,line-6,MOS-ST-106,line-6-1100-0681-s040274,,,"300 kW PV; 1,500 kWh storage",energy
MOS-EN-092,energy-line-6-1060-0622-s041835,energy,pv-bess-charger,energy site at line-6-1060-0622-s041835,line-6,MOS-ST-107,line-6-1060-0622-s041835,,,"300 kW PV; 1,500 kWh storage",energy
MOS-EN-093,energy-line-6-1046-0527-s043851,energy,pv-bess-charger,energy site at line-6-1046-0527-s043851,line-6,MOS-ST-108,line-6-1046-0527-s043851,,,"300 kW PV; 1,500 kWh storage",energy
MOS-EN-094,energy-line-6-1046-0427-s045851,energy,pv-bess-charger,energy site at line-6-1046-0427-s045851,line-6,MOS-ST-109,line-6-1046-0427-s045851,,,"300 kW PV; 1,500 kWh storage",energy
MOS-EN-095,energy-line-6-0981-0462-s047852,energy,pv-bess-charger,energy site at line-6-0981-0462-s047852,line-6,MOS-ST-110,line-6-0981-0462-s047852,,,"300 kW PV; 1,500 kWh storage",energy
MOS-EN-096,energy-line-6-0927-0499-s049867,energy,pv-bess-charger,energy site at line-6-0927-0499-s049867,line-6,MOS-ST-111,line-6-0927-0499-s049867,,,"300 kW PV; 1,500 kWh storage",energy
MOS-EN-097,energy-line-6-0866-0513-s051302,energy,pv-bess-charger,energy site at line-6-0866-0513-s051302,line-6,MOS-ST-112,line-6-0866-0513-s051302,,,"300 kW PV; 1,500 kWh storage",energy
MOS-EN-098,energy-line-6-0846-0533-s051868,energy,pv-bess-charger,energy site at line-6-0846-0533-s051868,line-6,MOS-ST-113,line-6-0846-0533-s051868,,,"300 kW PV; 1,500 kWh storage",energy
MOS-EN-099,energy-line-6-0794-0584-s053330,energy,pv-bess-charger,energy site at line-6-0794-0584-s053330,line-6,MOS-ST-114,line-6-0794-0584-s053330,,,"300 kW PV; 1,500 kWh storage",energy
MOS-EN-100,energy-line-6-0773-0597-s053870,energy,pv-bess-charger,energy site at line-6-0773-0597-s053870,line-6,MOS-ST-115,line-6-0773-0597-s053870,,,"300 kW PV; 1,500 kWh storage",energy
MOS-EN-101,energy-line-6-0716-0670-s055872,energy,pv-bess-charger,energy site at line-6-0716-0670-s055872,line-6,MOS-ST-116,line-6-0716-0670-s055872,,,"300 kW PV; 1,500 kWh storage",energy
MOS-EN-102,energy-line-6-0640-0729-s057881,energy,pv-bess-charger,energy site at line-6-0640-0729-s057881,line-6,MOS-ST-117,line-6-0640-0729-s057881,,,"300 kW PV; 1,500 kWh storage",energy
MOS-EN-103,energy-line-6-0615-0743-s058509,energy,pv-bess-charger,energy site at line-6-0615-0743-s058509,line-6,MOS-ST-118,line-6-0615-0743-s058509,,,"300 kW PV; 1,500 kWh storage",energy
MOS-EN-104,energy-line-6-0579-0751-s059311,energy,pv-bess-charger,energy site at line-6-0579-0751-s059311,line-6,MOS-ST-119,line-6-0579-0751-s059311,,,"300 kW PV; 1,500 kWh storage",energy
MOS-EN-105,energy-line-6-0562-0768-s059898,energy,pv-bess-charger,energy site at line-6-0562-0768-s059898,line-6,MOS-ST-120,line-6-0562-0768-s059898,,,"300 kW PV; 1,500 kWh storage",energy
MOS-EN-106,energy-line-6-0476-0743-s061919,energy,pv-bess-charger,energy site at line-6-0476-0743-s061919,line-6,MOS-ST-121,line-6-0476-0743-s061919,,,"300 kW PV; 1,500 kWh storage",energy
MOS-STR-001,junction-0,structure,elevated-interchange,elevated interchange group 0,line-5,MOS-SYS-001,,,,"36.403088, 43.104029",safety
MOS-STR-002,junction-1,structure,elevated-interchange,elevated interchange group 1,line-6,MOS-SYS-001,,,,"36.395710, 43.117636",safety
MOS-STR-003,junction-2,structure,elevated-interchange,elevated interchange group 2,line-2,MOS-SYS-001,,,,"36.376813, 43.141282",safety
MOS-STR-004,junction-3,structure,elevated-interchange,elevated interchange group 3,line-6,MOS-SYS-001,,,,"36.321564, 43.218017",safety
MOS-STR-005,junction-4,structure,elevated-interchange,elevated interchange group 4,line-6,MOS-SYS-001,,,,"36.301947, 43.102021",safety
MOS-STR-006,junction-6,structure,elevated-interchange,elevated interchange group 6,line-6,MOS-SYS-001,,,,"36.393190, 43.180542",safety
MOS-STR-007,junction-7,structure,elevated-interchange,elevated interchange group 7,line-6,MOS-SYS-001,,,,"36.294749, 43.198387",safety
MOS-STR-008,junction-9,structure,elevated-interchange,elevated interchange group 9,line-6,MOS-SYS-001,,,,"36.384192, 43.199280",safety
MOS-SIG-001,systems-line-1-0120-0123-s000000,signalling-comms,station-node,station systems node line-1-0120-0123-s000000,line-1,MOS-ST-001,line-1-0120-0123-s000000,0.000,0.000,"36.478314, 42.977549",safety
MOS-SIG-002,systems-line-1-0143-0234-s002522,signalling-comms,station-node,station systems node line-1-0143-0234-s002522,line-1,MOS-ST-002,line-1-0143-0234-s002522,2.522,2.522,"36.474175, 43.002310",safety
MOS-SIG-003,systems-line-1-0217-0326-s005022,signalling-comms,station-node,station systems node line-1-0217-0326-s005022,line-1,MOS-ST-003,line-1-0217-0326-s005022,5.022,5.022,"36.460857, 43.022832",safety
MOS-SIG-004,systems-line-1-0324-0433-s008048,signalling-comms,station-node,station systems node line-1-0324-0433-s008048,line-1,MOS-ST-004,line-1-0324-0433-s008048,8.048,8.048,"36.441601, 43.046700",safety
MOS-SIG-005,systems-line-1-0442-0496-s011062,signalling-comms,station-node,station systems node line-1-0442-0496-s011062,line-1,MOS-ST-005,line-1-0442-0496-s011062,11.062,11.062,"36.420365, 43.060754",safety
MOS-SIG-006,systems-line-1-0517-0527-s013084,signalling-comms,station-node,station systems node line-1-0517-0527-s013084,line-1,MOS-ST-006,line-1-0517-0527-s013084,13.084,13.084,"36.406868, 43.067669",safety
MOS-SIG-007,systems-line-1-0554-0607-s015108,signalling-comms,station-node,station systems node line-1-0554-0607-s015108,line-1,MOS-ST-007,line-1-0554-0607-s015108,15.108,15.108,"36.400209, 43.085514",safety
MOS-SIG-008,systems-line-1-0538-0690-s017130,signalling-comms,station-node,station systems node line-1-0538-0690-s017130,line-1,MOS-ST-008,line-1-0538-0690-s017130,17.130,17.130,"36.403088, 43.104029",safety
MOS-SIG-009,systems-line-1-0579-0751-s019132,signalling-comms,station-node,station systems node line-1-0579-0751-s019132,line-1,MOS-ST-009,line-1-0579-0751-s019132,19.132,19.132,"36.395710, 43.117636",safety
MOS-SIG-010,systems-line-1-0651-0810-s021108,signalling-comms,station-node,station systems node line-1-0651-0810-s021108,line-1,MOS-ST-010,line-1-0651-0810-s021108,21.108,21.108,"36.382752, 43.130797",safety
MOS-SIG-011,systems-line-1-0684-0857-s022321,signalling-comms,station-node,station systems node line-1-0684-0857-s022321,line-1,MOS-ST-011,line-1-0684-0857-s022321,22.321,22.321,"36.376813, 43.141282",safety
MOS-SIG-012,systems-line-1-0694-0896-s023525,signalling-comms,station-node,station systems node line-1-0694-0896-s023525,line-1,MOS-ST-012,line-1-0694-0896-s023525,23.526,23.526,"36.375013, 43.149981",safety
MOS-SIG-013,systems-line-1-0727-0976-s025548,signalling-comms,station-node,station systems node line-1-0727-0976-s025548,line-1,MOS-ST-013,line-1-0727-0976-s025548,25.548,25.548,"36.369075, 43.167827",safety
MOS-SIG-014,systems-line-1-0807-1016-s027550,signalling-comms,station-node,station systems node line-1-0807-1016-s027550,line-1,MOS-ST-014,line-1-0807-1016-s027550,27.550,27.550,"36.354677, 43.176750",safety
MOS-SIG-015,systems-line-1-0880-1048-s029556,signalling-comms,station-node,station systems node line-1-0880-1048-s029556,line-1,MOS-ST-015,line-1-0880-1048-s029556,29.556,29.556,"36.341540, 43.183888",safety
MOS-SIG-016,systems-line-1-0943-1106-s031576,signalling-comms,station-node,station systems node line-1-0943-1106-s031576,line-1,MOS-ST-016,line-1-0943-1106-s031576,31.576,31.576,"36.330202, 43.196826",safety
MOS-SIG-017,systems-line-1-0958-1155-s032958,signalling-comms,station-node,station systems node line-1-0958-1155-s032958,line-1,MOS-ST-017,line-1-0958-1155-s032958,32.958,32.958,"36.327502, 43.207756",safety
MOS-SIG-018,systems-line-1-0991-1201-s034360,signalling-comms,station-node,station systems node line-1-0991-1201-s034360,line-1,MOS-ST-018,line-1-0991-1201-s034360,34.360,34.360,"36.321564, 43.218017",safety
MOS-SIG-019,systems-line-1-0990-1210-s034548,signalling-comms,station-node,station systems node line-1-0990-1210-s034548,line-1,MOS-ST-019,line-1-0990-1210-s034548,34.548,34.548,"36.321744, 43.220025",safety
MOS-SIG-020,systems-line-2-1100-0681-s000000,signalling-comms,station-node,station systems node line-2-1100-0681-s000000,line-2,MOS-ST-020,line-2-1100-0681-s000000,0.000,0.000,"36.301947, 43.102021",safety
MOS-SIG-021,systems-line-2-1024-0634-s002009,signalling-comms,station-node,station systems node line-2-1024-0634-s002009,line-2,MOS-ST-021,line-2-1024-0634-s002009,2.009,2.009,"36.315625, 43.091537",safety
MOS-SIG-022,systems-line-2-0953-0705-s004017,signalling-comms,station-node,station systems node line-2-0953-0705-s004017,line-2,MOS-ST-022,line-2-0953-0705-s004017,4.017,4.017,"36.328402, 43.107375",safety
MOS-SIG-023,systems-line-2-0878-0767-s006031,signalling-comms,station-node,station systems node line-2-0878-0767-s006031,line-2,MOS-ST-023,line-2-0878-0767-s006031,6.031,6.031,"36.341900, 43.121205",safety
MOS-SIG-024,systems-line-2-0827-0790-s007300,signalling-comms,station-node,station systems node line-2-0827-0790-s007300,line-2,MOS-ST-024,line-2-0827-0790-s007300,7.300,7.300,"36.351078, 43.126336",safety
MOS-SIG-025,systems-line-2-0778-0780-s008679,signalling-comms,station-node,station systems node line-2-0778-0780-s008679,line-2,MOS-ST-025,line-2-0778-0780-s008679,8.679,8.679,"36.359896, 43.124105",safety
MOS-SIG-026,systems-line-2-0725-0802-s010054,signalling-comms,station-node,station systems node line-2-0725-0802-s010054,line-2,MOS-ST-026,line-2-0725-0802-s010054,10.054,10.054,"36.369435, 43.129013",safety
MOS-SIG-027,systems-line-2-0706-0855-s011272,signalling-comms,station-node,station systems node line-2-0706-0855-s011272,line-2,MOS-ST-027,line-2-0706-0855-s011272,11.272,11.272,"36.372854, 43.140835",safety
MOS-SIG-028,systems-line-2-0662-0891-s012497,signalling-comms,station-node,station systems node line-2-0662-0891-s012497,line-2,MOS-ST-028,line-2-0662-0891-s012497,12.497,12.497,"36.380772, 43.148866",safety
MOS-SIG-029,systems-line-2-0631-0960-s014521,signalling-comms,station-node,station systems node line-2-0631-0960-s014521,line-2,MOS-ST-029,line-2-0631-0960-s014521,14.521,14.521,"36.386351, 43.164258",safety
MOS-SIG-030,systems-line-2-0593-1033-s016548,signalling-comms,station-node,station systems node line-2-0593-1033-s016548,line-2,MOS-ST-030,line-2-0593-1033-s016548,16.548,16.548,"36.393190, 43.180542",safety
MOS-SIG-031,systems-line-2-0577-1049-s017000,signalling-comms,station-node,station systems node line-2-0577-1049-s017000,line-2,MOS-ST-031,line-2-0577-1049-s017000,17.000,17.000,"36.396070, 43.184111",safety
MOS-SIG-032,systems-line-2-0514-1083-s018554,signalling-comms,station-node,station systems node line-2-0514-1083-s018554,line-2,MOS-ST-032,line-2-0514-1083-s018554,18.554,18.554,"36.407407, 43.191695",safety
MOS-SIG-033,systems-line-2-0386-1138-s021569,signalling-comms,station-node,station systems node line-2-0386-1138-s021569,line-2,MOS-ST-033,line-2-0386-1138-s021569,21.570,21.570,"36.430443, 43.203964",safety
MOS-SIG-034,systems-line-2-0258-1192-s024577,signalling-comms,station-node,station systems node line-2-0258-1192-s024577,line-2,MOS-ST-034,line-2-0258-1192-s024577,24.577,24.577,"36.453479, 43.216010",safety
MOS-SIG-035,systems-line-2-0165-1286-s027830,signalling-comms,station-node,station systems node line-2-0165-1286-s027830,line-2,MOS-ST-035,line-2-0165-1286-s027830,27.830,27.830,"36.470216, 43.236978",safety
MOS-SIG-036,systems-line-2-0046-1367-s031090,signalling-comms,station-node,station systems node line-2-0046-1367-s031090,line-2,MOS-ST-036,line-2-0046-1367-s031090,31.090,31.090,"36.491632, 43.255047",safety
MOS-SIG-037,systems-line-3-1140-1113-s000000,signalling-comms,station-node,station systems node line-3-1140-1113-s000000,line-3,MOS-ST-037,line-3-1140-1113-s000000,0.000,0.000,"36.294749, 43.198387",safety
MOS-SIG-038,systems-line-3-1086-1117-s002002,signalling-comms,station-node,station systems node line-3-1086-1117-s002002,line-3,MOS-ST-038,line-3-1086-1117-s002002,2.002,2.002,"36.304467, 43.199280",safety
MOS-SIG-039,systems-line-3-1030-1076-s004020,signalling-comms,station-node,station systems node line-3-1030-1076-s004020,line-3,MOS-ST-039,line-3-1030-1076-s004020,4.021,4.021,"36.314545, 43.190134",safety
MOS-SIG-040,systems-line-3-0983-1007-s006034,signalling-comms,station-node,station systems node line-3-0983-1007-s006034,line-3,MOS-ST-040,line-3-0983-1007-s006034,6.034,6.034,"36.323003, 43.174742",safety
MOS-SIG-041,systems-line-3-0928-0929-s008050,signalling-comms,station-node,station systems node line-3-0928-0929-s008050,line-3,MOS-ST-041,line-3-0928-0929-s008050,8.050,8.050,"36.332901, 43.157343",safety
MOS-SIG-042,systems-line-3-0877-0851-s010055,signalling-comms,station-node,station systems node line-3-0877-0851-s010055,line-3,MOS-ST-042,line-3-0877-0851-s010055,10.055,10.055,"36.342080, 43.139943",safety
MOS-SIG-043,systems-line-3-0838-0790-s011599,signalling-comms,station-node,station systems node line-3-0838-0790-s011599,line-3,MOS-ST-043,line-3-0838-0790-s011599,11.598,11.598,"36.349098, 43.126336",safety
MOS-SIG-044,systems-line-3-0807-0685-s014071,signalling-comms,station-node,station systems node line-3-0807-0685-s014071,line-3,MOS-ST-044,line-3-0807-0685-s014071,14.071,14.071,"36.354677, 43.102914",safety
MOS-SIG-045,systems-line-3-0794-0585-s016179,signalling-comms,station-node,station systems node line-3-0794-0585-s016179,line-3,MOS-ST-045,line-3-0794-0585-s016179,16.179,16.179,"36.357017, 43.080607",safety
MOS-SIG-046,systems-line-3-0777-0496-s018100,signalling-comms,station-node,station systems node line-3-0777-0496-s018100,line-3,MOS-ST-046,line-3-0777-0496-s018100,18.100,18.100,"36.360076, 43.060754",safety
MOS-SIG-047,systems-line-3-0716-0420-s020125,signalling-comms,station-node,station systems node line-3-0716-0420-s020125,line-3,MOS-ST-047,line-3-0716-0420-s020125,20.125,20.125,"36.371054, 43.043800",safety
MOS-SIG-048,systems-line-3-0667-0291-s023139,signalling-comms,station-node,station systems node line-3-0667-0291-s023139,line-3,MOS-ST-048,line-3-0667-0291-s023139,23.139,23.139,"36.379873, 43.015025",safety
MOS-SIG-049,systems-line-3-0572-0180-s026146,signalling-comms,station-node,station systems node line-3-0572-0180-s026146,line-3,MOS-ST-049,line-3-0572-0180-s026146,26.146,26.146,"36.396969, 42.990264",safety
MOS-SIG-050,systems-line-3-0473-0064-s029350,signalling-comms,station-node,station systems node line-3-0473-0064-s029350,line-3,MOS-ST-050,line-3-0473-0064-s029350,29.350,29.350,"36.414786, 42.964388",safety
MOS-SIG-051,systems-line-4-0459-1535-s000000,signalling-comms,station-node,station systems node line-4-0459-1535-s000000,line-4,MOS-ST-051,line-4-0459-1535-s000000,0.000,0.000,"36.417306, 43.292522",safety
MOS-SIG-052,systems-line-4-0506-1404-s003009,signalling-comms,station-node,station systems node line-4-0506-1404-s003009,line-4,MOS-ST-052,line-4-0506-1404-s003009,3.009,3.009,"36.408847, 43.263300",safety
MOS-SIG-053,systems-line-4-0552-1272-s006030,signalling-comms,station-node,station systems node line-4-0552-1272-s006030,line-4,MOS-ST-053,line-4-0552-1272-s006030,6.030,6.030,"36.400569, 43.233855",safety
MOS-SIG-054,systems-line-4-0590-1187-s008045,signalling-comms,station-node,station systems node line-4-0590-1187-s008045,line-4,MOS-ST-054,line-4-0590-1187-s008045,8.045,8.045,"36.393730, 43.214894",safety
MOS-SIG-055,systems-line-4-0643-1117-s009884,signalling-comms,station-node,station systems node line-4-0643-1117-s009884,line-4,MOS-ST-055,line-4-0643-1117-s009884,9.884,9.884,"36.384192, 43.199280",safety
MOS-SIG-056,systems-line-4-0647-1110-s010057,signalling-comms,station-node,station systems node line-4-0647-1110-s010057,line-4,MOS-ST-056,line-4-0647-1110-s010057,10.057,10.057,"36.383472, 43.197718",safety
MOS-SIG-057,systems-line-4-0711-1041-s012061,signalling-comms,station-node,station systems node line-4-0711-1041-s012061,line-4,MOS-ST-057,line-4-0711-1041-s012061,12.061,12.061,"36.371954, 43.182326",safety
MOS-SIG-058,systems-line-4-0774-0981-s014086,signalling-comms,station-node,station systems node line-4-0774-0981-s014086,line-4,MOS-ST-058,line-4-0774-0981-s014086,14.086,14.086,"36.360616, 43.168942",safety
MOS-SIG-059,systems-line-4-0775-0893-s016086,signalling-comms,station-node,station systems node line-4-0775-0893-s016086,line-4,MOS-ST-059,line-4-0775-0893-s016086,16.086,16.086,"36.360436, 43.149312",safety
MOS-SIG-060,systems-line-4-0812-0847-s017456,signalling-comms,station-node,station systems node line-4-0812-0847-s017456,line-4,MOS-ST-060,line-4-0812-0847-s017456,17.456,17.456,"36.353777, 43.139051",safety
MOS-SIG-061,systems-line-4-0827-0790-s018852,signalling-comms,station-node,station systems node line-4-0827-0790-s018852,line-4,MOS-ST-061,line-4-0827-0790-s018852,18.852,18.852,"36.351078, 43.126336",safety
MOS-SIG-062,systems-line-4-0859-0740-s020117,signalling-comms,station-node,station systems node line-4-0859-0740-s020117,line-4,MOS-ST-062,line-4-0859-0740-s020117,20.117,20.117,"36.345319, 43.115183",safety
MOS-SIG-063,systems-line-4-0895-0654-s022135,signalling-comms,station-node,station systems node line-4-0895-0654-s022135,line-4,MOS-ST-063,line-4-0895-0654-s022135,22.135,22.135,"36.338840, 43.095999",safety
MOS-SIG-064,systems-line-4-0895-0554-s024135,signalling-comms,station-node,station systems node line-4-0895-0554-s024135,line-4,MOS-ST-064,line-4-0895-0554-s024135,24.135,24.135,"36.338840, 43.073692",safety
MOS-SIG-065,systems-line-4-0866-0513-s025430,signalling-comms,station-node,station systems node line-4-0866-0513-s025430,line-4,MOS-ST-065,line-4-0866-0513-s025430,25.430,25.430,"36.344059, 43.064546",safety
MOS-SIG-066,systems-line-5-1090-0900-s000000,signalling-comms,station-node,station systems node line-5-1090-0900-s000000,line-5,MOS-ST-066,line-5-1090-0900-s000000,0.000,0.000,"36.303747, 43.150874",safety
MOS-SIG-067,systems-line-5-1105-0869-s002013,signalling-comms,station-node,station systems node line-5-1105-0869-s002013,line-5,MOS-ST-067,line-5-1105-0869-s002013,2.013,2.013,"36.301047, 43.143958",safety
MOS-SIG-068,systems-line-5-1080-0869-s002513,signalling-comms,station-node,station systems node line-5-1080-0869-s002513,line-5,MOS-ST-068,line-5-1080-0869-s002513,2.513,2.513,"36.305547, 43.143958",safety
MOS-SIG-069,systems-line-5-1005-0869-s004013,signalling-comms,station-node,station systems node line-5-1005-0869-s004013,line-5,MOS-ST-069,line-5-1005-0869-s004013,4.013,4.013,"36.319044, 43.143958",safety
MOS-SIG-070,systems-line-5-0905-0870-s006022,signalling-comms,station-node,station systems node line-5-0905-0870-s006022,line-5,MOS-ST-070,line-5-0905-0870-s006022,6.022,6.022,"36.337041, 43.144181",safety
MOS-SIG-071,systems-line-5-0856-0840-s007318,signalling-comms,station-node,station systems node line-5-0856-0840-s007318,line-5,MOS-ST-071,line-5-0856-0840-s007318,7.319,7.319,"36.345859, 43.137489",safety
MOS-SIG-072,systems-line-5-0827-0790-s008642,signalling-comms,station-node,station systems node line-5-0827-0790-s008642,line-5,MOS-ST-072,line-5-0827-0790-s008642,8.642,8.642,"36.351078, 43.126336",safety
MOS-SIG-073,systems-line-5-0770-0773-s010038,signalling-comms,station-node,station systems node line-5-0770-0773-s010038,line-5,MOS-ST-073,line-5-0770-0773-s010038,10.038,10.038,"36.361336, 43.122544",safety
MOS-SIG-074,systems-line-5-0693-0721-s012054,signalling-comms,station-node,station systems node line-5-0693-0721-s012054,line-5,MOS-ST-074,line-5-0693-0721-s012054,12.054,12.054,"36.375193, 43.110944",safety
MOS-SIG-075,systems-line-5-0615-0743-s013929,signalling-comms,station-node,station systems node line-5-0615-0743-s013929,line-5,MOS-ST-075,line-5-0615-0743-s013929,13.929,13.929,"36.389231, 43.115852",safety
MOS-SIG-076,systems-line-5-0609-0744-s014057,signalling-comms,station-node,station systems node line-5-0609-0744-s014057,line-5,MOS-ST-076,line-5-0609-0744-s014057,14.057,14.057,"36.390311, 43.116075",safety
MOS-SIG-077,systems-line-5-0538-0679-s016074,signalling-comms,station-node,station systems node line-5-0538-0679-s016074,line-5,MOS-ST-077,line-5-0538-0679-s016074,16.074,16.074,"36.403088, 43.101575",safety
MOS-SIG-078,systems-line-5-0481-0635-s018091,signalling-comms,station-node,station systems node line-5-0481-0635-s018091,line-5,MOS-ST-078,line-5-0481-0635-s018091,18.091,18.091,"36.413346, 43.091760",safety
MOS-SIG-079,systems-line-5-0368-0573-s021092,signalling-comms,station-node,station systems node line-5-0368-0573-s021092,line-5,MOS-ST-079,line-5-0368-0573-s021092,21.092,21.092,"36.433682, 43.077930",safety
MOS-SIG-080,systems-line-5-0263-0519-s023878,signalling-comms,station-node,station systems node line-5-0263-0519-s023878,line-5,MOS-ST-080,line-5-0263-0519-s023878,23.878,23.878,"36.452579, 43.065884",safety
MOS-SIG-081,systems-line-6-0412-0833-s001499,signalling-comms,station-node,station systems node line-6-0412-0833-s001499,line-6,MOS-ST-081,line-6-0412-0833-s001499,1.499,1.499,"36.425764, 43.135928",safety
MOS-SIG-082,systems-line-6-0375-0883-s003005,signalling-comms,station-node,station systems node line-6-0375-0883-s003005,line-6,MOS-ST-082,line-6-0375-0883-s003005,3.005,3.005,"36.432423, 43.147081",safety
MOS-SIG-083,systems-line-6-0417-0936-s005014,signalling-comms,station-node,station systems node line-6-0417-0936-s005014,line-6,MOS-ST-083,line-6-0417-0936-s005014,5.014,5.014,"36.424864, 43.158904",safety
MOS-SIG-084,systems-line-6-0505-0965-s007031,signalling-comms,station-node,station systems node line-6-0505-0965-s007031,line-6,MOS-ST-084,line-6-0505-0965-s007031,7.031,7.031,"36.409027, 43.165373",safety
MOS-SIG-085,systems-line-6-0568-1040-s009053,signalling-comms,station-node,station systems node line-6-0568-1040-s009053,line-6,MOS-ST-085,line-6-0568-1040-s009053,9.053,9.053,"36.397689, 43.182103",safety
MOS-SIG-086,systems-line-6-0577-1049-s009307,signalling-comms,station-node,station systems node line-6-0577-1049-s009307,line-6,MOS-ST-086,line-6-0577-1049-s009307,9.307,9.307,"36.396070, 43.184111",safety
MOS-SIG-087,systems-line-6-0635-1110-s011055,signalling-comms,station-node,station systems node line-6-0635-1110-s011055,line-6,MOS-ST-087,line-6-0635-1110-s011055,11.055,11.055,"36.385632, 43.197718",safety
MOS-SIG-088,systems-line-6-0643-1117-s011273,signalling-comms,station-node,station systems node line-6-0643-1117-s011273,line-6,MOS-ST-088,line-6-0643-1117-s011273,11.273,11.273,"36.384192, 43.199280",safety
MOS-SIG-089,systems-line-6-0714-1161-s013057,signalling-comms,station-node,station systems node line-6-0714-1161-s013057,line-6,MOS-ST-089,line-6-0714-1161-s013057,13.057,13.057,"36.371414, 43.209095",safety
MOS-SIG-090,systems-line-6-0730-1239-s015063,signalling-comms,station-node,station systems node line-6-0730-1239-s015063,line-6,MOS-ST-090,line-6-0730-1239-s015063,15.063,15.063,"36.368535, 43.226494",safety
MOS-SIG-091,systems-line-6-0780-1230-s017086,signalling-comms,station-node,station systems node line-6-0780-1230-s017086,line-6,MOS-ST-091,line-6-0780-1230-s017086,17.086,17.086,"36.359536, 43.224486",safety
MOS-SIG-092,systems-line-6-0827-1249-s018588,signalling-comms,station-node,station systems node line-6-0827-1249-s018588,line-6,MOS-ST-092,line-6-0827-1249-s018588,18.588,18.588,"36.351078, 43.228725",safety
MOS-SIG-093,systems-line-6-0899-1254-s020086,signalling-comms,station-node,station systems node line-6-0899-1254-s020086,line-6,MOS-ST-093,line-6-0899-1254-s020086,20.086,20.086,"36.338120, 43.229840",safety
MOS-SIG-094,systems-line-6-0977-1225-s022097,signalling-comms,station-node,station systems node line-6-0977-1225-s022097,line-6,MOS-ST-094,line-6-0977-1225-s022097,22.097,22.097,"36.324083, 43.223371",safety
MOS-SIG-095,systems-line-6-0991-1201-s022799,signalling-comms,station-node,station systems node line-6-0991-1201-s022799,line-6,MOS-ST-095,line-6-0991-1201-s022799,22.799,22.799,"36.321564, 43.218017",safety
MOS-SIG-096,systems-line-6-1042-1170-s024099,signalling-comms,station-node,station systems node line-6-1042-1170-s024099,line-6,MOS-ST-096,line-6-1042-1170-s024099,24.099,24.099,"36.312385, 43.211102",safety
MOS-SIG-097,systems-line-6-1177-1190-s027116,signalling-comms,station-node,station systems node line-6-1177-1190-s027116,line-6,MOS-ST-097,line-6-1177-1190-s027116,27.116,27.116,"36.288090, 43.215564",safety
MOS-SIG-098,systems-line-6-1158-1124-s029773,signalling-comms,station-node,station systems node line-6-1158-1124-s029773,line-6,MOS-ST-098,line-6-1158-1124-s029773,29.773,29.773,"36.291509, 43.200841",safety
MOS-SIG-099,systems-line-6-1140-1113-s030351,signalling-comms,station-node,station systems node line-6-1140-1113-s030351,line-6,MOS-ST-099,line-6-1140-1113-s030351,30.351,30.351,"36.294749, 43.198387",safety
MOS-SIG-100,systems-line-6-1122-1049-s031792,signalling-comms,station-node,station systems node line-6-1122-1049-s031792,line-6,MOS-ST-100,line-6-1122-1049-s031792,31.792,31.792,"36.297988, 43.184111",safety
MOS-SIG-101,systems-line-6-1102-0957-s033798,signalling-comms,station-node,station systems node line-6-1102-0957-s033798,line-6,MOS-ST-101,line-6-1102-0957-s033798,33.798,33.798,"36.301587, 43.163588",safety
MOS-SIG-102,systems-line-6-1090-0900-s035037,signalling-comms,station-node,station systems node line-6-1090-0900-s035037,line-6,MOS-ST-102,line-6-1090-0900-s035037,35.037,35.037,"36.303747, 43.150874",safety
MOS-SIG-103,systems-line-6-1080-0869-s035740,signalling-comms,station-node,station systems node line-6-1080-0869-s035740,line-6,MOS-ST-103,line-6-1080-0869-s035740,35.740,35.740,"36.305547, 43.143958",safety
MOS-SIG-104,systems-line-6-1065-0776-s037819,signalling-comms,station-node,station systems node line-6-1065-0776-s037819,line-6,MOS-ST-104,line-6-1065-0776-s037819,37.819,37.819,"36.308246, 43.123213",safety
MOS-SIG-105,systems-line-6-1105-0701-s039833,signalling-comms,station-node,station systems node line-6-1105-0701-s039833,line-6,MOS-ST-105,line-6-1105-0701-s039833,39.833,39.833,"36.301047, 43.106483",safety
MOS-SIG-106,systems-line-6-1100-0681-s040274,signalling-comms,station-node,station systems node line-6-1100-0681-s040274,line-6,MOS-ST-106,line-6-1100-0681-s040274,40.274,40.274,"36.301947, 43.102021",safety
MOS-SIG-107,systems-line-6-1060-0622-s041835,signalling-comms,station-node,station systems node line-6-1060-0622-s041835,line-6,MOS-ST-107,line-6-1060-0622-s041835,41.835,41.835,"36.309146, 43.088860",safety
MOS-SIG-108,systems-line-6-1046-0527-s043851,signalling-comms,station-node,station systems node line-6-1046-0527-s043851,line-6,MOS-ST-108,line-6-1046-0527-s043851,43.851,43.851,"36.311665, 43.067669",safety
MOS-SIG-109,systems-line-6-1046-0427-s045851,signalling-comms,station-node,station systems node line-6-1046-0427-s045851,line-6,MOS-ST-109,line-6-1046-0427-s045851,45.851,45.851,"36.311665, 43.045362",safety
MOS-SIG-110,systems-line-6-0981-0462-s047852,signalling-comms,station-node,station systems node line-6-0981-0462-s047852,line-6,MOS-ST-110,line-6-0981-0462-s047852,47.852,47.852,"36.323363, 43.053169",safety
MOS-SIG-111,systems-line-6-0927-0499-s049867,signalling-comms,station-node,station systems node line-6-0927-0499-s049867,line-6,MOS-ST-111,line-6-0927-0499-s049867,49.867,49.867,"36.333081, 43.061423",safety
MOS-SIG-112,systems-line-6-0866-0513-s051302,signalling-comms,station-node,station systems node line-6-0866-0513-s051302,line-6,MOS-ST-112,line-6-0866-0513-s051302,51.302,51.302,"36.344059, 43.064546",safety
MOS-SIG-113,systems-line-6-0846-0533-s051868,signalling-comms,station-node,station systems node line-6-0846-0533-s051868,line-6,MOS-ST-113,line-6-0846-0533-s051868,51.868,51.868,"36.347659, 43.069007",safety
MOS-SIG-114,systems-line-6-0794-0584-s053330,signalling-comms,station-node,station systems node line-6-0794-0584-s053330,line-6,MOS-ST-114,line-6-0794-0584-s053330,53.330,53.330,"36.357017, 43.080384",safety
MOS-SIG-115,systems-line-6-0773-0597-s053870,signalling-comms,station-node,station systems node line-6-0773-0597-s053870,line-6,MOS-ST-115,line-6-0773-0597-s053870,53.870,53.870,"36.360796, 43.083284",safety
MOS-SIG-116,systems-line-6-0716-0670-s055872,signalling-comms,station-node,station systems node line-6-0716-0670-s055872,line-6,MOS-ST-116,line-6-0716-0670-s055872,55.872,55.872,"36.371054, 43.099568",safety
MOS-SIG-117,systems-line-6-0640-0729-s057881,signalling-comms,station-node,station systems node line-6-0640-0729-s057881,line-6,MOS-ST-117,line-6-0640-0729-s057881,57.881,57.881,"36.384732, 43.112729",safety
MOS-SIG-118,systems-line-6-0615-0743-s058509,signalling-comms,station-node,station systems node line-6-0615-0743-s058509,line-6,MOS-ST-118,line-6-0615-0743-s058509,58.509,58.509,"36.389231, 43.115852",safety
MOS-SIG-119,systems-line-6-0579-0751-s059311,signalling-comms,station-node,station systems node line-6-0579-0751-s059311,line-6,MOS-ST-119,line-6-0579-0751-s059311,59.312,59.312,"36.395710, 43.117636",safety
MOS-SIG-120,systems-line-6-0562-0768-s059898,signalling-comms,station-node,station systems node line-6-0562-0768-s059898,line-6,MOS-ST-120,line-6-0562-0768-s059898,59.898,59.898,"36.398769, 43.121428",safety
MOS-SIG-121,systems-line-6-0476-0743-s061919,signalling-comms,station-node,station systems node line-6-0476-0743-s061919,line-6,MOS-ST-121,line-6-0476-0743-s061919,61.919,61.919,"36.414246, 43.115852",safety
